region_means,region_thetas,region_zero_probs,region_lengths
5.840665254860257,3.341999743287167,0.7019208096150606,908.1236209361651
14.61342881511848,1.9087720568236668,0.8454876216415714,331.1458292306404
12.161718809270548,1.3996892100178628,0.8959936360056192,456.36859058958606
36.87750879941513,8.364549444490777,0.7066980095303241,320.0743058699767
13.946704081338526,9.649797613922473,0.7967268816759695,145.9454189308121
31.86092003216923,4.381455447457367,0.9235031585800709,798.9965982559105
19.642787634639298,8.886361771676942,0.7492359948513347,417.2048067457688
31.505975723633313,0.026702262136284377,0.8012240847817229,707.9784583672553
18.790734012727818,7.691945839589211,0.7453645166025996,636.2532071144966
11.746555043950583,5.134522281542996,0.7470620651449309,202.57879247895272
9.818483732029366,9.482841546494326,0.7269015159762062,211.9376339808957
36.37756172641246,7.59934070963122,0.8580147464156445,664.8007087849091
21.186972684323983,5.6668018007259064,0.899161917268654,485.48638760811457
36.754077034625396,5.9820324994873655,0.7635019999322136,681.0341556542865
29.599001137331086,9.85991643271955,0.8966720185204006,271.48214197980604
29.65567209935855,2.657399996071386,0.7722416433132602,871.0973356802313
18.708427308456315,2.140225828829004,0.8419428974325517,877.2757790121738
33.01075088113595,7.52904840069436,0.9480717588272614,777.0639020332547
39.25443359827386,4.834963126260187,0.7231345872281119,655.8995753252909
13.563898891086817,0.6639474865083159,0.7103954872827053,184.70231949668957
5.637614964842461,3.773038939665319,0.774071626750163,865.895546922585
0.0,5.7019912306683445,0.7898302574977308,169.06849446624528
35.244015015959164,1.7314863892372436,0.8623743436564912,275.70059246271927
16.944914031965602,6.752943490871935,0.7090832647801018,541.1689973891004
26.078672018899937,4.509255038898675,0.7438684824860956,264.20069938739556
9.032536847476099,6.952807871561164,0.7655108524165973,759.2406782211376
20.096608745026945,8.957178827197316,0.7720749231050921,662.4691182324784
19.429717496240215,4.873174905644546,0.8880320875468525,103.82842830625651
20.1980319656964,6.263864108410922,0.9235188321082876,203.65955875508075
0.0,4.028097955919767,0.9424523969645792,689.828919948176
38.8786836471045,4.802072334372595,0.7648678707852514,894.20347811476
39.92651776963108,0.7023145239966189,0.910338146360866,569.7241810914795
16.197751059422053,3.2029522497846026,0.8092665379709396,267.1670716216963
12.572190598088287,2.5194843236309103,0.8740293029865217,575.5278466459185
17.149834086978135,3.85175231608762,0.9007027982739209,684.8597944974233
17.34904048874751,1.572025015698797,0.9366302524627809,514.5288710655389
36.3055645938325,1.0051247230851157,0.7131402648897299,165.56099284964267
16.445384775238566,6.0854068373298125,0.7918452331681092,951.4704718415057
20.13940366729826,6.45079027644131,0.8810015680235888,111.46531928496688
25.19769824439122,4.6682195823315125,0.8307755348053059,59.505083767393145
0.0,6.525062265603882,0.8344367102016202,235.8865524072424
37.95031980299715,6.082370821859516,0.8422183961366794,971.335394333649
36.797014890681254,6.964808003138568,0.8255511315901746,172.21736200444542
14.528187505706745,1.8115839160066358,0.9483509753987927,868.143835600256
0.0,4.392537131056508,0.9386521637683553,514.1141399655542
36.27639118822436,6.00117170567307,0.7309805654045891,311.5958953067405
4.7912753895557145,3.428346952586239,0.709393345249612,957.20432534937
13.898061337824648,7.446322538438461,0.7523125220706255,471.93488753454983
24.292642863507066,0.7137626262721329,0.719737590858893,844.8742559202813
17.69929591358644,6.886165400726669,0.8063505925490195,459.83768191388185
32.504053817547685,0.57920153080563,0.8680897595113017,226.31808439684607
0.0,0.5262487486814705,0.7078249820232758,903.7940299656716
22.212889602139196,5.9790768449635,0.7439139444226088,932.1626242632817
10.883267176611724,0.7986165301802367,0.7059949244815038,442.0036232305043
38.648635610749416,2.462371089866913,0.8089349193959489,577.4427274267498
19.2471483683424,6.872103485143802,0.818359787769598,492.74454032814805
9.51588038554989,2.243368000841325,0.85841326065627,503.2434720003458
15.37947138504259,2.1475660050221106,0.7178723366273465,771.2883377202475
24.12435971437548,3.6045683969946425,0.8834070811645909,435.2405600421101
16.582958124416834,4.619128305639525,0.8610285424657249,123.03523203016678
38.619936477282714,7.575805475586311,0.7323604565734245,516.8153299019425
27.060728747374323,6.047067718489979,0.7448410008044721,563.8849167730793
1.8279711285940428,2.8893659742276543,0.8542649425982997,881.0028697986091
0.0,3.99980404649698,0.8585786385615417,340.19877941859266
17.3299077502162,4.786196883293397,0.8284022000850431,261.7290259642259
33.62410913772511,2.262838097593684,0.8861289418077885,651.9808287851373
33.70833721224855,1.90656048187388,0.7160245485122095,175.30652601047254
12.201096502257553,0.2811970941658299,0.8164196468664533,398.1031216433725
25.111889118082754,2.6196012759457794,0.7470576270659279,578.6116329054158
36.556346801428354,5.257974603921753,0.8357362353863695,890.5084459780599
6.420673768925188,0.3669732541374653,0.7379338884995063,699.2378925859464
24.111711420197455,6.574530236678591,0.7453743466780534,567.2685851337659
29.572519253677807,4.21854520208671,0.8433589378375137,643.8724708366958
25.839014438952486,0.89903586155031,0.819765472384407,121.30647757590012
27.917020114317356,8.47583183147031,0.7989265104180522,709.7694104828832
0.0,0.22978193110380396,0.9029492551749579,79.59704085609314
26.8163688256453,1.038929596682489,0.8605629588614843,957.568419175539
6.975090395106244,6.8792976555094,0.809062486421986,760.9316789891925
17.974708579744107,7.768758741272215,0.7350530588724332,828.7793508452022
6.570649749623086,3.752119813032823,0.7982805471926342,307.1750315208945
9.20143452843762,4.339901003097678,0.7491340942626817,263.7909220195197
31.366946568371944,8.671344428709196,0.8974916949843346,960.1094416379044
12.48478864902749,3.2592905040444813,0.9137125867316762,931.7966377251224
11.698777011588493,2.685064869370199,0.8297301208857439,753.0989283462312
16.437799005735528,0.5553119490118628,0.8979176862631865,120.40979067554495
13.607199440633284,6.7846438783253245,0.922658894953328,826.2361883543738
14.223261692151263,6.331546310149312,0.9251957593184945,815.174128636479
6.230392977153611,3.6484884409905614,0.7197553878182932,156.452512122579
20.098545557465215,9.912776781215346,0.732389693959897,647.4748054813601
26.375560233529306,9.423987376235408,0.7196806849307784,466.39923608570683
36.06166453669936,7.405747983584263,0.8340549804201349,184.78979671079802
3.678493170610293,6.820161486382336,0.7713794565876552,811.4936635984485
29.638700510783945,4.498595907825658,0.7539491814595944,385.0290990198605
12.191604195585183,3.234074866326179,0.9048601014979323,595.0446989363212
30.04530980699873,2.896891431824589,0.939114282317186,135.47160419260135
32.528964456157965,9.723900712811716,0.8035210806772461,487.12023842189234
25.037507157687426,3.5390342674693107,0.7669017308843584,925.0303634090092
31.710127251825504,7.866568280016135,0.7524538782555106,458.2665954239275
0.3351502727099107,2.5230893343330645,0.821691050269723,443.02578409913235
13.34632110383644,4.691072962609484,0.7041434390125761,373.1416745479061
38.21667452551225,7.4574002623942,0.8214484744615227,427.3250681877095
5.462959302532425,9.549027677869326,0.7816533923732316,696.4354868079694
25.016933725821563,9.795734351157002,0.9356033011719443,422.89623803408784
30.0332775410534,7.932113683652867,0.8457465628899334,694.1941052410234
9.497439932816617,6.160671720877488,0.918009948233149,406.23543849695403
19.215824469389503,9.77705036060496,0.7956346607049114,742.7054155916983
13.018009585157468,3.1964109248237755,0.9288906885134978,666.2747908619951
21.840418310176887,4.927723372151402,0.7605519741482587,218.31462008527964
17.359790607291583,3.022261389103696,0.864410446983672,835.3639373830874
33.83612056008415,6.098201540404357,0.7558972574278601,376.32982712485324
32.660237674842286,7.943952882787541,0.7634249376024348,434.56119143937195
19.288686352995164,8.065025224406698,0.8701506820542249,553.3680105978743
0.0,5.266411682361938,0.7502133298441804,290.00874631836626
32.341710715698824,7.407415792691379,0.8651535783834234,67.97061755065378
39.744095714995304,5.261708489811234,0.876710040162511,490.27190189024475
32.22825675784019,6.385730407937656,0.8017392466456683,366.37779525541254
10.465342125720422,6.923699821588498,0.725053887307253,41.363070651279656
8.230579921494536,1.8351160734804255,0.9146955255929577,484.25959682884394
23.93904358900913,2.451580198524243,0.71856175384579,634.9108543127202
19.923136657819207,4.214026607071831,0.8484466695427427,92.21145644624261
38.728885584251586,9.758068415526994,0.8672304335391241,416.0731431973565
16.64663082503621,9.269828807565343,0.7021420294208468,66.53048844675698
30.384871459675317,8.10192783932151,0.7672696195090389,450.5165979846634
22.555513022368725,4.969745983121283,0.9034221778457733,774.5105914002011
5.642846943427508,1.2024218285942414,0.7185994483681637,378.5475508405714
31.090057549358416,1.322411999871279,0.9078582098122451,459.09128341486405
16.302884046967986,7.509224006288216,0.7895671000108987,486.9907695024007
26.246056439427733,2.7671512051497644,0.8164629409026131,686.427105207687
23.142574639288803,0.05865573205435426,0.9439333447378906,254.6761720290459
1.3475429822242868,6.931327645027996,0.9219977010603333,130.5024393059426
9.90375097065608,7.054968712911079,0.7421415599434003,467.89247417594277
14.367319120791668,5.380144256482048,0.8698998693913136,479.0376070437963
3.348615892298376,1.424589060783915,0.7858350241560805,152.5364263320242
17.99481208864007,6.792040621032373,0.9218865641264025,542.1697988388818
27.767045807795892,3.4288817433733048,0.818598776223555,243.75982284889645
28.697042577036754,0.6439105505433708,0.9275392224792847,271.21128603926655
21.981939076848754,7.483031326525321,0.8208278915766247,424.45255617434464
9.03961949714583,4.310324858290109,0.7516423023259617,857.751561759719
25.492247286150576,3.2865723295179823,0.8371153685699386,55.66221628007334
23.485115820582735,5.432982969846257,0.7455759235735537,151.88830636170064
24.049181774202967,8.019752383555991,0.8257793453936236,890.7915827587063
17.42168302279355,1.1599048333389073,0.9030344803150393,767.1528104595153
32.81063059450731,2.811008437440442,0.8390811560262355,544.4930834418825
14.160297219295852,6.089551243743739,0.8784370960803071,651.8692473030025
38.03937800810322,4.935818583352501,0.9030478372172931,888.1606748331096
26.837148131845804,9.979239605508551,0.8129942550254622,264.44004863387414
36.48780470325858,8.439896672235607,0.9079120886322474,196.52093072754366
11.630943859328342,8.723339735048993,0.7735962371784728,288.7562756062656
26.136349211123086,3.0886802929944346,0.8486300281083883,546.6598613077507
17.138766809953108,8.615341128740807,0.7253724290110286,846.3768876646178
8.826179455344842,3.3672906415174393,0.9250621840395855,201.68911621494453
27.432870922912926,0.8846356628133272,0.7905958342798081,656.8347935936175
0.0,3.0793493337978504,0.8499110549980959,419.93901442069495
1.3684497957934043,9.532463500293531,0.7512842529690995,497.43141312824156
12.263506490008771,8.054453403612976,0.873908439402344,804.5014141292631
23.488163720132448,8.51396790076088,0.7698752700755835,806.6950931137429
32.45036858713726,5.174756740579363,0.7580742362221153,334.3129225042373
31.190233974048525,0.29186691911715024,0.7644945070055137,72.36688021381958
39.47133405553715,7.71887190367372,0.8080355882760705,296.98413556884054
22.41963652675525,8.868554985466258,0.8101994081321054,892.0088670335786
5.441334865568072,0.30029780140130324,0.7716408156936045,50.82251960059825
34.329107466515005,1.9593814689565516,0.909351763116974,926.505621656873
38.14117663354525,3.9797587898900706,0.7652432169882867,335.16706217530543
26.277311889367766,9.908641803613465,0.8164102032920268,213.49840699193732
24.554184609550973,5.951381199434273,0.9100106328604679,409.7526791099051
35.440637828996714,8.108614704883525,0.8114877207913483,959.883757873053
23.855253545119663,8.285328549013427,0.8861086705686115,304.92530874854486
0.0,2.5789249396165634,0.7040074600191462,407.5358089946486
38.793027948164806,1.5241616435266585,0.7359786270884527,954.9017371253439
0.0,6.771255141134633,0.8885986667031989,780.8906612284511
30.375608311190025,9.04024412418728,0.9386142770114433,939.6600764047727
36.21370188295641,0.8183794040899388,0.9329720903662905,240.77885325978866
36.77033049391845,8.657899396710013,0.8885777860649491,752.6262378562419
12.7960571696829,6.2433138993606665,0.7371821515159238,317.93564328433445
36.517254880524334,8.355196931100561,0.8547002232116092,791.0509112908275
39.41113678865155,5.213904159067735,0.7461557745559569,370.1723458570357
35.40252136031016,0.015903329609430153,0.9162345765945676,665.4484939667942
19.310223657648553,1.301239475081838,0.7427717629205592,108.34572996460835
21.624080931918073,8.58171559476253,0.857890737878443,716.6810903226002
20.713164790734606,5.3839475072168375,0.8118186116835322,366.1786504755152
8.90455045398857,8.800178160041309,0.7009207865366051,326.71148512508967
31.56464203415687,1.4823140503353844,0.929505011451214,506.9095835748521
32.10167801155901,5.236395375968235,0.8598258644541206,207.9386391044431
15.89049719749867,0.3603975066682701,0.7943935976488556,702.6066086046008
2.2411962898028115,6.950406793203204,0.8361553510594657,940.4294022834285
32.90197713263387,3.9601904856518337,0.8442189147735121,634.9955548253065
17.744597302267458,3.037561752130696,0.8790821058337075,340.67222343632875
28.93731159247107,5.129711754063273,0.7501036033142537,718.691894991275
3.8254147618607752,1.0606368903079855,0.8225710329896119,504.7187193576834
0.0,9.752992974651722,0.8379793486563959,484.91080899603503
32.02785944661024,7.484769006002527,0.9255053208722295,949.5189143407142
10.752592246262406,0.8607109146082517,0.8126281401084787,596.6869843346173
23.243798490045236,2.5706415615249525,0.7374333261629452,330.1230067876669
32.902910360992514,5.705904993664176,0.7284095062243627,863.6564010807245
32.21583827501714,7.894171754360639,0.7252914607147477,551.323223483497
39.8624083420216,0.8574414481398189,0.8286545035622377,319.95127155477326
9.801872571335863,1.566411616806984,0.9016816536404337,56.026968848368845
7.148860823808483,7.333298454110456,0.8042900089377143,204.20683627486628
13.626258851140044,1.4086427544195839,0.794675123766783,194.61706114587557
15.795831722711231,7.000085562950634,0.8787104997717842,570.6433108434348
34.6958846622421,7.129685318937655,0.7339584722320968,239.44348894282157
21.516813505673625,7.058913959490223,0.7070271084754998,940.3987317329555
0.0,7.152347583325972,0.8956012102176691,106.395244026082
0.0,5.0459390166788,0.8531706811174554,150.76908843801561
4.567803607541956,3.2210071210066262,0.9405765558983674,391.4090918367447
2.378733826105462,5.714527376547988,0.8853630031066817,625.3464756712403
7.627107523784352,7.167034750354608,0.9328755751692592,120.71668509162038
6.973841176163299,1.9431658978637674,0.7756378063865061,462.8738681456892
8.171355787110599,5.5489653303321,0.9022123717017501,277.5764857816746
0.0,2.015694426490707,0.7494434893886839,538.326964712037
31.939161943695442,0.1927634724495953,0.8316786427635743,408.1365127332969
32.285259718810735,5.315192846284886,0.8085926296639184,939.4834793772291
37.50689569689708,3.8067192425001175,0.8162671844085191,739.2797822098809
20.688229294430844,1.1972221346740004,0.807480485195722,51.70503632687151
6.361795464411411,8.734258733946076,0.7638341921550834,861.046965281189
5.195804055606172,9.568476729863795,0.901092576043649,125.32101398949038
6.8539540592667745,0.5998745502330899,0.9332496298114065,735.9592633005777
0.0,3.213096329430909,0.8973355423595427,524.3401314602113
2.089362533886881,3.9731804219350875,0.8985886969406993,818.2922218150328
38.84219922253684,1.4896121843492247,0.8114582481072599,748.6823533035666
9.523327240972195,5.010608896308965,0.9222855809780922,742.913137866821
30.31418915780092,2.1393968975053306,0.7090932505886162,921.0009350303554
11.795761398294514,7.277063168994371,0.7606876240587186,880.9190200291621
10.564135511702442,6.494865600937082,0.93442615526936,540.1305061863163
0.0,2.802165591993904,0.7762880303137025,177.40140551549615
29.330286174828107,5.170971117589594,0.9196880461555955,242.69108618598565
36.15215743668387,9.052292932198231,0.8139950982728211,808.3666520846549
19.69219925538647,2.4631340878944843,0.9290426546643324,209.2282942852595
8.173443560490433,5.0279744490087666,0.8383196223668631,528.3949557750617
0.0,1.9265243747495582,0.8540427525057652,463.86107031503
20.577137932610658,3.325827591869943,0.8962021531290068,335.1249946686142
1.723618123261302,5.430089755467185,0.8481615601927592,707.8826387988546
7.805982120475577,9.398705931332437,0.8030671825624596,960.8476984924515
0.0,2.038350338135102,0.8233989532820373,66.37558378670431
29.618622288248336,5.377301047824832,0.7975278086655424,584.1331806725408
28.99400761818489,3.1786351179029646,0.8334963066995672,601.9045891033207
24.802083716702633,6.245857618288416,0.7365330994963036,821.3561200939698
30.346349972059514,5.1858456725385205,0.8327625021271348,468.2959379935161
4.811781704410055,6.0271965073865434,0.8051460967359246,451.0490429458132
33.34632371377446,1.040331773285386,0.7175880514712834,796.8565383622051
30.38356802438539,8.665578264776824,0.7461222522206827,202.55251434564167
37.288348325157216,7.788092530555168,0.7296095792693262,209.71783599024621
7.73529567189853,6.356611083175891,0.8386005963222352,283.797825795446
35.74215808858813,4.533714370778291,0.8152355442252468,158.3471957981973
25.127317403230744,6.920890501974861,0.7827172073279718,974.9657037331568
7.084372584406854,7.3952102595405345,0.9477177418156786,465.7982597335809
35.05343858447427,1.198424945059656,0.8800038517961083,634.2175056660496
20.071339249424906,6.748470287886397,0.9362635184247108,202.98994634321463
0.0,5.358563369248712,0.7666612950177438,60.43678024571733
4.8880341052227845,1.5933294305669834,0.7915490403067638,104.7477511665381
31.733125723101168,6.052007836079709,0.7015194751205542,900.9297378889771
9.518229217852596,7.541258103350909,0.7597533751913906,624.4268853178523
13.248570898346504,9.108882521441766,0.737594088072224,911.5228808404601
35.394044630498776,4.127533377249656,0.8120693615192995,379.4184104519907
0.0,2.696925020684508,0.9253167200898376,308.7916251285432
3.2962861252070854,8.271207690706515,0.8367108784920353,163.57220120270108
0.0,0.2910946891439321,0.9102179557262511,522.5221688368861
19.913095102419998,5.114576926406651,0.9462642394186446,291.17491103808555
23.74177691240673,9.377947244569423,0.7123067625840152,295.6524808048157
19.97733675870329,7.5675256413854095,0.8212877081653339,900.7537388482278
18.57208142146808,7.026554641977265,0.930525614828696,645.8378361899996
0.0,5.74405765492944,0.8757578298755202,863.5841870951298
26.725095991386084,3.247167085278277,0.8504839269091639,838.9283415838282
10.667047428552127,7.806561394405112,0.7022733158139027,67.76169580123451
17.960987489136603,6.580574598858453,0.7916082503392049,377.16647154348266
7.081039703876483,7.823628707817422,0.7994128621781984,989.1606844725287
38.48835226512913,8.327301630157942,0.7448271587388441,802.3237139833034
29.032753931896167,9.169562306209533,0.7509335669212049,767.6464079743495
37.467140258382415,8.9539562380553,0.920997719273978,413.2430191705429
39.55829579514175,5.274678207844643,0.749548155124957,182.0143661097816
24.346198719721325,0.7979407471871194,0.8286145152711032,77.58163860029202
19.10295315919976,7.545025541573372,0.914119414787683,961.9239323403822
8.854270562896483,9.746036002117894,0.9243263167321615,92.44239063171982
1.8860819172782404,6.559274081736719,0.7445313589673029,544.3834205922767
28.733387878013495,6.533563794568,0.856966040848665,620.0658787695845
39.63482938700376,8.175649881916506,0.8520612190484219,639.4369318852281
6.443705217954515,7.0885729210142525,0.8385469050668262,996.5754676554591
35.100965850225585,7.399020094037255,0.9012948413654551,114.16611043123697
2.243175478254943,4.860976336617748,0.8329958724072678,238.66440327158725
24.809435661284407,4.760258510152153,0.9347320808129007,814.8668940456132
4.700639991735613,1.8655672838412765,0.81989055637811,483.29557986318173
19.785387568897708,3.277374632105608,0.866024607033349,945.8889708247714
39.56707673536155,8.743925254285786,0.7746928000738951,961.9920645687723
38.292351624613126,2.486946458972219,0.8114706960741127,857.4976738209003
27.037904960198208,8.295044756949977,0.8825343095130717,449.857338691202
15.457036031338696,8.028817426775982,0.8712828592087258,676.2291133127858
18.812409610332605,3.23807433707428,0.8753554241660186,295.9480695869247
4.17160752832516,7.37428444138528,0.9102454186027398,686.3237001374031
12.919060725328015,0.5307313103081819,0.8341578224231956,94.82261293765094
25.58243942494689,5.134482210387628,0.7386614997698422,64.95723740494245
0.0,3.201362341312723,0.8369318795400652,888.0105483675312
0.0,6.706095361597111,0.9340466113623888,723.1772210913686
28.724039490457507,8.222443142628459,0.8843011842801677,428.6806737450093
21.376480764126338,2.2196142172433233,0.8916504393799988,689.3800353594047
0.0,1.0902763270065707,0.7834019020666084,982.9346636576461
33.462234208031276,4.269003014071697,0.8755619982351655,117.01596164773804
38.7913225089604,9.694885549268829,0.8537782545323458,565.3645516357062
29.344090839813266,6.560488662177834,0.8039652030061799,283.02307998205083
35.49070175130031,9.037816494029492,0.8083367404465669,481.88801675329245
24.26980450218765,1.6099346465493098,0.8665573917583359,147.81980742162577
23.68658667422737,8.360177757040182,0.8104103535059275,883.4468966765086
23.717703170547562,6.019980994215465,0.7275777912725172,904.4009735183753
15.291435575947746,5.708359842345647,0.7924604542541535,668.1710112181198
0.0,2.103869602128811,0.8544732978543781,966.0771545359574
6.19272232877365,3.758589496179222,0.757039309938869,144.7194751459571
9.88772433751224,2.682752422500194,0.9100072055965875,725.5051593887139
37.884774088010666,2.1628128392060186,0.7000228475542305,279.4482458167647
37.25378080190547,2.236346537130249,0.8551116404692369,279.6296792270612
0.0,6.559168342857667,0.7078592071790253,923.5209923116595
8.136770982812694,8.894545622420647,0.8938164481591508,457.00489702748075
9.356696967401938,4.3790624446537825,0.8836631243298961,427.308145216602
10.816558989306282,6.9226841639942185,0.9079183791428257,144.81209258607177
5.747487858373821,0.9106363030292279,0.8359805253832605,314.43309231921177
0.0,3.1456942933542784,0.7990418354516662,921.3105440214508
39.129908302320686,4.65100123960185,0.8183423711280815,855.3504820633851
25.198788393880186,6.680449329928343,0.7856478737313433,115.18008436371346
27.192986501266596,1.6830262603958601,0.8523122071302552,390.28314250743557
23.73817592053835,3.6227817332685195,0.9425409298742362,941.2425365232679
31.006034455987326,4.018718451556667,0.7999381965169334,895.4038198839921
30.85607059021268,7.856817696002692,0.7935141369844256,784.0848915527404
0.0,8.155689551877431,0.7250435208531344,613.9321894004339
0.0,1.699668924447514,0.7764717890650976,544.7674798402942
33.56717907570625,6.633944074999635,0.9093283623506165,550.2055113263755
33.39348663410938,0.36936040246632906,0.7499748538735628,950.9766342566406
25.818124009917177,2.8725110052043643,0.92455197403554,200.2149953878719
0.0,6.626524230051208,0.8543464589090317,219.70819527873027
0.0,7.413534601317885,0.7155022990742358,349.7291242680097
0.0,7.116024936808211,0.8189305128886426,385.57848948923953
0.0,7.253041226821706,0.8609546150091989,789.5994561430634
28.758069873985875,0.34600451732361104,0.861894301673914,201.819336403031
3.8011767566301606,3.9158079842499154,0.7877867365340269,984.0501351937899
3.9048169773179544,0.7925938489395256,0.8185397902986458,699.5695455379798
18.619139920029394,4.664198142796134,0.7523649041831569,953.8690752185598
0.5322108024926314,7.2481864833052825,0.934721769172599,262.8983920196494
0.0,6.363362354972813,0.8819001424319289,393.6329908197392
31.417432391808198,4.587742500646779,0.8797974294838304,963.213866052423
8.508756507617731,0.4532189115908674,0.7799148986396809,961.751368918637
8.179137700724096,4.271683645481377,0.8234688070594154,576.9484717489814
31.550356345649416,8.325974481049107,0.8648240276959132,796.046897512927
25.81223934584087,4.612022648266786,0.8986422606131995,335.27603693380223
14.474263763811443,8.053821121013781,0.8706110565690879,390.74852233661284
38.20740091554705,3.6438342832017825,0.8061195912649354,273.304861603722
33.08544645848118,4.588482441757054,0.8066405678870858,636.7374832420072
27.091421777564825,9.005136157995077,0.747488796141613,391.99687233197017
9.073295886513735,3.4192120998335263,0.8221448499820163,233.75293551930122
0.0,8.877625868629572,0.7125801862283314,331.6513314645445
26.077128583229346,7.657262797455564,0.9401372749742254,178.4269482175298
6.5778209913225,5.417959602361563,0.7729276317842849,907.2291617189402
35.75546255628455,3.550667860860936,0.8600906654014366,522.4875082928885
11.245223037273108,1.4026652551752232,0.7896329055062319,623.2839578745456
0.0,3.0868037257040197,0.7592262269361754,105.4425104913388
11.329215373682695,5.463101116812081,0.9469497338961802,468.19310318088645
3.6429235465002967,3.802286448689341,0.7203878496685967,666.3520334675001
18.762582196441606,5.143508935316858,0.8760477423203851,323.1439276821337
13.343265251260913,9.172744764509877,0.8287176576066753,855.5048340018221
0.8105067051692179,3.165548827730326,0.9110519920508352,593.7421706948641
1.0528939180797,1.6376828935848367,0.9021013107029228,996.9486599842212
29.28097990294343,8.248506400152122,0.7258847485808614,581.1404386025
16.863757978331094,9.785655053605895,0.8292215354394242,429.5321534666957
7.029679023184624,9.639271841024236,0.9100912700243772,777.4941975068909
12.910802847874548,6.701325901954972,0.7791597528044393,496.11661500770384
30.35179527021246,4.887648760619871,0.7333471744053612,827.105998388823
10.85796940758075,4.232513719501609,0.7145607152812464,254.29010394580462
26.28333205170302,1.7683110331282454,0.7953807669039012,76.58487131891502
33.35365451008932,6.693971775677938,0.9494450469494438,941.4515919131339
3.48061175487882,6.109810525834167,0.7592610462445872,89.2508817669518
11.495135629788617,7.521534731446569,0.8393509880502659,811.128276967173
31.447206394357583,0.6619631316529643,0.7045592839066867,946.4805864922109
19.166396736633917,5.71959071833821,0.8912804309987626,436.31184164907773
8.236955722758571,5.142577258167482,0.9069583938858021,398.1148821749143
0.10082400149345207,7.616579467083096,0.7878610388248156,393.03632383768786
15.563371197168133,2.896662355760811,0.7507577792652377,998.3557148406292
0.9969682944557248,0.9913891655584988,0.8476529434934609,238.3170394877185
23.244755215219154,0.926318374832484,0.8741451974759539,802.6699390727646
0.0,9.999867224752697,0.7148588884891645,72.74745496651616
0.0,9.174788188139782,0.7513777662132466,279.9256067866111
28.561721291924034,4.687904565282261,0.9007377988133085,457.8643546974214
0.0,6.285170257699009,0.7276117414622175,268.9395629281822
8.399718444760753,0.8052619704865293,0.9207458576343824,777.6712141396766
2.3701462531975275,2.9159987597873718,0.8725244450111462,439.6018728419009
6.852307984699147,9.475337451215818,0.8523897154938599,934.5475584729967
6.1872256999992405,6.405211752462483,0.7112299804699029,64.29163095487883
2.2423462702068178,3.470477918179655,0.8083147313980013,686.712818149296
2.884708117868614,8.488341435307994,0.7543417694888527,74.81030382459537
18.915581488914725,7.661232483198634,0.7734825329631907,745.0205897202533
25.85257735438502,5.428809474135459,0.7014807735486002,999.2703511884646
31.240943792422293,4.024712954841523,0.7148872738502439,836.3770366576279
34.51360651247399,8.503133548469567,0.8811487101157351,721.319459144595
22.159210299845206,4.209098638500237,0.9259765116613375,206.55620865960967
21.04579926068443,9.436296918273804,0.9233440593578944,620.1669758381975
28.76634294258698,0.8456161936139704,0.7648947215332782,65.87449065956065
0.4924303972227717,5.381307925398444,0.7587583528357094,484.7327882324795
0.13868867688407202,8.073041194733774,0.8446369235089758,421.1645215321703
19.48630929266214,7.787431880488997,0.8587926603441141,729.2772024586607
38.648093029113895,9.532861630111507,0.9344578549643625,580.4962646954004
29.86280116966606,7.479677958332983,0.8052589813162473,410.44692298019504
24.486909466405926,4.608346146103146,0.7719397863565776,40.25894990414525
30.810317839759698,8.792116776396313,0.7432879714068792,516.4674273766392
0.0,7.550008840912834,0.8037832193135083,728.1180865354322
23.77145494593987,9.190498850353187,0.7582391860683819,920.6344429301278
34.289344300973575,9.700991255054545,0.9356785209944013,721.5135483605388
0.0,3.4674371074713513,0.795617636521269,683.6118917756592
3.793775100816832,2.2718104977496716,0.8453031473610868,341.3198510631553
9.358111712179085,4.646802838923385,0.707982913875971,936.9414887711332
39.01783797135612,9.643015137257807,0.8700278263042289,766.2896904742645
27.594209188279493,7.6687026739905395,0.8871075203248532,902.1440578059168
12.96195786693442,8.612709792744146,0.7314133819682487,286.02205351710376
34.57780582867737,7.46096037417806,0.7142238714222567,557.0228585488258
11.73101245569237,7.312678143599845,0.9167676638637821,413.6688359583625
28.95199744341216,7.558590605705595,0.8336810971064368,377.52929688401287
26.829846879988295,0.37954523769397125,0.7919875892483847,868.1292405150356
17.349038379467597,9.65618835526785,0.7195534105506998,51.048581861170774
33.399653889109686,5.571274207977876,0.8407005278733356,377.5033007840569
27.524308556998893,5.7707940068110535,0.8075298273913143,688.2139407587291
8.952664280923074,7.226424590872907,0.7202130996753348,823.1485076743105
10.04667542456902,5.632508196803645,0.8058853522653469,476.6025764119523
15.277115016790281,4.675106233798932,0.8080369918929703,784.9591039065198
11.71334084082566,9.128908844924757,0.7822591764565379,354.93037275248105
12.73339463849002,8.686129405663428,0.920380520756489,163.194303530872
25.913381414604505,0.16794928298584247,0.9121300062947761,501.89812289477914
2.1512020882173046,7.96940830172281,0.7370239440062111,123.44437128885215
36.68536054568799,3.312318674592064,0.8196838223011224,267.55786469369804
37.10678310481329,8.261496132536934,0.8504319173443062,314.9572185094939
10.582077058042653,8.40978774615763,0.8049308522596825,782.6025869455312
26.980787606273942,5.797738512927067,0.8124205829235585,774.3456583683279
19.666455100010996,1.2808345768269596,0.869826317638706,79.15073555627146
5.085577942842074,9.367656186639078,0.9117847291155885,187.33021393196339
7.593681892911598,2.8708636695973935,0.8575805423103118,434.3254813428958
25.55219536335593,8.885849841150314,0.9187743081143269,634.7468477887278
35.628039191937724,4.582968699605026,0.8279660433206872,568.4559763486815
26.39464139336674,9.453049333127495,0.7183901795101918,676.0245415403161
34.09098782956792,2.693805047970075,0.7636218259053014,694.7899636214461
35.0630883482294,8.08793521801563,0.9394308765656278,943.088431725222
0.0,7.187990786133821,0.7539136275852202,984.1594234571678
0.0,2.3142777272926898,0.8403317637124202,990.3944624594754
9.937903128086015,7.631402953390398,0.7672083035179208,211.82733083219486
15.301349385732442,6.119602086868977,0.9191153927212384,978.5170744379774
30.263358670269177,5.232177681633774,0.7614670445612903,52.72039709807494
8.334113787451198,7.25363945756849,0.8762310457612003,188.69284816050381
0.8207020323731457,7.143368049046978,0.9046693942839533,385.96293133143956
33.76779225402455,4.02362032335839,0.8966584522046985,392.4465067102724
13.872753299961987,9.296838890115952,0.8939211774290456,780.4484240705858
28.586682372262235,7.016844678492381,0.7606399940944502,663.6798573343109
26.4235921172591,0.6074557085918008,0.9404538955344388,283.44199694299385
16.7749116124566,2.721219345321759,0.7653052213716272,75.90119294682663
0.0,5.323495782343186,0.9226200609882637,109.56878544529879
2.2727956812752277,5.725911388467005,0.8616443141247088,983.6738010097057
5.584338261035318,8.602889797342863,0.7639770787242137,551.1866299286855
34.14306521984455,3.536677858361418,0.8349425969679112,170.47162658467113
0.0,8.030156408105501,0.9488862557838026,863.74318281752
18.6481857511016,6.581773303351084,0.759731724770967,460.53635270855364
39.376059509018596,4.90685130798359,0.9455515502433208,959.6830899327708
0.4577619116850686,7.6521883831029305,0.8668995591932706,637.513104802939
9.608407267644964,3.5698318192111778,0.8365312764534572,837.4690050640695
12.335565916587402,6.39192821491562,0.8494634745623172,570.9090971496195
0.0,8.107231977025721,0.8186955269089022,925.6093224602091
0.0,1.1400352554405915,0.8769709834002719,843.984657246844
1.4861957897981173,0.9635971868603299,0.7139794057273641,894.9909263827736
17.34828578183247,9.091522785216243,0.7399284608643889,549.1804088152336
11.227762434535157,7.256339997625798,0.7507103849595151,375.006219109113
6.987547362273744,5.746580184043696,0.921386349667026,370.9799233954302
34.805749205184526,4.753970950594252,0.8101660732889616,873.6480771898091
8.250243665243639,6.812161610754106,0.7489435303105059,515.8019193517715
7.484422757064443,3.858471066680187,0.7827799219900599,105.69149987340332
29.806263517264174,4.551447191606502,0.7874261375171465,972.6678497819435
38.65195926759392,1.1331850496898062,0.7033480126033003,520.0120809423622
13.928110711378546,1.3591496249914305,0.7314767858005943,933.533314880364
10.081694308651894,2.5267034307717933,0.7686357146561409,87.41830522058578
4.632257667914551,5.198354178433032,0.8922938597840876,672.4343519706024
9.600141360369664,6.253307177375449,0.9027209002718019,335.53149029570454
1.230968074575065,7.803956531227174,0.8609426752528639,354.7950155513812
1.6923169597267098,1.6081948481349122,0.9473973493072725,903.7395788413509
11.326466561091742,4.15389473792314,0.8741757674555081,552.4815568722616
20.540893485954648,0.16472974083462877,0.939640330790704,71.46302988070545
27.039322585780145,4.692461095560311,0.7393018629870453,933.5022564448349
25.939577323555252,6.126948842387886,0.9410658480505686,869.5989566970397
19.69935587693864,5.60207698493406,0.7785069774263313,488.0621118900667
0.6776955060151323,3.296326820678867,0.9289554423533735,479.50177274779867
19.849138344840778,5.6701146199217725,0.8663867218999897,108.58488714521368
17.021273672412512,1.4376088666448479,0.8130555778681448,195.9722008679725
12.474744760460295,0.9555155417926202,0.8097097975779731,786.0636855495196
5.0382642198224525,2.047348114866061,0.8207967997248248,766.7341096905762
18.178965408421547,1.368843255965675,0.9425486098330114,367.90998911484155
10.42417195296418,0.2675420055894845,0.8477000128610808,121.20274971248108
38.44470706544007,5.045864569079786,0.9298399034747743,457.37120029993537
15.884470041826017,0.9437215991998142,0.8857233005685881,63.86594187933273
0.0,7.972203891780954,0.7009858973348657,246.94345683621268
18.561876739247516,5.426172678667818,0.7744981634637141,676.5743485283976
20.96322790106906,7.812678757911258,0.705643125737057,696.6491918326826
8.553284514720168,7.710688878643659,0.7942598006466536,716.818058285617
0.0,8.927314664007513,0.7388228528995908,965.5441524950246
7.770675741704204,6.709132645899798,0.8431674376189362,438.43987132175636
37.354383722901844,8.916927877663731,0.8932565987698744,764.4638686124256
0.10918849327173391,1.703170654055886,0.9238753461220217,681.5336523782585
39.41169587055097,2.7327646756870414,0.8971673519953152,114.65801802031831
23.02552961033662,5.918118510557261,0.9183015465709046,291.6733455373712
21.738614727767466,8.596549426973324,0.9188626753170464,788.3524141957897
16.94095612480104,9.518142361969009,0.8152807687380679,320.8445647034147
37.394173982852074,8.843187601973668,0.8010165591697607,612.9800661753633
27.13819696518151,0.42895091401448354,0.830505768894058,978.3408347696782
27.49086049752711,8.517785535704732,0.8220912924099192,841.7839842761819
20.640641199629908,9.96583289903828,0.792330886172678,61.500821658283975
34.88355212770668,3.778012722092415,0.8785406094603023,547.4285885350236
19.903059819262946,6.273128528511062,0.7062553078277478,231.90400274935217
34.11388999715362,2.3161284582742,0.946794799871008,248.92616885813456
27.534559111618833,9.985655363991102,0.9162392360640088,312.92231289229886
14.44732217306036,4.961669375396566,0.7508353951739517,489.31871503854717
28.70126539523101,7.5089497340060465,0.7053112321471069,346.463536689154
9.159577342725406,9.98985329500848,0.8640304544019175,253.5756072373673
4.9101136448139,7.148556021636739,0.8093320685157307,959.4814708419059
24.76024481276944,9.102538850509818,0.8092874367286141,500.55635890929864
4.072311975656734,9.500310343955256,0.8626025307254532,804.3181547457898
37.39578138143566,7.3814688828576775,0.9355704639341788,774.6961066636003
5.451985764426332,6.349007270759881,0.7387300571388192,76.83186583161532
6.815906017238944,0.05510116063078897,0.7840134056445072,193.5255784922849
33.80984349183529,1.6798626790848732,0.7270291597617109,895.0185469654957
11.119700112492623,7.8563699004768885,0.8632626575504297,313.3054052978068
16.590215732847668,1.2099192111410269,0.8356947267953332,646.5165538497098
0.0,7.771617000784018,0.9436980450027056,395.4067853399691
37.427160549943785,3.6219487624868125,0.9357558821595354,791.408237983017
36.484352015934824,5.1338754156099515,0.7861523196102997,755.6014782799435
12.547217300536184,4.774934815998283,0.9254384335181902,858.1226791239055
16.01446244303958,8.897569393295177,0.904857567979493,692.5335018236384
24.708592205600972,7.6171489987272905,0.8242751115555631,939.7689647946672
31.12134727958534,6.901195983603069,0.8365635592261655,477.42620043667745
17.475047126107228,8.672184418683369,0.9104550702465577,859.3177654502786
3.5424229237232914,6.863268025387044,0.9154029389473448,304.12601303943944
7.047993114825176,8.941225525138927,0.7518450343386469,858.2015418994575
13.332270630937028,1.9667440150420539,0.8663603191471176,472.01619224045606
37.357915212534934,6.99388884104153,0.8928696988409159,582.1451913830003
27.579749872950103,7.719802973138149,0.8197785864483064,505.8456902263314
3.9541939349618467,6.528122134550816,0.7463354458227643,488.0314672069308
3.4820025474607417,3.203146519610707,0.9430036552459243,889.9846443325223
37.979726141146706,3.211145947969363,0.8260877039338499,474.53285036208166
24.5505266343429,3.2048164136733974,0.9054407778975074,987.4797699674701
22.33437743697073,7.774488902648421,0.9427345557167126,201.99485891047817
0.3174726208345308,1.8106854081278738,0.8483875014491573,585.4761178743798
5.68349685933884,5.5935858483722685,0.7184750266869043,247.2011442275318
14.481663481652845,7.947445661014157,0.7688175521246708,650.4817392428288
12.295166997790199,8.468808133839495,0.7446092093029804,734.3417100305918
9.105496806542531,1.9014502047740425,0.8219470089642376,898.6054574709822
31.419420607964625,3.980656765255918,0.9353060452806664,957.0008284859628
3.8491739831914513,2.64771353005902,0.8453475839347091,755.9386432909685
0.6624028401562948,4.871876780852007,0.8372813070554329,736.4347232412838
35.37426802391156,7.071620717607319,0.8075666947548334,543.7698293701866
31.669423150322768,6.723588056582085,0.8410868756297923,950.8467576442423
0.0,7.076233795869765,0.8093385466736507,298.3959547926752
6.857049526661879,6.641802520992314,0.8252140651815227,835.178174185731
17.67419635438898,1.2937724014231153,0.8684404391181226,302.8940283971908
0.0,7.131676776938109,0.8570303886197216,880.7019542164974
5.316441045064778,6.193996126312407,0.8805854618788926,998.1416537651203
38.76981801147546,1.1007399511042955,0.906851281073132,185.55941515848133
28.276106166254575,0.9347316278819403,0.7825355066636109,697.5415269934646
16.99167558807551,9.053257521002633,0.8408244567517428,478.3189950513431
29.371174319336976,6.873594439641065,0.9381701016232924,397.57958089296244
32.642315528326016,5.241891706068223,0.7052361322859048,865.9115349309029
20.859422426247782,9.707635536552818,0.793847953009112,884.2530135201586
7.5905059945028865,5.547280530296584,0.7771706087785746,159.2026550025181
3.556573945561451,9.1487676372892,0.8421957710157981,983.1647657467903
13.990254276323856,7.129602468752688,0.8089544490077867,728.6640267578271
22.199826231121,6.059390135014563,0.734963939784921,564.8782026934745
15.666647014821141,4.760949375452827,0.9175184705774493,280.75165916313773
10.828326833563912,2.6386747717373513,0.853330667520811,915.4885826196221
28.360782445335023,2.130599630995943,0.8071077061814196,93.33149222454729
0.0,7.352498658260834,0.7182425372885449,724.2049031685887
4.242489349056532,1.5053596193115375,0.7237689011411794,390.69445333770426
11.059921362242983,7.612859696501616,0.8000154435844048,537.8012877676442
29.429531893893248,9.371006801918984,0.9451207716333094,324.71507104791436
39.094017061973865,0.32994107393936734,0.8765678505266223,412.701596073157
30.61708346388319,6.5574349414139235,0.9000437732575703,105.70536573471034
26.41104120037599,3.669507131456243,0.8504811193497237,452.6828454601441
30.656728168190046,0.11934379610999428,0.8700672179876274,763.83033485805
6.904424732857262,2.8000043037152853,0.8046332893117969,653.0127329378397
31.501835555197637,9.662715578582986,0.9301661855964485,965.1903464792161
9.605206197429611,5.249726808537862,0.8510676841377809,540.2588506039468
39.86823676505026,3.071431419856532,0.8385206029077881,191.6284377638964
20.330876604769614,9.330343490942866,0.9002716721558217,770.199471161569
0.0,3.0260147653896516,0.732779489729525,80.95931566953674
35.42683210481712,8.222996027512272,0.8984883684049059,691.1150840218124
0.0,9.142627937115865,0.8085622726661313,971.45395628714
36.61316776991614,9.943511284697522,0.9043346924079942,592.6162517052792
29.877320255715244,7.192441653617996,0.7992253872716352,643.135905969923
12.929653644081684,8.77028343749676,0.8818425291546705,849.3822836488482
29.694132014646875,0.6786185914339851,0.9466734849489129,845.6000216827764
6.128725057453604,9.277648779704156,0.7055569986362223,171.9162159348163
9.252303709571525,4.342480221687725,0.7639317426073617,391.0147523488211
0.0,2.596567478332599,0.83512410414526,947.4096064736808
19.884461490886867,0.2712282272617879,0.9493863627574282,839.2316574425804
19.403546925232323,0.09441524976179293,0.8571253768758742,579.0343560501608
0.0,4.409893814262077,0.945862249967745,645.6729860142277
23.03006885498635,0.32099126798531996,0.9462644160487172,488.3416642237039
38.46766295013428,0.07501520853200934,0.8274928386250937,943.731010296299
0.0,5.693231944722246,0.9135039168196667,391.3234153288828
18.3585599967064,8.337969281395578,0.8066862229527965,847.9561190416637
25.88174364888801,1.5529611335333384,0.9061313278971104,799.0548532741624
4.455427761170824,7.674321322850377,0.7770641327586834,445.2387193861513
37.89414078877658,5.101108998108926,0.8110691186775439,108.22111386562227
24.832188447418975,8.705319943913114,0.793292470786149,573.4482778327919
25.934209398946397,6.294190770370469,0.9253612204136944,756.1826736187729
4.712968470988424,8.941246322802872,0.915976759288347,876.3764308562584
0.0,0.6154324400260325,0.9177047835251546,819.8244548280448
36.876404722059924,9.533393155767046,0.7935807771099562,452.2217325246967
19.067703536684448,3.379263388549315,0.8857991907528812,220.47232766946416
8.0975754843519,7.647000443712177,0.8999928529044228,709.6547918267419
17.495880322579374,1.7362408847278394,0.7850613534176831,301.9021681920474
16.124312809019795,6.982833018559973,0.7537763859458887,984.928210209396
9.943667002959518,8.263331278691885,0.7558876554395093,819.2770421703449
12.901772865492777,8.882859715133742,0.8522214795363992,226.30526345198777
12.504371254667682,0.01992328777928864,0.754295734841322,258.4450143540648
13.616681527754476,4.818196756577575,0.7144297859122071,913.1597571592062
19.079035201092093,6.024762484558499,0.75348545280121,517.5689647297598
37.35005528700257,1.5053497469769028,0.9097977775003699,167.82498728047753
31.278024767724958,6.264829710996312,0.8140227951089674,233.8092146048913
25.497863301254682,2.2187426808244597,0.9388894595751526,321.08285552447364
20.44708946416842,1.5046684953743326,0.9201811758317578,769.3064780780963
32.24706404454707,0.5190240966141221,0.9078428472773246,521.0839935243282
16.474059705674314,5.741064033273649,0.9479232746185484,459.6423280150667
20.288972505414947,4.907656887219098,0.7310514619348134,301.5451101467709
20.943906849165113,4.164171692985948,0.7833854130394465,276.7055997902972
21.81281705419276,2.912964914301058,0.8582752158215903,62.758471113106324
37.622398615829255,1.077390003780528,0.7128074818053258,359.9447272609623
1.1437664600966326,7.122627776734431,0.8565643589518321,631.9228020279477
8.333938486242001,7.432747493407398,0.8388711677621659,328.5517417379673
10.890584519575741,3.702820196489341,0.8468305633660539,145.44789243063042
19.5616083886258,3.9845572029706617,0.7551189477511986,616.7174433113906
10.8187067387355,0.35140335420483854,0.8512697926737933,855.9746339941172
33.80937031273802,0.769201951704339,0.9293014666465729,296.1409628228558
32.91060933719399,7.097488350010721,0.9338560651274457,261.8498243100625
19.516366678303548,9.230350000044353,0.8493269750019183,559.3895264457594
29.55630172833041,5.682828461470449,0.8417121065260853,150.58080600553046
3.9041883425066057,0.8731780602016451,0.8953814419893426,986.7046912058278
0.0,7.495143844116054,0.7377921918830715,278.50375077915146
16.48084390990593,0.44841954754401675,0.7395564389009663,990.3628321359827
11.145599793908946,9.733424882078248,0.8232847901943849,190.44885715771096
12.30510328178262,6.787234711401524,0.8424301591169002,316.78975699110583
15.773800097946575,6.113414018788073,0.8324648625372525,529.8204935536282
13.307157652209227,8.402285186730937,0.8325571567314656,981.0990764413128
18.761139076184712,8.374620156623239,0.7037123379722948,909.9546162819022
0.0,9.309363997551882,0.7948910804067526,630.7899985324627
36.92828014270757,8.41991706641723,0.9376426476074834,332.5328591401411
9.038557150423651,7.356601541960273,0.8887875935164047,626.8657017258415
26.07810438998949,0.5071251903627405,0.7750088077803967,767.0523156079119
27.98872188670162,2.821918717464023,0.8539812345629729,809.7983685707004
17.382686358292364,4.113560871587068,0.8275091634866709,695.0856034128477
33.07503226610672,4.393195299429658,0.9264341922011212,821.5316367517386
14.370671104951603,1.068997646775482,0.9484491321755368,726.8966219270148
20.518805422964917,7.12487653599539,0.8733533495679512,922.2059013263336
7.4636527639834656,5.880755947216245,0.723398286825891,134.82994840713874
31.41589051742407,3.0621786246872627,0.906510736236971,682.6265935581306
38.163439976483474,9.68470530223716,0.7833206055973658,902.0238846015516
30.68684294220504,9.03080610317107,0.8754379619056163,344.91805364083234
30.248478436064616,8.028433881488581,0.7484770292344535,699.7843848975568
18.352177775274853,7.65559386886683,0.9281452056365194,424.61119557980277
13.067113811864951,6.299635460136701,0.9050876314609111,391.318798961728
14.06836583020202,7.11663867072217,0.9290053612688826,847.4377629078648
24.243291578567923,7.2558574929963,0.8889065662815149,410.1678686619638
18.44285830612916,1.527993665104211,0.7967609675902815,955.3296923062875
23.6122846722155,0.943506956160328,0.8953716656720017,329.89890948255953
0.0,7.110255899145791,0.8697042774274523,988.8561168434118
15.889041775956764,4.520711201150288,0.723630458870083,111.26143932886836
1.8682692742197646,4.704252513148808,0.7037424310365149,901.6286046243432
16.91037887662782,5.570110873016159,0.8346968536288362,366.43725533938243
27.04731146921788,9.549933932648349,0.7459351502333582,706.7825930883623
19.23002252187694,7.609818318494753,0.7421594536564668,87.73811070098606
25.716189221563045,6.920712447931761,0.8399650152159834,95.85658484427171
37.57396266560507,5.924698676526215,0.9490328283730912,450.7937126078755
5.982218417934014,4.2557932327142804,0.9059906914069591,888.2574962044362
16.311072145241255,9.002245755168618,0.8668514211470666,265.67924160444744
29.676459075311364,0.2603831997912721,0.8848545220655996,357.7828081710054
0.0,7.983013786316426,0.7275742921060269,726.8291871065264
29.659488686978552,0.45648186690415704,0.735215341796413,477.6932465565256
34.53740992287512,1.486090424241339,0.7578749263789923,898.7638599685503
22.793582307022742,8.996192946760253,0.727195913047,116.82838839957206
0.0,4.9235986650893215,0.7568857214004834,476.4440989130841
0.0,6.943074347037873,0.757940415290957,924.6815661412422
23.236788511267708,2.51958959198073,0.9366974795539815,294.52725355245974
31.666369360684183,8.10900461752971,0.8257510685645713,512.4494535760595
10.67718345514884,0.8559273592587775,0.9309327027213434,876.9632043125221
37.415620711578676,6.447739681393769,0.8669993037032215,850.7898214569428
0.0,9.217151465155245,0.7793680790208984,786.9967928436728
12.27132884355369,3.4805275711580443,0.9349348610210478,268.11676985829996
38.33549128417017,3.2058740882602823,0.7160029043953174,46.46343101858733
5.633023497237133,4.195834098154083,0.893171919905937,992.1704087174437
22.03681323535574,4.44512090549686,0.8371990687162381,131.1508838060321
37.09220533355649,8.45032907864614,0.8152082960249927,135.37935534702012
0.0,4.70543893559809,0.826894151346691,486.7133833774759
0.0,3.6022737534990488,0.8566107453948749,421.64566732869605
32.29098322842739,4.79238582330788,0.8691168074527915,673.1601550411472
2.7443938687340697,2.7843294427887892,0.7031205130516998,229.4284160714114
10.880865312828641,0.25504859760411813,0.8604882327394838,67.68203139349464
28.804677725249725,4.241500313107144,0.8227024701521692,376.8663757359611
28.052379259937887,4.823084160886339,0.7348352641303568,756.0219015445506
28.317633324944918,0.10042354416865465,0.7263247535152888,808.9782762275798
0.5212318015840604,3.9490571762931768,0.7797679449284588,159.48495444831912
28.871495063018756,1.2439246207517245,0.795812900635357,266.57692002734825
18.270841414062165,6.996532186661715,0.9288219121475988,298.8317000639605
9.342154321133929,9.910369805355044,0.9032332450818455,545.3071870005986
23.0643252920052,3.339598157680484,0.9419186900915311,506.70113843160715
30.592340335141838,2.487079348289858,0.8519403961289618,905.1454282441787
17.47763608886166,8.133026471191464,0.8096483782998959,216.06441472397304
17.44099585147088,1.7163418322329729,0.7305785830848512,93.57731352513912
17.23309824040453,6.176884103711944,0.8739194720037762,865.9434122450522
33.290585877550775,1.1228876989450636,0.8532823676316663,362.63202323320047
32.28217928575455,5.090059392445877,0.9287750819718179,189.76491964535884
14.854163519921412,9.3782174480285,0.7237919090744893,395.5649657949492
14.666479861159365,2.0261220081979463,0.7389077187192649,916.7785655253872
10.776696361596661,3.4390593141661445,0.8494869114892907,979.8719583286422
10.504061061772404,2.312298194166352,0.7295626834734183,441.3078367546458
10.987819747147968,9.387668838311141,0.7759478843710181,379.25631405191314
0.0,7.447292863169588,0.7604599547701444,308.4726701469231
37.84272602950192,9.234379509672094,0.7129714050808386,236.92036947825045
8.997342108169072,3.2342511665496407,0.8104535926254577,638.4395329463516
12.875066838714039,3.1751728066880442,0.7196402201659907,706.172535816264
24.683828251493175,9.56705817466197,0.7522472856289304,161.7118200995131
33.65934547155719,2.256931582580261,0.9056493198048516,462.66090376452036
15.06761215759964,2.3653583295500247,0.7811362242114436,939.4066202479542
11.280133963349883,6.104644525599637,0.9361130816398354,681.4407438483497
29.86438583460287,5.345656403042857,0.7500036382211457,778.3829321250013
34.37119056753736,1.8335721812092027,0.9488535432289973,165.29897141081207
1.6542772936099932,5.4247076965865055,0.7421076934267046,610.7238650531964
11.21344072531744,2.3291357982478686,0.867844773509896,502.7268693584172
0.0,8.190924239172084,0.8508316744871072,573.0358071602325
26.546362695262264,0.4250276461762304,0.8851048677575761,413.5597046699815
25.463320849919032,2.673595203484637,0.8856391563928302,334.39298324058444
0.0,0.7442751914122876,0.7760384475510629,956.0770294494441
12.55862409702947,1.1703306899383799,0.9453258914712326,829.5016119139634
20.04739927617766,0.3883261504749671,0.79704974720659,517.8268654651736
8.35163153938194,1.463216256660748,0.7291866056315862,834.033184930455
29.442422081019988,2.695793163746291,0.7101153512048557,176.10324402782564
39.690887390723645,5.156554449480347,0.9060625010406689,928.2412008240474
8.589957482400196,9.970377409159644,0.8137600461409826,857.1005079106078
28.16920707665507,2.6406808281052885,0.8212300260286667,519.2024788673215
30.45422279073672,1.2311449112115451,0.7628028824082003,825.0075124096709
4.47002919276581,6.865437969366648,0.8279374322368879,253.09810352321824
12.45968001437169,2.1669536119405413,0.9316799688897484,144.58798142575884
33.123026690347096,0.5941599663393319,0.7407263525280916,963.6230903907881
21.797939240593923,4.201623420488557,0.8429034695016837,176.80236213604556
2.3411460433250624,1.1529050887881405,0.7805010443925778,717.7084816502334
16.754833423179488,5.555190743994655,0.8784268122458246,494.11084027003983
30.07432533817497,5.2153588474750485,0.7485704157695259,971.3526040550132
19.909585713533815,8.061396314898596,0.9295931047401461,447.42379724634355
16.456609079107412,0.18534741840576222,0.7171469148010425,260.6731856375057
27.333097588844577,0.6990185340446813,0.7497803342827518,978.2590998203622
35.72254796484646,2.6143559897545408,0.73343067370309,396.54260060788255
0.0,4.361505128101193,0.8570310280830563,786.6610540999565
7.321246012588147,4.999796293165028,0.7875310952887344,113.18520835773614
28.042983551008792,5.922604126909252,0.8695452697692249,672.3674764785848
37.277228716945714,8.047517254452657,0.9257386321168326,689.1945943159051
32.06340618951039,0.8953567458661655,0.8434273891578806,882.3907677135
12.674245271018979,3.2285217897847596,0.7242758520321,165.27809366958513
0.0,6.2610814422941985,0.7518965895062855,789.3947346477133
26.431664131237444,8.276579799953453,0.9186792773807403,506.1379324673143
39.10012670844507,3.014944242720763,0.7475547741735554,223.46062719357033
29.379115235082995,7.30250540742362,0.8889078497634291,311.5266234581096
17.103946146651506,5.783224102117064,0.9133501615422808,420.64311384811253
5.093101321553945,1.5539397646207367,0.8167344950096582,285.8794258265271
16.88754425903454,2.143294642269956,0.8227722333108201,916.220285359031
16.836504009295535,8.302369587428855,0.8405724475081933,589.3457032986179
12.970822145751544,0.589399059388493,0.8532494538107427,731.1749083328239
4.642539960925443,9.126268203076961,0.7150281921772993,269.34197391671955
23.477381523834183,5.222651840023411,0.8417285492557185,572.820444428549
18.949976421952,4.579890041750328,0.8775836796273067,182.82077602633478
31.069169767347073,4.088609433673869,0.7052799671869179,297.91649512046996
31.084289884041137,6.26700046314076,0.9212758201384209,857.8506757379826
0.0,7.152432617804385,0.8047051008623528,295.1374528866274
0.0,6.034304399865581,0.8724535156573101,233.14665975739916
32.89396022690837,6.312145990415808,0.8948783379733798,649.9233942013043
36.06609485526472,1.1265812392282661,0.8219130726375574,721.5660605514807
0.0,6.868405626848239,0.8531645220316785,254.35502867402022
1.985277352748671,4.013755977852869,0.9213968409579464,297.41730490126326
14.623344095046795,0.05616314150644519,0.9303117598338547,335.30224908024013
14.418304712791448,3.9461522437197014,0.8081675579187252,619.002409400524
8.80972743611926,6.959852021283627,0.7047364392052953,247.27489203563425
15.432982246064176,5.381652632773412,0.7179319655714735,682.4002026205109
0.0,9.114897111076324,0.9220375623414481,310.6227082175293
30.437238061733346,4.783594801198319,0.9097525971545142,183.56184028166052
2.005400843647697,1.5573113677389614,0.8194268255156206,820.3875146007431
3.1494069174884594,0.42813428628612166,0.9253699634530569,62.83224262811455
27.21642035614131,7.89738576891469,0.771178020959592,268.31299967782496
33.57250216198313,9.996717045092051,0.878581052523219,79.795201295114
28.225244517737863,9.78630487358234,0.895567789150949,367.8868377911724
13.429853221504482,9.187216648561142,0.8115486568778363,139.789560419553
10.979737234588843,5.137791957874836,0.8479701282942952,295.7789543971383
9.73924607685025,7.893765895430763,0.9204171288206677,319.6171492619462
36.43207872711102,5.801998507814938,0.8950481104423388,519.8299275194237
0.758193638098113,1.3771816056870885,0.7515839670073924,427.5255305836421
36.401931345506746,0.6099451761782974,0.7615408822449854,473.12468023398174
0.0,1.6072623549723355,0.8280857539855634,866.0778819372855
10.96424753483367,2.4472812480864468,0.7888832908738135,494.68118776450325
15.288237082071596,4.648225799739051,0.8680560261987085,99.49427442478
14.415043966686438,7.3468995293552615,0.8349016314034292,497.1161326503895
12.941451890686558,7.655229878257817,0.8059725453920834,684.9478059598353
35.596609508451095,0.3413119183515061,0.8032403382101313,890.2547671882787
0.0,7.088606978519297,0.7202595087332015,646.7508830938946
23.386989634133037,3.6256699915307626,0.9087504372242949,153.79468540444094
32.81761526727987,1.3126583068588193,0.9191391626557669,520.7116055392156
4.670599161310905,0.14412493468442836,0.8942075590244447,588.4577061738713
8.31341377736181,4.118403016537108,0.8215638730855379,514.9541286380539
9.829991737309893,5.070469301291081,0.8649898909808541,295.23035337305345
16.40656345611872,0.48869683857928453,0.8839713297049956,632.3616222420794
4.354622207933827,1.2440961196850584,0.7785658319315724,311.47133167319987
12.627221366326818,4.984174794213412,0.8318299695777053,832.9224985339176
3.4041905910962518,0.15166897136526053,0.7373354976235311,362.3231364218545
5.9941083611450585,4.2021572994073555,0.7358044007860655,393.65161396577076
38.48839783498841,4.596539841736264,0.8231161352208616,579.3350968836504
11.372576664766084,3.012340920589229,0.8927817580145546,180.76763141377867
14.694907258216709,8.96854535371245,0.7239241524684503,218.56080495922723
11.184933178849402,0.49109062605001524,0.9181549744552939,951.3274972440588
0.0,1.2326797097803428,0.8201449944634498,534.9760256953425
4.904107775309724,9.33412897635863,0.7519924680510727,198.92895945643568
31.065346904059865,1.871983234269843,0.7224266564219771,613.5285526512583
0.0,1.5948996811199339,0.9282480023144966,768.7287157574999
24.170686627176664,3.090744261234179,0.9336958570640783,634.3935738937175
13.654985622734602,5.145670206057921,0.7666299577351752,334.75352674031865
2.674654572726529,5.367519614773961,0.9114653257947176,933.7774618113883
2.258306373479216,9.968597075556502,0.8019397568153777,986.4021074692226
15.85015601206358,7.355198922372986,0.7496392595784915,529.0573400102473
8.081856035794619,6.468240969375729,0.7743542404555366,823.7712101668184
34.450520786250294,3.520021110985693,0.726566896446405,812.6379464288802
33.16411507114168,8.43836214264183,0.8173165217039141,731.9598955270726
33.84495994400436,9.555095503698597,0.8275100944276422,375.0642360276297
0.0,7.195338596052182,0.7584336307448952,81.7092469533269
31.841634509294156,8.277848294177687,0.8597241719428091,201.52621746037525
32.64974840197715,4.193749810785068,0.7444986663085313,965.0606844911804
26.798844100865075,5.282806531806905,0.7519477414023739,799.8126733837246
0.0,1.340769101224263,0.9470261961135451,341.49231497799
36.16739379566277,8.522691571766778,0.7047553212282763,951.0602503007193
10.775606152817831,6.4956466206046315,0.8760377231051483,184.424107376064
2.571504427670585,3.9126014860333065,0.7047238510469884,428.47955192657645
13.86314788975092,8.57417000197291,0.7448912504186396,95.70334237521837
31.96834576260597,8.637191612586516,0.8262907626724426,368.7279866794545
20.08405814434783,6.395221199067738,0.8227281460311546,604.8832189606019
11.924661636637788,0.04878971450418182,0.880369665891731,744.9723882057631
37.967215221184574,3.398856937714109,0.7419430822047246,270.43907579771457
2.4503246747430483,9.417899711702583,0.9286751602983296,353.4196878749345
17.420552900656123,4.457074754909486,0.836321307629485,220.20147204382948
14.49971912326323,3.429748219419817,0.7552917757261542,255.07998632231747
13.430963087048166,5.164433524554171,0.7032980141556959,890.4064873676477
39.38237899655245,8.707246949999384,0.9366656713094849,754.377677146317
22.47618586113831,6.721242778816764,0.8860710613882793,854.3307640578869
33.92025085981149,8.507226336604415,0.7444502322219024,623.8557682515017
29.548801062343436,4.404939148216682,0.9159586353831162,970.6015228056555
34.46656834000082,9.49927530970284,0.7363798012213936,388.8033818963076
26.76273541533394,8.53385551570589,0.8805682836561242,510.8916954423051
0.0,6.90325697459153,0.8281211406567337,200.26453289416548
3.7427984326402584,0.18465934894089897,0.7828401311033055,272.63119074296924
22.181336718518736,3.248997285427793,0.754331162295788,973.0290076342042
15.694487219681873,7.475911288648519,0.742204745949882,442.4685119495208
25.650992386919683,8.937123006165685,0.8906071507393222,784.3655883916409
30.187103576364017,0.18517401550808466,0.8160364413854492,197.88934978711376
22.076107588557903,2.5425672299529745,0.9080662068617081,861.3534558488533
31.882837490548752,3.252195419092889,0.7239930812524769,805.1249193310762
35.32512245584325,2.488455737776074,0.9231005373818113,421.8529047867413
23.39758852610304,4.118004915798901,0.7277537883088869,603.9988185490348
21.09189631550412,5.930341872150277,0.7800798855571043,195.9909110101896
9.086179614121438,7.778010286071156,0.8088859988616055,199.73139695076068
32.87947422494021,4.624675977894298,0.76680397445591,267.26450615687736
30.552840939465113,1.7520351347327348,0.7063379270514882,367.8020661399455
18.77341555470418,9.178003203738411,0.8280424243435242,456.58498715321264
0.8262668665582833,0.8067809596950568,0.73690852015939,574.9749895575952
26.36618837024338,1.0010695801632081,0.8522856120794078,620.9279363183833
2.7401654952884376,3.0444002180610514,0.703340942493839,834.6750412933393
27.40166693170128,9.795745398537717,0.8291721871635521,854.9068714649131
10.88959338628479,0.8639407002928896,0.819344820176911,688.4105120157263
0.0,7.322478061908797,0.7408537581294329,216.07235024826267
21.17940399296075,3.554275790171523,0.7917882584610486,238.7412338565478
0.0,7.535231761463623,0.744512583149066,82.76843807688664
6.016117929432134,9.039698678002008,0.9198320574440836,875.0040433507022
37.22304470235221,8.63137595525493,0.7659384746407425,159.6554097675019
4.277201082435186,1.1370145024762237,0.7080341095284053,166.49192814354268
35.961059083505276,0.06004110083209016,0.9258408423803692,582.2839677091999
3.979277490316887,8.52294903409862,0.852481996838541,529.5439621296186
11.5618299539449,8.608639657947347,0.717079392504734,812.4401172501498
8.960884996139306,0.8864605876789243,0.9171289284083193,533.7064714882704
36.987403636676866,7.646607441172705,0.8059389527177042,907.5205135746088
38.748862599209396,2.9581836099295558,0.7041767315461053,247.06996379250108
24.269968890264703,7.042561107662651,0.8914445835621401,606.6529585080096
16.998519191383494,6.453832108027453,0.9026816438779397,183.01735604217686
36.47032107328982,8.033829117848935,0.8021435315102243,765.012604878458
37.54114653195761,0.5983938960376309,0.7432065768495162,449.2412810496806
33.04583289091386,7.645325402013111,0.7031686956314247,846.5442069190034
14.917805565149347,4.509129497510351,0.728244413161809,841.8992706653428
6.063331408975786,5.488031147711133,0.8214471989400166,448.6996726660462
33.19002820151718,7.197304774506592,0.7866373423985816,516.522753446625
14.825205470909593,3.787150875190155,0.826953798581619,911.0528149546121
24.120574855581904,4.422961563387932,0.935905383892005,563.3069512143852
37.32646867770708,1.5318429395525064,0.7802344842498888,333.40846403702477
6.748565694304223,2.3944080714964286,0.9359516552119588,982.514772092621
10.908760516136248,5.917944025123392,0.8230168140386068,342.23490107300347
0.0,7.825631771057863,0.8036322507574002,200.57101772100606
6.616559284501455,1.5688403293971465,0.8822043123207681,434.06878770974
37.22459789102195,2.2960194293088403,0.7113945845964189,629.2125520861337
4.588306433151475,9.368119848117638,0.946913405809077,606.8554140776613
1.0156500815891436,4.805773896526887,0.7286559013193759,345.87384021332974
37.62450139183006,2.0747817786759173,0.9339995701990451,154.69592491883716
24.78173883452965,5.6972207306349905,0.7721227833238565,197.1628072945046
39.037290280888534,6.9890425518991055,0.8444737149552871,639.460678179574
1.0800392667798553,5.34807897196066,0.7032828064450075,326.57995122446346
26.064396254177783,9.191633133727203,0.8978830782133269,949.3975164416523
32.16770636508712,4.019287559343579,0.796611004965391,127.79580336643133
12.22621380537359,0.45723550049382,0.7729028235144131,592.3728725191423
4.664023846531864,6.32018190876899,0.7071130005816423,727.2398112106617
3.4066580787384537,0.1900427955370852,0.8261640454601133,312.0806456780536
18.909151329919016,6.4362775965148025,0.8417943672126219,733.9829159242696
0.0,3.10643313771504,0.7379320413103568,540.9536827294386
7.519444658226258,0.8240904598343846,0.9388651818972231,44.65561280943337
0.0,2.038894249650579,0.881400171888917,340.8739342649242
12.640635050476886,3.1590014672897944,0.9047129670507523,438.1432779725524
29.962466342201793,6.788676853814156,0.948445670634771,745.766788756782
24.64794530466015,5.198089767993804,0.7662360237027986,556.2816303817249
12.385548557467237,6.190989339481583,0.8464854484969487,49.60373775178521
5.617091138864311,2.8411535213721097,0.7886793485796428,328.32960666764285
29.030804544249353,9.111981499637189,0.7588086038001749,144.608920980567
11.187677203434745,1.6498271971381395,0.931454804987744,536.6693642296544
13.251484116237705,8.913948231883165,0.8053417206576635,962.8332421448704
31.601135087828887,4.148922816941712,0.7931391399619162,409.21157284449555
27.40824890250972,8.679068074816085,0.7972840623601662,936.8380363775118
4.026445893219726,9.628747190821128,0.9258026640675111,386.0429078359976
26.539785867187014,2.402392046694431,0.8046656737810473,753.3574010907213
6.436446300409989,1.3382420820346457,0.9206106447667414,773.0944129814794
0.8038510474005613,1.4784654401405732,0.8076730733780054,949.5385537134194
39.74918017680108,7.434737436155253,0.8050954286989203,850.8203464201721
29.405275720213865,7.94672352212048,0.8118867859829186,348.58500658739524
16.83967787312878,0.19143939461536952,0.7024580443115258,924.3773315642252
24.599068694271402,1.4720400300702676,0.9162123162432049,644.086064824472
0.0,6.34863430832389,0.8975903854091029,649.1086757020693
35.61097525632674,9.399336372031948,0.7506883415889084,539.0135479256585
15.185627313737532,1.1915631662786306,0.7481016323363009,64.23871222199256
26.077871756859945,0.6582940409979353,0.8641918217795654,410.93668297802
16.025049508384466,6.5141006802168695,0.863590248592972,97.72963604227525
17.84261498822339,2.4356159708966665,0.7026457088482486,772.014534728436
14.143455648666903,7.985066155304151,0.9174037758234443,156.94185822052572
18.291907899524933,3.916208503558685,0.7544177254054751,241.2663899762472
36.02433784154531,8.487370591172063,0.734989850606441,89.6228352629345
15.648745385368148,3.571029476044082,0.7720787117949673,273.54999685372167
27.001705770082683,0.9381681764921139,0.8965560788649565,886.608560364866
37.99391933844658,8.101828681666237,0.7749339367512665,825.8058883033501
0.0,7.326415607332368,0.8313635355988424,596.5193571395291
17.98416951872106,9.015723111464565,0.8794092216055648,401.61636796284233
18.306102699024425,6.9526114097629375,0.8886797227656014,197.3388193155037
35.73559226042107,6.719755368526536,0.9330353363952469,216.66380029399232
4.917252559975115,2.623473521367978,0.8043275366115333,259.7940842979874
31.52228654222109,8.653106481845578,0.8542287088082144,230.41936389420277
28.055897715512156,2.899088020043591,0.797543193497966,345.4662441985828
9.829472139059188,7.705774390969037,0.7818797720658677,322.4791153341111
36.71016254814115,2.8296542906004043,0.8106197078334887,642.1057285867821
6.142611229608901,1.9557448452043817,0.8001879279202113,376.7947777848796
4.2503333330781485,0.8440666064156154,0.710300983471944,316.9047739021604
10.137437824309973,8.527966978251854,0.7228743326604887,263.9588799315435
24.373328571723444,5.777332235653957,0.7103089261806963,655.2458778047803
3.3147132733889113,5.547518797176295,0.9330525699460163,95.80177291396389
29.879883163302985,8.037760499407383,0.8616016819168502,674.1553669708426
12.346895598234825,3.2842564940958434,0.7901304123585484,610.0454397944028
33.920892649906676,7.939033608470951,0.8844387363571551,736.9363873579462
14.616259835681502,5.725723679627076,0.727407663988672,871.8382203865164
12.331343257254462,8.830641092634128,0.7213027210633843,680.983989324493
2.071712744493391,5.706855969228659,0.9178257118332647,233.04122788101176
13.370456527169335,8.267714582794367,0.8283147056990057,402.22354791453245
0.3661792312071158,5.956955875201663,0.7207791171101042,938.9236458616178
12.399012326353338,1.8701388157004286,0.7148550067442354,252.2387879465431
8.309756719886874,3.575105345930994,0.9420327351021464,281.50956799139175
30.683572445954223,1.7347504715489854,0.8916175573137118,979.5765923138129
5.629580830474488,3.1136551574846734,0.7106088813291561,709.0946862250086
11.821935020085597,1.2728586240022923,0.9479043979165445,177.16215279251384
28.549225241154854,3.5515064633319366,0.7530555764533213,349.45457215494673
1.2979142036704794,9.933942493277383,0.8414911697990218,829.0208043084547
28.19433918052051,2.0191280009187054,0.7721036838258305,46.74956239086679
1.8730271690203963,5.313537914023932,0.9378600249511763,598.2847798989036
17.050569809118088,6.903997947691684,0.7821581731214879,862.9919875243191
13.538459883466755,3.700538631754563,0.8765233248787543,215.47517040949396
23.91725322872893,4.2879723367363045,0.8149896274403489,266.4692146084657
11.18238211205934,0.35215451176712237,0.7044668540402921,265.0967720989113
10.649522953950221,6.507384401823017,0.7476064620847466,277.00287194622734
14.035665292643875,2.011934945544585,0.7268707406018283,526.4558918456581
24.0340321575113,6.043371022606796,0.7510001950945188,826.8671423451431
28.90481890210946,1.8030691987127199,0.7318141014281888,596.3662518910453
33.88856685767412,1.4628173565964646,0.9240744690833782,136.44331158088204
9.66586350763392,7.261363769579849,0.7216267922607021,914.8275503064895
0.3742921243723497,5.455508762073206,0.852107860133686,611.4107314980492
10.35158805286738,1.0974920504156649,0.8235801337733066,393.94819275976465
30.292590128517933,0.39746723159100655,0.9033357550426575,424.83040846757933
1.2256966166636605,1.75123739106514,0.8358045201956179,977.6622390397807
18.843913768474557,7.6064887971289785,0.949124547364744,757.7466320020766
37.866456379240375,8.074346459170183,0.8285676894688474,457.91616790775936
27.30449079689793,8.730613314902595,0.7808992347062086,520.4469231920206
27.126864231029625,4.80191676770344,0.8735475433179294,245.2852574624484
19.50322358834906,7.824558475459609,0.8399743056561069,639.2012157482447
34.451296337064015,9.465697092650815,0.7719271758679382,501.7456629971917
35.169532666477956,9.732614013122232,0.8562502158487354,363.89361761628714
7.865490511966603,4.5403755349730925,0.7622036040509426,789.1647150081884
4.418850306407606,1.3151873399687097,0.7998346598714063,465.86061739230126
0.0,8.447513639798537,0.7225126585196595,222.72907121249125
26.37254567224652,2.416906174557548,0.928415585330258,985.2501104252963
0.0,4.206313467865447,0.7247368639894693,457.4389391727773
8.469268288018025,8.89495516485877,0.8860638172987848,808.4173673454527
25.362994325724816,3.079717454087302,0.8119616675122237,86.38976566784547
22.707785801654442,2.865342494748638,0.8648798785710157,314.57756835758994
32.36068211100109,3.4089707509833023,0.7547882888207251,159.778452925669
9.956620658719238,8.376470399674398,0.7590638341549333,141.6863008026487
5.204023912306178,1.4897540752347007,0.9089405142947409,700.4177970544672
1.5339173373908774,9.626669027374884,0.7314602646982887,604.0363610478871
0.0,6.770242393260014,0.8364596117533105,963.2428305076004
28.682485869193304,8.18074138307981,0.8023316027921328,602.9118589256207
19.294976758868287,9.225361604544037,0.7576365252555206,681.5185178228936
9.483007291846569,3.3708538835112996,0.8935158457662166,144.76512281513308
16.3475758607675,2.1489714370621105,0.7978269010355055,153.68454125984715
36.62279086704104,1.9490303062685836,0.7717651389640307,45.661133975854646
23.468866506937896,4.28417367891685,0.8575639491239693,704.6333501685409
6.732534913264928,5.0529486272563515,0.8783387236119151,520.7169895120396
7.996983225447751,5.3432741223902305,0.9168954518713607,536.3201676518845
26.535132979661967,4.9339106914521755,0.7632720876442207,956.7055346615771
12.523868417716578,4.942568363899951,0.7601789663267096,881.3371760051078
36.63627106432015,9.351322885282036,0.8052083778150761,916.2133375962318
0.0,9.38685277777629,0.9001047356951855,288.73963215880383
15.816571698875974,5.50271029852395,0.7914643955887588,988.0958226955385
0.0,8.849642649717305,0.7951864970434737,903.3139775638696
20.368686562472405,9.795947443956736,0.8893263606913333,436.6663225514936
0.0,6.024322342899584,0.7606546323862131,402.62435632264874
0.0,3.3414836392727225,0.8356065218914674,474.31276558263494
30.646337871088676,8.782993879376008,0.7484693986996882,518.6462452981656
14.193069219688374,0.6808585381300967,0.7020869227442221,340.3555787748132
1.3513123778524099,3.925282924730233,0.8785655238931623,402.78443050427586
3.4581135395326323,8.43969160651833,0.8053580885909324,130.33112431645836
33.63382119251937,8.03523634018546,0.859574226267137,780.5195094875723
22.591651391284707,7.366560960123903,0.7370780760401918,627.7857521581199
0.0,5.714753390110671,0.8974910059701454,302.2356862990283
0.0,7.212299458174018,0.8350432197454362,206.89597457657914
7.842808922231107,3.359974625083793,0.9385550590405347,912.0849768834183
4.9554580713973575,3.7732751446972292,0.7704302760218926,184.42136272030822
10.143497964739066,1.041799803863168,0.7953444140515753,428.93035885362383
32.34349969652654,6.4297929292019536,0.799139539856746,312.95206467711216
36.680207713025894,2.0564183094134107,0.8203040853253681,941.2430796124454
22.488231747371355,0.9018448596576585,0.7906871568066347,394.6188092864337
36.50754893763412,7.339039894374827,0.9001833901057612,827.5670799808593
23.349423792911683,1.312275062685173,0.8454530993763767,547.2651914495707
37.89501636908011,0.583437209236053,0.8202874843331516,45.11541534614832
0.0,4.554877034528722,0.7602819809858332,364.03093335772695
0.0,7.517001887585885,0.7361257057025926,892.8149191482116
18.28907191902552,9.705529003930959,0.9095560505812116,846.3582231541211
35.38127871745346,0.4697150919723946,0.9449853313892488,444.19086946227304
36.403312094879425,8.058528533701622,0.9394921738247022,974.1626641578399
20.775873707871547,6.122439143687944,0.9017368307296303,919.8935989018142
0.0,3.1267075321289046,0.9360713870944858,908.4579879669013
30.1038455464008,6.759759285633271,0.8102542940940918,969.5465599029168
16.51826203013963,5.362793758423694,0.9132421615138842,436.69745893714
12.8889414956503,7.1995721304453095,0.8111030249464221,238.6859074782022
4.754057889671885,9.312262961591644,0.7513043653155831,789.9645660435838
0.0,4.462548459913499,0.8374344286404338,555.9957101343695
18.35043326746996,7.728529858132664,0.8944418135357419,332.40349376897257
4.620384858546623,1.749776765762893,0.7067304889643069,385.20497914847743
31.867417460214003,4.590450261646725,0.7733706752768825,493.95706703365454
20.209992332320336,9.050066686609586,0.9462115352905911,822.9439733251686
29.929542243192834,5.408531806888536,0.7069834899471067,447.7765611459247
33.03728581080845,6.057593424144323,0.922620365625846,821.4509527642606
12.023494749874738,3.286495303236576,0.7356955490076136,69.94994654301988
3.1148657224625005,7.457790172219763,0.7096113646909602,586.1406249363355
7.931394704692,5.764497371603607,0.8871674756771343,571.3132832491606
23.608928055416786,2.549558121828661,0.9470894017629228,970.0779093720856
27.37484502231589,9.983188505007504,0.9347308687359747,711.6917275472135
19.77941270825071,1.8923235861026408,0.7770533458502765,831.1747865546304
36.968573536047764,0.12603650540895767,0.892721738302748,568.5871149423281
28.769266519483185,0.10339453789472655,0.8321360480414014,775.5876008143789
10.964581057687303,1.9876674304170519,0.772360356097847,333.2131062099496
17.646225866322496,0.061665904585655164,0.8270128462404218,95.30151433929163
37.89955086305802,3.6235189705254753,0.8546372646630197,784.0727534984876
0.0,8.010689506141885,0.7120842027917853,108.09891298383683
0.0,6.078073838801023,0.8726641256626659,215.42491892693442
4.543360494786493,3.4123305164700457,0.9194515958881289,687.1761365429159
35.32882911756648,7.855303049426984,0.8442060448956207,914.4252383289971
23.10934576469716,4.799634867837963,0.8333069003834577,725.863185006026
4.622512368807731,0.7510698124619146,0.8476799299886814,847.2023692831679
24.042845831295075,1.8288659800798595,0.8034387797878427,475.3817441529598
32.935598229705725,1.9491525454873868,0.7414640799215494,111.22363573626498
26.74358320343459,1.771310642332619,0.8752478892231305,876.2386845645992
15.366353756188923,9.476017091827405,0.7936417178884159,771.1352192719235
7.166919402605617,6.464905127726275,0.8141216442614668,354.0240698112694
7.3727437876843975,6.585959100672001,0.9438015795054051,851.8718552153384
16.05908875206969,5.121024670181492,0.8209603690714343,483.3740193223948
30.69467866157564,7.657441067958446,0.8708025042249323,175.00386459045257
17.702525369734474,9.230071380400195,0.905617100627478,778.2648685238088
11.180455651567643,9.687124525576008,0.8907948390151466,447.9695810910202
5.494599784020399,6.076619571224379,0.8277706075553,287.1292866370096
31.547660371885062,2.155870335142418,0.8117909527903038,414.08314249095764
38.67815175284381,6.341633115111788,0.8535709283137362,652.2620455893457
36.93982809461924,8.66126248819605,0.9252753546425219,99.41600053236499
0.0,1.2691126103850034,0.7751780067013876,46.42354325614647
0.0,2.622348963440445,0.875811414471757,358.7232855537352
26.35912434697456,1.2647546713069848,0.7422264405595234,433.1190289792057
16.440915412870115,0.09654370175670299,0.8837006483511295,108.53450943164653
0.34894152242267906,5.718384159071893,0.9494151183249087,52.260394331133675
11.405653940391105,5.201483889133986,0.8071513783372013,630.3333329594827
24.997134298987582,5.001786253948219,0.944700759691756,538.2655311299851
27.4317764416166,1.2471814702053625,0.8108769973771859,783.703020494708
19.456334848037397,4.367321402727599,0.7185230796711638,224.98753948816957
0.0,1.7966531743933947,0.7273253831388872,321.5310682952473
15.289162140148719,8.153432659745292,0.8776801073229691,708.2667150782868
6.7141368881275305,6.092909925895911,0.8689782214765267,301.9925330637467
0.0,5.483509928745554,0.939485501985793,373.56709566631713
15.947643678175488,6.850551260590085,0.8007468829313783,281.46519918254006
32.987866254237915,0.29500747809170264,0.9099148293746497,635.4195709000587
21.488357191052668,0.912243453117053,0.8883001952376791,848.4285272885378
0.0,4.708765716912527,0.7987141920913284,640.364739621073
2.3966757237474168,2.2282801411565627,0.8116852415026572,184.49315524566248
0.0,2.210774922665595,0.7353729549018824,788.3757364372582
38.62862524550772,1.2860646613920255,0.8387529518276358,920.6935140547433
21.456153011309773,8.702475531664868,0.7457818579472228,184.33846300657285
20.34116726998292,4.193793068996151,0.8952222735212503,405.9374622174594
7.429854976043671,2.7124190446050944,0.8379272876453951,473.6385354001704
37.59722077576174,6.460785595432905,0.8073783558824622,754.0660157528885
4.082589145374791,6.331089781856028,0.8841641982950975,228.85905411246569
28.49876697413606,3.8677208868146624,0.8943401152197092,795.2269488948097
31.060445863958403,6.937183592734988,0.8960416218373478,630.4345782804924
11.890190029127867,0.16510656181773914,0.8697677137085964,943.3651045238196
33.10431211817749,9.582250057359197,0.7074395019503077,870.6661682589827
4.229979817585498,9.29772858939214,0.8454585747611835,583.169248326174
31.233507843860714,4.389589723740179,0.8654805928801457,118.62125609969877
10.85526444146307,7.758560967138608,0.8147114028183349,859.5620622317128
10.586152799127273,3.2135889659736483,0.7636535213183098,628.542029738088
21.816603896089184,1.6961103127347863,0.8594206113190623,310.31929958122635
36.943859577545645,9.45344521138988,0.8976581677048909,658.9131019250964
38.4276207826257,4.641173659500997,0.7219706842271518,420.53651208642066
22.490349090062885,5.621357454446722,0.914899043658822,259.776027408142
32.78434892618956,9.953202740234966,0.9387990127406213,106.24365433777932
4.8022347324095795,9.195363866108636,0.8546197657024694,577.1052922819458
0.0,1.0518083539476244,0.8254836664033569,181.99683025329833
7.434888843526848,4.248294331660836,0.7728547449458303,83.4870707496313
0.8308766760416457,7.558005904655245,0.8406124581239255,286.34577929891503
5.3976766745160685,1.4196155974212532,0.8146639092367447,922.8284786782974
14.961216313270691,2.523367138582887,0.806900218971644,843.924987773438
11.622208796175656,7.22298484462298,0.766925098700575,936.5828080700059
21.622706386468156,0.7332383343577136,0.7550746761541286,59.08459420788951
16.205315158238854,3.8814167792142245,0.8781346748656165,955.0065925952312
25.33855970396404,7.25333840881105,0.8407574493480557,936.5301332169455
0.0,3.132743821610399,0.9183367283945495,101.07385925964671
16.937773631791515,7.42910102579281,0.7300755844069697,566.524319653115
26.14766616411739,5.808599457210272,0.8203430263098515,73.25800707128742
35.15376553717835,9.364993182839834,0.7857117550047055,809.385099824965
23.751060150042356,1.1466524537561584,0.9347993471825934,776.3595854399503
36.03081930978956,3.0536346755450836,0.8463129691210687,874.704211172391
19.0477956304428,9.141087319357226,0.9222755897976578,153.47684852857722
0.0,5.561392884779591,0.8608319243092537,61.7917194008896
1.6183387131584457,1.323450671067366,0.7960448840489146,751.5979174679806
20.43528727415161,4.109066046303143,0.7482087472934349,598.5439751966182
13.916623826907234,1.0160084304812969,0.7815340816933188,689.5941037507181
15.360898602506243,0.5451274478518623,0.9056935197853326,332.08737491674196
28.746765765305884,8.890037617867346,0.7764673898884269,505.5220342439838
16.38843125132045,8.86917259842312,0.9115801967677541,284.4255894084751
30.046010477267718,8.064359361429256,0.9079725221057772,722.9403028481496
9.385845984413045,7.856097065197061,0.7762552769010289,317.9244180572686
0.40652052645887066,0.46352826146098675,0.7008242365910372,55.949826334163824
22.20519867070142,5.110238024707886,0.8854529169696566,142.57907253588556
0.0,9.291197935140492,0.8454346065069207,317.4570877997332
35.73458318352993,5.048396115368907,0.7766378668010697,848.2251961330144
39.001403373512595,1.4765578945702913,0.8814330793598333,383.5084866436291
25.487807885966667,2.17671866602295,0.8369858167388798,709.465258745204
2.275253686116493,7.499740785056612,0.7848728244729303,711.2427285288013
20.475715496039022,8.509905287636444,0.8999127264900455,540.30940834831
6.555691385247925,8.999978599363844,0.9131766724831424,76.93630748296127
21.282877624360044,3.597805943072227,0.7109918082177349,984.9624159488615
16.959965305881838,5.81631373949016,0.8741775752206566,121.76997540705341
2.6376975111451477,2.743869516769082,0.7809950996248997,504.67036386186714
27.60927104325368,4.043971749658661,0.8957280487002367,561.0986103842083
20.286448379351068,0.4374877945705398,0.7542282290975226,149.70742309589838
8.630805584838779,6.3836876635900115,0.7388803578182592,873.6062109489932
32.28926127854034,0.26771289127015396,0.9344560367142645,792.9556791037656
0.0,7.068669550133585,0.7700142660797002,430.5736444025057
5.271997307948728,8.08453906196833,0.812399786488103,612.0884641225142
26.287084481435436,6.273123379379914,0.8087370835798823,317.87812079102486
15.604901322684613,8.157924145363854,0.8630111500982462,620.9334706090485
14.618676527344123,1.5812233541030607,0.819085672988615,209.67881948400472
12.331378315018311,8.406196844237016,0.7586949510220393,807.8171408615673
21.793978782783864,5.768153086235945,0.7670361739480507,106.7323856280579
0.0,5.944043222515627,0.7651369075580471,444.27582120760815
7.728441087842475,9.327121332262621,0.7635210868977523,276.2370383521734
32.83871987407082,3.489462370982978,0.8173436986794934,388.77035542179146
11.000730570882824,6.221571753120335,0.8808907229774475,672.8897153019916
0.0,2.7886136712041076,0.7235727217239387,788.7424758774833
21.715667553737994,9.654598822417432,0.7639956238703722,181.8306232095012
0.0,4.257316382732274,0.7373419453901648,708.935411372195
21.42405937419325,8.049871715988795,0.8708609560897771,212.46281088980172
0.0,3.7685617076355773,0.9140576371168293,41.10742463615768
33.809273712800604,2.892591050750117,0.9412109661205678,625.5780745487746
16.872191270624853,9.598019303226392,0.9140728814114418,279.4334587151276
26.08541264179036,5.3728588116980305,0.7746697466776167,302.9318371883881
11.717491578181455,4.970433428016058,0.8717328045089553,367.9797535811965
0.0,0.8620629581958185,0.7327567027778243,568.8222012644084
15.67376317315785,5.18288725274704,0.732562268292948,876.5727261859231
6.278709746787588,5.367786534343937,0.9051531895838032,481.8242799674287
6.921810186752067,1.3749172882136462,0.8581595161451839,182.31863467055103
35.31531339749279,9.722374840350701,0.7522186250301801,703.3618264835673
33.7172936437883,5.85433926488525,0.836899096077124,619.4378615401339
34.6316481873014,5.194222596316339,0.7165402000771416,343.5263517760112
17.223505541236726,8.966250576599137,0.9274144746259373,170.3149680864516
27.166363724707413,8.590925032952146,0.7556448205384477,951.0262189104177
34.85706032434925,0.9438947501992484,0.8221798839758969,785.495052404191
0.0,9.704939309667639,0.8495638145353842,948.860997851887
5.884249775918381,4.372893198117635,0.9391260207955338,293.288980795429
0.0,0.26353165535579903,0.8291313098934753,461.8720588477319
21.45089141991636,2.5254522888955844,0.7717982059868967,804.9151065113249
3.239064337974662,7.969490869054939,0.9035734763089618,510.95344155770255
0.0,5.544245499674047,0.8348422278737533,339.6229801953391
18.99658193803243,5.212019102232034,0.8506861594706707,569.5718869952125
8.04765985188817,9.423302843050095,0.78917566265516,764.7584613126548
32.92863475213929,6.440877487546332,0.8281340852891355,831.2861416910157
0.0,8.827309545733852,0.8190533078201268,652.7117600437116
32.0705381157377,3.6924485654566266,0.785127506680568,249.93431235148958
0.0,1.980851370901087,0.7060119496845878,100.25136426648868
11.24789750758315,7.492666299116956,0.8891979241588983,702.5073180401077
8.094064493879257,3.480260905562418,0.853040906250681,117.12432942920408
0.0,8.371327055851802,0.9232827983404621,312.1710985732701
12.57885876934961,3.630441341686346,0.7846808706583117,131.7213568705
38.985704321965606,8.37107158761267,0.9460642393864438,449.30920515787204
31.127099495282664,5.055500240415478,0.8890200583296646,773.3574752871514
19.0348014474008,1.447310277471669,0.8249151014519942,858.7980232343515
4.688143910837839,9.812316375879629,0.7216895573563014,676.4283874284806
1.9835799457308523,9.661304728926012,0.9399174030154532,445.0769624690944
0.9054723440446703,7.918630869835301,0.7901319927863116,193.7364848469068
36.359025477110855,6.278612680007546,0.7133467827873329,242.76884611382386
21.358973057413632,6.490315006945814,0.7735804150321104,258.2550873995871
0.0,0.1415757073021826,0.8275664405449472,348.93507715250763
7.898470442768956,8.7892702275229,0.8826074136205679,369.22067562947984
16.194565111884106,9.384415030239243,0.878029192261417,580.5354690399743
38.11005732996875,9.911996109529104,0.9158886519151828,460.99164240637583
36.181991544464296,5.424924784452284,0.7505769159840832,627.6334175274059
0.131624627426407,3.2314123405940838,0.8517018584649414,47.36053795340709
21.101651810512493,9.941251096406464,0.7449294969692256,394.5007742026378
24.798890414557263,1.228121377614345,0.869923439030952,515.1767408299013
38.42145251738033,1.3980851840852027,0.9221389920461807,76.45392979825182
0.0,3.7426489204868862,0.8273977598788839,934.3403727726383
18.171637089444296,0.6285342123408086,0.7581860854986313,419.1691093886886
32.60906614884237,0.1440007668915846,0.8371442050694946,690.8194730989668
9.679210868129122,9.324338779663767,0.7475908994157783,478.89738864148865
2.5316244673387045,2.850413388529939,0.7931062920805023,495.2464610416055
6.1128251976656,3.1127049729504876,0.8650974228565167,406.935165835187
35.323514532114075,6.435229088946849,0.9168424940702613,938.0194412823151
5.90207282642262,0.21548998581674644,0.911645714734592,374.5909905504437
27.20927319118276,3.264064321546199,0.7358542451707775,733.8769832823689
0.0,7.577167393702914,0.8865769321904988,628.0318108789686
11.334330538078335,1.6939492162657759,0.801487751234487,565.6959284577458
30.481190393512993,6.46727190060748,0.7956497762594918,129.7577840258495
1.7725073101774227,9.102675556593026,0.7886301261924272,879.7470580869352
3.17261768978121,6.647694324853497,0.9134078809692316,673.3378979004434
23.06570281351571,5.010543675741678,0.9304519669195075,151.26400634613492
26.02321714616351,6.1029737991744195,0.7535580758109994,730.1103281403883
38.336620309231655,1.7910918515164653,0.7034034185245639,453.01800333674487
0.0,7.237510668649791,0.9368237392356307,153.09457683593476
13.421128407271167,8.660155522873426,0.7131523547062498,356.2262408905362
14.981904437929147,2.3854563673054083,0.7304301326457436,664.1744433292347
32.44115298662237,9.55907006225569,0.7029185507183686,678.0717886702239
4.360620597601156,3.01648898404054,0.8965113028198676,370.37981316912305
16.42202640009401,5.388986886453512,0.8127802324175764,384.9865474307685
36.5555988459953,1.077189776113469,0.895270204735917,559.2522481274475
0.0,7.941930346100613,0.78747429411521,699.9399788541301
38.41872284548029,6.617661751821991,0.7405795969971656,216.98212669714002
11.834552613944284,0.8161920661645755,0.864087818172466,792.60297807148
6.854398705693348,1.6470636148950017,0.839931345271188,393.0480677418196
11.718437304716494,1.9401813587922117,0.9485631341693711,298.3517201201614
33.64328424800418,2.1361463646594907,0.8562880200665053,478.64334999036925
29.505209297947644,5.714810644004571,0.8805276276933767,312.96564431332774
39.20348065610848,5.651845139437664,0.8026414141901171,974.2829245645163
0.0,3.0166386958529183,0.9021322354421114,83.66106979124254
33.83795414596856,8.912238656064364,0.8194592792682365,909.2435304213376
34.79572974572952,0.24612445721747928,0.7772468560736663,479.0016918278433
17.657059013816347,5.585364655196862,0.7298506554751465,434.0837088509714
16.636383966003518,9.481143273928945,0.9439369527431434,697.108297803509
5.387153745139597,8.080588219203282,0.7195025374491512,813.2632049923834
36.68300571066273,1.6516266521611227,0.9447361201239844,569.1275975494927
38.63276438898812,6.65076131086501,0.8877667696648333,177.5553169310932
0.0,2.9711982993814594,0.9296355917225602,326.25396831790727
20.924328479139238,1.617111076625524,0.8840278424241378,56.637340688854714
36.30497090401824,9.218239437708728,0.735069990889063,734.6759953651429
12.672534847655363,9.511799717319198,0.7839191795269861,205.70729114611854
35.453752767585996,4.521309638445082,0.7942890428774849,722.7007416711475
2.1590920939791984,5.486270669650381,0.913748049773606,640.3539432638278
0.2788717215911552,8.842602744120017,0.9173184726802595,971.5573151710872
22.133116815587922,2.771654404169273,0.7253841566447322,386.43011213419487
39.7294351950237,3.74892280555094,0.7907614691952084,157.3301011750541
0.0,4.2492355066563245,0.8103656003387212,855.238058066484
15.203476679138173,4.656850368475223,0.8946014037140702,77.13874295531298
14.848095298404253,3.636255967252043,0.946223919284271,706.5189982769779
34.298014307119004,5.9845151310833415,0.9405792758053904,968.6525359592584
0.7788574901026765,4.237143549659927,0.8944304719717342,159.90508669839048
20.010786889343528,6.324531995949553,0.8785939122758903,220.70222704237176
5.073681711850215,7.2717439854866175,0.785639841101773,747.6078574682322
8.246634042246319,9.249313245202387,0.9451322973679221,471.5141688532205
5.358813381477613,5.8517254088938175,0.7775862061231947,749.1964895187856
13.645498576664378,3.3406827510900103,0.8385375904549249,284.0808540440779
2.2922404211438385,2.7717419593348995,0.8671466006929673,131.7469518439111
10.997887416437422,3.556207477554583,0.9485787500979502,583.6457033911347
28.47173095135986,7.96620410199348,0.7893519112710188,112.10442269108107
24.098581351174506,9.213500645914857,0.9032258979713291,667.4976034970329
33.0613853545165,3.9172916614640774,0.8737741534987832,240.66177899427595
34.572563459885686,2.0907721821435135,0.805672194548035,964.3558356452612
0.0,8.171301316282888,0.8777334371464218,735.1558993271882
29.839550933238566,7.130617315617857,0.896967244895948,946.9682412236439
32.896403627548644,6.254371438892046,0.8393516887208066,482.8123977660213
13.198314913817299,7.9238738282162,0.8901226560594881,687.5619397505627
29.47478160241136,4.140515449442267,0.9170250075700072,822.7299981543421
39.72685172607548,3.8344925656179063,0.7494904680854283,391.2713644928148
38.32761096130277,1.2858896861430085,0.7811772927579868,406.1175053697874
34.502314018904386,0.2564725278244248,0.7447529418960483,904.0791713076275
22.602489812059424,2.3410821256009133,0.9297185947328847,951.6571674032369
4.745602388392157,1.5606984402612227,0.7890111148258797,183.74157852356427
35.237695762264416,4.231193370946412,0.7308542362300452,560.4951703707559
37.041432025761324,7.9420775137281865,0.851704507223524,431.50708122001083
20.378264643017033,2.0558187982648155,0.8939578146905571,819.1673437094277
28.345834656638246,8.578349192660157,0.8315133508478224,479.1110981163717
32.54246542843923,6.6315780275977145,0.8030992931547676,954.4774462133679
5.516556748475666,1.6349541225504536,0.7751107538204176,353.8845001066017
31.202465172825384,1.4683677017903554,0.9088939951908768,483.2521225648784
33.994636888330966,7.347828075307407,0.8254113674248748,861.3482702894313
15.084156401738914,6.932106839772441,0.7847671664646763,446.9096752179679
29.604355121658642,7.861368248323712,0.8127632186935752,727.1660176143835
9.210141604890614,3.4581212539010546,0.8986227703685492,895.3686161511823
0.48301672434212634,5.3776595149418736,0.7668584393868708,495.7001229111791
34.65040270627312,4.5743966702629395,0.8842784329002147,321.9707952029238
2.802451548707693,3.6740405446621067,0.7104013073233693,896.5633060010692
0.0,3.5007616371828956,0.9164482121171545,691.9835435596245
16.303691564711738,3.5793109348080487,0.866677579269076,966.1295548542088
39.474951305274935,8.075485776068232,0.7698648367931301,315.7075778390199
0.0,5.590922879792106,0.8349771345278194,248.82052345693438
13.144490801630852,4.4703671936127405,0.8033369024333604,245.54799075448932
14.55117018905455,0.502221674667073,0.8363093896420524,445.9188198354572
0.0,6.289571230323102,0.7094561811422857,86.92487400833005
0.0,4.481780298195014,0.8013307107969427,413.2568717859894
4.728392529314752,5.8232949716429365,0.722345527261022,370.4654688200388
22.11393943802651,9.895897461954776,0.9071895392151219,297.0334146902446
25.471740503369592,6.847514313938076,0.8827772555998212,771.1981614580818
39.60894477227473,9.867015243944074,0.7970508856848084,488.3222949456966
21.660079913425733,2.001458265039972,0.9139154015784137,66.03582318180614
32.638728245377365,3.873349966742696,0.8178451477796854,433.56043295926435
17.7487678497883,4.596992942998816,0.8142881097687327,925.3430776295647
19.121989489791808,5.162345561567864,0.9235511466649557,839.4653741078637
15.433249871207028,0.5369770922587469,0.9213307201173946,656.4447913835415
20.206498120616963,4.636240198165371,0.7720634933376337,450.5600805655997
21.301397819585393,9.469967211356902,0.9435007143514877,116.47250622567083
34.7424997273445,1.8324123475661191,0.7750112157818829,753.3146243391054
29.893187733801092,0.8165120134553985,0.8596000188110235,406.58239117198707
30.602157523929506,1.2409014236262945,0.9046450471797539,390.1801969408415
25.50072261026456,5.204082045939676,0.745168025159443,788.4018044478701
36.50143077909851,6.170256387546921,0.7457762280730135,58.23826695427538
0.0,4.460787762199201,0.8249683453803311,632.9390043207812
0.0,3.935057155110302,0.8625466445929176,815.4667656267345
39.79593221416683,0.6532023779300012,0.9469337711649088,320.16044823686167
19.660510030800808,5.721503930769603,0.8727444254291937,456.07232649385867
34.916262904464304,1.1463074321982578,0.8587466971378213,824.5639254915799
25.625788682217696,9.52462042692032,0.7393841146473678,897.5000836394778
31.103354210324127,3.1201004854976815,0.8072050998406364,460.09199812024076
20.469531883243537,7.835347117001083,0.7265864558897909,957.874495893139
11.272857628375487,9.583920704513636,0.7537748869336561,953.4572653816392
17.99350853056451,5.132659626450041,0.7846523697858223,571.043456094134
2.301648011736895,1.533231562181304,0.9060446956424204,650.0028477155527
0.0,7.07908344168161,0.8467326604135299,59.03045881042637
19.5226084071918,8.428363218560389,0.7750069781009187,539.5177964310883
9.428612738641812,1.2197871370453284,0.8866481956301703,281.00057472992313
35.208586875972465,1.077333816557843,0.8348655584327823,452.96544252019123
39.67155134552769,5.228158293127205,0.7526164443234016,821.6807854202075
15.617396407505456,7.425115724728299,0.7381155507785344,351.666359344127
26.281829791410175,5.692276798005364,0.9168565426412189,652.5403238868258
6.987830814228129,0.22366074164495142,0.7235416491715064,704.0325994823052
5.127003361889401,6.37165821317451,0.8215816321539463,332.9789208338678
9.798468861909825,1.8840135076329119,0.9147967254740818,382.1254608720889
33.83009536235747,7.9232661877804915,0.804303930506445,972.5024850403031
10.888692448302079,1.0709782534612229,0.8913775941589424,302.12537084944364
27.967766469142727,0.410643640747052,0.743038128947185,653.6616411749892
24.985119057853687,8.61363917368481,0.942260480666562,541.7983658154159
0.9305088012070151,2.156580320019122,0.7375193777721585,404.5134678345915
37.7858654035865,7.177493259911481,0.8895903083710012,603.4529899500988
16.860994795396508,4.951358229655741,0.8404287610937541,139.51848347230353
33.05233810174554,6.266186488774192,0.9259821133414814,485.8944836359677
7.976088444878103,5.92139461161771,0.7292926099113868,968.0702743010299
10.785111079762853,9.61018447794412,0.8828117256764609,376.3617419668271
30.28632542449117,8.661834415755678,0.8039327360065246,808.6878304299636
23.936466633204592,8.257894983124757,0.9044959497191816,171.4218499329584
4.36943690548836,5.753982718506744,0.9497567694005093,365.4048413927322
19.702039070329775,7.5072010781170375,0.7286192540375895,247.0946199132776
6.410260136498124,9.722188754759859,0.9355372404656688,265.9194346714153
3.719483478225598,5.6630847182350745,0.9240728232977296,321.81971173281045
0.0,0.35378796763255604,0.7160604195850397,940.4976239785149
6.340982847984988,2.2862771264188813,0.8599753793924266,426.0935974840017
28.51554696461305,7.013201892869429,0.89986553561173,427.29734414795473
21.666111773503406,9.135577687238575,0.7202603521180917,850.5072235480528
20.909195542095823,1.8335106697905168,0.8501415937848484,387.78142905840684
15.715485153583215,1.1563132436283596,0.7728640042218895,925.3629444806304
33.65009057739486,0.8069744525544482,0.8748590354912076,832.5035064355021
13.925143883449767,5.296073404997076,0.8252083490669441,713.7657070660011
21.691612458377495,0.8623980707648529,0.9157660527165099,94.75678916472361
10.456507987374371,7.226289846293185,0.8741062943225207,503.1538480917724
6.785183919952193,1.5954939675674786,0.8289235753014557,113.40030869718767
9.022470882384976,5.885904364666112,0.7176355508869348,103.8355014443145
8.328044157087465,4.37794088129486,0.7631493801859962,877.9103690351194
13.09981676993333,4.911614888131745,0.8960780754836088,882.9265197821051
34.49289319797834,0.24397750348113445,0.7464916199614169,963.8478935681024
24.523873973467435,8.587829821712708,0.75649296170834,366.98441181022577
0.8194744775282321,9.917056989987259,0.7841046206054056,922.119479713414
35.151906360132394,9.268685028221475,0.8653798522631871,770.4818524370943
39.39441332330754,1.51008278661114,0.8156194425214238,894.0026404325749
21.953033437317334,1.399740335423191,0.7895315200955422,510.17959408642196
6.6958815048197655,5.1346518006107065,0.8627293018254563,53.57303868659585
21.99325088749182,0.4841670710605416,0.9028792504818055,135.23706947550045
39.39623434687699,8.49966320689015,0.8627170046089618,457.56782858156436
14.404677697841999,5.774803042304027,0.7025627654068505,86.72045300864357
33.42748932596529,8.212040827263678,0.7953288789528509,771.1177109137818
24.370395401101735,4.794482146956429,0.8655727610740636,564.9892991246015
34.72641450071394,0.7402019902094907,0.7982665318494122,464.0514151534483
0.0,8.78141795112043,0.8242968846140593,282.8498755934818
20.762242682419593,0.20920723557441964,0.748431494835128,366.76782547526034
26.49423848870981,2.5943594816593403,0.9200107760912757,263.78944456018576
11.678385780233475,2.604214662270073,0.918420097811109,943.3929855329018
11.48167894767592,6.340428126771074,0.7138500530968634,678.4998551368127
36.649355308020056,2.234277114464944,0.7624669915174886,311.0223062356729
36.476495622243455,9.797562785357224,0.7592034619541356,170.92270709402788
0.0,9.402145000977828,0.8848342358744745,576.3656151334204
0.26296217563523083,6.257314784868837,0.8094937703769274,50.08346156757803
0.0,3.3312518074744273,0.8524416150982863,216.03895928292243
29.028937528349466,4.477285465107516,0.7665340606935133,450.53835885090535
32.576734467750164,8.55952557183123,0.8047782246464906,94.58413060030445
9.049417759853572,4.834142985771175,0.9103070590318822,955.7414650207826
26.62110402129982,7.8329346231373815,0.8235959977439218,663.3996648174145
4.1039399766976,4.291137497671008,0.8958926029070386,587.7136873012272
10.603716026173718,8.875451487124526,0.811433893254645,883.768400733686
21.08883934085669,5.7434836541965995,0.8466760911813204,581.8753648365022
23.439324237801067,2.339934934813407,0.9282663357881414,831.551335715878
33.90692123918391,6.728980133111616,0.8913691058954172,674.6482814383863
0.0,3.3625350450762848,0.9415206706125845,86.10598657428159
22.444781296915206,4.524572496068372,0.8027323644717801,462.3897936558739
1.5245793521548863,2.478985489196405,0.9483795454174655,351.2537073641175
3.8110126556025428,3.217881436574963,0.9403346079472298,66.64900880970126
23.325307906612416,5.7973091034848485,0.9397360513140237,654.8528270713099
10.717522406362562,5.443453183043661,0.7472839600885215,573.0445282806688
9.587400654719247,5.968558927487804,0.8643670179136786,269.7294470952305
39.4096591279242,5.160106635171511,0.905007310820666,377.9123061339731
0.0,6.757574662070803,0.7531658562023592,518.5737777941825
6.512034838770232,6.887622542327625,0.8080099808028209,999.127829650809
2.2291206205080303,5.2769441305232,0.8946284233203226,788.1594464635427
24.407002398511448,6.331686795623561,0.7845385157671767,553.3717585931892
25.444453969117,8.81490092139569,0.7984207079836969,343.7830657259832
31.013454686485467,7.923423768190568,0.8338382186688743,760.7386951480939
12.808724089983988,2.51515373579648,0.8680944476133063,401.8903761499404
21.545334660153824,1.742175311775039,0.7839658183452423,168.142775383665
39.671176510639874,7.122340403345122,0.7298216122458315,412.1907351559968
33.876589669460564,1.2757347208102274,0.8522674526584026,683.836240693397
6.56089544784466,3.445494372192889,0.7620562131594489,394.63021624575225
12.811291172886424,8.467970473010139,0.914781728808993,290.8026209814499
27.87206068277527,2.884551033169992,0.9124994008407827,256.0974693275942
14.56000874292401,7.818681691986011,0.7852824566607587,57.1956454729688
6.693393433373175,8.303023991142071,0.7351141415517094,902.7804548611718
32.383692469652324,3.239080003674909,0.874756237851518,850.4072659374078
24.65207461350787,8.982605871610577,0.7802637329486608,869.0119289458318
11.99496709518382,9.96354739202845,0.7348507499529037,973.3257503860874
39.30844885345343,2.64938563652686,0.86047483304342,649.1673275787226
34.37039717586782,2.3618656832917804,0.7456144807155817,728.2132655157341
37.35924427261514,7.021952978664606,0.940997070403955,587.3316578663495
18.072153599182794,5.841543424443083,0.8842611142082604,383.3944993753062
0.0,0.17703539803472682,0.7687418139488544,193.18207389805994
0.0,0.45402250799044414,0.8244575501466948,547.5270880492885
38.559040735865956,9.944455673668228,0.9346146994839355,408.61840607369254
21.941522727042646,4.709855618837807,0.7782834056049587,907.9358691966376
13.97888122099022,6.188528505717795,0.8536127188515472,981.3206667282286
26.07691625065186,6.002521879915351,0.9219036811993467,890.8866238610527
10.222652643793275,2.729459450702266,0.949418972173411,540.1615910886328
8.85948324410257,2.4387709880119397,0.887655360049955,526.0394539287752
0.0,9.176090880692492,0.8327834148658639,251.2100085732265
24.30496260998558,1.7645502372830653,0.9159151814211187,46.53619559089865
36.03728797241158,4.608521930705593,0.7731237025709102,989.1110583990707
24.50615731339589,1.2657525727777912,0.8756387474111298,964.7326626599562
0.0,4.137715248850446,0.7059124776441776,305.6778845773854
22.865886451177406,0.5058997665573386,0.7100388434965814,857.4416136274751
5.643218358420694,4.32557397821546,0.7773169965952,615.1339997039288
15.529014065305779,9.488827250039247,0.7129806010397695,430.3874321041393
19.598528368828273,4.9103643231024625,0.9038725040508077,799.171149839826
6.141152388967242,9.267903807738099,0.8521516582677099,216.40766325047554
1.1998719940480687,1.6478795631103473,0.9352261745698836,800.1882420341618
5.018392321698197,8.429111207684684,0.7580579447312923,586.3588332500566
13.119883780076087,3.643577473663518,0.9499265976313708,766.4413583931176
15.420761371845076,0.9505822624597797,0.760278070443245,490.7111728110758
36.6086787302624,6.397327126816737,0.8489229965088045,318.42620323996476
25.937138306802105,2.7527114217989492,0.7200014004176947,393.1804259801088
17.930082804952225,8.36174482136596,0.7246558877888976,886.5421320047832
0.0,7.989745623403412,0.7060168926368771,530.6719841296044
30.314860769726504,1.4632274496852185,0.8462148183210548,523.9683335826157
28.258745304535427,9.466503037495785,0.8399145524752963,985.6201486048469
39.40836643728341,2.781646862394064,0.8631256965934343,252.36376443547354
15.32252753916646,4.791039098150436,0.8819120093367734,453.8012859922233
15.684215360385846,3.552408634188236,0.7289161244647737,795.2759798638398
1.076575760441531,7.9071346003761125,0.8324896160882089,384.6265461427213
0.0,8.561783436699054,0.7379513423905225,993.3646928746797
4.655583992512897,3.2993316486509348,0.7571436207003298,173.3592343862225
15.019116446082124,6.202924021986828,0.8403456884791921,488.09490712987235
12.163755581896405,8.809839392976402,0.8915191067728898,821.7391695375879
5.253423356093687,0.6317401284748585,0.8333567201809211,713.1338725386425
28.677071715121436,1.6021778951002594,0.9081214923657042,81.96318374593602
2.2740881929480667,1.9330473474268919,0.7508542474018854,628.3877851584639
3.522895365617546,1.6045546444403036,0.8938368816380154,864.5198300886159
12.877293101966375,1.320645693899488,0.8978165147677951,759.5048746841396
0.4329111260661789,9.69343351260249,0.8793970722613889,118.03549053324019
20.21519950796797,8.861634319940885,0.7042827233441825,481.65386273940004
28.416392779243353,7.316584519582805,0.7724093622579845,501.92232829920846
29.05325749111005,6.2406229754989955,0.7265534760940157,967.1414841760005
24.81330468339992,5.255739444225296,0.7498489382890117,135.8771164597023
4.157337168572794,8.674843912546256,0.7603141986336166,656.56725031864
15.392357845645755,7.928543952177405,0.7499527620041657,523.5780434780166
36.03839707709287,8.5399588300972,0.944172878729016,984.7979380711008
21.49271041038482,4.231750852473065,0.9234363791420734,953.974642417465
16.27056865844537,3.6485927991857507,0.8255350169623163,630.3572745646158
18.866280041821394,3.1752423056306807,0.932795396961144,487.84648723524555
24.467488337116766,6.866393960443905,0.7324293941465684,686.8636230353349
19.743651028600805,2.328970846458171,0.7798238097017337,144.2866137620921
5.319694044252395,6.336636292606951,0.8957801060490788,409.4925839775997
0.0,4.091308740940129,0.8981932991741488,99.31050398024442
12.77154250762339,7.8451712759114605,0.8565317260013277,222.25218676244202
32.89020632671566,9.07407910044384,0.7564882989303443,186.21258481966726
34.24415573436004,5.110884740543121,0.880073896315942,431.5916135827643
11.731784946035344,0.060723055438409695,0.7094148991060286,851.6496620055921
26.715103785601105,7.834259079015525,0.9364319971724969,536.1504845209392
22.53822505189163,5.52834583220173,0.7010299584934179,92.19760940473954
18.02732832671809,5.597802402767272,0.9498354525199741,448.3716027123548
16.76440343729813,5.1015268197891706,0.8234893433961347,110.3123807789693
30.348892708425108,6.579889556044421,0.8650532803517781,734.706312649279
1.5197526963054901,3.3572914267769938,0.7652319912931684,523.0720918001634
6.241225774665787,0.5992378873148294,0.8332269540869806,518.0806166989464
25.21457784051219,3.531238928161727,0.7665513056409268,734.6736333438644
7.783508790872046,8.788471716583874,0.9147554521016624,617.6837608273974
12.19744224114317,9.0317954332221,0.8974917970362388,622.6713362078276
39.52344198947398,5.238646268081045,0.9289768996875895,385.78831319159417
0.8243022983355468,1.2036627397260722,0.8429981759043301,785.2247325228752
10.00373748873095,0.1135826079192929,0.9306743501318695,365.57084073159467
0.0,5.814326518018952,0.7403368734711397,743.520603893956
28.484656207909055,2.4768168203645327,0.917579181919455,928.9313380333286
29.991662245627605,1.5322118345795905,0.7710346015251198,924.1802257253017
0.0,7.5349186301480024,0.9096135080478539,313.7128015298491
36.661515421105165,0.7927644271922228,0.8686193602419731,782.6978788891014
22.65146115160624,4.934315194351687,0.8914681806919169,652.4966322309431
18.31202461610311,4.355414520591212,0.8267447538647246,593.5089437002932
24.551553029573007,7.559355090546483,0.9194853663293643,493.36176865553153
17.766852401954964,0.12298948466988847,0.8903550345710731,704.9797409099978
25.310296626422655,4.730899710600422,0.8407461584695222,665.5481978660429
24.351649735093794,3.038497561166556,0.9270736659815932,438.74036504851665
36.877789846657045,7.798469882712785,0.7881320178758375,281.1485618252917
15.629075296395783,8.587948617136247,0.8327185433787683,266.1854192856913
15.927627823380254,9.800066358109605,0.9431198828938137,452.6760053746838
32.27540899289955,1.106710858601974,0.8469875179268529,185.00187930735888
14.48920731241343,2.709628595267127,0.9084350981612127,547.7828708864288
0.0,5.693824333733546,0.7715952476642686,159.6496947366672
17.13238769073697,5.534065973934368,0.8089703791928633,319.2177989016256
21.43189572886946,1.0195166238136129,0.7656849287162741,405.0604494340947
12.674063117046538,8.403196498681822,0.7758872797332613,40.06056183075181
30.086640238656233,0.5447545254230751,0.9120165156505862,413.0163350695834
11.943730894316692,6.631269886750065,0.7286794751593687,604.9003913695385
14.306227179928795,2.6963910128796784,0.7817849196729054,108.55212508823232
20.976678830044737,0.7243922313322508,0.8919485542408548,683.3480695532435
4.32467037584098,5.474594560173285,0.804657556309302,521.3343190657951
32.05567633396103,6.943497732624332,0.8768685128893162,189.74736644389296
0.0,6.582831197371281,0.8117504492632707,600.7519717274356
0.0,9.130142212211695,0.9123066192534994,470.2811217548703
36.69148595962177,5.361103437363625,0.8311842473965831,767.4691557377433
20.3572301267937,4.823628628799562,0.9016036824313874,764.5808473951149
31.229807966952357,9.784899263056086,0.9273236643118962,171.99647533699124
25.408927439702627,0.39800000597810725,0.8451910229753542,416.17637532097785
13.84656482314195,1.484377683041818,0.764239470227204,299.9319850431066
30.751046894284613,7.142076827907279,0.7132729051635328,140.59310631913294
18.779287877315802,1.2680552007334076,0.8575170662205573,534.8122982098101
19.011338853423386,8.533472189727263,0.87896961549483,164.65406958858296
5.230595161303487,4.371372005432605,0.8496457965647806,91.132730971792
14.020062715595847,4.020336453646403,0.8885569264623998,55.30382548444713
23.588602923457756,9.373001003639375,0.7780767886878139,786.2756740349931
22.58724300742357,3.533972753298411,0.8722865870106672,638.2225384718448
34.61608448516781,8.966789761422005,0.8785194223880135,644.5742740940526
21.74577265286223,8.380847094969191,0.8181990380235427,247.4682415468246
25.93022299101636,0.5982117069700473,0.8192433271045858,399.28036687472195
39.411087640461446,8.774738309350399,0.7858624220556134,874.7435215838975
8.585280502483158,1.4477829259697201,0.8834513459712908,538.1173836898893
29.60047165041813,9.843868873197158,0.8540428697219528,935.175549503193
9.775880031801162,8.139674372244487,0.805240887325865,957.9282048533471
6.964495965593464,5.830392942667311,0.850453101828844,331.2682807358112
37.58076506329713,3.7043621495104353,0.9003911764936567,551.2400772253059
34.38833884400673,2.1902817100884424,0.8899940583725658,76.4997727832013
31.73402191872598,7.492625195766224,0.8586096879020586,70.3373765213469
28.922485828091315,0.3418674939962342,0.7133098116722787,386.03068750001165
31.70035207897739,2.1725103813349063,0.9268902423215113,369.0988349770087
19.18935253318479,9.510742431274231,0.707174822184262,224.7923076262003
36.15114074933384,6.5019451381565805,0.9395799116487453,557.7031261259965
0.0,3.5577493410625207,0.8888684725356591,259.0561682506208
5.42332845519314,1.6497465338880306,0.9269597479112981,799.0001065808366
21.522718699777347,7.089932489117999,0.7445398051238618,956.0198996509957
9.138919605895516,8.276064929220917,0.8755056173271135,583.4561641650635
31.73924439363779,6.975903042039999,0.9292852545848588,921.1178199565597
0.0,6.199000574732487,0.7759474537456309,722.4491726585409
1.9095144329109206,4.041951510882714,0.9487199963332321,170.8713617199744
35.77942042834172,2.7523744371894843,0.9312343730067609,900.9690053178564
27.952912684882257,5.326384675481569,0.7822969820077594,106.26794158754467
23.705074286390165,6.739190541734955,0.716271468414672,74.20294288614099
7.566011781562187,3.308641363394313,0.7788235966839672,626.2976219248543
21.235713125725344,3.4648550603318937,0.9252919526806764,570.0300892038897
0.0,4.194573992727432,0.8345014734477467,349.74566336400704
1.997371122182657,5.917227660630642,0.8940303811262338,754.7432105221815
10.743384105927856,9.336263474583923,0.8983538444637535,651.8821263939514
8.283981009983256,4.313095297723844,0.8376078463438321,571.7622130101632
21.712681025444926,6.34519107241433,0.842071001528553,106.7281259002521
32.892291727371564,2.5199560379079204,0.9311451906356589,170.9827457521758
10.797437723132935,2.456996144555498,0.8815966224386276,409.364583415579
35.80418688899702,2.5154022992947374,0.7142843135099721,388.7360695251508
0.0,6.215269732757803,0.7979537095300161,479.68073551494876
13.547168790130337,0.21462368128190518,0.8568506463715789,253.43924068738576
0.0,0.6044063230516505,0.7702786584650988,808.6774971122693
13.072610518023545,5.891178306536387,0.8097443140910776,686.946472901819
39.915903303050676,2.6501752027752303,0.8184183536164837,540.7504018439682
35.41104711273876,3.1131583062429935,0.7079936299428097,146.78815207432518
18.986680331343813,1.84015400533848,0.7115631125446521,891.8651153964812
31.086949233082724,8.111645314394451,0.7988874572495014,978.8309781723465
13.480511236715593,7.6711916105873605,0.7062334482497,579.2378188224259
7.467211044226036,4.729282468027255,0.7013363130654569,741.8919225310234
0.0,3.220386290768185,0.7162360886753071,796.3943980373356
16.492240383804745,3.7866752051504373,0.8017369038321457,611.0871280173737
23.137565377101154,5.213279926161644,0.8434568558468836,187.19722837587926
31.21702930153154,8.79058840568996,0.8690021996169602,447.6817171854988
35.828909238213825,3.5461370747523913,0.7072611170487929,134.42397793010272
29.345306393204933,5.748195913105518,0.8528917777946241,88.15231310378437
35.82576135736446,6.25461417306148,0.8073831409181742,95.62483552381259
0.5979460428800947,6.7237355487279515,0.748430320717048,202.2155589348851
16.23855420454614,6.999475644257516,0.8125033615261159,654.7713492299607
0.0,8.196383430903175,0.8703688675525668,421.64484201542393
35.762835859712034,0.5397218667775739,0.7836250017173978,860.417688789213
0.1022158607073858,4.9260752513194275,0.7116430089215515,775.4008146796498
24.527112193988632,2.7808800869623065,0.7930221476168702,249.54437715692617
0.3110544039014713,3.203320959119096,0.774475657834118,378.44631764516475
34.41670179354361,7.524203029476701,0.8352798367362907,323.4474303612435
16.593547717525094,1.994100749582979,0.9261889766554072,171.82201049057898
10.835053703583561,2.6366967932564784,0.7641030902556646,649.1402393969336
0.0,6.117957335050411,0.8924990931000867,510.8047636601563
35.50240440408786,9.84959716670392,0.8476030204184238,492.8803873616607
13.468516912754428,6.959860335892688,0.8465103055174896,271.2910862893973
6.017365589975784,7.91142882178086,0.7501580161336635,991.9942654141566
30.518698395222085,4.997706040742242,0.7620214363946949,560.8612829365699
33.40451928643512,6.745495342727558,0.8909170116060806,275.1632060537935
11.594183905796907,0.7570268433756382,0.8499974823918783,732.8964935588842
35.68046245279186,2.2860152870477437,0.7945480057190202,450.6780125480061
0.5350728238354107,1.1540768679909053,0.7573268540267419,809.6348929211202
10.578942055599068,7.891386831408489,0.8808004602705047,392.69840860043763
37.90041581244296,0.28290392621298255,0.7158565003912795,86.72282439206356
13.252806043447514,1.6790376216586784,0.7766503753742781,923.9988396170007
36.810524208352085,0.9198687456019796,0.9342214360287368,611.9624923281334
19.90580559846631,7.615603851355504,0.7811651621813139,766.5557526221123
38.475836614741006,8.78770640170429,0.9068503097725206,894.7714942408928
20.59247771405242,9.285306990946609,0.707234370138765,933.3328968440873
8.68496638351215,8.250379422658833,0.8913391829413676,500.5268494812502
37.9167443659962,7.827220034867683,0.8135013928432503,192.78712935410823
25.97688536982855,2.928517379864065,0.7964702695055479,109.58985425558697
6.557687506667843,1.9328082924393317,0.9200521717496496,957.0506578355522
35.7571229542743,4.594894659422503,0.746921725957651,222.51876302011647
19.671926245271607,2.701880207854157,0.7603821882836042,782.2989887580364
21.50386595018069,8.286762867746143,0.9354166309482095,246.90665362933575
24.272217104846384,2.3179339539160413,0.9494172995608408,740.7985293873912
24.129592953124767,4.38196528823733,0.714421954513961,891.3747487959197
37.14365170454665,4.8773070885609915,0.760636722424887,876.0374795072993
7.074535116446051,7.143605310086687,0.8169288741577043,666.6751399282816
2.711962700504198,4.511795883726952,0.8247494331768662,132.90659732171326
9.483382631384199,8.936155068627796,0.7747595906355972,839.1294208461024
19.68447418257131,5.576966725710162,0.9094488587189349,240.83975224379725
5.0096598334185884,8.750667722591627,0.8925651652627529,654.1125597358958
8.007849920301982,6.925306878405992,0.8906657170147622,873.7856749766593
0.7124347511224159,1.5127588864111599,0.7081243071560136,522.549336522431
30.586347215044917,1.025995654594885,0.8357112173110879,614.153775952778
0.0,2.083213045014104,0.9098303760653846,817.3915831589035
23.454750499075786,3.6069779693577164,0.7407718953809683,332.39873236805784
26.477614488714195,0.7611151230249084,0.7676745886763099,329.3095627195903
0.0,1.6814368780554705,0.7614693305997328,544.8051871340608
9.656774386637451,5.059497360588579,0.7927915773024357,931.1528520151984
25.394556841179888,5.658283586283985,0.7080154546293198,981.3884618759571
0.4720620943622696,8.290220578706,0.9031671472955272,440.65713104198613
0.0,8.064246100507246,0.9295269526134274,887.120102973198
37.92973655344633,9.235930732459327,0.8332761833614267,120.06924947504262
28.067882368599815,7.86937185514249,0.8009265275274927,310.0346602375674
29.035061476869732,2.609309351952955,0.7989734032009195,82.47357029511555
4.020934033630669,2.1614459813327063,0.804352226951256,615.975493967381
20.11056413611795,9.71069721150445,0.85435594327133,192.37122394299251
0.5294623413977744,1.8322025970885794,0.8308018191195319,318.9940278898092
38.09503524770788,4.170091805226021,0.8671785177415773,660.0275786198866
16.629347882998484,1.203247022272964,0.860447527805003,709.071114307663
36.24217850241962,7.402784325857514,0.8795104210715443,324.7107730338431
10.446968065771769,6.7800557451311665,0.8850106908756745,868.4096610001598
26.692800654882753,5.751178105623991,0.8999755810444904,73.42987518849874
17.433898883444176,1.053399371393204,0.8931643489993248,606.0576839321843
16.744532334117263,5.664783857385438,0.7032647173921276,456.6850873800753
12.889249771970558,8.760435857688442,0.7420567794247164,208.45670178154333
17.519863311360805,6.728598934866784,0.9228891191511015,507.3881623314896
1.609569316280539,6.282220265618042,0.79124346031148,342.9238813762678
12.902378793404091,8.81746938912296,0.7891409363121863,304.0963412361558
38.00324542904174,9.331264372531797,0.7022084618895348,78.12438524400005
1.2139574314471715,3.3648469836025887,0.7130031462998887,681.4010366968753
1.5489978486253457,8.807000743038659,0.7178055102653765,84.46258815063715
32.514249321417715,1.2350851577790207,0.8859709510846436,582.7095330728633
5.696197396614175,7.1608093141303915,0.8002872024186134,830.9840253562047
0.0,2.681394992871106,0.8220588344259877,887.4084881708038
6.136906951784734,2.3904888977834413,0.8030176542950896,976.3002771900414
38.258610326553445,1.374800548649957,0.7244859408143369,152.9479235896109
18.127796107632115,8.693342991479863,0.7156797448180829,371.8126612216508
2.9792684929995548,7.230361736733623,0.9159052127658289,795.1315450434893
17.251661377819524,5.140152328419762,0.7726128839031725,980.8858853756932
19.563677630658347,0.3484837884978143,0.7102151435428987,685.3578890471086
33.71534501361027,5.272936117206944,0.7041478803950149,438.83039435741557
16.400580912363633,0.16785705959015862,0.9236905553545266,877.533654137412
20.181672132920287,4.417412031605721,0.8451749540810338,202.49765311066608
13.56323782118518,9.413543231826852,0.8070539375964766,650.2048415751741
9.8493653731112,4.9411680591710585,0.7600947206152715,449.2334964151175
0.8081674963749048,5.577601569044753,0.7040054107016909,997.4261130423187
14.640106464149325,5.296879560155649,0.8834279949837665,188.735639516744
18.3377169827929,8.393623354795592,0.889227751271334,387.78826663873406
7.12464917741977,4.209276233755144,0.7331655616554144,65.14464929291933
34.972024727248694,4.590509526262926,0.7203719861982715,212.2561906486301
25.383019214510725,8.234309241297584,0.8289129231986805,90.38185544795726
24.05446999847287,3.6112711189422186,0.8601490224297312,205.14562243192543
18.18481586100273,2.6984941112056635,0.8694791221007208,72.38983444028904
0.0,6.812139962809586,0.7725048435412645,228.91674948906612
37.98043667768762,3.427137041464667,0.8771415016146666,550.3953212887733
5.667139445113918,6.89307426229374,0.8950154928995905,345.93981418671365
0.0,7.278494354272055,0.7467618725728001,719.2984605487989
0.23999536039720604,5.894712922212807,0.7190327623862504,918.8274074550645
21.8370823983689,2.7295096780376613,0.8288447472991246,511.1334235490788
9.220838641090875,2.22313939070023,0.8572424312251754,966.097097894813
35.25340373972105,4.101859319072519,0.7321232543499268,526.5848185356548
17.469019777843656,3.26088824256778,0.8631913386240225,786.8203933296641
36.24893214099068,4.977908964224957,0.7192302014997336,987.1980837670768
10.527055903344266,7.3078103757974775,0.9172736388983872,689.5212455296153
7.447676450062894,7.43442103306004,0.7794892634377525,519.9634957797471
32.18916034450985,4.144136793942072,0.8165728940770584,421.16970127212
39.412994213345264,6.393530518345013,0.7521219089502074,263.58955387553203
33.748508239881275,2.491362450901705,0.7086871995403521,300.46118962618675
5.3935466305708495,7.380663655421647,0.8938123411040801,752.77726010749
20.566652029317872,4.197490122806495,0.7367244034398076,133.34884489136186
0.0,3.3210659467624026,0.7385908809532383,296.1264700021709
2.7598500791000355,2.9236206634578195,0.7775433451640689,691.3837100505291
14.128356713663656,6.807513061514466,0.7507122917830853,133.8866950043679
30.958329958985658,1.2781069308031048,0.84745557355006,642.0191463329345
22.292335422619708,5.909086603364586,0.7600970381794492,510.65123959577545
12.660482273368043,7.299044441056785,0.8006556199976259,977.1094759267153
6.977646844123665,5.72048426853325,0.8163772716087196,409.4486348711412
21.93362033601447,9.121262583417797,0.7183285668155321,902.8156946447598
34.51903224663598,5.481201953012348,0.731437663268885,711.5877614096944
36.20719073722376,7.73176066202029,0.7192122442037197,650.2709044384127
22.733927943033315,0.9382567784706247,0.8195545438549918,814.7986808212689
10.964322129272052,1.5319154042788028,0.8776510680017997,164.22372058423477
30.582036901491783,8.171056872784987,0.9003991064890355,825.631721435294
33.564769170326855,4.757942275166544,0.9343418848260477,174.20187600996175
25.440459234035817,7.902560829150555,0.7831727534289188,543.4390285124703
17.284265134885057,3.5632935807231774,0.9238781932554541,815.0756250508575
16.2385573993962,3.7702433234921298,0.7781746967067507,75.78315102640676
9.255134589159326,4.339605560024791,0.9413950378843781,485.6899634055281
9.788857613976553,8.184941282671579,0.9208734333765558,848.6696885674877
0.0,5.572933491665334,0.7483391872870888,934.5183977785442
26.028287896279178,6.43951905916286,0.8854458004980007,827.7328676858718
7.165881925439029,8.409466292661556,0.8364869756168126,968.7024132927071
35.364927185531286,6.767325275588716,0.722109543884375,676.95688871736
7.194931699376497,2.4959018514636098,0.7557111909081583,394.496027964976
28.484466590507655,0.34435081379656446,0.8938793490755357,631.164480238205
19.542114677743776,1.4622388226086374,0.8907556188129155,559.6128303843288
36.937691657790836,1.608370302607524,0.8800166850491118,452.05640679236006
8.343808415619723,7.172129822587649,0.8761598549295463,303.4837075186782
30.49202468460005,6.254637331831293,0.701157516916357,510.53674909734417
28.64326058877673,7.377794864928791,0.940319582217532,560.5362735446952
5.6715775270430875,3.618628479043547,0.8879851027046353,830.2214979510545
11.828336561887719,6.113527924971705,0.7362757039727159,333.63842670968313
20.623789321961333,1.7776694450494508,0.7616783719865772,119.48235073213048
7.273467249199488,1.5532955383961815,0.9474355749372468,630.1633640073028
17.274806403259294,3.1887650949115045,0.7188145774803032,398.8205979453609
0.0,5.5752072651131765,0.8064744560223148,466.0952908156544
33.33705816548175,9.468390912487406,0.7644981797111097,673.8816740102019
2.729453716398393,2.884000858931391,0.8661001972445198,243.35614829651232
9.551375725053616,9.870611851127611,0.8435859293182433,351.95983508881045
34.81955041911845,9.17641628799975,0.7042722750176893,982.1687601721037
39.63729932315508,9.262737775420785,0.9144465346350115,617.8685039088571
37.904565408413475,1.0836025372398417,0.9214675917873073,483.97088406740295
38.714326277300714,7.606229820372003,0.8614259050314607,271.6515504779387
19.611806687396502,8.911259799391228,0.8283686193319387,621.1584394220282
24.79372155440215,1.984046261925348,0.7147098754596206,813.6043731860734
4.855474526265891,4.332879046743814,0.707466208893206,344.77543924779445
31.22030437686023,3.245409138665007,0.8115793644228596,410.81559458624474
18.013238878900452,6.098785331978543,0.7537339024571609,564.8230714756459
30.494897874242763,9.498669510530425,0.8498262660343825,665.0441143983188
0.0,2.241706967222774,0.8165745862308267,689.1803200470142
3.8529672349216897,5.28382493224489,0.7824301189684395,960.7469554703221
32.91397562963479,9.150892573567926,0.8803111641782486,577.0434992261477
4.39645949223976,5.561285782268773,0.7546261038570932,693.1477660519397
8.950970014341804,5.3597389047493715,0.8273533284342574,617.7520924837754
25.33091866243119,2.455999867331278,0.7820220006679692,989.4451877914108
2.219744193760821,9.081494861871809,0.9365332764273578,379.93238977893503
26.24041941724232,3.9250582545717587,0.8186951230267563,128.83288759039854
35.837986106937485,2.7961078587924226,0.8126248609080191,384.82084590353026
17.822029245979657,6.996858498112724,0.8482414147100699,554.5648658206992
3.62461310269033,6.30649996471977,0.8160642536438186,582.1552620950446
20.274486482878153,8.322133249599549,0.757886002733828,758.7874796981926
28.20080790489627,7.398337659632763,0.8816248606738961,807.0518533987279
33.29042504259049,0.776239799184433,0.7320707767522722,522.1329929846263
6.563914395472758,3.5126321124540874,0.8744376602949575,702.1772521129119
5.580723582969995,2.1988221670449115,0.7847653995388904,42.673872805708086
4.219295148608809,2.021876688812971,0.8144779699627223,811.8508705790327
33.69462745410355,2.024012444107262,0.9424161407762277,423.13059193455535
30.73279012802807,7.933543507173591,0.7383163070761587,993.685825271093
18.234211615226187,0.38269962013066716,0.8835269102241262,50.85326120313457
3.502127412989612,5.1472390663618315,0.8644981959165778,131.84668402222084
20.381917520728145,2.412512367857581,0.8751316043103096,961.5535270536636
29.361905478494666,0.813609781271092,0.8861747749832951,792.588887081623
36.76745330251655,5.392497995437847,0.7499111534016607,364.2409558118298
39.79578322282861,6.667455452555834,0.7285448194102982,725.9666472364049
33.43590899585682,1.7400833698106608,0.7300489694863012,806.7048710293597
10.902328679942945,1.7843025698522865,0.9432166011054433,893.2665437217701
0.0,4.867144996230337,0.7865099401258099,576.1013874686756
1.74953244898508,1.333337551791665,0.8727859252014136,458.12378511923697
26.70252203031871,6.969593275894577,0.8156253327706595,817.4133680707918
37.9698736929564,6.704214310739992,0.9019582914922304,691.7677103588832
3.331641217317166,9.60426269806732,0.7429781858691789,901.1383602790199
14.779206228205032,2.5199667740279366,0.8263352558196568,189.91486134465345
0.0,7.471343311324116,0.78624537431689,801.8740714937231
0.7112534869070395,8.961584482064445,0.8455804001175337,903.0079134615365
13.991691090293733,4.0363329292965,0.9202977517367091,180.1308895070912
12.36232023198134,2.4670877909800524,0.928657526418726,220.23661021075685
25.89278362358962,5.004457234450293,0.7304894633211223,339.80824355909226
6.57490730811878,0.4729076646328665,0.8531035950153087,639.4704143786403
6.852914370035936,3.1638766490164882,0.7738091926893438,124.77797843918313
18.49282223227577,2.32938455246798,0.7923515825069429,672.2966707972228
27.28957316068615,1.2614911654313128,0.7698909381962036,494.22597522939054
6.840391470554129,9.209771724811763,0.7453946780380343,550.1350031928243
34.92432434853634,6.672070505898866,0.8618741384651751,279.6832080833001
22.1184819414269,3.6774184563148977,0.8662112791478606,164.76535532787392
18.05508248002581,4.1097853627628895,0.8586888991983601,637.7426665061073
39.425528892713665,8.03783470790192,0.7640422323468091,410.04744550628897
0.0,9.336471464244863,0.7665678014855147,168.92503825356627
18.187460027950177,2.1936461413413646,0.8254861146921899,979.3539186533127
39.36664542257245,8.664729506350843,0.816913745544673,375.8297825910772
28.857419713380963,0.9243393485669336,0.9441087210521483,881.7674358378816
3.5375032561460524,5.612514580547106,0.7361167725648236,929.0598588490813
6.645425984722116,2.7532608241553977,0.7549920180914361,138.3602700405014
22.879876696014435,0.7398836294109702,0.7051949829048191,260.06495454366467
12.84503827408996,2.4915363497191656,0.9255780516427,934.7190075712903
9.745138917456238,7.2650327441174705,0.7022427168672708,761.3658936789501
29.195526970884973,0.11595337525482544,0.8914082397989898,197.49088066031075
0.0,7.410951531622034,0.8803447557772215,708.1480123257626
37.007105771129524,8.904221266019318,0.8759101564838501,665.4641850787216
0.0,8.790542869011796,0.8031432464302358,401.0722014997776
28.820453480948082,2.320236291497355,0.8654833192252711,55.73115285775245
15.455343986130998,8.63138009997617,0.8775671712402817,580.226114722091
13.981750013686304,5.28999937997811,0.7761502412982647,831.681172825217
5.523021575414945,7.369615783376103,0.8384659085126032,683.5144318523276
17.53485426439038,6.76270521723745,0.7632072307894906,855.1896552955802
10.050038039219315,7.565309930390308,0.9379585452457013,858.8276289003696
0.0,2.849558980827198,0.7274426243272805,826.8335904444567
9.425293050951867,6.684539328094655,0.9423821475420102,863.2488777067134
0.0,3.7367886828163357,0.8686098907345648,480.56411632234887
1.6150993567551692,6.521291657186348,0.9038186238806353,454.7336893372523
25.93226990834421,0.6193016945555255,0.77727729469972,703.809517402972
18.37021741463241,5.896687263223964,0.8878885622801242,931.5941481092304
2.362248988699105,7.828899916096209,0.7581257990216774,770.6333204946208
7.1491376680016145,1.7427358254541605,0.8840389842579304,527.0942345842556
30.081881575146564,5.693537712880288,0.8595407119634212,969.9506064175999
0.0,8.215825294193008,0.7388565224888701,437.13092273184037
0.0,5.379690525465646,0.9401204107967814,170.23934929966526
24.086764835607035,8.760119461293284,0.9331120241301168,805.3536630074816
6.609551033734042,3.7823314561664643,0.7904292685658487,460.94290539908707
6.608746976006603,1.8693816042619946,0.7503305772967718,68.03325469776894
11.645977079528166,7.882275019242012,0.9336263981947999,329.89580155337745
19.193811300896325,6.512919883230134,0.8097976659057823,627.916820286704
0.0,4.8638741781900965,0.8501139608441703,855.5241924862918
17.358299498236292,2.2066987718672344,0.7645218435471149,338.8143693424266
22.424086100580997,5.194423307348324,0.8596543921484774,913.2817873655553
36.1685673802024,7.812396103484987,0.8877561936969639,676.7543622452728
39.03369844653085,6.986948333581481,0.9434872473490177,131.98486241341172
1.8963807452367865,3.7327181683546757,0.7192016282193467,354.9372993602121
36.28511683690173,4.425630041896191,0.8673509217908026,620.4392126400488
12.275050610556448,5.3079635250229815,0.7319775225936936,158.7547438170554
9.327631918647825,0.4971878913155294,0.7684522733634959,645.0200820271178
6.343239907399152,1.0203426946026826,0.7730352193410346,194.95244679585602
1.7067596138148668,2.05961655755007,0.858348223644143,377.6819129125315
0.2548547503128002,2.4033978560053297,0.7752929452225096,890.6894043794748
29.582324896496775,0.5352611005754451,0.8979682238812776,176.42130444886917
0.5398631538610179,9.002787580877449,0.8851511472524779,453.6720605452193
0.45934555632626684,0.6338056187481564,0.8913507595120792,303.8213440904602
19.564930548742726,7.152551097888538,0.895720225975948,784.7410824670433
0.0,4.48611434301137,0.771545241239156,117.7951765437642
14.149437897162718,3.7256995766996197,0.8884481586059418,866.6621089909214
20.05200482428976,9.538394622402285,0.9344245619279392,939.1402722461368
11.326271147701748,2.7073656219740263,0.8812273941070086,260.4524842595018
20.773887202942408,8.777576662825776,0.8362600106858453,122.16384783326163
8.158153767614722,1.4401822523764087,0.7760021708474615,622.5656533817081
7.656138404485263,1.8453776052821431,0.8022859370797129,431.03061941512345
0.31486221309449075,6.033023968692932,0.9363319499660387,454.73921403977334
22.613949212914665,0.7121709914997472,0.7291855879484576,431.600241150044
0.0,7.847254053121549,0.7411346111205269,925.0366661396313
16.456528606465742,4.065571006269732,0.7503188142437043,492.43243142439354
5.235376647799062,2.1130152104094444,0.8702319796127712,684.3410540856819
20.149773202933225,5.607986717876646,0.9447632237461611,683.9843957832823
25.561937092365753,2.226237137893809,0.9280872160540361,129.28018130835784
14.349368345710166,0.019282317092403023,0.7810792201867807,62.502409487367814
10.857962684003986,8.14356613836157,0.8715513474017967,451.3030488734653
28.187933376920466,6.413233201575181,0.9403067359834401,490.88547322015444
9.314583455504904,7.632995036253345,0.9129149330119262,49.590587285002066
11.853922783803853,8.560906831541779,0.83846436454995,877.1329374686273
37.88311033809389,2.8516097164584457,0.8087370790801047,150.31145648294182
5.509119226375514,5.917473874175922,0.7036499847242133,846.5520193740366
15.310805264183637,4.01916598611937,0.784765981774343,516.7623914440057
32.93581878152864,6.011454558481091,0.7265110245451654,79.960480323101
30.638145241769365,8.836198671971736,0.7504642250734601,770.8079957388228
21.308563052542983,3.52340595703407,0.748506339336538,573.2236827242684
25.935068780288994,6.924249804730236,0.8059172640631104,717.1071720704874
1.5733308902225094,9.081457013593436,0.8169961991242282,102.89588457918597
34.06964890788899,9.414438211396817,0.8662089046293548,155.978346028975
3.0294805989415994,2.648766392641431,0.7328139687478341,680.8124303051756
9.562303183453496,6.010396053740381,0.7068981149587087,165.84515926488956
35.82524951516529,3.4838182329395537,0.8205135906508974,257.3488919458361
15.79695195002669,1.6933553153133074,0.8500512087739386,852.6824930231311
5.544108724920219,7.63055060534258,0.852895175725888,339.763712046533
12.697398897374857,1.3175892717084259,0.7675070024000546,52.27723833745717
0.0,4.318449135478942,0.8516247018193133,114.32064019195718
16.180667650737355,3.09857089407791,0.7638016744484215,606.0508536049867
19.039111056607382,8.007492979858522,0.9460157320171588,641.7679038965082
0.0,7.911091176415332,0.758677265124174,833.5152611091978
38.91118276525454,4.6040699777575504,0.8905214331470631,403.8927637494865
20.366554738812912,4.712641383897666,0.903839101619271,130.92795809042627
26.19230476262399,7.608919274392784,0.8499320472219032,335.40339917358017
20.837122903477805,0.6650689705696782,0.83990073658045,813.8805336820391
21.2589003292171,5.3184428380960584,0.9296701114741464,869.4311161513476
13.703934498177896,2.8774922734741994,0.7596440345370242,544.3398226327107
35.56765526975057,7.4338665438939815,0.8630464021080723,700.8543947517952
30.672039058941646,5.993753764023411,0.7253852958648495,848.3757095573858
6.204006623780163,9.727783416843602,0.7526065626499749,400.35657826812064
6.750788734916027,0.40900542499070386,0.8453401032186494,233.11834189524245
20.336658674850025,9.031335471520944,0.7802333398821856,220.11208603245507
3.810697936480145,7.112358884687789,0.8710917834207471,655.112983672318
4.387435348775403,4.240907767905419,0.7427354714269598,569.2195668279592
23.739274601973918,7.525746679424986,0.7869081866964618,605.9845875753367
37.11309522643759,4.663069564077878,0.9243667991606976,146.5609451677433
36.87868309292858,1.7804898002561753,0.7202536880941464,697.1129065448457
33.61306126854342,1.9804121847862264,0.7024142115677438,854.7430350850116
0.0,7.806578783369651,0.8770650748463014,271.5978620635551
11.816781220590316,2.4817965752392004,0.8527831452916581,972.2482876494666
10.441932991276019,7.747496194623324,0.7772240032452369,864.1014204568411
0.0,3.4625771026688823,0.9247429900088886,451.5388001843833
10.20508530463909,9.256390926398335,0.8441169151998376,669.2551364800136
17.86641901641447,8.894457448785936,0.7349128419926727,440.14335288448945
0.4588452363351776,9.435152097919213,0.9347634777971868,371.8968351717202
20.955888262906683,2.2814190670487005,0.7675819030151646,936.6991659714836
12.382167079939293,5.5905108877297724,0.7150766788136889,745.9959861643905
39.435421590922374,7.2489750681190674,0.7257943731584389,926.9087193432915
9.833403391075533,6.745724011424646,0.7809982514292506,551.5225587788726
3.06254354816314,6.42823069898961,0.9113647216396494,661.9499626690356
15.202270709915357,1.6934078059156576,0.9276484824308263,799.515882889357
0.0,3.905664510640783,0.8074857338009733,769.4225852390173
19.207458988655404,5.090532345145252,0.7296449351130634,473.0134728526803
16.44483069698297,6.196680383229332,0.8411069268516489,488.40566147427484
23.545319305076386,1.9713546808109652,0.8191935540906122,921.5694804513853
19.37948995310551,1.1993845356901645,0.9230880057984457,288.98127847564746
29.172116745241098,5.806290053141288,0.8361496443545037,342.53825478603
0.0,2.2423208411170785,0.794344047834703,87.82399666787242
6.829894464588399,2.8088736343937395,0.8512600495282994,339.80816311914595
30.481327026413574,7.085357089335613,0.9426283394228777,704.1032741025577
0.0,8.178328444423817,0.7577113408400158,681.0514658712059
21.758190033077607,2.894168039875403,0.8683248480794457,710.0123129771833
13.532120895788099,7.096209935108326,0.8231154680262188,979.631826285416
0.0,1.812614820508031,0.832125839455835,178.07652208197382
33.17156133610742,2.4239205960623944,0.7264838722724047,390.89671776558026
2.2838745245792933,8.561094566820755,0.7187171793558291,100.04734393213096
19.477813641254226,5.0672521627611875,0.8804829718552328,866.5066101630848
22.772656941636832,8.490409865610905,0.8050037259932667,715.7155486052227
8.815523499342046,3.688294786205273,0.7041767212134502,337.4189926096927
18.790752721087173,3.0203413610500633,0.8906464544211009,526.604822120159
2.8206650418911305,6.166773770997575,0.8854704176863158,705.0497262732337
18.711426834999155,1.0415381471433653,0.9209839827635486,349.6948669067866
12.032254042263803,8.029594286249464,0.7828333113920887,844.7860712788021
35.36503914352613,3.9857506751573117,0.9499688023169027,333.0712363072742
12.958256110975496,6.90977782863038,0.9003545044031491,905.7824503143341
13.644893441210115,5.661237421824106,0.7025314336919459,492.525234282761
20.469693707413832,7.825565161327103,0.8319191630876913,428.5808138772506
22.026617306329765,9.786302050810203,0.8398815184764222,989.7429040925126
14.583419016124262,1.0033327856719805,0.8829936186477043,333.32931853026406
39.77260369531289,4.8646489722806505,0.7125409605131666,713.9690954500009
25.085578018214665,7.26026839889282,0.7044828847902399,111.29732244878092
11.116101403615323,9.439300414150347,0.8465146248376787,79.82939254040055
30.348821748303124,7.593089358717087,0.8418327218317762,305.77011847558566
29.33911170572359,7.7467290681032805,0.8578423752454688,341.96700332881153
12.35892799218577,0.9118508495853113,0.9479511646815848,785.1413620440713
33.27073739912272,3.597022360757777,0.7833481576223924,277.52368561089577
2.5494420938649207,1.2461272412248126,0.7505548287601846,296.78723957535556
2.8104277445503407,7.6796882230625325,0.7335821609011367,810.024539909048
25.055135108019616,9.436861720005515,0.8115439761201672,326.1286513432454
0.0,0.11721601812420036,0.7859778885325857,934.4101989071386
33.50755478708098,7.05340085307743,0.7270562843683421,930.0710646470011
30.274545208336633,4.630219453398534,0.7630866083837021,631.3276233353708
13.854290406608355,8.39911474468492,0.7075280533389755,645.010127460851
0.24563226878578862,0.5650079121146271,0.7319900699512905,111.29905448728032
18.898951743568627,2.0765904980414804,0.8619779218415281,632.6187825826854
19.95244853110342,2.8157647895934352,0.9339885008551884,132.7197678373086
4.981104748424532,7.386195632140128,0.7738213350899941,393.14928222179145
12.841168630416508,3.922507400784439,0.774659418104314,194.9046312649402
2.548313991815518,1.3266944151111286,0.9119014206158373,457.324994292401
7.766659354932198,9.385905156334529,0.8638625800614851,999.4537211517882
16.49274849810314,0.3263882674200828,0.9017168877128205,189.0461553406729
33.3913939624715,9.741530564512791,0.8990065820329223,167.76804300393252
17.90328402689171,5.102450941343321,0.7145480902722792,754.961386066567
2.167301103221244,9.851904045997484,0.9033438246645531,310.8293425124319
3.0157093981400793,8.118963797736646,0.9446259301208363,768.8972838572281
34.475636538690246,6.742923901637152,0.7036068029703597,464.45258493819523
