{
    "36": 0.011840950751027287,
    "35": 0.011840950751027287,
    "34": 0.011840950751027287,
    "33": 0.011840950751027287,
    "32": 0.011840950751027287,
    "31": 0.011840950751027287,
    "30": 0.011840950751027287,
    "29": 0.011840950751027287,
    "28": 0.011840950751027287,
    "27": 0.011840950751027287,
    "26": 0.011840950751027287,
    "25": 0.011840950751027287,
    "24": 0.011840950751027287,
    "23": 0.011840950751027287,
    "22": 0.011840950751027287,
    "21": 0.011840950751027287,
    "20": 0.011840950751027287,
    "19": 0.011840950751027287,
    "18": 0.011840950751027287,
    "17": 0.011840950751027287,
    "16": 0.011840950751027287,
    "15": 0.011840950751027287,
    "14": 0.011840950751027287,
    "13": 0.011840950751027287,
    "12": 0.011840950751027287,
    "11": 0.011840950751027287,
    "10": 0.011840950751027287,
    "9": 0.011840950751027287,
    "8": 0.011840950751027287,
    "7": 0.011840950751027287,
    "6": 0.011840950751027287,
    "5": 0.011840950751027287,
    "4": 0.011840950751027287,
    "3": 0.011840950751027287,
    "2": 0.011840950751027287,
    "1": 0.011840950751027287,
    "0": 0.005920475375513643,
    "37": 0.01183660704202104,
    "38": 0.01183660704202104,
    "39": 0.01183660704202104,
    "40": 0.01183660704202104,
    "41": 0.01183660704202104,
    "42": 0.01183660704202104,
    "43": 0.01183660704202104,
    "44": 0.01183660704202104,
    "45": 0.01183660704202104,
    "46": 0.01183660704202104,
    "47": 0.01183660704202104,
    "48": 0.01183660704202104,
    "49": 0.01183660704202104,
    "50": 0.01183660704202104,
    "51": 0.01183660704202104,
    "52": 0.01183660704202104,
    "53": 0.01183660704202104,
    "54": 0.01183660704202104,
    "55": 0.01183660704202104,
    "56": 0.01183660704202104,
    "57": 0.01183660704202104,
    "58": 0.01183660704202104,
    "59": 0.01183660704202104,
    "60": 0.01183660704202104,
    "61": 0.01183660704202104,
    "62": 0.01183660704202104,
    "63": 0.01183660704202104,
    "64": 0.01105039571189047,
    "65": 0.01025984067275365,
    "66": 0.010242465836728666,
    "67": 0.01022509100070368,
    "68": 0.01020337245567245,
    "69": 0.010181653910641218,
    "70": 0.010151247947597494,
    "71": 0.01012084198455377,
    "72": 0.008809041864667402,
    "73": 0.007497241744781034,
    "74": 0.007358243056581153,
    "75": 0.007219244368381273,
    "76": 0.007080245680181394,
    "77": 0.006941246991981513,
    "78": 0.006854372811856588,
    "79": 0.006767498631731663,
    "80": 0.005251544188551721,
    "81": 0.003735589745371778,
    "82": 0.003527091713071958,
    "83": 0.0033185936807721378,
    "84": 0.0031448453205222874,
    "85": 0.0029710969602724374,
    "86": 0.00280603601803508,
    "87": 0.002640975075797722,
    "88": 0.002467226715547872,
    "89": 0.0022934783552980217,
    "90": 0.0021675107941168804,
    "91": 0.002041543232935739,
    "92": 0.001919919380760844,
    "93": 0.0018069829465984415,
    "94": 0.0016897028034297927,
    "95": 0.0015724226602611437,
    "96": 0.0014855484801362187,
    "97": 0.0013986743000112937,
    "98": 0.0013291749559113536,
    "99": 0.0012553319028051674,
    "100": 0.0012118948127427048,
    "101": 0.0011728014316864884,
    "102": 0.001133708050630272,
    "103": 0.001094614669574056,
    "104": 0.001077239833549071,
    "105": 0.0010598649975240859,
    "106": 0.0010424901614991009,
    "107": 0.0010207716164678696,
    "108": 0.0010033967804428845,
    "109": 0.0009903656534241457,
    "110": 0.0009729908173991608,
    "111": 0.0009556159813741758,
    "112": 0.000942584854355437,
    "113": 0.0009295537273366983,
    "114": 0.000907835182305467,
    "115": 0.0008861166372742357,
    "116": 0.0008600543832367582,
    "117": 0.0008339921291992807,
    "118": 0.0008122735841680494,
    "119": 0.0007905550391368181,
    "120": 0.0007731802031118332,
    "121": 0.0007558053670868481,
    "122": 0.0007471179490743556,
    "123": 0.0007384305310618631,
    "124": 0.0007340868220556168,
    "125": 0.0007297431130493706,
    "126": 0.0007080245680181393,
    "127": 0.0006819623139806618,
    "128": 0.0006645874779556768,
    "129": 0.000651556350936938,
    "130": 0.0006472126419306917,
    "131": 0.0006428689329244455,
    "132": 0.0006298378059057068,
    "133": 0.000616806678886968,
    "134": 0.0006081192608744755,
    "135": 0.000599431842861983,
    "136": 0.0005733695888245054,
    "137": 0.000547307334787028,
    "138": 0.0005342762077682892,
    "139": 0.0005212450807495504,
    "140": 0.0005082139537308116,
    "141": 0.0004951828267120729,
    "142": 0.0004778079906870879,
    "143": 0.0004604331546621029,
    "144": 0.0004517457366496104,
    "145": 0.00044305831863711786,
    "146": 0.0004387146096308716,
    "147": 0.00043437090062462534,
    "148": 0.00041699606459964035,
    "149": 0.0003996212285746553,
    "150": 0.00039093381056216285,
    "151": 0.0003822463925496703,
    "152": 0.00037790268354342407,
    "153": 0.0003735589745371778,
    "154": 0.00035184042950594656,
    "155": 0.00033012188447471526,
    "156": 0.000325778175468469,
    "157": 0.00032143446646222274,
    "158": 0.000308403339443484,
    "159": 0.00029537221242474524,
    "160": 0.00029537221242474524,
    "161": 0.00029537221242474524,
    "162": 0.00027799737639976025,
    "163": 0.0002606225403747752,
    "164": 0.00025627883136852895,
    "165": 0.0002519351223622827,
    "166": 0.00024759141335603643,
    "167": 0.0002432477043497902,
    "168": 0.0002432477043497902,
    "169": 0.0002432477043497902,
    "170": 0.00023456028633729768,
    "171": 0.0002258728683248052,
    "172": 0.00022152915931855893,
    "173": 0.00021718545031231267,
    "174": 0.00020849803229982018,
    "175": 0.00019981061428732766,
    "176": 0.00019981061428732766,
    "177": 0.00019981061428732766,
    "178": 0.00019981061428732766,
    "179": 0.00019981061428732766,
    "180": 0.00019981061428732766,
    "181": 0.00019981061428732766,
    "182": 0.00019546690528108142,
    "183": 0.00019112319627483516,
    "184": 0.00019112319627483516,
    "185": 0.00019112319627483516,
    "186": 0.00019112319627483516,
    "187": 0.00019112319627483516,
    "188": 0.00019112319627483516,
    "189": 0.00019112319627483516,
    "190": 0.00018243577826234264,
    "191": 0.00017374836024985015,
    "192": 0.0001694046512436039,
    "193": 0.00016506094223735763,
    "194": 0.00016506094223735763,
    "195": 0.00016506094223735763,
    "196": 0.00016071723323111137,
    "197": 0.00015637352422486514,
    "198": 0.00015202981521861888,
    "199": 0.00014768610621237262,
    "200": 0.00014334239720612636,
    "201": 0.00013899868819988013,
    "202": 0.00013465497919363387,
    "203": 0.0001303112701873876,
    "204": 0.0001303112701873876,
    "205": 0.0001303112701873876,
    "206": 0.00012596756118114135,
    "207": 0.0001216238521748951,
    "208": 0.0001216238521748951,
    "209": 0.0001216238521748951,
    "210": 0.00011728014316864884,
    "211": 0.0001129364341624026,
    "212": 0.0001129364341624026,
    "213": 0.0001129364341624026,
    "214": 0.0001129364341624026,
    "215": 0.0001129364341624026,
    "216": 0.0001129364341624026,
    "217": 0.0001129364341624026,
    "218": 0.0001129364341624026,
    "219": 0.0001129364341624026,
    "220": 0.0001129364341624026,
    "221": 0.0001129364341624026,
    "222": 0.0001129364341624026,
    "223": 0.0001129364341624026,
    "224": 0.00010859272515615633,
    "225": 0.00010424901614991009,
    "226": 0.00010424901614991009,
    "227": 0.00010424901614991009,
    "228": 0.00010424901614991009,
    "229": 0.00010424901614991009,
    "230": 0.00010424901614991009,
    "231": 0.00010424901614991009,
    "232": 9.990530714366383e-05,
    "233": 9.556159813741758e-05,
    "234": 9.121788913117132e-05,
    "235": 8.687418012492508e-05,
    "236": 8.687418012492508e-05,
    "237": 8.687418012492508e-05,
    "238": 7.818676211243257e-05,
    "239": 6.949934409994006e-05,