{
    "54": 0.01178068346914282,
    "53": 0.01178068346914282,
    "52": 0.01178068346914282,
    "51": 0.01178068346914282,
    "50": 0.01178068346914282,
    "49": 0.01178068346914282,
    "48": 0.01178068346914282,
    "47": 0.01178068346914282,
    "46": 0.01178068346914282,
    "45": 0.01178068346914282,
    "44": 0.01178068346914282,
    "43": 0.01178068346914282,
    "42": 0.01178068346914282,
    "41": 0.01178068346914282,
    "40": 0.01178068346914282,
    "39": 0.01178068346914282,
    "38": 0.01178068346914282,
    "37": 0.01178068346914282,
    "36": 0.01178068346914282,
    "35": 0.01178068346914282,
    "34": 0.01178068346914282,
    "33": 0.01178068346914282,
    "32": 0.01178068346914282,
    "31": 0.01178068346914282,
    "30": 0.01178068346914282,
    "29": 0.01178068346914282,
    "28": 0.01178068346914282,
    "27": 0.01178068346914282,
    "26": 0.01178068346914282,
    "25": 0.01178068346914282,
    "24": 0.01178068346914282,
    "23": 0.01178068346914282,
    "22": 0.01178068346914282,
    "21": 0.01178068346914282,
    "20": 0.01178068346914282,
    "19": 0.01178068346914282,
    "18": 0.01178068346914282,
    "17": 0.01178068346914282,
    "16": 0.01178068346914282,
    "15": 0.01178068346914282,
    "14": 0.01178068346914282,
    "13": 0.01178068346914282,
    "12": 0.01178068346914282,
    "11": 0.01178068346914282,
    "10": 0.01178068346914282,
    "9": 0.01178068346914282,
    "8": 0.01178068346914282,
    "7": 0.01178068346914282,
    "6": 0.01178068346914282,
    "5": 0.01178068346914282,
    "4": 0.01178068346914282,
    "3": 0.01178068346914282,
    "2": 0.01178068346914282,
    "1": 0.01178068346914282,
    "0": 0.00589034173457141,
    "55": 0.011774366748784031,
    "56": 0.011771208388604636,
    "57": 0.011771208388604636,
    "58": 0.011771208388604636,
    "59": 0.011771208388604636,
    "60": 0.011771208388604636,
    "61": 0.011768050028425242,
    "62": 0.011768050028425242,
    "63": 0.011768050028425242,
    "64": 0.010997410144652896,
    "65": 0.010226770260880551,
    "66": 0.010214136820162971,
    "67": 0.010201503379445392,
    "68": 0.010169919777651443,
    "69": 0.010138336175857495,
    "70": 0.010106752574063547,
    "71": 0.010075168972269597,
    "72": 0.0087833996588971,
    "73": 0.007491630345524604,
    "74": 0.007381087739245783,
    "75": 0.007270545132966964,
    "76": 0.007147369085970564,
    "77": 0.007024193038974165,
    "78": 0.006885225191080791,
    "79": 0.006746257343187417,
    "80": 0.00523340281725728,
    "81": 0.003720548291327143,
    "82": 0.0035120965194870824,
    "83": 0.0033036447476470217,
    "84": 0.0030920346156275663,
    "85": 0.0028804244836081105,
    "86": 0.002716189754279578,
    "87": 0.0025519550249510454,
    "88": 0.0024161455372370667,
    "89": 0.0022803360495230874,
    "90": 0.0021508432821678984,
    "91": 0.0020213505148127093,
    "92": 0.0019202829890720737,
    "93": 0.0018128987429726485,
    "94": 0.0017244646579495926,
    "95": 0.0016360305729265366,
    "96": 0.0015665466489798497,
    "97": 0.0014970627250331628,
    "98": 0.0014212620807276862,
    "99": 0.0013454614364222096,
    "100": 0.0013012443939106816,
    "101": 0.0012570273513991535,
    "102": 0.001225443749605205,
    "103": 0.0011938601478112564,
    "104": 0.0011749099867348872,
    "105": 0.0011559598256585181,
    "106": 0.001114901143326385,
    "107": 0.001070684100814857,
    "108": 0.001048575579559093,
    "109": 0.0010296254184827237,
    "110": 0.0010106752574063546,
    "111": 0.0009917250963299854,
    "112": 0.0009885667361505905,
    "113": 0.0009854083759711957,
    "114": 0.000979091655612406,
    "115": 0.0009727749352536163,
    "116": 0.000956983134356642,
    "117": 0.0009411913334596677,
    "118": 0.0009285578927420883,
    "119": 0.0009159244520245089,
    "120": 0.0009032910113069294,
    "121": 0.00089065757058935,
    "122": 0.0008653906891541911,
    "123": 0.0008401238077190323,
    "124": 0.0008274903670014528,
    "125": 0.0008148569262838734,
    "126": 0.000802223485566294,
    "127": 0.0007895900448487145,
    "128": 0.0007737982439517402,
    "129": 0.0007580064430547659,
    "130": 0.0007485313625165814,
    "131": 0.0007390562819783968,
    "132": 0.0007264228412608174,
    "133": 0.000713789400543238,
    "134": 0.0006948392394668688,
    "135": 0.0006758890783904997,
    "136": 0.0006537805571347357,
    "137": 0.0006316720358789717,
    "138": 0.0006127218748026025,
    "139": 0.0005937717137262334,
    "140": 0.0005811382730086539,
    "141": 0.0005685048322910744,
    "142": 0.0005527130313941001,
    "143": 0.0005369212304971259,
    "144": 0.0005179710694207568,
    "145": 0.0004990209083443876,
    "146": 0.00048007074726801844,
    "147": 0.0004611205861916493,
    "148": 0.0004358537047564904,
    "149": 0.0004105868233213316,
    "150": 0.000401111742783147,
    "151": 0.00039163666224496243,
    "152": 0.00038216158170677786,
    "153": 0.0003726865011685933,
    "154": 0.0003632114206304087,
    "155": 0.00035373634009222413,
    "156": 0.0003474196197334344,
    "157": 0.00034110289937464467,
    "158": 0.0003253110984776704,
    "159": 0.0003095192975806961,
    "160": 0.0003095192975806961,
    "161": 0.0003095192975806961,
    "162": 0.00029056913650432696,
    "163": 0.0002716189754279578,
    "164": 0.0002653022550691681,
    "165": 0.0002589855347103784,
    "166": 0.0002558271745309835,
    "167": 0.00025266881435158866,
    "168": 0.0002463520939927989,
    "169": 0.00024003537363400922,
    "170": 0.0002337186532752195,
    "171": 0.00022740193291642978,
    "172": 0.00022108521255764007,
    "173": 0.00021476849219885036,
    "174": 0.00020845177184006063,
    "175": 0.00020213505148127092,
    "176": 0.00019265997094308635,
    "177": 0.00018318489040490177,
    "178": 0.00018318489040490177,
    "179": 0.00018318489040490177,
    "180": 0.0001800265302255069,
    "181": 0.00017686817004611207,
    "182": 0.0001737098098667172,
    "183": 0.00017055144968732233,
    "184": 0.0001673930895079275,
    "185": 0.00016423472932853263,
    "186": 0.00016423472932853263,
    "187": 0.00016423472932853263,
    "188": 0.00015475964879034805,
    "189": 0.00014528456825216348,
    "190": 0.00014528456825216348,
    "191": 0.00014528456825216348,
    "192": 0.00014528456825216348,
    "193": 0.00014528456825216348,
    "194": 0.0001421262080727686,
    "195": 0.00013896784789337377,
    "196": 0.0001358094877139789,
    "197": 0.00013265112753458404,
    "198": 0.00013265112753458404,
    "199": 0.00013265112753458404,
    "200": 0.00013265112753458404,
    "201": 0.00013265112753458404,
    "202": 0.00013265112753458404,
    "203": 0.00013265112753458404,
    "204": 0.0001294927673551892,
    "205": 0.00012633440717579433,
    "206": 0.00012633440717579433,
    "207": 0.00012633440717579433,
    "208": 0.00012317604699639946,
    "209": 0.00012001768681700461,
    "210": 0.00012001768681700461,
    "211": 0.00012001768681700461,
    "212": 0.00012001768681700461,
    "213": 0.00012001768681700461,
    "214": 0.00012001768681700461,
    "215": 0.00012001768681700461,
    "216": 0.00011370096645821489,
    "217": 0.00010738424609942518,
    "218": 0.00010422588592003031,
    "219": 0.00010106752574063546,
    "220": 0.00010106752574063546,
    "221": 0.00010106752574063546,
    "222": 9.790916556124061e-05,
    "223": 9.475080538184574e-05,
    "224": 8.843408502305603e-05,
    "225": 8.211736466426631e-05,
    "226": 8.211736466426631e-05,
    "227": 8.211736466426631e-05,
    "228": 7.580064430547659e-05,
    "229": 6.948392394668689e-05,
    "230": 6.948392394668689e-05,
    "231": 6.948392394668689e-05,
    "232": 6.948392394668689e-05,
    "233": 6.948392394668689e-05,
    "234": 6.948392394668689e-05,
    "235": 6.948392394668689e-05,
    "236": 6.948392394668689e-05,
    "237": 6.948392394668689e-05,
    "238": 6.948392394668689e-05,
    "239": 6.948392394668689e-05,
    "240": 6.948392394668689e-05,