{
    "44": 0.01176208489433674,
    "43": 0.01176208489433674,
    "42": 0.01176208489433674,
    "41": 0.01176208489433674,
    "40": 0.01176208489433674,
    "39": 0.01176208489433674,
    "38": 0.01176208489433674,
    "37": 0.01176208489433674,
    "36": 0.01176208489433674,
    "35": 0.01176208489433674,
    "34": 0.01176208489433674,
    "33": 0.01176208489433674,
    "32": 0.01176208489433674,
    "31": 0.01176208489433674,
    "30": 0.01176208489433674,
    "29": 0.01176208489433674,
    "28": 0.01176208489433674,
    "27": 0.01176208489433674,
    "26": 0.01176208489433674,
    "25": 0.01176208489433674,
    "24": 0.01176208489433674,
    "23": 0.01176208489433674,
    "22": 0.01176208489433674,
    "21": 0.01176208489433674,
    "20": 0.01176208489433674,
    "19": 0.01176208489433674,
    "18": 0.01176208489433674,
    "17": 0.01176208489433674,
    "16": 0.01176208489433674,
    "15": 0.01176208489433674,
    "14": 0.01176208489433674,
    "13": 0.01176208489433674,
    "12": 0.01176208489433674,
    "11": 0.01176208489433674,
    "10": 0.01176208489433674,
    "9": 0.01176208489433674,
    "8": 0.01176208489433674,
    "7": 0.01176208489433674,
    "6": 0.01176208489433674,
    "5": 0.01176208489433674,
    "4": 0.01176208489433674,
    "3": 0.01176208489433674,
    "2": 0.01176208489433674,
    "1": 0.01176208489433674,
    "0": 0.00588104244716837,
    "45": 0.01175981158840432,
    "46": 0.01175981158840432,
    "47": 0.01175981158840432,
    "48": 0.011757538282471901,
    "49": 0.011757538282471901,
    "50": 0.011757538282471901,
    "51": 0.011757538282471901,
    "52": 0.011757538282471901,
    "53": 0.011757538282471901,
    "54": 0.011757538282471901,
    "55": 0.011757538282471901,
    "56": 0.011757538282471901,
    "57": 0.011757538282471901,
    "58": 0.011757538282471901,
    "59": 0.011757538282471901,
    "60": 0.011757538282471901,
    "61": 0.011757538282471901,
    "62": 0.011757538282471901,
    "63": 0.011757538282471901,
    "64": 0.010918688393409232,
    "65": 0.010079838504346562,
    "66": 0.010038918997563016,
    "67": 0.009997999490779471,
    "68": 0.009977539737387698,
    "69": 0.009957079983995927,
    "70": 0.009929800312806896,
    "71": 0.009902520641617866,
    "72": 0.00859536973047685,
    "73": 0.007288218819335831,
    "74": 0.007163186993052777,
    "75": 0.007038155166769723,
    "76": 0.006910850034554251,
    "77": 0.006783544902338777,
    "78": 0.0066289600989342745,
    "79": 0.006474375295529771,
    "80": 0.00515131124286182,
    "81": 0.0038282471901938675,
    "82": 0.0036759356927217835,
    "83": 0.0035236241952497,
    "84": 0.0033212999672643947,
    "85": 0.0031189757392790893,
    "86": 0.0029098315934965265,
    "87": 0.0027006874477139634,
    "88": 0.0025279161968501072,
    "89": 0.002355144945986251,
    "90": 0.0021937402247844905,
    "91": 0.0020323355035827303,
    "92": 0.0018959371476375804,
    "93": 0.0017595387916924307,
    "94": 0.0016867930018550177,
    "95": 0.0016140472120176044,
    "96": 0.0015322081984505147,
    "97": 0.001450369184883425,
    "98": 0.00140944967809988,
    "99": 0.001368530171316335,
    "100": 0.0013321572763976286,
    "101": 0.001295784381478922,
    "102": 0.0012707780162223112,
    "103": 0.0012457716509657003,
    "104": 0.001211672061979413,
    "105": 0.0011775724729931256,
    "106": 0.0011434728840068382,
    "107": 0.0011093732950205506,
    "108": 0.0010775470119666825,
    "109": 0.0010457207289128142,
    "110": 0.0010343541992507183,
    "111": 0.0010229876695886226,
    "112": 0.0010070745280616885,
    "113": 0.0009911613865347542,
    "114": 0.0009752482450078202,
    "115": 0.000959335103480886,
    "116": 0.000945695267886371,
    "117": 0.0009320554322918561,
    "118": 0.0009206889026297603,
    "119": 0.0009093223729676645,
    "120": 0.0008843160077110537,
    "121": 0.000859309642454443,
    "122": 0.000845669806859928,
    "123": 0.000832029971265413,
    "124": 0.0008070236060088022,
    "125": 0.0007820172407521915,
    "126": 0.0007592841814279998,
    "127": 0.0007365511221038083,
    "128": 0.000718364674644455,
    "129": 0.0007001782271851017,
    "130": 0.0006819917797257483,
    "131": 0.0006638053322663951,
    "132": 0.0006547121085367185,
    "133": 0.0006456188848070418,
    "134": 0.0006251591314152693,
    "135": 0.0006046993780234969,
    "136": 0.0006024260720910778,
    "137": 0.0006001527661586586,
    "138": 0.0005842396246317245,
    "139": 0.0005683264831047903,
    "140": 0.000550140035645437,
    "141": 0.0005319535881860838,
    "142": 0.0005137671407267304,
    "143": 0.0004955806932673771,
    "144": 0.0004728476339431855,
    "145": 0.00045011457461899393,
    "146": 0.00043192812715964066,
    "147": 0.00041374167970028734,
    "148": 0.0003955552322409341,
    "149": 0.00037736878478158075,
    "150": 0.000366002255119485,
    "151": 0.00035463572545738916,
    "152": 0.00034099588986287417,
    "153": 0.00032735605426835923,
    "154": 0.00031826283053868257,
    "155": 0.0003091696068090059,
    "156": 0.0003046229949441676,
    "157": 0.0003000763830793293,
    "158": 0.000295529771214491,
    "159": 0.00029098315934965264,
    "160": 0.0002887098534172335,
    "161": 0.0002864365474848143,
    "162": 0.00027734332375513765,
    "163": 0.00026825010002546105,
    "164": 0.0002637034881606227,
    "165": 0.0002591568762957844,
    "166": 0.00025461026443094606,
    "167": 0.0002500636525661077,
    "168": 0.0002455170407012694,
    "169": 0.0002409704288364311,
    "170": 0.0002409704288364311,
    "171": 0.0002409704288364311,
    "172": 0.00023869712290401193,
    "173": 0.00023642381697159276,
    "174": 0.0002296038991743353,
    "175": 0.0002227839813770778,
    "176": 0.00021596406357982033,
    "177": 0.00020914414578256284,
    "178": 0.00020914414578256284,
    "179": 0.00020914414578256284,
    "180": 0.00020687083985014367,
    "181": 0.0002045975339177245,
    "182": 0.00019550431018804787,
    "183": 0.0001864110864583712,
    "184": 0.00018413778052595207,
    "185": 0.0001818644745935329,
    "186": 0.0001818644745935329,
    "187": 0.0001818644745935329,
    "188": 0.0001818644745935329,
    "189": 0.0001818644745935329,
    "190": 0.00017959116866111374,
    "191": 0.00017731786272869458,
    "192": 0.0001750445567962754,
    "193": 0.00017277125086385625,
    "194": 0.00017049794493143708,
    "195": 0.00016822463899901795,
    "196": 0.00016595133306659878,
    "197": 0.00016367802713417962,
    "198": 0.00016367802713417962,
    "199": 0.00016367802713417962,
    "200": 0.00016367802713417962,
    "201": 0.00016367802713417962,
    "202": 0.00015913141526934128,
    "203": 0.00015458480340450295,
    "204": 0.00015458480340450295,
    "205": 0.00015458480340450295,
    "206": 0.0001523114974720838,
    "207": 0.00015003819153966465,
    "208": 0.00014549157967482632,
    "209": 0.000140944967809988,
    "210": 0.00013867166187756883,
    "211": 0.00013639835594514966,
    "212": 0.00013412505001273052,
    "213": 0.00013185174408031136,
    "214": 0.0001295784381478922,
    "215": 0.00012730513221547303,
    "216": 0.00012503182628305386,
    "217": 0.0001227585203506347,
    "218": 0.0001227585203506347,
    "219": 0.0001227585203506347,
    "220": 0.0001227585203506347,
    "221": 0.0001227585203506347,
    "222": 0.00012048521441821555,
    "223": 0.00011821190848579638,
    "224": 0.00011821190848579638,
    "225": 0.00011821190848579638,
    "226": 0.00011366529662095806,
    "227": 0.00010911868475611973,
    "228": 0.00010684537882370058,
    "229": 0.00010457207289128142,
    "230": 0.0001000254610264431,
    "231": 9.547884916160477e-05,
    "232": 9.32055432291856e-05,
    "233": 9.093223729676645e-05,
    "234": 8.865893136434729e-05,
    "235": 8.638562543192812e-05,
    "236": 8.638562543192812e-05,
    "237": 8.638562543192812e-05,
    "238": 8.411231949950897e-05,
    "239": 8.183901356708981e-05,
    "240": 8.183901356708981e-05,