{
    "88": 0.0025466296023482294,
    "87": 0.0027057939524949936,
    "86": 0.0029130777573372914,
    "85": 0.0031203615621795892,
    "84": 0.003353555842627174,
    "83": 0.0035867501230747592,
    "82": 0.0037607204592816877,
    "81": 0.003934690795488616,
    "80": 0.005330154981659085,
    "79": 0.006725619167829554,
    "78": 0.00685517154585599,
    "77": 0.006984723923882425,
    "76": 0.00710687330887878,
    "75": 0.0072290226938751334,
    "74": 0.0073733810579617335,
    "73": 0.0075177394220483345,
    "72": 0.008913203608218803,
    "71": 0.010308667794389272,
    "70": 0.010327175276964477,
    "69": 0.010345682759539681,
    "68": 0.01037529473166001,
    "67": 0.010404906703780338,
    "66": 0.010453026158475872,
    "65": 0.010501145613171406,
    "64": 0.01116371348936375,
    "63": 0.011826281365556095,
    "62": 0.011826281365556095,
    "61": 0.011833684358586177,
    "60": 0.011833684358586177,
    "59": 0.011833684358586177,
    "58": 0.011833684358586177,
    "57": 0.011833684358586177,
    "56": 0.011833684358586177,
    "55": 0.011833684358586177,
    "54": 0.011833684358586177,
    "53": 0.011833684358586177,
    "52": 0.011833684358586177,
    "51": 0.011833684358586177,
    "50": 0.011833684358586177,
    "49": 0.011833684358586177,
    "48": 0.011833684358586177,
    "47": 0.011833684358586177,
    "46": 0.011833684358586177,
    "45": 0.011837385855101218,
    "44": 0.011837385855101218,
    "43": 0.011837385855101218,
    "42": 0.011837385855101218,
    "41": 0.011837385855101218,
    "40": 0.011837385855101218,
    "39": 0.011837385855101218,
    "38": 0.011837385855101218,
    "37": 0.011837385855101218,
    "36": 0.011837385855101218,
    "35": 0.011837385855101218,
    "34": 0.011837385855101218,
    "33": 0.011837385855101218,
    "32": 0.011837385855101218,
    "31": 0.011837385855101218,
    "30": 0.011837385855101218,
    "29": 0.011837385855101218,
    "28": 0.011837385855101218,
    "27": 0.011837385855101218,
    "26": 0.011837385855101218,
    "25": 0.011837385855101218,
    "24": 0.011837385855101218,
    "23": 0.011837385855101218,
    "22": 0.011837385855101218,
    "21": 0.011837385855101218,
    "20": 0.011837385855101218,
    "19": 0.011837385855101218,
    "18": 0.011837385855101218,
    "17": 0.011837385855101218,
    "16": 0.011837385855101218,
    "15": 0.011837385855101218,
    "14": 0.011837385855101218,
    "13": 0.011837385855101218,
    "12": 0.011837385855101218,
    "11": 0.011837385855101218,
    "10": 0.011837385855101218,
    "9": 0.011837385855101218,
    "8": 0.011837385855101218,
    "7": 0.011837385855101218,
    "6": 0.011837385855101218,
    "5": 0.011837385855101218,
    "4": 0.011837385855101218,
    "3": 0.011837385855101218,
    "2": 0.011837385855101218,
    "1": 0.011837385855101218,
    "0": 0.005918692927550609,
    "89": 0.002383763755686424,
    "90": 0.0022357038950847827,
    "91": 0.0020876440344831416,
    "92": 0.0019877036285770337,
    "93": 0.001887763222670926,
    "94": 0.001784121320249777,
    "95": 0.001673076424798546,
    "96": 0.0015842405084375614,
    "97": 0.0015028075851066585,
    "98": 0.001428777654805838,
    "99": 0.0013547477245050173,
    "100": 0.001299225276779402,
    "101": 0.0012437028290537865,
    "102": 0.0011992848708732942,
    "103": 0.0011548669126928016,
    "104": 0.0011326579336025555,
    "105": 0.0011104489545123092,
    "106": 0.001084538478907022,
    "107": 0.0010586280033017348,
    "108": 0.0010401205207265297,
    "109": 0.0010216130381513245,
    "110": 0.0010031055555761194,
    "111": 0.0009845980730009143,
    "112": 0.0009697920869407501,
    "113": 0.000954986100880586,
    "114": 0.0009401801148204219,
    "115": 0.0009253741287602577,
    "116": 0.0008920606601248885,
    "117": 0.0008587471914895192,
    "118": 0.000836538212399273,
    "119": 0.0008143292333090269,
    "120": 0.0007995232472488627,
    "121": 0.0007847172611886986,
    "122": 0.0007625082820984524,
    "123": 0.0007402993030082062,
    "124": 0.000725493316948042,
    "125": 0.000710687330887878,
    "126": 0.0006847768552825907,
    "127": 0.0006588663796773035,
    "128": 0.0006551648831622625,
    "129": 0.0006514633866472214,
    "130": 0.0006477618901321805,
    "131": 0.0006440603936171394,
    "132": 0.0006329559040720163,
    "133": 0.0006218514145268933,
    "134": 0.0006107469249817701,
    "135": 0.0005996424354366471,
    "136": 0.0005774334563464008,
    "137": 0.0005552244772561546,
    "138": 0.0005404184911959905,
    "139": 0.0005256125051358265,
    "140": 0.0005071050225606212,
    "141": 0.0004885975399854161,
    "142": 0.000477493050440293,
    "143": 0.0004663885608951699,
    "144": 0.0004663885608951699,
    "145": 0.0004663885608951699,
    "146": 0.00045528407135004683,
    "147": 0.00044417958180492374,
    "148": 0.00042567209922971856,
    "149": 0.00040716461665451343,
    "150": 0.00039606012710939034,
    "151": 0.00038495563756426725,
    "152": 0.00037755264453418516,
    "153": 0.0003701496515041031,
    "154": 0.00035904516195898003,
    "155": 0.00034794067241385694,
    "156": 0.00034053767938377485,
    "157": 0.0003331346863536928,
    "158": 0.0003146272037784876,
    "159": 0.0002961197212032825,
    "160": 0.00029241822468824145,
    "161": 0.0002887167281732004,
    "162": 0.00027020924559799527,
    "163": 0.0002517017630227901,
    "164": 0.00023319428044758496,
    "165": 0.0002146867978723798,
    "166": 0.00020358230832725671,
    "167": 0.00019247781878213363,
    "168": 0.00018507482575205156,
    "169": 0.0001776718327219695,
    "170": 0.0001776718327219695,
    "171": 0.0001776718327219695,
    "172": 0.0001776718327219695,
    "173": 0.0001776718327219695,
    "174": 0.0001776718327219695,
    "175": 0.0001776718327219695,
    "176": 0.00017397033620692847,
    "177": 0.00017026883969188742,
    "178": 0.00017026883969188742,
    "179": 0.00017026883969188742,
    "180": 0.00016286584666180536,
    "181": 0.00015546285363172331,
    "182": 0.00014805986060164125,
    "183": 0.00014065686757155918,
    "184": 0.00014065686757155918,
    "185": 0.00014065686757155918,
    "186": 0.00013695537105651816,
    "187": 0.0001332538745414771,
    "188": 0.0001295523780264361,
    "189": 0.00012585088151139504,
    "190": 0.00012214938499635402,
    "191": 0.00011844788848131299,
    "192": 0.00011844788848131299,
    "193": 0.00011844788848131299,
    "194": 0.00011844788848131299,
    "195": 0.00011844788848131299,
    "196": 0.00011474639196627197,
    "197": 0.00011104489545123094,
    "198": 0.0001073433989361899,
    "199": 0.00010364190242114887,
    "200": 0.00010364190242114887,
    "201": 0.00010364190242114887,
    "202": 0.00010364190242114887,
    "203": 0.00010364190242114887,
    "204": 0.00010364190242114887,
    "205": 0.00010364190242114887,
    "206": 9.623890939106681e-05,
    "207": 8.883591636098475e-05,
    "208": 8.883591636098475e-05,
    "209": 8.883591636098475e-05,
    "210": 8.883591636098475e-05,
    "211": 8.883591636098475e-05,
    "212": 8.883591636098475e-05,
    "213": 8.883591636098475e-05,
    "214": 8.513441984594371e-05,
    "215": 8.143292333090268e-05,
    "216": 8.143292333090268e-05,
    "217": 8.143292333090268e-05,
    "218": 7.773142681586166e-05,
    "219": 7.402993030082062e-05,
    "220": 7.402993030082062e-05,
    "221": 7.402993030082062e-05,
    "222": 7.402993030082062e-05,
    "223": 7.402993030082062e-05,
    "224": 7.032843378577959e-05,
    "225": 6.662693727073856e-05,
    "226": 6.662693727073856e-05,
    "227": 6.662693727073856e-05,
    "228": 6.662693727073856e-05,
    "229": 6.662693727073856e-05,
    "230": 6.662693727073856e-05,
    "231": 6.662693727073856e-05,
    "232": 6.662693727073856e-05,
    "233": 6.662693727073856e-05,
    "234": 6.662693727073856e-05,
    "235": 6.662693727073856e-05,
    "236": 6.662693727073856e-05,
    "237": 6.662693727073856e-05,
    "238": 6.662693727073856e-05,
    "239": 6.662693727073856e-05,