{
    "34": 0.011816276478341967,
    "33": 0.011816276478341967,
    "32": 0.011816276478341967,
    "31": 0.011816276478341967,
    "30": 0.011816276478341967,
    "29": 0.011816276478341967,
    "28": 0.011816276478341967,
    "27": 0.011816276478341967,
    "26": 0.011816276478341967,
    "25": 0.011816276478341967,
    "24": 0.011816276478341967,
    "23": 0.011816276478341967,
    "22": 0.011816276478341967,
    "21": 0.011816276478341967,
    "20": 0.011816276478341967,
    "19": 0.011816276478341967,
    "18": 0.011816276478341967,
    "17": 0.011816276478341967,
    "16": 0.011816276478341967,
    "15": 0.011816276478341967,
    "14": 0.011816276478341967,
    "13": 0.011816276478341967,
    "12": 0.011816276478341967,
    "11": 0.011816276478341967,
    "10": 0.011816276478341967,
    "9": 0.011816276478341967,
    "8": 0.011816276478341967,
    "7": 0.011816276478341967,
    "6": 0.011816276478341967,
    "5": 0.011816276478341967,
    "4": 0.011816276478341967,
    "3": 0.011816276478341967,
    "2": 0.011816276478341967,
    "1": 0.011816276478341967,
    "0": 0.005908138239170984,
    "35": 0.01181493554819236,
    "36": 0.01181493554819236,
    "37": 0.01181493554819236,
    "38": 0.01181493554819236,
    "39": 0.01181493554819236,
    "40": 0.01181493554819236,
    "41": 0.01181493554819236,
    "42": 0.01181493554819236,
    "43": 0.01181493554819236,
    "44": 0.01181493554819236,
    "45": 0.01181493554819236,
    "46": 0.01181493554819236,
    "47": 0.01181493554819236,
    "48": 0.01181493554819236,
    "49": 0.01181493554819236,
    "50": 0.01181359461804275,
    "51": 0.011812253687893143,
    "52": 0.011812253687893143,
    "53": 0.011812253687893143,
    "54": 0.011812253687893143,
    "55": 0.011812253687893143,
    "56": 0.011812253687893143,
    "57": 0.011812253687893143,
    "58": 0.011812253687893143,
    "59": 0.011812253687893143,
    "60": 0.011812253687893143,
    "61": 0.011812253687893143,
    "62": 0.011812253687893143,
    "63": 0.011812253687893143,
    "64": 0.011047923502616824,
    "65": 0.010283593317340507,
    "66": 0.010247388203301101,
    "67": 0.010211183089261697,
    "68": 0.010174977975222294,
    "69": 0.010138772861182888,
    "70": 0.010105249607442699,
    "71": 0.01007172635370251,
    "72": 0.008816615733669817,
    "73": 0.007561505113637125,
    "74": 0.007423389308227545,
    "75": 0.0072852735028179644,
    "76": 0.007137771186361132,
    "77": 0.006990268869904298,
    "78": 0.006837402832849034,
    "79": 0.00668453679579377,
    "80": 0.005316788043194042,
    "81": 0.003949039290594314,
    "82": 0.0037318086063578863,
    "83": 0.0035145779221214587,
    "84": 0.0032812560760897406,
    "85": 0.003045252369758807,
    "86": 0.0028682495900106066,
    "87": 0.0026912468102624067,
    "88": 0.0025196077511126366,
    "89": 0.002347968691962867,
    "90": 0.0021790114931123125,
    "91": 0.0020100542942617576,
    "92": 0.0019041208124427591,
    "93": 0.0017981873306237605,
    "94": 0.0017083450106000527,
    "95": 0.0016185026905763452,
    "96": 0.0015447515323479286,
    "97": 0.0014710003741195117,
    "98": 0.0014280906093320693,
    "99": 0.001385180844544627,
    "100": 0.0013342254988595388,
    "101": 0.001283270153174451,
    "102": 0.0012457241089854389,
    "103": 0.0012081780647964268,
    "104": 0.0011692910904578069,
    "105": 0.0011304041161191872,
    "106": 0.001108949233725466,
    "107": 0.0010874943513317448,
    "108": 0.0010633576086388084,
    "109": 0.001039220865945872,
    "110": 0.001020447843851366,
    "111": 0.00100167482175686,
    "112": 0.0009829017996623537,
    "113": 0.0009641287775678478,
    "114": 0.0009507194760717719,
    "115": 0.0009373101745756961,
    "116": 0.0009198780826307977,
    "117": 0.0009024459906858992,
    "118": 0.000890377619339431,
    "119": 0.0008783092479929628,
    "120": 0.0008541725053000264,
    "121": 0.0008327176229063052,
    "122": 0.0008193083214102294,
    "123": 0.0008058990199141537,
    "124": 0.0007871259978196476,
    "125": 0.0007683529757251414,
    "126": 0.0007536027440794581,
    "127": 0.0007388525124337748,
    "128": 0.000725443210937699,
    "129": 0.0007120339094416233,
    "130": 0.0006986246079455475,
    "131": 0.0006838743762998642,
    "132": 0.0006691241446541808,
    "133": 0.0006543739130084974,
    "134": 0.0006382827512132065,
    "135": 0.0006221915894179156,
    "136": 0.0006074413577722323,
    "137": 0.000592691126126549,
    "138": 0.0005792818246304731,
    "139": 0.0005658725231343974,
    "140": 0.0005524632216383216,
    "141": 0.0005390539201422459,
    "142": 0.0005256446186461701,
    "143": 0.0005122353171500944,
    "144": 0.0005015078759532338,
    "145": 0.0004907804347563731,
    "146": 0.00047468927296108216,
    "147": 0.00045859811116579126,
    "148": 0.0004451888096697155,
    "149": 0.00043177950817363975,
    "150": 0.00040764276548070334,
    "151": 0.00038350602278776694,
    "152": 0.00037814230218933664,
    "153": 0.00037277858159090634,
    "154": 0.00036205114039404573,
    "155": 0.00035132369919718513,
    "156": 0.0003392553278507169,
    "157": 0.0003271869565042487,
    "158": 0.0003124367248585654,
    "159": 0.00029768649321288207,
    "160": 0.0002869590520160214,
    "161": 0.0002762316108191608,
    "162": 0.00026952696007112294,
    "163": 0.00026282230932308506,
    "164": 0.0002601404490238699,
    "165": 0.00025745858872465476,
    "166": 0.0002494130078270093,
    "167": 0.00024136742692936383,
    "168": 0.0002306399857325032,
    "169": 0.0002199125445356426,
    "170": 0.00021052603348838955,
    "171": 0.00020113952244113652,
    "172": 0.0001971167319923138,
    "173": 0.00019309394154349107,
    "174": 0.00018907115109466832,
    "175": 0.0001850483606458456,
    "176": 0.00018236650034663044,
    "177": 0.0001796846400474153,
    "178": 0.0001796846400474153,
    "179": 0.0001796846400474153,
    "180": 0.00017834370989780772,
    "181": 0.00017700277974820014,
    "182": 0.00017700277974820014,
    "183": 0.00017700277974820014,
    "184": 0.00017163905914976984,
    "185": 0.0001662753385513395,
    "186": 0.0001609116179529092,
    "187": 0.00015420696720487134,
    "188": 0.00014884324660644104,
    "189": 0.00014482045615761828,
    "190": 0.0001434795260080107,
    "191": 0.00014213859585840313,
    "192": 0.0001381158054095804,
    "193": 0.00013409301496075768,
    "194": 0.0001327520848111501,
    "195": 0.00013141115466154253,
    "196": 0.00012336557376389705,
    "197": 0.0001153199928662516,
    "198": 0.00011263813256703645,
    "199": 0.0001099562722678213,
    "200": 0.00010727441196860614,
    "201": 0.00010459255166939099,
    "202": 0.00010191069137017584,
    "203": 9.922883107096069e-05,
    "204": 9.788790092135311e-05,
    "205": 9.654697077174554e-05,
    "206": 9.520604062213795e-05,
    "207": 9.386511047253037e-05,
    "208": 9.386511047253037e-05,
    "209": 9.386511047253037e-05,
    "210": 9.118325017331522e-05,
    "211": 8.850138987410007e-05,
    "212": 8.850138987410007e-05,
    "213": 8.850138987410007e-05,
    "214": 8.581952957488492e-05,
    "215": 8.313766927566976e-05,
    "216": 8.179673912606218e-05,
    "217": 8.04558089764546e-05,
    "218": 8.04558089764546e-05,
    "219": 8.04558089764546e-05,
    "220": 8.04558089764546e-05,
    "221": 8.04558089764546e-05,
    "222": 7.777394867723946e-05,
    "223": 7.50920883780243e-05,
    "224": 7.375115822841673e-05,
    "225": 7.241022807880914e-05,
    "226": 7.241022807880914e-05,
    "227": 7.241022807880914e-05,
    "228": 7.241022807880914e-05,
    "229": 7.241022807880914e-05,
    "230": 7.241022807880914e-05,
    "231": 7.241022807880914e-05,
    "232": 7.106929792920157e-05,
    "233": 6.972836777959399e-05,
    "234": 6.704650748037884e-05,
    "235": 6.436464718116369e-05,
    "236": 6.436464718116369e-05,
    "237": 6.436464718116369e-05,
    "238": 6.436464718116369e-05,
    "239": 6.436464718116369e-05,