600 
1200 
1700 
2575 
2950 
3100 
3850 
4025 
5025 
5150 
5700 
6375 
6875 
7475 
9125 
9225 
9925 
10900 
11875 
12175 
12725 
13700 
14150 
14525 
14825 
15225 
16975 
17425 
18150 
18750 
19475 
19700 
19975 
20950 
21700 
22075 
22500 
23350 
24725 
25250 
25600 
26600 
27100 
27825 
28050 
28975 
29850 
31950 
32400 
32600 
32875 
33725 
33950 
34425 
34825 
35550 
35975 
36425 
36675 
37600 
37850 
39450 
39850 
40025 
42125 
44225 
45725 
45900 
46650 
46925 
47575 
48000 
48400 
49175 
49500 
50300 
50475 
51450 
52350 
53325 
53550 
56025 
57000 
57575 
59225 
59575 
61050 
61850 
62025 
62200 
62825 
63825 
64325 
65300 
65675 
66275 
66475 
67675 
68275 
69275 
69575 
70275 
71200 
72200 
72925 
73350 
73800 
74550 
74825 
74950 
75575 
76125 
76925 
77325 
77500 
78200 
78950 
79225 
79775 
80750 
81225 
81550 
82275 
83575 
85800 
86150 
86475 
87575 
88475 
88825 
91400 
92250 
92900 
93700 
94425 
94875 
95275 
95975 
96700 
97625 
98300 
99050 
99150 
99825 
100800 
100900 
101125 
101925 
102600 
104275 
105075 
105175 
106875 
107800 
108000 
108150 
109375 
109900 
110200 
110350 
110850 
111700 
112400 
112650 
112975 
114000 
114500 
115675 
115875 
116500 
117375 
117575 
117975 
118375 
119500 
119650 
121125 
121850 
122525 
123375 
123475 
123600 
124625 
125500 
125975 
126600 
127350 
128150 
128650 
130200 
130650 
131200 
132025 
132925 
133825 
134825 
135050 
136100 
137025 
137225 
138500 
138825 
139500 
139925 
140750 
141225 
141375 
142275 
143050 
143750 
144650 
145100 
145725 
146225 
146450 
146900 
147300 
148225 
149175 
150075 
150700 
151450 
152100 
152675 
152875 
153875 
154775 
155225 
155725 
156600 
157100 
157925 
158700 
159500 
159600 
160325 
160675 
160900 
161375 
162325 
162600 
163525 
163875 
164675 
166750 
166850 
167475 
167975 
168900 
169725 
170600 
171500 
172250 
173300 
173500 
174250 
176000 
177375 
177900 
179200 
179800 
180500 
181475 
182425 
183225 
183675 
184075 
185275 
185450 
185825 
186375 
186750 
187775 
187925 
188825 
189600 
190225 
190350 
190875 
191700 
193200 
194000 
194550 
195425 
196275 
197175 
197875 
198175 
198400 
198750 
199550 
199925 
200875 
202150 
202600 
204425 
204975 
205450 
205600 
206075 
206625 
207450 
207600 
208475 
209775 
210600 
211750 
211925 
212875 
213500 
213875 
214450 
214850 
215450 
216025 
216700 
217375 
217950 
218350 
218600 
218850 
219275 
219525 
219850 
220750 
221175 
222075 
222750 
223600 
224075 
225475 
225625 
226125 
226900 
228350 
228700 
228925 
230375 
230800 
230925 
231275 
232225 
232375 
232725 
233575 
234475 
234925 
235125 
236725 
236900 
237500 
237850 
238625 
239425 
240100 
240650 
241300 
242250 
242700 
243075 
243175 
243450 
243625 
244550 
244675 
245575 
245750 
246675 
247100 
247575 
248075 
248300 
248775 
249125 
250500 
250875 
252200 
253050 
253950 
254075 
254850 
255225 
255925 
256225 
256750 
257050 
257225 
257550 
258025 
258175 
259850 
260325 
260550 
260725 
261125 
261600 
261725 
262250 
262600 
264225 
264450 
265100 
265850 
266025 
266300 
266400 
266575 
266750 
266875 
267125 
267600 
267800 
268300 
268575 
269125 
269275 
271025 
271175 
272200 
272950 
273275 
273500 
274425 
275050 
275850 
276675 
277350 
278075 
278900 
279075 
280250 
280750 
280875 
281700 
282250 
283850 
284025 
284900 
285000 
285575 
286175 
286850 
287125 
287900 
288175 
288350 
289300 
289450 
291200 
292125 
292775 
292900 
293825 
294675 
295225 
296000 
296575 
296925 
297850 
297975 
298325 
299475 
300225 
300950 
301475 
301725 
302075 
302725 
303250 
303850 
304700 
305825 
306700 
306925 
307100 
308075 
308450 
308700 
309200 
310550 
310975 
311875 
312675 
313200 
313925 
314275 
315050 
316050 
316200 
316575 
316925 
318325 
318825 
320025 
320575 
321925 
322125 
322325 
322500 
323075 
323675 
324375 
324975 
325525 
325850 
326325 
327325 
327475 
328700 
330325 
331000 
331100 
332750 
333800 
333925 
334250 
334825 
336175 
336500 
336925 
337275 
338200 
339025 
339525 
340175 
340900 
341250 
341725 
342025 
342250 
342675 
343600 
343725 
344175 
344375 
344525 
345225 
345825 
346250 
347125 
347725 
348700 
349800 
350400 
350975 
351275 
351375 
352150 
353025 
353200 
353350 
355000 
355350 
355850 
356425 
357300 
358125 
358425 
358700 
359625 
360425 
361075 
361775 
362100 
362525 
362975 
363875 
364875 
365150 
365675 
366125 
366800 
367700 
368275 
368450 
368725 
369625 
369725 
371375 
371925 
372150 
372725 
372950 
373125 
373250 
373775 
374325 
375150 
375850 
376450 
377325 
378100 
379875 
380650 
381125 
381500 
382150 
382625 
383150 
383375 
383675 
384275 
385875 
387200 
387800 
388450 
388675 
389350 
390875 
391025 
391200 
391675 
392575 
395100 
395575 
396250 
396975 
398050 
398825 
399325 
399775 
399900 
401575 
402450 
403025 
404275 
405150 
406775 
407100 
407200 
408900 
409775 
410075 
410250 
410900 
411775 
412175 
412900 
414125 
415025 
416300 
416450 
416975 
417175 
417575 
418100 
419050 
420300 
420775 
421725 
422275 
423275 
424050 
424900 
425425 
425525 
425925 
426350 
426850 
427575 
428400 
429225 
430050 
430900 
431300 
431675 
432675 
432825 
433525 
433925 
434775 
435075 
435975 
436875 
437275 
437775 
438300 
438925 
440650 
441450 
442050 
443425 
443975 
444700 
446625 
447550 
448425 
449475 
450025 
450150 
450850 
451700 
451975 
452825 
453675 
454625 
455475 
456300 
456950 
457200 
458025 
458200 
459375 
460725 
460900 
461375 
462350 
462900 
463075 
463275 
463900 
464025 
464550 
465025 
466325 
468125 
469325 
470000 
470350 
470500 
471175 
472600 
472800 
473075 
473450 
474375 
475125 
476100 
476900 
477125 
477475 
477650 
477925 
478300 
478625 
478725 
479625 
479950 
480100 
481025 
481525 
482275 
482725 
483700 
485550 
486425 
486675 
487325 
487500 
488825 
489350 
489475 
489625 
490075 
490800 
491800 
492525 
493200 
493800 
494475 
494650 
495475 
496275 
496475 
497350 
497850 
498775 
499000 
500025 
500625 
501075 
501600 
502475 
503500 
504075 
505025 
506850 
507625 
507875 
508375 
508550 
508725 
509800 
510425 
510975 
511525 
511750 
511850 
512125 
512875 
514150 
514975 
515450 
515850 
516700 
517675 
518375 
519225 
519625 
520375 
521125 
521900 
522125 
522950 
523225 
523450 
523975 
524075 
524975 
525525 
525700 
526050 
526275 
527075 
527225 
527750 
528175 
528350 
528675 
529550 
529725 
530575 
531525 
532000 
532100 
532975 
533650 
534125 
534650 
535350 
536100 
537000 
537425 
537675 
538525 
539525 
539625 
540000 
540250 
540975 
541775 
542400 
542625 
542725 
543375 
543675 
544625 
545275 
546800 
546900 
547950 
549300 
549600 
550225 
551650 
551825 
552750 
554050 
554475 
554975 
555125 
555900 
556675 
557225 
559375 
559475 
560200 
560800 
561350 
561800 
562450 
562750 
563050 
563750 
564000 
564350 
564450 
564900 
565575 
566975 
567850 
568500 
569550 
570025 
570325 
570650 
570975 
571375 
571950 
572050 
572725 
572875 
574350 
574550 
576275 
577825 
580125 
580725 
581475 
582350 
582475 
583450 
585600 
586100 
586275 
586750 
587150 
587850 
588575 
590150 
590950 
591725 
591950 
592225 
593800 
593925 
594700 
596100 
596350 
596950 
598150 
598475 
598725 
599575 
599725 
600750 
601475 
601775 
602625 
603575 
604575 
605050 
605850 
606275 
606425 
606875 
607425 
608075 
608575 
608725 
610075 
610925 
611675 
612275 
612575 
613325 
614075 
614525 
615200 
615500 
616125 
616700 
616925 
617750 
618075 
618950 
619800 
620375 
620825 
620975 
621250 
621375 
621550 
622325 
622925 
623025 
623875 
624425 
624625 
625400 
625875 
626575 
627550 
627775 
629400 
630325 
631325 
631475 
632100 
632275 
632700 
633000 
633775 
634150 
634875 
635825 
636675 
637075 
638075 
638350 
638650 
639175 
639375 
639575 
640125 
640800 
641700 
642150 
642775 
643350 
644250 
644750 
645675 
646350 
646450 
646700 
646800 
647175 
647650 
648375 
649025 
649150 
649950 
650650 
652150 
653050 
653950 
654250 
655025 
655900 
656175 
656450 
657350 
658200 
659225 
660725 
661700 
662625 
662950 
663675 
664575 
665750 
666425 
666725 
666950 
667850 
668175 
668350 
668800 
669625 
670875 
671800 
672200 
672800 
673800 
674550 
675100 
675575 
675750 
676375 
676850 
677425 
677700 
678525 
679475 
679875 
680550 
681500 
682450 
683350 
683550 
683850 
684550 
685500 
686150 
686600 
687100 
688025 
688525 
688825 
689225 
689925 
690225 
690900 
691775 
692375 
693050 
693700 
693800 
694350 
694650 
695200 
695375 
696175 
696600 
697425 
697875 
698725 
699525 
699800 
700625 
701975 
703225 
703675 
703800 
704525 
705525 
708925 
709850 
710725 
711725 
712750 
713175 
713850 
714575 
715650 
716275 
717150 
718050 
719400 
721325 
721925 
723500 
723900 
724100 
724950 
725775 
726525 
727450 
728350 
728550 
729150 
729450 
730300 
730850 
731025 
731450 
732025 
732875 
733050 
733350 
734250 
734875 
735425 
735575 
736450 
737225 
737750 
738525 
739900 
740500 
741100 
741675 
742400 
743050 
743950 
744550 
745050 
746050 
746350 
747450 
747675 
748250 
748450 
748825 
750775 
751725 
751825 
752200 
752800 
753425 
754600 
754700 
755275 
756050 
756900 
757250 
758200 
758350 
759125 
760425 
761600 
764100 
764950 
765250 
766150 
767775 
768000 
768175 
768575 
769525 
770525 
770950 
771275 
771900 
772025 
772550 
772825 
774025 
774950 
776500 
776775 
777325 
778150 
778950 
779975 
780575 
781475 
781975 
782200 
783175 
784025 
784350 
784800 
785225 
785500 
785825 
787275 
787525 
787900 
788825 
789900 
790825 
791875 
793375 
793525 
794200 
795425 
795775 
796400 
797375 
798050 
799000 
799550 
800550 
800650 
800825 
801350 
802075 
802600 
803075 
803950 
805350 
806175 
806425 
806675 
807325 
807600 
808025 
808450 
808725 
809500 
810200 
810900 
811500 
812375 
812475 
813175 
813325 
813900 
814575 
815400 
815500 
816475 
817975 
818400 
819150 
819675 
819850 
820825 
821000 
821700 
822150 
822475 
822875 
823775 
824250 
825025 
825475 
825650 
825950 
826050 
827775 
828200 
829200 
829400 
830125 
830475 
830900 
831875 
832575 
834075 
834650 
835625 
835975 
836150 
837200 
837525 
838575 
839450 
839900 
840700 
840875 
841450 
842050 
842225 
844400 
845275 
845775 
845950 
846125 
846850 
847675 
848500 
848775 
849375 
849775 
850100 
851000 
851200 
851750 
852150 
852625 
853700 
855500 
856675 
857175 
857600 
858225 
858325 
858600 
858775 
859325 
859675 
859825 
860825 
861125 
861525 
861875 
862475 
862675 
863275 
864050 
864425 
864900 
865825 
865925 
867300 
867600 
868550 
868875 
869750 
870250 
871900 
872300 
872775 
873525 
874300 
875125 
875675 
877450 
877700 
878650 
879225 
879850 
880250 
880500 
881350 
881450 
882850 
883850 
884050 
885925 
886025 
887675 
888175 
888725 
889400 
890150 
890525 
890925 
891350 
892150 
892450 
892850 
893900 
894100 
896775 
897025 
897250 
898025 
899125 
899375 
899825 
900625 
900825 
901700 
902600 
903450 
903875 
904275 
904975 
906350 
907000 
907875 
908325 
909300 
910275 
910975 
911075 
911700 
912300 
912825 
913950 
915175 
916125 
916350 
917975 
919725 
920500 
921350 
922150 
923000 
923950 
924225 
924925 
925350 
927300 
927900 
928050 
928775 
929475 
929750 
930700 
930825 
931350 
931550 
931675 
932050 
932525 
933250 
933825 
934800 
935000 
935450 
936200 
936800 
937350 
938275 
938800 
939975 
940100 
941225 
942100 
942750 
944500 
944775 
945725 
946525 
947100 
947350 
948025 
948975 
949400 
950325 
950825 
951350 
952275 
952950 
953450 
953975 
954325 
955625 
955750 
957275 
957875 
958150 
958750 
960100 
960850 
961875 
961975 
962100 
963025 
964525 
964875 
965650 
966475 
966900 
968200 
969100 
969750 
970200 
971100 
971825 
972075 
972725 
972875 
973275 
973425 
974875 
975500 
976300 
976425 
976650 
977250 
977525 
978050 
978600 
979100 
979400 
980050 
980750 
981000 
981925 
982075 
983525 
984750 
985400 
986450 
987000 
987325 
988175 
988325 
989250 
989750 
989925 
990500 
991225 
992850 
993325 
993450 
993725 
994475 
995275 
995675 
997250 
998850 
1000100 
1000225 
1000900 
1001225 
1001550 
1002025 
1002150 
1003125 
1004075 
1004950 
1005400 
1005925 
1006675 
1007150 
1007900 
1008250 
1009200 
1010025 
1010850 
1011100 
1011450 
1012800 
1013500 
1013950 
1014775 
1015200 
1016200 
1016450 
1016975 
1017650 
1018175 
1019025 
1019650 
1020150 
1020575 
1022475 
1023375 
1024375 
1024575 
1025775 
1026200 
1028075 
1028500 
1029025 
1030225 
1031100 
1031250 
1031425 
1032075 
1033050 
1033275 
1033900 
1034575 
1034800 
1035800 
1036125 
scores: [0.8543140109846945, 0.08050309276757162, 0.629550447415113, 0.9490977077307434, 1.6526263148925864, 0.018108453438571814, 0.22079389816394723, 0.540181300969266, 0.8153465152378203, 0.007787553142065917, 0.6626687243058313, 0.19235389598497932, 0.25787322735084217, 0.5935594478703479, 0.9983313371143367, 0.049069847732653216, 1.1368683772161603e-13, 2.778407686129867, 0.24144360537070497, 3.2371226561677986, 0.01770122781124428, 20.442049880383706, 175.67803648946654, 151.23590022923509, 13.774184877329503, 0.020319210219327033, 0.08086199797946847, 0.016128732220408892, 0.02477083672738445, 1.4668028461480844, 0.1922538475254214, 0.03479607756707992, 0.024277914789649913, 0.17684820983208738, 0.6133906455129363, 3.410605131648481e-13, 0.7147056966579157, 0.20391177463761778, 0.07014494064594601, 0.5381445225417565, 0.12975624650516693, 0.05527687080086707, 0.22035018273197693, 2.2737367544323206e-13, 11.119835740606163, 189.69601090525566, 350.9359986827542, 60.87722503249972, 1.4081379154978322, 3.6264340668403747, 4.8810552814788934, 1.9595188227318658, 0.1216220492578941, 0.0005692085449027218, 6.0352641935810425, 1.9127659299248307, 0.07373241081575088, 1.6577175704208003, 1.2617738886245888, 0.046051867445953576, 0.44706924602780873, 1.5164466005581971, 0.11084800518915472, 0.9859523477853145, 0.7132866139734233, 47.75030233967004, 255.0021443135298, 112.81650522368898, 7.467936236001833, 0.21414952862153314, 0.032906456691080166, 0.013248550021785377, 0.05325653804538888, 0.41510100667971983, 0.0010818271304060545, 1.0421056408955565, 0.27424869083847625, 0.11673341501341383, 0.05996633411439234, 0.4046852777142931, 0.10768394939623249, 0.013210277705297813, 0.0, 0.5058012498072912, 0.027155860891411976, 0.15844581595092677, 0.00982180480605166, 0.18325521629571995, 0.0533496915293199, 0.013210277705070439, 0.0010837111071850813, 0.394432061383327, 0.5069890531106012, 0.1852993222570376, 0.5069890531108285, 0.022092619931868285, 0.1989515658755181, 0.1696759909107186, 0.2619613554919624, 0.3146584439119806, 54.385388931606485, 373.9811178969636, 294.6344649174973, 20.213009276085018, 0.13904887396267895, 1.2644244440214152, 0.1895971713771587, 0.8494087330693674, 0.14593055602369986, 3.3062268931334984, 0.8169096200074364, 0.8043128265182986, 0.8169096200073227, 0.40820960681321594, 0.6218409367863842, 69.80033840714145, 284.4862327973781, 78.16897854964475, 1.288590038128973, 4.118130984177128, 2.395445059156259, 21.1126087511675, 78.09248024253975, 22.619239729928154, 0.24782905528661558, 0.0, 2.33142917018165, 0.002146184072557844, 2.0991578376223288, 0.3858239470159788, 0.30095524890884917, 1.2164358067967669, 0.1437550845421356, 0.9563163473603709, 0.5479323966447964, 1.0164632032655163, 5.726502537246347, 0.14692026648435785, 4.265444617552589, 1.233409257619428, 0.2501813068671481, 0.24615657672995894, 1.5826169820693394, 0.17501457227433548, 0.06856313503544698, 0.16233260528019855, 0.8712986511835652, 2.1138408657760692, 0.16736260113111712, 0.14336962298580147, 2.939067580287883, 84.89289193073625, 151.68461069870511, 20.198138039584023, 0.45776026401836134, 0.6438913184897501, 0.07041732190441508, 3.806221322759484, 28.913790211677906, 88.20574395866686, 50.6128661436461, 2.6289948240092826, 0.9178127953416606, 0.06705856125995524, 0.9805401444656354, 0.012867961715073761, 0.001036703475961076, 1.2241207543329438, 2.0944967816672033, 0.16935005698655914, 0.024613104114450834, 0.003984600635590141, 2.838135785504619, 0.6836857333289572, 0.12509350571190225, 0.14870656670348126, 0.18867821190178802, 0.4748621364833525, 1.1833328552561397, 0.4529068236006424, 1.4037013710209294, 0.17433041369167768, 0.8661142415903669, 0.15893053849640637, 0.09194889935054107, 0.012399004549138226, 0.2763173505661598, 0.18619164863196147, 0.05681055468869545, 0.26117890407920186, 0.006346757780306689, 0.10168745114162903, 0.35158595657821934, 0.06572675813470141, 0.4740767266274588, 0.4932555269115255, 0.26175332141076524, 63.609743490320284, 543.4723263872334, 768.4741109164876, 161.73188085065135, 4.499638517909773, 2.5889196578124256, 230.4377195966432, 578.409164645972, 84.64992011533116, 0.4948834539867448, 1.4513782643837203, 0.20857821547303956, 0.03196336061364491, 2.2669538112669443, 3.258566499422841, 0.2223607907285441, 0.7059989960595203, 2.8889461299980894, 1.0095762458911395, 0.04802619850056544, 1.7171748041371302, 0.5246786165232606, 1.1906883251458567, 0.0004109305139081698, 0.006395823588377425, 0.16290127891875272, 0.4156157943323251, 5.0313017308055805, 130.151229933664, 379.3306456258466, 107.98475151887226, 0.049229936075107616, 0.23143810554716993, 0.02194070996500841, 0.06654604420879195, 0.00546993712538324, 0.2741280477877126, 1.0389332445175228, 0.0014289186021301248, 1.3618027922043439, 0.001433070806399428, 0.9510110258761983, 0.02282973809502664, 0.2066728124018482, 0.11344418700139158, 0.0014085100997931477, 0.11344418700139158, 0.06961471608087777, 0.050634639003021675, 1.0069086773715412, 0.0013925958477329914, 0.6039826903456742, 0.012568900801511518, 0.11280323952371418, 5.4302515074390385, 40.64754695830095, 56.52787621542586, 13.509315645842776, 1.092938175284985, 0.07158317022037863, 0.7319948866081631, 0.6105871142615342, 0.7202710007327369, 0.09054297925479204, 0.0007683370414497404, 0.48099952000234225, 0.027551662191285686, 0.40775772446500014, 0.27097112279466273, 0.46413811715660813, 0.002954540423615981, 0.08890384052097033, 0.059334843440296936, 0.4544345316005547, 0.7733502409965922, 8.138733605809875, 19.324721031731883, 7.696912453736559, 0.7417082448648671, 0.0005351394438548596, 0.0903390756753879, 0.00482696733308785, 0.07701789269083292, 0.0005369265214199004, 0.17387026177300413, 0.23945492951315828, 0.6014771097895277, 0.269316765271185, 0.005057347162789938, 0.0005632375199979833, 0.02026477501726731, 0.6758244672093952, 1.5970175050991884, 0.043588259049556655, 0.01906406250918735, 0.019340152320978632, 1.8340925716327092, 0.927419299890289, 11.226744567730407, 177.71733448970326, 247.39371724302543, 33.94760478762896, 0.7679853684336422, 2.2654232789133175, 0.7188856803923045, 0.6779006197522222, 0.6988062602135869, 0.27759980113751226, 1.7873070212286848, 0.9777153594035326, 0.8154969978103281, 0.2587645633559532, 0.00636413907750466, 0.14587164369606853, 0.12230590173032851, 0.3479342032246677, 0.3976138704163077, 0.9092524586949366, 0.9609520345044302, 0.22187321398973836, 0.5085413132868553, 2.8273719789988263, 0.03561297612498038, 9.914247423408028, 0.0022169419542024116, 3.8189862936973213, 0.1548600031431988, 0.008936578906400428, 0.9735774708368581, 1.0990102559574098, 3.897144802932189, 0.5367632063661176, 1.536682064186948, 0.4369658967831356, 0.05542368644069029, 0.07111315106328675, 2.3695093484165, 1.2701199776895464, 2.770516787249335, 1.4533505935340827, 2.664523399715222, 3.984885662956458, 1.3664751614497845, 0.20865269609225834, 0.05252249596571801, 0.006697358791370789, 0.7948781356726613, 0.885209299502776, 0.031212549114002286, 0.020917536110118817, 1.3224176209033658, 0.025831293419514623, 0.5834136514678221, 0.08434906964123456, 0.05128397770920401, 0.19220389719248487, 0.5023361282142105, 0.879247798885558, 1.472313158430211, 1.2850645074553313, 0.7677509995793343, 0.1076218464095291, 3.237391900267312, 0.15479726559919982, 1.6427377326218675, 153.1881230453116, 1115.9204176637834, 218.56248765163014, 468.1358592439775, 480.6850668252746, 40.83750471285498, 0.7914417034162398, 0.14566626378768888, 0.5828842136309049, 0.04702135700154031, 0.0003255227567251495, 0.0003252982526191772, 0.020768992277567122, 0.026440333639584424, 0.10550639029679587, 0.0013088619435848159, 0.04738191195770014, 0.5576031096203451, 0.0029706774114401924, 0.5576031096204588, 0.07458001366558165, 0.0013088619435848159, 0.09572682444286329, 0.06449211288588685, 0.49411171327335524, 0.07400856563492653, 0.8152520054341039, 0.09512628508173293, 0.05633404658544805, 0.016185014570282874, 0.03336902293847288, 2.2737367544323206e-13, 6.26825134841431, 83.87531709917369, 61.673346352151384, 0.5182498697812434, 0.5870336796122047, 5.877948030336142, 0.0984882236643898, 0.11690360672014322, 0.11479831783549344, 0.018494945525617368, 0.01282318646474323, 0.01849494552595843, 0.7144140551883993, 0.0020637963243643753, 6.964563835637023, 0.8091052068031104, 7.334873488882977, 1.4303311780877266, 0.7556013650586237, 1.081427408358536, 0.012850559831576902, 0.012503419708878027, 0.004646031176548604, 1.448715837017403, 0.06293571942751441, 1.1021089330828318, 3.6833002425734094, 0.41350902189992667, 0.30801062344119146, 0.1489640978496709, 0.16887792559941772, 0.11614569369874062, 0.25832601282729684, 0.6379319466947209, 1.3280522618929353, 0.16431045297088076, 0.204524888519245, 0.005075055519796479, 0.002288964879994637, 88.96677683702524, 329.0980522105276, 71.08611079088405, 0.8887230745707484, 2.518877825486584, 0.07546936334631482, 0.8723901191799541, 0.031651084104623806, 1.1612417998933324, 0.02600450316867864, 0.5928648059050374, 1.1428064211377205, 2.105960350926125, 1.1774990168573822, 4.5513337769388045, 0.004146814530145093, 7.790413663407207, 1.426557720295591, 9.023460523839958, 1.5044818449822515, 4.652214080169188, 1.7452423639626886, 0.0993488872979924, 0.02483713604658533, 1.3801031243232273, 2.7711942089238164, 0.006438156252670524, 3.918145737251848, 2.41143002940953, 0.18091877210486018, 2.2161790690347516, 3.783693241815513, 0.0023138925531611676, 1.974533170158793, 1.1052298189931662, 0.006374612255171996, 0.3417950288966267, 7.64983977983286, 0.05898793306494099, 105.42962453799555, 1066.1679607700098, 518.8715508828718, 8.040269530301089, 0.05846666159027336, 1.396195747751051, 0.4090767892712961, 0.5544532443081494, 0.3423584585956405, 0.05321454348302268, 0.037459394567406434, 9.62777720011377, 328.9002326508552, 506.464823723779, 59.48014759355294, 0.1282872258467478, 0.28018500807684177, 0.6023552216850021, 4.058778594200248, 0.023364673411265358, 3.4744981008112745, 0.01799234219140544, 1.1368683772161603e-13, 0.03667656410289055, 1.2665390556985585, 0.07122581801274919, 0.8074194480851702, 0.01298280872504165, 0.008957942969686883, 0.008978293146242322, 0.012904316444632968, 0.12847985403357143, 0.10450176130882483, 0.8290529333374934, 2.6062304465482384, 21.882262959782565, 21.12013785935926, 2.677159032131499, 0.07389563313552117, 0.004612776778230909, 0.1271013841635522, 0.20869487647291862, 0.09329435772292527, 0.15125439485234438, 0.5530562480737444, 0.041311689407734775, 1.1042071099415125, 0.001144040714507355, 1.9198089536289444, 0.06409802727307579, 0.01786785591775697, 0.13634720399977596, 0.6819444595831783, 1.0259323299671905, 0.018496641271326553, 0.4818251400693043, 1.3506521342645783, 0.04091066422734002, 1.9151373499511237, 0.013942122572530025, 1.4405668545156232, 0.02306120844468751, 0.13626515786654636, 0.03442854369222914, 0.010221446201057915, 0.10178872847313869, 0.03430344135051655, 0.20274110335537898, 0.5157648529682319, 0.3414978883446338, 1.377974351534931, 0.45623396092889834, 0.1926388658258702, 88.95685767488385, 863.931775093158, 754.8775840223407, 59.0647690508747, 1.6987389471596543, 2.0466505034127067, 4.9545142328885845, 0.24591851185590485, 0.42017662849241333, 0.7192218524411373, 4.2820854660950545, 0.9980175351757339, 7.202507841509487, 4.846503147193346, 1.184984909452794, 2.41445796205835, 0.047984261264787165, 1.1438290895639511, 356.1687937899493, 1014.5332387655458, 293.2221151390843, 14.002299789968674, 0.6395324398663433, 0.14713005954729397, 0.9169333721474686, 0.011000381311760066, 1.0187106653046385, 0.0048732196253240545, 1.1655793841219975, 0.16211995165451754, 0.01974870999436007, 0.030776623105907674, 0.43896540796538375, 16.92937023808895, 209.4287866001739, 179.01651399229502, 13.86204922576485, 0.4582860084682352, 0.4980406860272524, 0.1971557794618093, 0.1988303674483518, 0.05494868807744524, 0.054719477729804566, 0.017126757252469815, 9.664827860281775, 204.67575852158177, 305.04184952081096, 51.111564564194964, 0.06169278621337071, 0.15742597837981975, 0.312471788590301, 0.2968537130667528, 0.5248345861339203, 0.7412181748661624, 1.7099395200435765, 0.03357095008118449, 5.333485152836829, 0.8836169842687696, 1.8250632721488955, 0.763058301931892, 1.1878149539894594, 1.4613604164335356, 34.10523550048447, 31.491128900935905, 4.489917638644556, 0.9456119357574835, 0.2855632571199749, 0.8735655929126551, 0.3131713903284208, 3.942267101034531, 0.0033858361432521633, 2.168980917729641, 1.8426796007028088, 0.24397743890392576, 0.14338250348782822, 0.043422156100177745, 0.0014436307845926422, 0.5279951242862353, 0.7430221182305559, 0.10653061073242043, 0.5038691435601095, 0.036479276790259973, 0.023150957757025026, 0.19056005913955687, 0.24140553920585717, 0.03557642032012609, 0.003186326342074608, 0.7969831877056777, 1.5831144026996071, 0.24584746141965752, 0.8431189792056557, 0.0014414374418265652, 0.0003591314457480621, 0.8500871428664141, 6.226671323353457, 8.615752544869451, 1.5580965653846306, 0.025084955795023234, 0.019931694563524616, 2.29517247615604, 1.22559496271856, 1.4346564362186882, 3.596059619677817, 0.99640053929852, 0.2755508225174026, 1.5531069420187578, 0.2274133000275924, 0.002841417908712174, 0.03137157558990111, 0.06165268243648825, 0.015285482868534928, 0.025284608877996106, 0.45513891132236495, 0.007793547646087973, 0.031816541228749884, 0.387016493158967, 0.500624441222385, 0.7858940259419569, 0.03749729355661202, 1.1368683772161603e-13, 0.0003109180490810104, 0.002785380428122153, 0.015194841986840402, 0.0049632134158628105, 0.08991517452750486, 0.03772083463184117, 0.20969820502489256, 0.11224213109937864, 0.0012294538468040628, 0.03752200417136464, 2.0187686939408422, 23.231289528899083, 118.81326666114353, 115.44109852624433, 12.769183201027317, 0.5419712375268091, 0.6151174246234632, 0.471527199682896, 1.1183858018962383, 0.0024512929551292473, 0.8311421314896279, 2.2737367544323206e-13, 0.2650636535462354, 0.8652871369190507, 0.10208281861434898, 0.6505328857505219, 0.005382584285598568, 0.0006101215042235708, 0.19558901131017592, 120.81372319194429, 368.67248824935234, 70.21275515147624, 0.0, 0.00108057456793631, 0.16801428982148536, 0.08803647197601094, 0.33026217010888104, 0.3900949886544822, 0.0002722708933333706, 0.0024027669149973008, 0.3686594783829378, 1.7033621903244693, 2.068270312150389, 0.001116739965027591, 0.11147496351213704, 1.2280285449963912, 0.6824917038009062, 0.7082019823473047, 2.3914009662898934, 0.3825543795383055, 1.8204890386568877, 2.635987315543275, 0.24173250837532123, 0.06860086587983005, 0.0010645435675087356, 0.026843423849982173, 0.9742563949627083, 34.9828502948003, 389.4034984555087, 708.2198988320511, 155.61770254008184, 0.13751575199864874, 1.5597357497464372, 0.13378233482694668, 0.9020771007423605, 1.6751520495395198, 2.023324606741653, 3.071230002342986, 2.44970504057369, 2.127402609078217, 8.290126679974946, 0.7765792988072349, 1.4900455087429236, 1.393309918752493, 1.4302002837084729, 0.8656587912362284, 1.806438400563195, 1.8810069861025909, 0.3835084182833839, 0.3875475324072113, 1.3561208201634258, 0.09763858796725344, 9.713817434150315, 96.41770910712717, 61.7158163098008, 0.14948225798468684, 0.2952325526725872, 2.764019800972619, 1.9156099461682743, 1.4843951139062597, 2.5682049833090446, 0.23794863353367646, 2.154433522774582, 4.15303980556655, 0.0071876861609325715, 4.159986593406984, 1.0844213439114014, 0.017154993814131103, 0.2898495705859432, 0.12401928821589081, 0.5932402997877944, 0.17869850727839776, 0.3246502780152696, 1.4384801093140709, 0.4083997772963244, 2.0568704071371826, 0.4799351087194168, 1.7664567811707457, 0.009571261330052039, 0.12218446982598152, 1.2711262914448298, 564.3309714888445, 1275.8581582592853, 202.43290811549377, 1.9264623758283506, 0.15163741152582588, 1.8758368792890678, 1.2797330492719539, 0.03258604751340499, 0.3547463484186437, 1.6422002360360466, 17.678893953993793, 15.61633608195234, 4.6368734296182765, 0.3928858753761233, 0.16501345606059203, 0.04161250783624837, 1.4607750647377316, 0.33173926562540146, 0.6115639396099368, 9.36700125811683, 133.4396306756364, 149.3686198257343, 23.6802821483584, 0.13811273726105355, 0.0, 0.0960990989651691, 1.5771317410850543, 0.9452344009199578, 0.2649925254631853, 0.44256241336449875, 0.11393313597056931, 1.9756814604974124, 1.504805914881672, 1.2070238694130921, 1.6597960723421465, 2.2737367544323206e-13, 0.0009488761780858113, 0.2172928592909784, 1.4359244145874754, 2.400678978586143, 0.5525370290463343, 0.21434938100924228, 1.4358650797231576, 2.190904209114592, 0.0938885138839396, 2.646028757777003, 0.00378450824769061, 0.28188141634529984, 0.0009433928449880113, 0.45444686734504103, 1.8748334226140742, 1.4254245916712307, 0.1341725259657096, 1.1268261204817236, 1.2460810038179488, 3.226668278235252, 2.1040955147599334, 0.0035770759825481946, 0.09160460024986605, 27.286921110578078, 250.21240383042118, 188.59815095809176, 18.498133269169898, 1.6403688100880345, 0.2134551622559684, 0.266125663603475, 0.003042950508984177, 4.732921193465927, 0.456350165754543, 4.03678976619949, 0.001317078410806971, 0.11109553539972694, 1.1711663864341517, 1.215966379373981, 0.5691893237467411, 0.4586149844170677, 0.14825762516306895, 0.02178676367771004, 0.16265588231374295, 1.452653664443801, 0.04019200555057978, 0.14475482944419582, 0.3871210922724231, 0.9828121875618763, 0.7677719524671147, 2.8754120062257016, 0.7358537528831448, 7.32512829420034, 4.925633746594372, 11.458647155032281, 24.16235067297373, 4.47500656031832, 0.9438134505684275, 2.9883082888222816, 0.22859158300730087, 2.4974907522453123, 0.15308916141816553, 7.242787365475806, 0.060236977289832794, 6.469054027169705, 3.19813697978293, 0.0358757832008223, 0.02196668163173854, 0.9943162075887813, 31.25374155392865, 56.28179230019248, 10.7426582951814, 0.02523440683330591, 0.9595535244238818, 0.9905853043175057, 0.08731559701413971, 0.5352074351671945, 0.13306857104259961, 2.063023310685253, 1.3565484694394172, 0.24313530431561503, 0.02320227465793323, 1.8326961212534343, 9.245531978311874, 0.41710956660847387, 0.008005461235029543, 28.49242883638044, 98.92372732544857, 75.97486243380592, 5.223708776257354, 1.4742018992268413, 0.054389008033581376, 1.4172387613492674, 0.008731725199368157, 1.0120181516173261, 0.6916669254322869, 0.03434429047899812, 2.5886294295170273, 1.6824929184369921, 0.7989370908655928, 3.59602166877778, 0.1736770296887471, 1.0873878314038166, 2.325961093758224, 0.1397093602907944, 1.388052090522251, 0.0005411424273233933, 0.17662056340111576, 0.00868263067445696, 1.0401707993672744, 0.15569393488806327, 0.8577196972961474, 0.04301234151012068, 1.7856474125022714, 0.052551783610965686, 0.47041951515620894, 0.17101543094725002, 0.004789681375996224, 0.7863185441734686, 0.1052972403036847, 44.70934127282226, 128.64094217435456, 31.955174089078582, 0.06476289695808646, 0.05547264351832837, 0.01607257045100141, 1.622085682433294, 1.1924252401845479, 1.0776481474924822, 1.0032411250125506, 0.0938822517796325, 0.25320427440840376, 0.0, 0.005111341819656445, 0.6728087869283854, 0.04612722542970005, 1.3521105895097207, 0.42203347958115955, 0.254074106352391, 1.9530737055597456, 0.12752515329168546, 0.3036090296176326, 0.07161155727953883, 0.07219653411482341, 0.04625292812170301, 0.005153243071390534, 0.5090787590835362, 5.284868494821467, 8.88670325068722, 3.0921011387315502, 0.12330539873119051, 1.386306585930015, 3.941279204288435, 0.5165141864462157, 0.0961884213504618, 0.00475302805341471, 0.014432815114560071, 0.0011890091703889993, 0.1851396748412526, 0.15601257827302106, 2.1496914698579985, 0.04928337101853231, 4.748987391373703, 0.018634518648468656, 1.6393166082705193, 0.1295707305785072, 0.2481847952606131, 0.18631545283790274, 2.107346549849126, 7.498228348996122, 0.6176571430795548, 0.02138636612448863, 1.3563645935801105, 0.0480514357195716, 0.8319155152018993, 13.90679423890515, 32.00100835700789, 11.975961428327537, 0.37975298784976985, 1.1347186260217086, 0.001041342303210513, 1.4442977841945321, 13.190317523356157, 2.516759052831958, 6.538334076333172, 6.058306933946142, 0.6932325192783537, 0.013126827337487157, 2.9273857081789174, 0.00960832023963576, 0.3577705042287107, 2.2153297816862505, 0.013356863110175254, 4.992043045437754, 4.981313655642907, 0.5902521481984877, 198.9712052146183, 1106.0783481146223, 394.81831026218697, 0.13525128347436066, 0.35010408129937787, 0.10970344572524482, 0.544042763268294, 0.005365705820736366, 0.021289008788414776, 0.021639638857323007, 0.3072792612902049, 0.3560315799451814, 0.0497824257023467, 0.3560315799451246, 62.02828980794288, 274.2189132152479, 131.24514579791492, 9.579538877169057, 0.9403104037485264, 0.8415653086420889, 0.08473289096207282, 0.29145641007573886, 0.20999946831864236, 0.1761073804850639, 0.34805551478120833, 0.021702610060287952, 1.627198844268264, 0.2949114975467637, 1.8510135670766203, 1.437846456974512, 0.07583392216338325, 0.8235634169483319, 0.4225232552403213, 0.314449560913431, 0.04354571128885709, 0.47101317018677946, 0.15656019634980112, 0.08550549250537642, 0.00042978300257345836, 0.07283005363399297, 0.05172499745481218, 0.010734933400840418, 0.8019231070898059, 0.003868047125479279, 1.9831617124079912, 0.04311403061740293, 1.5384122142007755, 0.00043328677691079065, 0.1571299045201613, 0.0017323626376537504, 0.03509632065390633, 0.07355895224361575, 0.03509632065367896, 0.06270591748329934, 68.79276026896218, 320.0448721901431, 115.65028628365474, 1.7429949640849145, 0.044756057152255835, 0.011346562672144955, 0.12369946666910892, 0.14986553702647143, 0.12369946666910892, 0.5532122448280461, 0.10264684704259253, 0.4079886085748399, 0.12656225827697654, 0.0446432790425888, 0.17723816418356364, 0.24064210613767045, 0.34326563028997725, 0.019401278423288204, 1.7602772607615975, 11.488572198777547, 162.79824358405506, 202.1611264554772, 43.5103191625916, 1.0267189734983049, 0.12659667635591632, 0.5557735742667091, 3.213378762639195, 1.2915805284950466, 0.4793852559188281, 0.11704630562360308, 1.1988951632494036, 4.0054534790107255, 7.44010833516063, 1.4988156514472166, 1.3964000997780204, 1.4737268250330544, 0.0017856757733625273, 1.5348252100760646, 0.05369161593046101, 6.487958555504974, 1.3977704073120094, 1.1368683772161603e-13, 0.10812972224380246, 0.006722402157492979, 0.001703058241787403, 2.936689683961731, 3.4355891768681204, 0.16229354967288145, 0.7621932664063706, 31.86377842192576, 255.14621476245293, 197.70060542032923, 11.788849454258639, 0.6495984290618253, 0.7233150650083076, 1.8804091297138825, 1.8089438971334175, 95.82251578196303, 650.9285150595447, 672.8398954614356, 90.22264091572856, 0.1748332239848196, 0.9908318690286251, 3.8454532657168556, 0.048395838622127485, 0.9619880855900647, 1.5003848620531244, 5.1583292951320345, 0.5300084517979258, 0.6823052883770515, 0.6796253563254595, 0.23081760366460458, 0.0002575261606807544, 0.962561690876214, 0.11420177979061918, 0.3375892065471362, 0.08397331922492413, 0.1755955080335525, 0.21863883519665706, 0.009403634785257964, 0.20387705833320524, 0.6687362871815594, 0.001032677233524737, 0.8969837243639631, 0.02590319229375382, 0.0041864376323701435, 0.13829842935206216, 0.0023542094584172446, 0.7557843445168828, 0.4564336339166175, 0.006392141313426691, 0.043377910506933404, 0.5017766041299865, 0.04369130750797012, 26.91763572100308, 386.483506424127, 560.2351209947068, 111.1419416831834, 2.0723178139534184, 0.6580734553912748, 4.036885956646358, 0.17095658587550133, 2.8097219324162097, 2.816778038499251, 3.0017957935938284, 3.125946382992879, 0.06548259105500165, 0.016404725060283454, 0.00103067802683654, 1.6405686877130847, 2.15008777107721, 4.29804701791312, 1.388736026241645, 6.442942684305876, 0.06954212265662818, 1.5029059357624988, 0.08638934701025391, 1.072514919429068, 0.26582058859906965, 0.2013853636432259, 0.12214786660217669, 0.6860102342767505, 0.2597715757117385, 0.04876146475828591, 1.1517585289813042, 0.9337139140333193, 0.2830079862421826, 2.5789829757004554, 0.1980658248827467, 0.2721552441784638, 22.82255561965053, 124.04419437959098, 27.570284070613297, 0.4715057739160784, 2.081672604908249, 1.2516413364919572, 1.1223574116531836, 0.08329065661621371, 0.14701797661302862, 0.5078271682868944, 0.4792918122207084, 0.5784740544440865, 0.6221046718105754, 0.0980441602702058, 0.3587251883960789, 0.27928654186882795, 0.835283890381902, 0.002280864042631947, 5.47220916499532, 7.4358626368562, 0.5312021657094874, 3.0947323526347645, 1.363321119797206, 0.14066361350796797, 4.919708357330933, 0.6932457971995518, 4.715837471020109, 1.9428801441947599, 0.01951399304221013, 0.19276101962020675, 1.8326267085791415, 0.5652271161707176, 0.22741641764650922, 0.04110928831698857, 0.52498246424841, 2.00732097772368, 3.454660511588145, 0.6750530285044078, 0.22283156489129397, 0.05590040449374101, 0.045410660918150825, 0.7355824316057351, 0.657661016832435, 0.7355824316059625, 0.32962176510864083, 0.12398271494805613, 5.1277309564706, 7.13520201157246, 4.442334317503537, 0.32154049802636564, 2.263826815485686, 0.4582411492128813, 4.064854513840601, 2.4895674560422094, 3.9759322902837084, 0.9331837705688031, 4.8637973946592865, 1.338043121463329, 3.3494768823437653, 3.365742381676341, 1.8018512505549324, 1.4815149728184451, 1.0278587939121735, 0.9947095232050742, 0.00047634643203764426, 1.0879370105152475, 0.35215586778406305, 3.904216059417081, 0.0953017364711286, 0.00739049579544826, 1.0420034609006734, 0.4515145299590131, 0.14809022984377407, 3.3078992076177656, 0.007237108682602411, 1.4159608146675282, 1.3509693157971014, 4.029773377054312, 1.5639284410625578, 5.00763437495732, 2.5559328271839377, 2.1239509724074424, 0.3408405853165277, 2.123950972407556, 2.8436703585759915, 45.545895756677055, 41.34243841391617, 3.9576112700801787, 0.0007090445209314566, 0.15679497226540207, 0.33753266662677106, 0.017297408086392352, 0.017223863118488225, 0.02489057773090053, 0.35988025425672276, 0.22026032367807602, 0.7925730914432734, 0.22026032367796233, 0.15634680179437055, 0.09830463709386095, 0.491816685213621, 0.09830463709397463, 16.865290879535678, 60.009638917426116, 34.455758470101784, 3.4120922198418953, 0.3182837696947445, 0.01128873606853631, 0.18559156105789043, 1.9118254312304543, 36.903181710034005, 166.67044680010326, 31.706616797985703, 0.03066835861375239, 0.3612223050841976, 0.1626432979450101, 0.015487101854432694, 0.6842879104181065, 0.0006210708943399368, 0.005546984718193926, 0.460452725578989, 41.050908596934164, 149.89040186284416, 47.42993055727857, 0.34721323237619117, 1.739178023343527, 0.011894723972204702, 2.5056035793071487, 2.003370269007007, 0.7368116623470087, 2.107284474471385, 1.0998485867311842, 2.961359369994284, 1.282886972335632, 1.732898905222953, 1.7345706223748607, 1.3465754828478111, 0.2772744530030309, 0.8341007598245369, 0.27727445300314457, 1.8446874106052746, 0.005531322927481597, 0.3540337256308135, 0.3611255713518631, 0.03511272884173877, 0.5610750359385861, 0.23143810554694255, 0.01222258926327413, 1.4407537569146598, 2.7884744384540454, 0.023440034316877245, 1.9917767852467136, 0.5114568039353458, 0.5675341476137987, 0.6266168398678928, 75.36967460044639, 614.568945184583, 559.7194238569643, 45.70287952591366, 0.08037285424222773, 1.2499834221817991, 0.17340491030279281, 0.0785034745719031, 7.933759909781202, 0.6399257569186148, 24.641143335734228, 5.844635772252673, 1.6354018026332824, 0.5470471909486605, 0.5427854418306879, 0.49814383318505406, 0.1330599789845337, 2.942115437285679, 0.006838675996164056, 0.19462596512119035, 0.09834764909658134, 2.1043937507492956, 0.13197240965155288, 1.0191145384458196, 1.5505936874387771, 0.9205243882253171, 11.02606306370842, 0.10105779116588565, 14.959703671385682, 177.0447733588129, 75.71407478513095, 0.007732731813348437, 2.1515125001225215, 0.0955918460341536, 3.1669812781683504, 0.039970892786527656, 0.3354861244934, 0.2820722313352917, 0.3354861244932863, 0.12485497136708545, 0.9952697700629187, 0.1269147263371906, 3.2857632859829664, 0.9015155938981252, 3.05158153375487, 33.31481785241078, 20.31167475470511, 1.417796998561471, 4.912158308329936, 3.0698074547256056, 0.99529452899435, 1.5503388283422055, 12.060430790950932, 0.8471663417766422, 6.318100623742453, 6.273599163894801, 0.17615514578108105, 0.24104243463546027, 0.3946898502806562, 1.6089828325362987, 7.964397068172275, 2.635283507655913, 0.5287167960714214, 5.053697009691291, 0.352889926658122, 11.569865983021145, 3.757436954070613, 3.104075295968755, 1.2118553110636867, 0.29983310132126917, 0.04938260203005029, 0.7726412511437957, 0.040448710194482373, 0.9599348143055977, 25.109761065403063, 15.055881869179643, 0.016173701356137826, 0.07229493466468284, 0.11866027611051777, 0.6573947245515228, 0.0029357800979141757, 0.38575414403908326, 1.0420999087257314, 1.6605921983154985, 0.9344169609478286, 0.4456522712498554, 0.5153397199779874, 0.0013198397316500632, 0.2514818725585428, 5.915739640637298, 0.5111492436433309, 17.064449346319748, 10.01783889079195, 1.0460105553187304, 3.3674217761608816, 4.454182317867662, 2.435658052684289, 4.454182317867321, 4.221354936523426, 0.6460482755398971, 0.9317920700298146, 1.5718830448014387, 0.01591767861475546, 4.233014239197701, 0.1177582025461561, 0.2821319374218092, 0.1601497280894364, 17.6870729501411, 284.03089091102584, 589.477063203207, 133.55649420695465, 0.09565470333387793, 0.2838928450938738, 0.2093362400236174, 1.3528735707587884, 0.4496707648946767, 4.195206457905272, 1.0434709875080443, 80.57740549818493, 379.1599887516378, 152.64437909261585, 4.85585604758262, 0.011217978035347187, 0.3773838046703304, 0.04476720603895501, 0.32681836909432604, 0.054193681563674545, 0.516562826268796, 0.3240883897725553, 0.09965545441230006, 0.05285869908618679, 0.3211070048223519, 0.3451750399513003, 0.7824264076863301, 0.14572775784847636, 0.1618379691338987, 0.007243945276968589, 0.17940603997465132, 0.2164739405167211, 0.302349965698113, 0.003978827469609314, 0.007083282496182619, 0.06392712918932375, 0.16153563830710027, 2.2737367544323206e-13, 0.00045167963219228113, 0.2823061294832314, 0.000452105719091378, 0.11612352437646223, 0.007223473082376586, 0.004057468889300253, 0.14477630651936124, 1.1368683772161603e-13, 0.7971894564561808, 0.01620701846445627, 60.67371049981193, 190.43631293518524, 41.69673213590215, 2.5296518728009687, 2.18713640269641, 1.772056401158352, 6.776653979291609, 1.0947709334022875, 0.47355451356395406, 1.0278612471209954, 25.657547360660033, 168.74977682916813, 162.01879020749902, 17.31586925066358, 0.0762566567648264, 0.2834107207853549, 0.9961973141672615, 0.06607139104698945, 1.5615622600979577, 2.3072439577721298, 0.1026661417786272, 0.7136411430444696, 0.06425313164629642, 0.10345312942740748, 0.00852911141032564, 0.3591755927301392, 0.04287069145289024, 0.0656258490602113, 0.10402255869632882, 1.4885479271538316, 0.008576509895874551, 1.9806338478346106, 0.1960155804281385, 0.0022003438961064603, 0.0021928475222239285, 0.13939409810677716, 1.1368683772161603e-13, 0.002156105815288356, 0.5171629067946242, 0.008634075900772586, 0.5513757426992925, 0.019535939252364187, 0.13908023135002168, 0.21537429316913403, 0.10636321782135383, 2.11979524370895, 2.1085352323741517, 1.5947694335567348, 1.1155984283328735, 0.03917128753482757, 0.08858352100071443, 0.24298361993248818, 0.6513367298759931, 0.08703595719578061, 2.578472894970105, 1.1034779453265173, 0.22682785679899098, 1.7449184403249092, 0.08869613694946565, 0.15226036730484793, 0.24146908516297572, 1.6448773611272145, 0.7040231589337509, 0.3866987428241373, 0.27077661691487265, 0.4860109086638431, 0.08791369435641627, 0.5572121854738725, 0.015330298304434109, 0.17744593731663372, 0.6388862471832226, 0.35210849290763235, 1.9270863877757165, 0.29549424322374307, 21.378558724321238, 170.12611413870866, 100.40395899934015, 4.682056022426991, 1.6698138206331805, 0.020362572799172085, 2.9446370386042418, 1.0525960920022044, 0.011159877708564636, 0.8774697503101834, 0.015255152660529347, 0.22969597239625728, 0.08967803177529277, 2.2737367544323206e-13, 0.29355831418206435, 0.5178774992634771, 33.901000814966096, 208.75175531443165, 179.30271134880581, 18.541756325016422, 2.388771976217413, 2.046861716411172, 2.5860472178418377, 112.86499540022612, 241.99873732527408, 38.008105512967745, 0.24368263134431345, 0.0374233507691315, 0.11253949856575218, 0.525096828319306, 0.5810464588505511, 0.02557279419409042, 0.40821604287907576, 0.03794697992748297, 0.011226428208374273, 0.19368608144827704, 0.0012490350636653602, 0.22606473920245662, 0.13666445758178725, 0.07967433116061784, 0.06059980417296629, 0.007727004880052846, 0.060599804172738914, 0.007701704468559001, 0.29279730753535205, 0.04411628358047892, 0.7664380579772114, 0.7445780422355028, 0.40876276958567814, 0.005036219317616997, 0.12683865063650046, 2.9933196031156513, 5.743173782028521, 0.32632592878189826, 0.022169534029899296, 0.18317988708656685, 0.3092748481877834, 2.3902962825636678, 0.0030626579259660502, 2.566866722582745, 0.5530427091173351, 2.2737367544323206e-13, 0.03520642557202791, 0.22078093852076108, 0.11373132855533186, 0.3387178126938579, 0.008733439284469569, 0.10133282768947538, 0.05943270666284661, 0.06952122735344801, 0.017360760846258927, 0.051115010042394715, 0.05092431458649571, 0.2741886093597259, 0.31336964085539876, 0.48038317573264067, 5.8255063561458655, 5.006432556141249, 0.19885717641773226, 1.8041753373603342, 2.33820651376368, 5.289809151911868, 0.06668915076818394, 1.470927825777153, 0.08886106857278264, 4.703570089674827, 0.7135500284057343, 1.7349090811745782, 0.22003722245665358, 2.319868107157731, 0.0004199652408942711, 0.16895346576984593, 0.02696077292762311, 0.060608457893295054, 0.006752087936774842, 0.034137294535071305, 0.2019347717821347, 0.21984573434474441, 0.15041896220748185, 0.4827387968878156, 0.0016791233439334974, 0.01057348332528818, 0.2650458077193889, 0.43833957983167693, 14.781012988991847, 70.16440729734916, 23.59551790511273, 24.44977063109536, 187.16232122649012, 183.5086251482611, 22.158440910887634, 1.1376648438568964, 0.998746176338841, 0.4534239093835595, 0.2519867788760166, 0.23290126941242306, 0.5307519099737874, 0.18883236952854077, 0.024630802556089293, 0.0012190944588610364, 0.6322098948331814, 1.2238259370947162, 0.14153971276675748, 0.00029270889331201033, 0.40223342514332217, 0.0011712015701732525, 0.6746365135695669, 0.355028840262662, 1.3223161522182636, 1.9290907551713872, 0.6547876679403544, 1.4456623661847061, 0.44971078904939077, 5.657871432526349, 2.8461349700781966, 0.19865411948717338, 2.9732242058726115, 10.942278590675983, 1.6149053659996753, 3.652860369830819, 1.61490536600013, 0.13626630899273096, 0.5812537389945192, 1.775612377130301, 0.23502861728707103, 1.6782239537310488, 0.10014643025897385, 0.48946407533196634, 1.6658202427688593, 2.7981288216767553, 1.8136364761843424, 1.8522711164254133, 0.08893879649156133, 0.6966440202296553, 0.23572089857657375, 0.07825493800237382, 0.042426388672083704, 0.49264181588148404, 5.217391777023863, 0.602687928585965, 2.793248649032421, 1.3459015376869274, 3.9834295584222446, 2.0743528849607173, 10.009879248463676, 5.321920719224977, 0.3944194778817973, 1.1008249845555156, 1.8862850429045466, 0.955945798955895, 7.020769893486431, 4.706118269970489, 0.3392625220062655, 0.037996278017772056, 0.8983429986091096, 0.6309277253693608, 0.5965202280199264, 0.02356398740801069, 0.2731766564388636, 1.1766099612860899, 0.4090499381676409, 0.36413407497298067, 0.23550394874848735, 0.842412421534732, 1.9349620210949752, 1.0291333834717307, 2.6316945629498605, 0.25462049358156946, 0.4590474622658576, 0.09680676011703326, 10.668803595515442, 76.19083741996064, 77.1307565079344, 10.299944085226343, 5.192587355673936, 1.5167020385371188, 0.10082483305097867, 0.015253063309387471, 2.099175269535408, 0.7618510823905353, 3.119879465547683, 3.964727286063521, 0.014751122300140196, 1.6045490617109408, 2.3503371822896497, 0.6405352950206407, 1.8826294027714994, 1.6521009672776472, 1.7833955191340465, 4.781361049065481, 0.14398524785212885, 6.623348030883562, 0.5163703304937144, 1.9859716770342857, 2.7152482269942766, 0.005684316426481928, 0.0496075548828685, 1.7760951406526146, 0.009719104060422978, 0.0717457840694351, 0.0006063028342850885, 0.11802401957015718, 0.19881040143036444, 1.8337277633805797, 2.8632429001205537, 1.5269795872042096, 2.8632429001208948, 3.1237776037605727, 0.9683191620615617, 1.9438853271259404, 0.38248131168256805, 0.2630896659903783, 0.3218283721972739, 0.4464454208481925, 0.9198038927893322, 0.08196965717644389, 0.3588752974846443, 0.24320223624778237, 0.01663416668350237, 0.06694981172859116, 0.131222614119622, 0.8961546787342627, 1.7512886638041323, 0.20255665967187042, 2.5863880670262915, 0.49525539211037994, 0.005980098949066814, 0.05434162236093698, 0.5689623442435732, 0.24696901237723523, 0.011078216219573278, 47.008432457448635, 186.64158922191075, 71.47342417555001, 4.724743991541345, 0.7152070102210928, 0.033774396340277235, 1.1419579281515553, 112.99037993389038, 652.1534639238562, 352.9518875754544, 20.764210035848578, 0.14674201527401465, 0.5650102013435685, 0.42639150732645703, 0.2662478962679984, 0.1608793814056071, 0.14892400085966528, 3.289238762172886, 2.6300217251555296, 3.4788504386143586, 2.186009195686438, 1.1515204164900297, 1.2231776131923766, 1.4830899325818905, 2.100442652617346, 2.302450547010608, 1.321731882500444, 0.35082760960119685, 1.528497766350597, 1.208192595023263, 0.14195341065573075, 1.2762282588215044, 1.7696176011700118, 0.1530236419083053, 2.754527328461961, 0.537186432636247, 68.09495686709613, 743.918665592483, 831.7646588227349, 102.09765884482272, 0.4129864304708235, 0.7550479075820249, 0.9489525220891437, 0.1742013484627023, 1.3856699437501447, 3.0532578759915623, 0.008823241598520326, 2.534609692451454, 45.183541757456624, 181.00991869091388, 29.269360486607184, 1.6482953873470478, 0.05528879432586109, 0.054978214828224736, 0.15407830490471497, 0.024473994648587905, 0.417290102213542, 0.006108670027515473, 1.1695588846715737, 3.512356838852952, 0.36037855951906295, 2.1368057318479714, 1.2422309892843941, 0.1543281253650548, 0.9484504219626615, 1.30143968893708, 0.2948330972133135, 2.5370578112815565, 0.6822711554895022, 0.8782906211145018, 0.014129840608461564, 3.2336671809772497, 0.15533536881093823, 79.23779801134287, 633.3737296822269, 788.5161129201285, 148.23000593780705, 0.006740679376605385, 0.06464636077799923, 0.11886527903226352, 0.9231151015440275, 0.35125539152932106, 0.11333637291150467, -0.016542290042053764, 0.19332503129919587, 0.07505363298278667, 0.12260295556038159, 0.19537349307319118, 0.02548056768929996, 0.06945394912500547, 0.06968049958655342, 310.46238433441295, 773.0587664352726, 134.4415834959858, 2.71339022119696, 1.7926461105759017, 0.00869240619113043, 0.1212146050318097, 0.31794604580306896, 1.2866117311988319, 0.16334950919110724, 0.35368490689313603, 0.8488376294179716, 0.7475839100400208, 0.8539228022444831, 0.0531895712624646, 1.2878835793267172, 1.843898407251345, 34.6736220536427, 32.268234784223296, 3.0024142773036147, 0.16925497602107953, 0.9591607481318078, 0.7848192446075473, 0.39002601783727187, 0.5909216906774191, 0.006163069173794611, 0.1700780059020417, 0.1119099479739134, 0.047277784264565526, 0.8782906211145018, 0.009792213051923682, 1.286461835620912, 0.014037290310511708, 0.4156162503579708, 0.6123668298046141, 0.708526055184052, 0.07423563601321348, 0.5258567245238055, 0.47321574636737296, 0.4176264533225549, 0.056706427620270006, 0.7314864320527477, 0.1440052939672114, 0.4326079205136466, 0.025647844836043987, 0.17431323682546918, 3.8343113795478985, 31.5388727137763, 42.20778089409089, 19.389663436614796, 9.608184005099815, 3.0138761041349653, 0.08387988677600333, 6.497310430899347, 2.622959911017233, 0.04037142175070585, 7.592519104419921, 3.1419533773334933, 1.1368683772161603e-13, 4.418613488530127, 212.71807103222818, 852.838669511372, 301.2339719188876, 0.1451080814175043, 0.855695400803711, 1.7397746528011453, 2.2678760284247232, 2.5383179336236026, 4.69660812061619, 0.008567169297464261, 1.4583230088932169, 4.29338992471105, 0.15467984596898532, 8.893350693894774, 0.7519165700959434, 3.6267135095503136, 1.1155744590278687, 0.43175857796472883, 3.255185418896815, 2.190026020952814, 3.0497062022189994, 0.6276052715839455, 0.002199707692852826, 0.20393323169997757, 0.6066318208940515, 0.12233981081925549, 0.5489281778837949, 5.036657350677729, 1.262626364295329, 2.480463390401951, 6.358512891351495, 0.6939281881069519, 6.8812041989010595, 15.210323422024885, 8.55770733568147, 0.8725651638378054, 0.4476729301187561, 1.158735029384161, 0.6915306667943923, 363.3675753415158, 961.9431258869926, 262.2822221804918, 7.895255671510881, 0.5132361652150621, 0.4616237233891525, 0.08370954220072235, 0.011682551850526579, 0.20731385147075798, 2.597339525420921, 0.05629432779574017, 0.9898686478658192, 0.016207687265136883, 0.2965547150325847, 0.6291501445431322, 1.1368683772161603e-13, 0.6006695040861132, 0.07299110951657894, 0.4089242383006422, 0.6938596210380865, 0.48152169094362307, 0.748515216414603, 0.43186294085887766, 3.5922075027854135, 1.8491221989625046, 0.3971305536130103, 0.5732526781204115, 0.1321697124245702, 0.0848853206723561, 0.09559273447598571, 1.2544310308310287, 1.0475676427178087, 0.062318456220282314, 0.04572324142566231, 0.011369487096658304, 0.23455748239780405, 3.6723040000237006, 1.4035140416971217, 36.753480243745116, 488.09081437487475, 924.1340151099691, 228.71378790925735, 0.06764007985617582, 0.15482464991220013, 0.07001563285382417, 0.01750168899968685, 1.064902189570148, 0.6926687415073616, 0.0021856862310869474, 0.3268211866409274, 2.913809942103228, 0.2115984410298779, 1.4312556696144725, 0.2751806555997405, 0.004139077541708502, 0.03630327723158189, 0.004167362162661448, 0.20391620562674007, 1.777936580538153e-05, 0.10524364953670329, 0.10263852526594519, 0.14481634555193068, 0.03664542435240037, 0.23949779889784395, 0.5483113795398822, 2.483737480478794, 1.025042524888761, 0.25670704094096664, 1.21310282026991, 0.3801518851784067, 1.2131028202697962, 1.0508200989313536, 1.493987643888886, 2.9896608176489394, 2.87605194333878, 135.01368314143576, 721.813894920756, 597.1003522002275, 84.09722232016702, 0.1687094798767248, 3.590189472563452, 0.7528942225941364, 0.44781468477037834, 0.07516011203938433, 0.9240028112446907, 1.0694924841861848, 0.6103314313805868, 0.20000291632186418, 0.14237772811486593, 0.5146366744404531, 0.9522337009411785, 0.0003259724783220008, 1.1731770796702676, 0.44048432129352477, 0.3036090296177463, 0.011461679429658034, 1.8038683562705273, 0.6269905452320472, 0.0029582689762719383, 0.2202841341176054, 0.5981977590985252, 0.20359456448238689, 0.04609590370966998, 0.5986083416250949, 0.29226968245654916, 0.4666863574348099, 0.1576087981756018, 0.1318928359128222, 0.6948249732063232, 0.0029915848832615666, 0.10743312987642639, 1.9209645599594296, 1.1239126585829808, 3.265996776171619, 15.026365565186097, 16.46365230936408, 5.754111511711471, 0.35412987541656094, 3.1720776860697697, 0.024792759732918057, 1.3001105634747319, 0.0761139102899051, 1.1287881982052568, 25.436514799293832, 217.40406122248407, 118.27204365947443, 3.1193803394559154, 0.3385286716115843, 0.2159064751705273, 0.013264728774174728, 0.06790239587093083, 0.40750605241424864, 0.24780250104123525, 0.03105783500018333, 1.3449926530797711, 2.1588431273959827, 0.3196875557969747, 0.23307091442114825, 1.9660525996119418, 0.06675652816005595, 0.2723186223373659, 0.08234615563065972, 0.26413535925331644, 0.02954473886887854, 1.3289792807470917, 2.153673111619298, 0.04238544670488409, 1.9882805040498397, 0.5751217949626266, 1.7053025658242404e-13, 0.02088569926496575, 0.0008283408761258215, 0.04136049788871787, 0.16445043817100213, 5.84842974091157, 9.55411472939636, 0.018396155211689802, 1.3587587857268772, 1.0324627106384696, 0.006850248811417714, 0.15047847166908923, 0.006850248811304027, 0.07534954983816533, 1.5514925687122059, 1.4638080104676874, 0.02539611542226794, 0.02528608805738486, 1.1574040187246055, 1.5445131240826413, 0.42163889296449497, 0.3279901874419693, 1.3732669865751177, 1.9802372039204101, 0.19905224009562517, 1.7581883850672284, 1.34393514914143, 0.8212716258768182, 0.006652764393891175, 0.7258545515954893, 1.1368683772161603e-13, 0.026671850587376866, 0.026794124988157364, 0.38694174085838995, 0.3245208584129955, 0.4955898443353135, 0.059068216683840546, 0.2660509294287863, 0.14239871380357272, 0.23860115867205423, 1.1855921256108104, 0.2941265966763922, 1.0167204829600678, 0.035679073207006695, 0.38869362646266836, 0.0007325235637836158, 0.08971601941925655, 2.6713201855194484, 5.273877980496991, 0.1595168405538061, 0.16249639873672095, 0.8725597895423789, 1.5990544951275751, 0.556649141891171, 0.03712200918891995, 2.8226715884421765, 0.07593666870820925, 2.915237984657324, 0.006904156876885281, 0.01198170560564904, 0.012342042411773946, 0.06126989193910504, 0.049841534543020316, 0.07677397811210085, 0.0007844056257226839, 2.8270422708789056, 3.6131850464540776, 0.021249070958333505, 3.3004393099296294, 2.621105973650174, 0.019801248343469524, 0.9703875546788368, 0.2539519202406382, 26.737801350070413, 115.19953429998372, 83.58049841452123, 3.8140991587173403, 0.47160036115019466, 1.913848585632536, 2.024713529574001, 1.1215456541358435, 0.7687787429840682, 1.2067842451350543, 1.5151550971947927, 0.24123692787986784, 0.018882057207747494, 0.753083096487444, 0.18872587752457548, 0.10207707942947764, 0.228909494592358, 0.3110543022038428, 0.8333151619071941, 0.30396456897835833, 0.3761130267178032, 0.562152182497698, 0.06735848118455579, 0.4366104851211503, 0.19218679760729174, 0.38561456021204776, 0.3349244589716136, 0.014294704811391057, 0.8731905110988691, 0.1909140289158131, 0.8360797426920499, 0.8430702420040461, 0.0794143826334448, 0.33746173019142134, 0.38659056862547914, 0.19363862666125442, 0.0035781453046865863, 0.2700022349373512, 0.0784808547451803, 29.997805822377018, 109.31503969168023, 42.520380268497206, 0.26743685161738995, 0.056203841257570275, 0.13418107874190355, 0.17452021337703627, 0.0027616845194415873, 0.09789206003767958, 0.27192798771318394, 0.1357101853795939, 0.010756377113239068, 3.2637609359303497, 1.4093487502511834, 4.292820311099604, 2.016619765753944, 4.086406642798579, 1.3659998393967498, 1.854165323856364, 1.8926299934150848, 0.010922624108047785, 1.2232940782927244, 0.3660285133157686, 16.01428198723022, 71.34652022043815, 33.999795249574504, 0.14879942161189774, 0.7196762789819786, 0.11745712461561197, 0.1639857262160831, 0.004155152030193676, 0.5607296206180763, 1.3587940289808103, 0.0, 4.403801936501395, 0.029907564260611252, 0.04784838797343127, 1.2846365681286898, 8.372698907362633, 2.361345069763729, 0.5831571412483072, 10.05245081355531, 8.283652023689228, 1.1812970749725764, 0.81125193705941, 12.508508060704685, 3.355757530149617, 0.11097260795008879, 0.7466467828749046, 4.032241791842239, 0.007257656676529223, 0.7491928250022966, 0.00045424819847994513, 2.429208622334272, 0.08958502225073062, 3.9568628303052265, 0.11689782761629885, 2.2188530853688917, 4.499290809662057, 2.0810145945777094, 1.099182763542899, 0.6371174053537061, 0.08420015283013527, 0.061694960021895895, 0.28528170491927085, 0.05186409937277858, 0.7497557498977585, 0.020965181289511747, 0.06270591748295828, 0.36572931916794005, 0.001749783953300721, 0.05305239451615762, 0.7564811987568874, 2.563447536154513, 0.2017585244863085, 0.662942271624047, 0.282289400369109, 0.9511692233454596, 3.645178109357744, 0.6812620381703027, 0.7941933584675098, 1.8135784477703965, 0.5628383988807855, 0.5790287891288699, 0.6387977754967551, 0.5176623681614956, 2.4007082693306074, 0.09722606010893742, 1.4732348642353372, 128.458606064229, 366.37952814853134, 89.64837633264597, 1.4816535635684431, 3.03670146190575, 2.5394743701201605, 0.0398803895684523, 0.02581518812127115, 0.563215907427093, 0.07766459696102856, 0.02438106778782867, 3.2243986393704063, 0.7177101399465187, 2.311002654566664, 200.211292956943, 764.0600354120311, 176.62243726403676, 0.03353478843439461, 0.04754758478111398, 0.24300582369039603, 0.00820598917789539, 0.5740434602421374, 0.27282776753781945, 0.2916673507321548, 0.129362069587728, 0.479154019442376, 0.032676301129640706, 0.9978397794399143, 0.8380511957798262, 0.9265672721566034, 0.04578494433360447, 0.34358801681605655, 0.08217162164271485, 2.045946781895964, 3.1413924887466464, 1.1368683772161603e-13, 7.8623071674692255, 5.201706004843118, 0.1956180136438661, 0.13720656938176035, 0.14016987147158488, 0.6732630734479699, 0.10435377659314327, 0.23780149983713272, 0.10565221025854044, 0.1180846813451808, 0.005242718142312697, 0.07274098410039187, 0.04692394845505987, 1.2631649766661894, 0.41543626272971323, 10.121665659680161, 0.3011845000373796, 1.6248125485251421, 0.17727481116196486, 0.04478710650926132, 0.5997783010897138, 0.02516777112100499, 0.4963351793903712, 0.12548697869124226, 2.2212556141348614, 0.6787613969129325, 0.1438544259281116, 0.5937172404672992, 1.9464460417394776, 1.5582097973090185, 0.6495558034333726, 0.9996599646775621, 0.19054729759557176, 0.10097147674593998, 0.4259384966056814, 0.22786630017560583, 44.09941709236148, 480.1841299517348, 692.8479557839262, 148.61539666589454, 1.9643787054505992, 1.3930998869348628, 0.253216548719422, 0.9028000985758808, 1.9228014482208096, 3.0789894634461916, 1.207650320025266, 1.9948079108550587, 0.10939517628435169, 1.9383189555137506, 2.7810905896025133, 2.3377671904489716, 2.8009714575790667, 0.48337220156304284, 0.1528953557871091, 2.78013731465569, 0.005162597019818804, 1.434592676022362, 0.39276859209860504, 1.818150562779124, 0.08156484526887198, 0.38985226778498827, 1.3976845971686203, 3.625337882797851, 3.3075184726822613, 0.1440120915393095, 0.694899081535425, 1.30027757690317, 0.4853124971647844, 71.72136871160546, 196.97149925367546, 84.46619852225729, 5.346187553188088, 0.4841368736797449, 0.04186677024654273, 0.3047288302348079, 137.6683210014129, 442.36002095971605, 144.27161529124885, 4.505369100822236, 0.034702655239470914, 0.12555614270888782, 2.3809054774898186, 165.60492998058146, 472.96412739901734, 107.03315688840758, 0.1189803767798594, 0.029298474902248017, 0.0824852615569398, 0.18638166310796578, 0.00750599885907377, 0.030049747973578178, 0.01342423197519338, 0.5303438429082803, 0.06767012236389292, 0.7111792911452994, 0.020814494478429424, 0.0008255402502186371, 0.06825377699021828, 0.4858086564569817, 0.33390071156628665, 1.7517226304825044, 0.26194781969871883, 0.4294749157618867, 0.837663509437391, 0.007467742306857872, 0.308459143965365, 0.08248526155682612, 174.04153656949381, 433.32844640529413, 76.73141842916493, 0.011159877709360444, 0.011115934965118868, 0.025084955795023234, 0.06968060856411284, 0.0003086744037545941, 0.01521489397350706, 0.00030867440364090726, 0.17704311581246657, 0.37396155484395877, 0.14656126900570143, 0.030281058620516887, 0.46312224025939486, 0.16190890853476958, 0.0027780706590192494, 0.10050561794912483, 0.04466902211527213, 0.2424017081070815, 1.6647774334591077, 3.6435551693808748, 1.5886292680087308, 2.301895361363677, 4.337431634584618, 0.24145443797215194, 1.5967245846924243, 2.261526925929502, 1.0731894969551377, 3.3454584909856067, 0.20985047418389513, 0.7499579748684937, 0.2098504741833267, 0.2924128869581182, 1.2521217061416792, 1.0750581771484349, 1.2159159095972427, 1.3245582436528593, 0.2745640202526829, 1.4417858367615963, 58.75817741628475, 238.2281833429371, 71.453870051835, 0.18981783004176123, 0.23264497135949114, 0.10333997774347381, 0.21113094911868302, 0.025736279818659114, 0.0005218168590204186, 0.13380406871732475, 0.13468042997982366, 0.8473571249991778, 0.3272082411526185, 0.3337319493984978, 1.4934728077735144, 0.004747756120082158, 0.7740859185220188, 0.4374442780043637, 0.0751014649829358, 4.3581758359670175, 42.26142897436705, 65.06566359691692, 14.654822703780724, 0.6090358121982717, 0.1285422201092956, 1.2211347183299495, 0.01407668379840743, 0.6443284319817622, 0.022014648564777417, 0.12901307517938676, 1.7053025658242404e-13, 0.014230279843104654, 0.8184076009543446, 0.718251037226878, 1.97784965748383, 4.687521504148776, 0.4633577171159686, 3.23742740014535, 0.0035836271385392138, 0.9713401453046231, 0.014413719008075532, 1.0320517788156849, 0.10830729536320405, 0.03297735127347323, 1.5474690404681155, 0.0744084197899042, 2.847309367524133, 1.4285324892838958, 0.5514034234305427, 0.5958644825735178, 0.07250283048591655, 0.15072156675648785, 0.07132799535139611, 0.007911010764075854, 0.08813883526357813, 0.7050495610023404, 1.4027847148715296, 1.7053025658242404e-13, 10.735229515401556, 137.3757461471439, 150.70844972439102, 18.902529399620335, 2.0242111165837855, 1.979790465182134, 3.137688866688279, 0.1024423834316508, 5.012970239144863, 0.4621936886524054, 2.3469504543976427, 0.6771027196844557, 1.0830034110367137, 0.21429069598241313, 0.5494764745482712, 22.609368456921743, 527.7459359724878, 873.9752188592504, 127.02454523372785, 0.0014082539486253154, 0.10029324727895528, 0.07883387449771817, 0.8782499264269745, 0.7500169494969668, 0.27767301669393873, 1.0305129285043222, 0.03518028421387953, 0.3367137424104385, 0.05996672418609705, 0.059609679448499264, 0.2966420021969043, 0.15601497148566068, 0.17027403942233832, 0.1278081095139214, 0.035603138772444254, 0.022432073533423136, 0.2579039803935075, 0.005599725281967949, 8.469029097015095, 27.35962695202784, 4.777215886434419, 136.06781770749149, 98.06396531491919, 14.838628911364367, 3.1388975037867795, 0.5381625727376331, 0.056422718271392114, 1.670943199639055, 21.493522801030167, 96.57643234493719, 82.41796946141199, 12.891979372049832, 2.508727638653113, 0.010936402027027725, 0.7474201461864141, 1.070848885003329, 1.3348853740375262, 0.04218968679401769, 0.014236103866323901, 0.21259107643697917, 0.15445869429834147, 0.31816975284323235, 0.03570750831170244, 0.03559556092386629, 0.01890443268098352, 1.0044636151134227, 0.4306056802746525, 0.03032013268261835, 0.036393804244426065, 0.3872084233659052, 0.13129704799223418, 0.14198237070047526, 0.002664303152869252, 1.6780414108766308, 0.018916340313126057, 4.030402508702764, 4.503253630885752, 7.190437916160249, 4.859780376366189, 1.146260669076014, 7.213112878824063, 0.20853364566755772, 8.455948928381645, 2.720399867728929, 0.770933194713507, 1.7567341806426384, 0.05091200048025257, 0.15130787763916942, 1.5802982739512572, 1.6455944102895046, 0.07914810020622554, 1.0114021487340779, 1.359132357864837, 2.298010304766308, 3.6193968681322986, 7.405945360574492, 90.87508782101497, 98.92610405009759, 18.152326117338703, 0.1655857778528116, 0.11989518140319433, 0.05028544219305786, 0.003701562632045352, 0.06950745644235212, 0.20070732829469762, 0.7704639888947895, 0.1863537952920069, 0.020871788801514413, 0.03441039475319485, 0.06120135491551082, 0.09457598879566831, 0.24095116256660276, 0.010416717201906067, 0.05992209289081529, 0.020434607992683596, 0.0935062875270205, 0.1199994364333179, 0.049722777026431686, 0.15002627329852203, 37.0955040772692, 355.5097385001693, 685.2516789719149, 193.24517154594014, 1.9259858332673048, 0.5645862632140393, 0.20650049466968312, 0.023723030217183805, 0.12409519525465385, 0.20873956499877977, 0.2500719523744124, 0.38262905569024497, 0.06962014168090036, 0.11040881158390903, 0.4755109533885502, 0.9941644879900764, 0.3763953599981278, 0.37518447248157827, -0.0605405487881967, -0.01807396216622692, 0.05290294688211361, 0.13235300229990798, 0.5673182493535478, 1.4996713568748987, 0.8286376750029945, 1.2006925165464963, 0.22278284115043334, 0.034010706660922096, 0.6501837988507759, 0.07922784343105604, 2.9173373918883385, 0.20832537145287233, 1.5172600738985125, 0.38446880085899693, 0.14209836661012787, 2.130990749091211, 6.013603527217242, 0.8844966736397168, 0.09930301471655412, 0.2144518437189049, 1.1640783330272484, 124.90581544993665, 835.7905418078926, 694.9457482563998, 70.31684725575496, 0.2085979706719172, 0.39550813090511383, 0.03688964046091314, 0.0027121816266344467, 0.3273398885357892, 0.17209060402512932, 0.018988092179256455, 0.45661256292544294, 3.6418206037863, 16.457309726972085, 9.278986871754682, 0.059743084479464414, 0.0057136537622000105, 0.0350501429011274, 0.1740192673821639, 1.2856782535048978, 0.4382890398865129, 0.7272756343940046, 0.003174468522843199, 0.15695213129060903, 0.2733811002957509, 3.1907124932380384, 1.1761892079398422, 1.188931688863363, 6.822277493673141, 0.008739885658656021, 3.671911566997778, 0.4479616471716099, 0.021818168835807228, 0.099202231646359, 3.1277217499711014, 3.733068126933972, 0.08300335361195721, 1.0654454623842184, 2.360197345564302, 0.1591013959615566, 50.75036079546044, 244.5520143171533, 147.60461442431358, 6.860750007272259, 3.023641913145184, 2.725269392642417, 1.4955326564273719, 1.425894928730031, 2.348878705538823, 1.8314984273376922, 0.16886628822589955, 0.833633300923907, 1.561530524008731, 3.1970665571957397, 2.537838644218141, 7.8135043620536635, 0.18652740500328946, 1.502558046629133, 0.0, 5.8116451737124635, 5.185702930556886, 1.24194156905844, 5.128285260042958, 2.601770523859159, 0.6496893151393124, 0.8138771917440408, 1.4741452611535806, 2.3854088192347263, 1.4146802800592013, 1.4009802823921973, 2.954234344968313, 1.496390469194921, 10.109312453490816, 5.180008310652511, 9.177320164752132, 6.2595031720939005, 2.361974463876095, 98.42785163106316, 406.50532385721795, 195.55599557640426, 3.8619791522155538, 2.100265399630757, 0.22166157476578974, 3.587174950630697, 6.078023192318028, 1.000969541032191, 3.2497313591514967, 0.7077310656783311, 0.08068770869556374, 0.6226362516911195, 0.05321299600666407, 8.935229131505139, 2.080013739920446, 2.380142003914443, 0.9916038873760726, 0.8135652005064458, 3.000438129449435, 0.00033100073574132693, 8.940912418970242, 0.05566615798852581, 8.077268651009376, 0.332081553172884, 4.5668876182447775, 0.0631705843736654, 3.418439380848554, 9.464070854135457, 6.29779404254964, 6.004754401682817, 2.593940414735016, 0.007892829663205703, 1.042202873037695, 0.49764732600533534, -1.1368683772161603e-13, 5.2498484666750755, 0.020266778675249952, 7.629259423337771, 0.02037632952738022, 49.73858208966817, 106.34528092745973, 21.860923522192024, 0.012311397790199408, 0.26158636642560396, 0.049626880677010377, 0.0005006566788097189, 0.01801429600402571, 0.007998028414249347, 0.19871514369424403, 0.19749116659374977, 0.0004919516777590616, 0.08314041371420444, 0.04005309138915436, 0.16196227695206744, 0.8116634913102416, 0.11443450313424819, 0.24786614537060814, 0.11443450313436188, 0.07243416286394222, 0.008056615330360728, 0.3977003675006472, 0.7014942285694019, 0.025322244341168698, 0.025708264306899764, 3.2094141974270087, 4.088685567983134, 0.2525141767155219, 0.014573374885117119, 51.128691691520544, 316.39194143695374, 189.07198835487873, 10.132526989564951, 0.38858661812122364, 0.5616294262176211, 0.024313696199214974, 0.13496558289040195, 0.4164676759830286, 1.4786016866178215, 0.12178056405838333, 1.8937263913846323, 0.03734223744356768, 2.932572310502394, 1.704041789328926, 0.3273745447353349, 1.9353441841203676, 81.25804828414857, 369.08206652667127, 151.10511544159283, 5.971744526759494, 0.026969643903385077, 0.0, 0.09196958203398253, 0.13986751762092808, 0.929543811311305, 0.17722107482018146, 1.268999516444353, 0.48897028551863286, 0.000536329526028112, 0.3386047078147385, 0.2629516746864624, 0.019848361181118435, 0.002197839662926526, 2.119687236248865, 104.54619434280175, 240.28332334163258, 46.94534540430891, 0.061368510242459706, 0.43961583954148864, 0.6082017651915521, 0.0398930194606919, 0.7152915565122839, 1.4013339436207843, 0.3285532522621679, 0.9056580545100132, 1.4854354738412212, 0.022235462942035156, 0.06264849712738396, 0.006891135794717229, 1.3424368770084811, 1.0090517924141977, 0.05240205550808241, 0.017091247123630637, 0.09665477205317075, 0.24299153276683683, 0.9862623574480267, 0.1326695751324678, 2.1998649573162083, 0.14496210999482173, 2.6688863413654644, 0.006814723845764092, 0.5851814821907055, 0.13298172018949117, 0.6110823173409017, 45.84892132753362, 181.46600708447704, 57.29553266658115, 0.3575463013052058, 0.727156036640622, 1.4919233596106096, 0.18736449377729514, 0.00840825094576303, 18.94322887673593, 63.62647050234284, 3.4985912376278065, 164.52687519477126, 576.1560049334771, 175.13724708344137, 0.05808468663684607, 0.040270615052463654, 1.8879864671863515, 15.149383139862152, 9.68844021346382, 1.423054525274324, 2.7967328461093075, 0.0012416439473668106, 1.769046574797926, 1.6225600916933445, 0.05777873069439465, 0.334379546645323, 0.4644607700672623, 1.1024375910639037, 4.700470414540177, 2.031681830138041, 2.9830730330286315, 0.9324494826930732, 0.0, 1.4265406344293865, 1.8462626898551662, 0.4100844301348161, 2.6437373664771258, 0.011711855635894608, 1.1758150393083042, 3.2228110708261966, 1.3656320335065857, 33.36373513478918, 99.32326858214742, 71.70925973054739, 2.6308231013714476, 0.17677377310451448, 0.4551158985524353, 0.02217387541543303, 0.02993375522999031, 0.12134270933916014, -1.1368683772161603e-13, 0.24669596350042866, 0.9982988680048948, 1.386364993845632, 0.3055010392833992, 5.163661890716185, 2.1575179670400075, 2.5337554028217255, 0.7652240898327136, 1.57331612600899, 0.08758250800258338, 0.03769401227407343, 16.556054156701407, 160.31360191665965, 214.56494289703164, 23.63829089704609, 0.027769301478429043, 0.3616145881551347, 0.921064068372857, 1.900811648321337, 0.21278014802965117, 3.5951443649444172, 0.017471200883505844, 1.845446444348454, 0.6634122323550855, 12.214618679710725, 1.485514409585221, 4.931161021324442, 0.5345590316433118, 1.1976046016104647, 1.4474029523057652, 1.3879885786429895, 0.44247804597853246, 0.1886182743385234, 1.8368105842234854, 0.01767781579815164, 2.6359873155427067, 0.26726316308815967, 0.01381613530429604, 0.4777310729590454, 0.4556789283604985, 0.014130983636732708, 0.5152273534802134, 0.07435357618282978, 0.30001971491378754, 18.662614784433686, 136.52847620495095, 93.38290739120691, 7.867924700356866, 3.6666485972918963, 8.891310068292, 4.040566058673676, 0.022006004463264617, 1.9553876455283898, 1.4457138305356239, 1.4472826204402054, 1.4457138305352828, 5.244827300342649, 115.17067235129855, 230.65866861743245, 46.13139323805899, 101.42892820818031, 734.6365995687619, 433.90496604688906, 23.900493712687307, 3.427323121520317, 1.695620455714561, 26.58353744769579, 195.71586057498178, 291.96888372428, 38.70954785522326, 0.021803436749564753, 6.088996953201786, 11.489928708936645, 10.502936647964361, 13.67904036716618, 7.806956564984034, 1.9130790934008246, 0.12726687004078485, 0.4597526667000693, 0.5654598695846289, 0.27395798903319246, 0.5820695789109323, 0.03278980447521462, 2.686812078751359, 0.46572890665652267, 0.705952664231063, 0.01148495526001625, 0.39307739538128317, 0.03207635813248544, 0.001267524245918139, 0.4351379493089098, 0.23296754647230955, 0.21407024822985932, 0.1412174346737629, 3.5123280219453363, 192.5245511902241, 620.5298832111582, 184.93757556809976, 0.2587079850908367, 0.3739555527264997, 1.0883952034856748, 0.10371470754779466, 1.995041078824272, 2.189088437891712, 0.2764811461562431, 0.11574561083801882, 0.5056442174586095, 1.8767114759349965, 1.3995257714232707, 0.08841840513815669, 0.20067888112703258, 0.44131999031770874, 1.068057702910039, 1.6937990091456072, 2.3365881485105433, 1.0270565125629787, 0.08727848285496975, 1.432574394958806, 0.3991152384208476, 1.090536409863887, 0.022763870751191462, 1.4164893633258657, 0.7966589306118408, 0.49031586663136295, 0.7966589306119545, 306.8218392072772, 954.5733785863779, 208.92125567171888, 2.19658840733166, 0.004416840160160973, 1.6899012692895212, 7.2616034136611916, 4.044491361529481, 9.57922255812025, 0.004437810288209221, 1.6248484077705143, 81.86307513820066, 626.9955897043244, 276.07534157204714, 2.1844790651769017, 1.5171075458509904, 2.5995947224097335, 0.008848348417075158, 1.960066063609247, 0.18947208039980978, 1.960066063609247, 1.587794027472114, 1.1368683772161603e-13, 0.629688146449439, 0.049978589126908446, 0.08028018972447626, 2.8331202138319895, 1.394842444993401, 2.172487551021277, 1.7821166783895706, 0.19445859477707472, 0.31570690948808533, 1.0315011587232448, 34.37923337501013, 195.75656173338984, 195.3424583298305, 17.171564775475645, 0.003286916762021974, 0.013347860623184715, 2.1181270683546245, 9.845636430365175, 1.6320464444196432, 4.610990900752654, 1.5329078776625238, 0.046816732952038365, 1.1089385521564736, 2.841288041424832, 0.3389937199275437, 1.9893124436207472, 1.1282789741604802, 3.069807454725833, 0.02343676958219021, 1.907442532180653, 0.10546611595952982, 0.8556468667003401, 3.925942715583119, 0.1779285563529811, 1.0407907731147361, 0.6334285106560174, 2.1689946261193427, 3.828619108759426, 0.012817111222716449, 1.216967074397644, 0.02276889031350038, 2.353057425784982, 1.889863725416717, 4.388264999969351, 0.09536519969401525, 0.1983864840251499, 0.0014796295446330987, 1.2350934652065462, 0.47242189398684786, 64.03709825485248, 78.64848066374793, 8.118971957928125, 0.006456025238662733, 0.0023254592806551955, 0.4825861095292794, 0.2671847190757717, 0.6256094325109416, 0.6750782419393317, 0.01648625143047866, 0.11220252643465756, 0.7692460513723063, 0.009121890586470727, 0.06441023166939885, 0.049555620535215894, 0.0022724164460896645, 0.016155025452121663, 0.7466321017118389, 49.220500649531004, 460.20909621080557, 727.7530341912114, 129.88110138783782, 1.0405914672925292, 0.03260363562975499, 0.4733496354937756, 1.1330587975312483, 0.3520580147618375, 0.08875188461752259, 0.05020494126455333, 0.012290327121320388, 0.5924550589700175, 6.084228674675387, 293.0414003338949, 658.1861148776442, 115.20012612869937, 0.567776585088609, 3.2506389318518814, 0.10864986246747321, 2.8807959863155475, 0.6424247490558628, 0.011123235416107491, 2.2737367544323206e-13, 0.007721931870150911, 0.9493563262396947, 0.6647323521771114, 1.1279445826843357, 1.8912039458407435, 0.002767175796293486, 1.4325959108290363, 0.9832111654304754, 0.4757473459992525, 2.793558815533629, 0.02493721478538191, 0.1332397099637319, 0.6678562725280699, 0.34781350237835795, 0.09704754502502055, 0.6391213156096001, 0.39499530130080984, 1.2825081846838202, 1.0210208776762784, 6.940581807805529, 36.65987684641573, 23.455882693871786, 2.3102500934791124, 0.0022017355624939228, 0.011993561567919642, 0.0009782908917941313, 0.06251183848905839, 2.2737367544323206e-13, 0.2511077439418159, 0.32017959173595045, 0.07974665982123952, 0.943163730961146, 0.09746947799158079, 0.9740928574086638, 1.009806320023813, 0.02489042252091167, 0.03599664930879953, 0.048473246377852774, 0.006237653189259618, 0.08939912175094378, 0.7718934933394621, 1.1635517367981265, 0.015489152801706041, 0.10642450961654504, 0.054553909912215204, 0.0021855827831132046, 0.011905529713203578, 1.0446648625235184, 6.902559194586615, 0.44894014439955754, 1.4233075838628793, 0.02080205419383674, 0.7050536220637014, 0.13466600369929438, 1.131031801731524, 0.004051962972766887, 0.1592790925456029, 0.00025345491235384543, 0.04262467443300011, 0.016252146687293134, 0.016119986096214234, 0.049690817393752695, 0.2945237658386759, 0.1015763267694183, 0.07397474939818949, 0.006374612254603562, 0.04321095144041465, 0.006374612254489875, 0.009222434247817546, 0.025603787247860055, 9.022183773697293, 149.63471282148316, 256.18993827912266, 43.375578175426995, 0.5438361834822558, 0.9988891880006463, 0.0005759910048368511, 0.02856385561415209, 0.11189557191278254, 2.3802382715236945, 0.3216224934060392, 0.6021659790186504, 0.16071674914809364, 0.22283156489157818, 0.00896477277598251, 0.2699387962912283, 0.05622572967513406, 0.2233468013380957, 1.3201725570493181, 0.12526931183253964, 1.061446546089428, 1.0602421454671571, 0.20075769339808858, 1.7292992433476115, 0.47041374921963097, 0.09552208062251566, 5.684341886080802e-14, 0.2270201154993856, 0.16277823132276126, 0.25014336530438186, 4.658937553143687, 11.436520849889007, 0.14119038350202118, 0.032469554190015515, 7.068643120700585, 3.6992838343450103, 0.18488727574322184, 0.23399939913269918, 0.03479404002428055, 0.0007132022591349596, 2.055451286305015, 2.4738450470763382, 5.173910318977391, 1.4979426134170808, 5.895880788314116, 0.01663416668361606, 3.4306544642969357, 1.6592094076252124, 0.2821879424996041, 2.6323754932440124, 2.246569001763305, 1.8385739889504293, 3.9064572406008438, 0.05751683960011178, 0.37131256820123326, 0.6716557625683208, 1.9389113080903826, 0.2243396391357919, 2.8234094866839996, 0.44643045967291073, 4.851819715788793, 0.0007281411618578204, 5.93649793317752, 1.0770296644011523, 0.1328707231414228, 0.09830463709363357, 0.3365671773467511, 2.2096706926984098, 0.08617206913106656, 0.10477534159372226, 0.12250798220884462, 0.002880249648114841, 0.26052911770483433, 0.006456680429494099, 0.0028507204493166682, 0.006428247609392201, 0.07190047703579694, 0.05811049803867263, 0.2578522013141651, 0.4789932324270012, 0.0007049343494713867, 0.47899323242705805, 0.2582312894810457, 0.14009810175087978, 0.6386556763275166, 0.18325545944867372, 1.7279641938696955, 0.0007238102097062438, 0.1447751123305352, 3.0127433421860133, 26.825862036174442, 51.40096980417553, 14.957626529219851, 0.25327740752965155, 0.04713660800740627, 0.46347637014514476, 0.011831235533065865, 2.1127834434467445, 1.1368683772161603e-13, 4.196602693768682, 0.9216123903979678, 0.1472705473669862, 0.2698510890467105, 11.194243980477381, 108.72969449131153, 137.2736707452009, 14.969515024615816, 0.11540974921865654, 0.033127282929967805, 0.004572504373868469, 0.05126562210978136, 0.13096209185607677, 0.012714828695152391, 0.004636093793578766, 0.29592657093849084, 0.04145891199448215, 0.14903146519895927, 8.814558390124944, 26.72924722412779, 13.386600666414665, 2.6548243099928186, 1.1079679535903324, 3.0894754810735776, 1.7573548846526137, 0.005899360596458791, 10.867258340053695, 8.078789641868866, 2.853608467616027, 3.067967228599855, 1.6377916804882489, 2.9841248009687433, 1.5824328470084765, 0.0357325194643181, 0.047344724740128186, 1.4011238152112355, 2.377323150186726, 2.020301708828356, 1.7285392065923588, 0.277755459575701, 4.751755967616305, 3.529862436272424, 4.960366052445124, 1.3969318322385789, 4.755103140794176, 1.3968789080590795, 0.09209882404331893, 0.0030233039943823314, 5.559927889165124, 4.429724646713225, 3.014782719530558, 0.4046493028392888, 0.5419551365520192, 3.1400009388747776, 2.312286875567679, 0.27307463005672616, 1.4112424415658325, 3.125470193195042, 0.9980291852684786, 3.5559111906945873, 1.9565350974933153, 0.09537445036903591, 7.783021307958506, 25.109029140108078, 0.28244358891561205, 1.8734073491432355, 2.480152365409481, 1.638914538463041, 1.3978334691747705, 0.9346368214368113, 0.2698174175694703, 2.365856621009357, 1.6481198020888996, 2.021608543824982, 1.4046505355883028, 4.334541636530844, 1.4947127300134753, 0.30376602255228136, 6.159047445453325, 2.5207104840044394, 3.8875426306683494, 2.074805899407238, 0.3682301130364749, 4.24191095564197, 0.14581690537193026, 5.84047387265332, 1.5273687620995133, 2.1367887070814504, 1.4650763039659296, 2.3672492082596364, 0.17678974885643584, 0.6860316985519148, 1.6742103973430176, 1.4805429304004747, 3.315454754077791, 1.605795126926182, 1.2508436080763659, 1.007593649315936, 18.3181343632599, 112.33622497363456, 72.5033852978587, 12.114945969045607, 0.2994396965402757, 1.970992754117674, 0.299439696540162, 0.20975278278012865, 0.1678893260670975, 0.08705619193119674, 0.07485838343029627, 0.4998648719930543, 0.6448493014233918, 0.2591575312488885, 5.386882009765031, 20.270294746826835, 1.6825309699328272, 2.041390440724399, 0.5655883964127497, 0.3134636607825314, 0.6657459395250953, 0.20399849216596522, 0.28635351329307923, 1.27975308433588, 1.3664806100530313, 0.004004707261742624, 0.035514364275627486, 0.29762430787809535, 0.6416711541900213, 1.2049858246365375, 0.016237528910437504, 1.0714435983576323, 0.011217978035347187, 2.681112191397574, 0.00044746138144091674, 1.587457874358961, 0.4082563781312274, 0.003986188052977013, 1.6103152939847405, 0.11239803797195691, 0.09856121063512546, 0.5743025044837395, 0.23088542723814953, 0.779537851446662, 1.440509390859006, 2.6635138707248416, 0.07742867378192386, 1.1827329423329047, 1.0383096316570573, 5.022397927650559, 6.015838797942365, 0.3674742957801982, 2.430563407953514, 1.798299929981681, 0.027032265278876366, 0.3637454550213306, 0.493961928316935, 0.1394391031003579, 1.4711120952466672, 5.736561598235539, 0.3190178274548998, 0.26209113471861656, 0.04004114196061437, 6.211634588510265, 1.8979564888512641, 0.26340959424226185, 0.22138682912623153, 0.6788396712662461, 3.3365875987909703, 0.318760300739541, 0.32288935387305173, 0.044476228438497856, 0.32288935387282436, 0.02849120845814923, 0.3228893538731654, 0.021803436749792127, 0.37284282977532257, 0.04443496237013278, 0.128836259523041, 0.08725473174740728, 0.35131175939886816, 0.13053676371896472, 0.0018144134410249535, 0.08865516082312297, 0.4292231816605181, 0.37284282977543626, 0.00044046505649930623, 0.03557954537802743, 0.08693149558996538, 0.32559950419454253, 1.1368683772161603e-13, 0.0018075703252407038, 0.46406792441166544, 0.10230360838420438, 0.04579378772962173, 0.06632316845093555, 2.8054411071115055, 5.703022351766663, 0.4494396494454804, 0.587033679612432, 0.3382780239940075, 0.14290675923882645, 0.5809043941411574, 1.5826299162800979, 0.0020440872649487574, 0.10112693551684515, 0.11577968718484044, 0.14667526752839422, 0.1664567429015733, 0.42955795731506896, 0.07374413922821077, 0.08705619193142411, 1.0192238155021869, 0.7241247814881717, 0.973915075887021, 0.7241247814881717, 3.3173241640320157, 140.84367539923846, 347.42872144831813, 3.9633826770906353, 235.02933482425658, 79.54946771317884, 0.611361211275721, 0.21479600946850042, 1.0928895996230494, 0.3915439501477067, 0.9716510435060854, 1.091964172746657, 0.3374617301909666, 0.8523304742137725, 0.16388034262354267, 0.010290990334169692, 0.010353480464686982, 0.069328236191609, 0.03348724097224931, 0.19932228782136008, 1.1368683772161603e-13, 0.020310452607986917, 0.020118305338201026, 0.0016515418859626152, 0.11917032867768285, 0.7147623817245403, 1.5058948292895593, 0.06764125882841654, 0.025328408456630314, 0.1623469326683562, 1.0138684401074443, 0.21443096686493845, 0.198636754844415, 0.21443096686516583, 5.089693593666652, 141.1196114923664, 398.58933125323244, 94.0272600850542, 2.8278340104675976, 2.804364614110966, 2.87274943425939, 3.336165457220659, 1.517082092751025, 3.2904128429217963, 2.3160525561559666, 2.3936482430919455, 2.8254394855142664, 1.4673746903567917, 1.5582805732701672, 0.2747471718935799, 1.3255875432989228, 3.029109581270575, 1.3439291073902382, 3.9026699920460715, 1.4336353689304815, 1.3778175243810438, 1.8765376426511011, 0.4418837194231173, 1.512805432255277, 0.022250215087808556, 37.54381451621214, 401.2035724209379, 551.2571546509373, 87.0628869457662, 0.0247107262530335, 0.9626856447856653, 0.2582432692626071, 0.49373095155567626, 0.06104095745104132, 0.19191610213056265, 1.068251034652235, 0.16254364438782432, 0.5128378146479236, 0.16254364438782432, 2.2737367544323206e-13, 0.002789049429111401, 0.019735764451979776, 0.052200390650227746, 0.06954328663357501, 0.08938330721184684, 0.241291584671103, 0.22473162944220348, 0.13541557186306363, 0.08782376316173668, 0.06922490437034412, 0.6778841751395248, 0.0048922361506811285, 0.7363258789852125, 0.17453275757543452, 0.1901772722142141, 0.7639475401155096, 0.03077662310602136, 9.172046747192553, 159.95135098199307, 272.59853930313966, 50.85803168434552, 0.395253406108111, 0.21726022990520732, 0.9781581475189114, 0.3325598295146506, 0.0280806260163331, 0.027725782589868686, 0.012500246170532137, 0.3470554818216556, 0.6705281187348646, 0.007222230878937808, 0.7169875069261593, 0.9579398711363751, 0.8751923422737491, 0.006828917623806774, 1.6896464051877729, 1.1265121726776783, 0.792480993628601, 1.0126568874475765, 0.8434601335614502, 0.6998402041901954, 0.02849070233406792, 0.37875797187899707, 0.3745501199426826, 0.03747150486731243, 0.06204022909525975, 1.9790495273181818, 13.857697942884215, 19.260522935088716, 2.636954993134623, 4.522244499598855, 1.432278491398506, 3.9849324644238777, 3.2482434569496945, 3.573012302010966, 11.805879031236032, 0.4465237483107103, 4.987109882680329, 4.505818449160756, 4.476590630683631, 1.126715868286965, 3.7516933820444365, 0.5554186935333973, 0.19410327030470853, 11.343302342372795, 211.71268350185505, 386.46966145163356, 53.32655539047539, 1.1368683772161603e-13, 6.497635405200754, 0.4867352387085475, 0.22283277056567385, 0.4741720310553319, 6.244338637349983, 4.381612781582362, 3.1475312112228266, 0.42644688189250246, 0.07165995299340011, 0.09336786879600822, 0.9868059339737556, 0.001283925449911294, 48.02326081162869, 316.76778174950823, 97.1012101758215, 0.16118248613781816, 0.14218649081612966, 1.6919158820467715, 0.03611111457928473, 1.2409013600459957, 2.151701870869033, 1.6592094076252124, 1.7002935808224038, 5.251317133879752, 0.000734734165575901, 0.19141749508185057, 0.026351107905384197, 0.3635809272448114, 0.5422028394761469, 0.7633830189103037, 1.6868266407446981, 0.018122244524533926, 5.312082782415359, 2.450762142147937, 0.9047012519379223, 0.05016195577252347, 0.04844830055128568, 0.5157726420113704, 0.012000151615666255, 0.6578414285537519, 18.520034215577425, 55.911780809921765, 30.870461841702763, 0.6951231056089, 0.7083972360131838, 0.07932255258845089, 0.09368987219329483, 2.649791482958449, 0.02366961985967464, 7.721400641686614, 1.1359286602823886, 7.474499660835249, 0.11734484601333861, 2.858968745877519, 7.560183493758245, 0.34284454909322903, 3.4039918173738215, 1.8289714626129125, 0.8950320420510707, 2.6740271833807583, 0.28149870819072476, 2.7522291138643595, 3.164371138586148, 1.4127188656965473, 6.215332385581178, 3.699153872317993, 0.07893654842825981, 0.029392192158184116, 4.84347809597989, 110.85953076176224, 132.6960869030744, 3.078390622177835, 3.549790363347597, 1.6037434194383877, 1.431051743827311, 1.6037434193900708, 1.8585961363686465, 0.0078685754469916, 1.1699008382623788, 1.4550919057570582, 4.063165035759084, 1.405533601777961, 1.9786695275572583, 3.269417487657506, 1.731765887109873, 0.6525838437210041, 1.813057375956987, 0.10991603567742914, 0.23539423668944437, 0.2866115643366811, 0.08975624701190554, 0.013876919972176438, 1.241604947289602, 0.5086288776269612, 1.3781919638769295, 0.6898281975902592, 0.28455256007714524, 0.46335771711585494, 0.28455256007691787, 1.449255220006762, 1.182306334684199, 1.9988699216930854, 2.7552183623442943, 0.1549583360512088, 0.7063480573153811, 5.262158122814299, 185.3748238136718, 489.72631111425187, 154.40554359371913, 11.880142683369286, 0.0973813749620831, 2.7692564436284783, 0.032925636681852666, 0.8121976598891933, 0.00683467269357152, 3.3749015538001004, 0.7859495791147992, 1.1774965789422822, 6.324328345374283, 1.1870692335019157, 2.492487966352087, 6.165757790803696, 0.03935625964982137, 8.554734207331762, 7.5044342614882, 0.014298127188226317, 2.3675499565997598, 0.8697346850256054, 0.13851452072458414, 0.9347150433258093, 0.6274098339614511, 0.3962736269669449, 26.762365143112333, 263.8233643331846, 494.36438600466045, 110.12776167435618, 0.27215524417852066, 0.3400314395220221, 0.004317665886560462, 1.471615877543286, 1.576643725443887, 2.326449049613643, 1.9990826829010757, 0.02544625287703184, 0.690295632564073, 0.12393355309660592, 0.03802313801776336, 0.9631749132122422, 0.03852046493375383, 0.24476281279044088, 0.01730875676884125, 0.052033778774386974, 0.5605914773204859, 0.0862020489258839, 1.2399105649254807, 0.10866035760835757, 0.43563190526998596, 0.429910052100297, 0.5036542643139228, 1.1732176409861381, 2.609841643650725, 0.003928655734000586, 2.7355488179448457, 237.44951691582378, 417.2634559156651, 28.965261537134097, 87.5787082269726, 115.6155463328189, 16.581909998727383, 0.045096598554664524, 0.5332162265671059, 0.3234922417066173, 0.3183099672212393, 1.2762799876152258, 1.9495679208466754, 0.7622217805233049, 0.23366776995487726, 1.5529389700676575, 1.1368683772161603e-13, 0.13923699083341035, 0.6697010612343774, 0.00864374402078738, 0.7475839100397934, 0.1373784987322324, 0.0643239711954493, 0.15517402537159342, 0.11987562427646026, 0.03453638834571393, 0.1960155804281385, 0.6712216620370555, 0.013760004877156007, 0.000558677616481873, 0.3499951970241568, 8.059336410742958, 86.81325509962778, 106.47440503767962, 9.101036025293638, 0.11920345308863034, 0.029338066290847564, 1.161735343055966, 2.3683617885437798, 0.18222706174105952, 0.27695343262519145, 1.2761557476624148, 0.017698623061846774, 0.9979801803347073, 0.017859487204873403, 2.181726465695533, 0.3179095574184885, 0.8997934641492975, 0.35681290363606877, 1.384061377561693, 0.001122590539353041, 6.279106837956078, 0.04064573021537399, 3.3327083242627396, 0.6372251884021125, 0.4395310816843221, 0.6922203032507923, 1.1368683772161603e-13, 0.6386637518372709, 0.24861781534150396, 0.05330200013594322, 2.5674779910202687, 11.140383886565303, 5.603731128496349, 0.28133198619673294, 1.3729815038076367, 4.178908238760869, 1.4364499866197775, 2.0165292999955113, 1.3540174499738669, 2.7796702191194527, 417.6224103065207, 839.3008078756004, 114.95605614722069, 2.2762503492367614, 80.43428751988176, 253.17556142300498, 64.59978548587003, 0.13659107966020656, 1.0880278741308302, 0.9557694392073017, 0.030907770956446257, 1.1589003387859975, 0.32729971379581, 14.711590508025552, 54.609651635081036, 12.680131218979568, 0.15418338543634036, 0.003882000747012171, 2.8825850656611465, 0.035128135509239655, 2.4780966723978963, 0.00043565379610299715, 0.034625779643761234, 0.3714670655917871, 2.8497576170948378, 0.26078734932457337, 0.9987815969566327, 1.398821286014254, 0.07519992623019789, 0.07389501178590763, 1.181882270120468, 0.9115320679031811, 2.2632959310735714, 5.045759324113078, 0.0780220903523059, 1.5637836984190017, 0.27045543865210675, 0.0004046574247240642, 0.27045543865222044, 0.17695470404805747, 0.27045543865199306, 0.003575162871925386, 0.025799624921660325, 0.211909241088847, 2.8028330735072586, 26.125279947692434, 26.323364663476582, 3.5025670927351484, 0.14751164044048437, 0.1343626134269016, 0.4423981650073756, 2.0901707888169767, 0.12490438793463454, 0.9832111654307027, 0.24416637432000243, 0.27430044535901743, 1.1257384647683466, 0.0012081260875902444, 1.0167448329194713, 0.002717410618060967, 0.8824687294927571, 0.050766042439363446, 0.03611623741335279, 0.47262244825401467, 0.5463484651631916, 1.3374270884022508, 1.8653801706482227, 0.29547774190257314, 0.052029576941322375, 0.42010412134311537, 0.03727631211484095, 0.22297772949059436, 14.687696059156337, 62.37112672501041, 14.453040497342386, 0.2830317040272803, 0.020328098671029693, 0.006634857456560894, 0.35227108446781585, 0.0698081787246565, 3.9056574770309, 0.014749069659274028, 7.304310316372835, 1.6670505713241255, 2.9757085529004144, 3.5859494715175515, -1.1368683772161603e-13, 0.07854682310414773, 0.5479530927445921, 1.1368683772161603e-13, 2.4139699962654504, 0.5012504620120808, 0.1207342156451432, 0.05050518140922122, 0.13541537255593994, 0.6490649510727735, 0.9098928599682949, 0.20811174385289632, 2.5147587333708543, 2.0234406953862845, 0.10425637289574752, 0.36528598361155673, 0.4199020214148277, 0.0004112846651196378, 0.28427739932590157, 7.024096203717477, 4.0964385501578136, 1.183353940632628, 3.5051988382301715, 1.0055473802873394, 0.7940819419875425, 3.7627718088238, 0.21217671869942478, 1.477628274003905, 4.311738407374264, 2.406248800082949, 1.3964102317206653, 0.40066942776729775, 0.9121386860986149, 0.1644532448759719, 1.5923757062892037, 1.0841562043422073, 0.4909640532642925, 0.004330060571987815, 0.22595958554336448, 0.5989943867391503, 3.7363180145233628, 2.0351128851193607, 3.904216059417422, 0.4137368840661111, 0.8741010605303927, 0.6314694490509964, 8.211865275576542, 0.00046936117212226236, 2.380603113250004, 0.5975082541887105, 0.5975082541889378, 2.572029667095194, 2.5720296670953076, 20.336807269564815, 76.85363758074686, 17.885962676232907, 0.06563516489370613, 0.10849922893714847, 0.2638524609154729, 0.008333414615321999, 0.15104954620130684, 2.199546738837512, 0.45325569525505216, 0.08007722211289092, 0.012731047582974497, 1.4760881922051112, 3.674856945827173, 1.2421910025515217, 0.0833629643813083, 0.15695879862187212, 0.3567161652318873, 5.515747861560271, 1.4776763553823002, 0.6716386106465961, 4.9506379717080335, 8.066197140383224, 1.132439056936505, 4.829540524830804, 2.2228776998848616, 3.5407580787168627, 0.7345708066612815, 3.965178323092573, 0.49961443064159994, 0.854388349763326, 0.7236026064210819, 51.32507980140633, 419.67139429897793, 384.2654689559531, 6.1537941170931845, 236.92696794844358, 86.40458862928472, 10.111709453000572, 1.0512997431216036, 0.5023104147209096, 1.993125765275181, 0.1707776181127656, 3.1199410403359025, 1.8380054086126165, 10.890863398378201, 0.11590413751389406, 3.2872526500418644, 0.3624939188495091, 2.8503842252257527, 1.0145762979946085, 3.5399145035412403, 1.0145762979941537, 2.0009917701925133, 0.4875569982282286, 0.039807484884022415, 1.9198557703088, 0.0019728524005131476, 2.369328991696193, 0.004427565713513104, 1.7831591436726058, 6.659946186414572, 5.179353698223736, 0.4423710208466787, 0.06944717421765745, 0.014297584536734576, 0.046544580708541616, 0.06944717421782798, 0.0005719026191854937, 0.08259895437765863, 0.020674139886523335, 0.12702617221611945, 1.087375274924966, 0.014031877154423, 0.8965555704390908, 0.08163018958634893, 0.036885526876744734, 0.5230925130555306, 0.0005794422045255487, 0.014751122299855979, 0.020947802745752142, 0.028702213899748585, 0.047561785504683485, 0.3043459730763516, 0.7487707848036393, 0.7942719488775651, 3.6065635416006785, 2.2179118744778066, 1.0219728617819896, 0.010272676865838548, 0.6574989848260202, 0.3649992473836505, 0.02272250967251921, 0.09053712565707883, 0.010165034315264165, 0.002531307637809732, 0.251496460032115, 1.1368683772161603e-13, 0.7778171655220945, 0.005676921679935276, 0.16458349299261954, 0.36836847439730036, 0.22682785679882045, 16.97992390802665, 250.41093447165383, 294.28311293889465, 41.23153068201532, 0.6460865161898255, -0.002983861592042558, 1.8140098321703704, 1.6122884752498408, 0.356364642517633, 3.603696931233685, 0.17390051637323722, 4.359150781686651, 0.08935863809091416, 4.837071689629568, 0.08624032377571211, 3.5526972887735155, 1.586433968342817, 1.0267050296354228, 0.7619130659618918, 1.0175692289487301, 0.1409115920603199, 0.005059983285264025, 0.7676202160047865, 0.11633656906519718, 0.11468378960421433, 0.34463780522742127, -0.008332036525530384, 0.1808146909156676, 0.08088749476087287, 3.0795077246867777, 0.7625653191491892, 0.319055511213719, 0.0821006012035923, 0.8888853553762601, 2.0682212169751892, 0.15377706460554919, 1.3506899523721927, 0.14135411175902846, 162.46499764307032, 431.5427173851616, 49.31703625383034, 1.7215179053041538, 0.025656556566445943, 0.26130405425624303, 0.006456680429209882, 17.605904375609043, 98.03940797760185, 102.58541846539129, 9.546032372575496, 8.910137274779004, 1.578139138835354, 0.5383797397503258, 26.4900579517124, 200.15832293373535, 178.75625753032944, 21.445613570159253, 0.2491783773843963, 0.39271916100653925, 1.1822394583160758, 0.004270716021778753, 0.34594961755414033, 0.929397840920501, 2.322021234234512, 5.655389069496891, 6.6603071827327085, 0.36912092412455877, 2.0673501015926377, 2.87011281840239, 0.38229577136996795, 8.4714220964388, 0.5049764559049663, 4.417995312163157, 3.054563005863656, 0.4131674650525383, 1.2779515898267846, 3.505454747653971, 0.8699221085608997, 0.020463215717313687, 0.7358043372453267, 1.5030520400465548, 1.5079344734857614, 0.3099705262458201, 1.1640166527935207, 1.1902812985795208, 3.8877613089545093, 0.23880347190379325, 4.8676692659396394, 2.806900316410065, 2.142560358781566, 2.8983728494199568, 2.0776560810166984, 2.266248919917757, 5.868477966968612, 2.0633210169610265, 3.6043144766457544, 2.140346969798202, 3.7805750097119244, 2.5488149127667157, 0.7412927147950086, 2.548814912760008, 1.235376231319151, 54.78952094046019, 196.4468238085576, 27.437508778590768, 1.688930947983863, 0.03742067072516875, 1.751025554645821, 0.037062226904595263, 1.882967413261099, 0.0981619161849494, 1.287870935316846, 2.2385944497491437, 1.3769669923013907, 0.641051514288506, 6.5211167277331015, 3.3282590489396853, 0.3167780288246149, 1.4433032040482203, 0.014715232285197999, 1.2695945593829947, 2.7465593024386408, 0.6197307946900992, 44.9860819317081, 102.50428983167956, 28.205720074445708, 1.7389778278264885, 1.6601743635751518, 0.6178501871859226, 2.0178619301519802, 0.15094027338648175, 1.431692901589713, 0.4460073140522809, 0.022267281526637817, 0.23799851021772156, 158.15414843847088, 860.0239890152102, 385.61103969850456, 0.0020604429041100047, 50.34437693722765, 52.952658999149264, 33.25070871613798, 119.56624304709442, 112.47392297991644, 9.869178870938185, 0.10037420886726522, 0.018574195550115746, 0.46487170610515705, 0.3000872651421105, 0.052781960167919806, 0.0005275283721744017, 0.18961097773234314, 0.05243743363405429, 0.002081631593455313, 0.000521252320027088, 0.08866779486049836, 1.1368683772161603e-13, 0.05255178361142043, 0.0256245759101148, 0.0255138202727494, 1.5773236887756639, 84.64478385749885, 243.03597867348088, 54.67357637394139, 0.2054767565128941, 0.6927165499189414, 0.2415013138181621, 0.11814167278549803, 0.09432200415534453, 0.6549204295596951, 0.013363558012883914, 0.2540108048195293, 0.03723326674219152, 0.013204592511385727, 0.7671539360947577, 0.0014584969449060736, 0.7008533237582242, 0.4596906874994602, 1.2882961854628547, 0.3621617902347225, 0.8172984713124833, 0.0014456727487868193, 0.1447845712540925, 0.012935260592826126, 0.2854634934635101, 0.051968704520504616, 0.760444888963832, 0.36425204842328185, 0.17092495908576666, 0.14105722254498687, 0.20312542749735485, 0.06941471543672151, 0.03491379880313161, 1.230609707447968, 1.7094899454942265, 153.4419179336386, 746.1477060106522, 374.512725424158, 11.532393647663525, 0.0026147929131639103, 0.06715840677327378, 0.12908555887281636, 2.823430421406215, 1.0411347622244875, 0.9239306292314495, 0.0002840150351630655, 0.0026067144201533665, 0.9728790616168226, 0.49359712366697295, 0.31737870784616007, 3.7313924956099527, 0.6746365135696806, 6.98698193174755, 1.8100228333204313, 2.5639868072677245, 5.2182671417671145, 2.9711229642191483, 0.17589340752249427, 0.6674268091219346, 0.05912235987671011, 0.08648122423289806, 0.024254054446828377, 0.9937167805761646, 9.348223372756934, 99.62005574955788, 66.5306567958661, 5.909026268219122, 0.08018492676922051, 0.20965655646409687, 1.954688280128039, 1.8117592411730357, 0.0884881234273962, 1.991288838163996, 9.128593166919131, 23.48597953719343, 14.272092390055263, 1.9319881838591755, 0.18397097405153318, 0.5101400037727899, 0.010272676865724861, 0.4074952609972229, 0.25957204735732375, 5.684341886080802e-14, 0.37279144687789767, 0.12452324866251274, 0.39169923492966063, 4.411696481427953, 25.79511179040935, 12.950900657228885, 2.594649662412735, 0.5953603102807392, 0.9394743854525132, 0.2205643779049069, 0.0004965227158209018, 0.37393633559713635, 1.0289079992465986, 0.5907725752607575, 3.848358470851281, 1.2231256086092799, 0.37777585560411353, 0.4230604520092811, 1.0992395645425859, 0.1349867955808577, 0.7992067458044403, 2.1864126854501365, 0.35864387110063944, 0.3192283634375599, 0.4259425893877733, 1.9874556476406724, 6.303324783411426, 0.32346265834326005, 1.2221276728465682, 0.5062044497830129, 1.2699075986695334, 0.0902733782291989, 0.9477504470022495, 5.282834044310562, 1.4339760464592928, 1.1106821438095267, 0.024868545592084956, 2.8706703068991146, 1.0523688489315646, 7.064808009710532, 2.1892567719427234, 12.38434040234631, 110.5599760343332, 85.70525710624156, 336.35809905264887, 682.2553554408798, 58.4746205460026, 0.14504720811351035, 0.38118754183881265, 0.00995553608879618, 0.12337916291915008, 0.20358876812554172, 0.20106612301640325, 0.537947305777152, 1.4901152355432714, 0.8126818025129978, 1.3713781278721626, 2.0890465556128675, 0.5005221477674695, 0.480437653680724, 2.5339471309704322, 0.022393344818965488, 0.9675581392925778, 0.7381851030518192, 11.992157808692127, 14.965551776258849, 0.015481063629181335, 0.4404762049399551, 0.054100715590834625, 0.00868541349723273, 0.0194459273055827, 0.2933325696379825, 0.1394760349515991, 0.015218619908637265, 0.445520986470342, 4.775548907653615, 12.928676048339184, 11.783090266211957, 8.493756010107745, 3.4965945793834408, 3.6850506510666037, 0.01524506871498943, 0.33299715578891664, 1.032733514417032, 3.2407387507278145, 0.008087844145279632, 4.762600685836333, 0.05482437458272216, 1.4205461287416483, 0.5142858508826293, 0.0051078800278219205, 0.3282442637561189, 0.09292226015361393, 2.546553988839264, 0.9259428459763512, 3.35004635127234, 0.6126792130079366, 1.2305895959943882, 1.6253680145852059, 1.9545655239975304, 0.051961555104298895, 0.6114380072712038, 0.05196155510475364, 1.766592109798239, 0.011043439346508421, 3.053889737447548, 0.2095600596684335, 1.8339305030949618, 0.061570431807467685, 0.5408754580187178, 0.28693425388257765, 20.519053039451364, 134.14165443005015, 50.38534156233709, 4.191564434280622, 4.169853818177444, 0.5853163365250111, 0.04832406338630335, 8.540126395410766, 1.7764904616243484, 16.55726888812967, 5.230018207908756, 10.282162684508535, 3.740426348225924, 3.99335562207807, 1.4392547162059373, 4.731875017527955, 6.1435097368103015, 0.18182270007389434, 0.42338967580496956, 3.6832672091883296, 3.054165513269936, 0.08250106132993551, 0.7469855250366209, 0.11242669186492549, 0.7469855250365072, 0.6553464254498067, 0.0022595351611016667, 1.5494150042710544, 0.16183478473351443, 3.0978761194907065, 2.3584158085287754, 6.354378927139578, 0.11628808810155533, 13.789511734094845, 35.67956092273141, 8.965113924555112, 0.011083001976544438, 0.16275164953708554, 0.23649062408094323, 0.9420587374006573, 2.520271387360822, 0.15599451799641884, 4.322438491583171, 4.395317148399158, 0.9155813540741065, 3.0392672864820724, 0.06410539971955131, 0.03509632065402002, 0.04455898608659936, 3.3211589998780937, 0.6870425213484168, 0.011665584378420135, 0.11689782761618517, 1.471842254344324, 0.07706048802219811, 0.7557573371592525, 0.011442950694117826, 0.09044708992814776, 1.031861557851471, 0.0004643650153184353, 0.9888974492492935, 0.13525007781379372, 0.2891155296188117, 0.030083313611726226, 0.11893614197038005, 0.6988966240423906, 0.35664770986250005, 0.0018024712405804166, 23.83469806007747, 111.02350757542831, 60.15148045556771, 17.35099074811194, 4.851568043276984, 0.06536584238847354, 0.33055563999175774, 0.05046128348988077, 152.5777726747574, 1167.1917832657518, 876.291124270294, 58.315851113515805, 1.197819195481145, 0.707761762745065, 2.23391519097288, 1.9582491246934524, 0.4199051382220773, 0.3513808397138405, 0.672474467293739, 0.7167594898706398, 2.4627090513147323, 0.4317547854580539, 1.6981844830789896, 0.5672021721908891, 144.10127617167393, 310.11449649102127, 68.86976880996849, 2.5334698913129614, 0.025469993267108748, 0.03469275932917526, 0.057433006872543046, 0.1618974901377328, 0.10369029443683075, 0.23261851981601467, 0.18379623029056802, 0.08505138849960758, 0.08517448613207534, 0.006289712002342185, 1.1368683772161603e-13, 0.002797436590697089, 24.946146600253655, 204.8299989546582, 186.8706515241629, 13.869102443883207, 0.019480272529790454, 3.6273232556912944, 4.875291447302402, 0.03491640602328516, 0.8980672278304382, 0.3100498014492814, 1.7307292942331287, 3.209638622639318, 10.520897482716009, 2.1163842149009042, 8.660396007299937, 0.8459202675807092, 2.0825459193096094, 1.6091521048541608, 2.579975226841043, 2.5951240826406092, 3.1004859410060135, 3.0072822044796794, 1.7880482613584263, 1.7961185791949674, 2.275391727218903, 0.25086624358402787, 0.12981464526455966, 0.13188244606112676, 0.002664303152755565, 0.0011875052284722187, 0.3877017947920649, 0.1722001706878018, 0.06776131867945878, 0.04354863041135104, 0.030067887217342104, 0.0027349832120080464, 0.8295231145087882, 3.017462761485831, 1.185173029975772, 3.139808459414894, 2.4994477586944868, 0.9356312941725946, 2.4994477586942594, 0.0012607397591182234, 0.9654355637793515, 96.50176590267438, 434.7686515527429, 140.70912069325163, 0.5340536747718261, 0.10560135001537674, 1.5556931874424436, 152.56579138307632, 284.5115916540715, 15.734481789645315, 0.584138404639134, 2.101475749379574, 0.19439646030025415, 1.0403572052933896, 3.1962633834514236, 0.07370717114770287, 13.397719300520407, 7.3420030200186375, 2.2855890920968704, 5.5830476154990265, 0.08123554775977482, 0.6299327995633348, 2.7774312080694017, 0.8969305693224214, 1.2772824866615338, 0.5370930315037867, 0.03696204114589818, 1.8001426519689403, 0.0033175395732314428, 3.136436594644806, 0.7606481307268496, 1.8832682218944683, 3.8226925659313338, 0.7156174620229194, 8.77704175297697, 0.07411756132466962, 2.7824194345934075, 0.7564628246494749, 0.35342468701787766, 0.4299688979382381, 0.7488081966459958, 0.6540731613367825, 9.850493073766415, 6.322559442604984, 0.1897938035426705, 0.2807368254701714, 0.1593680060668703, 6.123299279156754, 1.4127339475012377, 2.6200831019655197, 1.4127339475012377, 0.0029398440108252544, 0.0029831876117896172, 0.015983703808728933, 2.773785244779674, 0.8317981341280074, 1.4269149589725885, 0.6462713077894477, 0.14237772811532068, 0.37905796769825884, 0.23584470298328597, 1.8187115846676534, 0.35159014423607005, 0.07127455752333844, 0.29027125679590426, 67.0616955159145, 492.8117010237597, 581.8470710362932, 112.3614661402703, 0.8218984787581007, 0.3665586833557768, 0.05445682390922002, 0.008470851171523464, 0.31860438775584043, 0.4865125479810217, 0.9084178376973568, 0.39311174549544603, 0.526580820623451, 2.30315834059013, 0.3587051973920552, 1.7018745130269508, 0.6226297626876658, 0.5863356917034253, 0.522175796435647, 0.9637698829166084, 1.5191668775103153, 0.708108508882276, 1.5967112240232382, 0.5331170873495239, 0.008363575483144814, 0.140339351634168, 1.7355432881624893, 0.1772272573545024, 1.9836554242119746, 7.5098689085073715, 91.20780598892338, 131.67167291556615, 22.957890922326214, 0.24489538183388504, 0.33359242976712267, 0.12724321142513872, 0.019299727660893495, 0.278697730250542, 0.9238486962154866, 0.44293727675272976, 0.7704578154215938, 0.9516129279799657, 1.1383024141122178, 1.239022847807803, 1.1383024141120472, 0.15071584715144581, 0.02790209010493072, 0.13278047269756144, 0.027902090104873878, 1.484284267874159, 3.289673118053372, 1.039904945877197, 2.2789934454025342, 1.6016006334629083, 0.6236062165306748, 0.3259988012298436, 3.012842423199345, 275.90507111018064, 625.4876026398574, 95.21778796229262, 1.228983993264933, 0.7017124000625472, 0.029307167101478626, 0.006093419025205549, 0.8884646371354847, 0.1295506130651347, 2.8425659124440017, 0.9318165055323107, 0.34550592213781783, 0.15004661824639243, 0.01952692986060356, 0.0002415760420717561, 0.1493494123429855, 0.04095458662050078, 1.3987145755953634, 1.0727316216629106, 1.2566618134517284, 0.22752497826797935, 0.04007340727184783, 0.061347488825504115, 3.7532729181959894, 0.5381445225424386, 1.0474562940863734, 1.5325153540431984, 0.8616161326779093, 0.6345213248171149, 0.2098366411604502, 0.2541989146963033, 0.22461816576026195, 0.003942277517921866, 69.94724889751114, 854.5349693890821, 1035.4442991317785, 173.94381115701322, 3.481060550388179, 173.0660279913352, 292.881445797584, 39.934049890998836, 0.13609784751349707, 0.0027894129780179355, 14.907149051265264, 111.26339333548219, 82.39889300805953, 0.18343317786161606, 2.118191360663559, 9.055605965744917, 2.006857084452008, 7.3215215024993086, 2.2999882589551817, 9.060207385830154, 6.323150677489252, 2.7491831740194357, 4.394566690640204, 1.3517832453997016, 6.408094499368872, 0.005859185685039847, 2.5241388466047283, 0.2897872817792404, 1.3032853497501264, 5.844303778761628, 0.28601690703169425, 5.296482940561077, 1.2752459700253667, 0.13453292371843872, 0.26727299382150704, 0.5827935395254826, 0.036423288567334566, 0.0032321842443252535, 5.537807575144029, 6.235681234580397, 0.016368143780709943, 0.039606894157032, 0.9582002945950308, 0.005264643484224507, 0.6052530131659069, 0.002968602310602364, 0.011936945705315338, 0.08500466809834961, 0.04784865375575009, 0.00033404345833787374, 0.3592085611682023, 6.893226039716865, 74.7792253192099, 36.02436182249551, 1.3462208710321875, 0.017328937741467598, 0.7717710805701472, 0.031024596836005003, 0.5893987149363511, 0.09607923170665345, 0.01757539999891833, 0.3293667755522165, 0.004373853594074717, 1.1353107875609112, 0.2597167755062628, 2.064081473905844, 1.4614164069847675, 0.00047306139538250136, 0.6201451866978687, 0.4038249958716733, 0.0019468872386596558, 0.03130878611727894, 0.012125078748454143, 0.03960505949112303, 0.03936479953347316, 0.012137327866071246, 0.19728860754526067, 0.5040383334668377, 0.19728860754537436, 0.5684333130307095, 0.004400548817557137, 0.12472841282431091, 0.031213490598247517, 0.8887637716816243, 0.402617582907169, 28.379588530919932, 310.6317009146387, 437.8214160105533, 58.30035385245344, 1.2900430354068249, 0.06336592639962646, 0.2581001896516, 0.3197950075323206, 0.010655387266183425, 0.043084675448767484, 0.010655387266126581, 0.0943821416859123, 0.04194664640834844, 0.041726191140696756, 0.04194664640834844, 0.6473749405847684, 0.650692671765114, 1.0221065853976938, 0.3036196893955321, 0.3164240299854555, 5.939633324219187, 56.75247765400991, 56.07797834786555, 4.272134773319294, 0.7266158832654241, 1.3750109378854631, 0.0011963551108351567, 0.48388578730157406, 0.1209623757710574, 0.2353555549161115, 1.447161891391488, 2.1373712273711476, 1.5368609344567972, 3.3311016898646244, 0.5276493907549593, 0.7090318963823847, 0.2365103314145358, 0.0011963551109488435, 0.5898660831122697, 0.12126054761114347, 1.4695505362910808, 0.631417328170528, 0.6817326978004417, 2.051853552421676, 0.40385545934452693, 95.16768474343598, 437.3365730755344, 237.35527961084722, 17.237937804398143, 0.034140122972075915, 0.24577958027248314, 0.32330727303974527, 0.11974384846450903, 0.027038445881998996, 0.19139627364631906, 0.6972498257471216, 0.22446734066591034, 0.6086294388130682, 0.3196658362179505, 0.08603246117377239, 0.13548554748558672, 0.016519932103619794, 0.46090178769486556, 0.06558868648812677, 0.8118318663325681, 1.3086714715973358, 0.23045738037262709, 1.4808633097167103, 0.5869908949066485, 0.02681109468858267, 0.3185442070013096, 0.482884897565782, 0.1634693781338683, 0.06610349996117293, 0.4355486226169205, 8.033710736027274, 35.66930007143219, 26.377139584979886, 5.092921456767272, 0.16862209613054802, 0.23887903305683267, 0.015819541046312224, 0.06389091096139055, 0.5517662055818846, 0.003971811965129746, 0.9259630977528559, 0.015836417562240968, 0.1540371997151624, 0.14313930250239082, 0.11003273304720551, 0.012232378635417263, 2.2737367544323206e-13, 0.0039824637791525674, 0.23913521442307228, 0.14414255212648186, 0.44025602866486224, 0.036152362163875296, 0.04966372116700768, 0.0010015229833015837, 0.6524917242925312, 0.6095600157772196, 8.138775970999063, 1.6001072520828075, 0.22778672599793026, 3.1169492479108385, 2.709966738857588, 0.0025748781107495233, 27.06811567715249, 184.0851611591927, 149.450067891858, 16.989946848322916, 0.7049095585582563, 0.2647349805607746, 1.0703093579284086, 0.16949216193108896, 0.009481176175313522, 1.5577444898157182, 0.0861753093754487, 0.6996238852035503, 0.04856347116935922, 0.9720097690591274, 0.2925438794238744, 2.3037850896249665, 1.9221223196433357, 0.002310846174168546, 0.3065343940115781, 3.407417899981283, 19.93122553437729, 22.845966458601083, 5.208800374983525, 0.0033049558579705263, 3.2246977996798023, 1.9571099226446904, 1.4679407301778156, 2.656219337791981, 2.523764195039803, 0.5160005741578289, 2.4842824599704727, 1.6061755074221082, 1.7154325860185509, 0.08550582136672347, 2.5910900544971582, 0.003444327981014794, 0.10373494069403932, 1.4393928991177063, 3.535603473202059, 0.30525626041708165, 6.802709182648414, 1.39508572992861, 2.103034535497841, 1.3973529584042126, 2.9024223756491665, 1.729182759983928, 4.186526848647304, 0.325552175097755, 2.3899065191055797, 0.5298701332649216, 0.2786977302507694, 0.07617405371922814, 0.4662709128513143, 11.448129495493276, 10.306511978257504, 0.0056769216801058064, 0.6446948338757466, 2.449665079688316, 0.005797559339384861, 3.668817611108807, 0.14669394520251444, 4.977632688162771, 0.0956171550825502, 6.646760769873936, 4.162037224038045, 2.520614530063085, 8.125682184911739, 0.7377839658785206, 0.0006988563535514913, 0.15436091843207578, 0.07034110722156584, 3.198143799606896, 0.002829991496241746, 8.072360629764603, 9.366775277054899, 0.9044480271423936, 2.173601402453187, 2.0605566650116316, 0.14748640069115027, 1.9805714494300446, 3.4739189672365, 3.8106640379747887, 30.52503078548989, 75.15492102103462, 16.657947224812915, 0.7748346591424706, 6.991821952630971, 1.1274440397284593, 1.988610311556215, 1.8444419185728407, 0.8219646392393543, 4.03262377793277, 0.45158948524618836, 7.025714141421304, 2.7536120663208976, 2.091268007328381, 1.3494624718217665, 0.0014461048785960884, 1.8868656126529686, 0.03637311574902924, 100.18581115699521, 630.0124045002024, 463.08549920800647, 55.881837499908556, 0.37296342189483767, 0.045694052747080605, 0.0024277789725601906, 0.0067948873083878425, 0.3341220434585921, 0.032829952144538765, 0.41437439648029795, 0.18146294115877026, 0.017279202834401985, 3.9736133211687275, 5.610699189775914, 3.78321777649046, 1.3106886435641627, 0.22591585779707657, 0.13648467728853575, 1.7161847644446198, 0.49211674803484584, 1.535997494254275, 0.9351916116861503, 25.719872407302773, 25.537863072833034, 5.03899395728763, 0.73155485930954, 0.05393263464713982, 0.46684868527472645, 0.38602496756311666, 0.04108352777973323, 0.09701030280473333, 0.2615781950875089, 0.0060394023421395104, 0.18807249188614605, 0.008721759814648067, 1.1040580951446373, 2.058610222548623, 0.01224554935129163, 1.4043182531942193, 0.06358318239358596, 0.9563163473599161, 0.42033159179516133, 0.5753412417383288, 0.0002527654181676553, 1.4922552251482557, 0.2727416613171272, 1.5699366900396399, 0.3736771126422127, 0.2988959238074358, 0.16550705478255168, 0.2048767157855309, 0.2992109709852002, 0.1290732387335538, 0.024265198640136987, 129.16921970232806, 1129.9893898954558, 915.4927825384075, 64.53585313828046, 1.4249883546964952, 0.40297074961921453, 0.8071546797878568, 0.15059504125400736, 0.8092485170709551, 3.6484748335277004, 0.6767097318996775, 3.6062511795955174, 2.6045707030240237, 0.6702115196769114, 2.185533497722247, 2.7752778997212886, 7.850857957493304, 0.9919467151473782, 5.273681096686289, 3.626857145193867, 0.41680737859292094, 0.10815643942845554, 1.580561652362178, 2.960843859641841, 0.6921272525482891, 0.30051677948688393, 0.6026079962951485, 3.213449262744234, 4.458195413574799, 2.5810898669728317, 2.2623207765401503, 0.33219333987591426, 0.3133551927541589, 2.884779323188752, 1.1476017196593489, 4.056964445966287, 219.920216047248, 962.0927457572385, 531.9113119054496, 44.444544967014735, 0.02879445644862244, 0.31896463150337695, 0.6754799722964435, 1.9399122251104473, 5.903695505244741, 0.004496484723063077, 5.332166506689077, 0.38858873228844004, 1.6715304458651872, 0.47657369875935274, 0.09210513802975129, 1.2828111322824043, 0.04131168940762109, 0.7469063864784857, 0.0025891104812671983, 2.3543390161762545, 0.2972336746483961, 0.10858029438418271, 0.3225897804240958, 1.3693933781081569, 0.26685496077550397, 0.0491915814842514, 0.00029362517386744, 0.023606309233514366, 0.0657366612426813, 0.5804289029086931, 0.5554277938673522, 0.7469063864787131, 0.9030359892805109, 0.07505090287929761, 0.05767707788777443, 8.463223376527822, 126.30401635270198, 204.57708275015057, 35.602300313207024, 0.005589640992639033, 0.9695770026060018, 0.2969915052606211, 1.5245916539495283, 0.672945479088412, 0.18397097405176055, 0.0006307686850277605, 1.7471582402425838, 0.0900698589325657, 0.7531507730627709, 0.10577541163343085, 0.14285432428243894, 0.15991905828479958, 0.8117401350723412, 0.005575350720278038, 0.0054980222815856905, 0.5318914680591433, 4.324906608139713, 2.6709337183536945, 0.8050640494285517, 1.3797116327715457, 5.543833764206852, 1.534696211581263, 1.3133619495473567, 7.035679513846162, 0.023969641190205948, 3.323019019261892, 0.21223868249171574, 0.25513542371425046, 0.023392139973339, 0.8831327925943242, 0.12668015478652705, 1.2010147032129908, 4.669377083568065, 0.5015660527459431, 0.9077748029518489, 0.03324047923456419, 7.657427408109243, 53.43085354174025, 50.79210501556338, 5.10259720731716, 2.523581132344191, 2.5690922645589467, 0.01798205061840008, 0.9573979254619758, 0.11316641458620325, 21.991517271089492, 99.97283513364664, 62.90967273563763, 7.248844585004349, 0.009048725383422607, 2.05319892015018, 0.4850099043296723, 0.04761958092296936, 0.014715232285197999, 0.014573374885230805, 0.7904780051013631, 0.08429880687799596, 0.6272938516401609, 0.6295439465809523, 0.4529465313341916, 0.005110840715246923, 0.014247013376575524, 2.6591656069747387, 10.985145325680492, 4.719298247610936, 0.06826686556320283, 1.1310228164332443, 0.35787586041368513, 1.0219418832704719, 0.3272037425932126, 0.01719948489443368, 0.6050883050708649, 1.0149211945970933, 0.0006590437088789258, 0.38040030778120126, 0.032162267996852734, 0.32007507575150385, 0.26488394621145517, 0.14808630213030938, 0.16998751580422322, 0.3462971339608316, 0.002623708637429445, 0.21138281454983598, 0.07985340891332271, 0.0026379656938502194, 0.23695613713130115, 0.13032430134359174, 13.61517700591753, 59.15248512240669, 29.548512213546474, 0.0010596114897225561, 0.36922831182835125, 7.131333676165241, 1.5329660175781328, 2.4554713347101824, 1.3801514741547862, 7.085219510513525, 3.0137613237253618, 5.102483751919067, 0.35112413594492864, 6.431716933482903, 1.9447066395720185, 3.2281227405761683, 2.4200905059240085, 0.4884117718190737, 2.9462516350484975, 1.0702301607312847, 0.6609095922301549, 2.664698929573433, 0.5605914773203722, 3.409146898680774, 1.4206728061615195, 1.6093681789169523, 1.3886987229193437, 0.24155162316367296, 2.8754510654597993, 2.428483964449356, 2.6011619136552326, 3.670030350222305, 1.8710180516741275, 0.4318007100039267, 4.23206362465362, 6.768366342973877, 1.4342412100578485, 38.437504862454375, 240.90576803026, 81.67151462177696, 0.011553216554148094, 0.0762624348966483, 0.38239680607375703, 0.5023104147203412, 2.078853517969037, 37.10838568130657, 168.9655132227266, 56.873360229045716, 1.0003389724421368, 0.04585343430244393, 0.25998764632629445, 0.004319797889024812, 0.09732510756794, 0.02704571068045425, 0.36717572716383984, 0.4505991476446525, 0.11773624688919426, 0.3277992146448696, 0.045562051763340605, 0.0010818271306334282, 0.0002706920465698204, 0.0689573846160556, 0.07786893540048823, 0.0002680483038375314, 0.00429494300180977, 0.009630368000671297, 0.16676468116781962, 0.10621236500628584, 0.009521096114099237, 0.14058621672245408, 0.6167158828774291, 0.14245337010788717, 0.03273480444613597, 0.09840506691250539, 0.04540462137094892, 2.7692564436288194, 5.699960706614775, 2.3215294400648645, 0.006171284006882161, 0.07062584438358499, 0.07111315106294569, 0.616325687809649, 1.9422669404323187, 0.09940209158583002, 1.2349268006166767, 1.2701199776900012, 0.06358318239335858, 2.6501858485331695, 0.3948641803821147, 0.07911660565901002, 0.02448313384013545, 0.22258302427655963, 0.142300871915495, 0.0803864706905415, 0.020091189931008557, 0.09824415911407414, 65.26912841501576, 562.5740110880351, 453.0429856816064, 38.450384567155425, 0.015108872045743738, 0.0942499259519991, 0.003784508247406393, 0.3432283894180159, 0.4250707959636202, 0.0009695330962813387, 0.035216937744451116, 0.19289682433827693, 0.3208095773655373, 7.332409506500085, 47.88257318845018, 45.33511950634784, 3.025856485448344, 0.33839738493855975, 0.19822135884373893, 0.42639150732634334, 0.632202518574843, 1.7567706687013356, 0.03037548180805061, 1.536289092842594, 0.09503203448286968, 0.2734006920603633, 0.001970249525300005, 0.031337197174138964, 0.09540590145542183, 0.9988517021587882, 1.3309118917932778, 0.0018115491551498053, 1.6524140458677152, 1.0026792389530215, 0.1905877933831448, 1.6902651467032683, 0.9288227361110444, 1.5476785332644454, 2.61387874192053, 34.38056232287238, 441.6913413746802, 485.94997434433026, 45.48656407578562, 0.05441037229570611, 0.737410482670839, 0.23968166430813653, 0.29671070594883986, 2.284657736222016, 1.390083032998632, 0.2886639251515817, 0.8206851409321416, 0.07335892296202928, 0.2342043367102633, 0.1080396030384918, 0.09440277730163871, 0.0014865751173829267, 1.2611659592051865, 10.16399988738101, 35.28996795568537, 18.489066560201536, 0.4546296374053327, 0.008272912811662536, 0.09984324928075239, 0.4589643154895384, 0.2254848126511888, 0.6263693561319315, 0.20907030671605753, 0.04240507388726655, 0.11792078839846454, 0.406259562552691, 0.0743768274529657, 0.6744902462273785, 0.062463638369536056, 0.301718286653454, 0.08714939747335393, 0.2473400271179571, 0.0005123810860823141, 0.09973771859733915, 0.3684405159807511, 0.050994162786196284, 0.6955718225405008, 0.34767522564061437, 0.07413832411066323, 1.123594310531189, 0.22311515300418705, 0.06039124804090079, 2.2737367544323206e-13, 0.01801429600402571, 0.08514312625754883, 3.6811921911049694, 41.563970350473255, 77.83770980349402, 7.420817740304415, 2.1003459698276856, 1.4173037308327139, 2.0484868203210453, 1.3042070900672798, 6.190206733360355, 2.233838268448153, 0.6240195670567346, 0.3697069701200917, 0.11918203612617617, 1.4456191014203341, 1.4089280812589777, 2.57800002670092, 2.161754317237751, 0.5231424009347165, 0.03819036045672419, 1.3167033022971282, 85.0490191222716, 501.31479650532003, 255.54664967643475, 11.673403784965672, 0.17222916101252395, 0.10213430731744211, 30.49917923030273, 125.04518166409161, 58.46447025565226, 9.018646985661348, 0.3473957500943925, 5.244749154778219, 0.04913044275622269, 0.0063638026049375185, 0.7004747463067815, 1.833861163366464, 1.3448508273638708, 2.4119113858598666, 0.5521244293582868, 0.2063574500532468, 0.05689453515276455, 0.6285380303485226, 0.006300691871956587, 1.0570301947011558, 0.2908059860809544, 5.596358457623637, 0.0004036302226495536, 11.500481266364659, 2.5618997026638226, 7.060709276336183, 4.348295409510115, 0.006566411698713637, 1.5927544257554018, 5.27034234997177, 0.12571883890052504, 2.7937243434769243, 1.2360646806559998, 0.469592635174763, 0.032556340970472775, 1.131973627287266, 0.032556340970131714, 1.9302896615452028, 43.613698459809825, 43.703913337293216, 0.5923652506224926, 2.860691527370818, 0.31209360924765406, 1.8695578747233412, 8.647277171462292, 3.6304939424371696, 0.7416942612508137, 3.4004135124133654, 6.139551882218711, 1.6269594903615143, 0.18919063178566375, 0.22552326925483612, 0.18919063178543638, 0.0015495449258651206, 1.0842786244951412, 0.00038722873796359636, 0.7108159424562928, 0.0312638507742804, 0.22313791664487326, 0.5469372988462737, 0.055512742443397656, 2.924391257851994, 0.23968166430825022, 0.7611658540271264, 0.20270266474415166, 0.06491377598160852, 0.00038659967515286553, 0.20401695405189457, 0.09957669159564375, 78.22154052778592, 466.6809095528861, 240.23659580640253, 4.169606817094973, 0.29594763106933897, 0.2571435754690583, 0.8833693059578991, 0.6412978748107321, 0.3499093071898187, 1.710337775083758, 2.591807215765698, 1.6056529418380592, 4.457499315131827, 0.3162612153185478, 0.8725223010555965, 4.238635558443889, 3.1023252387515186, 1.018324494638307, 0.012393343375947552, 0.036570870036257475, 1.048021410126296, 0.01320459251144257, 0.6172434876797865, 2.485731900947542, 0.10326294300193695, 1.329159580637679, 2.110043952411388, 0.01365109164447631, 15.466098274428305, 84.13757194874859, 31.865145903760435, 0.029249708372162786, 1.550090284946691, 2.018068891071266, 4.169046134801192, 0.3341111079688517, 1.6197673663049272, 3.4315620424569033, 1.9860419574168873, 0.802936856830911, 3.6469326124149575, 1.9566450673977442, 1.4056255104424054, 1.8365286952509905, 0.13278047269773197, 1.1337677563982425, 0.007014526466605275, 0.5256454279447098, 0.17792620179500318, 0.0647875066447341, 0.5298701332649216, 0.2864054874133899, 0.9120191469787642, 0.09537445036892223, 0.09726003260345806, 0.007140029379797852, 0.07901319892459924, 0.31152057956944645, 2.2737367544323206e-13, 0.28092183180672237, 0.06303047239316584, 2.8163703537824176, 3.399984305374687, 13.850772686069604, 159.00741749753035, 202.62275096284577, 28.104688367301378, 0.16815075007230007, 0.3347326510283892, 0.20354735298838023, 0.48907391526665833, 0.022889116403916887, 0.14381729434762747, 0.008985096613287169, 0.028806078866637108, 0.17283988768974723, 0.03531137066363499, 1.0879719906686205, 0.425438960862607, 1.0109017602486574, 0.838185223767141, 0.08999501640778362, 4.355802274694156, 16.070164223131542, 5.872489292601017, 0.0027017820239052526, 0.13104770430675217, 0.21718080928417294, 0.7498069554856102, 0.0951648425325402, 3.4351564425531933, 0.07514483938496141, 0.0011384776620388948, 1.0771275552909856, 1.772711283647709, 3.1116964007546812, 0.5961026835990424, 2.6536694727697068, 0.007245352319273479, 0.17980103138302184, 0.5280412406331152, 0.7423545875780064, 0.033994507494412574, 0.018029271505724864, 0.04750849640004162, 0.8102666649282355, 0.055082083228739975, 123.30573121662496, 609.7568776644857, 241.9791481125867, 11.458665090435602, 14.720957812950928, 5.944166801983329, 6.372342552916166, 0.8669329940295256, 1.400840580283898, 1.66306514682924, 0.37461038218111753, 0.3639543726535521, 0.6804314317336093, 0.3573922372263496, 0.8033877231562201, 4.089209897075534, 0.5879226386840628, 12.145107003401677, 5.564826692425527, 1.269748340312617, 4.7541313814863315, 18.311573306463515, 0.739911104393741, 0.734308756688506, 1.1119469755982436, 0.21188624244678067, 3.7001874671793757, 3.4125618161291413, 7.361620937771363, 111.72260956849345, 418.05649114091466, 108.26858175660618, 0.8480366730772175, 4.148746061145403, 0.06499024569779976, 6.643795728443365, 7.207270175889903, 0.1260188466528689, 9.281388695957958, 0.6310464789009984, 1.5871672315888645, 0.012124119686291124, 1.9754676615108338, 1.7457472794756086, 0.22361375445495923, 0.3235926890447445, 0.14284260597025877, 26.908215903693417, 118.02586310441552, 40.727397426207176, 1.7627904980080302, 1.1120888035331973, 0.22306842575778774, 3.2063647398688317, 1.7569104999607816, 2.4662528119879426, 8.773035282968635, 0.2577693690794831, 10.897844003287105, 5.119377884287928, 0.28130060033288373, 0.02079765479015805, 0.0279901873958579, 42.262076964155995, 342.0317719816354, 251.47866659941178, 25.347751951735063, 0.22477744683692436, 6.248967682513296, 2.2637030077610234, 1.9258355551050954, 9.079606358495084, 4.144779951497355, 0.4636204672583517, 0.8646676743662738, 3.2155052551955237, 3.8417792597809353, 4.883926537042271, 9.855430357729745, 1.6348077404851438, 2.81280817296431, 2.474378041255193, 0.9886345642358378, 2.6975519041673692, 1.1020175469680566, 0.17777287224737393, 1.724528494894173, 0.8051898697646038, 6.153307791180396, 0.8079929649994142, 3.0195323946466033, 4.839286125650403, 0.7715152773562863, 1.132671577959968, 1.2826388283593246, 0.45940595590792555, 0.44828046772437347, 0.5741846141892211, 0.15341960813515243, 0.1539294260884958, 199.72050196496457, 671.4976843797589, 291.98445529573894, 29.427723509510315, 1.7501608114683904, 0.3787947016569433, 0.0619595649616258, 0.2636075262173563, 0.1448050360590969, 1.188498514776029, 1.1099735672412407, 0.7117394040363934, 0.5904953320067534, 1.287256719737229, 1.883268221894241, 0.054758450138251646, 1.2631587775497337, 2.1418946189075996, 0.03684733169518495, 0.2853442655075469, 0.13255683230238446, 0.4309810748510472, 1.6796642982869798, 0.23383558650255054, 1.3507160932008446, 0.18086804191784722, 1.490943950545784, 0.09711568185593933, 1.1812722213804818, 0.7594477244405198, 0.06258771697525845, 0.17683313046381954, 0.009323918963559663, 0.37557643409888897, 0.1483108990122446, 0.6660254564559409, 2.368886117781244, 1.2769099144004485, 74.00214873467462, 375.00560717294013, 195.45665117066528, 14.347432359567506, 0.5027868577431036, 0.47052090944242764, 4.695693290013992, 4.236720917479602, 0.5062161270089973, 1.0648971148606279, 3.137242469728676, 3.0179024947784683, 0.005365705820622679, 1.3945003759326937, 3.3540397923877663, 1.2892033017139966, 0.8169210754740561, 3.3056091281284807, 2.81465701792888, 0.3648652788989466, 0.7793590970774176, 0.601327448760685, 0.4036447953302513, 2.093626330336292, 2.0462778308537963, 2.089952426246839, 0.7221636285588602, 1.495311544551555, 2.9383984097927964, 1.4953115446185734, 3.078264034640881, 3.0853156824114194, 2.7982164096382007, 0.6691662358708754, 4.051781115079677, 0.9580509204957934, 10.194666306528234, 50.728281586897765, 11.947150677222794, 0.22706537561532514, 1.1990609696117076, 0.2840951356927235, 0.1514324325679013, 0.15486747577460847, 0.06282993407398862, 0.3075897870274389, 0.019178244892032126, 0.1100350783243016, 0.2800279970014117, 0.00695890946246891, 0.561930998539026, 0.3362018466120844, 0.12883572821914413, 0.6452098234125287, 0.1119655726856763, 0.050568250701189754, 0.03868492361579001, 0.0031862977413652516, 0.051148110557278414, 0.007163326218119437, 0.051148110557278414, 36.49305205567089, 272.16184027469757, 208.59007057880206, 26.463803203818657, 0.32916679257454007, 0.6362147512268166, 0.25327056496536215, -0.0014546704536542165, -0.037308518919815015, 0.01808719323258856, 0.3375055608012758, 1.3730775939753244, 0.9713060363123418, 1.9571229182393495, 0.01791466182748991, 1.6027208241121684, 0.7118152779300999, 0.8152702566733296, 0.12795792921798466, 0.24955914182947936, 0.5140550492173475, 0.6213548101558786, 1.4643451687790048, 0.013490649968105117, 0.4891584135394851, 0.013500925783091589, 0.10946601173685622, 0.13025591171890483, 0.04817284095298646, 0.021445687339166852, 32.85139563227517, 152.12347255871646, 60.674328951845155, 0.11142483763762812, 0.03201616966146048, 0.35875962875968526, 0.011495345599087159, 7.007633704483396, 2.6695704457272313, 8.897024942870075, 5.285581624686415, 0.5491206559870534, 0.3669309087538295, 3.295826858029386, 4.941010727443427, 0.14874237202673157, 0.7020057737539673, 2.8311252386354226, 4.948783170499837, 0.3576127815855443, 0.41754764460313254, 2.7812143492419636, 0.012633510412911164, 1.6873165170753737, 1.2856239688369442, 25.503284625720653, 490.7040164982103, 789.3245828243025, 105.2634724449008, 0.012345209434897697, 1.0599116159924051, 0.43860500634480104, 0.008860711049351266, 0.8400485339391253, 2.179277339645182, 0.042717443621086204, 1.3136331690914176, 0.07312903187960273, 0.30730082540856074, 0.2580626490209852, 0.3619463000017049, 0.07253629790511695, 2.153093355628812, 0.3486968886440991, 1.1159734522286726, 1.1678984957778766, 0.28820048668842446, 0.0022299682576658597, 0.529247924706624, 13.960665572065636, 59.15916267942998, 53.391675257442216, 9.335252992774826, 0.9895333328496463, 0.3925403810217176, 0.6316634173539342, 4.132654376558662, 104.98544322947168, 544.057850004156, 202.84975672756093, 4.3419968869168315, -1.0345502232667059e-11, 2.357747804072517, 0.64233975479533, 1.9289142772669834, 1.2915920139883497, 4.411390662058409, 2.3739254747522978, 10.072655575274155, 0.22272614001917646, 2.7247098160094083, 3.3232161607924127, 2.1056283574239387, 2.743969196343187, 1.3365858735218126, 0.46715907977835514, 0.46733345421154127, 3.155380638061729, 2.4900298138167614, 2.9107995361087546, 0.5142004189150953, 2.8436664728650953, 1.1838349943071762, 7.405936782504398, 7.289814899944815, 7.078499184055147, 2.7754715232889566, 1.5942978901506422, 2.0236447757961287, 0.3793287207129197, 0.5084677711893164, 0.9226752147637285, 0.4894003819231898, 0.029142641941120928, 2.415102092094685, 0.5056344416393586, 3.384685287710795, 337.2483055509291, 652.897184970191, 124.11445161065308, 2.1301443452613285, 0.17090597916865136, 0.8357668071421358, 0.09466424415199981, 0.0052245822071199655, 0.7778588042440333, 0.2904699025020818, 0.6551403604829602, 2.550253220099762, 0.14385442592777054, 5.3221901334566155, 0.005174444852968918, 2.8366619784419527, 0.5239243097522603, 1.0607473058837513, 1.668218671372074, 0.4174731587285123, 2.3902962825636678, 0.0013452066270929208, 0.7384570455518542, 0.21192486320217085, 0.2829352198783681, 2.076218856506557, 0.988172162193564, 0.3698035389645611, 0.3318534172008185, 1.9249310483803583, 0.005250006945630048, 1.7324975181858235, 2.096935651730405, 0.9773442775824606, 4.1262883833579735, 2.816448286324544, 134.3565151238521, 439.0640769901129, 118.66141349986378, 0.03675709724780063, 0.19888550397604376, 0.00102851712881602, 0.0990115675991774, 1.4300506933673205, 0.9722611662531335, 9.497367346040278, 0.29663497943090533, 10.075316768636071, 0.9998924142099668, 1.4124922631879144, 4.124585820874017, 3.926106241825096, 43.65199661863949, 7.997543461712894, 44.85590944417402, 167.15881617525315, 46.551186756343554, 3.041065105843927, 2.483334515494448, 0.9753686746210519, 4.577971126023215, 1.8197351231081598, 0.4892913843244173, 0.368478375275231, 0.5104071616939336, 0.38155761824555157, 0.3958492269485987, 0.3514407623797524, 1.0920875534579864, 2.6498129883213437, 2.0757221868122997, 0.4806672247632946, 5.2676835958515085, 11.143181006185443, 76.79383030898896, 85.93222286914568, 7.461756084656486, 1.3222312509993799, 1.7489937545816474, 3.250704456470771, 0.032193826384968816, 9.393982766223758, 0.8850974788020949, 3.543605259898527, 0.0675545736918366, 0.008011808846276836, 8.132999705346833, 0.32794249567041334, 3.0315312653883666, 0.4384657126041702, 0.00354467271665726, 0.17624795441474816, 0.1264647780820951, 4.9171935642635844, 0.308459143965365, 7.145425735624599, 1.4647581930913702, 5.1784196947697865, 9.772303008176436, 0.03977905526039649, 7.99212591155117, 1.7758079999166512, 0.197072390892572, 0.3432852221505982, 0.013779126357917448, 0.020993413841665642, 0.33735983188057617, 0.4512285262876503, 0.0033218164563777464, 39.62436155631849, 79.54815100948588, 11.985247112362003, 1.3146703836450797, 1.0235057087309087, 0.03163060256827066, 0.01771934756641258, 0.4846816727977057, 1.1590584953811458, 0.6165454241937596, 1.3574696639236663, 2.2737367544323206e-13, 0.33479520290268283, 0.22033532561783886, 0.002009946569728527, 0.16213072943560292, 0.0020099465692737795, 0.22102388764358238, 0.008048194326647717, 0.004567683688378565, 10.830348646763696, 74.43435975014256, 69.01206760536604, 7.876596962514213, 0.41448009968837596, 1.5228141337993293, 1.3945516878607123, 1.9467092083439184, 0.15072156675648785, 0.2185471517117321, 1.4290826245282915, 0.05425631474861348, 0.48247642882870423, 1.6404211517156, 3.477570443343893, 0.23990026987632973, 0.3399286558745871, 0.4113090585746022, 0.13468385406076777, 0.014684040936799647, 0.07597663868170912, 0.1341712379795581, 0.5237567019377138, 2.613516980649706, 1.629575809496373, 1.8467596171184368, 1.9169687591773936, 2.864408477807956, 0.1543798690273661, 3.587399799600121, 0.8634528879791787, 1.1424622825068127, 0.9801374517448949, 76.95764648078341, 137.79424220491694, 21.341684709077526, 0.5314271470797394, 0.4711945114875107, 2.6710282117460338, 3.2428318413783472, 0.3208118184910518, 0.6008134652598756, 0.044352654889394216, 0.12800218086340465, 0.41829611210903295, 0.7968654440215914, 2.2737367544323206e-13, 0.06120135491585188, 0.6746469541533315, 0.2641084016961486, 0.08170313474931845, 0.00167031638102344, 0.12031326778765106, 0.0016674008945756214, 3.175166578886092, 2.762365215365435, 2.4267024958885486, 2.1845669468932556, 4.453753916022833, 4.759276496377652, 0.8675606464638577, 2.5080994089618116, 0.0981121901802453, 0.6770365655308979, 17.699656323178374, 170.69234558253777, 55.06289128546621, 1.3962356190851324, 6.726938219492581, 1.397506597955612, 6.984796645672077, 0.08044625587785958, 2.9067908168289023, 1.785009709081237, 1.249531513863758, 8.222414037854605, 0.2009749066371569, 2.0116647640907104, 0.17649546804886995, 0.8039654846670601, 0.23268638891511273, 4.451971029042056, 0.6705281187346372, 5.954671388938323, 0.007025755493828001, 2.200513265260497, 5.494981003490466, 0.5221802397667261, 1.5275660711804449, 1.736994631304242, 4.646198553701538, 1.412017462859808, 0.0007369581592229224, 1.6197673663051546, 13.826957290959399, 11.603619691275412, 7.12341747690823, 22.991738690593593, 1.3976107166547536, 5.922876475963108, 9.950273333003452, 76.96471795520097, 22.001787508155985, 0.6970664746546618, 0.17252644347570367, 0.013760004877440224, 0.7518371456175146, 0.3136419539370081, 2.495837305547525, 0.3311648183150737, 0.025569080290551938, 0.38669762008669295, 3.1566757560659653, 0.2638428007529683, 1.077352152079925, 0.43980262737170506, 0.48031471612284804, 9.910306225647105, 0.0005252289287227541, 3.618469859122797, 0.0256524125420583, 0.41427807872810263, 0.4318483198743479, 0.0625978073233, 2.3531365261734436, 0.3804177116153369, 1.4289715948351613, 0.2766472290159072, 0.5695216720530425, 0.5199990275233404, 24.020811169267063, 22.291374200046448, 3.9223777495026297, 1.7686890096770185, 0.031622783632769824, 0.038179271821491056, 0.01900514758835925, 3.2685090516963555, 1.0273022323830219, 0.8508929049369272, 0.09020653355082686, 0.0570838657256445, 0.5663189643386204, 13.88062755555734, 15.849151082418757, 1.2882615773165753, 0.22074142673614006, 0.2595995223543923, 0.13034494611031278, 0.7266280200497022, 0.0013134142741364485, 0.4613108532653314, 18.90891698884866, 30.43641517559888, 3.825128483501885, 1.2181640417898052, 0.05137056588080213, 0.8887230745708621, 0.00026320478457364516, 0.04408308603512978, 0.002367506127939123, 0.044406441595810975, 0.05938901808997343, 0.009510300734632438, 0.009526502648100177, 0.006625030382338082, 0.03206518729916752, 0.16469044119310183, 0.00026575657045668777, 0.5857374069775005, 0.044734415869584154, 47.16088254914246, 267.2488565482421, 89.65237749951382, 0.6744902462270375, 0.2111309491178872, 0.0005304302901549818, 0.04301234151012068, 0.45308751055222274, 0.738391306263452, 0.2165829013729308, 0.5886768637427622, 0.02633878060942152, 1.364509598497193, 0.07823217523946369, 0.12526931183276702, 1.0366976069989278, 0.10732871748905382, 0.5425652377899723, 0.6789276353215428, 0.39807916877362004, 0.9737717138372091, 0.5080905888430607, 2.264920704254223, 0.06327723338881697, 5.51840585589423, 3.002876667138139, 1.2077111456972034, 4.891574688444621, 0.33746785640641974, 0.7989323005618871, 0.33746785640641974, 0.878210519287336, 0.5906622260382619, 1.7663927153827217, 0.00882148448351927, 1.46591986876183, 1.0861785035904177, 0.10856009133817679, 25.318229823585966, 52.33433129128457, 8.673526304303664, 0.34987789509216327, 0.23268638891528326, 0.45810764395918113, 0.013021514642332477, 0.007282100449003792, 0.08044625587803012, 0.15638721348324225, 0.09568368088372381, 63.500161744377124, 422.93795230168973, 302.91092934726, 14.108524960925592, 0.5768715561840736, 0.02647756420742553, 0.17757683390357215, 0.1638562061648372, 0.03145667033550126, 0.11413826188493204, 0.13798851291869596, 0.67886339649192, 0.1761854021004865, 0.4836705810832882, 0.12447113027189971, 0.21562661360292168, 1.9364506820646739, 2.777024241200138, 0.3832135614077288, 0.2247850786664003, 0.639194913999404, 0.05938901809008712, 0.3856282990660702, 0.9625301515810634, 0.30836188333069003, 0.11923758253112737, 0.40514772976268887, 2.561175190427207, 0.784692151757099, 1.059867607376873, 1.0318806720837301, 0.11548664264910258, 0.7323324010945953, 1.1368683772161603e-13, 0.625259460227312, 0.06694558920798954, 10.297340523891194, 103.37422511044622, 111.25785631982387, 12.739212281160349, 0.08823872056939308, 0.02196668163173854, 0.028517714844156217, 0.6675252337458915, 0.5052455389109127, 1.3374684212976717, 0.1405774018816146, 4.417464082426704, 1.7410603515518233, 1.5302043510545218, 1.4763344705193049, 10.550891063632434, 19.852441567500023, 1.3380373648027444, 2.1358959098298556, 2.7207855835408736, 0.7022586178520669, 0.5522361561206708, 0.1692683747053252, 0.11423915863144884, 0.29488565576446035, 0.5321450393273608, 0.7373286870208631, 0.012388757139547124, 0.1827787744429088, 0.23434028638951077, 0.05039767114249116, 0.15555047038174052, 0.008804862832903382, 0.5885603110831426, 0.05992186569608293, 0.29314946170723033, 1.4252319697841358, 1.121015688426155, 0.027445470894463142, 0.021693074545396485, 0.021554002934294658, 0.02169307454516911, 1.54439520314952, 1.6987765969169004, 0.00563301749286893, 8.595486610120247, 52.83029386729834, 0.020376329527266535, 211.40400014470163, 148.8911864189539, 5.580549805716373, 0.33116481831484634, 0.8381478537297653, 0.025513820272522025, 0.6399561598976788, 0.008281801884891138, 0.4407748447534914, 0.7613880029698521, 0.5720046043647926, 0.008634075901454707, 0.09104537634038934, 0.47872521955616776, 0.7672623648071522, 0.08905554732348264, 0.06334597352076798, 0.026106017390475245, 0.013202669365341535, 0.5720046043649063, 0.002120554979001099, 0.27634732685942254, 0.27724895541314254, 0.9121638034600892, 0.0005173342437956308, 1.5177204706764087, 0.10211117117887625, 0.3046984346131012, 0.0083808365556024, 0.03355989902172496, 0.5446862813309963, 0.9056751294015157, 0.013498298856461588, 5.4228777937457835, 9.527665657067473, 1.5586752349111066, 0.0, 0.5940813369286388, 0.5940813369284115, 0.022153217580353157, 0.42683487411989063, 0.036586152571658204, 1.1203229882343066, 0.2620248850984126, 0.00045903208615527546, 0.1478084046384538, 0.06575475527881736, 0.03679420352739271, 0.06501156001411346, 0.1991938758804963, 0.04510435145562042, 0.06476747312433417, 0.01135621234266182, 0.05444817827230963, 0.9028008279241249, 0.028544269757617258, 0.7116572250037052, 0.23759923297643581, 0.05455063389933912, 0.10143751036446247, 0.045061936531055835, 0.04497734078029225, 0.007257656676188162, 0.07684121886904904, 0.07728098666882488, 0.06550518090409696, 0.3816726905425867, 0.05444817827196857, 0.007149368943032641, 0.21447108424194994, 0.19478561291532515, 0.19160285328007376, 1.6353854242332773, 0.579541702199549, 0.4716003611505357, 0.006652187514305297, 5.009099908369308, 1.1482991249444012, 0.9572011464014167, 0.0004348621622511928, 0.07211516058066536, 2.465751022343511, 167.7222767019557, 410.6755491318577, 90.40913855781059, 1.9226619384150467, 0.12675843720120383, 29.28757975068521, 15.44863370743741, 2.3780203860945335, 0.010412536528292549, 11.938643010019575, 2.5326966294354065, 1.3011402735806428, 0.2384228772757524, 0.2775650206085629, 0.004298763647341275, 1.4301653794210551, 1.5773709323450475, 1.8280403016588593, 3.525218353129844, 0.017658854902776966, 0.19147462258212045, 0.07032008822187663, 0.027747879664104858, 0.004365649883311562, 1.6086659541184645, 0.24208100905389074, 0.9426180765799472, 0.31162650687070936, 2.214756420078629, 94.55455614714629, 304.1791278044293, 83.73459893431345, 11.543297307580247, 0.3849665594269709, 0.3954071393424101, 0.00039526336468043155, 1.4440520832339416, 5.786513673248578, 1.1381843259122206, 5.317904460752061, 1.1381843259122206, 1.0543836284562076, 0.02022266999472322, 0.40359883865528445, 0.04121736929278086, 2.197771703039507, 2.7302911216019083, 1.4038655934559756, 0.2616648922893319, 112.21800682966784, 539.9470029323462, 173.18627973028867, 1.2837267507621277, 1.414659035917623, 1.2735045384494015, 2.9210237245695794, 0.8779951684094272, 0.9483045062243605, 0.1435205729254676, 0.2415013138180484, 0.09158547352126334, 0.17240673016181063, 1.1368683772161603e-13, 1.2937503488951165, 1.432517833332497, 1.5427105750102896, 2.5613347454822133, 0.024157305030257703, 0.024456573129953085, 0.03827279434608499, 0.013735515893870343, 1.5051878936272374, 3.2434289922085213, 4.117706140117718, 0.9182926813194854, 3.8725969206431614, 2.19583566923086, 1.5212575676349616, 7.294776565397456, 3.252288474913996, 3.9025876279958425, 4.025141766390561, 0.013204592511385727, 3.263048925285716, 0.18131011393569452, 36.68553674202633, 418.24451679875324, 576.4293779430111, 93.3360412536731, 0.6805484128100261, 0.04400160654404317, 0.42037842541458303, 0.122545770669376, 0.22458444854419213, 0.004940413807958066, 0.007646606418234114, 0.1916658099672759, 0.004895419441254489, 0.051191541638445415, 0.01950553205494998, 1.4260220701086155, 0.3766512866221774, 0.9709228616534347, 0.20846122942771217, 0.0012167277841399482, 0.3574211692573499, 0.9722022927635408, 0.015285482868534928, 0.40442839669651676, 0.11165195344926815, 0.06016480289849824, 0.17566520413993203, 0.014938761724920369, 0.08793746980575179, 0.7119152534559134, 0.29703092290981203, 1.3785101055905216, 1.4954544252012738, 64.96885709512276, 694.2346740470684, 906.17295425147, 151.25857968084574, 0.0010474853793880357, 0.8235038085240944, 1.8568884282581166, 0.8715106719176902, 1.7153181690574115, 7.369285936099743, 1.2026045546958244, 2.973283408647603, 0.03397512329127039, 1.2329518424653543, 0.48691476340633244, -0.009933284996918701, 0.07856302184467268, 0.06701631301257294, 1.2239721317683347, 0.2132386967405182, 4.115822151254179, 0.652109254910215, 9.308178305335957, 0.769249683355838, 1.2225879960853945, 0.7096254403240323, 0.4153487884021274, 0.25343071748102375, 0.9406033434415235, 0.5263517310650059, 0.6214793405786736, 0.3776964106122591, 0.0034085549456221997, 0.6336261829700902, 0.48848323191731424, 3.84548990641008, 208.13412353567128, 648.0528960677871, 146.22256025096226, 1.234304465682726, 0.5463785203386351, 0.6616214332950676, 0.8772447140285067, 0.18596193914788728, 1.1012941740293627, 0.01829969630409778, 1.0946639445712663, 0.032567221876433905, 2.676989179878319, 1.2598486877013784, 0.0047065457566759505, 1.4707598922689158, 0.063003732298057, 0.497180808824055, 0.5058711769597721, 0.0005263762304821284, 0.23341124302385197, 0.5977500711644552, 0.22814917330708795, 1.1411577015268222, 0.03260168026201882, 4.386641663250089, 0.6811866973390579, 3.1099283050483564, 0.8800216827396525, 2.0125887479430276, 0.20616263429167248, 1.1295614116775141, 0.37433505944977696, 0.11311966786399807, 0.24786614537072182, 1.0510888912141354, 12.372570264294609, 57.744415610219676, 18.754029070490333, 0.48546295988739985, 1.1368683772161603e-13, 0.005918520023556084, 0.5681804371520229, 0.09544002580173583, 0.08484780427136229, 0.12242390374717615, 0.030472580967057183, 0.5993415900460377, 0.10838061536526311, 0.0003689018080876849, 0.05339158511117148, 0.1969873658567849, 0.33606410447509916, 0.00037590656916108856, 0.7517343254495472, 0.0632284160923291, 0.9678437385339294, 0.005964965892530927, 0.23494525266562505, 0.10719616473568294, 0.14773428338480699, 0.001472747099683147, 0.02978853843228535, 0.6918005392992654, 0.7951463747178877, 0.5699725834480205, 20.934933495150972, 87.50606567511704, 66.71070233752596, 2.19235800642457, 6.1386309990233485, 2.488475170784909, 2.943059683867091, 9.223429712138454, 0.05492755687919271, 2.5142988617701576, 0.13918496830717686, 3.2953918045396904, 0.20348572098066597, 4.018701445105307, 1.2883222071372984, 0.20849148195077305, 3.2495285539318957, 0.080086663881616, 4.234788727113369, 0.03014166609852964, 0.36529767807576263, 0.3089697066446888, 0.6934274547026007, 4.875011462017028, 0.011949389245842212, 12.01201650818382, 6.448235965612184, 0.6556250547893114, 0.0002665161966888263, 0.17608682042555301, 0.8518186385286981, 1.026594338486234, 1.4035078037916264, 2.2413049317734703, 1.0155388649186534, 0.0831854977857347, 0.5088584330161439, 2.7895681613076704, 0.006662908380690169, 0.04558839272340265, 0.7111279056510966, 0.017239301718291244, 48.26897266995047, 149.47392441106308, 64.56578322555151, 1.6683418744577239, 0.9260638253356319, 0.2919302569127922, 7.680352779167833, 8.67970073135291, 51.04406667627393, 94.20911058844604, 12.836753549672608, 0.49909512850626925, 1.701357133410852, 3.019212892660107, 1.4982292444599352, 1.626301322920881, 0.6275205318059989, 1.3744792798814842, 5.633173989635566, 0.48912601316624205, 0.49836848398922484, 5.684341886080802e-14, 0.49836848398939537, 1.1368683772161603e-13, 0.08455189720797307, 0.15079745039645331, 0.5123465214604153, 0.004252218129522589, 0.712543614232402, 0.4171213822370987, 0.12550581865519916, 1.2983300508441857, 0.9759411096701456, 0.009944263569195755, 0.0711154991071794, 0.6218148725886294, 0.4744991060024404, 0.5429990020247146, 225.3038327321907, 581.5249847196346, 96.07387565051101, 0.42678485104977426, 0.28253647598944553, 0.015428586644475217, 0.038226982883202254, 0.31828070399171793, 1.3821199172724619, 1.1368683772161603e-13, 0.9970507716828934, 0.22621381142539576, 0.05307106363056846, 0.07009575343897723, 0.5749062508417637, 0.0027927276521495514, 0.44823675195402757, 0.22847303508910954, 0.025385597740296362, 0.747039445699329, 0.5182169002144974, 0.024872093443491394, 0.3988733010435226, 0.0600863628078514, 0.33549244555456426, 1.3585020920374973, 0.4577828906542436, 11.265632162063753, 3.7936671576982235, 1.3139856646363341, 0.674979948303303, 3.570899781466551, 1.0087314465170039, 5.746272923906872, 0.2455480384716111, 1.653259438144005, 0.03282995214431139, 0.6579642229771707, 0.7250368449408597, 0.25730187367867074, 3.4229429604496318, 1.5668207376569399, 1.4707594191576163, 1.1368683772161603e-13, 0.00027022175515867275, 0.6564235288427653, 1.4311603801860429, 1.8108125180696106, 0.2515701322327004, 0.1896365226606349, 0.0044273011358200165, 2.053844068215767, 2.2775245996540434, 0.45008177684246675, 0.8963441830512693, 0.07868661348425121, 2.4084986833790936, 0.4210039115849895, 3.412924151768948, 1.4210826329045858, 0.8856807676257858, 0.6537440577639018, 0.5297562344438802, 0.9135638573552569, 0.14386456838008144, 3.5245063615228673, 1.3304824323003004, 1.2559670076834664, 1.96309499249503, 1.8009648018060034, 1.028156136909729, 42.6142647838916, 26.71212121992255, 1.5277294919492306, 1.4315434191196346, 0.028338181119124783, 0.33998220360547293, 0.10208833193121336, 0.0031510091487234604, 0.04283849622652269, 0.2719790549319896, 1.7802933948360078, 0.016868612760958968, 1.5388007633143843, 0.04192966715959301, 0.012618033651506266, 0.2756129908710818, 0.25751949104483174, 0.022803114773751076, 0.11483724090237502, 0.3615959692282331, 0.003165044157981356, 0.23817548862348303, 0.05081056160281605, 0.2959809883924436, 0.25580302577532166, 0.6337898468887033, 0.09978121291737807, 2.0578263761020708, 0.0054821905382596015, 3.176768500265325, 0.3251584361946698, 0.24508037968735152, 0.13480949310473989, 0.09750390293834243, 0.09870096574354648, 0.5172334643133354, 0.24807904654051072, 0.7177724862286823, 0.2863994345324272, 0.7495895062047566, 0.04147417481897264, 0.5053912105612426, 0.3039746019150016, 6.339302485209714, 0.1630035562162675, 6.151099086279373, 0.18106021277344553, 0.2372931525205786, 3.090365704233136, 0.5645803046044193, 3.0253907304581844, 1.7586109296870518, 0.9877413734751599, 0.4217259672736873, 212.7093490524876, 908.5396360406598, 322.91042563189603, 1.2192502384156114, 0.5991946675612212, 0.009812418233423159, 0.03944525137410437, 0.009812418233366316, 0.07272761939577777, 0.04453007957221189, 0.31778316588128064, 0.5028014416111546, 1.1589709704527422, 0.7462539966062423, 0.4625884470399342, 0.6970774931743904, 0.0024350308887619576, 0.19160710292555905, 0.15248206054337743, 0.12178056405838333, 0.1605356716395363, 132.8527567744552, 480.67576340825417, 211.0675967561623, 14.31535070816119, 0.14559108698847467, 0.5224096781320213, 0.6550377077968506, 0.06575475527858998, 0.5253819914273663, 0.10143751036468984, 0.7665438760230927, 1.2895567108560044, 0.0004648148820933784, 0.8925956159005182, 1.67934328057504, 0.19714941210247616, 0.4276280788562872, 1.4253613087238364, 0.08907546924353937, 0.8849377654005366, 0.2893946056507275, 1.6027022618400224, 0.47255468846060467, 2.3077873806478237, 1.1542481783089897, 0.5958951760907212, 0.015647940622443457, 1.3770121063288343, 0.346129995963679, 0.7431997614627335, 0.007142706134573018, 0.11188485938600934, 0.15944991148489862, 0.0983811204396261, 0.01580585475483076, 2.6685188197494654, 0.6818996037690113, 0.966300178747133, 0.007319992273210119, 0.9243004462324507, 0.007348034921960789, 0.2880044811224707, 0.8336398350284071, 1.6467573731823677, 0.0751301225568568, 2.2413955831827934, 0.28283929068618363, 0.13394363926943242, 0.7097751699868695, 0.03768662623383534, 5.557148113341555, 2.258167897127464, 59.84144514522109, 381.29500692418696, 343.05810619837405, 44.01864890457034, 0.4356525000481497, 0.4336746257808386, 0.5820561082370546, 5.043254752017219, 2.1255155518376796, 0.08647574355131837, 0.2188480498417107, 0.8400307705857699, 0.3600530037785461, 0.2966663490565793, 0.8449785621942283, 0.18016860986114125, 0.4882868704723933, 0.8351404154412307, 0.0029930406279845556, 0.048034466565354705, 0.41483341087729286, 0.34755578010242516, 0.020795115169846667, -0.002863341063800817, 69.51575721933136, 284.4371202251584, 151.40272933366475, 17.970048902137137, 0.38522302718206447, 1.4838233307514201, 0.13780006451690952, 1.3101744970907703, 0.2951222478111504, 0.3413340959893958, 0.00540260754519295, 0.07113559563413219, 0.5649982194073573, 0.07209911060527929, 4.941477972581424, 3.4441939992028097, 0.005805266949835186, 0.8354810721295962, 0.5680968852802835, 0.27390038714156617, 0.15688534240018726, 0.319544686738368, 1.5293510371045613, 0.2353059352578839, 2.585106502396684, 1.264890746237029, 0.5826928579747346, 2.627098433349488, 86.66449816192198, 146.7626875214293, 27.499871221762987, 0.27968173602090474, 0.5159040968727027, 0.012640514425527272, 0.001388672842097094, 0.03551741945597087, 1.0510860016420907, 0.37507341467579636, 0.4227998890985418, 0.24870718152118343, 0.24577418150670383, 0.0014414478922049057, 0.5204288790378655, 0.0014414478922049057, 5.684341886080802e-14, 0.012935260592826126, 0.32246616674603956, 0.0057406298473097195, 0.0368991155785352, 0.06981586470953971, 0.11884446594535802, 0.7716923528814732, 0.00580823322991364, 0.28974085214389333, 0.2796817360207342, 0.07022164539722553, 0.05077949939129667, 0.16898817315461656, 0.2360285662404067, 0.03461956589700321, 1.0389332445176365, 0.9037460865103526, 0.3262587167034212, 0.0727582400432425, 0.11642029128427112, 0.5708194108371458, 0.6629021903964372, 78.52025972430829, 612.321868734774, 447.5050537203052, 53.2193186506405, 0.5139467250811549, 0.02874146089163787, 0.7302059231075191, 0.1815845797551674, 1.0831479449796007, 0.7436317784972744, 0.8789021079061285, 3.1039305575426397, 0.11748760127500191, 0.6907423290017505, 0.4165685211148684, 0.15340770366390188, 0.11475513771654278, 0.01838324611094322, 0.08386031773761715, 0.06476774740701785, 0.04184974349300319, 0.04179791554633994, 0.41326004940776784, 0.8051575925486532, 0.09216110053546345, 3.6621765647150823, 3.581574578469713, 1.4493076407400167, 3.7760644983593465, 0.041515072713309564, 0.0002855740625591352, 0.4317346937431239, 0.01832705247886679, 3.575901600295879, 4.076446042691373, 0.6453425676793358, 0.440961534254825, 64.59900731197786, 852.2931705915469, 991.9549558438061, 137.31592268852967, 0.2011002992151134, 0.05997896782133694, -0.02694016789894249, 0.3384742371947027, 0.06177764634065852, 0.06594611375328441, 0.16849093768621515, 0.24984747669378748, 1.1914467802050126, 0.06155555985475303, -0.05764776985733988, 0.8510106177810144, 4.368291954027029, 1.0401215915559305, 1.1735667941333077, 1.0119243092618717, 0.814764921677579, -0.01314236314902928, 0.8263122966413334, 0.007779168935257985, 0.9982324568008494, 0.19637088071044673, 0.8090189579037315, 0.0005194722511419059, -0.020813437981132665, 0.27485260081761, -0.020813437981246352, 1.6440865868332821, 1.042502762053914, 58.081804854691654, 151.57271526027222, 49.056402054934495, 2.155302652588489, 0.013735515893756656, 0.006114114106196666, 0.2167632825845658, 0.2540108048194156, 0.8833693059580696, 2.640763909239354, 0.679460038155014, 5.148851675804963, 0.013363558012883914, 1.505187893627351, 0.2959476310692821, 0.8567392751170928, 0.8567392751172065, 0.3301409244951401, 63.299873931182105, 372.7270514077735, 225.59007251812, 18.152128081656542, 0.20823352529930617, 0.1288681289431679, 0.5420354501701468, 0.7278599531420014, 0.01443903753977338, 1.8393793349927137, 0.057902448341906165, 0.10551696558263757, 0.032860965735835634, 2.567410962031545, 0.17800318664501447, 0.11292018613448818, 48.73665679586338, 116.56212721871373, 13.375234695425434, 1.1944135490712142, 1.2933490336483828, 0.7738617192341053, 0.027802331644807055, 0.02272933874348837, 0.3653192890816399, 0.3034031639605246, 0.7298910400419345, 0.08986605068844256, 0.2980717071631034, 1.1208401065239286, 0.06126115052359182, 1.290149509062303, 5.295169032595595, 0.6545193166692798, 0.6657915252552584, 1.2757230569853846, 0.07467334181581009, 0.04330620414123132, 0.10230285803515926, 2.309003364018622, 0.7042922041601969, 3.330659592702773, 0.9978430464891517, 1.1453155223003932, 3.3354557282518726, 1.417980489520005, 1.5711805702144375, 0.7935987051242819, 0.012311815837051654, 1.0010944410657885, 0.3481245722196036, 0.03682891408641353, 3.0713016344101334, 2.384343329910166, 0.9456658844148933, 1.8302495662521778, 0.030353402352943704, 0.13313419556277495, 0.27156954828626567, 0.2087145176950571, 0.6517874275346003, 0.2386233811312195, 0.6517874275349413, 3.0083823924260287, 78.82439249707875, 138.821939978743, 19.537857364106344, 1.1088598088382469, 0.0016331753678286987, 1.9668834742906256, 1.718133671043006, 132.26843092494107, 746.523425863258, 297.7614210341136, 1.0195599473688617, 0.1791526848646754, 0.4854615370401234, 0.04331970359555726, 1.2628954612950452, 0.26081381753164123, 0.6574308326321443, 0.02304682495571342, 0.023910592189452018, 0.4514911613625827, 0.010598497762714487, 5.2019565709553035, 364.7623754388337, 772.1533084552602, 121.81562063058004, 0.06560202691616723, 2.472601314415556, 3.4258545452465796, 0.05281430869797532, 2.364097285501316, 3.912978903539056, 0.1861338354159443, 3.3988507779001793, 5.071300092744195, 1.0972491984546195, 2.5803586552885918, 2.1122011607772038, 0.07364890598785223, 0.8516516384869419, 2.9239088668241493, 0.5316803963662551, 5.081061227714372, 0.02384118550810399, 2.4283007839626407, 34.05713301463561, 67.22541795586119, 6.622674667964134, 0.0679370838745399, 2.2286380518143005, 2.2462332621142878, 0.2328717976314465, 1.7409054362701681, 0.05895474551221014, 0.07693552793057279, 0.614599083192843, 0.00026743340538359917, 1.3734681346924162, 0.6589640497430764, 0.08453816626308708, 34.28219730803164, 140.79841643618295, 42.39012718398931, 0.6077931406520065, 0.4071775408100393, 0.1697033758574662, 0.929401915340236, 0.06023697728960542, 0.010326608252626102, 0.0016659470193189918, 0.32853885038082353, 0.08220530596975095, 0.7697923192115468, 0.6968077981176748, 0.3242707819285897, 0.5360478494790186, 0.05090548226814917, 0.03416742930289729, 0.4007798922625625, 0.35165436167801545, 0.050024211220488723, 0.00041306397281459795, 0.03351626285984821, 0.020310452608441665, 0.05011099273576747, 0.0016644953476543378, 0.08206121346131567, 0.015032863499754967, 0.010508376885468351, 0.01503286349998234, 0.060079131675365716, 0.32259377584250615, 0.09277948710621331, 0.198636754844415, 0.06962744073086924, 0.10533505920170683, 0.27696007417125657, 0.30139113558630015, 0.14745874087907396, 40.119205124789914, 102.88291219644123, 20.528423462826368, 356.5080091762244, 125.11506992530758, 1.4795089573389077, 0.06489158235262948, 0.6645348937985887, 14.232716975619837, 50.06181093976602, 10.673250782635591, 0.26352520245222877, 0.4071004453134037, 0.037324615385387006, 0.16244596855165128, 0.00045903208615527546, 0.7036154971375481, 0.26760959912235194, 0.8088144985330246, 0.016872273966669127, 1.9485362456979374, 0.4711945114875107, 1.3587940289810376, 0.011302652189783657, 1.566587108004228, 0.9755915048448287, 0.00046257387248260784, 1.4901498526190835, 2.316820862359009, 0.0017840131586126518, 0.2517436742782593, 0.02176299623772593, 1.8652998350305552, 0.0004429095879459055, 3.4872786178858632, 0.00044290958840065286, 0.295720242320499, 0.37738380466976196, 0.06410539971943763, 0.7419519848170921, 0.7299524829830943, 2.3676132381258412, 2.2573595640571966, 10.370203898741238, 104.54515114419428, 663.6873841616743, 277.400251413221, 3.060377624783314, 4.894160117097613, 0.5169488944641785, 1.552800882031761, 0.8121469472723106, 1.0986234710622398, 0.8084076710275667, 1.976971199337413, 1.6244572171685832, 0.10961512282125341, 2.375201994376198, 2.3391009136807384, 2.913440946355479, 4.0907291216075805, 0.9036822899743697, 0.6703361274531403, 0.524513707841038, 1.607318260162856, 1.921782443628274, 1.4415404773357068, 0.19503809358889157, 3.6386102469907655, 4.15432497300975, 2.5055458170709812, 0.32264540305902756, 5.550445175719176, 8.84471982311777, 1.556882337457921, 375.5798479609789, 1130.6796726132898, 286.47341889726204, 10.67100665199007, 1.0845896177321492, 1.226948810607837, 0.02400904533578796, 0.8384708059239756, 1.533016119408103, 0.5171999912436149, 1.0273152507917303, 0.8933972765992166, 0.050863623827012816, 0.10802684720749767, 0.17543757480518707, 0.1726397945357121, 0.8796358198227381, 0.00030193444365522737, 0.13163094194135283, 0.21814971604635502, 0.08637114269004087, 0.007428958048421919, 1.0908852168504382, 6.195821462482513, 15.083709867661469, 54.81380641556109, 101.78286205079655, 45.10091570187922, 1.9077957827271348, 2.2885346885883564, 10.565703200588928, 81.67419565257023, 47.04589635256502, 0.5653878072550924, 0.216610924638303, 3.242615755273391, 0.1821570252695892, 0.6623429272275416, 0.053981303163368466, 1.0897592266799165, 0.5358344416081309, 0.21273828835387576, 0.7876720015852925, 0.07347464821009453, 0.2204461153896773, 0.46827363225634144, 1.0627197126061674, 0.23987500039265797, 0.9832401122295096, 0.8948200341772008, 4.005106269750286, 4.36718487275084, 57.76592315814719, 45.987704428975235, 10.258275449831899, 8.202486872485338, 0.5622648029458333, 4.8767185952698355, 0.4926471690608878, 0.027438753223691492, 1.0379023679977308, 0.30147545882584836, 1.4091112050056154, 0.6545784521941869, 0.005214981371295835, 3.537191623365743, 0.07045062768895605, 2.4013093241451315, 1.9050827082151045, 0.056754066561097716, 1.7738609098281586, 0.12959965264712991, 0.02877188869388192, 1.7020953242949872, 0.21044374465134297, 5.201050640851918, 0.005196301348405541, 0.24116840622673408, 0.42859304430157863, 0.02905394905690173, 0.8000305278308133, 1.1132541966234157, 1.41345475880496, 1.8163772288776272, 42.77835522165503, 131.75237830015055, 37.7054111593543, 0.04312840143836638, 1.0259217682420285, 0.2754086255499715, 1.2637737278896566, 0.15215080960933847, 0.39212115637167244, 0.6822527069829221, 3.4749119113592997, 5.15746392013898, 2.466218629010541, 1.9828172780668183, 0.26843731766621204, 0.42543896086249333, 1.0678415116907445, 0.7963936352671226, 3.7502724005568098, 0.4973034623893682, 2.0354356078634055, 0.1002932472787279, 0.21866143905549507, 4.109680378336748, 7.809925365805384, 0.013495288924559645, 3.9515413028636885, 7.881595124294108, 0.3399822036055866, 2.6252036964864374, 1.4872775441255044, 2.0638785158471364, 0.3239990494657832, 0.40950285786811946, 1.8673228576825522, 0.42261679110345085, 0.008098953347712268, 0.9214344784128343, 0.31522481405920644, 2.2366494116805598, 0.5764285903940163, 0.24978210896495057, 0.005160291350534862, 1.8568800265841219, 2.179618247780013, 0.21376380796084504, 0.03431344727971464, 0.1970757575098787, 0.5164906883322828, 0.008464748919550402, 0.10919551831352692, 0.00540003631408581, 0.0030560613860188823, 0.008440571199571423, 0.1783496042120305, 0.0756951471166758, 0.0756413102562874, 0.36873262356868963, 0.23062359395248677, 0.003087084896833403, 20.26860612933433, 73.67261094962089, 10.245999574717871, 1.6162743763750314, 0.4510729682666579, 0.12045211604731776, 0.134724516266715, 0.05707199430264609, 0.5986591859461896, 0.022909119899168218, 3.9303338575338103, 0.7224171723861446, 4.275124052069373, 4.978825702967697, 0.00045253259202127083, 0.9473421544005305, 4.37210591404596, 1.6388772821032944, 7.4234953624684294, 5.172242059156929, 0.530798005885913, 1.0754513577027183, 1.2745538331336093, 3.8770735057203183, 0.004027153760262081, 2.188532357186432, 1.224983413839027, 1.1840451538669186, 1.3203924055678726, 0.19039245049350484, 0.19550700081197192, 0.0848863156313655, 12.944159540153805, 132.86573027359555, 53.74297388851619, 0.14768651276563105, 0.006807717225115084, 0.18852316632921884, 1.0635073575869, 1.6244665911510765, 1.430027216919143, 1.6244665911565335, 1.914739271670328, 0.5989694818662201, 1.5734638751275725, 0.6854455250547744, 1.375951421349896, 0.8227365369841664, 0.2613040542563567, 1.1438004882405721, 0.5713311223279334, 1.4076055495163473, 1.632588444393491, 1.1368683772161603e-13, 17.233743364850056, 115.42925250172641, 58.00276878197678, 2.9778100617214136, 3.2170816030164815, 1.9926090236659775, 2.631328854746357, 1.884097970838127, 1.9607959418965493, 0.1646933388263392, 1.4504765832520548, 1.5953771292752208, 0.3877407352952673, 0.27346597819826, 0.7853144271635983, 0.22250769285739125, 0.9770820001952529, 1.8480845491694708, 2.274524235341687, 2.8668792320868306, 5.667747135560603, 0.8416755369167959, 0.03336191836291391, 0.16395231146253764, 1.0026042218669318e-09, 5.148610385185918, 2.7204947836983138, 2.783659166925702, 4.657981632426186, 1.2148291696096862, 1.7818776870434476, 2.0583527132545782, 2.812873349780773, 4.85515107662161, 2.565926204603386, 79.63307610788115, 707.1902799291252, 622.0768049071626, 27.43038311401085, 4.89006293032844, 0.16296949346929068, 0.26410239372614797, 2.0093471745584566, 0.09216790669563579, 0.08211571675019513, 0.046002185641555116, 0.6937176689215221, 0.007967571878225499, 0.9178991255871551, 1.9406535358472183, 3.4127496179326045, 0.19091872367846463, 2.329021991318541, 0.060086362807396654, 2.489992662049758, 0.277356398737993, 0.1881065420067216, 0.0894421014489808, 0.024646747241263256, 0.02500266821243713, 2.7219067082709216, 0.8517317358728178, 0.011666501268109641, 0.5464672361096063, 0.3562217189614785, 0.6287170681084717, 2.7718993650482844, 0.09191909521632624, 17.636169507062505, 128.0470816883576, 149.00878502198213, 20.00495527708449, 0.015935061756749747, 1.1509849995694594, 4.746193469260902, 0.016725827367281454, 4.42225064559409, 1.2531179931884253, 0.16502085690149215, 3.420147009636935, 0.3500737362205655, 3.058872733271812, 1.6247489589032398, 0.207203540356943, 0.337641707448995, 0.0025852730699398307, 0.14728749679079556, 0.44402913746478134, 0.26817518727079914, 0.053821187575863405, 1.0066209140418323, 0.0531663257221453, 0.01606169663932633, 0.40102861327181927, 0.04076708239955451, 0.1434175895180374, 0.2077513418191188, 0.1273587064386561, 0.31877241310451154, 0.1697553759040602, 0.23824467495978752, 0.23889413763276934, 0.2641633470168472, 0.04203632706241933, 0.0426127875733755, 14.728021245722061, 124.2251557844811, 84.86420219806644, 3.551799363563191, 0.04405529661210039, 0.023328787314426336, 1.0445298679034067, 0.5761588081358013, 0.07942121687131021, 0.5591657932150156, 1.2914156041215392, 0.6169377541318681, 1.6572565044203884, 0.005692216238799119, 0.9099361239526615, 0.9826842978307013, 0.8742358288881178, 0.6435201457982203, 0.3940877882264431, 0.5942695646389211, 3.3920311221688735, 0.02810974456428994, 0.798726553655797, 1.946942924593941, 0.008804862833017069, 2.9893182966906124, 0.03528507718488072, 3.259825027729903, 83.82807695406882, 576.5751780799638, 465.1764594572886, 28.00945931492538, 0.23467506484536216, 0.32603520708926226, -7.679545888095163e-11, 0.3487145838663537, 4.233023051106159, 0.5794598019472232, 10.269489573487022, 0.7664275211050722, 65.8153679370215, 442.7942141842675, 347.8702797514611, 24.878003730330533, 0.8092583266953852, 0.6177976827070779, 1.1895029882260815, 0.3552988923529483, 2.678584208757229, 10.680317898322642, 111.53362961830999, 68.36279775157595, 2.8783479960198974, 1.082487255077126, 1.3038401787579232, 1.766842676107899, 3.0226007496424927, 0.34930979012665375, 0.22561147692022132, 0.06575745348914097, 0.662943154221125, 1.738754828510423, 5.449072486891623, 56.9286840611245, 60.93424592750205, 16.958541282872375, 0.1936546792770173, 1.3221502592689944, 1.5952425107732893, 4.87119305422226, 0.6157239897894442, 10.886749891619274, 0.5700992070063648, 6.887723203153882, -2.1884716261411086e-11, 4.816680368415916, 0.0018178136436972636, 1.1633603009692592, 1.3081457414353395, 0.6501185611676306, 0.7515380598438242, 0.567158813863557, 0.267925846388664, 0.21212431529602327, 0.7700850539857811, 0.3534287941119487, 2.527312131488884, 1.6538845627872547, 7.224462665374858, 10.10182059799638, 3.285082955012001, 8.122640403182402, 1.3517776892392703, 0.22060817712917924, 1.0838128299129153, 3.7528990070682653, 19.35148280400699, 11.222223900639449, 0.3332367850906621, 1.966983406710881, 7.123321948303385, 8.564010031813439, 0.2578680616882707, 4.635394705922295, 0.35986280351232836, 2.0730047627451995, 0.25368639810864124, 3.851782402468018, 0.16509275666123813, 7.133022305325028, 67.36529216678139, 165.32694967450334, 43.12018805709829, 0.21296478617250614, 0.0971000920482652, 1.032506898106078, 0.02877072316448448, 0.17621204495287657, 0.020161245353733648, 0.8871254034563663, 0.4573620094006401, 3.2536017915793423, 0.09506718835592665, 3.9117076803967166, 1.5190480983974908, 1.9496962165449077, 4.619033558073852, 0.0031150762483775907, 0.048448300551172, 0.47648536763563243, 0.0007623287302749304, 1.2344057412438474, 2.412407746440408, 0.8376635094376752, 0.396566636208604, 0.7374528870059294, 0.039647170652528985, 0.06521508027157097, 0.05243600901138734, 0.7123342503861068, 3.608545001277207, 0.22031938032614562, 0.39830792796715286, 1.508002847334751, 1.202949813864052, 0.3176064101566567, 0.1365178127285276, 0.6266141905435916, 8.572842447310563, 23.815124733196058, 2.827561336778558, 0.7075819931707201, 0.02245933565791347, 0.0005988044531477499, 3.1032919363101428, 0.0005988044532614367, 0.3634711799414845, 0.08564586246825456, 0.2106976842911763, 0.16887792559907666, 0.028156546020909445, 0.6825551584548748, 1.415176862184353, 1.1362231157731912, 0.9970152957133678, 7.263633283969398, 0.854706196973666, 2.269858295329186, 2.36973704022364, 1.4252548765196025, 1.8398412483867332, 1.4065014942223115, 3.328259048939799, 0.24298361993248818, 5.525198192832136, 0.8406255423116136, 3.874652870973364, 3.3736404375821394, 2.947813310628362, 3.9499325899345195, 1.1835809596865374, 6.421410968589953, 5.715497758583865, 3.6674937710062068, 1.0454561034340486, 0.004572504373868469, 0.09952731266332648, 0.01831903888648867, 0.7539638780264113, 0.7928824557596954, 0.7539638780261839, 0.8753485225688564, 0.06226344050185162, 0.20594225407796785, 0.01290565217357198, 0.20594225407796785, 0.0020615881910543976, 0.012701410308409322, 0.04159153079820044, 50.53384835947929, 206.42769234585865, 48.1589272448108, 3.730086511289869, 1.3996014630876061, 4.278255164722282, 0.0011262660589181905, 1.6958760667695287, 1.7000057805225879, 4.149569576838985e-11, 2.1925107569798, 3.6544616339983804, 1.9693477088973168, 3.2635559213584884, 1.5669620030853366, 1.5729426150932113, 3.144279091172166, 1.4117733279659888, 6.382841627520406, 92.39343182185542, 85.30821408093584, 14.82928603729863, 1.2476205974820687, 0.0020637963242506885, 0.08613479314453798, 0.11528695183005766, 0.0329855023366008, 0.6825988681433728, 1.3617319217489694, 0.5418577246023233, 1.470047362921946, 2.1459175792608676, 0.06314019189790088, 2.279682981822816, 0.08934855502548089, 0.46189946432320994, 1.507944540003109, 0.0256524125420583, 1.6828847361845192, 0.10379404945206261, 0.1355681397863009, 4.299573812616131, 1.9522782587630445, 3.9254093050966503, 0.6861545646630702, 2.5780278007068773, 0.22790440670848966, 10.258275449832013, 7.510072334242864, 0.005159333522442466, 3.5578850937686184, 0.03679779725541721, 1.3446730773518993, 0.12883216327338687, 1.1459542243729857, 3.340516127466458, 2.2737367544323206e-13, 0.9234328500051561, 0.009706928684522609, 0.021254589550949277, 0.28893651402631804, 0.2809629416497046, 2.9257852423471604, 0.14529169135789743, 2.156743971814194, 0.08153454117041292, 1.7040802980681065, 1.731276942346426, 0.06644724325411744, 0.6681872181370636, 0.019962334061688125, 0.0806835242891566, 0.027375280412911707, 0.005069139319118676, 0.03573483084443296, 0.027438753223748336, 0.1261417269740832, 0.09496658358540344, 0.04605186744623779, 0.7587421686747007, 4.493201003504282, 1.1679928071002905, 0.06280012561035164, 0.1841886741427743, 1.0321763316636634, 0.050248878646470985, 0.05989408096104398, 0.09869433381697945, 0.16095873289100382, 0.756041744963909, 2.93225680389412, 53.307896782996295, 145.41171795514697, 42.50319960762829, 0.38647915897036, 0.04694410880472333, 1.6501225649859634, 4.941184649390948, 1.1383707871748356, 4.794369558742574, 0.055381458306897, 0.23500787802288414, 0.0025561356898151644, 0.20383222048678817, 0.8155984388753268, 0.7038697004214782, 2.836269327963919, 2.0204746896213237, 0.0002923441585380715, 7.3336500131172215, 1.4818873361929263, 2.643781722906283, 0.010086793571190356, 1.711669067262278, 39.90344995584735, 36.12887525308611, 5.374623329868996, 2.4754857184717594, 4.425108712094357, 0.8091893510907084, 1.131207097020365, 1.5438653249258323, 0.003676218021951172, 1.5139024067548235, 3.113485194642749, 1.6144950221893168, 1.543352859293691, 0.914157980347909, 0.4286764437532611, 0.6981475874401895, 1.11500689867637, 0.10241976089116633, 84.53497936922827, 481.65551731012783, 156.5240235367803, 0.005380353915143132, 17.036430618804502, 77.56246576888907, 177.82294058090565, 222.70255665606305, 38.807706531031954, 0.00595095751361896, 0.6490061329222954, 9.418754345777756, 1.3164961551160559, 6.604381645949502, 0.2739862967963518, 0.08261825110412246, 0.43828903988628554, 1.5686935896945897, 0.3443508041258383, 0.06921043637782986, 1.6805251974919884, 1.7863173599580477, 2.4895373192875923, 0.7785197128247319, 29.08419450429858, 172.15720232200817, 190.57429200453578, 30.076517764052483, 0.23233842347883638, 0.044020631317437164, 2.031318410589165, 0.14909036575954815, 1.2615796897349583, 0.6513917097557282, 0.014520657192633735, 0.23105269307927756, 0.09194878645155313, 1.0610973637737402, 0.0009273127228652811, 0.04613770563378239, 0.014767104660734276, 0.6169885360625358, 0.8049414848063066, 0.25358494093484296, 0.8602924033427257, 1.9067741964943252, 0.09126295482150226, 20.44378310416846, 55.95898572204169, 14.07296691710394, 0.11787741261753126, 0.014751122299685449, 1.6496676312182217, 0.00528461984436035, 0.55687531908967, 0.5372925862283182, 0.6166476823949552, 0.10363379758484825, 0.5263977025221038, 0.07534328919655309, 0.2518230431800248, 0.030867613594409704, 0.005582487032484096, 0.6746662979142002, 0.062307116162742204, 0.2977457531734444, 0.35569910967888063, 0.665307591313649, 0.7708677662106993, 0.002390781966028044, 1.561608875667389, 0.014970132790494972, 0.41220068205643656, 0.0006010347085521062, 0.005409314559301492, 0.06051700264100646, 0.021758839139465636, 0.03877925391896042, 5.684341886080802e-14, 0.26941068846576854, 48.432438476417474, 370.20480395538584, 246.66671228441987, 7.518024548007588, 1.989617086002454, 20.05582940713566, 379.84069508390235, 1007.9163869334087, 258.1812426273159, 1.1838195401007283, 1.6534133888163751, 1.4496907037424762, 1.199209817812914, 3.939849664521489, 3.216977921470516, 0.43229196828411887, 3.378373515963119, 3.3674879116176157, 2.5795434351311997, 1.2879276475894699, 1.2309073332131106, 1.7419865103196912, 0.05940459834698686, 2.166306502002101, 1.2427352985816356, 1.5645091234823667, 2.8771268937578043, 1.3870226576636924, 4.253240301767335, 1.1119704408420716, 1.2437063860437547, 5.062723338133196, 2.783305387081384, 1.4397445348994893, 5.154783850746412, 4.116625951055482, 4.325868582720602, 1.1771436065347984, 1.416845402200579, 1.5910046334950039, 1.4549184389545076, 201.25219488588868, 702.9884306701639, 297.02274343245494, 11.573079354865285, 0.03037892757197369, 0.2219668469977023, 0.024614878251782102, 0.13401515269526953, 0.6796580766670104, 0.25976948639629427, 0.1785597371675749, 0.33593245981558084, 0.07832703469102853, 0.17442029215067123, 0.10920953792867749, 0.04343679815121959, 0.5376367726579474, 0.37517952009693545, 0.31310851157934394, 0.011130544998195546, 0.3537009702497471, 0.27501359376447, 0.24034788178209965, 0.05958130411261209, 0.014852061163423969, 0.29053710484754447, 0.01086615642225297, 0.5877743549143588, 0.44038941612166127, 0.2744783956087531, 0.44038941612177496, 0.030300583421308147, 0.07751971312120531, 0.03691357900800085, 0.051657582406846814, 0.14713005954729397, 4.537189448708432, 7.173328938160125, 0.36400338074361116, 0.15891361902254175, 0.027703468361664818, 0.07147162088710957, 0.013562631103241074, 0.6110823173409017, 0.12156034562849527, 0.3573482652224129, 0.6402051114669121, 0.12367507565784308, 0.013782910651002567, 0.20407623763310312, 0.010086793571531416, 1.641109683386162, 15.756347413904791, 26.520200708735274, 4.149051330545717, 0.6142161436472406, 0.022498657564142377, 0.29143307575611743, 0.20129512937319305, 0.27746566470125344, 0.5737076078795553, 1.4304877315589692, 1.6415639448993034, 0.027723511846261317, 0.12676623477818794, 1.2637737278892018, 3.3319174295099856, 0.49845868712213814, 3.825457154631522, 6.12309188753693, 0.16656155752264112, 0.2111676985706481, 0.001364617335298135, 0.13538856451748416, 2.2267268982907353, 0.4788176292724984, 1.1829792199413305, 0.40577006543855987, 1.5902670902480622, 5.131451666066823, 0.6124146980569094, 10.997884418907347, 0.48701996533247893, 3.0693505787422737, 13.16552418896265, 96.82674793676676, 145.06969649129917, 22.24451157458634, 0.03333355529127857, 3.051928768024027, 0.716205867377198, 3.142882922580725, 2.5499163358922488, 0.13213321873240602, 3.0894754810736913, 0.7589430305413316, 0.02588402308322202, 1.461187002047268, 7.197667096082114, 0.31877241310451154, 4.8605044958040935, 1.1778998646187802, 2.177235619938756, 0.1740318964986045, 0.4434290900085216, 2.0300220717145976, 0.1517892116363555, 6.535150794564174, 0.033568510017289555, 0.057516839599884406, 0.7772179723913268, 8.909799575487227, 0.3722948441202334, 5.538129244798938, 1.7121848283547934, -1.1368683772161603e-13, 0.7697583917829434, 1.1140436026034877, 0.14788580127810746, 0.3773203254393138, 0.7502048681511724, 0.5871995850446865, 0.030948031463935877, 1.313531498533166, 0.03066835861409345, 0.5529724996284813, 0.9245920139251211, 2.0311389472282144, 0.2583260128274105, 0.12990917287345383, 0.07045062768929711, 11.701733343187016, 45.693262248091514, 17.349721615669523, 4.161082493492586, 7.037228628938692, 1.9870174185435872, 17.700868591925428, 203.2830821712654, 217.2895259751058, 28.81206392812919, 0.03170642152247183, 0.05306241075726348, 0.11920740573725652, 0.2200628838833154, 0.4755110808831091, 0.0543522944787469, 0.5468619364278311, 0.4619885361705087, 0.03067977912110109, 0.12377823360645834, 0.012346411115913725, 0.013564202374993783, 0.10892747365858213, 0.5524191702166945, 0.32692609850425924, 0.07958501473791557, 0.3133588389610509, 0.20175358625539275, 1.804084665145126, 2.962963689349749, 0.5949935433889095, 0.23186136099172927, 0.22177200638992645, 3.312616635352356, 0.4456064129246897, 1.6649158814348084, 0.465681125164906, 9.870673395174776, 6.599674568532976, 1.2066274800473593, 1.8869749834303207, 0.3910146689771068, 1.581895809529442, 0.545658019652592, 1.1215144068423797, 134.15966260875052, 512.9506075225012, 174.5914214347713, 6.034967221021816, 0.4048077139545967, 1.4159608146678693, 0.004099889225244624, 0.15155615343201134, 1.2126287428944806, 0.5223908574913594, 0.03071470930194664, 0.9656379846907157, 0.27424587666598654, 0.04641420642622052, 0.06815481053354233, 0.8721761150889051, 3.9375053885834177, 7.648895597358091, 2.2063420548645354, 5.125075952985526, 0.000465717182919434, 0.3388594590073808, 0.7313444054226466, 0.004135248594366203, 6.049550649356206, 25.921685965554047, 32.22750731500287, 4.569353676145056, 0.6257396099041443, 0.1292622038401987, 6.01097150223643, 1.3293145256645857, 9.138758571839958, 4.333948397365248, 1.813424520639046, 1.4513673587591711, 0.0006476121004652668, 0.46838281727423237, 0.0025852730701672044, 0.5946013531605558, 15.313264723229054, 27.433074435303638, 22.754356064531862, 10.542386437075834, 0.30778489216891103, 2.3153941144780674, 1.023707784038038, 1.7395132988774549, 1.1080001664005295, 0.020292836572139095, 3.922257018735195, 5.280787663834985, 3.1541142446588992, 9.27710094948884, 2.3486590096925966, 0.8684628926743017, 1.046378637928683, 0.3969661569301479, 0.010299872201017024, 1.641755463939944, 7.257020210438782, 6.8810674843171, 10.53564088407552, 0.3081011961070317, 79.22897139964357, 44.65164662160544, 0.07401173517763482, 0.005582487032313566, 0.06120528113746104, 0.7446440156672338, 0.039121857158249895, 0.3191465410833416, 0.6166476823947846, 0.0608210129637996, 0.23908411949236097, 0.04923404581199975, 0.06089748600101075, 0.0, 0.03016196225865997, 16.980861471679077, 128.71293129577396, 121.66434710287297, 14.21147909693741, 1.109867036260482, 0.4093327212650024, 1.3566532703778762, 1.6531758038997282, 0.7480661488082774, 2.4877798005807676, 4.612277131577514, 3.7378143717731405, 1.6410581356458351, 2.5710127446700426, 2.3282991268722526, 0.5953835091956421, 0.9376882993851723, 0.21613684501642183, 0.10116391507779099, 3.9582217904415415, 3.052978563812701, 0.5924744912737765, 0.5087078684389326, 29.60322104287502, 309.5451872483213, 403.0521235756605, 69.75781371567541, 0.00993101252129236, 2.341961623811244, 1.2783410710756016, 0.014723789068625592, 3.7700630557509385, 2.006118633390088, 0.37457375354472333, 0.3906516552840458, 1.005615876723823, 0.4952163431842109, 0.018507241502561556, 0.013923254791961881, 2.06720166591424, 0.5658530116421616, 0.3321486504536324, 0.40225792459477816, 0.4308121872549009, 2.7647795017484214, 0.10199175874538469, 7.68440024306426, 25.43224892171031, 42.191440203158095, 10.310979042594795, 0.028972484933888154, 1.0892339496946306, 0.5968516914956581, 0.1186012479731744, 0.34189773396917644, 0.4655849550520088, 0.007304050578454735, 0.4424588336261195, 0.0026229202900367454, 0.0011785581332333095, 0.07491042477727206, 0.0002947319690065342, 0.17067845414635485, 0.03577500511414655, 0.09618842135000705, 0.001187505228358532, 0.023843369678388626, 0.4238718304491158, 0.02944550552126657, 0.6502689798663823, 0.004720161809132151, 0.1569000370171807, 1.1368683772161603e-13, 0.09486780058307431, 2.346778908928968, 15.713247398794465, 7.086069444148734, 0.28722657851119493, 0.19721838197040142, 0.16571789989234276, 0.5236320601709394, 0.9000454091830079, 0.16765863095361055, 0.31383114594507333, 0.11206988743003876, 0.33522579119335205, 0.8166571032999173, 0.00035298136651817913, 0.5409319529643426, 0.3213995659543798, 0.43500614350341493, 0.009012411388084729, 0.6851881906532071, 4.106102127705981, 0.06859690931298701, 4.106102127706208, 0.00881141237596239, 0.10332023963906067, 0.0014135050715822217, 0.15543476616119278, 0.04296687268276855, 166.14589989177057, 823.1521245015063, 310.69020495748384, 3.7929648113574217, 2.6552898124264743, 7.242382512311451, 2.616726320102373, 0.9516154392774752, 0.028310885430641974, 0.01698836296003492, 2.722850152965634, 2.291801210033327, 2.581959811402271, 0.6529485443644489, 0.3512813154684977, 1.2196841621278622, 0.8773743702393517, 0.046306942839862586, 0.2328564382555669, 1.106636973371792, 2.1873585686922183, 2.754562437788877, 25.383927830502103, 375.45957580143613, 446.98303625662106, 46.94273271812449, 0.1250055275268096, 1.5627322468909597, 0.13922455539432121, 1.8740284617128964, 0.03842595697710749, 0.031752932222275376, 0.17160737105643875, 0.44529527463464547, 0.8868181982180658, 0.00037981001128173375, 0.01362420869941161, 0.07399985251265662, 0.2164396913070732, 6.128364084055761, 25.9765122102408, 18.488727859294954, 2.6186035382546606, 1.0260192596336992, 0.35635080540271247, 0.8295027494149281, 0.004711274516694175, 0.0026115556768218084, 0.00472313129455415, 2.2350254951807074, 21.167047109395185, 6.719368750378976, 0.5250039431857658, 0.5022909715705737, 0.7523554525786267, 0.37667000511419246, 0.4829247882701111, 0.3036898828293033, 0.19472468065009707, 16.861375451315894, 65.5219600282868, 32.609923389927076, 0.4658776129681428, 0.6398142325145955, 0.23095672235751863, 0.016734680869944896, 0.07656679640660968, 0.1359724988610651, 0.17950155437915782, 0.09813409780463189, 0.04088163950996204, 0.0054584706313107745, 0.12329101343709681, 0.008501269342332307, 0.0003440067820292825, 0.47095913392968214, 50.863199578958074, 399.1561450607305, 392.4317172928661, 35.6589098896593, 2.264548744835338, 0.005690944207117354, 2.382678938601714, 0.3142450599667086, 1.751170252136717, 0.3424990745116361, 34.101217523874766, 64.687094711609, 4.564248008881805, 0.0007769075930355029, 0.753890842977512, 0.06243261515595577, 5.684341886080802e-14, 0.1306750202915623, 0.13067502029139177, 0.6727268507115696, 0.31760641015659985, 0.7193367337379186, 0.13495402183633587, 14.555753666320925, 103.38563318402191, 87.57430274276396, 8.302935279974633, 1.102010365989429, 0.756498779103822, 0.48942654595731483, 0.47185340300381995, 0.26150933146391253, 0.3652678266865337, 0.00845888042073284, 0.35861447783065614, 0.018987558053709108, 3.4660836185208836, 4.987362579041587, 2.4848989252784577, 8.705167507978672, 0.0515285739841147, 0.6574377483021294, 0.612790368760443, 1.1255578336838425, 0.8883270349783743, 0.9127425162547524, 2.5475002417063024, 0.8261330077240814, 2.7649236138441893, 0.4169251531064333, 0.11370570758197118, 0.11310539220011151, 0.4211096484087875, 0.057402332982917414, 0.4255676443468701, 0.037626871015447705, 0.057402332982917414, 0.6649537514950907, 0.6627957248346661, 9.843969084065861, 25.90684751866081, 11.692200866091298, 1.4358698185373555, 0.40283512447240355, 0.7645758926764756, 0.17768261311323386, 2.902808844310073, 0.2499967498392266, 0.8109363957548226, 0.08226794117791769, 0.06209446180662326, 0.0629040170218218, 6.769487497971909, 69.13559471866523, 90.22060051474489, 16.673651734040675, 69.20652778335455, 476.5465670158385, 375.88561235710563, 28.24758113604514, 0.9646800483043307, 1.0279123204755933, 0.6495764510908657, 0.23228396759202496, 3.73713959902841, 1.0512818050976875, 7.501345486985315, 3.202371405253416, 2.947040301610741, 2.2419524055429747, 0.3894882053416495, 0.6039080695678649, 0.25605518113229664, 1.0491143162125809, 4.245779051000568, 2.5094008854829326, 0.19212281313252788, 3.0329212071604843, 2.608502947059492, 0.3894882053417632, 2.099277236766852, 3.2374669606286943, 0.5304101734238884, 0.11645413456949427, 2.85208643368901, 2.602590776214811, 0.05862644783314863, 0.46657709670432723, 0.012076324761551405, 0.00047776805126886757, 1.6924208678518653, 9.496475660989631, 70.97128855626795, 110.44991497237345, 28.76980327167189, 0.017667372672690362, 1.2888480796606245, 2.032566376243267, 2.179567482318703, 0.03759350030804853, 0.0002621679020649026, 0.08472808444560087, 0.23789505057879978, 4.980813424819075, 2.167002954096006, 5.200135270151577, 3.5909613243754848, 0.40353360360995794, 0.17888803782636842, 2.02643498819441, 0.3052177037600359, 0.7842550065083742, 0.021128556141775334, 0.026402554847777537, 0.4424569005516332, 0.9374288201637455, 0.181358569338272, 0.9061809850716145, 10.330588730163754, 345.87246703187975, 913.6395633455835, 275.24044656332126, 1.098188790455822, 1.0773139260987818, 1.8392210678583751, 0.04463529095824015, 2.188549301291289, 3.1141836222108736, 2.786355942323496, 0.6705313744304817, 0.5600087005010437, 4.59037163008793, 1.2354121223337415, 5.258602826117965, 1.682839576314791, 1.2371450114636673, 2.073852876857188, 0.3062533802085454, 0.30242434432648224, 2.6089308142762775, 1.7030136220768668, 0.08443690478571853, 0.38506936906838973, 1.7550111298595539, 1.8026928907519277, 2.5997723652536706, 0.278402353783747, 0.5997468095010277, 0.20002714131408084, 2.7527373545296996, 3.0012361795714924, 1.1871903105059687, 1.652912581124724, 8.521326370369536, 41.772338992684695, 24.094518655724585, 2.176941648790091, 0.0009525667670686744, 0.0037554859485453562, 0.5818285595113366, 0.09282055381106602, 0.032550824903637476, 0.4761493271689119, 5.684341886080802e-14, 0.9294549489517863, 0.13093112328988354, 0.13315750542255955, 0.303046880621082, 0.014574717178788887, 0.6275205318061126, 0.08992122354351295, 0.1319114627387421, 55.2962309530086, 455.0583392370263, 361.7855227324544, 42.713292623210236, 0.002398646474262023, 0.18973332007919907, 0.38104359492626827, 2.6986758170064604, 1.3428299198787954, 0.9505921860717308, 0.03279182902144839, 0.7993869901530388, 0.15453017251604706, 1.5766923027722441, 0.17878651172270565, 1.9618107507062632, 0.6732009269938999, 0.3980926836818526, 3.1258480966256457, 0.16422596604741102, 0.6424964892607932, 2.576886334489359, 0.5412567442331238, 0.01349866727321114, 1.774232151163801, 0.11061763588702433, 0.69924000366575, 0.0279018807476632, 0.07021331953342269, 2.611426277479495, 1.0307263193906238, 0.012977684517750276, 0.38452705202576, 0.026613625067511748, 0.2904063685218716, 0.3055639903541305, 0.06732360227238132, 0.8044042069308261, 0.8341603272345992, 1.1896596605957939, 0.5644481052206629, 0.7135447792794594, 0.7508177686611361, 0.004290005158281929, 0.021926079765535178, 0.15569406398424235, 0.40607570803865656, 1.0277716297681536, 0.19101460332296938, 0.03795517586161168, 0.37953870834576264, 0.04453203356774793, 0.06003496821301724, 1.1653413263661605, 0.060034968212676176, 0.8413596678827844, 82.0657650875446, 762.2310166101252, 673.2990483668549, 51.81349734546484, 2.0742747401764063, 0.7258855000757194, 16.218498997941538, 81.35714061553392, 21.851137643241202, 3.3076683229251103, 2.486725113765317, 2.2262723094596595, 1.773077048885341, 2.7624145864105003, 2.6543790566042276, 0.5954088760117315, 0.01958490440222249, 0.6042648800895449, 0.11079028938070223, 1.0155688134142906, 2.1706681151486578, 0.6806952690870389, 0.11696863906155386, 3.8149166151997065, 0.2801118987022164, 0.970392872886066, 327.0989322460042, 766.8657101085957, 112.56296816521058, 0.016501483510751314, 5.398951589356443, 9.114374372481393, 9.070894703262752, 3.849826215787971, 0.12031942195028478, 0.018076207944318412, 0.23273610366288722, 0.4058421649324373, 0.14924267376636635, 0.21541781369387536, 0.0721649444136574, 0.14704809269380803, 0.00036634015862091474, 0.005845657358918288, 0.036507333760027905, 0.029742466321408756, 1.9389853546807672, 0.48431770317029077, 2.046606922029241, 0.9663299491892303, 0.5900367938414774, 0.08242700416485604, 0.2904653989652388, 0.02995089330056544, 0.0033021588747033093, 0.36096943326708697, 3.0832664493646007, 24.694868571091092, 132.1455008062726, 92.98604974982698, 3.7125521016487255, 0.8584593903553923, 3.0533449895161766, 0.039450956448490615, 2.6806653438833337, 1.4960506923736148, 0.027508468998917124, 1.8628536619627312, 0.707740296889142, 0.01295670604940824, 0.03925665207964357, 0.9134967834929739, 0.11359554136697625, 0.4514821769212176, 0.5821749006022401, 0.15845996957079933, 0.625589357023955, 1.460047213515395, 0.538524040911625, 3.3976216920385696, 0.5623883684260136, 0.45842947716107574, 0.31228086361795704, 0.2820195962476646, 0.45600403964658653, 0.34879682615780894, 0.6788322076390614, 1.7276171151665949, 0.4212973389161334, 1.0359523540811324, 1.2079146410945896, 0.3551297879425874, 1.5495273475966087, 0.2572779194888426, 0.0008455475490336539, 1.3543156303818478, 0.3794734765847352, 1.0931661352825586, 1.4216603723260732, 0.9767469841690399, 1.0305996844983838, 2.5077563389997977, 1.461844829215579, 1.6691184869431481, 1.41874209540822, 7.484439185241399, 0.007982751097983964, 3.586729917559751, 0.7751635263565504, 0.032550824903637476, 2.2829652769307813, 1.543978676833376, 5.610481825366946, 0.2690773934103845, 2.4348735865885374, 21.726344687251185, 57.746697392169324, 15.767145568756405, 0.005912656692771634, 0.0014628220742451958, 0.32625871670319384, 0.24290910965294188, 0.050634639002851145, 0.09132047143009459, 0.4636934774977135, 0.4804218419105837, 0.0533744574019579, 0.0963362679532338, 0.257938801491548, 46.5145209244929, 193.93877442647522, 55.14764458387663, 1.7895990173046812, 0.998051551833214, 0.0095161314455936, 0.02092263025201646, 0.49264716906054673, 0.19106153115103552, 128.14059989157693, 478.3904015797525, 105.54915271317259, 0.8600579591678752, 1.0289861918103043, 0.12518062142817143, 9.68706341027314, 12.447664446068416, 2.6109115142340897, 14.01483718787506, 0.01566092792972995, 0.5060374041581781, 0.80893622920712, 0.6634448461941247, 3.2984291234366765, 0.20760392180909548, 1.5934051518897832, 0.008804621260537715, 1.4414187155070977, 0.42603720959050406, 0.1056534950976129, 0.17295071915066274, 0.3092938646556149, 1.4249619469235313, 1.0477088416159859, 0.048241736578802374, 0.09840052299443869, 0.2205831805855496, 0.38011837151248073, 2.203085233046181, 2.6066714534931634, 2.6388226570475126, 1.8090095524397611, 1.4644596126274791, 0.24251449940879866, 0.09055875297531202, 1.05648644175551, 0.7439787098454644, 1.944257044528058, 0.7228697395837571, 1.7319674682365758, 2.369176471748915, 0.012031675185994573, 0.2678264705169795, 0.024534962726761478, 0.15338500889652096, 0.43649974981553896, 0.09934888729821978, 0.024957341778190312, 0.36430577416876986, 3.0466183632057664, 2.7832825335327698, 0.07676018572556131, 0.3465002751132715, 0.41054035925617427, 2.199864957315981, 0.006834672693230459, 0.004456317773360752, 24.650173547121085, 49.56751786950076, 1.3344152309542778, 0.6605607585008784, 0.5868250660561216, 0.46177612560188663, 1.3497295028030294, 0.37441934338369265, 0.18129572023042329, 0.05355878897796629, 0.5097946336891255, 0.00037383680273705977, 0.45581233972075097, 1.1074057207521264, 0.717852060985706, 5.045952820374168, 0.7852109281288904, 47.48423067891656, 115.79760114238297, 14.295788270967591, 1.3739686471099049, 0.006539472158237913, 151.7330841210137, 978.5727555957008, 545.0463864154831, 17.237409408328404, 0.08502975307720817, 1.3877993095803163, 0.0639289490808892, 0.3557538322512528, 0.02893204070403499, 0.26040683481545557, 0.9626157081625024, 1.9409841399685774, 1.513602210740146, 1.2004147211689542, 154.50417799089632, 910.5438412587753, 675.469901849594, 52.766521219588185, 0.1895455324976183, 0.9146773448878776, 1.3435228659910763, 8.84959192248607, 2.3076956057911957, 11.580522541780965, 0.008860711049010206, 0.020485164626848018, 1.2269360543897392, 0.03043560593391703, 0.10152085241031727, 0.19514245645927986, 1.319060478546703, 0.0356890777618446, 3.986535674852007, 13.773401238774454, 12.665244456769756, 0.7776770284488066, 0.1978116476092282, 0.035484292588989774, 0.33911852126470876, 0.0011763417581960312, 0.00029640760305937874, 0.01056059738039039, 0.010647142873381199, 0.15601257827290738, 0.049684994756944434, 0.4929798842163109, 0.014315944503209721, 2.0976521696769623, 1.545980646587509, 0.0983645191464575, 0.03679418687841007, 0.0027191581827992195, 18.44437455663251, 125.50043361194389, 75.26799299212905, 2.9537960193250683, 0.27221477419755047, 1.1176887974288547, 8.043748557468803, 31.678498975421462, 16.522496588771446, 1.4479886846667114, 1.4110653906813013, 0.13174163908297487, 0.1720622556821354, 0.036090848382514196, 6.463149372043404, 0.4463685833851514, 8.613790340267883, 1.2711918975068102, 10.836949043499317, 1.5441476312398663, 39.183228887043015, 377.76373702037154, 141.38724892340974, 0.3866903839405609, 1.4101015812571518, 0.7639901047230069, 0.6024422988856486, 0.016101766351766855, 0.5833119688337547, 0.5968683080757842, 0.34296523045179583, 0.3016845428606416, 1.06795502835962, 0.5296937508297788, 0.39526779072031104, 0.09881197663406738, 0.31951865945484315, 5.684341886080802e-14, 0.12016849919734796, 0.09881197663406738, 0.14315601236194198, 0.22345775669072054, 0.08077007795191093, 0.08093469252713703, 0.06273339861184013, 0.048174661387520246, 0.21559285749913215, 0.7447306563485085, 0.24553810361470596, 2.1382292716231746, 1.1659771333413005, 0.03630360676959299, 1.034943098599399, 0.024928798059420387, 35.20869834067162, 168.80552400636884, 64.65779057896452, 0.26212539596792794, 3.935809043962422, 0.0975710892502093, 1.006586608586872, 0.30498116899184424, 1.1381718962935565, 0.5801000216847569, 1.3342369087409907, 0.18802318436996757, 0.30100768360193797, 0.10760582096736471, 0.0680876890522768, 0.3994321677375865, 0.00047028078290622943, 0.6638313959400648, 0.973719258454139, 0.5952193540953203, 0.26227377431962395, 0.10438196955101375, 0.05602572131238048, 0.03746859854879858, 0.046776184004897914, 2.1558151192532478, 3.0523408280040485, 1.678371925627971, 7.940077732424925, 0.037759855774879725, 4.142626605288115, 1.8395713783580732, 0.6251267467850994, 0.43762290366089474, 0.19139588051086776, 0.9074205673367715, 42.99669509884188, 94.41076714044766, 22.11641121494972, 0.11070566882108324, 0.3348345196122864, 0.06824245571590382, 0.5931371783068471, 0.17521051763048945, 2.1904925205813015, 9.045904144032079, 9.210128825053175, 1.4881620526150527, 0.00322973874199306, 0.005783323459240819, 13.4686104487987, 79.96819065797604, 9.515363247364235, 54.36877263571398, 222.16082398562173, 337.9712769154411, 84.11640985730958, 0.48082720705730253, 0.18862106173293114, 0.007689776162521866, 0.12357866058869149, 0.0008574167022743495, 78.89534024723935, 346.99598550626445, 161.77885330168726, 9.034134672606456, 0.9645744667752751, 1.2815280428858387, 0.010852212282429718, 1.9016774303614739, 1.5966455652118157, 0.49373095155556257, 1.1501616613860506, 0.22399759189477209, 0.6796580766670104, 0.01978764540820066, 0.08979645115095991, 0.13693499215446536, 0.0375220041717057, 0.06100059497850907, 0.46735939386178416, 0.20764442509323544, 0.05105988340312706, 0.0012190944587473496, 0.9608039943979065, 0.010957648105659246, 0.2091466822221264, 0.28904903337900123, 7.741550250048704, 5.827276234665305, 0.7666268388152275, 0.5948706918027256, 0.013195028643849582, 0.16724316548595652, 0.07760001943836414, 0.40537933944403903, 0.05986366743150029, 0.6956182450338702, 0.814153651911738, 0.1684024378128015, 1.1368683772161603e-13, 1.5379204278451652, 0.027266882759477085, 0.5585271844068984, 0.021964296077499057, 1.2704159991208144, 0.5647712182193345, 0.7461123620068975, 0.5403275524697619, 0.01318741692250569, 0.44905047612303406, 2.2737367544323206e-13, 0.6968170749839828, 0.0024193857780119288, 0.05307117281790852, 0.004309822716550116, 0.25685945765053475, 0.32704851850121486, 0.24048604744109525, 0.06797578565272033, 0.19496082832074535, 0.3493033097336138, 0.2742486908387036, 1.5793952861127991, 0.8942995542794279, 1.4574650452860851, 12.021506032717525, 15.286191928672338, 1.894308712280008, 1.218814328183612, 0.19305031765304648, 3.045822778947354, 5.155845952795403, 192.44792598815957, 818.8912812198142, 266.75900347630454, 1.3130559536961073, 0.043482725155001845, 1.9360080380383806, 1.4780547648601896, 1.2293021693527635, 0.747053755934985, 0.4419562791960061, 0.05944380880362132, 2.525909684941041, 1.5237703085301177, 0.09843784777535802, 2.3161415993578203, 2.0853946155331755, 0.13625589439453734, 0.082706678269858, 0.274034277089072, 0.16403001503670112, 0.5912371073113718, 0.4796627819448531, 0.01513902057621408, 18.929879564341718, 203.43770604774681, 249.31096477993776, 36.905864094779645, 1.254032533190525, 0.5192790682401665, 0.31376694360801594, 0.004228386369277359, 7.621607493778015, 0.7679158424433581, 6.703938392863961, 0.25605518113218295, -1.1368683772161603e-13, 1.2612668236322406, 1.5117959355808352, 9.31594596864511, 29.036506804851115, 22.935921785231926, 0.666266990689337, 3.3407296302860914, 0.30815584366064286, 0.380157139935136, 0.12409720483969977, 0.49122454093196666, 0.9765446113369762, 0.6688967188168817, 9.976360463833771, 1.7288068388680813, 13.817367468093721, 0.1243682217600508, 1.2223179322453461, 1.5200714742825312, 0.26051268195908506, 0.9107061228880866, 4.374733822285293, 1.1384376244426448, 0.1742834855357387, 0.060192001454424826, 0.7228955198825133, 0.5313600075556906, 0.217376731795639, 0.02197652561687846, 0.13685765373736558, 0.012299303716645227, 0.027425818519873246, 0.5924145145239663, 31.951774402674914, 320.62374789534897, 258.324819745682, 22.097467248101907, 0.3150803569327536, 1.06869769853256, 0.09461410257387115, 0.1625687057348273, 2.993550199080289, 3.7325073588154964, 4.459382460855579, 3.5694790796883353, 0.12246796137912952, 0.04579708766004842, 0.08017448389227866, 0.062254714241987585, 0.1851070411901219, 0.031680639568605784, 0.22457223835931472, 0.21924849676287295, 1.0213223397472575, 0.0013216327893132984, 2.9531409738954153, 0.544042763268294, 1.7583403883955384, 0.308133167610265, 0.0835769089235896, 1.0855416312231227, 0.10563749503478448, 0.031278027053076585, 0.06257769402543545, 1.0240315761161582, 3.209722833195542, 60.18175331178452, 53.97117844603736, 3.557277596478457, 0.26091601810679776, 0.0007303258738602381, 0.0029367221297889046, 0.16261878135725283, 0.2616932311551068, 0.16261878135742336, 0.5721876992412831, 1.7053025658242404e-13, 1.4594718496846895, 0.18488727574333552, 0.2830088844153238, 0.07190047703585378, 0.05854199686666561, 0.3449517828483408, 0.02607664097666884, 0.7824875549829926, 0.0065046237801880125, 0.606066550100195, 0.37674928145111153, 0.07003720884966924, 0.017572456196319308, 1.0881171413549282, 0.44906738173807526, 43.56458837122034, 194.92193880400987, 104.86974049418507, 9.630185013245864, 0.02726958044956973, 0.07452770933002739, 2.1928811004613635, 1.361351432354354, 0.0318165412286362, 0.7073914351065014, 0.3957705006496326, 0.2219699511086901, 0.3311708347075637, 2.7172181059614786, 0.26641146212125477, 1.7471656922987222, 0.11397315676038033, 3.8829614359807465, 0.11397315676015296, 6.057170740904098, 5.543299218300604, 0.7246083503107457, 7.303037964490045, 78.7418374882244, 22.546989411262985, 0.7224171723856898, 0.09267510107565613, 1.7484569411137727, 0.7470060688621061, 0.33690078249173894, 0.0018334958987225036, 0.2449426995677868, 0.011497824557523018, 0.16683057053228367, 0.06677196873442881, 0.24951711385267572, 0.011688315662922832, 0.6413352294023298, 0.1893208424473869, 2.4017491655390586, 2.0226317992750182, 0.07066071298993393, 2.9831245519187632, 1.5939473616788291, 0.39092185011588754, 0.0115420961521977, 0.3060640458185162, 9.028323316345109, 316.9908742166052, 756.519669303921, 196.64378821703713, 0.004965164896304941, 0.01955475444287913, 0.11878166755116126, 0.12052385700394552, 0.041269259537216385, 0.018982327229366547, 0.12413140721247373, 0.5042590670415166, 0.2570959216930646, 0.04847737741670244, 0.08364438357153858, 0.08578946609662808, 0.34997742083783123, 0.021236944760573806, 1.3453491426579376, 0.18671673255857968, 0.21608663401616468, -0.0035899987383913867, 0.21998423577315407, 0.3044718885273596, 0.01917405716756093, 0.48938042971309414, 0.0767798229956611, 0.17966237631253534, 0.1260586626834197, 0.7412999183047191, 0.13345550291126074, 0.020796492238844166, 1.3456641113274372, 0.050361950778381015, 4.079425941730108, 0.9125712951656055, 0.17394218820055585, 0.07905161554674578, -0.004975883823476579, 190.97876817957217, 744.9445985325099, 278.4779096987784, 4.848215242710694, 1.325357145616067, 1.3134409220575662, 0.5517716777694659, 0.03675936748254571, 2.6865335405050246, 3.9853730559375435, 0.08404914423920218, 6.296555188610796, 3.0890914686066253, 3.5125086794756726, 6.4521115525376445, 0.12212241705447013, 0.2636421276860119, 1.5508868560688143, 23.819130795087176, 69.65708092699845, 23.238157372448768, 0.40694853508944107, 1.9806129213709482, 0.12436032691323362, 0.8377073504359487, 8.671043627196127, 1.9302439573094716, 1.3189263786259744, 1.1095485703057193, 0.3915818454594273, 0.27345826470843804, 0.002670609740789587, 10.915074384873833, 219.37838399027135, 424.8360014101928, 107.53638721278628, -0.007678024432607344, 100.82216478159103, 510.75040014410047, 427.9002699589457, 40.2001731960645, 0.018714499639941096, 0.1516280582991385, 0.188993070200695, 0.000519565964850699, 0.0, 0.5075339442365703, 0.0047529572751727756, 29.760381778698388, 107.21636365387678, 25.85920941249242, 0.07640187701997547, 0.016650524834403768, 0.17911596481758352, 15.619926376748595, 12.587810740414852, 605.1486265093596, 532.6566821932079, 27.67728546520061, 0.013450278208381405, 1.23860405289048, 8.489241928505976, 0.3692172001938161, 10.747885255917367, 2.079408007412894, 4.6877618282962885, 2.252723579534745, 0.9046582896980908, 1.0884233138307309, 1.6525151033558814, 8.865512143505043, 5.121538626715278, 6.296480857166955, 2.7356182203653816, 0.2739468910041296, 2.757810239998662, 1.7991752994462331, 1.6645601757364261, 1.3582190301179935, 1.2547720436040777, 2.243027732255655, 1.4203935865652397, 3.1140530454385384, 0.49983971500353164, 1.1870256915122468, 3.028632785987213, 3.4000347231070123, 1.352615759668197, 3.400034723104568, 3.6087271228547024, 3.944620132877617, 0.1506237101601755, 127.16775835379951, 525.3471954547356, 191.6355930391071, 1.2511857389996521, 1.627193904106548, 6.850269353975023, 207.80752829957328, 182.2524468603424, 15.60701045700057, 1.402434797597607, 2.085742091755492, 1.8493684936335058, 1.577865957532822, 1.7400310556374734, 1.4636616752534337, 0.44253188605455307, 6.247331077736931, 1.5216895145043736, 2.057069003996048, 0.1270468763992767, 0.4655578341344153, 1.3587587857272183, 5.751527113895122, 0.2805600765591407, 0.1946954194800128, 0.06963601816266873, 0.24942654126869002, 2.944182262350182, 1.3969222690794822, 6.379422814353575, 2.430533463527695, 2.891997998155489, 9.260279122488441, 0.029249708371935412, 6.501166678419054, 2.9569812438455756, 1.1261881822649684, 0.05978454010767109, 0.4216388929645518, 0.03660967338635146, 0.002977115867338398, 136.20893303818104, 451.55662315612506, 87.0118124909917, 5.120407948652769, 0.15581668646018443, 0.16339751528028046, 7.106194392343355, 0.43726835785412277, 16.34486517064022, 0.08598799012224845, 6.294537770754346, 0.1061987315093802, 9.163358401263622, 0.10494786706408377, 9.813836975690606, 2.6302295693965334, 0.540439509898988, 1.9135179208197997, 3.2843335219290566, 0.007276844808075111, 2.742520029275738, 1.7192677860599588, 0.6818717207611371, 0.9393678448428773, 0.21432356909133432, 1.2692362217617301, 0.17209060402512932, 3.029893337651629, 0.3051643383519149, 0.5392150653699446, 0.010640436642120221, 0.7507658269466901, 1.3174390582789783, 0.17442029215067123, 1.1271899392721707, 0.7634513214518392, 7.5077219527930765, 10.697567532561948, 12.46248324367582, 6.058290764726394, 0.3450050643522218, 1.1098260054097864, 2.966419978760996, 0.0014912410714487123, 10.253882710664698, 33.94428793643351, 30.49455067107749, 2.8023074703169186, 1.3923196457894846, 0.34546144161072334, 0.049832526892828355, 3.568364091657486, 3.6735676582171664, 0.011586703387251873, 0.8578410387827944, 3.4180072628497555, 3.6602334622059516, 1.3310720444458184, 3.4955160706430206, 0.7827705568469128, 2.7814000497163534, 111.50422958324793, 154.0073911428118, 22.03592503763332, 0.06895738461571455, 0.039013672257851795, 0.574968321913957, 0.7464742482852671, 0.4919074044598801, 0.010074722711578943, 0.007070347120588849, 0.21719729872847893, 2.433750258122245, 0.9403466629102013, 3.1657108060320525, 0.44965885637225256, 0.01401878904221121, 1.4711084153274214, 0.537210027028209, 12.633171986742013, 111.38368372644618, 172.0123654596424, 31.14880628230776, 0.8322966038626873, 0.07036591817779936, 1.0191881537062955, 0.18921637167500194, 0.5951674070745412, 6.936542661595354, 2.5355507860543867, 0.03337830085661153, 0.018939232310913212, 5.095323467815774, 2.82984510842266, 0.7014598977631294, 0.12687791866687803, 0.3186747086772357, 0.6592130323168703, 2.3197206901290883, 1.6436254510892923, 66.72520874643669, 236.37758414044083, 136.61854972044898, 3.796435185213568, 0.1260031851528538, 1.0120953680144567, 1.5202494788566128, 4.157304448023297, 0.06455009666217393, 26.120341482355457, 42.70979310349162, 7.280298004976089, 0.27226605140594984, 0.03198929527468408, 0.29126713607161037, 0.5744396476698057, 0.142280329447658, 1.9570714104437457, 0.830670950273543, 0.3242741568317342, 0.015346495939525084, 1.36392374596619, 0.1501384445292615, 0.024888342585200007, 0.011108644000728418, 1.636262341982274, 2.523108100329978, 0.4854170163764593, 0.8020772839365691, 22.60132665910146, 7.01825736444448, 0.07399985251299768, 0.10994153274805285, 0.9576162668057577, 0.0015333196254232462, 0.8832457160657441, 0.038209938155205236, 0.003380485325465088, 0.3163942794792547, 0.14889192256600836, 0.023729546368940646, 8.469033285689534, 80.01934619212682, 89.73029786072675, 8.945956957069484, 0.002609602404504585, 0.9971048606105342, 0.14808630213053675, 1.8926299934150848, 0.7081412547393029, 0.4306209709252471, 0.18592297061184127, 0.1104798122395323, 0.34959722682810934, 0.5270943334232925, 1.1368683772161603e-13, 0.0006850690137980564, 0.0026890918081790005, 1.9940636250083799, 0.5177752707031686, 0.707193565969078, 0.031606545568138245, 0.14788580127822115, 0.2871389808848335, 0.21339052206985798, 0.11260249843905967, 0.08007108405774943, 1.1525346102686171, 0.4036983052578762, 0.10829134978996535, 0.07743149119039572, 5.157162736271744, 11.730587074868822, 0.037017895876033435, 0.15834569578760238, 2.657483616014929, 0.002215489182958663, 0.004837725376091839, 2.058616801596145, 0.47662190183837083, 0.18878797923662205, 0.17045548443570624, 0.013246199730815533, 0.21021020331102136, 0.4102303351385217, 0.008299636974584246, 0.27604806260967507, 0.15097061557253255, 0.0005286852951940091, 0.05301412602761957, 0.1180491599201332, 0.019127085739000904, 0.23213686378880993, 0.23626384171768677, 0.0005321866359508931, 0.7270081702422431, 0.15517402537147973, 18.992697022902917, 135.81323229315592, 65.09405689884056, 0.02651368530507625, 4.247479621029811, 0.09375314009821523, 0.005354158846103019, 2.5753988788940205, 0.04846205927549363, 0.7141858124978171, 0.9669482568879175, 3.868944994560934, 4.8755479477275685, 0.0076916293558042526, 15.602844907818962, 189.09835426700124, 355.2745222116564, 71.0747766791369, 0.22008498342779603, 0.00781269089441139, 0.7834467254677406, 0.0034569576233707267, 0.14935980268353433, 0.031223150870005156, 0.0034877871171943298, 0.003481577918023504, 0.04238544670505462, 5.684341886080802e-14, 0.04186677024659957, 1.1368683772161603e-13, 1.0730916217199251, 0.0, 1.1971123468122187, 0.21931340162882407, 0.4019627793475138, 0.04114721148425815, 1.1517679978249475, 0.3063165549546625, 0.31905492493393695, 0.7976480995330348, 0.09075518871054555, 0.0036504679749782554, 0.9678099364515447, 2.4480153197426944, 0.7075050335637911, 0.04100622471304405, 1.0969544160118971, 0.5822172488283854, 0.04253598218258503, 0.49695980922450644, 0.10338622743546466, 0.06896743667857663, 2.5897815863996243, 8.64813670607299, 5.660489431521341, 1.0251161575806123, 0.0010902003433557184, 0.040002231459766335, 0.0010902003433557184, 0.8501332773279273, 0.00976844434052282, 0.521341228932215, 0.0010806036098642835, 0.2129784357267681, 0.08657745320726917, 0.0010688406881058654, 0.06833225611973148, 0.1779276423065994, 6.424327053399907, 26.856047184432327, 6.83611242775072, 2.6258805185733536, 0.8253792808753815, 0.006604769836258129, 0.32474800503308643, 0.10463006315461598, 1.5486413591175392, 0.625059794501226, -1.1368683772161603e-13, 0.3033726544204569, 0.07595769815594622, 0.0015798882188278185, 1.5275065103402312, 1.6804296663283935, 1.2235639151023179, 1.1988766337613015, 1.7893865423679927, 1.3623770750476183, 1.4780286601144894, 1.7243895991658178, 0.13579361135447243, 0.20013958571126977, 0.7246885830464862, 0.00651763127882532, 0.07867463709862932, 0.3131912681143376, 5.684341886080802e-14, 0.15875742459542153, 1.2176009440025268, 0.6880510635940027, 1.8127316541496725, 0.024010383722895767, 250.53642042646538, 578.2201461709294, 111.87091789464637, 0.69618481985583, 2.1470332142915822, 3.5450571904779054, 0.38303526611503, 0.5686600181259109, 2.6877949311169687, 0.031519412653779, 0.08538956939798936, 1.417939808043343, 1.0897592266799165, 2.91061673223669, 1.508339907304503, 0.814828834581931, 0.3101757664678644, 3.818561109379516, 0.04141417007815562, 3.1814032853227445, 0.31267985752811, 2.446353127707539, 0.03499834866408946, 3.9275785960863914, 0.12676623477807425, 0.0813593797906833, 0.028549011949962733, 2.288957102132372, 0.0003514106074362644, 2.2319583786091926, 0.07953971014546823, 1.7151015811388106, 3.293742651425646, 0.14931946292301745, 2.017861930151753, 2.1582170858488325, 16.582787757518304, 80.5457384964011, 54.16591359959784, 3.521748888119191, 3.633156260827718, 112.6708041140829, 233.4207318462586, 41.26990740784504, 0.013816135304523414, 0.010159811422568055, 0.11234525760835368, 0.1359379278327424, 0.027835438084821362, 0.23264386130381354, 0.017804071121190645, 1.005118028470747, 0.017889215958916793, 0.1366763478545181, 0.6827729793410526, 0.4542970568717237, 0.16504565782599911, 0.29145471206038565, 0.3646601847715374, 0.23500787802220202, 0.22006580437846424, 0.42630389152986936, 0.40411654977845046, 0.2529305273216096, 0.2860604313671047, 0.004461633232722306, 1.3920904366618743, 0.8012145836834179, 0.41607366602988805, 0.9909117306893904, 0.11003154580691898, 0.002519433555107753, 219.0049420266098, 1198.7453300955365, 484.293321359778, 0.07883770332239237, 2.787921708581848, 1.4126084113678985, 1.6354427924700303, 3.77582435048555, 0.6756142135736241, 0.5447960113914405, 0.07848289072711623, 1.2474644159460127, 0.5119690553032115, 1.278447579144256, 6.250001651685807, 339.2271650284604, 711.1142054290689, 83.93200274626838, 0.16564559626954178, 0.670819272571407, 0.030789269077899917, 0.2554299602827541, 0.2036868242004175, 0.0061184910344991295, 0.2036868242005312, 0.0548901026807016, 1.0105258019632402, 1.247386238945296, 0.48128930917005164, 1.670455649043447, 0.5641880465024087, 0.13689405581874325, 1.3014396889371938, 0.23291864957877806, 0.9011809202229415, 1.2262699130840247, 2.751235906678744, 0.11082781747370518, 0.7160214078141962, 0.0, 0.2355039487489421, 0.5138210724500141, 4.719643765707815, 110.12357952689604, 203.70966928119242, 31.74282388235656, 0.13928357717600193, 0.4345336739772847, 0.040179963394280094, 1.2329301772609824, 0.15978323882609402, 2.870027925519935, 1.1380444815125657, 0.48918670356624716, 0.4450129564980898, 12.218115468230508, 78.30102086283534, 44.914112905590855, 3.745675309500484, 0.042781235130860296, 0.3864074691767314, 0.006880658763748215, 0.33601515993535713, 0.006880658763748215, 0.0639289490808892, 0.06149884884922585, 4.7733942373942, 0.7198982010122563, 3.7333751299635196, 1.2021132158874366, 0.20851501875091571, 0.11204339660662299, 0.24858633462361013, 0.49806561899328017, 0.028010150629484087, 1.0839240301160658, 44.64722619206043, 61.88063244898012, 10.63767587720929, 1.8900873114648675, 0.0034877871171374863, 0.007676354878867642, 0.10429792778552383, 0.4592436369415509, 0.6861239271752311, 0.2522269706979614, 0.5926592594678368, 16.062054713646944, 352.06777050237383, 549.0549148363161, 17.72678144500196, 250.63810845494277, 376.44041467294085, 59.744338768415446, 0.9313977429844726, 62.43103714624283, 193.7315169956579, 44.66139454930919, 0.11289465295556056, 0.6370199460964159, 0.008637844146733187, 0.5787169742745846, 0.008606430580698543, 1.531034546917681, 3.410605131648481e-13, 0.3896055076727407, 0.7152070102209791, 0.28394560607262065, 29.405487704688994, 174.5552712511403, 85.29342930955829, 1.80792191834513, 0.10729904748575336, 0.529818119665947, 0.00567692167999212, 0.567358225433793, 0.030827558803196098, 0.06386648346926904, 0.27999873102248785, 0.010125239140506892, 0.4610533263129355, 0.4195941410721389, 0.002482693231286248, 0.13867660657018632, 0.002476349888468121, 0.07583035010316053, 0.2259492616894363, 21.753344162685266, 108.38651417491269, 52.73065251807918, 1.7585595607663436, 2.6086426419353757, 10.77821787482003, 0.4866361263050294, 19.23529322342631, 9.671593359836152, 2.836375998065023, 2.6493162156590415, 0.4984187109505456, 0.41830074642621184, 0.1397908980485454, 0.17316383223499088, 3.7637348910784567, 0.9312086451358255, 9.036726232290107, 10.98758207460412, 0.6918005392989244, 2.5596912673618135, 0.13635036127868716, 0.03121322322283504, 1.5258990413561833, 0.03144231665987718, 0.24400659136301783, 0.3464004131412821, 0.018882057208315928, 0.8561354647870303, 1.9378597633549361, 0.7512416043101666, 6.819633722017102, 0.6839383729208066, 2.4765281866285704, 3.938448674413621, 1.1124967054444141, 0.1057914355523053, 0.04498662525998043, 0.07183074278339063, 0.8030900568491006, 0.46597778010675484, 0.4821688258832637, 0.3589208348879538, 0.4066937003203748, 6.245959333357405, 4.4150775798729, 0.44892840589943717, 0.3007791573055556, 4.558886269816526, 0.3835730366761254, 2.7599811723578114, 2.506372393313768, 0.8326268054893262, 0.05656614255906334, 2.3630147131541435, 1.4190767594762974, 0.49481887061585894, 0.06322841609210172, 0.44171912751335185, 0.6425937997643132, 0.0015066043843035004, 0.706250529564727, 0.14935994926838703, 0.31942724038037795, 4.260061147339229, 0.42411924190821537, 0.33520453495282254, 0.18934604696380575, 1.1233061843288397, 0.018943407278584345, 0.018521954969401122, 0.29885111064970715, 1.6959341783558557, 7.002387166932522, 74.97077772692285, 18.732292581915658, 0.5352193988776435, 0.014157122156689184, 0.04208451977638106, 0.10514346816876241, 0.333073986353952, 2.8414349540428248, 0.19124180498636179, 3.910028485701446, 0.4545727808031188, 2.541492561485711, 1.1913621693885261, 0.12249959891187245, 0.26822041506329697, 0.053883576420389545, 0.001127507407545636, 4.017906466160184, 76.61224478369093, 336.7292669569392, 135.56974502761796, 0.06630990133055548, 0.2256249598733575, 3.7474523759582326, 0.5645685766905899, 0.011836127152264453, 1.405409789247301, 16.95113468748775, 18.221512134035606, 3.005691709917187, 0.025659241071423367, 5.202027437285437, 0.25977157571185217, 10.03978837365463, 16.479892906777536, 131.17529079570193, 34.140241325688635, 0.0207480750226523, 0.12747298443673571, 0.06952971982661893, 0.6623387804083904, 0.18695866591201593, 0.047104345925959024, 0.38822877616360074, 0.5811919962799266, 0.3765910105664716, 0.24273186109621747, 0.5025440621803909, 0.29150186749086515, 0.22464520055302728, 107.53972589116677, 324.90088121867063, 49.57888457845206, 0.29040636852175794, 0.4735285185417979, 0.5867387916465532, 0.0023850104009852657, 0.16266552780621168, 0.9684832420340399, 0.03117797336028616, 0.5246982821431629, 1.9007575877745921, 0.016830859051196967, 3.104798051828425, 1.3391787671084785, 3.7111403791556086, 15.617674690114313, 13.631670908522096, 6.055361552145996, 118.60992462705326, 614.2999969069189, 246.73554592394703, 2.811497108271624, 2.230449359320801, 15.829172495751436, 23.726164320594307, 3.04268946493022, 0.22743174714929637, 0.3160630372939295, 0.03825149659604676, 0.06253147889981392, 0.22381976679656646, 0.003070929084344698, 0.17397662739119824, 0.11178731325406943, 0.0007818903604288607, 0.0007844056257226839, 0.07750632144848169, 0.15215577957201276, 0.03788755298654678, 0.1707266176841813, 0.47648536763563243, 0.787480180233274, 58.030406606361, 198.24789696571384, 11.437139990875153, 296.98590264073016, 86.30311096489424, 0.31633593427829965, 0.04936259694977707, 1.414323086618424, 1.9204623064645148, 1.7467835625744783, 1.486646972235917, 0.016798517269194235, 3.4208905348444887, 4.646707767729936, 1.6821933289663775, 2.2019308266750386, 97.50641950024692, 313.6420255199033, 61.74251678198209, 0.660087045627165, 0.9701098409351516, 0.0034793977440585877, 0.9701098409351516, 0.22515305537683616, 0.0003959200961389797, 0.047550849019444286, 0.10064534150740201, 0.2275808926898435, 0.5137714677283611, 0.014330522861428108, 0.1759182258870169, 0.001586976918702021, 0.0035632817435953257, 0.11538033558633742, 0.5816357146767359, 0.010073709378161766, 1.8393793349931684, 0.6353482983761296, 0.12623323342404547, 0.00039040389697220235, 0.22833824234692202, 0.5724452878637294, 0.06730220260430997, 0.019677971246096604, 0.8924318259505526, 0.36497544595329146, 0.34235830193495076, 0.4957232350470804, 0.0004022682250024445, 0.025604799315601667, 0.15962962382434398, 0.0036173637346337273, 0.3606814937481886, 0.1759182258869032, 0.3144569291597463, 2.2737367544323206e-13, 0.0015843386682945493, 1.4600178419353824, 0.970004906199506, 0.08106623776973265, 0.35134679190844054, 0.020083750779917864, 2.9467749842785906, 0.3394612852981709, 2.4098562060270297, 4.421890416431211, 0.6843058162551188, 0.06316571412889971, 0.08480953542277803, 1.9778389829202752, 0.4075388287252508, 0.014902553906608773, 0.08249498113445952, 0.8914485161226366, 0.10765391872621421, 1.9857840226446797, 0.05077136078159583, 1.1194388696969781, 0.3501217574571456, 0.10765391872644159, 0.42686816715342957, 14.193601093666643, 39.706600618671246, 4.485894725317962, 4.538913880916539, 2.224397939287769, 0.4663719573389926, 0.03267081224669255, 0.2994396965402757, 3.254979890790196, 64.14210184488286, 285.7213879705945, 280.3711523945999, 26.107397166276087, 3.277740703989025, 2.536643746284824, 1.9388933034202864, 3.2067336632499632, 1.3060110757480743, 3.9136663872164377, 2.3364534266812598, 0.6663934569060075, 1.178901140838434, 0.20240278410426527, 2.580503504289652, 1.375926856201886, 1.721931110320611, 2.0878940250124742, 2.9296476956403694, 4.975906161653825, 1.0158438292149299, 6.858135235370867, 8.901747225367785, 0.28305660225805696, 5.081545912040895, 65.3475030621338, 722.3358350614235, 829.9542232938104, 114.67079615421221, 0.8289810111821225, 0.8932910270880257, 0.023576997774966912, 0.6818717207612508, 0.28324184678558595, 0.4963933565550178, 0.2354334840121055, 0.3624197348534608, 1.9375915050718504, 0.24388752626907717, 0.5395506502567287, 2.9654906373001495, 1.613299487248355, 2.731031876529869, 0.3208227531521288, 2.6735029629412566, 0.3208227531523562, 0.8757262990216077, 2.5299483808372543, 0.011446213266935956, 2.2574576621351525, 1.740894249449866, 1.8428935801132411, 6.97661707208897, 3.483770491883206, 0.05145684578394594, 3.0275631320745333, 32.28808301639924, 47.498238079613316, 13.654756206618117, 0.342653537105889, 0.3966132058178573, 0.0039788274692682535, 0.003917319419770138, 15.798988763034686, 144.2585880016735, 88.52429034261752, 2.7153609470339006, 0.28922714212490064, 0.3577271221363958, 0.0, 0.05786836135246176, 0.1292497848009475, 0.1736934789940392, 18.970377420043178, 285.88978595789354, 441.39178242574303, 66.73188862641132, 10.895902746427396, 75.94307133193115, 63.601033569129754, 3.32356785493846, 0.2865468918736269, 0.3077848921691384, 1.3965140283355595, 3.6069408640823895, 115.02968177347202, 550.0862192664345, 222.07252563964767, 0.9163128334037083, 0.08911459798662236, 0.3502284829597784, 2.777704341051617, 15.860620660568316, 20.237462911224384, 4.763222699960295, 1.2380640238882847, 0.8740207753354525, 821.7640600243835, 1826.7251978604384, 204.41907160400888, 1.2306875062652125, 0.0002488371619620011, 0.16700607496932207, 0.8818932207612988, 0.7582016595057439, 0.40107336317885256, 64.7858965979583, 570.1828901113734, 586.5647390101358, 70.20155183654288, 1.1368683772161603e-13, 0.8990428979161607, 0.026721143261227098, 0.899042897916047, 0.8761386146622954, 0.23688843503111912, 2.1465498707434563, 0.06908347986865238, 0.07063612667030839, 0.052950085913607836, 0.03911722242497717, 0.1524237220470468, 1.3459756332762822, 0.004170905892749488, 0.08176783447254365, 0.1244532871244246, 18.66803568691023, 46.83584156216875, 1.21327767404307, 0.6385884232454373, 4.994834132382266, 0.016321009870466696, 0.23224408749570102, 4.015658465815477, 120.61438679021398, 409.7453804700948, 156.87318339676074, 1.6113545452895437, 0.561335818340126, 0.23513922790669994, 0.4706086467250543, 0.05617848518386381, 0.7256930925341294, 0.9205225685820437, 0.0058202936590419085, 0.0924501787067129, 0.3230210946744023, 0.49075597421455086, 0.9693984740366091, 1.0324107169214471, 0.5672545119970209, 0.4298387071692673, 0.8735516295454886, 0.07543319991640374, 46.921712958113176, 274.9046408836739, 261.2076707743671, 45.61033132624516, 7.440623702038806, 7.587818622624354, 1.4117367755435453, 3.793960517847154, 0.7990650657866354, 3.0880112140564506, 0.21301056968115972, 4.579658303564429, 20.072323401468793, 1.5662018197007228, 1.2907925229252442, 2.6304422566081485, 2.1403496437429794, 1.0632995040195965, 0.011932342774002791, 0.10550400314809849, 2.13007007459737, 0.10550400314821218, 4.1224826412816356, 0.7325592563688588, 0.0044050290397308345, 1.197519277751212, 1.1025254081852154, 1.347565467239292, 0.6875431474147717, 1.7780423566168793, 0.23750194639967503, 2.352058975474165, 1.2578192746694867, 71.82563135312, 566.4982541076886, 213.21632136045514, 1.897591932265243, 0.9609267865933475, 0.3504726447712301, 191.03161543943088, 488.9905518072718, 65.63849839637464, 0.6127000568885705, 0.024583387879488328, 0.6127000568885705, 0.197897511302358, 0.004414016569285195, 0.7998587745037185, 3.022651630675, 0.00818504003052567, 1.5047133291559476, 0.008185040030298296, 0.3436376600037647, 0.5317747764638625, 0.20839217933587406, 0.16953020225423643, 0.13365909652418395, 0.400230701541318, 0.31922836343778727, 0.2693365085425512, 0.07213254731664165, 0.08650104475032094, 0.31521485283951733, 1.4944632973379157, 0.7615500723666173, 4.4556901554821025, 1.822566418349652, 0.8300260695638144, 0.8185638792953114, 0.2214852805876717, 0.5550576704249579, 1.029995182847756, 0.033056243297096444, 0.004681144264395698, 0.0005145709501448437, 0.18556498924920106, 0.7998039749280679, 4.428422570066232, 0.3976292585148258, 0.531384321438054, 0.013886642522493275, 0.4973679719102506, 0.0934444634015108, 0.027663205109092814, 1.7140738651490324, 0.11202788859600332, 1.2575396562785954, 1.2385670796068666, 0.027031278282493076, 0.1592494532977753, 0.044735549544270725, 0.14114556116453514, 0.0005554649953296575, 0.2928387694977914, 0.1080642238235896, 0.12512506168769733, 0.5350605923723037, 0.18049281985412335, 0.08105958704459226, 0.2690068057588064, 0.1792520941204998, 0.0021978396626991525, 0.0005472793112630825, 0.008781368520089927, 0.054389008033410846, 5.684341886080802e-14, 0.6001040097828536, 0.1998371257121221, 4.7582255015729515, 136.34754371956376, 510.9503364002328, 200.05145234629924, 0.18516728693128925, 1.1743835326339536, 1.4746132470503994, 56.866434360459266, 372.02818846552884, 335.4689140090918, 27.576799042759035, 0.6833890960938334, 4.023303823864353, 6.197261454022851, 1.5324428834184118, 5.985573435471224, 1.7094043770763392, 1.347324965844905, 3.428489749822347, 0.9310998828552783, 7.688384300509711, 0.029089589602222077, 7.95101455582585, 0.02884189732787945, 1.5972804647159364, 0.3058014883256419, 0.17136153757439843, 0.009145039409418132, 3.8356035078273862, 0.005165458787132593, 4.33061214530187, 0.18431842717018299, 6.952533345437018, 1.5915986853931372, 1.474201899226955, 4.514235028339044, 0.25073195318123, 3.3288875702079395, 1.1353883464810224, 0.043298418628864965, 0.7326562921592767, 0.3936246075472809, 0.06307188951450371, 0.42308636275629397, 3.9244239950820656, 1.2049808695619504, 0.9359751551544377, 0.4322704744317889, 6.532551368169834, 21.053089570603788, 3.738981959846228, 1.0353880029781521, 3.0153370013282483, 0.749924535608443, 0.00047824374576066475, 1.0318615578512436, 4.124409817368814, 0.43244860913580396, 2.21258024109045, 0.29626182238996535, 3.0919860998253625, 1.343672275389622, 0.04338776097688424, 0.21830809289383524, 0.19406941982538228, 0.06392712918989218, 0.007122790038351923, 0.9544776693225003, 0.3542938211149931, 2.0052280328968664, 0.2193402819784751, 5.212758752591299, 4.610995735897177, 0.10707270715454342, 4.887611265013334, 0.7783870090111122, 0.0, 0.022174135619820845, 43.51777317897768, 210.57426106326602, 71.23941702064292, 0.6314170563985044, 0.545598592531519, 0.3377649149736044, 0.0794094310571154, 0.20705289135310068, 0.04176239858941244, 0.0632446011305774, 0.1099736176870465, 0.7008853851775712, 1.439913694759639, 21.661343760446925, 41.15062308941526, 7.056743545316294, 2.2737367544323206e-13, 0.5907353483428324, 0.5095365612163505, 0.5907353483428324, 0.8676657685771261, 22.246444684103835, 297.52675769368227, 401.5896493154239, 46.98635409173187, 0.16680203123121373, 0.3641607694906952, 1.833253901400326, 2.305296832833278, 1.177033571843367, 1.396213514250121, 0.21632909295033187, 0.664143518179003, 2.1102714582203816, 1.8112582022272363, 0.3399806492627704, 4.573758530048394, 1.462122765984418, 0.17761264077296346, 2.9447763824032336, 8.048843798467033, 1.4618696757305543, 0.32945906130362346, 2.52737093604685, 0.004135747986538263, 7.209793993394669, 2.040027134512002, 1.4984976299435857, 1.7406441466861224, 0.7081871409623091, 0.09284025456111067, 0.3304895367704148, 1.7704499956844302, 1.919617465559213, 1.6591941252994502, 1.458228014769702, 1.3849700379078058, 0.7563885960296375, 5.854688397416453, 118.50530510031922, 171.2793226248691, 46.60555740333757, 2.747329802004856, 0.05334555760873627, 0.006954635533475084, 0.7310444560804399, 0.8182358753532526, 1.0051976302592038, 2.263980155341187, 2.237425448017916, 0.020650935025969375, 1.3437107576872904, 5.2449717341712585, 0.04374473924747235, 6.3254625297723805, 0.4672105108436426, 1.9831617124082186, 2.8773019420361834, 1.8698814943917341, 3.852343059441978, 1.0654464188465909, 0.40717754080969826, 0.41303441993647994, 0.2715476744294847, 34.80300337611618, 206.4641891785791, 71.5591106001475, 0.02514657731501302, 0.5030978062449094, 0.009013710955969145, 0.12243909350775084, 0.11086683751273085, 0.24251449940913972, 0.0022736522472541765, 0.21211619540815718, 0.025310998573672805, 0.0022860812244971385, 0.20051453971552746, 0.01620786121054607, 1.037353124748961, 0.156869776048552, 0.002241939112536784, 0.06354916677685196, 0.024863751680527457, 1.2342570683874783, 0.6283419916269395, 0.46916018397917014, 0.11171324058693699, 0.025146577314444585, 0.07245796720644648, 0.36038964821250374, 0.0009977560578136035, 0.2093863969685117, 0.22619885162760056, 0.24317495971297376, 14.567693035514708, 205.45784988986804, 363.123158744143, 69.77501573386917, 0.042612787573489186, 0.37834150878006767, 0.8843086487614755, 0.016211966731702887, 0.6592441601738983, 0.23792124726412567, 0.2157315688749577, 0.05441678114277693, 0.8998804582662387, 1.0524538927672893, 2.921332733855934, 1.7933775479841643, 0.2501375764924205, 0.3697116179931754, 0.017030725328822882, 1.9939188121304596, 0.8582827459100599, 0.1667934599832961, 2.2621244406897176, 4.938607274656533, 0.0028055058634208763, 1.4236134589179983, 1.1469073856763998, 1.580505062293696, 0.2882993164879508, 0.022841435918621755, 0.28036579706690645, 2.057470864294487, 2.7665588094127997, 1.0661629601828508, 36.3393643509811, 76.30355057815245, 13.526601347241012, 0.031041297233514342, 1.2298636234608011, 1.0704439712671387, 0.19833205106374407, 3.1755633099732563, 0.35176030855490126, 2.3839743676756484, 0.01979148041971257, 0.004677321949998259, 0.6883600576188087, 0.23364421403135793, 0.3424384962505087, 0.07837877260885762, 2.2737367544323206e-13, 1.2937315114697867, 0.04322686756836447, 0.796274435608268, 1.3940069565207978, 1.4099635712511827, 2.3339040573733882, 1.4373162232689083, 1.026317643768266, 0.8874111504964617, 0.43509756521370946, 23.672218172461726, 107.15526517645571, 51.276433357233145, 6.013958416927153, 0.4634644051614032, 0.0005773666367758779, 0.3516646792886604, 3.5916400372490216, 0.3516646792887741, 0.3911934615997552, 2.484803721092476, 0.6851760225217731, 0.6950972766114774, 0.9056182489655384, 2.3095045341948435, 1.1530060584243529, 1.3722038622339596, 2.239757843764096, 0.1393857859950458, 0.5163926046292318, 0.5893329316454583, 0.41428678241209127, 0.9868625920221348, 0.02251729851275286, 0.24987598124641863, 0.159098827981893, 0.0024637585985374244, 1.524647848282143, 0.643024648943765, 91.95748940927308, 238.02853344536334, 33.60299434976753, 1.2666917709715335, 0.011870269785504206, 0.6133323103939574, 0.01615112093213611, 0.14515853765692555, 1.7485501970988935, 2.711537171735017, 0.8117993865313338, 0.09107596103285687, 3.256354540860457, 5.42581258205098, 0.7261220764767131, 0.06373672084589543, 0.6953086301664371, 0.33507532435601206, 0.19072538914622328, 0.07406016320953768, 0.011845452778629806, 0.9017089999306336, 1.0931058454721096, 0.04870475921609341, 0.43929604203663075, 0.19234326446962768, 0.1755934190757671, 0.00033100073517289275, 0.16059978562316246, 0.016253218836709493, 0.501708807377554, 0.00299580083606088, 14.136644219418145, 94.68153832790154, 132.78698741907283, 24.4986858948688, 0.2350488870204117, 0.041364550662137844, 4.102959873776626, 7.985126720333483, 37.00349037213357, 102.06762441567435, 36.410290335215336, 0.008978293146128635, 2.7125814956767726, 0.7384556931390307, 2.187751376383517, 0.7062699244047508, 1.9126008796487213, 0.11544145720176857, 2.4051579987660716, 0.8685855337465682, 0.8481860456690811, 1.4304877315588556, 0.6851881906528661, 1.805178881799975, 1.7106855032420754, 0.0013558154129214017, 0.08518430290530432, 0.5342979282035003, 0.14648585269674186, 0.3545016085623729, 0.3767023987630864, 0.5487355536026826, 0.26821454349317264, 6.806664020157996, 1.1516749631783796, 0.7935229421867689, 1.610350719654889, 0.6960384260704586, 0.011430787723043068, 0.6669568373347374, 0.30138510575443433, 0.13784433730336332, 0.06112183826985529, 0.0012598965035977017, 1.711263441466599, 2.125754895201567, 0.02658743417248388, 0.8514257269783911, 0.015994759811405856, 3.7501883718630324, 2.3665508886075486, 2.7186914470053125, 8.061020655455536, 0.011682551850526579, 60.12859165352029, 372.51799098381093, 680.5290920785955, 183.81871480631082, 2.3513456840063895, 4.130806023049274, 1.0486484179567128, 4.13080602302756, 2.0224380095157812, 0.8584483441146062, 2.4988413620065444, 3.5605546442351965, 1.7864883011679353, 5.392222170505306, 2.5446692488151825, 9.906747790520228, 0.5440166627255394, 0.5221525867326022, 1.028308832022617, 55.36193112628132, 145.53194189577505, 91.97742034760415, 178.88732265480917, 172.99898220452087, 19.81535993562727, 1.1368683772161603e-13, 127.29346944245663, 640.4471875367627, 271.1150960769345, 4.797896895294571, 0.5782879687696436, 0.34422265225333604, 0.35015041019067894, 2.3210187978381214, 0.7750275322733842, 0.5695098840582773, 1.0880492555278352, 3.825266702920487, 3.9654397921075315, 2.2168933355715126e-12, 3.0195494447858096, 4.260416453248922, 2.213307080308482, 0.5458685673442574, 3.4977721772287396, 1.0959294161732487, 1.236138845515086, 3.026553925655435, 1.8308260385333028, 0.23087201687474135, 0.8175434244242297, 1.6891715999846042, 0.8678131038610672, 0.0316041393924138, 1.5527721896540356, 4.091925579427709, 0.7019758468038617, 4.401867816279832, 5.625982847113676, 215.2729923409961, 566.2559580529703, 112.35216401960815, 0.05981784591926953, 0.4257532625940712, 0.8922352114789192, 0.07166733757287602, 0.49001968325615053, 0.015313901119725415, 0.02681889240932378, 0.16821001288906245, 0.010489918842608859, 0.006681268474039825, 0.05997434988864825, 0.05037311297655833, 0.2832799879874983, 0.3056243652918056, 0.027224737652886688, 0.020724043026007166, 0.4046659695280823, 0.015219086947581673, 0.653301278302024, 72.71887726244711, 147.9915998823236, 24.159309509135596, 0.0909024684195856, 0.009102035391492791, 0.004012584311112732, 0.1826768976495714, 0.715490583508199, 0.736088291578767, 2.6151516733298195, 1.0633583017422552, 1.2210082330864225, 0.577204100032418, 0.11134897297642965, 0.01620786121020501, 0.036035456122135656, 0.012405760857632231, 0.7108153294020667, 0.0022848323409334625, 0.14887178030653558, 0.49789342001167824, 0.05079859331726766, 0.8325867220075907, 0.6621456306437494, 0.009097084560039548, 0.049394319529824315, 0.02055228164658729, 0.09085321209079211, 0.21223142915687276, 0.2586238856940781, 0.22718230200018752, 0.049745095866342126, 0.03676823636942572, 0.016216699668802903, 0.08259262080957797, 0.15980470163049176, 0.0911000109717861, 0.27783408022867206, 0.22780116311628262, 0.18297313041159669, 0.12277330192819136, 0.3260808020663717, 0.6468981639070535, 0.9299518364811092, 2.469578983426686, 1.4882222358428407, 1.9133540756240563, 0.7096557246942439, 0.2092741271532077, 0.3259042419498428, 0.02501112775587444, 1.05421484388728, 0.44504004615430404, 1.523424977393006, 0.012528600705422832, 0.5971583733421539, 0.05040548568376835, 0.16303010445722066, 0.08323144443397723, 0.16077707379872663, 0.0, 1.9318295206311404, 0.761741361796112, 0.6680397553946023, 77.8586592257443, 704.5067272958039, 670.4022224524065, 51.91783762121372, 1.49082886292382, 3.776843728392805, 2.328728203330172, 5.667149943433174, 22.838896811622817, 7.692170679970786, 0.026040593956167868, 1.0794275685765342, 0.20836643721418113, 2.586026624508804, 3.6476428168037955, 0.04779116823442564, 0.11662344317483075, 2.0120930694206436, 1.475846536838958, 2.339743483373809, 1.3946398951899255, 1.4716743735848468, 1.851845762871676, 0.3010440530139249, 0.1282159587984779, 1.6758931602120128, 5.029866877056179, 5.627216672408622, 2.4228203791020633, 6.776603898409007, 3.063195655316349, 3.710386680400802, 4.50581291876199, 0.09784046902939281, 4.346426426989183, 2.551676203558145, 0.10126095577618344, 0.026095991589841105, 0.12524103567420752, 0.17985672976612932, 0.30824115565076227, 9.740049851054096, 117.64837399271471, 165.30996342225455, 27.933351255128514, 3.581677584777367, 110.6216194046275, 279.1578159398598, 71.28887771022141, 0.2998004699824719, 0.06564144345975365, 0.19264914758798568, 1.094147262278966, 0.9263712070908241, 0.020145906646916956, 0.0793664128260616, 0.252614457615266, 1.0941472622788524, 0.1295596131682828, 0.693668396428734, 0.005101702697345445, 0.01149373420446409, 0.12888142190860208, 0.5265961398693548, 0.021005320357744495, 1.0941472622788524, 0.10563749503484132, 0.2873606265860076, 0.0012870936699300728, 46.07006428557668, 224.08776211539305, 113.52560353945671, 4.017278213926147, 0.5977782014601871, 1.56295629966246, 1.407870917309765, 1.6296760524285219, 3.872524055079566, 1.6084166216327276, 2.876769962009462, 2.5600134896495774, 5.635066680588352, 4.991175339753227, 1.474630058305138, 9.025266009667916, 0.22817914467884748, 3.415481619789375, 0.7852077093447178, 4.287818695257329, 2.188916117960048, 0.9013876418116524, 0.35215586778394936, 0.1390446478908416, 84.98527575325988, 378.66449250795824, 147.33806114261176, 4.290843738384012, 0.4646736319348861, 2.910853910745857, 2.313000413031716, 5.414000210527149, 2.578470514060882, 0.6620066732297687, 0.7204620314442991, 1.0069089465560523, 2.283108647862093, 1.0612890473532275, 0.04545583572536316, 1.276088306069198, 0.9846221945438174, 1.1437645356951975, 0.3805764217192973, 2.86533586216666, 0.5576248855590507, 0.3602711858808334, 1.8834600023117218, 1.0299462221286717, 0.48600887389414993, 1.6349886476750726, 3.505101929683974, 121.05423719282373, 591.1765541100561, 345.55176785288836, 2.340021306870881, 8.875938894696787, 1.1318327001366697, 4.254497078259192, 0.03647927679071472, 2.2351803038366143, 3.188663517901773, 1.542093237321069, 5.99430320375734, 51.7861403280757, 27.244661244158806, 0.007500158153561642, 1.029252138500624, 0.06771790550988044, 0.05931274957652022, 0.3065261862893749, 0.0012151550710086667, 1.4003025661963875, 0.2529549982957633, 4.868391511945902, 0.4708438030614843, 1.308345879642502, 1.1391016246885783, 1.7150716144921034, 0.007567816840605701, 2.1958516801967107, 0.09767037865390193, 0.14414506294656348, 0.5722364744347033, 0.014662848768921322, 0.8012680012086548, 0.050668823690898535, 2.2737367544323206e-13, 0.030010254482931487, 0.21773344482312496, 0.47262244825424204, 0.03595621310125807, 0.9639531170568034, 3.063769110751309, 15.439757893158117, 40.72544645482117, 3.3049886375480355, 0.17090851382306482, 0.14082664947477497, 0.29775010883054165, 2.840759918517165, 3.0015249958892127, 0.06449720309478835, 0.18749736784059223, 1.4388655530574397, 24.790438239819423, 51.975466243650544, 28.95752775467099, 0.2998285779785874, 3.669706065700666, 0.1691839630660752, 5.087817956727349, 18.722115641931964, 135.02652583484826, 55.78882142053067, 0.6617936214129259, 0.027104129693952927, 1.1199742920546214, 1.8358846165566547, 0.25666407527103274, 2.610087663313152, 3.7262525635380825, 0.140309054172576, 0.048920053000074404, 0.21367444000622982, 0.11035143043454809, 2.506109468332511, 0.02430457906166339, 1.1118439237311577, 1.0321763316636634, 1.0644735959244827, 1.1725400359578089, 3.5627441157432713, 3.759416358426961, 0.00047213100936005503, 2.043885365248343, 0.057410399713035076, 0.19196956338657856, 0.0474700244703854, 0.20739744662182602, 0.0004721310090189945, 0.42514207042006547, 0.047423141411172764, 0.17145332456755114, 1.6509391919129257, 3.4633947829207727, 3.743838922536611, 5.1580876880819915, 0.3947456688869124, 4.314882715194926, 163.7177129859581, 794.0853449885237, 261.8228306562339, 0.7879071594475704, 1.4157156258044665, 0.38446880085905377, 157.87341897480076, 673.5879691241523, 466.57258603310424, 41.81217247622237, 0.4177481587995544, 0.5374446065807206, 0.30508886251368494, 0.0419413561288593, 0.3761605735996909, 0.562587169489575, 0.893188436639889, 0.0687373079608733, 1.0956751032780403, 0.13150072070868646, 0.6843265670826213, 0.4862308076460522, 0.5264658925036656, 3.143717538989222, 0.1802913392730261, 0.22080644843470054, 1.7606546004872143, 0.2611061427534196, 1.869053723959496, 4.789081331618831, 0.6364088492880455, 4.097834576049422, 2.589195361378188, 0.10662143662443668, 0.20070732829469762, 0.18075588720398628, 0.026379087530813194, 1.0376769251446376, 0.19829571469722396, 1.587317466757554, 0.8007785110553414, 5.393158273170457, 6.9759091103969695, 5.990401245088265, 2.004104463375029, 0.19648243272877153, 0.6790791616033403, 0.012186567238359203, 0.4315091964556359, 0.5882204238416762, 0.154414834114732, 3.1445242865803493, 1.283649068177624, 1.9669774655899346, 0.6445279486345044, 1.0394681904056142, 0.031118762612436512, 1.6988275487633473, 1.3448386209803402, 8.5610946900008, 0.06219698762936332, 4.373417401592519, 0.7703669809578741, 0.14349689292146195, 0.0493721532334348, 2.64180843255906, 0.49491546069862125, 4.889078151136118, 5.864055401447331, 0.033091725853068965, 2.728248963576334, 0.8958097523950528, 0.7647332015247912, 0.817822781454197, 0.5167280312795128, 4.712643018424615, 9.432597241783583, 35.075636259285716, 16.509026638358137, 0.18059803422710274, 0.0007111173484872779, 0.07023951895178016, 0.0007111173487146516, 0.08492864112855614, 0.3697116179934028, 0.011173687684049582, 0.5109666186959885, 0.2049190191930279, 0.011402893871206743, 0.0028759944046896635, 0.05718294947183722, 0.6340306104871729, 0.735235465143603, 0.9693846705504257, 0.4510653343738227, 0.011606869606566761, 0.01764897287932854, 0.31407399812314907, 0.2855002306752681, 0.3140739981233196, 0.14346927687574862, 0.32403114644267816, 0.0887698868014013, 0.9939763917805067, 0.10384394110548101, 1.2241945121405138, 0.04601615666496173, 2.5017664213870034, 0.9130352649982569, 0.5507101287670935, 0.8132170461830128, 0.18138724167152986, 0.08655213209129897, 46.494431479448735, 277.2005305862526, 182.57857429720593, 21.42348997781312, 0.004573370545472244, 2.9296698657551588, 3.844418794581543, 0.30652618628960226, 3.583835389871979, 1.6611475148846466, 1.474742523194891, 1.36251353822297, 0.004780250751537096, 0.05874511796935167, 0.007471519891737444, 0.1434170995794375, 1.1368683772161603e-13, 0.07571328296864976, 0.9887362988920358, 0.024009045335901646, 0.3372199925451014, 0.04240155757793218, 0.15484434299185068, 0.014405681131506753, 1.102302538068102, 1.1930890687559668, 154.9687743434106, 764.0187834715521, 239.94537872839692, 0.8405612522542469, 2.9180857107061797, 65.73911997468645, 131.53524090720737, 20.119959612308207, 0.30470857244472427, 0.014382659362013328, 0.005246409977360145, 0.21069768429123314, 0.014503450787344718, 0.07096312789718695, 0.16887792559941772, 0.02104909196322069, 0.5218381479626828, 0.7443232848720527, 0.028023304255953008, 0.2510272698290237, 0.05777147971110708, 0.028123118849748607, 0.38684998824186323, 0.04654458070842793, 0.4821341803323662, 1.1368683772161603e-13, 0.20818510630374476, 0.3665562153363453, 0.7981018940627109, 0.5980421955431439, 0.5268914622198508, 0.4244658088327924, 0.020772835715206384, 0.5582131357398339, 0.461771853018206, 0.27962024529057317, 1.2863202284510749, 0.08369105592527148, 0.6287921524711919, 0.25770187735162153, 0.4224313875977259, 6.02183722627899, 62.798062976380606, 121.95105706415677, 22.710693700991783, 0.09525910380671121, 0.2988483924623324, 0.7770872053745279, 0.265744152117918, 0.7141858124978171, 0.5671583893185925, 0.6233977297390538, 0.26329005611273715, 0.057592975246848255, 0.2686317217043097, 0.16547838143083027, 0.0013835692307111458, 0.0013775292036370956, 0.44214806028787734, 0.4402427253208998, 0.01646122879071754, 0.05641364819894079, 0.6590755344697072, 1.0630287279669801, 0.6296834503248192, 0.8492550554195759, 0.00033546627582836663, 0.9192184836582555, 0.3189919383127062, 6.733601403824991, 0.0052463601255112735, 2.1141352646259293, 0.01600583061076577, 0.002985282785630261, 0.06356147700500969, 0.37932146757975715, 72.77813034646704, 273.1286053045952, 42.326231114114876, 3.6638916868995466, 1.8951652675032165, 4.624416959685163, 0.8998804582661251, 4.1038834554935875, 0.20530844997222175, 0.015647096059637988, 2.7628304628856313, 0.7870911509659209, 1.851647298404032, 0.18791620938895903, 0.05122582947808496, 0.010259098860615268, 0.03066835861341133, 4.604183026883334, 1.883867496872881, 2.4854384581639124, 1.5574390839238959, 0.13974306099464684, 28.40067010157611, 140.47171961966762, 59.6144869648673, 4.471847835787116, 0.8419954673302072, 0.7301889239232651, 1.2850041449707987, 0.0735473172736647, 1.4117632979746304, 0.14385442592742947, 0.17400340196957131, 0.6962779113921442, 0.047184581608462395, 1.2180793224274566, 1.2510289247256878, 0.11646966206683373, 7.430640011679316, 0.39307739538162423, 0.8851033049130592, 0.8727305604758158, 0.39767712347054385, 0.9403759116069068, 3.834119094000016, 1.9195752425530372, 2.370213045354376, 13.405809993469916, 5.1558459527955165, 0.06100059497850907, 1.2019995666677232, 0.7560329292789447, 0.39577050064929153, 23.003986128933548, 84.30961791916502, 22.829988629619947, 0.038699336174431664, 0.004291375824664101, 0.03835589012874152, 0.1232291144873443, 0.12164427600487215, 0.6521541487660443, 0.17128390682808003, 0.0018692183094799475, 0.0672922280940611, 0.20800881912794011, 0.31807411260399476, 0.00761022469123418, 0.858640668246494, 0.40503953215829824, 0.04947373556046841, 0.03140465437297735, 1.6633446252639033, 2.2019430341424595, 0.15170401975899495, 22.681926953057655, 171.9181030151043, 218.05782070023008, 37.096707484501735, 1.5486284666704933, 1.0510412808041565, 1.6480898244101354, 2.490699074130191, 1.3120494099831035, 0.7376751602032527, 1.2552433290461522, 0.8802938173680559, 1.0137266587191789, 4.209229456644607, 1.2626262766772243, 171.04262128340008, 726.8462052524942, 323.5508000161824, 12.299467729128423, 1.2338801995831545, 0.07198725269495299, 1.631206654459902, 0.18772201750948625, 0.013554603637089713, 0.15985729552312478, 0.10063608949269565, 0.07190081420685601, 0.00448033412226323, 0.5638510013579889, 0.10039664428461492, 0.6154530273142882, 0.25111981259613003, 0.1895228583802009, 0.16334628947356578, 0.1895228583802009, 0.3268395418522232, 0.1484431902392771, 0.10045640208579698, 0.054851395398372915, 0.07117412753234476, 0.2221985106604052, 0.4299095931062311, 0.05578556414263858, 0.27228150182088484, 0.42604858261188383, 0.3026816596640174, 0.0069115207038521476, 0.2022597864979616, 0.42477647045507183, 0.6537980162355552, 0.3622630590028848, 0.8538450702207001, 226.10957850921295, 661.525516920492, 188.8290981824316, 0.6231852092051895, 0.7722165185621179, 20.39292924881886, 269.03902490597716, 259.7643230563773, 25.997582612186193, 0.1354891646330998, 0.2014048083558464, 0.48970784110827026, 0.03858172186664888, 1.7155704570409398, 0.006188110018342741, 3.440565202178391, 0.6079641254567605, 0.06302991903419297, 11.733054983575812, 178.93438551089434, 280.79212410189086, 50.40704648116889, 0.1547597777731653, 0.10516843860614244, 0.4693550646761082, 0.8408465314564637, 2.8625582293063303, 0.054632997555472684, 1.4503105255821538, 0.43953108168415156, 2.648641756537529, 6.794335404411584, 0.8450991462838715, 5.684341886080802e-14, 0.0450122916436726, 0.008160294246124522, 0.09160460024986605, 0.0009050212818237924, 0.9590944997123074, 0.35577561694475435, 0.007716758786330047, 0.07019023322772, 0.7419899489177624, 0.3500454795272958, 0.32137800028345964, 0.057443711122573404, 0.1736934789939255, 0.20066634776981118, 0.014413719007961845, 0.12533909561790324, 0.00811518011755652, 4.110889319115643, 0.15380566021218556, 1.50255804662919, 0.09126295482144542, 0.35512978794275796, 0.32079409966070216, 1.4470220359793302, 0.031615740529730374, 2.69888365219839, 0.6598283056401328, 1.7098707698895055, 0.8123680265836128, 1.3493615701036106, 4.164020932590915, 193.92005084234324, 448.0906657052881, 110.32292042092513, 0.9120022107921386, 3.635007050855961, 1.2321624012256507, 1.095386647282453, 2.5007488454033364, 0.028794456448849814, 0.6030068365301986, 0.0011475445249971017, 0.2930579016564252, 0.16636847473762373, 2.2737367544323206e-13, 0.3136727545550002, 0.41401901218489456, 0.028427416866520616, 0.11532009799964271, 0.220330220204346, 0.29057137665677146, 0.0002786027891943377, 0.2065479016143854, 3.4847674490562213, 0.8789021079064696, 0.7045798569163253, 0.14207122470907052, 1.0247316188601872, 1.8658689025643298, 5.947096047986292, 1.6840736298398724, 62.13948084083154, 229.97578954376115, 111.69363100042835, 7.16361191229953, 7.629120002480022, 0.42725344849600333, 6.235107595235377, 4.5004477687084545, 0.08660352831009277, 6.791383226466337, 1.439472512696966, 1.078688390272191, 0.461655472573284, 0.050893910572199275, 0.17789685004129296, 4.13206395645193, 4.082898307119194, 0.684426133301713, 0.7383913062633383, 1.664603722897482, 0.06432397119624511, 1.6646037228972546, 0.06511345796855039, 0.13892381832215506, 0.07744728856391703, 0.23999503097127217, 0.1949187944807136, 1.0401707993675018, 0.1592494532977753, 57.202593373476816, 156.65433803851192, 38.42408114382431, 2.8702982385459563, 2.32006492522288, 0.9508460698049817, 2.2184621774435413, 0.3718148853193384, 1.2120992845754586, 1.9829336504305388, 0.4340339858087532, 0.39290627927374544, 0.09620457384738756, 0.12007652511817923, 0.3399806492626567, 1.6771071943120432, 0.018359955336620715, 0.09093140739724959, 1.1388805539245368, 0.512678364405815, 1.4089434625890362, 45.91031651579476, 97.32912198031636, 16.92026701812182, 0.07356866410106022, 0.10128861172404413, 0.013347278679646024, 2.065426991058814, 0.9628760520430433, 1.3389189757294275, 3.006088583778194, 0.4050146351524404, 24.577136697243134, 22.343379654239072, 4.923018308666769, 8.353497123756995, 0.5858364797019249, 6.093646921363927, 2.003357743064271, 0.01636395422605119, 6.574047597382105, 6.47410595267246, 0.08212827977632742, 4.942678379555389, 1.8078764819377966, 291.8452648720913, 714.5525402997241, 139.17496207868862, 0.8271527217453922, 0.013275318994942609, 0.32706281374680657, 0.01797843823715084, 0.6440151304464052, 0.017978438237264527, 0.009258505119191796, 0.13379823943751035, 0.0033226975415345805, 1.228203086367671, 0.1613088122087447, 2.067326628554042, 1.4757770706469273, 0.013591753828222863, 0.725209479288651, 0.006016884236942133, 0.9011809202224867, 0.9205230572280243, 2.9271878076110625, 0.5292179982424159, 2.067326628554156, 0.018175020267221953, 0.08464636854341734, 130.01315591031982, 641.5550876510913, 183.0751498985046, 3.4016115289504114, 4.2282663346918525, 1.8634105630736713, 4.390165341533361, 0.006820014220124904, 1.5085991653893416, 4.678998458655769, 0.7793590970775313, 6.642955911606464, 2.487400966669668, 2.178360179430115, 0.3829808020032033, 4.183815919409881, 1.1890487763863575, 6.496972151050272, 3.2116853056314767, 3.0152223807336895, 3.321481294548221, 178.55133019567086, 543.3299965828869, 196.39190679879187, 5.435216935587391, 0.18053773979761445, 1.017737753495794, 2.247208688728392, 0.6194210385688166, 5.390745908678809, 0.0, 2.4321002638124583, 0.6194210385689303, 0.26479501728522337, 3.850787940530381, 0.057386231467262405, 3.4345615889554892, 0.008434547597744313, 0.30139028243320354, 0.03379854068612076, 0.28764189742878443, 0.12329101343698312, 0.9884494749909436, 0.3926844900678361, 0.20966906363400994, 55.56636391232962, 325.42956547826645, 151.0029340894705, 1.8271832981717466, 0.0694514640365469, 0.217407653405985, 0.02136053249091674, 0.41320255541177175, 0.19567021757740122, 0.08782224885050027, 0.1472309003989949, 0.4592436369415509, 0.0008619530065629988, 0.0008499602860183586, 0.1229310414641418, 0.041866770246485885, 0.2780583449672349, 0.04238544670505462, 0.0008727246416242451, 0.0034877871171943298, 0.08657808425959956, 0.08657808425959956, 0.0034266624985548333, 0.030732342955161585, 1.1368683772161603e-13, 0.08566760550445451, 0.12445272146675279, 0.00346308037575227, 0.08657808425971325, 0.12357866058863465, 0.14339684997423774, 0.007623128947443547, 0.1433968499741809, 0.0305721142370885, 14.588088936253428, 81.96866111704276, 28.43660777816808, 0.03975197951473319, 0.5111359921321537, 0.001579888218770975, 0.26448099009877524, 1.4492613208332727, 8.440477257597877, 10.327408665399105, 4.274223072855932, 0.4206625276022464, 1.1016930140761474, 0.17418773660989473, 2.6658118177856522, 0.24491961761384573, 3.256408991780802, 3.333269513853793, 1.4096548829475068, 2.6236779962137007, 1.7721133351630556, 1.2268671138982654, 0.043978278459860576, 0.2549249702244083, 3.1266373222720176, 1.2602285292695115, 0.6444829800838079, 1.4143260125089228, 0.36499575941297735, 0.289050174941508, 0.16110583240100596, 0.644482980083751, 1.2844203543837125, 3.779534260105777, 0.09834177624912854, 1.1527725463198522, 0.7868475314534749, 0.02906060571768876, 0.028389204447137217, 0.029408254316933835, 1.2937315114699004, 1.1051895816722208, 0.031119811075257076, 0.8342365439795572, 1.7215204110505624, 66.88133607627003, 223.02436041235217, 60.82967986892049, 0.9190934980258589, 0.30874143307710256, 0.4747277092118338, 0.008023034221878333, 0.0005017006768639476, 0.024532229530791483, 0.1119498433824333, 1.2157005683135367, 1.5052093796646204, 0.06788710049465863, 0.1204521160469767, 0.8852204226425329, 0.23205212668278818, 0.09520541682059047, 0.004356232341706345, 0.004347474070527824, 0.0019312394749704254, 0.15533966806299304, 0.06987606002201119, 0.32540748757242, 0.04857399759453074, 0.0396857866622895, 0.012112854045653876, 0.9319844201676233, 0.4596101219699449, 0.975320976192279, 1.3584178277864112, 0.017683144379589066, 2.761607038046691, 11.323374256815327, 8.699302016491401, 0.37452184181381654, 41.91750935748007, 276.57528458891284, 239.7330327520068, 20.25933673816246, 1.3519498113617487, 0.08585287249616158, 3.5254789029232825, 0.40136441214906426, 46.57253274177526, 321.92502368964983, 327.871284491139, 31.976029195555043, 7.987840305818281, 0.398315075433743, 3.5950021547730557, 1.124216239048792, 11.086258429326449, 48.625566239211935, 22.970191489323383, 0.11610578164265917, 1.5711186855660344, 0.39529694450641273, 1.3680582127833532, 0.03442854369222914, 0.0906728826704466, 0.49396933303466994, 2.1129854109397, 2.406396307847899, 2.958042388383774, 1.7370620793846, 1.419762819733819, 1.9699268838662647, 0.01846248056801869, 1.406707971043943, 0.8915240983648118, 0.10203465586255334, 0.4526494964546828, 0.00028418744204827817, 0.23871480043521842, 0.002559241086601105, 0.27294235606382244, 0.5085722421462151, 0.08329300376396986, 2.613875423669583, 1.5099707767187738, 0.26726316308827336, 0.7613077386151872, 0.388588732288099, 0.474847792180185, 0.3885887322879853, 1.2022272905343243, 1.2859499815830304, 0.0011617699943826665, 0.22728718046494123, 0.01864609860422206, 8.35643421513032, 25.939957470656964, 1.0441815531003158, 0.2849846459537275, 0.5367632063661176, 0.04218928308887371, 0.5602021255674572, 0.0062713570850974065, 0.12047018002272125, 0.38614368338164695, 2.9165209672389665, 0.1747177926903305, 0.09523259766160663, 2.261864157199966, 1.2881008672426333, 4.334076565824375, 15.828992441045216, 2.7349782769739477, 0.008676372594436543, 1.4983581284574257, 9.270570745716213, 1.729355733597913, 0.3067820013691289, 0.03801970051461012, 0.45821701763475176, 141.12154260492161, 1034.8294921370448, 510.30198266770594, 13.639192231338711, 0.5658199863299274, 1.4990820124587572, 5.127171071810551, 1.3764197231462276, 3.334434419054901, 1.1992098178128572, 2.011805833346898, 0.19656499051535548, 2.1450041802606847, 1.5496647965365469, 1.4690377298991848, 2.6596856419585606, 3.968286236440292, 0.7838501967709703, 4.314059609008666, 19.016389306302926, 99.94346173425788, 107.93710392171295, 15.927093679400741, 0.0006002894152743465, 0.34556498903907595, 0.6267800132997081, 1.2126526476498611, 1.302910789214593, 1.87713509915352, 0.40749526099727973, 4.6181782071915904, 0.18324934795077752, 0.06230711616206008, 1.579234799898586, 0.3857136983141345, 6.011048399959236, 0.1774459373168611, 3.29899594200333, 0.009905407792302867, 1.6324276188719296, 3.749701464011764, 0.052880291849419336, 3.6540788607519517, 2.423745314862117, 0.2690713239333036, 0.08660352831088858, 0.009658526923317368, 0.5474174512146419, 1.4991189341321842, 0.7013770821635035, 2.2321049579458077, 5.820682287271211, 3.8168553754886716, 2.560858980448529, 1.5969349438399831, 0.005582487032825156, 0.19805776606551717, 0.0024826932309451877, 0.5923321426115535, 0.19855889793848291, 0.5923321426114398, 1.097809989478833, 0.5543786501935983, 2.4375565146934832, 1.967824339966569, 0.13163787300186414, 0.8188205859232767, 2.0926620978437995, 0.45394644630414405, 0.010007674663597754, 0.1811175515431387, 0.030589364373213357, 0.02223039433260965, 0.0024890686504477344, 19.850988299516644, 65.2561620415214, 17.641192098553233, 0.2631774615784934, 1.3212064839444793, 0.32259377584250615, 2.2890550477980014, 0.08016323533138348, 1.6510787127180038, 3.6272809421913053, 0.09558487301603691, 3.2509150190999208, 1.2463980417855964, 1.1775840390345138, 0.00040226822443401034, 0.08937961722892851, 1.8604806114913117, 14.20168877107892, 16.47927691303039, 5.707298378451128, 0.16985864266916906, 1.1117312197104638, 0.16723797920940342, 0.03927992875935615, 1.6198746365001853, 0.001294498531933641, 0.37618280175354357, 0.14179527342275833, 0.18376112330395244, 0.15337178073821178, 1.1239126585829808, 1.3166336554203326, 0.27433675594329543, 0.002954155121187796, 0.23763722819307986, 0.11759562080897012, 0.14405357251723672, 0.005170899495396952, 0.2700415045505906, 0.1720845135783975, 0.28908490949470433, 0.8380511957795989, 0.04653820886471749, 2.4120701434273997, 0.31261737974762127, 1.5618074765859546, 1.1595582067119494, 1.0210208776762784, 0.21151033176306555, 1.1709229249966029, 5.30756709953198, 2.277383093773551, 27.378547621570988, 287.85182549683225, 413.39355083272824, 76.08441894422879, 1.842539289481067, 0.3739555527264429, 0.37006536150192915, 0.573678038309879, 0.0, 1.4786967302543417, 1.0605126282823107, 2.387060092425088, 2.6107618702916398, 1.4665498734247535, 2.317133893113521, 0.24743234023605964, 0.7921462376285149, 0.0, 0.2175291670949946, 0.011118713118094092, 0.12495579166949256, 2.764912586987009, 3.193800666687821, 1.6380512935533034, 1.3620809615046028, 2.3304966355372017, 3.3984326592268417, 0.27385739712121904, 0.0011763235411308415, 0.0011934520679801608, 1.50253610374574, 1.4375916748336408, 2.5608550499930516, 309.13934471723906, 706.3491916014107, 140.34015954788765, 0.9612571554994247, 0.2480287943485564, 1.3728586372117206, 0.1727500408845799, 0.3675150278018009, 0.03012573545856867, 0.05840957363761845, 0.16003326402142193, 1.251685795981757, 0.06824245571647225, 0.7981840874268755, 0.11996495803646212, 0.5253660897579948, 0.05815115613756916, 0.09469043703472835, 0.002655925660747016, 0.33954323559032673, 0.5787968098906049, 7.110904395528564, 22.217997121053713, 16.72660326065261, 2.34084904886231, 0.018974228524825776, 0.07543689881651972, 0.25976343883121444, 0.006113576634106721, 0.0015222795175304782, 0.0003816384981973897, 0.024298182446955252, 0.33953174027510613, 0.013591753828222863, 0.5758740215887883, 1.2521028925302744, 0.0, 1.5258990413558422, 0.00038441372771558235, 0.5495635484369359, 0.13766237690822436, 0.20253954039003474, 0.3000533002539214, 0.6806118577427469, 0.01902064427986261, 0.39669441921432735, 0.39349144589880325, 0.12480317399160867, 1.2169267127917465, 37.12707148376387, 434.7343332258988, 708.1846551762978, 128.63949107764802, 1.8982745931583054, 3.5019844656983423, 0.42121228088262797, 2.214823193970915, 1.0532579270264364, 0.08514671085208647, 0.7984213958030182, 0.26109422643389735, 0.8585097582479193, 0.81653004868474, 2.5158087629582724, 682.534463025936, 1597.0411398821775, 230.3622668476935, 0.8122790290319699, 0.13082609923321797, 1.1368683772161603e-13, 1.3813197369153158, 0.004224404254841829, 0.009414197235059873, 0.75211104159348, 0.32407870801796435, 2.099290639713672, 0.03223009348016603, 1.0778393031511087, 0.11780369505493127, 0.3128341858530348, 0.18304258438661236, 0.9669649335404529, 1.0633284509827945, 0.026477564206970783, 0.16562705509898024, 0.5945275119518101, 0.15479726559954088, 0.19733645290466484, 0.0043348449645463916, 0.14114944730783918, 0.6421280190095331, 0.09621282409284504, 0.051486457654732476, 0.42389013079980487, 1.3844847441715729, 75.80790639541817, 370.5183837819377, 220.97427991600864, 3.554867074564868, 1.1920787710113814, 0.9596043017936609, 0.47415771972043785, 0.1602387864995194, 0.05828234197264237, 1.8276084648750839, 0.8591685548837518, 0.5826679448911705, 2.0581966660084277, 0.0029060451862505943, 1.2205420186652418, 0.03573251946443179, 0.9969507161816864, 1.907970761477543, 0.84645272678722, 0.06750807608347031, 0.05426666781613676, 0.04314509021730828, 0.5713491523360972, 0.1982690630846946, 0.09899993981878197, 0.017297408086392352, 0.0006812276956225105, 0.3904890964508354, 0.11610555418781132, 0.45892637127803937, 0.05652651417040033, 0.5139294232940301, 0.04521433450042878, 0.03504981265120932, 0.6678158294030254, 0.18007564971105694, 1.119126490816825, 0.7756147682136998, 0.0714780145573286, 0.9722152935141821, 74.4193441290829, 211.95523419186122, 33.335436776240044, 0.04283849622663638, 2.8374663634357375, 4.355802274694497, 26.340848261381893, 158.0244731253315, 38.8962067615721, 0.9741384938114379, 0.002225700203780434, 11.177994681919358, 0.05538751513029183, 5.009695440784412, 0.09238628511877778, 2.647810809521843, 1.1194285285224623, 0.9383418227106404, 6.030417447132322, 0.22029005275123836, 14.748594855545093, 86.89475674295886, 116.14359692375683, 18.199000709399343, 0.09003420316560096, 0.011248783313476451, 0.15053534611502073, 0.00501610258254459, 1.1724897969866106, 0.17938687905893858, 3.48840516867358, 0.2574028741402117, 0.6805840014338855, 21.227057859050433, 17.946009132985864, 74.85600329332681, 389.4358166861841, 165.0404607459185, 5.2452522074893295, 1.6594678237920562, 2.40101451338694, 0.002373198078657879, 4.220977485166145, 1.5284408526116522, 3.285592336486957, 0.8895018410012199, 3.9638589330263585, 1.8148886373317055, 1.5167020385373462, 0.686959076850485, 0.273549801249942, 0.08960731914987718, 0.010033566960146345, 0.4493272419284722, 0.8363845166198871, 2.8397971992337716, 11.336332581208922, 3.1115093616278955, 0.4911518560592185, 0.18406779862300482, 1.388119394680757, 0.17981557379596325, 0.5555240120697817, 1.1438004882407995, 0.18738948854343107, 0.5261275539496637, 2.000947862949033, 0.025359334887411933, 0.9637719407552368, 1.1556861391032953, 0.011538082299011876, 0.531645744358002, 0.14239871380345903, 0.10384394110576523, 0.03616584695566871, 2.2959660804939404, 1.1035524364022535, 3.376065080231797, 4.071588243891426, 0.11965586952305785, 0.3351291166528654, 0.4832160751572019, 1.7665582248700957, 0.011694000377815428, 0.0357325194643181, 0.1226907000701658, 1.3212075811414934, 3.501976357510898, 0.49346079992824343, 0.03938597746184769, 19.349894390635768, 313.8724161289016, 457.7944560822675, 63.97770130030813, 0.01259786592254386, 2.049461874232179, 6.131251233462081, 0.7229585072919917, 3.5930516661363754, 0.009467354828984753, 1.854630347479997, 2.918120346599835, 0.7985662916009915, 1.7442912662953631, 0.03711465419212345, 2.610970163108391, 1.9462982818165528, 1.2427453698343243, 0.12969890555370966, 0.13853175153440134, 0.5804520428683873, 36.02672648951739, 247.34774911560044, 181.21756758433617, 13.514306594189748, 0.20768965011484397, 0.005208740093848974, 0.08250106132970814, 0.18990418146620414, 0.03710666233320126, 0.05889702295820598, 0.8157962008588697, 1.1644684174497115, 1.0008758041384453, 0.8202177749172961, 0.023205687898325777, 0.4640796327038288, 0.2072035403573409, 0.5360864951289273, 0.022663502888065068, 1.1679609346421103, 0.0025051490479199856, 0.07486235252031292, 0.44818687226813836, 0.022517298512525485, 1.2033213294275242, 0.005662188984331351, 0.040713609425779396, 0.01581037937904739, 0.10786387191910762, 0.14417545237540708, 0.09196802421155326, 0.06428970380102328, 0.005714086175316879, 0.010245556173344994, 0.7081412547393597, 0.023022142472939322, 1.194407465975246, 0.06328311623343552, 0.03997924131425634, 0.010033566960771623, 0.394761136831562, 0.22860539373499478, 0.16264329794518062, 0.7677621040992904, 0.22421203312632088, 0.4212125595386169, 0.38968383154161756, 19.183638561267117, 269.4093322820481, 359.6480076640049, 43.852820481041476, 0.6101609698695256, 0.06261079411160608, 0.0002472460854505698, 0.07995883494402278, 0.5623231211195616, 0.6868451403352083, 0.054439926178588394, 0.006020557537908644, 0.0009721344258650788, 0.24834808220396098, 0.0060870157535646285, 0.08785067416397396, 0.12819563360892516, 0.05426980968184125, 0.0021662736933194537, 0.07820971383330289, 0.03474169528897164, 0.1650710971451872, 13.997978797870019, 116.1203396195724, 159.5528055805463, 28.44257828593345, 0.00045511060682201787, 1.3043236352411895, 0.40404908229641023, 0.6755760726329072, 0.00044290958840065286, 0.0018075703250133301, 0.520446375637448, 0.5136872218597546, 1.1171874713996885, 0.27656874344222615, 0.5435931716381219, 0.05444817827230963, 3.062155151876482, 4.931310657198196, 3.6867510759051356, 8.698783246660582, 0.28071839691767764, 2.536432746818491, 0.7681895310976188, 0.17578403810694, 0.11017385880415986, 2.8052808103650477, 0.450430325919001, 2.7352045906468447, 2.6212142800653737, 0.41982363820886803, 3.5890421667675128, 0.4761786325382218, 3.2863337653540157, 0.1938911766005731, 5.921473499680246, 1.0694506715914258, 0.7968396895487331, 11.831317609450252, 9.908954193118234, 0.053722819872064065, 2.1506467382823757, 0.05432777546502621, 2.0817315141838435, 0.008721862888819487, 0.0940908850636788, 0.034966527082815446, 0.15816615319533867, 0.0659967215827919, 0.5795826583298549, 0.6773725570496936, 3.3212943606785075, 0.5326042133829105, 1.2792152256756708, 0.5477070626369596, 1.8133689864040434, 52.77150093671776, 61.829937804785004, 6.6876019356180905, 0.523756701937657, 0.02241826272029357, 0.34190091556155267, 52.977345544476634, 88.5717582225501, 243.64986847507703, 815.5775378913546, 102.65647467933218, 0.22480090656222274, 0.11783122551537417, 0.8215718088646327, 1.6501781622890803, 2.5508692500056895, 106.35833862514949, 372.24382802730156, 132.80092177780853, 0.2676374839285245, 0.31460927249042925, 1.549181964514787, 1.5994718988062004, 55.367571629258805, 146.9877980801008, 43.03154146021154, 0.15708109538610415, 0.3280097485391025, 0.028482143106430158, 0.003164639817555326, 0.0, 0.05096204587800912, 0.48692412116179185, 0.23732239710244585, 0.9756594159151746, 0.1363017678199867, 1.5726140420043748, 0.0033904468351124706, 0.005059983285320868, 0.054701844889166296, 0.047513212654280323, 0.04626321277982015, 0.1204360221510683, 0.11962723720097301, 0.05316578311266085, 20.408581670759986, 325.01671468524523, 391.75019986931875, 32.674591283336554, 0.019535939252705248, 4.189928874082739, 0.17348421928386415, 0.5036707327561771, 0.01321714821938258, 1.3707104694232157, 1.0946997409461119, 1.113409415334445, 1.0471689325744364, 1.408886458857296, 0.03392898019944823, 4.920475598897269, 1.0566450117256636, 0.2455307388059964, 0.16016340877376933, 0.2629516746870877, 3.4433721384631326, 2.7487076521334757, 0.16435232982553316, 1.9068988488965033, 8.589319499839007, 155.0378241295391, 180.9608104173908, 26.110834175482978, 0.059221260122740205, 0.051168964712587695, 0.3943237822251149, 2.2737367544323206e-13, 1.0030221741189962, 0.3179379446344228, 0.6035428075311984, 0.7608684487179289, 1.1121008823055263, 1.1368683772161603e-13, 1.0126677148425642, 0.0010591012093073005, 0.8547053085278549, 0.4833990217258588, 0.9152227499138235, 0.16257462990063232, 0.6038824876193303, 0.026268568534533188, 1.788106046189796, 1.3018739368138768, 0.05730877664541367, 0.00913184936075595, 0.4673735747473984, 0.17054602367704774, 37.61181621146716, 360.65728255510965, 435.697581621724, 95.42174627829081, 5.835205549056241, 2.2737367544323206e-13, 0.3053802105359864, 0.0009203390687844148, 1.4068502664059679, 1.4254245916710033, 1.5296293036317365, 0.4013500339003713, 2.102896273969691, 1.3955196426959446, 2.153997516554682, 1.395195190847062, 2.3168590982891146, 1.4140234173424915, 1.6035454439917203, 0.10579018774365068, 0.3557756169446975, 1.7806043809340508, 0.9560519287905436, 0.1906002023175688, 4.47477122074929, 40.77878577176773, 41.43088565548146, 9.316159542057108, 0.03868244987245362, 0.021100098796182465, 1.3456979112460203, 0.05804887791930469, 2.264516869219392, 1.7389016713759702, 0.17500560969767776, 0.21998194319064623, 0.048264573872756955, 0.04904936077480215, 0.7853420344441702, 0.1543463663321063, 0.022230394332382275, 2.4656899927311997, 0.030277355396606254, 3.651019982007142, 1.0167584182186147, 0.13324916910494267, 0.000589325390706108, 3.923011347406714, 24.729582387293135, 13.947616613049718, 0.2281194296732565, 2.814183918338017, 3.224697799655246, 1.0637665900482034, 0.6049389214250596, 0.1206127955216516, 0.26680854492519757, 55.58506632241131, 172.58218370172165, 12.16909934945636, 140.41923987199345, 327.83078501646685, 73.99099684828172, 1.4181618797604187, 0.6750777075274073, 0.09001798481796186, 1.5545296542713345, 4.407458319028933, 0.5987523065446112, 0.9306619390802666, 2.714527164713047, 1.7837041541881717, 1.2519391529601194, 0.4070990452834735, 3.7489364925604036, 3.036800840509841, 1.328138997547967, 1.877336486071954, 1.7946087358194518, 25.81029343735429, 91.6784221487294, 38.56038795945324, 1.0553281274974324, 5.06844203528226, 5.377708121495289, 0.30263700836189855, 0.2732589140479149, 2.4054859135686684, 7.456555828547039, 1.409509555160298, 4.117045934535213, 1.0081227581792973, 0.3095415911072905, 1.1832768757948315, 1.573325457132455, 2.904365286583129, 8.179949312561575, 0.6561862909184129, 0.6135552005911222, 3.8990680395854724, 0.1967199873528216, 4.267664463070446, 0.46586134621009023, 0.05895766811534031, 0.022583837449246857, 0.35903993479382734, 0.0009066984362107178, 1.9462074690661666, 0.11073826707331591, 1.864236827977038, 1.4605639759964788, 1.7806043809340508, 2.860600961664659, 1.7550743944949545, 1.5268608718246242, 1.4902758541609273, 0.05775830434436102, 1.961148992327253, 2.620169988741054, 21.916203176258477, 37.00317579148191, 4.992569465927204, 0.7578245154440992, 0.7141464092065917, 1.5967159599254046, 28.826737506041013, 49.19517648516751, 4.354123493173574, 1.2143847998175943, 3.145572014616505, 1.4184328237031423, 0.4960840892985061, 0.26591156095696533, 0.7211643471080151, 4.084628981460014, 0.08290538114806623, 7.882967097874257, 1.5633726668736472, 8.555758368461966, 2.1010293198601175, 2.785098586134609, 0.17151766571737426, 0.013447328246229517, 1.5397762875730905, 2.0021732341316465, 3.709533737636775, 2.5310505308677875, 2.8588800098324327, 0.0830463625238167, 0.6567205763198558, 0.12186646539225876, 0.013682686462232141, 0.4434854321255557, 0.0684900353629132, 0.04052020497056219, 0.21188198301439343, 0.08248526155671243, 0.35390633406387906, 0.05199964755030351, 1.3045633669559606, 0.0985585479410247, 0.4374776283683559, 0.11958738872806407, 0.11798211496113709, 0.06743941437588319, 0.0033049558580273697, 5.684341886080802e-14, 0.16360733300962238, 0.040727097501644494, 0.030256562088823102, 0.10213601147478357, 0.0008368567835077556, 0.4047156512286847, 0.24564734508260244, 106.3278464169897, 584.4384907204083, 291.3524916205338, 29.243239433870485, 8.120971098266182, 0.002105997149669747, 4.48113041626641, 0.0849473141145154, 0.21456516100238332, 0.04617966734565471, 0.1469202664839031, 1.8597629837129261, 6.555779075359965, 0.26529293488727035, 3.0451236681699356, 0.05455390991187414, 0.7365534335384609, 2.111459436442715, 1.0622070039560185, 1.3726534965811652, 3.3941273507340384, 0.0891611326040902, 1.0654106867159499, 0.2843799446268349, 2.8735361600748774, 0.3130053283981624, 1.2071429965161542, 0.5350497310073479, 0.49988538812533534, 0.2809504169225647, 0.5920758884766428, 0.4717603276984619, 0.0038905788368310823, 0.07092495964889167, 0.03486884327526241, 0.024496071292219312, 1.4605702414306734, 0.012012589116807249, 0.5485188616599999, 0.47931756197908726, 0.024457298723632448, 0.6427633947132563, 0.4145237075638306, 0.1413221429014584, 0.49882336473024225, 0.17871927479791339, 0.6673288528784269, 0.47677266314519784, 0.20882620826876064, 0.1426046565800334, 0.08850122258661486, 0.03553718716636922, 0.03523711946706953, 0.9362252016534285, 0.3886567398704983, 0.16309390492062903, 0.11701496978469095, 1.1368683772161603e-13, 0.33615527476433726, 0.20585050663123639, 0.05557125694099341, 0.6503832300930981, 0.23836825692865204, 1.3608943236987443, 2.570597248887907, 256.4695157718945, 815.7158272479396, 247.30645519535983, 0.2675190569764254, 0.03794148489805593, 0.45841830035044495, 0.016683660802641498, 0.33572284246315576, 0.016683660802641498, 0.0010573289508784, 0.026319937021241913, 0.0671634067003879, 0.0849131643502119, 0.3833740192066557, 0.4683394932243914, 0.1540851243016732, 0.12989842744946145, 0.004233878531636037, 0.004233878531692881, 0.3010440530136975, 0.3357228424630989, 0.004101172367427353, 0.009122758324508595, 0.004118388421431973, 0.412734847461536, 0.05093166714391373, 29.623247920962967, 357.4219832311645, 454.1069560655594, 58.38677742860432, 6.630918353384459, 168.67023942186302, 389.57108220960754, 85.67127021390945, 0.012745207922705504, 0.06405243491929014, 0.0007933359063372336, 0.0778776920431028, 0.09506718835621086, 0.20032995411321508, 0.4196988208851167, 0.003175926983089994, 0.5350291812815158, 0.0788854189944459, 0.07812723162027169, 0.007025755493998531, 0.007071028613040653, 0.7674683087679455, 1.5733254571321709, 0.040383427150004536, 0.16332819407426769, 0.16058773600394716, 0.08165752424963557, 0.39924668502442273, 0.6978880796449971, 0.003367620747667388, 1.1368683772161603e-13, 0.067786062364803, 0.10195984590075113, 0.18927069364963245, 0.36163613912401615, 0.9568814876298575, 0.6943480326515328, 0.4727455281412176, 5.684341886080802e-14, 0.41320255541199913, 0.06908781709506684, 1.4118818368496022, 3.234311072289074, 0.760003096699279, 0.09445849470557732, 0.4918683751363915, 0.038374350667254475, 0.2945461683900703, 0.31657584556410256, 5.718516324189409, 0.4176608965098012, 5.313580287681816, 0.12964683825248358, 2.3851061025847002, 0.037412804955920365, 0.03717981063539355, 0.3442777044429022, 0.006882493383386645, 1.55131222545549, 0.019238796871832164, 0.7764531450974346, 0.027946513445954224, 0.0031051578159804194, 0.6856216234805288, 0.6215229353025506, 2.8091174305933464, 6.653314025089458, 6.715632266197531, 0.23024029375380906, 2.941645465588749, 7.50829749813056, 28.97104463682024, 190.4284200362257, 178.40271756885386, 20.20594455693515, 0.8827316171917801, 14.467604467125625, 12.684545697634803, 1.0465168269020069, 0.0987722728642666, 0.30972466931552844, 0.02794585005085537, 0.058520149099990704, 0.18466542072440006, 0.8425321574087548, 0.20461528116584304, 0.0014284130210171497, 0.2780886280933146, 1.2563243521497043, 0.47406018935907923, 0.8344939207992184, 0.3320454504200825, 0.005670935221473883, 1.2436444253187346, 0.02865557773600358, 1.5521898446696696, 1.201069602705843, 1.0683893865754044, 1.6007360735799239, 1.8778579031504705, 0.17040056672169612, 0.08966233184958128, 0.606630447417615, 0.198800622923045, 0.42019745565130506, 1.2591078170215724, 0.3829795835465575, 1.9566048719939317, 1.8468471768245536, 1.3744712556277818, 4.491776823741134, 1.261701825178534, 0.10538509067453106, 7.136229306593918, 90.4480860117211, 69.96520930243628, 4.8180357209308795, 0.009817598483436996, 21.50312119104433, 118.92626736781517, 63.251812064117644, 4.426815131846638, 1.4641513059353883, 1.3690776578991972, 1.3484067376971325, 2.1120620243721078, 1.4258273179414118, 1.5924074696716843, 0.9505472360768294, 0.0013955550477930956, 31.70725615793242, 258.8787649311921, 314.8174766696102, 40.55944082398992, 0.9861816652977495, 0.019287914283381724, 1.0256016730896818, 0.3745737535450644, 0.03845701164414095, 0.018805913345659064, 2.221862380417406, 8.794607702386088, 0.09230106171423813, 6.418291857681197, 0.5865895616495891, 3.899008337936152, 0.9399691885554375, 0.9952840699959324, 0.03360362470164091, 0.17740257149876015, 1.3562230385040266, 0.16084132666310325, 0.8487454168177919, 24.699702794324594, 243.10982476697552, 291.7371378097272, 46.873545477125276, 1.496267811766927, 0.2906116498657525, 0.21676328258462263, 0.9117665165362041, 1.6265483190001646, 0.03491379880330214, 0.9402759880428562, 0.0349137988032453, 0.4557559589887319, 0.0014044978595961766, 0.022063480335759778, 0.0348151709036415, 2.23281307340244, 1.9976718102028599, 1.169736074686341, 3.047927322265366, 1.3163806151156905, 1.3494650334748712, 1.4653723084631451, 1.3704784012719529, 2.98523418643623, 9.166328734061608, 2.7793560997502027, 0.18590096690979863, 0.6474321985240294, 1.4951873726297435, 5.459920423713129, 2.4131398304543836, 2.3028447199762923, 0.14733794662902255, 0.7610592283384676, 4.434672792170659, 3.2564544305568006, 3.1669158022123156, 5.168777130158901, 0.39457509533963275, 0.41087242380126554, 3.65096577212762, 1.3901017413350019, 2.3882336440929066, 1.0455651755526105, 0.24155162316378664, 5.143039680409515, 1.4316142348427547, 1.2850562369073941, 0.038543023070019444, 1.4053614310714693, 1.7453701829093689, 1.5713990500427144, 1.4805702730462826, 19.447188453072272, 271.8216426280096, 338.72054896920827, 41.15372301270054, 1.197141501511851, 1.4702918214111378, 1.8607827398236623, 2.9531806989493816, 1.9114096726254957, 0.40098751825996715, 3.679950434649868, 1.913079093401052, 0.13830342385574568, 0.835517486460617, 3.1561891761014067, 16.29355618398415, 0.040476581369489395, 10.313679946729053, 5.264163329617986, 0.6529650507901579, 0.2927973075355794, 0.42120342813382194, 3.714428794539913, 0.9951347242332531, 0.0208119375043907, 0.0544127038441502, 1.4307755170884775, 0.02588497068165907, 3.9869478918169534, 5.722369414746709, 0.3619896250175998, 22.113503731860305, 389.0005309635494, 367.66430217315417, 34.359077754259715, 1.3964111089660491, 0.044643279042475115, 0.030578347044752263, 2.3946646330994668, 0.8680735873133472, 0.4137955650358549, 0.0289920521328213, 0.07573879374149328, 0.634497301963961, 0.09574209508144804, 252.9398199859172, 702.9751977966894, 180.65222589277573, 5.4886239977809055, 0.22233313512822406, 0.004491088763074913, 0.08168416705711934, 1.705802332811345, 0.004551144589868272, 5.003998524245958, 0.19101086884643337, 1.0299831281215575, 0.04756565875766228, 0.04782454811424941, 0.00451547040722744, 0.0011357157533211648, 0.07251014199061956, 0.10302998840347755, 0.28864618910779427, 2.730969484480397, 0.01006869790228393, 2.0047488967130676, 0.04716829761628105, 0.9090139690392789, 0.2161720869075907, 0.05369396938635873, 0.28268178481471296, 0.35734826522298135, 0.7998031854192504, 0.013627184628376199, 5.277685675699786, 2.258169398582936, 0.8718750001107765, 0.21180059571759102, 0.2527786688146989, 0.47831180553089325, 87.20468159078564, 580.8012830823294, 588.7799164439639, 94.18936846534154, 0.001653953952484244, 0.006762968023394933, 0.33255423331672773, 0.4435054152241378, 0.04384369174050562, 0.34074270982046073, 0.1738397689350677, 0.11009385705517616, 0.1679328381861751, 0.3336999712711304, 0.4343692781203572, 0.4946159393489893, 0.1775864890226444, 0.11125539982361943, 0.06439144874258318, 0.7104599134454475, 0.007103095081333777, 0.45794937895982457, 0.04415695668336639, 0.25573055917976717, 0.7261109359540683, 0.9677728076225662, 2.275960773875113, 1.3415885094995588, 1.3811165463094426, 0.08624063540554516, 0.0017918579191587014, 0.028721998922492276, 0.6906069607312588, 38.15197819505033, 506.335340830874, 775.6490795438492, 98.85736174851286, 0.9410709111373308, 0.029134545509350573, 0.11719404776670217, 0.0011624904101381617, 0.7455351757820381, 3.1638761463224228, 0.6597962041178107, 5.415245357326512, 0.372496106473136, 0.3594728308970616, 3.1754003379396636, 0.8608306269065906, 6.428413160275909, 3.203669241825878, 4.132061733090268, 0.1132288141901654, 0.18762565897020522, 48.99518286472028, 67.1636267970274, 3.1969479687369358, 2.3446614370064935, 0.0036021807609358802, 0.1128276108195223, 2.5369271274869334, 0.3679446384339826, 0.9545418296081607, 0.013645929334415996, 0.7409704193638618, 0.16898235840005782, 0.6745946207120141, 0.0015470270506057204, 0.36913283116734874, 0.055467811257699395, 0.2591356043842552, 0.046589485595518454, 0.01892803320481562, 0.9105262363359543, 0.0015395206926314131, 5.718194436526119, 1.939469708398292, 1.3945532743806552, 1.1618378007657384, 11.13799165594014, 187.3170966966528, 343.68789364956706, 66.2229740255409, 0.15413185813787322, 0.494836649467743, 0.0012543012535388698, 0.3561659789779128, 0.060841326856063915, 0.005049376061663224, 0.5049919777425771, 0.005075405453339954, 1.8750922786638853, 0.8321492456778401, 1.777903031255505, 1.525355065080987, 0.03209366979837114, 0.020729039701279817, 0.0050885203606867435, 0.03201021088841571, 0.2180992954147314, 0.18607860491795236, 0.18607860491795236, 0.3290895733439356, 1.4435278919128223, 2.811454610144608, 1.3877250328447417, 5.0368732531672435, 1.7833469801892647, 3.863176144802651, 30.436435353792263, 39.28749603024846, 7.886005839755967, 0.0006948615671262814, 0.03356851001706218, 0.15479791324332837, 1.913523611492451, 1.2979859403651517, 0.9793637336131269, 0.07297851115345111, 2.359375542454927, 0.6322689772397325, 0.0007587680499909766, 0.1750872883486636, 190.2980291809606, 690.8486091750567, 160.26180322449432, 0.31780921075471724, 0.011924288450245513, 0.25084237271050824, 0.00024373670134991698, 0.06297623211355585, 0.10805663740222826, 0.0022063929702653695, 0.0022157652291525665, 0.019920750153573863, 0.15477734120975128, 0.035612976124753004, 0.4557099860571725, 0.06324460113035002, 0.4772795540189918, 0.012031675186221946, 0.3948641803821147, 13.56494569099641, 84.31870138342572, 49.36660029947279, 6.234063938077497, 1.3390850456750059, 0.3805728995313302, 0.21729851090572083, 0.5668435288058618, 0.37791166913518737, 3.429147479007952, 0.03631181371360981, 2.436396318742595, 92.51340519355824, 480.01422377874064, 227.82390965567822, 4.218753976527182, 0.23737352570691428, 0.24150131381810525, 0.20254592305911956, 0.5114568039354026, 0.06843159098997376, 159.80336761583374, 587.6677013205058, 201.15648520604827, 5.674157772729586, 0.056533462215384134, 0.4297408671214953, 0.5301752777781985, 0.0013088619440395632, 0.22290010891913425, 0.2538996752816729, 5.059501701345994, 0.6682984867532014, 0.4007084506023375, 0.00031091804930838407, 0.5869197663001842, 1.029261600981613, 5.003482349652131, 103.75339230189718, 202.02099683635993, 53.7531076356895, 0.39545442448275026, 1.5955675461431156, 0.044953153389769795, 1.2758776618069305, 1.7046083691504919, 6.50832173695278, 1.7861204924230378, 1.1368683772161603e-13, 1.9768020000313982, 1.8086515814819677, 1.416086021923661, 0.1118022281290223, 2.6109809592644524, 1.3991168481785508, 1.7535039506384464, 1.4640009571910468, 0.04147503994852286, 1.7908171195213072, 0.041475039948409176, 0.4904543520634661, 0.3500737362203381, 0.1330563693353497, 1.5614432286107558, 0.8041277111386762, 1.6269280975567426, 2.831493683435042, 0.0331479142439548, 1.375852675086776, 0.22306868359100918, 0.14970980916007193, 0.006262708963731711, 0.05479567134682384, 0.5337421142221501, 0.3544206486343455, 8.258630550326984, 54.99543174894632, 10.39986981217021, 3.681785842328111, 0.0009488761780858113, 39.57483443969579, 253.04152867178414, 128.99885024908906, 8.343827771413771, 0.08398160639740126, 0.023545731052308838, 0.001485413263026203, 0.40457276221434313, 0.06312901513069846, 0.024010579154946754, 0.19683309618847034, 0.1794565610692871, 0.052855138642826205, 0.023600583278721388, 0.23056713284995567, 0.00332528226181239, 0.01820344609404856, 0.1342170971900032, 5.783228427593258, 51.90326949273867, 40.602709238591956, 6.606991931058246, 0.4424569005516332, 0.8270792255185597, 0.00649567610446411, 12.09312974428508, 183.43280435794588, 192.10935473524285, 24.857116024101856, 0.6196885640898699, 0.3143513287930091, 0.9498667323755399, 15.536469986005386, 123.88875359304598, 69.9593103331506, 0.02760368259214374, 8.302568329251926, 0.09941858103377399, 2.7332903312200187, 0.6013848240841071, 0.08506446439662341, 0.04079417855666634, 0.016230421935802042, 3.140987182236927, 3.3355991323446688, 0.49929701747828403, 0.05213193455244891, 0.12399943406717284, 1.2850720290767867, 0.7306161475454473, 0.5736478040810198, 0.11711048542952085, 0.908763487887768, 0.04721735897567214, 9.865969827048502, 0.7461758114625354, 3.334394757618952, 0.7151622033447893, 0.07359829077267932, 3.2429254595924704, 20.5518348641923, 25.380673907646724, 4.872356380922497, 0.9393518935319207, 0.5043039964723448, 0.2064129861537367, 0.438246075158645, 0.4341120517000263, 0.03723842990700632, 0.0002554046010345701, 0.5420879670858767, 0.06569049338895638, 0.43005275042094127, 0.3761417625721606, 0.6826898046703036, 0.01681187610950019, 0.9739279105396008, 0.6985007521242323, 0.004121560412158942, 0.5456948646218507, 0.2037632198199617, 0.004174707885113094, 0.5954999082484846, 0.6683668163121865, 50.445715135990554, 471.1958935218004, 470.8868860063335, 47.80659480497047, 0.04676707561418425, 0.2747697908611144, 0.11593914486695667, 1.1368683772161603e-13, 0.1616166301737394, 0.015527930218866004, 0.2774625734562619, 0.1420040237924809, 0.9682651878442812, 0.28357462164166236, 3.189569233295117, 0.0009657112896661602, 3.305841267205551, 45.73149423640268, 177.30410409535597, 78.4331273491456, 0.08106742679467516, 1.5003199110464038, 0.771577348613107, 0.8360308275218813, 1.1766604830455094, 0.35351043249988834, 1.6432171041886932, 5.022058694836119, 0.6098669001232793, 5.3977086107215655, 1.5651396764104106, 1.2492073242784727, 0.8189333009173652, 2.779460140813626, 1.1368693739505602, 0.2453308472123581, 1.6807591705074287, 2.3149627792525393, 1.285939241783467, 1.1219893521094377, 2.285749972485803, 2.999499567895782, 2.446264599667245, 0.5406798806153006, 3.316074178157237, 1.9111602616089272, 8.266038871661976, 0.1046951937565268, 6.14537827695051, 1.0996813861264627, 2.2668350439603273, 4.013438382613117, 668.1083853618129, 1676.4660215535855, 260.2004286748506, 1.8046763177133016, 0.04178465818802124, 3.410605131648481e-13, 0.09803641838720978, 0.01578589156167709, 0.522210946494738, 0.14329277004378582, 0.03609381775140719, 0.0002503131971707262, 0.002261352949517459, 0.001001522983187897, 0.11009190977722483, 0.02498420677420654, 0.4219221868991099, 2.2737367544323206e-13, 0.7027741229038611, 0.015912794429596033, 0.029932763494116443, 0.06378801571349868, 0.03584222664539993, 0.43649974981565265, 29.12293203538684, 236.1876519170529, 132.9394528045234, 1.1771486605198334, 1.643714105889785, 0.20658774357059428, 0.011497824557636704, 2.4350100713897973, 0.22080151553916494, 0.4882164380599079, 0.17890354842074885, 0.11568556120471385, 0.4320428366019087, 1.0571950631608615, 1.0308580045566487, 0.00422012463639021, 1.4062278580290695, 0.7716814953339508, 0.7383827793026967, 0.8900286087932727, 0.3385314643300035, 0.6314694490507691, 0.029448594335576672, 1.7365535256908515, 0.7921465891661228, 0.06883323057309099, 0.7921465891660091, 0.42140949304689457, 0.11916692897148096, 0.007397619555149504, 0.9709240576468119, 0.22185698690179834, 0.08857156483827566, 0.3265128157044046, 0.07735476101629501, 1.3228481888763781, 0.011542096152652448, 0.1844098932513134, 11.408373390519387, 75.24673927228832, 93.57030426364565, 18.433360076276358, 0.4683425580257108, 8.716466088182528, 7.983208003140248, 0.03049718412353286, 0.48215163326722177, 0.35765620663403297, 3.8817768560130617, 1.104411720168514, 0.000298291020499164, 0.09804781710340649, 0.3909386923855891, 0.4341899633387811, 0.3288126314242845, 0.029612751968784323, 0.0588201920420488, 0.4314277146472705, 0.6017651082169095, 0.96490692507939, 0.30304786129863714, 1.914737171502793, 0.04321479779821402, 0.8796358198226244, 0.9612571554991973, 0.36728040996115396, 3.915980756286217, 0.036818005347527105, 0.7387344806614919, 1.302344488606991, 0.5780606857551902, 0.042321864626956085, 0.018892539854050483, 0.719424249333656, 0.36657829747036885, 0.059930076898353946, 0.22254340151812357, 0.23863625223475537, 0.5877743549142451, 0.019255761859085396, 0.7301343266013873, 0.18907552167752328, 0.011145192649678393, 138.98230142879493, 572.5297479970752, 175.77041519813133, 1.2735692396855711, 0.06659371739920061, 0.27156703212574484, 0.1530840039896475, 0.17869433525163458, 0.03852046493381067, 0.10607768042387988, 1.1368683772161603e-13, 0.0010482948869139364, 0.2052540921107493, 0.03794148489771487, 0.12341810195368907, 0.26695051649454626, 0.45456548795351637, 0.0010242220600389373, 0.016935552881022886, 0.5068793917296261, 0.2675190569764254, 0.15242372204681942, 0.5090523097310324, 9.638629242661409, 422.28209329386164, 814.981450321607, 141.30655396435827, 3.695410695626947, 3.2042896692972818, 1.9401707538634128, 2.6738307560679004, 2.10999336226007, 1.4172300312783364, 7.04069764136716, 0.6934274547018049, 3.0483723252265236, 0.44505777136077995, 0.106535541176072, 0.5322659352341361, 1.040141530757296, 1.2410673228249607, 0.3988108143590807, 0.3992203545733446, 0.028928827808954338, 0.822914382619615, 0.03443659954075429, 3.1163848987637266, 251.89638009014857, 1409.933321280207, 533.516535186367, 0.9413393328517827, 0.0018049378782052372, 2.946843966734207, 1.0639104939947401, 2.4955386542895894, 1.0392812619531924, 0.027522801311476996, 0.01601075644583716, 1.4620128089459286, 95.44810547399413, 524.4125444894831, 402.59143100164385, 39.03783100509804, 96.73012423948148, 308.8787042016952, 82.47273868249897, 2.1976472991065066, 0.05199964755013298, 1.5838746430442825, 0.5831293651667693, 0.887602879102019, 0.11160961361667887, 0.5991186549557597, 0.037827559830475366, 0.19747756240076342, 2.4969271451951727, 0.24338507611832938, 3.8900106514468007, 0.2713892601268526, 0.028723676180334223, 2.0674149363491097, 0.0961512590985194, 2.840946146570559, 0.1317194360111671, 3.563026877121729, 0.1317194360111671, 3.5630268771215015, 0.07812723162044222, 1.1193477656024697, 0.275641798951483, 2.3139897079000775, 1.43907345180412, 6.672077485566433, 2.289826703000358, 50.73464755423743, 105.97443911315406, 38.21271837578195, 0.04531760503289206, 0.9420587374004299, 0.004053655006941881, 0.8627179210666327, 0.5732414556964613, 0.035514364275627486, 0.0004352575352868371, 0.29410707209888187, 0.052427907172159394, 0.6656939646678666, 0.8911837647860921, 0.09956335982326436, 0.0540925341174443, 0.1741846102904674, 1.4570806827545084, 1.148923778430344, 5.170596895226936, 0.02209069516038653, 0.9243004462324507, 0.5727123699340382, 0.2760584716293124, 0.010891355976923478, 0.3144495609133173, 0.31444956091320364, 0.1391885941303599, 0.31444956091399945, 0.33530092310365944, 0.17308186280740756, 1.4079016619875802, 3.221696725664856, 0.28124569331487237, 2.653558954662799, 60.69860842718356, 627.5762963515722, 450.92613307223064, 20.303711714709607, 0.2916578194187309, 1.1976408515639037, 2.9892487890266466, 179.18080753470997, 459.1822739833942, 84.53733378472043, 4.100096273852273, 1.9670007322860101, 0.8065287339130691, 3.872171020744645, 42.335297887622914, 12.891872105723564, 0.007426249242485028, 0.007440645546239466, 0.004163166295256815, 2.27090938021945, 1.5636493913040113, 0.01573369047741835, 0.1110732494040576, 0.021543173324971576, 0.2302553762400521, 2.0355369386815028, 1.490884878125712, 0.8953956250302326, 0.43329542536650933, 0.08519480271161228, 1.2827543481657813, 0.32288935387282436, 0.34902616280908205, 0.03617689087616327, 0.21486874598235772, 0.4918984770899897, 0.14655309074657907, 0.6172164081829123, 0.06531921503324156, 0.12907652632623012, 1.7388422597894078, 1.0997393357442888, 2.4780966723975553, 0.7363983968466528, 0.7163135944098258, 0.19496547078108506, 0.34016785149469797, 0.5894588093653965, 0.9269528941478029, 1.739398751409908, 0.09190604427908511, 0.1956080702360623, 1.1368683772161603e-13, 0.14847536989611854, 0.1477116197589794, 0.29880313431704053, 0.03328545526835569, 0.3139287212427462, 3.0552435891927416, 0.533607881669468, 0.7160214078139688, 1.1878867111877298, 0.07769759771883855, 0.2895940885019854, 0.014318563978918064, 0.15843563481314504, 0.00039690924654678383, 0.5099526292121936, 0.0015896235840955342, 3.2605141318871347, 2.7696214828151824, 0.22354066712478016, 2.2034831089289355, 5.191040944197084, 3.336343396640018, 0.8403909381544281, 4.4419793540482715, 4.129447027332731, 0.21244471778641127, 105.22200714058454, 837.769968916908, 440.60353919649083, 4.9648159556961104, 0.3775332005330938, 1.15694033262605, 1.9462173106248315, 0.09595286818091608, 0.4735121087286416, 0.6130814650121579, 1.2836080616556842, 0.7406316382561045, 5.471221927078034, 0.2550490118694029, 57.694803518948675, 329.4805364898792, 245.97990672649837, 23.60301224932914, 8.680773130171701, 3.8628710419687877, 0.9811978086279396, 1.833727763380466, 0.8406255423113862, 0.7281858882995493, 1.8829674132608716, 0.15041159809254623, 6.4530944854453764, 1.468832143722011, 0.7203218537829343, 0.05082803484310716, 0.10389681617994029, 1.5276295877577013, 2.157137244233354, 24.537789675562294, 185.5962135336324, 190.08009222948272, 28.379059914828645, 5.054294199703065, 1.8718254171320154, 8.87282535024815, 4.816302710284731, 3.7690115592317284, 7.04155068025932, 0.16239064979924933, 2.410516326212587, 1.787538003136092, 3.412986171022453, 0.3675990430810998, 3.8416444072628337, 1.7654119150247425, 4.463999733416131, 0.2868382643836753, 1.5023907003666181, 1.0999019883636265, 1.0909896841738487, 3.4716013627429447, 0.23838239960264218, 9.591361222196497, 38.61160048923904, 24.789092459042536, 0.114904599303145, 4.522731385728605, 0.029259897185056616, 0.28011189870210274, 2.0281584061928584, 0.8964213895149555, 3.760501622665629, 0.19527950972843655, 1.3408122579077144, 1.5879977224513482, 4.197252490135554, 0.5801129367594058, 3.6463942971953998, 1.454426431614877, 0.17802161617510137, 2.4759323797415504, 0.2749744788462749, 1.3709972757684454, 0.7660743624257975, 1.2018639784492962, 0.8733172835737832, 1.3155383824597493, 0.9985447257972737, 4.706643457581947, 1.5856419800386448, 5.508224494908802, 1.6920933328682395, 3.216944830630325, 0.5999889367242872, 0.5714097538123042, 0.5808182240614883, 0.22504275158070186, 127.52223000146898, 392.5990200539344, 150.5364470163778, 8.775513136690961, 2.2434988423559616, 0.08692745194775853, 0.1388532342811004, 0.32646598801909477, 0.030393621370535584, 0.2233532491004553, 0.13762606374416464, 1.4238497053437413, 0.3159961974538419, 1.1445540345912377, 0.2889365140264317, 0.4354708991786538, 0.8986361647068861, 0.4035607915187711, 3.5871510653059886, 1.5659859600112895, 1.0908051979175752, 0.30871570382328173, 0.7541077962702047, 1.029617915617564, 0.12227993580506791, 0.7474584957074057, 0.005575350720505412, 0.2528078252478281, 0.03992778393637764, 0.9021164984058032, 3.278151631464084, 3.1912647313554316, 3.8457901515948834, 102.52471841009014, 239.72667914395765, 60.98942088298429, 1.2767906938207716, 1.103795587444381, 0.35357117866749377, 2.0995654056300737, 0.8546459512509728, 0.6986522472838033, 0.631888134970211, 3.027757468856521, 3.252637599781224, 76.58616518175484, 459.6617315241956, 401.6802283145987, 59.74294604231568, 0.17646134826441084, 8.00812986329845, 0.45894031720115436, 4.527726510823754, 1.7166861727802143, 0.0029541551215288564, 1.3101715532870912, 49.58170860936218, 161.70119683243058, 30.677576035863126, 0.5230925130558148, 0.00225953516098798, 0.1447815556618366, 0.11150046040546613, 0.16354081258720043, 0.25615444579807445, 0.05749667811710424, 1.911805176750704, 0.301831356419882, 1.2472531926604802, 0.020335853062817932, 0.35745191847593105, 0.41991518735829914, 0.3292319854313632, 0.2796202452907437, 0.0052275083552331125, 0.045943765893127875, 0.5846249528859744, 0.00225953516115851, 0.06823172904501007, 0.35872518839613576, 0.36000741294435556, 0.2302645622743853, 1.2560599559740808, 0.20309601198414384, 0.09419947791803907, 0.2905070406084178, 0.22206307839684314, 1.6922382940151692, 1.19264617825786, 0.0465445807086553, 0.7756522803706503, 0.3805409902442989, 0.0272806108603163, 60.23593231340544, 393.91772547954054, 238.85205563533918, 9.449487913129133, 0.02502473223302104, 0.28806103905037617, 0.18761483538463608, 0.10250343693240893, 0.025551652562739946, 0.10250343693252262, 0.8680799365232019, 0.32854407992562074, 0.5979185083692755, 0.392078394910925, 0.13833102078541515, -0.0016483178076782679, -0.003029926819465345, 0.09921287956990454, -0.003051101940229728, 0.8069503104243267, 0.4008751300016229, 0.17423964850411267, 0.002700067123384997, 0.3267563117781833, 5.684341886080802e-14, 0.1308868252370985, 0.010771010937844494, 0.0027297658618294918, 0.06787291256881645, 0.024841358594017038, -1.7053025658242404e-13, 73.51594303107561, 996.3172797859086, 1114.4331529395504, 56.22798947082674, 0.4447984626527841, 11.414687832287655, 0.19843984945850934, 0.08785067416329184, 3.857055029224398, 0.1664740265467799, 3.8570550292245116, 0.05601855344332307, 0.06458515448150592, 0.07257552465330264, 0.0022823386163963733, 0.0022724164460896645, 2.6191618578131965, 0.6737800394504347, 0.6333112280875639, 0.3699513870183182, 0.334560373712975, 0.04082642375180967, 3.0713016344097923, 4.044608296698129, 0.10219043115353088, 1.2833427424372985, 2.110113628873137, 59.610880521384615, 91.83729901227525, 19.712203813297947, 0.7236732174997087, 0.006321592317021896, 0.0669664521502682, 0.10199175874549837, 0.18903546542719596, 1.185931090821441, 0.006203230118671854, 0.006123412878764611, -1.1368683772161603e-13, 0.030838561488621963, 2.119806375376129, 0.32277764616264903, 4.454580620468505, 0.0003884926899218044, 1.4015696579912174, 0.1864351662363788, 0.06454898907315965, 0.41034694483448675, 0.0015370343256790875, 1.8201288823302093, 0.06533563539903753, 0.1559714420649243, 0.003493583825843416, 0.1888805475686013, 0.7374104826702705, 19.52161762518449, 70.55209692444407, 59.818009802760116, 3.0783100928891827, 1.3559240782519737, 0.31670150588308843, 0.0023384429188126887, 3.1754836818059857, 1.3581545574766096, 0.23798655611392405, 2.729632618841265, 0.18072543972323274, 10.590418205925062, 109.806500578042, 282.5222733901444, 48.23510002973342, 3.6944530471663484, 0.19708645590378637, 0.820313847380362, 0.7332938989821969, 0.3074779446251341, 8.435512260839573, 0.879085792445494, 2.0398961233329373, 2.792181343973084, 0.3313820698664358, 0.0045294749438653525, 1.2749945140374166, 0.24681609732897414, 5.067282608818687, 24.74504417597018, 41.86582504070759, 20.220487007973134, 1.0623009742995464, 0.012343872562041724, 1.0206435282403845, 3.1739747936491085, 0.1764613482648656, 0.9138121587265005, 0.2428344862926224, 1.4327196696619922, 1.0177377534955667, 1.3468674251885204, 2.1343818776529133, 0.0003316980871659325, 0.08256503870416054, 0.8805629215628414, 1.3010738730735056, 18.954650145087385, 69.09208660098966, 44.75333309810526, 1.7346432790773179, 0.00804819432619297, 1.4082743346481266, 1.7039714463901419, 1.9829110291790357, 2.6131297904113353, 1.4364393391581416, 1.3999109186256646, 2.77840768612964, 11.735059852804397, 0.08305543502706314, 3.8273690683362247, 0.3132450287480424, 4.294952643971897, 0.22148528058721695, 6.103957153350507, 1.0268742762358443, 1.5861193610347755, 1.9429439292806592, 1.6420987238522002, 2.8821107693092927, 4.313232296989099, 8.047324555092928, 0.019211756520235213, 1.402817554057492, 2.8737169555122364, 0.29435632158185854, 0.01762911067510231, 3.9140979805683855, 2.4420219519064403, 0.011780115110468614, 4.488095126790768, 2.5262733962681523, 12.424111856937884, 69.63078217973725, 32.522781974466966, 5.109493134278409, 1.9531489198036525, 0.09292226015350025, 0.17102312559939037, 0.27152058677381774, 0.2713348404491853, 0.14485555162571018, 0.5716774540924234, 0.106535429682026, 0.33299715578880296, 0.4182798026911314, 0.011602725194734376, 0.0384331566099263, 0.001290955439571917, 2.3538532805116574, 4.2076734251249945, 0.06610349996105924, 11.430367178828192, 5.724563372660441, 0.019684146712961592, 0.13738820291848697, 0.9154513951666559, 0.0003138196780128055, 0.05426449240826514, 0.7350680670556358, 0.015841316750311307, 1.0747373059663232, 0.33554057034223206, 3.069753874365915, 1.2867705730692478, 0.657709917433408, 3.3793856646510676, 0.5216348269439095, 6.078023192318483, 0.34637153014568867, 0.3579581422852698, 0.8514257269782775, 137.4535837260221, 835.2259625767748, 313.8505450675664, 0.1484196375507736, 3.9434201238696005, 4.382518688977996, 3.9587209459217547, 1.368474855504246, 1.8806299169604017, 0.47159721434309176, 1.4820175013875883, 103.66220400033592, 548.479467991839, 250.22003307680166, 6.8615662087074725, 0.6158344305222272, 0.1929907318798314, 9.319918870342576, 1.6103717936289286, 0.3575999247022992, 0.0603426592242613, 0.015152062715515058, 1.0305093663208709, 1.681208060687709, 0.01456150838407666, 0.010006062094930712, 1.1140788686279848, 0.6311404123536022, 2.974558930710714, 5.008847006874703, 0.10606638918886802, 2.201576083785767, 39.077026013604836, 405.65184242424743, 388.2448674002477, 50.02266183155166, 0.7534208102231332, 0.019100316406081674, 0.3675990430809861, 0.4894265459573717, 1.571233683036553, 0.5110265883650413, 0.689277177138365, 1.1878706905065997, 0.6892771771383082, 1.533377733776092, 0.2973529644298196, 0.2524869957193232, 1.6631558247964904, 1.5175360524937105, 88.09398789980412, 375.8023050156637, 170.55508882626816, 12.114096901803919, 5.948269852375688, 2.2166898360877667, 1.1368683772161603e-13, 0.08293325805914264, 1.698736580953664, 0.0004203347891689191, 8.914063033903403, 2.31358892554033, 1.9394764105788909, 0.3984469262730954, 0.12387444000069081, 0.3380216617650831, 0.1389389645639767, 0.5734448211791232, 0.0017307957972434451, 1.0110793892789616, 1.144232171766248, 0.01078334090948374, 0.779301194522759, 0.3588767689677752, 0.05223864313472859, 1.1659040023092757, 0.5232131788038714, 12.110403488456768, 26.109146371674797, 8.087764184191656, 0.7340872291459846, 0.7314071507614699, 0.4028043370811929, 0.0031603522163550224, 0.034538827049004794, 0.6986755437109196, 0.03479265483167637, 0.26882639995255886, 0.13866205838360202, 0.27439121349880224, 0.35654598387952774, 0.05069730280354179, 0.0686984266625359, 0.2916465522781664, 0.3529120360575462, 0.041354333906724605, 0.37545090443973095, 0.269607869904803, 0.12509660174544024, 0.09978121291726438, 0.07785458747275698, 0.027884868669730167, 0.37436000808793324, 0.09920223164647268, 0.00033980638727371115, 0.04933984833587601, 0.1658379123114173, 0.12509660174544024, 1.1460666949261622, 0.17027403942267938, 0.5964942741386494, 0.09026290088479527, 6.807779638283364, 285.2658538037674, 898.0269646984132, 266.8888041060286, -0.004245018255119248, 1.9878887474723683, 4.287502968486365, 0.20011978026565203, 7.09669086241297, 2.1121501978088304, 3.00305849524176, 0.01072078924721609, 2.67107337262496, 1.187504555004125, 0.69035966384007, 1.1368683772161603e-13, 3.285334538367522, 9.740082233733006, 3.1336585871601415, 4.5183115722572325, 4.523860863623838, 0.01091019396108095, 0.37637288531755075, 0.7688840186239077, 88.98729045639266, 262.216317925291, 66.98812310951803, 1.833441547399275, 1.2683445831561926, 0.11153120053234034, 9.441765507405194, 48.77283161480432, 72.30464055111406, 13.433576894274097, 1.1368683772161603e-13, 0.0816286013066474, 1.0497526983459693, 0.44490767921399765, 0.001205148630901931, 0.8405612522543038, 35.588776959683344, 2.060914922632719, 417.63511484346327, 638.0056531014501, 66.5494916312723, 1.741658335009106, 1.620323436818353, 0.006021647989882695, 0.31739899959870854, 0.0015089952091784653, 0.6692138670863415, 0.3438966639633918, 0.140361757971732, 0.2850775296745951, 0.039024496960337274, 0.32860661879772124, 2.3501224648457537, 4.008231696165126, 0.0032818666905995997, 1.1405664252985162, 2.1672684547579593, 0.018260559162172285, 2.8921419851567407, 0.6794907496040423, 0.009005567456711105, 0.07122581801297656, 0.6445108582041712, 0.6550958432241032, 0.03728111451312088, 0.03760560766284016, 0.001495935503498913, 0.270193365240857, 0.005988456389104613, 0.3119488164238646, 0.13432221181346904, 0.25103901378008686, 0.7350666443837781, 2.116756995306446, 43.34380514175132, 277.47055274508045, 84.44865982098383, 1.3608128263683739, 71.0121847504148, 168.54428074036264, 31.831865376642327, 1.4422735468314158, 0.0015283935410934646, 3.5053679509267113, 0.0983708568755901, 1.3890719986761724, 0.00038691391216616466, 4.766500928859045, 0.26445992308504174, 7.106997089670244, 3.797569439263043, 0.4586857929900816, 1.8921937520275378, 0.38387559068519295, 1.7884925570887162, 0.013295966652890456, 0.052409369640940895, 0.1185579376857504, 2.9711030946439223, 1.6241383789653128, 1.0686713496586435, 0.038118083013500836, 0.29530032153297725, 0.018655410443329856, 0.00038102721657651273, 0.1864351662363788, 0.024317595149454974, 0.469405151329056, 0.4576041148937975, 0.6556083550752874, 2.886878026338536, 3.5745057447945783, 1.6256438982237569, 1.9349620210948615, 0.5058293153487057, 1.2694587955877523, 0.1468207424367165, 3.12667739552478, 1.5052166714083342, 0.0061382255447597345, 1.69973462629423, 2.874065542510607, 0.1321480093009768, 0.5538045430078, 0.4008106249737011, 0.31440335011711795, 0.8034013929761841, 0.8512830215533995, 0.01889735823033334, 0.6183348569830969, 0.25726975613235936, 1.4723196956296078, 0.3808708505936238, 0.9603207194644483, 0.0003674744350519177, 0.23310147502070322, 0.07244577174787992, 0.01814668064912439, 0.2538160190763392, 0.7654870213392542, 0.4186386907464339, 0.2983728641492007, 2.4147881026092364, 0.3572979427427754, 10.15031677952993, 65.9259215009655, 40.09066726394428, 2.839996560309487, 0.002307514573658409, 0.6290228368001181, 0.5124199253215238, 0.9390489418276502, 0.020297278947282393, 0.09215086303311182, 0.2711325100972317, 1.7107062751423427, 0.19205067416010024, 1.4316211055371468, 6.416536367486287, 0.016225547347517022, 3.4553224901575277, 0.006343292482938523, 0.024943930140693737, 0.17008411141273427, 0.006261208918431294, 6.3481261893094825, 79.827787609334, 115.33673656042106, 16.6422734191965, 0.041540114356280355, 0.11794746647797183, 3.1817280511054378, 0.07988933319700209, 4.118657265858133, 0.020152976437202597, 4.867099953083425, 23.835919875127615, 18.463699021689308, 2.8917737694793004, 10.433569792467097, 6.016359913494853, 3.734222421144068, 2.633569715098588, 0.35278264506700907, 3.336308413917209, 1.174291718968675, 1.7905112711583797, 0.2635240591718002, 0.007529010340476816, 6.06203728891569, 6.725584308707084, 0.28869155307575056, 2.547207887161562, 0.015521964677986944, 1.1015370388628298, 1.7341879390720578, 0.1741957829749481, 2.915717104399505, 0.27699344739085063, 18.498753258206307, 0.1001096220660429, 6.2873964801141256, 1.389553748610183, 0.28720962567354036, 1.9307257783665364, 2.412090665153187, 0.37493531122856893, 30.302723407404187, 343.8686100543714, 238.14399271210982, 6.005781349172594, 0.013424231975136536, 2.158843127395926, 0.7386927446150366, 1.6158985516898383, 50.48828608728286, 34.17830437560883, 0.02089298794203387, 0.5574674423472743, 182.4226332222488, 698.5751428114006, 234.71528558769887, 7.860164346889974, 0.0026327380586508298, 0.2979716992470003, 0.41785472435083193, 2.315550591457395, 1.011154406545188, 0.28760647109436377, 1.587122156958003, 0.6630390580198764, 0.023445965310884276, 0.007313163023468405, 3.7042289882737123, 11.128042805778705, 3.423453913029789, 0.021311003895789327, 0.30419191053078976, 0.5150113504224691, 0.17924431540461683, 8.311669278189129, 38.072078738014284, 32.03974587296034, 1.8879589707065634, 0.4484490256321578, 0.4774984275369434, 0.24927923425309473, 0.29927825536890396, 1.5185747091318262, 0.4905661546848705, 0.15780784651781232, 1.010972568573493, 0.4756500649317559, 0.4519088189200602, 2.057110992216508, 0.5523606235548186, 0.04839583862121799, 0.4307528856644467, 0.029679458884402266, 1.7006919835555436, 1.8509779776985624, 18.96667309386146, 224.43841981557352, 381.467027731851, 110.27548184743864, 1.6087906827395955, 5.681037434552081, 3.5003271501527706, 1.445324462391909, 1.6911556056785457, 2.079113629892049, 2.2064733121643485, 1.2315646182602222, 0.4300425694270871, 0.22135808800931045, 0.46627091285142797, 5.256449079209233, 0.28846205933143665, 0.8097030419858129, 0.3182664044870762, 0.0007184677318718968, 2.655291781021333, 1.515049092944082, 3.568850784294341, 3.5147135778987604, 0.12511593659007758, 0.1934962830131326, 2.7648515003998, 1.2324550240371082, 0.4183380285429621, 1.1140332657923864, 2.092843019621455, 3.340688623331971, 2.627033308046066, 12.072525424676087, 38.954565919705715, 288.622462330325, 181.5128369872357, 24.122710890535018, 0.07904695192280542, 0.8957315935131192, 0.024953546874598942, 0.3236215329351353, 1.9294170811118647, 0.31026382680670395, 0.5283217462836092, 0.15914601899521585, 0.42853734174400415, 0.3150059131578473, 0.020956344461296794, 0.35721194845882565, 0.055242147107719575, 0.06471761262753262, 1.4954275046529801, 0.7379349538998667, 0.283945606072848, 0.34389074294495003, 0.021447030419381008, 0.4118333616470409, 0.9265851111280199, 3.4830162407140506, 0.0, 0.32802122497093933, 27.50076697877671, 212.578971877384, 207.16351476829016, 25.398403306515547, 0.2892273902934335, 0.861243326253657, 0.13193030096783787, 0.710029931926158, 0.38059006183056, 0.13517524948417758, 0.020094832557333575, 0.23192108711128867, 0.3176064101566567, 0.3868255319031846, 0.2289089885439921, 0.17453021253732004, 0.615520314985929, 0.6597441160137123, 0.06263065219349073, 0.851576736541972, 2.112151397012042, 4.307263005877246, 2.112151397012042, 8.371663717342358, 11.76482336110223, 26.82920736320648, 14.600548771120316, 0.4597610019120566, 0.21561495301261857, 0.07693257438597811, 1.5427137725074545, 0.03411652738452631, 6.98498619230736, 4.160140478208177, 0.9124286963049144, 4.160140478207609, 0.2662484197470576, 0.9671356855180875, 0.12327910455212532, 0.06752234593182038, 0.002207891007287799, 0.013902633564953248, 2.5740258159546556, 6.679135423967637, 0.9788304424977241, 10.198398046885472, 0.3047085724454064, 0.9316779140858671, 0.4827066379396001, 0.02050362413581297, 0.0, 0.1297542311685902, 0.005069139319402893, 0.6592130323167567, 0.1452916913574427, 0.2262230093836024, 0.0, 0.06879368641943984, 3.4663848612505035, 111.18166584076653, 294.18798966667157, 75.9828538351278, 0.6619346459223152, 1.2099768088692144, 2.921758990633407, 0.3031970209703445, 2.0830911202426705, 0.8294396963303257, 0.5756638304600301, 0.6224830378350816, 1.0287962834657378, 0.8618538889917318, 0.05469729307469606, 0.05398214548966962, 0.5664417068460352, 0.42629441919825695, 0.6207753861516494, 0.6020736420784374, 0.5265808206232805, 2.0237340215896893, 0.41429981813530503, 0.021022690075596984, 0.45218441712574986, 1.8967723488685237, 2.144304780785035, 7.458176891488392, 0.22014809382426392, 3.272351958854699, 0.35794683424728646, 1.4838056410696367, 379.98593265084196, 1036.7388128613493, 262.0777334100344, 2.702214897127874, 0.14942904511201505, 0.023117434888604294, 0.0025576874730859345, 0.32743296781711706, 0.010240078333026759, 0.5251582501493886, 0.07330842231601764, 0.17848550979010724, 0.10328176844700465, 0.001134339528334749, 0.02297736381581217, 0.007083187589159934, 0.04088585067006534, 0.047998662908980805, 0.07259800646318126, 0.8141227900611057, 9.344003009952303, 10.356246779504204, 2.405419113147218, 0.08464760174467756, 0.47747665267365846, 1.2771132421959237, 0.4046348032915148, 11.886416381875051, 0.2841485267143753, 2.128009248820149, 0.07640187702008916, 0.4112483186806912, 0.008458691880150582, 0.4852886726084762, 0.03377439633982249, 0.8366295928947238, 2.04310847694137, 0.6848172846437137, 0.46604763216009815, 0.24743963104185696, 2.682497113483919, 0.020064427525426254, 1.3268735032568202, 0.031539652302626564, 0.0012848002505734257, 2.1883431903286237, 0.24961336054309413, 8.515570691986454, 0.1381194330698463, 1.5914345112845467, 0.1001754106558792, 1.078380957950344, 1.1670234946047913, 8.523916574748341, 6.50313000090398, 1.2253854428780642, 3.716122533714838, 0.18931928261235953, 2.35284815836485, 0.001201175695996426, 1.4800757109343294, 1.4610903083888616, 0.0012351031245998456, 1.5032607196010304, 0.06908931999714696, 0.07717156986132068, 0.9411687608052262, 0.09874719307845226, 2.569974444558852, 0.00030666201644180546, 0.35765620663426034, 95.3992212575215, 460.93662936834085, 149.20087150532993, 0.5781416513490854, 0.0008589236092575447, 0.37880653245144913, 0.19091429436389262, 0.0033676207476105446, 0.24564734508271613, 0.04143208005365295, 0.37355329900424294, 0.021360532490859896, 0.06790239587081714, 0.3047288302348079, 0.21931340162882407, 1.5941288737092236, 1.0358332632267775, 0.1304463409213099, 1.2233659487656041, 4.943045495538172, 1.6108697021381886, 1.9237089358043704, 1.8427927772708017, 0.05531175059462612, 0.37616178029702496, 0.16616268416123603, 0.275637972698064, 0.16616268416112234, 0.35193512763618173, 0.0077439293069687665, 0.684897900222893, 24.190230297928224, 145.3711942487223, 77.48041499181761, 0.5512534664620716, 2.2372405741277817, 0.8352115281843453, 0.49189847709021706, 1.7762253333751232, 2.2313838333236617, 0.003906657956576964, 5.600988654878165, 1.7146695755315022, 0.28553496640427056, 1.4027403794071915, 0.32499340550521083, 0.1123980379720706, 2.457485892611089, 0.1931813986633415, 3.9567450580013883, 35.57147069170537, 304.1995026859296, 290.0444788066844, 19.2338622095682, 0.04307953285945132, 2.0177800602121465, 0.7208182678057256, 0.04683299548503328, 0.016923797342712987, 2.4613893870654806, 2.364449940779764, 7.406697477563284e-11, 0.25542520605716845, 1.175121234228584, 0.6322158944219041, 135.12290705404644, 838.0083994708517, 641.6633836561184, 55.641865849238684, 0.06766736032727749, 0.09654391716173905, 0.728807132790962, 0.006732155413715191, 1.3138995927301949, 0.803029844202797, 0.19307787145169186, 1.090151312739863, 0.0010682020728154384, 2.1400412058419533, 1.2836187620896453, 3.0396368509952936, 2.642091226980483, 0.7016526407338688, 0.22673391782689123, 0.08569018503544612, 0.32426279161745697, 0.17658079766727042, 0.7192464087852386, 10.43156604062301, 18.508425089789966, 7.636373062843404, 15.59356433121684, 118.01149611982373, 110.09850832566224, 6.07357081778855, 0.593740187516687, 1.19498665756214, 0.980010386526601, 0.3442849214901571, 0.014988672892059185, 0.28893651402609066, 0.40010597504385714, 0.9919656389022293, 0.14771984092521961, 0.005190103866880236, 0.08289400936530456, 0.18921637167477456, 0.9992775648915995, 0.48791957442506373, 0.005498022281472004, 27.05180972211349, 48.95450673106154, 13.209324070862635, 0.1107382670734296, 0.04526715201961906, 0.809381198572396, 1.5579247278315052, 0.2272786190341094, 3.123014816882119, 4.702685906535862, 3.0687759504547785, 4.488831840338548, 8.227687927101897, 0.28817526432442264, 0.32079409966081585, 0.5151395485112289, 0.5969405247146824, 5.826222573919495, 1.4769099336961062, 7.636779118989921, 3.0076307488061502, 13.636431820793746, 33.723937216085915, 5.785103248670453, 1.4598698723517032, 0.05006331363597383, 0.022063480335930308, 1.9221617102506343, 1.1978263447350628, 17.08896515936715, 522.0455075300099, 901.7087562853383, 116.85905029808714, 0.4954016698544592, 1.1959475021120625, 1.2592977080660148, 0.9066455927243169, 0.21291905506666353, 3.2183685890219067, 4.364778057552371, 0.002216941953975038, 38.31869943717925, 532.8888893578162, 698.6053346470692, 98.83463149548822, 0.8733622768749001, 11.39366812292974, 0.2840229026093084, 1.0212234116478385, 0.20929581597124525, 5.228841773596855, 5.902284960569773, 3.3147676593713413, 4.240852441189077, 4.220713171179796, 0.41456395618706665, 8.867670367309415, 4.9297032657598265, 2.762616988635841, 8.445302348922382, 4.040526181953624, 0.14069308867658492, 2.0814347146437058, 0.1225554612722135, 7.387608219744038, 3.0806413707525735, 146.74207050255734, 246.80501327166473, 29.905552773253476, 1.3674559728868871, 0.13040786759125922, 0.3735384447604133, 0.03274023268136261, 0.024660519587200724, 0.2662386726717614, 0.22358516460576539, 0.7325211092496602, 0.032670812246635705, 0.52109841263416, 0.31357165263182196, 0.08514312625766252, 0.5486667955586881, 0.0020268757015173833, 0.07429715908631351, 0.43230927307490674, 0.018634072050758732, 0.051928849157661716, 0.073822646500048, 0.16574941794613096, 0.28974224489081735, 0.510305767656007, 1.1737809128357526, 4.751950995181517, 0.9435461588951739, 1.128835899354499, 2.2543860874801567, 1.3571691893779416, 0.17220545910902274, 0.3442849214901571, 0.0024056321526586544, 0.17199371273090946, 0.0006002894151606597, 0.9390083268526723, 0.5300989762382642, 0.7587417506051679, 0.4612103695061478, 2.2378324168475956, 1.8056113723918088, 4.835267518630985, 2.077767794895408, 3.042117763674014, 0.10144998702696739, 0.4860109086639568, 0.6729454790885256, 0.3561530131756854, 0.5572121854739862, 0.48353643288487547, 0.0, 0.02189547403963843, 0.7175539971671014, 0.5984216618322762, 0.5600743907081096, 1.3616755110274426, 0.15788390516217987, 1.3616755110273289, 0.625199909322987, 1.419341530443944, 0.03849026206387407, 0.048146026570975664, 0.2387892560684577, 17.83253042349054, 114.31688105476951, 86.7328708842798, 9.564943536830356, 0.047283046504844606, 0.6065148928794315, 0.01619634329017572, 0.04815345522638381, 0.04024860873551006, 1.1838032616444707, 1.0635590690321806, 0.0012891907737184738, 0.5206726942030855, 0.2685780103216757, 1.5340733468547114, 1.241548247397077, 0.5475720821291361, 9.739708412026744, 0.8773821742769314, 4.244673079695758, 7.7728935208892835, 0.3210363723165983, 5.073215541712898, 0.8887639148850894, 0.01088013539072108, 0.15729761487546057, 0.45486792224244255, 0.6063707444573083, 0.0760006444775172, 0.0990039192280392, 0.050636497699542815, 2.0129640216918006, 1.1340882318298782, 0.2650129254298008, 3.4921355149492683, 2.3681554792567567, 0.19216702980361333, 3.941260494999824, 0.02477502847023061, 2.3827489174085486, 1.4284417630793769, 3.1772323415110577, 0.4289706984852728, 2.9314701856299052, 0.0003005821940860187, 5.3120873271849405, 6.793745686325792, 2.54142606977598, 1.1338708339592358, 0.8872138730569077, 0.33796741327682867, 0.31477720254099495, 0.06638620416811136, 116.36947055152018, 462.818423059143, 136.92537901628418, 0.0006519622590985819, 0.01049484371736753, 0.5213208141251471, 0.14869103280773288, 0.45011884243399436, 0.0059965086357465225, 0.01629908560818194, 0.032737586126927454, 1.2372181206031314, 0.21484776690454055, 2.6200892262335174, 0.23348247767114572, 0.07712622384906354, 0.01024555617345868, 0.34490153488235364, 0.21053372335421727, 0.11092800510635925, 0.43693254938204973, 0.0006510876449965508, 1.097559763908464, 27.547305714258528, 245.7064931729476, 292.1905727425599, 21.317282461978834, 5.1489552248019095, 1.020743720742928, 0.9706113827282365, 0.2555063562249984, 1.7388618054947642, 0.7630498149984533, 0.44141587689955486, 0.3454974394801411, 0.17764354522904569, 1.8193734924206524, 4.291962638710231, 0.22789709243971856, 3.09581503228236, 1.0306407834914921, 1.2617335133752476, 0.2514366371692063, 3.5567091608675696, 0.1256096391052779, 2.4723323092527494, 0.6210809954253591, 1.9431575561226282, 0.7149398111109235, 5.560511395554272, 97.77216633836883, 286.82606503129773, 173.53796709486767, 16.386471757940512, 1.016758418218501, 0.8363845166197734, 0.333255321395427, 0.3358735735381515, 1.203321329427581, 10.037229702884133, 17.07697571536312, 13.216565236539623, 0.30529108800260474, 7.843660712162546, 1.2369718608175617, 4.717555734553002, 0.7568238551974673, 1.954888207577369, 1.6319631027731702, 0.008124611961420669, 0.008299636974243185, 0.0005069858019624007, 3.190163957254981, 0.0020311518346716184, 8.790606581764678, 0.5634060063192692, 4.519966632339788, 2.149218263671173, 1.2603562568197049, 4.498430694317676, 0.4189566071563604, 3.6936577652023743, 9.361984697359958, 3.250789732345993, 1.9028480353363193, 1.0942010479972168, 27.096436656625087, 96.86376662622683, 16.91257619656733, 0.6489291158641208, 1.260133629703887, 1.9402957866084307, 0.003420666504325709, 1.6359550008789938, 1.7369946313044693, 0.1808575335653586, 0.545650864503159, 0.0007933359062235468, 0.32447011812575965, 0.02839855520846868, 0.32447011812564597, 0.46111435989257643, 4.253390900546265, 5.894232812276641, 0.4147773088973281, 0.4904198081303548, 0.3480103043228837, 3.1610925667135916, 0.730920949430697, 1.9579253740025706, 0.11676568853624758, 1.7462565328686424, 0.30644528868208454, 0.08219886980043611, 1.570942156924275, 0.33656717734652375, 4.465477020126514, 2.226562409337589, 0.16836674385160677, 1.7047726201325304, 6.238087199854476, 2.6249755611517003, 0.04203632706241933, 0.07974500815714691, 0.2648839462113983, 0.113223826328408, 0.8923462540334413, 0.39601382485636805, 0.7070510307320319, 0.537507266254579, 0.09802920582296792, 3.6693227595652615, 7.861983890305396, 1.1368683772161603e-13, 0.45366952485380807, 4.581463554080528, 5.086975826089429, 3.6772378533013352, 0.3596770400300784, 2.865914292011439, 1.4268255920119373, 1.5961851283359465, 2.4978223597752276, 7.418241232611081, 0.9749100219461297, 2.159482838882809, 0.013062637607276884, 101.03572888936151, 259.79618727104287, 58.976167146157536, 1.2866474219181327, 1.1250406777434137, 43.468029891083916, 447.96154092783036, 726.3749687266798, 135.63002723028876, 0.01223014551567303, 0.012155328375740737, 0.04952601085733477, 0.9208389127641681, 45.64782427325645, 379.5623456590756, 377.13900338241797, 61.728134316892465, 0.9851963092114602, 0.15611870238763004, 0.011861607339824332, 1.8705015413693218, 0.23158980425080244, 4.22938253880443, 1.3963449903660603, 0.3878855674506667, 2.0247111627007826, 0.012223754885212657, 0.42430701749094624, 3.7974549957583577, 0.2485402160408512, 7.578598868599556, 0.5260678235808882, 5.156284663362385, 51.69779776951634, 19.40930430852984, 0.006353621317771285, 0.07190047703568325, 0.12070991881842019, 0.37674928145088415, 0.0007216638367140149, 0.07054515539931572, 0.37564940959123305, 0.13786970805830379, 0.03439237819873142, 0.18033646888068233, 0.1570200092119194, 0.15861328855459078, 0.024961578286024633, 0.056123739783402016, 0.034293388493949806, 0.08395910560614084, 0.6611991566863935, 1.432682233797209, 0.05419191703765591, 1.9855354095299163, 2.0905325607199075, 0.708056816428325, 1.47164028706311, 0.17501124005082147, 0.15306441343216193, 0.22118866208404597, 0.04425001893537228, 1.607014414730486, 0.22823968170882836, 0.16070926926346374, 0.3399704658045266, 1.0985767669609459, 17.46151461877764, 106.60960866673315, 116.49607596450528, 16.563295614625872, 0.08841969535149019, 0.028151011205636678, 0.18317988708668054, 0.9970244480739439, 0.028192396045028545, 1.834755750369709, 0.4060905806068149, 0.3147581404060702, 0.3166282287853619, 0.6196829651916005, 0.00871415581320889, 0.8412857001609382, 0.37572459671832803, 0.10007317847816921, 0.3989867996324392, 0.21579138582455926, 0.6070716079890417, 0.2907944687399322, 0.30837901323207006, 0.2522516204844578, 0.005550499991954894, 0.07751459289318063, 0.08841969535149019, 0.017017121401522672, 0.5575200941763114, 0.001391703267131561, 0.6736129032600502, 0.9941500733568773, 0.16440884072835615, 0.921204920502305, 0.048739623970277535, 1.9007061869813242, 0.5361925562699525, 1.2099144501185037, 2.231379091324584, 0.08841969535149019, 0.8260028548050968, 3.286229645968433, 0.033678154476206146, 2.468337264719139, 0.1332886219277043, 0.4402427253208998, 0.3645544742144011, 0.6982243834157771, 1.5290800692362154, 0.5812571569679221, 0.49788206924381484, 0.1754701070452711, 0.22637655720836847, 1.0524630462072082, 0.13423522453240366, 0.8744561792121885, 0.33741419071452583, 0.8438156460240407, 0.42763899374381253, 1.3773459336595124, 0.008368837940111007, 0.03346355014173241, 1.1434745168928657, 0.6693649462919211, 0.21952606179149825, 0.6107583777583159, 2.157218777172602, 0.24215148135954223, 10.211523227472753, 4.927809938257042, 0.4610315233610436, 0.6585303422220932, 1.0574420390341857, 0.00470536784291653, 3.6783216128817458, 2.032395004122577, 0.9527320560946464, 4.023637018266982, 1.1611097764541682, 0.2119319463474767, 0.3759551370912959, 0.018809693810339922, 0.05774952427145763, 0.5375431950865277, 0.001183015358492412, 3.2684747629399453, 0.05818793687012658, 0.8465414923196022, 1.389355185733507, 0.42281333629296114, 2.9468649775217273, 2.5210791033885016, 0.444715777245392, 0.014997110143326609, 2.399651169525214, 1.504765230523617, 0.04996678123291076, 0.06598329694259064, 0.0002969701071151576, 0.14359842071610274, 0.8832813334944376, 3.0694446215222797, 28.091486630921167, 230.24261450335928, 147.1013813427836, 9.53325770188178, 0.005443097306397249, 1.1368683772161603e-13, 0.009670582891772028, 1.7198253511272696, 0.26245654747503977, 1.7852124388191442, 0.3152181554198705, 0.04917233227331508, 0.13473288590159882, 0.2153739653156208, 0.005349534691504232, 0.37426741209117154, 0.11773116396329897, 0.2647349805607746, 0.03858612038538922, 29.1682405926133, 213.2354644274526, 174.59357990085869, 9.58597711205232, 0.018544092722720507, 1.08138210425642, 0.6134631878892378, 0.17722725735455924, 0.2732001883132398, 0.019955094927638584, 0.1837167179652397, 0.008849097354129754, 1.9981017308244304, 6.629386007411426, 0.6789754542137416, 0.4076493571815263, 0.016424332751910242, 0.18985649303641594, 1.1626201788298545, 0.8118945499079473, 0.8610593301304448, 0.8141733280809831, 0.09810723259130327, 1.4966153209846311, 1.7053025658242404e-13, 3.6782301378999023, 14.618714638872007, 78.53087350296585, 123.49346157891205, 26.83079301443081, 1.122773599225411, 2.853337806652121, 0.0030374376128747826, 1.6584024579003653, 1.684293338626503, 0.1611824861374771, 1.7565380845999243, 2.4893370787217464, 0.16888557579045482, 0.04921267272834484, 1.5562046540370602, 0.0007635229396782961, 1.6949671139255997, 0.7622163411773499, 0.8828266745302926, 0.03578612399621761, 0.9346926966021556, 1.1973153811278507, 0.4911518560593322, 0.47621823611655145, 0.017752023865796218, 1.5040089121109759, 1.2260288624398754, 2.9993030530613396, 1.285611158814504, 2.0096572071178116, 39.15322489808068, 144.89444976236132, 58.0507352994905, 1.5350711716187107, 1.9357002883290306, 1.6008864453530691, 0.0015849593820576047, 1.3439373097359635, 3.246502782822347, 0.10272364174801396, 5.756668979858148, 3.473578508269668, 0.2985237615131382, 1.1982677875458876, 2.440998871174429, 1.607582128512604, 0.5668321255398041, 3.1586708599886038, 0.3510590100229365, 0.9935769630144478, 3.7794159165640053, 1.163374465640004, 0.18876000496442202, 1.402235665804028, 0.51113599213204, 3.085900307423117, 1.4588949555825934, 3.9755636999606168, 4.755548469246037, 0.2829803958410366, 0.07861149367738562, 0.2662005814691497, 1.0813700418993335, 1.1708483587893284, 0.13632303890415187, 5.860365349646145, 0.6687886313857803, 5.631605136515077, 2.2846376637935464, 0.6430387872238725, 0.3343154002876645, 0.4580136866641169, 0.2535987198933185, 279.9789162385896, 908.1968480281427, 384.8837404473411, 43.68212771985907, 0.0177617922868194, 0.4329910993409385, 0.06202039640209023, 0.15881984458440002, 0.3919098196779487, 0.3965192057104332, 0.7368925598869964, 0.6960174114219626, 1.4434595275843094, 1.5568653954373985, 3.8881257372592017, 0.12228160270285571, 1.866275135729893, 0.004458974018120898, 0.606771329358935, 0.41852472993309675, 1.0179206148443427, 0.263809157829769, 0.3137437482776022, 0.054074484186457994, 1.4927929568538048, 1.4552220698031988, 1.745155111525719, 1.3376759141003731, 1.1764669187000436, 0.14462268224497166, 26.152454662708124, 539.2106729752309, 821.1216747696498, 115.13547253882689, 2.563232659114874, 2.675118544291138, 6.642931320220214, 2.0538943385346897, 0.4871875903672276, 3.4106511361028993, 1.7989909966397022, 3.3793873748899728, 8.958603231951486, 0.45314554407781316, 6.542310529002236, 0.6885475098007419, 0.7262890756782099, 6.674845800934861, 0.7474044384230751, 0.016995536002411882, 4.94534235943263, 23.52911692935993, 31.615747633113358, 1.7063319292008146, 1.1981346632517216, 0.5966450371225847, 0.9293978409207284, 1.5222833657774117, 2.6376833521549656, 0.16886628822612693, 0.9545319145711346, 0.44429371194615896, 0.05060999868908311, 0.42069768604875435, 0.10516843860614244, 0.004289373991696266, 0.276953432625362, 0.8141550497525145, 0.00987760121950032, 79.52116850413915, 218.62823633317885, 52.01238177759228, 0.677586292092542, 86.79728393077528, 937.9336521470275, 1083.3634295800985, 128.4861883677902, 0.13368927331532632, 0.4182783663709415, 2.647261870631837, 0.21142761730448, 0.6131956772396734, 0.20805875452833789, 0.21327613862547423, 4.405279417815336, 1.493687603886542, 1.5189584048993083, 5.016040348038587, 0.00975340368279376, 0.6181349367375333, 0.29174107368191926, 1.5775923020762548, 0.19496082832051798, 0.5827529935861548, 2.993569666811595, 0.8252105308538376, 6.709336339255174, 1.695666530675794, 1.7802993509036469, 0.1991843873720427, 3.3114426448699987, 0.03321595681245526, 3.5525333890341244, 1.1345236109915504, 0.002382301232273676, 0.016907207396002377, 0.9690250586952516, 0.2567123124400723, 3.195205322874017, 0.6381016722650656, 0.6192033805946267, 0.06679553068647692, 0.340062280504867, 0.25180463231561134, 0.19079989575186573, 0.016955266097738786, 0.12844393176953872, 0.01298506362252283, 0.04496423269722527, 0.15338300127655202, 0.5197014271706166, 0.00026820243726888293, 1.41874252420439, 0.03235949249949499, 2.5754046513803814, 0.499074611328183, 2.1770557636440344, 1.8382990384493496, 0.2221105437967026, 0.7431476080232642, 0.3887445060150867, 0.017229354197525026, 0.4304943132219705, 0.0043123121911321505, 0.4304943132223116, 0.0002691308297926298, 0.7529756208351728, 1.082117786147819, 0.37719697452507717, 0.5561709351879927, 3.7212280021589095, 36.30143185860118, 100.82244093516033, 22.41756013243912, 0.7758890981468767, 0.33408696860180953, 0.3120935737217678, 0.5456621965277009, 0.019677971246096604, 0.1801370083742313, 0.3409037769437191, 1.0490337321060679, 0.4676015537817193, 0.29104955596619675, 0.11606067620846261, 0.0064717777725036285, 0.8350610835356065, 0.2559548964810574, 1.4269132324869815, 0.09253966972823946, 0.19527711544265003, 1.1368683772161603e-13, 0.29350736504272845, 0.2527011726284627, 0.07848085474529398, 0.04818671835232635, 0.010048237053865705, 1.0956751032780403, 1.6884684291935628, 0.10533505920216157, 2.07181631377091, 0.06867875652051225, 0.10276469813607036, 0.040586374227018496, 0.04058637422713218, 0.03288893523892966, 9.011307102298588, 65.2241282470336, 33.98554940050133, 0.3425926163738495, 0.02997155326295342, 0.17632844254706015, 0.5586396772412172, 0.009842530159289709, 1.1910974378952233, 0.10285255148141914, 0.005375942236582887, 0.015138637212771755, 0.11787741261741758, 0.005477297996435482, 0.009731309184076053, 0.538621209066946, 0.009731309183734993, 1.2791062692875812, 0.03863422610299949, 0.12087938272213705, 0.7093747288483883, 1.1368683772161603e-13, 0.44932724192881324, 18.001434592097553, 139.47297727277942, 115.66891558055238, 3.3674217761608816, 1.5006909239277775, 1.9143889622316692, 13.906794238905263, 2.7518963967823993, 5.5809237838111585, 1.3976002569885395, 0.42650237002078484, 6.349774960882655, 8.971777739238746, 1.2386897779208539, 0.09913031895200675, 0.03957944515843792, 7.185368162500026, 0.20345410673826336, 8.860894334887803, 3.4798124369282277, 0.7490519861546545, 5.76733554269606, 3.221384824159145, 0.011407724706714362, 0.11313884940682328, 0.5681638024739186, 1.62875417713974, 1.935932282445492, 2.323360127479077, 0.5282510214950662, 0.18142698659528378, 0.11575684065303449, 0.943094690363182, 0.313481849232744, 0.5460909556121578, 0.0052683151695873676, 1.3413115523285342, 1.3585663101133605, 2.40376192730605, 1.7182849863486354, 1.9718668160462585, 0.25671882495998943, 1.6836118731242777, 0.4867352387086612, 0.16893810132103226, 0.41430934601794434, 0.15461943542754852, 0.07244302554920523, 0.23328385455749867, 11.836850515858828, 148.26388272861584, 249.3354086575921, 44.42507733615594, 0.02830699491926225, 1.1504353313184765, 0.28092183180672237, 4.57991592930307, 2.2232008601577036, 2.4206061955360383, 7.858945709923887, 4.033592318353271, 4.522419065674285, 3.4221382718585573, 0.7728449415824343, 0.007037019817062173, 1.6482399145251065, 0.7825413252013504, 0.6188940998142698, 0.14455584614404415, 0.012000151615438881, 0.5844516064316849, 1.2344057412439042, 2.1475591226286497, 0.1579367074654101, 0.5074192024296735, 0.49911541719473007, 0.2330709144212051, 1.3961543482331535, 4.374306836371034, 0.4513838737699416, 2.887575942777744, 6.1047930943775555, 2.412936707496101, 9.27017541283135, 55.48662257004537, 350.0893314982827, 393.22035919910445, 36.02035027128704, 0.006168001268520129, 0.5523606235545913, 0.5278259241071055, 0.06294284052944477, 3.3511219307881674, 0.8966021425142117, 0.8975362632123733, 1.2527278709915208, 0.4480853843342629, 0.6076007640372154, 0.46929211030692386, 0.313823560465039, 0.019815635383906738, 0.20716287135758193, 0.1298936858261186, 1.2396346529076254, 1.870126671602975, 1.7367183834105617, 2.7735186176577145, 0.1410981250473924, 0.0002446372540134689, 0.9205322221649794, 0.08878288315918326, 0.6705394682069254, 0.6263079699713217, 0.47906189283548883, 2.187802052868392, 1.204189984535219, 0.11756721417850713, 0.40994465550738823, 0.618957461952391, 2.532779224535034, 2.13043281176499, 2.788358699446576, 3.736535661735502, 0.0011035579552753916, 0.028170751538709737, 0.03347160615692246, 1.7991201246868513, 0.483539860636256, 0.9162288897070994, 0.09829029601394268, 0.2987720577143591, 0.2655252834275643, 1.6050381108547072, 0.06246248657078013, 1.5635395082179002, 1.0433176223156124, 0.06927731336440957, 0.7895982340310184, 0.013172218673048519, 1.5948831429650454, 3.9836343909764764, 4.486760988871424, 1.4543885550465347, 0.11775241456643926, 4.404944934903369, 3.7192902349162296, 1.1044081090110467, 5.364078882817466, 0.7424035158461493, 4.509401774860976, 27.412027854839152, 27.546785772534918, 0.42440300778400797, 1.401205591829239, 0.007424258018659202, 0.9128112985191592, 1.1625785778205682, 0.13453700074251174, 0.0785826811051038, 0.06784830757987947, 1.6769757809848898, 1.0600972822616086, 20.750151969040076, 227.05833120974341, 282.63840079738816, 61.32437582444663, 1.3273633716038375, 51.16412647005234, 234.3515634126967, 109.10702876228697, 4.150962101946789, 0.008831118013404193, 0.20249023540725375, 0.4025081558201009, 2.2737367544323206e-13, 0.3790394812899649, 0.31709913876068185, 0.03536407216245152, 0.4308093822472756, 1.9423322252215485, 0.16668276332995902, 1.5455188487316036, 0.6119659440580563, 0.11356302844501442, 0.001408253948966376, 0.12657857919305116, 0.9691915003185159, 1.0094232995153334, 0.0407941785570074, 1.6226301351318853, 0.005365556876654409, 2.7014198752314087, 0.6287779455968803, 0.008593927492256626, 0.012406800024677977, 0.8737139340897784, 2.6257574874805414, 10.2102629315483, 13.682124510781478, 0.1046135266769852, 0.006861114089815601, 1.4698121458166042, 0.07217958270189229, 0.17183820032437325, 1.2216430354890235, 1.3694729418185716, 6.178727701298953, 7.5751611519207245, 3.6047320716879767, 10.787003677792427, 3.186364614147351, 0.03700458529135631, 0.7376729735616436, 0.029224249055232576, 0.4284241760602754, 1.075451357702832, 0.07382755956496112, 1.7966999615591703, 1.2361401869934525, 0.5749572435369146, 0.5282651112412395, 6.8218268159261015, 0.48461610993410886, 0.5607765343421534, 2.3874731991359113, 2.745918428582172, 0.059610412635947796, 2.4263941784109875, 3.571116947486985, 0.06657885751360482, 5.95724937076352, 4.004572445034228, 0.2606501742001228, 1.2594410986447429, 0.003707952282752558, 1.6715718199170624, 21.848179063572957, 17.737891039874626, 1.4045018184415312, 0.31654446005882164, 0.039470017434837246, 0.6933779229099173, 0.5167514288373241, 0.27395798903330615, 1.3763949702366745, 0.6274213107301421, 0.033204844664169286, 0.5178151559334765, 0.07406016320976505, 0.6451369201712396, 0.08429344237515579, 0.3013902824335446, 0.147106457733571, 1.8643437990936036, 1.3459805815570007, 11.226169811630257, 7.520506704461695, 2.280555146941765, 4.009125824594435, 0.07553385994026485, 1.299316752304776, 3.052427130498245, 0.0055221726510126246, 4.534290242396651, 0.32750161209503403, 1.2510289247254605, 0.00538465919612463, 1.4184741452704657, 1.4735963526991327, 0.5438438141590041, 15.70250296199174, 62.490727595106364, 12.93386187993599, 1.5754655041448586, 15.415462880441169, 6.523108525051612, 2.5322816980117295, 0.4336979488958832, 1.0957930447597164, 1.2862894008750345, 0.5772867727314406, 1.3905955830870198, 15.203151186756827, 89.16932665541731, 19.88863196870318, 0.016698512804282473, 0.2670841240687878, 0.008525787505845983, 0.1619648479334046, 14.485048277069382, 32.44878046070778, 5.007025743694726, 0.026998767583677363, 0.022092619931413537, 0.46065256147699074, 0.06968128699315912, 0.6300877217801144, 0.08732468533617066, 0.013187416922392003, 0.4124487542432007, 0.14303119346391213, 0.12170393720873562, 0.09880881637707262, 2.3872740597857955, 2.0313967883599844, 1.1586649002163085, 0.374048370797027, 0.9588297431259889, 2.275426058390167, 3.3338200844947323, 0.021938804169622017, 3.1014341004632797, 0.8085547339355799, 0.6661221663016477, 3.922620502753375, 35.14668729501011, 70.23360998889996, 18.540079216784875, 5.034593740745208, 0.7540090115118119, 0.6740521279712084, 0.3064310762687228, 0.00041377991817626025, 0.09507781237380186, 0.8542384868055706, 0.18684943171808754, 0.010734933400954105, 0.034781248291096745, 0.38048765870655643, 0.00043094471595850337, 3.2068349821760194, 0.3929949093680989, 0.8555523264673184, 0.5038649403650197, 0.6806521988457916, 0.04272880116138822, 0.1077487513922506, 1.2114149439069024, 0.0067700230466698486, 0.2563949251190252, 0.9943162075884402, 3.6567792906105296, 1.3013924969252457, 4.735819177281655, 0.23927457122726992, 0.2803284186697965, 0.4268681671532022, 6.378156263450933, 12.426468332927811, 1.5112495632160972, 33.52746442954026, 205.28683578510163, 138.8227890980096, 9.187371495364914, 0.02467858983845872, 0.25325037761297153, 0.02986904707188387, 0.1193813757714679, 0.16620922737888577, 0.23647148162262965, 0.16620922737888577, -1.1368683772161603e-13, 0.22105060503690765, 1.5679100941565594, 3.346348891214916, 0.21226741093073542, 52.630433288635345, 175.50041207183904, 79.60292023288764, 4.654233381911695, 0.6496448251414222, 0.0017015428419426826, 1.0626042233717499, 0.12190681870697517, 1.0173279683274359, 0.9841733566188395, 0.8977545677530543, 1.1534086360534275, 0.8953956250303463, 0.3579183015997387, 0.28859418742990783, 0.015479157327035864, 0.09432701545176769, 0.8512322431491839, 0.08213319784874784, 0.32710400453402144, 0.15094568554616217, 0.9530033349933547, 0.40395393675044033, 3.9771075071848827, 0.003840432268816585, 1.0366486317944918, 1.2616409406145976, 0.37517565572602507, 0.6406858781047049, 22.02072700841302, 25.67982507077329, 4.541632111613467, 0.3678063881803837, 0.09105844540249564, 0.07042198096951324, 0.18106369817826362, 0.12540342837291973, 0.3227553293698975, 0.2812239174559181, 1.8887086560257558, 0.025134581263955624, 0.6499800671658704, 0.031225930065488683, 1.264169132302868, 0.38831857035711437, 2.3376786382241335, 0.9185130469320484, 0.534517249395094, 7.0747582529037345, 0.5204123662733764, 0.8320094821735893, 0.716803375514246, 0.17991150704222036, 0.08119369165842727, 0.5213613987679082, 0.10033695537913445, 0.039940364871881684, 0.013514603397425162, 0.03994036487165431, 0.09992105004459972, 0.17527693579825154, 1.9663244300764973, 0.3911976019873009, 2.5137001461588397, 0.9228094466217271, 2.001184276000913, 0.100217783551102, 3.344522672664425, 0.25067105183075, 0.5102835356751712, 0.07159985676275937, 0.2021398027906116, 0.33747224744797677, 0.061620438502927755, 0.039402378565114304, 0.3374722474477494, 0.17036950153305952, 0.6782401108407612, 272.7843730226848, 1207.9565485007456, 455.0063517918129, 0.9058369843307332, 0.6771479142159933, 0.31166680185191353, 0.23083253397959425, 1.8143954634996362, 0.6481573042214563, 5.5156662434424675, 1.0045611947804787, 3.9992985937075787, 0.5494684334241242, 2.584411990503213, 0.17346712613471027, 0.4149176903101761, 2.1071394603046656, 1.921146848743831, 4.228970056992864, 3.1391704199528476, 1.1556228104046227, 2.7894720470472976, 1.3683405354194065, 4.1827177987225355, 2.1109144565705265, 5.9802746108136375, 0.22835794042094903, 0.3866532927637536, 1.6638068700558506e-10, 3.5588498390681593, 0.7322888035170081, 2.092773506982269, 0.012184089492620842, 2.992103869855214, 1.068584164727497, 3.5555826250483733, 154.63510929611175, 939.549435462518, 878.080120397437, 91.13864891301478, 0.30739095014052964, 0.6000430324091894, 4.172586004078767, 7.777779779670482, 0.182185229486322, 5.773899452573119, 0.3734792178652242, 0.6902254824335614, 0.04093317230683624, 11.636421680386434, 2.379250452161614, 1.3686578986284985, 0.06540176155192512, 0.9212683995247062, 0.21754511286849265, 0.02102253429279699, 0.03145667033504651, 0.8280227234379254, 0.004151438545136443, 1.6414801836839388, 0.9504037192540409, 1.723636255885026, 1.6851004549997697, 0.22742945622633215, 2.760544536741122, 0.3151253930165012, 0.5085413132870826, 0.20207027165247382, 0.0002542869108310697, 0.6560353685086966, 0.8423140199925001, 0.08935142601569623, 0.055689860304823924, 0.024691727385743434, 0.030157852322076906, 0.16853152564942775, 0.0040039336114432444, 0.02503810489724856, 0.4908338162011887, 0.7115904349113862, 0.009253016079924237, 0.550884755702441, 2.1872468593220447, 0.09469633139644884, 8.900853455288939, 3.8777355474866226, 0.01976347863705996, 130.64500911431833, 898.77645872609, 525.715546693064, 22.071289501579713, 0.7049290715378902, 0.08632291006330206, 87.4665491993976, 359.069406521308, 117.39456352983234, 0.49005068214876246, 0.14070500345940218, 0.17562280250490403, 0.12544830734304924, 0.12671264610071376, 0.6537325089323076, 0.3420287878356021, 1.6153873864494699, 0.2302553762400521, 0.004012162177900791, 2.776104679509558, 0.8009658659605066, 8.452129309738325, 3.519027592220027, 1.1987506541394168, 0.8098980609544242, 1.960296781036618, 0.9650990478073709, 29.22310937428449, 42.918882571099175, 7.728464558605424, 4.015278195988458, 2.5022928784542273, 1.002694894382671, 1.3672194986975228, 0.156307313618413, 28.363217237939352, 74.37242515004391, 9.18201806401737, 1.5187800090941437, 0.01015953618889398, 1.186625972532397, 0.875235877226828, 0.3305684452736841, 0.30402334567406797, 0.8106079861920534, 0.20140693130042564, 0.026379087530358447, 0.5360478494789049, 0.0004137799180625734, 0.13297107107030115, 0.8588587308764772, 55.00928311623318, 158.65455710083893, 50.42583595188228, 0.4118950956572007, 3.74322756096376, 3.916083649723646, 0.1344450932718928, 2.3278418219449577, 1.661281563943703, 2.3507656048325316, 0.38283268804366344, 4.215521956943235, 8.416642814354077, 1.0441815531000884, 2.2977039365821383, 3.046466559715782, 0.5644034490424019, 0.024509022033157635, 0.769850152430763, 0.019857552513371957, 5.452123413286245, 92.82862633762011, 136.27494486051887, 23.939759685188733, 0.45695615583611016, 0.12376349893258975, 0.3771505626718863, 0.3831992190463325, 0.6917294217657854, 0.719272403705645, 0.19230129961977127, 0.21309054807352368, 0.027742973647377767, 0.631126044686539, 0.6175828557072691, 0.07302743793366062, 0.46470862068758834, 1.4248113376646643, 0.0352239195524362, 0.4021845335354328, 2.0736432224542796, 0.010582848698618363, 0.010282123341426086, 0.838683339096292, 0.0803008761035926, 0.3223159228583654, 1.4543862955185887, 0.10579097974937213, 3.486513122025258, 0.040864468412337374, 0.014294704811391057, 0.05889534652033035, 4.772131602274612, 0.04998093050960506, 1.2438624065046042, 1.0182580196830031, 0.4325294682536196, 0.6812584811958686, 1.983028494253631, 59.29182165125462, 67.36482916762941, 2.162455108282302, 0.024404514363709495, 0.8096016796339427, 0.8074033003348404, 0.484414830925175, 0.37681176862997745, 1.1368683772161603e-13, 0.23695613713130115, 0.09471045184574223, 0.052809256647833536, 0.12873752937764493, 0.23987490276851986, 0.2638044947815388, 1.048192310490549, 2.786538601585562, 3.6925028793193633, 0.15531325982021826, 5.780601251660585, 2.8140868030565684, 0.06586015707046045, 0.05273840947199915, 1.3605679393945138, 0.06428970380113697, 0.09053712565741989, 0.20450668408739148, 0.256824013926348, 1.1312075047419512, 1.1368683772161603e-13, 0.2602681338852335, 0.04141972269337657, 1.2220609083436784, 1.2253974458005814, 1.7763875125033337, 5.897535237712532, 6.67093621678157, 6.113488162274393, 0.29083790693357514, 1.1058506188816182, 1.3400113583227267, 0.0005606230582770877, 0.8537700660840528, 0.0005606230585044614, 0.12455131319325119, 1.4708780729064301, 0.9616732147427456, 0.7383913062631109, 0.4873240945208295, 0.18028486074979355, 40.937513483795556, 178.42910731176994, 57.85818872875075, 0.6378400877201784, 4.006482436295073, 0.46625129881988414, 5.9501400433726985, 1.3790285707121939, 0.8088050224838526, 1.8149262414566465, 0.15949532997717597, 4.3395889376897685, 0.506290549761502, 1.3594008562696445, 2.2737367544323206e-13, 1.349322872024345, 4.2244284232565406, 3.0355900407023455, 4.2208847629192405, 266.64409923681546, 809.4634121013305, 112.71191694694608, 1.5430398935640142, 0.20470193675021164, 1.3382764151442643, 0.030437944422942564, 2.2710306358792423, 0.3339611737096675, 0.4276344794676561, 0.025035520221990737, 0.1685953945326446, 0.22666217605421934, 2.0510102077253123, 0.15296023462542507, 0.6254983071326023, 1.6114144343226826, 2.1521362363351955, 0.38894057838081153, 0.48109815614247964, 0.0002965948119708628, 1.1847467866817851, 0.7231147174431953, 3.271571162442001, 0.5472111139819162, 0.23015786007329098, 1.422291838502133, 3.9875716915777275, 2.077815809695494, 5.295271282550175, 0.015595355059986105, 0.06347420611916732, 0.2175786196721674, 3.334394757618952, 7.596821502220678, 0.8078979270247828, 1.642457777904383, 10.564184955026917, 202.28760770968938, 1315.7351255438336, 633.834689313218, 0.4405694931563744, 0.16237807505081037, 0.6065636520947919, 0.8349256731861487, 0.02098792173092079, 0.24100940963091944, 3.6658576823336944, 0.04927621117343506, 3.675727879873932, 1.226140862151226, 0.6585897428169574, 0.14019455289894722, 0.22377189073256432, 0.1575695941023696, 0.22377189073245063, 0.16811130212784064, 0.7338360249302696, 0.12201597945420417, 0.3604236647241805, 137.774165242589, 600.2005010637497, 341.68570365635856, 17.422258642515885, 2.3165715259955277, 0.9267544319251328, 0.29404423321796, 0.1869616484400467, 0.2769477711227637, 0.10178100886446373, 0.05272423047460961, 3.6256600795553595, 1.6353763010143894, 5.133416798120265, 6.0166968514344035, 1.0043475581561552, 1.379046981872989, 1.732214456534848, 0.08799715016209575, 1.3878676374940824, 0.11540974921842917, 0.2301260519451489, 0.10048106665635714, 0.5194510413491571, 1.5727327127848412, 1.9815427265039034, 8.133049431636437, 0.06411191117786075, 2.0701107385841624, 0.0005269516373118677, 0.50864843438967, 0.07542799623399787, 0.33189431604500896, 0.5422931298122649, 0.3318943160448953, 0.19254782177551988, 0.5757691347009768, 2.025390762856432, 1.0267403785150009, 10.455287215063663, 173.04680220158787, 220.14902439993227, 22.77559528966742, 0.10647999752654869, 1.2442853082934562, 0.061220695041242834, 0.19962465173966848, 0.08639780943781261, 0.06096861707487733, 0.40004187176202777, 0.24488479744832148, 0.028574382198371495, 0.5951045148884759, 2.4801159721024533, 2.510368466613272, 2.1071729484664274, 0.01582797491596466, 1.400911741584423, 0.993946338017281, 0.5864612033732328, 2.303250267552926, 1.1351552345003029, 0.34048096158255703, 0.25379156039969075, 0.28213420517795385, 0.2495235943483749, 0.011874391163132714, 0.23411032856199654, 0.04116992442459377, 0.029805591707713575, 28.667443197212606, 408.83617544679714, 1221.6373613699302, 442.0593999249329, 0.6724804470068761, 2.452418414673957, 1.1037636603033434, 1.8306062974681936, 3.0260709496487266, 0.9303502619832784, 4.651024896802426, 0.302674910778876, 0.6481234855032199, 0.24456915463775886, 1.8670823352723573, 0.10887514820939259, 0.6694509528513777, 1.2344941145874486, 1.6107364357202414, 0.30777467154780425, 1.8243945812492939, 1.2692739716191568, 0.752103551743005, 5.980995861777103, 2.356467338354207, 0.07863449766165331, 2.1145844867133405, 5.35003260366733, 2.2713990825041606, 2.1393809052959227, 5.27555913562577, 1.8507859733007308, 2.3434647042250276, 0.5557885719521778, 0.839374222056847, 4.92277279163784, 20.752602918712626, 19.554531311376763, 7.32050787001333, 1.0773217058217597, 1.1326114191897432, 1.1732361293761642, 1.3019111233159606, 1.241025718691617, 1.5045441627980267, 0.0018249176440008341, 1.546909233763074, 1.6466438666694785, 2.28879221286428, 0.9522598367652222, 1.460740485662825, 1.289821211652054, 1.053755977775836, 0.3936616890179039, 1.1357547380836195, 2.900705726837373, 225.84870331767752, 503.1228997250048, 54.21836214496443, 0.1120895792923875, 18.003586531766587, 27.48484609781974, 11.498096941373433, 0.2575194910452865, 4.881882598850893, 0.5624857529647898, 0.1603204090682766, 3.239389697020215, 0.1453595187740575, 0.1353822611479245, 1.0461102800109074, 5.983159916948466, 1.979597401532942, 2.5545126081129865, 4.392842602699034, 3.7975491086498323, 3.8414842786938834, 26.296857551904395, 24.337223618072244, 2.3000728310792056, 0.004238813830170329, 0.38629198084754535, 0.24021074340487303, 0.8053229794612662, 0.026843423849868486, 0.6121471851058686, 0.001071269403723818, 0.013225560724094976, 0.03845534669767403, 0.06058956027140994, 0.03210169198769108, 0.44547665728259744, 0.02652276818980681, 107.4424569706465, 565.4932082491323, 291.16500101100905, 31.144732821877938, 9.660850147647352, 1.3945252964348356, 1.468799814221029, 0.7139216714408576, 3.5583284578167422, 0.5712710619824293, 4.603410048146429, 0.6026773900354101, 7.291847056552797, 1.9538112543028774, 5.430874196978266, 3.810971856667834, 3.7354368653795973, 5.137824554576582, 3.607891421202112, 1.6944283510819105, 270.3952022629169, 647.0942535809013, 116.5291214429584, 0.0027689858698067837, 0.2762703057833278, 0.5497476438472404, 0.4533185170531624, 0.08047229018779944, 0.6065654347509053, 0.3168158386400819, 0.0012342931305511229, 0.16318323177870298, 0.3605002567288693, 0.22862520983755985, 0.22786630017560583, 1.7824983737710909, 0.19204148618109684, 1.5531069420188715, 1.8049896019369953, 0.3062787723608835, 0.015744177959959416, 0.956366577341214, 2.5870544603934604, 0.01517484127134594, 0.709584791172233, 0.24448990759856315, 0.061040957451268696, 0.4030921676779826, 0.03764603393028665, 38.812967333046686, 144.24234038071245, 45.55564883159684, 0.07502026567806297, 2.867629995792754, 1.1775190649372007, 2.4913448196360832, 2.5341631870765013, 1.672820369468127, 1.3980339177751375, 2.402405845198018, 2.027772145190397, 0.041994433052877866, 0.8116634913101279, 0.00469635272099822, 10.504956186433674, 5.415825063405578, 1.3001395824760493, 6.298180919192305, 3.9596483135128437, 0.02548627823773586, 13.700693053825376, 6.7652212824718845, 8.230984542954616, 6.765221282432208, 3.772983631815123, 0.11652659373953611, 0.6651796259645835, 3.796253375397555, 0.004800276546575333, 4.8264716460702175, 2.651219333172662, 16.01045261834895, 102.06190664962867, 107.40613545667907, 13.95232420609068, 1.4830170063184482, 2.8030643139502445, 0.36823011303664543, 0.79234496540073, 1.5029059357625556, 1.4830170063184482, 0.026955892728608433, 1.5625627598261076, 0.3042737347263369, 0.026095991589841105, 0.016473589184840876, 1.0392273595692245, 0.1458169053719871, 0.2243668434614392, 0.3682301130367591, 0.12393355309654908, 0.050609998688969426, 0.20012770092802157, 0.0650753312175425, 0.0040337115970032755, 0.004025433124411393, 0.4127348474614223, 0.369768143538181, 0.0042066610121764825, 0.29663497943090533, 0.5418649963149278, 0.1470312289390563, 0.01593819773921723, 0.3287773509927092, 0.4911504239103124, 60.09855079234046, 307.92159103567303, 107.08529856348616, 0.03345826810436847, 0.5465763048471217, 0.6521850444853499, 0.13240176368128687, 1.9651826810276134, 0.14745874087907396, 3.5337572556992427, 0.3214851645499266, 1.4501521925757288, 0.09399703910742119, 0.006623353305599267, 0.0067164956392389286, 1.6383017738635317, 1.193752980766817, 5.414843092891488, 0.4974111834467294, 0.02547650539293045, 2.5502397981300646, 0.4290309630250704, 2.8164016978154223, 1.9042144405399313, 1.2221234303714255, 0.6477571567231735, 5.4839697523041195, 7.230009083013442, 0.3873382095505349, 0.3809512571971254, 1.8476305185932915, 7.641234974465419, 12.068353078000541, 33.63622041881911, 429.4140670883239, 377.21293457373747, 43.32242703525935, 0.3178217557759808, 0.23560504940769533, 0.09578270674211353, 1.7053025658242404e-13, 1.2740964547016347, 0.416810935179285, 0.11658378699377181, 0.007232962135446996, 0.029803676838298543, 2.239169346883216, 0.780535174622571, 0.7200297278059793, 0.2854471074164735, -1.1368683772161603e-13, 0.047921592739101015, 0.001916835067277134, 0.007564790334527061, 1.0534384384371265, 0.3597144055777335, 0.8818731872131593, 0.11615595780796184, 0.06756787704620137, 0.007395175329747872, 0.016608156827714993, 0.1891307547993506, 1.631883408987278, 0.5095401534510984, 0.24326052727667502, 1.0463290723198497, 0.7431397798503099, 62.92724030370482, 274.7770946733692, 99.56527924478576, 0.27531162663956366, 0.038252655436167515, 0.5805121232040165, 0.005416038073121854, 0.2907291813377242, 0.15589914156771556, 0.386698742824251, 0.5797887788062326, 2.947813310628362, 0.13440036760403018, 3.4880097095630163, 0.670380401134139, 0.3302510726515493, 4.030636243599702, 17.562173377104273, 2.455738173279201, 0.1121443946456111, 0.1977905262212971, 0.0007869368401998145, 0.28687201994387124, 0.007105363503228546, 0.6478309465358052, 11.351196297524666, 12.225720104241077, 7.85658132926136, 7.38917629577594, 0.0011707218360470506, 11.076708502297265, 245.62846551698283, 527.8564477399894, 93.77711955739233, 0.2514818725585428, 0.5620199408623421, 0.001271800713311677, 0.24860550654625513, 0.062067159921753046, 0.4328020817080187, 0.0012598965039387622, 0.29703092290981203, 1.0035987170980434, 0.24208351903178027, 0.23987871385111248, 0.00499282951625446, 0.36097854224237835, 0.0028093973561453822, 0.19574814108511873, 0.052475970003797556, 0.007778093018259824, 0.2274133000278198, 0.06136573516903354, 0.3597851331584252, 1.818384521904477, 1.312369943085855, 0.20056370556983438, 0.3051643383513465, 0.5260335076799265, 0.024456725970139814, 0.1904238003245382, 0.0012120213732487173, 0.6403562302281216, 0.41019369637615455, 0.06741551754180364, 2.1465645431238727, 1.2196107019243527, 1.0675543633550433, 0.5718831988991724, 1.0675543633556117, 1.235753173374178, 186.07856930973594, 957.1711612457616, 325.66986122348, 1.5605287425499341, 2.1175569009945434, 4.053948799767397, 196.49063247686502, 798.7714391059179, 494.6237113525028, 36.84482952390249, 0.02263428019057301, 0.2515701322327004, 0.027785807057512102, 0.0011087943695429203, 0.00027711638927030435, 1.2572274344939842, 1.2933490336483828, 2.7446916468406926, 6.1761817296930985, 0.0070789024800888, 1.5163963926627275, 0.5176173871400351, 0.03357095008152555, 0.07947427091528425, 0.6282480254600387, 0.0703786076508095, 1.8065437517931286, 0.08997282363611703, 0.07185767046985347, 0.715291556512625, 0.831409741091079, 1.0263354122588453, 0.22938379868026004, 1.545156803988334, 32.59562938533952, 179.09666199784488, 58.73533293258117, 1.2161738268249564, 0.029907564261179687, 5.308169023381652, 2.939227047903046, 0.6699823263757025, 0.23067503558536373, 0.0017923570682114587, 0.23561100701942905, 3.8728778027727913, 11.991378418451518, 1.4669735428841477, 0.08984113303836239, 0.38290547214489834, 19.08285051738949, 131.22882850169083, 54.40881393686573, 0.00910394109155277, 0.009256667951831332, 0.16921114794763525, 0.001024222059982094, 1.8206143640251184, 1.9284215473162476, 1.8331591172874369, 1.9194096883281873, 1.4122945152580542, 0.4415067308821108, 2.189081870825703, 2.9342791336127902, 0.5570817253367295, 0.4406078338398629, 3.209677122348694, 4.022243780798817, 0.050503668504234156, 1.3851414902571832, 0.23387752668008943, 1.6222850624528746, 1.4109492265441759, 1.3945252965010013, 1.6144207239012758, 0.1067699009907983, 4.114596105482747, 2.458492936671064, 0.6641435181788893, 1.5895903293012452, 1.919617465559213, 2.638503556936257, 0.514847351438334, 19.002923501551436, 46.102880514293815, 3.3553368907519143, 0.11659996180952703, 0.025469993267108748, 0.6844420434031804, 0.3464743829204622, 0.9196960378937433, 2.4264596871106505, 0.002769551239850898, 0.5344909767964623, 0.10070891420588168, 11.900943904716655, 101.1165626502742, 80.23845010384332, 9.471092315701526, 0.6400220201379625, 0.13602616325511008, 0.00037472103826985403, 0.3878516093517419, 0.705118110187982, 0.024632370224935585, 0.006198181801096325, 0.006188110018570114, 0.0015457710183000017, 0.5800299880565944, 0.9461856683652741, 0.3419736050244637, 2.1504846479778053, 0.12551422567162263, 0.683381750164699, 0.44493511779057826, 0.09813310496645045, 0.15308687082006145, 0.9832401122293959, 1.1010133904286477, 0.5146338192706708, 1.6023135696001418, 0.7867408078425342, 0.047316605716559934, 0.08849426169331309, 0.009800272552183742, 0.05601171870011967, 0.646750881512844, 0.013900664390007478, 0.678960423501394, 0.0003853476125641464, 2.304936130773058, 143.99362679324372, 1117.717859902606, 477.5070442416677, 5.28690701104847, 1.871511541331131, 3.768080483553149, 3.7083584562764145, 1.217923088086991, 0.47853982820339525, 0.7107676611921647, 0.3746851593038514, 0.2432072413773767, 0.46753321854282603, 0.7720713436847859, 0.2170807762062168, 0.4429231133505027, 0.584438212415705, 0.373310723501163, 0.17468251437890103, 3.4796632538876793, 0.8620016558048178, 3.4796632538876224, 0.7199236671318658, 0.4281582531159529, -0.0005678197390466266, 0.003546118855183522, 0.8706264902436942, 0.1897476195465515, 0.1923907351233538, 0.35767684422108914, 2.768553716564327, 0.35316697756502435, 0.4528960288552639, 2.321646963139358, 1.6205432089431042, 0.590320412038011, 265.4007857400886, 1137.1553398285237, 654.6906452718833, 60.54357004999679, 0.5418779248789178, 1.8124128258335759, 3.2998375957557755, 0.046832786716322516, 3.0110226430197145, 1.3353855433317676, 1.915185121321315, 0.017130487220697432, 2.3914280134739556, 0.307131731305617, 1.689766039453957, 1.8566800168058535, 2.283968916331787, 15.207923834641178, 8.257993201510772, 0.007209682829852682, 0.15445869429822778, 0.1968289816206834, 0.10527426225405634, 0.10533977755835622, 0.029243565851515996, 1.1002188913928421, 1.1427090295098878, 2.9789641086546226, 5.608107342270273, 0.2746081730554124, 0.10099733862557514, 0.3697730091895437, 0.41099926018034694, 0.04788245005420322, 1.420618017905099, 3.6275482113401267, 179.36991032483388, 337.2323833404822, 48.233895567910395, 1.7429063730354528, 0.053382860417514166, 0.3788541461818795, 0.7750721581390962, 0.08151499318341848, 1.530128388092976, 0.32360070658216955, 0.26061755872922276, 0.005915335892439089, 0.38671138636982505, 0.4357714662444323, 3.461717661620696, 0.37081282875408306, 0.7316068402247993, 0.07857146999936049, 0.005836301209114936, 0.1464971411694478, 0.041364550662137844, 22.782861065498878, 73.54905686012432, 25.451602022358884, 0.6393598276351895, 1.2339510443234758, 0.05981784591881478, 1.0597768288902216, 1.441414776631973, 0.40395393675021296, 4.289215707318476, 0.061038533196210665, 4.7349775163083905, 0.00042181900141713413, 5.364695138596403, 4.6148895376171595, 0.0401761029897898, 1.149343912999143, 1.1155691772682985, 3.2430219310251687, 0.042015125006287235, 0.06236534795971238, 0.05086069821209094, 0.4904546667712566, 0.17045982760430434, 31.692828285662245, 301.8419945607151, 469.6250689370661, 87.56561814767747, 0.36576089115419563, 0.25235312577882496, 0.1569615759046883, 0.1272597801373081, 0.5904616151200912, 0.06080345707880497, 1.8696634390511804, 0.2337675892034099, 0.056699932270191766, 0.5556799324631925, 0.6217852178789371, 1.0539175953636573, 1.2536218793477474, 0.7977956772646166, 1.8401791453703709, 0.0025734723374171153, 1.2854435994184996, 0.09033097898424103, 0.33823407526824667, 0.4476670753176677, 0.02041169195706516, 0.7469911013712931, 0.008969216268326363, 1.3099924725673873, 0.0814622948260535, 0.019265389591794246, 1.2524843839371442, 0.5728502261425206, 1.626684401466946, 0.8485282086447228, 1.1122937893826474, 0.23240187455974137, 3.1016683816216073, 0.7898757123531368, 0.36290378947836643, 0.9316942795198315, 1.5803006212107675, 0.7177960695419188, 0.481327267252766, 0.38427893264776003, 0.40993267426597413, 0.0667640983043043, 0.4033664332715716, 1.1142758346217079, 1.3411628351822173, 3.5275031393328504, 1.2708073138072677, 0.6376209751045394, 0.5059309424066214, 3.4828388678171223, 2.3584611283075674, 0.4049871107887384, 1.3109128068405766, 0.11730565298893225, 0.003010502345716759, 1.433475326773646, 0.52932165455411, 1.7946840605585521, 0.7335573428384805, 3.2379708271088816, 1.5077390215590185, 5.506454544017231, 0.05011024984139567, 1.9713848668874903, 0.9702247474994579, 0.25676870328879886, 33.64535176726383, 263.7158861254411, 260.2329562238225, 45.17015403712139, 1.997307002881712, 1.480917940000154, 1.417944804322019, 1.630388636990233, 6.365130224701261, 3.2088353102878955, 5.678281808915244, 3.298206851123041, 1.4071695125649057, 1.56170825886295, 2.2419826294579934, 1.423118778764433, 1.7048799771755512, 2.8748614229225495, 3.537016492687485, 0.8792102980114578, 2.870203174349399, 0.21731448593936875, 2.0293114787428976, 2.3072439577722434, 0.20638347787996736, 0.7136411430444696, 0.018836427411315526, 1.5063272326630113, 0.5615963857557063, 2.2649207042539956, 3.3865106081002523, 0.5980558780017873, 58.68732952248763, 307.99463345510844, 136.5020414394894, 1.968012512490418, 1.5935042174068599, 0.6246958509208298, 1.0173062684804677, 1.8732385253081816, 1.8102257876468002, 0.4522081938004021, 1.738040418591197, 0.321836023055198, 0.21271194057021603, 4.126973225965116, 0.997226104892718, 2.0437098055656406, 2.548098867074714, 0.4190699445877044, 3.7698429680058325, 1.1761861460238379, 0.15440527505205637, 0.5651913850059032, 0.13688945016713205, 12.959135976043399, 425.55445774314387, 770.705865575952, 133.99363093170325, 0.00030310294721402897, 0.3511866703360056, 0.801321171540053, 0.5493838845399068, 0.4342591327052787, 1.0780979891533207, 4.158592721330592, 0.8682484896512506, 5.247413085823609, 0.07113107132488494, 0.39254304590747324, 0.42962978576997557, 0.9069833540413583, 0.015224939443100993, 0.17739087973484402, 0.9589294743287837, 0.6752401225851372, 0.8580971218860896, 4.82180437253237, 0.6106280236297152, 3.3500463512724536, 0.03190269105482457, 1.486296960420873, 1.5221217204714321, 0.9832111654307027, 0.09893961605689583, 1.3922259046295267, 3.093134697974051, 2.745561898384153, 8.185582418019294, 4.934919442254909, 0.7202256204800506, 0.0922014877643278, 2.8681917209950143, 0.9935527154046895, 1.6765953433881577, 0.0042124683174051825, 0.14854170718353998, 1.8167599468499702, 3.1582708428670685, 0.090363468788496, 3.158270842867296, 0.06402860398588928, 1.3559240782520874, 0.020396331228312192, 1.0396196600423764, 1.4888136726171979, 0.009314771740264405, 1.4502912250486588, 0.037446505428420096, 2.0502799164002, 0.4012491739390498, 8.456290215158447, 15.250757572661314, 0.8734651532178077, 0.2737679365494614, 3.1893742171741906, 0.45256176507916734, 2.885494146278347, 0.9722877367446472, 2.1862766982044377, 1.8547519330494424, 1.0912773848140205, 0.9588388244972066, 0.2037826019638942, 0.14441990124964832, 0.00030408352108679537, 1.3589790304069993, 0.1738600696476169, 0.04472798869585404, 7.573083357287601, 1.3050640977996864, 1.8694616505890735, 1.0018811548343365, 51.742554821801036, 175.119769414374, 25.768239649946395, 0.24053753232476538, 0.07684744170853719, 0.673515333729938, 0.23418248973871414, 3.4317122889932534, 0.33262697789098183, 1.0174934394207185, 0.41656091197171463, 0.008595614501700766, 2.9040913533876846, 0.004832340471693897, 7.282035209654623, 0.6462608709421147, 0.20184122397802184, 0.03298550233671449, 2.987790915050482, 6.114694139523522, 2.4312622715046928, 1.3969865635390306, 5.574262718239424, 2.3795302917445724, 2.7826049376118362, 0.07867501623309181, 5.949446803691217, 1.8286314304966709, 14.07825037153873, 209.94994821900104, 391.16348551199326, 46.01140432358454, 19.55588674281671, 6.587673071733718, 3.591155318608287, 0.9819851767400678, 3.038629030868208, 1.7210506453805579, 2.5579337311066297, 3.870792112418826, 0.7128295393002873, 0.38775484923888826, 1.101813497762862, 1.4385624938166757, 6.317683731209911, 3.236764895613703, 1.5696917366514072, 4.0388536464488425, 1.3607189182333173, 0.09968016588771889, 0.18757452356624071, 0.22571197290687905, 0.3162612153185478, 1.3032152905851717, 8.381850642903771, 0.3503562531512898, 7.9062882141978434, 0.35925045725616656, 3.3664888523540526, 6.097364580459043, 0.6989941061180502, 2.769052645719057, 0.39006651645695456, 0.39160600252614586, 4.256626529914115, 1.3479881771145301, 5.120608071440756, 0.2314381055468857, 3.1287009985394434, 7.183661890577241, 1.659499197641253, 11.216579929118666, 4.783954975751612, 3.9833617534761743, 7.20617411582009, 2.471972128482548, 3.7122899904455835, 5.997858580279171, 1.3383855375155917, 2.5097472541790466, 2.011475477496674, 0.005298058718949505, 1.8970770313936782, 1.57947662143971, 1.420337058276175, 1.9332212616928928, 6.157235400510558, 3.191772900280057, 0.0010926259349162137, 0.004289373991753109, 0.027499322696257877, 0.583252932838036, 0.009921943996687332, 0.05500750878780991, 0.027623046887640612, 0.4356319052698723, 0.5729609396900628, 0.4808214052592916, 4.353692581265761, 0.2555141142022421, 1.8583574229376154, 0.29038472160380024, 0.6218148725885158, 2.534350603741416, 1.7487315751150163, 1.8184388983370923, 151.1621513216753, 447.89608041053896, 66.38100463528895, 0.6736129032598228, 0.051617394685194995, 1.926704281292814, 0.12790365362718603, 0.0003615953015696505, 0.06931373189752321, 2.082244840682961, 1.8441467964917138, 0.1791159648176972, 0.06572831430662518, 0.4165726889883672, 4.519609447135849, 4.261565658692803, 0.16130881220840365, 0.009331242764346825, 2.254041026123332, 0.023916182722132362, 1.6138964119141974, 0.27622492228420015, 0.9492477648464046, 4.518513530315204, 0.012855726678935753, 0.0126837195338112, 0.15837862749560827, 4.967512044912496, 0.0363396199240924, 2.9547749934491776, 0.8927191693272789, 0.0815458195594374, 3.0295942731215746, 2.1534486868544036, 0.001412451781902746, 2.2670072810290094, 19.437404030143853, 244.75001221310094, 522.5195303101964, 116.29589375606906, 1.1757524992600565, 2.096404603163819, 3.99082892005066, 0.4330087461725043, 0.5615260230428021, 0.34484605321841855, 0.5114069984735465, 0.32691422520440483, 1.1479684933426597, 0.7790810244176214, 1.0313575015048855, 0.35396916255308497, 5.408079725628454, 4.620141413754254, 7.302755389709546, 3.588638047352447, 0.4356787367132142, 1.1510434483903964, 2.0716886650386073, 1.6881885392402864, 5.519052254538622, 8.72512500365093, 0.2503349115081619, 0.7763255626973091, 1.5171345192410968, 4.017026498833729, 6.99390166542679, 1.2457502837401648, 1.427677807814291, 4.00816692892289, 5.721747633237555, 1.8659295536619993, 49.76678611509681, 63.76273014657545, 1.3528389334960593, 0.5512323756109936, 0.41554831178950735, 0.3769831354118196, 7.364134298939007, 1.3172837241015714, 4.368123174085099, 1.9637089732112827, 1.3931666031836585, 1.4142002778432925, 3.613745676361873, 1.4752241739731744, 5.129398973323873, 2.204806468117795, 1.6450334600082215, 2.063020338657225, 1.0645926225543008, 0.09610795289222551, 2.971006194644019, 1.4795871867974029, 2.2062366291662556, 0.24268677814450257, 0.9049898487983228, 0.0038590440985899477, 1.5104925765745065, 1.453126808313982, 0.5693087161218955, 0.49882781121596054, 4.08666692943757, 3.525849577496615, 6.643495939594914, 6.429516665506412, 5.825238823799509, 2.89500721919876, 3.529388974819881, 0.370860299292076, 2.812616883248211, 24.236410665986, 76.1909353574597, 86.83811409947054, 165.45242878816703, 191.49206084459274, 41.5426598073559, 0.19837181086370492, 0.21045436547410645, 0.009702705199288175, 1.6412149546968067, 3.3626580718001833, 0.2696688111637968, 0.6794705524915798, 1.235375533781962, 0.6794705524914662, 3.633306595478416, 1.8390428626332778, 1.3912681880118498, 0.30089235755337995, 0.49102881698456713, 0.23264386130381354, 0.19883535258747997, 0.06144028600431284, 0.01735954405796747, 59.78350492623463, 627.9566373460934, 667.9663375364123, 63.17534185663408, 0.23433562293371324, 1.1170430233947855, 24.895359215918575, 106.9182552365022, 42.39072715866632, 13.854568870576372, 0.5514644594219362, 1.8059068439940802, 0.07465673400668038, 0.00299542295192623, 6.081816993373195, 5.840250126896649, 0.08310509231148444, 0.3850021009274087, 1.3965297865381672, 3.651341335271013, 1.3978749034031352, 4.478505044608141, 6.263043877088762, 4.858106133666297, 8.12598631985054, 1.3035228677402984, 3.158307201965613, 8.00000265585777, 4.909439694206185, 5.3368581383142555, 1.0865194446818123, 0.24801636577478803, 0.7388142380630143, 15.081181258559468, 58.25280092796788, 64.31750825280926, 12.942249045865651, 0.17606556695000108, 0.025161201369655828, 1.2779643888038663, 0.17547764470191396, 2.2292554437891567, 0.04834829005778829, 0.0016373781813854293, 0.7488876605568748, 0.25334543032408874, 2.7439850467376345, 4.806208922241581, 0.5763329219638536, 0.03679023699976369, 0.2548223903681901, 4.669887372705261, 1.266457930589695, 0.6245163393883786, 0.7871342043414415, 0.020398983809513993, 0.05935309117023735, 3.8241045806980765, 0.5525917459118546, 1.4107976971611151, 0.37704253619119754, 0.3811228187702227, 0.08769760988946018, 3.073967696267232, 2.8668021374678574, 0.1671798686643342, 0.08206121346131567, 2.954615848732601, 22.598349811611342, 51.49893448870728, 45.98163368942028, 5.406937196959348, 0.0010669798442677347, 0.887234739397627, 2.975686601186567, 0.7115212242879352, 0.4050860830144529, 0.1563278287983394, 0.6832906401123182, 5.918093940105678, 32.67725297864206, 16.4326162466416, 5.890787906056062, 1.602598582961832, 0.10506220017123269, 0.19201798716744634, 0.04352094309876975, 0.029045718916108854, 0.0698347505192487, 0.09093946121993213, 0.33671374240987006, 0.14230665783679797, 1.1906237728970837, 0.023010586576219794, 0.08092757022666319, 0.20584922209945944, 0.4188135909398625, 2.0498677244678447, 0.03684733169541232, 0.8483499858084542, 0.9434434488235866, 0.017664336243001344, 0.577913621024436, 0.12886680719293508, 1.08644940614181, 1.1368683772161603e-13, 1.7699980415216032, 0.49203932179852927, 2.716688061268883, 0.20804388641090554, 2.064457995207704, 1.5990315582615722, 0.052732833567574744, 7.899351632352136, 17.586064414527073, 8.259473573245032, 1.1670854339756715, 0.28739254329286723, 0.0002975349664211535, 0.11920360778844952, 0.10802684720772504, 1.8717735541267757, 2.5827053349611333, 0.028444689159869085, 0.010240078333140445, 0.5312807569365532, 0.6663129605746008, 0.3606007360216381, 0.15417067811245033, 1.3472764926356149, 0.0026018902575515312, 0.5598848037355992, 0.37853160447423306, 0.44054499473634223, 0.5142663029953383, 0.3962736269668312, 0.08360152188220127, 0.05713930052957039, 0.001162490409910788, 0.00029035247086994787, 0.004641329560399754, 0.1829449162084984, 0.46937149039013093, 0.01892826241316925, 0.02399389160859755, 0.010653857126158073, 0.004732062072093868, 78.32752192391649, 487.61258512069367, 268.8055459999264, 11.64194311630365, 1.4420160370461872, 1.4093380983897532, 1.7492640831777067, 1.9796679884709647, 0.9114769374226626, 0.35926168844378026, 0.0246778102365397, 0.10253108530264399, 0.10022608648762343, 0.0657569141797012, 2.455692754810684, 0.26525917125138676, 2.86978264018353, 0.4545654879538006, 0.02497960353025519, 0.5464294097502034, 1.052293602888426, 0.1265761358362738, 0.866932994029753, 1.1541043911457791, 0.0009991800169473208, 2.0448914373827165, 0.49421835627390465, 2.9180426950447327, 0.539611004569565, 0.2164395535775725, 0.9281914609853743, 0.0009772673539600873, 1.480551486310901, 1.4429263612740897, 1.3947570819154862, 1.791126036328933, 3.0615583376506947, 0.049566249571171284, 21.458399996055732, 184.64114003876523, 84.97072873157288, 0.47111551910927574, 0.863489820884979, 0.9176221925644086, 0.2742532451059674, 2.106129317626312, 1.2831941868939793, 1.7400513698331679, 4.83543303669569, 0.2678345887864566, 0.7090306246427645, 0.9307568742626131, 2.646386090036401, 2.0858454324335867, 1.0152272464811176, 1.8853234197427469, 1.643643415773397, 4.404769189814942, 1.557092083582802, 2.690868282669669, 5.95568899513421, 1.509367321411844, 2.8074401664587754, 0.2793304411414397, 0.15496082805753986, 3.5929720185947644, 2.3960584780688237, 0.7037787177398513, 1.6325710578622648, 0.11137275556421855, 0.8436698047044047, 0.1258878448763312, 182.69524566213101, 439.62789425758797, 78.78915713223239, 0.7403018194892184, 0.6356131168557795, 1.2325530382846637, 0.002435884212673045, 3.030649838612021, 1.638793182813174, 0.01038258915696133, 0.3200750757515607, 0.002599120590389248, 2.55406385687661, 3.5681088478689844, 0.15648939148024965, 1.5812174470210039, 0.6323728556071728, 0.07652274907115952, 0.022604797414601308, 0.09100919240995609, 0.46407963270428354, 0.050501158830797976, 0.4306209709252471, 2.648109432754609, 0.07524661552929501, 7.998893491702802, 0.07419911206568486, 1.0054523739211163, 0.5586396772411035, 0.022173875415546718, 0.32982624462135846, 0.0753432891964394, 0.2746042211232407, 15.87400190369408, 59.04052511830628, 24.506294908119116, 1.039227359569054, 0.10449657945207491, 0.0665937173993143, 0.44612695880914544, 0.25977157571207954, 0.5845190993051119, 0.29356318235176104, 1.030693690759847, 0.9021592547279624, 0.8438718384196591, 0.06273339861184013, 2.456426278021354, 0.24894962997547054, 1.051843131253861, 1.0119914637902525, 0.016035941642087437, 0.06480660119734694, 0.2960155361770376, 0.331521098113285, 0.17382470026871033, 0.05071677326418467, 0.3350152398739965, 0.4197979255653763, 16.55376148183825, 67.22364971878619, 12.496473351894338, 24.698229287765173, 49.45320299575866, 3.7973480009775926, 6.536127904323507, 0.5302292793113565, 1.060512628282254, 0.011146696525656807, 78.17837738754804, 343.8535702155649, 142.9020779239628, 9.388408917322863, 0.05751439429332095, 0.8775584728947479, 0.4433185885086459, 6.470501860829131, 10.498169348897136, 1.2055990169998267, 0.3260608709696271, 1.3708335073878288, 0.7981998506521677, 0.3344507885822168, 7.9400777324250384, 0.03111876261220914, 4.052944653476743, 0.9172731110000996, 0.8080052085647367, 0.3425089524428131, 0.5213495385895612, 0.004291375824777788, 0.7166540851046648, 5.448908725633146, 0.7932633594170966, 8.78069549469501, 0.09588369344896819, 1.6633446252639033, 0.8914395957572196, 1.8927987133179158, 1.49157663050039, 2.2107124531893305, 37.08251046725991, 171.17034215040792, 532.2272809948993, 199.39188127005104, 0.4485918956296473, 1.4489373711738267, 1.2310517840489297, 0.0014155714475236891, 38.97071619420217, 138.70553277500323, 99.56781935804486, 10.042102765244067, 0.4075573611183927, 1.9112936170527064, 1.6071692497660024, 2.8315891102735122, 1.389060354844105, 3.335371566990375, 1.849143959694743, 1.7889497217713597, 6.626314662954314, 4.4211451930493695, 0.5408526289506881, 2.7117513510546587, 1.432885470842507, 1.1265640039479194, 0.861620454113563, 3.5328041925461093, 1.8287121350031157, 1.6335154123249822, 2.9038660229812194, 0.35519755568225264, 2.6218896020812963, 0.47911304756178197, 0.2514856584712106, 2.411133781005333, 8.498081373730429, 0.009141652855078064, 6.624978062313744, 0.06467305893158937, 2.1087791617677567, 1.439595815679013, 0.1985314101948461, 0.5277997831767607, 0.5816121163661592, 0.403643983119764, 5.059981627948218, 3.384163648136564, 4.091927894783566, 6.676826944148047, 3.948549520102574, 1.682753601513582, 4.197153152824399, 1.3153353820317761, 0.7156178160738591, 67.35782298324386, 376.2364771960665, 204.82349312959423, 17.092792615567987, 0.0013616709343295952, 7.776669694147927, 6.528162749833655, 0.00037034004026281764, 1.1574144938024347, 0.4223603432543541, 1.4000653800974305, 1.146920524296661, 0.09898679755406192, 0.7826702479000005, 0.7324768911794308, 3.1188688872107377, 0.04277458810634016, 0.7768807158546451, 2.151927584903433, 0.21407332365799903, 1.9893990826707295, 0.1972183819705151, 0.29466753646283905, 2.052079995143572, 1.794283504605005, 1.2866474219185875, 2.1056555364691576, 2.1727094776950935, 3.0110345480680962, 1.426580480743496, 9.085615655180618, 1.639071814714839, 1.54291028111993, 4.452090481349273, 0.03443830325431918, 2.317648140564984, 1.9310065276487194, 0.18631300347362867, 0.6903426966833877, 0.16765863095361055, 8.584301896731063, 8.934764138466335, 0.7704558537791399, 0.5590125862370314, 0.09881125336164587, 0.9867449678590674, 0.05162402094094887, 0.030837151212040226, 0.276450747370518, 0.03705784626026798, 0.20791600149027545, 0.010964747860157331, 0.06828652450928985, 4.386115077329691, 250.79468401871918, 1066.2052789410352, 389.04999119763465, 0.9976917862730943, 0.42648997628697316, 0.6353433230012797, 0.533170039897982, 218.69882982270838, 506.73555448836305, 92.37378275540186, 0.8040358460497146, 0.07138918627526891, 0.09716883408339072, 0.007867205584147996, 2.295647757634015, 1.0145762979946085, 1.4483070020274909, 3.7058171228401307, 0.31162187653592355, 1.728658073096085, 0.7916311534668239, 0.19469196582122095, 1.9874556476406724, 3.1165467831493743, 0.3450951664126478, 1.6828847361847465, 39.213867585657226, 208.04246715427814, 62.18111686362238, 0.16110583240089227, 0.11238985686821934, 0.183841981528019, 0.4895155449514732, 0.5318418460510657, 0.05353919655027539, 0.3576147827047862, 0.017698623061505714, 0.08850414867453082, 0.03973258931284818, 0.5993969540708122, 0.44856234803182815, 0.257297858859431, 0.02885590227714374, 0.028258599246896665, 0.25670053987977326, 0.11502042939866897, 0.6092301090561136, 0.0105114863901008, 1.634604588133982, 2.0623496971921895, 0.4895155449514732, 1.353868970858457, 0.7461893392965067, 0.5925638237985709, 1.1380789600913772, 0.017540606222439692, 0.36583455473851245, 0.1316252270923428, 0.07016311805284658, 0.3962303263141962, 0.05365858103851906, 0.01785948720481656, 0.39012600285582266, 1.4604534037039798, 13.10057428922039, 279.55602274808314, 476.5798673734689, 19.83564478710207, 57.730489998788585, 12.803582292244187, 0.00369519438925181, 0.3006101442488216, 0.09310114047593743, 0.27887508274864103, 0.5025431294727696, 0.006515976806099388, 0.014586246620638121, 0.010142256648123293, 0.0004060352162014169, 0.0004050009908951324, 0.010125034379143472, 0.06885470438749053, 0.03286096573572195, 0.13172485537984358, 0.1812227818726342, 0.41882238257915105, 5.638202431208015, 143.90781085271067, 379.9827822198213, 95.22601855063272, 2.269742418631324, 12.179867698862381, 13.00410983804511, 6.866895490913066, 110.86217692782418, 195.4812451793814, 36.659144285915886, 7.189949661045262, 1.621925930668226, 2.11897385197301, 0.4015794551038425, 3.8457901515947697, 13.992779911679122, 103.03219568071222, 99.77131235351044, 14.057597420354341, 0.00806020060076662, 1.005287824443144, 0.046316029382865054, 0.29106742891519843, 0.054375577216205784, 0.038878533189631526, 0.39121333170794514, 0.11567816171873346, 0.8685690123312497, 0.27040980405979553, 0.4185662395527743, 0.008132459446414941, 1.3357501510294014, 0.09472998253204423, 0.3809099814484398, 0.06431281127470356, 0.020898348471291683, 0.03936117669206851, 0.10543362707403503, 0.0012971683268006018, 0.33484317172781175, 58.149510061740216, 216.4006012602273, 55.02743833811576, 0.0514270357246005, 0.010085749760833096, 33.77369224051745, 199.99839728698112, 153.02191946008838, 17.191702932325484, 0.06456936703432348, 0.23857013307394936, 0.1521833703811808, 0.2727768514229183, 0.06488734405786545, 0.9475111369215483, 0.3554684370654968, 0.5668787837364562, 0.08433008700728806, 0.22841727355864805, 0.1978116476093419, 0.001176341758309718, 0.21325419438380777, 0.37712202882687507, 0.041617494063075355, 0.0233737782565413, 0.33638280485104133, 6.829014096525839, 44.86049185990328, 36.68187252167263, 1.4061688880614156, 0.7651225156581631, 2.3893801990061547, 0.537911775630505, 0.7405343854035209, 0.45140386408263566, 5.737956249116678, 13.800885070756522, 0.24470649196882732, 0.5314095766103719, 1.854351459940176, 1.6051432049675896, 0.18149532451025152, 0.024842354252768928, 0.061088227569030096, 0.1652227858672859, 25.94567817695247, 149.99406755739494, 50.52334433103192, 1.7368845619341755, 1.983860650280917, 1.1368683772161603e-13, 0.279032959894721, 0.0755228771166685, 0.11653872706415314, 0.12989614822231488, 0.007249834886579265, 0.196219610018602, 0.01863451864835497, 0.15340770366356082, 0.002624551667850028, 0.000291980020392657, 0.42573661786082084, 1.5479471991974378, 0.002682915543687159, 3.137197802624428, 2.2944783710278216, 0.007148073992652826, 3.726717281555011, 6.3707115020640686, 1.1478989386259855, 0.9307355069739742, 1.7273939279021988, 0.3256723586367798, 2.108481084299342, 3.6494221295852185, 0.6725546880405773, 0.13456402274596257, 0.3616145881551347, 5.478371908283179, 4.731165234040077, 1.2230476282587688, 0.48233310744410574, 0.007326873207261997, 0.02417696951988546, 0.9369770045032055, 1.5003241023566716, 0.6533936520783072, 1.4167318999664076, 1.2574061460750272, 0.2723576793838447, 0.030164421121526175, 0.33637359646718323, 0.8648388837282255, 0.2092842986054393, 0.18191358081185172, 2.3361109776295734, 0.007972963292900204, 106.91525286343858, 916.5846143304962, 293.35414909399856, 141.05872433027776, 136.98697762020993, 8.976127861674854, 1.2650998618296967, 2.3133612365942327, 0.11810841912586056, 1.867316821497866, 0.09886010426299663, 1.2094882906678777, 0.5444182288219395, 0.034442084938064, 0.25229487779779447, 0.39601382485665226, 0.002753861755138587, 0.5405573174543861, 0.09984721441935562, 0.25747421031684325, 0.4818003214524538, 0.34444718004306196, 0.9679754495206794, 0.22402056307066687, 0.01098434067779408, 0.002726822702015852, 0.033380286424574024, 0.0006812276955088237, 0.03338028642463087, 0.24942654126874686, 0.0006850690141391169, 0.0695364281334605, 0.13571018537976443, 0.0027656124496502343, 0.002793419057752544, 0.3921304847854685, 0.22306868359112286, 1.1582909329094946, 0.955472075577859, 0.6096776847858223, 0.573908481126864, 0.38520537484862416, 1.5284663697621568, 0.03525711785573549, 0.8776273108709347, 0.026154482521974387, 0.16359042756312192, 1.7053025658242404e-13, 0.6618158829686536, 0.1660704263547359, 0.3910539777656368, 0.9416700732676873, 0.046776209705058136, 0.7894815942958076, 0.21526698384036536, 0.1472311040700447, 0.7541471554901591, 0.3613520016764369, 0.9573881691477482, 0.018285616213177036, 2.125419731217903, 0.08890384052091349, 0.8300217207677179, 1.5149717175494857, 1.1438004882406858, 0.22725218526710478, 1.0865194446822102, 0.23330694302347865, 0.28975005964724687, 0.14155355135420677, 0.28975005964724687, 1.0059800534825172, 9.718685427289984, 70.71184703091171, 36.41768485185389, 1.296540642908667, 0.001863773395825774, 0.4268218813159592, 0.1359127092921426, 0.7181544029161842, 0.672206660308234, 0.007397619555263191, 0.1331715854092863, 0.011564357701331573, 0.9190870626325705, 1.4947522512234173, 0.017522009551271367, 0.731093323627988, 0.10901659300577649, 0.554255366918369, 0.05786777540174626, 1.1426845336028464, 0.34217399940246196, 0.16619005675386234, 2.0742472990550596, 1.0276751699047963, 0.2686198289859476, 0.20905143484185373, 0.0426906485491827, 0.006830485191358093, 0.0004286272189801821, 0.24811707068806754, 0.6980372465230857, 0.0017434093888368807, 0.07464502878428902, 0.035191934715840034, 0.03541702969857852, 0.2959907897169387, 0.0004356537956482498, 0.035743527795034424, 0.1269452109535223, 0.01101163236330649, 0.0004429095881732792, 0.3178889227868922, 1.1260568366114967, 0.003882000746898484, 1.1711828813304237, 0.36807076704735664, 1.1816119369207172, 0.5047845171259269, 130.35656188118912, 247.5172269233351, 35.47224146665087, 0.17375269877004484, 0.07752255718867218, 0.2799224368125124, 0.04076263208094133, 0.02964808646493111, 0.9766777084266778, 0.0707003947618432, 0.8574976874164122, 0.3938163581412937, 0.8574976874162985, 0.33722671788200387, 0.10973776835010085, 0.008795339495691223, 0.5864612033731191, 0.5952402088089457, 0.47225697964188385, 2.25659635599186, 0.5158946512162856, 0.005977024403591713, 0.02402601216158473, 0.2629422631760008, 0.5358903541564359, 0.7204173958105002, 0.3213776230891199, 140.5595383656398, 902.2560387917761, 371.320229683266, 0.14581690537181657, 0.2389387445518878, 0.6415505971771154, 0.08383842426184174, 0.5716997033781013, 3.0505647760319334, 0.03964350725635768, 2.1232527474310245, 0.6137166769634064, 0.06631244849910445, 0.009315257248431408, 91.76028118346835, 567.4917348228099, 346.5516189912993, 3.004141654620753, 15.101189465029506, 1.852032551379807, 2.963554464689196, 15.616778341892314, 9.483291057138672, 0.8346365721129132, 0.026327955275746717, 0.044107797810625016, 2.2251173682439003, 0.07479794827645492, 2.6302681482951584, 0.0662385579033753, 0.03199241845925371, 0.6857810886860989, 0.1403461612128467, 0.00026743340526991233, 0.42244907579322444, 0.8847095240076897, 0.1372195653068502, 0.08341572276219722, 0.043715596504625864, 0.9377750462510903, 1.335199153006215, 0.2568594576503074, 0.14394842291630994, 0.3148420028367127, 0.9374288201635181, 1.8499435227067806, 1.3237913655249258, 21.029343083302138, 26.501679314632838, 3.533535713772949, 0.2409651772439929, 3.0853622283539153, 1.2719047972385624, 8.404224892480329, 5.116073527931576, 0.4443913469137897, 0.5009482200433695, 1.0777568803466693, 9.242895304981857, 0.03919900612049787, 0.0028131281098922045, 0.1843851024311789, 3.100148730434171, 1.4583786912577352, 2.130144345261442, 3.669457747226147, 0.36930227734524124, 2.9426420054023765, 0.6065148928795452, 1.2965356796605647, 2.0295446881639236, 7.443253162746032, 14.599517569516138, 3.2359208183446526, 3.876458443608385, 3.2655815813559457, 0.10021154605635729, 1.7309185754014607, 5.1855246937907395, 0.16806208965795122, 4.718325798317778, 1.1976814744775766, 0.41715759045985124, 0.2542977537414117, 1.5306254401691604, 0.37044175005416946, 1.63466726421791, 0.01569070112998361, 1.5807788792571955, 0.03554692557133876, 1.1916766712877234, 0.4727227560198344, 1.1916766712876097, 9.34912489396163, 0.49942821087574885, 5.324002595317211, 2.5292907845708896, 0.3667292157474549, 0.0039031168100791547, 0.4344493504873981, 0.34390976324027633, 5.932384780116308, 0.03614319024552515, 1.1927606920768312, 124.61975285233609, 259.07276477849257, 63.23409393079453, 42.04934324238252, 103.62703460413837, 23.451941153179803, 2.6675506564961893, 8.972088375270857, 168.92991318194345, 468.95735152780753, 177.74283210050464, 14.205055076983172, 0.2728929366315924, 0.007426249242257654, 0.38828810612142206, 0.06709620237450054, 2.4444211526739537, 2.9649746976704137, 11.262744966386322, 63.296020541621715, 75.64587099780863, 8.25618638515948, 6.928921357261174, 0.923225366034103, 1.6385729528142292, 5.360725958216449, 4.206453155965619, 0.0608917650206422, 0.5397300201926782, 0.027125667161044476, 1.5966376759857894, 2.904912677975517, 0.9977419033607475, 3.642396383107098, 120.32137784103986, 426.15610757205695, 139.55158201155757, 0.5881542883601014, 0.0026131731872283126, 0.9558324629292656, 0.38090374404464455, 0.08396427184163713, 1.720592580503535, 2.4552719729856562, 0.19009250354724827, 0.20286177950356432, 0.0002789351793808237, 0.35968259883725295, 0.04694410880404121, 0.35968259883713927, 0.14538856970716552, 0.7756911417033052, 0.3575592641188905, 0.8054778658432724, 0.040298954101103845, 0.0025239653907647153, 0.36011019961563306, 0.3592559805518931, 0.009914463517247896, 0.12170393720839456, 0.10015830020336125, 0.002501462760733375, 0.06249960290608669, 0.039916678436043185, 0.08912545732232502, 0.13282547003473155, 0.18639299611720617, 0.7199526056448349, 0.0467773173728574, 0.11174135160126752, 0.3816421020131884, 97.6719504414425, 776.9282623949804, 731.1702957508091, 68.99526156539207, 3.4536236363921944, 1.4556443755823238, 0.1831203181939145, 0.6414612960215891, 3.1005853749279595, 4.141915639649994, 0.2830290854708437, 0.14765290219372673, 1.1417579697438214, 1.2662792183647866, 2.1896950890565563, 0.2199311097305099, 3.1590757356719337, 1.3623042817573037, 2.732439465298569, 1.187881876872325, 0.6904299030640573, 5.346284234320592, 0.24990681253922276, 3.4861731790316526, 3.6717265592805006, 0.22458373909188367, 2.6805437837305703, 0.04254928559265636, 0.8249442565758045, 0.21596132126205703, 138.25822156903303, 673.5724104493424, 424.4579457482689, 30.883415282992246, 1.681531178340947, 0.2880583876201399, 0.5829569837762847, 0.4186796979755627, 0.651105864225201, 0.04839314834464403, 0.7759798907917457, 0.048393148344871406, 0.049126367898338685, 0.7911928010879592, 0.4214193991887214, 0.11248079721690374, 0.8218201410033998, 0.5172334643132217, 0.07526652933734113, 0.13319467577866817, 0.056493469034307964, 0.09613129914839647, 0.10811612397856152, 0.10773564313524275, 0.06467239014477855, 0.7106338711619173, 2.9998498412520576, 0.21146993152660798, 1.3200717179106505, 0.13509842466919508, 0.03370216473376786, 0.04919732775704233, 0.2678557459521471, 0.0, 0.7182877334561226, 0.0013735310371885134, 0.7826702478998868, 0.08746212343885418, 6.5279210193906465, 83.68975445949798, 117.71086174143056, 21.728078123197292, 0.8003614068951492, 2.184563171568186, 0.26277967136377356, 0.9108684024054128, 0.34386030434109216, 0.03907254928833481, 0.13762606374422148, 0.03907254928833481, 0.3503398240276283, 0.02993375522999031, 0.6259889795915115, 0.005463567177457662, 1.3945086802766014, 0.015195638133263856, 2.195569104252286, 0.15453879570986828, 1.985205887303664, 0.07281613973350431, 1.985205887303664, 0.416393777819394, 0.22594926168926577, 0.29888422474675735, 0.04979640939387764, 1.3271306759933736, 0.523692534966699, 1.7539117543415728, 2.4191496170639084, 0.5333451517192316, 0.014697351696156602, 8.575751331574452, 40.69075307993364, 27.311642851046145, 1.8389872352371412, 0.4735354210431524, 0.7829337285212432, 3.9352751560189745, 1.2649540838499433, 19.920930548130173, 291.5422194802517, 579.0472590614165, 119.84835332502325, 1.0210407802511554, 3.446403656998882, 1.4912925698719164, 3.6255485991063097, 0.16367192931386398, 3.6883016394186825, 1.1540823054419889, 0.013225560724094976, 0.14378080806193339, 0.0785491817420052, 2.328191663216103, 74.47124076320222, 171.88911086304017, 32.29209718803793, 0.1254915613205867, 0.5707680689497465, 0.004382716444069956, 0.50611062183782, 15.593806590678582, 75.44868866087211, 18.773981521428823, 0.05722187410799506, 2.51985206581503, 2.1164485340032115, 0.12830615391817446, 0.005139201890074219, 1.3763949702367881, 3.2538955636625815, 3.4546219625898402, 29.840065214098104, 57.9357514424305, 10.985609051981555, 0.33172030697051014, 1.2667428539724597, 0.000484025664377441, 1.2169319261256533, 0.12485497136731283, 0.16331959621174974, 1.2616267875188214, 1.7758419377205428, 0.4291027447666238, 3.10927531299933, 2.0625472209753752, 0.5075339442365703, 47.71081434732423, 178.00566699858757, 60.28908496362169, 0.04385907187781868, 1.590742246203149, 0.8068710178550873, 1.7225444577589997, 0.05778581365541413, 0.5715164470617538, 0.04248154235312995, 0.49670594727763273, 0.2620513342740196, 1.0344660584696612, 149.41729415322845, 506.40426723274186, 133.19692073128317, 0.007911010764132698, 71.85381556891582, 496.54513681617516, 334.28124502340063, 25.304790621861343, 1.3529610929753062, 0.057340195749020495, 0.38258943490870934, 0.24185749514265353, 0.016234404352758247, 0.8235068212426313, 0.8353485274712966, 0.01651368326179181, 1.0839034359952393, 0.065908663952996, 0.638706499789123, 0.0010247144733739333, 0.8284769466465605, 0.036991671377109014, 1.079733301679994, 0.42840252092173614, 0.45365812670070227, 0.27692211844851045, 1.1368683772161603e-13, 0.006406231884284352, 0.3327459594429456, 0.6486824315392141, 0.04398450607845916, 1.1252705908626695, 0.35393072465012665, 0.6173132928140603, 1.5911215944919377, 0.2864722213786308, 2.3005812330054596, 0.8489507632268669, 2.2024832920164954, 2.1364066332200764, 11.928706515042336, 32.844435719555236, 3.794250736613435, 3.6221074074460375, 0.5929096044480957, 0.36363131066582355, 0.38265222266454657, 0.0003182723661439013, 0.6634045700128581, 0.002868325045369602, 0.44138782391837594, 0.7161452359375744, 0.0052173620528037645, 108.24757427413192, 979.9282530251733, 487.50582553390257, 3.775893290921431, 2.8897406666118854, 0.23211645600019892, 408.76537289068597, 1155.649290861863, 394.1902033155907, 14.405028199616936, 0.16957736393305822, 0.6753818490658432, 0.6469502565386165, 0.11814206120357085, 0.7577653952567971, 0.05261317835800128, 0.2608949993503984, 0.35011225358800857, 0.15391041028260588, 0.9341929418507107, 0.052222393814076895, 0.2726824976125499, 0.35031505635765825, 2.4409453304760973, 0.004365245387930372, 4.902973491326975, 0.1828304297351906, 1.1306178221747132, 1.191991475791042, 0.3183694375820778, 0.022539988857033677, 0.24815713685450191, 1.8218846652158618, 0.7845897336753751, 2.3510364749761266, 1.7350957498056232, 1.303206249725804, 0.03982220493458044, 1.0161347991214598, 0.2142748641477965, 0.5555751131643092, 0.5075849823725775, 14.809653869200815, 231.11170766653186, 509.76572516741044, 108.22243177677672, 0.39913917711078284, 0.6001918424728956, 0.014153069748545022, 0.0034630803758091133, 0.12556264338775236, 0.0008650038791984116, 0.1967199873528216, 0.14802216630505427, 0.022054361918662835, 0.4376553627849944, 0.20030112807069145, 0.022965374897125912, 1.9072861823936478, 2.3014060625516777, 0.27965471283653187, 3.090443609887643, 1.0650927842556257, 73.03642087239916, 498.64870901151244, 382.04460278348665, 38.65636448589021, 2.612208518619923, 0.3531687066814584, 1.5779178812459804, 1.1324701672624542, 3.5289488360751875, 2.30172113890535, 0.0009793241994202617, 1.697164846784517, 3.1985251365202885, 0.1480493716703677, 8.101561926937393, 4.434549171410367, 6.616846537831975, 7.8205839558089565, 2.0180289487216214, 2.063736903070321, 0.14154684835216358, 0.16411974715560973, 0.7109462163090257, 0.4097290396044855, 1.7760831829019708, 0.9946119864681577, 0.44869445516383166, 4.480711623523575, 12.48126175750565, 0.8103663769605873, 72.59864785660795, 244.42164918430797, 157.0065856272371, 11.894948008213191, 0.7760828377487314, 0.7022414989238541, 1.2831494796652692, 0.7022414989238541, 0.07542799623388419, 0.02573627981860227, 0.002079385750221263, 0.0005269516369708072, 0.38416137597118905, 0.13365909652418395, 0.3841613759712459, 0.0005173342433408834, 0.08714939747369499, 0.14808012381695335, 7.4801296687348895, 29.548031219999984, 2.1587954451101723, 1.7414458218132722, 10.365726328201617, 8.869519129271112, 0.025922321594975983, 4.118538884745362, 5.977471848708319, 1.3257657534782084, 0.34078047823788893, 0.06395068770314083, 1.933022737932788, 4.210509980126631, 2.532751736381556, 1.554900734509033, 0.9103975364819235, 2.019493286446277, 1.1368683772161603e-13, 3.333395545563917, 1.9219129486751854, 1.5061051968328911, 2.7988436915251214, 0.06836289852662958, 1.460217118659898, 3.3308532697451483, 1.6181828146704902, 8.356758161135645, 0.7156880613231351, 9.31933327300601, 11.306579915771067, 5.616129783447832e-11, 2.601923813129133, 1.52709211958188, 6.192106581372059, 2.0833946923124813, 1.6336481840522765, 2.1166843255127787, 19.856314875002795, 426.11076965284883, 499.9841128229094, 26.41253467895126, 5.631079404337811, 0.12860389942090933, 3.6471958014693655, 1.8784192249464695, 1.6312066544597883, 0.5993581284233187, 0.370450158362587, 0.6522163130010767, 0.11241274885412622, 0.3862461311921379, 1.1300648251823304, 0.08288506491271619, 1.5539785102432688, 4.136511627389041, 0.12163210047833672, 2.9316765998001983, 0.05394706691231477, 0.4067936545554858, 4.339965712228036, 2.215121151156495, 2.9459244971698126, 0.07486371204959141, 3.2498791870586956, 0.023504027207536637, 0.9540374095779498, 1.6759365495018983, 1.0536813922693682, 1.4223314127768845, 4.36670940057877, 0.04166888881422892, 7.217938507045346, 1.2398826858573102, 0.3974537048388811, 0.0011154080017377055, 0.0025074253995853724, 1.7421789330147703, 2.49863362966812, 0.2102124057838637, 1.3956736302970967, 0.08803647197612463, 0.5494411408026281, 0.0785491817420052, 0.5997157812220166, 0.06955961688413481, 1.039087578463068, 0.8724305665290331, 0.00424363835099939, 0.016868949649619935, 0.044938584852388885, 0.1280792814908409, 0.06801453000855417, 0.19563391048734502, 0.1942922126669373, 0.14212520912826676, 0.017229354197297653, 0.045274231543885435, 0.07760001943881889, 0.3261148133367442, 0.03223009348016603, 4.55314364897572, 7.215741803378819, 0.0011377858995729184, 0.7126022744643024, 5.088058957902263, 1.260697772747676, 0.7858940259417295, 1.5052246750581162, 5.020853637163327, 0.036463844115132815, 3.4843828855520087, 2.2466697075468574, 4.293265521319427, 15.185423147957636, 1.0351214043845403, 6.177799305631083, 0.3881963878963006, 0.24003490552274798, 3.5093758366572274, 0.07868539405023967, 1.6515814122668644, 0.6283860324227817, 11.266333722848458, 12.820709142131818, 0.0030915670256490557, 5.400475204793111, 2.4053118019973, 0.9100576803001559, 2.291821522847499, 3.1806533769579346, 0.6238426542151956, 5.661285277190814, 3.7311373365394047, 0.02833818111923847, 1.7113072046489606, 0.19909096324158781, 0.9036223555442575, 1.2474791077892178, 0.08353590370199981, 0.0013134142741364485, 3.71252903201173, 0.19085919950089192, 4.823571176672431, 0.2781812193826454, 0.05452438007444016, 0.07406016320942399, 2.2982959467468618, 82.29506906762128, 376.61620555649415, 171.0228526920788, 5.490947048786779, 1.9898214987024971, 1.303962580190614, 0.026779450073490807, 21.151401338810842, 140.43476512900747, 17.220381847812178, 497.48845878489874, 995.4895170012969, 165.09185393717758, 0.24579241366586757, 0.011256254278123379, 0.40739861285601364, 0.2136394224438618, 0.00031827236603021447, 0.0003189183612448687, 0.0810674000168774, 0.5036363647330973, 0.1251534248627877, 0.16307629455582173, 0.0027945704355261114, 0.9424452614481424, 0.42991630749224896, 0.053391452510709314, 0.06202546873919346, 0.0003146585615922959, 0.40335872670630124, 1.9622130571865455, 3.037582422820037, 1.1262959813506086, 3.1611001332922797, 3.8712620247519, 0.1760077254098178, 56.16924824631883, 245.89060866448267, 66.39990934579794, 0.2667191425797455, 0.0024358842128435754, 0.30080085004527746, 0.22221823221218528, 18.31409801376651, 61.97073772834506, 16.762400279010535, 0.6311260446863116, 0.44110355190321116, 0.08774402408857895, 4.395392563518612, 1.3994467365221226, 0.9505314617167642, 2.7840551663429096, 0.6177976827073053, 0.44511178485618075, 1.453133042918921, 1.1862158025136296, 6.623290303914473, 0.011260159271046177, 0.56777443899216, 0.22080151553927863, 0.4886737368959757, 0.11712091904178124, 2.3698711389386062, 0.8977734135983155, 0.15200060330550969, 0.857841038782567, 0.20301948922315205, 0.21769333555607773, 2.8799411309389598, 3.09478977462652, 0.6986272597737297, 0.1477116197588657, 0.2138856716265991, 0.14771161975909308, 1.9061531483999943, 0.0501544939111227, 0.18553342751806667, 0.15160918538958867, 0.07005059476011866, 0.6014336865208634, 0.006583393313007946, 0.000409871797728556, 0.21946373428363586, 0.39938481608123766, 0.02691331654602891, 0.12083990312100923, 0.45297671824948793, 0.006629100590203052, 0.006572062799364176, 0.020205202410465972, 0.16601757318051114, 0.010255611791194497, 0.006687114604687849, 0.9228991331473253, 0.05976585521875677, 68.66192259800573, 565.4696619177745, 351.4754409009647, 19.107898595331108, 0.39429905580254854, 0.5207519495655788, 3.1418904841402195, 2.143431534829233, 0.8891717947630013, 0.0810920495875962, 0.08495244405781932, 1.4774170094384544, 3.10075467101359, 0.3818556750101152, 3.2816209727583896, 0.30181711859637517, 1.917526737519779, 0.3868809176596528, 1.7833696785655206, 0.8381725786596803, 20.35339527175438, 302.8830027355409, 411.27762574230474, 74.92401378423597, 2.642004163244451, 3.455200865653751, 32.9024383084967, 39.457961634341586, 3.9630448246741707, 0.005217362052690078, 0.868569012330795, 27.040314631999763, 405.30158915963614, 562.1769684579745, 91.42486581846185, 1.7294405225300125, 1.3659098223050705, 1.1683401454310456, 9.01410915522456, 5.347916028246971, 1.2472421976610235, 5.347916028299835, 4.314926634800713, 0.9507616800535175, 0.8177574152868488, 1.1970868934058103, 3.1377567211166024e-11, 0.44146847778807796, 0.4737299207988599, 0.6987406899504549, 342.9735100354867, 978.806685280558, 286.9681706717133, 6.2515303460384075, 0.0831395999319966, 0.004087598152977989, 1.3470724965155796, 0.3274999611332987, 0.0009908323373792882, 0.2384957531337477, 0.22461816576003457, 0.5505810676851297, 1.0767702816316387, 1.2835096555667178, 3.3126915537375226, 3.9245580872963046, 0.5876616495561393, 0.43195383095257966, 0.08116744423148248, 1.921499873501034, 0.003993170883745734, 1.7912739609830624, 0.06423622154375153, 0.32555167517966765, 1.9085358811244078, 4.221331220119623, 1.3800870523940603, 1.0411830225168615, 0.1727973593930301, 33.143387794679825, 143.33397664520066, 34.57862438491827, 0.37064529382234923, 0.2533454303245435, 1.1031714266499648, 0.058694113227375055, 0.22758089268950243, 0.7707052678836135, 0.6364088492880455, 3.1410439550409137, 2.479536448080353, 4.357815885060177, 10.211712186824911, 0.7605380918067794, 0.779739613877382, 0.7605380918066658, 1.1601328484566693, 0.06554857904404798, 2.67246251574295, 0.01407185759467211, 0.11518738191716693, 0.7376096615378174, 0.15962962382434398, 0.33746173019119396, 0.5719694390145378, 0.2452126935073693, 1.1368683772161603e-13, 0.0003884926902628649, 0.35530372019945844, 0.14140086294707999, 0.19170757109770875, 0.1436446391788877, 0.0003923336433899749, 0.4308121872547872, 0.03905650368892566, 0.5842449242589964, 0.07580471274764022, 0.36794463843375524, 3.5329860102367547, 127.39534887810714, 401.21814123113313, 127.64775662328236, 0.21696198975183734, 1.077069350420743, 1.795882620576549, 0.2461696163589977, 0.9627141613034382, 0.40488093597997477, 0.3190899168861847, 0.4048809359798611, 3.125127389779607, 1.8396885534616558, 0.23079676104839564, 1.5597357497464372, 0.7483344209363736, 0.32318220770281414, 0.0012575057335197926, 1.5814989126071737, 1.8970770313935645, 0.22540250235584836, 0.19232332051177536, 1.9508814575813176, 1.4920604842916418, 1.5400029098742039, 1.4443930591055505, 2.3365610513057504, 1.615441498746236, 0.29980046998252874, 73.60233238171668, 340.5502748492679, 88.30962958984082, 2.46807071069793, 3.286333765354243, 1.628138813955843, 0.00666960642797676, 0.40148101102465716, 3.274443867669902, 5.798925868094557, 1.7826923234514425, 0.01700510179466619, 3.468753825044246, 6.032388214447678, 0.011021772848721412, 2.7495343322532335, 0.17840380667348654, 1.2523643625480645, 0.8159732539221523, 0.5415855231537989, 0.6024706054217859, 0.18144396205502744, 1.4944382345987606, 0.0551209600147331, 0.6357488682665462, 1.6333199979036408, 1.555211426461824, 16.090868291317747, 42.663376425387696, 15.642153228045117, 0.000342512645147508, 0.04839314834475772, 2.1298708726367295, 0.3632676436453721, 0.10421141977133175, 4.937730520114883, 1.6178255055497175, 0.004844962568768096, 0.2241440267411008, 0.8974901203869194, 0.12326844000506298, 0.11382057628327402, 0.2782678312156577, 0.020253165402095874, 1.6584823812372633, 0.00031550154130854935, 1.081321915622084, 0.7450690614441555, 3.232878436285091, 0.024807301488294797, 4.953989123134534, 60.76032398373172, 235.0682801051414, 78.33227640944676, 1.0852644449634, 0.6388862471829952, 7.351924827542689, 6.940790466072485, 4.388931566519432, 11.843895059019246, 2.9826049494528206, 1.7053829334541888, 4.442870121796545, 5.21535424131082, 2.6686712258334637, 0.9333815290672192, 0.34214333671661734, 0.4746684205337033, 0.18205895296148356, 0.723110821944374, 0.6109782664657359, 1.9184628649278466, 0.23132375747513834, 1.292622293513432, 0.5223501956943437, 0.10563901054035796, 0.0006101215042235708, 1.2952748066388722, 54.667574152664656, 227.70431656773076, 97.93331026596536, 5.475340620250904, 0.39384064249497897, 1.2613445617915886, 3.6943764261956176, 153.80503842643293, 672.6408875271883, 228.52884304232043, 0.40381873162425563, 1.429962926117355, 0.8515278710247003, 0.8026494486321099, 1.8990256859228793, 0.7643626111973845, 2.8351237627199453, 0.001270552961273097, 2.890399066947566, 0.011465092166190516, 1.6586132137751974, 0.35011247932095557, 0.48250801988683634, 1.6763291400417302, 3.125780023954576, 1.7211499607680025, 2.261503017472023, 4.7421834826714075, 1.1126154488930524, 0.3674639847824892, 1.0945584106063961, 3.139956842976403, 6.728542622642294, 3.078714478043139, 10.919779908831629, 1.1416323129436705, 0.010080300637014261, 1.930774230819452, 7.93509888750134, 0.019834900068758543, 3.817553677343085, 48.856842181993215, 22.921651941332243, 2.330276734079405, 1.51449898589334, 3.1699544442696492, 1.3015858694022313, 8.539623280489991, 10.842967024011102, 0.25162344081422816, 11.491660098916668, 5.469449618154613, 0.23986484713520895, 6.39108917423107, 0.2204292007896811, 9.06767686130513, 1.8388057341206832, 0.4899336771173921, 0.355218926518603, 4.397571151721422, 0.3552189265184893, 1.8586145623786479, 2.0225102633687015, 0.11149878976544869, 5.896077969035559, 2.8107268169683834, 9.008959878447115, 7.4415529403287906, 1.802227610929151, 7.495538064430832, 0.3505958097041457, 5.930392261181396, 679.5545748528707, 1394.7017958590525, 166.76002425436877, 4.978389045545896, 2.2992950741324876, 0.2559790266153641, 0.5002319906433286, 3.9413958888926572, 29.39211273742694, 49.987677523227035, 4.139347540930771, 1.245441661871837, 0.8878543890084529, 0.7797280085787861, 0.8853858243599007, 0.609913227933589, 2.0275269577707604, 0.8046862670464634, 0.7964055814207995, 0.27512866426548044, 0.6036228033600537, 2.5437703046308116, 0.023692559615142272, 1.1875833099970805, 0.029788538432171663, 0.7435967972800199, 0.061626398135103955, 0.8830410712021148, 0.03642328856710719, 0.2139025336582563, 1.7363356087824968, 1.8531633101915759, 0.003476573744706002, 0.6123668298043867, 1.4044338425203478, 0.0734167410369082, 0.24660332032556198, 0.10694563328377171, 0.19275513821014556, 0.0526921877450377, 0.6912562908829614, 0.5337495337807923, 15.167314558471276, 290.95020233029413, 569.7039443304985, 124.85082541072904, 0.2017935644250315, 1.5885334670373368, 3.3426477576823572, 3.1006724157686563, 6.342763091068036, 10.012181095213123, 3.058167261841106, 4.888827263492715, 0.0943522395027685, 1.4624239367408904, 0.44085253406302627, 3.006261511276705, 4.0981494204351065, 1.3454481243435907, 0.8049951595131688, 0.8546253466736857, 3.528804789539379, 6.4881055658315745, 29.61314951214183, 24.941516758725584, 0.5212930463578687, 1.7087002129072744, 0.03151601279557781, 2.2161652883909255, 1.5710181835783033, 0.07592149828826678, 1.2426697427008548, 0.0011763235411308415, 3.1563516395665374, 0.0, 0.8765638215755871, 0.640747545970612, 6.22575977395968, 0.24870798501115132, 9.212820286495685, 1.3491319566804805, 7.05552506967598, 3.9199025937132888, 0.8882538975801708, 2.866139361672026, 1.5153880447107326, 4.904399644162595, 5.154740281707461, 0.004298763647511805, 0.9610793322014501, 0.24530625562158548, 1.028150336584531, 1.4980832704845852, 0.029764250358880417, 0.2406421061377273, 0.1430235081115825, 4.049635573071612, 1.6593105665108396, 2.570521078428669, 27.322148343547497, 30.612198049702556, 1.6588416273926896, 0.05951391821861307, 0.0007564125143062483, 6.436941315208287, 1.7359527250779365, 2.9310438527016913, 0.3212661860465005, 31.49860805721437, 288.34632601976955, 69.04518099837787, 213.68389497427677, 195.06542218011816, 3.4940680055117355, 2.442593607007666, 0.006734528594506628, 1.0372796683237766, 0.18880870464363397, 2.768335014133072, 0.42742181617029473, 2.170482910453643, 1.4464551987940695, 1.6732540549269288, 1.409409023977446, 0.1709928640146927, 0.36985284331876755, 0.6462269729414629, 0.11304703471193989, 0.012621552977975625, 0.012641997115110826, 0.6067281594414453, 2.882099858476977, 1.6748425357397991, 0.011960381251242325, 0.33612291772021763, 1.8029756208063645, 1.786888009538302, 0.048751218010693265, 0.07386418221199165, 2.5507409439751427, 1.2722743944583499, 0.2052181417916472, 2.632024800275758, 3.9379617707445504, 1.735060757996962, 3.016262007166233, 2.461399165340822, 0.07265176617841007, 3.6100292811843246, 6.461395178362409, 68.96220152500894, 28.81249482859289, 0.39110389191023387, 0.12510884546657053, 1.446864629792799, 1.2011127267738857, 1.8450867432932228, 1.680058081096604, 0.039929917511017265, 0.33172030697051014, 1.7709931050475234, 2.1654219514393844, 0.6438490651447637, 0.5975082541888241, 0.0004791980161371612, 0.5192790682398254, 0.0043214049413791145, 0.34864997873910397, 2.539706407058816, 0.030083313611498852, 3.7863551196012395, 0.06782049506068688, 0.004405029039389774, 54.77385471984246, 273.0073825734228, 193.48860782674285, 13.9099107457821, 0.5035098991580753, 0.339037359325971, 1.1092709729115313, 2.4458405728119033, 1.259279983165925, 1.4279449602228738, 0.028859312229940315, 0.04381118167418663, 0.3642494391571063, 0.955154304428163, 2.933165706759496, 2.4116780379445117, 1.0728219793875269, 2.7854721375501867, 281.3278726212378, 764.2188611170479, 157.10448614504094, 0.137653931652153, 4.0923296002901, 3.9923899490115673, 0.4670398653037182, 0.18058401546443292, 3.5451449661505876, 0.6842563602477867, 8.462810381298937, 4.6899665890447295, 0.977742949376875, 2.6712290581981506, 0.02884936255475168, 0.14359957802139434, 0.591621171613383, 0.7850372196863873, 0.05013831068310992, 0.00314635772906513, 5.361349489999725, 55.69347765179225, 71.22959374513096, 9.109780438702614, 0.9660383167728241, 0.04463343436930245, 0.002141745870176237, 1.082566329249289, 0.49062744395098434, 2.5799063053079863, 0.1618347847336281, 0.6021659790191052, 1.9032700860915384, 0.2365265692619687, 0.13424084438645423, 0.07584010286939247, 2.136248023130861, 0.008389955333313992, 7.394476773594647, 0.08818774400447182, 0.2858567552053728, 1.4153571058122907, 0.008056615330019667, 0.08339637630501784, 0.03243010034316285, 1.9098666959745287, 8.78651639941495, 0.18839216043329543, 6.105905887325662, 1.590433894534499, 0.19688471035237853, 0.9539613517681573, 0.8023843558861472, 0.6476562542013653, 4.239102984810529, 7.106672776373102, 6.411218599219978, 17.73480486799849, 2.233100627275576, 1.1902491624719005, 1.133192036130481, 0.1842354373073931, 2.124922566156215, 1.396409601129335, 1.4386555819871774, 1.487407814063772, 2.27313587586832, 0.6544212541565457, 0.0581968637046657, 0.7221219232303611, 0.7651225156582768, 0.07084994482727325, 0.006734245826123697, 0.02708013326719083, 0.00671059926662565, 3.8312345505746634, 0.8684628926740743, 3.671697945010351, 0.8307545678744646, 0.09474268642009065, 0.4344493504873981, 0.22354066712546228, 0.7103698698300605, 0.061805709885220494, 0.003740226644595168, 1.3670104573375284, 0.9384910083949762, 1.7287588089618566, 0.22715495479133097, 1.191305389519698, 0.1891969266110891, 3.8175451226227324, 0.01080282368400276, 3.8974654166730716, 3.2120341852282763, 12.718811491943029, 12.563456176918521, 2.299095456948521, 15.251700164116755, 0.0748916675009923, 4.361092170404731, 1.056832445701275, 0.47534206054592687, 0.0367049182007122, 0.07128040024826987, 0.22634542218133902, 0.06148467980767691, 1.0679114679375061, 0.4494737871674488, 0.34061279779450615, 2.584215601709843, 0.038457011644254635, 2.584215601709843, 0.9090762019974363, 0.09462318858697927, 0.1497128578628235, 0.3808708505936238, 0.08437923512133239, 0.09703827121984432, 3.0045731527638964, 134.44334932630932, 522.2574568729719, 203.72541116757304, 3.2783585046790904, 10.67978723461988, 10.202216655811412, 7.086250418017016, 2.412650962072121, 7.784814903179154, 1.4507096319456423, 4.1426678959002174, 7.883026367700495, 1.2662817718957058, 6.866476490723301, 0.36769010828504634, 1.092199472765742, 5.831286580499977, 0.3268049148866794, 8.658978703582989, 2.673359125616571, 2.7577226422397416, 1.298129782364299, 0.46518626872193636, 6.349573544772284, 4.409452468478889, 7.357583690527122, 5.063586220986622, 0.6822510897017082, 0.41613468458524494, 0.94610295747691, 2.349933131864873, 0.3757277923133415, 1.3737129307177156, 1.8634667087145544, 5.005796364736057, 7.371604923846121, 1.968538441634621, 0.0014628220743020393, 61.85364393224938, 205.86343458096042, 65.15952285964704, 1.1749181635975674, 0.0005672043588447195, 0.22863101699351773, 0.12883216327338687, 2.2737367544323206e-13, 0.1311619364659009, 0.4285930443020334, 0.08409526059551808, 2.007823441611322, 1.467699046623352, 3.492954387458326, 1.8217680613960283, 1.5985224773237405, 0.2900094931538888, 1.1114429241448534, 0.002426730206366301, 0.6586602988297727, 1.1417637347256004, 0.021254589551290337, 0.4254902666190219, 1.7326079077487293, 2.2403133023509554, 1.661691132093324, 2.1121322280539516, 4.546486931192703, 0.10070071114228085, 1.2743329396913623, 1.820739383617024, 1.0071504516278083, 0.020147391489331312, 2.9263590894498748, 6.804208301236031, 0.025053415112779476, 0.5458093762676981, 0.004577334968985269, 0.565227116170945, 0.8300260695637007, 0.9989680810043637, 1.7285178071090286, 2.2737367544323206e-13, 0.004491888904908592, 0.3109772291521722, 0.0020015855503743296, 0.09696892454076078, 0.1135943432334443, 2.917046759977893, 1.1036786631306086, 1.067182599874286, 2.3837119266250966, 3.410605131648481e-13, 3.492796194648008, 0.5025775481331038, 0.2597342255339754, 0.31048832619751465, 0.27694777112265, 8.606410951133626, 2.9446445917741357, 1.480768495969528, 0.7795965915491934, 0.06057978034709777, 0.8541072745483689, 0.07213254731686902, 0.8133778563980059, 0.0005038016395246814, 0.6574383479071457, 8.147571931223979, 81.17045962190548, 165.18770518275528, 38.60140218285221, 0.0012447844940197683, 203.28853062172084, 857.2116519084259, 423.58056249859305, 17.26884705841087, 5.548192418992471, 2.083153156392541, 1.7706523232951668, 3.4774893750487763, 1.6450924063741468, 0.019649660775144184, 9.910815612745068, 1.0727316216630243, 2.4615902172444066, 0.8301270840918278, 0.7776044105563642, 0.09736707701483738, 5.222826861962176, 0.7511476470815523, 0.004071933562727281, 0.1117741757764179, 0.00025428691094475653, 0.18446831924813978, 0.42283632791759374, 0.00627135708532478, 0.34398240602547503, 0.2752651241969488, 0.25764326303499274, 0.05715217812564788, 0.9751231236103877, 0.006332918762950612, 0.6112294579202171, 5.095285219518246, 23.947022565514658, 6.19945345555027, 0.3090868797441999, 0.007519369097963136, 0.17430796734151954, 1.064104490778277, 1.3989308670760465, 1.1002188913930695, 2.2891591785480614, 172.60666157340506, 957.3528254361455, 289.54651594558663, 2.5133042265375707, 2.060272999011545, 1.3023680690298534, 1.5684309360478892, 0.48464532156521045, 1.3938311705011301, 0.6474962200567802, 0.14873003954778596, 1.650958406296695, 2.5604402746531605, 0.7151703752048206, 2.704719594809262, 4.086262928965482, 0.37216598802729095, 6.099704164906598, 4.792462251226652, 2.001072889324007, 150.84810130314975, 454.49427118308574, 189.1300055250481, 16.190003663139123, 1.396999724540251, 0.15222953067666367, 0.006050385164826366, 15.080865906890153, 33.12210462151086, 0.32866351815960115, 0.017381178587584145, 1.0318615578515846, 0.15738122399454824, 0.6666979233850725, 73.1071109929677, 265.4852654233622, 69.55881816853321, 2.2752620581410383, 1.2099608298168505, 0.2815411106249712, 0.006067883754099057, 1.8263520224084004, 2.5982703413902755, 0.006308839931875809, 4.252890942651106, 0.6719759989092609, 8.799511288324652, 2.1263132368135302, 5.569847675906544, 3.0251404295814837, 0.02436728816746836, 0.29470459061178644, 0.08817479067261047, 3.9758457625246137, 1.525070017923099, 0.06500873672268881, 0.030887041443520502, 0.10168745114140165, 0.03088704144397525, 0.03693047469630528, 0.22854810843796258, 0.5146620343070936, 0.17147715550936482, 0.8284769466464468, 0.36509888018872516, 0.08350815784024235, 3.476435297065109, 0.00025639040177338757, 2.594973406356985, 0.025561560468077005, 0.10152085240997621, 0.006381612744689846, 0.14796747037485147, 0.12447113027224077, 0.11338134006325618, 0.564204043462496, 0.004085353267896608, 27.57171485322158, 133.32674275049692, 76.96363784383914, 3.247368201001791, 0.0038855045615946437, 0.1897074896273807, 1.1368683772161603e-13, 0.13956468881383444, 0.9326870380857599, 1.1292289490951362, 0.2209995777396898, 3.678550883393882, 0.6198003946041126, 0.015922675173555945, 0.027843881840681206, 1.97783898292073, 0.41081887198367895, 0.7103698698297194, 0.3845692290652778, 0.0155350209926155, 0.33530092310365944, 1.418524657202397, 0.00042219165618462284, 0.16587339675947987, 0.35042723216872673, 20.12767270805068, 77.6711631223775, 30.244156288141994, 1.2796871027333054, 0.13601959253617224, 0.11241274885423991, 0.017910625521494694, 0.3827831093823306, 0.8652275272705765, 0.10039664428438755, 2.1077170322375878, 0.010050664837876866, 0.103788924009109, 0.2703174177438541, 5.134504666322414, 2.1900904437088684, 0.7608442525682904, 2.2402508855233236, 2.087502454878745, 0.028324208941398865, 2.436059691917535, -1.1368683772161603e-13, 186.45685992490007, 1055.9980483146073, 710.6945392122032, 58.838729956827365, 0.11503284808446779, 1.4043006227784645, 1.2207183807025217, 0.18521232544173927, 0.22434742769229388, 0.2768170984338667, 0.002744860588393294, 0.1761722820427849, 0.2260224878670556, 0.8546158720843096, 0.23834105338966083, 0.02733665652272066, 0.012155328375740737, 0.6577946479676484, 0.8303065021908651, 0.06900519115447423, 0.10020465155287184, 1.1520291208684625, 68.43224243221471, 703.4067184407833, 698.6897445922973, 57.60334603315255, 0.24147220533404834, 4.460335438366087, 2.5682239581493604, 0.16690193908345918, 0.007850728832977438, 97.01614399135065, 573.9646477207352, 274.56583471007434, 3.356894689372666, 97.01323541855686, 46.78023502071767, 5.908002592839807, 0.15708405839916395, 0.374730966616994, 0.7699214706216253, 0.9505381926528571, 0.8137921332843234, 2.021055569954342, 0.06120528113706314, 0.19956869031068436, 39.24473792132437, 113.11675347481003, 21.621204804420472, 0.3417005952570662, 0.6400220201380762, 0.27710808731478664, 4.8088575535479094, 5.087340176293196, 0.10300955432899173, 0.7074398386197345, 0.5654223879703295, 0.7074398386196208, 0.0013917032667905005, 1.6782239537309351, 0.6531763689974923, 0.8874609913760878, 0.6233804914501206, 0.5224917189084408, 0.28952539892316054, 0.09848764455682613, 0.510985393143983, 0.09848764455671244, 0.8095159528000977, 1.0072134909338502, 0.21642281304207245, 0.4022123986811721, 0.23399759185724633, 0.03448849389883435, 0.23399759185724633, 0.005546435954329354, 105.49946123214863, 513.7932048078289, 160.51055560388932, 1.9167130800528867, 2.032673502732564, 4.298047017953877, 3.1651454792403797, 3.0343278066699213, 2.283461090011315, 4.980554056320102, 4.410799231593842, 2.5813111422513657, 0.05551484773081938, 0.54903617325499, 0.09198215876915583, 1.5363183710020394, 2.2282408669581173, 2.3933531667599937, 3.408915926558734, 0.07209385732289775, 1.4999061694421698, 1.7803200946312927, 2.262100211257234, 5.64566714797661, 10.303752067407515, 0.6284279063849567, 1.881786389480169, 1.6406918467489504, 4.119726937219809, 1.948819599417675, 0.08050648929497584, 0.3172978678598497, 1.21760094400247, 0.4983937033146617, 0.07364470920435906, 0.0376882676894752, 1.2484739715064848, 1.498661617997982, 0.5218890874548947, 0.23035290139927156, 1.1974066329442508, 1.3831506719828894, 0.3062533802085454, 0.15978481243826081, 4.216139794490573, 5.566361908693068, 0.11302075720652738, 6.3759114633681975, 2.7060742811404452, 1.0874555648196633, 0.5046849238160007, 497.1867819541196, 1147.7623532534647, 180.96950369344654, 1.9731607105526336, 3.0035312410605, 0.035708152101733504, 0.3580787629458655, 1.3065065459204561, 3.010051364231117, 0.24914036981647314, 1.3142725990871895, 0.00026143193690586486, 0.01639544416593708, 0.13737269130967888, 0.10213430731630524, 1.1368683772161603e-13, 3.976058990897627, 0.376563161795616, 0.9951687538621172, 0.012889762459280973, 1.1240223331898278, 0.4796279138712407, 0.8069631483541571, 0.0930188574712929, 0.016689488992938095, 0.8252105308538376, 0.03158012004837474, 4.291126406867761, 0.0315801200487158, 9.67728673163856, 0.20559951039399493, 5.668067150199022, 2.1299010470345365, 357.31647107342974, 1788.1425890908517, 737.1301095366553, 0.09623202592075586, 0.09508416234024253, 0.00620098037381922, 0.648726893206856, 0.05722526803566552, 0.23966354254167754, 0.05702044451925303, 0.09964505216265707, -0.0003079258646607741, 0.21144036509014086, 0.006178294637265935, 0.8772749283771759, 0.05651599047769196, 0.5023955099144359, 0.09984816635653715, 0.6242698254130801, 250.5607919060103, 1054.3794205309184, 593.9924538129694, 30.336153262418975, 0.7343003348362345, 0.28273398214116696, 0.005400036313972123, 0.9522337009410649, 1.2274422987416074, 4.491349481649422, 2.7608204584466876, 0.7877621846780585, 0.7798689981677853, 16.035911669024244, 52.39694352382526, 5.0129955304259965, 380.12013501067213, 529.1263542989947, 81.5861677313842, 2.2197660545332383, 2.9820846292737997, 0.6434192827916831, 1.492031729171572, 0.4217845017331001, 3.2792962831809973, 4.953215376510457, 0.0157146541793054, 4.184143058172367, 1.4944126236331385, 1.5419697437013156, 1.3934174541044513, 1.2808601512317637, 2.0281781428622025, 1.0184748950223366, 0.12849336428894276, 1.7627418364656933, 7.934348188558374, 2.5793381272416127, 1.9834831808766467, 1.286815281095187, 0.3844147019733555, 1.7541386898516294, 3.138630316101626, 2.0134665592441934, 2.241780630982589, 0.0486626831140029, 0.03459532413785382, 0.35422718836287004, 2.4113937942536268, 27.242041155784023, 121.19264637916865, 123.38884419108075, 21.28131568079067, 0.03661634793320445, 0.06094788186095457, 0.6222976013385164, 0.4339826346298423, 0.9828104802702455, -0.023192200290225173, 0.09696552239415723, 0.11684221222424185, -0.023243406200776917, 0.9472186484919689, 0.21416585667049048, 0.47028111355785995, 0.49069736270519115, 0.9893499891678061, 0.47803267546146344, 0.12055519402633763, 0.2607139815962114, 0.004243535088505723, 0.20996538303728585, 1.0259378585483887, 0.5622445527185391, 0.6749526476905885, 0.6520329991580525, 0.2432546268094029, 0.004410425861976819, 0.21785591388476178, 0.5138408054647812, 1.746489876303599, 0.8062473212261807, 2.383841091739214, 0.16502072747221064, 0.9419038502995818, 2.5273509519632285, 4.050938496327035, 1.1382448282449786, 2.5933385402055933, 475.933039436567, 1222.6655466657955, 256.62352015648116, 6.911182852818229, 1.5419941525062768, 0.8262885405188172, 2.493252112066557, 0.1656809417737577, 0.06185924647650154, 0.03832980019785737, 0.09027318149912844, 0.28329186826954356, 0.5036363647326425, 0.12548697869101488, 0.06223447142792793, 0.11328965743393837, 0.5760479148700597, 0.13848789154178576, 2.018768693940956, 0.939230002987756, 0.03936117669206851, 1.2745038454775113, 0.8024910584201734, 0.04508498791653892, 1.2656667165970248, 0.15204205933025605, 2.4120634036194133, 3.6171056023548545, 49.21466202171473, 88.89997316783104, 17.013754606465454, 4.025823583890087, 18.576075536969142, 1.734046089968956, 8.83836661788746, 4.316419979770444, 0.9976407490343036, 0.9947095232050742, 0.5744330824036297, 0.41977111948665424, 0.15319839324774875, 0.01698838608638198, 0.3886622235725099, 0.738382779302583, 2.1514221835404896, 2.704500704869133, 1.8562988805875875, 3.597861659701948, 0.07684121886961748, 0.02260077479411393, 0.10368004985980406, 1.7745108644821812, 2.4933950576037205, 0.17579822506957044, 1.6134965911048766, 1.8174792931412185, 2.227805900228077, 2.3527229407204686, 0.038092870764671716, 1.767488998386625, 0.03035076685603144, 0.29164636919415443, 26.172279084419415, 271.4493062789586, 267.8409621753608, 32.31697569340281, 1.0709590490799314, 0.9623488475410227, 2.469684966370778, 2.5971368667586603, 2.3947811239429484, 2.597136866732342, 0.4183778384810921, 1.2988426593278177, 0.092494430265333, 1.8289935589603488, 0.1483724760580003, 2.742332844594671, 43.12950864197592, 88.63531762840125, 18.320319110699756, 0.024786899577634358, -0.025839003840417263, -0.05262804360120299, 0.056769297442372135, 0.4464030320125971, 0.10090777618722768, 0.24984747669373064, -0.05238741826082105, 0.0071386241795039496, 0.41928499278708387, 0.303948094283669, 0.25873921659672305, 1.4438086097694622, 2.4751818516007233, 0.6570061328338284, 1.5325757405636296, 0.2243008015569785, 2.2058051909193637, -0.0046308980793128285, 0.3593812730015884, 0.5892136068662808, 0.11524281630403266, 0.40525061813997354, -0.024052069128231324, 4.518003283057169, 1.2985095531831234, 0.09980508389685383, 324.3612489414153, 934.2389522923339, 401.84797309753935, 27.86823388388393, 0.056453531250326705, 3.722593525895377, 2.3329061814457646, 0.7970632330393528, 0.248271311083613, 0.4383900715939717, 0.25303100267797163, 0.7405814415598115, 0.063561477004896, 0.0013079552860517651, 0.1282189170735819, 0.9366706127570978, 0.39468896450034663, 1.08205959375357, 0.005224582207006279, 0.17220323701769757, 0.4907320024966566, 0.18756782849925457, 1.2096873306251155, 1.0126912209669854, 0.6529641487049958, 1.2430693206786145, 2.6881334276812368, 0.020985460024803615, 0.002897709234503054, 6.77741475309324, 207.6938934367099, 386.52408093115605, 84.28919091794478, 0.024777602238259533, 1.2192804845786895, 1.3852486630612475, 2.4732881270709868, 0.18367197944121472, 7.867745953785175, 0.0009507179726142567, 4.2388600609905325, 0.0777637641945148, 0.4509873418095367, 0.7389966502470315, 0.9452344009199578, 0.29242885436622146, 2.032635668168723, 5.758718708208448, 1.4048353524591448, 4.3925014443291275, 0.18332112486484675, 0.057655262723756096, 0.09143346186920098, 0.26253299634140603, 0.0009066984362107178, 1.794613436804184, 1.779776712219359, 6.431118417664834, 2.2275461498659297, 0.8930284017853864, 0.1196835458329133, 103.35797881151575, 566.6960556881372, 362.46274106382975, 42.14150252057709, 0.5281097337337997, 0.055159957409046, 0.33420793261143444, 0.08840771859081542, 0.43120725403650795, 10.828156934802905, 18.690636886574566, 2.755598637111234, 0.041566222265714714, 3.0942075605506716, 14.680859702745465, 4.565172579147543, 2.3955111324287373, 0.8042931385851944, 0.10621236500605846, 1.2278827790551077, 0.7818836582921449, 1.130108359113251, 0.017389858628803267, 1.506438824700922, 0.744275471795504, 0.2782413876490182, 0.02258030625171159, 0.11035640676880121, 0.06283558364157216, 0.05462257245642377, 1.4235891618138794, 0.5108869913362923, 2.882690027478702, 2.8107118910439794, 0.10372526569494767, 0.44605622142989887, 0.6561845599485423, 11.945191002949628, 1.128109833675694, 6.946458368849221, 0.6856983514583135, 0.048498727859168866, 30.520630719555584, 63.18572325873049, 9.063307704900126, 3.0370596904409695, 4.315841062763184, 0.009033003979425303, 1.7863173599580477, 0.39772727076228875, 0.3556278816778331, 0.3598319264382326, 1.0889028169186759, 8.22391985029708, 40.829490029740555, 26.683340329471434, 0.49294470311167515, 1.9483584036197499, 0.8104117127109021, 2.654115268732653, 0.36277282043215564, 2.231711677938506, 14.156311363943928, 30.80550621145983, 4.2552309048760435, 1.1455228898078076, 0.032860965735835634, 1.1031714266499648, 0.00040431460683976184, 0.05775632990741997, 0.006482772416234184, 0.4452178522727763, 0.19829571469699658, 0.16444499083479514, 0.041181811325145645, 0.2575014956942141, 0.1824794419084128, 0.04183117672278058, 0.026631975457576118, 1.5226877044152616, 1.1815859882234463, 0.01959544355690923, 0.4644499314707673, 110.1955570212848, 751.4812496612766, 288.754027287369, 169.24129896291709, 306.50457398450567, 40.22612337680005, 0.28258825961381717, 0.6174532352727056, 0.06361517647587789, 1.233367765966932, 0.39373527699922306, 1.1771621825499778, 0.25117071025783844, 2.7324533837750096, 0.01020513866433248, 3.746246771041001, 1.3347679404666906, 0.1133802161315316, 0.13195010235426707, 1.5719768022048584, 2.697374825003294, 0.09196802421149641, 1.393581927172363, 0.0006433186055119222, 0.010438418918965908, 0.23504888702029803, 0.2094120046988337, 0.5074182909585261, 0.015914146958039055, 0.07743149119039572, 0.2837125600340187, 0.10800599451772541, 0.00588347021187019, 3.06723325446103, 0.6429877164987374, 1.4247384217665058, 0.6025859348840186, 0.005859792075284531, 0.07996210036719731, 0.4824341179806879, 12.414635586596887, 104.0965686399486, 78.78765397373252, 1.8075424105375077, 5.098496840946382, 2.792989385859755, 0.37517565572613876, 1.8322922795967997, 4.04604474729706, 0.7123416888965721, 0.7649537922346781, 0.2962582379166179, 0.9867157780878415, 0.06827161065791643, 1.2849274521413463, 0.5051481207631241, 0.44181054698606204, 2.2804443118158133, 0.5251243224453219, 0.3343656769130803, 1.3557899455416873, 0.36684645263096627, 132.84314193146747, 341.7076921456245, 77.75202264704262, 0.7878747911695427, 0.0010950623386634106, 0.5201998120505777, 0.6652095128313249, 23.408013346660596, 181.0288668668718, 111.75136503470264, 4.487626394352446, 0.9864475831761865, 5.386555285157499, 0.5134507224561276, 1.837682607680165, 2.58447279560869, 0.19883732715783253, 3.9521932233946018, 3.402168451931402, 1.447094788799916, 6.533301429823439, 14.446487487083573, 26.523628095168306, 3.4854311980382136, 1.3755595607744908, 2.06710971470352, 1.7121208478834546, 0.14199145241445876, 0.8655180867389731, 0.6284357054344127, 424.8077031463554, 1061.547563897659, 219.48612068096372, 8.075132767637342, 0.2518261079093236, 0.13893898854098552, 7.632365332390464, 4.213384032367799, 0.05338081269508166, 3.4819295719375987, 2.2562721642023007, 1.1532470276154072, 2.207063183904893, 0.3740546449754447, 0.039218528284777676, 0.07850347457156204, 1.3672864714092157, 3.802849074164669, 2.4998134317088443, 11.570338862876383, 0.09777701784889814, 11.804299264886481, 9.966979977216397, 0.4183713645622902, 8.85236067560129, 0.9469221317560823, 5.361452947559883, 3.4080636337386068, 8.74592948610973, 0.2992994149558399, 1.3016802990180167, 5.243446416320239, 33.11161976456458, 51.10362872308042, 16.223295211884306, 2.8546427761814357, 0.5497993887912571, 2.854642776181322, 92.06230364000146, 953.9650650671966, 554.4169887687221, 1.5105162489344366, 2.6265615248848917, 6.3332195795151165, 2.605258208180544, 1.5808561837175148, 1.8078743830478174, 0.1909138688134817, 0.40089759004985126, 0.08236809205573081, 0.035123013007705595, 0.07818676928314972, 1.1681450438138654, 0.05618415717356129, 0.13452405446673765, 0.7853825805196948, 0.5558449787569657, 3.739321684567585, 0.15513569790266502, 390.8376195747078, 1176.0628149274828, 374.29561662279, 15.791019317253813, 0.12351117265029643, 0.019839792410266455, 0.20914668222189903, 3.410605131648481e-13, 0.004999457396252183, 0.3614580624888504, 0.19719072559382766, 0.15194070072004706, 3.779183912616759, 2.615170681865152, 0.4325285100679821, 2.231232045503816, 1.1509178290864384, 138.7915850966931, 896.2344127393578, 583.7833148546711, 31.899969804941747, 0.014501776894292107, 0.17582066725816503, 54.265577735367856, 766.1231896564618, 1006.2105891290182, 112.36672364382048, 4.640101128825336, 0.4033923454330761, 1.4300915119697493, 0.047940488282392835, 1.087526423572399, 0.8443523996276099, 0.4786026852470968, 9.528495458077714, 1.2118002583407588, 40.631108529434755, 76.75604131826788, 136.71232468209882, 54.11099225323346, 1.4824768924638647, 0.5825604088104228, 0.2096855270914375, 3.195115630439318, 0.49145684001484824, 0.009743544616185318, 0.00949279978544837, 0.6875890503455366, 0.028877027472958616, 0.014608586463396023, 0.5747746376194982, 0.021177066864083827, 0.5036210574833149, 0.8728497631652772, 0.05918518319356281, 2.5119646553558823, 0.42703610926696456, 0.3625991053444295, 0.5643124162828599, 0.152260367305189, 0.0868192125412861, 0.2868138330435386, 1.1964459656559256, 0.058825413991712594, 0.18830688241610005, 0.45621684529010054, 0.07062064978981653, 0.09745952641424083, 0.18584957777670752, 0.05846992408078222, 2.190706697257383, 0.04738922506953713, 18.381207168291894, 25.566535870365215, 0.6666979233848451, 5.322725699163129, 1.0352366806687314, 1.6628205409509746, 15.817797446091959, 80.05526568837342, 103.76099550604397, 33.57564912003636, 0.022729338744056804, 2.2681594812760295, 1.4993741198601356, 0.23458732361848433, 3.1058868352757827, 0.017656941668064974, 2.103957125892066, 0.5746338261752726, 0.17056865633992402, 3.287126361454966, 0.30232215244950567, 0.8813510825575577, 0.2843613883095486, 0.2980717071627623, 0.4680636374500864, 8.444451765864187, 0.22287321834539853, 9.12663234542481, 0.8840063119406523, 2.7244735960553044, 0.8214929737857801, 0.8214929737857801, 0.9465693737257652, 0.5689321155908829, 0.2858896426055253, 0.8473537329344936, 0.007057551677576157, 0.15985729552312478, 4.392430033295568, 4.6169526934562555, 1.5087513947802336, 283.2575002811195, 1290.843311232227, 420.293536046132, 4.521091521020594, 1.8197318002468137, 2.4893730623981014, 1.2740964547016347, 0.7019124743802649, 0.8186380390764612, 2.080327040751797, 3.834721311963108, 0.2682532706724601, 0.7314814921017501, 1.0872987414531394, 2.8078534511693647, 1.196713015529383, 2.296085857132084, 0.5902917226858335, 2.302282597393628, 0.3265088574224251, 3.14943749230963, 1.0897074488169096, 0.028932040704148676, 0.016363954226108035, 0.016068565760747333, 0.7053910049780256, 0.827001287296639, 1.4308604502943467, 2.185908752112084, 3.086246915177526, 1.0808422100255939, 0.36930592488295133, 0.30618042405774304, 2.6599109286126463, 1.9137773140870422, 0.9052950382112499, 0.5624030608028647, 0.986520380377442, 5.777351118302477, 15.305772257999365, 8.686332472792287, 0.8223068582876749, 0.7197435788586404, 6.499434305608759, 3.600754936244755, 0.5716058044120587, 0.5041307845455094, 1.0291493308846498, 0.03202755439656357, 0.36749963401371133, 1.2262552621756981, 1.689352390604654, 0.3397092119807894, 0.8092921714268755, 1.9761159938263972, 4.227300605231619, 1.861903538745537, 161.63828949706385, 939.4064560272604, 277.3728300759185, 320.5903999848938, 515.3028391230066, 45.030364938221396, 2.1114144397172936, 0.3546938822521497, 1.0908245143461954, 1.0089780217277848, 4.900783368293105, 0.4945110437411131, 5.3120101043543855, 1.3251572079022935, 4.647865224667498, 5.925494273806294, 4.139803539707145, 7.4390288774905, 1.2862874615362898, 3.120743123844818, 3.705520108290557, 4.4996430815980375, 3.1455244116702943, 2.464359388902267, 2.456726792571885, 2.793485624253549, 2.290975166351018, 6.1627179893064294, 1.184370419240281, 0.006108960266942631, 0.8593981734334193, 1.8741856194136517, 0.45848561556556433, 1.5702000257272175, 1.334228008543505, 0.4685554525108273, 4.3410627448861305, 2.722866119372952, 1.3690776578991972, 348.02683310810676, 829.5280186209156, 149.90917372793024, 7.302535399106887, 0.43252148471003693, 0.0799447697567075, 0.4105001150667249, 0.42784199025823, 0.20793219924678397, 0.0071263176764659875, 0.5405171980690966, 7.578578975291748, 7.849421825706941, 0.04393537607086273, 1.6351661687934893, 0.33477853275599045, 0.26510417756946936, 0.02066509219685031, 0.46890414680831327, 0.7313183649046096, 0.012258747382816182, 0.5392784807089583, 0.9746087707247852, 0.003862195013425662, 0.33385620721173837, 1.500749084249378, 11.824331384641141, 445.61694509732683, 1711.2793659498473, 588.2192389014997, 0.14855675946688507, 0.17212160307326485, 0.5003216213727342, 0.006739252066040535, 1.3698482149072788, 0.09688684661267644, 0.41229293842707193, -0.0035326806820989987, 0.7245217225655551, 0.35708478026361945, 0.7775787155683815, 1.0259524552960784, 0.043361098738671444, 0.1710446409930455, 0.647500220363554, 0.018608050078285032, 0.5841599114857559, 22.136764678069426, 16.179700333519577, 1.0168669445270098, 0.5348669892329099, 0.19160710292544536, 0.14960628812548293, 0.4036584697511785, 0.6344344090929326, 0.1609896809858924, 0.5589871687778327, 1.282508910237425, 0.15031505558067693, 2.3720900588543827, 4.010703369776195, 0.5228260438682923, 2.260510145788828, 0.44452921982383486, 0.0398413040238097, 0.7289929749279622, 22.081010107847987, 345.68354812317693, 498.2247968565548, 70.98114702593557, 0.015535020993297621, 0.6620607841337005, 1.106858797500422, 0.007102982422793502, 0.979368873582871, 0.15915624952560847, 0.2526665966682913, 0.2336551114572103, 1.228991025968412, 1.5980989041026987, 0.6606643612552716, 1.2455218080710893, 0.007203114116805409, 0.004049848140425638, 0.35834790735157185, 0.5612654402456201, 0.0018511883075689184, 0.0560798496408097, 0.0074119071656468805, 0.0073621352560167, 1.1782613792686334, 0.24030189321081252, 1.1319688850494458, 2.9885791128805295, 1.3885002638146489, 8.774427487225353, 29.68965563204415, 6.304258577253108, 1.8347844351446838, 7.051363816909657, 0.33917421775186085, 8.921441218358382, 0.2871996671000261, 3.6211428235409358, 0.5415854167472389, 3.547539964162297, 2.2488738330105207, 0.018477882999263784, 0.44242986252186256, 1.4340207896451602, 0.3450050643522218, 2.043875884298018, 0.09758269010239928, 5.069255542973451, 1.5126517383895361, 0.33974882819916274, 0.025756080294399908, 0.07776228528177853, 0.048307797957818366, 0.00354560393373049, 0.009914483764077886, 1.130063559297696, 0.003557369976078917, 1.9573531775581614, 0.03185780687965689, 13.275585947882178, 60.43030084060342, 24.105477455431014, 2.7555986371113477, 0.4639181153420395, 0.09909917782931643, 0.35713750758111473, 0.006891135794717229, 0.7416534415528986, 0.2621143813242952, 0.1700716118755281, 1.200430401386825, 0.027491583748087578, 0.26758151087312854, 0.1223541846632088, 0.0011042097859217392, 0.03389272422191425, 0.517307736738644, 0.36032436938421597, 1.2470122945456978, 2.2737367544323206e-13, 0.15798067212881506, 0.32120876526153097, 0.07104736343876539, 0.13496531128225797, 0.12220910436190024, 0.17187423048949313, 0.44590752638919184, 0.006834672693116772, 3.128669059028539, 0.3789303847290739, 2.563623368838762, 0.9897454132120629, 0.26694554827190586, 1.127445178702942, 0.027605283854200025, 98.49717808119681, 526.2753887620811, 151.93976564459888, 0.49586862964815737, 1.886875530297516, 0.1353971948748267, 0.6266141905434779, 0.2259732244173165, 0.2568410214228152, 2.262286469876699, 0.18327221249842296, 0.5151295496746116, 0.7725261439874203, 0.855693181302172, 1.4311352824183814, 1.6068593737344372, 8.979692688114142, 225.64964322255435, 493.73277911060086, 121.84354262864929, 1.5553864464934577, 1.1044081090111604, 2.449638331405481, 0.02483713604613058, 0.9512159730834355, 1.272881795065473, 0.3670963137187755, 7.8102021983600025, 46.05249826314491, 25.290678511473175, 1.3344152309543915, 0.5683752531268738, 1.883203181788872, 0.7549851615331136, 0.020811937504618072, 2.0147581174966263, 8.902527119983915, 0.7324768911794308, 1.739518651078697, 0.6706556865450466, 0.05817965075766551, 0.0013646173350707613, 2.291821522847613, 1.5860479841787765, 1.6699123269097527, 4.090641296422859, 0.374360008088388, 0.7007186406340224, 1.1460711562314145, 0.5369540744291044, 0.46287964606221976, 1.6144981376831993, 1.2474791077889904, 0.853546370109143, 3.5399319202171, 1.7841781424563123, 0.21866143905549507, 0.4519207890313055, 0.18184946682413283, 0.0342885817417482, 1.254475361198729, 50.13839023490766, 168.93502419572644, 60.504818903396995, 0.3166243824695698, 0.3200750757513333, 0.1941568743532116, 0.5206078812796022, 0.6394635269973605, 0.19335454236181704, 0.03207552212762721, 0.032558416101267085, 0.5256391662917963, 0.11385195122284131, 0.0027383464512240607, 0.006105374519279394, 0.1957813952967058, 0.29424244714107317, 0.042612787573318656, 0.11214089661410753, 0.0006626415479331627, 0.01667987279421368, 0.19388870198895347, 0.7408833186574384, 0.06836289852702748, 0.13513275951368087, 0.024679946515902884, 0.5249145496352412, 0.26929025787694627, 0.2938387352198788, 0.010595046989863022, 0.3222696587682776, 0.09587936452362555, 0.5626926226124169, 0.0006718078985272768, 0.32539239043649104, 0.13305636933466758, 1.6451729981317271, 0.9637719407552368, 3.8840251545182127, 0.21170496072295464, 37.48466030772579, 59.03027670585868, 7.444111325372319, 7.133098729864287, 34.850310943162754, 15.05502504985202, 0.3441731118577991, 0.2777740871789547, 0.1680349130057266, -1.1368683772161603e-13, 0.3739614847638677, 0.08614561739375404, 0.9275321014944211, 1.8635392359356047, 0.8896965653261759, 4.332819478706938, 1.3382680058805363, 0.942434451422173, 0.8818245807126459, 16.960340703098268, 114.05874078567581, 54.29368525841846, 0.09348481036204248, 0.14508075366211415, 1.23828601843843, 0.27362717661083025, 0.2561167127438466, 0.4027885424861779, 4.215132396115564, 273.89491504181274, 1060.569348431994, 315.46761318251083, 1.0329609666653141, 1.3740506000919481, 0.04868949091576269, 2.641742020107017, 1.0154465054695834, 0.023370628119664616, 0.11884446594535802, 0.7516787631744819, 2.4684424430572562, 0.7516787631745387, 2.4684424430571426, 0.09517492046444431, 0.1221126293968382, 0.1482659286743342, 0.38187830446258886, 0.21415001353614116, 0.33512468189007905, 0.1802155366756324, 0.0, 0.21479744369446507, 0.42916375009622243, 1.0635245215503346, 0.14269001647483037, 0.2054767565128941, 0.005642105524032104, 4.754642958332511, 50.37281250620566, 52.40197099894175, 11.477773928431759, 0.07027767378838234, 1.9233493830899988, 3.3638836862483004, 0.15476392324131893, 3.8952521625715804, 0.32720849520035244, 2.420503967885338, 5.271843125702446, 1.4492632121247198, 9.501502810946079, 0.32060515219205854, 1.191342019870433, 0.12489777359229493, 2.152135552975608, 1.194365239415788, 2.8848289620843843, 2.774176348537935, 1.5210811345426691, 3.26667384965657, 2.708919945436321, 0.07122533559692101, 2.847861837385153, 5.531404121266405, 4.396360911230772, 2.7376547614864535, 5.94404356141888, 1.345259594519007, 0.16634046169093608, 0.5177498720823905, 229.58259341718804, 1121.3202001686805, 699.635021401157, 53.75024132356384, 0.27875645295591767, 0.5078743159424448, 0.21346504477116923, 0.3102538636250074, 2.177031256043847, 0.28183735682296174, 0.5169825222486679, 0.7873725444981119, 1.1028880759669164, 3.918676888523919, 0.08983060711511826, 0.9043347397789603, 0.03576549392153083, 0.003959102193789477, 3.7674068057456225, 1.4023802217835737, 3.7674068057456225, 0.57883139598448, 0.015912794429937094, 0.5698216871498971, 0.7396623604562365, 44.77707162513593, 483.9568727180688, 356.41035949040906, 17.569453720954357, 0.5054824013397479, 0.12417203790334952, 0.31826640448701937, 0.026311549626939268, 15.42632950926668, 136.80524901309184, 276.8430013448557, 59.12470388562929, 3.2174784092488835, 127.86458501793618, 417.8557375572608, 225.96724770296862, 16.036971545420215, 0.6742110029066453, 0.5244241230161606, 3.306415444079107, 2.3915974323491582, 0.9505082139597789, 2.391597432349272, 0.7403217226859624, 0.20616263429167248, 1.3447322696533774, 2.5204260771844247, 2.830525075710284, 4.148368979361294, 0.31488486176067454, 0.05019646158211799, 0.0004970358488662896, 0.6665682373303525, 2.1721699140590545, 0.9915312078358056, 1.0522226096960594, 0.5888973006925653, 1.6560107324086175, 10.259335963128251, 79.4675530225528, 178.79496197505398, 30.91736422513145, 0.42900957397739603, 0.21216329114758992, 0.31668905889273447, 0.3000053684078239, 0.01358676901668332, 0.2821816447791434, 0.6575783933824368, 0.24786458953042256, 12.067776890651885, 76.31173948842115, 102.3769902917486, 16.24599214459704, 0.007419071366371099, 0.0041671847078532664, 0.13317158540905893, 0.6575268044149425, 0.3051990393826145, 0.23916849915622151, 3.2758577541321756, 2.4540643645028695, 0.2111194663345941, 0.808005208564623, 0.0, 0.0, 0.02313446345601733, 0.007520814282884203, 0.09159238379982071, 0.0, 0.2936450258507648, 0.15067485396605207, 1.2067650839793487, 0.24121621402343862, 0.428823314234819, 0.028758464789120808, 2.163052733615018, 0.968144541292304, 0.7369645042426782, 1.4280696678866889, 0.03675936748311415, 0.8765786898227361, 0.5491901227790095, 0.9571807089338336, 1.3690617711391724, 1.477428229358111, 0.05591777130621267, 0.244470730820467, 0.16747594110745467, 15.289657315400177, 37.27008217534569, 10.173659313475696, 1.0328533817669268, 0.0, 0.6942277188973094, 8.473109023729194, 2.5610225708721828, 3.3653219307971085, 4.122029678194281, 0.22026032367796233, 0.006037923939516077, 5.282171770048535, 3.6724300977895155, 6.468507004672688, 2.8328514007251897, 2.8296350551921705, 1.9107432051906699, 0.02596073211032035, 1.273718958564018, 1.076532910919127, 2.688552114378126, 3.6667737395911217, 0.4734747848189045, 0.3090956616861149, 2.0022208452624, 198.45111234529816, 392.20598953604986, 50.98854678024031, 0.5354009774507631, 0.1762277051656156, 0.07207389293955657, 0.5675684988513012, 1.0675088672411448, 0.4158300876802059, 0.06947873189710663, 0.3860705080966227, 0.1545301725165018, 0.24007331977463764, 0.9114426129186768, 1.1947916554877338, 0.10957983960452111, 0.716556945067623, 0.26411958093490284, 0.5081822694944549, 0.02765429176838552, 0.04686056918274062, 0.0223933448188518, 0.1002773350858206, 0.8214929737857801, 0.8909830071429496, 0.13953749781569513, 0.0002890988541821571, 0.40198163170407497, 0.14092447046255074, 1.1560606890733425, 1.2253854428780642, 13.33570850809815, 5.3895866409066, 0.49106794868896486, 2.127216088740397, 0.06274170766857878, 0.03830404546806676, 1.2893673106377719, 0.025658773012196434, 2.6897348981669893, 5.6703139685165524, 1.7929855555142922, 0.7203559438955836, 0.2542958928123653, 2.0413599292456865, 0.03536407216245152, 0.028591545218432657, 0.587691440542244, 1.0057455140889715, 0.7167441486072903, 0.1650013620643449, 3.17908424710447, 0.7395051963832202, -1.1368683772161603e-13, 0.0014230536015702455, 4.765383112037171, 3.706812904658932, 1.331573420683526, 3.3528111436118024, 0.3122216432101368, 1.4189745173431447, 119.43907891564731, 913.0128534722783, 107.65236399348873, 479.02628924559997, 315.56338099740606, 19.042051550306155, 0.6572376888993858, 0.7624788545780348, 0.21889316263548153, 0.2597428942865463, 0.16529913250724348, 0.014838224070558681, 0.02048827293629074, 0.09358773107078378, 0.3482997942703605, 0.10643579044131002, 0.9621712544087586, 0.3516543616783565, 0.4857110148442416, 0.40148101102477085, 0.7438021391038774, 0.9294019153404633, 1.6583013695491218, 1.6583013695492355, 0.1986367548445287, 4.161261391219796, 1.7457177098893908, 5.203865179638456, 3.3391206603860155, 0.5003922902757267, 0.2507874760872255, 1.138708856818539, 1.3689515696235048, 2.493045576170175, 0.18569693517008545, 0.1362497834579699, 3.456671737720967, 9.276255377793518, 3.135860877155892, 0.08319722087344417, -1.1368683772161603e-13, 0.288440272675075, 0.9693621629297695, 1.252273701393051, 0.1362421276984378, 0.013744514879363123, 2.3243045232475197, 19.016096960120308, 8.31093438928201, 1.3313127243044391, 0.21122956507542767, 0.9851790989896472, 3.269391522875594, 1.060616318202733, 0.005316503473295597, 0.04815345522604275, 0.06554227209574037, 0.008410537313352506, 0.3402631005689045, 1.9450048928803199, 0.11783965739562063, 0.9489500606216552, 0.046891566018189224, 0.8146889817095371, 0.0029398440112800017, 0.6587545997715551, 0.011771604000273328, 0.03292702454325536, 0.05562735003661601, 0.6159274394329941, 0.01624181241993483, 0.3214765183590771, 0.047647530415929396, 0.7810771614052783, 0.002962393897291804, 0.06299835141885524, 1.198125777927089, 0.4978820692440422, 3.466136556112815, 0.00033169808727961936, 0.43339123685177583, 0.005297868347952317, 0.6793472020079889, 0.7111391839788439, 0.5647398172958447, 0.14953360953472838, 0.34291603177109664, 0.22962979956730578, 1.2334738130838332, 5.959419270551393, 0.43868806392833903, 0.06092002539662644, 0.22862520983733248, 0.0012383540030214135, 0.44326451462779914, 2.6001077050287904, 0.2884948146552233, 4.902730630864994, 4.996409482968602, 4.595628723739537, 65.81556505258266, 150.55424749411327, 36.00053498998409, 0.13473288590159882, 0.17136153757417105, 0.10132434649142397, 0.9623501197318092, 0.002381958081173252, 0.6978792968244534, 1.1368683772161603e-13, 0.5419712375268091, 0.3199438117594582, 55.15872199601961, 394.3151644294567, 220.3978278160397, 1.8269636677231347, 0.7061667994117897, 1.758152802573477, 0.9626175433481308, 1.1243756099568145, 1.3617552782246776, 1.40359201588808, 0.24712112425396526, 4.142179432264072, 3.5350865289851754, 0.7051462804129187, 0.3322032195059137, 0.7453323969400572, 2.9980206048927016, 1.3531985874421935, 1.7555810705214299, 0.7187044496932344, 1.1490043729834838, 0.3823981238420515, 2.424809081017088, 1.013454675437572, 3.28922476330672, 418.83659117896264, 1201.7293644148976, 330.9228679095611, 9.104449600646035, 0.5804289029085794, 0.0011482476536457398, 0.0, 0.3677558828794645, 0.0181384606970596, 0.47773107295915906, 0.05592153901011443, 0.04128640225951585, 0.07371398402131035, 0.018237832160707512, 0.20920634785250058, 0.5079471087406091, 0.5332430264513732, 0.3336895724794431, 0.3541528019694624, 0.5104566254326528, 0.0025764519407402986, 3.2482988341823784, 2.2096970147553066, 0.5736325950424543, 0.13067471268004738, 0.21142761730482107, 0.16889006987867106, 0.19976875549207307, 3.466319753560697, 2.7891148144519775, 0.99474222565118, 3.310312361136198, 0.9278756472925807, 2.9472998577973613, 1.3938895160337097, 0.5332430264510322, 0.8254687340058808, 0.9090139690391652, 3.0165317805344785, 0.013506630599067648, 1.9072200201422902, 4.16279327085806, 1.7299652788466346, 0.33664726096787945, 0.11827793471525183, 4.0450483129574195, 1.5325360706383435, 3.6014366449306863, 2.5993112160759893, 1.1368683772161603e-13, 0.11673341501432333, 0.36445063213807316, 0.02151404193386952, 0.7444154214151695, 0.14106871863066317, 1.7968365088256633, 50.82746927287417, 650.0109709588398, 1198.2478003646586, 270.3346229263791, 2.3696612368732417, 0.211726462268075, 0.7922598127531728, 0.17502284312587335, 829.3079932264343, 1524.0243544746156, 143.75370405021613, 0.021380006780646, 0.0010561009240745989, 0.20583129859869587, 0.29040636852175794, 0.9861170178631937, 0.03863232056914967, 0.24483269098266192, 1.1871216203726362, 0.006870867080579046, 1.3718126043860366, 1.9401802826040466, 0.6834600961219621, 1.1368683772161603e-13, 0.23509344578837954, 0.009451346646415004, 0.00026350260873186926, 0.2505357810058513, 2.5131845920793694, 0.06587220496624013, 2.3116301431973625, 0.35432446069046364, 0.0010513344196851904, 0.11464832549518178, 0.5252832149274127, 0.0023280448837113, 0.3353370420769579, 0.016532020364707023, 0.3932283781073238, 0.0002576688957560691, 0.00025582618900443777, 0.03697125063456497, 0.41399791538003683, 0.26436869833548826, 1.1368683772161603e-13, 60.50840582361127, 311.6521752066391, 134.3891464882871, 1.3277341157554474, 0.069695391580467, 0.009080607562168552, 0.29865772461459983, 0.0005665394024845227, 0.6184495293091459, 0.30398422169207606, 0.14684353464133437, 0.11323273642938148, 0.14684353464144806, 0.00516545878724628, 0.02092263025235752, 0.3083818691106899, 0.05797928291366361, 0.5224645897257005, 0.009243391281643198, 0.06944717421799851, 0.05756513706722899, 0.384573294475274, 0.32500350262995426, 0.10893493783720487, 0.03577618828086315, 0.20122111139858134, 1.7053025658242404e-13, 0.25161996067993186, 0.9200268628697472, 0.23388389965344913, 0.6670824596286025, 2.5528215573486364, 5.684341886080802e-14, 1.3509385472779059, 0.12837594719752587, 0.036885526876744734, 0.00229985441876579, 0.05702191345517349, 0.32614609232672365, 0.06815218587667005, 0.02017076094045933, 0.6213702474756815, 0.8303167321483897, 0.037062226904140516, 0.005303930917534672, 1.0428574678870177, 0.047561785504683485, 1.413454758805301, 0.02094780274603636, 0.0005719026194697108, 0.09722758933588693, 0.02815654601982942, 36.24381574115978, 222.26911143853738, 135.1569751155563, 11.663279228917077, 0.13166483043812605, 0.0024193857782393025, 0.2742486908388173, 0.1430311934642532, 1.7381245609864209, 1.031204619356231, 0.3246813664691217, 0.09094495395731883, 2.336786483976198, 0.9557643499113055, 5.330993372124794, 5.434604675939909, 0.6355040991174974, 250.4890373408191, 898.0232020992046, 110.98489819619545, 117.40291578144911, 27.652114235115164, 0.04332544988471909, 0.4526010763281647, 0.024336601205618535, 0.0061224700945103905, 0.043205045327681546, 0.8582827459102873, 0.1495049546035716, 2.0298932682643454, 3.3844379564918654, 0.3751018465213747, 0.2586114787804945, 1.352236357528227, 2.3587851576444336, 0.010801220132975686, 0.7697583917828297, 8.391656035720757, 60.94012780422497, 50.00535733499112, 3.5288505257251472, 3.0649358738280625, 0.209051434841399, 29.868597371931173, 126.3656125204061, 87.20457840319261, 9.174726562154206, 0.4221503640054607, 0.030551416142429844, 0.14398732316749374, 0.012385513240928958, 0.1561942802853764, 1.4652398871880905, 0.09876724706282403, 4.999204250311209, 4.367111197896634, 1.6360652956653894, 5.475335630564473, 1.169098968347953, 0.12961908760439655, 0.9117767826001, 0.3596161606380974, 0.4027885424860642, 0.012305157965101898, 0.22718230200007383, 1.4006127337505632, 0.016059019281897235, 2.1542724942187306, 0.04264783039229769, 0.7903366356370043, 0.5666943309461203, 2.1255742110801066, 1.9696570082237486, 12.769339089335858, 289.28061892503024, 641.0162502177134, 115.03376951668861, 3.089803969606919, 3.884578014260569, 4.546199012947454, 0.6392785573059427, 2.0349934751180854, 4.149563021148197, 0.48596683166101684, 4.330994016631621, 7.130929284762374, 1.0904557686861835, 1.4694344915078545, 0.28867440271403666, 0.30404757900555524, 1.9707465155237287, 0.6909101916651252, 0.3226440867638303, 2.106795185695546, 4.8706597873618875, 10.470586784229795, 1.9660427478371503, 3.425465852462594, 3.852297573642886, 1.7393538787839589, 7.4523034238744685, 2.1717670629087706, 4.781251432735758, 0.07943100370835054, 0.14057085585398, 20.115942282576384, 97.63651450080101, 60.26793235467346, 3.0748450993618235, 1.707762393097937, 0.009276639254608199, 1.4566985463524134, 1.5170312578595713, 2.3858032984379633, 1.5768645958906973, 0.13084652228712912, 0.6948734423660881, 1.5117630062151193, 1.4218558106141472, 1.577465875899975, 1.460656581291687, 1.5977211985220947, 1.7564954756009001, 0.06599672158245085, 3.328826944466641, 5.125689890380158, 2.925990106188692, 33.33975848314117, 289.4751493529194, 233.62986773283626, 12.266842346357919, 0.47321083320088064, 1.3099922015393304, 0.3280387713325581, 0.8717532699788535, 0.11761698749671723, 0.018939044256114812, 0.03093865889246672, 0.7681430727899397, 0.5304348895120938, 2.8834828525577336, 0.1429442480191483, 0.5810369973585239, 0.1864948772741286, 0.23675699483749213, 0.539618583854633, 1.472776669547386, 1.0063563349107767, 0.53663673004786, 1.183085983753756, 0.6149274290918925, 0.31635656639849685, 0.09686275363441155, -0.011491079435927531, 0.3276902371279675, 0.010771010937844494, 1.6796864737899, 0.0027148355684403214, 1.0603469944391009, 0.05446449375278917, 0.8550435757168771, 0.08426157186681849, 4.938309882878912, 8.731717764297002, 2.0190806303315867, 0.004470626690874724, 2.8568897420645953, 3.9407798718856384, 0.6915496460806025, 11.268968443956737, 2.4150936687738636, 1.06480180902264, 2.3707919533704853, 3.7592132756769843, 0.3721252306570477, 2.190185676771307, 0.6093616383679432, 1.5745477481841021, 1.488676454369454, 0.7092209742449995, 1.955677151873374, 3.0296897965962444, 1.2067004728974098, 0.3656660871807844, 0.3654827982244342, 0.5881896914860931, 1.430606258518253, 0.3018601045692435, 0.4382689030753113, 1.0763899369187016, 0.08785473314190995, 0.28932831564458183, 0.3696004103642281, 0.4871541467620091, 8.00898262133461, 3.6437137788346945, 3.578267469659579, 0.16296860186037065, 2.060015719632986, 0.19682157666682087, 3.9929802776279075, 0.9229953887108877, 1.0584701466207775, 0.10222620535751048, 3.4958020400266037, 1.6806253162562825, 1.9562534983697333, 0.6319211887712868, 1.2961742749031941, 1.2937348159906605, 0.5683108416286586, 0.42939045547029764, 43.01486229748241, 387.9777278023031, 420.87455487361524, 43.58737128097141, 11.828188284895418, 48.23948015940357, 21.858558013780566, 2.4931264073229613, 2.7053996884594653, 0.3150423295297742, 0.32073826693232377, 0.22816800559030526, 0.13193030096795155, 0.01250024617058898, 0.11020785633525065, 0.05048647243927462, 0.5646092247663432, 1.170668036604809, 0.6067281594416158, 0.9398489640954608, 0.17233649104719007, 0.6048079413824325, 0.04929042184397758, 0.14953630893450054, 0.17425298554752544, 0.9719660231142484, 0.038622412433767295, 2.533107379352998, 0.09506718835604033, 0.993547035034112, 0.2220559500183299, 0.1319303009680084, 1.5201451658876408, 4.6524001169026405, 137.5881685629929, 183.38353682240563, 22.164831525159116, 0.19484883549080223, 0.44432159468544796, 1.1006144537399223, 1.1884985147761427, 1.225375157563235, 0.04505714257118143, 0.08431270872029017, 0.7303898770662727, 0.36676389156230016, 0.0034513598457124317, 0.578638175151923, 0.2370065624304516, 0.05419500888399398, 0.20044201525206518, 0.1354891646329861, 0.6021891154533705, 2.1591608214087046, 44.35195133464458, 92.513785439598, 16.654938435481426, 12.373933870482006, 128.38629680427857, 178.0309501657565, 32.460371303421084, 0.7623188731345181, 0.0002908930553076061, 1.0581046393277802, 2.0078432002345608, 0.8236117177744973, 0.011014697809173413, 2.3842759262570326, 3.3792507770809834, 0.6642631091285693, 0.5101416219596331, 2.8710760326739546, 0.3628772696249598, 0.1452505525592187, 0.036116237412898045, 1.0878757791336966, 5.049782664492454, 2.163541455294194, 3.9566450856151505, 24.315517345961325, 245.33228574519376, 960.1570269977634, 375.2430538818461, 5.369569072654031, 0.8883345997045353, 0.20686494552137447, 0.23002165440044564, 0.021278284632217037, 5.4501076716884995, 0.29995735218921027, 2.280922893449201, 4.6528132870858485, 5.224108637241386, 3.765969029490975, 7.946433579633151, 1.4142775992543193, 0.6212289515244152, 5.86327016845695, 17.70583552801355, 47.31705450619586, 25.13641664263929, 0.20308804120992363, 2.8444777624685003, 0.9273926870951072, 0.13129214138854195, 0.783986605338896, 0.05009006019867002, 0.0873766690376101, 0.02161010492409332, 0.005481497692869652, 0.20192294603702976, 0.5845972332598421, 0.6952797260518082, 0.8335697362712722, 0.5772205229267797, 0.18913948525556634, 0.6260752032083019, 0.4325110489086228, 2.6607187916173984, 0.478696310578016, 0.15100203543750013, 0.7068780707133442, 0.09172449110440084, 0.005448048955429385, 223.8840915146311, 755.0601071294525, 318.36255557848654, 15.291879336605916, 0.05389134481424662, 1.1808037272402316, 0.45167539922886135, 1.5250211450714914, 0.0004344672189517951, 0.2156684179263948, 1.2027474521640897, 2.365359549870618, 105.82872028953705, 434.09989290675867, 143.4023837828762, 1.4967845969130735, 0.40468389091944346, 1.0343083807779863, 0.8596951230892955, 0.0017171741030210796, 0.29535770899258296, 0.8627952271478989, 0.06509781294118966, 5.684341886080802e-14, 69.89881929425076, 342.62138788001505, 176.16069995641408, 6.674403141837843, 1.13298845338079, 2.288376910072884, 0.5249824642482963, 1.3893485301153987, 0.16734927894344764, 0.697781181420055, 0.008202467587807405, 2.665853973263893, 1.8516848975915536, 3.814569508475415, 8.450756631448144, 0.0021135826170848304, 0.15834569578782975, 0.4840641818559561, 0.30842031204190334, 0.5165865719428666, 0.4678817484177671, 0.0005286852957624433, 0.025160271286495117, 0.1514631708014349, 0.9301312248531985, 0.1698991285147713, 4.817966239599173, 8.609037928772182, 8.671689263500866, 79.93193594198965, 25.65636484143829, 0.00647577395375265, 0.42742181617018105, 0.5747727089610635, 0.7093545798355763, 1.596842410561294, 0.04588057689250036, 0.28342112482562243, 103.60406442583746, 445.95538917745967, 197.6406017248603, 17.152312403797737, 1.86460817908619, 0.002197096996610526, 0.6599516059812913, 1.6791638892326546, 2.861469741779615, 0.04985399702002269, 6.114796237959808, 10.671277970550136, 3.5903635750497642, 4.815335534141923, 195.9052011012427, 569.707409605352, 147.0056988877211, 0.8478720257688792, 19.355624792438334, 281.80534286297336, 238.9125731273673, 8.778572090124896, 1.042704613342039, 0.1964460439511413, 0.23652079995497388, 0.14505894264868857, 3.567077128822291, 3.4493619654268173, 0.8956628380092866, 1.1916554926115168, 1.8583872605469764, 0.41420469407859173, 0.05977993958424577, 0.10887855577658456, 0.3206181537792645, 0.5099268240662695, 17.360098508896215, 70.18105204977371, 32.277603963186834, 1.7583403883954816, 0.0012904668746500647, 0.001293857493521955, 0.3231822077025299, 1.1965418465296125, 0.2467993753730866, 1.4043968766309263, 8.794936372886582, 9.185517732859012, 2.116051498380102, 1.0370808457075213, 0.146118619611741, 0.08401567175673108, 0.0010263651881246005, 0.016370506707232835, 0.7270111372848191, 0.4821689270764864, 1.0927655575348467, 0.11920245356412806, 2.371000087164589, 0.560165796023341, 0.2674980813804382, 16.234982710037116, 148.87143201307276, 86.12136096197241, 1081.079421527174, 471.5311272597928, 17.197721175057836, 0.7725530041999491, 1.1638298016470117, 6.033514820305186, 0.009146827415406733, 2.749973672714532, 0.9598931566997635, 0.31740690153480955, 0.37488301852704353, 0.05010071702974983, 0.13503575050344807, 0.36391046795074544, 0.2264439425520095, 0.2910131944387331, 1.6324745087712245, 3.7195133268627387, 1.0876671982455264, 2.8528623186155073, 7.112595906300612, 0.7633968199222636, 0.05571958738153171, 0.10903604425163849, 0.1669171724803391, 0.37788015638750494, 1.0871956204132402, 0.22413608403303442, 3.427665473619527, 0.0356890777618446, 3.139131823663888, 0.3017546052021771, 0.42123908213739014, 1.4005513900264077, 1.0328485753192354, 0.11140952488551648, 0.29387940925789735, 3.191130792206195, 4.140864023591348, 0.28826249433723206, 0.6928364368612847, 0.03182985092621493, 0.25452454708477035, 0.11568178614913904, 0.5342109582659305, 0.1915534221444659, 0.15105230022254545, 0.17767703549759517, 1.1631817564324365, 0.03147424880216931, 1.4217196319228833, 0.9178127953415469, 0.3094239114126367, 1.6363198616921864, 4.403071641090378, 91.10279383193824, 744.0455703878981, 559.0324018216457, 39.270153940758405, 0.6601313741709305, 5.277899701236549, 0.05107170378903447, 3.601537293887816, 0.09053452607025747, 1.2590465415955805, 0.14186895377793007, 1.8966002720457027, 1.0844148265599642, 0.7185340482392348, 2.137332876119501, 0.9847283749177222, 0.07210717907179287, 1.219751455054734, 0.33512468188996536, 1.3072727974823124, 2.297537979670949, 3.1316415276460816, 0.47716061164248913, 0.06564144345981049, 3.0355491598111257, 0.4002366873249912, 0.9564703643035841, 0.20082694723413397, 0.08632291006324522, 0.22764226224489903, 0.3491351688487043, 0.9271910418736979, 0.2680433134153759, 2.824897077789217, 0.8109363957548226, 6.29144365748823, 45.89479479333602, 31.186969741133566, 3.0555879287475136, 0.3259988012299573, 0.03611111457928473, 0.12178245107236307, 0.0029590283961624664, 2.7810824972890487, 0.7752467194121664, 0.278697730250542, 0.4387835450218063, 0.003037437612761096, 0.12763768446609447, 0.44504340419643995, 0.2713892601267389, 4.288221814545409, 0.000741446256256495, 4.172873901015009, 0.6834846511512751, 0.9368992419252891, 0.47648536763551874, 0.16940757446548105, 1.1725194989392094, 1.195196891001956, 0.6096311751462054, 69.06084017385831, 279.3047022037649, 143.4613336348457, 5.092811048683529, 0.9039958316387811, 1.8339305030949618, 0.1226256604087439, 3.9974230931084094, 2.239214401385084, 0.31588329603459897, 0.33812205675337736, 0.47349722216517875, 0.8532008971806135, 0.22074142673557162, 0.39960169488824704, 0.02102928122008052, 0.02682989828076643, 0.005250006945630048, 0.7843215238077619, 0.02669880859798468, 2.333414946704238, 0.5919938523559267, 0.097853034759396, 1.3221852373961838, 0.7312125703717811, 0.40406948716304214, 0.7953279824375841, 0.026962246517541644, 0.0030299489784511024, 0.20922350303180792, 0.4791540194422623, 1.8504107868138817, 0.3963134332661866, 0.42058203023020724, 0.46764764413171633, 0.00032846784495177417, 0.29842879604200334, 0.047086514936836465, 0.5286914430899969, 0.008126856386525105, 0.063561477004896, 0.09433687942794222, 2.7632194065803333, 17.89263163692192, 5.529394121238397, 0.010086793571190356, 0.062351392826940355, 0.09013344467678053, 0.006907434442837257, 0.027588985265538213, 0.03970472018647797, 0.02758898526531084, 0.013435285106993433, 0.5288266318569868, 0.07868661348447858, 0.0043197978889111255, 0.12021241617355827, 0.3946629150800618, 0.01346690385491911, 0.09002630234726894, 20.99830344130862, 193.01813524703152, 279.55989025118436, 46.83945376805514, 1.3701039937849373, 1.476111745776734, 0.04175382438916131, 0.31790976290545814, 1.4168810156928657, 0.06713488536939849, 0.5315078918491736, 0.09816673079984639, 28.06434214909416, 236.67331002338767, 360.8711048143622, 64.1434199076856, 3.1565214161255994, 0.12199592618702582, 1.7008024164420021, 0.9494697147190436, 0.0745266858276068, 0.311540569592637, 0.05365820159818213, 0.01831477244132884, 0.020868210443268254, -0.016859337594269164, 213.46814389941403, 478.42677962336586, 62.35982724822577, 0.7115116465211031, 0.02671248624051259, 0.46484690523163863, 2.2225521849313736, 9.96257616368689, 0.6403409986691031, 4.377152032344725, 0.9668567211823529, 0.3385036355363127, 0.9665702658039663, 9.183256245657503, 26.918569131783443, 7.777398664095813, 0.003960398608171545, 0.001003269140824159, 0.16990506956949503, 0.008992632571619197, 1.2046017783086427, 1.7652390492076506, 0.008523382782016142, 5.15308005493165, 2.2083137861142177, 2.7068828044434667, 1.4283798204836557, 0.008640319671428642, 1.2359784797230304, 159.66103737498975, 493.0359666097438, 145.28467261101878, 6.076582012856079, 0.2640185413747531, 0.2979716992470003, 0.0026131731867735652, 0.4070763126514976, 1.581689833843825, 1.5246643578350358, 1.9901177704853126, 0.7599441307410189, 0.03478785030927156, 0.014514815759184785, 2.8964002604129746, 2.2737367544323206e-13, 0.7803496276409305, 0.010660579691489147, 0.21704307556399272, 0.6094793628462867, 0.09673901105634286, 2.785802300059345, 2.100512456765614, 94.42966587575393, 181.81773470334235, 18.11803190143644, 50.97083355391749, 88.97710977384281, 25.900520157477445, 0.5643386731316014, 0.021000047428401558, 0.9469904297413905, 0.3313980586223124, 0.41827980269090403, 1.298368494376973, 1.9385697793336476, 1.2718281800187015, 0.28701935666026657, 1.5310345469174536, 0.0764018770206576, 0.09565973392034266, 2.1238849911432, 0.00032892552906105266, 2.401925941362151, 1.3344152309543915, 0.3050641775979557, 0.30616138427376427, 0.027250172361618752, 0.26650824276759977, 0.2128404678287552, 0.6251811457265148, 0.24807904654051072, 1.8215004696352253, 2.5717860761379825, 125.81166419717283, 708.6497241238983, 289.1300495892634, 3.2736496492387914, 1.4041344717625748, 0.21583087213929275, 44.82960186873754, 148.30137854487543, 24.321596627299982, 0.9267176888333779, 11.365068331141401, 5.401308263322562, 3.27512379662312, 4.086801563294102, 0.006298764250004751, 4.911079290438465, 5.870202156023424, 1.954266078108276, 8.820714806700153, 1.6341740441691854, 3.0967349149171923, 3.4451552045488825, 1.842441443037842, 9.033192336411503, 2.077889440534477, 11.250604093079119, 1.396386327575101, 6.45245178366747, 0.13195010235381233, 1.6686990083615, 0.08289415483602625, 0.42698600780988727, 1.717799916832405, 1.8459843692536424, 4.140713676235009, 1.632961211172642, 2.3674155480817944, 0.6905068052220713, 0.07095677598385919, 2.962248167382427, 0.9900540684958514, 0.010741510791604014, 1.0397704014766305, 5.025247589242667, 0.9387288510683902, 1.6743154255665331, 1.8172226447431967, 0.0929469679651902, 0.5156706750404965, 0.02332966213225518, 0.5911730111238285, 0.05259727566919992, 0.041419722693262884, 1.2841700826137412, 0.6932724138204662, 1.4640009571914447, 1.6758091138732993, 0.06515294299651941, 0.4428306387126213, 0.01612576044135494, 0.5680968852803403, 1.1559108403563982, 0.07438742549766175, 0.19931529534471792, 2.5239205522868815, 58.01789042382063, 158.5824897583966, 3.935722497323013, 66.11246301176027, 19.860644039750127, 0.9052512943445663, 2.5617839810721534, 11.46238473069161, 234.87757009278334, 521.7957732849432, 98.02941617252736, 1.0502621620067885, 1.1778301651338552, 1.25513454538725, 1.0119579491312152, 0.5772041000321906, 0.012338516654381237, 0.39996956453285293, 0.03621109031053038, 0.39996956453262555, 0.5939705714941965, 0.02466546577011286, 0.7772554945821639, 3.9117111811245877, 8.186367756147888, 1.637997876266013, 1.4501920697126707, 0.033215956812682634, 2.799045337437178, 1.2047252328409286, 14.110400178129566, 0.009494151845615306, 4.274535702363892, 0.0379122770171989, 0.01708146437601954, 0.3748830185271572, 0.32444707756371827, 1.004711394768492, 0.8355906421090822, 2.467623905764299, 0.30995758360779746, 7.296064447273125, 0.08559302539538294, 0.7290656371635578, 0.2715964208824744, 2.935899182626031, 1.889071036316409, 0.9573089360325184, 3.233492109934332, 0.834160327235395, 0.0010555027421332852, 3.5784685545372668, 0.5176159118732357, 4.903278586799729, 0.07786893540048823, 0.016532020364252276, 1.4764624174540586, 0.26628920607799955, 0.012570071365985314, 0.01675517478213351, 3.685304754106596, 1.0554445714116127, 1.8855642679127413, 3.118800815724285, 2.246504046202176, 0.006357175554398964, 0.6029694299371613, 0.2740720192847448, 0.0022923450954976943, 3.9033258659042076, 1.0295801452017486, 2.9125088384084847, 2.2251173682434455, 0.012358615860762256, 0.001002604294626508, 0.27274166131746824, 1.077364260239733, 104.61838609174606, 331.12715619354344, 89.92129445712919, 0.04403024023525859, 0.10696464288776042, 5.684341886080802e-14, 0.03480889993392111, 0.24135581950804408, 0.3190402727712467, 1.3684684493838404, 0.2753423744347856, 1.2605093693655363, 0.38366998090208426, 0.013918660763067692, 0.14179323098233, 0.9169383781215856, 0.2391857737617329, 0.3656199863449956, 1.1134094153346723, 0.1601634087741104, 4.727973931828615, 10.154614141213756, 2.9710005182494115, 0.15456822253179325, 1.0618215748114608, 0.34934566793788235, 0.3037476423864973, 0.030962129562567497, 0.06869648921679072, 0.3215404980264793, 0.2764381557113893, 0.030171949454370406, 1.7536075220226621, 0.24757078954917233, 0.004123395834767507, 0.001852975966357917, 0.004135248594366203, 0.05581022806859437, 0.16763804912534397, 0.0018334958987225036, 0.07870670896897991, 0.09036015216884152, 0.022753923463710635, 1.287542089761132, 0.09195052287543604, 2.248238694418319, 0.04700524358736402, 0.3125572512664121, 0.6170710675856981, 0.7640982015990403, 0.7984161962676808, 1.485901775107891, 0.27128658877029466, 0.03718171270077164, 6.375461235233615, 1.8169389331358161, 0.338326635815406, 6.227233160948913, 7.609244049383847, 0.01727700427397849, 0.2814987081904974, 0.3277056446086135, 25.322834276917092, 80.0728715587087, 17.82066519328282, 0.4394704818935793, 0.22066454482529707, 0.6441958316559067, 0.1715278241898659, 0.8315678463658287, 0.5109723698897142, 0.018678361395814136, 0.9325087905036753, 1.3674482056785564, 0.019484828649638075, 1.009421647785814, 0.19623542969236496, 0.0007575884731636506, 0.09082198730351365, 0.5023972655041575, 0.006713902018304907, 1.1418110297581165, 0.048149078206733975, 0.006981051481943723, 0.5223132833525028, 0.43947048189363613, 0.6048079413824325, 0.036892567108736785, 0.012112017388460572, 0.027125667161044476, 0.32949956048662443, 0.14860572660313665, 0.5889582893330498, 0.24489538183394188, 1.5017184351947321, 0.3548242458213622, 2.096049880288831, 7.959117476871484, 4.2785944811971035, 1.311133848168538, 2.020265777507575, 4.120700173737077, 0.9601367277468853, 1.31360343810843, 0.24352894374987955, 0.13951906466695618, 0.0008297483353771895, 0.029544738868935383, 0.48749189377201674, 1.5829569347515644, 0.000863475823052795, 0.501384677694432, 0.486648835918686, 0.42054851235258184, 4.442014199403161, 0.5218172197603508, 0.4868968362563919, 2.760179557050378, 3.0746128946890394, 0.04079652654536403, 0.29752961030408187, 0.9273458198746312, 0.9974450147063294, 0.07043995563043381, 0.38489382187447063, 1.0253014338267121, 0.3042031990837586, 1.0253014338268258, 0.0666440407352411, 0.527594745864576, 0.33219732010218195, 0.0074550756787630235, 0.0033851211009618964, 0.5918607706222474, 6.7905843792749465, 8.072210260379848, 6.533832709837611, 1.003883820733563, 0.6781340698189524, 5.240263826025057, 0.002435884212673045, 1.7895783824384353, 0.5372925862283182, 0.24177050319940463, 1.2759201471977804, 0.8363845166194324, 0.5481058140780988, 0.24701037307568185, 1.0309215021710543, 0.08714472934809692, 0.3281376440369286, 0.029305254110226997, 0.6135946257495561, 0.1739180861479781, 28.91712018174826, 169.79126480942966, 60.0822672644141, 0.48494385113554017, 0.37774579246831763, 0.0013263264512488604, 0.011602725195075436, 0.25761233752211865, 3.130329779498311, 3.2350831100343385, 0.21330116477918182, 0.3315613780698641, 0.4951413031847096, 1.7239386398856595, 6.303758263324539, 2.530552131516515, 6.21051919544675, 0.12364805752122265, 0.5641601790930508, 1.6609194573270543, 1.9580433831180244, 1.613715264807638, 0.3508677142842771, 0.9020234965946656, 14.732419232237703, 100.64904375080846, 33.411700357832046, 0.10737545422534822, 0.555880222126234, 0.484650115138038, 0.01934558134485087, 1.43090411163314, 0.0038342080468964923, 1.43090411163314, 0.32528947277774023, 0.053025901511773554, 1.313695298429252, 1.4952939588046092, 0.5564600478357988, 1.609775239021701, 0.003820360774057008, 1.8998098849776852, 0.011690810502045679, 1.4264430210362207, 0.023877276766597788, 0.21390378350872652, 0.03457952759777072, 0.08689197367061752, 0.08739161844039245, 0.10726272848535245, 0.019753078927692513, 0.04147509339611588, 0.24821812897243944, 0.019899641164442983, 13.168997785504985, 20.613690872183042, 2.36896787121168, 0.24373672115223144, 0.11581888042610444, 0.07449203415364991, 0.014307030466397919, 0.0943376333290189, 0.002636026540471903, 0.0753333980798061, 0.0011719331893118579, 0.035662647329331776, 0.11785655518463045, 0.03566264732944546, 0.31956332301865586, 0.49083128923041386, 0.19477194099056305, 0.0071963943497621585, 0.4865881449520657, 0.41992874447100803, 0.014333804932334715, 0.004702419896148058, 0.12957073057839352, 0.029445505521493942, 0.01446004869171702, 0.010653857126044386, 0.0959456624093491, 0.7010703283939392, 0.9176942910016805, 0.2274278487684569, 0.3982410983937825, 0.023635691448816942, 0.5876183695019108, 0.02350402720742295, 0.7561742513528316, 6.461178751424768, 16.404798972114577, 7.435220308050702, 1.3990237997087434, 0.20538479788615405, 69.16934293112774, 389.8847784877629, 146.59044354822106, 0.9021592547280761, 0.5487403043285326, 0.02598542886192945, 0.26751905697631173, 0.14857759896693779, 0.03675709724734588, 0.6207580492990132, 0.288189894599725, 0.024095383390147163, 0.008795417109524806, 2.0323310375226242, 0.9040076628987777, 0.001052792717189277, 0.026040593955826807, 0.33501523987393966, 1.5295045046996734, 0.28818989459978184, 2.7564417998940485, 1.3180636183823253, 3.758667904582353, 2.8080490188971794, 0.31321538789671877, 0.42674998255199625, 0.048564297131008516, 0.2905537716212052, 0.36746584119646286, 0.23387752667997574, 0.12419288148913665, 0.6428960328814242, 0.0010136384040606572, 0.004000798949903128, 0.025184893088294302, 0.122147866602063, 0.4517177274533992, 0.10105229211120559, 7.42178155150134, 112.69362953202437, 227.19231939641554, 37.159086743902776, 0.7022942053340557, 0.01500662369028305, 0.844543306370042, 0.4199020214149414, 0.003676218022519606, 0.03263887155083012, 0.0036668012143081796, 0.79185768084767, 0.09097135720060123, 1.0606929843304442, 0.1291915538054127, 0.009955906321010843, 0.025412828514504326, 2.2737367544323206e-13, 0.12811959008217855, 0.05694175261896817, 0.19170757109782244, 0.12654384813504294, 0.660631671775036, 0.14105282902278304, 0.6285380303481816, 0.0035485381696389595, 0.048106327679079186, 0.11329197580641903, 0.5053598299808755, 0.30874049106762413, 0.6249297239701264, 0.009980922635691059, 0.003578145305027647, 1.1368683772161603e-13, 0.04838884845833036, 0.510796458463119, 0.07828359746110891, 1.1150068986761426, 0.03954283493362709, 1.6688001390513136, 0.14105282902244198, 0.22368399714093812, 0.3299601685679363, 0.047668822423020174, 0.30772289234812433, 0.28531180851814497, 0.11292018613460186, 0.03146797448448524, 0.01922436942618333, 0.2082335252990788, 0.024955201905299873, 3.7414000377509637, 12.766541056473443, 10.887116706011398, 0.3201166429590785, 0.49719239312059926, 0.0737516241757703, 0.07494815409472722, 1.6375542920806083, 0.00033475335044386156, 1.7790516994022028, 2.1868346111601795, 0.06347420611905363, 2.408740161972105, 0.0728908588801005, 0.17608835825376445, 0.6698338119959999, 0.4333912368518895, 1.1543847792746647, 0.16523953643456935, 1.0769204628992384, 0.23045738037262709, 0.00537700233257965, 1.4374292592192432, 2.7509273832359895, 0.03887853318974521, 2.5134182677418266, 1.9490686288559118, 0.0562943277955128, 0.01650815893287927, 0.10811612397856152, 0.016508158933106643, 0.08548534122348883, 1.9993324387079383, 0.17424619369501215, 0.2717065804547474, 0.03968946462725853, 130.00342340906786, 661.2047284831323, 239.78418054067174, 0.1860786049181229, 2.125696855951503, 1.8988856239515712, 0.8384424689202206, 2.9102621049161144, 3.7215507233025846, 1.3501578480189664, 2.0261898957980975, 3.2904128429217394, 0.048291826124568615, 0.5265961398694117, 1.0213223397472575, 0.8173979512805545, 1.7066235217774306, 3.383815764346309, 0.22952460257363327, 3.650133252134026, 70.65103086590796, 285.28838410252183, 162.02092812956403, 13.50354103177881, 0.08141886521570996, 0.1459590695828865, 1.466250784296335, 7.530820393987256, 37.01273558040543, 16.17080757471092, 0.6787700002138308, 0.019594444319409376, 0.010873141500269412, 1.6769757809848898, 0.186908792626582, 1.9110839349750677, 0.8802009880814694, 0.41442299884886324, 0.22196684699792968, 0.7296622395801933, 0.024519749584442252, 0.030979286291994867, 5.7868225125254185, 13.04621423524759, 4.186394727307743, 0.07995716395419095, 3.231474770629461, 52.12388990589022, 28.892723985209727, 2.148643586134881, 3.7153251362190076, 1.4487083852890237, 9.293727169522299, 0.7748827155718345, 0.4575104348449486, 0.007923919890572506, 3.6245485415971643, 0.5314095766103719, 2.394620378489549, 0.25099665931429627, 1.776274888988155, 0.0787831762316955, 36.95961443242743, 270.5207929771068, 181.11605369846507, 11.063422740862961, 0.18140849378778512, 1.2307582214743888, 2.0992839790674225, 2.0932126556655817, 3.0789933264784963, 1.1539777511767966, 4.950304134825615, 0.042242377502361705, 5.194430869690564, 1.166832863114223, 5.383812693409823, 1.1507355067366234, 1.9537855463986489, 1.3940546791276915, 1.1732389054927808, 2.389991678401657, 5.716214560635535, 1.1334483632317074, 3.5415557722321864, 1.4386098351872079, 1.8875651971171692, 2.5285159230561476, 0.16474964716496743, 4.807562852904084, 278.5365794538229, 1000.5023052056829, 226.2045953099007, 3.161568022311826, 0.07933416525838766, 0.26349944054493335, 0.31893340686974625, 0.1330599789845337, 5.467092063741802, 0.7000335866520118, 2.748846103316396, 0.6195603230590905, 2.579471324248857, 1.0675088672422817, 2.7955905997788477, 3.4329745516497496, 1.3781686994325355, 0.4191231885599791, 0.044182094018651696, 2.401475702759285, 2.7002376832654136, 0.20094750664020467, 3.085312385708221, 2.971034588585553, 2.9121812960696616, 2.9138631214154884, 0.009973239573128012, 0.11042160191368566, 4.414894125543924, 84.30523108399098, 172.4960721414377, 43.6893598937022, 0.03284490813132379, 1.1368683772161603e-13, 0.08696318204852105, 0.0878073639497643, 0.05153993423505199, 0.0020660093803144264, 0.0020484351543927914, 0.5533002554066115, 2.4855510305281996, 1.9799134015227082, 0.3421739994030304, 0.7260075691016254, 4.10443748561363, 1.7346432790775452, 2.4008082911775546, 1.874544132067399, 1.4520649112627098, 0.012198938491451372, 3.7986514892176046, 3.854943585940532, 5.7304158039571576, 9.110832471898561, 1.652924267177582, 2.7293971511511472, 4.4099677036945195, 0.004454910041999938, 0.5014890148914901, 9.275764764426526, 6.585405103151629, 0.0976925549103953, 0.172205459108568, 2.8947435422759327, 1.8459812409530514, 0.16095613434640654, 0.18065043826743477, 0.0889222172272639, 0.19805776606574454, 0.9564082555880304, 0.8088241133590373, 0.4992967493811875, 0.8997348054441545, 0.1562921530666017, 0.0, 0.07410530708432361, 0.06097414879320695, 1.3604821328966636, 0.6158816176463233, 0.940148908847732, 1.7783318310432605, 2.1764056851691294, 0.0006307686852551342, 1.2774863345701988, 0.5203493477122265, 0.005504964763076714, 0.22193625092813818, 0.1040288191198897, 1.6907057057852626, 3.8728288330917167, 0.047446608115251365, 3.679376989661023, 49.22641101058571, 264.5264775423618, 106.27484946080517, 7.597210725677996, 0.8428099501810493, 0.12077642129520427, 1.0348906060681884, 0.03282995214465245, 1.4794159097552892, 0.013279322679977668, 0.01355460363754446, 0.053443160754113705, 0.9805097170377621, 1.8414607152341205, 1.3971874686486672, 0.04428153282560743, 0.45847288693914834, 0.5493484401944215, 0.8409255946655776, 1.8515865866046397, 3.418284109741194, 1.3276518288338366, 6.894093204709179, 3.252688624885309, 0.030109344283687278, 1.5871430670068776, 1.551014033603792, 0.5194900104472708, 0.09453658848087798, 2.837600048177592, 0.5161361467015695, 0.9748216864476262, 33.81363862286412, 306.821840967978, 243.93314550648984, 19.31009705012025, 0.8073769717435653, 0.8108710427181904, 5.005500786321818, 3.452447913417359, 2.2574864701549586, 2.023190628978, 0.4674146070499319, 8.677157007577875, 2.8825624362719964, 4.485521293121224, 5.586637735559179, 0.7471597055063057, 4.345121912203695, 0.8873177479591732, 1.8463260113909428, 7.175209972981975, 0.7429080626343421, 6.367539308161781, 8.893781553526424, 0.0541919170377696, 7.496180266507963, 5.354680523839306, 1.552503134450717, 4.819295592347316, 1.8062860731757837, 3.2590756001247883, 3.323507555017386, 5.20925685471525, 22.039310080016207, 5.387036880343317, 1.080963286956262, 0.0979050355272193, 4.971474670724092, 0.039064229798214, 9.303169097952605, 1.4819528903038872, 8.18766968655757, 33.42565506809649, 4.4008444251568335, 3.2179908563634854, 1.514620585918692, 0.5288113701766406, 1.1834371293440427, 0.23360151991641942, 0.03658025826109679, 3.097876119490593, 0.014314520186530899, 6.071551900919644, 126.0636716572551, 125.136257791547, 9.146545108305872, 0.5982027237948842, 0.281597723362097, 0.8626904559292825, 0.07075117197894087, 2.838359115346748, 0.11366839240406534, 1.0816576236290985, 0.2823482392813048, 0.10205221423018429, 0.01993169456341093, 0.2134961883740516, 0.019931694563524616, 1.6124795154315734, 0.04455154105812653, 0.0012143702901994402, 0.9493563262393536, 1.7966395030406375, 2.091552380800067, 0.3231878669722619, 0.3069174549016225, 11.380916082702356, 5.18702273264978, 2.681610001023728, 1.13321878358488, 1.5381958428346252, 0.5161361467007737, 3.191587149127372, 6.053642131175025, 0.0928132051880084, 3.14904246396668, 2.1473463513466413, 5.380315319088595, 0.1577953543392141, 6.483869853171427, 0.1850820771501276, 2.2722811909491156, 0.009798901473573096, 0.45796508287708093, 0.17167211500725443, 1.3078049546247712, 0.0, 0.3594691671568171, 0.39512540845817057, 0.00027451164010017237, 1.8183300555264168, 0.5142308595001168, 1.6031320309418788, 1.8487051952457705, 0.9603274890390594, 0.18011510861481383, 0.09517870703189146, 0.0, 1.1768148544877022, 2.2987345110055912, 0.01766737267280405, 0.08104765994175978, 0.850920729822974, 0.04073757956177815, 0.5219905079951559, 134.41732217186427, 1071.011234324042, 686.4796073329896, 28.8410835293663, 1.967474675368976, 450.7807914172188, 1145.9918812060234, 231.36505623908602, 10.244052553710617, 0.7297513487430933, 3.965649739384162, 4.081625077590843, 1.029991279285582, 0.0003094866532364904, 4.112969515818463, 9.77716071420889, 0.6215263129988671, 4.552910187893644, 0.5690101367652005, 0.0002981016359626665, 0.42360672531629007, 0.03618524324986083, 1.2023207526978013, 0.010783009331134963, 2.540418824621838, 0.024285022339427087, 0.7403474009983029, 1.9750889184734888, 3.704585640285927, 0.2161033045218801, 0.1436558141858768, 0.03236252131910078, 0.011787937332542242, 0.20123214681427726, 0.37334975766600564, 2.2631206533411614, 31.362445796637985, 61.008605388085925, 4.603378082323388, 3.255031471208099, 3.780693921433908, 4.917429006903603, 1.4110945740065972, 1.6486961524651633, 1.3973651700765686, 0.8216532972312507, 8.606873221639717, 9.0146097702019, 1.6407704148623452, 2.825495433169067, 1.2061080737901193, 1.3874009173783861, 0.6027218964269423, 0.09168166212168671, 0.05696006009907251, 0.9190870626323431, 3.119015475719948, 3.241882115667977, 1.4564378054562894, 4.165836499607508, 4.510176664019923, 0.6314651748352844, 0.00047306139572356187, 1.6766890868925657, 0.46144794593783445, 1.5082235393774681, 0.15947609608099356, 0.25866016557608873, 8.347919409385895, 3.196757806317123, 5.2526796422123425, 4.584025495344349, 0.4124799345892143, 2.7316826895818167, 3.7705999828516497, 0.36214483054220636, 0.4044280494963459, 4.29287108264873, 0.11428426975487582, 4.566213054268019, 1.44870838528891, 0.15082103867814567, 1.0248766438137409, 2.4089197033932805, 6.461299467029335, 0.0708777184538576, 1.3406793957021819, 0.6573702002992832, 2.6176843364296474, 0.20578421566483485, 1.0582076946781172, 4.582135552509044, 59.68309866492473, 97.59112321233135, 28.357885879630885, 0.33307398635372465, 1.5606008720237696, 0.049008993463871775, 0.2429853995712392, 0.14074963879579627, 0.9137026301472133, 0.32218304382479346, 14.573165000558902, 85.05790344757952, 84.56216862476242, 13.053138687275805, 0.12890723135546978, 0.1633195962119771, 0.397281696148184, 1.035465114623321, 0.31720914472157347, 0.2978327209274312, 0.8185638792956524, 0.02510673142910491, 0.5592012433330638, 0.025295106732642125, 0.18399369251449116, 0.08818774400458551, 1.6047920716841872, 1.713884880061869, 10.920124170419626, 0.1956826970218799, 4.247766706660855, 8.764075215898742, 0.8427277724809983, 8.894744821969653, 76.34769931555331, 119.9407001130669, 15.376008097269505, 0.16404365793960096, 0.15113453556921286, 0.007824636575037403, 0.15113453556921286, 0.025470355661354915, 0.07042198096939956, 1.776669869136299, 1.4915807328497976, 0.4157620689881014, 0.3901870688885083, 1.8701418675256036, 2.72263754282676, 0.0941621862377815, 3.7247720480121416, 5.0894073407649785, 0.29279730753523836, 2.525004478251958, 0.6290074282571823, 1.3406100946665447, 0.22770969217788206, 1.634388070815703, 0.22770969217788206, 0.4244030077844627, 0.08422525335311093, 0.004652846889712237, 2.000209209821719, 3.383384382167378, 0.09952127960400503, 3.770079678751017, 1.8330322054431463, 0.40173014412630437, 0.41940837000447573, 0.3009596840566928, 0.4887007852177021, 0.5453182213279888, 0.014460048691603333, 1.0561192504488872, 2.1790310984771395, 0.15125439485188963, 8.853081590341162, 14.734502136288256, 6.703361112330867, 23.74461993074806, 0.344578681127814, 0.39077364044760543, 66.23793909962683, 447.26501346001885, 124.17241458340948, 1.8050541788759347, 0.09221085014587516, 0.4955166075340003, 2.0910967397798004, 2.9315499755798555, 1.4838233307521023, 1.6469462231771104, 3.078369868853997, 1.404954102402371, 3.078369868854111, 27.374362006413662, 141.61730102131514, 52.86858533278382, 1.4677168127109326, 3.0949389435839976, 2.847153211300906, 0.35589368899911733, 0.2549808068057473, 0.9533434636497304, 7.623591336010918, 20.487449390112374, 39.23671659815142, 7.291755364167557, 0.23579816510533647, 0.5492846330171801, 0.051827106252346766, 0.7337578769552806, 1.3496382207662236, 0.3755062886652354, 1.4167544194255015, 0.37550628866506486, 1.1497874947148716, 0.08433685161651283, 0.06969600562376854, 0.1039313464418683, 0.030894241317014348, 0.5104723950388461, 0.01375489064434987, 3.7206358968020936, 0.10266813833652577, 0.1838858707350255, 0.14046893899632096, 0.5721329764736538, 0.7591062279803964, 0.7099503531586606, 2.5876615399435536, 0.6760517954651277, 0.678286528083504, 2.674157709048359, 0.00745507567870618, 0.1231461674663592, 0.21553437810086962, 194.52657847566695, 603.8790754740954, 2.3148232271723828, 957.3721294925381, 496.97075581145623, 10.187386930691787, 0.0016595092946545265, 1.143978033527219, 44.88505921041144, 543.301222681829, 541.8970745494123, 58.09672400719535, 0.16791402033459235, 0.09057364331545159, 0.2806650132606592, 0.0003117418181091125, 0.04428939138244914, 0.00498291937913109, 0.27845081640919034, 0.5411446332688001, 1.214847562384307, 0.13436261342667422, 0.8246804232763907, 4.676885049104726, 0.5286037615768464, 3.949002301672408, 0.04609590370944261, 0.007732084271879103, 0.00802180710002176, 2.9486350060836912, 0.020445385531843385, 0.9813775745775501, 0.0012752421707773465, 1.4392288902384962, 0.19772043755426694, 0.5978100850738883, 1.0710465737754475, 1.1426527358723888, 0.1340151526956106, 4.586669741050173, 0.0691796522239656, 8.507128871649911, 0.616588139480541, 0.40527898619211555, 0.0, 2.3320734981870146, 3.764156823429971, 1.1940667175198314, 5.44344449409823, 257.9809850710333, 421.0930560577899, 76.53826341214392, 1.0522936028884828, 0.6497079547993394, 0.00953651871520833, 0.017008912047913327, 0.0010573289506510264, 0.10700263480549665, 0.0378601784481134, 0.15374997887226982, 0.05158731175924913, 0.9803519501753613, 0.5015266776387648, 0.8561361561913259, 0.3728827067684506, 0.5201998120507483, 0.0010527927172461204, 1.0887829779580898, 0.004197665279036755, 0.004118388421659347, 0.12821595879842107, 0.15047631394065775, 0.03835326300253428, 0.3364334126339372, 0.01686281801318046, 0.9466595702062364, 0.009414556078638725, 1.3545790785141207, 201.0163450576806, 519.6827220655279, 88.6534379321829, 0.6480263857109776, 0.8609419472330728, 0.13802761602289593, 0.015295618837740221, 0.07028180858765154, 0.8568887687824827, 47.181138606758964, 169.1456132979315, 55.89280284626079, 78.54128067907789, 306.7762299024108, 70.40128578739541, 0.03361084773246148, 0.6184006280129779, 1.230157168100277, 0.00028384291692873376, 0.7378562589882449, 0.20518135512634217, 0.006994241730808426, 0.08027734103541206, 0.013758093657429527, 1.1906445921327986, 0.22246791784994002, 0.13817675247639727, 0.16364370868484457, 0.13817675247639727, 0.7159268196977564, 0.0045929917316698265, 0.6066988507025144, 0.40925737819657115, 0.001131597114294891, 0.19089560331417488, 0.05571781679725518, 0.22505922054915573, 0.004573370545472244, 0.2093345956985786, 0.0045845626934806205, 0.11461473520637355, 0.03483059993448023, 0.08288506491271619, 0.1265563737897537, 0.03463902371220229, 79.71419250032591, 790.4467796346859, 874.6670553364388, 126.9436193852572, 1.2104801259490046, 0.36850633314531933, 1.7237411345603277, 0.136236698452592, 1.842513477270188, 0.8676766073223803, 1.3331441803010762, 0.11727552167667454, 1.6201369872518399, 0.6491353398066622, 0.35692139363089836, 0.3893942529659853, 1.636458636355826, 0.8031801649531758, 0.1344239963631253, 0.44634686447295735, 0.31615174218268294, 0.471799923917672, 2.7225646561964822, 1.0598228437843318, 0.2587788577805554, 1.8873724420765825, 0.44795045969823377, 0.30971632180711595, 0.08080511213955788, 0.6758427732586938, 0.42000479406061686, 3.2541624639840165, 2.324942257991495, 0.1442025757035026, 2.7889513722572588, 1.8671140725928126, 0.3795682663679827, 1.0424481351593613, 1.7090890704923822, 380.245795052052, 1035.558687974603, 209.60082646322257, 2.9359759931812732, 0.14796440370105302, 0.7546828514233539, 0.0003671902675250749, 2.4113847538234268, 0.0716096141458138, 2.118730070385368, 2.0482179613361495, 0.0015125958697126407, 7.0487052592508235, 7.325173473228119, 2.459548222890362, 13.605544728669997, 3.45341755249126, 0.8904190105032512, 1.3513675892160109, 1.1221120794953094, 2.2369113085469507, 0.43895142332394244, 0.005717960183574178, 1.437497764666773, 0.15910139596132922, 0.8742358288881178, 0.11702399155069543, 1.6459503841360856, 2.940918267669872, 0.03778493808385974, 0.4912694519495062, 0.06378062681949359, 0.43784959732954576, 0.38940233352388987, 0.6660254564557135, 1.490943950545443, 0.1812957202303096, 0.1477342833845796, 0.7189744740352353, 13.59237698925324, 156.1478639029001, 156.79133874451998, 9.633293803500578, 0.5221802397667261, 8.169689510662693, 0.05425631474884085, 3.203203910816228, 0.007596788738396754, 3.422833366865234, 0.8914027184280258, 2.8165642824797033, 0.9471505829109219, 0.1409486866240286, 2.025055689459805, 1.5038604978187777, 0.3487435048956513, 1.5038604978188914, 0.7934338749411154, 1.7167820711903232, 34.01281851146791, 51.605387834213275, 4.81224382164055, 0.26265594594678987, 0.48732409452134107, 0.48623267312575535, 0.0191060326784509, 0.3020465830934427, 0.06439496446694193, 0.7630573540101295, 0.19535605798819233, 0.013453127914885954, 0.3643944124612517, 0.09135140962121113, 1.2575191330738562, 0.4655605719218556, 0.26808112189871736, 0.1843184271699556, 1.5241120230065235, 0.9896095050709164, 3.9964046501222583, 0.6210691100640133, 0.10255467426577525, 2.2737367544323206e-13, 1.679394252848624, 0.0021066550616524182, 3.985614024878487, 0.3779615051175824, 0.4594509605209396, 0.07405915653885131, 0.07421765814729042, 0.012975173399581763, 18.16401973909865, 77.22625107647605, 33.08676128488901, 0.7136498311449486, 0.003481577918023504, 0.013976096007070282, 0.04231057343832845, 1.0413602855157365, 0.4450129564979193, 0.24186005854073755, 0.18797582394199708, 0.3016017097074837, 0.6028898421713507, 0.013108929299960437, 0.797479211902214, 0.6555962058888554, 4.899984944210701, 34.225643977152686, 38.91810292834077, 4.33734397187402, 1.3499200566039349, 2.128830351273905, 0.0057879905727986625, 10.56312984958015, 16.13058926484166, 0.007285598441058028, 10.047051290983916, 2.8474748860725754, 8.592372994508935, 2.183954218363226, 8.801339265021568, 1.7462495789088734, 9.49746425940151, 2.905702474115685, 11.406438836860104, 4.49541629405627, 3.362579790858547, 5.158159733960304, 1.0259259924433763, 2.015267602558822, 1.485848289107082, 69.47717510566122, 105.38411432799182, 15.261739333515493, 0.22836065761509872, 0.018965877262303366, 0.2271166576429664, 0.012817360364238084, 0.21363742714095224, 0.846051051490349, 0.0939631282890332, 2.4708380585765326, 0.5097273215221207, 0.777386324101542, 1.0495105067164445, 0.2709710776919678, 0.016122025812535412, 0.0873766690376101, 0.04356966250594496, 0.5492606497660972, 0.6376893882746231, 0.046543723526724534, 0.0823116621983786, 379.79610840834584, 1321.1658234508816, 586.5576413986175, 38.366903455822694, 0.37427363164260896, 2.330671815861706, 0.44930787242651604, 0.2711335170940856, 0.06793708387397146, 0.7334671048442942, 6.2687163700040855, 0.0044116276042132085, 7.913236099061805, 0.004411627603758461, 3.6697060657004386, 1.7220881201245675, 3.188364606669552, 1.3146554160653068, 0.16676468116781962, 0.8729572546545796, 0.9845297159232587, 4.465798161991188, 1.41278891340869, 1.634225008618273, 0.22634153886758668, 3.629479536244048, 158.7556452491948, 322.20928648529764, 24.561634891465133, 15.115372432442427, 1.827896137113953, 0.9586939992432235, 4.331839280729923, 6.978298425841444, 0.5749948860834593, 1.7792517206339653, 0.5749948860833456, 0.017123019167343045, 0.21281606981949608, 0.13821405721728297, 0.5870467445689656, 0.004347474070186763, 0.12152401982700667, 0.09415837009510142, 0.1564324661997034, 4.2325362994009765, 89.09890222659146, 322.0900339294277, 148.32332830948167, 3.593918009600202, 0.9598148113775551, 1.1466444302420769, 58.83474668422696, 205.3401171469461, 69.66763365264057, 0.2652457008772444, 0.02278181989811401, 0.23317166175172588, 0.20665857805340693, 0.2274173354312552, 0.05259727566897254, 2.410420549560058, 0.14848891578049006, 0.2160277646526083, 2.085100259530236, 3.435277123498736, 0.022173875415660405, 0.3799056841174888, 0.15869181302321067, 0.0, 0.050436280099916075, 0.27602263111816683, 1.8701098802393972, 0.37130554011241657, 1.671369010701028, 1.9798100775979037, 0.38230462566593815, 0.13574023001137903, 0.24390135195108087, 0.13574023001115165, 0.509928107854762, 0.7628300184397858, 1.07841598184541, 0.18616984359573507, 2.1187355217858794, 0.0006510876451102376, 0.24152727186901757, 2.006786577247567, 5.9016727701006175, 11.697060044150703, 3.407896968409659, 2.901191808635076, 3.64978153293805, 2.010846771035858, 0.24752563254924098, 5.598634493418444, 0.2547158609370399, 0.5972477646736252, 1.1890535829809323, 3.1197210165128126, 4.328484119131986, 0.076653247795889, 0.0030233039943823314, 0.01923879687160479, 1.3145915589099104, 0.46986890405753456, 283.2634897248886, 648.3539894341086, 122.11168050380638, 0.20455409143255565, 0.16326401863034334, 0.015481063629636083, 0.1170149697842362, 0.047336656373317965, 0.0009620379114494426, 0.0783321978173035, 2.3228727445404047, 1.7951109202199405, 1.6266378999168865, 2.4261163105695687, 0.4328048524978385, 1.7817504874827819, 0.2364714816230844, 3.125870000298505, 0.047659685293638177, 0.5089297646633213, 0.06228211153131724, 0.7747718188708177, 0.01983657249445514, 2.1160725619174627, 0.003923514074472223, 0.015249973082291035, 1.8125597675777954, 0.0009516522073909073, 0.046062277118380734, 0.015265696598703471, 0.6973618785733606, 0.07780408871144573, 0.02926126332806689, 0.01184340931808947, 14.317334495981754, 125.61589536289682, 115.09325282049531, 6.2028674077230335, 0.026608789693568724, 0.14745874087896027, 0.29854672276928795, 0.29676382063678375, 2.6309526844978564, 7.143550402440724, 0.720100316887283, 2.8234433282030977, 0.2897872817792404, 2.5131148642320795, 0.21729851090583452, 0.2666551956441481, 2.9135818962671465, -1.1368683772161603e-13, 2.405797066308992, 0.05297799821892113, 0.4572446610958423, 0.1065306107326478, 0.3275644781608662, 1.4374977646670004, 0.6144204727609122, 3.525954546965295, 0.7068131792622125, 10.093056191294522, 3.2587373837033056, 5.678375484569415, 201.59197864502198, 660.8118053036006, 221.0409904993403, 2.0151921442717935, 1.8602528350669445, 2.5286432768623968, 3.043014445050403, 2.088648611724807, 1.225385989079598, 3.8581368077483944, 2.784572580054146, 6.837460851546268, 2.6133152651021305, 1.1128317855988143, 0.07918951213105174, 0.025077768496544195, 3.1415319631643683, 1.6461210397172295, 0.9002511299529488, 1.6444054513829087, 1.7893865423096713, 1.1566373657809663, 2.5150932393582934, 1.487386744280343, 256.42412791808624, 951.8518563927604, 331.50909212707074, 5.2339333803306545, 1.5236428018782817, 0.15761045686519992, 0.1213455727101973, 0.004414232389990502, 0.07033721498498835, 0.0024881468831381426, 0.01762571991025652, 26.78096103813732, 564.8875927430038, 1258.6331426038084, 351.5500583862072, 0.18428606633102618, 0.4480301619998386, 0.48203646487598917, 0.12267954041658413, 1.2569690682863666, 1.4356399642156816, 0.12611729223436896, 0.4646927803488552, 0.06895858268552502, 1.4206880390391348, 0.06643130034524347, 0.4792997112357398, 2.9987756309449765, 0.07555696552412883, 2.6824445701842023, 0.3709878046640256, 1.4356399642157385, 2.0580389970800184, 0.5495542224545034, 1.0629622913839398, 1.1251644487664976, 0.9591217966577688, 1.1827926909210191, 1.3671953752784702, 0.21784125588277448, 0.59449877358918, 0.972928071086244, 33.57882077723593, 56.29663556180083, 11.644856170115418, 1.9608463731043457, 0.3433447508025438, 1.0638019283759945, 0.16502680419966964, 1.6341916925126156, 1.1313557045229459, 0.48677528543191784, 3.2258656674752046, 2.1302242727381895, 0.8406368931911175, 5.0708369957476975, 8.284410429374077, 2.6261659513693303e-11, 5.171835052994766, 0.4686716241950535, 0.6688940058301114, 1.1514009315424119, 0.1372017045848679, 1.9065178208566635, 0.13720170465506953, 1.9340360043368605, 0.2523370424847826, 0.8357806895263025, 0.5530864852314039, 1.6700827512468663, 5.330176831854146, 1.8555773766972266, 31.347599293086773, 33.325789178739456, 3.1587262572591612, 0.01593819773921723, 1.1494220942417996, 0.318237989534623, 0.0009600343209967832, 0.8997978136484335, 0.4144671380134355, 1.3612484999519552, 0.7965649943180892, 0.06211220336115275, 2.3583225490906443, 4.211520567833759, 0.7626820816309987, 1.1566567243411896, 1.7192527283133359, 8.944092663859351, 80.25179964267079, 179.6313068594186, 26.561001576968806, 0.0017230026720653768, 3.0373492152325525, 0.0038855045617083306, 0.856506837994857, 0.5821196626565097, 0.09775584757494471, 0.984542249069591, 0.3474113484595591, 0.9438134505685412, 0.054042098858076315, 0.20301948922326574, 0.5856802627055231, 0.729952482983208, 1.941281310837212, 0.7299524829833217, 4.811866735827834, 0.1663497328960375, 0.13658173659189288, 0.09010031915147465, 0.06709620237415947, 4.85797637434257, 8.27553777802325, 0.03416742930301098, 0.026243118607681026, 1.900584031080598, 21.19955951006, 2.345857876952323, 5.7809465308305334, 5.825111108119245, 4.669082296544957, 0.9758186390029095, 0.7405343854031798, 0.3532001460990841, 0.1087061460533505, 2.4758178688443877, 0.9125199042324539, 110.68599744315452, 169.2402494559792, 36.917327134565085, 0.8459634401233416, 1.8636181398738927, 0.5571608570347735, 0.4076475393593455, 1.1044081090108193, 0.41677839619865154, 0.31321950341555294, 6.453445641266967, 0.24133436223394256, 3.6516764628518104, 1.391425129752065, 0.0023177358467592057, 0.24707520379433845, 0.08378665495263249, 0.1025284303348144, 2.9970067737192494, 4.594850960698523, 0.5344907275149353, 0.6568379028323079, 5.3698254776167005, 0.09798461546768067, 7.89543039722264, 2.3040294133880934, 32.03752651364516, 16.390667315218707, 0.9125683346857159, 0.03572997983712867, 1.0120255939908702, 0.3982410983929867, 1.4294764224268874, 1.1640142207406825, 0.09717149412790604, 0.25393046594797397, 0.1750972029390141, 0.0048827098169113015, 0.03693754773951241, 0.33637359646695586, 2.369306813622188, 0.43280208170767764, 0.3683037070916271, 0.23124265049455062, 1.2244102536589025, 0.00031423857683421375, 1.4716525590687297, 7.851029852832653, 266.3527326452963, 1100.8139493000117, 402.4860391226773, 0.767081909417243, 0.5262658323689493, 1.430368388572731, 0.5262658323690061, 1.629413554669668, 0.04571513833207064, 64.4101108554371, 336.40538020217355, 254.49428472507736, 16.818161722929403, 0.0026131148855483843, 0.9602366450808404, 0.0648049206839687, 0.517775270703055, 0.002578403695565612, 1.6603529539584088, 6.467066388895546, 1.427621549801529, 10.708539944411086, 0.07794559564501924, 1.4100938341605342, 3.383243192744658, 0.005939459283581527, 0.0448883227445549, 0.5285574660962311, 1.958086105308439, 0.01724830941077471, 1.2321246975311624, 0.06973589024210014, 0.2785511180524054, 1.7623581130499133, 1.9827563736679394, 2.1323848074267744, 0.6856155234357857, 0.9432834180844338, 0.00274220913490808, 0.05471947772991825, 0.4557420835852781, 0.4175899510076988, 34.310042711687856, 219.19532826425586, 145.98034182946526, 9.899156120633108, 0.7581534691183833, 1.1685786868903278, 1.5594320871263676, 0.4300085780741938, 1.8962955771539214, 1.1606795724718495, 5.35695253238066, 2.779476474260491, 14.849257857108, 243.16890872124804, 433.8775324456965, 53.51368786925582, 0.9459052842192932, 1.6598894798853507, 1.5089092058394726, 3.536342836677136, 4.457092173482806, 0.5542553669182553, 1.0725520012500738, 0.8491781577945403, 0.5250120916455217, 0.6861545646631839, 0.3623506713078086, 2.4147756666989153, 2.947040301611196, 0.0019006726347470249, 2.2284584364886086, 3.4955160706431343, 0.5870336796125457, 2.2432243434163865, 5.4992512367336985, 1.4213754647964834, 0.15170401975819914, 2.5974478984113603, 0.12188548975393587, 0.12498178184694098, 0.15690543809046176, 0.6861823604011761, 0.433238802445544, 0.7610707910152996, 0.017021849419165846, 0.004360624608807484, 0.25224281966791295, 9.178526148770516, 224.05534542791543, 473.67386679329263, 91.42544280677294, 0.362257716951774, 0.03848860388768571, 0.2876110465180659, 0.0023881253756030674, 1.4138099176465175, 0.5589871687777759, 0.20637257714537327, 0.16181022321364935, 0.2157545152949183, 0.049150712760763327, 0.12051136332144097, 0.31690310281879874, 0.03886566270870162, 1.4138099176465175, 0.24655405831100552, 0.04129213425204625, 0.0025345711350155398, 0.09055398954075145, 0.06272494564967701, 0.08787993760131485, 0.2417463872000667, 0.0023996821900595933, 1.3212807828990663, 2.8323033092879086, 0.013269004098390269, 0.8736610138929564, 0.05566911674679886, 0.06536963033369148, 0.20983963228053426, 0.053050953314141225, 2.281921562298976, 167.72071397253956, 517.034678276001, 179.02577463788305, 10.345430111757992, 0.0018109855064949443, 1.9762106444217125, 0.145318497321, 1.2821902694092842, 0.07562142998517629, 0.5991652278397623, 0.17840380667337286, 0.003878503022406221, 1.2117280703755569, 0.21095595582073656, 1.6650142843478761, 0.15755985655800941, 0.16229354967276777, 0.5080290772199305, 2.529497970444595, 0.09974771626730217, 1.8409006201062539, 0.3012248745553734, 0.21954786834032802, 57.706327452027836, 501.98008801261494, 466.9453745682134, 42.483234196840385, 0.45133637753730227, 0.26286780935868137, 0.7276970805003202, 0.30339332121764073, 0.38073644510780014, 0.061786130314828824, 0.08302213721464113, 0.9552401786004339, 0.31778909200795624, 0.7600345622431632, 5.058431454039237, 2.8919833851575163, 0.8738163673098711, 2.0676627724676564, 24.398022020443932, 51.165168313613265, 27.210346151672866, 5.608211823445629, 0.6768750112373709, 13.266065440409648, 264.1407612040457, 318.4207300460033, 42.72023152025224, 1.3496656923364299, 3.5889350862282754, 0.12931767250802295, 2.6008641281200653, 1.0025650301419091, 0.004195527895035411, 0.004183334676440609, 2.461124439244145, 45.062955750473975, 128.52492940818047, 77.28443476532266, 7.646190494348048, 3.1664801744137776, 351.09029213440226, 1771.0225602662176, 727.4194155126329, 0.005484534632955729, 0.005281014004026474, 0.5255558691334272, 0.08317597628183648, 159.79640908106558, 457.3876678077685, 83.26208860903614, 0.306622352464899, 0.07581852332043582, 0.012420646808323, 0.2511263317932162, 0.132141833971275, 0.3196875557969179, 0.007093882090543957, 0.8612433262536001, 0.3196875557969747, 0.3793667292922578, 0.9134967834926897, 0.050732595041608874, 0.15239841442883062, 0.2515261781896925, 0.0500012381231727, 0.34317885527644876, 0.4558779122031069, 0.0031707664907685285, 0.38368276727965167, 0.32286029712196296, 0.3836827672794243, 0.3900195809113143, 0.0393212096530533, 0.5898982019824075, 0.3932661799073571, 0.6794093782818322, 1.344778808973274, 0.5628209476298593, 5.5694793385196135, 36.36673886297888, 8.993178965916172, 1.9436971720881502, 1.5426605002669476, 0.4606681073021264, 0.417229705903992, 1.3926067620211597, 1.5273889708488468, 1.4105125368754443, 5.8046952783759025, 1.4527949329678904, 1.6084112418596987, 1.9684237884184768, 1.1278689660941836, 5.892419056755216, 2.7407354877421994, 1.3315704322415058, 0.6928064947270514, 1.3863861453442041, 1.4247319238530736, 0.0393786221825394, 0.1089013397280496, 1.0965762759875588, 207.2686846034063, 876.3154914677057, 263.9588036264804, 65.47710904862743, 788.19185577789, 532.2009176306369, 17.4325999256248, 5.496794374127376, 3.6191670700195573, 0.28440917357147555, 1.6036463193988766, 0.5024145664499429, 0.047011628507846126, 6.005378633903661, 0.7185340482393485, 2.671343428706109, 2.7871078652276537, 0.03269019782089799, 3.0430456158026686, 0.032690197820954836, 4.087937646214755, 2.336230020121434, 1.4767132026096306, 2.420587330753733, 2.449273645669791, 1.5233791659779286, 2.7705412635200446, 0.0013110795190414137, 0.06146155665078368, 2.7626303052263665, 3.171785146783691, 5.4362650325615505, 0.8325306103075718, 4.498948770706193, 2.072693407171755, 0.03352745787509548, 1.798149833757975, 2.234237268570098, 121.9552305884256, 346.7436806367625, 47.25751501981813, 0.23151886254458987, 4.809257455053853, 0.003975156972842342, 0.9384910083947489, 0.7633257608073336, 0.36976127996229025, 5.303665122455982, 0.14559108698858836, 1.8100355983484633, 0.2018567744877373, 0.7586045542867623, 1.8943486818552628, 5.197024214024054, 0.03538470087858059, 0.7848387206666985, 5.7966063867693265, 7.9798982312665885, 0.01944858622857737, 0.4638003235420456, 48.04023836905412, 74.31611124677238, 11.281316194645456, 0.1696759909108323, 0.6537440577633333, 0.612532523846312, 0.12257243158182973, 16.870231322410632, 218.75180817705814, 252.60466719294573, 35.81802403370659, 0.30043208830852564, 0.4776017571406328, 2.5129026979194578, 1.350296465232077, 9.482171379521219, 0.032964301089009496, 3.8848139601875573, 0.9406163748407153, 0.3817783847704277, 0.28634032475861204, 0.3495597224521134, 0.23860115867182685, 0.416626691420106, 0.5332434155507144, 0.2620835540171811, 0.0007163522024029589, 0.002867520763061293, 0.5117041553947956, 0.011521011128252212, 1.5061051968328911, 0.02588402308356308, 0.1908316321755592, 0.16286062330846107, 1.8886955060061155, 0.1628606233082337, 0.0027934190576388573, 0.25485858445438225, 0.02521325756913484, 59.3180187563828, 236.19970470841383, 82.30921988892476, 1.1386879887434134, 1.004152443640237, 0.07500103441077499, 0.3730050399144602, 0.46487409876567654, 2.4292754867841495, 0.08758863068101164, 3.6616998134943515, 0.09891518869767424, 0.35576115754099646, 0.003102827939414965, 0.5415677671095409, 0.28722657851096756, 3.6021082085255784, 1.953734019147305, 10.24109807744344, 276.7232691336892, 832.5244878273729, 265.0196302717138, 2.393015754970861, 5.194233315385702, 2.369347944220351, 3.9015724363771938, 1.9471352284974728, 0.4726664754410308, 1.4802626621769264, 0.6350565398045092, 0.529817676037851, 0.43487020581915203, 0.16789672910772424, 1.0426784922671573, 6.260814308790486, 0.0354839499025843, 1.5588493483550678, 0.3821769533647057, 0.9828093132674667, 3.3049711071786305, 2.523691104196814, 5.423226273089824, 3.0932955213377795, 1.1747554802058744, 0.6822108798536988, 2.4892960183303217, 3.7754532955922286, 208.14664772184256, 354.4835553156871, 37.17931855132065, 0.11323273642943832, 1.8695203107645284, 0.1277725805819614, 0.14377178186185802, 0.014031877154366157, 0.009048725383195233, 0.06728909738910716, 0.035942563232538305, 0.7729331618106698, 0.11046012466289312, 0.0023053373614061456, 0.005122879748057585, 0.9907601803622015, 0.06855173664422409, 1.2443445391512569, 0.0005632375202822004, 0.41545957317600823, 0.8772049021530961, 1.1145799804978083, 0.4551215905227082, 0.00059076428925664, 0.6735123312889755, 0.5568753190894427, 1.071504992237351, 0.36086725061761626, 0.22863101699351773, 1.0563100037389859, 0.3018313564199957, 0.3823228098527238, 1.1707037828527405, 0.08329065661638424, 2.5618668588179503, 1.2516413364915024, 0.8986405259572621, 1.4772496892907725, 0.028291039961743536, 30.443228639991048, 139.1383910974174, 59.319261962982296, 0.9849188181869977, 0.08458837418504572, 0.984918818186884, 1.3924662656729652, 3.3234805470932542, 1.662235165847278, 20.331003049480614, 32.636669247954615, 11.056614914634679, 3.0566085033755144, 0.19678210057656997, 0.007189603785377585, 0.27836933506364403, 0.299552532259554, 0.015893311806053134, 0.010971252201670723, 0.15842670780045864, 0.011021772848266664, 0.39697862648336013, 0.07513012255719786, 0.004030918929856853, 0.12823940781208876, 0.19586966052088428, 0.4575759984850265, 6.837191966176533, 6.352358127395178, 1.464927254932718, 1.4066237963291996, 3.302955735667865, 12.507756858428024, 5.560865528142244, 9.51928048259822, 6.809245384312135, 1.8490754749934695, 1.4234815092809185, 3.8508874725649775, 1.4566761571976485, 5.428752952593982, 0.7490929825261219, 0.8212995237241785, 4.226452311270577, 0.7383913062628835, 0.0005606230588455219, 0.14228283100601402, 1.1058506188825277, 0.40263393113389156, 1.008586535032805, 0.6035483820980971, 0.4454923034151079, 0.08191846376382728, 1.241449198408418, 8.211876601322274, 11.793526502606142, 4.565269298277599, 1.0063766514757617, 0.6428641686273977, 0.02176299623806699, 0.053198580381376814, 0.021622603907758275, 0.003982504430837253, 0.37492528975212736, 0.0017708198828358945, 0.5759013099335561, 0.11407163292130917, 0.3988156647228607, 0.37249795402544805, 1.1415499366561335, 0.003938814331036156, 0.5969813034237177, 0.010931161164535297, 1.4619370168783234, 149.32526277450086, 919.7250481983119, 468.6340320101907, 0.09000249857575682, 0.6395015832245576, 5.190347654294726, 11.154574354371107, 2.0498383144626473, 0.8063734077068716, 0.9877987174239706, 0.4358109680316602, 2.516898110003865, 1.1171740369359213, 0.20605693789275392, 3.292461454589727, 3.447924050357642, 0.2196809182519246, 1.3919796392654007, 2.01497952001705, 1.7996441591729422, 3.5078468244060446, 0.7962927214912838, 0.4992440021366633, 0.18574901936915467, 1.1023664931777262, 1.798134352102636, 0.19129466071319712, 0.8767975044993932, 3.7394979560762067, 2.26294035796883, 0.9052597345055915, 0.14350342146491357, 0.7224470334750208, 1.3030397142757693, 0.20441998471642364, 1.8277794295891, 18.43706767300091, 737.5087589630875, 1270.1448566405238, 173.54865673501718, 4.023723631455141, 0.9462445592070026, 1.1078522653039045, 2.533947130970205, 0.12932734008745683, 9.269674449304148, 4.447431926099625, 0.0002541478644388917, 5.166909615731811, 5.103953692879827, 0.7204796701115583, 2.265759695591214, 0.059321804801811595, 0.10489719488441551, 0.04491296520200194, 1.0319128026685576, 0.7040948560431843, 0.9040927610318477, 0.7317659122696796, 0.9358081741471551, 0.0452222783343359, 0.08813907359422046, 0.004302370320601767, 0.060624551505611635, 0.0525526897168902, 0.30713173130607174, 0.032211689662290155, 0.006587566672351386, 0.4295033846354954, 1.475997313826042, 0.032753791208733674, 0.6000647832046297, 0.5394014421857491, 0.7139491369704274, 0.012911634738543398, 0.5336066593778241, 1.1364863128075058, 142.41824426933158, 563.1019049929935, 147.76622639837638, 0.1143351158131054, 0.8144535138535502, 0.15587737055244588, 25.276119674693973, 292.43251530514544, 287.68269011677546, 24.433759707183924, 0.456508106775118, 0.06361875296505559, 0.9988538256121728, 0.007286158141369015, 0.5499562837241001, -0.01123900319510085, 0.49114687786612876, 0.03905010829888056, 0.6173270521501593, 0.10493248172480207, 0.6661940952026839, 0.31000121262968605, 0.8113307411269375, 4.9838263979139015, 0.36203055470059553, 2.0262216710830785, 1.046553112480808, 0.5358665294505727, 0.02306249211312661, 0.22737960193609297, 0.5255968681427703, 282.2477995872629, 985.9720699752254, 416.83088035176456, 23.808439150176355, 0.39199460308418566, 0.17428348553539763, 2.9805911291265375, 66.46375825101563, 147.74429611521737, 35.4265638576328, 0.0006736711976600418, 1.013528455891901, 0.8063085184041938, 0.572568943690726, 0.016019265105114755, 1.4213176232583464, 0.010191735891908138, 0.16814773562202845, 0.8433245381697816, 0.023486477423375618, 0.002670609740562213, 0.2096913285698747, 2.3880952069235946, 0.0025546419147985944, 1.2680227995638234, 32.81676308191061, 27.350653119782237, 0.39982763849695857, 0.02238546336229774, 0.24517935433402727, 0.0041194598193214915, 1.1192759020802896, 0.055016396976725446, 1.905046395168256, 0.08924468800455543, 0.02964768312870092, 11.847880090983836, 108.5440798609144, 97.4666616579375, 5.906351193926298, 1.7286116345010214, 0.09007984256538748, 0.8438155951869248, 0.10033695537947551, 0.09962601336621901, 0.0099320257194222, 0.2869173483426266, 1.4587235634340914, 1.1816717191949238, 3.873720367516057, 0.010613693834670812, 1.3984999008407613, 1.274125374024834, 1.0497456639850498, 1.3931188415331235, 2.418782866633819, 1.1558813091363618, 4.642245314179945, 0.14741606520692585, 3.2863801250470033, 0.3663448385841548, 0.01885694786346903, 0.0011837611854161878, 1.4376244065016408, 3.3120720710222713, 0.4757473459992525, 0.11366839240406534, 112.26974359098199, 762.1795903958734, 321.43466800627334, 0.6656585790962595, 0.27490798135335126, 0.0056909442070036675, 1.041945183850828, 0.09238972528203249, 1.1189550132926342, 1.5170820927511954, 0.021819288985000185, 0.02117462542668136, 0.03367339194272745, 0.226404307206451, 0.033673391942670605, 189.2168976344857, 691.7695956809275, 272.5603210384518, 16.41100745920039, 1.2145492146686365, 4.717404006182846, 0.5519075103742352, 3.3596863340131904, 0.01439665851501104, 0.04179791554622625, 0.17014129033134395, 0.598355199061416, 0.007428958048308232, 0.0027000561595968975, 0.346703051113991, 0.6169877941446202, 0.14571604462639698, 4.145127555881459, 0.1735256098947957, 1.1986392233553715, 1.1809921615619032, 0.8531074214936325, 0.9310512653464684, 1.879736398352975, 0.09735799511418008, 1.5143919947489621, 0.21968934967208043, 0.5098594770870477, 25.265063504216528, 321.04338310197227, 407.4468060453389, 54.0592962161669, 0.0010438348865022817, 0.016302492048794193, 1.8443084118064803, 0.29055377162114837, 0.8858544908311501, 0.5351582974258235, 0.01630249204873735, 0.22950073106949276, 0.02571304108272443, 0.5931096084810292, 0.20569305968371054, 0.6428960328813673, 0.05180959232313853, 3.8463486550602966, 1.0432532184112233, 1.7468288953517117, 0.6829783540728727, 0.20791610300051389, 0.8090170432170112, 1.343131836063094, 1.0611867846673704, 0.5893975228003114, 3.394343540093132, 1.772120300201152, 0.18909897232191497, 1.9489644982948562, 2.682065135278094, 0.1756661861846851, 0.7156178160737454, 0.016473589185011406, 0.009295645956456156, 0.016473589185011406, 0.12393355309666276, 0.17095658587510343, 0.17346098372621555, 22.04113959002882, 160.6433744808735, 102.84548470213315, 7.772878129052174, 0.054550633899452805, 0.0004529602576894831, 0.9699958159453672, 4.011269322336716, 0.030112802106486924, 6.198375995023753, 0.017055442068453885, 0.7600360583369365, 0.9413230473496697, 0.340508822072934, 0.011345460438064947, 2.0570018289971586, 0.2637768934990845, 0.00044373047035151103, 2.7854183461696493, 0.25266659666749547, 1.056671587271012, 0.8969554589410791, 0.14710841903479377, 2.033940808342777, 0.22399787259257664, 0.10771306906099198, 0.0004675322184084507, 1.4501051042034305, 0.0074914667824259595, 1.0612570284673666, 0.0913255694175632, 0.6339078901779658, 0.02950520885451624, 0.3274311595113204, 27.455604970718696, 124.29061354916917, 89.02644025125176, 8.936711984357544, 0.4506672740524209, 0.17194641347089146, 0.004045348039312557, 1.4114808573375512, 2.395511132428851, 0.8123548888490859, 3.303503046332935, 0.02557562103913824, 1.640575298559952, 2.0827040045246576, 0.16497034794110732, 0.01721941786854586, 126.2468010361813, 586.8411576417619, 184.9989451715379, 0.007198554564183723, 0.020194614641980024, 0.18266258920675682, 0.11798211496125077, 0.40540970330556547, 0.44655092000874674, 1.0148649038952726, 1.827183298171633, 0.03964717065264267, 0.08018189252265984, 0.05174125916801131, 0.039385977461790844, 0.07965828358601357, 0.09758148085415996, 0.6805359087611009, 0.11603445464652395, 0.3260958825843545, 0.0031967356306950023, 0.0979050355272193, 0.39457982482934995, 0.05261258679360026, 0.013242247948198838, 0.2641353592532596, 0.029845710548954685, 0.5548258619685953, 0.21045506503344313, 0.0008397339526595715, 0.21045506503344313, 0.36408211737767715, 0.0075188373510854944, 0.4767525132564856, 0.3073841576549512, 0.021212172161824583, 0.19224963569325837, 0.36907351676637745, 1.7167820711901527, 27.191130292752632, 235.50200738154876, 264.05558678913803, 16.335533411919528, 1.8014017718929836, 1.3154650633041456, 8.348100712332553, 5.018269232431749, 0.00717435234162167, 3.136121807508516, 0.787340814307754, 1.6025124379621047, 1.2765836866823292, 16.58066198900326, 1.0953950594612252, 4.1611545647449475, 3.677776547728513, 3.0433741371467704, 1.4729046644619075, 1.6642899265722235, 12.82144108269415, 3.9440167992399893, 1.7436241736811553, 0.612901856494318, 105.95539174635803, 196.98707296494229, 34.53647572966236, 0.04060707711278155, 0.2021379796350402, 0.562965702966153, 0.20213797963481284, 0.7687560693962041, 0.3579800937819755, 3.8093168926484395, 0.03897430005702063, 1.6224531664074675, 0.9944578803821287, 0.4261424432353351, 0.4568812473694379, 0.9032807808229109, 1.1368683772161603e-13, 0.022061682582034337, 0.24328877406821903, 0.2936434422946377, 0.07218797818802614, 36.984070242769576, 115.57256052110245, 27.097687559450947, 1.3283947098688031, 1.532599221734813, 0.005591462149254767, 1.5799848616616146, 0.38584315776631684, 1.612745782447405, 23.765730509932155, 22.36866498880852, 0.05349333189838035, 6.234735829879355, 1.3583145607991582, 2.233394152684127, 4.153329273691838, 18.56454718050577, 145.7792108860341, 84.02068383576011, 5.423989366314004, 0.002368843841736634, 0.08444351566890873, 0.6153031193244942, 10.212571116340541, 0.9264947590095289, 3.2784938697903954, 0.46529203033060185, 0.2639642810680698, 0.9358706182257492, 0.05410642947094857, 0.7535956493890126, 0.046639198739740095, 0.24483269098334404, 0.03363083115709742, 2.7212368652384384, 0.027802331645148115, 1.6146347434419113, 12.535440443949255, 432.4367637335406, 1312.9113850957806, 447.2285453486593, 1.0039528727731977, 1.076083938666784, 0.4506094795436866, 0.5648287746689675, 0.3421203008227849, 0.24360010276342337, 1.89157768548705, 2.245995837267003, 0.5372670345429356, 1.70797502083866, 0.00873499206517181, 1.3182247693989098, 0.008734992065285496, 1.0108381486654707, 0.10965760714617545, 0.2949854391922031, 1.3474597542257243, 2.1274061784546348, 1.2173840212802247, 3.299569146293152, 7.910528743270902, 1.098100423876474, 1.104999405764147, 1.1471158589579318, 262.10507615310394, 1077.1745193997829, 584.9650121853426, 44.431705479084485, 1.4587235634336366, 3.4169748435114116, 2.221228940662286, 0.4246142298391078, 1.3063873567450628, 1.2740614796199452, 0.07823030783106333, 0.7551455063647836, 0.0010768337652962146, 2.781069035599103, 1.5889750131170786, 1.0940973171312862, 1.3124351899413114, 0.0971566817116809, 0.14196167688544392, 0.2429915327669505, 0.10725067879263861, 0.2271276150763697, 0.7403491234653075, 1.3392940710432413, 0.15900750084085757, 0.001115408002078766, 0.13181844629411898, 2.5487452686260212, 1.2389117967987886, 8.292421156497198, 0.1479107454795212, 6.86152466733779, 1.9570770710993202, 0.2922446530919842, 2.003983056028801, 0.7152915565127387, 1.6421063988861988, 15.868978736281178, 11.168509116563655, 0.5893015250823055, 0.03285827519141549, 1.154039420610161, 1.2322632802890894, 0.11890863403971252, 4.166249312695072, 0.9489500606212005, 0.4835693216977006, 4.715069965721227, 0.8775343498534767, 5.030381902775275, 4.233559478199936, 9.655449070593363, 3.410605131648481e-13, 1.2656495409451054, 20.13393813427308, 66.41234765521801, 11.715800981194548, 0.012112854045199128, 2.2737367544323206e-13, 0.13848983725256403, 0.030993332233492765, 0.30070623437893573, 0.03920620858923485, 0.8415869641543168, 0.5801000216853254, 1.0565349665677104, 1.0075350235325686, 0.0822149304932509, 0.15931301172429357, 0.03932503384089614, 0.14217575701468377, 0.004382716444069956, 0.031087311748933644, 0.17723456420571893, 0.2156308288457467, 0.04932151537320806, 0.059465603639296205, 0.03956481652812727, 0.6923478673210184, 13.69285164816074, 25.061197213707487, 3.0123788904476214, 0.07477154850232637, 0.003459724580011425, 0.003456932034282545, 0.2017277486262401, 0.006163069173567237, 0.4694051513292834, 0.001544516879675939, 0.14140086294742105, 0.038488115266659406, 1.2969508481066896, 0.30396456897835833, 3.3829516257104615, 0.014083416941048199, 5.040340189664562, 1.6553007981689234, 0.0954400258019632, 0.13463852173663327, 0.0731285362375047, 0.05436716615599835, 1.064413565980999, 80.38935210252555, 452.3021133367496, 202.85271772313376, 0.38198761823900895, 3.4104824076799787, 3.2584848292309516, 2.998169177229215, 6.053039625077076, 4.7800975496268165, 0.8935326783170012, 6.855377585114184, 4.798356729503098, 0.43339294851762133, 3.2645991736768565, 3.4935678387166718, 3.850115436859369, 3.1423410794909614, 6.938431028649006, 1.3768786974532077, 0.675230737543643, 1.2328746914475914, 4.293058934929832, 2.019281750976802, 0.5129959909390891, 0.010838799730208848, 1.410623701186978, 2.432103209916704, 9.000194455579617, 1.3842860349897137, 6.2840200025744934, 6.30904796240884, 1.9456998410469168, 1.4223776551619949, 3.6951027634709135, 4.734095943567354, 0.536045734858476, 15.604162380985372, 25.546742506651697, 6.073162960955756, 1.2139273669945965, 2.9595288935855706, 0.3958492269657654, 0.6453611504949777, 2.3770448784759424, 1.1168238256444738, 1.4739278291771143, 2.784703992227435, 7.065284282528978, 0.6754112079408969, 6.956431710370111, 4.149147626303886, 0.1720247594405464, 0.4929088591310915, 0.04263362153091066, 0.11086552045742337, 14.978140180720857, 207.42629312060694, 284.8797984091548, 39.52329151615618, 0.13821405721773772, 0.4564282453807209, 0.4780732364663436, 0.046549302384960356, 0.029533596368423787, 0.8391662802786186, 0.6230778241741746, 1.1384217189345236, 0.6230778241742883, 1.00733399807757, 0.7271841562973123, 0.7005920202716425, 1.3632517827076072, 0.5986177815537985, 2.40029023145064, 0.1147118812317558, 0.016376230276136994, 0.0018075703252407038, 0.3529623606813175, 0.17923823590922439, 0.3529623606813175, 1.5348252100760646, 0.16321228967296975, 2.8195704720075128, 0.214669734762424, 0.7459548756910408, 2.223054378794245, 0.9358814885415541, 0.030142347423748106, 0.08034370085238152, 0.1872894668687195, 0.2502547422718635, 0.270225952598139, 39.133941096255285, 442.78564447133, 582.1018021118689, 98.778068388458, 0.5401480210448426, 0.3203515502651726, -0.05256572145526661, 0.0038186258132668627, 0.7990162124726226, 0.014769861407614826, 0.22538562547441643, 0.2218357586084494, 1.6976138037625788, 0.5445487258528487, 1.4666989894401468, 0.2612818980753673, 0.8955242084783208, 0.0023679977680899356, 2.0416701635065237, 0.02739694144617033, 0.012581798803410038, -0.012628739189437965, 0.4413663577900593, 1.0526643697730833, 2.1641992007586737, 0.6947493795927357, 4.501200073664052, 4.091460391952751, 37.79448366464908, 161.65494713315252, 94.91156340639918, 9.017823075336082, 44.03935079721589, 204.25283275332322, 89.86347947189904, 0.16314871145732468, 1.4123009193460803, 1.8580829517406983, 5.905003610538188, 0.2893946056507275, 2.7432183001659496, 9.474032872180032, 140.00541411591644, 429.01942551479306, 133.85406196909776, 0.13439052743319735, 334.3140240491632, 931.0325582331536, 160.81536511578213, 0.2524361393757317, 0.0880982440128264, 0.1996741290358841, 0.02196058936328882, 0.0030893244219214466, 0.2131473834267581, 0.06754836591039748, 1.5079510749642395, 0.08920058008777687, 0.25599264211871287, 0.07842774709342848, 1.3234115955189054, 75.2770014964342, 193.2868073530019, 49.282181507768314, 0.017471445989258427, 0.8085383563890218, 0.03419495907974124, 1.1817400013329689, 3.0775929849812655, 0.2578522013136535, 5.305548695740981, 1.468380567242093, 1.5625152232928485, 1.5658790334209698, 1.5578873108941025, 3.4987716715289707, 4.78829116258612, 0.33725693552071334, 3.693873676102953, 14.10578983379412, 121.67546382146736, 237.67898008812665, 40.606804098120165, 0.25320427440851745, 0.9265672721568308, 1.8354370764258192, 0.32297145743393685, 0.0900342031660557, 0.23455748239780405, 5.535603505383278, 0.046570117848887094, 6.577746531668026, 0.08200412817654978, 0.09033311893711016, 0.10260105579880019, 0.9687151354061143, 2.7490333226774055, 0.3378857804416384, 0.5290616435502216, 1.2155498572476517, 0.15663575025939735, 0.2532042744088585, 0.3756645970305499, 0.1063132810170373, 0.06413447677959994, 0.0029686023109434245, 0.5552630672211762, 0.0013189179486516878, 0.13310085869545674, 39.14696857163199, 292.88680078597713, 236.63160524944624, 17.44891499940013, 0.40974781619013356, 1.0415571806821617, 0.9625619714760205, 1.498821523056904, 2.1850482191346146, 1.9177755314041178, 2.2758973945886964, 1.0434790882084144, 4.409089978201678, 1.1368683772161603e-13, 0.6306469869310831, 0.5151395485112289, 0.8763279796877441, 0.23062723953250952, 4.078011821893597, 0.22402484792803534, 2.4436577559647503, 0.6443284319817622, 0.557437078846533, 1.4291970825740918, 2.7877386736603285, 1.4551528135912122, 36.05030779800347, 118.08651286186318, 50.89870027084112, 7.869654953567988, 0.5986591859461896, 29.65105717946051, 187.6460848665231, 95.20335639878749, 4.992032534578698, 0.0002475099140610837, 0.9898031091566963, 0.7881981023663229, 1.2672159919800379, 0.571103824848592, 2.415319654066707, 2.3508435357825874, 0.4460089204972064, 0.6297051081101017, 1.4850109713194115, 2.340308986616378, 0.0009819171149274553, 1.0744797025793105, 4.034519815129897, 0.12223941077138534, 6.6050829627702115, 0.0022848323408197757, 7.826161993918163, 1.4567495466642413, 2.9472017856792263, 8.332800173840837, 0.45692399684457996, 2.6638907607411966, 0.47855134361464025, 0.8676328557022543, 0.6085625728399009, 4.499040923897269, 1.1052298189931662, 10.181172538262558, 30.06896352818717, 7.082735052551811, 0.4887256754468581, 0.0003268755730232442, 1.9813958718495996, 0.18679427116626357, 0.5020595321645942, 0.002897709234616741, 0.8003113270710855, 0.09260649227121576, 0.5364815444842179, 0.5701106278853558, 0.06312744055878738, 0.7127160664123267, 0.03194593615182839, 0.7751964806615206, 0.5427269754546842, 0.17232211988471136, 0.33907038574443504, 1.4404492412501213, 0.12008113917772789, 2.5985806578336224, 0.5213918777243407, 0.4410862562831426, 0.1544101247409344, 1.4317438317129927, 0.10322540073275377, 3.385554851435586, 38.24973717494265, 18.91755612057375, 1.6450924063741468, 0.08060194839094947, 0.3578874802582277, 0.008927026860078513, 0.7688253798396545, 2.656836129317867, 0.2341737064220979, 0.02634284252553698, 0.9598931566998772, 1.7360749900293513, 0.5922095485819909, 0.39953925445445293, 3.4531526115946463, 0.815056418641575, 2.360548081914203, 0.7262302452570566, 0.11294426684378323, 0.6214346011980751, 3.727922891237995, 7.836545419666095, 2.9207715364667592, 1.5350508155113403, 0.21285584308122907, 0.007354443407962208, 0.07500402022765229, 0.11675637592679777, 0.018611400983445492, 0.049222141037830625, 0.31916395334474146, 0.21499722663520515, 0.0002960336851174361, 0.03586538718298016, 0.24663330155101448, 0.281122124208423, 0.0072543230088513155, 0.004629867386256592, 0.018588338689141892, 0.06532955206205315, 0.05682127865338771, 0.3823409195891827, 2.141794325724163, 0.004768114401940693, 0.4120336592135345, 0.007428958048194545, 0.0958247283149376, 0.49236414046970367, 0.1183768832147507, 11.2163368251571, 8.347432597772013, 0.4429016974750084, 0.8158157866732836, 0.396041786012006, 0.3751477790850686, 3.882961435980178, 2.7513180842046268, 3.8120224324238734, 0.9499894914647484, 13.950185533046124, 47.51769869740485, 19.326447149912156, 0.009003999186575129, 0.31949886560425966, 1.1046440033913996, 1.0976524702286952, 1.2773728576188432, 0.24808830684787608, 0.9496960869952318, 3.9480464877204895, 2.6501858485331695, 2.2514305714825014, 0.940070350213773, 0.00024830457982716325, 0.5324025146388749, 0.48632159886176396, 1.0256087335790198, 0.036727891630562226, 0.14268079834744185, 0.29307778363909165, 2.1637507123626847, 0.6196187983963455, 5.662543419889403, 0.07036610857312553, 0.05461107447206359, 2.6430728100818897, 2.1137315776036303, 0.3471747341310447, 6.590446583230687, 3.3880762330195466, 3.727739249088131, 9.645931716487667, 2.522922314248035, 0.0378908628327963, 83.22432417600885, 757.6144257023768, 976.0830851308847, 195.102679131905, 1.2389526884217616, 0.15563557246036908, 0.26900073620089415, 0.5671426727253106, 1.8560602340484138, 0.4097663983072266, 2.7347253885822056, -0.014664113139758683, 1.3484764970513652, 0.24695637142252735, 0.012350602459378024, 1.4740382445534124, 2.620027793544409, 0.9619513065027832, 1.899358295252398, 0.7625653191491892, -0.00948277534052977, 1.470196897724918, 0.10401206788088757, 0.3807472147898352, 0.27995605355425823, 0.5336074406050102, 1.6670007206960236, 0.48458317083623115, 1.6244165661227612, 0.5674179304886025, 0.05692000291469412, 2.189081129307283, 0.26135767762667683, 1.438595660483145, 0.17319850653717594, 0.08671231890963327, 18.641871287340678, 807.7468954044, 1485.1321114667085, 211.3651288218755, 1.9186939757209984, 0.7024425805323062, 0.4634688365152897, 0.00594629919783074, 1.5941015974511856, 0.028735791392023202, 2.629384667901604, 1.508565866180902, 16.276733639456552, 234.95536640779108, 462.40684292118726, 129.48815489230856, 1.2776928709917001, 1.0566594157636473, 0.629708696758712, 0.8900963846278955, 0.1404689389964915, 0.09537445036880854, 6.876594926491634, 0.15143243256795813, 0.08823803228472116, 0.5062595394214213, 0.07408892528383149, 0.011782431838241791, 2.1030282674962564, 2.419818507814398, 0.9656823996061803, 2.5147533692135084, 1.9049383192070763, 3.51508523164091, 1.666576350156106, 1.0969435177838704, 2.9152379846572103, 0.09326392007267259, 1.1706680366049795, 2.50710846911511, 1.3133385711290657, 0.7349854736199859, 3.709477509707426, 2.0667495567828382, 6.385535584854551, 25.585756321605345, 20.96901216837341, 1.2632336818675185, 4.432428136869248, 4.252187635128507, 1.528145430971108, 1.8204340326940383, 0.5339990875443164, 1.0852644449634, 0.005449903885278218, 0.005699163004578622, 2.347697347892222, 0.6763958060448658, 0.14630085679095828, 4.100096273851705, 0.6860664082973926, 4.100096273851705, 0.022117638897270808, 0.24638234099677447, 2.707317829799422, 2.5193727726750694, 1.4295195375970025, 2.1802967252093595, 0.8761418685780882, 0.12452324866296749, 0.010020604336546057, 0.06454629913025656, 8.033739359900892, 0.12856356963834514, 12.907412806995922, 2.5056694242396134, 2.0734714854813774, 2.9804775762511326, 18.965864418843466, 106.53300508302823, 120.32200439997109, 12.316812190771657, 0.35100899180065426, 2.0307975504152296, 2.651867570621789, 0.1711391919043308, 1.088135794211837, 3.395848303742582, 0.20854661895123172, 11.43892960940218, 268.020595176323, 507.10418380536726, 81.87788169708881, 0.001590950110085032, 0.08886106857346476, 0.0035721852028700596, 1.0846155504341368, 0.7818029685372494, 4.009931896422813, 3.3899573218614023, 118.5148475624161, 256.9548232921263, 503.4969999124204, 178.32694588112827, 2.115710738819587, 0.6212007867430316, 3.063644602048953, 0.767613219780344, 1.1783046612827093, 1.0041169100863385, 0.6388378805457933, 1.6754765660322164, 1.3201426296589602, 0.33710685820977915, 1.428767942985644, 0.8744739751508632, 9.27150154201638, 6.817846296750929, 0.3700125110758563, 8.339800033828396, 2.5830647186451188, 3.229973561836289, 0.17704446528887274, 2.2509302545253718, 3.9255587583618308, 7.7934235663034315, 1.2374219012472167, 0.9049128901118593, 1.6410580273634423, 0.7325395358753326, 0.25249033450057823, 1.6067235722231317, 0.3175385011474532, 4.070603463609132, 0.5771820117550988, 2.3920359698221887, 7.503106990171375, 685.5142077742032, 1246.805845584082, 144.2383734369564, 0.004576163684077983, 1.455222069803085, 1.4526066197872751, 0.24948191760722693, 0.006866827124099473, 0.047451466909251394, 0.21745507468267533, 0.06313718401372626, 0.4644667372897402, 3.94795276154548, 0.72712677574998, 6.202753577716976, 5.567903094216376, 6.202753577716976, 9.33374793379835, 10.480827774377758, 8.133157090743452, 9.16448627333682, 8.78703251264983, 0.8664436792076913, 8.489046499185292, 0.10906798113319383, 0.6482943154469467, 0.22871572524786643, 3.731922949468867, 0.11820996027404362, 0.1502905526081122, 0.0520142891263049, 1.6342250086189551, 0.01297768451797765, 4.473144255849888, 74.63248724460402, 542.9821887951884, 220.74089719034112, 0.8251508675180048, 0.6391727279012684, 0.047129940317631736, 3.5102329137685047, 0.0007414462561428081, 1.533017469446122, 0.0890381939772169, 0.23968858383284442, 0.39284289559009267, 0.18909509779649625, 0.02733702591342535, 0.0029954229521536035, 1.364939355989236, 0.10701408318914218, 0.058282341972699214, 0.03589381077654252, 3.4236412748388148, 4.710925501069369, 0.012828982979897319, 0.0008255402503323239, 0.2342320636457771, 1.1368683772161603e-13, 0.02974471540272816, 0.02056901374470499, 0.1845036040102741, 0.32232719255995335, 0.012913853387601648, 1.7053025658242404e-13, 0.20326491047052286, 0.15715818657906766, 0.4224468160704191, 0.039516147642189026, 0.007306323802083625, 0.0008011519830688485, 0.0394509564486043, 0.012766050233267379, 0.007222230878880964, 0.549284633017237, 101.63229014505225, 358.80008642014366, 72.94093380601578, 0.24266338376764907, 0.957533750317566, 0.8426565949894211, 0.06347420611905363, 0.00031848744163198717, 0.0029317269172679516, 0.309416512824896, 1.112485031218398, 0.5279525524648534, 1.1899982685574741, 1.7858308693572553, 0.8991700934976734, 3.1584970813015616, 0.4576416742819447, 2.4424479555430025, 0.3769627213523563, 0.08250861213718963, 0.0051497257168193755, 0.3147873077996337, 1.22146791603177, 0.03299605469840117, 0.22462524416300766, 0.44442570320143204, 0.715653391351907, 2.272609552082372, 1.0191427578777166, 3.2154559738473836, 0.07416356835426541, 1.3274916684991922, 0.7741365074878104, 0.8141267138747708, 1.780906977412542, 0.3968578162483709, 3.6146928474763627, 6.216405485497148, 2.284162867897521, 0.705904732130648, 0.6390353643265598, 0.07449203415342254, 0.6119419037299849, 0.37479522765715956, 0.6659020094344896, 0.2550752589244212, 0.0818819683242964, 0.14960965609941468, 0.11343462729155362, 0.004562231426461949, 0.05616104703426572, 0.04843937320879377, 0.13834543668906463, 0.20805893677038512, 0.1128873960758483, 0.8121976598894207, 0.20286177950390538, 0.248891439037493, 0.10021778355144306, 0.3862461311923653, 18.095224665834053, 58.77460789590543, 17.79103110870892, 0.07555911537872362, 1.1368683772161603e-13, 0.5804953793787035, 0.23910347731612092, 0.522063049268013, 0.746373691285271, 0.018912683662165364, 0.9999292532753543, 1.265157751747438, 0.018507241502675242, 1.7984415444842625, 0.30029487218041595, 0.01908287835885858, 0.003490737669153532, 0.34724292471082663, 0.7385934114178099, 0.0003810272168038864, 2.1731857899869738, 1.4528407045403355, 0.5371249204617925, 0.4045933279669498, 1.1368683772161603e-13, 0.4445755295619165, 1.1368683772161603e-13, 0.18523552340366223, 0.6702833026012058, 0.39033859191533793, 0.9149035598837827, 2.487799738094054, 0.1864351662363788, 8.287647042676781, 0.5717757963165013, 2.478016351246879, 0.09536519969401525, 0.0034292453955231395, 12.78420461048404, 120.92178597655675, 177.3304434118844, 28.941092641756086, 0.003450856510369249, 0.05435061467238711, 0.021510959038153032, 0.02117540021544073, 0.610122369822875, 0.007676354879151859, 1.286319278093174, 0.10249015475960732, 0.3106315767469141, 0.307920723146367, 0.31063157674697095, 0.013926333317044737, 0.22086195249545426, 0.14593055602364302, 0.0008514412740510124, 0.021249070958333505, 0.007689776162180806, 0.21969852260423295, 0.013754890644293027, 0.013976096006956595, 0.25313067998189354, 0.10713099015305261, 0.0008902000699890777, 0.5040772038825594, 0.9992090734481849, 0.013658784784979616, 0.21778617816278256, 0.05406868240783069, 0.7564937601762836, 0.3985733218164569, 0.04038342714994769, 0.5160005741575446, 0.4089155673505047, 14.574632068816754, 220.6951198451136, 231.1790611029353, 24.6526785987528, 1.080793010645266, 0.3239990494656695, 2.4275483930625796, 0.04930414291118268, 2.484128806539161, 3.652644681772017, 1.265880251776366, 0.21407024822963194, 1.9504173808658152, 3.943826706149707, 6.787334483029781, 19.726169399766377, 14.0632191708969, 0.0036543183543926716, 5.1866195513680395, 0.5479530927450469, 2.8996553368951936, 2.951822175389566, 0.2781539278443006, 3.5216920089332007, 1.882099304208623, 0.39572819392287784, 0.6895536961194466, 2.2126881669113345, 0.31551857339684375, 0.728999532845819, 0.21757304664538424, 0.010545484075692002, 0.7827531489837156, 0.5694494911319907, 1.8805299973015508, 1.3634080874201118, 1.9962439287126017, 0.548880270338941, 1.6166740635463839, 0.9407735982093755, 1.2098218946980523, 0.010022890414688845, 4.863068567863365, 103.22615634199553, 332.1207333081701, 76.33986172382436, 0.056557877905049736, 2.1102714582203816, 0.422666225421267, 0.07760604889432443, 0.30079713156140997, 1.2813461141322477, 0.0011515257265841683, 0.2951534216140317, 0.6817326978004417, 0.07592149828832362, 0.7981867653073209, 0.5646761493084114, 0.09177008698651434, 1.7053025658242404e-13, 2.8532905424146975, 2.657116757653853, 1.2419963124518176, 0.8985281458627128, 1.4436666092740325, 1.4057689091054613, 1.4709697269043431, 2.2003727789020218, 0.030578347044809107, 0.44268991504725363, 0.8059280735556058, 0.6704344346513267, 0.870180811300429, 3.128941192095624, 0.05993392773797268, 3.4953193552561856, 0.5714566835594042, 0.4147629147127532, 0.19738972150133804, 186.84846584949696, 549.4971425325862, 98.14652842937494, 1.2654270498086362, 0.016967336273751243, 2.0280771440295666, 1.3825259232381768, 5.845170279008812, 4.34033324590655, 6.507354242756605, 0.972907753068057, 0.014244932187580162, 0.04250826894076454, 1.3298299687240842, 0.217872030585454, 0.2879426549902746, 1.4447538259873909, 0.06644015570088868, 2.349628648135308, 1.0783641771932935, 0.051357044602127644, 2.2737367544323206e-13, 0.36657829747025517, 1.8582815937223813, 0.2017110732041374, 1.252407355279729, 0.9269463460815359, 0.34604007802931847, 1.3719907280662937, 0.023918400962429587, 0.10878925861004518, 1.1923259709906233, 0.007500158152993208, 0.030556648305378076, 0.004813936537743757, 0.5300728296542729, 0.03658116045642146, 0.7231147174431953, 0.6805484128099124, 0.0, 1.2164312554353955, 0.909306625838326, 0.8927291638805173, 0.8762595505222635, 5.518625119161811, 0.12310713223689618, 0.4996282316520819, 37.194924162554344, 200.36037551180289, 94.90504988213559, 1.7658224125883635, 2.5088817812290927, 0.2627796713636599, 1.0327608575154272, 0.26277967136388725, 0.029305254110226997, 0.0, 0.5460458203546068, 0.029708923705811685, 0.08972251486238747, 0.0, 2.6237163544644773, 0.049049360774688466, 6.943540869319804, 1.4914325037326535, 3.0978684551226934, 0.03127387363122125, 0.1765508313128521, 1.3616755110274426, 0.22025905235182108, 0.0053959167927359886, 0.13440036760403018, 0.2614918520145011, 8.333713560324895, 82.12980065490149, 102.13857944596305, 10.604995630409121, 0.9205418466623314, 0.6388801544939042, 0.050175202916875605, 1.583361568497594, 1.8162504490875335, 0.005339034671692389, 0.1619648479332909, 1.7230489479601374, 1.845496024272279, 54.86082731660906, 278.38337571529394, 108.99983514789017, 0.019833449490761268, 0.814076734559535, 4.142102961291357, 0.042385446704656715, 3.6947886056207153, 16.272065072855412, 66.18557869255744, 91.44571157938356, 27.990017117096045, 0.2662267602220254, 0.0066118878320367, 1.8370068253317413, 0.0037207963272294364, 4.767968992286683, 3.7215979650334248, 0.8235634169484456, 0.02192564624795068, 0.6446618592043478, 1.666523331088115, 0.7592045539029186, 4.058749326864586, 0.1880160089075389, 7.774202868393218, 0.19160285328018745, 4.6190304285906905, 0.015748071853636247, 0.5395923459411733, 0.3219957641193787, 0.00043367962041429564, 2.1224917118207713, 1.571161383877552, 0.3332142511260372, 11.756815940623937, 4.058602834452699, 0.04756406416561276, 0.23021361420285302, 0.3496945345300446, 0.12409937800828175, 0.05850846152804934, 0.49243855656538926, 0.09359672063328617, 1.021911408884307, 73.8878437879763, 168.07125449471073, 34.44414631295467, 0.29224465309164316, 0.0010669798449498558, 0.09648858214166012, 0.08682304940271024, 0.10688198037166785, 0.0217619526067665, 0.0023931741360456726, 0.30678200136947, 0.0023931741362730463, 13.443442767661622, 79.09911281238408, 150.19457985285146, 144.64937251069068, 37.372474810733024, 2.4242246734054334, 0.5786295482717492, 28.426823426461397, 245.03538784614636, 249.75234840771714, 35.0138939853166, 0.2650551089801638, 1.3705578997872863, 0.9030698044897463, 0.8498986226297802, 0.034096884469249744, 0.0011061702041388344, 0.174232116770213, 0.21515620570278315, 0.013586769016455946, 0.5585271844070121, 0.00027794030529548763, 0.8597057723829948, 1.3913529559821427, 0.02334502368523772, 0.7366281324894999, 199.63694911143125, 837.8853988699204, 279.08281705286174, 0.1666276416231085, 0.005562531793202652, 0.4650431717849983, 0.6927165499188845, 1.1093200796301517, 1.5344316581443422, 0.08800906084343296, 0.5532036451533031, 0.0055782676421927135, 0.4999613921123114, 0.441883719423231, 0.021699194920302034, 0.2658301321911267, 0.04950465027388873, 0.03433021688357485, 0.4876275187162946, 0.5308527925894282, 0.25327740752965155, 0.42882560064060726, 1.1881933412902868, 0.034139971005743064, 0.5659055618348816, 0.6867360880328306, 0.02316483752787235, 0.6867360880328306, 0.31693877137007576, 0.3160357861636953, 0.8220301056973653, 0.03614212884923518, 0.6927165499188845, 32.43282405190712, 86.98843199655357, 20.869414363322107, 0.2411537963075716, 0.0266313368892952, 0.4677035603083368, 0.08985280872377643, 0.7622163411772362, 1.6759561944421648, 2.874031692774338, 0.011833161982394813, 2.9379206947974126, 6.098944630279902, 9.168092311995338, 0.06675652816045385, 0.0034326795856713943, 2.0812026279109546, 1.5692623148017901, 0.02254221747233487, 1.5692623148015628, 0.12784227861448016, 0.03100311371179032, 0.10732528259404717, 2.359191065251082, 0.0035902020783851185, 1.0650927842556825, 0.04377943588082189, 0.19813713369336483, 0.007968300094717051, 0.19813713369336483, 0.5832450426119067, 0.2845525600772021, 2.780202401455597, 1.7413202763603977, 0.44256241336449875, 0.6659880458391285, 0.022295649841225895, 0.4228029324960403, 0.08959186822340826, 1.9742350902590715, 0.35512978794264427, 1.9742350902590147, 0.6513917097557282, 0.8463489806043185, 0.8555943689849528, 0.42971194621225095, 0.1057901877439349, 0.2260475582672825, 0.22282831877839726, 0.547452269442374, 71.06088607108722, 293.5324238550669, 97.98412267937726, 1.0930707500433527, 0.10148305535881263, 1.372463069406649, 0.5778761725072172, 1.7483053191380122, 7.19855169236439, 0.7008818393137517, 1.282264210597873, 1.253085019883315, 0.11587684816106503, 1.720437293773557, 2.52608867777019, 0.7648788766480266, 0.5672884822630522, 2.4435328281109605, 0.003309831794126694, 0.3741311565001979, 0.005881868689584735, 0.4470550065926773, 1.9025201779340932, 1.7189123886237212, 0.058434661268165655, 0.8357208301722494, 2.6902100391248496, 1.7323116408048236, 0.0033098317938993205, 0.27534723587768895, 0.2514320922271054, 2.1960675074446954, 0.2710392254581393, 0.5550820410003325, 0.13379823943773772, 0.36039980385385206, 1.228203086368012, 31.145217469390786, 37.89138433870062, 0.39118985861114197, 3.8767236669531258, 0.4037506336530896, 2.39290035347301, 0.3207672697100179, 2.3929003534725553, 1.467417651778078, 1.0735699259371358, 2.7614023629347457, 0.26091687403243213, 0.5020790426402755, 4.516831694484949, 1.2716762361004612, 0.030958903183432085, 71.85396437332781, 350.8105661994458, 152.87066069480932, 6.408463500902599, 0.03919230354313186, 1.4865167656122367, 0.0953744503691496, 0.2760743016234528, 0.11143247096174491, 1.1368683772161603e-13, 0.863119930659991, 0.09040410902946405, 1.1400540561094203, 1.9258891307654267, 0.027946513445840537, 0.007234126838056909, 0.45810764395935166, 0.3170903005368473, 2.4313662440554253, 0.5981807037069302, 0.5523219389478982, 0.16993276922130462, 0.0030903965931656785, 10.72106521650926, 195.1552007417606, 266.00251618831976, 17.839376193352223, 2.657555144948901, 0.14465424362094836, 0.001323538691167414, 0.5283217462833818, 0.48391224248371145, 0.5820695789107049, 0.6185440277744192, 1.6329338675728877, 0.05543409753818196, 0.4866727454462989, 0.40491803895542944, 0.4023827232945223, 0.22831764222109996, 3.0933373462686404, 0.10974311980533002, 0.7229575726228177, 0.12231941661059409, 0.26087969836476077, 2.6768458840901985, 0.01610614360379259, 0.9163392633180365, 0.31854420700165065, 1.1332204267173438, 0.7908895356458743, 2.206605344146624, 0.27509735449621076, 0.15007160193067648, 1.5652292516510897, 0.021881244168753256, 0.885793705222909, 0.06648287769348826, 0.09722633899741595, 0.6946239718270135, 4.424104854739085, 0.07889222762162262, 5.063821473863754, 0.017231922047812986, 13.762026860657784, 15.00830522694514, 2.924269939407395, 0.30322897349014966, 0.5655082548649943, 1.198895163249972, 0.14558880001868602, 0.07828359746110891, 0.3406143206776733, 1.6186320121800009, 0.04118181132457721, 0.9070251248053864, 1.1358127605079744, 0.025669420814210753, 0.19315230789618454, 0.3403253446110739, 1.805013008465835, 0.8460208334979598, 0.09533068304517656, 0.04280530702453689, 0.22493276593354494, 1.4098139580290763, 4.193194717403458, 0.6428455282605228, 0.7413319153986322, 0.610846269390322, 0.3872439281295783, 0.36281605202646006, 0.01943240153593706, 0.5237894200762412, 22.94969720514166, 101.31756023016112, 76.45871736103322, 2.5680244472890763, 0.04905789890131018, 2.906500557242339, 0.07775351191469326, 0.22633611968410605, 0.7349682332098837, 0.01939184187108367, 2.103028267496711, 0.4045589783943342, 4.968105391050699, 1.3971867962386568, 1.4601748826615903, 2.2735909637599434, 2.613678949355972, 11.646685719955599, 0.11433511581333278, 9.724416931670817, 1.8510679577879046, 3.1116088469641454, 12.45251562671126, 86.71243574460186, 23.317654113078788, 1.3502625785146165, 0.3496945345300446, 0.4870740583089628, 0.007557817071869977, 0.9570831415073826, 0.22573995586668616, 0.3415060161963197, 1.230559721542761, 0.6986229919020843, 0.031181851804888083, 0.5281918312009566, 0.004396077437718304, 0.8595111639058359, 0.0019528194973190693, 1.3611577602035823, 1.2875420897605636, 3.4261631643986448, 26.514701497556985, 24.43207752983085, 0.005950957514073707, 0.5748495027611398, 2.029601806931396, 1.4584380771826773, 18.15232611733893, 181.18140954974353, 149.5077327108013, 7.731804974221404, 0.003046932771894717, 1.5729585559348607, 4.3903609479598344, 0.02654398255833712, 2.8370215004150623, 1.9960904629006109, 2.424476852283533, 0.9458037887500268, 0.5165813595264126, 3.785569071721625, 1.4322842608606834, 2.6771392774556944, 2.9011918086124524, 4.331077179342401, 1.7275997061522048, 7.721730559170169, 1.0571106016542444, 0.18516203721594593, 2.0008161103495468, 1.8250813544012772, 0.8612433262532022, 46.87520515688141, 183.90112399352768, 50.50282400779531, 0.24887604278274011, 1.3606131545606104, 0.5841174258449087, 0.2616407659992319, 0.1925256703113405, 0.03705052414341026, 0.0023319650702546824, 0.05802744553921002, 0.3273745447353349, 1.1787014857462168, 0.3219670954466096, 1.8271525391891714, 0.0889713555917524, 1.0692561867299446, 1.0916474794682358, 1.0244495970482035, 72.66274021404445, 424.1774527638604, 248.52402330432142, 22.29692184245266, 1.0363600877492445, 0.37703065656501167, 0.42882331423459163, 0.0640458680879874, 0.00045296025780316995, 2.063206852825033, 8.803178460537879, 0.05108539294030834, 4.872413527805406, 1.2676061059009953, 0.2343035330151224, 0.021762996237839616, 0.01116568490579084, 0.0357106131477849, 0.40671655828100484, 0.06357348558674403, 1.6574807946302599, 0.2528983633945927, 0.7497557498978722, 8.571409931460835, 15.509733807266684, 5.185519324472807, 1.6463614963012105, 1.578790249517624, 0.5202254881498902, 1.5321393286589, 0.8517020755077738, 0.25243613937550435, 0.5431228626825941, 0.0003427608490937928, 49.084598693531916, 231.0164050667238, 79.83728742773474, 0.17827055112979906, 1.736277390279156, 2.0497170277885743, 1.6663165831452034, 10.230593415650446, 0.0007195299014028933, 2.3347614578874527, 0.0, 0.017908845876831947, 0.10277775509769072, 0.5523055838400523, 1.1368683772161603e-13, 1.195564807338883, 2.398742638095655, 0.46698615169157165, 1.4433978955901239, 3.3458171861049095, 0.5539101852269823, 0.7677456030146459, 0.5946165191669479, 0.23091487597628202, 0.7224401216767546, 0.25049459587648926, 0.5124437959665329, 1.3055242841961672, 0.10415258654256832, 0.18434015986565555, 0.07243553572902783, 0.9473264393270711, 0.006485362430680652, 11.894827649558124, 21.782009784336537, 17.385540020586745, 20.88745090060172, 0.6465332352161113, 9.184394356372081, 2.798046269052975, 1.524613144250111, 1.6943936136094635, 2.2509039931147754, 0.13482758754742008, 0.18283226215010018, 1.820651157501743, 0.050406776255954355, 0.41845491430240145, 1.3848924587823603, 0.004553281681751287, 10.424653024520353, 0.4327711935661682, 8.792489389176126, 4.125975671077413, 0.06952502401486527, 1.1226522953389804, 3.798651489217491, 3.421011480432867, 1.639049920261641, 0.2205416358212915, 1.6390499202613, 3.412734927274755, 0.6947422717518066, 7.065171525788514, 0.19535605798773759, 12.615371246940185, 4.591940982350252, 1.108365719301787, 0.7129751929981012, 0.07453666849653473, 1.1404604988306346, 19.191865964124304, 79.96877713921504, 23.509885361243164, 0.07063075052860768, 0.3182824075674944, 0.09218250857065868, 0.28338798349057015, 0.20804388641090554, 0.1175609437618732, 0.4159546301672208, 0.34228144190228704, 1.5384454574940492, 11.000067849810762, 4.463810935047604, 2.0357669945400403, 6.51128586469531, 22.134971181757805, 148.1682719197688, 37.87254278511841, 0.1738175603087484, 0.1225724315820571, 0.10021778355087463, 1.7202735380539025, 1.129377962629178, 6.64029329947607, 9.592791800260784, 0.8418439004282163, 4.997825864160291, 2.119075260714567, 0.8649560297791368, 0.09363962075178733, 0.08360152188254233, 1.9520414446444647, 1.7099395200435765, 0.4703040536661547, 1.6658717514454793, 0.2201979353923207, 3.188346301036404, 0.12206435713221708, 0.33392697729414067, 1.677849663821462, 0.9109137907282729, 4.980813424819189, 74.92947163610108, 243.23599255446823, 126.63889884011382, 7.5771127458624505, 0.08926347353667552, 1.1896550239905537, 2.1834763084236783, 0.5840585523553727, 0.44827471290614085, 0.6654248295461684, 0.0530945317266287, 0.010653157342403574, 0.016431508383220716, 0.37834150878018136, 0.469003984668916, 0.10829134978996535, 0.1408257916572211, 0.09077255430599962, 3.663891686899433, 1.1896550239905537, 1.3457309274757563, 0.04215038580912278, 0.0058129951397631885, 0.06594962408678384, 0.411363260946473, 0.12891195366012198, 0.23856897049370218, 0.2641633470167335, 0.7266352076658222, 0.04261278757326181, 0.9602366450807267, 0.1310419762098718, 0.5951997941969012, 0.06704222271116578, 0.9998055851496019, 1.0369926658238455, 0.37479098224741847, 2.332664682848076, 142.53126284083908, 233.08159067146062, 50.05757393635463, 1.7984082534402432, 1.4465720156783846, 0.21206345504663204, 0.5253660897582222, 0.07547542070801683, 0.6130768648095, 3.782082973596289, 1.5710117240278123, 0.44724030508882606, 0.31893340686963256, 0.23585338402403977, 1.736003497743127, 3.4783515735769015, 1.506681067165573, 0.04299498949478675, 2.100312665632714, 2.41219011221483, 1.2750286165721718, 0.08143821361761638, 1.0549579585054971, 0.5251582501493886, 2.1292714791071603, 0.3102384591603595, 5.6861348539907794, 0.83608472172034, 2.617554838855881, 2.4508123517638296, 0.7500185769198424, 2.7255887836425927, 3.167689493571629, 2.7255887836422517, 0.6610086640002919, 1.5852102176978633, 0.02283892842797286, 0.010397943592579395, 45.94153288117923, 124.46653456976355, 28.932856635531152, 0.630862709137773, 0.671555063131791, 0.03783336480125854, 0.29249966073405176, 0.07810016962207555, 0.22617963427342147, 5.126951839087269, 2.539146537023953, 0.7591797441962171, 0.2656829314701099, 2.935456772698899, 3.328828916746147, 3.5576764927387785, 4.490794090343229, 1.6074391740386318, 0.3229965728357911, 0.22476874231767852, 1.8264088335520228, 3.7214899008548628, 7.678599453758466, 0.027186583053776303, 2.424309753705643, 2.4791892330962355, 0.11804915992036058, 0.5864150435825195, 1.4568384796970122, 2.2073456315808926, 1.4017660744567593, 3.6419463723599392, 0.41473267657079305, 100.74226302248462, 253.17201814900523, 80.78092868534577, 11.594725043573703, 263.1335100590002, 29.187849568229808, 182.39302538957577, 109.29643856166513, 2.80233795528693, 0.13791124344982109, 1.8381192191919808, 2.0094195095915666, 24.97983441254587, 20.89739385737596, 0.682335899444638, 0.5597491742709053, 1.271904797238335, 0.5332313975053466, 0.7730793496122033, 0.4117953900271232, 0.24595617574652806, 0.031288188417761376, 7.97796661783093, 181.97793554623559, 444.07903963523177, 149.63486975919034, 4.098314713338937, 0.5793507718443607, 5.468941628092296, 2.3387909769596718, 2.268146181109273, 5.5563031932522335, 0.038604608773653126, 2.775422134499422, 1.882615545278611, 0.2545044145761608, 0.048078217966804004, 0.047601680073967145, 0.048761464758342754, 2.1390225975877115, 0.6428960328813673, 0.004233878531749724, 0.03777921655358796, 0.29977112359182456, 0.06617269500100065, 0.08331109990530194, 0.7692426602151272, 0.27039813474863195, 0.4252544309767359, 0.7064730744147028, 0.1734609837261587, 129.91432632068404, 503.1471973829432, 193.6714647179972, 9.446505138491489, 0.1887110208768945, 0.3864706470266128, 0.3084922718862799, 0.09830101986199224, 0.32817988372084983, 0.17442029215067123, 0.1740837388847467, 0.019182037622044845, 0.10761534244511495, 0.010783009330452842, 0.06698805456653645, 0.18607913966764045, 0.21622021987286644, 0.05815115613745547, 0.23260683357148082, 0.06673409274651476, 0.18858982370829835, 2.4610259298929122, 0.09913276889506051, 0.020077795428733225, 0.12230670643918984, 3.73771882164192, 0.09785874460806099, 0.04200597778492465, 0.7987460647392481, 0.24663330155067342, 0.0, 0.11763491368549239, 0.004655734658854271, 0.32157480180978837, 0.7103561033698043, 0.06681853873476484, 0.0027017820237915657, 0.3453795613086186, 33.58870269691897, 133.23173609222408, 27.196406509374242, 0.5520510475290621, 0.22975844182178662, 0.016955051688341882, 0.09341096168657259, 0.6586870234649496, 0.9366770683852792, 0.15738122399432086, 0.9366770683852792, 0.0236696198600157, 2.0020664130669275, 0.03944456770000215, 2.5930064114905917, 0.1937110286130519, 1.4584831293516345, 0.3812163237311097, 1.6750095557508757, 0.6626687243057177, 1.3996017696269973, 0.6270151281975131, 0.012298802052214342, 2.1387051370727477, 1.0586434015284567, 21.133656263427042, 132.32797237270302, 163.7733546891069, 31.89002855063177, 0.3622794444349893, 1.1668542138238536, 1.9883287544787436, 1.6139245660865527, 0.11063667942471511, 0.46713338158872375, 4.2207047926849555, 2.6555362738270105, 6.136496686516807, 6.534859518289977, 0.3780776006541373, 12.162702501776721, 6.621063588078641, 0.18131943895139102, 41.1234348569925, 395.9792851451873, 427.6832443906957, 39.905087516158346, 0.3922764004448709, 0.25372547715551264, 1.722725757107355, 2.0559415543368686, 0.7405526226776828, 3.400323311208467, 2.704324973980988, 0.7704486981299397, 2.036495549270512, 1.5612571477215624, 1.3511932108281144, 0.8563127699202369, 2.854152252942754, 0.6335130416279071, 4.535812336633853, 2.1718593586994075, 5.348585919859715, 0.0012556973751998157, 42.83352324880775, 37.321936443928166, 0.19407032579931638, 1.6907021540079086, 1.8052167304600744, 0.5746152203737438, 2.2728584664770324, 2.0378855253228494, 1.729965278846862, 2.622751532739926, 0.020929152502276338, 0.2976221144899682, 0.03143911074289463, 0.044083086035016095, 0.012795804730217242, 0.08525463855062299, 0.13931501905460664, -1.1368683772161603e-13, 0.0042364055898360675, 0.10519332306330398, 1.1651279881892833, 0.3736323928397951, 0.2918039333441129, 0.020687798039944028, 0.3458533421355696, 0.0429041569891524, 0.9341155654340128, 0.9258538370486349, 0.0859340201187706, 0.17807893693588994, 1.7941091792046109, 0.15182154948138304, 1.3839378716425017, 0.17828054773747226, 0.5935002676613976, 15.049948031795793, 144.52693531315856, 192.28899044193145, 24.229111148662582, 3.225327255012303, 0.01993235189331699, 1.5175481381315876, 0.0449252228139585, 1.5956963200459313, 2.6764588805356198, 0.18028486074956618, 0.16528258067182833, 0.002251637668678086, 1.9054289278105898, 0.16450397746143608, 5.265409072533316, 2.33930082559948, 5.5866087880757505, 0.10541464406492196, 0.033633082597248176, 1.1368683772161603e-13, 42.04360438640367, 117.49147529746517, 27.101680331793318, 3.0249060333338775, 2.809025676051874, 1.6007584773354893, 0.79234496540073, 0.49319150222754615, 3.1895692332950603, 1.0497732590102942, 1.421342243384629, 9.613319996755422, 187.31104924693955, 366.7318979118602, 91.28199307574187, 2.2646228823210777, 0.1364846772881947, 1.0088975225332888, 0.7922388737237043, 0.053248594478418454, 1.8620767954870416, 0.05324859447819108, 3.2298480729477888, 0.16870947987695217, 2.804187312208569, 0.6410610972943687, 0.2611409075473148, 0.025335005438705593, 71.75289395688912, 317.8075322241532, 81.22073266950952, 0.10027623823214071, 0.0027383464514514344, 1.9393127970026853, 2.7628304628856313, 0.022991829336547198, 1.5531160384622353, 2.63442035628168, 0.19098630117957782, 1.6088630303745504, 0.26488394621117095, 0.5951997941970149, 0.36089077667077163, 0.19282327681014522, 4.406718549918651, 0.6474471764533973, 11.45603943236199, 0.4570105551846382, 7.053969057896779, 0.4931865015026915, 1.8057107806015438, 0.6903738839858988, 0.006218208553605109, 1.2562546262415708, 0.7336910589982608, 1.5599949897721217, 117.6495704133539, 399.65774293003415, 100.53443580435305, 0.07100520600943128, 1.6344372816627128, 0.00027876898275280837, 1.0986340732993085, 0.37758847591646827, 2.972086994268011, 1.2871939689698593, 0.5934954573558571, 5.157909228164613, 26.574087546918804, 189.1111418362965, 174.69247603375368, 10.149423816682088, 2.157493815386715, 4.460811377877576, 1.2157412735933804, 0.6909857746423995, 2.181828646926988, 0.005504964763304088, 0.6583704328153317, 6.278577404593648, 0.4175899510074714, 2.0355185027193556, 1.5156140822898578, 1.5680124010665395, 2.504458832115347, 0.468038154375904, 0.33357008236203, 1.3927676139243204, 11.318419367574961, 0.0024890686497656134, 7.633755432707403, 0.061751358764354336, 1.3962540378721542, 0.37753620639682595, 0.5157389020573646, 15.81933330806578, 42.086964835814, 6.384890064926481, 0.5691747192172443, 0.003390994308574591, 0.9801374517448949, 0.16388741694311193, 2.98583492257751, 0.3250102566991018, 0.13473350845117693, 0.1776382247020365, 0.0072341268383979695, 0.24914578843186064, 0.7043330707519999, 0.6523970150840341, 2.031433286361107, 2.233102914716369, 1.406497226361921, 1.5611196934671625, 4.508890241082781, 2.8932012447065745, 4.3899298732533225, 14.257198978586757, 1.9147714000519045, 7.207359416386112, 2.9074983394588116, 0.5576381207229133, 0.05287966855303239, 2.9278828299330826, 3.186941746002276, 0.08503643976882813, 1.9242509637443845, 3.182852035439282, 6.575264987717333, 0.642394758431351, 25.797712341718125, 97.40104902918699, 43.897094206776956, 0.8904406933932592, 1.0790359058511854, 1.7313104860461408, 0.18252623054883088, 2.5331819562703117, 3.825923881713493, 1.373043336171861, 2.0272464184265573, 1.872210070017445, 2.0272464184265573, 3.0403978503917415, 4.418068259369306, 2.4417397541287755, 0.5286222557378437, 2.8585092474086764, 1.227236038489366, 1.4561182197955418, 0.5989704141989591, 1.556813399300836, 1.2285878786717603, 0.043977457114465324, 18.20887457411891, 68.57635579039732, 32.36142405539624, 4.88650105581462, 3.2343110722893016, 0.1360673733109934, 0.576512329604725, 0.468024168834404, 4.986735000783938, 2.5345207364692897, 2.2953291893394407, 2.0131639429696406, 0.14094868662425597, 0.3628550538926447, 2.300996710254367, 1.3145915589102515, 1.8868755302976297, 4.400627492908825, 1.3543156303820751, 0.7500397221961066, 2.42492816707761, 1.3958535326376023, 0.4366608467289552, 1.171790256876534, 4.213847426334496, 1.396881027972995, 0.05570568261362041, 6.3073013578549535, 31.398010585757447, 14.329227910826262, 1.1964405763662853, 0.735685403050411, 0.00138643637842506, 0.6150611355731144, 0.06716326326534272, 0.1612750931553819, 0.21205741980509174, 2.64082856753987, 0.745197484620121, 1.4766311619115413, 1.5107555953671863, 5.0658763130323905, 6.240966323573957, 4.91640571738958, 0.045897107187556685, 3.41258254709669, 1.0006311846453855, 0.977338162601086, 0.5902168214689709, 3.0646902992448304, 7.478000975769078, 1.6113477283099655, 5.117517029003352, 209.18538388888146, 750.3278484191887, 343.9470970567097, 1.5975659891848863, 46.00906411791004, 26.867308582773717, 6.10404787210598, 0.42986935921680924, 0.24243714446527065, 3.103026096998292, 0.28477868587924604, 3.5550671105592073, 3.7670957197780126, 4.937911389154351, 0.4878560533277323, 1.161837800765852, 0.21173133488400708, 0.4919659965231631, 1.012147288441497, 1.9400116852891642, 0.0066061696863926045, 0.026771922986995378, 0.0, 0.02036348090973661, 0.050110992735881155, 0.1671798686644479, 21.255605348608697, 67.31160022199788, 10.522510533054856, 3.072877953672105, 1.4531724515118185, 0.18584957777704858, 2.250810023850022, 2.630261987979793, 0.9483922872954054, 0.23010777372178381, 0.18277135449966408, 1.751654875626059, 14.112280804631268, 148.41481474313582, 103.91862511699935, 5.431044171464805, 0.2577459365684831, 4.0708319810667035, 1.5814976577248672, 1.0086178446242116, 0.8767791271804981, 2.01211956211489, 0.07746061789310943, 3.703972988070973, 0.3534991904829212, 2.7562991115902378, 2.8726404683694113, 0.39380848062296536, 2.3519532105295866, 0.2050479696106322, 1.954655724215172, 0.3238035002864308, 0.5501287678314384, 5.2149809710715544, 324.8369083909731, 1004.5178247490272, 194.74970879858574, 2.712156262360736, 1.868138672166765, 0.4531973949276562, 0.7338527066244751, 3.983022961669576, 21.13747504968137, 8.053291898698262, 0.348932296488897, 0.346401291254665, 0.040300637418795304, 0.16166162603155954, 2.489259054461968, 1.0028741130438448, 1.5317382597785354, 1.301688434826815, 0.029003739876543477, 0.0002396999502707331, 0.06093724818310875, 0.008644871854471603, 0.7009836821888484, 0.22928526954808603, 0.015570494829376003, 2.283945210455272, 0.3291768800460204, 2.1465284821969135, 0.12673639885485954, 0.5764301520124491, 1.2029147827267934, 0.39319023717735035, 0.692690081155547, 0.8227735885351422, 0.24692577617372535, 0.01946611710968682, 0.37871930038534174, 0.011769685299782395, 84.93472908747412, 752.0535968169143, 1232.6450631945854, 283.037108716642, 0.08066045000418853, 0.3216397041342134, 0.16450989415955064, 0.3438849727808133, 0.013825301461849904, 0.17024615379256147, 0.2170520422565687, 0.16231684498455934, 0.003290366163014369, 0.11879664690036407, 0.029034782682629157, 0.013325408029800201, 0.161050036580491, 11.595217666039389, 783.4105560735154, 1505.8176579013598, 211.30692609051266, 1.6653505232490033, 0.5288194555336077, 1.0705803947827235, 0.9991019365019156, 0.7319225087792347, 0.020744774129298094, 1.534630457685921, 0.12502405602322142, 0.00404975573928823, 1.8772782459986956, 0.01621669966857553, 1.5012025333508063, 0.27407201928519953, 0.9462441533927404, 0.10031505755921444, 0.9777918016501417, 3.9470959868276623, 0.3387262892316585, 2.086236904524185, 0.13876583601302173, 0.09322539219476766, 0.8925332880121459, 0.1364588585228148, 0.4719945230800704, 0.5493484401946489, 1.777474601501467, 0.01686894964836938, 3.0053828033607033, 1.8638884657187873, 31.326237703329753, 360.20769994443424, 421.63149577622596, 37.73503879485304, 4.304008611148333, 1.509418900029118, 1.3965914869004337, 1.5052623269530159, 4.2728880888492995, 2.249609029068324, 2.820980663660748, 0.12530641863259007, 0.1726077225375775, 1.7554392203363705, 1.9146279334260043, 2.507686780830227, 1.6798445758912521, 1.401799972945355, 17.572326355677887, 301.6988718884045, 380.32211754126956, 42.95608913046442, 0.0002588153672604676, 0.26480951170003664, 0.21598383695766188, 0.025702842785221947, 0.009187001292502828, 0.0023177358469865794, 0.33459276227165446, 0.2033090923536065, 0.3725963495689939, 0.5941795335406823, 0.3725963495691076, 0.0002545654480172743, 0.39235628136577816, 1.0953808610280475, 0.9029847821402655, 0.251521592747622, 0.059087712351129085, 0.17413734611875498, 0.619367321168852, 0.036950851746723856, 0.0255194678522912, 0.00025738376155004516, 0.006406231884625413, 0.15971686759530712, 0.14878912918788956, 1.0581022642154494, 0.24775990552143412, 0.7008352041596027, 0.6221266616506682, 1.3893640477701865, 0.004198231078248682, 97.8659623897288, 972.8063365992168, 928.3050541510686, 97.32256295538434, 0.6031729883474668, 0.8867560789049094, 0.2531447674767833, 0.787893177547744, 0.04803446656529786, 0.36664367583910007, 0.1945033939643963, 0.5525813946975404, 0.9514151399507682, 1.405608398481661, 3.2153749752926615, 0.047178921945544516, 0.10429770376111946, 0.19099722309101708, 0.6031729883475236, 0.11214774114495185, 0.2531447674767833, 0.6818850862675276, 0.0, 1.4994527373536926, 0.8183207990207393, 0.08450055605277385, 0.03001110767593218, 1.4135643922762142, 0.7066764406869197, 0.6134727804188742, 0.2488746104224333, 0.2574988652623915, 66.70259494003938, 369.12526854480893, 257.4194627308758, 22.41811669885942, 0.696290044226771, 0.004864827862547827, 0.025905641036615634, 0.8868480110515975, 0.03411652738475368, 1.6083317285291514, 0.3962855065133226, 46.026106850938845, 257.5947195073055, 131.9793833753638, 6.564969363666933, 0.8321281359457089, 1.3478058617960187, 0.1692587300727837, 0.4214665463370011, 0.8203739015751808, 0.04299810605334642, 0.3111655993940303, 0.424445312603666, 0.8050484734305883, 0.4355703300892628, 1.2183913631417909, 0.9542698752750312, 0.19715075797103054, 0.0022736522473678633, 0.012206118996004989, 0.2896002463525065, 0.003982463779266254, 0.7344916539968835, 0.1444539812777066, 0.3464184612731742, 0.006301992755993524, 0.020341187205417555, 0.17138360071157877, 0.09041221355903417, 0.34604151698476926, 0.06351518645033138, 0.4574113506955655, 0.20617709100645243, 0.03533036382884802, 18.37546385944063, 45.555505231865254, 6.123208975445323, 0.0899746505569965, 0.007742262813962952, 0.06096028441697854, 0.14905737637991479, 0.4934072885796468, 0.316399708853055, 0.8050115072812787, 0.0706097246028321, 0.16524123636691002, 0.07060972460260473, 0.06104095745115501, 0.03764603393028665, 1.1785024002890623, 8.197669990243753, 6.537541581993651, 0.01006869790228393, 1.7955245966736584, 0.5497021829795585, 0.3098613661560421, 0.9189059917819122, 0.022756640620627877, 0.6228736662105803, 0.17644034596094116, 0.8205048261305592, 0.42758489422044477, 0.08042069333873769, 0.0002777750690938774, 0.18761056505366014, 1.8671380240663211, 8.293535182685332, 7.466222162036729, 0.22246441828895058, 2.1363643316446996, 0.10874620949039127, 3.2478072147417834, 0.04842161458952887, 3.9103511075453525, 0.4092984635958601, 4.413392903394197, 0.008658345029971315, 0.6254203783379353, 1.4149832489995333, 0.0979846154674533, 0.6413964544558439, 0.5836922273208529, 0.28377771508849037, 2.9896996117879553, 0.28377771508860405, 2.238785605224848, 0.04125667253674692, 17.695047194390327, 307.2161089372048, 663.5188108374248, 145.9472387632735, 3.7564225604737658, 3.709192885471907, 0.775163526356323, 1.3733503256687527, 0.22978096633357836, 0.022336373158282186, 1.6198451080588256, 0.2860940550217492, 1.004538475021036, 0.0034692246169925056, 0.8914027184280258, 0.021740568335530952, 0.007636366755946256, 0.5340536747718261, 0.030786122376525782, 0.19058332034580872, 1.640207150249239, 3.0551381246531264, 1.7946829844130434, 2.065295994013013, 0.2620465021801692, 0.08750790410670106, 3.1477285018105476, 2.965678127098954, 0.5125338303182616, 4.071601242667953, 1.4619426645493832, 1.7962375521965441, 3.112838318643867, 1.5533907905594333, 2.134852146986759, 5.2037300818124095, 0.13674413947444464, 4.68042929598198, 2.173623156923213, 3.516598413873794, 14.12022573666502, 2.553702307874687, 1.5388135653324184, 1.9023664399235258, 0.5749983970370067, 0.5329591321799398, 0.4821689270764864, 0.08437240351878472, 2.265072089539615, 0.03810514029839851, 1.723824637392454, 22.511840936501585, 125.53018921681746, 105.42979120112432, 9.564090503719513, 0.6554046200459425, 0.17299300225386105, 0.377019564494276, 0.10968002752929351, 1.9429439292803181, 0.1407355499628693, 0.6790791616032266, 0.33070762218767413, 0.13946362532294643, 2.08879846720788, 0.04761122124148187, 2.63651256596836, 5.619400661451891, 6.418524364573045, 0.013260772764056128, 17.632505541803084, 4.8482152427104666, 7.1531770025587775, 3.2696699917102023, 9.840069714354172, 36.21439798710287, 5.726092814637923, 2.079962370408225, 1.3862878552755546, 2.079962370408225, 0.06395068770359558, 1.9366598365620575, 0.4091441603892463, 0.4753061360771653, 0.8890430938114378, 1.3623738358676292, 0.6627620420007361, 1.8875794514384552, 0.5673820344674141, 0.22026032367784865, 0.03356851001717587, 0.055412836279060684, 0.1517892116363555, 0.9563073326343101, 0.016634166683729745, 0.03177551053033767, 0.02377404369474334, 0.26416334701639244, 0.0, 0.04308529885929602, 0.6456560937807581, 0.17525777657090202, 0.11709853967533945, 8.928087697720684, 45.4590769755315, 39.19370216819834, 10.07393310289774, 0.0012261744950592401, 0.8535005248273251, 0.15024367454475396, 0.019643343550683312, 1.0212501864361911, 1.491221623282911, 4.157111193372941, 1.4249287280894691, 2.776281300185815, 0.5855140985491971, 0.304434442172294, 0.09643747911673017, 0.3044344421721803, 0.07628954319670811, 1.2691937725560365, 0.16759183808295575, 0.004475027772855356, 0.643018338873901, 0.6063881430139304, 1.8196447272757155, 0.09643747911673017, 0.5620084162620742, 0.9125797362731873, 0.055901482530202884, 0.0903123046514338, 0.0568247356116558, 0.6534116573111532, 0.7098240810306606, 0.5019917255474411, 0.49852703125873177, 0.017859487204873403, 2.2283689128327637, 0.11086801683597969, 1.934548082484639, 0.1310445938503335, 0.32593838878938186, 41.327235671318704, 260.06241038374196, 128.8428422728598, 2.67911889311938, 0.09449285477217018, 0.003819973387976461, 0.10899661856012699, 1.1368683772161603e-13, 0.12299232347038469, 0.0712249244047598, 0.0611469868090353, 0.46305521257943383, 0.16925265034171844, 3.1435279418523123, 1.5696614037475456, 0.03252892132422858, 0.06758451766643248, 0.21534585727886224, 0.23397986543000115, 0.10597443036601817, 0.34951236864958446, 0.05019806910274838, 0.015112124767824753, 0.1202084790805884, 0.0016732420386915692, 0.1661619948348516, 0.11989518140353539, 0.6705046108572787, 0.3755034006147753, 0.09533068304529024, 0.0004225649593081471, 0.24502668967784302, 0.006746130478518353, 1.1797868254651576, 0.08198935239397542, 0.0036888477183083523, 0.5906124243650765, 0.11744515400482669, 0.7938990367703127, 1.4405216592234638, 0.0004177616807510276, 0.051130565089692936, 0.026818892409437467, 0.4647086206872473, 0.46470862068736096, 1.144232171766248, 1.6714591281905768, 0.014928438658216692, 0.00369201843443534, 0.32203853732994503, 0.13206246144773104, 0.10319907625182623, 0.29829074132680944, 1.0225607548732114, 0.16703371189737481, 0.07023349013797997, 0.30349331262686974, 0.02653946934049145, 0.02022266999506428, 0.0004163051336263379, 0.05930188734907915, 1.2304611914239558, 1.4380019352970521, 0.025519130236148158, 1.798428936117034, 0.46919309396776043, 0.06926869670007818, 0.003701562632045352, 0.6635180601836055, 0.23906660075647324, 1.5791204975898836, 0.42354045650859007, 1.3795408510881089, 0.5988221777488434, 0.015178802962509508, 1.2904670077731453, 3.7382640153299462, 0.014500020258878976, 1.5367650571275817, 0.47362494128890376, 2.790304696849489, 3.9998396778606775, 1.2220373326690606, 0.10279106357484125, 1.8979014827954188, 1.0363600877493582, 0.5425875285105803, 1.520352108652446, 2.348135691522657, 0.18405603862470343, 1.9737235611771666, 2.2737367544323206e-13, 0.016345207379231397, 0.0367593674826594, 0.07647847493706195, 0.08799069134443016, 1.1425976623646648, 0.02192564624795068, 5.065196347955407, 1.1493381300007286, 0.744109787916841, 2.4891419517806526, 0.02242820335425222, 3.2228082984635193, 1.9394764105788909, 7.332062048580042, 0.703811350267074, 3.093017501102736, 0.34676951311917037, 1.1130334301280982, 2.5014362434425266, 14.7639671920831, 6.830705138627877, 2.8344696005418655, 2.9937814163026815, 0.04171589762745498, 0.26536370457665726, 0.6842031876469719, 0.24665906100085522, 1.973594744637694, 0.09934636265529662, 0.012674295083229481, 0.022202023382533298, 0.5842408120955724, 0.13815620377943105, 0.001370547353189977, 0.00034300940410503244, 0.6534303342556314, 0.008593927492484, 9.850493073766188, 8.087510187625412, 0.01849255083322987, 1.6382777502052477, 4.787242457823822, 2.4466484306146867, 2.647569301596718, 75.4627631052482, 208.9131774742924, 57.83913010392541, 0.018285616213290723, 0.006622605834536444, 0.07232789617540902, 0.1640805603333888, 1.183790724517678, 0.1047753415937791, 3.950857436004526, 0.046706091804537664, 3.2217392962944587, 0.2382408450633875, 0.0007540712899753998, 0.18852316632978727, 0.5380938087308778, 0.18406779862306166, 0.5954821099217043, 0.006381404987962469, 0.3104378793026399, 1.7618338500615778, 3.2734687752670766, 0.012149765018989456, 2.4583759279030346, 2.196665013491611, 0.37674928145099784, 0.1380693946320548, 0.017572456196319308, 0.04528009831489044, 0.4490673817379047, 0.412336525983676, 0.0007325235637267724, 0.9167523837765543, 0.1668289629281503, 0.7680852072730886, 0.7496114795902145, 39.518718913640214, 324.63473365236337, 372.90635082004246, 43.93112389788587, 2.9334970393606454, 0.08094904153404059, 3.609985284138361, 0.45887945199808655, 0.20574186684689266, 0.03544288763669101, 1.9549364906920346, 0.9967637764115125, 4.0293710305704735, 4.755271285658637, 0.02913952881010573, 3.120924656330658, 2.6695620045960595, 0.012365329714043582, 0.32572786645141605, 2.659652568013712, 0.006214267675659357, 3.927036961174167, 0.04883766563239078, 2.2737367544323206e-13, 2.838040856032194, 0.5726947569544336, 3.8753751749834464, 9.003685955362016, 0.00618444847259525, 5.551144467959261, 0.39953925445513505, 0.879912950908647, 0.009072408851125147, 0.6560353685083555, 1.1368683772161603e-13, 0.009192047109308987, 30.318354188787225, 96.34193742810317, 17.363982388003933, 1.4233687694616037, 0.22260588285701033, 0.012636733091653696, 0.022649889028571124, 0.2787143240352634, 0.012807492601609738, 0.0032370865482107547, 0.41753822511770977, 0.06055589701122699, 0.8623230091955065, 0.05996672418586968, 0.06874929506375338, 0.022666814941203484, 0.7185665455220942, 0.14316606773218155, 0.00036104488401633716, 0.05169554010058164, 0.0808050156142599, 0.25790398039362117, 0.40760166009351906, 0.2977501088300869, 0.8867968187220185, 0.28360405529326727, 0.08086624756253968, 0.665070019632708, 0.06069346578635759, 0.0014166740709242731, 0.850722689067311, 0.15754344901677086, 0.3166282287853619, 0.5125851387199418, 0.0127787210567476, 0.31852009464819275, 0.5466723609049495, 0.02908970797955135, 0.34644470137175176, 13.727230520653393, 265.4147884282429, 534.5831812199749, 57.11740448747628, 90.21489735843852, 65.26350837049893, 9.886227352340256, 3.893105734844994, 0.4707623442922113, 0.6621364657718232, 0.17700290098196092, 0.01754709555871159, 2.042820042296853, 2.455738173279201, 0.5016317828798265, 1.3649393559893497, 0.28676220386580553, 0.10202932676156706, 0.11827840524631483, 0.08432011146123841, 0.40635682246488614, 0.2805600765592544, 0.13927960156399877, 0.18434015986542818, 0.002809557521345596, 0.0029103887000019313, 2.463126966715322, 0.42612323073251446, 1.7698368735698295, 2.9417512177490153, 0.05718294947200775, 0.8120423725806631, 0.11965586952305785, 0.0714780145574423, 0.04547852702194177, 0.01767462479904225, 0.38008736101949125, 0.10232740372509852, 0.9736367309579919, 0.32112324141519366, 1.869169992883144, 0.3846299995619802, 116.67137562932328, 370.88264002732103, 84.62171790027696, 0.030164421121412488, 0.014842487941677973, 1.2656667165970248, 1.8460657568595025, 0.6021568414969352, 0.21407024823020038, 3.1052642780560973, 0.8665404288169611, 7.379264239171221, 0.49147393378234483, 0.3879489384083854, 1.1723864978780512, 0.8007966620920115, 0.043214797798441396, 2.3840475677905033, 50.51108949170873, 26.16126630560632, 0.49530299661512345, 0.21813689900068312, 0.20053316987002745, 0.003753290724262115, 0.6578038226946319, 0.8662279563491211, 0.10416745679083306, 0.1619335874445369, 0.04934039987472261, 0.014660956671605163, 0.23619170448614568, 0.1478383772679308, 0.896990379148292, 1.4016197248075741, 0.33888762447634235, 2.6002236362699023, 0.08043897967797875, 0.6288436373592958, 0.319836148144077, 0.23180816545459493, 0.02588714721730412, 0.8595901316604113, 0.32203853732971766, 0.2213868291265726, 6.760622294090808, 19.7666958544346, 7.006636040979856, 0.411123103783666, 0.06411191117774706, 2.072316959110708, 1.774314081769944, 4.299696483135676, 1.646444885921028, 0.05526073551334321, 0.053307170027892425, 2.4465395614935233, 1.929497913522141, 6.9299642781620605, 0.2993572898927823, 0.44654237984411793, 0.9616732147438825, 3.1808524310296207, 0.42403500361149327, 0.8839454059985883, 0.1393940981065498, 0.06547864480785393, 0.9301312248534259, 0.026786387143829415, 1.789588205186078, 1.668277299916781, 2.9649185257858335, 1.0202909880025572, 0.5418577246025507, 9.007955553822057, 50.765604556744165, 24.21303937093387, 0.12915851605941953, 0.0014051215212020907, 0.0056922162386854325, 0.17154761270387553, 5.072016077861804, 2.275542761865495, 3.0454380682340343, 0.7317254415191883, 0.21626461903542804, 8.05690219740302, 1.0198618878730485, 5.432212223845454, 2.4409892742456805, 0.8456100918867833, 1.99229912141368, 6.70377265474599, 0.4924124643604273, 8.323927056879597, 5.611617167980512, 0.06705996002403936, 2.244289519809854, 0.2922888139848965, 0.21817794388891798, 5.412519228538372, 1.2590883654129357, 7.929911836109341, 5.772843755434792, 0.2584828169975708, 0.20772757394365726, 1.1560616181795922, 5.086677824081221, 0.22541801453962762, 1.1540394206102746, 0.1919362969111944, 8.17431279920038, 0.28557691702690136, 0.6590708912935952, 8.056572985005005, 1.4734703963359834, 0.4385482171350077, 1.403865593455862, 28.238503607065923, 23.44073709645079, 0.8063913852286078, 0.3052910880022637, 0.0004894474549246297, 0.08204882858353812, 0.004396077438059365, 0.12613455201244506, 0.19708645590378637, 0.012451641513166578, 0.5989943867389229, 0.8219828457564518, 0.030622923709643146, 0.2726239180548191, 0.17368604153421074, 1.0125546756462427, 1.378927193790787, 1.5463175426950784, 0.7898203092031508, 0.4226465245202462, 0.15674746945887819, 0.03877647825220265, 0.25528369473704515, 0.0043214049413791145, 40.31199239415639, 218.52540950095488, 112.53471766834355, 2.953740546214817, 0.6745042765539893, 0.05659520454196354, 1.1152939346252424, 1.048576902694208, 0.06221677411224391, 0.07866063823723835, 0.46322922387389553, 0.3102538636250074, 2.188430001973529, 2.385358989354927, 0.015878761510862205, 0.2536560554796097, 0.0483443656765985, 0.0631437043942924, 0.029648086465613233, 0.003967566603591877, 1.5973869148400581, 0.13051565528053288, 2.682407913286738, 0.024457298723632448, 0.00024132427972745063, 0.1282627327927912, 0.2045540914322146, 0.024163931222801693, 0.03518140041637707, 0.26613229137012695, 0.5923908582448121, 0.3408462896468336, 0.25379156039980444, 0.28804576402365, 0.8690328666081086, 102.04430297769875, 476.23261629281205, 189.70830102146954, 3.462503373248751, 2.898943270216364, 3.114888479371757, 0.3014070968405349, 4.7802215127533145, 1.6307483340109457, 1.2482172834188532, 0.28096530333675673, 3.398930960505936, 0.0062448336817624295, 6.800493152832928, 0.8737672826055132, 1.1819947202377534, 0.4490673817381321, 0.22923568108069503, 0.01757245619637615, 0.4093251264242781, 0.02532265930858557, 0.018014921706026144, 0.057600914046929574, 3.7294374323587363, 0.25485858445426857, 9.112069211945368, 3.489091323317666, 0.0007623287301612436, 2.0069159073420906, 2.3699849225838534, 0.1036902944368876, 0.006280685472233927, 0.7266561192187737, 1.0897194817054014, 1.5850680649407423, 0.6792499339260303, 43.597857757891006, 325.8376294437221, 221.68070133923038, 13.262426058711412, 0.17686712254192116, 1.509057137922241, 0.0011241210327170847, 0.2864026024197983, 1.211800258340304, 0.010147570693789021, 3.2424016874800827, 0.028052505425307572, 0.00686682712455422, 0.39933555622178574, 0.3807340294910091, 0.8102666649283492, 0.14979069059518224, 0.23958638815543054, 0.03438674463131974, 0.0011503626219564467, 0.2747758390484023, 0.24418968023815069, 0.3574597574024665, 1.2883139076823227, 2.4793247993790146, 0.01804013309754282, 0.6514282395190776, 0.3702241750003168, 0.06425439739098238, 0.028972484933433407, 0.6646721003362472, 0.0, 0.8091183729515024, 1.13910162468801, 14.705905861094607, 0.2933677025584984, 4.895019417406388, 0.11063352275016314, 4.202761316050896, 3.8222505236702773, 2.4411347048456946, 1.5686805401217043, 3.4280647192617835, 6.429255028580542, 14.126736887305356, 10.366684253781273, 0.15370505123576095, 0.09982133071741828, 0.4678976418661023, 0.5987370984687459, 1.5830432406128239, 0.6295764629286396, 0.27113803886049936, 0.009696497614754662, 15.2517001641163, 28.69966933880403, 5.251104831835619, 1.718284986348749, 0.906983354041131, 4.133070968505081, 3.4211587683453217, 3.4954953064612937, 0.1598137925784613, 0.032973013411719876, 1.5027585969608026, 0.3145689973041499, 6.438360972100213, 1.2720180357243862, 2.867355585778455, 0.027308477180099544, 0.15992561876907985, 1.3046981519868268, 0.6065148928792041, 0.21551861153625396, 0.046347642873911354, 0.5654598695836057, 0.10449651188207554, 0.15859367483449205, 0.6760013658199568, 5.33898210702057, 0.0200777954289606, 4.689339264344653, 1.3094904516690349, 0.01605026391928277, 0.22290010891902057, 5.425812582051094, 3.8845527468616865, 1.0228830820615258, 2.0187748873735245, 1.8339633633061112, 2.9670121670158096, 0.03274431113368337, 1.7384871158535589, 0.03274431113391074, 0.14648585269685555, 0.6712442520250761, 0.00032984463052798674, 1.2265853366293413, 0.0161286018494593, 2.1780862191322967, 0.002958268976499312, 4.413349377691588, 0.7767917436895004, 0.10150905043633429, 0.13932394784103508, 1.0682089859949429, 2.8004520203766106, 0.05448710517521249, 1.423497405599619, 1.0635590690319532, 1.9965524335351574, 0.07553385994015116, 0.26708412406901516, 1.001337246741059, 2.3565143411766485, 2.8388694670143195, 1.5815863164810935, 0.16644052308583923, 0.15126855487062585, 0.0030670711930724792, 2.202852992670728, 2.277383093773551, 0.47747665267365846, 3.2584767402088346, 0.959397196888176, 0.06715709013462856, 2.670931437718309, 1.5838140920842534, 1.3094904516691486, 0.1704389501426249, 15.588105826266315, 78.61370393562618, 83.35634035635746, 12.78471122412293, 0.06644724325428797, 0.0021731002628939677, 0.5218194844766231, 0.1553469489570034, 0.19064969099929385, 0.15534694895688972, 5.083675162820327, 2.8500499364281495, 0.14789633828013393, 0.6678795792245182, 2.693053391006174, 2.7409096836133813, 1.1982079794823903, 4.251923151341998, 0.22029005275146574, 6.333461894032894, 0.0021804643760106046, 3.9659725188971606, 0.019713271672571864, 0.5313843214379403, 8.020304378693595, 100.31588086572174, 122.03901708036676, 9.981894512510962, 0.024646747241263256, 2.2341013902452005, 0.7464695470673632, 0.8717968037695982, 0.5769599003874646, 0.4569045999962782, 0.5014410672140457, 0.03602462619551261, 0.004717195761486437, 1.1262959813509497, 0.09510528970247378, 0.6721183520422755, 2.48786996358092, 0.38819638789618693, 1.8821499806235806, 0.2883105331078468, 0.6314063152676681, 1.488688228665751, 0.010880135390380019, 0.3553192596515373, 0.01083830283653242, 1.3754687696252859, 0.3511866703360056, 6.412238001060587, 0.31128627629220773, 0.8827408093931126, 0.4398187376742726, 1.3748941822457255, 7.911982919246384, 0.00032284916278513265, 6.141624188905553, 0.011602725194734376, 6.802040753002871, 6.622456375631032, 0.12373763355276424, 6.5304843312409275, 2.5556012595018274, 0.0003219675522814214, 1.9490686288564802, 4.755289796852367, 0.01650815893356139, 10.086457494431897, 4.5668430006699055, 1.3393764954113294, 1.9852252186910846, 0.15804504815548626, 0.5572117707456528, 0.11957589356313747, 0.001346164513279291, 0.027095871322330822, 0.0030342707856334528, 0.008404555541915215, 0.20907539226163863, 1.6925781088320946, 0.8782038217165109, 8.153487278412399, 5.719208278818087, 0.07175693560986929, 0.0, 0.0012813083486662435, 9.04175697532105, 19.23044014862353, 4.4460294396974405, 1.086341450953114, 1.4388655530575534, 0.04432729951793135, 1.3922721875532034, 2.131634699647293, 0.09876961994586964, 0.00625929298905703, 1.9559174285288918, 1.4224983205383523, 2.6107219632380065, 2.592592203014533, 0.679510031287009, 16.926889723803015, 0.9284407915915835, 19.310380959260215, 7.658955717280833, 0.8739155514368804, 5.148065333064551, 0.3682409858452047, 0.11957155957736632, 0.9653876262807444, 191.46090127583557, 618.7060499663231, 171.86266758038585, 0.7914156836163215, 1.955153612053664, 0.10226068406990407, 1.4247227576875616, 0.05770764089521663, 0.006626917589869663, 1.1202998548307619, 0.5516612072129874, 0.027522801311590683, 0.893101794578854, 0.006809560657870861, 0.42703697624978076, 0.5932040464359716, 0.5991837150677384, 0.658396743975004, 0.4227545681919196, 0.06192692447103809, 0.34074270982034705, 0.4017610335371842, 0.26232531980002705, 2.424925558660618, 8.864307255333301, 3.5971536182157706, 2.5938941105962385, 1.119315394588, 2.2908666159651716, 0.7251458967501776, 2.8650218150611977, 2.2674702305435517, 4.456938630845173, 0.42430103115515294, 284.3517397948733, 999.0264192168914, 289.2194177221688, 9.683802140042872, 0.026507683618774536, 2.1795674823188165, 0.9093308821850314, 0.07942751570942619, 0.41340940466386655, 0.0010945084608238176, 0.5763100832347163, 0.49994215926017205, 0.5275920638647449, 0.2264721857376344, 0.0010755923630085817, 1.7408009521450367, 2.216108914020424, 0.12628566454600332, 0.8723901191796131, 0.10561062917849995, 0.7805373833095928, 0.786403875073006, 0.662237461092559, 0.05391530352221707, 0.21758418498177434, 0.39443206138344067, 1.1761338935037884, 0.021938804170304138, 2.2737367544323206e-13, 1.3041498677154095, 1.1761338935037884, 5.16989098490501, 0.3809606549464206, 10.253846870188227, 80.25847646486739, 27.175159945608243, 12.003953016307833, 23.227991958432995, 7.5739027612602285, 0.09279570196542863, 2.258990986557592, 0.10406944027852205, 1.4030854826079349, 0.15525069077079934, 0.18289441868626, 0.06269913113123948, 0.21832364576357577, 0.001286552965439114, 0.2019214214827798, 1.1829792199409894, 1.0993004940127094, 1.1829792199409894, 0.6647111798062042, 2.2821761890431844, 1.440449241250576, 1.918130003857641, 2.158358909975732, 0.2693078243213449, 0.9861241970587571, 1.5006909239276638, 0.040051173258234485, 0.23995731150876054, 2.0027975448326742, 70.59530316811401, 686.4504823344353, 514.7060513086202, 25.750636969924358, 0.10233044430606242, 0.07874263665428316, 5.337226874804969, 5.126540349342292, 3.3111005588489775, 3.4204535136913705, 2.0033718226997053, 0.03599677401143708, 0.002214229920582511, 0.4722056486349402, 0.0198301843395825, 0.019448387214026752, 2.04436904141221, 2.7374238706418623, 9.812216119338075, 0.22769156613543373, 6.28095876730049, 1.826104945280406, 1.0535658567907262, 4.233860377942335, 7.382884060622473, 0.45357079472194073, 4.7751905777227535, 0.7425093071562401, 1.7046392146808103, 2.2719701674082557, 0.3121332577273961, 0.3514975880826796, 0.31213325768413824, 0.7537363345170434, 2.3097600623520407, 1.5495901231670928, 15.892317176615052, 540.8873627522742, 919.8340430572212, 176.95251679602256, 17.00985056311913, 0.9142220992672492, 5.2079276199877995, 0.9767226391314807, 0.5048689849623997, 0.709125907278576, 0.006609995603980678, 0.051955124886717385, 0.3211606241203526, 0.032046965143308626, 2.255400316440273, 1.0687804176172904, 2.9270513100258313, 0.10309658797996235, 0.4382460751588724, 0.9810950846838296, 2.4647023685755585, 8.998739617191177, 0.02505161468411643, 8.137389449222496, 1.6020219074873694, 1.5484077462768937, 0.15012228321199927, 0.22817404520685614, 2.9319090979150815, 0.004027809954322947, 1.5564434882569458, 0.15858345508172533, 0.10247194710120766, 0.813713721197928, 0.6352151700959894, 3.7318412888051853, 10.711953302873667, 229.08106809494984, 564.7643859355239, 168.40714425781778, 0.41320255541199913, 0.0008604356715977701, 0.14882188880659442, 0.2526780260735677, 0.03190219312688214, 45.133416087768296, 190.36055105975618, 71.1789254786562, 0.36016256704647276, 0.14758507432100032, 3.366066390622791, 1.1140788686277574, 0.003525195168663231, 2.2517259295233316, 0.9610477364415146, 2.2517259295229906, 1.78343781826959, 0.9506682767597567, 1.378332674462854, 1.6118274966275976, 1.56897423226701, 1.768689009676791, 1.2811380457210362, 0.36007612210744355, 0.573877488214066, 0.019303864668586357, 0.014048794415089105, 0.05628759705939501, 10.948746650896737, 152.3323610994894, 249.21732187161672, 52.16474120100611, 0.2092729304305294, 0.01719509532540542, 0.34445101792834976, 1.8054153662425279, 0.06730734123379989, 5.016888712612854, 0.1507974503966807, 0.8634816208722214, 1.9135892196535451, 84.68139453308913, 150.23362780923026, 21.297297388624656, 5.932542349594883, 1.5485219798216576, 3.8754251489815488, 1.0883583080255903, 0.007989727049903195, 0.05045962537178639, 0.24397300028260815, 0.0509941627860826, 0.24972499311479623, 0.9701781904532254, 0.07469718581364759, 5.090941574013414, 0.26933650854300595, 1.9178644393612103, 0.12770442830230877, 0.5515537332017857, 2.095765173953623, 0.5515537332017857, 1.1404604988309757, 0.0020593843333926998, 0.7818825779168037, 1.3211513061970663, 0.03374344802591622, 0.652688796733969, 0.2095248050045484, 0.008344555943949672, 0.38332320943675313, 0.06259780732318632, 4.671873639428895, 0.22429383796077218, 16.8048147967678, 169.39587123947888, 417.5321719083237, 109.79279478071646, 0.3481299060676406, 0.4539429092652085, 0.009349875419047748, 0.8461002100051473, 0.1925256703113405, 0.3051634808394965, 0.3020913807081911, 1.2951784220484228, 0.631279418545887, 1.4138099176464607, 0.5534417142106918, 0.20637257714525958, 0.4832935475448039, 1.581109781117675, 0.23267038394214978, 0.32587961859775305, 0.31860438775584043, 0.18456132064034136, 1.704041789328926, 101.32576348913642, 744.602553375427, 624.5656127446109, 67.66442965473266, 0.04310462156968242, 0.609870116494335, 18.764503614692444, 175.42067612632957, 236.56161759308418, 50.21499835958184, 3.450649298418682, 0.006947890530170753, 0.912019146978821, 1.9240783692092691, 1.4008526906082466, 1.699823551580721, 0.76998901851357, 0.22670016836588047, 0.31760641015671354, 0.32339514718745477, 0.849044241042634, 1.0377488156577783, 1.6608798548073764, 5.870184534723535, 31.2115754908325, 160.31736133825052, 132.81290475867263, 28.43808585902616, 0.794073955375211, 1.2107754180349275, 2.0559415543372097, 14.350301338326744, 8.072380613382279, 0.6754799722964435, 0.14057522719087956, 0.3576823515581964, 0.10619873151028969, 0.7803496276408168, 0.6635856336253028, 0.0003048724445307016, 0.2242906473640005, 1.1570021201065401, 1.6484112052389719, 0.2827249567268382, 3.7317771800181845, 0.17773997315703127, 0.1087195171219264, 5.235609125280575, 51.56053519703971, 16.720254362849346, 0.8596347017717108, 1.292761153649053, 0.23625292348037874, 1.6794493366393226, 1.674023735913238, 0.35209377963633415, 0.45002966130618915, 0.8377103150796756, 0.23757487863622373, 0.8377103150800167, 2.2415403608089264, 0.9861816652979769, 0.24766017711135646, 2.372693765510917, 0.372136353399128, 1.8498522389282925, 0.13911182426988944, 0.22795895297747393, 0.00972819896492183, 0.3960497578439117, 0.03146797448414418, 0.001525942207422304, 0.3526731835395367, 3.131575151057291, 0.006337356899848601, 1.393382298744541, 0.006316354562954984, 0.024914396724057042, 1.043322409055122, 0.3225174885957358, 0.04552081546148656, 42.8428331742748, 267.1993217493425, 115.5221000796829, 0.12144572236866225, 2.3131588336628965, 0.24999537673318173, 3.3776712735377714, 247.3462844179868, 411.02344756402044, 65.59734650050291, 0.15503786889087223, 0.08433008700728806, 0.1274934717390579, 0.057246076287469805, 0.12749347173883052, 0.010449461401549343, 0.10442969839334637, 0.5786581147926881, 0.023359392346492314, 44.528602964112906, 234.96212630024763, 168.54168690875315, 14.516085293719016, 0.4544805366051605, 0.3588752974845306, 0.010984340677737237, 0.11545274118157067, 0.033568510017289555, 0.15392635009175137, 0.17650080634649612, 0.08432011146123841, 0.04437624302494214, 0.7925730914435007, 0.15349418852480312, 0.11416859733702722, 0.19282327681042943, 0.3549102169118896, 0.0026415540578454966, 0.2415272718691881, 1.201014703212877, 0.06826686556308914, 0.3047031447907784, 0.017248309410888396, 0.3660285133161665, 0.03375883855892425, 0.9379641666905059, 0.002738346451280904, 0.744008457377447, 0.006165624600441788, 0.7440084573775039, 0.1737887473713613, 0.010653157342403574, 0.38040030778091705, 0.032692611533661875, 1.4822305037423575, 7.947494023120839, 43.4291467363671, 10.78355910789503, 0.040177013177412846, 0.08314041371443182, 1.0650185201534441, 1.8797291105955765, 0.01180328644261408, 1.3237588337123043, 0.7725466886855656, 0.5035228607979434, 0.1761551641150163, 0.5678525500221667, 0.1095689055590583, 0.9124914492924745, 0.03127695770194805, 0.14454121769188077, 0.5725315234733444, 0.9385671322858116, 0.9115558908550838, 0.32475666769892086, 0.35645530378508283, 0.23823135692737196, 0.1591502544974901, 3.854462116670561, 144.62847675302453, 317.9196092959701, 69.82727674279192, 0.0016936368078859232, 0.006717005044265534, 0.2494575759120039, 0.10858213829203578, 0.11164801562955518, 0.2530041290995655, 0.043381995505342275, 0.29640561239631324, 0.2892218352191662, 0.24182837809655666, 0.0016707322052411655, 0.3302860678346633, 0.690606960731202, 0.1420577090639199, 0.25210812256960935, 0.7574404957192087, 0.06107661776053419, 0.28624800143438733, 26.74705729204595, 301.0921047037235, 331.9165955320632, 42.49912739531078, 1.955038030619221, 0.7987024584356277, 4.9652666931328895, 94.64528607059265, 484.60805690245707, 390.1876098770085, 31.837369742397186, 0.044534238097583057, 0.0974717415114128, 0.6895571275819066, 0.1260462704332781, 1.3234222706258265, 0.22904788939820264, 0.3926796881733594, 0.06947895519658687, 0.04428593299036265, 0.8727933558625409, 0.38993900453226615, 0.040657659527710166, 0.25544224541181393, 0.2581001896516568, 0.8452540172565364, 0.06713840894570922, 0.0, 0.024300843402045302, 0.0, 0.5456726548720781, 0.0, 0.8921684948599022, 0.13677544142018405, 0.3267563117781265, 0.8775580697885061, 0.45393511715712975, 0.16868722124672786, 0.08345748388876473, 0.08215459389043644, 0.1563997699020092, 0.028959284324002965, 105.97707946946923, 408.1953318959237, 111.0272736301082, 0.07476688992687741, 1.2341041071960035, 0.009981913295291633, 0.25413273126116565, 0.228605393735279, 0.1250145468447954, 0.2789031932435364, 2.0574708642942596, 2.9276327082393436, 2.673044811401269, 1.0625316744901738, 0.12371281848731996, 0.7737641673764983, 0.5622401217614197, 0.6869590768502576, 0.48913929971160997, 0.7287530670629394, 0.22653424497127617, 0.0006163313786373692, 0.15708405839916395, 0.11966071179926985, 0.02195060220913092, 0.2451356652022696, 0.15511892828067175, 4.552013406303445, 1.1307351713720664, 2.3725450731484443, 2.1233296907061003, 0.9401489088473909, 16.355519931856293, 14.907914852900149, 1.176481012872614, 0.5749948860834593, 0.023341020842394755, 2.6207492181985117, 0.0171399956774394, 4.363480260010988, 1.8380054086126165, 0.28580730548833344, 1.8380054086123891, 0.1686171937360541, 1.2114515468645095, 0.4752982615464134, 0.4432671946145774, 0.14937158518966953, 0.0, 0.22750880175055954, 0.345894186504097, 1.8233783080637522, 30.174354084652464, 74.04532250056275, 12.75333938637948, 2.984833771411047, 0.9603018183798895, 1.3051495997594884, 0.04642768206042547, 1.0716115812358566, 0.011711581669885618, 1.1368683772161603e-13, 0.14239871380385694, 0.2640525329228467, 0.7541471554901591, 0.10588303235942931, 0.027294494368447886, 0.9167523837768385, 0.7147716400078252, 0.30281198233535633, 1.1983551069353098, 0.43741601439222677, 0.019391841871311044, 0.006947890530113909, 0.5557783530832126, 0.722494210447735, 0.1479152618550188, 0.5062595394214782, 0.27138926012679576, 0.062334059874729064, 1.8481445173860038, 0.5133614243173952, 1.9228498045113156, 59.52226632680504, 374.4296709352634, 261.43909756054495, 15.995344581860195, 0.3179379446337407, 1.5004505210276875, 1.071783639553928, 2.3070329504506617, 0.16534499118779422, 1.4377549716026579, 1.1233992078076653, 0.2826398627698836, 2.34651419545753, 0.0002618730727590446, 1.2113127085150381, 1.5194116479653985, 0.46967306962039856, 0.610560622120147, 1.5202494788562717, 0.09353686163149177, 0.2495574127033251, 0.0749229576201742, 0.09343281504368406, 0.0010326772340931711, 0.11407481232186001, 0.5781685983019997, 1.6832228765755417, 0.6028645546793996, 3.3275519808952367, 0.031334150078237144, 1.5699491004835409, 0.10332555837055679, 0.16367192931420504, 0.07389339171947995, 2.2391531930168185, 0.06543771886060767, 0.18140385396679903, 1.377860050234517, 0.7417297068111566, 2.9623667573399644, 0.0023254592805415086, 0.8078569623760359, 1.5793450509977447, 0.4423964858809768, 0.5541513201300177, 0.015836417562013594, 2.473402033575212, 0.020048316688871637, 0.8516154726116838, 0.23647148162285703, 1.4436912648272937, 1.1412703325343045, 0.20221780261158528, 3.498405526238571, 8.523921846388475, 126.44070286288377, 378.1905605912892, 102.40350036596419, 3.0981210874562066, 1.5112619802760037, 0.029377843110296453, 3.3451904912135433, 0.2199819431901915, 2.8287219949975224, 0.24987598124653232, 3.004083711045496, 1.3806960911781516, 0.5825004236263567, 0.5935826095229686, 2.973682318177225, 8.079344390399001, 1.3789916892286556, 5.3476645767304944, 1.474416634639283, 1.4249961463632417, 2.0280289436997236, 0.051209921295026106, 1.663100045886381, 11.756752742746471, 149.05653820887312, 197.83143958304072, 22.419292918906876, 0.03184113739132499, 0.8761094446438733, 0.0020102525998026977, 0.07371769704377584, 0.008090299625337138, 0.008123482957671513, 0.8544228836933598, 0.7581086951758493, 0.569036763116344, 0.44404007508575205, 0.8794717200057107, 0.6440884022403566, 0.3390732328264221, 1.9895946201340848, 0.05398214548972646, 0.8891717947629445, 0.7201834448651425, 0.26359131768361976, 0.8851996780256854, 0.107684285258415, 38.60530383526145, 548.6598213096729, 661.2047284831317, 79.71101625586425, 1.0490020510864042, 0.09479580960112344, 2.9526151787007393, 0.005286748306275513, 1.4828761291186083, 2.00963692707262, 1.1368683772161603e-13, 1.6652632263974283, 0.3774844174063219, 0.35450160856260027, 0.39987811349601543, 0.88606589841811, 0.07219653411527815, 0.6361591441080918, 2.728078450944963, 0.15782662995945884, 3.0308711857471735, 0.17522398787377824, 3.3607273489301406, 63.8753559067618, 541.1489605127387, 626.438830848814, 87.69586914194042, 6.250594991668777, 5.7570459062831105, 2.8163973778914624, 0.38121778708489273, 0.17290337277120216, 0.8793093055322174, 1.2758200541048268, 0.34800781916965207, 0.16301559389825115, 1.5703350653075177, 0.929968583941502, 2.750986814597809, 2.477204204775717, 4.85271514403405, 0.9019110061894935, 1.799406738126379, 0.21654921552675432, 0.07194030743204394, 0.4733549576119458, 0.348954057981814, 0.4562866291882415, 5.008753761614116, 1.9157064410121052, 7.264814241207887, 0.08349572463140476, 34.60252504549578, 357.1449151438603, 425.4168133783802, 43.38402584723508, 3.401051789449639, 0.9053593013499039, 0.1340949415648538, 0.042313140234114144, 0.0005195659653054463, 4.547473508864641e-13, 0.30336681562641843, 0.5080905888432881, 0.21113094911754615, 0.2571587687743886, 0.008335533971262521, 0.0021020613962718926, 0.07437682745251095, 0.529491577026306, 0.03270548629575387, 0.2266882697682604, 0.3931420942534487, 7.379512935757816, 0.07073290319192438, 4.2463130912682345, 0.5743057039585437, 0.0613456056829591, 0.032226530851858115, 10.80528680039015, 87.88279632967885, 54.87265238346015, 8.206948966524692, 0.4467355694286539, 2.1433511912418908, 0.04587307992676415, 0.39987887325105476, 0.5954122699708932, 2.232425770627401, 1.155872769705411, 5.175349469970797, 0.20825778691084906, 3.9578767902899017, 3.112885484556159, 0.2835746216416055, 2.796638841191907, 0.003866657990897693, 0.00378450824769061, 0.024095383390204006, 0.015108872046084798, 0.06090565595195585, 0.13391637539518797, 1.315636685729487, 0.003684821895717505, 5.311161494246903, 2.5228157654386223, 0.10063750964468454, 1.8075154346530553, 2.370810593031024, 0.0009379718014770333, 0.1795475062353944, 0.6672336752383217, 1.5749925546692793, 0.0008934519721606193, 2.5338317734672273, 89.77201806506105, 404.3793607734217, 108.16626906312672, 0.5778761725072172, 2.1765562850970355, 0.016555349981103973, 1.5269413918732653, 0.13385501753259632, 1.2443999613515189, 2.0251482485161887, 2.5910202434375833, 2.9374058106212715, 0.3360070749325814, 0.15782662995957253, 2.836855819893458, 9.578837047226557, 0.9181584239802305, 2.92358456042939, 1.9167380028619618, 1.1249917933137112, 2.614936174137142, 0.008177556065902536, 1.2052014537416653, 2.345547719206138, 4.923419496638189, 17.013017063408483, 4.365581609345327, 0.14349096072078282, 0.6821302849768927, 3.9299673904818064, 0.023935004035479324, 0.5777139170212422, 0.21678242276789206, 1.0324379631209695, 1.5973087041695635, 0.09917155212372109, 0.6941112120897515, 0.07501216385946918, 1.5921531496888974, 0.316394279479141, 0.21356862544007527, 0.9871641813333554, 0.6084502599118196, 0.03858172186664888, 11.284360117623123, 41.748254741302844, 6.347003709681644, 0.9229083608453266, 0.0972690924738231, 0.5407389766245956, 0.14364517457306647, 0.008065053829966473, 0.11371362379236416, 0.0020141527043620044, 0.04106599207943873, 0.6658571086931033, 0.5592012433331206, 0.46387679417676964, 0.4036540653737575, 0.20506534124012887, 0.5283571831534459, 0.002070449229336191, 0.5615963857551947, 0.37156139844921654, 0.08505408520289848, 0.01259505570027386, 0.004505911786623074, 0.09828295662407527, 0.004520020858990392, 0.050039852724182765, 0.0180518431898804, 0.16145897431169942, 0.1133565177282776, 0.9780045200566292, 0.012728274945345674, 0.041680406990508345, 0.0005102095361735337, 0.018377308158903816, 0.24972499311485308, 0.24919110613171824, 0.20660478676012417, 0.2722147741970389, 1.1368683772161603e-13, 0.40451890977703897, 20.783994299963524, 47.910746139905655, 5.056913208705396, 1.4712003828121851, 4.310436961454798, 2.806889274643936, 2.105728959065573, 4.35462387867085, 2.458832947053679, 5.58025196655592, 1.5655377326771713, 2.797571505394444, 38.60951422820824, 373.55190040207685, 351.65833049671426, 36.647696136076206, 0.18277553892289689, 0.03642801218825298, 0.04896910010927513, 1.086027637080747, 0.13184776309935842, 1.222978018450931, 0.6276625684068904, 0.12237246266352031, 0.09139788407549077, 0.2551543347715324, 0.5039071467966778, 0.00890798204238763, 0.0022145893334482025, 0.10991456370982178, 0.8709063473302194, 0.1577221199994483, 0.10113416537410558, 1.2917811277037572, 0.48111464795579195, 0.3756672471878346, 0.3971884378465802, 0.003988881272448452, 0.4800861521348452, 0.5432839011348278, 0.008837256743731814, 0.6403749264409271, 0.4816304927580859, 0.012206118996118676, 0.5036370874317981, 0.7412263381473849, 1.1368683772161603e-13, 2.2351999963300386, 2.6279523299214134, 0.9299669666510226, 0.35197466373290354, 1.4470827773521933, 0.8427685338278934, 2.752722754035858, 1.0878927570776113, 0.26171398726705775, 9.140509661719648, 39.36128001378779, 21.83890977058877, 3.3188846883598444, 1.9530737055598593, 0.09414151568716989, 0.313481849232744, 3.0438611364514827, 1.667572764264719, 125.75456846693407, 195.55888898201226, 26.119018116593907, 0.257847780102054, 2.2639804103467895, 0.04203632706236249, 0.4495024728349222, 0.19308854917477447, 0.18666553243815542, 3.159666358095592, 0.0006390809331833225, 1.2269200080274913, 0.1869143534881914, 0.01636503297379477, 0.07974500815743113, 0.04226505635506328, 1.1368683772161603e-13, 0.2366361464484612, 1.1387344294757327, 0.05210911574238253, 4.573593660971824, 24.138498940816362, 28.55029627307283, 100.52480388910499, 681.8569356113454, 303.9597277930652, 6.823387343252648, 0.46509572910497354, 3.9354315377322564, 4.604716733942155, 0.6895195811119947, 0.5755346319072032, 26.6912906515513, 5.764870930069492, 13.22121592426788, 0.0168308590517654, 3.903163472156052, 2.2588596253209516, 0.2665870648730788, 1.5888629488568995, 0.9137227752472654, 0.10349793229283932, 0.30880203127821915, 2.8091020773844093, 4.280337896156539, 3.7999547238898685, 51.1426066688731, 105.56646563480695, 93.16370143012841, 8.428297386715599, 0.5753674069666204, 0.17466143818001, 0.21348320787717512, 0.035546925571225074, 1.0887310597175883, 0.48324093300163895, 2.8261017914884405, 0.38421892750716324, 0.6741689105265323, 0.22185698690179834, 2.7170013287566235, 0.350983452087803, 0.08605457060775734, 0.39227899421996426, 0.3464494656346915, 0.8107411628584487, 0.34644946563491885, 0.1772483097041686, 0.0004360508522722739, 0.2501443467316449, 1.6683418744572691, 5.676480513476008, 0.654418316090073, 2.198470831516943, 0.9626320365764514, 1.0980297788692042, 1.7356801806002977, 4.0396377818385645, 0.21447108424206363, 0.7337118640574545, 0.004023395655394779, 0.37915931047348295, 0.001784013158385278, 1.5476829668974688, 0.8077807923917817, 0.17466143817978264, 3.1419305019353487, 2.103790713221997, 0.05575660833881102, 0.44497883466954136, 0.4766817901104332, 1.989215462462539, 0.29920782755152686, 0.08163644023136385, 0.0173986609225949, 0.06869648921713178, 0.3725434652161539, 0.0004739955650165939, 0.023043806519240206, 0.02329480729019906, 0.09186073103433046, 0.8636873855658678, 0.0041955278949217245, 0.5699771066886115, 0.2720874381137719, 0.016988386086154605, 0.0930416048151983, 0.00424083874054304, 0.047376348798252366, 0.37514176764659624, 0.06897050689690332, 0.584132547016452, 0.17230536646684413, 0.0018728657303199725, 0.36566564938505053, 0.07955593643521297, 0.24613047263767385, 0.18765562252337986, 0.0915923837999344, 0.022688039902959645, 0.16911098238767863, 0.31590613621244756, 0.24732959050163572, 16.850876598684636, 207.2034423744792, 216.87387473101217, 17.39960421146509, 0.24505163816161257, 5.8143544171410895, 0.11814167278527066, 3.589949185549642, 0.3311258592734134, 0.17092495908565297, 1.654892690398924, 0.05121906185217995, 0.11185519169538338, 0.11280323952377103, 0.30813316761020815, 0.0013731982278955002, 0.08679808531496747, 0.03452257952039872, 1.638977726080384, 1.3491151126849559, 1.3278434407792474, 1.6428288578330807, 1.4231547297609382, 0.023509851497578893, 3.1960030779260364, 0.116760569767564, 2.2908639468074057, 0.42154955256802396, 0.7762844325179685, 0.14738009130292085, 0.3262587167032507, 0.0014499225483746159, 0.09376178061512519, 0.805702780438537, 0.2401096334635895, 0.8057027804384802, 0.0013965408331273466, 0.17240673016186747, 6.94076815015535, 357.56952740001975, 714.0345452506767, 108.58779080980116, 0.48796740821592266, 228.49336157158677, 1447.1654562436465, 612.752217752382, 1.2714092446656764, 0.45234540628325703, 0.17017239168887954, -0.0009997589069712376, 0.5729340114928618, 0.22533590711816487, 0.017918369821529723, 0.3759526937827786, 0.07256949422514936, 0.004817470682041858, 0.1182450300099731, 0.4578787787048668, 74.28419047387183, 324.73640343246643, 234.03293369304367, 27.8880458163585, 0.13086182794370416, 0.7687042478402191, 0.01081625005559772, 0.11610555418786817, 0.09844292610682714, 0.30127682522709165, 1.0728015250599583, 0.0808422467894161, 1.3625123835556678, 0.5300286303513531, 0.002781434732867183, 0.5124437959666466, 0.4431769755053665, 0.9051669368274133, 2.02526463352433, 0.006113910567080438, 0.05382118757574972, 0.024507087991310073, 2.3133612365942327, 0.17700290098196092, 85.73809227036315, 296.66221939022887, 104.56027014847541, 3.0357971319147055, 0.06715840677372853, 7.0417251662248646, 3.921990952248734, 7.133924944141313, 4.861532467894449, 0.9240845037775216, 2.278017730582633, 0.8586550332904608, 2.3305467743645067, 0.0003005821939723319, 0.2668549607753903, 0.007504951994405928, 1.8318572460638052, 0.5358993535096488, 0.22312287157319588, 0.48638954764669506, 0.07727072927389145, 0.010783009330793902, 0.002705240008481269, 0.14368924815028095, 1.3616582717791061, 5.1146351778635335, 62.24591637558149, 57.37384231901342, 3.521692008933428, 0.7558033454321276, 0.31275705952521093, 0.9486068354183317, 0.0353202161787749, 0.0533455576085089, 0.22921273967654088, 10.568973521128214, 14.422382138308649, 1.1010133904286477, 0.03673331481684272, 0.4988413864713266, 0.8000252577373885, 0.029200251233760355, 0.005683685306621555, 0.5987352771370524, 0.09135016241054927, 0.4353322740319072, 0.08123554775966113, 0.2458474614197712, 0.16143319877187423, 0.11819349220627373, 0.525163077680304, 0.06153184847869397, 0.6120637734787806, 0.044464533205200496, 0.12069678598811606, 0.01331667678221038, 1.7890658197261473, 0.13286507220311705, 1.8942287251712742, 0.01318317396430757, 1.23580684445335, 0.09338729819251057, 0.4460261423632801, 0.013082243253052184, 0.052896030027568486, 0.07177533584865614, 0.06148467980870009, 0.08236344704607745, 0.26665519564448914, 0.11874098366217822, 0.0014773285272440262, 3.098144521262384, 52.5061067534283, 113.10155433227203, 34.03184575703676, 0.5603764641149382, 64.64327781199529, 250.81320870317472, 61.64458597172131, 0.9827292106133427, 1.1643296063410844, 0.03198929527445671, 0.031795074394494804, 0.0464109959026473, 0.3862393127781161, 0.3277984809465124, 4.998096081127642, 1.4986287781475767, 3.277338166034724, 1.2088543145465565, 0.34872482783850955, 0.12813179548186326, 0.43779526649905165, 1.2531555513704689, 1.9203450759888483, 1.5231588668294762, 0.6161889872056463, 2.1410207963297125, 1.0961274791876576, 16.758980592593957, 40.78190161215366, 27.29141688955565, 4.523834480821961, 0.04540346049634536, 0.011366984049345774, 0.011324016815365212, 0.0004538179670134923, 0.0018178538400661637, 1.8612358916138874, 7.46262469899375, 4.014887963420961, 2.689999315789237, 0.815771860238101, 0.6138482641168821, 2.1355449303267733, 0.0662501057075815, 5.24718553619789, 9.353818627478859, 0.044089118661190696, 0.11356302844478705, 0.9257430398383804, 4.049357735686726, 1.6564119827249897, 4.357104632350797, 0.2275610928829792, 0.2178567695275433, 1.6732440646970872, 1.2713096807738111, 4.160102239031971, 12.572542800771657, 70.06036312412255, 90.53690210405182, 56.555000512288984, 20.378405621420598, 0.3201471308107102, 6.9655610961906405, 2.032985629341624, 0.21106978717807579, 0.060149170795853024, 2.1910213474412785, 3.1931338907842246, 4.697013835210669, 1.805960623337569, 0.0007225466628142385, 3.110134722963494, 0.0028880421581334303, 1.4379745225411398, 0.0007204062351320317, 1.7719739435356132, 2.791816160702183, 2.8200302195937184, 3.4095831814943267, 3.2089231299804624, 0.8319269626259711, 2.9784053493433476, 2.9144402030137826, 3.059121661805875, 0.2064232986741672, 0.011419621195727814, 2.7214414898911627, 3.330210336870209, 1.4138456106496733, 1.4098698971311023, 0.7837702935213429, 68.71641642829479, 353.5755989383666, 179.78848183905916, 3.729289203207486, 2.4657812216347565, 0.01092228245329352, 0.33029829393444743, 0.0003038870222553669, 0.15993029822550398, 0.38918925760390266, 0.24097621846476613, 4.98983739681853, 0.16286282815269715, 5.542474845820948, 200.77614966300825, 1471.9293753706443, 654.0639641846187, 3.2901033407321734, 0.7191619979208781, -0.034023264135043974, 0.0017957328298052744, 0.1253902956026991, 0.1871703084711953, 0.044678623936306394, 0.6845689688413472, 0.5780006949705694, 0.16631496656941636, 0.11603854764388188, 0.004749349397457081, 0.31627130293395567, 0.3194426832735644, 3.993567167981382e-05, 0.24579293283585457, 1.8678979642330091, 0.11824503001002995, 1.0259569950916898, 0.1618227076150447, 0.04338995757092334, 1.3682635920595771, 0.04338543162089081, 0.04559076976090637, 0.07983594268813476, 0.019701020849765882, 0.08317241435719325, 0.019718785428665342, 1.404675462549335, 8.156672798611226, 6.877166794383356, 0.16310782889524944, 0.13414230708895047, 0.3809064263338655, 0.9957663781520978, 78.73947718840748, 403.8586473280094, 316.6682040531688, 27.93991433111978, 0.11928265199185262, 3.205169530679086, 164.19148102833765, 795.6648611640634, 299.08750547664386, 0.07303573009124875, 0.10041509704899454, 2.9427775590711462, 3.265340215299034, 0.9426890727758064, 1.9311984749137423, 7.488216204523894, 1.3655824417126041, 3.0402104111262247, 1.9506078510450493, 0.6005052402984461, 0.7662516403233326, 0.007378639268722509, 0.4712831893074849, 0.02942453062638606, 0.7420627775172761, 1.3091347545820895, 0.03011840235649288, 4.141451629244727, 0.6222437163543191, 1.1370117918718279, 0.07021822879079309, 0.736736981581771, 0.43896173677273964, 0.9132756583497894, 2.6909783207142937, 0.43815927311203495, 0.712545214899535, 323.2707917001278, 966.9255318587959, 408.72840266332673, 39.51730154384859, 2.103240921571455, 0.09836451914611644, 0.014597725424437158, 0.014756866161746984, 1.0592626259650615, 0.2550777817831431, 0.025201046231586588, 1.2406771587340018, 2.0517332577314846, 3.5796194724998713, 0.5460909556119304, 10.56173735494508, 0.015658800127880568, 2.588772616157371, 0.4663667821374702, 0.47153161359176465, 1.2710407368509777, 2.6557471518329976, 0.10097147674605367, 0.9240845037776353, 1.9319664126395537, 0.029914674697238297, 1.7413436361182448, 1.9091020236933218, 0.45181229782201626, 0.1247388976835282, 0.6891209862859569, 0.011174600400408963, 0.4732316984601539, 0.10137413633640335, 0.7147315094391615, 1.0745610445304692, 1.7664939140869365, 1.4511369744243439, 0.03530765983532547, 0.07453829798396328, 0.5098269950302665, 1.2867370219747727, 1.2683967857226435, 6.619288751084355, 0.339968983098629, 8.16185033199497, 0.0026212909692731046, 2.473268872812014, 0.0235477569132172, 0.8131171107387445, 0.658186282928682, 73.67739652503496, 674.0216883672497, 786.9203818480639, 117.57853687948398, 1.6680060372049752, 0.11784969575171544, 0.45129711041755627, 1.2753977591172543, 1.0280364656550205, 2.8734317600179793, 0.13009144667296368, 2.2143761929123684, 2.137487208232983, 2.5924081010256828, 1.1121111816409552, 0.621785217878994, 2.533700326719952, 0.39355539319666377, 2.741694462386306, 1.5704532604321457, 1.2305217527639911, 0.25496240656315194, 3.7078115378390635, 0.5812178371526215, 1.7500531912544943, 1.3239430031021584, 1.52172899955508, 3.0366633368079192, 0.7617888730837876, 2.8248967615595006, 1.0028174592008554, 2.5452370689175154, 0.3547029364603418, 0.7807898866732899, 1.9183686744721058, 0.3445359334771183, 0.29530622687627783, 0.5354460930211076, 1.9933218139633482, 1.5416642846092827, 3.249505250376842, 12.250625743885792, 9.49727256126232, 0.6843657990755219, 2.4721478795431153, 1.113348012977326, 0.3508276095537326, 50.59383257303739, 541.5873538059791, 614.8411334938797, 84.42006201742913, 1.7248641497488961, 0.15436257296039457, 2.1577184719703837, 0.11682910083914066, 6.863396462392984, 10.30964838313946, 2.394640185774392, 0.10303949868807649, 0.47199452308052514, 0.17194641347089146, 1.0187866926696643, 0.9875169965082478, 0.00026113880142020207, 0.1779782967932988, 0.021199813609996454, 0.5071412300902693, 0.1379112434497074, 0.1736564806151364, 1.6621411253406677, 0.02557562103913824, 0.530964120622798, 0.043187201486944105, 1.3436546848761282, 0.314951204751992, 0.03795517586161168, 0.6062706394229735, 0.06755239779784006, 0.03217494294847256, 0.006617504825840115, 0.1274999886140904, 0.00026439974385539244, 0.690862574174048, 0.0066212654907076285, 1.7704426501180706, 0.021428559515129564, 1.6841738053898325, 0.6249098663222412, 3.747416100214423, 0.1250240560234488, 1.60556660335385, 0.05823365034029848, 0.031722357489456954, 0.020825051863880617, 1.5958549523194279, 0.006420382683245407, 1.8948683022766772, 0.10344041253972591, 0.4574510636696232, 0.39989048565473695, 3.140035463428376, 0.5699901305947606, 0.2120403351797222, 3.4933211016148107, 0.9494588811727454, 1.5492767702488663, 0.9816506325307728, 0.15488649520864328, 1.557140635237488, 0.25789406048636465, 10.999700303893746, 6.955456209651061, 0.0046184601600316455, 0.04224246182047864, 2.974889397433003, 0.30458427808594024, 5.519604840725947, 1.829260074423246, 3.0260024629777718, 1.2715557128775572, 0.09785874460840205, 2.9543400719924193, 0.8034258999988424, 1.7433277793733168, 2.2072692985075264, 1.213782312055514, 0.0011882568276178063, 0.010436535559279037, 1.0894800709618266, 7.016939802008324, 1.3157451345344953, 6.749129702726464, 0.5905427320295757, 0.9930915601931929, 4.013411294868092, 0.00030058219351758453, 0.7315541536029286, 0.11943102622137758, 0.9905982927285777, 0.7015071636307084, 0.8294819574534813, 0.2566289125027197, 0.38741400024184713, 0.34983475207616266, 4.499658955400037, 5.082888553395833, 0.9527320560948738, 4.203762721085582, 111.86963902514185, 1214.6446941706772, 949.2819963992513, 62.26774691474168, 0.007394785677774962, 0.007613011582122908, 0.17448347857248336, 1.72965328300171, 0.006758930985654388, 2.4183950664019562, 0.1715781748270615, 0.011567834102891084, 1.6105840421338087, 0.2849315443728244, 1.6608831743248516, 0.2037733412835223, 0.8995003915569555, 0.11073236330065583, 1.8819144614536754, 0.05287826531923656, 0.4202003825046745, 0.05287826531923656, 0.030014271764912337, 0.1830425829197111, 0.14754233917170723, 0.4437710400809465, -0.009170050085742787, 0.5799687951165424, 0.48987110368869935, 0.13309892650258348, 0.28170037079513577, 1.3156312847873437, 0.28170037079513577, 0.25979627299966523, 33.28383010774837, 162.8958917824599, 113.8375745255239, 14.027262075614658, 0.2808034090771798, 1.22126153187304, 0.15615180431041153, 0.864589135874553, 1.7090527565136426, 0.3919400411891729, 0.019165060628040465, 7.593635341073991, 184.22049083387049, 290.38697466651547, 42.86743836273877, 0.0016262173913901279, 0.5952031136530422, 0.2570577486703769, 0.0417215621290552, 0.09416174450723247, 0.06980817872431544, 0.08206121346120199, 0.13412416776930058, 0.1337761907238928, 0.47525688320558857, 0.02631093139780205, 0.1044346513021992, 0.014889644379763922, 0.37452184181381654, 0.00041485857980205765, 0.45258250053745996, 0.5008210165722176, 0.0036825223284040476, 1.1136441270813293, 1.2199044967535428, 0.03425814688546325, 0.33173926562562883, 0.08271355160536586, 0.14963558467297844, 0.6595079607061507, 0.1059744303657908, 0.6595079607061507, 0.003756570542350346, 0.10812972224357509, 0.015085613756696148, 0.10812972224357509, 0.1870152175546309, 0.015138727173280131, 11.766719896802556, 34.63899671335798, 6.608205218353987, 0.12059055673182684, 0.2845552165669005, 1.5002697156189697, 0.3249259130318478, 4.552447574746907, 0.005342807754573187, 0.25707550540255397, 0.05609654798399788, 0.1471064577336847, 0.01187026978539052, 1.387891522765699, 0.11800289661800889, 1.1410921998566437, 0.0012980603974028782, 2.8619932123586977, 0.00812126083314979, 2.679439275450136, 1.2369463597076447, 0.0013366462757176123, 1.6237687401087442, 0.3819762010047043, 0.4484362713633345, 0.22274455642241264, 0.26272998033164185, 1.7687373971372153, 0.7934960905437265, 0.7287460692562036, 1.1543847792744373, 0.3645544742144011, 0.8255174576621584, 0.4234947049604898, 0.697736773448355, 0.6637879725850553, 2.8659294261466357, 1.2526983240678646, 7.648278597650574, 5.378134798298902, 0.15293104538750413, 0.21610665013281505, 2.193501480221812, 0.5675634465837902, 5.841913535219305, 4.189457409489478, 0.44330495184135543, 0.1049014776816648, 4.566564915304525, 5.448217423490064, 0.04062034491846589, 0.20644387115203244, 1.5542451165654256, 0.0644921128854321, 1.6941068202157794, 0.04741495654252503, 1.0339219363588654, 3.6801456156234735, 4.42516887776776, 1.3704605916520904, 6.521156658690757, 0.048393148345667214, 2.2606335920028187, 1.1031194483257423, 2.983048761825785, 5.68547143213641, 22.103901117068972, 1.4107140521039128, 0.23310147502115797, 11.128278519007267, 1.0939039548352412, 2.5637019379366848, 0.02259925887449299, 1.9255463645596365, 18.726324047206504, 60.50448418826659, 25.918927157227927, 3.5422549774475556, 0.00025153358262741676, 0.8128603999765573, 40.117723209718065, 343.6752938577978, 396.87967033302994, 48.015863078014604, 0.5709575723241187, 0.0030953013967973675, 0.33255982951448004, 1.5109219242239078, 0.33255982951459373, 1.1296233320838382, 3.561503494791964, 3.4578463278443223, 2.963626554146458, 7.594029695135873, 0.19200692011816045, 3.1360592999067194, 0.932508790503789, 3.9841188028075294, 59.530827204463094, 30.28690591389818, 1.824485639478894, 0.017995579843386622, 0.6485508058999585, 0.004520020859104079, 0.9648354611933883, 0.6398960909473317, 0.28409774552392264, 0.2826480518515382, 0.8621330716945295, 0.41164000910816867, 0.9912162302673551, 1.0448055484197312, 0.07258590096989792, 0.7537049041210366, 2.135689593914776, 0.4026175829070553, 0.01188509435337437, 0.3231407348666835, 0.3016123642870525, 0.7513821982660147, 0.2178462258673335, 0.008081982630187667, 0.3859003809487831, 1.884621681822182, 1.2956151046461173, 2.5547652613752234, 0.3952012542470129, 0.1828322621507823, 0.001989171487821295, 0.4154463439681422, 1.1657845116770886, 0.01219893849190612, 1.8178186236351621, 0.017665097073063407, 0.024609045893953407, 7.458229498493779, 66.86751608173483, 48.376186853070635, 0.8993879235441682, 0.27837619574881955, 2.060254171545921, 1.42349740559996, 0.07264140008430786, 1.5574773856664024, 6.017388550742226, 1.733065700954512, 3.3081304432346315, 0.27378427481789913, 1.670623834973071, 0.39466863018151344, 1.2727477787976795, 0.23012565200451718, 1.6001799768720275, 12.57588411091865, 0.020459251088027486, 3.9788972588821707, 0.16825403691302654, 0.2381307066862064, 1.8707453861971999, 0.24266338376708063, 1.2229554413753476, 1.4991785976868641, 0.0013876245873234438, 1.3248791073102666, 0.15170843308237636, 0.3943839872733861, 0.04894983692122423, 0.9165828420636899, 0.07574905871945248, 0.1900590658890451, 0.22430965323201235, 0.05554989194911286, 0.005268315169473681, 2.0055278577626723, 4.265002931463755, 10.420264928874076, 49.2326854502428, 12.038997548625503, 0.39187859042385753, 0.049214215644155956, 0.8573995735379185, 0.1941273441997282, 0.01952990705819957, 0.3383158557687693, 1.3783563613095566, 0.10497308063042965, 1.2410411005524793, 0.0004127070013737466, 0.5880918399692519, 0.006589073039549476, 0.02034577474694288, 0.010255611790967123, 71.23712980578671, 491.4688675859768, 197.39681247272677, 1.4843803748735809, 0.22880011216835783, 5.113297009466123, 1.2258156058763348, 1.1530244444466575, 4.92478130392243, 2.6115318966782297, 0.9734919203712593, 0.11797139053260253, 0.40747046025614964, 21.241534313157217, 92.19607117603368, 38.26918804641696, 2.549904121629993, 0.5483717139643431, 0.11470848221688357, 1.1368683772161603e-13, 2.170921481757887, 2.180220509596438, 1.43698626354535, 1.6654234436184652, 1.601647782869577, 1.382838872488719, 2.5953530210854296, 3.0359741583257573, 2.1429497009876286, 1.515228809575433, 1.397506597955612, 2.0775716513663838, 2.9211360384024374, 4.177394898428588, 3.1803946333423028, 4.288554563661819, 0.10302594570202928, 49.29485088469448, 381.22377376123825, 383.66138977382195, 26.143344474138303, 5.695592080996107, 19.874923629073123, 289.7331443081289, 595.9835982461507, 127.69441769901368, 1.8292796508550282, 1.8180962119655533, 1.4636395746956623, 4.164053500881664, 3.274749656971494, 3.007048140646816, 2.862828018996197, 0.010291417053679197, 0.04121386221561352, 0.3359610954554455, 0.683377640861579, 0.17333522792853273, 1.5171523594395921, 1.3665866057428957, 2.766082269388903, 1.5710181835783033, 1.3918454597841219, 1.5176726991148826, 49.792420272982554, 405.41056296344595, 394.98587949864407, 62.54579105176413, 0.5230142911956364, 0.004898607115592313, 0.13630535612674066, 1.1608366376913182, 0.04463959551276275, 1.4813841363863958, 0.007706751682007962, 82.21422619571035, 612.1069822937453, 429.8646793698001, 13.268469689349104, 1.9977449338847464, 0.08538788956536791, 0.03304105743887931, 0.19317370179277304, 0.7922122078441021, 5.684341886080802e-14, 0.8584208746388526, 0.04950465027377504, 1.5942242907089508, 4.296746825977721, 13.373267638218522, 7.024176415704403, 2.3926424621378146, 1.8112681235151058, 0.34377338492157605, 1.2031292387261487, 0.9287062413228568, 3.0564450867271944, 1.6033210524847163, 5.051438120434909, 0.918760862049055, 4.88459942021035, 4.5626917418364314, 0.24882672297616182, 2.1878119774042375, 0.16224690764966, 1.6654461562848724, 0.23494073071600496, 1.6654461563082918, 0.20993778223640902, 0.616362905334654, 0.33120940346867656, 0.008938454882866154, 0.8475031725495796, 0.5588538274071766, 2.3326188750071424, 0.31809306662393055, 1.4513753717088207, 1.647004048514873, 4.158590102268306, 0.9847007235154592, 0.9052475977736094, 0.1755685438704404, 0.7074305709439841, 17.296234941670605, 86.12533068909255, 40.361290870271546, 0.2824637959899974, 0.5933362996308347, 0.09173766449242748, 1.5774940700667344, 0.29121757814743887, 3.126739583789174, 0.05311944743658614, 3.4254901856318725, 0.14042826423604993, 3.9854622707773046, 0.2667481843878363, 0.020238203706071545, 0.044347271621063555, -0.000585016015918427, -0.0011380761981740761, 2.376266744921111, 1.746512748651412, 0.18598324565738267, 0.7615656930652221, 0.3750012115538084, 0.2071499074794474, 0.863858804175095, -0.06530354868993982, 0.49742491959557356, 1.1660933068203576, 0.09282315217268433, 0.8378945936157152, 0.20885240151852713, 0.5852847686749669, 0.05028270853807726, 0.16026430642847345, 0.5194111259910983, 0.24043686867884162, 48.32501968978045, 771.8933478270249, 1047.3306919611484, 118.94772203718003, 0.8284421942837525, 0.8625802285839654, 0.12128114322422334, 0.010887137835538852, 0.3092855770504457, 0.09760774654455417, 0.10858029438395533, 0.02985761017725963, 0.001211240419479509, 2.2101417406873907, 0.014813840489978247, 4.645230962671462, 0.007529010340590503, 2.7010555312051565, 0.0012019442766586508, 0.002779894696914198, 1.873870241733357, 0.00030908014662145433, 0.19587843702913688, 0.037522004171592016, 0.5155137301952664, 0.19292365108037757, 0.2225434015177825, 1.4668691264034805, 1.4339376318431505, 1.7324476030842106, 1.9344523308928956, 0.004924252450337008, 0.29509190897567805, 0.0012334839841514622, 0.06873027104177254, 0.7291907446235655, 0.024791154831063977, 0.07692474909686098, 2.246621127752178, 2.8124802288136834, 0.07430753437290605, 1.959209360626005, 0.44914477160125443, 0.21608366559098613, 3.012913975981405, 0.035439973810412084, 6.705768856226086, 1.6361870794415836, 0.1242449736735125, 0.08793746980586548, 3.3942638322574794, 0.007577579116400557, 2.7750287927173076, 0.007577579116400557, 2.3377318308389476, 0.7153159395847979, 0.12860389942079564, 0.010580448073937987, 0.10520882574417101, 0.5879823776659805, 0.7749032979111234, 5.779796659326166, 0.06846335371301393, 0.9290731858731078, 24.087142979881264, 19.000695780519095, 0.03713541743400128, 0.038425956977221176, 0.18201292020637538, 0.34034190407066944, 0.41863869074688864, 3.8907446165659394, 3.351782649108941, 0.4479037082752484, 6.33319419209613, 20.582709521421407, 0.31489878620868694, 9.792514554051081, 1.9747210262931958, 0.40797594854768704, 0.20944483798245983, 0.03258380583008602, 5.556356307724968, 0.058000262828954874, 6.638576939078462, 0.0036481080315979852, 3.2296089588234054, 5.562406558428393, 0.2139025336582563, 0.013285634952239889, 1.9947959761834682, 0.8366680609289006, 0.17283988768974723, 0.03579126857243864, 0.12906113677468056, 0.45935910380421774, 7.02539051794713, 80.45327289113777, 59.780911424607666, 1.7876156746310699, 1.88522712370127, 2.333396113421486, 0.5307450962500297, 0.0, 0.18562931179462794, 0.09923437637030474, 0.11020301748840211, 6.269584574432429, 0.4934140457515923, 1.023071184709579, 0.15431505089145503, 0.33373194939827044, 0.004752957275059089, 0.6577758098533195, 0.08974219117556004, 0.9435461588948328, 0.0775337330946968, 1.2893175345420786, 0.05390291158767013, 0.8212995237241785, 0.00483234047158021, 0.2357401032116968, 0.01929716673839721, 0.1931888104790005, 0.043059762774987576, 0.01327537724728245, 0.6994060099169701, 1.1058506188819592, 0.366853688822971, 27.288689143006877, 63.14837328481872, 14.177059708804677, 0.0015066043841898136, 0.9198097922987927, 2.2248489160324425, 0.009039888369557048, 0.5479179333884758, 0.24736372549466523, 0.16256115643363955, 0.08365303211360242, 0.08313250024809804, 0.1635767706848128, 0.10686237664765486, 0.2853442655074332, 1.0629905412913558, 0.09274566915416926, 0.0032175644295193706, 1.1368683772161603e-13, 1.0259523773428327, 0.2888879162039757, 0.38661968428414184, 0.31689586220829824, 2.489609053011918, 4.985692431456641, 0.30503759553471355, 1.6038062669369992, 0.03653543303232709, 0.07144463725160222, 0.10450176130871114, 0.023275159433069348, 0.9910312612041707, 2.552607870929137, 45.4750141509345, 41.83949537710885, 4.978647066656208, 0.11807423763764291, 0.02673570857496088, 1.1368683772161603e-13, 0.01712066070263063, 0.038455346697219284, 0.03239664855789215, 0.00966362432995993, 0.0010737355790979564, 0.06024178514724099, 0.26013844739259184, 3.392809438276572, 0.03919566374190708, 2.2442355059407646, 0.28036236881632703, 0.1436971423677278, 0.30394648240155675, 0.24830366147261884, 0.5883142670269308, 0.013667833743738811, 0.3202568896554112, 0.6885281926910238, 1.539723362017071, 0.6424964892606795, 0.2717510620165058, 2.3442100948179814, 3.22409245878373, 0.006952642849114454, 0.11140855852943332, 0.23154725238305218, 0.01767781579826533, 0.07928756973558393, 0.3731811730897334, 1.0078805749055846, 1.152771538698289, 0.20699786162151668, 1.700500058430407, 0.4902776729999232, 94.1232398618032, 525.1805642747738, 144.21304034532898, 2.62771449362765, 0.01120587317547006, 1.1127231876964743, 0.0452143345002014, 0.04554505171591927, 0.13786970805824694, 0.4875130294862515, 2.193391945191763, 0.006602649876299438, 0.4274218161706358, 0.18516203721549118, 0.10399803787220208, 0.20918664041431612, 0.10399803787214523, 0.16310317620059323, 0.07232789617546587, 0.372927255177558, 0.05776979267795923, 3.683291574408827, 3.2434356821295296, 0.3346313814245718, 13.271732291509636, 27.68840200981657, 8.989935551098256, 0.16202261270996132, 0.0555148678387809, 0.013838885865595785, 0.0005580322620630795, 0.03548864750348457, 0.2205416358215757, 0.3710257879535561, 0.15604244757469132, 0.0005411424272665499, 0.13814691181153194, 0.7570042494669451, 1.4583896333095936, 0.0005645536337510748, 0.9028391781879463, 0.40494994992735656, 0.06713447677265094, 0.9884614554587188, 0.020170760940516175, 0.4748119680180025, 0.005069139319402893, 0.10969231829460568, 0.2945269459787596, 1.4252851990152067, 0.552609391919475, 0.07718908832924853, 0.19340340617094398, 0.026545819595980902, 0.5295647508103798, 0.1984717340487805, 0.34558710254901825, 0.34244918645885036, 0.004897747620077553, 0.019513993042266975, 58.16880560367008, 344.23165474043105, 135.8320627667307, 1.376537304639271, 1.1010286820671809, 0.6838532836574132, 4.8082151101968975, 1.149274393068481, 1.3103379489679128, 3.9167477798481514, 1.1905996357023696, 2.9870168247579727, 0.6070167725017654, 4.060241933217696, 0.28323311199591217, 2.3302793744402948, 0.01714358546234962, 0.4642010803065659, 1.2553481171227077, 2.065985305465574, 401.083142429256, 870.6265673575796, 123.21839604007278, 0.5741475809688836, 3.102553388483443, 0.6110453014769064, 1.3198298224594964, 0.5178072690284807, 2.3451813765409497, 9.384227056296709, 17.901153541495432, 15.756993539112159, 5.501343298703205, 3.3393726378197925, 1.359671447379128, 0.8879183466665381, 5.309648490080917, 2.264904052917359, 0.08417996265461625, 0.6329268070488752, 0.48893066436062327, 0.0308880080237941, 0.17021593821789338, 0.12400011728709615, 1.413409733676076, 0.2058515111697261, 2.3269273836642697, 3.7734545020367705, 0.4500296613058481, 1.8803112811277742, 7.027089749174706, 2.5576905209995857, 4.850525825916293, 2.5576905209993583, 3.166868399265809, 0.4766973013469169, 6.308628395152027, 5.6847794224934205, 0.17861994474242238, 1.5035794042369162, 0.0033461032128343504, 0.030593628519909544, 1.1907057661951512, 1.3981394765346522, 0.25976343883110076, 1.307542029257661, 0.8561354647869166, 0.16603919843942094, 53.11604497587973, 118.41158300683469, 23.513884160496104, 0.4030069769578404, 0.2749659086044858, 0.01633245239122516, 0.33348231109789594, 2.029857061120765, 0.026062739803478507, 4.511835888958672, 0.9875169965082478, 4.038039059175844, 3.5713406385114013, 0.17960185602987622, 0.5155465301091908, 0.021307575217520025, 0.9935527154057127, 3.304326605013671, 0.1126959695483265, 2.0459275593178745, 1.342688443700922, 2.0012549075374864, 0.7584511628300561, 0.6000483724454853, 0.09235368542772449, 1.158022401652147, 0.2826398627692015, 1.986223718478982, 4.336234564167171, 0.17045344761834258, 1.437765229935735, 0.06472575472173503, 1.3816248914930611, 3.0823010980325307, 13.81994705149259, 23.191568692228202, 0.8525727541140213, 7.794979030045624, 5.708915448357629, 2.61576589921674, 0.7222164698828237, 2.318014296896763, 3.27900414276462, 0.3094737896775541, 8.768965852479482, 0.8737312378870001, 0.01562792619222364, 43.61834787794987, 379.00934946405073, 337.9616096702822, 34.0754622061113, 1.3774685382799703, 3.2071469291594212, 0.03794773438852417, 2.0732534141665724, 1.2678036575194938, 0.006612612991148126, 0.0360021389647045, 0.6303234470810821, 0.5497573641441704, 0.12823394318184, 1.3151403259884091, 1.1093172831028824, 0.011521011128309055, 0.3173252423516715, 38.3055640170096, 259.4611296482708, 207.3598554227807, 17.70284467094234, 1.98761033259143, 0.01877440371481498, 0.5791655546212269, 0.2314362786480615, 0.6614701367358293, 1.3660187311675145, 0.4212034281334809, 0.007788389449274291, 0.0012465543879898178, 0.05296509611093825, 0.0028093973559180085, 0.627971915485432, 2.457847764315943, 17.812570475566645, 33.650451756140455, 3.136968124220857, 6.10488373412602, 0.4839650700448601, 4.597640100794365, 0.002278608103665647, 0.33633339210609847, 1.0201059854631467, 1.7481016778067442, 40.686313354876916, 358.6320768807602, 763.1588757268537, 188.27835278083558, 2.6315295395137355, 5.623807864699984, 1.5245826302725618, 4.931845134831178, 6.157227019775746, 2.0791711231314594, 1.6925546929990105, 1.3544149250664077, 2.772150361470949, 4.257215302095915, 87.15191588256448, 435.83175322898387, 300.3341027298318, 30.282422254105995, 0.040362281782563514, 1.4723943447212378, 0.00838665972526087, 1.3854934848476432, 0.22510025370968378, 0.20486722443649796, 0.44595994280734885, 0.05467397707377586, 0.3542571967428785, 0.03882561590774003, 0.5192401013614472, 0.6573947245516365, 0.6006695040856584, 0.16082573868334293, 0.48254339209574937, 0.160825738683684, 0.7051212193074434, 0.7405526226775692, 0.10690769127847943, 1.722725757107355, 0.03332195384155057, 0.0003239578911689023, 2.2381898528867623, 0.0012962770878175434, 2.024844631081919, 1.232608639242926, 0.9912917938994497, 3.162732676157816, 1.150348277214789, 0.3673421868792275, 0.19305154654728085, 4.55723844530678, 0.31317139032864816, 1.5908919355381386, 0.2149103982210363, 0.013183173964421258, 0.029834749977339925, 0.023454861433833685, 0.6269663122413931, 0.3575777752251952, 0.4579641207584473, 0.23776490909494896, 0.8657967869813774, 1.3955685651158092, 2.3751815483894916, 0.10653061073287518, 1.416541230617554, 0.018132543241904386, 2.2282823434794636, 0.19349782963081452, 1.8942287251715015, 1.1203621744431302, 0.3124367264997545, 5.998245345704959, 163.53224052308371, 211.92436784675397, 15.003726854989054, 0.013803446855945367, 11.320224615499228, 5.923571046092434, 4.445787808862178, 7.77244037830269, 2.637765855556495, 26.98914204445441, 335.0958150077821, 434.8423739033333, 46.997296441024105, 6.04494595264066, 2.4452821830102494, 5.12233295594433, 0.6463504082926192, 4.969800267109463, 0.17412829803527075, 1.193519938896202, 0.1605243525516471, 0.06261120920066787, 0.1348045179692008, 0.5585271844070121, 1.197604601610351, 23.26045579485117, 128.01604364760192, 49.65807837908278, 0.6812584811958686, 0.010802823684116447, 0.1749807460004149, 0.6002630672315945, 0.05314976440843111, 0.7717009662800365, 1.154452873681521, 0.1536343670044289, 0.242865009525417, 0.28859418742968046, 0.7297178601924088, 0.17122290666316076, 1.080859632092256, 0.015232561407970024, 0.3356011084651982, 4.691884121621797, 1.2958517114509505, 1.2243466473945546, 0.825867504296184, 0.011021772848607725, 0.5451085000313469, 0.02825480395733848, 2.206552524913832, 0.5341844626130978, 0.7619471678243599, 1.0977216491321542, 0.48684955826638543, 0.48190117119440856, 3.451739055456642, 0.20886283279116924, 0.7524318354996922, 0.12443207818296287, 0.5727123699340382, 10.922432842880085, 80.43991618004577, 113.94259625581628, 17.3232943081739, 4.287264713069931, 2.8625501144985037, 0.5147118876280956, 0.03990427081805592, 1.145660467079324, 1.8843747245269924, 6.299765060213986, 1.4880790595360054, 0.2582178483087887, 0.022094217250412385, 0.12533909561796008, 0.07069144156378115, 0.12271665776563623, 0.8098636497100529, 0.030519070982677476, 0.9767469841689831, 0.003414690955082733, 0.814076734559535, 0.030625339839957633, 0.9818414289568409, 0.7301314958411353, 0.014051402857774065, 5.684341886080802e-14, 0.056818173184751686, 0.4228029324960403, 0.2850645626639903, 0.01375489064434987, 0.06957352238362091, 0.0034447762119498293, 0.2212524748075566, 0.0008589236092007013, 0.2795308487686725, 0.4633577171159118, 0.838794166573166, 0.05765526272381294, 0.008055789875925257, 0.7433311153704949, 0.008011808846276836, 0.0, 0.34879682615797947, 106.60379387205694, 372.04310309812604, 101.17242109384233, 3.4613429904378563, 1.0411597350758939, 0.2275641054228572, 0.00031444838873539993, 0.0012383540030214135, 0.03792172261171345, 4.411568645994976, 0.5063433478370598, 1.0687472875922595, 0.031967601326869044, 0.07219653411550553, 0.020445385531843385, 0.005114808082453237, 0.10442509667382183, 0.025849919082247652, 3.497140850496976, 4.0735472084911635, 9.165658370243364, 3.3843419836667863, 3.081162678150122, 0.7502963406460594, 3.410605131648481e-13, 1.1368683772161603e-13, 0.0212959934757464, 1.6743886632129943, 2.619966275843126, 0.46099839515773056, 0.43484462659603196, 0.40098751826008083, 0.054599079026502295, 3.6570231620955838, 0.9984968612260445, 4.859162214456887, 10.527290577335293, 78.89764508530516, 316.8630618661043, 137.0310916761032, 3.9439778820153606, 0.07482897300315017, 1.4173340108782213, 3.025128732982921, 4.326190940165475, 0.01562073965953914, 3.3741932295457673, 11.943506243370734, 2.6742406770190428, 3.027071057547687, 1.7270064415254183, 2.0095715107889873, 0.6374150990770886, 2.977447400177539, 2.3729205375194624, 1.445422294608079, 0.5067480097492307, 5.588187910113561, 0.6227865593949673, 2.7735654804961314, 0.531653427395895, 1.4313326933215649, 2.6063251029055436, 4.2249547953362026, 7.274749265445621, 2.0139246598122327, 2.41516966217398, 1.441015397322417, 1.556940274552744, 1.8746675446435574, 1.425422361886831, 0.623283800604554, 1.3912440010983573, 3.066501303631867, 0.025885881942599553, 3.098815510959298, 4.211302647633374, 7.209084046824842, 8.773965148666889, 243.9161872657818, 669.5240317588185, 140.17809304030015, 0.24341403244034154, 0.05249233576341794, 0.30000536840793757, 1.2683051454145016, 0.3766989719878211, 0.8631886096102335, 0.08773005024636404, 1.337479558957284, 0.4475120707049882, 2.3599340442888206, 1.2040324318162448, 0.033313834628984296, 0.0024633656967125717, 0.08902062217418916, 0.18661323245055428, 0.638686436612943, 0.0011120916597064934, 0.00704056070230763, 0.08070889060695663, 0.4683425580258245, 0.040274854214544575, 0.34068533746403773, 0.22033022020480075, 0.32822745845271584, 0.034407631770136504, 0.45347182648265516, 0.6479046282033778, 0.11134223022008882, 1.3871451823135885, 0.4942652618530019, 0.7120079013368468, 0.08243073989615368, 0.017910625521722068, 0.4309506721683647, 0.013708718308180323, 0.010098892575229002, 0.0011220985708177977, 0.02801889722957185, 0.0011234460608875452, 0.1903212919435191, 0.010098892575001628, 0.47114957496637544, 0.010098892575115315, 0.21888350177312077, 0.09154911376310793, 0.4559562809045019, 0.258042966209473, 0.601907711715171, 0.7997725112541048, 0.004493785219892743, 0.19089560331360644, 0.3892968911903836, 0.06374887694084919, 1.4587235634340914, 1.0305935232881893, 0.5907734262445956, 10.856655615985687, 226.49751533221593, 961.383114410855, 337.294650514591, 2.175694212301039, 1.15089990838419, 0.08459411017287266, 109.4520153336357, 349.0951053762294, 99.66249502088851, 2.5044574940864095, 0.5748994976235053, 0.11183416593451057, 0.07243416286371485, 0.012490435603467631, 0.024583387879943075, 0.0019912299165980585, 0.2632100213124886, 0.5851816039482856, 0.5446745724908624, 0.34363766000353735, 0.20141884772635876, 0.03195897568980399, 0.012490435603240257, 0.02445588243710972, 0.24525730351774655, 1.0860383352662666, 0.041724985278733584, 2.0824844736583827, 0.39980678626557165, 1.065587593882583, 0.49085312442559825, 0.018514695935095915, 0.5556459139131675, 14.53520084039485, 73.54676141250854, 45.04372453469966, 2.6652271162106445, 0.2033138372648864, 0.10499908956944637, 0.2873229649359246, 0.03209819567189243, 1.678987948711324, 0.4435100782069412, 0.07431920398744296, 0.0013134142740227617, 0.016061409606436428, 0.2791587674194034, 0.02098546002503099, 1.3849999062435927, 0.0013143285854084752, 0.988172162193564, 0.00032846784483808733, 0.567969067457966, 2.8735323125035848, 0.4147830503343357, 3.587751569283455, 0.5987950087484251, 6.718484735615334, 0.2002606320183986, 0.5688153452123288, 1.7139087873937342, 5.739528168643233, 0.2723177488795727, 3.015641026821754, 0.38176744153611253, 0.28490726358995744, 1.4266052121447501, 1.0111635942228077, 0.0031626964021143067, 0.15683438661801574, 1.719127715423042, 0.09232267240372494, 0.7057274831354334, 0.7815473281594905, 1.0670882299226605, 0.9964153494420316, 0.19591240708268742, 0.4484340480804576, 0.11810272187835835, 0.16230917258098998, 0.08192120977366812, 5.326564879188368, 86.01471629227979, 130.01603743358555, 23.02121891326965, 1.4370412230978218, 0.017471445989372114, 0.5869365130234883, 0.11659996180912913, 0.4911518560592185, 2.0726340480592853, 3.5448375934068963, 2.977296416910008, 1.5652194080255413, 1.4089068827881874, 10.87107824311795, 43.77581449702984, 236.547798000218, 49.94692076850515, 1.7585595607662299, 5.081550670286674, 0.8118254103118261, 5.9799478413788165, 0.8516516384871693, 0.4156393157494449, 0.0014524692408031115, 0.18940917034365157, 0.0362010021358401, 0.0003610448837889635, 0.15778119384629008, 0.9209024079282244, 0.1577811938461764, 2.009723021008199, 0.005778920661782649, 0.01806217732666937, 0.2610206516136486, 2.6455718225734017, 1.050615064452927, 0.27439121349868856, 5.480374226917888, 73.32708708871724, 495.9269995140477, 658.8765083394508, 135.22652492089605, 0.49756335857591694, 2.9097512886261825, 0.5383454495305955, 0.13887578325375216, 4.108026271327503, 3.2934417792511113, 1.0004416370433091, 2.144640958713296, 0.8556356345774816, 0.4445811725035469, 0.120367838343725, 2.1687971726509545, 0.6445618925769736, 0.008844026200790722, 1.5523420468086329, 0.0783944857208212, 3.185001656899942, 0.09876873510995665, 2.6417987122291606, 0.05776710500640547, 2.619711106500972, 2.270848795136658, 3.641060819328345, 0.16436114747745023, 0.627828801927194, 2.8272658450599124, 0.026474135154046508, 1.858706060113775, 0.37987237879639224, 0.2108866548185233, 0.6525053956609099, 1.5517969212603475, 0.2475928073819773, 4.101551102132646, 1.336704964723026, 1.7269369682354068, 309.04253787913626, 712.6004136735946, 132.11584579038708, 1.5447156239150672, 0.9962882429858837, 0.0004914486969482823, 0.08452365479081436, 0.03134067842188415, 2.155815119253475, 0.23345002002986348, 2.7865730828577853, 0.8186514857210341, 0.28526804851742327, 0.04046911117404761, 0.012261165755262482, 0.8261846395671455, 0.24069479593549659, 1.0890525256985484, 0.14409182890585726, 0.07228304630791627, 0.4095548064643708, 2.359131859232434, 0.001921584167121182, 1.1438181812613948, 0.039127382445144576, 0.03111876261220914, 0.7529291047879951, 35.03417653764211, 129.58313972162534, 45.86691151278524, 1.7941900339425274, 1.6524874300483816, 2.5856454758766176, 4.068637765424683, 1.0160891771595288, 2.2737367544323206e-13, 0.33858311758319815, 0.2917501716302695, 2.936028002607941, 0.35141258105170436, 1.4615891235907839, 1.39852747175064, 2.606417444431827, 2.8331202137757145, 0.025288796291420113, 1.4035642713968173, 2.3169120149976834, 1.4224755230272876, 12.179176853778813, 2.4515095228800874, 5.448605898083088, 2.159566100881648, 0.06454006069304796, 0.5761716488838147, 0.1196835458329133, 0.2539893119530916, 1.1017858731543129, 0.26248696324501, 1.6421458546890335, 2.3571554805394044, 1.5817540723340926, 2.852719933203275, 1.3952678298161345, 2.392544285584904, 2.039756824838946, 15.930644029830546, 35.69930442514328, 8.893659156586523, 0.6510588984507422, 0.21692118249694659, 0.0006626415479331627, 0.17115766624942808, 0.7837262876158206, 0.6214251800812463, 0.01729740808622182, 2.5957817581176528, 0.7336910589983745, 0.8118118921698283, 0.016520974406944333, 0.2678055177104852, 0.02396964119026279, 0.023677420119156523, 0.1119878574871791, 0.7750721581386415, 0.8241839078822863, 0.11496786319952434, 0.6483463972603545, 13.577912116060247, 95.9421137731797, 47.24489385136826, 6.442142421399126, 4.045514020081214, 1.3034597460747932, 1.4495017586355061, 2.7768449828068924, 0.4518875707404959, 0.0013323561444167353, 1.3661002252935077, 1.3796773616647329, 1.4409388604199194, 1.926561862655774, 1.8859940039130265, 1.320050505324275, 4.356698708380463, 0.1865681927224614, 1.7860715804866345, 0.6354983461660026, 0.012290327121377231, 0.005424778311180489, 1.536254833020621, 1.4113007350173916, 1.4288166913447071, 3.337349066139609, 0.033858495595154636, 5.233940967495414, 1.3571219987416043, 5.741861623147884, 0.4980727116243884, 3.6434519827388954, 1.9396343124047917, 1.5556061465302378, 6.606768197233578, 61.770545971706156, 95.30586900889233, 33.97714559057391, 1.7140047632852315, 123.35019958485736, 914.5327840472789, 929.3508852432826, 3.9870535545669554, 679.2857133440687, 482.4994887098853, 21.583939820748128, 1.432574394958749, 0.0349137988032453, 3.882237906623061, 2.7498593201532913, 1.311497171427277, 176.15583851891142, 555.8189319042144, 117.33738544839127, 0.6672363388363465, 0.06565556006648876, 4.184376773236636, 0.34362064976085094, 0.7648788766473444, 0.32096510270116596, 0.38878059366527395, 2.277459100846272, 0.10906898132338938, 0.5900367938414774, 0.2740408675775825, 0.3644244572714115, 0.05381151937763207, 0.27688677955688945, 0.9193221629648178, 0.15150209546413862, 2.0759893694302036, 0.0015259422075359907, 43.45359450420392, 176.215969949645, 96.4329118038645, 5.931311678755378, 0.09938766358891371, 0.007417329459144639, 0.0008283408761258215, 0.013264728774117884, 0.003316177515102936, 0.03010118912067128, 0.18927069364980298, 0.14364629841088572, 0.007649650282246512, 0.4849713404926774, 0.0681362513349768, 0.02053441149854507, 2.001791380621114, 0.02929847490247539, 4.6000161062169695, 0.798836734761494, 0.9225219769035675, 1.4528694417172119, 0.013130964454830973, 0.2062860685000487, 0.6266141905434779, 0.003260810475751441, 0.256841021422872, 2.271585295116779, 0.0511481105573921, 92.1850716476763, 352.7277411752526, 116.73222715980683, 0.1713337092431857, 0.699020477836541, 1.0425000911646407, 0.5443751936456351, 2.0744762575675395, 0.03585549336588656, 1.0912606689183804, 0.44645725150587623, 0.07911710158111873, 1.5536441783225428, 2.8824080341541958, 0.2968010897869817, 0.30410984573416044, 3.2836325845252077, 2.031199427096908, 1.179375299486992, 2.679891537510514, 0.288099176575372, 33.20288381967447, 199.9968822944934, 171.79852987283505, 13.377551198849574, 2.1054062124726443, 0.6306469869310831, 0.3622445828995069, 2.6167787911963387, 2.416358486324725, 2.52365222039748, 5.35705853660852, 0.14094868662425597, 0.2491136368930711, 1.2975502592798875, 0.14516119695861107, 0.259164595796733, 2.8686074387845792, 0.2591645957966193, 6.149580428614968, 1.0531948728239513, 20.834910959609488, 9.7761668366619, 0.08870150259252796, 2.0346190985852104, 0.08870150259235743, 0.49628482465931256, 6.977004151137237, 0.2290244185726351, 7.884878034276312, 0.7759160444361441, 0.850133277328041, 1.4416480106483505, 0.9171596256419434, 0.6170072108438944, 1.5937707618205081, 2.861254703476334, 1.3974007820698944, 1.4016802736637146, 0.149205206810052, 0.46632136091545817, 0.15308400398976119, 0.31862320919037757, 0.0695421226565145, 0.31862320919037757, 0.004375373768368718, 0.004336733405864379, 0.004355968657193898, 0.4252544309769064, 1.1418272255708644, 0.004170905892806331, 0.049978589126908446, 0.05082399511309177, 1.4636350122385693, 7.148833644694491, 239.75564830423264, 343.2401879071365, 40.44494919979854, 0.017309000543491493, 1.8687307747849218, 0.38099960709462266, 0.034017360482380354, 0.8153300264373229, 0.5782962757417636, 1.3984975522357672, 0.017155509378881106, 0.10163371793419174, 0.18412251887332332, 0.3149907234088687, 0.4789639093421556, 0.4295339048231881, 0.42889892216226144, 0.4542619282688065, 0.0013815502877605468, 0.0055423777971554955, 0.012452132056068876, 0.21882306835766485, 0.027986649033209687, 0.867312586451817, 0.3347326510285029, 0.7987265536559107, 2.629004080631262, 9.242261449887678, 0.0544103722958198, 2.353412499792853, 0.49922563119548613, 0.9560766350759877, 0.0015648227088149724, 0.5262815691507967, 0.5566887664381284, 1.1287881982052568, 1.0080723817558237, 0.5053598299812165, 1.3447866429737587, 0.04670283933933206, 2.4939089428347643, 0.09990313812420482, 1.0256016730897954, 0.0015699807988767134, 0.018974228525280523, 0.04723902480907327, 0.09876961994609701, 0.32303821366110697, 0.29718376064352015, 0.19901455846991212, 0.009390240729658217, 0.1657765945076335, 0.2714640963462216, 0.33712368328792763, 0.45760411489413855, 0.7976686867980334, 13.077855200631348, 35.058039174826376, 6.732943365400615, 0.07116910151654565, 0.25945182978961157, 0.19449499959262084, 0.1413081835938783, 0.06973522926739406, 1.2502680930653014, 0.0586264478325802, 1.4038098517176536, 0.6359776186970976, 0.14424132024447545, 0.017939659233945804, 1.8750586125644304, 1.163433378408513, 0.3237852116587874, 0.3237852116587874, 0.012161898708484387, 0.1960817648612192, 0.14217575701462692, 0.11057702704886196, 0.03163060256838435, 0.0019528194973190693, 0.4079015089854465, 0.004391614872133687, 1.1764810128730687, 0.023958583836019898, 0.09777344496905016, 0.024130364510881464, 0.08314041371431813, 0.02430457906166339, 0.15980324968734294, 39.83973031427547, 233.102205987361, 107.57954066524724, 3.1652057998853707, 0.7253625523065352, 2.4088895485848525, 1.36718911308742, 1.2259436544359232, 1.6290919647864257, 0.04175284207099139, 307.94462542095744, 970.0984577406471, 227.7013216853063, 1.1129101917828166, 0.5145410089594407, 0.08836103817611729, 0.03533036382862065, 0.048037734934609944, 0.2686813881583703, 3.4494055308183533, 48.830457076233756, 110.65597575602578, 25.308611876334908, 0.26467734269078846, 0.00625929298871597, 0.7189456301590553, 0.4467416132031303, 0.003443034328483918, 0.2809238655660238, 0.1250055275269233, 0.0990909103326203, 0.009696497614868349, 0.018897358230560712, 0.24440733547896798, 0.5086919803156889, 0.0015817090651353283, 0.17416874664479565, 0.3754958370066106, 0.09957669159655325, 0.00038597269963247527, 0.08642379439947945, 0.16884637092641697, 0.03833308620232856, 0.20270266474403797, 0.04677870834041187, 0.09965810758285443, 22.912128868403897, 77.14134294860003, 16.249672219086847, 0.0005850493479329089, 0.057565137066831085, 0.13053259723005795, 0.5400407947819303, 1.8071028268295777, 0.013838885865538941, 2.7462012791578445, 0.20262407325287768, 102.76750539586203, 273.65629805784897, 58.53710712448617, 0.08138919521104526, 0.947709357207259, 0.19089560331417488, 0.07304044308591529, 0.0002847059874966362, 0.0011364049015583078, 0.3258551171072668, 1.038592900246499, 0.040035382648170525, 0.12163210047822304, 0.027785807057284728, 0.5444169388629234, 1.2007675255956656, 21.447025209181106, 194.90836360097182, 227.62547226810386, 17.48314558412983, 0.13086182794381784, 0.10829134978996535, 1.0815499347668265, 0.23041058726357733, 0.30750242472868194, 0.03074775590880563, 2.8526067068734164, 0.00561121236546569, 2.8526067068737575, 0.4278110937556221, 0.000644172935608367, 0.10786387191865288, 0.4610533263128218, 0.389183168792556, 38.89531006701202, 319.01428816109797, 253.84019929228782, 24.5213896324841, 3.3824600032599506, 2.673303396750782, 2.5290536001117516, 3.084813266291121, 13.55509344190989, 6.1332234471764195, 0.022601570212771094, 4.513952816509345, 28.12285990746119, 6.258873354543766, 0.07083917722468414, 0.11849203423167864, 5.684341886080802e-14, 0.09348414092193025, 1.3469425660111938, 0.2167632825844521, 0.7331347855407557, 0.8516036147281056, 0.412998760863843, 0.005723972386249443, 0.574142671807067, 0.1456395943687312, 0.036679638641089696, 0.5189118835787667, 0.32060254827416657, 0.17190997952644693, 0.09027552177178677, 0.012935260592826126, 0.012897673039674373, 0.05196870452056146, 0.11814167278549803, 0.005842631586858715, 0.001475951524184893, 0.0014671726691517506, 0.023721803741977965, 0.005894994700440748, 0.17753569145907022, 0.07167953145398087, 13.834429704865954, 98.22965571918934, 84.05548470064741, 9.781597580779248, 0.040767082399270294, 0.25117071025783844, 0.28333681521110066, 3.764816364562307, 0.5206078812794885, 0.033474137288635575, 0.0435682547931151, 0.9072512058237407, 0.9134850332186488, 0.8582827459100031, 0.5976419241987401, 0.002719193256723429, 0.04314509021713775, 0.010922624108388845, 0.4263865577788124, 0.29751194627289124, 4.624416959684936, 3.651914846963564, 0.531198577847249, 4.375935087974426, 0.7614041974441079, 0.4124817324632204, 2.0354539149167294, 0.002599120590275561, 8.366112729344309, 62.23263217343754, 20.819105379653138, 0.536629373810456, 0.2713013034338019, 0.536629373810456, 0.19108226947366802, 1.3607787874684618, 0.15656019634968743, 0.01527312521238855, 0.22513302315007877, 0.02732198312799028, 0.1354153725561673, 0.26481084639840446, 0.6416177450453233, 0.2590664783186867, 1.9823211787851278, 0.010273271279629625, 0.014586246621092869, 0.4421866161287653, 0.23639480976976301, 1.3329486710268839, 0.29880313431692684, 0.2599691345469637, 0.6931965424869304, 0.08016323533172454, 0.0037830137906667005, 3.121885380445974, 1.288245590279189, 27.317891453609718, 17.01886874765512, 4.399926878838983, 6.694947706515222, 0.15859367483426468, 4.005510611754971, 2.3170381914408154, 0.9496050251929091, 4.834789680056133, 1.5131806513005586, 1.7130821648606798, 0.08530447024816112, 2.175028441295808, 0.02126603427700502, 0.012308192467571644, 1.486204750239608, 0.21610665013338348, 0.1529310453869357, 3.4996300624018204, 1.3776073973126586, 0.3574603432597314, 0.005253658607784928, 29.215121497783116, 360.43202073078487, 433.17812418829624, 72.90981241016891, 2.978279724822869, 0.6073585642291164, 3.4534327052915046, 3.4765437380815456, 0.9675899565522741, 0.7787142848979443, 0.09412073107586139, 3.8644488563363097, 0.5692002075812752, 10.535154805827347, 3.528719059984894, 0.4106055069269132, 1.435508891173356, 2.9455830284398417, 2.7669582777148207, 0.4343935283575888, 0.17753569145907022, 0.21809382371816355, 1.0959391978864232, 2.03886468436167, 0.7151703752048775, 0.58349734787339, 2.27910574995218, 0.6690165335127745, 0.18297697494153908, 0.14916240848117468, 0.5967173672936497, 1.5344459023443164, 1.3660688679756845, 1.3574427785239322, 0.18752502704910512, 3.2331229184808308, 211.39285191421334, 435.98999194032535, 75.01007702085064, 4.271145376624418, 30.283775498222667, 40.33893376333435, 7.340421027834509, 0.0295010503824642, 0.057460793081645534, 0.29815676101861754, 0.0011668302224734362, 0.0011539039351191605, 0.10462342917992373, 0.1281257135251508, 0.10462342917992373, 0.04922214103794431, 0.09392923832172073, 0.21325419438414883, 0.5920155236750588, 0.11726730246209627, 0.6184277822634385, 0.15302895651632298, 0.01408762637424843, 0.002587521631880918, 0.2783432488932931, 0.0566460789299299, 0.02915266058926136, 0.24632525836682362, 0.3599231705741204, 0.010660579690920713, 0.05796792641228876, 0.44577748643848736, 108.5737667441756, 1022.0879414641856, 1015.9542845492408, 129.87107118479867, 0.34645847488644677, 0.8115768632158051, 194.87967018998847, 980.7255299563407, 724.9657454912601, 49.8491861670409, 0.4801659552147157, 0.2105657493812032, 0.016555349980649225, 0.021311003895903013, 1.5290800692364428, 0.04002312183934009, 1.0702386925831888, 0.3854818810278857, 0.06554227209585406, 0.8960159623286472, 0.011953728684943599, 0.25761233752200496, 0.00033123277808044804, 0.24421180647266283, 1.4316929015898268, 0.41958906844058674, 0.3088262979523506, 2.1572187771728295, 0.08640101014589163, 63.78303309395392, 258.1411959605348, 129.19273065514665, 9.390570803200035, 0.18924083644287748, 2.7391976208945152, 1.6330749563298923, 1.407863120523075, 0.08673169466260333, 1.7126618407183969, 0.1461888042689452, 1.6359550008788801, 2.296398069673387, 5.634514903023614, 0.25725906012701216, 5.776058140404189, 3.721183031128703, 4.82517241085327, 4.077763241379557, 3.9155769445184205, 3.9222386480786327, 0.1676167165554716, 1.6026107229436093, 0.08375843942394567, 0.11898037677997308, 1.567961915930482, 5.4023134002501365, 1.810088113842312, 34.95818319119098, 31.3713342205009, 0.3444387958510333, 2.7431042498968736, 0.12452324866262643, 0.12770067570829724, 3.1684335675678312, 1.810518467901943, 1.6709447218856894, 1.4220299403788204, 0.1876647545158221, 0.1891835113705156, 0.5895772974755573, 0.7206929872282899, 0.19550878302015917, 0.010861587563681496, 0.9134850332183078, 0.024404514363823182, 0.04186637528573556, 1.7461662250157133, 1.4634200991765738, 2.556660768409415, 2.200942440843164, 0.0223442873644899, 0.1406441906561895, 0.015626919007331708, 0.000630768685368821, 0.30790580570101156, 0.5033889700606551, 0.000645029236920891, 0.023454948369362683, 0.01616875040042487, 45.89095745746681, 183.13388114783947, 43.9276614984733, 3.349787167068939, 0.9360315646899835, 41.76084449886571, 17.59778112142692, 0.3434126139839009, 0.3801890798644081, 0.38475973433571653, 0.1722001706879155, 0.15640579885121042, 0.4525617650787126, 0.0011905170057389114, 0.07561796353832051, 0.0666078113548565, 0.05793141478125108, 0.3047773937006468, 1.3904433601435358, 0.43953393677224994, 0.35141380784887133, 1.353745318473898, 0.09686219603236168, 0.04266931650124661, 0.019072472805987672, 0.09582472831505129, 0.01907247280610136, 0.7171362186483066, 1.0158051876403533, 3.115593475727792, 2.0255411430852064, 2.369026720602392, 0.3059410955071371, 0.4519887676062808, 0.14216018673960207, 0.09457255200709369, 0.002627820328143571, 0.246325258367051, 0.1991784547236648, 0.07604874384537652, 0.14478793828504877, 0.007452545129922328, 4.9852874503759494, 97.70143197779998, 136.53376224314104, 19.955122389980374, 0.1228606944308126, 0.0005435810701897026, 1.1356262182964656, 0.7681088369000122, 0.0005229493660863227, 0.025624575909887426, 0.19064969099969176, 0.19148874542003114, 0.013304680952785475, 0.09124917422229828, 0.36398768035417106, 1.322601277765557, 2.294635513717992, 0.30041208224707816, 0.6344525727996029, 0.15129863527943144, 0.013231658307972793, 0.06314019189738929, 0.03381742116744135, 0.11908609975853324, 0.0005263762301979114, 0.008519693352468494, 0.025905641036672478, 1.1368683772161603e-13, 0.21465547087399273, 0.19383400618556834, 0.4188685968508139, 0.4490745800569016, 1.1928433193738783, 0.7749472568765441, 6.5389809497957, 1.5512255316375558, 6.659946186414459, 0.5199990275233404, 9.802978061569092, 0.00800634672623346, 1.037348201271925, 0.11371362379259153, 4.5645278168075265, 0.4053874012251981, 3.318745801043974, 0.5471002755731433, 0.08668531968203297, 5.87562414357626, 0.7309803174631497, 5.541742600487851, 5.022004865028066, 0.12094446288381278, 0.15798701030030315, 0.25491124770496754, 3.565075521039148, 0.5568260807200431, 0.5959629822185661, 2.8647199968702353, 0.15627542991182963, 1.0065369449401942, 0.02376517821971902, 15.60170404312521, 105.1192552674562, 62.35783150938016, 2.059284710846441, 0.202512389881349, 0.056921491819025505, 0.008011808846333679, 0.43604352184240724, 0.5709688730083826, 0.04535274135224654, 0.07511322850029956, 0.059180416950141534, 0.05840798961185101, 0.09092382178261005, 0.04467686321873998, 0.1101204584849711, 0.00823659766314222, 16.73714227147002, 127.22565432564693, 88.74153078370387, 2.3650024617408008, 1.5829672122868033, 1.7121208479129564, 3.813515902104598, 0.002558821407205869, 2.2566020388484844, 0.010265787479056598, 2.9833738506012537, 0.21220924981338385, 5.032443449885193, 0.08962783495826443, 1.7517841922499429, 2.065203488488976, 0.44958599919362996, 1.0748056403184023, 0.7698679046860661, 1.0748056403182886, 5.684698845571347, 1.6774369399238367, 1.767138418171271, 1.1006690479399026, 1.1057442983982924, 1.510030607354679, 0.47018173415489173, 0.3626142106573411, 1.160934533906243, 1.8210375594374, 91.94943746893853, 688.9351507803002, 597.44799719609, 66.82487156335378, 0.16254364438759694, 0.31372053526843047, 1.1197460778214463, 1.9838859128442436, 0.011400057181731427, 2.621844167577933, 0.09081541571140406, 1.016948430185721, 0.3034055377298728, 0.0003191342908621664, 0.6937176689215221, 2.5096744901646844, 0.40550359309622763, 2.741360015864757, 0.21221543096635287, 0.1401698714713575, 0.24628433645864334, 56.62251455976764, 280.593057952456, 97.17021460702153, 0.2205689147896237, 0.27154805397083237, 0.0006889531989600073, 22.813175617606134, 165.0550602450744, 243.85649730801413, 52.17458111108317, 0.6898929035752417, 2.520233029686551, 0.18872895130698453, 1.419700830292527, 0.046625237841510625, 0.6736618262533511, 0.047745869574669086, 0.2381588661570504, 0.49114517642919964, 0.7375971400072103, 0.00280694052275976, 0.6463748585060785, 0.5746802413482897, 0.14406470176623998, 0.04702058673410647, 0.29596180795806504, 0.2471484421163268, 0.027067173835007452, 0.24845525719990746, 0.07911919731998296, 0.10940339648811914, 0.20064112460852357, 0.0, 0.012305886709157221, 0.049888590383091014, 0.022567919797154445, 0.35452945819452, 0.003334721975704724, 0.5679302590848465, -0.025104347157309803, 0.5815488028725326, 2.2871522318581583, 0.10429770376106262, 0.7208592911847518, 0.07482872604157365, 7.975034944473919, 682.6964827205672, 1331.1403615330576, 235.0444013932606, 0.01320264886305722, 0.9838789226388371, 0.5140781743148182, 20.315069297731043, 357.5456912375553, 586.564739010136, 125.96794993021138, 0.9890471968190582, 0.0010999675073435355, 0.8634816208722782, 0.2520192001049395, 2.071760554123898, 0.018317189925596722, 0.6063881430139304, 0.001151525726413638, 0.32895855001282825, 0.5440120669758812, 1.2172230627907652, 2.2737367544323206e-13, 0.18466012644421426, 1.3979031856640631, 1.104269182883172, 0.9663529758134928, 2.9214974592547946, 0.24585209580652645, 0.5259569782781455, 0.31649171933065645, 0.017738569256209757, 0.6259439208439517, 0.31300137185417043, 0.017008912047685953, 0.47975611811170893, 29.949709740140406, 188.17628468028192, 87.61432410934583, 2.09603065020724, 0.4336733309345391, 0.4684700806684532, 0.039444567699888466, 0.7384811071253807, 0.0004850026268741203, 0.23298222383925804, 0.00048500262698780716, 0.19273974093107427, 0.3234626583432032, 0.04794390479884214, 0.252744687748077, 0.039206208589860125, 0.14087828112184297, 16.55638466370192, 230.46760211275807, 449.1532885190434, 100.4621525600046, 0.32323831674119674, 0.024300843401874772, 0.6933208980693166, 0.3986392724327743, 0.10020465155287184, 2.0792271963474604, 2.4258428687084006, 0.19533476523417903, 0.47386779212826013, 1.3212807828990663, 30.38711926759055, 110.2571018879762, 16.49979741891525, 1.470338487213553, 0.056690995475662476, 0.3312603414679529, 3.230415976451525, 2.851672531207271, 2.811239194555128, 3.2306647078328865, 0.09051774163407345, 1.0940355430745967, 0.29446269299506866, 0.1447632185177099, 2.1775295141040942, 0.010953697139825636, 10.883543676492991, 64.74973739666336, 59.624980461012, 2.966526429432861, 0.11018299494492112, 1.1494394908100958, 1.0073758447259706, 0.0057140861750895056, 4.574967444826484, 1.268344583155681, 1.723873566383304, 0.8074033003351815, 0.898663464258334, 1.4052538585655157, 0.3814380117081555, 0.15263700520188195, 0.002609602404731959, 2.3976130984702877, 0.20913341338643932, 0.0006186922429378683, 0.2518230431797974, 0.4250371158307189, 0.2966157909213507, 0.30510383841578914, 1.435770606696451, 0.3635738116324774, 0.6726297875136424, 0.6708141699731414, 0.4124817324633341, 1.4327188713278929, 0.0025921786076423814, 1.3116086298174423, 0.05210911574238253, 0.37834150878029504, 0.06437501197399342, 0.031818030241652195, 8.646663151819894, 59.41056606354198, 50.115659309304874, 11.640709419719997, 1.2082610874028887, 7.730457618747096, 0.1544593372611871, 0.6873799464769945, 0.0017245556347234015, 1.5607270945806704, 0.38251779000518127, 2.682826539979146, 0.02693702428814504, 0.6421846641939055, 0.1537712626461598, 1.589527750227603, 1.3820835317399087, 4.168290019826486, 12.66566671804128, 0.18488220387473575, 19.701692063245787, 2.0175345384172942, 1.4362555975903888, 0.21566841792650848, 0.1133334687116303, 0.021543173325312637, 0.1412176851172262, 0.010981320145788231, 0.11147760833523535, 0.21095595582062288, 0.00043844778849688737, 1.5968912454970905, 1.4106434553450526, 0.04540346049623167, 0.14837311013911858, 0.7096797416343179, 0.940310403748299, 0.23279599680233787, 0.00043486216191013227, 0.09937966943755328, 0.015690701129756235, 0.03538470087789847, 0.3225909515657577, 1.1130334301282119, 0.06416503965010634, 0.43163780924135153, 0.1789035484210899, 0.04406691516715, 0.5136872218596409, 0.06351491731697934, 2.701383623266679, 15.943471338778977, 6.725596555451602, 0.9183864927493914, 0.005850159996953153, 0.28556325712008856, 0.017936852129764702, 0.01809025975262557, 0.6987489904547601, 0.64253239954121, 1.0173394616272162, 0.5251630776800766, 0.6007620597025607, 1.140813329916, 1.2542391662287855, 7.454692781932067, 0.6630585159313114, 26.44255217784405, 392.93366756459136, 931.1618821065597, 257.26644593089145, 0.2727165803386242, 1.1388832802126672, 0.897386334335522, 0.5387285076629382, 114.95822108338416, 228.90512689533722, 31.566305845817737, 2.753776207352985, 1.509665291347801, 1.9697430536593856, 0.9846399011551057, 2.4809847358240518, 0.09262424571954853, 0.04301683511386045, 1.8427589201299952, 0.09643747911695755, 58.537587090523516, 219.06084870695304, 135.880359839579, 39.94826599228452, 85.44462220857338, 108.43458941975291, 25.7849732837077, 0.6904472350098558, 2.0344312802213835, 2.090221131519911, 1.0267183941284657, 0.2855047448035748, 0.3515859565785604, 0.5905775128452433, 0.07463189552890981, 0.5660697699321418, 0.7608684487177015, 0.0010378595040947403, 0.04460771911556094, 0.09411314405269877, 0.00026290779044302326, 0.05922126012296758, 0.37551137088792075, 0.01292625617838894, 0.0010286810118032008, 0.7286592716648101, 1.6822729860205072, 0.6743261029049563, 1.640938686336085, 0.03774161522653685, 0.5040219604629783, 0.026194698425229035, 0.574615220373289, 0.7825111234028554, 0.06543771886049399, 0.37177150520233226, 0.1869103279831279, 0.2859876919562794, 0.8228861150066678, 2.139900808724292, 2.6953147406293283, 0.44967877409908397, 2.1387128637927617, 0.06572675813413298, 4.516342340850429, 0.0022986421126915957, 0.5508768910427762, 0.25904636269535786, 0.036487609139726374, 0.5704299162562165, 2.724778152655972, 0.9244758251552412, 7.624351953394921, 0.8632470276581898, 0.8743388794719067, 0.6429453470983617, 0.8760988653608592, 0.043021655372854184, 7.77494157364265, 1.5071794260866227, 0.11958397557384615, 0.5330036813584229, 4.457362172353669, 0.07475636825176935, 2.0333082928109434, 1.7280091605566668, 0.06705856126075105, 1.6446519397769634, 0.03145667033470545, 0.610560622120147, 0.4735545135642951, 1.900102612339083, 1.1368683772161603e-13, 94.7878170011636, 931.7494575528174, 561.8306388696753, 15.415652531981209, 0.4594080049994318, 1.285258518529531, 0.5719620327272423, 1.0774723112450602, 0.3483151927061954, 0.6453144265143465, 1.773375064819561, 1.8087151437530338, 6.17948711152718, 4.1256396047908765, 1.8021642557725386, 1.3261838649545439, 1.03834598795612, 23.324318191837847, 149.8910067521656, 102.23608894603399, 5.046546121219535, 0.13867660657035685, 0.7412805137616942, 1.8432925499581643, 0.023518090129073244, 0.09356930375793127, 1.4525785980403043, 0.36547684279219084, 2.693827940065603, 2.5018130324226604, 1.1417729105883154, 4.738512015129913, 1.238780464864817, 0.4343986621940985, 1.534250673193469, 5.256374435766702, 0.06378249734370911, 0.0026343872012830616, 0.31534920665126265, 1.8505309040875773, 0.7472066487748634, 2.9619426376865476, 1.9105186314674256, 0.00604627480754516, 2.7480156277115384, 0.6333869906901555, 2.0273168522116976, 1.056322259199078, 3.4986680784996906, 2.137702807997357, 1.702595319870852, 3.353878831711313, 1.454470112559079, 4.80810572698249, 3.4204866781075225, 1.8926299934148574, 6.80536246320969, 70.95582614811906, 176.13047908622718, 43.62852532228726, 0.9075533222545573, 0.002899689087485058, 0.39334510098092323, 0.0012883106145409329, 0.33647484295363483, 56.742826267258465, 265.33960824384667, 154.97037535821005, 8.867513938230218, 0.007429869331190275, 0.2645772072342538, 0.164168450235195, 2.944616475581597, 0.6328871721989913, 0.1269206705264878, 1.2416049472895452, 0.27805834496729176, 0.04100622471304405, 0.0033851211010755833, 0.6284224325634113, 0.2414463650242169, 4.071601242667725, 0.06721025630736222, 2.865188026640908, 0.24522075465341686, 0.013901583262224904, 0.33852867161164113, 0.7148914769148291, 0.8211956933961346, 0.18894532559153276, 0.49521141648483535, 0.1939450124454538, 0.2770851697938497, 0.16909612988968092, 25.455770966098385, 194.32214427620357, 115.37379461523722, 6.998703921534911, 0.38119357397664544, 0.4613595109705102, 1.0646486897779823, 1.2940033886809488, 2.8956939275958575, 0.12324194836503466, 2.4328674594531208, 1.9462902920795386, 0.9209921903518534, 0.2636029133261104, 155.54478312932065, 791.0530421826861, 575.703630309833, 71.16434617388711, 0.005029496372685571, 1.0271893245735555, 0.015418278702895805, 0.43572575043504, 0.6778389550088377, 0.7054743376411352, 1.7844401024187846, 1.2214627827655704, 1.5970076969067577, 0.3221086282316037, 2.3851637611421665, 1.354910865939928, 47.77495166136441, 454.50514553842925, 547.7977041421515, 106.23890773545804, 4.461943387918666, 0.4947042084793907, 2.1965465869991476, 2.7993355169651863, 0.5233005525338967, 0.4924040126536511, 2.4761253494418156, 9.57616146369702, 7.728235020947523, 1.6961034929891525, 0.7579989148446771, 0.7550300168174999, 0.17337432548919196, 1.9767379927735647, 0.9914946736258798, 3.9598413995798865, 0.15235205465904755, 1.3342118575515656, 1.5284924516845422, 1.4476644491480215, 2.3352000782938376, 2.5985632897564983, 7.02932291142929, 2.924394569682079, 9.72395477577777, 5.763874218035653, 1.3714145337894479, 2.7270404608036074, 0.23876932486456326, 1.4764304085915114, 0.18339459146898207, 0.026608801009842864, 2.2973698321191023, 0.1401289159331327, 4.781643847247551, 6.2245307620394215, 300.65248573210306, 610.5516396640065, 78.42190816714401, 3.4008269865965985, 0.24329857146608447, 3.172201279912656, 0.6254530420626452, 0.5512534664624127, 0.26152849231516484, 0.04553284302176053, 0.1819605483748319, 0.30263252586485123, 0.054244394169245425, 0.9562780306581544, 0.14572775784859004, 0.7986958256568641, 0.01628350624127961, 0.4614496219319335, 0.02202851742652001, 1.1171874713998022, 0.01617662013268273, 0.19442687064270103, 0.3999259009266325, 0.14545466709932953, 0.7882668714554484, 2.2737367544323206e-13, 0.03675936748311415, 0.13190403385692662, 11.025842337831818, 83.3438445396448, 50.515033617933454, 2.2217044841239613, 1.3208396406721477, 0.0300102544828178, 1.979936642568191, 0.02431606688435295, 0.05738904756140073, 0.6793009927225739, 0.9304626900487847, 6.0397021173818075, 0.030300583422558702, 3.914074362727547, 0.41124314564501674, 2.079986400568714, 4.1871197105466536, 0.3025018025692816, 1.2627652167592487, 7.874014890775811, 0.9831908411906625, 2.2934937452811255, 0.5429289173664529, 0.31698461424355173, 0.26319540135477837, 0.042508268940878224, 0.010647142873381199, 0.03572997983712867, 0.491749886990533, 0.029335022461850713, 0.0026018902575515312, 0.29649918692780375, 0.15417067811233665, 1.1978916876871608, 0.7157701680038144, 0.6130137433983691, 0.7086567510133364, 0.19355860352970922, 0.05258004237612113, 1.669095722346583, 0.44182242311569553, 1.9053827030642196, 0.14732061014626652, 0.6814410175402372, 0.019568960585729656, 0.0109152360673761, 0.014909752526591546, 0.4905127646048868, 0.01490975252681892, 0.5151777588021105, 0.0076119408382737674, 0.04338109084278585, 0.5543742550186153, 0.010783009330566529, 0.186315452837448, 0.007485812303457351, 0.004813936537857444, 0.019145380551776725, 0.007543517375893316, 12.621672675188165, 103.36320358579519, 113.99965302616556, 17.94981889837652, 0.9804978766953809, 0.46028235848052645, 0.5037087215440579, 2.9087901354271253, 0.18007737257585177, 1.838866878122417, 0.027406980681689674, 0.3471773550591024, 0.008892561108382324, 1.8968223219793572, 1.0946997409462256, 0.25215555044417215, 0.20861774121647159, 0.04190423817010469, 0.16557350806658633, 0.4441555989309336, 3.0461985361638426, 0.3401322718002575, 0.2225748222282391, 0.10732871748894013, 17.415424420494105, 69.68170404235639, 68.4580979521362, 10.050516444337404, 1.4640191841644992, 0.1202504791389174, 0.1506133764818287, 0.06605637380550888, 0.0054154994384134625, 0.0013538745456571633, 0.193025289185357, 0.008470814410316052, 0.048051435719798974, 2.21739584164402, 0.056373820227690885, 3.1193426581510266, 1.8670300438990353, 1.1384376244428722, 0.2528059668225069, 2.9281694994593863, 0.2299601365127728, 0.7198378049102985, 0.0030364361929287043, 0.5187252748341962, 0.0869596330484228, 0.12223182861634996, 0.0013675760833393724, 0.048879570072017486, 0.16429083355728835, 0.6442280641850857, 0.003027792377224614, 1.460902365739912, 0.1353885645179389, 0.2528059668223932, 0.4991193598217478, 0.02234938162951039, 0.0502491460949841, 0.000348053700690798, 1.9557440380774551, 20.49615379359659, 22.949862473241865, 3.7794008293466277, 0.43862605089577755, 0.09001403345871495, 0.16571282592747139, 1.3626266994668867, 0.5481641149050347, 0.485490155232128, 0.3496762124741508, 0.7109968657596255, 0.10096252485425339, 0.7473399481648357, 0.726495286645445, 28.94069576889615, 201.27145756737036, 107.32003118658554, 4.637936236247469, 0.1200837142536102, 0.4805998690053457, 0.0992957376756749, 0.5863746222291866, 18.963253569138715, 16.901180859370697, 0.6446047064632694, 1.1708671430226332, 0.47986932856724707, 1.7062166455689294, 0.33439729285373687, 5.897772120169293, 4.19247824327465, 2.8978449328445777, 0.06544963477108467, 1.1025211490917854, 0.3022469557072327, 0.005312766177439698, 0.08739900312843929, 1.665820242768973, 0.4638747852322922, 3.104361476211693, 0.25959952235427863, 0.10616568193859166, 0.020927307381498395, 0.0, 0.3592085611682023, 0.28014302339488495, 0.0013357015220663015, 0.05714003862647132, 0.09599610522218427, 5.6523511337958325, 1.2423990861235552, 0.6665107835922299, 0.38316069436666567, 0.06240266180748222, 3.068630470047651, 1.9289135007138611, 0.1762125175496294, 0.021326034923276893, 0.02155400293463572, 0.05641364819859973, 0.8627914177068305, 0.0013423413724922284, 0.27682379204725294, 11.949141663588762, 25.0703863282223, 4.573648550863368, 0.12106034930809528, 0.053725480806861015, 0.022157327587365216, 0.09880881637798211, 0.4124487542433144, 0.08773005024625036, 0.10787067531782668, 0.1562369853184009, 0.08834497229997851, 2.8140937255333256, 101.77197714661531, 230.27814298534815, 38.93319591136117, 0.004925516865000645, 0.00855748838080217, 2.433183653829019, 0.38332320943663944, 1.3025820107133086, 0.05209729704233723, 0.7971945398196567, 0.28060495722456835, 2.108011783654547, 0.5745088944307781, 1.3905366086844424, 0.042175971562755876, 0.013031322153210567, 0.41656091197137357, 0.5108919031205232, 0.026338780609535206, 0.09074135158482477, 1.3216780864140674, 3.570593205468981, 2.591550038346668, 11.463927222350208, 0.04263663396261563, 6.740230179283003, 0.04263663396261563, 7.572730817173692, 0.3229965728355637, 1.317437569808476, 0.0005096693798805063, 0.8559140587408365, 0.24371772251549828, 0.45558593750649834, 1.4379354683671863, 1.4488421923630312, 1.412036768222606, 1.802511613639581, 2.0802485915297666, 10.717317758933405, 21.550096717327506, 10.30588979245681, 8.389874885605082, 102.90189130880447, 82.06467282849621, 6.3497246020994, 0.9325087905036753, 0.30001502545508174, 0.8302668983737931, 0.0007611382068262174, 0.00670363566382548, 0.0007611382071672779, 0.5981807037070439, 1.0740077203716965, 0.49748678898674825, 0.17967362379067708, 0.02039714560999073, 0.8293239538708121, 0.9209565029113946, 1.6942440679022184, 0.028035780781237918, 2.8274703842604367, 3.049765908425343, 4.065378935689523, 6.4427165624713325, 6.182435633738123, 2.790828623745824, 5.143805511831147, 1.9174590340560371, 0.7362171368014288, 0.415379552152217, 4.248743118819675, 2.795810434408736, 1.4362063771687872, 0.03480393104666746, 1.7807933715116633, 7.7077062227062925, 0.3650687278981195, 18.43365555106766, 1.4838527150957361, 14.063488576320651, 6.525711327665135, 3.9012328882888596, 6.298430790056727, 2.8183630295857256, 1.8339654796917557, 3.189728064840665, 3.1845957381284506, 0.03473518532189246, 1.559348189911475, 4.768074881603752, 1.3989376320545261, 3.009021254760455, 6.196167855844465, 5.067673394805183, 3.2759273169158405, 20.200031853898167, 11.327485825932854, 0.3511920711007406, 1.9995495275293251, 5.925289652861011, 2.7323461804361386, 2.788665526095201, 1.5178027919048418, 2.634555795683582, 6.791918134384332, 0.5424368768749446, 5.093546124432464, 0.7328412668870214, 1.2592946738368482, 0.35719407843203044, 0.9054408553482745, 2.828265787979717, 0.07814281146943358, 7.794741109027086, 6.271585499219896, 4.083449203179043, 6.925360427375722, 1.5318489694180926, 0.4150694160399553, 1.7911692158276082, 0.47026711786168107, 0.4699302595190602, 4.38521774501271, 3.629560797336012, 1.375438067062987, 3.5226877669970236, 265.5215413624544, 488.8233546536445, 66.56509088921803, 0.00033883246851473814, 0.9642701259170963, 0.5778761725071035, 0.8254027875218526, 4.993358209477947, 56.945614767488564, 11.995615580976732, 3.287252650041978, 0.0359756055258913, 3.6892794882587623, 0.0017856757733625273, 4.436803718650822, 2.0029206280626113, 0.9156554910086925, 1.1627589770135955, 0.47401293884274764, 0.36539720546272747, 0.4179159296123771, 0.0845800080232948, 1.7455484447748404, 5.532949215220469, 0.1502379615474183, 1.5768247183432322, 0.9112819787907256, 1.202747452163635, -1.1368683772161603e-13, 0.6046940993001044, 9.400399582854789, 49.972530210416494, 9.989667285689393, 0.44024272532067243, 0.17873198462518758, 0.00861896924368466, 1.3172035621875011, 0.02806859569864173, 0.7292767755657223, 0.8535463701092567, 0.01665052483429008, 0.3258579535466879, 0.04884451020529923, 0.1500716019305628, 0.3721966350067305, 0.08695963304865018, 0.8492550554195759, 0.41330308242299907, 0.1779688130568502, 2.139455116023214, 1.467426447846151, 0.35707107834878116, 1.9981239770344246, 0.005506111940235314, 94.94807588031597, 365.5406519773161, 95.31620989481496, 0.007840534638944519, 0.04216160889097864, 0.0035002718257146626, 0.38906065202320406, 1.1007687487762041, 15.646605758520764, 2.2972791943609536, 5.378605596811894, 1.5273507202020937, 1.4159040198709363, 5.689112384129658, 2.4842824600452786, 0.42971194621236464, 0.5781416513490285, 6.421139269742412, 1.547072802095272, 3.830510354362218, 2.2633474644196667, 4.011966061821113, 5.773459826254793, 3.6019870911658245, 2.0754113748939744, 5.90623172064636, 1.4345534040273833, 0.13858180545253163, 0.2402136364736407, 5.422062430784649, 4.394466603701176, 2.8778165700271074, 1.806442857335469, 0.5378151857032663, 0.1046670754931256, 2.8141729176509216, 2.936592861629947, 2.813660530058087, 3.006252552191995, 0.9921896097548597, 0.07056547698948634, 0.9921896097549734, 1.8230695203485539, 0.022214642231801918, 3.197558702309493, 1.5168147771030362, 0.5566975753737324, 0.007480451644369168, 4.070329670183469, 2.3585792627925457, 4.908635614205764, 3.118222644748016, 3.7846535562846384, 0.5248736870032644, 0.0008934519721606193, 0.00342666249866852, 2.89089819591959, 1.4923611777028327, 1.435097777746705, 1.963720731049989, 1.3983112948378675, 1.8747398783546032, 2.3360581684664794, 0.000835425587069949, 2.6923165624704097, 0.24522075465324633, 1.509764989440555, 1.4458364850581802, 1.4062615466021953, 1.555054205272313, 0.25177750522323095, 0.04150390761105882, 0.5842764311806832, 0.041006224713328265, 0.030256562088993633, 0.5312665143678714, 0.6402454526263455, 3.3687923364332164, 0.39326617990764134, 1.4240327205776566, 0.35862397498931387, 1.2937560447688838, 0.012745207922421287, 1.040515708982639, 2.9065005572424525, 3.712540660339755, 7.317126266470041, 1.7529005035062255, 12.671847058594608, 3.8378331335185294, 7.38431716150285, 12.74279446946423, 0.03932120965350805, 2.2737367544323206e-13, 42.61008427908621, 262.7515284827284, 103.7006533172538, 2.54179376339971, 0.07052359668648478, 1.453022676233104, 0.49693360000878783, 0.5062231365545813, 0.29183096477436266, 0.268517005278909, 0.12107646664401273, 0.8377103150800167, 4.102604334935904, 0.15584382072552216, 2.3765871079733643, 0.7810034912632773, 0.12350331156847005, 0.4576041148937975, 1.728142365553822, 1.1713415933015767, 1.4105649266791715, 0.9355746426431324, 0.21898493063019941, 2.5069077889073696, 0.3899229896350107, 6.403816906265547, 1.0795682821319588, 0.2955344758759111, 0.9269913351503192, 0.24947861920566083, 2.588025908704367, 2.232617391191866, 0.7056838763929818, 1.5502943620942915, 0.05428095429363111, 135.25045460072397, 559.737155433039, 186.17042101989182, 4.108901237241071, 0.09743257244326742, 4.859537969093822, 1.2336298508215577, 2.755526204365424, 7.628852455643141, 3.363154332475574, 2.2958652972018854, 2.5057887647399184, 0.4252258979649923, 0.3798392991276387, 2.0231745080720884, 0.7922978368420104, 2.8880024729909337, 2.0706488886084458, 6.073054901382477, 0.5577144722351477, 39.96156223671727, 55.10121561614767, 2.612496786571853, 1.4240118847715735, 0.22503617223787842, 0.8994024252887698, 0.2522910033600283, 599.6785948492034, 1665.210959164824, 368.1408445248933, 2.295974088794196, 0.5951045148883622, 0.48742223337967516, 0.35168396522033163, 7.548235319884043, 27.919277941074256, 4.699721336119069, 3.2821126692155076, 1.5899984601693404, 0.0011107705946642454, 0.017646522401378206, 0.004451014750316062, 0.07989747711690143, 0.0011147434056510974, 0.02256685151462534, 0.5223056144538987, 2.022007405773479, 0.5223056144540124, 5.915805428049907, 1.6163111063399356, 1.8108125180699517, 2.0215838053934476, 1.9002256437684082, 0.12286460309212544, 3.6830249291862174, 3.0301389418825693, 0.05675107288550407, 0.42071165821596423, 0.5306297749389159, 0.10334489982869854, 0.5814964275359671, 0.09171523652344149, 2.6503947085283244, 158.58844888531246, 297.0699839672711, 63.35730995344113, 1.2686724483997978, 1.7385352192344499, 2.6405788329027473, 4.989336967655504, 2.824202341546652, 8.784335063030653, 1.3988774954518703, 5.623568483733607, 5.443901377844668, 0.3910347181257521, 10.127966033171333, 3.255356318128406, 1.7486531096202498, 4.597435825592697, 0.7836447217918021, 1.6162892369275141, 1.4444929530471882, 2.42298512242553, 1.0247363247935937, 0.6556298131212088, 3.030091466847466, 1.4983024552193456, 2.1204559065732838, 3.165101415844333, 0.7544060023622023, 4.910986580072063, 5.942637553615555, 0.5556479140833517, 2.2424567916551723, 10.730336923020104, 287.4892217815311, 462.82888695901784, 67.33646235134063, 0.31408304752767435, 0.20095666724182593, 0.0010152036597901315, 0.5088164753129831, 0.2417265068264669, 1.6648642701121616, 3.587404136439318, 0.19058565422494667, 1.2079149161896794, 0.8132602891613487, 0.016368390229558827, 0.11325612887605985, 0.7553636327349977, 0.06642321512674698, 0.04428153282526637, 0.5212149604825527, 0.3537341737205679, 0.37095018275806524, 0.48923206525580554, 0.201958374877222, 1.759630013044898, 0.0010230235482140415, 0.43435314110786294, 0.043092453337521874, 0.5809649774007539, 0.0040608153127550395, 2.404698542938604, 0.24571671450655685, 1.7673975214830762, 5.107473874075822, 300.9111706345079, 826.2298617480442, 242.45895504491125, 0.16919391455530786, 0.030731133898825647, 1.903716394335902, 1.7941268589372612, 13.231840995922425, 1.7415537916396033, 1.5032679423654827, 1.5119143239705295, 69.26050226985114, 341.8011548613514, 179.9564166694811, 10.176672058368354, 0.012693157560420332, 0.33326167572136, 0.20174167962522915, 1.097622081895338, 0.058951269957560726, 0.535705832869553, 0.12564836362446385, 0.04977227554104502, 0.001381550287533173, 0.253362691383586, 1.4937140261582726, 0.3870003059201963, 1.1520696528189092, 0.7483378832886274, 0.034589303487109646, 0.11190634124477583, 0.04984506538119149, 0.005482190538373288, 0.0013917032670178742, 0.2709861419829167, 4.8951672052394315, 40.101318623201905, 36.831795783239386, 3.5958569293535447, 0.6308256640016907, 0.2375019463992203, 1.8962244691599608, 2.120083806010257, 0.04106599207909767, 0.9821278174449617, 0.1997465546849071, 0.09787493208409614, 0.0004944808952132007, 0.6398960909471043, 0.8082559601999719, 2.0521297970344676, 13.52645378921818, 43.32279838517718, 5.032596260523974, 0.3529635845516168, 0.009939296837956135, 1.466250784296676, 4.158900344378026, 1.9330559198591573, 0.253130546888201, 0.021682554290123335, 0.39443444238145275, 0.3175994989538822, 2.5410327939695208, 37.483351686871174, 54.1318585829689, 13.128153677147225, 3.8526355981255165, 0.5332430264512595, 0.4327843663832027, 1.8201580957578471, 2.292047120916095, 0.0, 0.0874843501161422, 0.0002988606797771354, 0.57477049138231, 1.0554590594155115, 0.21526784145135025, 3.215644800606924, 0.17286042433522653, 0.8487192043887717, 2.1766761655477467, 0.1991784547236648, 1.4348325221004643, 0.004681883869693593, 0.004783294239132374, 0.19968002864493428, 0.0011935434603174144, 0.20300095798143047, 0.024223163472129272, 0.019330038308112307, 0.14414506294656348, 1.6115622750356806, 0.014460048691830707, 0.420189401437824, -1.1368683772161603e-13, 0.21649383157625834, 0.40785133920167027, 0.18871102087678082, 0.01924343639552717, 2.4828099524329446, 26.44041006910618, 16.128884219022325, 0.0032945206677368333, 1.6064837033609365, 0.17588536971823032, 0.00035967627604804875, 0.05165643858254043, 15.806429594168549, 46.33028725202871, 12.738246964802329, 0.24655634976591045, 0.37515206691205094, 0.13228138303873038, 0.004437810287981847, 0.07075327468112391, 0.18628306663697458, 0.02768705745211264, 0.13151156053959312, 1.0756824711480704, 0.3535911036199195, 1.8780425379136432, 0.03956462159032981, 0.2491863396858207, 0.01756359575767874, 0.23278164509281396, 2.7772946567649797, 0.3456176119077554, 2.2016697942237897, 1.008127463426149, 82.3435507813823, 678.6633224136649, 441.0994626275648, 18.26376965268946, 1.4322466330293082, 1.7936827615340007, 0.6955203046413772, 2.4102335269622017, 1.8918354459532338, 0.9997819079894725, 0.5930029345022376, 3.441660780492498, 1.9377613693681042, 4.556669399267662, 1.2683308612412247, 0.7354206484849328, 8.26180887006592, 28.5763380806452, 14.425155892269004, 0.9447854743219182, 0.8387033241003223, 2.3623688060902737, 3.989143936167295, 1.4976732084364812, 3.592640737728516, 4.632511276681953, 4.666337790784553, 0.3823344376516502, 0.5820227329186309, 2.3085741129676762, 1.7315365482450602, 3.595880414921453, 2.590320034008414, 7.548706311916135, 19.905686052955048, 260.4263230077778, 346.7160299152504, 39.45727210277312, 0.08002676666535535, 0.007602694184924985, 0.0004763464327197653, 0.007602694184811298, 0.5412824702967782, 0.2927851799545351, 0.5096605953838207, 2.2129155230333026, 3.1704458511223947, 14.197054486928778, 13.367623268723946, 0.8824678383639366, 2.0061139991024675, 1.4601927973072861, 1.6065191716530762, 0.03834735057841954, 0.24237556702075835, 0.29254387942410176, 0.28576396350615596, 7.687808108214767, 0.04693503068438076, 2.4160064067405074, 8.257630407340116, 0.8138546958539337, 13.492115085194087, 0.4715057739161921, 2.151418211083751, 2.251076666020026, 2.1362480231307472, 1.4031515545511866, 1.4055105065183398, 1.8617118763474991, 4.169938983933093, 0.34598332137932175, 1.4859524905760964, 1.364509598497193, 0.4561437623414122, 0.05336616125816818, 1.2365348515835421, 7.84452800016868, 86.93870391582459, 131.5753942097, 13.01747886861699, 0.007372935853254603, 3.428697871347481, 1.6612694629744738, 0.034282676584552974, 0.8022115929284155, 1.2170163918364096, 0.19465223631459594, 0.39774745669262757, 1.231396424942318, 0.10430093051422773, 2.0445181365853387, 4.441311638028765, 0.16148669848132613, 7.997552545085114, 0.36466018477131, 3.8076593170878823, 0.0002843600581172723, 0.09056449534989497, 0.5188595881407991, 0.13692421810696942, 4.27884115927975, 2.012920947182124, 0.13079927785997825, 2.122534629824486, 6.584312618876197, 4.1716647337549375, 9.792821239565, 0.49985299150648643, 0.39972917899126514, 0.010866156422480344, 2.9275239477987043, 0.7077310656786722, 0.13979267607930979, 0.6414921599389345, 0.3036090296176326, 1.9063112531257502, 0.015285482868648614, 0.13559262485443924, 0.7961059191754885, 0.5135042610271512, 0.7344099538699993, 0.6761192449872624, 0.06958900218944564, 0.35531925965119626, 0.535553177510451, 0.024694701129533314, 0.9912281841175172, 0.03713039120543726, 0.3764052139126761, 0.00030806800157279213, 0.2234137069500548, 0.01506574510358405, 0.00123753977254637, 0.037251914558282806, 0.037325200170016615, 0.04431837106039893, 0.0027635626265691826, 0.002756363434400555, 0.22561866572164035, 0.8092696682700762, 0.0012498640587637055, 0.020198889131506803, 0.011233870343517083, 0.49699041141593625, 0.08950097104559518, 0.07889160434626774, 0.011065091471323285, 0.0027908872276611874, 2.677093578087579, 47.13278823305495, 114.93680111232857, 26.00171036320023, 0.1327957025600881, 0.025187125383354214, 1.48247015090692, 1.256356449394616, 0.0019748779812971406, 0.6465332352152018, 1.5354598542332951, 0.6344525728001145, 0.07477769921320032, 0.8264658109224001, 0.0005162254719834891, 0.3739363355969658, 0.012878048098741601, 0.002083882296176398, 0.08743019352664305, 0.34767522564072806, 1.4228054611495509, 1.2357004130060432, 0.03166314139275528, 2.665853973263893, 0.031925837426001635, 2.1869722133195637, 0.0020015855504880165, 0.8745790863340517, 0.004505911786623074, 0.20057927986135837, 0.0045200208588767055, 0.39478773014570834, 0.05056565071083696, 0.05083263797200743, 0.0323959970421015, 0.04076540695166386, 0.21987861887760118, 0.2452573035182013, 0.3043631795477495, 11.246353068609437, 4.144164639759083, 0.04382485002645353, 0.3161600855681854, 0.31416623342045114, 0.01546525275557542, 1.2249834138392544, 1.014445170870772, 0.0017890103108584299, 3.4707004654053435, 18.959191185430996, 14.205610297755356, 1.1380303181044837, 1.1066715530870397, 0.05736023937402024, 1.4930412320144342, 0.036322528700452494, 3.9734483405682113, 1.1641127464728243, 0.004837725376205526, 1.551611595478903, 2.5114278230754508, 1.1368683772161603e-13, 0.11309760705091776, 0.0022808640424045734, 0.009134238333786016, 0.6469949804595672, 0.6454989780619371, 0.0005485231934017065, 26.097448912540926, 163.7018016728814, 127.49512798047783, 12.948325300371266, 0.12323172029641682, 0.017825283529759872, 0.04770914989956054, 0.12235418466343617, 2.643754620706545, 0.017688270794337768, 0.33102722265766715, 0.3955889522879943, 0.15835257516107504, 0.37493208399314426, 0.009985075893609974, 0.6202568066107688, 55.410798266783104, 591.748774190183, 1116.599183301666, 267.3520702005103, 0.01661618870082293, 0.9397481763842279, 0.1754128584777277, 1.1869188843081702, 0.23581619520592767, 1.1687770995515052, 0.9982921139540508, 0.15005948737524477, -0.059934205933302565, 0.15005948737524477, 0.6437802390598222, 0.1261104265406061, 0.4142010804773122, 0.7636769968469821, 0.11061566042303639, 0.7633538123367316, 0.03150057144483753, 0.01328782673169826, 0.7715013281345477, 0.07023425214856616, 3.3530450029482495, 1.6478602983392534, 549.2052153656555, 1726.6634627273688, 527.5822652222462, 12.687781877114048, 323.00478771643805, 261.54930026522254, 30.156692148101342, 0.2823183843870538, 1.5717703167379113, 0.1459773974448808, 0.41742830813529963, 1.3964579249421831, 0.070877202319366, 0.3215501762197164, 0.8717614300880996, 6.614699372274345, 18.57155959713532, 0.013528578696536897, 9.82742767753848, 3.9967476776469084, 0.09769255491107742, 0.17391808614820548, 39.03586318317139, 61.56088385505882, 4.677933431654822, 0.003784508247576923, 1.6758988814588065, 0.003784508247406393, 1.5230057551206642, 0.060203750932714684, 0.0924698912609756, 0.18056133979177957, 0.48326138824018017, 0.20747316772167324, 0.7726467939737631, 0.008393519895662394, 0.24553810361481965, 0.502971078864789, 0.11662344317483075, 0.06174529943092466, 0.060552690109432206, 0.4535770702818809, 0.8214608341345411, 0.23147970255706696, 54.774754437885235, 261.0147402068809, 111.08802445366211, 3.288341975239632, 0.3946898502806562, 0.41817495980114927, 0.0032248581853764335, 0.7356293771557603, 1.0283260925076547, 0.01327531899528367, 0.1824459045886897, 1.6956831992463322, 0.10915562765944742, 1.0669642520331308, 7.67287574961847, 47.57536232078212, 32.77280241749622, 0.9494946344834716, 0.8140093210145096, 0.08944664567502514, 42.69286280178778, 140.7503018309701, 23.960663680331777, 0.2730155074502818, 0.0012891907738321606, 4.533777319901105, 1.4982179173384793, 0.12183128505034801, 0.14779908944649378, 0.05159050151974043, 0.33374352823625486, 0.3986124688667587, 0.12310713223678249, 0.08944210144943554, 1.5779013377311912, 0.24352179743539182, 0.09210558118479639, 2.677602220364747, 1.391225294996275, 8.894378858510436, 1.0759731134999129, 0.8198923373983007, 1.0401481163584094, 0.019787645408655408, 0.275730352011351, 0.5651929832043834, 0.0003092833162554598, 2.806482938026079, 0.4763803232963255, 0.5066837104556043, 2.775295146122062, 1.372236812100482, 0.014644184653093362, 0.04324242733753181, 2.7287632260895407, 0.928306230460862, 0.5282510214954073, 0.17855973716689277, 2.6017730441760705, 6.771554126867841, 14.426237935181689, 18.61101704371356, 1.4826112919964771, 0.26459736363142383, 0.08798929928093457, 0.2858963654425679, 1.3543648934889916, 0.16754141560147673, 0.6726964948464911, 0.003933916826213135, 0.008846624092029742, 11.474337178999008, 208.9399300549885, 377.49892279501694, 52.01447955062042, 0.33153204903828737, 2.659344107911352, 8.670114355979308, 3.2487551378754915, 4.145653660027165, 0.04868405287254518, 0.021306582264173812, 0.6244127958279932, 2.6975316884919494, 0.07583035010350159, 0.2620245542585735, 2.1385898338602374, 1.4381946303855102, 5.569329616193841, 19.03108106238551, 0.11543883847662073, 15.1336450527657, 1.1368683772161603e-13, 2.0208921334242405, 1.445097681842526, 0.015044565403059096, 0.921123086745979, 0.34259261637373584, 0.19365721638564537, 2.4191496170637947, 1.0428017214810552, 8.891576236011701, 6.372232172495501, 275.7120576367114, 182.45339013083253, 2.0989129801271247, 3.4095834407755206, 0.014835974149661979, 3.2982798087676315, 1.8646287643264827, 1.3331693078440594, 0.2577416827719503, 1.3963893851793614, 1.5126679629760815, 0.923856084219608, 4.323522659015396, 0.6449582122759239, 0.41729737814881673, 0.9893627985103421, 3.1896408653589106, 0.09295213878112918, 4.950433306894865, 1.861437663850836, 4.100860385904127, 0.43230252395778734, 1.3326924651271952, 236.7562941830779, 1045.5616859275299, 484.848941478803, 24.650760020520124, 0.10692591748681934, 0.4312072540362806, 0.3746696292400884, 0.10962020949318685, 203.65095390969077, 1156.77279870301, 414.5928799114238, 1.3239627488064798, 1.7203339475554458, 0.7285755468941488, 0.7856338007863997, 0.06476093531784954, 2.458250156654117, 3.2591028596613114, 1.4241614150889745, 3.638970827064327, 1.1052622249422939, 0.4466838166921434, 5.797795306904902, 2.862040930811986, 7.2322331996412, 2.7980801044374175, 7.878285160045607, 4.1190092029557945, 0.005658292170949153, 1.825946417450666, 1.5107713779519258, 4.0529743219698275, 127.838874559018, 211.9045594514497, 29.45778244519545, 0.0020506156872670545, 0.13194319573415214, 0.1013440408939914, 0.01877526896623749, 0.03348702735968345, 0.11677766983223137, 0.0337803949003046, 0.8418078596459964, 0.13453358745402966, 0.445130905874521, 0.2491911061316614, 0.8986537804503314, 0.0, 0.2667967009953145, 0.0990050917556573, 0.012728274945345674, 0.0005011781433950091, 0.10026757373873352, 1.0387745405326996, 0.05181714371099133, 0.018856900642504115, 0.0005212523201976182, 0.025680308460437118, 0.24945776920060325, 0.08828334519466807, 0.49771535423815294, 0.004661016028762788, 0.4066970269115018, 37.000557810752525, 182.70252045437428, 97.72305306579187, 5.722698726015665, 0.4275347122357971, 0.3319883755415276, 2.8306343817196193, 0.391000365942773, 1.6248484077705143, 0.5494411408033102, 0.021761952606311752, 0.4347555900038742, 0.14344670937623505, 0.05285648565597967, 89.27156440533668, 948.5157069514235, 1180.2277944855384, 188.2210248210697, 1.7992571212062103, 0.5254559292435488, 0.3357548002725821, 0.423428408194809, 0.1911561056902542, 0.14100371763839803, 0.7903394111111197, 0.2733205053448273, 0.4518934147036475, 0.1365339474965026, 0.8169142308532287, 0.1450586107447407, 0.28575180602666705, 0.31245855240132414, 0.14656572858825712, 0.13154061150845564, 5.034095128333149, 29.712986199031604, 20.64057287825483, 0.14798331287187239, 1.6372897916114084, 0.2824961177248042, 0.25170611841639356, 0.7695482527653326, 2.923505731418743, 2.928638147078402, 1.6977576604855926, 0.4565932328557665, 0.9065501224532682, 1.4933890984021332, 2.603521348307652, 0.13912194362831087, 2.044971135762296, 0.05230386379525953, 1.2464795838047849, 0.012974122796833853, 0.39947454838380736, 0.9624913417883931, 0.6175685653468008, 2.3594056702720536, 0.4528809993683467, 0.9406154203113033, 1.2994181638609348, 0.4109232424622178, 3.047836518981626, 1.6962011818013707, 1.3043603900623566, 1.2589428233729905, 1.698520150118327, 4.851159375725956, 0.21779640920584598, 4.232404008047354, 3.9309184734498217, 47.04678627584235, 341.06387171948006, 304.8294015465867, 2.7386901865615982, 136.80560671285502, 33.7215763738227, 1.555960384714922, 2.706575452115544, 1.93003629156658, 1.522433268885834, 2.064905381497738, 3.0114151569039223, 1.6525490919996173, 2.936939143633026, 5.300203060525632, 0.44940308689217545, 3.859341433476743, 9.408180195022396, 3.2504651063420624, 2.537078922866158, 4.362617777952892, 0.8028047629981074, 0.013777333436905792, 1.4458155933076569, 1.963893306581781, 3.615991085325504, 1.6508785056423676, 0.012168726049935685, 2.289879662106273, 1.5201451658876977, 1.5324822228462835, 1.5201451658878113, 0.03723779027995988, 0.06098586394296035, 1.1856435040803035, 0.24565749638804846, 7.014628990588335, 0.816217375685369, 3.5775349712816933, 2.481500251174225, 0.9703875546792915, 0.3464963895785331, 1.7331595318011068, 0.17592951958408776, 0.006818301150929074, 4.090329090389901, 0.5826679448911136, 2.3951102982987322, 2.047477621393341, 0.012361601260522548, 0.48328842193120636, 0.06323227925372521, 0.1294431167559651, 1.673880443627695, 0.01926921464814768, 0.14477511233019413, 1.6357084073198394, 0.1274401466192785, 2.6926816547399994, 4.2620606111941015, 51.74266946321609, 49.56303726325655, 5.807498239236338, 0.01196802170159117, 0.030837932545409785, 0.047991803681384226, 0.21111946633425305, 0.04799180368172529, 0.29980542916985087, 0.595360310281194, 0.039524653719809066, 46.45965549251753, 157.38277987189667, 37.28429788653034, 0.004696534638696903, 0.09498640103254274, 0.07561796353797945, 0.06664985351426367, 0.06711573988297914, 0.45837024080731226, 0.1330685710435091, 0.32881263142473927, 0.09785874460817467, 0.43670550200351954, 0.825751825036491, 0.011000381311419005, 0.7045095824129248, 0.02477502846977586, 0.030203203067685536, 2.7981598145883027, 0.9006581901310255, 1.6166329350137403, 0.23143627864772043, 0.08782376316185037, 1.810119195816128, 0.04383067252774708, 1.9041460553769411, 0.21912704863507315, 0.10802684720704292, 0.4829528937902978, 0.20523089498647096, 0.6102613569553341, 3.0833680430572485, 0.035820140791088306, 1.1993876648326705, 0.17121891872875494, 0.43670550200431535, 0.0011988762994405988, 22.273252069441014, 352.78023052430456, 483.56036347376516, 70.26527155387123, 0.07466062336766299, 0.6298884388986039, 1.6544650737867528, 0.17376044502083232, 1.1698932870510816, 0.004745025158115368, 0.3881217816417575, 0.1197840950908926, 0.7424166171028901, 0.0971429544507032, 217.3575608411661, 706.1072762642021, 203.8748721750926, 22.526980831758237, 1.1947916554883022, 5.514514293835418, 0.1432802229136314, 0.001124121032603398, 1.1025518194878714, 1.799120124687306, 0.44750778753098075, 2.2775085882341273, 0.00027629727458133857, 4.389868861136051, 0.5043240522871884, 3.5867876970237376, 0.42606962976867635, 3.648389158887767, 0.4477677630559356, 0.004191147202618595, 0.562837891193908, 0.3819087227774389, 0.04453203356774793, 0.013126827337259783, 0.32723588027670303, 0.23952514370716926, 1.0190050966673425, 0.00026380100280221086, 0.001042508352270488, 0.0213075752177474, 0.12699724904382492, 0.001048966686539643, 0.03814938840673676, 0.051573708894238735, 0.06836516201838094, 23.195922920165685, 71.95384962705793, 9.642455226393054, 1.1336148200427942, 1.2626663861564111, 0.4143827054037956, 3.857577884047714, 0.26200972266065037, 2.6821639131663915, 0.9436205412420122, 12.959418449910572, 0.41418982662253256, 10.23925636683532, 2.5474563866814606, 0.02908970797921029, 0.022820264589086037, 1.2743543145547847, 1.0646259274818703, 3.8196487429530634, 5.817905164838862, 7.054129424490384, 36.19208729110812, 4.35413603876259, 0.20792479710576117, 0.04227532764616626, 2.6943291457772602, 2.497334653760163, 0.9724761619414721, 0.3865905686255928, 0.003727251215764227, 0.13308550736792313, 0.02038121724001485, 0.28303170402671185, 0.07091217289246288, 0.3862952809284934, 0.871935700130507, 0.05238046545434827, 0.04374473924747235, 0.09757862498736358, 0.5862914033856441, 1.1099784191427489, 0.020578329759928238, 0.026795387565357487, 0.0066871146045741625, 0.06018427208391586, 0.14937622944933082, 0.32203853732994503, 1.0486129738494583, 2.0500352828407813, 0.0017137410113718943, 0.0212118729946269, 0.9655479620615779, 2.6824223999905144, 0.3741957700245848, 0.6261322332661621, 0.0016835607489156246, 4.561145569456016, 8.152659216929806, 0.33951732110267585, 0.5947588327766198, 0.5223908574915868, 2.145090067698902, 0.10890678537714393, 1.3329182631044887, 0.32058779527676506, 0.007811282301759093, 2.3757986545201675, 0.0588638260865082, 0.5707680689495191, 0.23677690549300223, 0.08147262141358169, 0.8543140109844671, 1.5453393383382945, 5.516691468261001, 0.4638767941764854, 0.06362240699479571, 0.00472191700850999, 0.0047116584528339445, 0.042776766135602884, 0.00472706248524446, 0.4097853776571583, 0.052323571000783886, 0.18776904780258974, 0.23213686378892362, 0.10379404945206261, 29.70611972283075, 309.9493503199885, 377.96534112180814, 62.19646898388794, 0.21411887001931973, 0.3323641676703346, 0.8343969359885932, 0.153493951118719, 0.026776161384304942, 0.0024634153310785223, 0.45354268570054046, 0.003066960263652163, 0.38229097585593763, 0.6112310649559731, 0.027744371911410326, 0.2453837990593115, 0.15563557246031223, 32.98804716476036, 209.26221450508297, 156.08622245043784, 9.90053726190331, 2.2147462189568614, 0.48328842193109267, 8.045755251309288, 0.02716768034542838, 7.565756616186263, 1.2402946656128506, 1.0880084394186724, 0.570957572324005, 0.6781993396920143, 0.43336347060767366, 0.3300057373243135, 0.2910494612041248, 1.976778724937617, 0.7518725649832732, 6.8498831592136185, 18.063558248744812, 18.967024857955835, 1.134881073668339, 11.08567614579033, 1.395699638641986, 4.639522536980962, 2.2789841028119326, 1.48057027304651, 1.4947883296375721, 3.4122060129668625, 1.1716760506404853, 0.5568498943600844, 0.05963094881008146, 0.9822717249962807, 1.6432393776954086, 6.116591288193263, 0.20265878338398124, 2.292142622871097, 1.920165436169441, 1.5159658119104051, 2.428991848569126, 1.8302049268731935, 2.156811764295526, 0.7483186862177718, 2.156811764295867, 0.02482779859258244, 2.73935224339084, 0.489126013165901, 4.068045372104393, 1.8438843132568081, 80.32250896165078, 476.8648960812127, 368.428944140069, 44.935976413982644, 2.3606583148368827, 1.4244362557127488, 0.4973482284744932, 4.96048481627156, 0.027155860891753036, 3.7452938668860725, 0.07864075133716142, 2.1985856529270222, 0.027266882758453903, 0.08013448273914037, 1.244792912000662, 0.017615336191170172, 0.11248031860043284, 0.30196347143703406, 1.194090417229745, 0.266628663720212, 0.06076490864995776, 3.950659713770847, 0.25833993427806945, 8.947062614854985, 0.5465811183676124, 1.567266988757524, 1.4482677203729963, 0.07914810020588448, 4.230499017823604, 0.09880881637752736, 85.07092357403803, 783.6776172308068, 1137.5773144985606, 230.69332369075528, 1.6934881653089633, 1.5715876195227452, 0.3162742760846413, 0.32598154441637917, 0.4020040795163595, 0.004847371734456374, 0.1264927147784647, 0.12389651279198688, 0.12053080394076687, 0.48448722527109567, 0.018977322510522754, 0.39042423803522297, 0.12239271917610495, 0.3095724871978405, 0.3098982061379161, 0.07315700713235174, 0.22122758379555307, 0.22744078801611067, 0.10904899296951953, 0.6534173659156863, 0.07186312491467106, 1.6931683398574933, 0.004749451891200351, 0.9407218676438447, 0.11711262901405917, 1.4052180233969693, 0.5773178921153317, 2.1060802583007217, 1.0614424519599766, 0.10613830776122768, 160.08230494863233, 1061.2352312515557, 966.0203191519008, 88.30312510433328, 0.15329543950281277, 1.7338903927457068, 0.6090224172063472, 0.07500652151782106, 0.09464302570813743, 0.1048971948845292, 0.21986661615744651, 0.17697791286514075, 0.41034592369737766, 0.37136040510119983, 1.3414131171167583, 3.059242441599963, 0.06728561539853217, 1.9518111322421419, 0.45617995951783996, 1.4572980379240335, 0.4671194174025004, 1.0960334154311795, 14.599727513389553, 66.39554349455398, 57.624223511510536, 7.460425467300297, 0.21816400820318904, 4.157431236610819, 4.122162185745196, 0.8040246143418699, 0.022202023382533298, 2.2602488471013658, 0.6846768640616574, 1.3666489273293791, 0.5118184995508273, 0.21914702656090412, 0.035076095978752164, 0.5305772295430415, 0.6115178304493156, 0.0055101185141666065, 1.3866416330142783, 1.025921768242256, 0.20415626330907344, 0.25906419159491634, 0.3872906506566096, 0.8961843258161935, 0.47314864970871895, 0.05236920870981976, 1.3456143784857204, 0.013002577568386187, 0.6332942453619808, 1.0728770336388607, 0.44095033666917516, 4.128430857095623, 0.5483343548495441, 1.2324972024385943, 1.2876180155914199, 0.48870568808433745, 0.2973058994838311, 0.6615576565424135, 0.12994273783419885, 0.00907446537485157, 0.07068444649553385, 2.0868862948732385, 1.0630890463854712, 0.6731182708390406, 2.156670351622779, 2.700556157160463, 5.234528994201014, 2.1303097687900845, 1.0213742447519962, 1.1368683772161603e-13, 2.741693411101778, 0.0016056866024882765, 0.08030087610347891, 0.06827161065780274, 0.9578305462034677, 1.7212626690485422, 0.08849426169331309, 0.350366673218673, 0.11357239119331553, 0.101567238432267, 0.5724452878639568, 0.11625650186863368, 0.07848085474552136, 0.8409611289994245, 0.17402449047847313, 0.11347876891659325, 0.1423372080326999, 0.5202619032013445, 0.11567095322436671, 0.6412244598390089, 17.708714354762606, 294.4222157505967, 524.6130867116372, 131.12773676584607, 0.5556014600017534, 0.3753453136540088, 1.1292256936743001, 2.324531732277194, 0.25590165292345546, 4.558753463854885, 4.922370987588465, 275.3980447006852, 835.7321007184624, 279.5550724329703, 12.063535418954643, 0.025521475035020558, 0.19394152722054514, 1.4706862296045529, 0.17589340752294902, 0.798705277107274, 0.3335261580691622, 0.15003953668019676, 0.00030969042950346193, 0.0689093412714783, 0.17704311581269394, 0.08856800143064447, 0.09939144765962737, 0.007691629355917939, 0.3823984780608498, 0.22591585779650813, 1.1893556597822226, 1.1368683772161603e-13, 0.7095847911724604, 0.11216802781041224, 0.6242685886163599, 0.060243442388809854, 0.29489935911101384, 0.0012246515483411713, 0.11261407983829486, 2.1167280362618612, 0.4351379493091372, 0.39174416485820984, 0.16893810132091858, 0.0028471423302107723, 0.22893015072145317, 0.020212431837421718, 0.43135450385045715, 0.0028376140367072367, 5.3781347982990155, 98.29119820351025, 165.0325278348605, 27.160977515201466, 1.6907057057849215, 0.15492507493593166, 0.11515846185920964, 0.678415338502532, 0.029161129678414, 0.7615066126179499, 0.014988672892059185, 0.015063287628322541, 0.17199371273102315, 0.26310357940371887, 0.0479692766922426, 1.1368683772161603e-13, 0.47506782826326344, 0.6952784173653299, 0.10337208698729228, 0.4732909949915438, 0.7272925266059929, 0.5080197246071521, 1.3213074031144743, 0.005546984717966552, 31.345602975268093, 248.00108527301404, 187.4097787553568, 4.726381402262632, 0.23100269388726247, 1.5325977876942716, 0.006936137210914239, 0.6480730484940977, 1.2594279617634356, 0.7304950220906221, 0.9456142143778834, 0.0043934770900477815, 0.5523302757515012, 0.8784980316718247, 0.0024249749872069515, 0.009591847939191211, 0.2406239284410958, 0.06801453000855417, 1.1768148544873611, 7.4628106862832055, 2.7806619233814445, 0.3334841320886426, 1.7370620793848275, 1.1470332584547123, 1.6922876441216204, 213.70963336965406, 750.8522035607025, 232.35168771587655, 2.0518659119686617, 3.325355953707799, 0.44856234803182815, 0.7495586535428629, 0.28838745246309827, 0.3367574469148167, 1.4945676704625157, 0.22919905729673928, 1.5769282204732917, 1.3931464921835186, 5.350578101940243, 0.8781091413572426, 1.2763234635334584, 50.97838704416415, 308.0847592894945, 270.8491140173934, 26.759482279520853, 0.1552038598481431, 0.25732766494274983, 0.33947534472463303, 0.12527999699739212, 0.1874273980572525, 0.47825733589513675, 27.23767502832402, 109.4427307841413, 23.172283563919677, 0.003872286206501485, 0.267684494436935, 5.674845610551529, 0.8770493896063272, 1.0575150789917416, 0.15893053849561056, 2.2737367544323206e-13, 0.294685281672173, 4.140617146292016, 7.602594305704429, 0.008538523936749698, 0.12473376718708096, 2.9038560332905945, 4.6833522416419555, 0.7231131108967475, 3.855685368833065, 0.8351056502765459, 6.960731613438156, 0.2770737102202929, 0.35393072465012665, 0.32947089663400675, 0.47882720864924977, 13.955925606953997, 11.344308973537181, 2.668723731186901, 0.029650168464627313, 1.9486284296480108, 0.3205660012509952, 0.7651876348527367, 2.94648422736509, 5.438876313792889, 104.98156803119934, 338.4534060075017, 98.99813308483476, 25.899993840071602, 163.5836347449167, 75.56841861872647, 2.517383288498081, 0.7494088875052967, 0.0003904038961763945, 0.34640041314105474, 0.6148397809826065, 1.962146324578157, 0.006060023835630091, 2.430217469523882, 1.7498682541319113, 0.0015699807993314607, 0.35618910516348024, 0.4076352015131306, 0.04751165127879631, 4.420355425289131, 0.4763079934828056, 4.170812518387606, 0.03848811526654572, 0.5424862147476688, 0.009680722488951687, 0.003507883774545917, 0.40258993942245525, 0.04731660571644625, 0.025412828514504326, 0.08893478680636235, 0.07712010942407233, 0.8984421940606353, 0.6784116831987603, 0.07453243559336897, 0.037665199704406405, 0.054714702792125536, 0.7734796778207738, 0.2608164567186577, 0.02497565348733133, 0.05587476769346722, 0.32540193887689384, 1.0256016730900228, 2.099702436355642, 0.19315230789595716, 1.1579653532346583, 0.1728787914738632, 0.019082878358631206, 0.00038849269003549125, 0.3706286500994338, 0.8775878424370376, 0.16939160709387124, 1.4724829658385943, 0.04666499493498577, 0.7810034912635047, 0.013788778262664891, 0.3928569033853364, 0.26102806146309376, 0.06603269454183192, 0.15738887013344538, 7.355223844655029, 109.89486139285043, 206.58512247262695, 44.28932735725539, 0.023271060576462332, 0.7250369268542727, 0.07568666082579512, 0.4051336921334041, 1.180768054298369, 1.4058562182444803, 1.5016116608047696, 4.994056629610213, 0.9124509032067181, 4.650833045657691, 7.895626566496276, 1.5200544292993072, 3.2033887437437443, 1.7936794601776, 1.3955800815066368, 1.9504931757177246, 1.2057387813728155, 1.0986775303276772, 0.22125247480732924, 1.5721222678832873, 0.03139021644062723, 0.0008589236092575447, 1.496631331371077, 3.1480673155554086, 0.15070976791776047, 2.8707689920181565, 4.924223224185539, 0.23495283114903032, 0.0038743015035151984, 1.4123195344599253, 3.0989684185339, 0.07838699071157862, 1.0216479400595517, 13.16971121797701, 35.22549149812107, 4.567458615381383, 3.3384281583433904, 141.1093546841961, 245.47624272097096, 32.74215963338577, 1.0624797686448346, 0.6445254484676752, 0.670997584965221, 1.96400509307432, 0.015336294196458766, 26.6836197285902, 75.41374165009881, 15.128170597602775, 0.16275164953731291, 0.4308299820240791, 2.343355940170227, 7.029556631515675, 1.591447238060141, 0.09066391170563293, 0.12962526268165675, 0.1031990762520536, 0.6791103443553084, 0.8007785110554551, 0.14963558467275107, 0.0004214469870476023, 0.5199611376079929, 0.20193477178202102, 1.462059413328916, 1.4982658274934693, 1.1243709753827034, 0.8098575605666838, 0.1424551036128605, 0.026175646933552343, 2.9089123863693658, 0.4814758552317926, 0.9253272166570241, 4.7075518764557955, 0.3409037769438328, 7.442017404640069, 0.941579355277554, 8.097828533476672, 4.818299597629107, 0.00038410353897688765, 0.7907695926086262, 12.117814185146244, 11.977567565934919, 1.4015323144982403, 7.707278334222565, 0.12555607434876492, 0.48216882588383214, 0.33572034903090753, 0.1399943255864855, 0.7671958058892869, 0.15428688264489665, 0.07723346587818014, 0.6031235197530123, 0.05805295698542068, 0.10842239660723862, 4.050850580533279, 1.0591508757338488, 0.4877284827281301, 0.02597300533136604, 0.1422803294477717, 0.6321980054386813, 0.8478968596809864, 0.3434027140286844, 1.1795611213141228, 1.761619728951814, 5.926867531774974, 0.002903656328044235, 0.001259896504052449, 0.3690521417030368, 0.007882263305759807, 0.7704486981302807, 1.5393321582145063, 1.789258914970901, 4.282290084319811, 0.40685542477478975, 3.5636062468363434, 0.0028567330136866076, 2.69701075139119, 0.2124987513582255, 0.22726268860060372, 0.3225394820362908, 0.5361185165224924, 69.14562712758323, 301.0167037724053, 132.63713940732305, 90.00505722696403, 136.1694291839683, 29.137654309218533, 2.0136414190930054, 1.8068710951898197, 0.13378968637346134, 1.9126670102000958, 5.16393921723045, 1.7421810702596758, 6.681411851693326, 0.24197689581149007, 3.9223660214486245, 0.9068009369093488, 0.6970088429395673, 0.8010284567837971, 0.12299510338385744, 0.0973381498556023, 3.202338038527728, 0.9200398928053914, 2.739299080817375, 2.0350785585414997, 0.2778062118445632, 0.12814066283033299, 0.9328682671556976, 1.877735388008773, 0.7045433081862029, 2.9857377445609927, 0.42672401827212525, 3.1403286777039057, 0.5043218143168815, 0.8046328079313412, 0.26357150171844523, 3.16552600193603, 2.711498574522693, 9.950795569812271, 4.112247020246059, 2.4054983866660677, 0.7955748178792987, 4.2227709253996295, 1.506558136024637, 1.2316131888587165, 0.024980251581041557, 1.4692762237991133, 0.6858338658912544, 0.023287205006454315, 0.0910155030908868, -0.0024656031207541673, 1.6578368046744458, 1.72305542589271, 0.06623158066855694, 2.0140137337843385, 0.13303487464673935, 0.4490732907241295, 0.3321787436859154, 0.0445342380976399, 0.025262732846385916, 0.011196156017149406, 0.002775554611446296, 0.0686236056051257, 0.7639591040181131, 0.1301860866759057, 1.9789462632534764, 0.7605080592604168, 0.7145398331702495, 0.3450232266937405, 0.5440999435775211, 0.7104686690003632, 59.0205146425709, 130.19066253964854, 28.287060487710278, 4.740386746497734, 3.7234766955232317, 3.650166778611492, 0.5398148386462935, 3.0882459279149543, 1.4049233057465926, 0.0009273127227515943, 1.4795871868535642, 1.653525359365858, 1.9659507292495846, 2.5473207805091533, 4.334478012044883, 2.872273277631507, 7.872784912275506, 15.5027863443554, 1.5133000755316743, 1.1162920515091628, 66.22477835916379, 380.6951119535156, 238.35162807665688, 32.1144542652429, 6.671866545152625, 4.05611885950691, 0.7904182089299638, 0.3581076176019451, 1.1368683772161603e-13, 2.7249077117115803, 4.261998187741483, 5.833358922715206, 0.2590237182577084, 6.541304916747777, 5.518837781790808, 0.18159859036245507, 0.22792532623122952, 0.08973437437737175, 0.0002511255449917371, 0.2862015245295879, 7.92827876938361, 1.6450924063741468, 117.57734781608883, 165.02849318899905, 27.53175897417782, 1.7381205317819877, 1.7120851461640996, 1.4887228277195845, 1.96178971030713, 1.9234869401327614, 0.00040024225506840594, 9.90949600246438, 1.2860316393622497, 0.6186896803206992, 0.4930805195049288, 0.00042144698682022863, 0.7497557498977585, 0.18768124926305063, 0.5493670940140873, 0.0017168173851587198, 1.2396674747631096, 0.8469511510721759, 4.320612329877235, 2.1786451409279834, 0.08050820587129692, 0.010444050285741469, 4.714635881153299, 1.4895505265396878, 1.7293423164717296, 14.130110368622695, 158.35207578086295, 105.88281186658298, 6.774617475570892, 0.008205907478043173, 0.03316355267173776, 1.7053025658242404e-13, 0.03279320752017156, 0.0229653748972396, 0.0036301580986446425, 0.26253299634157656, 0.0009083815674557627, 0.0224594308426731, 0.6454951014115409, 0.10810947320669584, 0.508628877627018, 0.49872045410370447, 0.22769192560826923, 3.3323299124563732, 1.607264054479458, 0.0009488761779721244, 0.21024527199455179, 1.9245005180970338, 0.04484395671477159, 1.521701523784941, 0.03255082490369432, 0.6684839244889531, 0.003603423732158717, 0.10713099015310945, 0.843310958658094, 53.15503607769688, 153.812969800362, 31.2151865663393, 0.036689889102262896, 1.282754348165554, 1.7532853436379128, 2.365081411741585, 1.6422031150215162, 0.992227481956661, 4.0034724154579635, 0.2503716027996461, 6.004726479888404, 3.6305728317639705, 0.06632316845093555, 0.38791469407942714, 9.130715585892972, 39.597063182398415, 13.302944661014521, 0.0, 0.008644153802265464, 0.23399759185713265, 0.04948317515470535, 0.005494125747304679, 0.06740111816975514, 0.08752533259257689, 0.24951503914530804, 0.12355860796731122, 0.2495150391455354, 0.058520149100331764, 0.008625251885291618, 0.13815620377965843, 111.27734784921654, 535.2405074177432, 145.58447940496353, 3.7380656966366814, 12.44839875011246, 4.445706615661152, 0.07232544361784221, 0.11882648324603906, 0.5788912272950597, 2.826191204806264, 0.9788870296957839, 4.269368581983372, 2.106921726271821, 1.587092509522222, 3.173525873209087, 1.1115940096931354, 2.417062844054385, 2.084825710183509, 18.168920007860265, 11.999748217990259, 3.5241783027643123, 1.016546944067784, 0.8884203949534708, 1.1751024665396699, 1.0344748287444645, 1.0567453143203807, 2.438291348406665, 2.55510834588506, 0.7654273845884632, 0.3528452717451387, 0.3958630096519755, 0.6346181207504742, 1.2939832919875585, 0.007509709546070553, 1.9122559743883016, 0.3563623554626929, 1.8165180752416745, 1.1620306065180444, 2.5463179831721163, 0.23147431703489474, 2.5794749263756103, 0.09295213878112918, 0.560170158531605, 0.8132199479157407, 0.029318802324837634, 4.687365186473755, 30.79872783025536, 12.915827202335379, 6.753349651447422, 34.992876752465236, 38.43982752535737, 6.901010979149987, 0.09816673080001692, 0.11214089661416438, 2.5323813706557985, 0.16656983503582978, 0.20720354035688615, 0.0639506877033682, 0.9115143905727336, 0.5243662559255426, 0.009830048798676216, 144.13125101657533, 424.3317302500584, 74.40916609406042, 0.6369562128835469, 0.7709331947131659, 0.2596117438223473, 0.22780116311673737, 0.07356968291594512, 0.05718343155297134, 0.1332063749395047, 0.02045176468527643, 0.10064115806949303, 0.38720121910569105, 0.12317668577816221, 0.6859253053106613, 0.0736503529744823, 4.449910475071647, 23.69248229382697, 19.521674703034364, 0.0048325056787916765, 5.511519830839575, 4.980979658107344, 0.3511194083364444, 2.5352651118701033, 1.7672189918471304, 0.10727473906467822, 0.3813816364199738, 1.7302326230731069, 0.1274934717390579, 0.6386411237061793, 2.4471488529669614, 0.6861984739717855, 1.7597917067248545, 1.1765169866514498, 0.22912913197967555, 0.03528570071728154, 3.361849410380046, 8.61281042539997, 0.11466471746382467, 1.3907324756456774, 0.6376327623879661, 0.13867283787942597, 0.0049566786099148885, 0.47543147003796093, 0.3406212098341257, 6.8139559311840685, 12.603842246105842, 2.664230566751712, 0.14414507831020273, 0.08135937979056962, 0.012904316444746655, 0.7477798218175167, 0.7472225708517044, 0.6836564390621334, 2.2892468604774194, 0.8074194480853976, 0.26604017685576764, 4.198027480560768, 295.20376814612314, 865.3746135455773, 266.5742914899263, 1.7625608789165312, 0.504143898274549, 0.20890956217948542, 6.377093817835714, 0.4600383719040906, 42.663218815355776, 218.8836171503923, 197.06604564349414, 44.2917714621052, 2.2993359197681684, 1.955490122366541, 4.726769728464319, 1.6291130055724352, 1.6857642768638925, 1.852115266017563, 1.527535217950458, 3.777559094454432, 0.2575056323341869, 0.7278066773653791, 0.14155683921774198, 3.2527829803625536, 9.231884257485262, 0.33275909951726135, 1.7665582248700957, 0.03439237819918617, 0.324942638096104, 5.483322785231394, 1.4767329791969814, 1.4927353124612637, 2.0783586514305625, 1.4233887674885182, 0.07495805548740009, 0.5270783008787703, 2.0593950941671437, 3.853046149047941, 3.062579408308011, 2.035270206124096, 0.06826686556269124, 0.09956320482581305, 0.5819243416549398, 1.1368683772161603e-13, 0.9419480342392035, 0.0690426625174041, 0.19605475833964192, 1.882315899418927, 5.015240058032305, 9.336400668389274, 12.328225928459801, 2.989458134622282, 0.08964346301740989, 0.1360163196322901, 0.0642531316465238, 0.21682622422599707, 0.6592435845296905, 1.440021438270378, 0.6970664746544344, 0.1693463288561361, 0.5640117609873414, 0.0021135826171985173, 1.36036166368865, 0.1180491599202469, 0.3057047097461236, 1.505089672189456, 0.6169454881983256, 0.8634776615299415, 0.004886725946334991, 0.05307248128383435, 0.02645669842127063, 0.19064969099940754, 3.136569267133268, 0.08771277199025462, 3.6495663035544794, 1.789588205185737, 0.09084247113253241, 0.9917660014278908, 0.17120288381897808, 0.7318441439953176, 3.5919416368643624, 0.14098455165753876, 0.4115764037729832, 0.10806422382370329, 0.6301921258946095, 0.8955166567245669, 4.8794830635019935, 0.1672611782032618, 0.059992122901576295, 0.958776311602719, 0.07254561482648114, 3.474196516042298, 2.0678403636933353, 1.1119315120319015, 4.957374805736549, 1.1732134991008252, 0.1772213241154077, 0.22221823221218528, 0.23967600203388884, 0.46861612766645067, 0.009446472751619694, 1.261999406032487, 0.9200268628699177, 1.8672974802965427, 1.0651217902582175, 0.059112883328680255, 0.0005907642891997966, 0.07157039583614733, 0.7824045359393494, 0.40911003477833674, 0.2687328004740266, 0.6174156252960756, 0.01508205577863464, 0.6570188631375231, 5.469056476727928, 49.00322745743597, 66.59576606959865, 9.33613998269766, 1.5157694347229835, 1.8284686456549935, 7.781305642954862, 1.4384504970281569, 3.8657792713842127, 1.812935938204987, 4.242144496444098, 129.54611673203556, 460.7719078974992, 120.10372351016281, 1.0131273788241515, 2.2737367544323206e-13, 0.02750459287767626, 0.01663856984271206, 0.008446602805406656, 4.427401011468078, 88.32788915279468, 155.34813365498042, 24.469941642044546, 0.05266774938991148, 0.0057898716045770016, 0.052667749389854635, 0.2882993164880645, 0.031903406790206645, 0.3757986979592829, 0.016255411134750375, 0.10944778375977648, 0.3205116318534351, 0.9681915504837093, 5.684341886080802e-14, 0.5292920400582375, 0.05411736874890494, 0.010566225594175194, 0.16814773562202845, 0.02361343366243318, 0.016190330055508184, 0.04158611233100373, 0.07753377670479722, 0.14398524785224254, 0.12584192054436016, 0.4026262364996569, 0.8606305537099956, 0.7296426907784053, 0.5234712096491876, 0.45511044803146206, 0.12961433502965747, 0.5454031940051323, 71.18486069908965, 267.868131073432, 148.43275885617948, 13.24481907622885, 0.17027009287869532, 0.06972193522858561, 3.0757475325750647, 0.01343528510744818, 4.609849021049513, 0.6693471544347176, 2.6908554644742253, 1.2447929120002073, 1.5144640610002398, 0.31743376835243, 0.6323091719616514, 2.0559718306679997, 0.09067288267078766, 5.486678773168478, 0.16324738262596838, 11.055564533530173, 13.726055530874419, 9.039541744250414, 0.19032505086067886, 0.5898992352010737, 0.003002146536800865, 0.05593929544045295, 0.6871493507002242, 1.3497732039090806, 4.52912771453839, 4.11969113120233, 3.5621398083235363, 2.6277962858272303, 0.4615592429155413, 4.497604304156539, 2.7870565976140824, 0.6489074048257635, 0.8928670105414085, 0.6778389550084967, 0.960880269479162, 0.6484666043013476, 4.36479864978503, 0.0003252982526191772, 0.06586852209829885, 4.018022628934432, 0.14638291362234668, 18.921933347481172, 4.857391073772305, 8.99762288587408, 3.7342683851973106, 2.128679237544702, 0.833494497490733, 2.1156046827802584, 0.5741475809689973, 3.4769328473794303, 100.430149141622, 610.5589005083181, 490.089419931116, 49.0012101508903, 1.3539914613161272, 1.6373200381735273, 2.796119165202299, 1.7591543273667298, 3.13894114209927, 0.39467628135548694, 0.29664526499090016, 3.156083535654716, 0.2631850135443301, 7.787163909883645, 5.287693301617651, 5.12670252782209, 9.032988702075386, 10.190613612105835, 107.08740127478131, 146.94503591538916, 24.431315863179066, 0.21075360894025152, 0.07319795734349555, 0.5765088955041051, 0.0007380751943628638, 0.3575156334052281, 0.12361241751221996, 0.35751563340517123, 0.21202396458727435, 0.42483241251386517, 0.002977115867338398, 0.164821219118096, 0.21266482765213368, 0.006652764393834332, 0.32550467930968807, 0.08999001043792987, 0.06117492616550635, 0.12803458003924106, 0.14745846132296947, 0.3320458929494521, 0.26484832473448705, 1.1368683772161603e-13, 1.8025799090807482, 0.002968045018576504, 1.731073650736846, 0.026631336889238355, 0.03567907320689301, 0.0029411566956696333, 0.504707615492805, 11.237306039285954, 85.31981673475093, 138.01778774575314, 31.6992607486186, 1.7473700334871296, 2.696435873663745, 1.5501370415715314, 0.45324976149987606, 0.10387258907320529, 94.36032859959107, 213.04178468912278, 39.10393190390755, 1.4779833798163509, 0.4741577197206652, 0.3634417376551937, 0.0007152991753400784, 0.04443962174457283, 3.6216626124892173, 0.1537099697463873, 3.1314032902939744, 1.2285517358200195, 0.02569419322333033, 0.7182721228693936, 0.3414498909123722, 0.27815272763280063, 0.829931293959703, 2.5957817581173686, 0.6076112510668281, 3.1357755657672897, 1.1368683772161603e-13, 0.22758041255781336, 0.006218208553605109, 0.13456016006819027, 0.04406200539284555, 0.9554720755779726, 0.43555629894422054, 0.22923568108069503, 0.011386214922140425, 0.000698856353778865, 0.43806762768406315, 0.20462075565660598, 1.133803188469301, 0.2046207556564923, 0.8712124930946175, 20.526043384314107, 120.63536356211625, 69.50732993272425, 1.633412010291181, 0.16683190481717247, 0.34528325532744475, 1.8907470794583787, 0.44421650833317017, 3.3770046125504223, 0.9927095241894222, 0.4572446610958423, 0.07370717114758918, 1.6415694487785686, 1.126955063750188, 1.2664579305888992, 0.42446643240714366, 0.03824065279832212, 0.0188973582306744, 0.32672977249012547, 0.08649361285711166, 1.569024536197503, 0.038057085283639935, 0.12184286362150942, 0.08580034529472869, 0.6158344305218861, 0.018851527461947626, 0.03896063669878913, 0.15558918920930864, 0.8410637127037717, 0.34865603922878563, 3.2099680736436085, 1.0570301947009284, 0.21084616395842204, 0.8652919638471985, 1.6243303823382576, 4.8670999530836525, 59.92543307701828, 131.2231515183105, 114.23424430111538, 4.906634467155413, 1.0571315024217256, 2.971647940260027, 0.032076542497179616, 0.8153767466400268, 0.20439234266478934, 0.1283080652418107, 0.5189345020008318, 0.11012045848508478, 1.9462074690662803, 2.1256264643475333, 0.11503901945332018, 3.311241249481668, 0.4066602628288365, 0.0009000268953514023, 0.17954750623511018, 0.04442852025852062, 0.8123680265833855, 3.410605131648481e-13, 2.4586262962101273, 1.4162569149955289, 1.8116552301949014, 2.289232203452457, 0.15017392413028574, 2.5152740343074242, 0.2577470361119367, 1.1150314576731262, 0.17988419657314125, 2.9121640129044977, 0.6446299739254755, 0.024628212109519154, 37.41172977201177, 174.84222345665785, 75.105942803939, 5.548831045688644, 0.3718100736684846, 0.7459548756912682, 1.3043236352409622, 0.028839601859203867, 0.21975583982987246, 0.4814561992370727, 0.7773851049164477, 0.412663539173991, 0.9749545919480624, 0.955470112192188, 4.332354918769511, 1.085600428103021, 0.0018161319552518762, 43.081637781952395, 387.3785743410001, 270.9570350732738, 10.79640684653316, 0.786934009417223, 0.3923868516690163, 0.030414143875361788, 2.7533130761743223, 1.113285454644199, 5.684341886080802e-14, 0.08844429699513512, 0.22001807575600196, 1.0100408231055553, 0.9129309962761454, 1.1161393414490703, 0.3941093833554987, 36.421621407903444, 93.42313222301368, 33.148863008861156, 1.535028890215301, 2.0517019542147636, 2.996538841916731, 0.010351491136304958, 0.10809291949425415, 0.2869053705554734, 1.383913786716164, 0.29307155442000976, 1.3934205391702221, 0.7957653959322215, 0.5088802699730763, 0.002333217170246371, 2.046886316063251, 0.029473620968758496, 1.5201211751310666, 0.3693993843928638, 0.8033693498562116, 3.176172484702363, 1.0234536897066278, 2.114458199067087, 0.9162099507049106, 1.3263975719942778, 0.7586681912408721, 0.8731198371486926, 30.287764709654425, 686.754040819591, 984.3924529111059, 120.55224042318082, 0.59241451452408, 0.0163913189271625, 0.03988343709409037, 0.2421514813597696, 0.11932481914004711, 0.0736493328566894, 0.008304117335683259, 0.9317920700298146, 0.08536467781812007, 0.03391976758871351, 0.012046862415331816, 0.5639380831014478, 0.3244618369780028, 0.5919938523561541, 0.46123028728425197, 1.965490139630674, 1.134002846131807, 0.04666610144602146, 1.3366739334313706, 0.5548749169574876, 0.012038337379863151, 0.7522884123554832, 0.16346937813352724, 1.8470522031433347, 0.5369540744289907, 0.0743192039871019, 0.005301585175629953, 0.00033193117053542665, 0.05633404658556174, 0.08542496814516198, 0.040678128976537664, 0.027269580449683417, 0.2260561627572315, 0.20922350303214898, 0.23928994637344658, 3.6619871486717557, 6.6016552149631025, 1.0538039523747784, 0.38720842336579153, 0.03582014079142937, 0.4311533649148487, 0.01064043664177916, 0.3992319552792196, 1.758499655618607, 1.0530442313001913, 0.004520923397080878, 0.13536892467516282, 0.01016594233954038, 1.2512912541031938, 0.8991668101000414, 0.057210441519487176, 1.561551391970852, 68.30254949839582, 788.771477366291, 607.4692749094679, 36.58506025694089, 0.04278123513080345, 0.8101897829411087, 0.32474800503314327, 0.6672906541826364, 0.8900602221831946, 0.13766171184079212, 0.17202475944060325, 0.08299013621916629, 0.13909667003866844, 0.0068330971968180165, 0.4895296121111983, 0.2401955967293361, 0.006604769836201285, 0.08104555270631408, 0.16850550677975207, 0.10858213829209262, 0.015347982650268932, 0.0853292923909521, 0.0016936368078859232, 1.5068494489271416, 5.684341886080802e-14, 0.8751562467791132, 43.52078795572862, 187.61494809542614, 82.00766899484745, 6.532632356168278, 1.5481654083018839, 0.002396700331246393, 1.9411080151834312, 0.021623872873647088, 0.0006194831328230066, 0.4470521890893906, 0.19855889793848291, 0.03043257229126084, 0.35434420989361115, 0.03937024545939494, 0.0025019166371293977, 0.13642007073713103, 0.5170479410877533, 0.9856078069417435, 0.13710664846189502, 0.557925032110461, 0.5270783008789977, 1.5068838043741835, 0.6807580279471495, 1.693794100353898, 0.15511892827987595, 0.08660352831054752, 0.10221031868547925, 0.021411322318385828, 0.8157962008585855, 0.03773995174947231, 0.0, 0.09996225178201712, 0.17011081091982305, 0.2595832513750338, 3.992066329775753, 34.80963171668225, 44.82655983190216, 3.4312493286715835, 0.02545524524236953, 0.9195166024483115, 0.05680032928160017, 0.7022300879154955, 0.884191065729965, 0.17710374739181134, 0.06862030242302808, 0.025391672132400345, 0.5442966230691582, 0.003563281743936386, 0.1579105577801556, 0.001586976918815708, 0.019562621852401207, 0.4936289840563859, 2.5189983649456735, 86.72224500033269, 307.07129964090154, 94.90624993769495, 3.0512904545555557, 3.1697131972733814, 1.638283325412317, 5.673127788015904, 3.518419986663048, 6.1986659105645, 12.469978392186022, 4.034378530978756, 7.154649989038262, 5.050519995149557, 2.851464526712448, 1.499723800198467, 2.851464526732798, 3.0304008216483, 7.154649989039967, 1.1424858568371974, 0.745074583524115, 4.7600762914022425, 1.5938780508894297, 4.017131810090973, 8.587784828986742, 1.7641029504238759, 4.801132605861994, 1.6949619602175972, 1.4018761115754614, 1.0279494640766416, 0.38274721600737394, 0.9929748457353753, 1.8170522268137574, 2.8356202933503027, 3.5186188225053456, 0.0010550559576358864, 0.63490625028669, 2.7002817498397462, 1.728703036799402, 8.763248636133653, 9.150842817814464, 69.80717989378013, 37.028190588156804, 2.23107502371613, 0.4403611547420496, 0.9153981492490857, 1.237217806103331, 0.5754857095161015, 2.4732264342291046, 0.3183531725676403, 0.19013454622643167, 0.43981246081023073, 1.7895990173049086, 1.007375844726198, 0.1643656666519746, 1.8863772778004204, 0.7767999994288175, 2.028704202976769, 0.3231725002518715, 0.9127027064090498, 0.5900799265754131, 0.3215501762203985, 0.06222711973703099, 0.014933187801261738, 4.1423912836917225, 1.4088923181326436, 4.914705274240305, 3.485611237036551, 2.6084834391243703, 0.9944578803822424, 2.398779225472026, 1.1514549730320596, 0.8872455105004065, 6.728750582394923, 14.618916804392484, 0.9221495624864247, 5.739357598659467, 9.930028151900615, 3.641759054056024, 28.01253542891652, 161.86164746649092, 66.90191596734189, 0.38787261606159973, 0.13616823498864505, 2.2410482928373767, 0.021693074545282798, 1.0235655008790445, 0.15104954620107947, 0.00034526165757142735, 0.09913031895166569, 0.15115897319185478, 0.11117610062149197, 0.012272712769458849, 0.7188037009393611, 0.3246937134821337, 1.4451536833206546, 1.1080866843190051, 0.47302209413942364, 0.30995005794795816, 0.13538856451771153, 0.12382733587742223, 1.4086635550453366, 0.25429589281191056, 0.10110829696975543, 2.9458687806990156, 1.1846544325214836, 3.2771102317765326, 112.07790678944036, 403.16921459213825, 114.8793090417854, 11.75292021300936, 119.9956265887397, 77.94444263802939, 1.008070446247416, 1.1161007463839496, 0.6323352046103992, 1.2307518483225977, 0.4848301098080583, 0.002682189412439584, 1.4387176885832673, 1.6414574676668394, 0.38485266935924756, 0.8649179886717775, 0.8327123426743697, 0.9778856588143299, 2.3335418035693465, 0.5863670764679796, 1.578731401239338, 4.322452463650279, 1.6544105741414228, 3.732614276678021, 0.5378752128972337, 3.898093209880301, 10.242844137700047, 0.2340485458946091, 103.49176470203088, 549.8387896755991, 584.9589138285708, 86.48179238837224, 0.02819239604525592, 0.0003447585291951327, 0.6517187635823802, 1.5383109435126698, 1.023641107733738, 1.6317482024136325, 0.012415840674293577, 0.1805377397979555, 0.06740111816975514, 0.49550039050700434, 0.31130912864148286, 0.05908181554593739, 0.005587339579165018, 0.13947897441664736, 0.25169963770918, 0.05822200198963401, 0.9791825021433169, 0.4502628917084621, 0.022683765432248038, 0.008785271005081086, 2.7005561571606904, 124.6395419443661, 268.61078168675476, 46.48247488595598, 1.064306363361652, 0.631514870837691, 2.075576787190357, 6.9900892454091945, 5.109539661975532, 8.525167618326918, 1.0375901142160728, 0.4294749157620572, 7.6000392826291545, 0.8169096200073227, 0.35969992260800154, 0.2563447362011857, 0.32432933134100494, 2.947050857243312, 5.607184657737662, 0.5326063480335961, 4.463232122814475, 0.6561459344416107, 104.65506843695414, 200.2063170116403, 31.88154919660508, 0.00376974689686449, 0.00673424582601001, 0.020434607992797282, 0.09549999563932943, 0.2842773993263563, 0.43138548807360166, 0.7366499724937512, 0.050505181409107536, 0.6675761349545155, 0.1866839332261634, 0.46931564642420653, 0.06186123095460516, 0.6774610359138933, 3.1684440400151743, 0.022153217580353157, 1.1861084987770028, 0.6982275589309666, 1.4858855251877685, 0.05629739222524677, 0.8125083850296733, 1.220885873222528, 0.011260159271159864, 0.08693149558985169, 0.14683024051407756, 3.52261927648658, 0.8628474154631931, 4.270755563220291, 3.616287551576761, 3.1722012799127697, 5.580864366210108, 1.1237442309658263, 0.5531510535188318, 1.581458649148999, 0.0673578199171061, 4.16811666532044, 1.3215971976341052, 0.05369161593011995, 1.474630058305479, 1.3847516211943685, 0.004191455755972129, 0.3472667211657381, 1.1368683772161603e-13, 4.004615514520765, 42.66344099792127, 25.152366319303155, 7.301026291039648, 6.142154446126256, 4.528867880470671, 2.1755479443588683, 4.960366052444897, 1.5537029796752222, 1.4323099006728626, 1.3620188951273349, 0.1593059287338292, 1.299862461732232, 0.01783009463088092, 0.7255975747212915, 2.0670152636653256, 0.0006918948981819995, 0.03238116898614862, 13.544766418500672, 13.915316393576859, 0.5744437029899245, 0.24524799877269743, 0.07984980191315572, 0.9242503760340242, 1.200908134280894, 0.12189517746901402, 3.5460056287103043, 1.7697167531898685, 0.22944492950239237, 0.014538330114305609, 0.4850099043296723, 0.09722758933628484, 0.08389267916516019, 0.06952971982650524, 0.16547836543566063, 0.6940586810758305, 0.24695410871379408, 0.004987712503975672, 0.04504466973219223, 0.10931233800215523, 0.0005586776170503072, 0.5307764335585716, 0.005016496468897458, 3.016456805893995, 0.5444738546974577, 0.18944509614141225, 0.02839274296104577, 0.4460167337490475, 1.5258923836407803, 49.40838562213469, 267.8363234992686, 67.51750740777493, 0.33014092449496957, 0.9144715147664328, 2.698211685174556, 2.5926045224923087, 3.1415319631643683, 6.9568082261446875, 1.3167908670134238, 0.690711599453266, 0.1770091962860647, 0.5476358485487367, 0.3311258592735271, 1.3428682605579638, 0.15285868123925184, 2.3013192899064165, 0.001550126785446082, 1.2919250925815504, 1.3307910080827696, 1.4510711227525803, 1.341158970248273, 1.3102273946878427, 2.56363018770071, 0.1435205729255813, 0.990580188218928, 1.0240418239533824, 3.5447974029106035, 1.451584269267073, 1.1987011126893208, 1.334702154761203, 0.3052871163269515, 0.22012034709058526, 0.3351246818899085, 0.09488891742762462, 0.09432200415540137, 0.01324398070079269, 0.07232290954993914, 29.326342246244167, 133.0627775734003, 52.95710911557046, 0.03375883855881057, 0.7782952788165858, 0.3267490428401061, 0.8713543187892583, 0.0026560036103546736, 29.637838722384004, 284.0296579972696, 365.1681605971976, 45.79073111177678, 1.8078743830477038, 0.17372602959432015, 0.46224887070394516, 4.3527286835220025, 1.7049737293390876, 2.425064075934472, 1.002373269086604, 0.7011662451386655, 1.0172382193489398, 0.7094501192558482, 0.2589924482043102, 0.3914111808683174, 2.997715396734179, 2.106422905453371, 1.632868081999618, 3.4233241195518644, 0.1669012501731686, 0.9948726446033334, 1.2272328189581003, 1.1979678088025594, 3.128576978808667, 2.232706653935111, 0.7623320219917673, 2.212110411193976, 1.1326661449058975, 3.295944506783769, 2.3818387494715125, 1.772101663067133, 0.10436054477577272, 3.2877016362196514, 1.8794484571974976, 0.15396584656218693, 2.366451891421775, 0.3763374592156765, 5.065613190825104, 14.126686710339925, 4.877825981040928, 2.019490706474244, 0.5150290761411611, 2.169079524768847, 0.2525678478496616, 0.4820364648758755, 0.30421330616451314, 0.08554410004472857, 0.5098182971482288, 0.09928077231984389, 0.1751544527248825, 1.1554553167650283, 0.04406594088783322, 0.41440950920605246, 0.6110424937603511, 0.1436694862833292, 0.2788312364708645, 2.0370776305932736, 1.1294276271794388, 1.3226326693475698, 1.1188673888012204, 0.1826488531639825, 0.3138151157765492, 0.36471921647034833, 2.478047179258624, 0.07967360628396136, 135.25631594058598, 521.7321290437246, 268.23741243680536, 7.95845726494133, 0.4729844652953261, 1.1692753296749743, 0.21136237496898502, 0.06280012561023796, 0.4327711935655998, 0.493470335295342, 0.16574941794624465, 0.40193522585525443, 0.0005167792731981535, 0.4760989068940944, 0.002066009380655487, 6.463824735157004, 1.111843923731385, 3.690619886650893, 2.3534723741122434, 1.0321763316640045, 0.46737741902268226, 3.4965671750102274, 0.3779615051176961, 0.013558992332946218, 0.6196885640898699, 1.2135697522983264, 1.546107437603041, 0.2288865808893661, 0.018594112412529284, 1.3286216342632997, 0.45896431548942473, 0.22171668676446643, 0.018014296004139396, 0.0005080558959207337, 0.11137379256990698, 1.2862894008751482, 0.28644785107064763, 2.104715005617436, 0.032361963900143564, 3.645223724324069, 0.9608532066889666, 1.521935096004995, 1.4800583444543918, 0.4137461473339954, 7.02014697077243, 0.8321384602891158, 0.14855429892736538, 0.33722573390798516, 0.6840167971971596, 1.0202909880024436, 2.2737367544323206e-13, 1.9198557703085726, 0.07102311660014493, 0.44209490637967974, 0.024229614362070606, 0.07138918627560997, 0.001972852400854208, 0.1581805212161953, 0.6633369361056793, 2.1011650111355493, 1.7741151579207326, 2.4324711562145467, 9.265872058686682, 1.298304016033967, 0.10016116102383421, 1.2485315014165508, 1.6560107324089586, 0.19668336967095001, 1.7144931639728611, 1.6227666304389459, 111.87133158797099, 243.25668455536038, 42.58040834379938, 0.08268330053078898, 0.05743465361183553, 0.4686483794941978, 0.677782032117193, 0.2273058142766331, 0.8445913348964496, 0.2748165363517501, 0.17119678657638815, 1.6776870924978766, 2.329592057956006, 0.29944484949533035, 0.34006228050441223, 0.35491665508254755, 0.1879463609849381, 0.6717063266687546, 0.02067643923680862, 0.10241552414470334, 0.5220815931477318, 0.2613222799823234, 1.1846368559798748, 0.21444407244450758, 0.5626583256280355, 0.020767649530739618, 0.2303095168508662, 0.96667713437364, 0.928951544802203, 0.7317135771738776, 3.778248033692307, 10.018298444613151, 18.860863063350962, 4.853025735561459, 0.31765129648226775, 1.3739734335900948, 0.43455168800710453, 0.16928216501628413, 0.3255871099347587, 0.020266778675249952, 0.5900996257496445, 1.4945209792315381, 0.6962779113921442, 0.1589246328428544, 3.1043987942773583, 1.149349531684038, 0.5593724462870568, 0.3658301004433042, 0.0051532430708221, 0.5833820164666577, 1.815836899838473, 0.011218995653052843, 0.16339751528016677, 0.4095855333799818, 0.0028038194428745555, 0.34451100980936644, 0.5056639543444135, 0.005012764935145242, 0.005118279197631637, 0.24827131108338563, 0.21787603588245474, 1.0591508757335077, 0.08370954220072235, 0.1899263445154702, 3.054134285354394, 48.26147850265272, 471.44786841738346, 176.9868237447397, 3.5638349970430454, 2.7384675564111376, 0.019673470069164978, 0.03900050266815924, 1.573325457132455, 1.817554649691374, 3.1803946333038766, 0.5800946093457924, 3.087627194952688, 5.061698816442686, 2.3157920066092856, 0.1523984144289443, 3.9834224607202486, 0.4618721421884402, 2.0809791757627636, 0.3671859684690162, 0.053059217219924903, 0.6039126635012053, 0.35684036629538696, 2.2909356839069233, 1.7846900631155904, 2.579432872507141, 7.6817559465577006, 3.3723057569690127, 7.524173137911475, 12.261088702694792, 0.5678213416074414, 9.142656783638472, 5.99506416411657, 196.6839664794643, 570.3718757101087, 118.72654451026176, 0.2506761535497617, 0.24858640395086695, 1.3004301242100382, 1.253968535598915, 0.0010124388821850516, 1.0797333016797666, 0.22980358676068136, 1.3222848635101627, 0.08300220007981807, 1.4749156883591468, 0.0010202174435107736, 1.1833328552564808, 0.049826728696530154, 0.25947017526357286, 0.3893331665194637, 0.2982824401236712, 0.004135298444793989, 0.058363487307588, 0.1602452761690074, 0.04349793234041499, 0.33329792818642545, 0.18836388816328054, 0.2020702716527012, 0.7478674979684001, 0.03085315878001893, 0.04285733096298827, 0.009136836717630104, 0.29148714046368696, 0.0010140959655018378, 1.2120559684872205, 0.6957961534238848, 92.36057351026534, 591.8534903125037, 361.1043809781586, 23.437487033828347, 0.7314752200446719, 0.5318662500064306, 1.3598798617613852, 0.03514677946742495, 0.16385554928609736, 0.2524563202837271, 0.3614629763921471, 0.08044283056159429, 1.6465244900171, 0.24796536874333697, 0.13703943284502884, 0.0009544229657763026, 0.04750749283175537, 0.024000948861782945, 0.04750749283175537, 0.16516272213982575, 0.7763400983415636, 0.32674888602628016, 0.12189692125696183, 0.0652105257423159, 0.25923516320364115, 0.8252873143506463, 2.168219392843696, 0.07791645485889376, 0.6496893151391987, 0.06260817738126434, 0.2802081164699075, 0.01571465417947593, 0.28020811646985067, 0.07853320015777854, 0.5098993445299698, 0.0, 1.5687327781041631, 0.6666892447051396, 21.957292628587993, 157.06363761266243, 133.17164336338203, 20.55697428672852, 0.4367753361824498, 0.28352869832565375, 0.15055030561393323, 1.1743727289037906, 2.2134491297474597, 0.8438652925054839, 1.5965477844252973, 38.36494766089402, 142.93607485035727, 81.05064861822984, 11.581827141987219, 0.0009600428686553641, 2.262596945028463, 2.3640970690494214, 0.05571958738141802, 1.2848811247714593, 0.5655988892139021, 0.01974268986577954, 0.1290053194139773, 0.008809269186940583, 0.003929749440430896, 0.4480853843343766, 4.517786345458944, 1.0889584415424451, 0.6520389317703348, 2.0499898277764714, 3.4947397832495426, 0.1076582708785736, 0.64276339471337, 0.5584986576592428, 0.3485685429187697, 0.21713738618745992, 1.2982668962973776, 0.5208251781032232, 0.2521746683744368, 1.798830345888632, 32.99427562725077, 28.241485599438988, 0.4369867538490553, 0.5390361853982313, 7.754682901690444, 0.020869467413376697, 0.43585852828255156, 0.005239081165541393, 0.4731685145352458, 0.05516572843055201, 0.4009875182596261, 0.826673607269413, 0.6817667773793801, 0.5462592854736386, 0.04905560698909994, 5.016253655822993, 0.19371203766604594, 15.543214420537879, 5.908187748638511, 0.39864740680934574, 0.30527093581304143, 0.005774524397565983, 0.24509610806433102, 0.37355607901690746, 0.0032919823769361756, 0.553379983970558, 0.3928890214610874, 0.3263131205630998, 0.9826842978307013, 0.04456800358104829, 0.030138568461552495, 0.10761627136093921, 0.08352230405478167, 0.4529738071252041, 0.7672205367036895, 0.859718591222304, 0.3243302283591447, 1.0073406732064996, 0.0032768314617896976, 0.05244959077901967, 0.009109301063176645, 0.017813212325108907, 0.005832190097294188, 0.023257336864617173, 0.0014546954569141235, 0.03636746788026812, 0.009067529283356635, 0.0014591678204851632, 0.005783323459468193, 0.003284389969962831, 0.28600222531053987, 0.09295858792961553, 0.14636809285707386, 1.2852551717403458, 3.4014071994067763, 0.0015125958697126407, 1.8128432592596937, 1.6415694487792507, 1.1453560038499973, 6.689460704979865, 3.091521309192899, 0.08123554775966113, 1.0331058092831427, 2.4589524813420667, 0.00599790310377557, 1.4980471267332405, 0.21356862544018895, 1.563943426020046, 0.3488302096584448, 1.918408179536641, 1.5539418933117304, 0.21524841565985753, 2.398385998696085, 2.3404243270531424, 1.0947383996107192, 2.05302064021123, 0.7618522464640591, 0.0003756093651645642, 1.6743901185346886, 0.18015960396166975, 1.250314238734063, 0.3139094329957288, 0.8596788340806825, 0.784598002858047, 0.25006154407219583, 0.8549784574518071, 0.12022544034857674, 1.5105866172050355, 0.08339197376483298, 2.7513361717333282, 0.023935004035365637, 0.38909122109350847, 0.1966790621047494, 0.14889192256589467, 6.354916636216672, 44.78489250005214, 41.16411999274885, 1.0224319277722316, 0.8140093210143959, 3.5476548675173945, 0.033669792305431656, 4.942370476766541, 0.06432397119499456, 1.8286314304965572, 0.2163401144787258, 0.2908379069340299, 0.3752922108377561, 0.002225700203894121, 2.6537566010889577, 5.360520087058148, 1.0299951828478697, 1.3834435032180181, 4.3182034408771415, 0.033523424201234775, 1.2807605683486827, 0.11640145285036851, 0.13409494156462642, 19.08112028141943, 198.67762950397218, 381.21711033351585, 67.15731055977949, 2.1330112217784176, 0.56899481133064, 1.1057982658509218, 73.99939638726687, 250.3693720976038, 75.84190782912026, 1.522584118326904, 2.0069159073420906, 1.5225841183270177, 0.36754757771450386, 2.1775831188074335, 0.5332434155508281, 0.0, 0.3857824517045856, 0.01798828662572305, 0.9880799903741035, 0.12324209511632489, 0.8828266745302358, 0.0007358445487284371, 0.4713234986073189, 0.16733846545128017, 2.3100348682174854, 0.7518725649832732, 1.1643262430632149, 1.9983403802876865, 1.4753567580194158, 1.5071903180843265, 3.6497815329639707, 0.4677035603085642, 6.775044184031458, 3.024227183148014, 3.1337743802801015, 24.89396681399603, 314.840005478911, 194.00290252400657, 2.199276628131372, 0.11702774846014563, 0.20522097155696883, 2.21432650482177, 0.6219321960105617, 0.33977363510337, 1.252819035433049, 2.321957117610623, 0.13593685770013053, 3.4236103111462626, 0.26382679132365183, 1.4775384061838963, 0.10403217687553479, 2.126162338258098, 1.2373559430747605, 3.3319075140953487, 2.185977182992076, 0.04990314322355971, 0.639488429536641, 2.4570960175252594, 0.6796460104279731, 0.08233097813797485, 0.6796460104279731, 0.11088502618588336, 0.9137197109764088, 658.1470281795132, 1321.6648985071129, 134.03063545003192, 0.749516709164368, 2.0517332577314846, 0.26949088071000915, 1.488400184916145, 1.9666334584069318, 2.419929140753652, 0.16361234606051767, 6.73009354023327, 1.8019265284010544, 25.69678929343661, 6.878788060176134, 0.4732561521872185, 0.8624963980529401, 0.021526307617364182, 0.026194698424774288, 3.182272980992593, 0.45796142431447606, 0.8266629375075354, 0.030955022884995742, 0.02577405141005329, 0.025435683385921948, 0.14707371696124483, 0.6957961534246806, 0.6691061533156244, 0.5935214661436703, 0.47670457501942565, 0.1022466148770036, 0.33348231109778226, 0.11269596954844019, 0.39105512398327846, 0.544487423190958, 1.7067708777301505, 0.9866780812357092, 0.01306677404909351, 1.5251235788356325, 0.6326892836137858, 0.42958000434236965, 0.4748621364833525, 4.638534673480422, 3.7153222909201986, 0.24299153276683683, 1.0248332860303435, 0.19362801936358665, 1.9855330760238985, 0.05145743727644003, 1.8071917697762956, 231.21599339638692, 1185.6922149578695, 358.5964680224197, 6.335168130982822, 2.7243763276139816, 163.5875395853618, 573.455330355501, 113.91676643832398, 0.7512416043100529, 0.01864048956485931, 4.8205797913556125, 1.0049923230425293, 1.3760156807371686, 0.288663925151468, 0.5387801525341729, 0.1987000368368399, 0.3575777752250815, 0.0015174225223972826, 0.10959088207562218, 0.06449720309467466, 1.2249137775347663, 0.02447399464870159, 0.30976468543269675, 84.38379557267376, 284.26167594115714, 26.30263094333293, 450.190800246809, 777.999611308159, 94.17174238661642, 1.931068999795798, 2.421608477110226, 0.023803573091754515, 0.024303385503230857, 60.72548695046362, 640.1331813628899, 957.8466511677459, 150.21654390374079, 0.7250014088294847, 15.331152192333207, 272.37277817043446, 295.1650562432684, 30.00313811158685, 0.7414773894424798, 0.08139095341732627, 1.8524912224165746, 0.030745424315341552, 0.12057029993536617, 0.03889275834660566, 0.011896871956309951, 0.030714709302515075, 0.25528369473704515, 0.23067055854085083, 1.5955220627650988, 8.178418190570937, 88.39319984808162, 128.49241304857424, 15.675035971553825, 0.6608332955855758, 3.9648708679360425, 0.45441184242247346, 0.0022810939607325054, 0.33329792818631176, 2.5033659319562958, 0.5091457270984847, 0.021761952606539126, 0.1399478260129854, 7.508083325326538, 3.721635321727149, 3.462554805760533, 5.081720127867015, 0.002352887766051026, 0.9722883060372851, 29.128151675422487, 539.8677086460209, 990.6464841326546, 218.54799327883393, 0.4035490881121859, 0.47034799057649934, 2.170974049426377, 0.0020239512609236954, 0.8877221387577947, 0.018134198045970606, 0.8120808501979013, 1.2803364274229807, 2.5165634132243326, 2.999436524293003, 2.438212979786158, 2.2977116028956175, 2.6189687581983208, 0.28621188346784265, 5.055101720995594, 0.6182894031758792, 3.0731929154125623, 1.470510689874061, 0.0020739886547289643, 0.0018969100228787283, 4.216669179286498, 1.0379430774694356, 0.7156018050668536, 0.08876828146020443, 0.4612871311630897, 39.851374188398495, 522.7560772206044, 646.4742977025876, 59.146123106644154, 0.015285482868875988, 0.04590883730497808, 0.06968060856388547, 4.1825117667482345, 1.0173992912342555, 2.7965372094507757, 2.6458106860130783, 0.11231632992837604, 0.31954681654622163, 0.12286593849341898, 0.030776623106248735, 1.1972276161002355, 1.365740320105715, 0.21306760337643027, 0.43338376010308366, 0.1368446984080265, 0.19381372248517437, 0.0027762491267822043, 0.00030766510212743015, 15.07309184440146, 183.24769588151764, 244.48672835829893, 43.192388330736776, 0.0007517442402331653, 0.9736328802549679, 0.47873193396583247, 2.851075879810651, 0.0031300718081865853, 0.17879569440748355, 0.01951602026343835, 0.48099952000234225, 0.1728797986957602, 0.8960714982719082, 0.6998402041901954, 0.019833449490363364, 0.01983344949030652, 0.13214183397133183, 0.4464585138872508, 0.33567674326411634, 0.0030374376127042524, 0.3356767432641732, 0.06184585707126189, 0.2206645448250697, 0.19440090174964553, 0.0007540712899185564, 0.21963224068525733, 0.1717965455836179, 0.00694789053028444, 0.019238796871718478, 0.22066454482529707, 0.3983079279672097, 1.1368683772161603e-13, 1.3481506489528101, 1.1211304136954254, 0.25232965605482605, 1.3020603190300335, 0.06263065219360442, 1.2383255332850922, 3.4720162772412664, 19.978222709214492, 20.114476362840946, 4.199738182318242, 2.2435031101970253, 1.5814285866836144, 1.4019784696264423, 5.91849934732619, 0.372000362711276, 33.98057603598295, 143.5240103851164, 82.2708189639335, 7.613849108913655, 1.358363640491575, 0.044129657044550186, 1.7097638943222364, 0.019579977719217823, 0.5658979918223395, 0.07912281234769125, 0.004875752652651499, 0.01387068761368937, 4.104546291761608, 2.8417889619589687, 0.8000305278311544, 0.002417643869875974, 7.683860005006977, 0.08628197277369054, 53.155010281926025, 82.83693050449472, 19.030394791811887, 4.540885305799179, 2.994515235327185, 2.749183174019663, 2.29731303869346, 4.456377498687289, 2.8407599185172785, 6.676219370297531, 8.69349325067094, 0.5288447815289601, 2.477682448233736, 0.001521062587016786, 0.00037501669282846706, 0.62844613972959, 0.23681771300050514, 1.179402996690328, 0.2368177130007325, 1.351783245399929, 0.9941009112701522, 0.029811626828518456, 2.755652054965367, 0.9416876896212898, 0.7332992070513455, 2.938621135993799, 0.0033461032129480373, 0.4197751122109139, 0.24851294773463906, 19.63679963162724, 324.81455489847747, 822.8546949001008, 235.97506470848896, 7.232165413464202, 1.2288262162879278, 1.6069770004918382, 0.28592612156614905, 4.403190406342958, 2.5997956998594987, 2.041767303587619, 2.409464364949315, 2.7315172351487718, 2.5799630490390086, 2.1957231415245246, 0.7290275037136666, 2.490216256688484, 1.7121196405250885, 1.2448143217151255, 2.977287273693946, 0.6365971057728075, 1.168644517650705, 0.829386755401174, 1.8352676794307285, 43.08410995140275, 340.1975808741179, 429.62881765373663, 70.5969592888082, 0.9618173902470062, 0.22573995586697038, 1.1793761612532307, 2.3125048879195447, 0.3029156038834344, 2.1837606294000125, 0.14572775784847636, 1.4066810431670547, 0.004008431326042228, 1.5636493913040113, 1.3807962178218531, 0.4373767700736835, 0.22443091766797352, 1.954688280127698, 0.0552259131017081, 3.6231896287640666, 0.028948485072760377, 4.504940002448166, 11.069065636356981, 50.59559696003362, 77.05145528272692, 13.424652146706194, 1.761445545484662, 1.546748089181392, 0.40742782552388235, 0.155834124601256, 0.6697388190634115, 0.5257105025474402, 0.07317220914103473, 0.04402063131738032, 1.4054363160112189, 1.5357289957539706, 0.603912663501319, 0.00753171906001171, 4.340252241648614, 6.351002051270939, 1.3744792798814842, 1.0275259010301738, 1.7515788644160466, 0.022965374897353286, 0.2897559347004517, 3.676170762980405, 1.4957551276061167, 0.10040098403567299, 0.01304325996886746, 0.040796526545250344, 1.0253014338269395, 1.4416248377182228, 4.246527190844574, 3.1599744636284868, 1.6597954579418683, 4.303074733889957, 0.7406535617066083, 0.2486750698357696, 0.8478761259415251, 8.264569120454553, 284.16260785685006, 354.0172650448749, 23.400090410885014, 3.9249775263216407, 0.14228032944788538, 4.573523660293517, 1.511343751803338, 0.014987354785262141, 0.09991275881736783, 0.658579826297796, 0.7480284394457613, 0.8697540823980034, 0.6806136229785125, 0.016083746390563647, 0.14306316680290365, 1.2779853514339266, 0.008065714507210942, 0.00789282966366045, 1.216539784882798, 0.11344085678888405, 0.3624208258784165, 18.225094480448547, 72.71750282149037, 23.252243095045856, 0.3234877837178374, 0.6086241304067244, 0.07362592458957806, 0.003928038177946291, 1.4963522356028989, 2.7499215194943645, 0.03718171270088533, 1.1449470401163353, 0.24121621402343862, 0.007142706134686705, 0.0018024712406941035, 0.8407584741245273, 1.1368683772161603e-13, 3.3719905978193765, 3.348656047754048, 0.3083297012276489, 0.1357717498239026, 0.0066988368472493676, 1.1368683772161603e-13, 0.3572821017444312, 0.08330198397004551, 1.1368683772161603e-13, 0.29251104217314605, 0.0974902492317824, 1.3389109002366695, 2.6284522958000025, 0.0037532907240347413, 1.4036558421009886, 0.750423023458211, 0.26457629232504587, 1.6729337212159407, 0.08156075772456006, 0.03334286515951135, 0.02637908753024476, 0.05981784591915584, 0.48189611690725087, 0.015072392344109176, 0.07192256764449212, 0.35759992470241286, 0.10880280168998979, 0.31025148320452445, 0.015232561408311085, 0.015178802962282134, 0.010582848698504677, 85.05428394755347, 498.3660681381466, 193.83187943495648, 0.4254754031713901, 1.2468592066556994, 320.18766283871173, 847.3315620588154, 149.63725076659387, 0.3015859712040765, 0.19627033784615833, 0.11520826296168707, 0.3703061253299893, 0.09336786879600822, 0.15567431878343996, 1.3429909479868911, 0.6651760947485172, 0.12523665152559715, 0.3749353112286826, 3.2328784362853185, 0.007577579116400557, 2.0856279442210734, 0.6809944309997036, 1.9875964274496027, 8.083460986032378, 2.862281126077619, 0.018007586470503156, 0.010014785935368309, 0.30873539941637773, 3.48691117701037, 1.4339371368381535, 0.5855047245909191, 0.10864986246690478, 0.1780904034363857, 0.3069174549016225, 1.621656830411439, 4.517491039603442, 2.001789842258063, 5.12133016558505, 12.449158840806604, 3.391443047084863, 0.8468465260382345, 1.9035541976915056, 0.37295373996471426, 0.4818251400693043, 0.0002908930555349798, 4.980750090018432, 2.2099379388961324, 2.109676200329204, 2.209937938896246, 6.873409684464036, 68.68254506576852, 94.27498744223362, 12.528437295163371, 0.12212764337130011, 0.273432538724137, 0.32410839620683873, 0.047800769486798345, 0.5520510475291758, 0.017174047549588067, 0.4289400373939998, 0.1394636253239696, 0.023789186315866573, 0.376266237685968, 1.538691118352176, 0.0042659606222059665, 1.1325800179075713, 0.15518477541161246, 0.03897065905380259, 0.1913958805113225, 0.43762290366078105, 1.8178186236353895, 0.012311397790199408, 0.572531523473117, 0.0019668003195647543, 0.023765178219491645, 0.5923647991102143, 0.012052091524992647, 0.03866087808330576, 0.12409937800839543, 0.01731159268695137, 0.4332388024448619, 0.03924573869107917, 0.493426394023345, 0.012137327866184933, 20.710698384961347, 319.79195368766, 562.2240791024072, 125.58445028543451, 0.037567879572520724, 0.06821964683683746, 0.03756283411360073, 0.6941161101840976, 0.004104768781758139, 0.5889654217260727, 0.06650795342090987, 0.004277974600427115, 0.28012083620075146, 0.28260645374598425, 0.2801208362008083, 0.9640886056353111, 0.6773377297281513, 0.1916922497960627, 0.4810188365043473, 1.0388315154926886, 0.016760233679576686, 0.15219634384760639, 0.016761742192727525, 0.27291082426791036, 0.27527824573905946, 0.4228580572356009, 0.10892936564522415, 474.63237613324054, 1235.1502743111819, 274.165594945325, 7.351797501313058, 0.05371562250684292, 0.23139843254011794, 5.332945181315836, 7.39071745367562, 0.3286855730392517, 1.4685037449489755, 0.09834592843401424, 6.336713842719178, 10.532916421788173, 4.016395951014488, 7.554008467008202, 0.1209325116187756, 3.070354003461375, 0.13587483607113882, 5.119970554205111, 0.43772701525733737, 0.5342979282035003, 0.7490519861547682, 0.7051212193082392, 1.0228334817156792, 1.165358962312098, 0.00033146522969218495, 1.9221843218850836, 0.016196343290403092, 0.9272328818029791, 0.678384046814358, 0.4791540194422623, 4.105594451245338, 0.711742162692417, 0.5908998306770172, 0.7426062930935586, 4.2317030784018925, 9.349579730803839, 2.258770872851528, 0.13442748719944575, 0.06273444333612588, 0.8136838602827083, 0.9057675737055888, 0.47534206054604056, 0.005679428954181276, 0.39988073393396917, 5.907173178276139, 0.5598157867474356, 4.449887836028097, 2.923908866824263, 3.8074153999207283, 0.9997787706970485, 10.476920883387493, 0.7879908537925076, 2.120368454557706, 0.5982857644771684, 0.801861393470972, 1.2872567197370017, 0.07284253092404924, 0.35926579286751803, 0.0033592460130194013, 0.9801227169414233, 0.5758740215884472, 1.1381045711742672, 3.412499985560885, 1.1704519721262159, 0.0057007725306448265, 0.5164521586902993, 0.8000252577373885, 0.2814576884724147, 0.0014761804502541054, 24.740137930537912, 26.7042332535176, 0.028073573836991272, 0.1168978276159578, 1.6301005375401019, 0.004084363362721888, 1.4226629977417815, 0.022195092307129016, 1.4226629977417815, 0.6290493267121064, 0.2877280254025436, 37.97325915841293, 134.93904085217912, 42.43816650899771, 0.08298668604868453, 0.022852699108057095, 0.004612776777662475, 0.1507022688848565, 0.028883204779504013, 0.034830599934366546, 0.5533938375598382, 0.11624974966889567, 1.141165802235264, 1.6074706880938265, 1.8761251907632186, 0.17590967367686972, 0.07177153292002458, 0.03419986081587467, 0.00028179191463095776, 0.4794773850985621, 1.4937385925127273, 0.010417204831014715, 3.2641266813419634, 1.5520964017009646, 1.4622414212254853, 0.6753858067003193, 0.5507042545489185, 0.04805697468771086, 0.3278297466033564, 0.12570902558377384, 0.0411102289496057, 0.01831585369006916, 0.31290322434210793, 0.007148073992766513, 1.0600943414768835, 0.1920543603915803, 1.1680026071727525, 0.1775110515114875, 27.893491777522968, 416.2860168274482, 592.3563438814691, 94.39920804379312, 0.622224968332489, 0.18559156105794727, 0.03104129723328697, 0.8300722864530599, 0.1803964542070844, 0.7664818779447842, 0.5462499291916743, 0.6503553718411013, 0.09667150534278335, 0.0011963551107214698, 0.0011791443342872299, 0.26468680948931933, 0.1959927623064459, 0.010363750972032904, 0.26155753844290075, 0.9990478479173248, 0.6439187032693212, 0.0012323162063125892, 0.20827051001271002, 0.30967575639635925, 0.001214071500044156, 0.6455159890662117, 0.030578347044809107, 0.5394593796536356, 0.24554303818598555, 1.6158385386819418, 0.0012770786956934899, 0.15574362249236628, 0.4048809359797474, 117.42382438443337, 333.4433512175533, 77.50530557657498, 2.593171639260504, 7.039412330586288, 11.095654691797336, 0.8644299096764598, 0.3052709358125867, 0.3062077883716938, 1.4672535548152155, 1.867348258563652, 0.06890234206719015, 6.738382478591802, 4.295754776712215, 0.8913239329497173, 1.2631587775500748, 0.7845980028583881, 0.39468985028099723, 5.8884892570467855, 0.5641601790928235, 0.5846699799061525, 0.592942486084894, 30.499655477415786, 362.96333176321446, 612.4590854707568, 132.27025377521318, 0.3553117500163694, 3.1317078663956863, 2.2982192996919935, 9.11248808746177, 0.48211355934347466, 2.9280278631141528, 5.333132632563604, 8.14246040063739, 15.495294369385192, 5.929292754969595, 0.1734141773642932, 3.3176463942218106, 0.3572791906051407, 2.0832386840858135, 3.0907708495774386, 1.3686761763348159, 1.4413707166064569, 1.3198159722089144, 0.01289800296018484, 1.1821429838654467, 0.3555875905603898, 2.6824579931228527, 0.036673987169820066, 0.6649425743501638, 3.51825095196682, 1.175765239704333, 8.251071721402127, 4.789488044951327, 0.17700919628589418, 1.5965014562065107, 2.9445118299444175, 0.006208987356274065, 3.7201962766874885, 2.2669641686515547, 36.314748236334026, 49.327759136268526, 5.042254090455458, 0.6417148551871605, 0.9371530438820628, 3.584023058975106, 4.589736445492861, 0.9673995840757925, 2.6041746222059032, 1.802783519969239, 1.077136704272334, 1.6970289057998684, 0.5137645645133375, 0.4721165137651724, 3.2216255682484416, 0.2395580064712135, 0.931037223313524, 0.17531090545060124, 0.9976436214126352, 1.1811128608806598, 2.4434276396758605, 2.802827935316145, 1.030959514490064, 2.0666726019508133, 1.458808206797869, 0.2535019008831796, 4.1755888959987715, 1.2106711190992883, 2.167172412418097, 0.12382218052420058, 0.5197715003531584, 0.03618974155756405, 0.9962977105684558, 0.07904825286072992, 1.4162587302082557, 0.47559146179975187, 1.0020651163090406, 0.46370948018852687, 28.162392682748987, 211.29522119809724, 142.7269992077879, 15.720231189819856, 0.2652479985779337, 0.8026297437003223, 0.006533728672366124, 0.4634314598089304, 0.5413760845827937, 0.7158648686317974, 0.02716768034542838, 1.2427855043661111, 3.207540936391865, 0.5507101287666956, 0.905166936827527, 0.3385036355360853, 0.6161004265163683, 49.85813817200267, 402.32332486998234, 262.9698308147249, 17.828192925098847, 0.2806051157398315, 0.05051720068638588, 0.04299810605323273, 0.012604833282466643, 0.2618973073269899, 0.4284025209220772, 0.1601569735795465, 0.11177417577619053, 0.10124435681598243, 0.9329652302894829, 0.19587774320530116, 0.2547440214090102, 0.4423964858807494, 0.5614276304165742, 0.009146827414610925, 0.6862999457781598, 0.0040763973250932395, 0.36509888018872516, 0.0040763973250932395, 0.3533417039950564, 0.09235368542738343, 0.8632470276594404, 1.1368683772161603e-13, 0.5411934316875886, 0.009242800390438788, 0.6135815720830351, 0.0, 0.27707371022074767, 0.4469818777560022, 0.2770737102205203, 0.002252819535783601, 0.04923402922054265, 7.761091082387338, 116.93321297867362, 152.81162027338314, 17.656993046019466, 0.08873891126950184, 1.0499136685064059, 4.876871509707712, 0.30805706107651076, 0.8938126846579735, 0.18586072526431963, 0.31817886339376855, 0.30643107626906385, 6.328841171472277, 0.6764376113555954, 5.032596260523519, 0.2103810424043786, 0.36243454335090064, 2.3256831111342535, 0.0017030582419010898, 0.23437900003932555, 9.944468540041953, 27.33194416070421, 44.72897794724463, 13.55711058157192, 0.2575699396983282, 0.13692421810685573, 0.4593102176869479, 3.3248366314301165, 0.43676508625117094, 7.405251741677489, 0.000283670910107503, 2.9774375986356745, 0.17859442350720656, 0.40097750937331966, 0.12780883452455782, 1.502051530798326, 0.15321810315185758, 0.2749437037859934, 0.08354994827561768, 0.4341034336624716, 0.16616362804052187, 0.9996216321195561, 59.99965405511978, 511.89392843742394, 451.60301860305697, 32.9135044556665, 0.7720463809472449, 3.136554016577975, 2.6639467208543692, 5.077510600135838, 0.27514495264381367, 3.4172867370718905, 3.205657829294637, 4.677360742159067, 2.2001706120224753, 1.7259377202616406, 8.526964413175392, 0.36340747677445506, 5.528864842066696, 1.6803289631473035, 1.4667663921783287, 5.674995223751921, 2.804784462732755, 4.136769587614481, 0.4145025300379075, 2.9030227422895223, 0.5060374461960464, 0.43071896312119407, 1.1061387358266757, 0.6006767109402062, 2.893374144624431, 1.5843088318980563, 5.146124448333353, 4.276520943134074, 2.3996370917252534, 1.1458514455753175, 0.001225002182195567, 2.414105737242153, 0.35045531695107, 65.84318839716366, 387.94584372725933, 230.23234735980418, 18.785240895273546, 0.03414012297264435, 0.02744547089423577, 0.05722187410776769, 0.12188269442935962, 0.056693986622462944, 0.03365417749307653, 0.3458564349585913, 0.49442464752144133, 0.5002151117173526, 0.012525338171826661, 0.377928207525315, 0.10014643025908754, 0.11182474233430639, 0.04980864460526391, 0.022169534029558235, 0.0055504999920685805, 0.034665288251289894, 0.15159823010912987, 0.19865576203415003, 0.0030737143206351902, 1.1368683772161603e-13, 0.1793728450135177, 3.7004932120463536, 18.149390066475235, 25.488521253872932, 8.430071158229339, 0.13892231783165698, 0.7660191009796335, 0.3808279049859493, 0.004263042465936451, 0.052043919999505306, 0.051955124887058446, 0.2400733197741829, 0.3854075617906574, 0.19462596512130403, 0.032546101612410894, 0.24048604744120894, 0.40330402922654685, 0.7456874256091623, 13.015271764662884, 345.67683239421604, 1243.275485966356, 514.0301190288835, 265.4863217647189, 1300.2914610507364, 692.7363766238682, 27.31838560150436, 1.4408564224047495, 0.26290951029113785, 0.05010071703077301, 1.316504887582596, 0.5132585012170239, 0.225954272633885, 0.8870485334306295, 2.973853887041628, 0.744373516561609, 1.296903135779644, 0.33848509554013617, 0.2725946132268291, 3.1080139137073957, 0.049690817394093756, 1.1800849574897256, 0.08205255231348474, 0.00625446116657713, 7.9162950255700935, 49.53965287699668, 22.402080271101454, 1.8083201399633708, 0.3219323122903006, 0.4579656640637495, 0.08621635232736935, 0.05554989194911286, 0.04036228178279089, 0.19005906588938615, 1.6343521214295151, 1.0233719376062709, 0.1837611233044072, 2.1061222342045767, 61.09956827667804, 115.74361184410418, 8.876751983797817, 0.0904393158231187, 3.5619202520884983, 3.290623398909588, 1.2590227902365996, 4.0840076721461855, 11.947094231674669, 0.004742565955552891, 2.1698531104829044, 0.2757494344199358, 0.7033397210557268, 1.3767967285272107, 4.267665762022148, 3.5513297989964485, 3.176965792936471, 2.813581208788719, 3.8168633121750872, 0.0020883980751023046, 0.1054146440645809, 5.0129096357270555, 4.252187635128848, 2.273564111285509, 4.409520778676438, 2.4331836538291327, 1.507944540003109, 0.7474830594260311, 0.8211813158534369, 0.3623696363389399, 1.6353763010142757, 3.22555804241415, 6.579708580090482, 1.4034969519088918, 1.3976829761041927, 0.040936638631023925, 0.12717689317867098, 0.388685265162394, 2.021105692867195, 10.017206548780564, 0.4819146173416584, 1.9761830321921252, 1.3240543795629947, 4.097298168617158, 1.6818340902967748, 0.3056016254839733, 0.44345404408989, 0.12574798442017254, 0.6721455553814621, 0.017593267935694712, 0.1404509375112184, 0.9708699583978841, 20.510004203326048, 52.47444172923258, 22.900010317338683, 1.7804917343007673, 1.8279331041269415, 96.30499465230207, 195.66749884802846, 33.56993891119032, 1.1648272445127077, 0.06403475549791438, 3.2804725955130607, 0.0034237598572417483, 0.0827462306679081, 0.13613406187914734, 0.19745159367664655, 0.6805441686666427, 0.6535629879224416, 0.11810272187835835, 0.5628693888802445, 1.2631587775495063, 1.6295969224772762, 1.3237493742042261, 0.17621314948246436, 1.2790205661049185, 3.4265497207793487, 0.01879075643842043, 2.7250426539105774, 3.361644936523362, 0.4826124147155042, 4.194594761630697, 0.392540381021945, 0.08580034529450131, 0.22009199336264373, 0.5745015904669799, 3.4935138042094422, 5.629013825436914, 4.928340328660511, 0.1503962101540992, 1.0112582908611785, 0.98281218756199, 0.04930414291072793, 0.1331946757783271, 0.04930414291084162, 1.0346694951222162, 0.07629231412443005, 0.3984057349440491, 0.8242051965330575, 0.03416477919108729, 2.7400953191079225, 0.16729137917661774, 2.498331763361989, 1.3944710573741759, 0.059169159164639495, 3.6637194390737022, 0.47510273223883814, 3.3895717709709743, 0.24718969660557377, 0.06572831430673887, 0.17911596481701508, 0.012158766524180464, 0.09806368462284354, 0.012211099980504514, 0.10857616723205865, 0.7384570455516268, 0.00033286670509369287, 43.414311563486194, 528.3433876531919, 985.2062135865282, 269.1544169512124, 0.36298439762481394, 0.05250729851576352, 0.052532210744175245, -3.168045645907114e-05, 0.05254033671315028, 0.49032353618110847, 0.3917370113880452, 0.22190680778447813, 0.4964304243958395, 1.469126364784188, 0.7603878675690794, 1.1164716028602584, 0.10495432156426432, 0.006100975409026432, 0.15481860606382725, 5.525811661755142e-05, 0.3076194658280542, 0.005860748424481699, 0.22737822979541988, 0.05702044451925303, 0.002650373268693329, 689.3751235275809, 1539.7900921251785, 278.0560737043106, 3.0885111451403873, 2.2216250056388844, 0.7798381247796442, 0.29461710502050664, 0.017532692732174837, 2.2788502700411755, 0.046584172232996934, 0.4036334673565989, 7.533925805319427, 36.24676759815611, 12.289994083265128, 0.03474159888332906, 0.028422148144272796, 1.527729491949458, 2.7598400937126826, 1.222077534043592, 1.6098795437944773, 0.4060905806068149, 2.171284887120919, 0.10216448666665201, 1.6564119827251034, 1.9780899594744596, 0.40881843667307294, 3.102054750662546, 0.15671681410469773, 0.08920058008800424, 0.2933653957707065, 0.10066213152833825, 0.29336539577059284, 0.38156327588501426, 0.068749295063526, 0.14082664947488865, 35.133033043813725, 171.78436282415282, 54.76572373523709, 0.6738048064217992, 0.3039183173677884, 0.17699727016690758, 0.015427931881049517, 0.08847118613505245, 0.009867586657946958, 1.5107960303143955, 0.8669885644707165, 1.012636065706488, 1.6959859898101968, 0.4574726985650841, 2.672738196096361, 0.23348247767080466, 0.4386856513993962, 1.64735707454372, 0.27745554737362, 0.6816371309075748, 0.7335216199079468, 0.010259098860842641, 2.5495122772450713, 3.2689467204416474, 1.1368683772161603e-13, 0.014697351695815541, 0.1915283672378223, 0.08554074075357221, 0.08481193995231706, 0.7587417506049405, 0.595883551399595, 0.16726117820343234, 1.78521243881886, 0.2367450891456997, 0.906382577126692, 0.39864309958397826, 0.09911407695170737, 0.7264013199007309, 0.5419712375267522, 0.0006063028349103661, 1.2082479485020485, 1.1431572088025064, 0.04727486757838051, 0.5629457138876433, 0.20943398103918298, 0.39719071467607137, 0.8474470367523281, 0.2112073767492575, 0.08585687099059669, 0.0023645014442195134, 0.05954930876737308, 1.121186923120149, 0.17500560969716616, 0.6644694644610922, 9.146033727147483, 45.270343301293224, 28.613970604274982, 5.023842043664672, 1.7026648487333205, 0.7457212152157808, 0.1915483475917199, 0.8523304742135451, 0.010006062094589652, 0.8153289136132571, 0.9039142107288853, 0.03311437928027772, 2.3347254767538743, 2.774560480943819, 0.019240217079754984, 2.7077623811206877, 1.0882777356564475, 0.18106688834973284, 0.8909223576768, 0.392885875376237, 2.296055511444365, 0.16276234563736125, 1.0314000102305272, 0.4406860820336078, 0.4336923984506029, 0.0003989025674400182, 0.24807273872829683, 0.21298284574356785, 0.7202681830208348, 4.07578351576467, 46.02613699924075, 96.91397992778377, 24.432058592659587, 0.14261156295305, 5.684341886080802e-14, 0.1859911792154776, 0.2350457226559115, 0.1859911792154776, 0.20949819143743298, 0.03622074343928716, 0.08957964057697154, 0.05978454010761425, 0.4948446906403774, 0.03573251946465916, 0.2914851550289086, 0.345457846870147, 2.2257957493599747, 0.0007018823267799235, 0.6697303663090679, 0.205218141791363, 0.006428247609164828, 0.017908845876945634, 0.046084243360951405, 0.10369029443671707, 0.16482121911826653, 0.16531866900407977, 0.10572337773373874, 0.0029680450184059737, 0.1241720379034632, 0.18738948854354476, 0.32208680161596703, 1.1368683772161603e-13, 0.07137316322507559, 0.18298624999010826, 1.1368683772161603e-13, 0.03479404002393949, 0.8399356781239931, 0.1413438056989662, 2.911655958449444, 131.2774944525744, 310.68204375197615, 51.58128610962035, 1538.5267203492206, 693.7691641318406, 590.9284501564496, 1525.3353868102208, 394.7694083929864, 17.704569594176178, 0.0024334058973636274, 72.59387654597435, 607.4558489938065, 627.3788341909659, 60.325365069299096, 5.140315453187554, 1.6886016839046079, 2.0734144398676904, 1.436169223377476, 3.240330723950251, 6.1089174928820285, 0.4435724740877731, 5.356931486704866, 1.0803012405471577, 6.622854424754394, 1.250610468936486, 1.4336204184585881, 3.120647558871724, 1.0661882770774582, 3.149613010955818, 2.16116526193656, 4.366597319598441, 2.090653639999914, 0.05606562508461366, 0.013635550601691193, 2.0326065500080404, 0.4750737509671694, 5.709921635846456, 3.464517843721751, 0.9669863125792517, 10.286283572196794, 0.4154995701690041, 5.599261020946528, 2.2770955646680022, 1.0027081092122216, 0.0368220694512047, 0.21577541549322632, 1.3274554178947255, 2.742956647008441, 24.57568577280074, 24.670717249881307, 2.951809716091816, 0.15612823503835216, 0.20515402868102228, 0.32373478279919254, 0.0008983741413999269, 0.4761493271689119, 1.071142065246022, 0.05840798961168048, 1.134015164492098, 0.6275205318060557, 1.269748340312674, 0.303046880621082, 0.633526847426424, 1.7721485610533705, 0.3727121346285003, 2.765491505096918, 0.9434549944919013, 1.602610722943382, 0.008070556684060648, 2.9556237085231487, 0.5494208195982537, 0.3637108184934732, 0.42431920726221506, 0.20363623253797414, 0.6192986281494086, 3.0439286492701285, 3.245118643848514, 0.35880152944378096, 0.6493657171015457, 2.2166107962814294, 1.404522891743909, 0.7236696160605334, 1.3991136113945686, 1.8116552301850106, 2.2753760562824255, 1.404722386683602, 0.47440356231527403, 0.23451306107165237, 0.20904830107599537, 2.084659499147392, 0.5557532151331088, 0.03535808916069527, 3.1167395401674867, 13.01569344335303, 2.04590656278026, 6.857123229675267, 3.121686845062186, 1.5821108890188498, 3.1070671113074013, 0.0038068102900297163, 0.5624791826862747, 1.411860939737835, 1.8904996454499496, 0.11327965134364604, 0.5720367521093976, 1.9173709911567585, 0.03354226843532615, 0.12646477808186773, 58.55806968059812, 164.6523307451945, 49.62835339774995, 1.9233790469312453, 0.043506118224172496, 0.24946499475674955, 0.6867629598706344, 0.02792003591764569, 0.9511692233458007, 0.09713830837313253, 0.14134642736792102, 0.015479157327717985, 0.09802286626131718, 0.8911837647863194, 13.995916319794446, 119.98474664483922, 78.81046521175324, 2.979225283875053, 0.0024124343625544498, 1.9202732191655514, 3.4348641575819556, 0.2633456294146299, 0.8599250463282715, 0.5951692831259834, 0.4417081386732207, 0.3427650649371117, 0.01305184360558087, 0.017140324468414292, 0.4434590764891482, 2.4573471342819175, 0.2060635928036163, 2.998621424535372, 0.0023823012318189285, 0.3657034886961128, 0.002382301232159989, 0.03188386231829554, 0.11613961020600527, 0.012897045254248951, 0.28248233185365734, 1.6916392714649646, 0.3750922434478525, 2.2865095435448666, 0.0952865477022442, 4.547473508864641e-13, 0.2064129861537367, 28.805707558350377, 277.70720257505684, 223.5967698799534, 13.773537928964743, 0.22363878965006734, 0.6944156938376409, 0.021950602209017234, 0.8239105800557809, 0.038682449871771496, 1.7558922665522232, 1.9513910157520513, 5.427717745534437, 2.2059334244273714, 1.0328533817670404, 1.711487112023292, 1.311608629817556, 3.047716098723072, 6.870035880044611, 7.812354097132811, 4.231686262704102, 3.0573630939143186, 1.4031924563366829, 1.4239546154789195, 1.4448219876974235, 1.4036581850974699, 1.3668929076633276, 0.05238696512981278, 6.675958403933919, 0.6385884232454373, 1.7933775479841643, 2.501813032422774, 0.05156204044806145, 0.9747165669771221, 30.488332126991736, 84.52990810449825, 21.451733111705153, 0.010339528109625462, 0.004633240880082212, 0.0560315501381865, 0.3015176801087591, 1.1307036780954718, 0.07610507948203349, 0.00487433268000359, 0.4826986405843172, 0.2021923233155576, 0.17548221200269154, 0.6985442747125035, 0.019306101547783783, 0.20775018351196195, 12.949611969011016, 108.22554187097842, 116.52832787460818, 23.401013427716293, 2.4913448196360832, 1.5421780518233845, 0.16029645704998075, 2.087416358156588, 0.00199535952469887, 0.267076576970112, 0.11300160675557436, 0.00799802841413566, 0.012621480017401154, 0.11183416593348738, 0.3106558863510145, 1.370335751175844, 0.5108349643625161, 0.008353597207815255, 0.375135017420007, 0.3487925973673782, 0.9873301880544432, 0.683307110612418, 0.1452963440071926, 5.376322594461271, 10.58476867293723, 1.9006268408255664, 0.5966013935815226, 0.41941548236229664, 0.00228355801800717, 0.03640804080464477, 1.8550489650845066, 0.8498196277170109, 5.652004591602463, 4.880500252334173, 1.9484614017669628, 11.145042494913582, 0.22129978616999324, 3.8261314534620396, 3.3919646161263017, 2.0518761027866503, 1.5698831619074554, 8.188835859746519, 0.00902759251846419, 3.030421683763393, 0.2773006622413732, 3.4967342257463088, 1.8162219288087726, 4.6538016199850745, 8.585609793615959, 2.1125544192166217, 0.1758260768559694, 4.220615612908318, 2.880385304477386, 67.90216179930167, 254.89949276198104, 82.15473804003568, 7.662860792585207, 0.7242412579100801, 1.5180574704156697, 1.218388431915855, 0.29305790165687995, 0.534559031642857, 1.5890385705606604, 3.489400502571584, 1.589038570560433, 3.7500091866821776, 0.11489587412938818, 3.1355850454368692, 1.3697386217985468, 0.08881166694550302, 0.4432649211851185, 2.217635171550569, 0.18805714516929584, 4.260608253630721, 0.24626744372221765, 2.122927362634755, 2.571774279426222, 0.013816135304750787, 0.22327995239709253, 0.554409007344816, 0.4573479666132698, 2.2876082987608015, 5.437831228968548, 0.4677850385470492, 5.51745185409743, 0.0002817919144035841, 2.9207715364674414, 0.8388104836254797, 12.302811992327975, 135.53198851369723, 206.1209227451384, 36.95819417789994, 0.08201500054747157, 0.09563394791496194, 0.027825751498767204, 0.06839136479118224, 0.09711202735786628, 0.3050720226115118, 0.0986357356021017, 0.9587763116030601, 0.7794885944705356, 0.9587763116029464, 1.1073177888870305, 0.0005850493477055352, 0.1133681839436349, 0.014590959770202971, 0.14825058079532027, 0.5489790711894784, 1.4190441944061831, 0.22702011549961298, 2.055624977155162, 0.11350395053648299, 0.21120737674891643, 1.1086894802479037, 1.4308636773911303, 64.30848194105613, 214.06905865064812, 60.35526472586105, 0.730616147545561, 0.060960284416751165, 0.37788635185643216, 1.3722368121002546, 1.5028541169913296, 0.678874365379329, 0.4260043161734757, 0.06561401288240631, 1.5975272309392494, 0.6017651082166822, 3.0620906938610233, 1.834993784365679, 0.8395382555172546, 3.5267495251239325, 37.96426484671963, 483.61862551490594, 1023.4559379158267, 224.1064313171687, 2.6283395748995417, 1.9421923462121526, 2.0716583422131976, 0.3259568902309411, 0.2786821519749765, 2.78973058639707, 2.822903575657051, 1.6510041048404673, 1.163805190642961, 2.2064830057140625, 3.241672093182615, 0.793568291313079, 0.648266637772565, 1.7634020808949344, 0.029782176584092213, 0.2264654098862593, 0.20472200866907997, 0.9254551633999881, 0.26919963426161075, 0.14193716480536978, 3.3812897243024054e-05, 2.0626743077527294, 0.20589545131343812, 4.520279643367985, 2.121778308263515, 2.6024547669912863, 1.2974285599818245, 0.5292120541352574, 0.6679730555223955, 4.911421952995283, 0.06958102954496326, 4.040437177820081, 1.0129996607171279, 70.78058157666095, 90.95332939104344, 7.342425093015777, 6.135835644209465, 1.4323206331360439, 0.5579478483818434, 1.8429604847313499, 0.16291565554388399, 0.6014596854643628, 0.0069870354637942, 0.15980542507600148, 1.1985236331577198, 2.953959071546251, 1.7791737270655403, 6.736711979649499, 3.6829394660525736, 1.8036073940036204, 1.9504649726833918, 5.531879337197779, 1.1763911163704392, 11.634038231381396, 1.5385165591753776, 1.036222272093596, 3.6424798694215497, 2.2699780212672067, 2.2312052059904204, 0.842406619383155, 1.873870706302796, 4.676718652227464, 237.29583413952764, 954.2721786437271, 515.2965834816196, 38.73394851785713, 0.09463019369309222, 1.3407543830817303, 1.9718517508106288, 0.454502186026275, 0.19399771337270977, 0.024797315325827185, 77.27461239884303, 332.64487872018185, 59.56938624818679, 6.928715310162374, 1.9098666959743014, 1.2091038637739757, 0.1966833696710637, 2.419736197835391, 1.3816491206969204, 12.680720741037817, 0.225739955866743, 6.305035580831941, 0.6003937548622389, 7.85240928358985, 0.4882164380600216, 2.053093756417752, 1.7039615518796154, 1.5375884808794353, 1.438146333105351, 1.9430623539445833, 0.022449633462883867, 0.8439606877693677, 1.5563521082704028, 1.0927090098750796, 0.0730934657567559, 1.5807788792575366, 5.6874463038847125, 96.20572365528596, 89.8381223062405, 12.769434292179085, 0.021862671237499853, 4.183468366584179, 116.15178108375312, 308.2980329766426, 5.880663539349143, 219.983412097538, 127.21609082076168, 2.498156858680886, 1.3214863665298253, 0.38378865420111197, 0.029971951643688044, 0.601384368392587, 0.0011943025921254957, 0.7412829181665757, 0.40375063365286223, 0.0002917982379813111, 0.08380843437021213, 16.038056597953073, 170.90880198037735, 192.09753481597306, 14.284889708318246, 3.0459150410327993, 0.9199724661662003, 1.5519830890750654, 75.9104937303407, 277.10730942445025, 67.63053395879808, 0.058895452563092476, 0.0002979125773663327, 0.07687556865789702, 0.2655128472824799, 2.0534040880437487, 0.7482824955413889, 0.3715840983885528, 0.2403174368148484, 0.023547756913444573, 0.31718154238160423, 0.1808000741241358, 0.6958691696002006, 0.10302998840370492, 0.25931264300174917, 1.300261053818872, 0.08360152188208758, 0.3187655506972078, 0.9856480210227119, 0.7357039738523099, 0.9194153763521626, 1.4330428350990587, 0.37759075471842607, 3.5178482433781255, 1.983759356212886, 0.2602821262770476, 0.165460805061457, 0.24727394461797303, 0.06206715992152567, 0.40767073578979307, 0.09142536942454171, 0.03774583253118635, 0.31870165704731335, 0.0028206183011434405, 2.234698296420447, 1.8592531287097245, 0.4518852266870681, 0.021087987253395113, 1.9302445491327944, 0.3754060151605927, 0.307944492348156, 0.00032109070286878705, 0.5631620534022659, 0.7585685768806343, 0.05342728336631808, 0.22862520983733248, 0.06194224918931468, 0.007924694462758453, 0.2859669353558729, 0.23360099909518794, 0.5206726942026307, 0.6069366576155062, 0.7477158403961539, 3.2191853317750656, 0.0012761054117618187, 5.938837267536542, 182.78476711719384, 697.9639888796601, 251.72632452499033, 1.0992889728700561, 0.001545274475745373, 0.05606944629437294, 0.3555086283351443, 0.1899604715871419, 0.1924075117867119, 0.006411870653153073, 1.016986824410992, 1.3215187920041558, 1.1034635481235, 1.582471735389447, 2.2516262516784877, 3.0882770305312874, 0.0015599226375684339, 0.34341726151228613, 0.12797529198093116, 0.006229856425250091, 0.8888939413228059, 0.21944069438876568, 0.03745939456746328, 1.1368683772161603e-13, 0.0015121358734973, 335.92440686940404, 1036.4027954531286, 273.50341365155623, 5.529572562260228, 0.14887178030664927, 0.24817248971896788, 0.006513855355478881, 0.205831298599378, 0.02118790506096957, 0.8169014817183324, 0.05119767117741958, 0.03705306413814924, 2.2737367544323206e-13, 0.6028645546798543, 0.42101746676326, 1.0018990749262002, 3.5854180193322236, 0.38551183639299325, 0.14453204169149103, 0.7421358625288121, 1.4502912250483178, 0.33815682378940437, 0.4375110210202138, 0.7851297683506573, 0.00644172249053554, 0.09276192945173989, 0.016477127021630622, 0.12426499982666428, 0.0064132998334116564, 0.0022986421129189694, 0.20240668228393588, 0.3345927622719955, 112.87487778471268, 1001.8121132979893, 834.2085919922886, 73.33899901666882, 0.17921422725186176, 204.01111971536636, 749.3073194831227, 459.0214828366311, 60.35648713161709, 0.054301471462053996, 0.15204205932968762, 2.352099197294592, 0.05324859447830477, 33.85258683185316, 259.2189675812789, 413.7042156901115, 101.21328913907587, 1.323755374852908, 0.041896911650155744, 0.1177759873822879, 1.0047856125145245, 4.569415453432157, 0.6058248898539773, 0.03608099292017641, 0.6058248898539205, 2.8451602796839097, 0.10676990099074146, 0.017900157275846595, 2.3522769496631213, 0.004505807383395677, 0.6564426429750938, 0.3989048134305335, 0.6739778710256701, 0.004317665886617306, 0.8482596978995502, 0.1571678829008647, 0.4366002559146409, 0.18425015386333143, 17.427528961533994, 107.25394291470889, 69.03537690963236, 4.253863296387465, 0.0, 0.04953123255711489, 0.0, 0.7215104058244606, 0.5489684054329587, 0.1612420398811878, 0.46927331976178266, 132.99697969455826, 979.9928036554536, 970.056199731785, 96.87403224926538, 0.9034883750755398, 3.142131867932676, 6.9466903508997575, 0.006194357470690193, 2.7335166053605917, 0.012179968152054244, 0.06500873672291618, 1.5476186245051622, 0.22571020397413122, 3.562562508816768, 0.00024883716173462744, 0.15330385951460812, 0.03595792338182946, 0.08038647069020044, 0.5464715164832796, 0.01598988566411208, 0.31966878505988916, 131.0666792686095, 1059.2828333563991, 673.1530002282482, 10.321857891036188, 4.055147561916783, 0.511820108507834, 4.423071256666731, 7.244458820788509, 1.5200635794707296, 0.001363874469689108, 1.585106548408703, 3.5615242095437907, 0.43104114791378834, 3.3812981897183363, 0.07043453424171275, 3.0218006941149724, 1.8010531823687188, 2.0586606203269184, 5.633203020533415, 1.9397009780728922, 2.842776609160751, 1.7338498993353824, 24.42216041304573, 66.34701637360865, 22.390574070961634, 0.706916748409185, 0.7581015027716376, 0.19019270071549954, -0.015128732298023806, 0.7053279036048821, 1.6474590873125408, 1.0497390670406617, 4.49618404595293, 0.11753470508398323, 2.823339640796462, 0.11638013342604836, 1.340498987412957, 0.3624668774050406, 0.48837464581743006, 0.7123157859485332, 0.20127776923970941, 2.4321412502707176, 321.67906598951595, 785.4446893892452, 161.19078138879513, 0.14147539980695, 0.24437424286600162, 0.08435169357187533, 1.4476968532210321, 1.3964041581713218, 1.51909534109393, 1.5325012191103724, 0.0108028236836617, 2.1229809913540976, 16.565504078538765, 149.5492150352892, 52.62432437036409, 0.7764531450972072, 0.37336478815217333, 0.0007781474604371397, 0.6899354044496135, 0.6845514902625496, 0.3042298595696593, 0.553182055829609, 0.006936905830684736, 0.17233649104707638, 0.19440090174970237, 0.012149765019046299, 0.03694966479827144, 0.30954285760606126, 0.3733647881521165, 0.019578700456008846, 0.028398555208582366, 1.1368683772161603e-13, 0.25313822067852243, 0.5566491418907162, 0.3341111079690222, 0.02679412498827105, 0.21827058214995532, 5.552523913691971, 31.056182496706924, 61.19966711010102, 16.087121550670986, 1.7369595298515605, 9.637766987620694, 2.88087869401204, 4.957849954135099, 10.47554656365412, 2.7919643513182564, 6.647277750836452, 3.74832194089538, 1.4557910014525532, 3.444397394570615, 5.803452471880632, 7.541503296476321, 1.7781555184602666, 9.055840191381662, 1.0935837576374752, 2.688819628022884, 3.734139581844147, 2.0465385947992445, 1.964557573820116, 4.0035648754488875, 4.556394968080667, 4.59973248520555, 2.864450110639268, 0.35055943528220723, 2.457979666549477, 335.1745496803185, 905.233570053106, 216.60720073603943, 3.5790328075676143, 2.4326063372445788, 0.22792532623088846, 0.37151133953364024, 6.110445925782756, 0.430526047798935, 1.4205364686703206, 13.590604690309533, 64.94576640777791, 52.783627473192496, 4.90703350834292, 0.11596431088378267, 0.8006363909832999, 0.4935352100245609, 0.4210638576303154, 0.5479179333887032, 3.132591958015041, 3.1583601793979597, 0.5442949024754853, 2.646148642711296, 0.2733811002958646, 0.022515363836077995, 0.08966233185014971, 0.028506601463050174, 0.9975317376134853, 0.07900918637596988, 1.8280263136999793, 0.003139405580895982, 0.6449995958266754, 1.5556977922959732, 0.5757217273422839, 0.005850159996725779, 0.009151449911769305, 0.03636746787969969, 0.029605080305145748, 0.009074465374737883, 0.061249889838109084, 0.24342183026067232, 0.008998733837756845, 0.11631545252930664, 0.07004530176197932, 0.4621234395474403, 0.008870788067497415, 88.57709185953377, 713.6131675910094, 774.768764389959, 142.51278592796075, 0.1793522154462721, 0.018571505167756186, 0.030218102848380113, 151.21069212701104, 858.3653366334664, 807.0350275885482, 97.72227146559885, 0.0013152439506711744, 0.14365581418564943, 0.00032915492545271263, 0.31413325913456447, 0.6278526523141181, 1.9570714104434046, 0.2904699025021955, 2.0082654191254505, 0.008166236234274038, 0.0013235386910537272, 0.14326018666611162, 0.09512628508218768, 0.21610330452199378, 2.627141199564335, 0.3705579169560451, 1.823139089331562, 1.2206395954336813, 1.0682089859947155, 0.03749729355638465, 0.24192472861182068, 3.1930174732051455, 5.312356595203369, 0.44657652713237894, 4.762600685836446, 13.878383099159123, 4.118997043528566, 2.6638910483926566, 0.5854434660387824, 0.7922605534191689, 0.08517795654688598, 0.035002622822162266, 2.1338100102407225, 0.10417247042801137, 0.45512520325132755, 0.010308962684803191, 0.16708931028722418, 0.4400011292492536, 0.5581623873345052, 0.014378645762349151, 0.415545073632984, 2.0698090413650334, 1.5173186669165943, 0.013651545930201792, 0.14835419185840237, 0.364222060588304, 0.8686683437384772, 0.22464618519597934, 4.1887960073216846, 5.1314564886896505, 0.01332574209016002, 0.7317659122694522, 2.922525682648029, 5.700062156378635, 11.854305990302464, 68.70399304606349, 69.45297617543326, 20.228280289513236, 10.247217974906107, 2.5897623962808893, 0.03445929625138433, 0.9026503866197118, 0.043636936847747165, 0.8158199205329311, 0.44808223905261, 4.318203440877596, 1.177519064937428, 0.24320873712269986, 1.1283630181289936, 2.818103391694194, 0.02556908029077931, 2.3123255383374044, 0.6871037477922073, 2.1718882560442125, 0.43079438738334375, 1.6118867618449713, 5.077110165943395, 0.18477606094484145, 0.48981385758531815, 0.5103057676569733, 11.644232089895013, 2.7971686148130175, 2.8737443886062692, 0.0658174404430838, 0.5761217314686746, 0.0781754854671135, 1.5132154058187552, 0.6949009775452168, 3.0594683663917976, 5.2023933089320735, 0.7725466886855656, 0.7414773894425934, 0.3542927902090014, 0.4079015089855602, 2.093870542052514, 0.07131567630847258, 4.774741074410372, 3.6101468156948613, 0.2065877435703669, 0.5370895296694016, 0.4924385565660714, 1.6936679233748464, 0.255540349769376, 1.7396545368517309, 82.68734739157378, 118.2300114139656, 18.513706900071156, 0.0038974127077722187, 0.09705088324653843, 0.13892870160037774, 0.09705088324665212, 0.034126668000737936, 0.2785543729887081, 0.3844147019732418, 0.21643955357762934, 0.46423721529060913, 0.4624262142560269, 0.4642372152904386, 0.5989068601423355, 0.01574620790120207, 0.035146779467197575, 0.3874548841412775, 0.13811273726088302, 0.5139438581032891, 0.8203586998020569, 0.2203326144372113, 0.43360017242929416, 0.09743684385927054, 0.003843905390965574, 1.8251906947756993, 46.01441703541616, 106.37002321792886, 16.86571025523051, 0.9819358313718567, 0.9087198597816268, 0.07779420778695112, 1.7408846899398895, 0.0005363295265397028, 0.1894045681752914, 0.38500315096393933, 0.02587726226522591, 0.577034818379957, 0.28184519415526665, 0.2352186416129598, 0.06489626126176518, 0.02573627981860227, 0.5701404177211771, 0.08905554732314158, 2.322554972597686, 0.5188995191832646, 0.5913269415566447, 0.48623267312575535, 0.7450546013545818, 0.13722582323691768, 0.7057208918574815, 0.0194049846403459, 0.01914818452110012, 0.0021465115886485364, 0.008463611815272998, 0.5393305912515416, 0.37918570178760547, 0.24760281183137067, 0.26791967441056386, 1.0448055484197312, 2.7809868819258554, 0.7565735337329897, 0.4524002012180972, 1.5493889112582337, 0.1233527039554474, 1.7012792238518841, 16.736069372200745, 6.762410393527489, 9.220495224717979, 93.03331563670417, 62.878689181606205, 3.415003399845432, 0.40603823911283143, 3.187310205095514, 3.3858663997484655, 8.5400377419611, 6.071858190695025, 1.4636486759569607, 1.5408026842094387, 0.08870150259247112, 0.3568129036358414, 0.0011074073419194974, 1.7728119417001835, 4.255720500411826, 9.079953008327834, 4.743935213628788, 8.154166682123446, 0.3459496175541972, 0.0011200315313999454, 1.1368683772161603e-13, 179.0179209986884, 651.8768216983376, 260.9007638525077, 10.8166744207507, 1.1287752477486492, 0.18464906332917508, 2.1191954024865254, 0.1733020441605504, 2.422323203075962, 0.2659970759106045, 0.6669608881852582, 0.15687504322033874, 0.0982902960137153, 43.239372641585874, 217.33547272280487, 96.18606881359813, 1.1578479794881105, 1.28451860986263, 0.08771277199025462, 2.695549235997646, 0.4628860555587835, 6.167157010967799, 0.24219700140019995, 3.633534145983731, 0.7679425571980119, 0.9505082139595515, 0.0046311407402299665, 0.293111854986023, 0.9722953207161709, 3.535762412397844, 0.07805640793071689, 4.438268684413401, 4.20783794449585, 0.18225692863677523, 3.058274856016965, 3.5998856481116945, 0.35838570879377585, 1.904649143380425, 1.5354598542330677, 0.29126440760217065, 1.068943363580388, 0.008006346726347147, 1.0235057087310224, 0.16095873289134488, 0.06007957417386933, 0.127045677077831, 0.1602964570503218, 27.72968301127969, 155.2555650309347, 134.97061151150012, 20.206595047823043, 0.18487102965173108, 0.23913521442250385, 17.59686126504073, 199.7051895112254, 159.26971957175874, 6.327866337972182, 0.5559199694366725, 0.00758019045497349, 0.6593473773900769, 3.581109157543551, 0.2348645294528069, 4.359688028236519, 5.586427169742024, 4.265198843305029, 1.2530263922101312, 0.10222169341511744, 0.24320873712292723, 2.4808613908523967, 0.12613455201267243, 0.3090588988657146, 1.8149290157350606, 1.1343800857885071, 0.3568161370840244, 0.6330911742593344, 5.684416126423571, 0.24270183421424463, 5.252254129314451, 2.52062800479996, 0.5363996849930572, 1.4580832946547844, 1.8555244030644644, 0.3365277697612328, 2.3143060578464656, 0.02415510200717108, 0.34582848100023966, 3.1365692671334955, 0.1144345031341345, 0.6833460519378605, 34.4918387848337, 296.0467402201525, 410.02161705332526, 78.46589105189776, 1.6877480913566956, 2.789128591093572, 3.2177103597672954, 3.699068109922621, 0.0006928054509103276, 1.849853452658465, 1.9899419027213412, 1.7543437576367182, 3.275094153496923, 4.34759063812254, 0.15351322947157087, 0.4423046241608972, 2.3942453575916147, 1.6083580513082438, 0.883541452700058, 1.863854091551957, 0.11918248653790897, 245.32433949818505, 1211.2615599523733, 695.5188659904204, 34.11058530993523, 0.002239535138073734, 1.1609536898903343, 39.00116545633705, 523.3050288090694, 990.5212026352216, 254.3835937645813, 1.2046170068036872, 0.733836902216126, 0.688192495775013, 1.3529391579668868, 3.0743544087522423, 1.0067414538787034, 1.9646581007739883, 2.259275569693557, 1.279048949763535, 0.3041484989252581, 1.0584436799675814, 0.930764376405989, 2.066972449105947, 0.3037150613598669, 6.886744016487626, 1.742508941950348, 0.3053210359048535, 0.8384935705641396, 1.7282061238908, 0.11368756905238797, 14.052004970654423, 42.5193376096783, 11.048792035751035, -0.010365089992035337, 2.195090607190309, 2.204851421667513, 1.1251644487666113, 0.12044140667092051, 2.1430388033707004, 3.3637592490975976, -0.0018290775191758257, 0.059740080684434815, 0.33230192960394334, 1.5552444932600338, 0.05675199774077555, 0.9071924270908767, 0.6325163226948121, 0.04826482261444198, 0.6175012533457789, 0.7092640326985133, 0.05626409908262531, 0.019689356433275407, 0.2825442428262477, 0.9494935512873326, 0.07474735139521727, 0.8599864923435803, 1.0397837757874413, 1.8991498455052351, 1.043893094398527, 302.9448372996486, 895.7989532282052, 235.99431070362448, 3.9985331251696152, 0.1373320680102097, 0.12340441643414124, 0.001508995209405839, 0.018477882999491158, 1.1368683772161603e-13, 0.009382826226783436, 0.1371127203603919, 0.1510208973937779, 0.10985366485556369, 0.2402625877692799, 1.6890272387475989, 0.18628438197629293, 3.043122707954467, 0.013700527809987761, 0.46049972218474977, 0.10898246923090937, 0.02431759514956866, 2.8680144833481336, 0.32225774026801446, 1.5051899234874782, 0.009672853755432698, 0.05524421620350495, 0.9461856683655014, 4.955950807549698, 0.37528650810759245, 0.4890739152662036, 0.7856262184061507, 1.0734386570576362, 0.7271584550952639, 0.7234800958074175, 2.5793634719404963, 0.9999150542118969, 3.2024239076031336, 0.20324422336091175, 5.66994616411057, 0.28209826459499254, 4.129027248672855, 7.442505975483982, 1.6260506213588997, 0.9013773280801161, 0.3567161652322284, 6.674638677795883, 0.10803981872936674, 3.3589255612641864, 1.3859624748786246, 0.20095771676199092, 2.865326614430842, 8.30256832925204, 1.3028745008186888, 0.6488224910540339, 0.8444086065562715, 0.20070271671841056, 0.04995463974307768, 0.012627376535533585, 0.00556681452576413, 0.00035011208342439204, 0.01697975600097834, 0.4346804889020177, 19.80207578580098, 90.94189741417074, 94.011428404929, 60.223439271888196, 98.60978123444465, 52.00037358761642, 7.288288438026598, 1.2039001100740734, 3.685888115806506, 0.8113303960918756, 1.0380241185467867, 0.0012406450197204322, 3.232788660549545, 1.6882105825139888, 3.701777435401368, 7.394451588627703, 0.9356835900462102, 2.806550667440888, 0.437932427751889, 0.0012250021823092538, 0.38751679574909303, 2.803608146915849, 2.6958304194668017, 16.13982475776004, 0.6517944239253666, 8.156663876798916, 3.764778008011376, 55.44740681791029, 250.1754193982406, 136.52100991401971, 12.11520634406827, 0.08435169357198902, 0.010592230228326116, 0.5454959989007193, 0.8774650910416995, 10.96733516535403, 1.8083151663815897, 5.015051291233021, 62.58303009635847, 432.9504440737437, 148.30571610286654, 4.316459160134514, 2.7368752763719613, 2.7586279810857377, 0.3552893094760634, 0.4609358943102393, 1.1181332557490578, 13.450058791919105, 0.9624022640032308, 12.431669091190429, 1.4239458201940352, 3.563249419194676, 0.2657886711795072, 2.4597831799812866, 1.7395899621934632, 10.914124823520751, 0.41591741707475194, 2.1050015498768744, 0.3591188483363794, 2.7004519143582684, 0.666165691968331, 0.43005539848502394, 0.7999541408571531, 2.2166318080293195, 3.3490619347234087, 1.2140452998020237, 4.043467466630091, 0.15630883816584173, 19.92096644026276, 198.71633691759314, 183.35270059490324, 13.735388711847577, 0.28943968464864156, 0.4272913281347428, 0.6472043884376717, 0.9325828970834209, 0.7607583503703381, 0.3122691520496801, 0.03253283484139047, 0.0045628731522810995, 0.26457825308966676, 0.16297817746112742, 0.08297062652582099, 0.017884079136251785, 0.6082728854839843, 1.5993998197996007, 0.8687747951557867, 2.144684979003614, 2.2737367544323206e-13, 3.0290678209080397, 0.5317747764638625, 0.35487306568086296, 0.07304488271699938, 0.025268026366575214, 0.1469851912647755, 0.7655330689781294, 0.6526232527102138, 0.000493466152079236, 2.3684973619202765, 5.206565218424089, 9.675140745363592, 65.59954404742257, 33.60302399346688, 0.8304239557440951, 0.24584746142022595, 0.16143319877198792, 0.023582271491022766, 0.005801000452379412, 1.0173394616271025, 0.009033003979197929, 0.20631569803231287, 0.043819951043928995, 0.009019265376991825, 0.8571294670591669, 0.4109649188325193, 1.3344229469558968, 34.12019404147452, 67.52268320570579, 7.196740136668836, 18.6393143257244, 33.293144346535655, 5.811662860539741, 0.03167471784581721, 0.009776132381830394, 0.11181898298480064, 0.03902449696056465, 0.3194272403806053, 2.5290275081576965, 0.02410570569270476, 2.720727651333391, 0.7791091719077485, 0.10039674646338881, 0.024996137744096814, 1.253117701988117, 0.5250090411722113, 0.5526587939849605, 1.2561717922030766, 0.031365588318521986, 1.1287881982052568, 0.07519361996776297, 0.35954864223072036, 0.097038271219958, 1.916403866292626, 0.16749815834168658, 0.22313791664487326, 0.32593180551248224, 0.11163748546630359, 0.15558918920930864, 0.038738724654763246, 0.7673171325194517, 0.4399520060235318, 0.6050631700179565, 0.0015030315677222461, 0.15247352690391835, 0.998316022467634, 1.348069271788404, 0.4870421055901488, 0.522019836877007, 0.10399006847364944, 4.01618543547977, 6.1054714278295705, 1.1332353837020719, 2.409116108826197, 0.020797659178811045, 0.05172499745492587, 0.12321169785582242, 0.29383988412769213, 5.158116133193744, 2.641224580311814, 4.921893424931909, 4.000359685704211, 1.2396674747632233, 0.027444499648822784, 3.9080527105036253, 0.08427585643880775, 2.1591308069862407, 0.34359486208052203, 0.12682882405204055, 3.0156275352258035, 42.74794867707442, 99.20847981704924, 37.35997205869887, 4.077212200752683, 0.5703194124364472, 13.552079921310224, 4.57642160222008, 1.3042913162612422, 2.4270286263169965, 1.2154802649416752, 0.06302375565144303, 2.433129792516297, 0.055381458306442255, 4.354143645829595, 0.9063027074544152, 2.4395030219034197, 0.1868339735498239, 0.06359487975043976, 0.004451014750884497, 0.6128961176511893, 0.2645865441644446, 0.009867923555248126, 2.697771024621261, 0.3800557174001824, 4.561621127393892, 0.13496531128237166, 2.705164318517973, 0.14555983459615618, 1.865167545796453, 0.8097853050340973, 0.6595119346065985, 0.3618304948874993, 0.1340060865287569, 0.18529932225692392, 0.8771347148374389, 12.287601107341175, 9.753466027971854, 1.2523160752751892, 0.08217162164282854, 0.20317375586978415, 0.00032284916244407214, 0.6829427736277012, 0.005174444852968918, 0.3499131720286641, 0.16997439637862044, 1.9255283841805522, 0.8798048710744979, 0.17623679430971606, 0.0076815798142888525, 0.0027349832117806727, 0.14741606520715322, 0.7729878167369861, 1.1102050193215973, 0.011293754274674939, 0.7059526642309493, 0.43396696030572457, 0.5383038775057685, 0.4947930950461341, 0.8691611544658144, 0.6006695040858858, 0.5423556865027876, 0.0028780550545661754, 0.21698614984427422, 0.0028780550544524885, 2.9573648339826377, 20.447336579706757, 5.6693063659085965, 0.08559447634263506, 0.13645876264286017, 1.5575613328225018, 2.502882922872118, 0.1598306246936545, 3.2942267627676074, 0.3787947016568296, 0.15030466883001736, 0.023897390267961782, 0.8431189792057694, 0.0003723720049038093, 6.694787574878092, 0.3392625220060381, 6.892255292959135, 0.21764390419900792, 1.6027491798362234, 0.29023901603397917, 0.8187640707611763, 0.4039409622477024, 0.6215979798167837, 0.3124367264996408, 0.6420778308305444, 2.67936035057744, 0.07655094857261702, 0.07743989660525585, 2.032404754499453, 4.681136767920407, 0.18086804191784722, 0.573112761716402, 1.797360919794869, 2.7605504898540403, 2.180758442579986, 0.08437923512178713, 1.9630838523559078, 0.14796440370082564, 2.3640972855014297, 0.4824206159014466, 0.23587785573624842, 0.5093953745905537, 0.7362312477847581, 1.5404823795280436, 3.5044713882510905, 1.8907004341978109, 0.005748282680087868, 0.7261757618655338, 1.0662527625013354, 0.43762860261870173, 46.28761823477896, 112.21400987615868, 21.217231405360394, 1.1968350315461294, 1.7312769423451755, 26.87342630912849, 88.23845504559768, 42.61182591660827, 1.5090546709229784, 0.24438504123190796, 0.012150086708402341, 0.000338347405318018, 0.005396184093001466, 0.04108714223764309, 0.30726630234551067, 0.3757245967186691, 0.06730329993706619, 0.2709861419831441, 0.0003415238569459689, 0.00034226506215873087, 0.1375539037053386, 0.003084848530761519, 0.005534278444429219, 0.041354333906724605, 0.07728953228979663, 0.18158563854672138, 0.04941141048300324, 0.01700464839086635, 0.08771549495929776, 0.11198805622177588, 0.6701652747040043, 5.530271023125351, 149.35634221836392, 492.5525380974517, 160.8176870825364, 3.4228496424753985, 3.3127854659685454, 2.5402241287902143, 0.23395794308078166, 5.888614200946279, 2.6830356023809827, 5.611956553962727, 2.7625901566352695e-11, 2.7672525418453233, 1.5422165174175007, 301.4246832975625, 913.9356445705462, 260.54849469321357, 10.82215967656316, 1.5031474160099378, 0.09690882999575479, 0.019649660775826305, 2.5760866351712366, 1.7125392979243088, 0.02538012164097836, 0.11147014014363776, 0.3071348942851273, 2.2300512108399744, 71.28667718667748, 120.66482973914196, 18.770684163369538, 0.01005671382881701, 0.02582145128440061, 0.032638871550943804, 0.2706825985000023, 0.006460819256176364, 0.49238071581919485, 0.09128084735368702, 0.026198099647103845, 0.014736418672896434, 0.3182035906506826, 0.8516110964596919, 0.039940501312457855, 0.0035485381696389595, 0.10114615738723387, 0.02511973609443885, 0.08776945330816943, 2.0900810837852077, 22.870986448180247, 12.205394816292824, 0.023457345326733048, 0.023693438667578448, 2.231631437239571, 16.197667655294936, 10.595325888598836, 1.3278709129274375, 0.1371066484620087, 0.03982525968893924, 0.20161892325427289, 0.022604797414714994, 0.0025148958329168636, 0.14046305003932957, 0.030628811371457232, 0.24420878132616508, 0.07476688992665004, 1.7516548756261727, 0.8602463158654245, 0.1844551769909799, 1.812560528467941, 0.48601090866378627, 0.3813414783274993, 0.17413452498192328, 1.443303204047993, 0.02154368150308983, 0.46516921210877626, 0.005416038072780793, 0.5915795250307383, 0.021786031600299793, 0.1590988279820067, 1.2095264091833542, 0.12165354182207011, 0.16285664636478714, 0.614198936327, 5.684341886080802e-14, 2.72188370603601, 0.5930866484279136, 0.0869274519479859, 0.2390841194924178, 0.4045586937064627, 1.3428761319006526, 2.510798755941323, 64.86977091656479, 222.24555384337225, 49.15505018302633, 3.4257597260686907, 5.057107349222292, 0.22110743411815292, 0.007414875172116808, 0.32402123863948873, 0.14478793828538983, 0.057460793081645534, 0.7412829181663483, 1.0351214043839718, 0.4165685211150958, 7.111139864801544, 0.29485939111668813, 8.170638044475254, 2.9408365002640267, 0.07853142227486387, 2.1410517792264727, 9.328147490973947, 0.6146272090016964, 0.6906179144369844, 0.2868124257564659, 0.39268449006760875, 0.19679111028892748, 5.221833610291242, 9.125820850812488, 3.0482545541126456, 1.2883936575465214, 0.023978756516385147, 1.66849779697543, 1.3616106460382298, 1.1368683772161603e-13, 1.3216924509634964, 0.20365192263750487, 0.8487192043888854, 1.329416132295023, 0.07909886675736288, 19.533212528015042, 81.58529298713756, 17.287496614288216, 0.00044871874024465797, 0.0859757085770525, 0.4814561992371864, 0.3461299959635653, 0.12682882405192686, 0.19532616375306588, 0.1123980379720706, 0.15974463657869364, 0.2981727439645283, 0.7278743073937903, 6.019833424259218, 0.4234751752255761, 2.1013853786129175, 0.1891343885203014, 0.3871699777240565, 1.402404402571392, 6.935665431633879, 0.4826582448750969, 0.004616343739712647, 0.3668992985416253, 1.351827234058078, 0.23750194639956135, 1.4013336127217144, 2.0131482387520236, 2.1495122362741768, 1.8364748797217771, 0.0020183763361956153, 0.7348442911473967, 1.2941834543503319, 0.24422880343206543, 3.6719126259569066, 3.6118896670859613, 44.48755608849103, 123.1520094869104, 23.29350376540151, 0.18762565897009154, 0.2354334840121055, 0.7153159395846842, 0.004756037795914381, 1.187767208794071, 0.5307519099743558, 0.14675039085773278, 0.20443844896931296, 1.9726935199545323, 0.9240356997351, 1.2715557128777846, 0.3312403704899225, 0.49452579901685567, 2.3616607180912297, 0.7375545462344917, 1.8717735541267757, 18.309572335758503, 10.866503487417617, 2.646593465996034, 5.721512553234106, 0.10830881578806384, 0.08022966683222421, 2.551968694955349, 0.047337804726112154, 0.13885389337849574, 0.6573841750125666, 0.7983159506558195, 1.428359962684567, 0.05459003413193386, 0.5692740121219231, 2.9761162679749305, 0.9101028784990604, 5.465802720540637, 2.343683546420948, 2.1077170322370193, 3.3445226726645387, 10.60545571957823, 87.97567450016072, 18.873982619435424, 0.22701609413559254, 0.4227360099592943, 0.22701609413559254, 0.014200039527395347, 0.6451858363409428, 1.16955888467146, 0.3673533388813439, 0.03796594546304277, 0.28531180851757654, 4.826366436860781, 0.014282804250683512, 5.264250563409519, 3.970056548874936, 0.9678437385335883, 3.735403162146099, 8.714381911108035, 0.12951656884331442, 1.2179958416718364, 1.1908319846528457, 0.24340787643711792, 0.003459724580125112, 0.11064944622523853, 0.12350331156835637, 1.3369912824553012, 0.04599389415307087, 4.669940727508674, 1.054433254579294, 29.619521590125487, 105.22471292010368, 39.261502962212376, 5.173891337523173, 0.15370996974650097, 2.5076368572937326, 1.7512886638040754, 0.9379641666902216, 2.5863880670266326, 1.5029926012639407, 0.7522168895244477, 1.1297138722245563, 0.022991829336660885, 0.5718187899246914, 0.37529417340283544, 0.7666044766790492, 0.14748640069126395, 1.5762295603700522, 2.4475666848567244, 5.523581040113299, 19.124358325001594, 18.517312564218287, 0.07250995399533622, 6.020428546204926, 1.8206920021896167, 0.06341486041048938, 2.917046759976415, 2.1915460212038624, 0.040177013177071785, 3.080483643396633, 8.664220930045644, 0.4202653056777308, 4.759667631002799, 2.287135236896006, 0.547520311072276, 0.008124611961420669, 1.8360848285620932, 0.24919110613211615, 1.1343800857883934, 0.6623237005899227, 1.44716607600526, 0.4584786817800932, 0.38083013081302397, 0.3020465830934427, 0.18776904780315817, 0.15212484332892018, 1.279059232734312, 1.8788936992863228, 0.9873301880543295, 4.656703375143934, 150.76485937979464, 123.63530947792185, 0.49147393378234483, 1.2291040284877681, 4.412914635247034, 1.3051002778171323, 0.28486904481712827, 3.4552456998400203, 1.1144691212612088, 4.7539332017749985, 0.0025733059575259176, 0.023402601204793427, 0.3142523148177361, 11.854305990302464, 69.54748151787385, 59.184343288365426, 5.421918532814402, 1.1058362100360455, 0.004027153760148394, 0.8539757767298397, 0.016086091683405357, 0.08766210248882089, 0.004015899837895631, 0.04422975192142076, 0.8477260712310226, 0.04382485002622616, 1.1425976623646648, 0.010931161164648984, 0.7418296651883338, 0.08645101533625166, 0.21172730872456214, 0.1426466041147023, 0.007057181824166037, 0.6762032510887366, 1.4172962966387104, 0.00725765667664291, 1.7324150111822973, 0.258830940819621, 0.654320576801183, 1.8226385287357516, 0.003799726252509572, 3.706730827886531, 2.8692461730233845, 0.14059137890205875, 0.5012541379051072, 0.0015712757452774895, 2.585216819511288, 3.307979304042078, 0.11865780255936897, 0.42873908734054567, 0.6399228480790953, 79.49420659442444, 317.78077375252565, 91.53803861375184, 0.07276105759819984, 0.959621220675217, 0.19692187938699135, 1.4670213141030217, 2.758529864441357, 3.3125577447308387, 2.6744106250253026, 0.545625320403019, 2.060400048309475, 1.2958826134032506, 0.0011983683416474378, 4.299589534326401, 6.37674647617996, 5.010563606171104, 3.149161250297425, 2.209528652344943, 0.38149191155241624, 1.659497517421869, 1.136618272437886, 1.6479279720722388, 4.707575657544112, 1.1179414575270812, 5.715303729667426, 10.597802992488482, 7.3242449569765995, 4.201152206267352, 2.803566068950886, 0.45958095995149506, 1.8338117147687854, 9.300399942846411, 184.22142457863924, 344.85703806156175, 58.69433915513582, 0.40942948390863876, 0.012797888126556245, 0.028422148144272796, 0.07971809760465476, 0.07965854847520859, 0.34253878526578774, 0.4942864845106669, 0.00036049627624379355, 0.7289315473127544, 0.41127335361545647, 0.03525882201768127, 0.005628834933304461, 0.12771270459995776, 0.042806518920315284, 0.017412823517474862, 0.15790032865481862, 0.2060044852125884, 0.013022405110177715, 0.036228643038271, 0.3015787758532724, 1.3656246159489456, 0.05130710250659831, 0.8841497900527884, 0.5925014094202652, 2.1295820369733747, 0.012525338172054035, 3.044456079602355, 0.5662669228665891, 0.6630585159313114, 1.1099735672414681, 128.8557482877194, 414.6368680578652, 114.5601017141181, 0.08695611177347473, 0.05283380243724878, 1.9684512271359154, 5.515778297379143, 2.7282489415406417, 1.62064293478727, 5.970009449134523, 11.389742506027346, 150.6317815046882, 98.9253067486419, 10.470630672679249, 1.619805941658683, 0.6562799434384488, 0.6302571108756183, 2.8190293603138343, 0.03813022829501733, 0.0, 0.10717891511626476, 0.15738122399443455, 0.19390643947190256, 3.5536454308411294, 60.921155340847235, 112.10543041984954, 24.45544395952902, 0.6954391163699256, 0.7163648375053526, 0.12663395497474994, 0.17772670554813885, 0.11489587412893343, 0.6700337714444231, 0.4170820801593891, 1.1489211529709564, 0.07444582615664785, 1.7237943302189933, 0.07444582615698891, 2.1938585454067834, 1.401553265477105, 0.13569350307636796, 0.19078047257903563, 1.9675238278944107, 0.5840021833882929, 0.23172784431983473, 0.4502781922308259, 0.30228527980705167, 1.3565484694396446, 1.0672365302324351, 1.2635249767861296, 0.3288257827266534, 2.347943336973799, 0.8861416822551291, 0.0652891100156694, 4.01018622982815, 0.1538837018074446, 0.9205662496744935, 0.03532964565374641, 1.2437639644650744, 0.5453182213274204, 0.04343679815156065, 1.3302797328124143, 0.2751924438247215, 1.0299912792854684, 2.815999094813833, 1.4812102119740302, 0.001161769994723727, 0.0071963943497621585, 0.0844351740363436, 2.623573886424083, 1.227731947518123, 0.00122305880802287, 0.04388750698001331, 0.5572197252554361, 0.1882271368004922, 0.09686219603202062, 0.00029886067966344854, 17.491420914428772, 407.2292370896537, 1207.8977950275544, 395.3956709754448, -0.055691102479727306, 0.8698642059936219, 0.1530653651531111, 0.7416872926424958, 1.8407611382133382, 0.4418965180066152, 0.07137955070965063, 0.0004742024411257262, 4.183786690131058, 2.4748707076172423, 0.6336019043910142, 0.32908060783421433, 0.1417272346085383, 0.3069131951918962, 0.05399895800127297, 0.22655404678260993, 0.1476922825852398, 0.37157687063177036, 0.05254073201223264, 0.7034318749606996, 0.052902946882170454, 1.1312410155087491, 0.6596125525364869, 0.45684856316228206, 1.9720530047803777, 217.1617951273338, 1046.067346321148, 766.1570135947218, 108.3345810019166, 1.0934748843184252, 0.4975432959935233, 0.9557643499110782, 0.32683954185188213, 5.742867040771216, 3.3971245586290024, 0.2410384910956509, 1.941297944025223, 0.0, 0.009932025718626392, 3.895129712430162, 0.8498986226303487, 1.8557207498082562, 2.9468649775227505, 63.74372945890923, 68.5829291536578, 9.702243730578061, 1.959516060298938, 1.0033678991973147, 1.4246751319436726, 0.47748737312099365, 0.02744449964893647, 0.0, 1.3350025620649149, 0.29545017853979516, 2.524876424881427, 0.8774650910412447, 0.28885211371152764, 1.518072039368917, 2.0014943665493092, 0.02202851742697476, 0.6870425213487579, 0.054295200094429674, 0.1757840381076221, 0.7363983968468801, 0.05295537321160282, 0.27179448374363346, 0.04418893236334043, 0.5796659757522775, 0.5214262165108039, 0.007292158411814853, 0.5840279126969108, 0.5194701361026546, 0.021783197975992152, 0.23649062408071586, 0.5238917042732965, 1.0181910007059969, 13.89507557837203, 16.334418425499848, 2.029150347970244, 0.856986748650229, 1.101888498487824, 2.4429367228260617, 0.003479397743717527, 2.821225695521207, 0.7630552303512559, 3.7705249337607256, 3.777779891040268, 11.531234473888276, 0.0014807827708409604, 3.5479031046887712, 0.27253198140067525, 2.6207280011071816, 1.159216256794366, 9.325507122918907, 51.76175713951943, 23.355500141355833, 1.8986188601904814, 0.947313658648909, 0.9609588523389903, 0.06594516185577959, 0.0022835848642444034, 0.012542394791353217, 1.495441841828324, 0.28076062878426455, 0.0010584998321974126, 0.7703630932252281, 2.000565202253597, 12.217617716307245, 2.264970611606941, 1.88617117456522, 3.997090229877813, 0.4884349707947422, 0.5026163426482526, 0.0734489976042596, 5.1672474184322255, 1.413830977796465, 6.835906055392002, 0.1635799410312302, 0.004260607537730721, 1.0500524381980085, 0.8228861150070088, 2.670211813885885, 1.349274908291477, 0.3088020312787876, 2.499398920677322, 1.4724890941888589, 2.9133272849511513, 2.057110992216735, 3.138687548984308, 2.1983540327696574, 0.4365346492002118, 0.6176547160969221, 0.09220148776364567, 86.0960131169395, 440.9205093715791, 144.82856990606024, 0.3756614751508778, 0.7804581945998734, 0.09923437637030474, 2.4670047053197095, 5.604883958237679, 0.5685006888918451, 0.6970431989396957, 132.66489262251946, 163.12200268371998, 16.411051700266057, 0.0002951027912558857, 3.148956967356071, 4.123364622212648, 0.7095847911729152, 7.088985012000194, 0.002731450995383966, 0.1816971911790688, 2.771808504981209, 0.8053353958670186, 0.07353319865194408, 1.6632411749532139, 0.824313866407465, 1.0240889733913718, 0.49514680135905564, 0.7671118066681402, 0.029170797894721545, 1.1009125904769235, 3.1449048961642347, 108.37484585453831, 525.9098566685327, 199.92764284932264, 0.7110945792179564, 0.0801181988892381, 0.12265283991439446, 0.06440760316638716, 0.125505818655256, 0.7049714220128749, 0.026095991589784262, 0.026663087524923412, 0.6831824677590248, 0.9865081255989026, 5.827471196073191, 6.5751619431649715, 2.1280065563072412, 1.9832707682769524, 2.7668505085514994, 0.4385498154672405, 2.766850508551613, 1.0409513746240577, 0.02631993702118507, 0.17946760347439294, 0.004243028694190798, 0.7079810793243837, 1.3263160220545274, 1.7226798156668792, 135.3674522441719, 357.8419972900582, 55.765362220143516, 0.5050434640456842, 0.5054360918462635, 0.15090106352522525, 4.181921022602751, 0.5000351066503299, 0.26467734269078846, 1.81284325925958, 6.034788593153166, 0.7373226289192871, 2.3727943949414794, 6.363105666153388, 4.291419441221365, 1.5830432406129376, 4.534662885410285, 0.2331014750209306, 0.06258771697537213, 0.009251291994246458, 7.197984425087498, 62.04892089761063, 67.434184144406, 9.231129237708615, 0.5163926046292318, 0.19486015876623242, 1.6991556532967707, 0.10132434649165134, 0.3715096211412856, 0.4823084779314968, 0.8964467866197765, 5.328081280366632, 0.028089769667531073, 0.4444470738377504, 1.1877423598418773, 8.487904484815886, 0.4142867824126597, 7.937292175904645, 0.17812315370053966, 1.7758337999144942, 1.4854613411004038, 5.427717745534096, 2.397742432504856, 5.283469221039923, 9.999924296345625, 0.14932339653410054, 5.3086387147392315, 4.506111623985589, 0.0024922685148567325, 0.010272676865724861, 1.8800532602214162, 0.20504050744762026, 4.776801588498188, 0.12371281848720628, 4.020393324848328, 22.780150489336393, 127.30775013939376, 57.686267045575846, 6.548700025787184, 1.5406072665354031, 0.05043493626817508, 0.478963909342383, 0.005587339579506079, 0.33696298650056633, 0.0003498535936614644, 0.6512343029717158, 0.409735675479169, 0.005735249060535352, 0.08031839564921484, 0.02897997802244845, 0.0014209209383579946, 0.17116359570320583, 0.4298520835718591, 1.4472464781657663, 1.141138730076591, 1.8819499500577876, 5.255854652020844, 0.035180284214106905, 0.1907048796244908, 3.866603473614873, 49.35294249579215, 118.44320965746795, 21.942061997349583, 1.7627904980080302, 0.26310357940394624, 0.5726517628006604, 1.8436580162489236, 0.1737021763433404, 3.3862294132370607, 0.014914782399614523, 0.23275839196310244, 0.5288113701766406, 0.01476913185695139, 1.3688345592267979, 0.005342972636640297, 2.0543793116303277, 0.03787843363807042, 1.98410509269263, 0.014769131856724016, 0.8178100079506976, 17.979614709877296, 112.30231769679995, 41.26105303353563, 0.4862189640479073, 0.40621493069249937, 0.4415067308821108, 0.22181083835209847, 0.02713465503416046, 0.21488038649511054, 0.24974145079625032, 0.24695103125503692, 0.6860316985519717, 0.6259439208441222, 0.2442217511988929, 0.3497532683836653, 0.0044048047447518, 0.01754060622255338, 1.4841183922795835, 19.898278968294278, 18.689963372677255, 2.1987081531221406, 1.3257056298422185, 0.15926947179036688, 0.05678597477276526, 0.0, 0.05678597477276526, 2.1556520683689087, 0.6583967439751177, 0.8241513562894625, 0.6583967439750609, 0.1309069695377616, 0.27493688060673094, 0.16187975293041745, 0.1326429398401956, 0.8386324389082915, 0.006432748737950078, 0.07571992373090097, 1.561009617865011, 0.43975149656995427, 1.6627086423665673, 2.032385582473978, 0.1283860866512896, 1.7425721018675517, 1.3422022068447745, 1.252922637633958, 1.2088750107353121, 0.5741014210703952, 0.233877956301626, 0.014688929708427167, 0.6412978748107889, 1.6782892448269422, 0.18467456730678578, 0.6040225213463941, 0.09488891742768146, 1.8088612984739711, 0.09266093601803504, 4.4607448848952345, 8.07729914550805, 2.1105901945122127, 1.1439780335331875, 0.6787497401768405, 0.734462050356683, 0.0, 0.2776805057890783, 0.20217008738097775, 0.061076617760420504, 0.015401122359151032, 0.9481680716923506, 1.0305688432173383, 0.47018368640812014, 1.0305688432173383, 0.6243510265166492, 0.08532929239072473, 0.9086251023689442, 1.606304395473444, 0.041628020096538876, 2.3121996737016275, 0.29022681350664925, 1.6395938441651765, 1.1355390529332112, 0.8129443362425377, 0.4780566343638384, 1.6916199094656008, 0.47805663436366785, 1.0203488463190524, 0.13220467094618016, 0.37342870895730584, 0.10463006315467283, 0.001616078029030632, 0.4241725173628197, 1.7336423010913222, 1.4147957454479183, 1.1395716159663607, 49.37402212932591, 88.97570233994952, 14.386779526245391, 5.007739016074652, 5.465064846932364, 0.5644819755261778, 0.7608596847984472, 0.5644819755752906, 2.8657571068865764, 1.9547116790344035, 3.5234724368270918, 2.774305736650149, 2.02624263756843, 1.3962250213713787, 0.19968907822828896, 1.2474322209994853, 0.15264181476504746, 4.138556726743218, 0.012641997114883452, 3.2483105158247554, 3.650400615083072, 0.013332625969155742, 5.959518449223083, 2.315986438022719, 0.9688141441029074, 1.072282626460833, 1.1990609696113097, 0.03977905526085124, 0.6576283168017198, 0.13651781272847074, 0.22816800559041894, 0.02891278305492051, 5.894734516791573, 0.3622445828993932, 1.3206042641229487, 0.053149444088717246, 32.0170721220785, 183.35066780727107, 164.4082709330038, 40.5754235370116, 3.6048819936693235, 0.33484317172712963, 4.664080092920585, 12.79596838742225, 7.656418346348232, 0.7171883040626881, 2.3046849588336045, 11.404743973165068, 1.5603991716084238, 0.027803962186908393, 0.012553007138990324, 1.5741369201755333, 0.012553007138876637, 1.4620417704686588, 6.205664856682915, 1.3717429965680594, 6.97172534692254, 2.820772607541244, 0.38297958354678485, 1.9480168684509636, 0.03573731967344429, 4.411625772369803, 4.446382721088298, 1.5004295549448443, 5.107153744933271, 0.977443634408246, 0.17401926738193652, 0.11561523024056441, 0.7218085169639608, 0.13063658748683338, 4.7569467346761485, 1.045246891717511, 5.173543133735166, 6.572856173459513, 2.667707040946766, 26.67819726267146, 119.6075364725616, 227.84926464540888, 44.21251515568713, 0.8093811985722823, 0.14855436670586641, 0.003506547298229634, 2.868607438784352, 4.327768510044848, 5.321071357347478, 18.60531960597632, 0.021029563342381152, 8.547335779092691, 3.3201670989742524, 0.9067337330865257, 0.27746257345643244, 1.1514347809089145, 3.318083593197912, 0.0036301580985309556, 0.2871309288949533, 0.022751849367864452, 0.44505699587341496, 0.02275184936797814, 0.3685035105897896, 0.0009066984362107178, 0.23495283114891663, 2.189112709019696, 0.2126803789645919, 1.178580613863062, 0.04667612687183009, 0.008393519895548707, 0.015079794620874054, 0.03386446556783085, 0.30955027166044147, 0.2160153840835619, 0.2155928574987911, 0.2160153840835619, 1.7542229356373582, 6.1802397780489855, 0.34208373697555317, 0.3310712393407016, 0.05342195416812956, 0.21260263829174164, 0.18419422556246445, 0.11680584171148212, 0.007258035307756927, 0.012807937300465255, 0.23579816510522278, 0.3244701181255891, 0.7264765821144579, 0.2350125358269679, 0.23078241668099508, 0.6434747690094014, 0.36346756188987683, 0.786781063821536, 0.3299526802725836, 0.7867810638216497, 17.4932279060028, 57.07203931005495, 23.99097436122628, 2.7473656579646786, 0.0014983619028043904, 2.161542678995886, 0.1478216914853192, 0.012786200741231823, 0.013165436548774778, 0.7809311330341302, 0.14916240848111784, 0.6310523667306143, 1.25144029843392, 2.4471254596822405, 1.3547929421545746, 1.4801098022697374, 0.023509851497578893, 98.3565380866986, 503.44243013324433, 302.5914014345774, 32.68121712528193, 0.5006594878869919, 1.032653312168236, 1.1147327680347416, 0.06549592160240536, 0.6159274394329941, 0.14556444225092946, 0.08353590370188613, 0.3609734944976708, 0.3152248140595475, 0.3609734944975571, 0.021281003522858555, 0.026458634451159924, 0.4506251059385704, 0.896645064567906, 2.138911519133103, 0.003042950508756803, 1.133009258437255, 1.1929419944474375, 0.31369869362492864, 0.03256355996552429, 0.35572860406762175, 0.02655051010697207, 0.09606365585761978, 0.5607531833696839, 0.13471344987590328, 0.00847688836904581, 0.0030494921815034104, 0.07601974156750657, 0.000338347405318018, 0.8922593158724794, 1.526941391873038, 1.7715399158632863, 1.2666917709713061, 0.8049225054085127, 0.2614321139307094, 0.07452770933025477, 0.3637813131998655, 0.00033310148455711897, 3.592129876420813, 4.4553388337994875, 0.4250953971779836, 0.060008121177475005, 0.06040132169846402, 0.06890934127170567, 0.6734885220841988, 0.1939415272200904, 2.6771557919851148, 0.2656968113994935, 0.06227643620911749, 0.3862393127778887, 0.025538559136407457, 0.3643613806590338, 0.11420277421245828, 0.38598092644792814, 1.1608366376914319, 1.5770177920405786, 0.09849175666317933, 2.1032409215716825, 0.08686866328559972, 4.7068524170568935, 0.014681559016707979, 1.5786945432042785, 1.5052246750573204, 1.4335398399570067, 0.08090425071213758, 2.8312621502639104, 6.7186966710506795, 1.3660187311668324, 4.6918045827286505, 0.10017541065599289, 1.4973986073405285, 68.3920756979453, 635.4973521727347, 428.3518779949176, 21.445504971544324, 0.0014005081674213216, 0.139856777381965, 0.5455485952290928, 0.4849682847834629, 0.34721323237613433, 0.3006135477253338, 0.1652424984202412, 0.22640430720639415, 0.1076323642597572, 0.020949481116304014, 0.0637347947557032, 0.8419909969962873, 7.403571472680653, 29.922613847821424, 45.70349002251106, 6.303715732360104, 2.161415346318222, 1.7709309036468994, 0.7731874132027201, 0.7695915559050377, 0.1771342726013927, 0.39729042561350525, 5.339656368960334, 5.985492252809934, 0.5538260224573719, 1.0189643090135405, 2.376774421323148, 0.8050397371131339, 1.365568146121916, 0.003343430475013065, 0.9762803185932398, 2.6751868788658157, 0.6208663642062788, 2.449262097551241, 334.08848480216534, 881.153598340916, 275.1426524727076, 29.14855349773063, 0.696137936125865, 0.8003795297505576, 0.22653708616940094, 4.838121597382042, 9.267348242085177, 2.785742692636063, 0.07542802221860256, 0.3967637254592091, 0.24434102974612415, 0.4877931936440518, 0.010385140872926968, 0.40707631265161126, 0.014192120027928468, 5.410962908435863, 1.9035541976910508, 0.12120279855821536, 1.81346054211906, 0.03947175325504304, 4.2675932806366745, 0.0896001889038871, 3.378865244029157, 3.375570953418901, 0.14139217036745322, 0.15113739983121377, 0.017179783006668004, 0.10627290355978403, 2.353086152478113, 1.928857814408616, 4.380929675350785, 5.19091977264884, 0.4107779733251391, 0.24597919236578036, 1.1497408130254598, 0.19906791063863238, 0.0011101109760147665, 0.6781296847819931, 2.049078521787237, 0.02171192954529033, 0.5660672564539482, 1.5451568039884478, 1.4354004036413244, 0.34048278459806625, 1.7245231364069014, 38.55080336556102, 542.2216403113355, 778.4023575933272, 137.18208419982852, 1.6167136502418202, 3.29729468382601, 0.3495535182147478, 3.837202653391273, 2.8177982583823677, 0.7247726208889844, 0.08309493340095742, 1.1244901543803962, 0.9111153481886731, 7.867013573206009, 0.21884446069293517, 6.5473341881839815, 0.5582237176531066, 0.20114826601565028, 1.3707337241145297, 1.3347390944130098, 0.007145041647163453, 1.5498937844482725, 0.3688060696106277, 3.0834150299166367, 0.40391257820931514, 1.0714389683012655, 2.5399915947132286, 2.0063204776374164, 7.33248107332264, 0.26179791243959016, 1.7868073317920334, 0.2754369398844574, 1.3662451600425811, 0.728503046125752, 3.0912727175868895, 1.0177937163313686, 70.74685121619234, 290.4160136671304, 114.39003840028101, 3.784458009885043, 0.018754969472524863, 0.04268324427380321, 72.24267586516089, 484.27975220017106, 408.00607157419313, 39.476662574795796, -0.002495527408882481, 0.21654567066951813, 0.632334142470711, 293.17664638879273, 1013.3457605202523, 438.83280602642344, 20.689251935264792, 2.0311468365692917, 0.04408911866175913, 0.5288097601564914, 0.160075151545243, 0.26043069602042124, 0.6551297562378977, 0.059476853676414976, 0.04236367241287553, 0.03515418074834997, 0.09053234414488998, 0.4898119948331896, 0.0, 1.4063467439693795, 0.1898391618046844, 5.394161086729127, 0.09324396690817593, 1.9148615343140136, 0.08293892679284909, 0.9910312612041707, 0.2875490333964308, 1.8855183050634423, 0.08211017159999301, 14.06537547540313, 17.635979837931473, 2.4007082693306074, 1.1661336905820008, 1.526109131466228, 0.0018387686291134742, 3.0890914686066253, 0.7586045542869897, 2.445064505774326, 0.7217087751002964, 0.394359990489761, 0.09070888931387344, 1.160461634107719, 0.5299031155002467, 1.4599565429198265, 3.3143468883898777, 0.319326103595472, 3.2374669606289217, 0.49990632483513764, 0.18230654334740848, 0.05496426121726472, 1.2269320575211395, 0.3372256857173852, 5.84737584510799, 1.2360226888321222, 0.29707784388540404, 1.0897228862785369, 0.6538000711773293, 5.0273398003951115, 0.06677196873488356, 0.8071975058328462, 0.1359127092921426, 0.6586870234643811, 2.3099932547761455, 1.1075363410661794, 1.3755566662534875, 0.41137054193939093, 0.2235664623789262, 4.333457836828757, 143.96231135481912, 595.6223076331328, 226.52487284272888, 0.5070872672206974, 5.135825939801691, 3.2426214770845263, 2.2238423861261367, 8.258031562537553, 1.5554836647173715, 4.839308204057033, 15.530733008089726, 0.07918500155375341, 11.854493921915605, 1.546074923945639, 3.3543316172625737, 1.016147892384538, 0.2739803261483189, 0.5714954637012397, 0.23994439386268596, 0.15012144654826898, 2.807008547244436, 0.4868011323185897, 1.8118754207706047, 1.8122310730851154, 0.06967063417249619, 2.1354352653930277, 2.25039515976772, 0.8546006152209316, 1.7083558182149545, 1.4601589359478453, 0.2982808661781746, 1.9301067038844053, 0.4772887368541774, 0.23955800647115666, 662.3010682536278, 1515.7705156024695, 230.12237448746396, 2.3920808840251766, 0.2100624649636984, 0.14132214290168577, 0.04174016186857443, 0.1659452400945156, 0.2541989146963033, 0.10962020949330054, 1.9369211649719773, 1.9770449854937624, 0.38622619020645743, 1.3309325243980084, 0.08850122258718329, 0.06317730216608197, 0.10926898758464176, 0.3776779434515447, 0.09041221355926155, 0.00025085413392389455, 0.025242238026976338, 0.030435605933689658, 0.004045348039426244, 0.06430571639077698, 0.342315201501151, 0.016041681767092086, 11.799614762252418, 228.1817006331114, 535.2418834317614, 127.88596694480407, 0.261947819698662, 0.007234126838341126, 0.09839436284408976, 0.08124978306591402, 0.18357853481688835, 0.7674683087676613, 66.67190263433156, 392.21403613167536, 328.2738729386476, 15.073143363194504, 1.6794295244537807, 0.3281758143450588, 0.004290005158168242, 0.20960985539886678, 0.009658066186261749, 0.00971954787098639, 0.00026882058307364787, 0.2575976378241194, 2.56261350508953, 1.276436965044354, 1.0604573210850958, 0.8733634484437971, 0.6956182450339838, 1.4359573874911575, 0.0043373625884441935, 0.8193523021190003, 0.1442005557992161, 1.4510379138417875, 1.5104886852102481, 1.9151851213210875, 2.135708179174003, 0.016916797969770414, 4.7101174215065384, 0.12685431268994307, 0.9388257085355463, 0.012788632035380942, 0.7899748766914172, 0.0002614319373606122, 1.558019165020255, 0.6627128254420995, 0.0964333081717541, 1.766448501656896, 0.021465114193460977, 3.384362615465875, 1.2836351436936866, 3.4236923290037566, 42.10193913050057, 76.7560413182681, 16.292619328806495, 0.003714363449262237, 0.041217369291871364, 1.0532364895370847, 1.7839998255758474, 0.3335107896708678, 0.5852429926094374, 0.30997550916663386, 0.15308916141805184, 0.1383187080573407, 5.046198499456182, 72.25809305373593, 99.85927187855339]
theta_global: 1000
window_size: 50, overlap: 0.5, threshold: 14.862068965517242
