1375 
1425 
1475 
1575 
1625 
1700 
1800 
1875 
1925 
2100 
2175 
2225 
2275 
2325 
2375 
2450 
2525 
2575 
2650 
2775 
2900 
2950 
3025 
3125 
3175 
3300 
3375 
3425 
3475 
3625 
3675 
3775 
3825 
3900 
3975 
4025 
4100 
4175 
4275 
4550 
4625 
4675 
4725 
4800 
4850 
4975 
5025 
5075 
5200 
5250 
5325 
5425 
5500 
5550 
5600 
5650 
5700 
5750 
5800 
6100 
6150 
6200 
6275 
6325 
6425 
6700 
6750 
6825 
6900 
6950 
7000 
7900 
7950 
8000 
8050 
8175 
8225 
8275 
8325 
8375 
8625 
8675 
8725 
8825 
8950 
9350 
9475 
9600 
9650 
9700 
9825 
9900 
10000 
10050 
10225 
10275 
10425 
10500 
10575 
10650 
10700 
10775 
10825 
10875 
10925 
11075 
11125 
11175 
11225 
11400 
11475 
11575 
11625 
11875 
12125 
12175 
12300 
12400 
12450 
12500 
12550 
12625 
12675 
12850 
12900 
12950 
13025 
13275 
13375 
13425 
13500 
13550 
13600 
13650 
13700 
13750 
13800 
13850 
14275 
14350 
14425 
14475 
14600 
14675 
14875 
14925 
15050 
15100 
15275 
15425 
15475 
15525 
15600 
15700 
15775 
15825 
15875 
16050 
16100 
16175 
16250 
16325 
16375 
16500 
16550 
16625 
17075 
17125 
17200 
17325 
17425 
17475 
17525 
17775 
17850 
18325 
18375 
18425 
18500 
18600 
18750 
18800 
18900 
18950 
19025 
19075 
19175 
19250 
19350 
19400 
19450 
19500 
19550 
19600 
19650 
19700 
19750 
19800 
19850 
19900 
20050 
20100 
20500 
20600 
20725 
20775 
20875 
20925 
20975 
21025 
21075 
21125 
21175 
21925 
22075 
22175 
22225 
22300 
22350 
22550 
22675 
22725 
22800 
22850 
22975 
23075 
23200 
23275 
23350 
23400 
23475 
23525 
23675 
23750 
23825 
24125 
24175 
24325 
24400 
24450 
24550 
24650 
24725 
24775 
24900 
24950 
25000 
25100 
25150 
25250 
25300 
25400 
25450 
25575 
25675 
25750 
25825 
26000 
26050 
26100 
26175 
26775 
26825 
26925 
26975 
27025 
27125 
27225 
27300 
27350 
27400 
27450 
28800 
28875 
28925 
29050 
29200 
29275 
29350 
29900 
29975 
30025 
30075 
30125 
31025 
31075 
31175 
31225 
31300 
31350 
31475 
31550 
31650 
31750 
31875 
31950 
33650 
33725 
33775 
33825 
33875 
33925 
33975 
34100 
34150 
34200 
34250 
34350 
34400 
34525 
34575 
34675 
34750 
34900 
34950 
35000 
35100 
35150 
35250 
35400 
35500 
35625 
35675 
35825 
35975 
36225 
36925 
37050 
37100 
37175 
37225 
37300 
37350 
37400 
37450 
37500 
37600 
37650 
37700 
37775 
37850 
38100 
38175 
38250 
38400 
38550 
38625 
38675 
38750 
38800 
38850 
38900 
38975 
39025 
39150 
39200 
39275 
39325 
39750 
39875 
39975 
40025 
40125 
40175 
40325 
40375 
40475 
40525 
40600 
40650 
40700 
40750 
40800 
40925 
40975 
41050 
41100 
41225 
41275 
41350 
41400 
41450 
41625 
41675 
41725 
41800 
41875 
41925 
41975 
42050 
42100 
42150 
42200 
42325 
42400 
42600 
42650 
42800 
42850 
42925 
43000 
43100 
43200 
43275 
43350 
43500 
43550 
43650 
43700 
43875 
43950 
44000 
44175 
44225 
44400 
44475 
44550 
44600 
44725 
44950 
45000 
45150 
45200 
45275 
45375 
45425 
45475 
45525 
45575 
45725 
45800 
45850 
45900 
45975 
46050 
46100 
46750 
46800 
46850 
46900 
47025 
47200 
47250 
47350 
48025 
48075 
48125 
48200 
48325 
48400 
48450 
48525 
48575 
48675 
48750 
48825 
48925 
48975 
49050 
49100 
49225 
49275 
49425 
49525 
49825 
50000 
50050 
50150 
50200 
50250 
50325 
50375 
50450 
50525 
50575 
50625 
50675 
50775 
50850 
50900 
50975 
51025 
51125 
51200 
51275 
51350 
51425 
51475 
51575 
52375 
52425 
52550 
52675 
52775 
52825 
52875 
52975 
53025 
53125 
53200 
53250 
53350 
53450 
53525 
53575 
53650 
53725 
53775 
53825 
53875 
53925 
54000 
54125 
54175 
54325 
54600 
54650 
54775 
54825 
55000 
55050 
55125 
55175 
55400 
55450 
55500 
55575 
55650 
55700 
55800 
55925 
56075 
56150 
56400 
56450 
56525 
56575 
56625 
56775 
56950 
57000 
57150 
57200 
57300 
58000 
58050 
58100 
58150 
58250 
58325 
58375 
58475 
58575 
58625 
58700 
58750 
58850 
58900 
59350 
59550 
59600 
59700 
59750 
59800 
59950 
60025 
60150 
60250 
60300 
60375 
60475 
60550 
60600 
60650 
60700 
61050 
61850 
61900 
61975 
62050 
62200 
62325 
62450 
62500 
62550 
62625 
62675 
62750 
62800 
62975 
63075 
63800 
63850 
63900 
63950 
64050 
64150 
64275 
64350 
64550 
64750 
64850 
64900 
64950 
65100 
65200 
65250 
65425 
65525 
65575 
65625 
65725 
65775 
65875 
66125 
66200 
66275 
66325 
66375 
66550 
66600 
66650 
66775 
66850 
66950 
67050 
68025 
68125 
68250 
68350 
68400 
68525 
68575 
68625 
68675 
68725 
68800 
68850 
69000 
69050 
69150 
70050 
70125 
70250 
70325 
70375 
70450 
70575 
70625 
70700 
70750 
70825 
71025 
71175 
71500 
71575 
71675 
71850 
71900 
71950 
72000 
72050 
72175 
72275 
73075 
73125 
73175 
73225 
73300 
73375 
73425 
73525 
73625 
73700 
73750 
73800 
74000 
74100 
74225 
74675 
74725 
74775 
74850 
74925 
74975 
75025 
75075 
75725 
75775 
75850 
75925 
75975 
76025 
76075 
76175 
76225 
76300 
76375 
76425 
76475 
76725 
76775 
76875 
77175 
77225 
77325 
77400 
77575 
77625 
77675 
77750 
77825 
77925 
77975 
78150 
78325 
78550 
78725 
78775 
78850 
78925 
79025 
79800 
80025 
80075 
80200 
80250 
80350 
80400 
80475 
80550 
80650 
80750 
80800 
80850 
81000 
81100 
81175 
81225 
81400 
81475 
81550 
81625 
81700 
81750 
81800 
81875 
82025 
82075 
82150 
82200 
82325 
82475 
82550 
82600 
83000 
83075 
83125 
83200 
83250 
83300 
83425 
83525 
83625 
83675 
83725 
83775 
83825 
83875 
83925 
84075 
84175 
84225 
84400 
84475 
84550 
84625 
84700 
84775 
84825 
84875 
84925 
84975 
85050 
85150 
85200 
85250 
85325 
85400 
85475 
85525 
85600 
85650 
85700 
85750 
85800 
85850 
85900 
85950 
86000 
86050 
86125 
86450 
86550 
86650 
86700 
86775 
86900 
86950 
87175 
87500 
87625 
87675 
87725 
87825 
87875 
87950 
88000 
88050 
88200 
88250 
88300 
88375 
88800 
88875 
89025 
89125 
89275 
89325 
89650 
89775 
89975 
90025 
90075 
90175 
90250 
90300 
90375 
90450 
90575 
90625 
90700 
90750 
90900 
91050 
91100 
91425 
91475 
91550 
91600 
91650 
91850 
91900 
91975 
92025 
92225 
92275 
92325 
92400 
92475 
92650 
92700 
92750 
92800 
92950 
93000 
93300 
93350 
93425 
93475 
93525 
93600 
93650 
93725 
93775 
93850 
93900 
94050 
94125 
94175 
94275 
94325 
94400 
94475 
94575 
94675 
94725 
94775 
94825 
94875 
95000 
95050 
95125 
95225 
95425 
95475 
95550 
95600 
95650 
95725 
95775 
95900 
96325 
96475 
96525 
96575 
96625 
96700 
96775 
96850 
96900 
96950 
97250 
97300 
97375 
97425 
97475 
97525 
97575 
97650 
97725 
97775 
97825 
97900 
97975 
98075 
98150 
98250 
98325 
98375 
98425 
98500 
98550 
98600 
98675 
98800 
98875 
99000 
99500 
99675 
99725 
99825 
99875 
99925 
99975 
100025 
100125 
100175 
100275 
100325 
100375 
101550 
101600 
101650 
101725 
101800 
101900 
101950 
102000 
102050 
102100 
102150 
102200 
102250 
102325 
102425 
102525 
102600 
102650 
102775 
102850 
102950 
103025 
103125 
103175 
103325 
103475 
103925 
103975 
104075 
104150 
104250 
104300 
104500 
104600 
104650 
104700 
104775 
104900 
105575 
105650 
105800 
105850 
105925 
106000 
106050 
106100 
106175 
106975 
107150 
107225 
107400 
107650 
107700 
107775 
107850 
107975 
108050 
108150 
108250 
108375 
109150 
109200 
109325 
109400 
109475 
109525 
109575 
109625 
109750 
109900 
109975 
110125 
110250 
110300 
110350 
110400 
110450 
110500 
110575 
110675 
110825 
110950 
111100 
111250 
111375 
111475 
111525 
111575 
111625 
111750 
111875 
111925 
111975 
112050 
112150 
112225 
112275 
112375 
112525 
112650 
112700 
112750 
112800 
112875 
112925 
112975 
113075 
113150 
113225 
113325 
113425 
113875 
113950 
114000 
114150 
114225 
114300 
114350 
114525 
114700 
114750 
114800 
114850 
114925 
115025 
115075 
115150 
115200 
115300 
115375 
115425 
115500 
115600 
115700 
115800 
115850 
115900 
115950 
116025 
116625 
116675 
116825 
117125 
117175 
117300 
117400 
117450 
117500 
117550 
117625 
117700 
117875 
118025 
118075 
118150 
118225 
118325 
118450 
118500 
118550 
118675 
118775 
119425 
119525 
119600 
119650 
119725 
119800 
119850 
119925 
120000 
120075 
120150 
120200 
120325 
120375 
120450 
120550 
121625 
121675 
121750 
121800 
121900 
122000 
122050 
122150 
122225 
122300 
122350 
122425 
122525 
122575 
122650 
122800 
122850 
122950 
123000 
123200 
123300 
123375 
123425 
123475 
123525 
123575 
123625 
123750 
123850 
123950 
124075 
124125 
124225 
124325 
124375 
124475 
124575 
124650 
124725 
124800 
124900 
124975 
125025 
125075 
125125 
125300 
125375 
125475 
125950 
126000 
126075 
126125 
126275 
126325 
126400 
126450 
126575 
126675 
126725 
126775 
126850 
127025 
127100 
127200 
127250 
127375 
127425 
127525 
127575 
127725 
127775 
127825 
127875 
127975 
128050 
128175 
128325 
128400 
128450 
128500 
128550 
128625 
128800 
128850 
128950 
129825 
129875 
129925 
129975 
130025 
130075 
130150 
130525 
130575 
130725 
131975 
132025 
132250 
132325 
132675 
132725 
132775 
132850 
132950 
133000 
133075 
133125 
133175 
133250 
133300 
133375 
133450 
133550 
133700 
133775 
133875 
134075 
134150 
134300 
134400 
134475 
134550 
134600 
134650 
134700 
134825 
135400 
135450 
135550 
135625 
135700 
135775 
135875 
135950 
136025 
136075 
136150 
136225 
136275 
136625 
136675 
136725 
137000 
137050 
137150 
137275 
137325 
137375 
138150 
138225 
138275 
138350 
138400 
138550 
138650 
138750 
138825 
138925 
138975 
139100 
139200 
139300 
139375 
139425 
139600 
139700 
139750 
139825 
139900 
139950 
140100 
140200 
140275 
140350 
140800 
140875 
141050 
141125 
141300 
141400 
141450 
141500 
141575 
141650 
141850 
141925 
142025 
142750 
142850 
142900 
142950 
143000 
143275 
143375 
143425 
144075 
144175 
144300 
144350 
144400 
144525 
144600 
144650 
144725 
144800 
144850 
144900 
145050 
145100 
145350 
145400 
145450 
145500 
145575 
145625 
145700 
145750 
145800 
145875 
145925 
146025 
146075 
146175 
146225 
146300 
146375 
146425 
146500 
146550 
146675 
146775 
146850 
146925 
147000 
147050 
147125 
147225 
147275 
147350 
147400 
147450 
147575 
147675 
147725 
147775 
147925 
147975 
148050 
148150 
148200 
148325 
148375 
148450 
148500 
148575 
148650 
148700 
148775 
148925 
149075 
149150 
149225 
149275 
149325 
149525 
149575 
149625 
149675 
149725 
149775 
149850 
149900 
149975 
150025 
150150 
150225 
151250 
151300 
151375 
151450 
151550 
151600 
152450 
152500 
152625 
152675 
152750 
152800 
152850 
152950 
153025 
153475 
153675 
153775 
153850 
153900 
154050 
154125 
154700 
154800 
154900 
154975 
155075 
155125 
155175 
155275 
155375 
155525 
155700 
155750 
155800 
155900 
155975 
156100 
156150 
156200 
156250 
156350 
156425 
156500 
156575 
156625 
156675 
156725 
156775 
156875 
156950 
157000 
157075 
157125 
157225 
157300 
157425 
157475 
157650 
157700 
157775 
157850 
158050 
158100 
158175 
158300 
158350 
158475 
158575 
158650 
158725 
158775 
158825 
158875 
158925 
158975 
159100 
159175 
159225 
159275 
159325 
159375 
159425 
159475 
159550 
159625 
159675 
159750 
159825 
159900 
159975 
160075 
160150 
160200 
160275 
160350 
160425 
160475 
160575 
160625 
160700 
160775 
160850 
160925 
161000 
161100 
161175 
161250 
161300 
161350 
161400 
161450 
161500 
161550 
161600 
161700 
161800 
162750 
162825 
162900 
162950 
163000 
163075 
163150 
163225 
163325 
163400 
163525 
163575 
163675 
163725 
163875 
164025 
164075 
164250 
164300 
164375 
164450 
164625 
164775 
164825 
164875 
164950 
165000 
165075 
165125 
165225 
165300 
165350 
165400 
165575 
165625 
165700 
165750 
165800 
165875 
165950 
166000 
166075 
166175 
166275 
166350 
166400 
166450 
166500 
166550 
166625 
166700 
166775 
166825 
166875 
167700 
167750 
167800 
167850 
167925 
168100 
168150 
168275 
168350 
168450 
168500 
168550 
168650 
168825 
168975 
169175 
169250 
169300 
169350 
169450 
169525 
169600 
169700 
169800 
169850 
169900 
169950 
170000 
170075 
170175 
170250 
170325 
170375 
170450 
170525 
170575 
170650 
170775 
170825 
170875 
171125 
171300 
171475 
171550 
171625 
171750 
171800 
171900 
171975 
172050 
172300 
172350 
172600 
172650 
172750 
173075 
173125 
173475 
173600 
173650 
173700 
173750 
173825 
173875 
173975 
174100 
174150 
174275 
174325 
174400 
174450 
174500 
174550 
174625 
174700 
174750 
174850 
175650 
175700 
175775 
175900 
175950 
176025 
176075 
176225 
176275 
176325 
176450 
176575 
176625 
176675 
176725 
176900 
176975 
177025 
177175 
177225 
177275 
177350 
177400 
177450 
177525 
177575 
177650 
178050 
178150 
178200 
178300 
178375 
178425 
178475 
178525 
178650 
178700 
178750 
178925 
179000 
179100 
179150 
179200 
179350 
179400 
179500 
179575 
179650 
179700 
179750 
179800 
179850 
179900 
179950 
181675 
181750 
181875 
181925 
182025 
182225 
182325 
182450 
182500 
182800 
182900 
182950 
183000 
183050 
183125 
183175 
183250 
183325 
183400 
183525 
183600 
183725 
183775 
183900 
183950 
184000 
184100 
184150 
184225 
184350 
184425 
184525 
184625 
184725 
184800 
184875 
184925 
185000 
185075 
185150 
185225 
185275 
185350 
185400 
185450 
185525 
185600 
185700 
185775 
185825 
185900 
185950 
186000 
186050 
186125 
187425 
187600 
187675 
187750 
187800 
187850 
187900 
188000 
188050 
189000 
189150 
190000 
190050 
190225 
190275 
190325 
190375 
190425 
190525 
190600 
190675 
190725 
190775 
190850 
190900 
190975 
191050 
191100 
191150 
191250 
191325 
191425 
191525 
193350 
193400 
193475 
193550 
193650 
193775 
193825 
195675 
195875 
195925 
196350 
196525 
196625 
196925 
196975 
197025 
197075 
197150 
197250 
197325 
197425 
197475 
197650 
197750 
198375 
198425 
198475 
198525 
198575 
198700 
198775 
198825 
198875 
199025 
199125 
199175 
199225 
199325 
199400 
199475 
199525 
200425 
200500 
200575 
200625 
200700 
200800 
200850 
200925 
200975 
201025 
201075 
201325 
201450 
201525 
201625 
201675 
201725 
201775 
201825 
202000 
202050 
202125 
202200 
202275 
202325 
202375 
202450 
202750 
202850 
202925 
203000 
203075 
203175 
203225 
203275 
203350 
203600 
203675 
203800 
203875 
203925 
203975 
204025 
204125 
204200 
204250 
204300 
204400 
204450 
204500 
204575 
204625 
204675 
204750 
204825 
204875 
204975 
205050 
205175 
205275 
205400 
205450 
205500 
205550 
205600 
205675 
205725 
207375 
207425 
207525 
207675 
207750 
207925 
208075 
210975 
211025 
211125 
211200 
211275 
211325 
211375 
211500 
211600 
211675 
211725 
211775 
211850 
211925 
212000 
212075 
212150 
212225 
212350 
212400 
212450 
212550 
212700 
212775 
212900 
212975 
213050 
213100 
213150 
213275 
213350 
213400 
213450 
213500 
213575 
213625 
213675 
213725 
213825 
213875 
213975 
214075 
214125 
214200 
214275 
214325 
214375 
214450 
214500 
214550 
214600 
214750 
214875 
214925 
214975 
215100 
215150 
215225 
215275 
215325 
215400 
215500 
215575 
215625 
215700 
215775 
215850 
215900 
216000 
216050 
216200 
216325 
216375 
216425 
216475 
216550 
216975 
217025 
217075 
217125 
217250 
217375 
217425 
217500 
217550 
217700 
217750 
217800 
217875 
217925 
217975 
218025 
218075 
218175 
218250 
218300 
218350 
218425 
218500 
218550 
218650 
218775 
218825 
218900 
218950 
219000 
219100 
219175 
219250 
219325 
219400 
219475 
219550 
219600 
219650 
219775 
219825 
219900 
219950 
220050 
220175 
220275 
220375 
220475 
220550 
220600 
220725 
220950 
221000 
221050 
221100 
221200 
221250 
221300 
221350 
221450 
221500 
221575 
221650 
221700 
221750 
221825 
222075 
222150 
222275 
222350 
222425 
222475 
222525 
222625 
222700 
223225 
223300 
223350 
223475 
223550 
223600 
223675 
223775 
223850 
223975 
224050 
224100 
224175 
224225 
225025 
225100 
225150 
225250 
225325 
225450 
225500 
225575 
225625 
225725 
226400 
226475 
226550 
226600 
226650 
226750 
226800 
226875 
226925 
227050 
227200 
227300 
227800 
227850 
227975 
228025 
228075 
228125 
228200 
228250 
228325 
228600 
228650 
228800 
229275 
229350 
229475 
230375 
230425 
230500 
230550 
230625 
230700 
231325 
231500 
231550 
231600 
231650 
231700 
231750 
231825 
231875 
231925 
232000 
232050 
232100 
232150 
232200 
232275 
232325 
232375 
232450 
232500 
232550 
232700 
232925 
233000 
233100 
233175 
233225 
233275 
233325 
233425 
233475 
233525 
233925 
233975 
234025 
234075 
234175 
234225 
234275 
234325 
234425 
234475 
234550 
234700 
234750 
234875 
234925 
234975 
235050 
235100 
235200 
235250 
235325 
235475 
235525 
235575 
235625 
235675 
235750 
235800 
235875 
236025 
236350 
236425 
236825 
236950 
237000 
237050 
237150 
237200 
237250 
237300 
237375 
237700 
237825 
237925 
237975 
238050 
238100 
238150 
238200 
238275 
238475 
238600 
238675 
238750 
238825 
238875 
238925 
238975 
239125 
239175 
239250 
239375 
239500 
239600 
239675 
239750 
239850 
240150 
240200 
240275 
240325 
240375 
240450 
240500 
240675 
240750 
240825 
240900 
241025 
241075 
241125 
241200 
241250 
241475 
242025 
242075 
242125 
242200 
242275 
242325 
242450 
242500 
242600 
242675 
242725 
242775 
242850 
242900 
242975 
243050 
243325 
244125 
244200 
244250 
244350 
244425 
244525 
244600 
244650 
244725 
244775 
245000 
245050 
245150 
245225 
245275 
245325 
245450 
245525 
245625 
245700 
245750 
245800 
245875 
245925 
245975 
246050 
246100 
246200 
246375 
246425 
246500 
248200 
248250 
248300 
248400 
248450 
248550 
248800 
248950 
249000 
249150 
249200 
249250 
249325 
249375 
249425 
249650 
249700 
249750 
249800 
249875 
249925 
250000 
250075 
250175 
250225 
250350 
250400 
250500 
250550 
250600 
250675 
250800 
250900 
250950 
251050 
251150 
251575 
251650 
251750 
251800 
251875 
251925 
251975 
252100 
252150 
252225 
252275 
252325 
252375 
252450 
252500 
252600 
252650 
252725 
252775 
252825 
252950 
253000 
253050 
253200 
253250 
253300 
253375 
254600 
254650 
254800 
254850 
254950 
255025 
255125 
255175 
255425 
255475 
255525 
255625 
255700 
255775 
255850 
255950 
256050 
256100 
256200 
256250 
256325 
256375 
256500 
256600 
256650 
256700 
256775 
256825 
257075 
257150 
257200 
257250 
257300 
257350 
257425 
257475 
257525 
257625 
257675 
257725 
257900 
257975 
258025 
258075 
258125 
258275 
258475 
258525 
258575 
258625 
258700 
258775 
258850 
258925 
259000 
259050 
259100 
259150 
259225 
259350 
259400 
259475 
259525 
259600 
259750 
259800 
260075 
260125 
260200 
260275 
260350 
260400 
260475 
260525 
260575 
260775 
260850 
260900 
261050 
261150 
261200 
261275 
261450 
261525 
261600 
261650 
262950 
263050 
263125 
263975 
264075 
264175 
264225 
264275 
264325 
264425 
264500 
264625 
264700 
264750 
264950 
265025 
265075 
265150 
265225 
265325 
265375 
265425 
265475 
265575 
265650 
265700 
265750 
265825 
266125 
266225 
266275 
266400 
266525 
266575 
266650 
266700 
266775 
266825 
266900 
266950 
267075 
267125 
267175 
267225 
267275 
267350 
267425 
267500 
267575 
267625 
267675 
267750 
267875 
268225 
268300 
268350 
268400 
268450 
268525 
268575 
268700 
269025 
269075 
269125 
269175 
269325 
269425 
269525 
270175 
270325 
270400 
270475 
270625 
270675 
270800 
270850 
270925 
271000 
271050 
271125 
271175 
271275 
271325 
271375 
271425 
271500 
271550 
271675 
271725 
271825 
271950 
272000 
272175 
272400 
272450 
272525 
273425 
273475 
273600 
273700 
273750 
273875 
273925 
274000 
274050 
274100 
274150 
274200 
274275 
274350 
274400 
274525 
274600 
274725 
274925 
274975 
275025 
275125 
275175 
275275 
275350 
275450 
275500 
275550 
275600 
275650 
275700 
275825 
275875 
275950 
276025 
276100 
276150 
276225 
276300 
276400 
276450 
276500 
276750 
276800 
276850 
276900 
276975 
277025 
277075 
277175 
277250 
277300 
277350 
277425 
277500 
277625 
277675 
277750 
277825 
277875 
277925 
277975 
278075 
278150 
278225 
278275 
278375 
278475 
278525 
278650 
278700 
278825 
278875 
278975 
279025 
279125 
279200 
279275 
279400 
279450 
279575 
279650 
279700 
279775 
279825 
279900 
279975 
280075 
280150 
280225 
280275 
280350 
280400 
280525 
280625 
280675 
280775 
280900 
280950 
281000 
281200 
281275 
281375 
281425 
281475 
281550 
281625 
281750 
281875 
282000 
282550 
282625 
282725 
282800 
282875 
282950 
283025 
283150 
283200 
283250 
283300 
283375 
283450 
283575 
283650 
283700 
283750 
283825 
284425 
284525 
284800 
284850 
284925 
284975 
285025 
285075 
285200 
285975 
286125 
286175 
286325 
286400 
286450 
286500 
286550 
286650 
286725 
286775 
286825 
286875 
286950 
287000 
287100 
287150 
287225 
287350 
287425 
287550 
287600 
287700 
287750 
287825 
287975 
288025 
288075 
288125 
288175 
288225 
288300 
288375 
288475 
288525 
289150 
289275 
289350 
289400 
289550 
289600 
289650 
289725 
289775 
289850 
289950 
290025 
290100 
290325 
290675 
290875 
291275 
291325 
291450 
291600 
292275 
292350 
292425 
292550 
292625 
292725 
292800 
292875 
292925 
293000 
293050 
293100 
293150 
293225 
293275 
293325 
293425 
293525 
293575 
293625 
293775 
293850 
293925 
293975 
294050 
294100 
294150 
294200 
294500 
294550 
294600 
294750 
294950 
295925 
296025 
296175 
296225 
296275 
296425 
296475 
296600 
296700 
296775 
296925 
296975 
297150 
297225 
297275 
297375 
297475 
297550 
297625 
297725 
297850 
297900 
298050 
298100 
299875 
299925 
299975 
300175 
300225 
300300 
300375 
300425 
300625 
301375 
301475 
301525 
301600 
301800 
301875 
301950 
302000 
302050 
302125 
302175 
302225 
302475 
302625 
302675 
302825 
302925 
303000 
303050 
303100 
303200 
303275 
303350 
303400 
303450 
303500 
303600 
304225 
304375 
304450 
304525 
304600 
304650 
304725 
304775 
304825 
304875 
304925 
305000 
305050 
305200 
305275 
305350 
305400 
305450 
305500 
305600 
305675 
305725 
305775 
305925 
305975 
306025 
306200 
306275 
306325 
306450 
306500 
306550 
306600 
306650 
306700 
306850 
306925 
306975 
307025 
307075 
307125 
307175 
307275 
307350 
307400 
307475 
307725 
307775 
307825 
307925 
307975 
308100 
308150 
308275 
308325 
308425 
308575 
308725 
308800 
308875 
308950 
309000 
309050 
309100 
309150 
309250 
309350 
309500 
309550 
309625 
309700 
310050 
310100 
310200 
310325 
310450 
310525 
310625 
310925 
311025 
311075 
311125 
311250 
311300 
311400 
311525 
311625 
311700 
311750 
311825 
311875 
311975 
312025 
312075 
312200 
312250 
312300 
312375 
312425 
312500 
312575 
312625 
312675 
312775 
312850 
312950 
313000 
313050 
313125 
313175 
313250 
313325 
313450 
313500 
313575 
314275 
314450 
314525 
314625 
314675 
314775 
314825 
314875 
314925 
315000 
315075 
315175 
315275 
315350 
315450 
315525 
315575 
315675 
315750 
315800 
315850 
315975 
316050 
316175 
316300 
316350 
316400 
316500 
316600 
316675 
316750 
316800 
316900 
316975 
317025 
317175 
317275 
317400 
317475 
317525 
317575 
317625 
317700 
317775 
317825 
317975 
318025 
318250 
318300 
318350 
318450 
318500 
318550 
318600 
318650 
318700 
318750 
318850 
318900 
318950 
319075 
319125 
319175 
319400 
319450 
319525 
319575 
319750 
319800 
319875 
320000 
320100 
320175 
320225 
320275 
320375 
320425 
320550 
320600 
320725 
320775 
320825 
320925 
321000 
321075 
321125 
321175 
321225 
321550 
321650 
321750 
321850 
321975 
322075 
322150 
322250 
322300 
322350 
322425 
322475 
322575 
322725 
322975 
323075 
323250 
323300 
323350 
323400 
323450 
323500 
323550 
323625 
323825 
323925 
324000 
324050 
324100 
324175 
324300 
324350 
324400 
324475 
324525 
324675 
324725 
324800 
324850 
324925 
324975 
325050 
325150 
325200 
325375 
325850 
325950 
326000 
326125 
326175 
326250 
326350 
326425 
326500 
326550 
326600 
326650 
326725 
326775 
326850 
326925 
326975 
327100 
327300 
327350 
327475 
327525 
327675 
327750 
327875 
328575 
328650 
328750 
328800 
328900 
329000 
329075 
329125 
329200 
329300 
329350 
330700 
330775 
330875 
330975 
331025 
331075 
331125 
331200 
331250 
331300 
331350 
331425 
331475 
331525 
331625 
331675 
331725 
331800 
331875 
331950 
332025 
332100 
332175 
332225 
332300 
332350 
332475 
332525 
332575 
332625 
332700 
332800 
332850 
332900 
333150 
333200 
333325 
333425 
333475 
333575 
333650 
333725 
333800 
333850 
333975 
334050 
334125 
334225 
334275 
334325 
334425 
334525 
334725 
334775 
334825 
334875 
335600 
335700 
335750 
335825 
335900 
335950 
336000 
336100 
336150 
336225 
336300 
336375 
336425 
336500 
336575 
336650 
336750 
336825 
336875 
336950 
337350 
337400 
337475 
337550 
337600 
337650 
337725 
337775 
337875 
337925 
338000 
338525 
338800 
338950 
339050 
339150 
339275 
339350 
339425 
339475 
339600 
339675 
339725 
339775 
339850 
339950 
340025 
340075 
340150 
340225 
340300 
340350 
340450 
340550 
340625 
341325 
341425 
341500 
341575 
341650 
341775 
341825 
341925 
342075 
342125 
342225 
342325 
342450 
342600 
342675 
342725 
342850 
342900 
343100 
343200 
343650 
343875 
344075 
344275 
344350 
344525 
344625 
344750 
344850 
344900 
345000 
345050 
345100 
345150 
345200 
345250 
345450 
345500 
345600 
345650 
345700 
345800 
345875 
345950 
346000 
346050 
346150 
346200 
346375 
346450 
346650 
346750 
346800 
346875 
346950 
347125 
347225 
347275 
347325 
347375 
347500 
347575 
347675 
347725 
347775 
347875 
347925 
348000 
348125 
348225 
348275 
348325 
348375 
348425 
348525 
348625 
348675 
348750 
348875 
348925 
349175 
349325 
349400 
349525 
349575 
349625 
349675 
349725 
349950 
350000 
350125 
350175 
350225 
350300 
350350 
350450 
350500 
350575 
350625 
350675 
350750 
350800 
350850 
351025 
351075 
351125 
351200 
351275 
351425 
351500 
351600 
351675 
351750 
351850 
351900 
351950 
352025 
352100 
352150 
352250 
352350 
352400 
352525 
352650 
352875 
352950 
353025 
353250 
353300 
353475 
353525 
353575 
353675 
353775 
353825 
353875 
353925 
354050 
354100 
354150 
354200 
354350 
354400 
354450 
354500 
354675 
354750 
354950 
355000 
355100 
355200 
355275 
355325 
355375 
355425 
355525 
355650 
355700 
355775 
355825 
355875 
355925 
355975 
356050 
356125 
356200 
356300 
356350 
356400 
356450 
356500 
356575 
356625 
356800 
356850 
356950 
357000 
357075 
357125 
357225 
357325 
357400 
357450 
357500 
357575 
357625 
357675 
357725 
357975 
358050 
358225 
358300 
358350 
358400 
358475 
358525 
358625 
358700 
358775 
358850 
358925 
359025 
359125 
359175 
359250 
359300 
359525 
359625 
359725 
359775 
359925 
360175 
360325 
360400 
360450 
360525 
360575 
360625 
360700 
360800 
360850 
360950 
361000 
361225 
361300 
361525 
361575 
361700 
361775 
361825 
361975 
362150 
362200 
362250 
362300 
362450 
362525 
362575 
362650 
362800 
362850 
362950 
363025 
363125 
363225 
363300 
363350 
363425 
363475 
363550 
363600 
363675 
363800 
363875 
363925 
364000 
364050 
364125 
364225 
364275 
364400 
364575 
364650 
364700 
364750 
364800 
364850 
364900 
364950 
365025 
365100 
365150 
365225 
365325 
365375 
365425 
365500 
365575 
365650 
365700 
365750 
365800 
365875 
365925 
366000 
366050 
366125 
366175 
366250 
366325 
366400 
366575 
367250 
367325 
367375 
367425 
368225 
368525 
369400 
369475 
369525 
369625 
369675 
369725 
369800 
369850 
369900 
370025 
370075 
370125 
370200 
370425 
370475 
370525 
370575 
370625 
370675 
370750 
370800 
371050 
371100 
371200 
371800 
371875 
372200 
372275 
372650 
372700 
372750 
372825 
372975 
373075 
373500 
373550 
373625 
373675 
373725 
373775 
373825 
373900 
373950 
374025 
374250 
374300 
374425 
374575 
374725 
374800 
374875 
374950 
375175 
375275 
375350 
375425 
375550 
375600 
375675 
375725 
375775 
375825 
375875 
375975 
376050 
376125 
376175 
376250 
376400 
376475 
376600 
376650 
376775 
376825 
376900 
376950 
377000 
377075 
377175 
377250 
377350 
377400 
377450 
377525 
377575 
377625 
377775 
377850 
377925 
377975 
378050 
378150 
378200 
378300 
378350 
378400 
378450 
378525 
378700 
378750 
378925 
379050 
379125 
379250 
379325 
379425 
379525 
379575 
379625 
379675 
379725 
379775 
379850 
379950 
380150 
380675 
380825 
380875 
380975 
382625 
382725 
382775 
382850 
382925 
382975 
383025 
383100 
383175 
383225 
383300 
383350 
383425 
383800 
383850 
383925 
384025 
384150 
384250 
384300 
384400 
384450 
384550 
384650 
385225 
385275 
385350 
385425 
385475 
385550 
385625 
385700 
385750 
385825 
385925 
385975 
386075 
386125 
386200 
386275 
386325 
386425 
386500 
386650 
386700 
386800 
386875 
386950 
387000 
387125 
387175 
387225 
387350 
387400 
387450 
387500 
387550 
387975 
388025 
388075 
388125 
388225 
388275 
388350 
388400 
388450 
388525 
388600 
388700 
388750 
388800 
388850 
389075 
389125 
389175 
389225 
389300 
389350 
389400 
389475 
389575 
389650 
389700 
389750 
389800 
389850 
389900 
389975 
390050 
390100 
390175 
390225 
390275 
390325 
390475 
390550 
390625 
390675 
390750 
390800 
390975 
391225 
391300 
391450 
391650 
391700 
391775 
391975 
392025 
392150 
392275 
392350 
392400 
392450 
392625 
392700 
393525 
393575 
393625 
393800 
393850 
394000 
394050 
394125 
394325 
394525 
394600 
394650 
394700 
394750 
394800 
394850 
394975 
395025 
395075 
395125 
395175 
395225 
395275 
395350 
395475 
395525 
395800 
395875 
395975 
396050 
396100 
396150 
396500 
396550 
396650 
396725 
396775 
396925 
396975 
397025 
397100 
397150 
397225 
397275 
397400 
397450 
397525 
397750 
397800 
397850 
397950 
398000 
398075 
398150 
398225 
398300 
398525 
398600 
398700 
398825 
399050 
399100 
399350 
399425 
399475 
399925 
400000 
400075 
400125 
400200 
400250 
400300 
400350 
400450 
400550 
400650 
400750 
400800 
400925 
400975 
401050 
401100 
401175 
401250 
401300 
401350 
401525 
401600 
401675 
401775 
401850 
401925 
402000 
402050 
402100 
402275 
402875 
403050 
403125 
403250 
403300 
403400 
403450 
403550 
403650 
403750 
403825 
403925 
404000 
404050 
404125 
404175 
404300 
404350 
404400 
404450 
404550 
404600 
404700 
404750 
404825 
404950 
405000 
405100 
405150 
405250 
405300 
405400 
405450 
405500 
405575 
405700 
405750 
405825 
405900 
406000 
406050 
406125 
406175 
406300 
406350 
406475 
406575 
406625 
406750 
406825 
406875 
406925 
406975 
407075 
407200 
407300 
407375 
407475 
408000 
408075 
408200 
408275 
409025 
409175 
409275 
409325 
409375 
409525 
409575 
409675 
409725 
409775 
409850 
409925 
410050 
410150 
410225 
410275 
410350 
410400 
410500 
410550 
410750 
410975 
411025 
411100 
411625 
411725 
411775 
411900 
412025 
412075 
412150 
412225 
412300 
412350 
412400 
412475 
412525 
412750 
412800 
412900 
412950 
413000 
413050 
413100 
413300 
413375 
413425 
413500 
413550 
413600 
413650 
413750 
413800 
413850 
414075 
414125 
414300 
414350 
414425 
414475 
414550 
414600 
414650 
414725 
414850 
414925 
415075 
415225 
415725 
415825 
415875 
416000 
416100 
416150 
416200 
416250 
416325 
416375 
416500 
416550 
416650 
416700 
417325 
417400 
417450 
417525 
417600 
417650 
417700 
417750 
417800 
417925 
417975 
418075 
418150 
419250 
419300 
419350 
419475 
419550 
419625 
419675 
419750 
419800 
419875 
419925 
420025 
420075 
420125 
420175 
420325 
420425 
420475 
420600 
420700 
420750 
420850 
420900 
420950 
421000 
421050 
421200 
421275 
421375 
421450 
421500 
421625 
421700 
421750 
421875 
422025 
422100 
422350 
422400 
422450 
422500 
422550 
422625 
422775 
422825 
422900 
422950 
423100 
423200 
423300 
423425 
423500 
423550 
423650 
423775 
423825 
423875 
423950 
424100 
424150 
424250 
424300 
424400 
424475 
424525 
424575 
424650 
424700 
425000 
425075 
425125 
425300 
425350 
425450 
425500 
425575 
425650 
425700 
425775 
425925 
426100 
426175 
426225 
426300 
426425 
426475 
426625 
426700 
426775 
426825 
426875 
427000 
427075 
427125 
427300 
427350 
427450 
427725 
427775 
427900 
427975 
428025 
428100 
428175 
428225 
428275 
430100 
430150 
430250 
430350 
430400 
430500 
430550 
430650 
430750 
430825 
430900 
431000 
431075 
431125 
431250 
431300 
431350 
431425 
431475 
431550 
432050 
432100 
432175 
432250 
432350 
432425 
432525 
432575 
432650 
432725 
432775 
432850 
432900 
432975 
433025 
433075 
433125 
433175 
433250 
433375 
433425 
433525 
433575 
433700 
433825 
433900 
434200 
434300 
434350 
434500 
434550 
434650 
434725 
434800 
434900 
434950 
435000 
435075 
435200 
435250 
435300 
435350 
435600 
435675 
435825 
435975 
436025 
436075 
436150 
436250 
436375 
436500 
436575 
436675 
436750 
436825 
436875 
436950 
437000 
437050 
437100 
437150 
437200 
437300 
437350 
437425 
437550 
437600 
437650 
437700 
437750 
437875 
438000 
438050 
438150 
438200 
438250 
438300 
438500 
438675 
438800 
438850 
439000 
439050 
439150 
439250 
439350 
439450 
439550 
439625 
439725 
439875 
439950 
440000 
440050 
440125 
440275 
440325 
440525 
440600 
440800 
440875 
441050 
441750 
441875 
441925 
442000 
442050 
442100 
442150 
442275 
442325 
442375 
442425 
442525 
442575 
442625 
442700 
442775 
443000 
443125 
443300 
443350 
443425 
443525 
443575 
443650 
443700 
443800 
443850 
443925 
444025 
444075 
444125 
444175 
444250 
444350 
444400 
444475 
444675 
444750 
444825 
444875 
445075 
445200 
445275 
445325 
445400 
445450 
445525 
445650 
445725 
446175 
446225 
446275 
446375 
446450 
446500 
446600 
446650 
446775 
446825 
446875 
446925 
446975 
447075 
447125 
447200 
447250 
447325 
447475 
447550 
447650 
447725 
447850 
447925 
448025 
448075 
448200 
448250 
448300 
448350 
448425 
448475 
448525 
448600 
448675 
448725 
448775 
448850 
448925 
449050 
449150 
451275 
451450 
451500 
451625 
451675 
451775 
451825 
451900 
451950 
452025 
452125 
452225 
452275 
452325 
452400 
452450 
452650 
452775 
452825 
452900 
453050 
453125 
453175 
453300 
453350 
453425 
453475 
453625 
453800 
453975 
454075 
454150 
454200 
454250 
454300 
454400 
454500 
454575 
454650 
454725 
454775 
454825 
454925 
455150 
455225 
455275 
455325 
455600 
455700 
455900 
455950 
456000 
456050 
457600 
457675 
457725 
457850 
457975 
458100 
458175 
458225 
458325 
458425 
458550 
458600 
458650 
459200 
459250 
459300 
459350 
459425 
459675 
459750 
459850 
460000 
460050 
460100 
460175 
460275 
460400 
460475 
460550 
460600 
460775 
460825 
460975 
461025 
461075 
461175 
461300 
461425 
461500 
461550 
461625 
461800 
461875 
461950 
462050 
462125 
462175 
462350 
462450 
462975 
463125 
463175 
463250 
463325 
463550 
463600 
463675 
463725 
463775 
463825 
463875 
464150 
464250 
464300 
464350 
464400 
464450 
464500 
464650 
464700 
464750 
464925 
465025 
465075 
465150 
465200 
465250 
465525 
465750 
465825 
466000 
466100 
466275 
467250 
467300 
467425 
467475 
467600 
467700 
468700 
468750 
468800 
468900 
469300 
469375 
469475 
469525 
469600 
469775 
469875 
470450 
470525 
470750 
470825 
470950 
471100 
471150 
471200 
471325 
471400 
471525 
471575 
471625 
471700 
471775 
471825 
471875 
471925 
472125 
472500 
472575 
472650 
472925 
472975 
473025 
473075 
473325 
473375 
473425 
473475 
473725 
473775 
473950 
474150 
474200 
474675 
474725 
474800 
474975 
475050 
475150 
475275 
475325 
475400 
475475 
475600 
475675 
475775 
475925 
475975 
476025 
476100 
476150 
476225 
476275 
476325 
476425 
476500 
476550 
476625 
476675 
476775 
476825 
477025 
477100 
477175 
477300 
477575 
477700 
477750 
477825 
477875 
478000 
478050 
478125 
478175 
478250 
478300 
478375 
478425 
478475 
478650 
478700 
478750 
478825 
478875 
479075 
479125 
479250 
479300 
479450 
479500 
479550 
479625 
479675 
479750 
479800 
479900 
479950 
480000 
480050 
480100 
480150 
480200 
480300 
480350 
480450 
480500 
480550 
481350 
481400 
481500 
481575 
481700 
481775 
481875 
481925 
482050 
482125 
482175 
482225 
482275 
483100 
483150 
483200 
483250 
483300 
483350 
483725 
483800 
483975 
484025 
484150 
484250 
484350 
484400 
484450 
484525 
484575 
484800 
484900 
484975 
485025 
485075 
485125 
485175 
485250 
485300 
485375 
485500 
485575 
485625 
485700 
485800 
485925 
485975 
486075 
486200 
486300 
486350 
486425 
486550 
486625 
486700 
486750 
486900 
486975 
487025 
487075 
487275 
487350 
487450 
487525 
487575 
487650 
487700 
487800 
487850 
487900 
487950 
488000 
488050 
488125 
488300 
488350 
488450 
488500 
488575 
488675 
488825 
488900 
488950 
489150 
489975 
490025 
490075 
490125 
490225 
490375 
490500 
490550 
490625 
490900 
491125 
491275 
491325 
491375 
491500 
491550 
491625 
491700 
491750 
491850 
492025 
492100 
492250 
492475 
492525 
492600 
492700 
492850 
493025 
493225 
493275 
493425 
493500 
493550 
493625 
493675 
493750 
493975 
494050 
494125 
494175 
494225 
494275 
494350 
494400 
494500 
494575 
494875 
494975 
495025 
495125 
495175 
495225 
495275 
495375 
495425 
495475 
495525 
495625 
495675 
495725 
495950 
496050 
496100 
497075 
497125 
497175 
497350 
497425 
497475 
497575 
498050 
498100 
498175 
498225 
498275 
498325 
498375 
498450 
498500 
498550 
498650 
499525 
499625 
499750 
499850 
499900 
499975 
500200 
500250 
500325 
scores: [0.0, 0.0, 0.0, 0.0, 0.0, 0.0, 0.0, 0.0, 0.0, 0.0, 0.0, 0.0, 0.0, 0.0, 0.0, 0.0, 0.0, 0.0, 0.0, 0.0, 0.0, 0.0, 0.0, 0.0, 0.0, 0.0, 0.0, 0.0, 0.0, 0.0, 0.0, 0.0, 0.0, 0.0, 0.0, 0.0, 0.0, 0.0, 0.0, 0.0, 0.0, 0.0, 0.0, 0.0, 0.0, 0.0, 0.0, 0.0, 0.0, 0.0, 0.0, 0.0, 0.0, 10.35487163494443, 10.223456065184294, 5.906404773589102, 3.6381460142394246, 8.228760311860995, 4.041999255810737, 0.03479854761911838, 1.7561880470155131, 17.03713120090046, 0.5491677738433793, 12.313800538855105, 0.27272927253024193, 5.768172424608025, 8.179530686643886, 6.764752128859158, 3.573725947731589, 6.253174662151764, 6.7409008536497765, 0.4032129562859268, 2.044421252830233, 6.120404126670792, 5.566814499240422, 10.834108519564452, 6.426248146633043, 1.7049121821401059, 1.9936316181141933, 4.835623512028235, 6.469630381173857, 8.89846632480669, 13.334129488686926, 10.976182421182102, 2.600727062019189, 11.06076729765158, 1.7835714445692759, 3.0420265367666275, 0.03465322940655824, 4.228918420670169, 1.0677692779748327, 8.029113023876846, 3.326937696219801, 9.07945371891276, 4.92075117085119, 6.58000184597492, 16.4064574717477, 1.8618791890665136, 1.194095267992651, 40.29610880766117, 33.49744554941802, 44.6508746982249, 32.96831536046872, 12.741038546076595, 14.591114034930058, 0.3292207248790362, 1.9609282752313675, 0.6046809106241824, 7.406603114317505, 15.326473694268941, 1.5103360489277975, 5.881030456713091, 6.325451828563757, 12.25798332565374, 12.547057087217638, 6.318031960956304, 11.455127620705099, 6.10729784309224, 1.821853240196475, 7.679430011216283, 2.6102329610227386, 1.5210498449447911, 4.729670769442976, 7.62710856353371, 1.2148800229759047, 4.346283664922652, 4.3330347461642305, 2.0423482689278245, 0.2810035909123769, 4.102682616100083, 6.748385809858519, 0.18110358506623925, 5.117799490062225, 10.784174256101664, 5.280515980895501, 6.27853316735991, 4.134909312036086, 5.735130718117034, 2.690948079538856, 1.1493796361631468, 1.2273133473690052, 1.5849778462749669, 2.178449732927163, 4.476285605188679, 1.357413920949739, 14.753160664542776, 6.405902902885487, 2.59367837188168, 0.35818523453809803, 10.905241677398578, 1.0277191637748615, 11.417024729012397, 3.5064455402735746, 0.8970845220711965, 5.159694740532672, 3.262972375372158, 0.07686417205098905, 11.85796040684582, 3.2758444286426425, 17.397027637679315, 10.923071457696267, 0.7833365201872056, 22.310991793254686, 16.490151829250692, 9.878769878386962, 16.80364008413642, 2.603055563558769, 1.692728495898507, 2.0417648862795232, 6.091387258595958, 1.8035722635072204, 1.3083709017408438, 0.45773363026193437, 0.5675010024555718, 2.0479672513021256, 0.4647252134135158, 0.8602792888226531, 1.8304512544959266, 2.7273319154464843, 0.8050021990443952, 8.867770460939681, 3.45168045187431, 7.419778916022025, 7.585730099878816, 0.46488054644558474, 3.923706578601866, 0.34830540135328647, 23.051687795992365, 22.341497481222007, 0.8651448419367966, 7.147929360581713, 0.6955639206974524, 3.6979809402178887, 1.8815822362354027, 2.617348872987833, 0.06713664887459458, 5.36823367676277, 7.819212838305191, 1.5669942631760136, 19.996808823606614, 8.616444260328194, 12.169138969368134, 4.9001729364076425, 2.399108855281156, 1.9695882692655573, 2.0226914611210702, 5.899535847946709, 3.5358804269389736, 4.649568927526303, 4.2493611828829785, 2.0577814405114907, 16.197046961650415, 10.30823930486224, 1.9078581268244648, 0.46631284736292855, 3.6493083247134734, 3.0088600047314458, 3.5559986084934394, 4.336257939156212, 2.525714639491582, 10.942593200293459, 7.4274184353500345, 18.016185527237496, 4.919400284679767, 9.472766051842513, 0.007269786585766269, 45.499727592403715, 28.193469694591613, 9.905665850678957, 9.77237724049553, 3.5477973712816606, 2.587782219783719, 1.6039592680796204, 2.7101921280302292, 0.9902604660952647, 0.7009386996026592, 2.294996208033524, 0.42813929135627404, 1.4014480898695183, 0.6051023987792803, 2.4487882105866277, 1.0702690037089155, 8.40881736626082, 3.903235319155641, 11.528798120288855, 0.6229897624829732, 6.432394559495151, 0.09740930072001674, 4.171329925833277, 17.213991391495426, 1.0910304894014757, 4.724649227636917, 0.21212551420558157, 2.362222769777105, 2.861964559639688, 22.218838485104556, 10.53551537272466, 2.642273993086084, 0.0, 0.0, 0.0, 0.0, 0.0, 0.0, 0.0, 0.0, 10.478050172385583, 10.146444656231054, 5.686526754700907, 3.0027903780888607, 9.297824070699619, 21.954742275546266, 3.7680242509203765, 8.074631020916542, 15.906764853512442, 0.7827010515312622, 12.37120595561862, 11.282630113456449, 10.532458093182711, 0.0, 0.0, 0.0, 0.0, 0.0, 0.0, 0.0, 0.0, 0.0, 0.0, 0.0, 0.0, 0.0, 0.0, 0.0, 0.0, 0.0, 0.0, 0.0, 0.0, 0.0, 0.0, 0.0, 0.0, 0.0, 0.0, 0.0, 0.0, 0.0, 0.0, 0.0, 0.0, 0.0, 0.0, 6.043658702328969, 12.244436934839257, 6.4982102884115704, 14.151101659960744, 10.690665662428842, 8.149371798817427, 5.805942733699041, 5.982412303437798, 4.167554616332325, 2.350276284029519, 2.5891627499280503, 2.2825004032802667, 3.3969953770902634, 0.03280133540755514, 13.775412638104925, 9.177726060351006, 3.4550176049041568, 2.3197107749078896, 6.9646006653639745, 2.304478406939353, 6.682866759758127, 0.908304579056562, 0.2597755038061109, 2.700683996216867, 2.0588973562504407, 0.7244321368838769, 0.6770797828312709, 2.8899136551418394, 2.4782054260506357, 2.048983235192054, 18.65504532138891, 2.1194167925458487, 17.453602274294184, 1.3726532980714978, 5.980972930219593, 5.8725366212538574, 2.205096614213005, 4.5859066592929025, 5.793144841890552, 2.7184535655761977, 1.4844363454615035, 2.209445607005563, 10.402527723951067, 10.521463495081044, 0.0, 0.0, 0.0, 0.0, 0.0, 0.0, 0.0, 0.0, 0.0, 0.0, 0.0, 0.0, 0.0, 0.0, 10.508423493727292, 10.735019993794609, 0.0011804439787255205, 0.2560429997917879, 1.8150104416027943, 0.9230929734137021, 14.682494446859522, 6.088886408564065, 0.20212703245249486, 2.183571692477699, 1.2868631630526295, 4.426553576970662, 0.740017771018131, 7.189488248281435, 0.9796837405695271, 3.473410766577615, 2.0150523881184768, 1.1826192082421016, 1.2787112456977354, 16.63528996430182, 17.624987165464375, 1.4380589768987164, 3.855715555479833, 20.98762600381042, 9.045124304313333, 0.47890048232375193, 4.932195054571821, 7.210851457095714, 1.5671302126226863, 7.587219606066185, 4.151315195148669, 1.1718324726497542, 1.1133475066392293, 0.8221403568684593, 4.054996992178403, 8.891075877585152, 13.689634101309878, 4.4333674375464796, 9.414369912999234, 1.0449183672081404, 1.1614390623314534, 0.21251100618570717, 4.59661192966405, 5.0491614666114515, 7.630401530824287, 4.025915551303598, 0.7432373134980139, 6.705164660066885, 5.942045997476711, 0.4554224097154247, 5.327333685999008, 0.7820960151382792, 2.4893077087997995, 4.853030742983378, 0.468643329296242, 12.516969220910255, 9.811322949153947, 9.174669808224962, 20.36957934985648, 0.9365247993776791, 4.498544663716274, 1.2737620282991315, 4.170978632646637, 1.2617093390931586, 3.5620933919744004, 1.835883111785222, 2.2376460579823174, 0.1608806805173515, 0.07125532490667297, 1.3817473967109208, 7.107524719669016, 0.5213468307600237, 13.356178639518959, 3.146061331156659, 5.665421065898073, 5.535314223012222, 3.5539617944972406, 2.8823512011323658, 0.7961805580879684, 0.24284993837986235, 0.84658927188039, 0.2616200895051577, 1.5282831584698329, 5.030569888150495, 2.1229256699898826, 1.993277868234486, 7.580387775689772, 4.450507296890962, 1.107306057654938, 9.257404038078576, 11.025511374100716, 0.46368292771947495, 4.755267423214548, 0.7371288067075028, 0.6070066271638694, 0.18718972398843903, 0.5909180151750206, 0.9799812444451845, 0.2700611914596749, 2.842170943040401e-14, 1.9699473998061308, 4.179796849592037, 13.44139124590555, 10.468068278183907, 0.0, 0.0, 0.0, 0.0, 0.0, 0.0, 1.2935693143156435, 11.035908898586555, 18.182383720146504, 9.902500611681035, 6.638613490959074, 1.1068172618581968, 4.968100911544468, 7.404080113075139, 14.685503279638567, 23.873835932856224, 0.509813343734578, 2.450035486941374, 12.509049123911268, 22.04337738263331, 0.6920949789854376, 10.177034210164834, 1.6186621089455002, 13.733438427403627, 2.6731979025768453, 3.688264264547371, 0.5587052455961157, 1.2674637749809392, 3.9924088710199896, 0.1351398496520062, 12.834644994789357, 4.384382931082982, 1.0772441640718284, 0.13759047502125554, 0.5316888997214875, 0.1158821469213791, 4.140776994415269, 5.674384949981402, 3.370801090069122, 11.851329801883878, 3.3882527880421662, 4.856248393114399, 0.38088129466270004, 1.8507965935343123, 4.077080040625702, 3.878116189154227, 1.7599007560948081, 2.643540540447546, 2.7460099860597893, 2.944585109629841, 0.060132066679898344, 0.6273572789404227, 0.6046579529978118, 0.37765124638090697, 3.4023293829171735, 0.050007234052273475, 1.3743991396135868, 0.04160286151244463, 36.51068407592203, 25.5479170199782, 32.77572762325249, 21.87054934236977, 17.47334136064444, 22.07537187390497, 0.6895843226449756, 25.611335968989465, 11.063102426973614, 19.218662592112253, 0.8292705755266354, 3.880581749564641, 2.649128436333143, 5.681650949036538, 2.8112417168116792, 7.040126559075219, 3.167875186216179, 21.935833193897565, 12.278149903571858, 10.652032510574614, 4.186349814719964, 0.0, 0.0, 0.0, 0.0, 0.0, 0.0, 0.0, 0.0, 0.0, 0.0, 0.0, 0.0, 0.0, 0.0, 10.322939840282132, 11.115410193981859, 3.6721748506325866, 0.35346900451006036, 4.718841055689381, 0.5096743355236697, 15.832350909455329, 18.207261735407258, 12.572333412751846, 17.755358372592724, 3.7760652212849664, 0.8002535177745926, 2.474215731122939, 2.0127796148789514, 3.2991239958399206, 1.8591427922419825, 4.122996810757712, 7.866288401004567, 2.146994603596653, 2.8814374242430745, 1.2410900549774624, 0.42305121438491256, 2.090376527231925, 0.08463482720077309, 2.25756678271793, 4.045649893651131, 0.7423504077749925, 3.2648266385946414, 0.8185868305722437, 1.2093470338011514, 0.2743301537400953, 0.14427035509922348, 4.57879015810984, 0.4814310335458316, 5.111090134629109, 2.1711452760406758, 1.5373715146138807, 1.5738472372081844, 2.923660718945797, 2.2430844472498563, 0.41042307615516904, 9.450664109872832, 5.763456407927379, 0.626735964365821, 0.18540331533412768, 0.9095159843545559, 0.016914166693169363, 3.2613744682933827, 2.0309546816492627, 8.860326308665066, 4.516805326675751, 5.276775325232876, 4.011602344992923, 0.8487757052718194, 5.710258084201456, 2.004061416297276, 1.0926418693016586, 7.125799309097928, 21.033389256691223, 7.907297208540797, 17.043729736264453, 17.423009080027214, 0.10347563063385223, 6.487676291243247, 2.765494154092721, 13.318455252722373, 10.909018394184216, 1.4692270898737547, 1.0823770208257883, 1.6408833436519217, 6.760810875524214, 15.417322695505618, 22.71078373981402, 11.972530271305317, 12.71816907860159, 10.514135274515525, 5.488016572883453, 8.709406986406236, 0.4926169322313285, 3.27201388168578, 4.044087102133858, 2.3825308110772596, 6.170340689831974, 8.190992597324197, 6.303036870808825, 3.6121932887445496, 0.8587251007499219, 0.13968819438636615, 2.174114823639542, 0.4243425840097643, 8.000371319666527, 2.174205459227977, 3.8513553731040986, 0.7498746278033366, 3.835132481995146, 11.282630113456449, 10.520522144822564, 0.0, 0.0, 0.0, 0.0, 0.0, 0.0, 0.0, 0.0, 0.0, 0.0, 0.0, 0.0, 0.0, 0.0, 0.0, 1.2935693143156435, 8.496989837149393, 5.893051435159322, 6.481088118254718, 6.04813526295068, 8.018624087841161, 11.995061217691386, 0.0, 2.8115001495148135, 1.3869004050933071, 1.5064280283464626, 3.692932470328074, 2.512729642936762, 1.4210854715202004e-14, 0.03306674484279881, 3.773240618380626, 1.4907052471292843, 4.3154540956051335, 0.44553946688283474, 14.55181868889079, 8.843344458083038, 1.0107354072059564, 0.5974042869919742, 2.9647465127140435, 1.3540713041517165, 1.3702804859321418, 0.1271406254815588, 0.6288179096284239, 2.55768625617128, 4.304916536933234, 3.387342572971747, 0.07105637726952807, 10.487586492226704, 10.414215155266955, 0.0, 0.0, 0.0, 0.0, 0.0, 0.0, 0.0, 0.0, 0.0, 0.0, 0.0, 0.0, 0.0, 0.0, 0.0, 9.98582291937771, 10.745122761406563, 20.805906143155, 16.467014690268343, 21.74632138328039, 4.828412695847604, 7.9945538539221275, 4.078071306606432, 8.952698082881398, 12.295323494630907, 0.859346126864807, 1.5593599216933427, 0.5520461891128434, 3.6708387873804043, 0.472746870820032, 1.1752106923182168, 2.9487980367485704, 2.7551237863379185, 0.5473721601342447, 19.148709773122278, 7.2264683774264995, 12.684437010606672, 0.9673789401493593, 2.910317212909689, 11.331403868522216, 22.71403372856213, 2.2399500487324815, 40.83570454444828, 10.579288577653983, 15.654561163234519, 18.118687873392446, 0.016556739355564787, 4.4685277819135365, 0.8936712873071713, 1.0946181483121222, 13.08680651149291, 27.866525332532262, 3.494241172229721, 9.11442790613711, 18.226958923467038, 8.222097813438154, 0.8033517608562022, 3.0350446191456797, 10.613318206189462, 4.558115500337152, 16.38570542280391, 3.084628549938941, 6.309359146269173, 3.2077136169596088, 6.998579803777858, 2.869200453811885, 7.070607674963313, 0.7486685615594411, 12.362266202978617, 3.8571003791572593, 10.101082431866587, 8.480812063872207, 16.056976528402842, 0.22035752595917302, 6.258506541793793, 2.2078478563508668, 5.732615615482956, 0.4251672843190022, 23.27550727889178, 7.554531118908159, 5.169971843375791, 2.8120472717967573, 0.4245751817401242, 3.429384366866941, 8.614584534355288, 14.678570804336943, 22.036984505249734, 5.115442754261437, 5.923931156466793, 2.3292587512414613, 0.6495196919585524, 1.9464750178353256, 0.8266721494681235, 0.3374694340422195, 1.4617564548330932, 0.7259441307485872, 1.6160971523651568, 0.7259441307486156, 0.25627859123100905, 1.4282419481050752, 2.819651777653455, 0.877367716560709, 1.29356931431564, 1.4009466503443875, 9.336402894479768, 6.169679261650288, 0.29731661937637455, 0.44559886477161825, 4.687125447786123, 1.6577215884478704, 1.5637464320694363, 3.457569141719162, 22.200187621347737, 25.57933854714217, 13.806684131453807, 16.574270525728934, 0.5472807902417571, 1.4789036245293232, 10.90014147855797, 18.326801181433325, 2.3922320430063735, 25.82116682535272, 4.635345448953046, 6.561221002952806, 4.75510609541314, 3.3613354029742197, 1.6124265599259218, 9.384435113912332, 2.25589574959389, 11.534922542632444, 0.8966659097621204, 10.482549469274687, 10.370752740298162, 0.0, 0.0, 0.0, 0.0, 0.0, 0.0, 0.0, 0.0, 0.0, 0.0, 0.0, 0.0, 0.0, 0.0, 0.0, 0.0, 0.0, 0.0, 0.0, 0.0, 0.0, 0.0, 0.0, 0.0, 0.0, 0.0, 0.0, 10.322688370136504, 10.323274962889062, 0.05200847585318513, 0.9086101132046167, 0.7727963955761936, 0.35494963860558926, 0.1687447625856464, 3.777139235396845, 2.1529930228348064, 0.6261198709662636, 0.4321167643992112, 4.195452674677128, 2.588532426387019, 5.821066656796752, 0.13675626544127795, 0.05948742967637344, 3.124634472265825, 0.004543301250905074, 7.388386221933558, 4.306605553420127, 0.059751378276232, 1.7630325387752634, 0.36671792395713965, 2.872482532430297, 1.4244610940217797, 1.3903492394987893, 4.060501756212574, 0.9441429819622442, 0.589590826637874, 2.060590436005832, 1.3035920204570886, 5.951905160692476, 0.3108999350149446, 3.026913093998047, 0.41043891570049595, 0.585097822184153, 9.613093347073551, 0.37454390470679755, 10.146444656231054, 1.4328611484617824, 0.00707373478063289, 2.4489170677389467, 0.28840597162810866, 10.958944888038985, 4.209916678701688, 0.39742972679265165, 1.0482876304465663, 3.3739727961787054, 0.8736815574351198, 0.009323073055242048, 0.45480493327451654, 0.3287442980692674, 4.9118108698855565, 2.2620475302908574, 1.071125742105579, 7.4764635729313085, 2.391977529571875, 6.791617905729325, 13.379144400246389, 2.7555032664499777, 8.649269075499376, 1.9109758332863294, 2.586381576490652, 3.0447250353370805, 0.004289960126030223, 3.9286457177243364, 2.18234264914517, 2.1488332599944613, 0.9248162583407407, 1.8921596063079846, 5.076201546631012, 9.223606713167342, 1.4885982109139917, 12.264552150031562, 14.003601240892436, 2.659835368160657, 6.46443017511524, 12.06126922211007, 2.6241115349324104, 1.5430625859599587, 0.26070033576111484, 1.5430625859598877, 1.2999817667418654, 2.1035705248870045, 2.2791830398892614, 2.103902321329983, 2.224061699446665, 2.97245311284496, 8.205770864008059, 25.271602667599467, 3.2361583198550363, 7.118126543867021, 0.03411807169604231, 1.3460229730712427, 0.30914065147990755, 0.6765297851168697, 0.1058595006798555, 4.853030742983464, 1.6836294585939697, 4.253691940646604, 6.307653980490414, 5.5978062127676935, 9.144166091255528, 8.2019618063716, 7.747587228552192, 9.455690804655546, 29.61023376569537, 7.842497183536636, 1.4100897695509218, 1.1307346716118474, 3.0026166856997634, 0.04767271189547273, 0.9328911308896295, 10.554997765829057, 1.1739586460998908, 6.382058165259394, 3.448524610017671, 1.84292901561723, 0.03465015791819326, 7.044825094812751, 9.157214042446313, 0.023330197034709954, 9.96724782947976, 3.946841782056481, 9.92366934658483, 4.174925380530908, 0.9340257447495475, 3.062742587844042, 8.866960420421123, 2.600225192656012, 5.92970557094003, 4.527606363370239, 2.325604480448945, 6.321309240390633, 11.71761347945366, 5.449560929793051, 17.938915490852906, 2.599328508834134, 2.258105185802151, 7.153137632483066, 10.486133339543755, 0.004503750626938086, 10.401158087353053, 4.710290854223828, 0.2804800574204478, 1.687395547260536, 4.591827828660598, 9.276622644676493, 3.6932944238691334, 2.3112009194411627, 4.67686240441499, 20.588796991079732, 10.106384807950349, 4.625211166152326, 8.805965715800141, 0.8527893972698024, 0.6467898640589027, 3.9518802104705344, 0.9073187171454151, 1.946475017835354, 2.003265428371435, 2.1415519693836558, 1.5738332825649906, 0.1660133961474628, 4.404588619786182, 4.120581471432033, 4.995282857146236, 3.803069178061378, 5.990238681904955, 0.5194338560505969, 3.0855889026773724, 8.092113230976025, 5.113709340696129, 0.0, 0.0, 0.0, 0.0, 0.0, 0.0, 0.0, 0.0, 0.0, 0.0, 0.0, 0.0, 0.0, 0.0, 0.0, 0.0, 0.0, 0.0, 0.0, 1.2935693143156595, 1.2935693143156435, 11.897180258426488, 14.378569377218753, 2.746090817606728, 5.719292001266609, 1.0965205965399605, 0.29249139619459186, 0.02848008477816677, 4.055937387046896, 2.699146919242395, 6.116989555925244, 4.614563400526407, 7.092717382910706, 1.0539544546846855, 2.799400766431205, 1.423274975723615, 11.24242268477505, 6.338310172753836, 5.985143663901425, 6.624950176226832, 6.8022739182250405, 4.170003252146898, 26.145249679190528, 26.305884100081983, 2.356452336195389, 3.6346363411409754, 2.805030355214285, 17.521135633106525, 10.512988751706871, 10.53584087487145, 0.0, 0.0, 0.0, 0.0, 0.0, 0.0, 0.0, 0.0, 0.0, 0.0, 0.0, 0.0, 0.0, 0.0, 0.0, 0.0, 0.0, 0.0, 0.0, 0.0, 0.0, 0.0, 0.0, 0.0, 0.0, 0.0, 0.0, 0.0, 0.0, 0.0, 0.0, 0.0, 0.0, 0.0, 0.0, 0.0, 0.0, 0.0, 0.0, 0.0, 0.0, 0.0, 0.0, 0.0, 0.0, 0.0, 0.0, 0.0, 0.0, 0.0, 0.0, 0.0, 4.301289815549907, 13.368215610282476, 5.225999180377144, 4.5925954543658065, 10.641810192400484, 0.8433572463430181, 8.674416480722144, 0.9073187171453867, 1.5295921168952447, 1.7244204161026317, 0.8665592975728771, 4.184271756741538, 2.4306160277804807, 2.642273993086082, 2.642273993086084, 0.0, 2.56713897855483, 7.112147366267877, 3.1778318342309717, 1.2546281695335892, 3.196220384652335, 0.17032400644234258, 0.29980257891062223, 6.0480486926768435, 4.186349814719964, 0.0, 0.0, 0.0, 0.0, 0.0, 0.0, 0.0, 0.0, 0.0, 0.0, 0.0, 0.0, 0.0, 0.0, 0.0, 0.0, 0.0, 0.0, 0.0, 10.5167094103386, 14.976352323470906, 5.915982692300133, 4.067756547897744, 5.915982692300247, 1.689199209829411, 6.101297667887351, 0.568452339691305, 6.038461674393091, 3.8308146771933593, 10.446369599978738, 4.186349814719964, 0.0, 0.0, 0.0, 0.0, 0.0, 0.0, 0.0, 0.0, 0.0, 0.0, 0.0, 0.0, 0.0, 0.0, 0.0, 0.0, 0.0, 0.0, 0.0, 0.0, 0.0, 0.0, 0.0, 0.0, 0.0, 0.0, 0.0, 0.0, 0.0, 0.0, 0.0, 0.0, 0.0, 4.186349814719968, 10.000380825696094, 4.253034732890583, 6.743192174113119, 3.983956227092648, 0.28488106811772695, 0.8024931940148292, 5.238754372373677, 1.0929457896381223, 4.451206132775837, 2.8765463244695013, 2.059421664560091, 4.086332449452925, 1.001779585986867, 6.0034029705761895, 4.334154576392791, 0.6567241671688748, 0.3343513020443112, 0.8805484817302158, 5.695255260382339, 3.694477081794247, 0.801746164354995, 14.00923000385717, 4.095081184651448, 3.2877171353142742, 6.549999465027042, 7.364629340069115, 1.6240702014333408, 1.6406766908595785, 15.36379412552202, 16.346659183727468, 0.014729601149326754, 1.4237521689811103, 1.403617213944898, 3.2999183263300154, 15.529140669465221, 2.6744588948447756, 9.33640289447979, 10.025684688295303, 0.0, 0.0, 0.0, 0.0, 0.0, 0.0, 0.0, 0.0, 0.0, 0.0, 0.0, 0.0, 0.0, 0.0, 0.0, 0.0, 0.0, 0.0, 0.0, 0.0, 0.0, 0.0, 0.0, 0.0, 0.0, 0.0, 0.0, 0.0, 0.0, 0.0, 0.0, 0.0, 0.0, 0.0, 0.0, 0.0, 0.0, 0.0, 0.0, 0.0, 0.0, 0.0, 0.0, 0.0, 0.0, 0.0, 0.0, 0.0, 0.0, 0.0, 0.0, 0.0, 0.0, 0.0, 0.0, 0.0, 0.0, 0.0, 0.0, 0.0, 0.0, 0.0, 0.0, 0.0, 0.0, 0.0, 9.735489230479256, 9.735489230479274, 0.38461797900302486, 1.0454580215688338, 9.282904041705564, 5.43483830393501, 13.466485344761097, 2.1248810529034614, 10.512214557251056, 6.373339219443864, 5.112943487912474, 3.9384140863668904, 4.144723700729287, 0.07952439977890435, 3.4974247585121248, 0.14985052348288264, 0.7905341612087113, 0.3834452028009423, 3.1264540123199254, 8.038375174582143, 0.4637369574593322, 8.038375174582171, 5.802043672445393, 7.751357095894093, 1.822183261847215, 10.107129725174417, 2.0274925398291543, 6.822725697538118, 8.137683336285193, 9.845936476100064, 1.7273964973475415, 15.409555993129516, 3.5733015027952604, 1.530809057324447, 1.9246526704348383, 0.6747874684212434, 3.0136730441165582, 1.9254908089452556, 6.374482978132562, 4.260112568273627, 0.1059995713669224, 4.071656594394483, 13.637460997433521, 1.7565542268418426, 0.28313343123190293, 3.0240307179829813, 2.305040460735853, 0.009439742901861337, 0.8579205881350447, 1.5787541723817071, 0.6686935694195881, 10.954352640673449, 9.434738055044505, 19.796052966042083, 1.166177127260994, 7.953360089538506, 0.6743619913145551, 2.96490742536686, 12.255000882551826, 16.27506156989091, 0.2753193725666847, 5.682543097778023, 0.8010529887262692, 2.7968746226882786, 3.8054871631995013, 5.797414420899287, 2.69788734142476, 1.6384074557894053, 2.5465396703121996, 1.6769046973907962, 5.3738996105141155, 7.826240435377343, 0.08508863507597653, 12.088442940281169, 15.477101256652134, 16.880275650414006, 0.12608462242514662, 0.3051898479311461, 1.0556864810903193, 2.954641386842056, 6.792980486320516, 0.9650754026765895, 8.004470663896072, 1.623086853697572, 1.5978251369560326, 0.14846128204401055, 1.4036069603241401, 0.4278320743649857, 5.038472689298885, 0.06493453825510187, 1.0610973368237353, 2.0271758937829247, 1.9619986730709158, 2.479717387969501, 5.095247908410045, 3.2957542611211466, 0.8359921195670097, 0.3618998227756549, 2.76024301141517, 1.186857096016027, 1.506132185902345, 1.4242501333891369, 0.11223138950757061, 0.6269072430387581, 9.613093347073573, 7.312221693320822, 0.0, 0.0, 0.0, 0.0, 0.0, 0.0, 0.0, 0.0, 0.0, 0.0, 0.0, 0.0, 0.0, 0.0, 0.0, 0.0, 0.0, 0.0, 0.0, 0.0, 0.0, 0.0, 0.0, 0.0, 0.0, 10.02568468829529, 10.402527723951053, 0.24494715249952037, 0.12539350357117485, 1.8206409861383008, 0.09343352489958079, 11.258531736931218, 4.681086064174465, 15.728634984553338, 15.404409372577334, 15.010441276034356, 19.900539806376372, 0.10619755794809294, 4.106196257201333, 0.6565416344064374, 0.06502541010928553, 9.17513768150883, 9.130170759239746, 26.910568552694997, 20.057329365304213, 17.128858746899027, 12.572376533972488, 15.575834313938685, 12.917014167778262, 14.735025250601424, 0.027963165317721916, 1.3087615415914655, 7.008580372088019, 8.944549680343101, 2.466147516524842, 7.28259342641104, 2.5571272257664646, 11.220370422834065, 6.637465754374574, 0.051036858823025, 3.2485760185372783, 0.9100074203761608, 1.5913181620177284, 5.278886171720089, 1.394912481190147, 1.8710336411978687, 0.019124307584263533, 2.827861032167391, 2.317193462240965, 0.4555778897955065, 1.382432300986295, 0.14329206634315028, 3.148791171667085, 20.10878549577265, 12.854912642776867, 5.636052757886489, 13.592206914196169, 6.339617674690459, 0.0826211290521428, 6.548194783506574, 4.337804903888525, 0.14928838481847606, 0.14133245039295161, 1.4238520490122255, 3.751982702615578, 15.517968023582995, 2.4009519259365675, 1.8336397868393703, 3.588112725728621, 3.596324957824663, 3.7500599189383905, 14.130251021659944, 3.697748043759077, 2.7113079749988174, 4.952617524714412, 1.0393998100817612, 16.543168094142487, 15.916784221854414, 0.42250084339741534, 19.281448114069107, 7.101517528814696, 4.186919079167097, 1.5504480459701426, 20.523891982519928, 8.625292059289649, 9.777129489831566, 0.25987454291691847, 0.42815266521134276, 4.484768528340709, 1.283615741575744, 5.564815657567323, 2.9077631203400642, 1.563162020630358, 0.554567456067133, 5.828065046758553, 10.790043766585654, 5.296208810755019, 8.549707398534991, 0.14406964051408977, 0.8793127012870485, 10.513264675195238, 7.510863050272121, 3.9722827547507684, 0.0, 0.0, 0.0, 0.0, 0.0, 0.0, 0.0, 0.0, 0.0, 0.0, 0.0, 0.0, 0.0, 0.0, 0.0, 6.906457268853764, 9.152554515336504, 2.77012542413307, 0.09773062211964145, 0.8505692331002592, 0.2293108430783235, 6.50636906764025, 2.0716738857859696, 0.18850358843801018, 6.082821147011998, 13.937908670027014, 0.5069881434139347, 13.722540296585123, 13.394189171540646, 0.24147918610569263, 9.835053669771867, 11.442660773373547, 8.353133754249654, 13.651594045993818, 10.639229587342157, 2.8345762927134786, 1.8240169105931585, 0.4213882783889318, 1.1076606028075275, 4.271619896577505, 0.910440897443209, 6.988426567169739, 4.675646346625143, 0.4270266979444557, 7.088161546807044, 14.651893732295036, 11.216006572265655, 9.884513918794056, 0.13515920998185038, 6.933539777757602, 10.41776394411167, 4.760566738227226, 8.067071209334443, 4.12024343360352, 12.57766206856283, 4.052075305367083, 12.191879175373856, 2.9257582257352226, 14.302048200831052, 4.043856422646172, 0.7619553583632381, 1.4914477262973946, 3.641433501039586, 5.736975107577734, 2.2613264413149636, 3.383203477979407, 3.0530830162134635, 0.8554539027199155, 3.4935447618024114, 3.1742340981643338, 19.521734652286113, 7.4132981151354045, 0.11478175410007907, 0.41410144204928656, 1.4321159726891324, 9.607404195494098, 2.1198377063508076, 10.855271975107314, 9.761755085933146, 3.2787634914715227, 12.627416768160316, 6.7661218495785675, 10.260673451423713, 1.4137931623997986, 15.916722014199735, 0.41234230523491533, 1.017368466979491, 0.32935151007455943, 0.5836535170369643, 0.7820962866591685, 25.321284886645998, 31.61143421742898, 2.749834643204835, 11.550941933686659, 4.4002026853527525, 6.448650762366242, 3.2695185374906828, 1.6221703497155886, 6.3153899578292965, 2.4984445597634704, 6.8132351491091185, 8.707000663332138, 6.263018620086086, 3.0868002925934377, 2.3135939202898896, 7.882449835186748, 7.602889622432372, 0.7053266928747917, 7.210163156952888, 7.198576438168004, 3.7835349768038498, 1.6977906676767986, 7.551306629032325, 3.1642743633000805, 4.52670750308846, 2.0245028839702286, 0.7939787069587112, 1.698729480293622, 0.9445550380640384, 4.09624351847458, 1.783364448595563, 1.3090543619392463, 8.81485598054013, 5.74436464846093, 1.0512328794995938, 0.4239467602446041, 1.8405657945022256, 3.427206124134784, 4.449118422447754, 8.675693763144693, 19.964859537753725, 15.544560037121144, 22.175967903213746, 2.3140919189661417, 0.21231065389639525, 2.5732308807988318, 1.1754130710559991, 1.6593028361328095, 6.062624922612457, 1.3504463728973803, 9.161384442610085, 2.597578787531347, 0.10101733601132423, 22.23790046276841, 12.448117243294064, 9.376128641581289, 11.982590293000044, 7.495330698680846, 0.45439723693513656, 2.4482334902839398, 13.009508483065815, 3.789515170902604, 0.5892911301469326, 4.822489087817047, 8.691217403198493, 1.0370986588965252, 3.4143669955855955, 5.538952320583405, 0.8686732609159264, 0.25193896493235, 4.270519012707226, 2.936770889957245, 0.26524780069030385, 0.7262408809423846, 0.5928171715240182, 1.0015141514166146, 5.46873599435753, 4.106207658011471, 6.023369714878015, 0.08909317374735792, 1.1587918997293798, 4.069835010236346, 13.910733117207016, 4.592555866342494, 9.887278489480792, 7.245965799713986, 3.57696694005287, 4.089302604278686, 4.637553162703625, 8.522622743764202, 8.788857460109512, 17.832317386660236, 4.598951715390228, 3.8717753086422917, 5.823943805073064, 0.38704135754917246, 6.9064572688537496, 3.386375503451198, 1.027796632637319, 1.4352480772656762, 1.508475141736369, 1.428241948105068, 1.7064470107030942, 7.3122216933208115, 0.9949138230703269, 6.048048692676847, 0.9949138230703269, 0.024143297604723557, 2.0605904360058247, 0.37400580735095446, 0.21563293420967966, 0.12234242105438398, 15.340652608297432, 13.703049033655645, 2.9637887338106452, 7.540862856418698, 3.7445729524078217, 3.710002299743337, 10.380889962528158, 4.7131132207577195, 15.101629395384862, 10.4436481275865, 1.4369368033710543, 1.8356921916578983, 1.4236212484303792, 4.5790826199186085, 0.6623635616430761, 0.6026107238222949, 0.82107338283015, 0.0626419050220477, 0.9118640344024982, 0.4738538342055847, 1.2621855474114767, 3.274732118550048, 11.483104683154238, 3.083304990107507, 8.614300759666236, 2.3823802784566226, 0.45703397834759585, 0.7392224952386641, 0.9107858760501415, 1.119245193125039, 3.3062930099276855, 1.2080151670177486, 6.5038836671006095, 6.302860858972508, 18.937397427484, 20.28181559370239, 0.35508180964447433, 0.49943890834438776, 2.6241547753509167, 6.979195663519903, 3.460650791667973, 6.1962450247224865, 5.91485227480797, 4.856627562141199, 3.6405771659261745, 7.461224611198617, 0.012700083253562866, 9.190772554682539, 3.2736401854598824, 1.7674915997447869, 1.5755442401536754, 0.679935811174289, 1.1759921996190883, 3.6696301000606866, 2.137252367809566, 0.1030412863815684, 16.803405213196157, 4.911543996996329, 16.244714321028667, 3.1082921334800204, 12.80800802478744, 5.245834756053895, 0.18037457513904087, 15.391339438661618, 4.789664390041679, 3.797209973026284, 9.090245283489168, 4.790794269164564, 4.301289815549897, 2.642273993086084, 0.0, 0.0, 0.0, 0.0, 0.0, 0.0, 0.0, 0.0, 0.0, 0.0, 0.0, 0.0, 0.0, 0.0, 0.0, 0.0, 0.0, 0.0, 0.0, 0.0, 0.0, 0.0, 0.0, 0.0, 10.535389076562016, 10.507153499472437, 12.857741044457498, 1.299279776437885, 3.5609308739261394, 0.2034507746027998, 6.451332911014418, 4.215862665430336, 2.437432250437581, 0.5733654677623292, 1.4891424357041672, 3.5850521628129286, 2.004175414944882, 0.40405811029116023, 0.8098464124152542, 1.674633238502281, 0.3756644450260467, 9.55339370372883, 10.579675420365362, 0.5981480722124957, 6.12901849933894, 2.3651994017262155, 0.32620184121540774, 10.50816564874404, 10.51079483795462, 0.0, 0.0, 0.0, 0.0, 0.0, 0.0, 0.0, 0.0, 0.0, 0.0, 0.0, 0.0, 0.0, 0.0, 0.0, 0.0, 0.0, 0.0, 0.0, 0.0, 0.0, 0.0, 0.0, 0.0, 0.0, 2.6422739930860786, 11.318559029900413, 10.29322129153752, 6.606626886384589, 1.3546460824364033, 9.715924646112256, 3.4546243088396977, 1.9040364787918804, 5.291814559733439, 1.1247776208530524, 0.4027208142104257, 0.29167711292237186, 2.1375394478285727, 4.790788437492608, 0.4937741642189053, 3.9943786532424497, 12.894987737329984, 1.6271404378025238, 10.338107715833019, 4.585147139574133, 0.07190144206973059, 14.713554123966105, 0.30060432811228566, 8.065898849216438, 0.9038233964477911, 0.876878864349095, 2.1610800191492388, 8.523624518540828, 8.48926219828195, 5.163680342785284, 7.956205600817185, 7.896300757685296, 4.9840099332737395, 9.419391481924492, 5.708386263031116, 1.9920159594405504, 4.259579899642858, 8.958556519963082, 0.029095002470683085, 3.9599956078197636, 0.08905654044500011, 0.2632397971909768, 3.37714826398485, 1.4160061611007109, 6.620161411859925, 3.903754618659491, 1.6535210014121304, 1.0142583106186152, 0.43334622414977275, 13.549755364013578, 1.4195470168706947, 11.335094142316905, 3.9137973432988815, 1.8308910199901334, 1.7609286510369486, 0.8350179954862256, 2.2111498147935436, 12.754362293055948, 10.869972539075405, 1.4352480772656762, 3.7164600555698115, 4.167174144914213, 1.9379628376225568, 0.4369638210465254, 0.4151401885678254, 1.97757739573494, 0.8309715090236693, 0.8309715090236551, 1.7089093809900646, 0.19174057136162048, 1.4282419481050752, 1.7089093809901073, 1.508475141736362, 4.419031180932009, 0.41940460369666965, 0.3324226358542077, 2.311200919441177, 2.157589962152599, 0.6332496645288188, -1.4210854715202004e-14, 3.700260319415804, 0.689966281329319, 10.266053127337713, 2.642795635665607e-06, 7.510863050272107, 7.967476298824792, 31.91968638043788, 0.23803734576964075, 28.199724711815435, 0.17894236310905853, 12.027269266067265, 8.686132331558383, 3.1686147208114903, 10.711097471910904, 4.877005985265384, 10.858089193631287, 3.275740258276784, 2.456247859408407, 5.348176807963199, 4.477711417899002, 0.029470673769566247, 3.1028745742069646, 1.5474141033126614, 11.150429732843918, 0.7566345168601458, 13.081414725130855, 6.679725829068786, 6.4416237051781025, 1.6311742296233547, 1.3770152080590208, 3.0851520369864147, 6.49702528022587, 1.5971499442265724, 4.083552654117284, 6.900441631411638, 0.08938641864719443, 5.628169995447649, 2.6419960870574073, 8.33764804406539, 22.491456491864824, 0.6066377042961051, 17.240171772885617, 6.008978728463234, 8.323364483282347, 12.4261123144598, 21.354269092637878, 1.8705382100202144, 8.951868513090432, 9.047377974699572, 5.271401829921608, 6.10051673242609, 13.128202107982233, 10.504820709025438, 2.833575499579922, 7.233791701990555, 2.8923599537955056, 1.7708018478968484, 8.188145084520983, 8.164016231807835, 6.098627177088787, 5.458939410806352, 2.5936783718816514, 4.1075067435862, 10.611593705479763, 10.530570848933163, 0.0, 0.0, 0.0, 0.0, 0.0, 0.0, 0.0, 0.0, 0.0, 0.0, 0.0, 0.0, 0.0, 0.0, 0.0, 0.0, 0.0, 0.0, 0.0, 0.0, 0.0, 0.0, 0.0, 0.0, 0.0, 0.0, 0.0, 0.0, 0.0, 10.51752003378148, 16.612271239595316, 2.6162781170798155, 8.390589257556542, 6.684931114472079, 0.33013266782018036, 1.755397149936698, 3.962667141911055, 4.55924501732747, 1.4936009651262339, 0.09396301418601638, 0.44442355711845494, 2.209279634854653, 4.840280906343153, 1.242376710507699, 3.3948708862399144, 10.688635031617991, 10.839813185365358, 0.7332559904396305, 3.3437859544142157, 1.484619766804883, 3.3094996052537056, 1.3367538460955188, 4.877566974484807, 6.424278209393691, 12.232165335606894, 1.6384273383833374, 11.335555698295096, 2.06295254816996, 1.7438381205788858, 7.681375564810992, 12.495724472673402, 1.7490834722076158, 10.406039567104301, 18.39881908542847, 8.994051961913527, 3.4393729023828, 0.24783879817465504, 0.07111413904446806, 0.018804440835381797, 5.561143479763629, 2.9942144658540286, 1.9775773957349614, 3.7164600555698115, 7.7669688009498685, 2.567138978554837, 9.4263630213511, 9.91644559860363, 0.03621517225433024, 8.218161600185383, 3.2561260043983964, 2.7460099860598177, 13.349564384304898, 4.3960362637537, 10.343157743514112, 12.726922596028757, 1.7628355715018529, 6.380395090198348, 2.7514046487751784, 7.019792465432815, 5.236778450719044, 3.5351153041787597, 0.15905319116600936, 4.035148866083347, 3.1224602125575416, 1.4307296233446465, 5.790132679444653, 3.7907589562943187, 0.689966281329319, 1.2828199231851727, 1.6528804066650196, 4.293060381337995, 1.505938491759025, 4.953226029825686, 1.8742716298764606, 0.10401486135668847, 0.2403156923138141, 0.9305955460272983, 1.4030154982737315, 5.435655346962207, 1.061097336823721, 1.5191219127625857, 1.4406530593886089, 2.1024101670824678, 0.47569339482016915, 2.1614359925211346, 1.5326856579378898, 2.340325990877446, 1.1681127235667077, 2.179295813279026, 5.907243648016021, 0.5495391216298628, 6.976616571551261, 2.0220686595597073, 2.4491529739533178, 1.2932073833760427, 1.4568116407847072, 3.135208008482337, 1.2677321760805569, 4.070291846721631, 0.32937881415676884, 0.9667478452679603, 0.6344138444886482, 0.40795597529442773, 0.34919229371459437, 0.8206075866889364, 3.696369044832835, 0.33602884711530123, 13.089144807438174, 8.728953432324658, 1.8240169105931727, 12.041626319432964, 0.5176317614938597, 9.655917903284816, 1.1826615531693676, 0.26246208363016876, 2.4418490539217714, 2.647543590459094, 0.8425719700855154, 0.8502577631626309, 2.0493419196974685, 3.9370282426663437, 17.13265812558926, 3.1698709183582423, 17.25532482209843, 3.142730664146569, 7.353627435759137, 1.0162820879427272, 0.539573156873729, 3.1603483609986114, 0.48825403022361513, 2.8114392227201392, 3.8296962341463114, 1.6170910074959863, 18.88633022398004, 0.005982202545368409, 2.921005064672272, 0.26468629641220787, 11.316826815402322, 10.060252006659397, 4.185954847409221, 5.542007983523661, 6.773384762180285, 10.459025068787184, 1.1770158486495461, 2.9995613559420633, 0.811728806564588, 0.3750928297521199, 1.2531414136005594, 15.348647654454766, 14.43719656340025, 3.83258231749204, 24.584050866545056, 8.076594071672787, 0.007282886691882595, 0.813206453602362, 0.17130507621124025, 1.9281153058429226, 2.8374003080396335, 2.3315791837535187, 0.601532979115234, 3.458907020332674, 4.540261452117647, 1.8955607872961195, 5.162423763245982, 3.175187409567883, 1.9268038209813767, 11.777567545255522, 0.4902173734506903, 19.019171151317664, 11.846869001676083, 22.331706575760876, 3.3562346902120623, 4.060401755540198, 9.738263619730219, 16.965948721518174, 17.841332888802498, 18.980917419573274, 0.6200808566125318, 2.3175415888736097, 1.2302534269709327, 0.3803419479778256, 3.367879727750335, 4.66439912899304, 6.676643302311788, 4.977728752061523, 6.706086912211731, 3.5461862934761825, 2.088717068971178, 1.0648494123923626, 2.573106028486677, 1.6009038574004535, 3.103463343366741, 1.576063555575729, 3.8103933495366107, 1.112329118130134, 0.8028132181559897, 5.076141443053928, 12.24303927175663, 10.50541746386022, 0.0, 0.0, 0.0, 0.0, 0.0, 0.0, 0.0, 0.0, 0.0, 0.0, 0.0, 0.0, 0.0, 0.0, 0.0, 0.0, 0.0, 0.0, 0.0, 0.0, 0.0, 0.0, 0.0, 0.0, 0.0, 4.186349814719968, 10.354871634944416, 2.4483798596889272, 3.962736558711228, 0.9906208746654386, 14.953110189840288, 1.4939946656946006, 5.131570543752929, 2.9967663385271663, 0.05735307903840692, 3.3703103587644705, 5.713445681690331, 1.3114883307649734, 0.6752337917131968, 6.974692222013971, 0.28703983875766426, 9.544033683524475, 2.0241227746091397, 0.2849374439585972, 9.486043638040144, 13.443583257628802, 1.3379435860906028, 2.8009767082266706, 1.584321253854057, 9.761442190722562, 7.224624798640605, 13.746518753312415, 5.962442056291081, 2.7743216584023287, 6.288628141039254, 5.0694985475336125, 10.183083068415641, 2.759697248820544, 0.3573858361035036, 4.7033314751593025, 21.29039457652121, 14.97635232347102, 10.53547680548175, 0.0, 0.0, 0.0, 0.0, 0.0, 0.0, 0.0, 0.0, 0.0, 0.0, 0.0, 0.0, 0.0, 0.0, 0.0, 0.0, 4.754780997830945, 7.510863050272121, 3.102299668653785, 2.6160261717319457, 0.6093681060622345, 2.1342982881438815, 1.820032634445866, 0.1727727548853295, 1.4568116407847498, 5.428661193832312, 0.02836384564179184, 9.564809731656197, 7.093148352607685, 1.240170234512732, 2.046044126750729, 10.331320029260382, 0.003003917176840787, 19.04449922692524, 5.264930185554988, 11.510857179650742, 1.2893238671917402, 2.3814250312487673, 1.9177193925198424, 2.4179222583549063, 1.4857683564646038, 7.762552397461278, 3.065590743109908, 0.7745064781989868, 6.21731735530021, 2.3990866245731297, 0.8631061335215406, 1.7968906522544046, 0.08870914668918317, 14.976352323470906, 6.828195425222745, 5.11370934069614, 16.493194169727715, 19.162290421139346, 4.865383239844789, 4.396194456148805, 2.8473823457746477, 1.1904517645360357, 7.68417801067686, 0.0018500389286941754, 0.13322701137626325, 9.84204114814463, 17.049121121759043, 6.76257324281697, 0.9782745403633868, 15.774800727362447, 2.090377115388506, 12.229400845543594, 5.065936827211601, 9.2586127054783, 0.7853898418934762, 4.831163430473396, 2.985946886803106, 0.7869133916027522, 0.8349029491986926, 1.9330289256758135, 2.8985308622038986, 0.43562085350552593, 2.0354330182110516, 1.4420755704403803, 0.08975800603873552, 0.8692385326269658, 0.10790765920590673, 0.4197705908281648, 0.7354674289999394, 10.013272585443275, 10.000380825696066, 0.0, 0.0, 0.0, 0.0, 0.0, 0.0, 0.0, 0.0, 0.0, 0.0, 0.0, 0.0, 0.0, 0.0, 0.0, 0.0, 0.0, 0.0, 0.0, 0.0, 0.0, 0.0, 0.0, 0.0, 0.0, 0.0, 0.0, 0.0, 0.0, 6.043658702328969, 7.828680382537286, 3.050625650438363, 9.833333453410887, 8.386744288011784, 1.2023929615440352, 16.835295454206317, 5.043479246482605, 1.892406018171613, 6.192685630132075, 3.2021170473013, 0.013886817591583167, 0.5309639839155977, 0.12272271222289532, 3.3681849752773303, 4.281390017218911, 3.5862966554043396, 1.8709886261228519, 1.5051520367020998, 6.726155290412805, 7.456116169733889, 0.14732814658262328, 0.2011857443953886, 2.7188862591120824, 0.35505460025621005, 12.681342562157994, 0.3526335085630592, 9.47949533599251, 8.455795891978994, 14.5264734109833, 0.4797438733627075, 2.8773794500350505, 14.770385381835823, 9.78836286173322, 32.031533938326476, 4.928739434737736, 6.086080740645997, 8.988582353998197, 1.9775518690612444, 6.502368958599732, 0.5682643119138788, 2.7863170734985374, 2.774493062246023, 1.6307594437548971, 0.7469164611838153, 2.4037563161606386, 6.802910794382484, 0.059917784801314156, 1.598909800068597, 10.526177216383488, 10.53362299113568, 0.0, 0.0, 0.0, 0.0, 0.0, 0.0, 0.0, 0.0, 0.0, 0.0, 0.0, 0.0, 0.0, 0.0, 0.0, 0.0, 0.0, 0.0, 0.0, 0.0, 0.0, 0.0, 0.0, 0.0, 0.0, 0.0, 0.0, 8.427527723260408, 9.475417369767513, 0.8752715107590916, 3.395721716894599, 2.7222494023262698, 7.5952220192023105, 3.6493642892642697, 8.334115782172404, 0.3360695214753946, 0.40812039902030506, 0.9875075093694221, 4.5577964887357325, 1.2424575114141305, 0.11019503883363768, 2.42970707190446, 4.158500771705576, 2.4940186144280716, 1.7735712956893082, 1.1522619627314157, 2.3041755740364636, 12.216548196679938, 8.218923558337963, 7.386222056943836, 9.801251432962175, 0.9787664127302804, 2.0066420452723293, 0.3675620947404923, 0.47605806580077115, 2.304385401442076, 1.4036069603241543, 3.1885607221353283, 6.707787988490139, 1.9954314702226412, 1.8475860286275747, 2.4731421048438733, 1.5370457484667952, 0.5800596547430246, 2.2844146566504406, 0.5344577606402368, 3.9582987983947646, 0.77549416222503, 0.6802049711138096, 7.967115448605611, 8.554354689181395, 8.044707354461622, 11.719647096768398, 3.2159989297380775, 9.001725393037447, 0.7146302064268184, 9.662037133468942, 11.246130961190204, 21.64478106755172, 25.016560589818567, 28.740906302424747, 2.550733342934791, 0.854410764223843, 1.7709640954755912, 3.889349938264843, 2.912618828181536, 13.508641281341141, 13.390973392406352, 2.0478645601024823, 1.4616833365582238, 0.13243483550007795, 1.2154699468663068, 2.5363907377722796, 10.913022828335528, 4.508837477948759, 1.8777829685213874, 1.4764404819289325, 8.111578874988368, 3.9970223447609214, 6.36993084791095, 4.33795314347887, 3.6700312856512483, 1.0012762192694709, 2.2930327857758925, 41.42849061062333, 48.65479335673314, 34.70445489729747, 56.05653592781786, 2.24504467767116, 0.3239495234087144, 11.898374482343769, 14.33373701357499, 0.4481936346608961, 2.329366669082333, 1.4023311420906452, 0.406504028872007, 0.0888273173636378, 0.32374769715087837, 2.0789269134579627, 2.012158250241015, 3.7926892644964028, 5.244364288531017, 0.08158244231839262, 1.903842189453826, 4.192390376668612, 1.1114799342633148, 0.7706595341701643, 3.995276613785478, 2.1855879073731614, 10.135559353191212, 2.790601959500009, 3.1336864595075724, 2.5417863139073233, 1.0659480101119527, 1.8831045176812893, 1.8640951718742684, 2.852251129853755, 2.932378218839972, 8.920113127575974, 0.5696238727770435, 12.440170596911287, 4.700412013796381, 5.85749323886796, 2.991735274690896, 1.2170222066783367, 0.8532186385979799, 1.3702804859322555, 5.8808276241207125, 0.8372659691357285, 0.8643592644244222, 7.389764531589961, 0.9303904495909592, 2.97439621201039, 2.4884453458380307, 4.026168369889007, 0.4542429090794542, 2.0621662384432113, 0.043480891755422135, 8.060198852252384, 6.048048692676847, 0.0, 0.0, 0.0, 0.0, 0.0, 0.0, 0.0, 0.0, 0.0, 0.0, 0.0, 0.0, 0.0, 0.0, 0.0, 0.0, 0.0, 0.0, 0.0, 0.0, 0.0, 0.0, 0.0, 0.0, 0.0, 0.0, 0.0, 0.0, 0.0, 0.0, 0.0, 0.0, 0.0, 0.0, 0.0, 0.0, 2.642273993086082, 11.23282717367961, 10.709547934947267, 2.3991623040015497, 0.15461535547706262, 6.062306478693245, 4.65264747371819, 0.41510764668839784, 0.5306875580150603, 2.045098830669957, 19.678304040449916, 11.449364618656375, 1.519172864878044, 8.052952909610326, 12.689156367930764, 4.000828713425449, 12.447542527452697, 0.3854345570130704, 0.9350762390540694, 1.7239167576392447, 24.733279743438175, 30.446213414375052, 5.367230615678807, 21.171277387822897, 14.865063990774189, 23.82501151860251, 9.944544344468227, 24.321266361856715, 1.3506787446959834, 7.375635897765733, 3.1776111743794786, 0.5386507593032661, 16.60027376050769, 1.7524898650769671, 18.425197194245442, 8.48966559267447, 2.0152208800187736, 0.5644781421098628, 1.1237891081208886, 5.274200018626431, 13.61796950414967, 0.7716804129942716, 11.275280037770727, 8.07772667555571, 0.8433437307393206, 10.535264136724066, 10.535264136724237, 0.0, 0.0, 0.0, 0.0, 0.0, 0.0, 0.0, 0.0, 0.0, 0.0, 0.0, 0.0, 0.0, 0.0, 0.0, 0.0, 0.0, 0.0, 0.0, 0.0, 0.0, 0.0, 0.0, 0.0, 0.0, 0.0, 0.0, 0.0, 0.0, 0.0, 0.0, 0.0, 0.0, 0.0, 10.091206302720408, 10.100637636099052, 0.07722425987228121, 5.432465426289298, 10.720661318392729, 5.708860323184524, 1.0075569243699647, 1.1247746950582496, 2.99562662358494, 16.271512616073494, 12.289805332538691, 13.091960048373181, 13.218780565869906, 0.22165773210761586, 15.772676176274786, 6.156853617666229, 17.344269637964345, 26.348618969891135, 3.571189371245481, 5.032011487334586, 8.849971317535477, 9.63322492467347, 25.047245040944063, 0.5064441650774256, 26.038371573517907, 12.124510504803197, 0.6665939755862951, 9.820475183826801, 3.2010447787848193, 11.837112436959671, 6.38235241647871, 16.890483929132046, 20.093552013800377, 12.851553777231416, 1.9539786063337488, 2.044576967193997, 0.22707314275712065, 0.7447826840951421, 0.3324226358542042, 0.5974463416565996, 3.545859313077976, -2.1316282072803006e-14, 2.0597314214218727, 1.400946650344416, 2.5671389785548158, 2.8196517776534478, 6.100516732426083, 2.8196517776534478, 2.819651777653455, -2.842170943040401e-14, -2.4868995751603507e-14, 0.3324226358542042, 1.0727211403417485, 2.1316282072803006e-14, 1.0727211403417485, 2.5671389785548335, -2.842170943040401e-14, 1.2935693143156453, 2.2611335931171794, 4.105384374269661, 2.0174962707663155, 1.3673196051029493, 3.16167831842489, 2.630166565033967, 1.3543309501681122, 2.7108492880820307, 13.644891455699963, 1.1711634849911832, 0.4121693733666234, 1.026650054216816, 2.864232406772743, 0.2725360395411087, 6.589856967152855, 9.84943124371398, 5.898153871219222, 22.089615095346062, 4.955315010463494, 21.221194192353124, 1.3066323712917836, 13.163608173097003, 0.06869936613639993, 4.689253509430785, 0.10545752464912539, 1.794980701372424, 0.6381464239427288, 0.9908488610712709, 6.793832750552369, 1.1360534817338248, 3.0268656029882663, 10.262002536512867, 10.516709410338613, 0.0, 0.0, 0.0, 0.0, 0.0, 0.0, 0.0, 0.0, 0.0, 0.0, 0.0, 0.0, 0.0, 0.0, 0.0, 0.0, 0.0, 0.0, 0.0, 0.0, 0.0, 0.0, 0.0, 0.0, 0.0, 0.0, 0.0, 0.0, 0.0, 0.0, 11.330814948575906, 18.277005444844775, 2.429548130608822, 5.00649429968712, 0.13812092645190432, 12.289553451425945, 10.599115882942783, 7.189437057548673, 4.929360167829429, 22.009028266176927, 28.879369634927798, 4.466166187454689, 2.343992847966547, 15.7939330088563, 0.893809880563083, 12.531003869070673, 0.7241940622436118, 0.7867841542591236, 4.658591108862055, 8.89321413126234, 3.7153410659129804e-06, 0.9672665485077516, 3.0723859482058344, 4.99274227015502, 2.982904690687917, 5.107899120439015, 20.67981853821655, 2.313823238689565, 9.182765433012776, 0.1165007221888743, 3.9505732524506527, 0.5912106250293334, 1.7337066632722014, 2.110719634776231, 1.491625407660237, 2.2817973606590556, 2.1369454643773054, 7.860577884917376, 9.643201711100915, 0.8823595144788214, 0.06498560492619276, 1.7954882395483054, 4.640948694169566, 0.6135419438784595, 0.1632202950926569, 0.6251900891848834, 2.4434462266578123, 10.589630804282962, 10.420451826804651, 0.0, 0.0, 0.0, 0.0, 0.0, 0.0, 0.0, 0.0, 0.0, 0.0, 0.0, 0.0, 0.0, 0.0, 0.0, 6.043658702328969, 9.929657328577719, 0.6663592259956772, 7.4192198534516365, 6.759615247850263, 13.556014182381915, 13.29189003825148, 2.0754098344547174, 9.26084353763244, 0.3796586961332764, 0.330157121702797, 11.88520318513244, 3.4103158064572767, 20.614053516372735, 6.379217747386775, 5.604347172502685, 2.4312968375080857, 11.679551613667897, 10.446369599978738, 2.642273993086084, 0.0, 0.0, 0.0, 0.0, 0.0, 0.0, 0.0, 0.0, 0.0, 0.0, 0.0, 0.0, 0.0, 0.0, 0.0, 0.0, 0.0, 0.0, 0.0, 0.0, 0.0, 0.0, 9.652676183424873, 10.601118672936565, 4.945781015010894, 10.528383199731849, 2.814881530474821, 3.1721132748864704, 3.58497420639506, 1.3483373948729138, 1.573299481177969, 15.360289745878191, 1.4002519589860754, 51.97347545881172, 14.865028162605029, 5.039660548979157, 1.6419309313065185, 8.609924630044134, 1.1036426500604648, 2.1934869851232293, 0.6921879514293892, 10.647060779920878, 8.441375382067548, 3.069715779316553, 1.469784739361117, 1.162400565132046, 5.7620952469270605, 5.408269078613557, 0.6411802499679595, 13.781248601857897, 2.0715195603034715, 11.015213379561061, 3.194742938640786, 14.88199373863992, 1.6485627659712065, 1.5760671012693592, 0.0068400083346205065, 1.0974022163021857, 2.069640475094644, 1.9805430128073738, 0.8577731446301584, 1.2009276236198048, 2.4667836902328872, 10.275754374174653, 2.5684135494763325, 13.735296624941796, 7.356616442539718, 0.2555384426840135, 11.591221252442992, 13.776471713178296, 0.12934264397148354, 0.26067204004070277, 0.11209525797391962, 1.1527652577481717, 0.27223790870971243, 0.36889570656126125, 0.7150196569333787, 0.009011628911196112, 1.5277358949577433, 0.38694543853247865, 2.3731570871069607, 4.142008121475499, 3.083103886724473, 3.8470239828937736, 3.773807341677582, 2.5037845100734444, 2.948336616714329, 5.69546876125068, 0.0034065992807938983, 10.515297156953864, 15.956689764188738, 2.56713897855483, 2.5671389785548335, 0.3324226358542006, 2.56713897855483, 1.0727211403417343, 2.1316282072803006e-14, 3.972282754750772, 2.1316282072803006e-14, 5.823943805073071, 1.2069893012530244, 5.823943805073078, 4.754780997830938, 6.906457268853757, 6.906457268853771, 6.906457268853771, 1.3250955863522123, 6.100516732426076, 0.9305955460272841, -1.4210854715202004e-14, 0.10401486135670268, 6.100516732426083, 1.6250938983180845, 5.45736394333348, 0.22707314275712065, 0.744782684095135, 0.22707314275710644, 2.1316282072803006e-14, 2.4320471789407776, 2.097774173297033, 6.048048692676847, 6.048048692676847, 0.0, 1.2935693143156435, 1.2935693143156435, 1.29356931431564, 4.167174144914227, 8.404223937377253, 2.9678450704693375, 1.8939031657401415, 0.9646980850426701, 0.09906636969589044, 1.3962064379927739, 1.9758710418164327, 0.15798414767427005, 0.0382199430745942, 3.5174701585260806, 2.6486177279203247, 1.395950593952108, 0.8518892726088296, 0.4132501133579325, 0.11274831971408616, 3.678138980225498, 6.101677642960965, 0.3580385232948231, 4.06938402063048, 0.1459080944395339, 1.7550124835221936, 11.665145169265315, 10.469105619882683, 5.340427238553403, 6.643359045139675, 0.5205493719377614, 0.0013283505159762399, 10.025684688295296, 10.025684688295303, 0.0, 0.0, 0.0, 0.0, 0.0, 0.0, 0.0, 0.0, 0.0, 0.0, 0.0, 0.0, 0.0, 0.0, 0.0, 0.0, 0.0, 0.0, 0.0, 0.0, 0.0, 0.0, 0.0, 0.0, 0.0, 0.0, 0.0, 0.0, 0.0, 10.156416533367395, 10.68277831653998, 2.4395730360661076, 1.648951650303303, 1.2302534269709895, 0.14230101573784282, 0.5443172399995433, 0.66161256400909, 1.4948687577436885, 1.3596146658562986, 10.610581759927129, 4.362040217780645, 15.082408228619101, 11.67773501764259, 2.778110932367696, 0.1495139139471462, 3.5658101961950592, 16.522555815620848, 4.3813119954089075, 34.344225439896775, 9.362827794132045, 5.489213435529308, 9.290213976617508, 15.933466164926386, 7.529333695425748, 3.1293440322719164, 0.3428778037161919, 0.9844264533419391, 7.135295841554978, 1.4726764269300645, 7.571066712876529, 8.050264934772514, 5.760232221071021, 0.4254793884325636, 1.9313796869788575, 15.623498155082643, 7.091126918544489, 0.09024677095391098, 12.848625849228824, 22.970938232877103, 0.33043696486316776, 11.127527028002191, 0.05182733537634476, 4.61200105816323, 2.8545145254198303, 1.3280804061146512, 0.002938674954705789, 2.056474908090408, 0.8167476965230662, 4.862270261866286, 1.067606973490939, 0.09656656318709622, 10.057607629216363, 11.085622523331736, 1.3854727050944575, 1.8959951304378535, 3.4787227358838777, 3.2124328457722413, 4.413366140948483, 2.8799353822722935, 3.579394873493243, 4.300201024948649, 5.176066205224288, 7.717876913133296, 14.388745184397266, 19.971649543578593, 11.058610943666537, 6.100516732426062, 11.805209790669693, 9.037534751562845, 16.5711300573179, 35.20100124951878, 9.35627620047623, 15.141606733474504, 21.46120463931902, 0.4775670139140118, 2.4575436396077635, 4.851737300277421, 0.2863508383761655, 9.49086518233122, 1.2459088780555305, 9.859908194635864, 3.772680817961799, 4.791211003004008, 5.065546454681282, 2.052547744244251, 1.7669079849543436, 0.7209782275523082, 0.959432116132092, 3.9956250140043608, 10.569840517894136, 0.5097796197261459, 9.234020853877098, 3.890569841479163, 3.3787841915177808, 3.5624067938139206, 2.2748039236695092, 3.670877903593066, 0.19976185340019015, 3.4125099101449337, 4.204191177370632, 9.673436546259836, 13.691600760529042, 0.6021278751709644, 0.20971545239355294, 0.013091759520278856, 1.2330299706088965, 9.089612377594747, 14.396054135746127, 0.1703240064423568, 23.289531821164672, 23.298316911203017, 7.265287740050695, 12.255770489386393, 9.73548923047927, 0.0, 0.0, 0.0, 0.0, 0.0, 0.0, 0.0, 0.0, 0.0, 0.0, 0.0, 0.0, 0.0, 10.514292357857439, 11.239185337044162, 5.460356274876418, 0.7709697925389776, 7.473822844348348, 0.009958955335250153, 4.926859726945608, 1.3622339065121878, 1.8581535383005985, 11.651543167027711, 2.681026265868695, 11.729247177180724, 1.9285141594624235, 5.040327369104659, 0.785460708797558, 1.8807629976431883, 2.3232203609879036, 4.8599622054025815, 12.671529118965339, 6.777066830602152, 0.604233159242014, 6.766293373081879, 10.526766603414274, 6.4476202391506945, 2.513158959617158, 4.692509669763751, 6.4782379992091705, 0.8346624758793837, 11.552581117399214, 7.997793853481795, 27.305257083859743, 3.59055803784851, 23.450991530882078, 1.38940532531376, 12.126859417296657, 8.869649634111397, 5.829499678046929, 1.9548674264422061, 3.6428588700824207, 0.27307176336476857, 1.1782108891366079, 0.10539841804364869, 0.9400507069796902, 0.48789934914597666, 9.951047396558181, 3.4352007750411815, 0.6510099719463938, 0.24647313679298577, 14.827474887151993, 1.9292302398647507, 15.41841214134132, 1.104772396090624, 0.3042141499343245, 0.6307974522601967, 0.8974460234555295, 0.001921324015143, 0.9483255452694266, 3.9581284107427166, 0.24529289625576212, 3.57457131441609, 4.951773006661057, 1.797822995221594, 3.1874805486802416, 8.245767473422234, 3.98174318435062, 8.22060293962599, 12.80150725102419, 2.7438825249617054, 5.435655346962207, 6.568594207607475, 2.587308854613127, 3.024056105714891, 6.352331111086585, 1.5701980116131153, 4.080234408162454, 1.9765824979793933, 19.001394718165102, 5.287209914591784, 15.732239666381219, 3.1907453485826522, 11.359562570259754, 5.95348139308885, 0.37203591055117613, 8.590717440574963, 3.073171929920221, 3.628554111723986, 7.25914490090976, 10.53062947370902, 5.967292569813878, 14.976352323471076, 2.5637359014106664, 9.605903233716049, 0.3896549881267788, 12.805756832410111, 14.77968546607758, 2.335354669677571, 12.493910458468264, 22.00215258782319, 3.505498339598688, 0.7553257817220498, 15.10965541981021, 0.1601805480987366, 10.062784579714872, 1.1059277827238674, 0.7910510633332422, 6.990862681931105, 3.097376394061996, 3.6593662704179337, 1.2192704419348956, 6.334160621740466, 3.8192703758550266, 7.840382300572884, 0.21548756247139522, 13.177467330450057, 5.108373512145903, 9.289858325917578, 0.43400622610960227, 9.060699346104059, 0.2846684793252052, 8.230470885749028, 3.650746048498519, 3.6774686860630794, 1.160919111722535, 6.40445111270094, 4.8297239519598065, 0.14532902699795613, 8.61027166099251, 1.1170340787167277, 1.8676067024637746, 0.3800498338767966, 0.10913870332305464, 0.04032006952337497, 2.262092598706687, 1.4144752307151407, 2.403599634893908, 2.9734438361194293, 0.7547262821301501, 1.985859246845962, 1.541971407214362, 6.002632659665437, 4.873088296543372, 0.20081613817961852, 4.390640565467294, 5.2763650674109215, 1.5978251369560041, 0.31410347363021174, 7.212642425950918, 13.742248819051511, 4.386517138432282, 8.445817459519134, 3.6480502300813384, 2.0778681236648424, 4.902676322777779, 4.377596283078617, 0.22413735337602247, 0.22158212458747073, 0.12135705436050159, 4.363311424357846, 0.016748189438516192, 3.608571448701497, 0.34151676781914375, 2.4911609517499187, -5.684341886080802e-14, 1.4670927854459137, 1.3400660212947457, 1.6950399703219148, 2.4908844847315663, 3.0254586976432165, 3.292888177693925, 0.9864765410218013, 0.04451347358821067, 0.00041467681259632627, 0.23455825963634425, 0.0053843723598561155, 0.10755608483148649, 0.7591932738781964, 0.3146027930833668, 0.079129352461905, 0.16853198452162133, 2.3078199513155937, 0.2526960272614076, 3.27080494620418, 0.3646596964073865, 0.1346971170821405, 0.442743940192031, 1.0324694831848547, 9.22006967755891, 2.5668406369046295, 5.261610226611651, 0.006804151436625716, 15.932075948113436, 6.882709801152657, 2.4329144177246462, 8.440260555610337, 11.313906366254528, 0.6249824729584219, 10.714825892242686, 3.9940383966422814, 4.130804086885121, 4.268175306296882, 0.002770790478393792, 12.333338591346433, 4.054567467585542, 5.825558538623881, 0.6875147132766699, 2.6811023666961944, 2.6624061651396147, 0.7091096494061162, 0.88794414825243, 9.170997924278907, 6.704053239130218, 18.194142933660274, 0.8890699958813997, 4.570966860671348, 3.588657169928098, 2.4943240614019544, 8.486683524392816, 0.8512007149433032, 1.233029970608868, 0.94733094382579, 0.4678987819137319, 0.356501205350753, 0.48751847984800634, 0.4028687609022086, 2.190060218834347, 0.9012557815385946, 1.027879529026464, 0.35072123497592145, 0.11601171314212877, 0.8941698797451068, 0.68726591414989, 0.054128027812481605, 2.662661661822, 3.8403659503229335, 0.5090894314628969, 2.500469125953643, 7.765194513037073, 0.3386230694904455, 0.14247143114849337, 0.5705104636193212, 3.8884162115335528, 4.041537339303275, 4.145650001267313, 2.223141310656999, 0.4533650537578211, 3.801318319527084, 9.12285190971879, 0.6899662813293048, 0.6805555063181998, 0.5207387551032525, 1.1414343320321478, 1.7064470107030871, 3.494429158612924, 0.994913823070334, 6.04804869267684, 0.6990443006824307, 1.790165076533171, 0.8069041310262293, 1.386672329340719, 1.3755274696067374, 0.061067952434640915, -2.1316282072803006e-14, 2.6422739930860804, 0.436963821046529, 2.56713897855483, 2.819651777653455, 2.09777417329704, 7.402726184562027, 3.2483731921871595, 1.3648597383143937, 2.2492794929486024, 1.3301038659398046, 3.058704729872346, 0.7230824729210781, 0.43936316778905393, 0.7383230128751705, 0.003933971784491064, 1.7721252295056047, 1.1786646687529583, 1.8665120475481416, 10.043342122897855, 0.9104408974432374, 3.665330676967322, 1.5910478637896261, 10.945274261094085, 6.485512375675995, 1.4297159375396973, 5.7712864102155095, 10.635407546639485, 7.182418580811863, 10.018895491001572, 10.348053235459119, 1.2635442009470808, 8.859276675933586, 0.39810577841444683, 2.9283555488374304, 4.38918813499788, 3.1741637018756137, 0.14988037417634814, 11.091073747329744, 2.2161833849772563, 2.525280060342112, 2.199106105762894, 9.967341003992232, 10.557840034289299, 0.2998025789106187, 9.818442431737907, 8.856048505006669, 2.7267611693098956, 12.404078292731526, 1.7902689088855936, 6.757334428600018, 5.049755175477699, 1.5376259584468244, 1.263332778685907, 0.8821382504311543, 3.166251023548142, 4.473593838796518, 0.2500041874365877, 1.9675348305636362, 0.2578242464407765, 0.05163220527410317, 3.2744595583562415, 16.160102206658962, 10.511078645741591, 10.53561273016253, 0.0, 0.0, 0.0, 0.0, 0.0, 0.0, 0.0, 0.0, 0.0, 0.0, 0.0, 10.529978300711967, 10.529978300711974, 0.7424314462764698, 7.318335775242389, 5.767505058535534, 4.076676756058362, 23.90476708547382, 11.420205410765618, 18.09860076371362, 1.5916105748823384, 13.051660647356684, 0.8146277538605773, 0.763798816079742, 0.7016364476155275, 1.0799459095467228, 0.5145425247289097, 0.5000082017379128, 0.26744400125642187, 22.61724185083125, 3.2665084241900217, 53.4318180740666, 30.88489311196318, 0.470250005759155, 5.591216701986923, 0.5671520338355833, 8.606623446468276, 3.893451310216335, 0.7681601424904869, 0.4978482155094923, 2.011008741171551, 0.04397747309855049, 0.18309154185219256, 1.4420755704403945, 3.986957060110001, 3.8867704599944943, 5.184822162704847, 0.88791479562002, 6.105200741017157, 2.424653663242111, 0.8503017821738865, 5.847838548573648, 1.558966701422463, 0.7769119267870082, 3.588707388406476, 0.07306859760146267, 2.482103304620253, 0.6300543599540731, 0.08849362405466366, 0.11900336934024836, 11.205380785895926, 13.517842924997126, 1.9073297983456428, 5.680794499405465, 0.8554539027198587, 14.97734233347137, 14.457007898930385, 6.570228886178626, 5.318014483064303, 0.4005028606964771, 0.37872561966108265, 5.067603328881944, 7.945767853821025, 35.78117733287638, 11.08462224112111, 25.988789465629452, 2.5072897978154174, 0.9525789085482188, 1.5140591678169812, 0.3056858067590156, 0.9986237058525376, 0.7731667956047374, 0.9418954710965863, 1.107185954423585, 1.665642798882871, 0.45771780152352903, 0.030813212816184432, 9.706979378536118, 1.380732290405689, 14.491014731076518, 0.3697131471278112, 1.9843906634802124, 12.103822012844347, 2.9641694297311005, 27.09219905338128, 10.811228039667355, 23.057480831605545, 16.154899566977775, 2.425910499066674, 7.973322011841333, 0.14441970396927672, 5.353757471525171, 1.6285537673261388, 4.153444261592426, 11.93022805994599, 1.0263879006318462, 8.41552281205756, 0.06460529012463212, 3.3736574272306257, 21.590717331716405, 8.649249529722255, 32.25883250805879, 3.4454279506117302, 0.569574097964761, 1.008147898216123, 0.4412831413042113, 0.12475318837678628, 3.6926011640576917, 0.9241925950578889, 4.968423960181866, 16.135183064095187, 1.422936979207961, 14.758809208935489, 1.3231133699455313, 0.21457185223081865, 3.981425759818933, 9.890352235483277, 0.021702971425440865, 11.44925385766129, 2.026632786867765, 3.58264994117161, 34.31507312243508, 26.77829093659335, 4.389717337791296, 10.256223171240038, 4.343642037237572, 2.097346598879028, 0.5466739347975818, 5.150287646364944, 1.754857010394602, 0.44611720567786506, 0.8112794449770035, 3.2898911948466605, 1.9330251594473395, 12.502829372282235, 8.84374483532332, 7.588508435745553, 1.3327399275580376, 15.81975534171525, 1.2486783708583005, 26.94762294275131, 15.898098759636127, 0.6725866065975765, 0.213459782659271, 2.247531691249975, 4.883608639960443, 2.2936936614326555, 3.3465230216924056, 2.0017112243126576, 0.3091099436994398, 11.14647993006784, 7.278583880399651, 1.2642655227797945, 2.0491057176669756, 10.242769241063002, 8.002272869177432, 1.9706010301988783, 1.5609349384706945, 0.7812200297416894, 3.2469737129822818, 3.3958091108621034, 24.37064651669519, 27.971328954107463, 6.828195425222717, 9.48683849722022, 3.1379440208724247, 0.5869681125334694, 16.55145443817193, 1.236236896404165, 15.93330957072547, 3.1987472478705286, 17.354186848367476, 6.909320018328799, 1.2689714952281292, 12.97554326160838, 8.576978227082549, 9.062596011392458, 0.7220272561423258, 0.5808516938667196, 0.20546586428847036, 10.499430743163288, 10.499786794036126, 0.0, 0.0, 0.0, 0.0, 0.0, 0.0, 0.0, 0.0, 0.0, 0.0, 0.0, 0.0, 0.0, 0.0, 0.0, 0.0, 8.225715466353474, 8.060198852252384, 0.7843388628558614, 0.5734215408984937, 2.1358528427859937, 5.506742290639309, 9.67482962488765, 3.771006743481209, 20.178148125579654, 3.471974157132877, 7.632141476168897, 3.618342374976578, 6.337641835787892, 0.18305085735012483, 6.612725278976967, 10.086133660144839, 5.587107002300712, 3.7623596379450817, 12.724996262831155, 2.7259772747442526, 2.7719259308165647, 7.729333328966433, 2.531543530886637, 14.810672303866141, 5.839422311549583, 9.953806294685833, 0.8101165376068309, 2.4297422638629627, 0.111398037415114, 0.39759509039318175, 0.5418928195708332, 0.6420048145278088, 2.6884613853017356, 0.9167517193141208, 1.959232138913677, 1.5872487395634494, 7.312813545852663, 11.566873458408708, 0.9639167873440897, 19.595920246647694, 9.676504212426948, 4.613224293255087, 13.371595841879753, 4.522085332224208, 7.922622507121673, 1.3540314311295987, 4.113084461403815, 2.16120823725862, 4.6600973510378765, 4.233361086132788, 22.298370572856072, 6.312367542164708, 3.976425050222815, 5.000984241092397, 0.04429647640274936, 0.20703836768980466, 7.055131256213798, 5.778259707758025, 17.20353573039813, 12.021062788432687, 10.115694140822725, 0.17277275488530108, 0.7406760173468143, 14.183454273501198, 8.229288201655834, 14.906928654106252, 35.80730964688189, 2.1568193620242653, 0.8686300740376396, 3.1229431879323215, 12.317461545574162, 11.672322181961647, 0.3840665345595369, 5.237678878526765, 2.0302183464769996, 2.0188984739512534, 3.2180387829861843, 6.107658741620185, 4.590400287321415, 1.004707664838861, 5.745532903347936, 3.883537170754579, 8.664731388375515, 3.95395258428141, 15.569054137801174, 6.077214602549645, 3.135048622810615, 10.885928010190298, 2.485908386088738, 3.884026524497358, 2.656149416446567, 8.417453202456954, 0.8340221773062382, 4.08912159579566, 4.173639236752081, 2.404690404947644, 1.6423741103769487, 1.9981178146239245, 3.329082099454695, 6.90770174096042, 0.4613548651978192, 0.0971692394286805, 9.166807228974903, 8.01990444412219, 1.1617798973691151, 0.5090049429813064, 1.4302367169803958, 3.728444812936047, 2.4604472030199958, 2.8329560762902446, 0.7381217668491473, 1.729808538163411, 1.4568116407847498, 2.453820917525533, 0.6300761667135077, 0.8898252715848685, 0.18048838878017648, 0.19293250562743935, 0.33622060155103384, 0.1884490293426211, 1.9387925257385348, 1.0609490452728991, 1.7606275434884893, 2.466752702743335, 1.150955529483511, 6.610893818122605, 7.57423407644491, 21.323903371636774, 20.274017755236883, 2.540327183149273, 1.261948841955416, 2.5661846270951116, 2.958055223404756, 2.56618462709514, 5.545172536099017, 4.232729099797638, 14.24145354197887, 0.7446921259355008, 2.356156724462039, 0.6086929528434837, 3.1716149461795453, 1.1796633485126904, 4.913727430929839, 2.489065855284025, 14.702535101353277, 8.304024947271273, 15.320006826910117, 7.298691731669209, 9.048198062242335, 2.4658216518404004, 1.9312074437128217, 1.5040845713120063, 5.551636055561971, 4.636078534042781, 18.2262289228606, 7.478578762233013, 3.566992827016719, 5.119014742048307, 9.516857730314456, 0.015877750333118, 7.090181351516264, 1.4403561498721729, 11.323311315350153, 10.516094877364175, 0.0, 0.0, 0.0, 0.0, 0.0, 0.0, 0.0, 0.0, 0.0, 0.0, 0.0, 0.0, 0.0, 0.0, 0.0, 0.0, 0.0, 0.0, 0.0, 0.0, 0.0, 0.0, 0.0, 0.0, 0.0, 0.0, 0.0, 0.0, 0.0, 0.0, 0.0, 0.0, 0.0, 0.0, 0.0, 0.0, 0.0, 0.0, 0.0, 0.0, 0.0, 0.0, 0.0, 0.0, 10.498116403925415, 14.976352323470891, 8.44924853530199, 6.016345582587576, 4.400103992807857, 8.386400641372148, 6.642121807490071, 7.494428865992063, 10.232738466925241, 9.036028849303051, 3.511228841280527, 4.334488875462753, 1.5975207808860148, 0.35508180964450275, 0.1108407909588891, 6.464567970559813, 4.138821964859289, 4.806528202039516, 1.098533337079715, 6.832050444287091, 0.33163224326648333, 7.212680256111213, 0.5841120967318716, 11.853803105691526, 2.246037268094028, 3.8268763775147363, 3.1655512338249423, 5.838708359795419, 1.922854004664373, 6.845677972847255, 3.4965146853984947, 1.1122023917501167, 6.5280352033484235, 2.314831530504989, 4.194099404906353, 8.931292637551252, 13.582372954609554, 9.258722021311456, 0.6421952566034292, 2.9981154809233317, 10.645549621814467, 5.926605877414204, 5.269041071521286, 11.958536292625126, 3.225025856745276, 13.074074190859676, 0.04737013340076146, 0.5277786202410084, 0.2941975671103023, 1.4325280244790974, 7.89657125954372, 0.24294394851752088, 6.240250160181745, 7.183896638801599, 1.2021012278184742, 2.801181158289836, 1.7900584610130466, 3.5594319907328753, 3.388626360625622, 2.879881849481407, 4.019549485789838, 1.4094275109726624, 1.648559588956914, 1.04807744341079, 4.83676347561471, 1.836125525916593, 4.450507296890947, 2.5399399171009804, 1.3199057045953566, 0.2699195827323706, 2.950717613959057, 2.6564808351294573, 9.364569996530633, 7.620710194028931, 1.3416361650905486, 2.8226438662909885, 0.16188634771322086, 5.997146395135104, 9.475417369767499, 3.494429158612924, 0.0, 0.0, 0.0, 0.0, 0.0, 0.0, 0.0, 0.0, 0.0, 0.0, 0.0, 0.0, 0.0, 0.0, 0.0, 0.0, 10.45891462663165, 10.43092386353301, 4.539021791795761, 4.221332289743799, 0.8303628336450117, 0.260701357470424, 14.072026366157843, 10.018306644586346, 2.828697224697521, 14.713510200971541, 14.592396586888526, 5.231581847707929, 17.176006980688555, 21.49623671850449, 12.223624938303487, 5.961617914374841, 1.6700311871319116, 0.9941906609868738, 2.119504580870057, 1.678362560949779, 2.7497260079043144, 1.1215287598916461, 1.6622098760129802, 5.2756298272547895, 0.2906920363564609, 2.10762141793046, 0.23677724947282286, 4.68088468612919, 4.050079312677099, 6.3459651442966845, 5.449311815074651, 9.117645127428318, 3.28394037430553, 1.855610870462499, 8.44433750206332, 2.554654086743483, 1.0803185337084358, 0.8007559040583487, 6.6254895975810655, 10.696620868486718, 10.091206302720423, 0.0, 0.0, 0.0, 0.0, 0.0, 0.0, 0.0, 0.0, 0.0, 0.0, 0.0, 0.0, 0.0, 0.0, 0.0, 0.0, 0.0, 0.0, 0.0, 0.0, 0.0, 0.0, 0.0, 1.2935693143156435, 13.45422681329886, 16.377860913689958, 1.6675400878217772, 2.6464635577777074, 4.378678625455166, 2.277412742037768, 1.794652589293264, 0.7432738772511698, 1.7999543057520953, 9.679801890111719, 13.66310606443696, 3.200102941497647, 5.733991046034703, 1.239034807884991, 2.8816568209405204, 3.2590466610060105, 1.7588886008624058, 3.22537935673202, 3.328504429056892, 0.9014427430539058, 11.218007976662193, 3.1077139228442547, 20.901917907095793, 7.449413763509341, 7.312221693320826, 8.22571546635347, 0.0, 0.0, 0.0, 0.0, 0.0, 0.0, 0.0, 0.0, 0.0, 0.0, 0.0, 0.0, 0.0, 0.0, 0.0, 0.0, 0.0, 0.0, 0.0, 0.0, 0.0, 0.0, 0.0, 0.0, 0.0, 0.0, 0.0, 0.0, 0.0, 0.0, 0.0, 10.025684688295296, 9.010737635450425, 1.4068809099533013, 1.2699952193443806, 0.15349060470003906, 2.3175770028024516, 0.3834079120019851, 7.254226606696335, 2.2786968345216394, 2.7313632359866915, 3.306031945542287, 1.190825962857133, 1.7687161539566034, 1.5929570010630414, 2.813991726070469, 4.707251476305487, 7.9755861382823525, 11.332711053923134, 3.4590680526478934, 1.6416153524594392, 2.030888070344332, 1.4028570162226686, 0.5506100545609627, 0.1929620587795, 0.10304128638161103, 0.4158716507010922, 2.340682232645591, 8.857141689896665, 1.989822386132957, 12.800517221003005, 0.6419883277086029, 2.7042890819952135, 8.264574676751522, 2.7619457707142487, 6.159085530253606, 6.2834672124931785, 4.0401952823388, 2.195443527766855, 2.211690471469595, 4.167610548845289, 4.384121125874003, 1.3334326578792286, 2.531423652802573, 8.555623871748622, 0.06578229614876818, 2.2887521890194193, 0.06174307000708268, 5.083049693557996, 0.854324008564106, 1.2285194658099954, 6.269694298611995, 7.302077261827975, 3.4228651468396265, 1.627814755146801, 3.3445953347553825, 5.8622743082010516, 10.491482134280744, 10.354871634944423, 0.0, 0.0, 0.0, 0.0, 0.0, 0.0, 0.0, 0.0, 0.0, 0.0, 0.0, 0.0, 0.0, 0.0, 0.0, 0.0, 0.0, 0.0, 0.0, 0.0, 0.0, 0.0, 0.0, 0.0, 0.0, 0.0, 0.0, 0.0, 10.500243244871442, 12.227898791426398, 7.536483471900823, 4.990087018392131, 1.9639507179328746, 1.5497701035970977, 0.39065073353188495, 6.417076861578579, 22.737531624467493, 10.561037547923235, 17.730444079819193, 25.888341576121434, 3.9310185379602274, 3.806626950891797, 5.496865012354391, 0.7632442054368198, 3.737036575368222, 2.1963909018955974, 14.834535124147067, 3.4760452915380995, 22.139311267846807, 2.676062267811176, 0.24678782266568078, 3.0627251555114583, 6.016452751201996, 10.035377899929443, 4.87761817222534, 2.5142233912526137, 0.1529209739127282, 0.1233883990624065, 0.23238215076086988, 3.545859313077976, 1.0103707148155365, 3.545859313077969, 4.718920008571857, 0.7304680687376219, 1.0737308350311991, 0.729638463450911, 1.9532735509024377, 0.4321167643991828, 5.403937093672454, 1.0892444516366737, 1.226140241796486, 0.45532732477544613, 1.4009466503444017, 4.356111592406471, 3.9617842476366363, 4.069586333464201, 1.7064157901680232, 3.5554213892342688, 3.101257448787692, 5.213311548838874, 2.9097337898356983, 7.164568956832426, 6.064712608071744, 5.093962508802079, 1.3543309501681122, 1.6664809790295863, 3.3513519060309704, 2.030679663377626, 0.9852045091555084, 8.059533415680932, 20.951869786141543, 5.268243489410111, 1.7273194040737962, 0.7935109617554872, 1.8131871434786433, 9.014914231451229, 20.19424610161647, 1.3888361564096954, 1.406929967777586, 1.0402022508789628, 1.7327838303721137, 27.422774901519972, 25.815008415773434, 0.9400337566017356, 2.349468664368146, 3.893067021353062, 6.7455509657054336, 10.345215511523804, 4.963219835664319, 2.4508078336391748, 1.700099440001594, 0.3840432181927582, 5.924368458660268, 8.419412316384893, 0.5129788459789211, 2.9045365703776156, 0.9458678756389531, 8.395457396346501, 9.84551510720621, 0.3503418548519903, 2.5058515518554145, 0.6421986818263576, 15.315909257026817, 7.480925149441248, 3.3642437217643533, 0.1483083152846234, 6.214342745043041, 5.575478031360461, 6.509904505696198, 0.27482815548216877, 0.8466648709380991, 0.8109222086142296, 1.2395841745251914, 3.6209645429833586, 0.44901337923920437, 1.7341815042860276, 0.372186792155361, 5.045863597453177, 7.729785313884065, 6.2672422682685465, 28.864034550201467, 0.9698666861807794, 23.50896803890248, 11.424106181762482, 2.5139990134176173, 13.031536821862971, 1.8631524982110648, 2.1283059535903277, 3.0279006152323404, 4.199543864556716, 0.2967206791960564, 9.64800155029991, 13.119677568371173, 10.820820487578999, 7.164254877531903, 0.08671297931982735, 1.4159449855614525, 4.881139226996595, 11.715814838562778, 3.872390235897285, 3.30976280547452, 4.401938497379263, 7.703368520664924, 9.919808522617245, 31.150114241300457, 2.1475170211016916, 2.976915153519144, 0.3179794298030174, 0.5223138928024582, 6.3163513317372235, 0.6594417457457098, 14.672933207820051, 7.700910880251968, 9.395472775512559, 0.2144334420929681, 20.55834846223422, 9.940071783719304, 13.3124648798468, 13.97635456282211, 3.043974711688037, 8.805823239118297, 2.404231592885594, 7.9963310231522655, 0.46592932365456363, 2.516014661858094, 1.0918789431020173, 16.369243923989984, 4.251610610212822, 4.195059234406813, 9.186877835691178, 9.0186337786825, 8.461648270125636, 16.43802999538633, 0.43328589966893105, 1.7102174950255176, 2.0800820301524823, 5.925971815532989, 1.5289636571544918, 2.4311001674205954, 1.8039423552614267, 12.259645008274731, 10.534572905244033, 0.0, 0.0, 0.0, 0.0, 0.0, 0.0, 0.0, 0.0, 0.0, 0.0, 0.0, 0.0, 0.0, 0.0, 0.0, 6.100516732426051, 13.394189171540603, 11.611197156999026, 0.8897765047111363, 5.224694286667841, 0.7135228159212375, 5.2141609560784445, 4.003968727474444, 0.8807630008678871, 2.039280655036066, 1.1833318874653855, 0.7210013429159119, 15.300249002802047, 10.388876151442787, 2.521190172317631, 3.007211283112383, 0.6039781585978972, 1.9100425497229594, 13.873045854211114, 0.5110018003595087, 14.773934042313783, 7.953315138013494, 0.08061452433830141, 0.130833922075567, 0.7585013087857817, 1.7047207111296245, 1.5428182746889263, 4.544183527426185, 0.9781529068457644, 1.0349997621453895, 2.120101540969614, 1.5792798064221643, 1.4890040859166334, 1.8399104739548306, 7.759028301964577, 0.04227847304724719, 19.212560411364734, 1.9468104545957203, 5.273531409029317, 2.7932078164205336, 18.033838857226925, 7.388591120460433, 13.545987757311792, 21.7180043920051, 3.1042723360257582, 0.7964210128322691, 1.0639534725937096, 7.171918373792749, 3.507098744527525, 3.0361179115219272, 0.4401438884736706, 0.603837702568967, 3.1731471701071428, 1.1270213718080981, 4.001247123183134, 2.4647049809045427, 0.2420720315994913, 3.5488917462568565, 4.740519904113057, 1.6590749254161778, 1.5564232807988105, 3.728880583692444, 0.6031324924071555, 7.105125073982435, 5.497911857824818, 3.352050802949833, 5.633227669657998, 1.1283785302965725, 0.9644462313928841, 2.079126972827453, 3.542092790056614, 2.3828329544347753, 2.2739303937061663, 2.1817038599214413, 3.4292250749139725, 0.0028618227233323523, 0.9475619460706071, 3.511774441490047, 4.6636343790207775, 2.602703254686247, 10.108878801234681, 2.4479446637469096, 6.922282928013885, 3.265270823046592, 3.1176274687423984, 1.2202262613470225, 1.4730511346076582, 9.438740052059075, 5.558157712947633, 2.842170943040401e-14, 0.035260232721043394, 2.1373760902680203, 0.5865025809849271, 2.550325318706655, 1.3543309501681264, 0.5974463416566067, 1.95397860633377, 0.7013315265890228, 1.062033488570414, 0.09581761389533483, 1.4276578998236573, 0.0034395751776870043, 0.40468431507868274, 0.40468431507869695, 1.350914127088899, 0.0861198449458982, 1.0772441640718142, 0.9442667565205625, 0.24232640294683705, 1.1730424344249428, 0.17811812560549356, 3.4457576551915565, 0.5755922864635608, 4.841987227077354, 1.773760428627213, 1.0586968408764648, 0.7013315265890228, 1.062033488570414, 3.2423211583889753, 5.499597188731329, 2.2061563557547004, 0.3650340112470758, 0.5436170898366441, 0.7582169299374186, 1.6268829686532627, 2.6015390126321165, 0.5515193027872698, 0.5865025809849271, 1.213943046269776, 1.1513873159294974, 4.6344016268629105, 7.752087173668031, 1.7578109228971357, 6.70202384239029, 1.4995863538546814, 0.6347957197882579, 2.898833260688235, 0.9049124898146914, 13.478118795551865, 0.3049129853401098, 0.5999347219151687, 4.039637105738379, 9.66915853920554, 3.4357203017217444, 3.2545089179193667, 3.1438721620241665, 8.52362580043284, 4.0898016760339, 5.893051435159336, 4.267838654165459, 11.493778971123334, 32.00055936323773, 2.182957994683221, 3.6790587579052954, 4.3050932029425155, 1.2315946804328632, 0.68183843739277, 0.7544403788322427, 2.6709943372854354, 2.215015433184533, 4.134681817406658, 5.884231904814868, 0.29419434093085783, 2.534170010356661, 1.8045457882454912, 0.20652616321700634, 0.8535999299853074, 8.77980685490158, 0.6609856076156575, 3.638379088084804, 0.4800974180184028, 0.4693167361738233, 5.448518813631495, 3.651298541332096, 0.6916852847429595, 10.728704549193537, 8.915409184700763, 0.5527512956969645, 0.5708829072765695, 4.4333957763096805, 3.287539577843745, 2.338963396487543, 1.6565505781441345, 1.568239290404108, 5.705725105045161, 0.3965652904391277, 7.767938968486163, 0.02965061533089397, 3.6891587280072713, 2.8001362931699134, 2.431033488962015, 1.8962826223470302, 1.320267692841469, 10.007069349175907, 5.447774037627113, 3.7291119318068127, 8.53031523510758, 10.745122761406734, 10.535739275779775, 0.0, 0.0, 0.0, 0.0, 0.0, 0.0, 0.0, 0.0, 0.0, 0.0, 0.0, 0.0, 0.0, 0.0, 0.0, 0.0, 0.0, 0.0, 0.0, 0.0, 0.0, 0.0, 0.0, 10.52676402232521, 10.529591692078014, 7.633301608221302, 5.388556804203091, 6.399260511578177, 6.590342598161641, 0.9526743691012314, 3.4382761842547893, 6.068755330034151, 1.0305183927048915, 17.114405459448903, 5.005667380268221, 13.378231384294565, 15.584929131017589, 0.3064980653264229, 0.5126049412044154, 10.574770035691927, 3.924468393573136, 9.48642954206548, 5.302287286231433, 1.3332208915019805, 39.599348898358016, 36.472655673422025, 4.354398333780267, 14.570154822264413, 0.8466762623871773, 3.642614304962052, 6.534894861391507, 4.90394017301702, 1.871968897478581, 10.404861807203616, 2.506100951647312, 5.239578852446357, 4.695905385850523, 0.5429364651123194, 1.4248157716312164, 1.5720920094776432, 4.0581863747464695, 1.03353938702935, 5.585466260681244, 4.812301434557014, 3.222703132707693, 4.012915182559766, 0.8746236846365889, 0.1746791935302383, 4.70322847739061, 12.253070708080969, 10.531634298603546, 0.0, 0.0, 0.0, 0.0, 0.0, 0.0, 0.0, 0.0, 0.0, 0.0, 0.0, 0.0, 0.0, 0.0, 0.0, 0.0, 0.0, 0.0, 0.0, 0.0, 0.0, 0.0, 0.0, 0.0, 0.0, 0.0, 0.0, 0.0, 0.0, 0.0, 0.0, 0.0, 0.0, 0.0, 0.0, 0.0, 0.0, 0.0, 0.0, 4.754780997830945, 10.49526764805195, 16.867055232512172, 0.5382431355318431, 14.576550660585497, 4.87958188988236, 7.067140519004369, 10.940408140757427, 0.8479352210457591, 3.563526985096132, 1.5179948948075719, 1.8922428073117885, 1.050210577770656, 24.536540548918424, 21.369720818839056, 1.7478178663450592, 3.86720329669987, 8.522956322121814, 2.961614651755184, 4.022747773825557, 2.985321826916561, 0.7250983570326923, 2.970339310618016, 7.676208420510534, 5.9637713378925525, 14.66472067042676, 17.8786916537035, 3.1066579973430635, 0.42644505962036305, 5.119733388349459, 3.0230398041010744, 4.691785564112848, 4.320880757965142, 6.136453931992662, 9.7380718582898, 1.4155236815567207, 0.6250937808102606, 1.7061817193336992, 10.574974211297217, 0.6420750897515859, 23.206024948989665, 4.213183444959668, 1.923301850395461, 4.985326693089263, 1.2503618903080849, 0.38498737066669264, 0.31962660024836964, 1.6523545027278033, 1.1545975027422344, 5.978984531092834, 1.0352848813474225, 4.852098124415193, 2.7260677109655944, 5.194505816305565, 7.908216361348138, 42.35108257085599, 8.075050295580809, 7.0424946448457035, 0.6878160774360254, 0.5356412709536187, 0.11731418332189492, 1.123662514755651, 2.1549971913191257, 0.33805309591078014, 3.0288816787831934, 5.430170127068408, 0.9516272586212153, 0.6311061468622938, 0.387555385633334, 5.035695462180627, 3.272969928723313, 6.6676332797468945, 11.465921270566255, 2.666926031813375, 3.6545485839126854, 3.5715007654851263, 11.03684520257292, 4.672744514806141, 10.678194598076317, 8.092251112341728, 8.055233213413743, 2.867565831924537, 3.1557469690303606, 0.30103512438029156, 4.494603224799761, 7.3936192794568285, 7.693471591351113, 19.133459596406283, 4.697107474968959, 1.35753745239532, 0.4033199694696634, 11.670164346860219, 8.150655567727, 4.055443440905194, 5.188486492574327, 8.58799048735574, 3.78395108903959, 2.987653734146676, 0.8274429489908925, 1.4686155691000238, 6.217506689020325, 0.41335750836134366, 9.497704202554615, 3.048121579499025, 0.7445723820753614, 2.9533616154664912, 10.695192038056462, 0.7760925234264846, 0.09033501127260024, 0.4353046594864054, 5.497999607553737, 0.8707480324725339, 10.432166374269855, 3.564253297453149, 3.477865926170921, 7.386720734062692, 11.0942346638613, 1.4068313921929132, 0.7346035676961549, 2.5745131604123515, 6.709516565115251, 1.5642966584101146, 3.5769896665764236, 5.2115480007042265, 4.491683926680793, 3.695400534019541, 6.729619409734539, 1.6112403784420053, 4.020619594972402, 11.583169978354363, 0.5302096925155411, 2.3950153156907845, 2.646537060946372, 9.988566354685673, 0.5655185844789514, 3.999519795712615, 4.821965383292252, 1.988779767651323, 8.307940013872667, 7.713161854847556, 5.142160926253013, 0.825850435800561, 5.72103074054408, 1.3456646674206638, 2.460330129854839, 1.6710687977408156, 0.2121166550956275, 0.3928024361615883, 1.779549843820348, 4.0215187460617585, 0.5395504381761214, 2.941545601938543, 4.2050427868224745, 0.769776150169406, 3.9665188770361226, 10.123313606138467, 10.431146492692953, 0.0, 0.0, 0.0, 0.0, 0.0, 0.0, 0.0, 0.0, 0.0, 0.0, 0.0, 0.0, 0.0, 0.0, 0.0, 0.0, 0.0, 9.738090819377604, 14.976352323470948, 4.518222739704356, 10.69075825560347, 4.603878616842195, 1.7258551085376865, 5.013999791218964, 1.813569234144893, 3.4859386754528714, 1.6830904215652822, 2.497349693383626, 0.9449767805143239, 2.5216108605403633, 0.5130443919289007, 5.367513765063393, 0.3372951262018944, 3.017539095180666, 1.8310937565080962, 1.6426926790407776, 5.17437880493344, 1.2154275398382879, 8.524539541889453, 4.2164015252066065, 5.402702209830494, 6.63725244410486, 7.294329197486377, 34.20640725977154, 13.993973573369516, 2.343441308331535, 9.47034811098996, 21.616093770181806, 9.360991702192052, 6.44722806588112, 0.1672139723955297, 7.448841548403948, 0.6520487609031989, 33.54726938415308, 40.12826421073237, 0.6767410576611326, 0.3360288471152728, 0.49388706059232845, 2.9827943656165132, 0.22140048525264433, 1.141434332032162, 4.4894398321316515, 0.6684519695232751, 8.898415774587917, 10.037904318717978, 0.17031659525756027, 0.01770228843938071, 1.059361185900741, 4.345336062604574, 1.0472654107860393, 7.219444801620355, 0.033593150569458885, 1.528739965500435, 2.8071896331362325, 1.7540248998431593, 3.4090453542634123, 1.6905383393887803, 7.290494576802985, 1.932759614905649, 2.5023401963383094, 6.950262852513674, 21.730028058043928, 5.358888863269044, 7.22254540338642, 4.848873991971601, 2.0512459977985316, 0.0785419614944658, 2.7358337125830587, 2.607414295066377, 19.634933512788535, 5.472879389734572, 17.341814262979312, 2.1127524345640722, 12.537941841472076, 0.24094788300112668, 13.889800499859064, 8.580778338504444, 1.6086111922644761, 4.607359350788215, 4.967846936373519, 3.8040110842131867, 0.2722156558916424, 3.1965593851159895, 1.1337521435883104, 0.44267801053823064, 1.3111206274419374, 0.43671586759765546, 3.255983116578534, 3.255541003407359, 2.7558605063786104, 1.1640280375914642, 0.12808942475152207, 1.4891086211623303, 10.396635235337897, 4.3289344047384475, 4.057844689514468, 14.967930613311296, 4.772578488096201, 10.693326946771919, 2.9795085679405986, 20.9751622955759, 4.490561585641387, 3.54463772625553, 0.2837256540839235, 4.611359131907591, 4.9682583143734576, 4.526044376932276, 1.542974174441781, 4.583472047578908, 5.417083597948647, 7.980174312788904, 11.278134993225422, 20.325261612741997, 2.4713876205607335, 9.004142672074693, 1.1928253024358355, 6.201557559322623, 9.45817350272705, 13.481636455434227, 10.52633231829375, 0.0, 0.0, 0.0, 0.0, 0.0, 0.0, 0.0, 0.0, 0.0, 0.0, 0.0, 0.0, 0.0, 0.0, 0.0, 0.0, 0.0, 0.0, 0.0, 0.0, 0.0, 0.0, 0.0, 0.0, 0.0, 0.0, 0.0, 0.0, 0.0, 0.0, 0.0, 0.0, 4.186349814719982, 10.50225573170107, 4.020565999750588, 16.66906870326187, 2.431887302999314, 11.773112462924331, 10.22114142835801, 18.69426988146978, 9.236803415253632, 17.36821717275336, 6.203755150201687, 9.620047698266603, 5.459893795605183, 10.308639552882141, 12.514250659869276, 4.637840288248114, 1.3602749559486256, 1.5704094881128583, 1.3555438208224189, 1.299360663286393, 1.5023498661763597, 2.0056117796657134, 0.2602294530739755, 2.433226151675143, 0.5538900834028766, 0.7425316380272875, 0.94795248050076, 1.3664243692796276, 6.719218119225786, 8.219874043319237, 0.37038535080417034, 8.171988166845182, 3.235340896204434, 0.6653900705224203, 5.684341886080802e-14, 3.6016202170585814, 3.8557155554798896, 13.368215937482105, 8.520244420244701, 0.0, 0.0, 0.0, 0.0, 0.0, 0.0, 0.0, 0.0, 0.0, 0.0, 0.0, 0.0, 0.0, 0.0, 0.0, 0.0, 0.0, 0.0, 0.0, 0.0, 0.0, 0.0, 0.0, 0.0, 0.0, 0.0, 0.0, 0.0, 0.0, 0.0, 0.0, 0.0, 0.0, 0.0, 0.0, 0.0, 0.0, 0.0, 0.0, 0.0, 0.0, 0.0, 0.0, 0.0, 0.0, 0.0, 9.385206500810718, 10.73596364479431, 12.328922029442822, 7.40289259759885, 18.147536900735417, 0.24544563419652832, 2.5564617024427605, 1.861520077877742, 1.1672651290580802, 2.117921473910542, 1.1043722014539128, 0.6366970902803928, 2.7799362384419624, 3.001506984967307, 0.31694668132573156, 8.304488711613985, 11.192355666441017, 10.480114589325126, 0.0, 0.0, 0.0, 0.0, 0.0, 0.0, 0.0, 0.0, 0.0, 0.0, 0.0, 10.223456065184365, 11.145598055002282, 2.6291245508495535, 6.708144246620577, 0.6584578773021974, 4.832848512421549, 1.4916303259077779, 1.104674975794694, 5.946799117925423, 2.181591076808843, 0.8192464508642132, 4.074135398698132, 9.980717343997469, 1.0965114701932919, 3.139990813467705, 0.3632496028382377, 2.055656978130372, 8.168890345707922, 4.941034626236672, 11.344699685437433, 4.386973906554999, 38.819131450759414, 20.716681875876816, 9.866178743683236, 14.943505944195351, 2.2980049532526152, 3.12444584210175, 0.09105383086141217, 0.49205356671107836, 22.42818792487489, 12.493252887428753, 3.3223805640527075, 5.879264896517157, 2.8016583412736225, 0.5566436876546845, 0.46488065563877967, 7.501443816193088, 4.490394059125094, 1.2293906351644637, 0.7073218318576693, 1.8944465069490661, 2.8138475344932488, 4.222068251648437, 1.0815221347444037, 4.406042704150906, 7.001658882937818, 1.0548781702057966, 0.16198510623227946, 2.6780795779697115, 4.803536966282195, 0.5500647761415394, 2.7357090184835045, 0.42270651945216287, 1.465931230863589, 2.1502823477107142, 3.4538959556189184, 3.456609016503421, 5.510529705896772, 4.888004438106719, 0.24266530480187498, 8.465545799631116, 3.7993185138950594, 1.1587270734150366, 1.9916511083880835, 0.027947907419047624, 1.4019313238937912, 5.03085803808753, 4.972083267753504, 1.5525142400500584, 1.0830238261087572, 4.910194617607999, 0.16517196277484913, 1.2043877775090976, 4.004364400033751, 0.08896739214017657, 5.807583385486026, 7.07021126363378, 1.9133281243339582, 6.364462466658438, 0.9378180083456158, 5.677875684579448, 2.999971369592302, 9.546073200929015, 0.8372507576983992, 3.9768451104914675, 10.104695390496516, 10.343465487149189, 10.501485279230565, 0.0, 0.0, 0.0, 0.0, 0.0, 0.0, 0.0, 0.0, 0.0, 0.0, 0.0, 0.0, 0.0, 0.0, 0.0, 0.0, 0.0, 0.0, 0.0, 0.0, 10.354871634944438, 11.336635733407206, 20.560636651328082, 16.640112876312514, 10.345276353921008, 7.400372433758946, 1.0982683753516085, 0.27271593977062025, 4.855538686366714, 1.4835342709303916, 8.405285873998054, 13.283676662125856, 5.160022440873718, 2.6680587640657336, 8.491429397140962, 1.495410344907043, 9.386000482959616, 16.161714256871733, 2.585582782340282, 2.7057731065182793, 0.7975802519298725, 6.041545159797266, 2.2994568682441923, 0.07407567241313018, 5.889360475982414, 3.358463034083627, 4.913519312244887, 54.33078332748519, 33.228297708721556, 7.563314794653309, 5.572913981502637, 1.1180405773924917, 8.223345284256794, 1.960281041332081, 2.746009986059761, 5.101309263657015, 1.183687004305952, 9.95375934551734, 2.407745988181688, 0.448948359497777, 1.6117584095310207, 1.8406154790067006, 0.035260232721043394, 1.517985754010752, 0.035260232721043394, 0.3740058073509829, 0.7296384634508541, 2.585391506996359, 0.9833031359960103, 3.2514252112909503, 3.762987729700029, 4.637679767007512, 0.3582783973229482, 3.353502930912178, 2.188695634054511, 3.5692469644608593, 1.6278432427033351, 2.6923507823357795, 0.09137088278023242, 0.4891994893704634, 0.5261973249895675, 1.4744257457608398, 0.1049687918951463, 1.0737308350311991, 1.6978920569686409, 16.267161171790264, 51.701116207902515, 3.2325362579951786, 20.05756330641546, 0.6387429835263561, 1.6167352449977557, 1.1666169053931412, 21.70888165399839, 9.508732065163713, 2.9829496402788322, 0.36736222033971444, 2.1899666074879747, 14.882604510214492, 1.6736193684570253, 21.079895940942833, 14.475541325135396, 16.612271239595344, 10.535950919968727, 0.0, 0.0, 0.0, 0.0, 0.0, 0.0, 0.0, 0.0, 0.0, 0.0, 0.0, 0.0, 0.0, 0.0, 0.0, 0.0, 0.0, 0.0, 0.0, 0.0, 0.0, 0.0, 0.0, 0.0, 0.0, 0.0, 0.0, 1.2935693143156595, 11.058610943666537, 11.97993329050307, 1.3307923929928904, 2.7388664301157064, 9.692551029655334, 1.4075409945848492, 8.437821264094651, 2.250028732815821, 3.31612220949512, 15.266447544462665, 5.087159247645019, 8.742910933372372, 3.5066380028752064, 1.215882593019586, 3.705810037958827, 7.584992901990205, 8.718318617364957, 9.09915049500023, 1.9411110253361699, 0.7561965138687583, 1.9797770842894238, 3.7668773546992043, 0.4329615802517992, 1.6018612893216755, 3.0049439225226138, 6.889008493738032, 4.4592564003685595, 2.4277093607208258, 7.980174312788876, 4.824111982262849, 0.29856987546716596, 3.7168692479208687, 4.123953182461378, 0.056397338268965314, 11.89107325415415, 8.612194425978004, 0.6766865562952091, 2.1855225210571803, 0.5071779091428539, 18.5340499581516, 13.675303635406863, 1.4013914333953892, 9.839281198279707, 15.163533764747115, 2.2283645627259148, 0.39228409996823643, 2.4998027274760375, 5.785062809767226, 0.20602623651606677, 4.27196745428995, 9.700775249627753, 0.07221297308745989, 55.71733482583261, 30.693379569821076, 2.8813344418664, 1.0737308350311991, 1.373515419770996, 2.802848424973547, 1.728177814107795, 3.0328874670894805, 0.3455763830804415, 0.6876198922073797, 1.3962511233076782, 4.515769179054132, 0.4471602169951865, 3.7530462190088514, 2.0306796633776116, 5.908041398230054, 8.017986892478433, 0.8692385326269658, 0.9443448665530809, 8.97115999425668, 2.4884453458380307, 4.793649030284172, 0.8784170443913979, 0.08330153980834609, 0.42694741434550565, 1.5165164004209828, 1.7281778141078235, 4.995282857146194, 0.21563293420970808, 4.430403647378867, 8.092113230976004, 9.251056423744796, 0.0, 0.0, 10.577011495610023, 10.577011495610023, 10.577011495610023, 10.57701149561008, 0.0, 0.0, 0.0, 0.0, 0.0, 0.0, 0.0, 0.0, 0.0, 0.0, 0.0, 0.0, 0.0, 0.0, 0.0, 0.0, 4.301289815549907, 8.866610827327783, 3.1716385474412903, 3.0124153839427095, 3.4531060076771496, 0.7726221978707599, 1.442140658938854, 0.3083013030986024, 0.2566785720682674, 0.7683699686370744, 1.2473439338295407, 14.232627844911917, 10.157928167659762, 2.743724942395872, 17.487647831977057, 2.9870646666729357, 1.0421953832596103, 2.810793436667197, 2.1803192729908574, 3.7125812963994207, 11.868567021136755, 36.396400740099665, 17.383295307550952, 2.607215167326558, 2.3132372633353953, 6.484603933527353, 5.574759225133221, 12.721913520057853, 9.532642676431578, 12.354644336253614, 8.081430231512059, 3.2345197574146027, 4.033830551190363, 0.9308189360954202, 0.2441788938190257, 7.60182560174178, 0.7468183555582186, 0.28306215736444074, 0.3413975881685474, 2.0310224731508697, 1.486299272064059, 2.2236671513807664, 3.000198789083072, 9.705738311287746, 7.399308762924932, 1.7085305942455875, 11.092155072454432, 3.2230222268042326, 6.566456610944357, 8.320820410952507, 10.518709470357436, 6.043658702328976, 0.0, 0.0, 0.0, 0.0, 0.0, 0.0, 0.0, 0.0, 0.0, 0.0, 0.0, 0.0, 0.0, 0.0, 0.0, 0.0, 0.0, 0.0, 0.0, 0.0, 0.0, 0.0, 0.0, 0.0, 0.0, 0.0, 0.0, 7.018665536921603, 6.906457268853764, 0.09137088278024663, 0.043480891755422135, 6.100516732426076, 2.8115001495147993, 8.520244420244737, 5.182434939641496, 4.706771786958427, 0.041602861512402, 4.96289291377748, 0.7992152870094884, 0.7992152870094316, 0.9305955460272912, 0.9305955460273054, 0.4151401885678183, 1.325095586352198, 0.0005145089320492957, 0.10286792518780885, 0.7284411623161589, 0.15174151296928073, 3.3513519060309847, 2.6021882832415812, 3.9722827547507684, 7.849751676524086, 10.000380825696077, 10.000380825696073, 10.000380825696062, 0.0, 0.0, 0.0, 0.0, 0.0, 0.0, 0.0, 0.0, 0.0, 0.0, 0.0, 0.0, 0.0, 0.0, 0.0, 0.0, 0.0, 0.0, 0.0, 0.0, 0.0, 0.0, 0.0, 0.0, 9.881531716393084, 11.218536980317495, 4.055154970857686, 0.3035215747630957, 4.18333005111873, 6.115431620131545, 3.272799606506368, 0.27165537759930203, 2.7142817870074225, 0.8444358540209009, 9.004021977015782, 1.1978588866340374, 5.496723347121929, 2.373137245423038, 13.414371416111806, 10.175922983533383, 0.641688353286952, 0.40553555446544465, 2.4235902322405423, 11.686990391518407, 3.636100725186566, 5.784103321845009, 9.188701929729973, 2.2124904243490278, 11.748580655755632, 3.7385845817196923, 1.0822411384912698, 7.464779763709714, 0.020647846668168768, 3.5269140310283547, 18.012464820443796, 12.609809951199736, 4.04928019772791, 1.2484558517439837, 3.022086092381244, 2.9043672522126656, 1.9843117041882579, 1.6440236317137646, 0.4443000841445439, 3.204521751445526, 6.6130191799757085, 1.1544359055128552, 3.053124866398093, 0.6912828667208828, 0.8117985317054774, 0.2053085422687957, 0.8018200422945654, 1.237325143827917, 2.510475238135058, 0.15888436751066592, 0.5078607545578393, 1.3814038282583283, 7.705094096322512, 2.1397555092126197, 5.407735368441905, 5.306328505754664, 4.693797899496644, 3.3427420182172227, 4.735300305639299, 2.2913848107415618, 0.6378566893791913, 8.18305356971672, 0.20683149802783873, 22.343782756521875, 0.9958515018946628, 4.004987302537586, 30.632007462817313, 21.133014824347242, 12.76891518907668, 9.59234629692503, 3.229752868432655, 1.7773859213811818, 0.5213468307600522, 8.140129899527068, 1.6895238249501858, 20.876284042940256, 5.303584517202154, 2.229134910718045, 2.6090498962392985, 5.916333969251568, 0.020747036008742725, 6.943252166097722, 5.826688660993909, 1.0919813388355237, 3.9118600125433716, 5.947861053856428, 0.47989920028624056, 16.438815558054387, 13.21151104055113, 1.6642209978441542, 8.496749869108783, 2.1799897732383613, 4.10341809219247, 18.19554186123341, 15.342895055701433, 8.091584783928454, 7.865755008995961, 3.414213150131843, 5.812531482997201, 1.013291221067334, 18.030779796015167, 13.038888469723531, 1.380078904140987, 0.8087691166165314, 1.6821751746588234, 12.083853413622478, 5.454810934474892, 1.306696572148212, 17.80012780225411, 36.8553902796246, 19.025155023218332, 2.795503011655427, 8.801048429730457, 6.457434769070758, 4.429605797238381, 5.467496951725849, 0.12532580968857587, 3.0598519530117585, 5.2690410715212295, 2.3230475800137924, 5.20930903536896, 0.10084167195742566, 4.224177204760508, 6.396564966688544, 0.4037857563692455, 3.0356150887882336, 3.351057942129472, 9.925706474050287, 0.2933015814604971, 7.570181007924077, 1.3076593761105642, 6.60993340286484, 7.025779814500851, 2.160340902743485, 13.607062946773254, 0.4661471614920458, 3.017623251365478, 2.853003796334349, 2.6836248004532024, 8.053376737472234, 15.226225198277405, 45.42211233534135, 3.789027054560165, 1.155017940286541, 3.464921805615006, 8.4843494045125, 0.07401655419096187, 16.750228400358708, 6.9634693118282485, 9.047944913921071, 2.4045948883316157, 2.873861092245761, 0.9757287249279898, 0.7859463015747679, 10.870477434675081, 13.976650207602859, 1.1485632716668306, 26.367630323840558, 7.892939084662146, 4.507496437615856, 9.262932882715234, 2.5270267821993, 4.076885164416524, 7.8635823940302885, 17.28624372240165, 2.7623500408326436, 25.663559494304536, 7.5995376085829776, 0.3711870550740741, 13.566960670991591, 13.65439603609451, 16.707809178868416, 12.476888681188854, 3.401301110121011, 0.3690902067922366, 4.118836754645798, 4.446799084039242, 2.5442960714256344, 4.26461786306632, 2.6442473439527134, 8.12042150108715, 15.46096292485089, 8.271401673982382, 11.092717336436948, 26.056372433376566, 0.07995506987373346, 4.905429820572749, 0.6905594776322346, 0.9656370308141504, 5.9712158888727345, 1.1464367662991322, 2.241556151240985, 2.0072519516519662, 0.6898349844752545, 2.62480517289481, 4.09014519688742, 0.5439362413320055, 1.7868961277341668, 0.2706024129554976, 2.9970133231589386, 1.012362533740486, 8.558019521972284, 6.849538179915271, 0.6467888395635271, 4.432863335399219, 2.980497226659992, 1.7386043976934218, 5.580924279811342, 0.7171054324706176, 6.088794413790652, 5.219856330487772, 13.322225149458006, 8.977246531151053, 2.6073102896759224, 2.247857969861599, 0.15528901999471145, 2.3084348758904127, 4.004279712209325, 26.14560147487782, 45.339159556173456, 2.6394152170544203, 24.58999361974898, 0.0576146464771341, 29.60389332316072, 2.3979752212500784, 7.112859152244141, 4.6854714633337835, 15.008790485838745, 1.6156817622958215, 8.809997892481334, 5.891134792214274, 6.579904094810104, 23.614918176246476, 10.785358531028692, 29.978531322948413, 24.36200565452168, 2.0621641606322783, 54.673537744381576, 8.851960884354583, 15.974328573571881, 0.015915321088073142, 2.9626267409464617, 0.5112175998901307, 5.1789292260087905, 20.68299525855491, 7.0238917774387915, 3.83430109557068, 19.936420057396276, 10.744419808857927, 2.642273993086084, 0.0, 0.0, 0.0, 0.0, 0.0, 0.0, 0.0, 0.0, 0.0, 0.0, 0.0, 0.0, 0.0, 0.0, 0.0, 0.0, 0.0, 0.0, 0.0, 0.0, 0.0, 0.0, 0.0, 0.0, 0.0, 0.0, 0.0, 0.0, 0.0, 0.0, 0.0, 0.0, 0.0, 0.0, 10.367500169781934, 12.26057896592144, 22.333624748313724, 45.857599347769565, 46.665834580343926, 4.098973363913615, 7.660075904567066, 4.42528432252135, 1.0106691259098284, 5.84869298075256, 0.6086517875459663, 9.303811938400827, 13.694815725369892, 0.9930965582350666, 0.18702256592479216, 2.6558632393534936, 3.574773740561568, 3.285799686754416, 18.277005444844747, 10.535047956836138, 0.0, 0.0, 0.0, 0.0, 0.0, 0.0, 0.0, 0.0, 0.0, 0.0, 0.0, 0.0, 0.0, 0.0, 0.0, 0.0, 0.0, 0.0, 0.0, 0.0, 0.0, 0.0, 0.0, 0.0, 0.0, 0.0, 0.0, 0.0, 0.0, 0.0, 0.0, 11.333656170089895, 25.247030122025848, 10.900599813805968, 10.991319497714812, 3.8049442484661995, 2.3455214011881367, 0.782475815467734, 1.9474699164925937, 9.842701272223309, 7.55730653451667, 39.207394931082376, 0.9410681895329276, 9.26321431429551, 15.394107869579443, 10.541394366226939, 35.63979323411803, 1.870495338283206, 13.975824327795635, 3.405629044464604, 0.8606110721359528, 0.24400731006309684, 3.5531907003868355, 0.39683179914379707, 4.306447233467452, 10.72839917903373, 10.450820293656367, 0.0, 0.0, 0.0, 0.0, 0.0, 0.0, 0.0, 0.0, 0.0, 0.0, 0.0, 0.0, 0.0, 0.0, 0.0, 5.113709340696136, 7.236520657278085, 0.24147918610571395, 2.981978108231985, 2.3292587512414613, 1.4970366221881335, 2.263175347933384, 0.369310361829136, 3.525392296833587, 7.236520657278085, 3.4944291586129275, 0.0, 2.6422739930860786, 4.754780997830942, 0.36645676142279626, 1.4036069603241543, 3.767766425760243, 0.40614472376117305, 5.157263287416512, 2.892484621859353, 0.9010159522354684, 1.1273978264958942, 0.07936754947117208, 1.4789395669555034, 3.8731850261956566, 1.8268351829366622, 2.1303781059459155, 4.3012898155499, 3.4944291586129275, 0.0, 0.0, 0.0, 0.0, 0.0, 0.0, 0.0, 0.0, 0.0, 0.0, 0.0, 0.0, 0.0, 0.0, 0.0, 0.0, 0.0, 0.0, 0.0, 0.0, 9.881531716393084, 14.976352323470778, 7.717042676402713, 0.6407006122084056, 1.89864193668501, 9.092739090769271, 3.8116650731519712, 7.1961926088470705, 8.439802199857468, 23.31955661767998, 5.027852702313481, 12.443837765923917, 14.85095323272941, 9.902357320000533, 0.5612854601645267, 6.73494622051291, 18.296354738177882, 1.8550805040827356, 6.231230130071083, 5.460304629384069, 3.268163130444975, 2.8709963326264187, 0.9279928441504808, 0.9868705483143003, 7.34075248613118, 1.3408340090135198, 0.12051715002695573, 5.563992144843326, 7.920757648115, 4.942693030340507, 2.420331297882001, 0.06547113662338688, 1.5361277045413146, 0.2338975905549887, 4.167501050735325, 2.5621349678091008, 1.6680625648212128, 1.45191404807926, 0.5885686559446128, 0.2778062006945845, 3.4858070926863434, 5.35396907505438, 0.666314849302097, 11.735434982857413, 9.546759249773885, 10.72144114434775, 10.466590820114675, 7.934192643246661, 11.059810433110385, 11.431515737204094, 8.89329270616156, 5.893051435159336, 9.738090819377604, 0.10687331787514154, 2.359191219009162, 3.792362654071326, 13.511425825199524, 52.10758999458406, 11.88853692568307, 3.81645856623652, 3.615705951514826, 34.74940599451253, 9.14109711667777, 37.40898495432373, 7.844339119828362, 0.21994755873919303, 1.9494014234047654, 14.166520495714963, 5.8374686860904035, 5.0136033629081, 8.129787939372932, 4.73429253923328, 9.754009733325773, 12.384799706500587, 0.6881840896022311, 3.1136800807609006, 12.10685554731515, 5.589326061194811, 27.97169945317438, 0.08864452525870092, 7.1297666379817315, 6.553401440767004, 15.07837952129671, 1.5657735565980602, 19.6920129994611, 1.9758197814285268, 2.631278058928217, 4.903509589935311, 10.953373457608222, 1.39132431527554, 3.8095939284498286, 5.069809765197419, 1.1075261080608243, 13.582053140363541, 2.44077040264483, 0.7164361928246876, 6.53396151542637, 0.08039632782697481, 11.819010020651092, 7.119888265475595, 2.1202879152666014, 5.806523129628204, 37.74291221020479, 13.551285533564055, 5.2459050117048776, 9.314295164454222, 1.7321435365446973, 0.38375372844706135, 0.2748016656456116, 0.14171121102890538, 5.778368667690501, 1.4048348927189807, 4.968253305308195, 3.890137042866627, 0.10986804499751202, 0.6013248681142613, 0.9691016126642467, 0.11072464340054466, 16.238748453464353, 17.120206725178804, 9.034282715029207, 9.430381587427604, 8.641537479623906, 7.092864951402589, 42.212795416360336, 27.14321251258906, 4.439119893681266, 18.277005444844704, 11.23918533704402, 0.0, 0.0, 0.0, 0.0, 0.0, 9.613093347073558, 11.058610943666508, 6.206575489898597, 15.39979192787041, 6.662795754471517, 10.117584212096688, 15.51333510185043, 5.768719449338249, 0.7641580575022715, 8.229590720175082, 11.530692995281811, 29.05558158194765, 5.561554493954645, 16.733476473445194, 4.790940868748237, 4.183102590402655, 4.4501075896898215, 5.867049476662771, 7.761255974947801, 4.276316641405515, 2.3013860964057358, 4.043359051068364, 7.7772128540033805, 5.948950291360518, 5.476584722464565, 6.530725323257116, 0.7986462973242965, 0.6596977643553714, 6.423101211684639, 2.447524705452338, 3.1679973783387254, 1.4740486543968814, 6.5517524714191495, 3.0835066108490423, 10.761276775191277, 6.790064279509295, 16.150275473061242, 11.357140048287306, 4.899173483573463, 1.047741778060015, 0.804550812351863, 0.684438781663971, 1.3683775152466637, 31.964060073103326, 21.731940204063307, 8.832067212773183, 15.086422258781653, 0.8023747273832669, 16.898610814394942, 0.8023747273832953, 18.094532149510286, 0.8122324181888132, 16.52904089516838, 1.2460337347897905, 4.946857966418293, 3.6672926513865036, 17.333411878187604, 8.32000694507775, 8.539929977921844, 4.186822663206669, 0.1711754849259819, 3.302827333233722, 3.1452242949411016, 1.4284620272304096, 20.47400203510648, 0.04633616988493827, 5.129943301264575, 0.14163552590696327, 5.20170585292658, 8.37381869290644, 5.500583841092578, 1.1238287583649367, 4.96037033287422, 1.5632122335085796, 4.28844735761254, 6.295666721282146, 4.2870708898191765, 3.4195185686819514, 6.966180301696568, 6.598143383816591, 2.266556483378963, 1.3186527466438633, 3.246416931013272, 0.30187802366205574, 2.807515168536554, 9.652895496380182, 3.156426440484836, 7.637598599567838, 3.8468682941403927, 0.003805404655736311, 18.79224895866355, 3.465042672662662, 2.3050502253105662, 5.13681246454928, 2.6460531277774066, 0.31307064012651153, 5.542746607296806, 1.8187945220004735, 35.56183790582077, 21.71880830871754, 1.4261628471150232, 20.219439845331692, 24.705356914447577, 1.5326011769043646, 9.262532438430867, 3.425511616469578, 6.724532749532898, 13.20672161376018, 0.7670333426826232, 6.9349438020864795, 11.02569588063028, 5.116225133160242, 16.27132550964211, 24.82736944721063, 1.5411944575602377, 5.197080162114986, 7.8936849299222445, 0.18092923415485984, 6.656097072586817, 9.960697863120174, 7.432174261429907, 10.538267555878349, 11.206461811215433, 28.213967993448875, 4.3138034158873495, 8.49258456195983, 8.543980175066423, 2.8942614395820954, 4.651822955470237, 21.337843505643832, 0.6117025831063643, 30.017636489995084, 3.0129969187659356, 38.09607655518519, 3.284173746199599, 13.858369006687099, 10.934565242551173, 27.721066795998127, 4.410967164706449, 17.667980990826095, 1.6774009078498011, 4.478394000171903, 3.2211555454826453, 7.549915658436703, 1.1568230775226311, 0.984495150802843, 1.3382911713708836, 7.1459024017210595, 6.75615299768225, 0.748479809304726, 9.987054778158239, 10.15641653336738, 0.0, 0.0, 0.0, 0.0, 0.0, 0.0, 0.0, 0.0, 0.0, 0.0, 0.0, 0.0, 0.0, 0.0, 0.0, 0.0, 0.0, 0.0, 0.0, 0.0, 0.0, 0.0, 0.0, 0.0, 0.0, 0.0, 0.0, 0.0, 0.0, 0.0, 0.0, 0.0, 0.0, 0.0, 0.0, 0.0, 9.152554515336519, 10.641810192400527, 0.9445027150723462, 0.07848111466844898, 4.434342999887136, 2.01218332354631, 4.763536218369524, 4.974111500223813, 0.14839727926192836, 7.966353236328246, 0.32858631273509786, 16.992178875003674, 3.299764374035732, 6.287932486226623, 10.319507412289738, 8.526512829121202e-14, 2.691327669460577, 3.284274476602832, 2.309099997449948, 7.147872955046495, 10.252162862822189, 2.642273993086082, 0.0, 4.754780997830952, 18.277005444844548, 18.255513145917746, 0.40990921995873464, 6.335824033067183, 1.0533402884946383, 2.90487943496899, 4.145237939374425, 5.105933468051376, 15.134608742447682, 0.006655681484488696, 14.401063464819373, 0.24744167825673458, 1.3384108733070832, 2.920757634721639, 8.714098428063437, 0.17049598643995978, 3.39426780714885, 1.1538362579267414, 1.3245750428115457, 2.1581270685152276, 1.820113058206175, 6.377788057840718, 8.497497223078483, 0.8831634461974147, 2.7964155070946504, 0.04587083682423554, 2.104995230092925, 3.861410776425572, 7.005262832973983, 3.7394098309981416, 11.074896283422845, 7.10580039818575, 2.463182850622843, 0.9619746775072713, 0.3752243130970214, 5.147651696349641, 6.117732376159438, 29.949343671607068, 6.637289006068329, 15.908179041374353, 12.251750677390476, 6.828195815308163, 14.203191682939462, 0.33564388038874426, 6.786621991875393, 16.612271239595202, 10.520340924538772, 0.0, 0.0, 0.0, 0.0, 0.0, 10.5142923578575, 10.388985601805999, 2.147632437832968, 0.5006133054841087, 1.940364533533284, 0.777117654354953, 4.35473056255438, 2.062055853997606, 13.160765484740068, 1.5648529544976952, 12.405577378983821, 5.584000246527154, 2.820557227222565, 9.720081599253831, 3.342273440387288, 5.0434124119118735, 1.2088891663165953, 0.4265408775369792, 4.035548129171701, 1.2790358477143968, 6.23032670778781, 0.09398226973988244, 2.3539545210427946, 3.8680357287318543, 5.6071907652253685, 0.8942292255061375, 9.018718364876747, 12.406231482616931, 9.647948650754614, 11.971888832974344, 7.240254263793645, 7.662861282205796, 0.8908557578942009, 0.07370133062727291, 1.2461395898214391, 0.03220801599366041, 0.9174785354472021, 8.65599702006881, 37.25451987948634, 2.596309974209646, 12.499589975365495, 3.138339454058496, 2.2259791777598252, 6.701554446571208, 5.676622213434541, 3.4473553464988527, 1.990257601612626, 18.395820048420546, 16.604337415902705, 1.087469126309884, 6.699549134100266, 0.00955037902639333, 1.982218024540714, 3.5395940991997463, 0.7858473971662647, 3.889746458380614, 1.4508711920666997, 3.5687151203439953, 6.929024169336344, 0.6975856055451288, 4.77969651466293, 5.428434327169043, 5.578451316110431, 1.5192887068722314, 1.0527414646316515, 0.8915318094326494, 4.424206316298665, 3.44110675218451, 0.8603589590841239, 10.554504517097769, 7.85421624011002, 38.79308665774295, 1.346038947976183, 18.698517754727163, 6.695169583148925, 9.68446541554863, 1.680873207708629, 9.982457244812394, 0.14879583310607813, 0.38166434068062927, 3.085714701055565, 0.4494656581439074, 10.959663728815912, 17.28634701050626, 0.2989728358471666, 16.812577767624163, 24.226387695106666, 0.41325251943743524, 13.269796225187747, 5.737962311424383, 11.32987755559391, 10.488578523775445, 0.0, 0.0, 0.0, 0.0, 0.0, 0.0, 0.0, 0.0, 0.0, 0.0, 0.0, 0.0, 0.0, 0.0, 0.0, 0.0, 0.0, 0.0, 0.0, 0.0, 0.0, 0.0, 0.0, 0.0, 0.0, 0.0, 0.0, 0.0, 0.0, 10.29474609206624, 14.976352323468348, 17.871986208964188, 4.391019404052145, 4.301817561651262, 1.0830238261087004, 5.574289329079775, 0.5291115771292567, 10.432837417969566, 2.4379781661823046, 2.6393638729873885, 4.851189041101463, 1.9390777503769385, 1.2352520573446384, 1.2001522747256104, 0.44639092293682836, 1.727358673409796, 1.5264761144839696, 30.092224498294456, 20.141976661270547, 5.87354363594261, 4.25200485363132, 1.7512898608549392, 1.872980092893414, 3.429485555493386, 3.8243753419162942, 3.789660866729662, 4.618553308718475, 11.80700689003595, 6.756969722015015, 4.866201496253467, 8.644327125196241, 15.811319021307241, 5.1568418493368995, 25.558669230173564, 6.934161884138774, 12.970132175820368, 3.254102381544442, 7.558290396725084, 8.98239109941656, 18.277005444844647, 9.190772554682539, 0.0, 0.0, 0.0, 0.0, 10.146444656231054, 11.098173269626201, 0.047893213473344076, 1.1390053304340313, 2.0390370290638202, 2.195977937952989, 0.6329612744192445, 3.63533085250549, 0.6675546508596142, 1.0558576304433984, 0.08688273172896288, 0.5950394924043678, 1.1038370218306852, 0.4930321539416127, 3.620215983529363, 8.461395602128022, 7.539386055433397, 0.4201513513795305, 18.29997754847318, 13.61892930954059, 14.063510689582756, 9.68982232121158, 3.4103978782433444, 1.3791332968519896, 0.12814347703613294, 2.779101892951502, 4.424198952470476, 3.222245404138789, 2.7688339897677565, 6.630111088614427, 5.324499186548962, 1.9190640472145901, 7.924921466644889, 6.539549513842843, 3.8252344062072723, 7.836480926755996, 11.827049595816845, 1.1375431237894418, 1.0241304946583227, 6.581892447857058, 9.314294186529139, 0.5753496499081052, 14.718517022395076, 1.9077360983311564, 14.705875607486746, 3.6065934076514736, 10.990947012254566, 0.35079466493809264, 8.836111736477477, 4.6914473377863715, 5.324528416124622, 5.459141600729765, 3.3734974759107104, 0.047685004868981196, 4.672352072495187, 24.572646988346946, 12.723957732943006, 17.60300437552712, 23.363050367977024, 3.8449245529372433, 4.810500462477933, 10.470687622900073, 0.21951998206060352, 26.306696554604912, 7.883177276598644, 5.5237190795164395, 5.6624088703349, 4.184685463953542, 1.4335590703201433, 10.47448551457768, 0.3625894839211128, 5.858191196465214, 4.62312052716112, 2.0298967838575095, 7.733663889526014, 1.2038184307642439, 2.0768215999788993, 0.9592576697125139, 15.465620976482796, 17.597487510285106, 12.942188888096041, 25.75358004072598, 0.8233428010568105, 5.389706792463812, 0.27146706806573206, 0.9575393714678171, 2.7103607866934, 0.1944224326595645, 1.132916571484941, 1.432112595361005, 4.01025718125922, 5.172151883165327, 5.176441396722993, 7.943998395835678, 3.1736560200144197, 1.3813607933081755, 2.8852587502329925, 1.1832367372951467, 2.3764113871753807, 1.3533450264602038, 4.359507481642794, 0.7145203083982494, 1.3690284979894045, 0.8817887397933646, 0.2990834789546568, 3.4748175966470285, 3.8855117543576796, 4.150246521527151, 1.5392879573026619, 2.574327449666839, 3.2418972829223947, 0.3852405715299341, 2.1618328092278176, 7.798424375521421, 4.8349090548675235, 0.2027414965444052, 1.2663872891738492, 4.8676755792636754, 15.414035743457504, 4.654430140736366, 9.134778104996357, 3.2608449209456296, 1.6361468980008453, 1.1412756277294704, 9.177960851055047, 3.418183836981896, 1.5334427119446161, 5.813875187577722, 0.9645134710214336, 1.1190910608791, 3.744760968901872, 1.474425745760854, 0.9415109884747466, 1.3733178709914284, 1.75159006133282, 1.2242709125012254, 1.042245770742511, 0.14864090164576282, 2.8303689334977378, 2.640759261093109, 6.373443418045383, 2.842170943040401e-14, 4.249121703423555, 1.8914965700524249, 0.7432744775511395, 2.9344461730981664, 1.154687793342319, 0.12726382964230254, 0.12726382964230254, 0.5511729209722773, 2.0457975590798867, 0.19947893741310452, 9.560692121188723, 1.3945750616074406, 9.921503436475106, 8.801375656974216, 0.34407638539933316, 2.0006070481309735, 11.76853593325363, 5.113709340696129, 0.0, 0.0, 0.0, 0.0, 0.0, 0.0, 0.0, 0.0, 0.0, 0.0, 2.56713897855483, 13.368215859177482, 11.441334371976652, 6.651714717564289, 5.518742010961148, 0.7115461921048336, 2.34385668495176, 0.09601808399182232, 0.07979869646322868, 0.7329681350267379, 2.134652616569184, 1.007465324197426, 0.21366696479549319, 0.10553956964616873, 0.43286523520416154, 0.0288928165790594, 5.2684710451421495, 5.652224206064147, 2.376484862371285, 1.5663330479693514, 3.0178707979724777, 4.551066113310753, 14.302662226582243, 2.0067222823231248, 8.21490061321191, 2.235128949831136, 4.14959341831252, 3.7998423401764967, 9.785725226748326, 5.337401464170057, 0.024648168487971134, 4.318129014871118, 3.624485716260722, 7.996341712621756, 0.6171637382767585, 1.5269876561335138, 3.2510763132425495, 4.914983360805195, 3.072406366905966, 1.1897377022501416, 0.8275201268364185, 0.2698818293564216, 10.588154129361584, 0.8621433212077818, 23.45466726856671, 2.9489169406949713, 2.582937432849576, 1.0027718829082914, 10.83785778209301, 17.990810849736334, 3.734788844377505, 10.395724067040106, 8.58360251993605, 7.242660959253783, 29.635446209061058, 4.0996281330920965, 20.010707414157878, 0.40024456715826773, 8.113623390513311, 2.324101444954181, 6.711837738693191, 4.2463760155254135, 5.353314825074563, 10.191935638256382, 8.35642909677938, 1.8079087216372614, 12.686900990932315, 0.9125285870921402, 4.646514221994096, 1.7761041349826314, 1.3683999015963764, 7.393099578398335, 19.971649543578707, 10.522802004899447, 0.0, 0.0, 0.0, 0.0, 0.0, 0.0, 0.0, 0.0, 0.0, 0.0, 0.0, 0.0, 0.0, 0.0, 0.0, 0.0, 0.0, 0.0, 0.0, 0.0, 0.0, 0.0, 0.0, 0.0, 0.0, 0.0, 0.0, 0.0, 0.0, 10.525970641245955, 11.297526124816741, 10.660620404246202, 6.700491586325427, 1.7893708469633225, 2.595355947571022, 4.978136508422153, 2.8273845385675145, 0.4229718007416352, 0.648823891808604, 4.1589682994717805, 5.149520724281473, 2.696048910660352, 16.723871380521274, 6.962366063590224, 5.463310566804324, 30.912414986755664, 1.5219753924434372, 15.33851075683316, 1.5852753148421925, 0.4521922634054363, 0.10177736446780727, 1.8906615818912655, 2.959710236589615, 9.315910046656825, 6.201266521105197, 10.033505135239011, 5.124368504884956, 6.821401732885306, 1.517697923506205, 1.6097600655350277, 3.275930151115489, 5.248746567075074, 7.658277995597928, 1.0749827792648148, 1.476161915332483, 2.791153958171236, 2.9408305366959553, 15.471680850284315, 15.4603951429537, 7.8555891105303886, 6.037361226038797, 5.494693957550965, 1.4230980031242666, 3.2890745191883752, 1.8594294879540598, 1.6336900700144952, 1.4092978709318231, 1.2979007522118593, 0.25118748442565675, 1.2381337156771508, 6.0482889816284455, 0.2936297460266246, 6.698152697597294, 30.076813787654913, 6.70280234607992, 8.200267303413142, 1.860856020670667, 1.0273715012482967, 0.9221879655680993, 0.5408166871393973, 1.9509701767065337, 4.698949993749636, 1.0207405747873395, 4.460687549163509, 1.8750185897411598, 4.928303538307858, 2.4660716326538648, 1.8962158053622318, 6.402569891799828, 0.5273026845141544, 13.566506329023042, 0.34264731118602754, 15.52221932536824, 0.3265686527317371, 7.599936911327887, 16.948153879128, 1.0591766246601537, 19.639791821435665, 0.473754650030088, 1.4688419699845952, 9.188334958881029, 5.6049209001964755, 0.7907310125577709, 2.929398929558687, 2.3016307540227245, 0.267240596136503, 2.662763336296564, 0.09073650416087276, 0.12144921704390299, 2.364843851247258, 0.585582251804226, 1.0496431076773263, 0.462080204637914, 1.690094786487407, 2.5777496764273167, 0.12793671671440165, 5.331830095368872, 3.393973504266711, 0.5886703477908668, 1.298323310318466, 3.3356532897951894, 2.413421660280335, 6.0491554975263, 1.2128376876580091, 0.16248466201460587, 19.961350459602556, 33.25500669779427, 0.14524287505378197, 9.045462987023427, 13.445241444061878, 1.2242431790912178, 8.212239248031608, 2.2786657939196857, 8.626884851525858, 4.565256277499742, 9.116689262149976, 1.191818004281373, 3.454987691587803, 4.485989080627775, 5.223954047519214, 7.388901703251349, 1.4218346513354447, 7.388901703251349, 6.772528188138182, 16.45185856077535, 2.974057487232301, 0.40518839928404304, 2.240479012546814, 0.7903812531582446, 2.08660984083113, 0.3705274672228427, 3.2619437542587377, 2.18467687320873, 2.6394311477840233, 9.862299059516232, 0.9039988941877937, 1.0476852362155569, 0.7529295224386772, 5.188556202412087, 1.6274185774756802, 10.610353298910354, 6.658643697852767, 17.391623016020503, 1.6354144743952475, 2.507877276906072, 1.790732603253332, 0.032385783122265366, 4.659697486625419, 24.4000677281536, 23.74341336747733, 8.566273455287046, 1.085212544254091, 0.3472417993263264, 1.4037655415833683, 5.099426372083997, 3.7518051941129897, 0.967750236516622, 4.702302173019973, 2.933033872855276, 4.872325244780427, 6.917731832664629, 1.3950742409394365, 12.291249113688252, 6.373545942327155, 20.51472103929666, 0.28347882601468655, 15.649268575166218, 5.104740183204228, 4.698067635410666, 0.8319760052210654, 14.13351460582669, 13.472618041881347, 8.893292706161532, 0.0, 0.0, 0.0, 0.0, 0.0, 0.0, 0.0, 0.0, 0.0, 0.0, 0.0, 0.0, 0.0, 0.0, 0.0, 0.0, 0.0, 0.0, 0.0, 0.0, 0.0, 0.0, 0.0, 0.0, 0.0, 0.0, 0.0, 0.0, 0.0, 0.0, 0.0, 0.0, 0.0, 0.0, 0.0, 0.0, 0.0, 0.0, 0.0, 0.0, 0.0, 0.0, 0.0, 0.0, 0.0, 0.0, 0.0, 0.0, 0.0, 0.0, 0.0, 0.0, 0.0, 0.0, 0.0, 0.0, 0.0, 0.0, 0.0, 0.0, 0.0, 0.0, 0.0, 0.0, 0.0, 0.0, 0.0, 10.482549469274602, 12.186433323434045, 11.325906493583304, 0.9869847354028991, 8.712103540942223, 1.8331812457563785, 5.643052458274894, 11.64812114120312, 13.39951443328357, 24.46054672463913, 0.6314157580262645, 8.067601161093023, 5.247416934286434, 4.75488317373015, 5.543541835416818, 29.881168901170525, 20.49949567945248, 0.6700086124309905, 1.796697791024286, 0.1585499070447156, 1.676918191701418, 0.7043971595286962, 0.588049481469028, 3.0289065407103237, 0.0726465192358603, 1.9229271921852842, 0.9690653523188644, 3.4219920968326107, 0.7145203083982494, 1.2498737202492407, 1.8710336411978403, 4.215181914928394, 8.060198852252384, 1.4352480772656833, 14.976349745603855, 3.112475721118514, 0.9635682971227766, 1.3135307691249523, 0.9097524565167703, 1.1843159550399491, 1.4934098667816045, 1.3869004050933285, 1.0127816029172934, 1.4210854715202004e-14, 0.36645676142278916, 4.086837259171077, 5.200167761018335, 1.9461944395555975, 2.356388379298167, 14.400381640732462, 23.44492518452512, 8.998092526537562, 19.873081923567668, 0.39771119192187143, 15.608375017784397, 6.991892346630436, 12.075798182739447, 1.470093009735649, 0.6046728747081147, 6.277112602115608, 2.6713139464652045, 36.52012769673041, 13.165401969200104, 8.227530988758247, 15.388631985396955, 9.297883100888725, 1.5309548382842877, 29.79531246372062, 20.625881449068572, 1.7799709071838379, 5.426543587474384, 3.6148470296946016, 2.345456880011966, 0.2005390126786324, 2.7443078127151352, 8.51126210777511, 7.566908579860694, 4.067997668174797, 9.684079255724953, 0.07075282156228013, 2.0851970251253533, 0.6641769008213885, 8.474944351705801, 20.603507065725466, 14.475895706561062, 25.8926305134284, 0.3325972808947313, 1.2497292552621957, 1.2604177723187036, 0.8502271239809716, 4.403084712409225, 1.0493284166446415, 3.657806139118321, 2.374058206029588, 3.9253724227241378, 2.458987987564967, 1.467298255002163, 4.941244004745499, 6.059190148099049, 2.473343871124655, 13.655562464029572, 7.585970912010282, 4.1363279022227175, 4.539032873572154, 1.2793779864278463, 0.834710871542427, 1.7239455143610485, 4.942831040141641, 5.557439741881694, 1.8264609734330293, 0.7530545378440934, 9.351402759097596, 4.44875260496832, 6.206046288438529, 18.520215092586625, 25.79487416773611, 19.157380885785187, 0.4001800796794157, 0.6220412143843816, 11.438447283392833, 7.360135845539787, 1.9291975729994135, 10.567277748308555, 26.493670335770105, 9.684084317856389, 6.369431163684908, 34.75943983001528, 12.013344136363088, 11.163888278040787, 23.40295210638078, 1.5197208876374475, 6.496690917985433, 3.906744718686042, 5.901704734745692, 8.918916308460211, 0.4574911510564448, 2.558575556214521, 17.81589286098267, 14.414932356909873, 4.552659310824623, 6.9863518159408216, 4.281098480273954, 4.238406289924114, 9.718238751238744, 4.650802679424487, 3.14077010099345, 0.5763373649422476, 9.250069542255744, 12.838993572287592, 8.608080265742444, 3.400095472218254, 3.141450952043158, 3.026283818070283, 1.4178706120477784, 1.4398363203542033, 3.4546866531964042, 1.16422347960318, 5.954647068730139, 10.959184502074265, 2.8182922026777533, 0.4404663817984442, 1.6276227615984453, 11.128497789495214, 9.160942388126728, 5.778990470803535, 20.768065688457227, 5.814945202474689, 29.860641916116776, 13.38490407974956, 1.71816601231194, 12.722712191431128, 3.5301697840494057, 7.489042587968697, 4.639792921731441, 3.925854767919219, 3.0092289007481554, 11.203059703479084, 5.585219433794492, 6.192834725696173, 13.446847294669965, 10.484821175124068, 0.0, 0.0, 0.0, 0.0, 0.0, 0.0, 0.0, 0.0, 0.0, 0.0, 0.0, 0.0, 0.0, 0.0, 0.0, 0.0, 0.0, 0.0, 0.0, 0.0, 0.0, 0.0, 0.0, 0.0, 0.0, 0.0, 0.0, 0.0, 0.0, 0.0, 0.0, 0.0, 0.0, 0.0, 0.0, 0.0, 0.0, 0.0, 0.0, 0.0, 0.0, 0.0, 0.0, 0.0, 0.0, 0.0, 0.0, 0.0, 0.0, 10.531354335667316, 13.481664473254327, 2.0329515534400002, 1.150485327288635, 1.3405768564371954, 0.03883781133026787, 0.15688095701543148, 20.106257979068346, 31.902442110924596, 4.97088811425337, 2.812730962768029, 3.04560486727857, 2.244752519708129, 0.6824457137428226, 3.6549524558114967, 2.048172542347686, 7.133277244354474, 5.130849080653547, 20.52779177155398, 0.09907954382762796, 13.071498675985282, 4.093961004310302, 0.7325539835320569, 7.761565518667226, 15.912612484513375, 12.91322144571231, 12.257590689131277, 10.322688370136504, 0.0, 0.0, 0.0, 0.0, 0.0, 0.0, 0.0, 0.0, 0.0, 0.0, 0.0, 0.0, 0.0, 0.0, 0.0, 0.0, 0.0, 0.0, 0.0, 0.0, 0.0, 0.0, 0.0, 0.0, 0.0, 0.0, 0.0, 0.0, 0.0, 0.0, 0.0, 0.0, 0.0, 0.0, 0.0, 0.0, 10.529249497547127, 10.520921541807922, 0.5201078732170004, 0.24099819274044876, 6.6586037091837795, 10.033005011606633, 10.252162862822232, 9.010737635450432, 0.0, 0.0, 0.0, 0.0, 0.0, 0.0, 0.0, 0.0, 0.0, 0.0, 0.0, 0.0, 0.0, 0.0, 0.0, 0.0, 0.0, 0.0, 0.0, 0.0, 0.0, 0.0, 0.0, 0.0, 0.0, 0.0, 0.0, 0.0, 0.0, 0.0, 0.0, 10.00038082569607, 10.641810192400555, 5.947475138769363, 11.556605916184765, 0.6185986391585345, 0.3308038358418912, 2.2163063564694596, 2.180656394709473, 5.775168425659274, 6.811846519959914, 8.702167668175576, 1.727743600308827, 5.107663990912641, 4.240217640189087, 3.899222822287186, 3.8859575945436404, 3.8953307525877108, 0.5772136770683574, 5.5473559737692995, 0.48641035999244764, 0.24192470524224063, 1.9886729328251533, 5.799492296078313, 5.170219522776108, 4.8363468006896255, 6.959091295431932, 3.402491624678106, 2.20053383793703, 3.9516892644357995, 2.1116525190142283, 4.432619595023709, 2.640793106289493, 9.04552163847734, 4.479753509025244, 3.9888056469201274, 7.901013729848984, 5.052824333831865, 5.959050171536006, 0.4502387391490288, 2.9146553157344783, 6.280815767082828, 0.07516671997331059, 6.826375498468678, 9.685747933400307, 4.432564333416707, 7.1735704930826785, 3.427176338280333, 28.582538570901477, 0.5959736828486655, 14.565275371952112, 15.004187572618207, 37.97747732812536, 0.5539330594671696, 24.43988537355176, 44.12580558107754, 14.921422952753318, 1.8492281984654966, 4.671995283820735, 14.801519506661975, 1.3164146779285772, 7.100793964453231, 8.514386558893435, 9.475417369767499, 2.642273993086084, 0.0, 0.0, 0.0, 0.0, 0.0, 0.0, 0.0, 0.0, 0.0, 0.0, 0.0, 0.0, 0.0, 0.0, 0.0, 0.0, 0.0, 0.0, 0.0, 0.0, 0.0, 0.0, 0.0, 0.0, 0.0, 0.0, 0.0, 0.0, 0.0, 0.0, 0.0, 0.0, 0.0, 0.0, 0.0, 0.0, 0.0, 0.0, 0.0, 0.0, 0.0, 0.0, 0.0, 0.0, 0.0, 0.0, 0.0, 0.0, 0.0, 0.0, 0.0, 0.0, 0.0, 0.0, 0.0, 0.0, 0.0, 0.0, 0.0, 0.0, 0.0, 0.0, 0.0, 0.0, 0.0, 0.0, 0.0, 0.0, 0.0, 0.0, 10.526399326053209, 10.730787142153659, 3.9248228575015958, 6.053150260583948, 3.411127731253771, 3.99447260977837, 6.048274293493705, 0.9553181111826632, 3.438597989450926, 7.365786376023493, 0.8218249323419968, 1.811520330983626, 2.0014574512716763, 4.568779558337951, 1.1221997516538522, 1.9030880767427618, 4.444675049362729, 5.214829038065744, 17.39064238666569, 10.741094898347797, 4.754780997830931, 0.0, 0.0, 0.0, 0.0, 0.0, 0.0, 0.0, 0.0, 0.0, 0.0, 0.0, 0.0, 0.0, 0.0, 0.0, 0.0, 0.0, 0.0, 0.0, 0.0, 0.0, 0.0, 0.0, 0.0, 0.0, 0.0, 0.0, 0.0, 0.0, 0.0, 0.0, 0.0, 0.0, 0.0, 0.0, 0.0, 0.0, 0.0, 0.0, 0.0, 0.0, 0.0, 0.0, 0.0, 0.0, 0.0, 0.0, 0.0, 0.0, 0.0, 0.0, 0.0, 0.0, 0.0, 0.0, 0.0, 0.0, 0.0, 0.0, 0.0, 0.0, 0.0, 0.0, 0.0, 0.0, 0.0, 0.0, 0.0, 0.0, 0.0, 0.0, 0.0, 7.312221693320819, 8.060198852252377, 0.25627859123101615, 0.9442667565205483, 0.5094219534611142, 0.21580273899398605, 0.5047851902661904, 0.5587974616607596, 0.5047851902662188, 8.54910313693928, 3.6834846573796085, 3.6236988530279604, 1.4853055078795308, 0.346658302070324, 1.910110015501104, 2.3554631787038716, 2.1575899621526062, 0.5746156728130245, 2.0812036429554865, 2.157589962152585, 2.31120091944117, 0.5441635299100582, 1.62509389831812, 0.20216657715773323, 0.29048517896821124, 1.841317108355618, 1.325095586352191, 0.6383307193600274, 4.348154815684239, 0.48647384862660203, 0.9479079850708416, 0.5713156267287332, 0.4734420263810435, 0.3100755570979814, 2.619512398999973, 4.839078135520481, 0.3803509434738146, 5.766163945775489, 7.766968800949854, 8.427527723260429, 0.0, 0.0, 0.0, 0.0, 0.0, 0.0, 0.0, 0.0, 0.0, 0.0, 12.25956641629385, 19.971649543578593, 10.178332327388205, 4.520308890820672, 0.056490348184127015, 8.401527183670282, 5.785082712292649, 3.0227580910111556, 0.5565048207532755, 1.1322919617043112, 16.602564054960965, 0.48358468987723313, 1.5691234000904615, 0.20209499770663797, 3.3927413908579354, 0.5495553028413838, 7.5970037771249395, 8.83794216656338, 7.506025267271923, 1.918886541882273, 4.205694186406561, 4.776829760257328, 0.17098561564046122, 3.102945598069681, 0.23671545959115292, 0.01753175389808348, 1.1332496543356, 0.44934436289065616, 0.9685523772866702, 1.0539871331384063, 6.387707891985485, 4.573399661135738, 0.9670497015829369, 13.734474379525693, 21.697365267040254, 10.525094060217299, 0.0, 0.0, 0.0, 0.0, 0.0, 0.0, 0.0, 0.0, 0.0, 0.0, 0.0, 0.0, 0.0, 0.0, 0.0, 0.0, 0.0, 0.0, 0.0, 0.0, 0.0, 0.0, 10.528730676974412, 14.976352323470863, 4.881565639730098, 6.981197148196259, 3.8801135718011324, 14.076134906036629, 4.694988649617727, 8.412088238513093, 1.0247339331126, 11.541216064452726, 0.3685227209979871, 0.7104623711831266, 3.5400459505448794, 13.754887226639283, 35.93023044458192, 1.931324178413405, 11.10826410722558, 25.911384923990113, 2.6762777954898525, 8.18317958756495, 7.7546618573115325, 6.187946008584618, 5.683797215955138, 1.847354112143904, 1.423198284574454, 0.6051757392923776, 0.2519904297690516, 5.946425287031701, 1.8800893332757767, 0.9700729637109191, 6.170815768382141, 12.563179481311124, 0.6891652062617482, 7.431838041323033, 1.5390611545674346, 5.3721851547631445, 1.2972680544735908, 3.1106696364909965, 15.142457671429781, 38.06154821668031, 10.700075302559583, 8.16947908998344, 22.32355452603906, 1.901411032510964, 6.636701402491326, 12.255022945801045, 7.740858780021938, 10.525676307835084, 10.514292357857457, 0.0, 0.0, 0.0, 0.0, 0.0, 0.0, 0.0, 0.0, 0.0, 0.0, 0.0, 0.0, 0.0, 0.0, 0.0, 0.0, 0.0, 0.0, 0.0, 0.0, 0.0, 0.0, 0.0, 0.0, 0.0, 0.0, 0.0, 0.0, 0.0, 0.0, 0.0, 0.0, 0.0, 10.401148765023294, 11.19235566644096, 1.9258811378124676, 0.2331256057682083, 8.683164716019576, 5.277531577870235, 0.17461320682843962, 5.246146575206183, 1.209738520279501, 23.310350925740806, 2.675594266353727, 6.462280911450591, 6.876252044545595, 3.049051231854577, 0.9008313510092876, 2.3845828153665707, 11.347077129754354, 8.039479118957615, 4.1782305851950525, 3.2566225998162963, 2.825543615917667, 4.717551611769295, 1.685241047548061, 45.52763902333621, 22.059725412305653, 6.4499800186551965, 1.6860267951878143, 6.113803764148372, 4.802671248174363, 2.453334493102716, 2.2796016031448403, 2.4979392221500802, 1.5728521792148626, 0.34751255556045635, 0.75323293425879, 1.99561043679563, 2.2170824560733706, 13.829277489504705, 6.0649068211778285, 0.9976960413615643, 1.4003223330595347, 5.858861523791006, 6.31319449100468, 4.566240815329564, 0.4438724929741227, 5.783332708287219, 1.1313432529403258, 2.2824699467875575, 2.082865399326977, 23.195994807415047, 5.058349385743213, 27.747496974814084, 4.084301521029204, 4.521785381059317, 0.33390716265608944, 16.62248027395475, 0.30038175832982006, 10.92073990445516, 0.614156752538463, 0.08164987158494341, 0.09776542564731017, 0.4640321538365697, 0.23438538151640387, 4.77196612746684, 10.918891960801943, 3.082821762772255, 7.314187396242005, 0.8929421695601718, 1.737191788697828, 3.513098789155947, 1.6367119886605792, 2.415072731345049, 12.012725018894514, 6.518366129138542, 9.727671693807395, 12.949898470165834, 3.009838082324947, 3.334083705870725, 1.1897735976317705, 3.3340837058707535, 2.1358528427859653, 0.003439575177679899, 4.754780997830938, 4.186349814719964, 0.0, 0.0, 0.0, 0.0, 0.0, 0.0, 0.0, 0.0, 3.4944291586129275, 13.37893594069773, 19.13915620563074, 1.8621944225220375, 0.810015946068404, 2.248214829096412, 3.8207481191319914, 1.502513791760009, 2.52453108383952, 7.773174088543271, 4.078212052533729, 3.4537196939862156, 15.90738726314541, 11.868630279070231, 3.2686125588066375, 14.511151664125663, 3.5882113298959553, 1.2602362189971927, 1.5823788261578215, 4.189734522290962, 1.8340036704280465, 11.544769256009317, 0.0980911210966724, 3.6645304315000544, 2.4896744981390952, 1.140515907925078, 14.466200799187789, 3.254877404691314, 0.7727111485642979, 0.38934310767592706, 1.5981504590416762, 0.2745920692476602, 0.41486751280726253, 1.303963272825456, 0.7675049714377167, 1.19225712565364, 8.81199292495225, 6.022677169693964, 2.731571738217326, 11.534612401408936, 4.644399454633998, 1.622177581897006, 0.04654317072839831, 1.1129840323040696, 9.76512596160444, 6.065550414033794, 6.805519183705684, 16.504199374851993, 0.42566824069385234, 9.83603153719983, 0.08270144106222688, 6.418367308321621, 2.2913419043271404, 6.368396420728715, 4.025189677728008, 1.0295272762087961, 0.6545090761867982, 5.854071645197735, 0.8135811452188477, 0.2680179864001957, 11.408556827337009, 3.369130219357487, 17.28816838315052, 0.6259913377454609, 5.2811824226961335, 2.311296573862762, 1.4216081794529032, 3.809786291625869, 6.306625339703686, 2.048968487758657, 12.762060492033555, 4.230559376987259, 10.456334547742557, 3.1092769456060694, 3.945935376204062, 7.443028142333304, 6.09017684357886, 6.761867711130208, 0.9046801636526993, 7.64541584847845, 4.278518752646505, 1.9724236801671964, 9.693838806069806, 0.7147885621949968, 5.690157694257891, 12.31660034356048, 5.774504500520095, 18.219575462179932, 1.3697347196149963, 0.7776247779393657, 2.7414913909958614, 4.068346808209981, 1.3275623679394357, 4.509990604136078, 8.601454506824155, 1.8842463613273708, 2.4476685009344124, 1.8054039268334918, 0.22080509394970704, 6.187218156242636, 0.4621216669976036, 0.09882338728061768, 0.943149398985156, 8.965058345522209, 3.3085085579205042, 2.4795250324621065, 0.8183260623734441, 0.8825684223519374, 3.961878579067104, 0.8298685339349845, 8.864385848695179, 2.2264312244359985, 8.113457879676787, 0.18377780883889727, 4.859395341401182, 3.2411087472108875, 5.034977550623125, 4.461217180907283, 3.572243078478863, 4.247724013732153, 0.7491276271813092, 10.401148765023265, 10.367500169781891, 0.0, 0.0, 0.0, 0.0, 0.0, 0.0, 0.0, 0.0, 0.0, 0.0, 0.0, 0.0, 0.0, 0.0, 0.0, 0.0, 0.0, 0.0, 0.0, 0.0, 0.0, 0.0, 0.0, 0.0, 0.0, 0.0, 0.0, 0.0, 0.0, 0.0, 0.0, 0.0, 0.0, 0.0, 0.0, 0.0, 0.0, 0.0, 0.0, 0.0, 0.0, 0.0, 0.0, 0.0, 0.0, 0.0, 0.0, 0.0, 0.0, 0.0, 0.0, 0.0, 0.0, 0.0, 0.0, 0.0, 0.0, 0.0, 0.0, 0.0, 0.0, 0.0, 0.0, 10.177789737068942, 10.260960308755841, 4.3690351402484, 3.6919448766289236, 0.4734420263810719, 3.2060467584702366, 4.598951715390243, 4.966901980758621, 0.08123893988431519, 1.6888013677281322, 1.8873339610989603, 3.0200209096962, 7.283502254583993, 12.111104695200822, 2.7890366063541023, 5.735539607616062, 9.170441736600651, 1.5888889030748032, 2.7664462809823647, 0.7894661322708032, 2.54760028175275, 1.3514491593741695, 2.1226685396078153, 4.094420562397033, 2.158074987356059, 2.3148843307809273, 2.486324523956398, 2.508287249356215, 11.688443826489959, 27.07369481635604, 10.146444656231097, 0.0, 0.0, 0.0, 0.0, 0.0, 0.0, 0.0, 0.0, 0.0, 0.0, 0.0, 0.0, 0.0, 0.0, 0.0, 0.0, 0.0, 0.0, 0.0, 0.0, 0.0, 0.0, 0.0, 0.0, 0.0, 0.0, 0.0, 0.0, 0.0, 0.0, 0.0, 0.0, 0.0, 0.0, 0.0, 0.0, 0.0, 0.0, 0.0, 0.0, 0.0, 0.0, 0.0, 0.0, 0.0, 0.0, 0.0, 0.0, 0.0, 0.0, 0.0, 0.0, 0.0, 0.0, 0.0, 0.0, 0.0, 0.0, 0.0, 0.0, 0.0, 0.0, 0.0, 0.0, 0.0, 0.0, 0.0, 0.0, 0.0, 0.0, 0.0, 0.0, 0.0, 0.0, 0.0, 0.0, 0.0, 0.0, 0.0, 0.0, 0.0, 0.0, 0.0, 0.0, 0.0, 0.0, 0.0, 0.0, 0.0, 0.0, 0.0, 0.0, 0.0, 0.0, 0.0, 0.0, 0.0, 0.0, 0.0, 0.0, 0.0, 0.0, 0.0, 0.0, 0.0, 0.0, 0.0, 0.0, 0.0, 0.0, 0.0, 0.0, 0.0, 10.025684688295293, 10.509803620100087, 2.22601857640079, 11.761305946211849, 10.47995854595726, 2.0827200271885715, 1.0381219045144405, 5.191094577174482, 4.416897364433936, 1.0083879548619166, 5.804481750664422, 5.2242201204434195, 3.102620190365627, 3.1082720166926663, 2.470377038207431, 5.1514058665627545, 4.385001664005017, 7.807618366580584, 4.30236772748151, 2.9958163248317646, 1.2554313070270382, 3.825573185436781, 4.329087925570491, 0.9393166756032656, 1.9635564833548642, 0.22081278657503844, 22.617971650502454, 18.25786801385334, 4.102999596439361, 6.903548692249558, 2.308709999592395, 5.250033973233997, 4.8757778513625, 6.901533977060495, 2.9122919453428153, 5.856301269066051, 11.559112255320372, 6.750616255382226, 6.931731362121923, 14.634088189836746, 13.5432688094362, 2.5600609692015723, 8.545465136885639, 3.938318378099382, 0.32181896520950204, 5.680836624512608, 4.683920408753238, 10.75448817889935, 14.432209376833669, 6.698800901100299, 8.526056893057614, 8.567374062907788, 8.495226845473269, 0.44931545422718955, 11.056818176571653, 40.251057824381974, 55.07988432107186, 1.3157531192174758, 3.9239407604732435, 0.09172885553149968, 13.007667673346589, 5.023344473465528, 1.3412320694841355, 2.9131195466447366, 4.311733630167055, 0.19150948397384582, 1.4810779892505934, 1.0176777965249642, 2.2726612135376456, 1.4921279137804788, 3.66274826970033, 1.0725079829002198, 1.1425783027116836, 3.6285583106642605, 2.3230475800137924, 1.1805767448613267, 2.270887529091766, 3.5366476714231965, 39.50485181624242, 37.160075617985, 4.429222675609992, 4.6626230034225955, 1.513325697823575, 4.325824445046237, 35.65175542019608, 0.8363658617182637, 7.857187394595712, 2.950164557327355, 6.394855638488252, 1.4938156953409703, 0.088928803977808, 0.9531184705015789, 2.719051322985081, 11.592701318166235, 9.306494933347892, 2.592958587820931, 10.891874086685732, 1.2301939031112852, 12.609168893380513, 0.30263185415219596, 12.238450012265218, 0.047337708224745256, 7.08022889341828, 1.8516869042344979, 1.5448832947950564, 8.630721828858157, 1.546050343682964, 20.37079553717882, 2.5785801147081884, 21.21905536629083, 7.535542600186204, 7.97940613524554, 4.072071485089964, 1.3519257296918, 4.79264403403505, 9.986430284058144, 0.8405157946002078, 3.297205286611131, 1.6593538939964674, 2.4321667512492695, 0.057664433911725155, 6.672399656007428, 5.109227747489172, 2.3358437094022975, 1.2245188709814556, 5.396605040117265, 2.5876926931876483, 6.375096295371634, 3.711195126087091, 2.0255993942247983, 9.375294720841794, 2.769937352745387, 3.018325497168121, 5.732107973409256, 0.6688492835368152, 13.923411769103382, 5.730917679968229, 4.8554043172836145, 3.367721142998306, 5.354056609475833, 23.368987858029755, 4.58485734083888, 12.07012689019649, 0.17982426049172773, 8.59969305809841, 5.248835911458514, 3.992418576634634, 1.0168245688038837, 2.8885678378421744, 0.046767251938433674, 2.620358194821449, 2.105606625076746, 7.176489017572351, 5.660719216868927, 0.6079779292517742, 1.9889029918474534, 4.494060048100437, 7.263413600860247, 1.887910831147451, 19.71537748278439, 2.5753371196501575, 7.969266295141665, 5.803008430711316, 0.8253397446169402, 2.831792105550278, 2.964275435068771, 9.325896313419605, 6.290304018419761, 9.719523197099022, 0.43876918711328017, 1.0218770889541133, 13.405850557402175, 5.699101937186413, 12.043748447145049, 10.58696256138137, 14.648266781225914, 0.0037108333762034817, 2.588534055584205, 12.44710960853729, 4.1657742633599355, 0.5575532386407076, 0.8004820023039656, 12.092664158977868, 5.472545940666066, 23.493322819098097, 40.53374117253463, 6.676685505280801, 7.15314097027175, 1.1488547278049452, 9.032109735308438, 10.26743401259111, 4.555882444964567, 6.815219359905029, 10.698427968199184, 0.6461883182222721, 4.723327767041724, 7.047160587981182, 2.519923070677862, 9.149803634668473, 2.137930894305981, 2.4307513861184873, 0.9374931198253194, 8.623712840890192, 8.126676475832994, 7.5476278166499355, 2.6991438359060567, 0.9314586908685669, 0.7635734218663117, 1.6346150059462445, 0.6198360108868428, 3.677757686607393, 0.8384834720023093, 1.6170611804657966, 5.8969187985095175, 6.590034661246307, 6.9236135913896675, 0.33762211797302655, 9.188813160518293, 7.204835993539405, 5.526611658078423, 0.946652120771347, 8.450462400889307, 5.618284530546077, 3.0635741836294557, 9.329760351774112, 8.520244420244694, 0.0, 0.0, 0.0, 0.0, 0.0, 0.0, 0.0, 0.0, 0.0, 0.0, 0.0, 0.0, 0.0, 0.0, 10.474397401122687, 18.277005444844747, 6.464056793405206, 23.145341417512157, 6.365900847182957, 5.03917382365438, 0.5011991491639378, 7.036634642317608, 0.534097601367364, 2.98547578026006, 1.5800810677406218, 1.6560461393978585, 4.5415359467859275, 1.9026328193466782, 1.0096155548525303, 2.7282767591536867, 11.41035343515125, 14.132423059288755, 1.5002671444621285, 25.49573327064232, 11.529670616354792, 11.129178454100838, 22.586030733228313, 5.969847542930665, 17.10211126111861, 8.708342349024036, 1.2112610342280732, 11.454028738200975, 14.060779864022948, 39.80491296271623, 40.65389997807429, 19.403421728655985, 26.00427203567648, 1.3406959312150093, 6.276844974548226, 1.7856450280997365, 13.067160983950544, 17.19704893467872, 8.649991157570128, 23.02410890869743, 2.0240407912878595, 3.6875143010012152, 2.5326039358673142, 11.908805681776414, 7.7568443262321125, 6.998884071244106, 0.5529177360733684, 0.6554992200274228, 1.9817313899792168, 14.989698297679922, 10.602814043727989, 0.14116009626138748, 25.665889137351257, 21.081953925727817, 14.367832097694304, 1.1768681010615865, 7.286146489807152, 5.244848358608749, 0.05431073016347909, 14.802753292919817, 1.636003124654394, 2.643567667420939, 13.827962098133298, 0.2506210659447561, 14.752984900028139, 0.21246744839714893, 0.5535780975797024, 0.4235229035958241, 10.123918754530507, 2.0674158647281047, 1.9954439467585985, 1.7954670655227574, 0.11193739961294114, 11.123127512104531, 6.542992177361668, 7.7615608512738845, 3.5049229717665753, 5.218391786166251, 6.60088982012951, 2.0565666679036383, 29.355145149017005, 2.71058385417669, 14.896442288510372, 5.503393287674044, 0.4793803174265463, 7.754313760554794, 18.988336931219123, 3.7448960004768423, 2.689870694904073, 6.771819502677545, 1.6149136230236536, 2.0039246718996537, 4.187453827686397, 2.9009689406902908, 0.5078155047666542, 9.92310611884227, 0.6970615950982619, 5.944595234171857, 6.722957747835949, 1.509918662908035, 4.12026260501591, 9.556842733176609, 1.8708890939157072, 3.0132152391011573, 16.993552237011784, 1.7851282959087484, 17.478734166623497, 0.589129074381276, 3.3182728289190777, 0.5868354261684487, 0.9440591674359666, 0.6892259849128379, 6.603301321067022, 8.380920011833211, 0.1985214955618062, 10.472270318717676, 2.530073787505671, 3.4262812431222756, 5.159168827546296, 0.05241511794508824, 4.029362293204429, 1.241551214146341, 0.4523492730144767, 0.3360870680130006, 4.0303638978196545, 0.5574573085341399, 0.9807517085387758, 2.5224584719611585, 1.6194931928465621, 12.501917593381847, 0.4240724534394076, 1.102308108715988, 0.8380281596554937, 18.845812501474597, 18.099816462389555, 1.0266432108277002, 0.8568112200967732, 3.5151413887952856, 1.419575725527011, 1.2898648660303138, 5.79565564083137, 17.562568199996576, 12.12841128553778, 0.22707314275712065, 3.1228000127236584, 2.550325318706655, 15.397706604702321, 8.45975358113887, 0.3791459851142065, 1.34341741304371, 2.927515004457973, 7.985669640296152, 5.121592988858595, 1.8663209784046444, 1.4039534823058375, 2.087494021766105, 2.736702809638359, 3.385620616064159, 4.245872678792523, 9.458680517709297, 9.871559753296708, 6.4822094255134175, 8.45617943672437, 4.25834473131377, 7.233257641388974, 2.2248016083008793, 6.183331817431224, 3.867098298349049, 5.04301546689814, 19.693818512910497, 24.603307263185798, 0.3122520221638183, 3.705810037958827, 1.6074305016156245, 7.311987593942206, 1.4771838416536411, 6.7886846242459455, 5.117273396728194, 1.4716494568444318, 3.055412413459635, 10.478106664755728, 4.051924457180007, 11.770214073253669, 1.488711775128479, 1.8986912533785585, 20.650099902181466, 17.39681773956127, 2.247975821037727, 7.929497858920627, 7.030332303896955, 9.60992555433586, 1.6437786039791717, 6.960452968533673, 1.344747400053791, 11.934503005943014, 14.976352323470849, 9.385206500810696, 0.0, 0.0, 0.0, 0.0, 0.0, 0.0, 0.0, 10.42045182680463, 11.115410193981859, 8.595384493358466, 3.4312546094915035, 3.659818181405427, 3.316267797397842, 2.5145449392636294, 5.116333293769287, 5.6358533597232565, 9.61994244674031, 0.9411357068990469, 1.602045351113702, 5.597315432061748, 1.8957115136805385, 2.6459019049315486, 3.2485233720184112, 2.764169618183729, 4.727837392811864, 0.685382178287341, 4.7887813161576105, 1.3450589084858393, 0.8098469078823882, 4.181081931788526, 4.35987003593101, 0.742512810059651, 2.0665084178368858, 10.799626657499147, 9.985822919377718, 0.0, 0.0, 0.0, 0.0, 0.0, 0.0, 0.0, 0.0, 0.0, 0.0, 0.0, 0.0, 0.0, 0.0, 0.0, 0.0, 0.0, 0.0, 10.532487065287015, 12.251902733147617, 6.961857063021625, 1.0976990564799962, 3.2975547003366046, 2.0039246718997106, 7.833442311058064, 1.078947942027412, 2.902786293787784, 2.2821126100133142, 0.049090445785680004, 4.68483892122174, 2.53264157684049, 6.459706145668008, 8.597357877431648, 0.25794943357169586, 4.301350056007209, 1.778385629395359, 3.8441467339821997, 6.98418054924781, 4.916467998355188, 10.752011999736197, 11.96418924893186, 22.650945542943134, 4.212277852308489, 9.79825594269795, 21.704179331144815, 14.244442926260433, 2.221896107298079, 1.0483977242854507, 2.2096350269059144, 3.4582527142079016, 0.05455615445089279, 0.6540787289854393, 7.619046399785816, 2.277518854870067, 8.197485425451248, 5.633079400225199, 17.367262755924514, 24.141961791542656, 12.652565619793592, 8.092113230976004, 1.2935693143156382, 0.0, 0.0, 0.0, 0.0, 0.0, 0.0, 0.0, 0.0, 0.0, 0.0, 0.0, 0.0, 0.0, 0.0, 0.0, 0.0, 0.0, 0.0, 0.0, 0.0, 0.0, 0.0, 0.0, 0.0, 0.0, 0.0, 0.0, 0.0, 0.0, 11.336040933684416, 36.78861226003863, 30.268372660639386, 5.556159516414027, 17.503100746884343, 2.6853712234057525, 10.718170332715204, 8.97492646143047, 1.4502002111359218, 0.0033908918390750387, 7.649885950361778, 6.630587350690462, 7.659986139482896, 8.44802862134543, 1.108672413536226, 2.283648144775043, 2.667294478730014, 1.2993938808922394, 7.446308066696929, 1.2374474739111747, 8.683064572710123, 4.029362293204429, 20.801249596857815, 30.98301463377709, 0.1454830456474383, 19.560180799448688, 15.205781519740867, 1.0002423877797355, 8.859094797745769, 18.84551699496356, 10.221408252113434, 1.2935693143156382, 0.0, 0.0, 0.0, 0.0, 0.0, 0.0, 0.0, 0.0, 0.0, 0.0, 0.0, 0.0, 0.0, 0.0, 0.0, 0.0, 0.0, 0.0, 0.0, 0.0, 0.0, 0.0, 0.0, 11.335094445740864, 30.83818027494732, 6.686655696564856, 2.409757412439035, 6.097139626727937, 4.776407933550331, 4.013328071839737, 11.775057939948567, 2.5936931230944538, 3.1127899361344475, 0.0451400754362794, 5.3671522711348985, 0.2774935540621186, 1.9627433566224681, 2.9279220667323216, 9.193335060156869, 1.9936855704177674, 39.42920027873845, 22.54407740626675, 49.89082168714367, 59.945400436211116, 11.316002779714381, 25.36507318608426, 2.643760627744143, 0.808001728416059, 2.107699674486355, 4.0863448776622135, 11.726176763498358, 2.7431805382346397, 0.989462613090268, 1.500222575835437, 0.6569068889281198, 0.8860771233737523, 16.184350591184682, 3.798869373590435, 5.163567664736888, 12.519016512483972, 13.481718113067814, 10.663965816461044, 0.0, 0.0, 0.0, 0.0, 0.0, 0.0, 0.0, 0.0, 0.0, 0.0, 0.0, 0.0, 0.0, 0.0, 0.0, 0.0, 0.0, 8.225715466353474, 9.65267618342488, 3.3407100608265665, 8.448437045358304, 0.9850387002772152, 1.9329098640137659, 2.1692543654064878, 0.5435532256940689, 4.218712144618024, 0.18952883929856057, 4.218712144618024, 0.6157742230098506, 8.326379301506222, 0.615774223009879, 9.074028043132671, 1.6068957280780012, 2.1575119151631554, 7.657028907215192, 4.511491482534694, 3.975277622378485, 0.40980133428760723, 2.9247569918432816, 4.499901274782417, 0.8837706036273687, 1.149329738047129, 2.4433272340256735, 1.080737770863749, 0.3852219921781739, 1.550049005807523, 1.916444364346944, 6.636124902450945, 9.80351876414386, 11.47956967065494, 16.103135659930928, 1.36449695615579, 3.2127799904296523, 2.5807779899406853, 0.46445657676548535, 1.9480355865205468, 2.805067702787568, 2.385307860763419, 16.054238360027114, 11.131170603290798, 2.642273993086084, 0.0, 0.0, 0.0, 0.0, 0.0, 0.0, 0.0, 0.0, 0.0, 0.0, 0.0, 0.0, 0.0, 0.0, 0.0, 0.0, 10.499786794036133, 10.446809914767528, 3.974772044547308, 7.271578004806344, 2.803083384498052, 1.874962826003241, 2.0662270062272796, 7.06139699826295, 13.437245442567303, 10.177789737068913, 0.0, 0.0, 0.0, 0.0, 0.0, 0.0, 0.0, 0.0, 0.0, 0.0, 0.0, 0.0, 0.0, 0.0, 0.0, 0.0, 0.0, 0.0, 0.0, 0.0, 0.0, 0.0, 0.0, 0.0, 0.0, 0.0, 0.0, 0.0, 0.0, 0.0, 0.0, 0.0, 0.0, 10.983565496079962, 23.45538735470896, 12.13702477405792, 29.859843113137572, 4.166963193058734, 9.642701350533798, 11.502006030000018, 0.7606627068055332, 16.62989620350089, 8.527312738512478, 2.564984157014578, 4.462852540438746, 1.247773971171739, 7.011159800091065, 18.27700544484452, 10.532628898359334, 0.0, 0.0, 0.0, 0.0, 0.0, 0.0, 0.0, 0.0, 0.0, 0.0, 0.0, 0.0, 0.0, 0.0, 0.0, 0.0, 0.0, 0.0, 0.0, 0.0, 0.0, 10.536018370535956, 13.482613298576865, 44.82477510351444, 13.937732936524526, 2.8099789624178584, 1.5830623694033648, 1.629091497646698, 3.4618555331443304, 8.88411567190144, 14.235020170569669, 1.5048287083853324, 3.4570877323075138, 0.45941523154618835, 15.164494087169771, 6.4067564399464345, 3.764924397129164, 2.7483803832864737, 6.490104907752823, 1.7097741797336425, 20.515984423127634, 9.895971550424804, 21.29265697464126, 42.02153136728657, 4.312486873009618, 21.328641021530927, 3.911047982601133, 6.833040202658367, 2.052569977186465, 2.8673254419313707, 4.353664536987196, 3.5701791059634047, 12.929148096877725, 10.798681295303425, 46.377602284745535, 1.7637269840044496, 35.8407886953446, 4.899163676980663, 4.566803522268458, 2.317293197586764, 8.644308683383088, 21.44013530249157, 2.6277938857973595, 21.866879529783034, 0.3121641605685568, 12.850596494530805, 2.49147901574122, 4.296289385684361, 14.666330081162641, 3.060015120864932, 4.119329839579422, 0.10566225484353708, 8.911722501825295, 5.949196037843933, 2.0602637290408268, 2.839088451300512, 1.8970909050332239, 3.2184849225359358, 3.4175434518529073, 0.6837287368049942, 1.9868990080695994, 2.561999107403807, 0.9407410206995905, 0.07139423631139152, 0.6046089971926563, 1.525606686557012, 0.006321290750804565, 3.315915881012984, 0.08936420984747429, 17.349074574561996, 36.396223596764116, 7.698343607691868, 1.4201412666344595, 3.993456456969966, 13.81437530272649, 3.226752699254803, 4.497659129930867, 5.757602337883952, 1.024057409281511, 21.970456120329573, 3.546045506237533, 22.89616455273574, 12.469778459118118, 5.386729364834537, 2.4239480615976277, 3.3474253030016143, 8.04042215846232, 25.959024669951987, 2.512976170981233, 31.106265860799226, 10.868212047436884, 27.073694816356237, 10.50640263078256, 0.0, 0.0, 0.0, 0.0, 0.0, 0.0, 0.0, 0.0, 0.0, 0.0, 0.0, 0.0, 0.0, 10.53223535710994, 18.277005444844548, 9.85104520586674, 5.078696860476896, 0.9463017460163314, 14.570563541948047, 0.030431870947381867, 51.93868405968897, 31.156660771241775, 1.4781973905680843, 21.83107160738797, 39.327039879992526, 0.22510424603245838, 19.204952466663144, 17.991465834700023, 19.28725113177137, 9.131616310834602, 9.834449419575378, 2.247841605586018, 6.9719003179141055, 16.251650966736577, 30.710210527515756, 12.971406971223473, 74.94686028730149, 29.62594906076157, 1.5026574161902744, 6.8258262529665075, 0.4237945589098757, 0.33209378590959204, 1.6657652338528237, 0.4931764343784266, 9.831628516032623, 12.712679196514301, 11.082245421235484, 11.494905038558613, 2.0459807122217057, 0.7135945826636885, 1.5563745321633462, 2.5449058341869772, 5.843866880037041, 4.667817484726129, 6.402365187523003, 0.4065085138195741, 23.588232677836174, 9.416903601433091, 2.5862512226717627, 8.873919692707034, 2.708809311461266, 5.907557447102818, 5.347434260288765, 0.14521956077254572, 1.1633931781078672, 5.349458961464677, 0.7969687685419444, 22.414256279322785, 5.350355542494469, 4.549542501694731, 9.284985577108074, 6.803871108900978, 1.7382528927834642, 0.5043671085015262, 8.498884510357755, 16.73887505386432, 17.311483332651846, 8.942577468914692, 9.736645554810252, 1.3969098443903363, 5.993513693800423, 2.354068259135744, 12.367027087590031, 0.799980748280035, 26.029749710853395, 9.035715324157877, 5.811171571511693, 7.932423131520295, 3.6216725739219555, 13.516103394563402, 1.8407383046596237, 5.80990676500582, 6.362989033636666, 3.0897456229337195, 0.5197447831383215, 1.8143766156254628, 0.22549270181087877, 8.843034050940389, 21.47404493696817, 2.6410803348830427, 1.0718542389992365, 2.433373017430938, 0.9229164880042333, 2.4333730174309096, 1.2729439024926705, 0.6806039247016997, 0.6829808648997187, 1.821645304287074, 0.5400004767543294, 1.7420800237028402, 3.4434303265081496, 6.424460416439615, 5.186244576429715, 0.589121742544279, 4.45204996488232, 3.1012150098789277, 1.1438971147015877, 0.8751186837940281, 1.0526994043297577, 1.6961804734753514, 0.6662424041520012, 2.2012706956286934, 1.2397010870878375, 1.4915179564066818, 1.9940889424671013, 2.6878050298527683, 0.5563075206964072, 2.5290142729305956, 0.07452137307865314, 8.712035998295306, 10.67064621570887, 8.5185659531856, 2.784814288597431, 0.3660865198619945, 4.135125482750311, 6.1854646037480165, 0.4239906738142736, 3.5545326796153063, 3.2183732112368943, 6.763609996923947, 1.0890987075869134, 0.9652416238865271, 2.439073098834683, 3.898343733195645, 3.762623914402468, 11.379237599867452, 1.980365362886289, 11.818070526878103, 3.543898470283807, 27.105553425501455, 4.422566025913397, 9.629218200162143, 12.288308903420301, 10.480114589325126, 2.642273993086084, 0.0, 0.0, 0.0, 0.0, 0.0, 0.0, 0.0, 0.0, 2.6422739930860804, 16.61227123959513, 20.317015124836104, 0.009775931190745268, 1.0864835857829576, 0.9838759757535058, 5.5875743586763065, 6.686899176433542, 0.19594485383385063, 4.116622085067263, 9.699648803761647, 22.762984213868492, 2.822677666332652, 10.877571440646818, 3.526893602021346, 1.6131785158694356, 12.438531643816702, 0.6834017037173794, 8.79058890519201, 0.863724896670476, 8.246067678344616, 5.338098715081003, 13.06779528268936, 6.098862291291823, 0.040013717683507366, 8.556321970032684, 1.7990198364550452, 0.03227656219621622, 1.3289497036713556, 0.2571100908014614, 0.3146784787761874, 0.24995121010681487, 0.9195011627473377, 8.747368908382214, 1.6917805852560832, 2.86529798283982, 2.0682750617994543, 1.3906883598734794, 6.453251237176119, 1.4843513718276995, 0.6393584339546692, 26.226989016509208, 8.629897358691608, 7.2625438159458895, 23.196145391735968, 7.233373219726047, 3.916307753039007, 5.764360208876155, 4.4586590652845075, 3.4334774224815874, 0.3026180602169575, 4.24098398527633, 3.561679616424385, 6.0841401813264895, 0.336709692505508, 2.305871489388096, 0.9766491144616225, 0.7812789182248423, 0.43769904815150085, 7.986217819417959, 5.637301495324664, 6.9678734551498565, 3.1935612617111815, 4.61019700056579, 5.117031925898004, 2.8326448235110036, 0.30933341760069766, 2.4245012710400715, 0.8467048977742593, 3.5620519200175806, 2.525118121250273, 0.21868875742796945, 0.9046633108122251, 0.07085455826933185, 43.03258927256087, 38.37030820545385, 0.526848412602078, 0.38828891793991716, 7.459631289510924, 7.236323587666504, 4.535417995045464, 16.366949853418873, 3.4525288612579743, 9.436291258368158, 25.47487606733813, 12.037249962114686, 4.672939682223898, 11.347077129754382, 21.697365267040368, 10.953419776922985, 0.0, 0.0, 0.0, 0.0, 0.0, 0.0, 0.0, 0.0, 0.0, 10.577011495610051, 19.97164954357868, 9.191972364381456, 6.234439729631845, 4.390143720077788, 6.909083191946934, 23.09988879217758, 0.4467261333010697, 6.690458663598292, 0.7422925842704444, 5.957843125520753, 4.147070836230569, 1.6087062176078462, 4.021654202037666, 0.2748121407713029, 11.779817760010644, 2.558201724211756, 2.6377044742258136, 1.349737502619348, 1.3059084607221507, 2.382494667495905, 0.697676930506077, 5.399381961942822, 0.11336373457766058, 0.24278800274106516, 3.5375388975254225, 1.0403771160610233, 2.9603527498935307, 7.446643085586345, 2.5419803874029867, 0.577206349286314, 5.411200462069303, 3.5683994446843315, 1.5311496051698157, 0.5484911649740525, 5.219910261145628, 6.861208955860604, 0.2481152361868908, 5.412863694145415, 5.309306755473699, 4.913454097346886, 1.148310426765164, 1.2503566154453836, 6.076565638540728, 0.6209091301496699, 9.803008336715067, 3.582192731790826, 0.9148236965922365, 1.8604558844498342, 0.6027091104325564, 1.264465752792546, 1.8870973498084709, 0.7285256504949018, 4.754653390848034, 13.368610989997933, 7.828680382537293, 0.0, 0.0, 0.0, 0.0, 0.0, 0.0, 0.0, 0.0, 0.0, 0.0, 0.0, 0.0, 0.0, 0.0, 0.0, 0.0, 0.0, 0.0, 0.0, 10.446809914767528, 12.241494700214545, 10.220512418867315, 10.924201919152893, 4.117698538460559, 4.112585567000792, 1.1368683772161603e-13, 3.5062104768164772, 21.10622010280406, 7.854680567400578, 9.938854042607943, 22.38186845494056, 19.32272838556952, 32.77931800571184, 14.97635232347082, 0.0, 0.0, 12.12732819117005, 28.936877881648627, 3.195845970382152, 3.6731925032571553, 0.36647282988224106, 2.732539664614478, 0.07011150243073416, 6.693776587751529, 3.4252931305512107, 8.71286862548726, 14.700381911367856, 2.156184723353334, 7.158381309915683, 5.205793521881503, 18.621557317786028, 5.148751754587238, 3.0503816467350475, 6.958081564226745, 1.660488895458741, 8.31686032533645, 0.8264262237156572, 0.26342837796590857, 9.331682510935423, 4.877531941694656, 11.217607083963685, 13.59677147968705, 2.009150975408943, 1.3313256679919618, 1.5912472641837212, 1.2856749723308667, 1.4126175710256348, 0.4308379420684787, 1.6552810949825698, 4.448057782950912, 9.731899519702836, 15.500509746814032, 16.612271239595074, 6.043658702328976, 0.0, 0.0, 0.0, 0.0, 0.0, 0.0, 0.0, 0.0, 0.0, 0.0, 0.0, 0.0, 0.0, 0.0, 0.0, 0.0, 0.0, 0.0, 0.0, 0.0, 0.0, 0.0, 0.0, 0.0, 0.0, 0.0, 0.0, 0.0, 4.186349814719968, 13.471817098185852, 16.852377255948767, 3.0912086563587877, 12.476758316676182, 17.44991105990772, 1.6006485761366775, 4.685885845059602, 0.7785921142132111, 2.199174686698882, 3.2687599698622876, 9.712206401078504, 2.7241768156334842, 8.755730412714968, 11.377618349956265, 3.110592716879239, 2.4987863489834012, 1.6732223692739012, 3.5217366755540525, 0.24225795510841408, 1.9741648066080302, 4.380025191027073, 0.7578255254827582, 3.8295178162766774, 1.4439567159632816, 3.43185760849957, 25.37771890702038, 3.9376403964366204, 33.866763855025226, 0.18533782895588047, 1.456291267484744, 2.0390867146411438, 0.8566709233499523, 0.9520225377291922, 1.1443976192437617, 0.7603131594937622, 3.1241538732668914, 5.102761087150611, 0.6826518608611423, 8.86571091087933, 2.5184023243687648, 5.453441430663531, 7.283510015514594, 20.19814815860707, 2.0756564469725163, 12.046272789918362, 23.35876136194736, 12.116338310310539, 15.051426252619535, 2.355136982284762, 5.552095521207548, 0.21005347171194444, 0.8813313275845189, 0.5088913358952709, 9.527197912517408, 14.581274021735112, 0.018751165277649307, 2.96167962617659, 4.063601067022432, 3.944709737097412, 1.0335915665572202, 8.520247113410221, 52.95798067129613, 12.863497882269996, 7.833308809563732, 27.93361468937337, 16.747650327976373, 26.266291570111605, 12.615438977327074, 6.991614580145665, 2.998734900352872, 0.049169047637349195, 20.984820766567452, 4.038705003062034, 31.079015006889733, 2.960727142453095, 15.634554251219583, 6.795256921570228, 9.800953688861625, 12.806458346616466, 5.700762583351093, 6.6584594598020885, 4.159597440846994, 1.8774047356657206, 5.684341886080802e-14, 5.636056506503678, 2.9956389127702323, 0.4024323888015715, 0.11124085279763563, 1.6469169570761437, 0.5414489898844295, 3.56912872954814, 15.313359493212204, 2.4167043104931167, 6.9504493577532, 4.814379369056326, 2.1933974116949457, 19.97164954357868, 12.249720250117676, 0.0, 0.0, 0.0, 0.0, 0.0, 0.0, 0.0, 0.0, 0.0, 0.0, 0.0, 0.0, 0.0, 0.0, 0.0, 0.0, 0.0, 0.0, 0.0, 0.0, 0.0, 0.0, 0.0, 0.0, 0.0, 0.0, 0.0, 0.0, 0.0, 0.0, 0.0, 0.0, 0.0, 0.0, 0.0, 0.0, 0.0, 0.0, 0.0, 0.0, 0.0, 0.0, 0.0, 0.0, 0.0, 0.0, 0.0, 0.0, 0.0, 0.0, 0.0, 0.0, 0.0, 0.0, 0.0, 0.0, 0.0, 0.0, 0.0, 0.0, 0.0, 0.0, 0.0, 0.0, 0.0, 10.448142307317866, 11.131170603290798, 10.811643262696435, 4.968599915056274, 3.350573803339671, 20.032607428635288, 6.150701391607129, 2.942043881516838, 6.522533005255099, 17.337224986020374, 3.240534797662548, 14.299218344654406, 13.420765760143752, 3.0370718589643957, 6.191401445156032, 14.619038014780187, 9.204708855017486, 0.0093252551591263, 0.6557331883750237, 2.433679713532456, 2.0193014642128446, 1.653494572391537, 1.9233376191870093, 0.026391930394879637, 0.41271710250896376, 3.116773391489801, 1.6825042338576282, 1.4279388630047833, 2.0401861811889717, 2.624843193439915, 3.299279104581899, 4.015320012369557, 1.2106513194751187, 16.708137271087992, 3.4267360578180615, 2.4438255243334197, 1.2840032327217727, 1.2985087151364496, 0.7174433993708931, 4.468708849750726, 4.198150371078839, 8.192407959917148, 1.9245784041185061, 5.111384190863987, 1.2639001075976921, 0.8903575556110468, 3.6588024886260087, 1.393895102261581, 7.940180197485745, 0.24664755116543802, 8.552442343185362, 1.589716259756642, 0.7360588900757534, 1.3109971193791239, 1.2186557659996424, 3.1175758321307967, 6.730017401424959, 9.470964221013276, 20.840287271708235, 61.67408569472366, 5.531017561183262, 18.438113575702005, 10.121155531116074, 10.206879219621669, 8.050869672184149, 34.37917237978252, 14.568155492322262, 1.3754577128490837, 7.131089210103539, 1.672437327306227, 22.288101823355532, 13.05728051539873, 0.5895864226284431, 9.765825931772525, 7.250097531001813, 0.701707691452242, 7.91358657017372, 2.9915098229883483, 2.8847556352950505, 0.4394137512922782, 3.954662239577061, 1.4135230559286924, 6.83956843048486, 3.8483150357456566, 0.5259617148977327, 0.49421471931572114, 15.199916287245202, 76.45103462783055, 20.006490303936687, 4.775714987257061, 0.9055744046677887, 0.7186663452607149, 2.420351698556658, 6.298288470426769, 2.8350871976415988, 4.1117947873163985, 1.6480055331598464, 6.665214086186893, 4.698376708493527, 2.9830498719729235, 10.190679622440882, 9.411498887510902, 3.8732597273426563, 5.929467728775876, 13.881593918532303, 13.979231198300454, 5.517539559175589, 9.083545523259886, 9.762415913353834, 12.41239749696524, 1.2056855058193037, 18.996316574107937, 4.991092186591231, 4.558178986583698, 17.19546916610443, 17.326340729330582, 13.04037540197038, 0.3073449153527008, 5.209086531422258, 12.256745214236588, 10.526399326053053, 0.0, 0.0, 0.0, 0.0, 0.0, 0.0, 0.0, 0.0, 0.0, 0.0, 0.0, 0.0, 0.0, 0.0, 13.48130508225006, 32.779318005712014, 4.170861000356922, 5.200764752960481, 5.66746842698609, 0.46491253084207074, 2.74752923487938, 1.5968280168989395, 8.810646963034003, 1.4576827783033082, 36.17597594408073, 4.734183255185144, 3.1437429520455566, 7.945557182691687, 6.996459338934528, 41.55310328853, 5.267220152042455, 4.372522256526167, 0.9495136627640477, 0.09105913941959898, 1.4123004552454859, 5.495655934628417, 10.229792353352082, 1.866715743159375, 11.693327008170172, 2.8415658054852884, 5.183751150749401, 6.941533959141452, 2.7050630136814107, 14.514908355365492, 4.820214871867165, 22.165537809658872, 9.297445517127471, 42.32581823239451, 14.496406136497171, 3.308791779539547, 12.355204881519569, 3.4366011806359893, 5.250547704225369, 1.458972750729572, 1.7295234471092726, 5.369316991846915, 6.858493934916908, 3.294366409766951, 3.001656153566387, 0.35685751523243425, 8.151273854879378, 15.865282745767217, 0.9642646077365384, 3.896725908075041, 2.512671701254021, 6.317163477086638, 2.664982934073521, 2.8906192055908946, 5.4801617614901375, 22.925451048001776, 27.679842811637172, 25.193759387653756, 10.777411686078779, 7.973173435160163, 4.1362082407979415, 3.712710690263634, 0.5419252333030045, 0.058518242102223894, 0.11134686811146821, 3.1635835664009733, 4.654529344562945, 2.511367377038482, 7.870715483315735, 0.8798632874179475, 7.057542213280271, 3.8615517267460575, 12.895302312133424, 16.612271239595145, 10.283484106255692, 0.0, 0.0, 0.0, 0.0, 0.0, 0.0, 0.0, 0.0, 0.0, 0.0, 0.0, 0.0, 0.0, 0.0, 0.0, 0.0, 0.0, 0.0, 0.0, 0.0, 0.0, 0.0, 0.0, 0.0, 0.0, 0.0, 0.0, 0.0, 0.0, 0.0, 0.0, 0.0, 0.0, 0.0, 0.0, 0.0, 0.0, 0.0, 0.0, 0.0, 0.0, 0.0, 0.0, 0.0, 0.0, 0.0, 10.388985601806013, 16.612271239595188, 6.580627802824267, 3.0847696005536136, 2.24525479875615, 0.8766328835504851, 2.286105812724969, 2.2081931477108014, 1.0092751367568837, 5.340393434036116, 1.596796834754855, 14.672909549591651, 13.244878215114483, 3.081790278107647, 3.2878975657067, 10.651786475239959, 8.629864565355177, 2.308519132551652, 4.4368899753597475, 0.5107155048451375, 2.004584909133797, 0.030429663152006015, 4.422149142479952, 0.2905325438789248, 7.806212136443918, 1.937142148714429, 1.81469373434021, 2.7801963951118296, 0.3528436812113114, 0.564946772758276, 0.4210297779125938, 0.5766479112971012, 1.5284669520050613, 0.23455749136954296, 3.7605654503527717, 1.9143696028438058, 11.41667856833601, 1.732069208155849, 3.8997796418269957, 3.623503212969922, 3.0455188243830094, 4.163750950983669, 9.818601936966814, 0.46253665004626043, 2.432047178940799, 3.000313826008629, 0.6511541408024684, 10.372764912231787, 17.314058704933956, 8.287643386695095, 5.106931027754342, 9.465917387871968, 0.06935383030850062, 1.428097066560781, 2.4447129045906877, 5.100832537605186, 0.28933187356267354, 2.1981788655781997, 2.5903121435093794, 6.364091947840166, 2.627253225838274, 3.1216961574687616, 0.4124254179523348, 1.2132042797651366, 2.937757355843246, 6.777842769022868, 0.8483179252124273, 10.511768343327049, 0.22372364281221735, 2.215588163915413, 4.528025308421661, 0.19331915620881546, 3.9328375040116725, 1.8458903045669217, 0.10605911485680508, 1.889821496072841, 1.8380203833308997, 3.8132337215109544, 2.470420794885513, 0.3010013764672408, 4.8491050790333645, 6.14237350842717, 1.2561644989775118, 4.034880864057868, 3.3767323965710716, 7.841353477265216, 1.772745269235287, 3.840622157580981, 6.224597645499131, 4.128744362771897, 13.432357275281191, 0.1362456071870497, 2.450685575391816, 2.0020373282542323, 0.016318476292894957, 0.9616944973950581, 1.0000939448698318, 1.0143669806956837, 0.9765643688187993, 2.670484376092247, 5.861879132189188, 3.5897566344548295, 1.9748445957523586, 8.369504569345338, 6.748828934305152, 37.156327427916494, 6.619709728145551, 15.417576487243593, 7.945691870051064, 6.191740464707948, 1.8600963725631914, 16.55266227024873, 12.142728100566842, 2.8936271221026573, 10.31925541112841, 7.0532531421533236, 10.049977353499685, 3.91691329625678, 11.249959669330849, 0.8911294106944183, 0.5305311448412908, 3.2183396429239224, 8.995410344760728, 0.045632156209705954, 3.493214058136516, 0.9673281999562846, 4.549704479581692, 0.613429476819249, 1.5694444180822984, 0.77128206570967, 4.587902943441293, 7.9325458938162114, 7.93516464626606, 14.50650246686979, 1.7112345478520865, 2.1165744140901666, 4.924693935964115, 1.8842243587164376, 11.326418772339139, 3.167865931818028, 5.246721379050655, 3.022082662035814, 5.441704606039082, 0.7273302065121356, 0.0686914820309994, 1.32912499840603, 1.8567399218655396, 0.28511058894883945, 4.605962249104664, 0.4120276630370654, 1.3188609842687242, 3.704256221040623, 6.905463923188222, 8.675915347939053, 8.930333854087337, 10.438558963118737, 11.106723306575418, 0.26365658636927947, 13.143923348805231, 9.503266185604787, 18.40032941525135, 2.060211969665886, 12.939028583087207, 6.286842759794439, 16.394213400961632, 20.36264352140364, 0.2648419328570526, 4.056412947203, 4.395676614243598, 0.722208648700871, 1.2651928132791568, 24.96724544137959, 19.35972175699959, 5.912351254223665, 8.01030332867208, 3.096469371272974, 10.719508276732768, 26.175748875836064, 9.256479388799846, 10.403613517172289, 4.887564645768634, 5.366287157682962, 2.069193328964616, 24.987062456710987, 17.276678123191914, 0.26421825015563627, 8.770647816554629, 0.12402304807534392, 1.86590678202532, 1.4212875078667366, 4.0053744631637755, 4.912173287195003, 0.2574120063769101, 21.055928460611085, 15.630525448926562, 3.00756267529988, 29.718709027548528, 4.439056294448903, 25.251884010687036, 7.351784895889864, 6.005269248926879, 8.20200818734611, 6.334080457874279, 2.461377028728066, 1.8933356079529062, 3.2396901797210376, 4.145245519445552, 23.504662986050846, 16.401348462133626, 7.684249458069246, 1.4901947568049536, 0.1954368861069895, 1.4968221860420385, 1.7469603952230273, 1.7900818227780064, 0.43340813057068317, 0.21236065772507118, 2.577392381256118, 0.5695856013174989, 16.299202653886653, 23.419993993913465, 8.386270345910475, 23.24877729509268, 1.1146434922086996, 5.341898476106849, 7.359934626639074, 4.626696269427214, 6.751258295876028, 7.337612826950874, 3.4009731761811963, 1.1183365590903804, 10.780152562902856, 10.18289943108988, 6.705229659499707, 3.706722849205562, 2.374832201164793, 10.336368625362468, 4.139231915195353, 13.767637361862228, 11.344398968630173, 5.561424198091629, 1.387814805574294, 1.1780167271341213, 2.388162276693663, 0.40444109314012167, 1.1087136230185024, 0.8803612738922197, 3.2309888849372044, 6.872814133564702, 3.8282190426477882, 2.132132050139944, 3.2529370687952337, 1.2188669144858864, 7.391648887716997, 7.238418295624456, 0.5131025542883094, 3.4027432755086124, 4.460032787213379, 4.658615024706023, 10.10757180384897, 9.814906850138613, 2.6973768108946103, 3.111975335837002, 3.74434274106801, 0.7274034066276442, 3.9905179701075326, 1.5946188448738212, 1.2950299273245491, 6.810720386338147, 0.36589624945125365, 2.5218751217920783, 2.186889456203346, 0.12769574720351784, 0.07387373804982644, 0.9170019003904315, 3.4431600851461326, 1.4060025439613355, 3.616179772024907, 6.787653147933554, 5.334412067884244, 25.575875446688315, 26.486595250296176, 2.740140200917196, 10.136222526239038, 3.9722827547507684, 0.0, 0.0, 0.0, 0.0, 0.0, 0.0, 0.0, 0.0, 0.0, 0.0, 0.0, 0.0, 0.0, 0.0, 0.0, 0.0, 0.0, 0.0, 0.0, 0.0, 0.0, 0.0, 0.0, 0.0, 0.0, 0.0, 0.0, 0.0, 0.0, 0.0, 0.0, 0.0, 0.0, 0.0, 0.0, 0.0, 0.0, 0.0, 0.0, 0.0, 0.0, 0.0, 0.0, 0.0, 0.0, 0.0, 0.0, 0.0, 0.0, 13.430162467897517, 21.697365267040254, 1.4999091834178557, 1.7945315706976999, 1.5718932048519605, 5.742765736675665, 0.25927538395148986, 14.486009141652744, 23.455387354708762, 10.580593311041142, 0.0, 0.0, 0.0, 0.0, 0.0, 0.0, 0.0, 0.0, 0.0, 0.0, 0.0, 0.0, 0.0, 0.0, 0.0, 0.0, 0.0, 0.0, 0.0, 0.0, 0.0, 0.0, 0.0, 0.0, 0.0, 0.0, 0.0, 0.0, 0.0, 0.0, 0.0, 10.535656612249198, 19.97164954357899, 19.767360947346873, 10.309035368832838, 20.96439949062176, 36.02964175635566, 2.6334013835511314, 3.4413791699887497, 9.685763485695588, 32.90956384377614, 0.9834944313544725, 12.615338956179755, 7.432068935173163, 82.6317459705486, 60.44411096768215, 4.511575519070959, 3.550591730058045, 2.1204749357899004, 2.418127605860775, 5.8588723559018945, 0.839596166579895, 3.4271381831235317, 6.883924078183355, 1.4077507802906553, 10.233108545445106, 13.377235823789874, 17.586778333700863, 72.40387050046985, 11.02452826067389, 1.1185511709390994, 3.70916050079461, 3.138700521457565, 15.460204894586127, 0.9922248778374296, 0.49732380664858056, 0.41290413468271936, 0.9403217659579468, 2.0789009370149643, 0.9255095471461914, 3.8989109134451496, 20.91728179126602, 4.487116860847323, 11.739671779188598, 22.383312544172497, 11.005508946197665, 26.51290752973756, 0.7957928275095583, 3.126901700654855, 9.94970290073445, 5.320662201356413, 3.278668592746442, 17.831998322367127, 9.523289462690201, 1.7458141302962815, 0.8738087289272016, 3.9294451142204707, 0.8265577121524359, 6.681514865554874, 2.101657825632998, 6.249086482135894, 1.6444588166364724, 3.5529090326886745, 0.5119479981026132, 2.0222942560331916, 0.8120498304788555, 10.534705521340584, 5.802808943249971, 3.2805765190578597, 8.004288680020807, 0.6279473902233406, 7.839217117106074, 2.1723928497287375, 5.363005383949485, 3.4368907731306138, 1.9505096454174975, 5.211757764592448, 4.634344517610998, 2.9006826644585857, 0.14339099081180962, 1.4343423177317334, 1.2484930934535612, 0.48552196464515873, 0.03378354533785455, 1.3403571063964534, 0.2987144847760135, 0.5095779699316552, 23.523077650526318, 33.083567976853374, 2.088005939039192, 0.1520461703219098, 0.6311094034779785, 19.65675181173458, 1.0356563411011734, 13.822344211258837, 1.1646266904365348, 0.25769889403454727, 0.1906073920910103, 0.23653610317489893, 9.509472392664918, 1.672417691337614, 3.008021801593884, 4.080189909384103, 4.8260018828784155, 12.465174872721377, 3.7330220960199654, 22.68157560343076, 15.643090835992496, 1.439641933456386, 9.720541571278943, 7.119942593540941, 14.674484822624379, 5.317670951544869, 4.648613891787761, 4.985557242202788, 3.71457989275342, 3.543203264214071, 2.9890297910118306, 2.779036610338551, 12.749790452739774, 5.425335313049345, 11.24744292442898, 10.693239888137668, 0.5865875064288844, 0.12053170126864643, 1.9077996055318636, 11.591461946237132, 4.97062486566864, 7.475534408600993, 6.758276602586079, 11.336829788186947, 0.4621435385100199, 4.23982527407594, 0.5554132788735728, 4.526943928026412, 3.5609987518565163, 9.852850303020489, 12.288222064225351, 0.07974515203272858, 3.1273708720576394, 10.470784901396627, 0.3062526133894039, 3.785439377610487, 21.891677466681813, 18.662545832291357, 2.5485604468933047, 16.26780952533909, 1.0764509749503475, 13.84336877538891, 4.705096999377076, 11.277120266909265, 3.0078020429390335, 1.459373126292121, 10.697252595166049, 0.7688779585810721, 1.3128808381491694, 0.5578781440665352, 4.240695857475828, 22.541202419665012, 11.303103090803972, 1.2935693143156382, 0.0, 0.0, 0.0, 0.0, 0.0, 0.0, 0.0, 0.0, 0.0, 0.0, 13.478891477574322, 28.936877881648655, 1.4844964240709828, 5.199265439725252, 12.470734030396954, 3.1733390028381336, 6.5634925395885375, 1.8056787776575902, 6.107455046906409, 5.822565000430302, 3.095209327795601, 0.20877104436203808, 5.792652576575108, 6.4949978632003535, 5.105300930047747, 9.172537852058781, 3.1291470535890085, 2.1463966314724985, 11.638152953541407, 13.508933513169154, 18.277005444844633, 10.531677592355706, 0.0, 0.0, 0.0, 0.0, 0.0, 0.0, 0.0, 0.0, 0.0, 0.0, 8.496989837149385, 10.983565496079976, 4.83408385274852, 6.0764570020920985, 4.9369118505212555, 23.789518333349662, 0.5243630828759933, 29.114771103503358, 11.82253586476537, 0.30978799440731564, 0.573840176041017, 0.26618597091174934, 9.195882186707195, 12.291875696896398, 1.8232701392828403, 2.8907716475646907, 4.227893472136628, 12.578461013837398, 3.515272535929938, 4.2294761357288735, 11.350438058615453, 18.277005444844605, 8.520244420244723, 0.0, 0.0, 0.0, 0.0, 0.0, 0.0, 0.0, 0.0, 0.0, 0.0, 0.0, 0.0, 0.0, 0.0, 0.0, 0.0, 0.0, 0.0, 0.0, 0.0, 0.0, 0.0, 9.98582291937771, 12.242286439783854, 13.084602353631567, 3.546819729651247, 0.0036826079989964455, 0.4820705721839431, 1.7443727608861082, 0.054812176139591884, 24.760161499163985, 6.990225564499383, 14.057284512886838, 21.4130157109671, 14.613043418543384, 2.573655140538449, 11.905864698151447, 4.557737673073007, 1.8529296064822631, 2.7314596008695275, 1.6432762973101376, 3.266032900730295, 12.485508375418192, 0.9522243747428547, 11.068317632793025, 0.4544086440188835, 2.3133820455120144, 1.1846539955938624, 4.114617533832529, 12.494787746903285, 3.2087205603121447, 3.5013631857586347, 2.140672779878628, 6.110917216589883, 18.87156821706941, 13.35051499527782, 0.29060648444448134, 5.869521524609667, 0.9366235222078672, 3.077488504189347, 0.053772707337827796, 4.856306146816536, 4.943252485437057, 1.2918105336104873, 10.749818084958008, 4.880137610086308, 1.2410099487297828, 3.9496291913040977, 4.666728114345972, 0.707620469457936, 3.4045509147397865, 0.6936375351174036, 4.8673814514385185, 1.2426969988765961, 5.081873145761847, 2.9366022894050445, 2.465549818718614, 9.052213517371513, 3.4854182149993562, 8.263221374371057, 4.422036826530757, 1.0247341821931855, 2.6039887244838837, 1.1849365287265812, 6.595672282297642, 2.0358651006089588, 8.315175270234391, 1.4785699352024437, 2.7507176681143335, 0.5446801220086854, 4.865374420571669, 0.7836976911795546, 0.47405235950841984, 0.732179618705004, 0.10688172361886927, 5.030116445220131, 0.3298975141863707, 6.789319621032263, 5.96073677133063, 0.9460898097154029, 0.8054163439998661, 2.291519321915132, 0.6106660255030505, 2.9632985470517497, 3.5492027658634697, 1.9879897585775268, 2.1967966782812027, 0.8556364820351519, 0.9720774400893504, 1.0267159365867684, 0.8814491542110119, 2.6940090331257665, 4.446498041479174, 6.406091063480119, 3.7300489775153096, 8.070758644385364, 0.6508705495845959, 6.228336927090908, 14.976352322265, 8.496989837149364, 0.0, 0.0, 0.0, 0.0, 0.0, 0.0, 0.0, 0.0, 0.0, 0.0, 0.0, 0.0, 0.0, 0.0, 0.0, 0.0, 0.0, 0.0, 0.0, 0.0, 0.0, 0.0, 0.0, 0.0, 0.0, 0.0, 0.0, 0.0, 0.0, 0.0, 0.0, 0.0, 0.0, 7.236520657278106, 16.61227123959361, 6.9831433654114505, 3.0785289213736746, 1.0942798876324105, 3.247724323567155, 3.414913666065985, 7.747577797925629, 26.5491677012065, 16.615370371200356, 0.563107903541578, 0.7921334497161183, 8.572699528026817, 7.781356789857, 14.70526874189352, 4.317690600623223, 0.9027768797204772, 1.7965339157846643, 8.33152683011292, 21.31307918716317, 1.8513107416719663, 3.317552546895797, 0.23544360205062276, 2.6933349062535967, 4.442504622851118, 1.8432666458108429, 11.105762084557057, 5.847234693483188, 4.3367902577993505, 3.344659644725681, 4.661216799099719, 2.4567263034082885, 7.902238524408062, 7.153728353839824, 0.8500665160980247, 5.233847681388767, 0.2309343628386955, 9.593331454497388, 10.071233801243636, 2.5839996751722083, 5.584304766777393, 1.0970526291888518, 4.924475021696395, 6.566718317579586, 12.248446308149795, 22.453229438534265, 0.1998630409042903, 4.960410834707034, 7.266883164296502, 1.5322746355577408, 0.6519060817710454, 2.088709021031292, 5.607442960688417, 6.118895874631846, 0.051404792355072004, 1.7929446886896585, 0.08656349310740552, 2.161005073041224, 1.033623623576176, 1.9132909477268356, 2.0454946980432, 6.724489879951619, 4.199433712397763, 5.314768237937187, 0.440145060790087, 28.909820539927694, 27.461515370991947, 2.4644820336414597, 2.017496270766287, 4.16717414491422, 1.2174188110034763, 3.5458593130780045, 0.7662520107105593, 0.8522048216157856, 0.5036486326814469, 5.71056664853063, 3.9696550503925465, 3.792953221818962, 9.360892955721027, 1.5690308343144181, 1.5836980075725364, 6.405235912453804, 8.519528554322136, 4.277678479362379, 11.726518731188719, 10.039612410956394, 5.766163945775531, 2.3843776296119046, 13.103171945776012, 3.9272591965088566, 4.508633657504504, 0.34058436751919885, 4.017699226931541, 1.1091059796766558, 1.6794578877522781, 0.5542660433414426, 2.8013381951240603, 3.480412854100848, 2.0297092507908303, 4.915725772512417, 1.8292306899394077, 0.38329399196078384, 5.732921506778695, 2.0014015045641145, 10.21144366929471, 18.61488518125259, 8.362498017404505, 5.068336428414966, 5.305802788879987, 1.0250719924023315, 6.459819653587488, 0.3048772533955457, 3.738045057284239, 14.037866380518324, 2.0182787678862155, 5.924051298466026, 6.596049925324053, 1.7824781598537243, 2.859996179037921, 0.8664074194974773, 7.246688542996196, 6.051967473441209, 30.01678280198678, 0.48002264503236347, 13.318950394602382, 6.981975136695951, 0.4720565272658064, 0.9375268971574542, 2.626883626640506, 0.1950776565082606, 0.3182116420115335, 1.337279804201529, 1.813083244325071, 2.689525005739938, 8.83255818222409, 2.2845081106924, 10.317414735164675, 1.4661841014675474, 7.046168854467965, 2.219831286998584, 6.499369707109793, 5.168927672668929, 6.57026749440584, 22.873032800409817, 11.648766648234414, 4.3314545342227575, 1.1244952967720678, 7.667284635207238, 5.131378980507861, 1.166564568729143, 10.096468812220479, 10.81690017203374, 2.8317842457590814, 2.641708078783836, 7.310938476759702, 0.9401086241945791, 30.637158225947815, 4.566596908654901, 17.86623555625087, 4.22109471340832, 12.729411362075894, 13.179268286511018, 0.39958040439614706, 16.598282304388874, 19.225887989025694, 0.4315879797223374, 0.6088232546237009, 2.8609793285741603, 1.2286323707014617, 4.473627892868706, 1.23340368306566, 11.091475676444247, 0.8874962038702847, 1.10425251529432, 9.01912600993029, 8.022587509515915, 1.277891528702753, 3.838179386604452, 2.054426591174547, 8.294161324026618, 5.524949698900514, 19.759948439367633, 3.078179363527738, 8.988623089508678, 1.5521755188456723, 1.09324769622026, 2.328404323808968, 13.171383924875443, 2.641667026164953, 7.835249957389351, 10.917409018910405, 3.1797895927738864, 10.01707093126521, 13.273508301506638, 11.586024877593104, 31.143449583888355, 5.133074410935933, 2.032382094272293, 3.6290513885375617, 14.020688923740863, 7.1910743369489865, 0.8826833333625927, 14.769604465368445, 32.63467701151029, 4.896317324482766, 27.753958281468726, 0.6891363335585083, 0.39707521947133273, 1.5046687473035263, 6.802469663880629, 8.20640356186999, 1.5094211530852135, 7.4425008164066355, 4.1337661472467175, 1.22377517815994, 0.505511118203799, 0.3572440595429498, 3.1418261606186206, 0.6250983067631637, 8.443563032914483, 0.2879950402452778, 2.0372864863307427, 0.015183621545929782, 3.153738012186693, 1.4539507701546768, 10.076128183764524, 0.7054511835076198, 3.1434235654142526, 3.488187475876998, 4.714408846499055, 3.2396637054975486, 7.181046900707486, 8.877874914238845, 2.3183203073889302, 1.3796861392712003, 6.2121438063291805, 0.543992633705443, 0.5561027198336319, 0.8335152743774756, 2.636695779790017, 6.409163531135334, 3.0982668941772147, 5.009386711069567, 2.949503591485154, 1.6729709611565227, 0.3762773848405345, 0.14761256142830348, 10.541835187507075, 2.984989293473973, 0.24595353541366194, 17.93066716429979, 3.9302641099866946, 7.517698651194337, 5.322920834418142, 17.02352659970478, 25.220207048100264, 0.06486860086921808, 10.006861653461485, 5.409264487871809, 19.86287416876354, 41.99670851158987, 0.39068522824163665, 2.987307277524792, 5.821805634118562, 3.4916868578759477, 0.08331556614422198, 0.34018064645434265, 3.593212599127412, 2.216155923435224, 0.46136944096429033, 8.299457854152934, 2.0237496616616966, 2.396855819982136, 6.069204652994472, 1.9155076347971942, 6.8913306971478505, 3.1682878423177954, 7.443405857325217, 16.65573623609555, 2.7092837502954694, 11.869089235054616, 1.6593434820155153, 0.4578570800860575, 3.1484144799777596, 3.2230638851863205, 4.499449659304531, 1.0264972689009255, 0.49827839537903174, 4.533875385234495, 8.641581788568317, 3.0890957090460347, 5.215355823264957, 1.4628971143084755, 0.4355779631304131, 2.4966658977603515, 4.694705574360285, 0.43577752973538963, 0.4112686741758296, 1.8280467904445459, 1.0642440815712462, 7.546926500017037, 0.3134091958534668, 19.698617097785473, 3.683861739329643, 10.557306202451684, 2.256661386041344, 2.4289578201979793, 0.3982944290150954, 0.419185008633292, 0.7312290795888146, 0.26034552945642986, 1.626060160668601, 4.08104701268644, 3.227158496471475, 2.762131896015944, 7.117491816026359, 6.734049219745685, 1.1309772237422067, 4.006509108384705, 7.452158252082938, 1.452878038280744, 8.727652321492286, 1.5335898384244615, 5.530144954858969, 2.113426250987544, 3.6175558947773823, 4.448695772173409, 3.690979505627297, 2.805929423062281, 8.088570701589703, 3.519958898743724, 2.237206506085357, 5.091493330346026, 5.092608483921651, 7.115411229646156, 1.8118150963153141, 1.4159798370880878, 1.5446428700348633, 0.10555157378931312, 4.546605950194191, 0.728297626113914, 3.146743256195208, 5.191435410220464, 10.459135996331597, 10.509886676884872, 0.0, 1.2935693143156435, 1.2935693143156453, 1.29356931431564, 1.2935693143156382, 1.2935693143156435, 1.2935693143156453, 1.29356931431564, -2.842170943040401e-14, 1.2935693143156453, 1.29356931431564, 1.2935693143156382, 0.0, 0.0, 1.2935693143156435, 1.2935693143156417, 1.29356931431564, 1.2935693143156382, 1.2935693143156506, 2.56713897855483, 7.686262571454925, 17.06558646101071, 11.086984834296118, 2.860456882010908, 11.181854753617472, 10.734389079202487, 1.2090564578201395, 0.10451680848319711, 3.6826541091297145, 1.8802642183450757, 0.11619537578002337, 5.632375533238019, 2.5624770870217617, 3.8927688940599694, 18.117816966701696, 15.288681134526257, 0.5161568480562551, 13.999743955896236, 4.0948877621249835, 5.032361531048593, 7.964953290269591, 0.5044644857833305, 2.4787448044297093, 0.2443788655544381, 6.148969571423436, 11.34182709367721, 0.6898045860545494, 15.29574290387734, 3.6074401928983093, 11.19295187513211, 4.673686131435488, 21.875457277320066, 9.193098887093726, 3.963649317857886, 15.857448263545251, 8.40832674815988, 1.5177892758403004, 16.513436242292357, 10.33947185935574, 0.16422743258510764, 7.369230035589112, 16.156996826485226, 17.031388334753444, 3.093754328941145, 2.019848403208215, 26.66987655076889, 23.623562358681852, 3.4045454372743507, 3.0923739354146846, 9.350575488641908, 1.1341384736695659, 8.825971284569874, 18.277005444844747, 12.255440673886781, 0.0, 0.0, 0.0, 0.0, 0.0, 0.0, 0.0, 0.0, 0.0, 0.0, 0.0, 0.0, 0.0, 0.0, 0.0, 0.0, 0.0, 0.0, 0.0, 0.0, 0.0, 1.2935693143156435, 7.11214736626787, 5.787712111272285, 1.0020546450342067, 1.5264761144839838, 4.396642885847342, 2.5377909229141693, 1.2174188110034834, 0.597446341656628, 0.2555384426840348, 1.3405595074184689, 1.4578162113678985, 2.3049777978637565, 1.7279835492156792, 5.419248715500174, 6.906457268853771, 7.312221693320822, 2.56713897855483, 3.9722827547508146, 2.1316282072803006e-14, 2.8371007524249308, 4.040924906621001, 3.049973454832859, 8.748464300418561, 1.4276578998236644, 7.766968800949883, 2.0174962707663155, 3.3513519060309847, 0.4533650537578069, 1.701126204561234, 2.222477600312345, 4.621149610511175, 5.113709340696122, 1.2935693143156382, 0.0, 0.0, 0.0, 0.0, 0.0, 0.0, 0.0, 0.0, 0.0, 0.0, 0.0, 0.0, 0.0, 0.0, 0.0, 0.0, 0.0, 0.0, 0.0, 0.0, 0.0, 0.0, 0.0, 0.0, 0.0, 0.0, 0.0, 0.0, 10.430923863533039, 16.61227123959523, 3.568094956584133, 1.4157210170882877, 3.0075941033703657, 3.0269174630712428, 4.122354182418803, 16.40009159923744, 14.722911017890567, 7.000439893881264, 6.481198626504124, 2.7783144498237107, 1.2574609207546814, 1.5703214037767736, 3.4541703050281285, 8.901888538419001, 4.7811039881841, 2.8396231064320148, 9.665199620678038, 2.6827310675054434, 4.1331244151185444, 0.6146234758468268, 6.588345731781573, 1.1696176091303414, 9.381024939134278, 1.519383372295124, 0.06519979257959108, 1.5045387482066133, 8.484661498588594, 0.3426473111861412, 3.914045169732958, 7.411122335492678, 0.2971313235152593, 7.407853682353959, 0.41209386892097655, 13.860235669401106, 1.125265970916189, 9.781879989780407, 5.0712810592957, 0.25038679570681666, 8.091743854977324, 2.9901380000567883, 9.020972102789756, 2.8258693295192074, 0.40950806009738017, 0.10321114336170467, 9.15448651977664, 3.284797794819781, 3.121570430481654, 0.6176277765011946, 3.9301327863699953, 11.617941210623599, 2.091975969327507, 1.976772406100963, 0.7116359927975964, 3.188047918653581, 8.385431505969166, 3.457065089219668, 3.798572497945713, 12.376828255928217, 8.832885140324152, 0.9539469992207046, 0.5451302820254114, 1.6341490748262686, 7.7035017621963675, 2.9412961733384577, 10.882977808713065, 6.463631276823378, 1.2465256573566421, 5.4775777637935334, 6.764404599737873, 0.8803805311650876, 7.145997907876506, 2.2398316629378314, 2.8789556439386956, 8.22126500669907, 5.815607751675429, 0.30256266845123037, 3.5676798168702533, 5.562635445818387, 14.915252427296878, 19.21097744327301, 10.1604210703415, 30.856034665801417, 8.847206034217436, 18.566429795887103, 3.9865858993046004, 3.8582422879716773, 2.3397028637442645, 15.052508215735998, 2.0341484778754193, 10.277032693913867, 5.048093136596833, 5.213973953043109, 15.089238847189364, 1.969773916067652, 7.982027307130295, 8.573506398065035, 0.5093472371100347, 1.0357011899267832, 8.86472947527443, 12.26438919088696, 4.976753811601213, 18.277005444844605, 10.367500169781962, 0.0, 0.0, 0.0, 0.0, 0.0, 0.0, 0.0, 0.0, 0.0, 0.0, 0.0, 0.0, 0.0, 0.0, 0.0, 0.0, 0.0, 0.0, 0.0, 0.0, 0.0, 10.532477480904234, 12.25881931580335, 12.31268416768745, 8.474914651740676, 2.4113395661402137, 0.7795581822642816, 6.6845795511599135, 9.707689502672906, 6.56819841518967, 8.836223598930303, 39.54255659687965, 27.124714245341124, 8.376999952963274, 2.5988048365517784, 1.034468258400608, 2.5673868617930395, 0.10986680413887484, 0.5494716881284489, 3.4813298465440425, 3.2055245881022643, 4.786470694955426, 3.3210985473276082, 3.410077649290031, 0.29959920919532124, 3.6519652173018358, 5.123376551159311, 0.8251013922085804, 7.394091746929206, 4.873881491362852, 0.7395618531441528, 6.901857530970233, 3.900077044682291, 5.118258458347356, 7.884970153218461, 8.236115208531231, 1.5270209219566482, 3.282193719478755, 6.201447814353514, 4.1915610539896875, 0.645716395425751, 13.880270001186886, 6.80259070699725, 1.4744257457608398, -5.684341886080802e-14, 0.5164786061933313, 0.9627009587051418, 0.8898252715848685, 2.2759063726778663, 0.4011990061934938, 4.099246412545284, 0.9014152034526006, 0.11900336934026257, 0.6419879788653304, 0.03056204664343909, 0.1723652264710438, 0.44215000230390444, 0.8024900094476095, 0.2888818040840988, 0.3690156050776636, 0.5228506081873263, 0.020354343524658702, 0.8622926281682624, 0.9257320318265556, 5.508578046505548, 4.086837259171119, 0.20216657715772612, 0.8773677165607054, 0.877367716560709, 1.0727211403417058, 1.0727211403417414, 1.0727211403417272, 3.972282754750779, -2.842170943040401e-14, 2.56713897855483, -2.4868995751603507e-14, 0.3324226358542042, 0.3324226358542397, 1.0727211403417414, 2.1316282072803006e-14, 1.6250938983181058, 1.5432385856495117, 1.206989301253003, 2.602188283241574, 2.1316282072803006e-14, -2.4868995751603507e-14, 2.5671389785548335, 2.0445769671940113, 13.355006263098431, 2.493957051331506, 5.310863396853236, 2.263509190299416, 0.8133843615639691, 1.3801253076992097, 1.953978606333763, 3.4068271395216385, 3.0003138260086075, 2.0977741732970188, 0.33242263585423615, 0.5974463416565925, 0.5441635299100653, 4.301289815549897, 3.4944291586129275, 0.0, 0.0, 0.0, 0.0, 0.0, 0.0, 0.0, 0.0, 0.0, 0.0, 0.0, 0.0, 0.0, 0.0, 0.0, 0.0, 0.0, 0.0, 0.0, 0.0, 0.0, 0.0, 0.0, 2.56713897855483, 7.11214736626787, 9.636221815636475, 5.946239443731216, 32.745498428100774, 51.15240942059546, 4.709739630091519, 1.884250366776655, 9.751267258747589, 2.097852186896432, 0.04986117670210888, 4.2836742202924825, 9.660902601056364, 24.229859908342462, 8.93850562481316, 10.971617479526287, 12.466645171834784, 8.938486879889638, 2.921947445247554, 1.4840248491795478, 9.98783829548455, 6.418900432120154, 5.7985326875830765, 9.961359712576552, 2.0036328355159867, 19.79571745439091, 35.41880550409854, 31.806410518945768, 14.449119406849775, 11.247209150245396, 0.3116482801661391, 7.786610706878378, 4.287038218875409, 4.425001066447294, 3.8111994694478994, 13.798999450959968, 0.2983368206118939, 9.14380963793127, 6.237029901089272, 1.081359820183252, 6.263565979813279, 2.472180646770198, 11.740118469722518, 10.90057776037645, 17.366680314030816, 2.8402275476825025, 3.3951723929486093, 6.382191803725618, 9.538992258437531, 2.8015432943321343, 1.2768239569227262, 1.4716905223785943, 7.695483010945281, 0.18267068226947458, 6.969212657674973, 2.046216822946917, 11.026606800855859, 0.18616123762637926, 1.4685078879107323, 2.5218169157967623, 2.5098777845681752, 1.4564902374251005, 7.457569112017154, 2.44404598078404, 0.785807277898698, 10.895174792509863, 8.087746763891346, 3.83848028800179, 32.335243788642316, 25.03542658785392, 24.146437641282205, 3.27456446345667, 8.144142418040872, 14.161722888702343, 5.426655679602277, 5.890839130405823, 3.3240515450643215, 4.025196552181001, 0.08112513815063949, 11.881160235280902, 7.996228570170615, 0.6530522057155395, 0.08728388298624168, 0.39782615145469435, 0.33131513983911987, 1.2411809581288935, 1.1389683915401463, 0.2891588485434795, 1.0309236730739997, 1.6354516860695014, 1.5235742410971511, 5.796161525907962, 2.936780939958396, 3.1411497382560185, 2.1863477693822233, 5.534990418194582, 3.5161311384998157, 0.5311828773603793, 1.2201095459556655, 2.1568130187679344, 0.3059538263064496, 3.0826322851542045, 1.7068643750380943, 0.8553575498878274, 0.4618726765092731, 1.6485989367647278, 7.819263275112519, 8.5325667586186, 11.372838910083487, 32.77931800571193, 16.612271239595202, 0.0, 0.0, 0.0, 0.0, 0.0, 0.0, 0.0, 0.0, 0.0, 0.0, 0.0, 0.0, 0.0, 0.0, 0.0, 0.0, 0.0, 0.0, 0.0, 0.0, 0.0, 0.0, 0.0, 0.0, 0.0, 0.0, 0.0, 0.0, 0.0, 0.0, 0.0, 0.0, 0.0, 0.0, 0.0, 0.0, 8.496989837149407, 11.035908898586527, 6.678288235494591, 0.228916245631126, 0.33495727425165, 3.2786685927465555, 1.6603110366650924, 2.22009930044419, 0.8870176507847702, 0.5963296750655331, 2.2505762663010955, 5.057709386955224, 3.038167630946191, 4.644641110203338, 1.1553483505024928, 3.5116461532115864, 2.2341604335419163, 1.2857114058800505, 2.8367956421046188, 0.4152453211723923, 2.3270928952308623, 4.651740666727733, 3.774790138241457, 12.511298260477787, 11.859623165979315, 4.749457524255007, 4.858992735284744, 6.546230705093308, 18.277005444844576, 9.625316490649183, 0.0, 10.41210198777567, 16.612271239595316, 3.1903776996023794, 1.4332965415135277, 3.47977704839451, 1.8214875479653188, 1.0847460027118245, 2.2339288605950287, 0.05189607766368454, 2.6845864367476793, 8.74468323108232, 3.7869063483113337, 10.687733834291407, 9.923354872607717, 1.083654042851748, 1.294134486279006, 0.07326786394150986, 0.4205235789492008, 3.7074979692138754, 6.914429785214281, 3.455886619812418, 3.88536731953468, 30.373185544154637, 2.438033382393371, 15.88593490495083, 1.618684578360842, 10.049670770639182, 10.639580964648474, 14.220892118833433, 1.2336536987232023, 2.3823041619135665, 6.543019425824042, 21.619750870865687, 17.125097371148115, 1.481423989787345, 3.840609490702434, 3.823206230433698, 3.0157743290004078, 5.292292638527215, 2.3044010672683726, 1.4680703847005816, 2.512724921733195, 4.8232480090185845, 1.9668804610150232, 0.826039483836496, 1.195057096764458, 0.5184126076620146, 11.433386177252544, 3.848377218581163, 8.825254588615081, 3.2318976860688906, 1.1681265906824478, 1.6807331752453933, 2.0458495138539092, 0.4512720601132969, 5.526871429991132, 5.305830506512564, 10.51752003378148, 10.48758649222674, 0.0, 0.0, 0.0, 0.0, 0.0, 0.0, 0.0, 0.0, 0.0, 0.0, 0.0, 0.0, 0.0, 0.0, 0.0, 0.0, 0.0, 0.0, 0.0, 0.0, 0.0, 0.0, 0.0, 0.0, 0.0, 0.0, 0.0, 0.0, 0.0, 0.0, 0.0, 0.0, 0.0, 0.0, 0.0, 0.0, 0.0, 0.0, 0.0, 0.0, 0.0, 0.0, 0.0, 0.0, 0.0, 0.0, 0.0, 0.0, 0.0, 0.0, 0.0, 0.0, 0.0, 0.0, 0.0, 0.0, 0.0, 0.0, 0.0, 0.0, 0.0, 0.0, 0.0, 0.0, 0.0, 0.0, 0.0, 0.0, 10.439020803122062, 19.971649543578764, 17.695350535457408, 23.03649771679801, 9.492625623286187, 11.459364318147095, 2.159457501180924, 1.7556158903909704, 0.13819319711060984, 1.2916116341636723, 1.8688705831017955, 0.22253633681810925, 7.813246522299323, 15.618384338702242, 2.2218244817840684, 4.77198522676602, 0.0025083046353699956, 3.3056196906299817, 6.256248678240297, 2.7135785624910795, 1.3912657918466493, 3.3409914930538207, 0.06914846504508887, 4.913394939789782, 0.6171064852983932, 1.0950027780866662, 2.86139614178569, 1.8040122242176153, 0.29166259584235377, 1.3075164930940844, 8.144486552211703, 16.163109484762884, 10.528136539513127, 1.29356931431564, 0.0, 0.0, 0.0, 0.0, 0.0, 0.0, 0.0, 0.0, 0.0, 0.0, 0.0, 0.0, 0.0, 0.0, 0.0, 0.0, 0.0, 0.0, 0.0, 0.0, 0.0, 0.0, 0.0, 0.0, 0.0, 10.534834155600773, 11.268830701655801, 22.556211294864482, 1.4894011190603464, 6.243510795055329, 8.063765407990388, 18.94975487606476, 0.706036294187939, 25.913360737817356, 17.6157201898248, 2.930809239584164, 3.951367530672883, 0.7403126333734349, 2.6802052446962534, 0.3637911438363801, 0.08348548241696108, 0.38804499228723444, 1.025653671963937, 3.3269436357442146, 6.686125284308218, 1.7776551516451775, 2.413141928196808, 8.716511869696006, 0.40880651170292026, 0.606847757223818, 3.5950399911226327, 2.3967766766405134, 6.231540952561261, 0.08558806637776684, 3.181128514344664, 0.9377033282290768, 2.4037331375772055, 14.23652030493247, 2.724029660247254, 17.156568981470855, 4.69335841873766, 3.807293404216324, 3.2249401451491053, 2.2575073060377235, 1.5004745330577123, 1.3805247520983244, 0.6169270241048253, 1.0739095960060183, 0.01039094445752653, 0.81481061219651, 2.7418174249333163, 22.935246496836527, 11.478338308129167, 2.779902999246147, 2.0597314214219082, 2.5671389785548335, 2.7629447914147676, 13.363903499657397, 3.0755033344246385, 5.641802190012157, 2.86397986408943, 1.228358742940145, 1.2520431616601542, 0.45632194167390594, 0.7284411623161446, 3.50474555144055, 2.000607048130931, 0.10091607429059479, 6.138288016307428, 6.8184706006165925, 1.3962511233076498, 0.7668879280906822, 4.513851550585272, 1.5448349796066339, 15.782420295396264, 0.20551435450997246, 3.361636006011736, 0.7930193091187903, 0.9323487559251618, 4.7309852543325235, 14.286656333268468, 11.559425604417868, 0.8235646941352002, 3.8699304851480463, 2.891364737403592, 1.8792668599166973, 4.647178292805108, 0.2095874071381445, 13.146565676486773, 9.355817599477689, 5.946598649245615, 4.680499375263935, 4.763073169185077, 3.005897264844549, 3.6359183107888953, 11.197821634660471, 19.971649543578707, 10.512744660209407, 0.0, 0.0, 0.0, 0.0, 0.0, 0.0, 0.0, 0.0, 0.0, 0.0, 0.0, 0.0, 0.0, 0.0, 0.0, 0.0, 0.0, 0.0, 0.0, 0.0, 0.0, 0.0, 10.453051063691476, 19.971649543578735, 5.309592792314959, 0.2478355251236053, 0.21958046353995542, 0.8285490811368845, 0.23291002217763435, 4.390615408123381, 1.3713800164744043, 0.5767944865380059, 8.63608285822204, 1.6618140426875811, 4.974026894116832, 14.176463480072755, 11.149809657207584, 5.158436777493705, 20.80196395593117, 9.069462212360634, 9.622900709256498, 4.941714571095758, 3.917536063368317, 6.42209672707898, 0.030719480858664383, 5.825822518666911, 5.674058151403784, 5.505199780867429, 2.3269979119745017, 5.841780557624901, 0.4032343253958288, 7.453705533501477, 6.156635613961953, 2.263129434629491, 10.632561573741441, 0.4075416549264901, 7.950497000964049, 2.088783524622073, 0.07396176029840262, 2.5542793615589403, 3.9957953224878793, 10.88671224750044, 16.17260442027461, 2.648510600260437, 8.696215675501662, 16.133631718610673, 10.027116010969905, 2.084077256582134, 10.037001835561966, 5.185227916037491, 4.459849172399743, 0.41239085829360533, 9.585637636679337, 0.16262753880479863, 4.109307386216642, 1.001733470079131, 2.022624221156775, 0.8211395387572793, 11.655426388961018, 9.248063815411115, 5.095471973270492, 14.180800311863976, 0.13241609628485662, 3.9805270489388533, 1.889536798509539, 10.310646702685233, 0.35512077749763193, 0.2994634622950514, 0.8037441898123632, 2.499592820789587, 2.086368351595553, 3.5715007654851263, 2.9317253733359223, 13.036966048751822, 12.20233059447753, 4.749447448849082, 0.46833632964626304, 1.2846379264129268, 1.1816387936215165, 0.5260111597016248, 0.25549077528364705, 2.174174464024645, 3.5842272527620764, 3.37970378789322, 7.785575028684747, 16.445056023413258, 0.47192871231004574, 5.840382655673238, 1.0759773844064853, 1.2274942389772718, 1.0264523243655503, 0.8398818474754819, 7.556791910038754, 6.636637404258892, 11.640028260917092, 4.2303032322183185, 4.505201954719581, 2.453337313112229, 3.7541421731015134, 0.9071644595637167, 9.351804258147808, 0.1989460864598982, 7.106116685842721, 1.9468102260637465, 2.215653936618878, 0.4439123238223601, 0.5407208755037232, 3.4729889362546373, 5.418744449020494, 0.6544858912943141, 0.3922484341702841, 6.11606386068911, 0.5948229409036685, 19.83443577804661, 7.790846892835248, 7.773010163165509, 3.4260322074515557, 8.030368869937064, 3.9512100218127273, 8.014398088463366, 3.6118642800169027, 7.150860459155979, 4.980642775335127, 0.10322739878250786, 1.2408196470865391, 5.372552263031707, 3.0984726862314744, 2.4487762214853888, 4.273675186867763, 4.2158562129351935, 5.76200762742252, 3.085993348410227, 4.761397787141902, 15.68729410793054, 3.0739030041967226, 2.899890325950082, 2.042759654247533, 2.736975582787778, 2.88040240756456, 0.6575626115402429, 2.4280657462613817, 1.3456438087706886, 5.416076771325464, 5.91781276517068, 2.104880796346663, 9.172709976676373, 5.054105306226518, 3.1056607585878737, 2.981620506421166, 1.7149929445388636, 4.764088516740429, 8.196723125240112, 3.0339912678537075, 5.422323481131514, 4.659885706691313, 2.795058974913161, 1.9973082186072304, 2.903604279947558, 4.043294950999609, 2.6069323624990375, 11.217231261271195, 0.8621433323606311, 2.2324440103442384, 0.07118179140258007, 2.2153906938029877, 8.911780410268022, 4.365444569323586, 7.77366394249475, 1.637229173410617, 4.013793139477116, 11.186812632734757, 39.621724199991434, 3.8615064197192055, 1.336313979127965, 1.4755365711322384, 2.541659939312524, 6.594015129201011, 9.826308772848733, 2.294355374798897, 1.008698246519998, 1.1447434073562022, 1.7333614308610663, 0.5223018862951108, 3.4601007103393044, 3.0516440962076103, 5.427534566082727, 19.357618089202788, 4.9469205382296195, 6.649164392705188, 7.924631894759045, 1.8168378978137412, 6.8968491236747695, 9.213293448329011, 1.803912052342639, 12.16993762428757, 5.208924537127928, 4.0665661772343356, 2.3111383642091994, 3.5696415802302113, 3.3311730579197842, 6.197892468090686, 5.606725211609557, 3.0527881040521834, 9.418296708965386, 17.637484646434302, 4.562554570655948, 0.801897309821868, 3.913782893507232, 4.317113525135994, 0.4304845951535299, 1.1976867840606076, 0.1436118125734538, 0.7957180520929228, 22.908172722951036, 48.480136977010346, 2.37305190127384, 40.51437560212247, 5.354803566894532, 2.483428425232148, 5.3134955606519725, 2.8802545695990602, 9.450378112985902, 19.971649543578593, 10.535522718553551, 0.0, 0.0, 0.0, 0.0, 0.0, 0.0, 0.0, 0.0, 0.0, 0.0, 0.0, 12.22789879142644, 14.976352323470834, 1.723488515350681, 8.185805144252015, 0.6145471695926403, 1.062839941050811, 2.04093214709593, 12.388055915055304, 2.4989112990813283, 2.081633167387281, 3.2278478875779797, 12.342615747345008, 12.968864433699082, 4.338527497534756, 1.3137753161997239, 1.6758722714318992, 0.7775833675367494, 3.567887350682099, 0.0806206928968436, 3.579340997165218, 8.975035766706867, 8.309712820638936, 2.1736602909551834, 4.366178848605784, 13.482690458882246, 10.535582997457816, 0.0, 0.0, 0.0, 0.0, 0.0, 0.0, 0.0, 0.0, 9.190772554682525, 16.612271239595174, 25.948360824388544, 3.7062520438025786, 5.9308134706352575, 11.470907154846827, 13.217063041571635, 8.57593314424389, 15.86738156103786, 9.631580717559814, 15.075741550412829, 4.3524964274132, 0.47285510292812205, 0.3377254534700569, 0.02058794979910772, 11.36753401870834, 1.9191780187263134, 17.029054379215154, 1.3173585633506377, 1.7968898020817505, 10.86299500434302, 12.008496494800113, 0.29307949941068046, 2.6136257296811323, 1.3436970142926725, 4.103474802138123, 24.271431905862414, 1.8334548663207215, 0.21482150958729562, 2.7069548562375303, 3.74987986682072, 0.2143748842735249, 5.7145021749631155, 23.698304702437042, 1.3459396798921262, 12.432356572575884, 6.666618304250051, 12.135530142695302, 23.252069136348496, 0.7880465681697615, 12.049050498385043, 7.171935610749472, 1.6374763328320228, 9.851202858393435, 28.638281818279268, 0.9338979893624355, 6.28255998243128, 0.5862897889613805, 5.7533753751612835, 4.622565256642616, 1.3084958938823092, 0.4113806605427328, 5.472511800011205, 6.153676761560007, 1.6526356519760839, 10.377015311417722, 3.2168939474343006, 6.5132831797218955, 4.515842521097966, 0.51015683386521, 8.787743500121337, 4.210332247964175, 11.877636507327452, 0.8155652508722824, 7.655377760985687, 15.796067443420156, 3.602542067895058, 2.3428922913074928, 4.50047595363759, 0.13639292996128916, 11.549545757945737, 5.7139125624415215, 3.3978747177161495, 1.314752426132486, 1.6573102181614559, 2.5283083515001863, 8.298830049873175, 7.143122320454921, 1.0310053175786038, 11.021270078922242, 10.74691735898756, 1.0554944778377262, 3.349391080223029, 12.24290305100908, 11.605843683930289, 25.392063799105784, 3.5891854202376123, 10.736411086756362, 0.21472742107522436, 1.1004395089278205, 4.1685181255717225, 1.18156247618316, 7.209578084630834, 2.9164479639458705, 2.4552439595452142, 8.11997689555443, 7.848551849792528, 2.1516797060571378, 6.896903739038578, 0.5709607854683725, 2.011810489348875, 0.9185126868619022, 1.1477262297345305, 17.609337802762383, 10.72500802567373, 7.796321850064572, 2.3077096260502685, 9.667220845501646, 12.186433323433988, 7.018665536921617, 0.0, 0.0, 0.0, 0.0, 0.0, 0.0, 0.0, 0.0, 0.0, 0.0, 0.0, 0.0, 0.0, 0.0, 0.0, 0.0, 0.0, 0.0, 0.0, 0.0, 0.0, 0.0, 0.0, 0.0, 0.0, 10.525970641245948, 13.479126246777312, 4.588781953084606, 1.0280183114504666, 4.112911334212299, 5.267271695759376, 5.6457239254391425, 6.565427187675823, 13.219670802740723, 2.1498523891877426, 2.8794562973571374, 13.040520338059025, 4.525173232333998, 7.524208920504208, 9.535411753223286, 10.12635883199755, 0.5494148241132848, 53.43925068403274, 34.69146358476894, 0.5333765083830997, 9.733811810716333, 12.17714253388894, 7.847396077417216, 14.130390820348396, 5.01115872308651, 10.142626943613266, 1.0868070376558308, 5.168745827305912, 2.63043024918656, 3.1808707006365466, 4.309125892852563, 2.136443834456543, 2.8034091316128524, 5.4386401525563315, 1.6004644756736752, 2.320219994674403, 0.5016438958451204, 3.2161759350702823, 0.18798600259083287, 5.190731597177148, 5.750905107015001, 6.5610278167833656, 0.013705643085955899, 3.6137398232316684, 3.7361330716736347, 0.1050183522102941, 1.1332816011122588, 3.5835163618930324, 12.745509589917617, 9.558969868763882, 2.3053628809779525, 9.808054071914967, 3.238976137596694, 5.170302951937515, 2.3676905727083692, 0.015125723984056094, 6.097194507324758, 8.771086779588074, 6.736802090069261, 1.3481235821486734, 8.987037356126223, 7.638551572850503, 9.800274665816062, 4.769563246900333, 17.325283718320378, 8.492626262309301, 1.2820425476033108, 0.24520570025254074, 4.241211315401813, 8.877223428713705, 4.6027146467596936, 0.4387592713794106, 7.213537474863074, 1.662255041188672, 0.6072766750089329, 0.7978524880742839, 0.13556457485302076, 7.486315337231559, 1.6862191813040113, 2.9936494736812165, 3.7756466482701114, 8.825751188796403, 14.247162952815842, 8.498454008324927, 14.807800148293722, 0.6679343232312931, 5.998983551843281, 3.972777773939754, 1.0479809283360169, 0.4373223550702221, 11.485787769747958, 11.208126410201999, 5.223642702573329, 12.243703024565207, 13.30622980513101, 2.5624474591304534, 8.875585858410403, 16.41898788171912, 3.7642614435650614, 0.8522821290552542, 13.446743378926271, 2.0707761476701876, 12.990204201007714, 11.858453978293085, 0.21300109200743123, 3.760583413535471, 14.726847552429632, 10.912842485856856, 20.678652467985387, 23.74593535680981, 3.9147774841571845, 13.682431724512696, 9.39246977837172, 2.270647999881362, 0.3389404130390403, 5.495933019235196, 8.067952098077512, 9.44516052543463, 1.9433171214795664, 0.6270165976563362, 0.8893214773104319, 7.001625222728308, 1.3873087997011453, 2.8852185701846906, 2.983500955842487, 0.6799966211180504, 4.111397161457376, 2.2185531993752647, 1.8109608101304104, 5.734411793022105, 3.5616122027342385, 6.3808010783009195, 4.565275314536962, 4.780819636985427, 0.432222892689083, 6.051538473130961, 6.004790949179409, 0.7484510536899336, 15.234402372871216, 2.126842834405295, 19.653213669556237, 22.726118034052604, 11.867338710403374, 17.67228048987161, 2.5524937765537175, 2.474540224130095, 0.5085454115793766, 3.5886571699280694, 8.604212275323448, 13.460154289138416, 1.897449787024641, 6.847699922672007, 0.6823459071907791, 1.3816570935599657, 0.9212121098618695, 1.0184490621428495, 3.3447137025172538, 3.6526557211064414, 4.3287912739116905, 11.788599396161715, 20.018491738726425, 1.8961334640206928, 8.99007297383929, 7.309538954082825, 4.822653430733396, 3.785828217728067, 2.8899799775359725, 3.4914981038331803, 3.691034422668338, 1.3323621297622594, 8.914941869061522, 3.9442579035950303, 12.455607632134388, 0.061876516579445706, 18.757316455530713, 3.0267378889693077, 23.73548164181642, 2.6596657499409275, 3.2394395669332994, 1.2653979519249674, 7.65988120659452, 7.51503206302516, 2.022750371731206, 17.99730174375202, 21.817794015807124, 7.489593370392868, 25.457656849630325, 7.817235952407657, 3.9180090189382355, 2.845127661173521, 1.0315074921705403, 1.474903400755089, 1.0315074921705758, 3.636214176245687, 0.620187543135259, 3.636214176245673, 2.910423150541021, 8.355141551317786, 3.979078550108369, 2.2665099117876224, 1.4512310981650103, 0.5587974616607738, 2.45926535786829, 1.822828908112669, 1.3072972085029875, 2.706029652756172, 9.021097532311785, 0.9297817509356179, 4.933650607111872, 2.789839894927347, 5.990238681904941, 10.500446693112337, 0.36553141666664146, 5.0823499087342725, 1.3830859272475777, 0.5591805898607873, 1.7118907548792066, 1.5855306877778617, 2.778167622931747, 21.166147439705753, 41.28371595987562, 1.0203476960337525, 8.345936751921727, 3.2507744424576686, 5.285729196793227, 15.422017446999178, 2.42851550378316, 0.6945299396462588, 2.048575030240954, 3.81095294192437, 8.376971389245853, 4.127972595023778, 0.5897000914823707, 13.91416209252452, 38.26345411957283, 8.54180651456096, 2.498870536790406, 9.24387893495728, 5.246037942441973, 18.528069321329696, 0.5987605909260765, 3.0285664147573357, 0.2550084104022403, 0.18913752188353783, 3.9118743022362423, 8.100871901109883, 2.6344923710255443, 6.818864260411601, 0.21073520869882145, 2.9927006955580566, 1.964980148544953, 1.533766398415537, 6.799802626603139, 3.8357431346940416, 3.5423208683305347, 0.9376261737449454, 0.442142994592416, 1.5254809561253637, 5.552639486561162, 13.51609450123189, 3.67769508440918, 9.354821735084727, 0.3021485086971154, 12.080755693272522, 2.2448348181652875, 2.842170943040401e-14, 0.8020559784416719, 3.3591209240489377, 0.22271370744178398, 10.889267184262906, 11.610959682828593, 0.9311752426607143, 11.535595289023831, 12.375509792583301, 6.293555610794044, 20.663629285613865, 0.35417923329262635, 3.1461468656959255, 2.880232521091756, 3.9268519756513456, 0.10488480255310151, 0.7030805978425576, 1.7523115631801716, 2.8320103831729, 0.44093926751193635, 2.636048593121899, 0.779548122995692, 1.0809983924214634, 0.9636672472304326, 0.09352559204717181, 0.5800413120766166, 7.8258682101550505, 23.912716203141997, 2.892896232801803, 3.9124262822970195, 4.016747522889261, 5.405616847315059, 2.9932630632775385, 1.4148297254384943, 3.3911163019138257, 5.126036952829509, 2.885457945931762, 0.0908548110747347, 0.5636402675825138, 3.7351724310522627, 0.0708402995064148, 0.07188270230167859, 0.13156839727770375, 3.144308733402511, 6.157184328407311, 3.463203565010815, 6.6845240070993555, 8.617797013877805, 9.438815259364674, 2.057847937861027, 2.412469629402807, 6.522190730128386, 0.9396687235132504, 2.9735714877040778, 3.383655123332119, 12.271686074884371, 8.73471512724609, 10.886752830374178, 3.247700022338705, 26.440110365234432, 18.495919072411084, 14.414482374391582, 40.37308744072885, 13.569657252594027, 10.15182292323857, 2.979757691620023, 1.2198519347259662, 0.9986241139355343, 3.165386803713602, 0.720919739437818, 1.1568944250071809, 0.5687673909028206, 3.827942435939235, 6.299712157615602, 21.69736526704034, 14.976352323471048, 0.0, 0.0, 0.0, 0.0, 0.0, 0.0, 0.0, 10.735504218204625, 18.277005444844633, 1.8281953110238192, 0.38383138895630964, 1.6605707492993815, 13.631464482190324, 2.921081964437178, 0.812042100670368, 0.1524986641604471, 1.7477578116199766, 0.08007400989615121, 0.305552967003905, 8.88003288963722, 4.749220837209691, 29.339519030810834, 3.9985837557092054, 3.1072339542025134, 2.9730598457298356, 6.300917912925826, 2.522448346201145, 3.7280105975029016, 1.0363875853011564, 12.388525958462282, 0.8727837880939546, 3.255650940275302, 2.4092583261141556, 2.5392634715392717, 8.14387090571961, 1.2079660437280495, 1.1526103699566193, 1.4376562693868777, 0.8691654120440546, 1.0160746301626205, 1.736367888772861, 0.05725393647992405, 3.17965748376389, 0.9844384941655449, 0.7056838847425979, 2.0735594963512085, 4.3689984850016685, 1.0192596488793413, 0.08976073591730938, 4.88181981803433, 1.2167270785464552, 7.186816093551641, 4.889175880889525, 3.4397080197608716, 1.0065811620530667, 1.5346241073289093, 3.6326014681572474, 3.4530138362773357, 0.4501805856366161, 2.530075606353705, 5.767773217743098, 7.781758841884141, 0.9252401342417613, 7.129901033389956, 6.372768193102019, 4.771792628675826, 2.7982474220495135, 2.120806802932009, 8.20412810117486, 6.023131639469369, 5.440183748228307, 1.0565015936544455, 0.6457476975157306, 1.0506908307835658, 0.22258345391384182, 1.7246936257109837, 3.500967338696725, 2.721260280364845, 5.29223556737017, 1.5178947501367475, 1.3709448835729603, 3.885886037867408, 2.248687596495543, 10.355265282709695, 1.7356612901819943, 1.2242662928812251, 7.516813681656231, 2.7672223429802614, 8.294734236286757, 5.1251794813911715, 0.8020559784301327, 3.4021968645282072, 0.06591803609532576, 2.252949395361526, 0.9253789734594875, 5.236979186865824, 1.1813641330987537, 11.696730728762986, 4.516522038947301, 0.2710138195212437, 1.319820686513978, 0.35267308236876715, 2.496240798404358, 2.222026570957084, 9.613093347073587, 9.2510564237448, 0.0, 0.0, 0.0, 0.0, 0.0, 0.0, 0.0, 0.0, 0.0, 0.0, 0.0, 0.0, 0.0, 0.0, 0.0, 0.0, 6.043658702328969, 10.360349573784973, 1.4384135715547046, 0.47215663633491545, 5.700276903200461, 12.479224319540691, 2.2965499979018205, 5.640484848345551, 5.168964818124778, 0.2190376169553474, 0.13148960194592973, 5.57823408096408, 12.712521178372583, 10.105812669697002, 14.976984392557881, 3.069141996854057, 2.4658309905396436, 3.58433850710378, 0.33419969382055115, 0.1259756809984367, 0.9238535362911193, 7.22739456143978, 6.042702674035752, 0.672954248550127, 3.3614258694440196, 2.5205896796227307, 4.125406887745044, 8.70268639738731, 4.249375053427229, 16.140405044046076, 2.42622496189216, 28.68688098032146, 3.887182924492322, 8.682755265137502, 2.4805722668555745, 3.8984616094269313, 28.787950458858063, 7.66159443257618, 38.70919067604359, 22.32496306958609, 2.9878633285417777, 8.432638297687049, 0.41711152551664554, 5.657219177730269, 8.262321665835401, 1.1138717443160147, 9.490375158236645, 0.4867267461286531, 2.7933211699339893, 1.844818587636496, 6.087884982355661, 7.223969607678043, 0.7436075263727275, 1.3374772916042161, 1.708212876070462, 2.600031065868052, 1.3839342092797153, 0.40854555774012624, 1.5270926275545094, 9.498044451532508, 5.964566934169056, 9.796661459508528, 6.994030242367472, 2.276215000902937, 4.854309881397455, 19.265758865795817, 20.26553220938058, 9.271272199170426, 11.326985107350339, 7.594258380995029, 0.9285558427597778, 1.4165559357763868, 2.5752902482206537, 6.394000705885446, 7.203559592655381, 3.0967649512962225, 2.953801418633873, 5.477768171011746, 0.25636302130874355, 1.3496818700232893, 1.0118267613232206, 3.043547465181888, 11.332847490451655, 10.46975761327279, 0.0, 0.0, 0.0, 0.0, 0.0, 0.0, 0.0, 0.0, 0.0, 0.0, 0.0, 0.0, 0.0, 0.0, 0.0, 0.0, 0.0, 0.0, 0.0, 0.0, 0.0, 0.0, 0.0, 0.0, 3.4944291586129275, 10.469757613272819, 11.836538528419098, 6.58290952579668, 3.798460820845662, 6.6830153239736205, 2.6620092804572835, 3.5652870583247704, 16.901721114958832, 19.40107406444247, 17.988672488907014, 3.2759293852377596, 1.5039383689712622, 0.6651174736165899, 1.6416605108738054, 7.7425233489448715, 1.4680658286923745, 1.1231921135139373, 4.179852833622078, 10.1992401375349, 5.9703386579024595, 13.807675630755284, 25.826635592630566, 0.48502332068164833, 5.571771605829383, 5.1986639924001, 1.4933454502921677, 11.176615947187315, 3.7210768312026516, 0.6993442438305237, 2.6568061483031897, 7.771395669878359, 7.228214225373989, 10.740234014681235, 10.501485279230607, 0.0, 0.0, 0.0, 0.0, 0.0, 0.0, 0.0, 0.0, 0.0, 0.0, 0.0, 0.0, 0.0, 0.0, 0.0, 0.0, 0.0, 0.0, 0.0, 0.0, 0.0, 0.0, 0.0, 0.0, 0.0, 0.0, 0.0, 0.0, 0.0, 0.0, 0.0, 0.0, 0.0, 0.0, 0.0, 0.0, 0.0, 0.0, 0.0, 0.0, 0.0, 0.0, 0.0, 0.0, 0.0, 0.0, 0.0, 0.0, 0.0, 0.0, 0.0, 10.380981991238585, 13.456678867904472, 6.739451835955521, 1.7007320645428194, 8.876763099564556, 6.901841066909299, 0.5029926647710852, 3.240834952917453, 5.991235414825525, 1.6666831287874402, 0.9117463210377537, 4.426759710388524, 7.287257698247259, 0.4357244075505662, 13.374288674360287, 2.714032376933119, 7.691812206525412, 0.5315562093487642, 8.135489314972176, 1.0696126474583139, 6.771835814182225, 7.561885356909613, 0.6860021780184411, 21.593367286618417, 13.872884143696865, 4.249849579820193, 0.19822963492083545, 10.114103490234896, 8.095662153354027, 1.5689407306025487, 10.061932086526127, 8.366590200995319, 17.152183255789737, 2.0868751804941894, 8.074570509766318, 5.925128629299508, 1.182406586760294, 1.2328565219446546, 3.1455614126320484, 1.0143584504922956, 5.203340674164565, 1.0085838544245291, 10.292184452747307, 1.6913898448680982, 6.740725150165588, 8.329150758736546, 0.3138183322764121, 5.558941270919888, 8.201245360332905, 1.7036453206022202, 2.050106905340783, 4.75699509471076, 2.632487199884025, 4.412363458433049, 5.466823155191378, 0.5799806654927124, 0.8748173315505028, 7.152432513138251, 2.8041878078072955, 11.310913141153833, 22.22690938414098, 3.4182297349070723, 18.56796135318922, 0.4198472840074601, 4.428841937168841, 8.258885742734435, 4.419366403309709, 8.351314868468734, 2.9600672165832407, 2.078633993660077, 0.9198150755532026, 2.058696152424602, 3.186523987593972, 0.6921869440769797, 10.798318474082606, 1.632817622147627, 10.229480117153514, 2.080170743445848, 12.032302998844244, 7.3141096560907215, 5.621105837868441, 6.610866216805704, 2.91268397615832, 1.521749877307741, 1.7351823402435116, 9.731563355763626, 8.324891530787966, 20.676630449190867, 12.187904324250894, 9.269858722095137, 1.1814290468944648, 0.5927244751989065, 0.5156029161843776, 1.4015268027157788, 2.991424314417145, 0.46555895549028037, 0.7420135497151534, 0.272314389015321, 1.5406134505184355, 12.602764609545034, 0.8076188769306896, 6.59820278521903, 1.7928095958407937, 1.7502190151050456, 1.8202553457269914, 1.2274491108119605, 6.016786041873985, 1.315128519435575, 0.93672343137996, 0.5967517034218588, 4.121210683046712, 0.08341298051072954, 6.368551689758533, 3.3611745516571716, 1.4366200500785595, 8.933961540485228, 12.660566037810497, 6.339953646066704, 1.5086659188753515, 9.721018074000426, 2.327057155428008, 4.133622736255575, 8.585585880654548, 3.71886394166728, 6.609457979699869, 10.693559580208415, 5.65128494765807, 10.117372427108052, 7.183281221085338, 1.0422659395051994, 0.45958988624792596, 1.442004973733276, 7.45005106046591, 5.082314075877207, 1.994684208081594, 33.69793510806818, 17.502531211881774, 16.654470232205142, 23.292569158464346, 1.2160115381428795, 3.700977605724347, 4.318622679643056, 6.264116583644409, 1.103567056666634, 7.775538855804939, 0.7306314461235957, 8.260418482363491, 7.705775722138867, 10.58364487347751, 20.828939577136452, 30.720612921130908, 5.901439222965223, 11.252147840626776, 22.130616630845253, 50.6606328714648, 4.2971138001015845, 0.5156029161843776, 0.7428706212829468, 0.11150617543830776, 0.30264681736144894, 1.3635140342314855, 1.0991006425154808, 5.930745816161348, 3.7106572232892177, 16.97013567773473, 8.353457513589973, 6.866816832022977, 6.100516732426069, 6.048048692676851, 0.0, 0.0, 0.0, 0.0, 0.0, 0.0, 0.0, 0.0, 0.0, 0.0, 0.0, 0.0, 0.0, 0.0, 0.0, 0.0, 0.0, 0.0, 0.0, 0.0, 0.0, 0.0, 0.0, 0.0, 0.0, 0.0, 0.0, 10.177789737068927, 11.329059025766568, 10.123381577789075, 1.551809786875367, 1.7224271179985635, 19.847400232307393, 13.553957530074229, 11.301611501169589, 10.677051035605672, 1.1033937892485142, 8.088479090367827, 0.015594971176369654, 3.410055852694427, 10.893914460913777, 0.6451544164704615, 8.195174576281119, 0.377238154308003, 4.783773619366173, 4.6143245781240125, 8.107333615704135, 17.559026475422456, 24.072539159026263, 15.760040844357007, 12.476888681188825, 0.9995356449904307, 1.518410430307199, 13.242290315340654, 8.063022556329315, 2.6210417562231783, 8.863007926056582, 2.1967729316064606, 0.3179182229048365, 6.182072065365276, 3.274973777192372, 5.2027102580182145, 2.5928321370689673, 2.570088218213641, 11.6469490376071, 10.822054102553068, 5.277013539416657, 11.159925245289628, 5.910407374892202, 2.2654216978137356, 6.3956480771173005, 4.4416140242301765, 0.11150617543825092, 3.330397098708545, 3.5256373593177273, 0.16777063487708688, 0.23124346716269883, 7.396409819356279, 0.23363350416764206, 17.73483586786668, 1.787220868289296, 6.907228433492804, 16.612271239595216, 10.67411160328291, 0.0, 0.0, 0.0, 0.0, 0.0, 0.0, 0.0, 0.0, 0.0, 0.0, 0.0, 0.0, 0.0, 10.177789737068935, 14.976352323470849, 7.3229514348404905, 13.217385873178614, 0.07545986121164105, 2.971301654920353, 9.543921068457507, 1.2729866887723347, 5.1507628641568886, 8.613838391396257, 3.106861958066645, 5.0146306131157985, 2.89296588549459, 7.881090219530989, 4.8369042668675775, 1.0430137583838928, 11.754413288763772, 6.356687566323956, 23.936369056859263, 0.9282431323393041, 8.249806453201415, 13.420254256072383, 18.95342110614729, 3.3540920954973217, 17.57668611994228, 12.751992873527172, 14.259396719481089, 21.01229332791199, 5.1857623304330644, 0.5974463416565996, 0.38704135754915825, 0.36645676142280337, 0.38704135754916535, -1.7763568394002505e-14, 0.061067952434655126, 0.3870413575491618, 0.8133843615639762, 0.7447826840951492, -2.842170943040401e-14, 0.169607212468307, -3.552713678800501e-14, 0.22707314275710644, 1.0727211403417343, 2.567138978554837, -2.842170943040401e-14, 1.2935693143156453, 1.29356931431564, -2.842170943040401e-14, 5.457363943333473, 1.0727211403417272, 2.044576967194004, 0.22707314275710644, 1.7583836126991983, 1.2069893012530173, 1.7583836126992054, 1.2069893012530102, 0.3324226358542397, 2.0812036429554865, 2.0812036429554794, 6.100516732426069, 6.100516732426065, 1.2935693143156595, 2.56713897855483, -2.1316282072803006e-14, 0.3324226358542077, 9.122441188840554, 8.819540012145907, 2.8739657960228158, 1.0811396368797261, 8.425960173655383, 0.10504408928440512, 1.3679034693432186, 0.6724736470449955, 3.803186857093408, 1.6699415957604344, 1.7179421048926997, 0.7999868993061909, 1.4968144412387119, 4.547406909216477, 1.7004893075445295, 2.8990260576127582, 4.05774164204044, 0.9131557337277627, 0.17179427268331438, 3.639237464318626, 1.3456828653826847, 5.417534563117641, 1.7965281503356039, 0.8965803851711627, 0.7350221090494244, 10.448142307317909, 10.499786794036126, 0.0, 2.6422739930860786, 9.73809081937759, 7.670936194012299, 3.5554699515975017, 1.3505579655539464, 13.024870586271135, 7.6541872958186445, 26.55437479597518, 40.21291874656475, 3.3085632276165597, 2.3894651744969906, 0.5027067120632296, 4.582098326919407, 1.5123389205082844, 0.28167486865561386, 20.625649844090077, 5.159874010913001, 26.668436821490587, 25.15987506982475, 3.7383924422151154, 40.52219994418965, 0.28981238799258335, 3.00321239379241, 7.435828580250245, 2.1816841195681036, 0.0042599429334302386, 11.917016277697883, 0.860685692867662, 21.22474276964539, 7.183297330292305, 1.3039583508203805, 0.11960542404457897, 3.951235293959712, 1.505025869036217, 15.825222738303523, 21.00488929576079, 21.04383771972718, 2.0196807646360924, 6.204500796434274, 11.32273219606607, 10.732801666070301, 0.0, 0.0, 0.0, 0.0, 0.0, 0.0, 0.0, 0.0, 0.0, 0.0, 0.0, 0.0, 0.0, 0.0, 0.0, 0.0, 0.0, 0.0, 0.0, 0.0, 0.0, 0.0, 0.0, 9.761932852454677, 14.976352323470834, 20.26395704654061, 36.630338492049646, 0.03708459023079058, 1.4809920095558198, 3.7837663349319826, 4.1087182236149715, 3.1252131062543356, 3.567923868625769, 7.717650129898033, 2.5110489035915577, 5.186109606453101, 9.075525892059318, 0.9170507021062235, 0.12396007022857702, 3.156059113727167, 1.2365965371510583, 2.229249649633914, 0.15392774433934164, 3.7489884767877015, 3.91375054897901, 3.182128482432489, 4.465612385388937, 0.6250834000041152, 2.858712787072619, 5.04797994064063, 6.266223797347237, 0.6913024586719416, 2.763609029648535, 1.7920789859522301, 1.9099018085864259, 0.1028191523720352, 8.02207421314776, 1.782792908295363, 21.30827162124359, 5.633414047352062, 2.168885147859953, 6.640098792211006, 28.785240623694875, 19.422005836450126, 1.9467834632072538, 1.8564383540924894, 8.860672413114685, 3.443412850092784, 0.6809894331141209, 0.33590970845170887, 3.141022773374459, 9.26433183380999, 1.8087598859306695, 2.509381180572376, 2.8738987137486163, 4.716001278174701, 8.828263037961051, 14.73535714936503, 1.7057384083258, 4.865033191819947, 18.615616077753884, 1.8259670282556897, 8.092534889940907, 1.8808196538017228, 1.7970121459834445, 7.070725952766452, 7.709058498678473, 17.495852958845262, 0.41651616287180104, 3.238162160753234, 2.508618135428037, 0.08875571772335888, 0.977320785266329, 2.722868588102159, 1.1882660742573137, 1.3073134151124748, 2.6563664994706357, 5.632959727402124, 3.121659186658434, 3.910815658418244, 7.327570796174157, 13.430162467897503, 8.893292706161525, 0.0, 0.0, 0.0, 0.0, 0.0, 0.0, 0.0, 0.0, 0.0, 0.0, 0.0, 0.0, 0.0, 0.0, 0.0, 0.0, 10.493673549782052, 10.437460409428809, 2.06291164122419, 2.85897612815009, 1.7602758268639604, 1.699599873482157, 1.8806712000516939, 2.600759754668985, 5.4711285950643855, 19.069534536635246, 7.593123307075217, 1.7011262045612483, 0.15802679810174425, 1.354330950168098, 1.1298318343351283, 2.2224776003123594, 0.22707314275712065, 3.2678162773161716, 0.3870413575491618, -2.1316282072803006e-14, 2.060590436005832, 1.9379628376225426, 1.8962667758364802, 1.7191116755312663, 3.494429158612924, 3.4944291586129275, 0.0, 2.56713897855483, 3.9722827547507826, 2.1316282072803006e-14, 1.2912059504985365, 2.0597314214218727, 1.0137513384464683, 0.9852045091555368, 1.027796632637319, 3.555421389234283, 1.4009466503444017, 0.33242263585424325, 0.3324226358542042, 5.182434939641482, 4.491551281813898, 4.491551281813884, 5.182434939641482, 5.346669106146464, 6.759615247850263, 1.6610646924342944, 1.6268829686533053, 1.13094525992409, 8.822129190847107, 7.1174820877581055, 5.9952134004349205, 1.2866918950166735, 0.6165530146523963, 4.6272019146948935, 9.101099328633651, 5.955690800580896, 8.4939318284882, 1.44032455875481, 6.949526482992013, 2.8829287139223823, 3.316280709767881, 0.7798048693868509, 5.206813451231511, 0.2813656900714534, 9.14096118403063, 3.66331390653869, 0.11952351517012971, 0.055276897966820115, 1.4229784930233365, 4.149145083269758, 4.746546897492209, 10.34308545075973, 15.595230553980912, 1.691416274248212, 4.60350923529748, 0.8857705448893398, 2.410401559715808, 4.887959510014468, 6.483276491596797, 3.4612850240631587, 8.09326702419969, 1.5215497143612993, 10.846253111104431, 1.0115127951376053, 0.3062330353748166, 1.9706205285768306, 4.539070298848799, 0.874706077266751, 4.03775233435465, 9.799165083275398, 8.36661623129487, 8.563868483049902, 11.818045676327927, 0.5274525242629409, 10.236866146022493, 0.4397548309598278, 4.626551280630423, 3.2662490885828674, 0.7012103298050647, 4.451099192246829, 14.58523004351889, 2.582551343431362, 7.091574397191636, 4.870512204537562, 0.8009506498248982, 1.2146011827725545, 2.3515312650097826, 0.40832707018904557, 3.6000193179528424, 9.743700373460172, 1.293323153897603, 1.9511174004545921, 5.944631312000297, 5.837502544537415, 0.8184161147205486, 0.2535508162650899, 2.3571944335036505, 0.7477838590209274, 1.3453631029630344, 3.5600841851128564, 5.8805493104859465, 5.448084552711464, 1.4481825905995152, 7.399845454553542, 18.99780515421338, 0.7688400282353314, 11.175522037945768, 1.8452152011543035, 0.3219864420708518, 8.005622269102957, 5.690075493019322, 11.271587138708895, 16.40180355173692, 0.22205631801051595, 2.734972248599888, 0.8793650360238132, 0.95829515357849, 1.3261724411877935, 1.5380374614301786, 3.9351090465774234, 2.2816198850395324, 1.6128616899175938, 1.9145191801153487, 3.330264243031735, 2.7191444060714502, 9.721523683827797, 0.863869426659619, 5.885372224576145, 1.5111164985391383, 14.20915072301807, 6.31625390731233, 2.655313387116834, 2.287907458230592, 0.2805245158883025, 4.042521450401466, 0.8898252715848685, 3.4847094563053247, 5.638827112253722, 5.299035242758251, 0.3324226358542042, 0.8133843615639762, 3.665330676967308, 0.8966446461594231, 3.665330676967315, 0.109535375013877, 7.142132254307313, 0.12233285902507873, 7.142132254307327, 12.07211398679432, 15.545440139249521, 9.481994949297757, 9.456021038906272, 4.021508444033827, 1.03878102313206, 4.682257752574458, 0.7092115508252732, 1.4237860850647053, 0.30774286606992973, 1.3614234092568154, 7.540126241174846, 0.9559074845352598, 3.716177292680129, 6.520460265082107, 13.214082018857738, 1.5006504890680503, 6.117034631204547, 0.6422315341168883, 7.343928322293351, 1.0022633196171284, 17.20508070183692, 3.6654316908581563, 6.312515780205587, 0.0032517595383296793, 1.2451911493297985, 3.442499424789048, 5.00300417760576, 1.4883315990322217, 2.6496052365104106, 0.4205637783634302, 6.540572721576723, 1.8210217583721828, 5.149591196542843, 0.9481200654689985, 7.806647950214995, 28.694359002103567, 14.887452241594985, 0.8728405331052329, 1.4210854715202004e-14, 2.5591775754307804, 6.189189968986497, 3.0245804418171787, 4.049304664984703, 0.35107525324663413, 0.7674764223807671, 1.7606275434885035, 0.7674764223807813, 1.19354973465137, 1.7624084389718746, 0.08063785138847379, 2.1032562818309373, 1.5246088652081085, 8.263931120306466, 1.3561053915732941, 1.3086493100284287, 2.108727325648019, 1.4532476229387186, 0.43511327252544163, 4.997123632265854, 3.126066350631959, 2.4128717470799756, 4.575375651168116, 1.5211033699825265, 0.8394718238035637, 0.7427017972490972, 0.2504109731206654, 3.306031945542287, 0.09512427809468704, 5.569339867411159, 1.7635965244787144, 9.58777115371899, 3.557228521308957, 10.923951672710928, 1.023624580163954, 7.082819231598847, 0.07421292731623907, 0.26028080500319106, 0.13146653937434394, 2.9470383168157923, 2.432535367426908, 0.6134111141301304, 4.8706505069142025, 13.590257204502649, 15.570729357941588, 1.6591351164462367, 3.1394992081729924, 1.1585577134239315, 0.0035961740238690254, 0.3731292027022164, 1.117202184093685, 6.087176620042783, 2.465673366982287, 5.152209728892231, 3.831681303779419, 3.1352880198993205, 0.7076372048793473, 1.4377882327788143, 4.523588055737989, 1.0304521722999027, 22.113639211766213, 9.282409652011467, 2.0852622719572196, 4.10366959478506, 7.981468416437025, 1.4803937960799942, 21.743893888995984, 1.629562014738326, 1.2923484890138184, 6.041685467054322, 0.12508491740587147, 8.755038569026397, 1.8125762603304452, 10.565435850133866, 1.921082928921237, 6.817972244879172, 19.045456437391323, 1.1588238088582727, 15.483033721904462, 1.3653550979307454, 7.096434802022941, 0.37557222632759135, 0.7932124982076232, 0.4401104458322891, 0.718276068712072, 1.2093231425991178, 1.6304028396784531, 3.039097377928414, 1.0837387132461629, 7.434094974617381, 2.0352048811421355, 4.682421324375582, 0.7009337693589259, 3.205954501029055, 6.653500559394985, 1.1911339474503961, 1.6189222454141543, 3.6683066097404833, 0.4201249163864702, 0.43881182119764617, 2.3380836656173187, 0.005843715977675856, 2.3661475165583, 4.387652668507144, 3.4312546094914183, 3.0304290243742003, 7.358855204681447, 4.875594001174534, 1.3838268958792241, 1.68845509267652, 8.97055729589627, 4.158171975533719, 3.693796416805327, 17.413698724228936, 3.129307606426636, 4.121242479035317, 14.866515123168028, 6.242415931075868, 4.179921009200797, 14.30332048813463, 22.24952711127571, 3.3782249070294483, 33.92365688105721, 3.5347527960302045, 20.043095998729683, 4.181617466902367, 2.904536570377786, 7.162855218031922, 0.7330402403528353, 10.855098531581604, 10.981032837273574, 0.0018305495061667898, 5.7562886041457375, 0.9642187437528946, 1.3913826452590854, 1.551420737680047, 3.0940365255375752, 1.7373358890257578, 2.870049870760255, 13.424228926555685, 21.23311906562887, 3.267214539841433, 12.802671567676882, 0.6704781402373214, 2.62959273656071, 1.8154104481566264, 1.4406259730221223, 3.082007402773968, 0.43312670355615523, 0.5859584602478662, 2.081346811212711, 0.5666648388774149, 10.172376931060711, 2.891257188244225, 0.7258247471140749, 0.9550820822902608, 2.070658834839918, 1.4526626704802084, 3.174168983205817, 3.8601777703244693, 6.961449899800385, 21.896694208548837, 13.259806800567645, 5.864368690266502, 10.906843628178478, 10.209672197421042, 1.0903597913813599, 6.148926551208206, 4.057741642040554, 0.3283535447061183, 0.7014644841242159, 2.7462787232707058, 0.709969752917857, 2.7350178499942785, 2.485440574351287, 2.201290769346741, 5.001773376686145, 0.4977625582026235, 9.16850217981343, 0.7800756575299488, 0.9242229457198903, 0.40893254713614624, 1.4349853903904375, 0.7217957919435207, 3.4605642087275044, 6.598641006483206, 3.4749327728519575, 9.606426780962067, 5.949736600021652, 5.415861035707621, 1.323526911669802, 1.41968893641382, 2.5214752502363353, 5.049498019089754, 2.8028054354890912, 1.631071252399181, 2.120227409044901, 11.2680318647744, 3.8965369980462015, 14.73707242085095, 0.8948887871778197, 17.550977840581766, 0.8417708889114124, 4.184355535111138, 3.217835091654024, 1.231356893896674, 0.6004017502500005, 0.3863085004340121, 4.3770609919061485, 1.586616782923386, 10.483233485839662, 0.40099422352309944, 9.27092282463434, 1.5320410854466502, 12.552134485615596, 2.325937953628511, 0.2289805626976431, 1.6257363179661013, 4.712748727194821, 4.790131833066084, 40.261634816669925, 6.480766069640538, 7.52486233430858, 6.793342378484795, 5.557279382977185, 3.760790650029179, 5.0107909741887795, 3.9557279348060206, 2.0454949441055135, 2.1384540916720027, 2.6702120214855825, 3.1849890150667193, 26.4555140338216, 31.951917304752783, 4.1168003216517945, 5.257208463424178, 11.336277593668413, 10.535918774433512, 0.0, 0.0, 0.0, 8.225715466353474, 12.257091180316678, 13.804246913139508, 14.98678092234968, 3.115892390700253, 14.60854531461311, 1.9399848725699087, 3.0430007868087614, 4.980455383837381, 5.473563380659414, 2.886935437369857, 3.570053565284411, 8.251728451934127, 12.338615322687588, 6.983735810600734, 18.31638668342589, 32.14822078260312, 1.4321183810194498, 11.776316632026521, 1.0624955689892772, 6.490129164301322, 1.0112992573593829, 12.072056389296904, 1.3467560178852978, 5.7600488354451045, 6.737328492882057, 12.244436934839271, 10.27927874088249, 0.0, 0.0, 10.526764022325139, 11.332276450947134, 4.441960846561557, 11.85956597146469, 0.8119704024056773, 1.1048815321783536, 7.325467387400408, 3.4362454868985424, 10.079898401788, 4.923657469570003, 6.641256240602871, 1.0581888055414197, 12.41911442699788, 2.638292643861888, 17.73236720782083, 10.318717388840355, 2.871901994499723, 6.582893730679359, 4.7372733536299165, 2.4752794352516787, 6.751951119811736, 2.015467887512841, 4.52364532857402, 10.349894611573689, 4.206339295080113, 0.38167566552158405, 0.8256698821649309, 7.321661265469288, 4.9284896038664385, 13.823800551262963, 7.932541030464819, 4.719199666811193, 1.4994540227772006, 12.677029300418809, 4.755533564303732, 10.363702125934026, 0.7586262886123336, 5.961415293170148, 6.335844148783281, 1.7412594337399128, 7.511204369926361, 1.007313483691405, 3.1495237184121265, 3.9526572076698017, 15.633376838124121, 17.934813879271132, 24.226387695106638, 25.607131184710283, 3.201467830645157, 4.388076298811569, 0.7112973539705081, 2.210708289323165, 1.986595178743272, 10.858399983347908, 4.837613017505589, 12.528561762218402, 5.775823827898364, 2.106999085038183, 17.781068447378004, 0.8160107774399137, 9.61131829359212, 4.115865725438141, 0.6058223750846992, 2.0248938051125833, 25.943363063487197, 12.617050663128936, 2.1844367557388864, 1.961025138272447, 5.511085389926791, 1.5689248184156952, 9.352410622140155, 11.956092565011147, 0.47551047814589253, 4.523786833363346, 1.9386566241270486, 5.512351790580254, 0.9101281984057721, 5.425358037056611, 16.85161310646842, 7.300369529262184, 7.069316210699213, 0.6473273961829875, 10.45437161040499, 0.5317888928802006, 6.929087776765755, 0.4811621642933801, 1.6343535073651765, 0.7390702187172167, 1.3231046570265335, 1.9821812881042717, 0.330157121702797, 1.5599899198767844, 1.1545297788304651, 1.3191485051495135, 11.904593399731823, 0.3326564234405396, 0.031453367682843236, 11.811524719717312, 6.075726505931442, 0.8258821246494676, 1.0468192015222826, 0.2533424973493652, 0.5131510546540881, 2.8062296551126735, 7.936820805434223, 7.444399535065969, 11.354282788555395, 21.088103993253696, 3.4191986383308404, 15.499555274829703, 5.243054310147244, 12.431316579161319, 0.9702121776997217, 2.678609765200207, 11.630115381072073, 2.645374767102851, 11.945365292064452, 1.5432051099223258, 1.7391344928621493, 2.0857782974503323, 7.082044325438943, 2.2129042642883974, 9.665209855955425, 15.465892390137356, 11.658898601595752, 9.495066094385379, 11.20277906786825, 0.6098118782835513, 4.228256230024499, 4.293828901014535, 3.8742270592539256, 6.783424219267573, 20.783861688387134, 3.31773447111658, 0.09808718821926732, 6.2993479403982064, 7.052561504746961, 2.9101057400390857, 0.9914626668733746, 0.38778332130092963, 4.252978339002908, 1.6728326716393838, 6.482771468673889, 0.4977129064131418, 0.3680553711250525, 11.47688241146082, 3.283374594489459, 6.166510672899335, -5.684341886080802e-14, 0.390390413574238, 1.5211033699825407, 1.5087435182786066, 0.4708255148438809, 0.20530854226873885, 0.8816557238186533, 0.6496695224622613, 3.6579305231415873, 2.637130400541352, 0.480712698775676, 2.880800920466882, 10.423595116761419, 2.477657340192991, 1.3991367456649755, 6.201447814353543, 14.112031730606247, 3.138102889983088, 9.545280638799824, 5.260918241428968, 1.2452209667495282, 1.9151317445721645, 1.8397876913935107, 3.7164600555698186, 6.100516732426076, 2.567138978554837, 0.0, 0.0, 0.0, 0.0, 0.0, 0.0, 0.0, 10.532713194177745, 12.254493051110373, 6.090737843330146, 1.3267330691462575, 1.6603274939847665, 3.8468975778567085, 4.235619455161498, 12.56247536870535, 11.53904724679711, 4.346125631506254, 8.962068388821137, 1.3193204394260079, 23.833338169622067, 5.848859833704694, 4.814999209898616, 8.378297297994862, 4.809815695321845, 7.871502011637631, 6.439502913413662, 3.5852808879173494, 2.5381640823271425, 2.7905608529372614, 9.563740992255191, 1.1385228900940092, 3.5348644774188926, 6.051618808563177, 8.388989279544035, 0.7774965119566559, 7.5084227693281775, 1.3289798225615073, 1.5289595040766528, 2.975172697827958, 9.002219618207164, 2.7174910850405922, 11.228172078281403, 5.257297239296463, 2.6106567834063696, 0.3005717807749875, 0.09109979898873632, 0.0, 0.884374313523125, -2.842170943040401e-14, 1.7874254445801512, 4.807689151626775, 2.3913637517339197, 2.8065409191176656, 3.4847094563053247, 0.2765708483865268, 0.3727479720955529, 1.9387925257385348, 0.5851348902252624, 1.0772441640718284, 1.7820184859315447, 1.5365029046484722, 0.5137243707568473, 6.709022725164687, 0.5942368137875746, 3.5047455514405783, 0.8087809454144406, 1.5615014946431813, 1.409815159237752, 3.35562895723028, 8.887216654901778, 4.613173455287495, 5.670929167300159, 6.0442121170111704, 2.3032376867288065, 4.269430286309671, 1.5857476177810668, 0.5219539483736639, 1.58574761778101, 0.5331644432187232, 1.1254577773040353, 3.87425049287846, 3.646963261998806, 0.07156789253738793, 1.7273283676285018, 1.3748370802114351, 1.0663485477843153, 1.6592040334259934, 3.170592782924601, 2.83513639375424, 4.500187497552162, 2.3105129217744604, 5.202883189654088, 1.1509555294835394, 4.097615633186123, 1.1580709681038854, 0.7992152870094458, 1.09678874463647, 2.128781854662762, 5.448808491372347, 5.738570166195643, 3.354700198907068, 0.3491922937146228, 9.790020141391537, 3.0328874670894805, 6.595049012152742, 3.96530248939942, 0.8581597428585042, 6.5258478116810466, 0.21840281788342963, 1.6405304103869867, 0.810865236450411, 2.770077097226192, 1.644458816636444, 3.2775316303317084, 2.546151831218509, 9.593627989050944, 1.0848838011919923, 9.379412918707203, 22.019760777591358, 34.96081094173246, 0.3067253398454568, 4.979589137212201, 11.449991749628339, 3.410605131648481e-13, 1.7876342277909885, 0.7940734270197254, 5.937012798371029, 1.8114280140091523, 2.38316812884068, 4.523863591999714, 6.430345894253435, 4.609425466563664, 2.9822519185262877, 10.059244275303797, 6.2160368414708955, 4.571704089776176, 3.5809251306444594, 2.1972850289615735, 4.391904530658536, 1.8627696443961952, 3.597556330266599, 1.2415431497908571, 2.906052707786614, 7.885134964469273, 0.737202742550437, 4.873740798017252, 1.8332411693521635, 1.6236793421947482, 4.10791523053706, 0.8974488214322491, 1.118819784528398, 2.1167588261004084, 5.758383339730301, 49.5165854917484, 26.631803008020427, 1.6668406947115955, 3.245505202174826, 0.8580248437067723, 6.1763483799990695, 2.0980138236276105, 5.787394811273458, 17.315451962942348, 5.0216480337028315, 7.3358145057081146, 6.4130694635125, 2.301659913516147, 3.983788444283988, 0.09496130061279473, 2.9892066311554117, 0.7831186182862098, 4.264513630522458, 3.7816929242817707, 6.603448538822619, 1.7720433695992597, 2.2910355026949674, 1.7775497884163656, 0.7712078824891364, 3.16909987878455, 0.2471254163199319, 0.5453246263251685, 0.060507387714949346, 0.6810283920885354, 2.5806682332436424, 1.6732881658297742, 4.281248235959026, 0.8044345161420665, 0.7776247779393657, 8.605531355169433, 3.3919263501760497, 16.671832620558376, 7.8071818675160785, 32.948419540453926, 1.8287332036138366, 9.823208133988473, 2.0713746551823533, 3.076879605457492, 1.1907484561768058, 3.2712197189612766, 2.024447124337911, 4.582253120718093, 0.5512704124212746, 11.82329422973666, 12.1978828365651, 1.8638383792143998, 5.863466139303398, 6.618769291843648, 1.124958719428946, 3.8828434588301093, 2.0799137824928096, 0.29940698071141014, 5.818434106639415, 0.92071027864759, 3.8012871209969035, 7.6889884306716, 11.641967824482663, 10.378749078623287, 12.03361741014561, 0.11745412153368306, 3.3052262534326644, 2.299801921240288, 5.313164399092585, 14.244200184516274, 12.859953180655907, 1.9484434502551835, 4.857135374522528, 1.4542940275011347, 0.8637449347302777, 3.524169369429899, 2.625660585190417, 3.60515225817943, 0.14453883594154604, 3.0585293957271773, 0.3623701655235152, 5.4847009675676475, 2.588532426387033, 0.1699346256512797, 3.386375503451191, 0.19644842340292712, 5.440159922070919, 0.7820531071917856, 0.4059053704388873, 5.18933349824475, 2.0488125818466756, 10.509926997890574, 8.389683634980258, 1.8450544129988202, 22.09701311792523, 6.575420980489497, 6.702188330002059, 0.10227059046657416, 1.2991456777080117, 4.128321345480401, 3.8579699239765546, 5.300087243395097, 6.466307293525205, 0.8266721494681235, 5.181144511838852, 5.508374719578356, 2.60887473481921, 1.8029832217152517, 1.8032146382862209, 0.2113872689471208, 0.725334363429198, 0.0, 9.015968083437187, 8.404223937377253, 0.0, 0.0, 0.0, 0.0, 0.0, 0.0, 0.0, 0.0, 0.0, 0.0, 0.0, 0.0, 0.0, 0.0, 0.0, 0.0, 0.0, 0.0, 0.0, 0.0, 0.0, 0.0, 0.0, 0.0, 10.51079483795462, 11.309129720093992, 1.5926887692878893, 4.039798884514937, 20.906227802284036, 11.034804387513304, 14.127355841917165, 11.239185337044077, 10.533103361118211, 0.0, 0.0, 0.0, 0.0, 0.0, 0.0, 0.0, 0.0, 0.0, 0.0, 0.0, 0.0, 0.0, 0.0, 0.0, 0.0, 0.0, 0.0, 0.0, 0.0, 0.0, 0.0, 0.0, 0.0, 0.0, 0.0, 0.0, 0.0, 0.0, 0.0, 7.312221693320822, 7.312221693320829, 0.5705104636193425, 2.2055563775796543, 2.7307391787048516, 0.2918582367731659, 0.9498553098768099, 1.183687004305952, 0.9173000635540092, 1.765789308485168, 0.8214513647320985, 2.8972124310364507, 2.2872456004273545, 11.786864241199922, 10.234608317852278, 0.0, 0.0, 0.0, 0.0, 0.0, 0.0, 0.0, 0.0, 0.0, 0.0, 0.0, 0.0, 0.0, 0.0, 0.0, 0.0, 0.0, 0.0, 0.0, 0.0, 0.0, 0.0, 0.0, 0.0, 0.0, 0.0, 0.0, 0.0, 0.0, 0.0, 0.0, 0.0, 8.86661082732784, 16.612271235333594, 2.2800163018773105, 1.6002985475691673, 8.269914832133054, 6.359060378669369, 3.2569275172777736, 0.01386229978916731, 1.4415207396797882, 2.828361998203917, 7.3374875349038575, 1.7189914460899445, 11.76236682299617, 0.30500367043322285, 13.377768231321511, 2.265675882553836, 11.732803207212328, 20.96601928629451, 1.956805888829109, 13.192775691465215, 3.436386956625597, 8.985847477482224, 2.9608894626994697, 2.273534979343225, 5.414434486080609, 29.776205834009374, 35.636862886965645, 5.7321216681564096, 5.292235567370156, 0.8788114770613049, 7.487199775265296, 0.05000723405221663, 2.9743962120104044, 4.491551281813898, 1.1298318343351568, 2.1316282072803006e-14, 0.813384361563962, 2.157589962152599, 0.6332496645288046, 0.46253665004626043, 2.845302872833969, 3.356465346627189, 27.328072260066136, 24.71144007654047, 11.71642398535073, 1.8762764814343882, 6.437772065335139, 3.0546859371993946, 7.668213758183867, 7.368382245314024, 14.09732178805146, 0.23471078309506765, 7.108051728442206, 2.157235938150677, 7.649974590781028, 17.7117312076374, 0.06168874799107016, 7.527423478970491, 3.390020993646033, 0.9021041779824088, 2.3350858069027254, 1.343373913560896, 2.8707022959150663, 2.6344482960939786, 0.07518661248971625, 1.010520120661738, 2.2882908535705724, 6.77369812543634, 3.6055782063068307, 12.50688345550438, 5.85050608024244, 0.4735538266043875, 4.589816934742544, 12.127024895452962, 9.251056423744792, 1.2935693143156382, 0.0, 0.0, 0.0, 0.0, 1.2935693143156435, 2.56713897855483, -2.842170943040401e-14, 0.3324226358542042, -2.842170943040401e-14, -2.1316282072803006e-14, -2.842170943040401e-14, 1.293569314315647, 1.29356931431564, 0.0, 0.0, 0.0, 0.0, 0.0, 0.0, 0.0, 10.637925970067073, 19.971649543578792, 2.4997933566556014, 2.507051868860543, 8.096437464765927, 1.6048950750996482, 0.1893977164495766, 0.7354629249133211, 0.3066213025453237, 2.9940955021789932, 0.35915880335758743, 0.29762680440899203, 0.7137199723862864, 0.3583904776350266, 1.9196598953934938, 1.0604032043020197, 4.039589196990363, 9.077878013431643, 1.008736873890939, 12.985016343862867, 18.277005444844576, 10.260960308755827, 0.0, 0.0, 0.0, 0.0, 0.0, 0.0, 0.0, 0.0, 0.0, 0.0, 0.0, 0.0, 10.535915264170875, 11.335655944203253, 1.7593826757496913, 9.398194821794789, 2.44448934070914, 4.873606939580895, 0.6057044350637852, 2.0054421782626832, 14.105355932215758, 1.6236645200245334, 1.5817208916164134, 0.813821486087619, 0.23835708039490555, 0.6138256554010582, 10.37670308711364, 5.029475941159262, 8.447898626259473, 14.55425029082437, 18.48429080963757, 10.496313967925829, 1.2935693143156382, 0.0, 0.0, 0.0, 0.0, 0.0, 0.0, 0.0, 0.0, 0.0, 0.0, 0.0, 0.0, 0.0, 10.532302905049889, 12.25996944584378, 1.3066399856335522, 3.6698376696214154, 2.512440552308618, 19.48082299027618, 19.825348819286575, 9.776724488011212, 8.86380286977328, 0.24973218885065762, 11.274456287713036, 2.8372812105441767, 5.392593143038283, 0.2902345521926293, 11.734984488409992, 2.0052130341674115, 8.678189708582863, 11.612296544594585, 4.078033963813624, 13.149754019497948, 12.836615016200767, 2.8477434994729265, 7.468549427035413, 3.066897327013521, 1.5762293181650477, 1.9816402650213263, 0.3990487552478612, 0.5563355600763487, 1.9652619757704315, 0.8188222088982116, 1.3424613579194329, 5.712196957782794, 0.45686762421024696, 5.297964228617758, 3.4169426195954316, 1.1716272196545958, 1.2659935204536623, 0.6577534953960935, 3.656946851422987, 2.428008927964271, 0.09231130049744252, 1.912811203411593, 2.6734661206920407, 1.8028712430274823, 4.7358447731427304, 1.4233204501657042, 1.2229997476266021, 0.755287972781332, 3.4806065022112875, 6.4003314300206, 10.597820763331043, 9.393152541660712, 2.2352588696304707, 7.742297664207555, 0.04160286151241621, 0.9453972774941803, 8.460419727165089, 3.1419408612798634, 2.8435573663708453, 3.5289721028401573, 2.437308171322968, 2.5698468212401053, 1.4084260320039448, 1.1008970506970286, 2.8138475344933056, 2.240022391522274, 0.14427035509920927, 5.548900111591109, 9.458221472427851, 1.3251536353179176, 0.7033952535347225, 5.869160465265509, 8.473388035482088, 0.011834352519514368, 4.307576093207956, 11.755054545715282, 5.484537396586674, 1.2069893012530244, 5.113709340696126, 1.7583836126991983, 1.2935693143156453, 1.29356931431564, 7.949640316200771, 9.625316490649212, 6.056665876752319, 4.308419952211551, 0.36645676142278205, 1.0346233039007444, 7.335495179736924, 4.5381231879048585, 13.976067147405615, 1.2768430341434964, 12.753468892512402, 1.45886645792379, 10.743154266488034, 3.3863755034512053, 5.5742893290797895, 5.346669106146464, 0.3472299660070348, 0.03306674484279881, 6.52212694546688, 4.933650607111872, 1.953978606333763, 12.073211454906371, 9.289587713239413, 0.8614032343123625, 6.321605387128386, 1.6277067961373177, 5.798467238317016, 4.626531895351945, 1.382432300986153, 5.753650422304418, 1.3031524935751264, 2.5274196810246394, 1.2585107757280696, 0.3693053662281045, 2.0915286542715705, 11.439249563003102, 7.202368375968689, 6.864794521920658, 10.965486617921101, 0.2927287266188472, 7.553259777350561, 7.62669579153777, 12.063953322505483, 12.509917876648274, 11.284465492650781, 8.850131684826863, 3.8187645857215102, 2.3868347466752198, 0.20172638363888495, 0.10556278474138026, 10.625035751877505, 3.530361754584817, 14.458462735144593, 6.321187447778527, 3.21666449180006, 13.532193913471957, 3.4631953949814545, 12.59071178409991, 4.735590530291404, 4.418686227204944, 0.3839253475438227, 6.295775712485067, 8.30667021923756, 4.39178907401697, 2.896201174660405, 3.5600138429858816, 9.834139416935756, 7.436488636118895, 0.872700601372415, 6.5249865562385025, 4.821745455049211, 1.6347415254112434, 11.876643946201966, 23.031069829796365, 3.946496387837243, 32.79326921910024, 1.831908946950648, 18.42862310911005, 14.426911917426935, 11.99997660544443, 20.692196490709932, 1.2085286438345406, 12.403431332767354, 1.2345573254062856, 4.224611880406883, 1.22697584530232, 1.4428371982872932, 1.2456172179605858, 2.378452132428208, 4.4680091487910545, 7.307016068610807, 3.3840165074083757, 9.161368660150288, 19.747841686156363, 18.9127466879888, 17.07335773915426, 23.752460793308217, 4.10204406282142, 12.633337823541922, 4.281959671172274, 2.95276620988858, 3.3004827067989027, 2.906240683368111, 2.2246349446030536, 3.3685721397462203, 10.527051692193226, 0.5721670975734128, 14.157213406064301, 11.384665167998946, 0.12572367776931515, 1.3572529632183148, 4.594200872867191, 0.7936253656294525, 9.09174326287308, 3.7293250490941148, 12.305060451164053, 2.4037632951910552, 5.497911857824903, 0.6849814000767935, 0.450988025884385, 4.448389546256408, 2.713194927601222, 0.36085832420712904, 1.3574709992745682, 1.4021885230186513, 0.00258542697920916, 0.49009027091474877, 5.186446937318976, 1.2839155545144365, 4.246869010468544, 3.7868327038631264, 1.9101100155010755, 0.7228453708352589, 0.3524659973434723, 0.6899662813292906, 5.895973580015436, 12.567435681366035, 2.0197148758490897, 0.7403816973679653, 2.97633856009341, 4.668064777443476, 8.208653602432946, 3.333379451911412, 0.6458998631330815, 11.101721917646614, 3.135450926822216, 0.27497784066534336, 1.0097001753837844, 5.452842941260826, 14.975141399030917, 7.752713619241547, 1.7523375401756311, 7.262064488009742, 2.9104105184233617, 0.10671755282362483, 0.1918023879544819, 4.782789476547038, 2.83015075559814, 0.5816936618908812, 0.9833443846907812, 27.174982691990095, 3.776420121986348, 32.08089531287078, 4.167162667277637, 10.437117831144121, 10.046788921568378, 27.522805997581628, 18.909390344175563, 69.22125395746883, 25.90169827185221, 5.691223890694118, 0.9398948251293859, 1.9593944097318996, 3.117060622031673, 2.7822161514492763, 0.7099697519515757, 0.24351498539078875, 4.20133800439595, 2.1039234572589294, 0.6428931979840655, 0.3100755570979885, 1.9951760506950933, 1.7583836126991983, 1.29356931431564, 4.167174144914227, 8.092113230976011, 0.9732618701507079, 0.889072560635995, 0.5489371515781016, 1.489458172217553, 0.04160286151241621, 1.5891019937068052, 0.3203946441014409, 1.6106657941623155, 0.8585323893301791, 0.21519365493853115, 0.4916917859208354, 2.350669622289587, 0.721795791943407, 0.8913587692808846, 1.3419715716859457, 2.8655240115855065, 1.5270399269370785, 0.7820531071917856, 0.9495401697569577, 0.9302414893920172, 5.395959834278202, 1.305581752040652, 1.0441886207373017, 1.4977462940341013, 1.9090330904107589, 3.225025856745276, 4.81424261260922, 2.6160261717319884, 3.463621145334969, 0.9109903107912487, 2.8178506483464645, 3.044725035337109, 4.828335112482719, 0.4369638210465254, 0.5441635299100724, 0.3324226358542042, 2.5671389785548335, 2.567138978554837, 0.0, 0.0, 0.0, 0.0, 0.0, 0.0, 0.0, 0.0, 0.0, 0.0, 0.0, 0.0, 0.0, 0.0, 0.0, 0.0, 0.0, 0.0, 0.0, 0.0, 0.0, 0.0, 0.0, 0.0, 0.0, 0.0, 0.0, 0.0, 0.0, 0.0, 0.0, 0.0, 0.0, 0.0, 0.0, 0.0, 0.0, 0.0, 0.0, 0.0, 0.0, 0.0, 0.0, 0.0, 0.0, 0.0, 0.0, 0.0, 0.0, 0.0, 0.0, 0.0, 0.0, 0.0, 0.0, 0.0, 0.0, 0.0, 0.0, 9.49265639162099, 10.013272585443246, 0.3891826983950466, 2.9422779208993575, 2.8613844335932868, 5.868028667331771, 0.9354796076104037, 10.473740292335634, 4.3521325855898, 4.325069004584236, 4.835305072468145, 1.793495691565596, 0.5503376223277598, 4.512553932528149, 4.094523879295309, 12.798834874615324, 9.224830034828301, 6.4358972914403125, 4.244413107088349, 1.3112436510227496, 4.380903322933676, 0.24193826993726475, 1.3054845455965136, 6.891673126216574, 3.6427520971237186, 31.514885861563926, 12.568786948827324, 5.572616913616969, 8.987353546962936, 5.23668297093576, 8.759599186800472, 1.1836383628840537, 1.4691264247655909, 10.346754600361592, 6.043658702328976, 0.0, 0.0, 0.0, 0.0, 0.0, 0.0, 0.0, 0.0, 0.0, 0.0, 0.0, 1.2935693143156435, 10.502255731701055, 13.122944783488705, 5.2987813201201845, 6.388031126243931, 1.3275628637986472, 0.27110025035210583, 5.34541288322859, 0.10069816085805883, 6.489554557552083, 6.503794141761716, 11.368296515596143, 1.2789229611905455, 0.10011394520091699, 2.133916303700147, 4.535528777006164, 4.877160284591838, 2.035177515334624, 0.13417790100430693, 7.576235564611892, 10.892670914629008, 2.567919243739027, 10.450423007888645, 3.3289777332997517, 2.777929125808299, 2.4807366121403334, 22.809374175662953, 1.6858490871167362, 25.15465116848793, 5.211581461502931, 5.441922138244479, 6.391676728991314, 7.146588901360587, 1.573847237208156, 1.3839986817251884, 1.7780945483033008, 13.418912850848258, 10.252162862822246, 0.0, 0.0, 0.0, 0.0, 0.0, 0.0, 0.0, 0.0, 0.0, 0.0, 0.0, 0.0, 0.0, 0.0, 0.0, 0.0, 0.0, 0.0, 0.0, 0.0, 0.0, 10.505417463860212, 10.430923863533025, 11.97658734989406, 2.836279795636898, 16.81694877184995, 26.38092812053185, 11.403193672983122, 3.276717514494351, 12.086894754457035, 9.797255020459033, 3.9317357953997316, 2.688554040853461, 13.380618868753771, 14.860315982962504, 3.0961033574966166, 0.4354697660664044, 10.054146281666704, 4.982674782412374, 2.3468041979760983, 3.8165920560071527, 0.9130623562593314, 7.443680788148754, 1.255522329140888, 0.2871470456088332, 9.420084448527462, 3.193529451120071, 2.2001807009845606, 2.8545054889776225, 11.906345465554693, 2.7337291769571266, 7.9166458813636496, 3.9277228623549263, 0.6278871984954151, 1.307371284273387, 4.162447741897552, 3.373136502540774, 15.624470696913534, 2.665600145956944, 5.053261235926016, 23.790703012232285, 6.431440525718585, 8.3915975673427, 12.956803097736241, 3.247444512072633, 5.919421301375422, 1.4096514616310287, 2.1614050879855995, 7.059084106834632, 11.606942257195811, 0.6473317866044681, 0.7518882490416843, 3.956973830832254, 2.606267884447334, 0.11593788227060031, 2.7686121373156425, 4.58507414184831, 6.158443506500959, 6.458908000064895, 5.97259526944066, 4.928387245079762, 2.9926826067257366, 0.8675291814960815, 3.7960671956785177, 8.469331703875213, 1.3885695832394163, 4.986363434096575, 9.690505184590819, 5.313318750808634, 2.741785047904102, 11.30672029018217, 1.5847018428616195, 4.638353885440097, 2.9601142315554796, 10.120772557945685, 12.410899406191902, 16.192869044064594, 17.722467610021454, 11.894993773609997, 7.960294856107453, 0.22026297779746074, 5.538529131170662, 2.355913367890196, 3.820233310901699, 6.760671352587337, 8.336501195087322, 10.468452060138205, 3.091665630719575, 9.625316490649233, 0.20635678256680023, 4.308419952211551, 1.7064470107030942, 3.4944291586129275, 0.061067952434655126, 5.113709340696129, 1.4210854715202004e-14, 1.9951760506950862, 0.877367716560709, -2.842170943040401e-14, 1.29356931431564, 0.43696382104652187, 2.642273993086082, 0.43696382104652187, 1.126558311240231, 2.2611335931171723, 1.2912059504985791, 0.7243441458847286, 0.5090049429813206, 0.630578485856006, 1.5134530950578977, 8.106257911450584, 12.173208117945961, 7.130029701701375, 3.84890755812782, 2.9405508092388573, 15.052264967698761, 1.0387703968387996, 5.723957312400756, 1.3069483092010614, 0.7425129493196323, 6.021436604916516, 6.945561313395729, 0.4281488942065721, 23.014569239377295, 16.549946187878163, 10.69274566539059, 17.44232388538839, 1.4671400041923448, 10.578339591973418, 0.2908701696944149, 7.8989957289605, 3.7705856677825977, 0.4883801940633816, 6.138387313524902, 3.566169553085558, 1.7474148677849826, 3.8696259803144244, 2.020082692130643, 1.0189710660063156, 1.1960652725030627, 27.44434511070702, 1.3589377770560986, 34.00134318618245, 13.147225674700735, 7.597679937233011, 1.6903449345372223, 3.5613481229667627, 1.8792574986650834, 0.6641138848274295, 2.677883335479862, 1.3642918481868378, 0.40784523753467283, 1.2834770511034321, 4.879346005965147, 12.268203702498852, 14.686040960495347, 8.750320544460834, 21.307095065654323, 0.1428148172333863, 24.342394935852326, 5.742980622403763, 3.7735831934008104, 3.311629183274249, 13.849611897793892, 23.527075442974905, 16.3240905847087, 18.906843363703075, 2.4862884019012768, 14.504389651994245, 5.602995465529091, 4.481866638719453, 14.922761330054584, 0.2991621114587133, 0.5442202683652226, 4.069764843261964, 14.957096536855488, 3.668206059695251, 1.1395999371403036, 22.172641521690764, 9.374937443735462, 5.747674298552596, 0.20892775150872467, 5.730508494741798, 4.0709175223022385, 10.57255672213114, 3.8085788709453823, 12.39809604522651, 1.3700989221289603, 37.00891102376602, 19.387599069287717, 14.195037424465056, 26.65953947987407, 2.6223994262552424, 0.03570720480317391, 17.397574438499106, 4.889095546219323, 22.088051534786672, 12.130401017397674, 4.153277180042551, 15.187875971188845, 2.1657611136712376, 6.434359211522548, 4.666416909925147, 9.704362993379732, 9.015663679708325, 20.552710519113077, 1.7690006351348302, 0.17814804336020984, 0.6256485646758279, 2.3610578026426197, 0.31414589637341805, 4.687664974962615, 3.0577377787110436, 1.186279679742654, 3.2582233593274736, 1.7798385584569303, 0.8463626041210262, 3.5394734719967857, 0.45073899796170735, 4.264026256405316, 0.9148070767185459, 4.256320172099379, 5.5260287319187, 2.4698019538946028, 10.717035676586391, 1.3588617438617518, 1.5589667014224489, 0.8358721269032401, 0.7594648572522829, 3.922479108923838, 4.069236419700658, 4.67475829482035, 0.7502691600458604, -4.263256414560601e-14, 1.4197679771168623, 1.5410702133345637, 1.8397876913935107, 0.8987419240921639, 1.0355045677914774, 0.10688920434512283, 0.6543323511781267, 8.129854585866838, 1.5361553967395878, 2.183146581179628, 3.580635156109892, 1.294304822805202, 1.541070213334521, 0.8987419240921497, 3.306369546193622, 3.621017430290294, 7.68168458916216, 0.20152032458496194, 0.6134068928869141, 0.19156116386847089, 0.930241489391932, 1.529514542720534, 2.3709921322496967, 0.1699346256512797, 4.50018749755219, 0.6691061298904373, 4.016722482459485, 3.7154818119972646, 7.787688117945379, 13.852972084168258, 0.8705900761736558, -5.684341886080802e-14, 0.7987819414225612, 1.3832663982769873, 0.0048724554518742025, 0.9092948118644983, 1.126498379882122, 4.152243445821398, 3.0935499486864444, 10.817841463856269, 4.37073552035443, 1.8817004955843117, 3.4359327881825266, 4.206382683418951, 12.81880354039535, 2.424308481275091, 0.18789120334275822, 1.3332120997707477, 10.499359450954898, 14.484334423305256, 1.362006316401306, 3.3303967985331155, 6.494356096728154, 1.2490966671782644, 8.123143773596752, 3.9430273362139303, 8.424036206727607, 4.19966052378183, 0.44090685358301585, 0.3978079888746038, 0.8484515170496252, 3.9795124225188943, 5.733115318625835, 10.162051684293004, 2.6241115349324957, 10.123313606138439, 10.32293984028216, 0.0, 0.0, 0.0, 0.0, 0.0, 0.0, 0.0, 0.0, 0.0, 0.0, 0.0, 0.0, 0.0, 0.0, 0.0, 0.0, 0.0, 0.0, 0.0, 0.0, 0.0, 0.0, 0.0, 0.0, 0.0, 0.0, 0.0, 0.0, 0.0, 0.0, 0.0, 10.528974887923226, 12.258228575884445, 1.9006561255208112, 22.23644499516945, 1.4605691789570585, 5.967038866520454, 0.04756595519782536, 1.932220540480273, 1.4394736772775047, 2.24784357787226, 0.3272593045781207, 0.04916904763712182, 11.200532994003083, 3.4129035545404633, 7.647922104423969, 2.428990975470157, 0.26478204117748305, 0.6115782947069306, 0.7771143401271843, 10.419392257074207, 10.685546371667385, 4.8790803137964645, 23.915852595500382, 6.991560578662046, 8.139881556001626, 8.905761308197413, 2.7757716066604985, 2.2036206545188293, 1.4313846293433414, 0.438240129404619, 2.584760893548406, 0.026372462916583572, 8.191632327069627, 11.158821103161443, 4.7547809978309346, 0.0, 0.0, 0.0, 0.0, 0.0, 10.535950894261475, 13.482574891953817, 9.844539472629293, 3.1767175316266787, 8.87642767183587, 2.370977825246115, 7.688996815334008, 1.9210075871428955, 10.337923210809493, 0.4598450877370226, 16.89195705864364, 0.6043289887555261, 10.385531171470632, 0.3969342680510408, 7.69453499380478, 3.1597930604879707, 1.9314688305692584, 5.687799519862693, 6.027624280333185, 9.365454627383855, 0.9281074646717116, 4.500246237098196, 0.24952038250145847, 4.598944815183842, 1.0909211970237322, 19.486087389445345, 10.832160628732993, 14.753238204107788, 8.845265812583307, 9.54508283055219, 8.918846655883613, 5.01480541962178, 0.21136921234855777, 0.5397160829603536, 3.295625245094584, 0.9761070614652567, 1.3019865577360576, 0.3336441045874494, 18.892564019089605, 19.68563656292295, 1.678949765481775, 4.518854527531687, 0.7109087232295224, 0.8848950876025583, 2.5076331300038532, 2.0326471308009957, 2.5659209754372228, 0.19316234067397886, 1.1782019993384836, 2.166120431854978, 1.1626326052611091, 7.932683217875933, 12.58416295376577, 0.797148000252804, 4.835421889182783, 10.698342758748595, 1.403798118920804, 1.077981607500675, 1.6828464837683157, 14.020059721710453, 9.322410982190291, 8.960329555041312, 18.962411910901352, 3.0233016463153035, 14.314289277731746, 11.68058140469779, 5.315014297094365, 0.42221698010826003, 0.12657204494183816, 0.33567791993596074, 0.6111897698924622, 0.27469637973374006, 1.1498961893229591, 2.13247206775722, 2.779101246924938, 1.9049119947351016, 1.5216934514522222, 2.8649856118764205, 3.537286277772637, 5.923266785683353, 17.335825408878748, 2.1163863973438026, 4.46655135929484, 0.2700611914597175, 0.13326897602490817, 5.567979612194449, 6.189441397428368, 4.93783601449087, 5.511216851358512, 10.605833637243947, 0.009018263896791723, 4.643268228068365, 1.5660903177499108, 0.9307011440946553, 2.6724834372537316, 0.6802143380560324, 10.279963826991093, 10.756761654857087, 2.211187855384594, 4.340114561601894, 0.2843585567743929, 3.7463329598801067, 0.48715518117057854, 4.2964788584039155, 5.495089160695144, 0.6134068928869141, 14.58478540117153, 14.343630463592376, 1.1707281152139615, 7.025779814500794, 1.2987618126399525, 7.604472573079278, 1.3458158099981574, 2.711401635716527, 0.08885749409949995, 2.7725143608644203, 4.008966481039266, 1.0682414261588349, 16.11142860153089, 1.03994001801982, 3.7479974655882984, 17.18733982092661, 1.9548390444993515, 2.2799567047869687, 1.4441502420515917, 1.8880037291407916, 2.0958999298551078, 1.5590847127508596, 0.5184513309926615, 5.332988409759821, 15.754242833751164, 6.959345551831376, 4.963487960672808, 0.5571456533913306, 4.594470571415883, 3.091146200409071, 2.4492304936555342, 6.548809762667673, 15.881165589837678, 8.396613876776172, 36.08771651477542, 1.2935167621290873, 25.10573403884524, 26.072469497800697, 0.33242263585419707, -1.4210854715202004e-14, 4.1053843742696685, 4.008382554448524, 1.8867365277440982, 4.008382554448524, 2.1405618269893125, 2.2390812194821734, 3.9767065615957478, 1.5586542811229265, 1.28281992318513, 0.11140296933574234, 1.0127816029172862, 0.0, 0.4896009617921493, 3.552713678800501e-14, 10.961713855695024, 12.059703387332107, 10.27436259091786, 1.275430272634452, 14.500295053289648, 11.94392255314429, 0.2534858249460683, 2.7165125119116738, 3.1227947087985513, 0.01770163351650922, 0.12751376929111302, 2.0172237886575886, 0.5976068938535946, 3.7702385026571505, 1.5400630915810751, 2.230476885380341, 0.2946666661069486, 0.5523505669247584, 0.7744951507689848, 0.1684157775165147, 0.15301537656492314, 4.488211140866497, 6.008306102197764, 1.8994371445476474, 8.267166501201956, 0.3035133790583586, 2.411756432522594, 1.3166658062108354, 2.111016225586752, 1.1577726562985333, 2.789521937653518, 0.39293058301851147, 1.7057222077374377, 3.379579461947202, 4.294762261991508, 0.894929825522695, 0.22215398230093797, 3.114927819055822, 1.1213588198823174, 4.169553237600695, 2.0806489185533223, 1.8783020328546627, 0.09208333523847045, 0.6719504225969786, 0.9696710197253537, 0.6534058580189424, 0.570124401682051, 0.8747310277754536, 2.3171722304234095, 1.490429677103151, 2.5745221722344525, 0.9498911616972237, 0.9283067477973361, 1.5218699814528236, 0.37796946021559563, 1.2690100070382755, 3.516533892029173, 6.269534423271551, 4.932522761928169, 0.7928547662391452, 8.74846150367469, 4.209814004382224, 3.336772922316584, 6.843863034054536, 0.6652931286474768, 8.140594710665283, 5.5571264035840215, 1.8868602392318223, 13.670811200985838, 1.2842349425731925, 15.284864818057997, 4.604789867757546, 5.823400410054234, 3.50894530795199, 3.460433191534463, 1.8028878857461166, 0.5335243411783779, 0.25768099541639344, 4.036305060355517, 1.270375356746058, 1.1736726803102613, 1.6285055588379578, 6.9980805626968845, 1.6428386743615988, 4.047422187365754, 6.417027853498183, 12.071807952764345, 4.3543432200439725, 0.8555294358278331, 2.3451691027113384, 10.688932149702694, 5.954402126601877, 14.44862083718084, 7.090348863544904, 2.114193373039683, 1.255993071758155, 3.2629056033334223, 4.05328297861962, 2.7538921046100597, 14.165461606631226, 6.17970154627352, 0.3769358813844903, 20.071467373607675, 7.267331872383366, 13.73529662494171, 8.984197444820808, 4.859685602374569, 13.053811473360554, 1.675828664409181, 26.677814128291345, 27.140891283521057, 0.683372710754611, 12.839514814232075, 2.307303283436056, 4.573879040333338, 0.80071943645396, 2.999653872303952, 1.378006425071817, 0.1733656469667153, 3.0385224901982326, 5.446788367124043, 6.685390254924471, 1.8183011134958633, 11.48225798155886, 13.18109477594328, 8.77016984667543, 0.086311978109336, 5.980088338297776, 1.6710051797445828, 1.88809355847377, 2.539783615077141, 3.472168546447193, 1.9858882243761968, 1.4085493313264692, 7.335797945285833, 5.96435044081602, 3.9957953224878793, 4.094821273272714, 2.304857686351596, 0.832503953841524, 4.103054695188462, 0.36694447756539716, 6.978025875558785, 5.470685124689311, 3.5674130653579397, 0.4200352692715512, 2.9498659200440898, 0.7860867349888849, 0.30122904819711493, 11.158628218571266, 11.695536075596408, 18.27700544484472, 10.516446532679879, 0.0, 0.0, 0.0, 0.0, 0.0, 0.0, 0.0, 0.0, 0.0, 0.0, 0.0, 0.0, 0.0, 0.0, 0.0, 0.0, 0.0, 0.0, 0.0, 0.0, 0.0, 0.0, 10.322722680017378, 10.322722680017364, 2.5403271831493015, 1.8292641495280577, 2.92981695736745, 1.408543481551277, 0.4568543627970598, 6.942622679146723, 0.7784715645796609, 2.0839787792037043, 9.818805302392718, 8.367827435587827, 1.5851300098243826, 2.274416410324534, 1.8167111964760636, 8.591832351655171, 2.3544336267102324, 12.745159440391717, 0.8232822862061937, 1.2377425172306573, 5.693571871961268, 8.141879795320392, 2.460330129854725, 21.00991373096616, 3.511231034346679, 1.4862634484363184, 1.5203310204998672, 5.551772086012306, 0.8735684676377389, 3.031136566653416, 4.661057162035959, 22.701863871110035, 6.251329181228314, 0.11604355589165039, 3.16773759880094, 8.23422366908423, 6.906457268853757, 2.892314178199541, 7.312221693320819, 0.049032661614319295, 0.035260232721043394, 3.3535029309121853, 4.167174144914206, 1.1310389447025173, 1.7583836126991983, 4.754780997830942, 0.19174057136161338, 10.234608317852292, 7.006739147101399, 0.5555977148170399, 7.563314794653309, 3.265863570670078, 5.101309263657001, 1.3447562348473383, 0.463984755695634, 1.1513873159295258, 0.821380779420096, 3.386375503451198, 0.4891994893704634, 6.184059572080727, 1.521049844944784, 3.9937230940712993, 0.01716334106865247, 7.150609224053383, 0.494170988580791, 9.775593388712977, 27.139997517985705, 87.19086690765172, 1.451362097734659, 17.821433695455738, 12.559745727445488, 2.140919641434465, 1.3205932609363913, 11.128803637702788, 0.4706186600188573, 9.920928285952783, 0.2444990918126564, 1.6912285260022486, 7.915565475741602, 2.416422483753223, 1.7335542654694507, 0.9019302339838049, 6.234366505513037, 14.34172464374899, 4.817960624198065, 15.03516289067511, 0.00694920531606158, 3.731387202452666, 5.8959767028006524, 9.593791248221919, 0.3421163079277676, 7.174195339214293, 1.5222104503591254, 2.6093142365569406, 2.7798468850356244, 5.370009038305199, 0.49057886223286573, 3.482333509455799, 3.1787005964452533, 0.08868706103856994, 1.9223830965242144, 9.596847811748248, 5.553810377476225, 5.086405056227015, 4.400973893948034, 16.677149835454912, 10.146444656231054, 0.5104447977604138, 11.268830701655801, 0.21170001660733817, 1.063698792458581, 2.9643266447654355, 17.53869760095955, 21.525597826660146, 9.532992429439545, 7.8766975163253505, 4.908653922489577, 2.8627021626303133, 3.7880571647256716, 0.27745325000785215, 0.9007895726760466, 9.773385682224841, 3.5403868883228427, 0.6067394620729942, 2.3302225945086548, 14.846162681484117, 0.13842102173794046, 8.726908915321502, 0.3659486004034136, 1.8957201095336984, 5.299706199489833, 2.1611502015499298, 4.6058717376551215, 0.3367128515790796, 1.1505612533983935, 2.4586177875879116, 4.1963385496163, 15.879100065790794, 1.4838525205394433, 8.298719638876861, 2.8571402248621496, 0.6528357700590277, 3.4629093044862316, 6.194774750293249, 12.634427450423942, 2.041120895250259, 16.66746412317093, 23.15895999002089, 28.64515078157376, 12.029943112394932, 6.809290570836765, 0.22894043135664788, 0.6070968672483872, 0.06331386967825381, 0.9160372161926489, 8.037480588439081, 1.8727074952467717, 11.341255778771966, 21.29645642568039, 1.9559220085179874, 13.665618973022163, 10.244015323114866, 14.308576314283215, 2.2294843430685773, 12.303536624443609, 1.8415685052158892, 1.1364933072841836, 1.6298500079798828, 11.878067250878331, 0.5538622526379129, 1.2525409687855813, 1.8218771469566946, 0.6089479208615387, 3.710460876888334, 1.6893367632659704, 0.5828668278740565, 9.854367397551414, 9.92422578517548, 3.0238538021672525, 1.3126420001535166, 15.033377126609935, 0.20270788332672396, 9.537794874186815, 10.520340924538758, 10.5353403636448, 0.0, 0.0, 0.0, 0.0, 0.0, 0.0, 0.0, 0.0, 0.0, 0.0, 0.0, 0.0, 0.0, 0.0, 0.0, 0.0, 0.0, 0.0, 0.0, 10.00038082569608, 11.158821103161415, 2.7391216841980253, 2.243204751976805, 4.989720622810552, 3.7594193893227725, 0.008591784668027458, 0.8191090455261474, 3.1114821816049414, 3.32415641963928, 2.0742018898046126, 0.8597963479595307, 13.380952131406431, 10.401158087353025, 1.2935693143156382, 0.0, 0.0, 0.0, 0.0, 0.0, 0.0, 0.0, 0.0, 0.0, 0.0, 0.0, 0.0, 0.0, 0.0, 0.0, 0.0, 0.0, 0.0, 0.0, 0.0, 0.0, 0.0, 0.0, 0.0, 0.0, 1.2935693143156595, 10.255964266263302, 14.834631606226978, 2.2347515009765573, 0.22502261959124326, 0.0022270083543389774, 1.8138769599179483, 1.76504746897578, 3.015471219725839, 0.8853933998825596, 0.3870427264280636, 2.0950846090565562, 3.2136804997273316, 0.5134099182906482, 5.642622172719257, 0.18255495995632032, 4.733123908600504, 0.7507727600039971, 0.5211780133631976, 0.40796140873639786, 0.0578110823683744, 5.100907175065345, 14.375332896264027, 0.3048507229983244, 8.8081630983353, 0.27839515252119895, 1.9889850497860806, 2.807339227882224, 5.021648033702888, 2.8927078030746713, 6.9835336989143, 1.8344302761279607, 18.787535530331233, 2.423770106021422, 11.910371212426085, 17.791354586513023, 1.368192572867713, 1.3387195910702587, 8.961901462608495, 4.729996838402627, 2.1409632104039815, 0.9510988107414562, 0.42096173099426437, 17.352235138971963, 9.112422313050587, 1.6672833692553581, 1.1890337815488579, 3.889590867718283, 0.4675817756169067, 0.806526392256842, 9.38665489128492, 0.3891145387825077, 6.078278784587951, 3.89200212407971, 0.9798285147275578, 13.95403601615888, 4.769347917100987, 5.983991431946222, 0.34652095198610766, 1.8955183692356457, 1.2838066680222795, 4.701111923811908, 1.4284044595215164, 14.662857888196953, 2.078246958807199, 0.7320615160431316, 1.3104381424789722, 2.7823753920305023, 0.27587050910449307, 2.2021482495343605, 0.8839950649151547, 3.7381108475829024, 0.2943632403846408, 0.6682280008630244, 0.2158104602756623, 1.90952820394223, 0.7475473929656573, 0.3329544968596423, 1.365477075033212, 2.4339039061778607, 8.976483584779004, 0.25669098211400865, 20.05071036836486, 3.439763530649685, 12.118736611248806, 14.976352323470948, 10.480114589325126, 0.0, 0.0, 0.0, 0.0, 0.0, 0.0, 0.0, 0.0, 0.0, 0.0, 0.0, 0.0, 0.0, 0.0, 0.0, 0.0, 0.0, 0.0, 1.2935693143156435, 8.687810636647498, 5.5742893290797895, 2.8065409191176514, 0.4551484681345386, 3.714891978850787, 0.8665592975728771, 6.31803196095629, 0.7405558258006977, 1.7583836126991983, 1.4028948450116872, 1.7606275434884964, 10.051994668237498, 0.4157373718444006, 2.188922483376132, 1.3055817520406094, 0.17413221969734138, 7.739182957994458, 2.154457817701527, 10.062453778875721, 4.441088456673441, 0.31046037859334774, 6.1596028457587835, 6.1393875441949035, 0.9919707803057349, 6.341165270086407, 0.17611286692508088, 1.0845063387200184, 4.823331417831071, 0.7734882139827732, 5.682551177366918, 3.339367534988938, 3.9938384642308336, 0.24562983659393467, 5.552194523289671, 12.110563036737489, 10.090407498910622, 3.230574232054437, 0.3101797575582168, 1.850996108706326, 0.04382873082747096, 2.4373493427186474, 0.8259092848591791, 0.2845867549329313, 1.0031531225666015, 0.008208136129312038, 5.495089160695144, 1.3034637779120573, 6.337784383632112, 2.6806893976926744, 0.7750119101823003, 5.002417073821974, 5.893051435159343, 1.4664992988889622, 8.926727255165027, 0.07928131789070392, 12.6715337618311, 5.963922591550201, 5.457363943333473, 0.9736364384348022, 4.186349814719971, 0.2998025789106187, 0.29980257891062223, 1.4276578998236573, 1.4276578998236573, 0.40468431507869695, 0.8815834086673533, 2.7134900451596025, 22.1341336836352, 12.123555930165935, 6.714975799762129, 20.897234231247126, 0.6606867190949117, 3.9027052122788177, 2.2981704636253255, 2.0488125818466187, 5.501041761087464, 2.670426147602342, 9.85187355646967, 1.5851937471619522, 15.43285331298162, 0.9731255458590908, 5.622179357933703, 5.375806786283022, 0.028191060499977993, 0.09275569905015146, 6.754057509269433, 2.607719103845284, 11.442529099679433, 5.508578046505534, 4.331933040117775, 1.5330368239436183, 0.0861198449458982, 0.2992126604404035, 2.842170943040401e-14, 1.365864688981688, 0.6520542927317763, 1.3962064379927739, 0.0540583022660428, 7.1824185808118415, 1.3237717880478144, 6.962335337421948, 1.7677488658430036, 0.9323487559251191, 2.0168428686783955, 0.47965214217045116, 0.21268535576587055, 2.2419250693425568, 9.7283159501157, 0.6960291717440512, 8.40422393737721, 2.2976086936454436, 0.14665261046918943, 3.082686637474751, 0.5585172477072149, 4.150177000529368, 0.249409975414693, 7.449191664938937, 8.061452570070045, 0.6300761667135077, 8.866610827327818, 6.423591531027384, 10.439020803122077, 8.328384075762216, 2.245904266457302, 5.615214868043864, 0.7750026045480354, 0.905860468398771, 0.2419265590907287, 2.1916426507944777, 5.814008355758034, 1.52100093387088, 2.6484424429292517, 4.249361182883092, 0.3773937413289019, 2.0295181097303896, 0.1905019521641691, 5.112296145029205, 6.6671107427251, 7.2939729852441815, 6.710692547705264, 0.029721215148114766, 1.136442823413148, 2.420745924604205, 9.21167706558181, 10.663965816460987, 2.642273993086084, 0.0, 0.0, 0.0, 0.0, 0.0, 0.0, 0.0, 0.0, 0.0, 0.0, 0.0, 0.0, 0.0, 0.0, 0.0, 2.6422739930860804, 2.642273993086082, 6.749978901387813, 11.770104503438873, 5.955978120866547, 0.7023594438429654, 3.20750585214455, 6.437907950855134, 3.1155883455312505, 16.94132811521058, 1.0299552825193814, 1.5525715029405944, 2.684561697538925, 1.0254335030229527, 6.134794398585058, 1.6636952523318769, 10.9199413732117, 12.361085823988333, 16.309263652938938, 15.516633700527592, 10.840733123051166, 4.883640917487639, 15.637954128182798, 10.634924774886656, 4.405166991638993, 2.818789816964454, 3.044688795019141, 20.68376085261906, 0.21009943515127816, 20.579152209196607, 2.900109195590886, 5.8971989950716335, 7.137658404182133, 20.579552706750974, 56.19560719593801, 8.087447484843324, 42.46337976672086, 3.9696837043485687, 3.1721342394334613, 5.071214871619873, 5.741700671524541, 0.973125545859034, 13.469462949670685, 10.693535242998337, 0.0, 0.0, 0.0, 0.0, 0.0, 0.0, 0.0, 0.0, 0.0, 0.0, 0.0, 0.0, 0.0, 0.0, 0.0, 0.0, 0.0, 0.0, 0.0, 0.0, 0.0, 0.0, 2.6422739930860804, 6.3059009392614485, 1.8867365277441195, 0.1669033606911512, 3.059558337440521, 2.4828018466876216, 7.648846018796306, 3.993723094071342, 1.0480774434107616, 6.865690226018501, 2.071800074362301, 0.06493453825513029, 4.050317496026992, 3.5152322547122736, 10.123313606138453, 1.7606275434885035, 10.303261895978324, 0.3762439226102856, 10.27611083641321, 9.03483972548031, 4.3012898155499, 1.2935693143156382, 2.56713897855483, 7.766968800949883, 12.61297521996454, 15.508191676992425, 1.2476692844734316, 8.361812581916539, 0.18569738108490697, 0.9479171154499255, 5.07514694965559, 10.975283700880084, 0.4153138705664503, 9.168629195537108, 12.227898791426341, 10.171649105974183, 0.0, 0.0, 0.0, 0.0, 0.0, 0.0, 0.0, 0.0, 0.0, 0.0, 0.0, 0.0, 0.0, 0.0, 0.0, 0.0, 0.0, 0.0, 0.0, 0.0, 0.0, 0.0, 0.0, 0.0, 0.0, 0.0, 0.0, 0.0, 0.0, 0.0, 0.0, 0.0, 0.0, 0.0, 0.0, 0.0, 0.0, 0.0, 0.0, 0.0, 10.47805017238558, 10.52799465292668, 12.700371158081651, 7.771080488892466, 37.547344592963995, 19.973912049987064, 6.367193198296135, 3.7647597345671926, 0.24830187703953754, 0.002714872067386409, 0.3843321495335772, 3.0824355551973497, 1.78701329850918, 7.06346094928395, 13.34372826620995, 1.427023361122565, 1.129787317493566, 19.233808372148076, 0.8482057173443138, 23.612991806610864, 8.933860007643716, 1.7318384557469528, 5.840614980634115, 2.533330429916333, 8.292344843557686, 4.681349796878067, 0.04904327185818147, 12.66169023174507, 0.11309135484117405, 8.503907962885108, 1.3254012723753021, 1.0216011467488784, 0.8620084079499293, 14.65281276917699, 4.179560743128604, 34.25426512646166, 4.693058795496825, 7.006328726690754, 2.915724915196563, 12.259450490864921, 10.532888465576704, 0.0, 0.0, 0.0, 10.49246711304643, 13.462689369023082, 0.9526639469609961, 2.6202491718660497, 10.628831229652192, 16.563545343657836, 6.533544102803404, 11.057827262795044, 0.024861162262581615, 0.9449688639608382, 0.15551612329423392, 2.0749328170023205, 5.777895194784691, 1.4647332007280056, 1.163581180262554, 3.654661525774685, 11.287362463721081, 1.0123744872860811, 3.340966207772283, 0.7511322792496742, 1.1143808714156762, 0.7511322792496742, 3.5143584233561, 0.5415069505676655, 9.362608131244997, 9.06986037317219, 6.1655165458020065, 0.4185863513422987, 13.344858196086875, 3.0629722902203866, 10.813545797185952, 5.291277290299831, 2.604578512746002, 0.8664489868761507, 0.17731158040567152, 3.2110643439189204, 8.62999094622441, 0.7726745619127797, 2.7317694325596023, 13.145961002348315, 1.7618586865814336, 0.4486070556334596, 1.0612376802365446, 3.1836194377111724, 1.3541882151438074, 0.2636166694788642, 4.560323295176545, 3.113690351459468, 11.328449237639532, 10.52976567148437, 0.0, 0.0, 9.426363021351094, 9.492656391620955, 1.4027705722228774, 1.1039190856607775, 5.538593518599143, 4.232894359149412, 6.412370958050701, 4.279809407314758, 0.8607933900382392, 1.7516192598247926, 0.972832253728555, 3.60694837576213, 1.0487476763691461, 0.09581761389533483, 0.5266599956519258, 1.4707790012154476, 1.5974275314593172, 8.70572564619161, 0.06609072365445456, 6.633290094701977, 10.234155864663435, 2.642273993086084, 0.0, 0.0, 0.0, 0.0, 0.0, 0.0, 0.0, 10.02568468829529, 10.48011458932504, 4.133752715564427, 9.199171367460934, 1.0732592260723095, 17.335330007530672, 3.3003268693307177, 5.817617076893811, 4.567626313680705, 8.442131824967987, 6.593450061008085, 2.543550889332195, 6.532206316618016, 0.22079606141181785, 1.3705274865953925, 2.166160394939638, 1.003195525379624, 16.637426019981973, 48.37561201639008, 5.293441652118162, 11.324941412965387, 0.777946105027425, 13.887460595627175, 19.151357937692808, 2.228579827812922, 14.470655705417727, 4.688606771468443, 0.4495340554054792, 2.653386440078563, 1.3444885746885689, 5.502426438676366, 6.558980986765903, 1.1148500344440322, 0.5824172933763663, 6.9597466341385115, 19.119957833565906, 6.1716707681748915, 0.6088213949253856, 7.507212013565464, 8.424054634125184, 5.543864700507783, 0.3037475543128778, 0.3025643265709732, 4.435416862814975, 4.843832653086309, 0.590634225091307, 1.9559220085179874, 3.17733197760424, 0.022478088072460878, 3.233913255906174, 1.4524915394197961, 1.1552854398960903, 4.264600348139794, 9.27881572772884, 0.3946744693649009, 1.2395841745251346, 1.5587612899275598, 2.2638682554447485, 6.3588453949707855, 2.0361499981725046, 4.306142861073283, 2.823224592759857, 6.431324764658939, 1.902113803480006, 0.8067442211167588, 5.216356662912631, 2.741638685171921, 0.08955574310766679, 5.35984360494686, 6.362232883126609, 8.56122681379523, 10.281597297842197, 2.0532920572848923, 4.051709876215227, 0.6848141909534604, 0.7972260480808018, 1.1905153857430264, 11.238190029363722, 1.847470232417777, 12.99753703244906, 12.342987010848049, 2.5480190446867823, 0.446918989281329, 5.745358505478293, 3.4546744956022337, 2.046438244543694, 6.462593312696015, 2.730054656512408, 8.621480692511057, 4.18808523121254, 5.556778315594926, 3.9505732524506385, 0.8588713965095423, 16.026766441718664, 2.099144950256715, 4.817818947543131, 0.10613949756618979, 0.7398104159922241, 0.6954550206215373, 2.429778142142652, 0.38433950886528123, 1.7853262088811164, 1.3399141392148977, 2.4237701060214647, 1.2229752673551104, 0.004967189845402231, 1.2229752673551104, 4.223274906859345, 0.01570970876206701, 3.0840161298177833, 4.026085958735678, 0.7476398701281965, 4.55354612584884, 1.3322594666322232, 0.9303904495909308, 0.7264880241383906, 0.9303904495909592, 5.881219715676764, 20.610953950097382, 27.863100756494276, 1.618523759512982, 10.526022551139675, 0.6828764770860971, 4.8941577245125245, 15.935580660956902, 24.51882909012801, 1.8784228153853064, 15.584645071962413, 8.859276172520225, 2.8952897760840983, 4.227451294287533, 3.033386767720401, 0.46469398932430295, 4.52711747849807, 0.8562518411795565, 3.0147127416374815, 1.5843926566426205, 3.1059387989251377, 9.935525408694389, 1.8394411380459985, 1.848101277599767, 0.3217625682891878, 0.40560568525694407, 0.7763781204835709, 4.484748349553058, 0.19242481653006394, 0.587635178957612, 0.7350730617955037, 0.9699629291654617, 2.1532965646872526, 2.3777050493312117, 12.398594743021903, 3.692555311009812, 0.6939437845715872, 23.27759184727222, 6.149695876829867, 12.427416516980799, 0.004576163624221863, 4.615245387755863, 6.1035302524902875, 1.3970992067412737, 0.5464579560080551, 2.8316184935895876, 0.49752794192812644, 6.814150687740522, 0.37440992653179705, 4.774986205058781, 4.480711238632807, 2.763379430768623, 1.7513875235846967, 9.179585976372607, 9.525420325466541, 27.928513928374002, 2.0591127114587664, 4.3983613440875615, 15.832751938022852, 12.012360186326902, 11.794914824460335, 55.69980628879233, 11.980862246340962, 12.304082248681425, 6.255674833974666, 5.401714847671968, 2.3922377345363515, 1.1981970246592368, 0.6712005607406013, 0.7459761863649703, 4.815428502811528, 3.2513060018177953, 0.3805445101573639, 12.938230477590636, 0.3321208336210617, 7.844687806113683, 2.250722911209067, 0.4430276732648224, 0.9541282519613787, 3.429073015431669, 3.6683886748523094, 4.558921352743766, 13.439636266666156, 2.766862847409868, 8.771117593634926, 0.0942446472409415, 0.29732895178514696, 0.24674037257858572, 7.196284485135038, 1.622392155255966, 1.066970770321177, 2.995275362072036, 1.3874690916006642, 1.459692023076201, 1.0953733697478611, 0.2328417557941691, 1.3075976916574348, 1.3514569513173171, 3.187501700917551, 8.49063457020793, 0.6691061298904231, 8.034325211133194, 5.707986938008432, 1.5070193596620243, 0.8243217445808568, 1.4041681135843191, 5.26407930414004, 1.2110899840681384, 1.627078953382636, 16.867200269433766, 5.951607059358821, 17.509085645004006, 13.063973444075287, 2.51289653749231, 4.097574956316606, 1.2599257467516622, 0.41945411751970596, 17.32410022750932, 0.31027749285155437, 19.933434645096227, 10.499430743163273, 10.521852729390005, 0.0, 0.0, 0.0, 0.0, 0.0, 0.0, 0.0, 0.0, 0.0, 0.0, 0.0, 0.0, 0.0, 0.0, 0.0, 0.0, 0.0, 0.0, 0.0, 0.0, 0.0, 0.0, 0.0, 0.0, 0.0, 0.0, 0.0, 0.0, 0.0, 0.0, 0.0, 0.0, 0.0, 0.0, 0.0, 0.0, 0.0, 0.0, 0.0, 0.0, 0.0, 0.0, 0.0, 0.0, 0.0, 0.0, 0.0, 0.0, 0.0, 0.0, 0.0, 0.0, 0.0, 0.0, 0.0, 0.0, 0.0, 0.0, 0.0, 0.0, 0.0, 0.0, 0.0, 0.0, 0.0, 0.0, 0.0, 0.0, 0.0, 0.0, 0.0, 10.156416533367398, 10.234155864663428, 1.120984679142012, 5.418377270696368, 1.8201383369773794, 0.2839268998466764, 7.008262630858297, 7.670936194012285, 0.7629381382334799, 5.561143479763629, 6.814728986867607, 8.011146342660282, 2.3683482788200507, 4.824088047777792, 0.2474539077328899, 0.10148810862347091, 2.501049466983659, 3.9150262968848324, 0.04863343163526679, 6.620701483803757, 3.403861536685696, 3.692932470328074, 3.9547508301756125, 15.488249371466651, 0.1921045344353729, 6.312480747452497, 27.818082076897213, 28.1572140913851, 20.028396120963635, 8.850842759435949, 9.93511809050689, 1.3657922526107313, 4.267834013912591, 4.5038226204360114, 1.6841471158649313, 19.2644190628734, 20.213956322959802, 27.14643763115842, 17.640695680140226, 0.7232158480790076, 25.946478206131076, 1.7404027591639988, 25.079644708091905, 7.385630864310031, 1.903987343625829, 1.3412598478067252, 9.675909666957068, 22.821874912940245, 8.98740863557839, 32.35965070043795, 2.1546136019622395, 3.6890463369813915, 0.37015509229686927, 0.22660753631092234, 4.594154367588175, 0.24552346177372897, 8.555056910203405, 7.357535765967157, 4.21992763306767, 10.535840973228431, 10.458914626631636, 0.0, 0.0, 0.0, 0.0, 0.0, 0.0, 0.0, 0.0, 0.0, 0.0, 0.0, 0.0, 0.0, 0.0, 0.0, 0.0, 0.0, 10.488578523775416, 10.709139183016006, 2.6643776934757, 3.5357752338193222, 1.0088699474927125, 1.7082330449269136, 6.398162584230448, 0.07570026184762924, 5.21001306308878, 7.175132068564864, 6.551235366268713, 1.0848838011919781, 3.4203185673925987, 16.865660425999238, 11.863584634189323, 0.27595415778711185, 4.776776070362786, 4.4557683812168705, 0.4789361063183861, 16.505986909080633, 30.467161188380828, 8.900108516655848, 9.328040698920177, 0.9579709241307341, 0.09332646895674657, 4.788455079901723, 1.9709250838387788, 14.676581193926353, 20.39154743913616, 5.802698939642454, 37.83518724920884, 11.36685294015706, 19.930324060770545, 29.816756075644435, 0.07205837945761573, 5.305945909449406, 1.7534376345921032, 0.8317660093513553, 7.072983025569727, 1.3500522164996482, 10.635484602439988, 6.1734384871586485, 24.48162018456736, 3.5880045308942385, 31.278199465042945, 0.0960482632382309, 16.527008638936422, 3.1551772283438595, 2.331777958925386, 4.7115382532906835, 1.1388756931301032, 2.6218679293389187, 0.5325110327139555, 0.11619159745853835, 28.723621884662407, 18.272164801412345, 3.9505732524506243, 1.1693247501776796, 0.15167735349689337, 0.6450251170977026, 14.81285998985311, 0.04390534894170628, 11.932460007572097, 0.5509202827358592, 1.6503270583655194, 2.941203426676168, 11.255625308000546, 12.29029831437775, 3.4944291586129275, 0.877367716560709, 0.8773677165607054, 0.12071937331499072, 4.493009982372861, 0.5291115771292638, 0.15512167626564377, 4.783882352594695, 0.6990443006824378, 1.9951760506950933, 1.034623303900723, 1.7881686011863565, 0.3186498741166446, 0.40614472376118727, 0.630076166713522, 0.3524659973435007, -1.4210854715202004e-14, 2.157589962152585, 0.1699346256512939, 3.386375503451191, 3.386375503451184, 2.1174980830543007, 1.5432385856494975, 7.652255462310777, 4.857921677469108, 3.0840161298177833, 2.7514046487751926, 0.3100755570979814, 1.0477844639636942, 1.5330368239436325, 0.8723280311386503, 3.5047455514405925, 2.5139670207639995, 3.5047455514405783, 1.042092396586341, 3.386375503451191, 10.017266674497378, 19.391555063498828, 3.5968463580376806, 2.406826222929965, 6.352209698970711, 5.436320012644188, 2.5182280661745438, 11.581426947774986, 2.8492360245408577, 5.280689368518011, 9.843992340520288, 21.6473392528427, 13.347413847354488, 13.602210759176558, 0.20295074256652867, 3.0029810433344863, 0.6092883810753449, 1.958813236148103, 3.8244582537816996, 0.12855773607824972, 1.8321280104432276, 0.47819507824169705, 0.5422438157020508, 7.9127334486121015, 3.451680451874239, 4.0261683698889925, 2.559035273223884, 4.301289815549893, 0.19174057136162048, 8.060198852252384, 1.2276020746776197, 0.41688958734293635, 0.0, 0.7411896189507559, 0.7992152870094458, 1.0107216842695124, 0.09137088278023242, 0.012700083253569971, 1.4276578998236573, 6.0480486926768435, 2.642273993086084, 9.73809081937759, 9.929657328577733, 1.4242501333891369, 0.6611558934048531, 0.05945343659717395, 0.2680869097498544, 0.35910233428695904, 5.137527745369738, 3.401009270528874, 1.704658823468307, 2.5855030629808198, 2.4811985355273407, 8.980138830969281, 11.340541496668664, 5.667461211598209, 20.316593600087288, 4.493012068537013, 10.391317614988566, 9.110639763442862, 0.007730953816007968, 8.048143117969573, 4.169878335432912, 10.0090076614417, 19.658783490555948, 20.044258545024746, 19.51209255998387, 2.4056279071068047, 2.6865661269312255, 1.0942757600772097, 4.642096118225794, 0.9169789092539418, 0.7120036537513101, 0.7161715068332626, 1.478567482135844, 5.177795929038467, 0.11641896170399946, 2.8522511298537836, 6.32005272266926, 3.0234354755417314, 1.7451951009789468, 2.845286095796041, 4.917305558807897, 1.267784940870456, 5.298849287490867, 6.404284714132899, 2.5057618474847914, 0.0800606604066445, 7.278000791691042, 0.02748834294445146, 17.678988386756686, 7.94895158510144, 24.019043103637898, 35.19624356093948, 3.3339546765852788, 13.027610886524712, 0.33333966137900006, 3.0130346289270165, 1.7395634279775436, 5.994389859970198, 0.39268487341752234, 17.6942786690381, 9.131889920136317, 7.932568704372883, 5.963881425787591, 2.002845561095654, 4.185576998873387, 7.318182128379846, 0.0330667448427846, 6.722463210455757, 3.3388532436099894, 2.4268094858036022, 6.703798823006196, 1.8002481551548755, 2.5891142711248136, 2.7602430114151844, 0.9107030511763554, 3.0533791319941486, 0.07306859760147688, 18.68106244149257, 3.568939972887648, 13.982287588851648, 0.0831333258844893, 4.3544705945443525, 0.5756788145820337, 4.154297534205881, 3.7348496265332756, 1.3126840378857878, 3.06744034301866, 4.959557991245404, 9.251389752542991, 2.390902699282151, 2.4460616594182625, 10.008802030277081, 13.77821597804703, 37.16379237485114, 2.8883111891529722, 6.807445995925889, 0.5328156523529515, 0.4991311505188918, 3.051442526087669, 7.256574384825484, 1.3542863732033084, 19.851673795717005, 3.992264914278536, 31.28485371746754, 0.5838531442421413, 15.487245144324277, 9.270721218860103, 0.003410002172500981, 1.0799627267212202, 0.30366749608467103, 2.2609058201126686, 1.8532200487650243, 5.946775691128948, 14.296523621617439, 9.616045890468797, 0.034275874465365064, 0.007656529659428202, 1.8621677150200213, 1.9882898271274883, 6.026178665480643, 7.896832870487344, 3.4020411217087485, 2.3679806576659246, 1.6982686301959689, 5.4838028087058035, 18.396926274651122, 1.3383356843577872, 7.5251296641581575, 0.2992378431267184, 1.7592774319065825, 0.4691284243214682, 0.5110956794438835, 0.09875286933393568, 9.223606713167356, 1.4885982109139633, 9.566090906901877, 4.206477153012699, 0.8095906725297368, 2.1013261207303913, 6.65434554571749, 0.09287012946086293, 0.6428009227731764, 2.0264068776734803, 14.255636852164912, 13.55805519425212, 1.3098214045811574, 11.92575268950307, 12.7082253869782, 3.2164722550538443, 6.385755345324071, 7.967701515476364, 10.397781112817313, 5.068205259579685, 0.9780295440369002, 0.03964701099711476, 3.9058832849530347, 2.980564261729313, 3.171755908569864, 5.974063052516485, 1.0092623153648645, 0.398262347048842, 0.03545503938791228, 8.075101727799705, 4.5192785182805295, 0.7394540109161767, 2.1566855441657253, 1.5370495857222863, 2.370757809001873, 9.003878287891581, 1.4796813503919282, 2.0902250373068796, 9.354791776859457, 0.2783939884884603, 9.246017807460234, 2.3104458917171655, 3.7440272070955842, 2.8695060181306644, 1.9327510769149114, 4.172460797079452, 3.4565492590763824, 2.922821748222475, 1.707089646619906, 4.050317496026977, 7.9395081935812755, 14.270284503286405, 0.13778628990701236, 3.1823745908527883, 1.4695276566913549, 0.1065319582089046, 0.8614032343123341, 0.13316111013648424, 0.8200416400933932, 0.4055384768729482, 6.854801077804922, 10.517663066131263, 8.627523645180133, 8.284837853888348, 13.323547573833537, 2.735478934235857, 0.10131782828912606, 1.7591282791060507, 0.2501632327967229, 1.1498468995215205, 0.5732026480727654, 7.413657746624111, 11.30629478241299, 9.978501682926662, 0.0, 9.652676183424873, 9.190772554682532, 2.4044812242214775, 1.4374859236352506, 1.2276020746776197, 0.46080376621483765, 0.9082492038845089, 9.32976035177414, 7.461224611198659, 0.0, 0.0, 0.0, 0.0, 0.0, 0.0, 0.0, 0.0, 0.0, 0.0, 0.0, 0.0, 0.0, 0.0, 0.0, 0.0, 0.0, 0.0, 0.0, 0.0, 0.0, 0.0, 0.0, 0.0, 0.0, 0.0, 10.156416533367402, 10.146444656231068, 0.4062344627106711, 4.263256414560601e-14, 3.7365585732099476, 5.962117718578156, 0.027488342944394617, 5.523798390710624, 4.016010045553173, 3.1003220887809704, 4.952760487129353, 0.1825577801684517, 17.155227414693357, 7.689571581518379, 5.490477133344854, 0.8842100806267581, 4.562964179759746, 2.060462899067616, 0.6085229691013865, 0.3597203636948194, 2.8721566925399884, 12.11654166727854, 2.303946916786572, 5.216724889627756, 1.1233690846577247, 20.33549497854392, 1.8652940240818907, 10.60956849996046, 1.67339041761349, 1.890436948163952, 1.6611202749183178, 5.865940812109102, 4.817946843631006, 4.37423352753018, 3.1210952945020267, 7.0803109396728985, 4.154226948770884, 1.343242883826747, 15.034440533609256, 5.1522995490933, 0.1488382971390365, 3.5441220587899807, 1.3130176193146497, 2.117489542301172, 0.17625105228040638, 2.3569253558223124, 2.99612685807071, 0.8444078842911011, 1.2833536079973982, 3.748028831936722, 8.359877042090119, 3.5242605296567433, 2.653290625601471, 0.8369417577981437, 2.3755756002145887, 5.196107029426713, 1.1561732464004137, 0.10128109600580615, 1.494952082618667, 1.7470495660401753, 2.820283939008476, 0.1095353750138699, 3.4010092705288315, 1.7076985744115944, 8.974834045345517, 4.388196549813642, 7.260145320056381, 8.106199419039655, 3.785378279966693, 2.8832966226814563, 5.177857968670651, 9.15625456307923, 0.0008949878298949443, 11.661035409814971, 0.27090596807144607, 0.26694289420163386, 7.0440818876572, 2.903799266286086, 15.23099399574943, 3.5678624728971613, 1.4605409822183617, 0.14825733946048558, 3.8291849784192777, 0.48093921681828533, 3.027674004702334, 1.4686495638458155, 3.2158407844771943, 6.234522761441127, 3.752469152916575, 5.749595437480195, 6.4794753789810215, 11.717735118958558, 1.8865763327747516, 3.4002217110915183, 1.345178213001077, 4.085454609703277, 1.6561522151077668, 9.009236080162452, 0.67244267501286, 2.3354625392938146, 9.915542660508208, 1.9838240722178142, 1.6472879997864993, 5.178269171970314, 15.443537176176136, 2.397912165579527, 6.652073684287075, 4.704688282734111, 12.605494376894313, 13.842133374927016, 0.33916338524724665, 1.3207232360610703, 1.5836980075724512, 0.41485446893958056, 0.1973342650833274, 0.3892748654939382, 0.10445875028854346, 4.9677106206531505, 2.488969160944663, 2.2277586311490154, 10.862406003708742, 9.73809081937759, 1.0727211403417485, 5.45736394333348, 1.625093898318113, 10.919127102724715, 3.0729863818571914, 1.093630917105088, 0.9723385071824282, 0.5000718804931168, 1.7064470107030871, 0.26377651753157494, 3.353181710853093, 6.711457194777253, 4.118296393347222, 2.131092427148559, 0.03965270453684866, 0.4257924638899908, 9.908390012733875, 0.01604467693789502, 5.361421806139312, 6.023394784147115, 3.2224588268067578, 5.938902861198372, 5.4635681646347365, 5.419397199456526, 8.545017971078067, 1.1310389447025457, 7.730353295363187, 1.227602074677634, 16.019510805051766, 26.442538859013382, 0.9419070072905527, 2.6879745226314355, 0.19393686039990143, 2.525730526416339, 4.5387200487749055, 1.9251714201531342, 5.7974860459287925, 10.49246711304643, 10.380981991238585, 0.0, 0.0, 0.0, 0.0, 0.0, 0.0, 0.0, 0.0, 0.0, 0.0, 0.0, 0.0, 0.0, 0.0, 0.0, 0.0, 10.535815190424248, 10.531354335667253, 16.804815037536613, 8.308577978854942, 7.273509146879945, 2.0559887406810446, 2.9813491766442155, 3.965383164208248, 7.005826651635033, 0.25041783562670616, 0.8514076463580409, 4.2493327268595635, 2.38148031881218, 4.216697146816955, 1.4557698338040552, 1.8711751367173974, 0.6431602425548135, 8.018838396995164, 0.21574760478233657, 15.106123310070785, 7.222728327349557, 0.8941977419312934, 1.2369496605116979, 1.6780926978268553, 10.540635997109689, 4.578133570892874, 30.0105617742463, 14.61814740924757, 10.746171150446372, 5.512458855169172, 12.251238597186997, 5.367062621055936, 7.954862214588445, 1.8756192754898393, 12.50748898062335, 21.8100319898723, 24.82407039509897, 21.546489603330627, 10.46932559078698, 9.37703223050292, 0.8176333187410876, 23.4151046797175, 0.2982786928654946, 19.861184182410312, 0.6474145201598844, 6.09375828741986, 11.366307473657344, 2.3500348250506704, 1.6641161294901394, 0.2750414951116795, 2.024273043039642, 4.5332563726618105, 4.942888198701439, 2.4322302681342762, 0.015793669221238815, 11.538458317889194, 2.3604102077922278, 1.3062860661852085, 0.3314349978089979, 3.1834643908353826, 2.242866399528083, 0.7179131658118081, 7.5001354120851715, 1.3561699792815318, 2.9402066926588475, 0.8317659241035358, 3.219686420669575, 25.801217051329076, 17.89275697435707, 20.18393337995508, 22.471495294045212, 2.055047105196735, 5.902547482962063, 6.877447717573659, 14.023352531970602, 2.7386688233596033, 3.5382260435013393, 0.2398905804974163, 1.1346068521445716, 2.2030563012122, 3.4625335705687235, 3.991480592357732, 1.4782829912696513, 8.993016088139825, 0.8999307430748331, 21.166045751481022, 3.3254837530920156, 22.13770310349912, 9.718373658962378, 8.472903213623027, 8.494573498870238, 2.818146536494339, 6.242472936147294, 1.5908757611800297, 3.9853907439326406, 0.891107493313541, 0.42366150428182436, 4.098763193720572, 1.508417736395245, 4.669861261967895, 9.324102585500015, 1.9869240355019215, 9.44134632845089, 6.363294111213634, 3.4516804518742674, 2.1851484522260733, 0.944104069014557, 4.8236548990043815, 3.673864677077546, 3.450781236765309, 4.1510266839598415, 1.2118305236225808, 1.4758194346970868, 2.176352073654243, 0.438240129404619, 7.032519062264896, 1.419688936413877, 3.3890601979114194, 9.625316490649155, 10.000380825696066, 0.0, 0.0, 0.0, 0.0, 0.0, 0.0, 0.0, 0.0, 0.0, 0.0, 0.0, 0.0, 0.0, 0.0, 0.0, 0.0, 0.0, 0.0, 0.0, 0.0, 0.0, 0.0, 0.0, 0.0, 0.0, 0.0, 0.0, 0.0, 0.0, 0.0, 0.0, 0.0, 0.0, 0.0, 0.0, 0.0, 0.0, 0.0, 0.0, 0.0, 0.0, 0.0, 0.0, 0.0, 0.0, 0.0, 0.0, 0.0, 0.0, 0.0, 0.0, 0.0, 0.0, 0.0, 0.0, 0.0, 0.0, 0.0, 0.0, 0.0, 0.0, 0.0, 0.0, 0.0, 0.0, 0.0, 0.0, 0.0, 0.0, 0.0, 0.0, 0.0, 0.0, 0.0, 0.0, 0.0, 0.0, 0.0, 0.0, 0.0, 0.0, 0.0, 0.0, 0.0, 10.025684688295293, 7.510863050272114, 2.9265820471947848, 1.077903290524148, 1.79282782435331, 1.077903290524148, 2.9672787578311386, 8.07090469191624, 7.16303427765331, 7.147922918587511, 2.7365916767987812, 1.8397876913935107, 0.4745563512577604, 2.0793303499072238, 3.167974595696137, 1.9787933678960314, 3.8597091032153372, 1.1773990665048615, 1.4210854715202004e-14, 0.23375928101334864, 3.5152322547122736, 1.7250294000507864, 3.5152322547122736, 1.0206692703858948, 7.169702705208607, 14.671025742646577, 9.726861231372766, 6.848818776675387, 4.10538437426964, 2.5671389785548335, 14.016783763864794, 13.481577883486125, 2.2370174451506557, 10.285772965063217, 24.21968346043883, 5.193251229876353, 0.0707686540396395, 0.11446402048527204, 7.419219853451608, 0.09997013562366419, 8.599761376053074, 1.1526097280651442, 3.1500570856489247, 2.198950400334411, 1.0944450481635215, 9.195993747094633, 1.0009808084900556, 4.55256254045932, 0.7619277131907722, 0.13343427521886042, 1.6218951648427407, 0.03969896430692188, 2.209547367562095, 3.701175617733398, 5.293373326006105, 16.677651516121728, 4.618293617900974, 2.0198881129554707, 1.524624136530747, 5.372549537453239, 8.14438244384445, 0.2610990298205422, 4.446188575459075, 2.633422255088618, 7.2732273845809345, 19.083157491912146, 4.004231395582366, 2.5551350292736856, 3.1695544987910864, 12.09640019003487, 12.260661691384371, 30.179053146812095, 10.51221455725107, 1.8158375335452774, 3.6883807639220834, 0.3316193778995, 3.6586076767121654, 0.5019372044141903, 0.8067327984449548, 2.8655240115855065, 0.13975229399625277, 5.7571010894915275, 2.484277584787634, 3.8408868319852587, 0.16295691001052148, 3.002981043334529, 11.546462236005453, 5.811850986767581, 10.971704673893214, 1.6948365200290993, 1.258269369690396, 0.08262112905219965, 0.5140837275788499, 0.15430932098516337, 10.331149385102037, 3.299438176421461, 1.8368877678935007, 0.9375716663756464, 1.9758249218034223, 1.2479280359536347, 1.990387197829989, 3.460614268712675, 3.4118427455213407, 0.8717836940952424, 1.753972287972445, 0.4476740583598513, 1.5554718770242744, 1.4551986246114978, 3.076712526311752, 0.0825194040466215, 1.8576308185397181, 2.545310242881527, 10.113005163099047, 7.569020918275697, 1.9910175551627276, 6.30817740567727, 1.1810395634245765, 5.909968764698249, 1.7778459382400058, 3.4054431851264724, 2.701632732172982, 4.686476448664166, 3.722384662174761, 3.254499572475339, 3.886781322313823, 6.90293964298823, 0.10341348439621356, 1.7360749333857939, 3.2218769415991915, 3.6089038982571537, 3.0200209096962, 4.547117072129083, 12.392123190341295, 0.835786235062983, 2.378225555179057, 3.8502868535499886, 2.243968915556181, 0.9930925762329252, 3.365294314541046, 0.7723131770981126, 14.595220711802568, 6.495747124985002, 34.02397337871625, 26.599547577760234, 1.2172998052314057, 0.11140296933575655, 8.183026091564997, 7.568651336567953, 2.0404443922743667, 1.0424570270335778, 0.42756704772821763, 1.4685056362029627, 0.21307635340035347, 1.6548695823776285, 1.4800347478007012, 9.046730199504765, 0.649474559919895, 0.42644505962033463, 14.976352323470806, 0.8090111743402701, 10.10063763609908, 0.6031311683929061, 4.26192243167263, 4.126144011509837, 2.8674135005388592, 0.41475962444316394, 1.0918724508489674, 1.756004005968947, 0.4761384004182787, 1.9303292160489605, 1.3692122116301846, 2.4822632381720666, 0.29339093108045233, 7.684178010676831, 3.013913087015176, 5.1652323807620775, 5.377398735919144, 6.001078506371229, 2.7003494611438157, 0.7532193605995019, 1.444163565799613, 1.467958372638435, 2.085097574924802, 2.0431982203038217, 1.8922482065408985, 5.348449769041991, 0.15270984767062146, 8.364858181025966, 5.8188902103174485, 19.73947990858207, 2.1138082219283945, 10.513430406515567, 6.043658702328976, 0.0, 0.0, 0.0, 0.0, 0.0, 0.0, 0.0, 0.0, 0.0, 0.0, 0.0, 0.0, 0.0, 0.0, 0.0, 0.0, 0.0, 0.0, 0.0, 0.0, 0.0, 0.0, 0.0, 0.0, 0.0, 0.0, 0.0, 0.0, 0.0, 0.0, 0.0, 0.0, 0.0, 0.0, 0.0, 0.0, 0.0, 0.0, 0.0, 0.0, 0.0, 0.0, 0.0, 0.0, 0.0, 0.0, 0.0, 0.0, 0.0, 0.0, 0.0, 0.0, 0.0, 0.0, 0.0, 0.0, 0.0, 0.0, 0.0, 10.528285888053503, 12.255926074736365, 0.17636337792532686, 1.9536783905435584, 8.167020964555931, 0.7906787131515927, 4.099881062903101, 0.21759396643302864, 1.9401825432923374, 2.5723387491271126, 0.39154117622990725, 17.819213944271667, 6.601560023543186, 1.759843125641254, 0.7514025491055065, 5.037827860091738, 5.216335540445527, 0.4855431552398386, 2.134572562792215, 0.9097919283513534, 2.714541658133328, 5.391099151226086, 1.3545556485206305, 0.21994874992577707, 3.5043836907903767, 3.20627254348517, 17.70052554288816, 3.56281488934232, 4.797427351996248, 16.900753602019734, 18.273504868845066, 4.965558455691962, 2.5706554607019143, 0.8245303669683608, 4.582298554752214, 1.4917501908064708, 3.983788444284073, 4.462712552030126, 4.670258021688085, 9.166329190557178, 4.378751785857872, 8.694885986921577, 3.6839916941959245, 10.510794837954627, 10.510794837954581, 0.0, 0.0, 0.0, 0.0, 0.0, 0.0, 0.0, 0.0, 0.0, 0.0, 0.0, 0.0, 0.0, 0.0, 0.0, 0.0, 0.0, 0.0, 0.0, 4.186349814719982, 10.221408252113463, 2.2253584641808715, 10.719664359764863, 1.5974275314593172, 6.006850212523872, 2.749834643204821, 4.005320519494234, 0.9570496292645885, 1.0310053175786607, 3.428085152294983, 2.1115839788537016, 2.0823951214028114, 0.23896506295622544, 0.5228506081873547, 1.1196180644850529, 0.4871551811706212, 0.3090727028142197, 0.9273361966572651, 1.3937764097493073, 4.877836703927642, 2.32825495535576, 8.051659423122317, 11.091700471707014, 2.003265428371435, 1.3250955863522051, 0.9073187171454009, 4.247608829506845, 3.625133018235829, 2.8079754655201583, 2.3462537921035533, 0.3159900147909269, 8.021275527068752, 8.702553790915573, 5.399039245096702, 4.419527819677938, 2.9774541335383446, 19.105893485979465, 0.611602552637919, 6.876632196808231, 13.681942400306923, 3.972477011436439, 2.4076077518902252, 0.4924651461588212, 3.4606142687126464, 2.3733984685154894, 1.647662493597437, 2.835579617828529, 2.669409784935368, 3.067938401191526, 0.3379937928500283, 2.163267417876824, 8.161288537603724, 1.825159933585212, 8.099097790896877, 12.804800427491386, 5.380240609669983, 3.1428067370872554, 0.22646371282320388, 2.0599574563791805, 5.389808748601212, 12.733567422435186, 14.134090161761605, 22.33945003860572, 34.99115534347007, 1.531541786764393, 3.4465881512264787, 0.39669192266532605, 0.8567933434885049, 3.451709598690684, 9.424565216899225, 10.99630165799448, 12.11606116139177, 5.480078710929547, 32.2348654956491, 6.974181451200366, 4.459479725959255, 2.4114180912075653, 0.06502517744175407, 0.001731675509802244, 4.624026466618545, 3.025308619440665, 0.0451086113465351, 2.702005201210227, 1.0301872948774076, 3.2114588193572615, 2.788934275862502, 3.9667944523942538, 5.401105497184787, 5.533086123722029, 11.514010080076446, 4.069725079003973, 3.3161448050635727, 15.3213320303405, 2.508655247410644, 3.977503955530608, 3.7319519062798463, 7.253007597218243, 8.53720133934857, 2.619592519628924, 2.7809179241568955, 0.7664130472263508, 0.04236717185983707, 2.125900975697263, 0.26399746829221726, 7.4676000173669195, 3.786116365005995, 7.984396065195625, 11.833549346482897, 0.8736815574350771, 7.043574886996566, 7.446204877006835, 0.9157673757242151, 2.8131111677609795, 10.76640740779078, 15.66970326967612, 5.783159724091064, 2.1250423277678863, 3.0287002710607283, 1.0048624145775022, 5.495178159798115, 0.3932456380192093, 0.497108839148126, 0.5953482286428056, 2.7217952203124867, 0.3470271162477161, 2.1328183741951534, 8.037198763230606, 5.105023033223404, 2.29526061972129, 5.744823169982681, 16.612271239595188, 10.674111603282952, 0.0, 0.0, 0.0, 0.0, 0.0, 0.0, 0.0, 0.0, 0.0, 0.0, 0.0, 0.0, 0.0, 0.0, 0.0, 0.0, 0.0, 0.0, 10.414856137921163, 13.457812873671784, 0.7166716725605511, 1.509497684812544, 0.22374844739408672, 0.13273738701592208, 5.200080799248127, 12.424050195613006, 2.6356472880636375, 11.169520235993616, 0.07990119997100464, 1.6597035532717541, 3.66942018231299, 2.769745991782713, 5.417083597948704, 8.84202384398256, 0.5299033374195261, 0.6905922220670817, 0.21805952323722977, 0.9616714074247454, 1.5182839122379619, 2.8136651368376135, 0.48512247695828137, 0.9806024827636293, 4.629881928510088, 0.46835208361159175, 17.356378256096548, 1.6288190775498776, 17.625785437825584, 33.35435936067819, 0.1756662140201115, 16.78181364679034, 1.5114746433382322, 8.90136760711377, 2.5602945656682436, 7.125855716867676, 3.491740313843877, 6.135242362553697, 0.3556836308122513, 2.3610300509694184, 2.762402191804995, 1.3147739005014785, 2.9699495751850975, 0.7950861736466095, 1.5979812456093896, 0.9397634379172359, 0.011157720312510833, 0.8267692933133901, 12.159662754337745, 3.2209536094341047, 0.5443754989776721, 4.0192149633410565, 11.469040899019575, 2.8176441189110335, 14.54407163452754, 7.3704165525040395, 5.452549107329304, 3.9517194498951795, 4.036864693241569, 0.452350515251851, 8.731551266170328, 5.573200945077588, 4.765787320276786, 1.4301355120912262, 0.9045926122047661, 1.895575887163858, 1.4152724721554932, 5.82024888580267, 17.052015264184263, 0.5383571845113693, 8.45699704185057, 2.9614486148058177, 8.338112548699627, 0.08407406249610005, 0.6376350674343882, 0.05163220527407475, 1.7427525887046897, 2.2522668265853554, 2.121519970214081, 4.961104711873304, 2.410237736167119, 0.20470504697325964, 1.36307341387851, 7.640845333537271, 0.5937377314153025, 3.5958829511209274, 2.366296288560278, 1.6971323194689631, 10.367500169781962, 8.718314861067228, 3.494429158612924, 3.494429158612924, 3.494429158612924, 0.0, 0.0, 0.0, 0.0, 0.0, 0.0, 0.0, 0.0, 0.0, 1.2935693143156435, 6.100516732426055, 5.893051435159357, 0.7254978517180675, 0.5266599956519684, 0.13028868155181783, 1.7114377719679368, 0.5734215408984937, 0.06885255115611244, 3.1111798423240202, 6.028935460283037, 1.2084847196705368, 14.60052618551137, 17.35719692029187, 0.6471128504852857, 0.20327600181428807, 0.10644571531480551, 0.11556223059525905, 2.7845995274105917, 0.3364958162485294, 9.765189143983918, 3.37739374858387, 0.5959442265875339, 0.6907584859070539, 6.773246454694316, 5.3233519351329335, 0.691435990825056, 0.5800596547431098, 0.4678016124158262, 0.2893521041083318, 0.5705011547018444, 12.089145689361033, 10.15230085456264, 0.0, 0.0, 0.0, 0.0, 0.0, 0.0, 0.0, 0.0, 0.0, 0.0, 0.0, 0.0, 0.0, 0.0, 0.0, 0.0, 0.0, 0.0, 0.0, 0.0, 0.0, 0.0, 0.0, 0.0, 0.0, 0.0, 0.0, 0.0, 0.0, 0.0, 0.0, 0.0, 0.0, 0.0, 0.0, 2.6422739930860804, 13.370147859970402, 15.454508536023553, 3.9363075779657777, 9.889994930132872, 4.917667762716235, 1.6229907809195936, 1.2348685610284775, 0.17236522647101538, 5.017054580281595, 1.0487476763691745, 7.716109345347817, 7.6549901730710985, 2.6173385100691178, 0.13901277423636316, 2.037632999135269, 3.4040202357318208, 3.2296684623024277, 3.1797673970455946, 5.13954807611168, 11.312811821751012, 10.522802004899404, 0.0, 0.0, 0.0, 0.0, 0.0, 0.0, 0.0, 0.0, 0.0, 0.0, 0.0, 0.0, 0.0, 0.0, 0.0, 0.0, 0.0, 0.0, 0.0, 0.0, 0.0, 0.0, 0.0, 0.0, 0.0, 0.0, 0.0, 0.0, 0.0, 0.0, 0.0, 0.0, 0.0, 0.0, 0.0, 0.0, 0.0, 10.380981991238599, 11.145598055002267, 1.128677202554428, 6.670886225173803, 2.4486618575275543, 11.673396751497592, 2.056761149360696, 1.5295145427204915, 0.00045699162441792396, 4.32845287581479, 0.8334279380472367, 1.4977462940341582, 1.6480615202464435, 0.27291007717742843, 1.3819886207859042, 0.28765930916571847, 0.34604457925806287, 0.29415880139279693, 0.5074659218878281, 1.4759343780322496, 0.5734215408984795, 0.4353816700001971, 0.1727727548853153, 0.13722482789533785, 10.585833705194517, 14.255636852164969, 5.409897786538863, 3.2488939840564512, 4.131831790885883, 1.0984683896643332, 1.6091995199647045, 0.06387894986644937, 25.235467590212167, 11.318318889519787, 7.225317216750128, 2.815036171839921, 0.9628617167225144, 3.8935586886119893, 2.092315149937761, 2.842170943040401e-14, 0.4708255148438809, 0.1505469797823764, 0.15873599945541628, 0.43577367489064045, 3.6698183151036687, 1.9879447842159834, 2.0942348268795, 7.974221029662232, 8.21987404331928, 5.182434939641489, 0.26377651753156073, 2.811500149514792, 0.14247143114849337, 0.15868718380332325, 2.8115001495148064, 1.7583836126991983, -2.1316282072803006e-14, -2.4868995751603507e-14, 0.3324226358542042, 0.33242263585419707, 1.3405595074184617, 1.3405595074184475, 0.21580273899398605, 0.0, 2.60218828324156, 1.9951760506950933, -2.842170943040401e-14, 1.4009466503443946, 0.8773677165607054, 0.20216657715773323, 4.749537920945997, 15.3011875054424, 13.66964212149017, 3.1739135606176774, 8.311573927501342, 1.9932778682345713, 2.074376173431773, 0.11181761453093486, 0.11436145219931859, 2.0476938744687345, 1.7437446887474266, 1.7200867381932596, 0.7495523257002077, 3.0464986740229563, 0.09115936748710851, 6.200234842113204, 8.033082359731097, 7.32459762614387, 0.6990443006824165, 1.9379628376225568, 6.033315525349607, 9.833333453410944, 1.680194031360088, 1.100714373228584, 0.11650425025629829, 0.8237249866231764, 2.249116081354998, 12.873778070014964, 0.3545278588297265, 12.445182484913175, 0.7962120554614671, 3.2607656572502037, 1.4821231292634138, 3.110281046953304, 8.758010658750138, 9.64635724569277, 19.368980411453208, 1.1063704310579112, 3.658607676712194, 5.5890121628882525, 2.396561726078062, 3.2871296224902835, 11.606153546785663, 38.78611840405583, 41.13029825289726, 28.859478909470425, 42.561209701712215, 4.479373922074359, 17.406650298978462, 4.320825000846497, 3.8400225790320803, 14.63834556275097, 0.14964985588426316, 2.675088055658449, 22.176119208546652, 0.5020703790506218, 14.239056524589046, 4.322840075115181, 14.239056524588989, 2.2907975949656816, 7.177935818250091, 0.14453883594154604, 0.04063243985260101, 0.625110248944921, 0.13477109159765632, 0.01423582127051759, 1.379739664276542, 1.1982995150609952, 6.143863561437627, 2.173421903820156, 0.8501644141791189, 1.2088897219073687, 1.2229780578143163, 0.5393827812715557, 1.9454059961665138, 0.41407216731926155, 0.7941140748210103, 2.1004742976357704, 2.363552018123926, 1.842505461731193, 0.1042683227087764, 2.978692173744534, 0.3228665720085786, 6.794897199509421, 2.163026101556312, 11.330518373958029, 16.532463085875293, 4.451544345222231, 2.273611761232786, 7.3198799336568925, 0.2976848961725409, 2.8566809222714653, 2.7089097307146517, 1.0408983840797532, 0.0898597813826143, 0.5629519495519446, 0.27332264382758353, 0.38143706602426164, 2.366513174959323, 3.977872422933814, 13.118358255462283, 5.763645073780424, 18.750026162268256, 1.381053357494352, 9.518707667292176, 3.0236443316826183, 3.7209661402173424, 0.7980424764353131, 0.5225060401112387, 1.7651742661394678, 1.417367754306099, 1.056110301344063, 0.03991916679188989, 0.06392091320614668, 1.952529094415695, 1.1300895712377184, 4.4530340012855305, 3.77494050712761, 8.260290878895034, 2.222123532110686, 6.5559440990390385, 0.31897078790404976, 5.7999394666028365, 1.0367684217472686, 1.9593944097318854, 0.9497823630097031, 0.2992126604404035, 0.07464028929105382, 0.9626266251616471, 0.776413272946229, 1.6382480872180736, 0.572811863457531, 10.391905109109416, 1.6777462743881415, 21.132413079923282, 13.350770126177622, 0.2021665771577119, 0.8133843615639762, 0.8133843615639975, 0.22707314275710644, 0.45532732477546745, 5.259350669349715, 3.4847094563053105, 0.9838743808240196, 1.227602074677634, 0.16690336069113698, 0.4734420263810506, 0.2555384426840277, 1.3974172674636378, 4.437856848654235, 0.1551216762656651, 5.555161771101929, 0.7681551806067333, 2.2611335931171794, 1.4009466503443875, -2.842170943040401e-14, -2.1316282072803006e-14, 0.4369638210465254, 2.8115001495148064, 0.4151401885678183, 2.097774173297047, 1.2069893012530102, 0.22707314275711354, 0.22707314275710644, 1.0727211403417343, 0.22707314275709223, 0.3324226358542042, 0.3324226358541935, 2.8776584364572955, 3.961784247636629, 7.018665536921617, 0.5302642367472785, 10.146444656231054, 0.035805101108451254, 2.0407219521333957, 4.819369397081033, 2.842170943040401e-14, 1.5325359284352373, 0.10578318318374613, 1.6224570822827218, 1.2191155580684097, 2.943009562393314, 35.78354397909558, 14.51536641835176, 25.93535837919066, 42.89295620502958, 12.518772715116398, 0.24083472234659098, 1.3191927412204763, 3.1881981707249025, 0.38013357281674587, 2.845931836715579, 0.26230438816858737, 1.034623303900716, 6.906457268853757, 0.596774638534356, 10.234608317852292, 8.757047765873438, 0.472263596084602, 7.999402992847479, 7.4612246111986025, 0.3036407680648878, 10.652032510574557, 3.5242605296568854, 1.2571405101685116, 2.8324119472160874, 5.719947009228065, 7.248342340848978, 3.5348292536655777, 3.0190125494982283, 3.0460972455599347, 1.3012385745382744, 2.778354282807996, 3.872159487702021, 9.287021572241514, 0.7246640875907246, 0.07214736583213721, 1.832863142014844, 1.347454074722009, 8.186473371689289, 18.692640560302664, 17.661855624146853, 37.36715354441614, 13.332308902596878, 6.470648758763986, 3.9626587909196473, 0.8120656380578453, 17.054118327065936, 1.7832444455602001, 5.918273946221305, 2.0333837306232283, 2.884735615387399, 11.055166474133841, 4.0347837725130375, 14.736067419603728, 14.474838520083267, 3.5134945960837456, 1.5974275314593172, 2.9006363050907, 2.0740274501872875, 3.768680186661129, 2.0469009158777, 3.567804386149689, 6.0366395083518825, 1.4627059947476795, 3.002247934151896, 0.9620450104257259, 9.010737635450411, 9.735489230479274, 6.100516732426083, 10.31854870740274, 1.820032634445866, 2.5178783652039414, 2.0168428686783813, 8.932450821811472, 0.12720735311516762, 5.39546845698024, 3.81368843263391, 0.29900254202853205, 0.09800665255627905, 0.028848749360321335, 0.9095159843545417, 0.9616991889896411, 3.247637584299909, 4.790794269164536, 2.8115001495147993, 0.9305955460272912, 4.4190311809320235, 1.235351174953081, 1.425724411351709, 4.801240320436648, 0.38279291653886105, 0.6082919400644897, 0.31142421588603497, 0.6953604773302118, 4.2013380043959785, 3.8888431800082515, 0.45532732477546745, 0.8133843615639762, -2.842170943040401e-14, 0.22707314275709933, 1.126558311240231, 0.5441635299100582, 1.4276578998236502, 3.694844215071498, 4.64901965269577, 7.098366736555221, 1.6212214967304703, 0.4706655253735761, 1.0904101279134295, 5.180026963602188, 17.55293665757938, 0.8513893693555588, 9.29813712611849, 0.3525107186051173, 1.9577687525980423, 14.065071827855945, 2.0210364070646847, 6.011111608593723, 0.8062915785898781, 0.17084888844794932, 1.536821514703007, 2.8691134216223872, 11.612805843633296, 7.200013763575498, 15.432248469481749, 1.564785193160617, 0.9069910628664672, 14.14066390844036, 0.8481621831327288, 14.762460285033612, 1.1314106940091904, 1.2870114060700075, 13.905629955977247, 5.466712880210451, 12.657976958189394, 4.578868922223691, 0.10473739380702796, 11.838099156734017, 1.4543880890297203, 22.086548659821517, 0.12229669325600412, 8.443695360416456, 2.214550056689376, 0.5095764106775391, 2.219444839411949, 1.0500401934432944, 0.5999746456010939, 9.232745816635656, 17.822829948248682, 4.400973893948077, 4.493009982372854, 0.10401486135667426, 4.493009982372854, 0.3100755570979743, 1.4009466503444017, 4.301289815549893, 1.841317108355625, 8.092113230975983, 1.841317108355618, 1.9464750178353256, 0.36645676142279626, 0.8773677165607054, 0.4369638210465254, 1.29356931431564, 1.7583836126992054, 6.3059009392614485, 0.19174057136162048, 6.3059009392614485, 0.8773677165607054, 2.56713897855483, -2.842170943040401e-14, 3.7164600555698044, 4.419031180932016, 4.0083825544485165, 3.555421389234297, 1.0727211403417414, 0.3324226358542397, -2.4868995751603507e-14, -2.1316282072803006e-14, 6.165175402017923, 15.712831332389584, 5.3979470731825785, 4.619682044146231, 3.229987232338914, 4.009204176873112, 1.9087704533921226, 1.4018220008547928, 9.821782363858347, 6.368157000245105, 18.452918025934764, 1.3858967466315733, 2.1456037176690756, 11.282630113456463, 0.0016269138600364386, 11.29950072937541, 0.010661902213186636, 1.9479146434495362, 0.16841577751654313, 3.6335040810967314, 1.4207499129622363, 7.378730854969746, 1.6843630295603589, 5.166813318074304, 2.735295547002636, 4.872015075538542, 1.2637596724251523, 5.537692269227335, 3.7982088514388863, 9.613093347073544, 0.994913823070334, 8.937270616209382, 7.036673162516905, 1.4295364973375229, 11.878254794486324, 12.052198129315684, 3.1930227549403867, 9.077602760407103, 3.279169718491545, 1.4438042580565593, 0.9659690423530947, 19.737159259743777, 11.438047652392783, 28.771803656295987, 13.245471853531967, 11.951472167752655, 10.306214462898126, 0.0, 0.0, 0.0, 0.0, 0.0, 0.0, 0.0, 0.0, 0.0, 0.0, 0.0, 0.0, 0.0, 0.0, 0.0, 0.0, 0.0, 0.0, 0.0, 0.0, 0.0, 0.0, 0.0, 0.0, 0.0, 0.0, 0.0, 0.0, 0.0, 10.525094060217327, 14.976352323470849, 3.5202382312379825, 8.206838142289683, 3.3397287122531623, 10.075195891691308, 10.547206610974499, 19.594900183826383, 11.693667627294417, 0.09382000375529742, 4.100269446010969, 1.6684570799373546, 2.1595989283627546, 1.2330404973878046, 2.1194668988057117, 3.8659001656108103, 1.989865194754941, 1.0191786354852184, 5.492565680484574, 2.8444369018025384, 2.662245017435083, 0.7746679547702229, 10.11537203146284, 0.5340291939660631, 14.019463011422147, 5.137446778220863, 1.349892181793507, 1.9314558302618536, 3.1303455336568504, 20.276768941882892, 8.654267192528721, 16.29001100352474, 23.928615142050063, 0.9070582068981139, 25.28216573482746, 2.181071739339245, 27.277160920976712, 16.61227123959526, 10.535286758917024, 0.0, 0.0, 0.0, 0.0, 0.0, 0.0, 0.0, 0.0, 0.0, 0.0, 0.0, 0.0, 0.0, 0.0, 0.0, 0.0, 0.0, 0.0, 0.0, 0.0, 0.0, 0.0, 0.0, 0.0, 0.0, 0.0, 0.0, 0.0, 0.0, 0.0, 0.0, 1.2935693143156435, 6.04804869267684, 2.892314178199541, 6.048048692676847, 0.896644646159416, 4.301289815549914, 0.8773677165607054, 4.301289815549904, 1.29356931431564, 6.989733274377365, 6.9897332743773575, 3.122800012723644, 3.122800012723644, -2.842170943040401e-14, 1.0727211403417272, 0.3324226358542326, 1.0727211403417343, 0.22707314275710644, 2.6021882832415884, 2.3112009194411556, 0.5047851902662472, 2.128781854662762, 2.125636020999238, 0.20832967204188435, 3.5582497532997053, 12.456668931495088, 24.305751626392833, 6.8109052499631275, 2.8442927443905432, 3.6367166479191013, 0.17260090796477812, 0.4036398794704894, 2.760123088748088, 2.186242874344458, 1.4219400645397684, 2.305600599838897, 11.57986165925385, 0.22096912635835508, 15.562819413487063, 0.805046640575398, 0.41346582873447346, 0.9672672191681784, 1.3407611765794627, 3.960637433375666, 0.4649309716655665, 0.2137092690505824, 2.7708832060617397, 13.180080661079188, 2.8521401714602064, 4.361228325186602, 7.992665436518493, 18.617476324644173, 2.093886145190396, 6.170969259098939, 2.271046228581042, 5.6219850507810065, 2.788735776305913, 3.8275986293437683, 9.835053669771838, 0.07672166196272912, 13.368610989997933, 2.028624955110132, 1.5919967235333274, 1.5454390999188519, 0.1103638600194472, 0.6419879788652594, 0.16517196277484913, 0.8139669891242676, 0.9442667565205625, 4.03423690751427, 0.5591805898607731, 1.23525205734461, 21.947389377965848, 31.570018660905134, 10.189418287311753, 6.017419177158331, 9.615902717916299, 1.525330703578561, 5.169036276349914, 2.368517449622857, 19.334957998065647, 13.353441133029946, 4.188085231212483, 2.0673204846225985, 3.9785418113282276, 4.263256414560601e-14, 0.2177619431153346, 10.372220104353602, 3.47688571796769, 28.822652055198887, 20.199257657075293, 17.55199162320173, 29.557360229369806, 5.108940122463082, 1.2673389548560294, 3.6787574974327413, 12.783393728061014, 14.26321189724166, 6.678951841155083, 8.207013916015114, 27.990130576543606, 20.85140919959838, 26.40245544832291, 3.6566388088372435, 5.934783256971713, 13.366787989872847, 0.6932985040257051, 2.201264224359676, 1.9645532291133918, 7.787576685753379, 3.219558668744071, 0.9841696946129446, 4.097851427017588, 21.761473601161526, 23.380894291218027, 0.46979269873489216, 14.940408718776752, 3.596306844986387, 0.10473739380699953, 1.0898896640572957, 3.5237894224271713, 2.862952218790042, 1.2059877350436636, 3.6626569117698295, 4.505660260942761, 11.625768140525395, 8.262440653385056, 2.82718398174444, 11.787451330105227, 19.10303120763757, 3.6868703472855486, 24.205468011305186, 18.719330553890074, 5.405494973710233, 13.383646540278818, 0.689966239117382, 2.311256049882047, 1.969764097064342, 5.4977474878709245, 5.582593387980978, 0.5790917521885746, 0.9126219948528274, 8.778675987819355, 6.477655929291501, 2.1981463806150714, 8.851823294246401, 2.253046897431318, 11.494390760248876, 1.5542046649608778, 1.8147158003893367, 0.4529586704402675, 1.1936577472888246, 10.725553942454056, 13.56246321285063, 8.520244420244723, 2.724868777033606, 4.041465105514291, 0.7913282544986373, 5.900740247288496, 3.2182667897338035, 7.510863050272128, 6.048048692676847, 0.0, 0.0, 0.0, 0.0, 0.0, 0.0, 10.234155864663428, 10.01327258544326, 1.179587196251589, 5.381010475493639, 3.458464403252094, 1.079985359529303, 10.236944057408124, 15.514847171617703, 7.831323150304684, 6.35170541690556, 26.036101010279936, 0.0002376197577405037, 16.42672158020565, 7.2940317691885355, 0.658915858046953, 7.583135735783912, 0.02652762983825596, 4.6610510231749345, 2.425512432893356, 1.2304388988030723, 0.13636103473760386, 3.0194873576701866, 1.7364582605024452, 10.997986176936308, 3.4181610153001145, 15.937564436197277, 0.04801363183457852, 7.9583629693663624, 4.638084595397601, 10.51813020003135, 1.4228109109225215, 9.553226658942123, 5.759896596940507, 0.5771315877258303, 6.7553421525324495, 4.16483339866042, 0.22287118935761896, 0.25375595513347093, 0.010504659126695515, 0.9701779659884835, 2.1342291618515787, 7.277860866912988, 3.097826657575382, 6.5293735938700195, 3.8324123211116614, 0.060303981326370604, 6.8106956222611075, 14.945348422764567, 13.239200979133614, 20.70411200039294, 8.77693188487629, 0.4140567725936535, 21.83760532783259, 8.522725972533038, 0.09226151628283219, 4.54071395414806, 6.774894589974224, 2.4393711689482416, 1.4557405662151268, 2.832493668153802, 0.9338480696187048, 1.3944830309202416, 4.817973302349742, 3.1513601248965983, 11.485157428121454, 23.36104346691633, 1.2222970692728836, 20.234130552676447, 13.012217135652122, 2.613274217677997, 1.9887605136654543, 0.020432721930433217, 2.953371756257411, 5.759588841077118, 8.242102128354531, 10.74623354038647, 10.536038736652316, 0.0, 0.0, 0.0, 0.0, 0.0, 0.0, 0.0, 0.0, 0.0, 0.0, 0.0, 0.0, 0.0, 0.0, 0.0, 0.0, 0.0, 0.0, 0.0, 0.0, 0.0, 0.0, 0.0, 0.0, 0.0, 0.0, 0.0, 0.0, 0.0, 0.0, 10.704651229095575, 12.24375541242189, 0.2593560475725383, 7.022827400367191, 1.0066397400901081, 11.894216420214988, 6.509576807952698, 5.95575282217996, 1.2396331528087217, 2.937466942246374, 1.7658226790521212, 5.315091047906208, 1.9409338648368646, 2.7603123671610206, 1.2437563558560214, 0.10398660415017957, 3.7271921698795722, 6.270628834027406, 0.42158822748436364, 0.5128999642824397, 0.7170299097316217, 1.1533875311081374, 12.148912680908893, 8.277542031738847, 14.671213957738757, 6.488602263320473, 1.9746555157030343, 3.349767891917338, 0.026224281409454875, 0.028926641665293573, 2.485004311863264, 1.7033933431782344, 0.5545674560671614, 2.6269957546885507, 0.7731379749648113, 1.9501952240569693, 0.20152032458497615, 0.5800596547430246, 5.250681821022624, 4.766104872068354, 1.27626066556806, 1.1772584119300973, 0.6431192488229271, 0.39557477957706055, 0.43459144700409524, 1.2528619403651646, 0.5323660145844826, 4.9415492194001445, 3.411546787962749, 0.08363692678085499, 1.883656311467405, 0.4021741843571931, 0.27409913683075615, 5.44900026805243, 4.528224644489683, 6.356422616544478, 3.4286656142377296, 10.513796479325634, 1.0591860848219312, 1.0212206809740394, 2.4802875056203675, 4.663139744541297, 5.60674098561357, 0.10215495364751348, 5.89717512337478, 4.707508573412497, 0.3933831314928682, 8.850825281441928, 2.161848692499376, 0.9046227424459516, 11.104870464404073, 2.9434472218420353, 10.563239608243322, 2.881164448201318, 1.6422827007523466, 0.7826755769254135, 8.185523565748042, 1.946655294900978, 1.7772390579565922, 0.3454545229957091, 2.802805435489006, 1.4081310367379558, 0.660594686822094, 10.690335460484533, 9.101860312703849, 0.962587483974545, 14.683776438689335, 3.465785259541093, 1.9570258501476872, 0.7070213867462769, 2.424843327618504, 0.28153147427099157, 3.902559309927227, 0.46191251304789205, 0.38057120473936834, 1.5164709582303715, 0.8338908394037219, 2.2700910155515146, 0.5925087383753294, 0.23255529513718898, 1.8574154825603841, 7.386034348735109, 0.8768788643492371, 30.1105241821262, 5.565954918332807, 5.4429069838136, 6.752329054655945, 3.0238681730862425, 1.656705124992044, 3.44518249998319, 9.102018663510847, 8.374614155189363, 0.9943612816878158, 2.194455328496005, 0.8599266067565168, 2.737646163611913, 11.394562579186527, 0.8503632050946806, 0.4387359992587676, 1.0923156768750744, 2.2984167000226705, 0.6410942829099895, 0.7598960862524109, 6.9626167065197535, 4.215366512125513, 1.1389816007448417, 2.3390130692821174, 2.7668820714201274, 1.4306002754813107, 4.06490273023195, 4.546605950194248, 4.60136959710394, 0.1844701402159643, 3.856738336783195, 0.7326586774960617, 1.3466692557616966, 0.7040640663159934, 0.3453138298217766, 2.782021400219435, 14.377631287050036, 6.269500247983274, 4.80802535308564, 10.191910523143633, 0.031855678835654544, 12.894945535893584, 11.833237660656465, 2.882747453028287, 17.108954147806372, 13.612388650996394, 7.0397806153031866, 1.0455524234178313, 3.3427701840209068, 10.143425135143644, 2.47105046314212, 0.45966733108963354, 0.2176557077552843, 0.7363766677235049, 0.917995204043109, 1.7818709506344135, 2.3442534811809423, 3.5301634863499203, 8.732422110664714, 2.6023934838001708, 3.0890891224838413, 10.37469255968145, 0.9572508319436679, 13.289985598497651, 23.91946164952074, 1.1832057517684689, 10.112555698912814, 2.3972143408046236, 3.6259308191135915, 1.8470118695607312, 19.863974352542613, 2.0159936193949477, 8.497627875777198, 11.293185133997369, 0.31488034870096726, 10.532095506677862, 2.371822168867631, 0.016376871614085076, 0.9046545976328844, 9.866727234185987, 3.0940635291024137, 0.5523505669247726, 4.4942172642264495, 3.360482692409292, 1.7662559620704315, 2.7574219638038926, 0.4724904638449061, 1.3116017309268528, 0.1758976602239244, 0.6805555063182425, 0.1629569100105286, 0.01048575702617427, 2.999971369592302, 3.0144023485498934, 3.2403180728067724, 2.2557404252557944, 0.21740117332471698, 1.6047118295643514, 3.02450828476276, 1.6964108510852753, 4.550909576180587, 1.8939031657401273, 0.31959740800579084, 3.5364928098326516, 6.3037952451037285, 5.577555568768702, 3.717045771032957, 0.9453727657946871, 3.9526732766617556, 1.0540488213698609, 4.7547809978309346, 4.186349814719964, 0.0, 10.458894179968219, 10.486133339543741, 0.1404634054779308, 5.587107002300684, 3.0973763940619676, 9.764596692438857, 2.284145012485169, 10.290392457119673, 3.1340872674484928, 1.2261619533392007, 0.77549416222503, 4.200593531862609, 0.8852751512560104, 11.668885806665656, 4.6086641002732875, 6.879734524954543, 0.898803968159541, 0.311931556524911, 2.3335704907807155, 2.2751169106439164, 1.3482541858600428, 0.2688607667620744, 1.7350364193929124, 1.0739252772879695, 4.868098250275608, 2.0340543358217076, 5.2508510759305125, 10.29303990269193, 10.45120132379941, 0.6269072430387581, 8.404223937377239, 7.312221693320815, 0.0, 0.0, 0.0, 0.0, 0.0, 0.0, 0.0, 0.0, 0.0, 0.0, 0.0, 0.0, 0.0, 0.0, 0.0, 0.0, 0.0, 0.0, 0.0, 0.0, 0.0, 0.0, 0.0, 0.0, 0.0, 0.0, 0.0, 0.0, 0.0, 0.0, 0.0, 0.0, 0.0, 0.0, 0.0, 0.0, 10.420451826804637, 11.210502655907689, 0.8459038192268764, 7.808378002796957, 1.993222721157963, 9.546209355096863, 8.279912996553577, 1.0610094547764817, 1.4194644699755656, 0.008591784667999036, 1.6608066843418499, 7.388389341367429, 17.311370477307406, 0.48027923249702553, 20.621829913908257, 21.630744986871548, 6.91543707793646, 12.814684785087508, 5.193905897300056, 2.3130768377523054, 7.909015070108637, 19.971649543578764, 10.491482134280744, 0.0, 0.0, 0.0, 0.0, 0.0, 0.0, 0.0, 0.0, 0.0, 0.0, 0.0, 0.0, 0.0, 0.0, 0.0, 0.0, 9.73548923047926, 10.123313606138417, 0.13675626544127795, 9.619542936120041, 6.414902910090838, 4.031402191054752, 19.973942953101556, 17.22964385727775, 3.484898533503724, 1.834896119405073, 20.748825757476084, 0.6661287789094956, 14.586032378803083, 2.8937476811427985, 3.0213504392981463, 1.1461416207746709, 5.7318928406604215, 8.317221753815872, 4.844857168880409, 8.321774579359158, 1.461182368055205, 4.736030342221454, 2.1467194047526164, 1.0763563967305743, 9.505722317872099, 11.218536980317424, 7.8286803825372715, 0.0, 0.0, 0.0, 0.0, 0.0, 0.0, 0.0, 0.0, 0.0, 0.0, 0.0, 0.0, 0.0, 0.0, 0.0, 0.0, 0.0, 0.0, 0.0, 0.0, 0.0, 0.0, 0.0, 0.0, 0.0, 0.0, 0.0, 0.0, 0.0, 0.0, 0.0, 0.0, 1.2935693143156435, 9.735489230479267, 7.849751676524065, 1.4031922956786502, 0.8486279529330432, 14.261027129431426, 11.56899865263658, 1.4693167209827322, 0.9838743808240054, 0.38013357281670324, 3.1017454811454996, 0.6332496645288117, 0.061067952434640915, 0.06106795243464802, 3.4944291586129204, 0.4896009617921422, 5.113709340696122, 5.113709340696122, 0.0034395751776870043, 7.312221693320826, 7.105427357601002e-15, 1.428241948105068, 0.4773961104907798, 0.6603840980727966, 1.4693167209827322, 2.551994306900582, 0.26230438816858737, 2.845931836715579, 3.5516460497888858, 0.20216657715771902, 5.981456193404227, 5.633582929318358, 5.389772557853668, 7.785708280686535, 0.5441635299100369, 0.5974463416566067, 0.8773677165607054]
theta_global: 5.0
window_size: 50, overlap: 0.5, threshold: 3.0
