distance,median_nonzero,std_nonzero,count_nonzero
0,2.0,10.944281692299358,393.0
1,3.0,12.309204372672285,656.0
2,2.0,12.949091638803102,680.0
3,3.0,13.767742761278642,676.0
4,3.0,12.696091465750703,643.0
5,2.0,12.948386994593012,639.0
6,3.0,12.582687585597036,664.0
7,3.0,12.972134298970285,659.0
8,3.0,12.12427455315394,677.0
9,3.0,12.108690562011002,672.0
10,2.0,13.19205626333378,676.0
11,3.0,10.8966040367033,702.0
12,3.0,11.21854310407568,713.0
13,3.0,11.257724814939774,689.0
14,2.0,13.324289870915008,712.0
15,2.0,12.159891022155719,653.0
16,3.0,11.572480394022163,645.0
17,2.0,12.902685914737908,648.0
18,3.0,12.892968360205494,684.0
19,2.0,12.791045051346286,703.0
20,3.0,11.845505643765435,675.0
21,3.0,13.210724830124784,684.0
22,2.0,11.751174489722738,683.0
23,2.0,13.078697084396005,661.0
24,3.0,11.530859012782049,639.0
25,3.0,13.67516645428181,665.0
26,2.0,10.779964384374969,631.0
27,3.0,12.184117459052308,688.0
28,2.0,12.820204971153643,704.0
29,3.0,11.207327521279032,731.0
30,2.0,12.541446938031193,693.0
31,3.0,13.681640801766092,754.0
32,3.0,12.697891874053642,686.0
33,3.0,12.591658805186807,739.0
34,3.0,12.4284370459147,718.0
35,3.0,12.946649224630734,740.0
36,3.0,11.76673907487322,703.0
37,2.0,12.582779656911093,757.0
38,3.0,12.75236870658204,711.0
39,3.0,12.78214322239413,737.0
40,2.0,14.49932439120591,705.0
41,3.0,12.878974581972802,725.0
42,3.0,13.516546699749473,741.0
43,3.0,13.315365394798215,794.0
44,4.0,12.681948439684787,772.0
45,3.0,12.652836701493728,770.0
46,3.0,12.836590865264599,782.0
47,3.0,13.206214726154807,806.0
48,3.0,12.757784787661645,761.0
49,3.0,12.640018770809347,781.0
50,3.0,13.251088672752118,790.0
51,3.0,13.282337746511983,853.0
52,3.0,12.67678595653849,838.0
53,3.0,14.191188066039718,872.0
54,3.0,14.2814990455509,883.0
55,3.0,13.093823120033406,803.0
56,3.0,11.768156292024802,838.0
57,3.0,13.325673863897693,761.0
58,3.0,14.948713865919139,769.0
59,4.0,14.497817631870367,738.0
60,4.0,14.518390814830425,798.0
61,4.0,14.39035255777407,794.0
62,4.0,13.770607841427568,816.0
63,4.0,14.296816988457385,816.0
64,5.0,14.7416845467855,831.0
65,4.0,14.386854733282274,754.0
66,4.0,14.451898706002845,788.0
67,3.0,14.08595963168891,721.0
68,4.0,14.844786429859202,719.0
69,4.0,14.536312479081268,783.0
70,4.0,14.954292748189133,724.0
71,4.0,14.751793195528098,737.0
72,3.0,13.644314320787412,732.0
73,4.0,13.745916334460613,766.0
74,5.0,16.431117503502023,730.0
75,4.0,15.239055942466164,760.0
76,4.0,15.498873108638007,623.0
77,4.0,13.89519041602264,642.0
78,4.0,14.495678120796905,590.0
79,5.0,13.268658230352507,581.0
80,4.0,13.714758835196104,575.0
81,4.0,14.7178311836654,517.0
82,5.0,15.779965150319493,533.0
83,5.0,13.83087390419897,497.0
84,5.0,16.694316811087702,487.0
85,5.0,15.315259608327079,482.0
86,5.0,15.457365731516287,443.0
87,6.0,15.896527712502829,413.0
88,6.0,16.287540529185453,408.0
89,5.0,15.810210813188002,377.0
90,6.0,18.093046811493632,396.0
91,4.0,15.469260699855255,354.0
92,5.0,16.987127830929772,324.0
93,6.0,15.996748753917803,351.0
94,7.0,15.607669203262173,308.0
95,5.0,14.495621143296646,300.0
96,6.0,15.84087426569847,329.0
97,5.0,15.370939865803033,323.0
98,6.0,16.318353649135318,278.0
99,6.0,14.684846387690534,283.0
100,6.0,17.002798450114753,246.0
101,6.0,18.489563458095184,252.0
102,5.0,15.080965520942637,238.0
103,7.0,17.24348610089404,231.0
104,6.0,16.083293363997782,224.0
105,6.0,15.514747587874918,236.0
106,6.0,17.53831168654658,247.0
107,7.0,15.907033313098692,217.0
108,7.0,16.827104848117077,212.0
109,5.0,16.06896259965795,221.0
110,7.0,16.877393918945625,216.0
111,5.0,14.747576941349571,196.0
112,6.0,17.50637638935351,225.0
113,5.0,15.086343671119538,180.0
114,5.0,14.915560097307738,194.0
115,7.0,16.329219591049064,171.0
116,5.0,16.113025183805536,151.0
117,6.5,14.569400448435085,168.0
118,5.0,14.795726803021903,155.0
119,5.0,16.12128638220865,183.0
120,5.0,14.330013650783595,154.0
121,6.0,17.832123263276348,152.0
122,6.0,14.650515783047274,137.0
123,5.0,15.071069731679394,176.0
124,7.0,14.586009629136935,146.0
125,4.0,15.423055878801009,137.0
126,6.0,15.694128335271417,118.0
127,8.0,16.851983155553253,148.0
128,7.0,14.928415794910515,118.0
129,5.0,14.04374731721122,125.0
130,4.0,15.570450128082033,142.0
131,6.0,16.100693253159104,100.0
132,5.0,13.591776353345404,115.0
133,5.0,13.738142319818088,107.0
134,5.0,16.055577472433402,110.0
135,5.0,15.837210142127645,97.0
136,3.0,14.61141731874364,117.0
137,5.0,16.201834457119666,85.0
138,6.0,15.383159243041096,88.0
139,4.0,17.30623820087772,84.0
140,4.5,17.230974394354266,88.0
141,5.0,14.363812207196094,90.0
142,5.0,10.702174063262348,73.0
143,4.0,15.048348008262494,81.0
144,5.0,13.70846837772761,76.0
145,5.0,15.75704013212793,69.0
146,6.0,17.179504293259694,72.0
147,7.0,17.136694142954262,73.0
148,4.0,13.61320488787807,66.0
149,6.0,14.439638426731358,76.0
150,3.0,11.168098497534526,80.0
151,5.0,17.23823314692227,63.0
152,4.0,11.886040808515462,60.0
153,4.0,11.951486190653776,69.0
154,5.0,16.489805842264595,54.0
155,4.0,12.818493496125202,49.0
156,3.0,13.1780094346579,55.0
157,6.0,10.775151790294933,56.0
158,5.0,13.813977487529579,56.0
159,4.0,13.506145339993632,44.0
160,5.0,14.551589152637863,57.0
161,4.5,5.768492888448562,50.0
162,6.0,11.821284234073765,55.0
163,4.0,14.299848642260292,52.0
164,7.0,14.220283620060737,47.0
165,4.5,13.022441182780375,40.0
166,4.0,11.719511029710677,50.0
167,5.0,16.468660904273605,57.0
168,4.5,15.76713191990198,50.0
169,4.0,10.410627234719813,46.0
170,6.0,17.897945864411742,57.0
171,4.0,10.856093409109375,47.0
172,6.0,19.198304663714044,51.0
173,7.5,14.24942044739647,44.0
174,4.0,11.705873916276529,44.0
175,3.0,13.399855314479318,49.0
176,5.0,18.29994002389212,41.0
177,5.0,14.173131607886381,48.0
178,8.0,13.408112624219832,44.0
179,4.0,18.94241575696858,39.0
180,6.0,19.52205783136622,43.0
181,12.0,13.638736047293456,32.0
182,10.5,14.289318226725005,26.0
183,5.5,15.993414723445682,32.0
184,6.0,17.8145340896502,39.0
185,4.0,15.129913605645134,36.0
186,7.5,24.94616306555789,34.0
187,2.0,12.753513274401532,35.0
188,10.0,17.90288053116401,45.0
189,7.0,14.61657118567164,32.0
190,5.0,11.424416275418302,48.0
191,6.0,20.62273738613032,37.0
192,9.0,19.014059371462807,35.0
193,4.0,12.57608666737284,42.0
194,9.0,12.454284218785874,30.0
195,3.0,16.613064209802612,41.0
196,6.0,15.138074194645126,32.0
197,4.5,15.002465632174042,34.0
198,5.0,20.07872762478497,33.0
199,5.0,13.431877105626198,32.0
200,7.0,21.719255291564856,35.0
201,4.0,16.4092158737521,31.0
202,3.0,16.87997962443119,33.0
203,8.0,13.5541659654795,23.0
204,6.0,13.741625015423617,31.0
205,9.0,17.47484965229659,27.0
206,4.0,10.457459806686593,28.0
207,9.5,15.960268128391787,28.0
208,6.0,21.793220148579337,37.0
209,7.0,11.355852438957836,26.0
210,8.0,11.72854262562967,33.0
211,5.0,13.54672779648631,23.0
212,6.0,14.300699283601487,25.0
213,14.0,18.22329056697278,27.0
214,5.5,8.03846273343872,22.0
215,4.0,24.593843596663433,29.0
216,4.0,10.588515791491586,16.0
217,3.0,14.9706225732227,30.0
218,5.0,12.903220661845472,30.0
219,4.0,9.471955907728281,27.0
220,6.0,14.759817639414402,29.0
221,6.5,13.800968584522165,32.0
222,4.0,14.595335197377604,22.0
223,5.0,11.800371539612913,29.0
224,6.0,15.135488229739044,23.0
225,6.0,10.00499875062461,21.0
226,12.5,13.743796928905363,30.0
227,6.0,14.104817880635236,22.0
228,4.5,9.96840246072798,28.0
229,3.5,5.5088861021949365,24.0
230,5.0,13.041455819519271,31.0
231,8.0,12.047342509386105,26.0
232,9.5,17.456336505994784,20.0
233,1.5,7.30726377627795,22.0
234,5.0,14.86571470479003,20.0
235,7.0,14.30302998202362,25.0
236,1.0,11.591963870441727,14.0
237,4.0,11.278835099961396,22.0
238,5.5,11.650829587001926,18.0
239,5.0,11.659657758597337,21.0
240,2.0,18.04996314651759,19.0
241,1.5,5.510833062772964,18.0
242,2.5,17.924751136255797,14.0
243,4.5,21.530658700310678,22.0
244,3.0,18.88284683944412,21.0
245,8.0,14.354674035542104,25.0
246,7.0,17.25087222700906,27.0
247,3.5,23.254846350554086,12.0
248,9.0,15.646298816866135,25.0
249,3.5,20.31073961703142,18.0
250,5.0,8.31768137941168,17.0
251,5.0,15.701388372941569,23.0
252,2.0,4.963104982487644,23.0
253,5.0,21.49481737333545,24.0
254,3.0,16.784837480022535,13.0
255,6.0,15.84297951775486,12.0
256,5.5,15.252405369816834,24.0
257,5.0,11.499999999999998,17.0
258,4.0,21.56601663713245,22.0
259,5.0,14.246697141676043,23.0
260,17.0,21.198958307740813,16.0
261,6.0,15.742258842056067,19.0
262,5.0,20.192159868575295,23.0
263,10.0,23.36050423031868,20.0
264,5.0,17.833374323612507,19.0
265,7.0,15.596473960482221,17.0
266,7.0,20.646000894632753,17.0
267,8.0,16.194340575233888,25.0
268,6.0,11.718930554164631,27.0
269,3.0,9.192129138302947,15.0
270,10.5,17.159545448525144,20.0
271,2.5,16.251294568845854,18.0
272,13.0,17.803667830963768,17.0
273,10.0,16.72690867088747,20.0
274,7.5,20.22510679959305,14.0
275,12.0,16.070373890984847,23.0
276,9.0,15.7350987710066,25.0
277,9.0,17.399160015091798,13.0
278,8.5,8.238797107453113,10.0
279,6.0,30.25309901481169,17.0
280,13.0,28.94508907946531,12.0
281,4.0,20.04847925573998,19.0
282,7.5,17.930603334737857,18.0
283,2.0,18.18912984297062,10.0
284,3.0,17.413230264235704,17.0
285,11.0,19.330459556530634,13.0
286,17.0,11.54367403630275,13.0
287,2.0,16.196764023568562,14.0
288,11.0,13.895715494025813,11.0
289,3.0,12.874642140906683,13.0
290,15.0,23.672769166280485,15.0
291,2.0,11.901913945057558,10.0
292,5.0,11.424322803350382,12.0
293,17.0,22.404293806152,15.0
294,9.0,22.74914964397152,15.0
295,7.0,17.95195608485959,11.0
296,6.0,11.943241839677603,13.0
297,1.0,5.908025211926732,7.0
298,12.0,15.000606048362906,11.0
299,7.0,10.000909049590534,11.0
300,5.5,6.683312551921141,6.0
301,4.0,10.685400216078843,10.0
302,15.0,27.91415411578864,5.0
303,7.0,15.985236244040241,9.0
304,2.5,4.621378891320518,8.0
305,2.0,14.759177935553637,10.0
306,4.0,15.570951976502444,11.0
307,10.0,17.609365223929668,13.0
308,17.0,12.944637359294248,11.0
309,2.5,16.473088276417307,14.0
310,6.0,10.038109202615619,11.0
311,8.0,12.023785950000464,7.0
312,6.0,21.036957275912584,8.0
313,6.5,7.288499312082167,10.0
314,9.0,6.064468466220084,9.0
315,16.0,21.78625772456173,13.0
316,3.5,3.8686776379877745,6.0
317,10.0,22.532199182503245,5.0
318,8.0,16.277943007991784,15.0
319,22.0,13.986387940388598,7.0
320,11.0,29.605742686174924,8.0
321,5.5,9.364637129725239,8.0
322,19.0,14.19731088494002,11.0
323,17.0,14.436695668267784,11.0
324,18.5,18.565200420859092,6.0
325,7.0,6.621124203206409,8.0
326,5.0,13.845467478455529,12.0
327,7.0,11.389788089656134,12.0
328,4.0,8.724964183307574,8.0
329,8.5,20.512597755200744,10.0
330,7.0,15.283043825476275,15.0
331,7.0,5.27347359996462,7.0
332,3.5,21.100026329630754,10.0
333,21.0,26.870057685088806,2.0
334,21.5,24.92566727068483,10.0
335,7.0,23.871306745008443,8.0
336,2.0,11.82813433744992,7.0
337,6.0,22.16303228351211,5.0
338,16.0,16.630436812406,7.0
339,18.0,14.946571513226704,11.0
340,7.0,15.293945269444437,7.0
341,2.0,30.917003592054503,9.0
342,6.0,12.103718436910205,5.0
343,37.0,23.56551152284485,7.0
344,6.0,9.633769968684316,7.0
345,5.0,11.26863535913479,8.0
346,13.0,38.785736209763165,3.0
347,3.0,11.465891446663303,6.0
348,3.0,23.52398303386945,10.0
349,9.0,14.04414807804643,7.0
350,4.0,28.558711455526144,6.0
351,25.0,18.23458252881047,5.0
352,12.5,29.57194616524249,8.0
353,12.0,15.508062419270823,9.0
354,5.5,3.4121631178560534,8.0
355,25.0,27.131952696826986,7.0
356,10.0,12.311434870535138,7.0
357,8.5,9.282600210429546,6.0
358,14.0,20.24022397768035,7.0
359,13.0,15.159469773363574,7.0
360,10.0,13.114877048604,4.0
361,14.0,19.661419800498347,7.0
362,6.0,14.89966442575134,7.0
363,14.5,12.890565025113007,6.0
364,17.0,11.696560340951685,7.0
365,5.0,5.418589402336286,9.0
366,21.5,13.125039682479695,6.0
367,15.0,14.514360704718161,7.0
368,14.0,12.733532783279632,7.0
369,6.0,4.3094580368566735,7.0
370,3.5,5.636192568273964,6.0
371,7.0,9.884050002121825,9.0
372,19.5,14.406437954798353,12.0
373,5.0,15.456544306692939,7.0
374,4.0,13.316656236958787,7.0
375,7.0,23.194827009486403,5.0
376,4.0,13.311440359496956,9.0
377,7.0,10.697871023920808,9.0
378,10.0,13.391539617733779,7.0
379,7.5,20.566963801203133,4.0
380,7.0,14.556948921555023,7.0
381,4.0,11.5554220077753,9.0
382,3.0,17.469974241537965,5.0
383,6.0,10.115993936995679,3.0
384,9.5,11.96104789166345,6.0
385,6.0,28.79756934187328,5.0
386,3.0,3.723797345005051,6.0
387,4.0,10.691117808723275,5.0
388,11.0,6.58027355054484,5.0
389,7.0,23.089499778037634,8.0
390,5.0,14.508618128546908,8.0
391,1.0,5.159365040297849,7.0
392,16.5,12.952477240538455,6.0
393,7.0,12.983223889469924,13.0
394,3.5,5.576737397439475,6.0
395,3.0,9.539392014169456,3.0
396,4.0,22.645087767549057,5.0
397,2.0,3.9370039370059056,9.0
398,2.0,12.103718436910205,5.0
399,2.0,23.01303978182804,6.0
400,2.0,17.415510328439993,5.0
401,11.0,13.339879345495632,7.0
402,4.0,12.577758146824099,5.0
403,2.0,23.407263829845643,6.0
404,7.5,11.933596033288302,8.0
405,15.5,25.826343140289914,4.0
406,5.0,31.817186131607134,3.0
407,5.5,13.029453813060112,6.0
408,2.0,13.31540461270329,5.0
409,1.0,0,1.0
410,6.0,1.6431676725154982,5.0
411,8.0,14.404860290887934,5.0
412,7.0,3.605551275463989,3.0
413,9.0,27.689348132449776,5.0
414,5.0,8.958236433584458,4.0
415,45.0,29.644561052577586,5.0
416,2.0,4.272001872658766,4.0
417,7.5,24.331050121192877,6.0
418,6.0,7.0710678118654755,2.0
419,1.0,0,1.0
420,7.0,9.746794344808963,4.0
421,10.0,11.313708498984761,2.0
422,18.0,22.842942017174583,5.0
423,10.0,19.30543964793343,5.0
424,2.0,9.833615815151617,5.0
425,8.0,21.07921567168317,3.0
426,3.0,8.414273587185052,5.0
427,2.0,0,1.0
428,12.0,15.556349186104045,2.0
429,24.5,34.389921004077145,6.0
430,8.0,12.192894105447921,4.0
431,6.5,3.5355339059327378,2.0
432,8.0,5.507570547286102,3.0
433,4.5,0.7071067811865476,2.0
434,4.0,19.39931270260195,3.0
435,1.0,0,1.0
436,7.5,4.949747468305833,2.0
437,10.5,3.5355339059327378,2.0
438,6.5,6.363961030678928,2.0
439,33.0,22.627416997969522,2.0
440,16.5,21.920310216782973,2.0
441,21.0,28.284271247461902,2.0
442,11.0,9.146948489341495,4.0
443,4.0,0,1.0
444,8.0,0,1.0
445,15.5,30.468016016800306,6.0
446,7.0,4.031128874149275,4.0
447,11.0,28.825625173908488,4.0
448,16.5,13.905634349668004,6.0
449,14.0,34.69389955981695,4.0
450,15.0,22.715633383201094,3.0
451,12.5,7.58836829188814,4.0
452,6.0,8.144527815247077,3.0
453,12.0,11.4418821295566,4.0
454,20.0,11.313708498984761,2.0
455,25.0,22.425803590209796,4.0
456,9.5,8.959233066666876,8.0
457,24.0,4.242640687119285,2.0
458,34.0,32.526911934581186,2.0
459,15.0,10.750968948580091,4.0
460,14.0,19.697715603592208,3.0
461,18.0,10.503967504392486,3.0
462,5.0,11.930353445448853,3.0
463,2.0,19.924858845171276,3.0
464,36.0,7.0710678118654755,2.0
465,35.5,24.748737341529164,2.0
466,14.5,0.7071067811865476,2.0
467,6.0,6.110100926607787,3.0
468,28.0,28.194266556636414,4.0
469,2.0,1.4142135623730951,2.0
470,17.0,0,1.0
471,4.5,4.665476038590989,6.0
472,14.0,15.7797338380595,7.0
473,21.5,27.577164466275352,2.0
474,3.0,6.8044103344816,5.0
475,68.0,0,1.0
476,1.0,24.653600142778334,5.0
477,12.5,7.14142842854285,4.0
478,25.0,17.25688268488837,5.0
479,26.5,19.017535767461215,4.0
480,5.0,4.112987559751022,4.0
481,12.0,6.082762530298219,3.0
482,16.0,25.459772190654025,5.0
483,4.0,16.300306745579974,5.0
484,9.0,20.710303393882636,4.0
485,16.0,10.559356040971437,5.0
486,52.0,22.627416997969522,2.0
487,37.0,6.027713773341709,3.0
488,35.0,18.77054430040145,3.0
489,4.0,3.605551275463989,3.0
490,35.5,31.62672920173694,4.0
491,1.0,0,1.0
492,58.5,28.991378028648448,2.0
493,17.5,1.632993161855452,6.0
494,4.0,1.5811388300841898,5.0
495,4.5,4.949747468305833,2.0
496,23.0,15.968719422671311,4.0
497,13.5,20.575065816014618,4.0
498,6.5,7.7781745930520225,2.0
499,2.0,0,1.0
500,8.0,9.5236547606473,5.0
501,53.0,39.59797974644666,2.0
502,32.5,43.1335136523794,2.0
503,5.0,5.656854249492381,2.0
504,5.0,8.32666399786453,3.0
505,24.5,14.479871085982314,4.0
506,19.0,6.429100507328637,3.0
507,12.0,22.96918225216852,4.0
508,1.0,0,1.0
509,17.0,16.0,3.0
510,31.5,27.814864131731195,4.0
511,20.0,13.74772708486752,3.0
512,2.0,33.116461163596576,5.0
513,6.0,40.779897008207364,3.0
514,16.0,8.18535277187245,3.0
515,58.5,31.81980515339464,2.0
516,18.0,4.58257569495584,3.0
517,9.5,8.755950357709132,4.0
518,26.0,37.606515392947536,4.0
519,5.0,19.157244060668017,3.0
520,4.5,10.307764064044152,4.0
521,11.0,7.094598884597588,3.0
522,5.0,2.3094010767585034,3.0
523,6.0,0.0,2.0
524,6.0,30.021658848238218,5.0
525,13.0,11.0,3.0
526,2.0,40.414518843273804,3.0
527,9.5,5.354126134736337,4.0
528,7.5,4.949747468305833,2.0
529,39.0,16.19670748434179,3.0
530,3.0,13.770223223283187,7.0
531,2.0,20.207259421636902,3.0
532,3.5,13.771952173409064,4.0
533,2.0,15.833508770957875,5.0
534,5.0,26.153393661244042,4.0
535,6.0,8.366600265340754,4.0
536,7.0,10.502380682492898,5.0
537,6.0,20.1544039852336,5.0
538,32.0,37.87699389691144,4.0
539,1.5,1.4142135623730951,4.0
540,14.0,2.6457513110645907,3.0
541,5.0,14.224392195567912,3.0
542,24.5,21.920310216782973,2.0
543,23.0,14.618481453283716,5.0
544,4.0,15.21840990379744,6.0
545,3.0,20.243517480912256,5.0
546,6.0,3.2145502536643185,3.0
547,2.0,10.807404868885037,5.0
548,9.5,5.5,4.0
549,7.5,4.69041575982343,4.0
550,16.0,12.474736374731437,7.0
551,17.5,12.33963802818651,6.0
552,5.0,11.34460224071342,5.0
553,7.5,8.619744775803978,6.0
554,9.0,13.316656236958787,3.0
555,12.5,34.75485577584807,6.0
556,21.5,10.923979738782625,4.0
557,7.0,13.633292583476182,6.0
558,11.0,20.9252638374446,6.0
559,13.0,18.061007723823163,5.0
560,8.0,10.424330514074594,7.0
561,9.0,16.464102364437203,6.0
562,6.0,7.0898989179442236,6.0
563,23.0,26.463811768778385,4.0
564,28.0,20.72920644887305,5.0
565,36.0,17.464249196572982,4.0
566,5.0,7.061633427661525,6.0
567,5.0,29.737742572921256,4.0
568,22.0,10.392304845413264,3.0
569,11.5,28.374284131938907,6.0
570,20.0,11.414902540100812,5.0
571,16.0,6.743603671345943,7.0
572,11.5,23.469965609567595,8.0
573,13.0,12.095453691366853,5.0
574,7.0,28.624581510769143,6.0
575,9.5,24.185050478894325,4.0
576,21.0,16.45600194457937,5.0
577,3.0,9.262828941527529,5.0
578,6.0,10.793516572461451,5.0
579,24.5,19.972898304118676,4.0
580,18.0,17.546129677700055,6.0
581,32.5,27.268724453727817,4.0
582,15.0,7.505553499465135,3.0
583,9.0,25.276800957927144,4.0
584,4.0,11.519548602267365,5.0
585,5.0,5.477225575051661,4.0
586,28.0,15.833508770957877,5.0
587,29.5,13.625955623979797,4.0
588,3.5,2.1213203435596424,2.0
589,5.0,21.563085740836506,6.0
590,8.0,11.260550608207398,5.0
591,10.0,16.45600194457937,5.0
592,12.0,16.75708805252273,5.0
593,8.0,22.501111083677625,5.0
594,3.0,2.0816659994661326,3.0
595,7.0,28.750155279083774,7.0
596,8.0,15.556349186104045,5.0
597,14.5,29.420797632513864,4.0
598,14.0,22.54994456755936,5.0
599,9.0,11.026483271348727,4.0
600,9.5,18.192489292745694,6.0
601,12.0,25.586454749860653,6.0
602,14.5,12.020815280171307,2.0
603,10.0,16.296727687892847,4.0
604,17.0,11.523888232710346,5.0
605,9.0,9.771191865693279,7.0
606,9.0,10.692676621563628,3.0
607,16.0,30.91763250962143,6.0
608,5.0,21.74166506963071,5.0
609,17.5,8.04155872120988,4.0
610,22.5,8.770214744615247,4.0
611,26.0,12.685293322058685,4.0
612,14.0,7.32575365861197,4.0
613,7.0,1.8708286933869707,5.0
614,5.0,16.16477652180815,5.0
615,9.0,27.323459308283578,7.0
616,51.0,0,1.0
617,6.0,22.47220505424423,4.0
618,24.0,0,1.0
619,36.0,49.49747468305833,2.0
620,17.0,9.539392014169456,3.0
621,5.0,8.06225774829855,4.0
622,39.0,20.29778313018444,4.0
623,1.0,0.5773502691896258,3.0
624,10.0,7.0710678118654755,2.0
625,3.0,13.576941236277534,3.0
626,7.0,2.6457513110645907,3.0
627,17.5,18.7794213613377,4.0
628,5.0,17.803557696894927,6.0
629,31.0,42.42640687119285,2.0
630,15.5,11.224972160321824,4.0
631,34.5,7.7781745930520225,2.0
632,21.0,17.78482499211055,5.0
633,3.5,2.1213203435596424,2.0
634,8.0,9.899494936611665,2.0
635,30.0,0,1.0
636,12.5,24.691429012243635,4.0
637,38.0,0,1.0
638,7.0,0,1.0
639,3.0,19.078784028338912,3.0
640,75.0,42.43819034784589,3.0
641,9.0,0,1.0
642,13.0,4.242640687119285,2.0
643,17.0,15.556349186104045,2.0
644,23.0,30.602287496198713,5.0
645,26.0,7.0710678118654755,2.0
646,35.0,2.516611478423584,3.0
647,22.0,21.45538005567213,3.0
648,30.0,0,1.0
649,15.5,2.1213203435596424,2.0
650,19.0,15.0996688705415,3.0
651,8.0,0,1.0
652,5.0,5.656854249492381,2.0
653,4.0,0,1.0
654,14.0,18.384776310850235,2.0
655,9.0,17.214335111567145,3.0
656,5.0,24.583192089989726,3.0
657,23.0,29.698484809834994,2.0
659,15.0,29.143323992525858,3.0
660,9.0,6.506407098647712,3.0
662,16.0,10.016652800877813,3.0
663,5.0,16.950909513454828,4.0
664,30.0,11.313708498984761,2.0
665,17.0,23.430749027719962,3.0
666,12.0,12.284814474246922,4.0
667,7.5,9.192388155425117,2.0
669,16.0,12.727922061357855,2.0
670,23.0,7.810249675906654,3.0
671,15.5,29.545163168726393,4.0
672,8.0,8.48528137423857,2.0
673,35.5,0.7071067811865476,2.0
674,22.0,12.165525060596439,3.0
675,26.0,24.595053703268604,4.0
676,7.0,18.717193521821944,3.0
677,5.0,17.09775813764288,3.0
678,4.0,0,1.0
679,5.0,4.242640687119285,2.0
680,26.0,14.142135623730951,2.0
681,25.0,33.94112549695428,2.0
682,32.0,12.12435565298214,3.0
683,24.5,31.81980515339464,2.0
684,23.0,36.19852667351716,3.0
685,23.0,19.55334583474995,3.0
686,28.0,24.041630560342615,2.0
687,29.5,15.383974345619102,4.0
688,2.0,37.242448899072144,3.0
689,6.0,0,1.0
690,28.0,23.501772982763097,3.0
691,43.0,0,1.0
692,41.0,0,1.0
693,27.0,22.516660498395403,3.0
694,4.0,4.242640687119285,2.0
695,25.5,26.16295090390226,2.0
696,35.0,1.4142135623730951,2.0
698,14.5,2.1213203435596424,2.0
700,17.5,7.7781745930520225,2.0
701,30.0,2.8284271247461903,2.0
702,22.0,4.242640687119285,2.0
703,30.0,28.803934916373258,4.0
704,46.0,26.870057685088806,2.0
705,10.0,0,1.0
706,10.0,10.535653752852738,3.0
707,16.0,9.899494936611665,2.0
708,49.5,10.606601717798213,2.0
709,31.0,14.142135623730951,2.0
710,14.0,9.60902353693305,3.0
711,25.5,24.748737341529164,2.0
712,4.5,2.1213203435596424,2.0
713,43.0,0,1.0
714,39.0,21.93931022920578,3.0
715,25.0,27.70529431955801,4.0
716,27.0,14.0118997046558,3.0
717,52.5,3.5355339059327378,2.0
718,20.5,19.091883092036785,2.0
719,35.0,7.0710678118654755,2.0
720,36.0,0,1.0
721,38.5,12.020815280171307,2.0
722,24.0,0,1.0
723,21.0,12.727922061357855,2.0
724,18.0,0,1.0
725,21.0,11.090536506409418,4.0
726,20.5,7.7781745930520225,2.0
727,5.0,2.8284271247461903,2.0
728,23.5,27.577164466275352,2.0
729,17.5,17.67766952966369,2.0
730,61.0,0,1.0
731,14.0,20.087309426600665,5.0
732,67.0,32.331615074619044,3.0
733,45.0,0,1.0
734,25.0,16.3707055437449,3.0
735,30.0,29.698484809834994,2.0
736,3.0,5.8594652770823155,3.0
737,42.0,24.006943440041116,3.0
738,74.0,19.39931270260195,3.0
739,24.5,21.55612828563299,4.0
740,21.0,0,1.0
741,2.0,17.320508075688775,3.0
742,8.5,3.5355339059327378,2.0
743,23.0,11.239810200058244,3.0
744,14.0,9.291573243177568,3.0
745,16.0,12.220201853215574,3.0
746,25.0,12.727922061357855,2.0
747,12.0,7.371114795831994,3.0
748,46.0,27.055498516937366,4.0
749,8.5,0.7071067811865476,2.0
750,12.5,6.363961030678928,2.0
751,42.0,33.24655370611115,3.0
752,25.0,29.17047594172345,4.0
753,9.5,10.606601717798213,2.0
754,28.0,21.594752448994022,3.0
755,42.0,29.090376415577712,4.0
756,44.5,9.429563439877091,4.0
757,20.0,11.503622617824933,3.0
758,26.5,25.179356624028344,4.0
759,6.5,11.16542281629615,4.0
760,36.5,30.037476591751176,4.0
761,3.5,11.030261405182864,4.0
762,29.0,33.26158945891392,3.0
763,24.0,5.656854249492381,2.0
764,29.0,20.936411663256273,4.0
765,11.0,10.115993936995679,3.0
766,41.5,3.5355339059327378,2.0
767,10.5,2.1213203435596424,2.0
768,4.0,9.731392500562292,5.0
769,23.0,17.15614564327703,3.0
770,8.5,10.606601717798213,2.0
771,37.0,14.6401275039985,3.0
772,31.0,39.59797974644666,2.0
773,41.5,44.54772721475249,2.0
774,42.0,1.5275252316519456,3.0
775,19.0,8.48528137423857,2.0
776,16.0,13.576941236277534,3.0
777,14.0,5.656854249492381,2.0
778,17.0,16.39867880857073,4.0
779,13.5,9.192388155425117,2.0
780,26.0,10.408329997330663,4.0
781,14.5,7.7781745930520225,2.0
782,38.5,35.07491981459116,4.0
783,47.5,38.890872965260115,2.0
784,24.0,25.45584412271571,2.0
785,10.0,14.224392195567912,3.0
786,31.0,5.656854249492381,2.0
787,17.5,0.7071067811865476,2.0
788,1.0,0,1.0
789,5.5,4.949747468305833,2.0
790,26.0,0,1.0
791,14.5,3.5355339059327378,2.0
792,13.5,17.67766952966369,2.0
793,7.0,0,1.0
794,22.5,20.506096654409877,2.0
795,7.0,2.8284271247461903,2.0
796,34.0,38.18376618407357,2.0
797,42.0,26.870057685088806,2.0
798,4.5,3.5355339059327378,2.0
799,21.0,8.48528137423857,2.0
800,9.5,3.5355339059327378,2.0
801,45.0,0,1.0
802,30.5,14.849242404917497,2.0
804,68.0,0,1.0
805,5.0,4.242640687119285,2.0
807,11.0,0,1.0
808,2.0,5.507570547286102,3.0
809,4.0,0,1.0
810,51.0,0,1.0
811,16.0,0,1.0
812,33.0,0,1.0
813,3.0,0,1.0
814,7.0,0,1.0
816,1.0,0,1.0
817,11.0,1.4142135623730951,2.0
818,13.0,0,1.0
819,77.0,0,1.0
820,28.0,0,1.0
821,14.5,19.091883092036785,2.0
823,10.0,12.727922061357855,2.0
824,45.0,45.254833995939045,2.0
825,22.0,0,1.0
826,19.5,14.849242404917497,2.0
828,45.0,12.727922061357855,2.0
829,47.5,6.363961030678928,2.0
830,16.0,0,1.0
831,32.0,19.79898987322333,2.0
832,74.0,0,1.0
833,5.0,0,1.0
834,31.0,2.8284271247461903,2.0
835,16.0,18.384776310850235,2.0
836,23.0,0,1.0
838,39.0,9.899494936611665,2.0
839,24.5,23.33452377915607,2.0
841,1.0,0,1.0
842,44.0,45.254833995939045,2.0
843,49.5,43.1335136523794,2.0
844,23.0,0,1.0
845,6.0,4.242640687119285,2.0
846,56.0,0,1.0
847,12.0,4.242640687119285,2.0
848,6.0,0,1.0
849,19.0,0,1.0
850,4.0,0,1.0
851,32.0,0,1.0
852,47.0,38.18376618407357,2.0
853,14.0,0,1.0
854,31.5,24.748737341529164,2.0
855,27.0,28.284271247461902,2.0
856,6.0,0,1.0
857,56.5,17.67766952966369,2.0
858,80.0,0,1.0
859,46.0,9.899494936611665,2.0
860,19.0,0,1.0
862,25.0,0,1.0
863,17.0,5.656854249492381,2.0
864,58.0,0,1.0
865,53.0,11.313708498984761,2.0
866,1.5,0.7071067811865476,2.0
867,24.5,12.020815280171307,2.0
868,61.0,0,1.0
869,10.0,6.110100926607786,3.0
870,35.0,33.94112549695428,2.0
871,22.0,0,1.0
872,4.0,0,1.0
873,25.0,0,1.0
874,10.0,0,1.0
875,23.0,0,1.0
876,61.5,7.7781745930520225,2.0
877,13.5,2.1213203435596424,2.0
878,50.0,0,1.0
879,48.0,0,1.0
880,22.0,0,1.0
882,45.0,29.698484809834994,2.0
883,13.0,0,1.0
884,59.0,0,1.0
885,36.0,21.213203435596427,2.0
886,33.0,12.727922061357855,2.0
887,42.0,46.66904755831214,2.0
888,33.0,16.97056274847714,2.0
889,15.0,0,1.0
891,21.5,2.1213203435596424,2.0
892,62.0,0,1.0
893,77.0,0,1.0
894,42.0,0,1.0
895,19.0,0,1.0
896,46.0,0,1.0
897,56.0,0,1.0
898,40.0,35.35533905932738,2.0
899,32.0,0,1.0
900,14.0,0,1.0
901,26.5,21.920310216782973,2.0
902,64.0,0,1.0
904,67.0,0,1.0
905,18.0,0,1.0
907,12.0,0,1.0
908,47.5,44.54772721475249,2.0
909,28.5,34.64823227814083,2.0
910,21.0,1.4142135623730951,2.0
911,29.5,40.30508652763321,2.0
914,16.0,0,1.0
915,25.0,0,1.0
916,20.0,0,1.0
917,18.5,19.091883092036785,2.0
919,4.0,1.4142135623730951,2.0
920,18.5,6.363961030678928,2.0
921,66.0,0,1.0
922,7.5,6.363961030678928,2.0
924,15.0,19.79898987322333,2.0
925,8.0,0,1.0
926,27.0,0,1.0
927,5.5,0.7071067811865476,2.0
928,12.0,8.48528137423857,2.0
929,10.0,1.4142135623730951,2.0
931,28.0,5.656854249492381,2.0
933,12.0,0,1.0
934,14.0,15.556349186104045,2.0
935,31.5,13.435028842544403,2.0
937,34.5,44.54772721475249,2.0
938,80.0,0,1.0
939,43.0,0,1.0
940,37.5,47.37615433949868,2.0
941,22.0,0,1.0
942,2.0,0,1.0
943,32.0,39.59797974644666,2.0
945,9.0,0,1.0
947,12.0,1.4142135623730951,2.0
948,21.5,14.849242404917497,2.0
949,17.0,0,1.0
950,5.5,3.5355339059327378,2.0
951,20.0,16.97056274847714,2.0
952,8.0,0,1.0
953,14.0,8.144527815247077,3.0
954,16.5,17.67766952966369,2.0
956,21.0,11.313708498984761,2.0
957,1.0,0,1.0
959,3.0,0,1.0
961,5.0,0,1.0
962,37.5,19.091883092036785,2.0
963,27.5,37.476659402887016,2.0
964,33.0,0,1.0
966,2.0,0,1.0
967,26.0,31.11269837220809,2.0
968,14.0,0,1.0
970,31.0,0,1.0
971,5.5,6.363961030678928,2.0
972,28.0,0,1.0
975,6.0,0,1.0
976,7.0,0,1.0
977,7.0,0,1.0
978,51.0,9.899494936611665,2.0
980,72.0,0,1.0
981,42.5,13.435028842544403,2.0
982,37.5,45.96194077712559,2.0
983,69.0,0,1.0
984,55.0,0,1.0
985,8.0,0,1.0
986,21.0,26.870057685088806,2.0
988,56.0,0,1.0
990,1.0,0,1.0
991,19.0,1.4142135623730951,2.0
992,65.0,0,1.0
993,20.0,0,1.0
994,6.0,0,1.0
995,14.0,0,1.0
996,16.0,0,1.0
997,15.0,0,1.0
998,41.0,0,1.0
999,6.0,0,1.0
1000,37.5,19.091883092036785,2.0
1002,43.5,21.920310216782973,2.0
1003,39.0,0,1.0
1005,18.0,0,1.0
1006,9.5,12.020815280171307,2.0
1008,37.5,3.5355339059327378,2.0
1009,46.0,0,1.0
1010,26.0,28.284271247461902,2.0
1011,31.0,0,1.0
1012,14.0,0,1.0
1013,16.5,19.091883092036785,2.0
1014,52.0,0,1.0
1015,18.0,0,1.0
1016,3.0,0,1.0
1017,13.0,9.073771725877465,3.0
1018,39.0,0,1.0
1019,16.5,3.5355339059327378,2.0
1020,59.0,0,1.0
1021,10.5,2.1213203435596424,2.0
1022,13.0,0,1.0
1023,40.5,51.61879502661797,2.0
1024,46.0,0,1.0
1025,19.5,21.920310216782973,2.0
1026,11.5,13.435028842544403,2.0
1028,26.0,0,1.0
1029,20.0,9.899494936611665,2.0
1030,21.5,12.020815280171307,2.0
1031,37.0,4.242640687119285,2.0
1032,41.0,0,1.0
1034,39.0,52.32590180780452,2.0
1035,6.0,9.539392014169456,3.0
1036,58.0,0,1.0
1038,28.0,4.242640687119285,2.0
1039,24.0,22.627416997969522,2.0
1040,23.5,13.435028842544403,2.0
1041,2.5,2.1213203435596424,2.0
1042,64.0,0,1.0
1043,12.0,0,1.0
1044,28.5,34.64823227814083,2.0
1045,43.5,0.7071067811865476,2.0
1046,26.0,19.79898987322333,2.0
1047,55.0,0,1.0
1048,64.0,0,1.0
1049,38.5,17.67766952966369,2.0
1050,37.0,0,1.0
1051,60.0,34.06366588218792,3.0
1052,17.5,7.7781745930520225,2.0
1053,8.5,6.363961030678928,2.0
1055,35.0,36.76955262170047,2.0
1056,4.0,0,1.0
1057,70.0,0,1.0
1058,28.0,0,1.0
1059,50.0,43.840620433565945,2.0
1060,12.0,12.727922061357855,2.0
1061,6.0,4.242640687119285,2.0
1062,6.0,0,1.0
1063,32.5,41.71930009000631,2.0
1064,50.0,0,1.0
1065,34.0,21.213203435596427,2.0
1066,51.5,41.71930009000631,2.0
1067,9.0,0,1.0
1068,35.0,0,1.0
1069,21.0,0,1.0
1071,15.0,0,1.0
1072,2.0,0,1.0
1073,17.5,23.33452377915607,2.0
1074,29.0,0,1.0
1075,7.0,0,1.0
1076,10.0,38.31448812133603,3.0
1077,21.5,6.363961030678928,2.0
1079,19.5,23.33452377915607,2.0
1080,8.0,0,1.0
1081,30.0,0,1.0
1082,12.0,0,1.0
1083,16.0,5.033222956847167,3.0
1084,35.0,0,1.0
1085,25.0,0,1.0
1086,34.0,0,1.0
1087,42.0,46.66904755831214,2.0
1088,25.5,2.1213203435596424,2.0
1089,11.5,14.849242404917497,2.0
1090,16.5,3.5355339059327378,2.0
1091,20.5,20.506096654409877,2.0
1092,8.0,0,1.0
1093,17.0,0,1.0
1094,30.5,41.71930009000631,2.0
1095,28.5,37.476659402887016,2.0
1096,12.0,0,1.0
1097,11.0,11.313708498984761,2.0
1098,35.0,39.59797974644666,2.0
1099,6.0,1.4142135623730951,2.0
1100,68.5,10.606601717798213,2.0
1101,63.0,0,1.0
1102,46.0,5.656854249492381,2.0
1104,2.0,0,1.0
1105,29.0,22.627416997969522,2.0
1106,48.0,0,1.0
1107,71.0,0,1.0
1108,40.0,0,1.0
1109,24.0,4.242640687119285,2.0
1110,18.0,24.041630560342615,2.0
1111,13.0,0,1.0
1112,49.5,6.363961030678928,2.0
1113,1.0,0,1.0
1114,34.0,46.66904755831214,2.0
1115,41.0,0,1.0
1116,81.0,0,1.0
1117,33.0,0,1.0
1118,19.0,16.0,3.0
1119,41.5,21.920310216782973,2.0
1121,5.0,0,1.0
1123,77.0,0,1.0
1124,21.0,0,1.0
1125,6.0,0,1.0
1126,4.0,3.605551275463989,3.0
1127,41.0,30.989245446337243,3.0
1128,61.0,0,1.0
1129,18.0,0,1.0
1130,37.0,0,1.0
1131,45.0,0,1.0
1133,6.5,7.7781745930520225,2.0
1135,12.0,0,1.0
1136,13.0,0,1.0
1137,15.0,0,1.0
1138,16.0,0,1.0
1139,28.0,0,1.0
1140,59.0,0,1.0
1141,52.0,32.526911934581186,2.0
1142,36.0,0,1.0
1143,5.0,0,1.0
1144,35.5,37.476659402887016,2.0
1145,3.0,0,1.0
1146,2.0,0,1.0
1147,10.5,12.020815280171307,2.0
1148,35.0,0,1.0
1149,12.0,0.0,2.0
1150,35.5,20.506096654409877,2.0
1151,40.0,0,1.0
1152,36.0,0,1.0
1153,38.0,50.91168824543142,2.0
1154,8.0,0,1.0
1156,12.0,0,1.0
1158,74.0,0,1.0
1159,34.0,43.840620433565945,2.0
1160,22.0,0,1.0
1161,17.0,0,1.0
1162,3.0,0,1.0
1163,2.0,0,1.0
1164,63.0,0,1.0
1165,45.0,0,1.0
1167,44.0,0,1.0
1168,40.0,0,1.0
1169,19.0,0,1.0
1170,18.5,16.263455967290593,2.0
1172,43.0,24.041630560342615,2.0
1173,49.0,0,1.0
1174,29.0,0,1.0
1175,14.0,0,1.0
1176,42.0,0,1.0
1177,11.5,14.849242404917497,2.0
1178,18.5,14.849242404917497,2.0
1179,21.0,0,1.0
1180,16.0,0,1.0
1181,33.5,23.33452377915607,2.0
1182,26.0,31.11269837220809,2.0
1183,35.5,33.23401871576773,2.0
1184,66.0,0,1.0
1185,16.0,0,1.0
1186,5.0,0,1.0
1189,32.0,0,1.0
1190,15.0,18.384776310850235,2.0
1195,1.0,0,1.0
1196,43.0,0,1.0
1198,32.0,0,1.0
1199,60.0,28.284271247461902,2.0
1200,23.0,0,1.0
1201,9.5,2.1213203435596424,2.0
1202,7.0,17.578395831246947,3.0
1203,47.0,0,1.0
1204,18.0,9.899494936611665,2.0
1205,3.0,0,1.0
1206,3.0,0,1.0
1207,26.0,12.727922061357855,2.0
1208,37.0,29.698484809834994,2.0
1209,7.0,0,1.0
1210,6.0,4.242640687119285,2.0
1211,12.5,16.263455967290593,2.0
1212,22.5,23.33452377915607,2.0
1213,9.5,6.363961030678928,2.0
1214,24.0,0,1.0
1215,20.0,0,1.0
1216,23.0,28.284271247461902,2.0
1217,1.0,0,1.0
1218,58.0,0,1.0
1219,2.0,1.4142135623730951,2.0
1220,14.0,8.48528137423857,2.0
1221,29.5,16.263455967290593,2.0
1222,29.5,37.476659402887016,2.0
1223,20.0,0,1.0
1224,16.0,0,1.0
1225,12.0,12.727922061357855,2.0
1227,13.0,0,1.0
1228,47.0,0,1.0
1229,13.5,10.606601717798213,2.0
1230,21.5,27.577164466275352,2.0
1231,29.0,31.11269837220809,2.0
1232,14.5,10.606601717798213,2.0
1233,1.0,0,1.0
1234,5.0,4.242640687119285,2.0
1235,23.0,24.041630560342615,2.0
1236,24.0,2.8284271247461903,2.0
1237,1.0,0,1.0
1238,10.5,4.949747468305833,2.0
1239,15.0,0,1.0
1241,9.0,0,1.0
1242,26.0,0,1.0
1243,76.0,0,1.0
1244,15.0,11.313708498984761,2.0
1245,11.5,14.849242404917497,2.0
1246,14.0,0,1.0
1247,23.0,14.142135623730951,2.0
1248,2.0,0,1.0
1249,13.0,1.4142135623730951,2.0
1250,14.5,7.7781745930520225,2.0
1251,2.0,1.4142135623730951,2.0
1252,53.0,29.698484809834994,2.0
1253,17.0,0.0,2.0
1254,21.5,3.5355339059327378,2.0
1255,16.0,2.8284271247461903,2.0
1256,40.5,43.1335136523794,2.0
1257,35.5,3.5355339059327378,2.0
1258,29.0,0,1.0
1259,38.0,0,1.0
1260,24.0,0,1.0
1261,43.0,0,1.0
1262,20.0,0,1.0
1263,29.0,32.526911934581186,2.0
1264,24.0,5.656854249492381,2.0
1265,22.5,12.020815280171307,2.0
1266,2.0,0,1.0
1267,27.5,6.363961030678928,2.0
1268,48.0,0,1.0
1269,3.0,0,1.0
1270,8.5,3.5355339059327378,2.0
1271,72.0,0,1.0
1272,5.0,0,1.0
1274,21.5,23.33452377915607,2.0
1275,12.0,0,1.0
1276,12.0,0.0,2.0
1277,22.0,0,1.0
1278,27.0,0,1.0
1279,11.0,12.727922061357855,2.0
1280,3.5,2.1213203435596424,2.0
1281,34.5,45.96194077712559,2.0
1283,80.0,0,1.0
1284,13.0,0,1.0
1285,68.0,0,1.0
1286,51.5,14.849242404917497,2.0
1289,14.0,3.5118845842842465,3.0
1290,13.0,11.313708498984761,2.0
1291,12.0,0,1.0
1292,54.0,28.687976575562104,3.0
1294,20.0,26.870057685088806,2.0
1295,57.0,0,1.0
1296,45.5,47.37615433949868,2.0
1298,42.0,25.45584412271571,2.0
1299,4.0,0,1.0
1300,53.0,24.041630560342615,2.0
1301,14.0,12.727922061357855,2.0
1302,1.0,0,1.0
1304,53.0,0,1.0
1305,27.0,0,1.0
1307,15.0,0,1.0
1308,44.0,46.66904755831214,2.0
1309,26.0,0,1.0
1310,17.0,8.48528137423857,2.0
1311,1.0,0,1.0
1312,53.0,0,1.0
1313,47.0,0,1.0
1315,46.0,0,1.0
1316,1.0,0,1.0
1317,24.0,7.0710678118654755,2.0
1318,12.5,4.949747468305833,2.0
1319,22.5,26.16295090390226,2.0
1320,21.5,10.606601717798213,2.0
1321,20.0,19.79898987322333,2.0
1325,49.0,0,1.0
1327,26.0,0,1.0
1328,27.0,9.899494936611665,2.0
1329,36.5,48.79036790187178,2.0
1334,33.0,0,1.0
1335,17.0,0,1.0
1336,3.0,0,1.0
1337,15.0,16.97056274847714,2.0
1338,6.0,0,1.0
1339,4.0,0,1.0
1340,68.0,15.556349186104045,2.0
1341,5.5,3.5355339059327378,2.0
1342,22.0,11.313708498984761,2.0
1343,17.0,0,1.0
1344,46.0,28.284271247461902,2.0
1345,44.0,0,1.0
1346,29.0,7.0710678118654755,2.0
1347,31.0,15.556349186104045,2.0
1348,8.0,0,1.0
1349,11.0,0,1.0
1351,48.5,16.263455967290593,2.0
1352,2.0,0,1.0
1353,10.0,0,1.0
1354,10.0,9.899494936611665,2.0
1355,11.0,5.656854249492381,2.0
1356,39.0,0,1.0
1357,5.0,0,1.0
1359,19.0,0,1.0
1360,12.5,9.192388155425117,2.0
1362,21.0,0,1.0
1363,6.5,3.5355339059327378,2.0
1364,55.0,0,1.0
1366,32.0,0,1.0
1368,3.5,2.1213203435596424,2.0
1369,38.0,41.012193308819754,2.0
1370,11.0,1.4142135623730951,2.0
1371,42.0,0,1.0
1372,16.5,20.506096654409877,2.0
1374,27.0,0,1.0
1375,26.5,27.577164466275352,2.0
1376,23.0,0,1.0
1377,4.0,0,1.0
1378,9.5,7.7781745930520225,2.0
1379,22.0,19.79898987322333,2.0
1380,1.0,0,1.0
1381,22.0,2.8284271247461903,2.0
1382,14.0,0,1.0
1383,26.0,0,1.0
1384,33.0,0,1.0
1385,12.0,0,1.0
1386,20.5,20.506096654409877,2.0
1387,1.0,0,1.0
1388,15.0,7.0710678118654755,2.0
1389,6.0,0,1.0
1390,24.5,27.577164466275352,2.0
1391,28.0,0,1.0
1392,7.0,7.0710678118654755,2.0
1394,10.0,0,1.0
1395,4.0,0,1.0
1397,42.0,0,1.0
1398,6.5,6.363961030678928,2.0
1399,81.0,0,1.0
1400,32.5,38.890872965260115,2.0
1401,68.0,0,1.0
1402,41.0,0,1.0
1403,34.0,35.35533905932738,2.0
1404,38.5,50.204581464244875,2.0
1405,77.0,0,1.0
1406,9.0,0,1.0
1407,71.0,0,1.0
1408,22.0,0,1.0
1409,13.5,16.263455967290593,2.0
1410,46.0,0,1.0
1411,12.0,0,1.0
1412,3.0,1.4142135623730951,2.0
1413,3.0,0,1.0
1414,3.5,2.1213203435596424,2.0
1415,48.0,0,1.0
1416,10.0,0,1.0
1417,9.0,11.313708498984761,2.0
1420,10.0,5.656854249492381,2.0
1421,46.0,0,1.0
1422,37.0,0,1.0
1423,16.0,0,1.0
1424,28.0,38.18376618407357,2.0
1425,9.0,0,1.0
1426,17.0,0,1.0
1427,12.0,0,1.0
1428,19.0,0,1.0
1429,10.0,0,1.0
1430,48.0,0,1.0
1431,3.0,0,1.0
1432,24.0,0,1.0
1433,57.0,0,1.0
1434,41.0,0,1.0
1435,19.0,12.727922061357855,2.0
1436,36.0,38.18376618407357,2.0
1437,19.0,8.48528137423857,2.0
1438,11.0,0,1.0
1439,31.0,0,1.0
1440,53.0,19.79898987322333,2.0
1441,68.0,0,1.0
1442,29.0,0,1.0
1443,40.0,53.74011537017761,2.0
1444,61.0,0,1.0
1445,19.0,0,1.0
1446,12.0,0,1.0
1447,33.5,6.363961030678928,2.0
1448,24.5,2.1213203435596424,2.0
1449,77.0,0,1.0
1450,6.0,0,1.0
1451,21.0,0,1.0
1452,60.0,0,1.0
1455,40.0,0,1.0
1456,40.0,0,1.0
1460,36.0,48.08326112068523,2.0
1461,17.0,0,1.0
1462,25.0,0,1.0
1463,48.5,19.091883092036785,2.0
1464,20.0,8.48528137423857,2.0
1465,36.0,0,1.0
1466,53.0,0,1.0
1467,31.0,0,1.0
1468,2.0,0.0,2.0
1469,32.0,0,1.0
1471,30.5,16.263455967290593,2.0
1472,6.0,0,1.0
1473,77.0,0,1.0
1476,73.0,0,1.0
1477,27.0,0,1.0
1478,46.0,0,1.0
1479,23.0,11.313708498984761,2.0
1480,9.0,0,1.0
1481,31.5,28.991378028648448,2.0
1482,15.5,9.192388155425117,2.0
1483,60.5,20.506096654409877,2.0
1484,26.5,26.16295090390226,2.0
1485,45.0,33.94112549695428,2.0
1486,43.0,0,1.0
1487,14.0,0,1.0
1488,12.5,0.7071067811865476,2.0
1489,61.0,0,1.0
1490,37.0,0,1.0
1491,25.0,11.313708498984761,2.0
1492,16.5,7.7781745930520225,2.0
1493,13.0,0,1.0
1494,74.0,0,1.0
1495,78.0,0,1.0
1496,41.0,0.0,2.0
1497,31.0,0,1.0
1498,61.0,0,1.0
1499,16.5,16.263455967290593,2.0
1500,22.0,0,1.0
1501,9.0,5.656854249492381,2.0
1503,49.0,19.79898987322333,2.0
1504,17.5,9.192388155425117,2.0
1505,44.0,0,1.0
1506,5.0,0,1.0
1507,26.0,0,1.0
1508,8.0,0,1.0
1509,15.0,0,1.0
1510,17.5,6.363961030678928,2.0
1511,47.0,0,1.0
1512,46.0,46.66904755831214,2.0
1513,19.5,10.606601717798213,2.0
1514,16.5,17.67766952966369,2.0
1515,36.5,21.920310216782973,2.0
1516,38.5,13.435028842544403,2.0
1517,42.0,0,1.0
1518,32.0,0,1.0
1519,53.0,12.727922061357855,2.0
1520,45.5,17.67766952966369,2.0
1521,16.0,0,1.0
1522,26.5,14.849242404917497,2.0
1523,28.0,0,1.0
1524,10.0,4.242640687119285,2.0
1526,43.5,43.1335136523794,2.0
1527,61.0,0,1.0
1528,35.0,0,1.0
1529,9.0,0,1.0
1530,14.0,18.384776310850235,2.0
1531,42.0,0,1.0
1532,17.0,5.656854249492381,2.0
1533,26.5,19.091883092036785,2.0
1534,32.5,23.33452377915607,2.0
1535,6.0,0,1.0
1536,23.5,17.67766952966369,2.0
1538,78.0,0,1.0
1539,69.0,0,1.0
1541,17.0,0,1.0
1542,19.0,0,1.0
1543,32.0,41.012193308819754,2.0
1544,2.0,0,1.0
1545,46.0,0,1.0
1546,29.5,33.23401871576773,2.0
1547,2.0,0,1.0
1548,23.0,0,1.0
1550,14.0,0,1.0
1551,33.0,4.242640687119285,2.0
1552,29.5,21.920310216782973,2.0
1553,42.5,44.54772721475249,2.0
1554,37.0,0,1.0
1555,66.5,13.435028842544403,2.0
1556,35.5,14.849242404917497,2.0
1557,62.5,20.506096654409877,2.0
1558,4.0,0,1.0
1559,11.0,0,1.0
1560,57.0,25.45584412271571,2.0
1561,31.0,0,1.0
1562,52.0,0,1.0
1563,4.0,0,1.0
1564,66.0,0,1.0
1565,77.0,0,1.0
1566,60.5,3.5355339059327378,2.0
1567,21.0,0,1.0
1568,24.5,4.949747468305833,2.0
1569,40.0,0,1.0
1570,50.0,36.76955262170047,2.0
1572,25.0,24.041630560342615,2.0
1573,71.0,4.242640687119285,2.0
1574,27.5,23.33452377915607,2.0
1575,8.0,0,1.0
1576,47.0,9.899494936611665,2.0
1577,27.5,30.405591591021544,2.0
1578,31.0,8.48528137423857,2.0
1579,18.0,8.48528137423857,2.0
1580,40.0,15.556349186104045,2.0
1581,41.0,55.154328932550705,2.0
1582,35.5,34.64823227814083,2.0
1583,27.0,15.556349186104045,2.0
1584,14.5,19.091883092036785,2.0
1585,28.0,0,1.0
1586,51.0,0,1.0
1587,8.0,0,1.0
1588,40.0,31.11269837220809,2.0
1589,59.5,24.748737341529164,2.0
1590,12.5,9.192388155425117,2.0
1591,27.0,0,1.0
1592,18.0,0,1.0
1593,3.0,0,1.0
1594,46.0,0,1.0
1595,14.0,0,1.0
1596,18.0,1.4142135623730951,2.0
1597,23.0,29.698484809834994,2.0
1598,18.0,0,1.0
1599,21.0,24.041630560342615,2.0
1600,26.0,0,1.0
1601,37.0,22.627416997969522,2.0
1602,40.0,50.91168824543142,2.0
1603,35.0,14.142135623730951,2.0
1604,65.0,0,1.0
1605,15.0,0,1.0
1606,37.5,34.64823227814083,2.0
1608,6.0,0,1.0
1609,56.0,0,1.0
1610,18.5,14.849242404917497,2.0
1611,24.0,26.870057685088806,2.0
1612,6.0,0.0,2.0
1613,3.5,2.1213203435596424,2.0
1614,37.0,0,1.0
1615,5.5,2.1213203435596424,2.0
1617,35.0,45.254833995939045,2.0
1618,6.5,3.5355339059327378,2.0
1619,2.0,0,1.0
1620,9.0,0,1.0
1621,36.0,0,1.0
1622,23.5,13.435028842544403,2.0
1623,13.5,10.606601717798213,2.0
1624,8.0,0,1.0
1625,9.5,10.606601717798213,2.0
1626,32.0,0,1.0
1627,13.0,0,1.0
1629,21.5,24.748737341529164,2.0
1630,17.0,14.142135623730951,2.0
1632,7.0,2.8284271247461903,2.0
1633,51.0,0,1.0
1634,54.0,0,1.0
1635,1.0,0,1.0
1636,20.0,24.041630560342615,2.0
1637,9.0,0,1.0
1638,11.0,11.313708498984761,2.0
1639,32.0,0,1.0
1640,40.0,0,1.0
1641,3.0,0,1.0
1643,17.5,2.1213203435596424,2.0
1644,2.0,0,1.0
1645,36.0,31.11269837220809,2.0
1646,3.0,0,1.0
1647,2.5,2.1213203435596424,2.0
1648,18.0,0,1.0
1649,13.0,0,1.0
1650,29.0,0,1.0
1651,8.5,4.949747468305833,2.0
1652,38.5,50.204581464244875,2.0
1654,3.5,3.5355339059327378,2.0
1655,42.0,0,1.0
1656,14.0,0,1.0
1657,30.5,12.020815280171307,2.0
1658,48.0,0,1.0
1659,8.5,10.606601717798213,2.0
1660,37.0,29.698484809834994,2.0
1661,6.0,0,1.0
1662,1.0,0,1.0
1663,4.5,2.1213203435596424,2.0
1664,27.0,9.899494936611665,2.0
1665,51.5,21.920310216782973,2.0
1666,52.0,0,1.0
1668,52.0,0,1.0
1669,5.0,0,1.0
1670,6.5,7.7781745930520225,2.0
1671,4.5,3.5355339059327378,2.0
1672,26.5,27.577164466275352,2.0
1673,23.0,0,1.0
1675,17.0,4.242640687119285,2.0
1676,37.0,0,1.0
1677,59.5,28.991378028648448,2.0
1678,46.0,31.11269837220809,2.0
1679,63.0,0,1.0
1680,13.0,2.8284271247461903,2.0
1681,10.0,0,1.0
1682,28.0,35.35533905932738,2.0
1683,32.5,33.23401871576773,2.0
1684,18.0,0,1.0
1685,19.0,0,1.0
1686,35.0,2.8284271247461903,2.0
1687,26.5,24.748737341529164,2.0
1688,31.5,12.020815280171307,2.0
1689,15.0,0,1.0
1690,36.0,0,1.0
1691,41.5,23.33452377915607,2.0
1692,4.0,0,1.0
1693,6.5,2.1213203435596424,2.0
1694,37.0,0,1.0
1695,50.0,0,1.0
1696,9.0,0,1.0
1697,31.0,33.94112549695428,2.0
1698,31.0,16.97056274847714,2.0
1699,74.0,0,1.0
1700,7.0,0.0,2.0
1701,33.0,1.4142135623730951,2.0
1702,24.5,16.263455967290593,2.0
1703,12.0,0,1.0
1704,27.5,14.849242404917497,2.0
1705,40.0,21.213203435596427,2.0
1706,31.0,0,1.0
1707,7.0,0,1.0
1708,18.5,21.920310216782973,2.0
1709,23.0,14.142135623730951,2.0
1710,17.0,0,1.0
1711,9.0,0,1.0
1712,46.0,21.213203435596427,2.0
1713,15.0,14.142135623730951,2.0
1714,18.0,0,1.0
1715,41.0,0,1.0
1716,26.5,12.020815280171307,2.0
1718,62.0,0,1.0
1721,67.0,0,1.0
1722,24.5,12.020815280171307,2.0
1723,9.0,1.4142135623730951,2.0
1724,31.5,12.020815280171307,2.0
1725,10.0,0,1.0
1726,44.0,0,1.0
1727,20.0,0,1.0
1728,36.5,36.062445840513924,2.0
1729,24.5,13.435028842544403,2.0
1730,44.0,0,1.0
1731,15.0,12.727922061357855,2.0
1732,20.0,16.97056274847714,2.0
1733,44.0,28.284271247461902,2.0
1735,34.5,28.991378028648448,2.0
1736,34.0,16.97056274847714,2.0
1737,19.0,24.041630560342615,2.0
1738,17.0,0,1.0
1739,5.0,0,1.0
1740,76.5,3.5355339059327378,2.0
1742,42.5,45.96194077712559,2.0
1743,36.0,19.79898987322333,2.0
1744,52.0,41.012193308819754,2.0
1745,28.0,0,1.0
1746,2.0,1.4142135623730951,2.0
1747,39.0,33.94112549695428,2.0
1748,47.0,0,1.0
1749,24.0,0,1.0
1750,32.0,31.11269837220809,2.0
1751,3.0,0,1.0
1752,27.0,0,1.0
1753,6.0,1.4142135623730951,2.0
1754,5.0,0,1.0
1755,2.0,0,1.0
1756,29.5,0.7071067811865476,2.0
1757,24.5,16.263455967290593,2.0
1758,40.5,10.606601717798213,2.0
1759,35.0,0,1.0
1760,26.5,36.062445840513924,2.0
1761,7.0,7.0710678118654755,2.0
1763,8.5,2.1213203435596424,2.0
1764,31.5,9.192388155425117,2.0
1765,1.0,0,1.0
1766,15.0,2.8284271247461903,2.0
1767,26.5,19.091883092036785,2.0
1768,18.0,0,1.0
1769,20.0,0,1.0
1770,5.0,0,1.0
1771,31.0,0,1.0
1772,47.0,0,1.0
1773,15.0,19.79898987322333,2.0
1774,19.0,15.556349186104045,2.0
1775,11.0,7.0710678118654755,2.0
1776,2.5,0.7071067811865476,2.0
1778,76.0,0,1.0
1779,22.0,0,1.0
1780,15.5,16.263455967290593,2.0
1781,16.0,8.48528137423857,2.0
1782,51.0,35.35533905932738,2.0
1783,29.0,0,1.0
1784,4.0,0,1.0
1785,11.0,0,1.0
1786,40.0,50.91168824543142,2.0
1787,47.5,9.192388155425117,2.0
1789,7.0,0.0,2.0
1790,16.5,4.949747468305833,2.0
1791,7.0,0,1.0
1792,19.0,7.0710678118654755,2.0
1793,35.5,6.363961030678928,2.0
1794,40.0,11.313708498984761,2.0
1795,12.0,0,1.0
1796,3.0,0,1.0
1797,24.0,4.242640687119285,2.0
1798,36.5,0.7071067811865476,2.0
1799,17.0,15.556349186104045,2.0
1800,16.0,2.8284271247461903,2.0
1801,3.0,0,1.0
1802,22.5,3.5355339059327378,2.0
1803,10.5,6.363961030678928,2.0
1804,71.0,0,1.0
1805,8.5,7.7781745930520225,2.0
1806,19.5,12.020815280171307,2.0
1807,14.0,15.556349186104045,2.0
1808,33.5,3.5355339059327378,2.0
1809,36.5,31.81980515339464,2.0
1811,14.0,0,1.0
1812,16.0,0,1.0
1813,29.5,33.23401871576773,2.0
1814,31.5,36.062445840513924,2.0
1815,29.5,19.091883092036785,2.0
1816,17.0,0,1.0
1817,21.0,0.0,2.0
1818,41.0,4.242640687119285,2.0
1819,17.0,0,1.0
1820,38.0,0,1.0
1821,28.0,28.284271247461902,2.0
1822,42.0,0,1.0
1823,18.5,6.363961030678928,2.0
1824,22.0,0,1.0
1825,12.0,8.48528137423857,2.0
1826,1.0,0,1.0
1827,25.0,14.142135623730951,2.0
1828,13.5,7.7781745930520225,2.0
1829,18.0,4.242640687119285,2.0
1830,30.0,0,1.0
1831,52.0,1.4142135623730951,2.0
1833,10.0,4.242640687119285,2.0
1834,24.0,12.727922061357855,2.0
1835,17.0,4.242640687119285,2.0
1836,3.0,0.0,2.0
1837,9.0,0,1.0
1838,60.0,0,1.0
1839,41.0,0,1.0
1842,48.0,0,1.0
1843,3.0,0,1.0
1845,39.5,2.1213203435596424,2.0
1846,17.0,0,1.0
1847,42.0,16.97056274847714,2.0
1848,7.0,0,1.0
1849,44.5,31.81980515339464,2.0
1850,37.0,0,1.0
1853,56.0,0,1.0
1854,34.5,14.849242404917497,2.0
1855,9.0,7.0710678118654755,2.0
1856,27.0,4.242640687119285,2.0
1857,29.0,0,1.0
1859,62.0,0,1.0
1860,34.0,0,1.0
1861,22.0,14.142135623730951,2.0
1862,9.0,0,1.0
1863,32.5,36.062445840513924,2.0
1865,21.0,0,1.0
1866,51.5,34.64823227814083,2.0
1867,32.0,4.242640687119285,2.0
1868,28.5,12.020815280171307,2.0
1869,67.0,0,1.0
1870,31.5,9.192388155425117,2.0
1871,18.0,0,1.0
1872,45.5,12.020815280171307,2.0
1874,40.0,0,1.0
1875,29.0,0,1.0
1876,19.0,7.0710678118654755,2.0
1877,33.0,0,1.0
1878,37.0,0,1.0
1879,69.0,0,1.0
1880,2.0,0,1.0
1881,27.5,37.476659402887016,2.0
1882,16.0,1.4142135623730951,2.0
1883,5.0,0,1.0
1884,27.0,0,1.0
1885,17.5,16.263455967290593,2.0
1887,42.0,0,1.0
1888,38.0,39.59797974644666,2.0
1889,2.0,0,1.0
1890,22.0,0,1.0
1891,59.0,0,1.0
1893,38.0,5.656854249492381,2.0
1895,37.0,8.48528137423857,2.0
1896,8.0,0,1.0
1897,24.0,0,1.0
1898,63.0,0,1.0
1899,37.5,9.192388155425117,2.0
1900,44.0,0,1.0
1901,6.0,0,1.0
1902,62.0,11.313708498984761,2.0
1903,20.0,0,1.0
1904,34.0,0,1.0
1905,13.0,4.242640687119285,2.0
1906,22.0,0,1.0
1907,14.0,0,1.0
1908,45.0,24.041630560342615,2.0
1909,37.5,27.577164466275352,2.0
1910,56.0,4.242640687119285,2.0
1911,27.5,24.748737341529164,2.0
1913,38.0,0,1.0
1914,29.0,0,1.0
1915,34.0,0,1.0
1916,14.0,7.0710678118654755,2.0
1917,44.0,39.59797974644666,2.0
1918,27.5,23.33452377915607,2.0
1919,40.0,0,1.0
1920,11.0,0,1.0
1921,22.5,6.363961030678928,2.0
1922,30.0,0,1.0
1923,26.0,0,1.0
1924,56.0,0,1.0
1925,8.0,0,1.0
1926,4.5,4.949747468305833,2.0
1927,40.0,7.0710678118654755,2.0
1928,17.0,0,1.0
1929,24.5,6.363961030678928,2.0
1930,69.0,0,1.0
1931,41.0,32.526911934581186,2.0
1933,32.5,10.606601717798213,2.0
1934,32.5,40.30508652763321,2.0
1935,23.0,22.627416997969522,2.0
1936,29.5,0.7071067811865476,2.0
1937,20.0,0,1.0
1938,23.0,11.313708498984761,2.0
1939,18.0,4.242640687119285,2.0
1940,39.0,0.0,2.0
1941,27.5,27.577164466275352,2.0
1942,39.5,43.1335136523794,2.0
1943,32.0,1.4142135623730951,2.0
1944,22.0,25.45584412271571,2.0
1945,25.0,0,1.0
1946,54.5,33.23401871576773,2.0
1947,21.0,0,1.0
1948,45.5,50.204581464244875,2.0
1949,26.0,0,1.0
1950,39.5,13.435028842544403,2.0
1951,4.0,2.8284271247461903,2.0
1952,11.0,0,1.0
1953,43.0,39.59797974644666,2.0
1954,8.0,1.4142135623730951,2.0
1955,51.0,0,1.0
1956,16.0,0,1.0
1957,13.5,17.67766952966369,2.0
1958,10.0,0,1.0
1959,28.0,0,1.0
1960,20.0,12.727922061357855,2.0
1961,23.5,31.81980515339464,2.0
1962,3.5,0.7071067811865476,2.0
1963,3.5,2.1213203435596424,2.0
1964,53.0,22.627416997969522,2.0
1965,18.0,0,1.0
1967,7.0,0,1.0
1968,29.0,22.627416997969522,2.0
1969,9.5,10.606601717798213,2.0
1971,6.0,0,1.0
1972,54.0,0,1.0
1973,6.0,0,1.0
1974,62.0,0,1.0
1975,15.0,0,1.0
1976,25.0,0,1.0
1978,37.5,3.5355339059327378,2.0
1979,30.5,27.577164466275352,2.0
1980,33.0,0,1.0
1981,46.0,0,1.0
1982,42.0,0,1.0
1984,13.0,0,1.0
1985,5.0,0,1.0
1987,1.0,0,1.0
1988,25.0,0,1.0
1989,36.5,24.748737341529164,2.0
1990,10.5,0.7071067811865476,2.0
1991,32.5,7.7781745930520225,2.0
1992,12.0,0,1.0
1994,34.5,4.949747468305833,2.0
1995,2.0,0,1.0
1996,28.0,16.97056274847714,2.0
1998,10.5,7.7781745930520225,2.0
1999,43.0,49.49747468305833,2.0
2000,25.0,33.94112549695428,2.0
2001,28.5,10.606601717798213,2.0
2002,29.0,0,1.0
2004,8.0,0,1.0
2005,71.0,0,1.0
2006,5.0,5.656854249492381,2.0
2007,18.0,0,1.0
2009,2.5,2.1213203435596424,2.0
2010,13.0,12.727922061357855,2.0
2011,6.5,7.7781745930520225,2.0
2012,3.0,0,1.0
2013,5.5,6.363961030678928,2.0
2014,7.5,9.192388155425117,2.0
2015,1.0,0,1.0
2016,66.0,0,1.0
2017,22.0,0,1.0
2018,2.0,0.0,2.0
2019,15.0,16.97056274847714,2.0
2020,8.0,0,1.0
2021,41.0,45.254833995939045,2.0
2022,6.0,0,1.0
2023,20.0,0,1.0
2024,11.0,0,1.0
2027,66.0,0,1.0
2029,3.0,0,1.0
2030,9.0,0,1.0
2031,21.5,14.849242404917497,2.0
2032,6.0,0,1.0
2033,41.5,55.86143571373726,2.0
2034,18.0,0,1.0
2035,15.0,11.313708498984761,2.0
2036,9.5,0.7071067811865476,2.0
2037,13.0,0,1.0
2038,3.0,0,1.0
2040,78.0,0,1.0
2041,20.0,19.79898987322333,2.0
2042,17.0,7.0710678118654755,2.0
2044,13.0,0,1.0
2045,5.5,4.949747468305833,2.0
2047,39.5,21.920310216782973,2.0
2048,26.0,35.35533905932738,2.0
2049,22.0,28.284271247461902,2.0
2052,13.0,0,1.0
2053,58.0,15.556349186104045,2.0
2054,10.0,9.899494936611665,2.0
2055,7.5,3.5355339059327378,2.0
2056,29.5,17.67766952966369,2.0
2057,59.5,24.748737341529164,2.0
2058,10.5,13.435028842544403,2.0
2059,11.0,5.656854249492381,2.0
2060,78.0,0,1.0
2061,62.5,6.363961030678928,2.0
2063,10.0,0,1.0
2064,32.0,0,1.0
2065,38.0,0,1.0
2066,38.0,9.899494936611665,2.0
2068,9.5,12.020815280171307,2.0
2070,16.0,0,1.0
2072,31.0,0,1.0
2073,26.0,12.727922061357855,2.0
2074,1.0,0,1.0
2075,19.5,20.506096654409877,2.0
2076,11.5,13.435028842544403,2.0
2077,15.5,16.263455967290593,2.0
2078,22.5,27.577164466275352,2.0
2079,42.0,0,1.0
2080,4.5,0.7071067811865476,2.0
2081,19.0,0,1.0
2082,13.0,0,1.0
2083,7.5,6.363961030678928,2.0
2084,24.0,0,1.0
2085,4.0,0,1.0
2087,45.0,0,1.0
2088,29.0,0,1.0
2089,57.5,30.405591591021544,2.0
2090,2.5,0.7071067811865476,2.0
2091,4.0,0,1.0
2092,35.0,0,1.0
2093,15.0,0,1.0
2095,51.0,0,1.0
2097,2.5,0.7071067811865476,2.0
2098,23.0,26.870057685088806,2.0
2099,6.0,0,1.0
2100,10.0,0,1.0
2101,9.0,7.0710678118654755,2.0
2102,28.0,0,1.0
2103,22.0,12.727922061357855,2.0
2104,8.0,7.0710678118654755,2.0
2107,20.0,0,1.0
2108,4.0,0,1.0
2109,13.0,0,1.0
2110,38.0,0,1.0
2111,23.0,0,1.0
2113,25.5,34.64823227814083,2.0
2114,10.0,0,1.0
2115,1.0,0,1.0
2116,29.0,39.59797974644666,2.0
2118,22.0,0,1.0
2119,2.0,0,1.0
2120,9.5,9.192388155425117,2.0
2121,27.0,11.313708498984761,2.0
2122,10.5,12.020815280171307,2.0
2123,8.0,0,1.0
2124,50.0,0,1.0
2125,33.0,4.242640687119285,2.0
2126,8.0,5.656854249492381,2.0
2127,18.0,0,1.0
2128,61.0,0,1.0
2129,15.5,17.67766952966369,2.0
2130,14.0,0,1.0
2132,38.0,11.313708498984761,2.0
2133,3.5,2.1213203435596424,2.0
2134,3.0,0,1.0
2135,24.0,1.4142135623730951,2.0
2136,13.0,1.4142135623730951,2.0
2137,69.0,0,1.0
2138,15.0,0,1.0
2139,28.5,37.476659402887016,2.0
2140,1.0,0,1.0
2141,8.0,0,1.0
2143,11.5,10.606601717798213,2.0
2144,8.0,0,1.0
2145,63.0,8.48528137423857,2.0
2146,66.0,0,1.0
2147,4.0,0,1.0
2148,15.0,0,1.0
2149,5.0,0,1.0
2150,7.0,7.0710678118654755,2.0
2151,66.0,0,1.0
2152,26.0,22.627416997969522,2.0
2153,11.0,0,1.0
2154,72.0,8.48528137423857,2.0
2155,20.5,0.7071067811865476,2.0
2156,34.0,0,1.0
2157,36.5,41.71930009000631,2.0
2158,28.5,36.062445840513924,2.0
2159,46.5,16.263455967290593,2.0
2160,44.0,0,1.0
2161,25.0,0,1.0
2162,30.0,0,1.0
2164,20.0,0,1.0
2165,3.0,0,1.0
2167,23.0,0,1.0
2168,1.0,0,1.0
2170,69.0,0,1.0
2171,28.0,36.76955262170047,2.0
2173,14.0,7.0710678118654755,2.0
2176,36.0,0,1.0
2179,5.5,0.7071067811865476,2.0
2180,74.0,0,1.0
2185,16.0,0,1.0
2186,32.0,0,1.0
2187,13.5,17.67766952966369,2.0
2188,3.0,0,1.0
2189,57.0,0,1.0
2190,25.0,0,1.0
2191,3.0,0,1.0
2192,4.0,2.8284271247461903,2.0
2193,12.0,0,1.0
2194,37.0,9.899494936611665,2.0
2195,39.5,12.020815280171307,2.0
2196,30.0,33.94112549695428,2.0
2197,46.0,31.11269837220809,2.0
2198,22.0,0,1.0
2199,17.0,0,1.0
2200,44.0,35.35533905932738,2.0
2201,79.0,0,1.0
2202,5.0,5.656854249492381,2.0
2203,40.5,48.79036790187178,2.0
2204,12.0,0,1.0
2205,22.0,25.45584412271571,2.0
2206,69.0,0,1.0
2207,4.0,0,1.0
2208,19.0,0,1.0
2209,17.0,14.142135623730951,2.0
2210,24.5,6.363961030678928,2.0
2211,31.0,0,1.0
2212,37.0,0,1.0
2213,5.0,0,1.0
2214,16.5,9.192388155425117,2.0
2215,6.5,6.363961030678928,2.0
2216,16.0,1.4142135623730951,2.0
2217,37.0,0,1.0
2218,2.0,0,1.0
2219,25.0,0,1.0
2220,11.5,0.7071067811865476,2.0
2221,44.0,0,1.0
2223,33.5,40.30508652763321,2.0
2224,10.0,0,1.0
2226,46.0,0,1.0
2227,59.0,8.48528137423857,2.0
2228,24.5,16.263455967290593,2.0
2229,44.0,0,1.0
2230,38.0,0,1.0
2231,49.5,24.748737341529164,2.0
2232,7.0,4.242640687119285,2.0
2234,23.5,6.363961030678928,2.0
2235,2.0,0,1.0
2236,67.0,0,1.0
2237,12.0,0,1.0
2238,10.0,0,1.0
2239,29.0,0,1.0
2240,41.0,0,1.0
2241,23.5,23.33452377915607,2.0
2242,8.0,2.8284271247461903,2.0
2244,21.0,22.627416997969522,2.0
2245,17.5,2.1213203435596424,2.0
2246,38.5,36.062445840513924,2.0
2249,19.0,16.97056274847714,2.0
2251,63.0,0,1.0
2252,27.5,27.577164466275352,2.0
2253,32.5,44.54772721475249,2.0
2254,7.0,0.0,2.0
2255,18.5,24.748737341529164,2.0
2256,48.0,0,1.0
2257,42.0,0,1.0
2258,44.0,0,1.0
2260,8.0,0,1.0
2261,31.0,0,1.0
2262,39.0,0,1.0
2264,6.0,0,1.0
2265,11.0,0,1.0
2266,7.0,0,1.0
2267,10.0,0,1.0
2270,19.0,25.45584412271571,2.0
2271,72.0,0,1.0
2272,13.0,0,1.0
2273,22.5,30.405591591021544,2.0
2274,52.0,0,1.0
2275,45.0,50.91168824543142,2.0
2276,9.0,8.48528137423857,2.0
2277,37.0,2.8284271247461903,2.0
2278,21.0,0,1.0
2279,28.5,31.81980515339464,2.0
2280,22.5,30.405591591021544,2.0
2281,14.5,10.606601717798213,2.0
2282,40.0,0,1.0
2283,9.0,0,1.0
2284,3.0,0,1.0
2285,32.0,8.48528137423857,2.0
2287,56.0,0,1.0
2288,7.0,0,1.0
2289,27.0,0,1.0
2291,4.0,0,1.0
2292,55.0,0,1.0
2293,16.0,21.213203435596427,2.0
2294,23.5,28.991378028648448,2.0
2295,41.0,0,1.0
2296,9.0,0,1.0
2297,15.0,19.79898987322333,2.0
2298,3.0,0,1.0
2299,2.0,1.4142135623730951,2.0
2300,50.0,0,1.0
2301,41.0,0,1.0
2303,29.0,39.59797974644666,2.0
2305,51.0,0,1.0
2306,26.0,0,1.0
2307,40.0,0,1.0
2308,6.0,0,1.0
2309,41.0,56.568542494923804,2.0
2310,20.0,0,1.0
2311,43.5,10.606601717798213,2.0
2312,19.5,24.748737341529164,2.0
2313,50.0,0,1.0
2314,47.0,0,1.0
2315,41.5,28.991378028648448,2.0
2317,32.5,20.506096654409877,2.0
2318,28.0,5.656854249492381,2.0
2319,33.0,0,1.0
2320,13.5,10.606601717798213,2.0
2321,62.0,0,1.0
2322,13.0,0,1.0
2323,28.0,33.94112549695428,2.0
2324,15.0,0,1.0
2325,32.5,17.67766952966369,2.0
2326,4.5,2.1213203435596424,2.0
2327,17.0,5.656854249492381,2.0
2328,6.0,4.242640687119285,2.0
2329,2.0,0,1.0
2330,9.0,8.48528137423857,2.0
2332,13.0,0,1.0
2333,3.0,0,1.0
2334,44.0,45.254833995939045,2.0
2335,21.5,28.991378028648448,2.0
2336,17.0,0,1.0
2337,12.0,11.313708498984761,2.0
2338,14.5,9.192388155425117,2.0
2339,2.0,0,1.0
2340,34.0,18.384776310850235,2.0
2341,26.5,23.33452377915607,2.0
2342,16.0,0,1.0
2343,39.0,0,1.0
2344,11.0,0,1.0
2345,8.0,1.4142135623730951,2.0
2346,21.0,0,1.0
2347,17.0,0,1.0
2348,16.5,19.091883092036785,2.0
2350,67.0,0,1.0
2351,69.0,0,1.0
2352,38.0,0,1.0
2353,1.0,0,1.0
2354,51.0,0,1.0
2355,5.0,0,1.0
2356,25.5,30.405591591021544,2.0
2357,74.0,0,1.0
2358,5.5,3.5355339059327378,2.0
2359,33.0,33.94112549695428,2.0
2360,11.0,0,1.0
2361,6.5,4.949747468305833,2.0
2362,12.0,0,1.0
2363,23.0,0,1.0
2364,35.0,9.899494936611665,2.0
2365,36.0,0,1.0
2366,11.0,11.313708498984761,2.0
2367,15.5,3.5355339059327378,2.0
2368,42.0,0,1.0
2369,6.0,0.0,2.0
2370,6.5,6.363961030678928,2.0
2371,13.0,0,1.0
2372,14.0,0,1.0
2373,30.0,5.656854249492381,2.0
2374,12.0,0,1.0
2375,37.0,0,1.0
2376,26.0,18.384776310850235,2.0
2377,53.5,17.67766952966369,2.0
2378,39.0,0,1.0
2379,20.0,0,1.0
2380,12.0,0,1.0
2381,5.0,0,1.0
2382,38.5,38.890872965260115,2.0
2383,1.0,0,1.0
2384,5.0,0,1.0
2385,40.0,21.213203435596427,2.0
2387,25.0,0,1.0
2388,16.5,21.920310216782973,2.0
2389,11.5,4.949747468305833,2.0
2391,5.0,5.656854249492381,2.0
2392,65.0,0,1.0
2394,11.0,0,1.0
2395,3.0,0,1.0
2396,7.5,2.1213203435596424,2.0
2397,31.0,41.012193308819754,2.0
2398,20.0,0,1.0
2399,18.0,0,1.0
2400,23.0,0,1.0
2401,47.0,0,1.0
2402,22.0,0,1.0
2403,4.5,3.5355339059327378,2.0
2404,26.5,26.16295090390226,2.0
2405,21.0,18.384776310850235,2.0
2406,3.0,0,1.0
2407,18.0,12.727922061357855,2.0
2409,2.0,0,1.0
2410,20.5,7.7781745930520225,2.0
2411,35.0,33.94112549695428,2.0
2412,24.0,0,1.0
2413,25.5,2.1213203435596424,2.0
2414,42.5,44.54772721475249,2.0
2415,33.0,21.213203435596427,2.0
2417,14.0,4.242640687119285,2.0
2418,16.5,16.263455967290593,2.0
2419,62.0,0,1.0
2420,18.5,2.1213203435596424,2.0
2422,24.0,21.213203435596427,2.0
2423,19.5,0.7071067811865476,2.0
2424,34.5,47.37615433949868,2.0
2425,19.5,10.606601717798213,2.0
2426,13.5,6.363961030678928,2.0
2427,15.0,0,1.0
2428,7.0,5.656854249492381,2.0
2429,18.5,6.363961030678928,2.0
2430,76.0,0,1.0
2431,82.0,0,1.0
2432,39.0,2.8284271247461903,2.0
2433,17.0,19.79898987322333,2.0
2434,13.5,10.606601717798213,2.0
2435,40.0,0,1.0
2436,55.0,14.142135623730951,2.0
2437,11.0,0,1.0
2438,18.0,0,1.0
2439,29.0,28.284271247461902,2.0
2440,24.5,12.020815280171307,2.0
2441,9.0,0,1.0
2442,56.0,0,1.0
2443,38.5,21.920310216782973,2.0
2444,10.5,4.949747468305833,2.0
2445,26.5,23.33452377915607,2.0
2446,2.0,0,1.0
2447,30.0,0,1.0
2448,6.0,0,1.0
2449,35.0,7.0710678118654755,2.0
2451,52.0,0,1.0
2452,66.5,9.192388155425117,2.0
2453,38.0,0,1.0
2454,4.5,3.5355339059327378,2.0
2455,8.0,0,1.0
2456,3.0,0,1.0
2457,3.0,0,1.0
2458,1.0,0,1.0
2459,11.0,1.4142135623730951,2.0
2460,23.5,16.263455967290593,2.0
2461,20.0,0,1.0
2463,36.0,16.97056274847714,2.0
2464,53.0,0,1.0
2465,8.0,0,1.0
2466,20.0,5.656854249492381,2.0
2467,12.5,9.192388155425117,2.0
2468,17.5,16.263455967290593,2.0
2469,23.0,25.45584412271571,2.0
2470,44.0,0,1.0
2471,42.5,4.949747468305833,2.0
2473,27.0,0,1.0
2474,43.0,0,1.0
2476,67.0,0,1.0
2477,27.5,36.062445840513924,2.0
2478,4.0,0,1.0
2479,42.0,0,1.0
2480,56.0,0,1.0
2481,62.0,0,1.0
2482,6.0,0,1.0
2483,10.0,0,1.0
2484,41.0,0,1.0
2485,65.0,0,1.0
2486,46.5,17.67766952966369,2.0
2487,43.0,1.4142135623730951,2.0
2488,23.5,9.192388155425117,2.0
2489,39.5,27.577164466275352,2.0
2490,6.5,3.5355339059327378,2.0
2491,7.0,1.4142135623730951,2.0
2492,44.0,0,1.0
2494,21.5,21.920310216782973,2.0
2496,16.5,20.506096654409877,2.0
2497,26.0,0,1.0
2498,16.0,15.556349186104045,2.0
2499,3.0,0,1.0
2500,9.5,6.363961030678928,2.0
2501,9.0,0,1.0
2502,14.0,0,1.0
2503,6.5,3.5355339059327378,2.0
2504,36.0,0,1.0
2505,6.0,0,1.0
2506,1.0,0,1.0
2507,15.5,7.7781745930520225,2.0
2508,31.5,20.506096654409877,2.0
2509,7.0,0,1.0
2510,4.0,0,1.0
2512,48.0,0,1.0
2513,5.5,6.363961030678928,2.0
2514,10.0,0,1.0
2515,11.0,2.8284271247461903,2.0
2516,23.0,0,1.0
2517,76.0,0,1.0
2519,30.0,0,1.0
2520,15.0,0,1.0
2521,8.0,0,1.0
2522,30.5,33.23401871576773,2.0
2524,29.5,19.091883092036785,2.0
2525,11.0,0,1.0
2526,20.0,0,1.0
2527,76.0,0,1.0
2528,22.0,12.727922061357855,2.0
2529,4.0,0,1.0
2530,18.0,0,1.0
2531,32.0,0,1.0
2532,41.0,0,1.0
2533,34.0,0,1.0
2534,47.0,26.870057685088806,2.0
2539,21.0,0,1.0
2540,76.0,0,1.0
2541,61.0,0,1.0
2542,32.0,0,1.0
2543,45.0,0,1.0
2544,7.0,0,1.0
2545,54.0,0,1.0
2546,11.0,0,1.0
2548,19.0,0,1.0
2549,44.0,0,1.0
2550,29.0,0,1.0
2552,12.0,0,1.0
2554,19.0,0,1.0
2556,22.5,19.091883092036785,2.0
2557,77.0,0,1.0
2558,23.5,9.192388155425117,2.0
2561,31.0,0,1.0
2564,13.0,16.97056274847714,2.0
2565,19.0,0,1.0
2566,3.0,0,1.0
2567,20.0,0,1.0
2568,11.0,0,1.0
2569,46.0,32.526911934581186,2.0
2570,18.0,0,1.0
2571,71.0,0,1.0
2572,49.0,0,1.0
2575,34.5,20.506096654409877,2.0
2576,20.5,14.849242404917497,2.0
2577,1.0,0,1.0
2578,15.0,0,1.0
2579,53.0,0,1.0
2582,19.0,15.556349186104045,2.0
2583,16.0,0,1.0
2584,67.0,0,1.0
2585,33.0,42.42640687119285,2.0
2586,9.0,0,1.0
2587,65.0,0,1.0
2588,18.0,11.313708498984761,2.0
2589,50.0,0,1.0
2591,41.0,26.870057685088806,2.0
2592,9.0,0,1.0
2594,15.0,0,1.0
2595,54.0,0,1.0
2596,10.0,0,1.0
2597,57.0,0,1.0
2598,21.0,0,1.0
2599,30.0,0,1.0
2600,31.5,37.476659402887016,2.0
2601,51.0,0,1.0
2602,2.0,0,1.0
2603,35.0,0,1.0
2605,8.0,0,1.0
2606,4.0,0,1.0
2607,24.0,0,1.0
2608,28.5,19.091883092036785,2.0
2609,34.0,0,1.0
2611,47.0,32.526911934581186,2.0
2612,35.0,0,1.0
2613,30.0,0,1.0
2614,20.0,19.79898987322333,2.0
2615,26.5,9.192388155425117,2.0
2616,13.0,0,1.0
2617,49.0,0,1.0
2618,12.5,7.7781745930520225,2.0
2619,37.5,12.020815280171307,2.0
2620,6.0,0,1.0
2621,12.0,0,1.0
2623,51.0,19.79898987322333,2.0
2624,10.5,7.7781745930520225,2.0
2625,42.0,49.49747468305833,2.0
2626,31.0,31.11269837220809,2.0
2627,43.5,53.033008588991066,2.0
2628,16.0,0,1.0
2629,4.0,0,1.0
2630,63.0,14.142135623730951,2.0
2632,49.5,27.577164466275352,2.0
2633,17.0,0,1.0
2634,29.0,0,1.0
2635,11.5,9.192388155425117,2.0
2636,36.0,0,1.0
2637,28.0,0,1.0
2638,23.5,10.606601717798213,2.0
2639,4.0,0,1.0
2640,49.0,46.66904755831214,2.0
2641,62.5,0.7071067811865476,2.0
2642,16.0,0,1.0
2643,35.0,28.284271247461902,2.0
2644,38.5,9.192388155425117,2.0
2645,41.0,0,1.0
2646,63.0,24.041630560342615,2.0
2647,3.0,0,1.0
2648,67.0,0,1.0
2649,44.0,0,1.0
2650,15.0,0,1.0
2651,35.0,0,1.0
2652,13.5,3.5355339059327378,2.0
2653,40.5,37.476659402887016,2.0
2654,37.5,44.54772721475249,2.0
2655,2.5,0.7071067811865476,2.0
2656,54.0,15.556349186104045,2.0
2657,63.0,0,1.0
2658,55.0,0,1.0
2659,4.0,0,1.0
2660,42.0,43.840620433565945,2.0
2661,15.0,0,1.0
2662,6.0,7.0710678118654755,2.0
2663,23.5,30.405591591021544,2.0
2664,11.0,0,1.0
2665,3.0,0,1.0
2666,35.5,34.64823227814083,2.0
2667,18.5,23.33452377915607,2.0
2668,82.0,0,1.0
2669,35.0,0,1.0
2670,19.5,13.435028842544403,2.0
2671,30.5,14.849242404917497,2.0
2672,34.0,46.66904755831214,2.0
2674,22.0,29.698484809834994,2.0
2675,27.0,0,1.0
2676,14.5,3.5355339059327378,2.0
2677,25.0,0,1.0
2678,14.0,0,1.0
2679,30.0,22.627416997969522,2.0
2680,5.5,3.5355339059327378,2.0
2681,1.0,0,1.0
2682,11.0,0,1.0
2683,49.0,39.59797974644666,2.0
2684,29.5,7.7781745930520225,2.0
2685,8.0,7.0710678118654755,2.0
2686,50.0,0,1.0
2687,13.0,0,1.0
2688,33.0,0,1.0
2689,5.0,2.8284271247461903,2.0
2690,48.5,17.67766952966369,2.0
2692,46.0,0,1.0
2693,21.0,15.556349186104045,2.0
2694,18.0,0,1.0
2695,59.0,0,1.0
2696,45.0,0,1.0
2697,15.0,0.0,2.0
2698,78.0,0,1.0
2699,15.5,14.849242404917497,2.0
2700,22.0,0.0,2.0
2701,27.0,0,1.0
2702,26.0,0,1.0
2703,48.5,24.748737341529164,2.0
2704,29.0,0,1.0
2705,26.5,10.606601717798213,2.0
2706,5.0,5.656854249492381,2.0
2708,13.0,0,1.0
2709,31.5,41.71930009000631,2.0
2710,27.0,0,1.0
2711,33.5,44.54772721475249,2.0
2712,3.0,0,1.0
2713,20.0,0,1.0
2714,5.0,0,1.0
2715,10.0,8.48528137423857,2.0
2716,40.5,10.606601717798213,2.0
2717,41.0,0,1.0
2718,8.5,4.949747468305833,2.0
2719,16.5,12.020815280171307,2.0
2720,46.0,25.45584412271571,2.0
2721,37.5,4.949747468305833,2.0
2722,30.0,21.213203435596427,2.0
2723,24.0,0.0,2.0
2724,22.5,16.263455967290593,2.0
2725,2.0,0,1.0
2726,32.0,0,1.0
2727,10.5,12.020815280171307,2.0
2728,22.0,9.899494936611665,2.0
2729,24.0,24.041630560342615,2.0
2730,3.0,0,1.0
2731,25.5,9.192388155425117,2.0
2732,17.0,21.213203435596427,2.0
2733,6.5,4.949747468305833,2.0
2734,2.0,0,1.0
2735,31.0,29.698484809834994,2.0
2736,36.0,29.698484809834994,2.0
2737,12.5,4.949747468305833,2.0
2738,24.5,7.7781745930520225,2.0
2739,11.5,3.5355339059327378,2.0
2740,17.0,0,1.0
2741,10.0,2.8284271247461903,2.0
2742,21.0,0,1.0
2743,6.0,0,1.0
2744,30.0,0,1.0
2745,33.0,41.012193308819754,2.0
2746,1.0,0,1.0
2747,24.0,14.142135623730951,2.0
2748,10.5,13.435028842544403,2.0
2749,23.0,14.142135623730951,2.0
2750,66.0,0,1.0
2751,45.0,0,1.0
2752,10.0,1.4142135623730951,2.0
2753,17.0,0,1.0
2754,4.0,0,1.0
2755,25.0,25.45584412271571,2.0
2756,51.0,0,1.0
2757,20.0,22.627416997969522,2.0
2758,49.0,4.242640687119285,2.0
2759,25.0,0,1.0
2760,23.5,13.435028842544403,2.0
2761,17.0,0,1.0
2762,5.0,0,1.0
2763,38.0,41.012193308819754,2.0
2764,14.5,3.5355339059327378,2.0
2765,34.5,2.1213203435596424,2.0
2766,79.0,0,1.0
2767,26.0,0,1.0
2768,33.0,11.313708498984761,2.0
2770,35.0,0,1.0
2771,9.0,0,1.0
2772,11.5,3.5355339059327378,2.0
2773,3.0,0,1.0
2774,32.5,21.920310216782973,2.0
2775,18.5,3.5355339059327378,2.0
2776,67.0,0,1.0
2777,51.0,0,1.0
2778,3.0,0,1.0
2779,54.0,21.213203435596427,2.0
2780,21.0,0,1.0
2781,28.0,18.384776310850235,2.0
2782,5.0,0,1.0
2783,81.0,0,1.0
2786,26.0,0,1.0
2787,24.0,0,1.0
2788,50.5,24.748737341529164,2.0
2789,66.0,0,1.0
2790,10.5,4.949747468305833,2.0
2791,56.0,4.242640687119285,2.0
2792,29.0,29.698484809834994,2.0
2793,11.5,13.435028842544403,2.0
2794,5.0,0,1.0
2795,73.0,0,1.0
2796,23.0,11.313708498984761,2.0
2797,10.0,0,1.0
2798,11.0,0,1.0
2799,45.0,48.08326112068523,2.0
2800,27.0,0,1.0
2802,36.5,44.54772721475249,2.0
2803,9.5,0.7071067811865476,2.0
2804,14.5,2.1213203435596424,2.0
2805,6.0,0,1.0
2806,5.5,3.5355339059327378,2.0
2808,31.5,10.606601717798213,2.0
2809,12.0,0,1.0
2810,26.0,0,1.0
2811,6.0,0,1.0
2812,20.0,0,1.0
2814,32.0,0,1.0
2815,42.0,0,1.0
2816,28.0,15.556349186104045,2.0
2817,43.5,30.405591591021544,2.0
2818,15.0,0,1.0
2819,2.0,0,1.0
2820,10.5,7.7781745930520225,2.0
2821,20.0,0,1.0
2822,27.0,0,1.0
2823,13.0,0.0,2.0
2824,23.0,0,1.0
2825,16.0,0,1.0
2827,25.0,0,1.0
2828,73.0,0,1.0
2829,55.5,19.091883092036785,2.0
2831,29.0,7.0710678118654755,2.0
2832,47.5,10.606601717798213,2.0
2833,17.0,4.242640687119285,2.0
2834,7.0,0,1.0
2835,32.0,1.4142135623730951,2.0
2836,33.0,0,1.0
2837,46.0,0,1.0
2838,18.0,21.213203435596427,2.0
2839,23.0,9.899494936611665,2.0
2840,20.5,16.263455967290593,2.0
2841,62.0,14.142135623730951,2.0
2842,29.0,0,1.0
2843,53.0,35.35533905932738,2.0
2844,22.0,0.0,2.0
2846,62.0,0,1.0
2847,50.5,36.062445840513924,2.0
2848,1.0,0,1.0
2849,54.0,0,1.0
2851,12.0,0,1.0
2852,29.0,25.45584412271571,2.0
2853,46.0,0,1.0
2854,22.0,0,1.0
2855,44.0,24.041630560342615,2.0
2856,8.5,3.5355339059327378,2.0
2857,64.0,0,1.0
2858,5.0,5.656854249492381,2.0
2859,12.5,2.1213203435596424,2.0
2860,43.5,14.849242404917497,2.0
2861,27.0,0,1.0
2862,68.0,0,1.0
2863,16.0,0,1.0
2865,38.5,31.81980515339464,2.0
2866,17.0,0,1.0
2867,40.5,40.30508652763321,2.0
2868,10.0,0,1.0
2869,20.5,0.7071067811865476,2.0
2870,12.5,4.949747468305833,2.0
2871,18.0,0,1.0
2872,15.0,0,1.0
2873,12.5,12.020815280171307,2.0
2874,29.5,38.890872965260115,2.0
2875,31.5,40.30508652763321,2.0
2876,8.0,8.48528137423857,2.0
2877,19.5,0.7071067811865476,2.0
2878,23.0,0,1.0
2879,13.5,14.849242404917497,2.0
2880,29.0,38.18376618407357,2.0
2881,24.5,10.606601717798213,2.0
2882,33.5,12.020815280171307,2.0
2883,7.5,9.192388155425117,2.0
2884,27.0,0,1.0
2885,7.5,7.7781745930520225,2.0
2886,3.0,0,1.0
2887,40.0,55.154328932550705,2.0
2888,7.0,0,1.0
2889,13.0,0,1.0
2890,10.0,0,1.0
2891,12.0,0,1.0
2892,61.0,0,1.0
2894,68.0,0,1.0
2898,6.5,7.7781745930520225,2.0
2899,40.0,0,1.0
2900,6.0,0,1.0
2902,40.5,24.748737341529164,2.0
2903,17.0,0,1.0
2904,1.0,0,1.0
2905,35.0,0,1.0
2906,1.0,0,1.0
2907,20.5,27.577164466275352,2.0
2908,81.0,0,1.0
2909,33.5,45.96194077712559,2.0
2910,3.0,0,1.0
2911,67.0,0,1.0
2912,13.0,0,1.0
2913,11.0,0,1.0
2915,27.5,16.263455967290593,2.0
2916,18.0,0,1.0
2917,32.0,8.48528137423857,2.0
2918,3.0,0.0,2.0
2919,4.5,2.1213203435596424,2.0
2920,6.0,0,1.0
2922,28.0,0,1.0
2923,8.0,0,1.0
2924,25.0,18.384776310850235,2.0
2927,7.0,4.242640687119285,2.0
2928,22.0,12.727922061357855,2.0
2929,2.0,0.0,2.0
2930,18.5,23.33452377915607,2.0
2931,15.5,12.020815280171307,2.0
2932,9.0,0,1.0
2933,21.0,24.041630560342615,2.0
2934,5.0,0,1.0
2935,2.0,0,1.0
2936,14.0,4.242640687119285,2.0
2938,32.0,18.384776310850235,2.0
2939,5.0,1.4142135623730951,2.0
2940,11.0,0,1.0
2941,16.5,13.435028842544403,2.0
2942,12.0,0,1.0
2943,5.5,2.1213203435596424,2.0
2944,2.0,0,1.0
2945,18.0,0,1.0
2949,29.0,0,1.0
2951,51.0,0,1.0
2952,1.0,0,1.0
2953,4.0,0,1.0
2954,15.0,0,1.0
2955,2.0,0,1.0
2956,36.0,0,1.0
2957,38.0,0,1.0
2958,21.0,0,1.0
2960,20.0,0,1.0
2961,10.0,0,1.0
2962,36.0,0,1.0
2965,2.0,0,1.0
2966,5.0,5.656854249492381,2.0
2967,23.5,7.7781745930520225,2.0
2968,12.0,0,1.0
2969,4.0,0,1.0
2970,1.0,0,1.0
2971,53.0,0,1.0
2972,17.5,3.5355339059327378,2.0
2974,16.5,4.949747468305833,2.0
2975,27.5,37.476659402887016,2.0
2976,5.0,0,1.0
2977,16.0,4.242640687119285,2.0
2979,8.0,0,1.0
2980,27.5,31.81980515339464,2.0
2981,20.0,26.870057685088806,2.0
2982,9.0,0,1.0
2983,24.5,19.091883092036785,2.0
2984,50.0,0,1.0
2985,2.0,0,1.0
2986,8.0,0,1.0
2987,31.5,36.062445840513924,2.0
2988,15.0,0,1.0
2990,36.5,4.949747468305833,2.0
2991,8.0,0.0,2.0
2992,4.0,0,1.0
2993,47.0,42.42640687119285,2.0
2994,8.0,0,1.0
2995,36.5,28.991378028648448,2.0
2996,4.0,0,1.0
2997,32.0,28.284271247461902,2.0
2998,27.0,5.656854249492381,2.0
2999,4.0,2.8284271247461903,2.0
3000,6.0,1.4142135623730951,2.0
3001,40.0,43.840620433565945,2.0
3002,5.5,0.7071067811865476,2.0
3003,11.0,4.242640687119285,2.0
3004,30.0,0,1.0
3005,30.0,0,1.0
3006,3.0,0,1.0
3008,21.0,2.8284271247461903,2.0
3009,11.0,8.48528137423857,2.0
3010,8.0,0,1.0
3011,7.5,4.949747468305833,2.0
3012,34.0,28.284271247461902,2.0
3013,34.0,0,1.0
3014,9.5,2.1213203435596424,2.0
3015,1.0,0,1.0
3016,69.0,0,1.0
3017,34.0,0,1.0
3018,22.0,0,1.0
3020,33.0,28.284271247461902,2.0
3021,16.5,21.920310216782973,2.0
3022,29.5,31.81980515339464,2.0
3023,2.0,0,1.0
3024,31.0,0,1.0
3025,7.0,4.242640687119285,2.0
3026,8.0,2.8284271247461903,2.0
3027,17.0,0,1.0
3028,30.0,0,1.0
3029,30.0,0,1.0
3030,17.0,1.4142135623730951,2.0
3031,3.0,0,1.0
3032,21.0,0,1.0
3034,10.0,5.656854249492381,2.0
3035,23.0,26.870057685088806,2.0
3036,10.0,2.8284271247461903,2.0
3037,6.0,0,1.0
3038,3.0,0,1.0
3039,54.5,12.020815280171307,2.0
3040,41.0,0,1.0
3041,15.0,11.313708498984761,2.0
3042,22.0,0,1.0
3043,28.0,0,1.0
3044,23.0,18.384776310850235,2.0
3045,5.0,0,1.0
3046,8.0,0,1.0
3047,4.0,0,1.0
3048,22.0,0,1.0
3049,1.0,0,1.0
3050,2.5,2.1213203435596424,2.0
3051,22.0,25.45584412271571,2.0
3052,6.0,0,1.0
3053,3.0,0,1.0
3054,35.0,0,1.0
3055,7.0,0,1.0
3056,2.0,0,1.0
3057,10.5,3.5355339059327378,2.0
3058,41.5,38.890872965260115,2.0
3059,3.0,0,1.0
3060,42.0,24.041630560342615,2.0
3061,7.0,0,1.0
3062,26.0,0,1.0
3064,58.0,19.79898987322333,2.0
3065,20.0,0,1.0
3066,13.0,0,1.0
3068,50.0,0,1.0
3069,17.0,5.656854249492381,2.0
3070,16.5,10.606601717798213,2.0
3071,4.0,0,1.0
3072,28.0,0,1.0
3073,16.5,4.949747468305833,2.0
3074,26.0,32.526911934581186,2.0
3075,26.0,26.870057685088806,2.0
3076,72.0,0,1.0
3077,17.0,0,1.0
3078,36.0,8.48528137423857,2.0
3079,38.5,10.606601717798213,2.0
3081,42.5,41.71930009000631,2.0
3082,21.5,17.67766952966369,2.0
3083,27.0,7.0710678118654755,2.0
3084,30.0,0,1.0
3085,31.0,38.18376618407357,2.0
3086,20.0,0,1.0
3087,12.0,0,1.0
3088,46.0,0,1.0
3089,62.0,0,1.0
3090,6.0,4.242640687119285,2.0
3091,42.5,0.7071067811865476,2.0
3093,28.0,0,1.0
3094,1.0,0,1.0
3095,13.0,8.48528137423857,2.0
3096,29.5,14.849242404917497,2.0
3097,77.0,0,1.0
3099,46.5,23.33452377915607,2.0
3100,15.0,0,1.0
3101,11.0,0,1.0
3102,23.0,15.556349186104045,2.0
3103,9.0,0,1.0
3106,41.5,50.204581464244875,2.0
3107,25.0,26.870057685088806,2.0
3108,22.0,0,1.0
3109,28.5,2.1213203435596424,2.0
3110,55.0,0,1.0
3111,4.5,4.949747468305833,2.0
3113,35.0,0,1.0
3116,9.0,0,1.0
3117,44.0,0,1.0
3118,17.0,0,1.0
3120,9.0,0,1.0
3121,17.0,0,1.0
3122,26.0,18.384776310850235,2.0
3123,15.0,1.4142135623730951,2.0
3124,8.0,0,1.0
3125,11.0,0,1.0
3126,3.0,0,1.0
3127,11.0,2.8284271247461903,2.0
3128,15.0,0,1.0
3129,16.0,0,1.0
3130,3.0,0,1.0
3131,27.0,0,1.0
3133,24.0,25.45584412271571,2.0
3134,8.0,0,1.0
3135,14.5,12.020815280171307,2.0
3136,36.0,26.870057685088806,2.0
3137,70.0,0,1.0
3138,14.0,0,1.0
3139,38.5,2.1213203435596424,2.0
3140,27.0,0,1.0
3141,9.0,9.899494936611665,2.0
3142,17.0,0,1.0
3143,42.0,0,1.0
3144,12.5,14.849242404917497,2.0
3145,27.0,0,1.0
3146,14.5,19.091883092036785,2.0
3147,51.0,16.97056274847714,2.0
3148,16.0,0,1.0
3149,17.5,3.5355339059327378,2.0
3150,31.0,14.142135623730951,2.0
3151,65.5,2.1213203435596424,2.0
3152,22.5,24.748737341529164,2.0
3154,45.5,13.435028842544403,2.0
3155,68.0,0,1.0
3156,14.5,0.7071067811865476,2.0
3157,34.5,30.405591591021544,2.0
3158,15.0,19.79898987322333,2.0
3160,16.0,0,1.0
3161,30.5,3.5355339059327378,2.0
3162,10.5,10.606601717798213,2.0
3164,36.0,19.79898987322333,2.0
3165,49.0,35.35533905932738,2.0
3166,66.0,0,1.0
3168,21.0,0,1.0
3169,21.0,0,1.0
3170,3.0,0,1.0
3171,33.0,0,1.0
3173,22.0,0,1.0
3174,44.5,51.61879502661797,2.0
3175,7.0,0,1.0
3176,21.0,0,1.0
3177,16.5,7.7781745930520225,2.0
3178,58.0,0,1.0
3180,24.0,0,1.0
3181,46.0,0,1.0
3182,52.0,0,1.0
3183,54.0,0,1.0
3184,33.0,2.8284271247461903,2.0
3187,31.0,21.213203435596427,2.0
3188,2.0,0,1.0
3189,54.0,0,1.0
3190,54.0,0,1.0
3191,8.0,0,1.0
3192,48.0,2.8284271247461903,2.0
3193,66.0,9.899494936611665,2.0
3194,5.0,0,1.0
3195,8.0,0,1.0
3196,17.0,0,1.0
3197,50.0,0,1.0
3198,29.0,0,1.0
3199,8.0,0,1.0
3200,4.0,0,1.0
3201,73.0,12.727922061357855,2.0
3202,3.0,0,1.0
3203,25.0,0,1.0
3204,62.0,0,1.0
3205,12.0,0,1.0
3207,3.0,0,1.0
3209,26.0,0,1.0
3210,66.0,0,1.0
3211,12.0,0,1.0
3213,33.0,7.0710678118654755,2.0
3214,65.0,0,1.0
3215,18.0,0,1.0
3216,76.0,0,1.0
3217,13.0,0,1.0
3219,14.0,2.8284271247461903,2.0
3220,40.0,0,1.0
3221,12.0,0,1.0
3222,27.0,0,1.0
3223,12.0,0,1.0
3224,42.0,0,1.0
3225,8.0,0,1.0
3226,42.0,0,1.0
3227,22.5,21.920310216782973,2.0
3228,7.5,2.1213203435596424,2.0
3229,4.0,0,1.0
3230,23.0,4.242640687119285,2.0
3231,14.0,9.899494936611665,2.0
3233,3.0,0,1.0
3234,6.0,0,1.0
3235,7.5,7.7781745930520225,2.0
3236,25.0,4.242640687119285,2.0
3237,19.0,0,1.0
3240,8.0,0,1.0
3241,42.5,16.263455967290593,2.0
3242,14.0,18.384776310850235,2.0
3243,23.5,20.506096654409877,2.0
3244,30.5,17.67766952966369,2.0
3245,40.5,53.033008588991066,2.0
3246,28.0,1.4142135623730951,2.0
3248,36.0,21.213203435596427,2.0
3249,67.0,0,1.0
3250,68.0,0,1.0
3251,10.0,0,1.0
3252,26.0,0,1.0
3253,62.0,0,1.0
3254,72.0,0,1.0
3255,5.0,0,1.0
3256,21.0,0,1.0
3257,17.5,20.506096654409877,2.0
3258,30.5,16.263455967290593,2.0
3259,3.0,0,1.0
3261,21.0,0,1.0
3262,33.0,0,1.0
3263,51.5,40.30508652763321,2.0
3264,35.0,0,1.0
3268,5.0,0,1.0
3269,2.0,0,1.0
3270,6.0,0,1.0
3271,6.0,0,1.0
3272,2.0,0,1.0
3274,39.0,0,1.0
3275,18.0,0,1.0
3276,27.0,0,1.0
3277,13.0,0,1.0
3278,31.0,0,1.0
3280,32.0,0,1.0
3281,2.0,0,1.0
3283,13.0,0,1.0
3284,1.0,0,1.0
3285,31.0,0,1.0
3286,31.0,0,1.0
3289,26.0,0,1.0
3290,11.0,0,1.0
3291,17.0,0,1.0
3292,6.0,0,1.0
3294,35.0,0,1.0
3295,30.0,0,1.0
3296,15.0,0,1.0
3297,22.0,0,1.0
3299,21.0,0,1.0
3300,38.0,0,1.0
3301,2.0,0,1.0
3302,3.0,0,1.0
3304,16.0,0,1.0
3305,21.0,0,1.0
3308,9.0,0,1.0
3309,42.0,0,1.0
3310,60.0,0,1.0
3311,27.0,0,1.0
3312,76.0,0,1.0
3313,43.0,0,1.0
3314,14.0,0,1.0
3315,25.0,22.627416997969522,2.0
3317,5.0,0,1.0
3318,15.0,0,1.0
3320,57.0,5.656854249492381,2.0
3321,21.0,0,1.0
3323,25.0,0,1.0
3325,12.0,0,1.0
3326,12.0,0,1.0
3327,13.0,0,1.0
3328,11.0,0,1.0
3329,5.0,0,1.0
3330,17.0,0,1.0
3331,40.5,36.062445840513924,2.0
3332,7.0,0,1.0
3333,12.0,0,1.0
3334,30.0,0,1.0
3336,16.0,0,1.0
3337,4.0,0,1.0
3338,71.0,0,1.0
3339,8.0,0,1.0
3340,14.0,0,1.0
3341,45.5,6.363961030678928,2.0
3342,44.0,0,1.0
3343,38.0,0,1.0
3345,18.0,0,1.0
3346,20.0,0,1.0
3347,9.5,3.5355339059327378,2.0
3348,12.0,0,1.0
3352,67.0,21.213203435596427,2.0
3353,79.0,0,1.0
3354,11.0,0,1.0
3356,55.5,36.062445840513924,2.0
3358,11.0,0,1.0
3359,46.5,37.476659402887016,2.0
3360,8.0,0,1.0
3361,55.0,0,1.0
3362,18.0,0,1.0
3363,2.0,0,1.0
3364,66.0,0,1.0
3365,13.0,0,1.0
3366,16.0,0,1.0
3367,46.0,0,1.0
3368,40.0,0,1.0
3369,12.0,0,1.0
3370,30.0,0,1.0
3371,29.5,20.506096654409877,2.0
3373,45.0,0,1.0
3374,62.0,0,1.0
3376,59.0,0,1.0
3378,20.0,0,1.0
3379,43.0,41.012193308819754,2.0
3381,36.0,32.526911934581186,2.0
3383,60.0,4.242640687119285,2.0
3384,30.0,7.0710678118654755,2.0
3386,6.0,0,1.0
3388,43.0,0,1.0
3389,35.0,0,1.0
3390,3.0,0,1.0
3391,1.0,0,1.0
3392,45.0,43.840620433565945,2.0
3393,57.0,0,1.0
3394,2.0,0,1.0
3395,75.0,0,1.0
3396,4.0,0,1.0
3397,15.0,0,1.0
3398,33.0,0,1.0
3400,34.0,0,1.0
3401,41.5,13.435028842544403,2.0
3403,28.0,35.35533905932738,2.0
3405,13.0,0,1.0
3406,41.0,0,1.0
3407,43.5,38.890872965260115,2.0
3408,23.0,0,1.0
3409,20.5,21.920310216782973,2.0
3410,19.0,0,1.0
3411,37.0,46.66904755831214,2.0
3412,45.0,46.66904755831214,2.0
3414,24.0,8.48528137423857,2.0
3415,49.5,21.920310216782973,2.0
3417,37.5,31.81980515339464,2.0
3418,62.0,0,1.0
3419,40.5,55.86143571373726,2.0
3420,18.0,4.242640687119285,2.0
3421,22.5,13.435028842544403,2.0
3422,14.0,0,1.0
3423,75.0,0,1.0
3424,17.5,19.091883092036785,2.0
3425,19.0,0,1.0
3426,14.5,12.020815280171307,2.0
3427,50.0,0,1.0
3428,34.0,0,1.0
3429,27.0,0,1.0
3430,58.0,0,1.0
3431,7.0,0,1.0
3432,3.0,0,1.0
3433,7.5,6.363961030678928,2.0
3434,36.0,0,1.0
3435,3.0,0,1.0
3437,11.0,0,1.0
3438,10.0,0,1.0
3439,35.0,0,1.0
3440,5.0,0,1.0
3441,26.0,19.79898987322333,2.0
3444,20.0,22.627416997969522,2.0
3445,29.0,0,1.0
3446,20.0,0,1.0
3447,42.0,0,1.0
3448,31.5,43.1335136523794,2.0
3449,14.0,0,1.0
3450,19.0,11.313708498984761,2.0
3451,7.0,0,1.0
3452,47.0,42.42640687119285,2.0
3453,8.0,0,1.0
3455,46.0,0,1.0
3456,23.0,26.870057685088806,2.0
3457,22.0,19.79898987322333,2.0
3458,55.0,0,1.0
3460,12.0,0,1.0
3461,52.5,36.062445840513924,2.0
3462,10.0,0,1.0
3463,4.5,3.5355339059327378,2.0
3464,32.0,0,1.0
3467,10.0,0,1.0
3468,28.0,0,1.0
3470,15.0,0,1.0
3471,68.0,0,1.0
3472,4.0,0,1.0
3473,1.0,0,1.0
3475,7.0,0,1.0
3476,16.0,0,1.0
3479,7.0,0,1.0
3480,20.0,0,1.0
3482,60.0,0,1.0
3484,8.0,0,1.0
3485,27.0,0,1.0
3487,30.5,31.81980515339464,2.0
3488,9.5,0.7071067811865476,2.0
3489,17.5,6.363961030678928,2.0
3490,13.5,6.363961030678928,2.0
3491,9.0,0,1.0
3492,11.5,2.1213203435596424,2.0
3493,23.0,0,1.0
3494,23.5,19.091883092036785,2.0
3495,9.5,10.606601717798213,2.0
3496,10.0,11.313708498984761,2.0
3497,4.0,0,1.0
3498,16.5,12.020815280171307,2.0
3500,17.0,0,1.0
3501,53.0,0,1.0
3502,13.0,0,1.0
3503,20.0,0,1.0
3504,46.0,0,1.0
3505,9.0,0,1.0
3506,7.5,9.192388155425117,2.0
3508,16.0,0,1.0
3509,32.0,0,1.0
3510,7.0,0,1.0
3511,12.0,0,1.0
3512,76.0,0,1.0
3514,5.0,0,1.0
3515,20.0,0,1.0
3516,9.0,0,1.0
3517,18.0,0,1.0
3518,35.0,0,1.0
3519,57.0,0,1.0
3520,23.0,22.627416997969522,2.0
3521,5.5,6.363961030678928,2.0
3522,50.0,0,1.0
3523,40.0,42.42640687119285,2.0
3524,26.0,0,1.0
3525,27.5,23.33452377915607,2.0
3526,19.5,19.091883092036785,2.0
3527,12.0,0,1.0
3528,12.0,0,1.0
3529,21.5,28.991378028648448,2.0
3530,49.0,9.899494936611665,2.0
3531,32.0,0,1.0
3532,22.0,0,1.0
3533,24.0,7.0710678118654755,2.0
3535,11.0,0,1.0
3536,43.0,0,1.0
3537,33.0,19.79898987322333,2.0
3538,22.5,0.7071067811865476,2.0
3539,2.0,0.0,2.0
3540,8.0,0,1.0
3542,7.0,0,1.0
3543,71.0,0,1.0
3547,1.0,0,1.0
3548,23.0,19.79898987322333,2.0
3549,20.5,10.606601717798213,2.0
3551,64.0,0,1.0
3552,5.0,2.8284271247461903,2.0
3553,3.0,0,1.0
3554,3.0,0,1.0
3555,10.5,7.7781745930520225,2.0
3556,62.0,0,1.0
3557,27.5,7.7781745930520225,2.0
3559,6.0,0,1.0
3560,42.0,0,1.0
3561,30.0,0,1.0
3562,8.0,0,1.0
3563,4.5,0.7071067811865476,2.0
3564,12.0,0,1.0
3565,10.5,10.606601717798213,2.0
3566,27.5,37.476659402887016,2.0
3567,67.0,0,1.0
3568,15.0,0,1.0
3569,49.5,21.920310216782973,2.0
3571,74.0,0,1.0
3572,10.0,0,1.0
3574,21.0,22.627416997969522,2.0
3575,43.5,36.062445840513924,2.0
3579,15.0,0,1.0
3580,54.0,0,1.0
3582,32.5,43.1335136523794,2.0
3583,22.5,28.991378028648448,2.0
3584,71.0,0,1.0
3585,73.0,0,1.0
3587,48.0,0,1.0
3588,33.0,0,1.0
3589,1.0,0,1.0
3590,68.0,0,1.0
3591,11.0,0,1.0
3592,23.5,27.577164466275352,2.0
3593,2.0,0,1.0
3594,64.0,0,1.0
3595,5.0,0,1.0
3597,38.5,17.67766952966369,2.0
3598,54.0,0,1.0
3599,31.0,0,1.0
3600,8.5,9.192388155425117,2.0
3601,49.5,44.54772721475249,2.0
3602,1.0,0,1.0
3604,59.0,0,1.0
3605,66.0,0,1.0
3607,36.5,14.849242404917497,2.0
3608,42.5,53.033008588991066,2.0
3610,47.0,0,1.0
3613,2.0,0,1.0
3614,18.0,0,1.0
3615,34.0,0,1.0
3616,56.0,0,1.0
3618,7.0,0,1.0
3619,64.0,0,1.0
3620,47.5,34.64823227814083,2.0
3621,39.0,0,1.0
3622,6.0,0,1.0
3624,31.0,36.76955262170047,2.0
3626,25.0,0,1.0
3627,25.0,0,1.0
3628,51.0,0,1.0
3629,20.0,0,1.0
3631,81.0,0,1.0
3634,31.5,4.949747468305833,2.0
3636,31.0,36.76955262170047,2.0
3637,77.0,0,1.0
3638,41.0,0,1.0
3640,36.0,0,1.0
3641,35.0,0,1.0
3644,22.0,0,1.0
3647,7.0,0,1.0
3649,6.0,0,1.0
3650,2.0,0,1.0
3652,5.0,0,1.0
3653,15.5,13.435028842544403,2.0
3657,17.5,16.263455967290593,2.0
3659,25.5,28.991378028648448,2.0
3661,40.5,13.435028842544403,2.0
3662,8.0,0,1.0
3663,33.0,0,1.0
3664,2.0,0,1.0
3665,18.0,0,1.0
3666,55.0,0,1.0
3668,24.0,0,1.0
3669,79.0,0,1.0
3671,16.0,0,1.0
3673,1.0,0,1.0
3675,18.0,0,1.0
3676,39.0,0,1.0
3677,42.0,0,1.0
3678,9.0,0,1.0
3679,38.0,45.254833995939045,2.0
3680,13.0,0,1.0
3682,18.0,0,1.0
3684,25.5,28.991378028648448,2.0
3685,66.0,0,1.0
3686,14.0,0,1.0
3687,7.0,0,1.0
3688,23.0,0,1.0
3689,30.0,0,1.0
3690,12.0,0,1.0
3691,28.5,23.33452377915607,2.0
3692,12.5,13.435028842544403,2.0
3693,40.0,43.840620433565945,2.0
3694,21.0,0.0,2.0
3695,13.5,13.435028842544403,2.0
3696,28.0,0,1.0
3697,8.5,6.363961030678928,2.0
3698,18.0,0,1.0
3701,21.5,17.67766952966369,2.0
3702,10.5,0.7071067811865476,2.0
3704,15.0,0,1.0
3705,25.0,33.94112549695428,2.0
3706,10.0,0,1.0
3708,4.0,0,1.0
3709,7.0,7.0710678118654755,2.0
3710,15.0,0,1.0
3712,45.5,27.577164466275352,2.0
3713,8.0,0,1.0
3714,56.0,0,1.0
3715,21.0,16.97056274847714,2.0
3717,31.0,8.48528137423857,2.0
3718,12.0,0,1.0
3719,20.0,0,1.0
3721,10.0,0,1.0
3722,30.0,5.656854249492381,2.0
3723,32.0,0,1.0
3724,48.0,0,1.0
3725,29.0,1.4142135623730951,2.0
3726,47.0,0,1.0
3727,45.0,0,1.0
3728,16.0,1.4142135623730951,2.0
3729,1.0,0,1.0
3730,52.0,0,1.0
3731,17.0,0,1.0
3732,17.5,6.363961030678928,2.0
3733,48.0,0,1.0
3734,73.0,0,1.0
3735,11.0,4.242640687119285,2.0
3736,46.0,0,1.0
3737,13.0,14.142135623730951,2.0
3739,28.5,7.7781745930520225,2.0
3740,40.5,31.81980515339464,2.0
3741,1.0,0,1.0
3743,33.0,15.556349186104045,2.0
3744,5.0,0,1.0
3745,23.5,4.949747468305833,2.0
3746,3.0,2.8284271247461903,2.0
3747,44.0,0,1.0
3748,31.0,25.45584412271571,2.0
3751,33.0,14.142135623730951,2.0
3752,5.0,0,1.0
3754,11.5,9.192388155425117,2.0
3755,16.0,15.556349186104045,2.0
3756,26.0,22.627416997969522,2.0
3757,74.0,0,1.0
3758,34.0,38.18376618407357,2.0
3759,27.5,36.062445840513924,2.0
3760,46.0,0,1.0
3761,40.0,0,1.0
3762,26.0,32.526911934581186,2.0
3763,18.0,0,1.0
3765,74.0,2.8284271247461903,2.0
3766,21.5,0.7071067811865476,2.0
3767,10.0,0,1.0
3768,21.0,0,1.0
3769,15.0,0,1.0
3770,27.5,27.577164466275352,2.0
3771,12.0,5.656854249492381,2.0
3773,8.5,3.5355339059327378,2.0
3774,42.5,0.7071067811865476,2.0
3775,6.0,0,1.0
3776,44.0,0,1.0
3777,2.0,0,1.0
3778,31.0,24.041630560342615,2.0
3779,4.0,0,1.0
3780,3.0,0.0,2.0
3781,36.5,26.16295090390226,2.0
3782,38.5,26.16295090390226,2.0
3783,2.0,0,1.0
3784,14.0,0,1.0
3785,14.0,12.727922061357855,2.0
3786,21.0,0,1.0
3787,26.0,2.8284271247461903,2.0
3788,26.5,16.263455967290593,2.0
3789,18.0,2.8284271247461903,2.0
3790,25.0,0,1.0
3791,18.5,17.67766952966369,2.0
3792,35.0,0,1.0
3793,36.0,49.49747468305833,2.0
3794,4.0,0,1.0
3795,48.5,44.54772721475249,2.0
3796,28.0,0,1.0
3797,12.0,4.242640687119285,2.0
3798,2.0,0,1.0
3799,16.0,0,1.0
3800,14.0,0,1.0
3801,2.0,0,1.0
3802,80.0,0,1.0
3803,1.0,0,1.0
3804,10.0,0,1.0
3805,1.0,0,1.0
3806,5.0,5.656854249492381,2.0
3808,30.0,0,1.0
3809,11.5,6.363961030678928,2.0
3810,16.0,0,1.0
3811,10.0,1.4142135623730951,2.0
3812,18.0,0,1.0
3813,7.5,6.363961030678928,2.0
3814,11.0,0,1.0
3815,7.5,6.363961030678928,2.0
3816,47.0,16.97056274847714,2.0
3817,2.0,0,1.0
3818,6.5,6.363961030678928,2.0
3819,9.0,0,1.0
3820,71.0,15.556349186104045,2.0
3821,13.0,15.556349186104045,2.0
3822,11.0,0,1.0
3823,38.0,24.041630560342615,2.0
3824,52.0,0,1.0
3825,43.0,42.42640687119285,2.0
3826,29.5,34.64823227814083,2.0
3827,6.0,0,1.0
3828,53.0,0,1.0
3830,20.0,0,1.0
3831,37.5,50.204581464244875,2.0
3832,13.0,1.4142135623730951,2.0
3833,35.5,48.79036790187178,2.0
3834,4.0,0,1.0
3835,65.0,0,1.0
3836,31.0,0,1.0
3837,14.0,0,1.0
3838,42.0,38.18376618407357,2.0
3840,29.0,0,1.0
3841,24.0,25.45584412271571,2.0
3842,15.0,0,1.0
3844,45.5,4.949747468305833,2.0
3845,9.0,0,1.0
3846,31.0,26.870057685088806,2.0
3847,21.0,11.313708498984761,2.0
3848,23.0,0,1.0
3850,41.0,26.870057685088806,2.0
3853,11.0,0,1.0
3854,31.0,18.384776310850235,2.0
3855,46.0,0,1.0
3856,19.0,0,1.0
3857,14.5,10.606601717798213,2.0
3859,22.0,8.48528137423857,2.0
3860,11.5,12.020815280171307,2.0
3861,26.0,0,1.0
3862,16.0,0,1.0
3863,9.5,2.1213203435596424,2.0
3864,50.0,0,1.0
3866,32.0,0,1.0
3867,24.5,7.7781745930520225,2.0
3868,18.5,2.1213203435596424,2.0
3869,25.0,15.556349186104045,2.0
3870,17.0,21.213203435596427,2.0
3871,7.5,9.192388155425117,2.0
3872,31.0,0,1.0
3873,41.0,43.840620433565945,2.0
3874,17.0,1.4142135623730951,2.0
3875,1.5,0.7071067811865476,2.0
3876,21.5,3.5355339059327378,2.0
3877,24.0,21.213203435596427,2.0
3878,23.0,16.97056274847714,2.0
3879,13.0,11.313708498984761,2.0
3880,22.0,8.48528137423857,2.0
3881,48.5,16.263455967290593,2.0
3883,22.0,0,1.0
3884,20.0,25.45584412271571,2.0
3885,17.0,0,1.0
3886,24.0,0,1.0
3887,3.0,0,1.0
3888,33.0,7.0710678118654755,2.0
3890,6.0,0,1.0
3891,30.5,26.16295090390226,2.0
3892,7.5,9.192388155425117,2.0
3893,33.5,24.748737341529164,2.0
3894,26.0,0,1.0
3895,38.0,0,1.0
3896,2.0,0,1.0
3897,33.0,0,1.0
3898,45.0,0,1.0
3899,48.0,0,1.0
3900,29.0,0,1.0
3901,23.0,0,1.0
3902,21.0,0,1.0
3903,42.0,12.727922061357855,2.0
3904,27.5,27.577164466275352,2.0
3905,51.5,27.577164466275352,2.0
3907,23.0,0,1.0
3908,40.5,23.33452377915607,2.0
3909,49.0,0,1.0
3910,21.0,0,1.0
3912,40.0,0,1.0
3913,28.0,8.48528137423857,2.0
3914,13.5,16.263455967290593,2.0
3915,20.0,0,1.0
3916,15.0,18.384776310850235,2.0
3917,10.0,0,1.0
3918,35.5,45.96194077712559,2.0
3919,23.0,0,1.0
3920,37.5,17.67766952966369,2.0
3921,24.5,6.363961030678928,2.0
3922,27.0,0,1.0
3923,14.0,0,1.0
3924,12.0,0,1.0
3925,66.0,0,1.0
3926,48.5,2.1213203435596424,2.0
3928,40.0,2.8284271247461903,2.0
3929,31.0,0,1.0
3930,8.0,0,1.0
3931,12.0,0,1.0
3932,5.0,0,1.0
3933,15.0,1.4142135623730951,2.0
3934,9.0,1.4142135623730951,2.0
3935,2.0,0,1.0
3936,21.0,2.8284271247461903,2.0
3937,41.5,43.1335136523794,2.0
3939,8.0,1.4142135623730951,2.0
3940,31.5,6.363961030678928,2.0
3941,36.0,0,1.0
3942,12.0,0,1.0
3943,26.0,0,1.0
3944,29.5,23.33452377915607,2.0
3945,7.0,0,1.0
3946,9.0,0,1.0
3947,1.0,0,1.0
3949,31.0,0,1.0
3950,15.0,19.79898987322333,2.0
3952,1.0,0,1.0
3953,67.0,0,1.0
3954,26.0,0,1.0
3955,55.0,24.041630560342615,2.0
3956,1.0,0,1.0
3957,12.0,0,1.0
3958,1.0,0,1.0
3959,15.0,0,1.0
3960,34.0,0,1.0
3961,38.0,0,1.0
3962,4.5,0.7071067811865476,2.0
3963,15.0,19.79898987322333,2.0
3965,53.0,0,1.0
3966,4.0,0,1.0
3967,9.0,0,1.0
3968,7.0,0,1.0
3969,34.0,0,1.0
3972,4.0,0,1.0
3973,7.0,0,1.0
3974,20.0,0,1.0
3975,3.0,0,1.0
3976,37.0,0,1.0
3977,5.5,0.7071067811865476,2.0
3978,4.0,0,1.0
3979,6.0,0,1.0
3980,25.0,28.284271247461902,2.0
3982,3.0,0,1.0
3983,21.0,0,1.0
3984,4.0,1.4142135623730951,2.0
3985,5.5,3.5355339059327378,2.0
3986,3.0,1.4142135623730951,2.0
3988,26.0,0,1.0
3989,10.5,4.949747468305833,2.0
3990,24.0,0,1.0
3991,16.0,0,1.0
3992,19.0,0,1.0
3993,15.5,20.506096654409877,2.0
3994,5.5,0.7071067811865476,2.0
3995,8.0,0,1.0
3997,53.0,0,1.0
3999,8.0,0,1.0
4001,21.5,9.192388155425117,2.0
4002,2.0,0,1.0
4003,49.0,0,1.0
4004,14.0,0,1.0
4005,2.0,0,1.0
4006,79.0,0,1.0
4007,9.5,10.606601717798213,2.0
4008,8.5,0.7071067811865476,2.0
4009,39.0,42.42640687119285,2.0
4010,16.0,0,1.0
4011,17.0,21.213203435596427,2.0
4013,9.5,3.5355339059327378,2.0
4014,22.5,16.263455967290593,2.0
4015,12.0,0,1.0
4016,7.5,3.5355339059327378,2.0
4017,12.5,4.949747468305833,2.0
4022,77.0,0,1.0
4023,64.0,15.556349186104045,2.0
4024,7.0,5.656854249492381,2.0
4026,37.0,5.656854249492381,2.0
4027,30.5,9.192388155425117,2.0
4028,30.0,16.97056274847714,2.0
4029,42.0,0,1.0
4030,14.0,0,1.0
4031,12.5,14.849242404917497,2.0
4032,40.5,55.86143571373726,2.0
4033,22.0,1.4142135623730951,2.0
4035,2.0,0,1.0
4036,63.0,0,1.0
4038,10.0,0,1.0
4039,11.0,11.313708498984761,2.0
4040,3.0,0,1.0
4041,2.0,0,1.0
4042,77.0,0,1.0
4043,4.0,0,1.0
4046,5.0,0,1.0
4047,57.5,7.7781745930520225,2.0
4048,4.0,1.4142135623730951,2.0
4050,10.0,0,1.0
4051,6.5,6.363961030678928,2.0
4052,5.0,0,1.0
4054,33.0,0,1.0
4055,4.0,0,1.0
4056,21.5,2.1213203435596424,2.0
4057,26.0,0,1.0
4058,74.0,0,1.0
4059,31.0,0,1.0
4060,30.5,4.949747468305833,2.0
4061,3.0,0,1.0
4062,72.0,0,1.0
4063,12.0,12.727922061357855,2.0
4064,28.0,0,1.0
4065,17.0,0,1.0
4066,33.5,38.890872965260115,2.0
4067,14.0,0,1.0
4068,18.0,0,1.0
4069,4.0,0,1.0
4070,17.0,19.79898987322333,2.0
4071,2.0,1.4142135623730951,2.0
4072,8.0,0,1.0
4073,7.0,0,1.0
4074,23.0,24.041630560342615,2.0
4075,8.0,8.48528137423857,2.0
4077,9.5,12.020815280171307,2.0
4079,16.0,4.242640687119285,2.0
4080,10.0,0,1.0
4081,2.0,0.0,2.0
4082,8.0,0,1.0
4083,46.0,0,1.0
4084,10.5,9.192388155425117,2.0
4085,17.0,0,1.0
4086,9.5,0.7071067811865476,2.0
4087,23.0,9.899494936611665,2.0
4088,36.0,19.79898987322333,2.0
4089,46.0,0,1.0
4090,31.5,36.062445840513924,2.0
4091,49.5,34.64823227814083,2.0
4092,9.0,0,1.0
4093,6.5,2.1213203435596424,2.0
4094,31.0,38.18376618407357,2.0
4095,17.5,12.020815280171307,2.0
4096,8.0,0,1.0
4097,18.5,6.363961030678928,2.0
4098,33.0,43.840620433565945,2.0
4101,36.5,38.890872965260115,2.0
4102,14.5,13.435028842544403,2.0
4103,10.0,5.656854249492381,2.0
4104,19.0,12.727922061357855,2.0
4105,6.5,6.363961030678928,2.0
4106,6.0,4.242640687119285,2.0
4107,9.0,8.48528137423857,2.0
4108,25.0,26.870057685088806,2.0
4109,35.5,16.263455967290593,2.0
4111,48.0,0,1.0
4112,43.0,0,1.0
4113,43.0,0,1.0
4114,37.5,21.920310216782973,2.0
4115,14.0,0,1.0
4116,1.0,0.0,2.0
4117,4.0,0,1.0
4118,35.0,0,1.0
4119,8.5,0.7071067811865476,2.0
4120,38.0,9.899494936611665,2.0
4122,45.0,0,1.0
4123,1.0,0,1.0
4124,29.5,36.062445840513924,2.0
4125,28.0,0,1.0
4126,25.5,21.920310216782973,2.0
4127,57.0,0,1.0
4130,8.0,0,1.0
4131,19.0,0,1.0
4132,10.0,2.8284271247461903,2.0
4133,1.0,0,1.0
4134,37.0,28.284271247461902,2.0
4135,26.0,0,1.0
4136,28.0,0,1.0
4137,51.0,4.242640687119285,2.0
4138,1.0,0,1.0
4139,32.0,28.284271247461902,2.0
4140,15.0,0,1.0
4141,34.0,39.59797974644666,2.0
4142,3.0,0.0,2.0
4143,26.0,8.48528137423857,2.0
4144,8.0,2.8284271247461903,2.0
4145,51.0,0,1.0
4146,4.0,0,1.0
4147,16.0,0,1.0
4149,2.5,2.1213203435596424,2.0
4151,6.5,7.7781745930520225,2.0
4152,7.0,0,1.0
4153,26.0,0,1.0
4154,3.5,2.1213203435596424,2.0
4155,19.5,19.091883092036785,2.0
4156,42.0,43.840620433565945,2.0
4158,24.0,0,1.0
4159,36.0,49.49747468305833,2.0
4160,25.5,34.64823227814083,2.0
4161,5.0,0,1.0
4162,4.0,0,1.0
4163,1.0,0,1.0
4164,4.0,0,1.0
4166,31.0,35.35533905932738,2.0
4167,13.5,12.020815280171307,2.0
4168,14.5,14.849242404917497,2.0
4169,33.0,0,1.0
4170,44.5,20.506096654409877,2.0
4171,13.0,16.97056274847714,2.0
4172,16.0,0,1.0
4173,19.0,0,1.0
4174,11.0,11.313708498984761,2.0
4175,13.0,2.8284271247461903,2.0
4176,26.0,0,1.0
4177,1.5,0.7071067811865476,2.0
4178,39.5,34.64823227814083,2.0
4179,27.0,0,1.0
4180,27.5,20.506096654409877,2.0
4181,15.5,2.1213203435596424,2.0
4182,50.5,10.606601717798213,2.0
4184,1.0,0,1.0
4185,54.0,0,1.0
4186,2.0,0,1.0
4187,26.0,15.556349186104045,2.0
4188,44.5,48.79036790187178,2.0
4191,6.0,2.8284271247461903,2.0
4192,2.5,2.1213203435596424,2.0
4193,11.0,5.656854249492381,2.0
4194,17.0,0,1.0
4195,45.0,0,1.0
4196,3.5,3.5355339059327378,2.0
4197,5.5,4.949747468305833,2.0
4198,7.5,7.7781745930520225,2.0
4199,36.5,28.991378028648448,2.0
4201,58.0,0,1.0
4202,41.5,23.33452377915607,2.0
4204,67.0,0,1.0
4205,11.5,4.949747468305833,2.0
4206,80.0,0,1.0
4207,38.0,0,1.0
4208,2.0,0,1.0
4209,69.0,0,1.0
4210,30.0,0,1.0
4211,58.5,28.991378028648448,2.0
4212,54.0,0,1.0
4213,34.0,31.11269837220809,2.0
4214,20.0,0,1.0
4215,34.0,0,1.0
4218,3.0,0,1.0
4219,5.0,0,1.0
4220,62.5,3.5355339059327378,2.0
4221,10.0,0,1.0
4222,14.0,0,1.0
4223,33.0,0,1.0
4224,17.0,0,1.0
4225,13.5,14.849242404917497,2.0
4226,19.5,7.7781745930520225,2.0
4227,12.0,0,1.0
4228,14.0,7.0710678118654755,2.0
4229,17.0,0,1.0
4230,27.0,26.870057685088806,2.0
4231,22.0,0,1.0
4232,61.0,0,1.0
4233,25.0,0,1.0
4234,38.0,8.48528137423857,2.0
4235,13.0,0,1.0
4236,30.5,21.920310216782973,2.0
4237,10.0,0.0,2.0
4238,4.0,2.8284271247461903,2.0
4239,43.0,42.42640687119285,2.0
4240,5.0,0,1.0
4241,9.0,0,1.0
4242,31.0,32.526911934581186,2.0
4243,8.5,0.7071067811865476,2.0
4244,15.5,20.506096654409877,2.0
4245,35.0,43.840620433565945,2.0
4246,16.0,11.313708498984761,2.0
4249,29.0,18.384776310850235,2.0
4250,15.0,0,1.0
4252,39.0,0,1.0
4253,43.5,23.33452377915607,2.0
4254,10.5,10.606601717798213,2.0
4255,7.0,0,1.0
4258,37.0,0,1.0
4259,28.0,0,1.0
4260,4.0,2.8284271247461903,2.0
4261,25.5,16.263455967290593,2.0
4262,4.5,3.5355339059327378,2.0
4264,22.5,30.405591591021544,2.0
4265,23.0,9.899494936611665,2.0
4266,8.5,3.5355339059327378,2.0
4267,6.5,3.5355339059327378,2.0
4268,63.0,0,1.0
4269,3.0,0,1.0
4270,10.0,12.727922061357855,2.0
4271,69.0,0,1.0
4273,17.0,22.627416997969522,2.0
4274,42.0,0,1.0
4275,6.0,2.8284271247461903,2.0
4276,6.0,0,1.0
4277,15.0,0,1.0
4278,21.5,26.16295090390226,2.0
4279,19.0,8.48528137423857,2.0
4280,7.0,0,1.0
4281,53.0,0,1.0
4282,4.0,1.4142135623730951,2.0
4283,3.0,0,1.0
4285,26.0,0,1.0
4286,45.0,0,1.0
4287,45.0,0,1.0
4288,8.0,0,1.0
4289,48.5,34.64823227814083,2.0
4290,9.0,0,1.0
4292,10.5,3.5355339059327378,2.0
4293,32.0,0,1.0
4297,60.0,0,1.0
4298,57.0,0,1.0
4299,13.0,16.97056274847714,2.0
4300,36.5,2.1213203435596424,2.0
4301,7.0,0,1.0
4302,6.0,0,1.0
4303,31.0,0,1.0
4304,10.0,0,1.0
4305,32.5,30.405591591021544,2.0
4306,13.0,0,1.0
4307,7.0,0,1.0
4308,16.0,2.8284271247461903,2.0
4310,38.0,0,1.0
4312,24.0,0,1.0
4313,53.0,0,1.0
4314,19.0,5.656854249492381,2.0
4315,7.0,7.0710678118654755,2.0
4316,49.0,0,1.0
4317,50.0,0,1.0
4320,25.5,7.7781745930520225,2.0
4321,5.0,0,1.0
4322,65.0,0,1.0
4323,35.0,0,1.0
4324,80.0,0,1.0
4327,34.0,0,1.0
4328,9.5,2.1213203435596424,2.0
4329,4.0,0,1.0
4330,11.0,0,1.0
4331,6.0,0,1.0
4332,8.5,0.7071067811865476,2.0
4333,20.5,24.748737341529164,2.0
4334,38.0,0,1.0
4335,14.0,0,1.0
4336,6.0,0,1.0
4337,32.0,39.59797974644666,2.0
4338,6.0,0,1.0
4339,60.0,0,1.0
4341,13.5,2.1213203435596424,2.0
4342,25.0,32.526911934581186,2.0
4343,16.0,0,1.0
4344,6.0,0,1.0
4345,4.0,0,1.0
4346,34.0,0,1.0
4347,25.0,0,1.0
4348,1.0,0,1.0
4349,60.0,0,1.0
4350,12.5,12.020815280171307,2.0
4351,1.0,0,1.0
4352,32.5,41.71930009000631,2.0
4354,8.0,0.0,2.0
4356,75.0,0,1.0
4357,18.0,0,1.0
4359,32.5,13.435028842544403,2.0
4360,4.5,2.1213203435596424,2.0
4361,15.0,2.8284271247461903,2.0
4362,45.0,0,1.0
4365,7.0,0,1.0
4366,11.0,0,1.0
4367,46.0,31.11269837220809,2.0
4368,15.5,20.506096654409877,2.0
4369,6.0,2.8284271247461903,2.0
4370,13.0,0,1.0
4371,30.5,28.991378028648448,2.0
4373,22.0,0,1.0
4374,14.0,0,1.0
4375,2.0,0,1.0
4376,7.0,7.0710678118654755,2.0
4377,11.5,10.606601717798213,2.0
4378,28.0,32.526911934581186,2.0
4379,9.0,0,1.0
4380,43.5,50.204581464244875,2.0
4381,47.5,41.71930009000631,2.0
4382,5.0,2.8284271247461903,2.0
4383,7.5,0.7071067811865476,2.0
4384,27.0,29.698484809834994,2.0
4385,2.0,0,1.0
4386,39.5,0.7071067811865476,2.0
4387,23.0,0,1.0
4388,63.0,0,1.0
4389,11.5,10.606601717798213,2.0
4390,16.5,16.263455967290593,2.0
4391,14.0,0,1.0
4392,10.5,2.1213203435596424,2.0
4394,18.0,18.384776310850235,2.0
4395,10.0,2.8284271247461903,2.0
4396,12.5,9.192388155425117,2.0
4397,42.0,0,1.0
4398,13.0,0,1.0
4399,8.0,0,1.0
4400,59.0,0,1.0
4401,8.0,0,1.0
4402,2.0,0,1.0
4404,4.0,0,1.0
4405,36.0,0,1.0
4406,15.0,0,1.0
4407,27.5,33.23401871576773,2.0
4408,64.0,0,1.0
4409,80.0,0,1.0
4410,32.5,0.7071067811865476,2.0
4411,71.0,0,1.0
4413,39.0,0,1.0
4414,81.0,0,1.0
4415,22.0,5.656854249492381,2.0
4416,75.0,0,1.0
4418,16.0,18.384776310850235,2.0
4419,47.5,23.33452377915607,2.0
4420,7.0,0,1.0
4421,44.5,16.263455967290593,2.0
4422,7.5,7.7781745930520225,2.0
4423,7.0,0,1.0
4424,6.0,5.656854249492381,2.0
4425,38.0,0,1.0
4426,14.0,0,1.0
4427,12.0,0,1.0
4428,4.5,2.1213203435596424,2.0
4429,8.5,0.7071067811865476,2.0
4432,20.0,0,1.0
4433,22.5,16.263455967290593,2.0
4434,4.0,0,1.0
4435,37.5,47.37615433949868,2.0
4436,4.0,0,1.0
4437,11.0,0,1.0
4438,50.0,11.313708498984761,2.0
4439,15.5,10.606601717798213,2.0
4440,26.5,12.020815280171307,2.0
4441,11.0,0,1.0
4442,15.0,0,1.0
4443,2.0,0,1.0
4444,17.0,0,1.0
4445,19.0,0,1.0
4446,17.5,2.1213203435596424,2.0
4447,10.0,9.899494936611665,2.0
4448,10.0,0,1.0
4449,13.5,13.435028842544403,2.0
4450,47.5,17.67766952966369,2.0
4451,32.0,0,1.0
4452,29.0,0,1.0
4453,6.0,0,1.0
4454,35.0,39.59797974644666,2.0
4455,8.0,0,1.0
4456,2.0,0,1.0
4457,3.0,0,1.0
4458,2.0,0,1.0
4459,9.0,0,1.0
4460,53.0,0,1.0
4461,37.0,49.49747468305833,2.0
4462,30.0,0,1.0
4463,2.0,0,1.0
4464,34.0,42.42640687119285,2.0
4465,18.0,19.79898987322333,2.0
4466,8.5,3.5355339059327378,2.0
4467,26.0,0,1.0
4468,13.0,0,1.0
4469,13.5,17.67766952966369,2.0
4473,10.0,0,1.0
4474,9.0,2.8284271247461903,2.0
4475,41.0,0,1.0
4476,1.0,0,1.0
4477,33.5,24.748737341529164,2.0
4478,4.0,2.8284271247461903,2.0
4479,53.0,0,1.0
4480,11.0,0,1.0
4481,35.0,28.284271247461902,2.0
4482,82.0,0,1.0
4483,43.0,8.48528137423857,2.0
4484,46.0,0,1.0
4485,11.5,10.606601717798213,2.0
4486,41.5,28.991378028648448,2.0
4487,8.0,0,1.0
4488,6.0,1.4142135623730951,2.0
4489,10.0,0,1.0
4490,41.5,54.44722215136416,2.0
4493,30.5,41.71930009000631,2.0
4494,27.0,25.45584412271571,2.0
4495,40.0,0,1.0
4496,13.0,12.727922061357855,2.0
4497,66.0,0,1.0
4498,53.0,0,1.0
4500,39.5,23.33452377915607,2.0
4501,13.0,0,1.0
4502,26.0,0,1.0
4503,9.0,0,1.0
4504,27.5,36.062445840513924,2.0
4505,10.0,0,1.0
4506,37.5,19.091883092036785,2.0
4507,4.0,0,1.0
4508,65.5,19.091883092036785,2.0
4509,11.0,0,1.0
4511,42.5,0.7071067811865476,2.0
4512,41.0,0,1.0
4513,11.5,2.1213203435596424,2.0
4514,10.0,0,1.0
4515,14.5,3.5355339059327378,2.0
4516,22.5,13.435028842544403,2.0
4517,14.0,0,1.0
4518,17.0,19.79898987322333,2.0
4519,46.0,48.08326112068523,2.0
4520,47.5,47.37615433949868,2.0
4521,2.0,0,1.0
4522,23.5,10.606601717798213,2.0
4523,13.5,14.849242404917497,2.0
4524,8.5,4.949747468305833,2.0
4525,17.5,7.7781745930520225,2.0
4526,30.0,41.012193308819754,2.0
4527,8.0,7.0710678118654755,2.0
4528,13.0,0,1.0
4529,24.0,0,1.0
4530,41.5,50.204581464244875,2.0
4531,15.5,19.091883092036785,2.0
4532,31.5,24.748737341529164,2.0
4533,21.5,14.849242404917497,2.0
4534,8.0,0,1.0
4535,17.0,0,1.0
4536,21.0,0,1.0
4537,1.0,0,1.0
4538,6.0,0,1.0
4539,1.0,0,1.0
4540,9.0,0,1.0
4541,4.0,0,1.0
4543,17.0,0,1.0
4544,3.5,3.5355339059327378,2.0
4545,8.0,1.4142135623730951,2.0
4546,35.5,40.30508652763321,2.0
4547,20.0,19.79898987322333,2.0
4548,5.0,0,1.0
4549,5.5,3.5355339059327378,2.0
4550,5.0,0,1.0
4551,41.0,0,1.0
4552,8.0,0,1.0
4553,19.0,0,1.0
4554,37.5,38.890872965260115,2.0
4555,14.0,0,1.0
4556,39.0,0,1.0
4557,10.0,11.313708498984761,2.0
4559,7.5,3.5355339059327378,2.0
4560,19.5,0.7071067811865476,2.0
4561,27.0,0,1.0
4562,60.0,0,1.0
4563,24.0,0,1.0
4564,21.5,4.949747468305833,2.0
4565,6.0,0,1.0
4566,28.0,0,1.0
4569,19.0,0,1.0
4570,14.0,0,1.0
4572,3.0,0,1.0
4573,61.0,15.556349186104045,2.0
4574,20.0,19.79898987322333,2.0
4575,1.0,0,1.0
4576,50.0,0,1.0
4577,3.0,0,1.0
4578,45.0,0,1.0
4579,78.0,0,1.0
4581,18.0,0,1.0
4582,1.0,0,1.0
4583,32.0,0,1.0
4584,64.0,0,1.0
4585,42.0,0,1.0
4586,43.0,0,1.0
4587,17.0,0,1.0
4588,31.5,43.1335136523794,2.0
4589,10.5,13.435028842544403,2.0
4590,13.0,0,1.0
4591,16.5,21.920310216782973,2.0
4592,24.5,9.192388155425117,2.0
4593,27.5,6.363961030678928,2.0
4594,41.5,2.1213203435596424,2.0
4595,3.0,0,1.0
4596,25.5,7.7781745930520225,2.0
4597,33.5,45.96194077712559,2.0
4598,65.0,12.727922061357855,2.0
4603,14.0,14.142135623730951,2.0
4604,4.0,0,1.0
4605,10.5,2.1213203435596424,2.0
4606,17.0,5.656854249492381,2.0
4607,17.0,0,1.0
4608,4.0,0,1.0
4609,18.5,24.748737341529164,2.0
4611,36.5,40.30508652763321,2.0
4612,13.5,2.1213203435596424,2.0
4613,10.0,9.899494936611665,2.0
4614,2.0,0,1.0
4615,13.0,0,1.0
4616,18.0,0,1.0
4617,38.0,0,1.0
4618,1.0,0,1.0
4619,17.5,3.5355339059327378,2.0
4621,3.0,0,1.0
4622,57.0,0,1.0
4625,13.0,0,1.0
4626,7.0,2.8284271247461903,2.0
4627,14.0,18.384776310850235,2.0
4628,11.0,0,1.0
4629,4.0,0,1.0
4630,19.0,0,1.0
4631,11.0,0.0,2.0
4632,49.5,40.30508652763321,2.0
4633,8.0,0,1.0
4634,6.0,0,1.0
4635,9.0,0,1.0
4636,8.0,0,1.0
4637,16.0,0,1.0
4638,12.0,0,1.0
4639,2.0,0,1.0
4640,28.5,27.577164466275352,2.0
4641,4.0,0,1.0
4642,3.0,0,1.0
4643,7.5,0.7071067811865476,2.0
4644,34.0,0,1.0
4645,4.0,0,1.0
4646,22.0,0,1.0
4647,4.0,0,1.0
4648,4.0,0,1.0
4651,25.0,0,1.0
4652,6.0,0,1.0
4653,12.0,0,1.0
4654,2.0,0,1.0
4655,57.0,0,1.0
4657,38.0,0,1.0
4658,5.0,0,1.0
4659,37.0,0,1.0
4660,51.0,0,1.0
4661,22.0,0,1.0
4662,1.0,0,1.0
4663,4.0,0,1.0
4665,39.0,0,1.0
4666,21.0,0,1.0
4667,59.0,0,1.0
4670,2.0,0,1.0
4671,40.0,0,1.0
4672,3.0,0,1.0
4673,9.5,10.606601717798213,2.0
4674,6.0,0,1.0
4675,13.5,9.192388155425117,2.0
4676,12.0,0,1.0
4677,11.0,14.142135623730951,2.0
4678,15.0,5.656854249492381,2.0
4679,18.0,0,1.0
4680,31.5,6.363961030678928,2.0
4681,15.0,1.4142135623730951,2.0
4682,32.0,0,1.0
4683,39.0,35.35533905932738,2.0
4684,28.0,8.48528137423857,2.0
4685,5.0,0,1.0
4686,10.0,9.899494936611665,2.0
4687,8.0,0,1.0
4688,8.0,0,1.0
4689,10.0,0,1.0
4690,8.0,0,1.0
4691,33.5,17.67766952966369,2.0
4692,50.0,0,1.0
4694,53.5,6.363961030678928,2.0
4695,75.0,0,1.0
4696,13.0,0,1.0
4698,20.0,9.899494936611665,2.0
4699,57.0,15.556349186104045,2.0
4700,35.0,0,1.0
4702,67.5,3.5355339059327378,2.0
4703,9.0,0,1.0
4704,23.5,28.991378028648448,2.0
4705,2.0,0,1.0
4706,12.0,15.556349186104045,2.0
4707,23.5,10.606601717798213,2.0
4708,26.0,0,1.0
4709,23.0,0,1.0
4710,30.0,0,1.0
4711,49.0,0,1.0
4712,39.5,28.991378028648448,2.0
4713,12.0,14.142135623730951,2.0
4715,45.5,7.7781745930520225,2.0
4716,45.5,44.54772721475249,2.0
4717,40.5,9.192388155425117,2.0
4718,21.0,0,1.0
4719,28.0,0,1.0
4720,31.0,0,1.0
4721,30.0,25.45584412271571,2.0
4722,39.0,0,1.0
4723,34.0,0,1.0
4724,6.0,0,1.0
4725,14.0,16.97056274847714,2.0
4726,16.5,10.606601717798213,2.0
4727,30.0,18.384776310850235,2.0
4728,8.0,9.899494936611665,2.0
4729,27.0,11.313708498984761,2.0
4730,3.0,0,1.0
4731,5.0,0,1.0
4732,20.5,2.1213203435596424,2.0
4733,13.5,0.7071067811865476,2.0
4734,24.5,31.81980515339464,2.0
4735,51.0,26.870057685088806,2.0
4737,21.0,0,1.0
4738,54.0,0,1.0
4739,27.5,10.606601717798213,2.0
4740,22.0,9.899494936611665,2.0
4741,22.0,22.627416997969522,2.0
4742,31.0,0,1.0
4743,32.0,22.627416997969522,2.0
4744,17.0,4.242640687119285,2.0
4745,3.5,3.5355339059327378,2.0
4746,9.0,5.656854249492381,2.0
4747,31.5,24.748737341529164,2.0
4749,21.0,7.0710678118654755,2.0
4750,29.0,0,1.0
4751,37.0,1.4142135623730951,2.0
4752,15.5,4.949747468305833,2.0
4753,20.5,16.263455967290593,2.0
4754,26.5,28.991378028648448,2.0
4756,29.5,28.991378028648448,2.0
4757,7.0,2.8284271247461903,2.0
4758,18.0,0,1.0
4759,33.0,0,1.0
4760,16.5,17.67766952966369,2.0
4761,18.5,10.606601717798213,2.0
4763,19.5,19.091883092036785,2.0
4764,19.0,9.899494936611665,2.0
4765,31.0,0,1.0
4766,29.5,24.748737341529164,2.0
4767,6.0,0,1.0
4768,3.0,0,1.0
4769,2.0,0,1.0
4770,42.0,26.870057685088806,2.0
4772,14.5,14.849242404917497,2.0
4773,16.5,7.7781745930520225,2.0
4774,38.5,27.577164466275352,2.0
4775,9.0,0,1.0
4776,33.5,2.1213203435596424,2.0
4779,29.5,33.23401871576773,2.0
4780,51.5,34.64823227814083,2.0
4782,9.0,0,1.0
4784,40.0,0,1.0
4785,71.0,0,1.0
4786,5.0,0,1.0
4787,1.0,0,1.0
4788,11.5,2.1213203435596424,2.0
4789,1.0,0,1.0
4791,4.0,0,1.0
4792,45.0,0,1.0
4793,5.0,0,1.0
4794,16.5,21.920310216782973,2.0
4795,36.5,37.476659402887016,2.0
4796,50.0,0,1.0
4797,45.5,34.64823227814083,2.0
4798,6.5,2.1213203435596424,2.0
4799,11.0,9.899494936611665,2.0
4800,68.0,0,1.0
4802,9.5,3.5355339059327378,2.0
4804,38.0,22.627416997969522,2.0
4805,8.0,7.0710678118654755,2.0
4806,3.5,0.7071067811865476,2.0
4807,4.5,3.5355339059327378,2.0
4808,24.0,0,1.0
4809,12.0,0,1.0
4810,18.0,0,1.0
4811,19.0,0,1.0
4812,32.0,0,1.0
4814,4.5,4.949747468305833,2.0
4816,1.0,0,1.0
4817,1.0,0,1.0
4820,12.0,0,1.0
4821,7.0,0,1.0
4822,3.0,0,1.0
4823,12.0,0,1.0
4824,32.0,26.870057685088806,2.0
4825,38.0,52.32590180780452,2.0
4826,5.0,1.4142135623730951,2.0
4827,32.5,44.54772721475249,2.0
4828,52.0,0,1.0
4829,19.0,16.97056274847714,2.0
4830,15.0,0,1.0
4831,17.5,0.7071067811865476,2.0
4832,31.0,0,1.0
4833,28.5,3.5355339059327378,2.0
4834,16.0,0,1.0
4835,16.5,10.606601717798213,2.0
4836,11.0,0,1.0
4837,6.5,4.949747468305833,2.0
4838,29.0,18.384776310850235,2.0
4839,27.5,10.606601717798213,2.0
4840,3.0,2.8284271247461903,2.0
4841,7.0,0,1.0
4842,32.5,34.64823227814083,2.0
4843,1.0,0,1.0
4844,65.5,23.33452377915607,2.0
4845,8.0,0,1.0
4846,47.0,1.4142135623730951,2.0
4847,12.5,2.1213203435596424,2.0
4848,3.0,0,1.0
4849,9.5,3.5355339059327378,2.0
4850,32.5,30.405591591021544,2.0
4852,11.0,8.48528137423857,2.0
4853,9.0,8.48528137423857,2.0
4854,23.5,7.7781745930520225,2.0
4855,64.0,15.556349186104045,2.0
4857,17.0,0,1.0
4858,20.0,22.627416997969522,2.0
4859,45.0,0,1.0
4860,21.0,26.870057685088806,2.0
4861,30.0,38.18376618407357,2.0
4862,33.5,40.30508652763321,2.0
4864,28.0,33.94112549695428,2.0
4865,17.5,16.263455967290593,2.0
4866,10.5,10.606601717798213,2.0
4867,7.0,0,1.0
4869,24.0,15.556349186104045,2.0
4872,42.5,36.062445840513924,2.0
4873,26.0,0,1.0
4874,20.5,6.363961030678928,2.0
4875,14.5,13.435028842544403,2.0
4877,43.5,12.020815280171307,2.0
4879,2.0,0,1.0
4880,31.5,24.748737341529164,2.0
4881,24.5,20.506096654409877,2.0
4882,13.0,0,1.0
4883,19.5,10.606601717798213,2.0
4884,32.0,0,1.0
4885,11.5,0.7071067811865476,2.0
4886,39.5,51.61879502661797,2.0
4887,28.0,0,1.0
4888,16.5,6.363961030678928,2.0
4889,15.0,0,1.0
4890,24.0,32.526911934581186,2.0
4891,1.0,0,1.0
4892,21.5,9.192388155425117,2.0
4893,36.0,4.242640687119285,2.0
4894,19.5,21.920310216782973,2.0
4895,20.0,0,1.0
4896,42.0,0,1.0
4897,38.0,0,1.0
4898,26.5,6.363961030678928,2.0
4899,12.0,0,1.0
4900,19.0,0,1.0
4901,2.0,0.0,2.0
4902,8.0,5.656854249492381,2.0
4903,33.0,15.556349186104045,2.0
4905,18.0,14.142135623730951,2.0
4906,55.0,0,1.0
4907,7.0,0,1.0
4908,51.5,21.920310216782973,2.0
4909,37.0,0,1.0
4910,25.0,0,1.0
4911,12.0,0,1.0
4914,24.5,14.849242404917497,2.0
4915,37.0,0,1.0
4918,7.0,0.0,2.0
4919,12.5,7.7781745930520225,2.0
4922,16.0,0,1.0
4923,10.0,0,1.0
4924,23.0,0,1.0
4925,17.0,0,1.0
4926,43.0,0,1.0
4927,42.5,16.263455967290593,2.0
4928,11.0,7.0710678118654755,2.0
4929,29.5,16.263455967290593,2.0
4930,19.0,0,1.0
4931,25.0,0,1.0
4932,33.0,0,1.0
4933,10.5,7.7781745930520225,2.0
4934,17.0,0,1.0
4935,69.0,0,1.0
4936,28.5,30.405591591021544,2.0
4938,28.0,0,1.0
4939,2.0,0,1.0
4940,11.0,0,1.0
4941,41.5,51.61879502661797,2.0
4942,7.0,0,1.0
4943,26.0,32.526911934581186,2.0
4944,20.5,19.091883092036785,2.0
4945,7.5,9.192388155425117,2.0
4950,26.0,0,1.0
4951,78.0,0,1.0
4952,29.0,0,1.0
4953,2.0,0,1.0
4954,31.0,39.59797974644666,2.0
4955,11.0,14.142135623730951,2.0
4957,25.0,0,1.0
4958,81.0,0,1.0
4959,34.0,11.313708498984761,2.0
4961,25.5,13.435028842544403,2.0
4962,1.0,0,1.0
4963,12.0,11.313708498984761,2.0
4967,11.0,7.0710678118654755,2.0
4969,59.0,0,1.0
4970,52.0,39.59797974644666,2.0
4971,22.0,26.870057685088806,2.0
4973,5.0,0,1.0
4976,25.0,0,1.0
4977,28.0,0,1.0
4979,27.0,0,1.0
4980,30.0,0,1.0
4982,24.5,26.16295090390226,2.0
4983,77.0,0,1.0
4984,31.5,37.476659402887016,2.0
4986,39.0,0,1.0
4987,14.0,0,1.0
4988,44.0,0,1.0
4990,10.0,9.899494936611665,2.0
4991,15.0,0,1.0
4992,70.0,0,1.0
4993,44.0,53.74011537017761,2.0
4994,27.0,0,1.0
4995,1.0,0,1.0
4996,23.0,24.041630560342615,2.0
4998,4.0,0,1.0
4999,52.0,0,1.0
5000,42.5,28.991378028648448,2.0
5001,29.0,32.526911934581186,2.0
5002,7.0,0,1.0
5003,64.0,0,1.0
5004,62.0,0,1.0
5005,40.0,0,1.0
5006,18.0,0,1.0
5007,19.0,0,1.0
5008,5.0,0,1.0
5012,43.0,49.49747468305833,2.0
5013,36.0,8.48528137423857,2.0
5015,74.0,0,1.0
5016,46.0,0,1.0
5018,2.0,0,1.0
5019,44.5,30.405591591021544,2.0
5020,7.0,8.48528137423857,2.0
5021,28.0,0,1.0
5022,22.0,25.45584412271571,2.0
5023,22.5,7.7781745930520225,2.0
5024,40.0,0,1.0
5027,63.0,0,1.0
5028,31.0,16.97056274847714,2.0
5029,6.0,0,1.0
5030,69.0,0,1.0
5032,1.0,0,1.0
5033,2.0,0,1.0
5034,3.0,0,1.0
5036,79.0,0,1.0
5037,57.0,0,1.0
5038,11.5,10.606601717798213,2.0
5040,43.0,0,1.0
5041,46.5,50.204581464244875,2.0
5044,19.0,0,1.0
5045,1.0,0,1.0
5046,24.5,28.991378028648448,2.0
5049,53.0,0,1.0
5051,36.0,0,1.0
5052,6.0,0,1.0
5054,60.0,0,1.0
5055,3.0,0,1.0
5056,20.0,0,1.0
5057,5.0,1.4142135623730951,2.0
5058,6.0,0,1.0
5059,21.0,0,1.0
5060,31.0,0,1.0
5061,2.0,0,1.0
5063,24.5,3.5355339059327378,2.0
5064,45.0,0,1.0
5065,33.0,0,1.0
5066,17.0,0,1.0
5068,31.5,40.30508652763321,2.0
5069,4.0,0,1.0
5070,2.0,0,1.0
5071,24.0,21.213203435596427,2.0
5072,17.0,8.48528137423857,2.0
5073,4.5,4.949747468305833,2.0
5077,80.0,0,1.0
5078,3.0,2.8284271247461903,2.0
5079,27.0,0,1.0
5080,8.0,0,1.0
5081,7.0,0,1.0
5082,26.0,1.4142135623730951,2.0
5083,20.0,7.0710678118654755,2.0
5084,43.0,0,1.0
5085,5.0,5.656854249492381,2.0
5087,26.0,0,1.0
5088,21.0,0,1.0
5089,52.5,27.577164466275352,2.0
5090,43.0,0,1.0
5091,24.0,31.11269837220809,2.0
5092,9.0,0,1.0
5093,7.0,0,1.0
5094,17.5,10.606601717798213,2.0
5095,36.5,40.30508652763321,2.0
5096,51.0,0,1.0
5097,8.0,0,1.0
5098,58.0,0,1.0
5099,5.0,5.656854249492381,2.0
5100,27.0,26.870057685088806,2.0
5101,39.0,0,1.0
5102,36.0,0,1.0
5103,21.0,0,1.0
5104,7.0,0,1.0
5105,23.0,0,1.0
5106,7.0,0,1.0
5108,66.0,0,1.0
5109,17.0,0,1.0
5110,6.0,0,1.0
5111,41.0,0,1.0
5112,15.0,0,1.0
5114,13.0,0,1.0
5115,9.0,0,1.0
5116,38.0,0,1.0
5117,30.0,0,1.0
5119,42.0,25.45584412271571,2.0
5120,9.0,0,1.0
5121,16.0,0,1.0
5123,5.0,0,1.0
5124,16.0,0,1.0
5125,9.5,9.192388155425117,2.0
5126,23.0,12.727922061357855,2.0
5127,23.0,0,1.0
5128,16.0,1.4142135623730951,2.0
5129,8.0,2.8284271247461903,2.0
5130,11.0,0,1.0
5131,21.0,14.142135623730951,2.0
5132,12.0,5.656854249492381,2.0
5133,25.0,31.11269837220809,2.0
5135,29.0,0,1.0
5136,16.0,0,1.0
5138,79.0,0,1.0
5140,14.0,0,1.0
5141,11.0,0,1.0
5142,1.0,0,1.0
5144,11.0,0,1.0
5145,5.0,0,1.0
5146,2.0,0,1.0
5147,2.0,0,1.0
5148,10.0,0,1.0
5149,69.0,0,1.0
5150,11.0,0,1.0
5151,3.0,0,1.0
5152,43.0,0,1.0
5155,7.0,0,1.0
5156,48.0,0,1.0
5157,5.0,0,1.0
5158,8.0,0,1.0
5159,27.0,0,1.0
5160,10.0,0,1.0
5161,80.0,0,1.0
5162,50.5,26.16295090390226,2.0
5163,7.0,0,1.0
5164,21.5,24.748737341529164,2.0
5165,35.0,0,1.0
5167,4.0,0,1.0
5169,19.0,7.0710678118654755,2.0
5170,18.5,14.849242404917497,2.0
5171,70.0,0,1.0
5172,37.5,34.64823227814083,2.0
5173,20.0,25.45584412271571,2.0
5174,16.0,7.0710678118654755,2.0
5175,33.0,0,1.0
5176,19.5,20.506096654409877,2.0
5178,5.0,0,1.0
5179,17.5,19.091883092036785,2.0
5180,5.0,0,1.0
5182,5.0,0,1.0
5183,32.0,26.870057685088806,2.0
5185,1.0,0,1.0
5186,23.0,0,1.0
5187,3.0,1.4142135623730951,2.0
5189,10.0,0,1.0
5190,59.0,0,1.0
5191,20.0,0,1.0
5192,25.0,0,1.0
5193,44.0,0,1.0
5194,17.5,7.7781745930520225,2.0
5195,14.0,0,1.0
5196,19.0,0,1.0
5198,28.0,0,1.0
5199,22.5,20.506096654409877,2.0
5200,21.5,12.020815280171307,2.0
5201,39.5,37.476659402887016,2.0
5202,69.0,0,1.0
5203,16.0,0,1.0
5205,53.0,29.698484809834994,2.0
5206,26.5,10.606601717798213,2.0
5208,60.0,0,1.0
5209,35.0,46.66904755831214,2.0
5210,14.0,0,1.0
5211,28.0,0,1.0
5212,53.5,37.476659402887016,2.0
5213,48.0,48.08326112068523,2.0
5214,32.0,0,1.0
5215,47.0,43.840620433565945,2.0
5216,6.0,0,1.0
5217,31.0,36.76955262170047,2.0
5218,8.0,0,1.0
5219,19.5,24.748737341529164,2.0
5220,32.0,24.041630560342615,2.0
5221,1.0,0,1.0
5222,45.0,0,1.0
5224,11.5,2.1213203435596424,2.0
5225,50.0,0,1.0
5226,37.0,0,1.0
5227,28.5,12.020815280171307,2.0
5228,72.0,0,1.0
5230,2.0,1.4142135623730951,2.0
5231,35.0,0,1.0
5232,33.0,0,1.0
5233,7.0,0,1.0
5234,6.0,0,1.0
5236,38.0,9.899494936611665,2.0
5237,52.0,1.4142135623730951,2.0
5239,33.5,19.091883092036785,2.0
5241,8.0,0,1.0
5242,73.0,0,1.0
5243,1.0,0,1.0
5244,46.0,11.313708498984761,2.0
5245,18.0,0,1.0
5246,30.0,22.627416997969522,2.0
5247,49.0,0,1.0
5249,29.0,29.698484809834994,2.0
5250,49.0,0,1.0
5251,3.0,0.0,2.0
5252,27.0,0,1.0
5253,34.0,0,1.0
5254,15.0,0,1.0
5255,19.0,0,1.0
5256,69.0,0,1.0
5259,79.0,0,1.0
5260,18.0,0,1.0
5261,51.0,33.94112549695428,2.0
5262,13.0,0,1.0
5264,56.0,28.284271247461902,2.0
5266,20.0,0,1.0
5267,71.0,0,1.0
5268,77.0,0,1.0
5270,5.0,0,1.0
5271,73.0,0,1.0
5272,11.0,0,1.0
5273,15.5,6.363961030678928,2.0
5274,25.0,0,1.0
5275,18.0,0,1.0
5277,36.0,0,1.0
5278,33.0,0,1.0
5279,62.0,14.142135623730951,2.0
5280,17.0,0,1.0
5281,9.0,0,1.0
5282,72.0,0,1.0
5284,21.0,0,1.0
5285,12.0,0,1.0
5286,30.0,0,1.0
5288,3.0,0,1.0
5289,46.0,24.041630560342615,2.0
5290,26.0,0,1.0
5291,9.0,0,1.0
5292,11.0,0,1.0
5293,7.0,0,1.0
5294,11.0,0,1.0
5295,16.0,0,1.0
5297,22.0,0,1.0
5299,23.0,0,1.0
5300,65.0,9.899494936611665,2.0
5301,3.0,0,1.0
5302,16.0,0,1.0
5303,4.0,0,1.0
5305,14.5,7.7781745930520225,2.0
5306,21.0,0,1.0
5307,43.0,0,1.0
5308,66.0,0,1.0
5309,37.0,0,1.0
5310,44.0,0,1.0
5311,43.0,0,1.0
5312,11.0,0,1.0
5315,21.0,0,1.0
5316,6.0,0,1.0
5318,8.0,0,1.0
5319,1.0,0,1.0
5320,35.0,0,1.0
5321,27.0,0,1.0
5323,32.0,0,1.0
5324,27.0,0,1.0
5325,22.0,0,1.0
5326,39.0,0,1.0
5327,6.0,0,1.0
5329,11.0,0,1.0
5330,19.0,11.313708498984761,2.0
5331,28.0,0,1.0
5333,22.0,0,1.0
5334,24.0,0,1.0
5335,17.0,0,1.0
5336,37.0,46.66904755831214,2.0
5337,17.0,0,1.0
5338,8.0,0,1.0
5340,33.0,0,1.0
5342,32.0,0,1.0
5345,19.0,0,1.0
5346,35.0,0,1.0
5348,2.0,0,1.0
5350,7.0,0,1.0
5351,3.0,0,1.0
5352,5.0,0,1.0
5354,3.0,0,1.0
5355,5.0,0,1.0
5356,29.0,0,1.0
5357,51.5,34.64823227814083,2.0
5358,29.0,0,1.0
5359,33.0,15.556349186104045,2.0
5360,19.0,0,1.0
5361,5.0,0,1.0
5362,37.5,20.506096654409877,2.0
5363,21.5,19.091883092036785,2.0
5364,14.0,0,1.0
5366,69.0,0,1.0
5367,63.5,19.091883092036785,2.0
5368,29.0,0,1.0
5369,9.0,9.899494936611665,2.0
5370,51.0,0,1.0
5371,57.0,0,1.0
5372,33.5,14.849242404917497,2.0
5374,29.5,12.020815280171307,2.0
5375,40.5,48.79036790187178,2.0
5376,19.0,21.213203435596427,2.0
5377,30.0,31.11269837220809,2.0
5378,29.0,18.384776310850235,2.0
5379,24.5,33.23401871576773,2.0
5380,13.5,7.7781745930520225,2.0
5381,8.0,0,1.0
5383,7.0,1.4142135623730951,2.0
5384,26.0,0,1.0
5385,5.0,2.8284271247461903,2.0
5386,6.0,0,1.0
5387,4.0,0,1.0
5388,2.0,0,1.0
5389,11.0,5.656854249492381,2.0
5390,21.5,6.363961030678928,2.0
5391,4.0,0,1.0
5392,17.5,17.67766952966369,2.0
5393,37.0,0,1.0
5394,50.0,0,1.0
5395,11.0,0,1.0
5396,48.0,0,1.0
5397,4.0,0,1.0
5398,33.0,0,1.0
5399,21.0,0,1.0
5400,43.0,0,1.0
5401,13.0,0.0,2.0
5403,7.0,0,1.0
5404,62.0,0,1.0
5405,15.0,0,1.0
5406,50.0,0,1.0
5407,38.5,10.606601717798213,2.0
5408,77.0,0,1.0
5409,17.0,0,1.0
5410,57.0,0,1.0
5411,14.0,0,1.0
5415,33.0,0,1.0
5418,2.0,0,1.0
5419,69.5,4.949747468305833,2.0
5421,24.0,0,1.0
5422,26.0,0,1.0
5423,25.5,23.33452377915607,2.0
5424,1.0,0,1.0
5425,11.0,0,1.0
5426,7.0,0,1.0
5427,52.0,14.142135623730951,2.0
5428,45.0,2.8284271247461903,2.0
5429,11.0,0,1.0
5430,44.0,0,1.0
5431,30.0,41.012193308819754,2.0
5432,20.0,0,1.0
5433,56.0,33.94112549695428,2.0
5434,39.5,53.033008588991066,2.0
5436,17.5,17.67766952966369,2.0
5437,44.0,0,1.0
5438,69.0,0,1.0
5439,54.0,0,1.0
5440,24.0,0,1.0
5442,57.0,0,1.0
5443,14.5,4.949747468305833,2.0
5445,43.0,0,1.0
5446,1.0,0,1.0
5447,19.0,0,1.0
5448,5.0,0,1.0
5449,18.0,0,1.0
5450,2.0,0,1.0
5451,41.0,0,1.0
5452,22.5,4.949747468305833,2.0
5453,6.0,0,1.0
5454,63.0,0,1.0
5455,39.0,22.627416997969522,2.0
5456,28.5,23.33452377915607,2.0
5457,3.0,0,1.0
5458,7.5,7.7781745930520225,2.0
5459,38.0,18.384776310850235,2.0
5460,21.0,0,1.0
5462,11.5,14.849242404917497,2.0
5463,54.0,0,1.0
5464,25.0,4.242640687119285,2.0
5466,57.5,31.81980515339464,2.0
5468,22.0,21.213203435596427,2.0
5469,62.5,6.363961030678928,2.0
5470,32.5,21.920310216782973,2.0
5471,20.0,8.48528137423857,2.0
5472,11.0,0,1.0
5473,51.0,29.698484809834994,2.0
5474,18.5,23.33452377915607,2.0
5475,48.0,42.42640687119285,2.0
5476,19.5,23.33452377915607,2.0
5477,59.5,28.991378028648448,2.0
5478,12.5,4.949747468305833,2.0
5479,14.0,0,1.0
5480,39.0,0,1.0
5481,30.5,9.192388155425117,2.0
5482,10.5,0.7071067811865476,2.0
5483,82.0,0,1.0
5484,26.0,26.870057685088806,2.0
5485,29.0,0,1.0
5486,6.0,0,1.0
5487,26.5,27.577164466275352,2.0
5488,3.0,0,1.0
5489,19.0,0,1.0
5490,5.0,0,1.0
5491,11.0,0,1.0
5492,23.0,0,1.0
5493,8.5,4.949747468305833,2.0
5495,18.0,15.556349186104045,2.0
5496,3.0,0,1.0
5497,15.0,8.48528137423857,2.0
5498,19.5,13.435028842544403,2.0
5499,21.0,0,1.0
5500,9.0,0,1.0
5501,46.0,0,1.0
5502,10.0,0,1.0
5503,76.0,0,1.0
5504,5.0,0,1.0
5505,3.0,0,1.0
5506,24.0,0,1.0
5507,27.0,0,1.0
5509,8.5,7.7781745930520225,2.0
5510,33.0,36.76955262170047,2.0
5511,22.0,26.870057685088806,2.0
5512,19.5,2.1213203435596424,2.0
5513,27.0,22.627416997969522,2.0
5514,35.5,47.37615433949868,2.0
5515,4.0,0,1.0
5517,3.0,0,1.0
5518,23.0,7.0710678118654755,2.0
5519,12.0,0,1.0
5520,16.0,0,1.0
5521,43.5,33.23401871576773,2.0
5523,68.0,0,1.0
5524,27.5,10.606601717798213,2.0
5525,11.0,12.727922061357855,2.0
5527,42.0,0,1.0
5529,47.5,6.363961030678928,2.0
5530,5.0,0,1.0
5531,40.0,0,1.0
5532,40.0,0,1.0
5533,8.0,0,1.0
5534,17.0,0,1.0
5535,34.5,33.23401871576773,2.0
5536,24.0,0,1.0
5537,21.0,0,1.0
5538,24.5,19.091883092036785,2.0
5539,72.0,0,1.0
5540,2.0,0,1.0
5541,27.5,13.435028842544403,2.0
5542,50.0,0,1.0
5544,8.0,0,1.0
5545,26.0,9.899494936611665,2.0
5546,24.0,26.870057685088806,2.0
5547,14.0,8.48528137423857,2.0
5548,18.0,0,1.0
5549,4.0,0,1.0
5550,13.0,9.899494936611665,2.0
5551,13.0,8.48528137423857,2.0
5552,64.0,0,1.0
5553,72.0,0,1.0
5554,17.0,0,1.0
5555,12.0,0,1.0
5556,56.0,28.284271247461902,2.0
5557,14.0,0,1.0
5558,25.0,0,1.0
5560,38.5,37.476659402887016,2.0
5562,22.0,0,1.0
5563,13.5,10.606601717798213,2.0
5564,2.0,0,1.0
5565,9.0,0,1.0
5566,53.5,28.991378028648448,2.0
5568,7.0,0,1.0
5569,8.0,0,1.0
5571,17.0,0,1.0
5572,38.0,0,1.0
5573,6.0,0,1.0
5574,8.0,0,1.0
5575,3.0,0,1.0
5576,16.5,17.67766952966369,2.0
5577,31.0,0,1.0
5578,26.0,0,1.0
5579,20.0,8.48528137423857,2.0
5580,40.0,0,1.0
5581,49.0,0,1.0
5582,69.0,0,1.0
5584,5.5,0.7071067811865476,2.0
5585,22.0,22.627416997969522,2.0
5586,10.0,5.656854249492381,2.0
5587,11.0,0,1.0
5588,4.0,0,1.0
5589,5.0,0,1.0
5590,19.0,5.656854249492381,2.0
5592,31.0,0,1.0
5593,42.0,0,1.0
5594,5.0,0,1.0
5595,12.5,13.435028842544403,2.0
5596,28.0,0,1.0
5597,7.0,0,1.0
5598,46.0,0,1.0
5599,25.0,16.97056274847714,2.0
5600,32.5,21.920310216782973,2.0
5601,3.0,0,1.0
5602,14.0,0,1.0
5603,38.5,3.5355339059327378,2.0
5604,65.0,0,1.0
5605,13.0,0,1.0
5606,13.5,7.7781745930520225,2.0
5607,55.0,0,1.0
5608,37.0,33.94112549695428,2.0
5609,5.0,0,1.0
5610,5.0,0,1.0
5611,11.0,12.727922061357855,2.0
5612,18.5,3.5355339059327378,2.0
5614,18.0,0,1.0
5615,30.0,0,1.0
5616,40.0,0,1.0
5617,9.0,5.656854249492381,2.0
5618,10.5,4.949747468305833,2.0
5619,40.0,55.154328932550705,2.0
5620,12.0,1.4142135623730951,2.0
5622,29.0,14.142135623730951,2.0
5623,38.5,23.33452377915607,2.0
5625,18.0,0,1.0
5626,21.0,0,1.0
5627,11.0,4.242640687119285,2.0
5628,4.0,0,1.0
5629,18.5,7.7781745930520225,2.0
5630,33.5,3.5355339059327378,2.0
5632,9.0,7.0710678118654755,2.0
5633,49.5,37.476659402887016,2.0
5635,31.5,14.849242404917497,2.0
5637,18.5,16.263455967290593,2.0
5638,6.0,0,1.0
5639,26.5,33.23401871576773,2.0
5640,34.5,31.81980515339464,2.0
5641,16.0,0,1.0
5643,9.5,6.363961030678928,2.0
5645,48.0,19.79898987322333,2.0
5646,21.0,0,1.0
5647,10.0,0,1.0
5648,10.5,3.5355339059327378,2.0
5649,36.0,0,1.0
5650,2.0,0,1.0
5651,10.0,0,1.0
5653,32.0,0,1.0
5654,26.0,15.556349186104045,2.0
5658,29.0,0,1.0
5659,10.0,0,1.0
5660,14.0,0,1.0
5662,16.0,0,1.0
5663,41.5,6.363961030678928,2.0
5664,32.0,0,1.0
5666,10.5,12.020815280171307,2.0
5667,18.0,0,1.0
5669,6.0,0,1.0
5670,28.0,9.899494936611665,2.0
5672,6.0,0,1.0
5673,2.0,0,1.0
5674,9.0,0,1.0
5675,18.0,0,1.0
5676,3.5,2.1213203435596424,2.0
5677,6.0,0,1.0
5678,4.0,2.8284271247461903,2.0
5679,21.5,3.5355339059327378,2.0
5680,7.5,7.7781745930520225,2.0
5681,1.0,0,1.0
5682,34.5,24.748737341529164,2.0
5683,8.0,7.0710678118654755,2.0
5684,19.0,0,1.0
5685,13.0,14.142135623730951,2.0
5687,39.0,0,1.0
5688,1.0,0,1.0
5689,15.0,16.97056274847714,2.0
5690,21.0,24.041630560342615,2.0
5692,20.5,6.363961030678928,2.0
5693,10.0,0,1.0
5694,2.0,0,1.0
5696,31.0,21.213203435596427,2.0
5697,6.0,0,1.0
5698,44.0,0,1.0
5700,6.0,0,1.0
5701,7.0,0,1.0
5702,9.5,6.363961030678928,2.0
5703,33.5,7.7781745930520225,2.0
5704,18.0,12.727922061357855,2.0
5705,29.5,40.30508652763321,2.0
5707,9.0,1.4142135623730951,2.0
5709,61.0,0,1.0
5711,52.5,2.1213203435596424,2.0
5712,74.0,0,1.0
5715,1.0,0,1.0
5716,2.0,0,1.0
5717,15.0,0,1.0
5718,20.0,0,1.0
5719,26.0,0,1.0
5720,3.0,0,1.0
5721,44.0,0,1.0
5722,16.5,3.5355339059327378,2.0
5724,24.0,0,1.0
5725,3.0,0,1.0
5726,39.5,54.44722215136416,2.0
5727,33.0,0,1.0
5728,28.5,16.263455967290593,2.0
5729,20.5,19.091883092036785,2.0
5730,13.0,0,1.0
5731,9.0,8.48528137423857,2.0
5732,16.0,14.142135623730951,2.0
5733,2.0,0,1.0
5734,32.5,43.1335136523794,2.0
5735,9.0,0,1.0
5736,26.0,0,1.0
5737,9.0,9.899494936611665,2.0
5738,34.5,14.849242404917497,2.0
5739,26.5,23.33452377915607,2.0
5740,25.0,31.11269837220809,2.0
5741,11.5,13.435028842544403,2.0
5742,17.0,14.142135623730951,2.0
5743,19.0,2.8284271247461903,2.0
5744,14.0,14.142135623730951,2.0
5745,61.0,0,1.0
5746,47.0,0,1.0
5747,32.0,0,1.0
5748,32.0,0,1.0
5749,26.0,0,1.0
5750,10.0,2.8284271247461903,2.0
5751,25.5,3.5355339059327378,2.0
5752,7.0,0,1.0
5753,28.5,24.748737341529164,2.0
5754,14.0,2.8284271247461903,2.0
5755,51.0,41.012193308819754,2.0
5757,15.0,0,1.0
5758,57.0,0,1.0
5759,23.0,0,1.0
5760,33.0,14.142135623730951,2.0
5761,10.5,0.7071067811865476,2.0
5762,4.5,3.5355339059327378,2.0
5763,60.0,0,1.0
5765,37.0,0,1.0
5767,50.0,0,1.0
5768,22.5,16.263455967290593,2.0
5769,16.0,0,1.0
5770,8.5,2.1213203435596424,2.0
5771,47.0,0,1.0
5773,23.0,14.142135623730951,2.0
5774,26.5,27.577164466275352,2.0
5776,13.0,16.97056274847714,2.0
5777,65.0,14.142135623730951,2.0
5778,38.0,0,1.0
5779,66.5,19.091883092036785,2.0
5780,34.0,0,1.0
5781,23.5,4.949747468305833,2.0
5782,17.0,11.313708498984761,2.0
5783,32.0,0,1.0
5784,35.0,0,1.0
5785,23.0,5.656854249492381,2.0
5786,17.0,0,1.0
5787,16.0,5.656854249492381,2.0
5788,55.0,12.727922061357855,2.0
5789,23.5,3.5355339059327378,2.0
5791,41.0,7.0710678118654755,2.0
5792,74.0,0,1.0
5793,27.0,0,1.0
5794,3.0,0,1.0
5796,18.0,0,1.0
5797,42.0,42.42640687119285,2.0
5798,47.0,36.76955262170047,2.0
5799,9.0,0,1.0
5800,6.0,0,1.0
5801,2.0,0,1.0
5802,17.0,0,1.0
5803,47.0,15.556349186104045,2.0
5804,29.5,16.263455967290593,2.0
5805,40.0,0,1.0
5806,36.0,0,1.0
5807,9.0,0,1.0
5808,11.5,12.020815280171307,2.0
5809,39.5,48.79036790187178,2.0
5810,14.0,0,1.0
5811,12.0,0,1.0
5812,23.0,2.8284271247461903,2.0
5814,6.5,0.7071067811865476,2.0
5815,11.0,0,1.0
5816,18.5,6.363961030678928,2.0
5817,8.0,0,1.0
5818,40.0,50.91168824543142,2.0
5820,22.0,0,1.0
5821,22.0,0,1.0
5822,12.0,0,1.0
5823,5.0,5.656854249492381,2.0
5824,10.0,0,1.0
5826,3.0,1.4142135623730951,2.0
5827,13.5,10.606601717798213,2.0
5828,28.0,28.284271247461902,2.0
5829,68.5,0.7071067811865476,2.0
5830,8.0,5.656854249492381,2.0
5831,48.0,46.66904755831214,2.0
5832,58.0,0,1.0
5833,33.5,14.849242404917497,2.0
5834,32.0,0,1.0
5836,68.0,0,1.0
5837,43.5,53.033008588991066,2.0
5838,5.0,0,1.0
5839,18.0,0,1.0
5841,41.0,24.041630560342615,2.0
5842,33.0,0,1.0
5843,27.0,0,1.0
5844,45.0,32.526911934581186,2.0
5845,14.0,1.4142135623730951,2.0
5846,35.5,33.23401871576773,2.0
5847,14.0,0,1.0
5848,15.0,4.242640687119285,2.0
5849,4.0,0,1.0
5852,26.5,0.7071067811865476,2.0
5853,26.0,4.242640687119285,2.0
5855,50.5,7.7781745930520225,2.0
5856,18.5,2.1213203435596424,2.0
5857,47.0,0,1.0
5858,2.5,2.1213203435596424,2.0
5859,14.0,0,1.0
5860,11.0,14.142135623730951,2.0
5861,46.0,0,1.0
5862,62.0,28.284271247461902,2.0
5863,7.5,3.5355339059327378,2.0
5864,32.5,28.991378028648448,2.0
5865,26.0,28.284271247461902,2.0
5866,11.5,12.020815280171307,2.0
5867,36.0,32.526911934581186,2.0
5868,9.5,0.7071067811865476,2.0
5869,22.0,25.45584412271571,2.0
5870,71.0,0,1.0
5871,23.5,3.5355339059327378,2.0
5872,14.0,0,1.0
5873,26.0,2.8284271247461903,2.0
5874,3.0,0,1.0
5875,49.0,0,1.0
5876,31.0,0,1.0
5877,4.5,2.1213203435596424,2.0
5878,23.0,0,1.0
5879,11.0,0,1.0
5880,50.5,41.71930009000631,2.0
5881,12.0,5.656854249492381,2.0
5882,45.0,0,1.0
5883,33.0,0,1.0
5884,40.5,28.991378028648448,2.0
5885,24.5,16.263455967290593,2.0
5886,8.0,0,1.0
5887,7.0,1.4142135623730951,2.0
5888,36.0,0,1.0
5889,32.5,24.748737341529164,2.0
5890,4.0,0,1.0
5891,33.0,31.11269837220809,2.0
5892,20.0,15.556349186104045,2.0
5893,28.0,0,1.0
5894,34.0,0,1.0
5895,7.0,0,1.0
5896,28.0,18.384776310850235,2.0
5897,21.0,16.97056274847714,2.0
5898,21.5,12.020815280171307,2.0
5899,31.5,4.949747468305833,2.0
5900,36.0,21.213203435596427,2.0
5901,15.5,2.1213203435596424,2.0
5902,13.0,9.899494936611665,2.0
5904,47.5,30.405591591021544,2.0
5905,10.5,3.5355339059327378,2.0
5906,6.0,0,1.0
5907,14.5,19.091883092036785,2.0
5908,2.0,0,1.0
5909,40.0,50.91168824543142,2.0
5910,23.0,0,1.0
5911,31.5,43.1335136523794,2.0
5912,14.0,0,1.0
5914,7.5,9.192388155425117,2.0
5915,25.0,11.313708498984761,2.0
5916,18.0,0,1.0
5917,43.0,9.899494936611665,2.0
5918,20.0,0,1.0
5919,40.0,0,1.0
5920,20.5,0.7071067811865476,2.0
5921,20.0,0,1.0
5922,69.0,12.727922061357855,2.0
5923,23.0,12.727922061357855,2.0
5924,48.0,0,1.0
5925,42.0,0,1.0
5926,5.0,0,1.0
5927,30.0,19.79898987322333,2.0
5928,49.0,0,1.0
5930,47.5,36.062445840513924,2.0
5931,3.0,0,1.0
5932,23.5,23.33452377915607,2.0
5933,11.0,8.48528137423857,2.0
5934,24.0,32.526911934581186,2.0
5935,5.5,0.7071067811865476,2.0
5936,31.0,11.313708498984761,2.0
5937,53.0,36.76955262170047,2.0
5938,8.0,0,1.0
5940,12.0,0,1.0
5941,26.0,19.79898987322333,2.0
5943,29.0,7.0710678118654755,2.0
5944,15.0,0,1.0
5945,31.0,0,1.0
5946,44.0,0,1.0
5947,6.0,0,1.0
5948,31.0,38.18376618407357,2.0
5949,31.5,19.091883092036785,2.0
5950,15.0,16.97056274847714,2.0
5951,28.0,0,1.0
5952,72.0,0,1.0
5953,12.5,16.263455967290593,2.0
5954,47.0,45.254833995939045,2.0
5955,3.0,2.8284271247461903,2.0
5956,12.0,0,1.0
5957,29.0,28.284271247461902,2.0
5958,5.0,5.656854249492381,2.0
5959,52.0,42.42640687119285,2.0
5960,45.0,45.254833995939045,2.0
5961,3.0,0,1.0
5962,41.5,30.405591591021544,2.0
5964,51.0,0,1.0
5965,7.0,0,1.0
5966,44.5,48.79036790187178,2.0
5968,11.0,2.8284271247461903,2.0
5969,44.0,0,1.0
5970,11.0,11.313708498984761,2.0
5971,19.5,24.748737341529164,2.0
5972,48.0,0,1.0
5973,35.0,46.66904755831214,2.0
5974,52.0,0,1.0
5975,53.0,0,1.0
5976,54.5,21.920310216782973,2.0
5977,30.0,26.870057685088806,2.0
5978,9.0,8.48528137423857,2.0
5979,45.5,2.1213203435596424,2.0
5980,53.0,29.698484809834994,2.0
5981,4.0,0,1.0
5982,16.5,7.7781745930520225,2.0
5983,22.0,0,1.0
5984,31.0,0,1.0
5985,36.0,0,1.0
5986,38.0,0,1.0
5987,9.0,4.242640687119285,2.0
5988,44.5,17.67766952966369,2.0
5990,59.0,18.384776310850235,2.0
5991,35.0,45.254833995939045,2.0
5992,15.0,0,1.0
5993,34.5,47.37615433949868,2.0
5994,41.0,48.08326112068523,2.0
5995,11.0,0,1.0
5996,15.0,8.48528137423857,2.0
5997,37.5,13.435028842544403,2.0
5999,8.5,2.1213203435596424,2.0
6000,4.0,0,1.0
6001,37.0,14.142135623730951,2.0
6002,20.5,19.091883092036785,2.0
6003,57.0,0,1.0
6004,13.0,0,1.0
6005,21.5,14.849242404917497,2.0
6006,46.0,0,1.0
6007,27.0,0,1.0
6008,31.0,0,1.0
6009,9.5,12.020815280171307,2.0
6012,29.5,4.949747468305833,2.0
6013,24.0,0,1.0
6014,2.0,0,1.0
6015,7.0,0,1.0
6017,27.0,0,1.0
6018,4.0,0,1.0
6019,48.0,0,1.0
6020,34.0,22.627416997969522,2.0
6022,30.0,4.242640687119285,2.0
6023,58.0,0,1.0
6024,12.0,0,1.0
6025,57.0,0,1.0
6026,15.0,0,1.0
6028,10.0,0,1.0
6029,33.0,12.727922061357855,2.0
6031,32.0,42.42640687119285,2.0
6032,12.0,4.242640687119285,2.0
6033,62.0,0,1.0
6034,2.0,0,1.0
6035,39.5,50.204581464244875,2.0
6036,40.0,48.08326112068523,2.0
6037,10.0,0,1.0
6038,10.0,5.656854249492381,2.0
6042,25.0,0,1.0
6044,25.0,24.041630560342615,2.0
6045,41.5,28.991378028648448,2.0
6048,41.0,0,1.0
6049,70.0,0,1.0
6050,21.0,0,1.0
6051,6.0,0,1.0
6052,6.0,0,1.0
6053,16.0,0,1.0
6055,20.0,0,1.0
6056,13.0,9.899494936611665,2.0
6059,35.0,0,1.0
6062,24.5,16.263455967290593,2.0
6063,69.0,0,1.0
6064,42.0,0,1.0
6066,13.0,0,1.0
6070,32.0,0,1.0
6071,50.0,0,1.0
6072,20.5,2.1213203435596424,2.0
6074,13.0,0,1.0
6075,27.0,0,1.0
6076,3.0,0,1.0
6077,52.0,0,1.0
6078,29.0,0,1.0
6079,55.0,0,1.0
6081,13.0,14.142135623730951,2.0
6082,61.0,0,1.0
6083,69.0,0,1.0
6086,23.0,0,1.0
6087,28.0,0,1.0
6088,37.0,0,1.0
6089,44.0,0,1.0
6090,18.0,0,1.0
6091,5.0,0,1.0
6092,21.5,12.020815280171307,2.0
6093,70.0,0,1.0
6094,16.0,0,1.0
6095,7.0,0,1.0
6096,28.5,16.263455967290593,2.0
6098,32.0,32.526911934581186,2.0
6099,6.0,0,1.0
6100,5.0,0,1.0
6101,48.0,0,1.0
6102,75.0,0,1.0
6103,42.5,48.79036790187178,2.0
6104,17.0,0,1.0
6105,9.0,0,1.0
6106,13.0,0,1.0
6107,13.0,12.727922061357855,2.0
6108,15.0,0,1.0
6110,2.0,0,1.0
6111,8.0,0,1.0
6112,31.0,19.79898987322333,2.0
6113,14.5,12.020815280171307,2.0
6115,5.0,0,1.0
6116,32.0,0,1.0
6117,4.0,0.0,2.0
6118,26.0,0,1.0
6119,5.0,5.656854249492381,2.0
6120,6.0,2.8284271247461903,2.0
6122,18.0,19.79898987322333,2.0
6123,30.0,0,1.0
6124,16.0,19.79898987322333,2.0
6125,5.0,0,1.0
6126,27.5,13.435028842544403,2.0
6128,47.0,0,1.0
6129,12.0,2.8284271247461903,2.0
6130,9.0,5.656854249492381,2.0
6131,40.5,23.33452377915607,2.0
6132,22.0,8.48528137423857,2.0
6133,47.5,20.506096654409877,2.0
6134,49.0,35.35533905932738,2.0
6135,69.0,0,1.0
6136,25.0,0,1.0
6137,11.0,0,1.0
6138,14.0,0,1.0
6139,65.0,0,1.0
6140,42.0,0,1.0
6141,44.0,0,1.0
6142,10.0,0,1.0
6143,28.5,38.890872965260115,2.0
6144,53.0,0,1.0
6146,33.0,0,1.0
6148,26.0,0,1.0
6149,59.5,10.606601717798213,2.0
6150,34.0,0,1.0
6151,20.0,16.97056274847714,2.0
6152,20.5,12.020815280171307,2.0
6153,8.0,4.242640687119285,2.0
6154,20.0,8.48528137423857,2.0
6155,17.0,0,1.0
6156,20.5,26.16295090390226,2.0
6157,14.0,0,1.0
6158,37.0,0,1.0
6160,39.0,8.48528137423857,2.0
6161,8.0,2.8284271247461903,2.0
6162,1.0,0,1.0
6163,1.0,0,1.0
6164,7.0,0.0,2.0
6165,2.0,0,1.0
6166,4.0,0,1.0
6167,39.0,0,1.0
6168,75.0,1.4142135623730951,2.0
6169,21.5,20.506096654409877,2.0
6170,1.0,0,1.0
6171,30.0,0.0,2.0
6172,11.5,7.7781745930520225,2.0
6173,19.0,0,1.0
6175,28.0,25.45584412271571,2.0
6176,7.5,2.1213203435596424,2.0
6177,43.5,21.920310216782973,2.0
6178,68.0,0,1.0
6179,4.0,4.242640687119285,2.0
6180,34.5,14.849242404917497,2.0
6181,21.0,14.142135623730951,2.0
6183,14.0,8.48528137423857,2.0
6184,42.0,7.0710678118654755,2.0
6185,39.0,0,1.0
6186,39.0,0,1.0
6187,17.5,20.506096654409877,2.0
6188,37.0,8.48528137423857,2.0
6189,81.0,0,1.0
6190,7.0,0,1.0
6191,14.0,0,1.0
6192,12.5,3.5355339059327378,2.0
6194,24.5,3.5355339059327378,2.0
6195,15.0,1.4142135623730951,2.0
6196,30.0,41.012193308819754,2.0
6197,24.5,0.7071067811865476,2.0
6198,49.0,15.556349186104045,2.0
6200,22.5,19.091883092036785,2.0
6201,80.0,0,1.0
6202,13.0,7.0710678118654755,2.0
6203,9.5,7.7781745930520225,2.0
6205,44.0,0,1.0
6206,41.5,40.30508652763321,2.0
6207,23.5,6.363961030678928,2.0
6208,23.0,0,1.0
6209,35.5,43.1335136523794,2.0
6210,19.5,10.606601717798213,2.0
6212,3.5,3.5355339059327378,2.0
6213,13.5,17.67766952966369,2.0
6214,4.0,0,1.0
6215,39.0,0,1.0
6216,42.0,9.899494936611665,2.0
6217,5.0,5.656854249492381,2.0
6218,28.0,0,1.0
6219,43.0,0,1.0
6220,18.0,0,1.0
6221,8.0,0,1.0
6222,21.0,0,1.0
6223,72.0,0,1.0
6224,16.0,0,1.0
6225,5.5,4.949747468305833,2.0
6227,31.0,0,1.0
6228,50.0,0,1.0
6229,39.0,46.66904755831214,2.0
6230,2.0,0,1.0
6232,36.0,8.48528137423857,2.0
6233,1.0,0,1.0
6234,9.0,0,1.0
6235,14.0,14.142135623730951,2.0
6236,5.0,0,1.0
6237,48.0,0,1.0
6238,63.0,0,1.0
6239,9.0,0,1.0
6240,3.0,0,1.0
6241,14.0,14.142135623730951,2.0
6242,28.0,0,1.0
6243,53.0,18.384776310850235,2.0
6244,48.0,0,1.0
6245,27.0,0,1.0
6246,12.0,0,1.0
6247,24.5,9.192388155425117,2.0
6248,7.0,0,1.0
6249,15.0,0,1.0
6250,6.0,0,1.0
6251,5.5,0.7071067811865476,2.0
6252,51.0,0,1.0
6253,11.5,9.192388155425117,2.0
6254,13.0,15.556349186104045,2.0
6255,67.0,19.79898987322333,2.0
6256,38.5,2.1213203435596424,2.0
6257,17.0,0,1.0
6258,16.0,7.0710678118654755,2.0
6259,6.5,4.949747468305833,2.0
6260,9.0,0,1.0
6261,8.0,0,1.0
6262,6.0,0,1.0
6263,57.0,0,1.0
6264,5.0,0,1.0
6265,40.5,50.204581464244875,2.0
6267,49.0,0,1.0
6268,40.5,7.7781745930520225,2.0
6269,43.5,26.16295090390226,2.0
6270,1.0,0,1.0
6272,9.5,12.020815280171307,2.0
6273,10.0,9.899494936611665,2.0
6274,12.5,9.192388155425117,2.0
6275,6.0,2.8284271247461903,2.0
6276,7.0,0,1.0
6277,40.0,0,1.0
6278,11.5,6.363961030678928,2.0
6279,18.5,19.091883092036785,2.0
6280,41.0,0,1.0
6281,35.0,0,1.0
6282,7.0,0,1.0
6283,23.0,0,1.0
6285,65.5,21.920310216782973,2.0
6286,4.0,4.242640687119285,2.0
6287,2.0,0,1.0
6288,14.0,2.8284271247461903,2.0
6289,13.0,0,1.0
6290,9.0,0,1.0
6291,3.0,0,1.0
6292,6.5,3.5355339059327378,2.0
6293,13.0,8.48528137423857,2.0
6294,5.0,1.4142135623730951,2.0
6295,38.0,0,1.0
6296,31.0,0,1.0
6297,44.0,0,1.0
6298,8.0,5.656854249492381,2.0
6300,13.0,0,1.0
6301,20.0,24.041630560342615,2.0
6302,20.5,10.606601717798213,2.0
6303,34.0,26.870057685088806,2.0
6305,39.0,45.254833995939045,2.0
6306,48.0,0,1.0
6307,48.0,0,1.0
6308,24.5,30.405591591021544,2.0
6309,48.0,2.8284271247461903,2.0
6310,1.0,0,1.0
6311,1.0,0,1.0
6312,4.0,0,1.0
6313,41.0,0,1.0
6317,37.0,0,1.0
6318,7.0,0,1.0
6319,41.0,0,1.0
6320,45.0,0,1.0
6321,1.0,0,1.0
6323,14.0,18.384776310850235,2.0
6325,46.0,0,1.0
6326,26.0,28.284271247461902,2.0
6327,13.0,16.97056274847714,2.0
6328,47.0,0,1.0
6329,20.0,21.213203435596427,2.0
6330,65.0,0,1.0
6331,21.0,0,1.0
6332,1.5,0.7071067811865476,2.0
6333,53.0,0,1.0
6334,1.0,0,1.0
6335,25.0,7.0710678118654755,2.0
6336,16.0,18.384776310850235,2.0
6337,12.0,0,1.0
6338,38.0,0,1.0
6339,29.0,0,1.0
6340,23.0,16.97056274847714,2.0
6341,25.5,34.64823227814083,2.0
6342,18.0,0,1.0
6343,15.0,19.79898987322333,2.0
6344,13.5,13.435028842544403,2.0
6345,44.0,43.840620433565945,2.0
6346,51.0,0,1.0
6347,18.0,24.041630560342615,2.0
6348,21.0,0,1.0
6350,41.0,0,1.0
6352,69.0,0,1.0
6353,9.0,0,1.0
6354,3.0,0,1.0
6355,10.0,0,1.0
6358,39.0,0,1.0
6359,44.0,0,1.0
6360,13.0,16.97056274847714,2.0
6362,37.0,0,1.0
6363,48.0,0,1.0
6364,66.0,1.4142135623730951,2.0
6365,36.0,0,1.0
6366,9.5,12.020815280171307,2.0
6367,19.5,21.920310216782973,2.0
6368,36.0,36.76955262170047,2.0
6369,71.0,11.313708498984761,2.0
6370,55.0,0,1.0
6371,10.5,6.363961030678928,2.0
6374,14.0,0,1.0
6375,19.5,12.020815280171307,2.0
6376,14.0,15.556349186104045,2.0
6377,3.0,0,1.0
6378,10.0,0,1.0
6379,26.0,31.11269837220809,2.0
6380,46.0,0,1.0
6381,19.0,8.48528137423857,2.0
6382,5.0,0,1.0
6383,7.0,0,1.0
6384,63.0,0,1.0
6385,1.0,0,1.0
6386,23.5,7.7781745930520225,2.0
6387,3.5,2.1213203435596424,2.0
6388,4.0,1.4142135623730951,2.0
6389,48.5,30.405591591021544,2.0
6390,17.5,14.849242404917497,2.0
6391,49.0,0,1.0
6392,30.0,22.627416997969522,2.0
6393,31.0,12.727922061357855,2.0
6394,32.5,21.920310216782973,2.0
6396,7.0,0,1.0
6397,26.0,29.698484809834994,2.0
6398,4.0,0,1.0
6399,30.0,0,1.0
6400,18.5,2.1213203435596424,2.0
6401,16.5,20.506096654409877,2.0
6402,7.0,0,1.0
6403,53.0,0,1.0
6404,17.0,5.656854249492381,2.0
6405,6.0,0,1.0
6406,18.0,9.899494936611665,2.0
6407,37.0,48.08326112068523,2.0
6408,9.5,0.7071067811865476,2.0
6409,25.0,9.899494936611665,2.0
6410,21.5,9.192388155425117,2.0
6411,18.0,16.97056274847714,2.0
6412,6.0,0,1.0
6413,2.0,0,1.0
6414,64.0,0,1.0
6415,29.0,36.76955262170047,2.0
6416,7.0,0.0,2.0
6417,36.0,46.66904755831214,2.0
6418,6.0,7.0710678118654755,2.0
6419,71.0,0,1.0
6420,47.5,47.37615433949868,2.0
6421,19.0,0,1.0
6422,53.5,37.476659402887016,2.0
6423,44.5,33.23401871576773,2.0
6424,31.5,34.64823227814083,2.0
6425,31.0,39.59797974644666,2.0
6426,43.5,4.949747468305833,2.0
6427,13.0,0,1.0
6428,8.5,6.363961030678928,2.0
6429,6.0,0,1.0
6430,18.0,0,1.0
6432,3.0,0,1.0
6433,21.0,0,1.0
6434,11.5,7.7781745930520225,2.0
6436,4.0,0,1.0
6437,1.0,0,1.0
6440,50.0,0,1.0
6441,8.0,1.4142135623730951,2.0
6444,24.0,0,1.0
6447,6.0,0,1.0
6449,70.0,0,1.0
6450,38.5,51.61879502661797,2.0
6452,1.0,0,1.0
6453,29.0,0,1.0
6457,15.0,0,1.0
6458,20.0,0,1.0
6459,35.0,0,1.0
6460,36.0,0,1.0
6461,55.5,4.949747468305833,2.0
6462,52.5,27.577164466275352,2.0
6463,4.0,0,1.0
6464,54.5,14.849242404917497,2.0
6465,16.0,2.8284271247461903,2.0
6466,62.0,0,1.0
6467,1.0,0,1.0
6468,11.5,2.1213203435596424,2.0
6469,75.0,0,1.0
6470,30.5,21.920310216782973,2.0
6471,21.0,0,1.0
6474,70.0,0,1.0
6475,71.0,12.727922061357855,2.0
6476,7.5,2.1213203435596424,2.0
6477,18.0,0,1.0
6480,2.0,0,1.0
6481,28.0,36.76955262170047,2.0
6482,16.0,0,1.0
6483,74.0,0,1.0
6484,16.0,11.313708498984761,2.0
6485,26.0,4.242640687119285,2.0
6486,2.0,0,1.0
6487,20.5,13.435028842544403,2.0
6488,25.5,4.949747468305833,2.0
6489,8.0,0,1.0
6490,16.0,0,1.0
6491,33.5,44.54772721475249,2.0
6492,13.0,0,1.0
6493,13.0,0,1.0
6494,11.5,4.949747468305833,2.0
6495,37.5,20.506096654409877,2.0
6496,64.0,0,1.0
6497,4.0,0,1.0
6498,21.5,17.67766952966369,2.0
6499,18.0,0,1.0
6500,13.0,5.656854249492381,2.0
6501,15.0,19.79898987322333,2.0
6502,13.0,0,1.0
6503,1.0,0,1.0
6504,47.0,0,1.0
6505,1.0,0,1.0
6506,12.0,0,1.0
6507,22.5,28.991378028648448,2.0
6509,21.0,0,1.0
6510,31.0,0,1.0
6511,14.0,0,1.0
6512,4.0,0,1.0
6513,28.0,0,1.0
6514,21.0,0,1.0
6516,4.0,4.242640687119285,2.0
6517,44.0,0,1.0
6518,26.0,12.727922061357855,2.0
6519,16.0,0,1.0
6521,1.0,0,1.0
6522,17.0,18.384776310850235,2.0
6523,2.0,1.4142135623730951,2.0
6524,40.0,0,1.0
6526,1.0,0,1.0
6527,28.0,0,1.0
6528,56.0,0,1.0
6529,2.0,0,1.0
6530,7.0,0,1.0
6531,45.0,50.91168824543142,2.0
6532,48.0,0,1.0
6533,51.0,0,1.0
6535,12.0,0,1.0
6536,12.5,16.263455967290593,2.0
6537,7.0,2.8284271247461903,2.0
6538,8.0,0,1.0
6539,11.0,0,1.0
6540,8.5,0.7071067811865476,2.0
6541,41.0,0,1.0
6542,16.0,12.727922061357855,2.0
6543,26.0,0,1.0
6544,10.0,8.48528137423857,2.0
6545,6.0,0,1.0
6546,23.0,22.627416997969522,2.0
6548,30.5,23.33452377915607,2.0
6549,18.0,0,1.0
6550,20.0,0,1.0
6552,11.0,14.142135623730951,2.0
6554,37.5,20.506096654409877,2.0
6555,34.0,0,1.0
6556,46.0,0,1.0
6557,2.0,0,1.0
6559,68.0,1.4142135623730951,2.0
6560,73.0,0,1.0
6561,15.5,4.949747468305833,2.0
6562,22.0,0,1.0
6563,40.0,0,1.0
6564,29.0,0,1.0
6565,6.0,0.0,2.0
6566,20.0,0,1.0
6567,56.5,10.606601717798213,2.0
6568,16.0,0,1.0
6569,34.0,0,1.0
6571,49.0,0,1.0
6572,36.5,21.920310216782973,2.0
6573,17.5,23.33452377915607,2.0
6574,47.0,0,1.0
6575,4.5,3.5355339059327378,2.0
6576,9.0,0,1.0
6578,12.5,7.7781745930520225,2.0
6579,15.0,9.899494936611665,2.0
6580,4.5,0.7071067811865476,2.0
6581,68.0,14.142135623730951,2.0
6582,5.0,0,1.0
6583,14.0,0,1.0
6584,8.5,2.1213203435596424,2.0
6585,8.5,9.192388155425117,2.0
6586,26.0,0,1.0
6587,37.0,49.49747468305833,2.0
6588,2.0,0,1.0
6589,18.0,8.48528137423857,2.0
6591,64.0,0,1.0
6592,1.0,0,1.0
6593,30.5,41.71930009000631,2.0
6594,35.0,0,1.0
6596,12.0,0,1.0
6597,22.0,0,1.0
6598,3.5,3.5355339059327378,2.0
6599,42.5,45.96194077712559,2.0
6601,15.0,16.97056274847714,2.0
6602,7.0,1.4142135623730951,2.0
6603,25.0,0,1.0
6604,55.0,0,1.0
6605,39.5,54.44722215136416,2.0
6606,9.0,0,1.0
6607,11.0,7.0710678118654755,2.0
6608,6.0,0,1.0
6609,4.0,4.242640687119285,2.0
6610,10.0,7.0710678118654755,2.0
6611,3.5,2.1213203435596424,2.0
6612,3.0,1.4142135623730951,2.0
6614,12.0,0,1.0
6615,72.0,0,1.0
6616,2.5,0.7071067811865476,2.0
6618,9.5,12.020815280171307,2.0
6619,23.0,18.384776310850235,2.0
6620,27.0,36.76955262170047,2.0
6621,37.5,38.890872965260115,2.0
6622,13.0,14.142135623730951,2.0
6624,38.0,26.870057685088806,2.0
6626,27.0,1.4142135623730951,2.0
6628,16.5,13.435028842544403,2.0
6629,29.0,15.556349186104045,2.0
6630,9.0,2.8284271247461903,2.0
6631,29.5,36.062445840513924,2.0
6632,17.0,0,1.0
6633,2.0,0,1.0
6634,54.0,0,1.0
6635,39.5,50.204581464244875,2.0
6636,16.0,0,1.0
6639,46.0,0,1.0
6640,34.0,0,1.0
6641,29.0,33.94112549695428,2.0
6642,35.5,3.5355339059327378,2.0
6643,9.0,0,1.0
6644,13.5,16.263455967290593,2.0
6645,32.0,0,1.0
6646,39.0,0,1.0
6648,66.0,0,1.0
6649,1.0,0,1.0
6651,12.0,12.727922061357855,2.0
6652,29.5,27.577164466275352,2.0
6653,16.0,0,1.0
6655,27.0,0,1.0
6656,56.5,28.991378028648448,2.0
6657,7.0,4.242640687119285,2.0
6658,3.0,0,1.0
6659,53.0,0,1.0
6660,36.0,41.012193308819754,2.0
6661,1.0,0,1.0
6662,7.0,0,1.0
6663,17.0,19.79898987322333,2.0
6664,17.0,0,1.0
6665,57.0,0,1.0
6666,11.5,4.949747468305833,2.0
6667,5.0,0,1.0
6668,10.0,0,1.0
6669,2.0,0,1.0
6670,43.0,19.79898987322333,2.0
6671,5.0,5.656854249492381,2.0
6672,10.0,0,1.0
6673,13.5,13.435028842544403,2.0
6674,45.5,24.748737341529164,2.0
6675,29.0,0,1.0
6676,20.0,22.627416997969522,2.0
6677,31.0,8.48528137423857,2.0
6678,40.0,43.840620433565945,2.0
6679,35.0,0,1.0
6680,36.5,6.363961030678928,2.0
6681,32.0,1.4142135623730951,2.0
6682,15.0,0.0,2.0
6683,44.0,0,1.0
6684,48.0,0,1.0
6686,4.0,0,1.0
6687,28.0,12.727922061357855,2.0
6688,18.0,0,1.0
6689,36.5,27.577164466275352,2.0
6690,53.0,0,1.0
6691,29.5,4.949747468305833,2.0
6692,22.0,0,1.0
6693,40.0,0.0,2.0
6694,15.0,11.313708498984761,2.0
6695,14.0,0,1.0
6696,36.0,0,1.0
6699,26.5,2.1213203435596424,2.0
6700,11.5,2.1213203435596424,2.0
6701,44.0,0,1.0
6702,24.5,9.192388155425117,2.0
6703,39.5,45.96194077712559,2.0
6704,8.0,0,1.0
6705,36.0,0,1.0
6706,45.5,36.062445840513924,2.0
6707,21.0,0,1.0
6708,39.0,0,1.0
6709,9.0,8.48528137423857,2.0
6710,55.5,2.1213203435596424,2.0
6711,34.5,21.920310216782973,2.0
6712,43.5,21.920310216782973,2.0
6713,20.0,0,1.0
6714,18.0,0,1.0
6715,10.5,0.7071067811865476,2.0
6716,47.0,0,1.0
6717,28.0,0,1.0
6718,56.5,6.363961030678928,2.0
6719,48.0,0,1.0
6721,29.0,0.0,2.0
6722,30.0,41.012193308819754,2.0
6723,16.0,8.48528137423857,2.0
6724,11.0,0,1.0
6725,41.0,0.0,2.0
6727,39.5,7.7781745930520225,2.0
6729,64.0,0,1.0
6730,15.0,0,1.0
6731,4.0,1.4142135623730951,2.0
6732,63.0,0,1.0
6733,45.0,0,1.0
6734,12.0,0,1.0
6735,4.5,4.949747468305833,2.0
6736,25.0,7.0710678118654755,2.0
6737,3.0,0,1.0
6738,13.5,6.363961030678928,2.0
6739,26.5,31.81980515339464,2.0
6740,80.0,0,1.0
6741,71.0,0,1.0
6742,39.0,0,1.0
6743,32.0,0,1.0
6744,17.0,15.556349186104045,2.0
6745,41.0,0,1.0
6746,51.0,0,1.0
6748,41.5,9.192388155425117,2.0
6749,5.0,0,1.0
6750,41.5,12.020815280171307,2.0
6751,77.0,0,1.0
6752,36.0,22.627416997969522,2.0
6753,24.0,0,1.0
6754,79.0,0,1.0
6755,12.5,9.192388155425117,2.0
6757,27.0,19.79898987322333,2.0
6758,10.0,0,1.0
6759,21.0,14.142135623730951,2.0
6760,10.0,0,1.0
6764,27.0,15.556349186104045,2.0
6765,4.0,0,1.0
6766,34.5,19.091883092036785,2.0
6767,32.5,20.506096654409877,2.0
6768,1.0,0,1.0
6769,4.0,4.242640687119285,2.0
6770,34.0,0,1.0
6771,53.0,0,1.0
6772,4.0,0,1.0
6773,41.0,35.35533905932738,2.0
6774,24.0,0,1.0
6775,49.0,0,1.0
6776,16.0,21.213203435596427,2.0
6777,6.0,0,1.0
6778,30.0,0,1.0
6781,20.0,0,1.0
6782,50.0,22.627416997969522,2.0
6783,10.0,0,1.0
6784,3.0,0,1.0
6785,15.0,1.4142135623730951,2.0
6786,17.5,9.192388155425117,2.0
6787,15.0,1.4142135623730951,2.0
6788,13.0,0,1.0
6789,42.5,3.5355339059327378,2.0
6790,46.0,0,1.0
6791,16.5,13.435028842544403,2.0
6792,16.5,3.5355339059327378,2.0
6793,17.0,2.8284271247461903,2.0
6794,7.5,3.5355339059327378,2.0
6795,25.0,0,1.0
6797,21.0,7.0710678118654755,2.0
6799,41.5,50.204581464244875,2.0
6800,62.0,26.870057685088806,2.0
6801,15.0,7.0710678118654755,2.0
6802,19.5,26.16295090390226,2.0
6803,27.5,14.849242404917497,2.0
6804,15.0,0,1.0
6805,30.0,24.041630560342615,2.0
6806,30.0,31.11269837220809,2.0
6807,26.0,32.526911934581186,2.0
6808,18.0,0,1.0
6809,10.0,0,1.0
6811,45.5,44.54772721475249,2.0
6812,33.5,2.1213203435596424,2.0
6813,13.0,14.142135623730951,2.0
6814,32.0,22.627416997969522,2.0
6815,2.0,0,1.0
6816,80.0,0,1.0
6817,10.0,8.48528137423857,2.0
6818,25.5,2.1213203435596424,2.0
6819,2.0,0,1.0
6820,14.5,2.1213203435596424,2.0
6821,11.5,13.435028842544403,2.0
6822,39.0,12.727922061357855,2.0
6823,21.0,4.242640687119285,2.0
6824,6.0,0,1.0
6825,5.0,0,1.0
6826,37.0,8.48528137423857,2.0
6827,49.5,4.949747468305833,2.0
6828,23.0,18.384776310850235,2.0
6829,10.0,2.8284271247461903,2.0
6830,12.0,12.727922061357855,2.0
6831,6.0,0,1.0
6833,44.5,9.192388155425117,2.0
6834,3.0,0,1.0
6837,44.0,18.384776310850235,2.0
6838,34.5,24.748737341529164,2.0
6839,4.0,0,1.0
6841,24.0,0,1.0
6842,11.5,7.7781745930520225,2.0
6843,27.5,30.405591591021544,2.0
6844,13.5,16.263455967290593,2.0
6845,11.0,0,1.0
6846,22.0,0,1.0
6847,23.0,0,1.0
6848,28.0,29.698484809834994,2.0
6849,37.0,0,1.0
6850,10.0,0,1.0
6851,22.0,0,1.0
6852,13.0,0,1.0
6853,31.5,10.606601717798213,2.0
6854,13.0,4.242640687119285,2.0
6855,6.0,4.242640687119285,2.0
6856,24.5,0.7071067811865476,2.0
6857,6.0,0,1.0
6859,16.0,0,1.0
6860,4.5,0.7071067811865476,2.0
6862,34.0,1.4142135623730951,2.0
6863,21.5,12.020815280171307,2.0
6864,31.0,8.48528137423857,2.0
6866,5.5,2.1213203435596424,2.0
6867,6.0,0,1.0
6868,23.0,0,1.0
6870,30.5,33.23401871576773,2.0
6871,12.0,7.0710678118654755,2.0
6872,29.0,29.698484809834994,2.0
6873,67.0,0,1.0
6874,40.0,0,1.0
6875,7.5,0.7071067811865476,2.0
6876,47.0,41.012193308819754,2.0
6877,29.0,5.656854249492381,2.0
6878,41.0,49.49747468305833,2.0
6879,49.0,0,1.0
6880,5.0,0,1.0
6881,3.0,0,1.0
6882,13.0,0,1.0
6883,28.5,20.506096654409877,2.0
6884,33.0,14.142135623730951,2.0
6885,33.5,40.30508652763321,2.0
6886,29.0,0,1.0
6887,33.5,14.849242404917497,2.0
6888,21.5,14.849242404917497,2.0
6889,14.0,14.142135623730951,2.0
6890,53.0,0,1.0
6891,20.5,9.192388155425117,2.0
6892,27.0,21.213203435596427,2.0
6893,16.0,0,1.0
6894,33.0,0,1.0
6895,15.0,0,1.0
6896,24.0,0.0,2.0
6897,8.0,0,1.0
6898,37.0,29.698484809834994,2.0
6899,34.0,39.59797974644666,2.0
6900,14.0,0,1.0
6901,1.0,0,1.0
6902,70.0,0,1.0
6903,10.0,0,1.0
6904,32.0,12.727922061357855,2.0
6905,32.0,35.35533905932738,2.0
6906,20.0,0,1.0
6907,4.0,0,1.0
6908,39.5,13.435028842544403,2.0
6909,5.0,0,1.0
6910,26.0,0,1.0
6911,28.0,0,1.0
6912,20.5,26.16295090390226,2.0
6913,5.0,0,1.0
6914,18.0,19.79898987322333,2.0
6915,34.5,17.67766952966369,2.0
6916,23.0,12.727922061357855,2.0
6917,22.0,0,1.0
6918,24.0,11.313708498984761,2.0
6919,30.5,12.020815280171307,2.0
6920,21.0,0,1.0
6921,36.5,30.405591591021544,2.0
6922,21.0,8.48528137423857,2.0
6923,39.5,47.37615433949868,2.0
6924,12.0,0,1.0
6925,58.0,0,1.0
6926,19.5,26.16295090390226,2.0
6927,8.5,0.7071067811865476,2.0
6929,37.0,24.041630560342615,2.0
6930,47.0,0,1.0
6931,18.0,0,1.0
6932,30.0,1.4142135623730951,2.0
6933,26.5,26.16295090390226,2.0
6934,35.0,7.0710678118654755,2.0
6935,15.0,0,1.0
6936,8.5,10.606601717798213,2.0
6937,31.5,36.062445840513924,2.0
6938,27.0,29.698484809834994,2.0
6939,10.0,0,1.0
6940,14.0,0,1.0
6941,70.0,0,1.0
6942,41.5,19.091883092036785,2.0
6943,42.0,0,1.0
6944,38.0,0,1.0
6945,15.0,5.656854249492381,2.0
6948,28.5,38.890872965260115,2.0
6949,10.0,0,1.0
6950,10.0,9.899494936611665,2.0
6951,9.5,3.5355339059327378,2.0
6952,55.0,0,1.0
6953,16.0,0,1.0
6954,37.0,0,1.0
6955,56.0,7.0710678118654755,2.0
6956,22.0,5.656854249492381,2.0
6957,4.0,0,1.0
6958,9.0,0,1.0
6959,2.0,0,1.0
6960,15.0,0,1.0
6961,51.5,40.30508652763321,2.0
6962,39.0,0,1.0
6963,43.0,0,1.0
6964,22.0,0,1.0
6965,45.0,0,1.0
6966,9.5,12.020815280171307,2.0
6967,71.0,0,1.0
6968,7.0,0,1.0
6969,6.5,0.7071067811865476,2.0
6971,23.0,15.556349186104045,2.0
6972,25.0,0,1.0
6973,10.0,0,1.0
6974,2.0,0.0,2.0
6975,32.0,26.870057685088806,2.0
6976,1.0,0,1.0
6977,8.0,7.0710678118654755,2.0
6978,8.0,0,1.0
6979,3.5,0.7071067811865476,2.0
6980,20.5,6.363961030678928,2.0
6982,7.0,0,1.0
6983,47.0,0,1.0
6984,36.0,0,1.0
6985,1.0,0,1.0
6986,58.0,0,1.0
6987,34.5,38.890872965260115,2.0
6988,12.0,0,1.0
6990,19.5,19.091883092036785,2.0
6991,23.5,31.81980515339464,2.0
6993,22.0,0,1.0
6994,27.0,0,1.0
6995,18.0,0,1.0
6996,7.5,0.7071067811865476,2.0
6997,9.0,0,1.0
6998,34.5,6.363961030678928,2.0
6999,31.0,0,1.0
7000,6.0,0,1.0
7001,7.0,0,1.0
7002,8.5,0.7071067811865476,2.0
7003,77.0,0,1.0
7005,8.0,4.242640687119285,2.0
7006,29.0,0,1.0
7007,3.5,3.5355339059327378,2.0
7008,9.0,4.242640687119285,2.0
7009,49.0,0,1.0
7010,23.0,22.627416997969522,2.0
7011,52.0,0,1.0
7012,9.0,0,1.0
7014,79.0,0,1.0
7015,14.0,9.899494936611665,2.0
7016,56.0,0,1.0
7017,34.5,13.435028842544403,2.0
7018,40.0,52.32590180780452,2.0
7019,35.0,15.556349186104045,2.0
7020,19.0,0,1.0
7021,3.0,0.0,2.0
7022,18.0,0,1.0
7023,28.0,31.11269837220809,2.0
7024,21.0,7.0710678118654755,2.0
7025,13.0,0,1.0
7026,52.0,0,1.0
7027,4.0,0,1.0
7028,11.5,3.5355339059327378,2.0
7029,53.0,0,1.0
7030,13.5,10.606601717798213,2.0
7031,73.0,0,1.0
7033,34.0,0,1.0
7034,79.0,0,1.0
7036,18.0,24.041630560342615,2.0
7037,27.5,2.1213203435596424,2.0
7038,30.0,31.11269837220809,2.0
7039,37.5,50.204581464244875,2.0
7040,39.5,17.67766952966369,2.0
7041,21.5,4.949747468305833,2.0
7042,26.5,13.435028842544403,2.0
7043,33.5,28.991378028648448,2.0
7044,43.5,12.020815280171307,2.0
7045,13.0,0,1.0
7046,33.5,23.33452377915607,2.0
7047,76.5,6.363961030678928,2.0
7048,44.0,0,1.0
7050,40.0,35.35533905932738,2.0
7051,41.0,0,1.0
7052,31.0,18.384776310850235,2.0
7053,18.0,0,1.0
7054,53.5,9.192388155425117,2.0
7056,73.0,0,1.0
7057,10.0,0,1.0
7058,38.0,0,1.0
7059,21.0,0,1.0
7060,24.0,0,1.0
7061,14.0,0,1.0
7062,7.0,0,1.0
7063,68.5,9.192388155425117,2.0
7064,34.0,22.627416997969522,2.0
7065,61.0,0,1.0
7066,46.0,0,1.0
7067,37.5,36.062445840513924,2.0
7068,27.0,26.870057685088806,2.0
7069,35.0,2.8284271247461903,2.0
7070,9.0,0,1.0
7072,34.0,0,1.0
7073,4.0,0,1.0
7074,37.5,47.37615433949868,2.0
7075,48.0,0,1.0
7076,5.0,0,1.0
7077,23.5,27.577164466275352,2.0
7078,18.0,0,1.0
7079,15.0,0,1.0
7081,66.0,0,1.0
7082,74.0,0,1.0
7084,17.5,12.020815280171307,2.0
7085,6.0,0.0,2.0
7086,18.5,14.849242404917497,2.0
7087,28.5,20.506096654409877,2.0
7088,17.5,6.363961030678928,2.0
7089,45.0,0,1.0
7090,11.5,13.435028842544403,2.0
7091,8.0,0,1.0
7092,40.0,0,1.0
7093,30.0,38.18376618407357,2.0
7094,47.0,41.012193308819754,2.0
7096,10.5,4.949747468305833,2.0
7097,40.0,0,1.0
7098,19.0,0,1.0
7099,24.0,0,1.0
7100,39.5,14.849242404917497,2.0
7101,61.5,27.577164466275352,2.0
7102,33.0,0,1.0
7103,35.0,0,1.0
7104,34.5,4.949747468305833,2.0
7105,39.5,19.091883092036785,2.0
7106,20.5,14.849242404917497,2.0
7107,13.0,8.48528137423857,2.0
7108,48.0,48.08326112068523,2.0
7109,25.5,14.849242404917497,2.0
7110,7.0,5.656854249492381,2.0
7111,9.0,2.8284271247461903,2.0
7112,7.0,0,1.0
7113,15.0,0,1.0
7114,1.0,0,1.0
7115,35.0,0,1.0
7116,12.0,0,1.0
7117,51.5,33.23401871576773,2.0
7118,9.5,7.7781745930520225,2.0
7119,8.0,8.48528137423857,2.0
7120,17.0,0,1.0
7121,14.0,14.142135623730951,2.0
7122,45.0,0,1.0
7123,41.0,0,1.0
7124,39.5,20.506096654409877,2.0
7126,66.0,0,1.0
7127,19.0,0,1.0
7128,14.5,4.949747468305833,2.0
7129,19.0,14.142135623730951,2.0
7130,62.5,21.920310216782973,2.0
7131,45.0,0,1.0
7132,9.0,5.656854249492381,2.0
7133,14.0,0,1.0
7134,28.0,0,1.0
7135,46.5,36.062445840513924,2.0
7136,29.0,22.627416997969522,2.0
7137,53.5,31.81980515339464,2.0
7138,15.5,9.192388155425117,2.0
7139,39.0,46.66904755831214,2.0
7140,8.5,6.363961030678928,2.0
7141,17.5,12.020815280171307,2.0
7142,55.5,30.405591591021544,2.0
7143,23.0,0,1.0
7144,74.0,0,1.0
7146,6.5,6.363961030678928,2.0
7147,78.0,0,1.0
7148,15.0,14.142135623730951,2.0
7149,21.0,28.284271247461902,2.0
7151,22.0,0,1.0
7153,18.0,0,1.0
7154,52.0,0,1.0
7155,55.0,0,1.0
7156,32.0,0,1.0
7157,52.5,10.606601717798213,2.0
7158,19.0,0,1.0
7159,21.0,0,1.0
7160,46.5,30.405591591021544,2.0
7162,1.0,0,1.0
7163,23.0,0,1.0
7164,2.0,0,1.0
7165,39.0,0,1.0
7168,53.0,0,1.0
7169,15.5,4.949747468305833,2.0
7170,28.0,0,1.0
7171,56.0,7.0710678118654755,2.0
7172,25.0,0.0,2.0
7173,30.5,4.949747468305833,2.0
7174,36.0,36.76955262170047,2.0
7175,30.0,0,1.0
7176,52.0,0,1.0
7177,40.5,55.86143571373726,2.0
7178,53.0,36.76955262170047,2.0
7180,51.5,4.949747468305833,2.0
7181,19.0,0,1.0
7182,12.0,0,1.0
7183,28.0,1.4142135623730951,2.0
7184,36.5,36.062445840513924,2.0
7185,27.0,29.698484809834994,2.0
7186,55.0,0,1.0
7187,40.0,0,1.0
7188,12.0,14.142135623730951,2.0
7189,5.0,0,1.0
7190,44.0,0,1.0
7191,12.0,0,1.0
7192,7.0,5.656854249492381,2.0
7193,9.5,4.949747468305833,2.0
7194,11.0,0,1.0
7195,3.0,0,1.0
7196,38.0,52.32590180780452,2.0
7197,15.0,0,1.0
7198,29.0,0,1.0
7199,46.0,0,1.0
7200,2.0,0,1.0
7201,2.0,0,1.0
7202,21.0,0,1.0
7203,21.0,0,1.0
7205,71.0,0,1.0
7206,6.0,0,1.0
7207,10.0,2.8284271247461903,2.0
7208,32.0,0,1.0
7209,10.0,12.727922061357855,2.0
7210,67.0,0,1.0
7211,18.5,24.748737341529164,2.0
7212,53.0,0,1.0
7213,22.0,0,1.0
7215,77.0,0,1.0
7216,74.0,0,1.0
7217,22.5,23.33452377915607,2.0
7218,38.0,0.0,2.0
7219,67.0,0,1.0
7220,56.0,0,1.0
7222,13.0,4.242640687119285,2.0
7223,30.0,0,1.0
7225,3.0,0,1.0
7227,24.0,0,1.0
7228,7.0,8.48528137423857,2.0
7229,32.0,0,1.0
7230,4.0,0,1.0
7231,35.0,42.42640687119285,2.0
7232,18.0,0,1.0
7233,7.0,0,1.0
7234,25.5,12.020815280171307,2.0
7235,15.0,0,1.0
7236,29.0,0,1.0
7237,19.0,21.213203435596427,2.0
7238,18.0,0,1.0
7239,11.0,0,1.0
7240,1.0,0,1.0
7241,32.0,32.526911934581186,2.0
7242,10.0,0,1.0
7245,42.0,0,1.0
7246,15.0,0,1.0
7248,37.0,4.242640687119285,2.0
7249,33.0,0,1.0
7250,2.0,0,1.0
7251,3.0,0,1.0
7252,9.0,0,1.0
7254,29.0,0,1.0
7256,41.0,0,1.0
7257,8.0,9.899494936611665,2.0
7259,46.5,40.30508652763321,2.0
7260,18.0,0,1.0
7261,1.0,0,1.0
7262,7.5,6.363961030678928,2.0
7263,3.0,0,1.0
7264,34.0,0,1.0
7265,18.5,17.67766952966369,2.0
7266,11.0,11.313708498984761,2.0
7267,10.0,0,1.0
7268,1.0,0,1.0
7269,54.5,6.363961030678928,2.0
7272,43.0,43.840620433565945,2.0
7273,25.0,21.213203435596427,2.0
7274,27.0,9.899494936611665,2.0
7275,56.0,0,1.0
7276,40.0,12.727922061357855,2.0
7277,17.0,0,1.0
7278,18.0,12.727922061357855,2.0
7279,9.5,0.7071067811865476,2.0
7280,66.0,19.79898987322333,2.0
7281,3.5,0.7071067811865476,2.0
7283,25.5,23.33452377915607,2.0
7284,9.5,2.1213203435596424,2.0
7285,12.0,0,1.0
7286,40.0,0,1.0
7291,2.0,0,1.0
7292,16.5,17.67766952966369,2.0
7293,17.0,0,1.0
7294,12.0,0,1.0
7295,59.0,0,1.0
7299,18.0,18.384776310850235,2.0
7300,20.5,23.33452377915607,2.0
7301,42.0,0,1.0
7302,20.5,3.5355339059327378,2.0
7303,17.0,7.0710678118654755,2.0
7304,1.0,0,1.0
7305,48.0,0,1.0
7309,1.0,0,1.0
7310,19.0,11.313708498984761,2.0
7311,31.0,0,1.0
7312,10.0,0,1.0
7313,18.5,9.192388155425117,2.0
7315,14.5,19.091883092036785,2.0
7316,37.0,0,1.0
7319,18.0,19.79898987322333,2.0
7320,44.5,34.64823227814083,2.0
7321,4.0,0,1.0
7322,36.5,10.606601717798213,2.0
7323,72.0,0,1.0
7324,39.0,33.94112549695428,2.0
7325,56.0,0,1.0
7328,61.0,0,1.0
7329,17.0,0,1.0
7330,15.0,0,1.0
7331,18.5,14.849242404917497,2.0
7333,82.0,0,1.0
7334,41.5,19.091883092036785,2.0
7335,23.5,31.81980515339464,2.0
7336,14.0,4.242640687119285,2.0
7339,29.0,31.11269837220809,2.0
7341,17.5,20.506096654409877,2.0
7342,24.0,0,1.0
7343,14.5,3.5355339059327378,2.0
7344,11.5,2.1213203435596424,2.0
7345,6.0,0,1.0
7346,13.0,15.556349186104045,2.0
7350,7.5,6.363961030678928,2.0
7351,6.0,5.656854249492381,2.0
7352,42.0,0,1.0
7353,28.0,7.0710678118654755,2.0
7355,24.0,24.041630560342615,2.0
7356,25.5,0.7071067811865476,2.0
7357,31.5,30.405591591021544,2.0
7358,13.0,0,1.0
7359,60.0,0,1.0
7360,19.0,0,1.0
7361,24.5,27.577164466275352,2.0
7362,11.0,11.313708498984761,2.0
7363,11.5,10.606601717798213,2.0
7364,11.0,0,1.0
7365,24.0,0,1.0
7366,22.0,8.48528137423857,2.0
7367,8.0,1.4142135623730951,2.0
7368,37.0,0,1.0
7369,3.0,0,1.0
7370,15.0,0,1.0
7371,9.0,0,1.0
7372,10.0,0,1.0
7373,5.0,5.656854249492381,2.0
7374,21.5,13.435028842544403,2.0
7375,7.0,0,1.0
7376,16.0,8.48528137423857,2.0
7377,76.0,0,1.0
7378,32.0,0,1.0
7381,10.0,9.899494936611665,2.0
7382,7.0,7.0710678118654755,2.0
7384,28.0,5.656854249492381,2.0
7385,22.5,26.16295090390226,2.0
7388,13.5,16.263455967290593,2.0
7389,27.0,19.79898987322333,2.0
7390,21.0,15.556349186104045,2.0
7391,12.0,0,1.0
7392,41.0,0,1.0
7393,19.0,0,1.0
7394,69.0,0,1.0
7395,20.0,0,1.0
7396,10.5,12.020815280171307,2.0
7397,16.0,0,1.0
7398,33.5,37.476659402887016,2.0
7399,32.0,12.727922061357855,2.0
7400,9.0,0,1.0
7401,6.0,0,1.0
7402,49.0,0,1.0
7404,3.0,0,1.0
7405,39.0,0,1.0
7406,24.0,0,1.0
7407,23.0,0,1.0
7408,27.0,21.213203435596427,2.0
7409,13.5,13.435028842544403,2.0
7410,14.0,0,1.0
7412,40.5,30.405591591021544,2.0
7413,24.5,14.849242404917497,2.0
7415,4.0,0,1.0
7416,24.5,21.920310216782973,2.0
7417,68.0,0,1.0
7418,26.0,28.284271247461902,2.0
7419,8.0,0,1.0
7420,17.0,0,1.0
7421,49.5,17.67766952966369,2.0
7422,35.0,0,1.0
7424,17.0,0,1.0
7430,29.0,0,1.0
7431,43.0,0,1.0
7434,3.0,0,1.0
7435,15.0,0,1.0
7436,71.0,0,1.0
7437,30.5,31.81980515339464,2.0
7438,29.0,36.76955262170047,2.0
7439,35.5,26.16295090390226,2.0
7440,21.0,0,1.0
7441,17.0,0,1.0
7442,22.0,22.627416997969522,2.0
7443,29.0,0,1.0
7444,47.0,0,1.0
7445,16.0,0,1.0
7446,25.0,0,1.0
7447,61.0,0,1.0
7448,43.5,33.23401871576773,2.0
7450,19.0,0,1.0
7451,14.0,0,1.0
7452,60.0,0,1.0
7453,53.0,0,1.0
7455,74.0,0,1.0
7457,79.0,0,1.0
7460,19.5,26.16295090390226,2.0
7461,64.0,0,1.0
7462,53.0,0,1.0
7463,49.0,0,1.0
7464,7.0,0,1.0
7467,41.0,56.568542494923804,2.0
7468,5.0,0,1.0
7469,72.0,0,1.0
7470,37.5,21.920310216782973,2.0
7471,17.0,1.4142135623730951,2.0
7472,39.0,0,1.0
7473,17.0,0,1.0
7475,6.0,0,1.0
7476,43.0,43.840620433565945,2.0
7477,10.0,0,1.0
7478,44.0,0,1.0
7479,50.0,32.526911934581186,2.0
7480,71.0,0,1.0
7481,48.5,30.405591591021544,2.0
7482,7.0,0,1.0
7483,19.0,0,1.0
7484,19.0,0,1.0
7485,11.0,0,1.0
7487,18.0,0,1.0
7489,34.0,0,1.0
7490,36.0,0,1.0
7491,26.0,0,1.0
7492,50.0,0,1.0
7493,53.5,28.991378028648448,2.0
7494,45.5,48.79036790187178,2.0
7495,2.0,0,1.0
7496,20.0,0,1.0
7497,47.0,0,1.0
7498,18.0,0,1.0
7499,74.0,0,1.0
7500,75.0,0,1.0
7501,39.5,23.33452377915607,2.0
7502,27.5,7.7781745930520225,2.0
7503,31.0,0,1.0
7504,61.0,0,1.0
7505,37.0,0,1.0
7506,26.5,34.64823227814083,2.0
7508,43.0,18.384776310850235,2.0
7510,44.0,0,1.0
7511,20.5,3.5355339059327378,2.0
7512,58.0,25.45584412271571,2.0
7514,56.0,0,1.0
7515,37.5,30.405591591021544,2.0
7516,7.0,0,1.0
7518,32.5,2.1213203435596424,2.0
7519,53.0,0,1.0
7520,63.5,2.1213203435596424,2.0
7521,6.0,1.4142135623730951,2.0
7522,34.0,42.42640687119285,2.0
7523,23.0,2.8284271247461903,2.0
7524,18.0,0,1.0
7525,33.0,39.59797974644666,2.0
7526,32.5,38.890872965260115,2.0
7527,17.0,0,1.0
7529,53.0,0,1.0
7530,11.0,0,1.0
7531,45.0,26.870057685088806,2.0
7532,13.0,14.142135623730951,2.0
7533,36.0,42.42640687119285,2.0
7534,42.0,0,1.0
7535,28.0,0,1.0
7536,49.0,0,1.0
7537,7.0,5.656854249492381,2.0
7538,3.0,0,1.0
7539,17.5,14.849242404917497,2.0
7540,7.0,0,1.0
7541,34.0,11.313708498984761,2.0
7542,1.0,0,1.0
7543,23.0,1.4142135623730951,2.0
7544,42.0,45.254833995939045,2.0
7545,7.0,0,1.0
7547,34.0,0,1.0
7548,4.0,0,1.0
7549,26.5,21.920310216782973,2.0
7551,15.5,13.435028842544403,2.0
7552,25.0,0,1.0
7553,10.0,0,1.0
7554,28.0,0,1.0
7555,23.0,5.656854249492381,2.0
7556,31.5,36.062445840513924,2.0
7557,29.5,37.476659402887016,2.0
7558,4.0,0,1.0
7559,17.0,0,1.0
7560,18.0,0,1.0
7561,47.5,34.64823227814083,2.0
7562,19.0,0,1.0
7563,65.0,0,1.0
7565,37.0,29.698484809834994,2.0
7566,43.0,0,1.0
7567,39.0,0,1.0
7568,26.0,19.79898987322333,2.0
7569,61.0,4.242640687119285,2.0
7570,59.0,0,1.0
7571,21.0,25.45584412271571,2.0
7572,74.5,4.949747468305833,2.0
7573,51.0,0,1.0
7574,35.0,21.213203435596427,2.0
7575,45.0,0.0,2.0
7576,8.0,0,1.0
7577,15.0,0,1.0
7578,65.0,0,1.0
7579,4.5,0.7071067811865476,2.0
7580,16.0,9.899494936611665,2.0
7581,27.0,24.041630560342615,2.0
7582,36.5,14.849242404917497,2.0
7584,50.0,0,1.0
7585,12.5,4.949747468305833,2.0
7586,9.0,0,1.0
7587,7.0,0,1.0
7588,22.0,29.698484809834994,2.0
7589,35.0,7.0710678118654755,2.0
7590,33.0,12.727922061357855,2.0
7591,20.0,5.656854249492381,2.0
7592,13.0,0,1.0
7594,9.0,0,1.0
7595,18.0,18.384776310850235,2.0
7596,59.0,0,1.0
7597,61.0,0,1.0
7598,14.0,0,1.0
7599,10.0,5.656854249492381,2.0
7600,76.5,0.7071067811865476,2.0
7601,16.0,7.0710678118654755,2.0
7602,30.0,0,1.0
7603,10.5,7.7781745930520225,2.0
7604,5.5,3.5355339059327378,2.0
7605,12.0,0,1.0
7606,39.0,0,1.0
7607,21.5,24.748737341529164,2.0
7608,10.5,4.949747468305833,2.0
7609,26.0,0,1.0
7610,25.0,19.79898987322333,2.0
7611,53.0,0,1.0
7612,41.5,13.435028842544403,2.0
7613,11.0,0,1.0
7614,1.0,0,1.0
7615,12.0,0,1.0
7616,7.0,0,1.0
7617,31.0,0,1.0
7618,41.0,35.35533905932738,2.0
7619,4.0,0,1.0
7620,9.5,12.020815280171307,2.0
7623,19.5,2.1213203435596424,2.0
7624,1.0,0,1.0
7625,9.0,0,1.0
7626,11.0,0,1.0
7628,81.0,0,1.0
7629,18.0,0,1.0
7630,16.0,0,1.0
7631,24.0,0,1.0
7632,21.0,28.284271247461902,2.0
7634,38.0,0,1.0
7635,11.0,0,1.0
7637,23.0,0,1.0
7638,51.0,0,1.0
7639,29.0,0,1.0
7640,64.0,0,1.0
7641,17.0,0,1.0
7642,43.0,7.0710678118654755,2.0
7644,36.5,37.476659402887016,2.0
7645,38.0,0,1.0
7646,10.0,0,1.0
7648,30.0,0,1.0
7649,15.0,0,1.0
7650,26.0,0,1.0
7652,33.0,0,1.0
7654,1.0,0,1.0
7655,10.0,0,1.0
7656,8.5,10.606601717798213,2.0
7657,15.0,0,1.0
7658,41.0,0,1.0
7659,6.0,4.242640687119285,2.0
7661,2.5,0.7071067811865476,2.0
7662,1.0,0,1.0
7663,33.0,45.254833995939045,2.0
7664,16.0,8.48528137423857,2.0
7666,16.0,19.79898987322333,2.0
7667,14.0,4.242640687119285,2.0
7668,7.0,0,1.0
7669,24.5,24.748737341529164,2.0
7670,6.5,0.7071067811865476,2.0
7671,48.0,45.254833995939045,2.0
7672,25.0,12.727922061357855,2.0
7673,11.5,2.1213203435596424,2.0
7674,2.0,0,1.0
7677,41.5,12.020815280171307,2.0
7680,34.5,41.71930009000631,2.0
7681,34.0,12.727922061357855,2.0
7683,58.0,1.4142135623730951,2.0
7685,34.0,36.76955262170047,2.0
7686,17.0,14.142135623730951,2.0
7687,20.0,0,1.0
7688,11.0,0,1.0
7689,16.0,19.79898987322333,2.0
7690,12.0,0,1.0
7691,5.0,0,1.0
7692,12.0,2.8284271247461903,2.0
7693,14.5,7.7781745930520225,2.0
7694,21.0,0,1.0
7695,12.0,0,1.0
7696,32.0,0,1.0
7698,2.5,0.7071067811865476,2.0
7699,79.0,0,1.0
7700,12.0,4.242640687119285,2.0
7701,2.0,0.0,2.0
7703,27.0,0,1.0
7704,16.5,13.435028842544403,2.0
7705,16.0,0,1.0
7706,14.0,0,1.0
7709,32.0,43.840620433565945,2.0
7710,14.0,5.656854249492381,2.0
7711,77.0,0,1.0
7712,13.0,0,1.0
7713,17.0,0,1.0
7716,71.0,0,1.0
7718,76.0,0,1.0
7719,55.0,0,1.0
7720,16.0,0,1.0
7721,38.0,0,1.0
7722,35.5,26.16295090390226,2.0
7723,48.0,0,1.0
7724,33.0,0,1.0
7725,10.0,0,1.0
7726,37.0,0,1.0
7727,63.0,0,1.0
7728,53.0,0,1.0
7729,17.0,1.4142135623730951,2.0
7730,6.0,0,1.0
7731,18.0,0,1.0
7732,29.0,14.142135623730951,2.0
7733,48.5,33.23401871576773,2.0
7734,38.0,31.11269837220809,2.0
7735,30.0,8.48528137423857,2.0
7736,46.0,0,1.0
7737,3.0,0,1.0
7738,37.5,20.506096654409877,2.0
7740,25.0,0,1.0
7741,18.5,23.33452377915607,2.0
7742,29.5,36.062445840513924,2.0
7743,31.0,31.11269837220809,2.0
7744,26.0,35.35533905932738,2.0
7745,30.0,2.8284271247461903,2.0
7746,7.0,2.8284271247461903,2.0
7747,23.0,0,1.0
7748,5.0,0,1.0
7749,27.0,0,1.0
7750,34.5,21.920310216782973,2.0
7751,10.0,7.0710678118654755,2.0
7752,34.0,31.11269837220809,2.0
7753,14.0,2.8284271247461903,2.0
7754,2.5,2.1213203435596424,2.0
7755,48.5,19.091883092036785,2.0
7756,63.0,0,1.0
7757,20.5,3.5355339059327378,2.0
7758,28.0,0,1.0
7760,23.0,0,1.0
7761,50.0,2.8284271247461903,2.0
7762,65.0,0,1.0
7763,63.5,19.091883092036785,2.0
7764,12.0,0,1.0
7765,29.0,32.526911934581186,2.0
7766,26.0,32.526911934581186,2.0
7767,31.0,0,1.0
7768,54.5,36.062445840513924,2.0
7769,33.0,0,1.0
7770,2.0,0,1.0
7771,27.0,0,1.0
7773,10.5,0.7071067811865476,2.0
7774,62.0,0,1.0
7775,1.0,0,1.0
7776,30.0,0,1.0
7777,43.0,35.35533905932738,2.0
7778,45.0,0,1.0
7779,38.0,18.384776310850235,2.0
7781,32.5,19.091883092036785,2.0
7782,41.0,14.142135623730951,2.0
7783,47.0,0,1.0
7784,50.0,0,1.0
7785,20.5,21.920310216782973,2.0
7786,29.0,4.242640687119285,2.0
7789,26.0,11.313708498984761,2.0
7791,58.5,2.1213203435596424,2.0
7792,46.5,3.5355339059327378,2.0
7793,8.0,0,1.0
7794,15.5,13.435028842544403,2.0
7795,16.0,0,1.0
7796,46.5,34.64823227814083,2.0
7797,12.5,13.435028842544403,2.0
7799,32.0,0,1.0
7800,28.0,0,1.0
7801,57.0,0,1.0
7802,10.0,0,1.0
7804,21.5,16.263455967290593,2.0
7805,1.0,0,1.0
7806,4.5,4.949747468305833,2.0
7808,23.0,0,1.0
7809,22.0,0,1.0
7810,62.0,0,1.0
7811,6.0,0,1.0
7812,1.5,0.7071067811865476,2.0
7813,11.0,0,1.0
7814,7.0,0,1.0
7815,7.0,8.48528137423857,2.0
7816,41.5,53.033008588991066,2.0
7817,4.0,0,1.0
7818,22.0,9.899494936611665,2.0
7819,29.0,0,1.0
7820,8.0,5.656854249492381,2.0
7821,21.5,6.363961030678928,2.0
7822,7.0,8.48528137423857,2.0
7823,56.5,21.920310216782973,2.0
7824,36.0,41.012193308819754,2.0
7825,9.0,7.0710678118654755,2.0
7826,34.0,0,1.0
7827,6.0,0,1.0
7828,9.0,11.313708498984761,2.0
7829,16.5,3.5355339059327378,2.0
7830,15.5,12.020815280171307,2.0
7831,11.5,0.7071067811865476,2.0
7832,15.0,0,1.0
7833,1.0,0,1.0
7834,41.0,0,1.0
7835,27.0,0,1.0
7836,8.0,0,1.0
7837,11.0,0,1.0
7838,13.0,0,1.0
7839,13.0,5.656854249492381,2.0
7840,13.5,12.020815280171307,2.0
7842,23.5,20.506096654409877,2.0
7843,10.0,4.242640687119285,2.0
7844,15.0,0,1.0
7845,2.0,0,1.0
7846,48.0,0,1.0
7849,48.0,0,1.0
7850,12.0,0,1.0
7851,2.0,1.4142135623730951,2.0
7852,7.5,7.7781745930520225,2.0
7854,55.0,0,1.0
7855,7.5,3.5355339059327378,2.0
7856,12.5,14.849242404917497,2.0
7857,27.0,11.313708498984761,2.0
7858,49.5,23.33452377915607,2.0
7860,62.5,4.949747468305833,2.0
7861,28.0,0,1.0
7862,13.5,9.192388155425117,2.0
7863,20.5,23.33452377915607,2.0
7864,49.5,27.577164466275352,2.0
7865,30.5,34.64823227814083,2.0
7866,31.5,23.33452377915607,2.0
7867,4.0,0.0,2.0
7868,28.5,33.23401871576773,2.0
7869,38.5,30.405591591021544,2.0
7870,14.0,15.556349186104045,2.0
7871,6.0,5.656854249492381,2.0
7872,33.0,0,1.0
7873,6.0,0,1.0
7874,38.0,0,1.0
7875,4.5,2.1213203435596424,2.0
7876,28.0,0,1.0
7877,27.0,9.899494936611665,2.0
7878,2.0,0,1.0
7879,2.0,0.0,2.0
7880,14.0,0,1.0
7881,14.5,16.263455967290593,2.0
7882,45.0,0,1.0
7883,28.5,23.33452377915607,2.0
7884,13.0,0,1.0
7885,1.0,0,1.0
7886,20.0,7.0710678118654755,2.0
7888,10.0,0,1.0
7889,51.5,24.748737341529164,2.0
7890,23.0,31.11269837220809,2.0
7891,19.0,0,1.0
7892,34.0,0,1.0
7893,11.0,0,1.0
7894,14.5,9.192388155425117,2.0
7895,23.0,14.142135623730951,2.0
7897,4.0,0,1.0
7898,29.0,0,1.0
7899,40.0,0,1.0
7900,34.0,0,1.0
7901,12.0,0,1.0
7902,30.5,33.23401871576773,2.0
7903,30.0,33.94112549695428,2.0
7904,23.0,0,1.0
7905,14.0,7.0710678118654755,2.0
7906,51.0,0,1.0
7910,1.0,0,1.0
7911,16.0,0,1.0
7912,64.0,0,1.0
7915,7.0,0,1.0
7916,78.0,0,1.0
7917,35.0,0,1.0
7918,25.0,5.656854249492381,2.0
7919,15.0,18.384776310850235,2.0
7923,70.0,0,1.0
7924,38.0,0,1.0
7925,6.0,0,1.0
7927,3.0,0,1.0
7929,56.0,0,1.0
7930,4.0,0,1.0
7931,5.0,0,1.0
7932,34.5,47.37615433949868,2.0
7933,29.0,8.48528137423857,2.0
7934,9.0,0,1.0
7935,18.0,0,1.0
7936,5.0,0,1.0
7937,38.0,0,1.0
7939,4.0,0,1.0
7940,41.0,14.142135623730951,2.0
7941,59.0,0,1.0
7943,5.0,0,1.0
7945,29.5,26.16295090390226,2.0
7946,76.0,0,1.0
7947,32.0,0,1.0
7949,6.0,2.8284271247461903,2.0
7950,38.0,0,1.0
7951,7.0,0,1.0
7953,1.0,0,1.0
7954,29.0,0,1.0
7955,16.0,0,1.0
7957,4.5,3.5355339059327378,2.0
7958,14.0,0,1.0
7960,10.0,9.899494936611665,2.0
7961,4.0,0,1.0
7964,8.0,0,1.0
7965,7.0,0,1.0
7966,37.0,0,1.0
7967,5.0,0,1.0
7968,12.0,0,1.0
7969,7.0,0,1.0
7970,41.5,27.577164466275352,2.0
7971,19.0,0,1.0
7972,55.0,29.698484809834994,2.0
7973,34.5,23.33452377915607,2.0
7974,32.5,2.1213203435596424,2.0
7975,44.0,15.556349186104045,2.0
7976,38.0,5.656854249492381,2.0
7979,11.0,0,1.0
7981,3.0,0,1.0
7982,5.0,0,1.0
7983,37.0,0,1.0
7984,58.0,0,1.0
7986,4.0,0,1.0
7987,8.0,0,1.0
7988,40.0,0,1.0
7989,36.0,0,1.0
7991,61.0,0,1.0
7992,36.0,0,1.0
7993,44.0,0,1.0
7994,9.0,0,1.0
7997,40.0,0,1.0
7998,33.0,0,1.0
7999,6.0,0,1.0
8000,28.0,0,1.0
8003,32.5,44.54772721475249,2.0
8005,26.0,25.45584412271571,2.0
8006,22.0,28.284271247461902,2.0
8007,4.5,0.7071067811865476,2.0
8008,31.0,0,1.0
8009,24.5,19.091883092036785,2.0
8010,10.0,0,1.0
8011,28.0,0,1.0
8012,67.0,0,1.0
8013,36.5,50.204581464244875,2.0
8014,9.0,0,1.0
8015,15.0,5.656854249492381,2.0
8016,13.0,0,1.0
8017,36.5,37.476659402887016,2.0
8018,23.0,1.4142135623730951,2.0
8019,36.5,2.1213203435596424,2.0
8020,6.0,0,1.0
8021,26.0,12.727922061357855,2.0
8022,38.0,33.94112549695428,2.0
8023,13.5,7.7781745930520225,2.0
8024,30.0,19.79898987322333,2.0
8025,16.5,16.263455967290593,2.0
8026,44.5,45.96194077712559,2.0
8027,20.0,0,1.0
8028,30.5,27.577164466275352,2.0
8029,36.0,43.840620433565945,2.0
8030,25.0,32.526911934581186,2.0
8031,4.0,2.8284271247461903,2.0
8032,5.0,0,1.0
8033,31.5,30.405591591021544,2.0
8034,35.5,19.091883092036785,2.0
8035,7.0,0,1.0
8036,13.5,12.020815280171307,2.0
8037,39.5,51.61879502661797,2.0
8038,20.0,0,1.0
8039,53.0,21.213203435596427,2.0
8040,36.0,15.556349186104045,2.0
8041,34.0,35.35533905932738,2.0
8042,5.0,5.656854249492381,2.0
8043,7.5,3.5355339059327378,2.0
8044,37.5,12.020815280171307,2.0
8045,10.0,11.313708498984761,2.0
8046,9.0,0,1.0
8047,38.5,10.606601717798213,2.0
8048,17.5,20.506096654409877,2.0
8049,23.0,7.0710678118654755,2.0
8050,23.0,7.0710678118654755,2.0
8051,42.0,43.840620433565945,2.0
8054,12.0,0,1.0
8055,22.5,13.435028842544403,2.0
8056,40.5,44.54772721475249,2.0
8057,61.0,0,1.0
8058,2.0,0,1.0
8059,12.5,12.020815280171307,2.0
8060,3.0,0,1.0
8061,11.0,0,1.0
8062,42.0,0,1.0
8063,20.5,10.606601717798213,2.0
8064,10.0,0,1.0
8065,68.0,0,1.0
8066,20.0,0,1.0
8067,10.5,9.192388155425117,2.0
8068,20.5,17.67766952966369,2.0
8069,26.5,27.577164466275352,2.0
8070,29.0,16.97056274847714,2.0
8071,5.5,6.363961030678928,2.0
8072,3.0,0,1.0
8073,20.0,0,1.0
8074,3.0,0,1.0
8075,58.0,0,1.0
8076,14.0,12.727922061357855,2.0
8077,29.5,9.192388155425117,2.0
8078,23.0,0,1.0
8079,28.0,11.313708498984761,2.0
8080,2.0,0,1.0
8081,7.0,0,1.0
8082,42.0,38.18376618407357,2.0
8083,11.5,2.1213203435596424,2.0
8084,20.5,21.920310216782973,2.0
8085,13.0,14.142135623730951,2.0
8086,22.5,26.16295090390226,2.0
8087,21.0,15.556349186104045,2.0
8088,15.0,14.142135623730951,2.0
8089,41.0,0,1.0
8090,27.5,0.7071067811865476,2.0
8091,20.0,19.79898987322333,2.0
8092,15.0,0,1.0
8093,5.5,6.363961030678928,2.0
8094,26.5,30.405591591021544,2.0
8095,8.5,4.949747468305833,2.0
8096,63.0,0,1.0
8097,4.5,3.5355339059327378,2.0
8098,3.0,0,1.0
8099,5.0,0,1.0
8101,25.0,0,1.0
8102,75.0,0,1.0
8103,32.0,19.79898987322333,2.0
8104,5.0,0,1.0
8105,2.0,0,1.0
8106,10.0,0,1.0
8107,65.0,0,1.0
8108,24.0,0,1.0
8109,20.0,0,1.0
8110,44.0,0,1.0
8111,8.0,0,1.0
8113,21.5,19.091883092036785,2.0
8114,1.0,0,1.0
8115,17.5,7.7781745930520225,2.0
8116,6.0,0,1.0
8117,3.0,0,1.0
8121,11.0,0,1.0
8122,2.0,0,1.0
8123,40.0,0,1.0
8124,47.0,0,1.0
8125,54.5,16.263455967290593,2.0
8126,4.0,0,1.0
8127,22.0,1.4142135623730951,2.0
8128,28.0,16.97056274847714,2.0
8130,61.5,14.849242404917497,2.0
8131,7.0,8.48528137423857,2.0
8132,21.0,0,1.0
8133,48.5,0.7071067811865476,2.0
8134,74.0,0,1.0
8135,22.0,28.284271247461902,2.0
8136,32.0,42.42640687119285,2.0
8138,81.0,0,1.0
8139,14.0,0.0,2.0
8141,32.5,3.5355339059327378,2.0
8142,7.0,0,1.0
8143,14.0,0,1.0
8144,37.5,9.192388155425117,2.0
8146,4.0,0,1.0
8149,13.0,0,1.0
8150,3.0,0,1.0
8152,39.0,0,1.0
8153,12.0,0,1.0
8154,7.0,0,1.0
8155,11.0,0,1.0
8156,49.0,0,1.0
8157,1.0,0,1.0
8159,25.0,0,1.0
8160,47.0,0,1.0
8161,22.0,11.313708498984761,2.0
8162,2.0,0,1.0
8163,24.0,1.4142135623730951,2.0
8164,17.0,11.313708498984761,2.0
8165,38.5,48.79036790187178,2.0
8166,20.0,14.142135623730951,2.0
8167,16.0,5.656854249492381,2.0
8168,16.0,15.556349186104045,2.0
8169,17.0,0,1.0
8170,10.0,0,1.0
8171,47.5,41.71930009000631,2.0
8172,23.0,12.727922061357855,2.0
8173,62.0,0,1.0
8174,3.5,2.1213203435596424,2.0
8175,17.0,0,1.0
8176,60.5,30.405591591021544,2.0
8182,1.0,0,1.0
8186,16.0,0,1.0
8187,1.0,0,1.0
8194,3.0,0,1.0
8195,56.0,0,1.0
8197,1.0,0,1.0
8199,32.0,0,1.0
8200,2.0,0,1.0
8204,20.0,0,1.0
8206,14.0,0,1.0
8208,13.0,5.656854249492381,2.0
8209,8.0,0,1.0
8210,5.0,0,1.0
8211,19.0,16.97056274847714,2.0
8212,1.0,0,1.0
8213,13.0,0,1.0
8214,4.0,0,1.0
8215,8.0,0,1.0
8220,16.0,0,1.0
8223,1.0,0,1.0
8224,59.0,0,1.0
8225,9.0,0,1.0
8226,1.5,0.7071067811865476,2.0
8227,10.0,0,1.0
8228,26.5,14.849242404917497,2.0
8229,12.0,0,1.0
8231,46.0,0,1.0
8232,8.0,0,1.0
8233,2.5,2.1213203435596424,2.0
8234,8.5,7.7781745930520225,2.0
8235,13.0,15.556349186104045,2.0
8236,8.0,0,1.0
8237,15.5,10.606601717798213,2.0
8238,12.0,15.556349186104045,2.0
8239,10.0,7.0710678118654755,2.0
8241,6.5,4.949747468305833,2.0
8242,19.0,0,1.0
8243,16.0,16.97056274847714,2.0
8244,8.0,5.656854249492381,2.0
8246,19.5,0.7071067811865476,2.0
8247,19.0,0,1.0
8248,23.0,31.11269837220809,2.0
8249,17.5,4.949747468305833,2.0
8250,8.0,0,1.0
8251,11.0,4.242640687119285,2.0
8252,29.0,0.0,2.0
8253,11.0,0,1.0
8254,18.0,11.313708498984761,2.0
8255,8.0,0,1.0
8256,22.0,0,1.0
8257,24.0,0,1.0
8258,26.5,6.363961030678928,2.0
8259,12.0,0,1.0
8260,13.0,8.48528137423857,2.0
8261,52.0,0,1.0
8262,10.0,0,1.0
8263,26.0,0,1.0
8264,14.0,0,1.0
8265,3.0,0,1.0
8266,2.0,0,1.0
8267,39.0,0,1.0
8268,16.0,0,1.0
8269,40.0,18.384776310850235,2.0
8270,4.0,4.242640687119285,2.0
8271,11.0,12.727922061357855,2.0
8272,25.5,2.1213203435596424,2.0
8274,5.0,2.8284271247461903,2.0
8275,24.5,30.405591591021544,2.0
8276,7.0,0,1.0
8277,34.0,38.18376618407357,2.0
8278,13.0,0,1.0
8279,38.5,41.71930009000631,2.0
8280,7.0,0,1.0
8282,11.0,12.727922061357855,2.0
8283,38.5,21.920310216782973,2.0
8284,21.5,7.7781745930520225,2.0
8285,34.0,0,1.0
8286,6.0,4.242640687119285,2.0
8287,57.0,0,1.0
8288,11.0,0,1.0
8289,13.5,6.363961030678928,2.0
8291,17.0,0,1.0
8292,21.0,0,1.0
8293,14.0,15.556349186104045,2.0
8294,24.0,0,1.0
8295,13.0,0,1.0
8296,27.0,22.627416997969522,2.0
8297,30.5,13.435028842544403,2.0
8298,18.5,16.263455967290593,2.0
8299,46.5,45.96194077712559,2.0
8300,28.0,32.526911934581186,2.0
8301,28.0,0,1.0
8302,16.0,0,1.0
8303,57.5,26.16295090390226,2.0
8304,5.0,0,1.0
8305,49.0,19.79898987322333,2.0
8306,8.0,4.242640687119285,2.0
8307,13.5,10.606601717798213,2.0
8308,18.5,23.33452377915607,2.0
8309,7.5,3.5355339059327378,2.0
8310,19.0,2.8284271247461903,2.0
8311,37.5,28.991378028648448,2.0
8312,18.5,4.949747468305833,2.0
8313,43.5,40.30508652763321,2.0
8315,24.5,21.920310216782973,2.0
8316,3.0,0,1.0
8317,16.5,21.920310216782973,2.0
8318,16.0,0,1.0
8319,34.0,32.526911934581186,2.0
8320,17.0,0,1.0
8321,10.5,7.7781745930520225,2.0
8322,2.5,2.1213203435596424,2.0
8323,16.5,13.435028842544403,2.0
8324,11.0,8.48528137423857,2.0
8325,13.0,2.8284271247461903,2.0
8326,39.0,53.74011537017761,2.0
8327,22.0,0,1.0
8328,26.0,7.0710678118654755,2.0
8329,17.0,5.656854249492381,2.0
8330,18.0,21.213203435596427,2.0
8331,1.0,0,1.0
8332,17.5,7.7781745930520225,2.0
8333,16.5,13.435028842544403,2.0
8334,31.0,0,1.0
8335,14.0,0,1.0
8336,10.0,0,1.0
8339,2.5,0.7071067811865476,2.0
8340,58.0,0,1.0
8341,64.0,2.8284271247461903,2.0
8342,2.0,0,1.0
8343,76.0,0,1.0
8344,10.0,0,1.0
8345,21.0,15.556349186104045,2.0
8346,6.5,0.7071067811865476,2.0
8347,30.5,10.606601717798213,2.0
8348,27.0,0,1.0
8349,45.0,0,1.0
8350,34.0,0,1.0
8352,22.0,0,1.0
8353,3.0,0,1.0
8354,6.0,0,1.0
8356,6.0,2.8284271247461903,2.0
8358,49.0,38.18376618407357,2.0
8359,4.0,0,1.0
8360,62.0,0,1.0
8361,36.0,0,1.0
8362,72.0,0,1.0
8364,32.0,0,1.0
8365,27.0,36.76955262170047,2.0
8366,51.0,0,1.0
8367,41.0,0,1.0
8368,36.5,2.1213203435596424,2.0
8369,13.0,7.0710678118654755,2.0
8370,20.5,4.949747468305833,2.0
8371,39.0,0,1.0
8372,23.0,0,1.0
8373,78.0,0,1.0
8374,70.0,0,1.0
8375,7.0,0,1.0
8376,38.0,48.08326112068523,2.0
8380,11.0,0,1.0
8381,14.0,16.97056274847714,2.0
8382,23.0,0,1.0
8385,11.0,0,1.0
8386,7.0,0,1.0
8387,34.0,0,1.0
8389,18.0,0,1.0
8390,5.0,0,1.0
8391,8.0,0,1.0
8393,24.0,0,1.0
8394,3.0,0,1.0
8397,78.0,0,1.0
8399,2.0,0,1.0
8401,7.0,0,1.0
8402,61.0,0,1.0
8403,25.0,0,1.0
8405,1.5,0.7071067811865476,2.0
8406,14.0,0,1.0
8410,42.0,0,1.0
8411,20.5,26.16295090390226,2.0
8413,60.0,0,1.0
8414,25.0,0,1.0
8416,6.0,0,1.0
8417,23.0,26.870057685088806,2.0
8418,14.5,9.192388155425117,2.0
8419,60.0,0,1.0
8420,7.0,5.656854249492381,2.0
8421,8.0,0,1.0
8423,2.0,0,1.0
8424,2.0,0,1.0
8425,3.0,0,1.0
8426,25.0,0,1.0
8428,29.0,39.59797974644666,2.0
8429,9.0,0,1.0
8430,22.0,0,1.0
8432,13.0,0,1.0
8434,60.0,0,1.0
8435,3.0,0,1.0
8436,51.0,0,1.0
8438,2.5,2.1213203435596424,2.0
8440,5.0,0,1.0
8441,1.0,0,1.0
8442,5.0,0,1.0
8443,3.0,0,1.0
8444,21.0,0,1.0
8448,47.0,0,1.0
8449,26.0,33.94112549695428,2.0
8450,31.0,0,1.0
8451,27.0,32.526911934581186,2.0
8453,60.0,0,1.0
8454,53.0,0,1.0
8455,52.0,0,1.0
8456,47.0,0,1.0
8457,19.5,26.16295090390226,2.0
8459,14.0,0,1.0
8461,7.0,8.48528137423857,2.0
8462,35.0,0,1.0
8463,21.0,0,1.0
8464,1.0,0,1.0
8465,21.0,0,1.0
8466,27.5,37.476659402887016,2.0
8467,3.0,0,1.0
8468,2.5,0.7071067811865476,2.0
8470,27.0,0,1.0
8473,26.0,0,1.0
8474,28.0,0,1.0
8476,10.0,0,1.0
8480,5.0,0,1.0
8485,31.0,41.012193308819754,2.0
8486,18.0,0,1.0
8487,16.5,16.263455967290593,2.0
8488,54.0,0,1.0
8489,33.0,0,1.0
8490,26.0,0,1.0
8491,25.0,11.313708498984761,2.0
8492,17.5,23.33452377915607,2.0
8493,27.5,7.7781745930520225,2.0
8494,24.5,9.192388155425117,2.0
8495,21.0,0,1.0
8496,27.0,0,1.0
8497,18.0,0,1.0
8498,10.0,0,1.0
8499,55.0,0,1.0
8500,11.0,0,1.0
8501,24.5,21.920310216782973,2.0
8502,35.0,0,1.0
8504,38.0,21.213203435596427,2.0
8505,35.5,36.062445840513924,2.0
8507,49.0,0,1.0
8508,39.0,24.041630560342615,2.0
8509,12.5,7.7781745930520225,2.0
8510,66.0,0,1.0
8513,65.5,21.920310216782973,2.0
8515,32.5,23.33452377915607,2.0
8516,46.5,13.435028842544403,2.0
8517,26.0,32.526911934581186,2.0
8518,2.0,0,1.0
8519,45.0,43.840620433565945,2.0
8524,36.0,12.727922061357855,2.0
8528,5.0,0,1.0
8529,4.0,0,1.0
8530,27.0,0,1.0
8531,22.0,0,1.0
8532,52.0,0,1.0
8533,39.0,0,1.0
8534,32.0,0,1.0
8535,45.0,0,1.0
8536,23.0,0,1.0
8537,3.0,0,1.0
8538,14.0,0,1.0
8539,9.0,0,1.0
8540,2.0,1.4142135623730951,2.0
8541,36.0,0,1.0
8543,1.0,0,1.0
8544,15.0,0,1.0
8545,42.0,0,1.0
8546,49.0,0,1.0
8547,45.0,0,1.0
8548,4.0,0,1.0
8549,38.0,0,1.0
8550,23.0,0,1.0
8551,49.0,0,1.0
8552,7.0,0,1.0
8553,12.0,0,1.0
8554,12.0,0,1.0
8555,78.0,0,1.0
8556,50.0,0,1.0
8557,56.0,0,1.0
8558,35.0,0,1.0
8560,3.0,0,1.0
8561,54.0,0,1.0
8563,19.0,0,1.0
8564,10.0,0,1.0
8565,58.0,0,1.0
8567,21.0,0,1.0
8569,12.0,0,1.0
8570,26.0,35.35533905932738,2.0
8573,4.0,0,1.0
8574,4.0,0,1.0
8575,39.0,0,1.0
8577,22.5,30.405591591021544,2.0
8578,20.0,26.870057685088806,2.0
8579,18.5,12.020815280171307,2.0
8580,3.0,0,1.0
8581,11.0,4.242640687119285,2.0
8582,57.0,0,1.0
8584,73.5,9.192388155425117,2.0
8585,2.0,0,1.0
8586,6.0,0,1.0
8587,1.0,0,1.0
8588,62.0,0,1.0
8590,31.5,10.606601717798213,2.0
8591,33.0,0,1.0
8592,37.0,0,1.0
8594,41.0,0,1.0
8595,1.0,0,1.0
8596,13.0,7.0710678118654755,2.0
8597,15.0,0,1.0
8598,48.0,0,1.0
8599,59.0,0,1.0
8600,63.0,0,1.0
8601,3.0,0,1.0
8602,24.0,24.041630560342615,2.0
8603,45.5,28.991378028648448,2.0
8605,6.5,4.949747468305833,2.0
8606,22.5,6.363961030678928,2.0
8607,42.5,4.949747468305833,2.0
8608,11.0,0,1.0
8609,3.0,0,1.0
8610,5.0,0,1.0
8611,31.5,36.062445840513924,2.0
8612,12.0,9.899494936611665,2.0
8613,9.0,4.242640687119285,2.0
8614,3.5,2.1213203435596424,2.0
8616,9.0,0,1.0
8617,10.0,0,1.0
8618,14.0,2.8284271247461903,2.0
8619,19.5,13.435028842544403,2.0
8620,31.0,32.526911934581186,2.0
8621,6.5,7.7781745930520225,2.0
8622,41.0,45.254833995939045,2.0
8623,8.0,8.48528137423857,2.0
8624,2.5,2.1213203435596424,2.0
8625,12.5,7.7781745930520225,2.0
8626,9.0,0,1.0
8627,10.0,5.656854249492381,2.0
8630,18.0,0,1.0
8631,6.0,0,1.0
8632,20.0,0,1.0
8634,1.0,0,1.0
8635,7.0,1.4142135623730951,2.0
8636,28.0,0,1.0
8637,12.0,0,1.0
8638,11.0,2.8284271247461903,2.0
8639,6.0,0,1.0
8640,40.0,0,1.0
8643,48.0,0,1.0
8644,8.0,0,1.0
8645,1.0,0,1.0
8646,44.0,18.384776310850235,2.0
8647,49.0,0,1.0
8648,7.0,0,1.0
8649,5.0,4.242640687119285,2.0
8650,14.5,9.192388155425117,2.0
8651,4.0,1.4142135623730951,2.0
8652,12.0,0,1.0
8653,68.0,0,1.0
8654,32.0,28.284271247461902,2.0
8655,20.0,0,1.0
8656,16.0,0,1.0
8657,16.0,0,1.0
8659,19.0,0,1.0
8660,29.5,6.363961030678928,2.0
8663,33.5,37.476659402887016,2.0
8664,45.0,0,1.0
8665,5.0,0,1.0
8666,28.5,7.7781745930520225,2.0
8667,17.0,0,1.0
8668,42.0,4.242640687119285,2.0
8669,2.0,0,1.0
8670,14.0,0,1.0
8671,8.5,6.363961030678928,2.0
8673,26.0,0,1.0
8674,1.0,0,1.0
8676,29.0,2.8284271247461903,2.0
8677,7.0,0,1.0
8678,10.0,0,1.0
8679,15.0,0,1.0
8680,59.0,0,1.0
8681,22.0,2.8284271247461903,2.0
8682,10.0,0,1.0
8684,12.0,0,1.0
8685,8.0,0,1.0
8686,45.5,51.61879502661797,2.0
8687,8.0,0,1.0
8688,7.5,6.363961030678928,2.0
8689,29.0,0,1.0
8690,12.0,0,1.0
8693,10.0,0,1.0
8694,20.0,0,1.0
8695,56.0,0,1.0
8696,7.0,2.8284271247461903,2.0
8697,22.0,11.313708498984761,2.0
8699,25.5,20.506096654409877,2.0
8700,9.0,1.4142135623730951,2.0
8701,8.5,4.949747468305833,2.0
8702,7.0,0,1.0
8703,29.0,0,1.0
8705,19.0,25.45584412271571,2.0
8707,52.5,34.64823227814083,2.0
8708,10.0,4.242640687119285,2.0
8710,21.0,5.656854249492381,2.0
8711,40.0,0,1.0
8712,2.0,0,1.0
8713,41.0,0,1.0
8714,45.0,33.94112549695428,2.0
8715,9.0,7.0710678118654755,2.0
8716,54.0,0,1.0
8717,40.0,32.526911934581186,2.0
8718,24.5,24.748737341529164,2.0
8719,34.0,0,1.0
8720,27.5,33.23401871576773,2.0
8721,17.0,21.213203435596427,2.0
8722,22.0,0,1.0
8723,2.0,0,1.0
8724,58.5,3.5355339059327378,2.0
8725,26.0,25.45584412271571,2.0
8726,14.0,0,1.0
8727,19.0,0,1.0
8728,32.0,24.041630560342615,2.0
8729,43.0,0,1.0
8731,41.0,50.91168824543142,2.0
8732,17.0,0,1.0
8733,8.0,0,1.0
8734,44.0,53.74011537017761,2.0
8735,55.0,0,1.0
8736,56.0,0,1.0
8737,75.0,0,1.0
8738,61.0,0,1.0
8739,17.5,0.7071067811865476,2.0
8741,6.5,2.1213203435596424,2.0
8742,1.0,0,1.0
8744,45.0,0,1.0
8745,56.0,0,1.0
8746,27.0,0,1.0
8747,49.0,0,1.0
8748,1.0,0,1.0
8749,43.5,51.61879502661797,2.0
8755,12.0,0,1.0
8756,2.0,0,1.0
8758,59.0,0,1.0
8763,2.0,0,1.0
8765,2.0,0,1.0
8766,68.0,0,1.0
8767,1.0,0,1.0
8768,2.0,0,1.0
8770,55.0,0,1.0
8772,1.0,0,1.0
8775,2.0,0,1.0
8777,2.0,0,1.0
8778,6.0,0,1.0
8779,10.0,0,1.0
8780,45.0,0,1.0
8781,50.0,0,1.0
8783,20.0,0.0,2.0
8784,5.0,0,1.0
8786,34.5,2.1213203435596424,2.0
8787,54.0,0,1.0
8788,79.0,0,1.0
8789,13.5,7.7781745930520225,2.0
8790,26.0,0,1.0
8793,60.0,0,1.0
8796,1.0,0,1.0
8797,18.5,19.091883092036785,2.0
8799,13.0,0,1.0
8800,4.5,2.1213203435596424,2.0
8803,11.5,13.435028842544403,2.0
8805,15.0,15.556349186104045,2.0
8806,4.0,0,1.0
8808,21.0,0,1.0
8809,4.0,0,1.0
8811,18.0,16.97056274847714,2.0
8812,6.0,0,1.0
8813,22.0,0,1.0
8815,65.0,0,1.0
8816,1.0,0,1.0
8817,57.0,32.526911934581186,2.0
8818,1.5,0.7071067811865476,2.0
8821,39.0,53.74011537017761,2.0
8822,6.0,0,1.0
8823,79.0,0,1.0
8824,22.5,16.263455967290593,2.0
8825,2.0,0,1.0
8827,7.0,0,1.0
8828,65.5,13.435028842544403,2.0
8829,18.0,0,1.0
8830,26.0,24.041630560342615,2.0
8833,19.0,0,1.0
8834,4.0,0,1.0
8836,6.0,0,1.0
8837,3.5,3.5355339059327378,2.0
8839,8.0,0,1.0
8840,4.0,0,1.0
8841,30.0,0,1.0
8843,20.0,25.45584412271571,2.0
8844,6.0,0,1.0
8846,35.0,45.254833995939045,2.0
8847,28.5,36.062445840513924,2.0
8848,3.0,0,1.0
8849,20.0,0,1.0
8850,4.0,0,1.0
8852,57.0,0,1.0
8853,15.0,0,1.0
8854,60.0,0,1.0
8855,2.0,0,1.0
8856,2.0,0,1.0
8857,26.0,0,1.0
8859,4.0,0,1.0
8861,1.0,0,1.0
8863,15.0,16.97056274847714,2.0
8864,45.0,0,1.0
8866,4.0,0,1.0
8867,42.0,0,1.0
8868,21.0,25.45584412271571,2.0
8869,2.0,0,1.0
8873,35.0,36.76955262170047,2.0
8874,16.5,21.920310216782973,2.0
8875,67.0,0,1.0
8876,80.0,0,1.0
8877,22.5,24.748737341529164,2.0
8878,3.0,0,1.0
658,0,0,0
661,0,0,0
668,0,0,0
697,0,0,0
699,0,0,0
803,0,0,0
806,0,0,0
815,0,0,0
822,0,0,0
827,0,0,0
837,0,0,0
840,0,0,0
861,0,0,0
881,0,0,0
890,0,0,0
903,0,0,0
906,0,0,0
912,0,0,0
913,0,0,0
918,0,0,0
923,0,0,0
930,0,0,0
932,0,0,0
936,0,0,0
944,0,0,0
946,0,0,0
955,0,0,0
958,0,0,0
960,0,0,0
965,0,0,0
969,0,0,0
973,0,0,0
974,0,0,0
979,0,0,0
987,0,0,0
989,0,0,0
1001,0,0,0
1004,0,0,0
1007,0,0,0
1027,0,0,0
1033,0,0,0
1037,0,0,0
1054,0,0,0
1070,0,0,0
1078,0,0,0
1103,0,0,0
1120,0,0,0
1122,0,0,0
1132,0,0,0
1134,0,0,0
1155,0,0,0
1157,0,0,0
1166,0,0,0
1171,0,0,0
1187,0,0,0
1188,0,0,0
1191,0,0,0
1192,0,0,0
1193,0,0,0
1194,0,0,0
1197,0,0,0
1226,0,0,0
1240,0,0,0
1273,0,0,0
1282,0,0,0
1287,0,0,0
1288,0,0,0
1293,0,0,0
1297,0,0,0
1303,0,0,0
1306,0,0,0
1314,0,0,0
1322,0,0,0
1323,0,0,0
1324,0,0,0
1326,0,0,0
1330,0,0,0
1331,0,0,0
1332,0,0,0
1333,0,0,0
1350,0,0,0
1358,0,0,0
1361,0,0,0
1365,0,0,0
1367,0,0,0
1373,0,0,0
1393,0,0,0
1396,0,0,0
1418,0,0,0
1419,0,0,0
1453,0,0,0
1454,0,0,0
1457,0,0,0
1458,0,0,0
1459,0,0,0
1470,0,0,0
1474,0,0,0
1475,0,0,0
1502,0,0,0
1525,0,0,0
1537,0,0,0
1540,0,0,0
1549,0,0,0
1571,0,0,0
1607,0,0,0
1616,0,0,0
1628,0,0,0
1631,0,0,0
1642,0,0,0
1653,0,0,0
1667,0,0,0
1674,0,0,0
1717,0,0,0
1719,0,0,0
1720,0,0,0
1734,0,0,0
1741,0,0,0
1762,0,0,0
1777,0,0,0
1788,0,0,0
1810,0,0,0
1832,0,0,0
1840,0,0,0
1841,0,0,0
1844,0,0,0
1851,0,0,0
1852,0,0,0
1858,0,0,0
1864,0,0,0
1873,0,0,0
1886,0,0,0
1892,0,0,0
1894,0,0,0
1912,0,0,0
1932,0,0,0
1966,0,0,0
1970,0,0,0
1977,0,0,0
1983,0,0,0
1986,0,0,0
1993,0,0,0
1997,0,0,0
2003,0,0,0
2008,0,0,0
2025,0,0,0
2026,0,0,0
2028,0,0,0
2039,0,0,0
2043,0,0,0
2046,0,0,0
2050,0,0,0
2051,0,0,0
2062,0,0,0
2067,0,0,0
2069,0,0,0
2071,0,0,0
2086,0,0,0
2094,0,0,0
2096,0,0,0
2105,0,0,0
2106,0,0,0
2112,0,0,0
2117,0,0,0
2131,0,0,0
2142,0,0,0
2163,0,0,0
2166,0,0,0
2169,0,0,0
2172,0,0,0
2174,0,0,0
2175,0,0,0
2177,0,0,0
2178,0,0,0
2181,0,0,0
2182,0,0,0
2183,0,0,0
2184,0,0,0
2222,0,0,0
2225,0,0,0
2233,0,0,0
2243,0,0,0
2247,0,0,0
2248,0,0,0
2250,0,0,0
2259,0,0,0
2263,0,0,0
2268,0,0,0
2269,0,0,0
2286,0,0,0
2290,0,0,0
2302,0,0,0
2304,0,0,0
2316,0,0,0
2331,0,0,0
2349,0,0,0
2386,0,0,0
2390,0,0,0
2393,0,0,0
2408,0,0,0
2416,0,0,0
2421,0,0,0
2450,0,0,0
2462,0,0,0
2472,0,0,0
2475,0,0,0
2493,0,0,0
2495,0,0,0
2511,0,0,0
2518,0,0,0
2523,0,0,0
2535,0,0,0
2536,0,0,0
2537,0,0,0
2538,0,0,0
2547,0,0,0
2551,0,0,0
2553,0,0,0
2555,0,0,0
2559,0,0,0
2560,0,0,0
2562,0,0,0
2563,0,0,0
2573,0,0,0
2574,0,0,0
2580,0,0,0
2581,0,0,0
2590,0,0,0
2593,0,0,0
2604,0,0,0
2610,0,0,0
2622,0,0,0
2631,0,0,0
2673,0,0,0
2691,0,0,0
2707,0,0,0
2769,0,0,0
2784,0,0,0
2785,0,0,0
2801,0,0,0
2807,0,0,0
2813,0,0,0
2826,0,0,0
2830,0,0,0
2845,0,0,0
2850,0,0,0
2864,0,0,0
2893,0,0,0
2895,0,0,0
2896,0,0,0
2897,0,0,0
2901,0,0,0
2914,0,0,0
2921,0,0,0
2925,0,0,0
2926,0,0,0
2937,0,0,0
2946,0,0,0
2947,0,0,0
2948,0,0,0
2950,0,0,0
2959,0,0,0
2963,0,0,0
2964,0,0,0
2973,0,0,0
2978,0,0,0
2989,0,0,0
3007,0,0,0
3019,0,0,0
3033,0,0,0
3063,0,0,0
3067,0,0,0
3080,0,0,0
3092,0,0,0
3098,0,0,0
3104,0,0,0
3105,0,0,0
3112,0,0,0
3114,0,0,0
3115,0,0,0
3119,0,0,0
3132,0,0,0
3153,0,0,0
3159,0,0,0
3163,0,0,0
3167,0,0,0
3172,0,0,0
3179,0,0,0
3185,0,0,0
3186,0,0,0
3206,0,0,0
3208,0,0,0
3212,0,0,0
3218,0,0,0
3232,0,0,0
3238,0,0,0
3239,0,0,0
3247,0,0,0
3260,0,0,0
3265,0,0,0
3266,0,0,0
3267,0,0,0
3273,0,0,0
3279,0,0,0
3282,0,0,0
3287,0,0,0
3288,0,0,0
3293,0,0,0
3298,0,0,0
3303,0,0,0
3306,0,0,0
3307,0,0,0
3316,0,0,0
3319,0,0,0
3322,0,0,0
3324,0,0,0
3335,0,0,0
3344,0,0,0
3349,0,0,0
3350,0,0,0
3351,0,0,0
3355,0,0,0
3357,0,0,0
3372,0,0,0
3375,0,0,0
3377,0,0,0
3380,0,0,0
3382,0,0,0
3385,0,0,0
3387,0,0,0
3399,0,0,0
3402,0,0,0
3404,0,0,0
3413,0,0,0
3416,0,0,0
3436,0,0,0
3442,0,0,0
3443,0,0,0
3454,0,0,0
3459,0,0,0
3465,0,0,0
3466,0,0,0
3469,0,0,0
3474,0,0,0
3477,0,0,0
3478,0,0,0
3481,0,0,0
3483,0,0,0
3486,0,0,0
3499,0,0,0
3507,0,0,0
3513,0,0,0
3534,0,0,0
3541,0,0,0
3544,0,0,0
3545,0,0,0
3546,0,0,0
3550,0,0,0
3558,0,0,0
3570,0,0,0
3573,0,0,0
3576,0,0,0
3577,0,0,0
3578,0,0,0
3581,0,0,0
3586,0,0,0
3596,0,0,0
3603,0,0,0
3606,0,0,0
3609,0,0,0
3611,0,0,0
3612,0,0,0
3617,0,0,0
3623,0,0,0
3625,0,0,0
3630,0,0,0
3632,0,0,0
3633,0,0,0
3635,0,0,0
3639,0,0,0
3642,0,0,0
3643,0,0,0
3645,0,0,0
3646,0,0,0
3648,0,0,0
3651,0,0,0
3654,0,0,0
3655,0,0,0
3656,0,0,0
3658,0,0,0
3660,0,0,0
3667,0,0,0
3670,0,0,0
3672,0,0,0
3674,0,0,0
3681,0,0,0
3683,0,0,0
3699,0,0,0
3700,0,0,0
3703,0,0,0
3707,0,0,0
3711,0,0,0
3716,0,0,0
3720,0,0,0
3738,0,0,0
3742,0,0,0
3749,0,0,0
3750,0,0,0
3753,0,0,0
3764,0,0,0
3772,0,0,0
3807,0,0,0
3829,0,0,0
3839,0,0,0
3843,0,0,0
3849,0,0,0
3851,0,0,0
3852,0,0,0
3858,0,0,0
3865,0,0,0
3882,0,0,0
3889,0,0,0
3906,0,0,0
3911,0,0,0
3927,0,0,0
3938,0,0,0
3948,0,0,0
3951,0,0,0
3964,0,0,0
3970,0,0,0
3971,0,0,0
3981,0,0,0
3987,0,0,0
3996,0,0,0
3998,0,0,0
4000,0,0,0
4012,0,0,0
4018,0,0,0
4019,0,0,0
4020,0,0,0
4021,0,0,0
4025,0,0,0
4034,0,0,0
4037,0,0,0
4044,0,0,0
4045,0,0,0
4049,0,0,0
4053,0,0,0
4076,0,0,0
4078,0,0,0
4099,0,0,0
4100,0,0,0
4110,0,0,0
4121,0,0,0
4128,0,0,0
4129,0,0,0
4148,0,0,0
4150,0,0,0
4157,0,0,0
4165,0,0,0
4183,0,0,0
4189,0,0,0
4190,0,0,0
4200,0,0,0
4203,0,0,0
4216,0,0,0
4217,0,0,0
4247,0,0,0
4248,0,0,0
4251,0,0,0
4256,0,0,0
4257,0,0,0
4263,0,0,0
4272,0,0,0
4284,0,0,0
4291,0,0,0
4294,0,0,0
4295,0,0,0
4296,0,0,0
4309,0,0,0
4311,0,0,0
4318,0,0,0
4319,0,0,0
4325,0,0,0
4326,0,0,0
4340,0,0,0
4353,0,0,0
4355,0,0,0
4358,0,0,0
4363,0,0,0
4364,0,0,0
4372,0,0,0
4393,0,0,0
4403,0,0,0
4412,0,0,0
4417,0,0,0
4430,0,0,0
4431,0,0,0
4470,0,0,0
4471,0,0,0
4472,0,0,0
4491,0,0,0
4492,0,0,0
4499,0,0,0
4510,0,0,0
4542,0,0,0
4558,0,0,0
4567,0,0,0
4568,0,0,0
4571,0,0,0
4580,0,0,0
4599,0,0,0
4600,0,0,0
4601,0,0,0
4602,0,0,0
4610,0,0,0
4620,0,0,0
4623,0,0,0
4624,0,0,0
4649,0,0,0
4650,0,0,0
4656,0,0,0
4664,0,0,0
4668,0,0,0
4669,0,0,0
4693,0,0,0
4697,0,0,0
4701,0,0,0
4714,0,0,0
4736,0,0,0
4748,0,0,0
4755,0,0,0
4762,0,0,0
4771,0,0,0
4777,0,0,0
4778,0,0,0
4781,0,0,0
4783,0,0,0
4790,0,0,0
4801,0,0,0
4803,0,0,0
4813,0,0,0
4815,0,0,0
4818,0,0,0
4819,0,0,0
4851,0,0,0
4856,0,0,0
4863,0,0,0
4868,0,0,0
4870,0,0,0
4871,0,0,0
4876,0,0,0
4878,0,0,0
4904,0,0,0
4912,0,0,0
4913,0,0,0
4916,0,0,0
4917,0,0,0
4920,0,0,0
4921,0,0,0
4937,0,0,0
4946,0,0,0
4947,0,0,0
4948,0,0,0
4949,0,0,0
4956,0,0,0
4960,0,0,0
4964,0,0,0
4965,0,0,0
4966,0,0,0
4968,0,0,0
4972,0,0,0
4974,0,0,0
4975,0,0,0
4978,0,0,0
4981,0,0,0
4985,0,0,0
4989,0,0,0
4997,0,0,0
5009,0,0,0
5010,0,0,0
5011,0,0,0
5014,0,0,0
5017,0,0,0
5025,0,0,0
5026,0,0,0
5031,0,0,0
5035,0,0,0
5039,0,0,0
5042,0,0,0
5043,0,0,0
5047,0,0,0
5048,0,0,0
5050,0,0,0
5053,0,0,0
5062,0,0,0
5067,0,0,0
5074,0,0,0
5075,0,0,0
5076,0,0,0
5086,0,0,0
5107,0,0,0
5113,0,0,0
5118,0,0,0
5122,0,0,0
5134,0,0,0
5137,0,0,0
5139,0,0,0
5143,0,0,0
5153,0,0,0
5154,0,0,0
5166,0,0,0
5168,0,0,0
5177,0,0,0
5181,0,0,0
5184,0,0,0
5188,0,0,0
5197,0,0,0
5204,0,0,0
5207,0,0,0
5223,0,0,0
5229,0,0,0
5235,0,0,0
5238,0,0,0
5240,0,0,0
5248,0,0,0
5257,0,0,0
5258,0,0,0
5263,0,0,0
5265,0,0,0
5269,0,0,0
5276,0,0,0
5283,0,0,0
5287,0,0,0
5296,0,0,0
5298,0,0,0
5304,0,0,0
5313,0,0,0
5314,0,0,0
5317,0,0,0
5322,0,0,0
5328,0,0,0
5332,0,0,0
5339,0,0,0
5341,0,0,0
5343,0,0,0
5344,0,0,0
5347,0,0,0
5349,0,0,0
5353,0,0,0
5365,0,0,0
5373,0,0,0
5382,0,0,0
5402,0,0,0
5412,0,0,0
5413,0,0,0
5414,0,0,0
5416,0,0,0
5417,0,0,0
5420,0,0,0
5435,0,0,0
5441,0,0,0
5444,0,0,0
5461,0,0,0
5465,0,0,0
5467,0,0,0
5494,0,0,0
5508,0,0,0
5516,0,0,0
5522,0,0,0
5526,0,0,0
5528,0,0,0
5543,0,0,0
5559,0,0,0
5561,0,0,0
5567,0,0,0
5570,0,0,0
5583,0,0,0
5591,0,0,0
5613,0,0,0
5621,0,0,0
5624,0,0,0
5631,0,0,0
5634,0,0,0
5636,0,0,0
5642,0,0,0
5644,0,0,0
5652,0,0,0
5655,0,0,0
5656,0,0,0
5657,0,0,0
5661,0,0,0
5665,0,0,0
5668,0,0,0
5671,0,0,0
5686,0,0,0
5691,0,0,0
5695,0,0,0
5699,0,0,0
5706,0,0,0
5708,0,0,0
5710,0,0,0
5713,0,0,0
5714,0,0,0
5723,0,0,0
5756,0,0,0
5764,0,0,0
5766,0,0,0
5772,0,0,0
5775,0,0,0
5790,0,0,0
5795,0,0,0
5813,0,0,0
5819,0,0,0
5825,0,0,0
5835,0,0,0
5840,0,0,0
5850,0,0,0
5851,0,0,0
5854,0,0,0
5903,0,0,0
5913,0,0,0
5929,0,0,0
5939,0,0,0
5942,0,0,0
5963,0,0,0
5967,0,0,0
5989,0,0,0
5998,0,0,0
6010,0,0,0
6011,0,0,0
6016,0,0,0
6021,0,0,0
6027,0,0,0
6030,0,0,0
6039,0,0,0
6040,0,0,0
6041,0,0,0
6043,0,0,0
6046,0,0,0
6047,0,0,0
6054,0,0,0
6057,0,0,0
6058,0,0,0
6060,0,0,0
6061,0,0,0
6065,0,0,0
6067,0,0,0
6068,0,0,0
6069,0,0,0
6073,0,0,0
6080,0,0,0
6084,0,0,0
6085,0,0,0
6097,0,0,0
6109,0,0,0
6114,0,0,0
6121,0,0,0
6127,0,0,0
6145,0,0,0
6147,0,0,0
6159,0,0,0
6174,0,0,0
6182,0,0,0
6193,0,0,0
6199,0,0,0
6204,0,0,0
6211,0,0,0
6226,0,0,0
6231,0,0,0
6266,0,0,0
6271,0,0,0
6284,0,0,0
6299,0,0,0
6304,0,0,0
6314,0,0,0
6315,0,0,0
6316,0,0,0
6322,0,0,0
6324,0,0,0
6349,0,0,0
6351,0,0,0
6356,0,0,0
6357,0,0,0
6361,0,0,0
6372,0,0,0
6373,0,0,0
6395,0,0,0
6431,0,0,0
6435,0,0,0
6438,0,0,0
6439,0,0,0
6442,0,0,0
6443,0,0,0
6445,0,0,0
6446,0,0,0
6448,0,0,0
6451,0,0,0
6454,0,0,0
6455,0,0,0
6456,0,0,0
6472,0,0,0
6473,0,0,0
6478,0,0,0
6479,0,0,0
6508,0,0,0
6515,0,0,0
6520,0,0,0
6525,0,0,0
6534,0,0,0
6547,0,0,0
6551,0,0,0
6553,0,0,0
6558,0,0,0
6570,0,0,0
6577,0,0,0
6590,0,0,0
6595,0,0,0
6600,0,0,0
6613,0,0,0
6617,0,0,0
6623,0,0,0
6625,0,0,0
6627,0,0,0
6637,0,0,0
6638,0,0,0
6647,0,0,0
6650,0,0,0
6654,0,0,0
6685,0,0,0
6697,0,0,0
6698,0,0,0
6720,0,0,0
6726,0,0,0
6728,0,0,0
6747,0,0,0
6756,0,0,0
6761,0,0,0
6762,0,0,0
6763,0,0,0
6779,0,0,0
6780,0,0,0
6796,0,0,0
6798,0,0,0
6810,0,0,0
6832,0,0,0
6835,0,0,0
6836,0,0,0
6840,0,0,0
6858,0,0,0
6861,0,0,0
6865,0,0,0
6869,0,0,0
6928,0,0,0
6946,0,0,0
6947,0,0,0
6970,0,0,0
6981,0,0,0
6989,0,0,0
6992,0,0,0
7004,0,0,0
7013,0,0,0
7032,0,0,0
7035,0,0,0
7049,0,0,0
7055,0,0,0
7071,0,0,0
7080,0,0,0
7083,0,0,0
7095,0,0,0
7125,0,0,0
7145,0,0,0
7150,0,0,0
7152,0,0,0
7161,0,0,0
7166,0,0,0
7167,0,0,0
7179,0,0,0
7204,0,0,0
7214,0,0,0
7221,0,0,0
7224,0,0,0
7226,0,0,0
7243,0,0,0
7244,0,0,0
7247,0,0,0
7253,0,0,0
7255,0,0,0
7258,0,0,0
7270,0,0,0
7271,0,0,0
7282,0,0,0
7287,0,0,0
7288,0,0,0
7289,0,0,0
7290,0,0,0
7296,0,0,0
7297,0,0,0
7298,0,0,0
7306,0,0,0
7307,0,0,0
7308,0,0,0
7314,0,0,0
7317,0,0,0
7318,0,0,0
7326,0,0,0
7327,0,0,0
7332,0,0,0
7337,0,0,0
7338,0,0,0
7340,0,0,0
7347,0,0,0
7348,0,0,0
7349,0,0,0
7354,0,0,0
7379,0,0,0
7380,0,0,0
7383,0,0,0
7386,0,0,0
7387,0,0,0
7403,0,0,0
7411,0,0,0
7414,0,0,0
7423,0,0,0
7425,0,0,0
7426,0,0,0
7427,0,0,0
7428,0,0,0
7429,0,0,0
7432,0,0,0
7433,0,0,0
7449,0,0,0
7454,0,0,0
7456,0,0,0
7458,0,0,0
7459,0,0,0
7465,0,0,0
7466,0,0,0
7474,0,0,0
7486,0,0,0
7488,0,0,0
7507,0,0,0
7509,0,0,0
7513,0,0,0
7517,0,0,0
7528,0,0,0
7546,0,0,0
7550,0,0,0
7564,0,0,0
7583,0,0,0
7593,0,0,0
7621,0,0,0
7622,0,0,0
7627,0,0,0
7633,0,0,0
7636,0,0,0
7643,0,0,0
7647,0,0,0
7651,0,0,0
7653,0,0,0
7660,0,0,0
7665,0,0,0
7675,0,0,0
7676,0,0,0
7678,0,0,0
7679,0,0,0
7682,0,0,0
7684,0,0,0
7697,0,0,0
7702,0,0,0
7707,0,0,0
7708,0,0,0
7714,0,0,0
7715,0,0,0
7717,0,0,0
7739,0,0,0
7759,0,0,0
7772,0,0,0
7780,0,0,0
7787,0,0,0
7788,0,0,0
7790,0,0,0
7798,0,0,0
7803,0,0,0
7807,0,0,0
7841,0,0,0
7847,0,0,0
7848,0,0,0
7853,0,0,0
7859,0,0,0
7887,0,0,0
7896,0,0,0
7907,0,0,0
7908,0,0,0
7909,0,0,0
7913,0,0,0
7914,0,0,0
7920,0,0,0
7921,0,0,0
7922,0,0,0
7926,0,0,0
7928,0,0,0
7938,0,0,0
7942,0,0,0
7944,0,0,0
7948,0,0,0
7952,0,0,0
7956,0,0,0
7959,0,0,0
7962,0,0,0
7963,0,0,0
7977,0,0,0
7978,0,0,0
7980,0,0,0
7985,0,0,0
7990,0,0,0
7995,0,0,0
7996,0,0,0
8001,0,0,0
8002,0,0,0
8004,0,0,0
8052,0,0,0
8053,0,0,0
8100,0,0,0
8112,0,0,0
8118,0,0,0
8119,0,0,0
8120,0,0,0
8129,0,0,0
8137,0,0,0
8140,0,0,0
8145,0,0,0
8147,0,0,0
8148,0,0,0
8151,0,0,0
8158,0,0,0
8177,0,0,0
8178,0,0,0
8179,0,0,0
8180,0,0,0
8181,0,0,0
8183,0,0,0
8184,0,0,0
8185,0,0,0
8188,0,0,0
8189,0,0,0
8190,0,0,0
8191,0,0,0
8192,0,0,0
8193,0,0,0
8196,0,0,0
8198,0,0,0
8201,0,0,0
8202,0,0,0
8203,0,0,0
8205,0,0,0
8207,0,0,0
8216,0,0,0
8217,0,0,0
8218,0,0,0
8219,0,0,0
8221,0,0,0
8222,0,0,0
8230,0,0,0
8240,0,0,0
8245,0,0,0
8273,0,0,0
8281,0,0,0
8290,0,0,0
8314,0,0,0
8337,0,0,0
8338,0,0,0
8351,0,0,0
8355,0,0,0
8357,0,0,0
8363,0,0,0
8377,0,0,0
8378,0,0,0
8379,0,0,0
8383,0,0,0
8384,0,0,0
8388,0,0,0
8392,0,0,0
8395,0,0,0
8396,0,0,0
8398,0,0,0
8400,0,0,0
8404,0,0,0
8407,0,0,0
8408,0,0,0
8409,0,0,0
8412,0,0,0
8415,0,0,0
8422,0,0,0
8427,0,0,0
8431,0,0,0
8433,0,0,0
8437,0,0,0
8439,0,0,0
8445,0,0,0
8446,0,0,0
8447,0,0,0
8452,0,0,0
8458,0,0,0
8460,0,0,0
8469,0,0,0
8471,0,0,0
8472,0,0,0
8475,0,0,0
8477,0,0,0
8478,0,0,0
8479,0,0,0
8481,0,0,0
8482,0,0,0
8483,0,0,0
8484,0,0,0
8503,0,0,0
8506,0,0,0
8511,0,0,0
8512,0,0,0
8514,0,0,0
8520,0,0,0
8521,0,0,0
8522,0,0,0
8523,0,0,0
8525,0,0,0
8526,0,0,0
8527,0,0,0
8542,0,0,0
8559,0,0,0
8562,0,0,0
8566,0,0,0
8568,0,0,0
8571,0,0,0
8572,0,0,0
8576,0,0,0
8583,0,0,0
8589,0,0,0
8593,0,0,0
8604,0,0,0
8615,0,0,0
8628,0,0,0
8629,0,0,0
8633,0,0,0
8641,0,0,0
8642,0,0,0
8658,0,0,0
8661,0,0,0
8662,0,0,0
8672,0,0,0
8675,0,0,0
8683,0,0,0
8691,0,0,0
8692,0,0,0
8698,0,0,0
8704,0,0,0
8706,0,0,0
8709,0,0,0
8730,0,0,0
8740,0,0,0
8743,0,0,0
8750,0,0,0
8751,0,0,0
8752,0,0,0
8753,0,0,0
8754,0,0,0
8757,0,0,0
8759,0,0,0
8760,0,0,0
8761,0,0,0
8762,0,0,0
8764,0,0,0
8769,0,0,0
8771,0,0,0
8773,0,0,0
8774,0,0,0
8776,0,0,0
8782,0,0,0
8785,0,0,0
8791,0,0,0
8792,0,0,0
8794,0,0,0
8795,0,0,0
8798,0,0,0
8801,0,0,0
8802,0,0,0
8804,0,0,0
8807,0,0,0
8810,0,0,0
8814,0,0,0
8819,0,0,0
8820,0,0,0
8826,0,0,0
8831,0,0,0
8832,0,0,0
8835,0,0,0
8838,0,0,0
8842,0,0,0
8845,0,0,0
8851,0,0,0
8858,0,0,0
8860,0,0,0
8862,0,0,0
8865,0,0,0
8870,0,0,0
8871,0,0,0
8872,0,0,0
