region_means,region_thetas,region_zero_probs,region_lengths
31.33591662819746,37.3451542941407,0.7426393838971322,934.2208636060686
8.334200931827683,17.461270250526702,0.8252591567501887,135.7780794790037
18.298571595043665,17.270895248037984,0.8528716477953238,161.76274030370237
6.752254163923388,51.347291037164005,0.8869296396094191,594.1457495469766
3.471955993712556,10.425762384183086,0.7764757312711562,304.07710980471893
39.940925293723744,8.199926350812774,0.724312012750781,51.271315630208534
7.778685741022756,8.916785444890735,0.7918084934810361,435.3022004699453
14.902734945639686,16.277048563341186,0.9231435265711238,353.01999700371647
28.95666510301171,38.02157210451273,0.922721943601557,554.7535526053701
34.99709608664698,52.97424029165567,0.8953775993817911,439.3624129826133
7.205878662310371,10.647975049378765,0.7607910834336635,591.6160023121419
30.837942006088063,58.06157414594015,0.8172877197124468,292.26665695282594
39.07799520577558,40.972976387993626,0.7007257865163017,454.9266315524165
31.783148084572574,47.879251647395115,0.914209299289124,551.0479775987279
16.755237721613497,59.64297005609691,0.753957757418068,419.2714324058397
9.07893261372458,38.14432279112752,0.7696979192182766,134.02703304076078
22.117726593856293,10.876730817117776,0.7495067858459289,461.8978572759899
13.644010573495693,52.42307786328182,0.9453521311752985,225.74897457483272
39.59929399213699,10.302642206730747,0.7809087622209014,536.0266397061041
15.653655269645052,39.9261705407744,0.8401595718047331,887.1878473737
31.262695933425224,42.244250409954645,0.8048820976403422,713.9639875446396
36.89964123911878,27.64188142571615,0.9222986379371558,843.4569306627649
39.93664393140485,42.895634913802866,0.9298081721247945,755.4772865816332
1.3384320472614322,45.19802790331004,0.7838400129873945,826.5696018665582
39.478923792528335,49.60116611887765,0.778675942609384,266.4376973854869
22.452948919338183,40.21325475181073,0.8552275600584139,799.2221923298298
19.88357238990391,39.69613443490256,0.796014455722245,365.26640186763416
18.078425094888534,50.724644493085165,0.8492089017925505,421.6865377790024
32.251299745006555,44.57747469698743,0.7305245639003176,449.4922273841452
0.0,12.490523721849074,0.7018935377975366,228.63695633565493
9.239684613927801,39.278577367386326,0.8525177380762341,967.7525652178692
7.812705749229025,49.822050550435875,0.8616512549273035,881.3855315897958
0.0,45.44140973533563,0.8755885024995504,730.6823516408716
19.954292542052908,35.468704141136854,0.7539115667727648,113.02905255069362
0.0,30.721699847648825,0.7017262244441803,980.6429171720787
37.87476310808936,51.54917716760153,0.7890680423785652,907.2948304012511
33.395394146530656,31.908490286961467,0.7738925762126979,459.8861201595792
38.58734734771883,12.366191376004576,0.880254500266364,699.45732782901
2.8111510841326632,20.430657790442073,0.9321120276695543,153.89985675059086
16.018995914961558,31.593428554024733,0.855154857033202,795.8911776664579
33.74086171063689,38.844486436204825,0.7459254460315805,537.1655734663384
6.360720389244357,39.89158061988237,0.8713710140364522,609.5131303220488
15.996540121279406,53.53183273313221,0.8881731149458947,489.13830829333386
30.765521503866594,15.425924486089997,0.7271868882149719,457.8748476824312
6.77113412700813,43.80199546577204,0.8505219065608917,458.6005885975949
0.0,28.306393299095383,0.8147518981009747,202.38379037117767
25.60110008170966,40.33761123657956,0.7912897313523404,664.7017090185916
31.90863297508326,33.408987899227505,0.9168417230881554,946.7236752826965
2.1741754221152454,45.964922510021914,0.7211921472085094,464.7735490477798
20.67667558262747,21.223792992501444,0.8288754071277792,262.9290429755771
4.135529035841312,35.07047276956731,0.880527896332989,679.8041477077273
30.744674903055472,26.35547497266566,0.7555552894338768,743.4430292959926
24.375636911296336,41.75229465234636,0.8710607114048199,485.5498463562552
30.05827440458541,51.969094480820495,0.7570030127576335,546.8356438236415
0.0,9.664914331746543,0.7308721013193102,718.2671264538961
1.5562403679146446,59.75747615431335,0.9432058910610314,900.2324855988168
32.264505488224536,58.77810488294893,0.7183746362718388,996.9039966976314
37.24839179142011,10.934056845966094,0.8693673902886067,351.12864921416434
0.0,6.612132573342721,0.7807340636343337,822.940363073797
36.240503951667776,56.825622921928016,0.8282710493143676,709.8095622516483
23.149505054941507,34.47160199843477,0.719667053091776,913.5054109669421
15.873511117940632,32.92482394322372,0.8590696537606952,819.5272630690105
35.14570591380207,27.59890568676676,0.9413483268075743,743.3527921927865
28.255726667695708,47.41022748777861,0.8984336166035618,207.71935414624585
11.053213457450331,59.64701538101429,0.8623934273735885,903.3241819754585
3.751903069681207,52.668472192971876,0.8215039440483017,270.8207081818711
3.87431106025205,37.47395130009599,0.7649383285582101,509.5175808215971
0.0,32.649811735189836,0.8542288018235098,350.8763202317989
38.79236950302016,19.18923841479214,0.7883573444113328,959.2556390582099
22.02158814690902,6.5235487910826295,0.8545654214109097,928.5483205932646
9.9288813065488,19.178758374513027,0.7004724356537341,731.238043419729
25.68698765538741,31.984634769583142,0.8793218495828886,893.565854992137
0.0,33.27101999158638,0.7411887665699708,51.6755738036197
0.0,36.86636002026589,0.9309994764400439,248.8286707166032
22.3626956331412,25.131695057461467,0.8478596865146907,935.2271867042069
5.6834403911164895,8.764683322674863,0.7232553682224725,755.2978037982788
2.370137923665795,47.565068193378956,0.7697171748530086,931.0246803471758
26.100065153685467,15.334756272030267,0.8053068407605151,229.43399732084234
0.0,32.586948884812436,0.9253726120572348,645.0038601168812
12.513883937079953,24.87955499939049,0.9436333288004587,952.8995712616611
0.0,39.59250161057188,0.8020941860831905,270.31155837533083
27.36771524671947,34.756351250701705,0.8712846291669576,278.4101753007697
0.0,8.101775804736475,0.9495540220018714,512.4646995645606
2.065861309877299,37.50435611211776,0.8947376356574055,807.1264678099234
1.4043516888282424,37.884782554903474,0.8045805409606803,980.5132199423675
7.9629202105378765,41.88975728523194,0.8968104115981523,668.2435674766627
20.215863968086538,54.04565334416802,0.7258132595891951,882.7685405935581
1.519616460825039,34.900747056572165,0.7071171234617815,541.89378358334
12.446125105051024,5.292102024316607,0.7297970791346304,880.3008979274796
20.801728182286077,34.005809691678714,0.8311715879030548,54.211857108350934
37.64903177256928,26.300634690162433,0.9135169508005736,441.05301693670066
19.561841094575644,36.71571803007401,0.9068643034409828,898.1971474371943
5.1834741463370255,10.045618662499834,0.7124088127169876,739.8580804549683
8.65511350346045,14.867880129598054,0.8260186329455059,445.12020937364287
29.210787320370997,28.132599213070122,0.8186930548058788,357.39126186116357
1.0521693261388103,50.6268763584205,0.7002169606298468,609.5587289369186
24.740935542948325,7.353264942060835,0.79166196942838,71.44842255329775
4.930434419969113,38.16540873622926,0.811164227398189,230.6215143730807
26.08017797996782,17.77356020177728,0.7021526502418023,366.72555377906826
8.294445263459124,36.98802137380605,0.7645621316931586,879.8067865666928
0.0,41.70362966464113,0.7857247068406511,161.7338313301213
34.27192206018943,16.691830590816302,0.8422708266352471,602.999445103568
5.3098648477576385,43.18571056021848,0.8768662624280793,126.35752317460202
12.96462356139635,43.70159923826959,0.853309911029074,624.32232531162
30.642923417429383,21.215337632300567,0.7844241487760888,747.1320567584522
17.59455499269589,5.302099149915482,0.7061097761504466,395.90786571690546
36.38279953691027,44.34425729905483,0.8917258829616133,396.7447258481842
8.86488911874969,51.00231902070583,0.8479762225705311,317.1619353693107
11.184553478268189,14.043141704708031,0.7070206940725947,146.08027429806123
17.450268294324896,12.805556097140187,0.9377224769084876,601.5108063747658
0.0,56.12722566237333,0.8413129031172047,838.1925136395901
6.687589212306863,22.579841989456824,0.776011516611004,934.3443600509503
0.0,53.9454724108634,0.7467546157072473,649.7866838314359
11.071279910888418,54.170691136156776,0.7709542163201601,840.2752858134039
15.708262791167666,18.541722116821145,0.707623246433324,410.09122891237035
28.48942121583732,59.35457107228361,0.7931237869008043,355.7211845936359
27.640622148445065,37.01272039272371,0.7898336503498133,517.1132739647796
32.44271575631042,57.53078723163788,0.7958682706017051,134.17686954168312
33.4824560820284,37.75360401245683,0.7694098979898195,69.07346457452118
15.59037390721803,34.7378606802971,0.9417514901211836,570.6643066914644
35.96737214436138,36.03176258005561,0.7875493819439836,459.8066781870272
18.175052909003558,55.719080758685664,0.8241099468231785,172.23606656271014
27.19115864926995,52.23433563709357,0.9047612468521189,368.97235341038413
8.304919047236101,50.46347272919107,0.8154271161456735,371.1377208376492
3.9506170602820663,34.60365118703338,0.743222155359275,966.7726375093997
3.8314722308770155,28.70679794899527,0.9230575145414994,195.138640371928
19.913935612798532,6.086855057773369,0.9044472791888815,556.9728829924294
6.323303682019485,5.407193994512653,0.90605310400662,531.1856216295974
33.18656121465308,34.765432959777144,0.884396108666514,322.0673777532307
19.523600428402407,7.41927415729067,0.7195087357192738,586.7405679211172
23.843097591161154,26.183782608333065,0.8253494750423934,607.3585597083506
0.0,10.238635626024562,0.9396524122082315,100.00121160990467
0.0,20.65610111647568,0.9227848431006667,675.651302610376
18.197563695534562,45.786784914281334,0.8415793403842693,856.858717513445
29.87433700419565,17.123871226088568,0.8714295370948375,862.1304803041232
30.54967431260211,33.763162206920796,0.7105152997043732,990.4268890743123
27.638833712924587,37.77117516713368,0.9186137072655036,705.7635011878516
22.963908931342168,17.986122716661995,0.9492240588829008,596.1958486172477
1.1811652549902538,11.969734742416527,0.8104153672176492,258.2634167454268
27.773273134107534,13.988801953296079,0.9018650239024552,227.68180186799424
32.04464616776893,51.23647008473869,0.7427681920019966,364.1627011616702
37.07396852524232,58.04309510111363,0.9046642770646465,281.85464062170337
18.13480635499272,40.168017816129904,0.8219920116238691,315.8454067593779
26.87637598357795,54.16713566554008,0.9364878496841558,346.4574123478242
34.82612918413467,13.279623683100818,0.7114969178935776,90.16204886199922
28.164856266916242,46.242542346430106,0.9252599318428305,844.395670592162
26.333156591566457,33.715190019031745,0.7253737593141615,425.3791928658635
23.024542737707527,58.51806386649739,0.8893034065317793,300.6567720627611
21.630589386155748,22.757117070046796,0.9035299184355199,934.550459621364
3.43689861753705,49.17578976426935,0.9043611166412695,674.7641434550694
32.45284081210563,8.303267274579015,0.7888762454380616,720.7541337912561
19.08965717363729,24.745070122035745,0.7541192788024352,472.86354121978627
0.0,38.812060138583895,0.7437957847010194,213.12164961022933
26.088638796715912,40.47053245184792,0.7235240811193047,906.943059586267
24.164426906084476,39.43449720031416,0.8960730524438973,975.1564152989368
34.08494811193214,22.364752651885947,0.7373522980413408,886.0920681522628
6.519477191673505,8.172411348372506,0.8705261157186626,711.5069231942024
14.411205499107048,39.84724561893499,0.8865647737272708,596.672313086801
21.79829829772852,55.59842868163075,0.8296957552018813,723.5825202756268
31.42728983057311,26.111577613483007,0.9245343264451915,716.4988416653324
5.3124015684205,56.88544921697758,0.7224786249146231,765.4759141997321
13.277502445533312,7.194713212862051,0.7283452385183459,880.5713700637568
12.383632556682294,40.13655625838249,0.9383344930786055,470.11005594173315
11.38280378970819,13.263553285763766,0.9006531045680267,216.44517248141173
3.8538287915535183,19.320160462778556,0.7965455843192586,599.5356028918715
5.169041087141461,11.068579867217275,0.7010048854771932,673.7988037223708
17.840342461791924,24.12154676034954,0.946361326080867,136.26647857700786
18.980167904273312,36.29632022791558,0.7971673807959929,684.1298696736645
0.0,48.56349233565978,0.7652408149378871,53.18582605830471
38.09399987530325,42.682994825679714,0.9352560061677109,446.7516496297087
15.784243159720486,20.239976543137207,0.7922517919417973,133.96164256182067
7.169703307885362,12.56508784960944,0.7742643253675772,184.12387435761462
29.48408036040727,59.01412541961758,0.8971680940358101,812.4711186422669
6.112768522918655,26.385834699430742,0.8034378044356263,932.9425386819427
9.15826205656032,54.28987619451974,0.865656832686932,595.5402561216648
36.257023786758275,8.024258776787445,0.8521938845894297,423.2730159499201
8.989980739234671,30.34938491542544,0.7745648017116873,773.3764026032426
30.20779684006599,21.701395806562676,0.8985627768818473,522.0396618393673
5.789569422521787,55.566152348249595,0.9325650219838961,353.00484897835923
0.0,5.177080491690555,0.8111270214542662,686.3054592305956
27.602268219008394,38.9251971752779,0.9202370059350601,441.694737400055
2.59503807767343,44.64374050318356,0.934748526112086,565.1927066137033
29.09438578177563,22.535395133060312,0.9134388838272292,842.507537600449
23.906023886127887,43.712754106873525,0.7596852146532497,72.7743463888551
0.0,59.50743738761027,0.8877614469185494,679.6361634783945
21.47186897268983,54.790959586418715,0.7417778524249883,415.8684738804033
35.57235752062699,13.92595761784169,0.824190490248006,998.2111541042955
33.155034778241074,5.099083651682968,0.8197178844949481,687.5116347955048
21.294296919094577,18.953030064591395,0.8461765032164908,89.6064575764732
26.973648257227662,50.07890123625373,0.7883353597238871,364.2971947347231
39.722737872806356,27.016049273488303,0.894721829735323,348.76741767648406
38.040390907248415,32.102909133929224,0.8918042944331181,103.20635719455304
33.45605197488187,31.649281476176988,0.7999753560914916,678.115108770805
4.049925667154133,25.317521535777633,0.929507204591644,206.78914790154917
11.285789972889345,56.15519552083404,0.7137546374193882,110.62078571957801
23.876890046743405,8.245102767622406,0.7553984545985424,105.30544054197925
37.29108622370663,55.56231806039636,0.7831987942361518,841.2843634502165
39.25245051368412,37.27023065857141,0.9070686684062473,260.5045948871173
0.6867752046139985,7.503387896851553,0.7625316515030885,901.9228520149893
8.944555155098742,22.51302083498032,0.82531676854855,313.98326487590987
19.088996287348216,40.352522373624346,0.724316419095459,267.51205209675396
20.56817628012126,11.271961401731103,0.911476024792848,196.1844618752301
28.952472392566214,8.51876278111594,0.92781952928278,254.47236024460534
15.565404277106062,5.574505901752419,0.8706134697369816,105.86759254908546
31.77489631604152,22.437883194243557,0.8542961654393595,119.15227965022162
33.276288631095866,44.13853036892192,0.9496700123035298,87.99970792505948
12.47563837595149,45.29922902801506,0.8022923984550077,180.08781232491233
20.79278826371119,16.962944671647612,0.9433062675148702,914.2635067716947
0.0,25.89085531191395,0.9103632214335847,874.3407237818387
4.9203282651293145,57.30138981122204,0.7499181770629073,112.84178663525289
27.778933733689332,24.77514256941752,0.8939025996356421,956.3994531823743
4.817934860866145,30.71671271548279,0.7053904035220111,77.74498245382273
18.29395050289832,6.288330439019372,0.7769887964717557,145.47681309262973
26.82270438925751,48.552596045009565,0.7151456716590708,154.21999681268522
27.183330481095297,43.59712868789345,0.7581839736645781,384.5569441389772
8.907374291308543,51.20351739270409,0.9489834559879157,455.33790174131104
0.0,22.8418059691302,0.9410331145328108,285.75869030112193
15.496430335788206,18.552559028784273,0.746472914339273,934.1391825241876
38.446885644894316,20.088066009943663,0.8940658845067535,354.2449536291721
6.201925690513456,54.00307793284741,0.7288532041432315,762.993855697957
19.589602205169875,51.35758925358145,0.7272852727470426,765.6843066311906
10.7199376513933,25.955790239183543,0.8277155223070773,115.98073627695709
20.058603491116163,58.81451260095353,0.9067026076030104,154.5462136327852
28.77834134435429,34.82540075585886,0.9474292587592582,158.52646854604654
16.708905321885908,37.66440114504317,0.8977519226193996,524.8126678369019
38.86797352821068,16.119046836224946,0.8239052137380649,189.36037244928002
37.35129805324478,18.734105326746008,0.892694722752258,742.9467471209828
31.570436645064298,56.0565016259443,0.721085085921014,287.236309696876
29.366540878832026,54.44172960598926,0.8479260502481194,794.9431884073017
24.868826587147353,53.05935096460417,0.8787305515346424,176.16105632341117
39.08524098044409,20.36798677343046,0.7020099397228048,331.0373607355674
6.91517528663402,9.673589837721437,0.8019369514464144,842.6676062239383
22.26607696063901,47.85859406351725,0.7315801926313524,575.210879070259
8.593224910776495,49.64623168392686,0.9013527240422463,585.3374582662237
18.86407272189087,7.691654504991055,0.7829908218460698,41.98030578661232
26.91064408526564,10.414537678177462,0.8084354424303348,493.51984525394533
37.673014052509686,47.996225660078174,0.7385143399943044,954.9136772906944
7.9952183937642385,35.69733977238277,0.751303716092359,529.9857280373029
28.58618122511594,8.989841894711075,0.8140996861011381,660.9528433844573
1.2504432167017852,19.778433472921314,0.8346203474922093,552.0390972945231
31.468983184514563,25.884305388168777,0.7050416420549306,847.3432999312665
38.115238445334874,13.440442750228085,0.8278583533438365,815.8191353851797
15.72306428247323,48.00981697189585,0.7027015417256878,282.5773664134022
13.277708895290575,8.038848510114196,0.7307398950245855,66.58549009607543
4.790569330281831,49.22042353251082,0.8097920872386593,332.43264465940433
17.712339821078928,57.006326074984266,0.8765549415765044,685.5970016317956
24.116515714486486,30.954222774740607,0.8278101492620068,915.976314021286
29.2399934419067,9.638631975454873,0.9416375552020273,601.2032107246192
37.83594596703403,52.32099705521961,0.8666867557981831,429.48309248648195
38.60001017907135,13.307102993244166,0.9356068484812451,372.7605597941841
15.48961289793304,45.0870898375358,0.9139069820101429,960.2139660878131
34.21992726439761,44.253546011433585,0.7167390476955672,964.093453161385
25.686057726250375,8.54294393826252,0.7880514241649117,834.7364399391248
21.659698566873537,29.838075716766124,0.8905160231694049,469.05495455977467
0.4496161127189326,5.408303950608843,0.8984840449080667,163.74160382623853
0.0,49.9323593644662,0.772466870489858,281.7180592940189
1.779234903567659,5.696742505985855,0.8991169191309419,134.41805051958565
29.960071834783207,44.95671795179037,0.932141525085378,47.06268794690143
0.0,31.747570657962036,0.8457527187816747,859.2530712360656
12.377519969599533,37.42686829670641,0.8993420751837783,219.63889744368802
18.682709559068822,18.745102552919917,0.9177980185914683,821.9953400563792
28.187934249747713,8.359667855454116,0.7707549492805612,929.5534107637299
19.472010311369242,17.5280377747459,0.9102948666401167,953.8258331941514
0.8216315375812528,28.94503954268591,0.9079253820814335,362.72217545080827
35.141244308534205,10.859610718984053,0.8202711713724881,201.73397667205228
16.581965677597736,53.65147196904893,0.795364844541974,352.18647488428087
12.043374479797375,59.635546602196,0.9271824845559339,984.6766053941191
28.039499681757178,59.241744924451844,0.9330135907192318,400.7511736671986
12.765285727920052,9.245190299847938,0.9267149079948827,587.9399788762491
15.657010141535384,12.611329188624495,0.9188085074742603,323.2714736349528
0.0,14.498114757955372,0.7594456377320032,43.74951536919976
33.006764626629824,50.63206973439197,0.817407864338234,164.04456971078912
29.822325540592452,58.11550536960547,0.7964519434708376,49.66235821677255
18.124844273581736,24.838348087646374,0.7225115495058848,328.235016367756
39.436969309464416,5.600686728359886,0.8581668435442322,303.54516883693907
35.41337995647295,24.287958991313335,0.8640223488081793,581.6418006436695
13.116221784924038,14.454552676375473,0.9494529205506168,494.9249216393774
15.780160299079894,18.54027333691374,0.9020153000385173,462.27930550786965
20.019874443242863,25.796719440520825,0.7155985844781447,992.3547941194133
13.233637993664438,12.994312750187994,0.854765951993564,557.7769486859086
0.0,20.364829035410818,0.7645165572165595,788.7890691963473
11.352515808975486,38.04349183990209,0.7713827206991691,940.6129787800053
6.550355533051397,18.280600260105512,0.9459188276220536,683.7854374450959
0.0,25.12873468896385,0.844405694458693,626.3209078853581
29.805008943495807,23.084748519233692,0.8420056371714666,253.07949918815842
17.195111522997426,9.330628997242922,0.7989517643045749,951.7845923833556
6.939171607687018,13.5884222084156,0.8892975563462798,488.1829766814866
31.15047696050448,8.649704191034472,0.7407485968655302,348.25221094741767
0.0,36.871269183207076,0.8968850321229203,646.486717410643
6.418646889186294,33.11612112234273,0.7968141890361224,847.3020172539275
34.229694275333216,20.644637112024352,0.8677594372881514,478.21960113682485
24.466157734300246,58.67338725492159,0.838282763169504,248.87016642825967
22.0903951736936,14.002804859920301,0.9255456908530315,109.3138192573966
29.280864613560862,19.165836072722673,0.8918722464046278,839.9672840658734
10.293825656379806,45.80376833274024,0.7787566115598689,896.7728021184338
0.0,35.879100047624966,0.7129717859776025,669.0615103957275
0.0,51.44023542860547,0.7453097994656572,795.7481993849725
38.31797734782978,32.15256732715834,0.7906876199185249,994.272071718461
30.156226060955664,5.2751360568379235,0.8829983349617899,205.70573451890442
0.0,13.550932238264044,0.735007624346611,801.1975960699166
32.202315871790496,42.117505593170286,0.8321564130872521,609.4566593777981
2.6889539156606865,18.778912553972074,0.9122019213418335,676.0316858930536
34.22343457268103,31.650809971974997,0.816771438064459,896.5682731078298
37.962949620051305,54.23692335657762,0.9145141765602383,948.8600440664137
37.05093776107113,44.813409447264,0.8463896073223979,325.44473065409375
26.400730796497847,20.14928382129427,0.779241513343527,367.6318979289144
9.349046984694683,50.486476772515026,0.9491845631705741,649.4750024207739
35.82567721846341,13.851974380335829,0.9130730083646738,191.91242667682076
8.01625605017932,54.631763655563,0.884912620800107,276.5156898320775
39.71163629602576,19.821617899268002,0.8488773656152514,336.15050772762515
0.0,12.285418353705237,0.7524603105169898,647.558556193613
20.599515048312554,43.10862593008949,0.8494265474681421,510.99203115031224
0.0,47.15148799637111,0.7911375366899172,519.2384315541659
15.385703112148352,46.92509969068026,0.8147181763087189,415.7859969131886
2.6871666851464067,50.19673403064181,0.92744321357058,217.99315113078978
22.368659133556882,40.56836293357473,0.9275727175891885,193.42770893379162
13.888677972933198,19.53684788580331,0.729471720682908,243.90309023935038
5.592868836259845,41.97647677129339,0.9062175698584835,506.09091365150084
22.69698943676717,38.193910921541764,0.8351287987349669,863.1200762428889
16.795128748739607,32.7429372162201,0.7388978666802446,858.9456464261299
39.152731624378575,5.2429520625629635,0.7133745851383999,425.88316808836635
39.380264858263025,53.66841744105735,0.7779495086084338,214.90720333835912
23.308480785016332,10.87574136154671,0.8732101972770681,178.8619890825646
18.373831821195882,42.380338661861174,0.9230669208724847,981.232524926634
32.03130996629659,10.21180480706467,0.8182380615593923,489.09581130288217
20.783257766478652,7.695270893207606,0.7102898910814297,792.0156133197006
3.3630403052079796,20.469721305477567,0.8017510120739046,365.13973927189545
0.0,13.299931484552275,0.7721908329313274,52.996236463996524
11.535352338306609,53.37351296691075,0.925756798944201,588.470128510422
10.92921449886128,58.29821269533312,0.8233358684964913,729.4971805485421
0.0,54.2069206095539,0.7632652546445187,277.290014484498
16.644013494698335,38.54406668506741,0.9178442660310755,124.9484920135216
12.163120243454697,5.441965682334483,0.8226415321032747,523.2070808488627
12.13229352872547,16.72230341213458,0.769197105587829,814.8234098296721
9.698190380343766,37.8375429893015,0.8374007507866772,517.9045847242251
37.12209213722992,19.7483833621496,0.8744136223925227,429.6721604533194
13.677390417208048,54.13296546920957,0.8035274977290109,429.8724510982896
3.373417078851975,33.266629343182956,0.9304238204090945,622.7491116194652
23.054912706931734,14.359976105678287,0.7532428536043156,495.0199436238498
16.626120601815792,5.570010512485014,0.7793241838590651,933.650469220452
30.819281934453198,41.759923026459894,0.8265660635120342,688.7669186679296
0.0,47.88375834843013,0.7057388417416302,214.02681391646098
18.04528188679655,35.84869554744513,0.903931984314873,523.7903312003702
0.8718587076048091,34.43530781009712,0.9299668730404775,387.8793816592469
25.91270043317207,13.062338521372197,0.8183085938862387,537.0634524617337
18.338311666432173,32.906736585431915,0.7439082638325999,585.4318651794837
0.5311805906615807,39.39458033431827,0.93727330224391,196.25896075080394
12.68090310240441,50.381288113191516,0.8338785259753017,799.7719538704434
33.05766826928471,48.16362968799132,0.8471689219894805,916.9913989119844
12.467151702768646,20.633363784816076,0.9062869445927523,819.2298692992705
20.892830844631117,15.415826640196494,0.8323886430667469,266.54774678825765
25.70641199678658,8.110519860424494,0.7125989230056828,438.44972654028686
15.75069271692574,22.112838300108102,0.7370284725883245,796.1897150572092
0.0,45.99507390324635,0.8913903140578908,925.9938902654898
13.18038955868061,59.686478370909306,0.8055599441719561,642.125026774193
29.09605308427831,56.79575432915428,0.9308055167702085,267.96775799907846
36.708197037282055,15.535297169809867,0.7465192007389306,244.29295870745625
29.137941343384245,15.428140463651125,0.7795759361217139,96.1729652925473
10.23965546601463,6.522436649744,0.938525236987419,696.0075074937475
29.289138176149997,57.671065524783046,0.7890796824318052,368.2303492196827
25.28371609778465,33.2608286745313,0.9445103476606498,298.97132753446044
11.643463918763318,36.29638270140651,0.7059561118872819,486.12721222998096
16.711575716584633,39.02406446940842,0.8613881256196052,691.7916241233651
7.0792132137040396,48.84543014173963,0.7867821574545552,680.9075491468334
22.127414510033223,33.427370132374,0.7270400564425248,775.4117780316673
25.762413935147407,47.801519869165666,0.8560088842907345,954.3983739544981
36.0439663429173,6.077103784619497,0.835530044788492,539.1515860430353
37.08285334335554,43.166675074166534,0.914618106297274,505.1766999822114
27.768504310435343,20.349697531151172,0.8028820011373659,452.69056905279604
4.3521647476332435,36.73481791765722,0.7112238870545475,341.12470721754556
30.224889232001672,39.3406304061654,0.8229052813461357,712.2053337987347
7.392265321347809,5.46406407542391,0.7846809352588366,905.6253121109264
27.515519739551625,20.65696293459268,0.9081642297276993,869.7702653303083
8.295013876431742,30.572337688302937,0.7870983415562183,192.83636458275708
1.8802430080883763,43.42007546662748,0.8329273118349718,120.01504722619532
17.435816866360856,47.00537670910735,0.7830820030916772,363.2347296218557
28.564185410776677,39.54548604465708,0.8536004956387164,132.28501475886972
33.417783369338515,17.586118091313434,0.8106955911959228,875.3677039825898
0.0,9.165337767402363,0.8309637899641871,527.4814530888403
2.1140260474313237,5.318121614710965,0.7128234284141215,344.0357085868664
12.87858113813911,35.268880480467914,0.9496767848238402,840.2145400062312
5.410632272241365,43.99857288714463,0.8699712253140733,247.8468613959792
30.18812491996314,50.27252981082743,0.8319096121880694,972.1406860569384
36.79426367968486,19.166386306425714,0.8737472248273267,669.2984447077107
0.0,19.17308785842623,0.9130323129123842,234.79583410675724
0.0,8.381819243037448,0.807381129128274,873.1668805093848
21.263958734520468,48.97180173723883,0.7938434326946364,846.5069007033578
32.78874320374211,34.377424988787205,0.9041969527163808,337.48303918629676
5.785908547757034,12.796254276817534,0.8237320887613199,217.87931154744783
0.8679842676949628,33.65402507917902,0.7829653714199464,160.28938802615542
35.08711507130179,29.5143297721968,0.9365502238048142,63.65356635857786
28.40785772641169,51.297607955501256,0.9296151551988803,919.7597870847204
14.500808553362052,51.65165240877821,0.7865573561300184,289.8597267691579
31.27928200495628,7.374093076754633,0.9346952586887705,575.303311498249
0.24003113596883913,47.290898685321864,0.9443622954503488,859.423495137998
34.75625048936745,31.996232808470037,0.9358438545521189,522.2424291740316
25.23320460075423,16.458977871798815,0.7208973234630331,809.2479485409425
18.48590636756766,21.94887094197388,0.7014526134210479,996.8919248791861
35.20640599615306,32.372756612088864,0.9202926119310224,375.43549871477205
37.72058168596317,7.697785480185878,0.9467178959482531,145.23612668663083
5.157416415780847,59.42071069243964,0.9421311314775297,576.9938260310178
7.346762227683036,6.028567209133699,0.8004294297555593,901.0710958425174
0.0,44.05450148866742,0.7886420168764264,336.3972601898173
10.191959881643918,45.02129387897183,0.7739192375399249,274.60756827593707
19.46267851557231,42.7856114376039,0.72049633609261,173.1853751082154
23.18101881934109,45.29625294729509,0.7853114861916675,864.0901743127064
0.8241720972989076,48.56424027252548,0.9310832374307685,167.74510828997276
23.940140139869115,24.37110034943857,0.9388904269452113,173.4092178934631
11.404211165402021,34.76248247693162,0.7334065701605006,708.6845211172341
17.729896370581727,23.442443494740548,0.8654319513196683,77.15380645910014
13.545118599341476,6.296531407106275,0.8947348657803894,806.8497141541775
0.0,43.1006466394752,0.8679260163134237,749.5910505559541
7.318256612139735,9.084173977993387,0.9330007208163379,507.3014225449009
34.415726416390335,6.516982576249596,0.8419812582437936,393.1818216008828
6.456111253448132,40.93008137030474,0.82957034961522,933.8654325295439
0.10565736587388874,7.999382367587037,0.8310905092118477,646.0836355170043
25.861297489219076,48.97150018676294,0.8208077120636447,141.81593837180043
21.050022338686933,53.09110352765766,0.7235544403821974,214.46090005467448
15.420687046800662,36.35047730651198,0.7295779852407998,227.80335827891025
29.372845242811756,6.935592318341814,0.8690486488129537,577.5905730537503
24.272830981304917,32.82053092508758,0.8568049652728611,813.9323599912949
15.71903272094457,46.3061860012544,0.7363214209379136,687.7335506405433
17.416912716631423,21.02369012889682,0.8664761562123211,681.6098820243852
17.856625891167795,53.96243979373123,0.9412927137698346,932.9410537199208
33.430606837521495,7.022933178662876,0.9203909823248693,58.60290160829585
15.683589000635981,7.536903879861143,0.7955217689670124,958.5350878373343
32.0810270065981,18.269119419950883,0.9138166768815342,127.45977693564942
12.591180402102188,51.60260223379457,0.7118416695013536,625.2448200699118
32.95607181777376,20.4222756261616,0.8443394668170495,538.4150608236278
29.1853983941146,29.214611140582615,0.7293908953577682,478.2983007837447
26.560455729069925,39.17900635620209,0.7568338689942496,536.7573569175138
13.545748083964604,9.058734381358278,0.9091140092548493,233.0262698643146
24.247572711015746,49.99538464413989,0.7607505946190211,319.51101987141396
21.622953407791183,11.661264526606026,0.8733767070449387,864.5027242565669
13.883545188595088,19.560715134981127,0.7623809990318013,988.4528129910697
1.022380678038364,13.121977807909621,0.8461827181983104,789.6247206531498
25.784181937632614,53.40048107313127,0.8845201899421176,915.3560325280142
1.828525712284365,25.4716786047211,0.8291906873097461,111.55829958124099
36.2362895612111,39.01094796818382,0.8054425935782377,132.4650097742534
12.058359535205266,56.76400730077563,0.8463156486172027,286.80798950901203
34.008455818959696,28.073391160310248,0.8341297774194778,808.6436848390033
9.976920222535465,16.1450553714543,0.8738550344420845,498.3610810823189
0.6460906058180155,44.18931328874726,0.8422754233746689,539.0236164684214
39.349037986491,30.92894695060273,0.8946427401093016,887.3030440185664
23.367384887893362,5.395124179522691,0.9498236257871608,132.1081519869968
20.16142201156905,58.360617799236785,0.8844364036712744,450.50478546195575
30.499261393069677,25.35883213646877,0.7977904926824226,594.5927987204012
3.897878921758585,17.418028881723703,0.93391339160383,257.5095806260457
6.533358248445792,36.01700135357484,0.8544456433682557,970.727999586368
31.86781446000733,20.801576110525257,0.8447151225532312,194.936994784205
0.15920882602848221,33.75164095446775,0.7749651646411128,771.951925629974
13.614365123399843,55.991665248631385,0.7336386148295019,459.7219661899349
2.103084859323587,10.55210416592165,0.8517266274773574,339.24047964365866
10.708249619855927,34.033852710412596,0.820233518489017,749.8807657597946
0.0,22.484566164328236,0.8745423610868315,223.3132811714247
16.706377947388766,46.60103191031898,0.7908536676516593,230.11695293620448
0.0,36.500096451439134,0.8744544028906697,96.52506811059692
30.36976394038871,45.45207605370419,0.8767256873000697,337.6235368670465
8.193277577185897,51.173305654230575,0.7156692143252972,416.7370021603068
4.031275124832826,45.48336465899697,0.9277399958055247,642.9827644825671
3.3178765636845644,55.92133603663607,0.8209301148078822,552.3828203802424
21.261711386453293,33.95215697082099,0.7188394695522884,511.5323778168715
3.999692553614222,18.75592192518806,0.9129954163952902,524.992861427076
37.13994094027856,17.748882929544255,0.8019743938874649,427.86373480296754
36.77385681687229,30.145534558941083,0.7973062878694243,617.8030376910608
23.022884859432335,14.211678722254705,0.7272890572229544,238.2564841156309
6.304792109738157,25.19967162954833,0.7974453350510586,494.96451024973953
31.84421720876986,57.550609439813606,0.7864680085603662,952.7867658258285
6.305970372453973,49.378739572509836,0.8880037433645754,303.13631834239703
21.225131049218675,21.35180279135186,0.9009419657972354,189.32376089761564
23.613323930367567,47.488002003637675,0.893028216791948,639.4998250248145
12.420221640449022,18.336426981388815,0.9194537345174566,385.73138567208633
0.0,22.93638710967802,0.8893269519563428,759.7985554596843
10.44061764178542,26.186508734740755,0.7541629529020286,341.62782297594146
16.972936110804493,21.9936393249849,0.789470526520625,245.16986503419375
38.921141661394635,24.509995841695833,0.7898356399314754,750.6013222405368
3.1215274617022426,36.03977150848605,0.9397412064564734,997.4651225406959
12.610384968233786,20.193301092705628,0.7988162160080079,490.31417617461335
20.329025936217885,15.873186119644028,0.7094461406158133,941.440434205684
9.288865046986759,14.774658929640683,0.8103699539360902,179.57748083587273
0.0,53.36226803125088,0.8570613560090306,206.83647479218496
33.84518542080517,29.716410328168816,0.7015665624969447,325.1758212790364
27.76545787104981,10.632721217939654,0.8721997698490473,651.056476111268
12.095067761853207,18.422840095648642,0.7614012548835495,760.2227327926718
39.07859580784558,41.87559382404717,0.8017751070746462,171.9849906155971
17.047244782918508,13.094215255736795,0.8499900093909537,790.3536051225315
9.083393161614874,56.618266569338275,0.712814349408694,106.34317519205389
1.2222661344192183,54.941650536361394,0.7581256881182038,838.310106302443
8.22487828881419,10.62599247386019,0.7081252232164184,893.9203189924208
0.0,45.63859592322958,0.836558482201714,794.200448958827
34.38641270983568,25.35922167519462,0.9233601618024352,159.26686037151518
0.0,13.282961173377247,0.8545159896551767,138.93833501145974
2.719396564847838,17.452471990295965,0.8714151098027125,994.3828108781603
13.446279936568912,15.726710512777792,0.8643348273261441,137.0566759943945
15.70025909911507,40.69414635290219,0.8572537272724136,800.9575780473913
24.888568701819064,53.60507732117169,0.7950006976335244,439.05134225560414
12.081952541714475,36.44654206063412,0.919330697384915,205.24182570148128
37.80529039147616,20.886839911202188,0.7552250139373176,566.2716913224871
20.75255101315161,58.45238547258059,0.8674530944990908,95.92240222359126
17.629162389881827,24.806659468536697,0.7127741866928953,136.67944737893094
26.6400660617665,26.793868664731434,0.8016809443179642,86.68525527389768
0.0,55.72751124118692,0.8758898027512018,466.03809279998256
13.885967599934252,59.949708982072096,0.7529795063948024,607.2307337618249
3.5385856093660744,13.977860966738263,0.8279489907204928,980.9047053933976
11.07205697526406,38.62509685274601,0.8580423211040439,654.8450937618358
15.771997006373171,34.017923215235776,0.7588913795193336,993.258548281692
20.57649013894521,10.92269223794123,0.7415379780849968,592.793394958439
25.182549367004274,51.532555132716446,0.7033845084983141,104.4459620440627
34.48632831506167,56.03703698789178,0.8568880221359394,704.3775922409335
26.759629001326065,42.443828642198575,0.7109951307361723,584.0275122221992
0.0,24.242706506572034,0.8194971773892865,905.954904129687
11.065901272221174,18.66704810170191,0.942226230061961,385.2223896878097
14.950031723554357,9.623434763298867,0.7703176349729967,502.6666058094632
6.155995859892422,18.791863826637226,0.9261672204631004,532.7990326304209
32.361739940993616,25.11973211708393,0.8230994125471583,268.8834714365674
24.975915796917317,10.28028918979896,0.796942083426778,866.2686525761427
22.04440781031571,43.38269197576049,0.7248353793120752,340.3801713996757
36.86843003453094,54.48705308368573,0.7220251863742151,618.331907469138
15.13347502486284,34.9261347695037,0.7378898790152388,61.57927939192518
26.998108520845168,33.803551960603926,0.8070227942207646,823.0487717976403
33.978858103781086,11.861913262608839,0.7609179831162227,328.6666682680342
12.277445726772811,23.749331668343473,0.9283580242167505,577.1023071473961
0.0,50.22541863876809,0.871517607272746,99.12835895909502
38.01345473691702,7.462778210232846,0.79701448375983,959.3034899087784
0.0,47.11634563181323,0.9405066730386072,71.4517379033185
32.50718623821397,46.4539740130066,0.879659596879411,394.8556226620734
11.416246074821387,23.62339595542838,0.7012835587494692,995.2536934821128
7.584561733683863,46.150223258193016,0.8519687186942333,911.5448092610351
24.474282497538244,46.94630636341662,0.8509926978358929,398.81401641499303
31.082411966508825,19.861238135756114,0.7225454926261199,206.03168989769983
34.529865620430115,19.948268327765508,0.8344849517833115,344.24897591583954
30.917578518730153,41.36504277128619,0.9280284415200333,313.6541280158594
10.538597391605911,16.639689407004564,0.8927736471609118,880.7003899839991
34.670607762628116,44.50701364212129,0.8846646473953792,421.35589131531526
39.25301494846234,47.92590412449895,0.742890347338563,644.5799557769576
20.78417565907412,20.696868651633604,0.904369564080941,396.0282713596425
34.50026713578663,29.0708603260909,0.7767805898851887,368.5602273303547
37.57858915623054,56.79999047761122,0.7252911600311233,163.91922997391208
16.06711358546594,39.269552105003186,0.7487215627422201,526.1891999445686
34.7437890933083,7.378922673930364,0.7603918433868113,553.7861004582822
3.6310912563862456,23.187530560559125,0.8703651233155432,214.75301055560715
2.4855835178413708,47.83502468501369,0.8935536600339333,381.1383741807072
31.613244099934434,21.79605356283999,0.7262384901905683,511.75558940732935
36.12043743729995,40.39413469955831,0.7158252215591645,41.83369771208309
18.480238320632917,7.343117507246653,0.7682733347781588,434.8311565361311
29.3901602847931,30.668134312243016,0.7269263128578887,689.8660810716533
29.444614519074758,43.98693391083672,0.7602890483284966,812.522277472376
19.883865694507918,20.520333238323293,0.9169453108187744,374.4509769609226
25.83237742536401,17.585720007850185,0.7071134465565603,110.07898549930178
11.7259077606106,55.50718414285969,0.8536256223871814,801.3917445744817
26.519345637121557,34.26608345211349,0.7894649166236729,893.7041724373377
0.0,24.613632407148675,0.8406090954780476,189.68214394684483
24.03513121613536,59.24738824200665,0.8426814726289181,220.9607317993798
7.962684801368847,42.57840736254042,0.9463812426288714,783.5582970398167
29.974413757956217,47.84931946215959,0.9480091961759229,665.9564896583815
8.785186791656656,42.27469014702258,0.7952876957478495,836.574537863737
28.951737841564068,52.90581813010075,0.7534729049969155,184.8448541554248
13.803589898974941,8.8886405618387,0.7304927634737224,292.40451390213207
25.822551744619112,40.872055269750994,0.7452570541607413,385.04308679670265
0.8179918793859594,15.593851456139687,0.8388226061736151,524.3543191409973
23.88892643850469,43.47630539963443,0.8730479869977753,352.6821567106368
38.07179887006065,20.2703754035961,0.9492117778031363,830.0287367548037
5.378262550413651,32.81867431691283,0.7649030536987963,147.60393045798594
0.0,57.04915875458788,0.8600074849843635,975.9017186151285
23.484146695329876,52.38974107482547,0.8546780692631222,660.607962639561
8.749240741238577,40.077540754465495,0.794803091297742,387.45444644852523
5.541310141575415,55.811479118723696,0.89192913930498,862.4038467317214
24.75654758600557,41.468178881350624,0.9323428616181996,390.4585416001063
10.779569004385348,18.86455072696721,0.74780648192848,88.40189900555526
0.6596905574058141,46.3232021775584,0.8699110636132289,710.4821103568695
0.0,24.72024299433334,0.8397537246189151,932.0507125288332
0.5592815258806925,19.092769132259786,0.8689981461882553,323.21486952160774
30.246422399588617,7.049726089490508,0.8623531686434961,633.1580725717439
36.625570740074686,39.298226172722664,0.8877864366129848,215.81045248987704
18.18910491953842,43.48391913783499,0.7403241093299295,282.2610107565983
8.675602340829096,24.838686076501354,0.8286135421113652,669.9191095602538
39.681057774175706,12.9414586300726,0.8491514356712129,161.26981457654085
21.135296509386624,30.016579888095098,0.9006041504173992,620.9666410779323
35.11088698413078,24.66232143099585,0.9361584389718403,562.0470048767388
1.932208885592107,43.473149930000886,0.7398078430779024,693.9683185486948
12.913114581446365,53.86323897845933,0.7864973706322982,103.49911397140637
0.0,56.53333830384254,0.7282585399561576,175.9022184000887
28.81878250944752,31.369628988987913,0.9356657696507638,536.3168376397571
13.476143538629143,28.217201244770237,0.9027868459184435,807.9981412919259
34.054156989065966,26.268437846247156,0.7871833326829872,645.8468141642021
18.674316823382185,30.22829047824833,0.7265996661214121,398.86945144311966
12.418449988954253,10.971307315657631,0.9288539191461924,948.0299717462075
34.38504736510022,17.93159083806488,0.7416092467722019,91.63871226075933
26.57349916575916,19.39192979631333,0.9027284786653442,621.4222370664489
10.54521465010726,40.17831904360314,0.8799755348854991,203.33680324455852
15.803217175968761,25.79041262508524,0.7370156433911366,59.69026807777638
11.39674602002205,50.41924704322855,0.7833156428963518,994.4802739524094
5.7038146269906385,41.3047966618059,0.7394769851863283,580.9837329631447
17.152912248820456,28.58387908725338,0.8449205722825873,883.3501106929094
23.286791693934678,52.28974492530493,0.7303854866874295,479.4910809820605
13.89198286597735,14.258667276572073,0.7077857567408731,76.93056616816764
0.0,57.925874544179614,0.7911210779577896,556.6738517762637
14.23145271219836,29.837201759193455,0.7277934215696287,462.437150670081
0.0,44.793882543438116,0.7127397486876089,680.2598081227819
30.195097755465792,20.94420269992369,0.7641149096165386,66.71893133263957
19.774062043152068,29.07295421908568,0.913559583336597,59.239081982718034
28.872647254489497,28.746431092707386,0.8772354007394552,72.26754956896187
0.19927493848175815,33.67751014629284,0.7431186106596386,733.670363956214
27.672603907038294,56.445792482395845,0.8646575596768943,684.367768419328
0.0,7.1834265851188706,0.9086936426223071,315.6313697332792
27.971011895483652,41.09585276759384,0.7802042222230262,986.2465909101085
36.72582923331266,37.747976378518864,0.9381499918072503,98.37685437649031
14.075638891246765,24.522492681126366,0.916701161088703,57.22032854088127
16.86125449282452,11.393849681294018,0.9378827903190862,825.3274803679678
36.59861317174192,41.05144670114619,0.9442065149927504,853.9890017723918
38.11733869793858,42.222526384169115,0.8756667320296069,273.39858834341896
30.829808341898044,31.08204964409221,0.7773374491238804,44.87714074421117
15.351933069329416,57.092737512006636,0.7904080613113493,933.6584921356223
0.0,10.82238949398538,0.767684723329257,361.9932856209998
30.681693183079293,23.0697148278971,0.8150083702991764,866.3829621670882
16.30505876143412,25.371128015738755,0.9177916080599796,210.33704345430993
0.0,21.839614372533088,0.9468061248622477,482.92586423450405
0.0,51.23730566480349,0.8766902179844475,66.35949823829617
4.507193168501703,54.45983911936748,0.7894701781941083,156.51220445832064
23.293127795656474,14.440252913711774,0.8394710080910468,821.0018493118946
39.67171907114093,37.300548121958,0.7645120411952432,112.69224701021336
33.09366470374082,44.69332310779075,0.7760079252288609,787.2051449801676
30.710319252395287,12.714729227560605,0.9308989328757766,61.51608733101096
25.90218263943319,48.062235243671324,0.9491723402404614,285.2046683446654
16.136236233953124,36.93732907776255,0.9172063802991943,630.8016560270664
35.605791842016345,57.24511956164065,0.841685378697636,299.16090994288453
7.328098796558823,37.569232671227795,0.7009831551859051,340.02827095437317
2.3458404405983555,13.81619042152911,0.813520341227917,409.0277180621427
2.7801682617069243,50.22992898709987,0.9176525127885209,639.2343371303398
11.716094796251058,15.251515808940967,0.8160601929203135,157.50879313579253
13.985482006393717,6.974958693616391,0.7724088008324332,707.2753142208227
5.806092362643526,33.12808203272163,0.8786292659294788,752.2844678083442
25.18807974718086,26.39598968439225,0.8389293952599297,265.26151367547027
14.562746627340765,32.760486516025225,0.7570792127774667,268.3666128807726
1.8859639075671417,24.62015614979518,0.8082565311691451,270.31651037890583
23.4101882947678,33.52862270165062,0.7599550078604984,79.77877295075615
24.397281793490297,52.18861105832363,0.9441572527245732,637.3534068466267
38.4213825463112,7.42312584604668,0.740093556938931,527.7486961445552
37.4652556807855,18.573600233803255,0.7551568934819585,335.15342223598304
24.628307056009792,41.941368903721944,0.7094019120577755,454.084399185909
14.717394230365963,7.81660720384484,0.8629561401746029,944.4193288721996
0.0,20.50785888415637,0.9423018109483359,341.5067021762652
34.78179632086778,46.40602549487412,0.9228755221338374,990.5258375515748
30.344767211694595,19.99859139118001,0.8922310927528609,592.188777348229
9.240911502555846,28.47682458847566,0.9404653852637869,555.2144520295749
9.318937352854178,39.47009959253516,0.8270063655474493,659.2744081815594
0.8883737801026891,33.23235104428236,0.8781464594472548,853.597366799184
36.59394624235028,56.14468157091784,0.8640994854527951,156.52437344916677
25.816653012561165,20.26857711230863,0.9200839081098211,892.7982166480683
10.148437214558713,7.390354621238203,0.7834499012609081,659.302742375966
28.247564793218654,13.01014075052819,0.9295531161769193,626.08143640542
0.0,54.04481240706461,0.7211379944338604,829.0048806187299
12.779882374294136,50.393517111779744,0.7789507487909735,456.95317735966125
30.67947232960231,51.514206964682046,0.7915071589267129,902.0430829020197
5.072010277057039,9.242777596296145,0.7114146147372091,650.1048745734257
37.41970725382003,10.970835078153826,0.8951798286421244,107.89100394772905
36.904772319781195,6.680017362008709,0.9213132443625462,132.29451458317294
35.12201847884363,18.36001467240234,0.9484120184373931,991.3584300382893
9.27693414343228,51.78037318830587,0.741949050964276,411.30945580660114
0.0,54.41240472690022,0.9162604075007481,320.23574614751743
14.97123907933973,47.83839557978519,0.8409534265969953,749.419051218558
24.949174529673417,5.897296869351088,0.7740542429871898,974.841940996743
17.03439625358544,16.279293730280894,0.9118181212645903,780.7666144495638
6.107939912123563,36.31973343939064,0.8637634699067315,874.0753196792591
1.343833386283899,26.810405005263654,0.9109221740294635,478.1706077084386
0.6348146862586396,43.73087538509343,0.8399793896858954,829.9091717101289
0.0,31.094420223249355,0.8268128321948435,278.05372823232676
23.5434865409204,17.264292039849607,0.94347607175349,511.57143366002487
29.988666319654097,26.886227231045915,0.8285234472257509,235.45787134266686
1.802904198550605,8.009482342120965,0.8185478180475355,382.8906445204677
29.119180368634165,34.22303070767005,0.9489501622779788,243.00355605900245
21.506722760017883,53.368294751118405,0.8702366327554385,179.8901849364846
37.98575566205385,34.985506811610456,0.819373312805156,302.3130364118205
39.934688579091,44.8602507241731,0.9297443965733874,139.50012665461895
27.79206526267991,25.515765727618458,0.9429824855917966,543.4955399094719
0.0,30.385263551702444,0.723925492822559,158.77828852019093
5.399534364815778,42.683990920419646,0.9213358753181431,834.5761046041472
0.0,39.63415497956131,0.7083574501508869,82.72619925861385
22.37585215866151,50.057875778945224,0.9434051971697535,677.9129026217405
24.353276229821514,34.51552106815244,0.8707440832475107,930.5803514106641
30.551262084061236,55.609996240919344,0.8697289333984196,421.0078512461427
20.508850834422663,33.876963834234466,0.7887560934391553,523.9351218275423
33.9526750642965,54.33112436048851,0.8295920803254497,267.6736589470205
21.868361157322585,7.39115172229695,0.8146257903887517,170.11148139759212
6.320927244207762,45.40064884976602,0.7150927105568977,825.2857301972315
26.462610159344063,19.60501260254037,0.87280464441865,216.09152768963466
2.824844284060228,48.750297321773765,0.8907966807954105,183.80527421224005
11.96426118922177,29.06767383395084,0.8639151667679779,75.12109053753043
2.9328940646363746,50.60881168428539,0.7548602896616832,794.7625273644767
24.676581276352543,8.434695643392015,0.8933961253294685,711.254003655295
0.0,8.402841800498532,0.91692967152907,363.45437208086946
5.360983051466178,11.05915334858172,0.8798083945753911,202.8602884013357
16.1278254056666,14.695914403583966,0.8396304520039826,582.532577556064
0.0,34.3628626758422,0.8977405343051836,325.6750355508699
34.96405149793855,55.61674524054598,0.9202516419353441,957.7829079320019
18.697886924924102,32.47299799896726,0.8965723626491862,789.6450710128472
5.031353788962062,39.15397756445043,0.8159917556060755,856.9205639356143
15.07381454015684,15.666892328664193,0.8585753754849195,993.0131052291438
21.065126345880564,5.970463066638157,0.7193608733705696,907.5923009213708
36.10069159630511,25.704851846186035,0.8357576868407117,681.3290496355127
0.0,43.60353854886684,0.7829203983010661,455.427886010691
15.57414464887221,51.87897914394611,0.8864342051889855,592.3166631833378
8.208296304385916,20.685136605640686,0.8113948874625379,113.06094351273276
9.816648997271951,28.762443179857627,0.8998163202430263,293.3771764438021
6.825228814293033,21.60435445889511,0.8064139580013083,415.878065990543
1.9785478858353072,26.099747385126523,0.7393749704589274,536.2992264099564
24.569483491328036,5.710136258747351,0.9098672470159488,531.196801168591
0.0,37.772190830835044,0.7885632021691065,213.03682711937213
22.923061132413306,52.618122814186215,0.7288452963630749,212.2993448323902
0.0,26.881866014307207,0.846453247554094,997.6288896770902
32.67944909333812,20.627650831484022,0.7983211639825198,546.4818355928413
29.634256742282425,41.99014518228728,0.8627716189762161,620.54874090103
7.480187061168491,35.07076068958944,0.726337586211512,747.2364010780252
24.56429640476107,13.189731628877194,0.8226306609940873,610.8351088355754
23.059810067362882,29.181717244926556,0.8001895543453339,865.0243851863357
0.0,58.74683647245513,0.8122256824096223,141.69793918325672
19.75023299139666,57.59533940399579,0.7017300175245997,466.9861275353637
4.55064204658677,38.26160463768801,0.9189098522381896,320.47301027898516
29.080566271938864,57.51168251708407,0.8402428794490093,923.6837270480323
29.709158709963983,53.137042607361366,0.7772933792287917,826.5438305247442
0.0,47.09016152315447,0.7353119619212067,167.62338837890132
34.77284480782223,28.372036796688253,0.928481469678622,581.7875932367348
19.80710945822243,8.339365140011157,0.7301474337494728,999.1868279064968
9.342045455629764,40.66691334008119,0.8652017110394017,256.7495648825204
13.335234823534918,7.534095506452838,0.8670173536371503,84.02832196245981
39.7364897303366,29.57962094219608,0.8021764726677435,888.8485425292876
19.99314275878432,55.27705466913684,0.7649736399653146,601.4401951325965
8.645160047720777,49.58431847676891,0.9164187857228031,799.0177830270738
28.81181875133257,48.82219265497656,0.9077040417864577,778.0674582917851
23.710014813145104,58.14766601675506,0.8170907076387071,835.5249889150956
0.0,12.223795302774747,0.9074194496425603,546.2404183797254
29.397163255222754,36.15839539294798,0.7092038978349388,251.04216845679747
7.394117684438884,28.73431541766863,0.8571458153976048,81.59694092809158
23.32482328925486,15.783763652605947,0.889914195513002,846.765139670217
33.252076681293175,24.870557850868362,0.8282906828512169,637.302581443459
0.0,52.65924938622259,0.732956879312558,339.69587689027696
15.975517979071592,25.768544201473915,0.8621024406399925,650.2821254927127
24.459199115732133,29.83886364954688,0.8717329600292576,275.3911885726922
37.98311824338641,6.279087263576954,0.7519939262353948,893.0487195494172
5.403133414650155,11.362861623454242,0.833187819359814,534.7425799019265
0.0,51.88667763226613,0.7976967035066147,869.6315285049284
19.167981059661255,19.366787762524286,0.9448776898360999,216.44369325929637
23.762541795360683,13.69865186306656,0.7361126485271232,549.094535919931
26.39963134264251,53.04085333936612,0.7751155510870089,690.0776163381998
1.947355936768343,18.395512146054187,0.8925833344057781,858.1200694749716
9.036989586848682,42.395869514062696,0.8551222175574207,376.8710202050361
3.1928504111909106,28.04754136995961,0.7719284192495279,199.3851231268701
24.218650935160703,34.71660593587497,0.7775817796840068,262.80615499415285
32.84921641109358,51.32563962858523,0.8131252813226868,164.18170076599802
6.165587197324458,22.10216838443094,0.8964185585345661,335.03767082055344
25.503680691131034,38.15411776280928,0.7503795461767453,758.8970661497308
30.0008453869463,10.819376284295528,0.852498063884159,348.67820053399635
24.819413434566687,41.20428084946742,0.8395528485203833,58.06269744601025
15.998122755920827,49.2605089525545,0.739204734113196,960.7683845499074
33.30002734723831,46.69615464481394,0.7485367747210112,767.9019096595548
9.561914934011917,49.04395707016222,0.8874179553862358,113.14642537273923
0.0,37.56828368561107,0.7934245454855806,916.6727143111111
23.09792907272567,50.12703474070142,0.9194715701848971,944.8808086214692
0.3666881331711126,16.377474517709167,0.7506243684357468,957.6847931960062
29.984895469853956,25.128473991268514,0.9269168278606502,784.1458787891979
1.6201584833547202,32.15118360662784,0.8635707702269648,413.44171218535564
11.727529146234987,29.679686830570137,0.8280555359560559,666.8708050715379
37.06915246627464,51.885084662069055,0.8596801829217204,241.5121467146683
25.33597643158661,30.09308043138151,0.8588773147317301,773.976514410308
22.61095400795971,31.073531892427127,0.9242028057694873,338.5198318164838
25.914921796352555,39.813431481339094,0.9067821548901722,261.0297828572147
10.414920836650412,45.71872245440678,0.9049180169526032,683.6756518127702
0.0,14.702327522805295,0.7278937162285735,152.8010361901117
0.0,5.928692213061723,0.8906118786883032,928.0847032472653
0.0,5.854934170342892,0.7095909453175249,430.24306938756916
3.442193245709598,10.898108061007575,0.7966759467714296,978.0942648730559
32.10858031721302,41.98834394018908,0.7269592757450071,467.0778685680765
38.02416506794708,45.05053122851773,0.9255124040058725,397.6200899776119
36.59443660563045,39.69325433639007,0.7268303685714315,158.4078615950968
38.54555888558055,47.839016641831904,0.7090019945303202,327.33335067861975
1.8797406552150209,44.29040610539597,0.8003307037268254,997.9990605560758
18.19781791533826,9.000336941951117,0.869263511675524,959.8989582280834
2.223724516377129,29.80471179779043,0.8121022466900897,289.1915506104531
38.39262034747436,39.35908136694775,0.9001254067268722,98.63620280243353
12.604334106055305,22.12102554934066,0.839971191274054,975.2822834284981
5.180709126487978,19.7214543031295,0.7005438867706829,56.62730756949518
37.07846687962427,8.66285094723788,0.9051026509529483,583.1534933047001
21.628877639872428,6.711934034423677,0.7435630246303601,503.188885291429
18.50395035051551,43.07810090436835,0.8119914380474936,157.1350308658016
36.50963959373823,17.223327856509805,0.839382208645032,226.81284407331904
39.37566592328332,23.948586833387825,0.7252005780606191,859.1862291619664
37.39174828900281,14.695921235639522,0.8248968053990131,177.30642670294768
22.809882404313772,53.8951236756353,0.9294569136273152,660.3322352899045
22.971015134816263,46.80945983901226,0.910143441361328,706.9125492461662
22.270248348260193,17.445532424919175,0.8155288165339695,191.71625457719244
39.95957185791534,46.15902283025794,0.9492254351703495,250.98778952984793
17.2879428456128,7.523329534373429,0.7854296397388665,206.4428052403623
29.359159257770024,29.27276372408288,0.8520902834230579,72.19197807236554
24.045275609302102,41.793768440842626,0.719467326809199,218.74253990294147
13.308293608001915,52.45927127434187,0.7129882018919639,154.43057038147208
28.231003477908015,55.25381095297927,0.8154372813280498,739.6026542333634
31.93268695892051,54.0731606489698,0.849190210684754,918.1021007523451
0.0,58.898148577337075,0.7563173887894268,813.1660796907171
13.587837974136502,39.588716271071235,0.7635847808274511,467.9773514105141
37.562124146305095,17.213073690955635,0.7763005251536343,329.42410140936346
0.0,44.311147904306594,0.841617047306066,410.67746098312864
32.188639903906754,17.139726589605466,0.8615580889622851,147.01001242417306
18.8273022842224,50.93542531663465,0.7873439684002412,764.2660040799678
0.0,50.724767956263314,0.904410728598601,200.2420758610529
24.90736798827738,16.318575198084016,0.7934465110441165,117.12444563983058
0.0,15.945293536439648,0.7989887681289192,835.0237156834155
10.771967328845154,52.794565566964906,0.8899588463409278,719.6790390319842
0.0,30.45321091285565,0.9146855190723282,357.23257616713664
31.403315662388817,40.25920973420699,0.9417529836221977,916.331589524881
7.9569294302002875,13.352028747410916,0.7830138485583293,161.98015028008103
7.197932304660742,22.4961317824071,0.8922837195585582,632.8247980039522
2.2617511251068785,17.202041119536222,0.931351740285364,954.5588559390847
31.394558588686365,9.439988225814284,0.7972120710297701,568.2418018883938
0.0,17.88690091847527,0.9111794169977505,229.90166897302214
23.91252837275955,31.41104773059533,0.7691148015256553,206.15477822816632
32.76065043800683,10.796939197538563,0.8901463326665193,582.4270039040429
0.0,38.043395734850165,0.8312261183361626,852.6009435707457
16.475451920596132,9.103396236075282,0.7087320187722815,822.5204761439804
0.0,50.80144362664105,0.9462781658041547,372.08379991377114
30.890162706537524,49.2963809110674,0.7278825242753619,574.3513354268491
23.15727314532712,11.672945797703518,0.9302893843918623,241.48630196166818
33.20415605401471,9.082374224968161,0.9047728220877512,584.3767912003449
8.00935058014546,7.7352219826899935,0.8460849387469953,789.7315399741874
31.61271003641998,16.68277639257953,0.8792773571672275,363.4512553899894
0.0,36.31301081293873,0.9126420804254527,537.1111003418092
30.588492367573814,10.789012433653616,0.8695316530739873,894.9300255869912
17.830535951750235,13.983773028560314,0.7043746204406146,388.22528555465817
33.49511486739459,27.58199911346003,0.7285711925220953,686.8714295903949
22.134230578558775,15.958830453697214,0.9028547427943138,679.8372407439845
0.0,38.64404162418204,0.9282349119948407,552.4209611422436
8.486189469459582,38.39169958145482,0.8178354348153034,958.6629199320607
36.81150672885623,43.54807835844388,0.8849651495878651,83.35292410224258
20.263146537612663,31.871985447376968,0.8201186181815174,368.206419078412
29.208014362202196,22.482681377230985,0.7982662985673534,208.76912099135058
28.993163440717463,22.507093656881484,0.7319550670783829,848.8738102205978
2.4694271228866898,39.1343675013383,0.8453849405984177,861.6904870279545
30.00149318881134,9.19877415921554,0.8808695072323884,665.0598366812753
24.185163557264158,6.382502180905742,0.7857787799777247,771.3714264226788
1.3755345671085737,36.308530035631016,0.9398199201826642,325.52401408031136
37.27448510904468,10.540274669805017,0.7455699878683695,121.488021694619
23.592224107024354,28.507849925805832,0.7107794551344274,407.6402030123691
26.92344982308691,17.73193544785492,0.7263281320431036,102.39147652265032
33.33858277379759,26.014551826543272,0.7839456102736504,704.4772089864417
15.1704331731373,57.309296193043146,0.7681185939961435,589.8252260850879
13.649518169324363,47.22177513427295,0.7440249062767883,811.9782555837207
20.80306284679408,23.53652700691945,0.7809417998583933,299.7172422548381
22.94437403351866,17.154215366337247,0.7197506681477159,530.5379652822276
16.595367126151956,10.667119409650567,0.8617567004913116,646.623275461769
7.086945830777527,41.91458878834681,0.7498992010143115,825.5209631801794
34.299057672341625,33.0252918547425,0.711170770437707,955.078049467573
3.5916852555744483,28.251407643217554,0.8221122511102551,503.1134917375873
4.116479221011356,33.94011231986821,0.7230133137393362,46.43031761513406
7.954406295940999,10.841690356486325,0.9183751966181983,653.2669663042556
39.14194738809389,50.949629445026574,0.9032839943004265,606.3785663260404
7.029021314350998,20.0042001153627,0.8119612567122525,983.4288212665311
0.3508490704168589,45.086304475874606,0.7367720353382547,910.2329815695925
24.599753536092468,7.442962682625923,0.8401940329446728,622.4411305817061
30.31394105593318,5.358816939755847,0.8316664588584821,500.38711847282997
31.10175375403168,29.821299782624546,0.7171998427654153,497.97207136778786
24.815561839715695,48.507042360019504,0.7751694995433611,288.71291040004417
29.433204072345678,59.516653987433266,0.7549661045566833,379.12801571784667
14.012776321327935,10.024821290538918,0.9063610927469123,131.82957423866202
1.6710502305039707,53.240107351469746,0.7032497703467769,160.5950642746602
37.39484623397443,38.53810104349178,0.9103060533742314,893.0175725967825
9.09794999943522,26.354715460443554,0.902927588246985,762.1167853529071
4.934305568823074,21.040891421188583,0.796613928557669,723.0184384064222
18.51547810982739,9.495711304109452,0.93668773436584,572.6267135931344
39.202302007469825,17.969878052431845,0.9368446475804351,624.3024734118113
32.68784542978541,17.453105614484723,0.720209080974362,942.2379798544832
9.496705945878812,18.396722091105723,0.9439528392863079,266.56193541576204
14.97355863312514,5.224966873394281,0.9205183780054936,497.7693207610545
13.761981342935707,5.262701790923882,0.8227555154889357,495.87593223156114
23.403705704749413,7.171263265705014,0.8573239320038446,55.12808169854285
16.300443140790826,9.428480590486677,0.792036246597166,299.2164844990618
36.617831692732686,39.918550925382334,0.7856876494074393,180.94894995621456
33.42018514929465,43.96116877635059,0.907586821045105,396.2216826200621
34.389700571687584,30.336730637603015,0.9430530286008786,703.6100523565773
23.238188741893698,18.013951776120695,0.8816611778611023,886.2952907053473
21.630922157141434,31.2107397784717,0.8059446883275291,425.07569666135004
32.01430242567588,34.90677922863393,0.754019747795368,113.17192896455299
31.965318049291497,22.30010579032841,0.7485638682401592,205.35059647132056
39.16640019406429,38.427451946688045,0.7558513929524058,363.86329729294107
6.218155783676102,12.808441439132288,0.8240463547913752,722.5418653595399
28.709679994115476,36.217497265142185,0.7524723068636573,674.9665157265218
7.959465647541117,16.349261932242943,0.7757737418765499,964.8034536465974
32.51975144330507,51.7605925178834,0.7006325003320637,454.91267263889864
5.62681734870268,50.87088513671179,0.7042848055287303,698.9410262395327
11.745836065451947,56.54984852590566,0.7002942100936926,642.3678097963776
23.620372911684985,23.27844982113069,0.7645740606497924,469.6174159539351
22.56166084233174,32.16752732911209,0.7973167905210775,419.48219252074955
26.027502244081386,41.33938575912333,0.7061393421400163,666.4045248859852
33.48638666679602,36.82507334561078,0.8267605628461817,218.82702578676555
19.29742506101137,31.645021810916095,0.9364125101737545,814.309458393928
24.99291480904568,51.32018095219941,0.7139793185893855,949.9775531255137
36.58889318312879,46.977334386159384,0.8727978791083525,336.49241843082615
27.770698236273894,54.768849831508575,0.7479747548892893,769.6095406772581
38.38511714470729,44.724228845051584,0.7177765896796707,107.97795455854491
30.722509244813327,35.952997702105876,0.893882412609421,82.62306324507634
11.082338726119676,48.19767818002319,0.8723262433681223,377.3284374982521
30.998708205844416,21.954955564256082,0.7547364197299191,642.084486420589
30.54164376046312,39.80939703228768,0.8401550302003806,409.99582230123343
3.740893260869534,32.79062478893969,0.9318982786836565,228.7791654323516
15.117739295844977,50.30264088104505,0.7191938608411363,307.5557859041174
29.11291553492323,15.685306635222371,0.8195898242387112,56.500970425440826
28.99643631336918,10.83786727837051,0.7074460706849003,459.35039499534133
9.25489270683335,24.517069847606653,0.7952932744521554,403.1683758969172
22.99298951285533,45.58293305929217,0.8622859601688913,304.562613663197
32.42140408128988,25.193767231281818,0.9429298070224472,563.9819428560922
23.206225745647906,41.21517307286227,0.8996885436694675,412.95332019959096
5.238831670944709,57.37432725831002,0.7126043436896997,76.30546114630565
32.730519504467914,49.240121272520376,0.8019436222199507,258.5710619627127
0.0,54.78217038715852,0.8219234349640117,908.4581004964978
20.83799124438551,20.637292438938914,0.8613927294554193,924.0258097766526
0.0,11.48251620088805,0.7745194939566711,673.6958724641242
32.578926730303806,20.849871057087693,0.7340155188985199,952.1404146203548
12.450341566724838,19.413790522740623,0.7488281470062673,314.4293114443086
10.29685277355211,29.923040266385126,0.7544951703700569,777.9303627577374
39.78703252634069,47.63708644896164,0.9254275189540687,917.2550477640177
29.586339648650352,14.853239792953774,0.9184884349042748,240.34675724491927
32.31319550679117,28.45372432957345,0.8758944277092382,542.5320216911932
11.391754987344333,49.12239390669477,0.7685037322044338,624.4157108131916
10.075913101246574,35.92923744917179,0.8856966264027706,98.4033233274258
29.687941246441028,57.71108029809345,0.7513179805549037,510.4081103210361
13.65356491219542,47.28774701383662,0.8747394257564713,573.8453190782257
0.0,29.091943939314888,0.7045353935636438,507.1245216918859
31.203644407406344,5.6133072139973095,0.7877255705570085,419.3337105724372
38.017219841737614,13.771464958602305,0.8498190067225077,297.0273011681418
12.11006434706257,50.084538522757924,0.8004689628159043,443.757751396276
17.38223189818556,32.46971140765337,0.8799617061147023,322.07219543660426
31.29575065419743,47.66358912706431,0.7336008634570552,812.942423445774
35.8485534458772,46.43777250022598,0.7296036682266579,553.0761188010717
0.0,9.710324036213969,0.9025252369779666,41.02503020499757
0.0,52.24881345924135,0.9092600097662522,280.2532580836462
17.533722046531686,55.95036614842585,0.9453961983745653,905.3625309781128
35.17230528300346,55.074973014922946,0.92381585639402,351.3414760616519
18.57828418199308,52.13688974944918,0.8322764301301593,401.8208211722257
0.0,22.010588413069925,0.7696346201210196,635.3491568935516
0.9024530411103207,12.584706652276726,0.7169616799269144,73.48637320447061
0.0,27.41110449760282,0.764071689442666,162.21069359486637
27.21699623696321,50.98082500324571,0.9305372696346046,40.80899075506057
19.960043283343815,46.65830201481377,0.7378914518634929,716.3970764975682
1.1017813434030865,32.12018790577626,0.7589649748015452,661.823512794958
15.552999266744587,40.77109027129151,0.8411118343968398,823.9774164376284
17.686347894129582,34.86130728882408,0.8713818906096402,191.82408036576174
0.0,50.81470446193967,0.9414829188498246,297.50829842924014
4.302214890850671,48.10240440871241,0.8144719149107954,485.3733858904241
18.97891109656426,36.919871851613514,0.7656751447862472,655.6959853519968
9.938479928621165,34.35291964544906,0.9196836380111423,753.5600966973283
22.095411106801112,33.724702615340185,0.8617864151942994,848.5196203326319
39.62929222703581,58.664550489548745,0.9046998785832447,310.64091203498015
15.168634408302454,7.188246871474194,0.9082354429223722,768.4327760023243
17.88995670489113,55.809470952563196,0.9497299201767334,961.6777551508063
14.834531447995468,42.389953576535895,0.8061861825420555,438.84786038677
33.866255940774586,44.16221888729962,0.7487108634263303,130.27398743114804
0.0,7.312090215907193,0.7211692392320702,167.8687791873918
31.17597707075657,18.230248965589425,0.8861310569405204,812.1608908417234
6.9823964023454375,55.569669143956,0.7351765153170393,803.5566327424513
20.348495956166907,25.94085535784937,0.9236573217390278,410.010010664691
21.9256520034332,39.069361170182454,0.7307462163861609,385.2384383249406
20.513258926959217,27.9422603226517,0.733169663268443,906.2219002692033
23.13452904402379,52.06224698770785,0.7957286997306933,149.1288432854131
3.6436288730429705,43.15171807501252,0.9407662423096088,62.58133241311061
18.558766214298288,45.00320150248126,0.7139442933743891,208.5893512591375
0.0,57.015145889886554,0.9072633267571394,55.07717487077013
38.39605838894657,47.777456335811536,0.9100138455196868,459.45171742541254
17.84842785429541,54.708164300940425,0.834704250497383,775.3252793058734
26.020874456716378,48.93319296382168,0.718087459333641,384.9110172701007
8.73688772231582,38.92559600723651,0.8833946906146203,735.5453613605575
28.365561900514606,17.869714289905613,0.7658456141925425,905.2571572310434
14.796219908845348,56.2528778336126,0.8322058985060111,911.8967843832029
37.464425729316396,18.418675209065377,0.9394988303800191,822.0132173858203
0.0,55.3448879307048,0.8549180099934176,388.16405102992724
15.339366657728894,24.208705303536505,0.8490027736826766,184.5672038862474
29.07120961117562,18.750239489276854,0.8839803900514848,757.6219843316605
2.342631263539194,58.38589417645216,0.8860247668958866,243.14486607726448
22.995064185001887,13.427396639454726,0.9296067597926273,390.8353998469486
0.0,41.17451126711818,0.848168046210006,794.1952491787436
20.574363022885848,18.160942258277476,0.7760302116351905,146.08497828823684
16.780123785799123,36.413716478104085,0.7558791105581539,837.8299149751992
20.263289705659705,6.084369735160594,0.7740504376116915,182.1458779849023
16.510950339429296,6.9037825283350625,0.8827544625980266,992.4875995574489
2.9916151520691154,56.87288432850113,0.9052261499097685,122.54041038874203
32.36774309566122,12.924447644291698,0.9378922186500378,421.6754353323871
22.58609351836475,27.881692530359718,0.8471067467140124,721.4719555820051
12.731201712256983,15.609129801236273,0.7864402081089422,661.5085854102638
38.21375833413216,59.490123300315325,0.8707545761619978,866.3617630880711
18.444114733484756,20.024733821893882,0.7369933503030077,495.1418114348435
34.41701273391254,42.46730729532492,0.936029628587742,887.4042741786368
9.417446926841283,21.420873457766948,0.7063768943823783,900.4787806896232
11.521088230198272,15.508455965966723,0.7369062917172178,412.9320671890704
33.94986171732887,55.6531756798404,0.9240937388192655,110.00279028591834
36.36120949581566,25.894604190860402,0.7318790649306337,953.0198801379136
33.03350007251691,19.19234647148503,0.9090891607388776,321.1881087368317
0.0,19.736121104282248,0.8471099455052256,62.257344800465866
23.554696436596434,14.939680703309797,0.8624780307352192,568.005417849142
12.515256084737906,51.60530351810229,0.9326403369440133,833.6472742415239
38.42815815171007,16.827084548771868,0.7832861277113123,178.64352773956253
29.659224550966,39.952989844080356,0.7513432364714261,902.0276552756309
23.745270266859013,24.340838156418187,0.7765101858348256,522.3886698567528
8.918779829406075,38.96129687998069,0.9083783424387202,986.2058479319151
18.255641434008666,45.13959293598941,0.7245713915686087,701.164640282835
32.939028759852135,31.23301489787766,0.9259795568420254,883.81320842485
7.220038893806414,12.98562326695417,0.8538154597117312,710.4315017678159
33.43145047062631,27.3403577603648,0.8722150647238982,298.4081042269208
0.0,25.76994392912958,0.803441260028811,802.9309632917895
4.2102510947322225,36.70399896998556,0.8115555360512576,593.6746339328133
22.979341492464627,13.939824372172286,0.9212596481284893,990.8887468188434
12.239653789779597,40.82824173871104,0.8757143856114823,865.0099073348125
12.21375811504494,46.868794947039184,0.7356323342155061,376.17190345754545
0.0,25.336207826651954,0.753555816826457,50.286427049539064
34.88279697479417,54.083305157634584,0.8180341866559553,963.4539562872693
25.520330487892267,19.16181544525581,0.8441165537539781,101.55814358535046
5.60253196179918,40.110387883843984,0.8075496725229466,575.8974616830207
31.48605342853194,18.473341382737843,0.8868593410331645,158.20565241597447
39.82306935370145,15.865267166396471,0.7060975288133514,483.86228394113124
11.45900206928982,49.233448259120195,0.7488452246047642,470.177221137586
21.91777626776158,44.705764963751434,0.9072256381151576,99.35105582707297
27.505709247369754,45.99703357233647,0.9289018187503802,80.87623787114097
36.94959568953949,29.651483559378484,0.7145236141164261,455.44629038720416
5.729497172652101,6.240068997251421,0.8265930154172777,879.8350310831345
36.68737091796277,10.700974657789768,0.9118602675354743,746.7463567321798
0.0,49.96585194855206,0.8077731084064922,370.5061975992129
0.0,41.532175333726244,0.7946144907120068,987.8245693360101
26.38275900426874,10.345583000433031,0.9011195644590612,327.95562979825144
14.442280356784218,59.40676853243015,0.736158370801577,817.9492166452723
2.0198178591463813,7.46817888517754,0.8621746933339532,777.5707034542556
13.776592876741457,51.10615993774517,0.7234450583746338,526.2807180785824
25.2895110223221,28.4053201353444,0.9418410112980586,733.5864595066539
38.043165228304915,56.12238401918181,0.91444326381471,207.52477649987955
17.117244616115872,8.7622551184392,0.7315901340842732,458.20549214725486
5.104576712451931,47.424371806505036,0.7766271185249578,246.1310563768326
33.31037805424178,25.66149863053985,0.9334246394160606,752.7824627347385
26.82318898191072,44.25660528944221,0.8163421821064041,446.2334379479609
30.80100334569232,44.2745686065143,0.8140403757970641,373.3336065998867
21.06921531925323,15.557798452278666,0.8473253578772834,950.9660934077023
22.65117343457962,6.090398222382233,0.7789652626274406,718.5405035527399
31.236471047319707,24.821712315730217,0.9229339112498641,615.5541295922403
31.98963397067492,55.86640439727654,0.8333980708249764,404.065262971882
39.21661653138372,10.857835177999053,0.8029315114174491,389.2741882516513
30.16156164294956,52.31032365025722,0.7037634382569085,926.7643477737339
12.175561868263895,18.633661952565706,0.8669361983466517,444.2325299074622
36.760063393125094,9.5309743167597,0.9313970686679186,185.97133210720574
0.0,33.69113793273697,0.7751657898979294,579.9719345867733
32.47314067220099,8.312113905693458,0.7536941254475111,199.69487681124775
20.013542971764704,22.802313826187444,0.8015428286930802,687.8817082026645
3.039426829474364,41.308260835357736,0.8899163725691526,532.7999477741103
26.306045576051567,46.11554978324817,0.8009529678302003,246.58124734665859
36.938262252128226,22.527344750324882,0.7242980338600942,46.49533467913251
29.136184043228432,23.02489029625971,0.925574074970871,302.96362637166953
0.0,15.23267526920979,0.7952999983328068,381.56458448691455
13.537307861291742,31.018242245687233,0.8338286446420479,60.157433549442665
18.80464487530014,40.494972032257834,0.8244510872098736,285.8661423727096
7.606420271593893,50.91895988856523,0.8283553841600175,801.0375117787936
27.66699227377231,57.505062449881535,0.8404734138867311,796.3347292890766
20.246205717029447,26.761478628310236,0.7646665901735474,99.68329870093112
36.644260477458445,42.898652769874644,0.8454931380444425,100.65497201780542
29.704665901485292,45.4135433789192,0.8591285129982384,374.2735607524896
18.45654246043433,43.48062116959484,0.8263545957121596,245.97575435628957
24.610987751479023,24.912486218861154,0.9340150603942035,187.07135732958244
30.129417017486706,59.684054538067315,0.7476354852496955,521.1845937234527
35.39533858154299,19.068616909714518,0.8999710508306276,421.8781136036723
17.71683844921571,55.895465066723055,0.913693288318546,817.3379098635411
26.769325994292696,6.056732678171198,0.9160670264999557,883.4485202255858
11.652281863834663,42.445750427761084,0.8284365123176751,336.09042564635394
6.045046841270423,8.990614879818747,0.8388616801265194,132.44302054187722
3.350790149330979,46.10583388643041,0.864063976160084,244.68459339101122
16.497563281717515,19.88418975941338,0.9122985854020638,541.1921291080109
3.5220026372049027,15.656320601440402,0.9494730389217698,310.4634572015055
23.760893197285988,38.180724467656574,0.7711714419445791,826.5167048853373
19.596151677721128,54.590504824668955,0.7478949408866178,371.01815916209836
21.556987815205044,18.832246090040805,0.7566772041165443,560.1699906807331
37.89232346433189,22.33119257695882,0.8261179270340965,327.01744809743917
33.12259668931029,48.71271265526082,0.8714491752938206,754.0261789776711
9.3798131993433,46.16539214809127,0.7730558575313695,281.54447084501334
26.615007060927127,15.693116692352122,0.7617719095941436,920.5460965432078
34.71977910685226,57.85949281951653,0.8048654081350611,64.259441010806
0.0,58.47469409452367,0.7855533981850896,181.89823685633513
16.672253507098173,23.424241021566722,0.8470293188319955,474.30265083928407
0.0,21.04051397246448,0.8240566305193023,320.7521007062043
0.18216567187523974,48.066987361019024,0.7378170314356345,264.4271673884936
33.00985411900622,16.102292271455045,0.9151092141318796,167.56039416639464
28.441053876499485,6.606280854383227,0.9321755575691038,571.1341157117088
7.142761810424992,30.722466752502598,0.9007230500207556,961.306964767334
10.155843131841475,29.31823488334411,0.7509420335974205,93.40830207008838
30.717865196876115,40.59249975194357,0.8622006213933318,455.66250028058687
1.5758947007857416,17.939023631655385,0.9010972554896431,808.3861188414
0.0,28.040758094365845,0.7536856329100323,356.9818867858029
29.07537092120905,8.493370461231935,0.8593577847538916,618.4402925127862
26.305718107009014,45.45463299452157,0.7136950728901421,334.55262203835895
16.844201199305555,35.45237024142365,0.8591127010473838,80.39292744106248
12.553170691941913,27.64413967733265,0.7856668494549994,294.2116334516581
18.541006463876986,18.15314974418373,0.7218087132721905,556.1790813961067
10.968441718732016,5.556121370934119,0.738633289967592,346.94996620224356
24.21276928677707,57.910953682227635,0.9166942656483799,474.80810239023805
0.0,23.207772932369373,0.777568285361446,128.24079892553894
5.685048872574052,19.50866583561517,0.7277492077096659,983.4736998600752
12.284802989540005,57.5793551852954,0.7064038942548208,765.5925825844321
10.508038964865035,31.55167887617755,0.7069929673245539,954.5037217370195
5.56806389939198,28.983615938864148,0.8076417875561296,847.4341884838473
31.991411579763696,20.176312179023185,0.9284665458849779,875.9197423600355
38.08641562028952,28.58725008318538,0.9354558605275776,214.2220988928031
28.958956749419993,36.67742185167949,0.7604728049018723,277.04953128767625
12.416860686253479,55.04806142824415,0.9439798304070288,721.0708100981751
1.02000992228178,46.6746879033064,0.8991836456070381,606.8686670137837
4.350669545005667,12.910304140446396,0.8500606852347448,696.5076218044439
33.99032169856219,57.8581457042975,0.7374253202942388,819.5688366943515
0.0,11.108507922635859,0.777709376734957,79.64466148558543
6.978168297777352,35.02539935088034,0.8305074595687589,131.4964057143531
10.720403419173303,52.889010901294625,0.9095264426189845,177.17192606162953
35.82480930643275,32.88783495415289,0.8770693196233168,338.0107574869286
36.49060753179308,51.07664996400899,0.8673512763987407,159.38272215011224
22.099963581285085,50.66942137156263,0.7524244558077043,992.7374338505176
28.409689478002512,41.17317592386819,0.9266286912925006,216.00967456787248
27.68458517723911,22.186581697776486,0.8013911323362155,587.9808245890601
2.8631428932474554,44.315393326149646,0.8774944167385067,681.7178884223941
18.27919251723958,7.953267095243811,0.7212705222667715,512.4630503154908
18.193545660159213,13.893321367813382,0.9214351744885199,82.19614780094233
0.0,53.090482097697695,0.769913438755407,545.7889026841644
10.678940498292231,7.398483025064065,0.7078498847562816,428.7011395759774
17.16760078525806,8.172128849125041,0.8921761349238213,787.5485991607486
17.155132381157294,46.4622666788688,0.9118523001283457,864.3090490478146
21.219140819761968,38.38136292382779,0.762510351213745,942.0591812947705
0.0,20.185576368259248,0.8828082235163222,600.5542349685345
33.80691750098828,35.020700250526666,0.8588371966789841,676.3281640560882
39.70940931131364,15.697561460918303,0.9392264093135774,574.1054450962923
11.462053105786262,25.012310630272182,0.8687740773255259,502.9841759298581
8.750078587181406,54.79841271497765,0.9454194808820476,330.27967780023806
18.624636955076888,43.19525983231524,0.858095876339625,837.2928127995242
11.918784711432902,54.90178766264389,0.8532266985436842,580.9494645452243
29.856279355519767,36.518021911303215,0.8951774271694597,320.5305623156266
11.266788775286752,32.736852773450295,0.7515722704719576,306.4523491787163
34.5897983746873,39.862582461992176,0.7531482365702815,116.66351657651776
27.260424519153332,20.962405529481977,0.7162309317675207,959.0661913476633
0.0,39.56014606892426,0.9212690234499938,628.838652491247
25.69320120272047,5.454768832758777,0.7437009379296061,994.786903192336
0.0,49.74957048394869,0.8439227160415975,758.9717693449377
0.0,49.799929536372005,0.7838867996800992,310.54967872972617
25.251050151075155,44.859475254608995,0.7381013876227249,914.060262627137
9.185476000702232,56.54838717256431,0.7629368495346369,214.01593469898816
23.978722218446322,46.165206703520134,0.9399997559077385,958.3326782475837
13.567883237783116,34.722549309722005,0.9449990023161963,749.2175784396653
0.0,41.957320743668106,0.8696433635330889,935.9793627647911
11.010057048122945,11.928670189524468,0.8079161607943264,724.2966928956944
38.21313513239521,35.52717186046081,0.7580255041085047,525.2778256644053
0.4280034010674002,46.48529325929239,0.839002903197819,995.3315728956737
4.804638084961873,38.77274357623129,0.8293848836981785,642.4306805823416
28.475968350910144,42.71558448810803,0.7600068739772812,948.7495707306538
22.72651709877162,30.35963809507671,0.8658093785276859,650.5118007931046
33.18450341714639,17.773817346155557,0.7111942412521037,465.37480487212764
13.589335640538051,52.455239831842874,0.7673045583504242,491.5248594955701
0.0,27.023124172543973,0.7942935012883706,207.92861941998143
39.41740584598687,43.16357453683958,0.8465281359622618,190.25339911880593
39.60841247079671,24.901612866531572,0.8310216095690441,966.2388041511216
18.958613157028424,15.306794921512848,0.8338050513879767,77.95606765754165
3.6651420529540406,11.408509922646873,0.8451241439753832,678.1459596512277
0.0,8.25326173451876,0.929270621594336,974.7773432295105
24.30594762117018,38.534469923102215,0.8637997497251046,240.0895360376129
35.54242309311694,46.04524493141744,0.7359563256198007,42.184981353150555
15.8879011477455,46.81722195884133,0.894525721432052,798.8947608709852
18.01255639527077,50.312377990760574,0.9172560811124928,217.82425511890438
39.49405437935828,59.3965742272977,0.9181435161131442,387.57675538857677
8.763017731289741,30.88485557724367,0.9256618740233047,71.31555125388815
0.0,48.37555518477541,0.8279303886556446,453.5035571447336
29.115380689431422,28.607681590092355,0.8496731350805894,694.1845589327286
12.4242044924389,35.25848553621,0.8667600838898213,747.5150248629975
30.020288157105973,33.29190763058301,0.7319445392164382,328.09370197158364
0.0,16.75736607073391,0.8587104019516635,934.1344406494499
0.0,48.89877613801298,0.8496314857965106,753.3665536303089
19.1165137372463,32.347002302286526,0.9081224355773494,776.0658854988801
1.5860531453195879,36.48577029186899,0.8877596588756635,176.44309810652987
22.185675247976377,55.13009740440098,0.7894508211220448,679.2585231065708
29.799231548337268,57.88163431592643,0.9249141708414261,704.8639513796413
14.534104942755825,43.42421288578912,0.9175315076231243,484.9684584702308
35.89331399480001,54.487567850031944,0.8476364993865209,207.4914128371542
15.844263094265457,29.305518360477976,0.7657920567883848,184.93413228639048
2.1029365411174465,28.79057174466424,0.836808867707552,850.2396143440556
35.51318720003372,30.545078197726898,0.8286928597896364,188.50707696636215
0.0,49.44908033027173,0.8418951627676351,931.8960406922531
10.226174826558696,5.4711062492657945,0.8301220212036626,793.6439979948402
24.647358815437954,31.94422734278157,0.805852917223174,137.59910468689253
38.89456317856639,58.02506752669283,0.7608838009704615,323.96906580574716
35.66909343900983,57.64834136535726,0.8958050789893857,303.37675372106486
24.327437638656093,33.753644445161115,0.7043216855245159,412.1801253874232
14.095380310511889,20.651829101545665,0.7708020592517362,668.6940838267128
11.083376889894954,31.000232466820083,0.8041718047855092,791.6422067598453
2.418112326214846,44.26641395442218,0.9121181238554933,619.2002223891451
24.60955210472032,8.610212563367682,0.7215002055084532,527.1404307477314
13.826019591231198,40.33326954629138,0.8845596347205192,999.2163875422281
34.30491338855849,44.51673312729442,0.8415565207684025,190.40988699600842
4.081675460933813,59.87750213808727,0.9375168535889137,510.54025643453156
0.0,35.391604995050066,0.9482767449537107,198.32695668630066
9.809379393258926,9.455252853725584,0.8962254469214251,274.2031796022806
0.0,25.46767303138115,0.7757850757965284,713.7041203869996
16.3784439937052,29.547341430338832,0.8845515764221245,469.1947439088679
37.464283347598005,52.809280485552755,0.9107037507292804,896.4432094037735
13.976426795838421,12.698518144230134,0.7395535696683101,406.40429958016074
32.60313911462171,20.439819399328755,0.891652126754805,107.60830357299326
24.281530865866632,6.338089091587296,0.9407484260905056,953.274124747297
1.587693229622354,49.79680018194922,0.8994878026952967,362.90898386642857
0.0,44.55171472180395,0.7690930560948612,445.0217783752893
5.103006097797176,26.84998015855711,0.7610862865725745,782.2481272887046
38.25391316514912,40.00463617742044,0.9231321088096667,588.2030927196503
5.96618201475864,22.836889462862064,0.7855128935124333,560.2857323193263
30.388927648988712,57.99383043478509,0.8801822821962025,78.24597344326669
33.409271038858435,36.483529788311,0.7888172783033393,902.5963401422632
20.023836790574173,58.51874919753564,0.9359284421571643,820.5323262921767
0.26727200343703345,12.188863831364992,0.9112628204043779,198.38568266172987
7.3123919777016475,23.73212565396656,0.8102293207858017,502.8036810751342
0.0,39.48872563105587,0.7313825608125364,280.58458946578975
0.0,19.325266549534245,0.7123282845033155,230.19093268867593
12.90618464667412,54.53150628862673,0.8538566198461605,388.46365021003703
5.183996078508034,24.783267427247228,0.890615492742702,60.402381109845074
4.383515071441673,10.447046201134595,0.8257007143263178,326.60411622915524
18.632162860589577,51.64801056612451,0.7998279039745382,403.3220328879602
16.545590386761305,9.375460073281662,0.870821783184009,219.05537945468035
36.47264316695286,5.861063250999945,0.7187619225075381,957.283038715652
35.56478837835379,31.699402044659692,0.8075271356865555,424.9236802275777
6.018043576100968,33.21922620631768,0.8476862443018632,631.6725846601462
0.40800049925840315,15.8179928669969,0.8845338543269565,837.1586534727132
37.22046452931001,46.72400394446402,0.7851879088203376,40.57105901365432
35.01103630213214,30.4963660735966,0.7446252554940695,951.1256149328387
30.20708569013832,56.473430710894675,0.8515820962499986,364.5523709690735
32.504052065167286,28.639033930105533,0.8539202826130919,504.98254533528984
26.624728669024307,46.93546920412392,0.7832944376112594,153.99253647785582
3.103362424460337,43.997224094166675,0.8815947795185184,284.55719203927293
0.0,52.966537556890096,0.9150949533574861,155.51834127289965
30.116631468270086,11.858449602045425,0.7304304817883667,736.6048473325171
37.06080108580714,7.3092991792516075,0.8091891291945807,870.0182273549777
0.0,41.77313095016651,0.7011190916404592,866.1398052340977
37.68814887022629,21.26956622334216,0.9278650804174394,840.1603340389752
0.0,16.466769805853907,0.864941224494828,990.4230887325006
6.252058757240147,25.136454564329703,0.7376243055244222,152.289027785014
18.80466373312647,55.83441280987769,0.7616141888773792,942.4876363966424
3.058868748795861,18.856169934641382,0.8318781003143487,321.7872206301414
18.523528846695797,29.107663225807205,0.782651908980066,301.0381876952385
39.34482431471659,23.38390105950155,0.9454187951498315,690.1441288761081
17.328637964416213,51.04786883862389,0.8384368237098047,597.2046218378662
4.628879901358679,28.612696349079343,0.926952137044113,83.37347538955505
4.690616732014322,31.09993544453033,0.9250553339869847,281.85004017597475
37.81105955700377,44.19096781660035,0.7764825906040105,875.5537155813486
7.685287926203987,8.823881733094693,0.7026778423071615,140.8196987360303
28.610418013832486,58.649617159773506,0.8773494119121026,781.4182225409793
22.219503751618824,7.356336585265763,0.8827014508202338,733.75615625505
13.444767361539864,51.49373722661055,0.8147385562410179,176.88111519234974
13.316956798546915,32.65633830718616,0.7769635927676145,118.6207810037137
13.340724953641269,56.946049824761374,0.7737339540415928,681.307866648886
35.449957030431435,42.3712368242974,0.7115344063959401,649.9563577385244
11.317722810974201,26.526980657530363,0.752056571000626,339.33715967780915
14.192163953786798,18.59792883860373,0.8402581198727322,477.1357479732416
10.358835575564108,32.24033373853421,0.835812251471481,188.58763401034767
35.39736005274795,27.162918490014277,0.7963966654263327,52.20697175023215
18.40729399548272,12.662627698032237,0.7018679402400476,571.4861828108136
17.044916599238608,11.833219830229115,0.9202570288965115,84.42704295531573
27.382787960811648,50.626324775329465,0.846798711649039,125.61445165525922
15.421281018627225,13.486936623186736,0.7268601927453101,325.55586400564385
15.08630885716018,9.860429135487806,0.8915490118245623,753.8369421544378
0.0,18.86237201860806,0.8159803837264368,402.0074355013822
32.13135014610862,58.90406639076581,0.9396192741800328,168.61036205481884
29.270712816044814,51.255395378532704,0.8966322936147646,351.8989616458702
4.579822068911703,32.896046520568056,0.8803325233997176,219.80946462503354
31.347871052570497,10.65982247925271,0.745671932606115,988.8160733277128
6.748692395142097,59.01140973175917,0.7394271445355861,471.4759040159063
19.154371877350304,41.67895512368293,0.7144223550163612,235.15482514752247
2.1755805887176454,5.310548521052581,0.7518288117729662,503.6912523246535
15.780693841621902,14.486305441852009,0.8136400198287764,222.61664441856828
12.632316550775318,58.16919791587001,0.8753502782141039,231.74609886391232
26.11366270068844,51.645399844848335,0.9427183997611011,607.703349470737
37.297286305348145,7.640214180069683,0.8982505657917375,298.2247381498577
18.445035332459533,12.339915591135242,0.9110476842641038,664.2744957426021
36.03627568029846,51.61626056612866,0.7074198177353322,281.4772907580862
4.564549936870375,17.61944505049444,0.8957534334395036,714.1740923812945
3.4938901674667577,20.553751481101454,0.8097582050180598,216.5895131676263
18.46918107933313,33.983977489313226,0.703754386418541,431.12457302064047
36.13150751719798,38.730842812244155,0.8121495555515663,567.4287881730934
24.90028145769013,6.7698989436811425,0.8730724880526155,490.1660263463596
5.823144137239684,10.980675176346011,0.8008952546102537,359.8253331105965
4.335029783591432,10.036960930837013,0.8191992532149511,485.66488126836947
36.98407312889318,49.04183256776104,0.7195259248295982,190.98089007792882
20.75926826478186,27.430431669329543,0.945427832931746,101.35137362489954
0.0,9.633453464962455,0.8356258094772434,192.2578152704877
0.6069531773540104,48.46167703559296,0.7801995656106953,482.9139564101606
14.50720701831803,11.22193313357919,0.7259621794160184,344.4493970208736
20.323673690428567,53.682177639688476,0.7037358574074809,182.18258663348644
29.36244876418014,46.221378216098024,0.8959381127866425,779.6905726822047
0.0,11.770416234884122,0.9344264169832133,519.1383896033041
21.545925836318368,49.956645097862975,0.8245392344003059,577.4088652083464
29.288219589760665,8.782209761913037,0.8287250829202855,537.2836963230428
17.369178816191937,17.396849404598125,0.8928559899837273,316.36594564759963
11.488867881364156,21.746374974684294,0.7249813345565727,90.19517465425395
38.4067482550326,23.68985610504094,0.7530435439279304,627.4826845961775
12.01572980800497,52.33915665299417,0.7153131821029692,85.14932920976489
11.44522381148192,52.791421628084684,0.7541089924113993,535.6370003972017
35.31804027556736,45.36001447972336,0.8199433588762345,293.95816898689503
3.5250228326659796,5.227846004414426,0.8293037463457702,803.3324189481208
13.997362026622623,14.235160438153528,0.8313234784325056,129.50692871787393
35.69232606366997,42.78092039937591,0.728279767346339,909.3826701004773
0.3661747039049831,37.703386673092645,0.8194081154327586,744.6571511037928
11.938966250432557,45.22341507305417,0.8650378877429019,454.7752740478147
16.658000089988054,29.322154138895414,0.7795206063322557,186.2028144695443
26.84764891047112,31.97249510401418,0.7198861326616002,663.2360779827933
34.12298360387282,36.54912800379209,0.8579500658892615,726.914697086088
38.021368644438056,8.792715249213417,0.9224523946329655,190.71547243154495
20.6028022025676,6.670046395383413,0.9121182251332924,935.6575735934963
28.7146170038154,47.43395852982007,0.8113853952017102,674.1025857842029
18.08390678692527,38.51163157037206,0.9050799658424482,928.357560965416
0.0,20.26153941529258,0.8224863962807613,457.2672371850884
0.0,45.21615742031695,0.8422375528393836,59.64681917011074
0.0,24.670521420071502,0.7326898958757015,376.43385141040807
10.530723659448125,38.2494957635271,0.7018239827714823,159.4541090586483
34.234040054854205,44.198359775381924,0.7114810788018956,141.31884500177853
21.067015349758112,29.636861095262127,0.805977836812986,347.2642439648813
2.629059273127469,51.380730104580564,0.9027567481112845,877.9023615289042
11.746929030012348,40.48291288640424,0.8094546647712991,318.7601795478658
37.67876230239115,31.843207311103107,0.7461908585912481,266.28352392257483
5.719635507922103,36.59339132605844,0.9088226256496948,506.8553406532273
4.928341813428613,43.191213554918505,0.825563557117922,803.2336409029818
21.253964187728176,55.616503904574,0.8248743240384164,428.09455586757826
8.605583447604012,17.507434104464462,0.7320305835926622,163.2134216513813
36.33341744240198,31.320667005048087,0.7767845345208954,167.85940869022542
0.0,27.126691148833316,0.86241731731359,881.722349327282
0.0,16.061505167895188,0.807644317946578,296.9649867728586
22.2151955196909,49.499603613763796,0.7032463764327481,248.06679683507798
37.380390175559604,57.79081560016748,0.9408119170430729,233.98379746907577
31.96252085551857,13.199268906998151,0.9472659985652672,407.56399967712235
22.271567684205912,44.23601569991924,0.8834922958709319,245.09379090559676
35.6387154387589,24.556997878150337,0.8383080797914988,326.9996939809239
5.117253930983327,10.99131185614414,0.8338635384646771,153.1115820323025
0.0,37.59542041246623,0.7761445414648365,55.30014408309899
0.0,25.79254739986196,0.9083800877444279,916.4969437615588
10.944575785900344,23.704494051713716,0.7676755421018241,733.9659627017816
20.120206039760486,18.572022226917582,0.7980421290212383,191.9357950982432
6.947228803545214,28.608431929749166,0.7942270612961565,659.9664426970729
30.37593353224401,39.82875117019831,0.9099260788226287,399.4310937310193
34.3759397100703,37.622713256262536,0.8405436528682253,984.5083976088143
25.08457205361884,11.415201949306896,0.8079615951446654,980.8812143098304
2.8253201938090506,37.43721595466726,0.7749396873553704,264.0144142572641
23.320985115416562,19.34079220614313,0.827822271431153,293.35526959885766
39.955093429838165,58.80500015608047,0.9010783260689469,228.60441852551472
18.22520305521436,32.121534542053425,0.7876506540595776,373.68716441099826
11.793909688271443,43.15268363825203,0.9435931658959877,314.54095896803534
21.151429614812756,17.10694400465386,0.8429491623274514,441.9679994284951
9.567128218386264,32.63563802342913,0.8652274183769205,487.45556401802645
30.97723801452103,45.0977177607074,0.817621855459495,685.8053249689277
12.736531007917876,52.54090520708941,0.9011368073907122,721.6864285266553
23.209492233997747,18.679423096624173,0.8251269836423304,123.99778853737367
0.0,29.51127408066493,0.7286958004931827,839.1850629645518
0.0,37.69898464739921,0.7511465194369209,955.9390305942441
27.89406096714055,48.3229193588385,0.7034468136641338,279.92854231662494
30.07463760674805,34.75024464163988,0.7799279201965803,895.7771887830129
19.71298882416061,18.68126543324231,0.786490565635386,920.8076078868372
0.0,38.45902842775749,0.8148051449863295,395.7490053759464
16.767996125908436,39.72979039350419,0.7688312319224595,246.05167088028145
11.237749809093001,10.251590782404872,0.7368424856943196,786.7914875490034
19.731045935890617,5.045096920798814,0.8879762655271882,731.9973608316662
30.67710920729959,13.771632064381743,0.7111713345160707,292.20455074671526
2.310101910893272,8.375554813395448,0.7127628492998748,135.58488424538862
0.0,10.90313785517239,0.8584229926093805,561.4782799074495
28.174727078035286,54.38040240792296,0.8300307241959665,80.71451541340956
12.21179990820725,15.305824752669649,0.8515230904334291,231.68272982875237
11.089097076729466,15.093662470834845,0.9202605983349089,408.5159828721766
13.14942379012704,11.137647879321907,0.7903085949151308,428.29196136027934
27.715872654108964,54.48399212827637,0.9273003633764643,289.2651661493399
3.9017517051530195,56.94439386090397,0.8129431305895592,759.7745542633086
12.64366539409488,7.496821039208659,0.7632051157483621,221.28203505781002
0.0,46.14877108596231,0.867654900649218,583.08631666568
23.47129390456933,8.405748211151819,0.8245027247370131,332.18013869763274
18.47089652595774,56.22814482765793,0.7631565913460097,807.4415011426024
0.0,48.77628291914908,0.7265487440853813,871.9433246356814
28.021941086607846,13.229703360622693,0.8700409469381278,535.9131326366071
35.180182854258135,11.361870644061307,0.778687657812534,986.7067451518689
14.027447451014993,34.72716387903164,0.7929466629838755,593.418280867357
0.0,38.842469115970374,0.7451760596853094,611.6668272506218
5.8726113256894665,38.21204457433352,0.916237326584388,692.9649095538803
15.484670911084498,14.648601691783139,0.7606880871210844,439.2372106197855
12.084894163596312,53.37928609647615,0.8011621287932804,627.6268094226355
15.824037128374467,50.76051121921801,0.8782667533199074,368.1453851248936
1.1877836977086582,12.163078530155499,0.7009409485782925,725.0122734925751
14.415512148886469,12.693756959714431,0.9365721562235432,347.2827609914562
9.40558480821599,13.497827645839983,0.7382930646282613,923.9919799238046
15.645803848981124,19.651345174110784,0.9224393553887481,420.25813916300655
35.289211389359686,5.979451309789312,0.7624689405417777,767.4526462264598
31.662373674076953,57.78729644075377,0.946939059428035,465.26855593190317
15.709813611486158,47.742204200940364,0.7034299597280557,985.9473712727269
39.477794760126194,19.630867482224232,0.7828074117601225,702.9647490265829
27.429049989304822,59.570160763076835,0.9130599130401085,621.0716721979288
30.036424047806708,21.72737525812706,0.777967241286267,456.4833092535513
19.118581064967923,50.86014208009201,0.8182086326370865,564.1115315129298
22.513993867597993,42.57181850050725,0.858228006855078,702.7270010127935
19.459632868548994,58.0085418774815,0.789723281256288,597.2572103967259
11.284601412595508,6.054849249311443,0.8900958568273023,534.5422488425808
8.031225492073482,23.3541926905575,0.9171865213345808,797.8409893714207
36.884963918744816,36.96894064967765,0.9397016728240213,916.977230260896
15.59540737413379,48.81653824767723,0.78408852575872,490.6718268332403
13.106488768218401,55.362996879258255,0.7567868719767779,223.46563624807143
24.720134289306234,44.14983400856084,0.9197702793973029,609.8012049271655
27.980706492181014,13.522022552281122,0.9321209937675103,92.86630560268406
12.72467315034422,34.92601506785727,0.7963361119726018,53.81785054308349
24.083489228873024,13.994771099520335,0.8385018221986344,765.6408869455854
20.651450220687575,42.22303293268755,0.8757411631768951,551.5794553919714
5.373952209004774,18.465192751046008,0.8785892975954384,238.2378115683249
17.18335478024457,28.08974264498319,0.8763416494750027,630.2325239303574
13.788204276027235,30.35689103780796,0.8509156686575045,524.8960084646492
20.225726043694856,50.849176602952,0.9390658499744953,845.1940422233348
37.2447046985084,33.71730863119852,0.7937729590030572,465.973522890498
2.7932831923963817,27.9915408838428,0.8713542275797834,773.3163299190641
35.20149486266472,58.659209514842914,0.7403612451768624,718.0849668672581
1.221412359209487,32.14420563333523,0.8529395484149938,911.947454057399
38.54297415023326,39.34908772233698,0.7099929743000959,311.9681022642065
18.554673966957502,13.035809176442676,0.9372566003840191,273.9221714639388
4.41137249066486,57.10254845680838,0.8809225076940939,826.5748524045058
11.988070364269815,9.29146330594085,0.7594250942413401,455.79050532014804
31.19369381585173,17.545700574816454,0.9352010329735525,724.179973550293
35.67510918295151,59.44593856641876,0.8439188600871408,414.3626702890147
7.53666538779743,11.617291623550056,0.7297959646231394,958.5741594968599
32.35109628910701,40.744389906531545,0.7732027132264988,285.2725640842736
36.678100763173795,9.157070723319315,0.9159587459920747,337.89958536638517
0.0,30.73945446923756,0.7654220395051721,638.3061237734942
35.434660585754465,32.77316977197072,0.9443748149807204,156.99153212170626
0.4931014139720448,50.14839307151261,0.9122709806718551,318.4813144719478
19.469766880623208,40.406438307361185,0.7208912616613633,298.22620735403524
25.203189293873557,29.91004897350516,0.8513941174292516,920.8592572573325
24.89527637644445,12.635437723947183,0.7312369673419482,763.277113290044
0.29679138872988897,17.664195682878887,0.7779116239836454,219.62639140416118
6.863145195480007,12.009394215045466,0.711428278455065,486.1486901304564
0.0,52.03736438318216,0.8860699073676552,673.6463862860554
39.04402957775377,59.78416863486395,0.8821723882189846,404.0275445812183
16.91019058212068,53.01718473617685,0.9183672684926139,369.650885005276
5.606448403896791,28.274535816283823,0.9055627094159782,929.21200029813
1.0865538788652522,26.715930066317846,0.9178712662764956,308.6213291369977
4.150559840790566,14.014094099317674,0.8982484957032373,322.6686873450303
31.873838640610565,7.318762675291912,0.8288951773515285,74.07153074224205
21.556113676524788,6.10103349252045,0.7196199385400216,531.0418373792606
1.445535423869683,23.85228539843791,0.9387174639924839,104.67593113450465
37.94019358606099,41.02764919013061,0.890105843553131,588.5488268729276
9.39317083412999,34.96862225351012,0.8935168825935844,615.9702794077003
9.984021540413549,10.983528304092196,0.7444656120468994,743.8282017156226
19.01404682663605,36.252167808622744,0.8038686521308224,686.3901973055542
8.075420902212608,16.563053014389244,0.7770519191615903,360.237904163174
8.041480244490922,29.875096163245676,0.8948080561542799,708.6763128482709
6.741352778196821,48.87698986700993,0.7438312374319239,101.35687579537833
15.878684804477487,17.3637808050328,0.7700277352647237,913.2796309408985
24.40086554752035,22.657878284468826,0.7918859706235286,544.0478969866158
8.713752915958075,28.62391148558714,0.8807944311364436,754.0608865584791
16.47750784990641,54.900124504864046,0.8613407485974167,187.63566525647758
12.876844859003382,26.348323618602812,0.7534508591839284,838.1705398882792
17.002296415138595,58.99162461982218,0.887507194401503,360.1161863221636
0.0,9.927176575144248,0.8033788907701325,338.92133571190413
10.809835180861612,38.02152527380037,0.7652190449565826,799.441624782886
39.23450463229058,34.66751088466336,0.9036989642835895,71.05959767320265
10.336842121752204,19.371079737661734,0.7723810494212516,863.036337337502
1.7782395199343852,34.5035872219212,0.8553540737088767,270.9841615597134
5.466039559202192,45.66496457892491,0.7515137589223881,978.691324917339
26.000385810707918,46.26965645663285,0.8739973304216339,511.7872377745828
29.827601722522317,19.812966241462235,0.7669253786132859,204.425878512065
8.366684061301651,10.147767951029731,0.7554169438808652,547.7060933598838
19.131078470053925,9.866100535785044,0.9410598609384675,270.7353675073772
36.09398055919158,53.0681228470917,0.9130608442762653,444.7360265419205
39.000786426423105,49.07391681271571,0.8230386475108539,387.60515124633434
38.989958966649915,9.493892749870493,0.8951101192145998,624.8519782981508
0.0,24.434803329089576,0.8024596111827111,295.72554301391796
37.081602802149355,59.17774796244223,0.9298492980293216,550.9418771269609
5.6673234628407485,50.99203312568547,0.8105410978428523,242.00303815394307
25.65080648432789,35.135256874457795,0.8963882103999017,406.1767474018185
30.86186651064009,47.226794187327286,0.7331628050031953,240.69553519806516
5.798306632601219,11.082934390592914,0.8942894950995908,416.0498387609975
26.917767278547345,15.335301322677731,0.7293550405837734,566.3924442358198
35.52556062842623,28.72495467236458,0.7705398344794283,463.38717689894463
6.662010349128745,5.596574841029612,0.7319978063091099,878.2711412391078
5.503220329234264,47.385883635739454,0.9048237712663537,680.352178976444
24.05269816429588,28.34461011952207,0.810367866041772,554.2214086099739
4.8308459644085,23.850573193431153,0.770873754066737,706.0145432022139
17.28726957782231,28.063531536777962,0.715907977440398,547.9002354855662
17.441437507197662,7.674230581620504,0.7089406338273487,268.0556585076868
6.123385111563795,48.8120743105218,0.8980806809882685,471.62099596163796
39.75345076559421,24.393213615893487,0.7370233211133291,576.6507177356982
33.71567857758572,49.314976545139324,0.896502433897147,406.2904087638211
20.932637869415302,41.688643775798475,0.7431732802941919,977.1491821593653
29.727174376229062,54.23060306432325,0.794373263144807,707.2998228299169
27.18887041744371,16.32218488137255,0.761293829138106,979.8860352027745
36.703650180952025,15.675719039227246,0.7838775331029556,851.2087307673977
28.26293059215312,48.85796384492175,0.9446760911688854,890.0330783441218
13.798066779079152,30.056096139829435,0.9485815032468211,859.142451856065
35.61964090584935,15.40818711673472,0.7885919104075618,127.24010335444184
0.879510285177847,14.378600773800427,0.817434814732983,680.6634112704778
1.658697060892367,59.231418023273775,0.8098631506997812,519.5001597702586
3.4819883564855374,38.95426546000361,0.7982751680247414,949.6535370199935
24.90343928604203,52.861728248038105,0.8888296550183117,242.82338027472548
33.355889614111604,52.13605728535795,0.8196557145045873,828.2470067087328
0.48316232295097816,12.265284430139385,0.8951563961958511,976.6548242710809
33.06637543821201,27.162575604606918,0.7276599138906891,863.4593227329119
9.986751629230008,46.471538636567516,0.9169996473907844,914.318021057766
20.805660596433178,26.005959726882146,0.8815472810631095,964.9892236695648
15.346752534695005,42.92193806062246,0.893827283188812,253.88130619252007
2.0631883991995683,10.63006010187327,0.7829283781872168,201.48253978426413
39.226276838983935,52.43893514274121,0.7082881312056886,252.1302759784976
3.175683466550171,31.821866795238947,0.7595846054140085,375.70412484024996
33.79488718200004,25.592405680271437,0.7336836137146283,122.71455899827792
37.14984348314412,48.837612282794616,0.8670749762563212,113.54229138832444
0.0,15.06404954743367,0.7766004990993599,596.132424278687
38.65286826927274,22.088789222407108,0.7656761335241955,642.8333527347571
9.250762245617546,24.065905205134346,0.7263235665961074,678.7664969755497
26.571855347941657,38.301593130721045,0.7969682796811615,739.288519921809
31.74158249067127,14.903327277627056,0.9040285816362628,675.9085795281361
39.40066719663934,45.69562283995286,0.8044717218908346,577.8910924413582
2.9269496773981514,6.326152316530617,0.7861400705809866,743.3160205418382
19.738623239108694,8.190005061494597,0.7305491527122125,590.8518800127472
3.5888045879840798,41.496592828430245,0.7440455470547435,729.7744378775461
4.703738638092742,35.31439045516751,0.7524441642375538,532.7470660603586
38.480197516032845,55.23817959172554,0.914841074164688,273.442430513421
8.514323099514517,42.22537540661204,0.8872881566566908,501.82051980084424
22.462239226259207,5.283376174608671,0.8578266666507748,447.9663023976008
24.91857752397107,28.66729372503012,0.8903325205975331,401.04498661050565
29.748796760986004,37.595695594451946,0.8151148038600007,674.4997976803825
0.0,58.306393627258544,0.7406637108761362,588.926209450264
0.0,18.399072953267346,0.7274927393671319,796.2477682798582
21.616274985414908,57.3410792838239,0.8843510038817103,717.2001599881218
30.831384376598024,33.105132351452546,0.9418846676494933,746.3024724578692
4.718644596220998,52.3141965990909,0.8542684939610805,53.993033873844354
21.951781414024712,38.38904180963958,0.8666544292405216,971.675614127661
5.44110383269756,52.5127296622931,0.926442453712723,728.9740165920803
31.564267253967827,57.34327345175415,0.9254017309213174,901.8774675385584
34.08213479321706,43.81099562708358,0.9482632784883555,851.6037896772525
0.0,17.647720180643518,0.7165777125266586,716.4808857151065
33.48432459368838,11.445900396655839,0.7500182476401718,256.37138185239553
12.406695838717809,29.93294628635373,0.8221309336267435,437.5559603108918
0.0,16.489350994317142,0.7071368534834358,384.1775130933788
28.126719434418195,16.92439880305166,0.7709981758909817,695.8235604890242
7.299022887022904,57.658215289791556,0.7521942089511814,455.314374150674
28.227567817498898,9.061174353553593,0.7704902794685894,56.6788735596845
33.21026279224888,31.14333210121187,0.927296138965193,939.311078708581
0.0,15.144420194178444,0.7100265034662869,420.72133442604877
11.194910956549837,11.689231717718139,0.7774717364733463,461.1032695818883
5.47178325631616,22.533319063454968,0.7020437853767835,399.2852406599598
0.0,5.8606522613066065,0.7668477988171867,579.8209148481471
8.969042682766815,31.229197051818975,0.9235188113703487,681.3475075890998
2.3577129454469534,5.987083274816071,0.8938890804565748,72.8560085394962
15.888735132771163,58.931674854243134,0.9255255630191501,81.10978090740957
10.973749231706035,28.49702254657649,0.7522482904555221,136.76562183503447
6.034528693662564,16.21096842565869,0.7981303569777389,215.65979233619547
38.863538921336094,58.38882842700734,0.7585413400687223,800.2343679601631
32.95255786845136,39.59416499363808,0.9113823517933809,121.95460811666123
33.19207036887709,35.22303024072367,0.7979623040249086,663.2078452363342
14.433136265753332,53.63414779857737,0.9136099148000733,826.0896737160926
4.354529934093492,56.47138489844272,0.8508637509190669,897.1434643055022
14.188762132285405,11.256678013622572,0.8410904199848178,571.6310420651723
25.73605068398729,44.78763085807309,0.8840573456551681,275.28724923945424
8.763709444978973,52.03046844475561,0.747753249930151,935.9445142244467
7.156006029214609,20.757386159323115,0.9355150961006581,443.8134145315389
25.750521156894163,31.779099265558656,0.7145748596693127,902.2114356784648
11.313014265777893,50.6551236149972,0.895725096988695,979.4161883958883
7.753364556573634,54.233032719285355,0.7662784489108436,377.68030695533145
11.291499402743785,29.92114662071288,0.9293226661553533,188.83693855028565
35.620132875544805,37.82143932939985,0.7903067502158112,546.0265651489499
21.352512614038943,19.117330358349342,0.8053415549117654,613.5134659794846
0.0,58.669370464899366,0.9271626705889358,504.1949990606162
39.08457511751154,57.55983900879172,0.8655219762291937,993.7793368727381
6.219094315669478,58.87991169893851,0.792556587442897,738.2213938211376
7.249841918164525,7.7070309982851555,0.8504468714444439,789.3518238553737
18.813435255530425,5.58201212786542,0.7294762521789119,510.9091071631991
32.98772173866051,24.49962819376516,0.9064143808933887,275.11226150656495
33.94933414447909,52.736566605553925,0.8704308101672774,550.7131957539084
9.854141905278803,28.07934210928547,0.8160305003758843,887.9779724489551
0.148477862284654,39.71995363014781,0.9077623935530793,654.6275242268366
0.0,43.66935031352004,0.7465475273394283,953.4220550001766
1.2891014498260478,52.72532409487364,0.850496972851367,970.5338815250576
17.13579963493896,16.03457301774204,0.8730359514082966,289.93635106317475
20.108784426858175,23.50073679534518,0.8120221349698622,408.3056956533029
7.508774069529152,35.211189461490235,0.7329462175862158,748.5363387825646
18.047587154251207,46.70937524097865,0.8621806165607332,335.65398361817137
0.0,45.209365932251366,0.7708641247825629,704.6699986792368
32.91314195496671,55.23098091109564,0.8051150374865307,972.987735798624
13.10282190578875,54.41115155005231,0.7015562646538958,769.1029029199011
0.7969207053629699,53.24176967673057,0.8768519264696832,623.3381300794349
1.5239820863354658,51.67414820487728,0.7025097140701853,92.9652188611372
0.0,31.36417779129621,0.8489715439889343,633.1898169684312
25.836235547185595,23.51945748145584,0.7544598453471855,297.42396720966985
21.83345570806811,57.720008755802155,0.9180332948166107,403.70736633481044
0.0,5.3574376735911695,0.8368088154611574,579.6542964234717
5.443536652842898,42.491621962490356,0.7306081249102307,61.82272182500391
33.53784968328628,12.001859695359705,0.7616027298932297,286.2078670365968
15.147286028901817,59.667305647844216,0.7315455045846844,515.1320781767657
37.17270989912213,28.52247840611966,0.8056931135106429,594.7117808120515
2.3653819570898076,38.60837303005977,0.7580393778195591,479.136132626248
15.04647251779448,56.13044121242144,0.7387417565138128,732.0174866616919
23.58284904976516,35.641865035179116,0.8204133511643033,948.1435387772333
3.174784385541636,57.770515367255946,0.8100574698596322,964.9862296684978
6.74212704436388,34.355167947880204,0.8372835726138484,139.69497237892847
4.0887127504517,9.409539189096852,0.7754352294286542,599.0748627868423
0.0,18.426161952093885,0.80256458847779,312.9406992246146
31.953340460647954,19.829025608484905,0.7078913613051175,409.9402671798663
12.887510960349223,51.03262506813854,0.9446131589144031,775.4805629412235
23.673438577463255,8.820467792914638,0.9497898929140014,481.6850130902137
19.454201595468533,16.43092322229877,0.8902328174051857,559.2144059152981
13.927263945082014,33.405202435941774,0.873667581271797,94.48294292825125
34.76315716503169,45.678238418133425,0.8180625577805761,963.9686795990867
17.879639547056122,42.293079443405524,0.9004317415686891,465.701389532376
29.885385186293593,51.55875409467783,0.7522801752693239,164.98529934448453
17.35915232667012,12.329258526311701,0.7468927313671259,879.9642121698674
15.527375181407706,38.82997448806252,0.9274076258952861,623.0848488971525
12.053742026058627,58.19633998955122,0.8902868951009444,442.9580560704734
13.26174546982386,27.133639432885897,0.8598950727288996,742.8971647476918
28.39272088460224,47.11812478320437,0.7227216963572387,984.518326080313
16.729186438759363,47.34901761776828,0.7160192221156898,76.76500429401796
9.111532820612192,38.597400651216766,0.8695065720385919,210.7410656106817
38.29251212716894,37.98233651903286,0.8590016330076101,506.0410551929813
30.263463646024064,39.53223456992055,0.7851223872782497,467.8329217457036
23.51245150586703,28.621477891857353,0.7275318475599875,529.6813941813897
9.520525517968231,31.507615304544306,0.8017588813178793,230.0597739685282
33.73558364696592,39.12020634327052,0.8693405366992758,406.31371876252314
8.066276135235743,46.40357803664894,0.8041593583491191,820.0970951186633
31.089771734431473,35.96886378575892,0.7107845744533052,549.5002058487114
18.46748111991412,19.192363642918494,0.787216373944294,574.8889957778077
27.739012942598418,6.636194094725915,0.8085381109784131,159.01580351848293
25.37871411676458,55.377173590718016,0.8041222883998732,791.1522849563811
25.568928953757673,40.563947478653844,0.7096801857198239,790.8400047215099
0.7717580000728129,25.915709824098684,0.8678565041012589,377.5991802183621
3.9953938732034207,25.717505639933893,0.9340707998564735,744.3855916476497
34.15144359858293,48.74902140531983,0.7410069167570918,334.16143713347685
14.192458880306525,37.125065859472166,0.8542410435032078,767.2638024972321
0.0,58.743723105480065,0.9188541676250712,513.2312713387282
0.6726802907464273,43.25127419037329,0.8731410519442444,174.2999307883787
8.030701906733492,8.48745280599539,0.744310253910148,74.71058611436686
13.658792489775712,18.149981633605954,0.9252546896502348,75.33697908140773
0.0,15.958173930677862,0.8928874696873237,580.7116263125304
14.484515204150812,59.14856125859019,0.8669128360872279,946.0902886393204
27.09701896839091,59.39976920774915,0.8656650673622919,351.7590110391146
31.20935236471516,39.281837216481094,0.9441711577683882,96.82706357682068
24.074843818899843,37.140742861878365,0.928023901212333,100.44596583535714
25.80788096219138,18.04071513452552,0.8016836153305882,934.6354588838625
12.311541283104813,53.54521585760388,0.8824028515028034,503.97946877224865
34.10942652862277,22.7498762587465,0.9031894510177784,362.7877444325682
38.35153107652462,54.23975757512808,0.7077656470559306,747.5892675689564
22.97871816644221,31.410886167008417,0.9256604852526273,94.45384164115436
26.00734454453327,48.533764042763366,0.9056763488448747,291.4018577266173
29.989095666729142,12.543320464971771,0.7143922557562462,208.5127274065546
30.701378345544015,24.631760252422644,0.8209256166609606,394.92355892323076
0.0,29.35432949119298,0.7568628625934523,589.5347337641973
6.442096884226295,9.620939268607057,0.8816177591500054,351.7738102893799
0.0,36.62889333563838,0.9100050686401177,50.31575766291777
33.784795342527865,59.80310348432822,0.7768374930019275,538.1808215775793
22.59941819333355,13.725301648886028,0.9328553963279278,293.0311190146087
6.488332851822484,14.609541691888024,0.8613769787251762,647.354047957195
32.29850843528842,31.276056031391917,0.9105415399447944,392.4549472437958
9.466639254198475,5.03436109617077,0.7284979842309781,791.7777242537577
29.235914331222286,54.04384017224929,0.8576547063524433,505.78940272304817
0.0,53.466728020169455,0.7260337337963342,637.9124911893929
20.225748465097475,27.92684495968197,0.8903110024596507,61.33306893633925
0.0,20.653106685877887,0.8933897555559629,147.57556915795874
24.430286597785624,28.363832937285935,0.7028956403233191,224.54245914444712
23.520083827297395,46.55493489234844,0.9102760762767911,726.1018096794041
1.0983021652477316,11.376523461234433,0.7071889117123656,719.4281772217481
20.892029689035574,50.21680036862907,0.8990026062669378,657.6031680755907
16.184893702126676,36.85706472901182,0.7593006485426645,623.0750317401298
35.90103525979105,45.54653900314829,0.8794562805689902,543.3231666491449
2.5562338901466455,48.05896343921028,0.7260954365364453,172.0766563624485
35.130795155943346,56.02277385404694,0.7565340178201917,300.019251470382
6.161122140559604,45.55321235765737,0.9236829402715814,182.74425305156905
2.2380828241315553,40.45950008747882,0.804414852239747,100.4069011408744
11.062784973218369,52.4053611001376,0.7469778620885041,543.5141580147475
19.08391374014693,45.82906316049744,0.791058965723648,111.95877734330071
38.46480154172448,48.2564517349691,0.8761559738054677,761.7204874860662
17.2775698558727,59.69801024187288,0.7222961309145175,545.5012151511071
0.0,54.897395676056796,0.8408623712772456,286.81494504614454
17.176479539174185,7.972844838163101,0.7004435068113275,151.09725080032973
23.83712318228233,8.118115369820416,0.732356229679447,825.5639445525381
34.29105499450733,5.539006914394586,0.8644557808056629,319.9240903354789
18.746451108604994,20.92444582273715,0.7147168520433664,680.5787361284082
5.187090512940892,26.069029055465926,0.7158786730977474,303.22416589686634
39.10981216265377,20.891939549410118,0.7841326180185575,630.500557382667
1.4717533900773185,50.778876409800894,0.7873490261880212,560.1866477941521
6.669167938996769,46.27586667205641,0.8308436703919622,821.6903454507564
32.63851691994556,42.79018080013212,0.8259005613623258,804.2104858635305
5.238058519562856,55.16334322950289,0.8006899238559614,827.2931406425407
39.87204740521909,7.230537962156195,0.9333395108211835,156.68297268030787
0.0,17.463236305144964,0.9228867867078632,831.5959116006189
3.4263628264974275,41.62204115745644,0.7294361098117376,110.72015155438419
27.1830469534161,25.198258982555046,0.789434736862091,960.214674852376
13.403976248098383,36.33754664109758,0.9449420254950651,799.6566072762296
8.316590693277632,44.221206072854834,0.8679511463843697,101.9491875387763
11.097876123943358,34.29259524193666,0.7954475780846765,250.55129150247853
35.72784370535725,31.529264220397234,0.7915509159402542,686.0570492496346
10.980673557807211,10.481055022411867,0.7817551295077241,682.4107561601077
9.17794806496223,51.050484445225756,0.8993349000108624,529.7097714754613
5.9094327905725015,59.16547556200195,0.7615585349246992,596.9148306619355
36.747612381486675,8.11131863116286,0.861041100935996,607.7980740716171
15.223569936494618,39.97542989812085,0.8420145338369709,200.51205949199374
14.8591407261096,17.246417074827203,0.7676088858515089,394.9182078465641
0.0,59.55051299694097,0.9139823892739167,853.0270060583375
34.06439835560915,13.96478057848701,0.8415168506185132,634.3193751854453
34.46991385018219,54.64872641142704,0.9293340081570725,279.9427724005905
38.16651653477297,10.77893123373472,0.8897130562198832,830.9796132717659
15.247020922744875,30.194630753470523,0.8620656182642922,345.29652369249186
0.0,36.88776507025357,0.9438435088696384,402.3930097476262
8.976904675219327,23.68343383150876,0.7756918361570075,787.6979825671908
9.708024413193469,32.04270300089208,0.8114950501091902,571.1614944748654
26.900731235559416,31.767362781579074,0.7927310106809665,593.3254053088324
38.862961130873934,17.958475937604398,0.9043616762635462,952.1286467482099
17.210847139566972,10.197241265368996,0.7263852870240202,704.2503609471964
19.528372770374194,26.90602423924362,0.7918277212969147,224.51308911749638
22.353398095242607,39.36143338414506,0.8625434121150566,738.0055770778162
4.132986661322538,39.163292529912695,0.7664353882004411,579.892362733595
20.8750924342733,54.11183217593356,0.8988730834994181,265.2598595682644
4.502681462471967,20.874640577695764,0.8603750322066951,495.3329563793367
26.415599246060324,18.341270470287537,0.8554826705567944,431.39793293190326
5.07300555521652,31.881861062279718,0.8251128481995346,565.083715657419
0.0,10.60159862728247,0.8135121517375089,834.2912477908709
3.360408978328295,48.745971060397544,0.7409191219864868,254.60167511772545
8.27999953520105,36.31926395585798,0.7811836740061049,870.7024536710645
23.560661334013787,18.533068196052984,0.861688334064322,913.2422551488822
3.2272193056500837,50.30524837076042,0.7715527446624035,380.14102858963906
26.424178372250044,6.016977668189209,0.8366801022571518,864.3624573413801
24.89292461995321,5.8882147248812675,0.7558001422129703,516.6122068742551
0.4792687965801178,50.54484105601109,0.9027656533578899,292.53173258049037
8.951094954220617,30.089321345394207,0.7845554752981663,833.4142122473772
0.0,25.714404837443738,0.9335766270152426,983.3392065979408
26.91660800926364,52.69770009578666,0.7962199097546963,731.132721477801
21.506004754135695,37.521657215654116,0.7566395224407033,996.4500750435368
17.908403699983474,11.363411625068354,0.789104962733574,725.5635878210604
5.93275495079878,10.95373194786682,0.8266958129555402,861.2552581877626
30.412769031216026,40.009350227803296,0.8252041143605997,530.2134424390326
9.351415527293483,11.295388261563213,0.8659769102155118,469.38316201907384
5.420112745060988,32.193648359883774,0.9263028592680245,153.342717535269
38.43197562500699,26.088680085715023,0.7960024694192527,835.813050063858
38.99192275431011,26.691317821175133,0.9403881345073343,850.0362555866005
24.08834940810818,59.146670358523366,0.8640674525411209,622.0809825601019
29.783911228956956,53.99914341079328,0.8096858733612677,955.8871644369174
0.0,43.264107126018246,0.8966468562296962,162.83497561514554
16.596762753202288,6.171849981632439,0.8906948281842799,115.36449649925146
9.66192220491387,8.431992706960227,0.8519879348277517,478.2923503436629
1.3567128324624078,7.542272263781974,0.7418344794644679,735.6033362811731
33.51440789185133,33.00016400024452,0.7783009049032842,529.9617220413317
0.0,12.492917616761922,0.9432268883605258,657.834896365142
39.99171228095003,24.835574792796546,0.7763883342639306,48.99759336878411
16.16346672624614,34.0205296291066,0.7319313422385353,730.2121382267555
32.8629399753249,38.05615064349984,0.8077665812383555,951.2123455531196
27.08226770292918,59.47220904449525,0.8213642781950199,153.77008321591487
30.16503616442119,49.3749349966329,0.8000034517522544,126.979480577012
37.50279977750209,8.630735665344496,0.7430398963886223,104.24919915295028
21.15179423095399,25.5738134702259,0.8782594510115174,684.6068204642152
12.645832378157495,41.91576910979614,0.9066315539106502,583.044299815625
10.514159058215451,23.265409365999332,0.7594909773677807,177.89387459487716
30.701939358353318,47.86724851089956,0.8895600961644016,938.8551214796491
30.6564910714128,23.46584705484195,0.8152135256705122,600.0804106754972
31.39403804251112,26.90680091192834,0.7903722615734291,633.2223037000352
37.59504431187436,21.753914201944216,0.7513927743112786,950.4564734845275
36.7930413390451,53.17305202752442,0.7769771641692935,192.23775467845655
39.73959452077508,58.90467841448652,0.9089361243795211,149.56809231239066
25.564272422880144,38.73904377752615,0.8444902613513107,210.32164728589584
0.0,35.49648033336307,0.7404302960549183,365.3608785819949
8.655100379016034,21.68849818125706,0.7860461182803753,924.9643632255834
18.76581633698885,25.23996497319593,0.7325941088812136,612.3311569092799
23.644433869423683,13.019256789106684,0.7428743355922165,267.3755911942107
29.569840553306737,29.641566705205882,0.7410844728049526,874.1160752477324
36.79142933663427,43.35592549739797,0.9092247565728749,553.2893698810176
33.49330950073854,50.314348440511175,0.7483622679141381,640.435165719665
38.8252350954084,16.88179329673906,0.7644482879673541,494.04648030956247
0.0,29.005725115140386,0.7565897625799165,108.07503377380691
29.56929631277629,39.84260271913485,0.8168661685511646,867.3866237461726
23.768954652650994,49.89894058026641,0.8653695477476387,300.5502188640802
19.99914907015641,52.275990139343456,0.706924675772062,772.0613719490924
8.41250534052166,46.891151118555165,0.7291382216344748,111.13646392908689
5.733009068676827,34.784994777890304,0.9020041339826051,374.52016859200955
23.21058853353885,6.646648097105044,0.856446876987291,983.9122968261087
37.30377297040433,56.63074920953469,0.7980644589942912,416.2936752494796
28.021663321241448,59.87535030041365,0.8844921816064607,846.7372437149277
36.377241554837155,13.735769034622086,0.908754815455416,80.36065621028524
34.18120413657245,15.472224284676471,0.8746804703225164,935.6623059105021
6.045522267753012,56.14851324275231,0.8352023781216182,634.3550341301135
11.561059414973228,47.4479934786038,0.8757240524824794,416.04412737506647
36.41767307662061,12.344537919159357,0.9237198700995631,685.412761105596
9.766537900273601,35.65077060402397,0.9403515698279354,68.13652873525254
7.095481635647712,27.5911424285807,0.9101703865202675,214.68578739067678
33.00049811884686,34.42860891992802,0.7044458072364703,623.2514487960989
28.46237031474989,11.675478212620755,0.8561875273631139,109.85048931673037
0.0,14.004511165335694,0.8306583737543676,654.2399641277259
0.0,51.15358527011213,0.806205133001055,536.2231866100404
0.0,25.450325820441968,0.8636588170952978,566.1073288032791
22.854091920749397,21.02787795059612,0.7574340638889637,215.73792819151035
31.970662102495766,50.11537555472688,0.8190472498772076,801.6259792249375
14.046327790391693,58.19698539693745,0.9047109014400981,835.973122745341
34.569414055575315,33.257258634650604,0.7242952351492411,781.3542729473785
0.0,54.669503698628475,0.8968620659292578,384.72683687371153
6.562120998242563,50.529290207074965,0.913322913773027,994.0566477660678
7.527375607516632,30.284060676626233,0.8872792029751728,47.55452542017764
12.05200124925235,13.102651801416448,0.8346304119542952,122.75073979306903
0.0,45.1245911979063,0.7563125648711505,616.1329574022774
29.033369016896106,7.59522308060412,0.8993770046122673,96.37382797876718
1.893536022643976,34.453614711640114,0.7178377016647609,251.6105316618342
35.6456942128994,47.264042154974085,0.867462536631922,644.2217290700962
26.635606760938003,42.375437779789785,0.8176239895975244,286.81902157599944
29.687620294286234,28.904380356382838,0.7738661439315206,496.9609545896635
39.908279300680356,10.446499988314619,0.8909292399662812,865.0638688484524
36.77011848549891,12.621405151455566,0.9433436739211287,167.31668624312374
32.43453330458084,37.373548105120136,0.8321903984005895,798.7155888171887
30.14940711010189,23.58027616450531,0.8404789382808768,278.7191361152868
0.0,13.455363123490542,0.8268007440963008,178.68990142623596
26.381956446565724,17.75047953980432,0.7711396028707548,109.38564260316141
31.97721820555525,47.11030281602336,0.7230414697820977,513.8522827136569
22.88100753933585,55.75194451355317,0.8014387311559091,799.2603577622485
12.404631756883566,21.361226765103734,0.8523443669549147,316.53663786233346
29.301593366210415,47.48897101056131,0.8079182360835909,393.5209281345697
17.34049733901254,22.076551298553973,0.8402970263058998,847.0883519449881
12.81309437159657,57.401391704763505,0.9032385051563219,548.789828928103
31.51288528249347,45.77696031261452,0.7785407938426252,953.4988805014558
36.388562233622935,7.584273551964071,0.8736011586111554,695.9392663813678
12.307841237157964,56.5795516790617,0.8852861037833424,375.40165920237484
0.0,45.36824413649158,0.8927728612694128,884.0189584277323
39.15385541532726,49.89847668325502,0.7704732837331046,397.5308105729652
30.185581475136598,53.02740135480989,0.7075809854444788,581.1100945215098
23.551571088727997,27.993748262443333,0.9109557675088198,602.960027663984
18.867914513217453,6.476580143985834,0.8169194324849345,905.3688573954186
14.259895516805043,49.431396676972476,0.8411086222545266,159.65087278541503
10.325808022810373,56.91261597322655,0.9372168158953091,274.9367689473686
15.78371351500997,17.714069903209513,0.8160488116405884,898.5739471767258
16.034370519833672,38.37371822578726,0.7739402182168503,132.2904553598853
21.5618974762906,25.325006550812702,0.9054182583886502,299.8802202816248
39.030297910423116,27.62090923423908,0.7614346397058019,96.47209546047603
0.0,55.42673787770377,0.8142703690366,691.162988114019
15.833103424521015,8.199033370743628,0.9141765918103955,96.85472354588754
28.61705642859187,13.473366240595533,0.7065999019965918,355.9660894180658
9.391749144114272,35.88471567179185,0.9144727890933246,463.97033237776503
35.163962018789604,36.23625590565862,0.8860375889926593,933.802677025327
22.95131337588722,57.07191576181057,0.9303454457118643,965.0977435024989
0.0,41.18525989512315,0.7344942020260423,71.42045174309959
21.403966977818836,40.485239068388054,0.8635403912050023,925.8186408959517
11.52934209095714,29.875350151482635,0.8124630662398302,251.387853106061
24.444420802587395,54.55075830396308,0.7703824213911555,757.0752193400148
11.737864957710828,32.46728543005414,0.8821592288033223,233.9558890104039
25.24259826087163,18.599743091211202,0.919070382324163,263.46095051444087
32.49805829920466,12.416342192716943,0.7728657478485462,793.6423481132007
10.693702739687673,15.765809313840142,0.7636698721167178,896.1139604682387
0.0,6.646828884447354,0.7932131625456813,651.9978994859679
34.43879169772162,46.93551060386065,0.906431434311705,619.2575040972117
14.895055685499004,19.517089968452208,0.8541740846089562,881.8187064937613
32.48794688402095,44.93510488709916,0.7716114751657998,726.7586034751325
16.61250910388253,57.45025872165446,0.774117774272397,48.9886875434669
38.52577373885057,12.944272355808655,0.7560993109305775,567.3695486266082
10.548312761153428,45.80788589892174,0.8116071420475887,345.6855148717064
12.468098055201564,45.38466203015836,0.9159876568053699,949.4577501041995
34.15225565896547,57.77499527526562,0.7600314796891033,866.925411897382
35.643779662064,24.437232578946706,0.8760604470917982,460.3145292324782
0.0,9.132013389665381,0.7563930577346305,235.18966340622742
1.414229627348861,42.41612134676248,0.8582760779418588,791.0630784425596
36.881249798914006,9.07161563731912,0.9251685803420551,900.4519410699048
6.423447631760308,56.523729625621954,0.700015171507712,121.67846888870493
9.317023319119219,49.59277046198457,0.7537476699060525,100.36085878309959
5.291949728318657,58.24408772450939,0.8597456830885719,780.8408497314717
3.260075533768113,11.424374876665913,0.9240868097893278,745.9637622344518
0.0,32.18613862147676,0.8766486528739355,159.58379704960873
36.86817121438669,27.823447322566036,0.8022714412116609,813.8709592010225
12.783943738968041,16.415999073355458,0.9199106629792748,337.20626688679096
26.7836781680096,52.30675603372397,0.9221104694917356,467.95076753622084
26.698958609830715,12.23688230151797,0.7459804166842053,93.74040442045288
10.567240011345774,12.247678824550299,0.9306798796617591,884.2486897064397
0.0,48.10471117729686,0.9161071657100404,642.2687278826317
39.74622139185205,45.26112667564045,0.7755991808252092,285.5312169656405
2.8955036901460436,28.161088573664454,0.8124065026074686,737.3980827882856
19.336230389361454,8.473986776388777,0.7802621012662908,317.1183878132878
29.619137661649056,56.35829655884164,0.9037756927974671,845.2181772759719
0.0,44.69603657773517,0.846057546537812,822.7010817056322
31.4111936079557,40.642259022856656,0.917729972163436,457.5566374115906
20.82869575136083,46.3686414575229,0.90625405422615,217.72226535721177
30.28269519628476,6.761803043800152,0.8308863510713256,88.77393786117445
19.752861760507177,43.209728038388654,0.8805220511562335,829.9333186232351
37.815803896673295,24.581276537622962,0.7410478620478517,86.74042864630863
26.344953908909915,22.173308304578306,0.7931878907103607,572.6688048270055
12.731537736372648,27.925819858620198,0.927485780439088,142.4300321270181
18.62452710499028,43.005476121874985,0.8811317170928743,705.8920584685624
1.4804289302818165,42.25885679976808,0.7878793886753022,183.6062495654055
9.202293013189086,16.04272337059513,0.8537097003431361,884.1218383209379
6.793303542521881,38.30550274522685,0.7550330399698821,489.75582453604505
21.832147963591567,7.313175897020227,0.937498341862378,296.7554147725672
20.986308582678422,32.30209407670051,0.9361922884371091,266.9798366455746
33.13806092609695,55.55192347286158,0.8624498666748128,881.7634194735758
39.328009593862454,43.56164118773135,0.8925460488990902,608.4293255819211
33.88274955475316,24.48670142739872,0.7290510528121295,989.3292326943672
14.150643836490099,48.73656529820543,0.8437970717996653,484.18652087879207
8.722145954097234,8.379955262674846,0.8476534608893778,183.6357857152204
26.46002640543907,10.778480918966357,0.8189193047658845,339.49606973709257
28.26788306467073,45.41440807254897,0.7747315482438093,847.9566129134778
16.390584193242287,37.6243796377534,0.7159719701652286,812.2709889598797
37.92179159675679,59.39255385556137,0.7138786720703685,357.32103638692246
28.76449771807921,26.326733689046623,0.8735913172627032,508.0481785869411
30.59770800699577,26.666982464237808,0.853100294580015,943.4527680877067
0.0,32.73357498311954,0.7855828763250547,625.7196635303183
39.99797405379514,24.17030299151935,0.8857069791343822,367.5450600161806
12.512510936792033,14.859343430865904,0.7006930828727768,271.36881379838246
28.4991441000324,55.14539634483203,0.7920840452321045,297.0428534108401
29.84659447275288,30.688142068096926,0.8559673426781245,574.0828111939567
39.78086790457032,36.45957809544153,0.9456941161885998,285.4747027650953
9.617021643143552,10.791702845937536,0.8564941174718328,376.70067411387777
0.0,27.024872705628628,0.7356581714328508,127.36173387894887
36.59556441639297,7.011084144871564,0.8545926980345961,898.6790676087699
10.100513494154413,45.294925015441464,0.8354785634494099,903.3355619658508
38.561629405864394,43.93305853687289,0.8882087195940928,509.0025516259545
34.75908116084114,51.95778987009901,0.8335010258342785,217.7077299812416
26.032496897695925,27.258000318905715,0.8005335387678797,370.2950468780997
21.097924180737042,49.76233070248806,0.855747621683839,849.1712858972014
18.00102583127367,23.607528510532884,0.784656713999145,933.5334591833422
36.59193700106892,36.072972999465,0.8668174050218019,362.1824489161521
15.141007754888863,48.32419874253758,0.7990222065045564,708.2373104606168
10.863436765174452,6.704195068458829,0.7845197789622103,961.3847406511939
23.756732237474115,9.325466918452797,0.7096738203719449,924.3405684627542
14.034566717195887,18.794998424954162,0.7846270631040586,791.6136857872954
6.396115665258804,55.22969047979841,0.7802595977275744,389.1633967604785
7.652420088538528,27.09102557968898,0.909628671791746,495.83909232308
17.00142333898638,47.17829484442946,0.8848656594479427,931.7207783004704
24.340343442628676,29.523032298136087,0.905144417960974,446.7030227600177
0.0,27.967896987870603,0.7083780346108126,226.849446481859
12.604945240113953,22.501243314695095,0.9023462319014705,579.1049305512006
32.552919638840066,40.19700278654107,0.7210911923415677,729.0935566554771
8.508650934379348,33.89913211617388,0.8783831239637921,288.6520339720871
0.0,11.010186173121566,0.7499952119978739,450.71296958727373
2.0050526493292806,52.83629585641248,0.9344415498054959,678.6486474624933
0.0,47.01623966935091,0.7086693663596587,729.4065217001379
0.0,14.454527761518715,0.9032214263211273,449.6789129407755
33.69936011216256,52.51055189644491,0.7515524987304322,662.5129007785174
9.59274964463807,12.501017741207232,0.7425690164309465,49.98274027631737
0.0,50.94946519394622,0.7902173357052958,467.4518047102992
7.295148484096252,54.79244015813452,0.7527133145833985,693.9261186963911
8.400724646161985,20.04905071292477,0.8812216509494969,429.32208551745657
0.0,48.59452986261693,0.7903146080024224,425.9175739559316
5.782271887757138,18.97933925294299,0.8949521850041611,67.97493377961352
0.0,57.75717059728291,0.746533361677119,992.0186722471158
27.13921858291256,31.39730754087708,0.9091340250176851,104.11936429428614
10.093570535552105,33.5970428168796,0.8462184001626607,814.3499250050288
34.581097139097224,55.57928184448812,0.9465448918750817,582.3810194663554
7.895718977827569,51.263320124879726,0.9483733081317586,538.1200245329188
0.0,7.605177315911172,0.767681679297739,840.4826921644815
27.995843680515755,37.23437820608343,0.7745125872930207,261.40086621972335
24.616277062897368,59.40371797934497,0.9484713821468121,80.68161489778109
24.786337414203214,31.741585685607696,0.805231845542298,739.9428507549545
6.30356982119585,15.659644145041847,0.874553305354284,307.78084827845714
30.979815419881074,58.9260189124589,0.9055046266735359,631.0452721588404
6.908537530087588,39.34465978050478,0.8301478469950779,989.8081866653419
23.387759955370008,33.830775384654146,0.7106018499948343,325.30229796179316
37.802019310720304,54.03164684799711,0.7383375701260442,558.1153204021233
20.040299516226185,34.356601788408895,0.8085828996713919,959.603914047301
9.76254730207254,20.276859117808698,0.7250675436923056,735.504462824103
22.842169645811616,48.17939378002377,0.8019142478986397,661.7218724408798
36.58755344174704,32.57354681720218,0.7178378536726849,234.70144787236094
0.0,16.35354604934418,0.8993508003245059,664.5090105307664
34.657952839829946,25.925786342990598,0.8351896712063107,61.717755376636454
14.716252286201636,28.81968559431777,0.7304183501707996,424.2336812337366
3.515335643346589,20.596716259455306,0.8049340585824445,281.6054608269683
0.8767121972206348,16.949990874824984,0.8336433588334744,957.4019556791093
0.0,57.40145915179579,0.7436561856157372,230.0085594209366
1.274858199023982,25.37050342171594,0.8723471034123266,313.3745107383101
24.82627107915081,10.65495592727854,0.9349751532755421,689.6558349339919
0.0,55.189833876288915,0.908132553060521,900.1113920101145
0.0,55.92409109856262,0.7554956777746575,62.45773181877972
6.761328035713268,54.04972059616595,0.7661166140930933,891.1992004247165
10.974660848844746,5.776783324099158,0.8262184573823796,716.5994295363076
0.25522360411137,57.10986851132304,0.7418783590558067,777.2846668152429
19.1376452061161,49.51556114781903,0.8519922920398435,578.8732585876412
14.041828052309432,11.429644328815037,0.9325898819997844,746.7467327714247
27.7146599614096,41.86913259033571,0.7207720444652433,548.8586158619538
0.350920458041976,12.186987187390566,0.7690817160774838,72.39258146639654
33.04537199706507,58.52037843422359,0.7819444417500985,490.08229548728804
11.749379816091823,55.75272174067277,0.8259030923780131,897.9353107674422
37.30639027403748,9.243483313926864,0.7889179949152716,877.084411528491
26.03164710961021,50.56142879497162,0.8846407007705063,435.34195868277857
2.339832050243085,26.782894060904017,0.7320336277954019,215.6495335841359
0.0,9.218582074964864,0.7879697821546248,420.66687761594727
4.759058221073323,53.3971743950801,0.9136536392458605,110.26634988406673
14.773975566209549,13.753992218119128,0.9439482240174722,986.7837654804803
35.32412686163762,58.38111202272488,0.9005646039884005,691.2811895993417
4.355737704920662,23.87382582786121,0.8825508522295784,791.6681167132932
0.0,18.48903934990535,0.8085488781591333,433.1470982196122
18.525463293825492,11.206975927688733,0.7987917327571996,255.90575692701069
21.14955668077619,17.661309096093774,0.7749958299254429,907.4226537181909
0.0,59.1900869536824,0.7441369613238658,866.428717953881
28.238298467447844,55.208015681239445,0.7551288166766111,641.1833359146199
4.554079825128855,44.01716043610206,0.9147914788137718,49.98140029159387
0.0,5.167354119257367,0.9471225390929138,884.7745204821991
38.18516786733906,24.253630852648023,0.7712341642832439,45.85916777005533
0.2108371517693766,19.01396796033692,0.7171122479249942,214.08499786576937
22.28475000235321,14.217978802693073,0.9223433836881759,577.9331882147962
15.608797598645461,57.9813031330935,0.8760058488014548,148.7604263420276
2.0837128157395,8.414653937160981,0.8385788406597037,684.142023908965
36.22442200638208,16.435660172123093,0.9381179636574088,46.55389120596855
6.183190131153282,24.131245112312044,0.7513297467597547,886.7682338710562
39.31039960698239,27.205024230953565,0.7781130370753919,408.38839938678314
23.98638486265347,50.27913098790742,0.8084703708418253,398.19577770806626
33.19486501241195,24.935604437916155,0.9174127684146334,484.78121771338306
21.691016380102845,5.972489821099463,0.7917179443428213,973.6679771981935
27.071152976595172,42.733887467386616,0.8345474789270682,416.9657944757287
2.870679625832683,23.29659499957383,0.7064547091085935,592.0912308877681
19.132867118836753,29.26734158239691,0.8162878773936284,63.18905659278801
9.58945849752884,39.358097247205414,0.773623467606691,991.8409770075426
6.1701331126776156,57.008370692997005,0.7257214801703249,893.4302254886622
0.0,55.01998647211326,0.8201110645457138,514.2610847438478
2.8761796987263395,15.547073661126202,0.7377443842107851,49.11490259529405
29.601407864274353,54.87587262211927,0.7098172494700543,766.6962711601577
13.956122997742634,45.01434279990175,0.8869376528922668,382.6554686920831
0.0,31.50993791576365,0.7503804444618151,326.45674310873363
0.0,42.636225153265045,0.7937696203272178,505.99438373653095
0.0,53.502378586929524,0.9253691888892777,93.40587407433567
1.6133250234866154,47.535297741759656,0.8370766934270082,603.5417999857607
0.0,35.386371419985664,0.8384932895234423,402.93892556865126
