region_means,region_thetas,region_zero_probs,region_lengths
32.026482219800585,18.04440676265558,0.7984327783616663,910.6013968405405
0.0,58.93296076497736,0.7228365480236686,208.64153699429852
6.690419809594039,48.309739919338874,0.9080200595027939,783.5098089601332
0.0,10.332806961064417,0.9032170131026309,932.1994665987178
34.84413280063943,45.82002650617226,0.8683765106695616,544.8737648712844
11.483990653683911,59.480689824524525,0.728872810333499,845.4193951510478
25.676161753873362,32.21677553720798,0.8902612095156788,848.3829934961423
38.778041538866894,8.924648158147086,0.8167746110911811,187.62147629124848
17.1708172068831,44.643538779194806,0.937109031979229,821.9771213393989
8.246634461226684,32.984332241190685,0.8803364605699494,992.6723398084998
3.413700410158295,12.380973861992247,0.7172834612398504,965.2910051783482
36.63369781903127,37.68186755480269,0.7134109786770197,133.00748006385274
4.083047832045517,40.42266190996427,0.9492479870578221,111.74384833910771
27.253985953649867,32.055712975318386,0.8665388216357993,380.3204629684024
14.47112030875357,54.27338120036383,0.9081814245955301,605.450054140061
11.501070903989195,24.989829878258714,0.7137000904923934,462.79826525558457
20.189540681832522,8.271984545078093,0.9429704214388712,643.0274375806783
24.34357694870572,27.98531024732299,0.731670649956075,570.3530205736265
29.975518343244254,33.90819233863368,0.8686115029057451,170.66596897857576
7.498709089950401,24.32039304531404,0.8966559472710836,444.0316593292081
11.4481731193331,13.134948655099533,0.7053621220566285,199.89961963346252
0.0,54.459477209540054,0.7789163448156974,245.71460447951637
24.614082601478902,51.644135981435404,0.8337083197802784,404.371732651617
4.4337451870403495,42.1704507327498,0.7718448479526443,711.1306875139974
30.90977586448511,10.142955886599301,0.8648112087201651,518.3666458915984
25.17456321871852,31.142125727934634,0.9394176848767145,539.8512660913274
6.051400212936851,5.858869631464849,0.9156903377809256,740.1116675327953
0.0,52.57095369698624,0.737806062644591,115.84475026861244
13.011696200384444,48.24038925396448,0.8630595753227365,833.203301317136
38.861921133648494,17.79019304509283,0.703954700974907,460.10169157720685
4.87285239751034,20.26900655431492,0.8693870166107152,130.90448564867856
23.451012581725685,56.120561453720015,0.8211361890437964,769.9286453583265
30.649611206008437,26.747665624316713,0.9455608127881919,236.4027359977036
0.0,18.313837878238136,0.783734541515061,219.2271060544492
19.919649345145924,5.932848420914227,0.8532855715526988,208.17610245607938
0.0,44.24156798414003,0.8565906430951753,761.176233937058
28.251682468862526,38.892564594190716,0.7323248985870885,47.32839778068673
4.286349211220545,58.7713719645591,0.7889242189056679,851.1479261807317
2.8845848219687484,57.324676247577344,0.7594887999405706,181.48114153855587
30.417568248988545,16.251112911811788,0.7013344069021478,451.36430397871356
17.7723731120814,8.378849164631713,0.8889149215737591,197.76712609419772
5.68892718247765,43.06911886135649,0.7665397116111397,482.603982893557
12.295131448608851,38.75939400734791,0.8936244461668403,220.12415374226913
9.319958124308632,15.66517808021097,0.7995798219525114,245.32266085971736
38.44781065870517,49.868448653474395,0.8852514555447724,589.0961676514004
7.971599526339785,34.05202685784086,0.7252360096276751,952.3960812495171
24.77894360010739,39.68605708370087,0.8483919223936165,637.4458402451346
15.216724235738518,33.08315412500326,0.7587823187219217,711.581536669937
0.0,24.651417157069897,0.8094719089932986,870.3518103346146
0.0,58.37041959414122,0.8094874294368606,898.1884336357884
3.1007347602719686,55.85458804075313,0.9274399636703987,807.4194174491565
17.329478165625186,42.026823538188374,0.9279919144167819,616.7552684482594
0.0,7.819724164943083,0.7710227121352725,934.6467147479162
0.0,40.6676917866736,0.8351205791403336,894.7016781018132
6.066457171657898,36.21238102772928,0.7147238240193619,463.97197414588493
0.0,48.1399734971913,0.7274709799096897,911.3180461160704
14.815481996369689,31.275739498807855,0.9226475537609358,775.0971100462332
3.5930897925556153,47.01767320105261,0.7109991566885311,211.11832233561788
25.72616027654346,53.87766646958819,0.8100261678877442,738.3638208242078
18.580671451223775,10.241779418954676,0.8478527166122725,47.450100535307804
32.09726731276391,45.530223632235234,0.8066565155824145,684.9496303916039
18.898509802443733,11.807171155386133,0.8125909069292679,600.6280486565091
28.52779322495592,42.07854366899566,0.7699225697024743,191.66882886256604
18.023100573214876,23.854177537721593,0.758719778562861,498.91185366340954
10.805779169941784,48.85394144651275,0.7641210215371004,818.199255715681
1.5907463170377714,24.144907791800048,0.7046403937612238,190.38650217651534
38.354022381148475,22.354072348273036,0.863464607242575,138.91979333394136
27.168911652515362,38.213809678800224,0.9423314581318387,542.2379801060148
20.241726479887085,47.59592804387177,0.7817730782518976,179.10012304792696
27.01227855617093,38.98818209519844,0.8476567187767905,750.2717796322836
27.863276882647025,55.15705123770017,0.802607803361818,272.93634521313754
22.049648402714137,31.207945895413364,0.7005486418519209,744.3312281883783
11.513825272676455,18.816888581180134,0.7294214243282967,210.7000170096589
27.504117027453418,15.101728772245517,0.8042495170537801,767.2801432177894
6.372055744494142,50.71252066381826,0.775288196691793,414.2785398307699
20.835538118099542,13.794474834890318,0.7951474302071956,278.9914789383506
14.297158984952027,34.60345430324462,0.9181069988858691,591.0643004461544
2.790528145704573,53.63821272014144,0.8507900173342854,275.891622268233
1.7664172444627466,12.470659008401865,0.7445102304714853,444.3503039294455
19.048988208394515,17.85393216595885,0.7783739067205705,967.1983171322047
13.523819808140459,26.143902537549913,0.9205970960085783,124.36590640065106
0.0,48.9171663585394,0.7447168456032551,431.4013424992327
0.0,59.72189627456842,0.8916085368302085,580.1210707918347
8.765922014319884,52.492480323747415,0.783438946225645,877.9625693027745
34.576166348106945,29.3093737525,0.7930060022061209,171.26513026493458
37.478399493753585,48.420342414327166,0.7031852361922171,350.89055328829943
23.646491883200643,34.066955171295405,0.7366707491915397,339.71539811251154
34.103012238761856,27.722606145445344,0.9383672630039577,169.47219024408247
34.71243324929963,14.578015899656315,0.7304746433889623,738.2051009552576
19.97347292717115,42.38393495520103,0.8762498760845134,184.42869678751924
15.343620502889104,37.78375836740273,0.7737390111582412,674.4412417214354
9.521034748145139,40.54543782813858,0.7704301373721814,855.037334558003
39.35989978374401,16.57511736560502,0.8243310771148951,253.364319314104
5.53764543146879,56.41148049202402,0.716189376215439,412.7682304676753
8.34049089478529,18.01382040869902,0.935040858226366,359.1520493447345
31.10477974705812,38.83971164660657,0.8812560379023087,888.4190140315047
34.46199966081281,51.06483619458705,0.742434103499285,502.5120537537959
31.16833806150262,37.97314091412644,0.8939207799703757,218.6144243168332
39.83233568346847,42.64880469374832,0.7811586044310809,302.2005335517052
6.782470861630886,20.877788875480682,0.7890746225606005,723.3068354337048
36.38402170817394,39.555968332544865,0.7576196837658142,175.90919998648786
15.536346853754633,33.40076671787452,0.8285658631321602,90.92873340468039
22.240522115812833,52.99400764537918,0.8417647559575441,650.1988550004955
1.8383572829902473,26.93839805317243,0.7997454703012775,351.8239274813755
39.87270695454216,36.41207229882552,0.9281270419797085,387.5646395131902
29.88950606913257,26.247506824153454,0.7869978700792463,40.36438544028069
22.58899595285783,59.74011070308715,0.875587056175145,662.5089213491681
20.26993668000901,10.898609052733207,0.7636417891287666,584.7826527141754
1.4045475951711623,36.193212838266305,0.7775989982721849,907.0813695058852
14.748763365999851,12.696365253780451,0.7568421020290458,605.1733470119947
3.1214868093962242,30.46370641121289,0.8375264196858566,312.8963062197675
7.734615569381628,9.374157808927043,0.7761303703402691,358.17426034551227
34.628428709065474,18.705765849483573,0.8245818027537736,118.48531283468354
0.0,5.1342368643667315,0.9089150854226945,811.9806936757766
15.102381329300064,56.514594964531334,0.7552404203664448,147.93969143105613
28.57941879540395,29.592487817615574,0.8559051843494743,742.9800757778962
0.0,29.142400363789076,0.7375950722738054,799.4017525722215
2.8795221604906525,39.08035198943531,0.8339569650493341,318.0210718526246
0.9307631406784203,42.98533742314603,0.8057077787317002,842.1467461689374
8.619146003257237,46.41246827782989,0.8454454529755276,499.62822146920297
23.822441152003936,6.09937912245877,0.9400225391670772,363.11616120724443
24.88520161780734,39.34023892613194,0.748588222300141,172.62045032801197
15.936814167984046,6.976037329622365,0.750355080631281,838.5229972375499
8.401015546206144,30.480839278209857,0.846539045969014,505.36288425422765
21.536196602694606,47.80425710522643,0.866979998402212,369.40879497163235
2.061820926000273,54.602624579568165,0.8938684280583093,267.69819568244054
39.712840260768644,24.431297822824476,0.8877501372594693,506.2208275377486
19.24003555970506,12.383158506366982,0.7700716392999741,245.66053772112707
34.775107247015264,54.897064021014046,0.9011992605174334,603.0320591998017
24.612608224702957,55.54918755852248,0.7961707399798594,130.4003790409576
35.0132860350131,52.00551038156959,0.7574545558131734,82.97784305267075
31.792106626439672,21.096622615077035,0.7087002626186765,389.7475951412098
24.231362169637844,58.28179553985566,0.766940617911525,208.17956219033195
6.828225099125454,30.214979057769646,0.8535644871248622,832.1083992933735
28.128403151931646,6.981194409980977,0.7979615576634984,175.7899514987655
0.0,8.716778877171695,0.9213428773613117,777.6669998683151
25.939151477909714,24.259192193321205,0.7904688602468374,79.03820630178814
21.12157758030764,39.25198550231294,0.8007052032443946,362.60035104597586
35.49377278800737,59.1301187183504,0.7778774157900059,668.0197450075415
14.5062215565241,28.929701838539387,0.9283447667192343,539.8393478325612
14.956450906666953,49.106535575634624,0.8866228491148525,335.1314670119805
0.0,7.293457468147282,0.928124763423423,296.5681811085958
0.6353232753571253,16.41185941076413,0.9270950526641205,732.4616861685296
35.682892642426154,19.37113650534954,0.7399354498578433,922.9652518389803
15.496185762345926,53.01819298060598,0.8716298737878314,584.1230624381988
28.772399023743837,18.023777349641747,0.9048805905035655,308.3967769245613
10.687055391788551,29.510882097833882,0.9076008481243962,330.15838751821394
37.36314429855054,44.38902134716941,0.9477901961722189,404.8475891706107
31.487200550202342,34.684233878292446,0.8306139920851923,579.7018752488908
7.429457320003615,27.723903717453624,0.8003762570091432,78.52439608427704
15.119006748118004,47.31170880261249,0.8060506468545547,83.61644089532686
32.62840071654374,10.386564318276061,0.7477566574606822,53.105009530449685
26.74995638807144,13.503867875277225,0.7712442589444745,747.6406963772505
37.24039051939435,15.332838142420213,0.8515792161783926,892.8415744783398
29.70560978106936,47.89587762578669,0.922647209518321,132.3290227746979
5.815139212041957,53.05352232633696,0.8923325699027086,884.4491002172914
0.0,34.050717591245764,0.8818260909647512,896.0791300629402
33.06417042745109,20.270812286655097,0.8507219834978796,129.35208059027974
18.391266584957673,17.960799681902195,0.8094552366033104,350.17878646085944
17.82836164050484,56.20058255076849,0.8294367712251492,700.6488432654504
26.20381511546875,5.68698335548674,0.9089229349151668,702.8040909502691
13.068715587913376,45.4115216439248,0.762644182838789,955.430936064576
30.238680645313973,8.21585610094251,0.8408845078136304,318.9959951885938
4.802050274682424,48.96558878382083,0.9205408458113903,935.9493617896134
31.797320926735683,56.83892064679439,0.7105879209425005,580.2127650243544
9.159940434316317,46.87848971149437,0.7676991069988295,991.2896083352404
26.145645276428567,11.913220149491577,0.7328404465050611,430.57720477811733
3.6885891898394774,7.560423771286452,0.7541593292289216,851.6538469189527
35.05041125862949,54.85536809272602,0.9399271133524907,873.0606224464988
31.919304858964804,20.385589574147268,0.8720231620765949,823.5270790951802
26.28487306952901,58.977885931480415,0.8599123275067425,937.1489688753982
0.46556132891969526,51.21116010587546,0.9311170143683973,886.5445977564979
10.059518604514333,26.385375698563195,0.920891037761348,452.36387700517145
19.992943060571132,59.497425471222044,0.9388552134029089,486.02410175473204
30.66818882537069,9.238831190968105,0.8745127438097262,118.56807446726172
18.348183408795816,21.999296255680694,0.7658981042967408,687.0264313530317
27.485703114439392,16.963315703585373,0.771261134500212,124.98101203214688
33.03744608735459,33.17562145270748,0.8396940612644632,132.99190246047675
25.27850829853064,54.53452062082876,0.9294014180391819,50.80696552919662
24.76962467774531,56.774476770960405,0.798957238023823,777.5069194018703
1.5759268482971187,50.60940550465889,0.755453334575058,756.9027776123091
5.4968092945547,34.87002597993125,0.9164717065982185,101.33652679239894
7.98355391113821,33.625853248046624,0.9412012854719556,291.09817857284406
0.45134342772089586,48.296992429312446,0.7784759312504937,780.0211935152165
23.999720665032974,28.824397988667442,0.8216974708135428,561.475936308707
37.30894830415955,36.87196788039677,0.821376770152122,441.3917061261484
31.048366103688675,11.542593210711797,0.8737112967909678,532.9424829145844
7.999296164833323,45.43688150545351,0.8353188159060084,824.2958793134082
12.798166056015726,7.085229620664844,0.8216942515448992,984.2252306013247
21.464128462227485,14.719224291891992,0.8254463875767919,879.4723280841957
6.700751103017579,8.913654717189532,0.7060161225054912,657.349751458737
29.155502961351022,24.094518076086178,0.8640761682184269,605.5717899237081
39.574982507496344,45.29888259395341,0.9044728237723716,245.35091435421515
3.299929144936305,31.94605067709937,0.8246608965293252,499.0739108029517
15.856821575937197,17.547873244567366,0.8108109892381385,921.2746131418374
0.0,7.396024399374936,0.7165847634886595,796.9770610566889
19.475098469123534,5.644267775360534,0.9495984130481371,172.69559224106686
17.584468598884296,13.71300724382774,0.7295779480030259,255.04320463407424
35.864209126429095,16.11549314634532,0.7060259033063312,669.5866460195327
0.0,15.79104888624361,0.9180137358018855,611.641013502413
32.441903274932756,12.597396612086651,0.7094335464312946,821.2271138579874
9.681845675259067,36.97593512931967,0.7149417706426116,548.7905787083478
0.0,6.525290402363609,0.7591859985937794,538.8360089600578
37.073399044596705,46.972120604005816,0.7892873772204935,167.4850213670803
35.21848666535657,55.14211192255084,0.9199287511959635,684.8275660281125
31.710658605981425,56.460642432341544,0.8902563971488704,486.8774061271881
35.93894835155675,58.589946023163506,0.8999144806009444,117.36488233359682
28.46458813587243,22.364319178540867,0.81372509990217,419.7616173574715
16.00311054959879,35.78881770055057,0.8847153263653169,76.94168547407162
26.44561335667745,11.992270365685124,0.9277540186153158,977.8122265230039
11.532030160427867,12.539722403486204,0.7336974885157937,795.2472830793388
26.814586877536556,49.15095497237239,0.884613856188118,208.58466565706348
20.401708303420833,23.431082696593727,0.8556546153612355,780.4603176646002
31.841370386242204,11.716082502914826,0.8222165200765384,719.5774909735095
7.750654104374178,30.091131839698537,0.7752584092776855,438.40741333654256
4.95201058649913,5.72359409944227,0.8850401389678965,266.62426636441455
18.857678115546612,43.36713024037492,0.7808567617696017,382.26225360974496
14.907037089513183,29.538099897128248,0.8968911326858826,677.7923004870324
4.9619922018686315,22.928123616023946,0.8003816399060464,462.9512126122817
14.955054649038551,17.454015997472005,0.7676692674968042,197.76192157038355
26.906164815346813,29.691862477857697,0.8749934509607918,921.0361920189566
34.32965413703559,14.35892381909117,0.8811659991669485,925.0445233138526
36.61733726025606,34.574552376169514,0.9258137583059216,860.8433715988945
25.45734977746646,31.840322812196366,0.7695994249055119,286.12775205892257
2.097978475944017,42.643578885200704,0.7624151103728641,949.4951464269933
25.206206664669438,37.06444506409007,0.8651811111434513,842.0874489053367
23.68101937679931,54.02977255812578,0.8632098256651064,850.5428781971332
0.0,53.22281980512056,0.7724526767483261,410.24031553517733
0.0,53.54493017042276,0.8289003813365567,129.6793439809161
30.576793530293873,45.561774193822416,0.7906209709576942,560.558260128508
32.5083454128404,29.336848807940196,0.7030406882279718,157.33205416789514
0.0,27.98241077529234,0.7252426446216427,760.7604013477624
24.451674855953673,34.473648931156475,0.7549614781175703,671.5152347863578
3.710180523453268,48.95155715062815,0.9114954798502046,399.4934785492393
9.138525316104312,6.011021892082685,0.8779360710147421,149.40481537357738
0.0,17.915097781221565,0.7908862123593638,196.9927295773973
20.354821870847452,57.434107081405244,0.8521426992930972,406.6374519108135
39.08760931578314,42.752130927685194,0.877926844082717,219.87804546440046
0.0,12.915231199687177,0.7839813712157195,377.716916068623
9.181062067070302,14.545004032278976,0.8542341487848168,919.8827467312573
7.871479411304062,43.64842674279603,0.7728646906750102,936.3016472333809
23.843014534546576,58.713607832256535,0.7766631078851323,556.6566897055966
20.74886211894564,24.615673755609446,0.8400963156414207,330.5149628748229
16.650892045491545,7.596444111964215,0.8409239274830663,787.278295139814
34.726241451502865,28.40478360537695,0.7836894826013715,504.046634608972
15.81152797963494,8.226269300175762,0.9096786102487777,305.19589695428346
32.747162471785394,39.22468248083569,0.7123856710259148,56.891141324937884
0.0,5.097969344217251,0.796229696692029,418.5673328621896
0.0,33.93051779321543,0.7440853833698755,601.3146437909762
0.0,21.463484819814923,0.7232385922233062,451.336690817765
4.586842591975217,50.82675931777843,0.9281426495588194,883.2363686499151
21.559580982159854,59.179445223836424,0.9396115296176412,449.1112967933071
27.367020130733312,24.35983449996537,0.874624049721068,361.8924517964155
33.49477099903531,7.8705109740891785,0.9015822760346067,486.6501091316979
14.018469675620493,38.148822585510736,0.8330638685887213,749.8393275660777
15.082617087901866,18.441820418648398,0.7607341611326506,351.6823298946297
22.906799150671066,44.62030284720192,0.9005388607935205,63.13019779051295
29.010316779264492,16.59964441746472,0.9008068257255638,687.0298059511551
26.97082181649978,24.117047576455466,0.7803572296861196,750.2933775761926
19.537638482534703,18.008406574913163,0.9115736426423184,245.04858120404634
5.6904681191908,28.448983191647386,0.7895007254120336,611.6435830477577
1.4687762278507859,35.60794037856117,0.7189308990200031,757.088427852974
1.1596532583535164,25.341101982043774,0.9299803045672899,853.8210719466791
8.374513664870557,45.01223537523665,0.7339058928333894,156.8572668736566
13.137544774399743,42.592665752856036,0.7243519516154783,469.7604013485202
0.0,33.67207270841404,0.7849929997532294,775.3985410487046
16.327160293282205,16.009873745733188,0.8815310661956132,578.6281029060625
2.608911805180386,20.726597754782194,0.7985124228023496,726.3019090776223
26.547787041923904,26.551491337094475,0.7797469111713013,53.6951720045699
5.805994966361921,6.204184057251201,0.9194330516515021,637.6446288493452
22.80100598492494,18.86076194725325,0.7195114816275691,169.29617244628662
37.78189461771107,12.629218941752423,0.723272724738969,919.2689531446996
15.59774259627393,39.643089606832355,0.9418534110038412,42.96107046590034
4.75633996713658,17.502764099184272,0.7546494913818957,558.0121325663149
37.87650341473509,49.47476479525,0.9067357822868118,750.9865263541943
2.686613688764468,51.17260528800839,0.7226188462614324,958.9602852044726
14.453507535494564,14.921351084106732,0.7254871339595691,369.92370746532526
21.048917579195983,26.63008856213073,0.7482633288554063,750.0866350873692
36.70189007427097,51.80120545039341,0.7470863701678805,249.2064450942476
26.23261078944387,54.937279411438865,0.8666809246149322,117.38709148170493
18.96691155972787,34.70994909141919,0.9315532521072754,362.52628389091217
24.80826340931123,59.5598535790575,0.8424619127210962,157.23567592747588
21.30300303956662,33.975521334896754,0.8442386064260663,719.3777948959186
13.599134871109085,33.24377569229542,0.9155551172531119,55.82008027086168
6.416248551455316,16.565524842130312,0.9377001358176015,962.7829030985017
11.047960808793643,23.350029461105272,0.8538190188306293,506.9509301778034
24.440303440468643,19.767007903197687,0.9482034783776675,622.2087406920928
39.583997321611164,16.709296852712445,0.8781234534577748,222.03629154654405
1.216316771324143,55.63263203950079,0.8907148243274634,943.6719242643873
1.0601270272416303,18.341919743508956,0.8358747085002615,218.48149076400233
11.12044650314853,13.661467029796821,0.9464738531157946,688.9498460417531
33.1543280767074,35.42921534685603,0.9368157614285949,701.7435945541127
1.675858432435351,35.26666682056879,0.7362873793013585,135.22192255576013
1.2348328860275972,7.987082130722497,0.804974692585651,767.4582192299064
4.449620752333164,8.163656112153749,0.8261231127115424,44.57445523947541
15.987308850923204,32.0745553308653,0.8076394616610043,440.883313433226
24.016544451859026,13.90959412598712,0.777260467502468,81.40228021746569
0.0,50.749826744330115,0.8184009888038508,338.6284460882735
28.720005194748406,55.02029549923747,0.7789508347717764,317.4264997798338
26.46804824182625,34.69239959700756,0.9109086187759748,41.019560878709385
23.30720191837316,55.94097165409881,0.7622647902986015,637.2253194240599
2.1098219664691618,26.538694619978205,0.7605135001873071,80.15765599378511
0.0,49.06714412089993,0.8634318044459424,69.83826696475575
12.519985261819029,17.069495570945072,0.8824031700187758,391.4818278625861
5.740829693636054,10.453810186448088,0.7787260680567007,340.8035846529625
6.877493612702941,42.514299932576584,0.7546368573586733,573.0739365573392
31.126933832631185,28.186099796151662,0.7493706656851977,596.0319785043839
0.0,38.331449682573655,0.9144680922280439,494.15096301299036
0.0,35.25912726603398,0.9408445955467357,374.3893915112137
35.385498054013496,41.89189056082596,0.9278090197573552,626.4372698334232
8.766877460504395,6.929534543272396,0.789256709120311,631.1447830084838
11.862516685164248,28.431224456438223,0.9080460134901807,300.2486780907519
15.823424773957148,46.34193084775448,0.7673513812726735,257.0420148777993
22.130509350020837,6.867393012483429,0.7390993729837004,668.3476158961657
32.97108100938651,57.60430856803919,0.7466416958733206,846.278566398143
28.84703643828779,25.031087585060774,0.8408451222492462,778.5945737907515
6.162300141819264,42.76591578102037,0.8000140963605169,892.2844836394404
2.163728567137042,40.17011689329174,0.8483667943156386,301.3918054828506
16.764427020420072,55.180832216997594,0.8806035321741208,200.05077144267543
16.15846368237427,29.43670176206568,0.8988358377620729,165.15651459278502
14.301948511587995,52.34567590533164,0.7718495524828636,475.34282952560056
39.380580966088246,5.210623834424081,0.7242100604700952,664.4401169111246
27.45763388667684,41.00158222924186,0.7085002769643426,67.65508035587978
5.166836869139425,19.62086097213181,0.8332886292004549,147.64220308031565
0.0,11.42443763678479,0.8623273517759085,220.61024991085307
20.163760490779765,46.39440042700412,0.880433194712817,358.9604747321862
9.012552170712542,10.141594307906482,0.7343995008658142,691.1750465105398
30.749256222041016,23.70200442975544,0.816252876805876,769.4578687093967
31.857478188088507,52.02936179586326,0.8773647959916575,949.2227742150618
24.87992314266863,32.34614521683066,0.8211429937051961,57.99983207916718
25.186532784676587,13.746001542753824,0.7189715394144637,520.8667288676506
36.35716815535549,52.18563190046529,0.801357112044798,585.6363105008895
5.2880386202561045,46.402159651448905,0.7802354429297501,495.1710747515314
34.192866054959445,59.865918177204335,0.879351962494437,471.4942472271744
17.211051660460516,32.77501013299509,0.7262797477127625,470.13904292796474
39.387912390958945,42.75185760244728,0.7937605381723916,240.08554782501926
17.775272794909473,24.775069665683073,0.7935166983309918,290.2808390028306
36.662229772042714,11.585409875725276,0.8577379033521233,94.23713189797851
34.01760997453658,46.770639085496306,0.8119165853289555,354.2134069409441
0.0,12.820051178247441,0.7600358810815295,577.579272327148
20.712559697230898,10.006450407285476,0.9403389051586843,81.20952639081747
21.216192832653135,55.59352437601479,0.8471474310304719,254.17134963379021
11.710292979287832,28.061805952711854,0.7998449452261348,111.16380689553885
26.88244674715009,42.70441627875266,0.8791781623706385,541.5369907459162
18.93416659949919,55.972721259340524,0.7055112915379294,368.94713717885014
27.108865444204604,37.17834256099469,0.8102880812303765,458.6075735460038
17.80368732053934,5.531261546340101,0.8182338451089598,420.4218723066935
0.0,51.7578096899241,0.8261389383952755,764.0328017532504
28.008336276146544,23.933852363083457,0.7268265569469399,516.1795983387716
5.579711616332717,30.79574374109439,0.7704969870836003,107.85110105763695
0.0,13.721452194520767,0.8881589453279695,586.1094223349759
0.0,47.21037283160783,0.9405505594733752,862.6269416457468
30.376603277055025,46.87600408935083,0.8370711285350292,207.23675310030868
2.392663639659418,25.661711677307313,0.7094363159561471,880.4887943152951
13.35283247797814,30.56814853250167,0.8113622412616074,636.386863878305
34.29743166537823,40.44309588106085,0.8517415854768938,413.6376993219192
26.452774594769497,39.78827633836591,0.7605759375871004,854.8820721531065
16.73564035513338,16.60565385375206,0.7983176083619736,711.7871661987297
0.0,27.890508596562753,0.8991148798812281,496.88241057385835
0.0,7.183258664811172,0.7357137784003821,767.3985053172078
39.541456727378495,34.01542870267512,0.8122713664216478,664.192694787855
0.0,40.770129859898006,0.8383529109079393,656.4655063151152
2.8401762529593477,44.37609051065821,0.920582174514635,64.25140479969343
21.510413133298787,56.529935117591336,0.9249619833927594,98.06128515809469
37.13604262175661,57.4626561374488,0.7934110965150347,850.6346546476021
10.686099657766016,22.261475674493294,0.7362573834030509,927.7053155133738
11.126942328354009,13.098475385262798,0.9352700219979511,522.5796068564664
19.622887480389153,24.564162660620063,0.7636418307959175,308.59017276176564
13.00240796718256,52.137067159614816,0.7669714608560902,212.97440088051457
15.058980104932804,8.263374330337422,0.9288143455970977,78.3327532262139
34.44553843596159,11.361814805730807,0.8801894217437027,692.8455485585174
35.60005104915672,19.586527251188123,0.9086718872336232,891.2677463581723
36.529490483529024,48.24257625896354,0.802270895298973,566.4241349245198
17.06737159940596,24.15121701522206,0.8900971691441307,624.7119979958605
31.25016800141367,45.155990348873715,0.8818630721234618,575.3259601020942
35.782433813599404,48.901119102537315,0.80659543653663,661.194785035107
12.300782768514983,22.892147996979705,0.8935262270652293,948.9710753957057
10.847717463803685,46.623182110680176,0.7864894399249267,119.12260313227414
6.642810310933468,21.775582189465787,0.9059628274934179,876.3712615450472
33.545209705189826,17.488640956945154,0.7510568938389811,772.1345654005066
35.69013623703821,15.449711334216602,0.7209103117624198,528.2608881458044
22.544412820112587,30.08729798247159,0.8017033817042352,355.9442410442279
0.0,15.827337385814705,0.9021328106085542,711.7827734174382
2.254740476308615,17.016596115622715,0.7104353820674176,458.8696365623223
17.20468505229562,22.218356041467526,0.7325851716488675,976.3578137111874
32.100291493653415,24.24684763907278,0.9454377720582228,77.571530829862
19.570761248331795,16.161170132646347,0.8674261520435982,417.35339709338496
15.215279396560355,28.115158328503266,0.7698835195532503,336.7620980504966
9.05651816510302,12.929464997822878,0.8443389565295061,298.44563655578185
0.0,10.45823360182041,0.7363709171892479,414.92760409749513
18.193506842995763,32.18746516272931,0.8902501881062337,709.7699407244437
27.638754311808494,32.27256281932587,0.8999113909690577,377.6410368175839
0.0,40.536318066489265,0.7058315414678118,989.4376434781391
0.0,59.98893150963142,0.843843154919632,785.0477050684467
0.0,41.69129375095698,0.765053228077304,41.33002070234664
32.16948728605304,44.71859131321307,0.744667188052592,275.022864649132
11.49137350307986,44.38961204139676,0.913641885616549,872.078581702712
20.036984394393638,39.70968321018893,0.9283963477183754,144.99404918966238
0.591467132282813,12.66431502082751,0.8598006434988816,748.7137535345735
27.71340855944657,42.27017410172753,0.8685479104927477,194.51438501411135
10.718209193601062,35.7748838868177,0.8344064653062835,872.6759052753844
15.519045795029989,22.704733798441318,0.8133813096108145,986.9511524945149
1.6380737017719706,46.795791720426216,0.9276559098298138,80.53328009058791
6.370284716498769,25.056625780483554,0.8933121093754602,231.89984630988673
38.95813770695922,8.056459340961355,0.8310466878215046,695.0868679890407
29.60461538569352,14.515410181042542,0.7002611358011177,956.40375759751
31.00160366467824,7.4077965880445715,0.8256458989816722,492.01996440136975
6.329674424629036,41.40433370320206,0.8514981007592173,386.10294380895687
28.575533001384894,29.786182614188494,0.8846385805384535,606.8449302974151
24.085849408957586,46.182548917225496,0.8722549218284663,481.64434205136735
30.447603731701975,44.98989723861273,0.8572386245024964,388.44652867714285
39.96656314722729,27.899924586205337,0.7798230466091506,574.5816206384585
8.800116166787157,32.83228963377216,0.9236006423951466,657.5511358783418
19.518279868352373,40.80520009791028,0.9297811425782848,424.9150760457033
0.0,36.833123771696286,0.886706088815566,534.3742616995081
25.761002592875386,22.278843998872567,0.8458538574417878,417.78789151162806
0.0,40.73042009730423,0.7944260745392913,191.3214724209195
21.67168398476719,52.09483186331974,0.7259862528816573,289.6044452424467
0.0,7.78346579443078,0.9346481684451463,677.2227323620801
0.0,19.954623044521355,0.7753361083186066,887.0609268773226
0.0,10.8693882238123,0.8370571653378918,858.2984253686957
0.0,52.46286184503373,0.924903292940813,683.8120903707076
25.027068390579114,57.43218382414141,0.7861195533624974,634.0520571017386
20.208359163649632,50.2297761302602,0.7777360291982096,314.44322381137965
10.102551534716484,26.03093602548691,0.8151747645316314,288.4706621164873
5.13509745727058,49.02246364509381,0.8523585635785006,807.1304888549046
22.23944094361816,57.96275302564991,0.7548506715961041,446.55998646089
19.760255084372783,11.863181189676602,0.9116141237430062,320.2149501099881
1.69908576768685,28.711726355198888,0.7542673554775756,151.52321460333434
37.3301796652502,23.386823940905586,0.7500518640600723,984.9976652173765
8.020638363723245,26.701553461202565,0.7070257791588892,458.90948944044146
30.29857001050745,46.833136503182985,0.7942405421747623,603.4831031858963
39.849917733849274,37.93667517654706,0.9463478245236097,193.71375228149805
28.45653419167662,21.938801419114107,0.9419303961570513,99.83934651325359
13.210507549047092,52.586358185377016,0.9458584450640215,501.0150514973281
21.453968406610734,6.021669157794314,0.7416783606689021,582.7249654883245
32.38795283916797,21.783906986298597,0.777891783726258,507.8077552200671
32.577685609899774,14.823313426996048,0.7802497140516068,312.73715579784124
5.159718703609049,6.960590476885137,0.8992295499036458,630.8099439047556
1.5534782500613384,8.596293454580328,0.9201279891443518,383.14504880764787
18.69630051305329,19.59256328845654,0.7593709198490686,871.217113862039
8.92491120206117,29.94747646647725,0.8911153961316906,664.2263618324808
23.424130919863273,29.820919239819446,0.7317034320140328,574.4203609022617
3.26798394639231,17.954164821706385,0.850270432173949,60.25608910263994
32.08059447652878,11.884509138945354,0.8798171709850293,733.6191858910341
0.0,54.88631722455898,0.7587410187087379,697.1098555471489
23.872099234637734,47.889633440064046,0.712940157748046,969.1198770330899
0.0,37.84186177778935,0.7905007441495945,854.5151147189231
8.527736412394308,23.736826098245842,0.9016804162307323,351.3522351890797
36.464238516760425,16.26473809704698,0.93679856795962,191.5713539136291
7.253137322942863,36.84799173581482,0.8973330871517471,149.26073125571048
2.1708828034436727,27.348823443129486,0.8133676696534652,810.1106843695941
26.166428054376563,52.96283095040114,0.8222161520250812,757.3985138273343
2.188315549829407,48.7163814123452,0.7728619580003461,128.59781103586855
10.912480246934743,58.82242277346465,0.8641238409668913,773.5082218584408
24.73093517493847,10.783558643009322,0.7547199425276127,926.129640498427
34.98952012923259,32.65498701467735,0.9461528311608874,878.9757871939435
18.938302873321675,34.030307587203595,0.8398832163736831,450.32570065174275
29.56967713561132,27.192039195855696,0.8647860627538398,730.5652746356315
18.321951598702405,22.403708727016127,0.9437196187702253,211.91657885048232
28.652002160469568,17.4242561066767,0.8763115092553384,443.270187680755
15.778270536236418,27.9830919719747,0.9390014938562139,726.896099779902
16.2397358886422,46.39016559932383,0.7355649615819484,75.18637482168049
37.093713020909505,53.29369843755338,0.8488357166751961,244.7599522402934
0.0,47.76431311017608,0.7548035982884975,121.42587009663754
35.97581547531997,17.30718741593128,0.8737419812007825,333.01792855568385
19.242114126336954,28.79582708425054,0.7494725950120016,44.04675905968542
23.49999680261416,57.63662613771857,0.7645743799328113,419.3771253087331
12.627583566472259,5.294834952596026,0.8175127696556609,47.917118829406036
24.631515520959226,6.956227767669089,0.7205672531056913,699.8330079530178
39.195068452137924,43.10450254829064,0.908150574746876,119.55020056776775
29.624905225494317,22.83685008980799,0.7428939450948062,344.60982258005055
32.59188966218828,58.32972252020465,0.888012965141988,250.0111396509912
1.6141095796870812,40.18636855292156,0.8814582589088032,236.3456160097148
2.505361375166331,10.411612056194487,0.8175863813002003,450.2989514427486
11.208003568614963,16.604992210137333,0.909178274563269,858.3266071374771
30.329652732171407,57.96489242649067,0.7698242831987454,621.8404499554777
35.53522439124748,40.48589405033656,0.7233718482434726,534.5391974828129
31.766286297602548,25.75754579414618,0.7931481263688044,930.0164343902177
22.592198599040263,8.16578413132453,0.9155594733301751,497.9745904810817
26.77830598652342,41.65640038325639,0.8762119743339971,615.3906564213005
12.760019276897998,13.727361938019113,0.866562312800385,773.9635526845656
13.717198956390648,51.792208486638465,0.8862088360064215,77.83271871120292
13.769263472718594,47.525478574260795,0.9085596540281069,309.5012541873327
5.838789898992897,37.659709589189085,0.8673671325798816,767.4972585722003
2.2868309125068924,44.256584237750275,0.9431391212986477,422.80018640707243
38.31757748513346,57.140983309961186,0.703583410541402,860.9055112167352
20.965319285566007,25.43220591166916,0.8167097058788744,104.32952879802237
18.330135420769857,29.75968100486715,0.8491918056062362,809.6477614880248
6.792628706894577,12.711847466600377,0.7880329224769588,45.80359901873312
36.01477007984188,18.673550554640794,0.9094150174693273,605.0514434709593
35.381270508621334,18.047851296587726,0.7443820771831072,381.3797506179191
37.09067731523192,8.582016264887427,0.7879464561362379,577.3002725866181
9.644609122514836,55.598976052817484,0.8064340601003713,828.4563755565691
3.6260231698414396,43.58088157692913,0.8063714490361239,744.6006934022575
4.2390341793303925,48.733143439763815,0.7153023743057184,96.62480536886977
25.72268145666059,41.74323343481183,0.9346811930930387,42.58907747899286
34.712917185240286,53.29298961100558,0.7766472843917032,533.7372967215985
31.51060545147555,58.570944547475925,0.7886710116007636,958.9074067473557
9.061080280524244,39.71735306185956,0.8252991623299754,785.2912848116989
0.26983978980085555,52.18394441084016,0.9078540887962058,555.4402947708526
28.571051817361802,11.946698575311952,0.8146430097978394,944.446687762283
7.601257567337026,20.872521496865645,0.7811273253660601,985.9980705102179
36.02303495051823,42.608390443935846,0.8807784350658813,316.49312825087355
0.0,8.195095453559071,0.7436266787732495,794.504521419969
3.191451156375016,42.666425599449504,0.918738373893897,472.7066600419669
5.950240019444456,41.375690376275394,0.815141738005682,806.5518527512304
23.8930045134936,54.159078835806525,0.7577265904756217,963.2893608168258
6.984357118369925,14.114182846775188,0.8812186767681023,821.3533935868928
0.0,54.36191192373059,0.8538420949742699,144.289549086125
0.0,35.080767155618275,0.8609983954838443,904.1533149348037
5.700398563372328,28.868117109337227,0.8098433288366187,787.0011618825258
0.0,29.360461807775913,0.8437015211011363,849.926983107657
24.40400876443675,52.11177357762426,0.9237269715379148,626.225068189293
27.427174530874698,42.74100886215363,0.7615858354763867,447.7967667303853
15.684427046482753,44.08036656685525,0.8050768048661218,990.1766000750744
4.561242580901706,31.709808987967186,0.8305058952832829,848.790963499559
34.2048872369312,29.771084529764984,0.8545685071221795,606.577282884249
13.87882748428511,27.43558858955488,0.8772449676132561,389.830517833906
1.764696249239166,40.01684492092329,0.7079825663800224,166.70011473368558
19.118437887975993,48.09327977985997,0.7489938537240496,172.06119498847482
0.0,12.052521270549734,0.7077953636833838,913.8261357777727
17.590585215645536,18.510758837550398,0.886763155586862,996.4482120877753
0.9080745475476174,21.34675824126343,0.774522474115908,418.5760167897124
12.095331811943597,27.949970216093085,0.7825884578264639,189.17405482635868
19.72796243290111,45.36856878215683,0.7252559415496989,262.8498725343021
9.012209584536349,10.852028866951974,0.8067935749744617,979.761632820632
25.06448843099038,22.403563408386795,0.8722105574130361,187.81738512036418
6.24865047903436,43.6878513025119,0.7671506298814756,456.78922035329913
10.75031379300409,30.94339845527389,0.7369966907259721,622.3037229033081
23.296587680993184,54.87804644013256,0.7534720112831771,784.9449125601574
26.64918071092278,39.70515835377632,0.8195513476961405,149.8752249910832
1.1321904352999492,19.553666880553312,0.8545457706915609,268.95558046379927
21.884637361631295,18.125475324742915,0.7667055423340347,362.06293779267685
9.778882930258046,54.955086337747765,0.7290631230864109,749.1755836562005
30.745901338964778,49.44360161786703,0.8342783988822211,604.3562674931355
37.60820810976592,52.205746890059224,0.8746830362981637,870.6915849435516
5.714794037317674,14.572951183763408,0.812719499578779,226.16873767154465
1.8728171620481244,58.8910961751889,0.931752268395562,280.2740795646627
20.03191841841143,55.979045225793705,0.8173478865911737,719.4014080143627
17.50319499169282,37.14358747395718,0.9271208800757142,876.5339186474963
2.8513291822416544,51.373858690363384,0.7246087940369076,52.05092108005459
29.069874801679195,47.835165781631716,0.7716881245586225,918.4465527531465
8.911624740285934,26.12414631145246,0.8001171597066855,948.9481330975934
20.81273515277014,31.78636263160741,0.738209126791622,755.2963867396343
36.3586900242468,41.35794850220659,0.896883339019652,137.24708941748145
36.242867195628484,23.619190945545732,0.924156097180743,925.2556213905767
0.0,19.20793126441355,0.9257998018809723,809.6635537324224
30.314940778136997,16.00733434715161,0.7647217801021862,289.8490485980741
11.717319412776536,33.107717620669774,0.8657607157168596,208.95739345344683
31.122771558917936,18.095413393125472,0.74982654288016,540.8969017312029
7.648358485272366,17.782090980696193,0.7536335779475929,795.8277030979891
17.34135764282528,29.622641912436787,0.7976590022398781,398.45921279779463
10.459533985477698,38.23106081428886,0.921659378953562,789.1336731616306
22.001406501226665,23.214746466541293,0.702500854299031,87.67562480682017
6.575139506599435,17.053142865607096,0.9209893999316516,577.9056693757647
23.181886334423577,25.126268510468638,0.7022056643316108,438.841188012854
5.52629978299785,10.740352744320683,0.9245345180564598,658.6670741129848
3.7354161880120285,53.03683526393306,0.8713829828906123,286.34574812774423
28.166648169796304,21.98269178595721,0.8821474600987291,852.8790771874204
32.26503632391436,24.48105683655259,0.7830627477021965,286.6594247088365
37.33153370449656,43.29891374489706,0.9412604173606641,49.15928735402748
20.200862296549566,34.30874865203138,0.7420998120807843,163.78581636942124
21.77545010383314,30.820609457359367,0.7049112753175768,210.9805984480338
18.794506286075425,58.276534329993446,0.8726339207168805,598.1017858390014
18.30847373166462,47.33186468461232,0.7282457286622174,46.78399566550809
34.980167770479724,52.44603914256739,0.8300894307154979,314.52680406046215
25.45501076833106,38.99111345296137,0.9250890385164675,895.4280518796062
22.154288625533862,31.605741117018564,0.84505360381539,211.00285368580913
10.039207370548493,24.702293021640898,0.9387948512478566,318.0069649628658
22.740564619805802,51.171524419769554,0.8123049695158846,605.0156736201119
8.919485381227222,38.14203605610485,0.8900547479421748,494.4051754533001
3.2562658137599,7.936538839551169,0.766510032668937,145.9264414624546
34.733429260203806,31.2134851585435,0.718351212551472,111.72424433472287
6.3172383782012,17.248120660585364,0.9011643373965819,377.3633308799837
15.33332028514764,5.330236891296679,0.8788831237846791,850.0995518874752
9.80792939262043,44.58632006905303,0.7779919477096932,164.92897089786695
0.2734549851957855,28.487427209918984,0.8240030439955881,703.8850026070752
4.711419889679927,18.941830045141092,0.7501912893625103,974.1854711171884
33.56519794350605,49.02120365888678,0.9305994102680841,438.6329164107422
1.9030660765727272,33.491791990520284,0.7002415377995688,639.5206400280676
15.196445722055735,38.447140555589925,0.7852292059144153,625.5902387766521
36.69157414655281,38.08677465455619,0.8573531317732286,147.3479615920186
7.756862014164137,26.014019000622874,0.7274400100090711,895.0924931085424
5.298391778246195,42.06733668381862,0.7943608721037883,101.73570685614507
15.51188522445462,58.995214676278344,0.8525790298549827,551.5972729982334
29.31923307310944,13.580195850041628,0.9081100098491641,600.1572523571001
29.562999618087122,41.65393057093695,0.9339590649999322,399.78064944621525
18.264273515579884,27.54366508809041,0.7295747450068872,196.88455234823917
7.380949329000553,49.25333322580371,0.9212140553596219,387.94275126857764
8.835803887287135,56.998665466867145,0.800906825540693,577.0632018596668
27.370170762100148,43.76454357999069,0.897440328231863,733.343376802335
35.93373938825624,56.303624450754356,0.8070928478231988,360.9552690328491
31.86706779206393,35.14746487691996,0.8984152334844995,643.7587405984564
3.6609822374463152,56.70784362595243,0.9097784200420478,383.5405512459185
28.390399602468896,47.09664815436761,0.7494851266034377,486.5945358651428
0.8433116565235154,6.303713979794188,0.898101315207505,424.07862451461705
8.444212540297572,15.38617592893054,0.7523658525023952,984.4146367984102
30.384355684553515,40.51370363489553,0.841619507166071,407.1069676478326
1.043735357123077,54.23237121079669,0.7289772009622688,706.3729824108277
1.0293228223935893,26.65715765088171,0.7243170908292808,448.49696164626766
31.286201069983402,23.26517722904699,0.8147426038248244,381.8843092512592
3.291534336389445,29.564706804124288,0.8962976326988814,530.2114864602514
10.268601824061196,6.56771172095072,0.8707007662075745,270.5151773259332
1.7318041003131548,33.07577572524971,0.7012850402540527,755.8643278765343
13.263827317861368,55.22163789605432,0.9284231057309027,891.494923984174
29.28277197565442,13.418532420020187,0.7833089013098546,312.35393380427826
12.182904620093234,33.33402577224058,0.8944755886200848,442.97067221316405
33.12188543798028,13.893497277551601,0.9146396436661131,250.8333244727479
14.547063071317856,18.797136696581987,0.7738517520333554,971.3758261554594
2.574663153049227,32.37096483032984,0.8627414996645897,898.5635691486959
3.3567983765336775,22.470517497709153,0.7949340982575797,748.5486644539909
25.964881943000282,6.523874575233827,0.9039264258448461,969.0801527950897
5.60408611719157,43.35262597947373,0.8498116995646936,790.5486927892943
32.21993404863388,11.121277619398644,0.7797611855995125,683.8324802986369
31.48664090112272,9.841162466021093,0.805231354748549,591.650390985878
38.311785585529606,17.135428828220494,0.8888038377706917,439.65953734816344
22.52974581148069,42.43223555547546,0.9368949083906694,910.9231447438439
26.854650193822565,32.04850623313785,0.7101993091246331,882.5709812784962
36.157592007267105,7.253519411568979,0.8175739201127531,303.6000607833395
4.853930788922157,41.84046345101704,0.9097496499492586,85.74421294437016
19.600929230734394,55.530462074745024,0.8908464285680707,188.29057710522702
4.997160904649874,31.909669014912144,0.7707402748115322,231.42535208688867
38.410210034092884,13.224757404147478,0.8593211166630064,410.94251091512524
21.5999028671365,32.05131279038401,0.7523284007467177,464.1991134583403
1.26291782534751,31.602506306967207,0.7355660149075471,596.5816434932326
31.480777395190568,37.91244467821711,0.7189559051336696,429.4062673300525
5.020680718053475,50.160686576968,0.804970105671549,378.0302405120812
25.643628932839956,40.653556396593245,0.9434623977427777,86.01872283017812
21.785691097271197,42.47215030782593,0.7600193781663102,325.50421148889114
21.812086511234664,54.07401337928114,0.909276059117412,371.0467145429486
0.0,14.4890257956561,0.8322440402015436,488.2842841630752
4.825254333926567,32.15988009907904,0.8982909448531894,742.9488527298726
0.0,15.73631215380319,0.8794565732167777,636.6410329349053
17.374801219395795,51.5544923499507,0.8476582046047398,518.132966774996
39.6934194154069,10.36250238493244,0.9216693090236124,302.6065995100722
10.114975485395533,27.822014330081597,0.7709635140250642,727.8737162423357
22.467816912315676,29.233630618309313,0.8636088233518238,984.5700039701783
20.74619647340704,56.75101003689873,0.7391033044016446,944.7145764025424
27.362319854614924,26.171069421416593,0.7821825388246137,274.40038617561197
16.002672435102212,35.135351072107845,0.7992693120534546,318.3725958593685
0.0,52.69434106743701,0.8714877847305825,88.09648189465679
0.0,51.87679129870927,0.8917711894298568,261.6665474050291
12.552697828214551,23.449700152337183,0.7708477493708837,942.8012524597818
25.870710114532265,20.76988961986007,0.8126046662235136,254.80701653471783
19.096412510041194,49.62561616623496,0.8398816996499585,489.1858586510136
18.045611815135285,38.99732883223077,0.8212704014100262,669.8596671613848
28.426932749474144,16.36502507034674,0.8959377721044548,285.61327733464486
17.72091898839178,57.695695077699526,0.9410840691385904,605.1575105563709
12.412678991791223,18.746121869920596,0.7856412843178807,946.6412710328306
33.76565149359811,14.984968934179339,0.7880611476924478,979.3944929163706
19.41799021898707,11.381766284976628,0.8153708907593362,115.08562962429643
7.550056132969876,17.641566647280335,0.7500418077900649,341.8593017617319
38.436223718606755,6.840212307080666,0.9247881882572055,432.5168408933877
25.73854454719591,5.609686228500943,0.7807578579970295,220.08258310590006
29.05717033588467,21.9216214878134,0.8604172380587998,448.90656219620433
4.635071406637613,19.562011477342352,0.8068082295792304,973.3107064905265
10.582070920347231,43.867900124569026,0.9269472389016241,522.1980632205306
24.305301523627854,12.500456162335917,0.848586837696901,369.1195369620739
21.27886512099736,23.251109243135176,0.9279964033069079,496.96985456075186
2.078977128394987,19.543843206984874,0.8429411838601586,56.02649350324185
26.3510604708999,6.4500425186633095,0.8670766151541558,814.7600654942698
18.54821854184464,19.662655770488566,0.8837395066806354,954.5725853862065
0.0,43.630303026851344,0.8499091248541426,266.88829498827965
36.59525523363763,20.40578820555768,0.7286618439023029,174.03755604361234
11.320150798801288,56.250194278403924,0.8203679905839731,473.2428440560348
11.425167916638662,31.719073128112615,0.920436013212409,278.58200067909604
26.82550724197034,49.88386430599637,0.7081486182752997,627.5537228637351
14.246064112370542,26.444594206044798,0.7073002087866103,459.04714178315726
34.037207778074865,57.97986186225509,0.8384846029736815,505.98986907418
0.0,7.4176462353042085,0.7119314468334808,123.86856590861694
0.0,52.7681968374839,0.7804523592912872,345.1633812518178
10.02674639792319,45.26763108642436,0.8115029120368128,583.1530762150435
0.0,39.423172992306085,0.7229564778942618,622.5423501378158
0.0,41.3376288893409,0.9218299146573737,438.42045342194456
33.77214071196823,31.888314965981547,0.7542621046306252,864.654762239821
6.154948551112443,7.203385564676629,0.9489510122034006,241.7492307818553
7.640577498668075,50.922066604946444,0.7438897713877443,584.4302522025458
11.809755235249547,41.05572097678216,0.7382909462408872,142.36577464563695
7.4675452711521935,22.365580045097577,0.7592703374297641,980.3722262748535
24.364985343501296,5.2006152817604905,0.7306153042608519,770.1119103922482
20.577350855002685,34.61079088162578,0.791970673934659,488.17174084881094
1.2381353230890983,47.60869953336602,0.797855229266187,642.6939237954441
29.358313356876042,52.963645410827795,0.7133965048266149,839.4995323272101
4.5841237742302,37.69034663044783,0.9301333594337399,188.56906835076924
33.37218651553693,41.37051809061277,0.7032079516615503,882.3713102785383
28.461005432909197,20.67669065579541,0.7881426838432258,345.03760663892945
1.8003833642267613,18.286079862302167,0.8474780960720918,471.6739852104057
32.428147591143095,51.8627681265435,0.8867029129991716,107.9277689593005
36.47653510432163,33.340156051269105,0.7548142699423608,932.259763239534
35.512560788506676,44.58227202746994,0.8562122167290954,430.66387174559577
35.61598453186762,51.379832216822365,0.8338514758966069,844.1391455408095
4.567590212720534,28.484762563561386,0.8948792998558405,303.1906503198689
0.0,45.5188313161077,0.9203057520094218,188.27088455549415
2.7925379049763364,54.2005870826043,0.7418068010711576,628.9723287798822
39.6805933105603,49.47275995632619,0.7176350545620338,427.3624621300822
20.173985158431375,21.815316515795768,0.7078163614910489,553.1526637157714
18.987544672665926,11.827166201666511,0.891796219475952,238.897951652969
13.772540838673088,56.45620490620535,0.8531535783543521,254.45637247918734
6.116832728392103,12.445879837867324,0.7082826689496956,627.9975783926909
1.2129087368771077,5.4760875384751575,0.7389916283381153,170.38413095789235
21.77310228559334,55.223533471348155,0.7316700123771391,126.44191164538633
27.973552211476047,40.57360488239289,0.8132515191689622,248.54869399900767
32.13143477769454,14.244296692612199,0.9328231070903276,613.8134226147429
0.12415902462094189,53.51096334474025,0.890537978124872,509.40677143350354
11.539841031636136,28.010339468327818,0.9418137794055064,684.8815380228281
22.69531819544612,35.29074350292016,0.7623616278567548,45.06125552202544
3.624489646956333,21.70708163209404,0.8224675496720701,136.1263346109216
15.401292392075078,21.407639292988517,0.885431990852035,531.0699411616733
15.006796853100004,20.718511850279718,0.7531568072484547,446.7407352822574
38.75980270722379,10.318817607733184,0.7139939044919393,680.2558071235361
0.0,43.27653268565863,0.9330405263108481,671.7694476295912
5.148987018641879,59.94476632556842,0.7498923171783272,75.55315287694647
35.52704555463896,30.975171213565332,0.8593567285532431,218.37163015803685
16.986438460073597,56.516156564122745,0.7301173712989372,739.6330924091712
2.006654744064984,33.254783276031844,0.9013636846381269,848.3762714438342
37.489092646061074,11.587897057762435,0.8360294110455456,51.95789464209685
26.96699597936079,39.265178860478535,0.7345608203874728,443.06081624069344
10.187015798497841,14.101583734295579,0.9154894132291859,100.9729355408601
29.43662710520178,53.013630271032646,0.7905333102975024,921.7002844197672
11.253005391855126,37.29667918372924,0.863741018589792,763.6006646243152
24.44728735197749,30.75824722661351,0.9388382552803347,723.7318563424384
10.067844429458251,22.171955899304805,0.9177996116016631,375.852963830083
37.1962081225893,33.55918218132659,0.819201963826989,699.3304820212886
21.513751806999796,48.933615934513156,0.8377655155087015,313.71004595636356
14.56469354134216,48.795216128976875,0.8332227580033655,382.8764867291483
39.642819844755415,44.95243516557433,0.7945897488970477,857.6174525461076
33.14257663062922,23.72504579768725,0.839513714694556,62.08305825324949
0.0,20.013058790565523,0.846252523232838,47.55587812292298
18.07042026523548,31.980828576831318,0.7180799930862485,282.9060688235228
35.218603774783226,7.316169680108798,0.9404841059743401,604.4215444267172
12.958147853120765,41.57119831447525,0.7364397986199283,560.8497426726021
31.071954461055164,48.67838217850296,0.821218603877187,674.1266241094236
3.109265173400132,14.791462793871139,0.7482702788080224,380.94230456849544
33.144975043711426,58.9051505369199,0.7101962535535646,528.2508287975029
6.848695150537064,23.561640189055645,0.912330486020875,437.05242120480943
30.20246101114802,32.50834239223882,0.8098510429480013,671.5298635650769
0.0,9.118718550981196,0.7208075632575581,96.47706674919867
8.044749696136702,27.22901161960721,0.9363960817179019,876.2256987048928
26.11511864584491,23.277759479876863,0.9496753694438916,201.29856954813303
25.5377438216497,17.624754657049174,0.8874110854676404,233.23038351180372
8.777509350765655,8.209273113060341,0.8976911259465543,624.0611626806324
8.674837434174743,59.217437799279395,0.8634808829435241,807.3396357989803
19.65366815499538,36.42648650164036,0.7501632401682908,41.630534277828346
0.0,23.923564606718852,0.7726999655070382,352.7525149654904
1.576755735796236,51.2916239569136,0.7905649750381737,632.9874657484148
34.11369643240632,51.82405256598913,0.8803350349078427,378.61110245911743
6.479823036323441,12.66297113639268,0.9175548652325525,268.9779809824098
26.87165952451702,45.43177277561586,0.894088508565179,178.8386337146065
20.117003330336388,55.04304623922038,0.7531092597427764,751.5239269147667
17.20753635003542,25.804672470567045,0.9268191540619618,636.1772662103014
5.207725563029687,42.63753560295791,0.8003088018440184,995.2424094976084
7.316311154072149,32.98411972206478,0.9423553016588796,324.1526787027328
3.627397539729359,9.59880844173559,0.8957224288707397,337.9706274129186
28.63023024725146,41.43849965051198,0.8469672016561418,484.9991447967466
35.762970648611606,11.65983243562942,0.8937849084514292,771.0044849910478
12.386495375554576,16.07237459722499,0.9192558281727192,485.25994113518914
21.008692953735473,32.02230833717319,0.9426010539578371,749.2897504347718
27.62691973857615,21.376745033000784,0.7328896226273702,400.40708945843517
33.30013721998986,51.40544183549853,0.7698201563729633,754.4658546089224
0.0,37.551518637682086,0.7268647331506518,837.5742196711398
26.381819867292677,29.39066613405536,0.9415182433616937,756.9522285106815
9.274336236066787,5.932172851765235,0.902094116598775,474.47666199449077
0.3016064740587386,17.82824558967469,0.7433364783272782,342.27954447341693
3.3434307790633917,8.035286983941422,0.927346910700997,58.31862148466911
23.527099029914755,12.49012366775635,0.8907503214081294,681.1822116317612
34.07605645285021,15.024624785184903,0.7128962772385196,949.7773269515747
21.64126799057852,47.84796858561043,0.8619418793762361,639.3362657558
22.334068761502106,52.44236260182218,0.9381883149092631,482.0288213957804
16.09787859145484,33.08642403279873,0.7800250320309998,458.1419160393486
0.0,59.670893335393224,0.7700137502896547,320.94332439454945
21.75559153862208,14.841498438654503,0.7904530222523078,580.2064302969221
31.362778373498205,40.437872438680216,0.9250807718500601,152.05016683460008
35.7629057393699,8.523234303319052,0.7224131350398084,339.9434549757242
23.915037486439335,10.140890172531119,0.738243249768149,724.0880374319017
13.104322838058046,52.84943225112864,0.8210648634001998,932.21254685805
36.92112363424988,23.21641268773269,0.7045687222672484,793.6354064458967
20.550972958434766,14.826055282632225,0.7600863471765202,326.4502239963479
36.710386859878554,48.50228309545237,0.9422729801422741,69.15141685672147
0.0,20.502964998763215,0.7516061863199974,504.6813662138461
32.25242027424187,32.316877762358544,0.8584171388355277,136.8741734528247
38.17201081765335,43.054079708325396,0.8109260228024995,626.8258704003982
13.312600567512904,30.747020317583544,0.7137706928737388,92.05980948941306
35.2880228441577,58.9385472152782,0.9464197852103791,857.5731935887072
0.0,34.52057523035948,0.7349232346880689,162.8960429498295
37.60273296302615,57.21836985488594,0.9418814195733184,829.2409712579139
27.91370464004512,35.648357687764694,0.9188772226782645,177.9765728742743
30.18239297608664,59.00257568479858,0.730213375515871,346.58729966677
21.990948788261893,16.53344287944503,0.8375293802117729,341.5610402526668
25.721702505329734,26.99519190151242,0.805999133230185,117.63565660505968
28.20025922978017,12.996653110795279,0.8602523844220135,341.02489638143436
30.245785968529404,11.655930297196084,0.7491926375720165,385.5400812965196
33.74490126446775,25.004031075483624,0.8962756124713582,284.38197393838686
21.875019944493943,30.69170824457871,0.9036160106370184,744.6880390757296
4.654578559057441,18.202649359365534,0.7843817707470572,355.57717107144157
0.0,55.38509504960591,0.8394593485247265,427.9806328352456
0.3424186501355042,16.727238644746684,0.9073428436205697,60.367470754863746
15.06959824660251,46.795225928787374,0.8286379751508461,279.79487830886126
26.440865303375734,54.72747911940439,0.7400408544642053,212.27884573206398
37.52043027038142,26.96821193324628,0.9129465445351541,975.0070222537819
25.376456118188806,22.06021295788801,0.9445790913370082,67.18971783964271
16.954870278190615,29.096349059994733,0.8386932024997367,931.3783778300941
1.2206969971068538,12.669769132513991,0.8384626951748515,558.4455984342707
22.039116248698967,39.58204921331997,0.8122625620033525,892.8888196908267
35.28909317563677,9.059649625777913,0.8848962615630306,818.9378997143413
12.87569322744801,21.782056340628255,0.7856490090234487,770.4348491507525
35.536165748889644,25.96984204424318,0.8097070232864294,107.86087770031276
32.6576982954557,29.026616997862217,0.7193256105663903,662.5817607475732
14.935976730654405,58.71840644301325,0.7366994005353833,776.137424475297
36.39745783767443,14.649211387818852,0.8073011592530815,560.9624298263739
9.06806307636398,47.10277002266659,0.7255765827504926,687.3235240276596
14.790244131815411,54.805960881116846,0.7839764354888437,63.63801699443801
31.084704900811776,14.568325196180758,0.8610399301674391,124.62087028623105
11.237136775505897,23.747870033938508,0.7384282735758396,718.1833691604614
3.9716416326776645,30.304436078049722,0.8254352605053102,770.4375258902479
25.226066982303067,59.58596886776914,0.8699475631853799,858.9529602405315
16.63765148791085,21.176614455849542,0.9494140281703332,184.93351698749504
0.0,12.029139322477759,0.718732246812122,314.8462414094005
12.968138485167938,6.292523472645064,0.7446902523143829,614.858318559669
22.154159434936187,16.573498191439658,0.9362513997500891,706.3186379346337
20.56719773783286,50.43593447784498,0.8342159095569867,420.93589681143453
0.0,17.220076216059482,0.8180713508820027,750.8457122574032
27.242577547899398,14.76753409850869,0.8394935363307019,811.1550428130209
0.0,20.39666292500269,0.7946417559065049,767.7286841786174
31.231132396524806,51.40178043045601,0.755449656355613,595.0415446807409
15.79745060257782,56.61836484639977,0.7544214359081229,576.2117023601307
12.302263005614694,35.99381455333336,0.7511321248489842,674.5919403066744
11.761375117646699,33.81418131938397,0.8736408231743126,921.0568786134231
26.051461950414843,30.917334896612065,0.7155161926341116,186.27764612223214
16.418160057118428,12.493576353602002,0.8234553188229832,230.18671279926767
0.10709724105231667,55.48619024666161,0.8373288067733715,793.7752940799853
38.39707385731785,6.344038316905272,0.7595467883157827,858.9948207142752
22.992753339851923,19.00499888942977,0.9242879452356951,857.7924805640492
3.877027436157433,43.859288480152586,0.7834877710111663,139.54332090059924
37.978018953967194,5.0298367340345465,0.7996816064469926,310.6924345388761
3.524264020482045,9.178009205081324,0.7068148325802606,984.9550610855023
18.61629903942621,17.49754304143823,0.9160825535514172,249.85828848832344
0.0,12.280804772553013,0.7177350742411552,981.0845680036567
15.962559044075785,52.38047583054153,0.8113823404325986,143.6602499795309
26.491585166788525,16.794488385769323,0.8928187942932577,873.7773022537906
26.683149307876928,53.22667507379674,0.7409199036792731,666.3643403594746
0.5771392029072572,59.10465379514285,0.810185530459759,99.21848109710481
1.74601088961173,39.557978593007846,0.9499366123222713,689.5106105409927
20.47622303606144,34.38422144815785,0.8873512491094684,349.8060544133339
15.703054593299198,38.310712347889876,0.848506659899358,769.2542517473257
36.99032415735335,39.114477546027096,0.7173171560446983,620.2959302890682
0.0,37.0351753403055,0.8534937103666057,426.3285038782971
33.03717140414839,41.52670312079014,0.8903752546946008,695.8353304559781
1.5242807964267162,50.102457913461585,0.7325498891427541,942.835217670793
3.5819974530054335,51.08770579259091,0.7293490360602044,932.8418956685686
18.00571686127597,28.37111752220822,0.7711296978757611,504.20579561319744
0.0,31.127463970998132,0.9159525209126455,803.6459162662328
25.211406005160864,40.11445890160834,0.8733834836714884,411.75830451664064
5.225720510713659,50.488250976742485,0.8329196564446475,282.21244723474683
0.0,34.75028946391296,0.8814666630865439,597.6431148938984
21.956645654856533,21.602090074089812,0.8410400857625846,730.9359372443898
1.0476165257810994,32.029832072409576,0.8436828871336028,633.1898151164164
38.639001039436394,14.737717853782716,0.836842820854857,293.96039177912274
19.930322577932092,54.39928452435876,0.8541744352057804,599.496993376824
3.031015851396086,14.605504786671444,0.8889603260930012,146.44829215478165
37.57787003031142,53.24460441085857,0.9135207459201526,457.3742048124304
25.578344357791135,49.64072708268331,0.9408140234446767,265.5963589113758
5.483076756239822,24.873681760334563,0.8678893872687028,113.52972229836095
21.003379955775053,12.427330039128824,0.8659510985702833,930.7382036032525
33.371161082666426,56.411076021519825,0.8384066244668904,901.9169151168447
29.017209886254715,49.959255008474926,0.8361428019530034,438.8317338076096
27.173687007059367,40.21859150652191,0.7098549853580736,124.1801878365523
19.242878049408926,39.59568704278408,0.7253762349877566,710.1703275688423
29.602282595849324,54.556374328542766,0.8134505780848585,313.746083259915
24.064002572797886,16.74901297967971,0.7502661969976476,761.5126688233514
35.16842385341968,20.172566841943546,0.940141840726165,837.8140110486878
1.798033958156834,43.454762619040324,0.9458638159102204,187.44275945352547
30.278411374214905,31.687938842921987,0.8591123505696143,167.85555675140526
0.22142514691790788,8.625713502830225,0.7153440922376678,966.4298343963263
26.365454496855225,51.79109083676756,0.7064934790025743,511.03626487001304
15.67690433842035,7.460602938287239,0.7011567233718631,304.2237520982307
16.0431569142759,53.531272546173184,0.7373330268772014,348.7979329870331
9.726567053734462,40.704334253361196,0.8147090750992972,991.5597597496422
17.760950700186264,32.31450607660917,0.8982754936877071,871.8569308499682
26.258328372117287,48.74862191769187,0.7208201685470503,573.9258018200205
0.0,21.715880260695698,0.75445244042074,389.47507918749955
0.0,13.676768165684216,0.8895183870381247,737.0908283162521
12.57113887207219,39.59624091747733,0.7629119097773376,761.0899221698334
22.18260693175953,8.451478375257384,0.7253836365450411,849.8024729720993
32.930910311518716,23.433505436771103,0.9372883343738763,375.42578964497943
0.0,27.93386224994178,0.7592952743942081,116.46975268410145
24.752338246900543,27.38810077983823,0.9255780423444043,214.76724991867073
1.312775419669992,20.570863982187696,0.9130509372175988,124.82562113178432
20.718638549269404,33.03210377109958,0.7980367968023216,853.6117028716135
31.797555927625222,40.00201979439833,0.8966396100849038,784.8449261790797
21.913423967353,10.773786285304274,0.7581044461640651,917.495743941566
39.27478279577078,30.941754665924293,0.7107097998542731,577.7481358069839
11.861704903568862,22.160685673214008,0.916768323866448,84.30160235759135
1.259374273357556,12.20552379566869,0.9067804718427012,60.919371116428955
0.0,53.05031296610057,0.7580596075136896,187.67565756969245
0.0,56.99839326362033,0.8707650918102698,109.07099295851393
15.45867661728841,35.064940042800984,0.8432063514254381,253.47869606541292
19.545256207752352,32.37408898401581,0.8185207065291886,718.4887952270595
11.222797559951065,8.926649183283079,0.9182082227148365,847.46646059465
37.82643495743708,32.441644739072856,0.8345155552748714,416.72882336724234
7.715010738196039,18.37035463411378,0.7120975974205074,521.3544126926562
38.20656595089636,40.49658682050254,0.7939636758507695,323.14607092003246
18.514471201472972,35.58654222992788,0.8837084241877062,661.8973124314157
2.275861168781989,56.49396461543812,0.9343886301288449,386.2274561991875
15.257715386761006,42.2087767680698,0.9327546792806978,525.7596759673363
35.825586004856795,14.975215626505864,0.8754020444743574,334.7999463990692
18.01888456253905,50.00420507629017,0.7590346576507683,754.908417053349
10.977756368167388,9.150504988250292,0.7546653540493928,41.43049091921828
27.078073582152967,38.20930161822819,0.7172013449803307,405.1546450579792
7.26413495601032,38.17325057047974,0.7223870685763643,368.4192135954017
0.0,14.410402546001778,0.7124568385755196,776.0688291204715
9.690891022273657,21.376459208022254,0.8614835336625684,609.0962072398887
1.7173397521157248,11.167762588842859,0.9371049804614218,522.6832851433478
0.838556700402633,53.78950472638057,0.8382770725444482,448.5526219949016
7.390278996732842,36.4018859904139,0.8731789742094951,794.4648061813184
11.984768810760654,28.627093942137247,0.8557254312406779,406.42994496655336
13.18650226943233,57.166127308538755,0.8914654528098294,984.7107292875753
2.1509452321784166,13.911907977195462,0.8955405539366983,718.56882489463
38.788870554818466,56.1629067650089,0.7480860159391682,945.3993064974998
35.552964067656106,37.682806023195205,0.934544327801895,612.718331137836
33.352758487076606,20.806163447839754,0.9192461209125518,669.7514623083769
18.851320319881324,14.408325601441923,0.754299178822967,356.84929299743396
31.491752627276238,45.581435079485715,0.7024631300217041,273.364456918871
8.815611237174437,15.637373083425675,0.7130609404978483,987.6787423700304
0.0,35.336827958160825,0.8304530024545178,601.7778593823537
0.0,18.70722234875353,0.8242858675139981,125.503734202435
18.882440899836634,32.99800310790637,0.7680749228289564,347.8239238981813
1.5462278468097463,45.31953700489246,0.8535335379152994,50.03122872946847
21.58591415820269,43.87216003275717,0.8348992582215896,90.96364159793801
24.34135312309868,28.280314621005797,0.8999292527965579,159.63979552834599
34.12883236569089,38.46663533778354,0.8998314672515275,601.6104548766713
21.61111825261511,28.873595983044716,0.8359693631441537,776.3184690241993
16.44466405443994,9.4555224374959,0.8638754569191001,560.6418593550555
10.117340034544343,7.603258864336018,0.8071584943642706,752.5693049842814
39.866219120488346,22.59256212929157,0.736486185376231,643.6914459340074
13.264654842096858,57.87897969535265,0.7318323037703431,617.764298343419
30.037757727100765,46.80845778597861,0.7008462709135952,690.20362715795
0.0,55.7264428134597,0.7612021449548759,268.5703129645605
34.3647326393653,12.091148166132317,0.7693137565813815,923.8582253398674
33.269921949457526,23.571283607346416,0.8550981173194301,196.5716673845932
24.27466528181858,51.554574942480315,0.7125727026026082,463.28916612875867
27.18480598094346,15.06832090659439,0.785892152500002,455.32284305934405
20.780606682131832,36.334786510168456,0.7389824352591776,41.13931007094681
0.0,26.828775936049382,0.8631870235896585,665.8897402018429
32.31770360758929,12.394468918271865,0.8713838399901084,919.066122621545
29.980132355170333,45.471802363881636,0.8417163980509663,815.5870258688652
20.59158934164275,51.08453341799139,0.7262065409503993,233.3268486020885
0.0,37.84677278743197,0.7824662180244586,201.49230237609765
20.897421369268656,42.95097122668545,0.8664489762408911,206.4974603208444
5.903326427252354,15.520873186724186,0.9151946216690368,317.92812825824257
7.524995704332132,50.85546965685737,0.9049505078459945,948.6457837237725
32.70678298374238,21.07782451410207,0.7016709358915604,261.72897923577557
0.11007930434880348,43.02522704362664,0.8268442984587384,299.14797658582506
20.49377723442158,36.52714973035112,0.914116384446405,708.8957283464982
32.81009866815045,39.730491275355924,0.8884221965974272,372.3143217686436
0.0,56.72845420050025,0.7067285390052118,540.6093094999644
20.18885020551996,9.402438282291913,0.8684913453592197,573.0880751366195
22.02750063661081,52.37648460259408,0.79250289472742,872.2355117635225
32.70192355782796,31.111868960214633,0.7970594034334884,132.151251709891
7.2250237149198355,54.80704119930327,0.8734425704876432,281.1083309033218
37.08687694135653,13.2815765457216,0.8667924396152376,914.9129185298215
2.5683915145806333,55.17452118789732,0.7572803758561791,591.7119689011723
21.510388488872483,34.84149452151378,0.7172437687001153,381.40817260337025
8.940313894524559,36.86217186791146,0.7671505771883034,704.1585160072412
9.565679262200888,31.53772592060729,0.7933826495497094,337.50947814620446
5.942133000264625,55.944635042410155,0.8443010903746411,838.9482247201678
10.221624376016084,51.24757462077091,0.7855773553598937,928.9658099558246
12.692716281170258,18.74257276054016,0.7555485009125923,814.6533697765822
6.653292250369289,46.053052091630455,0.7082565261672084,159.20007899451352
1.7585858210550178,51.99543565397108,0.8708155519216472,946.9463394459096
19.46939602343753,6.617356662028103,0.8365069923745052,114.58332832046213
0.0,52.55679369994109,0.869656532526099,712.1601947851441
26.73425099906837,58.80531801207443,0.7882150829539927,543.3775678745179
20.27216551036018,59.955531631077925,0.8227252391763671,114.38636987049058
0.0,13.669449087675059,0.8789820784880967,286.5243273899527
25.365151095278392,28.281896404695697,0.8905380177949745,871.3028553218767
1.9259052077848622,30.551073448225814,0.9044060178112543,984.7523720904672
1.3027996806563533,43.14158992126384,0.9081744812082999,407.671982257252
0.0,37.760676714902594,0.8400525081638227,641.240259322697
0.0,41.85893158542811,0.8200799061668618,558.6319652669717
19.39631656575601,49.76370941867047,0.798182048180581,293.9790160611298
17.923402778329738,32.159389748663294,0.7099262930917943,360.98657005724584
13.766723258346493,55.89102970292741,0.914867625040934,913.2761414927827
28.807276181240027,13.90415992447467,0.7498757575686008,660.7928574986322
2.3628209077121576,42.64646511398466,0.7854323305253337,444.83443947693553
8.49016253952536,7.238567269598142,0.8980255924715582,148.85460303774565
0.0,34.905268589949046,0.8000000211463678,726.5553779168317
24.522310762002384,7.45158344766835,0.7429943560199784,472.30570657248643
9.499874128771914,36.6650700071374,0.853070258772853,158.45687619570256
1.8109811100546687,56.21018840968331,0.8799639957557611,893.3809037421414
1.428264747685932,51.14391021207912,0.8401435569805178,827.3391643283086
9.778091142004476,24.751588495301384,0.7131903158518078,756.7645440297819
35.91550613986697,12.561978552892235,0.8040856314582803,62.686913359109084
27.63598188240621,19.549872779315514,0.8654277658279077,177.90740430506756
20.61026943903323,53.44570653061169,0.8922526070299719,224.97805924320048
0.0,18.150106988043053,0.8026979003766481,371.97458393236656
1.7454166014474144,41.17592944576668,0.8224752449288399,822.1907711562995
25.18193554913895,16.998664767533548,0.7877608597341235,447.3685379864125
0.0,16.49388801122352,0.7677316918814454,98.14055934129613
11.34123034242614,6.196943543810302,0.8736543238732212,914.638267238611
21.695718719593952,10.826035340782147,0.7277657464390906,981.1818890726354
2.1252622698611203,45.362761678963224,0.9471338664160354,363.4815848928247
8.034411782406604,35.837751028272,0.8045187941623968,384.21640785222655
13.71291649773182,39.77646839336837,0.7916580874673554,290.3328308840239
26.61832757295891,15.083664493365813,0.8344637135858175,68.53921028413303
34.935857019829754,5.579937930740288,0.7538935972275224,218.74205099308358
23.07598889422429,16.64096969837523,0.8993831277156658,323.8332781320702
31.3253913706913,52.85753000744377,0.8800474959781919,865.5746465427161
0.0,10.704130371446917,0.8483237640017132,986.3775241084404
30.1554547964534,10.85275016840519,0.7044663355779965,808.0719859756572
30.855714101949218,43.32397232893453,0.8168584526913915,68.86820058905677
16.498969778732732,48.28338746759548,0.9412707000314193,801.1961312266902
30.94591743096139,51.5398969181291,0.7254438763530937,840.2642147921237
39.75683210627963,55.85782080393023,0.8423844435999726,772.1727449272889
37.99325264672846,57.27477332488862,0.886118172132275,70.90252657441863
38.327492914823495,44.83068749389857,0.7849899482303362,415.4412887269142
29.190219245380934,14.646603132970354,0.8420377874177616,908.006635067466
21.769655150609626,56.04671604229707,0.7774292151119968,233.1437496246504
33.3974149684262,18.11445666510219,0.7615953411629499,295.5567867458512
7.947175473409365,36.166147843426025,0.7617663702355765,814.2287634436304
22.73211988589519,46.872712643002664,0.868876733838065,395.88618062270757
29.49777880401798,49.729929543524946,0.7200940686428271,807.5259649190908
29.716466829137524,25.048277387770156,0.7258539648562856,734.9414506975036
11.13630486464484,57.41259071414978,0.707036783212069,559.6316860680955
3.684687397208025,46.96093953666172,0.8504610559873562,195.1692510307856
0.0,14.131593374547505,0.83560475185819,264.00617581703085
16.002295663985713,43.28234160573352,0.717444279459029,814.8770768065092
0.5220430918563685,54.90571514999301,0.7315192085585617,647.3377341317898
13.338175725437443,27.650097460861534,0.898487656260232,639.0892355921582
0.0,27.200528093805275,0.7673724149286498,659.3869007727578
28.040778676625003,29.82201482599474,0.743956714447276,789.6402474513557
5.300998401395842,9.151924884625387,0.7361314986970897,248.76480050968541
9.14916065446481,28.852496218280887,0.943156772316708,136.21977136021633
14.678759657282185,8.63620913561348,0.7718460772089613,129.03510388084828
11.731195234277914,18.0792919035621,0.7121941330411653,984.9341006724785
38.596476938132405,25.09603833526649,0.7716233464981034,967.6304552009206
6.898622022401929,19.63748703178357,0.7540797287987888,66.41966936981063
11.397811283493526,10.559597483988973,0.9136770878447218,259.3562857327924
27.766852684981668,50.518226323509765,0.7123646864214538,162.23303009055888
1.7341226388106534,20.680710981086285,0.7907564761998473,190.879183199895
16.80310911356333,31.584496153971692,0.9148727937202557,227.44674878573434
12.721685255213389,10.31352860306433,0.8860968333183554,716.6591382886032
0.0,40.300433032446094,0.7142198150667634,449.52073294893074
0.5522985205480219,34.019994167768864,0.7925499210188018,56.94553992715896
19.622518731377216,50.70721209387046,0.9144926575535406,928.6147121315696
0.0,38.85019232989378,0.8929361468289809,396.7511901466124
26.216228531387753,6.4229537763589555,0.9493616614077871,581.6376926821524
29.133987671141814,28.065556026839186,0.7906775844335079,230.12110998674615
8.928897400228951,53.730908086591306,0.8305910420442175,274.9310338887851
16.995015527475022,53.07242199156869,0.9327265082848902,425.3800546113225
0.0,52.87010438961897,0.8718956826150016,395.68530187769136
17.625417556474922,52.44639387665343,0.9161781171492877,521.5470869678986
13.412889557320037,19.455919359245197,0.8643705509035624,496.1951285527892
27.160852067855522,15.765507361584481,0.7667667513821825,106.85784906643399
8.133906210694189,58.5515404430473,0.7422533524639154,127.41775604325855
0.0,26.585888334327528,0.8977031018068596,200.8120125671785
1.838052497025283,7.493123728547472,0.7699792187236212,849.3309293742608
6.389598653788484,22.485344511961912,0.8449743190371833,936.0895096663439
25.72951886183673,14.907179757333514,0.8983723517533164,713.8477858275899
23.8079067070802,42.75243505616798,0.7193011791428534,664.7196823735267
5.326144670158348,32.9853645721702,0.8346960723965784,885.5590570031828
27.971280384918597,29.551443613833708,0.7874157204701916,264.54916660651054
3.391444108157128,24.68534316660626,0.7022351555151183,357.5573174837049
6.558159076524404,55.71049142181835,0.7696065218825902,289.14186649112014
0.0,42.93965771705396,0.8911925489961605,476.3174639709597
34.42467329214524,14.68983609960198,0.8451115959928288,172.53704172523436
29.732628223768703,43.0503877746355,0.9115509043792801,541.6666678836449
38.53040978187028,52.82721390937677,0.8472728493841188,826.5080844527748
33.77960876845402,52.9125033850767,0.8706302247554972,997.4986592118123
1.6090965062714797,50.218891414851,0.8150696329149374,85.58833079465067
16.5094697345735,32.73745235301956,0.8168802909368602,430.5633733390538
33.796982908037585,54.67999401448417,0.88708217078276,505.9755757051443
2.9561098016578047,21.56877705650063,0.7030767963547455,811.2930202307365
0.0,5.347796548128012,0.9198002959930244,493.65034369396204
28.75776779882051,43.2811666144966,0.8237322822920696,103.58503176232202
8.344650438131213,48.74464712080429,0.7664645141678869,925.1326588340715
12.245844917886084,8.212909859410976,0.9152166398501693,596.1543667978126
10.56868236029007,33.93316253558632,0.8784630504634964,900.4812770912573
29.854700686859626,14.123388457209547,0.7444951471638848,439.168262383645
25.690450496316586,16.539338031196063,0.8964633576922413,108.1943563068651
28.962380417275167,31.668747476240902,0.9163732301954564,772.3790686489439
35.827396858840814,11.021286917632395,0.8922264215644538,903.5769769575061
34.66549897854302,50.18807396942398,0.7925554020459942,862.8829484543361
20.62192762943813,26.759053544134503,0.8108274258647319,267.1937815299276
33.982160626881665,39.41680031093384,0.8350989465625632,989.0746774358659
0.41102462362146397,54.314983062013376,0.7407896556345317,526.0784200301416
18.3505715332346,36.06396248090902,0.8757718003916912,773.7019092542233
5.554387604205905,54.232003060250264,0.8534030490694551,632.0817711820791
0.0,33.82905799174732,0.7144724283288237,271.2279866521113
20.490829219132113,58.41171993509441,0.8341267869690293,956.6929608874466
21.68764123577599,32.06935336063245,0.8648203893617556,951.9352027727512
20.41095933793147,35.49049040052548,0.912202875446275,212.23317391289623
13.30453308441463,52.74431180136049,0.7901044730821685,481.5235157412003
35.16047320830662,5.748080748092396,0.707614982359738,506.60190993574935
19.349179982635984,20.950392378781608,0.9447857231323582,706.917368080246
0.17508389960873005,35.91267841056527,0.9118816780096579,280.4068384027699
38.66920790780495,38.25871935487971,0.9144350744857347,255.17992037586907
0.0,46.01940230236603,0.8164063829605952,655.8491939223793
28.347404897168776,40.021030999055476,0.8563617897199317,515.8137212304773
6.318126234001984,7.85585933689362,0.9138424113924971,885.9425169435601
17.903450395712568,23.60739691700422,0.7886143896152837,59.78433793511936
0.0,25.274859665028906,0.9311804666691776,482.00706429397775
15.677576400330878,31.632019160073085,0.9362210669031522,340.5194700839956
31.44831177472213,17.49904558349966,0.9049614908367436,430.20556357847113
0.0,57.448270369792176,0.9136897305239498,282.4011827813728
23.39861582809033,7.855731021144498,0.9414847802351175,729.5735095413207
18.42638430454811,33.92055797040274,0.9430797930024443,602.3926514529027
29.936631213356605,58.95424370937972,0.7025096427794031,786.7279643017956
11.071477988458023,34.178174024524786,0.9128715776009831,657.9385553368211
16.6677103746766,23.20586241729827,0.7158887152463462,381.60987749102287
2.709983142623144,54.75858046543172,0.8561791380931771,258.6023338128839
0.0,57.41718254175924,0.7202614305714007,392.74431020249204
28.23289430988051,7.098052343510605,0.8468776881361452,222.34842145800016
32.03099778177354,39.93231080848052,0.8656505067841571,779.3127953511378
4.757975073372694,46.624519700899306,0.7280500072785105,753.2002732504133
1.8822553019876231,40.932248783089314,0.7957458957123849,434.6776158845393
34.72465236663365,49.268315516699154,0.9340316747508863,841.2489477787625
38.54415736939193,27.433043790086735,0.75370370379856,781.5194257542187
0.4354488288811418,22.333103578525947,0.8696687998055095,374.24451964742383
15.78029378207507,36.15929375389722,0.901464709053521,509.2023752469602
0.0,20.304282776848623,0.8589218811099967,515.5273196258952
16.64110207891205,38.80077783791353,0.7882075502060236,446.91461391719423
25.087522494369747,22.93518752311641,0.7076272493649256,125.9551203263538
15.613837889251378,55.18584742909735,0.8575101915994637,242.49563132026768
31.80849718730319,42.810274099510934,0.9093062740210138,738.4966081833064
33.02975172100907,30.05686141206782,0.9281063193849652,426.27105070057775
11.123020137709663,58.56274953875711,0.8297583546522019,371.5019181915755
0.0,14.63773335555112,0.901486223850973,47.49596413303266
33.64470104308112,25.11452155279544,0.8946975914645378,259.81340382547626
0.0,7.9377489446772405,0.7083524446732913,107.80803658983537
28.704116233690698,25.71032124693451,0.8012679605650577,396.25577574652476
22.120284339109297,34.688616855822524,0.9078368567454301,302.065643034646
15.150623346827588,41.10931547809497,0.7568851700676463,421.77193817141307
36.60550629696676,39.00494244893846,0.8830047112711963,167.51440192330898
10.77295226553277,18.265177630674177,0.7576011444281153,349.4617790962803
31.73234732154619,43.05251673985434,0.7628400362509528,356.24090051554845
37.154694183186706,55.90278613841054,0.9181614863193326,407.8095543327057
10.862493023522182,26.08214272285466,0.7135370503209353,627.9373756967566
32.58072368303018,54.643029987799565,0.748600590184272,365.2830937058643
9.3229823004432,38.49475473960228,0.847245331378881,458.1993587727701
24.03362990952267,29.527545814513072,0.8641353457223852,563.5788189725117
13.397665001278328,18.65598417147619,0.8017810348941484,54.202153954789445
12.972405605903791,56.35517686424761,0.8615489699593861,664.5776857161152
0.0,25.321946460418523,0.9253117453054146,320.6550000417575
8.108555969470613,59.949057218733614,0.8199551559321793,267.7143152560079
31.45645376018459,57.96334814424324,0.8880023252171679,769.4033416141164
37.98903376961705,46.18572605499425,0.7336025753452446,878.3118918578889
21.96526497818263,52.57163274885617,0.835476463394935,667.0730236881792
9.176465601348893,13.17115932388828,0.9112301207036766,168.13608882310547
26.188735777433305,58.69232605823036,0.8368658703727974,488.4182971879084
29.87696005258587,24.682608000573058,0.8652871814486702,884.0614294985553
24.717617484203174,30.920543828622282,0.8175643547029241,404.52934317685424
20.18374621028189,39.48636186181374,0.9438445478958659,103.94407433279383
9.688338964398275,9.36014074356444,0.7459735353799553,906.0709164405824
0.9826191508862768,32.16867026695608,0.7242067406240568,875.1917115678634
32.082814373912406,37.862370201076686,0.84338805690249,400.3996325931232
14.735529632505452,23.658539934419544,0.9290787430400336,59.10099426598016
14.990260457102565,18.468631237067402,0.911578307262584,562.6762990138745
4.119022425661651,22.12849100470409,0.9076801262438297,458.77756318319473
0.0,11.001044963722592,0.9460248160354867,347.0405208795969
0.0,41.71345594138971,0.9438063842512554,356.103292363617
30.725106424413752,29.085469448120058,0.8094041501135597,536.196914958277
0.8846682913859103,57.20376499736259,0.9287514700502463,650.1194674841312
22.86477751899812,21.81300953804696,0.8751755078160766,146.59455845402346
15.213940209103763,49.62481094793266,0.8861886536922072,109.59256798436809
4.231732442039503,45.224972599568844,0.8568343144809171,281.7990005327618
38.42922992499554,32.5645145403736,0.8903000916553728,147.18343413821583
0.47842030468977015,7.343263266477599,0.896333797872363,499.6050384407751
5.481604766760905,53.86898912686762,0.9415639621469749,899.1291668090148
14.998597652354142,36.689305163609205,0.7838053953314781,990.1660689532622
1.3016769987090449,23.93654553112097,0.8916893382207423,524.3166565341401
6.624021242463572,28.637859410903943,0.815149895418096,226.06230034282177
0.0,29.972663042139917,0.7068567344343825,437.70615516438545
36.15898030362217,25.2549131685534,0.8179794476734246,169.56027873471368
0.0,34.239260256164236,0.875707328274073,412.2638219510972
18.0988928907863,34.89323487730614,0.8605048802341047,797.0597861161851
37.10261049332328,59.89743107686943,0.9364362098570443,434.5756386187128
10.326311278082677,9.701895579349577,0.9095752024546949,877.5246161837385
15.731895648857996,12.625087254115499,0.731543162605288,414.365901857933
34.337753631329576,12.828770884176022,0.766179542900249,981.1506470303304
34.63826249038304,57.98239471839813,0.8673568938165191,772.2845387079517
4.1975035549596535,51.22743282591401,0.7121969726350789,866.7871674809843
4.526717430609233,46.0001657211707,0.8708349439551397,408.7396557778544
5.326545134550165,45.32275049011011,0.913189857829742,217.395641240456
0.0,47.89740923033855,0.8494140755331946,272.516186440462
8.793438449006313,44.944829299528145,0.8464602440148198,92.05338871414362
10.999166322149112,57.34840590107398,0.8251836515465025,515.9567536315093
20.831624092914623,53.07539117576716,0.7740431427037455,701.7961635787873
6.4710314412344045,58.03260873827746,0.7276002136440498,288.39913106165903
35.48350047455685,32.41994891187242,0.8834122361139278,88.3701936302802
10.187769208540956,55.270832996904886,0.7586020711023451,794.9609767328751
0.0,38.82995700544369,0.8599435283261284,905.1216287764742
26.517269046430226,19.01901248244406,0.8449979729929025,788.135480399593
30.13623703227855,9.24471775116844,0.7768168264510805,750.7981500317168
15.468446613310247,6.852656861362288,0.8224453813005272,762.5884018844912
0.0,35.68475396783248,0.800233911931813,133.78644142672698
36.61534014260116,24.313839687893317,0.920214535487148,986.0682159074137
19.904876008769186,50.42670179483955,0.8481606448882625,954.6938353225072
0.0,28.951580541325093,0.8072283022582258,925.0334414344293
0.0,39.327871172020785,0.8566628970283009,420.2120679144212
4.795218716853045,43.458203011342874,0.851436545285416,241.23468162147975
29.934108648213517,7.138370302486137,0.8869183461676108,811.9748852732571
18.10004070426087,12.235488391761361,0.8162485123556803,954.1727351864585
0.0,55.748853332270684,0.9154228651062054,125.12776907239822
0.0,52.926871418349805,0.7269350620931805,655.184320233149
19.490991211708245,16.775662790995792,0.8244633493894111,996.8825955024066
0.0,17.862522412870085,0.9090401203939672,649.8559836239065
1.2508957831860277,35.85215692293023,0.9185172184148627,360.09536235495733
20.889513091173153,8.493976253829782,0.9170516846668886,383.16521027290526
6.551281758693059,24.500349888513654,0.93317020580606,314.05046040839625
31.345817881524773,32.59649485544276,0.9260089555562637,747.797317294515
6.956668214318153,36.418286946302956,0.9309839976689502,920.5352377904458
15.201260369096053,52.7290305893109,0.920963935186438,969.3354057330339
37.888896665328126,35.724462012143036,0.7129584960910327,986.1196049852285
5.370704529381795,31.09086420378105,0.7347702783631214,389.73686025307785
17.062843170675997,9.608983267956392,0.8534464226566559,779.891443222882
5.673758833834914,37.419668691160766,0.9395982330023865,926.3843091506541
24.610552792299845,51.461574297105315,0.743755506939417,871.0981470702638
29.792373841103597,36.20043439377108,0.7828209221999167,390.1012029902566
31.887122047885935,13.978150108932569,0.7798434882898784,181.46641171380332
20.01750876625524,42.81362486411259,0.9071816600752094,926.4138895019001
28.750084356952346,11.727670135506575,0.8701027773780723,500.29949496185014
18.08259415559339,10.070943888111747,0.920086488669799,384.4268548853751
22.29989517671052,30.274682331617285,0.7503647409198391,439.24748949227416
0.43678717212765866,46.1978331881234,0.7871685629596463,371.49772540883555
2.148815012439653,39.626370386030715,0.768952287950794,990.6431300031014
21.740464814591462,39.74829641114125,0.9318874858249208,420.4451278874276
0.0,42.638120087747474,0.7611914474818307,266.9566984537435
28.792481011123616,57.122556626384736,0.8294587942116477,958.9849289251205
27.476011653940752,32.05730728145309,0.7739881506005946,817.8503860768267
22.236740261367853,43.71330468720655,0.7696101844488139,366.6221013689436
33.550069074010096,12.226021692896978,0.8501035919954323,456.12766012044233
37.22074103573759,5.854604325522429,0.9460469983304423,453.20871129533873
25.17924505433247,54.93147751983361,0.8684061740185209,540.5182106607888
19.48492229865144,53.86940263175782,0.7528039241699671,568.251381776333
9.551318868325497,38.17180606761145,0.8713701088149377,566.9782412243912
4.0890101757095,25.195764908595155,0.733663828012584,599.306638032031
0.0,31.231821784034423,0.7115809239154711,844.002063153142
12.07486838345218,29.821127241764035,0.8291469795740525,705.3696925677555
0.0,21.919802392357983,0.861960238396305,256.18120943832184
33.81822603074729,50.18725828685475,0.8325104980902086,323.1005017246699
37.54924030075141,11.516286164317872,0.8353558661656039,776.6603630670629
11.790009733450365,13.446423335264027,0.860236020201689,675.7285210102891
37.39776511159324,20.548636186718447,0.8288819630818884,654.8509963936665
4.71352433395296,29.376615196806583,0.7214605681360411,684.5336804971035
36.99790710025004,45.254632151070524,0.8163588648997738,575.0525313927409
19.423512479861728,20.5413784285739,0.9079593644792885,408.30067211138237
25.928718837327878,8.414363136709119,0.8775223269172808,269.94791017029337
17.932597669224936,35.11852597506516,0.719177893573518,104.9613016066341
19.782726026671682,10.719435041796205,0.7735538439072455,861.368451648473
38.700348101653205,35.92177902857898,0.8962778309302881,150.48142050026726
14.767206377129282,21.924202575341162,0.7978653769232285,963.8874241531045
12.048579778728458,37.63687617543956,0.939330762622164,537.4219287315318
33.00640647049986,23.79136824301736,0.9246924842904214,422.8937727160783
0.0,58.18169614346662,0.842272255048158,170.399082799517
36.49299117172214,49.63361294843802,0.8563539248984042,887.1039073639853
2.419107662624265,58.596451607655375,0.7682584110682016,956.43980611434
0.0,45.33296722581527,0.8176856871787195,335.347448305782
7.840566221531294,43.18765319999239,0.9271675814204134,209.02017439237522
29.97447214494598,49.22825066782632,0.8535508563568188,339.8606130269859
13.210288261279956,58.532480953184994,0.9323231754366145,988.6363716802132
34.56933850003241,59.405260653788964,0.9010959295743245,595.8819718673902
11.787319384657502,11.032233466184767,0.8660905269151119,773.3050933898675
0.9688388390181945,31.393861264565906,0.9318410454501337,77.34961044074616
29.525494288866046,35.45830447011967,0.8931664554022334,165.76709186554697
32.94387922291428,53.10454724016552,0.8922123329481104,492.2398132281384
36.935533982750954,53.11686790795312,0.8599777852266848,314.33335401063624
36.840138480258105,44.158244072700505,0.8931455044604208,737.9017325153428
3.9175561874306903,29.654684290502463,0.7006564004337588,703.479282329421
37.2914147962794,26.28105821721909,0.7813586127783475,660.9130095024506
33.5238386119353,55.637980620221,0.9463891284512578,359.80989897447597
14.921476586511538,8.518461425909516,0.7202769853931817,552.6640879226501
23.560832848126022,12.100852657392169,0.9072460462279358,368.8227916568867
10.265045123061501,43.27033342278298,0.7705277670701277,863.3062368353208
30.002108275874125,55.15527998666561,0.7035170899082726,688.9433591269442
0.0,35.583939833775695,0.7417367476554515,708.8584919111768
16.39760994231327,20.639002610076723,0.8499974076850845,564.7561771035704
12.018873428522687,52.23360221335351,0.8259865797310059,234.3738668472198
12.172167596757474,41.54330159300143,0.7682216850193562,155.04578452913358
6.681506049436632,57.11150159446339,0.7678192995647709,193.15895144909229
11.844306959414912,19.609523308261064,0.9058134952904833,516.7463080263202
37.27200998602265,36.26963247667904,0.8675110425659678,161.06597170460955
30.010529845921408,40.980948478473735,0.7759657577056667,118.95446389643621
19.785313976567046,21.3198015906759,0.8885090229609569,402.62526537842564
0.26916300542816307,25.790602342887073,0.905229672569656,944.8160312204684
0.0,13.146050709771503,0.7540931345907657,839.9018460279068
0.0,39.68464260513376,0.792843410903265,255.09908108304631
13.614474535941143,35.1009342768695,0.7237055004806803,606.472590680362
17.72245646547714,50.62057516715031,0.8175507302325203,78.84647656090095
7.412332138203003,40.811065622288055,0.8807924986813999,250.94494254756736
36.678268843893036,25.38900900299466,0.9212381881826723,989.3322275920257
5.296735003256939,25.63466487179202,0.8477263689634461,193.62362101497027
25.917199611549457,28.661717166354876,0.7415076765268702,285.3158456527419
28.156242922894094,18.978444128509693,0.8618270096680344,531.3944259103748
35.341689013109615,59.48016283041936,0.8899581866902722,764.9520858117013
22.193558316901875,22.91885174211849,0.9269659940914938,418.3009892425092
17.678613265986908,37.104422701012176,0.7025143675767667,67.10157259943091
1.600441399396892,28.547166370433295,0.8243949512202162,671.8452230432978
18.930287056339257,27.3010788119459,0.707788825082017,108.78975629934907
39.586222899206696,10.901761519246001,0.7012049197773865,451.9852895952865
24.232103612295834,45.8560203180047,0.8427555447276247,784.5327804295158
24.808596413206768,21.119551042360815,0.7002299191537975,442.19364115838226
14.834779881308487,46.81649341388473,0.7386376253109604,160.65521646674554
0.0,29.47765966713221,0.8800822681413387,757.1010094647033
7.2411753794709615,31.413858216220962,0.7996761435400437,632.3204883835011
39.54188801064705,38.89044735880944,0.8473073962164399,664.363076147941
23.486417522421853,22.955342671982574,0.7694082047248595,542.1097712060167
2.400362262206245,52.57099434593858,0.7614261904281999,966.2356612506387
35.12045689619529,12.178826139179064,0.8346547147064172,890.3008136747518
18.32483684873319,21.203287532709243,0.7593637046819687,904.2617984330265
1.0629584183749086,46.77653646679389,0.8190267828353497,750.3475021516134
23.204444651578804,20.58752562336284,0.8803455261757537,944.748938644613
24.116262777557182,39.38020628351918,0.7709871340823902,502.6068716421185
30.63236228115345,29.342947439997005,0.8441224936507142,535.7087459110811
36.550519854294286,10.546498725004096,0.7555106030419327,690.6772340876963
26.64770745033169,17.06096043029838,0.9103505698522616,915.2227437795165
7.94465952120161,32.7952626561012,0.7632135795315359,186.82197708201858
30.901067245310646,49.586187177072084,0.7057719316121535,466.1705448066795
11.265599782509925,32.5423813838243,0.7923460790780945,795.0689183793979
0.0,19.348739952440543,0.8091502827483051,295.8513985957125
0.8067624376923703,54.97823742405442,0.709994394652157,265.7184879364316
16.19226426116002,54.411205530223455,0.9236216271491497,700.5446770523654
14.687144379872903,7.46419934148495,0.8898435373326916,885.5445898507938
14.737658800467637,30.77308974749868,0.772292842761116,76.08565623121052
0.0,26.221000089206182,0.7360383243361568,633.1884516568382
2.0281491182672418,20.01111939330783,0.7596511046682202,878.5449916127878
0.0,20.389791793652634,0.8348099647710666,971.1298010264
30.645760593802013,47.7345499720278,0.8102819070665366,168.36053304714528
12.891148490219237,52.37821823195554,0.8305801905430283,761.5494646579614
26.816390668260066,54.7182989936295,0.8653102363038256,72.72952667240233
23.837323493674333,11.780412355012672,0.7402957640614134,222.2561393831615
8.718775365733244,23.9190012724136,0.7089387544035417,244.8517383277905
13.882607904386317,32.12860547585727,0.771947528001629,44.214295570166584
0.0,55.50094341941834,0.8487109847129206,580.1238103444665
0.0,53.93173215594145,0.8903175116372114,616.6446406834634
36.31978863447325,37.21476543128515,0.7869324426331997,234.58892332186278
20.112085220794643,22.30658945245731,0.7680557274829766,945.0150274819246
1.2377299557729546,33.9841378463477,0.7220395872708387,138.79121622459218
25.406918070241915,47.15276963462331,0.7339353749792783,198.40790173452763
9.025368272025872,41.991477522116575,0.9241679388202577,95.18903059473087
16.05042134994821,16.777974409648184,0.7637438707150808,245.14002855125494
20.57207900109319,28.925810771922635,0.7178628107598155,745.5324360966664
4.571446407096435,26.538023177498633,0.7674306016750123,151.56889289027603
2.427023806389034,48.374262777795096,0.7697630033653227,454.30600554993185
27.062417771923865,28.792721025691048,0.9043463859814422,279.93626040520417
0.0,51.42560743801955,0.9226851690057467,809.8498584225392
25.474768102880443,58.1279430844677,0.8260014461215587,407.4815086117638
37.220616578277514,29.571029981556784,0.8325338281147688,478.7413626747996
18.682740267276216,45.57563573728744,0.850334656868568,589.7460478557707
13.890395130715603,16.85464360660494,0.7718143709417546,992.7914650340942
36.79776241857343,28.9475750717613,0.7566178057715973,852.0353986977667
13.400453890178047,50.60903006084332,0.8171819630654574,836.2549569863208
21.69594518373577,8.303445500960288,0.8542436635809036,262.9344432684187
13.688603024735436,50.7821650325614,0.8533997488103907,859.9565413783106
27.656045974393344,36.97366303368571,0.7491879426557687,226.97286675912576
27.04699409103544,47.14872572886871,0.8716305323405674,416.3628037293672
31.225585391497138,14.493487177882878,0.9481558356633095,108.2859828347053
0.6313308244046743,47.75104402671936,0.7630548987732981,949.6460823102562
16.404752079174717,48.48188262830114,0.8686238509234216,896.8478311135743
30.079047467444173,49.29827205295538,0.9330936073383058,787.5126908011894
29.15685233888847,29.72410782451868,0.8987837123727263,108.64624925332774
22.568897107007466,13.81453218466214,0.8622105098309212,484.00143726970936
39.266017052795775,26.365867469033805,0.8221754415359281,401.42047952031584
27.47486540430031,17.853307422866887,0.7170038832567986,203.38358462469813
35.14047442551117,32.46239850642931,0.7596343228903059,543.6850990408817
0.0,38.349243119069335,0.7283641103015337,317.263260479182
35.97103535782384,39.932953041652745,0.8471922847777094,763.6495226186597
30.868671881963525,15.008993575703418,0.8473701139845997,220.05688175394212
29.17564842708501,44.69452814782685,0.7198005058654486,485.87055590621605
34.48939991907441,40.58143007566233,0.7931819203945802,985.7751430862305
5.470402924908533,23.62521160724634,0.9155788539748564,159.72710036203483
25.63233978312521,18.558381636388525,0.715476386303287,930.8443320970853
10.594533750527821,25.935323463855525,0.9226319481285609,112.09042045481684
19.865601043706686,50.239711479848765,0.7855216097296022,350.7548411530495
37.686493560496075,7.919223820570828,0.8889174790848386,528.0294611127622
36.63283989236233,55.262709905504884,0.8576082390459817,975.0288262845338
33.874345253112715,27.405038916853247,0.8677373032134728,331.24188609064277
0.0,46.0692117514761,0.7751069064015431,505.85357439592724
8.513565108046377,47.10488763070168,0.8004265050288506,597.2123800419339
2.403447951762684,28.90392215199011,0.8812019810384568,327.444544511522
0.48634255248255753,54.14206189336595,0.8126198892058074,523.7740015650294
28.306791961603757,32.527052577206234,0.9233045046777826,106.50193459839033
14.918067738898262,53.400078701397696,0.8714084746891525,283.4433718569853
0.0,42.30998836094794,0.937724500865192,892.9183007560921
24.077916550661435,7.555187956132534,0.8106468605925614,928.6612163813825
0.0,45.975734586657964,0.8901089875937549,882.9586437446131
6.532638715344064,10.397205866017057,0.71439904400571,624.4682471115304
35.04865797652643,23.624651935660836,0.9110052271620959,769.8584309821009
38.39582753643714,10.286907140076133,0.8792030531810793,316.04981927017275
0.0,59.99659677192668,0.8229020437159914,957.8759558172546
4.688178321261319,24.336172347460483,0.7534623734752496,967.0859057137695
13.130769576149264,25.00379907126666,0.8062840673206026,109.82899237008499
34.63805593119607,40.88852969655185,0.7276291244455935,238.3624746529806
9.93313592822561,9.264195258699548,0.8495719923408277,645.3786091371076
22.743696319919948,24.730450115057728,0.8091906552604939,748.9408635383182
3.207296437296078,42.0475568069108,0.9143417056495802,66.24317648936827
0.32690691040648345,10.96265878384128,0.8741501627810961,798.0295719186911
23.75130949321784,54.23993208556283,0.8239252131271968,119.16887630454565
10.368481279247483,29.31990150186272,0.9408300654100941,771.2858814424791
28.838868676505687,30.20910778601231,0.7167449057748622,806.0460347538947
24.730022430795177,12.237138103333995,0.9241330454454899,301.30804406152356
19.593720009236385,11.416742029122375,0.7214365643389895,979.6980821658574
25.641410966483413,45.06859027953473,0.8095049077729584,108.6293001215926
6.6727924655544975,22.917922078000753,0.7767550853912875,184.3795943818304
0.0,14.70173884466438,0.9149314965875587,892.3695889201566
29.45178158580454,14.280244780288584,0.8348715546508833,325.6679539404347
33.18313113486971,21.375063654542185,0.823904417258637,655.6378778204254
6.215784938485272,12.275244485633348,0.8662835057341826,134.7471257925002
20.738591031610273,38.48921809267926,0.7274663616806966,664.8582387170875
0.0,6.975500883232894,0.876289683100986,432.18238311322347
36.5629622812477,40.80480465012994,0.7481704290745547,265.5647942769938
2.6439084622473206,43.47302827864607,0.9130430551620007,987.0329098333359
30.960032700221262,47.89629476180374,0.8604095835581088,220.8735816450196
24.380688409739136,43.267401224916505,0.8139014019678953,183.42404974164896
0.0,6.55274827383649,0.7518420035986402,835.4487806118829
1.707032988372404,6.557511764786078,0.7305242338292997,179.64688647239404
35.67520245385783,58.09652798445177,0.8231383157629373,151.97494012839596
14.329207923316297,23.822501789404644,0.7765463705096058,860.5783575484722
0.0,19.78666175877274,0.8607817145086982,533.7070082140244
17.57855090319029,49.23939431087276,0.7859642536133242,216.0567231988631
34.73674497330591,34.4045068214039,0.7330551235873993,798.7217467369105
11.127090302601522,42.91445410239879,0.8127980590211434,276.5522489710649
30.45768829973883,15.680563256154429,0.7361933019153951,850.247925604545
23.699787056498696,59.949698941184145,0.7944146313181598,760.467850602961
24.572835350982732,25.8782294421803,0.8785397011309395,437.9753045566001
23.67535089329904,23.093753683198866,0.8908642564496874,613.0095132902259
27.708976806488693,27.02442687250625,0.7733871246384447,126.09859473336076
5.236762880970334,50.95339649601866,0.908608584670888,913.1748079435105
13.637576220244863,25.22166116338263,0.8284906575769647,194.62188392370803
13.432325683550069,20.663560367087033,0.9423654339258489,43.7657560435618
20.312462628727683,14.27208910664382,0.8675901662523038,159.89469841995228
5.080959956843616,20.352694628614383,0.7825030227824996,755.1679603145876
39.19183980126053,33.62621579502883,0.7048622843610446,205.67923490077206
28.47495747136493,30.566617877044003,0.789326190813151,831.6452908741637
19.363538593392413,22.805059630925108,0.7356269475169,561.8324190240573
15.163237565615802,48.30036030647615,0.9437588765052725,75.80961058718927
0.0,24.884966014976555,0.8952184667943308,738.9864112958961
21.87250316733865,9.73765745713523,0.8733569899803468,42.50027209640596
34.64910365943427,19.90532857910433,0.785598047078635,667.1792737143087
27.479873904120833,45.798646499625214,0.7223015968801195,639.3546758212332
27.34508191596669,55.269081245129776,0.708471928235515,313.03450581487317
0.40219077673779563,19.34934387715971,0.8516766802205814,366.24480958870583
0.0,57.39955127866558,0.890923603942245,871.1806883944872
22.763183092484816,26.277545040951313,0.725445775935308,370.0176108253087
0.0,53.64660689089778,0.7665636656873733,544.8559744362544
16.67145465389644,47.24948756584516,0.8846654469580125,518.3800151981225
0.0,12.679429402530882,0.8692131305225553,415.7772954865777
19.85679192037883,39.73458718480418,0.7373467491640897,828.246689769336
10.622234986689902,23.071437184337054,0.7012409139236274,709.0072516529233
0.9443237216455849,38.383837817836536,0.8724910608232198,202.7633521221041
26.15948001193559,17.807641818770783,0.7854506906281777,298.5297702579607
30.644068774225893,25.81379271195283,0.8873056160864722,962.6900203565853
22.649765637739634,37.116873904173644,0.7095967679090536,210.01504356138597
35.07854930884295,44.74222913275037,0.7335965754772935,289.3205657962478
38.79060361238152,27.466863402529754,0.888891956979053,910.225460804891
18.478134185578984,39.3987013175486,0.8588544784783733,847.9710755407662
0.0,35.091312135288845,0.7318097845965584,843.7276765348432
0.0,41.71933359650733,0.8878088887358909,920.8885244090312
8.97153098191812,16.689930178994466,0.8323694095555371,525.0205483762379
30.379685849736287,43.97064441813993,0.7748974207185915,333.13266557259
0.0,53.11488470301969,0.8794517585733959,946.1278408740359
8.801214179497391,54.0355500964069,0.9218451267265753,288.4594343563907
34.446230069609825,41.01904565759831,0.856752488525538,691.7055729918665
37.79841958491285,46.52291313035821,0.762560638511318,937.7633602366216
0.0,45.74017375331852,0.8081849455099679,988.7236065942071
8.093829293007966,47.778245451570925,0.7007857565325067,321.0124375569381
3.7742214766194273,52.1896354920312,0.7063631758436413,294.7674705546009
13.941394433227504,47.6383386184478,0.8748956602285626,107.22860702078907
2.8029184937051377,44.48623073091508,0.9487509016386658,369.3236826137505
3.981876155499484,16.491414743334555,0.7321820100350152,480.36433462065105
24.34293716042029,32.862886734940446,0.8870178391330871,849.2551609943353
19.073412259006087,14.964218713897743,0.8276972119229086,239.32387647495645
8.864036788210557,13.72281981056554,0.8011291502093704,140.2706290805067
5.747436097599248,25.779011849283965,0.9055533307056194,856.4811082827728
12.191182177572841,54.77089920870624,0.724516760559017,743.514211712379
12.004259738590369,23.228610703748537,0.8227122297361729,144.49948110406868
4.382690849095133,54.20565565945278,0.7930896314387404,74.87410640706642
5.5063510903483985,53.70394801697029,0.885811245927735,184.93108701589222
27.448082548720173,18.768681701966663,0.7956466671955694,894.1446620338778
24.594351880157234,50.40547246448386,0.915130703851595,822.5745701468279
31.21042602249116,11.332321865414876,0.7317347582402143,333.6042975939969
5.4941324010425285,40.12063478948638,0.9123715941970556,829.5569799263741
18.95701587864031,29.270496730981055,0.7877760436384191,628.992382575879
10.739880970961966,25.862595050353544,0.8902187662790029,534.8227964021927
30.088330566300716,23.504462966579375,0.7026233083782423,261.2138305006137
29.643255307118142,30.02094602684619,0.7079800781902159,690.5909958584655
28.9751763675542,57.31257625215695,0.9411933003851638,978.9683765099984
7.525517678724438,10.900923197765609,0.7277626777811145,474.3243393859228
29.359393986119443,29.068836739355035,0.7910651491673928,140.14629590242163
6.135955369630955,28.87999172859069,0.7829232157930887,115.64515200737435
7.9196755911864845,38.635784302840385,0.8080479070277832,340.2780874075173
6.662266328355651,47.29839828948996,0.7592177702778138,523.0346819456637
31.977241050754312,22.0764622575481,0.8107675064798496,304.97887595356195
0.8206647034804303,46.611563527005735,0.7596542171952048,443.2879178450883
29.57669185301631,22.256273081028727,0.8051278714888493,89.86473436654656
11.785968382405006,44.41695559794137,0.942043456523945,105.0158038546054
10.492708791707102,23.69306105301993,0.8965258704793121,707.5842176565383
3.124179492257408,9.119080305985998,0.8478917470830214,265.4725529480239
18.65781737845385,23.13716143903881,0.7468642016116265,567.6719281642293
3.287086372331935,34.868449645290504,0.7059062663563774,899.7487072684035
6.600045471808025,25.93687189387106,0.7852704928599028,589.9164754367907
9.43817731798607,23.54779978308821,0.8599864525528499,311.5125645962861
6.572861605963682,46.21533686166895,0.8000096385016028,147.9123222445582
14.285567130949323,19.08573646236632,0.8549630797261679,930.6368448847741
28.010904659019662,15.711807782574732,0.7566092952653884,219.9013965411142
22.164041265383336,46.86756318340725,0.7296682854887901,756.8751667260188
39.34792763746788,27.110817185229575,0.7809304128637639,710.0002255983272
23.349420199025232,7.2472632589935,0.7925381341574259,227.389865501624
30.413079290102846,23.464093913594088,0.7946354746313135,757.5556880671031
0.0,19.455397712233736,0.7912783171044645,560.4724934100528
32.846506198883354,35.638555309291704,0.8244868223695906,596.8231003526741
20.45514094529406,7.14493706399691,0.7702558834422625,665.8574116484418
19.455789460325207,47.09607806961654,0.7537272313227847,542.190972328975
17.735193881790327,34.89582640096793,0.7132121191833227,334.9271491622788
24.0183942096021,11.716622967779823,0.7151727608790267,650.4435694853939
4.726056600903216,8.42258213392045,0.8691863474416314,125.88702165387026
0.41116289429402425,31.375561746383482,0.8608695731843641,729.4931713281193
17.643451786923197,28.956758216392405,0.767451836889157,462.43273318451145
13.848017149765194,19.768628316818223,0.803519955961991,186.46045654216988
4.508159333927176,25.439521242808514,0.8558139572258205,285.0860705000267
25.855298235760085,19.7235906887446,0.8130613415457764,211.22749325522796
15.425388074172442,58.04453207882102,0.7210120195697545,568.791999138711
17.814011283677132,13.651768804809375,0.8187970147364878,328.3070953389571
6.908651186057417,33.07995006479498,0.8537048149693724,110.69679784898831
26.5294405716602,10.320888224954855,0.9438568524491562,613.2180048744264
27.200998046935265,32.60923756368882,0.7338145861801301,601.2118751804135
35.95662541057088,22.423617035444078,0.8514368900052476,993.3914041749423
5.140594538147925,48.95811858014738,0.7576741936322784,333.84741455055865
2.276825341066865,33.33595681038886,0.9134876851483459,670.6744352697249
37.57269532010899,11.993098478892882,0.8661180790772459,986.0667322980255
24.610801632815686,28.24531525945733,0.8982372410198728,861.1316668590854
1.2073301866450319,31.743356964542162,0.8487186099227987,908.4989500075451
6.760949391829426,38.27229946506638,0.8423183180079933,993.111057788912
4.715466906543239,36.888018047550446,0.771902970950591,925.7172313605676
23.311414597493677,30.022423680875395,0.916263987057861,902.8859710138536
30.756531787598522,32.200467139045834,0.8791278216504324,792.3641168933516
12.588355766179873,53.53345088613624,0.8629556307826971,945.7190431712247
13.554379551264576,21.869308761956713,0.720636581612963,507.5086935477576
25.63523899486138,53.13182947705932,0.9174501216036931,980.4266398223718
39.66067508661795,39.6311272964544,0.713508404820987,169.2870827714381
8.57760639250684,45.95758895940294,0.8994743204128454,461.4269859868362
25.84654575507947,37.409733510427365,0.7837137580854054,587.5503040796929
7.471402879009818,32.81949866993765,0.793283042929233,367.0829501008236
15.506199887170945,35.45520097871607,0.9305837893917444,356.3447937510616
20.46154189123426,31.573574795333336,0.7388158286804072,831.8692760056614
0.0,49.596699118317595,0.75136493118961,469.6300615827748
19.813254977955253,23.27735436875659,0.7148953575535553,74.14811528352661
20.827492480949974,22.20655805089847,0.8607823279870608,627.7481397157388
25.540586397189877,13.067878868355288,0.9025792378757423,601.1741214919949
19.786829873544807,45.62384238885419,0.7245977753031304,724.8189572031208
36.361382286256216,21.00428396054074,0.8234449897561414,777.5553458871944
2.435995342484714,31.803877224652943,0.8752284424093779,176.23048195966908
32.02618628452794,42.157028733301,0.7030819269927219,599.2499114607798
12.862055580829178,26.631243878728892,0.7610706600789794,455.932008142414
7.488967871605783,26.588192051940126,0.8587197555596225,235.44932486103897
1.0210082940006038,17.32760307444369,0.7355246971711858,348.499330537691
1.5437280211177393,28.96871830702444,0.9419554771557281,744.628137516439
9.079153360663645,44.773870711564406,0.777475107890979,562.5936976615158
16.477212555238967,54.66832203506141,0.8252612322812816,606.2748957581083
0.0,43.212880824979095,0.9161160032544347,465.784570890682
32.94775431242233,5.914151985998889,0.8667110605389952,294.958285721799
4.812740081807594,45.39305155097949,0.7938764358177736,783.5189199459968
0.0,38.50200056473154,0.943789341357874,705.5552505843721
38.621242478709796,15.177846593682668,0.8569611108492909,521.4666786656933
35.518118497829846,57.90522029910637,0.770847949075522,663.770189469199
2.9389155728876277,25.941477034320922,0.8540063308073876,520.5628238636388
32.56608362671586,57.32568557777599,0.7170626733208664,256.79108836092064
22.20233543813978,5.598386774680336,0.8150583106225336,177.0366296558137
24.192915198709585,20.74178758735417,0.9339984094974144,636.4646309481952
11.825076315769284,38.761464164600845,0.8133219141702024,279.4008624896233
2.359864127106252,51.81406768938471,0.8477168397842437,588.2958309696592
6.929169267191519,9.989148064164507,0.8401443896389379,916.126948915355
35.81907641156335,37.21336201667022,0.9041193639077006,706.5259069457782
21.69601726065381,48.1245642829549,0.8584572929513372,265.92517611734536
12.063165962597768,26.349893632071737,0.7685598525333474,574.1511827744079
29.929418200139565,7.447261066643255,0.7391815411419682,781.5450989377214
30.29839440450753,8.028351740304482,0.7462710534026621,97.85901405359243
19.051079291188476,51.180351989616184,0.7315435876240428,935.9982362303207
13.968667143284723,37.65515207683516,0.8100653319034251,973.4367373485712
17.645045092382205,16.322644566708295,0.7158197652625403,95.23407468116766
19.381126187037925,43.744137934833745,0.767512143191861,369.38730320433046
0.9264610421654353,28.728680787832385,0.886388204281327,249.3500350324118
25.955750369375078,18.846757806222094,0.7967441493214626,888.6839603382496
18.375467983850104,54.29796199830113,0.8869152411671807,958.435452486283
0.0,17.61651801599992,0.9333628431795551,628.5143514683951
3.3388467501545396,44.61381106368871,0.7352748411036678,96.72117093543271
38.66367842230492,13.355375750895234,0.9191318541476472,845.8404218856302
27.73252567446436,28.361542178589744,0.8302188928684195,479.7345855703611
9.57491783126513,28.89754477900342,0.8842562515085934,543.9492202216961
17.094077044862072,14.359096761887864,0.8925586962785849,543.3442968953848
32.31175526780569,42.36492684636316,0.7635757487920909,144.45051731206217
20.212754180867055,33.29897860917443,0.866204285467609,140.85166652850342
0.0,52.39250098219446,0.7483737604271339,321.01652528516917
17.00073052913933,31.99624792184816,0.9021507796332627,500.8909584113595
1.0555214031495725,22.838471762587893,0.9396170479265828,520.915598273147
8.994119897530588,40.02925401752618,0.8565156972422975,235.64409588126384
0.0,9.679137818185135,0.7981538139672594,697.6523202859723
28.83594538243811,11.169042895152732,0.8849980954791163,224.06224222077157
1.714382352689336,21.11706533287246,0.7502167420857611,643.1257437514637
19.038032210247746,52.03761484137797,0.8794120516931716,903.5494861832843
0.0,51.033622472281365,0.9388797973806444,598.8120590482072
29.488107397000547,6.266380677312109,0.8396710871770987,157.26743101678363
37.52163918652335,45.18341779582511,0.815718834283613,209.67585254446374
26.91681329134376,35.80352134281012,0.8872358053347251,207.52346038716357
22.241079166412526,48.73691729612491,0.7023112060256715,207.2037334163343
0.0,42.481696979283925,0.857585155352172,794.104954219712
28.47258472858462,40.727472075951304,0.8617793179947786,663.0984876641347
32.744339916970304,47.02933752438428,0.8116707953824785,575.3567381889056
31.464560865144275,42.3162801979214,0.8975831891975996,136.6518137113938
0.9797393867719288,56.46934961823009,0.7918716186139094,478.71244000067463
35.17336843578173,15.840643900472047,0.7600951161643248,647.7043754980526
37.7115593574529,5.321033011253453,0.9243776908992665,690.5088311565345
24.66297204375493,5.07976107315012,0.7149187959879378,491.9680016095969
19.68627594941226,22.296901656401932,0.8281779140852761,285.1714268388198
15.339395278227556,37.216762998514646,0.7678730480679173,698.6421250044691
27.809126902090032,56.91153454936681,0.7711029209474454,675.5157469063153
37.62195179106537,12.816720297785285,0.9168085676185291,172.10244055581865
23.17490770554566,57.99373080670359,0.8495804749685792,410.8080845114528
36.13283015237543,54.19142277592792,0.8695954005715495,397.7704958494537
13.87203751926834,42.396069478270704,0.7399879673021518,581.9300312847845
31.606651662060546,45.59428964402126,0.764518894044821,153.9966240524593
4.131333928835552,15.634744630919368,0.7714603493853155,558.053993347262
9.370370200243189,20.995111492216807,0.900860712644364,209.19603981456368
29.834304969683973,37.06485461745885,0.9147583277614326,57.05953385970293
8.704682858533745,54.25354122403635,0.93634094217856,355.3193353933312
3.880371369560972,16.00171494789464,0.9408829566737502,728.7698901894479
22.18152463626536,13.54308121764224,0.7343282645745971,172.1046853275287
9.821504295663232,20.534011249558517,0.7149915751675653,733.6929390751657
0.0,6.588385259662298,0.8408908999143142,541.8415278141633
7.810017234329211,15.8590535011366,0.7974264309403616,984.3648780319684
23.400099418428063,57.26826970427214,0.7867221270953727,676.0709147040128
0.0,52.11366061314316,0.7177198473125251,763.5874915379103
13.23225353702343,18.686765032076163,0.7162755917353897,968.8918883551979
25.590951828388885,19.52080182548969,0.8210536653074045,873.8128994692718
3.3928029006909606,58.55605501970508,0.833755145092852,826.8757108350128
25.29511169912239,54.75171530424877,0.8290004561852972,385.7844984750037
34.90392260576632,42.51816534504654,0.785353757067582,69.1769714469466
8.144861948547149,23.87113314539423,0.8726143002834749,181.47400235353575
9.698362463524807,7.009418205040881,0.7454375810078646,468.1688766159636
10.568320985811175,44.86237348735794,0.8952322327104683,499.6683670798627
33.45380673568846,11.596106542583268,0.9286121780608898,440.2326730367961
35.389959981913265,34.80467363516255,0.7055492457003116,752.0969772896142
16.457829425485667,14.565669029371435,0.878755758513662,176.87038559361724
14.001677573775666,9.942722430777172,0.7930546261113199,811.4610452442028
0.0,45.476842780193564,0.9126633657543884,354.17241373047017
7.314818525154332,11.131453961395664,0.8835818788822707,252.9313945936339
22.627488173164075,56.20995113394661,0.7299405009960713,781.6070416408518
30.50167093398514,22.782886674283667,0.7329246374083168,551.9494820825851
2.504834185353548,55.295910264776715,0.8819489523575084,212.03316340284684
25.7335555179019,48.84622886497373,0.9316498704167382,51.36022427985967
34.622117406305996,32.50081009911301,0.7779279542042284,649.4812633580697
19.762813269632545,27.729321912878333,0.7735329198669184,368.82929869934804
22.59466198066015,17.448659198650457,0.7904741546658706,831.008001193976
25.459919080786314,30.0727736446876,0.7739319992603475,80.39297759873186
38.73528989935498,28.624488662185154,0.820186777755634,845.6280775189498
17.119284893844423,30.74226720510144,0.7768640825048065,116.55472163349472
13.116006239191377,45.15218004876238,0.9335774184070805,979.8289554630585
27.192306086954652,35.228379974061646,0.9436519420640571,267.55613143952263
16.623188348433473,36.28405613039087,0.9004565792940147,383.7739854397558
12.838613657900172,36.059959184387765,0.8952498522332111,357.79776859611604
16.260264800541524,14.874761805962072,0.877295439172125,785.4749438992753
29.13072224547978,13.655407875013196,0.854092983998765,863.4072313949889
1.559937781994398,41.002130061610636,0.925722269628767,113.24282537508694
32.16073310364935,44.679643901174956,0.7635102035312071,771.4695748345138
4.244646088547836,34.11742813793911,0.851635088801069,236.21115875245792
14.205384210584816,5.899696006591805,0.7143734322290357,387.7132861763767
14.188444641762098,10.067520016775092,0.7940871750572136,867.2963141479934
19.343397476900652,49.75066525687137,0.9141590469554368,587.2280661702937
0.45450476682029883,44.549051784954024,0.7419504417919505,679.8490481584037
16.70183538836896,21.351555870847452,0.7238328708909096,954.9644848455033
7.139480026104358,51.78489468377928,0.8355282554975348,934.1515138050429
22.3913793288424,31.644011251150197,0.7092344176105458,153.05820738546834
18.806315227152023,30.08996754611528,0.7955493577318674,166.44261244329388
13.194646062583637,53.41276571582991,0.9121033964056817,398.73403620223445
25.277652311234192,33.50132797367212,0.8912364750520747,162.76122968242038
27.392007724415155,44.75527726149693,0.8011704524491529,83.657914848238
29.674351846057743,11.11456289746903,0.9467671604513515,311.4592468549523
39.87426203503441,51.76789908577718,0.8635238595543377,887.4002206288101
0.0,35.624827001124025,0.7178102961350451,94.07554747919494
24.82232646065567,16.89216623211902,0.8852826807075767,702.8152166008158
19.705515653506268,26.441681788185313,0.7297355262387905,597.5071395089612
37.41517768259745,21.151227848180117,0.9033795830169528,171.7413558581389
26.273270168279772,40.11329544017975,0.92234824199687,531.866380102536
19.092893180192885,9.68887158765827,0.7776800951694139,736.4288312209233
21.57308119455302,10.816423898327011,0.8363889733275912,275.20851056044035
26.541582590983527,50.88036956966208,0.9178446777055878,881.6935930684857
19.291607711788295,53.10666218433837,0.748347611709747,378.46871983923904
29.812484025543455,21.92855553696508,0.721056129173347,988.3288351143605
36.65521046029265,5.5170111797718295,0.7296074954026004,476.37507477913266
32.118662531027994,26.107390261817994,0.8306553051782148,283.7381220454806
0.6866775159150849,55.21628874085413,0.8127304110618812,294.97705451019954
0.0,11.743948339020795,0.801773170424835,330.1786650258248
24.407899960010376,13.677383952883908,0.8952948632892915,874.0445237262005
0.0,46.19929409225819,0.8413464572523642,623.0884375162952
0.0,28.59379311999747,0.9397949851936931,249.9022238803249
13.26348194348473,35.66506983554592,0.8187229924832771,437.9744845795287
18.266978925003592,47.26647471350018,0.8889787775249529,482.3314643931516
20.852351937649118,32.27453547888527,0.7497058062734431,202.43258972631867
27.299556239006105,29.96545832956287,0.9479888390908705,755.9059628769295
21.3271337577411,19.6952519067617,0.7343161255518764,366.2800392580325
2.055008436834877,38.65557799557618,0.7599274960025765,875.0000690608931
14.519654045303932,33.65153422996537,0.7245494001936224,993.5165421408848
8.440656876462993,24.463267168416582,0.7532902193531579,762.1086918328975
15.07847937208716,54.19376377200227,0.8585785989646091,886.3550327595694
11.082248255060358,30.320538152755674,0.7848005627246073,173.4413766474563
16.63560926210392,27.255841634954336,0.829499182578818,550.7842083754792
28.45933567745767,15.82293230764361,0.8334906845174104,391.29251609001784
14.601965340153685,23.36241132599474,0.9099493005642824,506.7906272783636
27.169273791202787,37.779464697651775,0.8452103557313091,344.8103783190593
34.33837901608994,49.10783340468487,0.8445826572975974,722.2004265801154
23.731915423801684,39.29296042239154,0.8807569744136481,142.84089806117424
15.833198782821967,40.315123140551336,0.8020080710893285,312.8276724363372
0.4284697728881411,37.20654512851691,0.9335382835809869,432.8342209377315
17.943913782934494,53.96521893707796,0.7326212569010726,369.57396069166214
2.2873640161996995,8.050208041218538,0.747071195841931,673.7221773036615
13.039498390240228,41.680562170329466,0.8822720401020525,965.1184761799274
25.19666552903322,52.2137181648972,0.7036793629116768,168.30644387337966
10.168909412406709,28.661330629536426,0.7209305307620918,515.6340904768288
2.565654880120963,33.28319042735027,0.9265694973412903,494.01639071055297
25.533881986883273,11.19571307706991,0.7807178732225943,711.6664775721114
27.053726557739573,8.384125279134825,0.918303864127108,197.38099324500993
8.725057846791335,42.78534089797699,0.8573823684281912,134.0443951329629
0.3125003560003017,37.901001824616735,0.8346735104151597,381.08687337565937
24.104708341467713,52.74265713416541,0.8602072833488202,175.5847550035951
26.129233430059248,9.032133783748332,0.9180854756701329,523.0017417895593
13.926912199183588,11.642518749830108,0.908578906052675,970.7833618488903
8.724154414240944,12.12685710096598,0.7645812153907534,140.43093534096676
38.353809243078395,48.093749492862074,0.9126954870805307,422.08951886737935
22.712540331542215,16.89182128793371,0.8675533191518855,377.33465088476925
29.411638404153578,49.85666769407403,0.760339281809982,159.5525276636189
0.0,27.18946324456672,0.8873074162386817,61.52289628524404
0.0,37.32942349420601,0.9285047963808744,714.927511576314
17.88400169266284,6.746591530489883,0.8135105389965529,426.0541881140441
35.7358252709178,23.919104273505006,0.7588607583426836,204.2206592103958
32.52900500771388,6.987590537912782,0.7046111268591133,696.9112399690064
24.504861846579114,39.06401378166082,0.9219733834925087,875.5055940155904
24.963344870986614,42.70989933172706,0.9307364227348447,570.2693057078138
29.89482624959606,8.264394765550424,0.7272003989390847,449.13442987424327
5.476844365977871,9.053059408928997,0.8035075811699508,680.8381515516936
6.102615234507755,33.40121242346586,0.7227925059684908,760.2163850706103
29.63945179620826,52.661814952555766,0.8672289047061871,245.6814407275826
20.799157096033316,23.7433138303515,0.9407339507837132,539.2414897991642
34.64145263231234,50.05991495384916,0.7287901303441516,685.6297784322361
17.110282114098215,37.826452285355536,0.7926068022132617,148.65443645847225
11.320975354390413,37.37659540528626,0.8415660380750609,524.08004840201
4.485924812263144,42.49138640513052,0.8736470119334393,523.8752099130938
1.1951426679228263,34.63763994410114,0.8571089815319566,239.33276822942304
32.90147992891715,10.267713344808506,0.8759261816338338,360.1618881966156
34.82369884922463,24.61681038431591,0.8047659559600261,204.4492138018653
29.258741823366496,35.23383844247922,0.7208698288679023,743.7989353285864
30.990202152515213,58.73143953693377,0.9487051790316368,127.12549744518088
20.07849759875462,38.310812044289754,0.7824318736373712,776.1842689907899
30.834416281729947,9.545477848991899,0.8048476285075712,452.7850449371554
2.4223984094361235,48.49265822794399,0.8877285004936755,652.3525618097781
29.34328485583027,35.18182818296874,0.9386446718890308,628.2494291816621
7.192226545606819,47.45717497518466,0.7642823793251352,293.60017834205365
38.06171391023884,8.441230458280566,0.7413173604168717,82.03393116032248
26.401863361827207,37.90629446807805,0.7435091505227935,461.5442176855224
0.0,7.558700619157876,0.7717126095017941,52.14366000122052
22.95067394885729,28.719101010769137,0.8505560295398371,476.4370906714782
33.86244366859479,17.435631233254586,0.772764533922787,486.79154666094524
22.63026575476078,31.714376813645828,0.910393262857926,917.2455047219464
36.54506267801213,30.042560132117778,0.8926682669939625,774.5624978533851
31.97055973804082,34.33805165092777,0.7387171737385592,690.0396786379599
25.072664693057707,7.594457101269964,0.904176866792051,678.6513134467286
28.457758053873235,35.46545348153554,0.7743027149772185,342.3845218031621
4.812580572705514,16.806533313976523,0.9084867404957738,160.40596228551178
5.052229944996418,24.54110922303607,0.8775303689017135,372.4450471964149
12.519513850672842,48.934576691894804,0.8204116294294228,762.9297955219398
26.76173124504051,37.83961537655697,0.8352399319913364,388.01360902410573
32.267320344028555,19.1713475975837,0.8691713318878194,362.5082341079152
32.20807078686334,33.194362085440474,0.9261841670292406,108.39659771146304
0.0,21.14840012508675,0.853084082545573,267.12259108679115
24.20825152596218,27.28322288106441,0.7016019361987272,60.44764329017884
7.19239857914911,42.87114200649267,0.8537454641547005,391.66813151394393
37.22127461723617,27.78395028614858,0.9396073861533181,445.30525885799295
25.7858648584207,55.77648267634473,0.9201896464947199,788.1928489823284
8.123110909010968,7.7447767986851055,0.7248038603241441,511.41802820655124
22.498640323340013,10.318171233737827,0.7875040841123495,160.09296742097487
0.0,55.29194092404217,0.7399317325502682,112.70744980695369
21.043903935203087,46.23518108681222,0.776788749436171,808.0320117194548
15.679534778847882,34.81853787877509,0.7338593626573315,314.9513610286373
10.747761926800337,41.2018150233927,0.7030466337815705,961.7558072892404
39.51753587471375,59.57609074615431,0.8058417392606138,730.5530068751818
25.878344463112104,50.01356493421894,0.7875343782771215,54.533688233715836
25.709459856888746,55.65271907706796,0.8775972549917426,612.5568545319163
3.577909902594633,44.361627393007225,0.7935857558356144,593.281594037326
30.607510209741633,54.94696027295642,0.7601088664605846,564.1523510746034
0.0,39.92260912789423,0.9005895512281865,918.3591364126756
3.379732779276001,46.329299558675736,0.8997651830097952,240.55208518006634
7.346811142479661,18.361062703612152,0.9263845235965988,833.4292702919653
26.67274333090958,16.559320332156876,0.7557373903968645,850.8755072428335
28.308298463958074,12.96905831335508,0.901517111464531,821.3597124618407
0.0,36.18609700083049,0.7954417974936051,615.7390385222934
0.0,47.83250254778615,0.7602644888730223,464.50295601755306
38.23756552762642,42.211078797206326,0.8149040784575889,262.653996175169
0.0,17.028950586460144,0.8460891800348387,187.0949074727636
15.8367416654214,40.76344911148352,0.939568538579175,195.89588672679503
20.19798717156711,31.641490185823773,0.7026899370615051,623.8121355829524
17.109173485015287,23.88176419672747,0.8953629264958062,891.4377019953195
24.394832067318056,35.31090184527136,0.74526317730012,756.0235539113254
5.325743632326755,49.35248318298936,0.8987266719089031,217.76919057331992
19.584448040798915,57.779311808319356,0.8872348581995688,815.6141738161076
22.76217494697891,40.76994992272829,0.7375337742946538,209.84689334604997
37.821884083371934,58.05332335718074,0.8674663845162921,234.98414655351417
14.470993899621137,5.361590605558698,0.8139154003954858,883.8815316751438
14.065328206472037,33.73645801911096,0.8443976981800039,71.12704885097777
38.997485050011804,34.15804192268508,0.8424801170993442,436.8759267492231
34.709645228810814,27.533924661954075,0.7722086905952383,44.926799912721904
0.3590203146146247,34.55646697253319,0.7408295283979163,67.8521633868278
33.87680583233511,56.07955387280004,0.7314765771775161,986.6331391783104
30.604145930739413,36.11534616115089,0.8584557537789881,485.7496458038962
29.931620956738723,48.41280759805782,0.9301831556607333,659.1180082861181
0.0,55.274204877163626,0.7360867713126483,573.7704900820072
39.414918134355226,46.7894582607114,0.7559908605079785,230.56652197716846
11.867376520492687,5.30590986338415,0.8959466924183981,524.711073484931
22.730781004597898,30.721942435989547,0.8597074517195733,647.6539870938552
1.3585129746951536,46.67006275780575,0.8529470823628433,437.86751999325264
39.76926331726378,30.426101443813913,0.8953641390015938,702.2212644399151
10.959360766683632,30.73860676735088,0.9264161919307348,892.0280641054732
24.646092788258915,58.71637933228827,0.8641046744615055,372.62116258062525
24.86243968444621,12.214509884972959,0.7950166917858317,438.2175864252233
0.8147251393205895,16.856487632042153,0.9020852155561766,444.12563847282104
17.286227146591926,45.18821268442226,0.9194902424798026,382.73501856333235
3.3140753276357815,49.95849367395444,0.8715472034935928,541.0898315081585
31.488170802886174,51.08408653253702,0.8567120228443068,547.7044705470887
0.0,46.55953294759404,0.7111545470342429,480.3393842174524
14.559020450128186,23.95442720328196,0.7224347894079357,363.2131342147639
25.0142232530808,8.3931606356688,0.7922528681400876,245.44748900531036
6.96431725787477,34.694531875559235,0.7668537393109447,955.8385238380104
12.778628352569445,34.97519605032259,0.759144816696398,717.2854049423536
4.972302607760153,39.36707612715409,0.8066960654334591,378.89705793953476
18.160442656910377,6.700550556540018,0.7661010488498662,396.7067624143465
0.0,49.883872729619405,0.7290608478482548,326.89107978096007
25.16357254409023,16.900015415101006,0.9391925738156881,474.60399793731193
9.009698898665757,23.61650995040879,0.8835103235759981,783.4934556818488
5.417257926215356,53.90744249955064,0.8343616932110398,402.8221488822663
16.31547895541654,10.718954040045496,0.9262469956476896,540.371512641158
11.375120187245354,6.837419729685783,0.8799232349763552,702.9293002262316
29.211120440613865,34.81788527591572,0.7867579347298321,633.8330478067438
19.259692898660685,47.333262203641894,0.8240633433823799,43.32993930884264
39.09047730818469,28.829155112654437,0.7596790640501432,396.7915836814614
14.237332484200257,39.51242033513771,0.7646662744619924,344.47356846833355
14.859489293484026,45.77036801376802,0.738167491990303,570.949984762699
4.3538554048365325,45.754970893843314,0.7157975122284147,946.4988683529419
2.586126751280651,41.71180134158865,0.9188814613933716,90.63094612249603
38.447523151992165,9.089776999246375,0.7237043546782753,477.19622425540035
32.73033083257208,21.394949841283886,0.7700159659047247,228.41542341114166
24.971773013049134,49.13713643427669,0.8735728026782215,786.858809651778
27.61505756446111,12.135194749249159,0.8290419122379379,952.0258611827737
17.306567479689736,29.127298625682368,0.793332428301608,975.2668119619242
8.444882511478927,31.24955756985945,0.7443832321265785,492.6442938551894
2.473236135306622,19.853022474665664,0.7118323183785241,54.24887725823105
23.91491289341463,24.643134630155952,0.8693053653159271,177.12197910246755
36.0719561840075,21.725147191868352,0.7118345737083013,593.4355369001786
38.89736833981816,51.53111338686461,0.7610558383544955,872.3405950159756
0.0,43.21517053076445,0.7804240161288191,123.10371419315996
36.74139340045632,39.11537127159247,0.8864805470375584,821.1207875001478
31.90597652230258,36.499513208288086,0.7830034527117575,267.5028566386243
25.80115232015083,31.505950201297832,0.8563540588331928,699.0987176341378
30.1015949801628,43.78150040780467,0.9108674195933459,923.5514053569303
0.0,21.851976934754774,0.7469147571772113,875.7132579699495
25.37323380677005,10.69984414618343,0.8718627577985487,205.0129329148629
0.8764726673693913,18.193292058860305,0.7575668193875935,586.7370214081892
39.14124418501318,43.77255414966917,0.8282049547697216,651.511174966665
8.602633933990134,40.797647895300884,0.7106898384268958,751.2740305121578
11.083002933150318,44.443368793277905,0.8551420276348984,728.9322793512066
39.20791307594428,50.86206975724297,0.804580218489327,957.2765938838941
13.480218073861662,12.00855305866869,0.7678428277545231,526.8979257486793
32.18756054661774,14.590882869540089,0.732139858150819,917.754975195716
38.65196686599049,42.51179224216583,0.8909517484969647,526.0484584532284
32.67169871668614,15.044842820218665,0.897168924233707,889.5113169749288
39.9213792283509,39.428263356047324,0.8067682890574408,496.66611648408394
25.188408472044102,21.724461738214256,0.9092123808052018,106.12945799803543
19.886519150923768,17.183981633670047,0.9191379230160858,873.7850015733096
17.26940541435834,19.673393148665777,0.7805386251634078,844.2952825694631
30.177767844942036,49.30148701067054,0.929499357004314,124.8168153215475
8.54587529301957,35.89485022055109,0.8194265267108632,782.0229032155446
18.224072499405768,31.587000960005536,0.7941714639154817,877.6469305470077
2.166652047517524,14.8321717761543,0.8462232543407566,689.6974310389165
12.720028696094198,33.50575476599286,0.8174668385994386,338.27366038588957
0.0,17.708545648572105,0.8189121487901531,569.0332430708148
33.76223660449817,54.08160029889764,0.7332523367469205,542.2196840925185
12.308019091864002,53.85091312596055,0.7646012269948171,355.36632378240205
4.574096247352402,20.74169290407736,0.812710318383241,828.684398808384
14.016637340028266,37.06425284657861,0.7414607809756737,269.2205109336407
9.400129168767252,5.549883588368537,0.7633395264112075,662.3969644190311
0.2657463415475801,17.057215342231473,0.7343545026511367,624.1900200214376
14.226767529861448,26.69271858445511,0.7496672585380773,519.1881121087717
31.12735503576333,58.69523786573315,0.8779704109177263,303.92050294508016
35.41951340611924,50.814277443183826,0.7563703014441447,584.148587488926
32.10029475077025,32.81253428806418,0.7797819191028126,496.88230236623036
0.0,19.700151113888325,0.9071904781567804,245.22109054877012
0.0,15.773737543894311,0.903643984114403,781.1385499726131
0.0,20.147677930326566,0.7551784332427176,574.3273949228793
7.935674395715321,7.344641723650354,0.9229208965323771,597.3168336664992
15.392342456399936,53.52398793204771,0.9070288421717841,85.52304126425291
34.77800707767027,51.672466666171786,0.8810764569065043,513.1786311708868
37.921356300000596,58.77061328309362,0.8506435289253702,718.4504219568116
18.28081761332262,50.440774010659084,0.7245886634315257,384.0996109891098
20.446866609410733,55.89813256302971,0.7753001741635422,533.1965656344181
9.54695534775377,32.36587220642458,0.782108137541107,434.2564819802201
12.780721034729453,26.763008998993318,0.7121211787326418,972.1822182497745
21.233895205564906,55.07228271983466,0.745775467673276,147.69869913521535
18.119489453747505,11.748623059744363,0.8127048475577029,777.3813943815069
17.6472844474037,48.014736019241475,0.8240270635411701,404.1636594214902
33.23203960201657,58.49830654261526,0.8524324422866895,733.8987996354689
27.952673554348294,41.23229731838721,0.8742321999229952,584.5059742283046
32.66073996783658,51.59142759601706,0.8553160667653457,169.5429180398907
0.0,51.925628421674446,0.7705459023366642,219.65550790236716
7.642928080769682,5.687566607988449,0.7114825308718254,655.9926937690822
7.481544616583145,45.577077965351805,0.7904283094334998,60.35791399058471
28.80909722974205,23.744115645124186,0.8037605794003597,350.06822743708983
33.377648642458574,15.977375422213072,0.7612024513761162,817.0108371269675
18.815419189794603,44.93148201683537,0.8583812384154177,170.96532718494657
37.709949572526355,50.69783269291161,0.9061470260488993,197.09660466592365
30.259517883856784,38.73918031841699,0.9067628250963273,187.5134808997155
15.487884658763774,14.535991924109315,0.8194984479950754,982.7736405013553
22.71684172471902,54.881844996740696,0.9027939252917843,823.7968557764825
2.9583642784217927,36.036550993056146,0.7647650735779459,152.5383984915008
10.407903889342245,6.981496104318522,0.8283192933735867,326.4807381649468
36.354586108011304,9.874360401206582,0.8022511769943863,601.4119377660334
17.77760325229853,32.58894087631538,0.9473011981191091,853.1745848956504
33.781500655208205,46.77327197661799,0.7697360433860873,229.77091728912083
22.584312271427773,15.913407062351858,0.8655062625837535,393.6712415070018
33.77237613452445,30.777831075348264,0.9191806752385973,101.1174138272257
22.02523438852889,21.200944158608607,0.7017827918566213,305.66936153163005
9.798667022190315,23.512074432484333,0.8486115688627098,802.7560524336268
15.61408725614298,16.97561667039504,0.9049423358086132,731.1929177412219
33.736244665739264,30.462136641734585,0.8396787797103284,487.30526791995936
1.0670708628624805,33.88597081646701,0.9445443672847657,459.33174512228203
27.77283451972559,46.33887313781847,0.7740072452089386,772.7143627829992
11.342608350058633,14.856801023158106,0.7256318733414988,660.8603414429938
0.6204941646051092,57.346436396456774,0.8351875960033982,837.9364457717598
37.8477998629575,49.02384649851759,0.947307519251609,337.78061273502055
24.06632993061716,50.000635449231844,0.8181643805419639,915.749242332914
9.459393712499178,46.24270362569708,0.7535172169642241,784.3896786896223
1.315041018090604,6.216933263001491,0.8253079839323643,365.35565808725215
3.5159805072475123,26.340966425855004,0.8049532580327395,324.3687341078363
36.395359177870276,47.146806772171146,0.8364001437796068,427.3402496953232
12.818895452674756,59.802547655296046,0.9018837553517767,58.60170900682473
31.924298977170423,46.869177866767096,0.7324501585833424,123.03765513629958
0.0,51.17598957159891,0.7117120668976117,766.8750673384689
36.105110513412136,15.138203448990676,0.8199369417006697,299.7365496739601
28.909404423548832,24.429958096626393,0.9420424260650555,42.592742864534294
23.92072519571513,25.059206649139796,0.9467492141618671,353.8951554112121
1.0360380237203548,55.469108699753306,0.9174045825824462,102.31890214508769
34.50481362530368,31.125737874372117,0.7472763714360672,636.1727979123776
1.7959565534710524,26.012920924814786,0.8857283890188539,603.6069016142454
8.017871396095055,30.94460440236721,0.7214577823236044,645.0669438135204
28.014405140251178,6.586738143663463,0.8746492621848545,777.2771117180281
30.145871662324357,36.055175312566696,0.9369431141701127,878.5433265509994
32.485007590251854,11.30390242376425,0.7135002425852348,682.9701274710467
37.39096478895958,33.985842249711055,0.9366694870973931,190.33345229116534
11.376619647483109,6.404495591653392,0.7551775916801515,797.1911241466562
24.22144990525266,59.10997513504624,0.8389098968440173,681.7026973748603
27.184887714146157,59.24982482776718,0.8336682374453743,509.7595925620697
0.0,23.68446107827727,0.7206941226579835,194.37090768321863
0.0,52.49111181532088,0.9205059346656125,902.6960799256475
16.56975178246791,28.42807666134499,0.8449610121414955,365.06676872053686
31.34139245032604,46.03762302180243,0.8833533777835771,604.6268549491064
7.902565039407996,36.25013544626129,0.7067643199609063,227.52176174123238
29.330684986142327,39.54915006457843,0.8592518388613835,991.7024955018838
1.3574627973644426,49.14069868418818,0.8286115484342594,672.7684536165087
9.846346344466546,26.4201081011214,0.9126064138625651,763.520980000298
12.398739601531584,19.159579120355943,0.7398865959066997,291.22882235770385
38.014155938954,21.468186273997027,0.792435865722699,849.8037123364022
25.15809568245434,8.757330733293857,0.8980669632344284,572.7700859173989
0.0,23.17215600434821,0.7701759277530761,996.1403043730724
2.783019520513646,13.61904631694575,0.7520040350214314,808.5158339179042
34.17440297740486,28.520454124194867,0.8993303769540377,883.146916502076
19.285949160778515,42.95881208316966,0.7850641150184605,437.18709998860527
15.93160718341311,30.728435307128777,0.8763781775212817,606.4908698218876
0.0,43.1575639405482,0.8319120144103285,437.4814436365221
34.06667192446578,36.4957297159332,0.8825355873284694,954.5783112664172
0.0,49.73263382607701,0.8445129503962868,95.54373572546208
27.55830287154429,27.243390891130844,0.9436703760688298,721.4230995908871
34.67474845885731,56.73020650765967,0.9161410854729612,976.5110618881358
0.0,30.725567999116183,0.8547137678717567,694.6719327946694
28.41897848918679,51.37885294400035,0.8887851180623338,943.3394485147978
0.0,39.429067094927305,0.9012163058966735,85.49225974056296
28.9091682784835,26.736100588793864,0.8543873595150824,959.1104789370893
15.851930695543347,14.943244609160024,0.9230610724651208,717.9895384856674
5.288258610992877,35.252508587645764,0.9136396392880912,703.294852956193
23.275075881865657,20.09915883622161,0.8609486098148479,283.6107076957912
30.021432736126744,11.729520069617163,0.7004966360911822,940.5247941607292
20.68178389833879,22.157403816432772,0.759221209198713,179.13674069276507
22.180147673093042,45.11997084422827,0.7358035420750575,164.44758114075495
32.45291784602084,51.25845057817298,0.9080699428479855,758.7917845818226
23.556764890781764,43.42606870596154,0.8450613913292928,233.62759152246284
28.79684064243069,42.02506535763326,0.9394165703004801,936.7694266348044
22.91711180359386,49.81225210104214,0.9278293021865077,878.9360099006522
31.995159623783323,16.238875582914467,0.8798751602152067,777.7467573489264
19.51366540402582,8.864008042264063,0.9226523462673224,700.3301842881287
32.81519297071231,23.660802684696293,0.8594602632069377,971.7942262772782
13.8367401566864,5.3644746224526925,0.8664787962294197,756.0531805244411
37.54024430813338,7.41022673219864,0.7051377839995678,381.2523599863259
26.173460241917187,22.92938507711314,0.8383897653825594,93.84768291649067
29.85981999351821,25.958434016873024,0.7950182506158281,209.19183482657505
20.629704438046627,5.275336326885593,0.7954990002269291,171.7843362123898
