region_means,region_thetas,region_zero_probs,region_lengths
38.60016306941941,25.403240998715003,0.9301378937102988,250.9705719759545
0.1544332161195355,40.48983135966414,0.7829532546282308,770.1858314187409
36.6348668847496,55.746670737811364,0.8209250581997144,754.9842297680642
37.21321068141255,20.178603532061,0.8067297236377302,170.03892149684262
18.86077276041178,53.218781251780186,0.7865791537328652,127.27242859088655
18.44109230507292,42.72149432839109,0.8580933390303842,686.5943444126217
30.77913153133017,18.15663474922173,0.7467434584351476,956.0409534702487
26.348029777326076,47.70305499280904,0.9268492531223563,119.48386047357073
32.27611608414267,33.3472524299399,0.7689229272914286,383.33604512407436
0.23810772007803027,18.810435842717336,0.8859788911091082,415.3031672061826
9.35802458140167,13.308057754459385,0.74884220204117,529.1628235725752
5.1456075240864285,5.901833378491413,0.8697369251031225,141.68551565368406
11.655901401171214,58.313656809352075,0.73546543275118,55.42461694042899
23.291180285998195,39.16318713451589,0.8399042469084589,370.587238009173
14.877201066546366,28.553462766732146,0.7375239315868504,329.00968940379363
17.352743205336182,19.486652973028708,0.8817266130872644,675.8986979679339
4.610775294191129,12.961771387730474,0.907250127565999,472.6852231920324
19.090029205496542,49.52437091979277,0.8967627654806083,576.4013520651442
24.086119615898628,9.756039766963717,0.7961322305707309,47.053081435596695
35.407854855565716,14.928153248634315,0.9333620866236338,102.09728288436023
19.20978327013741,39.25068524769723,0.9321699067625734,906.4314936252159
38.865440046460286,35.23742008803552,0.7508506062156589,74.4726751632647
35.233489576691504,27.820852588834274,0.8064591841224054,940.971929536481
0.0,37.48097134847465,0.8896519981618579,443.5541885342776
12.169795884792663,41.883597210113045,0.8014249490460356,212.58778512387812
0.0,40.475767606405405,0.7669211919888438,542.5625249601775
24.89795634449241,39.359139802036545,0.8133878591481811,994.4666730526216
27.343764594744766,25.89999284439703,0.8104098242691455,604.7110495975033
8.38924182935618,13.400238633630082,0.9463955964052303,151.42667765129863
14.760980685757998,8.471499459189076,0.8755834473605624,649.9418739351743
18.102686021978446,38.95804715400262,0.8435276947545225,399.7576568289549
4.0069821579128915,11.905007592758881,0.8056424750905788,390.2601879704023
25.160814837667452,42.59122174395461,0.7624493745926387,807.1973977349223
15.071625374717174,29.591777355825723,0.7040043314509441,543.9861515364857
9.827140792493003,9.204497654430627,0.7182516385369289,631.4529917848278
27.09276192509857,47.449247815421494,0.7853845850811532,345.32317232687404
38.77391647022018,23.5760132144318,0.8875306596466305,40.58699075929269
35.443897233408684,26.280646478794,0.9491853636298925,215.07799742361343
17.611073485959267,16.34680682175977,0.7505585682745082,406.546129536162
33.630494514006074,7.577309367667138,0.7221661968900805,206.35676377646664
10.602746230623946,16.159655475254574,0.8295997033305821,669.5555915328447
15.878723051245048,26.542678738797008,0.799103728269354,189.44724599083077
3.223480444954965,44.651105347043334,0.8158577271190679,150.92121472072432
38.63438570752571,24.747092342957277,0.8320178689078599,408.2659404971864
34.989240029993965,57.19323035998842,0.8255034750456586,403.82838841053035
28.150321109487717,56.31179639301841,0.7792077133897664,550.7986596459263
4.692423629838836,38.605957701771246,0.9113166261612882,748.0206210620579
36.69509754771995,14.548333756607379,0.8782764328426056,280.3158425089909
25.89862725151241,37.60985179207411,0.934885650508583,113.03087416818812
8.59661976531064,45.27895640617838,0.8152716412040364,999.7165005609836
22.781835620322845,13.612611873055085,0.8431295080379285,529.2704481240398
25.960396328948093,26.06983036735483,0.941547379382858,78.60134611593526
8.023578882022225,20.443350094210356,0.7784504627247235,629.2625971722892
9.53534368014202,20.214135673931587,0.7671732160397835,116.5368523978816
28.015104846569507,6.4002204807077,0.8573979970659842,59.9623609526272
14.114181291645975,8.710834521180825,0.9262340894590415,44.49811234001334
33.70993102389939,51.17448398983179,0.8929483771936769,632.7218859221986
33.54880106146487,23.70813867813557,0.8151119643584359,510.1428198129488
19.895909920372144,44.950600886264986,0.8951106783766136,756.1629711044952
20.137340852613946,31.91076034120277,0.9343088874834613,220.8772259637611
6.872554160783702,38.49524959612885,0.8696937227601543,140.52733926178067
10.56646878462196,17.35954928462828,0.7156634743772454,187.94695270579322
0.0,41.926520405252425,0.7036309981917304,267.33493059563136
7.580320627975904,12.040000292797695,0.8928933386736072,387.94322433007096
31.607949559229503,12.699442928092457,0.7343842450476543,399.2914579496653
38.048959755369395,55.627163869781086,0.7729480600991772,85.55441728883608
0.0,56.336243094657746,0.8467702232075145,626.8069446999973
16.146887309161286,7.146154713772201,0.9415476659188335,658.2344283931128
39.18298522023464,15.01249197572069,0.9142609003680398,618.4799975889767
39.71722346666546,8.94223273851616,0.7739028804521121,178.9885301446859
0.0,17.12829139677981,0.9074775399739378,927.1274704879195
38.21565135445148,57.135532067236994,0.8212444186953297,934.6137154000488
21.268558409400903,27.074318368773003,0.8420537902409521,771.9054212139711
0.0,54.184611603654275,0.7377311989072803,80.60322307360359
16.8198148092939,49.52119132531064,0.8395702553601748,381.4877495414452
0.0,48.36446877501854,0.751686433306049,215.04615474122335
34.67489276811897,59.595558796707756,0.7690236098971015,971.8810569125885
21.59108938233129,51.70143835744395,0.732227590234386,566.708351001146
16.019411148142336,14.643502981810414,0.8470243092564185,800.835200994766
18.562007696771886,14.94173660688717,0.9472227505441543,344.8706207917217
0.0,36.24191788999991,0.9245570854290425,996.8676785209508
28.861127204932117,20.742636718725073,0.7305645033702696,551.557006520489
18.645445025647554,27.021492372719546,0.806541498170275,108.5297539976392
0.48312760898865337,12.00421697719981,0.9109524286449551,971.1049941335708
3.68065440331258,59.353662853624485,0.8851096165479625,399.49604702366776
14.916662307045467,18.598670703181426,0.9297413375537135,232.14180850712785
17.27976757608275,15.071159234536548,0.7961207452321065,604.6736888831533
35.80171712606929,26.874184116054664,0.8619097895789248,150.74977286516872
1.725633364666468,11.25764063029115,0.7653524309611187,808.3913456388509
0.0,35.223513596505356,0.7603569173663391,807.0547353049744
12.228018522829466,5.147979555963891,0.7255989530162884,499.64026843244835
35.77846625408179,8.672656143660404,0.7497512164152864,219.7530385323323
30.72160909646802,39.527305292181474,0.7772670781124456,797.0469383131987
12.634516977730643,12.036183424826131,0.7860617368055984,145.99670569656394
17.95606382010247,50.134079158123484,0.9205658898933867,67.22958000624793
19.900041752892392,18.349294042108532,0.859743162285693,479.3630973448807
9.16532452347656,15.585107603328446,0.929465676216515,982.1439807601059
35.39661296770558,53.15258149219402,0.9380058052580592,940.8024874095174
22.252217043548452,19.546637687184436,0.755988942328684,160.0629181910803
37.59696003920635,54.17582217386215,0.865030014511299,456.91279897172126
11.486290998768446,25.58076849834147,0.813531044016833,421.477619144439
0.0,52.652808592708716,0.885239336179678,56.591712794902946
3.9418487636427284,12.39107841964079,0.7767967279172383,371.49162011499175
13.443330783448927,51.9677965794062,0.776345218017893,104.7905043245305
30.387580644826034,44.08561527540066,0.7991328826764921,523.3158507129849
4.125048850493028,25.32623979865962,0.8711747206830829,553.3791826019994
24.80111457237081,38.92979582032237,0.8097472621606274,126.66461765276019
6.305245092870995,42.84321906180584,0.7709179174352987,371.7156282690938
0.0,49.71492308944569,0.8988667559264846,814.663920544347
3.92279170612023,41.09406896991185,0.8773773685748198,708.3250289002762
29.976764042043424,52.707081874218964,0.729066499667763,411.67829267773806
5.997350643346853,25.25989011775445,0.7725399623520333,453.48172801229805
17.00032427737033,59.88123704526348,0.841355274758393,128.67925340308673
10.93115239625367,43.866418106886464,0.8603023482528747,266.45165892130973
35.77741053868714,58.26682090802141,0.8143325077652247,556.8054988823193
0.0,52.22717626134095,0.7897758760010908,471.9553990041228
36.23124722270558,46.84338731665822,0.8194378995140263,349.86546471440977
33.64084333228748,54.575063308391094,0.939447426437091,426.1871621115086
0.0,13.38707992508493,0.8890870373686229,374.37919809765003
15.069434265523519,8.847873865497915,0.8291332673072395,211.7509819201072
30.46431580553809,23.26405234224485,0.7750268105341093,72.50086463165627
4.474186984405404,6.056775039519644,0.765838661950378,80.27294700792673
36.36360674480963,14.184227897631247,0.9328192092433596,804.2184800439604
32.28842977566378,37.026797327545786,0.9382339631563745,422.7896364833759
12.693672797021051,29.55535175313362,0.8636140734650279,166.22101789295448
11.768848467588786,59.82992364643138,0.9307132284026791,548.5637277005092
14.999826459580564,12.875318239860604,0.904759124829889,917.793943160434
2.454842027176155,7.67353462170408,0.9461733369467111,913.1115548893576
34.17050623155204,9.877588415671159,0.8496497233481881,137.7310947664477
2.5656380328282222,16.506556463766064,0.7000703842293254,294.66501441518807
4.781508859663814,6.431648534959612,0.9328319076651873,933.1105039772083
34.52621341552023,28.000353344262425,0.8134633963876563,510.14738894533076
27.75492887548102,44.83971880050529,0.7511237837652815,564.6282312739959
22.54838055555375,50.078007964089124,0.8612777659738411,467.7928938559169
18.207715197341948,18.237521226778398,0.8719022112790951,93.29232054501301
32.230036867012004,52.17193335237385,0.8572441816051292,560.2905926749753
21.66234798513648,21.534976007096216,0.7092029261873081,406.8168025291867
0.8778186825755858,17.384854776526474,0.8989366862893402,429.54141643806344
29.175525150104914,39.62711254169275,0.7701997857604905,316.060087305674
22.31648039658521,10.1666919878011,0.7993012921941818,978.1063516876537
26.596106806338376,17.091820108414108,0.8638525915840068,111.32416901683743
39.13911010823311,7.171017779075324,0.732405833974131,746.8483563362374
4.07396673404108,15.509064473859684,0.8534455146884892,374.98316881274906
12.769001951922483,6.745210176811366,0.7642478389626189,798.5242138737957
24.270052190710572,20.2042391876938,0.8208160753423425,96.29901296215041
24.67909134608693,9.740983945253674,0.9436273328127373,657.4858528751936
15.668825989798359,44.56596158892174,0.8098403022767258,332.43790457307483
0.0,18.377084213788184,0.8631155309538079,954.5262980535789
36.495647395098004,48.175858226333524,0.887954284043139,500.8775554355663
32.40289863569332,40.80908572182898,0.9394460536056451,963.5126058127214
38.28691748728079,55.71089319304975,0.724842228266396,585.0641221776075
15.315291275251662,50.906380191555186,0.7006715436009086,249.1291221090145
22.355145969031554,49.378723414811304,0.8126265854635506,494.9353159880342
29.007702487144098,17.022846630839936,0.9292670928651896,352.59866027299574
19.1758116997282,49.96558687782235,0.7319674593158225,828.197533645934
0.0,12.73825352332441,0.7574570279261061,923.8669848954524
0.0,16.142968951093,0.7283521571090686,972.5730521667493
7.2420194612223785,46.07743995618076,0.8086124644574175,504.0577296548648
7.076592382294769,28.1346008720193,0.8551430455098896,398.7710557238147
19.232003333466416,50.13929206094912,0.7744359356957707,303.8589951145026
17.900407374644054,16.97708307325368,0.87480082074799,168.59911884546247
33.03484378575526,20.272306527519497,0.7084699504344237,527.2748240193283
0.0,31.521842006732825,0.7037524480756264,753.7769355506258
0.9153169778761617,21.889732340395117,0.8986405121226921,431.09789655586735
37.67454674916859,42.84675666204076,0.8231325535357945,755.5400335207629
29.485010345991054,27.489051659634175,0.7892148376754936,169.74557301056404
34.75251938354368,36.043178764234064,0.7785893987430237,790.8632374132665
2.291315020903324,58.12298549175286,0.7023967519140125,504.12189921581137
4.796619687784675,22.032408693933824,0.7014848478321332,99.82379091354136
22.712698069013186,20.8817111114563,0.7377325072712454,705.8642297191764
11.343880829603126,58.90255597794658,0.7796741291879188,137.55614259768998
22.299823494528525,38.69390062788406,0.8718777003950648,261.4174826841629
0.6642462992068207,15.212121617987775,0.9152494711386612,324.87903324181224
18.658504472769884,53.276839603918624,0.8149316958627425,457.81842537500995
13.22556795023029,57.64047132490979,0.7002855153093278,391.8650954116982
5.998357855580227,45.639861671725015,0.9210516628934318,492.2500599005498
16.4430163352378,55.73894540987075,0.8504050872462955,437.7604692493012
34.8380425904341,51.69437667662656,0.8611640484652913,506.2725784894943
14.10991283048132,16.034346757799064,0.7354093359519185,269.75392911086595
0.0,17.249989211022047,0.8751966391114172,799.506643396439
2.8896610453438862,16.186201700845597,0.9055487978388718,706.2957436658817
29.84634110404739,53.21232694877904,0.7337351661968953,825.5305364538025
1.4020676480765315,44.10108499176142,0.9048503391219778,626.5618163512859
29.48533151489199,14.253445222916273,0.9090006870566749,634.3942803716676
31.994875246239236,42.29587186444445,0.753013208020575,175.72052654432997
0.0,40.39499201570035,0.9287633631862893,400.36890993215786
0.0,38.7859375138462,0.8954323080627706,91.81734188134065
9.672632461363875,58.26519377719379,0.9482202071305095,962.9221223470794
36.33008755027226,17.250929139441418,0.9056044299545166,210.85180605727655
7.8342221362384565,22.10538611431707,0.7168470085758464,887.4917190499216
9.603027304305353,25.65643519225441,0.8639595233917806,468.69339946022984
36.255075269226765,22.98425044435192,0.7536123666149388,445.7928523633707
10.26937374883982,22.14525415656724,0.7124099542939321,229.94492035310225
2.030053185384035,10.703193240085806,0.7213939374948364,228.75378513141294
13.077682319052665,51.269824348013316,0.7955983386114902,829.4650723226982
14.746349097735392,6.811910743817251,0.747799708611361,635.646303375745
0.0,34.40477327374509,0.8189787149207202,328.8089988595106
25.992940596664038,46.168505706298966,0.9497728202215993,746.5129509071764
13.274815576449674,58.270024651158366,0.8213180029915368,287.98549133274196
4.213454128531928,44.282216063666915,0.7052653827447869,953.4408040087541
35.450405931271916,15.228158482432887,0.7445890520130601,99.6723068040712
17.77802600763465,46.688322837667066,0.8456078858840769,724.2419534143596
16.113016062563194,44.00855301184254,0.7116465391088671,849.9916273230124
17.415270622047174,35.72643775217408,0.7482107090074057,654.1621333176469
23.306770423683563,56.888153319534275,0.7741892204290662,460.06612488468215
15.196316714966946,19.488466139090917,0.9195263068166994,482.9579215305258
24.809717621724726,21.625552567527595,0.88667456348884,114.27891448622776
34.645754549783085,35.31112529285638,0.8349772832177991,550.8018882071556
35.20531912723685,48.50364354164475,0.7705557003085185,748.4083611665291
29.030536344292734,53.91800860313744,0.9061456557736851,375.7953997548357
19.621285110346385,9.497655425348196,0.8835963870823674,488.3863003218364
11.326867411885207,20.395418060011334,0.8499840144605497,408.6588461633998
20.953367795688077,42.86429924761618,0.7978265257328085,102.58424267967965
32.36707072475961,48.45221668281758,0.8579868410465623,92.3768950918961
29.28613570776095,49.10769518125559,0.8671175564588652,159.57988009027252
0.0,47.14077430180993,0.834329963939298,594.9001514821795
9.311408939446812,33.91601737719368,0.9046443626866498,530.7675637607556
26.856951798115944,44.778361201434535,0.8141275624992441,922.4315907963675
17.428720336634534,40.629195439184876,0.8302055131734929,744.5118614353348
31.569228768203025,52.88871084659618,0.7156350149919499,705.1711980325031
18.59706732344954,47.69400819687647,0.8535999820371689,43.99799640330972
13.643070717259986,46.63928397915796,0.9245357640261579,646.9960284341902
5.202390449517861,20.21894542821208,0.7884235167436158,447.6816552155485
10.740653839868177,5.389636482206855,0.7699239386895894,966.8215350009982
12.224520982492335,18.606810894872172,0.7426712988808948,156.3312518014287
26.23318612741113,7.443863671268724,0.8024862343385636,193.02121988037322
39.557744350600686,47.11678944046968,0.7169032243894173,659.100470740279
15.85529626209185,50.03929299845525,0.8747601115032342,357.94940426836945
32.13918212450101,45.76905200897562,0.810954950833696,352.4667782575533
32.966903201393464,54.15860690398183,0.8283239086825299,160.52168614664194
18.925654156518725,10.32237656010158,0.7546699226628933,532.0145011032785
12.637666280070553,58.71063043002817,0.9464373242145606,576.6729411014281
21.811362510703223,49.643437360377604,0.7913904885013476,862.4989735134719
22.848802534310938,22.674507523079576,0.7180017529320615,587.3747802891344
15.880778070366194,44.666777582936035,0.8960376973037998,356.29748678868276
36.30585407042886,24.325076183643038,0.7008419024031876,445.04965426806706
35.50894801062597,49.53465892200037,0.7315867370661365,837.0156727017804
32.95401929337033,16.880789542369715,0.877592205920227,743.479807857553
30.774249153502506,47.097594923309316,0.8662024048852615,692.3935990136364
21.011249077338547,11.146419711700872,0.7715843058537047,518.6219467189202
26.24648348890909,41.432888704844075,0.7229395492167234,274.0645757605276
14.384075413834,34.49522121286656,0.8868886521782593,263.8963349384564
13.989825501122894,59.19638447985805,0.8329675080245507,640.9350451111819
39.0870615348157,15.649392401523832,0.9253504516369393,577.3711415654674
27.23946298943119,59.12398450201295,0.8547989781075719,305.6520852669514
11.362764711402841,22.21120695565776,0.9260406557676111,761.4381062523306
37.42806145683966,19.13504823655396,0.725789871643115,565.508386724374
25.285141648005183,39.95584443532814,0.8730605100531892,311.9418233470754
20.421537895845542,39.76632044889052,0.8899129591201338,624.9800723765229
0.0,16.721851938678775,0.8606388826108896,910.7392104597947
9.320378744930894,9.19695843834759,0.7275256225323984,600.0822806168718
36.81228488351204,41.17011249663796,0.8932768701478053,825.8747683977747
18.70649463733508,14.589042860669492,0.8714513146184629,453.6480907937131
3.429746477699741,11.555130403385446,0.9087408525245739,677.6748324691977
22.494164640155628,32.58898774226668,0.8903536306267132,665.3128515504587
20.42914442738472,36.630150782455765,0.9384371122993955,664.1418248581606
18.599644745764614,21.378309382660273,0.8892068209954221,284.0614436971399
18.115095876107173,19.57932493101016,0.7436103577861953,703.4257069833144
28.322892184228753,22.775649762135302,0.7794550293224946,169.79154314034193
31.40734510305888,23.56625145467093,0.9006741989494809,462.4802849853636
26.503002299933463,49.85064238585218,0.8403842340898338,337.74584365032
37.023278830131446,13.454959619767251,0.9317318912610808,952.8852914252573
1.3523489562220494,11.017633532865945,0.8039642695927414,385.9548788975393
0.0,51.56178823414531,0.8826821895227039,479.9539083820506
35.00568389694972,51.20309182392814,0.8275449694820625,573.7827216238206
9.822714221696982,11.720802186020203,0.7181194431338197,621.0728387263127
39.708529369351815,18.360049901293078,0.7992745068025234,183.8434088966741
0.0,44.04957991040228,0.8717403551810771,957.581062568719
0.0,31.869779818708224,0.7245974551669487,311.45488212162513
5.678927080502354,53.832927501782294,0.88757911351542,970.9584128673438
33.95926703549938,41.27594871149332,0.809776106321132,905.0137162962147
33.22479952833649,55.6430286587992,0.8204539387524259,877.2689541970426
1.0198600451808317,44.32657913714639,0.9414026832162183,96.45304168423571
35.00180575458476,12.284801940272862,0.9262705557523299,679.6527656849099
7.068753743859603,6.839814587924943,0.777342154050944,522.8527639229353
20.7024320899888,38.324395965676594,0.8545796931610247,88.73020153372302
2.0511364510580847,8.06234624654273,0.7065562540878352,807.2658923635981
7.927765993563661,22.878726858467697,0.8319352099938401,63.768711713334234
26.168672120813177,30.044778603472135,0.890018055843936,706.5654501321101
0.0,9.35234953226312,0.7727267988259132,890.5496691237697
19.885086235850817,36.180516372819284,0.8003605972784116,187.57977152149243
16.662759912521746,11.667584356120011,0.7710759279261497,439.16679226394893
19.36003348372891,52.52007174293649,0.9112369538002524,596.8116179423283
17.179014144055458,51.202545409802184,0.7318112567535768,250.67785459161027
1.9387139972715184,59.176284023478416,0.7194539680990099,531.0534643884966
6.411327677047645,58.25682538206535,0.9004377162235114,144.14393176534384
18.067493189270984,40.797172219742926,0.810372166961779,979.167280050711
6.9450594478098004,22.47961854764801,0.9139173213838199,554.0189524696018
2.828835770105741,43.585178053383,0.8630250741918717,462.64970437305624
16.700867744838032,26.92952880847782,0.7929118037478409,380.4024593340699
0.0,59.76116718394505,0.7892345694985978,978.4588804689345
2.9140390910944425,21.25582465464652,0.700921175791472,899.3366254335257
0.0,11.893423081423675,0.8116509431637614,50.611940551629324
1.974497752104658,16.32208136498368,0.7081717424167645,707.4270935493588
5.983241311592911,56.43612586972121,0.8949016164303643,985.8886601982948
4.2956722351388485,45.62672263759553,0.7449181414341649,480.00465111099805
27.093978012087167,41.17587624062048,0.7263354399097235,278.4394184734631
31.58488516015565,31.077825324212693,0.8168443812447487,823.7419337611674
9.394910087643298,21.13673292066073,0.8805176249858475,546.0786793676457
10.286817696556788,29.74175490038329,0.8888600975710202,72.97605009967725
25.77667750667454,20.909874623408754,0.9052636280259967,435.91995308603407
7.770532940701652,7.630849928210967,0.9317349954666444,620.3461089896633
39.37171215757649,49.757183545911005,0.8898349909729075,415.4467739693192
21.462772695248223,16.37965912853431,0.7861791828107076,779.5908024813326
4.733523067702303,16.297829663838222,0.8268775050184707,464.0687557107015
33.9477803889301,14.59484295430615,0.7874656148384981,695.309317114245
21.837888833641703,41.51023575099663,0.9229827773548211,587.0789412055055
30.197190965411778,11.720126597462388,0.7379393861265771,270.2234302256624
36.02683315945159,46.90357136456108,0.8883569705071758,399.933948245923
33.24811555988033,25.309605147024627,0.7084959282003698,440.86579047272556
22.80040053385421,6.400571199422629,0.8478246115949132,177.57411872590757
27.244371804882825,41.719980688838234,0.7649090630460422,577.5847040510714
36.955099123731664,57.00379818610184,0.7281200091813557,750.8812379898382
27.153787890273673,47.76453494752112,0.8513286342802285,710.6569184747806
30.079961538808995,5.717580806566678,0.8609570692121173,832.9164743265654
13.816084213816664,30.569856292279653,0.8261156657734208,371.9972524129745
21.913503966037208,45.91123271732251,0.9252876233541558,279.4609727511046
10.059522079249904,44.676729691456806,0.7244318261365803,779.2808649833921
5.475943909864578,47.56593430030846,0.8249740062203118,449.4962635849199
14.025197533907878,54.978479933678216,0.8070214308820036,647.2516986328915
29.59995528135785,47.31463029840068,0.7188531732544077,900.1789267022081
16.689628101181654,8.10525417521935,0.947165153503596,468.84689243977897
0.0,23.64022952226576,0.8096483400220205,330.06053880316625
36.69455380923973,5.821416001688291,0.8423837747342896,668.0830637758916
2.1974375924376686,52.71189992611107,0.9174223751777612,905.0291038997714
29.07487865445036,39.15199250692379,0.7086265543289579,432.2337212617142
27.236484396861595,34.13034101917132,0.7769777820143751,792.682269465284
23.90541491510526,51.34803384049789,0.7590441243622633,166.53860322535343
19.460430535873446,5.593597733426598,0.7110781052924077,115.75531946861221
9.490768272246507,29.072577359454836,0.864604129482471,652.8053644578517
0.22571781903474028,43.18562221712878,0.7424380314246842,56.02577522676121
21.38095962974136,15.772296239700953,0.871661050321147,457.56527565402087
31.539994811616186,32.608422138399874,0.948858718505599,421.8107320952335
36.22989794998416,12.652560891796345,0.949994529106174,188.77543557690365
5.839158252244207,38.95292924664167,0.9080593226915713,344.04981238656785
38.04898462984734,30.192302362917832,0.7590062607603483,255.2874392431761
22.440399163648387,19.247859253550384,0.946077029918396,864.826224734425
21.651686050841807,55.88149341709363,0.9192315037799339,221.08900224815156
38.79752775853877,42.30783025715431,0.789790249811702,468.1123547707342
17.92612377640134,40.80282995842472,0.8799188316144901,622.5286483411294
30.39753405354606,10.92973051192142,0.8157562785179241,632.175574070418
33.48909213555767,27.523671858950998,0.8867789449011427,592.8646549072537
35.6754936738291,11.91567113310603,0.9217867297848439,702.5753335210313
32.43607991108777,45.27726739888752,0.8721020012717426,187.8897271996969
33.5289937718826,7.188041723981649,0.8364849057317637,583.927025432868
39.8294103197324,26.585429015050888,0.830746926017222,894.6341523450662
8.524298629566596,59.355276227791464,0.9324461345806058,877.5687894238675
3.2077454444238245,31.716028767034132,0.9126467617567472,466.09737179946205
0.9680604873046548,28.011865568838864,0.7500260982847443,339.49789637230685
26.13417238823618,12.204313596120526,0.758532277591166,624.8345438539658
27.30737002252561,26.0665610927793,0.7048654679529336,771.8850147320794
31.56435678741398,52.95094475643193,0.9061525844994018,300.3736894790711
14.5076470873991,50.15602883395287,0.937769570296324,631.8248170823435
11.264528660336632,44.858771784309845,0.8049978960242979,409.6840799931551
35.1105942117198,30.306575752654485,0.8428084166148699,605.41523071298
0.0,15.937372601516268,0.8346614578117779,725.2946672023801
37.67261304643366,21.427729707630615,0.771179692892654,745.73725186467
29.10360046510853,48.896428333611645,0.7255537221682747,301.2243499413829
39.79163055128603,58.69073925699684,0.8578482313141065,597.2089694495684
27.166720599774468,22.624442868975596,0.7291264543820059,573.424333281199
0.0,30.979732159012524,0.9084128419872874,526.3225266141544
14.096483794322639,29.579675471050923,0.7822254507348843,906.5390607143615
37.14387139930629,40.9698944523505,0.7629562587670022,186.68398708956815
7.860176375008406,38.70933656935557,0.7292585838707663,593.1464332434612
1.1438787890215578,32.165372220460334,0.8397744881328268,384.07781184689065
1.5922514612922294,56.69367210549515,0.7302163902181491,772.0356622398668
6.149337225982222,48.684166967976445,0.8937847777946415,92.7959720238244
38.93220904630922,46.88610144755286,0.8125698534248852,508.97069801169533
39.15045445066995,52.294017107248024,0.8421778499183652,656.1115237632855
2.2886520305668077,40.32537048661812,0.9421787381192677,366.56673608649345
11.553413889170708,48.694626187565156,0.8904679017298844,821.5156421679933
3.434178407125812,55.87670493138031,0.7969884187825076,536.6037800637127
28.52376185053398,44.816066639555594,0.9189703286066482,863.9309871951473
35.59934881089046,35.316694918980566,0.8219151554986344,631.9516808809306
35.64071188629541,19.55926976316972,0.7972751102279286,438.28812329776906
31.95445322264314,15.845714059313352,0.7316877916014344,240.98295163288805
36.08373080203292,58.15337631763875,0.7689094955585325,163.53902715853337
0.0,26.99994276091493,0.8372409814178745,640.7768643551295
24.202896368695736,48.75328963756531,0.7487320293891613,368.3582543065328
28.216293206753623,51.3121602536537,0.8340799959402534,69.12971559463588
14.594613078700334,7.489564733072572,0.8886088418516976,854.7348664152476
38.17441825879096,57.958205359019686,0.7440614794549656,333.3773802308166
31.130922932218485,50.993857784103206,0.9268203810971541,780.8395238624126
4.8937069476790125,55.27661998140897,0.7513633333246929,326.8779069252381
22.10426282140882,41.778233388900915,0.8927678349389065,919.1123897508409
13.717093625066964,50.80995554112848,0.8474720364558301,847.6566402644901
27.818142143648664,22.847684236329055,0.9390109479939892,311.39934459765107
7.0939983430542535,51.29749083469364,0.8447638309259177,377.97717868772537
31.663107954199475,23.432074783958218,0.8674351034921478,946.8964011257192
26.570064760929935,33.09352420647331,0.7971199996213769,596.1026260227306
9.673758270837101,32.36450317473782,0.8350083942017692,716.9972620593678
30.710484916657048,10.314865147379482,0.7171869351362479,494.4128802651539
0.0,44.335379443963404,0.7853202755274432,272.46219673246253
7.56094892853467,19.127556130313714,0.7263905858918804,867.3274363795587
0.0,28.704357001476556,0.9061549880873273,193.33453856757183
0.0,50.64856491969318,0.9101889127026354,522.4484703477857
32.272812109924516,45.62530286502682,0.8503627999209596,923.3929298536812
36.05447871901762,37.770274173368755,0.9448581424173466,827.5850588799431
6.46569554227795,56.67306583891467,0.8795355004554934,265.6423824598737
27.63748594713329,48.529350519581904,0.9190748905646022,903.7973710751133
37.82744007975011,59.368656207438086,0.9104959961974453,281.53582905422763
37.92188680840166,56.08858121639647,0.739081330741209,288.00558316217626
2.707487527168624,16.287404072106114,0.7008391289335911,843.9873899195244
1.7533162212372242,37.407922223002316,0.814754558584143,609.9247698111409
17.46267327194651,20.088089586122777,0.9206757007520459,981.2328699084708
0.0,58.85891670873326,0.7558160383040863,309.9449436837163
18.255757440981935,21.065678032647135,0.8088509108251938,860.919339925763
3.4699035119558217,24.215437214892056,0.858210090123226,179.24878370961721
0.0,22.46477156592645,0.9273236435082253,703.3573918008392
3.2968734025793283,39.92727552861602,0.9369992478654705,939.2122945472695
23.982604981574912,23.7778116034548,0.8369226026807011,376.8101769482741
11.365845512309177,56.65639893896084,0.7447936128092593,143.9831368186778
0.0,47.464028016569834,0.91982064507548,507.4537127762669
1.570556356755955,16.693081215637783,0.8312353090573213,687.2016843238512
8.320533332104162,49.640568817794794,0.8972453533456932,366.50202068547026
18.718344127376252,47.02552489431824,0.7939478538730222,726.7592800596178
4.462497045221296,8.861248603441274,0.9040565086807808,528.0339722952812
34.06180577015821,12.100071329940533,0.9498155109059263,684.8395740708373
31.91441477414956,8.158002430888658,0.7448868965585578,947.1261664727036
13.04560763279995,58.810442957706506,0.8170385221984602,445.81169671919355
39.30123745405589,57.93227158920503,0.9259742771946747,419.7549476889267
16.559995109714695,36.44371342942675,0.7636075764181057,582.9525209976877
30.13523957315917,49.44924616340679,0.7127875767775619,274.4765386272417
0.0,57.38482459333964,0.7691602890484183,122.77984242127448
1.3867310675314815,59.5802809780727,0.8851595461393145,48.70539677594632
11.197758194327136,58.557457637383756,0.8346854513984467,557.7539193395723
24.995719564735687,48.350774607130305,0.9136556975037062,890.1852535553439
17.839488490956132,32.920962092308976,0.7830763303517658,893.4301415786433
16.575342696321847,8.348317457589927,0.815432346606356,916.5903931118014
0.0,17.461488982284173,0.8113276080263908,884.6611786992449
27.08780480451189,18.58722738835148,0.9090116020889408,976.3962229214086
28.636931488295986,16.082840309623492,0.7529645666990946,941.3417367952376
15.846358130873442,33.14675132670504,0.9456452833680785,581.9241542528144
7.337911545181414,13.28878036377455,0.7034307810723952,528.3830705602951
27.08351464953783,33.08313322863453,0.7693629056613625,169.12033786621507
38.222789861227994,12.691060108445557,0.9443452741121653,243.77815058155426
30.34885929276511,35.433779412023945,0.8851215794688857,424.02870286967874
14.764439478062497,18.425728448281493,0.9374173162529332,188.4903531638837
32.358119923993854,54.15119132912229,0.7904094145208342,745.0200939079205
11.933349886028925,12.290010862298402,0.7429688236842065,532.2006690821462
3.468778161866344,49.71649631608792,0.7247867583139891,830.9074535457066
31.97802967652097,38.20317451550643,0.8162007634406427,236.06820742984564
19.21259262151113,10.727157180973434,0.7846767389181772,363.43702705290644
0.0,24.55463009992895,0.7136808300608213,849.5812792705837
19.41863532972209,58.71377792089576,0.9217410685353833,522.6148590993873
20.305215370204547,32.744219774366044,0.8699834351806985,825.9164037299669
15.917698091713788,16.183877822128995,0.7350472650029853,271.36878262922386
7.259485802051439,17.368569196829323,0.9489142880371562,51.38653598352246
18.45756738816494,41.99963390993878,0.7777888994781597,804.7674892322248
28.064200986393345,24.152710069441326,0.7788920515715407,987.5400354509788
0.3384379464185757,24.664872179123588,0.7108934122491991,654.4511972739871
38.764194182078406,45.0031182573318,0.7701497642046264,199.1726173078317
21.509427353127887,31.218809680796504,0.7295577662579897,908.8219291111295
39.221507923734904,39.48495826900545,0.7105846905329091,854.3219793193857
6.945082292841765,54.666345567273304,0.7124123113158053,475.26799781272666
32.228198245329274,8.72586559581314,0.7433048875663859,780.033535665261
31.391033244164678,9.975356347026281,0.7524867205710545,738.433356748885
17.583106133860706,48.807322305981,0.7343185006512888,121.36059562614861
11.544786541469925,41.558247702809524,0.917534933301365,132.13111862354754
21.432235560898903,6.250180286076717,0.780796308583985,566.6633145444687
34.44062716980437,8.344200244442286,0.8996548697510658,976.7473437364346
4.886642891403892,6.205332814857314,0.8089481341653803,258.0521978158653
5.80080404197478,32.98740855028678,0.8880093201364676,66.8428888019267
35.68028028639059,22.432794101276283,0.9208469073786009,103.44943812616864
31.846564408994595,54.38833061311144,0.9294383401909921,894.9681628165372
12.22438206088412,57.25358214933904,0.8456058563061807,90.1148679738759
0.0,47.884423984395745,0.8725237177955434,415.4953329366531
19.21508922222187,7.2980852833768655,0.9212171885748637,261.09763434141826
37.75350956398224,12.220388995343669,0.8018188881852888,560.4315844101251
0.11237845120901935,38.8129290084538,0.8541570104793845,906.0105699992607
35.54001142014988,26.081633645830763,0.8325673248565609,497.87533883747665
34.501780725011116,15.1841228501565,0.8812689025534393,550.8306982370766
8.788107998138837,44.03343069824278,0.8639536859886606,989.3652902154348
6.531942317909678,34.748952963736365,0.9314250106511215,714.0666307973031
10.074206269528686,31.428293394828664,0.8328633470547395,833.690915739951
1.9998397979573563,13.761871299165861,0.8875743285361667,790.2915499497053
0.0,26.916706506693227,0.7023777308170615,730.6130634967978
32.62109998322227,25.396169157662715,0.7092090081050042,591.0427075226752
10.557787626137879,10.002238098575503,0.7902272320777973,41.32010794998635
22.740595461447676,21.194949321188528,0.7984855099737322,646.129719061172
22.948704516929993,38.417204285647095,0.8733737560812157,594.0327011370609
38.44681701956719,46.043922165741016,0.7616018832682242,977.1672794834903
37.26694764659084,42.56285934800116,0.7592997026690305,610.327675362076
15.377259266579342,53.69574840616412,0.8159563309911414,627.222135498613
32.18540068843446,49.73169812031136,0.8873458983597662,482.89267088704105
28.03839240499836,29.80821149935811,0.8823141099068421,761.8971890208662
31.079012174109014,49.48263261156022,0.8071436226792347,399.65410989933264
29.239982907980092,32.06036945849322,0.7632405168687426,945.9249165139233
19.99586502369505,21.723213437428182,0.8397909617508257,740.4854179353293
18.261146870866625,10.718738644563338,0.9037301645049316,791.9685259681263
7.524083407333749,24.451537168322123,0.7789179484702307,383.1679415955012
38.0288998491327,49.45542326297166,0.714531768418221,602.240770712678
38.60603604255863,29.75017063385388,0.8582649150357384,564.2076171559685
29.12760270911853,51.28883414017734,0.7109003444227879,806.4468247038727
0.0,45.13777744389301,0.8710348004037288,81.08650470292808
38.857845699994236,30.420875801302618,0.7778009259907508,612.0998297866154
17.401603825705624,6.03634379406338,0.8546262009100146,594.0048051888328
0.0,20.586769785441433,0.7564393392807729,502.99259367882325
27.97364850626974,13.211947618604153,0.9210746031231064,563.4645791696713
29.13088300071151,15.465827717806867,0.8134059575071002,303.8121231662715
20.388863524911955,48.620343845962395,0.9057593243476805,543.9032999156615
38.71576101002494,36.299351541508834,0.948535620891877,130.7453721282529
25.738257577931172,42.799969160308244,0.7015220941092968,390.55614554377365
0.0,34.99646993758494,0.7106073019672909,552.9421891235088
17.606820006186542,23.390766248759142,0.74552880457464,531.6734550684702
15.732194727917497,53.44186061966166,0.9463391316261783,349.44538825617076
3.085838038630401,39.98760060523896,0.7922204923044209,241.9253127402515
11.588611464117255,49.582734563180345,0.8282332846878248,799.8384088392013
13.022424910584228,35.11088029830674,0.783815841325545,781.5761159949332
15.950679842297316,42.13312802530484,0.8202963991150694,924.0115381072903
20.801010637807845,30.399576272483493,0.8421219444469045,802.9125323549271
11.16300526500441,29.508253545901173,0.8926167585117517,713.9814291645055
11.031968345224554,32.696162772053505,0.8601654663348315,953.4413587303342
21.108205476586832,32.629074033616256,0.7545034508324656,517.2815856206048
0.0,52.766102459653425,0.7943382478256539,766.6741592653545
0.0,41.29575337482336,0.854984446133419,968.147874729065
0.0,59.649882472054514,0.7682297283492706,102.45078572272071
27.16106332529501,57.17680847388978,0.9066453890277621,782.9389261296825
37.38713283143088,19.189065924315027,0.7533515032866294,129.3791330716779
0.0,23.074369029086032,0.7669396492009276,882.9306649250741
23.944139295470144,13.20858475975021,0.8174668643026577,602.5324632627635
0.0,47.695235680095976,0.8571121345195445,470.7809732436792
23.429378183786337,54.42215646148226,0.941933216839374,763.4746170650485
24.05118714024898,13.354714193313374,0.8078153293646024,679.2390954636749
29.373562611797695,45.555360929141536,0.8168430678913905,516.6014358015194
11.652302846695036,39.34268761302394,0.9422284630146293,451.5065826714724
0.0,9.948491119823206,0.7516285621089089,196.82596833593695
11.61775682143418,12.028809368199653,0.8502832791489544,316.0035008443704
37.3780915044313,21.192849577804886,0.7491789307179404,415.9372481854766
22.882525422892474,59.42458397064732,0.9433998903504742,491.4768014238833
24.011765485607437,8.259010959913471,0.8808442561770925,146.95802878751914
34.70331968375437,24.85366519645582,0.9312115436603531,279.3952663278051
24.243151599257605,27.595134534647805,0.7716324970476025,634.292295766153
32.75798696959077,44.13314708364657,0.9176261789410445,177.06605827566221
28.035695538877142,39.76763920720596,0.9468708545639866,753.5235548394791
24.147590340328392,58.52347329916766,0.8085270238870098,542.4334655350472
30.66808242282816,26.913353121403468,0.7762260771482826,468.5932016056856
9.328178946756248,28.78932745198917,0.9122053710495239,592.1828761106958
18.60697638145912,42.468829521036625,0.7037013508446875,914.9037123531448
2.3389986532243405,25.723552173546956,0.8527861337300048,387.67472077701365
9.49988704490583,35.93014880352626,0.7765123533886398,798.8597750959684
3.4237272277765194,37.991698165484436,0.8771190304494576,810.7868775746944
36.308149786523835,57.72832911881756,0.8210055259851539,475.54768446330183
36.93533753489823,26.959240966352823,0.70732779929576,393.0132133280108
31.295571694660776,27.400329483325542,0.8828066895279623,692.3636936170847
28.70330141155015,47.95924741670773,0.801195810912309,955.2974628573362
12.617135766091101,10.916121017975266,0.925822076682208,993.8076247724446
30.819435400735284,26.55003438288797,0.80262276667516,822.8717416596432
35.56327851055906,27.835397734254617,0.911200573502714,71.02003948012452
16.988759887639446,52.20581860545084,0.8824794770319904,601.7607968107127
36.78276114713484,27.32727910651068,0.8906765783748124,997.4145141654781
31.128918162226693,49.430599376465096,0.7605793176295875,189.91132583769317
15.645943206126805,44.69892117214169,0.8466235737369814,605.4496059712337
0.3823890691206464,36.03884566689688,0.7729205779178719,287.1453978550684
13.825062598087394,16.939850528127877,0.7980289115087162,860.0669027535262
0.0,34.58789900685666,0.8917370689336224,703.5672454430368
38.52580709255408,55.97704022863312,0.7946694032772649,87.82160562328514
10.778740490670916,42.84794652991642,0.8819232315466313,864.6750572627453
30.040108908668195,44.15000807651966,0.8450246835513472,216.4568791880606
22.7872658833453,43.307802076061165,0.767613332231764,351.03612269207235
34.3139065898104,10.596749128487957,0.905856155677433,88.5225590964096
2.1399235828458933,28.330166849263698,0.789395861607447,223.07772403543038
10.15055884160151,31.12520743850682,0.911581249358482,452.990545197247
16.26720399147569,31.701553109644536,0.8736602616972917,839.1286446456994
34.09361932538241,38.553824480563804,0.9080483008299078,951.0236942909678
27.41446879224302,25.69518663842983,0.9412851267670301,103.42192396803249
37.48312671167079,6.247072095987363,0.7151230878660426,439.3776570720801
0.0,40.6766699447258,0.8708398921164613,496.3937186850445
11.407845017860357,20.453659167112754,0.8634956674951363,974.2793232178115
1.8557991002913719,20.561248771740704,0.7976965477372457,876.4038503681342
24.6066478112901,16.525079056375716,0.7224985643424586,58.42605173332281
22.15345009645878,15.203050265099947,0.8131080246407143,449.9898971304473
13.124058396836022,52.175231578291054,0.8052179915451211,756.2541601181097
0.15963227922176362,19.565528777624113,0.9163312896287341,151.04317864047607
28.045884002983335,53.11630569772963,0.9026047550295788,772.33908261704
29.676340573366925,32.291634355613084,0.7116133169897307,777.0570160475106
39.50778596156533,52.04081885843371,0.7194465382990652,691.2484899688824
1.3310158426780185,19.044411757592957,0.7511073962460675,265.4275432856697
23.004253336018806,56.994442530805514,0.920117112459369,359.1803819392751
8.38645795709842,56.55765934218412,0.7631103588165626,903.9943892102923
7.7104106715315766,36.26060566124627,0.9332084242057925,272.5969123013386
0.0,41.29913380482758,0.7581980995600055,71.1197241415033
16.03997808693943,22.123495585397876,0.9201219547487915,295.73445785723806
16.20937434475397,45.54386841106679,0.7164778760965416,391.81751817682886
1.9412229035874775,50.90395885115852,0.8917919072295679,189.33079196475504
0.0,10.819100926000894,0.8796122243228064,908.176780031952
21.70242612052566,21.490867151170168,0.8553486707764586,128.2649072669435
34.803216221644654,35.21072916548883,0.7183439947189845,239.52815372327285
6.200379623518548,45.21522150342885,0.8574833387364588,544.9363727809136
2.5097377159583734,21.14056353086691,0.81677749548392,951.0839627102204
1.4098337515337898,13.987536346628474,0.7146337415222415,113.19839939957322
7.877012876512652,48.97061800948643,0.7624024842084367,824.7384746036477
7.87356636754391,30.845073463670232,0.7814467011900466,565.1457435993
35.16845613729642,13.911255171400805,0.848333690577528,473.97908973737157
0.0,31.512936007506596,0.789635833050483,827.0183572971083
0.0,35.43289403188361,0.8232371590532825,621.998096585221
26.01226525826979,53.320263169756466,0.7886946677062305,408.3691610011207
21.08620012967919,42.993149301053066,0.8529130218549672,405.9180765852036
26.82438112081772,53.39187171853608,0.877482311108885,276.9534569034224
18.826074106253984,13.654134659576805,0.9213026631533802,991.0565666683912
0.0,15.47388569182243,0.7268045820996909,328.28830891860326
5.4326189949568215,43.12297857426711,0.7469280824292851,647.4919883530164
10.683984016798497,58.77729578745778,0.8602185377613946,814.5092167358044
27.641427025097975,10.313860804899866,0.8273459785904596,655.8372776606742
14.5633570284179,48.939272286084716,0.7454448976364488,198.82835941061154
26.56164729741088,24.43380250440794,0.76366110526828,804.0350316424175
12.768222324677033,5.191639094470593,0.8219135675900716,902.8938372168616
37.51426259911349,37.73134627794538,0.719797552799728,600.6536394810181
32.789835913143484,14.019799409081163,0.7750468265900979,957.5146024868983
3.367186152319709,20.081849639444563,0.8145167020978191,949.4997238741969
8.239287969610851,5.372412714171294,0.7215265632700899,261.70678130205306
25.069466962081684,19.05297697467723,0.8508831549604121,427.11604176550236
5.4777198648710606,26.624453164962596,0.8154800204128375,248.60158013806827
12.658682864253139,46.57975354612236,0.9126230398738562,221.5108522310627
7.848093554286461,33.644190381790295,0.7124531093029224,457.48195312112244
13.667123660003327,25.61132986067869,0.7903057525319893,940.3908080156214
30.93702371647795,30.604735570157775,0.7855605375399828,346.3491963239432
30.500609470183058,56.03197208713529,0.8727088070721967,360.7089467138337
13.634610855830998,57.33356974260808,0.7021791861901905,439.5278093759548
6.248919171449446,53.38540567824064,0.7200285215862339,385.85866171106045
16.52443389045169,31.742670581385187,0.9126479287618078,579.5187149333017
29.832452183756835,51.044760359739755,0.8174463129952598,498.34654795786514
34.64932596750129,33.83596356556262,0.7113853873354711,459.7961201266561
0.0,22.02593618229925,0.806863059043921,941.7960523455639
28.117049573208913,30.823113257115224,0.7650963737309241,894.7633274455787
1.9762963028065443,19.305710838646483,0.9492104027099973,418.0018995879545
1.0294830346574302,22.076963356023764,0.7677621885083532,638.3646369041509
0.0,36.583790155052505,0.8633810260579656,642.4106351612257
16.56724278928488,58.754507996189986,0.7280437242475191,802.4046752265994
4.336184478119618,32.6587264745993,0.7388741266703064,478.18198993726077
24.14409654182645,53.757841928477205,0.9495274392433053,945.4529286314969
0.698548251780655,40.52654192439524,0.891731002870613,226.7855926257839
36.458736857572625,49.220928837573354,0.8882874152512378,254.65558821188858
32.700334979963316,59.694386708469565,0.8440384999525143,476.27760419874255
34.426022162084024,18.1850699044373,0.8107018838468971,113.2149338609463
35.539049100374164,57.78984724069107,0.8154116912389291,501.15321286930265
9.912971401469912,5.393041267299112,0.9019776866273861,97.21432108183016
0.0,19.54768265403714,0.7323236499644615,795.0448500457409
39.661636011427724,40.69180556511381,0.9395006200602792,410.256199133231
1.1126148023366635,39.963216611864034,0.8037907346185513,216.59759623740175
33.32134364876153,32.33733732336482,0.9433943010701105,630.8782412033731
6.675238265100503,8.421035566418572,0.7367345981336079,329.43080534500785
5.5596133562227195,32.2531694451199,0.8451681022125972,718.9003447382656
1.7256026888387785,17.704192326423023,0.8711342553078817,541.4188109153545
27.406580426755884,47.19577814800358,0.8513496482500248,556.441955551663
11.484858961796444,30.97573488160659,0.9487175178493528,648.4005241928336
21.09704775190346,21.778710407858828,0.7749615889592003,163.63921159219385
11.503942788095262,42.76081099674492,0.7251706163235803,906.6897088236524
17.903150147323604,39.834736100618464,0.8707651262770812,415.1199721540799
7.907584627291001,41.44545673667028,0.807315101671976,594.0853829769903
23.02262167733565,23.192955949765768,0.7280360145547662,739.9725761438987
11.551815739377684,40.966380912169086,0.7219402791410502,247.93011949436226
21.422562702731444,30.901067287117893,0.7507192935580967,786.5756247051379
1.9577619284483656,47.296209729770084,0.9345942184474268,990.6514398815332
32.47983434470778,32.36497246709396,0.7162851738810663,670.9890334113242
32.72895787629979,16.780695269993615,0.7911257049625446,893.8998905068125
34.44759533316031,18.174519690680075,0.895491011219459,216.8142929811484
20.175947371691123,52.15548931257015,0.7159145712863997,913.2640708703857
29.821182843167254,33.248781624455894,0.7612137484386363,534.9536810038047
35.25713295699982,49.46407867079198,0.8333616207276113,958.7796357692459
25.69340535849881,39.54641172472917,0.7810309894593787,843.5903244086601
9.249407047225134,41.54868427104948,0.8083037181595382,857.9692853612532
0.0,12.52224462821206,0.762127937469213,772.3097935194164
24.18716030450678,25.57077263532797,0.8908460293696281,104.56966222692418
11.523008625453345,13.787686854676203,0.7242763657095792,920.7279387613246
34.71537856858499,45.425851280292385,0.7850404984719135,601.8277589007398
25.52934799577486,38.318862206294746,0.8421798225285528,445.9459348745146
12.954056512091073,34.52440429807994,0.7682213892146952,242.8321214641737
4.630026805465281,23.861245638960384,0.7849427089419925,652.3257361495927
20.28286465583528,46.48777650032203,0.7953346072020393,179.27300636037972
10.729552449688642,26.35124377211673,0.9208574484732674,197.49188616192157
2.2060626322149677,26.18383315365532,0.9036625899397243,730.6554258910115
37.39669889188633,56.27231849074794,0.7443276320867045,718.8647006554996
0.43026878143705904,44.992534484430486,0.917726533303658,612.6078556783178
18.3432530899999,17.680561889101003,0.8367089911297293,572.8175404680674
37.350807019112594,48.3417921882906,0.88665833343225,927.7396563596196
3.738179569057445,10.965285743400068,0.8343716930981674,941.8679269665736
0.0,43.9912136581436,0.9484805273534527,324.5723236046786
19.54185460807672,51.43259292686655,0.9382946589192369,227.51063304807818
39.56966570372282,39.58415688762477,0.7191533398234831,141.09807456408672
21.35649305654084,45.37920017124001,0.912303750700896,246.4461088788997
14.276734528953842,43.98615630341226,0.8304250234125665,74.03222078848668
38.244344624941625,47.76131509026775,0.8336947471193057,365.98285188251646
8.50268039405402,6.401809303037886,0.7000384306183006,944.8054459223393
2.660147524254089,32.039935077793345,0.8566401811200225,523.9025334344043
8.355636531616494,44.58055326768811,0.870292345324972,327.5112689439363
7.354117784281929,30.966572939869103,0.7677067874598769,466.6395025576044
2.1019818928908696,22.204304083840633,0.8541803541401892,601.4804608483521
37.68151981072512,55.674643866171515,0.9119784011254839,353.0052486153987
0.0,28.588752022607338,0.9370832448649167,363.5535275888722
0.0,28.083622490130892,0.8499258311448363,498.48670086468894
20.026166965146817,18.652087727424718,0.883339620640439,890.2349458987346
8.978490853928376,16.143398558586107,0.7368141264483431,298.6069289709659
14.30349154140605,34.80675920799988,0.8669650263545516,50.14075157490197
0.0,32.95011511256725,0.728830471259442,805.1418359221393
0.0,20.443958884002075,0.8435431476886726,772.9022503100454
17.31990857436287,58.62589374534332,0.8921075799978309,459.43841843025217
32.671492095542646,43.9991875801276,0.7043914734992416,560.2860264377665
24.899289295945604,42.142048627823755,0.7256534022361882,945.0657221309957
8.37820563701881,53.35376103386421,0.8512198787820009,439.7436161393006
18.273522392535067,6.6168084820496915,0.7134853891572763,750.0347016816665
21.940241292173237,45.98099715011496,0.8404235930258175,963.6684360611988
0.0,20.54305902643648,0.8806517808829935,283.92774637408627
37.902341010032764,54.658184634002765,0.7597128563550071,193.99434573380125
5.455685688584253,18.727371257442744,0.7159723504425116,924.7113382734342
34.57892101221342,31.99598753989615,0.7866348485561268,525.9279800902872
37.842684798197205,51.95701955166827,0.9233599545465623,270.8416612553015
0.347812660476624,57.63697077926024,0.79508244023118,155.9084731004862
18.99419385501713,23.379739692937896,0.8933429881769528,400.13927578109997
9.165550335212265,30.34309119097758,0.8619794704316126,334.2134953347338
24.512101419099583,52.06029756494005,0.8842856004398099,267.6324779818904
3.9914731881309793,23.09774497126062,0.8834627447899183,987.931287573632
8.685476923411485,11.713877653361116,0.7373142135871625,528.1709635509391
0.0,24.63795462781336,0.8489175417468311,130.70529189869194
35.45260473710923,54.01950420680379,0.7178183076333864,399.92825959417183
25.019532471740156,53.89658161032713,0.8889133903089388,333.5646257913437
6.854048720366922,5.341295220744548,0.9256758960862124,993.0776736986929
36.15182141182056,17.019442689124475,0.9278325956634468,835.3212500063412
36.81574328444356,47.44387902768271,0.8171227224111874,737.6461988049309
39.090278406754585,46.822980576780665,0.849900426212203,102.54964194554098
3.370372323961761,49.59678764104289,0.8379382789311282,287.602672884912
22.1678474990425,52.55969442023533,0.9329908219061581,537.2220790744614
34.12643293406054,50.39386717937117,0.7969647570179458,696.061322817915
35.264712477474866,49.872904431756545,0.8661777802386811,881.1133318935907
37.37483615076329,46.117215649144626,0.8324581515952731,630.9131181758086
8.820216009176093,37.395894381382575,0.7693719847636846,631.4455261135248
13.659388181569902,54.43106075902151,0.9108278400936693,923.7214911679382
19.791137629672445,57.48868788295794,0.8261322591211224,191.14563340788686
8.839270804760123,48.12083893886101,0.7144013768629977,185.88835000788117
0.0,6.2953822090525815,0.8918557119076626,405.681662362112
0.0,39.747073793292685,0.864172863050586,907.0934774272048
20.241992929869216,17.65978116634208,0.8102808599609457,994.4275083054093
35.67745847176973,53.18210619526843,0.775503227883914,80.85146713058315
5.299905458621954,55.17542296168225,0.8810868192002126,105.71334971288269
34.105787925043686,56.77219688127987,0.825984911006006,915.7996730758781
32.48830210565833,10.059862627387457,0.9179122074160503,850.8476837244554
7.593189086955674,41.44590043272517,0.9112564953499629,755.9071388137625
0.5514390909348739,7.840809499155971,0.9216455531109151,840.7495715117778
27.06938213054757,41.82980364963505,0.842940821881227,64.46310523366608
35.14006154156003,22.593363816539636,0.8465543967632811,465.9060237213018
37.68724660348502,59.74858389562767,0.9450289144115865,328.9922026190893
14.889892721289726,42.392418143282306,0.7610709267298821,289.54375732413644
15.284281288395219,50.415001740809885,0.9018988810350383,770.1204358324561
7.319731986169834,14.584908964322183,0.8120545264228537,716.9741578235769
11.072809718902052,29.837141099084032,0.8269198692561676,795.2244685662067
9.570086090632396,6.1997557917814845,0.7782073961821128,385.9874303439783
16.99707664115772,55.449555058240406,0.8125227860545547,225.8648071105746
8.18797909425804,53.93480937897554,0.747762464895896,166.89541530988404
0.0,40.246346496748146,0.7199915204790002,375.7680732465222
20.909755070219006,8.36446207405566,0.7229459210263728,778.6346699466299
22.176217321338747,22.845128012035275,0.9129924827140972,356.24918649527285
33.86142005117336,55.327335865951184,0.9300421375563749,347.6652559447981
18.439381526530163,41.443360171205974,0.8986253107520069,947.1061736077195
5.647263845659642,41.539590701134195,0.7752955362743839,227.3247170391632
3.9416150599545197,7.68200400426636,0.8182606162172223,976.7089587445369
28.968814995825344,9.077622187997349,0.8206016767525642,679.4248480678082
17.04846510520911,5.327227937068825,0.805991420965781,950.4083328043585
0.28179274668381266,16.927030370696325,0.7424693555498016,726.4885609199273
7.813781544586717,14.030537261294793,0.8983567945255422,631.0151635191303
33.042389227700475,28.236512305641916,0.788252177211905,616.6733156282513
37.346189702098236,29.218903948827283,0.88994207465285,562.3416851453766
0.0,49.059599226235036,0.9028844125390262,587.8353918631897
22.317415476801767,49.34956466076754,0.7056588944754911,644.8156135210991
28.048032135358458,59.34340222437966,0.8281792336830237,864.3750188061758
7.713620832100322,44.030851437824495,0.7535060805917136,773.7641335975063
35.63039431815089,25.900970435874456,0.8609450001836141,863.6096126729401
35.56034410406184,19.768432800177496,0.7057873338111416,716.5344289772046
12.799237640091432,30.35571868316876,0.7406637836832959,287.59432314710506
16.469022956669424,6.965740190783335,0.8913411925126676,279.44343899978355
33.82572570155372,6.12564104274245,0.7014653404285482,684.9549335801568
14.611675838739957,29.473842176675653,0.9484548700824111,800.6767099365082
30.57623045787897,15.51917000270369,0.8263521258167317,970.0663981801565
13.765734423259856,42.947423177889185,0.7584155310939373,693.2554117956748
25.47666321982235,55.91507133023827,0.8654289927790177,424.0424125143393
21.86020146009464,48.36808677772567,0.9052330846281751,951.0511692294791
32.76211685070872,54.37979721271502,0.8947601439092507,40.08224127969644
39.47616009143649,8.89228217406864,0.9236013680916115,540.3407555245612
1.4278637475719884,5.756374513078156,0.7305714180824442,594.4922898954441
37.926264459602955,41.19702915877556,0.8557061813587741,54.282507836844935
24.21164202804437,22.759465645296853,0.8979681648924585,530.7512061119769
0.0,6.106884749611635,0.8882633747014931,625.0701983077125
0.0,5.924865541490653,0.7802291562291791,949.6750692606555
0.0,25.221892185752306,0.8874087709471435,872.1395176935914
36.02010235070443,20.075433486382206,0.827834564546738,379.1753513111684
39.62887907407416,53.614317906679766,0.8299852102302554,767.8827025525326
0.0,7.491131208943824,0.75744208158645,911.6426134965893
0.0,27.164847532139927,0.7288676291908445,422.06480942258656
21.169384011134905,10.708906135104574,0.8976841036130049,233.982380865672
0.0,57.500860377375076,0.902164284202933,372.74089987248556
0.6223291454733597,19.5954373469484,0.706575056425281,821.8191542558355
25.25075855560849,54.60930666530367,0.8323937391000087,660.3771322480596
34.25053611450318,49.10765814266522,0.7923830141002128,475.78174461955166
11.93149240702279,29.64974483182209,0.9331437082161237,851.5231498904099
27.198226049222747,31.30296589291422,0.8744520656144092,257.53815863866794
25.20413420113673,26.004471982153248,0.8851874912631903,810.6741020791327
1.5236506712588536,55.76348584897861,0.8854904615326586,797.6365710558694
26.612717827509876,33.284641863518054,0.7185427715022266,103.04235732332117
12.191795861342477,8.723488793472033,0.8951193537269299,314.0836505294731
0.6389827790687708,9.403820470937514,0.742313755033478,497.0839015659526
35.83448848601528,27.38320358395397,0.8951151866562723,298.4325752049969
31.809203353439976,54.049623369100935,0.8245080608782048,214.09281321045182
21.89429318024839,57.65684589096135,0.9180320696107092,709.8240675438782
32.2101096180053,45.24729951482101,0.7027111945258228,552.233933630666
3.4521611761573583,6.226805861696206,0.8231444416723652,301.20108235824125
27.33821521038111,50.84311798043065,0.784730859734787,610.3001109251571
25.81346823130973,36.24961563416185,0.7834143612219774,551.9585863608447
4.211501672312647,43.39529545144601,0.8523367004245548,501.58940640716537
18.6841654117513,25.99336146581118,0.7748187722576562,537.8453724142421
35.75917449196498,56.43126991699918,0.7669727267171502,971.8281268915282
22.106128746809517,29.978720457608446,0.8703698142662297,720.0738336247672
6.616993376965835,29.159696171307353,0.9053668914046527,43.58567049814411
7.526889782131369,31.865699147324786,0.8247226111568556,816.5229292658101
10.768153909640839,47.335863713436375,0.7379664785867941,360.53622994513296
5.7461209824808135,11.908734682921837,0.7906184683210075,436.1346442255795
21.735785493839167,29.44242537303014,0.710516425564448,750.4148932951286
9.076210411618971,55.73754840514043,0.8855282572423079,290.0819246078942
0.0,59.20713646810288,0.713093097645378,976.5522736688513
10.379943810307399,47.94506991935145,0.7029087219011253,979.7470888128554
16.181150470162667,46.45529001730477,0.7818366071257513,150.0413861226303
37.11232419604505,40.06010118943622,0.8630338693489795,418.9967361474545
9.246740710776256,48.54492799552003,0.7710657421402076,232.77439656135238
16.54885084921238,16.9619530729499,0.937975994295925,280.87466304183744
33.1242055228325,50.744710669863,0.757097922486426,150.8427007547781
39.89169685425446,21.2208813772949,0.8963370068237893,981.7525122044173
15.896799040382403,37.410784815171475,0.8377837314394432,371.3982339464491
32.72511308566654,49.93926163338264,0.8625544809723009,214.76101715570292
16.884492206976557,51.87453249839092,0.9209584221679467,154.03397622946542
28.355057985240183,37.537206974440025,0.7664577134766887,151.91469058511268
35.89758959297633,43.63958446512002,0.7465358002272902,693.8988190374988
39.11834395619416,10.588988077179879,0.8874894858184401,461.21187517153396
38.012234615521365,58.41389546562443,0.7476086838579046,944.6485962402609
4.828038013510286,31.114518994918882,0.8596586645406781,609.4642746447546
5.246097271031288,15.212195214574843,0.7276092792711213,277.6211321104784
23.948751038315446,9.948984933785002,0.7010714102427923,206.27031838248823
31.501539004602577,10.305959596271682,0.8376891443091156,473.37772704044136
18.47073104822174,53.301380798022464,0.9480479187899402,804.9472691409134
33.48942415589461,6.437154429942698,0.9073839781091098,751.8332194124255
11.807170614357203,48.54296546095918,0.903024190683786,759.4660257962023
5.172461593900951,33.63923334776666,0.7192311307367942,640.2627117820219
28.536359151147042,34.93486301538749,0.7270972734785542,352.7959549207537
29.04147334162208,40.20302055745071,0.8979998055237555,277.6570311071249
24.09430195878616,25.05523670424898,0.8853210558896788,555.2777872562028
0.0,22.827997250123904,0.8686879438397241,874.7115415933952
13.662843873048907,48.5762938473991,0.9270731369501595,507.9378860721928
31.13628446221952,32.39406071851081,0.7737066704007519,729.893252261829
26.32160594545206,11.270697415592023,0.8302062530663505,251.8378072232409
19.24004479302828,22.929745528428388,0.9348984534578093,651.0811791161632
29.425152282127133,40.07174995926054,0.8778943311395229,146.2594742397239
22.843641702755825,44.74953720586375,0.7471300550168521,839.6682048304912
34.09429300194609,55.438223260872384,0.7563119851631781,555.7902465142768
0.0,32.334407731230414,0.7666818687826596,501.91835029004505
39.99241423841123,59.63048588801902,0.8560409466733679,669.1624464219935
27.896383808394376,25.537109546458918,0.703572967196148,805.9651725817134
31.522478343690285,8.603774204095377,0.8113135162020698,292.35941961683284
17.28400993730575,46.96516979793002,0.741019117132846,748.0753761790758
38.83148319434366,40.960507987148816,0.7108315802275669,682.3975623266579
26.934183374289734,47.9288101779432,0.9364662078691508,369.4872840190582
32.970504984634886,21.40799710714296,0.7414351695336655,296.3257835332869
8.796174144760668,32.424988932603696,0.7311627552998792,869.2338882450157
37.109140840206344,50.88063009192125,0.7698999577369775,171.81308938904425
27.04276929124502,54.59427537418818,0.8088352385691168,485.3307816876293
39.138872932275746,12.611399183826745,0.90961196594354,455.7812932026691
8.013247959104573,33.830002285277466,0.8596684080606247,241.0394258539165
11.94680667145519,43.69912090415271,0.8739918107500265,487.36627542749653
19.58085922834308,33.54662086797907,0.8628598527824373,247.02490705696076
16.619603766024774,30.47912069437292,0.8484492176739453,844.532009632858
3.479551166901243,5.410223134540511,0.8825682949472113,747.7162030298481
5.075664745979902,15.794364907494174,0.7263425984604701,423.13311695668796
25.1083970855363,25.826767656986803,0.8694163061016933,171.56728717221623
6.728749730976245,42.236755738084916,0.9084031069782784,139.29520581592814
32.2068816640906,33.58426661915473,0.8660447875220019,358.6651797221117
5.563661887906418,26.5536642446645,0.7773627053611938,477.5099426451933
27.455489858646352,28.488435465111028,0.7723814851986259,348.9478489439597
0.0,29.81956257854647,0.7607263746216738,179.50521023048702
33.38114151409689,52.290012839432066,0.7486596994843443,466.36741482087655
31.52027394078205,54.48536685589117,0.8959711892284278,940.2566858566861
9.627844584143508,32.26299203698745,0.8517733143684076,482.3956259443346
18.659312756271753,9.303649496307647,0.7925252891830281,89.08879066022277
12.943792156606559,21.503417028975846,0.7819203085936345,283.9315031110328
1.6760961232332923,48.077525437729335,0.7035984181163893,542.9313235806592
9.676110037561177,51.9556819519973,0.7699741257511971,204.01913799541228
39.54282935151677,7.171203241039111,0.8067989086343161,663.552843793051
35.25952223797937,42.38867906706759,0.821539716293659,333.42090293318097
17.224031900492783,31.476395020047626,0.9131868228675686,320.90273347010145
34.25354758457842,32.24363219491125,0.8419584188795237,363.3834634138652
38.13659137743883,54.73524915256853,0.7436724528702259,817.3685989849498
0.0,47.37964110131938,0.7713923044696965,824.0442341106113
0.6607834005923118,28.83859526693083,0.7079703114317324,270.04937067841934
31.59037298270861,23.585810519456764,0.8114228449500386,549.5154728451466
24.0214840191772,48.184480223552406,0.784814062400721,705.4259679225913
24.193430634928657,16.212357237974572,0.7890289385649258,882.5639271806239
15.902343736453565,8.718530040157216,0.7755097517246976,711.9433001145094
6.1577370329980665,23.211102229824423,0.8920847854108553,112.70695911994011
24.332244847855435,23.65295309561751,0.7600258701566017,925.777782289173
0.0,36.72630229903066,0.7771390459963504,306.71251022548455
20.33174519302503,50.42909930522439,0.7130182532655156,196.4618661741916
8.946292809980665,21.109057110985358,0.7475365866268646,177.58685828301122
20.928628067687086,9.676721362138892,0.7976808712396535,510.4676342390898
12.62284174604831,18.43564201374628,0.7319027699778009,889.6436019259376
33.37303320787788,11.475285965940769,0.788057728860993,873.8314619846884
10.60841644015843,30.022481528815995,0.7308469619374746,138.2340079086663
38.66920353352582,15.779239625067408,0.9160603610859435,783.8032936233074
24.164820232627033,43.27747562040335,0.844283922545711,601.8123233689457
29.049988675459534,34.35534337034824,0.926390176501927,456.07892651214854
38.352459667640716,24.313992518646483,0.8588467800825728,832.8447935380021
28.326296082651833,54.99596856749933,0.788356438964311,134.970470988148
13.456728236482544,50.117088410653295,0.9222035688709997,458.71058081823065
31.625076685761716,6.28266299443156,0.8202571065115112,753.675262163907
38.25846385826633,26.811034442913964,0.824819696791226,741.6685179519179
20.487561962064564,30.5611851134036,0.765342532476755,48.79936371388883
3.116114720742781,11.45901245627558,0.7056365948414689,336.9778999944408
18.202439362360877,27.01180669088892,0.8385594424803665,354.7932990688797
38.97737461953922,51.547385573250125,0.8190747729448664,217.87414820908722
24.08328967320925,53.60347832095921,0.7049753006294024,349.7499444465665
26.234748220434717,46.01421706880482,0.86947345377977,270.98405972839436
2.779795718848453,55.87615505705504,0.9398576132247293,105.56450689842745
25.193701557273045,39.647457063921905,0.7678037973616656,374.7530732400643
11.94509061504009,36.788400559816054,0.7025465639612922,267.1845416932345
30.710358319609906,14.52153432165493,0.7513355194996318,507.19945369606035
0.0,54.53181387341996,0.7524889847369336,431.77184141008854
31.80243096410858,6.8000263242567565,0.7032932662305245,169.2918670610947
12.010961078452784,55.83948030975978,0.777986006342366,833.4461169819215
39.03411771915296,15.78702162305482,0.8648133408527487,63.37743188533263
1.5814326715479148,53.29855880832395,0.7029069919961288,103.56953216414801
3.124154839772149,32.48744623073283,0.9421178507240858,352.7337350350712
4.9125083542400585,30.474840513343597,0.9226059081400327,787.4040165593125
26.259811365826828,33.62847077622683,0.7364324095587014,90.04130779314042
13.207962719616742,31.079273532501613,0.8289911123274453,897.6113898326074
28.655406538039355,27.34162903103741,0.7310275275031413,429.0093594120446
2.905450339830336,49.587210964247014,0.9257008633944792,482.5069456398636
39.972072239595676,51.85158681893223,0.8466181453848631,825.0716553612834
3.8300625398857964,36.30913320331592,0.7746287850998,376.2536263621761
27.41144802327645,10.836146018183191,0.7539582007390986,802.6279986507288
1.0006100475539261,43.8125646187062,0.8769685305372915,648.1489403853931
31.76944221076107,42.251946644850214,0.8019664286631492,329.3575423430669
31.011807963314176,29.678306578497313,0.9420453657277267,90.8057020433277
22.206355170740093,43.28351132266508,0.8124225116992382,221.31176568132383
5.588084990195237,9.23428543579777,0.7138096034291533,770.8209964909512
3.4389448123465547,28.895385971511043,0.9340038039837717,243.7324262477803
36.17635383853239,33.637479862385725,0.9226600146138682,246.59375012036324
28.43797071657238,56.840208121838785,0.7463383706153776,527.1631773598764
32.225814528060425,51.883221724229614,0.9092888587751624,278.7435874958118
8.528654956658846,40.854806008994146,0.9343206599791836,555.5935727330268
20.75022525399168,45.85968627070534,0.9375273672177066,821.49226125624
20.708280651176,19.04329388737967,0.7871530245389113,793.1475501807481
0.0,19.88166441111088,0.7142056869769684,892.5380122354358
32.008359208692546,7.09254678647557,0.9039066017295845,399.1960802943641
22.699081746487217,41.5753043152563,0.872417073173823,75.24977599787502
22.251669360015295,18.78910924501263,0.9379155272120577,63.9138225636103
29.23146741226757,48.52097887430513,0.783175384742109,340.03147887651016
17.539221418507253,19.471910829178682,0.8304296767938029,636.386492586441
24.11942305520251,5.934424869000073,0.7539711035978334,757.8922302382896
38.211845614480886,36.24638335148741,0.9414051153288416,192.10460050223688
33.17754437063831,11.148708427763701,0.8737679028312411,395.88453989746637
0.0,17.650815029140393,0.7009204905405759,585.7778607776572
17.889900186042585,16.60373921985834,0.7627283404356501,767.3652269736239
4.711718411496599,43.76991261699219,0.8578440712621415,94.93960015123011
10.014127281256899,43.778761237579175,0.8093530423055528,85.62147206563175
30.480612820158704,8.18274095867715,0.833827430363154,158.37066019304618
10.659515426052245,5.6035985172205836,0.8118003082881005,655.749910464712
13.361917645411472,48.82668220562501,0.8258929093764436,714.3479055441702
32.23647639060393,53.27036231471769,0.9057153165286702,443.00722838496046
36.717432248439096,35.98855422801019,0.8899847936966558,623.8795801608691
6.441355258082155,34.38210743393482,0.8188130025049263,167.46116365154893
23.48404567303246,11.074163194820116,0.8878040213957821,204.03260346872912
2.7342341923139655,32.61560939131228,0.9292426167826249,760.3921992568116
8.688847446447035,27.27864778619254,0.8095163846528222,269.18580711161565
0.0,47.57702812925056,0.8728484996063786,699.0136026230417
3.319950437804538,56.940760944836455,0.8607108224990763,824.1011107495343
18.151022651131655,30.83665441363312,0.8741619740004845,541.8729805576805
35.16857549877855,16.895702943941874,0.7522123871466599,327.0573122799026
25.220080562129212,30.96241045958327,0.8109948301340273,250.14500826778584
5.265834922563825,32.35336119643709,0.7808549257150529,289.704936610075
14.431944899027913,47.82253075648278,0.8902619614071068,721.9784078663666
28.61171589726625,40.48540069192063,0.7239100121389683,991.196132582851
11.406847285717097,44.71660177773674,0.7912926984620318,780.5345653790238
35.055917848188656,53.20691692430531,0.7073539301260268,418.3510963719699
12.99866318598749,57.870411119984254,0.8230177737884148,643.6387785839931
37.17770481643688,27.719049821363225,0.9397595929627433,158.6623962586431
1.2080961672761314,26.80247758001402,0.7263835011683744,354.36996664495047
21.489798568206716,13.721960863017587,0.7284115772225369,721.079821694513
0.0,14.749313342584646,0.7622777423632305,391.2678983771345
27.206071641633653,8.332881230219918,0.7066321344133557,202.7410503433646
0.14386981365616433,13.539928062128366,0.8675353093335808,828.4839804390535
0.0,47.394639016616715,0.7147341195358726,615.9871913778386
15.237882599098228,27.191190820420612,0.8978750057409783,395.37070612049047
33.08999874940613,20.979343595586094,0.7551594196050805,847.5612525505628
38.58552104060076,57.1836543816909,0.7713724755863135,199.1259096375511
32.47301799623177,9.479579110447514,0.9100273569294949,136.7635032025812
12.32848868393842,48.45342524050375,0.7205558942905546,266.82862067570585
2.3911245121295193,31.8195998193812,0.7875384760206932,649.724520922125
20.936070762283563,8.022029243050032,0.7691034869571612,954.0444421086747
6.887756084855392,5.335785234958578,0.8347692910577401,940.439305464894
24.645595625796005,35.22210039661564,0.839634697050105,923.4880947641639
0.0,33.938009172106966,0.8081177472066704,44.68954313731821
35.74219775495147,46.44844870202669,0.7502490419215708,334.1930256713335
16.87024207419005,40.35998782935856,0.9281811775385432,255.8622941959524
29.055970613502627,9.16467540431764,0.8533058707021292,382.70886181386
18.399351755978998,25.02251690886565,0.7833725965968443,936.6352597079522
36.729908935170634,44.64298296070176,0.8591840875668454,393.96288034215155
7.538128911658015,42.3084091159106,0.7667140534776004,538.2699317979964
0.0,27.656627297293298,0.7587749484930655,163.73771673920655
35.08824334186145,52.19305338088507,0.7216619916101789,490.3097772352623
24.784748321933442,27.436413404394607,0.7416644920758723,185.40273870977046
8.698341186184669,55.147283994014686,0.8874463850268864,392.5219834636233
1.243436570203487,14.344320111334612,0.8219872681561319,931.4533372977547
21.702435769488954,47.001846457886664,0.7337904969542404,149.90518110068854
31.192620527713974,47.96198557161631,0.9469291421842456,236.60985759762804
25.276878104330724,51.72631391516958,0.7430905249582549,398.2350594667425
17.737472626318937,5.495374438712953,0.7463599538683774,167.41934338386596
11.686960403139024,19.941505529909605,0.7360692338092274,862.1152532143834
33.87329753112199,39.67917998530287,0.8078651868960041,516.7062060823101
1.3767585902848432,48.14705740210295,0.8779287239721275,354.6718145452001
18.77692948786715,24.746858681340502,0.9120902746809884,420.41008330053234
18.816533271828877,22.437681934000956,0.7573979489880542,520.6906679332096
10.754257890166507,21.292771852724716,0.8602274850235011,447.5274572489619
1.2978786236363937,24.889652988918527,0.8960515806635057,907.5356883277486
33.15304498331624,22.719241394458333,0.8478183148049635,931.6206986162853
39.78795232261063,25.205954648462736,0.741348578328145,281.7404974341019
22.77599393880378,11.494217722873367,0.8982004204002652,173.66833972816306
3.267960952454859,17.67898293442119,0.8405192889485859,398.80975843042916
0.0,7.799502450526293,0.8187732069637164,650.5132595414063
13.260230657145009,7.133872081437397,0.9173030639719728,536.1082618312807
3.9385565620587113,49.61937881954406,0.9195609526352485,235.6016694453005
19.291701361807732,12.039289875901018,0.918308165499935,174.07286170265579
6.572404414689149,33.18247422434153,0.8030015252519552,109.7101818583895
33.95905266258723,29.214077846443118,0.8552066852644827,890.5285650417316
23.00516059713225,26.490743055216214,0.8447727632502545,536.0762726711345
0.0,57.855940278751035,0.9410077799914813,271.6773987186691
36.046687629374084,22.758226870168432,0.7758604755817579,897.9993561779901
2.0815108437427154,44.100625583166746,0.736850751961104,201.00857766521418
0.0,59.10507743670895,0.7203773034568131,264.75264829668754
32.571086295951034,39.918953032890705,0.8292668736773247,340.667651954349
10.282892117321135,57.01360030516402,0.7486205697980908,630.0225832826964
0.0,21.701401102892376,0.7088443826414778,47.542989687437185
31.32670166437065,6.01819491534053,0.9404982999682021,235.857743503757
25.15799124298742,47.34022010005911,0.8799996669961867,114.16326920307895
3.6606966742074234,33.27879681824747,0.8480094193507687,837.2153405424884
0.0,28.237042592852035,0.8688673382340837,581.7592546600936
11.362882073792843,23.10935166891031,0.941009926144308,636.9216778501898
28.919493095797844,28.66063084069702,0.9116341433731094,564.9147913409915
12.409142187805587,56.55198911054054,0.7444245928335084,955.2440954813231
13.84968718411945,57.74847833317267,0.9272096466203918,858.7155842288147
14.364229230314981,10.027595786815269,0.8307888352626392,862.2160147734779
2.101442962766941,14.397434141115571,0.9381113268820896,889.5519068553223
28.98321412726139,38.3851275205308,0.7623671346351331,890.5971828620803
9.851524192849018,5.735022694216216,0.8923728420292841,913.9026437010066
14.717340678329608,14.046351777891807,0.8957763680922417,234.1150819213297
23.147187112944327,52.72243481370565,0.8864711337228386,683.7295171027761
34.97201041662095,9.007168744489858,0.7601666685217104,296.9779772981351
2.331041012040617,59.657367290144435,0.7982421570609214,997.562947513144
6.659476603708697,30.36821332432179,0.7661168418986382,399.17416656531253
1.3931047863418857,24.01469815130067,0.8231669890151111,467.41697765714093
17.269982965571785,48.904675702410074,0.8923044749583625,782.6268074075217
37.75878975281484,13.174961994130017,0.7159841969238637,593.3974569172435
26.599661905608638,33.7865432253558,0.8103660843171705,919.2313089264821
17.482100805039916,29.35884715807915,0.8575106888643291,76.68570267424383
30.20944705444734,40.05939092646931,0.731261611746398,905.4030669855905
1.5441263199743536,15.115513977172549,0.8578588130539178,253.7255249615618
28.97035323766031,35.72718890810821,0.8341412884836463,484.7119487620662
29.754062206381548,17.568491428302806,0.7253453525940865,121.85213261406588
15.41902805941298,33.485448379758985,0.8481189578353265,613.0724924021906
2.7633598130004646,35.5561694708957,0.7544909692119982,58.876913067825214
34.10538267848016,49.21017584011965,0.8818097841837543,835.1396777914377
24.62689902626394,10.593210074349638,0.8551221626574158,502.7518247134373
36.831975580308864,26.380157566352196,0.7835724284881425,293.0873768822518
11.023719804778828,45.05926425725202,0.8437028703223636,784.8530728641098
18.703324894234715,49.95936536397427,0.7706768709462707,55.80069650850955
34.65361162255542,50.744089467326056,0.8799138651177381,553.4487477089116
25.404967656273314,25.302214001940495,0.9024088878139772,702.1317409323816
5.905576507072059,54.16046679124593,0.8854994673782698,821.2621259569597
20.512932731307018,29.683608352332563,0.847264899401161,780.605084088767
29.11023461686592,26.722545874806563,0.9079996934737089,768.8053701115402
17.17032997721563,10.067118775022076,0.7334939470568651,258.6739302677402
10.050393596212377,23.262410053527365,0.7187362784987026,877.3054768263084
0.0,33.741327486143554,0.9217031802923907,829.1269488358696
0.0,49.436575478411505,0.8758826538460314,778.5419641053041
35.77320958528664,59.28154921430413,0.776635843766528,568.1943293777202
34.891914877958264,48.539708049241256,0.7222676599934562,603.4957370420481
7.291254451739077,38.85144804901535,0.8338473270667313,761.1247244080051
26.26402163481727,22.70921500710575,0.7181957359490729,360.3242229144755
23.258919449131117,42.3730703052234,0.9109866036479826,226.21529554230239
13.185844796443696,54.91307610387578,0.7636116344303446,924.6515382790496
21.536372787202748,39.93318582261361,0.8949821539058678,656.5843425577762
26.648059337517108,47.41765089928485,0.7914209187394012,831.9389525482192
8.906744644137467,54.15964032294019,0.7409109261401697,220.40587570449006
22.893554595971285,37.63042717373873,0.8958001377997482,360.84332930351775
36.448727075171846,12.878097519364719,0.802233417805958,462.29047597795926
8.885484073106243,23.690720114176656,0.9279890526967012,638.7433959797442
11.439649752826679,51.43914344922327,0.9414207727142373,660.7293113624173
0.0,18.553272257765016,0.8911108771107771,816.4646602607938
31.35456244354337,36.74789410141161,0.9094283217042824,321.7982200219408
0.4184737354005391,42.59998032600053,0.8378548505581371,865.6205714090692
9.16397014638435,27.452296511352483,0.8796189526733991,538.5560425697496
16.336017941761966,9.411759831857886,0.9055637714822189,104.33313714203945
24.23075947794448,44.434705168128104,0.7278590662189794,758.5323353350988
37.827013698791546,13.804363560780695,0.7086854371600297,730.0206863152627
18.369342435352927,18.159580731382427,0.9380045900172251,929.8923649565239
3.460024624564339,36.806677064690746,0.8938659741614754,764.7586007272637
35.918867920531625,11.638472736206559,0.9217082410266074,193.93259894969856
21.522069041760712,36.99401348849481,0.9384900104787974,206.90642353952256
33.383467170196674,58.2584322525527,0.8204975470729076,432.51181378668167
8.840370878587963,16.463325338756256,0.803376525683716,634.3473675432759
24.870210032277292,14.487233008363363,0.7739371838213516,820.367360206963
6.487124301816026,39.66117139766207,0.8620985083081828,859.0094123442763
11.466090996124228,48.86596155551373,0.8488620855189886,673.189968178253
7.7138884192523225,44.76165211934706,0.8746386612394838,160.80082428309865
26.496393974988546,40.959267500300726,0.7611797558250045,52.64357901755442
19.393595530816995,19.06831656193491,0.76671728871634,443.82831878633715
30.60544364306291,18.411981921431487,0.785034184351728,710.3441813542158
7.055781373037693,27.284601659254953,0.7976555791590496,438.82013280290545
15.556908153193046,29.137184922488895,0.8324141689891174,780.743200374469
24.091367672026344,53.78558775560785,0.7235094552579805,207.47484452734125
10.716833362671649,27.602258987510726,0.8024967621541946,584.5765722821676
32.2979771835287,7.626799015363849,0.7724460869173624,964.0349175669197
28.70745193552766,30.106907885336984,0.9465368716921533,645.0257585883193
31.611692033620404,19.957196751375175,0.7046317412299458,741.8151415309119
3.6906130587487653,55.96701041096263,0.7803588175174025,316.4344566926944
11.00338387003385,54.133388343103185,0.7483766045457856,575.7530748008697
32.66243500914497,24.13918333355058,0.7974883999622897,694.3166784307375
27.844779211920546,22.80165544376224,0.7190428012111008,753.0623288899794
7.686747370037192,27.61675248519294,0.832534722108571,806.4097697431803
23.294505271183407,15.850398424030558,0.9155092685842947,957.5301830094128
16.18592506200528,43.67315734931485,0.8633667982809488,188.07207803377054
35.359581845310245,50.659922591367746,0.9216668115290253,314.06746453661617
7.68763162817183,21.049412308534116,0.8459995619287328,855.8462396540468
19.73978995735388,16.276820529174476,0.9435831098819393,122.04470072261668
31.294116100532445,53.178080765250755,0.7271407234819218,272.8138007726202
16.10341363403367,18.850783525881123,0.7726588317698635,42.67585054976152
17.7287828386788,12.033850872794263,0.9029274315252205,557.810899795562
14.162441334906687,30.456992559917033,0.7179027402568691,379.7981767606962
0.0,44.25803674002188,0.7155733341287709,429.53674169788087
36.64596536830514,44.14495950193706,0.7424134464399199,548.3857682648251
17.289830933727306,58.18513293074874,0.8751826333140108,833.465853240878
38.79830003210408,6.025985147797325,0.7585257402471624,736.2617445926631
0.0,27.880281298087603,0.8799509781829171,778.1333216685657
0.10720000083361819,19.386470807958815,0.9413300434606832,709.4195943044554
4.002318647591928,32.065585078054134,0.8528424549415301,268.1064198220027
29.499547086641865,51.06677250561329,0.8543456591030446,358.3231193069955
6.292979421149736,52.17310706849543,0.8294987665580259,608.9653145852026
0.0,14.951146135043874,0.810220173069657,756.4298080863913
12.084609556780087,28.806712571696465,0.7483636520901702,553.0924820532234
26.92265679380471,22.284394857943433,0.775727097560327,767.1467022210381
10.822764977020274,52.67951792105772,0.8722283437044572,200.32290452832925
20.987269752790034,13.450306838164636,0.7947467892943576,795.741015485089
18.318184562519086,41.7664272633473,0.8656432871290236,43.7556920776327
4.351826624385325,55.62698350212801,0.9191763341027941,505.5871724556605
14.392962810737556,58.968912389296655,0.9460613336656749,99.87875226199776
0.0,51.81087725212089,0.8339649216736948,508.51933754171216
16.170252109087258,39.6644089304833,0.808475208620544,372.204632387416
10.945316241639807,10.806971200201577,0.7129811070396432,948.798859751437
28.03278676684861,24.920868428433288,0.9380277945115567,599.5790667377651
0.0,32.77447127388214,0.9286289893522395,327.505584686129
38.37501614278697,54.58395712873104,0.8935957638946567,580.1244605259061
11.660808580783934,10.729423068857024,0.7916566382277761,515.7791073283122
11.658418986775887,51.09712057794403,0.8207807428234125,658.6399246118689
11.480547718231835,40.671006981695314,0.8409348951336558,72.4417833251022
1.5833773439447814,56.196595136020015,0.7276368259878864,134.5465618596664
30.75137969386565,38.88212687268602,0.8773868313835952,51.50562271593966
27.27426000642421,15.280555320388281,0.8752184556188475,589.8135789982261
16.761282446084014,8.67569955918698,0.9459047648453616,211.83119940880454
30.48977246130376,26.486377353570976,0.7403184281699912,511.0685298573692
11.00834531686004,45.9772465427723,0.7385732437671753,451.24331678005643
4.041186042763544,55.42087632183813,0.8528787879025378,911.5163227860762
35.496534390599436,39.5083385984265,0.7926046220261184,298.81591845198966
11.427585020488491,52.61863378880438,0.8920138712395678,336.6122087576181
35.737404733598325,11.32352942936478,0.8623726960064747,474.30319529298015
26.54325510965378,6.782624688700653,0.8729310845593374,73.83824667483282
31.82183362044617,6.762281285367163,0.9368084125025311,303.93856135024305
20.177391852808736,57.02285460834166,0.7546438459680271,537.202686610432
4.683903066610511,58.177763864179816,0.7782865841149283,811.0066185412254
33.40250166899504,23.29977807679009,0.7583135776529072,567.3425949993764
0.0,49.68175479369506,0.7563406762822301,945.9814458982207
24.983201475866995,42.17876583260206,0.859551934898324,899.6982084720404
36.794468621680004,40.61075439382874,0.8213507534614269,592.2859873724078
19.520287960122893,38.7667717319504,0.7935025057431399,189.5831850359454
30.392858870737136,18.03841527686594,0.9243947564377089,878.9634994322223
3.757180062966029,8.574479968745784,0.9262598007960693,227.95363640605916
31.34233694888468,16.573462875220432,0.7956317128203265,652.1200864241907
9.281514646720218,6.70174699352132,0.8729877221562976,50.23210798717322
28.660553775781636,32.954147165457876,0.7413250421816456,651.6874978086647
0.1617691275100993,6.058640771813511,0.7869354683046634,228.80385450908437
13.33813347055114,16.58939909850442,0.8576811162880004,977.0758448142393
1.175141509060005,50.19161779317578,0.7660485881858566,88.48052242908847
0.0,54.14725603221406,0.7875142062829843,945.2186199177789
36.99881343231367,54.136245693562984,0.8363722605652891,213.62454168802512
29.44577674160379,16.993908623833732,0.7594185656068436,186.06237373209694
24.22522995594385,48.14600606231697,0.7933752405770653,652.6836070361668
13.581639296094595,40.54582632172696,0.9155952984943583,991.8771809948317
35.37875404563594,59.17687335341913,0.8936074356877075,733.4293452314638
31.641266877097287,46.219095862086824,0.870618175030013,794.9765485630595
0.5881696423054292,45.84812505261985,0.867907559492864,625.9451398938496
0.0,52.66410400260556,0.7501404788869617,590.2867145348441
2.7632487401891246,35.02103707772801,0.7844035298648273,75.89870449905814
2.044939500726318,10.971296229307221,0.8835625395148536,87.52890931127602
38.56131466713905,40.19241327397704,0.8326930604438234,461.0842753737045
27.840653599503362,31.130537010244257,0.7317165031794124,467.2943598082997
12.032954650717118,34.7872753833822,0.7432304768061788,949.1673772584418
3.040344968507063,22.03851352181608,0.8771327817412494,141.29656753029138
11.682186703381888,8.438379124420292,0.7589476798219426,888.1563373340463
32.00399502317537,52.29412688650406,0.8924383269503201,320.68779694247945
27.826377403593366,58.670598693448156,0.9440267980707098,478.73624281199386
3.239248505719463,23.202670693297872,0.881022290163387,331.0569516005837
2.3473098004064195,49.35499692900291,0.8905104561476092,998.3061730518759
0.0,34.566824788416966,0.9370210268210256,746.0363356754549
12.014747030820748,39.105747504865114,0.8105501399829662,394.49578607595635
34.266859646199705,6.904423737351588,0.9379943770806454,867.923098155902
15.575287207254213,48.71103453350061,0.8920416623012855,129.7532960504536
33.29188390105632,7.182317063757293,0.9098694482940095,960.7150726325167
11.239142275635732,36.39363222524541,0.885420266715326,168.86512626319896
0.0,32.761373905979795,0.7551009599231702,663.7081730846794
10.615117060099937,46.469280109703504,0.7131959039120084,370.9345615155517
28.27364688182599,42.26508723776816,0.7376851175076611,775.0899446757871
17.602499135170607,20.78387441383409,0.8250345904326445,866.6084675986665
0.0,57.83394981450899,0.9243450962974453,142.73285852518316
4.044165237128551,28.809832175766708,0.8767523595310318,119.58271329820644
34.9358740924569,21.542889488191687,0.7161446484808366,382.2037075615116
37.88936568062251,42.73307904413042,0.8739133075651639,152.5977732530292
18.426499784299985,28.094031373396263,0.9326979459567047,851.0847196642545
34.931073218786274,32.726048367475144,0.9129356706021019,283.94163790086117
37.289012331085104,42.72826122368472,0.7575868761365039,306.68863026445956
6.911957115401618,5.107981551171309,0.8400477822361512,711.2353793695423
0.0,21.824282022021222,0.810854892934811,72.9996841407592
32.63885864638543,5.027528827612151,0.7125055622999772,603.174055615754
0.0,18.79133502400856,0.9496618046471338,443.4193916329592
0.0,6.148947185507331,0.7762333924463308,691.9667588092417
7.839245353221473,46.2660208544998,0.84492814286193,180.77307800121042
21.42764294627515,47.294271706578684,0.8058241282400858,93.36770285040807
13.514244461702685,25.627656097681147,0.84520507206528,82.73673314311196
8.100672481477016,18.574314366729343,0.8224437553712803,665.2268344133207
0.0,8.120612110435777,0.7719480431994501,419.2421508264348
25.525760398617372,16.665338996946886,0.7405954695420544,337.99641002736104
21.671292343632796,6.957888427813519,0.9021423855288033,406.80191434320864
12.06570512848524,22.881648458385513,0.9387107700210351,237.51747893794732
5.091769716564144,45.203431134261464,0.770555831084077,268.96153603172405
5.390659974675256,54.40171527519264,0.7811515023135125,48.16173145751417
1.4969908587214527,9.225085805658246,0.7409567962405892,280.55611459649117
25.46328149980633,33.60500803946551,0.8260302192008278,199.9708733292658
8.03191315505936,17.958108898883957,0.9256071489835518,928.2908273825732
15.671390962762361,51.94572460776149,0.8655816367695444,201.15899715470414
4.9726679256109465,58.17654330887167,0.8277258769086909,720.4717438482872
8.108267655499974,14.760229287948754,0.7596926853054782,455.51030411275553
25.10198722882768,29.132204676914135,0.9361534612920217,145.6837894418034
0.0,34.49746733170142,0.742655255236648,557.6432498902459
20.348269914707092,10.939965717340515,0.8814977822608385,568.1465844722186
0.0,33.083602207269884,0.7581765823273794,946.3280541625068
7.552082808831492,39.573806567689836,0.7590860412283537,541.8527163477456
36.644357678094295,16.23815759056163,0.9040974300462663,895.5661207485571
29.320695804338392,13.37811728757246,0.8164129400953396,378.55362042342625
20.55731630169833,50.68083085132805,0.7548239873025799,476.15823519952596
32.602214754015726,41.90013095457436,0.9054655597827483,438.5729420760094
36.99178800718616,37.29650156020709,0.8303527869805968,320.07814670616403
18.23389917271816,44.397152772371,0.8758477872231654,333.24988543535227
2.4719395523870134,40.5330805025223,0.8918081736726151,303.7288372025787
12.110886941942347,46.6133107118819,0.8278975741736767,132.86850059438817
31.332768542088107,33.254171890901326,0.7179503111481871,295.47895121457793
24.60014910821396,35.75036386316655,0.7630586092827812,59.565172025556556
17.756007621777325,6.771601759014465,0.7927242431754614,839.1929669110364
22.627483053464655,6.286604486940633,0.887374826482477,521.1225953238891
26.673611672263664,8.924922680814747,0.8241558908650635,418.9093118386706
0.0,35.401247261503975,0.7764668768545032,819.5302099730716
38.197079320275016,15.232819851809726,0.7619533181591491,539.6692786720392
0.0,25.586818232948726,0.8995943900971081,648.998756554914
29.610512767959094,36.94001726092336,0.7768323615253413,818.5616885666609
18.067560176610936,47.88648988730293,0.7663950338959793,93.49729526449931
11.601542642757197,55.234793641585156,0.7692914445715869,51.83513670515751
32.66788773520039,20.9294973061259,0.9264286941037719,338.7364211656621
4.1673022984045085,41.13312462160438,0.9486230700317816,156.9555788750984
36.8359342367347,58.960480061162585,0.8106848709470769,838.8105769541983
39.46740979141927,47.17610651277459,0.9059949952157718,335.39045549798834
0.0,43.9033522595394,0.9360860077137485,493.26728897861574
30.213375096998885,52.88873640613063,0.8529367494604793,772.429741010196
11.02384137738605,57.32145555805394,0.8928197390063154,383.14247515255596
11.457353380599246,32.63566566786103,0.8355052183007949,141.11757804205152
28.49656564578456,13.42806363659364,0.8248277121353653,610.6236955888013
21.077778156054983,15.693323967567087,0.7396873163718548,571.1059436041544
34.21062200159828,58.45837660452832,0.8195251508844827,344.5178847189301
0.0,53.88260937700736,0.7853903119559381,656.2675464460526
9.03754220290046,29.338037303273566,0.8947798654540493,366.29986971238213
39.848455143739216,23.93281743660518,0.7324995347067401,443.9372549615626
16.628369672185688,7.677060920711634,0.8092097951928621,800.0420597095798
0.6462571125571774,51.3362042515774,0.9273585696326081,547.9962135447146
23.77736804079751,8.747720018085644,0.8570352570630613,276.41219137597454
0.0,42.65714393356784,0.7478683208081144,518.1861544458156
27.31884140748202,49.12366048873374,0.8704488817103623,594.658236029888
17.24833189471743,22.98103939553526,0.9400854480282816,251.2825526864122
15.692801107652368,55.81237808146675,0.9127213137117577,590.73044489544
36.92618355729622,32.30690237261794,0.7298616619286254,388.6555492339019
14.646314268370256,24.443334188047036,0.9221960850420381,98.1152029270194
38.15528454711329,34.20361019884833,0.9400432680679398,287.84573555037935
6.1781068896240035,15.580880780707902,0.7230610262962816,72.4902480002833
31.732115172818244,7.635363181887062,0.7259637356951778,600.6562206496131
12.69704598026028,40.261343936709196,0.8086190107739972,816.5755715758991
13.444454772288013,12.103955807268942,0.8317941577356506,674.302080206717
0.7139041204777716,49.44628432374916,0.71281502459947,382.6416683826951
36.76705299089408,23.470094856793963,0.8568043697172824,364.98569053686373
32.30840968114984,43.59062125715704,0.9026548014680468,782.851928966781
6.0835818866262965,30.70119496597562,0.737724230188701,809.3623054848994
29.258470172912315,42.595837740918,0.8027093968179052,563.5740892287748
14.89181183954449,49.15788032070552,0.708925634570903,143.56869205946487
0.0,32.716752908302034,0.9467354830919003,441.12260439439694
0.6257609163948696,19.216030210338964,0.8960595585953399,689.0054666009444
8.4574695641463,46.98876879284531,0.8577181114241116,140.1776560262657
18.76115131815714,6.206760991476928,0.708705781175619,874.7562101057188
24.8154112179957,42.92221251281297,0.7992475532080116,353.72014731055737
28.28280831158065,8.51183949129943,0.7309677374569294,530.4413214039923
35.46522277030306,28.113835792059344,0.9113402567119612,499.94906100945315
0.6984080551919291,41.770076828488016,0.858174597971356,70.23715888802752
12.98258363309219,53.15001994210665,0.9495823328183287,163.35832934415535
38.17216713205906,9.662217497139453,0.9217250591576432,927.6796986736837
21.321478073074932,51.049814695679,0.9095994338631196,371.81742984659894
25.55590079837912,57.22090080123705,0.923557065955745,885.7557367108179
21.86995899429589,21.02507745779088,0.8505922893645306,851.5263967593747
28.2028969247017,43.63375152832299,0.794047206562321,950.2762165694188
0.0,35.645156746115966,0.7979077859427939,214.76229734400738
10.655978988326495,41.72675368404389,0.7184267267786137,269.83160562787975
15.00901315345175,8.732810370591437,0.9336328637420204,156.69266054979286
21.794403975420625,25.210723953874943,0.838929262894102,961.5123975327818
32.48303077180663,5.303622567393002,0.9408297395940388,611.4572933465278
38.556654521489556,47.99473894350118,0.914124293325244,550.903167020148
21.890307016721934,53.96898737622758,0.8923192722640287,966.5661933506842
3.5611103346580224,58.6662685282686,0.7177891756212407,942.8067485544658
1.7216741632243793,56.11080918707887,0.7752308528775644,285.4483356548469
28.286994801800866,41.438639694663756,0.7233003542114302,382.9731392638077
2.6870185305871583,58.23637892440579,0.7182888582773003,569.1016252766473
27.331882712424402,42.11218411839585,0.793318272603935,938.5100315110221
4.052334316971382,25.879985082006325,0.7054694988652654,943.3280857977278
33.981806909012086,7.178450585307481,0.8521077729820891,553.612490487366
34.834039941234806,27.942731491557264,0.7478453506555229,654.0288269106596
7.693539941743902,23.096020173859042,0.7010779517161964,980.315929074784
20.688291752616312,15.884808709032976,0.932922015691957,232.4748620812511
11.561630144954806,43.966701795407616,0.7728043929586763,791.8258629094313
0.34104001335543793,7.029103224040983,0.9360933515683741,276.13402292487893
32.40835025566557,9.435075840071216,0.8460398903972375,767.2105039375998
1.5380447852661383,11.7965444005111,0.8755437829901629,608.7710093739607
3.7884041455228186,40.0652229544979,0.8897526546806963,357.36758245171933
27.511773878211358,27.507836372340535,0.7015776008742336,460.4873189767852
37.46477406675179,33.22855342333394,0.8174572000039775,858.8281693148372
36.95230781819407,31.822652275203478,0.8905017677703885,241.3105434247511
26.7056956475772,48.884441494548604,0.8816759947950028,962.6439464472963
7.405284338911582,35.16669892595819,0.8314572249031147,408.2969263269488
0.0,13.284529961366665,0.8523176047735712,579.6551753415027
30.350130815235822,23.875092184546247,0.757938596427304,584.5388298885629
24.18444957402514,40.9254386157282,0.9361963867834294,785.3063609426982
39.89320694876582,16.54813838019221,0.8482682548636857,135.05719547496858
26.776885411566926,10.809593649888981,0.8990294693265131,678.9367951380772
8.159932486717452,38.45735623973537,0.7163709258397887,685.5876598164034
0.0,14.479089764322895,0.8861821571941029,754.5632912453357
9.398971462957583,42.12182919712499,0.886569125383483,580.2362969094644
6.517253439682274,32.13151081920312,0.8570948257591866,494.31707295313225
28.253261941034545,23.792829120597304,0.8923954634785684,96.66671018539662
0.0,59.111208291873716,0.8714134559007969,289.641134131918
25.77247231635485,25.4892591920542,0.8582598196578964,897.373016859234
0.0,19.615959481803294,0.7886966984355389,683.3148094860867
19.95850097617137,46.28512626724756,0.7201598443937522,859.9124211347848
7.831606437017486,20.80998557255422,0.8089112041476689,915.1959375837787
17.72142408405774,23.854308848870826,0.8097946057112019,140.23372684692316
17.340133490460516,32.030743940142926,0.8069586903104965,712.0393556777336
14.91924470231379,30.842956165876675,0.838506927925309,544.9832712465719
13.326092385466417,44.638553120345435,0.7848007469467086,970.2892674767592
0.0,21.645778314025776,0.7820032850395905,288.73169834811387
1.6525265859836038,44.07191801350987,0.7859984931078634,606.2381061400588
28.743750284232906,33.665066547055225,0.739488383167419,754.1766543884409
5.236583359272081,31.849544971723265,0.7176046852320069,819.4751255695147
26.37048191608831,56.43613364598719,0.7430870631693096,475.48202422207953
20.151312791625845,10.387784956605369,0.7942251836821992,405.76671470986696
14.858145530553353,17.999243137793744,0.8268577725331392,145.33013826204692
23.71340802915421,26.047874299411728,0.9040708224256251,120.45400215529
37.902194759347275,58.80091987274435,0.9358426287313846,822.4625025370791
16.14725099250887,40.263698626603706,0.7937631059134073,92.2626328378411
18.138628128037475,39.72442209323505,0.706358792889767,932.374265438838
4.514996194116633,37.76172129595975,0.9386869077771592,378.09150173284377
0.0,29.264551012108765,0.8331708598698966,57.98022720887008
32.926063977453424,20.791232432259886,0.7837995549609804,137.036105442411
15.225585541152725,50.83971113852046,0.8644892676875582,85.27423155104631
28.5142999841018,53.85052976378287,0.9104305056507529,688.0173843312488
12.276040152253781,49.65903102597615,0.7395075345659969,427.5512310277544
11.200790239169862,24.206144222624573,0.8343827135819573,746.8169107065678
0.0,35.965359319136795,0.8479655651293843,314.1369155249039
37.72501383991492,11.276894567346076,0.7230602589675499,888.6149991007836
21.436806263998267,54.197802608467086,0.8460407143509787,677.0444077771253
36.30928662549351,5.161449468219956,0.8403601687208595,627.3339709708019
17.767271432627517,43.57798181794748,0.8770882891456329,62.94503807580039
27.05893178753214,43.966291142221145,0.8726853024647565,925.6292554534108
29.01037778157269,9.076882575935386,0.7044830568724972,328.7103093332784
32.72292254023581,6.167885988480395,0.9171304065631642,422.038792872692
0.9157954078524478,5.228780504975552,0.819624339590167,235.3888979856926
22.228514402167416,51.33289015013627,0.7802100698196659,714.2543376626918
31.969476744553205,12.303307170837797,0.7291454584094488,269.5746373438328
0.0,35.31022058293261,0.9457611217953565,368.32768971942653
32.249581868283094,45.44021386207991,0.7493768733152603,707.4239989569063
31.53718266429802,25.648127962552,0.840779162542139,651.7034476513969
21.532584296988045,35.08227459824297,0.700586294588411,413.52561963472544
28.888990337118393,10.68327240366997,0.7345062050978153,313.85341385208187
24.395174877576817,9.202526713384614,0.7630928720683732,547.8293979305811
6.783802718673338,30.287757310352717,0.7185682554680135,421.5496506658223
15.358285003996906,49.049174824860444,0.8159775127083343,93.30193801301057
5.859954857087459,57.185873818391855,0.7848598100998023,915.7937715476328
37.3873400804295,25.395990777917937,0.701847584190156,673.5318992859143
36.97089559482976,12.609044841300648,0.7972563863530396,986.4571419660549
17.130198143064145,18.08864221770629,0.7630338595628249,389.1018642653548
28.910765828348516,32.68748630664002,0.7303212303147313,801.1212342550906
36.97102990135147,21.660707641088607,0.7978187573415025,591.7850383162461
20.81636082317191,27.190698546781068,0.797587979698711,103.78238997801799
0.0,47.67803971843208,0.8346541673711101,817.9611132117363
29.068929885908403,35.56322894184455,0.8120045939437703,855.3386973324791
15.754010856046552,45.5738365264515,0.8835886726657622,873.9816772339507
12.540030007407045,34.0437298315556,0.8360592431459877,169.71832171808617
24.311508652538294,58.227614612566605,0.873844060217292,439.6654350721376
28.434579627134756,47.73175358302958,0.8307999099136892,557.0253209053379
2.5658964606283314,5.902965716505866,0.8627529228196527,709.4015049443175
12.490135321662782,17.741594133518383,0.7996268992728319,265.9074025703816
18.873145762786848,54.32211755616505,0.7025099965393644,717.3164187471633
33.14710332300597,56.94611307717836,0.9253754445481954,571.9630937453705
35.59134173359386,29.223657423117324,0.82709714371118,841.5190950161825
11.122433939381558,11.32831805553159,0.7958648209803267,298.9282301712581
20.89006012324677,43.25482200240368,0.9186867555047066,732.8040539515024
6.21592459217419,5.044980667496783,0.9335267419321683,520.562540440314
31.388440437830912,7.914769834447417,0.9343224451599031,814.0788327990751
18.7408895177241,26.6208043431628,0.8365188967733287,823.0920203084877
33.583987618111884,30.066605161767548,0.7032126683687414,638.85297743802
22.32145698379728,36.46860975308034,0.9273553988042718,884.3642326985796
36.238215213120206,49.83617231894109,0.8569068718163271,983.0221844765508
3.9045190426393512,59.45840853595022,0.7017542635861878,779.7809243785962
13.104807322310423,20.548624999994868,0.8653016651378667,200.5808021251372
16.16801028807538,46.576280562824394,0.8862189938942582,845.5604294167713
19.85790209274454,36.67099401641701,0.8769496146617591,214.28252378580333
21.297587057643245,25.944703534806305,0.8912153508796374,289.41953935040834
8.932162357186002,11.920446789398294,0.8453725399971835,898.1130001358565
34.91175594381147,5.5909261057085144,0.9245120900997911,740.9535338634731
39.29464196314199,24.33937598685309,0.8233360272564192,434.89870120413843
8.585745497158664,7.3368700890912475,0.7078030930637815,921.138006774644
0.0,50.72258409895026,0.8825608176899191,81.17268379933478
3.197180261458962,46.862973896156355,0.8823039863205319,712.9587285954578
0.5217521362088077,22.74790627176033,0.8803522378727625,483.57744009118915
22.23816196991583,38.39398415983192,0.7576194309435759,492.75673936175576
3.7128831090342014,18.361221369059216,0.9478954881558151,242.21456489484663
29.011616099992594,51.635824811071956,0.9349373331530223,130.74682008019812
33.18239749091042,12.561617128276831,0.8250021125589408,608.2958523883235
20.549759509919053,39.9326639091412,0.8038184423465251,426.052407086433
20.173392709476534,31.28928259497487,0.8656252900638425,935.23198144082
0.0,9.219513687088225,0.8475480039343544,947.4856497848874
0.0,38.838598199357165,0.8009927258468514,199.6847971860775
16.062276008013427,34.79968549910357,0.8145037280571468,978.7299770065799
32.91679604366933,20.763069381777065,0.7735706130323334,287.42726033343666
11.204629376175541,6.2206040770571915,0.7295099058558102,265.93872652435215
9.596406823494144,37.0927065026957,0.7225328647105308,127.63230590686734
20.574774757964246,48.20367592632344,0.927380464929841,424.78352556590994
9.677898564360241,43.979819384196205,0.8961436213066997,363.45528718511935
34.66108728131649,21.309294403116347,0.7413189588577379,822.3263588783934
34.91646837806814,11.300354947669929,0.9074782268417112,73.11517137712755
0.17759837538045303,30.05820833168319,0.8668658247267242,551.5449989477956
27.181991509986414,10.123937356609613,0.8226011121062541,522.2845718898154
13.650526162937497,36.535883680787464,0.8373386974540803,775.8851970507253
4.514908432040206,8.708107708974868,0.7164491476405875,819.952968922644
22.55340278621082,50.97453844954301,0.8670219092648156,648.579028504073
8.29312548726079,26.66767841296941,0.7305329958955455,904.8621625245403
29.785325107714176,8.336960715656689,0.7895280503806532,224.12481042723533
1.912930814763359,52.911699066697636,0.8708188864602524,960.69592068309
37.8325284857123,20.31055290527691,0.9330303036190678,118.38106633753557
36.46353954677398,50.72898134677001,0.7574073986963079,550.0783884455811
10.73459252136268,38.52139559795256,0.7660754036095079,790.4198894037196
28.764516177011636,49.84033745209726,0.8604911565094265,178.49491875563342
17.68927819506358,58.742394055839185,0.9353845735177928,409.6261441167821
0.0,10.440575728085749,0.9300220731132793,498.5024203358227
11.689670603611964,35.01145779012495,0.882054179944742,596.7990775558425
17.3415011023571,54.27298860677872,0.8114594664561418,865.590218919134
5.944264825576442,14.247048611328452,0.7151292054938032,477.0262088587707
22.930700407257664,39.44371893639643,0.9336893235233552,344.2300952701128
17.963802484287232,8.641452038902735,0.8627585553193842,383.5928527321847
0.0,34.095183567767805,0.8700042749719454,802.8495203788954
0.0,14.31493152035706,0.9417640388361094,362.58079870954117
16.45304294719931,16.962320815353866,0.945888413723488,261.12632057919376
35.41387314667681,16.112688078868974,0.7477199811298822,750.9236203943717
4.122102162762003,45.851548617532856,0.7052053778051418,238.7306180158875
4.973015684137519,20.052569715890062,0.8808013115961234,52.12315533024572
27.910533219386537,50.3276285611401,0.9469299997785809,544.5880614281585
17.72657473597738,18.701291306907326,0.7607243481797357,379.66606129927965
11.984662594947391,50.467370657603354,0.786829624607508,106.96229346634546
0.0,44.43699050015375,0.7085192395301949,97.15954241954641
15.611038632820382,34.640605199146464,0.741044287526093,497.9948318933232
20.134104569029745,43.00741567419256,0.9363214567445828,847.0368043890002
17.818679057020834,9.387686761888867,0.8349918024805119,469.2461790092996
4.448030114406462,11.685149781983267,0.7180751520541198,209.52130435602265
35.826380810380336,27.9399827261744,0.825399934598077,511.0868695326267
3.1347639473492577,29.196044005356754,0.7629475499625742,989.8042326323927
13.660602853291964,25.419644930228547,0.7058881833138689,950.2371846936185
30.622649130336985,6.065320164339499,0.9332620979049122,314.9098222030626
27.627760188728644,16.04115832330954,0.7035476454045582,601.8870095349141
30.37688875291353,19.161123699877596,0.8588152514176095,777.6851719487908
30.241803578968756,44.22789475403988,0.7703690607777722,625.5474033945612
38.797956512881306,8.706326941190982,0.8037036616996585,932.7458470281988
5.9155026039083625,52.16688908176005,0.7338840245025804,293.1653356425455
33.04280961120157,52.1315894412107,0.819372954972586,570.2202828093292
3.407600273288348,12.121024234498313,0.7244909567554074,894.9065179025739
3.8858744579015685,18.891836929133976,0.75886943663162,891.7418116770948
26.362928147179815,30.431189429621806,0.8193672153546451,864.4581514634763
0.36623914429372406,39.1694755357219,0.8537236700071212,337.3444957147807
34.78132597237537,55.883580747934175,0.8342396441469305,681.7174526446084
28.952699498445693,8.881317595398999,0.9296670532697778,618.8035468125261
35.62945195276703,8.744967614888228,0.8644450221424672,372.21386090401427
0.0,32.79173265641056,0.791023304568723,700.7230811851595
1.9005809913386125,8.788852108051392,0.9307430640458887,337.73191757431425
29.8346576662662,29.06336339206195,0.9258958244830794,275.71897814162935
9.461270500746249,50.76881887208261,0.9379448183114694,700.9762706657511
26.26336990051541,8.280120698225073,0.8695029663329696,832.2565170381752
33.44203835409233,18.00160217225915,0.7001523030994303,611.8546027754129
21.805288534965424,20.584362700209223,0.7108311020734597,494.85470713395694
0.0,11.951026296637139,0.817012025696271,206.0916103690839
32.595234554643895,40.2274820642451,0.7149878902018695,805.1851791830774
4.925215514071876,13.79693719191585,0.7949989867903797,978.4174970432166
8.97098812207037,59.66003293167229,0.795031336992034,862.4881250174087
15.858332265134981,54.05816431640007,0.9275848144471255,137.21804266596624
3.727619375254835,17.58539513598463,0.8414818379837123,170.0220430408716
29.392579979281326,44.293479354546996,0.8077806737029047,252.05875930778743
21.67216066238292,27.876324819527305,0.8496167332627684,200.68987198565523
0.0,30.255356365129877,0.7604250158099863,989.4852070098275
3.6523918088497926,17.040800730124538,0.8987700141081448,517.7659485871894
22.642419409551135,14.653967382834672,0.900921887112889,531.0738156455727
31.383651075711185,39.26359958747715,0.8370114936231969,783.2407918403533
9.475770664338313,39.82210938650612,0.7733209431369147,924.5074582845103
39.20338129826573,28.40619956861345,0.7870796585951736,413.4816660264577
10.73552005855948,8.532320015508898,0.7775627612649626,583.3249368292027
0.0,50.583832938360835,0.8399487311952826,969.9349673885179
19.766781710757037,27.729464178997656,0.9437339257070199,569.7750400794555
17.179168000395066,21.17874134967528,0.7847804766221091,870.4591241516766
0.0,15.604471576282284,0.7670572720070424,386.9865088875974
0.0,31.868919741843893,0.7515353449169068,897.9590744036007
17.022136107670203,44.836271191032786,0.910960639840027,600.784891116177
14.97016672223327,59.600523351016,0.8407436061638489,297.7891212714856
36.5552177678116,29.567705570249764,0.9311666357837365,725.0966505401361
35.49075725317835,36.62477414233436,0.9281825301369755,307.045307148526
33.82974191523209,55.594667307436374,0.9351346133898735,937.0219340421702
9.111272362410908,45.788988463517725,0.7161018759337291,480.50501082719086
0.0,11.176405429726422,0.81665764925708,770.0634717630129
22.73356167519191,40.15201406759706,0.9193268313622749,218.27852458593273
35.682153222107914,54.894845442460706,0.7371278511657495,55.57692525619192
0.0,50.93153585543184,0.8388451591664897,121.92692151878407
10.561852344309465,22.178042365096793,0.893682541439912,191.7065112765337
37.706499949144295,18.933225216822017,0.7160149809817695,302.0216518093343
32.08604523770353,34.125156453252686,0.7296269977445966,855.9038373030003
25.63828773195494,42.00286155716036,0.7474738425052867,553.4035290468044
31.484089375054968,34.251482015616794,0.8472366213488696,367.22015744114003
6.134975478625091,24.025061008816166,0.8314970849207713,517.3995798750875
31.8120710326672,31.050530974049362,0.9344609646251979,354.9974108329259
29.027982805756583,44.6212114598536,0.7143986936086355,331.1105119300168
3.4112357151437562,17.03770093726076,0.7268644191554622,533.2067841139955
0.13841124688423692,29.810521390911138,0.7136892046990622,746.5861506351632
27.265786019363635,50.5038176602642,0.8770338594861108,131.03679017451566
25.862032486173074,42.475903625079745,0.7173383516709119,316.68525291605033
2.0310966445872305,49.782455623127284,0.9329259200192841,836.7655450476941
31.49872627531404,53.60281336399454,0.7672270699401681,104.51725636386325
15.864492956302831,22.278258376475538,0.745107321491859,996.866038415077
17.233712526458433,36.884443559509045,0.7230419162680767,727.2407796325062
14.228886345090139,44.812845270440356,0.7664053190968836,656.0984962548556
14.273020210881725,30.999185244118994,0.7932289288856094,832.5206566141918
39.88965162961306,44.34502021004877,0.8661267733279016,581.1383171587869
24.323919408380263,6.865755929864504,0.8947522379076541,112.60882765132571
6.998531754898612,36.53790084250538,0.7593204891489523,603.023484017331
20.304601079448098,58.793778107801565,0.8325658549416524,859.3800546901373
9.373530093386048,30.71344664871795,0.7372517352517958,857.3134476794563
31.23296194709532,53.21257312495389,0.7695710528830728,811.7020943910088
19.428099910468504,49.428581854698145,0.7710643599479117,310.08693641311726
31.163084579116987,42.15567213090466,0.7123176953944593,199.31044858572236
27.9842683256447,45.416742517041484,0.7140543090443866,942.6765068413463
5.202639370183068,55.554022524103424,0.7641468257202313,995.6396999184842
37.192618853457205,19.34927807140458,0.8758376087010239,238.46557682515726
11.9400888843228,48.159090982764916,0.8588110409353968,584.0237045607514
19.69371137039048,45.384479379384345,0.9251102569859162,374.06017996364375
38.75670651547462,23.794028611282897,0.8933892046124696,549.3058127379313
35.10353083506489,33.153848727307356,0.7416880129820387,912.8215841662396
37.80615261126247,23.72432308385947,0.7614673543814675,427.25413564444636
25.136449741838327,6.892283675678389,0.7288234613093315,880.4141825364222
38.25102120947766,8.655057963307236,0.8249905059033341,549.5024900598172
33.51203864865753,25.1385673289693,0.8967317928261849,387.2833395628171
28.155971587791587,12.970734632857466,0.9116252866365769,608.2171756932363
36.11955741635743,27.537075382345964,0.700377844754215,283.6462584941086
27.070949909412658,48.361452978872784,0.7821569223618926,362.1627585757732
3.405887017741314,58.401055765084564,0.903691205974988,797.7230813489015
14.716776309106672,13.656178827376499,0.7412656753826323,240.18398200956554
31.234562714870002,53.549340892226766,0.8630807230117206,85.50718369488436
22.03798456743793,32.30206342529733,0.703924546245863,849.8477365643172
6.538445988785565,45.11325619435847,0.7555221320762356,800.7626152606655
23.942120233427918,15.247041333792893,0.7117995290977788,731.9209614469339
0.0,31.245805441527974,0.9362727722172484,49.42160624156333
0.0,48.8570909401963,0.9223380748225868,500.6723630820874
0.0,52.90091022220135,0.7988914805754901,394.3948190992233
27.66250142349401,55.673553591780745,0.7758419326625314,656.4212593639846
18.398389516873014,37.38500703228293,0.8775109490643893,562.6689310111161
9.947859898859003,34.189270648983396,0.746238663835397,926.9022655372723
34.141103231156286,54.28549460304866,0.7943285872807636,575.8194157507861
4.802359284253927,58.25655456575248,0.9346141480757566,554.6382915080239
13.067213395246915,27.118313611159632,0.8869576881120261,203.9815207632633
17.61319201208072,22.351691687550826,0.8052816025595253,557.7887510910498
13.186217230498897,54.39300796408435,0.7636506156778726,116.60620150692861
34.45521718963301,40.12713939457636,0.8208323435049591,83.11881429556908
33.75606644763002,31.154680166900132,0.858856648100252,903.0109847382328
26.708632378025253,42.965721732400254,0.8583821234457746,565.1697786473969
20.128319272778626,11.564472781438187,0.8178869964171205,786.1905028729004
28.171302028421767,30.626326861841264,0.7079302807831644,810.650076251792
15.30887449919205,55.26123766906625,0.901911801259549,358.4693996595372
14.232712639041853,6.081594758962442,0.8216682948911118,242.093992743506
28.626768463249093,5.31743225470458,0.9345924823111224,801.2773078869942
2.160321315188315,48.88243776663507,0.9226895683276826,396.5629638632384
35.361003386316646,34.98434068617043,0.8508129718417411,842.2543471978584
7.7937713593832045,49.33704916731062,0.7817160362094536,324.5459182699855
11.266570232248133,49.26773137578459,0.8887412824125014,606.8472835058428
24.815906537974,8.283598683393214,0.8155332666214787,678.4784953042121
5.896500515749689,45.49827993941591,0.9192960531791811,92.91062536251694
20.922283985375067,33.93999879101501,0.7900704661813199,247.91381034415818
0.5661748613817803,36.670424526014756,0.926827840537818,637.1375986584476
20.620219172406156,13.763057371803226,0.8295827141512712,933.4125803684487
18.875259147764318,48.903700181917536,0.8113413846063336,239.94726051435183
38.2433993313286,54.828548381924506,0.741850604546984,927.769175061627
8.775481575966397,41.29829270559136,0.8445367352626553,619.5637391362129
13.916844739030621,44.41281559876756,0.8906978518939043,630.3178149713648
24.625961990766246,5.926337352771035,0.8804527278910017,421.04541631835036
0.0,39.09832533311576,0.7193980547175576,756.8217511256119
34.378546882758044,25.57768229923921,0.7041056543408017,79.41385595748034
22.126966692488867,39.67339852762246,0.743817352178534,955.1668893530492
13.980872091116625,26.9425031005406,0.7965101306206371,175.29498467205426
34.44251256842712,13.956955632340168,0.8872576515677997,683.8224482319929
25.086023939392742,5.172622042674758,0.9250897137041214,460.4502552696409
9.803383719824557,17.726018480664784,0.7131834846823893,381.9586721069732
13.427459180264611,57.3370178638089,0.7374700446248996,580.1042504925925
27.28506245441719,34.361650628907,0.7157650048102961,451.789094398368
35.95361939367681,23.17145619009729,0.7068883549651073,42.381612739952494
33.06540727905755,32.58472884830574,0.7326863015738206,149.65443017781269
2.4886894706508724,41.134351703527926,0.7268192397501384,903.3249081218136
26.018306039022434,46.35457711168926,0.7889126243680881,528.0709120823942
9.247503265407364,57.15749567118067,0.7289474097247668,83.21089846992336
11.951074634396909,47.22736877234029,0.7577042679736329,577.0436223771563
28.860660408225606,59.8158081985232,0.7692535516130726,596.1195066578645
13.8910741922164,27.49152113392325,0.9295196460746973,367.1627045679852
34.185143305091,48.161748867999215,0.8179643733549683,587.1558390417649
8.289135000090907,49.12228978400534,0.8626722834292405,246.3730102518296
17.44555118989342,7.86768358070317,0.7876590574087865,812.7323026129866
6.842799408016262,37.48890276900148,0.9430916880807798,483.02359623838004
39.21222133978538,50.22450956391371,0.7633522591882852,521.7421920560668
19.477534312736605,33.0035730772157,0.8990155591272997,863.5588642027063
2.0411152634524066,18.96514324613959,0.7464908820895884,400.4508049374714
33.8175030564249,8.47119921239349,0.8090505259363765,355.87661387621534
28.769482092972822,33.60567515313112,0.8753248351989927,109.22758320796521
31.893249505263874,55.24694028961387,0.7678693704241133,907.4082408955272
13.108910538422903,16.052491871272895,0.7922493944173611,160.25547637567027
6.144698185319832,42.61421773213844,0.7288057316109107,850.1263602062297
2.6457736845315805,27.878892667931257,0.7019859585827881,498.3417781323838
22.283124330187317,38.20167811363698,0.7524148654804826,734.8354236762625
21.57375001235372,52.03008793357663,0.8651401760341916,73.52633004251078
23.433146769592998,47.217268137476346,0.8957743832322695,613.0219033093266
28.637785400548196,7.908303551399987,0.8041998694300518,675.5544896619189
31.663709212497412,47.74539020877279,0.913223450513424,865.9449638127919
22.806212826754237,46.132107352381176,0.9408615057259968,596.5099976744956
30.488409909117323,12.169170100183162,0.8523408949709312,917.207009870179
35.580407162828905,21.98887671355912,0.7055281764064988,674.7488207768737
17.209111078472745,20.886467230426415,0.9041850710389288,619.3998055662896
26.415939599972592,58.60598874064559,0.8046484518558489,74.88952481378962
6.151387128702193,46.53249575014912,0.8329442324575487,406.4390623573755
37.02122064204773,58.0862405623968,0.8017564904115579,177.20525091954954
21.28978249184253,27.311765247608907,0.8616833136673695,740.2674531906945
5.974372061070307,35.428175807683395,0.7302817429707227,548.0700000066942
13.57515857322582,18.31110040595406,0.9245270591355241,73.27790850741732
33.84374182163412,49.447702120549614,0.8526706101774932,354.5791530301078
8.724143427975275,31.265249090736145,0.9139568256239277,808.1383116960392
34.09235463375631,24.98403278787391,0.8069112707364342,539.6315192090647
39.683553203750826,29.252907146747912,0.9016711433281652,118.04256934179574
31.779702724538144,36.54206067880187,0.930624176775722,523.6228943532648
0.0,31.302338752132563,0.8762093303706993,913.7539059255025
11.366851403670491,23.45637200176098,0.884544036621467,116.60985394779857
35.0640288907764,29.243444546471654,0.7170209657407245,849.3519506238327
27.390316525978488,49.18369754457777,0.7986389192574381,259.5014466729621
30.048189547525187,51.227780476500364,0.7617724392036328,263.96070381006166
33.70464737897514,15.640677231566151,0.7309154965532302,106.48578565192878
37.41498315437887,18.670327968931694,0.8820893222636457,872.7939183659759
25.527677521192125,42.57438910501122,0.8908260701158824,506.96312596227244
21.835413335307408,17.98905558204434,0.9445221599443168,766.024310831117
28.037014119190804,42.25711737214884,0.9451304205973176,725.2864471934413
34.873640496007184,15.48887639973512,0.7769128947945201,415.04449185132603
23.03566008872183,21.643277662031558,0.7838045357901662,309.61364435391874
23.98211946564929,5.335637414628913,0.8067826340877312,934.9928236331863
0.0,47.23678027710608,0.8046874150683121,722.2320041174214
32.566549635474146,21.093257245986727,0.8205764331699605,743.686691581362
11.523900079078288,38.678098789487386,0.7233982993187916,612.393343973752
38.98647965990178,50.337556159196396,0.824311853730968,406.6363083122857
0.0,38.06292008318487,0.8232957187155808,742.3137909057982
1.0296722918488623,32.47485584938252,0.9282710899342084,914.9654420026408
37.39585568020803,36.05693827617829,0.7498915054513879,718.3076026531817
39.419730391380334,21.953067482767914,0.8860417803077887,426.8450301474381
2.118608201810073,38.02976572477948,0.9438542251566163,657.0051897041901
17.1855428965266,47.44193428344951,0.8938052190645989,984.8105075999003
15.592562107217907,20.935071885133905,0.8393891919359872,947.3234254159808
35.47689560026329,30.064950310426752,0.8164934681963532,580.8720011027235
39.150719992207854,46.55007611270691,0.7455469927444213,194.65468864827437
9.381647421361855,7.995568130598614,0.8399211622252778,594.4706779588078
14.2277392099076,55.078595882734646,0.856106328918359,348.12835433109933
32.948031488199796,40.96899053487405,0.8424461473539231,225.7312673174792
2.4335530191671815,11.473189389726578,0.7562775208485126,94.42928052691283
18.8460648665837,45.223533402852595,0.8464859348062459,439.47541158539525
32.55375974417825,55.314700549704206,0.7164873195541576,218.0563607317883
36.16350333317951,53.206355999503,0.7634125044425014,701.934584663544
31.302810004918957,46.50130854626079,0.9137683825659907,734.093100436884
0.8349993360752876,6.250315649571188,0.9392568510275566,590.5526298359706
36.147478287124294,11.72254711454287,0.7318062691559836,912.4803288420258
22.38990170642759,51.3501969242347,0.8240119163653897,675.9558138135988
9.245137717743573,32.59296252468987,0.8748040284493431,549.0512845568787
36.59721856403405,58.66327604845764,0.7608284429479697,982.4938912049887
19.560209946036572,7.261116154133154,0.8288337701457804,762.646360181699
10.60054902901854,16.738594144180528,0.758009602904602,908.4059294394243
9.225844553845244,12.007026612842576,0.7823979270439917,867.6601760937457
22.269240459572043,31.200605428453237,0.809342821397711,797.5313700703957
8.013034327809951,24.853349089421428,0.8264325740041811,81.36341273775301
30.066441583550702,37.192451650463816,0.9147750297111685,748.1420356546174
8.92861854110465,47.26442688554221,0.7324871643720292,303.94374822867564
30.921202671576335,25.45270394565467,0.7362642871429476,857.2173935092317
18.96580360206772,48.9720246216926,0.8256124899869527,403.0683380482734
30.3889725735722,18.213744573875285,0.8515911124806056,856.7085759464322
15.580134501873092,32.09813540827571,0.941654174409539,280.7104638348783
20.398031493080595,48.65018000425825,0.7174276435812007,872.1227501346801
0.0,5.846339889302737,0.7227595227034568,74.7061229472676
22.50501635232068,33.15161717600246,0.7098908690643552,481.36505658875103
27.113897885383693,36.45450534303522,0.9143622645080668,284.32928160653
3.2119401310204037,52.90464555105013,0.9443541721544173,290.59581301574786
18.36476593497491,11.468075976988397,0.7134176376246959,266.94049480238937
37.07772407620833,33.77833748697582,0.8323172478009269,780.5232345837541
8.78250257153393,14.394828877127434,0.7906778861755595,106.11170522202204
6.106314124440616,59.767979550538115,0.7232592823222854,341.531992450186
4.65834747521943,33.31643367196197,0.7350224632467897,326.73588120926496
25.48934596125014,19.06152250304943,0.8316129829951051,745.8459694300237
26.011147579534395,17.577701007204595,0.9425271645464822,769.4038038846006
32.030435797664325,49.63579049953132,0.8154073895614367,138.2960780069145
0.3766356617254403,41.79897918287686,0.8746197819281565,465.3049636392115
24.41400562973229,12.77408371118908,0.9121046787367028,873.1768550286693
0.0,17.40021070423957,0.7312501336063487,912.3541779655105
0.0,37.20389466876274,0.7399446497812845,347.7584459647376
10.58929169286051,20.5958655978852,0.8412678550093069,823.5234852870641
20.141758206733577,7.2790296222882525,0.8665182701545534,630.9598286421012
1.0497859190340957,53.83173692607644,0.8350389104487081,518.7453637057171
32.16519183529005,36.99585100848961,0.833388649676888,101.37253332768904
33.797847509036266,44.4262911383708,0.9047016547249007,609.9939156180474
8.065554896856563,55.41439114000667,0.7333167225271804,375.10792022573037
12.057259505717871,43.69468325940278,0.8943855130575787,750.937633021746
17.46926646030041,14.80593452476236,0.7517215579872928,900.5545130378406
26.735033165433897,49.41689679058754,0.8505461183414148,899.6535919554512
22.291552379054924,10.46717767674303,0.8218269619033821,264.2791322389291
26.35209588073099,38.64576313473423,0.7810315186191517,369.88120596994787
1.6157991549753663,13.119948289912568,0.7320255918857717,936.6177343027343
36.287896879233955,38.788159567751066,0.8926576602432617,313.26206638895394
7.170662410779825,5.724502575011554,0.7396940695125689,717.8138660720181
7.498201871380949,31.41575385133077,0.8516528809801387,895.7311134275543
38.830941336622466,27.975398204374688,0.7736758777191345,505.2742471324528
15.642022189471728,41.09866389273083,0.8326632241167324,184.5395179696416
8.305981356735455,13.270472292787762,0.878735510480271,483.78814641595073
24.98331656694896,9.090186204123208,0.7112320636105129,755.2340679937197
15.789119429547622,23.31565936924059,0.7449865607456488,385.00925488923184
9.007412149912255,30.63926708626373,0.7595175518251623,743.6753834031522
35.90488217496615,13.248965974944914,0.8169791255708008,162.8478303060627
3.811147416219639,34.881280698828064,0.7321051732674443,133.00114952916863
22.604175452857238,27.252357316921927,0.7524314969997989,476.48303177260556
32.0680161840974,15.75103107484319,0.7097143346861541,642.31857274435
26.106997622025386,40.77968532550719,0.7695192253332641,716.8696811169245
0.0,49.39415143562943,0.9227337209844171,631.9273479905653
36.655512761266834,33.636640003882654,0.8835003570713974,488.24042190368465
23.350163191650562,38.17989296198689,0.8029129642535928,784.7564404088748
17.12160587769476,39.8560843414493,0.7021723487908001,830.712565672435
31.284087572433027,34.074497682687806,0.8982009498173504,866.503184739203
25.491290193661296,13.302506206418066,0.9186427212176599,725.900275889624
0.0,10.598818409573243,0.9471253422318315,793.6269934005655
30.38488899276002,39.916415035916835,0.7543844671214349,587.9823985830229
29.008940486016826,12.480143082362419,0.7266930527402573,133.3800072384205
6.4041402769424565,13.722267694997322,0.8875689904188471,285.55394890916114
23.005402658463748,25.510927200787876,0.7752228656925944,406.0171442013917
0.0,49.378419528305784,0.839825281925362,813.7008679392673
31.722026144273947,18.371892402023498,0.8731803810776437,94.88209571940286
34.3166394026617,50.13172999936922,0.9480852384762226,669.0064749645643
30.8460289647651,56.66721671950568,0.9075703269537232,328.02146209431396
11.81568939158532,29.86820036632549,0.8971682409840445,578.1871403584458
6.652859943145061,11.54817695865015,0.8031160959177016,970.0366814932962
12.245085783533582,56.035474065322205,0.7574150963319075,582.5669493604142
7.475196861441794,31.40299371252814,0.9095201456062955,472.842055192676
13.412421269840415,39.16380659828508,0.874370430340542,246.56662033891277
12.067975130726284,25.85930723796519,0.8883527663207219,158.49953969563043
0.0,41.79757323350343,0.9403674059083835,162.43610345909354
1.4364853741163075,27.001649058292372,0.9342663505168293,940.3515926219745
16.140365567000096,19.701937872825283,0.7735430534449024,325.0960351808772
25.98522412863831,44.12974718878813,0.9479501170722113,165.34026222581718
20.261572895122274,44.30304554654122,0.7293330578607136,600.910116037486
12.731965074115575,38.423123556690946,0.8325168901766007,283.29277034917936
17.644420358208407,52.726135899758305,0.8414951361449404,124.47022061947519
15.865428515734372,24.631196931136294,0.8896402983415959,801.3399378906333
19.192748935343367,50.80650166948646,0.8518018739498971,509.55073890254386
0.0,38.83518195012154,0.7356129586255846,247.84347138670034
13.800702776989798,17.773231882820646,0.7059174446097455,903.2097663690236
24.026018746185855,17.401565233708624,0.9234857334266404,321.1462769509498
4.357653191554691,16.59097298648717,0.9149489830054407,681.5489398039289
25.90444541442459,55.473888411814535,0.8919457993021911,629.8099785592672
0.0,46.44796725662579,0.8472893594376932,732.0668956190202
19.09806736477446,53.48090311652748,0.8416692146366331,747.7026291623478
14.203821929105185,50.8639637153933,0.9111099569873964,449.26057434672066
0.0,46.825742024842725,0.8712328543118989,68.0581035403246
36.70158337827226,32.00683893896881,0.803487048336742,140.33699645003335
0.8641445739379578,32.41941433632624,0.8940808026827183,194.0799288587022
10.580875282206323,30.162959571441956,0.9296166112440658,735.2188382433059
30.063348094583592,59.76351757325519,0.7064127735239393,588.5911399191975
6.840364827869768,30.72153828932713,0.9130449267522466,122.0398136171255
28.694553432307845,11.568503173155339,0.9444495038498071,674.2413741487908
19.955376980956938,9.063370793511869,0.9168768375846981,855.4080802120585
10.463937156280949,35.78426340610701,0.7935443717514352,132.70658799938602
21.290294889750967,58.83931602223017,0.7410634417430906,996.5820158828535
25.661934227514866,44.669931773971285,0.9018908709409353,235.04486988129943
0.9830103225903912,14.97066692877896,0.8213439249956136,805.9950853894665
22.418462040244147,54.71614215034647,0.9457129028141253,298.9217877540319
0.0,5.621090772801456,0.7842050395413914,424.6187999257104
0.0,35.45104825833012,0.708518879102298,809.3864786126073
26.842118533884655,25.782023154948217,0.8651929294007003,131.4926067655599
8.726941410635778,11.56023986851282,0.8608219587882144,793.5835182138105
4.141050600601016,53.05293204844491,0.8019833727447745,878.602591776788
21.47375660300185,44.14491088245911,0.7798372799699538,507.0848313453329
9.650291279643287,55.589081194325786,0.7647252593981242,260.7968397964769
1.249640077250693,33.3047289830666,0.7084396710975749,349.72678769278804
0.0,39.1484872321417,0.7698955672205634,409.8309107667243
1.79617759076507,12.19948402565116,0.927999552675722,385.1131290997839
9.45571644108477,9.95364199626482,0.8059881823566813,376.44770123652654
10.984072574125944,27.323228111290522,0.7285648773418371,220.28829011351974
30.39342671152222,35.817889113442014,0.8774967650927479,498.82195372605764
31.411563231848408,49.17194755053307,0.7521957624911542,426.38054346331324
27.354028530850712,53.49570248712572,0.8680975288342632,525.4889687817445
23.87394301060244,27.65576593517026,0.9373619531713796,397.96117782864246
26.391809431746626,5.3593419158502025,0.8296562289718645,385.21884785114867
11.790088383471202,27.158583810162273,0.8838922049023777,134.08727205682837
18.734045152479563,44.99981512311203,0.7338309344086573,311.886663732225
18.022498745995854,23.28312175037965,0.8815873019913607,114.63785665187797
20.746259861233995,55.26910849160485,0.7782233378779329,809.7260065914821
22.19577433040108,58.54040659688957,0.9381441068197465,357.84288466454325
12.78153126867278,28.127285872973687,0.8660677023269785,829.7865038344106
19.0714040081732,55.46929407068042,0.8410281614506652,772.4655500793652
5.9898384760330625,29.79579658559887,0.8003169795264464,953.1865023880193
8.673716197095512,27.00867078352318,0.9312873316427119,367.0394834178628
0.33107088007911833,50.29307484859825,0.814547222392477,800.6363588211777
25.292777672737717,19.048358418749874,0.7097553194521267,859.34533417922
5.483357284087503,31.067523827588374,0.9307825896928368,111.60066867822937
0.0,42.410695058094646,0.761679696119636,464.8204253613772
13.770271303436465,56.25062906863197,0.7442048866202621,797.1981028006393
25.231493664312147,42.973136062137435,0.9169967004526511,376.1737964814947
7.767396113174138,43.28269436107426,0.7652130046222272,730.4966979979217
19.537377741076323,30.39046651812316,0.7129888628940964,44.69781877206817
28.129197036015107,32.31749450717033,0.7618806807234189,818.6986168944179
21.775561149794065,26.570679816872648,0.9209628283304718,823.4716760460087
7.306050028240606,44.57812185296444,0.7456431007245883,249.70251169175629
28.692337430614405,53.91000955505974,0.8467246852303982,566.2330159958541
31.456656576802015,27.056290024219606,0.8351651021048458,900.6399850155528
3.4044817914066705,30.759221525204566,0.7688339965485249,869.0210008612306
9.390709140484084,8.65998726299723,0.7331723280593938,382.5122234203926
14.572426378895118,47.00592761533976,0.7431358444951696,613.6297353736591
12.650535455428239,59.98141436671311,0.893171134941371,106.92370154142966
22.787763772948303,49.239854826879544,0.7511719924448111,694.6911798735166
0.0,42.782976865828076,0.8444661593190961,280.51178912904567
20.048445864944643,43.88322968798484,0.729862846349649,523.2205291103444
26.106695269335173,38.44374687730819,0.9198160118711831,372.59403278217155
9.403975275683921,36.20237324011694,0.7195742602460791,438.9005823133472
21.13778106180268,48.0867415894275,0.7877963436788954,251.24737843819986
20.180942128053694,50.071869081374764,0.7860676455076108,808.6733014686629
14.309618179111867,28.546428185676582,0.7547514182679043,852.0746040642005
21.30181054013742,13.175195719810787,0.8919099826418044,866.1298396228135
27.1292909060089,33.270139242008646,0.9387363617784115,457.6282787007899
24.56512308563175,53.12603829280722,0.9224522702182105,577.3735423194371
3.0989804343613954,35.101160121343455,0.7109385456460187,407.88817803624386
0.0,30.660581600165816,0.9349911802969985,937.0615939419457
0.0,34.14554170479299,0.7432307871201311,203.75690401406717
6.030599971191369,8.32898575246071,0.7729457406851793,417.56955936230037
13.926121182777841,18.321731933850167,0.9420286728114735,342.2832264127581
23.492935929469866,25.9222206040868,0.8159522224748512,767.9650743476483
18.356655381573507,30.76465417968778,0.8376274394946437,331.2051568101919
18.146799875965176,42.72545157701959,0.9457578957014059,660.3391271670349
0.0,29.566484102001212,0.7332208068702517,461.2691537749255
16.17018394933163,55.25345782463589,0.7269649495495625,218.21595449278743
14.260477851026653,22.27686635721379,0.7870790029044468,220.53320757472295
23.431070848187275,44.04649680262875,0.8686538016578075,164.10641684482275
22.31560843437315,38.23090251660911,0.8609262322499187,475.54539756529215
19.5921354097498,12.354922660786613,0.942909524746107,834.871601965672
32.143668815872125,30.855302967475897,0.7193445567828927,834.67294021443
13.685489826733258,16.705971223228897,0.8180102624625076,658.5995456639273
4.573213858399236,40.35518904585263,0.9386103893052452,306.1178471103245
32.870299548534135,18.865860446075416,0.9384598536958423,628.1971327860264
39.00256966057215,43.82851405197398,0.9217562552219766,946.9910292507883
20.6425270996787,51.52738214714856,0.8650226758592077,179.00940704632515
34.922035837147305,19.35756355847371,0.7173521565804524,775.0428950200605
33.37634870183659,34.595892812501404,0.7089406844123738,936.6619421396041
15.057062182554787,30.719843983327994,0.744830891164367,751.789069622146
27.935487459627577,14.457664707640548,0.7183501102722568,344.3751606175379
30.099401513910067,49.449614943433545,0.7226511996797582,809.1612390064596
17.070142567841973,35.4982663681542,0.7703487857071752,772.414148318234
22.024843305536756,6.5136916224476265,0.768694651848669,964.3746091070209
19.663248269609536,15.229884481168174,0.9008465681687816,425.0668625549259
2.3851178635521695,51.93697679085765,0.793704877900261,882.993305487706
21.239424396051174,37.57299758866267,0.8031640246970383,875.3598866621219
9.687534432710402,15.360895885305002,0.8914286926520869,921.9903699814536
30.488987391805473,39.63709589672274,0.8627253217457433,464.63773560431827
21.237458999156548,13.306034072432176,0.9294249077731939,839.6282419927213
2.214418187802645,12.131217945766897,0.7600478566635271,870.9698637080381
17.906090403298496,31.187061050919354,0.8577380554671308,764.2149598339183
36.93701778416617,39.594969877389936,0.8872118369532191,886.4368516658378
23.06151596351739,19.47757744706815,0.9155750504598146,609.0546625464132
32.05713706245294,26.356597238540907,0.7860427771931224,333.84699792887045
4.963595959761277,43.83038324301364,0.9153274725047034,804.6964793324331
16.534093545868835,51.347432387529736,0.8140470398737742,613.7045563518343
22.569312133043155,35.01339424324794,0.8753533378541885,803.7611123816993
31.58561283187568,36.010688028752064,0.8483803592600283,477.9899844063267
21.163597648618403,57.73413514019237,0.8234340518673959,878.3777805647403
2.9569949482097595,26.637190592537163,0.7043786683880714,334.24132078802955
39.27092864060114,21.884677125175006,0.8160508665061,285.5545235338632
38.126665066688545,44.5001270100296,0.8061317972387118,54.68829075366582
0.0,51.4401436433255,0.7543677158552979,871.1137095810517
5.564640337941462,41.32015000300451,0.800416142626921,653.6565423173329
39.153091623333424,40.73326488454022,0.8329933254662226,527.5293368322125
35.182408128471,37.327499646173855,0.808777110022229,526.2059454843495
6.5034148360587825,13.731509266941188,0.8126144419919863,835.6796889364118
35.62341570541338,55.86901053287364,0.8822699889348982,740.3299417594338
35.00934125934915,33.08007896467588,0.9427572173888618,600.4555651614128
3.930489680179841,11.656318939333193,0.9127017651133287,596.291581271803
16.45520520021953,57.098770257342025,0.9210286889191722,625.7057917381194
8.943028218134423,15.292618965209115,0.8419778935013018,369.9796318114345
0.0,12.000755689689576,0.8843669946414766,876.5305915069936
24.466565248693684,29.526391620697638,0.8370977933138533,949.0227874799973
12.46223861508364,40.573682561670715,0.922922143912253,57.42012055001176
16.072175182301166,39.26608706809384,0.9069513570654496,996.6038663888187
10.938921698751564,18.15876870000208,0.9415734375072677,916.4603563529248
0.0,25.426012788660433,0.9345171875581771,348.56132095603203
0.0,53.04683838639388,0.7457684045311054,195.60142830865016
30.532617554189653,50.34882969376004,0.8886860485773929,170.20507182570833
4.507092587970212,52.87793876721454,0.7873067828046028,213.33730696383287
2.6469119921950255,30.525050089880214,0.7640545713966446,139.2538955184723
11.60060982350629,8.568046958760688,0.9148262259459541,66.72342979861071
9.703292206021885,17.704376496557792,0.7399119954917913,64.2523657692571
31.622087817982106,11.854088077186514,0.8902187588322535,403.53532354235824
28.314274410705362,45.44464376982948,0.9469230394502368,452.49898485973813
23.216754118443554,40.71009451890835,0.9116121548712582,643.3367595421194
0.0,17.51490162823724,0.7896023535029115,282.55483203214106
0.0,25.577161506517953,0.935167332053744,866.3989520814495
34.54132247196292,56.78644957881722,0.9459989321383,658.1215500771054
0.9164396814052823,6.524317512295151,0.9459801801453922,282.85045177801345
28.296864673475024,59.53655753282369,0.7692353354682178,551.373725194155
35.49322256092754,13.099432508944002,0.8474495380602174,460.37222771420664
36.91287090407971,26.79458333862999,0.7223542974037112,813.0540655728468
11.794661227023026,10.47667063125438,0.8433055544685236,119.7631696345892
30.393801511541334,6.672959272785777,0.901660815926868,594.6061293287173
32.763447823292154,32.464130592019906,0.918694453686578,560.8196298206897
5.116011637155158,18.565317321877682,0.8469617928783583,115.39838016139676
4.619792126878265,29.56752449628805,0.9417606498001503,55.54304385015403
19.343326886482068,37.547226076412336,0.7305099219806556,895.6434823651019
26.886756870100967,33.465007596017664,0.8938810907535947,702.5086453508425
10.386306006588054,49.61436749678843,0.8993693786348387,378.64003698428786
0.9494630155061209,31.57283473992442,0.9182974787794604,79.04186745676668
9.870272284694911,37.68768326460871,0.8576865974505057,492.0335726254398
37.11121270835795,58.14523743702697,0.9372335997151298,74.83227358026969
8.993961967811527,50.14765836019997,0.7128150968471525,886.2681674380896
12.601728928200233,30.79388654446306,0.7158324616502787,60.021526518684745
28.66736084025294,41.16048303877386,0.8592126185449962,381.69730571106106
14.164194914755603,23.87625705354296,0.8186909609611992,740.6942397607137
13.609741374490602,45.18827293003902,0.9413752446466394,124.21297959615248
8.093496643425292,41.087153783971196,0.8740888109967733,294.29484489561014
37.49793849147222,7.40881305598167,0.9456888791411295,64.18593827345859
9.298979654581135,15.408030991409618,0.9353553493119755,765.1890084715486
22.09503634920355,51.356481457235446,0.7457379419059833,962.327492653735
16.2323456218892,47.410788380290974,0.8928428274170217,650.9753163787432
7.592155639741262,50.079627370476175,0.8999238763176751,719.9879454757041
0.2792085650696975,42.082589376713564,0.9309458441923584,975.7664822063156
34.11641130085262,19.345878403159684,0.8707171514859349,980.2458256887777
0.0,19.77312094827779,0.8670600560855731,750.4982026319003
0.3656504233905438,36.547785175955426,0.7160654565716446,690.0386429766803
2.0418508841027223,39.17625064896624,0.8689496514332015,44.82743242502554
27.32549163888466,21.98461616288983,0.8886488161228033,397.586429070338
8.229452289942751,44.53441239572416,0.8147786592916479,75.73058148859144
28.537397239164928,31.856577383978966,0.7917112804559276,284.59611576190787
25.583878426699776,15.56946808768614,0.7087880976747887,788.1252120728396
1.909206397633846,7.917146710191811,0.8110850359662779,319.68122823785137
10.14536491378685,37.78102872311142,0.926246349094195,292.3594455905854
27.76737222627519,48.86980708332024,0.8174001388545243,935.820749890511
26.09870673072397,38.365097492909456,0.8073087479239907,857.3776854314885
2.626747864665169,18.54747307858767,0.7737814561554925,709.5133335909758
37.504007367575724,39.052387946661945,0.794616035952111,303.11506416367456
5.574543501148037,57.231007492017284,0.7314724345895711,626.3063779720583
34.61092690885358,24.813879789028654,0.9283544487523433,427.58749150384557
35.373095690342055,16.565993416699136,0.8911679298447569,985.1134702462529
29.709144504794153,40.219290984496844,0.8907267773869423,523.5752969201594
19.399814418445477,10.848780827276437,0.8842501888505001,88.70107688932305
12.678424565275481,36.29054315295208,0.8469558964193383,513.898045988323
7.107581669710517,41.368970774118374,0.7639272404155408,360.132236729025
24.735278081048477,15.031435276217207,0.9232868658641934,782.8893928317606
0.0,31.448186354013714,0.8347578110727948,888.7402147391292
30.064172951806995,46.78956667912596,0.9459039333328411,657.3276912454835
14.0397242137311,58.106147236203604,0.895844487060726,238.6140595313702
20.99539936396097,25.075653118250813,0.8931070889017273,87.02841339221983
38.396899353532405,33.92305959087302,0.795516674051473,204.30379848840403
14.365370730781882,52.2626331332776,0.873811070183679,824.6554917779622
20.390330419788647,41.968692800972,0.8814955672352964,252.79420261633663
26.418786170684953,6.948646274774724,0.8644006090687233,516.8642035239607
11.311988529040832,57.59438176180285,0.7358497151210702,796.5664812738723
35.13684581456644,22.649849315827183,0.7686293347913834,833.0197250545981
18.948106947113075,11.736288556102176,0.9366362117695219,457.3693781408531
1.7805122325206113,9.863082747264706,0.8274799134811768,772.7306138184899
