region_means,region_thetas,region_zero_probs,region_lengths
14.821064837334093,26.154858530171126,0.7134617995704351,685.1822672591675
0.0,30.747009702207155,0.791946229728377,882.5365655855812
34.60535200393882,18.77179519600253,0.9015301591002934,963.9640123769676
12.169794569747372,48.70315615900426,0.848631333874011,365.22052773251244
28.763735101395184,55.96439928748841,0.7502033204960271,624.4847006301119
26.04331951187819,18.031927171756205,0.8925414887498223,65.3706396314405
28.060950001560585,54.45883038895655,0.7060758401299445,670.1654462260065
0.0,6.161719247994913,0.7245113248095156,705.7419993572253
21.03672397142116,44.325297401955005,0.7794488528245413,865.233136449464
19.01876193141271,32.984669720929425,0.8550534622809634,867.1084220815549
36.58849946972619,57.3437609464021,0.8514258986288665,579.3820473067851
22.44052039432258,14.252084458826864,0.7144875567179837,414.0296721107641
37.15308393413335,10.33207447812546,0.8494081935610907,222.05902955970586
18.474649369961593,57.539762198153554,0.8925790581284972,851.5976282227844
0.0,49.5425364531099,0.7784472658415622,633.1246498959913
1.8328006379914688,42.49964784072228,0.8292753860712214,65.84437842001847
35.9056783220826,41.315220946354955,0.7826185495862881,326.7339873625148
0.0,50.048521105037345,0.7882409340067817,166.38936786819872
1.9301323281140121,17.33841384677222,0.9131379974654248,875.0603740196049
0.0,56.87778026749647,0.8642857457313039,633.9675697818262
5.639013372363893,54.056410984024325,0.93108109616084,500.389209104565
32.328213397781475,56.235227566092746,0.744266249758695,369.8762123154753
5.026008611311416,5.874402322978401,0.8707492116635976,622.5829150527552
4.308924132854156,47.843872283175564,0.799599536646207,851.0791666989088
34.94109664111489,32.340721174487406,0.813343320625382,425.2919688249131
27.107583710457938,46.92292615105369,0.7218611572319281,501.55831381978703
10.385118110635384,17.664169269042088,0.8866971894590531,793.6087979967888
7.40585432930003,31.373247869209973,0.718457452460353,609.405522681733
5.648582742971395,29.8465036732874,0.9006050457311543,526.8961268362877
34.88685282899528,48.0130313732029,0.7851531530317131,813.4007877285376
28.71614674394129,13.033641614495814,0.9114246197748228,779.5431828151541
33.817337393529165,11.702938315623122,0.876795094722745,356.66836611295196
37.98019092409136,27.956563608551495,0.8811433489814551,397.4255084056148
25.943807375367314,20.057343305167763,0.8761421524775386,188.9343580852761
4.975893767371145,18.081149278140032,0.7297604021209956,626.4015999580351
0.5433876249848135,29.12736826124467,0.849022588991601,562.9272058213814
0.0,36.43577732116403,0.9238668258246276,705.9953715990799
12.93110143152559,29.276879415057643,0.8763092749634864,358.7316731901928
5.594918359958812,50.65047481045009,0.7568111662288752,226.75657384121905
21.314044668906945,53.16406131114687,0.8663843808701234,623.6433967173443
24.069370776550155,19.46508074688604,0.936242830414046,511.39546186804375
22.81037151786191,40.62841993003887,0.7571041406508291,858.2785078471574
5.523107177868502,40.834433628355896,0.7299607310268046,523.0061150570475
24.25730089389169,44.27227277223172,0.835575501070332,280.0684912499506
1.2533803345098666,17.42245979785838,0.8083571260647147,584.6682809319157
29.572829996030137,24.10753789610661,0.7917273079032274,43.83588504276542
0.0,13.592900089946907,0.8465961170778636,443.1341101679861
34.599823496124124,18.76228654001264,0.8658830054450621,470.41523631063654
4.553182089942545,17.064633120428887,0.7915418245558036,298.34767511847787
30.338372023931687,19.31247176202301,0.7522261833194244,303.09269288508034
20.942428995383374,10.428460811365659,0.7066232113916633,45.365082103128245
3.539434543754923,17.720118297395704,0.7884611199281374,494.81715395568875
34.5278411909271,27.506999947369565,0.851608181561505,772.4703606602399
18.93369422748159,25.770729423462786,0.7136085202952412,640.1392750501601
31.001412723594623,39.52143242355013,0.8331437413793212,59.84724890332586
9.973508598801043,45.5290734630899,0.8567196322143906,285.0137220867431
19.43029924495163,33.449501996451815,0.7549053836672136,363.7752174651927
23.504488432510414,10.61581650596805,0.8476659626261401,192.34522529888923
28.146898001561773,25.49227875504059,0.8856489563496343,690.4573304293788
29.00513341540276,6.7923394695765875,0.9249933372395958,112.22783053036387
0.0,36.721344469795326,0.9128562680874253,170.8881450300831
17.654644330381988,56.52868012085932,0.7833140268914768,306.2172984134184
0.0,12.167491090788417,0.8854663949788438,179.59723085565383
25.719496689154063,19.84542496021669,0.7701865635352751,494.1563543848523
0.0,32.25403893526401,0.907634896131371,874.6932584001793
32.23576000004177,23.365456167353507,0.9397632406945471,837.015846273677
0.0,11.770316599432878,0.9187503608810054,722.9438962413194
30.583805628339594,7.684709969535125,0.8237388746721686,678.3465758280048
1.1440928869519504,20.35820417468076,0.8044619903067085,287.7707826898878
0.0,50.04577262751408,0.9111361005099502,85.97288461707268
0.0,41.414181842163636,0.8671730546084742,443.7674113701563
16.73629369955114,44.104827189498245,0.8425692221859072,440.3720052773592
0.0,16.362389542841132,0.7575340826718229,876.4709965203893
9.17560077231621,47.57459951551562,0.9008510426135362,79.61540505828438
23.30535422176898,29.536353289805085,0.7802474099683587,843.2599236273795
16.943491913694377,10.372756742963999,0.7276997271746379,71.1083548155685
0.0,22.50019279030266,0.7474852384531459,368.03193589863395
1.1409550382543034,56.61232291423325,0.9038263964793097,57.32143066075814
32.435852849826254,12.695141290822475,0.9287213913053266,805.0366237501624
39.57462538303878,27.81356744202588,0.827995598746281,849.0434876812079
27.349684419166316,6.941146563043652,0.7594519660299017,399.7575025863751
3.5674219239147873,56.3226964012312,0.9183549730745134,516.7912452184787
0.3854089875531592,54.24743016960229,0.8690241067775112,384.0122122737491
27.939135200568174,5.047419090041842,0.9008243429764135,600.5201352245075
13.557737379895846,56.279991650468475,0.7642317030323306,246.44358072435926
36.7579681490534,52.500473919300674,0.7902645530377697,401.45748171564503
29.646960583708918,42.66503441487422,0.7387313583677116,666.9455269467327
30.92877724970251,33.22221457954767,0.898404295860934,331.6938599991979
16.034066692901657,6.868721769127733,0.8549880977303398,884.4881019480432
11.006821916006647,26.381764727600206,0.7600480678021425,141.39216656410642
29.16504081128508,57.8077438144642,0.7576041450550564,798.3725500244757
2.211083299555879,38.21445834519329,0.8991574026129947,99.86866219216947
28.975913998829384,34.06648957870963,0.7010981515221273,513.5074391166197
20.147673535941447,30.462388717632223,0.8031826454912856,353.5504203772926
28.995000508067815,45.70514347398973,0.7830386875609792,414.15724093928594
0.0,33.23120117262319,0.7001760050087107,675.2338516885438
38.72539718589991,9.816617602309481,0.814066014330639,425.50140922228996
0.0,10.725226504168901,0.760575216692679,246.69631327570988
21.1764481034316,10.027226664931371,0.941253884337272,342.3220869879975
0.0,24.954658539065026,0.7815418478794636,335.3244221305384
10.265056541349196,5.20926838654747,0.8162009847752982,547.7619788389583
15.454900813487262,5.22502442162827,0.7886985098327253,382.5532346554418
31.314327736906858,38.93012140669076,0.7464378013954965,933.067556790279
0.0,57.704417655804306,0.9064098218215186,155.21482113878568
2.6980808446058773,34.07960657828268,0.8524067765284387,588.8473085500096
17.537951417736707,28.604467805335787,0.8069768904228805,467.9603826066
9.264982532719454,47.130383765751645,0.848169457364559,955.4331143917329
34.6095140396595,52.8425877198135,0.927039828407522,656.6241558149059
25.630647747454404,36.76668956779106,0.9339146146075111,264.00619830903236
19.275651459941418,33.475442919338114,0.757924805307149,600.5564660700204
13.989495971637025,53.042723923828866,0.8078515961989262,175.40631639747775
0.0,20.370923488343895,0.8565513506488402,106.70462127551201
33.4145449774634,11.811635321452322,0.7117136172389631,761.9742144290054
23.82192420918694,8.002710643688273,0.7815887810984936,675.5204047699173
29.001353687918595,5.030068628681735,0.9464855359453078,847.29062353031
5.3985363592873945,30.930131085125275,0.8267872840340544,295.10332155906804
18.036688614000944,17.465747532532895,0.7236308079426994,608.5819995543822
36.53807271632149,24.466620401040128,0.9027549406985756,396.5857581233229
14.321791387977049,20.90758650467839,0.8522860297014119,924.739528777504
37.59872307011795,39.51659686924272,0.7009525971941851,897.9785093464659
0.8432588912915958,36.20167990603065,0.78252033373246,40.63140956967807
2.541519459247519,20.27126136382614,0.7546542738383022,457.08276247515107
10.224983131906518,51.223176563130245,0.799743961654906,634.535580735628
15.699168256715684,30.122405857353236,0.9258871559892734,112.77964583057039
0.0,8.911712819822226,0.8132489034090316,154.7231747208663
32.18614331495176,21.597605460217732,0.9447037255217957,825.5229595435794
28.747836200172127,40.62668402973069,0.8605213431605067,170.951358351506
3.288036140775736,34.02324533649748,0.8319791931156768,150.17940373618455
29.522643915714823,44.410283131377724,0.9358943612099583,472.5993732213844
28.990715611909774,17.5762251021162,0.8734696998205878,464.90842134095664
29.177138643976214,55.72472271544732,0.9230671283625675,634.0855190107801
31.228275057880122,44.133157052264984,0.8187629648919779,821.0413327142558
12.258276055720389,58.791882008229514,0.9319725792759807,692.2604865415575
34.94247947593746,18.522279667990734,0.8476642128710936,487.6613018942464
27.80860178227138,11.970824356648704,0.8379946229097105,818.2299085447108
26.80221857731318,12.835023972754586,0.7303241238014508,101.50914733503463
6.026068897935833,42.84877853549376,0.7281320711606545,184.083921725175
8.841873519269733,49.249256768762194,0.7930931551313493,168.77581299105827
17.111077937945378,29.680019825173222,0.7683399372623508,274.4049827326093
37.3308900662416,12.05595541792281,0.9088599111638547,775.4920272612858
19.03822280608899,58.21320304515168,0.8895657763521203,792.7847253678482
7.699363241615042,55.22364763562976,0.7222395066209752,107.72279319890049
8.040150269007842,10.070245366983912,0.8756850753503768,450.587413149754
23.679615607460445,37.1966139523096,0.7274147499710911,232.5053745977915
4.591880877433605,39.208741703872256,0.7233163423481022,883.1396229289345
22.758722896575453,40.88940070820863,0.9158758326124603,70.20239371216014
39.85975862292649,8.06925022676591,0.8097461503539529,337.90796438399985
16.555990512205668,5.908882210343942,0.7576217030858416,890.2368263378677
25.704330166591813,38.480858879394155,0.7623863538155363,652.0105543451236
37.502615555556616,56.0447969864028,0.8773702479143631,49.14614193580526
24.08941425581905,6.851867463973747,0.7839317682905252,236.95199290784583
0.0,10.717001995187774,0.7682449345477269,679.6410945962534
14.46280916457774,26.456920486103247,0.8059543471132107,240.22987791486887
13.55584096575742,43.13950993399476,0.8885076345544319,903.6816463624821
31.308936639827557,34.516241510556135,0.8012419696997425,580.283970899023
34.824041920541994,45.16000182810667,0.8974331312393481,49.75435894081947
4.937943792569412,31.667617813935728,0.7502788207618034,390.84904780062243
28.384127737103583,18.429779216841133,0.7000644655253716,198.93446626705577
18.80649199854841,50.512614079433774,0.8614858152770153,502.50640272701366
8.617816538191233,55.005671470011535,0.8871950193926781,617.9528458089562
4.394334237892377,28.2317413649127,0.8402676831809622,442.49859645882043
10.543873583131507,58.17918062708553,0.8693217702061071,152.87816870399357
6.0208149167350165,14.305824848240082,0.9299876070323247,960.3310051640569
14.49611422276709,32.9291115173765,0.9061345925188843,549.9537876108936
14.915912640952369,19.473202507133642,0.7600735232109722,225.465364009343
21.136176931258223,22.76243773644912,0.8803155696606242,902.3536855924264
0.0,52.36891120651617,0.8044369629494283,353.6906380146828
31.67145312067223,59.890182012776805,0.7354449725451593,201.9991503580694
23.983161089543948,23.275142284890663,0.839494104538921,114.26464532677066
24.318967942263903,27.829939886836566,0.8778892630444992,658.1544157328846
8.596249901300762,43.44589243161799,0.9291355490903195,289.8331597315562
6.290465483752968,35.1320198259627,0.8696521773187159,212.60555350618773
13.52832022501124,33.16910951779477,0.945368092954907,259.56299822198565
17.101280336763907,46.35872225796295,0.9169519176057416,600.7526412527585
24.089031821511163,49.65450243404721,0.9019051818571329,547.895185828603
33.863539401895665,45.67735606130672,0.7203348994906773,409.05862491979593
23.270286203773985,24.501212632029695,0.9379646934645061,292.5193573265075
4.220895418496456,24.8701980702211,0.8915607307821243,819.7119446668819
22.11846996818753,7.699438655419941,0.7222098485779438,528.3371181037826
14.411072523128247,14.106528233061717,0.7768491710052301,848.1678692651642
0.0,8.087343324764115,0.94284269485347,246.06725995299
36.250575760027836,32.65736546494122,0.8377281885394755,113.77806565064614
0.0,34.81244297370812,0.839671797824523,936.7553589334241
26.95735707780485,14.888589851503593,0.7806819216795767,110.04709826136218
21.53297748187418,28.60643988677849,0.7489779347672327,594.5821711912251
25.07837225172741,7.453362988644888,0.7559812178590825,759.5714261245438
38.38122983672367,47.85824788135534,0.8871991843230304,472.9156395613106
25.848314588965447,32.164846452720035,0.899407023896734,918.7713306199018
8.990965857645081,52.310383095569726,0.8387369166729185,344.9734262057144
26.754503195668615,33.55951154621545,0.8882236525619052,721.0360635336971
16.33162254204121,20.793582042346728,0.7465525081203991,670.7808328094183
0.0,57.574306005180105,0.8374217001364509,300.5009291322569
24.28511258613192,27.16958184684127,0.7885590617386347,349.74451554993925
6.7029663435155475,54.956810877166,0.7872515301465159,356.6318240216734
0.0,50.54175403589153,0.9342320986351015,517.2585079424252
0.2067824873100547,14.368246892894401,0.7071801332848009,571.7477702351235
7.876190284623542,19.26625062465889,0.7533773444478269,146.08478288439696
32.30636049631504,17.484350412547272,0.8104568592604315,254.5832930397896
12.812344080468609,23.293242936549266,0.897446046809837,442.6064743510824
15.347294807731862,17.032200206289083,0.9162463561593384,399.58245105373516
19.53047649563625,13.423388663573313,0.7146291496172883,561.025377492061
15.388186501372775,6.797451800683348,0.9111836686243953,452.2976160568564
30.030246748531635,59.258357759684934,0.9028877409386358,507.416551169763
30.02102640593685,54.78052599858929,0.7688279904871133,336.65622070890254
4.37143953906394,26.094340700424386,0.7277540627765482,127.11013100529364
28.653025451508817,21.294216279234412,0.9236854441065665,950.6236592604063
0.0,11.114874272359312,0.9169282616355748,910.1532443514363
37.83241151929755,51.05641368279309,0.7006625095015041,287.0726424341272
5.498774664839442,30.299828623594255,0.8707499488328942,765.8533004158348
31.994518581310462,24.281659764983992,0.8614964944503071,686.0206930250587
0.0,18.062950592029885,0.8165363216576143,583.0251560158546
8.558242238074754,14.369996406827758,0.8918816701702218,238.6369847784709
23.364896867792073,24.223924770554802,0.9231114629534215,245.06110885250882
19.338849376678287,11.590473758913111,0.7254126106049706,782.108514273795
31.873337161465702,48.75733833245221,0.7697420027489248,125.56996598813555
33.27126300180093,11.318169351992664,0.8343243431608215,480.1882077134723
15.240938661937337,41.365908022978246,0.7007649707624335,419.5332205341888
0.0,55.16831997196998,0.917417601432168,317.65096838702067
7.726456561909469,7.734544959083553,0.8626989275717294,857.5279283861296
0.0,52.137826067502246,0.8100941565383979,54.6132088313416
4.8324920108548035,6.520011398373874,0.896942709826188,871.496895346887
2.8185019518573644,17.56312062440646,0.852779793380738,229.72402199496614
0.46912587372509396,30.867868271405033,0.8766295869864299,187.72081545640765
8.949151233252843,48.21277366297782,0.9215149305978225,529.836790901702
29.262777193536863,57.49978756603598,0.772752627244481,719.4085818275739
36.51883834709982,17.322186214351138,0.7030361411666557,135.21946819088026
33.63048364190816,31.7143736037956,0.8579910502486766,440.9579337683116
5.1676625967770065,12.556671103763403,0.8101862040040269,516.6875704994893
1.3919091055553654,57.887104616512346,0.7542289243387427,605.4811044396895
38.14850548558343,33.95654104388936,0.9073602402796568,348.84083004560796
15.552782170511149,23.996507397187692,0.7450152536773456,882.3389747739058
19.619124582819925,54.01215499223808,0.7970091676065898,74.24608813592805
6.058196616175082,29.90037349495692,0.9190182870900478,443.553757566634
13.93153683117572,54.392228846090866,0.8975552559097566,388.9569329420837
39.80437762809745,13.53611611705141,0.7043436698936618,338.8735311805667
12.209713435676832,20.21252913570469,0.9049763272697386,150.49633291469803
21.63922097731469,22.74258263831584,0.8175011117405251,42.0538861321015
0.0,56.820477589933816,0.8734508653503521,321.57239392049433
33.98092031177537,8.853956092931083,0.7820141491818338,912.6291049188436
25.587490985182917,24.716371171354936,0.7363394594537485,514.6403241360935
7.315825217970959,46.71515510855327,0.7279201471897354,487.0366456644783
17.79536439645382,38.94567437725594,0.8622761827914815,130.25641209000102
21.96149459666565,24.655650118261804,0.8665677583487509,133.09481900879962
23.930826878491843,44.67344128545785,0.725746093353373,580.4559443302539
36.65920026831763,10.539541760632378,0.7823653929585539,934.8852384917061
1.6697232057224962,32.05977383600687,0.7331785888629604,935.383868442763
26.39174028913143,7.721027140090479,0.8797165735499826,657.4565388298878
13.695587101263586,35.64603749363675,0.9260137080367407,462.2763981202285
0.0,48.298046985313015,0.7409975365561591,841.9448107730601
7.078530135777427,21.417942933473135,0.7422309723662073,311.59873558451284
38.594559658986384,16.410441733734615,0.9001091079559805,498.3266548440767
13.593294877547429,38.673525456106695,0.8314991934144683,717.7426988202262
36.96858505200718,30.138742076054267,0.7104085462797198,987.2647408586406
25.06273125499828,13.21973125231246,0.7402476562096901,802.933289439104
8.119911666874074,11.921425395396223,0.8203947966190448,357.15278664612674
11.221065215798795,49.20159792946145,0.9358496491473549,912.5802611673719
34.03113744514624,50.54134246228028,0.8503074946310628,675.639905775706
17.626980746937544,5.625040763561444,0.8206221251119329,965.9745862880972
35.21756973308846,15.5938509891957,0.7516733980500353,894.7776048564951
25.839000216139368,11.608090491950152,0.8121774372634049,336.2051569026535
37.49749493448447,40.91381357460714,0.916256065001701,432.9870950550714
6.411894234392887,51.60889486896377,0.7244105465396504,262.4229666409369
23.66169432994636,21.61456339440859,0.7212808000322767,502.83152476080693
22.503975071392052,28.24108029954511,0.8658901237356212,674.3656242445513
34.431870338975564,18.942736247604245,0.7868900112096324,571.8396400257559
28.449554534005976,48.047736754883935,0.9109023667573279,473.63829247434006
0.0,33.534073734973184,0.7572070997320934,138.16697712385195
11.087189655092114,21.644838435748902,0.8657382133582245,780.3285845600255
31.741630598162928,30.95342409833909,0.8682875775478172,147.29101167032152
9.718961252649883,17.261554509364995,0.8045945660085296,670.8162877213881
18.79656195825057,58.83047879419537,0.8925933338129557,222.55959805916828
4.954252863737549,40.8131550766119,0.8220351455825152,85.76004662777041
37.437428914676566,7.480589300751015,0.8383308766480323,469.66291215949485
36.044517519427856,46.208140951661214,0.7512099639514466,471.1064860288045
12.169786791913697,25.911823189095173,0.7006865207974381,351.7955612583248
31.992030246429035,44.821421465475666,0.8638992903821456,908.9267059818299
0.0,47.47160792530853,0.8541649662866946,384.9630493737984
13.681557355034318,38.275255881445766,0.8188323834620612,685.6128212031247
7.62305597230416,42.638238764502766,0.7748312419031985,996.9941717026519
8.753004797296166,18.447775385142116,0.7437491353713499,570.9702316402954
11.409981046832636,33.17592033296173,0.7420471071235601,176.1447275283027
24.734992988543347,35.88241820773659,0.8325045335257705,285.0195002324041
31.686994202487313,40.95651700939414,0.9485529698645219,633.5919492769727
0.0,55.14621004976895,0.803166063464013,868.8605961456027
18.20447407313186,33.53940637497579,0.8701540540004571,350.8409397619681
39.29492909188185,39.027610221574086,0.798500022750019,946.18161362441
0.0,37.5897316204983,0.8019733400570823,545.5018948331702
16.599944733728186,5.663154687177877,0.8847668569143775,646.7561847218445
0.0,37.155021764249206,0.741248235369214,119.74997829358152
26.56651852022386,39.232432407088204,0.9341426650606554,618.325941588584
14.401147391170314,48.89083960464726,0.8972086299864239,842.5503781273563
30.744156942888953,10.328829740241744,0.8714434301470922,336.32101753046754
21.203189435339453,48.33507365287759,0.91433509300393,131.04776460560657
26.64715087649073,14.63565114897264,0.8825061983927993,593.556344413035
30.728223151496223,15.491422884751366,0.8384799141807946,162.36292562712637
0.0,6.936391847181723,0.7413402641992168,47.82505766520128
19.01830784512268,48.42953430228989,0.8827867640438841,700.7904245212156
6.803548205656859,58.80152952191709,0.7758825204717977,524.7702297936912
4.3670246242826485,26.871915121485475,0.871414892980698,106.95163040997383
32.10873571233981,28.3169344521501,0.7704186742030021,619.829849367061
14.884940409046505,8.505857616713351,0.7829879363140111,592.1122928362364
16.780291686876282,34.252955808410285,0.8370074772427867,799.1774850721346
31.924798310556334,19.82707149964871,0.9052650148616838,803.6636308361971
34.69437629504115,19.933826744108465,0.727336736936808,974.1161689303137
7.821655907082746,58.41928884706161,0.9471349278592349,193.83707629430955
24.833468817431466,23.1842389501634,0.7399443602609237,213.28179957833828
16.438740122583667,11.86474301785751,0.8218659081794835,286.4088735031139
39.50486804094689,54.87498682033156,0.7756374335053453,317.4829899217606
13.62730380418808,51.90863013601076,0.7650906180443598,573.3327621105973
2.993988673998742,48.50645294096007,0.7075235232402574,459.3421878454024
2.6926773452529935,54.67895096277719,0.789521755115945,570.6303291468931
20.082968476516736,18.156015064049047,0.8540449970940367,807.4731994588889
36.77213430328775,45.67533280150305,0.907301660610563,374.06339388629823
19.340843174632216,26.58952367473212,0.806345681757393,345.9829598303704
26.624967681150398,5.885829078741916,0.7472260062386241,277.480300129311
11.1495337745686,21.691006930202676,0.9304821359064831,580.8634204690512
15.489052075289573,8.053348053229888,0.9251821432143199,740.622159470929
9.690755815858514,50.89127027128404,0.8542210007159883,785.6675300489893
18.726794480739173,58.99691028138542,0.7400699486874027,216.212233645756
22.610917364031643,55.9628808722026,0.8888340075712176,867.1266287546526
18.50189208577497,55.47007613422953,0.7724477311287152,237.30584721566433
0.0,23.966670299907573,0.8560183645410302,358.6979652476782
11.037289587075039,26.519346040217645,0.9090535010010096,880.0710078188108
0.0,56.311404825218894,0.714210635848305,615.4645195855355
39.03870502696592,6.834581036114351,0.8404592919011872,59.13201404383788
4.1642613422128205,43.30399440547711,0.8060662043393694,279.4665790938376
30.599373309503353,6.608547310923515,0.7070948386496885,991.6962748022708
28.622405718831185,9.864244846897149,0.8148137239533672,90.18125781655037
24.443829320998795,56.0548782271819,0.8077809621075616,456.1186158389123
31.07509583790832,58.01748873904166,0.7217515776391795,735.769014145949
2.4054460217960507,41.532978071871554,0.8528518204443297,594.4635003811638
30.446920674406183,55.58647752706971,0.762669943594811,833.1924576324143
31.68710268473415,19.47179109066967,0.793898358978415,255.92906828939076
3.3563752390264163,26.486302715858056,0.772035399552728,285.8213911842056
2.317429182529883,28.00464011289476,0.7809804242447267,772.3791512786753
33.65013768321041,58.371967395882876,0.9227712812172788,862.2871331541294
39.275723465911724,45.81144332793196,0.8700903676660182,953.8183718031921
20.972726519591493,17.79289001645679,0.9463068870668754,942.3696290712577
26.724346812278846,46.94161920152768,0.7839332675082205,146.61324110893253
22.19953570119354,42.79042361518619,0.7522784418318043,582.0359575411497
1.4368638612139206,11.687562123331356,0.9133729191133219,68.39429408980209
0.0,33.69350368258931,0.717301013287837,70.47091444472159
20.141395832023928,42.40438038816892,0.7900289089919175,247.06101556256783
31.519413998091025,7.17632767820599,0.8008297449009851,607.9910020228646
2.718686299622427,5.8773632293400055,0.7774591774234391,462.99968510068084
32.21281977666457,53.42560314457524,0.8619416295090959,338.90943002586164
0.0,36.63647294562545,0.7089645330098016,164.00198329832352
38.772546149819036,23.411621495780235,0.9188491235408913,159.98522764451448
36.119401995109534,47.765599277638934,0.9055831609722323,626.4967460074877
16.776716474320374,51.86447045654736,0.9305139189115983,322.97592823891125
0.0,17.833581060733263,0.7380229879724907,393.534218740971
2.621891239150782,55.21326606363879,0.7792903207257369,604.2169241074598
15.645188200508088,57.088422751074994,0.8081974385016621,374.0820498459921
6.986594526009189,25.93222488470061,0.7866497118225759,47.80759695576233
14.987277442476309,20.146469407449654,0.8891527725902008,180.11137966173447
37.95296451335497,52.64499754897554,0.8148788314746458,158.09607941408757
19.79928218280544,12.779883618767723,0.8423156700130103,756.621115136233
31.300148274207736,20.634241737894648,0.8204030208159736,693.658364515547
3.254193275345371,21.879332066370974,0.8006011584417764,237.94199348968488
13.575809447948428,22.246506293447005,0.8338817636255954,568.1635980404642
37.40114552889327,39.30589279244882,0.7200815297366561,538.3667337055255
19.408813376388746,26.23537063874373,0.7827193152832684,149.82824682986427
19.346697787720192,35.81418310935385,0.8838190094707034,815.9904281135953
2.0096606877835796,45.31615509236176,0.9046549142919253,305.5563425106413
26.010267476584797,23.039367473362454,0.9077367493429761,789.6652911675508
6.616012922859352,6.507736969011183,0.884224745079593,127.86555995100781
23.35699929101263,31.298071988585008,0.7443154627907409,68.07591557739315
32.70960435816827,16.191760472280457,0.7825162947001814,386.3641367639327
38.32140644538926,33.270926886838616,0.832064458643205,188.443895172293
29.580420605838523,41.762132736251054,0.9343837907939937,464.3916563385953
22.443834973717895,59.20622949558759,0.7931771016018172,140.09233698191878
3.774535718959138,36.99583342246644,0.7072248096358656,560.5413503942766
1.9125638370345228,19.95261102502792,0.8205723909887284,829.7647547541765
0.29817202120559294,21.76879695842544,0.8042164940223396,946.8788412604429
6.087212038554612,41.01301258584194,0.7298253710308742,645.0012973273718
31.375609305484804,35.07437745677803,0.82600366986465,466.69802220967114
23.797533402864236,33.97152190729736,0.8126550510102073,690.3403193060842
35.271875117120885,42.953055325996864,0.8775270353499349,391.1540331376496
7.118847630100268,50.11355987313697,0.8931629235172991,292.2950890487174
15.595989142978153,20.118093444182254,0.9109617260113683,489.9139778002625
20.690365388816414,27.491226602210347,0.9248538950434289,108.19496835690721
12.105328184462492,16.585814678626388,0.8302747578309135,443.26014399371553
14.33156278249248,32.32092436852657,0.7154517476123834,319.9909235497095
27.98238810393037,34.04313191173186,0.9218364314797157,437.86134594935805
15.226028262419044,6.918789116359688,0.8483242908695721,213.8077068729283
1.9225671504419988,37.572463985208515,0.7164438942222662,41.50749398142391
8.382532084584755,17.003613367879733,0.8093613649305431,995.3413879317216
6.35123513578272,6.879029472814527,0.7154741200499248,140.42260166630345
0.0,56.743963471542216,0.785461344246351,998.8624582833501
20.506320692409936,56.64860940599426,0.7900452346862549,646.8045306201451
24.874405855950698,9.729574616804388,0.7118768505713801,911.3001438818246
0.6158288902849821,40.37900034958162,0.7742257237913528,72.51691261423055
1.7729841651972138,55.76822881296436,0.7270034239361844,929.1415163128177
16.442274793200603,57.04352384159222,0.8224462871203053,781.572765360492
8.105487344923352,18.236829320637707,0.7720843182582546,819.0759252739184
0.0,22.976713696270632,0.7296916012407099,231.90821103931316
0.0,37.49060926827215,0.921810468782783,556.114583344384
28.20275653224563,32.00283585022365,0.7005565181479124,909.7064790443824
23.280302444450896,8.711752999003368,0.9358128357228072,678.2401268154516
29.707073207064244,29.27654868427544,0.8615597814402798,967.6949275337364
4.840288690075919,37.050700522458314,0.9417324015913558,940.24047558322
37.98882086575594,46.723403132250475,0.8576938129028834,453.40889829140144
7.805516103360767,58.61258184612062,0.933665289735075,284.649830219774
25.081261750234194,51.68505584707293,0.8227185071707711,120.62656705916957
5.381236568083837,47.27129373171084,0.7357810764539406,454.35163002081947
25.516073326126477,44.562339567899755,0.7058624671664057,439.79201405019694
31.7704790883723,17.7974398603595,0.9210877162613285,767.0238058337223
2.4873700897447613,22.5340899633184,0.7644879492462918,195.47550449931745
0.0,40.898256024388154,0.8542725369309158,908.7516765547821
9.280587370359594,44.480101355003455,0.8006171300016789,752.7187077174046
8.151397279861957,54.17182162987079,0.7374126643437136,947.3526277693614
21.88615744443786,42.318747417809035,0.7406236898602296,136.3971654508717
32.08874664579379,9.95910325526826,0.7419742610058315,517.9159491700582
0.0,38.22297648473044,0.8959864019578663,696.6713449318911
0.0,35.45935535001798,0.94730987903186,771.9338650826116
26.60893288728045,53.10324154058291,0.9438224200064489,250.9764076558098
3.1141376887350556,53.071626299984764,0.7359601338917536,795.1709453213689
12.081217083194447,39.967072455360956,0.8965830215299841,600.8002600622751
21.085283030944954,42.163838148857565,0.8018008134903588,709.3789491192184
2.5870136774979127,56.54237359750911,0.7477355175493263,404.93219571511867
18.777261647175735,47.572719027328,0.7287216402136293,510.4224954620659
32.51970276817454,52.38680557281342,0.8620872796016843,450.17390654054816
31.625479110211348,45.255998036317756,0.7657251220636448,232.32834636177017
31.238441194413845,42.079348146387275,0.8414659375654017,243.597272319974
29.47012474405484,58.063374709373434,0.8477974781544135,506.0845984464992
19.282112781709642,29.263436803217736,0.768832406009247,737.3628957455411
18.87215788444155,25.00063804114921,0.8532552920550227,410.15426499104944
32.51660833105561,9.385175907524049,0.8332357518721677,556.527501805854
36.61615462242449,9.054615422619838,0.7874380672604827,809.6870377613312
18.412460682588158,52.109257143475496,0.7038884809234365,288.60171373875846
29.407650893161648,38.65619090615816,0.751706960326718,665.7890571745626
16.547172635014906,27.28917353470125,0.7733552853027912,813.9457607427763
25.30114355420792,27.775144753781348,0.7701514229171574,424.02852616667053
31.30002056687384,21.439529234649974,0.7968910686257551,289.70225875400496
37.25126826933749,40.50625945645606,0.8155867802841814,460.7908709108323
21.837073726641698,14.349294345018642,0.8901548221606962,941.0675919494649
34.15284567827871,49.91547387898375,0.9132748266652546,628.4965904911684
23.521745469632016,28.522765334624296,0.7241468167932886,367.13204120958216
21.688163565358504,47.64161354326722,0.7284544665497731,255.49658052502835
20.784283191480462,36.428318023278386,0.7728149097776069,289.9217661726758
19.077169766127625,27.67174411124758,0.9436573326524659,618.9429304559432
35.86614563241665,23.954975637836885,0.7648937092111284,573.2655176173622
26.372244871437605,8.780016399291462,0.8834614137901852,142.91718323769214
7.424935807947442,5.1454377231594055,0.7711874287717768,980.3620191459472
1.6251733497108622,37.32149692539479,0.8468860006349392,627.0687976017733
25.438200623015746,55.56814661132735,0.9095310939098263,198.81535494845608
38.21988364436193,6.447911134322343,0.7881461443335895,296.25890604456504
32.009658779792396,49.84078660865775,0.9410350605876994,82.17459050282346
0.0,42.07635697577083,0.8980242798220824,715.2087564839572
18.632475708162183,11.676699085810759,0.7834601216671333,703.7107618430166
9.863948344294881,24.51009191969799,0.7137058130369015,995.2849776982716
37.53552412688298,9.401351482689487,0.7098040474940653,75.55233816217071
18.994296842563376,21.231606796261055,0.7428231972704276,409.81619699433713
24.537125115972156,51.99465206507563,0.746957794714322,419.09866360271917
19.561067084807416,21.471105953380047,0.9006707211451032,789.170192467062
29.828540734033698,16.008902000411094,0.9412111840016992,682.7848953212823
19.143836973526803,6.056145136931212,0.7523520360034006,951.808529794801
25.723528441588076,44.68337910892969,0.9221604205562242,427.177248138055
20.617837226223866,21.538224574439855,0.7478678335692286,566.9542966746775
0.0,41.07320353366457,0.7665976458894059,756.7634181181173
20.83889927725053,48.71003211391503,0.9251860748787497,415.6794056850875
20.334608916212378,13.379352490109863,0.9087672990985423,341.9874777448015
0.0,47.51609066064769,0.7968492286277664,740.5366967178005
20.470432735816033,15.376040380257127,0.7247757445266866,374.1631813032382
27.310750463933317,6.964348542431722,0.8478171737486475,212.0554210449244
3.457256840859777,31.656552049118453,0.7078180698611353,608.1510628554191
5.905563601494828,29.005971066371757,0.7555484777337059,643.9357129303438
36.03360961096201,23.37959668849629,0.8921719747335388,906.0086099332935
4.215973281568625,35.793880068477456,0.8114944292703106,709.9292494993729
28.065883594572373,22.590273798138846,0.8100773401868895,209.6830831746574
16.63890130455182,6.2980005870384534,0.8250707003489073,985.854720633107
19.735295897287504,20.67528418600045,0.8446584367461873,665.3599579583993
29.45342736970138,20.013049474168323,0.7667366682099517,155.3762221660059
14.218993535116606,24.12463306658732,0.822851948763408,202.04568926927203
27.657052304554735,8.797325892271376,0.9328251138982906,848.7466241632803
2.8475219410456654,43.97420029748745,0.9366788323319042,961.8218425529382
32.28418475479926,43.865757539086474,0.8215792348156474,86.57138912483084
7.468421878810177,43.065884778167145,0.8556691809085851,240.05959861502868
3.623770723673481,9.995397596944219,0.812097754005667,767.9108078954945
0.0,49.50204306168768,0.9074431695340777,125.34876705967167
36.089437117333354,9.506522676533278,0.8343907229960962,891.5872784844381
12.45419342669781,5.393044126440917,0.8438206278522933,565.374113745572
5.863224875007484,34.928834124533154,0.8408053304940176,509.7528211211472
36.17757701505591,11.929653607472776,0.7182661217419479,568.1997987820555
33.64359638776575,48.42384599189733,0.7651119732198737,731.7434234200033
37.62878621666362,20.710539871748253,0.7305796169157427,61.86163133395674
34.20573667981755,44.49876424024498,0.7663524463522927,819.9848293617785
27.243982467013357,42.03165750172276,0.7501109348107845,537.825442881042
17.026936544734756,21.1792069841844,0.7003472188790305,784.072989368699
13.036869318831076,56.85587576024081,0.8840362042210361,836.5370037707902
38.34691740266514,54.41014248471802,0.731666068441179,811.8460542627771
36.166892905739054,18.011259616063946,0.7557885821016828,746.8711289148398
19.542273056279324,51.99119662882579,0.908471661961048,132.26607500544802
31.797289909068123,33.915241817137485,0.7251260574537218,781.5734091150105
33.499291984046934,22.19710221857434,0.8666332009992942,651.4874206669685
27.21212788194429,54.92775688770575,0.809204634280232,310.79998035093973
39.72005075913696,54.8386469709389,0.9441358615971063,308.9027271163054
17.884240173942995,9.97736987372332,0.8428703374235286,211.0842009146285
34.971032739386594,14.345317493400826,0.7417558405274167,537.7531790936331
14.96743652374722,16.459706022251275,0.8697956839882772,384.77541374243
37.5648418439889,30.868309039532896,0.917162169703527,476.4494811092357
37.06457258700165,15.572276860183202,0.8399067936222996,315.75722177635805
0.33044677238359904,12.044635735479746,0.825195371250633,977.391885769554
10.367646696128158,11.296342915776,0.786636674536232,929.9399182131426
6.811848863588879,58.517554777391794,0.751705425577049,129.52185474087753
28.086667806653395,47.16458108903483,0.7783604727335218,636.6371967673485
25.275739030791044,33.841852469511196,0.8216209697359455,766.7534482823754
20.380607790508385,57.14677464217768,0.8426074412040504,492.29913211748305
5.576911675046319,28.688840968101054,0.8861458874320861,577.0207069082169
37.99881549251884,55.83949513609759,0.8025129290498966,134.9033823310577
16.670994138557504,15.377848101422906,0.7429387903281791,769.4891162884825
6.515264086333253,27.30815004375612,0.8113306931211377,707.4711170446874
19.251602587983875,35.232426505137276,0.779903500925282,930.8371990354073
39.6123311501285,46.518167224629,0.813817203086636,837.1105410830058
4.2341518663539235,14.37153791367358,0.7268543651225308,573.090369330988
11.225910365003678,7.924863895839939,0.7134350162023245,190.40810513006392
14.51965626281325,6.686691542718144,0.9235000445768269,755.0935519136191
7.941456194809557,29.706551884699813,0.7596308397020946,450.76448694555484
33.492944273236816,44.19489564206032,0.8425144221093456,260.65539231607454
39.90812986947997,33.22904408309369,0.760995947085284,43.457786699250036
2.917904018149008,19.985240114013834,0.798840336795293,361.70318761206477
36.74660206102528,20.595678870256105,0.7474654116878342,894.4256798524546
0.0,6.6801661342270835,0.7580668944215242,272.50748967276377
31.55171382689802,8.757388221022158,0.7686255434559544,280.74919708180863
0.0,44.99587818703098,0.9143831489394233,182.7609527029188
0.0,59.2768923685559,0.786457887317288,549.7715838883262
15.18852970697551,42.09589852573587,0.9316606652575614,505.85057458222593
13.845776645548703,27.46491259137428,0.8471477879676785,607.954486485622
24.504748925278903,49.079494664837455,0.7281911923552662,792.9765664897749
3.0866274046218556,33.69710142010159,0.84233787319323,113.82178336893514
2.902863332855223,41.96501001540053,0.8520544107899848,267.9403013351306
10.35212801869645,12.690174259888744,0.7513485188931959,467.06126699861835
27.665449042488536,45.42951009028238,0.729833127470053,620.8031228828071
37.41912867619858,54.170764768896504,0.8508340774795844,314.8251594362516
38.74089322772272,51.61792969798847,0.8930974100440664,179.52152508570495
22.869493387887662,7.818521682122607,0.7181237474862274,641.0038247244003
29.56914327175107,6.884394217890158,0.8841356839463013,341.17142308468823
16.460393076295777,5.233321599159754,0.8274694450004989,665.6110205634199
2.3334466219169077,53.1169150886086,0.7161357484637789,509.7436640083211
0.0,43.87211353182639,0.8295622831229702,744.3632978715348
14.19812079496754,45.23813784697385,0.9141278601813702,668.9149620886726
36.91287445291838,22.67669712605084,0.7430394123273996,929.0603696987212
29.78358736853059,16.61593355055547,0.7556838786032716,210.36092860427374
38.53045086443537,43.74225440208265,0.7039840605952994,169.07205523627525
16.26385160175591,34.72300335658238,0.7557434886672071,351.1980708795337
7.055665355299893,13.40862968121743,0.7536105691454584,306.38699088217913
6.613392007075147,48.21504336514417,0.8549240467466281,655.6437457873147
35.257116792487935,9.490727291561782,0.8961191117915331,477.08031207088004
9.219978116120096,23.920212919936347,0.7821105107684289,217.26195315410484
26.788504420744694,42.61615788796609,0.7197094594206089,658.943847778948
23.511661365386303,34.70341074478995,0.7889393083454813,622.2729357253712
24.578987216417215,19.289645534381197,0.8884983761954226,515.0650107329268
0.923442864204476,52.6728952547811,0.7549118316274216,332.53224134786063
7.7581496803329735,27.20275256503686,0.9263450429054878,133.8545585180956
39.54615562615027,20.192597303903266,0.8932701294007185,778.8788745680137
22.26592589185123,42.223596595833094,0.8488668478154566,722.4737421148213
29.35938271355524,37.13114970755444,0.9460520692983443,943.2253338118636
13.032782304284199,17.32522754711053,0.8186224806245971,318.9515546163197
38.89979262971947,16.562109048120846,0.7405737076443248,234.03996639867637
0.6978321591682318,33.27372981293343,0.8514549986454393,186.43644243637095
30.34898844490485,11.46075452601566,0.8756653810528342,307.439920614363
28.92102044651551,14.324452354717387,0.7259459597623973,776.9371513235816
35.31551103785673,22.010533911605528,0.9138505043546791,982.6669642693898
6.370890337164882,47.916681039268326,0.7929219795737876,549.4037755962129
23.19483901978203,27.601098866277358,0.9046467258201509,940.9429214420373
37.36522975742147,45.3277480573821,0.9210524258472406,918.8164735800252
31.07883434058498,45.005915498588074,0.9153469532615925,425.8832993239917
1.6422353353380443,43.91711522952489,0.8040684604512035,381.7452885672328
0.0,25.52806897769544,0.9396199428157588,951.9374096810118
5.030360525176508,58.63379916832427,0.9321348827009337,158.81857791582877
8.227224362302909,49.413135817534496,0.7185783614694873,513.7299427026575
0.0,42.98364702837747,0.7408071334828206,893.3515151008905
27.308581730595993,52.037747549710346,0.7748563434012953,634.6636651356404
2.0695801257750577,36.56182217208715,0.7996327918656476,591.7324322289917
36.65099221218151,23.622033336539573,0.7641028311644266,515.2389206624218
7.059087905353644,42.50610616642281,0.8705358604158657,712.0630239489997
29.568326932933193,39.600924165322056,0.7596491349623447,78.75559255300442
30.21857685151177,29.21641019665954,0.7033054828227532,721.1559360566009
21.010352941352156,17.45314756687133,0.7949662056232416,568.1423157142057
1.2339624007106367,54.22668174371431,0.9407145377938136,399.87639760129923
11.315740759712142,46.79575603369543,0.9360352201861499,603.169495322665
29.19925417298244,56.345256541170066,0.9467218572093302,359.0562895877586
0.0,56.73362107396225,0.7453307560479865,320.45540834025275
38.382139304511924,27.26130043163642,0.9321079096842926,488.6279022053849
25.872546860463366,31.76455620938535,0.8951427980250803,106.62070987942894
14.726721341923527,6.584273062547076,0.93095677128615,268.28859341819225
0.0,12.984177850079604,0.7383976169544352,557.9752445373359
36.6488583479046,11.6085692593027,0.7653504980141752,609.8965836291367
23.88755996160344,43.720175882668805,0.7440961155187081,525.9455264923423
12.925113206683374,57.89441988402651,0.8917893528823531,750.5955834214741
27.863504249067947,21.977509674655433,0.8232795419659428,843.743146581069
22.793732583500546,42.31460420573849,0.766476009922826,883.7567654566244
0.0,35.34305861736623,0.8421601723661805,148.8351915001601
39.26353920986676,32.595603954907965,0.7880782679968265,691.5146361674589
22.81123938965339,9.513395513019573,0.7988002427186839,71.86849014656993
30.207388329661086,47.96910729413685,0.9456015390665731,757.2926322153058
5.7798541056330786,13.33244302194196,0.7388639914798907,472.48154989273536
12.987561977180308,45.55576121841844,0.8640671197673325,217.7568616972954
0.0,6.656462538153665,0.9146427801152048,311.99623528224623
2.9741584552926965,40.17130242333628,0.8297364391173347,237.02316645425947
38.188685016204396,46.86703801182511,0.8567266268379871,246.00383745734166
8.161079523719451,28.491028190957245,0.8431776092517533,558.7277256704972
38.749731239779905,35.97188865110478,0.8408627167568472,865.5277568769052
30.468232145939826,40.10207322921606,0.7653400250028666,555.9700390051087
12.211699153446643,49.42771782333547,0.7206444607933177,191.62466905548075
8.6007256424297,15.450188792307449,0.8874230753334014,990.3310317942377
13.723219156283964,55.11208050101514,0.8922921870112818,876.2235031491318
37.69919151481003,17.943640267462715,0.9229138575138712,88.71468526845263
21.621404266966806,30.412256016014112,0.9100736538752336,173.71964101711575
0.6953468903795634,28.04109243831615,0.921383087658547,334.30743533709585
26.828417471449136,10.146988193664946,0.7646273661767528,594.9677678435786
14.08874141715484,20.580553535481403,0.9080127813896982,848.029284674465
7.930674893845539,42.98532812330035,0.9016636522495411,706.4747938012115
9.034118810619484,23.28187770319521,0.9229675036516573,887.9959797206416
3.5966494179895205,35.061542504874026,0.74826045862384,564.682812627324
30.70768534970989,41.97886416362997,0.9090482985394938,389.41744247594494
17.179975818041683,33.439794526710216,0.7551885571418587,611.9752161533745
2.012634917564827,13.981751947709476,0.91685936714832,647.5890732606588
27.41917197864527,56.583530728447656,0.7232822823591851,93.71561395441941
15.591000803142032,23.357239385666457,0.9481555023523783,889.0090472730736
35.15900718770012,51.922009057922644,0.8677704374572953,231.33212817074298
2.9832932230817337,56.481961383938845,0.8865336907105908,420.1612739233344
5.013674120388546,16.362357937747102,0.7105069131053804,122.86137266317749
30.109456778546015,9.763590693534972,0.925391360477086,385.3297804828671
37.29684785843117,48.23554789200546,0.8199242325267375,723.2798429479873
1.2413638581240387,43.35968750542881,0.705217485720025,733.0125042561884
8.127407317169626,15.978271517051029,0.7090185080733786,560.7668153985069
9.568112583184007,23.576288377682374,0.8836269393598853,106.4406089476364
20.211890972210135,39.01443048117281,0.7028769293674191,758.8775493879162
21.413405697459506,39.0152186572235,0.8687119438828426,273.84685394125523
30.631517808470072,41.90732217928057,0.784316992733723,481.961183002818
26.938951431742304,26.823380645659064,0.7309757277302241,292.66448910106914
0.0,56.33350256588081,0.7998936554474609,748.6465251951058
0.4506447577515044,49.61825941999487,0.8961642994077678,456.26311684901845
28.90744397216376,47.59536478892117,0.8599528394148337,753.9077980727698
22.437124655637685,34.577054984130484,0.9494635380131079,342.66982209335515
23.46812428388472,20.931782185357182,0.8535291934373723,327.81638415919195
27.780185607481023,5.400312659424953,0.8723642101613301,790.1434275468044
32.423864789922675,12.15929700455418,0.9187397942491531,605.5443310771846
24.613229084937423,49.99050891156649,0.8910442550749466,943.9773686025542
8.364782143371311,45.47187623460776,0.8519283639428528,117.7012618280348
25.28944494619953,5.951233302561613,0.8339040849313146,683.0336953403632
39.255266743412164,41.1715416898438,0.8001560680764038,729.8956171178655
8.943850823570278,42.45461035852655,0.802740558244715,438.75212142072746
8.732638880891868,44.757195211707625,0.8620207451698267,621.0862565440705
18.395529891718773,29.744386134801115,0.942162228552526,63.95431030993645
6.95094813235278,39.63587126065098,0.8824966734441172,367.91301310444476
36.25194928480709,49.53192311965103,0.8584943012187936,707.4112123627941
38.97476688523365,8.9806788328382,0.8973193199257228,773.2833848193345
16.568538890253976,33.51367877218957,0.857192165800331,273.7578454953356
22.428370864689903,50.24852167670882,0.8588985057492821,871.3355108703499
11.49969036268969,11.516497718101833,0.9041988017320468,165.4081368207682
10.803031893155133,13.991775618179187,0.8624581147604851,361.64405847250816
0.0,44.9192378845273,0.8076898028351025,986.9452605689868
1.3111851864767292,46.70985770570931,0.8327391666181797,998.5007321293403
17.60037729456169,44.485239916080566,0.7183406262840596,852.173533494555
4.308190813483575,52.036796472544566,0.7963304959846365,363.6780630382415
19.103634907490935,58.45615925735152,0.9213970554934504,52.73694903036862
9.35799374273059,45.41106304400889,0.8641668492783416,182.34714428313256
38.45473541051779,23.383812189634483,0.8658645803259342,580.3280836710582
25.83428445237704,30.164746937534254,0.792847661791733,92.64467543040311
16.128451821686237,49.542938233807114,0.7092746353924875,493.59867930602934
13.726843783103886,28.297476616664657,0.8051871646247204,362.52206486532856
29.731969631981954,33.07249527707522,0.9002764199558679,528.0860746940261
30.16867277171049,5.857001925793569,0.795312344682142,758.7846447101481
4.945367584164217,42.81790960013584,0.8563331098667731,854.5501457854263
36.92779442200651,10.517674391096925,0.7342550019561347,815.1568221970388
35.97851411777956,22.486759854654895,0.947653975332384,833.9765080511917
12.708576431024463,55.456209093686624,0.849930536806799,70.7961275892404
27.899827070535792,53.72621224034506,0.8779140532209122,663.6801570120917
37.96207801246108,59.43403213837946,0.7593042938106518,528.5749030798022
26.0672633329856,52.57550012902733,0.7581013997887007,531.0351147202656
25.308925375095313,21.753858039107755,0.941785036522083,547.696131582123
5.845325117525137,32.04772339985318,0.7316863774302284,223.99753976084605
0.3946085727010054,10.08068835651717,0.8578086724796921,477.79663486512027
0.18196345783522325,12.593441537696535,0.7102759912866804,91.05207635162081
0.0,23.70615375458817,0.9145259601740741,331.4579256220186
37.94510886761543,6.262235223328143,0.9247996694486834,100.54258100739685
0.9576103586413447,21.13134547632299,0.7720178584187648,663.5065416912632
35.42113895428704,14.804322728538198,0.729680422393904,384.6938955615973
31.89951275713673,24.61964864529522,0.8765870506946408,302.6979417841425
37.68105807212269,43.395613721343516,0.9176716661810136,273.0175644353936
20.455920440371187,6.890496274276839,0.735966272450552,691.129283794899
11.131402987283318,54.695262863373905,0.7095286587259875,443.29070074770084
11.98706480906371,30.42193908792707,0.7150384308540924,885.5299551430508
33.744447143224065,11.392000210736686,0.7191140702343064,266.7576191782561
12.097178102952734,9.13968467625828,0.720350645724335,695.5795394261414
13.058880138357479,10.93976020307155,0.8402653536370641,443.429681231631
26.55772698074982,6.540772696672199,0.8880733645230678,883.7780916852035
19.5863147153677,46.283899100492995,0.9490616954765202,679.1789465314539
3.073266487438717,18.966662580460163,0.9422159817781379,765.1261574401645
38.450059715920666,54.08686240584781,0.7373651695619008,846.1877771926718
24.654413288331266,29.475058622457382,0.823205937322738,968.1549084169841
4.916427424620174,48.353457305500264,0.8007269337064175,659.0655053417258
1.6257645354503725,51.29647063791821,0.8632684962854121,572.5416414403848
0.0,20.246086050906268,0.7610354105470579,990.0475485131274
22.925551064330893,45.41941870095587,0.8217136017231017,997.1441263513735
14.282509008992156,46.51510043740625,0.9034845438388173,836.5152745055899
34.32032928778525,56.31562782579609,0.8802570041116214,537.0305946688613
2.9165047278455356,49.14792087523246,0.7107228098768759,226.87965100939942
33.77846731464783,47.52166248312567,0.9009677485440395,453.7896664256001
28.312830046681075,44.01677025375935,0.7345952484261985,765.8340195384822
8.313394355834864,59.17527819442276,0.896541719484856,427.89723265901523
6.325225560057697,52.74690237305184,0.8684879443958188,760.2890280394732
0.0,35.03461504740769,0.764758349008772,720.8585816975211
11.38195345434183,10.34496044234791,0.706544665238876,198.5886592094658
16.89020318366317,43.96698174153269,0.7144862432395227,326.7803066701336
11.409753924010719,39.79057777994594,0.8854202299774987,426.9079767985189
10.279363049114158,16.247938608052642,0.8563929020614022,249.83449514288012
28.85029345106536,40.91338411584652,0.8605873999957296,505.91005078901463
39.4553481704569,38.29785959627897,0.9488202764711807,295.1458567717614
39.62963555340402,54.13181108507292,0.7016029788657643,713.5802206231242
4.572310633277897,6.074957798521775,0.7802816859578103,557.1402832346306
26.622325323880982,29.289569326261088,0.765934223261215,360.64957824245704
33.44487790616739,8.246720581382398,0.7104013912737736,828.1501961179874
33.590006807554644,56.3875490747089,0.7209702307410084,496.759814696146
4.229953369342582,52.79041141083652,0.7250375315736381,812.4850400927303
0.0,21.583350378716737,0.8013414279080907,867.9960580065972
0.0,17.65997359045474,0.770811091280324,899.5151594021121
32.36527190585398,36.965612036692505,0.8008378827727217,983.7310858289562
13.144680403231154,45.373131323707554,0.9101729778709884,220.704095607314
39.800503649835356,34.40510255390588,0.7459900427464276,754.9733303920967
14.660759799465152,32.72941625291063,0.9450916285022747,201.10666040756024
10.527212871935198,20.58630940433827,0.9439319092944756,441.28818114014905
28.722693502108196,34.85882169919534,0.8496529843374792,684.0088063334075
15.67247517417301,27.814061430826957,0.7537590097893712,776.0924809354243
28.551129672039423,16.337889346498418,0.8755494953585428,994.2696793696372
6.936377834172327,41.39805477008084,0.8014742354681642,285.3337951560476
35.718737035262265,40.02514379733994,0.815515759745683,388.7106970041201
9.656356426274403,29.128526353051896,0.7239809936678824,931.2218797152411
13.119575390518666,8.046343299450456,0.8828780465568897,327.93298807022563
0.0,49.881590131638504,0.9150294044411024,256.8164023008866
3.5504807483108034,35.94095510203177,0.8106323339984289,984.8189888460444
29.049014935054768,35.536397522697385,0.9245215923777191,67.1370962826995
7.201415204572889,27.20719710424389,0.9382250125312348,911.3717601522095
0.3030932051913082,55.840897707903224,0.7274289037034743,892.7621825051546
5.08916375576343,14.725393174537292,0.9236872144234614,326.23173936692837
35.29753573684568,53.23600254180353,0.9210230906656363,772.7127966234467
34.28739710081444,51.7494485509372,0.8764152836670304,728.5658153354652
31.81105291270756,14.439158416180115,0.8657016922922933,580.2551643648753
25.857979429226084,45.937307592394994,0.7329857027551656,93.11628955209909
35.25856671528666,29.744108559867286,0.7930090284742998,270.4072139558335
38.529791721976956,21.62929308451344,0.7046150877779354,808.4481484194315
3.682518130024518,58.275060072681555,0.8015797248236516,244.99303505890228
39.60320325128353,57.067050790242206,0.8022665074723658,517.5852862049679
0.0,26.683662774451836,0.7745169540184249,619.6699951337584
12.50849918236174,26.55834984781489,0.881056591044399,995.1805471199958
11.657205955301079,21.223109886995527,0.8675975813589709,633.8525248194577
21.480379803328738,51.70128338369357,0.9392836766947563,335.36931225711305
3.1355041655829274,32.91432598415635,0.839662363230826,758.4842124679267
19.875780965179068,32.92888688693542,0.8696520417437866,289.6182853029554
25.01348989689608,7.941223200756972,0.8928790525091432,611.7564137318038
15.936618107491531,47.513294114934226,0.7983149415943329,644.3935632491092
27.30536029931093,28.11962829666187,0.767949267950835,736.9499521552025
18.012574029472667,7.182805765011818,0.7079722744335709,870.7725899530217
39.52809195881088,40.77866464911454,0.7869670230778861,861.5473263690724
25.274375811181088,53.776908112020735,0.8330091638422599,862.3294299485158
4.399695405480004,37.09763885185322,0.8867149483728114,432.56921857460526
0.0,26.338307125069296,0.7132060905145448,182.59238487007028
9.560507176031109,41.8673221408282,0.7839582924182343,315.5895803597307
25.133458690316573,41.39395059232098,0.8742347678055524,146.8404359115833
19.08449063569998,17.227540766505935,0.8998563058348752,405.2984975868231
9.326949808507099,11.020467255746196,0.8177732064197673,292.80431050563465
0.0,11.93426349849657,0.8044180408705832,512.3348811204654
4.567438149019673,41.1741199618253,0.8157579730361681,676.154178262684
0.0,15.116586389179995,0.7304368543590869,430.91632292808663
24.7745499674457,10.653249297416549,0.9004073551678284,959.1411965942149
12.033723008629002,6.095636809469705,0.9342589537831203,674.5253320069633
30.204451215909824,32.95483152730052,0.8526806791616008,822.8288068693539
0.0,48.86543842289983,0.9427447938753195,773.1215156840873
32.35333360979364,16.300765449975433,0.7722224919990053,723.8698218359904
37.68679074692341,20.257988162992817,0.7549557280651754,986.8593807182571
18.025021957295493,38.62389175230251,0.9051425552562512,885.6750983715676
12.934000296236885,21.421820199123605,0.8007893399784932,438.9870814916288
7.935223800902796,30.13877758738866,0.8050483305842842,514.4890997212171
3.1171034044166226,20.38245003301561,0.7707667794837918,948.6700814846737
26.82688071370629,30.455722525409605,0.7214077316732503,950.1849342781668
32.28793055761847,37.302736981052405,0.8182241463233739,444.6254289433049
28.95800604846394,22.085607359024372,0.8554701070872107,969.9129832311236
20.149316546381968,15.255415047425073,0.9481706076962815,518.6434575965984
20.670919100784037,59.451572855379375,0.9033978977052484,929.9833800488007
22.597872777490142,9.48140661071226,0.8254299697236203,189.44461901369064
6.75308003084376,48.95940211165399,0.8431505902014476,327.9170274595061
36.43238356564557,41.908233691576314,0.9118712480486784,299.4389363784801
0.0,25.25495389980505,0.9468305713304046,241.0855365351078
16.58816770558206,11.987244108473321,0.8091291704509341,426.2727251058698
13.3201968992269,53.94756256630228,0.7212491568961443,573.2600522005697
35.140445907968854,39.30986384351796,0.7466525735354359,166.70530034836509
32.725412670962584,35.132107647082925,0.820663628117201,61.926247405359156
32.35157142348081,44.564618569581164,0.7664928600651649,72.05685985601235
17.736424679356137,32.44819881457011,0.9211979580785563,531.9242097765434
2.0863386885659807,21.19245840063619,0.7407180489939938,47.52594913445975
30.338013143769924,17.16815797174893,0.852673451249695,786.1038104127922
12.67884604897293,57.71092988043066,0.8737119455716305,883.9418517156205
26.921146762826652,36.238969802010786,0.7828493525659302,765.3671435150807
9.06479453964386,18.622698492298152,0.7277810724668899,725.5581636896968
10.913694826876307,11.642811108261883,0.9182015179188904,855.7314266337884
0.0,28.708577775449236,0.7167244252394389,718.8323178579006
7.648637206735173,5.533481786276667,0.7185485632893923,965.12520061022
39.330339593937246,42.924761080165446,0.8958802316051135,781.7651264720729
36.84817834630802,58.465058452919294,0.7120448486783625,649.6047167675038
12.032752908973249,12.231377894034535,0.8788482735396005,449.05604155709574
39.90298536567608,32.80979022147887,0.717088746483877,465.40942932359576
25.048851726455112,18.9200618615316,0.7179110521828795,826.8661659540561
21.68215913270021,59.818872205019495,0.8300271469296148,690.8669467176612
0.16866586441029832,49.3651153781539,0.737820054567973,313.870382037852
15.778833861314842,46.804558724703355,0.8532279773535717,439.6272791737875
12.14686570030785,30.160934215118118,0.7743153345223793,298.2827461301469
25.287211427667188,38.129283888556564,0.8298986738939783,361.25139263755875
35.61585433276287,16.79379021634798,0.8583379021881449,715.2135725162657
7.972986362515114,55.12637311346189,0.860254044946587,165.0894621109185
8.77938986489819,9.196281054766258,0.9419171082264359,685.9103409060419
39.36167639922529,35.2765074672877,0.8287148992920848,241.31754251140876
2.5091746355861315,44.080849549429466,0.7287609032153689,909.2227720883584
15.698901674220135,55.08134563066307,0.9433552634689574,707.0220099143456
35.8188199175047,15.615574801292997,0.9125755912158703,326.8909729249676
8.89378976953694,30.47221814306621,0.8698835683394226,119.75804017119287
0.0,32.548927433774786,0.8436584290225344,622.6116009679882
25.267685942281503,58.92334054244627,0.794111455216474,308.75472150723743
10.872235057386836,34.48028283521007,0.7087354391736834,621.8162563498972
0.0,51.35257693921277,0.804126240420659,268.30545150290953
39.1326370901115,47.16532311309236,0.8283112007510594,159.25134962077155
29.19408759935522,39.678129860700395,0.8102729513293826,44.97327739176768
12.21215009012673,18.21952391881575,0.8716086265745107,966.5508221341552
30.17363098073776,41.556159210225395,0.734363277523484,577.4874208645549
22.290927315908657,29.60156083450757,0.949541058903254,972.8068313497374
21.758448904215854,10.657375503606959,0.7224073644528455,512.3555785718809
0.0,41.59765266055236,0.7757331513799044,875.728719982651
13.04569408808431,12.334014275664689,0.752154520431261,294.80157780719924
25.978743546910163,24.036121846881308,0.8705562594352981,511.0490606249208
31.438528772342533,12.335064742239567,0.7346033358659465,179.2488992221101
6.231272174884581,29.090701961918395,0.8966682726084676,519.1029468348645
2.3943953391811137,5.217199509286981,0.8646722316000632,304.09256704511824
18.32761803250996,42.66248133469056,0.9387445009635248,242.6851636454094
18.122724725583364,6.3126076643305815,0.8782805571036891,731.1446419438253
12.194950508401295,40.18704416247631,0.9259591303365639,978.1239663331447
32.94955747152813,9.331744808989276,0.8965785010247429,430.44866977501215
0.0,26.078266960287998,0.8083598908254039,183.7200534422796
9.240484317498503,33.350496299155836,0.9112841265824234,514.6432960606521
17.721801894578448,58.39908503472311,0.8184107658581656,774.1800350987094
12.579751451119211,31.70850330207201,0.9334040368204604,370.2633664022634
25.75233328173538,34.76507925160255,0.7700665479896835,522.2072679498627
27.23649426347611,27.81810182697704,0.7174915274624463,626.9829059577352
19.26457586074535,17.02404525661307,0.7663456806254862,551.5511957998758
6.216719473446497,30.60437425342813,0.7025789684044114,663.3454350785827
0.8536194829530575,20.320793299893218,0.7237440870234565,211.76216625995536
2.8052513595534974,47.63416927233837,0.9042009374386779,228.55226050473317
28.181414494937144,51.19550608536698,0.7516338978504856,172.05856475283827
35.07181076135885,50.61378006365342,0.7024238831962174,668.2189570338744
22.64087561280131,32.65643909240946,0.8587111177022367,880.154869599946
0.7789171871354713,44.66755775909957,0.7656573564633568,774.9854035290457
37.475292322794324,57.8223137956996,0.8380174712261751,455.42427845510247
22.342192807501537,46.08232061329742,0.8142060814932299,435.30836850252535
23.18447228964439,52.35023148680118,0.8105479789493671,893.8347329556477
10.635237279490191,58.78535529683688,0.7854912342295287,766.3680913690483
32.17715820042301,52.67211520372997,0.8426155050364909,481.5363005795706
0.0,27.01716133159495,0.8494442156051726,649.0351910463183
31.248315534637275,47.78636860816161,0.7731345883334086,453.12981076725174
35.05595800576128,10.673666540376791,0.8744829652655983,239.3516033481447
13.07812926762193,42.30974308902518,0.9094639898665972,931.8218489569526
0.0,54.91192311563664,0.8511557444712751,446.06147949439475
16.93139850987682,18.60266770241859,0.9286006996342916,758.0962346195821
27.43873314190108,21.3302232862781,0.9162041167721637,963.1260859783828
13.089525854571992,27.048066232182638,0.7438201842623267,985.333935321212
14.568555255385336,47.26109596281471,0.8775573917805108,713.5664503213516
4.939091494160899,41.633454329384605,0.8151992248567123,430.24812785930663
1.1704828799204625,43.10101433002173,0.7533921565606113,913.2782978694389
11.733003138400095,27.30624906557707,0.8585822173916628,288.4601581024068
12.266294510979911,53.079122686440535,0.8289941897306496,584.0018270568833
31.999581407206314,30.911972886889227,0.8132513507247634,877.0318748087693
0.0,36.86224813059124,0.7805382048524907,227.88306245701102
0.0,28.293388402482034,0.8104459131816439,682.1010706417021
12.553840214549838,54.710064404763685,0.9075567659093645,280.124733194735
24.732431923330005,32.72057443604513,0.8751400564357504,200.66222819260358
17.17528705295606,56.138971735161704,0.7209972131082132,979.3272883905915
31.89115673359167,14.077500064482154,0.7972654472366923,647.3338432604673
27.389562415297558,14.683889255530989,0.8591015813083316,269.09280269466757
19.399923488301532,5.27327427494534,0.8641689445581644,192.13919079865752
19.29673304686525,8.209309293983424,0.8646492869618164,251.37926671330524
38.18869190207847,8.13377637375905,0.9368057955007534,439.4715387324304
0.0,14.407460107104209,0.7523051086574253,602.622515520969
10.056795891536613,30.48335539835218,0.8503072345467005,826.8494460408973
36.41710238919303,10.391209426492237,0.7133372590370217,151.92744622600927
4.296049140404866,25.348132598838017,0.7237769559036982,102.45366568835543
31.912490668802903,47.59434902607944,0.7012179000531054,620.4938592579074
12.969557246115537,52.236750476308664,0.9046458170921395,378.2428965244387
10.249675443065406,32.04027837334906,0.8825379420481004,90.0079109617576
1.6449011260943887,43.51365212496668,0.701627416079614,771.0981560465051
39.64087293304272,42.342713598940946,0.7410924840497882,65.55774248610099
19.55727471541365,12.50127627735219,0.7472313468588178,353.64439591195855
28.833122028441935,27.954789119037937,0.9184230314759366,292.7747725756916
0.0,5.1981753885552076,0.7941370763355367,879.276032312851
11.965264868623622,33.9427848204437,0.7760365015442799,134.9119508024685
7.265001451872608,57.10255790573165,0.853348172326587,410.5592518400869
13.818104650750978,58.000408422135735,0.8886767565763363,301.5466296915857
38.35738148575565,19.42728026125407,0.7855698948263022,371.55909722038007
5.854801169345246,10.464940997281106,0.7501268629797565,816.9796548254136
25.882311808353947,15.998863188762572,0.8316254222795028,520.6261170712829
34.03918964626539,15.295027906962236,0.8308212991646458,605.5358762908459
10.198338541023272,15.370110878645423,0.9126882359058517,905.4644982390076
7.181285458684776,38.545255404931694,0.805444879991619,866.2844538627194
28.976588204418555,22.643525332168416,0.9496706552957463,92.9178837642089
39.946838683707135,59.538879893080846,0.8394800401194034,369.24629136100947
12.105204148886742,20.615257399406648,0.8507355668245549,262.30127443042477
9.452318520281255,56.65540445620252,0.723951810412696,516.9822533797004
38.96068228427146,30.184654189404554,0.7614535307641053,199.69594714957313
2.7791808446719815,42.02257326480549,0.8889828380360474,863.6158817198387
0.0,50.336497682475574,0.8289083947915736,71.86937226528038
16.88857826766445,45.90806620239561,0.9168810236535919,755.164022427629
20.585157236033034,33.138139185370214,0.9011557836482824,635.0176823825175
31.391885865466445,53.3493831810152,0.7900483085314924,709.970460452681
28.076718726399758,57.16850947563984,0.7044300178985707,415.39069216549234
29.843823780280072,39.98516560368471,0.9105010296170843,584.8722122702978
21.854201710343705,14.610999684030634,0.9007138491423077,850.8272757269553
35.93730561765961,21.58135754417632,0.7361649648603146,620.3096884803228
7.506582389818988,44.37309183194129,0.8367787343029318,814.6644482365609
12.020707460096723,27.251317251640888,0.8156086009875899,334.3551152866202
16.203483225956063,53.473990592187576,0.8610900961391768,107.66986067041319
35.41175718386932,58.900229387265455,0.8991441746109299,945.0811043423913
1.910269048671301,56.12812665701165,0.7997427628351301,237.63808402377884
14.157564715596642,59.21769925852535,0.9394249529792269,658.6283526985993
0.0,54.55676568284937,0.848404278079446,932.2606726195314
0.0,27.719193420713886,0.8050356555453528,478.50090899247544
32.05972830027957,29.07838100350364,0.7118961519579755,392.29531635169036
26.60170114388467,15.87036863120302,0.7048584919009084,818.5217447390717
9.415447556165468,22.178459682853806,0.8763980223158647,574.7577711276085
14.095640352420693,53.99654344456402,0.7732085893291094,326.2315804828937
6.865142324719443,6.039740677512161,0.9337428417844487,330.22442676258913
34.73740490142139,28.610536792266217,0.9472126771169902,388.49629580218857
32.01200570256897,59.15310986780341,0.9095170026898223,623.3116430912696
35.326161840756775,52.9495731542074,0.8700645954406423,945.5483421779359
9.25877755350555,41.58745473651175,0.725442340141001,418.87786747353806
10.806129517675087,14.565569474125454,0.7237195348756011,332.7385324569645
8.224543924168241,40.590495782986316,0.8883875357864244,378.38673906835777
11.303493686234882,27.946333268832912,0.7614883829533103,880.4826242548518
4.646356887194269,16.25444887482757,0.7781220108395256,698.206081461398
8.730084146879179,36.64939069544363,0.8244775911970619,388.5542983917062
2.9056687137064223,25.76683244019139,0.8562936699086625,147.00708059593848
24.991448801789524,22.814677548517793,0.8928491297564392,819.727947478463
30.060346352569084,44.94865077003878,0.7279504390232322,70.43672627408799
22.425911333596503,26.360027139966725,0.7757553207910969,222.39107674713895
26.625658597327813,13.848718303749267,0.802734429795,768.85715413698
33.5833349885217,43.35309985983434,0.7251897440312676,239.62839545128136
21.598427592043443,12.31992324759948,0.7008470257881865,523.6532121193212
25.29032077602873,22.246420127447195,0.7777427176223393,323.81908439106303
16.566781420260853,39.6999539930725,0.782359099956387,301.7779212084762
19.507909169846027,13.101642813116793,0.7204239016096796,183.85171439552533
29.688386484623827,31.83455883908778,0.7955706419248478,374.39467428727033
6.465308512758839,22.721109713390586,0.7915609771176977,760.5818128599002
29.857122578158105,13.020373095100439,0.7221138465248417,762.7105266145296
1.0117222473579857,13.81556582830268,0.7353107853187404,819.6086411327757
11.963233532388365,58.658449481579765,0.8367719592855892,479.08568413571004
0.0,45.67210170850954,0.7041866315041325,735.8064420710259
19.437170500385246,36.57270960856446,0.8134177754180377,946.6696341412515
14.029784541618168,34.432222145742756,0.8758404060893714,238.8292727101404
36.37032498196343,25.398508584253086,0.9200825184219885,849.9573295525759
9.696227105977767,33.082277487814856,0.7572618893380592,952.9375404626222
16.77542510618353,12.065893723638666,0.7726527218134861,228.69357253035344
3.074930399868975,59.368296916272605,0.7456659025506875,600.2050521378329
24.188694572790766,5.455829956205968,0.869702458666201,265.6885118054531
19.438407606249346,32.55493640377304,0.8330981172099156,277.0409639455054
24.908900365951002,24.670377126996833,0.9257907430200317,496.96336900252965
0.0,49.33701455182673,0.7908236357438128,482.2347448939443
11.984149980874436,12.299679709409709,0.8402086339390038,429.2787987812451
0.0,7.9805362557657835,0.792923380171158,151.53655354918482
21.446712234380833,50.47995453370696,0.9215626422925355,905.8216915846257
1.1747386930554307,59.46937031775416,0.8213109601174684,347.895443122434
27.03791177010271,37.66475049881786,0.8679236505369522,938.4036678163687
19.097319334774458,19.36031489927025,0.7173047980872022,664.4036482225608
36.028849048050695,48.671030983651235,0.9296155510338877,995.6493793430333
5.381549817536241,22.55306060511008,0.9475233369493012,260.3065296223868
1.3051448775775034,10.213469957603985,0.8307686662921085,47.69308269163936
36.57366075649745,22.8077202160103,0.8270055666360252,209.59096797824526
28.796250769290896,46.35746789889004,0.8167060093099545,555.4800371547175
33.92524203912728,41.302052778738876,0.9065949879600165,664.9175238106686
27.01705128878845,22.233336387969043,0.8826544114813619,167.88942899408772
33.65327842016062,37.53789804447188,0.738306176756168,254.64149191772015
19.980169420708165,26.23787839425052,0.8996718938835231,665.0133848323114
7.356486377362867,57.53643861944568,0.7149292902807477,655.2295651194505
0.0,10.185746593053475,0.7670278945597113,553.4077076625546
38.9349502032538,37.99692487287976,0.784858969333155,513.0939943043543
32.4178621485271,37.98118148297345,0.7406153675822862,265.70842631209905
21.10807262154331,22.486011956027248,0.7709438111819266,897.8767974262358
2.788361123163209,5.859646822311051,0.7032316402067236,300.54290813047675
0.0,47.66653122343297,0.8913040740752951,395.93260423484287
28.590471163346304,17.604847544862974,0.9156728676839705,474.0814608503266
0.0,19.902882615398994,0.7644463053130877,417.8330369683737
12.309006241260162,9.994082155040095,0.8930052843972108,503.90425620073665
28.847066581159403,34.078582970316646,0.7133001501348861,723.6517145241828
25.646086700094013,8.102154187469345,0.8454515217321583,753.8527160026074
33.47327853923283,20.587836845963135,0.9412823300668736,824.3706989786552
13.988515566088854,11.003344239206044,0.7635362817587629,838.3632577675801
31.304607474714505,36.71224602295215,0.8570422995784229,428.10189047085805
29.672467960875373,38.67868297436481,0.9299536323124789,167.82869124555756
16.796423668477004,22.769325105791218,0.8626725596516829,395.6382715809081
0.0,15.763131616053531,0.7011640220217206,896.9509519417594
28.287923789398665,34.97196013170445,0.8545684743450469,221.52829911780145
19.350995187796457,11.677067895315691,0.7017254133784238,819.3775866631931
0.0,21.911543136672552,0.9094589564598285,309.5143362145848
9.05489556197673,23.257677219913315,0.8941312900692792,803.6201769479143
20.155334677939447,46.30607811627188,0.9304270288849931,737.7218073548578
8.98542681748398,12.824645934251755,0.9428610182128658,482.47147674916835
31.870495235119673,58.61193748192712,0.7250017484926458,655.9064119261357
33.326468704076575,42.27120057197016,0.7179116252160427,319.56732581765857
10.325501820856543,56.12820831594247,0.7670019659337045,804.838960737991
31.60607442335163,50.78863410587637,0.9148432897892194,172.94466099913825
26.083179352512385,55.15382720377552,0.9214713554165379,469.935814976164
30.98081681062807,11.682358312682187,0.7560014169555729,326.0300824351706
0.0,38.60780573436112,0.7936647944917441,694.5044221548122
2.9885391866597377,45.00032160408925,0.7605046131522634,77.84568112245663
35.31866083713756,48.26534072307427,0.8358194917557631,490.8157750977873
3.5145552907037256,26.62580575061408,0.7914434425395735,60.20376207736373
28.715951746426946,14.751101641346033,0.9343678062304115,372.8369060692735
1.642215638657635,6.6295698975278174,0.7894575428335471,916.7613253189176
2.075061136204226,6.045760111110759,0.7648883439864158,907.8450180640311
11.322457762360273,50.04436710266339,0.7920937625545419,988.6370989332376
3.556026876613648,9.981636361391734,0.8217032820024877,239.47904086592473
0.9765528820364615,12.498479821168601,0.9428855894929915,806.6718766788002
11.144865886365347,32.36113444039141,0.9224667083558694,891.676586574344
20.54401283348408,44.96566311300832,0.9238291129303159,200.0777739016367
31.866434930722356,30.415100654760646,0.7605358633537455,690.3830153489572
38.586936066996515,9.028653316995582,0.7524246403686274,253.0383581971981
26.82267605286317,22.951431601394,0.9099110061035933,931.0077648594606
16.14361180544722,52.949973836748164,0.9051546511147865,716.0561944008019
14.80996168104129,18.60781707618306,0.9441740188975927,960.5265995877063
0.0,11.658910005769002,0.8060450603209115,302.93999587070414
35.84502496615801,17.727097920953323,0.8307083647657305,946.2785477000233
33.713295612088714,37.611682933089256,0.789762060823028,948.3458579097306
19.75229308172096,29.774486981922788,0.7649760874589723,819.6279640919934
3.4264550768214215,28.256408966045036,0.9278926830999195,531.0887451022592
35.12355062878368,30.09203310447464,0.91317376339374,680.6605176177716
14.25068424743835,42.26233963602517,0.7821994214081894,815.9931067156854
9.273688871397383,38.196393372929435,0.7817246083331375,933.3266806182173
38.24777331482247,12.524694010636066,0.8302784505249488,988.4748671095878
33.38864343624,16.20057850631391,0.9062776507508868,797.3177337031068
19.13943868200529,58.99897297715158,0.8663032363803599,655.7373469821541
34.60737110818645,20.782662610932306,0.919994374397189,327.8501758141451
9.099632141984516,56.75453341607073,0.7722427047453386,428.8804734542622
30.92000454657292,27.466869772421315,0.9026317099622947,991.5668606854704
1.0491872099771802,35.46352364340976,0.9068915598395565,255.54833069373734
24.601233049790828,34.786299906062744,0.7397755347738081,379.7697457536537
19.019620758164027,7.740891240415379,0.9068949034007496,575.2688833669799
7.978489779265438,52.64839879783219,0.7557763055504392,825.3552545412899
9.19006977848094,50.25452095275148,0.8203033789639841,663.2931172306178
27.923936990201536,47.84967560758688,0.8824872496204322,105.61408141170709
18.84807270094986,15.844192111750083,0.8408115242621188,361.4970734506648
17.170234809849582,28.161893677045192,0.9090123055138528,212.36377568845495
11.866040183126085,5.4737381302585995,0.7455790974090545,603.1493321551528
5.466721845456605,32.052359088593356,0.7226151496747842,990.8948508295201
29.100344114891506,54.29069486890407,0.8009724804752651,585.7673988379282
31.968456973721594,30.210896505607398,0.712758108432006,249.34950124792329
2.3700740141914274,51.1644537274835,0.9028132345101272,783.5805497459792
15.862834487373854,36.561683191260116,0.7734095035102689,461.4863434719358
26.72149020409227,58.46119830636133,0.8761958458098649,283.6768823801297
9.570191960637024,8.866124550744528,0.94612138352058,272.8587812561934
36.161684406857646,11.103940688418682,0.9092559741903848,855.4902487757354
0.0,34.3734337090184,0.7308540204456265,665.4310020991194
16.391910106620085,59.63698185335948,0.841091291054853,744.132643894236
4.411648192792231,41.4543382121525,0.7706860996492375,750.4501581244773
0.0,14.041868887012965,0.788007263491292,72.11016069406884
17.526527791089716,34.9695415371787,0.885711189547819,442.42833714978957
39.080047790869344,58.81898387652634,0.9285019285152882,142.18098595043944
1.1224245349075326,53.58591193694063,0.7987933750049121,866.004594606501
23.95535657634485,26.637927624745306,0.7153309492750031,682.9123231917994
15.953428183880286,31.68053133393672,0.7080429205975628,276.2765036236019
15.082933773474938,17.684804034178168,0.773881021403777,197.95281513666833
38.33912968957029,41.987922568011264,0.7551820882598193,130.95563249816257
5.861088671910968,17.245627917870287,0.9064961381677514,364.38808811050535
30.500507707612996,20.808239630847968,0.7690674511478702,791.7333951605895
0.0,9.328101799595732,0.9343342388192832,106.01791448336681
38.07195561110224,28.261330977198796,0.9433911252096553,781.0051363648384
34.65053300949372,11.049653858885769,0.8074903674119139,377.7610064587718
16.099138001532896,57.53383336939506,0.9230503412627953,742.1584062984641
0.0,42.574976314665214,0.7277368226718649,350.2580056518484
14.135162953579984,23.192497515084824,0.9490813860824244,939.6390137917915
4.531384434826451,15.695155730772946,0.9293472192423913,535.7526487878544
16.132283920077796,58.1937117659775,0.9253017672424042,77.66152318109995
13.100113461468643,33.29996959693584,0.7947239103277455,128.06576705783456
16.890716009150193,36.936064572395274,0.8926991952941494,238.83498356116885
5.489608532658322,11.65661440108299,0.8995244454625911,212.33417157895735
22.438464290932057,44.81392004919167,0.9485133866552109,317.41667266868296
5.761388514415501,14.962991111333304,0.9211856557183208,418.6120861806917
20.98540978674337,25.40941203004999,0.7456370641100059,480.28308273154784
6.089017996693732,46.06949711504649,0.8641816437753507,60.51415599485857
21.694206692791038,59.44866991364017,0.7179065072176738,288.7320576325028
1.1002524331083852,38.330616094958536,0.762810347439685,202.6827660925996
19.63818604430652,59.244738680643046,0.783468338428524,934.8168799772858
22.67311639395062,22.383386279348564,0.8549302961989029,43.45803970267305
3.8567025423813024,47.107030258778316,0.8675475796776868,432.7072429488896
28.007150795330375,35.36671202793997,0.7195459121586587,712.9468403001794
19.18392446251964,35.54583286680892,0.784489237749498,258.4925555041518
24.12074240558509,39.0262442412234,0.8350907627847868,832.6652750759661
12.80764036714304,15.207904107308005,0.7788662376675216,792.4525151091591
37.40227273524006,26.256946057277325,0.8682919666020779,938.7050798205687
17.236926750840006,53.46858636351777,0.7252324241728408,384.11426986075537
19.132651581238136,14.058834560532697,0.8942859434097609,585.426341345624
9.945658731235635,34.44846759328786,0.7028309698570208,887.7743661700522
35.18686470744929,32.7421540466756,0.7577351823296076,951.2061755347665
36.875412512877745,15.807496397715118,0.7661621633025338,591.6805034028043
34.02776963397993,40.28030364291248,0.8045472427200817,273.332608196701
2.13964219734848,36.877423462520795,0.7091567212167842,240.61550237353433
0.7616401036721282,24.769379038514995,0.7295454359068164,359.83169942916874
0.9751333029690717,31.24931960816479,0.7821361442327239,48.89226265882691
28.979880356971265,59.11242466257681,0.9340839148404385,223.1881914472588
34.60016709534224,32.72357542481601,0.8349863734031392,726.4634199282784
11.114917012902511,55.97015131718976,0.8422142886804538,894.9979885579037
4.841641732940802,27.37357157120339,0.9194671208907805,439.47031626882966
4.945499811910387,46.12303857459632,0.8546114172703739,875.3361561237155
25.21312123186943,13.405193390444094,0.8009149969097932,628.0113360744019
28.458918381803475,33.48151965266788,0.8678667731110464,800.1679516109203
30.42146311372868,12.699681373286303,0.9029304574030486,243.53587508893182
28.22823081893731,38.31444370137381,0.8240502125311175,614.8188876515004
39.39975067132291,20.79906488466703,0.9475846071967235,433.20452616016047
9.832253785329627,55.27537860683065,0.8816317015417386,524.258880249406
38.664224020830474,6.912993369674703,0.8254654462879313,411.7947305096873
0.0,26.518455812785344,0.8455292922252733,934.9341003228886
38.094175996540464,29.959585375212125,0.7946914884013436,556.4777034534129
0.0,27.876945794042953,0.934125665942682,573.0958919032782
27.02925665962212,10.481438198862126,0.9019208506502092,932.2391359444921
12.076219414898455,33.15739440077409,0.768962840791607,179.99942486573119
17.034925946772436,10.900279176703524,0.7497561449941427,45.344433385837455
31.430024505807566,36.82386517531332,0.7210132907245916,865.2227476963185
14.21069056970831,24.723380785660844,0.802759520063496,731.0382479785256
19.05797898191146,56.99240817188402,0.8733280379238122,546.1497124259345
38.53570386667566,22.919666877413377,0.7238774381296644,94.71559181055181
22.331408541998343,52.47757911096446,0.9058870661616732,564.2023159018826
31.811634994466722,36.05613769437034,0.9345932570446112,313.42943104768085
30.106726067426443,8.220602105521028,0.719357649296206,662.659611818682
9.00288662594648,28.668298052876604,0.8802122955068941,163.32568253762082
6.599555286255215,54.82268416004297,0.7982072496182255,940.049598240398
0.4606530384549574,31.504060998406327,0.7131440914621909,650.4115100427158
10.291791065860261,24.283262297525855,0.8473692353468945,266.28991462876405
15.334496990595992,50.58690705687499,0.8543934843272261,269.6047206671671
31.10601565669852,32.15176397459101,0.9270668316238145,150.3298298962253
18.116616116299422,42.656929491631985,0.7009693370265041,800.7871325182857
0.4813584522775959,42.99648709967423,0.9443275563797723,881.3111210363563
15.65705474680332,40.68738388980676,0.7320460191880085,211.2692551532881
30.938708609466943,15.7598872727879,0.8673555391358749,427.41484780139695
9.420711677113555,51.59955850065882,0.9108164336850202,888.6527787101854
8.815702845887595,58.367412140244646,0.7255525127735155,795.6872918720627
0.0,45.161301268020175,0.7327641721864357,575.8732988932151
13.543665067722655,43.922615322680386,0.776288151619752,987.0655679696947
34.791029630840995,32.8883018809142,0.7226182766143122,649.4607278611709
38.42630973483917,45.05015049832844,0.7138343500468702,961.778340017643
6.716909040092627,58.80040596321653,0.8755519090877095,894.9024717739001
30.55397029568329,10.347988058006164,0.7597796729664754,273.37976923858025
0.3034209768211972,35.89782570919781,0.7078900965739918,312.845917029228
32.684062190526824,42.691342932417,0.9423080409683731,752.4573980568355
5.672817153449286,44.30972416189754,0.8848196694618413,814.9565245428032
29.363744391008556,59.92063347579926,0.8526740343266442,477.8037385167604
16.56462966988705,13.693155861634848,0.7599876467169336,578.0476255940164
24.516255269421617,32.94622074658912,0.9460030933543728,837.069604057274
30.93269934754433,9.793031893204741,0.8306293197176516,232.2671804093688
26.487673372414896,9.689919527946042,0.8920456629754977,237.30245893570597
2.9828365555713794,8.275897539901228,0.9162177807878651,781.5771758579335
3.0345822933190063,50.84612344772679,0.7859251843964161,461.31095060780603
30.718215526191482,57.62068386269199,0.7786515974370222,533.5746639729807
28.920448941733287,54.16558735394345,0.730316599278506,442.5840133734061
0.9942294713806983,7.025198295757806,0.7596925457502197,286.53098954678285
2.873785884082154,16.676369066472038,0.8875143162182582,665.8916038610419
36.733177908564784,25.02430974569824,0.7308517139210413,175.3153080715023
0.0,45.42166787572075,0.7020073712098152,842.4707620840587
17.016274913267267,51.02117294975401,0.7237640175501098,357.5749878812316
39.65252432346584,35.39670978353416,0.8190055150887581,966.6840704203709
5.999735524715794,57.316832471806116,0.8997272987619994,574.2090941193325
34.04147588199478,32.055225614401216,0.7136226200206488,736.8343341947862
0.0,23.76861932480122,0.9306962243275365,52.17710304469893
20.49424509695767,8.162371067718523,0.7831269847335732,844.9207948303579
20.33563444363491,43.83629233660205,0.8773354499959112,360.5205364062615
1.1009050045006894,30.218391310774965,0.8616120978719195,170.33862603374442
0.0,43.61744757566235,0.7888866692443313,614.0244491171645
32.850847311710076,32.7204818259465,0.9097723470584911,981.0269139603008
9.720700897767024,36.734135864490696,0.9451663426211081,160.77134346784544
15.217558310256807,58.69632224099224,0.8295738261312129,144.75434665857549
16.09994414395815,7.716245218919745,0.8845829908412017,547.2895627365103
7.996314613245727,9.318281126763694,0.7191804043375121,878.3832807847903
27.942950976445964,32.72181768249841,0.8698600262819157,317.1038427455183
38.27219667577063,12.593985478413998,0.9188839239311382,397.85818677794555
14.844460439095915,17.967887088398513,0.7574034625251669,53.34724203629236
32.2720394563193,30.52612785424712,0.9180744794275487,205.27177764779398
17.2610639731023,12.252520567994447,0.9217787047917405,403.32496206868547
6.060793846287246,30.051565733140105,0.9441915422952991,748.362042603417
10.824308180681017,13.364747904891047,0.8891863254548852,806.3829122547306
27.082052090941914,32.40156070958642,0.812556322564183,753.6315604723463
29.722707498969122,33.3255578709733,0.7677291216758769,52.911531082033854
18.790265320086718,51.001577410866915,0.7920541780971784,600.1324945015537
5.622062283431429,37.033744136193846,0.7538301407487623,877.7512226622847
10.24023930126966,35.06076203742291,0.9006001852639889,507.97327790179907
34.03280642570983,55.24274959958281,0.8599532179094641,422.4484446036148
38.962374355236,33.70277605921054,0.7148082957781678,691.7810143914242
12.44841544531436,37.75925133002351,0.8306911956239271,839.8833517991992
14.80936202192327,33.07351564087666,0.8642641809523034,328.398454945575
34.367008286625385,54.200572743713735,0.8353882381326134,147.6610322972184
0.0,34.13333613315675,0.7913037046788005,307.74923405753805
37.54149299026458,21.16104881832611,0.7594973276223217,371.8813654517417
0.6069936854256454,20.145146887905135,0.82138406413099,108.08223609126048
10.21561124493591,18.908223491241714,0.8620344748111614,709.1313970454548
0.2518926491272199,42.23383330029287,0.8318741455358227,62.279614337106324
31.386529901729777,15.245385226083497,0.8665526075028698,288.3496182808586
0.0,30.898355086199384,0.8026635405369777,607.3838591536742
0.0,32.05389822309323,0.8476254384892161,554.7134527203593
38.67244090039688,35.56414541934777,0.9425642075724762,303.1300877842505
1.5993245165858103,54.4497504045138,0.9304419397602177,763.5159041768151
33.956814209860454,19.330178972301912,0.7869908554621774,584.8934608525051
13.388486990185974,20.04978154771252,0.9142894835702262,390.9960819899428
33.18302544287141,16.13816008890274,0.780603784059254,719.2230990332246
2.1156955271598648,11.032501819099762,0.7733682605940149,204.77741111656462
20.654440940443322,37.09069426753614,0.9136034652694796,135.3488439143856
25.43084460113559,37.13681720116027,0.9298711597230407,461.74649594071633
3.416280545413848,31.62372772421389,0.7908117817484583,928.5431012682302
11.785113202746203,28.083875366659456,0.7951075724241239,400.8429824017366
23.669539085320938,15.27388482995343,0.8789536137268679,139.54895106344816
28.8299347968733,57.96366941904851,0.7194318356542462,924.5401715786099
34.901857642151235,19.15081965007637,0.902229439587208,825.6600728434112
16.238705551380196,23.07659498422749,0.8822366308075793,146.51882486841708
36.0457307876921,56.08627585862787,0.8188423574533651,146.7447180210795
30.918460590470097,59.90950092112823,0.8199296888823893,634.3776676222615
14.974305575157551,33.07821944837637,0.7726152534260775,191.65304480704648
1.7115867083367722,32.55661631630035,0.7759452157704676,752.7161305166679
0.9296472254987967,59.562835142346046,0.8320269129412569,585.3587637316531
7.146354344915252,11.730055042894673,0.7639486822901485,243.14587198972254
34.31430895683157,55.359465074322706,0.7099173222777011,921.5326522826323
14.454984263553078,28.871630281144615,0.7458090141248686,392.2292912513497
28.39662347984575,12.6478117841768,0.8359599827986932,422.38730481680335
8.210405803970486,54.225271380397125,0.8163474687885961,642.0312947565648
34.31757901904905,11.255523755616204,0.8632057175625867,361.82359009885363
23.52220118845876,21.82954298927754,0.7202664407882942,193.2968946186299
11.412944763551202,22.248897476504354,0.8734008329958096,617.4683775385539
0.0,55.603006372447815,0.7929149454301844,460.14213821491774
14.22297360984647,27.65286867191777,0.9132507640717897,411.1734754973809
24.357007625389212,27.651230740371325,0.7369015070138534,179.4757213959324
5.194734344965546,20.060856202591218,0.8511514653962791,96.35371429608597
26.440295451037123,50.428236662710354,0.923366440406298,229.62997448045112
11.069743962582065,13.8769665209604,0.7942391403201283,184.125263530015
25.375304028797633,56.76380803779483,0.7135141407607419,399.53890201570584
0.8676170766511194,11.936084170710382,0.7279896014984397,520.6196607190719
0.0,57.179720195910754,0.7709593372039693,489.4358355919843
4.629307255601822,53.60684472143502,0.7341735740218371,850.8465608605259
38.17555262314579,20.19114981614922,0.7322950510507478,486.77740316429527
4.499973891012909,55.068943557291,0.7319628860053349,577.3907603485511
39.75227515124354,15.321091883099982,0.8990487663103167,58.88404641157866
38.11270563475591,21.213422475025876,0.755713707024612,308.64403545167886
29.52867914964476,55.182235333113795,0.7996143723068798,71.9295833521073
4.622177556807686,52.98623394244266,0.739076836931994,478.4709569864474
6.901555553916072,41.719464016960664,0.7263013000246448,938.1390662917687
15.132914309644718,5.507665155968812,0.7670231496719065,147.403412429437
30.83144048030727,42.308485649244616,0.8682951166480544,441.3353952734997
15.624830283734296,49.09288874521785,0.8843556079481715,205.25380584423527
9.54293861461069,11.015940049808718,0.7695943712861842,115.94567524993354
31.6684981109686,24.557715924890935,0.7481588580109081,61.15338280033079
0.0,6.9073076062627985,0.7840220446410836,362.1941568064608
2.7817871212511482,35.180862723214375,0.7694282618509523,550.4112894021871
11.811350359441544,48.57527582163079,0.7132088925550353,368.7907326966974
24.53990020809638,5.986624538661192,0.8889558960750759,445.657643630333
24.265737277693304,46.963992181684674,0.747562659271489,957.615982859339
2.0595813197976724,38.23388144416426,0.7686672235983618,774.7502202894915
3.717857601418539,39.67088689021283,0.7115856150517967,502.06163477758247
7.56120284940486,28.083962189262007,0.9479182459939723,515.4908820995241
30.89319127640779,40.265066687078665,0.8388518277273945,775.3900312135108
6.368637098186675,17.844074087242248,0.7162682639529083,484.8998176981268
7.961898006215573,44.79552442838376,0.8623066218954497,593.5141181711506
5.741310879420379,59.285098581840714,0.9060210046078485,886.6744121961749
4.136752494707049,53.26426124097631,0.9300281162300406,826.756583343331
0.0,30.973397643769484,0.8601960732641032,674.9145002411418
27.02799762730022,29.82610354549818,0.7377737408780807,742.0707548542858
38.32663841843043,12.75753682574471,0.8503113751466425,978.7694200998175
0.0,50.73571858879739,0.703924147165424,403.157215437237
8.90821795967647,46.006496927887945,0.7036156060461871,262.470179550882
0.0,11.520440492976388,0.8478846350736056,511.9212448091232
33.90482482113634,31.13003071502029,0.7592419216352478,127.24998269489316
11.344412137764998,29.818604756761253,0.7881929774545741,540.6653707433824
25.091506249541904,21.148455892483632,0.9389427849337286,836.8390969202445
24.217278185243657,43.61048011853594,0.7458459741877455,976.5307381239008
0.0,59.76291133304377,0.7271233025594539,785.3848459625519
38.76712073895979,31.027021028944244,0.7616837765178337,360.0601007293585
29.069208143623086,8.766303697950162,0.8420498931087058,775.653480231124
38.0623932043711,56.64300532590455,0.8780690629283145,414.4746507269698
0.0,58.251794991611185,0.7195571274876525,570.4314360985575
21.512196013878786,42.979233951269386,0.7389275359592705,675.8828694512919
23.6978436451311,55.61210072670613,0.7820859566550551,325.3141252342508
37.32699278797714,54.812665588331775,0.9399897161016895,107.3487158414471
12.946403700638518,34.32436309648472,0.7253328092764453,514.5401823562948
9.656606088596984,20.031625238496297,0.8915166556130983,388.2288052417014
24.61391713902034,10.323391713371247,0.7603863715502746,367.87046979809736
28.709052983851354,38.57215629779026,0.8630456369577941,657.1082860268738
11.887135654635625,51.56394721144914,0.8943476170812906,769.9631698463626
0.0,36.72373227712553,0.866457913569781,755.1351283148889
17.664804103693953,54.504577186528614,0.7790036360109229,229.20621041097326
37.68757647140858,20.88567386238805,0.8000831189706593,50.791829350144724
22.330997426753722,50.65475008552387,0.7433727275444637,347.4810651870825
29.121443420584388,9.10113838529346,0.9146370778855973,680.6852075032979
28.77940153937624,7.705650221349233,0.9232669839199954,838.6175037490387
38.70907113737274,56.942623416481055,0.917727168694664,487.9605346321721
21.027571570051187,16.586014495885074,0.9065821172792128,329.87030686900147
12.706418667727803,37.03970629279494,0.8836980012501607,364.0667062902536
34.00726731569304,58.212172543698,0.8561104903119552,181.14237086463373
1.2194964553789198,14.491046684933156,0.9137634834743461,960.2751383076684
17.583332888449448,33.965363124530185,0.8291197715397118,48.16877643286851
1.1500121809412924,56.84146119787669,0.7613919226784422,546.8097856817112
24.362061489205473,5.432814045965517,0.876448564287269,286.2160595679866
0.0,56.72298425440655,0.8098020077012968,190.5249500055677
0.971621093605871,40.21702283877423,0.7090546412599721,587.0997762715398
28.372164517260163,35.761907860275365,0.9470264893155237,137.0396801784803
11.738484147244945,44.49914877290894,0.7044393442520678,610.5246870528625
6.861328093287289,7.4916022213978675,0.9069831408668984,121.30209600016184
39.07523115774953,33.880926306311544,0.8192324385400314,433.43180021890254
8.528212237731504,12.326299927273588,0.8742125379561748,197.05992476743646
7.404586633182795,52.03292329805757,0.8342230113594691,371.4673532515894
30.564714731753067,34.03425037120591,0.939577424034826,89.63178176579689
26.2983553635369,54.55620227740545,0.9461563300570623,706.8338420382174
38.114064857603175,49.83548561500711,0.8886484989108672,974.5481423604967
30.516907766551956,7.616158290162443,0.9403427286013667,386.2069670679963
15.152568110812425,26.23616335127169,0.7193128861126137,121.60973262656225
0.3165225257404172,59.96836508033822,0.9137368027384497,259.3014503606469
11.018691529116268,33.621298259427995,0.9167712497691113,216.70267536136734
5.2065657261733325,11.307222479697957,0.8489789641473737,438.9361955182934
39.153990434241756,21.511644615888375,0.7953337060318935,895.9729619589684
0.0,11.55475202749574,0.7588748675668666,713.3818642424866
11.961640579745675,20.899470687950792,0.7068074677065401,174.82888551926243
8.032211058218152,19.998669844103677,0.8022981190908429,452.91557132533217
30.1637179588331,39.66581548668126,0.8306466266906224,567.4626404013308
36.70393753526642,27.62795190964909,0.8063674815447983,175.38019720991147
0.0,56.87679396307834,0.7371034331532043,514.8325128649005
0.0,56.61947603349404,0.8646161697272857,508.1470466029273
13.529015745245934,55.250309843187424,0.8555210103827304,42.73823206061337
24.3059650999557,43.91141483256987,0.9181021344669213,556.5133138656963
28.238689535275892,58.87454138910915,0.7121951548722982,230.44409182408432
21.70068066614885,24.340793837457923,0.7487022351927668,244.0436176296373
23.09943273498214,16.619438585698948,0.9032201474956666,976.2833611630454
26.018208020898967,37.55465589418313,0.9189649131168716,585.520493226365
23.06105659460847,13.89757143232817,0.8021985543375993,365.9547259774282
9.563530270137804,33.29921239178539,0.8298317867941425,438.51472541984236
22.352450600585406,29.57154909825029,0.7363405935900929,77.8245698244983
9.621981743002921,52.86722922590314,0.7108184576571861,226.3607550569117
25.26968738471594,15.274670092727302,0.78220624727248,825.2891981652173
22.761596281952016,36.76856566247869,0.8703413413082579,433.8592897173819
27.32864748828426,40.992777049551556,0.8453286468734111,925.322770747326
39.82035777012522,40.70509156557629,0.8311795509514571,513.7107980675817
26.775932455322913,54.22017276421374,0.9441730284850631,281.4882060702411
0.0,19.7126662961632,0.8714414459448372,248.19017177999112
8.131107982389738,21.789468726856153,0.9454868950375955,708.0825259875062
38.61736233444336,34.50624893358523,0.7835688134387538,126.15841672684645
6.753086242159376,43.03235980854781,0.7664913736792787,917.4157480257035
0.0,37.44102604034142,0.8842436741708336,958.7385676597183
32.502718862691125,18.231375328554353,0.8523587726910006,597.4145080243827
34.768937308019375,8.776716594962512,0.745992616376594,667.2273814287771
0.0,31.523316140390087,0.7168738836589105,910.3015969411766
4.535638940324926,52.66452822250019,0.7584830953053656,450.17623442654263
29.320717094879466,19.251935920761817,0.9332994388929088,513.6019933132729
27.058683241658624,40.453382555706966,0.8923599080434763,695.2625311081927
0.0,42.521646053898024,0.8412615582693611,113.07388641272124
26.11457973953309,17.434097498882675,0.8399520145557944,650.0507305410767
25.058896137579712,15.13020637226276,0.8418136770216241,461.4990384599582
32.545665098431684,8.818548444094482,0.9116437332398647,319.4861076625616
24.747446162923648,51.08767919363966,0.7712118401938788,136.59653230561744
24.490619852931033,49.04525190316046,0.8012251725058099,360.51796331919076
14.90721174831718,54.30682254793193,0.7792295594738669,236.1558077549626
0.0,7.103608133150895,0.7637107769405137,484.2802653796668
0.0,44.67919928002901,0.7781128278217286,202.71514592249898
5.778761588401306,29.479859300852432,0.8206547620451965,823.8581031583292
10.360210473057373,55.05249615727428,0.8365528270144325,908.862092580134
35.88622671051005,29.962499803115463,0.8226444611572757,825.675336738764
4.1207432447979215,6.959239519155225,0.7144370623025771,114.40934283562655
21.893115404268787,45.10972195306994,0.7057692964699956,487.93743257582184
21.052324159804755,59.354543001990436,0.9363629647359366,934.4622074991854
32.952617444412354,6.651648172780985,0.74235659193769,955.6170786556139
25.57157580889111,8.817608779949614,0.8789948263195135,741.0503892826956
23.71305915931664,59.93675189974796,0.9414062410179321,296.62938233527836
0.22654701932352622,55.139432238337164,0.79373244350264,119.48805833284499
0.9860106875696547,44.17765838743901,0.8234417080645569,499.42664059962163
9.191847725236375,46.23274418795651,0.7623575196031392,943.7666801195145
33.02798070277496,5.718646736194279,0.8127489422481449,229.36873984720395
21.99425369771794,22.089969176788216,0.8509950248453019,712.0537299708535
7.565512243297968,50.19939079372579,0.8270493494462705,116.25848405783924
24.958634040421042,37.665752640041084,0.9276051759803591,990.0601175850072
19.138459322553874,27.729317038199127,0.7765251486940944,767.9688123847344
11.82764945304,8.71247929891747,0.741587356771789,557.7528356517745
37.15320692633101,15.538567058445654,0.939570507036594,916.3536295864199
16.96663029562322,16.154615575780053,0.8809408747090641,556.8262922082889
20.77981752350857,49.161877223619584,0.9405131018553567,459.93147033882235
39.67758403672549,46.77577386196439,0.9045775059346182,139.7189144620374
13.438403659115597,8.730461981635614,0.811925050921243,767.8276316048646
29.745411890850974,37.7136371668237,0.8980128336101855,940.2951944480474
19.53784927981437,36.49685941966068,0.7912347926749298,232.02570908354414
13.199792956819776,36.90503074078989,0.8361102845784427,567.9784621771075
7.148536121848022,46.23269370591453,0.7669447678330072,670.0020592708519
5.840559889692666,24.617942686768732,0.8516577933646091,309.8879434345981
19.7466415055288,7.588459835582548,0.840546435459561,526.3131895334888
29.167497597049127,18.09699750194028,0.7632706771250233,898.3903864362393
24.026537171025605,47.13361863938424,0.7419766064320505,307.0002432995242
20.236799268083765,11.600151364953962,0.8344083019110193,689.6409731679103
4.700397450366871,22.537305670019613,0.9128278017572864,703.7741957342989
0.0,32.12409327493887,0.9361764045677268,819.4460383259777
3.281836100047111,45.1088829306967,0.7918604209598019,292.6598694555857
8.400110581827107,30.96885357198881,0.8963724102484767,691.3132961011187
39.0402183231637,21.301163587183584,0.8812079974700249,984.5269244210622
27.707920382118996,31.063809451525053,0.7561085780913999,997.8474948515088
30.52254650393801,52.10281361866504,0.9076683494810236,980.0718278335569
20.0296896591241,15.31459935864443,0.9332376399112752,884.5517294760382
36.41640816170058,13.66637333693847,0.7736235377392309,955.1801419075404
35.554343263202966,54.25011383871965,0.9360425769692132,228.96823251331796
4.335613350995089,56.26881724974126,0.8459699925668048,811.7741277124395
12.273452631495463,9.254236689715126,0.9280481967120591,144.28592778559548
0.0,27.453569069587843,0.8222231844740134,860.2593832057833
32.97320583192348,46.273886959256636,0.9280919874728812,697.9477067393423
0.0,58.786993668029204,0.7792930924664861,343.85859895421004
10.777843884045515,19.189692243028674,0.7197751840760085,231.375899551219
5.54261309673364,27.656217647901826,0.8546048217298308,813.6286265532151
5.1355063838447546,48.65357761081715,0.8117071699575208,186.47088660275074
9.016788003153072,52.86173286995166,0.9484197793225597,847.327339726015
9.049143816352947,11.900934091149818,0.8913747161244401,167.66732963980922
26.147681702830667,41.77076682910735,0.9096324988898732,444.7119142134628
10.255440742488624,58.891117053663905,0.9274215915280436,426.12211925780065
11.848350959733013,10.335530648361885,0.9130933423463099,181.0608741579107
9.641688577778222,25.439870771059006,0.9239334042037445,237.7686860325771
15.218918607235036,41.20989157003268,0.9123919137877534,865.015341938175
5.949377513650536,41.516512221623756,0.916862564718574,408.4503022806598
23.451706087988683,50.0178889764374,0.818543057397457,79.72214264159166
20.946632141641217,6.143905946142763,0.9444723352289311,630.8609360960204
0.0,43.439635201944604,0.8159621921659458,985.3749566521097
19.065349131945897,58.942105089895215,0.8656476199112091,971.5132707533066
3.478774037984763,37.50412530059373,0.8816911403568901,308.7719962030012
20.556443650134742,28.843542303504503,0.783197406256839,677.9460694791674
29.44650014682141,36.63971673383612,0.7289942966294771,260.9293967828969
27.919948595545694,17.395627455229,0.9278045776101569,906.7955254448023
3.9000382731234406,18.41728691404397,0.929541630471848,976.001796299626
0.46136124377125853,54.644293117626205,0.845498302934301,646.2700258566814
4.262069359611944,20.70955534245644,0.9107521343636136,81.09997083519069
30.953626561809955,20.10981083182891,0.7489935986444295,208.10646741226125
3.0184144404281903,36.00391760008488,0.830778704112842,436.5609643571239
10.530549415655916,36.002198052898265,0.8566193049768207,89.65737242141418
0.0,40.3686827978236,0.8137651204968789,113.81928254803054
27.604501984767605,7.3770222863593515,0.9450455465378761,987.8702425663872
19.345134100310087,43.64210575372591,0.7408465266283178,519.2356904064992
26.68369209474359,53.249277114206784,0.7178171479185873,836.5685946219326
1.9316604243547966,7.929481856742815,0.8495425112145005,729.063754104367
4.658292999667136,44.74265222035468,0.8537760071211473,603.8295346303164
11.908249467331913,48.35027467434318,0.8968174325860638,512.7681798692055
11.550763670089532,14.078344895382928,0.7110222105514709,307.07368198271405
11.26253592807723,5.29022774183046,0.7495369381788453,361.0255067321178
39.62505465159998,35.063576992071155,0.8907078160329049,413.6876077798902
21.552585424919986,49.05474041196579,0.7467992070868468,520.4092587113823
28.74073589258523,13.346861989231504,0.7305976799819612,653.7854072766654
17.308840037767492,50.47527040155411,0.9184562088973786,515.5644570791715
39.603853603030345,18.962870178303373,0.8633571352095994,620.1595678160218
2.322582970730272,29.670947350636617,0.7807409804949385,301.5238448106447
0.0,14.540444915770458,0.7893068005196172,709.7951728077209
0.0,47.87813755623217,0.7162584099204834,245.5190663398547
21.884417383129076,52.763106097336276,0.789666008319691,742.7834470549725
4.768430182237651,39.78342284396987,0.8418162088359289,447.19534035721034
0.0,12.636848920242286,0.9393024246937683,605.7803675570844
31.325066970672037,30.732667321666227,0.727114741107594,51.86664472941214
0.0,6.7723825989722295,0.7759053067313997,100.68299366862199
0.23717242169587452,56.138579197489435,0.933294780631182,49.896261790445244
32.09579571965942,28.801111688014913,0.9338628292774741,983.7070203471637
21.18668565153057,9.105947013075825,0.7805911852415311,536.0286878230704
0.0,14.56352407101256,0.8213572073499448,285.2213455171962
9.448143964414143,54.9023553254372,0.7692036112621,529.9116460311078
31.84358717693164,49.742402820906634,0.8736339322250419,999.4006397540854
18.27300733379036,45.936347276704254,0.8342897949208037,115.62405068885016
20.212605991551612,44.23132105627431,0.7877974129921459,283.61277322394886
1.9708504475534472,25.302313723171025,0.9158897010951965,412.6797895567574
1.7235761227751965,29.48914399281879,0.8633694000536882,406.65374085951925
22.393552226495647,32.63457092861265,0.9316843173136012,983.6947294221189
8.81105844822914,22.874581336023372,0.9272985278842961,810.0973174641765
26.127116072821547,27.6045031068389,0.7139331183725836,811.3785958227885
0.0,37.706623536821496,0.72206502022206,623.6024701835881
11.1147590858637,9.7705503929552,0.7462304693061909,232.6501992378079
4.600015645170819,21.085572622161028,0.7336775301380895,405.0110898977671
1.987023624751562,13.110530464951907,0.7376320490928211,348.07246644592203
2.681280543538844,30.096187876572763,0.7273291698498325,177.16045576239142
31.71703959113653,10.614784548144225,0.8593847518670108,359.9089419845227
10.38385025486689,49.31238559726513,0.9163154405131448,150.04837105458975
30.794270677123713,12.66145858398355,0.8076271560622944,643.5550757967053
12.35117355595472,46.97291356762765,0.8591450474604677,445.0436229579838
0.0,11.274947116776184,0.8760034769327099,507.52356423157056
9.95874537008569,11.583781406556627,0.9194889356770601,806.8784391167586
0.0,13.138680037457329,0.847730516879474,869.5933771707186
26.56507657972616,41.814421837202154,0.8743972205160304,591.0928316542874
0.0,13.128802377639394,0.7859778476802636,740.8825538772774
32.98413582526172,46.998079649830146,0.7034880860193959,691.3593454638426
19.40445578620407,33.91631392408408,0.7431832619943732,102.00921858428579
25.280632356133175,35.429542101264694,0.783694661972116,133.30564356386773
28.737846333551854,13.998215254761512,0.7506780005032087,835.7324850170895
38.79834237993725,55.383497272787174,0.7249366137478409,911.6890882214095
39.71797322813221,41.37626333155434,0.9251903380797706,675.4384507353583
0.0,22.354426597461902,0.7870509781920461,829.2764037912779
17.827183960820854,49.69093043344927,0.8007610141081563,925.9126720390631
37.95288585636316,23.665060164612708,0.7618341059855949,691.1864306256266
19.27433406276727,6.970302018219801,0.7275481528784876,421.920438223193
31.652536595342173,42.87440319549622,0.910420280156934,838.1093967191297
3.720382545185941,32.959508433101455,0.7503118478473161,958.8754938096695
0.0,53.043693753308474,0.9247663911275248,113.67974490520626
12.818519895239334,42.16645106487865,0.8061825261255456,454.7449006279405
0.0,14.02918043213627,0.8679496974231083,532.929988534839
19.286598129451438,16.439989935777728,0.8925104708175506,141.20369940983727
7.14282175117341,16.929607588129716,0.8600872090106418,511.2324796462633
3.670170909871952,6.368685538610545,0.746175325901878,688.2877238223575
7.236241636816205,36.15635085427489,0.9441627405570371,964.9314599438657
5.428557804025307,12.009741315101367,0.9423380221577149,113.47264319200441
18.34430035295926,12.002470667149652,0.7811788974008715,696.7984140670964
18.38815031569536,9.664059146121787,0.9132561893848551,682.6350661917635
6.516741590052154,33.2605530494741,0.7397862797577338,869.2360315165209
27.068800912434558,25.370194186380424,0.8575954011129917,458.22736258112394
32.686442030367026,58.99412119133993,0.90562543488822,753.2131532291953
34.012486618525,18.831556655625974,0.7678188536242655,950.0325553609451
21.895546450663847,28.249408691108336,0.7001502795969388,176.95256570342596
9.26687824045822,19.09386490471627,0.8091573637826571,807.5175855402069
20.484083259563775,6.7000968796720874,0.9092727800601297,427.028825313787
1.180192760124783,57.77689368731048,0.8223824628265459,964.8859004358982
24.901414014310216,42.31654467755798,0.7336145727515043,276.6737692231096
0.0,32.05748829120149,0.8601607869302617,458.9151132462416
32.759055123774445,29.462254989039547,0.7301865228642113,517.1369122410664
0.0,26.454579310182122,0.802894292174134,418.83087447973
5.612159689625951,37.09257639342637,0.7257895336049417,830.7115248837582
20.273847427026034,17.594415401177873,0.9146033369263701,161.11902715257253
22.707978266329942,21.985496100359303,0.8586495132935429,697.9036304443359
24.896482710946277,17.610537750026793,0.8197858909226375,620.6249890325347
39.956602212764714,6.735692710642103,0.8150303701146803,260.8659610558498
16.383366186913705,11.549707697713126,0.8907559646801717,711.1485093431172
14.910089040635702,18.188774351471302,0.867062334513826,184.81907976874675
0.0,25.752121089384243,0.8891453068266733,461.42710279777293
15.384870729170144,58.87656680804818,0.8906981200541529,183.4202915018528
2.865287262669682,17.552369062592298,0.8526752339342559,531.783389980049
35.335126286196406,47.697081008073035,0.9470590734063633,43.765276028542175
28.466941732007157,29.644924422412373,0.9182191847043819,885.8354910363036
21.02406302310558,59.26293950983867,0.7867705344095217,379.43261228322325
29.45994301237166,57.99891981858606,0.7261978906030981,468.0670930715613
19.22976388697685,30.753688512320117,0.8824904003389953,857.214700113424
4.674238447043598,10.417532123620653,0.901893717719986,240.13753396573435
26.71005973575498,30.33940510121491,0.9256287526365946,49.698891937750815
8.347626352993244,6.179363544704807,0.9352243829449902,585.5649585753977
28.665154352036332,8.584873682978586,0.8963617521504661,95.4330312940909
20.610626449572845,37.812963142341154,0.7264370133525186,368.619646194744
38.708748277799366,26.727844620732277,0.8498435282710237,636.9672319802517
4.635952029897906,37.403809329863,0.8458249432776337,121.69815309730328
8.538681550765812,28.05363870432789,0.8923047563310924,530.2511266227016
11.876694300955695,13.427378614529788,0.825915915428124,903.5995445278452
21.19047709722863,43.97929191289696,0.7987338553175647,343.31559384320195
34.02599556548984,32.362387871956955,0.8500775356680221,883.9652860075714
17.69181209971732,33.69625038311777,0.8946921465131649,361.1455880333623
0.0,10.545676304179123,0.8107269425403066,261.90318363099954
18.472551512942633,46.29977053405353,0.7148864211306876,66.77890127394619
15.398871765571874,49.942761720167276,0.8389922705508962,607.1701989917755
5.225863781616062,49.30146667257102,0.7090510174131749,901.6647061312276
35.45002637908976,10.13232719691146,0.7699809359020072,223.3358326056598
8.601770196719183,15.108124425796195,0.7057343395584862,661.5916523249035
34.88349150132756,23.952838788257584,0.9224618008196828,191.61862150535225
24.752462788769595,52.64055408870602,0.893861080064813,267.547958455836
0.3340016480839229,45.12088512428686,0.8414264382481845,853.6381719016838
22.461138858374593,11.06738761409372,0.7177650486027908,603.0362667592557
8.981682005235264,21.078753598828882,0.8757197619982033,467.44920460802246
27.322880692205754,49.3837911854249,0.7391826403086105,979.2118319853934
12.679316010791277,27.036962699393357,0.8943969982872498,226.443405036056
24.22067861606,50.20186285670078,0.8630849142695693,414.9490664532476
8.945096349778913,29.583212987514607,0.9145264634667893,612.936901050488
35.20407542256116,41.58971625501767,0.7635567200264977,935.0591011163247
9.30174131114098,59.56756828681913,0.7846111442778987,624.2207456016174
0.7643290342486538,7.968474914997243,0.7314931531187382,348.4881012306387
11.31124513044411,39.169795199397214,0.8100454321338646,765.220561100671
17.413936962931704,19.7784195881617,0.8417160594881585,605.1116910329589
8.083502009637161,34.72446217328406,0.9458321934754959,633.4094693816356
14.470100634897607,44.90460125333968,0.9038065153700389,64.72404739073002
0.0,17.38849783198256,0.8367316722574686,398.2407835547824
19.329696338226533,47.362010828588836,0.7218658683217986,383.38567615740635
0.0,38.77151852760584,0.9402245118858897,993.9402768155101
0.0,32.40669789235868,0.8842588918051606,264.44636790537055
13.776153667505252,5.588918914510465,0.8837400287548822,549.5314427353113
24.150277725299794,8.778814752541471,0.932088346589669,603.722053601252
32.93529384222882,12.189253705757906,0.9180638826094086,500.94331657805395
3.0928103072189823,6.504451972247689,0.8670601072838441,868.3125737202201
2.7132601177414295,25.68075088756688,0.7820228658614352,246.8109290609222
0.0,17.77316988570894,0.9285149040323349,257.4826158017724
0.0,58.28151906807377,0.8141023709112176,367.33393294408864
37.097090307574796,49.53129499789285,0.7105325509200995,260.2418728073275
0.0,15.984346099641877,0.8528634895863707,931.8348539690999
34.729304466329744,22.487048489594194,0.7343347718981112,586.076240064407
26.96042667308218,50.0828914645476,0.8577872300706927,297.46476130500906
33.33293974027315,12.213087291403703,0.7255971478243313,584.7921648861458
2.6905516530701585,25.72918732656153,0.8434524869507751,123.85629683739384
17.936330128723363,5.338685542744596,0.9412315677754449,340.5250049544754
31.352441677796516,34.419481076063065,0.776244390506423,448.769258974683
0.0,8.51515575072547,0.9342850555719135,734.1385311108098
15.85120057840868,35.79770849258107,0.9168610562110889,523.2692200218639
5.026108729741713,56.30258101047103,0.7757495624214614,840.3283586751637
8.77073558378269,53.266845064717096,0.7538795650786787,577.4887113950659
2.6806772784166077,18.156297907331176,0.8315849708707286,868.9087572158435
14.341006642088805,31.90372668626154,0.9140810018658985,715.807464534611
29.891549288271673,6.889110375789636,0.8572119651917942,718.7473106082026
19.85807894342487,29.459036237429117,0.9242880422280536,342.62374262146886
10.11173274017304,42.51688095910243,0.7497445107490213,627.6446156069418
0.0,23.50868186887922,0.7776160603636207,245.8026770410055
34.02677198400981,39.882563351443224,0.7428497840407028,449.7858815317046
2.8971866522928242,49.72207259709778,0.7299345009072963,306.6677380662594
8.187113468925338,8.324628825378511,0.8747556422841019,550.3626762356374
11.238946795020443,48.88857096505951,0.9405136164974613,981.5730873089874
14.230683249179053,48.18670058634374,0.9161553224864966,163.74012753738427
18.55545321559414,31.0647637925566,0.903521605007222,504.73670776605513
16.50700290919707,20.304440643645385,0.8304290890468746,68.28514622435901
27.922043756038985,43.747828256356755,0.7020224702801761,846.9153415495192
20.004303113895187,35.80846363707417,0.852517543315737,910.3718860579746
25.36571992741479,33.88008433058671,0.7442640235647348,831.605876451911
13.537936805937933,28.42316725179673,0.7186851847831108,794.1327988079606
39.73301142170187,13.670330497366827,0.8077667370224186,940.3278737567881
39.3476893859689,21.345164286395423,0.8269661887089133,424.6550893785644
34.074485297690735,12.09894222558898,0.775858027215043,163.52287778624765
3.6482142020156116,56.849881297755864,0.747737669961994,460.0338957086546
3.5387228493735967,51.785024808041484,0.8834022259108789,388.7019598829429
0.5131133822616138,31.7134424203325,0.7682276648958395,620.7523969756645
30.01214325589889,47.403163219732484,0.9227620261075256,707.5534537420606
0.0,51.60673168548374,0.8597521497444252,232.79897463368405
4.626126072772109,54.418651714485556,0.9475722996427144,266.3819255876704
9.045749091627917,15.63043371695517,0.8082486627513356,106.20089138171139
20.45817363785219,56.12446807498996,0.8809798330923293,464.9857128365904
36.57483636178406,5.988504622989923,0.7841798668234388,973.5494784681325
27.789330196846212,29.923958171005886,0.7896175097798692,216.25164636466496
0.0,40.3314835550134,0.8740289763346242,880.0308005990762
12.27199656409109,56.6465692313247,0.8056576136584048,369.10556054523863
27.48420668554922,14.9230532794364,0.7311485715666387,411.18929975774057
0.0,9.582850778538603,0.8050066169813137,906.6155192160329
23.080076538860013,16.38794720215463,0.8451792131602416,824.7516371671338
3.8310205238723025,12.982220037766862,0.8854925956602858,699.2358093868016
32.78938017325214,19.019867744079402,0.7081910142848977,507.19638335984746
27.8275925387621,41.7292164573453,0.8667972658098941,48.001556356284034
4.966530103353432,5.103210012994665,0.8912818703123155,358.32001843712106
0.0,7.554500471066589,0.8750529793190798,731.1802643209293
36.60024105652207,47.296007491078164,0.7978717341688581,820.5656062588604
16.667116854213546,51.47654976258474,0.7310280714058746,956.4691266403472
15.427876521838135,43.90456729099015,0.7209956968631608,228.49565609742024
27.58008432074889,45.47485328317053,0.9401720237559,349.05306646887857
37.130448240370264,17.16642216146932,0.717871005732351,806.2423929922307
0.0,59.41175312818898,0.7803754830526215,300.5660873896316
19.934268669149013,55.494031881119504,0.7337143803588724,307.66025774672096
4.316023902957874,5.54687197813596,0.9133972277060115,205.9775334884141
7.261509488291449,25.701734986634726,0.8660888354887502,806.4362871534784
25.655505323536715,8.180460429544688,0.9233466930151075,819.3163440879374
6.4635713815785865,58.85695706253367,0.7651541169268478,448.28615667728155
1.5682592068276338,12.356484988216721,0.7015804125689303,194.90109656939168
0.0,5.797579590370866,0.7283914375400756,927.6146132732663
27.275212536747507,50.746469889905605,0.8663508275934833,535.5720189406101
29.616146907912363,15.07373712782621,0.8610998900500166,846.1866913327361
29.5896584272093,38.58499400453427,0.8467260995762952,234.2282429631074
24.060406583796468,38.05518475356406,0.7907029341742775,490.2612302034105
27.078990942633787,29.756482809406858,0.777174554162353,404.65518588801683
14.761818262925416,33.12014047136091,0.9183372694894522,447.47113545937
21.674299444192993,9.399063558423698,0.7395000603330959,823.7361945065953
0.0,25.956607967267306,0.9389907283240596,797.0912906201679
0.0,29.754620697982052,0.8260395019604797,502.1758223769802
21.93819225676639,25.301822165493334,0.7618433579203827,906.815068040984
2.8919161484719003,6.8299712262496115,0.8496592185776413,337.79137608278893
24.321379015124755,7.626167306502359,0.8342182129568048,306.8714963355718
37.46422465242448,30.205261790855758,0.8101909581285776,759.9647275678547
29.518778881059013,29.404757019339723,0.7983119152634868,992.3646246707672
5.133654675932057,29.843002415597546,0.7491740060854468,211.25583797617819
13.116457048920012,43.068482791760005,0.8089878732350222,289.9548813040325
16.233457175119366,26.071807927443075,0.8070299661607829,387.5123598797057
9.210089698437308,39.90911870581294,0.8290464232407871,752.1706625877633
0.0,35.83263057372795,0.8954242096284784,866.7711000335288
32.81391732991189,37.71165408342148,0.907898978959482,551.1369418986552
0.0,35.76375527730168,0.7602783685216792,72.86343797732201
28.24348833037187,45.84673535920966,0.7710012540469471,943.417807952576
7.596041781027218,26.949975035457143,0.7681928392104925,294.3694871869302
0.0,45.45636905297771,0.7690501520824509,865.1599185292437
38.175003851850335,26.844930345461503,0.7957837808106718,510.63685250459594
37.9599916895071,51.07718834848768,0.7815272376954009,212.8268590509224
20.379859798879195,53.331316344272736,0.8718276841414732,608.4618239636951
1.0179967417504163,24.21066209476722,0.7868699238714194,477.08837321931594
30.874630166001367,15.110480640904923,0.8035202465899423,63.00486004684345
21.581347085789748,9.404949634800085,0.9280383164583615,941.700904557461
0.9556184243938026,21.241860411958253,0.9096216376030116,253.75426937084086
14.251092578345853,29.761210006452146,0.801826689054836,418.39699402788494
14.071842327860258,30.703675856145647,0.930064820942357,984.701298198978
25.662080886897098,32.558204351273226,0.9443919453294642,593.3632283495169
39.96806104737174,25.84807004645012,0.7425882282161802,716.0809058474695
18.104098173459544,26.669643879808273,0.8641738195658313,276.9662179008632
36.62754019337825,23.317380115955405,0.8037018061710984,328.1498354225824
14.831184476233496,14.02391105225311,0.9202468355209367,888.5029781220184
7.528839336979469,49.90242559148291,0.7353928843936743,268.10963736897577
10.970345331355416,56.52555662946376,0.7136003124115027,142.4823241813013
38.34307965979581,15.723829753749587,0.8872147379752645,958.1831218158761
20.765523218115305,16.955899788412026,0.70521453651137,460.2989866207907
2.399236895806241,13.33355271274698,0.8212024169347701,319.3530779684492
4.2273260313193015,45.620284725097946,0.8400829974991577,196.04351081956864
0.0,38.46527318189933,0.8187593055932418,920.360929893038
27.438974199448893,45.968965936672404,0.8391292834624898,158.1101251556541
13.326997679048754,48.37928203829415,0.8436683492489332,677.4474782667216
32.35093534159034,14.558551402514778,0.8311909897455655,808.7703083024073
18.644509107039806,47.889183795774514,0.7750067036133877,834.7279603362086
29.824377653776477,9.753268909099562,0.7699760823110426,214.9048067094755
35.81589831875744,44.7716521660851,0.8598899481417959,373.2184092904113
34.091313317624135,44.2050224564509,0.8519279553184143,163.21731336470262
8.263565590821193,11.42184446252192,0.7380435367728337,762.8378100131113
15.067810685807757,27.370580845049002,0.7949905836068437,292.2811841780393
13.310811831552424,55.66160984343057,0.8588742178150673,550.9661588672541
33.05295582312971,28.994188010671625,0.8197537938374676,722.3688329968488
8.182710524939617,36.017268201209646,0.7846119907601597,65.02799897592897
14.793863041251946,6.499119666444203,0.7793718653151364,777.0249259823117
21.228409870272078,37.88741795469889,0.8141354664274429,697.0245198593224
30.33755554615159,29.9778350182146,0.7452663982857604,205.86470980739537
35.09787479462481,31.11948791764247,0.8530617701229856,623.9197964889784
0.0,57.808306934852766,0.7851683260244088,78.15401517189923
22.41131832804668,44.52475906713974,0.8934331259467706,334.6796663358708
36.7157292012557,35.718457472041315,0.8415475441533325,824.7464200414257
19.236478236260613,55.83208362332783,0.7374491197311788,292.1292599485255
10.33740467522402,35.67848650135891,0.9007195384695558,991.247029199522
34.5090647392087,49.06787103428023,0.9327800756959161,215.59844417842513
29.155441989257355,27.65893988194544,0.7408641180980357,242.73837160303634
17.566375730479596,51.85683253966945,0.8667642857232265,534.7061223187984
25.416735789072945,22.086551521013483,0.9213291501125318,278.3090217571656
36.966184087783816,25.840289961670546,0.7330799253821415,953.2948447404173
28.089592743253828,36.227462873086786,0.7033121042050847,203.72454683266528
35.474495271764006,25.44878546377328,0.7956060251905099,699.7310159269344
21.3831499698545,48.23635229988987,0.9484282623020357,363.2814227340551
35.7831171149876,30.41591667898524,0.9319469714561082,794.481276201229
4.609489452588686,48.15596481920438,0.7052745140206497,440.18114682549856
11.315296644871072,29.4596899856504,0.776532244684545,734.8237834972132
13.888931863117104,49.08432175688362,0.9019408152792443,514.2812035960849
38.33912583352709,19.36217288283443,0.928566603630747,698.7168407235374
19.207101529955555,25.151215565501293,0.7872664332775583,398.49393830994126
7.615443966006172,54.286271190981545,0.9260950398012922,69.83784307124421
39.120306109328354,42.66822342960104,0.8486892749554104,295.8072960319766
23.902560348028743,8.024310349612339,0.7854726183662749,225.5126009107425
29.85975306848111,58.75811503662949,0.8232215129617135,445.1745942341317
10.416395284004276,22.09884762500102,0.801355002383844,80.09187532181141
39.993166217674215,28.74167342654642,0.7162022355813998,336.26041430475107
24.99969318626598,16.69892698985754,0.8954520944680009,670.9325586356847
5.112906210048085,56.96362013455816,0.8307526918273727,243.4607453931891
6.679637303196648,33.91627981557923,0.9293285843991782,593.2941424610251
37.754565775341455,6.2743968501857434,0.9082774626732508,970.1851175766078
32.46759180929731,13.131265310994642,0.7694449803881743,88.64990786942695
11.08484179014995,16.651766722607196,0.7276624400399822,271.62120715085405
3.655407431558969,59.84069930373863,0.9075918437946906,125.02539713648406
34.159458198669114,6.50604600453019,0.9203394288602494,265.80570097715116
2.159904453480093,16.1069258038771,0.7222184412185377,288.2902827746614
0.9682277277058938,56.250940311434974,0.8554566605688072,952.5976192092656
12.086883259035408,11.810526079195359,0.7573055350885448,146.7626298035225
4.044570254491344,40.115859533844784,0.89596045526889,196.99315601476633
23.172072115277558,21.672950186020355,0.9298019994994358,910.6827192589884
0.0,46.26969292840514,0.8104989683379327,95.80650634807235
1.4088097525708412,41.04657649425072,0.8340093289174951,572.7957537224197
19.897078108936192,32.64456963267556,0.7351466798038324,435.59085861043
22.826080258512224,12.066464189756232,0.9132889693094419,476.59423470435956
0.7455426468666824,21.915448169023687,0.7373290938770544,422.84049426738807
17.156250232831173,23.823928197494226,0.7388296979491715,144.87144909852955
2.3777456417562894,39.31743546423026,0.8105702139108518,703.9238386854097
10.454293502236167,40.9174821458818,0.8037815811752824,618.273083815494
10.62016293337946,52.00297900864837,0.9094896014105844,898.721014797173
4.04719913261022,43.643510416637795,0.8518054584169503,817.8610103336924
18.898123066797947,18.798694304261304,0.8114852208637393,549.540409074568
13.717162057373598,45.07133660804332,0.7778844825157007,956.6573380240264
11.927105415028931,38.278108445754505,0.8469868634593449,829.1525191041716
22.397732853908604,36.69249144677551,0.9271048193252301,65.69498772947622
22.276227400875655,12.799268146976624,0.8374990920007457,99.57742058499086
36.23182201956358,53.4117699711546,0.8291689233285695,913.1450830596232
32.10123948214321,46.188327673440625,0.7126385924641775,102.16025799433957
0.0,35.13685582777431,0.8658366640734161,922.507113608147
37.170410280146896,41.71804803629218,0.7771745307542817,308.48440320901494
13.49497047136426,23.616666169743947,0.7222476232660275,434.81249608585046
18.790825669496883,46.796335841693704,0.7434324982794579,694.2654359779698
25.631726811353076,56.19774595531038,0.750529487804655,153.74632429783946
27.495587640838092,14.921891076267427,0.8168853681755183,997.679274494992
17.334928119953982,45.703867771125005,0.7600031993109305,75.18399342546438
2.1322215531354916,33.826929499742945,0.8884599497325909,764.7666681768056
28.96157491055294,37.01799421779345,0.7082144105841229,77.23944287817699
13.678186717517168,30.70692212760005,0.7976245067383633,970.4910148289877
0.0,18.65916429269727,0.8036386105309281,698.7738919224973
23.74189831219406,58.035104672910585,0.9075885265338257,399.0942561499274
32.45407976639255,25.405921349131404,0.7879943074193569,408.7980901658598
0.0,11.487700148049807,0.9493140842990662,178.89821457040858
8.264854362875113,20.535080688552675,0.7271862094191337,246.88790473127798
8.252070030434771,31.505911823793895,0.7810317297976364,985.3630605801105
22.905624020975004,52.406885418744885,0.8204382415018703,293.1310221500455
11.459704043170342,18.515368867880028,0.7920228773489443,870.2780679671799
35.30294098689847,5.67680854677337,0.8862223785253932,288.19100667463675
6.517183151775128,51.38864681519073,0.7432355129902303,586.9588903960861
19.687213621840872,42.45122788528296,0.8093438184526032,736.387877920653
0.48383418093589475,28.974991244359725,0.7171538290282967,795.1689253239762
28.258051352184363,15.808868612008226,0.7934077456303557,818.0458122867165
26.96114697033812,19.073304922085775,0.9108669609746856,213.75267535104047
28.445965575737116,23.936049188003466,0.8220625108294162,204.49982345554002
30.868571406993752,42.84621290330349,0.9034351922683654,797.9237197469504
31.07700654696142,35.39827210452257,0.9086562974050505,300.5869408802108
37.87604049828167,59.1444979767323,0.8154618103924938,247.85639523537748
28.88706861714468,18.93766992867531,0.7801437913462045,162.440907135891
35.13741033853179,27.28430530479651,0.820194722439928,481.5584457291276
19.91649479728284,32.354299683430035,0.7651552391389063,627.2031903502652
31.149639288760845,18.217473452173707,0.7444909364542261,704.040197542571
16.474310979775478,41.30874615267547,0.9109890704330916,776.6764734825186
8.954084472287457,51.864741480686234,0.8251686836465761,447.41780295984876
11.51368165099089,48.71043780119079,0.7476426337567224,807.4676403844684
3.0109264069660404,34.02406336565898,0.7743763348799048,543.8525219418398
0.0,48.08656593576582,0.8400202822592686,401.96554652161166
37.99326873555386,58.17314578368596,0.7818394873260797,738.8684470560165
9.694082304226553,23.970462243866322,0.775118881582819,923.3762056325189
13.822125880605078,35.75048076946431,0.7635958953401848,704.6785992125309
22.41771856481169,34.89520837084041,0.8850448559288236,230.83808813290148
0.0,43.05477140342183,0.7671008906412325,619.0410131718721
8.998271206066581,27.93148990126137,0.9161133130529769,996.4488772713468
39.22196468469128,45.83427494118268,0.7005534861815311,909.2383107951409
34.19620381406548,27.927955597759055,0.7102876158844094,104.69797063847028
14.033011710512978,59.992650785787404,0.8596876862422365,595.658793967126
35.29185936018855,25.539523127126532,0.9290840589723992,176.0503800519351
9.489599357423618,5.60556936741244,0.7565326881686736,616.7186644090747
38.84142772009249,6.651693737171252,0.9308454168935362,905.4735539710236
33.44951609985831,16.92528547254357,0.8633649130639843,959.6848060466351
38.77835152025516,51.4238159296221,0.7088565854410658,408.13145144580005
10.317589019418978,24.16375256487994,0.837578083943868,617.0262750214986
0.0,47.723298123980555,0.8378813193017971,611.3652178656632
0.0,31.572582213021377,0.7384982267454108,500.8254818839574
7.271314226862904,55.62817468560451,0.7005039831002868,423.0782753484001
21.622654749789334,25.213606494092147,0.8599541408016658,274.6917830993757
0.6709801262911516,31.07282365620325,0.8468001896044001,689.3134491974806
2.3100811079473695,27.444414408468024,0.7326044885166207,921.7402019970199
10.918588308495499,37.80942352511554,0.9490247049320102,370.53399178367334
11.266880679340877,28.082989481389866,0.8985461133882581,439.40744044315215
33.96130380975502,5.8976386420505165,0.7848285591624712,916.7957509061672
0.0,36.11231448267135,0.7002891143156069,635.9375694491708
5.004526800171235,36.426487404912436,0.9138514774143948,98.38749839686422
13.975048743736348,43.703325757831465,0.8561820283186751,897.3470326754085
0.0,54.7014597079667,0.8970194945834002,124.87140476320104
32.830389903999205,29.703089396858275,0.7869728727545873,423.27614937915905
38.70111498571791,58.96094164748484,0.7520228875699537,113.19291332127375
4.9605649527142175,42.77652312801778,0.7267884789119905,328.6899908418679
13.421866569160086,50.31248739409088,0.8454174354704317,392.1394890318425
10.833551771525471,51.2465248358875,0.739557375807746,121.90759412537187
11.543021256799076,54.86464704448051,0.7515755093588145,154.22776042910857
25.748546249083134,20.085577979579412,0.7554690712102108,939.4789658885974
18.107499080047518,21.067448299125584,0.7372276593903057,844.0227317671711
0.0,41.739850063959366,0.7771119165198781,103.92830653011228
30.820074946040307,53.57722058890802,0.7569493656385357,908.8879848868562
0.9711970536805604,18.497235377527627,0.8357316564709472,543.6933556860928
31.745560737610234,30.014061951523026,0.7966638385467333,704.2682881672225
33.458473861340444,19.260167068437177,0.9265127286844754,264.32036411132884
33.6380336168434,24.925482787122142,0.8207728091274876,46.876049247031695
36.71582528058332,41.4667613804093,0.8893357416422639,430.92059534015334
31.317521027283046,42.200707269973435,0.7052140364818559,133.45107513200526
3.487233465694222,25.80715804709388,0.7174164193779847,141.649381041067
26.177996140545144,52.22463817373446,0.8937554958096535,349.97196645516107
0.0,25.694845201286064,0.7061429141506341,961.727025865085
1.130307374366754,39.09568085156474,0.7001042874869257,594.7611352553843
8.947504563053654,34.14551340711914,0.7438941237206833,681.9539036354073
24.434723080613086,36.76656529457193,0.9109296681074106,596.2726233728494
11.944070525994885,22.341822585703472,0.7300583961254263,508.7665930405876
0.0,9.13512839295432,0.9323218434906129,660.120355925969
34.55735264927286,33.24126694783346,0.9053494075051292,537.15419631996
16.13790715503267,34.79906191318519,0.8333883579100936,509.247671033611
39.13173834035083,12.875722021513484,0.9484547070925353,270.9374026730174
27.31459994588538,56.305130875125904,0.9498870841885789,954.9086802970897
34.98294859948296,15.807377304056386,0.9332849998426667,246.15977409460834
8.76555471600226,20.49416632966892,0.8161786260643773,59.975356311263326
0.0,33.57705587151862,0.8099059850057764,778.0270649895671
16.358379429815315,23.381951060030246,0.7219692903540447,490.5912216863625
1.3984248948296452,31.66181877482581,0.7104816656571542,703.5661732641358
19.319063824427666,34.510148694386125,0.7518170951181111,673.8516042098909
1.7872313855845243,11.597261218797836,0.8901851874033486,975.4506498067736
0.0,52.74942005319192,0.8453172711515624,879.5471359298714
24.418076311946592,53.64709413893394,0.7675898024236217,745.2242048405317
10.41618538130815,24.011917818294904,0.8952362394011104,912.2001491061244
22.94752697776331,31.818843418673545,0.7174930222249292,320.50966679754606
26.21027960071376,22.5988515855915,0.9219353093160532,442.73475366698347
32.03514793401035,50.00056518998471,0.9150680818207242,500.4643476801945
15.442615549979626,44.22874326984366,0.7484388183163682,388.1450738649205
0.0,52.715755097299144,0.943233991343448,488.26585091071047
9.479851371895286,18.77877706620136,0.8449716614176062,78.56997769132587
18.205130568709833,31.72405947402055,0.81208376467044,773.4105360857757
0.0,28.336806029386093,0.722072791714078,947.5012568027502
32.206175331851206,20.522293630960593,0.8979212803256534,478.1718720704981
16.423195585331317,20.103576947890094,0.8907621979607108,368.230007594333
0.0,42.73034771113445,0.8940627607657815,908.2489715820516
25.60625709446643,38.59873489208071,0.8633448868858894,398.32211362238303
33.7869649166306,34.97575050756759,0.7496061521543085,875.746908667785
2.3669067055475796,15.03288616008165,0.8504523341799308,553.0347396783948
3.1886212823275777,46.53614224212375,0.7890380495955811,817.7052749106554
30.701338401091295,9.88818632738747,0.8045159894488003,656.823824471026
37.00927396425852,12.08556582814104,0.7753757177254561,428.2894253621249
38.486746770434934,40.778587420391865,0.9070792762632292,932.3100114011042
31.809879995694725,54.088868733954065,0.7168144448806117,520.5230568474046
22.06598368025155,16.319034647035522,0.8748910464600892,841.422951461999
13.89294436915792,19.904480420920496,0.7407955295035442,631.4912687192909
12.638607453153279,49.68859755384099,0.8601985398116692,365.0815562504702
29.99311999167581,10.263747152196668,0.725999624356925,182.71050934047406
25.08174814751174,34.00532311178401,0.7510485374188123,220.9987145796654
34.04470736785215,9.057534996170128,0.7950277079298852,44.69480715860705
9.279102031178809,10.662866267772587,0.8481772189309167,247.12261865894644
30.897784827334995,14.364126010531699,0.7093600837182318,946.90344829317
6.781985668080089,47.16340476878141,0.7149098147203157,427.9740627097642
24.468305302283245,56.579807864993214,0.8262861267706767,874.8196473913177
8.231567903280041,27.61962244909761,0.9243535460197261,207.0717771798977
3.4401981091668277,20.37912221582146,0.7602411392296744,532.857247224018
29.18393165202769,51.24014863701301,0.7403344364680079,706.2454414880508
25.599753727375667,53.43740922892295,0.9434508097513601,121.79488846895805
36.91817073908433,47.90946587097392,0.8613440286263139,647.9202382042723
28.323163015057073,54.55537700264212,0.7799173784605495,296.7444626621175
21.393602748162564,9.163949145719313,0.8273540210087691,428.2807392233141
0.16104868031468053,31.02458945783196,0.9143204173968779,356.5939217323504
14.644965002902289,15.893625060083265,0.8081213048453322,500.16328064778753
2.4163742880623658,7.367457972083821,0.7049008015737281,867.0985924254014
34.755163335967595,19.36150140554057,0.8297814519239833,962.6153554962755
9.073543827960535,48.3692787527722,0.728641955184666,213.05830189090383
39.83250769751321,35.27608372060411,0.884781263378004,342.950273516803
0.0,46.177243674526984,0.7073780451320357,313.1208375128133
24.271475299740732,29.870813229720614,0.798013627146811,523.6538960397556
0.8838213801163812,52.43895157615439,0.8572470912690663,701.9735934889775
6.717774596420759,25.505994157124647,0.7015695797429171,128.76413698845323
34.94102135895633,55.753620440405804,0.7190429329675319,183.40237318753782
16.6706629815062,32.392462842934904,0.9383708877076146,364.0845604233532
15.875162892261079,53.885997612468564,0.7593755848715744,893.95851639278
33.39889435967085,10.087195835105215,0.7006624582316008,659.4447210409309
30.63970411986159,15.826002818275496,0.9054550631856899,431.33673544217095
5.516684546609324,33.156160438843145,0.7599647431124761,888.2474304415069
5.51092163536623,16.44086792182521,0.8670718500977362,415.56634458784885
19.06776612306117,55.451362360431936,0.9144841338138342,195.60045529475744
25.88905364730483,23.71420362692941,0.7733196845675445,377.48776324298177
13.445684701150826,49.09248458139806,0.8151969471090208,846.4549709769485
0.0,58.266862126793306,0.897229979912689,386.6588941477286
26.24485189497401,49.358388002494365,0.742670084328499,551.2954372029675
13.079459445609988,48.891238447746325,0.7307907288482175,541.6186521740646
31.122081059279306,22.987689313065474,0.7969987460780684,573.0259245537528
25.350219104606925,15.322889716953265,0.9206900802480643,939.2485807989463
27.270930133265658,36.060873158410494,0.7270941440819301,655.8327463948057
6.924400436145244,32.707942422230374,0.9018558817142509,911.4885235484852
0.0,11.982896420196504,0.8001199971766358,655.4400312957081
1.8984936966231007,27.838717919551783,0.9125444680338823,872.795686650737
28.040544363651197,34.53276298653964,0.8767114813018808,415.89300849072856
29.64522512165145,57.179237144244226,0.8597514807676185,163.3257252494824
16.21160441030971,50.936002969724214,0.7665213259127149,714.0679782435311
23.266817016177033,59.97511068680143,0.7657976349408985,835.5153949454192
6.3548675051373555,55.10900964805636,0.886313216320967,645.5122622085967
34.03166127540962,51.81463253654229,0.7781210480396332,972.8632356110296
21.184917764412983,48.703144705564576,0.9332693103910976,509.24468256261935
8.94317645625881,20.626074383707653,0.8008128603209387,541.0238182728108
17.196008587702913,55.898101922503464,0.8017769084999347,950.7472299755901
24.174757474345085,37.953666189950475,0.8920086985498052,846.2283665518747
10.357221428808002,6.866897482582124,0.9156673454945147,870.5938758965938
21.198481604463254,28.916111261269425,0.7019766556778952,513.6798348718416
39.78798566153831,29.385346892448275,0.9239223243845316,271.6106719184678
2.2507589973333646,34.07711215299136,0.805123804682454,630.7153882377487
13.539467775180281,55.791135257357915,0.8823667134078151,779.3173452893235
12.71428371592212,34.81058728415229,0.744677271209899,160.13221547386777
35.0136472397125,43.603252415058115,0.733603031165143,79.75591937474874
34.08381177627164,9.971604153045746,0.8306647628856929,143.2342911757312
0.0,6.3267888373618675,0.7378933587342414,948.6969113817964
20.579352568920775,35.54379321288589,0.9285735544319121,437.78042200359647
20.83051142435157,17.60157218146293,0.7155353239582527,743.563724578592
4.067395839438594,37.39688228249988,0.793091445584611,740.1628841060531
28.35484420557036,38.1383389476997,0.92928507720863,231.57590450963542
0.0,33.16853223020377,0.7364964458267693,934.2820262625584
36.393775585653955,58.421428791987644,0.7584049382834983,411.60413563187643
18.20706827901461,31.326473542622594,0.7185582626960071,938.1955417068326
32.94019208146921,37.68488016347236,0.8607098335095448,630.0451267088994
28.01374528919549,56.59281286831305,0.8949095081836385,61.956426322872
18.479896319081583,41.81277489797638,0.7865541483879706,927.1852543466343
27.754148719643226,30.372025651448777,0.9175093751703789,319.6596306789654
2.62160814543267,56.5754847926733,0.9266863130019638,440.27464742573596
18.677819221000753,32.68614263056106,0.9368716421540565,918.5192174217066
3.864541317564064,36.819162525829306,0.8031763840585082,347.35489874138625
20.56112902244252,5.04913851270719,0.8293651622507503,674.6889574109505
8.773417959940426,56.4185883932838,0.8701565173710064,801.4240064430396
0.0,25.342626667944263,0.8813928682093797,462.7377069688816
33.44284340848668,17.166941205719176,0.8768969329298,492.9277628788132
31.07091662316427,20.868582752877355,0.8175423298100377,153.4166153199531
21.778288582327352,36.5678775804071,0.7270266921936541,887.3872015997841
12.280199167895747,21.056150052015873,0.7453777741760012,453.5451802371954
10.602211165055312,13.340557366272984,0.8673419114892037,307.91371437767464
12.644476899688595,18.068188076349667,0.8317528541522424,342.74369661866564
19.238403949727385,10.55839369697979,0.9499858896402626,831.8183421782309
11.54453808616947,37.07693995092798,0.8550756267555455,288.7202408466751
32.01866118246895,32.392957545543695,0.8560274441486595,601.7961285474773
9.680593686115687,19.138905381561216,0.7618857564652564,814.8446668446552
8.584068473786667,49.108599024697234,0.7609541968647626,615.6161812398801
38.0282861568614,43.66165992323762,0.784315645808505,807.3916318352722
24.90648656352915,32.272799996801915,0.9346313045940879,450.84782310382104
0.0,41.551218522952844,0.802839750869067,66.62481747382202
37.73794470951627,10.846434352716408,0.7265560133814111,879.7167070333616
37.63738131232581,7.838600766690254,0.748626889854932,819.8787032770742
0.0,55.9616456062705,0.8794687375598449,237.23805521184693
17.920986466832485,42.25694228323507,0.7287368017414666,365.5531396771883
35.98422898032821,16.991403312854537,0.8979868231886856,872.709519976141
32.63887556190036,46.60114948369691,0.8689275885322367,468.3152144834218
16.80192077243154,30.773752695069074,0.8980587913313252,139.83647602290682
26.831852876903874,58.7443380225892,0.8463958624217338,234.84980712082768
36.67969577335138,33.13450930058709,0.8215803834915536,933.721117505401
5.9704391879589105,39.72596869805057,0.8200165359715814,475.65075296307623
10.920122105545992,27.323573084500428,0.8564819018774312,233.72337953237314
32.777931182705494,20.295359549089454,0.7978846832356128,932.6089924158747
0.40018811903412993,31.397835294331287,0.7819231725491613,564.9254744892821
3.041673398328247,28.813455660232897,0.719145186686938,923.2820120321968
22.911573225191788,7.090646493674329,0.8503705517918573,188.76725112817053
12.390721539272782,19.314053797583124,0.8171761557132001,541.7604592758375
33.39546924783169,49.88785978858793,0.8744937801932318,401.8499018639722
12.912930795629066,26.28503073113755,0.7687400203271316,533.8877461153904
36.90630552069322,20.531798146132846,0.903819402509306,666.056921089801
12.95815434586486,56.767541225059446,0.8598386248294524,987.1114414244647
3.6236099801546997,44.81443286996919,0.8745708380303473,754.8304336143516
34.96869338473703,59.3777713885423,0.7426530610260509,684.3009775095755
38.77897437200916,5.22357787178228,0.7785631231605742,449.34304164984803
27.18723424153142,31.834843713422103,0.9057439253521143,876.0816479045759
4.401965843627451,50.57671968488137,0.9123777353510149,621.3200685733109
17.030193454880607,44.05520796774533,0.8065181685454951,694.3253332866968
27.033175857225935,33.69645074140446,0.8253299631882184,785.257657183824
