region_means,region_thetas,region_zero_probs,region_lengths
13.76040631455426,6.451810524813012,0.718772572909074,575.0030272451547
9.7414642868817,21.621641287385188,0.8542222083331835,243.56449449073523
24.734129829006765,39.79942198223566,0.8045928376340067,833.4229752901598
6.419068734354877,12.851720558348193,0.8634064793812761,660.1642275383853
39.000764686616144,57.7153080400617,0.7584435063535401,303.75064243637337
34.00701829726453,7.981476707541938,0.8871752084137485,244.13143569443093
13.154480604328114,42.74809597643669,0.7624247076667318,950.3592206397457
20.61577219786185,51.588715059796655,0.9071799304113101,114.10710257888309
16.83498974976804,5.921675963054312,0.9242535663446356,221.5417056177898
26.732398611388234,6.947117737710692,0.8262160726281418,759.3654049285735
24.269177370071247,43.32617708215828,0.7050725746001872,535.8240180087587
30.384609200925198,17.69617053136191,0.9286982553866691,540.228899335151
16.577669311498067,6.443001402021051,0.7622563881584854,655.5851524312841
26.06375440433538,25.990272395720034,0.7919957507879039,216.8259262843739
0.0,53.00881059122307,0.735187147301009,581.054603612275
25.67180517496459,25.239102047172505,0.733412036476737,430.7184032615605
11.487112515355365,47.74765918563867,0.7865271806423355,263.7445552136377
13.057792241317808,51.246334292684594,0.7394719150803771,773.6105283581309
18.163536218615242,54.52869129976009,0.8079984854760965,64.41387708619736
0.0,48.809935556352315,0.8959606412186217,871.6676652549407
36.167755491367046,6.716245714817035,0.8812587520308985,179.8560411995535
26.998430757546785,23.07418563871806,0.7789242275813929,344.58804965308855
13.092149429080848,45.02363846610934,0.8307802900088243,890.3341369037363
7.279902913386203,8.655411392926812,0.8627271592274555,161.3774425549227
27.43668091429384,28.35205997914108,0.7567897331974482,156.04577991985937
24.181905922266846,45.11769729543861,0.8505844200127494,810.2497046134606
1.4404908870880675,47.63249867370534,0.8443359066262106,525.8170880208295
1.4631357393236049,5.5474756398480185,0.9131855572289396,381.5474417210215
32.424643349692985,47.504015663487095,0.9415402854430869,340.1199035861727
0.0,37.68991394767469,0.9412825981783994,840.8084246951494
12.297373914803318,11.503999929194489,0.9273189855365342,497.6475184216681
34.15887590771826,36.07345952129519,0.9157457147457987,485.5443257624587
12.970878827089948,43.60364128074762,0.7661235722330265,309.63081106143005
27.200329367190868,34.04943788978283,0.9348304635776872,972.9750295363338
3.4528780413239337,39.24926277090455,0.8425446945624231,985.0451949847967
35.6947840882566,40.11173144420693,0.7364817214005253,693.9300145979896
33.51000688331542,52.76451856665397,0.8614859362790591,115.16844195348078
9.184541641745543,19.7505459812807,0.8472287947615271,507.735263513029
0.0,39.849499295597994,0.8179115492173434,115.00534752968264
0.8372831595926196,54.26404218838925,0.8910271161639802,77.28122926815206
16.54352089858623,50.17650828869654,0.7205979774842515,347.4225429407946
0.0,8.281915734020311,0.8947933250931145,144.01491749945825
13.762168003405803,43.54261251566848,0.9352830929661997,606.205756161299
32.13119923401119,28.979701593162755,0.7064741944209663,922.4622772337625
33.84492359787911,21.405009701363383,0.7136585003041205,526.9352399355192
0.23036640268915287,35.721125751793984,0.9187532187146273,91.81950425012784
0.0,55.861832526550785,0.7502695825616518,379.6540608372017
9.555461897807103,50.03997900969234,0.7138017940815147,266.67250661213546
21.824775268447713,10.729789205030805,0.793892554304843,822.3418430600093
23.150285522293785,27.482277689606825,0.9376067863095084,804.8289842060601
4.407639152570374,32.40746055292723,0.9244598887094534,90.30160463651718
14.073934317971304,39.21477503275523,0.7300567362116885,167.72354589205887
36.25502516967257,20.095520326438297,0.7540729418505097,744.2178512397014
27.287996740306813,18.41275572002194,0.9337118622214192,618.9968014778037
18.73089651047391,11.749501372894834,0.743362830134069,947.7929654727252
26.70506377271501,18.17352331283862,0.7917966361313281,632.9862644248415
17.62385416070098,37.921496545566214,0.7604291937259177,273.1947710986562
28.964276070637105,59.67245461793084,0.8612474317013771,613.7645878981768
33.48431310095073,21.913262533141523,0.8687645227960299,452.4843637367008
9.084634639173835,47.96868753753466,0.8705124360093242,215.90206190891763
3.1991764420056383,11.62735896401894,0.704077590561309,908.9060073588907
1.679158604152782,45.244236558343694,0.7826905885545044,140.52900873085053
11.981416638844275,49.71310921869701,0.8790865056780844,392.26717732957763
18.768026143747985,44.22044299994118,0.7118280509093237,178.1241922030395
35.97396380564179,22.113383330360453,0.9439957515192064,328.3332059674721
13.90559140453144,33.11857135555709,0.8273831543721287,867.8062285683612
28.286856666306644,32.537994021953,0.7302975080888372,241.73847205767717
6.411278388618754,55.9793812626606,0.7915767107464956,555.0640436444921
14.709014304163812,30.521930801346322,0.7586942489317731,358.16570655207164
10.695719854875906,25.61210247780487,0.9230323764863708,816.1228292907538
14.097730268969316,36.78342295642572,0.845145782072687,827.5945712309913
34.561581027975656,52.868429867667196,0.7868826525554222,587.7647906505148
3.6042906442111047,37.858164471285825,0.8832992880117704,539.1126582358618
20.076130336095463,11.448012648231185,0.8528437939061666,148.79386169082733
19.656750872550734,9.416314847329515,0.8785785058119577,121.95912084621511
39.19780958208516,40.26812413242854,0.7089622765450974,183.02945532267404
17.715079298042237,35.98750724893071,0.8225185982840078,829.1069789453564
38.302321645775955,55.29727733629042,0.8604544433078334,909.0048155972697
0.0,39.00198011040129,0.9038443539527397,840.4132623947883
22.274585154306788,7.848563108439239,0.7923306841064728,441.13775961468633
7.87362288159816,53.815900159976074,0.7616627554747901,146.57159407884865
14.32563403398434,31.86826205190012,0.7440053338410911,122.56886111425234
25.636588382502904,46.56297747608302,0.7495172853198171,946.0832243251568
26.006473810097514,7.139389657679219,0.8454169616795786,900.8838263634483
0.0,34.757661935569104,0.8775753081108231,591.8477187717776
13.56264286519319,29.286962106225488,0.9091362366261386,998.5786991471682
9.592941685007844,39.04484593134312,0.7466567883851665,914.771087089264
22.660968195660885,5.583956009657328,0.9037397673977139,322.27282161385654
8.343767222138366,52.673674556319384,0.8032701657792093,103.78990503438963
16.431028031594817,35.707225080122875,0.7334709465869214,86.10921634243063
18.717752332030244,11.975378927226558,0.8904881793973873,870.5919471118904
5.036896952279811,32.0154348017542,0.7107581652977419,736.4250289340218
18.630834401119337,5.100816352987202,0.9314353610454486,990.280918739264
23.110472086673756,53.305072373857804,0.7448193557592517,421.1200094880301
0.0,10.26464693268072,0.7291407166466499,366.7505076553579
9.661204832543888,19.049680781815105,0.8181590456531918,793.9110812946657
2.347507460019894,13.305575201765057,0.7702851315427452,621.2154620956999
10.257784516902632,11.227764018435401,0.7169835593707166,839.6124691714383
38.53131710925474,8.901455920278725,0.7409458749806195,751.6020515199637
0.0,53.49379453200213,0.9166036027423758,160.92629752717895
39.43263993108798,14.146687389155074,0.7738380488472356,520.6895832476339
30.421193117590548,6.162127550440816,0.7352206986334133,963.113848610813
22.407297984452867,58.10444452184902,0.7250600867777901,636.2223824807763
11.529416634103963,26.161826939237045,0.8615735915958782,523.2435620559061
17.624858930575073,59.691190878951396,0.9279742826309015,739.1099232393391
25.077093061044746,31.946272410416597,0.7504577893626198,605.3253186354838
3.8367304965092535,45.92872087632565,0.8042716201433842,51.385630300767424
1.9766655029904951,36.484919082124485,0.9394367168179342,782.5606043869967
20.155252662558325,17.441543368653146,0.757562711070317,807.8823270842975
14.236139884944713,59.524342763415724,0.8326130747216139,64.69464268170512
32.97033021521244,20.346405220635898,0.7416421382186374,333.26387283587906
25.171105496346684,40.86276295064295,0.7305805486134445,195.6099809046828
18.389507543216908,52.9361185784381,0.7283876602916279,449.3155822904378
37.870039949048966,41.20629097980598,0.8825769252153052,421.31238153020956
15.543159092324636,34.42300793557769,0.8859140584968721,246.38300651852114
39.24150332640863,46.65787349178601,0.8708618862165107,839.1020673958938
24.929880520644442,16.312317959534045,0.8266002942262893,122.23516456127368
27.99419872889302,29.922947480375527,0.8328244881784441,693.7861842940968
10.481325020066924,8.117628963194305,0.7760887571831604,995.196244268172
4.771503907325155,21.979139522023534,0.9137824870699034,331.39679765258165
38.05581089331588,42.5882021988158,0.941244988565656,977.293574297857
12.107540097038079,52.02133167472332,0.7459617657764027,560.3089647035223
33.95498142393914,14.437933112105226,0.9373467618389857,419.63771646722125
6.8183753761387855,7.002344864722788,0.8479606989835438,800.3084003906929
3.0455130283191267,36.586160567673744,0.9060586898521807,330.3284802937269
18.842790503451898,7.127733496468994,0.7726855580559833,196.78677733895177
7.17738693786334,19.986737588770485,0.9460236814947185,57.11274231825122
16.335806271438063,32.988939169934724,0.9259432073196159,293.94974873281734
14.488754505067103,18.79963476740862,0.8471076120977751,513.2811177574488
1.8923079151061453,29.786867624172924,0.9287929695452299,649.6516321103218
3.326150331513651,47.06774490586759,0.8032194711303056,230.70474741990506
29.009681824184856,7.940601434368284,0.864336912344458,216.99758870374
3.910870957609267,10.897848341096264,0.7768385129052415,287.6330151126864
5.123432272876961,25.926434123576943,0.881595850221376,510.1460343214468
6.628827694685931,33.598802301661365,0.8824922553982695,465.04752652535836
39.11761932535354,54.48241250059611,0.927912573281064,215.613600859632
30.799871615356697,23.806729909280335,0.785293371540068,942.879613104982
8.758563818669,28.82976125536006,0.8284359925241863,564.904748233721
0.0,34.67952485617093,0.7564863863846815,85.15247557650855
10.345641819586554,53.40928804230788,0.8875110607048124,455.23850888891263
0.0,23.637763461194588,0.7782712530735092,989.2908844676246
37.42964120894441,28.8910101986736,0.7820948837323843,219.0666603217204
22.214201747412808,25.476776313707862,0.8455262874362761,954.5744197531243
14.22981348344298,20.198223550537435,0.71886844336322,176.986858737901
15.346902822079251,5.1082790904078745,0.779923391863905,479.15676291290504
16.080849368367975,17.845573357134402,0.8904862768802988,567.3024121967931
11.565391115419246,18.00192003519351,0.726778850710734,625.8947435575737
14.052475508393691,57.64254014539866,0.7420756843249665,153.75766479721244
6.398291442930473,31.764725786903448,0.8547237367317364,52.19928229377956
3.1590550997354945,56.31404285141932,0.8851209983880962,229.83557155358358
8.278826338045574,33.46715836952686,0.742069215026671,869.6593465068546
18.130980906660216,38.06141308913866,0.8151830029238846,782.7628883461377
2.8361502026540526,42.26019509699271,0.8715300464249902,455.9459338890706
30.431067576136527,59.7359925991685,0.8908699431754139,248.87787999103634
0.0,8.9010913959833,0.8918241646823123,964.3691843619712
17.09313904846919,23.80394113759194,0.9273167839566498,536.6644503058885
39.03227313075223,58.21794170437569,0.7696695255711452,323.26878686598735
21.105649904530456,17.963097087469674,0.7679976242870084,835.0498568534501
18.924179612712674,54.27826576042734,0.723822990404108,63.817475490492335
33.47407472045243,13.67326302780616,0.8039503908060093,178.17072646478127
11.153955211140495,58.43499927772461,0.727643560082591,836.0208066186078
0.8605132819878266,33.3176097296772,0.7147402965412408,44.88307205561714
1.7523727082818361,21.346125302423783,0.9360546189451733,768.2390183142186
0.0,39.89877293714848,0.8072199731083818,695.6134446599298
27.63063179062443,41.028949696482385,0.7127896977790787,212.7936489947854
0.0,55.219502105381125,0.8448264704321792,894.8395832914334
26.219595958176676,16.799094071461315,0.7393757547294331,545.3134677262339
12.419612580587257,21.208021342175808,0.7863347401441648,538.1475159306176
24.793378399672488,23.101692642184773,0.7690344247812101,791.5810200517942
29.031551883041363,25.27150357874966,0.9041812691797473,594.4962638634022
8.18177397240871,11.655818604397531,0.8934642829632727,356.0795791072526
31.398340629771337,16.810362125590178,0.7524688497830601,453.5587083627702
16.66942954513887,15.186342486928359,0.7139214641084636,860.481948220916
9.251487385234881,42.92331405860231,0.7645435369431057,121.48098855565443
0.0,42.371928610978166,0.7546877835227256,347.146968049302
39.07772251824828,26.28333687751623,0.8123051149076841,207.65338273528135
3.625576533327316,33.72812519082059,0.8886005403074049,101.0294083988169
0.0,46.91150138752581,0.8307333891856634,616.7343573054148
31.546253215214534,40.68269465884954,0.847170890236604,918.4374554990279
31.451787382397974,38.94973459731381,0.7610323724691335,380.5241945484893
10.758024532900059,27.69368960455613,0.7414329307600829,70.86419224667918
6.011969023795667,38.150155861391745,0.8743013675626949,191.29009382552536
7.2807109409924005,56.248260848534485,0.9324354793761992,603.0462746526068
22.197383114001845,16.114408109667355,0.9441924547167339,978.3676235782328
8.112548831790242,51.35170999614882,0.8994722569825021,375.36571325041007
1.8092258772336323,17.587396267483804,0.924972173717094,875.4999574511658
27.185354431192813,34.37058447967057,0.823605870923577,42.76115052884805
9.351393881162041,29.63420125659246,0.7790735999210776,593.961617988557
0.0,54.61334876709757,0.9043783652044225,194.5542999103174
13.001506815381338,34.23701302317302,0.9343459639625582,483.67157763466474
28.853406210376292,51.73408203810827,0.8329628969708989,479.64181997723745
22.842274133753214,28.473680863086297,0.8320816679954061,180.16950249997444
25.28855744370497,14.368768418267349,0.9496127759271202,733.9656127094806
13.663646386603359,5.637140365334134,0.7576540629106916,982.436914598236
39.614347751350785,52.296082322103636,0.7656600943335696,343.5748733009548
6.8593826874735475,16.591503518603826,0.928178984084461,824.0978957810238
21.528597868267404,10.7005144745102,0.9101952288686583,615.6299470730615
1.8210383777504204,28.740488540347563,0.8163569748671693,257.41496254888256
17.23729018438124,16.59371916488395,0.8693096233970483,723.8357824947516
29.36746270920807,33.821578498969565,0.7015445841542265,170.88190529660739
17.486152881552933,58.386032562407344,0.8659712676108142,489.31565473923536
27.14269940798767,57.64282548917728,0.8515206284918561,117.22279641415192
27.240071009544327,33.89604412417953,0.9126335406344218,609.1767893069316
14.996389454134139,45.176385408051644,0.7690508893545063,516.0737140335734
7.134772132072479,48.33965342568404,0.8025962654406192,629.204139862261
15.914773987387688,19.642789976134765,0.8824576295488333,392.83131766344786
6.651655822319933,7.8337108839789735,0.8898035203040993,40.83652875026633
38.84266407838348,58.48513519758536,0.7494171271116437,489.1364037987197
35.5461233471488,53.56694983690833,0.7671903758612154,814.4284809248275
31.790627425698432,6.245372100619083,0.9461317963887125,201.27264858020874
29.165730956300624,6.9805899837770795,0.7263139966483578,486.82809526672025
26.57275164174968,28.97937253461728,0.8061485860814713,561.5920299733187
14.58711594217605,33.58783476158192,0.8252038036034101,828.8657128888632
13.81678573504398,20.09326238085906,0.7082705879190369,99.68479952397232
0.0,37.67211428722223,0.7771423339980583,202.81699714863564
17.574905374193598,38.49133975326552,0.7941291646413757,511.38016186138094
19.150004694963336,18.09713116888451,0.8930000312887385,789.8426095010269
7.545186585383142,29.62427023876056,0.801520273778877,211.14346805133852
19.048661035683477,46.03711546420116,0.7479612199223543,694.4885447382658
14.520790816911786,18.676226010843102,0.8821964532736861,965.7309432626779
35.442391626825135,19.578633037183188,0.8007298273816396,305.9179272830571
28.820916919309308,31.223026463100048,0.89318612986121,146.66491509724773
16.807309237706587,45.05628131741928,0.7999516747703586,338.71705005216364
18.629211960311103,19.455044306647736,0.7616578775428897,323.5355919525174
33.8291325085238,39.82038249572708,0.8257630036073293,621.4766554306242
7.605209588697576,37.967134973796945,0.8727656517379624,989.7366756928305
38.260046620892965,32.778338502446736,0.7011987305775707,317.3025128782081
14.802823274635493,25.669033357035385,0.9444824000021983,725.1040933532431
10.365308689417137,5.52783658033364,0.8359802438084971,124.38675959790888
9.519092585106277,48.405571358392415,0.74353975854006,691.2986725491488
35.401430805838565,34.98793204504802,0.7033529065361505,936.811246082606
0.0,31.632059423371995,0.8632622919998126,927.0161174331469
38.10720324579899,48.203825734274176,0.8628710160749593,310.5409580556377
0.44656933239404956,35.75946400262449,0.8479341199052046,169.50933958335492
0.0,16.983208882398017,0.7105428339430445,395.9600424734223
8.153663161408545,48.64369620249036,0.908257058939368,879.8198918381349
12.428164513971526,7.916747044906888,0.9222079261130285,772.023015431169
7.0295088521050415,47.95429233984179,0.8751068419248057,823.9449388290167
15.518796824160521,14.064142216961544,0.7918646673364883,741.5157858080835
28.5546385079167,9.150769660779005,0.9039949859613214,639.6982419553625
38.794078703436156,12.633303555078282,0.7529561468898198,789.6320565525066
20.253337922473378,22.24046315699779,0.9252098682370311,594.7587750274456
14.383688961904145,45.4240826200429,0.7837689973829295,807.4877686802525
32.567533436306256,38.324838442272885,0.8150810523958197,527.50754892655
8.092779455299135,59.8768899484877,0.8319776592670294,96.77421566253948
3.979834057324853,14.823383709861119,0.736815982933158,260.84927463944433
26.133466817234897,23.146064176724277,0.8803899377688196,99.64153973983386
0.2531667070177539,47.57833643169215,0.7488623182414794,439.7041216154852
0.0,15.72591693920725,0.8052891141854971,91.40864833748194
0.0,46.35311506933927,0.9005901708486768,932.9699776584838
12.661454721042047,6.719255431460769,0.8739587277464732,965.3034871218674
2.9172402486983113,32.0281384863173,0.7421237535585847,261.81347884838624
13.432251873894103,29.98064606050938,0.784413604760128,106.38917625100686
20.35650587153868,33.236770744764755,0.8166060262015461,591.2122251716817
15.734097795829195,48.648585794762965,0.785977408902033,462.701124823788
0.0,48.60766570467659,0.8713234185390395,839.6567839756657
9.600336279296027,36.20296798532821,0.8844334047153759,806.570047322939
26.765214471105427,9.286890182924534,0.8661761753932108,740.0398687970144
19.703186441637307,9.021411022946767,0.777665185151605,678.2329336855248
0.0,14.668654916993926,0.8626386324178031,666.8040427363043
0.0,46.86429403301042,0.7179617126037309,138.23455782140962
0.37080519045654137,55.348448829723175,0.7946894348921455,974.3446247389456
34.679265928716376,44.09548621583839,0.7572746295484432,523.4871720510432
29.757049280286964,7.816331065615213,0.768168828301317,120.37405292380548
27.77251259144285,41.54460673563132,0.9088701903924954,159.1133294608254
12.375058740073978,47.38638616881988,0.7091522723443471,176.16660279721984
24.845163946022375,52.94112745992065,0.9418137074600312,584.1151250855456
17.64881775218091,25.539126025298806,0.8509210899155516,281.00869219911965
10.708840358395666,58.27293657113376,0.9168226962767123,282.3158242033508
9.552938629453358,53.30739609901269,0.7591617668336132,704.3145792374441
10.358290134863756,57.91466366912614,0.8765516724299325,962.4283683463135
19.642797848740482,37.78782523822184,0.920597484008776,571.3760561245286
24.913715280044975,29.988490151390536,0.8040088868790931,465.57705050040533
0.0,39.95780902230874,0.7676705575574186,796.4597058908417
13.377025201415597,25.009171338481814,0.7016731564623123,145.42836625305907
4.71695134656005,35.938192718934836,0.7205301441325445,838.058219186539
29.828034534647834,53.00112066058488,0.8019672703249574,199.06452601226277
19.55068825887319,21.07530598155627,0.8918233309744295,773.1347246045252
37.769524216806985,14.073386362995238,0.7911476175369975,813.9269812475144
0.0,33.175253183091606,0.7841435504359986,899.5214003295093
0.0,6.747526023317625,0.901138646957198,270.96032807945727
9.77845525983509,36.33715603922978,0.8873978315709694,720.0094065821584
38.13117113964251,57.44385103749284,0.9221984533261641,768.6164066771082
1.0416521944591988,18.49769677705153,0.8968363210850057,359.11653314353146
15.608960842532811,11.66315110597861,0.9009722699895227,627.7173401629994
31.3516558816375,11.023872285317148,0.9179991028014274,708.8393039077573
4.418418112685559,27.90048022889678,0.8355071916800463,240.52110210880042
0.0,23.202253357503377,0.7616119163542323,605.3429705187311
24.6546584672911,9.469877180113295,0.832453847951355,611.2252074594204
25.31195791107527,15.814413294012423,0.8762800467116365,477.1979104202412
37.3628163416384,23.77386422165928,0.8356624592823729,730.5961805188347
0.0,47.40387046704968,0.8734422580687085,716.9941222509269
0.0,26.657644507449113,0.8590701332521966,693.8465606398415
1.610346178482941,47.03885389862862,0.7263266901667189,653.6280241829016
17.509568393779276,42.2650867477884,0.7597709621578226,834.3365291288815
35.88516551278473,15.43649129456328,0.7271002472725852,708.9510820353303
34.10470717815124,57.3925968769622,0.8405707320187418,589.262979314284
7.578424000049925,7.024629127539107,0.8131233794031018,890.4736007574323
16.33930560949504,55.79120023151139,0.8371394052671123,81.90512923199535
10.796630444395596,46.18577116198028,0.8127929077390812,816.4321221065073
0.0,40.51286804225097,0.8097909071934134,692.4808603512553
1.920442666287167,13.85551889377642,0.7482952303446088,717.2920034759527
31.194704851477155,24.315870238541127,0.7743211063414248,564.7591201352208
23.969905759935713,8.621583597519734,0.871332708771329,145.39084926552707
12.072190855114798,46.655135500232696,0.8171091922719187,604.5929476191177
0.0,12.44412189508496,0.8092211205591562,731.8502462577642
32.931462976936025,22.36371375103281,0.7374772915094434,562.8478173884223
31.75431140916321,16.151035529182916,0.8890838891973285,603.4209140455636
30.656262739029856,33.978791806759475,0.8990558226272646,599.6329082862748
0.0,53.76336810874709,0.9477563099329911,304.7781142640258
6.2750690765241615,47.990453459563895,0.9411729273451908,651.3630066202935
0.0,8.883393196795835,0.9432587463496218,68.62654394136811
32.14533975143709,50.57740626459152,0.9303731664924013,664.7823883238345
0.0,53.6652671747162,0.7739491824695754,949.969519162902
27.84456075531858,29.643981094337736,0.8118037790123525,659.7367209974868
9.11805790793785,52.20977874184736,0.8296381928882314,612.9268865032498
16.01713888770692,54.9631726161345,0.8357146067465154,290.50673107970067
1.3426317067494202,49.35590742408838,0.9352476626369612,640.9636869017372
20.140644344237405,58.83188974633558,0.8613344305591057,786.3758764492601
23.56792215692097,40.675121077928424,0.930282696237852,700.1838623159947
8.627922884864933,10.203501891281434,0.7415781200165533,351.4648339639138
0.22142548164594694,45.37497534085567,0.8677767046950906,128.39984900010876
35.81830280208921,18.314332512828774,0.783294582941529,419.6266940060006
36.57958135970966,30.128273685301167,0.8720745050259593,383.12785112038915
34.120258101704536,37.01002225745929,0.7636799629431734,346.4363748741414
3.0043796959565436,35.578695137331195,0.8053135034360226,174.93216299836402
8.242004156806225,20.240378276331448,0.8270404977205644,645.368363502885
22.9899259636394,20.720636970474114,0.9488491535256357,987.27176087564
19.24845936399474,22.72279911875866,0.7801560918484779,376.04478102945643
35.070442270796995,47.621422305474916,0.7327483778963702,131.38124231204617
28.17981564861548,55.11155987327257,0.7789468997502983,293.0049945229129
12.991975086349683,29.83136209258952,0.7144511849473956,636.4796430742973
0.0,6.983304879581034,0.7746502863553297,159.0935680873044
30.650502557890515,14.282134743417492,0.7105643031819335,78.31419604135675
0.0,46.55107991834953,0.7742691407587816,104.13713252879876
0.0,32.07743734428173,0.7228202219329591,41.47683512037144
31.599353543143916,39.49292015366152,0.7729472360852356,968.1728283386349
11.665245685855682,29.142985486950266,0.796285578891877,72.58161716509906
0.0,54.30772117449661,0.8195752482509503,363.5876922885962
28.998006220801543,6.934737434384071,0.7550602354135886,255.34705348249773
36.78746347286173,36.973181532557994,0.7426985979996231,97.57190744756375
31.474502245856222,50.700625157615654,0.7261627315936613,302.468721732566
39.22780568190092,28.08053262221773,0.8571831025540745,500.90560646715505
5.715282815804084,40.45416531691034,0.762680158964334,906.2797776588898
5.204590432291472,57.132077828950315,0.720318350415695,435.8946890325574
39.388267561194056,16.29304804778705,0.9102145229117473,140.05845256428438
9.57815157737479,38.6238169260511,0.8912171780707324,686.1710562598582
0.0,45.69521827279857,0.8998791245017282,490.1613337623757
1.2397721107834108,10.308848332383077,0.7562269434384224,527.9798260152203
21.9231300180651,31.92064807105059,0.8083203143582074,97.0180690045704
10.648326038743098,8.971724429704414,0.8169941339101809,528.250890637803
32.2211428498691,26.176656578180268,0.8968746076915495,763.1807329761082
11.921910900890875,43.52660266010457,0.7490174713994113,339.047342506502
33.56726166465043,27.117546966557594,0.8043928893237042,391.9809628872828
36.868881409174676,10.497916370174785,0.757650981717073,331.7306025559663
29.034543550145294,55.53176698177545,0.905329408875857,814.1672755763773
3.4879071616775263,37.687667939636,0.807865342218261,405.5684959433287
32.588306171848366,31.780962040079892,0.7572396052810363,419.47753602798525
4.77576514290861,20.942388780296948,0.9353157833783694,873.3547683672568
19.670885883716487,10.658469616274248,0.7340358243090186,364.44162361787494
8.233945360621028,47.97329587314841,0.8660639667744248,579.1228356922753
24.0261976367976,59.5470256364797,0.794426634297639,526.6312459107025
13.677077795539143,8.061120737592502,0.7094948825570793,710.6851279729005
0.0,19.2468703865378,0.792151175596522,445.61756568689214
25.58150812177419,47.62371439684928,0.7663591078855029,135.9357902576063
8.391952265607785,8.352132364870004,0.8590908846287003,221.3622212047838
18.147933982188928,38.20578404847059,0.8004601856241613,630.4697810195582
9.190383871247729,35.62542416425312,0.8603389673881991,679.9438392794455
1.3109219762349062,16.35367587261271,0.741678611840402,195.30519203148685
1.386623981227542,49.4319797150235,0.7205164225609813,821.688976032767
14.178090511513098,21.775573405697656,0.8224949063042026,639.3665522287203
8.786278656564257,57.35338074251947,0.9075317310951241,43.29926821450389
27.071987229904092,29.77076065108413,0.8941958183063519,239.79953406593833
0.0,18.834960134665444,0.7859555652188375,222.8444571456974
19.325874597291513,32.62047857873707,0.7013687835460131,141.93886165024622
33.66423163616353,17.34480271748146,0.7390504652380424,945.69917804993
8.517679686254082,10.64714371933511,0.8940213365110863,372.0665929090866
26.766729045375545,56.76174918636423,0.7758073770123806,252.01637146083658
14.910266950529001,15.028024630860397,0.8044680212044613,914.4888866192448
20.764058355784005,58.28471395055236,0.7199003444506122,61.40724752885433
8.825672694549064,33.03753949254252,0.9251926674708074,876.2190532165231
13.757924537089332,50.98885583790034,0.737952276748004,965.5474743203673
14.888855588346113,51.518448280307425,0.7724959947620816,144.28229500454393
19.942542570227197,9.118138315953074,0.8909939387055421,785.4280316312664
7.775341728384669,21.305520039726687,0.7966937641325984,564.9702892821077
0.0,16.87059415564617,0.7720942204652684,732.7285134846318
14.131242745134045,17.79302274356351,0.8103264105628387,833.4828086732084
33.75965241822865,27.874543242120495,0.8064647235962672,304.2203148780481
10.653900449627677,42.18265457650379,0.8170550214297885,325.5367290311448
0.0,20.05486265801071,0.8705914566708807,868.7639798013165
14.004958915938744,46.887998472115655,0.7137457841620557,222.023823737693
25.114003744079138,42.78575028541542,0.8528072814734735,710.5541558044436
4.530970112079066,47.000261275308,0.7076236163597025,507.56493230306756
10.824311513902224,58.78491719512825,0.8177084756203591,813.2755380650578
26.305655766846755,10.373834476297828,0.8987303474024271,368.4885931848928
34.49569586179944,24.671453474391207,0.8138742174509268,83.21753644040311
18.337173463743767,6.411781505644067,0.7992736599860508,591.0342295044981
11.64819395159506,10.493413846416372,0.7199693587651177,856.7172998549382
25.388479942378634,51.21400330453538,0.8017657764785341,423.8063937462506
28.937160312447265,29.82748984712828,0.9482048728653595,482.2871637827222
0.0,21.4963877742334,0.8053514224956719,874.3452556468043
6.033853433203293,43.29469138060084,0.8690335255976316,211.0623626514857
0.0,9.943265783860243,0.8802913447491469,809.4691476303268
28.204593342840756,52.66001381676269,0.8055497245633916,400.1389859488371
27.29195904312659,15.600531517696067,0.855783447783645,732.407696364745
8.849561484151153,9.03865103321417,0.7059407067407831,159.80576816095078
28.44981781061834,55.80109323884629,0.8181462228467377,544.8491787492812
10.000183484544973,18.693345058511557,0.8792668988077598,48.65019686882558
8.079391205196323,12.20245427609515,0.8975981982697707,671.7787477117407
25.42326759244979,28.61634299888868,0.7858978877434862,728.6793272881571
1.543267543893496,57.92620336096757,0.8375702292976633,252.98726908938568
7.261897696474169,49.63077275652169,0.7431239619620417,261.92264676447314
0.0,31.36797578070575,0.7723095885887072,767.4849092903484
39.04473875250021,58.356367493381136,0.7675056038896906,516.9700700973491
30.178524474100772,43.08909692836053,0.9398939429456887,865.0960613780674
6.398242389435529,20.61991302404942,0.7753476010459508,94.6023321143667
39.80513879257551,6.755515327765347,0.9308439719234461,355.09084012551295
28.82770039928652,9.49721572849581,0.7577864829599203,732.4556548317807
13.221820655249289,27.715414937685743,0.8258716884541298,974.8477550613967
6.415430301392159,28.991273732237406,0.9033788104327132,58.41949440200317
39.89665262972899,51.390528573041934,0.8942728705585508,965.5516944807713
5.111014172171845,15.43114364085662,0.7698168518376187,792.6632100877085
13.806033836522673,41.99095248042674,0.8288040813516695,159.0967581493211
0.0,17.084811156511385,0.9326091622597075,939.353225982941
16.883363405083756,11.6179075257396,0.810093462639736,214.7705943321907
31.541477001039254,27.194153857435264,0.8341648137089588,555.9860059761263
0.0,48.95002526072336,0.9282308061580318,563.7321795774637
12.054205072516904,22.733757146942747,0.9346219876045219,717.7605601157265
6.3229414167765015,39.80554290694703,0.7392631787622792,281.4714239299052
29.050736600080683,10.361693764271307,0.9006962496731623,195.70044193221503
29.293938595547495,22.57411713469622,0.7853777360071716,155.93473954959188
1.8799572225259638,36.70434298489076,0.8931012559883359,763.6854642938
38.23382425037829,43.0380734018529,0.8719362293327801,40.55579642147691
26.75416368200487,27.452529336465247,0.7961300161834668,914.2748758262815
10.348533376698597,11.715063957760092,0.7015954163240357,146.70955307312354
19.69953009981831,35.353130152682695,0.7140110762230972,815.2001523729476
27.4505971383089,28.727312911086244,0.7673012026632582,156.82314552135756
19.16932044864011,37.760928448635354,0.808601478789809,223.09360341953573
10.361352595769995,33.358771900632824,0.7289472401098414,212.46644387867497
35.60394873530835,49.87890728731771,0.9228431301290627,529.0937034579218
10.012391338235359,28.85846317904116,0.8790303937445982,962.9904966545353
7.201890408058509,39.65985593161288,0.7165816141676792,416.6240075738532
2.2175382106903454,16.102496992240248,0.8253343247421334,482.78144123466893
2.1083545619267032,45.67083273882484,0.8918183844472073,121.01403365762295
39.30419588688772,55.116311691907484,0.7844584101680546,472.2993221507715
14.223648286370189,37.270833022750644,0.7125327471873484,893.7583427759968
21.21861664154757,15.470886923876611,0.8144731709857188,792.3056679126521
0.5798823838312348,32.70109699441128,0.7943666567678865,41.220968867918586
1.552938859070998,33.1622196767081,0.8862995880122242,706.3579031399587
13.471066274275275,24.960808188464792,0.7199852220954206,354.5806734908474
27.372834361028684,30.940346323952053,0.9174928549330599,802.9109725530049
15.205765850979565,32.27941019886585,0.9428321146640826,429.1773593636687
15.829741088819217,8.213509563465593,0.8927464856477253,189.59234704069667
8.063144085658172,57.128266372378754,0.7943448230204728,303.3496852237529
5.773266486421436,18.685845916435117,0.7958294432233204,529.5236810107154
24.254960964512247,49.13071669407264,0.8506658579371305,954.8000246077107
3.1934333300305084,46.727339281096896,0.7138066055942207,544.2361739254225
25.33756547246605,44.15134143862294,0.7586411972083353,844.3665981095551
31.889950253168042,55.53826048432377,0.8215864460593499,414.64644331434
0.0,39.99339284012425,0.8536140869828248,911.5283776910479
0.0,47.03423693976907,0.8271453427822254,811.1051300444285
17.360465948855232,15.805358395009856,0.8508852706895474,502.55178178268716
4.701786027312213,54.09726268259104,0.8429906769384029,681.3675039420705
0.0,22.037942692482353,0.7532299787365119,100.3057442006386
4.520808346743264,34.84515012717186,0.7274324131611487,563.3021406497135
24.49521881074707,52.07983040466676,0.731107206030594,346.7301946376383
30.37873215837457,33.184526985068736,0.9302266277072411,127.53805688380157
0.0,15.60109205334041,0.7547617580332979,398.5700892354074
2.077538390001882,29.381116397199982,0.8304178359443297,480.0099353006341
17.968885981363613,27.900930285445842,0.7672682822579573,462.2134129546463
8.152767573438068,32.73892350937198,0.9292543411990146,823.4854657258476
9.722602733881818,51.67558572557603,0.9110267822847374,375.8751500089867
21.365336445982745,45.31180603315506,0.8166808457080066,268.2455202273179
24.610144303252675,16.278950491998422,0.8653783378953627,684.2550756271845
4.148951022223254,7.744837657042503,0.9120816186393685,735.7398891106839
9.845083859223841,19.103510137956942,0.9124283987580537,758.8428246464854
15.7608842033665,20.502563450401556,0.8703670449213169,348.35125588881914
25.901540565142273,59.12353885576133,0.713484380253536,671.5353185520501
0.0,22.01331493665125,0.8645494180266461,888.8201974742101
37.124594996142065,56.07246733389846,0.7241003095302835,142.12655992420127
13.908549284987341,20.249766726102454,0.8150145096822219,731.407318928192
33.17010813681278,49.92341532411761,0.8615970446593278,806.0931064630608
25.52484431315615,24.391991234415535,0.7853267617436595,333.79923443968414
2.781180615869742,41.41132531635609,0.7948596726452943,852.0490974697617
39.313633883654695,9.806254638544205,0.7474745370467402,378.03726725954414
0.0,46.180175347758826,0.894709321467603,142.37425091414323
0.42718784509971064,57.16499177916463,0.7169347437350588,116.71459909664534
13.144276346630399,13.094401084364055,0.7291660142016698,204.39390611865124
12.118465144377527,38.55840824970391,0.9145567723792494,420.0293318021983
30.507574895599856,21.389042342324476,0.7683891055880299,501.72259487093936
26.057290659903607,14.694004128953335,0.8953806271261313,799.6356283064122
38.087070537707234,36.6732552737871,0.7219755954645997,779.0907644402139
35.42996045480481,43.70192836167068,0.8159975699160076,452.4023264399399
7.062812531063259,55.16745304694902,0.9257870500262235,670.2487043358332
32.09357651552162,41.720449236301924,0.8530108880797631,695.4883331075371
19.008566779355842,22.861746222653455,0.8993174662438543,186.02731715488875
35.72157177481277,30.759225166223647,0.824953430582803,392.80420063295907
0.0,27.384413653567343,0.8801063713567959,968.9790385759854
3.0154955559642382,36.14716222437962,0.8022927471131789,265.4600755191692
32.758362037129494,38.5503574239295,0.8904981291144596,808.5485524040356
15.30333221019259,50.17990619980209,0.8357593316664875,723.1130965635977
10.608938865911263,46.800956541320524,0.8361239990775139,964.1278168987346
32.937038409402845,58.58163681318149,0.7101840481571333,848.6815841836469
1.2937883258476481,58.64116109452547,0.9031753540414245,268.8692392339076
1.8340009030402868,57.758612368371296,0.8779465488532316,907.7710730480768
23.904613722080555,8.024589580271659,0.8219550784328561,381.8854552724965
39.802068347509106,41.92257568975118,0.7455232030998742,232.56109891182575
39.97651892927617,13.101339195897834,0.7476921621540653,748.4828699270131
7.275023153284736,31.038296874121105,0.7070982707419482,763.6037946127129
29.71367935560784,21.253582587104074,0.7428327372603875,112.97460582911093
3.0036645535347692,35.395241828633196,0.7035124660010448,205.5911124868482
14.365576249689656,25.467832042015754,0.881569074975618,701.0691955226183
32.94483665964108,13.089217416901496,0.7707328734100138,607.811099823117
3.198224148434898,13.837064800233213,0.9448585877485522,94.67675006558392
22.182826552827276,33.00140895686562,0.9034039492360181,581.1365686207597
23.20118964913597,58.87538089418297,0.809802123139612,84.62227374079615
35.158485687643044,21.556250019544287,0.9346302085718708,701.0558173964234
12.426791147521104,58.031200094333904,0.7821610930384602,261.72709101143215
6.411691406246508,58.89537319963288,0.8618331936349759,957.3164631476142
7.182427700627753,51.015032690743645,0.873800541261545,549.6463541166503
29.938620889436216,57.26017055869244,0.767263300817406,415.0832113272295
0.0,45.97789321281044,0.8171560423594286,92.9271662993666
32.304450922743925,24.44566609035723,0.7981639026154974,331.454865599957
12.439947741969668,12.305738263361636,0.8310020569147828,833.2888946464485
13.783167828004167,41.33872054040801,0.7722906384700581,716.8501850029561
18.401930441995365,45.40814675649838,0.9294693558931669,402.969516962878
34.51456569875966,39.72924471982934,0.7524973782213424,494.61459413003234
16.28922372931044,46.44539900312859,0.9272408744884082,915.260143419447
25.53976342511353,32.1706325210597,0.7666453018082573,910.084730696002
18.328978673220508,35.10111387873694,0.8851242949861606,640.444412425273
9.697863354618583,52.578926829122544,0.8489121049177961,297.54363755903404
15.243265079041207,28.89704701887018,0.7953687122837172,236.83048619024518
0.4104394586187288,35.64752378736937,0.9146938442328947,109.24199358736047
37.372084651938444,55.63507126087063,0.8360275322754565,743.1263977389049
0.0,27.506536690214844,0.8113732977267706,688.7475716435002
23.02529551111301,48.082275021597894,0.9307875639241657,184.12476777852416
17.84499694337993,8.268801872333768,0.864169008640832,469.93073294079073
38.513599394958696,54.11443187517319,0.7028787438783994,255.94022192678256
27.514064780372564,43.297900307810465,0.8287763882363146,131.3388031202362
10.866879657142116,38.36381676359072,0.929825607795243,439.09285964307895
35.696778570074194,42.224423512491626,0.8583922487156042,216.48430141732095
15.62152027974943,37.12248136640973,0.8679919971475186,405.7349448541741
31.340936443806985,33.06770107581424,0.7925514502222665,481.6713511581064
19.6533265167123,30.749378395730385,0.7565232857894624,168.28072774609302
5.959998726653814,49.65086869131429,0.9242557941375482,513.7274042280513
0.0,11.814698581089074,0.7724781878059986,958.4352261061273
28.794609072176954,12.432484281437791,0.9486377544948308,487.8101934804585
0.0,9.13406075308421,0.8023954424496905,213.8919997161468
7.026907727378428,20.36180967650197,0.8694805361063347,664.6099179265111
10.978754301755444,20.178718544658285,0.9235326158803898,569.4651987185416
23.628044620013597,29.11737788592794,0.7937815823103476,703.9145216381942
13.459657142782369,26.393759480840966,0.7957991921324913,69.96095241947934
37.110841251019885,27.192292542007323,0.8516855014673957,418.858164746207
23.261794415648875,35.94920553619358,0.8316391612752099,370.6996503699993
14.226594530118602,10.629392512166502,0.9152965980154583,722.3435162520063
15.487505955858607,47.302570254562326,0.9416447570869506,800.2373930780633
2.7666883694498314,11.604668929378406,0.8280727594060756,422.6082725583067
24.02898751535853,28.248547756622827,0.7704944891937772,443.33469307181053
23.788830396118875,15.248777936017838,0.8177422263677059,302.8340343865775
19.890198747358674,41.786512758164164,0.9274140788957469,92.50064472323896
21.446451838738074,22.156774093528878,0.878977177946899,998.6211021821696
8.241131979604177,57.27280329101039,0.8016178129000391,652.6096071610192
23.053404485390793,52.9286841102231,0.9168310314961647,198.0152005089153
13.460119352754056,41.18050995119933,0.8562848942529349,738.4050497021287
18.770901780679424,48.684771494243385,0.9428417902719928,749.6551473871664
20.556365286911916,36.30297286475731,0.8914708171372675,114.03795443743512
35.313265833253304,17.875150983764737,0.8319382606270018,460.299749006575
37.74571055327485,31.716696232871072,0.7474289212424308,601.0998492275107
2.4134891977925528,52.22060664537782,0.8721285113681259,236.96119372425667
14.411650529954972,32.63445109928064,0.9400319203884937,696.3850820224172
13.951371860747544,34.383862217797834,0.7418972198179966,788.4422800627631
7.118673689453135,5.5008420076205855,0.7566800855211921,118.05962528127228
1.197321622407195,28.596308127316686,0.81903539042529,315.4882650393477
14.754183338084877,28.562495641293346,0.8690338918331819,149.36536511140164
4.099363637886962,36.149964556416464,0.8202977731175898,877.3928385675435
7.3834159493156495,51.02398787907444,0.7679293711222107,262.67716875983945
5.889849983118538,49.97442882846859,0.896495106820926,659.2524690269831
0.8828351581528292,24.363353498710502,0.8124235586332548,354.77947040643403
32.17229177268972,15.937963749479485,0.7953450569181459,827.0202587004587
0.0,17.34815715863718,0.7824969178792474,744.8423597227536
4.125891281128827,19.69374836033295,0.9074101707119768,548.2686245617246
0.0,34.84517661116407,0.8051628715348127,842.7407515805503
8.003733063375545,59.187609589251885,0.9442914510989702,185.7043495716203
2.845642824100821,16.208806639718418,0.742094247160577,625.5134392798947
23.52126104523453,27.01316274278632,0.9132952173151494,50.79763963228803
16.23318277385445,10.190134105192387,0.854823779979573,511.71630242776155
0.6986948260767902,27.337656558757843,0.8155685340696766,166.09076456296248
17.297089534955898,43.987375782752544,0.7123741067176722,367.8518599817876
2.9122931378203236,53.43609023506187,0.7137173317967976,214.5249410100825
2.371120156716681,55.68876695044787,0.7557038226390147,751.0624096517005
13.144906245433194,31.932517987743456,0.7561085615773806,620.5585878879259
5.083735588987167,39.47325726303219,0.7814486892236516,100.17019141311735
23.46634250956177,8.868229325354868,0.8547619218514082,484.4924943649469
19.002712608620264,15.223503629227512,0.711182307643758,378.885544704306
36.697874043049126,25.605675842265306,0.7719842736038084,450.68402628142985
22.968338549540487,55.94217933670085,0.7212909576818382,428.3060636863554
0.0,58.49352895154605,0.7949478173390305,836.8655884583511
31.31919173381376,52.75084356589702,0.8913236408977431,732.7407800008672
0.862205785942445,9.227283913489009,0.7399223125530279,492.3841757152278
8.964939590782974,21.526231889816064,0.701121384850289,506.958191064566
34.58749176066684,15.253905893855343,0.7512089976717493,768.0657004235784
0.40108175431071086,33.922568252590516,0.943046370126144,753.9242682343983
24.167056366832927,32.13894179598391,0.8519158369324434,223.64815841844202
10.271654439522633,55.08601284965285,0.7377564840545398,753.6716374459147
28.335640038148647,20.523145777941128,0.8198907411424957,496.0343573158547
0.0,5.369663564527945,0.8835465242015889,287.015090131757
39.2004626169078,30.71762594719938,0.8161057994895462,740.2056610452962
35.43135918041494,41.06862782294667,0.7762827179049069,911.7312315443445
25.48926133733545,40.43209704487558,0.7955393229354829,701.7351221950196
35.67772330609707,13.913459432721913,0.7447665217808673,656.1060600887059
9.624839798161037,34.060289916356005,0.8340164182291607,151.08897828696783
24.883633938220157,32.79130134172689,0.7719347495688798,710.1740899098103
23.73555462720929,52.48689725213968,0.8721041506871974,873.9038187625216
23.784901897376223,35.57758639827702,0.8953399251194998,619.7670853862621
25.045879566611937,44.65013897655431,0.8943517257733402,303.03309614480935
39.94606583299046,57.445447058757665,0.8744887146821725,405.43787569145456
18.817373906855735,29.718587851643502,0.8168941246994872,215.35359315216937
18.53835521210903,23.691866381954828,0.7282553067843813,151.2427009386184
24.497453713645744,53.464036141217306,0.920060275779679,496.78795030512384
32.93915875407805,12.876236018862343,0.8944243742328811,649.5135285714
17.212019737751476,30.026407229080768,0.9313522471653627,254.6396758785741
26.206470318073386,53.81243933426062,0.7446755098494071,880.981302807467
22.2266430671254,37.13625264432408,0.9404382359760322,843.0835860082957
7.839675431053717,52.94999053816862,0.7521712530988656,821.1742060035182
32.469615416828226,46.2458489259227,0.7790475288026151,636.1532789674238
23.700882808103614,7.6204985026591565,0.8410871829556767,908.8405876133488
0.6674364011499212,12.081999751727416,0.7146323875591792,619.2027938211563
20.90998811758619,6.81549500342821,0.8121092761382788,798.7771493306218
16.64691258728182,18.98083373528074,0.8211017692961642,757.7549633810094
23.157863594536558,36.581231876164516,0.8318028688266124,709.3028746215981
34.11976303462832,52.820280921984256,0.7569659905866983,285.72276617080416
8.888903119719334,34.2544834622443,0.8441842639586311,950.3426228637029
36.468012396278866,6.58850752678377,0.7930621873852163,780.9507521745915
15.39760971091069,18.64323756146159,0.8972208796115426,732.2308593681242
32.54894149675479,51.62130778705331,0.7774830717409134,366.4205906125503
1.3160212877498247,29.603911520474274,0.898294301314604,175.84927468841488
30.187104760477123,28.7351278446914,0.8877325859116955,924.7377376981472
31.21540095348494,19.76894740387432,0.9450471485559739,727.4249485705849
29.972463593602534,12.821681426100472,0.7069878535842813,832.7636596388528
21.22591703558841,38.583454310880946,0.941793922823114,835.14853778875
2.7742966048749262,57.29643578997041,0.7405757663415227,145.32792528836217
30.28219139834136,8.065733909717125,0.8900608470039868,797.7222600637716
12.228029443075433,51.88178743467646,0.9238240705438192,969.5189153954386
4.91930283914362,29.405345546113715,0.9097412966042745,659.5692702112264
12.499429110760595,16.710501417350798,0.7510181900517344,191.46636025744985
11.874305363247494,48.940677602704454,0.9234201503503969,924.8302375524572
8.790628801345587,59.226837826061235,0.780883282211404,697.847036965791
0.0,10.913840803100843,0.8832661671617658,281.72418687376415
23.191761521198234,49.3707584096331,0.8051472662380634,70.79085316641934
32.68647125294585,14.353251298294456,0.9325337737505413,987.3830493638909
0.0,18.64156744745717,0.9085115597110459,567.6124960841488
26.83716801158798,22.053990932683178,0.7897036512353756,800.143497533428
2.1925991181616364,14.712011571053607,0.745262518083152,95.22074853590593
13.482622236117173,8.765509634709485,0.7375428516743616,988.6611249929797
5.212908422632457,42.21086906833628,0.8655089367398727,124.11460274390788
8.40636090988163,44.96483405021329,0.9293313543515251,66.92160394092863
19.47007336338903,34.96328700481338,0.7908019059613445,103.93611814010676
4.063520862509637,56.050853212266176,0.9131107131690223,228.1219508059895
30.492789943093364,26.922787868571685,0.8509838735426433,978.4283662286138
25.413050525096658,58.407827308870964,0.8075013659080337,672.1903236980062
0.0,15.328245181927752,0.8443006645997226,298.2862811825623
31.307352406421742,13.742845896159517,0.8631733719771922,174.74319484795666
26.776784805745486,15.589743138237337,0.7960838506865856,978.4317801902648
17.440881102106264,53.53795806769075,0.8976931425681293,542.4189030486684
4.287764599351175,16.979607831346005,0.8424577477513702,63.29976287253345
21.00036162111512,25.054555216626206,0.816100676733438,790.4352571545127
8.224364916650082,29.076092365772244,0.7509672306725335,462.77388330074257
20.29004798563853,5.132854399228916,0.7058393947900887,246.88438352949066
25.033397266132564,36.0115478489119,0.9256147598158965,727.2721179914008
36.34038608265893,43.23060281377198,0.8783890300868089,912.0290258386835
13.196352903405904,47.74878586609358,0.9410931252015905,798.2505641852255
25.651609697215353,47.2687016731351,0.9166544175240138,231.4823645956934
39.23821261353097,8.628118631034123,0.8755323484252163,926.3572961111511
37.97333915475287,29.628001258764925,0.7539589745509465,145.92503098953597
39.863648936394675,32.085386540561366,0.7409924626913975,590.9274846889487
37.4183832955962,46.568913194160444,0.7183261620035131,110.3902354510883
28.049927997130602,36.1300168568132,0.7885839581537042,986.8340514793277
32.7256350432185,9.006788641959899,0.8374890258398526,117.60597382457803
25.36830608800135,26.805943560103593,0.7715549274264899,894.5347757187265
23.458989171229927,27.00535854796296,0.7155789602582723,816.297969173412
0.0,24.391271980625188,0.9121487781707551,549.9826252825917
0.0,8.789351979586817,0.7285996596794406,479.63133104524184
0.0,44.64407729859749,0.739181673103763,847.7269005973019
37.27886755311151,21.95189931879287,0.846332156980862,775.052509975503
0.0,44.51487570488482,0.7438719919563406,566.0447910893065
35.15306668720022,42.51322917971485,0.925747416669734,960.7155176358206
20.40799937008595,33.1683763217095,0.7128348484860266,996.5554332466764
0.0,59.54266268744569,0.8602838114866217,141.31680848467968
36.82329023828097,55.048454634153494,0.8579498294132951,858.7821102349046
3.1250839751976507,31.151897858805757,0.8224129917741578,520.205150813518
15.032527467648436,59.18920718419787,0.8487524147660694,262.3705840344247
7.628512612221958,12.332836053055972,0.8564370211195601,733.3911484479156
39.18366872185538,10.375995726454896,0.7985962469407235,974.6085330328444
17.102966286361934,48.82607109114467,0.7292096701605576,868.3693168365273
14.958884998952033,6.089323661974034,0.9239264057873191,72.6876156427516
36.90033007588298,47.66658642354934,0.7437289531372067,335.54625011100165
23.55853430726253,36.461018064436054,0.7132976971282796,42.76020300634748
12.260830567964016,18.252152542121188,0.8333674980604743,476.9493793189995
7.172722230538353,22.703941151606106,0.8293951078878279,384.2139503020031
11.595787780299505,27.517101806324156,0.758066379751328,900.3725357041442
8.194842715252598,46.65366358731259,0.8062193024448739,264.8440954029465
2.4049627526161093,37.620742131334644,0.7636919598604314,397.7113524054182
38.007643959204685,6.893899252966306,0.8004486743479317,330.1619011792807
5.189794560599075,39.0666928744116,0.756331479810273,465.53517878614394
1.6168874971209077,56.5580908449582,0.7297401027462105,961.8250603965694
15.084661465828729,42.19200583277946,0.8224411471858495,675.0966190555174
38.56551040977381,23.40688265466044,0.9447517795753282,282.7267591622714
31.626873158832737,46.29527008575154,0.8217415814789519,495.3101883490168
23.759333323408928,57.42757448087433,0.9064909890532835,861.5208938577056
36.76804181211513,53.65671301310418,0.9009073877005925,982.3770487503209
1.3224477379876336,58.54654152460073,0.8833200455004429,97.7293120468845
0.0,36.90374602723295,0.7515265154111193,998.2737972573409
27.70412914949785,45.29260917122736,0.9200715956879106,615.6279075897196
11.27089125489964,11.292324090397434,0.7242254485286996,229.7106375231411
36.961808732062615,27.455644114301414,0.7227288638153889,164.51522745140366
18.979337874915675,40.856576795403726,0.7170504852470614,636.1550907915077
22.579588631325713,56.751641552029305,0.9131401519008477,897.5358168439551
4.122509189976053,36.351413671685734,0.7879782002595599,196.3529126207
36.8193853121542,20.40066473258094,0.926730741312074,567.478624911954
0.5578249991227965,49.81145030211696,0.9444612570001015,127.25928370494692
20.01514107355069,45.69697788457373,0.7008473280325644,447.69035469606865
28.510616370441383,18.169274719142344,0.9084009836784919,609.7288864889122
25.59939150712403,50.99947488649575,0.7424293292415616,73.27820600173524
20.534858613623218,57.016602225890196,0.8420170873313516,563.0539338619343
0.0,24.840570163670563,0.7969413784421562,758.5412697659502
34.3307572164676,47.145902023108405,0.7064963656723571,434.1040499921648
36.273512825474086,23.186741235014672,0.8263487816495397,429.0664426094904
0.0,14.140964167062394,0.748008189169888,651.6035775036622
20.567823760270958,7.090131684876077,0.8689339791688167,491.24124196043095
14.827802167435847,20.59617876036629,0.8943659753014068,624.9215098952488
39.72511048700527,37.2484283364923,0.8073157140839191,636.3173219909671
1.3182061313349607,44.22141529927299,0.7631536678294603,554.0454344222752
0.0,28.51006486147995,0.851874542738136,643.6466904691985
30.942972168171178,47.985837054368915,0.8660700334687209,668.0034251692399
15.23167394202405,52.7169849980605,0.8472089354987997,95.58759805902177
27.039950415769162,52.578729644875686,0.9185859694031119,58.93683014101949
38.76880379788944,36.72030501783324,0.8692313354461735,452.32136139978917
24.106089202396824,44.76736822801293,0.7396293076677118,174.5575537692378
3.626519711121357,9.424597942455831,0.8889713315896082,176.0780567679082
20.669951621639413,38.30265837842123,0.8144420812582327,608.1828700749049
11.273645350956985,49.547209379488194,0.7168897771205928,996.4773606750258
14.543058286076251,54.807501500961585,0.7735843222572828,880.2784349107957
3.8407958735032732,31.670604139461695,0.944936619584099,107.43126955849345
28.365631916387386,56.73064102045924,0.7421425187294054,762.7449173620234
7.815690367570251,36.99973006257137,0.774605584665423,926.4435205962768
0.0,42.146289692592326,0.7397843032910565,915.8749467949124
11.462097529981708,42.27236225674879,0.7020387994739191,541.6241400641032
37.60443243363963,36.461499018991915,0.840135182155149,893.1600003254551
32.57344782096115,5.038183289373161,0.8457305023785163,540.072091562943
3.8752484154990445,59.94871127145836,0.7234581023042682,490.26973203595844
38.55909302981589,57.13403078403611,0.888957359312578,393.2660556047771
4.029701442959606,43.53019695057508,0.9085731862485805,41.48560024102558
1.6506584762153624,10.145020919887935,0.8308077660782538,894.9511030984456
14.072055659472841,56.54952231093892,0.8751669984974839,305.1986745513848
6.422132402017184,27.981798976788724,0.8594979424993907,365.5091430907236
29.326066984947197,46.113444102512425,0.8568048237590697,170.75143783889172
37.90005702439031,45.82236187924936,0.7652992125644218,442.6524305913636
15.488343705119922,46.89712473378943,0.8001864328022636,287.269761453908
14.467585800363485,53.76441327052199,0.9481073769913857,325.82091022426795
30.950553188558477,36.63068306397862,0.7178289432288842,320.18520767537035
17.222908048728918,42.846522724639826,0.7923036956858798,898.2056260757602
36.92254131388235,9.555134257423976,0.8315624209546774,806.8654904875581
29.636793744950605,59.91435337162399,0.7705455310305329,678.9456598739375
0.0,44.1664283760764,0.8663320053176753,503.27989538079134
22.785335143766197,12.557218613685034,0.9038169581777545,264.5686886871477
24.168632481252082,42.35564631918138,0.882668756076074,163.20441240405574
9.103272161884894,27.283406978003065,0.7152086782638238,622.9887167273341
26.08571158277166,43.28505455760441,0.9052936930774547,654.1392128863617
6.4223522105845365,12.302423196902103,0.818659256850814,648.5642663638786
30.906886601609095,20.803728637279857,0.7182846188506918,76.8627706717869
17.534922053766284,22.65107433698723,0.7861715893710398,792.4544178478785
22.631142894040163,51.92087165385241,0.9250013219333764,555.9222803023986
32.31922522969444,17.62867845102042,0.7629774456378335,327.9209184705443
39.24774108713932,6.711630749866693,0.8453752171192319,581.9408174203014
23.94295051098185,23.679871019742084,0.8771206645790369,82.07694404663087
7.364433720537107,48.99808275306222,0.7542587647719883,63.56062116034078
24.02009393016065,27.344949738548397,0.8853941292250659,435.3049875270678
22.137694317698124,46.86902082685047,0.7042989769902019,584.655706555289
34.09620381643438,46.807849464754945,0.7993951221675507,952.9913093687886
8.822055841552361,6.279986134155094,0.7142778225674525,114.22817704677826
3.408015706751615,55.981859609623875,0.9462957509884111,844.6736411716225
10.585498245764223,43.93809497965338,0.8097423376117954,620.7835153962767
7.563908423437372,24.7764547495943,0.7094678956145226,828.826175406031
18.799061195393953,28.88681149093625,0.7775093104924578,855.9894847826828
28.131454324011216,40.557219793552306,0.8184501279408049,295.92671644922456
38.31863962348226,20.154070184031728,0.8222466326665822,327.5030384257824
29.53372760770141,40.090142397183385,0.8119089645313334,373.24424738919066
37.195138681763716,27.348193481611432,0.9069368115347499,811.5481819810393
28.065351855132654,13.869871841925665,0.8344083432892748,753.3214696002946
30.445645404647454,19.420872143299015,0.7259609390943772,305.6589856220665
19.78409815692072,42.880144152615436,0.8261355777272936,722.5217281243962
32.436489454864336,5.060218362935492,0.747561662778587,369.07750272546036
2.9712901461556096,35.054094453632196,0.9279472990844506,304.27235563327906
13.378905336996638,12.54063923954858,0.8807172614758475,427.8951027908316
27.66971401173338,47.07474109553322,0.7760369964236159,898.7232787622462
12.376457709386846,52.60588470498554,0.8823565949695377,310.7507767318271
27.495705949415516,8.091800426216253,0.7515456541826917,851.1484199771506
27.12903629734655,23.244180631565584,0.9075229012829741,499.87859492257974
7.104489257956715,25.37976261678593,0.7558818338738773,926.756901292398
15.667973172022732,7.089083736874314,0.8630340265904379,55.10541884055069
10.636925531792583,12.057669136138902,0.817999904782762,630.8017240394759
32.785347457639475,45.362507337672405,0.8724826300269063,120.81653054399354
27.74755027802129,51.90210574442161,0.7189029917911709,422.4141300722443
0.0,43.27229204858419,0.8399527860711652,902.7296381948782
30.95207978051197,12.620720478802806,0.8732245941614359,125.54306847317281
31.59739003639787,50.67913212926741,0.8822833907877259,741.4134727495658
0.0,24.668898919726402,0.878262724269916,133.94048546523774
8.27678859418155,21.18576934220704,0.7189635316098306,574.7236213929257
1.2662378798466787,46.05494264029438,0.7835402747486322,955.250522104875
12.371858291167774,52.843081923477584,0.9434720073040795,429.3554962051262
2.873032454607806,43.417792836373195,0.7355576104086083,461.8409786020813
31.85574868542775,17.665955103321885,0.8705480308612602,57.65063744981841
36.27535780773516,39.79518300310574,0.9310575840263096,810.1438975458365
23.10910694839529,15.923259566969964,0.8008959032831583,972.8060422367462
8.265620426053813,37.423985979792576,0.935305714022381,940.8622293672717
5.569810778445204,13.967080158086599,0.7550021094595742,202.9871050827669
0.0,50.16222304861674,0.7037014810813138,571.7349979568149
25.45292112009922,43.62884149581547,0.9438783081770663,620.2652896632992
0.0,5.306484673704027,0.8786502825445912,319.2241664019107
19.02766899336896,29.394308417455413,0.8256394849982824,404.30479422300925
32.35273160743857,38.98504864979797,0.8388528812941625,328.3224987832892
2.3607938909722175,59.18564159585023,0.8367492327867042,590.8201513574384
29.26155993993343,43.35161781600981,0.8227746857172129,394.8765504028013
28.181448905100613,49.47311502455092,0.7990032598124808,239.37588525305023
16.924437401498206,46.241573157436534,0.7867652002307929,820.9444279605368
32.810038727924464,40.02960075364266,0.812625450031017,651.6969556111392
26.255486510422756,32.27479226559117,0.941717765398243,398.4661685828622
0.0,33.554822905862366,0.9067908570840789,764.8831248049951
21.610167067236677,53.35655091251431,0.8559808572082044,532.4561402231826
28.300392213341475,18.176699045804526,0.9084750243219666,373.97511680248437
32.36663016078654,51.22100211630052,0.7920674142285893,142.12249091535324
25.94478918956456,17.6633264595505,0.7410197283679484,156.59544936885865
8.634997618359861,29.347292121728376,0.7778193126742364,920.2826220133772
13.556762386554956,40.41624011288681,0.7647325433485967,488.0497750363534
23.124184151684684,37.11090615192394,0.7958873728962038,118.31871208665795
4.068745517600404,37.763276785278954,0.7753559427269339,405.4723157666924
25.646666693529877,10.061066782787375,0.8808582501205745,368.28218375339094
0.0,26.06139354911982,0.8910629277084661,833.3920570586552
0.0,44.52769472088849,0.7541280346094444,576.2337815008386
29.775490836385387,42.980731249428445,0.8222144347230078,184.84696089291708
21.657739006987956,31.267022529066537,0.7065113005268628,532.0197834387131
36.03565796831509,16.81668389108353,0.8100806033035793,962.4219091726337
0.0,56.368264312852816,0.8177212341189523,424.54406562653935
31.39471301407504,29.15129062240648,0.7685070137729206,125.69035901801122
15.743380251027647,24.981755293453126,0.8097090370974072,530.5676206979817
34.07603960899266,24.46218747806938,0.8726371389216091,934.3950640995317
13.94818576396162,45.78944220063965,0.9400481109981922,606.7319737833899
7.632463238420659,25.875838055799267,0.7772970503249232,426.8540959296559
4.528842092481958,43.93137112517048,0.9325538490691472,245.30987005479204
30.54828288090739,49.15526239566868,0.7052032664926764,665.0263814962225
33.975397705972775,44.818233001763204,0.8838966818779287,861.1481458861334
34.99707703438592,47.009910683587854,0.8291080786734855,884.2190881664812
39.69785117953898,25.103451698778873,0.8101346529012281,353.76719079118317
13.131092147924866,42.99394110500215,0.7333438578808449,986.6062849335119
14.34393103822014,12.270259481553197,0.7465653647350626,405.4842040793805
29.471002762657353,14.007586548725993,0.8154057908824712,782.317165080195
13.93408210489557,25.474007545721157,0.7376849229379925,160.59253499417827
19.45506984700432,39.722259820366055,0.8874802428986601,523.3485819705586
25.428024266167476,50.85848650323683,0.7394008259786884,691.8146027306447
30.20377033455609,7.088240605850617,0.7830315088516093,994.4421554637753
11.873041929819054,51.43444850724367,0.8671163974469153,998.0894692363472
8.994749015722663,53.482054555108895,0.8812591308076072,295.4351279957699
18.232955572324105,31.773939354357935,0.8834884195799851,387.8584029795238
13.711898316151151,11.619086560527338,0.8257780350048577,724.7335867916084
33.77674087816905,8.728910982797903,0.9413901384602372,128.47968684872043
22.750678544640014,7.886952162393052,0.7782849404454689,425.35032101470216
11.761036496215764,12.9056826724305,0.76888494402986,465.7747797104038
27.663936469984133,31.133712171898008,0.7646816368354681,612.3363682231577
10.414806206172141,10.745453174410802,0.7946050135636072,434.4886592286197
29.09210494041373,23.932928209906475,0.7045170047688645,704.161695069317
7.15436615559626,48.86071621017196,0.8452572126120819,67.69352290607273
39.95645277033754,25.60229700317609,0.8240119825864718,625.1787216135228
32.041738177502985,33.00769763810858,0.7003971405909712,648.8145518097003
1.2690882015112956,7.322136327701753,0.886644260011857,868.7072513999985
0.0,55.18206927612665,0.9002825772417433,163.36545148687873
28.55167090304961,7.7259762583825085,0.8484096931558585,926.3968546530114
32.46513758263842,35.43202144099155,0.7415110077628257,228.88145822789394
2.663289006283707,42.92570012308684,0.7276849387613409,57.22526543206225
14.198528665121122,47.453053860689344,0.7645518131210396,473.26375431557767
0.0,21.782688790134625,0.9045772453784859,71.33488042984204
14.29339340500547,30.85513627946386,0.9181143433705863,275.52560047256173
25.652590202085154,52.319248327920015,0.7220188215435438,175.80797509888913
13.513401110811325,53.15300768405124,0.8494670337237603,575.0052048208532
36.862664012277726,13.275258451067259,0.718727479703617,591.8840959268093
2.0891728933492657,53.54197479517149,0.7341666407632715,861.8530330773663
25.821916215118645,7.423552970311356,0.9466233352688946,932.7553689074068
0.0,44.65730701697396,0.8513517826379836,155.65047211686368
12.579935276033897,39.513249946063326,0.7318803191731429,304.8777656824619
22.418482382255757,52.49894935640369,0.7383263620452809,405.1245141191365
7.231478153268385,17.888917780310297,0.8196863930477769,510.0764657065271
38.290500285909225,24.59578209746406,0.8839384638263578,366.59043764588114
0.6885779424147317,16.93802019520718,0.759765487500748,135.38128621848816
3.280594922332327,12.024426769307974,0.9432864358174304,174.06131653546626
14.918682602540335,6.376665335670381,0.8827354675427187,985.7356747765574
22.61788010035008,38.78633615905132,0.7227072154513532,335.6980288881291
6.00317506204248,34.93290597841644,0.7268676329924765,466.3834024510147
21.1027761472801,24.948187878317054,0.7304762357555797,662.4117213087006
8.129175824652961,49.5877388388182,0.8116193323265368,377.8376404633499
3.0603190003708303,45.874597859375555,0.9300655240478155,651.8219591832056
19.609290431067226,8.71317041325954,0.7910487692997029,128.89383564803197
14.453457914964877,59.53408306131749,0.8595782528983356,491.19028334378584
27.944705752490297,28.154486190809642,0.9176130195938865,462.3633461740292
15.708425452386379,57.08717166878027,0.9359782499958502,169.61948883195603
12.940148442813282,30.201843500174075,0.817895507533009,984.1835689280641
22.44036040535967,52.60277068078959,0.7634034842903481,836.4234859233412
37.84171912782047,42.271861584238415,0.7330900341581976,514.7962362047649
23.00276371026461,10.838763518571577,0.7781207390087213,700.7304515774665
4.764585611854991,57.27830207799551,0.9204789094509618,639.5699477520285
14.419477144926484,29.30976786481722,0.8408349093141892,157.05890025945277
17.445010675641196,27.688887150129034,0.7075755956432983,839.5804172751155
16.98465434075495,9.564191148366323,0.8220461756405211,330.9177242474332
13.037102924804547,48.04314752649008,0.7883956278023813,342.1476171945818
7.982143552126315,18.159893059746413,0.7071786270649287,540.9726706757249
12.335703126234566,23.52319598290868,0.8939312542511499,959.9423551921986
22.9343653023772,43.967700152163204,0.818067595599828,120.80087059553821
31.396642536954868,45.63244413625647,0.9230311767815276,378.94365762559426
15.920336256184502,31.42516213788556,0.8128105241771431,787.1303068012257
25.884771536865873,35.64926458731666,0.7890324916337503,493.79476414478444
26.348796415240297,23.49625322600251,0.7883901640335269,157.0991388404369
6.45444242567616,11.576536486570111,0.7106326086588135,639.0019530056422
0.0,35.93209484402803,0.8738670395849407,97.129838896374
33.486465479962156,44.1122391743484,0.8933943012394387,505.3386857885185
13.873552439667517,10.633174455148335,0.7611389310494218,713.4812383871254
36.58725674025828,29.324356528107092,0.7219293831698119,571.4884632423132
13.993854827754767,5.054537211982024,0.7766939595316774,309.90534123641174
39.24390745320025,14.183566552851039,0.858015705178276,989.2488295455273
17.50488198470966,25.606374043411435,0.8599821429785931,244.8850532665081
32.80093603053481,27.814121674604916,0.8797741536279408,959.424738841913
3.018109041484953,34.28854557691641,0.9258328899491735,107.22200411509914
33.252006412808505,57.10230412200068,0.9445964750743135,555.1568790264146
9.424622283414951,29.91248702897743,0.8355508878416783,299.02802837708987
31.233596259574778,52.85573438576081,0.7047778546813677,639.2115032217156
29.000550738732596,50.05283249720977,0.8175024193454012,227.07845585308218
3.1539373334489924,9.410857450321158,0.8145157100599284,173.23198133993168
0.0,38.30912066505287,0.9032509185302215,257.9733938583808
3.2173782797304407,17.772823574573795,0.7564987367689234,213.65995410623316
14.18227146228677,13.171717333744938,0.9156514526937044,211.87349777756995
24.56900154638038,58.98700600611548,0.817926612573276,899.278113867861
5.770016880538114,50.10592372072137,0.8234985918610712,285.0045762699393
0.0,47.62225350192611,0.7138530490624577,611.9064267931161
14.743034137260638,17.810582591163808,0.7280624827533452,55.22391714383389
38.38187735466872,10.546084408740649,0.8526107177294363,417.1512868714372
8.43389099881541,12.54199674635869,0.8604301523482569,550.7015362196022
19.340239423635808,29.528592710483448,0.8398533780910395,87.26420967141283
0.0,9.58055476850184,0.7794099032405695,908.5961462045195
36.024968654027525,30.261717458284004,0.7490158347559375,168.09625965877092
0.0,28.81272605175676,0.9429507466536989,272.960643444895
24.188499525170617,28.722883360796196,0.9021884857852326,724.9954911004799
11.943325330420132,29.56986036824704,0.7005968185957879,489.97099367901114
22.504471875152102,23.915920430015966,0.9493373384502457,297.29691467218464
1.5119604549337933,52.324612255509614,0.9271096865852856,692.5730251301728
23.168300660485183,58.57289550433357,0.8948384897367145,222.46373688853475
0.0,44.0792142741354,0.7511448809751357,963.0392555203877
11.987208159459552,58.79677041141598,0.8584657439934966,688.2461978076731
35.86199956459713,49.80833545688209,0.820970072345798,668.0018482097304
35.89377659906934,49.88869419976821,0.88538761445741,566.7949821767149
15.744566544883725,20.197319613318232,0.7083634470271968,110.82340822792688
6.63375344181384,52.32263586664414,0.7494001805673842,536.6959073541291
10.787594411410218,12.86503640826771,0.7872415830064246,925.2543976978727
6.3455331271345425,25.245315418200164,0.7870687330405368,811.3386226650798
23.807789039969443,45.15366787853733,0.8611754643055785,267.5166194881645
22.607082461720665,54.33230705845237,0.772508740929,904.0332177704224
18.44507887769291,35.50223468621536,0.8360242170435845,454.09094831113407
28.617767350471922,36.18217843864026,0.787708689478136,50.51116009078786
0.0,23.639278681368637,0.8137888421655558,547.3174486705445
2.896438004756018,11.68497996992041,0.869680846527776,895.8603698026756
22.28868668021769,31.46851723994836,0.7615568531720731,483.84575327775866
0.0,53.41973357292015,0.7218660297814202,266.8332825122484
32.04397562084979,13.062855565369988,0.9007601951016391,698.6409193982608
28.352769858334888,20.248261212977233,0.9110457638270324,838.5085624600983
10.255141112900336,38.01038545195377,0.9286982336615075,47.60333514645364
18.6156166107611,25.065818346966033,0.8262431236308697,325.57150605612276
30.167463066056477,17.782057642505546,0.9413034265026261,616.859910288576
5.35323370041165,19.529348266641225,0.8457846421677785,986.3035007104597
0.9842474855266555,46.3623755626964,0.9230324566942559,425.8444374946086
24.98722361566832,26.021833153938292,0.741369067417458,423.21535021292414
25.689232735962875,55.24406271062221,0.796828851006055,396.203690923109
26.244570060239287,11.14272895219421,0.928835898010993,626.8623979154127
0.0,19.7706346788597,0.7638271940367931,609.1158134446149
3.7281476987821094,9.854555754263176,0.9451009308556209,252.2675001500641
1.4495607546376408,48.51917422105033,0.8422681477972175,105.72170896073906
14.217642753878392,39.517205369626865,0.7654456698270986,993.7637765423988
31.42254571180812,56.76357369468178,0.8840492977432466,957.1232386587028
1.368588078256807,46.15236672653158,0.8348516358442822,729.0855870649324
0.0,47.77687894902883,0.7226193874073992,652.5990349634964
14.657826491597815,46.09941053983669,0.7972613289367088,91.23447455093654
37.29111362877916,21.792451607099217,0.7733306906922962,690.3449982858275
19.062851575915523,33.38761500569364,0.7743424366715684,392.53250189426547
36.505290470664235,58.08719582883367,0.7957577465734124,109.2296006864909
24.816764545402503,29.14593031981734,0.7672455944274115,185.26268253489968
14.261259432407542,6.560929625518544,0.7008067035105027,605.4517242892533
39.79598085820258,37.69479466989708,0.7119427207613875,357.99230948707714
23.001673750044354,50.95644293034119,0.7089481878094208,76.7288372492122
22.04058120634543,35.305539861173656,0.7221920408129028,228.00865436494786
39.23813304295522,9.897066727021905,0.9363263252901947,828.5133357989107
0.0,44.16389487996246,0.7960666786133322,980.4444218311338
25.420160000562912,42.583603947379984,0.783214933652899,256.56449929516674
22.234879550894707,32.53602050416547,0.8855212859119401,235.3024333812089
1.848085619866602,48.574326640120915,0.8180550874214472,258.6130412808654
17.726652897016173,44.117359625208444,0.9260588677867053,322.674414465499
0.0,6.896890992387518,0.8712978460261731,843.3549534084224
0.0,48.310939169420806,0.8480759312968598,977.5260219393138
18.880031292672104,32.71799249824668,0.7030554946981918,828.5989175846642
17.611018222706203,28.750150540389832,0.9490351723403099,986.4423019774603
31.66685849011628,40.77273514132502,0.7994266458018395,452.83684131496454
15.690029389369098,32.98175844734171,0.7302543706283064,220.44938847850108
7.2475839689721635,44.178212823355196,0.8982119572836866,186.26401357328962
28.389379085946473,44.885174776685155,0.7485437899834947,264.0834377927931
3.3371396739164982,41.97121559888029,0.8444453753013599,293.2683611598397
35.06906743433083,15.014826531830167,0.7107992736910013,927.5163558098436
0.0,40.997071573005925,0.7232767427008401,311.72578370361396
30.152936223066416,32.29826113488004,0.789185238467557,432.0792844627685
2.712387236902204,10.612766989397647,0.9465419625583109,901.5153993665214
0.0,43.93371435913384,0.8996209286019226,571.6411683452511
0.0,17.180902491806567,0.7098595621041741,893.9505586423256
36.27195695492192,37.627588708101285,0.8069399667414323,702.1687047222512
32.90557502476157,41.357121859244785,0.9493203562008159,135.33647555606066
14.156686368407746,16.72384076851033,0.8173911599320176,771.3966223853657
0.0,12.394064123111018,0.705135951959216,785.0154245228597
3.679864315191023,52.10850772147389,0.8647690106516852,760.8953314437179
11.482478387761148,49.50933841243343,0.8557916132971365,483.38929952933574
2.6627389100697574,58.00623278825655,0.9312149252649393,291.0015770069264
12.327128090176819,11.53000492331059,0.7189880882556231,394.91005504741617
36.715248995138566,31.7321749823142,0.7258908553507685,191.59960025677526
24.23630938490844,53.100908096603774,0.7099213089619871,233.1780687804796
8.26399228013109,48.84424998273315,0.7835611346527477,912.7827952346322
24.239256270363096,5.138410567793665,0.8668146382210083,97.76610247401543
9.13590976988676,16.68567679977161,0.7904315312579187,418.47519236716994
16.215161787248032,24.40650620154477,0.8134982590972274,169.94841990392715
7.1549242275044715,49.99413690885003,0.8551112714486108,514.9087077490137
4.217334664492406,27.78473605574981,0.8307495391097327,626.6666894093285
33.63893574089746,37.23638435084253,0.7216166066815421,924.2319792748523
37.339332936392026,31.098843870426055,0.730081672583202,796.5518271653546
20.049434206811338,39.25554890043409,0.9248919376300846,517.0332688189753
33.22150922823015,14.23792300892325,0.8003153634866598,230.25152043552197
29.674883385440154,35.700303769687196,0.9148068463832204,337.821324745937
39.86384476107344,59.498043257520514,0.9463328951019425,531.2824184548047
0.0,51.20256077241396,0.7164662567170397,577.3045063884808
27.125615399727415,10.049250571461188,0.7930631697726223,489.38929365790966
8.003060290282676,25.64239027420302,0.8628201386874961,84.52800909473308
36.65804015141415,47.9717883343606,0.9048404062803844,941.7122077740396
0.0,44.72367580546704,0.7911092156259332,757.0885516784482
0.0,16.493535685538927,0.9223298309020498,164.35936125756325
18.663775149134,46.75853206938424,0.811008905015366,797.0181180780376
0.0,25.913768164167518,0.70711858867752,186.8005587772973
21.846491125855625,7.042854535454252,0.8833757779503124,140.18283530727564
5.768726232695021,22.71660531821733,0.8654105433032506,877.3394543765194
35.81565478702446,36.68461839540084,0.8417356137753862,820.1930930083311
32.020490959073705,56.979444909821446,0.7080685656213584,149.97563309226956
39.7935876850977,45.52234680585312,0.7208653870245743,464.52598473660805
30.708105607382596,57.41891258532029,0.7480573247388743,881.8537860735312
29.53796624734296,57.1409148615354,0.7103055137669178,264.9792779943723
26.21056179317429,39.97596890127454,0.8074547411906137,67.19056024970729
11.608124149411925,40.30063180229831,0.7632560522044518,410.4451970330084
28.358431551214608,27.985131701066013,0.7552654501318088,901.7042185573113
27.27193562915787,29.117020860264155,0.7363466145185192,289.1589933087053
7.116471582292871,59.14956499393961,0.9215948752705885,284.2805355582352
0.0,15.014111113258055,0.7869423666265327,536.4434021943604
27.7704454407498,41.45920604750182,0.7363756138242303,475.1173836474456
28.535417182986386,23.62375867460798,0.899876105440474,323.01148541380417
37.26737920980925,30.450128357135835,0.8879463218353696,926.4016354708815
19.880065271660975,10.29629417507282,0.7297977174506032,250.23350788286137
34.125147585579086,26.088879079540543,0.8634705384039253,367.5126097479065
0.0,30.668916653808765,0.7131129177153817,712.8947626045789
17.656119325443402,22.692237229703196,0.7244869888603254,519.3501475596313
1.6170655087766646,28.657966459344173,0.7391414476524786,620.0010004913289
20.8596168478616,25.47224946423991,0.9280834632231567,905.810353813431
38.99648641722974,58.49384928980373,0.8494819888650659,81.11237563205219
33.31647892150549,13.491279507373225,0.9472261783556983,465.3363507468788
28.58065484325424,38.44023710847038,0.9095193926346965,371.37359246143313
19.76561135918374,49.5473594859495,0.8142534619901829,504.18065270430316
37.98659248198746,8.074595374934008,0.9127511721491255,785.076681763673
37.54587675698251,11.442605226955443,0.8384898669166088,331.28715352987075
32.349748544063026,20.608019780103433,0.739625333082718,617.8100757736313
30.359543097787487,14.702159994840981,0.8257836418843789,45.08082194804352
24.235988763374635,29.864668265641424,0.7291089488029944,972.8111056637631
23.019158268212905,8.608271342029305,0.7283907577715385,889.4580951103642
17.87812980164481,22.7776762475305,0.9154080872573342,631.9550891967482
18.080837453946234,8.740789484836341,0.9326047980075616,874.8813657829091
24.882723081884766,23.24315754976375,0.896245412586714,445.335546476517
7.229692167846301,43.7794934650121,0.8485626525681886,835.2735482131686
23.341979568792894,24.243231035891622,0.9037458343257355,714.6069650663663
0.0,28.571475471107078,0.8299400910138286,674.0983640121532
16.394309981159715,56.63150230190822,0.9402077814618253,814.6377211860952
38.63661413760875,15.719865026674178,0.9203683591782097,571.1766494790826
29.97775622702633,51.22093587545526,0.8049212113978514,951.0986454492645
21.9603320275444,54.860764816661074,0.9398229475259641,182.75416764872682
25.699864346089964,59.94889356398301,0.7882663386473263,374.6247178857832
32.949852254382506,47.432698471343926,0.9471745164805302,993.9840033438423
20.397799481034223,31.22663448905642,0.7517700653407482,775.434453407074
10.28030388948936,7.950055481961115,0.9218694244645509,918.9563420456382
18.398845547472195,25.903635590648154,0.91699207982723,68.2492131896614
19.696533653698253,45.62347431111586,0.80075509448256,709.7551852742545
30.58894093339343,38.85601992211544,0.7339096314922063,287.17575948794257
2.2591038953871063,10.090864217645185,0.7484595448419775,418.8760044457139
36.148884763800844,10.452599941431485,0.9130665061002431,299.062991747365
26.49974682954525,46.67026504163996,0.9016947660572209,963.9508757712372
5.23503633150167,37.56976624870415,0.8862170007248047,478.53320543136357
16.211364357004577,23.867972349835238,0.7301124384754412,357.4577728864675
26.90875907241015,22.41667913700676,0.7014167651270172,697.3511143527986
0.0,55.31637618262563,0.7484789969168593,469.20465458074915
22.838002841714808,7.028438510724457,0.7467822295132426,517.3443813208256
28.955639864915465,22.454121267364975,0.8045416560797745,768.1253633782081
7.022907197071416,50.723882008073645,0.7520516604421171,291.9395348661041
0.9680713827442293,32.888733786770786,0.9199207073361065,934.9739289836765
8.395956867183548,36.844236196057146,0.7778004654126717,160.60843889076781
9.699189957401662,52.96872955179119,0.835323849312387,966.4244321631357
36.41683834274582,9.70967478256217,0.7938214302060738,659.9896186700381
18.31346534927488,31.812019392754387,0.8784710418936741,338.70401430928234
0.0,47.1011563622763,0.8540809014038864,168.36034057964682
25.279134263304005,18.674146002436025,0.8418716962122583,307.96528763668016
0.0,37.34879191357342,0.7113787944033672,160.23111804557266
31.580253853570145,27.891470503617782,0.9333990944545962,108.31046318069522
39.995263361222605,40.6785356970551,0.9114078056856137,118.84481249191495
12.924476270162067,39.48588094528498,0.7750229970150945,116.61502152690485
0.0,32.18096581903327,0.7473893305122459,278.848258566745
32.35741405202502,12.941094644778394,0.7190864690695024,41.65511528266496
16.78768896907739,19.364914342364514,0.7966867783857285,597.5359209158487
27.025777026464528,30.075407269661625,0.9203909325518793,986.213556918277
0.0,22.461298488673393,0.7028632039554399,499.39747360241955
39.00859870468066,10.667549014241732,0.8134960840885335,994.1002566239538
25.752232865846217,24.08003640784438,0.8933294872705921,810.1656428167374
38.24948846574529,28.17063238115129,0.7353768500829508,49.167486653969945
26.236946404436505,13.032062424752532,0.9436295480103133,451.3898028328453
14.702412188402286,26.240417680289415,0.7072327908566806,472.9579986521964
0.0,31.204361129156936,0.9204890724308903,775.094089489252
5.163156345766741,52.24457108777911,0.7917478134017493,476.9330400891737
28.83236497202292,44.594643793419216,0.7754793711553403,90.31371476180578
11.213337608031136,18.4601522679524,0.7799331351107601,417.4625348515809
11.812812366419678,56.50133339935882,0.7253936728088954,91.86801638701081
26.099704320603493,37.29971463952889,0.7597230342994017,957.0651463528045
16.60957972073795,33.26870117808644,0.7710325003723799,949.1140954056784
25.024218884690164,18.502749257314022,0.9226503213731567,719.3107180148826
28.754818336823575,17.982081151668297,0.7070821774047095,580.5171783623513
18.079404107287022,8.64407871016755,0.8474494201477911,928.0813594100968
24.546493543841798,6.713110306525145,0.8014248408240845,384.81503610539613
27.226430406062395,13.104891562576114,0.7293021650415075,773.1193472924973
2.599660946444263,9.338850950617594,0.9119868593150906,865.3466238386139
30.709089928620518,37.057738890215234,0.7598051476973144,342.2355973165978
36.14899220824934,17.84400487201399,0.7487265921326357,253.72216220574114
25.264531121930805,12.79090269644572,0.7267753999465754,659.42035313935
26.08878839317234,21.436929204859183,0.7046531363760108,660.5845597143921
24.9570391224487,55.17216147721442,0.7453256628525942,316.7489391028342
21.515549279937186,55.31175446963875,0.7698762279762035,655.6441391937374
38.007227901171525,39.46202560761167,0.9222939090400968,563.6806140227055
0.585975748605682,28.964113489398592,0.856675368071225,451.80103709047677
16.396841352176832,30.670336329450308,0.7064223974762848,485.381868282482
0.6050632155017905,51.05347100737936,0.7731969929158546,891.5414776943617
9.605927276755583,41.34056553961821,0.9094724976270647,209.356112052049
20.048422474624722,56.27286069515616,0.8247751842625362,76.40802361567921
16.56510756743321,31.484669004182052,0.911497835471264,265.49452147418947
4.105193507433751,31.406745455764508,0.8805574464846214,775.4842601654902
21.352152060483984,30.487967546145466,0.885220825471813,873.8257468864389
0.0,28.662616046913847,0.9324737403483901,412.7794250032433
4.7574612739387,32.624334152163286,0.9108017340849781,92.19247442334286
6.235577417434081,46.57678675708159,0.9395231135851763,619.1886534690999
19.94843218861913,34.25639801232661,0.7960738478947118,761.6275592267782
24.1945337329808,18.44846654475058,0.7302651697362812,248.26133383822014
33.01099581716048,45.354085202203734,0.7893910813978053,382.0103380552485
7.9349090770520805,33.32637290444357,0.8843702421564223,278.7743995596365
17.675537479219493,43.4512193169898,0.7689750532664299,183.73673143751387
26.318557679023307,40.47733083133197,0.703058810028343,185.77519881538987
2.8944597657775955,32.96939249153322,0.7777941991792816,919.788526833248
0.442617236186507,40.824495372765426,0.7395726361408277,868.7928127286937
35.63223614300236,45.06884051493314,0.7958749119044777,671.1166199440182
23.019996435921005,23.17316413763473,0.7099842534417726,438.35185422694485
11.65404861458055,26.882638692721475,0.7749091349892568,982.6557358586751
6.674779284763019,35.46522005225849,0.7022954624954115,549.4328828297274
21.021747405439175,22.918312598645883,0.8799802867887476,844.892310919797
37.8859268541372,54.09821234234739,0.777526397985127,320.6368887229364
37.80528444100499,33.288426276533244,0.7719081953469599,370.0662340536837
8.30905441001498,8.235837400441893,0.9490916944590633,317.6592315862374
30.29242575320287,11.587331539222792,0.8144364155230934,590.0400944503868
23.95110295894959,24.25809000853412,0.841756445945938,735.2382899214288
33.03826323686475,45.12011700842519,0.8389072690601198,927.6785745119632
4.077486412147689,40.56950019233694,0.9467556282756909,157.05948513722598
2.9070627034581062,6.176936533469184,0.8124635118600567,347.74882489766145
1.5430291938617215,38.92197952318699,0.871783759411669,389.5999620431484
15.640087221806441,38.4298565653223,0.8965771454439084,388.1462286189547
13.907737689787702,27.415979115653208,0.859293295605445,483.8397356420852
39.78985200451877,23.376169217436562,0.8728724108331787,257.2470716313041
38.4562295159532,16.488782033611546,0.893437528580697,635.5085948091352
0.8315192198313857,38.525472601193265,0.8286287847393341,507.22610570245547
18.552897037762246,11.317999152017052,0.8105405484752424,341.3226061844835
25.533347635615915,22.249018699541093,0.8135297688624088,76.0253629156449
35.001425321039605,30.292361928285295,0.8637090282957647,347.9172030428824
25.14054172001704,57.876220322728315,0.750200558160979,97.71414804806821
37.971235886410774,54.13723035190556,0.7133434278392525,150.0082181713567
0.3395933592875374,56.63994993897512,0.7179616862245866,812.4629097455974
16.671145982456146,17.466041912303602,0.7708226452294606,799.8092319065637
17.137834027087592,14.515481620275498,0.8371035999196865,933.7471831112325
8.12347353140771,48.95368926830666,0.8900353465015396,994.600351304173
25.36547180298942,31.447209523676193,0.8766753601096116,277.1480760828244
16.159943295004258,36.53670975646224,0.9379282849341881,79.59703955630746
24.63445167314062,59.09784121096904,0.8391771185933686,478.01463347803514
32.96937726791432,13.63118332812949,0.8953444394544707,748.9275227111618
35.40514586735442,30.09295464258138,0.7945969895635545,627.1827047298009
32.39236016215723,12.512052885302985,0.7827937596427764,87.29393488879168
33.75781531210341,37.031006668931,0.8840533316983807,535.5308040111559
29.053514679191558,58.40452963083944,0.8333470927390287,798.1965388786521
10.63771962966748,12.767578372885794,0.833089258227997,486.3656396348963
24.464585109496305,39.73917000037966,0.7128324323447744,466.15672603184527
23.962012921598156,52.8517201670812,0.8869901417556894,679.7431823075478
29.0687031140956,39.59406840307508,0.7911608078801775,528.6586255131408
29.700907158956205,33.68463400536269,0.7151802402044414,170.48834204583886
8.341459963882574,10.163390956236633,0.7925220789690179,325.5638981991132
17.31850030953207,57.861407487646204,0.7257880399829699,141.99021187937427
16.012900016856307,10.577711052828182,0.8920334146785709,61.626216862503505
17.110669771190885,51.480500785711044,0.7413748084328635,222.74192448783782
14.372137532990921,14.034799996276277,0.90673668804998,413.2895998175953
11.090159290847431,54.8227926002437,0.8798082691388351,154.18749439631307
22.179494017394575,20.939820193510617,0.938432090735115,761.4258078363682
0.0,24.676728561516605,0.7392986820824595,598.0250057649199
36.726492626569964,34.70201959402293,0.7864796030103698,141.464280771573
13.902837053819018,5.6945290394298755,0.7125824671774525,923.600203875782
22.55298606335417,59.172540845850754,0.8348661669614159,550.7102701830698
2.4392061998055214,43.25787624286973,0.8598535687850242,733.7692963290338
0.34652914917982536,50.719877764268254,0.7096738865308408,583.0924466232077
4.072184047646824,34.66930768718106,0.8014839764527486,759.5624587946164
7.527169038318443,54.567169963136806,0.9309193552294106,879.6955289121671
9.981006851309665,40.33926435226598,0.8162093936554355,629.8165980037444
30.832978221750434,20.89775556643283,0.9406302668189054,605.0981552249821
0.0,19.025686147166567,0.7882901870404696,593.2148968630077
5.300633574236708,22.382310134800164,0.9136878308194256,922.8714252700862
13.106877787338252,52.6833404888191,0.8539537003894304,856.8380240137145
23.546692375167968,39.770425098904234,0.7650305152710546,447.17433807774637
1.7613122974808813,24.76151612130164,0.767034577762853,429.7150979604672
24.012985282192204,22.047474202112138,0.830777690214909,106.78000354227322
0.0,51.88221393066091,0.8997309322460436,271.1679398021675
0.0,57.015760957660305,0.8266559275781935,503.2836128316051
31.55599203460451,15.319736743911916,0.7977655556207444,386.3931732073477
30.9617048015486,38.57628694237709,0.8993359380447913,892.0426450077789
6.804540674030337,50.50090918861479,0.9172116304930686,710.4430518351003
39.05417098229594,29.616800562362513,0.8533183517444639,179.86425631356045
2.8289790133307644,52.93991848833983,0.7559271232011067,195.60078825939217
18.402326821948797,28.624699884290926,0.8497962639255104,572.7762300943633
0.0,20.452460334220365,0.9466080387182872,160.72663558969012
0.0,43.87426856001222,0.7252983915253968,351.8583253481625
27.79116039566155,21.00066158265399,0.7272386356077735,611.6742072680722
5.6325532414305055,55.571289862155574,0.8440349725848779,274.2623478645459
22.5757117144684,51.15622845232256,0.803671600729074,525.1173578992489
37.418676320229146,19.09758305335591,0.7817285779661145,274.31486177617427
0.0,15.666653895802366,0.7414338777438996,566.8427878881217
16.48186924519269,14.78651571157535,0.9472925047775306,525.7183759525582
0.0,15.781318456605145,0.8320191839177047,760.2781082850461
20.04986604954961,10.576472567382671,0.7473157372211144,605.8265681799327
14.905727102614218,58.80222365385812,0.912945880033825,962.9145239229963
23.41191065557943,45.83917458563681,0.8592489172668862,682.7635532785489
29.109636109282558,46.3008062563393,0.7171686582745098,616.2162277702154
0.339208682393324,49.2223005451135,0.7797841616067125,144.22428300140635
31.858870558603474,24.338675161195336,0.9432551393060002,535.8037367374018
32.883324720325184,15.65506380052743,0.8193775700316364,912.8644633249269
30.401232371423504,13.033378143578673,0.9194363123150661,539.4601180010847
22.736363702436197,44.323314614990785,0.9383747081578081,350.6167147287367
8.436918619119607,58.94459550579429,0.7357803140309183,366.0843915164874
14.622759657203064,55.80834168894919,0.8304574417618558,666.3092659049238
8.5258936505538,30.72702598379425,0.7061331980379915,208.2546666166652
23.1820763145756,15.890024505289785,0.8499862986177593,921.9894489836705
30.84641590511007,21.70733913191575,0.8482319969085401,762.0127732471007
0.0,51.947109640868405,0.9022044036940016,836.3566363583136
20.229586599346238,14.498479671641793,0.9174317730704973,665.646065721233
17.924752022862855,24.825427249683464,0.7560556260732606,447.83202553806353
25.32942925664404,35.593604736395626,0.9365558029374637,108.40214853009137
39.63739423632811,9.162997862876693,0.8079154354703403,415.57874681162343
10.70356862095687,59.13396304370781,0.8500699095760882,577.3664854203283
29.305766691731108,39.366919294264775,0.8509516401132949,326.8093509028733
35.225154442128584,20.094108665893177,0.928284293157859,428.86080199946554
32.03810546357332,35.910600049757285,0.9124353529040716,524.2762441979023
29.243430203350584,26.831297143445326,0.8381255744995475,388.8835665947529
0.0,59.23680188166018,0.7515502965253534,139.56938537493957
0.0,29.30226259238569,0.8314188982064801,50.48980878038261
12.109600756868549,39.06582873216743,0.7405507509824953,630.6186241545464
9.2406409216452,14.980183358015337,0.9022104470838452,613.305239450456
0.0,38.80135783726553,0.7313388978897911,570.1833960248437
12.244091560791782,6.08944940832484,0.8364331663498876,184.41251804403652
4.590485933812221,11.621457142055878,0.7195654284599369,555.6196569394868
0.0,45.729756709880064,0.7261939363480625,288.6218432452214
9.51692196589911,57.563392568290595,0.8278231700810249,504.21500546050316
38.40401491234357,42.34827411355516,0.8508226649469073,768.4391891739556
25.635724565197584,54.33835518062532,0.7918179245480923,377.9255011436657
10.29751305421941,44.18119413577256,0.7829364933674691,72.00726309947757
19.43680854543757,51.053000269217875,0.8728812662397296,200.00302499078103
37.914753252784834,31.97237138190088,0.8230419069819647,649.0391268759565
12.61589060226975,50.71685861042534,0.8208327204686323,752.8889784031386
3.0015686551364946,38.707162981551804,0.7970728351853272,183.89026663296764
13.51378935330907,15.970489494098404,0.770429980069399,577.8651304252102
38.40424500550205,46.4359920680608,0.7645635792555062,592.3072240277322
31.237734019351322,28.89230139229279,0.7047330360777974,98.84562286296976
32.86816543903335,18.383504323910163,0.7831739482899264,444.58357168328354
0.0,24.235761470209173,0.8506394484910997,724.0756207985218
27.43902968282636,10.215175630094949,0.7911075454915356,121.10699126414275
25.431684979635538,19.92675347038457,0.8965838201253211,499.12605979921426
14.89326887704553,11.399762207640899,0.7228253095983408,375.91392065451697
19.1614526806087,34.02966544477715,0.9006775851093536,236.98894380144588
27.773940245266374,42.53722802837344,0.7534975107132471,354.0168556382324
0.0,18.557529664049497,0.9177160371138137,520.4662185122555
5.659850632255433,18.22714628455487,0.9228816834886446,791.6508536246776
12.468425761814753,53.108343140190065,0.8170908616050998,991.7754789545911
27.714052491274856,39.02981071754493,0.8098932739255702,877.4718803357285
9.496676191614338,7.249241130660624,0.8942477290422906,829.5743231953203
0.0,7.853749508596589,0.8116997814704358,298.8303505726318
11.126185160570811,54.17430388477409,0.8660080025955915,680.2025094057459
34.894401339654394,18.230636058922773,0.9382685526422571,349.4085702901233
10.213185607364036,33.3404807258886,0.9455966437405555,340.47465627461446
25.854207797418695,43.67127624508977,0.8763027167481809,568.8678522082319
13.84435674883637,26.47110552982618,0.9203499483562982,386.4250005958423
39.93576694066278,23.92021063290038,0.9036553683903543,284.23032506404496
5.870420447738487,34.28545327738023,0.8328895027997865,879.7136303791124
1.2778480264183405,59.44815345161546,0.7999264700937105,354.00464568722975
19.058916155484294,18.887418130959784,0.7061039811974223,882.6693442490837
37.35626222829846,45.415296724540504,0.9456898272617742,568.2302844886044
37.45008318660635,44.03770898178723,0.9001184038284444,155.06615036449165
21.852647245897447,19.19562965979475,0.8018105871868794,427.44778599240385
9.375449564528397,29.787054375618474,0.7831914899459594,703.9547702076632
15.807825644887767,23.34544563555147,0.7596682703213812,122.90405274533832
25.92504703447983,44.66070160629488,0.7765723123133077,118.31521821143724
9.756968561632624,45.35112951868667,0.8270896704180377,700.2411959916624
1.5076248163347872,41.16418763465751,0.9237758761348758,455.4895189613416
37.78932473873314,30.676936376579228,0.7871910271328776,924.7724306588233
30.828940383064793,34.42499663933162,0.75489514502665,877.7828066366923
27.716356818742643,45.615292404875575,0.8840182545426454,541.5211787346036
13.007706286543419,23.628749379951635,0.8220710423750974,321.1733113252964
6.645511543240512,32.884216297830996,0.9025965328028169,688.5157254619074
10.15774385888939,5.905339073156017,0.8859978288114172,900.1460145841852
8.086392675146959,27.566317068466528,0.9431721738715892,478.69238272756184
23.60195131687556,24.904947306818013,0.8550607011575452,846.3116341180382
14.00356769436826,57.546940411121106,0.7227118702262848,486.3031278661516
34.27797261075615,13.947245451922448,0.743909668944178,271.88433210422244
1.4454764838583634,53.43531068990542,0.7703874406936029,327.1844449413327
27.848689296760245,26.134441273912195,0.8043153273908096,987.6652650619342
9.84191137700916,38.0700142138479,0.7519646909479812,142.72532493150393
22.51226711982885,56.587290426123275,0.7836173220828611,729.3699844195309
0.0,17.270118601591275,0.7701592476547545,610.1844927709296
3.9758019914400418,14.362276747258315,0.9241049386888441,132.65756754624653
34.44925248244041,58.202465103176664,0.7029387652806208,245.4369401934295
4.716175749224533,47.5225065874456,0.7708549308518612,222.18810302522115
30.655233879576954,10.094970616330698,0.739839305863375,853.2138233276905
0.0,49.44075559796117,0.7255019720503446,868.0752819677277
17.449847481569435,50.468747245427316,0.7038691295601903,295.1312436575065
7.403335223930924,21.616806125336524,0.7501483914237855,654.179224735176
34.947211811971535,6.20452765308456,0.9180146908299838,794.3598027103361
35.96675439065137,53.7715831545212,0.8997600839105233,250.70817518345382
23.536121036265115,50.056609350190904,0.8899173292918139,675.8752783347117
25.889065658115047,8.634808327260634,0.8855156834253299,612.6140934123224
10.26741287257446,12.224929973864679,0.7638582131585464,569.651685893408
20.265498897654563,20.991998229537902,0.7344015557569512,627.6281705881947
32.77200157391979,6.971726308255405,0.7781302736862729,660.5577291919798
28.386722418837138,5.563903993865004,0.9245447425923682,191.71461380534083
32.114724125842315,49.12690410107884,0.8577980360567886,778.4158777688973
4.2110392775699585,6.701466253743522,0.8155524531733614,433.2020032401898
19.288989947542873,10.010836889004603,0.7255161585005904,744.2421479206818
35.734425948488145,34.16259163931933,0.8340901773113919,113.13147826373356
20.318523632438968,24.65045672494464,0.7981707739946995,164.4196314354792
29.35605096325239,17.250292872288366,0.9370466848846919,847.2154542445144
35.09694901769248,27.89830628473178,0.7054510734119287,771.6653267030051
7.2087668564445915,51.56332827701102,0.8136433380318011,679.6001595607856
13.843884369637337,24.591412650794055,0.8332986867899878,806.0070895377107
0.0,38.58152717400434,0.7036284003161886,774.2352765374185
12.745811299395106,55.17160648267436,0.7959680002316878,654.1877515498913
10.374338198992543,6.50733904371461,0.8755524283505556,683.8168569789724
18.486306624538276,42.30191412186606,0.8642019647523149,999.7058182983876
33.024641642510844,38.46721374646678,0.8057279130047134,566.9173869248684
1.9038802512937643,53.41611364325296,0.7193402698947302,603.4888055486565
20.065624973123168,36.4645335306429,0.9451352189251492,764.3749532108266
18.109437904891927,30.657359644042728,0.7340646113667542,182.85890260533452
20.88961031655409,23.956902862872084,0.9480785423842749,392.1669580079795
12.681713337488057,6.611867548276294,0.7935587905207433,722.6752393961815
35.02205870434269,30.407950328620966,0.8407381216707415,151.66228200339717
25.75320926280538,5.2527262514660205,0.7703508575957791,485.0463279381249
6.087436325771598,45.59798187608682,0.9217698232972374,698.2866718388346
31.104861986749196,53.31058344593796,0.9035423061739829,528.3781646382272
31.448999290919783,35.96551478930428,0.9385724500376924,779.0758878190223
29.793754610905143,35.364755415032775,0.8047074929360079,210.6376282483604
29.82792777826824,42.39722534741054,0.819657681334663,527.6806065555983
20.633433971146413,59.53209338084316,0.7041693401928486,547.6196104749337
30.832787055292755,16.702351391685525,0.8108333287604291,774.6557246865174
9.524437973650837,36.70231282492511,0.851710630765256,163.03911612074296
26.685990419852928,26.029454046074328,0.7763408911688101,284.19691415381055
15.5876998293245,28.91884684979486,0.9244940357538551,989.7525179309276
36.653223319294355,16.546643427736463,0.8958445895547227,287.8634001714362
33.01675544688708,51.47038428898148,0.7327443534640737,795.8642443035253
8.527539368458372,9.089766314628315,0.8876432305630247,249.94912956311256
10.553662987098312,36.63603537166827,0.8858611315974589,530.9139941355056
22.027382860912837,57.77910574423804,0.7097552352964857,615.3742849672471
31.95475888377269,43.57092205628427,0.7038418222876961,167.53351260699262
26.048191209557903,38.497835679864,0.7169498145417199,316.31015473236096
38.815238970577944,36.67595669681949,0.723518742193644,861.9715852336681
31.698924012994702,13.167707401689796,0.7226362091674507,796.982578524625
12.406775438896457,17.705298828008985,0.7655325454588279,475.6651358405673
27.206083697572755,18.139565891550756,0.8801102099938821,302.19206822201664
13.66478790271207,25.597348755889524,0.8047783757793582,468.03903127308064
25.53126209197599,52.549707280934726,0.8290264983358346,381.9596506638219
15.49686967394254,30.18217385483807,0.7819439271539418,960.1970993967446
14.82200478800391,56.520029076968314,0.7801063055227996,916.5371086714628
39.28758313785633,32.16263393382247,0.935411491848833,530.2690176313422
6.096757457137794,24.688168138741116,0.9351954006894535,517.4431033270258
28.77374326425711,44.46185678724083,0.8843803866064235,641.0513446527899
27.093429851806558,39.54528958007403,0.9002808754120297,232.58378270566297
38.694647179357354,6.714388540858887,0.8417067935051161,631.5720416784374
27.976771199286958,53.85349546023667,0.7468040502753248,835.3511436759609
3.16877674808574,48.02804808428159,0.8964108269312848,116.30146941890996
30.11460289631955,13.965280284726274,0.9002252836170487,782.3594264158876
17.178323566794337,11.790833074271413,0.8574311312654218,740.5795743459928
36.22662554454892,58.05286840759027,0.7451699369976299,549.4407214898648
11.487162220020696,25.426126308386312,0.8800368374465171,792.7093546640443
26.040502156464154,43.86018854056808,0.7469803399764559,85.43437117594121
32.9424176772197,33.265607265094225,0.8710222253594552,166.7970436831145
9.137924443059948,38.972351880014486,0.9048197183667323,970.652983758645
16.63276055580031,56.95416547063702,0.944236790385059,155.49925220111461
2.94784495261427,47.6544252781414,0.83986496779856,984.8217155199444
37.524186441803586,43.485524453477005,0.8700550422834995,903.4030359639021
7.7929810517950795,48.189389299596165,0.9266294340372997,972.8966509945132
26.244007958783882,46.08908631132206,0.7265579498740374,155.38688465561233
15.969223748563017,39.25528410993357,0.8693060323744809,490.4238188742498
6.783780471730715,9.939084055746253,0.9441245977788558,313.5626270117195
31.38688124972316,32.42381169018952,0.7667613497745669,864.8143400448529
28.06055588274609,15.171998746125452,0.8443467352459778,656.7857710393336
5.3402491651340505,8.834007162408959,0.9481890618771052,594.9072521343902
16.528400732497786,41.655072528644006,0.8196076617155299,510.8242146236637
15.675728401402054,35.737257962641955,0.8139900008982686,656.0348979442657
38.96784812508219,23.060105842007705,0.8688207311124186,754.1707632872706
19.79151713622947,41.4814003081088,0.8488681517227021,43.7495745137463
10.150706010770433,35.535475903514595,0.8315050772438131,954.3897026725407
8.620924668112668,25.01797002346117,0.8426052324477342,503.08365644602543
13.686081195046995,48.929006127029126,0.886059372691633,784.0253150478037
27.193038866432843,36.25019228723313,0.9227055399365266,391.6916903511368
39.34936083419221,38.62431069438739,0.9394639815182281,478.4685772532402
7.464931954462106,23.845956782783404,0.8620383879357052,245.88764228249215
25.01577809998339,40.438161342063545,0.9331232930526574,778.1928514573717
31.10409506266886,34.52945873172126,0.7342655385028214,644.2756282765574
25.271037654702532,9.838369293951665,0.8343936494797555,554.6062532956873
21.152286713331833,45.450976325596145,0.9151296227645035,125.22886405889224
7.838946136623433,24.17901347353337,0.827058212503705,953.2540143345441
37.9579791531963,17.865249097803872,0.8538079430146761,926.9118213314846
32.651925513321245,41.125287174968896,0.7198605063922295,785.4193904385833
17.634414499439412,57.32958689607584,0.8075997868296709,423.86158439758833
0.0,38.190504250938375,0.7089920034580848,819.2768516130672
23.852784487920985,53.858578673213955,0.705608103834775,376.5918042458862
3.970496260591815,42.65640480662375,0.8519928327489761,490.6169409365382
33.80212410433299,55.753486662905345,0.8497605163492816,527.6450993073806
3.7758543925668846,49.150927069141005,0.748260149470422,263.209754181176
17.63280724782265,21.20461426552689,0.9482786380942698,724.3428306169317
20.39341839560945,31.69157904131447,0.9454366105535851,309.45711874086845
34.544996916499656,24.106062101251872,0.8785760445181042,263.71252450067084
2.768597647747961,55.47368061871477,0.9308509617875464,688.4045755964368
8.824684217907203,48.29863242883496,0.8385896492610436,240.05436299533332
2.6952861104806396,38.20180522695099,0.9284073613170041,315.3970382269446
3.821921148081245,35.183045215001925,0.9015984887034458,214.50140386257968
28.105729812378723,52.892036142253694,0.8652985863388425,683.0657247121499
18.644949909770556,17.499839569497066,0.8428763672053797,703.7858955157501
10.431854849707534,18.315338813657828,0.9096207672945437,881.7710680316702
22.85403334743691,7.77614411629832,0.902063634181055,431.6507795150314
13.59217218760244,39.51208057682693,0.7220492686741942,755.6649914707267
19.94253198637592,35.56082692905005,0.9299580970441146,131.7820253784264
10.941071529773492,5.072945597789237,0.8432574779322093,74.99696954897988
26.539737186555357,59.41371437662649,0.763591113444642,814.2184475693979
3.208675071755032,45.38259780238339,0.8238343417029944,458.06877667250353
13.315546719750136,43.14040094435437,0.7945077986656544,952.3746204369926
5.132123265777849,42.76611789724926,0.8470964855030478,851.8485880879816
0.0,59.91360914315048,0.7616376690758628,829.0418398786687
39.589382174999024,8.426382968767626,0.9039937333395249,539.8367151843681
0.0,34.862271682172874,0.7843570848130406,84.93727494607917
1.3553910971600371,23.706516254344976,0.9239993765778122,561.8880492955223
3.2099527346433434,48.03409301707481,0.8282462216370632,570.1899965048957
21.498659909192956,16.87182498564495,0.9158101432719007,142.76242178591554
11.215718767881034,46.649335983198554,0.8203508611141979,956.7788655812674
7.9316089323660774,11.056690437810008,0.8646836604423627,78.74507736920648
13.371054848115193,59.65294422667174,0.8818636933017323,163.61708614381993
13.449077643712243,46.69857692187481,0.9415099193559646,979.4278249279935
5.224833202914896,24.527465208741205,0.7621324254347114,199.74279623299392
2.4266776303584847,33.126497382833485,0.7093897009866101,580.7737714369346
35.27587318995614,19.177992903432937,0.7333462431637505,966.8583350222301
29.264237388829635,52.077597585829714,0.725529890203424,324.15714374325614
21.62207617457172,45.33009638045709,0.8897407200711563,442.3448919728319
14.291354368886518,44.57698687115062,0.762961329953626,459.52644446317214
12.311545283723715,29.540719616504916,0.8292013116503921,454.50718901737423
33.67241319631628,27.54356605318212,0.918335692334884,580.6819913868808
15.89277819013685,45.43302665124059,0.737440794294348,265.4245087613615
29.709224359560466,21.050913839589644,0.9373737544407948,322.18849271347443
31.38029478010533,58.07849280798627,0.8117380469110709,376.98472873372344
29.517034937728237,31.82875558333135,0.9066851390268428,848.0925535855254
19.82868169616336,43.97021445702212,0.7998199482261987,935.1308996665326
15.049736000693922,25.79344164518363,0.8208538173176518,412.0341069007326
14.936963406423372,41.2096839054788,0.7083454380181864,538.9875676551079
13.181216304426435,31.370106975474837,0.7515980613410551,985.3414634306239
18.960392283748135,26.522325722016312,0.942942502779679,859.7444102299024
0.13675354598185713,20.065585992923427,0.8484118931475837,525.6364458039316
12.631049055151419,19.455889845501613,0.8651050765097157,298.0973527472007
18.2930343740071,18.42953878208275,0.8643663129928006,128.28967495587264
1.8555719628439176,30.675929068995984,0.8267836429972295,747.2664065993993
10.899652715900709,11.315103720019296,0.7455646964164698,151.0471067251882
11.069928440429857,15.584136940420732,0.7523712853384946,266.2053737755088
14.276635101411195,40.1844345656983,0.9013750302887982,943.690679450016
23.717035503513724,7.064081926832613,0.8276693701002681,570.6312671739006
11.5883166442375,59.861321302795936,0.9230579915430875,52.338707634596986
16.253682611228456,42.356935985632994,0.9127326801569826,206.67229657529452
15.217744304180504,8.798823247104174,0.8771936521209993,201.82499156569173
27.95800484878572,30.602396432368174,0.7401636153293274,44.51360278088341
26.373817862535788,35.48313672927932,0.8593662255215005,875.5366379794807
0.0,35.52448101285288,0.8619288668144618,157.5213031511202
0.0,37.926546993764994,0.9013087893236987,942.7673201378617
7.3545000980708926,39.6695385885007,0.7849645454376797,102.22372737390195
38.2484447475471,12.577233543718151,0.8782626757296483,603.5434520002428
15.988000751118891,37.64815590657757,0.7590422176467915,130.94670103333385
24.564536376812438,36.10120005497313,0.9362274791236713,879.9674938210778
3.1487518208367296,19.09595637540152,0.7942957265695929,464.27551965276024
19.459651347743055,49.64011765959892,0.7522156236659965,932.9391858534976
9.118985525293274,59.69369552243079,0.9188389845638973,160.32272044350157
11.486449603934137,23.311320328811007,0.858903952353989,630.0524892241566
10.71982308351528,5.996455169602001,0.8845463206878075,252.73184381019374
23.64014316238245,32.45894184150246,0.922512727217543,253.61742071908182
9.768356770567237,43.55451663283404,0.8010450426035453,361.75682150687044
19.266981679499846,21.13505500768575,0.7850747378528756,294.2940829306263
13.502297540646683,5.689227249664554,0.9217130742992312,639.4201753006976
18.898336133561845,21.628864809798912,0.8612696093863864,363.5642128048912
18.054142491978645,15.201322941302898,0.7450443519673445,975.0105725114648
28.11885758932117,23.846816582746854,0.7378937507321104,85.52638352970749
0.0,30.152520131163058,0.722075411920425,735.5411835665221
36.832266469298595,14.035020491645836,0.7502650590388268,298.752046232283
17.388980631552034,45.26241231704233,0.8476466082438742,658.6547699899897
22.172576837440758,22.28275816530145,0.91184625096561,872.8107522189229
15.06700930682549,50.57004479681845,0.8133941054221171,238.95500383352163
39.5590254864506,39.15723838249356,0.9232754220980411,705.1281393154485
14.476146338807354,16.458497740542313,0.7655752902650486,539.0309244935297
37.16319335788336,11.651991885566277,0.8613816204473127,837.4761114800773
12.761763381189304,38.85336407018216,0.703127253771399,946.8274144741589
11.5779514210569,45.501845971494895,0.7384520715177589,274.02633109103283
1.9798414567400529,27.15556314423177,0.9099711604530007,147.65396088353012
19.77027381201317,45.50340959981816,0.9077496099493689,231.1286174855931
0.0,21.647651591044582,0.8645519405528181,564.1224043001548
5.9841938063605875,15.846627794199982,0.9392487949140498,267.6702877925874
9.049214655290514,44.38270279688403,0.7886144639470732,410.6153010790192
1.9299223880850125,25.15766798519572,0.7506780198028281,291.7096624797001
11.425718225045602,5.887499309647394,0.8709164372581435,508.5887596641292
20.935893944701952,10.882990884613815,0.7385011787268512,88.30313350787779
12.60091686624423,19.51490985460088,0.8212174783671475,612.091137880305
0.0,55.452582801184356,0.8688995579528295,738.8546129335604
17.76978293203898,58.93705015316051,0.8341997771067252,116.02863247641899
13.437942366504073,53.777498384279305,0.7311935482063503,645.8761226255488
37.09975551445032,12.129418185970563,0.7661856563314917,805.9446376811226
4.9627186888453245,45.14939228219598,0.9147610938189075,601.8039239643185
26.46468516383214,5.056245099910895,0.8777761776632005,774.5242623705052
21.565589335154066,13.164563725784376,0.7246950212469251,476.16712068201525
10.83563999413136,32.56504679503251,0.7302807213578002,205.51040426490772
2.5170953317925466,39.72270716558197,0.7415778606684968,93.73131714173276
3.843227212993085,56.672677432060375,0.8940303983696967,525.4741236355143
0.0,40.38384048051911,0.7061285967611698,200.01836247165497
32.177625876370605,32.65766523445563,0.7391132891796548,56.390124834820234
18.045409317501125,21.29118393263078,0.8218063554039059,770.2865808308792
10.483821724804843,53.78035056643207,0.9364460545254107,879.749525761392
33.57889416480491,43.0354586880175,0.8481695198091765,717.8356714314715
14.65714024015813,6.22794198022624,0.7717284405379314,917.6265499622452
36.36746804745664,25.19070688610022,0.7003045804392498,236.42617697299914
7.891664894474288,7.494686476863918,0.8042324474991527,243.5258093643517
6.848476174200289,45.131596990145844,0.8523067768841626,282.98740242440095
11.430204495684414,36.44358024501162,0.8106913739565847,919.5681207038133
27.927098201001407,33.02902790597205,0.9012974100003992,717.1854059593733
22.29251234418757,25.674188669993256,0.9186479698379961,727.7482227200034
15.044485597396928,14.289977800069023,0.8730129635340889,839.9177522305963
13.29232992082883,45.79872243580045,0.7102700474133247,708.1088874972543
10.297237024562769,6.253629793086443,0.8797750755398603,633.9881716775428
18.4030869914963,28.62612519196972,0.7741345346315827,92.28798114304826
20.905060637895733,7.146292342066808,0.8477693540127085,211.29652771345042
14.100712660420605,58.0222735554248,0.8937945745969302,171.30893433189996
0.0,16.022596668207626,0.8443411363806913,72.83277911989873
24.92079433281289,6.853345663224325,0.927992205135775,327.31505952277723
39.229672489086425,48.189482017938744,0.7168223524157964,921.5482065103511
18.53969760672406,5.508594098822631,0.9397636829369369,980.7444969933368
29.53101996906478,56.13618266023279,0.7241213772176299,108.85048447846337
2.6873717313109124,5.9409727257331415,0.9280070139657707,854.7436164297225
15.431870920898188,34.72938946121307,0.7487125758642099,421.40219850880266
27.745167903952925,18.673254499933403,0.8978489289765968,252.9471530814385
38.01441356171367,55.63441319239895,0.7496078917951164,838.0373753307595
14.559638310231978,42.14975564808955,0.8723446736992272,732.2274022503714
0.0,45.94131007465391,0.8038523279662052,303.88873829311626
27.267039615569598,53.31848573757087,0.8295590096674571,460.37929040445226
30.781266576000448,53.62817038298205,0.7202887222074192,926.5894033653333
28.188169913576296,19.01417825564313,0.7240050533080191,949.8718487961215
24.181422523778714,17.78761454830778,0.8957797589627833,731.8199416504794
29.106139126336245,11.196840091702482,0.891689785602016,844.4796100006133
28.61351279822164,8.222843530836604,0.8779050741552831,424.5018206467158
25.297128000819114,24.984407091569274,0.813630703419162,450.91653706903423
6.05595728455538,42.34488467576467,0.7782367094243526,302.3471337051934
27.051825138294195,5.586440750409843,0.7768159085650239,987.2510450954817
7.053814536678706,5.548493277593734,0.8207355957383405,351.02357065717223
10.299290116773756,48.297220962812325,0.7037090114491067,859.5603807191376
6.517960271797183,46.030174568014765,0.868677383981558,968.8624009466713
11.933394761314702,18.861423950746076,0.8970007813546818,93.00772973362041
0.0,13.680260596093772,0.7133861611242542,209.50397355816887
31.285453498183724,6.110922638624773,0.9386188036991057,539.6643993646207
34.22875629852073,54.63346589414151,0.866151718099897,970.0395983786373
38.19054976718116,58.31213220318315,0.795222500648181,176.46158487453613
0.0,16.28140721150844,0.8856957821406437,534.8072726568154
28.166292418159646,31.92414524259732,0.8080999705797092,168.9103773726039
6.094978260210146,27.15621293113365,0.7363243835352624,133.87476876714547
23.56672071103905,8.859885387815844,0.8005030776335272,230.36779178247178
10.59704379629225,7.064591002937684,0.9404673294625264,646.118261794848
10.895401465128637,5.344676233112076,0.7393655466415252,501.0612515855822
30.2159712231152,40.71233575516971,0.7599567302133756,333.3856827824801
24.90017399888356,25.28659211041326,0.9141193961039823,895.3496585011383
25.323790822628236,16.92473952390483,0.7701111046026827,506.8674883374176
20.139370703986774,41.46193261992999,0.8662278572410184,215.399730973421
9.993671207894138,54.81236071310934,0.8273330515295746,180.92495013599796
18.477472264239132,48.558653239586874,0.9121084241913919,765.7016924348337
13.143221397849933,12.534336674247308,0.7978788395617141,449.9702782958575
0.0,53.78632911048263,0.829702729003149,929.0293491489358
19.238890359053176,39.097230843847726,0.8403897816299002,357.57327867656954
25.11963524655851,29.14166566275526,0.7698376960598183,770.2356623847415
19.064204372150183,25.061273840316286,0.7756087343697655,215.0370846072891
2.001715467018239,18.258826640756094,0.8157659743416683,915.2551071599469
31.2905784886641,35.9448752231345,0.80385514476989,926.0566089573731
5.5791209467577225,32.026449429891244,0.7791752155503224,310.7332374904616
39.00844820836599,48.01727886444671,0.7677436279542991,437.8502533130292
34.49312856944672,55.77090846267987,0.7418686816023217,140.6275591646994
36.31926773330356,55.13796986196172,0.8115847581061896,119.42866127316584
33.16367685774485,43.93986952571529,0.7253202322198894,789.2241012555492
29.717101097250406,54.93139654752667,0.8666658106504452,879.7252193950179
20.06185993570344,43.40428090500051,0.905244347636694,229.5326929781328
37.161392458811,54.51841843448881,0.8278077474307146,949.777939738483
1.9943719882437392,27.82166051187514,0.7222599601988315,959.1175091016719
2.1402213631596134,30.809275666201366,0.946002454053146,231.1415481408881
26.858806819081416,26.75072802139954,0.7673476772633671,178.2939525941131
6.023427437886606,41.95142650358624,0.7719713431391291,530.3463809374407
24.586713462660924,15.697039900030576,0.7413740871299568,384.0364419106757
30.62749831288568,32.72646326156714,0.8933955716059807,265.2917457210443
35.69618107443426,57.974758846118654,0.7896074430501929,860.3595184964644
30.847908270618326,57.89706237136891,0.9024546254418392,75.45710989277772
20.588468297972483,8.427642996689123,0.7425349646663284,242.7183280702127
16.828785197661563,24.46488642999,0.8968374292403224,648.5559402585725
9.8842816981421,14.11298144831824,0.8094618830224218,310.5263708778812
9.940630322803466,23.87165018915932,0.9217177836061828,538.8900975314499
39.615874114927195,22.84918265772132,0.8318712932407379,881.5500391861931
26.279403242837866,49.04796822249987,0.7563075219925273,461.81381039987536
27.19957887163231,59.51194920929005,0.8860582416407605,329.6940030298312
19.385364601299745,23.21590236326632,0.9184345748621073,531.7913807887126
0.0,9.129772355898766,0.7112800762923774,184.00531916096975
9.714041434059828,55.55333898547361,0.9258905290948453,977.3983974947074
14.668010965837674,41.79567246192463,0.712477473201494,148.68796183091553
35.99515069235101,9.611697232079258,0.8237821785269666,680.1716355744534
13.977933798129168,35.18344852662348,0.786558139729916,950.5940050748488
36.23178870030364,57.43694312429453,0.8308269816794269,59.41512126629025
9.780831525383682,8.849278599388638,0.9121346266988928,639.9367348646782
22.25140371084522,49.92414610147284,0.9368295277901402,650.4558613624048
5.4860678889468195,50.361498658986484,0.8646491768265298,946.6702067514971
10.559741861486506,49.33532705314021,0.7112270914039786,310.67092056940743
21.416008903070434,47.33481581668476,0.7549015032000166,778.1571315107126
11.712801200402481,21.68253760977688,0.8441296399727101,209.37288541177278
21.32070154550622,7.548393127364871,0.7198165132244942,118.13960209262862
9.530819787251959,25.582207203443254,0.7345805578074633,803.9881482095308
31.29325592366524,40.070402725592174,0.7444410972596418,785.1889784300976
3.3254275722133713,58.89042584408192,0.8123637290391986,274.43256126975746
17.44080673420638,51.51047538802933,0.9348755462015523,667.644402939231
17.21375099075687,11.449689324222122,0.9338779426946833,640.9594265559285
11.191603063552742,40.94043107393141,0.749181739754504,621.0745600723974
35.631191662056246,12.082307036035115,0.8391480219237025,823.161376322731
32.34700419413026,12.478314272485392,0.7821677061936245,719.1590379960475
0.0,40.48305660140989,0.8093905541201657,329.7109659372816
19.941725809607533,20.588646748963377,0.7629781766376291,817.7268689635928
0.0,46.81159023068208,0.7223295542992846,130.21284833363887
1.0458318061996577,24.542144174482466,0.7226041518916058,916.8715448051233
19.18794702664491,10.587239249554777,0.807730205337783,374.2565331698672
17.220110960314365,24.183884828373614,0.8855739577778663,965.6216139104982
19.006476233897104,22.49009639950071,0.7994001430066217,916.7629125645822
1.8812738076052475,28.759203442353876,0.827946774905172,737.9669008200212
0.8613746445066577,20.844861974246953,0.9163359252060281,982.5753711742173
18.68973194371155,37.50357419363596,0.9453483075623651,332.7376713935646
31.171394816517456,19.47553017766346,0.711722179433214,616.4547917652391
2.472653534709494,31.958148763660713,0.7015042386024931,131.69113426536518
28.346009945125285,29.457854439656288,0.7510190676240228,354.98396067565153
6.718596206997758,41.7891384009926,0.8192779698679361,852.8168863213657
11.336426318542447,15.047762440923623,0.7228235996846795,307.564878953672
1.9353800671170436,14.899824477993494,0.9461182055527206,681.0017977200054
10.173587115836016,28.678763793666082,0.8847143882648225,466.2103806412211
1.494396778586781,37.19971252969764,0.8438531585610177,260.40053966220233
0.0,55.76169842085156,0.9337920974507732,657.3717780498422
28.206515484622233,17.726856795828876,0.8589600317982804,798.2452624259261
8.527016636209925,14.852170005249874,0.7024433731016175,566.5780807575667
37.28064620854178,59.63043854673354,0.8324258773776316,246.40216457237977
9.681554135826923,33.18472407342595,0.7773636297441135,358.9205664534966
17.238313873755583,56.18796700240157,0.9044795174980489,233.64459915228144
34.84547358951796,39.02811922757225,0.770541726375937,140.16388638358205
35.39610588241065,8.687289945093335,0.8582536677300628,332.62281977064083
21.623954368954113,16.966104469066348,0.719157538141566,515.3001759304968
29.979686194152762,17.445278002808138,0.945908962358766,333.6281613330455
24.673895176601455,38.55865336998701,0.8319858659979232,415.79641387647763
17.54662245528014,44.46355338833744,0.8207796836799289,887.7077703630729
0.0,57.14245813243002,0.7112045433119145,370.4757976392649
5.354861083622988,42.23673317407598,0.7213855367626213,54.99168110730796
0.0,55.15025528796921,0.7108692544572274,40.1218523082132
19.43542118509713,15.810139148714503,0.7365983405438435,118.36306054893392
9.270878541436,26.144884658125612,0.784106185325737,618.194002326453
38.30191509072235,26.126647096443453,0.732790634934389,41.584082731685115
5.829566033502793,41.082078512291005,0.911982650337784,692.1382772118226
26.167560405456104,35.319220915019535,0.7482657867322182,73.00508665015957
10.51685383197198,21.49554092058282,0.7557560726904242,880.8671771596048
19.232286745794838,47.530876992701586,0.8600834873101154,361.98689947596483
6.934390090326687,58.83108625096653,0.7247144865003483,935.7657612588552
13.877134810505334,57.811631696357225,0.7665520297238723,234.86580484229253
1.7813183299397854,30.041949000639065,0.7871179767877907,314.3809767284994
0.0,20.448050876978506,0.712835687761663,864.7720214951325
5.098548345484996,49.1931357426186,0.883674900936421,758.2231037936388
14.176419948464131,16.04143628475699,0.7793802212616269,455.6645978933274
22.301944918409195,31.45573853878275,0.7829248943833734,122.52186472160254
2.4252377949830435,20.44762565563943,0.856754549497164,704.9212358511795
20.824899947813716,53.00703203455849,0.8173309355340861,707.3806537949857
16.05205637625457,24.556939486867726,0.9494099518204505,674.5046832832697
18.484753749495752,53.285690212695606,0.8669210568660527,623.9285912910473
17.54494049189136,47.443614219965546,0.7318114747666568,710.1440426042303
8.065862736458602,32.41513204995154,0.7204342776208328,666.6035138903366
25.187292437841414,52.65379350475511,0.8485461662010547,677.3751553959573
22.810893501639843,16.629074842896276,0.7281063259730751,486.54931101434676
39.95555987570776,54.71852879089032,0.8645302891993725,873.1336449531657
16.033753460044082,18.37845841717664,0.858089310604768,879.4619328177375
37.11993993761448,11.614641572476271,0.8254269959073351,944.963307541121
33.948469073937034,52.357454206322906,0.8219211467266645,999.5796899404648
27.65307703325294,37.76332992255113,0.841241591806111,800.8280615038984
3.621516180519457,13.38174299720575,0.856775511108731,955.5287245480376
0.0,10.729329202908046,0.8560683621977561,380.4322265343661
1.6289276633219327,35.23176377444684,0.7936174628528734,188.6686932001048
12.535326166107156,54.07399090890647,0.8837085232405825,896.9991094406398
30.269889839053484,32.75461645631933,0.9488925899055275,107.16391850016201
0.0,56.39386490160078,0.9278841875178886,96.09479575748023
22.00344619470903,55.839045779208014,0.703543596616935,533.0313153244787
34.45618840873612,39.42113689000576,0.8777412258073407,546.7763283100791
38.753055707386096,43.709235847515444,0.8483687698446671,494.57049271533697
32.34570722192679,9.420456979686554,0.737519259749795,373.8270867488341
7.738676679799611,26.521753682768203,0.772205868150789,856.4661876517283
32.446881896330126,9.375707219459313,0.7430763109648614,666.9467410935738
9.22863139068229,46.781987232476574,0.9022513853203564,749.9844891851174
10.306258096333584,51.93965332054599,0.7855751470224008,52.01832075310165
27.68892519022383,51.6613725963714,0.7449571153861985,905.8165001793334
36.79168405619084,5.636536307920301,0.8719627644550447,46.26715532215982
0.0,37.085371861854945,0.9360160109525135,982.2780965323451
21.021897173926213,28.49036673237386,0.931355837802826,295.9750718091963
9.778453156430054,35.425674567349205,0.7409348989981589,710.0174798961042
18.723214072738465,34.75153469611253,0.7639650172635712,199.210690520765
6.254419900880815,5.392862797394194,0.7965730234513982,780.2628312387322
28.888489714743294,27.73866026346771,0.7470854316349829,231.40688703348545
32.25909849140022,16.771892590580944,0.7463501208464199,311.87627417634803
20.682492979670585,42.73217508376301,0.7621694308073709,485.98881311453107
1.886559911117607,15.918559603056465,0.8621033615491073,744.0432240240765
27.185115982118273,26.88859164004888,0.8311802753045116,992.0514043367925
29.412627536496792,9.646043576072982,0.8768295535202629,412.1228332499518
32.8072184129656,59.14086294005753,0.7565293383813875,822.8834473828272
17.614797942533524,33.02801775210526,0.8131263382582942,495.1272110879472
38.42714949034953,51.635316429153825,0.7380995703621893,169.46731141205993
26.207000065768444,7.835521076294242,0.7061401983115115,157.92486850305298
22.498185509445854,23.266342644809086,0.87466054437135,512.6970187522347
6.635592138111314,13.990636093318084,0.7449894713373799,361.6821581730366
0.0,28.7850136872979,0.8613143038847767,652.2152698471834
0.0,10.608725665827908,0.8891318578603795,726.5802791231798
10.39665870660121,24.721944637726722,0.8589883612598459,563.1475581370762
13.45596304119945,8.837058808877497,0.7115992834452025,370.5131965786017
0.0,8.81296157623834,0.7425957254393103,664.4138088974886
19.69609918112944,59.65286758103684,0.7063626099623173,40.456888744809696
39.94153936303317,13.413977820432448,0.768297983542763,764.7001135262931
31.295010786560624,55.16991812065288,0.7331508796410225,826.3765639552544
26.46470419953808,19.899241971543237,0.7433480292421054,180.14963697457534
23.67337103223454,41.52213557202235,0.8657966401866184,139.41890915965203
12.756810256517394,27.34435597629451,0.7243758454027365,216.83764765430436
6.381550796715718,7.786726854152879,0.9021642806241769,945.2424240203889
8.074319662953304,19.067537722069886,0.8469538176280419,424.3058619164154
3.1453174312327525,29.380057924527122,0.8161027428358187,184.9814615440401
0.0,57.655527092115626,0.9219650989564604,509.8083206715576
13.745641830670184,47.37547995619105,0.7870836905158127,594.8039274846059
33.58189059241334,54.194390902289044,0.7442239270935096,301.491314171761
0.0,51.68416754873731,0.7516892742588263,940.4763979259826
0.0,14.898800463686529,0.8948408776776159,877.405093804053
39.86889686622459,47.666630100521246,0.9496703809512941,523.3918167433563
11.712749217754954,36.011997265623016,0.8922574110315138,172.64549950103708
0.0,14.548797949827655,0.7168129601778884,110.00758616736988
28.967379563375047,30.985937452484986,0.9060961902566068,904.7701275269371
0.0,22.96156046026025,0.7461846954515604,437.6187890681492
13.892932776047545,41.65317459429058,0.7243966185845163,880.6981674333994
33.58212349332954,38.96443897177608,0.8775022850068926,564.7381131443509
0.0,17.84098114914703,0.9266876647963641,868.5013445105519
18.957992466168346,52.861063042618994,0.9307076393288514,442.02405761153057
15.688997449278212,36.07614978239067,0.8963476393808912,974.1905113591166
31.085411407933087,43.04901697083493,0.8534975373739973,400.399869370847
38.12867034052962,23.374763451268638,0.8144639835790888,215.22490178324142
16.4473409922132,19.769151713401854,0.7157550184655954,261.35688845828156
30.97933018520782,47.19277018434605,0.8059225823003968,559.3120462480251
10.08692781693555,47.25910566458381,0.7359296315503482,255.61477352790493
13.936468585696357,7.03443649262044,0.7911173495308856,984.3552009652259
0.0,48.14971018858275,0.7742287318209975,232.0601865740514
39.71718553215213,45.83436283369737,0.8414166349416069,971.9065438568875
23.22573087455406,25.436999773404082,0.8995340523643678,781.2861681672172
11.318017542035566,30.149074722655236,0.7530810065126827,134.6060363856034
36.81463216305004,48.55171440359299,0.8822786380889478,951.5559134730458
10.695534966564182,50.91757029953493,0.7672417086853491,842.0730564529573
16.165559872465707,33.44888686343272,0.9404265963218796,832.2303692066699
21.180343593796657,59.46220898722155,0.7217179921215744,133.01975137112652
10.67973854094596,29.79857363543978,0.7112283769086253,528.9864369352025
9.85159108234573,57.086840406910994,0.7901047550809817,678.3199326599494
24.905812276289964,11.58284446130934,0.8698566415092032,508.99796408878126
6.2039447509633545,51.81212269428253,0.7235708687844479,404.9321696815894
31.030700541404048,48.31583977423722,0.7064779619443637,685.8264688270486
33.66445991397752,56.266951994641666,0.7189365003192913,970.4294392885513
15.048433476400692,38.37125513031836,0.8502696643325744,676.7642151692446
23.409200765956577,40.35937842085329,0.8508796836704073,332.3797844527927
30.604234510998108,42.798685352452374,0.7230807279382377,426.38467336051485
12.448307784375935,59.51161980972919,0.7190877704073383,322.811927843894
12.223948844511707,17.384128687284367,0.8475320321898259,749.1785452671247
38.19457846999872,54.851535001795824,0.8750226103181478,842.5546451024486
39.74016094139651,51.358871238413705,0.9205034268925785,617.7956936029251
38.10386271849613,25.967550968408222,0.84639850090856,583.6340079972567
6.015239042780999,59.3815237939797,0.7864786787827585,963.5427182549264
14.236751831763264,28.773953809065134,0.7779344738937053,513.8473676941124
38.073583518742225,22.860103600816405,0.8013281035257094,511.0382231652066
0.0,16.029956591735996,0.7410047514075293,44.97561655087644
32.98780775264107,54.915265427394424,0.7659146744181365,745.8364347952385
14.434418904480358,25.730180570270996,0.7456912692695584,726.5536291417513
11.312122260803127,5.351236531714461,0.8557229096285313,482.0128693476114
10.371332072413892,12.329367663627163,0.9390630800440052,157.52356558710477
24.210685998488465,11.8705290998442,0.7708742388313959,871.5160073270142
38.11190599355621,41.30316907038828,0.8208586073390503,953.3599111588721
11.85497267818575,9.566531063031558,0.8214506443505639,980.9420975620448
13.58758622154053,40.900925190852696,0.701188555212812,961.1634460321507
27.52967326899573,42.399295782345646,0.8189778034987354,406.37703411093094
30.3566483139955,27.945199306265113,0.8420244698420848,402.81174416255135
18.60062769239162,21.11358954190142,0.7218711296194869,172.24877067706348
7.394854656012275,5.765307861762229,0.9326376755607219,362.76534785969545
30.82603657421778,58.3560297993468,0.7847312003881265,804.9451226635557
0.7162771583335166,13.0546503419615,0.885588438517587,392.2462927878328
13.21922600300283,19.39564623428408,0.8377321668684535,419.04078690798775
5.839327387243791,51.37129889540083,0.9217394573454325,878.3197779714025
29.039577147976658,39.09879715707233,0.8065013971208709,258.65240148274034
15.089121426831094,13.700075210149679,0.7305049128347232,318.1503811780469
12.633320137488711,58.737667209044844,0.7823012794483022,278.8244095624849
0.3116876595728675,53.64278717613767,0.8544183778778984,865.9579719969505
11.638214519078742,33.629928730292384,0.7709060675752213,345.2449085987215
10.343555348798592,23.337799064247413,0.848131306751825,276.4231444259499
3.0976753292015924,56.52655304319156,0.8857213278600515,137.70796670551005
30.215870748904393,13.890586444110948,0.8866403166803146,341.10442971314677
0.0,12.463600792638054,0.7089625204179227,183.77771802069333
31.149196942213766,18.434130093838075,0.8789852907776401,342.7069847050992
15.743832144181287,41.22458101111278,0.833151633119781,394.1182492199719
29.80580252777671,53.124073333773175,0.7138944022593068,734.5511572473565
4.208155937755046,37.153969694343246,0.7720617677233546,60.65522911833746
36.26066379122341,33.05108332430994,0.9054759420585059,722.4649711365754
0.0,5.679747997759476,0.8599380683830571,758.8708543880546
19.896503787597847,21.05436688385436,0.7767185434570111,919.4871592379534
7.592942530350067,32.773049023009825,0.7317700314583417,410.0042141442588
37.97519160777302,31.309329469113532,0.7948838504710818,198.09977482415763
23.81373252080571,40.91429902517066,0.8789271242734663,507.2350459915984
0.18021102299803782,14.218693308908437,0.9140546219094432,877.8732646363422
0.0,36.9064544844113,0.8820986420126933,997.8969407430143
0.0,50.73270659555218,0.9194224226958232,498.6487593955387
36.88297085696203,6.1047886603367285,0.867907267415898,809.8190816440351
29.04666743599754,6.292872978828214,0.838653782182037,971.4522710444619
36.951670456245544,21.856983512610427,0.8996828921599492,291.82912752027755
28.45372488004419,58.54436275566147,0.771404859997579,901.919076846888
26.467748368163434,14.632271582323982,0.7546993539968793,823.425709578481
15.68756731120354,59.99647001107973,0.8569354443564559,598.3099379523144
37.73065333572713,43.940610920906956,0.8560320425101782,764.0182648081467
27.975276553366484,58.23723398610031,0.7276318042512393,725.6659908985956
1.098903750787604,35.09176949540547,0.8803040722628538,111.92259185096368
0.0,50.969375389931415,0.7219475220885689,725.6841742330189
22.763628048386888,48.03995052549092,0.8487440661149739,150.9770437340154
33.781162114123134,47.18624247571779,0.7657245492415771,669.1907225433595
33.913655076490905,5.4280276195001615,0.7212003159143341,701.3426887803982
12.550130756630136,23.423919277265338,0.8110683581673246,51.423468597307824
2.2105473172516055,15.506247035778749,0.8328690511498645,817.7427795212267
22.55879291813851,16.78323002877499,0.9040592623322373,433.18582202994673
0.0,51.868372570640574,0.909954227826715,261.76253543494283
6.336701328190018,13.903045028518203,0.8888991458546992,831.7937686211196
6.509108475586448,12.855886629769655,0.8543638300571011,779.6094039826107
4.247040468046244,9.78421583831638,0.9035619175581173,390.4212205580233
6.938770610742474,50.87834462686536,0.7582763105944986,148.72204071705846
14.591062464581832,34.15125069434893,0.9376753948916026,286.46253052892996
27.042334293043133,39.108555178419884,0.8443857589570746,812.6653619599363
37.66224187972445,35.969931388833096,0.7974288079861607,739.9201961991022
35.26186536793489,13.41137588356109,0.9291938804707509,266.9513945460304
20.08390008859587,51.65689916212034,0.7892244165621795,466.93936189039255
0.0,55.91955213435705,0.779784692038233,388.5837554807019
12.54992414171877,7.519395231455682,0.7640372042275057,892.398472796402
33.90234817281107,20.396692081089487,0.823763712000731,906.04320222842
37.44730973314835,45.1864874636663,0.9359349767585681,981.9257695669727
6.432608689182275,23.58043655630554,0.7727134300790559,324.4507595510181
4.03516485076094,17.182294866410437,0.8465267833965917,696.0139631126378
22.484061675120213,56.247877318293504,0.7558135386482862,610.5640248903992
8.454633538682227,15.891729874454914,0.9225887123740372,724.1703882126073
24.956933378560166,30.037819935715877,0.7543345771345822,870.2703692258267
21.210629515687877,9.286945460115728,0.8557531230826375,855.5089199433827
24.88076666400256,44.8933595283713,0.8172853913698702,792.2902229986853
0.0,28.716160557178096,0.9182286704042611,267.03841967766454
37.61293468353965,10.800138139212299,0.9458838512220087,580.9224300693639
0.0,23.110891638068498,0.7386285440553219,834.412691949459
32.503777652668006,48.891232603332135,0.9056849951985673,545.2827490676684
15.942154962152737,56.73420794967707,0.7353964859283988,441.166185577182
35.47115671946475,26.763948841081476,0.9491238973562798,253.1824130625168
0.0,47.54353922184497,0.8353838724987787,371.286325693003
30.792845907594668,46.64273795159592,0.9315755008288525,500.2822998060641
33.37432244196708,33.14437296684062,0.7326643366789656,60.161618638033865
0.0,26.056104206531046,0.9304894386704414,904.5461172934819
15.436891571540501,23.514360676756407,0.7404474350188963,947.8475538308205
4.506848191619958,43.35215937361158,0.7095923900442109,843.3557622491795
2.21738248180281,10.918367126039621,0.8936937353028802,684.8221353318775
23.911046342199004,15.397647694650324,0.8505156041229096,44.592863586111235
11.518973174074123,41.93528267830392,0.80193667485955,332.4890693638601
34.11826157812743,7.446228208161725,0.7987930880551288,516.5260471241252
20.661311441451666,47.01299774798136,0.9307306190830652,125.42758509251743
0.7651031321035916,57.8946070240394,0.7410975757780169,729.1538025384995
39.42513755604899,14.994296259530323,0.7644751609535055,100.4070055925828
13.644505070299779,21.115447272295356,0.746359741584792,112.99794634622572
7.44559145918765,5.7996781966860835,0.8182865169787196,149.41978359884675
26.99745347235707,5.207694648707404,0.7129836910437212,716.7196815963049
0.0,34.02480831345967,0.8056389045300938,654.3496148409292
33.23948284159851,19.570527826917576,0.9490883639281088,532.1598103999474
6.647849049820788,38.93085998117612,0.9162308083779327,402.9242807976555
20.738672861760843,14.306542700857117,0.8063799310223438,766.5574027421695
25.811739895389533,40.168162127788726,0.7864993500462758,402.06822944072104
12.903299307322053,10.74464467331199,0.8806749841810488,249.03977228831423
5.298581090672721,48.62314996845537,0.8626047644303775,506.98906914774307
12.040543428510452,10.103631612617905,0.9441310306160907,927.1464686791943
36.4707591488712,27.331972136491903,0.7566451546634543,503.39473806284536
1.478156974253422,40.33690809326296,0.7637068161217028,991.7312180489729
15.35004739577441,17.494297950730537,0.9343760979376874,161.1894188597772
15.21307332549453,34.95930799514313,0.7906311408577112,704.3563660542757
28.820819747050106,47.98720017997201,0.9179323561975551,796.6091079934142
35.31093711727503,58.02139390741153,0.8096885722143229,575.5566804081067
35.17201808459548,11.743304914592924,0.8435481737235805,51.17421900629356
1.1415192815616044,14.91055226803665,0.7381255513410256,148.9601701265563
4.192241696405662,16.86285186099284,0.8673331961811026,715.1380058333262
33.04058257722936,46.841628679815486,0.9330908129178797,402.365756559119
39.71566190677035,20.497743508060754,0.9144811330210626,435.17939344955676
8.153449426218733,10.007335516559516,0.8493971266306389,623.9559991001338
32.91436520728517,54.81604254285649,0.8080618151895292,717.7119806062426
19.671368691976507,47.743763497633566,0.9336478709811732,788.6287379904719
17.271870510572523,48.22337855420984,0.9074524977243658,76.55161639510322
39.13831897712353,27.08549440270576,0.7688589333029126,348.20107389580835
28.07592281482819,50.96891972389389,0.7787939705900496,953.9244981025081
21.266723936444084,35.81041479993285,0.7994595916594115,253.8153363418992
17.27509544254943,10.958429369508089,0.9460766591893157,71.71169796494152
15.940477967658433,5.236067565101486,0.8596258787770084,81.7310221637911
0.0,53.242994808278354,0.7199783034014561,220.51134343440552
30.00302691626634,20.228897850947007,0.7880995114997172,387.82262261771064
20.635425670632728,50.041501045759006,0.8428246817661594,347.9073578925801
26.775380504265215,24.283213705589837,0.8023683023609245,576.4404751498562
2.4499961640077124,22.778942051874854,0.7707680077135086,405.5552400791729
27.582375271120736,21.104784173324973,0.9301266036917921,670.4072554059888
0.0,19.5644312846287,0.7890830391995846,500.63109511299433
11.942502443602992,14.628955475706526,0.7213251152311182,182.39643091723582
0.0,11.797184456248088,0.7125846729027996,823.8983081239859
39.70557143907016,55.409524053624686,0.9156052679292983,724.290476846825
28.685277888683,29.30822447250361,0.8358508806698204,384.6605680846348
0.0,14.103612677023824,0.7442501986595248,688.4809250855128
3.9486454735592496,45.66310275858209,0.7583594193222207,925.2073490106984
19.604152100578148,56.677546739438796,0.8156324320622697,915.5706511408702
26.54569356243291,41.764252616597474,0.8546210272675381,911.2874374404454
18.761191133371316,10.604407101157358,0.9164820006221897,552.4552587080678
36.85196633949112,38.623664657774306,0.8852856957757514,82.89490716573624
25.879107382029936,50.85100358221912,0.8100626679339888,908.1333226865638
34.72811100334964,43.523895321378774,0.894788826716985,56.47905483588662
0.0,58.99848807749873,0.7676862129529022,43.230762930748554
0.0,22.76377499565525,0.912604797451539,480.75766715898374
0.0,51.6059545132808,0.7548477071502392,483.26850428112783
14.02244706022618,44.57360055570661,0.7538964563538902,257.08746225889917
4.758427833261022,38.07172081414419,0.7429066004605689,428.11422916773336
36.85906497295028,45.12830775954203,0.705205002791822,103.16130866814464
11.43690686883432,6.326098619356199,0.7636871795904512,192.65831202237092
13.327476578046602,27.602826234599153,0.743726231565339,632.9205008033283
17.736925336369374,5.835327211480477,0.9411627772518854,178.0565067648774
22.92618003097909,48.057240299237066,0.9017802353332299,711.7700180440735
14.23397399207431,11.552992199643906,0.806096365405988,622.3052802392964
8.404735074624796,48.54711163518172,0.7808670353844354,571.356219628586
34.27882433449361,39.71698805688521,0.7292890028418262,226.30441970217984
9.598840820264355,51.365933119853196,0.8946763887549531,178.0238769106844
20.689278933138247,28.092135185208285,0.90128550517099,465.05848428258867
23.663733967986353,22.191732008119715,0.8004474255060041,823.3494738272462
35.500524274968335,59.52183401610711,0.7607531545670628,279.7273072221969
33.516340533848016,35.53882429969043,0.9076423110797565,327.2824833002226
21.582027267158516,59.883493425606,0.7488216021162729,746.4102067563097
33.868449974147616,25.678751725137623,0.7342100872818336,251.14064630047972
6.8887025226161125,15.274589482776966,0.7913244186100379,927.8948141782734
7.789830544675995,40.21164064218963,0.784212696289627,764.5575364062503
35.29512461943712,57.89536805359373,0.7989836374752035,898.4102501592984
16.07870512327125,34.977774034922014,0.8493842365672674,594.4440338596481
26.588755942371165,14.990609310876778,0.7949451591231849,438.2050025655861
12.798913733704005,20.529026608010525,0.8063822102453948,371.4975555501399
4.221714811778439,20.765268727385568,0.8647791715466789,850.4327469921717
18.59052049513611,50.791467720110404,0.9348500236682423,261.6652924734677
24.041825379034698,22.36048632361143,0.8843647857126858,769.7487097510193
13.645315952227245,6.301642366252191,0.8406215244897624,331.8048692466495
21.112000102439154,59.71325874080525,0.7677598745134072,542.3257705490508
0.0,47.37673376842543,0.8133758776063272,367.0792702540922
9.125593191845697,46.54261248844262,0.7925496076311016,482.8469769514546
18.708770135138174,45.01688850325687,0.8126889945303714,108.31118363076217
34.405892277037964,59.84953276232995,0.8833316757829315,379.5299097279123
18.378976758877656,25.803622511347072,0.7820487205166391,467.31052909643404
11.478930322607496,49.52207271445401,0.7890868148543478,742.3765132133725
30.93145535717196,17.956484776962682,0.8360459019533911,727.3177455868005
0.0,12.284628039959545,0.791135013541223,431.2880087160567
33.414277277594934,19.046685453305948,0.9129915160930698,514.2150047503069
14.154188441394247,28.546037081697637,0.8485815881905833,211.69655113970896
9.286927404729887,42.15194153521229,0.7378861652733637,830.5976217565604
0.6330662258164054,26.75626441866482,0.9154438455810133,220.45836523008882
11.44881387363187,18.95525610650184,0.944758497418736,185.02657744896533
27.55447785466113,21.824895877003225,0.7394652126169476,350.22639939692993
29.94894180228258,5.584541228066255,0.7833245849257987,761.6315165753335
