region_means,region_thetas,region_zero_probs,region_lengths
0.4954117682838232,53.35715866681716,0.7421544392285009,985.5051436425774
36.65971533133139,51.29430213074792,0.9082341981345468,277.3659708725876
4.320328079588377,30.472936740890418,0.783367080952671,346.4173199856109
24.07609545247571,15.711862230491667,0.9109963819438671,169.63419716352772
0.0,18.05950102977927,0.8336498269006465,872.4941147172402
30.1510036337412,25.648836126565925,0.7764967441152201,437.7532698107283
7.718767678074803,41.30277138425599,0.792736599185981,538.8724597543658
0.0,49.352622705346064,0.7979088519464231,470.2715897548731
12.079489187355742,40.99663674512995,0.7362178862653124,876.4387460440502
8.724710252156001,43.92982176228261,0.8840338622127157,500.472433968815
0.0,21.075321044386016,0.7829986927859229,433.67383463607814
0.0,40.911338357539556,0.7067898362866121,349.9245003881057
25.33191678443831,25.892568961146893,0.7594724292693117,586.8520680844472
9.929857100725995,48.12176132549915,0.8505086047475277,547.5057036721693
1.5607039561782998,25.354898167937918,0.7718936414343716,650.7896581814332
30.183648303167857,9.171783332210396,0.7223290704483005,44.05862339303937
0.0,29.699978227324486,0.8289553560345975,858.8193123589513
11.865387820555108,32.8352254583536,0.8238269248856173,520.5375455749283
20.444139849578068,6.891676065674692,0.7941944328128691,718.2159584550286
7.980568055614775,12.566367259297506,0.8655822613739036,690.1204551672166
0.8863900234077795,10.65464370197946,0.7132431556931971,378.5340233903869
15.088502514460057,55.65515914149564,0.9049088031178927,550.2488991572616
0.0,49.432008005369475,0.8478379294419629,170.01093167668864
15.916283494959035,7.990538927724307,0.7093061629404601,628.3885892606859
12.746589576719817,24.52598866478312,0.9359722366137555,885.849416119691
37.054430998293725,59.6588998487612,0.7111819356046185,871.7480899217725
38.48145732976296,22.255861346531503,0.7197461683825763,987.263687533823
2.7886276530728944,18.54965737041925,0.7545999745763263,600.2292319690027
1.436172351832817,28.783683548771435,0.7938056643625789,550.4739166745214
5.03741918117788,44.19736861888993,0.9233686142256956,556.850961918916
38.36636822773644,55.791491925132526,0.7993301373096796,808.1266956930943
5.361548275096165,10.362553161199857,0.9391279698082429,690.6242155859759
3.3667250766455967,30.296451306684048,0.7778118274097945,98.49602499040991
9.40755063672264,55.60280946259055,0.7546474757350953,51.4964753033934
24.72176712795885,37.02913141667324,0.9496406738008573,901.2677935464859
20.170548392877528,51.26196399212198,0.9089536811940058,866.3434929703494
26.44771891702788,40.766081577166055,0.9199985809376147,206.51078679759672
0.0,55.69652929466911,0.9321494493470934,402.70457648320615
0.0,55.10615693899125,0.8696096605827401,80.60090381396347
9.29249862653094,7.099801893336459,0.9280873805012856,892.7618321032927
25.64145859491128,28.46491726764431,0.8063219323674355,212.84802930906582
3.5870072835194375,7.149737200050941,0.7706033450498663,238.6365576253064
18.247692760206533,40.61733668799243,0.7637825652910981,808.3195871570455
33.20040613222071,33.79944455868804,0.8138284758608542,512.9720803768114
6.110721960614753,43.432857087013865,0.8432837912131246,758.5346520795489
1.9301923416890436,55.68741444600512,0.8955193381216264,57.200192785006756
31.085082168633964,47.87479642711858,0.8785244258274183,964.5216383995402
35.34527989823531,35.99341650040635,0.7249266918767907,871.8513690697058
22.898956488560877,51.88495359555395,0.7030330868496718,937.2628244215971
31.16707379508931,48.60512985670381,0.8180404501978684,884.1269899455558
39.019874678215714,49.93843001829731,0.7616373004443655,98.2742161942766
11.89035794360025,29.7753500342118,0.8099479797625614,397.78732655919373
2.1071005322435536,17.46348574472474,0.7832708690682264,750.5077362956895
33.63047210593087,9.651810622398154,0.9274728378196557,816.4341412896481
24.985941871422217,24.74850112049223,0.7419259937530496,409.6016525814367
17.799723206150894,41.35213008431674,0.7840384427824985,83.56698728239306
15.799868120544756,7.600262500635046,0.8436546483870049,125.95816426941248
38.451062390307904,11.249957883692048,0.8120267765385505,724.1580735869378
18.41680786818987,18.173646865676535,0.7741468274453371,120.6985200817013
19.430021072640177,37.01960412691321,0.8977141443198142,890.308703302395
14.807573150477287,43.73681946863363,0.7355571508574892,560.9125244497121
0.0,22.764188037892197,0.8531393881072948,967.0591883820387
21.02190526450786,15.702595304860422,0.7915280379593883,779.0084702969981
10.631024386639552,5.942333801569734,0.8296798484093053,631.0702436736651
2.3181376967811027,12.337219823995563,0.8476856582136305,762.7074365009439
36.97094431412725,30.42961516492011,0.7370598640613624,482.04273687710634
34.3186229557997,46.10470344456619,0.9181684540360333,43.15781923691205
7.119318484278525,17.273541949972827,0.8415418689584089,936.5924355064499
3.499897481128107,50.31784730468558,0.9010621736809773,959.8915631710387
26.519646870147096,13.511295545448462,0.7815731473655327,411.87936684037885
16.073675031156537,7.818329941566419,0.8481733344656183,947.2739515110103
36.08842951888883,29.059143831286516,0.7611192239111184,626.1314033684955
14.195196083631897,45.52336195055073,0.757978037052871,504.36384589411216
31.06617289714112,38.74430404086578,0.7197742852290424,890.4862439374284
0.0,16.573755173575638,0.7623671759913828,121.92171883705737
21.763504713713466,18.411029286757255,0.7544995518603164,619.2546749353997
32.14661772908874,55.81011550570436,0.8351723900363479,754.9800108175782
14.5526072689908,47.31373170501116,0.7415101636640651,946.6884393662641
24.08672374892104,20.369269743681983,0.9196586855847847,989.3442829180048
1.8755213657771466,16.874310608820867,0.8152763422136627,474.38458579147346
38.61980030969065,39.95225503191264,0.9103818228566768,894.54718698192
5.913954038147804,40.0940911437957,0.8315554332395317,779.7728744601402
11.551587142485076,12.582068815971676,0.786189362429254,666.8215851464665
13.461923605392865,52.16292309044552,0.8252231496628432,48.21310375728
35.777733145274155,15.310121885518083,0.8730012549280962,832.5527292934928
9.512651348892584,20.797751816537968,0.7326499419873325,837.5466439053826
23.885526015324167,25.544514796122787,0.7820804338413482,613.4401697834311
16.205875634313035,21.94543378636957,0.8302952481589304,412.5089606638225
8.533527600838783,45.40162465208949,0.8295126059726484,499.4387379460126
10.40853694317027,24.207582485651685,0.7623607320554249,901.4870035069717
31.28800001111691,19.88635434104873,0.7634051239398603,339.58424135417425
20.05106517636198,36.901272894551155,0.7351727250857295,998.7193285518264
24.84424437278523,35.10742236295744,0.798108553627333,128.14190094165855
36.4339043559005,53.96383006043794,0.7554202041722156,636.2184418339718
33.6756786378359,47.22388234380108,0.8373514765367343,672.0204142827816
27.308654333634212,22.091343041047303,0.784923170516173,262.38014563724147
30.76543972596499,56.84851418180927,0.8411555875630667,722.0228819843034
28.743051739262647,55.057056756768525,0.9081640469675852,153.47099069810787
0.0,52.65575043258909,0.7037591605017122,483.5628918257181
37.11235094201957,27.286285040207325,0.7521242133845774,383.10275657720405
15.183060017790293,23.592841289099784,0.9183528103672356,503.22408222320314
26.546841451346474,58.9976007984403,0.9168714203176874,290.3246140026149
13.905469872296312,39.34896305462077,0.745634674078664,147.81998932019718
0.0,28.497594733169777,0.8914172990767342,686.6893931763603
28.958558908211877,19.313191994468628,0.8930032823696861,819.3105381311723
38.10386860157728,48.666996429993404,0.8021564209526254,545.2564320163319
0.0,56.4041360501532,0.826069584069071,570.7346523186081
23.220059930645114,20.106951939680474,0.8329126118363177,905.8318659424208
0.0,38.05368492288345,0.8869308994502099,995.5612100052263
39.1954653457297,24.141412347216384,0.8546958186414242,421.6457623140229
35.47490714327001,9.33302878819696,0.8756771931367598,320.4200028153662
25.394053866482732,26.333029870707644,0.7803311009472786,619.8513606002178
10.123280049553667,35.784465730609725,0.7508251873819213,778.1754994286167
34.514329171509466,28.84468891205713,0.7263821180232507,841.7967475535424
21.128221384866965,26.777090147730526,0.7656625251121019,103.60810175858265
36.431846273250514,9.690276364027635,0.8378803658103324,892.4356758942029
0.0,42.88739048804416,0.9329595352540866,842.6994626865703
9.956279313686155,27.463112616392795,0.8102901628397869,573.3244977961538
31.389801764773036,45.63774520244206,0.7759727741036277,600.6266632882362
17.53409365706328,24.48974273511244,0.8251624981429091,264.40519846665586
35.48557972089655,35.007492287976596,0.8369999773649749,263.7380421577286
13.47347971132109,10.295023287902797,0.9204439579384678,265.23769471778485
13.435245763680598,55.218329496882205,0.8229128175220273,434.84401755938325
26.826481852839574,11.508849575051974,0.8890973427995223,62.40727595303195
28.67783459295388,16.83061500297542,0.9249000438179804,769.1699901749398
25.88782659588913,18.100292299878518,0.774005455146736,751.8640019297353
11.153327667755327,38.82827067565485,0.8008477291444462,667.3344853744517
25.02168597075187,29.187466517688524,0.7361408298821668,420.86604837822176
25.313836204520737,35.22093937424234,0.7395121939955953,953.6628787510115
33.760828286602624,52.32854061902776,0.7039551378233603,278.7257016033158
25.57174550523997,7.715937810540977,0.7592907937092542,187.2830377455025
6.284129438726709,49.12962878317703,0.8626628731479794,792.0530874714917
30.399617607643993,45.995202991470315,0.9070828557012833,62.74333315868887
30.828043647294933,27.9185908862331,0.7813552197390722,52.3510108256011
15.294956756385075,52.47898863682508,0.861028439423092,927.1178055748633
5.245677479675972,21.45363634998813,0.7060162675171392,483.0893444004102
9.974673776744028,39.902609844378,0.9131971099712063,185.86004135884482
10.1453346945823,22.051851573923514,0.8911263468211316,202.76132046100628
29.23638333052891,55.423754689287044,0.7013979947129432,992.4322419871295
9.143574127477155,11.609705828734105,0.8150072894407879,946.294591950133
0.0,18.094831760945734,0.8931488786457535,41.502686881584765
24.71804208916599,16.002022724222375,0.9300425221206533,308.859089066486
16.892447661929094,35.81969266194553,0.7909976825161757,187.47027797804913
10.5965764535918,19.89268500799064,0.727260230900665,599.025864360257
34.80348792955126,45.375480847166216,0.7743181199827367,554.1749303452912
28.91070934868821,23.898485117606402,0.7875854295845619,954.4413691307766
24.805769501430166,30.17757184504589,0.8717543043243827,974.4059013804524
29.36946733095116,9.861285888900527,0.8060588244065607,616.0575921643624
36.72492486636037,51.51442595762696,0.8044308651121799,72.1906649479671
31.6936884314637,38.627105232761124,0.8371319641133202,127.39621240896486
8.450720790008932,53.465464315301446,0.9400769244402629,423.6677863729353
20.830291533059217,30.110025698596733,0.8301682718637486,392.9302592286675
17.150004529763265,15.170047146084716,0.7527366294667754,813.2888778819864
16.922597852059,43.67115210360678,0.8287337871381006,749.4355825243208
18.862407332442704,18.818173325480338,0.9361105254771144,119.12355801801976
23.18036781656403,44.802387147848215,0.8076946650958374,708.8999670485474
18.73914707511148,50.99008712061276,0.8182063724373139,658.5632377710432
13.294298111820195,33.32647847407236,0.8234979083847618,219.1081054251291
31.38833402544186,20.088783451781204,0.7768240861438398,282.32478942436205
14.896947568076566,25.050797097606566,0.8487637310370616,673.5509082363582
1.1532635387428423,23.727569842360246,0.8272688460528806,139.96362951869946
27.62670031290085,22.493322361431538,0.7018819500321019,636.3675912575087
11.893478398304097,31.08249879419393,0.9408205645575675,970.9061535837593
10.81675824149559,32.865551068791575,0.7677580920489409,817.6656851677695
2.2071523664487978,11.990220562707773,0.8721747044112041,460.2931957436325
5.378114909419318,45.263141385396416,0.7997578324578654,690.7654209201268
25.49429035730185,32.234672889174114,0.8511619965609021,725.5620926995069
26.110602095981957,11.235611548810061,0.9275277710104911,786.5684166864448
7.4937358403450505,26.57092693956215,0.9122818807978432,528.6908431644922
0.0,37.14264383094613,0.7479900248078948,123.94392629395327
0.0,57.64424619089642,0.7834922875535865,610.8482989582902
6.01139471788248,56.16122806835242,0.8448556036074485,671.3272720085848
19.26188158169831,34.609991685355894,0.7305400910214117,185.45566246937892
1.1620914444465111,47.590273917613246,0.8852550409723037,450.99355873095936
37.45608102356087,58.11288875055243,0.9140341510601013,689.1386925131143
0.0,49.74739661198686,0.8874152789406802,679.3510936991793
27.63826867803725,36.475461777021465,0.7927696784746889,460.15174491515313
30.564541204576976,36.16737278341608,0.9126397252676139,708.0174175088266
0.0,57.42002989390739,0.84000315408194,114.01104346175654
19.592694792314685,37.387855685834225,0.8119796599100768,985.1868110354305
30.443269446746488,36.855553383354305,0.8887299859670914,263.76816915228653
38.91495360636717,47.32507769811009,0.7583050926778782,165.74959310111868
6.85502656755293,17.019166058840707,0.8355473328927362,872.3553758291313
6.379058390627279,39.82001153488527,0.8128877555354843,444.80108305513704
0.0,44.26927046046651,0.7985367375923,575.8223423168582
35.768656583085146,29.049416689405295,0.9323565035428008,665.4460212344904
5.149024798837404,39.3238482894771,0.7080179762602936,40.11366008421877
1.8720184890311324,47.96857304278436,0.7136707705271201,262.18142934347446
0.0,33.21985571814479,0.7072614277929489,869.1208645755607
37.8414717377719,37.57200866746497,0.826130416393843,777.2939391097972
29.62532298628174,49.151961592402685,0.802940233329538,430.08296203609723
15.137369607568202,37.306909445543454,0.8678984169901935,832.922699404271
26.6652306136271,49.695594215300346,0.9298128583191854,704.7347759223723
38.20088743040999,23.90472684948498,0.7355928747597762,811.7458093585699
29.302512519280448,11.638918540265415,0.8571448991013697,918.3972828042324
0.0,42.94630051419236,0.8686417582185174,884.4070858185225
38.315375352831644,28.81396775478485,0.9277970458069186,892.7243754326713
27.72878952130861,24.670639341705535,0.7052216460081244,716.8928978521946
22.155730099163474,21.116482286696915,0.9481527369969847,389.7062843133973
39.119047600041725,57.226736559669355,0.9145035550275523,136.0888796871464
19.93365801951036,51.94185318652244,0.7170390219990562,307.10461688480063
7.718815438551069,6.801311752727556,0.8285846281853834,783.2212911247215
24.5001745665705,25.983864788826114,0.9048513716737404,587.3528754962762
35.4362380796227,44.14999215625361,0.7448326010849491,933.1063867395261
20.523541029967372,45.02945633569813,0.932465555684333,617.4803714362196
0.6608420621172189,11.632729211046485,0.7462961303927494,239.0409755714029
0.2150196638780467,30.872526405339787,0.8461469688474021,561.3652587098609
22.72027267878862,43.70110558309406,0.7586517709547458,995.3606851694752
15.119441223922552,21.101787733793287,0.9120391234285152,768.7919259918565
0.0,24.42793657888189,0.799133730128236,819.919650440256
7.524421102185443,16.118576372416317,0.7551053795415116,871.6985564532184
7.582550274157483,43.68646734703949,0.855216168432444,341.59038928931676
7.172297773119607,28.767384999052176,0.7148556045167986,507.93627553792277
8.311367039913051,35.447642381720975,0.7996046191739445,117.54114805371451
0.0,45.72403323524709,0.8174223241502395,438.6269690500864
16.55791469320303,28.528181489654173,0.7367284357390337,87.23889626341463
23.45814549190746,55.727674562592455,0.8571080834897047,557.181058510078
0.0,13.12797670911346,0.7408386357238688,808.5328074793347
11.771497596487956,30.00995992338244,0.7890839887550231,962.0803828250345
0.0,6.006168223382377,0.9305463293001539,501.78472127133494
32.49449048258451,53.323323172545344,0.8242371545324061,718.2346463485529
16.179701874515754,16.3798326109748,0.8040927689420958,156.15102183295028
0.0,53.82227258253215,0.8630971388355295,99.2677513830638
38.39936870665097,32.901281613019826,0.8861951528441059,265.6208290899415
34.46678408442427,37.437390671324245,0.7405801309767955,182.49819867891944
10.254967684772746,39.3116989639002,0.8306907023400457,241.5050890249393
16.990400323523406,26.767173010620915,0.8590197152780246,591.7429818475766
23.361137712753813,38.83176928735752,0.7647154023452221,366.6162229509155
7.009194533416227,50.824652472635584,0.9079229934033394,669.4907514078118
6.853079768184972,32.38031122180714,0.7032949624165457,439.06226281598543
7.497405665359104,37.77473399207488,0.9204239440100812,790.275412972169
6.431204256063334,23.010704923357732,0.8982935521021244,582.7880204059851
22.367726342527465,6.239935138237683,0.8394427077870301,998.0860832812691
27.094195538586767,24.042434325442912,0.7687895828276871,310.8232529924463
2.343756699788838,43.32871571919745,0.7707793287358276,45.128115128267794
21.83501780371188,41.134650001538624,0.8254265651905653,732.2971264603995
24.64406047051924,31.756246925786677,0.908373280541042,641.1636636350186
35.00245327035373,5.888160853262475,0.8981029424568793,537.9918473266795
0.0,32.5398755008346,0.8812841835170497,556.8198280713835
21.037602181234938,35.76763353763196,0.9438724762048916,960.8108054872149
36.030888842928746,18.60094972122506,0.9141310251776158,982.8444509773553
14.305335734546171,30.848381733931966,0.8356556004514619,807.9456606040226
9.256241673789159,35.5016248297699,0.7220296042996519,103.86224931517927
16.027007731522254,32.21453799657781,0.8447204558123305,179.26449572201597
0.5396228397787357,9.509918217174619,0.9392289942956908,366.3554923001676
10.729096373992208,19.354633609338542,0.7465595141047517,557.574165510616
15.364258431325297,43.86892770399247,0.9416367812538204,758.5937280757752
21.104031252330728,11.3048023772133,0.7908569734456286,487.721890551557
8.047433785675166,49.152672543434186,0.7831101886328236,225.68579762956034
27.765824348381987,13.574044104179725,0.9101801401607367,858.6525755198088
20.817782289208765,21.31542555816097,0.916507339305817,121.61110304107744
26.014495685031914,40.77980511807646,0.7861073994218859,750.4616960458723
9.151674470371454,17.572533408784114,0.8064521475782853,883.6852775321515
0.0,31.394182145856096,0.8373691230634428,284.84057895267017
30.551584010111533,56.55608071414603,0.8270306007710918,339.6871075729434
21.214803349178595,42.033040583522926,0.9341136606774398,890.160220889359
7.15383079637429,54.845463079476055,0.8555400574564699,652.267767907688
7.2297956943163815,59.60921634368118,0.8859828011316389,916.6547327150549
14.202579817669234,19.49032000417615,0.7423340186905383,442.455311136146
0.0,44.47303917060458,0.8770932127947311,621.2367733632915
9.031154468548333,53.73715444709227,0.9042768042384861,571.2502153534957
24.580136194126833,8.11272707454544,0.9108854515775451,323.58681568176104
9.505952025321003,26.44445587874967,0.8499013863681788,135.45287937257967
19.62252962647211,18.418913452964535,0.8468011188297397,383.65928820427587
29.72513925845786,28.54441584444886,0.9430060095620791,305.7612778087169
7.502124902594049,49.41330019643154,0.8826515025653381,164.68536994841253
0.0,34.473881738862914,0.7123811264482289,696.3210932782397
7.181168760510149,44.66169784490695,0.7835249147505922,562.2711639049234
27.046494198485775,7.697803686910378,0.7577329804429993,622.1627876442539
22.87626620884258,16.123779960896343,0.8468737949475955,596.9349933357205
21.117976288126275,45.81690017594451,0.7110009352023032,996.4646785052996
5.9552068214579785,12.277636012270369,0.7321524904104191,182.55496923275942
0.7139624834557856,10.740122634223578,0.7950114813793727,123.65156040903474
39.61573889527609,11.085510123550934,0.919898217782211,756.4282170633575
0.9451826348935968,45.51315146514505,0.8380749207546513,714.060671103913
29.08777848873891,49.843321333452764,0.7546801054151611,696.6247750897874
28.746340552593487,38.49887511767393,0.8194234952185007,622.3970459266324
10.09178496865935,53.65282665455887,0.9017258694867637,595.2990820207937
12.057022701168467,46.17586496193336,0.7126003727266012,659.0257893814049
25.667792051461184,46.536225071936826,0.8891990473060618,845.7169710058286
34.72556554004034,51.02667295935313,0.7649293826366663,402.9811476242268
5.01859138624014,43.828650004593655,0.7456190041802734,658.5505233817839
29.742986954275693,33.07234549634703,0.7360335281664212,882.3560229586263
34.48374866626402,27.949972935447374,0.8519614660955177,553.0725332850125
3.4122204244409855,7.358774601471353,0.8503668807727094,552.5674095354957
13.879592197386554,9.538605222611904,0.9345769492180801,79.54582737987096
26.217842092418582,14.236079217788037,0.8438197814717014,278.0148353897958
25.479915476227077,17.539868210510534,0.8152001830534383,561.7524560495381
15.55850738259851,12.972178534073969,0.7981259942412839,308.6808417054323
20.21069901979738,24.97119840128854,0.7132921561432679,235.51897747594205
33.47005320588689,7.102027787143229,0.8991623103178799,335.23436308214593
26.459116961389526,51.87998982508398,0.9283153985670787,503.2067493971255
10.628306728296991,56.85919666747196,0.911413272208911,790.7594868439993
37.06035204793623,38.01288587059491,0.7625492099901795,145.1967050343186
19.251840565509728,8.515577501667801,0.8128310114913898,794.8522806022028
21.52405124492983,51.4891803599565,0.906925879587532,180.92354901494548
18.92451886274479,16.192381191699734,0.7403131678681731,721.6551962540453
12.311542660242045,32.69362115700606,0.7634284308353524,227.17536595986365
13.450604929980484,27.775871032330304,0.9357677833793967,340.8227435833302
11.232339354515466,37.5056757082521,0.7252274531368779,824.474716324961
39.04870589280799,27.425365208347518,0.8822556012385367,624.6290263566942
0.0,27.218276963668448,0.8389895056133174,800.3892583161997
35.41172473751556,59.548901756891276,0.9463304387681636,831.1437392853076
0.0,7.250243801299946,0.8848701879087688,990.761811011304
22.236934297690166,6.981832364032079,0.9064692258744407,268.4386888827817
17.333552681180517,44.60602624492599,0.747130392898993,400.2549377626236
32.00513440904137,5.170894151427174,0.7495187681632038,748.8666424580529
3.6785979547495185,45.50565512002948,0.7680375609789136,925.6453313262954
33.76004518634481,31.91525144529018,0.9321249360461251,525.2910888916163
11.188564269686657,27.02460379436538,0.7812090163861631,523.9181094697428
23.734139138734996,23.34642013123332,0.9036508969244388,773.8122236458495
5.548185754502017,35.1281565064752,0.8613622468516531,557.1917493086763
10.45749217922692,36.8545151657859,0.7421797241159526,725.0383440617352
18.540812545502575,34.47011785760696,0.7854975409480351,944.2586364535531
36.304010772700885,46.990602446084225,0.8189700811049073,41.049315623666054
37.521586236726414,27.70541226522585,0.8611765060247432,180.14004823287786
26.694967507860206,48.95304537600719,0.7288589688519429,775.0617597225377
39.00673075182871,28.279966882046843,0.9189630562294988,874.5002496947669
20.488955651312367,48.53681413386445,0.8943167813054294,896.916838498678
6.277877339728817,6.670467297276755,0.8311351435503406,668.3622353033983
15.851789782277068,49.33310197806605,0.7730371608130923,771.2012930370684
8.95235013985488,24.961696707250024,0.904261513011145,590.0753038796612
16.250480311562765,52.35007579426404,0.7478281976624257,151.8943655972275
30.210834618008068,31.0849434689898,0.7945999606396308,526.752851028217
4.7460310835739445,39.00437873387687,0.9293811328834806,352.7832482184596
6.113220065745278,54.95403962701094,0.949071053098855,467.21669607582976
29.310466354315206,12.261744736172608,0.9345695690914284,822.6353763254813
0.0,11.249986285758721,0.8384166365901911,215.40458828057737
8.126474831464641,26.51479665536217,0.9195706546124458,664.9226425516746
25.760246177910897,59.507032776557935,0.739822297002984,214.01722773489243
30.624134401069504,33.02038611266988,0.839183796828181,393.4950862294874
16.875114817654975,27.972952370545,0.7289602173943754,591.6721065310575
0.0,8.121301674738596,0.7554032713175773,396.8451291626305
0.0,12.604315942261785,0.730182833419039,710.8426503637975
37.575681901852604,40.753682713460286,0.9037541253605572,160.1467900256199
9.410971766257958,22.14589883560542,0.8829923582103926,443.3777951169855
17.669372976894415,5.724583471716851,0.9425307379716146,695.6557352994515
7.401110592469961,18.234431802729745,0.8815471361378673,368.3905578446595
22.004831469621042,29.320827037586444,0.9179110595288272,894.1464426018744
1.334547728855239,26.677360359656454,0.7278089672611311,933.9246695112294
36.64906002428039,44.262208979492655,0.7172179284096711,377.7166683707433
23.488393206029244,32.03282253572332,0.887579030544987,821.211579043323
24.678325881675555,18.29059682428176,0.707533151020103,682.8325383252213
2.5126825148223073,54.74497494587183,0.8582424444276273,168.25062622131156
10.572944755733218,6.083037320599848,0.792828967655778,844.7570846879584
37.57937163375639,54.62600824149959,0.73148045703555,112.82256824649984
7.974839677152335,54.585983350292906,0.710440486064406,933.0191721814249
6.202933137311672,26.888681650575275,0.9313341584610034,876.2557206285173
10.295603907700349,12.273681489161518,0.9287064531347902,947.9585842561563
0.0,33.70039846759879,0.8385699498367742,278.7362653047588
11.07575836606716,51.544387442415044,0.8834715556747588,315.42211135577514
38.6019174098329,48.26733991057613,0.7578901762380672,196.06576352698735
18.498854115808832,23.467403808393932,0.88116821965366,318.887993834811
31.2132596270371,9.959956195864988,0.9166557423915205,245.68199673612645
27.848943537454822,50.56836223908267,0.794865592175005,711.2509097563286
0.0,36.88920662697594,0.926219167122411,869.915330396443
20.233311234407203,42.1296743887155,0.9420249169177662,913.3835106833409
21.82575950464773,55.90701464428662,0.7063920983406776,300.3523658888211
11.184473430775405,56.942431168046326,0.7709425300583184,907.9931652784516
26.355760854321787,32.48637091725478,0.7534826935223563,190.99631418333877
21.493956808058684,13.57492409153541,0.8895903533148659,644.9579147880772
37.10264893598942,7.193956070860249,0.7588381942237667,646.9358887621495
39.86957126204931,14.371823868485276,0.9143270054252678,871.6388226578749
16.586915720623505,50.330393833954034,0.7808300077874919,403.0938060850021
0.0,42.236188911357345,0.7884460696151047,69.73233638285528
7.10808526446118,46.07444186081332,0.7640567653943504,57.65858761791144
17.885829111509857,48.20438229503453,0.7423638311593178,977.8799034602316
29.615758205085804,27.226485795329953,0.7210992966437895,359.18565618730764
38.802744717525826,42.03720389434828,0.7729709686928694,939.297926370245
35.26025771609811,6.148551303373706,0.9338199803181793,394.06135413916525
34.32563142464127,52.956042551091194,0.760350185936563,962.7981131764667
27.413238228398782,5.5030306535262445,0.7122376727990846,833.8270663485091
7.108544486979387,41.0293095881885,0.7373994800377252,590.4031169404658
0.0,30.012948798311573,0.723556156607364,983.2930428675131
23.449119664296024,15.386664037519397,0.7844508361379873,223.89691820249797
0.0,37.55346920133723,0.8006674685015497,883.5500958413533
35.906160144854724,31.441278381098826,0.8181590141126907,117.2221447150585
31.507941737500435,51.44898417782893,0.8692592778029883,575.457669663743
0.0,23.622302035029094,0.8843458390862091,356.7317356752146
38.09357525309637,12.813596195647888,0.7211444130827209,56.68933423063848
0.0,47.193343410404516,0.7147147487624059,88.4991197263484
22.349086952270248,56.43605468362127,0.7624328201163977,384.6622901045686
15.831983476917177,8.43636617114027,0.7010083162953529,701.7009764845162
36.14698671762017,29.64016743249295,0.9134157035303383,572.1400921258972
14.34114627091676,41.44018481841557,0.8647348091446011,711.3672358328291
38.63420293075174,19.33350504930187,0.8157154630060314,573.8709546425058
3.491965659588245,46.486453359027955,0.7744330081802957,548.8818438402819
39.78862376911132,34.05309651469774,0.8479357727340453,567.3619849381241
13.187441907178734,34.09397512622298,0.7917028933275339,317.04471016007784
17.89837362123356,41.22009050389909,0.8403911323694501,169.89044352988293
1.9303228319429466,38.52400060267191,0.8693438481353277,498.701231667705
0.0,17.018135082487134,0.7507350388160083,280.6942023143688
28.767189106877193,49.34415714372761,0.8378975525819696,534.7501624736285
0.7153708577619085,27.927241973866117,0.7528907798925755,92.63771633667272
0.0,43.05592154942557,0.7099949285771289,546.3687338687122
36.01989235426704,58.051145411035975,0.8709304558488893,237.1498044311484
15.819383873208498,27.137328138276047,0.8419722617511771,999.0436754120814
24.708403540349288,7.889156047486248,0.8293810975888585,816.3044781498219
26.746938205086284,43.652144953705715,0.7761813376887654,124.69714096069413
38.1670239532187,57.805869126464636,0.791466752610981,661.4311449923174
28.610032109834133,7.0777023282477565,0.7497567036586956,146.31006170041044
0.0,33.493318156352416,0.775731716565365,727.7401150782155
21.949321865316975,39.39682950241589,0.7876492236744652,682.8232286878812
0.4035383887874966,26.781358573329456,0.8627464848973974,841.0789183858053
27.42342205299375,54.02037258582376,0.7997876055117332,890.2220184357501
18.676558664275117,49.98110232554768,0.7221730674015695,285.6373336009396
20.68998235390345,32.70859757248657,0.8488447235801937,658.5155485754823
0.0,14.73046789761263,0.929678935038611,898.7477880313987
1.8168137797259998,16.55155040397719,0.8257997689366082,898.7879402937989
22.58436144694239,15.99713423935172,0.8484153202794877,209.52595784277025
10.233583815349741,19.37957172359175,0.743751761899271,538.8244018698219
37.389149780170875,46.689345352627114,0.7955090547447179,734.2282426968619
9.276864425264923,15.819553330925544,0.8114975742957936,288.0813031515536
31.850822276530284,51.107393028516334,0.8260841408084266,518.3344500928108
10.464059718605153,31.507854597274488,0.8371166989332299,983.331605213484
11.14671522332599,32.25019127970634,0.8949272051679296,798.8129096335263
22.34113196011655,26.01659683939016,0.7970202566290996,890.6965686978773
9.891829401770941,48.24471973215325,0.7174283619967505,882.5704846418653
34.964925813568684,49.579922398183975,0.9123581114837225,525.232814130819
24.64066168900368,45.02848619662725,0.7906715489423326,239.9168565729844
16.950966123510444,24.145133643321785,0.9403185419544021,999.981295677982
31.06175964376961,25.136726128855113,0.9362520869900613,751.3503846321395
37.94692894820222,34.78568610905293,0.7512257645806715,75.94916490451479
32.709456302393924,59.031769076445485,0.8910573169251241,88.23101377695113
37.68041469842658,15.705859980799852,0.7755781816848044,73.0522183608759
2.1832000137573906,29.412756411228006,0.7324574513038231,100.36047453260778
18.579054096240366,13.070276739370364,0.7035007309950744,351.89523753290916
10.496751138057794,59.953038215978026,0.7794351541588252,671.251128414989
37.27391995808595,28.146603406920566,0.8929869230728786,712.1859885587243
26.066768020367988,50.74693459127075,0.8041744514932273,292.69406776662663
38.222207871879256,50.1425382100746,0.770586401424265,379.3459698754332
0.0,10.225544005031516,0.8635090439910558,400.67487582553775
0.0,47.90570246740318,0.798272365072098,755.0248414120858
30.665718833841126,54.68520953633199,0.8244261729110633,120.65745965763632
0.0,6.039985635953309,0.8630026502236915,739.6434396793147
25.433096301101617,48.203501327221026,0.8019481284310359,509.1103821083176
25.32753289518858,38.47011179853453,0.7251082684010592,796.0713406896344
35.2294787088254,25.367441225927436,0.7726999210414736,763.151985451634
37.114347665734144,10.71258400507968,0.817751343601864,875.0618143900789
21.271591247825913,13.558363905959158,0.8941504736819605,758.658244306616
28.184230595711337,41.6052982396312,0.7572604805178702,830.9318224567982
1.1791158512424036,50.78518102977408,0.7064871433481397,197.68368605220044
6.34360162231485,35.59930467526183,0.8399463025355485,215.9949702722651
0.0,56.81331696293785,0.8508824272636708,657.6158474322701
33.41396545910402,13.9252273749632,0.9228767725745182,942.1229121424145
6.912888190649252,17.597419984898217,0.900002926261958,939.773030294916
29.389262359115133,49.5736010674848,0.7845116698018839,812.4714704516867
19.819896934267717,22.871752432836786,0.9238718147385877,776.4497120574757
19.147121473811865,27.03536125954053,0.826472467511119,119.81791064014263
10.137372658060835,17.17502514897801,0.9203237977345871,108.3366171675133
23.656266867012516,47.73360109554268,0.7326779823618916,239.67983884591544
15.918498506457285,51.10161991126032,0.9109131288910569,843.9611307494259
5.70126825698053,20.157807528933233,0.8586716452408965,975.3937608320084
35.45151864850886,9.1791397843119,0.7156440279932401,806.0743145476948
11.038979636338839,45.21406963009812,0.7703562067268452,557.181250260198
38.73644664096928,15.433329311096989,0.825387136240969,641.7318176668615
26.167429029671883,28.17865139630671,0.7983195038832172,947.1797089309546
21.284238419787705,58.26067438185206,0.7875261220395471,955.000124591259
33.364515422124086,12.996767428385194,0.8728635139195708,298.2817676548426
2.0812737636434018,18.882723901570273,0.7568571946433573,617.3140905469977
9.401552754013244,41.33041262016026,0.8120590894195326,384.51896000429906
5.494858492044417,41.209425830337615,0.8281168104743394,777.9933132419766
17.684527554328916,43.509220478722796,0.802808161547767,760.2624802271171
30.980592805215537,20.99240891087736,0.9478290013861113,798.1010871835688
39.358681258569604,58.555959628043134,0.7100497792842853,122.56454513159916
32.90762062891678,53.535248409908405,0.8080155762382457,184.4928232601953
38.92618003189211,41.82376336040471,0.8717774703252329,760.7732496287571
0.0,37.51448462700626,0.8588143855475573,67.09108025537546
22.73867642879431,14.391777940411638,0.8709662820767443,695.7600228259562
39.278774527516696,22.43132995089567,0.7575946176362768,407.6073264249706
0.0,44.99328376214587,0.901053334507301,108.4657382754127
17.38550665887715,17.64073784837218,0.9290990252344028,318.679672623811
6.6318425414097595,57.030551517079054,0.7373134044263312,778.0954232676821
27.415570306367247,32.208463308160454,0.7403121721939662,636.7553763942649
13.06305273234449,40.44360625521606,0.7165886057881559,823.5963545075747
31.62258089980147,5.377768256249687,0.8421283311489605,111.25734117654079
29.53143149697529,54.132014513409835,0.7687927266745281,351.8518846965545
31.026991293201412,17.16676285079709,0.8228464849948776,825.2947005325586
18.793520357233053,23.935121098072933,0.7454194132488924,130.58085226371216
0.0,9.670967999529202,0.8465525781542549,392.6107738649265
17.47438460700488,44.5102221893685,0.852777913331047,361.7919561211022
13.55956805335566,34.29526302039996,0.8937313942176813,444.77997536771824
0.0,41.86660358341781,0.9004489498691234,999.4451486767482
23.813966749205207,38.6967173536849,0.9071834264207814,59.95110510732648
11.653521146788458,15.408769901043796,0.7575610576400307,317.08949247615703
2.4662821144435756,29.543301717074716,0.8568694144455311,952.3579080031218
12.558432046633971,31.463648088646114,0.9301108921468639,666.5263054390435
2.223894793276037,25.11182922306408,0.8004204695427134,84.47274645200937
15.614536847481913,59.97994167166861,0.9164713517438595,842.1275262757871
20.909346211459138,29.47407573549623,0.7806392283640923,373.8262299043765
36.10978068352448,19.82764971810405,0.9371990814278709,308.2128918830761
38.049996188116246,5.0124936683821355,0.778256461870273,175.43043338530066
25.332336887708845,46.469151436251956,0.8643426494081256,910.8686284248894
0.0,24.059361826429498,0.8883760254480537,159.83204040464045
0.0,59.38168433555471,0.9104870813687028,810.4100141254391
0.0,18.200138454823943,0.7249987649597086,237.90571892715374
12.166786601282316,11.457956493911711,0.7535993698503785,326.2815908771928
9.621339650786469,30.441338679926176,0.7906491911665415,408.230013711135
0.0,36.265166003538894,0.8268743625720623,71.62250909369692
35.60015833735307,32.56482686646519,0.7376252929765785,235.6123425103651
5.244378305577988,52.97326620851023,0.7711409210295692,765.024163208428
8.606830869386634,26.282061992953935,0.7052655633084031,276.20980398051336
20.42755081477419,12.182130392053692,0.9106895895809184,701.5178232675383
34.69501782701183,14.872521613778918,0.7962045763361061,885.6087406419563
5.184606108138706,56.11909654870508,0.778772127387283,857.5823177593893
39.44481030722513,47.893255922346206,0.8285033159858565,373.72000291805597
7.704902629328058,15.683720713835648,0.710012839558851,271.30139573032375
0.0,9.657981288719107,0.7399409932532179,258.8425212201669
35.998539948448325,39.60109834853934,0.8422119120483835,934.1577023172687
13.412060252210068,34.48272804172773,0.7874365944557807,807.6582840394893
2.401303519442336,38.68642594640008,0.9122665645098154,891.5120256786353
11.083955804137275,30.30766305415791,0.8089552016973027,959.7847824736427
0.8150797619306239,34.69361059787462,0.8800535778580045,885.1133550964381
39.81142572182204,24.704679279799333,0.9005400721235974,760.5811667620942
31.83675270577012,22.517183889273284,0.7122972218700155,674.1716090477345
0.0,55.63284406777584,0.8744049822531805,425.4589299789669
29.04288693389452,38.289745546061475,0.7208732194391039,404.9287097612356
27.293255647968675,23.34058362767326,0.8506208203431435,348.56383798121743
31.36276915465105,36.29378300305735,0.7946186471978431,755.5788664202349
5.407964582130996,18.849246955869642,0.7587296983117525,868.3540789999495
1.2948120620765482,41.63348303418998,0.7197619737844596,123.02511492483876
34.27477454095376,44.76806738959116,0.8328652401343243,689.2724251252405
31.738818158527593,8.781445425293143,0.9247168319206656,288.05993673755034
37.488739615203556,53.056045823702256,0.8450233782367436,169.54210314326735
21.830562666311216,53.68292702386359,0.8044129443101892,174.9753197463086
0.0,16.593455889650247,0.7138830881312609,93.20931238184123
21.283237127829334,34.924397029965064,0.741998069759792,705.5124096833741
31.125833108101,52.11654209135392,0.9341129160442531,290.60675702710205
15.583436359701059,27.34770751295882,0.8503026494756916,325.02825856439176
34.47196113957119,32.784282568787866,0.8127082028822687,447.0699650589303
30.207670655603145,59.83628236162337,0.7426120512900294,228.11678907901663
0.0,24.44013372563538,0.8222188450983324,555.9792856636378
14.090215927059514,39.84032124411544,0.9075298494032663,295.0943248005951
1.1789163303272114,18.940053821998315,0.944098659631551,340.75770299147683
14.52810168821092,14.96197820966737,0.7849449940357082,507.2093489706432
0.0,57.05567921533782,0.8933723035223377,661.4219634917415
39.18708613499925,18.91817279975341,0.8229136391711104,183.50746517016847
10.77205668920895,19.567814314051617,0.8131064726118116,865.3725269118654
24.413129742054682,54.33388757476643,0.7415093908948263,729.7491938986208
23.39449996397812,23.713471075914647,0.8883175680026278,845.3658967660491
23.205791450614054,58.23438489788529,0.8086399360992568,283.0589396467792
17.574635871569765,32.38700239171566,0.8791231742820976,386.1199194129421
30.981742091057743,15.209105372045165,0.7843640526187989,371.85934720549415
19.07749352120205,47.26884427823794,0.8687120826623309,184.50236501971415
37.89592651897872,12.134834866893517,0.8871439522855449,710.8360931411974
12.524325966851146,12.482226036372575,0.7926359445025353,187.27356553167883
2.0656288681336963,35.668785207777276,0.8677711750359781,333.51755880319996
26.763786037074702,6.017868979637159,0.8249887871872394,652.1745207256588
23.149697134970964,50.35135558653033,0.8648383982665095,854.5077883065703
4.9244842892266085,18.364212600651175,0.7814097664070385,518.3599598822348
38.18195693179097,37.370334052464464,0.8877419736133834,638.9784248784794
0.0,36.84436524756388,0.8082677764731595,201.85730335832088
0.0,13.421997457378662,0.7198839926328633,178.68710940321026
6.827837555614915,57.136701610269654,0.7285697540841203,977.6572818166151
20.43917979517135,38.3040377337926,0.8409256290007971,125.83606025887588
4.416379076471915,21.249445635227918,0.9072434535704011,538.8189576213866
0.9600885486353586,9.812527155784144,0.7736214316307047,259.4001412420972
13.190314145661834,20.260044268072026,0.8087512568385267,114.38970648165736
3.400905092468841,40.94085141384784,0.8889976268172993,672.9429606597573
6.245885511829023,55.37735614528289,0.7285310157520622,273.31121643237714
32.493522026786714,55.62559499702702,0.7300115918406437,648.3106905821397
5.79958814315968,5.1870703276840775,0.8605679253526126,934.6657254005706
22.11313108625973,32.044216138625046,0.8205906323984694,783.6207706028181
39.1390224013075,29.751169771093814,0.7290132048551518,302.3685021256785
25.531311948291886,7.4967359062885865,0.9006099654319013,498.3296293001207
37.38016533342318,47.53900954481245,0.8641627271044321,189.501364896274
23.126659714946584,48.04135541377116,0.8439994730974463,987.7971168809752
31.830188133056517,6.872080431736534,0.7699676132157404,385.42037971454397
14.785141114687729,13.519386865708636,0.7180307222199704,483.2235587308117
39.077400364369694,18.963110822457114,0.9191336797092886,996.4686011913496
0.3464642991767255,7.956175463866662,0.8750116788182709,145.85360712202856
18.54691226145402,53.39687975590564,0.7404118752169887,481.89848847828176
0.0,19.61796434075467,0.7001267097119304,465.35076368224526
20.945285972952707,36.60395496050923,0.8152776532821416,329.5092618955178
36.02214288722313,38.44513047917762,0.8987471355530439,431.5800910274501
35.50190450119299,19.523496159754625,0.7733675553077939,362.2572140609502
16.384163477935488,56.39413863385997,0.7894065630398096,213.99267871412403
22.92893862956661,27.30501611812845,0.7112330181345731,498.68069180852734
6.316743644397603,46.58384613222721,0.8473240622848995,40.482846405050594
20.95718568095962,5.664675179715654,0.7702976879219566,217.93640533712676
13.133180966865444,49.863890867828125,0.8489602146887367,565.1930213347313
37.02518844355242,18.359736593540674,0.9334160888218603,691.8608159545603
25.007254150863293,50.7757882276391,0.7818828854330022,673.559804508015
34.8914034179779,48.212663058909484,0.7875267991562935,567.4763788947073
9.918876847352704,7.931195747088434,0.9028150170890203,618.6552079239881
36.358883626641735,40.75123917141817,0.9342438042322306,440.421416224376
12.454909086119642,52.48196438588044,0.8370361640195587,918.4779015447257
38.32326385334627,5.076422585706205,0.817959499357199,490.6536361523855
9.122589185619752,52.54198176642944,0.8919431001648647,392.5380460004659
0.0,50.660579133946776,0.912430263214068,843.1284436722958
25.779803232988005,52.95954083038731,0.864121740738145,941.1461328945112
0.0,34.15321779071237,0.8319493046115829,925.6193529536558
14.602450009602151,23.72832171343902,0.8359341047641359,461.4471328109283
9.882639537710974,28.107263288188214,0.8854365462999668,856.4639518394421
8.893418629193858,56.68035117467607,0.771145896619049,43.07414892276974
16.364448047092758,55.33417171438821,0.7366101196323022,732.0194444078514
10.7386594515599,47.63242406551409,0.8963047141797079,710.3900064748802
13.038013886565928,47.22293573920579,0.8794847722042642,464.18493410786647
19.16167058798956,8.860143576918107,0.825205781423713,378.88849258766083
10.79850272093922,10.828962933691432,0.8343339111413338,501.42138870986463
28.56766648698581,5.09158559809559,0.8894571367065647,250.13441330207945
10.81001932934278,49.219089627940356,0.8809836527911011,927.0304481409881
11.94002885230977,58.28147520156453,0.8905390455745951,526.8700756116069
37.00274911653147,35.89033221510649,0.8384887539561521,349.37066306555886
39.253888173476476,22.256424549000016,0.7794247512684523,620.2997604006147
31.08258232850428,50.488388663239775,0.9405673520686901,235.45071397417175
26.01825699854796,53.72095687209187,0.8912090072861608,902.7318272674574
21.74430981977182,15.463899067825137,0.8356537540645426,77.21502740866416
9.303085030750921,12.838026125280772,0.7168708028450511,527.9484776243265
10.606606396340311,20.099758757263587,0.8186974689228042,330.3834053546182
38.280445405529946,20.429831573171295,0.7224139540392727,286.33252546882625
20.014315092087752,57.102241306408374,0.7393532966302776,905.6123095762524
14.18870934397457,55.438537426941664,0.7457630839987253,60.57705111771998
33.61901890857795,36.30749218210316,0.9497873322200228,573.3819839886356
32.281394705923354,31.00222876583583,0.8797441688392406,874.8097927339592
1.5917731092014302,46.42766212600242,0.7650897411163095,241.48110754071604
19.285621680953717,11.977716279730853,0.7306979775038666,517.7207778917983
33.53430221969436,42.751047974182356,0.7199537655851778,926.0674043319598
6.6962543646860535,21.013911461285268,0.721815745292012,108.16980305913923
24.17882422567603,13.077220083456096,0.8723793748748918,101.62830062051313
1.1255406901650615,59.86223763069062,0.717272368249435,723.9784987780238
6.961404139153243,7.356028716526008,0.9300748665054483,664.171139594809
0.0,51.363066694486626,0.7418682606254432,319.5897814922695
0.0,41.61305969661923,0.7155178607629542,572.9865541844051
37.58585845033835,55.42748749784601,0.7559197043416177,402.51964851878154
36.492343846262074,56.33302509868567,0.8882079459562209,891.5364865916423
1.431972314552105,23.474482668872145,0.9270727365181685,655.9732192379196
14.413750665270959,36.701012455129124,0.7048593691789269,525.3867305813584
1.8681747274741864,7.894231981288279,0.8446189338389986,389.3741423542254
0.0,13.671747293549652,0.9354176951372196,274.5121713095983
0.0,10.333073611561362,0.8925726771478875,63.909928366742186
10.930583713220619,57.16965528579204,0.9005987624726108,455.80015800221577
26.91854479914011,50.01990078806439,0.8792478143384056,84.63566153264672
17.54528783968741,33.00222836093427,0.7098204100539369,788.9982051482094
12.66308890983577,30.940990624247313,0.8907065492628115,485.18916701041985
25.60461513822367,50.64712902383749,0.8967629000388897,544.4842247583325
33.42468352979322,11.70443845990537,0.8512804765840795,383.0935068122726
29.491993491353835,58.80666054528047,0.8552100245710568,881.7816516286614
0.0,7.64891381773632,0.7830591962758897,783.8717855064542
0.0,10.927566720690825,0.8945122686548679,776.4146280859867
9.797453468661336,57.33323839035136,0.8256404891137853,945.4240320226448
18.601502133690463,50.10618524596856,0.8882465162781191,164.91999500161637
30.1134396158917,51.900779555352116,0.9314252508098553,936.3782309147883
13.852444560460643,41.68653260635834,0.8833496374506323,829.7303068945354
32.62978602347757,35.17289037866426,0.8821819365438257,967.3797109833396
0.0,26.811938983682413,0.8201934254212719,949.2971872397367
0.23231142060000776,51.53225678356962,0.7624756903335043,746.7886334839978
28.788722163267835,57.58846574341842,0.9255932974891535,923.3103025570975
0.0,7.1585626725511124,0.8589928202936948,307.4017130499595
10.5836749933083,24.288221623746846,0.7791659218648659,962.8500892532077
11.29436827071377,5.265750891503863,0.7101506136071618,698.0005967221164
3.6593990719894984,41.52070275564911,0.8910441096666204,359.2495717808375
32.522650065929916,26.125077679308887,0.8065144978190713,555.2859728666448
14.523584037452022,42.2748361410762,0.8835571357002799,872.444215074231
28.14104381622167,17.57133814059412,0.803088386862279,832.9352616858341
3.1131766433119563,45.42167705335774,0.756783765702638,402.19457013284506
35.13268537980795,23.28007282709438,0.8151267552481143,565.9014036169788
0.0,27.58955798253552,0.8087117267906982,696.4746527081411
0.9774958866747115,57.99580973808331,0.8748620431258087,88.6577362738451
21.17355261609112,56.9213807774831,0.7291014188779612,504.416482201359
35.46657631579255,43.98349456780838,0.8759272797272744,928.9396491235909
35.03863645925028,52.902744155136375,0.8050054805733663,984.0545688847211
18.867533836742307,7.6511573026736945,0.7617385110258377,319.47037589972047
0.0,42.00045880185886,0.9124505890219844,435.7623973223853
6.508056323423705,17.877169427360144,0.7824273458132069,347.5513604523066
8.450375720808475,58.19338540402583,0.8747196548443636,723.2963866635512
0.8527634468396421,16.971078086649797,0.8177101697453367,529.0259968628919
5.578692683953753,55.34360703751214,0.8401622592719157,593.3919818392918
20.109889268894754,31.205341091834732,0.887550295808164,771.6776365399218
36.886060312731566,34.86623956450545,0.7706509988743777,674.1302055328159
0.0,52.95412332391296,0.9386205070955069,849.8151630975796
11.348859569369415,41.18297036678523,0.8823912784829567,758.0756433408849
13.74623180436004,27.77423592327236,0.8457668239768368,526.5131845789831
39.60825762193251,37.37108916128641,0.8934497403812081,874.1678311257118
7.016514750680474,56.14218679418166,0.7475362380333891,520.6931329189797
38.543450100586014,15.114483350680922,0.9005532913254521,653.478937937775
0.0,48.40683279589877,0.8040908301804026,486.50226519211185
2.3542721925028465,47.843480108795355,0.9059488811053179,298.8598268523015
0.0,55.611562499535744,0.8559309190155582,943.9025614934635
0.0,31.586420783837063,0.8067246918325096,619.271043752306
31.50484694098856,49.89970896524997,0.9297872086025112,859.2476915014695
7.03879359476301,33.587260021881825,0.9199145245471425,877.6584287480841
0.0,23.163669598812206,0.8849336867325014,317.923167138287
0.0,23.883408039026417,0.7199671609646764,925.3226400474393
12.18696877088136,15.507869977495034,0.8267812577706337,461.65461292405075
0.0,34.83220052277054,0.8588453046794001,308.68467818752396
34.63940043787392,48.432833219550545,0.9309017959486496,328.5295242421652
36.06454835474952,45.29098067932341,0.8078353821489092,457.6348222066066
37.89956960685531,30.629548645726462,0.8714832066018341,363.7204784666212
1.797051629806913,9.863262867485048,0.7111513129486634,372.477715299486
4.721723509061844,12.475684860596717,0.7645142811794139,359.4300475084815
7.414335617176739,7.077636878466641,0.8405116640100015,288.31768866563806
8.964073349357575,7.123105545010367,0.8188757333336592,216.4249099024475
11.083752220739932,38.472072478548924,0.8700544890207179,100.02353475103601
19.0389050003496,35.06955544805714,0.8886889022101441,226.5095495395467
32.67852711890365,12.492034577862848,0.7180267211882314,243.76079364241872
39.543047776393344,46.584199282762526,0.7671735519203324,176.32467347967506
32.12920634939788,21.105139648898152,0.8302611444500346,802.0583729855011
22.77658971186969,40.44617377712313,0.864012203594963,477.4711058494645
34.435386372594124,29.619428370058774,0.8025554539255308,594.1556680111609
8.51112908935481,19.895683388598098,0.8467496077853214,991.0299398229939
6.598902278223152,36.280203608580166,0.7869866626596349,89.58560664492299
12.084510137706241,27.145329549265938,0.7765587667922129,896.8255316956121
38.6698835934279,10.96937193982015,0.8338481720765564,808.4412729176852
29.813444050719546,39.36782783918932,0.7829913991997968,368.20772758758375
21.556095432183067,45.19798001809087,0.8148385672137028,853.0998709273023
1.7138571395772293,10.048783742947828,0.948301050004744,778.0470402057337
23.338000775189315,27.725263579047443,0.7119644654964584,502.16638285966275
0.0,31.094299197707933,0.7266659929681814,317.27107427306896
0.0,51.486581887119854,0.8738218843850613,978.2094983869325
2.947594473933082,12.65848338761848,0.8791276765320415,842.6274494025665
11.955445774376251,59.048338231626424,0.8669724904896862,963.9725048586959
9.025259359220502,52.891084195438296,0.9029024922720844,563.685928668551
14.970633891427275,42.65658042259949,0.7352649884423825,157.19294168655705
15.333879908609495,18.76029440428087,0.81740017979959,897.787431132168
3.025723097916165,55.38524749097761,0.7488879045763415,948.5381180680363
13.109174343957546,39.53231496141446,0.7217716352126868,332.08691585007983
13.781059350593424,24.54329427222994,0.8323480533669091,733.9160913721673
5.75838883573924,45.32690237955159,0.8255372641939261,867.6807909937492
8.193674887493838,40.33073405765412,0.9094572710555229,809.6998942417197
2.934705646830138,30.455771183198433,0.8808655842185109,512.4780687203875
0.0,20.69760187775191,0.7749132162454175,897.7536785927546
38.44036971978271,55.093901904425756,0.8868243513573747,115.58676283519027
21.161497711869913,21.203612096832757,0.9362540036719801,490.65251608724185
19.490679371733727,40.16777860559107,0.7087786399546017,599.5162715594722
0.0,19.74887409344275,0.7615504929159675,881.7879283914327
8.969096440225666,31.464133941047027,0.832352411086825,176.28983289270184
0.0,48.75635321152509,0.7957509853058908,331.75555585669605
17.68160715294729,45.16928585699311,0.9420152261402389,342.9298958734787
39.38902810063316,11.151115094594038,0.9260381412629919,192.31785495174722
1.7331767473264803,49.4431845408272,0.7274352740851225,213.70243642734476
31.078491236489256,52.40814520157974,0.7311654682728508,401.5060379403942
16.228106556127642,43.81459997569108,0.8069615218220743,727.5340847048674
1.37072754169852,5.902482039386868,0.7833927977243202,551.1626631045706
19.793212832975485,10.968538002252718,0.9394673667114456,886.2019926385217
12.916640811152616,25.166677128837694,0.8773026983144833,855.0295647833858
10.317949900940585,59.51667471442404,0.7922861653699453,871.0621307434301
0.0,41.99441701719077,0.8649099031205376,664.1800561062723
12.984098059260164,32.90359948167933,0.7915365415528675,122.4374048470063
18.856421043136052,20.00415353745699,0.7335578012438285,143.64230335313675
0.0,8.570288547153195,0.7046079127202451,846.7941973509828
7.8790224310932615,36.794079431979256,0.7516826448384115,627.578721184614
36.33219466443264,50.67828301105136,0.8958494976036497,683.1952810642613
11.279088359930974,22.511066016140948,0.8683513986843522,761.071417943074
3.824786873338261,37.43856216726972,0.7721745802484018,601.931443700273
4.827309263393188,40.52120508306191,0.8944331002171613,593.5172297130663
8.040479680857585,51.351341777808905,0.9071385752221506,753.0096042432554
10.203135620436571,9.86451416738422,0.7601509093190741,346.75696386950233
11.666377561917539,12.780740441483045,0.7196484608847711,127.85249410927935
37.920516649915626,46.03894031395773,0.7182227225611116,926.5502700418926
26.95346590115399,40.721943918145584,0.7498824650298341,920.9981534339826
22.457540148796557,11.450471532595113,0.7673056561030648,310.3184346206257
20.950336341001883,20.798121478660924,0.8941131825340952,347.73706805395295
29.172034748175697,10.021286773330774,0.9048562680170704,178.381395415984
21.702331255940138,13.240789587081874,0.7681874458262863,62.445295366253575
38.198067827181816,49.165328361111634,0.8188106438666418,219.5615952573368
38.04992155818492,56.2621583305256,0.7407617469196885,79.45246346565774
9.828429432628774,56.60131050803754,0.8494899865900447,822.7616384292096
0.0,6.140140919390639,0.8157138357246962,95.39046652323168
0.0,38.821816920427445,0.7338183169638421,779.9742135582428
2.0971177616170897,31.11794984717115,0.894236976864175,180.69797265352088
25.85042793511863,17.893185251296803,0.8591307009469126,453.54146291162397
22.479107715751432,21.556533962222495,0.9185268041897792,541.1022374910053
39.91973046314147,36.92403005053411,0.7215253382603745,683.3608890279114
22.529498921496124,42.689294087459274,0.802017909175165,685.3735260490846
39.3250345602213,12.172208999374702,0.8173577954890245,940.305791444365
0.0,45.13195059610803,0.7348528529693735,512.8536391083811
24.772549796429285,52.44005145782276,0.8322361320742537,526.557495980363
30.7865745409378,14.629066741462847,0.7532665919876532,725.4689995145636
16.79309218719206,28.359568131881186,0.8000929044039262,300.4602817458564
12.467806128374646,24.96264478167583,0.9297275895720103,529.3816018246696
39.98216863323728,21.389930179853483,0.7804747722873755,286.26537559961844
0.0,41.2570126603251,0.9191382320945065,840.3409877629522
34.68933568343674,52.943463649469685,0.813574906707834,262.0095888917343
38.173249122015186,23.677594961509527,0.7625101368566342,519.705423027676
16.629386219138777,35.949277943910715,0.7914230249959244,313.5324072862718
0.0,16.538271645621247,0.7527228089030359,645.4839993080568
27.94647696895985,57.77456317520249,0.8922993206104782,907.8308017461181
5.972543606804346,35.93130026448587,0.8952600476042197,334.7827402264734
29.363327566027998,14.081441226613517,0.7992847789635098,990.0288495302945
0.0,25.658507994874764,0.8728662643022851,873.3751587878397
31.883414684468597,11.34505385937533,0.8074917487016419,926.3171773627832
3.473031864845078,45.93438865351066,0.851383602657167,52.60919673252758
11.372481505848876,42.66626845186978,0.8512676732505999,453.11738967864636
8.070507722712973,17.74737951315285,0.7139843699696216,134.24845831912464
18.87338658881966,23.116800225582107,0.9012287364803893,738.8233585545864
23.984741474573614,15.281112926480775,0.7654349582018001,379.3541379652101
29.942721037892895,45.84276540154211,0.7550848277794471,501.6006551864718
16.948972601442883,42.78334516277868,0.8800672120022354,924.6833798886864
33.697560795825524,10.631329393885014,0.8451907358854536,443.34409422982696
19.279895008956498,23.49632642796304,0.8184594475525472,670.5205766680209
9.610573760192905,51.39952997899672,0.9020730906584997,329.63936818574354
29.980469307708987,17.026429372073608,0.766604448728049,865.9871179648075
14.382618758316113,34.99878921322084,0.8092708721789241,629.6121769187852
28.0357930646222,40.82496806255105,0.8340178074976023,216.83710249019828
18.247931848218116,12.825795329301613,0.8839912788240515,929.598097117642
30.727481775308053,57.15254721941122,0.8914047879447552,433.1503555026669
17.60216050258443,46.30565758527277,0.8360164461262041,257.2544498561846
27.289728718561935,56.85930292731129,0.8478289239909684,254.5881669627861
18.17679332298697,44.86886237683928,0.9373638483637318,225.46565551803454
8.908936438422861,46.426352275114844,0.8056634433883159,886.8024594387515
24.575781576013412,20.923083699323676,0.765872335647883,758.7941399437694
20.671579476546174,28.85575746530397,0.8542388416064798,426.1808741204171
1.6390163031005025,35.31279459987499,0.7153976441328123,228.56684367289208
4.338883229386218,52.320119199887145,0.8652631952502152,663.4351382625836
7.775341340123913,6.441805239608232,0.897171705060894,699.7956725545451
11.880622903499438,5.869527207098758,0.8616413138331305,393.0623164773066
0.0,29.118080947325602,0.9289968529675623,398.71432485068505
7.951796319113318,35.2281590964149,0.9231687693440203,321.84179912241336
24.139220215151624,52.086270112243994,0.8339582010253551,749.6570106740279
29.29692719769512,28.831440870688827,0.7702557032629103,998.0024118949761
11.598266116051253,23.579374530240234,0.8699461649464051,95.88579303067412
29.985793930338907,36.218860498643615,0.7280273831820229,390.2190605356325
0.0,43.87593296073573,0.7642777172505204,787.7941568797969
0.0,35.37762638183804,0.8441012715991074,253.37064826003441
11.980185135843717,9.938533818912287,0.7634711700110766,176.00057831349943
22.71553907602531,9.248290495118171,0.7992533890167238,642.553263201733
25.399411795245314,15.28385960226237,0.805054139974587,586.9467125117262
12.921695065301309,43.05899262088311,0.790670669387893,680.2009235406346
4.747592324447822,31.169424034561853,0.792539964389491,959.9671068891316
29.703642895505077,41.17650845867007,0.7606846685788513,390.78818762958565
9.00516290229633,11.75762598356456,0.755345556263931,323.8061743104317
11.52533723505079,36.26084992150719,0.946994114199786,574.5790909935546
35.81115019024917,53.511656353663064,0.9163399710550951,166.24246608901262
22.2562660467312,58.300192602356816,0.9447354703368689,944.6145705814163
12.656678695158243,34.35284323554316,0.8678776018600006,902.6358874386542
31.975992871145433,41.625653222353684,0.7718787697748882,671.1870100880088
14.317034675026653,9.239863433194252,0.7147780335692713,891.0292096215105
26.260912003148224,22.377120436588893,0.7837344062527241,245.79018794631457
16.73385670545819,29.899883138087215,0.7588547489678029,421.93911915703757
23.333888139645584,7.379273999983496,0.7467520214088187,927.5944448560491
18.315623975390345,48.67276030002414,0.924468217740362,362.73250701274765
8.948403283384557,32.07915720496792,0.9394201645715444,806.1103162143319
36.77430960916082,45.60778668238889,0.861212721219762,297.98686534236697
7.866849101562096,40.353146700198096,0.8693629346464085,978.9356448112363
38.939817090871834,54.941487223604824,0.8256595170383245,381.0252287837195
19.662328154715503,39.57486708683698,0.9320006087455687,84.59122117869964
31.197938105417787,38.45445077977134,0.8156140871358506,295.17067413736424
27.905438359449487,37.97928316028045,0.826874186711766,819.5647144553492
15.216189478735792,8.027426247354366,0.8887831450192701,302.45059734470175
22.18760752375759,55.18328747534907,0.732748340948447,676.8874380153621
29.512837699827564,11.352522665036748,0.7897227021102622,425.5982981562878
33.8184712322555,37.35376618797749,0.9334282930477493,757.113606305777
39.14012081170303,21.665204920640353,0.761864957935228,918.2644938245317
29.382100256756846,22.90149955431693,0.8867682227481244,111.09582311007841
0.0,43.32806324402248,0.8362202748459764,402.55608901816896
21.34340149995568,42.797391114750354,0.7090912219674377,228.7066890522793
39.785976158105676,20.756354168404844,0.9489227044531192,690.1605974416365
39.40421075981047,39.61882439631405,0.7686192999817263,862.4842395397288
39.19811441652337,9.044108143678146,0.7822489685661749,68.87211747719775
0.0,16.30058719330279,0.8606234764128944,537.7787843542189
7.677845146863049,27.211043095830856,0.9373775640861934,699.0692372300174
23.52855086547495,26.43775876997124,0.7071518299385603,897.0051381003781
3.9890694478857673,58.580206468773675,0.9318741893466793,959.8779440596822
12.72331927109469,35.30819565326042,0.9341811059809108,467.501443330056
0.0,26.810566667509278,0.717182767686731,331.86688972606515
30.9331248058535,48.85228511165153,0.7100499076854909,761.7944058342922
30.265108471957717,33.949189445354676,0.9423546967041896,592.2671305906196
15.13842746075323,16.263083973920697,0.9086085162463041,310.27011964454397
15.440879854609417,15.336654702420304,0.7748071242725254,599.2534027312137
39.80914340941126,58.82903461338212,0.7265284851440005,241.87975940466134
0.0,16.47142867245954,0.8415613522632904,322.6991570717778
20.54359531544806,10.882527241084304,0.7067001792872645,381.8344628668676
11.357044497259222,51.71502189775005,0.842034587131236,877.6826811678358
21.06633020305603,46.45348834572494,0.8539912481779145,223.6627296286105
10.4382419977477,12.47349630743531,0.8667248282570287,122.36751348143557
9.645152378152,43.72141623558498,0.8734926869111007,606.0969830770771
23.997527625661306,18.726871383464307,0.9415740566862417,139.0303052664849
24.26577546419993,14.911370421685012,0.7565397005152118,946.6857544019606
36.37134178244519,12.125989052176422,0.9109064011803202,387.7185199711659
37.22604401612687,15.488827511422695,0.8443605314861469,319.2196536977798
13.847667911026424,35.52256110498732,0.8482746729428189,668.0591737522301
35.99611660537041,15.125502639912511,0.9036400740688411,747.056070437598
2.1694099289536846,9.19483752344053,0.8156249269980358,501.0326449114675
4.512731292664607,58.711763872641505,0.9468951667088717,334.7730025468922
28.64481479613235,58.57378360510899,0.8390769851996557,531.7124486333158
21.9956929320453,39.101652658253435,0.7207483766357209,159.65986909744038
17.270080099909038,12.819667056899762,0.9339347731670908,721.667408191269
5.900900702932506,20.798580065820612,0.9040655794678318,441.4022911790768
13.131897907099027,8.632909149917227,0.9160279830792235,70.36511699912587
26.01531180932283,52.804868353647684,0.9342699074506328,66.5724417541631
1.308375566112971,33.27450951993845,0.7748671205810023,80.65977668976764
18.84881021587523,19.997761962676126,0.8499978061634046,291.59067737970355
1.2281550215642187,45.605384876723015,0.903184406819686,406.6411022647649
22.334503095148236,50.132605083924815,0.9054977710712979,984.1269410788846
18.522941548728816,37.5483657872373,0.7743218482531924,135.53908245270708
4.092649217864907,5.509064096728548,0.8399533575448626,175.64805445315685
3.62167646450871,8.906293270734235,0.7823471230258963,493.7525742231015
27.110339408914317,12.66121025790425,0.8679268787902709,245.5892714914754
19.87514077772981,44.582758083446514,0.9214754034844335,557.4789039683463
15.276028704483284,20.884870017838978,0.853492234531714,737.7148730140455
2.819921542779244,32.68287081136326,0.7386355512135493,284.7945900594329
0.0,15.612626494456501,0.8267451327500231,556.60746560624
20.611816817195795,30.659922574069327,0.908249261579142,229.27897105778266
29.93698209322127,15.928959391138797,0.7326535934537418,640.6964160611321
13.390965056897754,31.69263135201816,0.7127285135261034,226.03355597067912
0.0,42.522855267775924,0.9214210396904532,446.8828492857141
0.0,26.583552719509672,0.8355257396093844,340.66567100599093
2.7507948701357554,30.868378461007225,0.7857036244745905,529.8365196275204
0.0,29.381399716278736,0.8550329121472555,289.80451031713176
1.040052570650689,11.125978173358849,0.7903864222879915,775.1654821384147
39.572615272213014,46.1052684736968,0.8115751642388973,809.2540441428254
27.384864897783075,55.32055390275261,0.701107775435512,354.3912468472695
6.7392547050199045,29.671997573389792,0.8841491215251969,88.74037341214193
0.0,8.151860222737845,0.8565929141885731,881.8173412604201
0.0,24.268964396250503,0.7933582356229645,327.4058874714688
9.505219492154271,55.903134271757935,0.7467615704269002,208.56182575026315
38.46463506209312,5.21296091433114,0.7779295942785441,180.85500494116317
14.03134213323354,12.037500739588006,0.8845110505092982,139.54229978481905
20.15006052196047,29.863727777574365,0.7974165952445372,500.79499294783534
6.353698724966373,36.97662574876568,0.7749378374673401,194.54442001842625
0.0,6.831441665114675,0.921927267601658,890.781150157334
18.125151405586344,10.25876074761801,0.9069141855286852,533.4196923754533
0.0,34.92396727619526,0.8066843251684795,57.91254266802316
32.95565932349596,46.26639096118701,0.8476439595281172,935.4679690153192
5.174756009406288,27.427045051059704,0.7511560560849107,644.453145208757
17.297091290733075,30.19340765391113,0.8405387265032258,555.1896327251812
24.29477690243461,39.22741273490696,0.7663087848746887,557.4495076450229
23.085289849566347,23.825305011324822,0.8322699324762681,595.1061725624313
15.646668928033698,47.71184690506964,0.7277487733626707,670.4030094012168
4.043986671045605,20.610677466065525,0.8275139092001051,610.0338639240088
17.633037746603218,57.196540411217605,0.8771417411569616,388.8192712146786
23.85963700082808,16.247701796745883,0.8153547468137224,943.2035531258686
29.911880341445745,16.569960476400155,0.7705974928312087,821.3951130597022
38.55191168329747,40.3035116155555,0.784723799695631,147.7137751767986
28.117904659987815,6.2363286304220376,0.8692660087694192,577.1539693233332
31.702156536848676,40.92139407015157,0.9084961127944046,160.76421762139503
22.08012708917245,58.14033982249607,0.8802574175712421,872.5966330415897
9.944554041571562,58.182726245180994,0.7335479760963817,855.1593344855056
14.58255587367626,13.660803394918945,0.879915775830151,719.429838271291
37.13969214208452,6.435082696932187,0.7558381905527394,420.68032259456294
15.86069495697261,47.83228415647952,0.7664249753055994,41.55470069762195
16.784063212219557,45.717768116762144,0.9441484999408594,154.6449383057356
8.445326306157018,10.973943641028413,0.7786777390116935,786.5243859307297
0.0,16.32724427731972,0.7349259433242863,254.48528743310482
23.50493843130713,6.541849731716153,0.7729678133859542,994.99613689865
32.11165309845191,47.25569671052308,0.8038897109865295,783.7891327831161
3.1728875985840697,13.886442328381161,0.7639229123934432,601.2125591554858
11.002210019886,58.49941011004737,0.8163977269936442,991.7857349056274
25.475182217857874,23.963980405851515,0.8615810198434963,662.3694596141609
21.410174417006512,12.316992530163377,0.7498113457917477,866.9006920771644
3.4108557607973173,17.64218341339915,0.8206995743392648,904.0710060006933
7.870955001763873,57.25812378393543,0.8360522492622726,966.0421293050942
5.272366570743669,49.512826791883064,0.8850297573372263,363.9052878024372
25.716566159610753,41.329252127381615,0.7060001959872947,149.81590784547865
28.401468673459952,7.625131180949721,0.7020162703728967,745.8189899106937
19.826216911083726,35.94125062572507,0.8009758767822546,834.3538773573687
32.78215476302597,45.44964067011833,0.802794128740157,948.9283981000005
26.827354343786563,9.340717593322173,0.7265036848613543,648.9252537245111
15.439169010422258,18.837558585145835,0.7479013477877178,77.75492241836986
20.72119308681071,5.578840388470257,0.7296427556204507,630.9979689393382
11.414982876761602,7.833304662332087,0.9484365662497318,664.4705495309818
21.82881411978855,52.356411854149826,0.922454636895602,763.4963954177093
21.92730376557386,23.62843360353171,0.7842820339159764,108.24183202085635
2.139991532206891,42.93006848204086,0.8882459870598083,761.3498210627807
16.505265391436083,37.912104571881095,0.8124354035814038,530.3967372658242
24.588118426168467,53.72639156563158,0.7972736412952955,525.5159103127204
3.487072099653722,26.824809790236326,0.8049417814655342,129.7999600759145
3.0600507099281717,48.24327371047412,0.8289136131964138,654.5019336298845
34.05042209664531,19.42954257758843,0.9010252897499571,541.7709752494535
31.988620046563195,8.690662099979933,0.7564066238348863,153.53940049089874
39.272265233692266,43.81537886878712,0.9217654098962351,843.2617861350726
18.190815366044713,26.37213619038941,0.8174068730816988,817.7918665623333
13.619796367598267,17.292440018735675,0.8001775524275703,420.3871891521969
29.618473691072357,58.30889120626521,0.9067245446446806,819.137364704728
0.0,20.801912862538376,0.7802542332940242,366.43653002357087
23.405158516380098,35.10357062870323,0.8091247915515605,617.3043843595003
3.785873669127738,36.04427348370727,0.9378633827647483,770.3930466298663
20.64614302856821,47.353834445411145,0.8314611338154415,227.23886906926938
22.199470343908455,56.575847395919475,0.9358213968557365,189.22291432521274
14.081637294631493,34.33292828403395,0.9465770943465034,795.1291497793749
32.85148761806612,59.460468551956694,0.8837981100462551,904.6087667665066
30.639308750181748,26.49876443580517,0.8661776230428858,195.4569598595845
0.6236862308890239,8.595941184847062,0.8615106378818236,906.0387394584349
22.205077718140362,25.37952915654173,0.8834037867537963,272.68429962146666
38.65154365641752,11.97461056086118,0.7017324989158932,300.62546262524637
31.346306490041098,18.540123426092872,0.7875889142236521,910.8285242409136
9.526234629563124,7.406675688538624,0.871249838763208,571.4609455187539
21.18980894195303,8.83541016145062,0.8349032285077508,461.5387635765786
11.917241790099848,45.01263729096707,0.8685059909230578,481.6589468051394
26.42716301308191,10.853457229418991,0.7444950377247899,734.2030090350861
23.16864125630654,51.11100851206645,0.7521132018869601,356.90186261644055
12.372194595323009,15.570835437170304,0.8632493638492198,956.8880961232235
36.23614377081594,47.82562055366465,0.9384355891733827,202.59172878539562
21.466223268223597,49.991283446030714,0.7487884966540895,486.82686340052885
30.139388176963372,20.685909585236466,0.7203660009699303,190.5420693851147
13.085935892849816,58.002703138326275,0.7681611457479026,268.09725925543523
34.047472866030894,55.27701679801233,0.9361172314233208,476.0048026053303
5.447409063271214,47.547066056995185,0.7814018488325818,72.50291948057139
0.9361551881340979,12.558437417132799,0.7280393350543382,102.6334158608357
11.93062539070468,46.734669612880666,0.8654036208701538,497.8960070375866
6.833635526576995,16.66585519440956,0.8287143279478802,119.50822847023623
31.06317636774939,56.508084734749346,0.7709860418485441,561.2760045012283
19.213274709370225,55.0900460469578,0.7639902923847389,883.0739332097969
33.42212947789691,16.887475909885545,0.792008716367419,311.55223902341356
2.441325841922904,40.25123370563307,0.7600702070047782,980.241437718395
4.427705505586771,57.12386654316283,0.7761873145571061,335.7525222202553
37.877504879331525,21.112265824025677,0.902755563463086,447.06586301078113
33.12937050443316,20.875008427414024,0.766754065468267,786.9947023733832
13.715689280667863,42.13799903403781,0.7364475797573936,99.0385365347289
16.955915202358025,53.575491958477826,0.7972412220992241,67.77252910707676
3.384355765466521,26.764038973051996,0.7360026977089656,933.6184062299602
0.0,25.96885800813836,0.8087456409078064,782.980227547969
39.32437115704668,26.049906811258936,0.7397097142094603,408.38633293533735
36.44709384313115,7.508464679307031,0.9007429738180041,702.5431983426658
39.54148400985495,32.83105356248981,0.8080561156178682,635.9113072277057
29.8488340337509,43.16577704800198,0.846154357152302,689.9661276092579
24.65248933123666,19.790324824012036,0.7452029521274564,671.5745633095686
0.0,52.967589842259805,0.9089448890071488,373.70109355067393
38.00016587585966,25.8070928756265,0.8165614599647772,577.6946453068995
11.932674214071005,49.77575504917874,0.9400912900544254,261.8355963137985
3.975544243450197,27.085147535033855,0.8903099648022068,129.4196732912943
23.125020744186386,30.06953812988753,0.8345235621799287,116.29865769399785
27.669935655735596,25.409733688789508,0.7897245067165732,194.8101366803349
30.501472505618384,25.469851432496846,0.8231617181629306,342.98331812349693
1.2292519426427908,56.29159783773163,0.7542647339990801,555.3774735629108
0.0,28.431248002652023,0.7366108168198453,752.1925511204973
23.750249625102597,22.18310017956427,0.7410467798971125,143.13452287984734
25.10455067950122,9.842757164503055,0.7794747224865864,979.5938167995346
12.494562587590554,13.307574124730245,0.915843367464078,122.71589365423924
10.483552051074328,35.22270089522096,0.8462260420102352,53.19853859067816
7.796701316006026,53.90589543950401,0.8169892625647073,827.9079634466831
33.18294688882436,47.610364142112715,0.7755997473946101,507.45391319168226
3.908244911825065,27.01543064930505,0.7322312810402918,669.5452390577217
23.218865091995166,9.14608240638395,0.8285096728458738,367.86211466323294
32.21807447901265,16.94148812344313,0.9360049483031186,129.01451393152973
20.99897148900187,22.45564141491113,0.8405231424113543,875.3828854024631
36.29509127438273,29.1518613766432,0.7775724306936447,995.7281492360831
0.0,35.497820267595664,0.7502766399290997,312.9799036598538
3.8860203711733274,28.402073708468745,0.8935315906165628,877.997094747437
4.583137718775547,35.186227645416444,0.8983304751900432,901.3904624307233
28.512603055968885,33.06936290674913,0.9486265645197227,93.20433188064544
8.626892290292021,51.55905347110169,0.8065932074746596,238.73687386200896
13.828370209671217,43.38542832796666,0.7190378652951692,467.4844789718788
5.726778493851178,13.28160362527492,0.8980131904010249,494.9558286739522
5.194718717071881,25.468458207955457,0.9309965726746329,670.5844534749161
11.667104289176311,20.29572465667993,0.8508075810879231,344.00694345521515
37.18612512036313,47.009916136082474,0.8302038835953489,236.7468578278096
13.300219979951853,23.27483125296436,0.8458367650629051,51.68618156329291
14.956195472244927,34.981183999197164,0.9268164562872774,592.3813097998133
28.46200242958794,39.95491111020526,0.7127064693905574,813.4431678584191
0.0,54.757473331393896,0.7218639179490713,694.1327226721414
4.75574672197926,21.24510473573366,0.9401075175332068,166.95293489868246
23.88636797851552,44.552084575653055,0.8499292413622775,855.3784660842073
23.28105615345085,14.688115733209598,0.7006754687812633,302.60165345372934
0.0,33.361996911698796,0.8692012499229329,959.2248388282284
31.658497934349747,28.41149779669975,0.7441025101198203,205.47776467058952
8.106977839690531,53.85553687492205,0.8993739924151178,461.69770627856474
0.0,22.830266841469204,0.9088777990564937,522.688822674961
2.1178664384499806,47.55294394123398,0.7501690328420924,594.3397205023292
0.0,35.11180671533815,0.8773117719021464,78.07004795926798
22.031429384335148,33.4125725771392,0.7341084600253179,259.28750084665137
29.534398978569953,23.104907076363663,0.7443737727175801,323.96862065083286
38.64306497877756,18.099326343823023,0.7082540467938009,837.4981774606209
36.8898346880652,18.466667780905436,0.885018239755019,538.400387482153
13.587084235455848,33.27956386355087,0.813426428242675,985.1964735206915
33.5771058035092,50.99078006318501,0.7407175048792303,452.53244428385517
33.878664767553964,52.44351529944187,0.90762217651235,608.0120980595174
24.482474737109822,54.62341611169568,0.8809749336027974,835.8757486462243
29.12082943023577,7.451514255408304,0.7890677892217379,194.24654586251663
26.000393676574944,7.503170914019017,0.7146722720736082,188.28948166997506
2.3907811987895813,7.734716011835903,0.7902764858558788,868.005138870254
38.03468064851094,7.421722292625911,0.7494386638480168,809.4353776592875
12.921732959308148,48.26655420080884,0.9158330367670261,624.2012098148371
30.59899015832717,17.82943133926561,0.7339541537444341,830.6404316946816
0.1932367406979354,25.064069043225153,0.8941444009451891,537.4850760732807
21.85204686674299,48.06254553637132,0.8360260030528188,580.1857494332342
38.860308020274864,5.071562597662098,0.7764216374062913,864.7366801676353
17.210278310409148,50.240705495288175,0.8860851189276152,755.1344978372897
28.152378871807393,48.888831216648825,0.7530593282738328,448.12164527385056
32.53056878779755,25.02280677858071,0.7796841394321901,838.4145276745944
6.676956978535974,52.84371775634971,0.8186776387781505,922.700096382759
8.0730949460366,11.428912454410488,0.7760948440037373,865.8730980860687
15.684723845401457,49.923773985425264,0.745408964851931,435.5619819951229
0.0,49.96805977227288,0.9257860651111438,607.1349402023474
16.03664884872762,17.90716688245386,0.7614455859722155,528.247895863076
25.164516919101512,6.251494680237605,0.9002384878994022,988.9608159437655
0.9764649949184876,7.656096065179943,0.7697864309321183,359.59355293195307
22.091676579347524,51.36916456026298,0.8830353681320956,338.4658250879216
21.664553892234657,56.21941763308171,0.7212419746340467,354.9870860659366
8.247526104977135,44.790138667193276,0.8948680853236618,370.53678435250487
31.801906319162327,19.555651490239793,0.8626057901482086,275.16687854460747
24.916726614562876,51.78168675942213,0.9126164130237318,185.8623212819703
25.09892415657728,48.295628011084204,0.8898283358011069,459.74114356045
25.245972756069804,56.62643403657046,0.8391834538340065,709.5456696058075
36.90087478230693,9.472860784281725,0.8254025594486125,995.7031414189644
11.748976243755154,6.412217849153771,0.9163638245893881,991.5298054245568
32.261663773920915,57.66985376683533,0.9004800410899025,348.77667736682474
6.664398697425805,5.955899718011722,0.759513720202505,404.8550746777274
0.7740222266281727,29.095238085390204,0.798899378314027,619.4958198126361
20.96730973345587,48.18481723619955,0.8727888127451543,831.5042027687322
15.456369150339386,22.70481571427406,0.8352044457394429,867.2391207712787
34.42398508159673,24.463519932210733,0.9255525153388995,857.4645398419959
4.123068457333875,7.443703558356523,0.8745729431177002,848.9034705648728
21.73201383648376,39.817989071680614,0.8475100035867028,646.8518037279299
20.245627520700346,11.411950614036883,0.8774958940774189,820.6948436547258
18.446735043077716,25.46695467378728,0.8306320558601598,843.4904236091368
18.614087341370958,49.52103178308064,0.7966632778594337,256.49792099851345
0.0,25.6366848902668,0.8446335635297681,662.4663788154994
0.0,19.52994603919151,0.7298730921462914,551.4109279882113
17.574456350269983,47.472014697239146,0.8504014317772883,295.0693360987247
38.080835452034094,33.72687142227481,0.8362592373923081,354.12216756852604
27.737442975202413,17.48764638932891,0.9025523140492152,886.3526991382645
15.04883419360484,19.897126304521116,0.7279777256299063,849.4191044440986
15.135045457976796,48.49603779713313,0.889524285325982,878.2792294890223
34.18838401210456,27.27112686523315,0.7175539063598845,183.48732781275427
16.14858678770139,28.59647353097608,0.8963848189687249,702.0348892329398
39.52462898520037,28.44192463491472,0.8190940691549871,57.67667223047848
7.990656640364382,38.594520541770095,0.77676103062581,668.9157163060066
0.0,39.45220723244334,0.8757471470472475,128.72924753832564
23.953553399141008,52.41403862653617,0.9468823140463889,328.27878953204464
22.738992176672866,31.657114970254813,0.8840352869924504,997.1956221725145
23.987991538480284,38.56575482956716,0.7404673828774113,942.8129499790867
1.3397201485271435,34.79023495090014,0.7212912408141966,65.86405700942169
0.0,58.26279876590669,0.9194495282262682,971.6458791957602
27.215358548628423,30.540900625605545,0.7326592163701524,815.5596149223919
24.79237646092466,23.00244051246085,0.7732087769744317,584.8697690030824
6.8579403358766875,42.16161171980949,0.9120968814740918,512.5586140638605
19.04014545392728,18.69559772275824,0.7668633821322137,822.8124346421247
3.7007057174847366,40.164082024531794,0.808083694640924,219.73206873396856
22.784670087466782,18.900270881321735,0.8469244194970674,795.9275596799021
24.36482324273392,51.078319265920676,0.880154014505272,355.00113734421564
30.65939695651607,38.62083852634469,0.8893655197686022,122.6181870249119
23.20117887025859,51.43843567491068,0.7831929264872182,875.8485105650961
39.883248713419285,13.096093931387935,0.8135097506299439,166.46720604814678
30.167475632011374,51.61104674458586,0.848505427256391,681.5084439134332
0.7989520130255018,37.50497614496014,0.8315247932083967,650.0090408274722
36.40468843825744,39.341757827561125,0.9021933447844924,626.1790072291626
38.193193600309485,9.809170926848246,0.8990543208758606,848.429087006637
8.93678164621685,25.88816154054161,0.9375753347557423,223.45660865104418
30.455696968524503,55.68106746342628,0.7916782678874114,799.0638306846702
6.054892840579702,9.19147445582531,0.8820348042409367,327.32754910542394
33.76889708664989,34.939419058272584,0.8884986368723102,816.8288128007555
12.983114353085044,13.400360466005308,0.8018649822090909,624.7362902847094
0.0,30.684015077133527,0.8373151722905866,455.9727926246319
22.057017439330853,59.939274507618904,0.7242935663336442,364.4225972560615
25.61487272512846,41.77123754796843,0.7116648954845108,927.5597581729133
14.710759045695719,57.99975095884654,0.8988110155715643,677.5464991795887
8.92364677869918,39.048033242894356,0.7732454735806908,142.94374247598472
30.410538025180422,32.68902459978566,0.831272257399022,858.7724214017487
12.062451266401506,58.34579305903355,0.7678736505400341,269.17681476509256
24.582486848983013,58.19559456084549,0.9227253280018278,674.021070820484
13.378554125147039,29.809680534814348,0.8042499444387314,390.2493333874728
13.829516672788225,52.67719492492511,0.73246625227923,322.3719542192457
18.694741176592682,10.802678971815812,0.761616372757731,69.91647357286891
33.66395978129776,59.60620933369608,0.7411068148394793,99.51823917033707
27.868467712500152,16.66778909598004,0.703514167071285,867.9776459696465
26.995356871524848,40.39744317986995,0.7086323343528032,581.0193972016359
37.17884059112158,44.98500047198659,0.7190842788663239,418.6208554752086
33.28398076940526,8.558964043921366,0.803093894265378,71.82920135628244
12.479320071679226,31.565991734360697,0.9132019143076101,401.2284323202963
3.853612906381457,32.56613749671069,0.7059059995500939,828.6360342137372
7.744055384605585,47.62612871922851,0.8719823336095114,634.8612696585934
29.038991434091997,21.827442306240037,0.7282353364355267,799.7375804966948
27.580417734341122,6.415502554726204,0.8829036995627397,806.5977489888829
8.469057652293555,14.27686634292336,0.863553213393481,265.05246416836746
11.120757981083443,18.703393841206772,0.9348364176376898,117.09315364988917
37.947469327830255,13.794054111373924,0.7947879135740424,409.74451154479243
30.334143532743116,28.25129878591706,0.8359457169044159,713.46351816883
4.731826133679714,31.488487287955213,0.7901983558105482,286.4433002988445
32.95149064753747,25.367999529858672,0.7447672724594308,529.2196952407905
32.8191659846117,38.722087914170494,0.8047381265094624,129.39606115151435
30.07177037647781,24.460257414754576,0.7642310896700124,465.9168436940868
19.159402960489107,25.089470669605547,0.7597945115142514,318.0899913312662
0.0,8.020475028211475,0.7724659425585374,878.0781258916263
21.57421960445993,8.297967139956592,0.8871451494338303,597.6332159205633
0.5234169757624916,58.29444522874058,0.9307810268920114,353.25788257331226
32.7311353334743,40.817619202767766,0.8915212171218561,838.3141798054947
10.96438248511232,56.32452455563311,0.9031485640441674,578.2279242310973
6.477856827104432,26.047057473417308,0.791465797575893,998.1470352269179
33.77053634508969,42.35777137102444,0.8934228945086484,399.3695620751763
13.637371131380737,32.46117654132026,0.7817494761926558,688.4910070934002
0.0,10.14869841746697,0.9476928273984613,812.1769254142687
37.86934501378995,38.72093683903191,0.9423737609669588,709.2759384776058
10.059027695967915,12.940667484790136,0.8425164043602629,741.9436263203025
36.77874073243992,35.94696142565115,0.8867748523322082,631.7006131709659
11.402103564606314,51.27188670914047,0.7746979600763463,861.3180107961148
17.274851929742717,28.44739968359773,0.9293154748895602,956.0328558567502
31.216434591770795,52.20829083552841,0.8606029034256502,470.54091026730845
31.683181325873793,45.04790439391005,0.7878899750698012,709.7867646363055
29.990341200478177,18.795284120958968,0.9088448199631918,160.44662269631328
28.15800864608968,5.152536213864967,0.9303118875047391,886.6619341786765
23.899943399829244,45.26723952297507,0.7036004468289844,271.30804536295904
11.134454459487012,42.86368291120417,0.7120035860534866,160.11288005278595
32.10236475229075,48.19482439386665,0.9147555047898022,902.054301292911
10.133144970801105,51.140835629878225,0.7336496177390661,661.8424388977286
39.61106540940021,12.99395481764623,0.843212819000413,887.6779878158177
25.069669183564795,54.825579631998146,0.9071237549707208,72.77701347860585
13.150764052875399,45.71236216539892,0.809078770727322,683.5670159562435
25.443358679501703,20.723384503013847,0.8556266012759483,729.6551759603585
30.33041541109302,25.265819557189623,0.888575469447455,411.87465673722113
21.3795555492933,38.645024245809466,0.8365735891495647,625.9168207759046
21.555757385768217,24.20822549807504,0.9277922651675683,618.0077187052336
0.0,56.884992137166286,0.7003440869114332,804.4167443445539
2.204924940068725,43.758189436540746,0.8447128375296193,751.27484342749
0.7904819832804905,45.25302776506142,0.7232899901300724,935.4628111395219
17.632063073267176,24.194360467363524,0.8403243939952387,269.2047184720541
0.0,58.279865616124056,0.7184862303237167,818.2649685409757
0.0,55.208591628390494,0.9476230795170129,117.01791278236087
0.0,41.19307781444477,0.8377142682620999,529.6432031714696
38.95538344141646,15.833591815926955,0.7923853539420844,118.31575988158065
35.02328946676186,44.604113327756025,0.7027676527870517,821.8255235331973
0.0,6.502622987506526,0.8720078173900978,186.23298237891385
32.24249920734595,42.966752621285636,0.7377606953985465,457.5160546453639
25.926206658717028,7.181474386721026,0.8419140924566518,970.2280189598123
0.0,32.20804241586458,0.9122040763374968,519.2939703044631
27.02288995327482,27.572886966979954,0.8821599664645825,827.1370316740806
0.0,46.2486099975179,0.712641517431972,183.54316962617358
18.82983461957305,53.03046701365343,0.9455491560944325,597.5953641418125
38.27281976128808,20.439934574566735,0.742935058639088,179.55756470532745
11.431349111191421,49.34571498034991,0.8728101005935442,355.32570677390106
0.0,37.940440158066856,0.9193109154635073,47.071813967812126
16.767240369518333,34.081679842451535,0.7793239602610453,510.34256122778316
25.856856346305502,49.7136866295577,0.8635408699631963,569.4498395887601
19.260347210876475,15.363288890438941,0.7550000275394834,52.11809660020158
2.653345406082251,13.988493367758457,0.7741524215597441,726.939434789895
32.85822311417024,30.101795178714912,0.7249598649900719,685.5629037783438
0.0,54.30502057569039,0.8291841726595526,65.01839318225137
22.690140313307342,57.03582566002293,0.8656598660282394,43.35344150474448
6.166238590671083,58.89614232324484,0.7947336923971297,517.1249059520939
0.386319800857968,50.88376937018639,0.8024307783984329,885.8505371733368
34.529945009170916,48.85745894184953,0.7510578075021899,678.5572829816058
38.91828028917481,35.1160388896699,0.8233272096681449,809.2884767274018
9.773398431906605,36.306108157418464,0.8895156107104782,221.24692572748134
29.788776945959142,52.04183259089152,0.8978779922627916,237.04975531940565
17.062197032840878,38.128516796894466,0.724092936423982,889.7251173964324
24.836465853299124,30.98689996746397,0.8058834031082979,125.0633541487723
22.322102420592568,9.31259289514047,0.8872786831656155,216.5353446830975
23.791824251043373,45.33548579895251,0.8385169006580859,796.9650363855676
17.312593455931967,47.22833871885981,0.7937111282012342,654.8271122105714
35.78905204801016,9.923208766502977,0.8543107233028211,837.8023792420587
3.715795201880774,42.47741366544219,0.9013386894357684,328.5816232770429
35.82599554014935,36.58256692313014,0.7467059362270813,872.0466634103242
0.0,49.19890338357491,0.7206784245254473,630.970311941944
27.925797129281705,29.58312461229792,0.8525280211138114,697.0222419745675
35.70070268604728,17.640511531231695,0.917160382956711,331.47915123286515
26.51680025806922,29.993048144314656,0.8168220532542978,236.70111335326797
7.473571372793969,46.46415030561001,0.8852545625021421,44.98811700780287
0.0,52.69515019077996,0.7215352201353328,858.2742563415628
34.3822346404072,5.080545367392726,0.8516356251091064,309.12734921037713
31.155620820601587,58.61411484220509,0.7570175184963218,417.45180796940747
36.38571765791616,17.732690132031934,0.8611456146482487,934.7117353846012
10.184735573929245,55.086740560383596,0.8980840736415879,470.20088156918354
0.0,30.8267481915517,0.8464798125350912,374.5529682932369
15.492115176827527,31.961496010451757,0.7224671112716117,476.63211739691326
32.446055580707785,59.400961511588804,0.7182940878232228,528.4126263303326
37.24071027583806,6.604111921798889,0.7772965988343742,131.3678756940038
9.055301439045028,9.8913535711903,0.904739594459216,573.9156271690704
0.0,32.86532173203189,0.7420884259110894,149.5742604113622
27.252631024351516,16.190074136996156,0.7548874294299907,108.07531256724036
27.364085154410443,43.84940231673308,0.7749350238876378,773.6896346852952
5.6496491380895995,44.03326830480414,0.8603830561664039,546.306136233429
9.802612598337454,44.69057932389979,0.8665364732245138,300.74056487042753
30.07244609198568,27.017860530285454,0.731472240710278,221.76076385008955
22.067293269622496,54.98734466543085,0.9453002199224976,298.0688341241002
32.788392501205344,23.34451788469026,0.7710298911971999,109.831998443914
25.23267692068673,48.110138046091485,0.9228249758645972,227.1603232567645
32.905217103261165,50.55152674689875,0.9282154693026295,118.96294454421789
28.65572958626585,29.09279416801865,0.8092407881501777,201.18515030236136
31.31575172294088,35.103029158284784,0.8962008862320828,675.7177467466507
3.0409397063211685,47.366548252615566,0.90858400732937,640.2154853189176
11.053451175554383,8.822084825913711,0.752456162852174,676.5198236422848
20.656003448698065,57.495101195001624,0.804139099373369,335.38025355004004
13.65420417050309,33.74705916152272,0.7293446204738246,859.3267338906165
30.330342395167747,24.596212195606604,0.7942237610302285,596.9522193396512
6.038754001790425,29.65838606234032,0.7748050916342883,869.6479451203435
6.466291582182819,32.03718678711451,0.867928015659515,467.55912783024263
5.219848887023523,32.546937000053845,0.764702246481813,486.31026094741065
15.46590276667877,38.26511057643848,0.9056778525231427,499.7621747411319
12.2951143814365,40.294154326917,0.7976864211266466,376.36052011415336
21.94667672242125,15.580030891522206,0.9358588109486151,237.0490392588425
26.69256136790029,7.221083623029755,0.8197149901557498,573.224860946823
0.0,53.83187287076357,0.9480780225106349,986.480153430358
11.725834491790211,57.126700002761716,0.7644426591450384,992.3037726661333
18.579405911894703,47.42745436941433,0.7831265319166396,302.7379050727868
3.562792209141468,32.61767780050411,0.7786795757342205,97.32758809776051
31.520313161853327,54.018633351246955,0.7252364860122891,996.0077423396921
18.340868211343917,47.86640274632193,0.8991681302913217,668.5622455538239
39.37524748735211,47.520958979100726,0.8103381283757943,451.63916776107465
4.9911703761851625,27.924714514348263,0.7102687067358475,640.0926017968857
0.0,31.77515194072535,0.9193318807673398,294.9369099348094
19.96014777223801,34.90649552135589,0.868595862483527,647.0646328978078
39.50729491207475,41.74334993008248,0.826157034912824,917.9127705727227
9.011433269522353,14.797264328718239,0.785076614536062,917.7405510741632
0.0,17.16220554821833,0.7765378784533271,867.1512982260185
13.575900912578152,38.6535935899961,0.8286111570170964,173.89833261908296
7.493859435437322,46.47498413033727,0.8974706781374795,325.8888608332535
31.473417094849626,25.05139709740681,0.8133942143347705,686.837620322003
35.787398044473534,12.53891439295167,0.7219479823633355,108.61758269844361
23.487213008139086,53.777944229207215,0.7362102545260147,401.75978685777625
3.619617494329565,30.418109247638206,0.8819198200581949,614.7607366254433
28.358356260155773,21.440863313319287,0.8225032544588499,374.2971683995842
1.5590151165145993,19.225771281776435,0.8054413487301093,563.3085576767095
21.974644350216632,6.3964408098702,0.8468757525220488,379.34314390867377
0.0,58.99751311452112,0.7075039701834442,547.2594418947949
0.0,50.17455119106726,0.8714161235596523,856.8354681693631
9.839372775016614,59.70569851837716,0.7856870799653631,830.0100032835879
33.61551232869139,38.92688038225747,0.9486432066671666,499.3454509895507
32.00077025036449,41.028351288696996,0.7273450769087462,646.598517974803
28.896423720666025,16.515329144440038,0.7496041034773402,351.95598052853853
9.844195834661804,13.343875325429456,0.8888466098643256,409.1061986543738
32.37200720575691,24.026554161452932,0.825440388833824,698.8823615034948
19.306336246105538,12.919608813135552,0.8975895941732671,307.60934454861547
0.0,59.93283768348633,0.889361051259837,666.1934346275215
24.229732319962785,48.84548871317057,0.735298790646697,604.3014340285687
36.890140937419226,22.641842243843094,0.9366221915162944,808.5348233786817
39.91144088482107,21.122056682469136,0.8928086021897499,484.0234669471436
8.147139443274,11.47464964800368,0.842976898738961,42.823729628189255
9.234019804172744,49.02512777783556,0.9348066279145042,353.25113212878637
18.38199760552219,21.611996715466,0.8935833858257953,992.01728333884
23.360079820248757,52.82424794341383,0.9083486536725881,563.8909850616944
25.64809803006413,42.91964923298613,0.8263992351507283,641.0423823699551
7.9351450280465565,47.69235565057349,0.8916879051211833,126.8878435243023
37.4605635498405,25.47813633804391,0.894069391037242,320.10711759310817
7.056098846428995,10.8259117649981,0.8447158355771345,787.0907435520886
31.038072898963968,27.33949035688952,0.746680527445561,960.96174602296
32.5012533258327,41.647630207782186,0.8577787051436324,535.2459606987386
14.420396861298896,56.581682705358524,0.7526260957206243,984.8662351045485
5.541018814341204,29.514124172968103,0.9085560890270907,521.2394541556644
0.0,32.50439861987725,0.7840859313907063,93.11709718290035
17.76545953014531,7.542544333646786,0.8864738158913277,896.6988210061494
7.214472615052723,48.40353079803097,0.8580416735066301,717.4070086838155
31.673594209141886,6.778827096891955,0.8356534106321266,298.85019749340466
33.814981250358905,7.697231536486784,0.7831364140811086,847.6033544539182
34.4491157465266,54.68777575636141,0.7229318560834928,546.3368393319306
17.643188287819367,14.939484258441373,0.8080730045264644,630.8683182158469
6.067545322117426,30.67759016462802,0.8776321341294138,679.0443008071812
3.2210018198122556,58.90295164740819,0.9439546128037131,715.5631318191363
14.394991159977643,18.04758379215983,0.9006704809838723,222.48196669377182
12.579250269482603,44.73504544987239,0.7269337090819569,568.4267372046645
9.90265350607451,59.5152308982733,0.8868013713381924,279.03862604832256
29.408730630996285,8.994323719264964,0.8269530190295223,665.1523719544072
23.07810146421136,21.163869472421847,0.8115855125605819,625.5901348247764
31.509202087171825,21.472286388597105,0.8947013471565101,267.3389336304795
34.94873127744164,45.82533566149807,0.933288286787998,280.0127491102201
33.31258660904881,7.385006822261487,0.779127556520528,476.75505523401176
20.866397334611705,19.861420530804985,0.8777434452846666,318.2641713468529
24.547632649595013,55.027836946162296,0.9255994138314374,79.43378047611563
34.41967044505261,41.30944649004281,0.7485695546304758,75.44946818680614
15.939177894253998,20.60750146732791,0.7976582803962948,369.5546999802343
31.746978991438834,37.13947913310183,0.792128846393944,377.52171070525844
9.557821087300416,31.053356383506085,0.876115284074426,848.3049145916528
8.312526980684577,32.32539670389024,0.7416546090761907,532.4069722207458
13.728483484442503,18.621455170516523,0.9046659326967665,731.5933156447895
31.349976663353324,17.299371099610003,0.8876980868161264,215.6262779447265
11.767606810186901,38.951192898780846,0.7087886370411491,58.51671211413706
39.92494296099735,14.870573904596364,0.7911591768950077,773.2824483702352
12.601644297380856,6.762533440228053,0.759962151370136,292.8836063930403
2.052594942647651,16.48205398082269,0.7528466390465147,770.2156336962034
24.991354686489398,49.63859499946595,0.7738142206674867,581.6796521333353
13.462530946478836,31.383096692881058,0.9096302127434559,612.9014628342775
2.448237641993105,16.29534266711785,0.7713868051702297,595.44384776349
27.837664619867883,58.67453275991359,0.8143477819324999,905.6526514715285
38.89564727554463,56.97709496194876,0.7556503661324314,884.9518170687888
34.33835627747003,6.5674327660080065,0.7494140786363586,739.5807909368033
23.39762009113413,8.883746836505217,0.782387090268682,313.1144206724198
8.882613331089653,26.42384382772304,0.8119841029992951,939.0195875948073
6.517676626958069,46.038800065818386,0.8674594254530119,503.4138752938161
14.809777585216024,15.618672998102392,0.7730621350560241,815.5516169244348
35.905545746268764,47.77527394057065,0.82118720528789,501.8664021583992
0.0,31.148069567979984,0.7346911677947188,384.00013309961776
1.9850841516862774,25.626765413637926,0.81836065431736,199.4150535231301
8.538816063932387,14.288432889830869,0.7637496406597482,743.8592309502866
20.934729200733262,39.394573079400274,0.7567506954327203,325.6345708107117
0.0,26.851196776278265,0.8785766231533021,722.4622712669063
7.94584778685892,15.315850071382643,0.7850732626683126,666.7061368667369
5.646935596781539,40.915427698958226,0.8206449101137308,529.4495580000892
36.055963527706716,35.68140882015232,0.7794886325333467,558.789777263561
23.248659814030418,40.7279142782477,0.779671634598469,117.35113001281675
13.778381388556483,35.538509835466265,0.8373357922441125,511.80997152788075
20.95331035149287,44.919145892263366,0.8229880975618926,100.45797586152273
2.239268077465264,8.6024793799602,0.9483524067011467,696.8270996615365
6.894286213708046,54.79359503731702,0.8010773275108961,356.33579112359166
0.0,6.249922741564543,0.849769117526515,579.9586203771574
19.429731007717347,38.72440498989475,0.8829347556014125,864.8260927454007
25.578758937276234,32.4343645710862,0.7238979119766853,817.2209751633684
21.870555093779345,49.3188798524682,0.797837607790634,903.7650511670935
18.307484171034538,13.641679073538072,0.9050065955413915,211.25917355061637
18.658254171353594,21.429673718472603,0.9226164122096762,64.61169931554622
19.588069856252307,8.073924166764685,0.8564288280787755,891.5417037406119
14.378183766717227,53.51779993157494,0.8185620349142436,844.0074093680674
4.421795213680383,25.0950810057232,0.8885020387881993,851.9970927832219
0.0,9.773372942143716,0.9481332105934409,317.60457221191405
5.999340982135455,39.967082009898576,0.8382007055590781,185.3053368503885
18.993426755538778,17.8003585370133,0.8016378411706561,422.088030410655
0.0,57.66424986668574,0.7270518416872511,647.8362403281764
12.821622807281043,11.102585018374226,0.7649865193449062,214.73916841013153
34.482638680085245,41.75628184752965,0.8192874523461946,251.78080400086913
31.27106374911105,8.421954669172775,0.9481542395126982,662.9916761738183
19.06148228272623,6.9088816766085035,0.7236055474495051,801.6896585826385
0.0,11.212438587237225,0.7778718702983147,263.7319843340487
21.487075461513204,7.410611342397556,0.7896430778828163,553.7783057797302
18.511107678838016,39.87335669363382,0.8092070179445499,178.57494233137615
8.340393065971883,54.11370880965512,0.7479308836090635,978.3381200193106
0.17997097711787924,16.805282551509112,0.806088443043011,597.3748462845966
15.616727122600805,29.144226071079785,0.7224273077628176,420.9377655311116
0.0,53.05504795929355,0.7302202918346319,904.4359160344455
24.822574236515546,40.00912097658719,0.7902162134907368,795.2070169174883
29.674124461806283,51.17087102169552,0.7292000405372607,235.40621378047666
26.644423389467022,29.9220837619066,0.7805879390215946,590.8453470328101
38.54243742565065,47.322904198546276,0.8693080085724447,53.14317209278553
21.880042722980257,44.86348110304447,0.917406282285862,839.6712893797422
10.514849208202536,21.07191393598151,0.7305919410704158,877.5307791074055
0.0,34.88011702390338,0.9256588671499322,586.4908479797767
14.574701623635113,55.56887524115032,0.857336131382537,480.490763114205
14.962563047955395,49.89320927452656,0.875273233352358,293.6888790478765
26.088663465841503,26.27765387196929,0.7907989802701125,671.7806330669805
33.687952915235535,51.0404038809282,0.7318363471248623,191.92556758914725
1.1250051576234663,16.192081955972128,0.71318344945379,865.605770722616
11.337320417149568,26.028382715056612,0.800766429443204,673.807068026087
0.0,18.39975900383134,0.9018558202956396,738.5897668442997
39.29949685472606,20.699123703039,0.7402271850024776,185.76975504019254
0.0,32.41193512374446,0.7548570678763677,384.30424147873526
0.18722845891893233,10.016092866273253,0.8058820902427504,396.4069721015576
0.0,25.504393742179133,0.7052309661381425,823.4107591602356
0.0,49.507312481020136,0.9041590864053549,443.51355330166996
11.545823051854901,19.27904659024406,0.9082279902626296,115.65868204136055
8.86553585535713,52.966212703012346,0.7965442504089753,683.3561264200666
34.16903296200768,36.27575225404069,0.7566618107984386,894.827095009709
15.978000413591106,54.23521008400046,0.8913471487349509,502.9502375150319
36.377125139926626,28.87427029977025,0.9220410329293149,840.1070903479614
38.88645685231808,17.94800209574259,0.8398348374066106,598.3691885208552
10.320093189464657,35.38555523674885,0.7852649602127451,548.2061410987087
11.188781365410648,59.69869829780632,0.9130288407999069,774.3427759569504
16.48538075764204,7.342664588906743,0.7694754314388046,291.0023778610543
19.174312313911223,21.256285441546705,0.8673279880575278,723.3041469935787
9.351704337728405,50.84476116212804,0.8414764277464752,420.2889603843293
0.0,19.153342086013705,0.7229432536329077,406.374642847174
25.392293819916027,45.36341198276548,0.7290539110728245,445.73076989064793
14.643147600589371,39.637770367290706,0.9034666907379517,752.0704091347882
26.07158969023169,40.53818589204273,0.874656981294107,263.56424759743567
19.854206556653757,24.663580700867705,0.889368183280025,147.57774313703015
0.38352129881335906,31.94891841362473,0.812276721870479,392.3042435224322
23.575259905510766,31.59277184998652,0.8471728601804495,81.92234543268526
17.361239471899662,16.184076264593543,0.8917356997438929,721.1012878109449
25.271303002949562,56.08120962108491,0.7693655712754615,172.5985670188084
0.0,12.344963709821755,0.9413514486338328,658.256430868605
10.949914732211226,12.490969318285698,0.919084609533002,787.7386334283979
28.070726590896317,42.26541996732738,0.7299151593596178,719.1672078825906
21.488169317734158,43.04702327867569,0.8174036750656152,136.3314121992472
0.36341077808140854,8.553907321748826,0.7273356684763951,523.5346736536152
21.45562535712928,41.33064434450887,0.8646429166212237,603.6384281255208
35.95084768980101,22.63752954414125,0.9331775403977214,121.96030230816322
19.473696044995474,42.48278989314101,0.8824950275125345,611.9795881343548
26.857826119213062,57.438962679302826,0.9172049238587654,772.2195265983027
12.394353112361525,16.240983109922137,0.8509967773491971,790.3915410262819
19.900938941130022,55.76574746788482,0.9021168357555527,70.21810338643839
27.803437328968812,12.41708876303925,0.7117929028270211,335.00282132448024
15.30618659368014,21.153050011627954,0.795567467687916,614.1919232777303
0.0,57.96215138082368,0.8276403042257992,285.6529258004792
16.814967484972453,32.077541463746634,0.9157339197553944,620.7080284039287
38.339591077041646,25.814287047528882,0.8080890205076445,193.776379096707
20.724547619071387,12.250900992745384,0.881738776978229,616.9810956760025
31.654950768077086,15.480227727038406,0.9179697968267218,405.5955260868657
23.22455962209534,28.912715930268863,0.7858684525204966,306.4006457758444
31.951688682331415,43.100306801284454,0.8565655651607988,829.8525651722242
18.693477540274188,32.45349234993739,0.891359775549879,623.7770360988916
0.0,44.04627691539538,0.92846102838955,433.06854136597707
31.28262866379883,31.056549662363054,0.8915217256146633,761.890953664258
13.312437864444277,47.48470109410223,0.8682422357864796,214.13953734820257
22.80853847300152,54.256113136134374,0.7721436941688563,393.23627932553956
0.8696292994696833,42.5893292386009,0.834273811519747,222.9566438326893
0.0,34.85539046142784,0.7361563830466138,121.67938531003713
5.789271541596358,18.33393064866799,0.925422847855843,369.1860702416793
0.0,50.033407620795074,0.7847328047568881,652.1958100119662
15.55533134100326,51.567325165319694,0.8014251708731049,847.6113717287637
35.70728422997443,20.498558514907927,0.7957349848005453,591.0339586332851
25.619255537618457,16.762054640243548,0.7723547839231878,454.7593327820017
36.90223383697167,30.31069740572441,0.7371596930327258,235.4449080709131
21.921401646247386,31.876945440751918,0.9160058014939991,184.50155845635499
11.591998239169255,12.469822649482438,0.832219812928843,724.747388003231
2.8961367392692776,39.797792207700155,0.8596717500968045,63.51437486619524
16.65875816999524,34.14749833781553,0.8845736134653055,620.4972870404603
35.67940896602503,34.52846088855123,0.8071692986976906,970.9143706133605
16.992972695898693,13.103387818129736,0.7168436414997406,63.12032397309082
33.23731868729141,27.449674963990578,0.7242844375960216,707.3367035587435
24.7021382368914,6.1897588762617755,0.8994718671799353,191.16501469614593
28.598372590811753,9.86015213933474,0.803654083293591,735.7312669652531
27.33945382418873,26.76679582717835,0.8445129770243268,436.84568705273085
11.52122219845511,41.94953168562358,0.8564661683375498,977.0103635272094
0.0,8.917981237132397,0.8765138001288232,197.10295863538227
11.640082236735024,8.960352096554692,0.8206612441270521,172.16096046497927
32.741263631434265,57.46857733517971,0.8024993532415725,278.7254784559494
13.419301100545178,46.13722357533393,0.9425408835438676,705.9079273244572
9.699407982626118,35.22037091926889,0.9383034924972888,321.9586313166869
2.2646492331765753,49.48940654508445,0.8012568239781819,381.22059732637734
32.96299990453856,25.665221047566842,0.9048038747687528,374.2663710260366
0.0,49.767388445239796,0.8505506261349887,519.5496033879436
27.869302942957347,59.36357395742905,0.7178804114202977,144.2985413858388
34.55099520889239,23.4521636250104,0.7552526544697004,981.8457196454801
0.0,34.020422828206364,0.8183892264867823,385.8209693914521
38.38011190895885,52.66972524567744,0.7754235411250658,940.330608043039
0.0,17.223697499463857,0.8909645333078907,514.1891899140817
12.802438379783583,12.352806009693081,0.8690066639080166,227.5003250092027
2.6432822771747366,32.48125608579903,0.7542088130191024,881.7882508035495
0.0,13.677257786216401,0.8778007097934916,921.7275857192421
15.400897515263656,40.07528768725433,0.7785603526284917,383.6482152862983
34.44884642866385,9.058945198968333,0.8566934307763202,355.56650271627075
0.0,47.887831237250566,0.812313680211073,330.52819807096506
12.69848404328518,28.98021241513089,0.8139966452711124,843.7150333246863
16.844378379118993,43.160707228637364,0.7730732001380954,352.10552709210015
3.6309012858933003,57.8727844548078,0.7571648870761825,257.9166675152524
9.646850674645302,22.051046459062913,0.7065324738701305,829.8309273103735
27.207672883803802,20.289641008678768,0.8750475951361477,704.4882172668432
14.650700765344377,40.238547610902685,0.7646360634343068,190.53107219298911
6.866763394197103,50.6627939059649,0.949424081355595,563.8179840100067
19.876207137936724,47.475980698156114,0.8813295210645566,304.22753623471147
13.203549370316258,23.418273490430753,0.941529677512327,210.11944484817957
17.992664941041237,30.280090816548984,0.8865841446128588,123.60488268083017
15.10905659687707,41.313809775487634,0.7795937731523845,203.7150586190844
38.609684147739095,24.921047045273166,0.7152997419102601,971.471838162381
20.618138961728018,32.45214491630561,0.9275859050846832,438.57353092541587
37.55192708484915,9.356950639444744,0.733232157751468,658.1063775082218
0.0,28.899319480113896,0.8056537511131789,356.79478789099085
0.0,11.570693757934492,0.7476618546312764,452.45365381915394
30.604886292661686,10.951801364102636,0.7704737376902936,564.4350762881979
0.8223045220061568,35.598532428044265,0.754176631526423,842.6872596270706
12.072546476131702,49.480457235730654,0.801775038785024,948.657353070795
5.698567963766723,15.166793839125438,0.8206743910664208,190.88499184102778
0.0,54.74236272141548,0.7078288539324068,818.5716623845442
23.312059889581786,15.111897882339635,0.8262240373807325,978.6862818374195
37.96376972872894,12.866128891860498,0.8349623933358035,942.3601714959494
11.585389742242317,5.319581801004291,0.7771615256775277,591.3287548380289
3.336148957429921,11.074135267415572,0.730321411032095,192.269996056761
23.985579945145584,54.395299667717275,0.798995507607308,356.5891927712653
0.0,27.368851886393024,0.7989466575369115,690.4988077794676
22.170243952682988,21.08198307014813,0.7111657686209952,542.8410493039308
21.5476901512836,20.466989307304118,0.8874359413058335,225.06672043745527
17.668059219117495,23.097709763303747,0.7194715245639443,59.688515664458244
21.592097023493945,45.35268352726244,0.8224606630625626,113.62720311319435
20.499176358880916,49.181330402870486,0.7461228172784519,612.1797429729193
7.437906285042968,11.02881421985013,0.9105483352372595,722.4076517495739
20.788709786093655,35.396610300639104,0.7168331351568608,671.0982591591841
13.683541604537716,37.224474105750794,0.7728218015697372,214.55604077196898
20.300548539849586,18.027150996982254,0.9003564582667651,61.34243855184746
18.131062561812687,47.93717924968994,0.8644886434447592,722.9832153265371
13.195650569776783,54.86975592653382,0.7877437194988463,761.9144687052375
9.295744868043936,31.253249710242898,0.7241846732614498,216.84724487089838
4.472452719518631,45.514766696519544,0.7342698172267157,679.0047578949647
21.3606026153143,27.557286535274624,0.8933855969295613,230.43038891159972
28.235435145438153,13.806344682189952,0.896093435561817,980.0999497589603
22.024586075206372,31.0907572266848,0.9446617241186949,235.436430181304
33.400239853100985,10.244612731387164,0.8326777100073841,267.3423285656373
9.04602617327867,42.56803635136865,0.7586475887204819,264.6848855469925
7.700768420486351,40.05277358189301,0.7955550872704645,501.70423145060914
23.24606505148333,54.31779755713853,0.73513136081998,243.5516426927737
23.98413567262027,17.167232175730152,0.7583720703783252,164.60207678987146
22.4564849388925,41.150718100243836,0.7059059889095038,316.68713830923497
17.701119680601625,31.135520587925384,0.8777809130856186,746.8047871630685
8.754514996328705,7.518511404472747,0.8139985227282303,205.66397287309712
0.0,43.730006726892185,0.8835052158123872,416.83687170674466
29.45483611640394,54.45714153120924,0.8461354786787458,875.6964335858021
14.140705662812223,6.215566880751001,0.8312502292343805,117.21461001191796
38.75844060808463,8.131189497984058,0.7853070047365659,336.4863340758044
20.980704141092257,30.7861872467732,0.8880629816803722,187.36434526278475
5.018504277230841,39.502636482691834,0.7366894610456948,43.96202081103567
4.631277446983028,16.73994323547155,0.7167537438527084,891.5217973395969
34.94333705724509,56.48786185518912,0.8481980668471003,127.42571008749951
8.392730445814653,55.462332919016724,0.9463750258753257,762.9826265055565
18.792628411082152,39.48571303855967,0.9106785256879082,800.9068389165664
29.910455538287707,23.112899053675672,0.7389241313829769,132.26219438365388
30.630139641389793,20.62099978444112,0.8789636416775137,909.3659158204201
38.4694614624639,54.15572571950207,0.8075566346520724,900.3307597458383
0.0,27.458899339436627,0.8711542715497301,529.0263574700765
0.0,36.09755982518946,0.7864471879338502,352.8698279648841
11.025886585774343,25.82460411819828,0.8436616765612587,72.82286096282166
18.344234962593355,50.031678838041636,0.7553514311631937,361.5755901294464
1.8320515774054535,8.635934549286745,0.9089872963679207,838.1120482636592
35.136986999210905,59.92871050931196,0.7541441456707673,722.8827199288309
33.357476682957575,53.27277540725112,0.8591955943369692,440.20231201029435
8.710276855322407,21.343517210360776,0.7066516080499646,645.2285554664398
33.77820361162817,7.088586033112502,0.7621728138785369,389.8286032800639
1.2798375173268444,41.6103116915331,0.7455570056894665,975.7411718337383
8.851277368085517,58.75849511929573,0.7938879300773194,251.39673579254858
9.298111695595493,38.8847395875449,0.7797385672248041,464.58018068633197
11.545628818593517,20.459309035695956,0.8797905824885018,970.6829292927787
7.6485674486705015,56.11734080856405,0.9096006758971324,705.4655275301336
26.049877933405746,23.830709269533973,0.776605882748692,379.95952580271035
0.0,37.87262100590313,0.7906021326938025,343.7442793505167
24.735460721351835,22.980185265001825,0.8868727965641776,760.3700255848138
31.129609304259848,18.62706119467907,0.9007312656373367,971.5247426811529
32.343780060272614,22.12728111325005,0.7092943275891646,969.6922461487
13.424095386856314,59.2815264696795,0.7780418488888602,344.3303048712061
27.058813687295515,19.035684730637787,0.8730822101218925,883.3941978381961
18.59334840928843,13.465237513971926,0.8708268667522967,152.91704335029678
35.87841722978495,40.1468618452174,0.8607275733063172,430.8567514576489
30.427773080176767,54.15380988230805,0.8015034233951887,843.097864886632
13.670187382424691,16.56727745191524,0.7524032027497933,349.5308038613212
0.0,57.24440335572662,0.8867614161823926,214.53717942330508
20.366757865124715,31.82150489856049,0.8006673556600672,507.1717011796199
22.11203948168404,15.243859817913457,0.7406764741178685,586.4040313490644
8.76558042398657,45.79546509656832,0.7862000626645453,523.4672175179309
35.786536643171516,30.45885001301514,0.7977006058548342,456.0476381339615
11.21686840974636,34.20494052745161,0.7066182989909877,394.30519836464003
37.45558640764807,40.56783314576858,0.9472150579911205,875.4027049706849
33.362191864583224,19.302365557306135,0.9359766195756704,559.5297492075629
0.0,32.40520432163591,0.8123071181528121,118.19344192875636
22.741639408569974,26.856979963031954,0.9234638933782084,521.612592359905
0.0,37.62813902189823,0.8013551026162894,378.584409944423
36.170654342206085,49.59246059558188,0.8916657904789236,44.3035891790856
3.3420325200296186,14.644999658996113,0.8239173941973217,500.5691210234787
26.004773553227032,48.44166626171623,0.8079943264359296,846.2227907746246
14.305139381766804,13.378207995387433,0.8240695684837471,965.4551880498434
18.475465493073237,16.024198800780116,0.9165856640100702,553.2282760322199
7.485293005837513,45.35657520873349,0.8575603173800217,408.67768928656125
3.388620835338727,46.18208070575757,0.7716279165284892,736.0922306693823
11.923668029878087,49.91805656197578,0.907485882243478,656.4105866322775
11.014335732078955,48.13631396427892,0.803478046360355,549.9774252452507
38.11920822096995,17.624583208677905,0.808584188428503,133.66455556945905
33.912468673156184,59.21821552913568,0.9369972430767922,511.81502702664784
11.258468175102296,44.203371273162475,0.7505748591255635,916.8337388115281
29.99008176251485,22.656649029147662,0.9432516579042003,622.4759357126147
8.261485822410394,13.86811645977989,0.8183995074693026,397.2560286574447
9.121394465714728,53.27379862038848,0.8637921219199451,588.3600789735744
0.0,18.5682291311163,0.7259002549484203,823.7947668379644
30.783289158516574,8.496629524187162,0.8527025791099307,68.70442957909586
7.541910401274396,29.688025791255576,0.7525949321741433,677.715471167718
0.0,58.43735688405142,0.9055692185931336,404.1945357397166
36.12822670942782,27.33325909955129,0.7613533410858268,473.7747796251652
1.4386939468680182,45.92285513641812,0.7948999036761755,830.5743946427456
19.265242260513446,57.68239280742968,0.8145967860274436,786.1680864482788
26.01394171246695,51.152417136239556,0.7266213573082598,423.9100123174699
15.381043651365454,48.53712143878091,0.9102639876269436,370.085652263955
30.968163970149007,59.532786472334635,0.8892726310399444,491.6953767060969
22.090240959703554,49.35771142018405,0.7212407099041573,764.2367607050833
0.8983378157677212,18.79577700821092,0.8145147630926508,862.4210813304243
5.85270864337399,42.745174060854524,0.8868920615904452,488.0801752527743
27.418557486959127,18.004535897800995,0.9224729906867459,474.9202267262137
33.1607444533474,25.893131310818543,0.8913548188933978,225.5917572085258
0.0,12.197312294073308,0.9375966432573611,859.4261037523902
39.16541474121396,34.235920766546414,0.8879939840085569,892.6646928982731
27.15273962843091,16.37573518587766,0.8991444279648952,131.03965562211272
0.6811689847101405,52.79447108553574,0.7873796392887367,105.25919943112527
4.722483149144437,8.437606535902741,0.8440184623060174,767.4252841806598
31.690781085272963,40.68734337642316,0.8954764981039449,824.1748320687147
37.603075130378045,42.21000831466853,0.8688222124466756,699.1901072579284
34.740409327236485,25.221327175293396,0.9006342686191431,152.9581161916795
36.8452467131357,55.78057543755552,0.8004405411604556,85.16355564692577
0.0,32.92500162860029,0.7957824468881047,447.01338005059995
14.675315216074015,55.97169747970098,0.8387704045294794,323.1689735380867
27.87191107090076,28.71428868669369,0.8597022260722131,200.51836315260078
0.0,51.27635071859626,0.9418846562068146,303.8587183086886
23.887998287009793,32.96410417908056,0.8218118156743184,326.82626104594885
36.61897036370818,7.563556347903498,0.8388106417203799,976.907621671395
11.06045048959667,9.216863617655997,0.7232340068933893,66.24413861025471
2.411117819597477,18.73451640196762,0.7325758267308576,137.33019670300823
24.610865461703096,30.079778099245562,0.7600423795361924,391.7291666830699
28.499196249375924,30.283298828109565,0.75950555459582,844.1652644563238
10.877463653852072,56.73326657255547,0.8302007019961837,163.0334690553703
24.753547188076425,21.656092742237128,0.901479965758615,418.3410072331923
3.2859897506359226,24.07146994164477,0.94842431669939,904.9894482002862
34.00627597606326,32.92805304400755,0.7912318547653603,586.5982887716867
39.6517083224933,7.818487582174118,0.9103743291491824,516.9281122944205
8.076557813875919,46.03393117133258,0.9137506014953156,218.24223341008297
0.0,35.82521983478631,0.8156048373339537,714.8284943117461
18.24845169480352,49.93721624298352,0.8658869104189145,869.81377230089
7.063041950873163,12.044398777684847,0.9488381161589502,388.554106881161
22.337798671393237,36.49560066259745,0.9175673739781477,160.4637071515137
6.802998035513185,58.36518178462525,0.7064442740568838,386.82503730221674
3.2472818654491737,51.59514809028204,0.7006768112877079,878.0992033677277
0.0,31.724332223371736,0.7007191885711913,78.7849724823727
4.831018055920918,54.72126080653988,0.7591113868047278,855.0022911444942
1.4177523540108679,20.16325967258493,0.9318424865373949,363.8452798901005
21.32284222337876,34.815078707417165,0.9246322396148638,794.9011193832775
0.8592834092545848,56.26312992926842,0.947082469269671,535.3823226503706
38.989691545631985,16.418714672726576,0.9291155790484346,891.8632127014524
14.125288055807587,51.79717078178432,0.825616357852163,740.1196058681107
34.87725337902106,48.75221721713979,0.7509498837084274,444.6412841503618
37.81134742741311,32.582047285472676,0.7904579652846201,635.4659806389807
0.0,53.90999126933963,0.8819696994551318,493.1568856347996
3.3782923388969626,59.54716365267277,0.8074215841690567,985.9306462287371
9.709702488192619,12.828373322521555,0.8924759697365273,790.3298671256747
4.446158742411736,41.685653255581265,0.7134734310563062,986.2053616967124
0.0,25.99397441425032,0.8535020528965579,834.017904503475
18.798478802291097,25.566638788450927,0.7115249296394902,572.879947003514
38.364997054750816,51.62173932583412,0.8267389757632708,941.9452579144701
29.044896016568014,24.290468021654345,0.7023991709766211,794.5958909179128
24.026532922595248,24.888616889086684,0.9032521147378515,248.8273333401728
0.0,22.650325801698248,0.809249709581747,272.8005561189884
9.827247474451898,48.088100617641196,0.7335233483971942,77.57671560213964
23.325678929264715,25.43440629693968,0.8287206359169192,394.09943761766317
33.03730279568063,18.556837200459206,0.9104036002476434,888.980583962173
28.209911364416726,11.588458823189708,0.71175193852162,337.66093221920255
35.47089750315477,41.365699726311405,0.7010984762406978,113.67381306565967
13.408567223944162,51.19011595822855,0.8610402274914397,400.5151945652385
2.6654122883987874,39.95519138503341,0.8585047313735787,561.0651279653704
30.98072159086729,16.482112398153326,0.7123752155433603,543.8127485090843
8.800976069775125,25.65098469149011,0.7496888613595413,205.44052987662812
37.985968558738264,58.91333663311246,0.8689280955798675,374.51473398058477
18.50659805263721,21.190577480408564,0.9085507594831099,259.2887965024257
21.589149012899725,46.5826233534694,0.8085284295142587,343.4406314239452
37.35453239712846,52.58842231603504,0.821472228296013,250.95393340995113
38.65134956056588,43.1712518973536,0.9006640432158151,584.8221881700605
7.5960143171483185,54.218700925029296,0.8766367783274026,902.4525574619499
26.130128919235826,27.200714771521437,0.8994010345265405,41.788023421900355
0.7976791793664957,29.35876475656932,0.79864256701456,760.8946350704243
39.29058647832696,14.11970717368122,0.8364924168119945,237.68942383407966
37.51703850379468,47.431817168527736,0.7362543024129345,54.983124233217175
5.225032490351005,55.298305472932185,0.8793987797518525,687.6750805487156
13.128351197620491,23.675198016821895,0.8424293616983514,600.7541811584363
30.96337725499422,39.494787292014564,0.9391743872661803,583.3914792153882
38.12233914732178,58.216821915821896,0.7086538811158094,982.512708666187
19.412137122147204,47.58762542847042,0.7960971307894316,450.25488524910884
10.345651529357033,26.10648230870692,0.7819755146164675,512.1410800738039
23.22266779701655,48.32351004156184,0.9317514037401877,567.7693232591894
18.000363362755376,27.96943265449323,0.7214320801948672,626.4067087537913
0.0,18.717729783096598,0.7220843837292252,412.05544999649453
1.0152479928473275,17.905116651897377,0.836547352234036,296.8753455169227
10.763886320277116,12.872613883306208,0.8744328535660856,370.9026403826796
27.139930583202766,10.99059081193927,0.7978167088501827,767.0670057805386
1.225835324463526,7.473958744155233,0.9185862058821676,899.5486177728187
36.66891377841889,23.15285022829839,0.7479353271066788,489.33281481519174
8.415758399264679,23.544591628125705,0.8574193068224387,941.9524781687876
33.09503473265539,13.569353864490202,0.7646314766180164,704.6461364900352
0.0,17.81686367131404,0.7844156768852955,103.52923000559677
31.924883748675757,14.562103283936992,0.7345302545187258,183.94470475493907
18.723792065307382,32.72800192957956,0.8015601560577696,724.7838757899198
11.027404814683136,41.75472628317204,0.7878655297383316,986.4764615697806
0.0,6.1425963070501775,0.8043705517578692,943.1497607924747
19.335799396755096,57.16826632163033,0.80012364340516,267.7024104868551
23.716834733458214,31.32003187071723,0.8609856419065623,947.4526474960275
17.24899809981161,55.834798688531215,0.772823238040069,967.4027308843483
0.0,49.04459516521535,0.866154813180192,867.5425133966623
9.474680164577093,9.175287841025423,0.726858510463873,111.63941843712699
5.932361998009704,49.750149569402836,0.7906158491018884,424.43297089328394
1.789028603061254,45.7600514989231,0.8529522288406424,851.5149610654938
11.694888100328354,41.514766949919554,0.8316775428547181,741.2522533532015
24.52491653503896,24.664371030385816,0.8462745030899108,91.65215160421366
19.190530724154033,41.36149645379706,0.8538455157420859,842.3148598627656
17.391224181978256,52.16679826554296,0.742984592237021,405.362573678913
33.51619067006125,47.01541853312648,0.8893540621389531,651.0970098334047
33.447042515735234,47.73606697728716,0.9163891786089321,790.7033235844935
12.80835598040834,34.58041645013722,0.897696893697439,643.1900478414874
2.166492587745087,25.83084556483439,0.9208456710563284,514.0025714343767
2.4027725700735756,20.891202008652687,0.7594409109403033,720.9454348272143
37.362193380535686,49.252163166134075,0.7923471779047655,198.0084166608441
34.15274810117412,10.623876187779,0.8456561576584318,213.04753054138249
13.017404938162983,33.83629330515606,0.8968794203835495,922.903902934092
36.34004251942391,16.474231048141114,0.702351402333651,871.5997883685185
3.9872818629774134,50.98091329309751,0.9453265609581988,67.9806463194047
39.783319728456775,38.79565894957425,0.8227922959102703,74.505886746344
31.965484392210637,28.04551849775032,0.8022928584191121,352.21609838750675
37.73831248654108,15.845406662152229,0.7873653432661551,966.1339248748841
4.885421080823752,17.488972486093207,0.8153415322870526,754.7297050866239
7.7628247268903054,28.103202856201012,0.8488391692753496,719.2645236165752
20.30407494752284,34.563679480331345,0.8927527849488117,539.4424274184472
20.200654341601265,49.198337346173936,0.8029391540944042,414.56658621951885
24.784945896607883,20.952968722867606,0.9170551854911358,434.68753292610864
14.822785309708973,17.33877656723276,0.7190650767695796,551.9904857869521
8.01720606001776,14.19271828329752,0.7186240701516634,120.88213184742929
35.32357720193091,39.73883941847872,0.9422459107432929,494.55135774115763
7.067324873723674,26.410369446141218,0.8611205685169199,263.4364421857434
13.37982408991064,8.782934246176952,0.7002505201486726,499.04884669442924
12.020348202465396,13.647745937823101,0.7043819858232732,988.7820857627255
30.510692360986955,27.51464321625206,0.7959760341956787,733.7535783804841
5.723357690208669,57.49624364172802,0.9124122175002481,346.64166149710246
0.5241423624994599,19.363083495423048,0.725861208772596,419.3466129797867
36.224459413619286,43.324432952450536,0.7941345874084482,482.7448134919264
13.76215637689616,53.59410872457515,0.9292508084049782,835.8514876622481
0.0,45.57978876526034,0.7448183197733388,448.13704210372714
22.960153209729544,5.463536963375441,0.8778763638300109,379.80781115412645
34.49846436682467,8.813237502376959,0.8078201253782706,699.1712343257394
15.387408738739298,5.309347795471266,0.7060685323244528,544.8815140239312
11.231274776938742,36.20026097331735,0.7266030438363897,445.6602537080173
0.0,52.86565314228345,0.7426988672395151,751.0771882098104
38.857662132850436,17.409984020893877,0.8223924071026658,551.4132087223944
14.680414110167932,5.656691425710875,0.834528665790426,676.5044201378546
29.838882004434467,43.67327237416559,0.867706235536438,130.92036276321483
23.556279073506122,30.501947283212854,0.8477526482105553,991.320718282928
11.24065815451105,34.40027666842825,0.8267076614921124,291.81978104278096
0.0,14.887265632668651,0.872943585381489,489.7841083624944
25.621635295587154,10.094834940758819,0.8642053892532853,187.63145225452877
1.46354054740432,36.36821804886336,0.9327863312563086,364.5872548134469
35.17719910022764,19.450206141044287,0.7879136911670087,189.61200559781406
10.100332671788887,52.510145469803895,0.7716148767560266,582.3012461906992
13.339206452537548,38.38507170065494,0.8024762138036314,243.18538565789115
7.371824342739882,51.77838976985051,0.7360086455825403,853.4503746529153
0.0,26.65187117647571,0.8609090998733165,292.4876688537612
35.001573109836414,21.29357844253777,0.8422025312457865,614.377733431974
3.088122600170176,51.8907145923896,0.8710777635743279,910.1965806752182
2.492223595838586,52.81328634192148,0.8840639650466597,317.67427762990565
37.27887810704072,19.27283056274677,0.732661219378884,721.0531314054874
36.28718911574944,27.605040538530513,0.8367254222745293,397.60303491313226
20.58025202109109,53.645055539145694,0.8176108681730002,270.6822639640901
1.3262492578796765,6.065977721232495,0.9196689289037221,941.1802388175627
0.0,55.465836407071805,0.7416733359953732,762.6539241781701
8.201235454387705,24.594789635085714,0.7975456417189025,730.5325778975078
36.64875397746306,37.94518466089976,0.8255568451214392,501.66410759843
36.54874616609737,19.0805499541836,0.9182942569325148,530.7278929010647
1.2908501114587507,58.911577654985706,0.7436656117277276,191.29282533359714
29.895517446690636,29.820559396523837,0.7338954294910194,333.25584120743673
11.288361366538762,44.51466384695925,0.8808200122071486,835.6869211284219
32.520886705103266,18.401836316811902,0.7959413458809632,519.0167060357535
18.672865856763917,30.99012363259099,0.7827636118526343,102.03320835732012
30.325774336317615,50.297741274282785,0.9124684111329285,584.2979593138406
17.74144217016187,44.77674829682224,0.7531334605077163,984.6127189073115
0.0,11.108391972104156,0.8328337990224894,349.2357135915929
13.337099638960423,20.40852400294059,0.9097406007280316,897.7459735506227
25.421341786789384,36.69282562073208,0.7517828822539869,460.76478787778774
39.49416619774035,12.196459310408887,0.9161919699148472,61.02971766945494
15.49123299128535,55.22050576663277,0.8741759250861794,85.02750812552006
28.713678965709942,48.338959816477455,0.7239731773235075,800.7367379792596
10.184418469028698,40.15870694287208,0.7301343490238026,942.4479337226566
28.516017163613522,46.6765095933835,0.8307929385597779,82.14304469232164
39.2390027504355,20.751820788987672,0.8945221772017795,230.44210096101176
7.080605523214934,26.109949729508163,0.8371424101747804,181.11065859166814
24.923308466263496,53.31913214462349,0.7682663228463151,94.24741770106212
1.3537190311002583,50.8357455848068,0.8814148090325881,105.83050528908277
0.0,13.773587166008342,0.7014749237335707,572.6938554297985
16.811488755056075,17.351054853010954,0.8098393673815381,714.9701809616204
20.358464345534298,57.96449514024428,0.7765907025316348,904.591319447759
36.29221337453043,39.77336661819673,0.7635055652186888,509.28411316652677
9.72697757919735,48.26973474522535,0.91970263324697,543.3221348107139
39.12523325709145,9.6777691647015,0.8011942852667443,301.3801945060323
23.649282931977346,28.37110300960751,0.8675956298386789,417.9230789920205
4.304294343587976,36.8280996536007,0.8965453725883709,998.6497525052828
34.012102507013914,33.42936898481347,0.8324117143397984,94.72783284685704
23.384667321681196,19.10207514594413,0.8029612304046512,967.2049650356798
0.0,10.980643509333838,0.8693636198071985,830.585445428566
16.097413589209335,46.589164193004436,0.7308674506626769,59.02421500777546
0.0,46.15352718059677,0.9029552695308097,819.9447654006108
4.882008306010905,44.28778376048114,0.9408734843146299,794.8272241397264
0.0,29.92242918573732,0.9269077153032893,503.33560502374047
39.98276361377875,46.545442694896316,0.7199580566701026,807.951388000835
1.4715326457299829,41.57074998343354,0.8631557240968439,379.6319997157401
5.365751028498978,11.242427613701816,0.8040430998468375,590.0239395656906
18.59779490986367,15.537932847988852,0.8920801154584566,338.25015052835386
0.0,52.815592187500535,0.821863731827988,908.8555013886902
1.612387077495239,37.64332369553169,0.8418843306779717,331.8984293816356
32.39723932931062,24.593090873190228,0.7746635605413199,91.34368210064068
13.595148932780752,54.661953524590885,0.911695092018881,305.097407949604
31.367863021349443,40.13757160736033,0.8711069872990026,684.2493024982539
14.297210652518727,5.634975095508824,0.7048410461931546,126.10011749004748
39.40852400714244,17.765142540211613,0.891450101670844,495.4013485141768
28.812292171794066,25.33922099197278,0.8538471315513245,254.70573827078525
14.61863317980937,30.948544666986656,0.8096791585807108,818.263643586909
4.585757861116,27.444134730420657,0.7816206004938047,676.8284176404258
5.1883400363022485,52.20887773622215,0.8751441439963615,714.7268724142359
37.658669849959175,43.15259720397242,0.8633438266890663,985.1530766218754
26.260500830486777,14.577250326312381,0.9296909165082133,461.9696908591183
36.240939142624434,24.48525236704296,0.854563770111082,576.3458881933495
35.24029246663638,30.38921448718622,0.8617623789074981,180.32572270711907
34.99034019177334,25.70059661282387,0.7508740360484142,845.2586178070778
23.449147490665425,12.117539491191174,0.7447906304120901,503.57981426737047
16.528207645068285,43.115823303094054,0.7439645447009694,41.4807601570752
7.805689053249678,54.386679220817705,0.9435726188959777,724.5106665837862
28.562194964989526,7.681154195677981,0.751929435940011,570.9208165235702
26.77745170235714,21.78534248531186,0.8545859673635168,857.8197796394822
19.39400551585554,56.16322133949885,0.8827961288958863,270.69431440226435
18.53680319099594,9.925184085948468,0.833932331552328,975.857052532046
3.3373958080368196,30.626091956678,0.9216121312936071,420.888564744905
20.94825279497206,18.961904940246686,0.9132383333414987,279.82067966303026
26.41241166525219,57.16909676738127,0.7895525446485274,485.36836643260256
27.619319299809977,11.830090394763943,0.795407188623207,819.668092366248
1.878831158486309,54.28938534697353,0.7151000536203216,220.4530036438591
33.954628737941306,51.39932385317249,0.8302984327639482,407.46652507550954
20.105309174007285,10.95806388869372,0.8150114690511208,48.22723661617076
31.31061491960633,26.886802561005275,0.7822824709599913,55.9278979003275
39.72741114988258,57.05025725171432,0.921041809327843,385.5821253891453
1.0024249809729011,32.419614992461696,0.9217740735947264,85.66096717587226
17.08498081212494,59.61082266353396,0.9356408896652144,268.89906780247367
14.54272068249807,50.78339001026518,0.8390559560939631,111.14916051643104
0.0,34.98704519818197,0.7037930905388217,802.3364997048549
37.77445258787888,8.57118334048436,0.7300419087775857,782.9571699440374
7.461535871697458,30.24167925521984,0.7450094772247978,264.88807612446664
27.092460610483393,9.14579384411078,0.8227356866921864,895.6556653588427
1.8074251271820474,13.410955597615537,0.9306802978386073,745.5458025666883
35.12726332790282,26.19913443432338,0.8986756019087656,521.5626862166355
32.0957272359984,48.75443627601476,0.7131047065837066,613.8264034998449
27.00662621320766,38.93218796732169,0.7210428653692798,587.0972627438263
31.38720069558452,13.71117043323408,0.8163311212869094,373.54558160272677
38.952558890954904,47.09011106894913,0.7504063668213014,382.68960897870534
10.658598728329352,19.835528038168743,0.827373367161129,242.21316179808102
22.93494747375321,23.291548464434538,0.796097236642537,991.7478567469426
38.3082420494337,15.603367840253433,0.9325124628007544,799.8702649426391
26.79324102404839,11.532309359953546,0.9145679522830674,423.45854317109365
33.531320667310446,53.00423549840052,0.8294937520064118,857.5103670437421
32.588295265456885,51.17351025000772,0.7745256654683366,901.656848237487
13.729199998223567,55.03653822480558,0.8166962924981035,871.8698123626629
21.502122948926978,18.996433758492124,0.7170439695809329,906.8485390530033
36.80401751279028,12.549126765262793,0.7978071727592263,742.4112219044947
25.30122305462719,47.397782895304104,0.904915320924994,794.5029216105506
5.8384759120118925,47.70766672698048,0.7671415772041286,961.735063475128
15.779945079881028,52.521076786447146,0.9390041012666421,64.82573580985786
8.89357840041947,10.047287198940749,0.7308421908480529,888.5114427494012
2.8632764200502714,43.48456533964909,0.7391388372503354,757.9018376800082
0.0,56.57714003337836,0.7147870616362415,61.59035180942421
19.77694330759437,51.902728799818945,0.7779585299013781,709.002686017191
19.7836077116064,39.2155734417793,0.9393682222243133,601.09616920382
8.157968045918064,43.458285281007605,0.9024651759857781,125.79241073396688
35.19480558213812,18.774601960888432,0.8694333018105382,786.3123476952509
23.828015417340442,43.7898014032345,0.7378269537986203,763.794747410206
0.0,23.438585682064975,0.7311693995687272,294.60291074138877
31.38370372326793,40.5490550421363,0.8134759173646008,42.7405783678795
5.406946166933078,46.69473532780368,0.7753300773462539,345.39554362439964
19.83219725490356,55.51708403836918,0.7045342233490172,381.04218922059613
11.807805500453712,40.36664709788745,0.7177074958459548,235.71239863768454
33.62303577096058,13.284967069585894,0.7894532405584309,115.19360722807093
0.0,16.377787227710545,0.7199672788908457,938.4826158994183
16.127403280905508,17.014543619322133,0.7337537902183177,148.00183402123807
19.49587869946352,12.303784077248435,0.889447530739003,558.8927072211436
19.25115489491747,6.113224292338067,0.7096061234518951,276.37452004381777
38.95800396120539,33.36233307038072,0.7946132460773915,545.7352876487582
16.05529353727698,40.110906930737016,0.7494455184571072,439.8069876357858
25.09883364568259,42.40288663672373,0.9271989591564588,125.19735213823346
3.890547186197726,16.5132025058569,0.8300155242544095,685.1232119014982
17.204352539547713,39.37471181672709,0.7936772103756581,308.29164368392617
3.7997630555530537,49.810268527322165,0.8971193865269774,90.73226867354798
2.8213725343431073,39.514010918760754,0.8133852055114935,592.908094193418
3.3616906632873484,25.278241848242438,0.9408112974499758,151.79162625593193
33.153549691324635,41.68804202413791,0.7801029501373651,333.00119813196255
2.9400427239155786,17.967443554657777,0.948035832657063,197.80393773400962
12.642893276336554,7.060522397213726,0.7084588689875009,699.1600876661354
10.505951244621393,50.23537176129823,0.8907267696843199,763.2246491273486
0.0,41.69154500190391,0.7183027005620849,393.7893339750047
12.58019257694797,38.51290826890975,0.7607108865086369,802.1138227031405
38.02332568607873,31.25134633960828,0.7698836118476426,697.9827688280802
8.664198114196216,36.57603919108034,0.8420894486301086,885.8543362497976
39.16548742748621,48.832320515335965,0.7933494825262892,264.56682185996505
2.8107189812688924,33.083656419318494,0.7947853554027029,114.2460416961206
19.43615464469847,19.093544662222108,0.7469846366330872,943.971981357173
20.683139712105014,9.164109161545698,0.7428825572704508,420.65584418979074
37.935219542994126,16.403158210362008,0.7395989397210926,132.53967330981365
38.95034889802102,46.03666804626254,0.8840829401980732,304.5580689460736
0.1947498592961589,18.4529217158839,0.9312580402755427,222.52174496900906
7.651946278847379,25.90988412923186,0.7345182813162068,398.40818330093293
27.911868591380316,5.724990112522008,0.7024033830905795,460.2952543606309
0.0,5.568285511977205,0.7834427598593325,930.9433545164884
11.414468185145322,26.052886313149244,0.710509828858559,44.85622855809421
32.917445416500996,49.511946765803444,0.7573357301735922,556.461702273141
7.497445123210447,52.35324469019666,0.8427951354607761,799.4549857082039
20.304390699450124,46.50688157508925,0.9450265455474218,223.41815391749725
7.481380533152903,38.76419527349151,0.8551973139116724,718.7696069954172
35.19674311010322,24.5987821194411,0.8482648732042292,827.8374366599892
1.2949359233611788,44.643527156194985,0.7274076691831429,842.920114689485
1.3725057740546185,54.5881652697768,0.9322030940293462,994.3069340466545
37.3378708853758,34.27605079117894,0.8514785805497728,215.16820968390587
8.272659181637746,43.6877334467626,0.7025907253168457,884.156926908389
26.737260617984365,50.44471134172893,0.9350217570298155,209.193598838912
0.0,27.90576447011949,0.8968839945601775,86.33674587642155
14.214958262609795,51.46912366676706,0.9396097855770377,363.9631550857372
27.27856547233325,8.686985997484062,0.7222023898432547,46.423872305795335
24.839557255372682,15.001385097709257,0.9367991853848586,84.8561559079283
39.62906651071411,45.37995406622207,0.8911868469814128,94.77738164641359
1.729652768140675,49.24798134843738,0.8763645350862936,671.2123372293021
0.0,11.428182662556917,0.8469632624130629,842.4216691225777
0.0,12.19118506024118,0.8155314459080569,733.5870326010161
6.068662017088438,56.655720602799065,0.7362387048663878,501.28317048030743
7.7038549338190725,36.59839950556954,0.8572999485402942,616.0655629752729
15.566629625896333,53.161414166491326,0.7590469990785769,503.08392584882534
32.649821099703914,36.57766572518851,0.8406724064329297,995.5940731000162
33.305786949577346,34.84179297603214,0.8267762311943015,425.2528662998558
26.59077747736758,31.241915684440784,0.7036660732251551,341.27331402674366
14.863943690940513,48.24855763000531,0.7170096655272491,915.550451878844
12.165743800818088,17.118208786537313,0.8161134048200691,553.1295543008184
15.595637221573908,10.881262046767796,0.74047909035072,205.57386039664954
15.966182851422177,36.76334692581578,0.8259574488640411,141.3002253343617
0.0,39.73124791998022,0.921281308623725,578.7432483308141
9.338597408767741,27.934504799823316,0.8276024392090323,628.3130919368873
16.46181838738328,43.53443225688864,0.7812983516881757,697.8212970029022
14.717438827479112,51.77691014614923,0.7718043627061495,218.26833596939144
26.61795432101597,32.00058977057743,0.8833828864813692,648.4069898464597
1.5270201035207482,27.18526379148896,0.8592979700998213,566.4671849464918
0.0,24.77630188756418,0.7462285154364416,156.8927418900746
16.706675014885548,32.40802218671325,0.8814075584590133,484.09766174322027
21.763194508393603,28.13129191770936,0.8669106880598556,201.2507605388803
20.42210006481172,41.635295878384355,0.8654009524994056,143.49564944284865
9.481069126345163,58.15780364802961,0.8111077448763948,735.3492651055936
26.515732182200416,42.230129329037624,0.8728953203188947,240.1849443878645
37.63234370600441,46.05405587397132,0.8055305198359567,212.03222978471086
11.036059733575444,6.3120453867607385,0.9318802810537367,683.5180929908196
0.0,53.799533829247096,0.9272348425358392,703.4463755998006
20.97364336528311,42.720972672216,0.7280759565949566,159.47041915791647
23.00520680927717,48.14034990554789,0.7354955800816356,677.9102443483162
35.24583610027698,57.93907761039623,0.7730560076096328,592.021244577239
11.91262420632239,34.17690847245155,0.7480656951497461,281.59337930527
21.57292298485962,41.88921599537957,0.935722620328939,75.57116361468289
37.89547286262808,10.697159156483325,0.7090288030451607,103.24738225035236
14.89860914636609,15.938350728360625,0.9392287159749974,187.78668207916002
9.974074926348838,52.17268261686298,0.869572815854843,221.9511375962439
8.262800222773162,40.862910650965105,0.7770221444748231,673.1685401760568
19.493576162946272,58.18683233049329,0.883175333007648,647.3935196396227
19.231000764364808,5.956720002733057,0.7436817715428083,905.298928858091
26.96960958102043,19.482964519809087,0.8174319782122611,749.0465426850416
14.570750063939032,12.698701414352346,0.7337873820983787,195.41025938595135
24.165640497651204,29.884887509110236,0.8233462693659901,370.4078257241641
15.692022344362028,53.45668448111615,0.877421697477867,833.1653608293132
39.428297272480805,51.152740589810634,0.709192222720726,842.3091288389008
23.434618594979334,28.194317966819337,0.729549322524818,635.2387935762081
0.723630885289314,29.82715895355678,0.9051111197268513,327.61438405716723
28.344472181774258,39.668933254603296,0.7884676911173651,77.18518429699706
6.227399153030022,23.029711274090175,0.7266860994769558,297.4989522482082
5.745751623322571,16.269999242756963,0.9174984187968611,993.2587788390497
12.59908756036222,8.997403686617732,0.7424651519097129,926.1722620482863
6.286950424265735,55.26589606022177,0.819909412819768,432.56099353789904
6.3681826929474985,19.190305596689623,0.885715090126386,287.4312605064897
25.45224738215955,21.086166718109382,0.7028919701325352,117.99056142940859
30.760120040023317,37.48924782017611,0.8196199616873465,144.26555603976155
8.941282728100424,52.07120331251933,0.8696809924298017,83.14773316133163
1.8327876418650184,17.666955699600077,0.7579103784183622,789.4770512869534
