region_means,region_thetas,region_zero_probs,region_lengths
31.80365788241138,41.04348777779371,0.8430368678978664,397.7757141939329
19.099910287467747,11.428255426423377,0.7810298832708785,378.39170182366945
16.937439794261877,12.559910627513636,0.8818059753536245,934.1601833866517
11.62210504583352,25.125459653643414,0.8374747267101006,87.92465323384981
29.197064887690075,30.595665292304695,0.7613082711800337,552.9922813089448
7.097685583537675,53.55485972813851,0.8432498886562716,756.2909580058435
32.29693527245594,41.62551492561777,0.9057422242356545,951.5513047213516
4.244042496816,34.27224806728499,0.8268678456975173,345.43202553874903
27.94867364479077,18.82482776641449,0.8300175218977854,625.1830885626539
6.638375331086836,49.11370951691074,0.8867863552537597,106.33839087012592
34.06941674033765,56.359476176310864,0.9180670584673417,462.2380130415361
7.993866611483258,26.072931991870323,0.73584732644601,985.8431688833189
27.646730303235646,59.38345840902313,0.7114225577812363,430.4549284937985
8.23511768909942,25.85780475508223,0.7636745217356339,338.68041538578603
31.423517333696026,48.69537152724775,0.7807271711117572,918.9851948585808
8.796282803568465,8.201317504423256,0.8625473584419452,569.0496105538363
15.081146127322915,51.09613677569209,0.8928738753985717,398.89886061367184
3.806507215606242,48.69832815471615,0.883812044045128,406.74764270591305
8.475375380357656,33.76632577792948,0.7988035597320278,77.60195796449636
2.546280154398019,5.905647869287674,0.8811372208695785,624.5551587696272
16.489980738423508,55.23177891166183,0.8094723647935255,123.35065671600283
12.558902538927326,17.511739736478578,0.8538743211960494,249.4915159814123
13.516295555762236,12.330597816520259,0.882112437029223,428.72781795783976
38.94956484281192,17.28088157363955,0.8133201076102025,842.643729900072
15.247728152065008,23.988913213531415,0.75205574149642,110.90848287888988
21.453804241149413,29.633597582672586,0.8305136902185499,118.90716200969311
0.0,38.1044019637928,0.8925019859343003,552.1224112051117
21.8806656035773,50.086365585212654,0.7364404263328831,293.12226788984526
38.45464685476095,51.900055412426,0.9268179916377406,356.62591631798045
15.96855862148599,53.90041923756044,0.8964938583334329,813.0355142186833
7.885692507594905,59.444342675926,0.7021220964178531,213.32789958288782
4.870087699438043,24.19748006570712,0.8952377584862529,412.090576431669
34.31463777881893,18.02137719389655,0.8888188917664688,594.7903744400346
15.271722274244253,31.29405784288837,0.9416485521986286,909.3961667501653
17.131317763450642,24.98013161750802,0.908753639041449,160.044817971508
28.26702649411716,39.627296847922736,0.708519839824206,236.98679013922344
22.38084512289305,16.36728970055124,0.9100237763516222,723.9403964637959
30.444203302176707,56.03206308376093,0.7529187056711832,277.63954538750374
0.0,25.709108283440425,0.7572791026786825,252.82056757936817
11.51349990454401,44.99762936901219,0.7487874641550203,803.1460021554341
38.28114836433799,53.78839338297231,0.9001878552011329,727.580503865616
4.511734981779673,48.35032486835733,0.7347858695739243,537.6084462227723
12.50805348958385,23.837165959908766,0.8466994524781042,297.7055371388179
30.32711857921827,20.733872925035584,0.9177536622817339,881.9329545319997
25.232228025895587,10.53178596067841,0.808717286365769,844.9371692623968
1.7195921070936284,34.861806363579156,0.9243478374637947,488.97331434512245
15.605902145037858,42.75544342790977,0.8840832658224622,113.97556417961181
18.850496528729003,5.6422139742815025,0.8055779286336537,83.4102664945739
26.760905199691077,49.91328152847231,0.7526112957526198,743.0590867388274
0.4463579052331127,33.00054748860003,0.9318868570197839,508.66210036256695
36.711733858944804,46.28457312880897,0.8111726820079793,622.4476114036368
38.90592485883427,58.08662386120031,0.9241481970820979,540.6734186557039
38.20150554615833,30.430012022355562,0.919801957606093,972.8688902148259
10.934684110825632,9.214337425165834,0.8885702391113823,60.87964395086864
0.0,57.757067241108196,0.8202899387725221,628.794176270587
23.440259889140677,15.189344704514264,0.7029549261357264,829.4194305875953
17.911789984781645,39.705305981278876,0.9355272733750601,410.0792551400847
6.071081186079251,31.79771282847919,0.7344731226259977,452.6538118333184
12.189938758867926,45.02899563215796,0.7067821803028445,742.3377548948339
27.1472960313269,18.49602569713398,0.7846453630071517,865.2921901152379
35.273285617145135,15.639256327809006,0.8810278441216783,411.05855912066966
27.196913564179813,11.58424633704987,0.7190107295437712,906.8590199270142
23.339333785158825,59.08443125040366,0.730127777030959,741.6016347678454
9.933304001330752,54.94814856482252,0.8508752094347197,523.0085117448544
32.21950318521568,49.99807059198067,0.7414999417222863,949.9592209480655
9.23148969106587,20.027986787154788,0.9432919286238309,446.11287083832076
8.258872098152604,5.259255541680993,0.8254334341226551,166.99206946210387
20.709585487731342,50.718166742064284,0.7172547242810325,911.0109767274348
0.0,26.32631625634493,0.7706356942989792,401.5999980239122
28.922010969795977,58.785104158301834,0.7396927863855859,988.0704805904875
28.14169247203456,44.82011772907453,0.7105271339715593,455.08603861378003
12.378644013199404,56.70681495821467,0.9138225264436208,148.88967132313587
32.77847675806741,29.291560851271978,0.9466204274545278,331.08365320155053
13.407269437529036,8.175065775752639,0.8235813319577319,967.3835990195837
34.957192511165964,5.040852249478357,0.8508638172886288,273.1328012235951
0.0,30.198566315668234,0.8532106556040718,425.25537240243
16.589736722680257,48.40260599332216,0.7474642724240059,580.7233069426168
25.58927251677842,34.4974190109714,0.9449409823358943,112.65060177526152
31.509403813536593,47.8821655108094,0.7667914519860899,561.3678844499273
39.441001998691895,56.95274421687923,0.7433532362388036,736.608739886431
35.01277052113454,33.51798629980655,0.756594185160497,741.9717835291311
0.0,34.13515341433678,0.9054899473977562,93.55169163304592
30.16813942939957,58.17605710489978,0.9036284019738909,150.664014326359
31.52521668255297,6.244015312651156,0.9061619840927647,947.8502246655236
32.23489623881659,29.93722611346201,0.7168523421018852,68.67924402594618
37.70777893063879,42.79832187926165,0.908500410529452,927.1279326995801
13.037214284984834,17.668636502121238,0.9153470445770029,884.2850744900898
39.14941408662196,37.29737266307554,0.7746194220258329,54.98581019949654
12.654259769424442,14.994571551385224,0.8884601041938647,650.7560130672182
0.5672389781492629,14.40865593391803,0.7285023123697711,805.6693960179772
23.762201265417474,56.76138960215351,0.8016342497392768,923.4877877281251
0.0,14.525423356983476,0.945879961270848,567.6214850562237
20.47751841158737,6.485615372545169,0.7575986881231557,643.0258577895239
35.401030187183046,21.20048971462939,0.9000881134449437,226.76195565472057
7.986618547577516,15.869495234074499,0.7889804325926426,935.2675673982815
38.78140487602191,17.48353454259714,0.8116496174315798,231.05192089949938
33.087902236350416,31.017510084511326,0.8240059991852524,718.8834322722666
32.121957321848996,19.966429343414983,0.7254417415059017,927.2307780557462
23.606139634919767,36.094421642665395,0.8510939675369499,398.3256421128682
6.235527770423877,11.071298373486375,0.7987054946164209,79.09308639996655
36.165704404327556,56.58285699928794,0.7424219668296287,559.0314976499301
30.52923759241696,57.717411284174815,0.9125738761312184,346.0877494043621
30.737266686825137,27.4804181190127,0.9417996801630748,851.3416545319336
16.893873710289974,39.89455117785977,0.7873115231313393,845.6325620145335
14.673202832086877,54.59333151995296,0.8369033118551239,284.7304007703593
30.44685812997476,49.573746775717346,0.8792625962181521,980.3951767390737
4.986330477800717,52.7263892657495,0.7525392615792721,812.3331030099737
38.61740517031987,44.10689286922866,0.8724118777497539,713.3254825283068
24.35429780513324,21.171524312364337,0.8891829327677592,643.0487007311738
35.661640684245896,32.89624487690172,0.7919730562675887,323.8251004949991
0.0,22.133458161236774,0.7727338509947176,568.334398518776
34.567288829731744,54.302188673890555,0.7159826464547048,895.6790138800694
11.022524063295522,35.04814604702118,0.8053593348235154,72.32261387276822
38.84804893245199,28.729831112699014,0.7943948367950903,960.0348593488494
37.373186380137646,37.565830758557595,0.8942727343801756,312.1935456246063
32.72319442284748,55.21183056332741,0.7519239469122062,206.4633778400355
13.840772707184328,21.740452510911023,0.7027459821897654,54.44841521604225
33.38481661235488,35.121792309956454,0.8250078648544332,235.51516215741745
22.669634970304028,36.495210274870395,0.7493249674291007,880.3030416366834
37.389467425377674,56.57686297256545,0.7988414441101346,840.9197003829993
12.825999242429656,13.99172674887377,0.7771061492897046,212.44930794004466
25.685282267894923,11.253932207499227,0.7831067768733179,332.5809522972884
36.803156106741966,40.53024129256311,0.8297162505209589,207.7781073421546
22.541494509024613,27.042104023179526,0.8277301224771552,790.1850527888643
24.40886662283443,24.25056136562498,0.8104582445588908,643.3093589736472
22.18988256338876,49.37907857064591,0.9160921662169311,265.47225566080346
3.4685584067787687,22.48173958894469,0.9280940368103034,119.37843657850249
34.605295785747856,19.92310087449558,0.907010779981385,471.50960156982944
7.35606109403423,46.61765694929598,0.7466020514513694,99.116451739988
20.074854016576726,27.82357931458246,0.8701801573677289,422.1167685298044
2.6725386439495953,30.06036215253622,0.7421588025459143,770.8839816687378
15.327104637167123,36.265887765866005,0.8052126643839581,158.64188965735255
32.640469234681966,57.29419875610203,0.8195942631854997,821.9818335033699
13.053208234191034,32.7353737204336,0.8875524700599094,442.2521768859084
30.492474092266846,21.56899969624818,0.8801392760368877,575.7240691434951
6.457720461701893,59.29712519022493,0.7991301715245176,398.4196070229904
9.805641235808874,10.74321374715784,0.7169325177889694,191.6869549232803
28.07479455421885,13.03400002755227,0.8003550051263353,981.5814113858019
12.342155240237124,14.34617433613121,0.8837041870277075,357.67034785488556
0.0,55.79240913745936,0.8886506937548505,741.7981572876153
14.456006467209557,41.2141072271821,0.880540775333493,397.3608976914196
8.522439654503778,7.639956163357177,0.8448388510137834,489.08555221470385
28.63372602114877,53.21626118731142,0.7197778929779135,729.8322056702827
35.74784411181428,6.3122005603513305,0.9488756061669239,919.090587097171
32.63594744691237,51.6327965369976,0.8695689647492825,185.4164541365945
10.867163039510181,38.282144732107156,0.9271079388258467,63.1024500706415
19.974082723379233,29.920279350894276,0.8339858002829384,315.89549085917986
5.078081103467938,18.302061993579148,0.8175617364078911,946.0830972039331
11.34147469835662,28.844810499178237,0.8239336211800152,339.70025452424215
0.0,54.83858726317058,0.9026081545235718,295.3357167326061
33.797725854218584,9.980934196770296,0.860306964949397,185.67524757617673
10.260878563720881,56.862277600313725,0.7225287965950872,171.4287971564483
27.49552864384117,57.353952822757826,0.7677754287528998,911.7125611691675
35.269536933740426,24.887638587795625,0.7412855736044354,857.0135208456089
0.0,10.535748648384605,0.7198205317645443,468.5343348524307
18.121303260009228,7.760175791453249,0.7687359133728006,942.4186950166995
26.445854229111085,33.52023227510167,0.8916176830464506,302.4515804230862
6.047494978806798,22.131090126547544,0.9469663423130548,112.17133791162038
27.8924099025133,31.95907678157094,0.8666190825811584,640.4987923384372
0.0,43.08452175677311,0.8778790850145939,395.9470209707108
14.430542311492255,59.765507239324414,0.8851663869014846,813.4355913118975
11.138723249048986,13.763357972383936,0.8791300200501689,704.997058066979
33.19561869937611,24.660930927807435,0.7304393127529407,148.60213955784837
32.44499927125155,45.15043150101108,0.7471486923665553,489.8548739708098
20.795558158354158,41.76836264476566,0.7469274017449656,402.53542391364846
0.0,10.767638783134336,0.9112324000512161,260.2512640087565
5.248422719014595,6.60762737189925,0.8536140958513798,968.2683715428934
15.298746198933445,50.01216617447492,0.8523444539079253,587.4802013937749
9.063535548147248,6.442090087069857,0.8657102641440222,275.29974546005525
37.25801978391647,29.525181261406956,0.8227989513541799,809.1867367321272
4.792147010134705,31.544428833386974,0.8815002314010802,199.4739302721203
0.0,50.14480979470507,0.728803519054653,628.1971082071018
8.406200253615163,41.05662250588756,0.8039028750493992,295.5072160533221
12.92553965030291,36.4160916858144,0.9356391610360956,79.81270554292202
24.69729551238089,54.26813137438618,0.7591809645439419,415.8780183009768
4.563750024882247,25.380945064209893,0.7335194158362952,275.6361942679283
5.892458991683751,13.16968761216789,0.7183084905219583,517.7265501402727
11.702239901990952,40.88422609829495,0.8466930696871509,260.1660995834066
13.584329800723669,41.23038516629815,0.9098984603453143,60.61995609708877
30.248370821481934,40.759027547628015,0.7392503301718834,828.8260648943244
5.24477828825267,11.214398239141815,0.8505538086666267,332.4803850693103
36.35270843071149,47.54022442616034,0.9205254793349232,958.525965404174
25.74437351840985,58.4878763894876,0.8342251478559051,303.53488236373715
19.1072008253901,14.445989065669878,0.8754618317532469,487.64209399309317
6.786670871633506,5.963522244888324,0.7763986828773257,916.8333335398213
3.880824440061496,54.12390061644812,0.885930633532841,499.6682899171594
30.4954926152143,7.777130126268123,0.751545876761201,919.0556102517284
20.072783357957007,15.121262189362941,0.8429474703255475,843.8526498463019
27.90063605239843,26.560811540835452,0.8890058599834368,329.6289838657129
26.67823574011911,18.123589056720647,0.9100850901856289,416.54267333626296
14.047442982179101,39.043347111413674,0.8191537300115475,601.175751161352
13.904337559959716,53.793829185100925,0.9042022068643979,840.5515473089765
37.27185292109049,24.442151843912367,0.9324372879736194,631.0287509256465
12.40538246228119,14.096903293683201,0.8813228183003343,164.24959689195543
8.810927263096206,29.18752203569019,0.7449808274252865,370.73672921603236
26.26031726691828,56.15046986352556,0.9245491080908059,538.1705339799262
8.744004096617683,50.33366794312825,0.871574437900558,197.5740180159986
16.261988782279545,12.123306943302065,0.8459422756973795,282.08146771183056
27.55452149764033,11.400488636264262,0.8943080770293705,945.274115553925
0.0,42.607462453627896,0.7962299213324356,190.34479703686574
27.11711779470077,15.753067064941714,0.9312790458554985,972.2327352244434
25.70157117649758,11.317478637941758,0.8459969734904117,260.9579555291497
14.693876267366653,14.714405597821289,0.7864759887865271,409.0877462663812
0.0,30.129827740664968,0.8931819516974762,422.8712528159706
12.916134728514702,56.65898321455357,0.9117577129341242,621.3334524303848
7.9736404789213635,23.571640321132175,0.7168109275327326,647.6586966785412
4.435187916483082,41.214468276616834,0.9342131476142981,150.54426799365305
18.818167295547404,23.040048970344078,0.915780599464042,634.6526619075572
0.36421964867707,28.194013444862538,0.7455371586339083,49.35012592719051
22.883479242720107,11.392532092580169,0.7815756598606073,749.6441397436241
36.63542803345575,37.44710578051456,0.8363917769578632,94.55373122392797
10.741157868771147,9.396471517555316,0.7942019996254692,171.46862041962203
34.773533469760864,9.192195551239651,0.8047631191969916,813.5573866758202
23.77708349349299,59.17867360034371,0.9169479655990767,282.14018759760415
0.0,49.597241682798746,0.7160907752369049,895.004667484145
14.331240747046392,6.1858567317710875,0.8265312918524279,802.7084320851885
36.05633336854511,14.309184135741072,0.8067021902193573,299.1598742340387
9.50222216403444,52.887185477292626,0.7441378065333525,663.7094160497145
1.4836038467154056,13.49243631932123,0.7260833035589513,472.7679439439917
23.789458571458315,7.009345710248151,0.9106341342278248,827.8860042875891
31.84785530201676,5.349287582021081,0.7404970212900915,96.48856465621779
17.165672079566228,10.943083540504935,0.8891831716225582,757.7935408151228
0.0,39.882053921856716,0.7717698502112156,378.4154614654118
0.0,37.02189220609295,0.8211524321681886,244.86330188513577
8.171934485741687,24.283822286881747,0.7452017089808606,649.8517144067266
6.827236417026555,41.65049555253335,0.801795127637664,699.8256311858331
13.614076724690069,29.212424388379194,0.7255900401901061,844.4032827585977
0.0,44.13451273553387,0.9221785445848387,358.58259406743593
29.788837455182332,57.73393041222254,0.9482936669555138,43.73738110089622
25.71003628870702,50.596982153187106,0.8090643893301659,358.5349851748879
29.30579595743884,23.971944031431363,0.802341853484032,199.38727592250487
3.7461730372765234,26.23302376025146,0.7761543265211291,379.87954059565175
16.04481746886651,23.505953426683767,0.7713310063405324,769.7849610165566
22.07825483108461,28.5318812437006,0.8240004518416595,378.2267223711623
33.23201929625359,19.584353487211253,0.7833356675021942,947.8644461685269
0.0,42.990864856901425,0.8182541188134398,428.4303935990055
1.193661703895745,10.014391070206381,0.9287353992992103,84.13244902389494
6.321600079968186,50.38782363630539,0.7511302638421127,252.1075750791343
5.487310523979907,40.55481101195004,0.8918577030395692,642.3328525135416
36.41404236944009,37.68250553157195,0.8910902048090432,967.5664125537004
6.727925902346346,42.40523552325986,0.8109579471509012,724.0990926175782
31.503231021802044,14.234098946823702,0.8927362442108953,454.5152517435224
0.0,46.816205385505484,0.8007705887564194,291.5306873801639
16.859269426314523,48.17877636690746,0.7186405498489166,507.6428577837864
15.202585465793884,57.80343203873451,0.7278825678693851,163.07615671083335
0.0,48.82392344400436,0.9024906414416822,895.609889331665
29.95071742971344,48.137239111250786,0.8726261858593917,106.91256914827048
29.96822510915539,27.107916999530023,0.7804166402630826,471.47288980723454
3.047735553048712,41.394135320689685,0.8961680108059766,188.33680715872543
5.263432265253701,51.852937049301275,0.8614082813090977,810.8150244541248
36.07158936927958,43.20538945194419,0.7118575521002044,478.66739422547255
7.806797480086956,12.410457134414997,0.7451819682961205,863.0640201218946
16.34252497775333,26.089271851926465,0.7568372989214041,128.8148573217717
13.051322321908948,42.644246767085846,0.8129155510901247,976.7657745164828
3.349455236855109,10.7413785116931,0.729936233393291,116.03858398026514
9.070920446346008,25.204447134325864,0.9430914870655889,669.6309313799346
7.611381869638867,26.21037826706477,0.7748217350960204,281.1618119796518
15.447914461062954,54.21997055270405,0.8087008505922582,449.78649523851414
37.35126398810587,35.27622362667439,0.7526814831716764,50.406835267144956
2.5167297046278754,48.9851603641784,0.7967618485331049,891.7123468282907
29.214413642051436,50.60697134514952,0.8269473714933618,974.1974212635389
35.506513163982426,54.76763800304141,0.8405494287511459,783.1511271095684
0.0,35.84640033571223,0.7842479341540431,176.30578128134633
0.32857477932369095,41.86604634608379,0.7928285009154772,222.1416624762022
16.554212412117458,21.875691107667485,0.875448375544182,573.0421603663892
14.18485439164164,23.222095466716727,0.712328025107904,144.586813258027
12.35209401642767,45.87393864107194,0.8554034293530739,451.41629845956527
13.152088118924077,41.127295909230625,0.7343010781993963,915.3801735417871
16.33617804597158,13.040751293246325,0.9276343088631573,398.43171941905695
10.755964916402476,16.18100112869242,0.727950912442841,584.4142757726897
36.320194907570475,17.511881437337795,0.7940576181531759,371.84526091933293
21.26091335344163,48.551612211582515,0.7930065392715693,260.77474255568444
2.055690213377167,9.679372449093272,0.8562197413541295,786.171845836316
23.537273291273866,58.507878614920834,0.8541415007328284,283.87754468950345
8.33697283569096,11.625239783473166,0.9124750711627991,382.217081268492
9.566246126458394,30.105560107067454,0.8746045002138529,234.63553048465369
8.183857668638337,18.432745832699727,0.7087408206432287,198.50740461928098
17.794832266871946,5.9463627073482295,0.8078467328249419,781.3890347106301
22.444399438279117,59.97421067508592,0.7368486474302173,752.8176757169156
16.263891936667193,29.43167504750572,0.8365264346534543,697.0132628050344
25.7863087730196,59.57343645593431,0.8479375247561863,793.1680032035671
20.854523909699164,10.271317149262634,0.7484807180168015,436.61546484393756
0.0,52.04269570128849,0.8233523129860373,674.8285070180348
20.471027772470993,15.684134100583538,0.7282929406228918,293.5097909396159
20.351712072832193,15.763838214103309,0.8990965211266712,805.9611452287002
2.5257147572098426,49.509249555132044,0.8860381202067422,178.5999389477392
26.59529831552075,41.39458497775653,0.8303401794121721,455.7824010945692
34.035392463615274,23.48794335781706,0.8568024960732485,461.91316220620854
4.680033739652775,33.03802441992006,0.8806184437707807,785.139130056696
34.23070067067835,17.89013799008786,0.8630280281824575,466.4848489642341
34.3332680034008,32.907125658959394,0.714261940149474,966.5493033812658
13.79931945081785,12.392670321104337,0.8980005817796014,417.93496576845337
0.0,8.607692995006452,0.8584274061386297,123.76056420611815
23.66076857507794,46.14106982166608,0.8095119626585178,346.19289846164656
32.37181034335666,45.56513951470235,0.8259923358799003,703.5419131556416
38.12124230038086,47.78324008468126,0.9237469338052104,123.8756619920079
1.174084742610221,43.38707043386508,0.718292779744789,857.4793694527536
5.3624030364492645,9.134506620018888,0.7858795029357579,940.0288293274557
38.09383054499759,59.2238041767242,0.700022867289618,61.38121934800285
39.57324858460493,38.40202877009976,0.9396729387530112,611.7581832320168
0.0,29.376496827829122,0.7580233056338194,697.0412399022904
1.2536146261105328,55.11495006899272,0.9406035635963443,746.7572890681554
33.7532794545172,52.379885115864774,0.8389072428183156,823.6694052064132
0.13319477223768714,31.089279683636722,0.7280545634677406,521.0415673195056
14.35202792764624,46.80603112970071,0.7040279902314329,690.9254019596151
16.43396487776048,18.316961140029193,0.7612551197329845,198.5302143553939
16.97186458608157,27.509246664686163,0.9024261886785487,658.9785385894254
9.01546383002053,38.9970350111344,0.8354630234001252,672.2960423693704
11.217627395924906,39.845053240771065,0.8601962507231506,751.1254079619566
7.797527406980558,40.16760699794432,0.8590168852256889,142.76238895518955
12.124914155065742,53.91709514801012,0.8791307251997946,536.6939343429297
29.03236541332858,53.840232190542785,0.8146684752639228,980.5644684558303
22.20086874093837,41.236261381778625,0.7654087816256474,882.9021379698379
0.0,33.83928396977424,0.7572989656882556,733.8965377451442
30.43164198547276,10.121010777089456,0.8426542959161849,868.7340427676677
7.757490528526483,54.29326016677822,0.9309192806913036,742.700415823134
0.0,57.21987546434404,0.9382762371725542,401.7117632436883
20.324083007947994,42.734685316847305,0.8049785084073531,378.1445349578578
14.519626033113822,59.618068160813586,0.8159302981812515,590.1725783684982
0.0,57.43828503148952,0.8215276818225092,966.9358544967596
8.997690699046043,15.320253771906481,0.9290758174263279,614.9292959717909
14.49848097377549,25.645679479793305,0.7160295882611866,500.0335819184557
9.130299380309046,22.114672382010237,0.8437316192741252,405.7876189040504
20.101344216769323,53.40581020012754,0.7967781834802892,481.81617586914365
13.494002562180032,28.58870206379167,0.7386120160725208,867.9083248294968
0.0,9.492688282660863,0.8759865336051462,782.6736364307744
31.1533222667296,11.383221326152203,0.7543609645896117,589.134252197492
36.913444324766886,7.000238775689931,0.7047128685811282,656.4503409424717
27.964245648448287,14.692683770747474,0.7373304936659666,940.307407221413
24.060478063901943,14.588110842428044,0.8281287535919268,186.60464856764858
11.159391823620783,16.95983959389631,0.7626889723485011,779.8666922188786
35.84418369937674,33.8263382553781,0.7654936714200158,303.9749414247027
39.375343620361,29.197764438677986,0.8657342558138543,334.182506644623
0.0,26.80145008271802,0.8107421627816843,859.3915283649233
12.49790760597857,20.130565021005058,0.8030067166018726,271.155805434151
15.311259568948074,20.877356562335823,0.7350876545426555,788.0477278740688
38.32081536956788,53.35387320836741,0.8709975937212436,403.71091866994465
11.819243646101036,47.00057257954757,0.938832058732388,370.82132422970386
0.0,54.822566525047925,0.748458327112492,811.9601170626879
0.0,8.890436329608447,0.8938497730161182,573.931566222977
24.051819460404314,8.828030151740908,0.8543895155665697,780.9648962139257
0.0,53.461799320302354,0.9116744693556211,521.0620989915024
35.56607363339792,25.736116275107488,0.8152271065797151,303.4348741039525
11.076751219010992,41.72496185269213,0.9473020763267528,146.55599762585322
25.92026656543378,44.16216248781042,0.7754915049704657,880.4202520526545
17.76329738519196,41.4981779597584,0.8589068721820885,563.9820697117033
10.121578124972189,26.543391324633696,0.9031016274741923,537.6390726582551
29.265414243012398,23.565889400872955,0.8143597146327994,785.5049893295078
0.0,32.94760052925955,0.8108360267164161,979.0904159667605
18.432944743154657,30.448273375523964,0.759038321027382,498.25443294706594
29.57163293626881,49.72244176779635,0.7475913296448514,184.88393816282755
30.49573318458051,19.628657634029295,0.7573789003565439,431.62142420075907
37.65805125225038,33.90863433319503,0.9415358930483516,677.2692004306555
9.327734356927023,10.58366007323537,0.7212214937100695,78.85167653849453
0.0,50.0413183196036,0.9302632838695736,262.371922670937
13.084873755113124,43.64001207222915,0.7912767326807806,691.9765515609986
1.1921131122824589,7.40716645942146,0.8889395872887429,381.80292697278037
28.35401446036225,50.90703684981924,0.7234608265848411,520.8159967154892
29.677691725728454,37.24304182505933,0.8286597754285698,492.21702240659215
14.38712621128052,19.874581184196412,0.7421738059692607,749.462200077403
26.59035815987209,57.94311437863823,0.8074846425597022,370.559407671408
11.321507789322876,26.442430557703545,0.7678437171179169,368.2450450042748
20.95932825363884,8.825223088740655,0.8030093307029215,926.6470694822392
14.03400086229301,52.80654463161498,0.8737765909705664,163.02547149550165
18.632010600697548,18.41200773610064,0.8900754392198005,589.5833742291614
31.635119628118144,10.225308391197004,0.7785247942664081,160.52671257655072
25.207968268767722,46.64329555142253,0.928767681634729,756.5862147315646
22.927697476017197,59.181805769864354,0.9250355661462349,646.6007932848161
31.93204866075271,12.499762836711,0.828165769876667,674.1743479921686
0.0,7.152616347153184,0.7118173183561146,438.2791580383343
35.226940107390476,6.23717213236057,0.9495833432795034,666.3394910021038
21.182236957166257,14.312571010902701,0.8258576187135368,447.25484457763054
2.6416806149165435,53.316321869237704,0.8168045682707847,876.4375271557595
7.301237093922671,48.33254408993914,0.7521738251588093,339.46268830032045
39.140883416419435,43.56249494509936,0.9088938908714176,817.8084990676198
29.88810163545119,34.165150171976656,0.8308726288900757,97.7333249398557
28.762568315614725,31.863908594863588,0.8300023882870191,870.6276111287638
9.766729183451835,23.04544795682674,0.745899237554955,373.30183877905245
12.742409850933488,41.09827404435761,0.7379795043350823,492.0320668924452
15.307428573218495,24.748619772787652,0.7986029003335936,335.9356917765913
19.764185204355368,14.970287906969382,0.8852906862978543,397.526962205175
3.0585883379626706,40.46190986415334,0.8360434454831847,637.3068255010974
35.84814053686096,46.48389456458246,0.7967029974926585,299.9839632549281
39.08995697630799,34.32233172003606,0.806711577439766,157.64866089534746
33.260201136785994,57.10713957951,0.8393273737536925,128.51856310654202
32.921967137503906,50.26964259463207,0.7812572129756165,866.1920166108555
18.288258556903113,57.73934629749571,0.9344086871589792,531.6739961501929
15.882749435079225,17.712640125818925,0.7842011231764143,717.0510303084882
22.64330431704652,48.59298299318839,0.940875415563261,956.1687414544579
31.091197858190128,50.431603642183944,0.854372954182596,220.4869658437163
36.83062095624091,59.06542831106842,0.8682709112591416,979.2629997532309
33.66554336344955,58.67795852573504,0.874940237582399,560.6598525126664
5.313511701161742,16.03696041836976,0.7846955922085805,514.413874663386
36.73409323988217,51.31576819270649,0.7175248929000744,283.2759150528776
28.6588581661109,50.323874469061515,0.7098109195780272,336.94471901897845
6.470281436706729,26.44892157925747,0.9280145039344843,788.1380159364601
31.811983513908835,8.136972233594092,0.8100226031911595,770.493506063009
13.999664861041497,6.156407237827519,0.9383680560259666,372.8117747873312
22.411568531601734,49.18496504812285,0.7635280832563602,427.67400379034774
8.696672023514164,56.65190166536939,0.8508918577220964,325.0371127505456
19.912958754908082,21.989975347280968,0.8379315754733747,888.6636022458083
28.641617671721683,7.630651188420826,0.7574887650455235,132.2821005918999
3.7675512867423793,34.30085869290675,0.857831032579536,848.3426253162735
30.664143890508164,9.550831510361697,0.8092799045755218,627.1138387607056
16.860051399041602,49.43468188639863,0.7904992624124239,873.7393830846389
35.67560707727225,38.21680353834467,0.7309208991624426,118.17468998325279
31.408856645595456,36.61465309111812,0.909465532151593,342.549358383423
0.0,24.83125267718104,0.743266751870513,780.763207429705
20.028528026200057,32.14062096959502,0.9033879739514508,502.69052626134237
12.757281786795014,9.28286209155598,0.7593047415785761,932.8750679602452
13.555025378394257,47.84918544075444,0.7053043254017579,816.6277425631314
29.889590705667874,55.638577413723574,0.859517950048455,456.8295006709211
26.01250242841656,52.38531561321065,0.7996952365676426,65.15287009413925
15.639550179743772,40.12368961342854,0.8067576280740814,996.0496155984117
37.11633456644576,6.945375515371302,0.7692577803095487,797.2500591572925
3.6067924979226116,22.79684995199008,0.9332822619052705,706.7283230548178
4.031893203279986,15.048867421170753,0.7150481786894818,98.76298059795926
18.622542905061387,45.95480196475771,0.7620828201671792,975.6340151776876
30.666611400850275,11.065708260708044,0.8667107018500522,428.0444721067543
3.2272970679842268,24.47964542989456,0.8985560481653257,708.5944926510075
7.220617070836701,56.515950989635876,0.7355069012300298,149.45364619457476
37.622330936181335,31.03765530866958,0.8016902542613742,430.17540457509466
30.88529524208092,44.321589446063115,0.7290885129076371,895.8342993962721
7.545433177378847,39.098039489581026,0.7589168365907838,929.1962992798387
15.359287406564176,33.65732575193155,0.7126488757284102,464.4438862841149
19.006081021675033,46.78372876304625,0.8441255365248403,498.7478847065037
33.271006153334184,13.296915092579184,0.7555252960701488,841.384204976381
30.458853110912244,53.63091628367966,0.7553573952792797,505.37245297344106
15.2634169725614,27.22656979132416,0.8237260920971591,594.902803421847
7.656711571091142,52.65848186703576,0.7464954406652301,992.2196711261873
27.262667209037055,29.202287964623505,0.7570225010640682,277.8512548436664
5.321969655899233,19.70492226212301,0.7144837481226913,817.5045640597838
24.012908805856824,5.9614081948085484,0.8275285728210873,534.5651642077513
34.34138034819144,9.62662786919577,0.8919912574882578,737.4608506898041
36.624235825207116,25.72480867920722,0.8446789232978889,297.24698056483066
14.60837923013233,51.61789780644918,0.9100960040700603,497.25095026772385
35.989049442314325,52.42675085607189,0.8133256607505304,396.09472106734955
24.378913877849108,43.763228510465176,0.8437607775803495,634.1641960157216
21.723518148353342,50.077137869692436,0.8853210341784933,50.966628533277856
32.712786301908935,46.797036948849076,0.7237835541753322,989.1939919163979
8.803811628169282,6.692885768310031,0.812471463283831,451.27861270099805
36.23280286116411,15.063565654015308,0.7724315554082172,962.087717396829
6.138019117340307,5.513106751492478,0.8433833142779767,757.4675499925941
13.160212263401814,29.301473525345184,0.8176344710952077,243.40296255709654
26.95721058099914,11.155877750677638,0.7207490322530743,587.3614491421596
13.685828092710251,29.99459580406935,0.9474816070066459,119.36786076966516
36.82189705828768,52.69481305521369,0.8280092682509727,153.146940895531
27.43564570767159,45.49262896302901,0.7200585589478267,907.9237252868907
8.941800863918711,13.64348550323705,0.8239837191783681,616.2300182214615
37.66515233974934,7.776927574832942,0.7544707883653441,450.6399484414824
36.15762843177501,32.568925741036324,0.7883800613232455,555.9955616612689
13.602066624600754,48.994112141449435,0.7137012597010152,368.7164926120352
4.292235905959506,38.40440549012058,0.7251569462033566,816.6515586575254
11.401491823851456,21.561745255613364,0.7919803810567436,438.0148663744292
32.586880505691724,45.89209612308555,0.8538271729410938,315.297820801391
0.0,33.31996879921588,0.8634652949220545,474.6817744885527
9.719130616305927,22.944983483730347,0.7018891233079654,429.56656551322834
0.0,10.799422647693971,0.8882006266829823,908.0069324016775
32.69123826883878,46.280816321084615,0.8310857509284818,55.25903592361967
8.860646346549728,17.877086912273946,0.8483831477786066,664.981309761807
0.0,5.093480186194646,0.8383809650740217,742.3319961848114
38.02619622843426,32.134745904184626,0.7883858190179108,782.9944702073291
39.0898770704773,19.69535960705234,0.7841040971889889,922.4344307525805
20.498360471022533,15.3417006965896,0.939030958546089,390.81741654075176
13.274845941433776,26.59691271999175,0.7297933067566174,850.1721029548319
3.861084616460475,56.21047307769372,0.8815374325348655,917.355018766167
32.03512025268726,47.91516586401217,0.94680239842821,459.096851767389
0.0,15.272610005283974,0.8790471568046576,346.97266631265427
5.11974334756381,47.74463305202261,0.7910406503831378,605.5750834555671
19.12114277596336,46.350332027663555,0.7195536279446694,382.0491955729619
9.64761865113545,29.188322256945643,0.9061011110765498,556.8974720573917
15.591715196095796,12.746398805305189,0.8212936773650222,961.3304057403132
12.535283561408326,36.73387734703581,0.7787589321341726,576.7904849799121
19.996797670047126,7.781413273831223,0.8742387142951131,888.3871765993136
23.8897315559502,19.481933920561794,0.880704656742071,484.75750767594894
32.1189069498176,5.440002620871371,0.9486206587690916,655.604395165372
0.0,48.57435169539708,0.7960419320200621,160.9101307308052
33.25914769361494,58.01353441829555,0.808802774337916,894.8989989600954
26.11347337375942,31.472499090265,0.8554144721227458,730.6289265004077
32.72189578487807,26.71566701596292,0.7143769352515525,506.4385652945465
4.922457520531564,7.055299410644493,0.7522503365038098,540.1685693750874
7.116715005959393,49.70249815845987,0.7308496296152744,718.0808988761142
14.063630395047078,42.78425868913937,0.7107610130421352,701.0784767649283
25.77020820776422,12.421064770691142,0.9468910109150327,882.4402160093553
0.0,12.902537068250718,0.8937547559160894,632.7521958917492
12.203784890492857,39.54397994257016,0.8465114816610557,494.6947409780892
0.0,13.340874343467826,0.9081025205127322,692.59958203652
38.47406300458912,37.70916191684197,0.867086315925529,534.083144815269
19.431350977315514,48.948575558264686,0.7729925741002319,238.2693153024407
0.0,12.914990111643455,0.9309487934410665,697.855593008143
5.237909892674614,32.50278073214079,0.8314302134931253,109.64543695704623
20.349175557931787,54.12387072442255,0.7430389983021426,846.241708693835
19.124257906068607,30.128728346258846,0.7035616882548924,552.3043757532214
11.611618077816882,41.5509066870083,0.8965636855224415,995.4203867390369
0.7512630006391908,48.84620387787119,0.7584588257094899,159.34504124215903
36.832988483735804,16.198040367038846,0.9389203877213214,559.6176657905213
29.31930867759699,40.18816833742862,0.7477743760021783,62.612060722991316
2.7133615486392957,9.450251924742659,0.9325855179066652,41.65990944869222
21.0221065931059,51.75013753519431,0.7748260229649901,377.9649905583184
1.1495721981433695,50.643220894108545,0.7277992115903071,89.00362889677763
19.957407612289362,47.17298210730436,0.8877798819905001,375.15185390655597
18.181748028418454,7.945962641380172,0.8982768651673949,691.4207648862257
0.0,44.052816920384636,0.7563825347035203,460.1912577336233
23.745786542307126,45.987502359190415,0.9221831010024184,846.7509913772565
9.783878396211627,42.37787271268757,0.8381965194070701,86.94904352671962
9.127553285829318,53.58576917633134,0.707856838069115,737.3669630435045
29.478643005489047,7.7751165523814745,0.9272903084040107,254.6901358010573
9.787041359460655,41.271828069641884,0.8341770434229002,506.03760350862825
39.9418086012208,56.63581156740548,0.83144742324513,797.0674889237393
2.1676069350180933,41.652701423773635,0.7214593373204322,973.7331928176266
17.644013707644408,34.20345734586584,0.7507777952306022,489.4625178560078
20.114148494326717,57.29055113881993,0.7585655182212911,185.22138034759422
6.675323366231626,27.18499771011344,0.859097956690785,902.3493891113225
35.86295236279665,56.65531367135923,0.77903995044311,418.95605957330906
8.51129032494094,59.826882163679535,0.949105789958042,296.7864402866055
29.855061838452954,49.64878703345195,0.7036050995950733,781.1121144145771
8.90925560766216,27.46981158703482,0.9399145403051813,911.184033219106
33.33845286476291,18.427741951278698,0.7427781050112314,723.1114707942513
27.448036850648,11.953756540061732,0.8365341792302118,254.5024110377551
28.82314029482188,40.40429248839547,0.7321742165721125,260.2654766613637
5.424510413725598,45.596713788653574,0.9286397360524513,304.0585063515757
11.307647669354482,8.151472202455853,0.9227598981787568,532.1342959432399
24.75379044967757,43.905656822986764,0.846184959238132,794.6076769336604
28.778774355372217,49.09324942915845,0.8821710183743205,709.2191981015039
30.83875096047598,43.8003585985419,0.8589542119489428,936.9108388916088
38.110151776781585,49.75528178350376,0.8392504583256192,598.2238204497271
16.360961685868453,32.53039344872293,0.7479373537954821,97.56017761542029
38.49994900417661,10.814013697715739,0.8068023392271124,675.9074528717824
16.350018243862113,6.662524755537229,0.8001765970992207,685.893175947864
1.1150466197573992,39.2199424326216,0.8935172407619985,425.1778800938072
24.086838221336922,20.441523536581474,0.774748745018365,342.05863048365507
30.676845157321825,27.429103787342193,0.938819460827065,843.952691040402
16.330227763228763,16.593619309064337,0.8376250370628746,882.2324475273945
6.355046110657014,42.535933880394744,0.8813378026449649,143.91065557634784
39.88511367842947,37.06591702288497,0.8901313785084372,236.3906477107892
18.479101952796448,55.853747633739026,0.9251799457408711,126.27351443464914
32.99293670138081,43.929456769375356,0.9173298196392616,747.6596352434623
26.956852857119305,58.96277608341356,0.7197669629650966,953.8050493319028
17.04198974317618,30.007487282588325,0.826733505039521,96.55422200255498
28.996946664182744,26.732100742895785,0.838887828936934,754.536534287332
24.428386108471283,12.3161948918058,0.9302059743315132,91.3197279795379
8.715477103987583,53.46452117100751,0.9060676519248934,504.3075775062078
4.853669641376814,57.39760648334576,0.8918324374410201,770.4160622007618
18.20178146016034,17.943942756726653,0.8388919198644945,422.69516673487647
2.6686691086954406,40.57106819086337,0.8059999105246227,498.10446088049486
39.26996173292824,18.25277335537578,0.9016853488764857,282.47235212752406
4.2036951431771366,12.411962206628031,0.8177794402109689,724.0914655896304
2.2774529178214062,57.880484210679796,0.9077315713185998,713.4221668188884
15.449127619928898,9.780282675682667,0.8712845873637719,907.2952179796038
14.805270910906396,5.435697602078075,0.9250854525323052,583.0772776329645
12.546213665690455,23.861524241325778,0.891507540651493,600.9173882249132
9.454618506376457,37.07400490177292,0.7300344404426446,41.03489809665135
24.760426866367578,42.702592662440736,0.8861080419276793,450.1126970445695
22.573385628280242,37.36276250004754,0.7941405909648668,865.2974930036743
35.44168850454906,7.145081556880859,0.9169155927562439,571.9179365984141
0.0,9.245751338249597,0.876245215578425,699.4462002531508
14.47400090423434,50.647584344747656,0.7992286664906227,224.805106307122
35.45392346554188,14.279067067962133,0.8863352602154806,381.95514293153366
24.293458655693424,40.57027440909214,0.7484988112985751,528.0926899642361
9.066778122678713,39.46815734836632,0.718719316281161,470.31885433855837
22.594358071806493,57.333679033885375,0.7386931161112519,895.0662620316365
9.943075727600606,21.031897557409327,0.906058979282292,680.7448652301019
0.0,7.317811592052382,0.9178469684436216,344.3239844854532
10.403413794402379,9.463265992787909,0.7655045802701087,589.9418008662838
6.9513653378969815,37.34285301148238,0.7393625738281775,126.13705696277997
33.126220525725245,37.14951805005153,0.7986233126578174,658.8162505544075
0.0,21.363648388758307,0.9379825237662242,677.1114554832552
3.8547540158127016,31.21190564941381,0.9241575250548852,398.2992726547418
17.236935343780694,47.07732949735551,0.8924966196881255,647.7742374803063
11.29640026524108,29.26751367044141,0.8065737458908528,928.0763035269171
25.729300861668055,11.761696600147738,0.8789414321399425,900.2365784690084
20.988981903471426,21.545630667458223,0.7635235294863338,346.38964534653064
27.734352943171938,58.027404458863494,0.8516744649175456,152.44059476372502
23.265900297105873,30.181028658421642,0.8066121522082189,440.5897128375917
21.80694254134245,5.29515394931138,0.8028221380776752,432.3903444544944
6.20816808371055,7.16720634488469,0.7848189679928527,997.2450820825591
9.446294493020917,27.644153014473577,0.741203745369915,433.23734894214857
36.88310555227949,32.0796587676085,0.8525646027444272,537.1362550771915
17.680454313293218,59.28773468597168,0.7962037575750089,156.38880454823538
28.962780293815104,47.72412143381486,0.8603208325373128,686.9025396254359
19.32769826764106,8.392821684780063,0.8927095378353638,120.5897725310322
39.16759754224413,22.66275033005139,0.7343272801827981,702.7808765832747
36.63029369067136,40.68161497554254,0.9272874762178471,541.3155038942423
9.583814663696064,30.44142847473669,0.8918826567508329,559.3065843194669
0.0,18.900357178681585,0.7004982253330985,426.5848037604659
23.48112438187739,48.53587877842483,0.7207676965204575,142.90043514795286
37.840818397149846,5.529692013418975,0.9108764255549093,779.3560808742089
36.77385312773817,47.31465173025097,0.8096838779413638,77.86111129093331
32.89237840730562,29.72026911274412,0.8567611867224572,610.0927891820647
28.382519504123447,13.701837321005176,0.7107266428537493,950.3861358810217
0.0,39.13998491637039,0.8745476007179859,873.5106592042148
25.65199458531318,49.65467024699939,0.9119072022688736,467.3285295808223
23.624812865165545,13.354951900148896,0.7843296870116279,869.476607671979
28.429437009225754,43.443146527917115,0.8769541546613591,303.9193124953256
3.215559682576145,36.271459992835965,0.8199678034955211,487.32235571475815
0.0,16.67946778202629,0.8383747866175804,628.8025013293645
27.55107406856121,37.18789025175504,0.8383159451048605,706.2231238491144
18.834275079074835,8.409223445972202,0.8409460497541561,162.78201787612122
26.907419701382636,15.98827464161645,0.9211524042315897,108.56031735993813
17.5223310309308,31.932033169839645,0.7567788826471084,432.80493600715033
33.04239945632683,13.87527101328395,0.8799167864616865,702.9374757200623
0.0,28.307540027370727,0.7149072350088628,192.26846891470828
30.5844476775397,17.943007869869597,0.717737226937962,795.8392851721846
9.030522500720402,29.187459824190032,0.7273659332641064,865.0087261814874
31.53643571398436,57.15440288168839,0.8472770913910046,754.4179865329106
25.336046266691632,19.03004311494371,0.7140502832911503,961.8621792957748
32.35810871803109,23.316525702306272,0.9250319669535767,520.3996912190311
39.1882774496093,59.449123749808344,0.9249868619334293,633.2860477303159
12.675597589213513,36.47204127130179,0.7204273781230556,479.8408732200026
0.0,38.82125573893239,0.816425274887029,991.6875720503267
20.513752976719953,16.797474012547752,0.7819045014762571,58.64366205278461
27.51974940714933,53.21892745587257,0.7578549546522729,265.13492044604425
19.143884467793836,17.080218995775425,0.9020701544604144,555.9466367368206
0.0,53.62130105496878,0.8680894883071602,930.1148776897104
26.136268580165908,41.78585662045902,0.8403595455279542,730.2976420940781
3.301387431759189,47.889269432173336,0.7971947270241371,460.02182251885733
0.0,52.572964356275946,0.9143676600725833,667.1597704987404
37.39705656835875,17.765255643277673,0.8102125092137046,222.89861327477354
17.045408552013,21.394580953564198,0.86638289618199,494.62216076867173
32.02089584403218,29.709140038030547,0.7233732187271749,606.7629696766146
1.7443994124961224,54.020406647038186,0.8238787268818313,232.95376371074855
6.2963663402342425,6.823095583476307,0.8250879875102257,641.1965850112565
8.50851701605084,15.854862870043563,0.776331085037159,909.5863860039628
1.8632098641127142,25.988928367621437,0.7791512230396684,872.4675234725692
27.922536891568623,14.709935618701431,0.8849551005594278,244.1346233276765
37.02894178408556,18.75252725839286,0.759692721559917,552.3782935409084
22.922278645626246,27.628748525750463,0.7384077542433298,828.3024472889657
0.0,28.958517631266687,0.7721548214195412,738.8909582837283
6.011250066994549,43.72451954425849,0.8366995576165555,772.1159028342597
22.014961022227983,7.0408842483695295,0.7359908090131991,555.1695016373102
22.472627936283697,7.352938909491997,0.7191323191059631,923.5201638804908
6.126214456602937,13.147222275964983,0.8334428471562771,240.31640876629717
11.276574960951162,12.210334037412993,0.8425006951671692,53.085364062474945
6.327052570426402,58.11496069086611,0.8751227115465491,718.077146467108
29.826226775853588,8.320073768076629,0.7532629957703936,363.3342135866046
0.26825548448117237,9.134956924140827,0.9484016245000518,51.27266254541233
27.825239329217474,26.69907706699043,0.712776492328717,194.04741452063217
0.0,37.601827526401806,0.7896794899224362,925.5684191666365
18.28594266959416,56.450375070037175,0.8232640762497695,402.63060394351515
12.897035199934898,36.546394249092664,0.9014228243498532,101.24332784465085
36.53899668698297,40.01201319364906,0.945874189436959,566.9142411036643
14.482180307221423,28.023885296246352,0.7219210820440859,84.13412218748682
31.18663998676969,30.134487218217046,0.7576856749330473,115.1441319968269
4.588607877420991,49.091641547914314,0.9244894343781211,463.13971679511485
0.7994357382213634,17.993922070185324,0.8653912032237494,719.4174234474525
9.281963009373225,29.613466748641812,0.9456169520872796,511.8814545849831
15.608301810378773,44.29168999527979,0.86144000888205,685.3918517700952
24.02198017943798,34.63315903494507,0.8130664091646267,538.8688476190852
0.7561458590868583,24.447851407095662,0.8540728925255054,301.37372831558264
20.50657213981644,24.574379889750546,0.827761306889018,774.4655181413334
18.567259217245514,14.362296356804485,0.7026495162666441,96.55623599992907
26.159535424595404,47.16941978322408,0.9368107461256734,527.1009804869146
29.625720962051297,41.69872185644717,0.782498507432762,724.48323560569
19.070040148953005,15.476349526948985,0.7584650506959756,255.91155680164692
1.0238129822903617,51.10896983078557,0.7393288488335836,575.518885914987
38.86259015658273,16.667218843234004,0.763518450529655,663.4065598595104
16.499947954471807,34.568925963387876,0.8021887615206136,664.4329481288014
7.80355654514197,21.351330241232,0.7145863414340746,976.953603440357
15.78148810916672,21.2985109420546,0.9414816198732804,439.4980436168685
28.71074541870812,12.985464853718891,0.8640484235277569,607.063906225137
36.804179087452276,42.55650470264923,0.9010011981555627,358.24631296914225
34.64649576574895,14.929712282056887,0.8260621605619871,573.2063186896926
27.529275022933124,8.037162563141369,0.7830979111610732,48.86894434940903
21.49449603013294,16.760229673675518,0.8983462586523463,924.0789824176768
37.296830367046624,7.9467777283707255,0.8454129855981588,641.1404277268559
21.505306396018646,9.528514029818144,0.9451631833543711,966.3927410584996
7.335159887459408,20.80831881212395,0.8042360896699855,315.24097676183965
0.0,9.41070641893244,0.8164140772736959,173.03425139247523
8.592922479713035,52.85044921152195,0.8001107899185452,772.99913660268
34.301977654296124,35.43040118511679,0.8042270307079824,352.1900601849615
26.21892551920594,6.719691045843341,0.7748810330995444,139.07706771556576
25.911662821441425,48.859168403782945,0.9210863160289893,725.5029147327244
23.84239261360844,12.730083369303054,0.720894310401609,193.4512936152163
18.527375302853915,57.10252941751449,0.7360325673208931,670.6323531832977
13.927581031090286,56.58714093476541,0.8304542772312381,67.1505529314665
13.403953574757272,45.7751589227524,0.8429276442177864,777.5440396341436
23.231040193113706,56.93691050813487,0.7389560253422771,236.26749569414096
20.743990308055892,30.548797906270597,0.7644885623481485,402.4528758784925
0.0,18.530528181256038,0.7771498390138445,500.56150554458213
7.067398117141073,54.29330939714001,0.8902000240857502,936.4838038953328
0.0,16.246423593141362,0.7593479709629353,769.5361017941624
19.65449853319881,28.242269151408134,0.7200179031959391,278.3692367232927
26.978380900241806,57.98991225273171,0.7293866639938674,615.5898743823234
1.567376087432756,54.981368375509604,0.7819940161207595,549.9688774884452
18.51553934234488,31.520478701263958,0.7719485955988454,854.5022859475613
1.4479644538196017,44.390594792761384,0.79467727110702,103.88884780634118
4.002993083573655,55.8839080247369,0.8134677923165624,147.20909384969528
19.52521544075348,58.210823071990056,0.9376386149690337,835.1267100785961
31.019341277998542,5.930882123678992,0.8582320327472396,184.69813751353203
39.07941081503336,12.392434682211062,0.9161051848758941,568.9046077474842
1.4561821708660405,6.246330554250906,0.743427136313672,117.10485389600407
7.207206657350967,36.088198717271034,0.7078069635598669,602.0531366827512
25.04200842316524,41.82011865430317,0.7670225450235766,160.7850691346782
0.0,18.107605366883792,0.8830921138150756,459.8996843245583
1.9217803115066792,7.239336661644428,0.7956530223268092,405.51338545020906
26.888602169815975,26.731855724872485,0.8363754258699485,752.5724919901274
17.519304511030548,21.169289798782856,0.9072196306675688,387.99267648529946
11.042495740576035,45.18223145321425,0.9151696291858282,822.6487487209098
4.059371278208041,37.54022680167621,0.8316283525621143,741.5314363454594
10.97272659941819,53.30460137894034,0.8575889855738172,777.1334805126634
32.39588143368701,23.837635627673937,0.7678650887303712,896.3174201486926
24.399200917212458,14.666945723192763,0.798947319597287,867.44475238586
0.0,26.687695355106108,0.8322873036154765,590.7568939204433
25.05834202183785,34.69435173610479,0.8748563082235532,297.9792830699731
0.0,5.034883422779109,0.8271455166398795,184.28093364588565
0.8296129337610715,5.858357374306712,0.9221082329651764,926.0697738723145
27.366500365213266,52.185834696887525,0.8811369826819514,962.6887299269744
0.0,42.49139154387678,0.7480190970324457,370.24654963275333
32.06534670868203,15.227045122131438,0.8466558601228091,602.5885359241407
38.09599194443342,47.45181570204855,0.7787079125458412,709.226948690855
31.559402017659608,29.78816364595188,0.7579482540262524,70.71374789314326
0.0,7.910642341982003,0.9185862577193499,244.20034417489313
3.307501886865744,44.097608800757065,0.8381623931800208,629.8624540956699
11.944091285041619,20.311412414643893,0.7707407554433453,624.324642345639
36.49745249967544,22.23384087331846,0.8537229285973802,944.2823033533647
25.94524382085825,40.261083077471476,0.7931906376965452,630.9464040504853
23.76498689976839,33.99457466991817,0.9452363759604354,713.2711169648801
38.80578973119014,53.030335085167025,0.8371355818364996,382.5913049401723
27.258644241748993,25.91614997554558,0.7052151950383047,847.890471041042
9.589487757691114,15.25188311257625,0.8634188076392649,433.90946251878046
29.471801478454758,10.276894809534802,0.7862162038526432,634.3179372357229
14.473982002677733,12.282686545275073,0.8421187960168041,956.4773445599475
33.57552266454368,6.602692464232749,0.8173129596156614,807.1776535352632
1.2685237883615321,17.62482291877106,0.9323154277639462,533.1869624041922
19.694831653973903,22.07346424966926,0.8374915517077028,423.7144648975703
27.68181038187596,43.52933933585318,0.9431947539108672,309.15510133805833
35.071883152446304,27.16467907963074,0.775512624821223,659.3441703746719
39.728462796007044,35.97915213621179,0.7819574360874759,431.1771336518961
33.692711804889825,26.841561994319996,0.9007508482270256,621.7843172922214
10.289974386699289,24.91965604999057,0.7093067579947318,831.3269728512349
18.500960800526308,57.082937342063765,0.7295684293285681,453.1833954885725
32.05838966201547,18.41933929230792,0.7432272466355039,171.77841863066672
38.56099744789664,48.61060035580065,0.8059841847265092,123.91250791114703
14.99553341834913,23.357647115777194,0.8153996373540264,344.4862342031056
35.048896619054965,44.55881445478723,0.7960489001113935,905.0632630399991
3.4447996330746644,20.955060592439427,0.8596687163314936,407.30097181412737
1.4963252261203934,18.408091865331105,0.8853755849681537,549.4469401516812
21.20070026627964,34.2892619804202,0.7488004968235504,224.4600355455504
5.423343070418118,54.11059109368529,0.9110788386341551,407.1217203232208
0.0,21.107908068132602,0.7626280889805371,353.04200272963965
0.0,39.436090430058904,0.7817055402239622,212.1123671148547
13.860660319826218,15.535423766096947,0.7287426682278476,584.8255542483039
39.89328662537199,19.682149837939296,0.7135316302445496,565.415019314752
35.90615038597059,22.143848789484856,0.7769937674737801,413.92118930935067
33.43102660356982,9.61883077533122,0.8018675443620678,501.70986179309756
21.881819518250758,43.8101407848577,0.7268895938467984,967.9095168053105
35.00026553222032,26.527556115101536,0.7164343387887335,266.17870568269296
1.1560649685245916,42.6973664046532,0.9018620733377974,969.3185796975038
23.92379537172655,47.72689278793051,0.7404465434795602,451.52096412433673
0.0,7.580260644689008,0.8232629815011043,392.742025166006
33.05593728530223,51.420333769887044,0.9283263455283919,306.7851242360111
9.114836983307068,48.21808457054312,0.7824796074384762,827.3885267277705
27.220904516319752,11.813372436395658,0.7798263153206427,615.623511651506
16.51621329112418,10.430335110720154,0.754112639580618,635.2371749394306
30.391536696412455,5.419867123470576,0.7553462775892703,229.92646304829546
11.241785816189248,57.88074899706327,0.8302562115506225,62.53434905147632
8.344278101175412,33.13456952335884,0.875204293886348,736.4182894320378
7.774588793471823,31.058052594816616,0.8996766267764089,973.1521018330378
4.758707321941267,26.19982539688383,0.789987303079882,789.2376431175312
24.372819505684415,35.69847926078605,0.8640897972015074,547.4090869400139
33.59132700851935,58.58982008627025,0.9456054974056082,850.5963228137699
30.85555592265903,23.341920070935288,0.7882350061895583,301.84677791031976
5.123248588252773,51.89444983106871,0.8506420560089898,555.3863328364624
2.358754009964064,43.440375238295076,0.9494698742044371,465.8135874664818
10.944440462444584,37.98060496883164,0.712499734395135,234.85566900391902
0.0,36.35908691842503,0.9046158797091737,568.4505026098968
0.0,15.533064515737196,0.8854735155235216,607.7359531528039
20.974979003029112,54.526216545071975,0.7224227082859019,689.6597403624431
2.0257982564881405,42.20422495394749,0.8415619327067112,600.6817341884974
26.31028274242393,34.5469497048253,0.8529255472173201,206.29491733841772
30.9694834639796,35.11054530800089,0.9288045179838931,958.7267181854867
3.7366800423687496,42.72489450965329,0.7046974733245386,881.7139085426778
21.380386770771466,54.80226574356867,0.8395492000306181,549.2722598850937
6.3217224589856,33.00374719440483,0.7484593631618529,306.55758391663903
6.56095554475005,58.36746266680365,0.7976164922868348,282.92499426504213
16.92870745811065,32.81839286082983,0.8055054925606447,122.91805173768094
0.0,11.432091971904658,0.7921068801887416,229.73808349958665
0.0,20.673090798591282,0.7587178128824246,732.6040110356221
31.672000310516427,53.24128762858436,0.7367361840364454,717.1732080749564
24.128349220363987,33.7658879789165,0.8778749379916888,175.09802873884198
17.834112481254582,50.41442652435977,0.7101522946967145,280.6448205337393
0.0,39.603410566743335,0.8832403438310413,457.7134201929897
1.8050247174180671,8.719778432189557,0.830523757431324,915.8842425114428
0.0,24.683012994524255,0.7158812554629812,417.41244475435593
17.59453847124943,41.33774802950726,0.8783697464988909,142.66565409389847
7.915142497798144,36.03897422757807,0.909776099779309,256.54725608851425
19.591916235387217,58.73860438223276,0.8955804480564514,920.9769892128794
16.190719387174223,46.359946748527136,0.8658636489955898,324.2327903307052
38.62338305523512,28.195508817871893,0.8128267445019661,687.9515928359217
35.26208095940225,47.00159394162644,0.929577261606131,670.0139934878439
5.088954110826185,17.53352790910941,0.7675772658972912,60.37546672451036
0.0,59.88715879175056,0.8874979894431377,615.9096624595173
19.295601439058288,39.22412021375111,0.7556146171993053,893.8117721337481
0.0,7.570022380409927,0.760289622910222,149.09346021574987
32.51025722815103,23.413454608523207,0.8942572968582617,818.7966553219499
2.9975201178918547,35.575754052480704,0.9402600787124438,729.0597852853286
15.676892483335704,17.98005426294011,0.9220767000584508,96.11583351500911
33.56448363849495,50.536439220633326,0.9186263322817444,258.154969845236
16.04107787008457,56.03045379025618,0.7694558452040173,693.8076381864256
13.57863818908508,15.282808979481622,0.7351724225459579,580.445980480285
17.374297362521816,6.734741023016364,0.864974172245802,817.3745082790667
35.083350176263906,59.69469079644463,0.8630511290368359,902.3082639839242
35.806191018823625,35.96034495179257,0.8707648532308179,960.4579559142292
19.99771421089617,42.632218179578416,0.8296530279983234,698.0963321291302
31.281881903230346,13.60294518592871,0.8298375709433001,105.654670669599
6.394814787867735,43.65618261537632,0.8545366974314854,723.7011569008633
8.897810551964596,23.34369382053554,0.7734894617028918,346.2635738156516
17.80677483990895,18.731768946057414,0.944892662358128,296.15757822394346
29.92993166569444,59.40155973123754,0.7725194758786789,594.1920445411364
0.0,33.42940366952448,0.7600706041476581,902.4329456367502
4.930229121886917,56.90463181990867,0.7417486504632846,257.38464448117617
29.816330490766223,17.907180522254983,0.703074422461118,714.3651774463791
5.8028518036217465,27.599530644161327,0.8988436995267199,636.8227840904245
12.547818845836101,29.08043654417591,0.7487932195250342,380.1109439953137
23.791507547245295,12.203157732687076,0.9221539457057398,563.3699205257176
9.180335090339332,56.388379713510844,0.7283648910328824,568.9352134274327
18.965627708691397,23.381464623027703,0.8196413517241754,80.48312743737661
17.41763624300622,6.956387751553137,0.7569864723427495,994.4075597414172
18.070787294722585,41.777879753878494,0.8382129194814326,458.2510502681829
37.57750848006768,26.485922557285825,0.877665586271024,132.35087785612228
17.479838478172027,58.22591979535123,0.8824276911495557,54.705993452811974
16.678959869380204,33.149817649273025,0.8536581218563081,516.3252392505921
7.142775903491417,32.55812484919067,0.8861948516889017,390.4252196851851
30.81474764346475,23.02015321159142,0.7654529430405297,537.3231006803178
5.3934927227071165,54.50557548779817,0.7353670416123554,278.4568838003887
10.013412679392703,11.558319586566995,0.9347099481579909,690.3872017702531
35.142291904211675,46.750293826781544,0.7110241860735362,842.00609221311
0.0,53.28948142123265,0.7090308464330876,803.8712012122703
15.936878419711276,32.93376666413599,0.8493199048646953,910.0262519054783
12.658651897146823,57.65912109090674,0.8265790430849902,761.2705828831715
10.334829777819742,47.528301879931604,0.8901601585252068,758.130548424185
32.0433970014216,42.32932824763753,0.7686025096885988,489.7890502914212
22.820217448699413,42.022651740493906,0.8702218507615207,311.24251127386697
28.40173081671376,48.680513968586496,0.931926389686875,244.81739363466488
1.2269856608171485,25.493664968074086,0.8251123600025924,137.20929566251542
33.84328126381883,45.42188105704803,0.8073137071341341,68.8276739000001
38.90908807072333,58.20209462665023,0.8408439551357313,175.24831360737838
30.604047329323084,44.10849553116927,0.7004676376729333,825.7574792440138
29.311725985819095,17.748614040400888,0.7591679261592055,290.0871013496175
21.795627822395197,8.06531719480818,0.7047935443994224,97.50912307658062
16.882929831918663,49.114463989631034,0.711638721135011,64.19151846547126
7.442689447152187,12.970667780670626,0.9076513278875629,243.68329709887792
31.813252536394987,45.38841391734967,0.78061719490958,234.63315475413077
32.155649049492325,10.969776977264315,0.8148036399674211,579.7547526594707
15.041994199053875,9.17831251088413,0.9019356629740214,279.0647760218564
4.531180839653265,53.11852425577789,0.7684222428204197,565.3913679954168
32.51169938146586,14.767279885754565,0.9121746562279133,934.9067246921703
2.449541751567753,23.674406862937815,0.7165609734711059,783.1423506490595
10.243589542551444,20.02925005678736,0.7588303789132418,399.8325319492154
23.61483344902574,33.755161164817245,0.836497599107725,804.8482926287629
20.364143766274307,6.185749677341032,0.9428008690293705,846.4432855766626
22.952249114435947,23.30654588858324,0.7676347872930345,751.0240590279544
20.94202864989781,52.71631698381893,0.9013924199225187,229.25770551356555
27.458196132972482,27.07988105742121,0.9163961908742638,172.405164917471
23.318870983662052,40.69594402489727,0.8138645139654981,157.00501213929374
6.38126078029179,28.537588439619274,0.7298658900336887,822.6976834480632
23.96425022516913,54.40720315545424,0.7693929693582485,518.6773507843592
24.88623223259473,45.02815179801271,0.9342566893059239,615.6329403864895
24.05156795448393,47.071608632808605,0.9435278004967605,150.72768403560434
21.591668710871456,50.367310841311685,0.7234965415172323,860.7814527007605
0.0,8.389399636297778,0.8282263037683913,805.8381666784256
22.795588519469884,43.051077635719835,0.9384413902943405,482.0822180108455
32.02726078977641,31.382621896453756,0.8298128438661243,501.3766090461004
13.230884726480195,18.156155675268835,0.9071270586085382,214.48634688986516
1.1060841996848036,36.91597797768505,0.7012363373904079,885.1668866756962
36.327188076185735,5.603524040023473,0.7987251030565705,204.23572382615004
6.719715897445951,14.83536037143263,0.752348457964253,893.2210046728919
9.525943193631575,52.68956894532487,0.8027873769524383,554.1180341062291
38.77872680366091,53.20465552734301,0.8078091567469157,657.5728066043947
32.02784505501224,41.33905237660809,0.8410555940717926,527.9693848834249
34.36188417583815,23.12188574063287,0.8059380962184238,684.43225148458
22.888671285209064,21.630400539214722,0.7292965483190277,589.1448872388205
0.0,55.895244122709826,0.8096798640730101,830.9427753899693
11.972443977778847,8.095057156693608,0.7994725439727748,285.05001541723664
0.0,51.43211102415688,0.8871777087122048,859.2563098029046
26.68392725164121,28.355498940644097,0.7681305842372175,609.9213518587553
0.0,52.46431704263456,0.7292954900609385,922.6074783341458
20.608862985825375,43.980483840196435,0.903025201429245,360.3594906281391
25.62931580146322,46.187213765700555,0.7551749371898966,131.4518675598632
27.28677803694895,25.97271210460773,0.7037641115331399,439.8161358139988
0.24696727839192903,30.150781116528933,0.768575957517366,360.45229480669366
28.071728389954274,12.382435253881544,0.8111139466127051,350.26471774861307
36.955932868273244,24.039181914348678,0.7000861937278151,501.9925293053376
8.783220860593216,50.30447033834414,0.9362844482426992,263.30292448994584
2.3419613773468795,29.24120328925863,0.7703609936971297,392.79103484120463
22.279013196409146,28.72883825451112,0.8634936719796094,51.87598615859091
0.0,23.73713326639326,0.7999314281889455,551.8201914253174
29.99355531291941,51.161397133746576,0.8845988391624485,255.8279715998508
37.13760796508656,37.10099993768932,0.9067443021654651,903.5663490890354
11.58527444673062,56.367516057976786,0.7849515540911398,805.2869115770945
38.14430945865095,10.787556678633273,0.9117133367448093,249.56091386493253
0.0,36.63105682401022,0.8834805523761117,805.7307298915908
38.44315013855672,11.862816721498158,0.7656592960804268,131.66017689266744
2.512401453678086,59.064492594710565,0.9022860753603934,780.9482400762952
2.163029324683974,28.24388224782038,0.748404762746493,197.84370374475557
27.08748412910887,28.25416473074498,0.8072414296803317,297.61745210168635
0.0,53.184672778582126,0.8163363960102609,889.0955193552722
5.506224569903378,12.358275316809227,0.7621561711653373,641.2027596422826
18.146142606330788,52.173129734467054,0.8060837491861548,83.13365641926609
39.008051902888795,52.33433981024071,0.9147063064411628,935.6178805353597
29.782723683048907,15.743132918246406,0.8343215645000599,161.36967813279924
27.41370849607248,17.692307467832627,0.7751734335778994,754.1651593563589
8.578066966517216,43.33433533731248,0.9104175712925103,377.05869407578183
35.220444460985156,43.727367273922134,0.7784029981700645,797.6561365573056
3.7939593135263876,17.507110036407912,0.9100623428267058,835.7097217230678
0.5673873021661447,18.2101111228426,0.9203740131866486,557.1065457754949
14.024316379518314,40.56395190182683,0.9047574244230945,122.83438554586489
2.4516391728195335,26.30767217544392,0.8937206414256974,190.27400301729546
26.68652893246248,34.366145533735725,0.7109536358987787,745.6687027399398
7.351347702101409,47.027811994192305,0.788373180656442,370.61505790044566
6.35716147107418,17.025083184503412,0.8114658865276203,915.9737223701903
24.911403174275083,22.84467309179099,0.7837980901107715,768.0874257575357
10.16582020138481,45.360327128527494,0.7906675214432036,492.0950565694725
18.96486080116145,37.34717062086831,0.7315628356310734,846.2012427769905
26.66299539799419,57.44698649420075,0.7608179970795759,520.2435324088585
34.29197385721585,14.196193901607439,0.7007976632178534,832.6326774739713
17.534133187125867,19.41764268008458,0.7985132334619436,335.78298204454194
20.910791329314627,9.430688613784099,0.7298725571607155,667.0212679395048
32.41070205525737,51.376158826328904,0.8410002155368421,493.08964668027636
22.113444271355984,5.249145942014118,0.7869790787550377,108.73695956356258
9.219474537067708,55.983492986685945,0.7012546452785546,42.11306367207403
21.745208242778624,54.68841417291579,0.7351199968911843,838.5192273238652
20.737794583194052,59.26335805744194,0.8164654504935345,551.5634268211352
37.29560787562146,45.27049252899129,0.7309783954811512,84.96152832997367
9.26050284623133,38.18871262029216,0.7870653761592573,304.4087841491843
33.35381520855254,40.01787023492892,0.8259870120904774,111.0046554231916
6.874399546566427,47.08910008830783,0.947576127599223,739.1242127909386
30.558610369277876,8.716634471104172,0.9167995263486965,405.75663761846465
38.36422543915185,28.880465406633135,0.7044422708765998,914.9905557340164
33.54415748326742,21.369483877535327,0.8131558280139878,45.33677884963993
32.790789755245214,44.22039609314635,0.7027403027569462,725.143094300884
3.4248793419406867,58.16563102810542,0.8924095144887005,748.6352103268887
31.919518244113938,33.774164123224686,0.9338700292752787,893.0486385873107
38.602450274683484,54.72193237243724,0.808426266975757,45.79939930202933
26.527452506074948,31.791310144039606,0.7115179492567567,644.2033631254824
0.0,11.295725617047365,0.7455177259890138,757.3570709028372
34.20298089973972,7.820308718344972,0.8338503624056226,580.5405986233974
34.58351775853621,5.460228939146806,0.8216599697823652,680.688888124965
11.821344502909243,36.320880007307956,0.9283954749256178,982.143379490909
10.30477503195345,38.27311895624569,0.9039682463067846,716.5873762804267
9.793557804923429,49.846858384276494,0.782138480221363,639.3474869299247
22.631748999676244,8.182667407123137,0.8913242710946924,788.3492208262625
32.25891788481835,40.805882031519864,0.8633684602492522,437.13316601278973
0.0,46.103952453009654,0.8333457965798126,230.98187349383664
34.61746608374861,9.328308274040019,0.8082914456761958,224.07503688721138
18.16925473693875,48.86681044269919,0.938953813216108,167.78943843186627
24.41568694443048,14.10562883154918,0.9126406222083677,717.443207491243
1.4174099575204422,30.884751566537282,0.9196182473921569,549.0917618065208
5.978034269298561,11.514154254749663,0.7922922236014165,40.0590101398798
31.751666747560627,39.134384168868756,0.907668553582477,703.7756809424089
1.809010648314208,39.79933877311928,0.9306187446623659,521.790567829696
22.00159829568438,27.008748775887497,0.7980502079574177,846.8320189293868
5.315148639135055,50.25568983557889,0.8190747638576128,553.3539420089832
20.208616575040686,32.783183686785335,0.9108582019547555,214.14405209257166
35.83576046133243,5.375605451975745,0.8881558471960307,62.59009983687008
0.0,20.170870357634087,0.8696096263024696,469.3594660918843
38.23453599377521,10.246249658960386,0.935882131749331,104.39710508667392
10.661519682078174,9.704386757689539,0.7958340761456917,279.0466414993394
14.885806130533815,8.301963992621637,0.7601649264802589,369.2365881554002
28.185762125293262,27.206594020734983,0.8475115089057934,394.89322433106906
38.018324309157556,9.560033180770818,0.750117852268603,870.7880404167196
24.97099158842878,55.56338867437581,0.9375929298486698,714.5452761657674
23.875674879031138,48.240839815920836,0.8095271814045216,730.0212922142102
22.283060591046905,22.614715321619283,0.777854891964391,455.8262120738561
17.549361219190697,14.681371376315779,0.9013374150634285,956.654943947219
4.939751229620578,5.870585581064011,0.7481452300984199,983.1173003152838
29.941725339540856,52.51312512378871,0.87402563421257,414.5143519455921
13.826832118537666,41.41858380730068,0.822416391000193,505.36537388182006
7.243296274569421,24.44423232978188,0.9099887334102111,188.74008185817843
29.440284773996332,5.859526952923906,0.858874036529558,539.4311955812373
39.48710527236926,23.363649918015355,0.760306007726161,822.7634827658169
27.189613167951887,18.769293556084687,0.8658847504436451,986.1525010691407
0.0,6.916758515965055,0.8648776865536825,744.0134882250579
18.08488293215052,16.75833624471971,0.8302555078815537,807.8475578042523
0.0,52.17993830732988,0.7491818991726891,955.5683104176387
14.734359411154209,29.219207888151047,0.8742035629306247,868.3595645252855
4.02904782483115,47.42212384417905,0.7647515539683613,259.77861342391964
35.602533342909524,5.14355429924956,0.9319084899530444,353.05405646010325
33.38428316482306,47.44110588079017,0.9288012159890782,323.0816243633455
22.2222495624233,52.74603799398021,0.7947168353030863,651.2917613881792
38.104577091224726,28.714859999206986,0.705388357920548,153.41290276008004
25.337577326558144,12.68057964507047,0.7718266082804939,944.029459778989
14.912616504001042,44.81622233067016,0.7227050133804133,627.839745149752
27.784092478204514,31.474917089184935,0.7810164722810908,694.2125432859173
10.873631448995503,25.40665113979777,0.7270809272194481,907.7617816509589
20.244311521906635,53.50451913971159,0.765978998232073,96.82627959469038
9.951584230377701,12.030228320709249,0.8898467654962503,741.7895976161398
21.099775158615852,16.42267912402284,0.7584018897867454,976.5680891993352
21.019445737623144,59.68772347760568,0.9297196241920465,835.0866058723868
18.05019079077878,16.97014340699538,0.9392773983597734,956.0585946362403
18.4014356057316,5.6372775427780555,0.8959778005018998,624.648763197237
2.051508468434439,33.92410795622766,0.7875399401165187,823.5082859281206
21.073953487370005,51.57407738330972,0.9207546214153843,202.64852125859397
12.754218385439907,21.585791317070818,0.7476150662780192,153.58071601664528
13.641682331351998,37.142278797338435,0.8005472243877082,259.8995351639129
23.754641305965237,49.72536675408233,0.8455428681865071,898.9209380851041
15.691955144553445,28.828090804658224,0.7501651392551778,901.6909381774836
10.002708152715856,59.852819088180524,0.8705816651491513,621.3730844168274
0.0,20.536860867824977,0.8427395312102708,632.5158822122033
27.034578807834,51.19040279029923,0.9293003309945589,194.60326281809077
31.04855811110721,9.073931886829273,0.7934967137401335,841.526258859707
2.927519251889814,57.96856765468976,0.8301668919367698,567.918414057999
11.084606880282404,18.961637802127004,0.8169754612440752,396.01445297902745
2.4729741994432137,52.99576368222959,0.9069724835949352,144.76316528491506
18.99779597179993,18.733536343740592,0.9495355838751398,737.8680239157518
3.7993085718372837,29.903065612431586,0.7162391220948486,819.7083760389602
12.468629701273617,25.53190934045434,0.9002007351428374,621.9762841982509
1.7463020003128291,51.1780826673667,0.7395572500898954,166.70383967526135
4.7256117036485845,41.50330536203511,0.7150323357366114,408.6961594289921
22.652856996914164,34.699186289545274,0.8191732641044959,695.7783812966172
22.46997074922095,31.05117489816584,0.8343734003177932,949.1630603579565
14.580922773539827,32.575955017440606,0.7583539129240457,641.1336504868761
28.58718102706133,15.600103987278787,0.9219759671892072,93.99016246753288
5.986347201344478,33.502250795666924,0.8491450263673376,895.575988176102
13.152280563163995,35.02692505633281,0.8359209563104764,217.66756974534087
12.9366694767489,59.205555935671825,0.760624193931465,741.994612755445
29.691543520902307,57.09841625136385,0.9317936337968757,43.115045612344325
26.404625488325266,10.657060404382227,0.854097397561055,380.58345672671385
23.662596855380084,29.243031349339848,0.9171803182847043,977.9586339004202
22.96466205908188,23.125712387897718,0.8797022674995207,435.51593923446865
31.850769368619396,55.423961327116935,0.877831964229711,771.4395818042186
5.062001796623637,30.234946395275916,0.8744541490814863,752.2817646588724
38.90509071553598,24.50102983381381,0.8942175072317927,205.1438248201622
15.982641288776513,8.285506433744992,0.7092547709124037,409.33983806875625
25.102569884876573,52.0328899336161,0.892980078968296,811.635184169892
0.0,35.198038935366455,0.9067043781520439,191.34857873267137
14.343531583891838,20.265629449883694,0.8894409983647885,813.1729342688885
0.0,58.048995982539466,0.9164864218106951,131.57232988554176
24.95276095408293,58.40926928357463,0.7550735449428033,376.2058264853514
0.29146182996497105,12.292471501706743,0.8736096240343276,279.258533291207
38.24490100718338,22.205969379546218,0.8872666048358893,797.8129842100043
1.745792873166697,44.71012668358996,0.9286796885931152,886.9857184442233
17.68313569609866,29.636712668837138,0.9088499403896559,837.8615436057914
24.60352508657533,45.96960157346522,0.7031376490965942,107.05892202734944
20.077022780980926,46.24888831241505,0.850861037292008,116.83291143065335
2.3317926793417163,38.24505424842694,0.7600497950126678,652.832682434665
21.937164680384573,48.610733304400384,0.7292486722324155,787.7868049161619
32.151157253374635,9.717554931189767,0.9250613770960783,763.4057221240719
9.846421799388384,5.116209382248452,0.7424061051699602,295.4740296597317
33.717833912388336,46.83397610517395,0.8019924345612666,252.43990363693985
0.6242659108860583,5.271117128768576,0.8854031488914869,427.0308006552412
2.9821275782625345,15.177497602649325,0.7526378882507605,375.74861247564473
37.58042837189097,58.09336578376022,0.7948187817322784,229.9533641195214
6.279783029043152,23.599937719712592,0.7368870131828613,564.6832156420563
36.43551223992003,10.193649653060628,0.8390917337656325,280.5158273594848
16.18222692911258,55.476949465019075,0.9055469532151055,115.94023048101536
0.0,51.98956641728659,0.8442776916281137,588.6354576455713
21.406030037473364,24.213117868551077,0.8521012703584443,827.9034175683839
33.54622120206939,55.72179646383357,0.7959941637938481,653.7859137058983
24.398259744232888,48.2214262802939,0.7975850228339599,522.0438562966123
5.293113329698404,22.558920703387013,0.8359018629664805,271.4841055374797
27.926483983175025,13.242229464997404,0.7057442912623073,148.73521487090457
38.06337932618253,29.701118067184026,0.8299160023442487,664.8693353806336
26.92491378054789,20.730979146935933,0.8457656420498044,606.4451841448433
37.05051524817705,51.68911603099316,0.7010197897203048,946.6804112678811
1.706772288941126,50.98871334088582,0.9385067958627021,933.4390967632045
0.0,20.219006883623983,0.7900949141641069,328.5302950549029
27.05294370278937,12.227597624993606,0.7900185974801249,180.59341560235637
39.991003078901095,56.82815410165493,0.8085639037421399,48.161648830472004
26.218268157375338,21.12883085713928,0.8125783048671973,975.5757539496813
36.87172764350152,40.07301057431296,0.9118570687054195,682.886677951492
0.0,25.838223030794058,0.7843673196110477,261.7967139355773
21.404742697824805,10.835169681468543,0.8928204655220399,754.1339557464901
34.11432244009937,57.29850555573877,0.7423458404845868,629.9388553601648
32.682412734050565,7.882883376506067,0.7154031202608511,288.8601678428846
20.13400566635007,10.605252236154387,0.8267381977881627,518.5502143113868
35.253826376201644,16.97893950666657,0.9372560197417115,846.9662965695479
8.752097358742574,51.581438258283086,0.7296860199145825,515.3176273963142
34.323294685593126,32.561909123889635,0.8922040790751908,264.0670703273956
34.917374268127645,19.912657367058557,0.9498267214073391,967.3061114225823
16.041198565141613,22.522703840683956,0.9237977572922231,299.39764252938835
0.0,36.83179615308314,0.8096762798917352,304.1729002577995
18.004407391307254,30.596873478961218,0.8502258741058191,906.6223219416293
35.66719626666106,29.693054886831195,0.9333042755918277,382.2772531440332
24.822178500768295,8.582720339038154,0.8589346866690513,333.7729251283084
30.40499027370251,25.03881833499563,0.8441682706263305,464.80251803194807
6.907336890136532,5.714185981741492,0.8111782450646843,636.7614501067817
32.91059208500989,46.071602745999336,0.7558312124161194,250.30761446448767
0.0,33.749201086903795,0.8542128101874696,66.98347735930594
25.352533526255478,37.073598764786524,0.882191303808799,644.8424257285708
20.86065520574983,55.29058792565272,0.8702625730381492,584.4769247405997
0.0,44.82631694400808,0.9051650550379573,217.90135117755244
16.49478570264673,44.65933462622401,0.8131996895082657,217.06713121841614
0.0,30.94990945691644,0.8622589444881803,838.3783057286822
3.8566030763391295,21.547598514038,0.7121380248000385,82.37231625111622
8.264783618575802,31.008495319879213,0.7855816557578578,380.1987673134463
32.1718175779967,26.535234292895982,0.7900272962549969,41.2118950739934
31.893000924764088,46.65730089799033,0.7009076886951884,806.8465151138929
28.24982728882949,55.64412392516901,0.8518634133636039,346.0385637831046
38.25471600150291,13.424729589273172,0.7638414467169918,177.90975737859046
34.284459047380224,7.106022529539904,0.7296227866834322,152.99104765075512
10.816133965454235,46.821980229111134,0.7901898627099788,158.4650054739173
22.916608636337543,52.283231912927334,0.7555861267627261,478.67562075594327
10.65838923045608,12.090785686320142,0.7382036455489911,820.0540521386964
17.761375076250843,26.21333802322535,0.7218908530382048,201.93412776212344
12.04908711995235,18.5101587240072,0.9020682141748664,913.0660466380575
0.4098378432649576,27.78676536176954,0.9104702677024468,229.2738569412073
35.5975152834911,36.00528748878851,0.8784176275030156,695.410099679256
12.20739914537882,7.096576740792593,0.7142056645704936,648.0510639099867
22.306217658215587,35.59429109134492,0.8428049996455462,47.39950254240359
36.535904908103376,47.486515796247794,0.9323883262851879,375.4197704783818
13.235550609584912,50.67897317846701,0.8523866118672278,583.587009928398
38.03908472206384,51.648636847173876,0.9136116111004918,428.35210994843476
38.96103030829798,13.447649294267181,0.7966480528070489,72.1860296967354
22.727189440448257,24.333782524708404,0.7931900095693312,154.51107113148953
15.145840335533457,17.312199567872028,0.8165015247931442,241.25452464109247
25.123878331789793,38.72868349058431,0.868409163806585,343.0823978812301
8.04072074363922,41.92541453445272,0.7522335158359623,270.3787832521147
19.00293896470313,8.659670687239027,0.8897552678754113,670.8401917341419
0.6320710239945675,7.473514928468281,0.9354613815865469,147.861052523147
26.020242631112172,35.24594674046421,0.7394901195154145,491.910757375799
19.86785766303867,51.152541484518395,0.707535269794757,911.0909118960726
18.248960583096846,12.921700288989003,0.7252051559465834,102.8021364514743
22.187163104204608,7.610834634714188,0.8901519700755889,124.88590861394715
29.235068089473458,20.831345539822397,0.9148367888352902,877.6736333249769
25.9615558006531,28.854261698987486,0.8171856596541679,803.0166230959173
0.0,23.518915125033608,0.7956467134577216,653.982661448006
22.594706012110144,45.57438303530012,0.9181286500885498,823.4932776673742
1.8760930526663218,40.97216699711026,0.8737209877876863,847.7555071449295
36.32177329193099,59.202920633027915,0.8176189526361015,93.90209981834235
13.687583761359901,13.841582621796697,0.8610716871335409,895.7875575088432
32.509633830467074,19.986940636267356,0.8728475932422268,746.2042355003745
23.22161428109621,54.41728308839823,0.723078484700347,575.0579461284249
0.0,23.423927352500872,0.8228673324343153,272.7588674886197
0.0,23.660223483680433,0.8977878298564269,744.9862521008685
20.47211119851624,38.059285378366496,0.847745400419257,588.6159967130174
3.8149180154971924,22.58451628747529,0.7226467922741087,110.92022369106218
8.29570882417335,47.58926829648905,0.8576614846963249,772.1762552771579
3.138884916162605,54.37786579890626,0.8979428128772311,697.7164410569687
5.99464062660294,41.35759818355807,0.9329750852275663,659.3101799238398
5.212562716592517,44.204411969174544,0.7075028461591091,950.5104426425437
0.0,52.036650324565514,0.8374973589535633,684.1231917985208
27.800259668637842,45.940997263126434,0.9321423068374095,508.1405736524822
34.62329981151156,40.26885637379537,0.713809664365484,521.0542534588194
13.104070873374898,45.472784224301044,0.7258464517846434,788.4727175912994
10.520934866467712,21.940308324751882,0.8741560155487202,610.3187968319799
14.90392109589396,51.85416959526054,0.8466327650113189,40.222645943885595
33.55857972036219,44.583652090949954,0.9324821153037909,107.98071480285228
0.9305454004683148,19.88453872337418,0.7736043261751071,399.871476372512
18.853346939264476,35.9221669866075,0.8922076211744181,616.359129337327
28.091277058617262,28.182796200501052,0.7893005849932806,915.0398209965695
3.1053401365423783,26.01349269897853,0.7639062185224366,422.51242176144325
27.882817385694732,57.13840488803787,0.92123314605625,915.9631818510532
27.996831829649608,25.158984574306487,0.7785601552064094,169.83797871355873
31.105178871365787,53.73242035125382,0.8171670537563522,571.1846094849566
9.870433715702944,43.13647636676291,0.8400944521431702,333.2950155250793
28.57917754895982,15.83043938224526,0.752336891435026,471.25194872792963
0.0,22.05001507285204,0.9188623599327361,120.21125876005989
0.0,21.53091902778528,0.7926870628796303,742.3990856247533
11.78989320388278,16.07433730809449,0.9058888037537556,353.53909666678487
39.667010954055336,33.36159936724925,0.9269711279963372,485.7741355978784
24.73582099398,17.72344564510345,0.8012032647298725,401.2911237048416
26.127524538684906,18.898654290322817,0.9320201503804282,523.5309376821792
24.800493501508896,15.832619500254395,0.9341669912068267,261.3157950328529
30.304918973921968,6.854397382653242,0.8048510016416301,631.8572287470981
37.79496913360392,27.556181172013886,0.8312802671032583,575.4977104028364
37.68893989955239,23.735506832711692,0.7344415745370593,76.43396938724138
9.990199578762857,58.076679751815455,0.7480106265625857,405.78955749403417
13.368303174950382,13.694905492773037,0.8015405615059499,146.2852813175053
37.07987041641351,45.66198036171917,0.7525114837281079,278.10361578480183
14.96631962504765,33.89280299741047,0.8794386022207688,711.9610917295544
0.27968767412111567,44.36376124022259,0.8975516719931302,645.0807204924334
11.119027051025563,30.069418083767456,0.832610076961259,711.8920633329933
0.0,12.637350268463283,0.7975072266284817,614.6679376172233
38.58799830241861,31.265992586262122,0.8563827689222665,51.68492318052618
14.08139890779258,7.886330851952331,0.8532010995173194,169.89645933988572
37.10947930203195,21.472532781404013,0.8394107189941891,975.2641558836818
12.372347928613085,56.076499027001894,0.7446768913775552,119.52044911704199
0.0,10.154941107367009,0.8262383977268442,408.5666572661581
38.23025258099186,50.24400345716712,0.8449689867360095,604.867784174288
34.81542305232501,46.51006950253171,0.7182746896437116,598.622051172469
0.0,22.897652488728323,0.8729755466161031,700.6857369828512
11.788734175727553,14.211632630592232,0.9198777643717214,811.2209274753818
39.17070085657392,5.688632269320622,0.9402736327940803,535.1133309811947
0.0,12.451191089939677,0.7124421238604912,400.6391354567322
12.64201872244695,45.081360321942846,0.8417519035902645,209.3479829445086
1.5144654406876275,29.801375911828014,0.8201206860908581,658.4901797325846
38.19960294712167,52.30225423140674,0.9298816230981052,836.7968719100172
0.26477754756190885,58.42265224040769,0.924795458250443,426.0564051072345
0.0,6.541449760020221,0.7808190752090172,50.8084674257972
22.310898054247907,47.326118384307044,0.7469844136468767,976.5412604356823
24.58590493316133,53.67168871338593,0.8169042383841756,944.4494799895175
15.299403324959123,15.146429385820719,0.7918465370038469,342.8148652340473
0.0,52.57548325341835,0.7037284326492517,964.1437919626632
37.21868857694362,21.07724617745861,0.7571035177154368,70.06243908691599
35.6883021365574,49.98921256469079,0.9214894445629368,470.4795724744106
23.535995340658936,58.189139887503416,0.7304947352094582,701.6430351256175
10.717725853716,53.5782526446389,0.7384974721669162,418.0950261779555
22.571572258697532,22.378299286952448,0.8730555858154474,169.33445784955575
24.2094384497503,16.60140506930699,0.808703054984745,365.8889542589553
11.18575542650158,57.08317048804545,0.8079390694325761,290.5785093696664
32.652510085408736,30.74397871901759,0.8993580973561918,203.06154172836096
21.340845661335415,27.40774675681341,0.7003083709396012,119.07610871044551
28.26359905744789,33.49121539969481,0.7987986891643395,176.9530672458859
22.86006843093185,14.648628151249815,0.77936283735905,824.2460033541089
1.9939602652031025,24.139968823163887,0.8648662673655347,132.6016648541629
16.853499519488025,26.698239893324278,0.7291887230825911,704.1849561302935
17.75662516310972,44.36036727213893,0.9114130227130215,744.0434239881816
7.401219794530638,13.31357484416466,0.8934132222010157,733.5270512252757
0.0,52.87251718928809,0.8305748939444647,190.57599690029514
7.005354195855064,34.11332767784374,0.934344832625464,256.2755661663126
0.0,38.499670105705064,0.7888098413420215,592.3456890256192
23.77659630193719,41.239958758475304,0.7968008904661465,467.6443956574581
10.88445927603196,20.160725732071395,0.7022243350468252,919.1745166454386
0.0,58.9471793820364,0.7450702148649769,807.2697174161827
26.83650892178621,25.011336446184444,0.947426427896132,977.8257559463271
38.235159449912324,17.838447263555654,0.8080885832961437,627.1974985068143
2.8421246800838222,24.741365338763742,0.8360724948224506,667.9580110585829
30.676504976058503,30.74986935688215,0.7552116469218747,106.51492343139384
34.42456470854726,28.86816107485837,0.8274068044526176,907.9909898235649
35.59882620528473,9.084057729633491,0.8766967141269579,415.98875879636716
26.004508543699682,25.966138434796367,0.7439484273102993,409.39140622078054
15.519173971306417,37.987206832391784,0.783175841505505,121.32145069299287
33.36841243314911,32.231517594300655,0.9325945385989387,634.5833561995024
0.0,57.26854160724819,0.8403840794702244,719.7782645426939
39.45549004835686,51.88205398983419,0.7121765730633642,539.3661147409896
0.0,26.118183123714967,0.8670451556631686,623.9520990074483
20.83219892828226,28.29396744498623,0.8293316929321337,300.7856128052438
0.0,28.457200307149307,0.903197064751237,119.43382906191135
4.132768685375437,44.41651973369942,0.9003165671377527,718.0935463504411
32.9889816358228,26.651403366359695,0.7452398839431146,880.0050627669509
30.42936894276508,43.17113959107049,0.948629910767322,258.0213624250648
2.2881832164610127,5.023399489827821,0.7714322189438667,684.673497167062
5.86979892558572,54.8008322245085,0.8450198835644744,420.1208464181286
32.20499085083009,54.92710298158842,0.8089092186091548,366.3411153760714
9.293242303356157,58.482138148354814,0.7583116394548524,777.6645684916908
37.773490467842514,49.71704097771465,0.8548024739374943,368.65333716320697
20.239563018901787,33.57772835066533,0.7470407978583209,85.9272778556024
26.388677660055187,47.14387082927713,0.9243832680741242,440.59875604190194
21.17367383830386,49.051582283867944,0.7847159224855664,605.7564394891916
18.74173996807911,46.4153008362025,0.858245912551399,65.56065923327203
33.74767014049725,52.75060741857812,0.8844755279707929,758.1377820530638
35.702066725563306,57.425801850471096,0.7207238902251686,201.65399275872372
16.807824795711912,5.160759952972272,0.7295760836203209,512.3988812860748
5.0994176238475,42.72684160802678,0.781940486027128,508.40460057940544
22.81946312335552,41.04906392281144,0.9026427798776606,926.4453028390751
10.524398144238555,49.84350393430876,0.820726292210264,410.1752221331713
0.0,42.31791510546244,0.8283375085499401,890.7892084736321
0.0,7.610770332704061,0.8629963285062168,364.2804511367181
19.653434688046566,55.17800774980716,0.8029665725577967,108.07716272056787
39.22562990389328,15.030230695055398,0.7464216984028957,329.292064346523
33.10912767733747,58.58666974881956,0.9082522086604806,616.3758414715312
20.493777503816563,44.35646952366571,0.7307541707306502,336.116346954854
17.63620779652066,52.22865678554329,0.8843274954473479,41.07997906722133
32.81188657071633,9.413231941868931,0.8654105365459298,697.3003728836375
9.636203681409324,30.44543565965672,0.8878621988299706,80.96197140989375
21.09748919711599,53.69057395823251,0.7634675640903741,284.3194592274381
24.69576236552166,29.482680525079054,0.7251360468525723,295.3988797295546
10.499882353435888,8.96273438839164,0.704742417044596,91.45242169829939
1.577989509748057,39.1834345851056,0.9040729291572421,405.8951741192157
14.17928818731465,29.82385515699184,0.709717467125772,604.5661106769884
19.019877582246515,17.45918923264598,0.8201392039187488,418.17286549905464
10.136183042005193,6.7290036764967285,0.795310516773585,559.6286650622142
27.757552748371022,55.77527160249626,0.8833851082847577,508.0671043556123
24.023569779688497,16.946753290006423,0.8342863356637052,199.8248337129539
7.778115051969544,8.207857308248657,0.8030435787037099,920.4701119946023
11.711118752281417,45.78881655456456,0.8888149628291124,194.51036504747287
19.440070614679666,33.53995099521796,0.7570977890355526,542.6278024415845
37.078902845636385,58.15783148277941,0.8557530164243059,293.92303324139976
25.012670906180926,37.743237924590964,0.9113125528327483,984.0668782115338
38.404619342471825,47.713133379601146,0.8833794642053473,552.5330353237306
11.486371969666148,26.426099073964945,0.7477098197249539,295.20527027964505
26.959320110411372,7.784835769808468,0.9167830648303239,944.3930914823657
2.98132167173933,34.13557300715141,0.929274420488842,248.63360929644074
37.07905422521968,28.753759934871223,0.8274221694357833,502.53826768560896
9.026515050316242,5.61151443447264,0.8883842093515932,830.0723129942785
24.008233602049117,20.380034798201606,0.8832779673315329,555.0057527054503
28.250588238367534,29.704941426917948,0.8518852679793669,238.77157358641566
5.951517988658801,48.90965928416303,0.7054711602639686,307.71249356646547
18.572461521364424,51.57761650760517,0.8196918617884376,519.1294543383004
24.639878183684704,9.021178606209672,0.7600809773711142,443.614517856774
24.87107533261072,54.85503951690873,0.8695913636295045,656.5602514708378
19.107101152158528,44.98123821327236,0.7478129559095419,917.0049097812808
37.47409790480427,34.001556482427276,0.863413005418169,630.8949162245538
0.0,13.107271344057182,0.8398784186801082,808.4735389372104
2.847947499263867,48.318111491797545,0.7959921933548298,523.223211704629
5.088068439131084,49.657567528951795,0.898138922807318,344.9919187131084
21.983183511887436,18.03675737724092,0.7552845343144903,474.68094060968895
16.819964333596005,6.485844008220976,0.7422111916347897,839.2027858412783
37.5486382066104,45.580523674763555,0.931450815811961,395.39245207914814
0.0,15.059937540847198,0.9082992628797353,794.2541324066353
36.924831112340655,32.44532300247579,0.8687509655143317,364.33428679125956
23.682918819234395,46.88124735625646,0.8086417371513066,398.1514658447452
12.987302423811824,57.21247853289977,0.7008021410063936,315.11136580852394
38.571421699769715,32.895845512625925,0.8865773626150996,982.2811187942126
39.73059940324446,57.06642070718237,0.7026475863514212,647.0718267072556
19.493785357429278,29.156552410531873,0.9394144589060527,792.4243150732606
32.77874214896491,59.846119038847434,0.8731074471113343,978.7095214941113
30.646218265583347,10.410207226841557,0.8478197605382525,865.8257376511075
0.9348032944474644,8.144834581380316,0.8379169335451088,509.7652699960252
0.0,30.706102235094082,0.9051660000471444,788.0489503296927
13.976406217199646,51.21606179711742,0.7115654144444696,476.3674476295314
29.180447466951236,15.858418634830041,0.9153716974963587,424.05757139999196
4.99315449630064,32.86115913083072,0.7891140804989532,444.73212671482503
5.4757217675288015,11.620709939778072,0.8883885263220077,661.6590526297572
38.92446253007829,25.177581883137268,0.7843242765434877,899.761014203939
5.558546837416476,57.090201664853225,0.921056471709312,565.040539070375
14.646198165251278,34.84714715369022,0.8473398594540992,46.21367283281167
34.61247383139757,37.48345923890853,0.7006171151920506,768.2457921245319
16.982718367607603,12.533205963797128,0.9247095664073329,581.6083731542303
7.850825389183416,37.71557995374643,0.9066632821149352,976.0808342111576
1.8896691841663298,33.08989315275608,0.8648324233289932,339.59751930542325
22.088405835815934,36.09918985166631,0.7358124571535918,303.84981316935074
10.832289772159378,32.19838332976902,0.7726148753407074,588.8220422281007
30.745581168231034,55.93922775547149,0.8613627311492059,125.11949683606026
9.043862023003383,45.227581886019,0.9312108343294794,874.6025096971388
30.064199931207995,26.616112919870364,0.9364666244376014,348.52950749853784
38.65859569614095,55.41255496730798,0.8713491136847017,819.6671133742865
31.682063897256675,38.51667506828357,0.7791469819425811,889.5299956958307
16.385141198313363,36.73588666190155,0.7356394837305322,111.74387127157803
23.66393647439349,19.778223247951388,0.9257052473869304,767.0985669306417
38.98059532009054,52.974094143199764,0.7004139823635005,735.5474064987687
15.2282862349295,33.397779121552254,0.8311117683910393,885.6488520097669
18.390486963728588,27.120543420286207,0.750857855179616,145.60534881115143
37.79810516629098,35.39777411697872,0.7544968791895913,640.9925397945202
19.80732911590968,28.284517515484634,0.7396796804040249,319.62416665629394
11.238709309828497,57.728032512816505,0.9017597988340474,119.9434640049008
38.64028477377266,9.043619765208007,0.7413171012007004,170.38949711006114
19.255809994116863,47.6369958268422,0.871231900084776,837.7861014985805
24.045866477561386,57.18480186931474,0.9445477199044898,385.6101734358722
8.181193103219242,15.546798076199222,0.7609208882148429,423.9376483081349
2.090654720862683,32.18044278302122,0.8793443421597951,102.1046536299063
29.66135030580236,18.8616137801341,0.8736238914897572,873.360445817574
17.943293406241953,15.68651328751168,0.8153974450605821,784.1057955367468
38.66149850811787,5.485174897753086,0.9030738198159908,731.620228361484
18.498900947413677,36.42783809268431,0.7773942334771957,355.23063758304613
39.28620963245054,35.98902670743889,0.797217293839316,439.1246720619986
39.24936358060909,53.69995582216704,0.9066714788029044,692.1549318998566
10.601578206705028,57.63216072532675,0.8369303300500095,355.15694937627836
20.449829841041176,34.70272772339068,0.8506738296715486,483.7219623067511
18.26743880941993,16.668240166091003,0.8669664203989785,158.499948932591
31.71542463179752,50.56795353900986,0.7119849204749824,430.6126909492922
39.168914429106,57.71030672171279,0.7134968188671293,892.4583878889284
36.8014590841345,53.57430938372787,0.7265422034148756,767.9162248879993
9.857936867295777,20.33686680541173,0.8457321904888608,515.7702455717824
39.01146208940456,56.51686181046068,0.8105098961171188,401.6051081211025
14.143690727852162,59.52296895244256,0.8409392081961041,474.9476386066167
15.504718602859855,30.952748311619242,0.8116243390687373,368.7758280514603
1.8188331165110099,57.963631463228594,0.9473430241312173,961.0362701717111
15.048010192925428,26.13215800337765,0.9192498143284558,723.5511547020235
19.115950023520504,47.750367310801174,0.8692273907727849,147.2237702801274
4.458681820294334,55.38820270172345,0.8490142977032421,622.3751704657498
5.451895568197853,56.4490709540607,0.8881673690121092,604.2270717096858
15.565256059438077,9.075616163067405,0.7472103800932137,618.0101965661455
10.795428223186283,43.02157207891145,0.7136300518530199,982.405348875462
15.757659607756814,11.200792405729384,0.9341413924463013,413.7855481864657
37.85399188547451,46.02778774288855,0.9303684838693979,744.8406248989684
34.89737420725129,53.36647835350771,0.9124781509283274,377.80140391046535
30.939678872131633,20.33312598953268,0.7720856322611419,726.9336264032413
1.417175033361739,30.36753020905234,0.8922838275081513,402.02896753273825
27.19828485311883,45.89254097431487,0.9090040275813218,793.8533475392159
0.0,6.031357970721323,0.8504329316537746,967.4126760243242
22.024036302637423,10.943816249750103,0.7712815651700069,62.223073764257926
39.719388244685184,14.816361307732583,0.8599828288302335,835.7891947028053
0.0,53.06368787738536,0.7533773303298199,705.8472999206974
2.9065110540821704,49.403826077252624,0.7775448373420495,241.82118252786915
0.0,27.241790449757207,0.9120393345456914,538.873474529
27.418121841347574,30.3875082656327,0.7305556025148556,313.0036048112477
34.269166174997586,9.053145347611288,0.7069872373719438,573.2616741300519
5.548790232946749,9.496828187848724,0.8570774437149118,931.01428649446
36.5607251899181,33.41879772205087,0.7466087254641467,133.76587381182298
5.840434744008568,21.21697718364651,0.7870360714373604,707.6345704410899
11.279237233703055,50.129517485141236,0.84254121323247,192.7783676455664
39.32220499751713,5.018025411911703,0.7221152911696558,585.139978429749
0.0,50.378447545581956,0.7555793343445061,228.10166548199786
1.9304940365722376,30.14244913575405,0.7658087937763591,788.3374151055923
0.0,38.41246273850662,0.7107849317140433,740.4300621268429
32.29385635536107,8.837143270333954,0.8438869254820528,819.1810497533556
33.210075987630766,49.757995371224276,0.7148309460549721,714.9778015863075
7.074240369946429,52.02488646366061,0.8201974663209254,690.8316332986168
10.244076462035139,16.654725223487944,0.8587689891752346,315.4168127438449
13.080267525164167,33.10463976797389,0.7603762814736901,562.4901604531176
36.48710004563472,11.327866720590336,0.9095759442608256,601.163548247085
11.926334187587598,30.545661156093622,0.9027250084710482,211.93640473629742
6.483550197877146,29.612195487751315,0.7851722819840318,772.3225932989361
2.485180013531165,39.31728168730917,0.8630833528594579,898.6671568095783
31.285668514374073,52.29164867122236,0.7233579244869337,965.7598769111311
7.1871830671921755,5.913164839625541,0.8615055264034649,564.4513880611443
30.767276263598184,12.913759015770603,0.7165145002275133,373.42031296925353
23.66246889570027,41.000814396847595,0.8927331690321615,644.7879430830202
8.434517191144602,23.547814519314933,0.886943934625719,483.9347103745938
0.0,22.193839790716922,0.856886367984488,239.2484827474285
27.97842831163581,17.797393751095456,0.7485523955318,605.2095303747669
1.1606336870807945,49.52281306030443,0.9466196563288142,535.5706538103469
24.91773394147846,31.63113462041192,0.9031511915888091,642.9969955538666
38.58986631284501,19.45134626376617,0.9453752585781465,235.0347824624456
16.72497317134363,14.121417204181487,0.9441916825293941,520.2835172421292
22.735021388151694,17.789215595225507,0.762863523741484,715.0491171206148
13.983176826003497,46.12641522416024,0.8763765723207688,414.509286187425
26.85562182524919,32.972307306415985,0.7074325069205809,801.1712548451783
11.617375623414459,13.053319777522056,0.7457805245980341,87.85290680260637
8.91135158680688,25.155911467318553,0.8459072976745361,459.17729921896745
14.857313265839647,32.07237171049394,0.903597532955663,197.07229131656635
6.085316486843251,13.702549190654304,0.9294468140229009,624.8138403161071
32.970235102362885,22.11442695226781,0.7933812765899976,121.79343957852726
24.274734421021847,18.074434111507255,0.8696492700847839,642.5696515528298
0.0,59.044824353370295,0.7878675292873606,747.2897305544818
0.0,17.051559955768063,0.721137719976797,334.0064200442148
33.17063335330629,42.51021956492856,0.9066448539375342,389.94412662304495
0.7087131812403941,9.929361394289765,0.7675300968709603,500.307986285653
16.03939870997903,56.54586344017984,0.7935138322364297,231.2192752744631
24.459219756981568,31.211712775280194,0.7895085978929627,209.34160167708822
25.582408244823345,24.688876708365985,0.8504205823655534,355.01437291435576
33.662659070287894,47.12686174635893,0.9037145563512163,621.9828444538746
32.50747383204654,23.78185049948439,0.8164902674665413,164.84482805934607
13.86878507950226,6.918286463738562,0.8655417741763654,552.2135475978123
28.285600059354977,54.156557835030675,0.9346679554113229,748.3842499982426
38.939832407088254,16.298666006772105,0.877548387448198,215.74528010351037
19.117692915529496,46.03209440947146,0.9044209106382446,45.92313894106535
5.959633165907467,22.580208907327084,0.7861954581146727,436.21735570455803
28.2433751219591,37.80786847637276,0.8280531123493263,873.5124293085337
36.029396971782106,6.249983019895972,0.8590263776267579,389.05112429852045
24.354655895069953,35.15190815266403,0.706331531802107,646.5441546198593
7.437823063791981,34.55835211363519,0.9042294837431235,607.008637179661
35.804533446620844,48.18274142132585,0.8561673889717583,789.7691132570544
25.495701362462288,33.52986679207624,0.942860593182069,227.97339137277112
27.931764456671054,53.39331067583527,0.9405142067992125,786.2973591588635
34.15422157589102,43.269675217563396,0.7432190832434253,848.8520801266321
26.305504623798512,12.296406283482971,0.9396791233309496,336.31384491430913
33.34582026692385,51.35846401644861,0.9409741363805966,443.8281211245356
0.0,5.362857832409784,0.9374705095090454,571.1357905285624
20.394963998362766,16.68232937863484,0.812094563969672,858.4893316895108
8.389863163398562,36.08660449932528,0.8208777201726096,657.0240290789784
21.943906414454716,38.87768462141936,0.8102614249100061,497.23867241377354
27.99484243218944,24.809096661272438,0.766371730268369,714.4737433366181
8.475132089589888,42.122449837851384,0.908202244764407,985.680318098495
0.0,44.99949465801409,0.8651844430571786,543.9611351333558
0.9361092213904366,29.26724778621696,0.9427733385100703,295.4351905286983
22.366378059946605,43.274041654606535,0.8957631522892697,62.45419710239048
19.434340172595252,50.14262820338669,0.9141268064972682,42.87358359548115
15.083095748901501,45.19215068646991,0.8997372754261808,751.8342299499427
36.16682004598217,46.59163270283026,0.9041958633392513,95.16526409470835
15.73606193707633,39.13622462426097,0.9367804619900226,567.8334982576649
35.892889969949195,44.82251003582202,0.8936442981262154,70.10176629767187
22.881380423025675,14.630763017182755,0.9230487772515503,361.2917544981767
20.692905891769772,16.346394631545223,0.8757304300607294,235.8030751600688
27.64824538312343,12.88729295979581,0.8910948714083795,316.2685649598417
22.26615371045979,39.27917896644809,0.7287155720549047,550.4611252137544
30.753887835172947,29.986545963769018,0.7490693586305277,672.1216289417555
14.636260560895023,16.73422629393488,0.8277844403599179,320.7550669478014
35.735511730077235,7.44792369541397,0.8813886287426942,148.57211637579684
31.999038290328247,11.556639960380814,0.8941981776015746,657.2669764645468
26.193954386348814,33.13558179238958,0.8256831478078185,504.03633043265665
8.505826582673896,14.19434977670073,0.8609095931278198,527.6690132965181
25.191729184202572,30.43144593516075,0.7230980638882731,457.7867672882058
38.4144763052857,24.340540560376066,0.928751501816569,797.8753436614537
15.202863233504429,54.400728268303666,0.8816017556107825,928.3216744211516
6.6468885323312525,58.58352398252575,0.8955687590705739,941.2372576889564
17.474327239341996,7.790753688108687,0.7268898862037481,735.9521010927327
30.521787924203903,42.65751934619533,0.8684973781066764,320.8658576156702
9.910227479481625,33.3196621999073,0.7178250613767627,116.7062289556988
22.912784964955836,16.212666950230126,0.7057305591298203,719.5774544096824
21.35528088759958,32.096560607406516,0.7636129148324982,637.2213814848783
36.04434239764301,29.5528465295223,0.8352539108742065,532.1491527029798
22.453694950347035,43.42021033915251,0.8710910079590128,445.97749167512103
5.897843404000766,25.860874454542255,0.9244837202939804,647.9843389573373
38.46809487619442,30.07271847879666,0.7610334323872979,263.5519853418706
24.242749967458252,28.192611670712342,0.7255912561317439,744.2054139624429
16.887767992924587,52.82932781536275,0.7499618640207958,548.903887331781
8.869962783096945,56.990956339298215,0.7825935907518226,868.0041888384136
6.975141422961909,10.421900179278625,0.9054060049650325,470.96226229244434
25.20107011393671,25.361377021443584,0.7732633317027291,678.6057933225644
0.0,9.385690799158525,0.8542003459978578,421.98983452425045
7.889312352877725,22.58580164132104,0.8176221270934545,536.7740943148253
30.01189331321889,29.159353864917225,0.9033062953496767,337.3540942812081
0.0,48.84830515545507,0.7508412462788908,554.5454155493574
6.9949892890646055,29.53887366070378,0.9381190607695592,74.54066094290575
17.053165792170333,11.72571183382278,0.7732828210466858,633.2566443156782
23.095125404880886,32.7863567669741,0.7706667913793752,620.2530174875931
4.601539501402283,45.88068794260434,0.7315085770693619,683.6606975504691
6.126380322779246,48.1475648910964,0.801387890045014,878.5201819707237
9.311624792057259,52.50550637787783,0.7844814845211949,660.0624753396775
28.14899805794628,40.477624413876946,0.9137507999205037,325.0283705022568
14.734244285304138,12.368367353930697,0.8929003929754311,715.556902775251
31.961843752002636,51.36934435760296,0.7842728006608677,572.3250112278074
29.46587374853549,42.60981177826931,0.8715180373390216,947.9576197645572
8.313235051732725,46.723800552937675,0.7077712490808059,639.804967377094
2.38923131010816,27.203467266258198,0.7597191559675296,471.3206061758509
36.56983519547618,58.90752341674032,0.9295185588524962,125.74475272927043
35.23323732226936,14.850559301104983,0.723022277250338,493.91887894779694
1.5862930790809942,15.02452877326087,0.9393080895927193,486.7377081627816
29.552506614458586,27.142657345267043,0.7068595029919953,743.9968221351261
0.0,48.622623083478516,0.9338094428667338,118.22182770524475
13.422981864173744,54.238515419916766,0.743367092038169,311.3537901476718
36.87453946973031,41.484166476614334,0.7150677459660328,141.89494269754024
39.65184707727504,11.535450472484333,0.724611409491837,929.6581824609151
1.274560187533992,51.61621342444786,0.7076758493563533,722.2126000274188
0.0,11.198347896300518,0.8484768934500095,577.004572140839
15.227335955469748,26.964092672632585,0.9432793798035205,898.6296916945072
30.347633483440987,46.64815842804789,0.8522736154156144,68.37377939266094
34.91308421734472,59.44041387714297,0.7382196512723449,572.9140056342345
9.119071068137528,43.25628077307912,0.7690924670918283,927.001346285448
0.0,33.936156254957886,0.877902815149886,321.24166718617386
13.954904685641191,6.610541437768319,0.8044533410689848,486.57313710647236
24.823736925044823,6.716117734810413,0.827914231421659,724.4922107444888
21.920816676685504,37.040517547481514,0.8774261505099512,961.6684375234458
20.815132239430064,8.855999118592264,0.8845899818583973,402.695084598103
2.086652177802773,39.723202228151976,0.756725337222783,230.12271466807414
0.0,17.66944361619779,0.8706641229377396,444.8576521648019
25.132385477788013,19.833592072484063,0.7878146034620299,788.0522294648799
23.814437442673253,31.763913000696622,0.8126165368629577,408.0486931913718
34.85535039702766,54.60452226610067,0.8408640453102383,556.2751222293728
7.614791260925352,41.04864272703305,0.7732305047069103,117.44203674018311
36.75893245549398,29.749635413781316,0.8184567089159906,509.89059767183664
26.1904105017977,12.63478913347736,0.8864294997760388,538.0347995354265
27.15243483696465,10.924968515225666,0.8628814158240896,615.5156796111121
20.690089605595766,55.97239552432686,0.7495650816454291,751.8081150926207
20.254927194001485,32.21312387565911,0.900292076723225,442.1910560571741
0.0,50.641484709941196,0.8367966638417412,348.31020192776225
0.0,39.454448938724106,0.811415995649675,113.02779749217817
35.96228303595458,40.42462973492867,0.761116666904859,71.9924290663846
33.18566219931027,31.028404433601093,0.9023165015807719,756.5692130994562
20.573082430615763,59.42955348511246,0.9188189318183475,358.79826681580516
37.83859219016832,44.86187761561093,0.8224268062664027,175.6227903508938
16.269695194488367,53.57684739851666,0.9228767968830215,100.04082101764911
11.030103983320696,25.880209426675133,0.8579181598497123,726.7850522291407
32.804817127834056,5.110580652765167,0.8673216214238249,282.72261264500844
14.178936803862566,18.18795689217885,0.8299004082655995,334.61221629907476
37.52892775113472,26.001109878890514,0.8622985024395828,613.8965168509994
22.106042614425217,23.14106418736876,0.9263517655711866,910.5025904852669
14.123479482194146,57.30577845532555,0.8427389962573836,921.6390460467663
11.450243027716825,35.126119661764164,0.9473531252193937,760.0364556308458
19.646787419005282,35.37677964176355,0.7241944507045242,639.1314370718756
12.793198984094074,13.969700397250698,0.796042162712703,312.2135078649012
0.8559327194353947,8.398954528496333,0.9269205787498389,503.20735141346114
11.766373597704169,46.81663118127288,0.7447440483405354,296.3143808723479
35.43363607493509,13.549709384406421,0.778606107045812,353.24595608596917
26.2788737155755,47.08939089976942,0.8006921750180134,95.60100604185851
18.182270000190968,44.60621391049252,0.8328998214765693,568.5072312636606
8.693610350998926,23.625474357917554,0.8042307046460258,93.65479076115366
10.698253699808207,6.581764187919647,0.8181521730899962,904.5024742935643
25.818558016953407,22.706860253837934,0.743635950504839,528.0165321863568
10.879285657339658,24.89918303715748,0.7330495186982442,804.6283920636113
34.825280624743414,44.3209415542553,0.9279511471794886,215.35122461480677
13.14287160152444,21.523982414234727,0.8239768147798721,85.9770766797867
6.3432498479850725,7.70783710342892,0.7340875502344428,586.4277228374744
32.55147420224406,37.140875537482124,0.8285410704330686,124.41926737702448
20.016946571938252,26.64215828323148,0.9047466021770145,329.0992661074764
35.169258459200215,28.600443443291283,0.7948545546054812,346.28473122897253
18.105659897572846,14.654628859055165,0.8643133500926963,87.24564643760448
7.058318155079471,55.897133676428666,0.8497101306510362,593.2982154169578
5.840661562988031,51.11247652342713,0.7920061033542137,296.31135447150837
33.22060130693105,39.71634637231795,0.927843873353598,425.82528882849016
16.694635779740736,22.026528578089405,0.7483564114044836,52.15344292489924
26.071826567289186,16.33303928284037,0.8233867720659441,239.87837263482842
0.8558494816651239,44.1625842734589,0.878894135219472,505.1310408121125
20.402920433349323,20.32191262798958,0.9076311333832116,356.65035599888284
25.102054011824553,12.51549601965467,0.8938031791242219,644.7835204286619
16.706788226185896,43.09238629174877,0.8779877992400459,180.64983959719203
14.975519244597395,32.1416653101473,0.7186470210872018,218.62655188565782
31.93888888760774,23.96570321867873,0.8700187688581751,128.868918705335
1.2250495549946596,12.250176735974893,0.9438496323000762,130.92016438801366
39.07806992131398,34.32605137152246,0.7764784999073767,463.898389259979
17.66797041101211,30.276194612721575,0.8616717233008594,903.6470378573609
22.867828605648015,43.71787115577467,0.9178653847975151,825.6971998174962
0.0,35.45601705249649,0.8120116705796445,575.4391830428622
23.15048807205784,6.079593542594593,0.8209387240988352,202.68233442870394
36.568987124634404,15.709258715227495,0.942526592842695,837.2709251206705
21.129889682934195,54.64629885137238,0.860318267423406,484.9078934187364
10.398931492397256,34.86965020557774,0.7167287420446155,443.60736226600676
15.497539425325956,15.684080459283237,0.7244768013663195,555.4241193846397
35.01759434312578,49.98527044877668,0.8093706066817954,551.5270463013499
38.90904756876959,20.224237476117185,0.8735874806311361,858.6452337663618
16.99367570971427,13.342475119398726,0.7742650749613408,143.2294328917807
33.98238497688925,51.91813510810418,0.8797722009492106,414.7275263347601
0.0,20.984905350728695,0.8909548798716442,311.8096166533135
23.48901086576126,57.047383473876785,0.7145906812040659,859.0040998215258
16.719158084550738,51.178457634658834,0.8829368688068406,672.429842718064
37.02007287717235,24.712475241394035,0.8411809424267747,326.7365095598295
23.216980477118174,20.63396382493337,0.7750255797097588,577.5464173834441
27.008451409795924,39.81215051912713,0.8702543498359393,901.9059158888472
0.0,38.68855486998494,0.7586715048156509,336.7693288357619
30.703335823449912,31.607664889209182,0.901061566763326,195.6603690123689
19.27437755251716,40.09428750319931,0.7037040967321248,921.5576766416701
30.391124608957462,42.75755080184647,0.916209702040979,383.8309096706077
1.634915012089218,19.228105867543952,0.7320574866190507,184.49843322398024
8.776753931863906,10.355200646001013,0.8351931386415907,162.30883995225471
21.831039583230726,36.31493151379853,0.874813556191004,632.1017951118478
18.692172141267285,27.421375657070097,0.7682759657350369,923.6440200083778
11.012370725057274,16.116485290505466,0.8183255333200827,112.22201863669002
2.1646406674170287,43.32445446417166,0.8047111921467599,604.8528816955455
10.966692651176507,19.69957572105566,0.7817809298816403,803.447323200993
0.0,22.73192507007857,0.709925744999597,133.9798970296508
5.817150127774735,37.785705573844126,0.8443208547431241,429.13688282803935
36.92745512153802,11.231754793116586,0.8409022767125385,121.64912079752557
39.14228796502982,44.31216120729808,0.8487260795835984,755.8348758210848
37.55582115138145,30.883060025201395,0.9280652984061648,821.7515889823744
12.615770970394609,16.592181743744273,0.902977304138697,225.3242945000278
19.919505114729066,26.250056439355543,0.7107531398779425,637.2382210005402
0.0,40.99938458093665,0.9328545524822501,179.60829203831173
21.902932725927062,14.261682155533165,0.8363904990331735,150.95414067215344
13.597419095506892,34.21206410033576,0.7670950872992288,75.64220479961548
33.81238147665762,40.457584380645976,0.8803111425655781,454.7464713390918
0.0,40.574996206917056,0.7665810473253126,47.73947564086711
0.0,33.99923785182918,0.9163720426164559,591.3408100496841
32.9812734835124,22.878373505490345,0.7517700159248657,51.011112128351144
13.48041518546434,36.782460023226704,0.7964677541770776,300.4122759192631
17.69513753797437,57.82267339120064,0.8339929418693895,691.6737288292769
9.385189528068478,45.64706999591885,0.7261261629173916,749.4895771341006
12.981355173589535,30.217696673141397,0.8156766636689625,123.76832884565673
26.059539848756852,20.014540601664283,0.8507659751433366,760.0328213631243
20.930408724976953,16.93092098713338,0.7984251509756903,340.682322923886
13.919458114233416,24.222063963828855,0.7112034925728875,796.0816309308155
0.0,11.889915532636559,0.8679332125737843,695.9393010789772
25.769281578196942,40.07077903956151,0.8120776627631275,87.85852701679556
28.70878908940151,35.043469190213436,0.7281611491718918,547.4725973384335
37.43064645113068,52.66566935592681,0.890651465549283,397.8065925322692
0.9089977769792463,25.411249001977527,0.9472189956240169,779.4830926351876
13.270952690749848,54.671465479396964,0.8928765821619259,881.59183706812
4.809435353084934,19.555130758036942,0.7748366963783647,776.8938859938853
25.975794943028923,9.123375860190029,0.9410009194451211,179.0102887490949
35.20780191197769,29.723640878510754,0.8552808341846048,113.7818847008239
0.0,10.752021665576656,0.9315652814547432,595.7825251019452
0.0,44.4312508724759,0.7307916555108417,240.99355970280533
0.0,47.07886723259571,0.7933889048826641,407.19231364491634
20.795453281731575,10.780169432744955,0.7963464935288352,130.4292635430734
26.327871455450428,50.84088796497448,0.7969656771199916,175.12175565298494
24.59853167359056,34.63082497967337,0.8925602725216688,747.7183510655609
18.431761556002698,17.778834410663887,0.8483532526895894,495.4290859821298
4.065130903450907,7.7041096521479915,0.8534243714133948,503.845557665578
26.385288988969734,58.2579326077628,0.7576335872745565,377.759835703886
5.084459120289063,26.777256595865282,0.7468351924708797,950.7954234469277
11.46028825684441,33.95360278807389,0.8566120187670844,814.5092076670218
0.0,24.77203830001892,0.7202723022102409,349.05797667173965
24.63375290655312,10.534477884485577,0.7232491629549166,913.8704518140045
26.188302218272266,31.52039787527873,0.7162642716728911,665.0065336975449
36.9991000989025,9.98713223034572,0.8336415136101851,195.54505061741457
1.5096839969714986,17.056647753563798,0.8724068483210805,599.3884039104237
11.160895071282766,31.048548202188456,0.7514749241743366,289.69269712721024
4.745562518688322,32.91892305687313,0.7636691242623761,760.079330117491
3.1359332977501637,14.050831181044954,0.7610284985837503,155.84067868641642
17.442023879562516,7.912010586811622,0.8008581438479065,720.4658079876457
5.213389500968277,10.890811090712214,0.7419629573569856,607.0840026030584
10.305183547164049,33.539001113364094,0.7305146663274311,70.45938300166824
20.813249849661684,25.73115095919741,0.7870915010208209,844.747141391948
37.513628804057106,45.93190440044003,0.8424723201481026,172.92950154998329
0.0,52.51345491955003,0.9260148700810368,621.5077756396653
1.1086890273038599,10.258144778246479,0.9075688156750917,963.0554054110455
29.821557027346046,56.28603929719314,0.8868429753815408,769.7828732914111
39.59618525991108,37.98991070167029,0.9105739773150493,624.1395082409317
34.651610125313134,22.818313522428213,0.7926002145038661,372.35049026747566
34.78591468911641,18.330385980464737,0.7125972171733116,542.5830316171638
9.850162778249961,42.024888805317474,0.8654636548315942,928.4510152188452
17.27152611013424,6.461532883325058,0.7017712288816857,177.0286139603576
9.918514697157978,40.31474103976176,0.797705861034671,602.6793710321008
17.494993585431192,43.02480824020514,0.8989149024619858,189.65393124019002
30.102247743245474,16.927683985899943,0.8359442035909905,789.6430469396942
39.180928438942296,41.292112550593515,0.7806023640981486,628.4167391675608
26.09824866704579,36.474749846746704,0.8258987499978111,538.3446727264148
3.2148644795517467,42.3617227101964,0.9444354319453908,298.0205491146791
21.709630689987147,28.926566909704704,0.8674417622079693,484.2489980537675
39.202136773346076,8.177947193074907,0.7415836854105444,194.25174324681407
22.176666373664123,44.772186234749704,0.9435982192601616,918.3155304361259
29.368480923115744,48.518858519719814,0.7252679839917704,50.891451550360536
0.4691136244212631,51.27870109696699,0.7730329839013527,109.01743083501242
19.591727391847773,42.961182841423984,0.9161449184422481,351.2063449322617
1.76242045565008,20.649249734915,0.7926857193398481,840.632151320658
27.154950813379816,21.306955164801312,0.8867824106804368,130.36583904297086
0.0,26.41954939236336,0.9413350369758877,452.1656299367731
14.795643780287957,24.985859653604994,0.9297414957483516,164.9907411041316
0.0,7.6007798175808,0.8900328174455846,217.35951515211974
23.204906529314766,20.948765353308836,0.8949407792854359,920.586044110556
35.458058610193355,48.62771976215813,0.718200580292214,160.5052514461948
7.264274164582581,16.266027516924794,0.8052758875849071,743.3780012942607
20.273858412736757,14.898930139258207,0.8248346126151221,81.16225791108263
8.260166815164647,30.725686076160827,0.7679119641409764,162.73427795351284
3.16815085337335,43.61114225893061,0.7205324144227917,524.3798887357098
39.343586014547135,6.5990858856040795,0.8706223669850315,377.83085644479996
5.342390580802764,13.281532821847934,0.8339316303637254,999.5872974890507
16.11902469192407,46.372835261519015,0.8752869300323595,446.36717974828963
5.699554189065376,28.660792051838563,0.8527793091935181,474.0710782949485
0.0,37.87097420540471,0.7262977137911399,503.4139374708682
13.679037781649194,30.556059948828132,0.7348795355776245,375.1528480554266
0.9558376247993875,35.22302658383849,0.7315507660656716,325.4506666736614
12.966351308827264,46.7129722309899,0.7060872723288366,679.95051441516
20.729207524003137,9.907318460300468,0.7136743375403607,974.843322325962
17.998314990988202,45.215282540138574,0.8740711697971797,736.7961117661863
27.758421613167727,24.104186013837257,0.7643908562933215,291.7323051730362
8.514598177321323,32.97766723073024,0.7427978891587237,545.3547183685204
26.226994955983876,55.99076472352038,0.7425904977498183,497.1737333147413
28.291089846129026,55.55117738985694,0.9181403780701046,636.5483029758261
4.259746414551613,55.826504597072336,0.843993341571833,837.6664674749375
17.029580321936507,20.27420324618251,0.8652391845220504,431.1692370466345
31.206541221284972,20.817742584666313,0.9246101513728627,584.98280507499
20.53354246981017,50.885548426302336,0.7222435742522632,921.5584813096737
0.0,24.253236686160722,0.7703842632374956,64.95601196256513
11.255406081279563,57.26739188116213,0.8485278490427273,963.8627718147326
0.0,12.122375968999789,0.735143731222422,136.03023172201694
0.0,49.48442981774828,0.9247286093899783,92.91113021734677
10.985732896600842,31.70649512939275,0.9385806789755757,776.6903355731391
1.63069898555307,24.01490481244649,0.7927530195867187,265.3875229010114
0.13024030171479825,24.47553630808019,0.7308405238402815,71.32739142197082
33.71742807530455,43.13964464416977,0.9382515209008696,810.3474974583323
11.31409762341463,52.13624783519158,0.7472426269189651,437.2941730760712
22.01277849217176,18.928500592653783,0.7587056422402,667.7833321650054
30.527851160509393,46.82634074947919,0.9253947957424533,93.20082641869412
16.890235708190584,33.50593560922609,0.8426397021773211,462.58416858793197
19.380322768411084,30.90712865701847,0.8564213571064154,436.42179185098263
35.64405832282731,8.764451583580824,0.7440339763650394,59.75120732480871
15.588890273872545,31.92849608743251,0.9338382782746715,902.8101909796783
5.744654229989479,14.697088323202532,0.873063404009851,583.2657406218991
5.765509379999997,59.653740383547806,0.8294498734567877,728.2863954598171
29.185876447540252,31.542394098234976,0.8423461870474299,516.2381868335988
27.45728930037395,57.80088957808734,0.8851436980660541,224.7196604759896
1.5924624620722743,53.640541271788514,0.9396177735642727,838.5500539657346
13.894554173178689,46.65499563541844,0.8243732670890801,332.00111848873814
12.13802218584948,6.580802993397994,0.8444273573577448,561.7819927921923
21.536944631939,38.901298392532965,0.8103962975686663,133.71227537226315
0.0,12.798177362929534,0.9283885752264949,228.00853237682244
36.76011516580967,15.03528205771929,0.8334607615428541,877.6845582999146
37.45569450757008,33.28940005668317,0.9473722472468198,144.32228567011464
22.970216216141292,52.29756954607998,0.8922504697365383,535.3360424170471
31.44289692607837,40.26557786201423,0.7609837179183307,780.4385125910004
33.090942927502184,26.813182850005422,0.7158630337910334,372.7716467967595
32.009078921096126,30.305896837534615,0.8133613833842436,505.8495550349203
19.42102422990425,25.496786783854347,0.7375658397133911,496.46763384147096
28.1543390208991,13.305781054873636,0.9278983395136551,699.6805188664463
0.0,9.978151069589954,0.9257357458668319,501.4165664700644
0.0,29.36645123148641,0.7641041871331444,872.3564417240028
1.6487114904822728,17.25390695896055,0.7080267580482436,379.93736132055926
9.44830377420569,39.24702993461821,0.7818711273979768,922.5137735197342
9.771710529197607,40.170974006261666,0.8286526538684269,577.8595880388211
22.13718095101893,57.084384535168084,0.721381755726064,589.1246841874442
29.89589954054261,45.69891073997241,0.7322336097969195,902.8760468751973
17.734241247141338,40.1155489165025,0.900037191796721,860.8597437556826
16.06713103773605,39.22830861198797,0.7474650293204217,278.28806222917444
33.16841712647243,40.34074133853687,0.8165863790352542,225.9535995116623
12.481071573178141,54.578798140234206,0.9266141320136783,954.0930750452217
18.735045928162666,20.430685322788115,0.9385510862120938,967.2728897621446
36.181973630112545,37.18199362379998,0.7285881948350703,790.293533272767
11.485971613520352,43.83555811819879,0.828297774791524,163.76524717377708
27.685521611351692,47.838673974542274,0.9338925825481087,425.59976903289134
19.475646946219833,33.233799946007885,0.8386903699338474,137.73782342555853
1.9881035731719967,50.49096175182864,0.7967902253837252,777.780902734473
2.0225396641681397,23.4425785458565,0.776166727486662,588.174219801704
0.64628556201093,14.256805866634819,0.8226741020212264,435.21210929159116
0.0,18.379636114088083,0.8137230573167387,252.95368762591906
31.560305828052712,24.469689436219703,0.834609159477443,692.2179126494827
0.0,54.77269341047729,0.8552226716120962,544.465970838453
26.18296219870585,34.033994360014084,0.9479880384479619,396.31916908723315
0.0,21.16629661936828,0.854748275795116,270.53819839857584
10.97061131411142,25.538174117382532,0.8250043191629722,211.375444926782
25.227264142822772,49.51474932245547,0.7424590596452377,189.72285048252093
29.07610230197652,30.890773414043014,0.8895588267719362,615.9327165046228
24.698110382563566,37.79495596868162,0.8578034009225379,652.4629225564786
5.108095915285884,23.359927870562384,0.7856820391070819,675.2361860885002
9.340492824192763,21.420394376691316,0.8965855480609125,926.3181554658187
9.977983490488668,9.963826506782745,0.8556140551255407,695.5440031693317
32.625121984199936,55.79933462502908,0.7364979965904266,694.3338648767244
25.580052217315096,32.627802772165566,0.8872747014289482,506.9448834948403
24.60566970647043,19.673019476824027,0.9382949429416831,730.7786875349254
28.05372195040799,45.31827200048632,0.858018978518324,852.5947763523186
34.30094249682995,56.13757592011267,0.7858993230231559,399.02525297742164
0.0,44.54387146641113,0.7565325269090419,55.91814436038412
24.009028825563128,55.425505939163344,0.741772970446136,888.2781396933893
20.43385799567689,55.09002328500667,0.726272494354705,998.8447478992723
37.68196845404483,15.220369406225553,0.9156700765065978,489.022103632538
29.771733677628553,31.85287444037608,0.9155735167888991,258.8792490191908
6.368511300727597,55.61096130760168,0.8699142436163323,975.5693157955974
25.33388019513225,6.932369780847313,0.9059067959653163,993.4481903006655
39.400336996369745,20.87159477744394,0.8751868615507983,990.2800269187949
30.499651545553384,23.33537045113433,0.7091320624773502,636.2652012352455
6.449772411284935,42.027235166415174,0.9403895223609022,987.8346406337718
9.599022012546142,34.06083535406736,0.7835047871885057,473.44422082087084
0.0,28.217303029249642,0.7912879142156891,311.61855655742863
11.925855972724905,7.858580839105091,0.8544231117629241,53.048295794380884
27.79455873782758,13.88468536845477,0.7369271003831555,861.7498062451998
31.528471147316125,16.444375298990348,0.841774745617559,602.6150567872779
32.81806222337549,6.91122886201587,0.7036722081810429,226.9221543589103
33.50525022997548,48.04298575372164,0.880294375531393,447.51368111981105
9.40900031204155,23.90531658222124,0.7800477367065753,143.79888576957626
34.56523199993306,46.78739267616157,0.9247433890652779,746.6134680806974
0.0,59.287497408296815,0.7246995774813958,621.3711374459515
16.37606898788038,49.33925495565429,0.9355292811323807,869.5114044983346
19.767775144373847,43.70851432085477,0.9220638666931597,433.3726882728852
2.4371748089636114,36.18575745350001,0.927664347079123,408.5723065735661
33.32389293898778,34.43452691395699,0.8521779468034446,683.3935854283083
25.63940651615485,10.433513911559361,0.8390730451673146,686.5415827884475
6.878342968558782,52.096865134400375,0.7203067281976195,268.6868003350002
0.0,34.60975885290757,0.7672153881334058,508.5952649374894
31.711656273086263,34.22008570528221,0.809737481184014,589.2994823895235
14.461124873988041,21.62189456360028,0.8843808142127404,377.95668928423527
11.969352359110426,26.789969550123786,0.8584787230115377,653.6348819136608
36.369899018073944,44.26604459778491,0.9175602180995833,244.12459498851007
26.036445626359402,22.97937314234717,0.7955943803882788,533.3253099523175
32.9498436235496,54.8202991822595,0.9305626024731988,82.70170754885704
33.91632462708007,47.782676199914974,0.8303667336961886,154.55125538469696
9.573779131179279,38.264943072749446,0.8837620789450782,756.5160626578856
15.227405475277658,25.691276442652757,0.8743692780487075,648.5805836177594
31.949675062462962,50.7532046835996,0.8392521691633212,463.770046222449
25.459770581683102,23.343911422471994,0.7308574184501386,116.35299284909576
36.05541257852632,50.030719790093194,0.9297109109683511,512.5375940626262
0.3016573739586244,31.076731733365364,0.7542198255491518,346.2323741375474
39.574910470116244,16.01144439327277,0.7275363894637786,928.7996508874625
21.359523897945337,29.67530847651774,0.9155053799507314,678.2366747634362
39.08939280997507,44.00535474876114,0.8711302195842097,171.8024660173087
16.82904042983281,45.02137297206311,0.9129210026180201,732.781748028918
35.61685442027333,8.988610389316515,0.7408389232536806,222.03112642047105
8.3099690516764,48.1978628046415,0.8658834080765387,910.2735287620176
13.089943806650872,51.37255662910695,0.9155493982917127,290.0304064978362
23.130827880007804,24.52443729486155,0.7727636763335011,63.99470366529172
32.80702784170727,28.957107462547334,0.7088504457700027,135.2820470173461
12.761468017482027,50.62108239511963,0.8830295200828667,158.8916795040128
28.61228127916184,35.19513783084114,0.8901797967837043,563.0561527887979
3.6571443224134725,14.326651147023451,0.7383235470468114,482.1527982467478
0.0,46.40277523784346,0.9441058009511007,795.8138732822712
3.426848726444267,42.76181417240728,0.7701679418007406,70.5058161183145
33.78629452534227,22.184265295556084,0.8939290459863003,901.5817872275542
13.98321134751458,48.048439366739835,0.8136940815818864,156.38476371771537
0.0,36.4413061360886,0.7067967371541231,280.57734135991916
0.0,14.998123754939325,0.9109584507982121,931.6086936514357
23.224534229834013,5.052551596382319,0.7661500146289788,115.39476863901513
25.682581189375025,12.45025187307881,0.7416211036358851,79.13399320321264
24.479617659227593,49.714087685041584,0.8414970751864441,165.4409754351229
12.96007979400179,50.306912147069426,0.7218806219549283,539.484550160026
0.0,6.729889548694633,0.7512552062007657,288.8223034227928
13.914323333521379,28.245884002750714,0.8207820376924861,89.57861114553876
1.5501710652459737,53.91818477544109,0.903189500284538,424.4823037044261
29.760617687325663,49.672897574225246,0.8598171421261744,63.31478733257551
2.355406047380746,37.566303417801656,0.9212964160481051,779.0551814097407
0.0,56.313142151140454,0.7454834984249465,681.980091027121
20.958961338179144,27.931271698103078,0.8792112445883873,821.2167271476004
0.0,43.15140231266338,0.9455570712512996,244.7228023883419
34.53631062766375,5.651785917239757,0.8271791509440074,341.5555200994547
23.614820386699492,19.30456190211135,0.9190429412386528,105.03923200280475
39.87837845506945,17.625788712805193,0.7006321694463634,449.4454487726046
11.377769124614224,53.04440254213576,0.7944509397173517,117.54528671821862
0.0,52.77978398855159,0.9298425171626229,645.1679413454688
3.860738651947661,11.147848073901738,0.7260328261330925,91.78362007330051
17.857622719415417,29.13815468835754,0.8017122720666552,794.6214678222443
25.243430283956812,53.05217143972717,0.8995757262008037,414.7180247179251
39.55596129361161,56.96658575969415,0.9206472393201359,52.144789362592725
23.733429312892873,45.509089960040036,0.9106314332440343,385.3387788376424
32.005208909090086,28.06344486522012,0.8707185112710227,414.72621203525824
24.72511272654787,38.59157341890794,0.7963455687451968,713.6635471013343
2.1120603115920815,17.86380645515315,0.9491386833326839,279.94016585858725
27.52306802520053,10.169730958865962,0.8558249930420125,161.5730354733741
20.328174969635338,47.273773832464926,0.7922772076741746,235.60101172302888
17.133331921009972,34.8682023017483,0.8933008502583812,675.9434466468451
9.271525723768296,58.79122712622478,0.7123565031961195,896.2068118048816
35.36993231509469,5.8016057233712655,0.7327850763112302,495.82651742022387
11.409143079918692,20.572365107021795,0.8496602631945405,808.1676956001702
13.891063541813597,7.972316948140642,0.7387432814091633,253.46137561757214
26.9729057694596,33.50185920564514,0.8980395078944635,53.41118297170617
23.27871374531049,36.595086646737215,0.9101685495367904,539.9945019516889
36.118854245507556,57.647082239725556,0.7606505258359924,679.0258402894892
17.467312347381583,45.3443608783294,0.9171147856609545,412.5758465843989
34.76603950169428,59.712459458305084,0.9138091152233976,208.06734484883262
0.0,55.40101550958004,0.7066805083181795,387.65790436517545
22.804201993449173,46.90259849834427,0.8571894057689008,183.85186681889365
26.696549741095513,10.672485024271488,0.7826247373901547,474.6095568207529
33.08496324811195,22.108606594599635,0.909466586157581,629.0869797656748
33.01347848538601,29.54982645368483,0.8050640168989731,517.4730283858486
8.711010868280058,58.938734928822285,0.70239841486121,566.7474385760611
2.153483554330133,32.90958625441497,0.8936749084680236,713.409004034211
33.1303239472509,52.520383931620195,0.729582833306894,927.6940165161366
22.281509177217487,11.376064679556082,0.8538337209512717,909.398440413426
34.51845165036539,51.28179081934996,0.816484050922805,582.3828885505401
10.539886912724402,12.601903909587135,0.9139609406526087,665.8999085652694
1.3330563474905899,47.06956390207858,0.8195676140961707,709.5268819689659
0.0,25.374961370507027,0.8053239471001565,278.8237055638485
36.79603869003224,39.88123969538799,0.8818314332192444,666.5549773212653
34.65185176478029,16.180367260822823,0.7348725371168457,511.78566679288207
9.047581864296927,34.97041979441234,0.7766182859372219,916.4638400732943
0.0,43.01570445208184,0.81234234219723,380.1367390850471
15.476117236901182,54.75325246740325,0.7365435392906059,735.6716626681731
38.90452060280352,51.67977261348547,0.911232940389793,653.5493762442111
18.943165926014704,19.858230376789766,0.9319781067964242,622.0540023071247
0.0,21.347333658956373,0.9325611410069129,721.2796491707983
15.428263219704943,50.70229608358878,0.9310161462698333,567.4748296426935
1.4300790937709933,20.585390415562657,0.9369144436567075,680.2144315151527
21.642487140058794,16.189934893585313,0.7152132455068804,191.84211304623815
15.381231902171638,22.444004076679313,0.7572505253669706,677.508673844103
13.053743775046096,36.1976040692245,0.8381472419692383,71.2755647002017
3.0323196009673374,33.56073425395858,0.9171781851883078,750.4873876511161
30.867321518035588,10.060188162206632,0.8211296693887584,555.4794373838881
25.684372824666813,52.2540847766039,0.8571564586635351,487.9590648534143
0.0,51.62969371182058,0.7081490136970144,890.8315601195009
39.93658642423111,15.359824264984702,0.9213081312622562,565.3918809819608
15.307938069542375,6.384423404573079,0.8352211483902066,951.5585720425006
27.484054284155796,20.475693153740586,0.9429612382875187,87.6325423651549
24.9904601441912,50.939747058910996,0.847898611540693,104.75058478157415
24.949817061635486,51.63265704996998,0.8955303701333146,720.6599856069989
28.062635572812464,41.679884591250975,0.8338769487799274,846.3868275701575
34.53725555598563,50.467202780548355,0.7361793508952795,486.4140258502802
34.76209533264926,54.38439206409536,0.8828587843675394,831.4202990695824
10.146585096943559,18.32418401056826,0.9059895967839162,631.8291420376315
37.755315356162335,31.572196712303175,0.7583761219480113,889.4032436863076
3.783021163284071,52.74019693438939,0.9230976634965509,674.0540469366937
16.513026041672614,56.971599303380735,0.9491684704523918,179.43254898751906
27.20589112335649,54.47069630303447,0.8840825717532106,191.5367774794658
27.759079195275383,41.84005352115747,0.8476069507657126,363.1796806383725
10.046767122525603,40.465922627494194,0.921398113742581,117.88621303719555
31.738964586940266,26.256754883894548,0.7106201430958015,324.1975051825167
26.085877088500983,31.30824564282951,0.8850791004332281,683.1910236778074
15.115904835259865,22.475111881739604,0.856862739081764,412.3073306731161
12.645966864684098,35.087869603817744,0.7120349130054967,787.8096611380997
0.4189757895296366,59.055155692603236,0.7974350742494022,313.1900454154953
21.981221143065714,56.66998410125929,0.8942197145837302,136.47384192678558
19.79022117975174,10.073936576303995,0.939347289940103,486.8598456300348
0.3096655404841823,19.18958222493336,0.8467909099624465,282.7874307228027
3.7751004253855807,26.141433132144076,0.8059052182048773,74.3775392954237
0.0,52.61037059798879,0.9081346682436868,618.1479422650439
0.0,42.16406230149917,0.7119785556361791,580.4317693301082
1.3767567088698638,44.275936766801195,0.7673234701357919,539.3298246659663
6.0364207263561935,31.75983375291363,0.8598973801319576,537.9304843050119
37.012412185345354,24.342909436046998,0.8501423543834512,593.5266661471728
18.291867806653418,27.46455107112328,0.7055394016922315,381.8536873065343
19.41501989766517,41.264186272472266,0.7256549670335889,137.793174491199
26.382591426845,14.476142131303062,0.8238118393369003,207.81428807536702
24.224079736428095,44.336634724166515,0.8176998796634218,655.6562798168399
7.981861596231705,55.249260974467006,0.7937473557005786,305.8983856419791
2.2949844796819443,39.99478518909374,0.8668566350852656,956.7813705194428
3.2420172941851715,48.759215872336114,0.9306678557109267,571.2425834373778
6.521591582939387,26.362284533004036,0.7629370700497172,492.5225499177174
9.067862709940984,35.936301081466155,0.7188642427584917,223.14955110811422
11.139517234538001,13.67512329979173,0.8237542429588507,930.5381857090158
17.112595634800527,44.58739327703967,0.726243623731915,188.52151302505544
36.05163895537961,26.66830104869299,0.8495038410993647,618.6261166028416
31.652172368278492,46.322724070904975,0.7836333391782455,955.3688182168403
30.6262558468453,58.41593662749795,0.9162599073381731,858.8162706203943
16.399876585849512,40.20607616061759,0.8303799306147727,81.58535889219962
31.927582325253226,35.5988210533591,0.7563176435980553,912.374477268322
0.0,52.82080597814463,0.9056591444698602,63.53916009306783
8.841009411703983,27.182861839120825,0.7153007042167726,121.75018525195782
37.36703601077954,18.69476869063136,0.8137539651243979,165.37345796398688
38.67693109515828,15.544931625647976,0.7092383352040715,757.3992656491948
23.767934034247023,50.45023331053783,0.9381839883075955,763.096307352186
31.55970304989184,12.852674821587335,0.8317833418254601,251.66308832917662
16.928704975388186,53.210747388093836,0.8062290994670395,316.8554625796805
0.0,20.378363904658073,0.7573023567052446,307.33261910419066
25.291922916142312,16.235851193723548,0.714427479621675,190.26079230145933
17.049655977754096,19.673055455713115,0.874915206544079,42.52800808828997
6.241305011128392,38.523893342260095,0.9150882209291675,367.0825528249385
1.2695907845665395,24.9917377956996,0.8664990773561172,96.88723650022692
0.0,43.52233103417665,0.7000421051891054,408.3059549240135
16.26372318454469,38.549848667273196,0.7580606797058376,543.869268491092
8.366846813880564,44.11371760959687,0.7805797966487582,848.8599736473409
11.920702078824986,34.5061372855484,0.7770998894976566,296.2784061880369
31.773623886986417,8.06377272231658,0.8732567832272988,798.6256545498886
0.6399477315057349,53.17927092428994,0.8531831599508526,750.688978889963
27.24508330739865,5.898739957228619,0.7122787637332195,425.5085768967023
31.497321928200655,51.042203972148165,0.8759165340199855,556.9397139704788
10.679118270534977,14.7305595012424,0.7115216560649662,317.7860230927727
32.347763847505924,5.28200698163782,0.8118799686354561,819.5985813250078
19.10287561532063,35.098829523015795,0.8678510717719677,119.76763079311361
12.314257095250454,46.685152483212356,0.8376300042813192,978.4760870013063
27.644636862241178,59.4702611713783,0.9164530045257755,860.4100927930651
27.7846040930099,43.18658111819803,0.7466432565789762,450.6980871283716
35.32499007856009,41.27651248932303,0.9444163766908574,845.2471062809446
20.537599412620047,55.404587158019794,0.8592199234357242,460.6167780573261
2.372870954008808,37.866335011651046,0.8103609732057889,510.7320316641616
24.435231636730272,24.620194607785518,0.898870051266016,497.9669694262304
0.0,10.023027459489427,0.8627140328368818,62.269706664609714
20.74843245811418,40.78102629863701,0.7686800483575204,899.4673887125604
21.16592981089967,53.237195251326106,0.9113016059083132,362.8549355446034
25.192350744906758,43.5839466362098,0.8430310235336003,485.4398019663591
0.7433956692749255,46.38859523684973,0.7872752326700563,901.5098968483543
25.525303263594576,58.960115852211445,0.7578508833018792,964.0345591538072
32.166398180325054,11.724166026498288,0.758368646579924,789.4960344711876
13.47601686192286,34.58646304065098,0.8851594247961403,785.6937691958628
0.0,55.21750178474698,0.799608237501471,494.34958203978675
19.871533132995353,43.61288378747275,0.8747490959589134,618.3277763024877
13.422849286151212,45.529455810517376,0.934091186576909,308.47077520626317
39.89388388404907,16.809008239894386,0.8948689313453505,652.4552799040734
15.477124956357965,40.062111874333716,0.7151176319192063,72.76102351877614
0.0,5.011719074705644,0.8224680931837623,755.8830847434722
7.977308935660762,34.38058036015105,0.7561463234323855,627.3994023162005
12.267673395058237,47.141528405086284,0.7975052028278155,197.69310081833981
29.665276616806793,59.31305225068548,0.8915100941756826,590.692435408336
8.688936208658253,5.034131546551775,0.8007934306666722,739.1734845625006
0.8640143516909932,36.274311434020866,0.8401405372990247,833.676787059029
26.810181809608423,44.977618109797675,0.7353578206811493,976.4434087561107
39.09828406756807,58.43003298142823,0.9051761088913675,40.989100595774595
3.9815213265279454,57.86576921648974,0.8250019511509527,77.46578068068726
0.0,40.97135461084952,0.8298469144044529,627.2657412666584
20.347507029972032,10.902164364460182,0.8328986870680668,797.714161270088
11.900455615371731,20.314055396608946,0.7926964806262762,925.0386962681405
12.549406466492128,28.18340307668109,0.9287591436936705,426.6988659268791
5.53012822338301,49.902820527075804,0.8484477036155874,328.58467117437533
4.545824071278971,39.18196712196957,0.8798456977157709,71.09844263524184
23.817376023343133,54.092676891711704,0.7304515339829659,997.7399222129235
21.405147701199013,45.67173342002606,0.9297303616489853,907.1264041754655
38.97055495845355,12.444003376751262,0.7417899109953949,279.2916883865336
6.198015814853428,34.241969902786145,0.8867312357960448,615.8020667873329
0.2797347066917192,57.38060124224256,0.760614667840127,994.1381541689915
17.72677287259925,15.350969159490047,0.8265610933837924,135.20665917296662
20.41298955031874,24.372871902779597,0.8116904125622373,322.63497842716566
0.0,56.81050589003165,0.712404151419959,570.6318114492217
28.90654338259377,6.650913555862631,0.8404731036585197,215.15854298347034
36.5280191878502,9.056813734387953,0.7502026349909141,970.1973411922152
35.12831386077105,13.058591753897733,0.8133212778055406,470.5160222822486
39.84363562494882,52.08423980679312,0.8566602008623562,183.04265888809948
21.769636093019447,43.264301162273114,0.727303322121846,802.4139623093114
4.990397222735072,48.35819693199882,0.7186466442812107,88.651746171669
20.24225167365102,56.43005518544145,0.7935942590933744,184.1536870900236
24.53626500167955,28.391377573828215,0.8398776071623643,731.6931205630785
35.88249147810594,16.93587654305014,0.8351470208006877,268.94585928477824
0.0,50.122091616132806,0.7632135442729299,218.56085821373927
19.668100932285775,27.147071776868682,0.7617964263196184,695.7731161999819
