region_means,region_thetas,region_zero_probs,region_lengths
13.370927752745205,30.522188149220597,0.8161923450493895,837.5197007985057
32.793929194721436,22.65181268167704,0.8796755716325199,877.398087988999
10.7347510416108,31.4554320735517,0.7044976854600318,193.03364533970847
0.0,40.01133533951748,0.9370330422633919,55.25166534999453
37.19119235957139,36.254230404371704,0.7169286393628158,335.00103241603955
31.90244886092519,32.6869120069908,0.8584130691816725,646.1529602131658
18.945823523883917,50.69007865952237,0.8987417627517527,974.4619529584259
15.888908064814242,14.806498797079918,0.9358287171661852,429.3856215623967
0.0,16.002929829626247,0.723020224835801,585.2896611718703
2.9355639076042297,18.483750683598107,0.7535894991464117,136.15520080648494
5.021326978604347,33.814835769674225,0.7646462548798527,705.1556376978032
0.2734026567576877,13.707906101063223,0.9424365174387861,700.4248634547085
8.347873125432592,36.83804642633485,0.8100658476860378,568.7304975215065
37.69981394228073,20.15057372542978,0.7375527872880624,892.4360520411244
16.82225633411616,59.81205509760774,0.91255925389779,388.48718201249903
30.179143365233166,28.4943070060217,0.7343697528858879,293.3713413763463
4.474239828564794,56.683393427235,0.8706698710710654,713.8727796842281
33.73320632997416,31.56984536947141,0.7972646914260872,137.56976750400207
27.95128953032768,14.533479417606022,0.7234407130068485,40.86070437765123
2.858224060754946,13.915278352760655,0.713430910767303,748.4959779466399
38.24340582373536,48.92139313603405,0.8060765388217314,111.6222414819589
7.437254071181072,17.393537022285894,0.771889471982389,434.28165649302576
9.410927365619019,31.199914509634027,0.8109792477838983,703.5434897544267
4.703470982071648,21.590225038980623,0.7423553827616445,374.51117158593286
24.620269934462378,46.169815545559956,0.8460269689776881,741.052208912883
6.11699240101235,52.66671325011027,0.7451631227761132,868.5321506272182
24.131094306228576,58.25312106837996,0.7170511141151232,776.8850097101085
20.32511552608142,34.96032469171141,0.8698121796909684,393.26627415527594
34.571066332125085,31.837035088553243,0.7045478953173339,312.24872098048877
0.0,32.801121189254054,0.8618298538953807,936.5820532893388
30.13533312136498,15.45902807024485,0.8485012336809178,735.9310807154125
24.22585343841784,36.48432240756134,0.8923579965405288,929.7806195667213
32.12483218001166,26.9519182933201,0.8601516528525398,296.17334963814716
23.889251818672577,6.091833411697924,0.7393346097262887,352.8313311097734
3.9495142926802593,54.21379279544204,0.7145381297939288,877.7962265351441
6.385566921691024,25.76693636387431,0.9451158601635505,848.2833608121174
30.77273609964802,41.449796833933135,0.9476892526260601,711.9472745538637
32.94808601408118,51.446623029234864,0.8756661361536314,499.8470279807942
21.83642080718699,58.89259186089887,0.7978749128736408,905.6923694066725
19.578628901423375,12.63633907405245,0.9164980779403679,590.4479741408471
37.650848440801155,51.507066427478776,0.7882498329441243,474.7092373982532
39.09545749234253,52.36430335711418,0.8333235280752077,277.6950374382005
39.88816871813039,38.168125742482566,0.8122971838823345,797.9174196400021
14.667542566398307,32.12236073689592,0.8347070336270656,719.5787813339789
2.1099619342120772,51.606512614524284,0.9275341206236578,534.5197566387861
24.22087775259767,34.51057162513347,0.9287392923173675,537.6907335359248
36.64693480065854,17.847304583798454,0.864260820810287,870.6436624740059
19.265372918927625,39.46112455276978,0.9132325177044213,705.3357952680327
0.6854644722326515,8.611335532285768,0.8154807089219139,555.7314387549787
3.3223886936321883,39.411752020020614,0.8719987903474695,831.000764952831
15.722278348178527,47.9241855088278,0.886456529750179,57.850148217314015
35.55318857721656,33.26816844376879,0.7342145993922925,959.7860148554953
24.46841206328965,16.174388223242552,0.7193707226854187,730.0861401554528
33.75868043267952,52.52240816368635,0.720675492591383,79.55963127675741
14.926905607080068,13.249874912886357,0.8196926977534231,810.6023609027238
2.480979421191567,26.499778635767488,0.9130193729762104,626.1325597064315
24.762678996982853,19.234184289270164,0.7258413997601412,232.25549286983934
10.32818101010497,16.2543214297429,0.7336310922547755,820.3829820815863
35.941297005979735,42.51578556151783,0.8215067101208583,915.6393964720609
22.41660899786771,12.23346159148003,0.7940447800337165,395.8963366873668
17.687799878148525,32.78630502073816,0.8198232929358213,874.8566773585526
19.316539591532006,59.04092589476238,0.7970656715325585,156.95297607912832
13.583187922288337,52.5415531287289,0.7249954870658176,255.76174220466427
0.0,57.480960705867595,0.8669581417228799,54.5307446563989
0.0,35.46376883642375,0.7547296590668545,323.969414675495
5.4404766787796754,35.61362868211034,0.7755152882661824,905.327994723859
37.34464057920675,48.7565945855111,0.8553069964208098,594.285476443222
32.77915035949737,41.08814966574968,0.8775301933645417,82.0265386172538
30.16433991222307,8.383449356629733,0.7703158405446319,132.7310399995926
0.0,15.511945852078103,0.8258895193669628,88.1908451925041
19.10519847269269,57.6908638381903,0.7241786839565669,999.3247792599803
35.0496368822943,35.95551049235593,0.8890226677098525,146.62418342738664
18.170014034988654,5.5573830548932035,0.7446814613361687,855.4101830608718
6.065665695698808,30.57706619221686,0.7474908287296502,790.1012580967129
10.509345556946577,44.27971506737471,0.8025379008428632,223.58287681491376
15.362260781295443,58.59719021641743,0.8184480292457395,170.68401416732274
26.3157691624059,14.17867524285603,0.7200528961972308,937.4671260822641
8.456006041636979,20.60575919241911,0.9258722366050482,583.4032520867061
0.0,29.523668453963754,0.7329709143846428,257.169925875714
37.45442812712054,47.34945912855003,0.750452942650418,992.9247397790523
0.0,35.94700703446846,0.7382130836336163,111.52249819090684
0.0,9.295050437293508,0.8959415155968459,353.37589226205347
22.072377037187813,36.8277832110576,0.8803689747585606,49.56642558211083
29.574991606335107,45.56917259038024,0.8773132365461502,850.4210777013433
27.556380489670516,29.23828821737347,0.7966800257090471,641.0002410601244
13.041346626452711,11.063356605742294,0.898100508856863,169.34345705949232
4.365947689657901,56.29820506039331,0.7049765823732392,959.166489630145
20.92880713732783,38.754070436898374,0.9443061927462517,534.742659489475
39.22160138610154,44.266760306035145,0.8108378789118016,656.7684745380236
0.4950849609165105,25.376896872962504,0.7744850073859952,308.6707654602749
14.876731830848898,13.921785755881565,0.8041831354625243,679.2634203918082
0.0,14.979915624902366,0.8074115329068025,47.881195980656734
3.415334695152688,30.81124957479182,0.7973391462023042,176.0050965406523
0.0,22.91319096732542,0.8192246149319425,135.37026171609398
15.931534786206722,17.988647503303028,0.893580265842405,807.0921197510177
14.19549178292401,21.45997234133494,0.8872148668467846,592.2492230473791
15.487060684169077,25.493477944279018,0.9197375871939639,625.0236175438152
6.054355708893214,20.83221371040931,0.9192687825041657,399.9209508715867
0.0,12.815685779631576,0.9042930748280081,539.5516148813264
8.851051806292006,27.72403016491451,0.928711015515608,426.64311664001855
27.436378717422667,50.11135193371524,0.8410286753712476,988.9910508669584
39.05434930454047,17.66857555902925,0.8368063403793717,846.2708315744105
7.782424895397594,41.42757067919896,0.8361315929312603,387.17055193743795
11.290916080162852,43.03713031792976,0.8310169971303724,112.04131453397203
5.887751467788985,28.077156010947384,0.8761448859241299,997.738779676439
22.81895004874679,7.649573178210376,0.7149912097490598,525.4916646247257
0.0,53.64921736499958,0.7075759663965057,807.4394039979944
33.60308968278818,58.97114887405784,0.8952934820986242,996.0537324268056
16.867527718987066,33.23856616245177,0.8505985549272914,230.8242325084926
34.543055751060336,26.51210289887022,0.7135238021116661,129.55905400602757
30.540562210980113,8.806642282644741,0.7881898191103349,301.876823067265
7.901783983016363,37.48011598304596,0.742506697091238,59.70337089313421
0.0,41.01776371722369,0.9027676119256907,490.72836437113216
0.0,30.156563015169368,0.7663030725525979,864.7723959143929
4.929525113910101,54.56555379423881,0.7593167905653617,846.6791073552573
13.916274976259958,16.904941632666485,0.903976182322688,70.25492587736093
24.51495658390143,19.854497469806162,0.9486793926430637,345.3411740694963
23.148371838581646,16.283758684703542,0.9081081313024426,560.1362088249565
0.0,56.04502999090508,0.7274437270995806,233.29468640278384
37.0768347953973,30.256695953260763,0.7423081342546641,320.3476391985684
19.23254033576052,54.378389315495546,0.9286939078141128,977.139185603532
3.3705565469480305,28.16683540637612,0.8424905977822426,376.47516288376534
3.593142693189511,30.4452514260499,0.8207981770041881,631.7078372689821
28.039857446549817,26.256310641786513,0.7437653747336901,833.6452440530763
8.187997047561112,46.39388668972545,0.8512270383721688,341.56769537454835
34.03350329264096,38.33816324107238,0.8022556991697259,108.13773774157315
0.0,43.12145035041182,0.768360847755635,208.28735536256164
14.124903206135764,51.59177785755642,0.859903492763983,606.120034691096
7.321281519554572,55.59994851069974,0.9393600567289142,907.0394576397232
0.48461174722877115,18.7856753969949,0.7999199140005696,175.2841821823547
0.0,24.75170187355579,0.9019233430693996,657.3225306035143
15.051044589315058,56.38550318977476,0.8292831784627467,237.0142734236864
37.22445322438952,40.535309886050925,0.9258372267095613,396.0402265313596
27.272020755158564,28.166943356782884,0.8916026534676943,908.782529001221
6.042015438763725,52.183879423741914,0.8946562833130276,563.9038651568804
26.185851933015613,33.37148505642078,0.8804683069659105,164.4902162341452
10.605147009693859,10.373192782018025,0.9018916535047985,720.1175641962462
35.94099289788183,29.316527331207634,0.9177936665985301,360.0892473774898
7.431824168764774,52.95845046828647,0.7227415020343005,541.9431135234724
15.181300060591306,54.67296744572618,0.9342964932265024,598.2262033692351
12.746837024686627,33.62212683088294,0.7136620359329995,935.1019783729638
28.05940680893985,36.517572052678744,0.8365600810764285,181.79888600405192
17.125537738326216,29.050688409812935,0.794205228631615,555.1667611085838
36.49474551042227,5.106227651138816,0.9484752801382159,491.9555669373978
33.68790415235903,24.43865606659991,0.7559631477213977,708.141955417865
39.35499804119376,28.89899405212858,0.8231537413542234,746.8092518296303
0.0,39.523669902002325,0.8436460017133626,178.57320656564778
21.965416255117294,57.48042274746208,0.847115910618248,325.10509611302365
14.324049009209896,24.784893918733,0.8160950407324263,749.4569557416512
18.573224908354515,17.325282442738224,0.7846924342287158,79.31259840820334
10.882400448453298,21.94900305951702,0.7111040951194374,117.90952262196512
23.860245325984135,14.13728936968171,0.8308079294277846,828.4945185791661
24.517731469281788,34.8364805973484,0.727193506347666,978.859424111912
20.758666635001926,12.901723565836258,0.9128344115276685,358.47342280573906
0.0,59.0903309354318,0.7481848075063895,989.8171071426932
16.760746498701465,35.091440620971916,0.8443848540789323,791.3987100799516
15.769553685896108,57.87183462289208,0.7514064919499122,388.63101343639056
36.02162314109086,35.97650020104668,0.7954830588315871,685.3503826113624
13.369911103542996,37.81929626618324,0.8501209089294204,568.1093377020229
25.693450987521253,48.63183321786353,0.7811624656610883,872.4385374245779
32.89704999115608,24.424314602813368,0.9274910780026955,903.559859786487
8.588162371434771,21.663477932766355,0.7181606264745073,431.1869922511843
13.479719012119437,51.232576398925644,0.7513430510601146,239.27053687515755
12.798443701117186,24.247697443818826,0.8725164541710593,153.71017718122798
1.3542714483635323,37.13697012067626,0.8432583953444095,65.60715998869651
23.433115635544652,35.42272825897635,0.7126044298015263,189.08425101418828
14.196027255422262,23.07778991317318,0.940207422392844,925.6875158628071
12.496417368404513,49.787536875128325,0.8873628405279996,966.1766196824082
17.62413919085655,55.89894154622096,0.8164014776977655,395.7757221569818
17.59696264413158,26.686445802627926,0.7555872254841554,241.60754071717065
28.985666835028503,29.757787344447635,0.7424293866298777,826.3218960158027
9.504031969635191,24.65934474834376,0.9445209569646381,217.05326042802466
36.06442728233553,52.01653155086858,0.9430944726458619,876.6875118017136
1.9404942996888834,57.87460760407672,0.7428902300174804,97.25261291753668
14.242888577050785,49.43376205798902,0.9299489034159302,476.489439705765
29.620701485037188,21.158187111308308,0.920866916986737,185.55203068911874
4.285477730998513,12.305822199292146,0.9012406484044744,165.77862597484653
34.64123155672395,49.310790496934324,0.825384594552195,752.9143335617753
5.470664789486925,43.90179740031045,0.7276794857021806,150.58783053951163
0.0,29.336086736783447,0.7034899557852117,620.2929122118105
7.132544672684896,52.91575712772717,0.8576654707787223,154.1691632760881
25.591521252274255,18.348337289493166,0.8022198856427336,904.9559307377046
16.668362857821705,45.03279546377721,0.715769113287605,84.95786460140482
13.627187419140192,34.9918003352158,0.856581765865206,157.25197443277636
1.4212380118294365,43.18984195474218,0.8909085992919639,481.94754727226825
37.21467049887504,22.945738212567644,0.8085075992689428,376.5208594749152
30.62774310471915,16.722750608278027,0.8286375021843365,748.5306908834776
5.573046628601497,14.858304639285146,0.9189816552771062,153.20445304779494
25.20336170486921,24.83556304946589,0.7066563610432415,303.7260392819076
18.251499811567985,26.15274201087791,0.8407988736540395,892.2686171629325
20.612742575497325,45.637450625191654,0.8365807685769469,190.35865226156778
37.13024913782014,43.96424023651629,0.8104039576243393,638.4861625992546
29.88994681464068,43.75542483511613,0.9351208477440734,820.7894823069344
19.613676840694293,16.73384302089878,0.9458919925221612,668.4481002107757
7.689944984239384,38.6249572873726,0.7215255074400633,686.2748358989345
34.380724879100185,36.65320809926261,0.7101767792198219,903.9918469210297
13.240316386562755,48.035933015212564,0.8030463442373108,345.6033474358377
31.56425262117408,16.019328875427306,0.9116413627041657,448.2787270566913
24.232429815935756,32.78028857213086,0.7090846415933807,166.29324144411368
1.1919465988271154,50.04990555215671,0.9193748540974268,875.3128359636402
33.004291809630715,46.68962380562666,0.8876208508422324,906.3250172964096
24.928435368586847,31.69613241366834,0.9457331159951001,646.5766315409462
33.306955643750825,16.641475104783982,0.8685069819559308,597.0036792972509
32.91811895175258,21.57171453140297,0.8548762497768931,615.3993499410446
18.056666783554654,10.700645780265882,0.7952362389076276,75.96100726796325
11.332112166378296,14.167971744850899,0.8045482884158716,51.33042597761605
29.775774457836178,30.272041474432392,0.7972671544318798,793.1118512639348
15.261275804800153,8.281639692249549,0.8046432417282234,324.18423610594493
29.09464154807816,13.602636966362006,0.796656081210374,203.96038158539358
17.035259782945296,49.392999506627696,0.7000050681060217,215.7170338138911
11.361212353136395,16.079752520580794,0.9173417811639,521.1228029358871
23.065136061031403,27.89925110190671,0.8122778181714763,305.0121695455333
0.0,18.372190589831533,0.8836328589681601,176.63957537478274
30.256591255523766,21.334468786205726,0.9390912582625545,338.6757701366265
16.88642569445023,32.04187186629306,0.8658722835720442,652.9223038921863
33.13880787897105,46.67966810244612,0.7111749260021083,272.13089805269874
26.461000850439845,11.295216705301227,0.8770213609942862,788.3108265027274
28.885216263371106,24.47929656945042,0.7433226583924523,358.01130401138096
10.69581730745233,53.573085221073676,0.7621046040308233,440.1176505411869
0.20591332653212815,23.173793808219422,0.9283071881285673,202.09234378070528
6.4369423233000544,33.204134442137324,0.8484017597445512,228.65740961393354
9.588541195167457,54.32544320399665,0.7857301122000748,901.8932128667846
13.483004430276385,12.73183826440353,0.9232952480589162,363.05408848558625
33.957993443385995,48.821404475761675,0.9375097593858587,124.3182733912802
28.862648979509043,42.190977845007076,0.8545219900164822,961.6780092332964
32.53940719538717,8.274456454323868,0.9419462194613651,912.5449204921922
0.0,56.32472009819535,0.8044093358555273,521.039739189454
17.304101120164404,33.1446500603114,0.8134347496995403,357.548692729785
24.488676029723962,52.2516566384525,0.8084101605304231,194.56856826687076
4.3998504978379875,58.26470424790767,0.7287486810430382,580.002532956901
21.637911844614138,45.873405553549645,0.8381775491976499,470.8832960923341
9.29195636878364,19.36858538192747,0.81930306687204,841.4628501407899
21.17400504302707,7.247223162460115,0.9013927860216544,838.8094250640952
0.23022253031055406,9.73759285042526,0.8597003030922289,163.62138294666102
34.93622290548222,38.464771945999985,0.7208935753137684,166.93772519591533
3.9116500383645287,30.02728557046711,0.8861462008088898,778.0285856621786
30.181295610069863,16.020133753990258,0.7647957852714765,570.0868015628541
15.158695747247586,7.439906146066399,0.71900113088362,299.13861535440657
6.836156381293633,57.40193680745411,0.7902345892329613,844.4155342619831
21.030372276083682,5.488617853674759,0.8380838911692162,433.0536468337848
26.396337812522205,28.430498957160456,0.8093534576089645,495.05519269274157
0.0,30.91080320492541,0.7982299065102016,498.1645700430019
20.040072634145968,13.098353659070334,0.7867719929593509,594.0826203457991
11.734433803703464,17.068893913483,0.8207426580151882,420.508160309083
17.744257865228626,36.32877776516643,0.8965590097215822,423.22652802769346
29.01827797977669,57.307740192691696,0.8701084281637423,330.27940434982384
13.66719297069124,19.603047465093162,0.8629843922540277,263.09172615117893
0.0,23.272741243691524,0.8480796896734587,270.47612367345533
28.829119011405783,30.947328078395067,0.8553903740282489,549.2934088283023
34.514641491417926,50.451680757302576,0.7487208048857013,42.555677115621684
2.8766305714606024,36.67009179021443,0.7329163591147274,225.30399312911354
4.621542235288977,9.562939216446265,0.944865687539173,202.89869553150155
0.0,46.310517727995226,0.743387381092444,171.89144985324242
23.039818615930265,54.53132677187071,0.7409945301327933,843.2262085817006
2.7629095919252933,42.06389421682566,0.942846341852527,114.38899695920173
31.75333639910982,35.15407599546962,0.700058477484379,758.739135388543
3.963619015327028,46.688340503736015,0.8251904404978182,193.93787526064062
35.358413168205914,8.81051858268448,0.7061304392199816,258.59900687770386
28.395537021970544,34.996310100952364,0.7775442308747116,887.8179558300417
37.80303556459535,48.280912054882926,0.7412663722557737,420.30124546261027
2.8352479634601115,12.993224868477963,0.8922321789021501,869.2131019172648
11.721723592246821,24.92629451255909,0.8153686649861025,399.65410430216
18.84580904270568,27.254433996641072,0.8969290139127062,543.4363594606776
34.32291500824108,26.632888560233916,0.8829895983591167,754.9302203102892
0.0,14.302750778428353,0.8481184453617916,343.6038623193835
24.492033418373055,9.350420939324499,0.7140191865318513,410.0021114185845
35.9250098369249,54.772110056799605,0.8021479891895112,809.2856743276218
10.091729486146829,28.452888443921815,0.7213700792399705,198.64889959686192
23.592480047078553,58.11344956665655,0.8556383107860974,953.7754747073931
0.0,48.22785164229092,0.7542576461449944,762.5059695964077
0.0,59.74055819807918,0.8287737101163004,409.41907608897617
13.687295059943088,32.28972101393023,0.7208780840620173,281.83905985541605
17.63632520594665,51.05801866992195,0.873782267361542,247.41359154226905
28.623212566691926,19.350401408201108,0.8949168006198636,295.70918663844407
28.145644134903687,8.235201406369981,0.7703243288349232,814.236910111666
39.3095201848144,54.860429869865875,0.7929230223964738,585.1508941522038
25.33264871530173,40.090098826210166,0.7487502667645533,211.3907433659219
4.060324405113474,56.87219678714975,0.7196430338438944,72.32858975301741
26.798219142867744,27.86230633764244,0.8726874958899944,718.7107373522211
1.1187967712974702,43.876433166107724,0.731383267223372,485.26885979520506
32.24629457287653,52.263747672594555,0.7960422815901433,638.0955613435008
0.0,32.5224281600166,0.7139523911739016,723.6705080906792
38.538661375126935,45.96112680742695,0.7717040740712222,308.45344629465137
35.91569067789395,27.267601316809685,0.7807981086703044,956.890858162436
26.443830448516543,5.183048309704557,0.8333734141542939,334.4909238458399
25.79196364855839,6.7564163145073515,0.7507228495759333,285.1324365699462
26.463249415974012,33.640025143509845,0.8972757179323327,55.01040013129707
31.798858295755377,51.03363680094427,0.9082161589294591,391.68521315039806
34.50295759421982,49.061960139895255,0.7660854899084835,358.4726479659141
28.230806371881023,42.261767209442496,0.9495278854631417,926.5744032358917
37.122469319631165,17.136221029953305,0.8779284501718476,830.3092334406506
26.47842214655593,16.39803127596825,0.8808457580993405,398.66286611509895
0.0,34.9910704666082,0.8516277186776187,689.131712870972
25.70679873483129,52.72221099023106,0.8862297824638086,851.8389262099532
0.0,40.921104121857,0.7718542221807096,383.1361458068997
10.876474599414914,27.37587476708709,0.8624054358010486,896.4219331189183
32.2222977713159,6.677623205592486,0.9447937685857727,297.6045972776815
4.469650442046839,59.11539216985362,0.7548937082166237,631.3199418717097
19.974443124412822,46.71940773002243,0.8073136398191433,257.2361689501225
0.0,51.94810024283697,0.8565557346295662,73.44643821390285
25.478287184323726,29.32586957557409,0.9018115815464038,627.753774717482
2.6079168614636083,58.04186321526851,0.9166510543842765,938.3873969480745
20.42788256459768,43.59116544774963,0.8902854783180947,281.5817396312943
0.0,39.64590153255135,0.7782044997424439,221.2840671868838
36.19205235912401,35.475720294918865,0.7796388928015202,296.14423054026787
3.039127105818398,14.885080643218684,0.7492641388556395,632.8601285255772
4.00443659697359,56.57899144033609,0.8717451872846353,886.8448778133144
22.876002529630497,49.610161843971945,0.9080183861789202,554.8824170311125
7.998328052040019,16.821348494188502,0.8899887893167112,663.4715659732668
24.1691710321421,29.002330563000402,0.768790082773634,57.25324741626569
12.611640785853497,23.08059948747076,0.8568123059386836,972.4858354187245
27.01682403128972,52.34919889453225,0.8495854331303819,698.9405775934765
24.286149102364547,54.67126049424461,0.8878532576426568,849.1671203249311
7.477023903359183,23.74844619281141,0.8542946850778027,778.3712630856891
29.476182702785735,57.69203200276093,0.7890432070655442,891.9950404417827
3.4068623146730856,25.45690529092207,0.8009839772209314,771.3109497328566
1.7405226499620994,13.874110433119972,0.9254621213369388,357.7793448444403
5.104643664724489,40.12530281767034,0.9355444902586686,136.489240004498
27.8003643199827,33.38327397719569,0.8767584576117715,145.78735689479691
11.62279704746471,25.46222738596772,0.798135798149129,709.9646559719624
4.066193525723216,28.569280464575186,0.8166267713009538,247.7645683068376
0.7034553388696125,15.744673187069568,0.8568292976464965,886.3381844131043
17.551801570415844,33.341724407971654,0.821249603305493,483.3832431801203
6.709767746153541,47.31873660877969,0.7405156321910589,888.2890874898835
33.92996454845731,15.996886342440359,0.8364274456668808,936.220380064239
0.0,25.76935801254274,0.8040577281187343,957.99095722145
29.556550482799324,38.86953824345818,0.9429029815231174,386.4796442972891
27.065004683432775,33.22747362207315,0.722938289101925,808.23370783827
19.429656689876367,11.185098003180457,0.8375263518268043,927.8515556097651
27.87317523554053,57.58817121148668,0.8773745354244396,803.7094920133605
10.27916749578598,14.80708318096826,0.8142535365370189,79.65110896141162
31.87156162046627,15.13880117427631,0.9144314669809996,179.20557461472313
16.364382008903004,26.324342577988315,0.8291594504942879,690.9628111981112
7.813754733709801,21.685268080414364,0.8931630038108271,234.88214228117758
2.166931326789482,6.60156963696984,0.7350865092379266,996.8944091039095
23.148299137492277,43.451057761788164,0.8307810348716658,928.2406839906499
14.41552147035606,38.081424692292416,0.7617099654038613,875.8333122140427
0.9865002175124574,5.8893071518217495,0.8969649117080208,553.5941409154113
19.999894061710688,12.881212355019557,0.9050767748837242,432.0111536643165
4.165436876199136,44.898145294891364,0.7087246550318175,278.6309092295785
36.16771000978368,31.19095018459455,0.942442249300052,623.2348634249055
34.70585813511031,26.113524764578518,0.9415692606168442,98.28635427113618
0.0,23.530060148470078,0.8884956747032504,964.3703423895386
0.0,53.682430277647626,0.7831086633407203,144.66058165262933
0.5829972686798616,26.86198006479052,0.8238214775110274,200.78203909817634
20.234072741858725,22.364250018613355,0.7011885422859824,629.2464899359074
22.15151536752972,39.00661571675739,0.8118196342147408,799.637227990303
24.59111405582773,48.14742084848674,0.8095206326133887,347.1658677275375
11.223534730266403,14.714379222260419,0.8167402231864169,529.6249582275468
35.07159185967956,25.139737732509055,0.7904796268369587,315.6295858186881
16.033461215109895,25.58108349893454,0.8742095838567729,554.1205867378345
30.116939394038344,55.61433122422894,0.829466882000444,647.7691095843691
19.04670539765225,45.803201120449906,0.7043788397503236,600.2799934130865
0.0,22.59277090972664,0.8472666112675742,637.4672722909346
9.263413008973357,22.35759354700108,0.868282808690196,49.14181210806124
2.473421339055288,12.732036641734481,0.945206489608297,218.86850100778975
9.198919439716187,49.813938127607344,0.7547213095827148,968.9859193478229
39.70977165572623,56.17339651171092,0.8823715454349716,950.7943676963978
34.825396288740976,14.10054548273516,0.8414063237282025,950.1489973419106
1.2287331795236436,42.72352150448847,0.7721072170385375,901.802666173815
27.83604845793297,30.696856738417708,0.7429512761726162,74.37697574119866
15.995296143388591,45.876487301682396,0.7698750567568233,49.95476093104621
25.564747607060703,30.019881363113527,0.7725795681172578,849.6998075049481
23.594444921475883,22.259644097696548,0.7037205309727513,193.9139515631004
0.0,26.67475552457739,0.7535546491879447,178.68238461255726
8.794518939745508,12.033115224784193,0.8211866090473534,887.0398609829564
0.5784868007569478,36.09222630092121,0.708723119346158,867.1676958270072
25.48343033563793,10.577129598475697,0.8227903023287334,797.382540674535
3.829389585231211,50.19890764842396,0.8070487924376202,607.183726590364
22.15692871566699,35.15158238709443,0.9013873573167183,748.8495793178585
6.0463357741934605,7.835859766901142,0.7933102709201063,492.05524843100653
0.19554562912008955,5.428664675991125,0.9181938515986071,362.6419241161164
3.7154347025315624,27.104700158583167,0.8552459425085102,613.6286666704243
7.450849814768721,25.76576088973572,0.8901738602482376,453.6006967849578
26.115999976566062,22.21279663648308,0.7190473663422272,743.3896457546803
2.068957550025657,52.262228804817305,0.7086346803156818,96.69977732257291
37.692787854529215,54.59299468009711,0.820214250603691,975.5474644995322
5.2959324416012885,20.27251312384214,0.8796385310730253,165.86540428077916
34.598399977370846,31.626074765811822,0.9158987940610179,206.73855330937732
0.6377731441024205,51.04990144807812,0.7180660456620666,141.011342990454
38.08297485388306,6.5276521669797205,0.7513225608809062,589.5102563827576
24.44134540931539,22.462728513671347,0.7996627773523164,742.7710719438651
30.749273842914565,58.71247015328087,0.8256537899169772,134.87869460077565
25.384886904021947,8.461403534929437,0.8946867424071953,915.7099548594978
0.0,26.388397933712362,0.934372340825276,244.3134628468552
1.802205562791032,45.08417756362567,0.9450662462646546,309.280539784546
20.420529869710766,45.58955713508555,0.8870285572316756,193.97634318981858
9.88769580315822,34.043650011451554,0.9076409404342449,622.9013377520032
17.724270509243865,31.093599296994988,0.9299844588649067,193.6717486100605
29.44012455283014,21.670276455737945,0.7740384676456706,521.1277723372051
22.77306673091196,47.07991080383539,0.898508372104674,750.6302747154217
9.998557094752295,8.317689705252285,0.740800484630663,130.3976487571671
18.644143559151445,55.28495515317946,0.7819664322853437,832.5491576003857
38.07777100902589,18.580316445304238,0.7048078459718587,556.8593250430833
1.2875070101234452,39.44704128738481,0.9280059164516006,65.98450961735622
16.289506390132804,57.2803623461386,0.8947909785101275,635.2380691675264
3.3325544989675175,16.491075390171652,0.818115698136905,663.3472730898621
16.600180358012352,6.952542972323535,0.7951641803028956,545.2511249319065
15.09932218157694,27.627950035558484,0.7605244257826131,446.9699461955208
29.162610775084474,33.51682955278979,0.8435451371813826,362.04825459796734
18.466080892323514,40.630791856209136,0.7695774342397944,615.8965408340551
21.568850561033567,16.01114379860433,0.7458092112241053,978.6612297072838
7.53480020023187,42.06071554801954,0.9270850146076174,605.7401136428706
18.292942922527978,34.405817164731914,0.9175658014428446,349.98880306443476
16.197313458830276,51.77710992404943,0.8329972378049337,198.69992757372103
2.895743577825276,10.064956806774154,0.8180848979049161,696.5687034528194
19.538047995231018,52.94001942745266,0.949140733151121,863.259923754266
10.220936060390345,23.405389316013494,0.7028702074510521,972.1459490396771
19.50108724148807,38.78363555784233,0.7674097726559708,407.46321645719877
21.34752284539324,22.227394164412004,0.9385588295745999,999.2814240464152
18.956744230428097,7.671081472210441,0.7297992235468755,491.7631109430082
33.04940566212276,52.828112384524296,0.7553107174450967,923.6085355950831
6.028620944000633,32.54397476319385,0.8389559545924081,997.4328735599488
6.249840322584014,58.01422437809177,0.7557745963255414,983.6234887249666
0.0,20.15672454139035,0.8275227499324203,98.08911460496006
23.55415247448331,47.04709548058961,0.7157260502301561,306.7593489303851
8.515607793297244,54.022182318851556,0.8715789743714657,82.33789699508318
37.552543039597396,13.692580007077307,0.7908301590676666,919.2092377260183
27.940440747487965,23.62524679700183,0.8223830724546874,70.40060071527333
28.75391118063132,57.1523760761033,0.7018672887337869,665.2554850343631
30.92080882774926,12.654662933024529,0.7343921281802339,64.9382385609352
19.346421968182092,25.676690693310352,0.9464706858153142,670.1137900606739
24.105006429542424,17.712237459672803,0.749613402077379,288.8451935324319
17.493720686284995,59.56218209882165,0.8779538208607452,996.4507036814413
25.311941816344092,53.04379282376886,0.8424296594809715,497.84755474585813
2.2457908880811215,21.646625116980573,0.8906535253868013,511.5902144530268
18.387508117556376,29.720124970475062,0.723848253043117,229.77935734729255
14.57341003039074,23.852748449179206,0.7420341672817393,789.3612743022229
2.1704488031117006,17.993798181031327,0.7239329579281719,260.6190272692506
20.47667769179529,45.511611789755314,0.8082897243528661,902.5826799570626
8.40109075731563,15.035848189566899,0.8625366031686573,406.5164956367626
21.884610441060477,41.497928827116255,0.7813551156560855,358.4476672262052
20.201753460145387,34.29433846424074,0.8178779392034246,472.76009900052895
11.884860007323436,34.81228649062836,0.7227486264804858,124.04353317826853
37.85434555770984,14.615469874683114,0.7749294865354642,858.56958172458
2.7144429361592484,7.7902577025745385,0.8691580627849682,400.3416855257438
30.278035264883755,19.94468450254292,0.7542290114369323,846.7529522920867
27.732089019959272,37.87448099716033,0.7528820200919426,282.07538066574693
24.42055451414646,44.36136179168182,0.7545154561983524,770.6099351838691
16.382005321517862,7.532302813345801,0.8029842916816476,256.25194206549975
0.0,34.32177710359039,0.8287540539455394,685.556985103563
5.456250578330993,45.635802847401166,0.8142854008351904,842.0117464608642
17.09190756164225,35.24144803229632,0.8198114068512583,155.90954151613494
1.1537801102216536,46.463898333394425,0.7539996162965734,701.5842326807777
36.60416360457043,44.147647571459494,0.8483237734282779,545.3600368266806
36.9416726536943,22.39500810695314,0.9180739890372408,83.00460824813828
0.0,23.97678484478442,0.8885450443429207,765.0127047256631
9.9090380491636,18.817617180062765,0.8310813678139537,937.5265723087613
0.0,56.03110077089529,0.7470827072670913,643.7870503487654
5.98160498471425,49.108292101666635,0.769205753211189,912.7418937282401
22.328340319300466,31.001750088312214,0.9456144631609712,886.325158922166
12.105474135239067,50.804683763177614,0.8316140135440057,163.74757014695334
35.84988858743135,7.6101902149847485,0.710363205016339,586.1795644360598
16.763884008187148,54.73328677143059,0.8458923075171598,584.2400953246536
35.01755252842062,23.832267569119644,0.9049393434055886,445.7515480784127
35.94600838568995,51.768852318972144,0.9480883971781705,182.32381808165158
13.80001576861679,47.56612200040346,0.8600980175155502,570.2533684048808
18.14540510729122,44.75367665706607,0.8605505100334674,584.5025019253858
0.0,41.53760462025334,0.7258273160566702,73.20942601929083
14.019276757767221,59.56435055801981,0.9178945049773423,953.4742041643863
0.0,34.146329271603136,0.9209814576537502,259.6723195603337
0.0,53.26832670611476,0.7742400373110204,190.75580023854894
5.641336402315011,33.541719258606335,0.8944947459181755,650.9121953993092
33.48228859818961,41.2075370236059,0.798905215747642,492.9753433242342
24.5205278837368,57.92135823352974,0.9274722188835544,106.39981121069223
22.54781293922788,30.241181306954683,0.7039814260890112,818.2414102573542
33.89900506801184,50.16280583162384,0.947837128891197,912.7692808222785
10.600786867893216,48.05388356692529,0.8619193183936926,262.0115483181312
31.989871039491618,15.223283538636352,0.8438055992120164,917.8506942059787
31.66176332091667,9.831998516654295,0.9304887998339471,182.64966783481896
0.0,46.00139983940675,0.9122492022127087,953.0189329111759
19.158170090075437,28.200737919705688,0.9031274515145429,332.2196916243025
34.247061881005706,44.3415941654315,0.8846101991910856,643.5553628944892
13.776946434807744,15.313059870333165,0.7721784159346945,935.3993685456705
8.75039500612278,54.25859536074182,0.7795859243517322,986.6393895149827
33.00386510477781,29.053759458221403,0.7722588711486025,824.6501367730107
12.637727323211596,14.917259605311331,0.9049830218735782,74.02322095294534
10.715938156823032,25.843226377462805,0.8982649447857212,285.1577484209211
11.768139682015555,7.391766648524579,0.8474225519815283,741.4722649030426
1.7783721564197252,24.374712583926637,0.7463594234452073,87.64492278808515
28.635403088836522,6.332127505493435,0.7634837070012677,765.1401958077344
39.07043925356389,29.203965029555018,0.7409822530260209,45.04207093969821
31.163460819865925,43.1260423188462,0.9255924325720506,791.0289367275681
18.498557789137354,39.08234446339173,0.8549568773744177,351.8322822158637
33.58563237839866,14.320174090281073,0.8121106789622781,73.82920456128775
5.282163624242355,32.57658012159731,0.7414549872711913,689.9783008494632
7.023501207863593,41.91640090540703,0.7838567065881304,804.4928160131545
32.84929029930636,21.351091228672885,0.8658365859414381,248.67024949745263
34.78118339816593,14.017858003343902,0.8110439655541137,993.437270040491
36.34231619993129,48.60672134256665,0.8913477007350716,396.6167445238335
30.72145937159329,6.906165248432955,0.8403229834856665,543.7215266699923
10.590523828132914,42.24081020933581,0.9153023947635129,498.3904667989691
23.890068803936344,9.668962501865119,0.7068444050896238,136.29268200630793
24.941128748853803,8.687230799011678,0.9408564952778337,802.0581412709159
0.0,37.5404122736117,0.8434119427343509,261.5033281809108
30.88105248566645,18.40175493564061,0.8150184781680486,743.6847513558876
32.23382045257283,58.34279519042125,0.9485612826821836,560.5182733353003
12.286376663701947,40.15900606278662,0.785940850267938,764.8561642323832
31.349704005063867,42.736334356446164,0.7069669388142563,616.7887774166848
14.842161448740573,34.23498507097119,0.9117587638155298,549.5325388532459
33.20095146398796,9.547606309408112,0.7878510054254435,914.8145590115132
27.881325040771518,40.999305509917825,0.8855089105986865,425.4467402035058
14.367105902514613,37.79882846400834,0.7442449400211586,546.9607044808033
10.764320847271616,30.052756842735437,0.7117478925540692,134.28897630552854
15.385440043112517,13.094488687926233,0.9251915258429761,233.40079135539185
0.0,36.44317788379229,0.8430676836362965,582.4135208908248
26.8577256499339,9.517384640974035,0.7187769674922829,114.68976854858712
26.650723084607023,42.22142528670041,0.9015684206348478,786.6092514236593
39.52560333595626,43.58884446575169,0.7047665355835812,147.51228353075027
3.8635643877363917,27.63248114874549,0.9175966543684256,564.3576148819344
0.3291109468148206,11.474273014095225,0.8525508027287062,631.4867042869749
19.080325239388728,6.1722213376842445,0.7636447107010615,536.5221129198271
8.925156129158918,54.91878445011182,0.8337450124959809,610.4661906309059
13.72883443116074,11.48032136405879,0.7392416165664597,788.8057998250828
28.506811761417527,23.41595760883282,0.7018990843252161,414.9138711484336
14.779265498788813,28.587025138721597,0.7533273105013607,577.1955948834133
8.958665294565677,31.42366118314899,0.7810588484234218,337.47584737066126
18.732879287065508,29.71932291204479,0.9355171868622194,433.49551899464734
26.26555872389104,39.611835362155006,0.9336259359522706,943.3681482644604
23.472155155134804,45.06901813577914,0.9449056248155763,476.91289940075296
37.449152791796486,28.289796807892067,0.8308544104477419,181.60741991974174
17.70636071679607,21.425791282867312,0.8396611468502174,288.7930087811261
0.0,44.14746466299232,0.7613647423724735,240.65877532539793
7.901522718357715,58.553944949406265,0.8964798282491299,619.556720053386
29.666816369830457,25.701638239243472,0.8261616326243277,315.55932072403886
24.35255408099548,12.498548280129112,0.8769266812516889,888.0669658512109
20.887514731628933,17.17690202266932,0.9215364799369455,446.659755435865
25.712229742547812,46.33473314271809,0.8912221775490763,667.1121718448312
0.6399380516341134,54.423672543787674,0.9077653581910015,815.0926469949072
38.98856154364114,33.01082804154439,0.8565961957698927,769.5027643829509
17.481443670834043,33.35838220230079,0.725474466073456,217.89693354053264
30.933452290742885,11.183712733358046,0.753808300169055,883.4316454011797
0.30509291354642126,40.832280730829076,0.8729295487101835,994.959263196803
26.86652279146398,9.116441717925275,0.8600799211888086,326.600544726945
10.557422825249978,24.95545018393852,0.8463790098475237,41.87502584831762
21.563916560912116,32.033490722962675,0.7520488333349538,651.1911023339076
4.152530642195141,41.24791289800035,0.8326361147540071,901.1990373791951
18.64094194742638,19.48712834216241,0.7076115256231784,627.3758266392138
19.89126417419573,8.134276085165196,0.8548156278217165,911.5600382348734
12.250822534164426,47.758383089268136,0.7909975916074362,958.1224722371926
0.0,56.54414403358523,0.840559527754929,138.39977563937236
29.44753919347455,47.853924893623216,0.7532866144140884,496.31135981754096
25.99455059752623,49.35078876168136,0.7266197716259271,438.4963882862923
16.930971270140756,22.996974799508532,0.940891052433344,552.3538403670166
15.231520478346505,18.107838599238086,0.7863574045385013,921.1712151958541
20.799461231892785,30.229948599672646,0.9266347524316072,328.136806328404
37.653700549860645,25.878113002642436,0.7861241357246844,372.4351198453613
18.360742521734867,19.835135820328066,0.9147400640751514,589.0400274976483
10.631722050651966,18.28222332778302,0.8001437392271141,608.6086460135116
0.0,25.28563733044105,0.9113099008425238,594.0673789096369
0.36485013931906674,16.058221339062115,0.7577354045391788,991.5552953342277
23.73741111988157,5.7513740775591105,0.7733634564842415,802.3021349457573
31.916769584063434,8.651567113934316,0.8071813319974324,77.30535216267495
34.857641835066865,20.173803113627667,0.7591023399827814,676.683142159788
0.0,33.32049871418952,0.9464618168376666,931.2793524216355
11.638549469077617,17.462100793092773,0.7366988244587445,847.6304061578855
35.466740368685066,14.883818700539669,0.8440063713752347,696.9949192369228
32.56849930545941,49.39478395433897,0.9040422361052469,528.481787472468
39.02429893262732,17.144364804452373,0.7475875266643812,156.69770005743595
25.667094126099887,30.1287998040686,0.7864051363340534,626.9533159543897
0.3651290823277225,57.52938365827729,0.8884417956335575,255.6836115326834
35.123636982081216,35.094072676244295,0.723173511372435,866.2238017517084
29.481693265291455,21.386480465959853,0.8479634310124415,763.8699048171761
10.921725260035117,57.86434163103239,0.7217418440781115,914.8060749815575
23.987338958844326,54.60966151895211,0.9465314531854369,950.903522071837
7.358142659616058,19.384945916078973,0.7652213211938259,993.5727407253314
39.78596781510286,9.095303311519118,0.7857857125027277,329.6224512632207
30.706329546538168,49.80853727450842,0.8048291614236956,814.9191572637029
31.250264503391616,33.717084325149166,0.8582636087942082,886.6804624233808
25.330299612659292,12.54523808107886,0.8219480929794811,552.0247961445706
30.08051420293994,53.276972994309254,0.8925288730695911,225.65499620711648
15.215302143271362,42.35425818498029,0.942477863366252,349.2464583574016
0.0,21.830341441938018,0.8649976518964503,803.8138791814326
27.488419172188472,44.19275328433274,0.7405112651361037,923.3018369592064
23.77105571229615,16.825209593248573,0.8779934504936402,901.6477606540889
38.10153618957467,39.035798380648565,0.763141198846982,917.3616202836251
0.5469929118957391,45.59116791416854,0.8021366733233938,669.4011037750713
0.0,51.233927934947694,0.8231989479498574,213.7206062295084
11.595914451771137,16.73869773084432,0.7413252180663195,736.6108642040464
35.568465943943195,27.51117557958473,0.7688905895072659,127.9950101674535
26.12864146228988,23.88156374236854,0.7742938349960703,563.0372294193786
16.035693504803504,23.964692352647848,0.7792726383992343,581.1748378115045
33.80133757598558,47.535068035480556,0.8725013396484382,610.7475757748234
30.103266825574543,29.066733488821036,0.7254794543100742,827.2413723118173
17.4140540254124,38.545875621328264,0.8617875298324127,859.487295690805
16.928864163788944,29.16208201019133,0.8137123650278046,919.7736371876961
35.078429870715446,44.047909713402824,0.8955414868050121,852.2317037390502
1.33542643282444,49.93330459729237,0.757291972064678,768.0405212752032
25.726926602337034,45.996865516492115,0.8166944634305373,623.4464263396176
16.88035952297931,38.08575275706018,0.9413119110352656,469.93529201581276
9.093096237771013,21.223195624491375,0.8395132510670879,381.41672334005256
34.55631671827523,19.45505014745155,0.9471560068522165,332.9508329565277
31.27866297486088,14.05142537806145,0.8290231190055457,238.56056198453953
29.416777931001327,23.799438373046605,0.9486464044969973,632.9300778459673
11.247183272585376,36.39671827201865,0.8046457361625707,193.9230278096997
10.873499837045582,27.417138459529912,0.7184844682903744,933.3502193296025
11.043388329232547,34.2259688436262,0.9096034211153683,135.36430880544603
9.620053009418495,56.00672211059107,0.8028567367886762,510.8333888441565
12.644409860933372,33.94083608711745,0.7896107873156595,754.9426070491315
6.958793904717076,51.138530761383514,0.7180510901247245,379.47859185980747
6.289571353023102,13.222384217152424,0.729593263363995,543.3698882295654
23.74778994662277,28.40834894826395,0.9452452225435175,165.92962223846254
30.390106527281233,32.3130485667526,0.8665528202254374,658.9198912907458
20.99114392013448,54.041196003555186,0.7589500150149264,591.4701801416627
22.390213998234547,11.50843842785537,0.917281603074989,939.0487436834222
39.57132509423355,19.52205522281082,0.8366133983374385,414.8220004463873
4.703886945561474,41.906629053692726,0.7427546426460395,456.74669682392545
36.60678862453515,26.248241250447354,0.8049993229979769,279.12352196015297
39.786357720683775,57.57948010701816,0.8685231982180419,170.08982071806358
33.28348994388276,49.37855858125408,0.9411729576330214,896.5522493803671
35.004853982717,13.809641823937412,0.8877521889692429,575.3814549520822
8.540744315010613,52.08735152160066,0.7019737618591586,508.7811793345881
0.0,52.31466253935447,0.7940109944429786,811.3656932305634
6.6233027710183565,35.73053431790745,0.7681472300631008,183.68355253136366
30.996287434808863,25.92338279785739,0.9279209380707298,775.4347614376705
20.7415324134184,11.2237861931656,0.8990856694303222,553.4808318030838
0.0,56.71289882757782,0.776795714993739,525.8667984339285
28.17420993590672,31.54814973128364,0.7495580937945926,297.1689728478174
39.09074849595053,18.297982765254368,0.8913532577368685,150.169274132886
28.45096170634925,14.235892278037877,0.8293194656225861,292.6945883564617
39.35563343379783,38.08509685149558,0.8087404604154211,750.7663702803503
8.331868443363655,18.58460734560784,0.7099674732558233,989.4866488216103
18.219168851167094,14.923105672081634,0.8490092319340354,277.65007412325764
12.14946720664882,15.617188740067414,0.9477233531867832,46.914040544202074
17.916441651233477,57.483258158348576,0.9158037172233189,515.9484537701986
29.68250755919408,22.89948653279814,0.7841478947989086,192.22625502214808
0.0,44.600787148276396,0.8574975920215675,888.4864744771859
12.671699686139467,20.665337873803704,0.7266560665580544,422.101967759114
3.164825714439277,10.794787297921378,0.7074635959496048,477.5778737053454
37.91297102879176,12.031459372343136,0.9289297868629467,179.34660414179106
0.10701549963972933,6.832964370304974,0.9262548548541063,656.1795131194438
39.931767378570555,51.577475816066276,0.8948541444882233,273.7323300646494
34.26225431305269,47.73584569446112,0.8761981184732116,753.7651714444245
0.0,14.644511378680093,0.7247313232474663,388.68372244923944
0.0,42.76953190312994,0.8923028158261445,131.10007543229045
0.0,10.363871249100526,0.9036967706182324,228.32439465283932
8.872201601625253,27.689476735969635,0.8326658179274244,604.0169146076967
26.94947791708347,54.39445126075136,0.9479384842447347,958.4853393255529
23.885652616297033,34.87234149171599,0.767199617695324,514.8437610131388
31.306777842498956,17.799248392576153,0.7211212820217843,487.0615397152248
13.326763451144101,35.009700292413406,0.7501705831744783,837.1715245091698
17.021961542848153,43.56184025112324,0.7719502929096852,883.0288154837206
30.69918819842379,43.255018411630424,0.7635616947064416,409.7028514414866
29.863622713320563,5.786520124862719,0.8057627243976293,324.5497113055635
30.74119716398233,31.18465786357807,0.7421747162937457,57.204703545542515
0.37239366341495134,32.30239647902855,0.8460709876686747,490.5416546978139
4.489856886890462,18.058015445344015,0.7152698562323179,750.3272181325573
28.03195549693133,23.041502518279568,0.800948170066344,322.8461237050718
0.0,22.96020070299771,0.9075244487424567,972.3560208077171
19.856519771798414,40.032383273581175,0.8513350347818435,695.8372682417186
37.185739324557055,57.40435859174708,0.8391411146385174,103.71817178973114
34.517522681659145,12.295971434594025,0.7149341986141794,620.6419374643123
2.6527063912513906,15.720704995824509,0.8550981355205489,851.8485029493081
8.874105682090452,57.28279455586685,0.8189225105921514,224.4333349974723
28.8325983457694,58.152125074443106,0.8803024859524062,595.6217259302815
15.541870485144594,38.1982393761752,0.8939055911841189,796.4057141932427
16.99148453897938,9.30121394866729,0.7004218312914265,154.83111586424184
8.776327799787957,51.439519329776196,0.8776189744328355,566.5141351313368
20.9273460876062,32.50442018170664,0.7236936058011667,864.9861356994402
26.910589623576467,32.67961400468741,0.8903060100675491,879.0996535477402
17.19852396611214,36.00777842767891,0.9104034009367196,984.1743128071421
11.204404337981938,13.489237270739045,0.7590144568282511,424.5700648078912
34.72298085468144,22.930079766788424,0.8166319041394113,964.828959042204
14.063925156093505,55.77739626975026,0.7377230472797491,590.6352410361844
17.232094040813994,7.983154044329109,0.7906458384140236,313.41377056476784
33.900301929310814,34.44360490507482,0.7591439529013188,567.8653673473126
30.61518090589344,59.48645338481913,0.7247653045978532,605.068108555164
2.2414015312020443,14.774761604936364,0.8342618196701692,720.1353625309666
26.757271228086335,57.68167627801648,0.8762465210779238,175.43772120695294
30.495387594995744,57.617905761010846,0.8059062832942282,447.93339746408793
9.087861101154353,45.24479438822803,0.9414660679607206,484.6364847846856
14.242137865466935,38.660391516760605,0.8197536921039509,932.8172436254289
22.967224202261004,12.175853669801002,0.7250125446391424,537.8610052939202
8.94156109350083,52.37096787505432,0.9007500161081988,162.196797398123
4.596583903501102,45.189158864884504,0.7781406589802723,424.3310037619236
34.286819343608435,43.45989047576,0.7069485886080855,362.0255293200875
14.751478012551253,44.115379510782425,0.8776115249987648,919.7564138832225
36.60832961828645,12.73909806626823,0.7963176391820537,470.52017069090203
17.820768299372578,37.311888239610305,0.7439329886439199,246.5039018664842
4.351401309677629,14.138907641653315,0.7695062477982311,367.52885048344314
5.03401860189716,59.565269211331184,0.8234397409262155,551.2470202519934
13.89355754754309,16.91487264408255,0.7911645499022666,200.96336150371715
11.024391902996348,56.79313528046111,0.7199159943490725,470.1970999771213
36.63608324993738,40.36928145739718,0.9126028112500468,661.5122274937621
24.63158322898017,17.29938255854479,0.8113013217034182,121.46447994900026
21.673650752988653,25.615086184682163,0.8526769279904807,797.6083924277948
4.7545409432481724,5.372668080609148,0.879298177474505,514.1167092722585
32.682787277457216,28.034152617186287,0.7251752683909373,848.3557282980863
14.273691163116288,30.168589112829768,0.8916314392401989,291.95330759702443
1.95650850704548,25.726831610518516,0.8444635568612496,301.6723732030308
29.275075404150176,24.430706187285637,0.7236882426048242,871.7372783755677
35.47942687934868,50.08448394608314,0.81360807793151,779.0107812043026
2.83152108350604,33.601881593842194,0.8419308206184061,687.9820368427011
4.055343316368677,52.631721860161726,0.7689263893805361,986.5306190606216
1.3281108487625561,27.588895994111706,0.7501064559489216,894.1781754615479
28.943123622304544,57.53923419596763,0.8558081866120741,704.3314414440497
22.362025909985025,13.089427177952219,0.7186001219802486,769.6050786844505
28.750755858355927,35.136697776126546,0.8969239142117121,781.6495882574526
13.984059531961014,58.990851855766834,0.7790789673460203,741.1286178722991
23.392249064564435,49.31087782513499,0.8847347093898628,759.0102942404011
5.804138451499068,38.023005406809226,0.9085420229236182,552.9794752425177
8.778538293185578,50.43042850102715,0.8781077006059326,811.0561629767685
28.603521624157477,46.82435807951766,0.8700466336246604,949.0384892166214
28.903231965707278,43.825238143440366,0.9009500718148146,848.6696901194666
21.813801516820476,16.041084887969358,0.7483111767061775,66.47146727406465
18.029500871497824,37.198020631250806,0.7214888513817665,76.1020466875128
9.309432396514527,14.344511240583874,0.7394380833136158,140.261032642974
7.222949762482918,24.37667074690619,0.7062981180276429,383.5175731213784
0.0,49.90884828940234,0.9467721173445868,926.2738085091853
34.90541640360055,38.45780206089365,0.9010146200192849,77.95424276932415
1.9859774813681164,32.733349813305,0.7026240380235942,574.1807975463473
1.219607519960778,16.172689887144692,0.8549332611853305,222.38540279064125
0.0,31.78578186741442,0.8715857817567857,448.2298874989154
28.577925079379586,39.80365670285598,0.824627046450585,669.9295941762585
11.332985607814972,6.2052442451704435,0.9486976986125549,639.0459749089534
12.071930772367844,14.006357923971247,0.7554166274068471,240.01901302715356
10.24120198377106,26.29653961832043,0.7492348381138076,886.5918766743267
11.900139481892975,44.993753414030735,0.878842070813185,44.98380094725306
3.008351719069406,35.82532858638528,0.8650825303961966,430.39223141545705
11.16993568840308,50.163330959503966,0.7494178686279745,232.18314051127925
28.963495909882297,58.73442369529169,0.9150182076734442,68.313655695625
0.0,19.430163722927738,0.8928381270124903,833.1250264081351
10.096511315149668,28.999369395998617,0.8554070863617538,808.1948164571818
0.0,30.339335017712276,0.7290701939018023,826.3224207444043
6.548890206633774,33.0876538511787,0.9433004052551921,483.0779633844239
0.0,50.3673304018989,0.8474998356559706,174.3205517990758
22.56886324264792,25.9164282729237,0.822540465569214,626.1948912585789
0.0,17.75713242798552,0.7675756189511251,670.7227576067426
8.949889750996933,55.02185523255516,0.9411351815525535,405.3261707360752
22.709650280219062,27.246183294841497,0.9148468639500774,303.3984038518605
10.764170360291414,34.51124017020047,0.8288893986874408,352.74041486239247
0.8443223829784957,37.948882181549926,0.8312996529675315,921.1515654938136
24.738693114281574,45.35329092573421,0.8795772264966829,785.5047848857491
2.7879502900283746,37.941671750308245,0.938115061587085,850.8015733598227
19.473613047752078,56.59060360237599,0.8645137117109055,481.8463899763095
33.47739415055523,20.23723594307355,0.8519732932811532,633.3256564645616
14.382345942397079,37.71359744469912,0.8969656338008054,359.75064328784055
13.36083049083675,28.085543635692886,0.7324604629032286,371.85211789333925
6.707765288408228,16.206988745170488,0.9099960567090071,104.74329439175698
0.0,43.65292164060313,0.7096549223567401,88.5241903427571
39.55662979307294,20.285765693282887,0.9032146808248889,899.3474762117453
14.220835369783302,17.666786368227296,0.7049982369215768,568.1359181592102
22.819117459931597,26.33522094509332,0.7661736642162994,108.86926315596244
30.624156050288356,51.054889384956994,0.9397137874369197,431.4376643428258
15.108905214749495,8.585722312422133,0.940865572279746,704.5786710342902
0.0,30.066404190866074,0.7056854990271793,552.139371569639
15.675307512785524,32.583996966046925,0.9461888104345476,218.38339456473142
24.13814690882031,53.82112739509349,0.832265076282782,367.86895523089515
16.16762931626485,53.641941875400605,0.7425731903369004,586.9070342853214
18.282918405729742,15.722739219167941,0.8932671277257157,759.6035413645326
36.528684437175365,19.957083055822732,0.7856622634973648,839.9500568424643
25.095457870969298,9.820347007678235,0.8141551718012019,557.2338749765283
38.07449625729381,51.742502369356124,0.8584168381481752,614.364395771163
38.97453853064429,57.03341677301502,0.7932979115934616,376.7675436719994
0.0,56.6420085899259,0.9499496975740963,614.0608636866287
34.98443830084455,57.38167076581791,0.9285720215197275,670.4580723418246
11.999058618666053,57.630504968189456,0.7074319145560002,446.9580514172746
7.183447711814396,25.934309128097855,0.9098549010515176,437.84046297144675
13.68245549090372,20.739900640247363,0.9236349733232008,877.8892887725528
6.883039963958921,7.195406402332233,0.892463181300588,120.68392542776834
4.737453889363611,42.30251261646038,0.7452874332563403,727.5484038097317
17.834659154606506,31.07818065083853,0.7768466109791481,785.532538768516
34.4318471197395,14.3279941375899,0.8923758960654986,818.2121828094402
0.0,26.922495200674117,0.8791383939840804,692.1721409395178
11.784054026389187,37.4793062225367,0.8768975346279926,715.0352179518508
3.0767787291250137,43.20793240593595,0.9046050787009201,237.6642656223238
35.18425467535294,54.238223160588745,0.8329089667879317,681.9899577681366
0.0,42.88550660676709,0.9470628533577743,735.7850833529454
17.24276333805239,26.30733111980615,0.7798866687363778,819.8798140365258
0.0,56.5592122361279,0.8896590677683267,287.64976446741264
30.105534766805512,8.988235288856314,0.9402575797356142,149.43936825801262
19.276792352969192,27.77777764162582,0.9083789139478139,276.9079174785523
9.959480984146483,27.382457021669108,0.8427186533170472,727.8025636585038
19.89768297126357,56.23882594043082,0.7688496872454345,390.7144388653223
19.691550276835425,54.951847273761494,0.9126626358704693,194.1040948645198
2.050755676077954,6.429307040684053,0.9367365165234044,185.1521810587815
10.185657301911343,59.79884824237007,0.7408105474647412,682.0352160192632
15.07812104003176,6.675534101399517,0.887934124081657,778.1563026768482
0.0,31.680668563849842,0.7453993512441562,709.6096249974847
4.320735585532493,57.42366832988191,0.7621014983604995,603.0951426460454
18.725995298710885,15.690601572939471,0.8863811592419162,715.0377590007854
22.075794579009372,54.40878155159378,0.7795501386439746,54.820991004413244
15.085770916460419,9.82067016116624,0.7857864756616224,170.19757236750274
37.9392978600216,36.205452217849206,0.8109658441323051,170.18021513590566
10.914825171880333,6.889444283027241,0.9361892706707167,555.3296149492335
15.827093021926348,19.008134845717507,0.8220316838712706,970.5949001601391
24.658396366358623,15.10057850721133,0.8035369259811175,954.5230518239778
0.702075528033783,11.653560747141734,0.7566721020227282,894.4092005769957
7.750239625009915,18.575516575309912,0.8090137887589933,213.03087838128036
0.0,17.279785476420425,0.9441429277831149,202.68527249881518
3.3038335150518763,6.3199382630100995,0.8669258236987303,281.96380445157183
18.953063739389496,9.826958725673057,0.7598258213621427,654.109551585213
24.711075692689615,31.765821689461838,0.7345106619862807,595.6871629369269
31.90709370395204,29.542436058220513,0.7841153223271998,209.04656984912992
27.669607712921408,11.000740437721628,0.8627171562332423,712.2069992513993
19.9279401445183,32.33346626207412,0.7706906277984729,972.2769550384587
18.433008268535104,58.64843794260117,0.9360773102935935,69.50604922824816
38.93367399705828,13.503786502935476,0.7450592722060665,172.0220123477441
4.17112195029776,45.273592009235095,0.8869656848780849,371.7054520248258
25.577184290362283,55.313355948879114,0.8713780801652493,395.7737730153223
25.234251924011613,11.83775785551775,0.8468899968588246,961.7142026964075
35.89106238877717,54.18956103628871,0.7037871489981306,169.5569558018406
8.512147221493919,21.53589186377863,0.8593380373219714,974.4592172473032
11.336811858680187,5.558928878729146,0.7033715415752648,804.1280140746508
27.419209340941112,41.46274237491816,0.8766820656419487,294.32922485577154
15.984236765126072,29.542628443114097,0.8712426538143134,579.2425952113329
8.95053032265512,46.03643374835532,0.8362717152762511,485.6670412127799
16.677590897358982,43.52949151091974,0.731095847098763,953.5295677007414
14.39989105196729,59.97778189637526,0.9112150740763489,455.04238231900075
14.37408517242383,50.121078164752134,0.7804572616026791,88.33463454155077
25.614165268926204,47.080917744186884,0.836252799406855,613.2678984016372
34.00905310911695,23.600555724947313,0.8236189012263488,883.2235700187634
9.379554640097977,21.37995211826359,0.7606849293180955,296.71369442069926
2.019778901021977,13.78946984960787,0.9378396360435126,488.4015926444692
18.115229345538484,7.632682475864577,0.8165947692307117,850.784507159223
30.23896410142259,58.76896604158135,0.938530184534597,967.7708457472045
1.1169116099342962,24.8745401017171,0.9156685665148836,137.1510612104183
38.652450361502844,39.44663615361283,0.8187307530433504,55.954951185096355
23.998007500696012,37.36799059245471,0.7415779723905372,838.5273860430532
38.14518633250475,56.58008582054054,0.8362142958444458,752.2377522188223
26.169904731199278,50.948958816151055,0.8231084741018733,186.64919770500376
13.252751135942692,47.29801302267598,0.7697660668338329,263.0427972640647
18.881809215864333,54.474899504094324,0.7356299259929973,982.6172271198869
21.001301345800496,9.157181426571638,0.710931390300973,230.5049417361623
30.06849806837643,28.302555676435123,0.7795720579926256,694.6856515544465
6.324729337613022,8.187411916154613,0.7106854880280973,735.1645133189251
24.18654328763741,34.165628361016495,0.9192207349827037,630.3285163722016
35.79842606874264,25.90121035769284,0.7606489673394428,735.227587618727
10.111659181498556,48.130070523766705,0.8146491975312207,452.71340048695873
34.61846872561143,50.60712316502726,0.9374327869413357,118.92041713078856
38.282667287662434,21.35331165042132,0.8137670698305456,277.15037775681947
18.648655124540415,41.32768340508284,0.8905067632082959,956.3273045548768
2.1715957394124388,43.479743169940505,0.8733158650568857,782.7204212704964
4.194525631469001,42.56732098523388,0.7256700026345931,72.4210793943243
16.05678823229704,57.12342737246409,0.7860580873914395,470.20963475861055
9.861659740527775,31.717224555355767,0.7625761470797162,525.3110399084284
18.589547860179355,6.829257051229411,0.7704265323235514,393.2466502093533
14.170966970221452,24.303313703305026,0.8282895042864108,789.5889526998521
14.48834783978553,18.58998637230705,0.9387886701956591,883.294204069612
15.843238441291366,28.840974184068266,0.7137975482802572,427.7781357419564
0.0,23.28226833289467,0.9451675133656312,822.7067047442894
8.414330014852954,25.09367578450123,0.7281398859636349,850.3458404117562
36.42643502913574,26.73051001427675,0.844285667249256,314.98176833126917
20.60143225495907,26.906596370429646,0.7613141559138102,427.87176122994316
33.74474789059902,59.15101661730811,0.896294250877224,753.8970618520507
19.410330668262503,55.94060270802962,0.8420209318407947,583.7450054268822
19.92912533780657,26.43613809247522,0.9431856067684328,629.9898478672164
1.1875339377263814,14.832750525191864,0.8636010436392278,103.456690367316
13.127415960188975,26.976026246484643,0.8832589633156018,58.04691178347941
39.44337830043807,25.17989817808367,0.8417855467069048,355.0246107096751
6.9726876916166685,13.22806740924164,0.8858840680509967,789.9008748734755
11.035806991282925,51.50203200856658,0.9304693388302329,175.48082529283488
38.3191980117157,33.21044690542546,0.7046475621976688,831.3535247139174
30.283149584752362,21.036840495720583,0.8221588096552384,700.706165274233
22.295991610664966,17.063966143659037,0.8343847194938503,726.2777839730793
11.286807971356628,42.13804283729809,0.7464886246638928,893.2937409047638
39.38413745644198,30.15301339967767,0.9437288585130603,805.5471634161713
21.110436642958682,52.292608260556314,0.8861214137495876,143.00860429236937
1.6871356878486137,49.43835463514942,0.9116990066207695,332.2773336516095
16.66978290721517,12.64064170073473,0.8349743890152516,414.0872469021938
16.11445056761467,48.53498177537297,0.9202677091312386,552.8088046259442
14.740601029061413,27.0581912756559,0.7550230594637766,937.3421039859367
12.184539115231702,13.55235074324302,0.9295161980811399,124.52631511051794
32.33716458383018,14.696134591625924,0.736306307816017,143.13909388721345
38.305911076114405,32.42665480765701,0.8468831612910968,388.816064857778
3.2283264555684674,30.245824609790915,0.8307511987537151,207.5235900183823
16.018992507703487,35.11451456517615,0.8138562831240196,226.63870753126008
1.1218845713351875,32.395098893373486,0.8880643448640941,199.62968546536672
7.569953270482489,35.50205030460164,0.801446056147926,99.34406122103887
33.96643376634214,41.22768032957666,0.7074867770824896,383.0518033135424
5.501433912567246,59.46107267128906,0.8315382900447819,222.04573112465735
37.30639932114657,24.227926496256227,0.8479399998204047,264.21103541871213
10.694021073682377,6.189958499312464,0.8659988372216274,561.386671555361
16.455279303780223,43.47461556828068,0.752538977276642,142.10382717135144
9.763994926124914,39.53604923948261,0.8503461281836896,188.7231443789484
32.26889629542268,21.19567437296778,0.7170565186371692,76.0256418804457
35.22583291956347,51.46364211165109,0.7838076390069065,514.3873702173355
30.845029786515262,6.4719286116790675,0.8081649871672631,399.20952869936605
36.37127707513069,13.714152322074963,0.7484342454470123,999.1371361369288
14.554456661558918,56.502081877976366,0.7711253412293537,932.2549514814319
32.28414236247103,26.320672451695586,0.7883029132477006,368.06855198779397
21.4594358522054,23.34770795069684,0.7621565980669013,517.8275867375257
13.233941654018347,7.01757643876931,0.7844542116674771,983.8056886341675
4.507251629393152,13.78505486936519,0.7269288982842312,295.0010136473529
6.2843095355630965,32.68413337618316,0.7470593661620313,105.07490280865252
3.503627771900396,47.97746922685461,0.8704604969165044,359.39266725403814
39.35772443971762,20.04791639438837,0.9150523669139224,906.8759241972314
0.0,55.16161646177204,0.7083440717967406,693.0221104708172
21.771543554182987,53.828470823357726,0.719883188898717,561.3871989172237
0.0,26.55042212968297,0.7649274033030333,894.8991697800824
31.659946642447736,7.373770667452009,0.9107148401175122,973.2562400588029
21.73370991206595,15.043535348386175,0.8214357824039354,100.2208080746658
0.8057778352439494,22.988929711501697,0.8365339352928114,760.4102334393854
0.27260306996177225,7.148485188947463,0.8830544853764156,312.07534543518386
5.65435093200646,48.7267662800482,0.9250200026127151,865.1277273552705
21.43006792955486,47.350708191194,0.9143072439228173,470.9640626330797
0.0,37.81324489034906,0.8187686695953209,435.3734063823737
0.0,11.244069688896554,0.7280151864900749,459.1677426679012
21.360806457202276,8.84175375939869,0.7475785725568306,938.3817720433348
39.78108005825382,23.575553340919075,0.712950306376593,568.9312572667174
20.20730465708938,41.31224362531107,0.7871306935747798,106.91800187685118
9.028944901553746,53.87723016874588,0.7109153338681001,532.6606574907271
30.357319481552743,12.080537406712855,0.7474176004038046,566.7487606264901
4.842242930311863,51.1341938388332,0.760742596496633,369.1106079610044
0.279429798893593,30.93316662935144,0.7451151355940653,503.1963824985745
26.770951546941916,40.52611121059611,0.9016107331305419,952.1356396980786
9.229751974867243,54.79734292406981,0.7175822518351148,396.1234924034597
15.124822893212231,49.11113835936666,0.7826060888956381,178.45676435443045
14.23587751643086,13.539528575766376,0.7582849363014932,76.27218580568375
23.7795968953466,8.477896317964548,0.8454327655232812,334.9645522067765
14.933098635094792,33.01166083812425,0.896743792890634,609.9525082017668
15.880713916595395,27.21837143106044,0.9059964003494906,141.88736219650303
31.69917304926787,26.069661894283314,0.8221986283267826,156.6248629894615
0.5400220193077161,32.28040958449675,0.8672146769146292,109.15417305160943
30.62880829336004,46.23364634349606,0.8016622104722586,399.52053906089975
31.059133095527766,25.537506054141165,0.7304365082138771,451.99592320176856
1.101724252755932,5.372685652833507,0.8804525528826201,457.4868775248824
29.778253495351716,55.84643215022401,0.7801560959481426,558.574214662175
21.47419240210925,24.623076822464927,0.8190971558797606,624.789346536069
6.54767243278372,26.97070358726498,0.7156153136458159,303.25236382254076
12.218308642058128,29.970925390378664,0.8974891478827365,790.6103622733418
4.062592000546461,21.28542413556648,0.8036480597188078,478.57780871463183
4.488415855338747,43.11204619785501,0.8872098655449836,272.4500013991603
3.6027889484603315,56.512198790785,0.7633621916050374,219.85905853019636
38.83505930791568,57.56656465761066,0.7259254107347197,902.9262851606829
15.224170710775873,5.698754734401504,0.753185751662018,405.32403647957926
7.7706894120480525,37.79250357751737,0.8670243315693871,45.4337643906986
28.68643240272276,43.460724617586266,0.7959759223653875,725.3013156771739
29.474199101797126,7.116744822580083,0.79071242668962,391.0372467810121
16.381527134334842,40.527156382766066,0.8116283614113825,976.6467713142613
5.103875168514131,30.450318075421357,0.8919847328839825,648.0882186474299
0.0,7.282963121258186,0.8876127168381673,440.50084802509156
39.01877125389268,58.436253645691316,0.7327692935119323,259.4725551270995
28.372635987185976,52.80265433498193,0.7450435654632088,462.715266968141
2.4058928789067853,42.516288696477226,0.8975290724956031,885.0586232359974
26.75656130391563,14.139400623370587,0.854407478979874,616.8475543837811
25.000760818856428,10.767422950086848,0.9037765210753832,183.62561462212773
7.134746062328343,10.288531070365078,0.9156887648417066,541.8608583326345
16.990552610821663,57.85216440265703,0.8666881841399882,652.8683616246195
30.60253404854598,35.560959754912076,0.8753943302790556,528.6639476164643
28.27933232186968,6.615514306015141,0.8580714918313503,280.35113534751406
32.46079405237457,57.35833399042309,0.7093562271086244,860.5966794935146
38.89000699410541,20.114355413464114,0.8367748318911061,811.4638827716128
30.485474612596743,39.245149645230626,0.8242716651358926,946.4932609660061
10.817020702444822,30.16672161103228,0.7286099682015192,871.560912156284
5.495627105396842,37.44244236820259,0.7871120628050915,795.1704387360385
39.36631944196372,56.611912200602596,0.8526884860567469,356.01535207552865
25.434349145373496,57.545214844685106,0.8627036412919535,721.5100436477353
12.397936789984627,25.67277475461077,0.8294260622181986,466.90641598517027
36.44021774110086,18.71766830297213,0.807377372202182,717.864931175547
28.384402097865635,43.55204468670618,0.8937081313987205,968.2165084777299
7.9178023749417275,17.038941902266483,0.7839622069674925,903.3772212907529
38.42418890335403,7.054367261180711,0.7709816306343947,947.4856149773475
39.840931252210694,46.68397423840651,0.8361661876622004,405.3284451570104
23.87427807173438,54.73947832757454,0.8630442605217387,703.6893316907718
30.344398256707134,20.577029555460673,0.816843638222882,804.2376326756045
24.83528641534094,22.521588869164482,0.8342866492406505,243.17955010127702
13.828625071464204,50.551126104743986,0.8159754489028365,294.47059708852026
4.012161482241943,28.638257856608927,0.7346205233388889,322.3261547705146
0.0,17.26379694813394,0.8972815346456209,183.0892184046674
5.685336112478455,42.92052751492003,0.7972722310719083,536.0570828843734
3.499156965320765,5.693162039583069,0.9264896199804371,103.39809798056376
30.13178256448738,51.443625775370585,0.8311184936277646,771.6527683665723
5.266221433387354,8.104237096902109,0.7801506090443965,518.4644700668837
21.39551480972843,42.834128466544286,0.8343765497399919,695.1412767667721
22.938493130695402,17.23405767944678,0.8713338843987759,387.41636292387636
2.447464674871215,44.72716432952801,0.7856931496602296,957.509667693193
0.0,29.139990207856197,0.9160351284596943,414.976762449768
2.547643635353637,52.28055604207156,0.8053853812768906,651.886741372233
38.41030148034557,55.85413091762775,0.8880582593512534,372.39248698312815
12.147968347156098,36.759277588813795,0.7345781391179476,468.27264241230165
0.0,38.56132948759859,0.846096527415592,337.38486787409676
35.537000803082755,33.421602343326015,0.9394645217085105,202.43918540103812
39.86761542203929,12.02084013252314,0.9083638730141896,814.3092600358942
33.44192702503656,6.562655156473168,0.7680766246819903,619.9154124925217
5.085774727968458,49.53941438263573,0.7188186150090385,379.57181051219345
31.60064463172034,23.054992598303226,0.9107392619646968,179.6441186611327
2.4385376667723206,16.112861931448133,0.818866965028131,517.8409531929046
34.41659704727362,53.30578884590085,0.7761102285444024,403.3291496089544
0.0,41.068632658336824,0.8763274660952316,629.5374040867783
35.89279055234086,34.903695038014206,0.7732253761855807,576.6148815898194
30.15867304748884,38.782730949945375,0.9042425254947157,751.6947209859798
8.775293468629002,39.28789200128964,0.8793099355556014,836.8252886983444
13.477984013025731,16.33522610702367,0.7481515395661864,956.2186943518318
31.267296062493276,51.385112602857795,0.7177348796519485,769.5242966795913
34.64743715783311,17.326381717280782,0.7154939956886051,64.14353529447337
17.16737468147448,41.10961434844255,0.8009444086188062,339.1996953323638
3.2062779722710197,42.40291751008135,0.8272675233473885,578.8995881542406
28.79839631392831,5.967445396510384,0.8891899925565367,75.32163270401017
13.323130627544936,11.00062720751286,0.9472000425203312,756.9461698622688
0.6510953349375144,5.117887967696101,0.7550434744386794,298.6189615433695
10.5051986103935,32.79636451711471,0.7630695711299649,175.63600709110756
0.0,23.636155889015168,0.7522758704391626,46.13182692858498
17.09908151843321,5.303058561275142,0.9223277316370934,395.4405334735486
1.0378917694768603,13.365850242198187,0.916759068333003,259.9486144614437
31.695101252454283,32.51419980780629,0.8157375625891483,182.15352716193553
17.786421950603344,22.396983850483096,0.8516297406177304,834.432754381162
29.65488862709312,59.601180013951286,0.9443614003312092,252.11777478629682
20.591970705397863,32.48239567644892,0.9451799902148157,122.82314944652467
14.626155402279815,8.711978385474508,0.8289692564438776,978.5303688149886
30.57416012814264,17.244976767204616,0.9026891476151266,954.0648366856967
23.052545624074686,56.61721280732761,0.8557828893808986,492.0260637391956
36.30419830294048,55.35097770617598,0.8489904693163081,921.4335604483676
14.532717907521448,30.007031691311862,0.7691397453369244,120.74806185096172
29.800131150407356,16.04131320585352,0.8751762073232632,927.1790121896806
22.84768404665139,27.060755220073165,0.8422275802167807,367.1207513650763
7.348355517070121,56.968199837484406,0.8441673855246453,499.38843991188196
19.713044495510466,15.239867252127905,0.8552066310261245,709.7650238451461
17.563051371046004,55.430047433290426,0.9114869372827085,715.9083657563465
1.3317146655548522,43.84161138075756,0.8420205204017825,599.8824043722731
35.58910815490469,31.779689283359932,0.7472773766771068,292.44780243475276
32.98188718197279,35.18347820292254,0.7524927443888936,810.9205638910076
27.660116275633495,47.045419137438344,0.7870014247791193,457.8431145304679
0.0,52.61701116163718,0.7650213729527754,269.01532227874947
11.860044509591356,26.700796349345303,0.7655792595985275,726.2159684195068
0.0,42.19992140857735,0.8088927233158506,964.25779648504
2.2575120462114655,24.647094234194125,0.880570773305915,150.8503626621173
16.57687239455179,10.70636168411318,0.7629001200449655,557.877806535455
9.339458712724374,25.209109671766846,0.7795360908838422,80.10274400794948
11.183164553044655,30.83807132915096,0.7904115584867962,265.95099962500274
14.10925362391775,40.17986811604359,0.9086862391642108,769.065916399557
4.313040306593898,58.97137891925155,0.84751725792255,303.32247856821266
31.89792995718986,15.474644414301828,0.7106401446802797,116.15766089734691
36.3374405677011,15.379837173970305,0.7446917773127861,498.0004377455066
2.6073426030350655,24.08361889455881,0.9037443641343185,885.2604282443939
39.53899837468694,19.116057897435525,0.8459639807631204,958.5131442851853
0.18082284377544583,34.38131848173581,0.83500419141247,684.479953418705
1.1518717647730914,10.718278812921701,0.8101261941766353,592.014403381158
18.648897722310277,23.59847707524315,0.9336850354085438,380.38697416503214
12.463921627769654,17.96275864294117,0.902320973983753,820.5739489574146
39.213914940472684,17.338792071815657,0.7763152176522143,829.5350455157255
0.0,38.85563320145626,0.8295602833994367,941.4430883122369
0.0,44.5605025540343,0.7628574490471263,408.4968998824278
21.266277686331296,39.163657014671614,0.7140859025218871,100.60341838650068
33.96005935295738,54.35895536572987,0.934982053624259,578.996808632401
15.761288830574442,6.626973947444815,0.777642103294284,689.4905434678411
18.117779147747957,46.06915610228585,0.8751132737937453,328.5732957318779
6.897523452036631,40.199222941889865,0.9152110357084916,345.2385771240466
0.0,41.42817328100678,0.9365866580246649,47.32207272996643
6.406543249186139,34.38588834020214,0.8572572082429746,787.008890963219
23.021284610211335,14.01107982880091,0.909364998496983,679.6483519866398
17.067508677955185,45.88533835031045,0.7453126458289455,353.7867594710519
5.575950210059186,14.28477700636455,0.8732580234811763,229.70797015766837
34.18475318468214,18.689424459150473,0.7957655930607483,401.30640800169533
7.862265812749422,30.43639157764301,0.8445095623683656,566.8771695244175
17.29923500307959,5.5563418663142174,0.8026786748187628,402.16458883834906
4.4791925171919065,26.950659493111647,0.7363578923206914,194.52370110018558
24.10511516042642,12.275310751368425,0.8057755560063944,274.7584838130141
31.08481519533159,41.350246273905995,0.7203683524170689,169.67612634368183
38.06062118011872,33.94265550326754,0.710802522513763,920.0410712349507
39.57420591085084,19.740587621497713,0.7661577829502795,919.1712091179057
1.4357489132305636,8.63985481769229,0.8661979360533085,82.34857801265917
21.578452631188902,51.86590966077735,0.7888834599322536,523.3541131648096
38.96295919378162,13.589204019062688,0.8551151818695389,733.5698975904418
0.0,36.08919646035,0.778749563591786,299.6202218553182
30.648334856802297,40.796988296274144,0.8259413784560369,276.14424350488474
18.616577591723217,29.310841859767187,0.7690160122919429,221.88806962043614
7.502752157488962,29.731433408823285,0.8381871201753763,331.9382809347252
34.36831536405405,32.22823950202891,0.8890220926557582,878.0462456643332
7.909247829955231,12.889024580190904,0.928627623587341,728.6789821875227
30.714347542146232,47.01288199571249,0.8202042455993243,513.6444608696219
29.533868271695663,32.32898473924085,0.8908944954198674,720.5380204994187
0.0,20.92198970846226,0.754210060966566,784.2017155536323
17.990188181874178,12.29219478981692,0.7635219643862579,416.17916031051675
1.657892358660868,43.48250811677769,0.8618971270215476,182.56196152684385
9.803606162632276,46.03540848371656,0.8788984079849932,89.49685290081412
19.2649007001278,15.755122987153229,0.7830517399181072,772.9525141338456
14.882226050499549,55.2869821413359,0.8799457002926204,490.64368386284735
4.980489307347271,56.117550959360784,0.7399925671529318,670.4457304201942
33.28996631911992,13.06702433047023,0.9316929180974859,496.0144975531081
3.002448368250518,9.742419816271445,0.7384281493626839,670.6050839038975
35.86750772907206,28.995970003702713,0.8989445086184693,143.7310171290884
38.64375889480332,13.640740127126325,0.8535445546697997,771.4399593296248
1.595809820345807,33.80257852142179,0.8226264526306039,860.850916055066
8.319983540092508,29.975173681033418,0.7363935821797947,839.9829545965104
32.314572122926684,38.45827856373,0.7358380756755736,410.20918862504965
12.465681654970108,48.14542290291697,0.7408142449628291,660.238522721753
32.23185693135884,28.167030799460726,0.8995766555570266,681.2384246228869
39.10966274602462,30.80160421607361,0.8788645852765329,983.2875979537952
13.166430899109718,15.401617781018631,0.8738254390129616,962.678328884224
32.674113446462066,7.17004459460653,0.8118916381933098,298.2595041663705
6.8014820522456425,34.91209775399406,0.899189184157967,48.55905448565746
24.113010723743848,33.06031256503012,0.8879958306267481,613.9423169568234
0.0,25.750529221832448,0.9479663571049833,52.40987808767489
36.486724948113945,53.37513904180568,0.9498692484570123,98.7688844638802
1.8437043472154264,10.959475924793956,0.7202133031049907,41.28791235186252
8.726217096025982,23.425068409574546,0.7593644193558281,654.3745291925402
4.741184550956644,50.39139889622789,0.9469734341451415,48.99397290607986
38.45860837396615,36.94655596494969,0.7125503564425604,994.4512377806741
31.1495414538869,16.905679859678365,0.7236500702749564,568.3574056188211
37.6280602732378,12.588365072337242,0.768551770887816,636.5198310747546
29.144137447137084,51.9121138624195,0.8936470229220681,598.310567835979
21.92622163661352,20.787163349475044,0.7183777667845301,498.7169329524858
22.84673412421491,12.370445610667375,0.7774498978664128,56.75865359435065
20.86416498900445,14.259902362653168,0.9003423751468997,106.75695766818691
11.350249106816651,27.776197287061358,0.7510144733210127,74.3047840627154
18.035516928310493,54.542650050611726,0.8282087123852445,359.09728464353384
5.274393433352646,29.726645032184106,0.8505682508046485,62.78727330208735
15.453799660001673,9.183087004353178,0.7088316884138802,68.9993636370099
15.31407910817704,49.63379243452824,0.8633359043870144,849.043412447136
8.040001740773311,13.804626099059831,0.7206497310827594,731.8451125723745
23.295916407027626,56.34876555744905,0.7818140368309193,882.2910566167402
29.251164748138674,13.844589562260342,0.8191395309635352,331.0525678345737
33.932333174868845,50.080787558947016,0.862072142365551,632.6259697874132
4.254058403351486,37.26444468239751,0.9449588016484509,256.72163933051377
35.21202756531652,8.379410867965026,0.915769408265698,905.7163775291557
34.631833798027884,12.897744335876176,0.7332588775160662,539.5732639756922
0.47525014883919026,28.6752804664738,0.8966245235971874,92.66112536744934
6.5799040999869645,53.40244304834122,0.7246255197983917,400.1027936567253
0.8747063020929221,36.40298111236739,0.7972549410807159,263.77790098766314
1.9907440267854315,21.8410774195404,0.9429385151871403,205.6521916460635
34.19330961465031,37.104570448073076,0.751029200077522,730.4532867221124
7.322783021887222,52.16822076335546,0.7776677317093285,472.7642706476264
39.794320668991574,23.181184411113986,0.9237816232219987,86.3633175017894
26.810625546415675,49.47537105557112,0.8987485686091886,719.9196870005932
21.03609898152557,53.93925197140742,0.8069614284628172,500.42339944055175
35.79647548069719,55.10448525143905,0.9346610496478682,362.3262468091463
26.434737800362914,25.202894732103786,0.9125028217212731,311.4748214731971
15.315112553168957,32.839814339377064,0.734898468411406,184.1749755686144
31.737937811716876,58.44219360845568,0.8530358795644792,74.39360372498737
24.573984878358885,15.032904225397653,0.7102239413807945,54.96137145334604
12.015620467351656,55.02601071538618,0.8133121740128333,650.1977386678069
3.8214272618611362,12.190735248396656,0.8744408286007996,286.61327585426545
28.212723754732316,44.19134962523168,0.8736382162425835,785.8012979677599
18.43135595422309,28.150204351455926,0.7245467986554468,194.18201208242547
0.0,35.28578333914002,0.9297247673621378,417.43610373173965
5.288637770513287,44.93404506070771,0.7220811131442161,841.8549244033989
7.060644213538751,22.305734036501562,0.8986279340219556,597.356393336198
32.9936949072486,50.823780142771255,0.7795459181448541,124.44156931052805
28.383580851133125,19.78667442871112,0.8481982412248682,91.85124027922743
7.745826389635714,11.812082995908787,0.8763243395870755,794.4678219364507
32.881427655165716,55.64958985790347,0.7326481809563572,631.7129574484527
19.325037910178306,41.01829554631199,0.7425523220193526,777.7419979975018
1.0613246728233683,55.2394877112952,0.8333684487650849,621.5439063274819
20.730144186790117,36.98929772757612,0.7939412734915197,982.8931281490649
0.0,24.45798587599333,0.7265162971268782,810.7053316000427
8.458455096659696,14.246048337684977,0.9084566833993672,318.12942309264594
14.414528314112996,14.42542028262411,0.8747237018498939,595.0989492077109
22.415225386193892,54.29773165606236,0.9455758871254271,129.30268991974157
13.99537304567881,45.972191077660085,0.8717577434935966,523.3734643335729
33.189671169764104,14.970707587199927,0.9179050793703485,675.8767536557976
21.859902910057123,55.43207670493995,0.7810312881812396,173.428010793354
3.003395650990701,7.3677921194194855,0.763497615543547,166.50737806756229
6.98172310583688,53.609773174017626,0.9335773112052743,884.9404016246818
9.35377965430751,52.886544973743725,0.7888795002084019,455.9856847070072
10.229590335353166,53.90077740364427,0.9340162147787752,567.5396595455666
0.19246505847809894,41.180098318189074,0.9486471888650928,541.452533898856
37.40587876748389,53.40114310738033,0.7630305281597173,635.3133877357396
30.58588136577693,44.10732606756683,0.9168665375061026,574.6853352641674
36.8303265444019,31.753847153288696,0.7750937160904323,391.15379240025555
8.269274049542487,49.102468273023895,0.8518330284198719,918.4393732755993
16.76346633302516,32.28834323736638,0.8336977956850036,555.6980198527301
26.42884757512364,17.943414965167985,0.7086078351810854,225.7789419896161
27.138465064754595,36.28529135855588,0.8956829663153184,54.658034354295886
24.093632700872302,45.95016690808762,0.8640349048497513,550.4061164830447
9.775670668778668,41.69007167875798,0.7477751199518601,73.00717483102545
35.509415654927466,44.97024220472826,0.8810746854887938,81.41404628892619
31.074616703593783,36.79375961913127,0.7390561961530694,451.46881222599734
16.11227195554642,59.48419298670528,0.8356020210205486,834.2578621197013
10.349057116986554,16.862911056326244,0.8247469545642423,988.2238349461331
32.24834910922898,16.872896317478624,0.7552739024932207,44.490679513760085
35.773251704080636,57.98870998107424,0.9432057453562201,463.47119602090885
13.789202946935346,32.1086132059423,0.7475275192272635,297.72885847789365
29.580541949552916,36.392111717505,0.738720301890757,134.0656563364085
22.47709779779548,40.78338237361981,0.8706835933226502,338.37573622359014
27.162931673972924,46.787379754882124,0.944361922004093,312.5284596338438
24.504615372031218,33.71646520550772,0.8398344158782707,883.773054551323
0.0,39.0559873516901,0.8666603014659612,469.06475015848105
20.139133722538713,5.967203094363555,0.8069851872277367,636.56699582572
24.22993031638891,55.12985825538445,0.8577047957837748,736.3555163030168
0.0,40.363409752594364,0.870178542589443,711.9787879352982
4.279013691546279,29.452660251343282,0.8563810485793742,955.9616735653889
27.796628169467958,34.426722100182005,0.7962366156201707,672.9063532934368
0.0,5.084106824296265,0.702434980800198,53.54834983209489
3.2010731443668297,44.83691660812464,0.835770529968361,171.13955937682726
3.1378532296685053,34.76473491418373,0.7122426011162739,424.6623135286156
5.397871860004382,38.805139406340736,0.7208274637571517,429.87040547870157
18.396128743479505,18.378539853159587,0.8440902595423734,886.4139921084873
36.764392446450266,14.85279552418759,0.9239199957668045,159.2865147564241
0.0,22.97127493333804,0.8657928147085158,801.0189757241653
11.249201783114138,26.785591478773117,0.8070664969267678,265.8512364077982
7.242301597573764,45.95475174983263,0.7921575053047608,548.4641416387353
22.88759942811125,49.51975752763361,0.8124829623159364,885.1376650430437
22.403609830225594,21.38821284428481,0.7006854646804019,430.18996281526194
13.027759171161888,42.220943818182405,0.7220297804945989,479.1555863370703
0.8566212907082495,51.46894418564027,0.7336739059286638,227.28366081195165
31.555778294687528,24.050677855610605,0.9198435509800976,962.3135760320853
14.173416918428414,22.2041028360188,0.709866464252023,273.60704032280415
11.932441497171656,8.775579445883345,0.9389513648856812,987.5313585589012
1.2609523928067219,14.784843082380995,0.8686551220258765,414.8747428923037
31.174613792442884,44.73836595141917,0.7448707666023227,146.79672296737007
39.86829417963277,20.580708175034335,0.8674170780255029,128.95530212977704
15.155112973691725,50.46377522192006,0.9060289781483716,966.5212168163547
33.789240533989044,30.28213700521724,0.8459437645116932,609.5292528944499
16.84774723274651,24.060832812643778,0.8442425778614082,211.72603583183104
7.008523448299871,44.73858787743361,0.7131451229624486,788.742876403698
0.0,43.63813863696889,0.863013059939568,262.58686827140485
8.490024311757352,9.086481141820904,0.9077261804909863,124.39502971962156
21.339124456698016,24.96911178170276,0.9073501472073413,893.2347806842864
37.61641950323942,56.41337971549349,0.7391545725351892,69.01346686064994
14.278061516897946,23.693284693989042,0.7095139625369258,482.26874148358786
7.108270063917011,39.249241770466135,0.708606792886038,789.591922128252
6.454087854898778,29.26370099941195,0.8921533694579535,329.4088802245276
0.0,20.77825112607435,0.8133274241915726,744.6732721243432
22.56884295091106,16.78833481342873,0.8979533927814469,963.4184944213176
11.237968548276426,47.63807739200294,0.879895258685239,92.32869419484395
7.657269891551328,29.021784818981548,0.7504181874505871,720.3288376058562
17.24549259256522,52.85470377392623,0.9114643900365735,255.98951175979394
35.91568042131464,57.25838395239044,0.9330651803744396,563.9638858263437
6.2332935339337885,46.86050662343997,0.8967125190487794,349.8244023689419
21.824273073464237,22.104704851274764,0.7907072382941779,493.8621504223197
34.69650259637243,38.06165566451598,0.7675770919905326,161.60995577621424
26.74788061569183,35.26539489879389,0.7438392304952399,300.7333461900482
33.01277782185576,23.83166320281821,0.7527231904134616,707.9674528344984
0.0,51.08580039593825,0.8936061721812334,178.9757535955739
11.694428710384551,15.836409370141231,0.807817032844796,753.7044483406531
25.011627688954043,14.864612382040717,0.7168634406667724,986.0366513374474
30.343142631005005,41.99537094159654,0.8718014706934862,256.4447188381193
2.7892819176659596,50.56192315317554,0.8484528235485433,195.70031422225998
0.0,32.48245584075739,0.7382118245785353,962.1702149827581
11.811644467138379,18.247830985654975,0.7945663468392278,255.94658407650792
24.1143699245066,21.413773518522753,0.808601058688261,204.5219597134272
18.796561174960225,23.792848988072812,0.8236089584376285,817.4398725548563
39.29419704167896,7.001412154137275,0.7381642375118016,834.4251132892897
3.4675953222186777,24.304570577071587,0.8221278691569219,578.3455137587916
32.093794552077696,25.131552807029564,0.8144692025087772,921.9950245145162
27.888094649850025,7.8287980614698425,0.7344415168265928,443.14294689696374
39.82365316930279,6.789655705718815,0.8162739125334646,897.5879976269916
1.7963308430789893,54.94055702742517,0.8106601951640493,568.5380694736388
30.45115069444925,22.825481868870767,0.8534570363192147,887.553798195893
33.57020467191748,34.89202154140306,0.7569033675522174,382.70246731790087
14.743658277170688,58.95616638865726,0.9141471000918725,557.5687549901461
25.987512273971785,9.81042149378609,0.7295713702205529,382.63450373658293
27.917885168643192,31.65282798385542,0.8045863713672983,308.0016550054678
0.0,7.3928649537337385,0.7610420637404951,222.9564979341099
10.628146705314121,34.99573058972265,0.8950665325941067,652.6362421113802
37.61373990634375,39.54902251607431,0.7248688272496925,885.1112065612441
8.744211941096967,49.82461750102581,0.8373818049240622,683.3126557983197
0.0,17.100815833068918,0.8869757975863832,47.124938862211
0.42255554620692615,21.99048631046661,0.7074607739496563,684.1735287765139
9.631377407285513,54.629628328591174,0.8887477726005142,110.9692853497215
3.0922966943466434,42.63545926107144,0.7691020735637655,278.3481441439545
0.6361256238420951,53.21380176935054,0.718895326560525,244.36293806607324
18.5649861536081,43.171150811239464,0.7501768771086308,79.30203728157103
3.2279502923109193,29.52208139864309,0.7569737352438118,418.55053378662853
14.783314909061579,24.422304068414682,0.714696167848939,184.1956617123861
28.973783147961125,5.762351837691145,0.7168098975951633,334.98345963476976
13.134041866939285,32.058912884686066,0.7070582358885178,904.6224422307866
35.44131723148494,52.74007402925145,0.9412439988791514,747.2364014223004
13.11201007728648,34.01747358711733,0.903254506231995,680.8251050288214
21.98788238525689,28.149735832526186,0.8860580355258204,533.295528969185
27.461435787895795,46.05215180135439,0.7077429956405293,933.0925015741688
33.47858515383521,5.010021038816136,0.7037073420132098,612.9206147299351
1.4375229401525427,31.699662300797787,0.72640611577519,508.9350647797452
28.41233013587308,37.706279212738735,0.796571958690736,505.7591131497597
33.7156530865681,15.266792329722911,0.8009640072466596,628.0756568873419
17.762058720674148,30.507011460552484,0.8779591700115559,466.2894741351357
24.650841415544512,29.977535023955724,0.7825187999352394,249.14330738323832
38.72888386025685,44.21118772736326,0.9183305616731636,508.39108485037326
24.75445027963434,48.844189531120065,0.8054892115954513,132.17416247003553
18.660365340665404,27.06088480202981,0.9368404100880952,852.5697436363746
29.586668960280104,25.098037531128636,0.8326485898402858,510.8540171196531
6.752346847175154,27.49981416262693,0.7730553383712844,736.3098401600977
0.0,31.754331711802934,0.8232394181370302,640.6812244654002
38.41498911718529,28.039320738806293,0.7015816809677364,399.21213942195436
1.8954339697117553,49.414705109298424,0.9024720503814588,741.7070478487061
2.035253573056988,48.51482283493334,0.8912758646468544,125.16193094561007
14.056968168097496,47.664141175333526,0.774016020716217,516.9554766136182
26.41771303763906,41.04067307981529,0.7234608423458934,627.0285830074499
12.56040602075379,25.90858641558348,0.7036936260231133,468.65749027275865
33.68264893774608,11.139394300751771,0.932247245277084,411.1703181021205
28.017217381069923,11.628426101597306,0.7916124986150008,430.92214625466323
0.0,6.586964122370775,0.8747496823234611,552.7113340073867
0.0,52.40548339228013,0.7462879746347462,882.553885366243
26.084041357894886,30.497209699459663,0.7894292899331972,761.4690285035418
15.021123522278856,7.2299363468411375,0.9268233154338109,243.39097234140124
15.365258712379813,49.98966817223033,0.8422129523213849,911.3897073702506
33.611388186276876,29.95778275894966,0.9367056792036593,103.42284567551542
9.434913895687139,14.004957231402173,0.8665566994705136,950.3067809743413
34.61778413676936,13.790809831857386,0.7152604106874191,149.61557572908833
0.0,38.25633088157319,0.8791656870876452,448.99603908979014
6.598193815043015,36.04156655143127,0.8026321917518109,292.01789581843786
0.0,26.497892621014227,0.9306361289738693,353.2736746413575
23.992554991389465,30.48903610483971,0.8241036951800502,122.45998461399815
0.0,38.56029884508613,0.8725139598320484,89.44573906047943
24.00171415450249,23.30018837038647,0.9175888309123919,874.521233498203
19.979539124003157,27.215618876029726,0.9405812408605784,779.7940527678059
23.969604263667346,20.260057986188517,0.7754103158726047,928.3729808235989
0.0,43.11753853212064,0.8302921123802417,128.86899978717673
12.998328421076387,21.78705584069217,0.8446568556158438,867.8403123867707
3.24060879890038,41.89247448325741,0.8803633070858599,338.93589777135276
25.04973689122545,15.008158734178782,0.9198189110789645,563.357947538789
24.550545128361108,50.950083384988446,0.7374944691632311,953.9832069996806
1.668233373655121,47.07185556340056,0.7827195248389496,630.9292408142029
2.7531786152858104,8.106930018930846,0.7169810160285894,87.58972794929181
0.0,35.101463028765636,0.7663184242289584,852.6431761534698
0.0,12.287643187256716,0.9147397558480277,920.3723535403867
26.10208812437745,50.36703196161424,0.8885675652703939,854.5409126856491
6.229311375030645,56.16644413620934,0.7336993543173399,821.1764115953004
38.17675859183079,49.02858915862177,0.9382303724865738,860.8750150563249
37.65242825952267,17.989712208372314,0.77117087193634,308.2449600871024
17.772232609396042,14.568695142551183,0.7700359059290078,314.20163095346203
35.34461722408063,22.688444509361126,0.8435181387529924,68.38733127210187
14.917706716791116,56.87732505212579,0.7362628698604862,612.2709996790883
9.475154200201981,43.1512291486906,0.7098581302577763,411.06793095213607
8.762979324543394,23.96310195377504,0.7658142521694793,127.82012681098604
36.70026447281141,50.051693662668626,0.7726625466862769,376.58364796162607
30.700428302038926,49.0204093356872,0.7730795208325586,944.6056265305464
37.95555672404461,53.77287520632888,0.7278267055279415,309.23506083170935
9.331880283838732,38.74094405899507,0.7065351543557535,806.3060760223784
3.6341514138028788,35.23515419903017,0.8732848946912213,116.5675872769183
28.688425079570457,58.88435999912648,0.7029892832682479,498.9521727427782
0.9796141628315878,44.99591394195349,0.7420449194783035,670.5113000742757
4.987240149178094,27.9317245097917,0.9068607829771204,192.94069217879584
20.362111524728483,12.370018440275262,0.9171134502644265,779.694131715677
33.06207405002095,50.10410067817653,0.8842879742055312,643.3517216244112
12.996796770234813,45.48657932241915,0.7824490839827014,953.824322662128
21.640142860798196,55.267533204255095,0.8552547914415742,504.7421530043052
1.2453687602293617,53.766943351883235,0.8073831164838433,493.0252418925468
14.53688233000288,22.308508283933826,0.9168525348768377,584.41319846243
36.13148680178932,26.333932829552825,0.8029580923146099,684.2690634724406
0.6633868342714674,15.239178897466312,0.94976004174899,924.6018844545425
26.061602889355793,14.707043869416058,0.8421052726454348,213.74621006984088
18.02908757299558,5.614377633246461,0.815383362817404,804.6793042020167
7.011757974522625,15.211265020170195,0.9425532897988671,387.4693717764583
11.848801712795993,25.607757982116784,0.876529550757316,821.9192363089685
0.4355947229201618,37.50769801352957,0.7657342022663075,755.458430290182
26.577610115356375,17.251997913643756,0.8159399181124729,296.9605254851044
17.255969716065433,7.884678687834707,0.8982011195202727,936.3906882385234
1.23908931413439,49.90687226207521,0.8643183815042914,266.7239675280525
4.374686767403303,23.759735885543275,0.8423158409844062,698.1721713695435
34.837498771423014,7.647716713201414,0.8070916889037059,407.5575089987321
12.403504385598684,42.557939506523,0.9223396477937581,939.7300971017277
17.386882076161577,35.28027219973883,0.8711077242255401,397.8638956152701
37.66366367627314,50.67558869079053,0.9462150557052377,402.97041797597257
15.61449248852138,25.00799844830163,0.9033524027769577,835.2665329417493
34.24513732538738,15.786566734164682,0.8717259333962832,833.3429433045903
15.877427168784177,35.219997634154936,0.7254900108112167,873.1670650502612
34.582275357845106,55.14714541428599,0.8561405794262373,147.51938177929944
39.14168125350795,24.059659404237266,0.709271051142064,507.5454595913731
4.799367569218041,23.0089195449575,0.8048812405506257,989.1265749984954
8.869874924425329,29.348343436447323,0.8661334404391503,924.6954602999618
31.703220479934295,49.6552412338661,0.9182525963881016,696.7058665178454
24.554643864530114,16.00183964383959,0.7321177863168681,154.44122960035872
30.63175052650226,58.00911414206898,0.751445534708173,995.3799433549278
20.121444453441562,50.119596578704005,0.9364464864164577,923.6080242589331
8.965426158822744,14.025263531778322,0.945207037803744,266.9968989019633
24.62180218276922,23.350767828166294,0.817218025307654,824.3856318519524
0.29241853838854526,41.2747456647134,0.8966530233829012,940.6556568065178
21.91747371419804,52.63723451634489,0.9465096837341684,210.57165902404188
0.6307069584617564,33.83880130955397,0.8385079702305602,403.0563251976191
2.6215649910822796,25.350700142567433,0.8824900052634831,573.016118590973
1.9732112209361705,20.659000924572204,0.8973433179148372,187.88766893133814
26.97966405846393,29.988348152369316,0.7981306986234127,173.97759237911134
36.35735556663972,45.947588356795904,0.7426192832941774,899.5082869118914
29.18078382261389,5.1214488953999,0.704543896978626,747.2912830538427
30.720187974273735,33.97490559965503,0.905906234083917,660.6762519976882
7.888745346219596,50.10809311449414,0.8772341152842991,582.3330570182382
0.0,36.46222682711456,0.7913015766501723,199.93865017184652
35.952979915238735,37.84048290080558,0.7493204908925244,466.92951100487886
25.292847717775448,20.661036585628196,0.8672924921342153,667.7678934086338
16.38107353195032,34.312022788671136,0.9494338591147198,354.7172328372411
3.9522391899015696,39.8779178206303,0.8006484602003783,348.79576530867683
1.16710711135679,14.518309927257292,0.7117527053514607,239.43484240802835
0.0,27.74695366851051,0.8888745107296047,134.5367925563483
5.938698578696108,40.02533042395585,0.8361070607912687,843.3242717720323
19.85790781232991,35.853687298967515,0.9193657091028579,424.7520751975
16.609838895126295,37.14445458589249,0.948027198985236,711.1637720470294
4.227365107107373,27.313271031891443,0.7489388742638561,469.84256507172387
27.677579524647673,54.493720842345695,0.7803895198541471,555.8725522443408
24.516392552911764,10.327521591604695,0.8157007307176247,261.85973590149126
22.82792272558277,55.192842329820266,0.9040171620416437,841.5429159707239
25.161673435158185,35.236952407176844,0.7715539053874261,54.140160948452234
21.722395964239773,14.751495057233711,0.7898391096189084,594.9569671153471
3.6190644211790275,5.995839271379538,0.8965749690973812,139.95768336259692
32.08043117698951,9.43179738820607,0.8188182154595383,347.59110891734207
11.492516289912443,54.7155917771712,0.8889120629562247,930.2992839180165
2.878493479046156,26.622614314569876,0.8441172994279424,292.6355649498262
6.156138565487396,57.5894992171237,0.7877478936572639,798.221067040171
0.0,57.016230750840855,0.896475335097705,600.8749987217222
6.214002966345834,8.500971536653811,0.862198200410213,432.9353636798022
35.487660608714826,34.17040130977307,0.7145912836573525,707.7052571605863
6.945493211582594,45.77195795288101,0.9156394025136285,79.13134694121261
12.220514993423965,33.741330551582415,0.8759188469042453,466.59624714310326
10.72475458293292,20.81310644521942,0.7243453790886174,310.36295784851524
28.03696607481838,44.864521592267444,0.7806016857455181,539.3126079764422
6.946758431759251,56.12889710672139,0.8887029256229819,824.21864136672
0.0,19.02222480086818,0.7867303673862971,812.3600825742121
8.936744501833662,36.523410787407286,0.9374173571199963,633.6122428375304
37.66325957491522,30.012641849444023,0.865857951683033,230.05530267318676
10.498089192889857,31.741533141428246,0.8309592605374476,361.45830187061387
23.041924384686574,37.53804826734403,0.7198477946354682,605.7856837629968
0.0,14.42722230434287,0.8319880487726024,996.2965686569883
27.06090315860186,18.758890300886,0.8885493986134739,706.7095831696984
13.785893948149425,23.29593443696058,0.8283747513660253,844.178518877795
30.675956246211214,14.108147864514057,0.7966252035586524,171.16169365177092
18.968643080241332,31.545673572403192,0.9005897127329696,761.4071324134829
11.949241958057224,59.722985159023445,0.8801845930270116,295.6391751555627
11.76358990988786,40.0654894169096,0.7466619072808014,845.7073647566564
0.0,54.35686266684262,0.7986310890740592,842.2194175707756
36.628643283129755,25.68273947531967,0.9335701373147226,148.28417007755723
12.349787419605764,42.87511824561896,0.9490182348855021,798.2768533727111
12.911897438892083,9.975747255173268,0.8476148659186378,751.3043150984282
0.0,51.708615757135746,0.7787372143373524,553.5288456361193
37.171200458147894,37.4704824514785,0.8065320354237271,759.6320765373482
25.735335740838266,48.39139626291973,0.9481663231196588,783.9754225670048
0.18586368297785394,55.47595512841067,0.9422556757152554,926.1031653337701
29.942659923323372,58.10361465493554,0.7655877133611847,45.371891365406114
24.695550121668926,53.01781411177522,0.9117083028166323,382.0843771139249
18.3277585113487,58.11782026518923,0.9451294464070988,385.25361334622477
17.29933735030171,51.1537496285644,0.7561026822093849,270.03957212439013
6.32433074127281,25.492356779609455,0.769091648858215,178.82684152971711
33.518942051716984,53.88254784979144,0.7761312456629821,863.8352643529196
0.0,14.11090628517972,0.7155915826585961,487.6405594490918
15.888968307202902,11.661792625227244,0.7298284585795007,174.53547060351127
0.0,9.202108878300344,0.7980880528318622,312.3521378500499
30.8744514734683,22.810810256657483,0.7241654249496647,313.052433898631
34.99918973879086,15.798523352504446,0.9318273030619475,531.2442853242172
36.80171682877277,43.78745372497686,0.7216688469127395,968.6489801004149
26.72636500472708,45.19348264134473,0.8843237844121411,830.159565053856
0.0,46.069453607487794,0.9293322717644634,788.6589043480369
18.323207908395094,39.11055063199828,0.7748949263549576,649.7157446079153
28.71490184121897,22.71372437614885,0.7984966172626018,414.61357076869336
27.096108954967793,38.17697037960367,0.8883742543729565,883.0780443456687
36.05138292933732,11.614033529748468,0.8933569507519221,522.7786128383276
39.91880280081432,39.778803481870355,0.8792531776827212,540.8798807966933
25.425063913389113,10.303588776340074,0.8607823481457996,846.5845078247163
19.647078974266986,17.336373924250665,0.7040932755514477,270.71114685194806
21.140043864489495,32.3812825207346,0.7743874127533139,600.7592272094267
21.722009930947962,23.364787831384177,0.7170203136923314,729.7516713097657
30.224076709748363,7.9038061654202805,0.7850085404507853,76.04515681731644
19.051298852083285,16.392365161195013,0.9121015805566473,166.23858379384706
2.7480713170571196,23.967688061752554,0.8938961992692702,744.4438379208513
23.700173193028046,47.02171285882248,0.7789182103986232,160.47076960342264
0.0,13.46531392552942,0.7247671253614091,304.28954499244406
9.493704461351406,9.046774709889728,0.9356268688517698,376.51949931870325
13.89592686578777,8.23870079360421,0.8720175327513885,92.30614110257224
0.0,48.71606087673209,0.9000307485792933,389.7658359371757
5.926167708638116,23.829792099591025,0.766310849598242,465.42396110989023
0.0,59.98748288995696,0.7212239843342609,429.7435938414961
6.550782817972258,7.8325546774362955,0.8447821716343097,871.5723190677439
0.0,53.070458529665736,0.7488942602436425,331.95823256568343
3.6165016321697827,31.100498133123022,0.7398165473348386,223.52374122789286
20.572014220245737,55.51611042424882,0.9415238354450322,466.6486503081743
12.094253499603797,32.19919212430754,0.9272095299093717,513.5900106680702
16.701852191428188,44.97789166742018,0.9066880294033307,586.592305999309
29.933648640330077,7.314108294004498,0.8102786868317593,64.64398077063638
38.73291371835471,20.36149402415771,0.8604811703785799,228.37139636249145
18.272954602281253,45.50471064257809,0.8369351455130503,782.7910300000453
26.41045541290659,52.81335198910309,0.9008595694621275,330.9784125507232
18.638975316235875,55.141203879025966,0.8684135787277372,248.22847504594617
18.270279919797385,26.360625724702714,0.7604072291204313,353.8074681151648
35.903926520911014,33.76267065204111,0.8014424734926799,335.21531238815936
1.70728266647126,17.631241394016353,0.8427977552861581,918.8347368282851
35.84919620250424,47.45551253624512,0.910434551709198,729.5647804470132
0.0,34.838800093945565,0.934119054265138,881.9339676558404
22.87443621337317,51.75304297022832,0.8020667977481719,59.28871542130221
11.263714189648248,46.709836052923315,0.8827788453998047,795.5976754100769
12.354877586767577,54.41691277562868,0.7596302937962874,732.0744617549412
15.143976613545107,26.89707308808656,0.71936938212967,839.2854010378787
10.400744407865236,57.606207930958405,0.8517191752755707,130.5895620690073
5.214606254857857,47.246158824469816,0.8851546275520491,758.2246983241707
37.734802593304856,41.878111460529404,0.7141688455336264,960.6457517229024
15.32521061898697,40.93920206665013,0.7307824192363439,51.98524523296939
17.04861513341835,24.542802381583734,0.7446073477181785,606.0806543863849
0.0,25.55323490055969,0.7995267157630457,577.4518213839052
34.333122444931895,50.8389389129254,0.926069114098171,347.58561534511966
0.0,43.09982073775966,0.7743281834562465,47.2694200377083
11.784771645124057,42.025244126608136,0.8423592698655117,769.3224326024222
13.865907323294735,45.85930244267206,0.7304637485567664,985.185910382626
22.49238656954819,53.711215463997654,0.7133518184587258,133.28052232793328
36.022341786195994,45.15250624748292,0.9497612361966087,374.2402805268154
25.25099252352523,16.511445740940378,0.8304784891958995,482.82780914202016
21.54699069669881,31.62188100160179,0.7326398791529689,657.1265018116405
11.038294741677374,35.90605356338834,0.7781442687713901,883.4550257139281
2.4668997214786947,5.781778557122324,0.7392847886735914,820.9920654716192
35.634679961609194,44.8888521226528,0.9040595301368799,340.9782225407199
24.887835019821402,8.867448413566995,0.7818883162068756,756.0133519089782
37.02517733441189,48.69930350227972,0.8873980440995355,848.704638051352
13.793532013182233,24.827243931168493,0.8587854031756132,513.0946630466132
26.23453864571197,48.836724056472136,0.8939752998179125,874.4267047113784
4.924118772221987,11.873913020332443,0.7679288493335209,170.53569275307157
3.4028662428026486,46.27830003879822,0.9479918905828353,992.592472189695
7.838417819249195,23.169436544034326,0.9052358043767967,258.7962907534079
28.13274270533314,19.651275421307492,0.7824353804534965,81.9408331209446
28.164432316859664,9.884665226808767,0.9158577269484055,577.740673686251
16.3158422317681,25.75602853165758,0.8822098867025508,710.3877113120004
3.1461402437946,44.38724948551996,0.8118711810403249,989.7985607962596
0.0,44.55386228663701,0.8507603997392837,886.6430940741741
2.1790547284107524,52.04597111115406,0.7246495194732041,98.54925552865583
7.795317040323654,58.71077628660878,0.8210379512600962,770.2113078154171
25.975449316928394,45.4897895763046,0.9146648346572605,687.557094551462
39.24631951116962,24.23058725427444,0.8274565582487133,632.0012077809812
12.649132504317036,50.89979621612261,0.7447144411730193,534.7132671717765
1.0567950405490851,18.95448874353596,0.8600294655083237,146.99044152196436
3.6860535869219087,46.76044721883791,0.8972094467942278,739.0586947556089
38.81844630678476,8.440897626189336,0.8273872992867896,173.30586598187054
0.0,19.703643144865538,0.8994331860815821,494.15162810945947
17.311040387686095,52.634930587231395,0.9038358379970612,620.1489291622956
0.0,8.371166551038089,0.900725512670997,221.36273392748456
25.71843219635639,44.47734421086662,0.7516375289883578,823.9738379236808
0.0,43.71466071062278,0.9142814753540438,181.35674657627905
0.0,46.08487510724948,0.8121699402737181,79.26262548731174
27.95441438352134,37.53699976904015,0.9428923861818554,519.9624033995536
0.0,18.253472207674328,0.8654359464987907,586.0523798474474
17.34501481385093,20.16725179773883,0.8955576464834604,712.6713751184682
31.968431038663145,16.872600547942266,0.9303772483544023,259.3023626544019
8.863660652695131,25.864939414244592,0.9358767223509508,255.42443533163203
18.320664478656994,17.526813216373313,0.7137002269480184,188.57563295222099
33.4678646884028,37.21439506936781,0.9249406204120372,475.73397624190625
0.0,57.072573719297004,0.7960704973509392,501.15098651813764
13.02183131684842,28.446308094767215,0.8077493810687872,523.1172538916464
0.6375670564253046,28.80128272907946,0.9094498547254013,842.617035966841
25.46209557307898,57.697694996725794,0.8736661990780631,123.41149813495352
0.0,46.01630139855872,0.9095547114594789,639.5544679493761
33.5331011512621,49.60283801232424,0.8684356431239898,943.5360010724478
39.102768660677256,28.53003405639442,0.8244369129197967,522.7215615562681
34.88045174112025,51.42232376459388,0.8029395399184377,374.06117374740336
34.508389106208945,53.69740774427112,0.9366752284389004,704.4295680042944
31.797930713604693,34.00830868047284,0.8977942155922483,379.33477216108497
34.77707227097416,39.28041265302973,0.861206502459218,912.0618691132503
39.742592614083144,5.200762073531054,0.8751606643197136,52.5562026097327
8.468795316489922,12.253101711322456,0.9363441867516191,332.45050083962633
3.802013944187975,46.270991172762486,0.8853171465021521,253.9170873176712
34.81170600500743,12.061536635268485,0.8954796247992054,228.62843877870344
0.0,30.79580290490113,0.8661534877697862,918.9322930450707
4.207276599263856,19.794874039524846,0.8388870268957179,985.1417983682443
3.659957812864837,19.198377406143692,0.7344762153733836,779.0704636448878
37.39404967092199,11.487351585851815,0.8155423586001881,424.16708804431886
22.24096024180238,44.84734380930129,0.7820055867912449,663.7205385283637
2.009979352662129,38.76611345502443,0.8083398261511932,769.6929689058494
21.68793741509717,34.48362353702477,0.7306889522862438,118.70773563635882
37.41247827210053,9.796966898058697,0.7391373117774088,542.6037884012433
21.680737455760887,27.778655102613982,0.865811105782496,574.4517119957777
6.025383823576191,55.48532273747025,0.8804852014487409,732.908403436797
9.719219203353942,59.31186174496688,0.7507751490814446,44.77525240567836
32.028423413005825,5.324205240709581,0.8793358054792713,367.7065622093743
10.084240401525552,19.259436018261795,0.8186322845740245,329.00269329896685
15.628965207523086,10.891807976895425,0.8896345257473226,191.86188409672485
25.627279640814688,7.588424412793145,0.8774916130025077,158.02406718415642
18.619855775179495,53.52226735373158,0.7314519124285146,739.8640017541494
18.636483723974468,54.447541382893135,0.7377841456419105,449.1047040145073
37.40088894968512,11.707162790848674,0.8254231342376573,269.2145180824342
3.3892486447898955,51.212875113074006,0.8316074701072288,613.5794083992022
20.13247349974438,40.9880021384802,0.7895196214862816,139.74812991935147
2.3637881332803237,56.49662799036981,0.7755631249336752,192.76743309519338
32.708274369414816,56.80765861589283,0.735517236979025,320.80678600687685
0.0,39.299513977193214,0.9238692433172422,341.4858481042009
32.991532124197136,39.614952483770814,0.7202644610093449,165.7595611118296
0.0,55.16954381709528,0.786584087227349,74.20761431459134
29.663086216981966,42.51659596469606,0.8762477976157217,518.091899576182
21.2957454623082,21.704750067181525,0.9076513489692104,620.4792194779893
34.407000793388605,31.847576466108453,0.9013247118841234,438.4387124264929
37.156605393629654,6.9406920181217115,0.8676769563400191,784.4218863975618
33.0548523235336,47.34599013287842,0.7722780441529133,733.8095032901015
2.9546642018482903,23.135969868292506,0.7409445626825164,881.456830541413
0.0,47.06246447291168,0.763397548012986,738.6073773314124
5.353944775729576,16.57550826043335,0.7879100565093271,402.3846725165815
32.35798326309142,48.74949831538442,0.869563967733167,256.7987951896616
0.0,39.212356240925764,0.860186651814319,167.20705102062269
2.592471590320981,51.76898203680033,0.7612281067642034,80.41749427012962
26.936374073690708,18.14606600752672,0.9175505237838251,513.9589671938481
24.60292128874651,45.83218046853402,0.7757770859668713,623.211220113179
39.483398472635926,45.590506663527506,0.942213950440968,373.5189549731805
0.0,53.182511092123164,0.922440170931531,144.1974988095187
37.65687019780327,15.386593119744848,0.7566609058845863,655.3816332137093
38.56782104391434,16.556255807309974,0.768827751171476,120.81310250636943
37.852484936345014,56.373558974395216,0.7575553106086911,736.4024989892441
38.07576463557977,10.125881071341174,0.7852466142283311,891.7015737531133
2.201405283564793,9.902883444891707,0.9077906456640046,955.1838592518025
34.193486815698414,39.101360918244396,0.8250742988063913,900.1697012988222
23.351818559933896,57.910792865181904,0.7830363408937717,269.9246773482857
22.404361723214354,19.463263973056023,0.7448788137952501,524.8758035011793
8.937281103137733,28.574041323087982,0.8727450148146934,66.88402845600145
3.2110448104114053,10.779891130898207,0.8227074284105336,921.7351726397217
0.8410489250026565,12.69173341699762,0.8488711310835195,139.89088975580455
33.41142137511635,45.61931874974863,0.8563407729692547,988.3780049281119
26.269832003494155,23.352154075268874,0.9364267396746115,406.5674797124576
33.49568705987865,46.02621060048416,0.8910115205709976,203.61510826731285
34.45499439088441,59.08987836727308,0.9127116809619928,941.6438002201953
39.664689497607874,20.308158686511565,0.8101430518652017,82.74192388699649
0.0,9.904101634072576,0.9061773561752342,653.9350566651723
15.871047682805788,36.69435770448866,0.7700872315709273,867.1018245069125
0.0,27.321454448030266,0.8323843644219426,300.21297271037565
22.373420362368634,34.864133191174794,0.7435287553412316,543.6742980729337
16.75861745516038,11.980023743544907,0.8428641754169911,988.4316469628159
18.23763782083153,15.880542256788347,0.8062721056336467,196.94049649098173
13.037767412760015,35.69080836140562,0.7973810437290789,882.590623947683
2.6912256728353934,46.357843801548924,0.8583694543699711,153.73120949244912
31.796097682645975,36.51094752672264,0.710057760281336,245.9925916649975
0.0,51.636031368041486,0.7120877839274018,630.6540500482993
30.53177373743501,28.77137684468828,0.857911574499822,880.9244830916831
36.80081240597009,33.88648231299665,0.8131938607571517,828.4206156882781
8.254532588341121,48.231187235950024,0.897912206238387,348.9148283515447
8.763291667071156,17.98005566266124,0.7378961092821115,501.87578845763016
36.55925873397778,45.39297274534683,0.862890920025104,728.7155282748663
13.432579937074678,59.774979978902664,0.8699459691991676,348.1175662264375
6.575466527851927,17.678986495580364,0.7875260823350335,586.9143929358029
33.965328948264556,10.23632079731037,0.7087819419293665,414.7840818041876
35.13422868274734,44.949935296786364,0.7564259917724591,755.9015406996199
6.930595422318695,53.6953627571331,0.8878316116613305,581.1238040110914
22.964375296201748,47.42886411639193,0.9392229075855261,99.35679380852818
31.67864205996541,58.39909625464828,0.9370999566440192,301.244387426785
34.55030298418336,15.769161959826782,0.7753467572529542,796.5695068087974
20.160151535067314,28.70180396747562,0.9324734979358684,75.08790334548998
22.170264586976693,7.357019524288568,0.8617247776067728,756.7152473423828
37.79302451990776,16.426530520291227,0.9269312853254347,194.68678377398038
34.54659456529856,15.27621508849939,0.8641951075754088,955.7414365569753
31.310181267872263,20.325018002741366,0.8828130792824207,969.2686738664695
9.307496583853947,28.083070071279668,0.7138455088003778,178.6112910202919
38.335447508125654,58.011201974464,0.7994242514242413,295.99520556526346
12.20632202506421,59.64669246467525,0.9296698953423079,49.40974873967363
0.0,18.33287271669911,0.9210686547674376,149.74487304525343
34.42968053068263,15.200854898002019,0.8775313140506942,710.5487587876754
28.232084557675538,19.183496582390706,0.8463602085367729,743.6006346649358
30.81127306760117,49.05505789179112,0.7170215253585839,202.86482944942261
27.956758765748777,35.25669234933873,0.883235362746676,447.16883829706495
39.187445717771126,58.5572235736042,0.9273127384168505,937.0339305868217
36.45668715426503,37.9070203851207,0.7725989145430064,655.7252690151386
31.932233038757534,45.1853850179936,0.8033741059096964,212.64753878187807
32.32574968989785,37.1344860429482,0.942787894493526,582.6645904385456
30.376515182208138,22.685043051847725,0.8203480748683107,851.5172581826046
0.0,56.296681651728974,0.9244481925374224,708.5447620078635
35.455287016706855,56.70947029032711,0.8839993072484456,401.78313570818904
7.235465163192799,8.938561389530783,0.8398111622373715,437.7157381536533
31.094770583966383,23.48994781478832,0.9244594333061934,331.84675051032656
16.570119814020725,33.66094168734997,0.8627953421454776,545.8471805362465
11.66251866742788,30.8983601258051,0.8948570409186123,548.1858088382739
25.591654924685194,33.5149697780858,0.9227073770318865,561.9868697064795
3.512495957814902,26.582107229618252,0.8987242930956021,52.727004267295534
2.66797328400942,54.31634147610243,0.8892509919736221,947.2961218451411
37.02633262107772,25.01840121358745,0.906789365704964,192.16866691550482
3.4041549458534175,23.706244816386647,0.7615868512777316,181.7358972862411
23.048403763212175,6.141567248964986,0.7544300023741198,761.8529055491616
5.813440243226754,50.360957761632676,0.9268367236732308,419.22961620284815
25.63060894075427,9.099753926788601,0.8460700467703368,388.88321524407223
36.04015145072332,38.93040193372905,0.7946986049208894,567.9916018249068
32.495955725234296,33.605790642778985,0.800970995559224,589.1422158835147
26.023922755294237,14.819851741966154,0.8691826479563411,270.3814156212962
18.4028823091588,42.102388765201276,0.8305620612733766,252.16232132803378
28.76839527368338,34.81503194419083,0.8613012504313245,50.21411448270186
25.18386950730169,33.599405314863134,0.915826225876843,938.9572699306698
19.956792395238143,53.864651408796256,0.8687552158146007,712.2908151792669
5.905003552776382,35.67114063067536,0.7040545609362701,352.1950652382346
29.702643532110745,50.19490386324042,0.8495667317963114,924.5366360861518
10.096994155209778,16.85781834182385,0.7368395736589648,234.1571733716131
36.830395745829755,27.86690832528437,0.8419245085799516,988.5459444897319
33.85704416804629,40.52624006499693,0.8592360531957479,180.57828673093354
29.326023479355026,47.69382794137282,0.9395317537695127,583.8521266418645
10.110914516040317,26.016232690197217,0.8818018707862387,390.1644990938399
0.12423333888930281,13.52986941003476,0.8167609924374408,428.99068922869304
21.360744202251315,57.00994994094911,0.8578962253424751,264.60605048947843
13.01829174831597,31.028809853838588,0.8661994100323887,347.4682954452755
4.730621679322143,37.23680946635363,0.8905555815293668,265.03064494046873
6.893030574692147,19.416649964679173,0.8409451569779863,258.84040348242127
1.596582974661576,14.885294904544002,0.763182000732211,847.8934484871174
0.37372697632699864,27.671325542061922,0.7330104422442395,464.7019388051742
27.39377130521236,30.539803387641,0.7143190291075396,311.79897546952236
23.56822293418302,27.29907908068076,0.8129564942937588,215.44828186374974
14.884706123563632,49.72752978356316,0.7479486632877274,342.8982026162822
7.7711622929771345,57.94242294086478,0.855244844063243,297.4829204155242
0.0,30.20822682856298,0.7394779062682791,690.2096253113431
9.680531534773175,35.86096322271373,0.8096983139449939,438.41755886131335
5.184725668025909,45.99267756707584,0.9288365408694289,146.0068217907511
4.8597766407243395,57.120776894927126,0.8337990536192574,403.6013457218037
34.8996540585592,51.68010260359876,0.8309267262255771,890.3283192001983
4.848318702175335,14.19198864010761,0.727827134405124,396.94445400749316
26.6688379065508,59.611017064994925,0.9287235958670974,136.6259314970905
25.405867760461202,38.88022043674936,0.8686546833802982,999.7107797760032
37.546264721189004,56.8454464053865,0.916879242153184,533.1250981181075
18.645992664310487,12.153960521376233,0.7061432101461662,71.88138710745989
20.718470344401126,33.4907980566412,0.7786799235562558,98.90153221191653
8.150113751898212,56.56287578323265,0.8912116196568939,436.1291658259082
4.1101667710955905,13.89457457878855,0.7082878532644363,539.8798404624413
27.64081220813905,18.230654023306855,0.919867990736722,477.3264789019519
22.851532953938182,40.630992852920585,0.744046526010956,514.503602442178
11.302463322840817,23.45548332554502,0.913185684225778,123.3037579008334
27.559157685911316,27.72222625795386,0.8618984039922221,682.4510730499557
17.841264306121012,34.190605287925194,0.8290336266567354,446.9994209875155
37.1852986312971,35.19724596843622,0.8194977066085005,730.1693329013431
26.195686376327185,56.56825909124529,0.9057567784310523,363.1010354256332
23.35665853192408,37.20050504044021,0.714790597722119,514.3137498820544
5.27240889888379,39.65600391417636,0.7009404869026781,474.88017842439865
19.649576074433693,23.747512562774443,0.8342702252724086,612.8268205234613
14.44801425459077,49.0529683567491,0.8085677621108232,510.1865502981663
35.073825150591496,12.800675247137876,0.7148909713706775,746.4294767916065
1.4060654176197396,54.77828212870453,0.7936326928323516,617.2336408691151
5.1188028341100145,5.785128743900682,0.9441492126961653,876.1189468838174
3.9922426436213083,26.91322517883832,0.8218320701870195,154.94777219700663
19.691262453639688,13.941325520041215,0.925078993495375,755.2938012222987
15.071472959515601,16.488420178043036,0.7825781452830223,509.5019459547881
4.305123747665223,22.58237928106743,0.7451438932726187,304.92868977108867
20.560038764036698,17.43064169088657,0.8198765038322425,763.6976873700995
29.913036031581463,48.426880795884195,0.8223989118887743,678.1067346641851
37.588462589622374,23.884518696770225,0.9118829695775797,347.8421412532659
24.326172262914444,51.16064678073474,0.8312734444409547,687.0191637532456
17.261840731770782,43.47459413097351,0.9341792718694089,966.5254096055452
29.635032219479537,24.329257822839587,0.8546283597616124,293.7107011994047
35.43764243103483,5.608051840714991,0.9278824323538174,768.5532654246948
27.917721916653377,44.41335916601613,0.9287318723108807,577.5012028060842
39.25659292141627,25.435763721140308,0.8133334310546178,879.7714067042773
8.259241863286762,47.323633217134855,0.8133560785680884,298.17376028498956
0.8590826671584882,8.195826086578036,0.787071652894866,549.0146856402525
0.0,50.84225405871519,0.7790220356549844,63.579250402839484
25.87553793598745,29.09271313536832,0.8401775274725192,516.927097773489
10.019517328530537,24.881671636284242,0.885465391148335,410.52372264182793
28.547818569807642,44.35309125172704,0.74896152627756,421.54205058598507
38.05083721916053,29.332837525619837,0.7674599820092889,449.26399584359154
36.818032161107546,45.813224934156445,0.9385537735213576,979.3601731278296
35.561946697501405,23.589649178630772,0.8787062661562266,323.0803365157792
26.33909244439178,35.14361001987795,0.9478625772903346,520.4890680091703
30.28705640808817,29.94070911183771,0.7695856961319006,992.4348667119854
3.21686876253079,34.99325336302851,0.894448291364792,844.6315894337247
20.254235511420923,39.339774267859575,0.7050366379966575,110.98287174011801
19.546048188149697,32.3170354847487,0.7792496621699463,960.1542788144092
4.084341434765695,48.15079740384407,0.7432315689741928,75.37419463336593
18.72624831264759,10.812516379670013,0.8968489873998357,135.12940586802233
17.054943146756763,40.79594650854142,0.9112455511121749,540.9523835724108
0.0,29.91708912720586,0.9298842949749249,509.3618120069867
35.07948165047175,29.315043074694444,0.8346146498427759,993.896794488561
35.124684157479415,34.869156134109204,0.8328146152463165,728.7742102564789
38.12118229658679,10.536980271850782,0.9051853380208486,119.1529962215504
5.473398739168767,26.011567776014406,0.7809988625925876,204.58216865982635
4.78767269299079,19.384769604192872,0.7837379102133935,478.1996305843324
3.3566579492128255,54.478459397332266,0.8527909727681745,408.42834677487866
1.9417705970697365,52.37428403122192,0.8381737288181653,826.6665923398978
21.149157999287173,40.992985575061894,0.701367039477222,585.0036518455904
23.433359734016886,48.941469327686676,0.7796622714223407,850.2256305735214
31.74869760333996,43.37439157432649,0.8979270419538878,839.2213453254793
19.249749263186338,56.2422079047886,0.8162312437899941,520.0939447899743
11.912378441447533,33.25636124101065,0.8364285339525156,674.2004182464649
38.282579205518076,58.02912678706106,0.7933900085299704,832.7468782094661
25.63609292914098,39.772537422400276,0.865512941943867,333.5258185844973
25.92283924689869,24.699279038045642,0.8306284853870328,932.2416959571458
18.692967317870938,57.49143880695455,0.9094672202238198,746.4650444793772
39.619147330564644,47.95648262746749,0.9456410346417546,253.2557926040644
11.152379344783983,11.369986775753574,0.8901084264069549,338.34130524158445
1.6538339253507008,18.110268692504594,0.7766264394061395,989.8516091282953
21.87172080181251,30.805049543369208,0.9403497516374645,420.7971714527244
31.63557887454322,15.447830125612732,0.8692920433671527,169.08727849242607
0.0,51.086840452373934,0.8838695542446021,785.1362555327354
0.0,7.617225848749401,0.8376554402743256,765.1790125219462
12.403608559831005,7.641930430964644,0.9266450294554766,181.88692322722883
3.91005729635091,24.897128651804756,0.8666432113924665,527.3870886235995
9.69138691723792,9.537799977566701,0.7833012887602597,939.1180496200712
25.22607777122459,11.344386195405637,0.7149914866558604,954.7602210810086
12.946813051824703,40.178361713753986,0.7143976067449771,84.9134037309631
0.0,15.378039672863306,0.8397968646398003,972.2132930593821
10.586626773189943,7.8416173178086055,0.9404152488525324,662.6582753292297
8.845325286506576,20.69693584464445,0.7866093399761898,856.3906432555146
34.979195060232975,22.03650000992824,0.889395426117872,739.545508453852
4.461211385345706,35.222779923917365,0.7503785855288402,500.65139638336353
15.375829112128306,9.981064988958671,0.7090699066774021,593.9552109204975
31.03479977170366,15.518792413422544,0.8272883797589238,415.3971830145918
0.9144520481762839,41.870181158521966,0.8745182066299204,764.5693640676103
35.05188496780335,28.82111498337077,0.7470126644245411,790.0325917249535
26.948325758191032,29.01270260374627,0.8189069298723326,339.5421403560595
0.0,47.85669706502543,0.8358824334597204,492.7325249336254
21.06064364342791,17.404676201797862,0.9471115764040794,981.7254822345986
4.943003893313,45.37767643300622,0.8845180018953727,840.6416884584582
21.284581535474278,27.799096158183207,0.7823179150955588,393.96365690682285
7.341695895210133,22.66551608874832,0.8017129586319731,376.7365036294133
0.0,10.522601177773335,0.743171814970218,503.0291177641193
3.4927720627683487,34.49934213568786,0.8437297732605805,713.5071284627384
34.773779994997405,55.77943921091456,0.8968535173962453,401.78231357690566
0.0,6.758320039092544,0.8348580505990377,264.2062484667155
0.0,15.584985838764764,0.7865918009266265,226.54833677582627
30.735500124868107,25.83441756475891,0.7943446358590958,903.9210481753433
36.38968910883479,36.14704337066635,0.829794645533795,910.4191266286028
37.749231068213824,15.41394456311325,0.8709543879964784,421.2654892384662
30.675491851924622,29.44035607785431,0.8652499392062278,151.33164315715408
32.295292221853316,24.853668306021667,0.7631899694157235,360.8152794563934
37.24984201749836,34.99769429759565,0.9078392806906583,104.24697111591371
12.689119710198721,13.858143532561716,0.9170897230410172,389.60322189324154
27.34706755573141,14.71882063833813,0.7165743345645408,230.8485865595625
10.712864629534831,58.48444835439333,0.8062981518856679,949.3447668983823
0.0,5.283297652383859,0.7924089833794845,442.93094090024755
29.869592443317806,6.853588236234857,0.9393978117607683,282.516083961059
32.510458390608605,45.45870492118309,0.7837395632409193,280.36277843582735
18.559654147188493,54.16598359648591,0.8269968374164731,472.47051066259166
19.31491677506515,31.11392222107006,0.8679928045550502,530.592301834102
6.166443618976487,38.61187483085275,0.8281591778113113,135.25006716662003
0.0,26.85841553393477,0.774326204150463,136.19299024155686
11.657428267952158,27.2574959370395,0.8307031876097063,231.67530715599167
4.364572402573263,24.02133778846997,0.9245101962535326,690.6374441288785
37.19231120824839,30.547324612009866,0.8335315703499566,683.0705871741428
23.670794202977664,51.30874476016644,0.9329357498788272,358.0027969231106
22.70036580019821,10.066091938174912,0.7640589457791583,716.6741227713849
16.652779130398017,49.98764585736398,0.7248809134720466,565.6353569276298
17.85196191517992,44.49634764545763,0.8130885481061938,279.8078194804846
18.987537409078236,45.39758908620262,0.8848040449010568,246.5615559081806
4.259271001668523,46.713071144718505,0.7704578114746696,456.0088745202612
12.935842585675525,47.05762770179895,0.9449718866899357,759.9117627963736
38.8030994397004,10.430667442496752,0.7426888459090131,507.09430642018333
26.264521778980114,55.499975867698694,0.7051740763623439,952.0401540409962
23.260109164616146,37.74699115232976,0.789008586825057,355.95886478951365
26.60094874906673,23.933380440836753,0.7362633158452878,229.57074060662964
20.776723373198216,37.1698763078803,0.8709326539031856,972.8342860802858
22.211728751379614,27.414119176560554,0.7244824261476145,814.9126905607374
8.50990436078235,29.89113341428017,0.7809450706040943,345.95408892518236
21.63602658279901,50.564583460237216,0.7429313249470615,840.0736339495176
13.353216900758614,13.166670974577608,0.870736807492049,535.7992148236185
26.424651828005448,50.49563643130098,0.8457493299074544,317.1108789908391
19.6047654266532,27.09732955877442,0.8008550092621385,541.6284431303824
10.632200841844146,47.7802447814869,0.8641168549276712,544.5576353633729
31.949419539449,8.183982092092567,0.7632858536054661,411.9391106409679
13.559467319539069,7.295941496582233,0.7745269267831627,850.235425348896
5.443082451384612,20.137595009134877,0.8391439705324513,467.13650994030286
18.34818809227168,11.265887376236108,0.886894388262522,776.4942614416773
16.426925193921207,15.251553804379556,0.726859607381448,237.02648304453035
38.17724331139608,41.46213266879435,0.7992792087977947,734.4210994912627
15.236115059931771,56.36043649638314,0.7748508365729826,300.75545904169365
25.63516581330285,54.10483745008508,0.8372360874687285,646.7277091816125
15.794430793936945,52.248012353525155,0.7866783132495464,752.8158179276741
15.174326105768133,27.89860383332427,0.8101564167234198,792.8740733050946
15.9322461205809,48.423778298918194,0.7177326019042882,204.6101971804489
1.8528528253450398,15.567830278009353,0.7522270241027458,693.2710521745487
33.76011007438261,47.48725093208151,0.9029392066002347,654.0880511426494
8.991290791980948,32.82952956743056,0.7500444733998585,267.93652591287105
38.75882204080544,26.082044698390106,0.9232135083317846,596.9569167435116
26.906005445869877,34.83178693659774,0.7955641590753754,381.6638375327433
8.119372320338185,25.09045648395109,0.773581124335561,842.5929527661796
23.07585377870386,43.298887367027724,0.9167262432446841,293.77377817938725
5.042067760483019,5.437191800875469,0.9023299066433597,500.47218731582853
9.878591503737356,47.45615426966001,0.9132732735816178,996.2763963299136
16.869201470424336,57.14951193541197,0.7369008132361955,146.6259677362292
15.204640601113299,42.48417406403782,0.8189907512357196,804.9173266211602
9.387967386300396,48.05975041352052,0.821867646674365,504.27757565571784
23.81282692717012,23.34013728917772,0.946181805308824,986.2184425976297
32.67443216957116,19.400842051007363,0.9425591408671155,646.9151581484207
31.714606965092077,55.003766781421675,0.7700135687646307,765.64116549028
14.574548287796333,28.937772623968883,0.8623914671429108,150.96610431364041
23.571101534589697,51.74902225019648,0.8842200031806939,731.6438128750968
19.604284618670636,55.04940286686963,0.8393222321792646,140.9105053826859
21.217322259855496,46.283328831568824,0.8532073988402097,421.6505526124787
13.521716029494318,54.83268663247428,0.8773616920503049,124.45136015954279
0.28146274016820283,51.03368762447127,0.7596669662516498,789.2797480259666
28.979338732958755,50.35339939174825,0.7771056410520638,111.21947826615994
12.004744033287546,39.606306171218336,0.8600749936507147,453.9480216157134
20.475470197871715,11.407469584483781,0.9204254355606947,547.2997227778175
0.2683160949848696,17.840844439639028,0.7091613682118119,270.0859511206776
10.83226427381948,22.469049038361526,0.8781975320044013,177.84270884091933
5.435531391777413,6.846610587102094,0.8818033873933739,967.1962177790075
0.0,23.580918881810547,0.7868564854407091,755.0529807183343
3.526953354182986,35.16401976718203,0.7170262509599398,817.273146180522
12.965191836996244,15.49381459570932,0.8330592845582052,92.04468745152855
38.45404980123618,13.971335830608309,0.8288966636652051,368.9232816266278
2.8202388170514734,42.709433033984475,0.7368236818557982,511.30630765007845
0.0,29.24944284711138,0.7735372433895635,667.2019688141361
23.45850433603748,58.611422405968284,0.8058327601605432,567.392612158565
28.451563452889957,55.23946288407627,0.9081628039303324,497.4751081391395
38.77945525630895,54.772355173855665,0.8089667659396842,330.80203310307047
27.585564888382294,8.664885299267267,0.8477777357832599,228.72788014216343
26.143817153666294,38.855178297252515,0.7247540152941995,689.14353369393
35.84747322717393,47.03761366139002,0.7965783761793768,764.3846756237517
9.492882145091786,31.458272916984086,0.8061665990307321,107.65824321013429
0.0,17.80232187982449,0.7652606868716658,452.85718243618106
34.35437703927965,22.215944187391816,0.9285222110059955,891.8132277810909
12.874478512080882,44.08851788017642,0.9315510489488137,690.7289502471951
0.0,10.79334245737086,0.7992682047940289,721.3910078631658
7.149042557137769,33.70006685873825,0.9311217258020057,992.8819954733144
12.05576255895249,20.32939010380962,0.7107030194508752,366.4498999397622
31.828367447552207,14.51402116018452,0.7437360864243343,954.6634252401777
12.369580291190713,35.469017484198595,0.8363986209971895,608.4183686656584
0.0,17.11471918056576,0.8618823724974356,913.0992727067635
13.838281144632807,41.45627502849926,0.7441592013900077,92.42427264980655
1.0911429850741539,11.296716592987242,0.7857269889303391,934.7909897780671
22.119025722821355,59.37451183036572,0.7955534218397274,221.6347846685164
32.79132088237311,9.187649123479034,0.8287640552844078,505.4925461716921
22.62747108866389,32.54183104847266,0.8111992069605377,382.03184041397407
5.103543188192668,51.38636853315821,0.9195210211380215,582.652878117505
22.99443500327391,18.599752892562964,0.9487190481925335,78.8956219495848
29.825631082760044,32.871507634543434,0.7153930660792918,528.6810453235456
19.72699473671865,59.93691530548784,0.8683197997294243,717.8963903921397
25.834084482688912,21.1656864053179,0.7786738351514609,220.56511218495658
32.00083757810656,39.26947257402238,0.8329345206446555,378.402360447188
0.0,30.31103916889459,0.810079693440755,291.00282910114737
12.27820803678594,26.556158349764004,0.9035336715230421,144.33617103178375
0.0,17.39852536936311,0.7792900781041054,463.6026010723599
31.995317398177644,21.269919587667495,0.8397991421093534,235.98180842678627
29.315613203046787,11.920206092495604,0.813323245728194,383.95220267700785
30.312814228131966,6.8530234083434225,0.7107995307620428,701.2703841491974
39.34784853887029,55.42102156319383,0.7676529093644345,307.89189582652307
18.06018701319843,44.98656679019033,0.7409446322204131,961.6361464271981
22.808722501450674,50.74325025487641,0.9009310471870059,392.2021088150616
15.161098079105736,18.084694326811462,0.8910644010902731,633.3865857587381
22.89684341289339,32.259148447350675,0.82561453047323,663.2706054091929
26.494075660528388,58.689519031813916,0.8977183896681941,668.2743352702948
33.32834990038698,7.424166158445581,0.9275579625141439,51.396753044297796
15.06827442251622,43.92867221562879,0.945407123456179,170.47046309816037
26.139676752501426,25.363874328522368,0.7843742129043321,234.71713405124967
3.2815390340061446,11.707971497396487,0.7169102252388363,745.6434223238012
8.823883162105584,29.336149650877353,0.7061677423431229,471.7140471470258
6.584032484856136,41.00097217424254,0.9175361165947888,215.7097520341369
13.636209510276485,57.564544680543754,0.8684298759057947,555.926394411587
18.16645366741531,39.78895835098791,0.7412751175530633,968.4883977726791
9.082348040783792,35.21665645429711,0.9402219929555167,476.2036227638158
32.70348622547547,45.98954925871644,0.8990795967594227,863.3123752359526
14.181400488678923,30.920944861287072,0.8018949088774324,901.4172373454703
0.0,38.90858708891177,0.8079075841176022,776.895328564466
29.338628624196676,31.637075976010085,0.7784758643535485,165.76981445232678
10.469811430962316,41.28508364516706,0.8660695699023279,387.2872998207274
13.84273002849752,27.55048283977282,0.9355219452976002,141.7349439492834
17.46941993098905,36.31689928754192,0.8284323472018877,366.314272522009
39.17049277693354,17.979925738015623,0.8883332678652551,675.3961878359614
0.0,52.61381058785339,0.8381973630717156,877.2873793779348
17.555693670040025,5.108253641839877,0.9205693235255366,642.6045769446869
8.413966601695185,57.782416167691736,0.9315117695765947,233.77070686681083
29.40740609868527,42.262010536661826,0.8586392104769194,692.30352138198
2.266956326320593,10.810427825191068,0.8312288725824784,181.95561148020624
29.28638678652234,50.1794339940318,0.7578606536517443,258.3102398020304
19.18109136097034,47.5457095953654,0.8702004954969578,768.3796317770237
31.948776150545147,5.134427203202038,0.855732155705211,310.20203538298966
19.467639292134194,48.92745787032145,0.813941710158776,816.733442167158
4.462812104911932,59.01153972288925,0.8448326325455433,56.036969527300116
16.535562263794212,49.731550085561814,0.7265793974284054,964.8623945628308
7.998068297202537,52.0375946295218,0.7926919744598105,987.2210113515094
0.0,13.842964657023453,0.7153742136257738,404.7311944693105
0.0,11.59279042089342,0.8197189815990156,201.22248791009775
31.848093207039135,16.401650197869017,0.7908529582754145,682.9515030316289
21.147841678135396,56.93324833023515,0.8983278471901851,959.6179837451948
29.583639152630536,47.45067883678812,0.9127823438089502,542.7744936777644
38.07740872016072,46.322376966130534,0.8827820367299205,730.5906430414805
3.925545599810185,45.38176733653691,0.8511401878567079,827.4452561165442
31.805224093170896,26.66367919017391,0.7370037637903666,335.2252404524302
38.60060552852982,26.800731401806186,0.7775962122764091,355.1154745713859
18.19458918919739,32.753098853217075,0.772071224290352,433.59748287241695
16.39149717945319,22.420952057757745,0.8835423575174872,45.030479284819904
6.392627320483911,34.91990181580017,0.7811717100282752,670.2272271754443
18.185367909903505,38.092256556720784,0.7559439171884885,694.0107056122627
30.50927850377048,15.079619951154365,0.8126935810057958,686.5684469914592
22.982599998379033,48.46540206322613,0.7453462086688635,509.8011685433615
24.483605240824748,13.05308434602569,0.7054381374593331,525.6410585257571
3.8018095440390303,44.512273436364,0.8572262229711795,264.6559409422771
13.759270460352411,46.702816545473134,0.7749525619502635,619.699460256126
35.392206042956175,18.431159639166143,0.907263408075458,989.4104106719068
5.873062662760071,5.956537721900558,0.8109073861302696,931.1551239513956
0.0,44.57383991890743,0.8949444521687038,240.77915680290377
12.724787270192865,30.94569954478838,0.7805522289610775,180.121153766592
5.054430526255384,33.867957838063234,0.9129099948258823,623.5231328398917
10.955136983389663,34.05106913760556,0.806776309746987,860.4976562150578
37.73166423583752,7.789664019112315,0.8802190988029208,142.17795099449836
17.50845477550788,42.58840934456636,0.7872959601607672,474.42800793582853
2.051045482419497,37.92304447988709,0.8212493988449793,781.870424408121
22.656469731721597,56.673151257620304,0.8411048824632756,300.2811624119464
21.869729236165046,16.95732625709213,0.7724054623067571,340.97094235927966
0.0,38.27334420866069,0.8069596244751294,589.0714481053009
2.394385000137362,17.131436980006338,0.8700302270148593,878.8705456342088
0.0,34.76472033018682,0.9331241353629807,59.157598568061225
5.12132635819113,27.052870278962672,0.8758522015342041,475.4761694643905
10.27996120133232,19.238706371993175,0.9380826052255165,649.2980197440247
16.269291997392713,34.45512721137621,0.7016165150683378,534.676158924747
37.341779330487235,34.102690780601385,0.739801601692509,506.9024476651364
7.609041402753121,29.23169816219081,0.8059077946515861,194.66053434652196
35.50951335936711,45.05430111071773,0.8970198100170372,846.7896567021961
4.213673078544044,58.59153370424798,0.7316452339684184,81.89017482200939
13.768535525235286,27.090186127823085,0.7983829470937494,344.23740465376136
30.92721690784302,19.59299711093065,0.762294512199604,295.28846124494385
2.2341885588304504,5.849783404581869,0.7144216018552749,438.266172937919
32.57615322499833,10.579593517164332,0.7731292490190002,395.9821127673393
24.55748368284966,43.84056726241375,0.8759365464787585,455.88438566276517
13.679914082770999,23.431829483519852,0.8903858854684116,499.0132918345737
1.6327493781497868,15.899916822487334,0.930236438188043,888.8659737579707
21.65914582544384,22.239816938759848,0.7673428841708128,389.67224615271755
12.856599745535,59.238393513388665,0.8890534026880087,701.91775781225
0.0,26.680258087798425,0.761182587302156,905.277818659343
18.62894999640404,41.99294156890103,0.8287809528596596,948.6256675253435
21.638825860490996,34.413911061013295,0.7042893190679195,535.9424194343528
30.476538628534538,56.00888996867324,0.8980459030311844,789.3173269632555
10.132669564220356,13.063600457879241,0.814476966766945,323.9408820883197
22.027716404465473,58.066871082729335,0.800878697501713,204.59314245835841
20.295855376189856,13.304796696353826,0.7595520844835781,291.7191231268249
8.339768142818482,52.701810602500295,0.7043362875761792,537.111549189849
2.584826934604702,19.54451686671669,0.8764386408629481,483.2645737089583
17.801776091196434,18.131978302839972,0.8717415057242813,516.1326207921296
32.96842684548907,48.36716145302501,0.8067962686337959,361.55598063165615
27.00974694565702,54.150562121610164,0.8274212953125555,836.7216108042215
11.800599498113463,25.454387031349338,0.8039664358399715,157.58853020589154
11.062671127007944,58.44760590303342,0.8452316714721643,666.5372528850938
29.20627776268428,29.633888604996606,0.7570405814738536,168.60674855430125
0.0,5.7403023639561725,0.7363938641017691,270.15654097438966
15.489687974565358,45.95429991226585,0.8365079656495595,862.4725120127542
16.031692776309807,40.7873124047109,0.7272409558500779,569.6066458745881
19.130757090974825,48.7566585919401,0.8691493009461936,831.8606018668185
37.78751365551092,14.892092883545855,0.7973120567061147,433.6144580573659
21.667465629500175,23.797303497881213,0.9467026070265783,651.1943902200248
15.868891022666418,27.262984816936342,0.8128025643442937,389.31681875690356
28.10977564362712,53.78462475656943,0.7419701235702545,839.4848318494401
18.137074345639068,37.07495435802453,0.8912791214870843,171.58876550228666
12.355591373848846,21.538388473936593,0.756055815404722,397.66741324887727
25.26761727623557,55.070773492709726,0.8714299316904991,302.51015378140374
32.51429561193822,7.536278583146766,0.773055459268995,294.7145134650538
27.264115301657007,27.26824921063195,0.7690037205695338,766.8784842761893
5.882543562062098,26.441285306544994,0.8869752719345039,742.1517123671122
0.9000150940286893,23.67628573133259,0.8259313163386357,652.7034786657262
34.93648760510866,47.88374606889226,0.8725011720153604,450.89537417420297
14.301823466257463,10.844241752144985,0.833698506402311,460.02384239897344
3.1079770189016007,50.66073361643239,0.7159209720930468,50.053413276923955
0.0,33.57248040753542,0.8204749894770107,710.0635449592579
21.187471724063677,56.479384194186544,0.8164312307906592,739.948181625827
