region_means,region_thetas,region_zero_probs,region_lengths
14.020858269557985,42.837899782512004,0.8733661502636082,436.8762856569935
11.09337866014271,57.640850359133715,0.7879136090787914,401.5889056699974
18.61460183045401,59.21765339611047,0.7416778061568186,464.09438509479287
26.024603270647578,36.045741257869096,0.8456215256386932,844.401768902384
29.28945121849585,57.275494727121185,0.8432912393006797,988.9532439679814
22.23268415767769,12.821349272384177,0.716113458520777,237.31566322939867
21.11404048462772,26.881153325878252,0.8526990221501514,734.513047608433
0.0,49.967384291001615,0.8968038323782466,547.4999761280894
27.423873426590166,38.5302169761309,0.8543775661000879,528.5906431027258
5.650237978940047,39.86887297964436,0.7446950743032223,806.9357928792734
22.91625795112231,25.69573376740876,0.795191217453193,655.0633373144237
5.880716554198431,45.662155238364015,0.7148649660572387,380.9977309157756
31.45155712369313,55.56792843107894,0.7196967683634006,611.1567411499909
0.0,35.209981108041724,0.9464693016039615,876.7128474445516
14.233226792859524,48.97116701597362,0.8950019537402235,744.7469061582146
8.796130029489818,5.724461810326253,0.7994461656613127,99.92405156351327
32.725987614105115,23.443206386558177,0.7526870355486865,657.4570249158658
39.64245285281949,14.125581262683635,0.7382071570903836,523.166422394113
28.797359832622302,25.109281838305392,0.9124333699814149,600.9008639335067
5.517867144617304,22.975951058142748,0.8751576793624201,315.6942961115058
22.971630986037045,44.45169066342409,0.7605739529557916,102.55506576009611
0.0,30.87325610029653,0.7689055452457567,496.09296345962423
0.5531235509627205,17.007685130745394,0.8194977472815569,388.0682330817259
4.6526500035937834,22.501957019767346,0.7285236651214834,742.3420479439649
26.40017639547669,51.95197083391553,0.7266639506498502,262.1350850750582
33.371478291861834,33.96455420627321,0.851151064444164,936.4284384701305
26.714399885771872,41.374204225463174,0.9252346042465762,795.586221276118
35.425901494099556,59.4256567870241,0.7815720132214102,415.4907315894234
1.318119903595881,27.137674187866274,0.7955844496837011,568.7370778628739
2.5227775167180795,37.10192139263636,0.7536788476697784,715.85082799846
9.77236655161043,30.233247577909992,0.8407724831268958,777.0531809124429
9.580668288446416,16.80845967702535,0.74855143432371,978.1125430041055
1.9000941112457157,23.778635738295446,0.8763080991157127,929.5627310083718
9.539062628168981,24.377996962302895,0.7508715341232589,89.6256579918716
0.0,53.32003422276747,0.7016580775923861,672.8032549762686
33.31663461530379,26.114187431751585,0.7176481858459802,898.1141313012185
17.65712790347558,34.45865955026869,0.7491439619601608,820.8474259916759
27.743343033229916,43.80480601088892,0.8061906967506836,914.2865369071923
9.582628567577189,22.559620307907146,0.9339471552283318,71.98859876555898
29.65061993246564,42.18207715271048,0.8340288284191617,529.5758066219489
11.130134942857723,55.85143889554748,0.8677340200990693,814.6496032953848
0.0,55.66552199844354,0.8477190628303487,249.8580582616098
24.768854630959314,31.873280827710687,0.9040644476637743,135.25745587194814
5.542011211542276,21.36833264298206,0.7027647789011926,359.6700801814073
24.25214750589653,46.24424812908114,0.8234566104165502,475.5493452599303
21.11029760895516,39.60156185229019,0.932437319773626,453.9390501601179
27.54176244398878,39.45089861098499,0.7405554692414785,113.90379059040086
25.55895257853699,52.715943188708785,0.8878033354588055,380.38635577004754
18.6266131660985,44.116079431479875,0.8946447048024248,229.96055398931344
16.002164998856472,53.05929398460707,0.8353700794796325,283.7501873753437
0.0,34.34458266251888,0.8780242780817824,399.4139802817987
25.9384069888381,28.367626928978662,0.8187743523412229,480.68011846451884
8.350424481348783,54.66890514642198,0.805571495521386,180.3495717763355
23.166766606356507,38.34507986605165,0.852345716162914,772.4031435956135
26.565709724044318,19.03977266695291,0.9222945715069696,273.9256154803034
19.760605756447145,21.644545219718136,0.7643449284230952,504.2068107512484
25.494946730631852,10.303245927690275,0.7792818872704947,750.3322076205254
25.206177675384748,39.34639995232325,0.9001679566689259,111.13876518712999
34.42021582949009,53.895646865631754,0.9307512032203035,589.2714275301162
27.347056673020713,23.00796029033731,0.7719707357996288,464.79449098082677
35.893998976237626,36.34463708535215,0.7770244905773219,610.0509765843855
20.077270346040564,6.752545984520889,0.7876413881551994,447.1925393041517
18.605672742032286,21.63134613237992,0.9257049140488244,641.9438109435599
0.0,37.149158219032984,0.9354762798037685,974.6740307826591
34.471563883161984,24.64051734750747,0.9150893178879764,884.4097965500414
11.653506779967856,20.68339063726945,0.7502034878305441,661.7994686904372
29.202563927438106,15.27046260072543,0.833359236972151,622.9592852186425
5.531319888551469,45.39148968642174,0.7205188176729718,77.21602702004247
17.928938026331863,18.69724399159187,0.8819247631941808,323.9843232596076
2.0448133364428265,39.526299743920596,0.9229717041882864,106.67911886033451
2.6019776359511386,53.42954076238938,0.9274149472955735,950.425758384722
6.003422718636751,40.17160749441591,0.7238470486693533,480.4290156011857
32.983793078619485,47.40803562890353,0.7486792089733173,158.32681632051802
34.87222671885435,58.66739272631892,0.8664641404551122,69.5078584101476
0.0,11.250393804475511,0.716370536974955,656.2319329762341
19.799646367392192,32.228802978700855,0.9394359532710095,605.7551000244077
2.27263356577361,58.26907506198497,0.8175295551061239,278.86256667608234
0.0,40.85693118249657,0.7665158731756081,398.7520029428316
15.388147230397514,42.86249063349335,0.7606560498834142,57.13291862249051
17.154770550880578,47.206349096715364,0.7019307014092419,398.4520218705994
35.349626137793216,12.103328751258656,0.8923774087779514,253.1108490390012
38.83462766453551,9.178396916244111,0.8244845642411296,932.0149932299523
9.906630021321678,47.558704702904244,0.7217297602603666,101.39282545458857
0.39859568843357845,41.86805307813886,0.7245147072245481,91.70369501621065
30.554016202198888,37.52899757422231,0.86863331331767,591.3944762750721
26.528352517099325,12.479154777936033,0.7322125558641303,420.187491237448
36.53369946749437,14.463660809803082,0.8177659502529782,253.38016903473775
12.408101236830436,21.780710073172564,0.8219067256239543,44.666484990457214
32.89092207589637,23.680639632381247,0.8977998541494869,323.00616417686444
25.1000393151545,41.94870054884193,0.9303776026702705,896.200399844895
26.911396026555902,27.552352388867813,0.7182158161969556,858.922837807723
22.57185211920592,5.629062766349923,0.7916241578552146,638.3095030866651
31.135791621577027,38.65717693058733,0.8608791418180796,902.2436189263437
28.26282062793944,34.92219609640232,0.70436133133299,204.91749173986517
14.11985904455192,12.112592347766359,0.8169782664041291,754.9566328973675
31.71648274368328,8.2214427365309,0.7338252637998315,239.5884268995673
6.592890904729299,50.89844423348829,0.845861455432363,686.7763802286572
23.367495042267677,34.212092269056086,0.8486562358908636,700.6872981782694
3.7661300899127306,12.71583118679773,0.9173716297136476,69.62010236715706
30.928359269882762,41.215309196989665,0.9427159636375663,451.74650874927386
27.957926453053307,49.92732406519551,0.8424646096764524,785.1869961096487
15.106777165999022,35.751127831374895,0.8327023738135271,180.7539333978051
0.0,35.09622740784032,0.911082156552547,639.4810182831546
11.506324214432363,59.451325010086606,0.7764528036026702,962.7377328131803
0.0,23.367926138036363,0.8805209600718049,518.5436530700775
39.963585237951754,13.538299830946391,0.8345378809534745,52.329209747640384
21.886383061117762,56.050577466481826,0.7041959514344311,452.3867303830387
34.40822617105467,43.36368247204014,0.857910399458913,120.14913198807868
10.630531873562902,15.28862599093358,0.934688310972857,330.72362934821786
5.7211449478126175,35.496205363764,0.7582411951722674,310.66234279865904
29.273656339963978,52.11895157606376,0.8770398656686832,151.00724285620257
16.77415922271594,15.33248906951195,0.9160895472253009,356.072190463866
0.0,50.44424565283148,0.8075300446561042,416.65639460874206
10.297398056598814,20.910967772297766,0.8993413451294502,361.914472766194
21.716641098617643,32.13546171168651,0.7370123729734874,720.2634847930335
39.77243492859285,26.621381013275634,0.7734412981693425,817.5316221502704
25.79788114301148,11.024560832504843,0.7641699292806474,292.79655312002524
1.0262589037789538,54.02841046859054,0.7641389330681654,707.6502038183069
27.78676741408876,5.585069754003735,0.7803333151725219,786.3140439468382
5.442623984822663,11.73888950498398,0.8151199379457236,597.5109600643993
0.6936343122498035,19.688682251515292,0.7900791624332641,205.14709172187807
26.6212966819274,25.054276698087683,0.9302202146926967,717.0040507113686
23.425649830122254,16.779437082612315,0.8687257355060123,872.0899959630144
30.155758247768013,57.575251927121265,0.9062627756161684,312.0012961944178
2.7232483038884463,33.11537303216533,0.8755335805049215,984.8316717976295
32.706190098850186,27.92059867439317,0.8097913735168356,798.1522698435649
37.09507226939017,52.6418833606936,0.8182166967670925,383.82400718295935
10.325193977036422,55.77624271143067,0.7603715903328148,145.18881318684294
28.519274794636665,30.69502112925975,0.7478633992298377,534.1515498881777
16.070088169322048,17.94615592483071,0.7333854065125034,836.7856262049888
16.077185481740504,37.28592877048581,0.9400715932605281,737.2994135241313
7.571358938292599,53.938004106689945,0.8658151560675407,303.0261056543279
23.51769374749767,8.363240685242793,0.9040075908151344,486.26452110204934
14.690883174303238,40.24865168901743,0.7151397406717902,391.2714291939617
25.232376580060414,52.9518394497564,0.8017901841950565,685.795517576282
23.851784900329324,48.44944952284884,0.755790860864688,86.27426395912217
33.0712060778413,44.579208486942505,0.745187157291054,241.58555182388994
9.041766711531539,48.94171406840284,0.7705587918045091,417.2440785548361
14.494418111384007,13.659461665866552,0.7310039876491806,822.9346265757691
18.594403376042674,48.826002675264334,0.8018710403025945,389.8889175292801
0.0,31.88954450364702,0.8122632842998139,417.8063213894161
12.558819742850721,34.52174973691128,0.7450334116267223,364.3481186092975
14.411676517188043,15.52071552862285,0.7413569752429315,45.92119715695009
26.41710042563524,57.852253319637455,0.7696049776304004,818.4873745813329
5.215091199471775,33.69627689721305,0.8958364211404307,732.2050503083328
9.203774795473198,32.296490336059,0.908849007391263,509.0597312908952
10.34519399902556,7.375795422841793,0.8046107417647342,349.39877749591165
8.948072117602308,19.685924006435442,0.9026056792832986,465.6120876221767
26.746250850558134,21.51611291256961,0.7740897948970278,72.79672006408919
28.999262385434854,56.777924220029995,0.8866853237359476,436.27946332615136
39.56785440796879,41.78356427694005,0.8742202572721994,50.0392094100965
8.345365436229331,18.91528357628509,0.8304271146026274,457.20964048528396
2.1286566563603238,5.869182171328239,0.8719408115530707,915.5852938997502
8.873814346309976,40.17040569328046,0.7533137316645676,416.1546431096769
34.184997657018414,13.334273493031013,0.8886385982574682,181.2196287845049
0.0,32.81940162922441,0.7570734681519992,118.87936872800324
37.3705145172055,8.505947162814543,0.7538845850214512,618.8080569205563
8.331215414166305,36.376465784088516,0.9214841117556414,599.8920251104132
0.0,47.8122784483372,0.7408648946990468,670.1803507961496
39.39935710983226,14.245638839781636,0.8818833393570128,348.5537385388809
18.88318541226162,37.18262681660685,0.709318312418814,168.02209808506728
0.0,43.13337047889459,0.8464132840594141,923.240979379887
9.590493357268235,26.375933685026254,0.9131892809757336,612.7462462618968
32.563443431147036,39.39613451507907,0.7608701291026301,959.9688894107321
20.21465476291432,49.122347381105634,0.7720153949087567,410.394177871588
7.163279109561319,12.13758270584033,0.7641395257031531,259.9097626822779
15.626006637040978,10.1574668830381,0.7395336629766217,681.5320729350804
10.234714903366847,25.45326655953668,0.7232237440481774,296.1604538212533
24.577620036533965,41.22047885204795,0.7609334445024493,158.67228836138867
1.2794076362342424,46.82216481628899,0.7457448961803561,940.4522490600662
4.43188834990713,5.989383251918251,0.772065207722121,202.1825062353841
9.057525878096563,59.60402416261951,0.8290909772511641,366.99527057831966
17.252156766218025,32.0264449532284,0.8601006656401287,704.0641987791455
33.84853888529152,5.431316699803646,0.7983486012002541,101.76660123875926
11.73088496978919,52.03162577849252,0.7156936761349078,215.93197892246454
21.605161824509384,41.7418224588064,0.8493030998361538,270.7261972820842
21.191494038792907,5.571688170089272,0.7263614043960005,289.4657962516983
39.96080262292706,59.75427820705544,0.8498893951699541,592.1188628032124
2.8603750633037497,54.988890254608094,0.7962841594149028,941.6071481946656
37.26150290578659,42.033133952130335,0.9422974691449202,63.35311539677679
33.315458248849275,22.875640469924235,0.897819455310825,280.3549017207683
35.87365184013061,25.858864175639447,0.7825952098839005,540.7850338932924
23.16340463577384,45.19972538288591,0.7330951107803807,649.7355566006062
5.311181509844576,56.8729834269462,0.740174026155764,830.7593569359343
26.06051428253744,11.120740400731266,0.7256645470519902,335.77547675009913
15.884534504923845,46.41627487599049,0.9320375810924985,952.8606779156233
32.02477085002688,17.022992051257997,0.7454527473916187,816.7955227112835
23.402351993845237,38.98199740508551,0.9007630353241228,319.18895544188325
10.836592090486558,21.391452812907712,0.7214412122266781,279.19854229330105
0.0,19.4094788209426,0.8755380935822502,170.55226647998396
31.175943886824673,32.303315851122896,0.8935752363127243,241.70276562418746
5.350934854148718,14.129472321143036,0.9236130122445935,316.2485232759191
12.581387009922013,38.40437020423276,0.8621562444678761,957.1982394876127
37.8794557863995,29.194269222992,0.7566941519828572,183.41202579352912
27.92304148005563,59.67814303160942,0.9230023398872801,301.1644336245625
38.21977928452482,6.092856612113043,0.7806561237447239,555.7468365686938
31.782141296810227,41.79169473861773,0.8243580615930329,775.179948933995
2.014324224370627,30.204935656514653,0.7207320506610305,275.2727222830895
19.157860700752135,11.819536033350763,0.8151531164533004,975.0827770762065
22.110734548952355,14.69298456993277,0.9492154838426882,643.2944060554797
39.43093338679905,8.320006040694508,0.913985516957876,88.06443406281443
30.791719337525542,7.9522724847372155,0.7673936620849169,232.43372068948446
8.22513922645975,41.519323770008754,0.8269384921901283,49.78499489458276
7.13825447033448,28.776785131818592,0.8103694982367503,863.5761817383197
20.499585069366177,35.87288452654364,0.8850776453229195,559.8554673119971
38.55440906034445,55.93907856433154,0.7215065146941415,170.9482329582305
18.37696967251763,55.55333108230153,0.8172643765096501,575.4853570271404
38.33809703377668,14.374619437065697,0.915144861036032,653.7303104917445
4.966751789979121,41.71518708593384,0.7371145923137865,51.48473617459061
36.70241744257379,26.521151774692655,0.7298519150487124,777.7912487194691
31.72421952516578,41.45732845375911,0.795441935122566,87.33486609938612
14.97248210741068,53.62023073936802,0.8810590136897272,849.4281695880494
17.546828530335965,25.85144688721335,0.7691072610164446,906.6401323430198
0.42782870398876927,5.2508841866132485,0.7429707215867575,218.5035956519335
11.55507481116991,35.32481315517629,0.7062314688171378,984.041305954247
8.437525791437073,49.026734412262435,0.8370246255702771,238.03729483976636
0.0,57.03880088732294,0.9026287670720413,252.13175406209828
24.78641746179584,44.61377559669886,0.8761154167198257,129.9947573497327
6.501794264461502,14.466741471571996,0.8891338775053668,365.07652685506287
26.583049992214264,33.54288532959238,0.816138930420476,320.4874519258587
0.3711594605107588,32.09846105291333,0.9498595640996337,756.4626237341258
18.19356108581513,21.677158999168185,0.8435755630509723,474.39784161862514
16.722732314963668,19.401732060706326,0.7107711622707191,160.5928573446512
23.96126630386619,56.50791796075255,0.8428097346186076,519.6837513108884
39.626107522567075,49.18350573567503,0.7523383703345583,588.3672418123406
7.521082848635429,22.35025416835541,0.9433465421130106,454.6133005962758
0.0,20.742894210123104,0.8659185017021706,964.6154321986324
26.21311026983251,38.022419416496874,0.8526805306308145,764.7644432519268
37.86815756886773,25.05493645542092,0.7732250655466065,975.3661294760885
3.1355511627000445,13.356369180219444,0.7817745978953514,854.5941817218131
17.289259525861315,50.18787958512217,0.865919059699851,905.087253752493
0.0,8.745715837499125,0.9229041346184145,137.1056309253734
38.248919639744166,37.526432711067066,0.7813844164927995,219.2133490621233
29.942882464908024,6.195643201598367,0.9323855661713036,231.35342207683897
15.055131037529748,39.78204700113182,0.9097165307109839,675.1478091548889
33.7226175617345,56.95123092666296,0.8331012528341215,153.46809517622012
5.335609954387837,20.389422229218695,0.7660654679446329,357.1202462755684
3.2516895847870004,12.426154359226606,0.8406565089343688,61.9016247694179
12.853399604328963,38.99109234741363,0.7043268199999595,493.73612532477387
18.384602259786053,29.206256204785618,0.9295955431423064,558.0483936082703
0.0,28.45566761616756,0.8634935749142327,532.8866694112306
13.423100079439829,35.081506034250815,0.9254601588568693,410.9115245061184
8.490123720437932,58.907939116754896,0.8363671029920249,922.2588368294433
8.583833073690823,40.35858068176121,0.8409750761704067,623.0068833811723
23.678877649831197,12.220423481034981,0.7746121390843931,688.4084366240482
27.668076865227597,12.683278944795983,0.7435531060837568,442.37352107116476
9.688303326104633,14.01782113519879,0.7028173007720397,899.5867234229495
28.58639934761831,45.14603323631659,0.8682924727124076,537.420636855072
26.376169483813367,35.48929512448317,0.711882301083776,639.9110107080203
37.79286535748413,40.88992651970114,0.7858569177975717,835.0660705662276
14.606016939700366,9.131004155517106,0.8276447223630445,321.4332419858665
31.140157566183724,35.29907957370886,0.8284341857817163,985.5540465194799
31.74689963859206,23.240311906678,0.8095868138415108,804.3599777233424
8.615050992279707,35.147520011934205,0.8460657514886385,219.93952316813272
0.0,38.58014871643682,0.8956340431230633,249.612329274522
0.0,38.99257144049675,0.797264392072178,531.7670351150847
18.97409834187581,12.687983107540973,0.7061430785660847,592.6966033646453
0.0,55.8600508577043,0.8668953949037524,792.7173707763408
4.472261255259287,42.366328563894264,0.7650076739293996,280.3085106559119
26.507173435783223,17.832869345061273,0.7311746203413976,93.03966901336426
37.15166472899957,50.150312296829185,0.9353849338555831,460.6289532734191
19.686635379479572,10.263985359987878,0.9460026007531865,742.5633932252323
10.995305435008587,32.56145725908987,0.7696264031161667,255.66718512714039
22.755851518533927,18.388065172363653,0.8696946958641356,247.14874991364604
1.8730036731242037,9.255961397203485,0.8810589567595628,355.66501826071305
12.754741040480837,15.445128898160231,0.9187515929811662,415.24320063767317
17.391708343551755,16.18121699242509,0.7592304403147376,112.57105934336099
5.387682135956726,34.48186193046684,0.7953605182441872,818.9795908066952
0.0,41.958329008641485,0.9039662043939464,894.4742665414244
6.361760321554683,59.30302157906475,0.8938889047031302,988.9012137228892
0.0,29.439202208896575,0.9313218645621425,873.2774177770673
0.0,25.24972006988338,0.7783866926386093,183.2670772639098
37.05671360332715,13.449663974150175,0.8392821700808273,872.7545245481183
0.0,12.027580159648215,0.900536975093146,313.7939502265924
25.823472188926214,41.129796562413006,0.7490850584937307,922.9542875111896
37.90741125814188,50.82697795457015,0.8656899064177687,83.84500217403868
14.369350638294684,35.7448390006962,0.8137214729554607,660.9621008823159
3.9251105444704746,30.593765663884362,0.7957548107855483,408.9017524088805
29.48576507282621,38.411648669170525,0.790396979555395,727.943815847611
34.0621654458803,47.94968943664546,0.8546399425047315,485.8226336839224
33.12198845655244,25.971256232609463,0.777031072079531,382.0759437154788
0.0,37.12401579401354,0.7357845167729985,416.39453918154635
13.363492105121763,27.60274342172203,0.9380721502915629,349.2911907169147
18.36968765531191,41.106259722337,0.9481398649747683,923.6431646810504
1.0720677245088215,46.27078378599091,0.7776214905146251,478.4187470024323
22.911116441205838,44.48896357854526,0.7387940935490851,129.9808451893007
19.507485026445018,40.37475956138019,0.7143978309481405,135.1537134301705
33.077854256764155,20.864375167826637,0.8872043945269512,117.93892894739997
9.58519961915655,22.92237982258577,0.71778718007041,643.4190199794562
21.683223047756073,14.27116532208638,0.9186720954503511,686.4411908488141
30.157154816109564,26.011882651845927,0.7540772255000155,255.11138163832808
29.33313615742909,38.10459918780106,0.9148137425913015,494.1173398692927
5.629605104195419,53.93598949276344,0.7881801387022084,496.33611615196736
0.0,22.195266404665304,0.8770937927309476,661.1279686178937
3.3383473485553887,42.660680621087096,0.7195001602301877,804.7372801360285
18.400177885242915,8.823731093108721,0.9330763892490761,597.5769706880956
22.380774056598156,32.52404140279823,0.8437427854018185,771.8359320324946
13.410763081906286,16.82412374546377,0.8386814516305804,800.3156145362183
34.628672184823195,25.55956396279314,0.7124969229085037,716.7726985924826
6.8343742048602465,9.180530192827332,0.9013949371898997,150.08895496682953
30.178519818049086,34.70695389797438,0.7572281571241275,525.6977960866969
0.0,32.14938047954808,0.8358910933123855,423.8300313848946
17.31028479273471,15.843156654538205,0.8002184979231239,644.9912151272922
39.26118610553936,24.39060947696729,0.7076295469351059,716.2180276468949
30.111598334802284,11.672893693555254,0.75552496675232,671.3046422782157
34.83459558620384,41.34459255305997,0.8530054001798881,919.0292583034714
28.045778487418545,35.12439533015005,0.9028164069221633,60.271645393806956
3.7450902344157706,38.233118693912644,0.9362667083692912,444.1626241301628
14.540890628163787,29.70578314378935,0.9489694024424329,761.1185219580823
7.358780534814078,7.9167104612035635,0.843991708042215,842.2682266807951
33.38497349007471,26.459124523976058,0.8181107713682592,210.29423451740035
10.912297723466612,9.271965432165544,0.8308674949926931,294.7281797995864
37.017552795148134,31.40859115667492,0.9417165498377849,432.49106479370204
0.0,49.567663983538466,0.8118752455522232,157.53949763286522
20.71641565539739,18.528667839301818,0.7854874507289726,519.8289318644544
25.418436382147668,32.33813938573839,0.8672256742165105,494.4643317026307
17.345903695192096,33.07551973641077,0.7545358564320415,954.3648119823516
33.94316250860674,32.09835377680423,0.7500291856520143,546.3139684818718
4.7093006049002275,46.32412240294493,0.7406831277422333,391.1620029927126
0.0,25.686121314071514,0.923529568158065,967.3350775724708
34.51709112719122,44.687641758624146,0.8988263982762138,784.7358631481367
23.42221124866106,7.646138571729299,0.7582453786673139,155.5377271793306
9.341200166135064,14.972544502873674,0.7630858807686056,242.2123021687059
28.54044240345297,53.46411501393496,0.8344683018822336,528.3550914327637
0.0,46.62568178379852,0.8780683361534762,68.47630094092395
22.585270154568217,10.691475912254102,0.8418451646077136,417.23191140695087
10.582566421022012,10.744165888849443,0.9358900153860421,290.6793187663793
23.95087045798648,6.376580685927639,0.8924224285973115,645.3743134014175
24.934981278878013,50.318109284912566,0.8813180212283667,310.9096049820296
0.0,9.19710394136214,0.9403304601792555,566.5297399269799
4.664497252310623,19.288658151989434,0.9019855658621153,632.4328218486395
33.87262706119198,40.23163605355497,0.9259496570734735,515.3603999916137
8.138976130486983,43.790175180913195,0.8748684133540966,592.1288503398913
31.28564992804304,48.75900271104711,0.8183530995831698,326.2932103660843
38.08420675265773,44.58660439087219,0.8493252087637537,181.33916880063782
0.0,38.47164863495896,0.8610303740689275,246.17721373671688
13.710693289506523,36.93596758278684,0.9092116535526383,79.49354828919044
6.981195284193773,37.9340476334776,0.7366901635753,509.91095142628683
37.217544284765246,11.508187530941546,0.9440803519819869,689.2281109999649
0.0,53.99157540040801,0.8587616887794847,849.0471770409936
33.54488835443971,23.88905448772818,0.9024645480588319,226.83869135169215
37.629535939297966,6.588437090222018,0.8554179328057986,615.9844319844358
12.063976229895326,23.800959143034476,0.723182662356777,163.67406264016594
3.53834600765528,28.116635658150273,0.8728861260120632,629.6127726670607
5.419699538695393,17.297707491015235,0.7809531648867697,210.7526857370106
36.47076921138066,33.196886815761246,0.8987389203227218,198.26882953863492
18.559702061664055,32.06299304841361,0.7183796693196767,381.3043850012102
19.088726974339234,6.26748049936703,0.8580964256163157,724.9260126037337
8.75226612476453,28.383525465682446,0.836705374660383,676.8735776293378
11.310733906249705,33.53198444905153,0.7016904714195606,571.1963314303117
0.6738812049523696,28.78760928273262,0.7615445832388583,696.7032735873809
6.7655603489437395,33.10234051618655,0.79715654515363,232.64891886328695
32.30649764305006,55.98800006702196,0.7283649819610742,647.7693564671578
16.932312668569434,49.79724324188236,0.9381832425950452,800.5159981091799
0.0,33.74219572012322,0.8905285058108997,967.4586624938132
6.574502621646809,38.41349243289308,0.708528975150225,212.80332303431933
8.859878864397555,9.017791222163742,0.7329024131893198,413.6621365155219
33.498636546602356,9.262216796123047,0.8518137365090102,556.2232042410827
12.52928137941398,31.45799310929182,0.7953009931345937,72.04647672044459
3.0257024940024717,33.693429069206665,0.7738590481327051,390.20436626456865
20.603053827143835,45.916291913258625,0.9205446313942005,910.9886121863734
29.26821116174537,31.302569094626477,0.7346784056732478,825.9867347536363
0.0,45.017691542980636,0.932244042220841,348.5818474483472
30.130134038694926,51.72267867377019,0.7855148333633561,602.3979740170902
34.47395704900996,14.395806707662773,0.806432279804802,203.20412139173598
5.250342599611783,57.63009225338287,0.8182305890040094,122.31484112810253
39.25092388246393,6.267809390208672,0.8641762228817612,932.0242491784248
36.36473922092427,21.507957726769924,0.8027162194646236,910.0814353049584
21.221723129277933,22.133099948360652,0.8293007788557001,662.4813557246224
26.63725321768258,5.487658061275187,0.7187468781819495,231.8427838984098
16.370813971361947,10.872889411449439,0.8537283091283525,305.9466868422509
35.65440423289454,6.652706816535318,0.8869326834488466,355.01419415105187
29.137333975566825,34.9643669506084,0.808693900595658,125.45044980297831
6.698179548597115,23.472959415381787,0.7697619748314821,839.6097673810366
12.985031111758325,54.979178917075664,0.7049078264321731,681.1037808349813
22.94985420768544,46.20624231933081,0.8827358682702692,962.423008704348
9.477899945074508,10.664348187205102,0.8313554028068506,387.5125363084814
29.549334896770073,33.90437332311559,0.7852960999954239,856.7479253069838
30.82854760713767,26.845467965212805,0.7969046730593432,375.06137057975155
27.721891758444034,42.54834795685318,0.8511108298795169,360.33152767183014
15.950198388245084,19.938964377502,0.8499034969022118,255.631455350286
6.857982760560968,50.16438554634823,0.8978369257832302,707.0398219042742
12.006457775397946,55.703234877449454,0.7118497153902265,364.70650755702445
27.68377578512348,53.06288013140811,0.7411993759154031,815.4722817900033
29.202407627480053,43.41141521280831,0.8467737553102431,475.21118786779414
15.140129293738216,56.75966731092901,0.7556276053171624,855.5522103796644
34.97802703007266,25.017422886026417,0.8973472795987818,166.4028602477561
11.17991912366581,17.481861612514145,0.7528547669672851,329.33886930729847
38.120542440635184,22.39832761423513,0.7298411670114936,999.770308305641
32.765900987826846,22.30269933999285,0.862871988882061,80.86267178329109
1.756243386790787,29.84377293862197,0.8932093243064005,417.41554737457653
37.903112322538064,26.887400175912138,0.7976864766825469,695.0254976026748
0.0,29.308944174718413,0.7922418303916137,403.0915744349802
6.404236415521073,59.666560470156895,0.8353849703376623,396.4182984820133
27.016352673378506,53.28984417859582,0.8823656954799617,498.27295087537624
31.159592184829354,20.159754934150047,0.783133677468469,399.2747700385355
16.89242245491026,49.66950890699491,0.8104567467096613,319.6778165630441
10.950710749483312,8.64834272059614,0.8859378002193147,575.0601540612124
13.121745238445051,12.298178068040935,0.7447508270727617,174.24514442628723
29.29028146701706,25.835275569155915,0.9082396685085792,429.0588537580343
0.0,21.732822828397442,0.7351616942060967,126.3204789950984
4.777330954184288,30.13970648602322,0.8187987706143308,368.74449042672063
2.100200528556902,19.561965888792145,0.7699257475382105,872.1962335759897
3.208553097964594,41.505479353320126,0.911947830895972,714.798266034641
38.5115183283234,50.33903616567208,0.8347035742454809,424.14343457278244
33.18762765514899,58.575214496111506,0.863205615387968,845.0522234622977
30.97191228938588,46.70272040021884,0.7531130305987839,534.6231957007509
0.0,26.840354864639146,0.9074838966112267,184.59306719737341
20.75560987347886,39.12434062402289,0.8045684038831007,663.4268245363558
23.58578518452506,50.157657947419466,0.7360154287348832,300.82671612318217
2.3357880079291795,20.412527427363553,0.711554185632547,432.79571310681536
18.081697043499197,5.362348176653961,0.7577169933927201,756.223207460527
0.4883288095987333,35.68501825097795,0.8627202795995468,757.5376041516631
12.704744392508324,46.05559275130009,0.748647971720547,366.484017986478
5.180446021608946,9.60201390387922,0.8296032622501467,724.0690653781245
7.461365108487735,40.210616288983005,0.8208363121029735,565.0586067501846
30.351645494310596,41.06972961845013,0.93321350949391,700.116978989142
13.59844762484184,13.612079619657154,0.901317626231473,164.62796211784354
35.9897362794589,31.43172497453441,0.9118139059029249,710.6224208025777
10.41514380698258,47.83203809312286,0.8865062305834461,707.3447058528895
33.534388506074286,45.11764608277019,0.8998427798819528,886.6812282283813
0.0,32.23744144474953,0.9403477364760443,453.7895946759869
25.635333035843495,43.82788160776322,0.7777443054970337,946.0211515327916
27.460291610164003,31.48924968324685,0.7892703980846707,676.7290804266182
21.709243038299114,34.48977095747472,0.856075645937423,334.5177224545859
38.15449464014398,42.92886609802465,0.8379266622103184,263.2946503011201
7.597967024303679,22.825780244211035,0.7104441088949554,342.39473365011213
18.131104366489573,56.33614081095989,0.9442744617304881,150.1875489542203
17.387638907889727,15.948721933039053,0.7911289920907949,461.62844911406773
17.051916388082123,17.180161943443686,0.912494073070812,49.47041988586992
18.937524535623638,20.599055868014506,0.7958081949213657,846.8921818402393
29.486924558897535,58.51568488757911,0.8347444269527571,312.20333440282695
0.0,38.88992797350884,0.7453801675895351,465.954291300619
1.7876422424404137,55.094532137231056,0.8598902820598975,467.851500231509
18.898998569624734,36.75476992388479,0.9080431181349501,211.75690744392932
5.610339348120311,13.904788108739778,0.8941919193286221,812.6239754541903
0.0,26.50464110721307,0.7570559257050826,894.5820607163886
1.2639134043317837,31.87097646061486,0.8334019902801247,577.9851389033732
30.895576027360445,27.273358648658068,0.9281686548588295,985.5707962347298
0.0,8.515237327389677,0.7134788934521546,396.7672959516307
0.0,58.86111111065018,0.7161865349265765,448.64372777727436
17.196394478564876,21.65744467168066,0.8963236813968543,505.3487933714323
32.84834614368756,26.47944779997965,0.8235791132151753,218.19203222359062
2.7618117391946764,5.44112082006651,0.8536542207184555,697.1907668544097
22.2561507307887,49.664217223900074,0.7769947644836153,292.8017788544889
23.206098100594584,29.41759632661383,0.9490392643649439,613.4152847304806
4.084003531843662,47.26899932050521,0.8794931675298254,351.972381823271
1.587180964202567,58.77218464780643,0.8242265967753369,919.16831007874
0.0,19.804220525787734,0.8185030250868096,375.4714144663707
4.431754730521745,11.571089597657132,0.878515905384674,374.5265037604548
9.104530182180104,41.53541442405377,0.8092051292955279,427.5421435844694
26.791412697451356,11.879217369131794,0.7283253660395019,471.1050464415351
38.274082024869514,28.559887018524254,0.9205730542861518,949.6854741846788
33.44907372764907,55.431874418467785,0.9009909493713406,307.01718521814416
19.312967189176454,12.91762148123733,0.8968989429114714,370.40266286868666
27.96689196119944,42.90669678057763,0.7155271325840522,813.3656002891802
1.1699760716487742,19.482754320889974,0.7954944977981799,923.8225630774684
33.44403235452201,36.5556474666452,0.7857210298917681,261.8707464810981
27.11577348831445,50.84286378859013,0.7000095926719646,488.5337901214555
10.38962038904242,47.020398210961446,0.7658831465202256,904.7118692316695
1.624956271150163,17.44362977953635,0.8455089303805594,780.9580233713428
0.5078481643294978,17.252998035738855,0.7680116391259386,716.3842553640806
23.51065544528576,27.51041500630582,0.8772280233527511,988.1968806236223
1.3085437120596957,31.796125243223344,0.8787391823154911,965.5328068180479
5.1411893818311825,30.3059648553864,0.867071627178676,801.102104849472
22.53505115331369,57.363493644352516,0.885853448500715,703.118955947835
5.471812233783469,59.523686265974945,0.8316176359888636,502.7687820117736
20.78155896247845,41.35941132497895,0.8944684408836054,155.72579888800956
36.02528517382691,29.051019649803177,0.7630216619283868,547.7725880526983
12.771930192602024,33.189767039939525,0.828865338117748,626.2114745224147
39.900449107744144,33.426849899713034,0.7006608998389502,721.167522722972
13.09144879953528,31.752838574521334,0.7152350166945798,144.0242621915166
31.0811391530009,35.10986831591083,0.852878887036655,563.2320415721177
15.869089352120955,17.207361043739446,0.9384592269647983,406.4449104233838
0.0,6.594431159608881,0.7550043299969618,327.8526962846303
7.3284801898068075,20.538145607811444,0.9173390802315436,551.1507825379177
22.98049110857932,32.52198241248975,0.7060012498799406,684.4726521655755
6.738862166096741,47.98113274110894,0.8149439741105025,821.7689540969269
10.183507723822686,27.857149995102485,0.7521640891381692,180.5143107470965
32.92790902554365,49.11215286278414,0.7359919936787468,700.3101966213629
35.050931532056794,37.26671265177179,0.8867560557009271,833.4759599338543
30.461070101802214,17.200059137361183,0.8284808784242034,782.9546895399477
28.534842760470774,32.293178391971125,0.7756072280655978,71.61659718594606
5.247707777934177,38.99618395386326,0.7383435491229158,202.241383075736
13.08768138588224,30.13764574079998,0.703138640293647,929.9743319597932
14.056607896858807,40.01519607217187,0.8914639882972595,341.07609361904076
19.83269145817508,5.813230747656512,0.7853102354062028,689.2914765373555
31.994934040299448,11.560112374560866,0.8673608475204311,156.0507729031243
0.0,46.80242877112367,0.8165181826294476,979.7772220197056
13.615040874463745,9.12375854875085,0.7725623520814944,146.54526764487832
23.140615197269167,58.207708282639274,0.9282710434979786,808.4430958789466
0.0,8.477232616311621,0.7648324579171177,605.2760595294228
6.920876229760189,17.497160127177033,0.7687126290296331,483.8683785612619
4.35642835906053,19.812231897700407,0.8642817425658311,611.8292616731677
25.656611501826905,45.48001200849742,0.7307887789679711,863.4910609242869
28.479418890991063,31.17920212499583,0.8787700117146552,391.99245134201175
15.84539847553718,29.094810585377058,0.9288673332019399,761.3372241139102
0.0,53.23051646009391,0.9170623606047907,720.3444219877057
0.0,21.27378248603087,0.8192376963754544,798.825719296473
31.01826981743702,42.56478615112748,0.9438389200018515,528.2427808420581
39.11368941698479,20.876900446462948,0.8313215350112187,344.6265758756082
11.580290295868659,50.03348501047642,0.7831164848268234,262.34818068494104
11.546273994407866,52.292571767255886,0.7232101872505108,579.6882308431033
27.04417035729604,12.195301030060628,0.726424452827164,563.1104987051594
15.557863481558918,30.261139922362894,0.9432799449643644,743.6545733842429
33.77553912092493,40.80761045082948,0.7668750849385759,235.74762407598297
8.872458719845353,43.85915386500761,0.787201425460518,197.23978508313522
24.728697401405846,17.795790285044802,0.8266310515004358,712.0099361387116
29.951142534461844,53.62304969918515,0.9064724367763786,624.8112367956874
39.93262736501701,31.189423046515383,0.899833442700132,375.2094631115052
15.23510478099574,27.012295580885667,0.763884648778472,217.43795649303644
20.285995687503082,32.94877970397409,0.8749469815538753,279.2061070378171
12.424101906594396,50.22246431759997,0.9434318680994885,243.16399352873677
0.0,11.08800238937567,0.8522163218287079,504.39659941355353
4.566587448062701,36.61364536205766,0.7712157949526666,962.4514562987977
1.9511506371970726,54.95795499111893,0.7389493686216811,791.9499101048959
0.19615763792342805,8.51425590122511,0.8085314726637953,345.89797006606415
10.567019436297025,11.534823308993523,0.7711685784862435,165.55155227935248
35.58789913840039,44.991652902146754,0.779411862303853,621.9900549937797
39.84182008875055,44.87801030369497,0.9213088953963775,143.88735654359533
33.6313757651699,13.034705640930149,0.8466202425270344,996.7069484424239
7.362109793494727,49.91442022013555,0.9038514407930015,768.4975561698357
1.6453486036768599,12.653217084155202,0.7819243528043265,160.6559574680336
16.128595424511484,25.2676427901687,0.7412059397257516,264.82240311560815
4.176281184225452,35.9436406133588,0.8316031715752727,710.8493169184935
8.033039605027756,14.753282294445714,0.7567321695832485,78.00695815614233
8.877416641805873,16.409178761664755,0.9126567296115674,200.31405230869908
33.64753560617981,18.71654526944738,0.7328610626352736,743.4843871706835
16.06187851971956,7.898114686385415,0.7305909620005394,780.1459992307343
7.653583001058747,38.11352927688701,0.913392750047122,464.9557765934116
4.190073395769812,40.223242597642965,0.9097890765545393,106.93045729899914
39.78468231100317,38.6400402217892,0.7410981117355524,317.58329435038127
36.907067502477574,16.937058347491796,0.703290203176186,827.0365282641676
19.6026859297904,59.62320548172362,0.9082058855045438,297.0762626105172
36.92783010974308,22.93685268580671,0.9040516404378984,656.9376366154995
7.146772381693402,19.31009660912326,0.7989070951559188,624.3772702095092
26.049735300766837,12.989807050958376,0.8667879246431245,262.4042802963334
15.990099399705077,56.33907638843175,0.8358432916537923,481.1154806027752
15.71407308883435,49.29780060853217,0.7659666192508474,326.9177260817624
16.521635857134736,35.39234516359204,0.7672601222937647,483.09866244898154
13.435689383498342,48.084809869500866,0.8055879764566232,476.4653183499063
0.0,7.550951290473743,0.7001073784751456,828.6322762522497
0.0,49.63238811218177,0.9144882281322756,879.9981605567148
8.427708540490642,24.068730183195093,0.9197597638145572,484.2059853740322
16.566846846319947,10.333405775372702,0.7163594921523688,938.8859612830054
30.74535545246511,52.90753388401825,0.7527841865888869,622.6399074595857
6.416484784224915,40.557893788038115,0.7600985259774583,273.2586572076205
30.42693009243455,48.48403492840647,0.7962696298186123,135.751084669851
0.0,14.427066010066305,0.8317064305286757,97.72775639578995
12.649975471529123,53.487981649861915,0.8993155562884619,992.1037306544324
27.808212439673923,51.7083281164474,0.7941131926628598,856.894849386765
15.890642435768621,6.533260700900256,0.9172369785375011,61.75587418014416
13.896350594832612,42.28242869503377,0.9373976694635499,344.7898055404794
37.3703424725968,6.713803043058742,0.9122209687303339,366.1913659390468
29.087801726768,55.59038943759648,0.7996656095342584,703.3530754675022
26.346668328744208,27.98275861343781,0.733464843237135,188.66331679010995
0.0,54.765923534986726,0.8044632006257331,919.9922871729675
10.716136936388642,42.3305613929658,0.7234671006041247,780.0860854753662
25.351030663405226,56.524930715317566,0.735736957431645,853.6084128988783
39.224985687584365,55.79590281534364,0.8905800822265943,315.657177663653
4.5173502816417255,36.085038952167295,0.7489975556176804,631.8477080985331
17.918691699257195,45.030748947649826,0.9439718683682575,233.08508748578615
39.166102832319574,38.20803844511281,0.8720567489701321,616.9972130584156
29.465087238064335,57.96909270309718,0.8536867697875439,398.83950326255155
23.532631188889596,30.96240849317902,0.7806312277778702,57.892653408948576
11.294114933808753,8.31268413194423,0.9021125316998113,992.262278451236
34.223575437503946,8.429627970441565,0.9223238476188073,135.11578448833
23.06982718975955,26.67402418066764,0.8608662035344559,356.7720915161962
22.08080284288525,13.469311781280055,0.787581272066641,685.0278237077871
12.6966678669368,45.16669628847021,0.8896084149332955,438.82378834260584
26.818394754776037,33.57109636548236,0.919917545686892,84.58554118289686
33.75669820782946,57.52665182202006,0.7396307474039677,948.3196640088755
27.752540864170673,30.558641674247703,0.7026050263656262,198.63782212569117
6.368566775997385,47.526564336167745,0.8567702520513286,810.5380897907686
13.094772455693153,52.12389695991262,0.936303870643253,58.965672155091475
6.39664734859592,43.03858000090699,0.8588562748439337,620.1113151383945
33.53999295597625,46.341695472869624,0.9286653005644602,203.5243856142421
33.31513451712845,44.81545597739002,0.8080879028960258,900.0022242860041
5.253873551387902,35.28580831800607,0.9002373006534882,478.24440838482667
29.195972153620172,49.00358610087534,0.8330060852005596,532.4872919333238
19.864739047810613,53.38753919513883,0.8139925723834573,129.09304144743123
8.572973663680166,39.23500832917237,0.8268394346126671,234.98650757638023
36.04792738396027,54.94897699888631,0.8158780441881339,909.0827303269924
7.947673986282849,51.35583046411972,0.932037731236512,55.42038973281592
0.0,25.855483843651722,0.8337360124154733,536.222111418265
30.377063053031417,11.468626218251014,0.9192416717472824,953.1149433149043
18.243742630038454,16.555961925267564,0.9147539719742245,985.8479638155732
37.09601725431864,13.878608467426588,0.8457240908500303,784.6190928765781
0.0,29.791534215050827,0.765026247547681,542.969337310586
6.702985063430122,48.233200410776476,0.9400380417568357,830.8857779779954
35.75243454429864,44.883238171682486,0.8709954334940108,288.1442416862706
17.298150217982023,23.006667843187593,0.7252699064409047,243.96868808529436
27.09825569070272,57.695343419420205,0.7022445513293166,781.4806056763973
0.0,5.23183616832459,0.803150894874569,790.9944237682872
13.154925719505869,45.44966165642759,0.8561259032892803,555.2104465149952
31.065477342558363,22.575225732149985,0.8805083103930207,629.0357140711877
4.721999510470194,44.883490452479336,0.7184021518465047,266.3297774522474
37.47865333013752,27.33353906178108,0.7031462942445532,648.90786553457
35.70959592265012,44.61194468103784,0.874593211888722,43.30723831375103
14.092808586146063,39.450820481594015,0.7583523289461831,694.8593483139537
18.799517973978187,37.3706299484988,0.7942669195947444,817.7874975961242
7.892659272732753,31.741979267053136,0.7020853367113989,174.7658226936834
36.955809561624946,11.196859404152393,0.808129632997611,367.1704134921827
23.329962813219986,24.11224118994768,0.8098902980192587,237.95539779290564
19.003921196026944,5.149100307518525,0.9243747315863313,128.3185842007229
11.932025866563528,9.201235558634968,0.7329214783619935,669.7908270415211
24.62386750831259,17.84221791658126,0.9444559737693483,809.2127625040102
20.79296225505754,16.472745682800145,0.9321170120572425,740.752414085983
5.034618012975776,13.432580744400312,0.8130322676864513,314.87585212875456
34.18152800257145,12.865584226525172,0.8720498684993462,338.06125889295146
4.395217985442164,34.48580732305836,0.8829114844349437,475.8104359194176
20.254061189272704,57.1664508284651,0.8462321340208712,618.5984713059956
22.553378845442474,6.018198324309653,0.8788999369052404,900.9705112675138
29.732850646403023,51.16942023967908,0.8853077480981254,232.476655431764
3.222944178054784,27.65015662762614,0.9473487635459674,613.1399117589367
0.0,27.943718299278803,0.866396902758404,284.3843116433592
37.55646323920849,48.627135788287525,0.9220238764779783,436.93118999989156
36.63516574563347,39.67864088529407,0.9095813188270057,789.3021039349894
35.634415412362394,24.037048977103545,0.8274065491469992,899.330014404341
5.409984376462179,23.80207007340584,0.8324076310722123,986.3974789175811
4.035727012973041,57.179657391634535,0.9354962019505964,553.9360859703918
30.24805568039981,14.740285101119897,0.9240975097972771,338.76901620447006
9.126476853222327,30.131738832023263,0.747558782379569,295.38580453313335
30.030837503125973,37.72801395303446,0.7751674935465702,672.8604218392712
8.874973583425568,28.496704725754892,0.8291310937666554,761.5945719385574
0.0,6.5148311801548004,0.7162290048360149,278.133860136162
3.6469272106502575,23.933494930227198,0.7378316793900042,834.3892351352645
18.39101250846846,18.21038151710511,0.7208067076946203,586.0651893106856
13.768346311664583,5.846545936284127,0.8407175333099706,331.5739911218167
7.32156932955387,20.9086938126585,0.7028041043650398,500.5973845823657
24.552257785174266,37.242539643409465,0.8437812102303505,565.046757189343
0.0,50.41662283382129,0.7582717929052236,171.13951350674108
36.86789220638474,5.262617395260069,0.7233441017738313,621.6401249960564
5.125011480364496,47.92465082980305,0.8446280191676696,954.9468955076057
25.078737604250765,39.195094222683814,0.8044272315381372,405.2604661097008
24.56214201098317,20.93625769187575,0.9119865456933514,396.4089059482166
13.873672513797676,26.479220833959644,0.9030183496838535,237.55124979477523
17.04402999635524,16.707521372283463,0.7580720294546899,199.10711906317272
0.0,38.802217075336934,0.9226547449185629,972.16065387084
5.159383363239845,25.89402990465354,0.9441410153535938,394.6017862553882
0.0,54.21660002932419,0.8296674905576523,630.5710311602073
39.86325389889026,14.312805973873537,0.8943320623006541,340.0784465143413
23.03026614127803,18.944586151941007,0.8380828497723222,319.4314723185747
32.11890018983543,41.30936525745716,0.8738532874708039,318.75317947544806
0.0,7.964928418751605,0.8928232323819099,188.78053563969752
12.017578545517704,59.0315981189515,0.7796251283504797,523.7456451775995
4.788768093538373,55.84023757067894,0.9430246060050219,373.22599989429455
36.709282643699844,10.396944583858907,0.9398324972613026,423.69281028516764
9.967180403256423,38.792609391491496,0.761899494803695,362.77171428075224
0.0,43.173932368483534,0.9039343213088775,710.5733345172104
11.472909387088109,42.46207570693799,0.7840857209698335,824.2442520214124
0.0,38.2940480657056,0.9007368405726179,174.3730694311539
33.246894149533134,24.198819335053294,0.8957306652384055,239.8208395170219
7.267321461411178,38.42450656385627,0.7116773356176236,615.4908536052251
35.71971662636308,23.63687335491218,0.9128604866245273,330.9340609951539
0.0,35.88932187312626,0.8051097553413877,902.0293777486306
27.887794415409815,54.81777167357663,0.9135514472350286,367.7683402303208
21.246991918193693,30.812325342970418,0.9212547011925349,560.7977052115383
2.9194360939212625,58.08709956930685,0.8572617501739925,514.9031486747733
0.0,29.601562527057347,0.9133797987555214,822.1972460400007
0.0,57.28769522399037,0.8713698167798271,357.4321658339898
13.3860253004205,20.541044185792657,0.8362903089890061,162.78505559702793
17.774077447605666,10.216844306850689,0.8793150815467901,848.961309432841
4.152366261375412,48.46904284757315,0.9149082469392233,283.0455743295396
31.937258354228845,55.89708884640262,0.8034719242072583,924.1712204903783
14.818484595727737,25.49765529549001,0.8681273203660708,678.977288550582
39.03612310022404,22.391647887096855,0.7634528036251296,827.4454377086887
0.0,33.81211338580481,0.7402371580583382,254.26348713560373
10.824671923574362,22.32562329872771,0.9076666024700373,305.6500201099937
8.963068641053617,17.691037273226573,0.8456886716282406,706.4329261679356
0.0,37.186091223339695,0.8042234859322135,296.8327776948914
7.741163072094382,27.326876297516023,0.9404142421329522,713.8349843683002
1.61827861313346,37.54906823986362,0.7863115355325363,892.4572975516386
12.871712378244654,25.30413829270544,0.8036893917605209,980.8266476245908
32.417948829964466,23.050482752395563,0.8506891810437985,190.53390569538675
37.7221473129172,59.90177089829114,0.8095666580655463,864.7177218606317
18.92319670874871,56.65235878230749,0.9274808103540029,456.515586967768
11.748617095000988,41.82536967808734,0.8464434873197608,288.594886972532
0.0,45.13880664958085,0.783439555888835,927.2130987480621
0.0,54.45553483178011,0.7951968981753799,561.5458157085909
29.438444962972113,13.311173380677848,0.7987600584299038,346.8189173354594
7.5129938043742515,40.746853316226286,0.7370782734912946,447.7039071575142
9.186508989773252,57.27879714665287,0.8240431818312481,971.0328881314508
22.383573221162266,8.762804568856591,0.8817171622943452,662.41231766744
12.215223266922251,53.121862589621955,0.9241271702533406,850.4683209626401
0.5219658988140167,51.01340700359995,0.8274031996196889,231.75712953959547
0.0,46.4523297006064,0.7191676696051713,912.7339004907992
17.38453386633358,8.813346239916974,0.8174007627396143,813.3590630056916
9.051720031975954,12.109172918452172,0.9377475216279788,986.232480353746
33.4014757168037,54.21181224577203,0.8078049476000806,200.71388828072426
17.054707973248526,59.68623646353927,0.8609223907340432,327.68218973658304
0.615064105894268,15.18864943877583,0.7009630708629316,560.1344683203822
17.92856275001903,52.01504585275684,0.7511135960909983,173.55561761881293
22.369149757607442,35.39271418975513,0.776807003756185,831.4425059873571
16.406291624767444,22.454141932513327,0.9060746539181738,504.18351293118167
0.0,15.393443360183248,0.8179322773147257,226.1957795258385
17.741088392741247,41.92220759905402,0.7525075366130948,335.2481322598319
37.82759043604487,52.32481039519512,0.8284482830153842,178.5186799946902
30.710900681971737,18.690420122247843,0.7635937817460741,717.5386207875649
30.149666945507416,22.7610583070303,0.8973638002624637,690.4714653716959
12.007338898862677,55.11548823934219,0.8352387810008861,592.9003050940416
34.0245021903124,16.08098691327369,0.8347781465070386,455.8368419241981
22.09246151259467,25.077237766971777,0.9301307889625192,57.81246292521239
8.875327420321097,13.065295451181449,0.8813857417727349,640.8788187384789
0.0,16.43695729035207,0.8668514513637775,349.8599155348808
36.367051123085815,38.79747270427079,0.8003810775749658,540.9775515974126
21.58716821278093,9.474561169389439,0.9239866203414768,244.188199522459
8.85036456187614,7.414652015071453,0.7732653037616054,857.2562752302981
32.610577915455735,36.58977522866836,0.741106434585353,763.0406222872934
39.29444477482986,55.965443809025615,0.8305408285435161,614.0190275448016
33.26628662919527,26.78387884345235,0.808190950138587,800.3989382212095
20.294229910536565,39.26250678922448,0.8446064705130878,731.8333000818507
14.97846768522459,56.977015584805315,0.9228638851570874,80.01636695120091
10.69425513725634,13.870593943054285,0.8501512036853155,370.9595186257821
26.90941734398997,49.52888928675818,0.7443187029489419,161.06371406787545
30.040933267288523,25.804443169223067,0.8381258387901045,540.4445476315869
0.0,19.71319049546543,0.8956852824839442,741.0932463109622
0.0,27.478865809899425,0.7593332193421432,92.33647916209304
32.835034431766225,13.571287200073908,0.7240494661688021,403.04190733213477
17.83868739505378,41.308987073310995,0.8931763618517625,892.7156134299422
4.393529127967635,56.08625033726334,0.86250304288374,97.32133499108741
19.917200674452303,25.322317347553476,0.7652503862256747,842.6974357014267
39.67305315948416,28.00096108209716,0.8618512315192425,426.6185412415581
0.0,29.898921079445554,0.8956308065538778,809.3071198373076
0.0,58.6373836764821,0.8175956628661525,130.93766333194827
29.757609898985613,16.091590835239227,0.7015186186059252,259.3170462942071
28.97709305101437,56.63765589845873,0.7694691046512497,792.3275272627664
22.968491200625703,36.20254422976411,0.9489870384473515,941.9484736513093
23.487808016834958,9.729748134145332,0.7209842210395865,544.8423556398524
8.486328735218553,56.94466455603536,0.9437443943448404,503.55749892652705
26.72709192611787,35.87214769503553,0.7076287140384188,976.4328015443863
29.16306078643319,39.68098739910605,0.7504992656146324,639.7186050993796
23.005645158204374,52.84536536376218,0.8183942603411988,688.5075889007067
31.303726223797778,56.031396723018105,0.8495982410779225,687.506414081912
10.588381057562165,8.711940031206836,0.9448663405837016,63.89553529476835
10.991060863731178,58.36435621543283,0.8222293141413481,286.5141411072332
31.179520630169502,15.844740937455876,0.7311654137071838,929.4425878426013
9.782813358012186,9.73509206793776,0.7206168020025945,57.17675090858627
34.00308321271228,11.904659243591682,0.8720326338261676,887.8506818983604
5.10626963045212,8.993202345245708,0.8296340353959238,467.1147601640054
35.70404954000593,52.813238521183635,0.8946044382599393,812.7217306882275
18.324190700485566,7.439499316498347,0.7458112118547241,347.73898044790303
33.50244707640399,20.008884978076615,0.7743746615000232,352.6144074163363
6.941050303117161,44.650694123848375,0.7329301865214501,151.38897369802532
38.4388838261646,53.598052616594536,0.7439321197343126,128.76631585431525
14.926494549054476,16.684263487320354,0.713621697933392,710.8155327254883
38.38634056567877,10.124338470965847,0.8858001016816082,270.07895680116735
24.132076949244436,29.100997691380222,0.7768038289011361,426.0336346999466
4.748678108460862,23.87903527332616,0.9453609175621931,737.3411659169337
21.49001443858085,19.68181827278402,0.8527229540402805,526.6803699781934
0.0,12.563151114395572,0.7061863059638293,883.7713565805365
12.289270520096371,16.355355380319953,0.8042637245834795,852.6732678146799
23.62916927219266,23.085411522021406,0.9117953835969718,200.54561356075362
17.42885589927504,12.14018133706721,0.9421117480061073,979.3414821907751
5.046116380762236,50.45411715210555,0.7939799211772507,133.1171331069987
19.029016590174194,55.29444684938968,0.8977122083832063,914.9326765040536
36.944972194628,50.14671206889885,0.9368014865456935,807.9954919415288
19.23658972673437,29.047770060597234,0.7347218590944076,984.8047094969571
18.970020696079256,13.576235327092176,0.7210585556367449,792.8806985440435
4.5864306758657545,36.065268781639524,0.792763830726521,192.53580391867675
12.073869006468652,26.19120956091177,0.8545449171544275,280.72336990285703
7.633996673218495,5.757564807479885,0.8441576038446135,89.0932478335931
28.916135275850788,57.68294515050984,0.8897897473683549,638.9566676724628
37.772297643368105,19.81071452429881,0.8418702500723749,680.6827737071396
13.268137224896186,50.735079986792,0.8977682823006994,208.51830072844672
2.1792593426282156,44.63144665815149,0.7846929997777775,540.0001767012665
0.0,14.975726224286044,0.7599906131444734,353.6443841209394
27.72211255526684,59.25506293524849,0.7441736933668417,254.82211502516571
21.710553200709633,23.7618034927829,0.7091843257636651,234.89595564320206
39.197200660278554,39.38735128293252,0.7145253052153253,762.8297630113499
35.78793824238998,12.052165883815821,0.8309118768891919,152.93903289722945
0.0,55.26780263141575,0.8471259449376451,93.24224983413058
14.70528480420258,58.39129031715032,0.7605519656640066,970.7001863287857
33.55601561854243,5.046980833505098,0.7065101338741119,537.4094700432922
39.54560682122967,29.759232847757946,0.8630575929969173,455.6183973234518
24.89797229671746,9.90748960658799,0.9204783824732435,276.0473944322521
22.37070787869943,21.15950799910028,0.7075168479613932,402.4975001831532
17.948140528910866,57.64789079630624,0.7211152081834183,904.3281436186627
17.786614021543286,40.89061090831824,0.8351359566900893,952.2234375456668
6.107357836064508,45.69277715632752,0.8936165141909905,195.91056083911528
21.352124094135107,29.271269402339538,0.8665463220137639,60.98131017695131
38.955362542078944,40.942753817313516,0.8550580048747163,52.074447133109274
17.76019024903492,20.24805348358673,0.9063813007888187,248.14867877144695
0.0,19.559916387666807,0.7961012571642061,407.06630412426716
7.551213616315994,16.200445468255005,0.8880814039027238,864.3668201924808
24.612616919961884,16.493068792817628,0.8373510825148245,724.4494262255662
32.20948850422245,57.69241450249531,0.9203313017665493,230.45115971244894
4.148105034695263,7.174915300918451,0.8629717829108344,818.7161650181704
6.7582711300716065,47.53555092693038,0.9451939843591922,968.8135277707806
3.8025886736977546,28.470236541432424,0.7474395503627347,978.1500668423348
0.5629466109510182,26.011812878311776,0.7237153424910401,114.6208287549895
5.487491803976765,36.92041459896966,0.7392567691496621,628.2230361466073
31.188473913676965,17.30894337283679,0.7394452003126499,938.0609784684958
4.1254508106761705,39.097676909766506,0.8438344316311845,284.58881373423134
0.0,23.494530143587134,0.8247710219525529,772.5885041724682
14.397386201959444,57.151778714866765,0.8246089686641883,726.4434865793954
38.285380142193965,57.67452622357422,0.8712022361003506,126.41350589240102
10.501157014806951,36.92111271584481,0.7740352249312414,41.13889032638365
16.22291472225388,22.999194551898988,0.8118386258950354,299.3378047640561
9.509642078731542,23.735151409829196,0.8712343047725122,596.7192871456251
16.33162462567402,48.5032078191332,0.7815896618372099,308.1276635933061
34.61036632153103,30.954362122351032,0.888745230745869,229.7719288222989
39.543016219574454,27.22552238047479,0.9054400202441081,437.9060685986496
1.7125857872826982,52.47328591852285,0.8733302205494509,889.9712732516339
35.0073627177235,22.443585335901957,0.7615736476883203,374.8469371336794
11.500377640858503,32.35184593517146,0.7997517812616981,545.3773294897483
15.49972630465754,13.758494503651924,0.847818472124206,752.9739922544704
13.449413779906676,27.256823135597486,0.7175289781064156,491.6498777575363
38.021496944393434,17.716581719594462,0.8228096656770857,91.04596628158816
11.188387955078566,28.912755928606853,0.7518289100664616,355.63439472606103
28.772328986949766,20.074000964507416,0.822259433394345,372.48946059666474
35.59833416509549,14.515771283455669,0.8184743112123434,670.9224998874203
2.3188675567213597,21.34923000278863,0.764808327633361,686.6740710727104
0.0,14.113935148490997,0.7266150340387473,730.1216745931703
0.0,28.369642489483788,0.9155268402323817,62.85098861986885
18.44483293196553,25.459621869815084,0.9149575411170217,310.18224616214076
3.9186155902035784,36.09767086672075,0.8655523107966689,927.3825145086207
7.740928468621824,10.441058209957406,0.7326679523322671,246.01274156364823
9.070409439246603,55.465811702858055,0.8407053966120563,840.8519222775017
36.16290538146445,50.91941885209654,0.8874074053036531,928.3822540756339
30.101888090190283,43.737817871034224,0.9295110777804338,541.2420911559088
20.139526570474327,27.999622829026357,0.7132394001000364,599.3302485509148
17.360335587498536,14.078423892624484,0.8212196545552233,181.5005084309146
0.0,46.32099055780229,0.7695241763035687,188.3265076362465
35.606078189848844,49.15069803598597,0.8129089213591189,483.83738700671665
0.0,11.144250566111682,0.8467574711204398,657.9739259569637
16.74805637326597,7.91382790894269,0.7767540330354542,781.4523189701055
26.22102617957228,59.53041193718973,0.9318462477235065,365.1939390315261
0.0,25.546133281861973,0.9309558339135221,403.4368601624813
22.674888224246374,17.813910720632972,0.8583973968821369,565.0087829055028
23.62991082547079,24.07533381778417,0.8823541262818834,674.2280964394957
17.077944526579646,15.305331163776593,0.8977594803413094,134.5399166630909
39.56678080641022,29.379883744687803,0.8224614108407375,831.5212677317361
20.447232631266882,11.438867438740115,0.8183316650241059,400.1865422957031
23.73842143552046,53.575600552426735,0.7802642164881494,574.6626317734812
3.743221093644875,58.78283154248425,0.8607412788584727,643.3372954226678
21.375012301043693,49.109494315090856,0.797885345470809,642.7706515821118
24.436960111296113,43.619888629402546,0.7718085439387128,271.5432607694006
11.94762046960006,32.7156971581364,0.8242973634615731,556.0150280061697
6.659724027166068,35.99321531238504,0.7547430906373171,184.4378876254894
35.358643823466565,41.498757889023565,0.7868704368002366,60.02455327084789
0.736558250646928,13.880023775750587,0.8193086977835379,578.5084326290289
0.6998633432523221,49.87373397070192,0.9080369127212291,219.4716365881192
0.11799945413723634,31.971941274603193,0.8853799809585137,369.36353019470454
16.476766519470267,49.69166560107359,0.8656690171586907,322.5141055600866
0.0,19.3730846949007,0.7292054155460597,497.5757735293249
35.185277437956785,51.40359246684465,0.8056003801897487,587.9134937408035
5.73473393886799,22.421730377192425,0.931593917088537,491.904524592662
13.516481183175584,37.784638033711175,0.7849680750399622,690.022019438884
7.502235194508485,28.798117563719245,0.9381600883207251,442.11847316050176
38.31550757273629,50.174676324424595,0.8806317584200997,133.50036384163374
27.846232339920462,48.25246886010808,0.7238464345648304,939.2863761491461
6.137988750316383,46.20437886552576,0.8758426655175643,321.4754039005929
27.071105051323777,9.213075943408363,0.7699852481111388,827.7111672857122
12.737264511745332,22.35496397748581,0.7203673142614058,243.76311762698296
0.0,6.9347702068032655,0.7330237886959916,69.63845205203647
1.225258377736601,30.661685936934237,0.7873843409408043,602.401536088476
17.058932163436065,33.476903235407974,0.9254376173955409,227.9739723840015
16.296699753225255,32.6521501550552,0.7662448214747042,148.506708368107
0.0,13.125366507347552,0.9122404201664027,762.9593258468391
36.32319484424259,25.34170587545367,0.8315329034029104,220.76893650667148
29.06416843196294,38.17831226630708,0.9301334026041743,906.0443994974123
20.627179720779,13.613503706579845,0.9275728591413128,931.1376423723439
12.213009581807906,10.627207226512517,0.8635873117887988,674.1112752385695
14.708696237250393,55.386055709880516,0.7789612437850975,287.09145048679255
11.577990686712498,29.8647962473669,0.7868389926184705,264.23157692931784
38.26791506229118,11.31310030140915,0.8768730219042444,471.0464642512635
33.13099442755239,22.402896858041707,0.878019889874853,390.78699662552077
31.684713648768675,56.24076808476486,0.7920079911597078,594.4617900630427
6.239754559711871,24.236751403218467,0.8712690692047427,722.5729750515311
23.0774838944681,52.39454188825902,0.949295949605641,113.74057169612207
0.0,40.093793834415244,0.7953269679189503,144.80449454501473
5.275228396066152,30.448860353078004,0.7526504712161834,407.85075336514296
21.627296322450523,27.83391183332887,0.8013262087490391,205.84313137126017
39.422565822219596,23.050705605752377,0.9003533881514352,692.8398316486177
7.507230222790911,18.623035269378587,0.8805260257813371,258.01690345832657
19.137120873978127,31.65551483627452,0.88870439395418,166.09850444547112
33.07050428031268,25.87483178054958,0.8142493940325384,765.9488093750574
1.2824964476172398,52.21123681264455,0.7335865447424827,691.2076470501286
18.50721112753578,45.588927407289695,0.9100668306623338,115.00284489541076
34.623956295335454,6.151782558997223,0.7616961507288048,782.5436468238917
26.01728588560581,23.585712551923006,0.7914239698524645,49.98055632107672
10.29634542497065,11.711252196296796,0.8225754659549253,873.53847562646
38.33961557305599,54.21016900157618,0.8767667448003296,251.56820984842358
4.843929697682777,58.110205565665765,0.7347971932608992,429.630481048951
19.57087016734333,21.57429584851493,0.7088787789945115,519.4393627472101
4.290523685454063,50.72584211907056,0.8501031615452426,577.1346481122586
37.582552030346434,59.65052279761807,0.908317364905522,440.77151569980265
35.94568271093425,33.11460184940785,0.945092345065614,637.4465073133872
26.344550310072197,30.93809396739627,0.9395160082019497,760.3347786758255
24.333341515664927,34.093499958339976,0.9080697407670896,952.2141171512744
35.8472365804496,26.99502645512559,0.7085294345093807,57.86766891684778
17.492369442636107,7.028829225132645,0.7012007268624764,691.9178946791916
35.08341851644713,22.020183152492436,0.850127736093035,189.83737407411294
21.460638377029245,58.3726054354543,0.9212073070783334,245.34929121031468
0.0,51.24104357913087,0.931532875973107,346.9259541734191
10.098922653622207,47.475394727897374,0.9129788385494932,267.4178990238446
22.296926680759228,27.53538959449043,0.7457078519649201,707.0711788343962
16.802395524434175,15.987083238888301,0.9003546909772029,50.13406982331432
2.9723240471011994,34.197026089688144,0.7488732234846677,973.6584202244792
15.024555657973863,14.74624679318088,0.9213614543688092,514.2838050486002
9.711858899180159,58.83905257120256,0.9224855596608491,740.1943308207522
30.498575338835984,48.86162638839011,0.7282271878738312,909.6317598015145
34.008947219364615,22.202230591857358,0.8599301525039128,112.73656727105657
38.28377136615632,29.382979072261932,0.7756457413272273,918.0973984594082
17.318362006357074,33.274207603487056,0.7890985464427384,459.83723946957315
4.691315284164633,33.54786699092754,0.7366775907100498,225.95641513788652
14.43121442302854,19.475417402716744,0.7895848129766092,127.37803310390866
30.102498715209524,16.835655174941973,0.8053370721005819,457.91455443424576
32.26514515436165,29.843182588284513,0.8469606891797875,971.1347043218916
1.8098979174050063,38.21322725256803,0.8736666784074911,301.5117651374264
3.4295257413321756,30.85030466173012,0.835106645545293,707.3710327477547
38.499619820741096,45.77916031978544,0.7375782928639611,912.9916600478973
23.703018527327426,10.530556467975128,0.8863355800577596,285.5505342434929
33.162085262876516,23.363317558294654,0.8836932136216462,936.2713923494988
0.0,41.44196594308143,0.893448792908076,303.79253285807664
16.282108365931997,5.967163035637024,0.8739722099147746,374.2467457251185
12.856859296862462,20.892643315551716,0.7576882025641948,853.1623623885121
0.0,21.38722904904941,0.9242906201940397,509.9343752278212
17.45433817508076,29.332084873646124,0.7210680303102122,605.2045814757505
27.110817418680043,51.548713040803946,0.7091728977244738,457.63101575195805
0.0,31.69514512383396,0.8371567758478726,231.84075428041047
22.437756167805432,49.217782758504235,0.8604618233576472,92.82166955483099
0.0,25.593864501475355,0.8695877996082912,443.93431142229446
0.0,59.315697839330696,0.9444960045786919,612.6253666992881
36.59502600424882,16.91301948458379,0.8831805077323418,526.5393673415278
35.82350080513019,41.91793735950499,0.9404088848098627,112.51996632636232
26.011348205790455,47.04688197148591,0.9448862220290375,929.628318250565
4.464203293947099,59.56082886479358,0.7920425589536225,551.2399670901957
14.093078660939877,50.45215675742368,0.7656472455269778,276.77531386577044
0.0,17.476897377695984,0.7721946590700619,186.80935158370426
32.266412166534934,46.13930171612683,0.8253547247222238,828.5932194144623
9.28278218665054,58.34275740535472,0.7712763717939353,706.9665834426611
0.0,7.409506764691872,0.8803758791865056,361.12530611171184
7.135292687089634,38.80666304311324,0.923957688193003,176.70839454105038
20.521420117543485,43.55530075751363,0.8196448245412833,267.86223662029823
31.914129647201133,18.120074940534092,0.7441027965835671,359.27668131893205
24.782547655063986,31.26987124971962,0.8721864936003533,725.4906734954366
18.725893027274417,13.287917729055113,0.8914611609595688,833.4160193352036
7.120979614096621,8.606974272831003,0.8549783929049767,178.49582183955124
7.866521344699385,41.277807414885714,0.7435215557897789,786.6371185554871
31.169055236855755,36.063847284533146,0.9157655374117937,559.6658865847601
0.0,12.199102157833897,0.8006604025463749,407.60348581954696
1.9283816532036273,40.4517815003089,0.7549326215776291,854.5694379464492
0.3631082411831185,27.118547804055133,0.871122774956884,697.445965113881
4.2395308863127035,57.490006854672004,0.9376402165824894,281.8044887890629
13.185243182623257,24.441976053113983,0.7870835061844135,343.7645965818697
16.111993895437,59.126769159173634,0.8707098386944132,522.2778120825125
8.1786174926721,52.074512601675295,0.8382091268422209,391.24438853243146
1.065222158012497,47.904193805007424,0.7641199931756405,206.0839821332945
0.0,30.149843643737817,0.8258724451684043,480.30392297261926
11.91021718759335,50.29621255717079,0.8593584348075328,489.4404303552556
3.8529617011350985,27.760463599769036,0.828241435759457,977.9283628943664
0.0,8.913803326734714,0.9015201709563331,182.62606207038544
19.972323610101075,15.829068155842513,0.7859646687040576,864.6741030928272
16.3082610618242,23.411210949910867,0.7198156207387019,602.8003618890806
26.768121700577613,24.16188889213716,0.8041353939372946,843.9535639495193
33.47018552519045,7.07224969725147,0.7253445053482084,487.0070298923321
0.0,58.178758671466404,0.9436044617121819,124.44675772137825
25.128559286318374,6.533925234253552,0.9479869043981097,575.4904903816732
22.13893054519537,42.06990765959533,0.8497139162156915,901.7023107009545
38.99599450244414,44.71632188210722,0.9088612747776164,715.469767656428
30.49705872390767,5.886679717648312,0.7030773915318926,320.0489034948646
20.521292031358097,31.43523674081997,0.9065357152643587,151.92293197344966
0.0,10.258252236730417,0.7802694992781174,50.13297747308101
32.28749123772126,16.668687221586644,0.9456838713872163,671.8505105550645
6.114882557778467,9.120448610422823,0.717099359947616,102.39517639308104
6.355701001107723,31.89876847786621,0.930063265118134,864.3777749528094
1.7648728251596753,36.59058839280218,0.782495652627931,805.712675462206
17.229770910227312,10.799335237178573,0.9001102600802459,988.3090224876217
22.3216914695146,19.554360349698896,0.9100116244858075,339.623296426524
0.0,23.801122591084322,0.8309142606462321,647.7850630907831
32.66563685105149,31.090475524756595,0.8494946712823477,370.2951605480443
26.07307683993401,44.13517096370342,0.7217376404001371,503.7412436860149
0.0,8.744772858899514,0.9499621650422878,947.2290334503181
10.763570977434687,6.743305780737815,0.7934789072310819,558.5283784140339
4.003532032632007,41.68591168885963,0.7387071697654009,812.0161487416815
0.0,50.484872055765244,0.839801665717743,113.46177387146213
29.75490334216187,18.650746928570726,0.8697190788445602,941.3600951269403
16.005707762351335,55.67397170523166,0.7643711480539852,457.51470342829253
1.7834481197546848,59.97891654594207,0.8528258722469906,730.375117454379
23.946418633303324,17.963660569417577,0.9022346075447444,834.6602981005024
0.0,9.738019276529135,0.832210673852656,579.9180879022962
4.6800018022972605,36.79174418875147,0.9379372588237651,104.8898199112547
18.746541409593572,46.08309347294205,0.8190626363863859,438.72867882094727
24.968600169921817,38.62781674568523,0.9117671135675502,760.3671083717095
0.7756555997781893,39.90618803368623,0.8097478178706031,820.8665203363332
12.113487633365603,32.60340923124271,0.77628550482161,164.7559463121899
15.531382252521095,33.15885493657344,0.7334944737748175,188.61854436591125
0.0,46.12556873792537,0.8585808813391631,490.0565689367695
28.814762953108694,54.81942181355149,0.9150895731130021,700.3212311539227
1.62761401578582,56.53003185528253,0.8170090562258093,977.535094042888
29.365893892804717,30.411882251225993,0.7322069987573652,184.9458439387095
7.557974323004679,6.660650334321654,0.9372653809017084,709.065213871059
23.504147098339356,34.38396200948224,0.7758573108790257,211.2080687155611
23.036679277771466,31.644355203800373,0.8905850168920644,399.6301058103078
17.11557005810927,12.712338993781362,0.7095151990974479,559.6293008393242
21.80362555453493,53.06771632179757,0.7454017029721995,97.39885378231818
22.42073929840935,6.778420764033223,0.8204948893883386,811.5901389846606
4.0581673672922,12.599461075397876,0.9383532544766484,66.0497579079258
19.874888490617643,54.929594562298796,0.9348976541808494,714.1222881542693
0.0,34.56371677234709,0.8473605635641663,857.7623667770209
0.3080467517992493,48.4925957779329,0.8034938755010272,367.4150649878696
6.104938403544082,36.20838549144838,0.7614471107849501,327.48152676558954
33.329444508792896,24.483972025063615,0.9210167578608567,46.09454024979563
35.25813244374812,14.409067515559926,0.720697583536703,176.09062260300152
20.685170703063758,19.469495730645743,0.7541548623809493,335.29838477746756
0.0,20.72992511893523,0.8338153563509219,144.42912238507532
21.031480817755796,49.53327406359424,0.705128517446904,970.2081346881208
31.788217976725747,30.527260938061087,0.896575525316277,844.6198619556926
37.364414763609915,46.4585739925047,0.8979345543012169,807.1209546793168
0.0,44.32834089612738,0.7542650206048728,641.7225263436069
23.46939161201856,35.838100471115695,0.7105801402253162,654.7104892787694
37.90977301299015,47.79744686613186,0.7512632189747706,474.4301356239975
21.077698793227125,14.835896086040433,0.8607337213736599,566.1940018785634
8.479609361782897,47.76435085375586,0.8423534223031132,259.5782777451696
37.9910533730048,30.554818688995947,0.8373482302824689,520.3941068445685
14.762300286321356,45.99258147943819,0.8879890780692996,243.88024832065437
33.80650354361678,46.93546163866661,0.7765126961326554,604.9772851437003
14.220083262840031,25.046647376151085,0.8397289476343525,723.9722869607497
3.49211555299979,11.388852913232267,0.7016819032989706,426.50544817012974
9.693906358905139,58.806486029877036,0.8727669150518065,663.6264172143651
28.2499461926105,14.824382150131536,0.842026479856102,203.69917563515355
33.05231825708107,45.08332341453697,0.9428626142581127,49.023801142147434
2.403666880078495,27.29579650889995,0.8444611349785074,856.5153389704624
11.345447341219465,53.558376489533465,0.9417063380767132,203.00987840699875
32.45754213388501,21.888198960130246,0.9092484312999599,80.29999042681564
17.699092209647652,53.37179231854639,0.7048066991004285,375.7733191164163
11.60345185909805,40.805878915815036,0.9256560449477248,276.35630598822985
28.990849096118374,39.17063722951598,0.7012443920804761,708.6398267368352
9.082422806358016,6.0115178124770665,0.9216580106426452,531.4929830978106
36.27133022836211,54.487291106724804,0.8466177827829168,874.2556185902318
9.474923803377862,55.553629972515644,0.8386847551361605,728.6713672090084
16.91223799015988,30.26494994722529,0.7708368771918814,559.2541127168845
11.103147429630171,37.14196906136482,0.9376068973833551,128.4755970705176
32.57989109866187,57.40022979427394,0.7842450479652856,673.4276910557361
29.495207638214513,32.93552892650938,0.8332746865397977,681.1587804105236
30.577878307826833,8.871442708304636,0.8157825865293724,238.98284158044055
9.207777025249694,43.40977282180299,0.7772970037621815,394.3616887736525
0.9410454999292355,29.64507998910956,0.8759599130852291,921.3888778154927
3.3961648953889654,37.83249620726141,0.7922103671280212,299.4279139506979
28.35502794690581,50.62769010415944,0.7160001075340996,148.17061007469022
25.42154387403811,37.609565740970545,0.7004431755085148,526.6727794721083
12.399558957706887,41.62161714614099,0.7497526691370232,742.154009257611
36.22917909578719,7.933415299497391,0.7412294503607877,798.5243484804628
12.539999944278543,7.5501404866993,0.8442493192766618,703.7499475842551
17.42683452777479,10.895552634755882,0.8382161263939583,463.9702099944112
7.6512038876911665,29.977696552764815,0.9458723679046911,214.25736614401956
13.315023495415776,12.52092614394242,0.7469820334049915,177.17676787583787
37.2770425150978,50.193793808508545,0.9045588298266529,198.51874261082554
39.361717148658435,41.37954661413194,0.9274970320778637,573.7916995613045
29.69982363722833,5.52342124838821,0.9146356473577888,949.5783193419162
15.307161389074292,52.18747814600103,0.8078653271625734,798.8903515994476
0.0,5.863853141161689,0.9163537882272096,935.4812376478687
5.580806209860912,39.222656404272975,0.7571316155686961,846.2353566910884
17.049843913203652,57.839534572011424,0.886894956164696,543.2163752497427
26.20392070582442,26.22375657102795,0.7359403905071229,733.1293457735275
0.0,20.329505830178043,0.7795954740135864,675.5136837374632
6.602763352042334,49.34567946506102,0.8657942172202544,295.09152796234866
23.857100793952387,23.929244270888276,0.8186080921685974,616.4133561979162
0.20464195456580395,28.793945832373858,0.9261551599684146,676.434528758866
0.0,36.056651085262125,0.8067868753115858,259.8649257438186
3.2643283000314196,8.426936734759265,0.829022023080171,581.0803813285617
0.9610077664809382,48.85473244494439,0.9358175708929054,485.9157234192758
0.0,23.954220324116314,0.783811623007553,627.8337642788915
34.397817404159866,12.004622906693575,0.732232239547083,721.4690228067356
20.230559514495678,48.44637417386731,0.7200927463771883,725.781075425129
0.0,53.81108117438499,0.8650334355649929,580.8973391060447
33.56503975006521,28.40440386170321,0.8225559753352556,704.2368119033304
15.023662025993076,11.752349706580127,0.9342927597187447,167.66409831151807
14.03571064908666,24.679975389479637,0.7942339769240816,767.5749504106269
26.363064373863388,8.319678290914506,0.8902079346586179,181.6229432423823
0.0,23.139886445300284,0.7035942178767545,944.1018140025807
11.54610252518965,32.33438588896035,0.8666068821999263,44.25613113783623
25.344719996988836,38.645246247277974,0.8724763451996906,295.5251255827944
0.0,35.51716423772169,0.7160903181829783,569.2411859075293
33.339817132170296,47.760135182489755,0.7043076896232938,889.0370045580128
15.064334498464984,16.995483180495153,0.9278650138137321,48.703324396543515
31.64625204683791,9.775972754222273,0.7629583101249418,74.44479445673124
22.434363487409247,27.375726124441112,0.8552651450126948,800.1095831317793
19.41067653118465,55.6499917972471,0.8210878916704174,320.9548810780945
3.6346230464594145,10.824451076928897,0.728134588462328,681.1066449132509
3.1484044034183203,30.640504534625638,0.8642007084193343,960.9417421612844
27.208107836827427,59.589189984044964,0.7075067954734608,967.5485684131511
8.436512220364603,29.166323719089803,0.9490356163867175,530.5494660049457
5.059339068238811,50.68611547278617,0.9229281074615792,458.02182661686527
14.688625711824182,54.04039655266335,0.7603084153500635,308.5372936599708
10.314667735855608,44.24330044945116,0.725250453509324,201.72625130748418
36.393463873678755,14.794223997591352,0.7201783338146621,851.2570360924328
0.0,35.56543271518918,0.9256553349981927,680.5579745404862
11.806974295586112,34.23088607050551,0.8514533927108616,743.8454627188078
20.202029971558403,57.085547760439475,0.766969387405195,321.57208386786743
33.82766759275765,33.57393749172792,0.7799103867428003,805.5057490170146
1.7848918045223476,48.673770159643276,0.7009568368073273,838.4778695476516
14.33970173868316,6.313058794635346,0.7249017452099025,169.14977996346977
25.191158789483122,47.52672829205776,0.7915071645843715,259.12945427962194
18.831218933787166,48.5862917276749,0.7429465199635203,377.55745566403243
37.60650682378835,40.451042769211085,0.9481611420342786,254.9950475980651
33.69945259495435,41.659226393162534,0.8121364240535527,822.9441558218479
0.0,34.628973278400245,0.8632276547479156,588.0013475837799
2.497001089928929,27.009645144324416,0.8673622718435614,215.12131897522556
10.595489205746867,47.74217162923666,0.8515895289407953,754.5397710992858
35.106733560326155,48.643384434308246,0.9124132454541192,503.41197059366357
26.249460669069634,45.11716145284111,0.8331543849757226,697.9067125445646
0.0,8.725102291927149,0.812633799714723,700.7144480930502
30.554954224814388,11.025396215461775,0.7709952216129197,293.47219500256193
39.21757513246983,57.8721030548984,0.8298938088261436,591.0467653234981
15.119356571454917,45.00693653196986,0.9106870622241873,179.94371172451213
31.203047560749315,46.04322191691848,0.7161415533214321,874.7188659507876
7.966649949695738,49.41251030239082,0.921025151524288,424.9487288712663
0.0,28.626369398262817,0.8665113133843121,68.93511132017252
32.12513935535599,44.249828028468656,0.8980148990987352,108.21882511824046
22.05960527094705,45.1254428709176,0.9459232608684641,490.42832852178594
19.817061994671494,27.41421202145716,0.8553339902908792,116.081080699614
2.2941021843158422,10.605359987937971,0.7187458000442066,140.27123818814846
38.527126174889055,30.197249961758995,0.8427203970247884,346.98010770047404
6.597036415667213,50.79797677340084,0.9093177651964635,322.82873121994237
14.110867890433228,22.92859698065153,0.9435864574441677,301.21116118245294
2.532074552931504,55.82028687269675,0.706779434185931,541.6975388232104
33.05777556654537,32.31291764760676,0.842268737744656,801.6384128572291
36.542410876731736,17.467055205458514,0.8364678383867366,455.67932693446386
21.20489699584159,25.806452611172006,0.878338019359483,996.1880087827544
1.3273439697204708,32.14222981543473,0.769453816951592,993.0897949864475
37.30150806534453,20.89891959216275,0.7023355340376466,819.1371201174297
0.0,53.001563492003385,0.7884190038708355,467.0015495052861
10.961862275513711,13.724336028167755,0.801391319395104,632.7273883021529
10.105428644705954,5.58398757085743,0.8340004183788102,357.3989349746747
12.747168702717621,40.9510132862618,0.7393418399115337,280.3045841669046
4.876867552776687,12.463761881135978,0.7100661842831303,250.96750745354288
31.331803090015498,55.77356273388841,0.8097213083749818,462.25533955006756
13.710401613832381,42.48988829152248,0.9250113179156778,809.8888068649657
25.57199047251363,18.83672737787576,0.7005156849579257,586.5309122597679
8.489782345266077,8.55285105927186,0.9249864513103826,294.68604250128527
5.531906683173007,5.266615525873527,0.8690600929957141,889.6077198552465
38.97783816230343,39.33693621793911,0.7209560502378544,467.466303824314
32.07753976351464,40.87540896624639,0.739021121381868,642.1905275880781
31.18179636965441,50.70992375454621,0.8679960591648685,670.7776995974789
32.49087975356165,19.031509806654235,0.9194356927255913,296.9332447185262
15.916026465473909,58.41924884176377,0.9232318850974829,372.86868281037135
14.097990192341086,43.98691613174358,0.8685214785040943,884.0957512207956
24.999040419447066,18.72053441788162,0.8041717282360274,723.4696392681591
14.407780587931455,6.7906175247604015,0.9230552673875103,853.9273903002303
35.14185882261721,48.26642405865411,0.7598113599677523,939.2799219883393
8.868554065162384,16.807679110897364,0.8216890595126642,999.5214682972721
2.1165446137959223,39.12338333617661,0.7168613238431418,575.2672252014576
16.844173813100372,26.117363055276734,0.8668342127182195,170.7401036365561
38.747151598920816,37.525969300698236,0.7873839123449257,887.0615158784692
37.00152431043757,20.58341177904781,0.7703143101823856,380.813411940843
36.92965809851375,47.28133704319181,0.7846931613976385,955.1465178737619
5.352792638264081,37.24704844085491,0.8215920380090997,397.4064762448995
11.630868167546309,18.381751492045062,0.9436426621903857,528.2612386270566
30.88208834201722,34.167443966155886,0.9110203508810163,542.2357429020361
13.278052801197179,25.393067790368423,0.8042105709082282,570.0202372023477
16.902434764883917,12.140479241529103,0.7371635612020847,756.4740528967822
29.21726869450632,38.31135702450378,0.7747801317753944,275.10262411766513
11.710643672462558,21.045487340152764,0.8103355328856666,279.94903429845806
0.0,42.06634255053651,0.9073526739904074,213.60104416314684
39.161346766027314,28.711466340451306,0.7211116130628181,774.3238499050071
0.0,50.84490125475259,0.7059897447237615,350.81555867384003
12.616206760655368,29.60002440243784,0.7742785741035474,767.5986246528095
24.222033680162163,57.48922806186824,0.7223832430013404,573.0729655612348
19.324001673463993,32.505783237911984,0.8079433485180849,825.9866258899305
20.826689314042238,9.238238826664327,0.9046630189351561,469.93262417515143
16.3972835320094,15.960713103614427,0.9082896557374387,94.53903646933679
31.21882631816375,58.06191099487592,0.9065302934785248,895.0031412000906
31.806592279551136,27.672347865039697,0.9292472351535835,219.597296208443
33.79890781572375,17.50402875774133,0.8683897545329866,827.284791858268
12.655449881421514,51.00876303807701,0.9316693484798525,356.15672851795927
16.779680661239563,14.305217493683141,0.7619059872532093,164.25994133567858
32.253008373523095,55.19692917694684,0.7471519144722765,730.1281748248548
29.356831360732233,56.67822352837795,0.7682486193548141,679.3279099413585
1.2190587098828758,12.260432774797632,0.8514474118170133,932.9262154324035
26.275562999844468,23.24429373511693,0.8929434952352544,946.6281891692383
22.440417445379744,16.664916308724425,0.8879131859468629,244.55866507493838
21.992697258754642,22.803211532437672,0.9127686194035829,491.01521745135835
29.696510016774358,6.501331362020505,0.7241236051472342,124.61623022309797
39.99937145008889,58.02745356915809,0.9212471372715758,516.2692618504486
21.413032657142807,57.034702048860055,0.9097124915357745,398.1414883888383
0.0,34.82489773869131,0.8902900488841343,983.9380638833027
3.5974783972705615,46.09363666992411,0.8948554359669099,859.5308763281377
21.712306098026094,57.73037140623073,0.7379020278019393,82.13652902316522
17.935471545235927,20.668116478041366,0.8610570275394387,120.00102809773082
8.91606886239773,8.048314952687889,0.9182530385348394,317.68606137856153
33.20427980431133,34.32116859492132,0.714722538508434,404.3476873398826
32.19815295406063,43.78454952207419,0.7609199004065427,770.8269384508895
37.9971627472285,50.46966208101979,0.7801827317731852,455.7594504866071
0.0,52.32744945112388,0.7108078157802854,355.71296458983176
15.03108064972367,8.435980849287763,0.7037598471922687,623.4402287860851
10.981746059016773,15.171885419114343,0.783607443922434,920.3876998191536
15.360975532526897,20.04551497183831,0.7582355075546393,198.19667021046118
0.0,9.890210140107193,0.8215305284806009,898.9629435908406
34.57569403441619,46.41095924706386,0.7553381012569178,927.7092997949525
3.46623751964267,58.39946679703014,0.8942343794946276,988.3114628772779
11.11011111173876,47.49157326363096,0.7971238734539323,141.9705147774414
15.74125388020725,25.94280811175841,0.8843865087560416,817.7353631410075
9.661835521705491,27.612929851606754,0.7553027158765941,167.47045648742306
1.8454185215732577,12.470062003893037,0.8659802959160618,46.99162187566877
20.870335130028593,45.80316996610633,0.7618919135545941,262.71442284568167
30.153179322006487,12.430963683085402,0.7180658474699493,279.64158324901734
11.734142601649046,50.371519865578044,0.8944167515139048,700.7149797910429
7.560149801300452,11.375093352396506,0.7480378508145936,412.1989710782395
30.401175286307634,10.691579929451658,0.8576150219470194,854.7317631303268
39.42482621189105,6.613444405903835,0.8863458525775799,667.9271194807894
19.010712531852274,8.159186003707365,0.7060629585474715,340.6241220534848
39.768893812180806,15.01868048133154,0.7504064621504124,791.6492496872538
9.992977886963713,49.5417132401945,0.9035241186054486,682.4592334335475
36.747025918415424,36.987799969395,0.8986454054372219,512.8142186860031
4.979096264493967,13.49258799169048,0.7037060778713802,876.5837516758405
23.77140392869479,16.740148005503784,0.7416584537644414,714.5290184586406
18.684573582420533,53.029525921690734,0.9017772457454625,254.8178279403902
26.90039117158925,6.324826355635997,0.8988360690065511,149.12562263295925
21.88553897438062,52.114943397121124,0.750848391056099,570.9306830885887
27.785313959155353,34.30928418273117,0.9259418627160941,249.88604484902714
11.331920884194059,29.311614888813953,0.9397387534878262,239.94610438274006
11.103722007550944,49.23384917534327,0.7034618887833317,594.0421621614776
1.993475241423657,24.351774712495498,0.8748076659224363,888.6331228242743
22.709903576513856,15.866396397004019,0.8842388821810008,418.08550139961045
26.549680735197544,38.517096775292245,0.7906242857608963,764.4766025428236
6.053823006110716,49.861396553661365,0.701020081998704,584.1946915817877
17.350299241252223,59.03935447469895,0.7784761798208533,536.1853809007785
6.1181746062340965,24.22506664079596,0.9267170949085538,980.5265478909641
9.279953605350073,26.593188512399752,0.7359401662861412,140.48451193443057
2.771734265878998,32.364828316183264,0.8919836108824459,698.1105223742909
5.402261661118703,45.08785361116499,0.8329766350104605,527.2138710442081
14.412396944813409,18.79970507186247,0.826255151919054,499.66638376347544
24.592469504644715,51.18437076773152,0.7447765007948007,188.47167111089536
16.60378463082718,43.632510676896175,0.8341186579256807,905.4482414690827
36.291757066101184,41.50392048250451,0.7771949437161181,573.8160260783685
6.444663748320522,8.321668014845379,0.7020182349691236,405.54640983933336
25.445045520360505,43.36699201901671,0.752804725336671,369.1098278968726
0.0,54.95262290769416,0.7772703066898587,682.0826776465518
24.299932497617338,56.79321123285223,0.9198954274995157,483.6591423286794
21.92940068210746,24.595910553207624,0.8225408871122996,322.61733760513306
16.684577315150268,7.796772784423128,0.7297441560607979,838.218902552604
22.926407744247438,59.60782218212736,0.7323407688062624,493.5326851520435
5.251459409199629,50.89426812385966,0.8923309171147542,230.33029179835705
27.737104635973452,31.13743352670886,0.7200795540841733,62.627908336720246
23.619435648912603,54.97223497872354,0.711226051589419,89.93875108712135
20.69796479957629,59.008242070666256,0.7037119668795816,299.52244326429326
34.10749748708825,44.58619535984368,0.8085398706387006,805.9885834702238
0.0,19.126123894672762,0.9301511458785984,454.89595758336867
32.740986604299856,49.8199641099587,0.8505481012014766,236.1759373305331
1.796594608593258,20.151499492295454,0.837316543942036,123.0955036863931
12.41786840691097,24.442207635792897,0.8745640930329298,450.37911104264913
6.663248061974915,25.56325490064639,0.7032430788857282,681.8937770017387
20.15410775541325,20.390230431441058,0.9000740392310306,102.92876558718127
0.0,13.677402327451041,0.7706293452367374,576.8006948225892
17.84323628202321,27.94653772988762,0.8064492336723075,776.7754409167078
10.724718077701707,9.619288372066798,0.8006361994376813,865.5202796056049
30.996425862627472,23.855054239938156,0.7027629511431873,948.4277188598608
28.23199768755255,13.346762670353778,0.8444338967944128,271.9067709487946
22.715888487207874,6.819798947887827,0.8118456419419221,622.1638480754834
25.95380572393965,14.06503654456565,0.7360315880397683,933.5302285333297
5.678319426954379,6.7642967864793855,0.7293991350426918,688.128042055337
21.541084829691297,47.65692877362396,0.8888210610792036,433.5228115058265
0.0,17.3155325687705,0.9407984299222347,43.27944436768007
0.0,49.152224352180724,0.780698601003202,401.2800553138983
13.277147123192327,18.646485651636848,0.9395150378114414,769.5254009680066
8.136116836079275,16.54174041982393,0.7333557366202788,707.0341074807027
18.94109704603409,35.21213756314247,0.8086903077636709,501.76942316797124
36.812176901740344,23.537250740589595,0.7966033515000145,236.7673727940087
8.992864631427587,7.6073784751857385,0.9147449243046464,842.2508346382657
23.45572523797301,25.973905806070007,0.8922091364244166,991.6868865915883
9.318134689026563,6.124936479819148,0.8061820079291137,43.97565471444459
26.654575245493614,59.95385316264807,0.7397742366744486,315.1187328923979
29.18797680054827,11.278220527944136,0.9040972711378179,551.2199480171304
31.180317943064143,47.54002771995671,0.9066542885778933,309.3837636323226
10.547927596240546,27.906894675016282,0.9383499863301599,459.2227256744257
24.89146277965749,48.26732540212008,0.8993156803735819,104.27749974144771
0.0,19.95148974320308,0.8137948474687705,123.03827256689883
2.9644720004491263,34.03463944635535,0.7903001318255426,352.10504555396204
7.6107424490998055,47.87537081638949,0.836978175966175,549.0119458358377
9.057160156081398,21.524374698010206,0.7413873214251321,167.0635612835361
18.602464994191696,38.06754124844809,0.7557871539958863,353.69893127101204
5.7471443757944884,42.59099473870439,0.7854096927477543,848.4050852710754
34.28755806595858,17.806981470039545,0.9010929254072052,578.9304013891638
14.087739764954033,10.588823017981069,0.9414132930419694,224.02093229022944
23.35149434134925,44.795418039642016,0.8710135915496574,98.49200314162235
36.88754590539213,34.638702922031214,0.7711657120111156,55.40135865876113
10.679956973359674,40.346615867475826,0.9398939397286132,829.4557340835491
0.0,43.072408873542976,0.8681904927569967,764.9307753115439
17.024855932563874,21.6673430905299,0.8324778357584907,259.8356164120717
1.5885955053342202,22.709734930464272,0.7127327907808467,848.8473283180072
21.70762230886823,26.072434218952353,0.7158116725052587,414.6633686655122
0.0,7.774942437287894,0.7651932458374495,552.4230734636898
22.196434938382897,45.72411665409196,0.830267925114017,747.1990648351813
6.312613915256128,47.95370739537493,0.8783921534386298,819.4423350956711
1.7709725092860582,49.60477182347742,0.7288933737223604,254.87423932059107
31.140165767250334,58.78619955558291,0.9068550903475814,336.06503004625534
11.816733318601012,36.82771883061482,0.759726059473079,781.1138674690385
0.0,18.17476132521916,0.8667082477731984,884.4865495878915
26.59344682204656,6.486316097787093,0.7085547929887409,647.9047285051454
38.69929657039677,12.472484886299593,0.8557143646453128,108.45159198066963
20.069053430194074,5.001896934614977,0.8182292184007995,630.2247500265579
39.97648065892659,10.477719633552997,0.7881517483429192,46.12527373484767
36.363257977770786,48.70447411640904,0.7757725225630149,977.5145641600121
9.180087961182789,28.076741184845925,0.8806345569485251,372.87093983285433
8.313305891145792,43.56909105575123,0.8889195526647355,998.1375787453629
24.99675879998618,48.243185981332495,0.761314175114497,140.29874510969825
8.671085717703663,57.95833737439628,0.8930644489258726,776.5288920787594
25.76736078243166,9.693470689413886,0.8875120065862127,367.81223406829247
29.805019013820925,46.35391829934876,0.7060921185167475,574.4111140115971
0.0,59.859197178140384,0.916902797554888,977.1855289869303
26.081019720477197,42.83908537483576,0.9250723204498593,729.587303894871
8.473411551388676,48.04506778996281,0.906154152755126,939.3003416233912
38.11751482479539,55.26080371142077,0.7756546241291944,378.84536510238104
36.47653822087829,30.81807536057048,0.8924582317262912,441.869567760841
29.643490307398004,58.163080788846045,0.8139814092444713,615.3331576044891
4.790643588720651,44.23619266688128,0.7405520872007734,124.83493174227971
33.505159334621794,27.83769901497053,0.8114014052374074,550.2598315907486
33.43600272366328,13.252138946690403,0.7533130973402539,420.5541459385645
13.193409942318828,18.550812335154475,0.7673105566897147,916.8392630330839
18.875343826926603,5.04555506585845,0.7396733955766503,297.78247551921766
31.263576777139537,5.77159437144436,0.856644780645455,992.9838759130041
31.255085973884064,6.100519460246606,0.8053174981461735,78.50245781828536
26.331298632286774,12.421901179336695,0.8127906525325103,805.6790615155362
31.538427634929366,6.683018858609115,0.8758632603546291,229.04379853551703
34.137722819714476,44.810390458371984,0.9173549184044569,388.8488963940349
18.471927381878633,32.19104001623169,0.9279927024974,484.6394887478531
14.33718376250732,22.43580131076156,0.9336306357007884,813.0632473388937
17.14255752869681,30.511321192476554,0.9278328103922193,649.6201706359277
11.824995416452001,45.028680845383754,0.885659638890584,714.7199979701459
30.391861446358615,58.16610390807592,0.9304317860950073,108.57705260572334
22.50645261135576,52.49299663036553,0.728319301386892,548.8417687501349
29.085090127655384,9.21460373748307,0.8988074198007991,79.04717784869639
15.659967725950223,34.109496112409666,0.9405152291726437,211.04479530018523
33.85484988478794,54.12160123353077,0.9019176377967919,210.25834423344716
14.825931564049217,20.012289781898236,0.818011193544506,343.3249506902954
38.944722933202684,53.41425087389547,0.9154954937216392,590.5719956542455
0.0,52.061252413874904,0.896263134341249,960.4086001611672
0.0,21.674102566693023,0.832573139001566,363.9270581873302
11.998807013408715,26.992028405297418,0.800143104291699,43.19482946930805
32.551588453942905,31.720208387406398,0.9142996632847398,401.83763383938134
8.84127832526008,55.58584451066409,0.7858924200419347,567.4986766044063
18.059895627068126,15.668821008959405,0.8465987091737527,581.0995834604819
0.0,13.694753663006507,0.916939154353909,904.4894760928387
25.251003241283147,55.35812841416651,0.7452167253540674,863.9700187447668
15.826536976958526,40.566696428108536,0.8459265573042545,361.75888198163375
39.52753688091406,21.96818218180161,0.7249468756366464,372.0504285702362
28.611695910810074,40.04567402707428,0.8551309143021312,489.8595429893426
19.07188829748165,22.560580048616984,0.8605268207737939,430.39397037081
2.7751993853814856,29.164663631369514,0.8245672344782434,766.0480900068103
0.23517237128037477,17.25923814120937,0.7406291549671367,746.2185601760362
8.624761208009762,26.504707166974512,0.7962058992731488,947.2859142101374
7.87577553679609,36.76848212230623,0.7884073170144323,829.4295514644086
30.113550115570618,20.45525432958025,0.8656317316611892,199.58473613352876
35.67537764209947,37.97584012493332,0.9159042112887625,556.9690236954597
15.452500573783805,12.767777560416427,0.9471060349383131,727.7836849970058
28.77889516149191,8.448531348779705,0.8394507294065858,422.8829068621136
16.892642194485187,24.369170025291616,0.7186313298891206,718.6058484360195
30.354553964884563,7.075543843737921,0.9028142094325088,907.251419321615
3.9422218421276782,50.08303046524866,0.820054198048461,670.009802879835
5.660880567772028,14.21653400837791,0.8238885508487706,581.4710674854394
6.122635360762183,24.232295931497983,0.9423919399122352,74.39539896471352
1.1501231123113824,20.85955021107747,0.9177334088733835,437.06731940981285
25.518972421290613,49.61661316794575,0.936972769300396,666.3231127639104
16.803153302328088,13.91693166390142,0.7471926325632602,88.27634031948399
12.006901663428698,14.5579352780332,0.7952135873410939,553.4306878475657
35.33381262552812,12.105236057878603,0.9494054497751885,678.1323645666913
1.0895593576650155,23.820176031225305,0.8166214501295448,561.3000910321784
35.3852923753523,59.82130756163085,0.9349946672724707,637.1590626651315
36.532022921804746,24.87793947377636,0.811236080469613,276.05637685444617
6.353588118848802,26.044561596755955,0.8178342485225367,406.3182659537246
7.317800847125537,19.806221838763808,0.7923321168450758,965.0542779805038
21.98526130618118,49.13924845518505,0.8977009064467303,402.5550930525818
9.646850837986698,41.84960086373849,0.9261880317318392,187.16575756075196
9.89238272161754,59.59019959872054,0.9157408534576159,802.2767336912889
13.642000314540315,10.491391261450003,0.9411431549527113,929.6561076978829
25.30584451374158,49.2905319828252,0.9383039075682857,576.4954779781073
12.654734942037104,19.520170325821304,0.8823044130021321,763.4971060972912
10.924383529385489,50.635220377659884,0.74861888480748,834.9195331439029
0.0,52.60973431656541,0.9344552936770214,278.35015903644717
36.42041520173406,49.168897228776665,0.7804955844704775,251.5408383823053
0.0,54.65025408534269,0.9250192266903918,470.2786875347632
7.673887123148306,10.055427245658576,0.889598489723787,363.89721295844896
23.66843532978838,32.78161962317556,0.7142945493091897,747.0493943329561
23.919797805756385,31.258127489077676,0.8301294522146032,916.9754514872551
23.543836802524567,25.941977765331753,0.7669645231517043,230.72907547017633
39.337049060451115,54.190087284972385,0.9085445161239845,209.4054754474751
9.129091087888833,38.018466673102544,0.915598387250702,88.24196359755348
16.463491466023587,34.47488288032263,0.7615458933004791,724.9860723441453
36.612230674807776,24.300240282901527,0.7747687898077419,49.0172107161991
31.581483471737524,50.78635294223715,0.7140509414611474,541.8256892536609
0.0,49.88331984458248,0.757411830032926,981.3867239469691
0.0,17.648317079464675,0.8604727507564485,45.96436454303657
9.476227980865593,27.650218440835484,0.7450398022802307,800.2435380830979
27.7188745820247,9.192814373585517,0.8400579654295631,837.3058089033506
12.478196708244159,16.618538183286905,0.820207002994008,49.527767292979696
34.40518434293465,5.068867291193827,0.7473024038518568,318.04655508020846
5.313631911142611,11.357449919273265,0.8832160737335509,472.7740860714519
35.58759234073796,57.177759525973684,0.8797477622934348,982.6497733955849
31.203087577874665,52.62464630851551,0.8736652073922294,349.66619494921224
5.287650912927484,14.823848040360373,0.927881251199586,538.74085235985
4.135248579571178,46.34893352177268,0.8447255818160684,598.2551892371762
9.155451993020701,44.558172932180206,0.8108469557501043,781.2567573398653
18.82939770028832,51.149557368932186,0.7472412969044029,736.1245308907652
0.0,41.63159402325166,0.8988325360457243,700.740584945209
23.81421467000666,19.76114488731189,0.7960610007924346,779.4806406375632
34.1487401021595,55.82848455844878,0.728132974002802,727.434641752166
20.64444597094846,32.96041315185969,0.8573093509550088,824.5069525167712
13.671858944923553,24.052004568856297,0.798423852473761,69.30682443339802
34.64807592136827,30.54295323687862,0.8057393964113313,403.4059787370111
27.192398934302638,52.333874483118315,0.8275987053504404,512.2802504020531
38.50885357929398,30.030983825999737,0.7741575631240332,335.5302433451942
37.796828247819455,34.85730830392788,0.8027873846746868,455.8939068566934
32.98226940880945,49.83316935452549,0.8071891563446685,364.1963685548832
21.09174051182292,55.52351141255786,0.7259372461165092,833.7289893467553
33.32477487992931,6.492576586430291,0.7463306986603887,421.7011406986179
0.0,45.27071307842338,0.7073849430326278,977.3983799541958
0.47665634847755767,26.50645688688793,0.9345948119509914,988.655962980489
27.67462494600223,52.46716759369093,0.7182967956158988,239.34400155457246
0.0,44.106494195993925,0.7131408717751289,619.0470624396754
19.558384117838486,46.89426101520847,0.9263724020215507,586.3785728717183
25.663726152105784,9.651025411254485,0.7750305048006858,63.89833811119743
36.89298910875955,51.987248720281066,0.9018483815341971,873.3755205065052
8.705151813882766,11.972169000278276,0.7944947832488133,147.34327593334933
18.590398125372,41.887639787130745,0.8088194773539666,313.76607211112594
5.209126753364336,15.646018697161878,0.9385023137141095,347.517070594044
20.444323899712455,26.029252455675927,0.8022695841476588,968.5590664200041
26.68505366450421,5.68387959230631,0.7726439687664701,827.0139339321872
28.63124310300214,25.590695353772574,0.8159659367048803,978.3675998928435
17.458364021151613,17.91890672577794,0.7058956436969543,391.7140881371035
0.0,24.149970918269375,0.8908098005089644,206.98736199295337
3.867202032525349,28.330201787729276,0.8542948991007273,705.023195566115
38.392641181303304,12.069216974882558,0.8529977356622984,392.861315488589
6.007739845147755,56.813227939587236,0.9020607510205993,234.07546789301028
16.506811885960207,33.17816522896194,0.9180029262251463,211.87065392870574
7.940301962655794,9.373918708669837,0.861636106472318,792.6333697255959
0.0,47.25841554351763,0.940693196465141,934.8633552184289
7.026242614150532,35.430338007277236,0.8264887226139022,311.7190183975021
14.160470327727488,53.10295478071379,0.7990680905266472,247.00272567465265
20.168661439709073,5.843273793412447,0.7893455650492978,324.40794875858904
38.683275325896574,27.963364985421087,0.940229009222961,669.250766999668
17.066501809172085,56.81559261905546,0.7790013406656771,566.8703696104102
17.082416341534735,11.295573943647787,0.8155818038299135,273.633415941181
2.2534091020591305,34.88175023412003,0.7546639090597683,941.4650920467982
38.04174939398355,16.25572767113253,0.9385854800719611,232.84158498753004
0.0,41.087863018176975,0.7165161552156437,574.16240722026
33.01434422168395,14.671035104164522,0.9499232217484511,554.6588360794101
39.315835936305604,18.213641489881148,0.9328888199407925,591.3398195410132
5.684924521240683,26.761204272696308,0.9414995049025568,595.5442707851759
17.89647342144787,45.37989704291438,0.8760382701947464,512.6637081052113
18.4746457129856,36.23614695290392,0.8442794350905608,236.36248220917417
13.260701279727511,46.84150596117998,0.7024519406123011,996.3535092332578
34.77083898122239,58.460360733337055,0.8517801984442616,688.379114275754
11.925758143368345,45.209847545991444,0.7579184652675967,49.01315158922845
5.503669129599544,47.66737591767645,0.793672858088597,710.3787511926478
12.923591554429898,48.95172987601159,0.8615337849723929,789.0818772282896
2.2647614614404485,27.108524091089798,0.9362257136069354,585.7497209315161
11.041780643533928,7.997523123579273,0.9023112566034668,615.1383022183848
24.516583456291634,51.46638536762186,0.9289860846350679,329.9763304546355
6.502079555704536,17.634853003148393,0.8958147332484074,283.9859812905491
11.542498587302978,59.048513480842104,0.9330566432863987,201.8840895753956
36.03799586977811,48.21368875041539,0.8214791586166407,205.96384029150857
8.255257699831036,8.031538756174214,0.7265425508088353,608.2230288861751
0.0,14.112321479716726,0.8421081280129024,667.0116078475927
2.4011190889950975,51.711037385169675,0.8255021374028796,58.582075466015375
31.836625800256535,25.38034719181426,0.7894625908273228,518.4591376513
0.7559348602103251,50.68746763606355,0.8279907757660769,648.2128897360906
17.705725105142943,58.51972650945724,0.8115666088926989,856.6532179847374
32.90753042541529,34.98490752706553,0.7318870813062732,819.0041873770027
35.121130875984846,39.21964564305552,0.9380559817733956,613.6279707772953
13.40440678225687,42.200692959077465,0.9100128572793096,170.6233616213009
34.63267940525299,51.746456122615875,0.8034622327960608,772.3210917259719
0.0,6.611044719820068,0.7134346841631993,555.0651003126881
0.0,50.37412608183796,0.7622344081703236,387.7849021074207
16.42115033051335,19.072811312721832,0.9100104586308636,908.0779052247768
39.168891864389664,29.632441652608268,0.7813484935431525,131.45511678182433
23.672070383730645,58.22169650488386,0.8047667517099648,751.9419628489246
29.511595968692447,56.33862371137431,0.8728203812260458,187.8610760021367
22.359586258488672,42.800363810443926,0.705700737719419,996.9616648350321
3.061695644702552,26.272933308237302,0.8751670038703888,600.2595670717815
30.161364416541645,38.28413662565194,0.8031460630453916,372.9942458991317
4.972424394308256,42.07248159688565,0.7804088772554756,459.1476607752728
1.830547323713244,56.49402762989282,0.9268647741323763,436.33991724776257
26.408745015189048,43.42212045354412,0.8577761582234887,709.6694970172869
15.033580640065377,48.793523752977755,0.7325789436003867,442.231340240365
15.665984270090078,9.535713436172804,0.9364816080284162,444.7013062252415
36.96571097166094,58.62856871708452,0.7902275799254002,443.8798883572754
1.0248843020464065,21.175702091492077,0.7318961675362605,944.9884778760779
35.958077648724235,10.894879980765014,0.9480829044591224,789.9131523592728
2.683206497954244,29.63869379913985,0.7323316480069457,987.7438291523155
38.34156133229439,56.607087158060516,0.8099463419481534,596.7990641044222
0.0,7.285447857891074,0.9044962341207694,118.48172975304126
32.50359628714589,51.62598308889037,0.7378038043829169,739.0453965059692
24.46307290235267,34.72456649473336,0.7748734881672268,78.19161456548109
39.689710579540034,30.657506487953086,0.8531625337829394,517.1223610145221
21.844277735941798,6.019563257973947,0.7869136239720838,186.6376458545637
0.0,36.50148052986479,0.7159538869119623,827.8592594319641
30.151592214051,46.88431588018134,0.7381442092567473,140.18836782335217
32.94375786206221,22.93567680305307,0.7504046384778249,146.2113997686872
3.4487980099877786,28.915500838579053,0.9213220569003016,302.2568852164857
36.823463037496914,36.809235541507434,0.7376568990865102,497.1534750089434
24.079049838353114,36.2898080846156,0.7045692681757102,547.0670976014285
9.99663894496738,56.74581675609907,0.7180879133936614,159.0811160966465
0.0,41.65216106736419,0.7277638136237857,202.38791546092938
16.84258113646123,15.528350517156637,0.7642059238299014,608.5300656863423
30.35431694727532,49.16589820547885,0.7920398399264448,323.47682339637714
23.118177537062067,52.79373880005198,0.8928737046581451,294.7066339811778
33.39438403042023,30.75561335396129,0.866019438628136,592.0206245947918
22.91166755051594,44.8509410224648,0.8110027486363819,905.5450161905247
27.62379675417637,16.771642318146906,0.7597641203849311,931.4147117376859
32.390399868692256,52.622451223682184,0.8754767387186837,974.0341192711751
23.521506096585338,19.76274447340812,0.8478828028225837,164.45741657405262
22.56072287263962,43.19436253687063,0.7856237612714602,779.8815134504175
15.3904057768249,19.85209427913072,0.7096461041722576,540.5869874765394
9.710689127964166,29.54048150899878,0.7565564400849436,201.3700577338166
1.0486248095398971,32.860825729286354,0.836752278724425,910.9374295665823
17.058932784638753,21.967187954160522,0.8868597813538254,194.73979164047148
22.65610270592462,22.995520765051154,0.9197878561372066,799.489903901428
4.834128265181024,42.51490824717509,0.7025460260579126,555.6905148583359
20.785741444717374,59.73555303152974,0.8000757946902963,369.0209877647741
28.469589619107783,5.48772472721938,0.8298714935354551,950.3265931414771
0.0,18.97388319578006,0.8745896921828433,472.98056013637427
16.089488466577365,44.23283693706756,0.7836260057548649,140.8885587216828
36.09841885083326,25.789154650586298,0.8355046510956864,68.95031804953933
29.959528285178074,8.136022611420524,0.7526876775323484,424.6174629113575
3.144936729045609,35.707994623337505,0.8560488107164217,95.6804049421897
24.293005237312688,20.260444459426164,0.8148028826143262,60.5466059276684
0.0,39.81078288702239,0.823116477561203,297.7571768691005
3.038040592387787,25.90791435786848,0.9318162838135366,540.2156731943841
15.503449836923101,11.15451326567232,0.9388668039999448,245.42765171933053
2.1652521570744834,46.228496349445386,0.8392970062733736,470.38780251754025
16.351310144872972,51.55632895927977,0.8407422262933261,285.73190217499314
37.03801041865218,18.113275534381476,0.820970971278808,926.810951493656
13.317498957523092,8.670222453789886,0.7806744733182139,621.3790510319367
21.979691600466857,40.33364166278895,0.8268864076808953,989.5015259150156
36.172519705534846,27.060005005039613,0.939391104823069,334.88464509553023
12.062554390688595,37.7716188542618,0.9325585505250783,302.1730813078208
20.849467199457017,10.952621342803878,0.8659516912241945,213.8771738392307
23.930285382463673,18.273136051903897,0.7331935656875453,295.50009742676093
16.033237260759176,37.48549087296612,0.7110631831593304,833.569875442768
23.31118665591879,49.3188586532155,0.8843115129113539,709.3372178371543
20.975763445616995,31.972834172410952,0.7923885259267942,507.5479548568624
18.119276074586587,10.28575906376018,0.7234091968009473,719.3439190647198
36.15356236272135,8.942490070334136,0.8146240913072764,863.5718100621235
32.309258845624804,21.684005779751892,0.8525734492073016,342.9791867102863
11.629669196079044,8.318078395323461,0.7908087311320651,513.3699805641315
8.775331791053205,20.965394806219294,0.9258698865929155,172.85944998193173
28.44567370117855,54.52097824612677,0.9002801352180951,364.2546697314278
14.856654432669394,38.5251366161446,0.941078740816215,650.5717417379126
1.695283599825633,25.332970999689188,0.9497889513435939,178.93814618948426
27.84350967442153,41.287893270884716,0.7349112978698431,841.8907322816572
0.0,37.87505287515598,0.7286941131973965,807.1073988506984
12.427543221221653,59.53692967104787,0.831863161348935,904.9860598337203
28.533408334468955,21.58124877380804,0.8783120818859493,850.6709794347538
9.774181291737996,22.273628998205776,0.8347030102776192,229.54374658670747
33.662506607802996,16.094788456756394,0.9131091159344955,600.9395467183614
8.001162612891036,44.35958525051184,0.9217717727356801,736.429914062708
19.340648176128585,8.820741737726193,0.7428620157578045,520.1693125378304
23.92260987695196,29.697517885848693,0.721691024852965,410.3365640089063
34.75222519697182,5.468349908779556,0.8109820067599948,939.0884442456297
38.832936988374236,39.73760397360308,0.9096482144444055,893.4351435308167
0.0,59.738011521630064,0.9468298673224169,124.06613460738538
24.294365445119865,56.45898916854576,0.750305656583206,395.7707274872321
0.18837809446226472,50.286405018086704,0.7569290327867813,125.791094117028
39.280606510790655,33.45756262546665,0.804137425815912,79.9685924813592
13.766768316559995,59.66830594594567,0.8611988478492847,943.7235990417555
13.334045596101392,35.25691103342024,0.8857943358305757,71.20977225250712
25.85431006872588,44.09861696750925,0.7222040423636049,684.7132729490218
19.47532544135799,52.250338413384355,0.7599300580023549,664.1383140803181
7.995641275887349,34.68348861368538,0.7864764637557611,366.79337550669266
15.660191758720487,33.71169392644654,0.8565709848532597,921.905170967765
26.339080786113364,7.7080016704377865,0.9414751801767769,501.0306102197309
25.41152609938053,43.62263729032718,0.8816051070740487,378.6843498354231
32.69389796289526,7.018128184405208,0.7579637313910692,641.1038999853936
36.10877744974868,6.677091452456215,0.7981094693485429,302.0166020940031
3.4573487432170964,25.537406782507727,0.8767181702830966,579.2009071642703
0.6534839057035217,38.995041895516785,0.7648361253001584,749.8142861007213
32.03838699574919,29.64442954144526,0.7771282435583199,91.4083765381989
0.0,33.63032972811203,0.7499893065716192,281.3155193775499
17.786876868680995,53.32829374518298,0.7333138504859577,567.7852033032443
24.124956178185425,46.156069106865466,0.7619873183847483,439.79544823941285
15.432473874698717,45.66456748266483,0.8913444031467144,161.8371032779479
13.352940381301737,45.86555917357126,0.8090786675469659,359.01349491245776
38.75150342348871,39.193059026674916,0.8115645300816484,811.958391947318
27.24540558781899,31.9760316711952,0.9296617919995046,645.856728860954
1.3346479951683214,21.266739318466982,0.7718192610172656,290.9280960446808
0.0,43.641252793514404,0.928651887813948,109.69262799568625
20.881072877572894,8.234534019005235,0.8919864279255068,152.45676310501355
16.594834098383174,27.701119865882372,0.755287433554356,260.57930617751356
0.0,37.440554575601986,0.9152476093072011,944.9724292657593
30.785573892481008,21.0159314055991,0.8795499635966839,108.9445376202008
4.54549394450005,42.04835712256393,0.7076785389472655,651.9843643777252
33.007104367843596,51.12907839948998,0.9258289179564425,710.5137814039581
15.305855138974888,56.63929370769069,0.849670113920275,934.4145491125067
0.0,45.08623443848692,0.9048921583724495,391.29050657364195
12.772608470831159,35.624832870214476,0.7564651826686202,908.1535565926472
31.679711510010268,22.781588127405115,0.7038976064542146,863.7721030287835
15.234848243735563,15.331624864193335,0.9141320046600688,245.47960980979303
16.90696890043969,47.851133620267895,0.7472754682521496,983.8415324416891
4.765513645592532,32.1672676285466,0.865275338946338,490.71896134432603
29.667683546560134,50.348564173809145,0.7392256804882017,580.0553079200117
0.0,30.03103320990802,0.7818949069578328,801.8001854180409
23.429783323231835,55.78894093429371,0.798044771982229,708.2301766985247
9.220800423509141,32.67328177429102,0.7080121699277875,632.7604856383889
27.454990977045565,56.420736088655524,0.9087165896027302,635.8458629390061
15.832986785573299,9.677808093474761,0.8863025798828262,958.3536454499541
6.8335094514360515,56.281821429917585,0.7715761893205395,309.8394271916181
32.78778816709174,14.670132526660828,0.8488589963114948,582.2623931579936
35.99069357840831,26.79511699998126,0.8704070321613409,992.670389930322
24.954563543369268,23.968045293353512,0.7907068346121342,399.87630769111104
3.335418243616893,58.42209508912018,0.7978480637847447,99.7700327119824
25.466345050502134,45.745610794574716,0.8108944590758385,249.95465463594104
4.377590011509494,37.83486940314129,0.7735387527390017,712.0330786388364
17.64759799618606,39.77405502554545,0.949970124357133,313.45273343173
14.779086309338316,6.963476650203969,0.8221908714583034,72.74266000633321
9.985745232250341,7.339396662624981,0.7807135584240067,245.56386104103217
9.044261921710786,32.139222156012636,0.8268378947180561,708.0074664632506
11.844560705400333,41.24199599867741,0.819950095945254,842.4878011208195
36.52821189188366,6.459837580594481,0.7889076848105503,361.5846234521182
13.776813666488952,46.49458135835415,0.7745614933523363,155.57012945227027
36.28939577621298,30.67806914901987,0.805229032253008,123.73185230355311
29.901946818297013,12.561078731451934,0.7435971491786812,367.2165266146596
16.5075723278359,29.49865707360901,0.8339196804532487,857.6721546509767
9.516476807505702,11.763111183592812,0.8487449543936815,657.845905654055
38.09933394853574,7.09319573081343,0.8304390953605527,95.93022449762287
38.395917309471784,12.72893113577239,0.8188071725290134,732.8298201971154
38.83083958964836,42.59371091087724,0.9491909996005515,89.80132279418683
31.74543615698396,10.651459171095958,0.7697168416087417,626.9025404921014
22.61535199312583,10.040204679279487,0.9333671076511838,398.7004676207917
12.900616862075017,9.39626188242052,0.7627159169909887,895.949408248083
5.31439062046931,18.571751125510932,0.7171754293626494,834.4404309116017
34.13056513105213,12.39601518804665,0.8391672697550436,380.26807348053984
39.800537722602414,45.47844099447914,0.8129003830722685,52.65134085968441
5.637787521306756,12.424466190270845,0.8946241583273029,600.44546338131
19.697496400550268,8.92329138732311,0.7558563469761828,286.92293687904515
25.16689496488832,28.794710298788313,0.7284431428505258,583.6880166999529
36.83694322237376,43.95869706348948,0.7354671775879673,78.61427828584769
0.5328851910568545,5.218732359072772,0.8646040797106097,719.3987144258437
25.898804915326835,57.051688252401455,0.8096107017140942,237.27137970451992
0.0,5.253118807598388,0.7971301497167123,160.03481918308336
27.36306653733612,40.30471333275654,0.8654532024845353,354.9873137787227
21.83164993894063,17.571865805406777,0.9189767325922484,805.7594126983142
30.676645432573913,53.29459235057197,0.8758656809274156,892.5167245763546
23.579650158934495,21.156601366368697,0.7087733013756451,781.9998497312366
2.670939615603194,18.11648736125965,0.7332526662498544,397.73311832197004
5.34946594527257,29.787444425867786,0.8781512708932205,597.9198552595935
6.106501425269524,10.957179881328484,0.7205187238288173,718.8409999514638
21.137665573871743,14.850804462649903,0.943978130494638,384.6179484476777
0.0,23.896541856266175,0.858474510014744,873.250735740782
0.24360151975047087,45.06743137790802,0.8713356547408524,462.9140583106572
17.506334522479523,57.82198793425199,0.7521545308592648,819.717902720682
23.385931503207477,40.69263664594865,0.7606946619052487,600.8065007655803
0.0,18.305899895288253,0.7608899208155401,148.82140063514598
4.2703306414523,44.17023133107663,0.8626375377114581,754.1874335535019
0.4902411111190455,55.44757122810229,0.7843935299519729,706.3436911933146
15.480431787935286,30.4769411255935,0.7884341464240532,212.35194749028918
13.220567407215121,12.470618378947758,0.7582559007324641,204.9159854365594
21.83031244640265,14.91046658308021,0.71588582969669,257.5353790149809
19.147155738474446,29.80685200809738,0.9352881941755667,328.78420080221514
5.40550644679559,48.223651326450394,0.7448895475133359,463.7344586818804
3.6587178782291234,33.47079726899105,0.8543020484782644,926.4851129606282
30.203301613395773,27.024803385018586,0.7636609255520308,366.9112113716437
18.543042966274996,6.644135378044087,0.7924040421647192,863.9191447301947
11.342078711227467,21.557036680019422,0.9318461222103416,320.13289400441306
2.9419533332270618,10.790417513015115,0.7345904082912221,805.741421201353
0.2814589127799614,32.67744809840037,0.7110934509259126,985.0395056151278
27.690304768599294,39.2742328952458,0.7168911734054182,750.2567830665272
36.8468306245763,34.9763730509569,0.7116087122416893,128.48143678867467
7.4431077022203755,38.9136768732765,0.8482626984151739,117.76728606834212
9.98097456865364,23.12994660474377,0.9308866722981763,923.6914047168663
6.833080552366183,50.18964192971262,0.7910592536990477,952.0313883011451
39.74393730113662,23.51513562819178,0.8249570641190117,734.1472526318861
29.72604307412756,21.33889684082686,0.7813219506245029,628.6430064802128
25.616904675854467,26.93894951371371,0.8826508094592579,480.809755116457
32.027311425252954,9.062591183354376,0.9485521723249615,120.03783678889725
27.770508048182702,5.215912093633185,0.7427762620754941,586.6118785071116
0.0,45.764536877443454,0.8444206043808797,928.658233071135
9.046220741618495,42.954285305453695,0.8085458435917603,568.1595413324724
0.0,20.908585565005,0.7707269030388701,915.9582513125914
6.584023639425937,40.142696042991126,0.9431111313371001,815.0932942678471
3.6377639653903313,10.020893431907943,0.7548343984084582,898.6633646589031
10.104468575936085,37.99830637469476,0.7626369683618457,532.2435261443954
31.629765992147956,28.034111098087866,0.7563421035704883,372.96702842494585
0.0,47.950828709739255,0.7017825464457446,455.30179926949194
5.237371218215618,18.179316209104154,0.8819424091746205,504.14735745160925
4.76989715511897,6.2559753526539605,0.7139677437429109,762.5569522854705
34.021844127650084,43.67389331300913,0.7848990655785477,830.1962651419807
30.961011853555622,26.509201164987168,0.9059853621339975,161.13518673292518
3.232415077756012,26.475917693953892,0.8816433501343934,395.5738100667226
9.547230366569675,30.218736714972284,0.8875428477453962,475.0196400217511
4.040892604198408,12.293335976937362,0.9456240021583316,780.8858208730671
16.860651081185758,24.003285507089533,0.83647701847701,162.0303068559603
1.489172523464071,58.461398224315744,0.7406731766466632,793.2835009383108
0.0,50.19779037401262,0.9193422963379665,359.07784993083783
18.5079027024492,29.737152275912237,0.9020005497916213,421.1496870071749
25.744715067975942,9.202554778833601,0.8810093491896842,771.3358528550168
0.0,32.490194369911755,0.7401737155023047,857.0876976276228
29.426234999548367,44.567266905893916,0.9228384653200832,702.5183475496084
3.3725389020035905,19.095045273294787,0.7122630697179477,662.2234854648997
1.5999736291778617,24.5390357255723,0.8697441892923096,866.513158006792
2.0830621035377335,18.252040878328575,0.7742262539004813,995.9047638831574
22.304912246911197,34.262756585681295,0.7002288430040757,543.7268682458929
3.4525623155419862,14.37250108488283,0.8323768247210062,256.92579188304273
15.500919070360057,43.79502309435474,0.7108936685453467,188.57630817722918
1.3292476559166342,29.94010247910647,0.7654661180608027,909.6072428663695
7.2312435784536655,28.383745018903788,0.7081625584689256,260.11925197924575
28.15025738252686,43.812971689755564,0.7014263641462075,713.7868002270077
0.15380989354082686,55.25094979400709,0.9289704716823988,897.078851824257
18.145973937434864,40.29036737686779,0.9213203203729519,461.6935449982042
30.30196786571137,31.374694349057815,0.8191781293765434,564.3690674295352
8.553694728786883,58.12924674482483,0.8786809975567323,69.3546243949369
35.16164165879897,28.822983012150093,0.9194926480098203,48.211876860537615
6.174468010384564,52.382421784450784,0.7343391928335681,900.7262886352016
11.447504193210479,12.300014476799989,0.8538800748646282,481.45112922613754
7.503428930769882,21.832009585405423,0.8098805053208297,116.06343633821858
5.770217763978125,17.097967833700725,0.8035007197415084,378.16103009407067
28.480957964150956,28.889523229138316,0.7953630446958437,793.3602116170683
38.89010245727035,36.612912037299886,0.9122503161471779,992.5991315190698
37.70815135581017,38.74453795226713,0.7034361767563825,677.1179981409472
33.574454493866114,19.184719796388155,0.8214881341025955,833.529606862761
0.0,43.32699557370351,0.7636557296608273,874.3122902854935
0.0,34.39720552131171,0.8415378796415176,308.98947002755995
16.11064273845506,56.62240803838828,0.8218132747760315,506.1694420338745
5.721313010023405,27.769034979940553,0.8447520160593615,129.9679532845994
0.0,42.33079088461851,0.8016749694037054,293.6468213630477
25.266836566751728,53.22888250035564,0.8755096272221494,417.1755730870108
17.59701849522421,29.60494110130459,0.7206338181074334,748.8672750549467
11.062339644872427,29.23633919164858,0.8238279459419298,554.2969766201851
9.316186011088046,41.28665205660926,0.7526817118885063,264.01980196179943
30.365938012154878,38.85888121087536,0.8376233410904522,940.8988127725194
17.540341203023594,28.35642702981175,0.8165133769807991,301.0754301319714
27.223307737211837,40.71373900561503,0.9415784214171907,94.29299028376327
15.97738032688457,38.985996164220865,0.769594140265576,683.299853862164
0.0,46.68109902063669,0.7796123306903568,388.8090821549468
25.395831784789614,22.285452830816542,0.8040520899712567,166.28350676308526
7.046020674540413,11.226263198445881,0.9333355857069859,519.2426402854038
25.91334631051395,11.442437362804453,0.9195282113238078,699.9675980627276
25.88027064031923,31.71729203525671,0.742240625576337,680.1542572066201
37.256301199339,41.323696266886486,0.9151531876605219,921.2424539269167
3.1302154318062647,58.00799659212942,0.8478670059112134,605.4835718284318
28.294394919576277,20.705776563303274,0.7616432991137377,528.6425726475112
26.27305103794798,42.462503931817714,0.7765029115661334,68.36283272882358
28.677957255414423,32.15207334416962,0.8539537642170235,973.1335736799883
38.691014817710695,34.15690135766512,0.8918464872492318,949.5174017464321
25.804959948568406,15.018092048055163,0.8468330987903667,968.373824957806
7.841823695736087,48.627065228844,0.9247099760995616,892.4253209575814
35.489680322179744,5.2184929210664075,0.7086767808768196,954.3363819928206
17.9009203659313,45.64870782699551,0.7761094468279288,682.4307159662967
9.611640456078748,35.20629397004147,0.7212123519993154,141.0141090800641
32.15337806135575,41.146722061332106,0.8443317053578334,465.51292545668065
6.654227461078616,51.70918966114142,0.758496430044162,578.6758007522452
39.865318471489,20.531994981522068,0.866796410447611,86.85701904178632
39.094435693188814,20.51775793792981,0.798401553611521,479.10432310410084
37.45836270402715,11.318483812740213,0.78624780506051,433.56632055571805
11.600769791893601,53.970439609848334,0.7115774811400161,246.037008318662
1.789084429303249,40.413420144845546,0.8864589060544272,379.9648132642889
21.711790078394895,36.934065328293244,0.7773339190282873,780.6699135756481
5.688014491565258,48.264429332481804,0.9376310112518633,963.5608510242729
10.89141147906447,23.413237665326957,0.9057109992780086,575.2732989637442
3.49319699305045,25.295753032609465,0.7448872924909042,560.0264344315123
25.975989491932893,32.84914140341165,0.7789974961108612,210.4969244437188
11.478448460937736,54.893864980579096,0.7725106773930998,390.5930005926046
26.609594049843423,43.86875201414946,0.9082841828291408,815.3272747199438
25.26135323224685,40.43742842150367,0.7911819385733896,296.8834837132014
39.378882563798335,28.331837662414994,0.8323535409960078,454.5066569985087
16.69112574851559,52.62718670524307,0.9222612542709652,903.8788160590557
27.515917527818097,19.347325967040433,0.7828589469150616,730.2993613375615
13.759118285868194,30.75003348960724,0.7165990262981231,343.3513580040074
5.800267797793862,51.57550523472719,0.8928619605837285,165.58271178261532
5.966770805302037,38.768164971358814,0.8844284605932928,590.0438300251009
21.356914827183015,11.604890538589565,0.8253550648303751,838.7487297880296
31.171484794271628,50.474176367794016,0.7471189263587106,801.4269622253707
1.5967468251053596,48.3161901808153,0.7790591222764336,108.60917417182878
30.212151313463373,28.29646617024131,0.9137821887125008,360.50984182677064
26.62618535041606,39.72984265355684,0.7967780034540182,899.3420033405148
27.30404559423293,28.74840982679877,0.8933559800496953,967.9719211818184
4.82117646254906,11.685652681016851,0.7085140653148742,325.13704683213984
37.06739898546466,38.92003215941784,0.8419426045023262,747.1297320867714
30.910333498163762,27.894067740758803,0.9494460187250159,934.4448117671304
19.317261553831866,11.570542180676885,0.776415689199531,390.65446280019165
31.88155821907611,26.184656880810394,0.8619169157980231,616.1950702724515
25.93622858891485,17.681201860205846,0.7551698394578676,203.5370901870634
37.31804504180109,52.92999391402028,0.9146707542523131,816.7675063724288
7.448938121362697,26.562379235962897,0.7232155807715572,298.4227300424359
0.0,5.473093939606505,0.8874664659373995,599.1582215874791
1.0696397423249937,41.391211774581144,0.7254029407698052,962.7812223475521
30.03415837724,22.757009263572762,0.7374488747183787,749.1782842241887
0.0,11.088932587069486,0.8629754894879598,665.4608303474092
33.87624753790812,16.445558939831358,0.7266317782535499,459.03699396976555
20.028749997451012,18.21771968016158,0.7247511445436541,630.0060035614226
0.0,11.742230100134135,0.7924106007634923,252.6922154568538
36.5524023218924,49.20318050267328,0.9483122131263677,659.4929685901587
22.809048260143186,57.83511632067216,0.7488551956041941,518.34726600081
3.6080115920197553,56.788701545303326,0.7198953585356662,987.0237783304974
6.659601190231136,6.108061529587134,0.7797752206644641,726.131582904153
17.562595158270195,13.522857509703046,0.9071591222681157,147.83341941205404
0.0,57.10289820358768,0.7784098806971735,77.07793340624193
6.783443056998578,6.72859627537312,0.9261311073203253,325.60497234634755
33.43899870302276,38.3701852224081,0.9424828261863938,729.6785385507662
38.836535209417306,42.261652258635735,0.8529632256637492,744.2864263843584
0.0,42.876807180158124,0.8563638393837786,501.8731676546102
12.086815786275366,32.15292125352273,0.8314434010082685,206.38023174537264
7.425368039126618,24.01588817962502,0.8572154757894269,870.5206991859482
38.159405687942034,21.96249962357742,0.9098480185267908,750.0270626159644
6.939043620159157,25.49046261120331,0.781317683060512,261.9069630887245
12.49018711069399,19.64781539128288,0.8314585672523784,244.5086133789041
37.1355920427657,52.97231592927608,0.9451643395628633,58.757799621106095
12.37269138782906,29.61355937404054,0.8669103684410895,377.67179359585464
25.640693436586407,27.390293818816676,0.7067150428136955,979.0934847224611
19.247705382037175,25.904291544533088,0.9114217611783701,343.7506203187812
10.904849525133056,5.839776504923747,0.9126544774071894,91.92314004740112
24.843363059948363,23.317589709558092,0.7756545366763914,229.0565489600584
8.76912414042601,44.638049015696446,0.9272369611864908,316.0807160431425
37.57938614999824,5.608359442832783,0.7775715471938138,163.17979345835514
33.42738341215129,31.40140255285148,0.8676258393082745,535.7364007015806
39.025683914649214,59.9966300834679,0.7564202325457277,897.4027018340622
29.546068440574366,13.56372133779348,0.8953072179602894,570.537651609908
12.411022349553852,51.68026887446592,0.8245215732376782,543.1995753131775
15.583967319837292,39.60258577472639,0.8672883552428231,142.18968742830697
16.613344540898034,44.58071571286315,0.9152506782536721,907.5862476604821
16.641155959879747,27.3448397047793,0.9213145136871341,482.98670802170284
23.999963144325882,45.32470371670674,0.7840695410985826,479.30364546990995
6.935096794509003,58.215662170681505,0.8312143561102342,81.80486938516285
39.256328580873614,11.821291043224589,0.7930747201690601,126.34673612751979
0.0,42.99208588513502,0.8965969210967148,652.8117008292772
14.986793484498639,18.998891205383195,0.9380274030291562,336.7167769415733
3.4922020827352536,14.223747090510917,0.7133490322441352,290.10366295348706
39.12128105422539,58.15975235203748,0.8488792774124687,57.38610122623285
28.098364545309366,21.008936557741734,0.7029401239799131,973.2224521690966
39.79796082688473,43.067098253570855,0.820478303536442,834.7388956079794
4.647870713205708,53.52947483752507,0.833646581730932,601.4554670584994
10.289528575057263,21.422910894412976,0.7447542831043328,827.6771524765796
38.61343429482048,35.81871285106028,0.7578427098327272,354.65336471576137
16.50739986708227,50.850204725119575,0.948504326689207,379.33562046063
0.0,14.218633409948612,0.7600816792777112,286.0826686932234
27.779156905187154,54.554737578344714,0.9310993341652403,497.52437358259425
8.66627015582997,34.56855673806288,0.7471105526572386,937.7924274661051
23.49618622834889,34.22358566097058,0.8689732787215294,743.3589259054916
0.0,12.88125566306683,0.7605067515879673,172.98255648762947
20.49831043394811,52.53466900469372,0.9299775002193844,691.5454628314677
16.220547008478643,55.7846481149058,0.9343610133066159,512.4201768318206
33.82023013718239,27.967250988759965,0.8953785999304774,567.133720132041
0.0,17.3118085980851,0.8546994976360909,505.04133295931524
7.608648043624272,50.369224861236724,0.9369214876232858,306.1659169422891
12.523389807363076,52.722900034744974,0.7434806159161556,183.5838514089209
12.451126361203816,19.42529781243916,0.7872923238286204,830.3175110901838
0.556986579127264,12.230956939291339,0.7053461006825614,958.5944178434587
37.982887068978144,37.27177826937975,0.8556199664397802,899.8241220980141
22.10448476978973,9.795355551427276,0.7415134984781495,826.2393924944239
17.796616791677565,8.439283565443567,0.8241887766206388,502.23834847355715
37.4854616773489,37.844304373686434,0.8127124868798543,467.0544590070713
29.07481298714297,24.868870533737933,0.8322303543149214,271.97339604489446
13.589259370971654,19.45407765515201,0.8869685236621945,659.4572610735916
3.0073126031743636,12.404403943194652,0.7127087909810562,664.0331196374289
11.935757366653434,52.417879024918605,0.8961401088521074,545.6113326314224
21.398292213995582,18.68093895268528,0.9198794515538893,560.2686638473716
3.7331691099344417,55.35524838194897,0.7524145306263058,636.4110640585494
8.328192687726641,26.603005039129272,0.9341378539457069,459.90842310942145
1.2427768677127058,36.60725301854075,0.7497796230997429,840.7053511094421
13.90241816454854,8.1982393508833,0.7745962872107254,108.53401518683899
25.815827634451846,19.900057483698347,0.9188381231642222,720.9567733207507
8.191213756209342,6.231282583729033,0.722754113188827,721.6373199641727
26.969259965405023,46.251438988856016,0.7320261957572156,553.2637852672167
15.381043317157765,19.24998333076294,0.7024570219168422,852.861993312488
30.197280223279034,24.97124667010502,0.8091758864506639,520.087139419538
15.224142222898628,53.90094252460553,0.8041876365592936,101.59415586998546
26.189002360107068,57.45259533351649,0.8121428323246456,78.12851296361981
21.365077528922242,35.879399072043434,0.7248290573712881,478.13166016217656
15.754460101657507,46.90397886224626,0.8740618148123327,772.3495827115986
30.183956473199633,46.804195287939784,0.8312137618411035,860.4740954592683
2.4533612333480677,44.9888159240212,0.8606062778832878,390.20204355546485
16.688370288239295,5.60734071971029,0.9374219662575591,789.0724445295982
25.55301977021854,13.815515265182782,0.8496344186419278,942.6958687096295
0.0,49.90957222794738,0.841042128071017,606.7751036414572
9.650971513979263,45.324827129492334,0.7534369069672217,478.93591461600647
37.73058115894352,32.32387242762948,0.8715073776878195,638.6840304242136
16.736097503883993,17.915027246760662,0.7941418194155854,137.87732232597608
0.0,43.568213065289974,0.7076121119386583,620.4559431854823
2.056152512877291,54.159390821142225,0.8556130495707822,161.42475399435233
39.76858437546761,41.98723540537878,0.9082493289032842,265.0649479758047
13.59441145165663,44.589699135259124,0.8595771586612859,250.00830775225327
0.0,38.67134745596662,0.7142717405814023,474.11497688959975
4.461329963866511,17.55468540803929,0.718859386295094,963.0908089463611
33.61994529177901,38.632841281510736,0.8383889107075511,472.63565471520457
39.76496026755336,9.045250533082788,0.935756229973607,720.8106989039807
17.22493420289137,29.776590392562547,0.8002668350075609,335.7389037158755
33.61137890040351,53.19014401678427,0.7002122176177178,873.6239954977056
22.94555609128417,12.634674888871455,0.900569834021169,948.4848287037281
29.687859935164944,49.20970168893107,0.7002986357027112,884.3194332499071
11.417476588218003,19.171463690059007,0.7348938170749509,712.8930740059899
28.608205758606093,28.32725649466315,0.8221489524309054,502.6890911386603
17.3791345351855,17.487366553016845,0.9016884542219745,738.0845840041464
16.033369577752968,14.599474418215,0.8105976555695811,313.48531277205245
19.03001155624239,5.973827861913988,0.7334957527793364,231.25994674627347
35.3898915316,15.181068433881828,0.7643825976503466,459.5794980308799
34.78356892900515,9.069212688658775,0.8002652158353756,87.39402676237478
8.961961408870394,21.296099031514505,0.8380707719866558,626.127617291288
36.05169206055288,6.06659507125645,0.8506322539748595,933.565334959811
35.464617484178326,49.50689813141428,0.7065675251101476,830.5504391990158
21.168546045042042,58.97993762501098,0.7941756967457764,840.7674893000938
20.621573829010075,57.41115658402912,0.8231186235491391,465.3641371227184
0.8040272726409242,50.37132993072116,0.7536867510033641,864.6491168683808
11.75368916225767,56.01850331817556,0.8131439605995211,257.4130832997611
0.0,16.15341425338826,0.7997984836096326,200.96523045305517
22.819855662504633,8.248733008169676,0.7186996111761594,535.1462771163942
0.5241539077424694,53.39814744087369,0.8091662389085246,140.07863134206173
1.4223776683482414,33.17811751510846,0.882339948312586,251.87208517987085
3.7413466641608353,31.78514265479405,0.7068369124649354,890.4087010580574
18.904068741582,27.017519974041168,0.7814025181777733,488.7213733552952
17.57777946578711,26.71232231267821,0.7926505152798463,358.57935755899126
27.388362943221125,53.81152715827077,0.7458723312599964,163.9398025968373
29.910139952221172,15.047538090116152,0.8773873598185157,109.61245981160062
8.761925413939798,33.45712765269936,0.7228120234651952,432.0210879879302
0.8534007521427854,16.87705591513535,0.8609394157023275,575.851650590412
27.350449957242674,10.2557255898198,0.7145876968540973,862.3788596138957
0.0,9.91204793814111,0.7134375354009885,76.81995111829164
30.36530731364835,10.992258675335474,0.7190943245069421,911.5379840164301
17.489670863247895,25.388449734289757,0.8994134702474719,738.498559980549
17.90160880324058,35.20883375312953,0.7947132186228165,78.65563212487722
30.625686939228252,14.696614824205898,0.7626004775496504,352.4749288426845
9.067447116228912,39.22824264388121,0.7454887581141776,389.3343341391784
22.509677584151017,47.71505928217606,0.8573305427423281,279.11758994375487
1.8155869941647735,51.22911096354794,0.812472838936574,526.8581370102903
18.634136512773374,11.532974991415028,0.9373813404965443,676.1008330687448
30.97392137931019,15.185597378930716,0.7484511931586739,718.4477924246737
5.796470540267969,47.723332871947086,0.8503166534492279,491.68066089092144
19.38886455183944,56.12258731216145,0.7631527605746102,811.3783927871073
25.283943256956178,17.77646472886937,0.7669553271174193,576.2810948791134
34.124505859976935,25.64170498872312,0.9099525614023078,650.3966557951104
13.025395478516554,15.087760039534913,0.8249081157258324,268.62988134981543
22.47703670749636,16.78978229936108,0.783930483374348,885.5798844929745
18.490735868068988,29.912321477737084,0.9021110076727046,568.6077913049282
23.843178083996747,44.483794989289485,0.706379558214213,984.9400031719882
3.9932285992703456,50.458928461745444,0.922388200709389,517.7551179598235
5.132291168444088,56.911641783830376,0.7038817434322019,142.282637555504
9.784220934903951,13.834105404845152,0.9321638408996882,619.3301898378171
18.30817568970264,15.222167299270904,0.8087783177345509,451.09289305089396
4.852403793000706,9.152062185817353,0.9293940083744359,675.4097843653199
7.459942074767837,6.540036990920876,0.7650309443653867,721.3887046714726
37.640026790859814,19.7013697993138,0.7475590761387608,834.2710498465525
34.68247388542016,28.91481747276674,0.8996457055226081,368.4124085230686
0.9510452978542758,56.25000437617147,0.9406924918025521,827.0006449689231
10.095608043075313,53.40185117676878,0.787715601583868,987.8044284377762
14.262190909061355,23.506280559235073,0.8970660149253712,995.991187130016
0.0,44.879822328888196,0.896668345155256,187.76905430593393
38.56171860394812,33.87448550348348,0.9094611473277067,753.9891871407634
25.384088781351803,14.245463106587415,0.9362635178316518,887.4607737697763
25.07094830358192,38.52936145136399,0.8280205504072553,204.2202823998622
11.755251126320614,50.588871336157965,0.7780017896756743,586.4833160769681
35.52373248151593,19.89970636313408,0.8438675931093248,443.0451627824149
35.96659036443164,21.100633606999754,0.7709850035371824,791.5623518861614
20.746367503520634,44.34813469659428,0.8420813299710396,315.6356428647139
16.722367938129015,31.039972001686166,0.8226512118436958,287.265462481236
27.08315143966178,8.57071639639631,0.7817425333145502,159.70873967984517
10.786590857972365,46.11144693219406,0.9474798508507492,315.63022259670805
14.19734244588523,12.110044625596197,0.9260439289991266,504.43555507102235
36.32491315910093,9.51681771479756,0.8790830171432011,209.6108467296077
2.818546384540187,30.81881824814455,0.9327410022165912,387.65967388726995
5.800741343998156,42.79186647145251,0.9276816895218823,452.84954865468114
0.0,55.84399211745119,0.823037721675724,850.4956306819079
17.3270735945395,5.810160506786184,0.735281107687794,875.190807797716
11.611920707096584,7.31870644494251,0.9468541101703378,69.07654327768995
30.94213923244508,48.62374217949218,0.8153769229522299,850.5086491782263
24.125456617416507,49.09969254953679,0.7696076829701508,824.0437464064871
0.0,41.50133760241422,0.7208154050180843,634.6609790268107
35.14993956673968,39.74015815760826,0.8833111236414857,696.0628854947786
3.6262502736500752,58.096153041589794,0.7332071473050411,634.40515539931
23.833924121794016,5.524371997913112,0.8036986708346326,731.1990887893587
27.068119554810828,27.204816996578444,0.8028823110733481,261.3959555899807
18.31953812297288,20.961420406042656,0.829245467273134,363.1661841912156
37.18648715952544,57.858290166369166,0.913796835709091,425.16371846642465
37.91008679166257,33.32405706960417,0.7736012217246588,81.09242401719605
3.353997296617352,36.784312564028475,0.8322430167520334,558.6589127383048
13.626733977055352,54.598726745942145,0.824876823757749,276.52990523977456
0.0,51.10650791289699,0.7791284067881716,260.91170779986504
2.7391449036416344,16.180690564739773,0.8373533123982848,192.10749858367996
28.59384905570323,18.311308723503988,0.7681899342305545,688.7013934130839
39.681800556591945,46.91472613419876,0.8723069121041027,919.4246592271891
18.422678290177124,56.86148711296165,0.9085226033883835,456.72514908345266
33.68152321934229,13.200893345137562,0.723772877608923,936.096288139798
25.32897692699356,34.1350256984369,0.8284730702586085,145.5455948806775
0.0,34.90578004466721,0.7170035099637547,465.36734540465375
32.7939921262623,34.12917220503876,0.7658212421594437,956.4328329129277
13.649330109695144,42.91612961806332,0.788655309393808,140.65144428887368
13.160110298101982,49.289034714510436,0.8218206307320078,743.388053430977
37.57847872528011,49.50522784671532,0.714842953514653,436.1035851231187
0.5793834132188188,5.703076063170666,0.9099426831542428,244.47710973395021
39.38307718476688,50.61947996125748,0.8078143907666834,218.83028850989294
18.604752799228553,24.798886571074437,0.9352405737480104,301.68140912507823
32.2507616218073,14.432342814613229,0.7677084720565001,905.383752690391
32.28008021816899,5.745252843932553,0.815091288171304,636.9702401943186
0.0,49.002643367414294,0.8864029354781708,391.70071362214804
21.293595158918666,32.36598594417137,0.7935866235045104,764.8311176714683
34.36588178482331,13.051944253513419,0.7693868879987494,790.1570475759146
18.509050278636103,25.642606792275956,0.9459798141957506,99.18078191392546
1.6487690556606467,41.7205399279996,0.8889172876949871,783.0922392911045
16.41470475949959,28.324509993195953,0.729212230377002,344.50273250009866
26.322175237805393,28.66310674146557,0.8311649003706392,674.7557937457997
34.48853241995877,12.395302888622565,0.9478790770109888,891.4842280181364
14.752317846198958,52.800247102279165,0.7054949793705518,983.4749466100805
38.42109247918891,33.517779360171225,0.7499783917472547,832.0435555102326
5.386464002985739,13.03266675799115,0.8652247961571828,356.0788168775324
31.61928461838677,8.043201080520868,0.823993473876024,131.19214787260645
38.15267713995751,12.768325715706208,0.8020247889947925,93.74316179475585
17.546046970792318,45.658715103309994,0.8098653798620985,762.2647398081006
29.778823400014847,40.4693243222769,0.8369897068580663,911.1038019311
2.3025288404859126,42.28897232284532,0.7806129727199427,139.23915230994362
0.7563686856524785,17.852865045163988,0.8735884389336523,204.88333493449045
