region_means,region_thetas,region_zero_probs,region_lengths
17.852492676734233,45.20307231726242,0.9123721916590504,378.1295463849916
38.12856983493917,38.20767157452827,0.7021803229269191,788.2376931137251
25.29590774496814,27.89728819763532,0.7144035834811252,386.86569573628753
7.519549819909258,17.25064362178521,0.7425678200811874,276.1828097106475
1.5613091913762938,43.790366169476336,0.7004032458983137,730.1694854520184
9.11504206064844,47.66822971446624,0.8590202189435272,395.99264709494327
7.1892361920321814,48.3900672490635,0.8574508823167349,140.2994572473831
37.16369210400627,31.818028541060396,0.7263736187514622,267.5490878871754
0.0,44.18009931081454,0.9022517395259055,518.762324738681
29.68067809461617,34.03601251442206,0.9211225140765881,721.3724731071896
12.100115354502147,37.88862499131585,0.7410989427773773,41.48287123179557
1.175391073592963,6.934519741681573,0.874002188299734,883.9483181596318
9.084195826636037,43.659582243097624,0.7521660405571688,797.5521807921824
38.41755552180998,23.317922432683716,0.8092776765872447,200.94128204652307
34.019817123052306,6.878992891158308,0.8314294709992738,678.004155043849
16.120596839137143,34.78721495118005,0.7616873480738493,330.9629672277815
34.978719126319476,6.87358329861167,0.7590639208143447,994.3379392989816
16.68088368741231,11.569059367969563,0.8075157926982156,731.4332221563905
37.45076711345615,48.58317682782069,0.9165357771116741,743.6820666733739
0.0,12.709357480812162,0.9467337166421678,93.74369206435453
39.89091529706589,16.756531927108,0.8077592604621054,681.4357311312235
35.426553978884755,51.90324470858671,0.8529437965324778,43.56292057247771
16.14280149609717,23.355450636669133,0.7445353742082607,323.4346045652395
38.5940604294583,33.924212093655925,0.9179073607791565,825.7767342622149
5.432855832641178,59.19777179806056,0.8720013692121348,202.65111772478323
20.443164464506417,14.656661956379564,0.8197988223807824,369.47712118582353
38.123833123104205,51.63333170953473,0.8099995416460796,53.80434649602094
39.15526962223979,57.778208454309414,0.8456458148411934,560.5835529640941
31.780181972990025,5.834507571092335,0.7579184724418987,754.4729145474242
21.75641340429207,5.788461646688349,0.7722720787332843,519.6650933453903
11.61036501475281,54.93774051431613,0.825140758341474,662.118986054734
32.282834560891274,55.909738284884504,0.803923164780394,573.2447603504737
28.52638996715347,26.299970399528863,0.7007015872707458,768.7638285232237
2.268173391213233,59.03205812549703,0.8729327259484512,904.7687160643134
18.724585101184452,44.000010904728256,0.7338318546202073,790.953375193388
5.230288855450707,45.34396135724274,0.7981048390714498,503.445940815301
0.0,25.614940937211703,0.8063911976631426,363.5838394483803
11.252106695711248,38.996496279838425,0.7773442485400694,46.58525122880054
1.9255503520025343,57.35954270383035,0.8298074970653981,482.9485789259773
0.49752779958240095,14.951216463925048,0.8402809581253986,924.0994008379054
0.0,10.4215994843448,0.8189744267882823,306.07963874453446
38.00273959957896,6.1612422497461266,0.7361266930458543,154.42834936596213
13.714824369299992,19.675242468922608,0.8275834526155245,419.32010356964145
4.182994879178496,43.64050011189464,0.7052033326002007,993.413359295016
14.088565268292482,13.267850198815061,0.789397666451295,80.87265432413261
3.906701589644135,26.5777238476036,0.8146736173861782,631.2582859761492
6.21427656321409,33.964989676176394,0.8536251398745356,331.56366774718225
0.0,9.790941179107703,0.7981823615247412,869.7945461630743
24.502521027898673,40.54781284806211,0.8156520492918667,992.7669485571533
36.16772139332755,17.403730696419686,0.7725407431776661,376.4485170366964
37.52782668181926,8.068976415554399,0.8258059310404992,550.3750155521535
19.618982649481953,29.195138132205038,0.8452332975688711,578.4413364418309
1.5922586925192799,50.67150325668177,0.7394875387083049,846.16745176995
16.119029404315548,20.478473038630945,0.9429842352769475,645.9814904283726
38.26874115446345,55.4591349347228,0.8921515306154838,549.7542009290385
18.03668970922019,10.0797240677406,0.7614225757355244,94.05533393937965
4.8204967974375075,50.520425077727566,0.8387098635009147,990.5283861798081
8.830168236560073,33.66444444735275,0.7262107753854274,614.2842104573239
15.966491247334801,45.05715398104904,0.8166101048792818,714.7116881578256
3.111859107387123,13.535625446668472,0.8569701160144377,311.6237118514965
8.92415255273654,22.60185853770717,0.7005375906586013,418.38174279868423
32.86162731007005,57.98734888498399,0.8691430993344321,128.54706600974555
14.511846835664873,28.712570642883847,0.9485815007862537,113.89550858864148
23.33656543608763,50.04629887011353,0.8641320503957317,442.24958648996096
2.65361693706107,59.181342256397514,0.9330977934162125,311.5822077416277
7.175604677969585,15.999534780286925,0.8004580462011361,712.5525208554611
7.153574708910891,31.642118678860353,0.8175717650236113,429.9564885343374
30.47466094016845,21.371688722241785,0.7168953273804703,913.6914268495648
30.64741634997601,40.10319947864804,0.9266768590744442,711.8548451297256
6.544897272907943,14.900679206107029,0.9338293945037422,372.79143932480133
21.42139704177769,43.67451496901104,0.7876797119929453,913.7801961176424
32.48176595084371,42.631148680201136,0.8659135729616826,582.4371695899041
1.3197324659409193,5.6243661505039,0.8643413935276619,78.09690862974314
11.176532555288766,12.033105808417714,0.9375655355368828,592.518603448978
33.6682597997132,16.345714648224632,0.9043872547377004,718.2645719088158
39.67412134078405,40.18724152093895,0.7640391820307115,971.7503716838153
1.914652558991873,59.79472263967591,0.772225476732995,820.7126267369671
0.0,53.25238050316254,0.7020555606405388,536.9422218560189
2.0130124517165244,19.653466340404716,0.730813327222025,924.1161657680627
0.0,24.136821349068263,0.7000724011998622,980.7226818685366
6.642458514811503,39.366470450285696,0.906098945821444,370.95090541500076
12.113374560313847,53.357111044988606,0.8470354461745011,289.92396319123594
19.291926336001826,55.811027584451324,0.8909031193292862,354.4301721496829
35.07962215132399,55.91237090021737,0.9322858276383734,479.4528126980624
33.96074383936832,27.493345373383395,0.9296945260701115,244.05946343578273
11.769400575622587,52.089055240656315,0.7908553523634941,678.1070377842535
33.09742261429746,32.45638444154621,0.7991157860544295,945.4979743269328
28.502237470184227,47.31968076653692,0.7906543814539188,694.2229860389092
20.95771628743736,18.741311871449895,0.8257016227801373,333.57928070495393
27.374115287812796,34.6696286042068,0.794297432251636,880.3785701074439
6.044630237823074,27.791247815156833,0.8303491623366177,557.138984031411
26.517886068183373,58.44986419295108,0.9342101311742219,297.19082766158544
35.16058155549224,53.150570465051004,0.7617773748092749,937.6410759369347
27.28411755157147,25.051666796178125,0.746363661695852,519.6209128069938
12.975924269830303,7.221986937191031,0.7426562649184001,659.8848427395321
14.868024503224111,28.332057730218924,0.8798488048098299,874.2437752779857
1.0681220703725693,39.254146803968204,0.7447264033414294,774.6328014943351
27.23591095364577,23.63220779824031,0.8180524194699876,530.0791077790484
15.37146517672895,13.623300352322948,0.7911855715632666,441.9060974161765
16.601608063506326,45.41218361196407,0.7551337816467434,918.2007588478959
27.604109902771153,39.36149424153104,0.9105913955193567,859.7920530077375
23.47800104049135,5.829908687224055,0.8242972914227109,639.9718137351796
33.630093899077046,19.14450720067178,0.9333955084643384,594.8334077524273
26.544156812941836,29.641055855220703,0.8038062046378364,438.0871986043125
14.496823015602747,51.32891075395785,0.8523434508982843,267.4747025476029
0.0,53.77499424682562,0.8019601372306007,683.5337347301349
32.01206401913817,30.448485542938577,0.7605437327747683,296.6068300637288
25.264449284057488,17.467079299566887,0.9246219990879998,176.22299318668271
25.523588448957774,18.86431590551543,0.7162844102088238,886.0507289023983
13.937628718853421,55.946767678570495,0.7561417646483284,730.9821571192573
22.083828156945092,12.287389535215528,0.841433486223162,422.8218274646763
32.841086313098856,10.670833489271049,0.7622075223660507,210.00522468666594
22.416693998459085,30.564225409800052,0.7638173759625393,770.9625585264123
29.468600718489323,47.74230746533155,0.9027299707238784,109.84427156003835
23.52166860351994,27.874025488878026,0.9318370571165351,800.9612176522764
0.0,50.4523915438841,0.7378721240123742,223.9852486770081
16.183563896340765,19.04795280880646,0.9391364118500801,693.0122646443883
30.73564194385632,16.359476214218994,0.8525299609418299,492.66631488677183
39.13472692039396,15.055664095125051,0.7516475092901236,353.8097968714236
2.850940872357861,11.99338406474544,0.8509252672945239,712.5881710662062
19.90634054456236,14.68020282647378,0.8195543266925083,419.5864266249384
8.438959004416231,48.52387413709586,0.8903524879794786,53.31447242071416
27.226393846717812,5.482293436795193,0.8537420972266694,206.4743987627975
38.93906853260134,42.51539214048414,0.7681271844047781,777.9980416620081
0.0,45.336102330397665,0.7532661468743711,66.88315308265655
35.87137648831712,6.225788116439391,0.7532196297397836,416.61473984608654
34.715705449468444,5.602162004597791,0.7986456165368228,967.006927942065
17.041701990652605,21.926902098705586,0.7010919723575151,140.87106048629363
22.408485646366387,51.59247865872777,0.9106150270087108,399.808854761644
11.165436529371236,21.062394236144858,0.8621810035255161,238.18600489838371
35.1407003159276,21.41953239624831,0.8534786174134197,615.9412747030477
36.57079201059929,30.042160076091378,0.8220899925901591,745.3104345328971
32.384279788809685,45.006059569913575,0.9373952781784864,164.551153174981
25.49979458943589,45.74269159316714,0.9407513959880855,590.3987343816041
13.101151557777252,54.69498421668911,0.8133465892678436,973.4391625488598
14.81186346239728,30.324463629583803,0.7076464738108552,920.2022199511716
27.858876700822027,56.71249192212031,0.7903699930102266,351.66144913255044
0.7207527955487035,43.539259066000696,0.7081755883355719,905.5614855462176
0.7415272735174082,48.230006294348335,0.721837640448539,54.449363572817866
0.0,34.28504339412196,0.7923069128569633,114.46242730092183
15.41680075802825,9.41041225417463,0.8309191853283009,144.22383693963312
28.157977268739025,54.172841906100444,0.8411475828427157,69.56378720537799
0.0,18.879462940969866,0.7928122903109189,166.30967559084567
15.874312113200002,42.992272412783464,0.7013285790865745,73.670834207165
13.169759784434428,47.5328177274362,0.8143539537638912,869.4276453857942
27.68234510754525,52.60273903509325,0.876255941346894,64.22527142421316
20.705538199576303,35.12045991643785,0.908283814554845,957.4723063200332
13.172952987306411,23.621806315833364,0.7479050252372464,264.9737284287723
4.160098422188937,31.238509556267747,0.7477560131178327,77.7964730267928
0.0,47.164598936551975,0.78482473887761,973.6610239119929
11.753265773944955,15.748798999821346,0.8280677538859726,599.8344536579089
9.946454659851073,16.750207588883466,0.769052776886968,948.9419266014941
1.2026360423309204,47.572759685551745,0.8410834446106396,298.20528097770267
3.6485592706266634,24.6813367142439,0.7019962137016551,613.9813365667991
0.5230839119761514,23.664138212461268,0.8431762260195445,319.9776213765479
18.161741040092487,44.511211354567195,0.9207413674910806,296.9575792525388
35.58545465156785,33.9188809318773,0.7659142174771238,870.388049613308
3.6542738655194267,16.51490639007333,0.724116053713437,623.1506533283656
11.818555425898161,35.65267242008245,0.7113195030116584,580.270370781761
33.172617823609144,7.324839911051446,0.9190858051794681,556.0869394884251
31.50662275074689,54.14961244929127,0.9286173551319571,698.0729619177408
0.0,23.623003245894527,0.7863506464435059,178.8442334199167
35.67944241580056,15.809418160209413,0.8445913587234036,236.21031405352812
17.643003380003595,31.78805824330322,0.8393502466554311,612.6462268475847
39.504774058567726,37.18592638393869,0.9078332139072622,108.2995981576564
15.216251744689705,31.588616240043738,0.8156525720019956,549.8534683666433
0.0,9.376786811268936,0.8536228427277073,428.1663817586246
18.291488809991417,6.478600499421069,0.9393152562122996,996.0559394322398
13.46276442570002,47.25374019495594,0.8557815464637921,316.4111429271463
31.747097932754844,9.88822672323887,0.9193921020983319,379.9178137121209
11.311756589984512,13.72211957843503,0.7593976077262357,369.03130794147415
35.13095337968604,9.593717965637799,0.9264653634876464,772.2254075797389
21.376188411336038,23.831120433916436,0.9154278442561734,406.928873436382
31.337515427868805,49.38832042663197,0.8601022292257513,282.6316633138838
14.696585662442281,44.1543648545527,0.8760498148755087,277.14463546946376
18.1288190088659,13.669735973596408,0.7522604716136758,620.7696312726531
35.10474434346766,19.603398029081365,0.7888204390181595,308.42516249269346
34.23134391545712,30.050994809107365,0.8478237148393261,653.3495495985254
0.0,51.04968416768354,0.7934689693736452,645.6699235232077
25.909016859718356,14.867796626212044,0.8524706826808316,297.76039639652413
13.207475196011119,25.06561489257058,0.8066372405924742,186.41446074693673
12.806127027559615,37.706854540994144,0.7484226548978707,280.51872898518724
26.69663244182496,10.315213653813966,0.8309637550156719,292.87035106382115
4.078803086423246,39.2405980076104,0.8914427317699639,409.2783658987923
0.0,9.985644402858192,0.9203083343875224,973.2392699554933
0.24496949524279332,26.637757811720316,0.9165332461834182,289.9508606139932
25.29714667251566,41.27870974959171,0.7847479027968095,781.0147524572868
4.475019844495113,5.0437015064379755,0.7716560568310805,543.1328205136739
35.918080810563346,38.116124052605386,0.8333625449362599,759.1089495725292
14.786396878837722,32.97330300690752,0.8945726326935449,597.3920452468074
21.136966635533234,10.87911145986952,0.8880709852447866,402.23848963185304
13.451823045475233,33.87776289129983,0.7069147529447213,896.0425564124579
8.300345171707995,24.632991037521638,0.827045888112697,499.0365136345824
34.65680079531515,47.26656820350618,0.7809123458706633,567.2253471363854
26.576549561277833,42.1984880934746,0.8914737129520676,47.033081668394026
14.11677040230261,15.24419167082885,0.8233405221966926,67.69797508021803
39.66324397081046,48.803515317259084,0.7082873933767667,932.7859569402967
0.0,31.468697361653735,0.9282774771034186,254.52551925478343
0.0,15.565223617978551,0.7288744016405891,143.48573839975012
37.4287393175137,9.167651507516362,0.82554286561125,64.06757603449158
11.959001711814068,40.942367663733975,0.9103108614607102,985.0034835635565
0.0,11.05938323030063,0.7750231848390952,513.8043718237778
0.0,35.717298651042874,0.9251690476142018,262.40576650153434
37.80368909412864,17.965471535838756,0.7898589426206086,387.89839388705127
17.848147948151627,24.73810948985405,0.7846068047594734,240.49516137622368
1.579206429894296,57.9941895360101,0.7003428285441474,443.711593854784
18.528404748991715,32.70836894129472,0.886176243698836,275.66145503941465
24.46186932172291,8.136398350130742,0.857060616021303,711.1355333709643
15.473611413270756,31.40691645125374,0.9143288440871173,578.1986462059472
15.745709026495303,26.66289541495404,0.8930153937961941,497.71955594236556
13.387581506230948,13.525798248079855,0.9068911642633445,675.5568131066809
39.00314352725489,28.785806818983293,0.9005681773394006,932.5296873993113
0.0,7.765099224561322,0.9149002967413473,748.5507480597023
0.0,44.35184031804287,0.9490574589255502,96.48878566051735
38.48898898290508,10.503166938566425,0.7513979405522999,269.3635590829568
26.22495549104602,50.93197988568113,0.7177121337916325,266.3347619567677
0.0,11.639801465260328,0.7476777170222944,122.19015739751927
6.630754701337723,52.112663903054006,0.8982600901419286,521.8336634731088
17.980231139302642,40.142747852822325,0.8231581476806076,759.0323460751608
5.294590298782279,45.412234924019764,0.8037772393063108,309.2771435682248
4.457986468477724,27.375746771383206,0.8863028963831345,734.8496078607072
35.70826054368456,57.38271933983896,0.7294584440828269,84.21276453098855
20.805580938987834,46.47427498404921,0.7388175787538332,774.4482764753499
13.310597502573486,22.63264648581788,0.7059653856594454,452.015520042764
23.62070836100135,51.12896981664643,0.7917241534733183,267.060448170343
17.149878900018045,21.00488746096063,0.7641451218750953,347.38785071626756
3.5180038988375952,23.246664975687647,0.9075667655945511,974.6461833256049
0.0,9.517152933487669,0.8332467973306353,250.98192169761876
13.976871908355612,16.86911168771424,0.8040760923675383,239.54880445957176
24.384995974607016,7.911870019354911,0.7845762235261627,116.48053707969261
35.42029489178527,21.837196748046996,0.8709461018284868,91.3783354180486
5.49294802906973,48.40842917082705,0.8255769341995833,938.9936213526281
27.07081737169172,17.426798532593043,0.7921860391607546,784.239921819612
2.8139469559440085,51.72092262637542,0.933617389793169,500.04978258567604
25.2259707936837,10.846579578712717,0.7235978649995735,304.29674711915834
0.0,13.443259063391078,0.933526801511648,968.6358617918959
10.295457468168985,34.57818287900669,0.9077202661060974,901.5364888694231
21.502117904683487,11.300603622482829,0.7370178403568599,602.9376538104123
33.64151006067467,55.52732192857778,0.7300490281024876,407.84320843202363
38.871550932434076,41.70272830930723,0.7426949859461792,974.653374267501
19.71246834062301,32.4721750099595,0.8296365824622149,794.3213545690428
13.734449389963883,28.72469508370484,0.8338143699319462,262.73613661694577
18.40557567151412,29.900604404894285,0.7495012342442102,945.7611674230861
35.4311075391296,25.472922505360728,0.7018885059666813,322.18410091380565
30.805266994051358,24.375344730790758,0.8882547140805167,458.6400790398093
39.468380349786955,28.921128668943094,0.8279874029760578,513.6014190455717
22.498153059824908,12.909588199139764,0.7574309697733634,383.21903697400097
16.943345802347253,39.64962753217509,0.9117271886029145,693.4044791704874
35.080827426601594,6.520787327366577,0.813221774482254,657.2856631936747
17.703125771357303,25.490061714369926,0.7556599863331408,76.14225178904817
5.064764012930431,57.678649464909185,0.9346115810643081,948.7067057342042
21.312228029648338,9.304385617390444,0.7178856615408943,433.9451694048095
35.45613175107883,15.332309319712621,0.8619707326680313,93.18259862616458
1.3339025782387401,42.57796125961927,0.8068442511521705,167.12900519669688
7.460424693276671,52.364530886691,0.8512327993455181,142.41475308994524
23.955322733897873,13.35323173007298,0.9394968287790038,815.8440955636402
24.449683074739795,51.46068635098744,0.8297042928834831,647.1973912206548
13.63884607202772,45.25385736236095,0.856123890863123,784.4811473680955
38.278817747634605,57.14492160229202,0.9400994398524659,261.80317802789557
0.7397239081778735,8.18851166238389,0.7633337733584988,92.47565361500205
37.9708916634495,19.96778588657266,0.7400235778133061,626.6620198475359
28.829486057308706,32.30032814871947,0.9427187409335389,858.0144993740065
18.88761716817291,13.414462748601162,0.7596808031824932,746.1988069801863
9.559237804673247,34.93015364433739,0.7904806509342397,388.3518808827243
1.6090477249556225,6.053311532872887,0.8733646341108522,854.0856666568174
0.0,48.87827434965856,0.905505206174733,347.90508938992417
30.964811554006744,28.30318707955365,0.7298516569371117,708.5636949054463
0.0,6.2086695667900615,0.8056852909981668,489.68877255191745
17.638288848430314,53.69057085436136,0.9232372641690237,227.53402240507657
0.0,48.42816836047574,0.8989548121957689,860.2834234184879
2.1264094503468796,16.750978666450397,0.7885878850462738,532.9610775406696
22.588834858010728,17.891547740405752,0.9355542833195638,285.98115247389165
0.0,37.94802951430928,0.851911674715308,329.2200409034082
35.84935391627012,56.74039032479149,0.9212966323139238,890.242384078932
0.0,21.796183791069456,0.8269798323434092,241.83744101086404
28.112016858514714,21.110912971579737,0.8639459893591133,889.9636314442743
39.826193423886274,46.21742346193742,0.8627876025897023,427.5717627449313
0.0,5.708248455633271,0.7597422050617962,234.76378293280766
38.3146962079192,54.680513878175496,0.7026971305600855,311.6424383634873
7.114015650946295,37.36101692102585,0.7511541681557787,722.8148031451102
0.0,16.402133818584225,0.7514856406487821,533.7595400207732
0.0,32.14961197417124,0.9388470423235907,924.1615435911851
10.20901641335377,28.488661108791923,0.9477024898330333,294.24662038440266
16.472756658130525,17.497458138883587,0.8333523608628838,774.5466536870699
38.003159243527996,57.761863913656285,0.8563356641990514,956.5526166172717
29.887665671221196,29.49454367919849,0.8042476910383702,330.33666335223916
35.26282111245719,20.130950939752505,0.8926426970400685,934.8897696744704
15.005634552196762,15.198390986554124,0.8951351502299216,869.8804421150917
6.136949048807678,41.104406533339244,0.9495541731083174,353.3343095509358
14.505368602928156,9.713694331853741,0.8762163933106979,749.1976713713151
16.06767156447937,28.869751379666486,0.8355627151155555,913.0671626216482
10.503349777061846,31.529266793741456,0.7280557530586858,278.09516785674543
1.57805513944792,20.482071232067696,0.9314596352484024,442.2258107563354
32.60704886667155,32.624692178844505,0.7047147340926424,459.90710748150457
27.530078290230367,36.11008472362008,0.706257190584283,442.2359223264068
38.35394279344468,29.75792666528009,0.812723683328163,112.26009650232619
23.050941867079878,21.86278421152938,0.922667972724564,414.90229542957985
37.22807342694294,53.35807787273183,0.7323164288664308,429.94406995928887
8.434803008496575,23.88010983768801,0.9286470105114281,920.884648388016
1.909691264285841,50.302732816262385,0.772967574918088,333.54004635130303
0.0,24.96388588792906,0.762867779267864,389.7151736666353
31.540932105002433,11.380616575729388,0.7436271305619885,808.1474616053194
37.577387990417115,58.29235558188989,0.8964243891866561,989.5207408016407
11.411696286192193,32.605083317004684,0.7744642389529376,586.7177152950509
14.162320722887781,48.651560107545535,0.9433974809715292,229.25765153016658
33.77956359030704,36.31706040331269,0.8958913406610622,471.13721875315264
25.76522492558406,36.34803339119739,0.8057067704939329,698.5281618099223
0.0,21.306302224575415,0.7975358546189711,927.7544945838566
9.361639144262417,17.336972433589715,0.7307431050201482,947.8080720927245
0.0,11.79605088109603,0.9127686126938982,713.6694939397499
39.75495116012443,53.14401593423574,0.9050435183938532,955.3078061955939
28.13773779441991,23.753450568150285,0.8519364937049507,153.22078804648504
24.802668577228406,5.764234797739347,0.7388521914696717,250.72211832021324
29.46263865421299,48.97487064553725,0.7444661910832733,583.2675268662944
0.0,41.11073942049225,0.8569355123528275,82.4971621178666
0.0,37.131942771303024,0.7996468410166019,408.74861963063256
14.313151057622834,6.617192156582371,0.7068890707699785,288.7737202032538
7.045361056244394,13.448514464389909,0.867592499271655,558.5441064604287
28.43105706784751,14.694850127187323,0.8074580679335006,70.8305211551932
16.231878708793914,6.419955931709116,0.9381634472950799,738.3398908956814
1.7675057532532839,27.80794415061939,0.900582572867391,794.6360844962121
20.94117219793867,21.827720414871408,0.9123289375940177,618.9765522552354
39.9630898459486,29.99477382770846,0.8198189180827156,42.09296858496206
38.22394210850492,48.22388805078607,0.8705890031902924,906.4851552720371
6.944621673575375,13.452622910595021,0.85639859179714,111.26835358287408
36.720379000501914,52.98747841240933,0.8753678064595778,172.2347123755375
16.464952364262793,10.247198612879508,0.8827724999710551,707.9854830893294
1.153964961852777,58.80637552734583,0.8502177731885441,897.0219367949758
34.36097849715478,45.08734189169321,0.739460260443183,125.52501323857686
16.69336744546338,38.33863869193819,0.9082631019656234,837.3402455063499
31.714641594224684,42.573301831650596,0.8478895230191807,134.47324972223512
9.496536600238313,39.9743752173724,0.7238107759898303,597.100026240052
28.08847311241203,53.688191179875936,0.8470971504986768,708.591925246751
27.58540284163703,52.02823052627701,0.887519128477198,298.3519575849385
7.408266720817418,30.09365341282957,0.9128033043391635,740.4478407710498
20.79665596673365,29.1414120028782,0.8057992866951645,387.08486583967465
16.075459173735826,53.946118137571126,0.9319859000137041,940.9625051806571
18.676233826366705,6.124669407740585,0.7438709708312152,686.1471828462143
25.658060889501645,13.348269382837028,0.8406952203718526,867.6335519588507
28.191113543974264,30.03948968064782,0.7592292444417212,388.43082578802114
3.9354949160215056,6.165658151951212,0.9031445199026708,312.1137753899704
27.19995871916024,52.64108395474632,0.7362482680427745,609.683187351477
33.142783491708386,36.64874338482386,0.8634220033710919,42.822307701528146
0.0,15.241721208285549,0.8279212373888644,868.4195381712774
20.60926620503063,10.864504977492233,0.8840782257346878,643.050865570431
25.867326225449318,10.862947706834536,0.8987792567794245,526.3729112984465
22.373032758518704,44.408346634838956,0.9006993780903167,337.273106461996
15.141703268376842,17.391804754152677,0.9311221481859983,108.21910541330219
19.867521113931005,42.898492300190114,0.8015340747391777,267.3790775079238
33.29959622849805,30.512795884349078,0.8761310495741457,99.72555444527032
19.922112380594378,26.229163352175004,0.9461823896633814,672.4121340243474
0.0,52.986918061758416,0.8886150795801566,656.1471780294121
26.357105557214883,13.348307906698134,0.8335075879259485,788.1901652371915
12.984391764827203,16.23316104814889,0.8399820507302831,591.8431355015483
11.647547952281796,30.468738555336586,0.8629631569985405,203.57980654394976
39.39761607242305,39.25056217957807,0.7945538892803017,429.1693621642665
9.042263673886005,40.70201985913658,0.8579160099142541,908.3172214154927
14.57704222743354,38.13665083863192,0.7455924774719388,182.7816213257233
2.961120525403143,56.35123772630621,0.814054769543607,633.4298740777094
2.6580478067069864,28.250385752469924,0.7459563829097724,407.52449585070485
34.39802329519876,7.363248125809204,0.7948347955029523,755.7792652407012
20.772396007172272,43.20053391923938,0.876034168102596,945.3393334317943
0.8390533622732977,8.200999944670004,0.8977116807125647,437.5388262249259
11.22079760065718,44.60397629979088,0.7417257297225675,754.8550649916855
0.0,50.47320216912522,0.8233102151144939,613.2164215119701
4.052994189540712,56.64207000874634,0.76381829213229,159.4953184993119
0.0,46.47456619257116,0.7539713507134131,215.55939648040624
33.942376680066005,9.149349556569186,0.8046391053698368,718.5162687655013
34.741016874097134,9.175630199026031,0.7957801845563238,313.91317950459313
28.045287783096988,49.18923590862522,0.8341668918578737,488.77672305966587
32.90052029689931,59.928506811878115,0.8225328588508707,713.5207336700461
10.787851009884418,20.141524463943146,0.7563317650138661,671.8332171194377
6.765789518686278,34.05665764641359,0.8703311512734233,71.28019935462397
14.044327220702497,21.147791647249115,0.8658201075351954,153.3634674222222
32.3418604773222,31.97723828898897,0.9145260861144336,844.3926736125493
4.7441101006097,12.788240536554172,0.9423077970341348,89.2156123939414
24.813223742509596,7.095760415532839,0.7089262477695844,266.1359013182348
30.093590077550637,9.279314724351092,0.8226553974642737,69.42385406929617
9.742650511195096,37.00326147664217,0.8006977366732435,140.62425705492677
12.476248968244413,8.781089573507659,0.8422036831592519,965.449629532374
2.676987376030593,20.286866059473304,0.8285320324534322,490.60189218418253
24.564051318215974,48.78186822306981,0.9405839885900509,44.380765773858215
29.53424939237011,58.72439335374828,0.7531079896451224,729.0748815827906
0.0,18.5839003439283,0.8892254947163294,444.4561953058329
26.734713042391817,54.868370764121465,0.8460031858600741,743.4589010049019
16.44582020967171,21.85003137483673,0.7204537859356986,106.89961371323275
36.348888382478165,59.195569788717776,0.7617472390582658,122.1979536666625
0.5183193827565294,35.62779924992736,0.7068129760402686,120.16021338057115
7.961452411067053,5.1806336588154,0.8787443667082879,783.8607227341504
21.996999738304336,21.29446512604334,0.8522475769413413,400.28097319257165
15.175832844843477,7.935182295385666,0.7044941925072878,805.1423409872223
3.7963202462358416,16.266810160471135,0.7243696220628046,462.516134796253
12.231990837858243,55.55646886610501,0.9446801353177332,928.8333407892021
26.952609338637362,23.371928666503145,0.7277347536712659,488.4396879385415
27.670877619427483,5.2561973367449175,0.8008818948151817,589.0129773121806
0.0,46.95998003626391,0.7085361804138076,742.0023287170561
28.81724970430408,30.40515024790195,0.8423047267333583,529.5737538042788
23.97772242046411,21.481327893214683,0.7445034092550418,561.9568510505991
9.883360220392799,43.32035807004225,0.7486477881459221,978.1297780953256
23.109149670931483,36.15132594691054,0.7619470836350749,372.75657663144887
39.24458012075563,26.277176698081927,0.9297713220889052,41.368593805328224
29.565662138282622,57.73282904498236,0.9181226128867118,743.4969987053842
21.248258509544417,45.087517059633356,0.8887923818388148,737.3846583188814
25.52349058291683,59.62023287381892,0.9419836701406068,408.4585251174212
26.914571017646832,26.721993324108933,0.7432108875153243,881.4330455632257
6.765591531870379,5.586580726396729,0.7162730208715998,436.1479410788141
38.188287184897,54.89095029097774,0.8066328009562442,213.17428391197188
26.65423188366076,39.05916468479403,0.847940973736593,56.87014168195187
34.78924843295733,26.85667983768771,0.8363791286186403,777.5012462328399
20.367461539675944,41.685836705923734,0.7139825644875407,270.70417632282033
39.51953926073119,5.057928868374382,0.7643687073117185,654.922466613891
0.0,52.66076004282993,0.935341884588877,997.3985357069552
34.965226273746,32.797645297566376,0.7324069218792523,352.58572904667056
19.402627347165105,38.60103371329221,0.7868664589297973,280.5738404658393
38.30602518693189,40.87383538046485,0.8557182783361305,266.8499111057277
15.734520596650361,30.63196684379613,0.9377647349542293,745.3943218474474
0.0,14.676514925720443,0.9254695315387944,325.5283785941722
5.177875386222646,48.83324549214459,0.8710774066128886,879.4698773963279
36.40902310422627,7.665685296856543,0.7576035212083922,895.4992405235917
33.75824137392825,46.195576189626905,0.8663981420463412,298.08003700901133
22.865807944792852,23.122543821594068,0.7395743719512837,208.61219605776108
27.4728465983353,34.54002170702295,0.9086000233235811,674.1033587994286
5.5983272098542,34.60149901303915,0.8695866080378845,413.84342243509667
6.296246045061099,37.8875111421036,0.7531081156058488,41.006830196919566
27.119302016648124,40.70293034427315,0.8731436352085168,493.0962516139406
11.018661945677556,43.60737729299703,0.7063534781291321,684.9809480666817
6.086677306415008,54.11611107938919,0.7818909954049724,197.85868172016293
23.1389752883282,7.5190671819565695,0.9203664546012476,900.3153530464731
1.674707546157142,28.815883704981683,0.8860292244738848,211.55528112959135
16.28124589799509,12.732589982894176,0.7133328602940516,68.47385485727503
22.222457493808495,18.66791578578896,0.8667075891271527,132.85639688650303
0.0,48.95481519323002,0.9074137634228906,424.2200892288869
22.743265909010724,59.89775941842023,0.8665171120590253,643.945176560489
31.998864302865655,55.878658915047964,0.8121832889522267,765.4644394356031
22.29874585780976,53.46325192577552,0.8455099423216473,608.2841093732613
33.43184396304575,31.23945813193742,0.8066040259047202,392.5062590920335
23.428403872319862,28.649486625672743,0.8708572870562412,713.9144841972432
25.68786812462827,7.404151493414519,0.7186707456683572,941.7532141901913
28.109694914771758,12.174489276878266,0.9006416599545856,229.75337858701377
38.013614141169754,39.377961419069635,0.8344875346824997,163.97315096300161
17.627464416700782,6.580199502568224,0.824256105134507,924.3101019554894
29.984268494491484,29.231480373795748,0.8483724409233657,148.63432385874523
8.89076423427674,40.59517951656505,0.8290714281834662,881.8459663113451
30.965437950548335,16.772828801833587,0.7965349006215783,550.6163174584875
27.639056360958318,48.56005726294825,0.7417449540166896,546.0191113038575
13.46915958145098,22.552997633588625,0.7772681824791815,929.7970989203249
38.534659533564415,53.609889812863194,0.8317893833681085,445.09877782074005
37.51649769004119,45.75636491303205,0.8728031109323089,483.2636936105339
18.026073371650305,6.05548461936892,0.7127747213008954,268.85956850170567
9.746959640660933,43.90800585322717,0.7783460645900719,425.0620765329258
32.328391308266056,8.800515268221481,0.8502111372294372,602.4880454458606
15.127180248022645,50.81864625334266,0.8768685619200955,244.77947401877623
23.95362200773664,45.29436856016141,0.9264107785171767,735.3647447795371
28.989999030505064,29.904859668000743,0.8106295363987869,422.3285472633873
21.073749548732774,21.02399905330391,0.8238568407060542,274.81516625022533
0.0,37.73783712792561,0.8539921872529971,441.89791232595786
0.0,11.156184310399636,0.8605831543558858,53.53741986856939
0.0,55.3957051916362,0.7620362422671543,963.6708714218925
22.946842946870035,59.23883953396292,0.9293179102580125,500.18390961290174
12.132724965657555,23.213324059659712,0.7740807612795593,109.69071606123433
4.753817719813262,23.64421986177532,0.8213796949711933,560.0996629126262
4.301596828229215,58.13100263479766,0.7470408670355819,468.6115304734071
27.670323119490607,28.232727518958878,0.7907209099011574,149.6861675493477
0.0,31.75560895531378,0.8041510057370553,975.6967948123249
30.062327408822846,6.538524011777926,0.8524616517882654,78.78820344612376
18.862828262866046,20.300633237477985,0.7824433294445456,201.88888048775223
8.47795037516363,7.48056221745569,0.7430974025522262,138.5464747855718
17.821005031716997,13.200261407795049,0.893299856086478,782.6519775370596
30.858676390568515,46.00347932264703,0.8685023395099962,947.8741009584362
11.75549495172214,55.36678576532938,0.8936238623412953,265.78671249109726
20.492115607198592,52.58750822324774,0.7283885513557757,891.3688183264318
31.67660441016942,47.13944254020533,0.8945910976150894,822.3243711684377
0.0,53.816995125243736,0.8055434737609661,292.5974141802247
5.620366530207936,58.69107236701392,0.8449103925042561,984.7472710671385
13.932301215212266,28.87217216483766,0.7832342687094457,416.5164424903161
6.3924861431602755,25.941223191032666,0.752932627142233,775.6262479159998
23.798201763720932,31.116554029884366,0.8134624999258869,433.2825939067868
28.288573823537313,43.36641067682323,0.7364731463959622,595.8682069634152
21.16345708402806,23.40877869950171,0.9044500597363399,678.4147061579193
19.80145259918872,53.118905759656734,0.7387816043934936,609.6354383714432
8.16288253221095,45.98704875128547,0.7950367993851405,424.0367700014659
33.37406458120064,52.359681991557785,0.86287187714378,219.01879491279757
38.43530121013695,33.34166425394832,0.8352454157549931,336.8644360645298
38.51255976564507,24.03816670386838,0.8749466364420848,464.91834701129136
39.93426570991179,55.07998789165071,0.8020717389687387,984.2181203752403
37.85821390647449,8.94770355286465,0.7614270587398299,183.70121447806827
16.514823951306823,17.221567555560927,0.701896504640454,342.2277430785447
0.0,30.370106233396555,0.7905813842799253,993.8479288795799
29.906888071978358,13.557285666502906,0.8489239747150125,305.547569286067
15.938230620164349,43.17114673628693,0.9395802890043954,234.59252814829193
1.1716575980856903,22.915342762025983,0.8235996820093306,767.4046085517778
19.89054094262748,14.580960982352822,0.7857735500962338,320.2967966021262
7.00911881626604,47.84913282982353,0.8173511643529944,161.34180802418214
5.242793798662581,15.91548094703924,0.8235189322605324,181.78761313668093
32.58936236354685,15.459839629599216,0.7647760472181114,858.6625583726413
10.190444659110364,31.41171598185654,0.9442132225375736,629.472780755065
29.68485221182391,57.47928514010704,0.8892423539859364,470.3660407338573
10.58048435024004,58.70506429427819,0.7839848751045848,99.15538363758014
16.798455393823346,17.048727354461015,0.8980355485337423,129.91065406441223
30.4949838357376,12.098473569180289,0.7185853641459808,876.9328484879078
38.95029780536224,28.562658662843116,0.8367968448892247,635.2331807432869
39.393869037882176,56.33087826936316,0.7319128756963169,457.4026842265534
24.230064535505644,41.900368322078336,0.8826614500929104,959.4439901169292
3.066216219610768,27.4841764759708,0.7298745722260656,699.5023821460302
19.262199313329262,52.232666590355144,0.7261816870384368,991.1031242766772
28.36559459294331,35.290113074146866,0.8919575618863897,228.75966371190626
0.0,21.667772179679105,0.7996872157102917,708.1738394184985
2.206884105236648,28.069255917953363,0.9044991284713498,163.2456747364464
11.21538817363927,34.48716405410668,0.7098454392223829,984.6993607344835
16.69965011275419,5.215326691399285,0.8704191443217415,730.9190075114518
4.981935981524296,15.129353404480135,0.8404969187774678,73.23963843120228
9.611328446861219,57.785494160347326,0.7631690683083223,328.89419000532945
9.501676303082556,26.700818312800685,0.831679060609087,330.2781602072123
0.0,13.322213222320743,0.8813846971868396,966.919890842678
38.70522163457923,51.378115208900375,0.7694006173879036,337.19048733904515
17.382152623066915,13.232599751481356,0.8676093577593813,258.55451006669773
38.482066433989274,37.21843580403261,0.7587497613156929,941.9482324908029
28.518164106989413,40.217386544456055,0.831378143856397,594.933009332345
15.915125781343589,13.426798382050716,0.7782116990443052,859.5405604632215
14.863192929801096,45.62125415356132,0.7243315070071683,249.08628052878487
31.88542680703843,57.52619987144098,0.8355004492068909,730.1115293280584
12.700293322090978,18.565889404274987,0.814030394560638,980.9759240415792
23.17833385934996,41.18840228431526,0.819081336533021,848.5462182908116
1.7823632078653942,35.748628865103676,0.8076787571453169,606.080810661782
32.614386834289945,12.068068198270527,0.9324713612991056,997.2599717905889
15.795087995825037,31.996965062417996,0.8266679470381436,678.7342214888783
19.122769144329077,5.659645562002713,0.7111596903882194,415.35938020929154
31.671741226112307,6.31559194227575,0.8461971627803402,386.22951017416676
2.1146782904095986,16.54911521641804,0.9091001246022155,472.436429771237
26.255160007775665,42.528756134930624,0.7823024437888413,227.7960042617176
16.073849334970603,31.337774450853356,0.7917216339977244,802.439938935487
2.771119296044652,14.442828307627,0.8646595908116073,728.4114917048346
15.44766775625151,48.544417982535,0.942617900353757,279.98513257323606
0.6769988788701344,56.00503691870293,0.9471680928131767,257.4801934533441
16.98503098693466,14.708386206258414,0.7317448969132775,250.38782859421826
31.155568924353933,17.279084335050943,0.886856015287427,171.24432408916502
12.17865115736658,45.564567654961195,0.9086441270231028,200.85183255194767
1.9519337600196216,32.41418407983312,0.7024348836065099,531.5311317127758
11.36023655455668,41.15143110754953,0.8981410446264199,782.7493172931484
34.73958645279431,45.225476637230805,0.9019393180966755,702.7361382679019
9.549008286943975,43.12327538189883,0.8415928336900983,801.1228924695866
0.0,18.187275680013215,0.7179755153725761,758.0143698907199
10.351688659284546,25.738240472407394,0.7081870758967822,847.841724061202
0.0,24.965319755681044,0.9300011675303291,74.56257225110313
15.088738273240656,22.734095071848934,0.9390418844150865,819.8364128462392
37.32470551833858,39.203819487148046,0.7850105818400386,640.820150720909
7.374407102466876,32.77009080374134,0.7038013643582994,74.24706787845312
39.512594382081176,13.301716247058845,0.8683960728655014,833.7666924769699
12.971470308990625,18.885870495242575,0.7343340782337313,159.79381592334195
8.837179860909629,12.360849167478293,0.9097967904006505,319.4896194182085
39.01071705446404,25.296539609032404,0.7959930919611722,102.21144060096506
0.0,33.153903241352225,0.9353964266101367,860.1908613887856
21.608007920690444,11.633699257286969,0.7602737079358732,733.811877333548
6.648230379201454,26.846703966518273,0.9491780843165643,366.3081899068363
37.05434550905145,26.793766551621005,0.8422172284719103,330.99656192528494
12.212634473313587,16.467439377168247,0.8896696014552983,397.57696804789475
6.841568128078916,47.495923352491815,0.7424184620311266,451.3465620937728
4.809535601923244,57.435231380870825,0.8071629595856503,746.1295155456113
9.03903807578731,24.546424482906612,0.947608863013184,303.44899887397673
31.726870939829254,41.217781273917666,0.8365420985896395,444.0943720581257
3.325728953267336,28.75806727343118,0.7155538090994313,763.6418579635439
32.089316271795695,10.230126685764068,0.786610252666617,243.50652565012643
18.584661358830537,37.46382536897405,0.8022290593761747,104.40086546201411
37.68939723617366,21.225568011264887,0.8338682015209811,876.1899055808558
35.35547254423056,23.736330882877752,0.7110387917652351,134.07690393545508
0.0,49.940614082667494,0.7666345625684499,61.970470883893256
32.83178412631283,31.887160619543636,0.729978975398538,184.17331899618597
7.810629646138159,34.69302884186314,0.8717720586477538,394.101753522187
38.61173379303072,33.495871536612476,0.7796741815952617,762.9673788544465
33.78450626521539,8.952444829566737,0.8824949536642135,961.8279439358676
1.3480980233677127,18.347095153167746,0.9137391427727835,353.39127404564675
29.34006672703195,27.40872828158808,0.7418584999933807,677.1102166132173
14.15894399991243,54.02820708186165,0.8373866247811181,589.9445516160418
33.527512949158194,54.42210285759898,0.9104073093472316,776.8874628439088
5.383140568217189,47.66412124372543,0.9411693174592504,301.96207431630984
0.0,40.8828880298946,0.8717040712635905,790.37407646868
4.551846000532819,44.74981296807565,0.7935184653733498,546.8943999135927
30.01715742659371,12.627480476606388,0.8887927281666195,722.1100823551774
38.97538686972075,29.06862203772883,0.9228590174090482,180.66120778578167
6.200390994206986,26.871867468691196,0.7775203900099769,928.5550706849643
32.247081570844024,18.862259807088876,0.8672560865001905,477.1611269132427
8.02633555485104,5.672360704054477,0.8516107496907023,680.9124044673009
18.63293101022482,14.314426936245606,0.9282646159147565,610.9723973734317
11.293044494110774,20.952840506919934,0.7904406021049366,183.72867539145864
13.561188183684788,33.90743290364238,0.8971454943464292,111.26685044280578
2.7344224978868725,24.875001383310114,0.746121100898627,707.5035213753852
34.84253446162701,48.52459825109094,0.7339893892478953,459.2909455396732
37.514620978257604,27.701150832383895,0.9348601915199505,297.0051987063183
2.487905480766752,43.18393516031927,0.7483723069501905,916.057862182604
12.046085554554498,15.670949338281643,0.9166168020987769,837.2740834414242
4.708901809454087,16.42343502335643,0.9180826880909667,251.5073721487007
15.838008495196181,37.61238025845793,0.8067780260350528,814.4839316702119
22.759779083694287,7.475229297409257,0.9447072084202581,914.1596561434956
24.047603342320844,23.122898655714312,0.7983395005533859,819.7420519726946
8.905201084945501,59.958464245566226,0.7229123113342563,80.26011046311638
13.467756990763188,57.26311035436312,0.7723645573606912,129.34154921284147
11.846881421829291,28.05947049691212,0.7898628617480541,641.1851759939894
24.324281203886006,38.41426463088667,0.8237189366934785,42.54085979676553
20.048486334231487,39.4092481734326,0.8693147105167424,229.88027318172837
25.386320767780532,51.640801196317724,0.7800987433450333,954.4999106322907
20.574781571044458,57.57610948684389,0.8281542745025688,808.6149546825909
4.201017011088975,23.598462989247874,0.8895131924135187,758.0633728269665
34.20352288513173,8.53582482087119,0.910752940491347,54.70326871563625
12.44249412299242,21.063490658066392,0.9078216450990112,913.1639709188161
33.54612531036381,21.04671725078457,0.7040488376987915,921.6473070219007
17.131050008345525,58.97544557560503,0.8552021574846294,430.03062151146645
34.13955064768066,25.165845294908255,0.7900143560435448,845.6930315103211
17.860516875939098,49.67237355788337,0.8147555267446696,431.6118539500652
7.066339412326333,43.76225157733195,0.7233194757917641,132.0977011634959
32.97177244726988,50.685603029176846,0.7729291516523812,187.06850347746428
14.966319887373329,15.22681571559319,0.7723227546239844,649.7585525464732
0.0,33.79114629359071,0.7693459841761424,620.364277910137
31.806245714914176,20.013059585355133,0.7567326317642571,382.8195147792833
12.081858365853329,46.18779464001889,0.9424351544753276,532.5180252831603
1.644848462761116,14.170742359466031,0.8574378787851286,661.8249945365047
21.405996407098616,49.26883131628885,0.7723273023599566,147.58566861136427
0.0,30.931708300153723,0.7008502023911496,258.62389992097417
22.905585745886444,28.25152687227998,0.7857577472986761,281.6367705566769
26.66945186830642,48.14203925422038,0.8782850174795312,334.60755378091704
10.930179964611233,53.36599149658144,0.8247742182543913,924.7888379878902
16.481982979139442,31.3911965072306,0.8260138739118756,798.1293637366945
8.363678851048826,43.323872373975554,0.8439329899982905,121.87221446420932
23.723269468017687,30.291985892996774,0.7549621890695486,775.6284585149251
20.85375554059858,37.36974571677392,0.8918641535226495,325.4519201021465
17.938085338083244,35.149852623310274,0.8234040517168216,243.09414071384313
25.319602026246173,35.44748922639709,0.743481148950933,65.5661331663979
9.086098784775212,47.89114425690271,0.7302425466996816,589.3212116432996
6.608535892342469,31.965258831194575,0.8497948186970427,529.1183826847403
23.845288838024043,16.517259216502858,0.7980033018267001,966.7430023185783
30.988584207734842,19.855028853442278,0.7246517862995348,178.3583112812718
28.88581358016409,32.19042232827559,0.7416034957619972,643.0815578840552
21.387059091232473,24.784581302781294,0.8295236420405732,616.2164805037504
20.3312656123825,37.68780730132144,0.9044196067481212,948.5770943259332
7.780424892878905,12.03801956976712,0.836966523894475,487.1012924607801
12.830603564152618,27.179072040731377,0.784777331887937,955.5710230323807
20.722896588150945,54.26231827004133,0.8935203121804138,930.1513805756638
17.54527933104278,44.30988908863083,0.8215914090373557,762.8738268413454
19.179995796718735,15.749305223951474,0.8101267788827338,724.4582470473372
0.0,29.224654792706513,0.7102193962277482,199.4046379941858
10.014935884874994,15.27580988307296,0.7864842358170623,876.0195639513919
26.407709602293565,6.83909788300818,0.887810898135847,392.22550927545404
12.12652084448924,49.61968305109747,0.8601616169187214,995.4101496299894
22.089802087002894,45.526332188237355,0.86979186400224,366.90026705522183
26.942966490358963,27.319900654519692,0.9305992002498391,785.7963937043571
24.41163434057912,13.758844335699447,0.8094744653635628,609.5329950113053
9.103768507959014,8.15440261550154,0.734613682373834,994.7130570090164
39.64229284648788,50.2016837818332,0.8085546119863066,292.4263858270919
3.707961351949113,7.594261911888517,0.7879935654535632,240.13386817258947
21.29497474818154,21.842857219943795,0.8424908604843226,884.9152904437269
22.006420462185684,38.44449207301029,0.7837500439493525,514.0829437306714
16.372514312106965,42.744435451063545,0.7494879687856253,588.0806058197721
21.607052521861263,48.87685897742859,0.7872825843425593,778.746719315
32.10335888449239,41.39406265841687,0.7873685221140839,162.1170434911089
12.094538495240814,14.179516637673709,0.83217732444175,919.477222393468
9.31789673102844,43.07434854028665,0.7854043046560385,440.7235658869344
9.511397697361947,56.629931280510476,0.8104773669337302,358.9014230542258
0.0,52.47926555260001,0.8992161859874384,73.21373061461134
15.638616281066911,8.536958130920315,0.766527912711724,325.2338415903856
12.101286576617497,48.779992104858096,0.8837355228736373,882.9038851537364
2.7785667903757396,48.83937853056197,0.8416083353797806,156.1632143929594
3.149273599809361,56.6257421921335,0.7842473235121661,946.3755973926267
0.0,55.19054561947299,0.8892398780821495,440.789483216621
0.0,43.08944339068234,0.9287773069376264,691.9894699970475
26.575690118706934,43.0126026253632,0.7248080668077085,109.69830977988553
1.14432365812483,25.216537352503956,0.9177622574749033,559.4791279480457
20.011478683356533,10.0054923416597,0.7073517833644152,138.34187374968946
0.0,46.59567578184054,0.7786529082305929,886.8962906557057
35.88684144539002,59.54085170315966,0.7228745782865419,565.8850188642109
20.38955501444691,59.87907128144421,0.7234311322692057,563.9046002515988
8.092235817870653,45.95169305673857,0.7871242904704405,55.45341259519034
8.393448070248908,55.2421912252336,0.7870111759607884,317.65609502405334
9.24501215425179,57.130951024535285,0.8561731965635829,314.1932926131463
13.112833955244845,39.30999681960846,0.8048411831941213,833.010278926482
16.2191904951815,34.7193104049748,0.7132415656809489,886.3414607214281
28.56796442581626,15.655242267326916,0.7465201327778686,961.392274065739
38.602161527536445,7.382672735795666,0.7176918008054473,999.1876793992446
37.44360676702974,49.71263663095885,0.8636065457590453,785.3105346426953
35.44663894469439,20.81579461459421,0.9306536052988308,479.97791632987673
8.027308415837,25.664935310404303,0.7369949918090565,821.1780902149509
23.40016287627824,37.87278136812469,0.7559325778942723,175.51379506896552
25.36310931960003,39.362543629886225,0.861867469485093,413.56835885183835
25.030765381195277,8.569382643031373,0.7919701985828572,805.6501438802445
19.876942681421404,35.11909604517441,0.743377779801897,503.3521218948487
22.9506527941589,17.47128195155957,0.7424467310442227,148.56120838075609
4.079647747214194,8.722628502878088,0.7861248606783292,195.61699764801244
16.80074813357578,33.3775193693805,0.706573252898363,831.9405340510012
9.917815995308796,52.846235253801815,0.9279221117876495,971.2986211424701
13.904161098761941,35.0300992701624,0.7848738468726539,58.292601053919526
9.340203814789865,28.07440980655165,0.9199463223613786,414.4705655021446
38.12412502041521,16.31258895746299,0.8278103294940632,763.5602581228081
32.55845407669942,18.98284191459192,0.7656437686395826,288.61009196415245
2.643499120923735,19.763814321387137,0.786444641925816,241.96768512167833
9.7760035569851,36.37689200139308,0.7960281722529143,51.19427951617432
28.31102741831174,6.299051223946683,0.741066304655381,251.87441047921325
0.0,23.60580894800587,0.9225635200609127,860.1079279637934
7.968268274603782,22.859620721189845,0.8138280437752992,704.129747734552
10.023699883974631,20.449041581555324,0.928531150183756,201.68969897059796
9.224646057739752,54.51226042162803,0.8731252125042078,987.9098952135463
38.51531337862372,20.549783106868382,0.8058161318223277,168.0024884437646
25.0046277624989,40.59129721462603,0.9122573102098324,622.2386047610013
0.0,5.703324231812844,0.75119955739412,374.43739146353687
38.286199618434665,46.63518461243814,0.8884414565322182,653.5325716363159
25.935911148240173,31.93727096139433,0.8642031857945306,791.5099464792377
31.234703400191027,42.233939317436544,0.8282310837599449,172.02599944738697
20.276776030720495,27.6604362548153,0.8794119743671537,541.9704256322794
10.475936341601763,58.268647773191645,0.8957016083395812,239.8059599110999
38.486995787565604,23.30770244082582,0.8680342014737814,305.6755364780474
32.46164418648959,53.51032529595314,0.7373735570128039,750.7978274237854
12.374662711611833,52.417251615461936,0.9031197934794021,419.93287172849944
27.680216280648192,44.35868634980296,0.8578052743877819,257.39273589347283
17.550334399869243,49.9597548861326,0.776147005483671,446.43058083533634
4.203998836872763,34.25133587939198,0.7367424755311648,799.9706220133878
21.47661896971388,32.523918726761394,0.8506087141955339,101.04317542375102
0.8704463263250094,58.77905611707141,0.9498151907976591,789.8601959122466
16.48675823063413,6.217892691707421,0.7188569520025292,812.0192657851551
4.368107983357674,44.76810483618836,0.8845899316533591,842.500029033108
6.793962395030695,22.709390740923286,0.7482639834323024,999.1221826906697
28.54761728866409,45.941836002971506,0.735008157459072,893.1936416989481
27.429307167298287,33.055153829507816,0.8767917523247054,135.5207696677525
12.806818608293153,55.06872008793139,0.8405941529935462,377.08172563895323
12.470708589017006,21.5137035006375,0.778827335865196,682.9075625357361
1.5375982370948715,59.761834652543,0.8831547689766108,66.80394671621862
24.452611998278634,30.761191111855634,0.8825548743647819,364.65860167871324
32.326459157453506,17.420986338543074,0.8475886305811997,193.11176997776113
17.195202345191028,31.897895722275607,0.8056385145730534,979.4702086742234
10.266173275549514,54.1490019310929,0.7333269458336709,150.30804456810296
5.508587517177837,14.35185764188317,0.906148658760355,603.6243997096784
2.3848298387598916,59.63714802928839,0.8103894428661448,88.75858376869755
4.229853340746594,35.659889736803954,0.7330419935641862,397.07849028348727
15.648671667663796,15.037281420797008,0.9359983770087164,850.7376272713085
31.231306968770884,31.397745876199295,0.9023281076277224,229.19787092387133
23.726069573234753,41.170440434059884,0.7945738908494071,325.34487209933525
19.91896143940627,7.475436409517589,0.8208265026777757,682.6433908957204
5.107145817794448,28.233467377726747,0.7938275365151446,276.78549615308265
31.491600334769682,17.59704052985113,0.714947146918421,316.3573698439112
26.990232814231053,46.100633964499046,0.8439755561434957,432.9533920503264
21.167740477672826,49.49006086062957,0.8018168421020541,116.95998701861832
34.03411214392406,57.02051416037561,0.7316148546914043,42.434874505197016
9.517223129320394,36.08755086603316,0.8781661671447596,964.4648934428179
28.48558128155227,39.17822860389981,0.8558232618758679,825.6885831744218
6.182566011159133,9.788724331405632,0.7663180968546871,103.67054560174128
12.9230070400514,5.3574612747957175,0.7012510620476209,347.44626702604484
35.32131266092017,40.16160178292267,0.8865701897006537,217.49389243257949
17.52301936760873,54.49959482064253,0.7533700809371118,423.2814883132429
10.680684879023657,32.88042617927108,0.7974584009227521,115.34749037814183
32.55821631417426,15.327939500646893,0.7104145339814383,338.5323509997236
10.151341583428373,29.749306581795604,0.7351345149061888,325.4240562976073
1.8592722456594568,39.347579551022754,0.800989351366227,224.5327990741493
35.01986862073143,45.31828821447388,0.853321301351121,133.09021989437807
39.593231479689656,14.097388027996214,0.7325467673377214,523.81149384443
31.027325584341856,34.37479690518593,0.8220945170819681,147.95901565808535
24.575533278080744,23.483646942226716,0.8318241596869969,933.1673577068602
34.11854681224275,14.949214309316321,0.9385713582505909,494.2910886125548
32.581376970109126,22.52608584684547,0.7920720861279487,682.3829965824922
2.8246639327338383,10.41580088948606,0.9382188404858758,456.7471373813534
20.031049643850693,19.978974834163907,0.8205618799030345,53.75999449159462
0.0,21.289627813358905,0.8539336537622585,529.3004967708398
30.646487943513016,59.46723877165239,0.886740673056817,779.5245165822591
0.0,21.31102354702159,0.8106270985275066,398.083140141845
31.696548034122188,48.04766692148006,0.8221419345390961,483.1660751895116
13.401493145120003,27.303244196488095,0.9390220505035851,370.5640515032584
0.0,26.675216700966516,0.9317885648774193,748.0990257340616
32.62425715122734,6.609623212279344,0.9013971686813682,645.4229939133139
18.74171559476886,44.44503903805253,0.762913205641605,153.17842290030126
10.512024951438734,26.096291333043165,0.8619524261990108,579.2748088407642
33.36153425241871,17.84323516963432,0.7196318355014881,72.12852222103504
8.416871863175071,16.436504947996674,0.8712701469217616,303.26714457107244
30.972332222297744,7.31025022898505,0.9149561936924215,884.4145456370431
5.714484673343623,22.722368680396176,0.8318228045124996,445.77540206524685
19.749008664857556,58.13001371056911,0.914146763673274,75.23260188778693
6.8529583494830195,37.09131595549474,0.8861186091979489,891.5774091223354
3.030857020647126,38.67890215435732,0.7133590553413277,244.12593429570853
0.0,45.89726057746782,0.9116678938146234,758.8318252553997
15.250296407893964,11.345710101012083,0.7311893616640722,121.55107456215691
32.253808187164715,13.627612063382642,0.9365884406897551,162.61342008735687
38.471455235275435,45.1409855388728,0.8078992841768444,322.95463390138093
8.45789573831217,41.48713638766361,0.859652412380064,814.8710691595575
24.453913666015517,12.633616230875319,0.9012825972971603,391.64891299351393
38.779885990397666,6.20097024391557,0.7016657198765959,83.49047842122239
5.242550354239343,18.29684754862409,0.7835358861590092,840.1240546695092
28.010260598845516,6.093123041348473,0.8159193928428665,131.79491564289333
8.368279173473985,5.9609551037134425,0.8517219320324921,624.5260786858638
7.536432399549203,58.29764941387842,0.9063517976419455,691.4936622140484
7.1928961925070585,47.294582614802685,0.7598098354239773,851.8855390863536
31.912881421608155,42.3451736277309,0.8773941101834193,828.5010404476188
17.87778912549936,14.194102326108519,0.9168181075504386,751.7943387911728
10.607849137401137,34.2465519272362,0.7951437969672894,822.3352990118192
35.50124750420666,29.716721820299927,0.8911027573373228,909.3399386414017
25.38550746133346,52.644454392094595,0.8994649476927377,460.0230790129187
25.77862354950357,51.291191318977766,0.7224179599407944,744.0863566400051
4.939261531822596,8.946239621795348,0.7189018692313038,646.8157182068833
1.2687333198030601,7.6167872263651955,0.8466807063185096,876.5445117515468
0.0,40.371948360129274,0.7631174222771675,339.27561446356333
1.5592569652752997,21.430888346938893,0.864313699087742,419.00041917411266
37.208278271888325,54.859907821101174,0.9366055387759091,404.08601487226736
36.23428745951012,44.54482192186254,0.8319006019618448,715.3861419679102
35.28783059090974,39.339417303039234,0.8278821232106136,637.2049720098844
22.929968852923913,9.590010197011615,0.761690751039539,940.1514440481219
12.06530540649815,21.316830532090137,0.766713619599976,683.640754030988
22.717706309190792,11.635300012276874,0.8105728627263316,361.1424787690416
0.4424517943683199,47.39404684536727,0.8176023414004903,802.393681372601
23.057764577648882,56.326765651098455,0.8425210637835511,244.9977869887877
17.190710330461947,40.14936667469573,0.8536727967513212,456.5851659610453
24.34666591582449,53.79637171352521,0.8997869963965345,367.46397489620244
0.0,51.80137400342026,0.7304974389119608,463.89409322011323
23.96476748457322,38.97048800971095,0.9364174017495569,975.0164830755103
7.262207544184915,31.174308230561678,0.8883250233885385,631.6831382617925
15.113476878800766,29.116357532550744,0.903114736475251,943.8514563916557
35.860562002952804,23.196529223624662,0.9241620540972277,753.1774339113476
5.4943229648643594,25.281725103903828,0.869500077610846,362.47696171829483
26.50246669010934,24.738866088351692,0.8703848218791541,341.85205339276985
5.6525589098188815,44.65475910674285,0.7456777992965953,182.3453432016436
5.947013317109041,37.797681621969566,0.7639678300323086,711.4183649227939
8.74252009542616,29.529084577433746,0.7143832624190021,958.435892521746
31.138998434463097,53.70918464359443,0.8721071874718556,544.2065519469942
39.09348600342394,12.723923374198062,0.8983298322027151,455.47458342296204
1.3022754321172403,46.930739466286084,0.7129150886881301,604.1413052073576
5.585115857957285,30.667904047438313,0.8947437304220357,383.7911299892328
29.096913228280236,55.52023943743971,0.9097948538145143,647.46423177284
3.4641245031839074,41.26445761958904,0.8407893735674938,474.98031722849913
23.237083583512543,30.032290024138398,0.750432710917097,746.3339393314574
30.92647697942849,19.728687323326042,0.7850613258809357,134.9927915053095
32.07877052789413,50.073413647394304,0.9336407656448209,474.8291442818191
7.462270826485575,47.687439143916436,0.8630783709412997,985.8593335419785
22.53645079020443,49.89266397621688,0.8601854800816078,214.91267804120113
14.396639834729786,43.54342334774975,0.7867434582889085,555.2171749904583
38.18957247914415,39.98963932597582,0.72522979279019,810.3427701153586
11.116114595848098,40.68973347705837,0.9091007898950559,195.83333518634714
12.202272668630437,47.523336310473155,0.9328971603757829,310.59969602484125
6.185434126743701,44.75789224428697,0.7609373638352916,779.0090140135528
0.0,11.974409796118678,0.7298255368511682,719.039291528027
29.10108182547901,39.499790171151524,0.8231240931574031,95.16799024253828
30.747212810340546,52.72700264200312,0.7904791082469855,402.04530948039076
14.896101414942393,53.22745960494995,0.8764548193539028,329.9922904726474
2.257202642929063,42.71952631296033,0.8503894159655105,891.7331881694906
7.689517751242721,26.70713798257377,0.7706763301231627,752.8738981141191
37.864483213117765,44.50336328486162,0.9420816349486778,359.1584319299929
12.79147628303137,10.443430164913957,0.7252440162456059,776.0591972154289
27.285634278400078,26.168787075670426,0.9231458103120475,250.24464413598315
6.227857692997208,54.06960865688711,0.7072938034975194,930.7664887370695
37.651960878804935,49.355431521517076,0.8941952325693829,824.6343023570752
12.675396158313683,14.772772572715212,0.8390045686475859,513.3408922126542
13.514119360915105,25.397259755227502,0.8652896901202012,932.39442236696
37.01297737079515,40.9551856652581,0.7541216995466103,363.1354215183449
32.95281181999348,59.63206119099983,0.7918349259648866,675.4872310969567
3.948141014605922,28.72031554949964,0.822653420834202,83.60694058417278
0.0,53.81754612281535,0.803660256690276,398.1327261496145
0.0,28.169062181285558,0.7436660016238866,135.11517483168132
9.010975733539606,28.036566002687742,0.8684280404979743,761.6565102544997
0.7016061834039945,7.559098555547063,0.8101698858187206,283.05569538599235
39.877605336504516,11.547602751926293,0.8790376448141242,803.2698495209122
14.835729519050407,11.633906160906442,0.8730526781918511,785.5471851715205
11.86216350751355,18.04844469018406,0.7852684004789171,624.2155192177823
27.808822552957064,12.662083667790913,0.8238326561415996,148.97922707301663
4.984696730847011,8.483198124566862,0.8516336200401954,834.0100371169223
4.993181730453684,19.80060402910852,0.9475875221132618,558.7566587644832
32.915778709704135,28.19158563781371,0.8875789413472873,721.0123878260385
38.37476399509683,25.010878499789243,0.8410482990368324,92.13095203323483
27.603917324303602,22.607106799733675,0.8339441570171079,164.78205564371112
9.583118250782096,22.932687097396798,0.7031576704459278,987.9497693899352
27.753345280053196,8.247719388797163,0.7038329279750026,721.3774778807566
30.59773969808869,55.755186872658044,0.7471404618749902,265.4994378314024
2.615808991412546,5.395661735893264,0.9413318531114372,131.47086280340045
28.18337859785538,40.539112629530734,0.912826803449276,151.81530452148672
36.176038841169046,31.319823784862056,0.8313946041548782,255.68412639224624
17.054208205813552,7.341708293188406,0.7330733483615591,405.8340520065027
21.04093607561971,59.270140021384535,0.8053840457756003,397.1771420909421
4.798461306717921,50.887388964979884,0.7564299742609732,191.83147422119387
10.528921609994592,29.496286363035193,0.828071534255949,506.6640930634018
17.720522117932727,5.273582272813818,0.8635699533199369,452.00814516899817
2.5353324353512456,6.577158605133863,0.8477962121064874,587.0013034344573
0.0,31.085808634975102,0.9069173585267987,82.7866188022725
28.56385562164823,22.264066003637208,0.8805088143858699,564.4517318421234
12.65395911786849,25.698155605482995,0.822157630430329,682.9885501903476
21.818569419558347,31.81568642765384,0.8965961074349064,613.7073607074499
8.348337847370114,58.59535119666366,0.7015443536175572,502.90287074884685
23.512434533844516,10.762365564975973,0.8593735093788507,618.7542619928992
31.106086054311255,49.24317865098812,0.7562288461727337,47.61599562244356
14.940382369219423,39.68701833860685,0.7910089144829294,129.92568311876215
0.0,49.12540091528923,0.9383012800316601,111.87635724507044
0.0,31.701214272176724,0.8579162747867135,909.8994276521071
11.906225602142607,31.719772185780023,0.7382264384946612,124.26045538395894
15.802488328388415,58.475157239540145,0.9010039284431,439.69872947673156
0.0,49.49371774064835,0.9431771352076768,352.2595291435935
11.076405291923418,30.005810010975253,0.8275771107721246,95.34434196061447
0.0,58.95171794060365,0.911761690381726,109.77654586640988
25.63452722164441,41.293090009345974,0.8416032537963336,815.628913681504
16.305029989440097,30.880484727834016,0.7440956897199478,200.89352029267195
0.0,32.533875386460664,0.7853876020746298,222.62508368329588
10.788181919327158,52.61933366978296,0.7786065238350363,658.1687084312541
15.376259510625246,41.02552150743071,0.8905608146207448,723.5738154742261
34.60161487936242,41.229573940870395,0.748576089788282,251.73476978112643
22.471123991748637,13.466644329173626,0.9391966120782202,320.645319683508
11.666442205454622,10.822422597014187,0.8120646147462248,613.9569688092004
14.54468063865899,57.06749520682061,0.7841778380966073,579.4942416569727
17.42123172601212,55.607037406021355,0.8868146134494717,521.529157677305
4.542703140669142,21.769818023811457,0.7437554790185426,322.11387772189676
0.0,39.28368357242975,0.7166214699053821,223.28958995117404
34.96972039119466,57.63965625467161,0.9469248554776812,255.17833913660166
15.259474827642297,40.60325443861686,0.8378437199124911,317.3649060890279
19.399442413676987,5.162100432644474,0.8715040388775687,798.3766488084593
13.820222331014373,7.8109550519800095,0.8141089589154592,334.4278037071526
3.466078718381155,44.93021699120171,0.7710044990865023,960.62911309113
4.765353362574412,29.097620666784824,0.8672517045693214,584.2152210074935
14.063240128589557,40.93107644701352,0.8986427064487192,546.4372948981303
31.455285274313788,45.34467574315662,0.9123044089692033,506.5673349508028
6.028627417235814,8.381500392420325,0.929301992518505,453.9005106939232
9.99167884112762,17.622167417302474,0.8812917043875863,94.19819421921903
4.387720052659504,46.799647900425896,0.8674267851461506,918.1390757693771
0.0,42.784459046896735,0.7436225989004468,606.8091424170441
17.10909468673736,5.702664832588147,0.9313981524944257,721.6122650961292
27.46641765464791,51.56142130201162,0.8239178417704267,855.9073622435958
7.735217799539051,7.848368289130066,0.8658739836995979,250.09136386740153
38.16021899644049,13.397474508037716,0.870778659656632,458.31197647513454
7.94093495529429,46.923568915476295,0.8876465201416174,379.53802800648884
23.203581504878077,55.6588535163501,0.748264964539626,78.78444995885779
2.623225370233713,57.047127191890844,0.9214441927481555,992.8218720953486
18.738505508483673,37.908139258204955,0.8616893266681565,495.76463309089473
34.05164755016987,13.691726906605322,0.7781339535300481,809.8401103366474
0.0,24.542573572841963,0.9253622611455399,192.1416179292932
37.946196405714964,21.551621632446416,0.8595491847208847,216.33636031543324
34.42534377509701,58.116560902768455,0.7629837698589794,516.8306312049738
36.268088574392436,59.32811302416793,0.803511087169821,807.0857640723406
8.424235267971689,11.00248001444707,0.7348748980876366,316.06417295843653
16.974153419144997,37.79863378662232,0.9171764472980684,468.8943869669446
37.24861724134559,15.692148150685027,0.7287859629378611,648.8970261013192
0.0,17.94425366984127,0.8328914383070372,639.7337059569259
12.992741699587393,54.05111574804911,0.8955617145027117,329.98921723391584
24.66565451333395,30.54921177390651,0.795168550904038,654.5684558772945
0.1539100434252592,49.323273164593104,0.7837911556256465,282.9996370010438
3.760298551982193,14.134723845047878,0.9332792450314373,158.95961331040095
33.959785306026724,36.39254540031472,0.9291682632822801,943.0192940296981
22.049442939746957,38.79194272252672,0.7362423839503047,51.698092392042234
4.543474861863195,35.185176201833066,0.8704888302194949,868.2333245886324
39.93605468214978,35.88339716871019,0.9299221509613711,552.9597214047496
14.638754847913681,22.09578468034831,0.8018550846997807,937.0848694329918
0.0,54.21269093622675,0.9424186408994257,991.9596557458206
6.665234682891406,51.809263418435535,0.8192990956959951,459.5747323130776
5.0725088461583026,27.009003635953874,0.7764882199677134,741.6521297159147
19.48764727092089,15.328498941106728,0.9341073184002469,457.0384391761383
26.297301248573177,38.225890563898204,0.7482356335765831,582.1223511714384
19.653930309241844,10.29231890836189,0.7698896362636611,151.931829949969
0.7286229188388962,18.763155227638983,0.9027250047945629,843.3550878483029
13.684283292349997,38.820203456446116,0.7602832515601943,504.13529553234514
31.025778655671424,27.361772778521182,0.8421514314513767,186.45784870784655
7.217737381250932,17.74610420895372,0.8459783451651687,364.9114148881405
9.772658366806908,7.93219157764295,0.789894156603213,53.775635040776386
13.106141401955485,22.397408924059327,0.8456651944679173,583.2991254467123
0.0,10.752769590366748,0.9151588666943513,262.28336425898453
6.057108879188937,28.972087910689527,0.8876624032652369,234.29126619473487
35.60759809042381,15.6547963579237,0.8197000225577307,968.522105025205
36.497046187877295,11.395987416067367,0.8573769993200193,127.97701100510028
17.777709904665425,21.998116355382102,0.8261268619230396,712.0053841223498
3.169067191560872,5.4330417869944405,0.8806731934327118,83.87078365042392
15.130356095410406,32.5664536471948,0.7421021917251321,622.2297548017615
0.0,57.39202756472368,0.9021696344824321,718.0881992127483
37.52107593918272,17.36866121957806,0.7065953790303087,316.4795810586445
20.01016361475018,34.79198126074245,0.7366962190818116,269.96469600642894
1.9575319906629816,28.669394430236995,0.9050893024431468,629.0193836788696
3.7303628039426835,6.109010239985749,0.7725261437727603,871.1444268743179
19.451949493135583,14.185763375104782,0.8225371732557181,233.8151411874257
36.48380486395584,30.830116956981005,0.8644723286479868,978.2782306399702
24.681259893280558,58.10069515676142,0.7036290969619732,605.7214947463438
2.9344985777710315,23.08187002325887,0.7609378660880373,269.0691943274505
0.0,53.88288341177504,0.8251412891627811,202.53864412576831
39.08848564099187,16.789107532795327,0.7637312184820907,118.8474148964498
6.969014982356792,57.516401143236145,0.835943661453258,865.8139540476004
16.13423907428293,25.267871299252214,0.7882707921463461,156.24334554629354
34.60886933113785,13.645731946768606,0.8553524155868877,919.1252163868078
34.10642463384503,16.054693735510735,0.8270714960503328,409.87709305464864
5.73237175935947,23.334208728615216,0.7897319258361336,506.4443716827152
16.40914276657324,57.57756838692068,0.8681382327611991,481.57656104066484
37.49817833563794,45.37744046615877,0.7366713747742838,955.9475830319695
27.80976812178656,57.53815564965379,0.8012491986244544,194.2666120846302
30.95104131727008,48.79522550387134,0.7523759049040488,297.85566140286596
0.0,38.42200428590268,0.8835254970973273,550.8181774321091
0.7034845281133919,41.10479743697866,0.8357854700942549,94.21113506597567
30.676065358574657,24.044431895215745,0.7596388659474804,234.27293248581574
17.65728564632353,46.106177482802785,0.7738168615024997,803.42225819526
0.32083628118363605,55.75297404587612,0.8550318548149394,662.712567320004
9.093283418508676,17.688971712399347,0.703676745851514,524.2570335795731
0.0,18.50938478966926,0.9321934255068325,643.0702817468763
5.6484917990625165,22.913014187074523,0.9448909545818249,271.13353583628043
16.600912116939075,14.815942309847586,0.7544498546439834,956.5289025360696
31.428140866775678,22.51698160012095,0.861701716009045,76.53530416199376
19.030213733929035,30.101146971602233,0.9043729561416387,582.7645897202694
23.35130508512663,52.33039180585799,0.8031934090039181,870.6273371158976
33.6594738845948,40.805734885398074,0.8888196260891087,422.4886299066568
0.0,38.76756630995911,0.9321170352719219,113.7156976144643
5.673947791969633,39.49960569675487,0.7390709001797562,599.4210697459253
17.050466114866875,6.572680508050417,0.8959632637611871,467.9768419872599
0.33869907891328727,46.827478038273746,0.9111686546784532,378.9507629371692
32.05610119890194,20.241834390437155,0.8948212902376791,278.3167938404342
0.0,56.94165524699747,0.7877192620845717,845.4574580133485
7.175885607426591,47.043652620854445,0.8766050913272161,252.88498024183247
1.410157111950285,8.989680874043962,0.9153034569998973,226.5951979160033
35.42364205716178,44.77094045851576,0.9406393844289609,274.97623971512286
0.0,44.97971484269626,0.9110418407361145,609.3352912188773
20.077957477363274,38.04630663960275,0.7446730144906624,304.02402025251934
9.693853870415943,14.391900834003653,0.8052245779125587,674.226015509206
28.821454354352785,26.079250806375164,0.7686829417502629,952.0840877623405
9.42992499294006,43.453331520987376,0.8896921726484169,221.30226103597892
25.913958225803068,11.866358786637123,0.7835384031008397,635.9045256260212
3.558167553852798,11.52069516583541,0.7324630149538425,615.5234015416385
18.01943151409439,44.13003931432051,0.9401846582252783,88.43015442152381
7.899151194081223,31.820721020163592,0.9449518086811161,604.7142039526649
14.43712777374798,32.09530715483798,0.7052737354591772,234.60255519571265
12.866026701129996,19.24054493748726,0.9199387224547684,113.38113817586176
25.776009874875307,22.875365494301807,0.7637766010136904,362.17910265491594
27.36537940930459,33.75597074940526,0.7070682226371698,945.2772135394893
1.4100000808553403,36.54305844823203,0.9445679359549648,84.27173016289728
30.41425843190267,17.879996592907244,0.7324604769455849,875.158141430669
21.231391440708833,39.55885047618246,0.8206420065966613,271.0344533805843
21.57878351460441,59.35647998875919,0.7371537273871028,902.0210364658467
20.21518491955324,15.162959863019127,0.8211071955277852,127.69483323859298
24.421163586732536,33.25438426538952,0.7845227492122337,199.90588281525845
1.2274385488059183,52.431478577922185,0.8106706405502334,438.7978319324178
9.704394045813357,17.273091178464778,0.9173654326081735,581.8313802720413
1.3195563501516672,40.33597575777796,0.8584169647726548,407.79181786823784
12.783257998324874,30.720541428679216,0.8930528922041157,233.51180357661318
26.249639226831018,6.514251744644089,0.7773435485730331,132.5725080067363
23.55489620555042,29.680084623360365,0.7123517959587398,614.6464622129092
33.37229004950602,50.06462233670849,0.7284045696948752,909.9314356238925
8.273037547116386,36.25289162057735,0.8184823709170737,113.12160081991827
26.629989236088406,12.148797750178971,0.7342604851699777,682.3758744492069
0.8695998650273733,55.91844723018292,0.7106435833236159,743.8708790572114
0.0,26.173586132928843,0.8340286284091278,506.6043485356791
39.91736358439337,25.768951189306105,0.7551592234844222,696.5416247622264
30.951792298275194,20.55715597075335,0.8483867207412205,664.6621204086481
31.34080482024641,54.5591696199193,0.7795574406076876,779.5969791979032
18.662018284307575,19.172277636400857,0.7687625974212895,233.3869868460511
0.0,37.16628760775493,0.90814950133114,342.9353590035847
25.429330415373474,41.74441671687308,0.7021757772308554,319.892928175768
34.80681090687401,24.898045735466198,0.7450697355209366,63.04417845797964
27.34228172331205,46.906217420417775,0.8261617992059517,420.5377201163425
18.84336118011074,50.83899262445466,0.7427400012246987,479.63623614324257
21.22378678194745,12.998972468848528,0.8613867828909967,910.9859170809292
0.0,15.457430726041611,0.9110252349532437,974.1279325327304
2.0892992972394135,6.366729637133262,0.8409947868305954,734.9290773795612
34.056317269941474,15.673923969318267,0.7659984210246742,444.4583838813134
0.0,20.67535882864466,0.8064751873405356,502.62506233208063
32.19703679872916,16.86141790537728,0.9133734657022761,307.6802159381194
7.005981771272836,36.93128637297537,0.7623801068417235,351.60567273921595
8.724513429713259,57.34438225380768,0.9149971677406679,401.1503128791187
20.719197240370136,6.659011688452832,0.7344373465478428,386.68430309261987
5.46611862419522,8.93509237060001,0.8403679897107141,723.6030875683545
27.923755424734363,46.096684142408435,0.8961971259847678,953.4494896653584
8.485494895976556,11.667998059421883,0.8388297470478857,218.2744483047051
30.55123982669764,35.9604273626476,0.9164402869433792,159.66292721418006
17.952377967815686,43.39862092097557,0.9032598333583401,847.7461242414665
19.497638656844618,17.951336251257906,0.8197320735864458,420.99441504502767
29.751504487746175,14.817794260761248,0.9455097036736724,596.4236345934768
17.407839469987696,22.821708292460205,0.9294567995977382,143.14298634534592
5.439553161792933,42.164174615581096,0.8877418866388758,450.1741982762335
39.734401916188965,33.724004186091406,0.8892950825218076,939.7774560415376
0.0,20.036916714510376,0.9160981733485138,714.2826551191675
33.10818643177434,47.32615663441803,0.7690100046773365,283.5498529668039
20.09012469845887,42.39625563936321,0.8641106033349514,617.586023119203
20.324597350693743,39.486716780557416,0.9290466679895903,103.46760159782093
23.639310399403858,41.75901974765201,0.7113488721061315,847.4459078375238
25.080283727247732,44.42162924155471,0.7093065736478286,670.4960230647041
33.269632607931904,18.412198271449068,0.7848955532204857,190.21803726880796
34.01048096097752,55.204199841636544,0.8204430688714008,212.56125726573842
0.0,58.58961126461685,0.8949311608771645,785.8470524148689
25.67660595947395,11.50819842552384,0.7765332598017693,325.4638021722267
0.0,12.330780172634636,0.7692640802804205,652.4525836565363
11.517748131289562,24.07232998555313,0.7453638917123486,745.5052751780385
9.01289926656591,29.25578082611199,0.897137942128476,139.00391481938806
4.1815878864600435,33.95978526429808,0.917991827896715,670.941165225126
36.7423116728377,17.488728505970368,0.8812090225653764,311.0308621002863
26.66411274193308,14.12930653786665,0.7891309295401935,130.62109239227317
3.7961293490428067,21.575363032025894,0.7153007750916601,153.63073529257434
3.312686611045091,25.899311748306026,0.7145965437716133,910.3546244226147
26.103311771675383,19.67693026460911,0.8679027914020441,737.5573203223262
37.31908401433709,17.242165589732792,0.9059170425743572,748.3386608977602
20.743936811750284,39.035227891058206,0.7754444941572924,872.8858653133923
16.361267670020595,23.373125648403178,0.7600191191891817,119.33677966466985
1.0372422203237326,48.28638052503776,0.708294305860548,453.416617746815
9.522801870998288,25.503507765568546,0.8495368702048398,775.9899304433123
35.1571781409142,38.40642815281294,0.7278967503249458,412.1513523469037
36.072495693543054,6.256947288581165,0.8306658156116431,281.06960603920123
17.35669461460413,11.881883541523486,0.9058659318490417,879.4246744217833
25.906211054463046,38.352786783533524,0.7137246588104713,616.0528368501595
31.218071910362397,44.029643762234564,0.7239026945020735,609.0460604543351
20.964530179974297,30.351624000354196,0.875771556607766,698.1111406838742
35.46640520733525,38.69714975795163,0.8790581619467123,206.21288858550602
16.550773482597997,32.80618981750148,0.719097078967691,101.46888853672849
31.931147739830664,16.20190846554147,0.7969464731958503,363.2995564864729
0.0,43.9470544762996,0.78773637643395,382.94048180235603
19.40860690320752,40.395211726833004,0.9135934859526056,179.51843273572888
25.478491183217425,30.108375162188196,0.8603422730101246,436.44339265558864
11.737630198898794,53.56043347045712,0.7212138986733793,610.8608181324389
19.38952087419672,33.797022557718336,0.7731713233424484,296.31309213304667
0.0,30.196327157663095,0.923978138709038,853.3062180002393
38.55527441543965,45.638093257707695,0.7108735697569388,475.5476225948767
1.6816306310963367,35.61913112846854,0.8992209270550852,303.6640198890203
32.25359946381069,51.59887440931311,0.8911056577457929,626.9468260329239
14.131109143505638,40.863544763813046,0.8831186484940192,257.3532654177987
0.33910495859887446,13.69682330092008,0.9361957405359503,396.2544127403905
0.0,45.90002712631978,0.9357949275183928,370.0058923582713
37.7172873113192,34.09308145210618,0.7987153911866187,843.5910963071017
24.527333210226367,33.952698817538185,0.7345593379536067,46.857611577365574
37.31669908429025,55.941575593503245,0.7750431585458574,77.27360670826317
0.0,7.259490233802809,0.7810992190143987,591.4899089566136
0.0,30.20715490771705,0.8376097706149666,545.1813474083908
27.62858661101349,26.963045456965116,0.9000234059609745,568.4196515213837
1.1266700827300717,15.389952139452493,0.8143378624869733,129.94026533640726
30.7632553735224,24.734692233384735,0.7163801769296821,874.7088792920275
27.149174083091722,18.017505141829904,0.850272690570776,283.3564393292348
37.85791369778409,43.51697887044723,0.7496151241967682,298.85669557929697
16.160864345190618,58.850673057713784,0.8556510562954894,233.449550635936
38.551405304148076,40.043291713314275,0.9310732165504748,853.4902427876096
17.826903586562782,40.520032133093444,0.9494151953300295,749.0762283096234
9.513800443656951,6.808951114306857,0.838944123444969,809.593229690722
14.335437698599248,18.955180634071652,0.8905119234817406,322.7084088799376
0.0,32.36525760952456,0.8124911617393674,758.0215563568623
36.993330811269395,7.4092649319192345,0.8186037086051818,881.923410464983
19.51982574623686,37.797494216748305,0.7504221033031596,933.2368871259557
37.49675991042511,25.20927306703078,0.8185013601232511,582.0375341951147
37.785392872142765,47.744669443070286,0.7604181094268572,477.14723725410903
0.0,10.881869716374702,0.7277844946579697,321.84347234739454
24.394132034242674,54.25882661027308,0.9411754558412706,202.9125238508692
0.8172703093929037,51.58504572056261,0.791805169088812,853.6955931026622
38.825361612512,15.061456465696315,0.710907981194528,84.38521681541889
22.811492607305944,52.215457413520525,0.9013320415554219,853.7548730172134
30.091100055581467,38.14931046417268,0.8353871687574206,800.2317489262598
0.0,50.337505365222164,0.8016025976836181,720.4808605670203
0.0,41.91735413316647,0.8370325736701559,548.5640851137821
29.65173521974921,5.4595265566014675,0.8762664455751457,922.4621873684442
18.44890396425361,40.10766523893011,0.926819504233222,841.5238258069043
38.355463005014386,53.60201587248188,0.776074388779669,962.5585424206139
4.319859952105876,59.51727683835616,0.7714633486647906,813.4816774771189
26.590201407238023,39.21620976134583,0.9088947759710102,805.8674451173198
25.573134276059104,46.54299194548724,0.7065511194984931,297.5318406174059
38.65349138602555,19.747949874789644,0.9151263797965314,982.0291050076604
38.657793074412076,31.114990106885557,0.8225573366434906,674.2952993530395
10.041796281822307,21.609223095030746,0.8064314743370058,487.9552207061859
33.80088045779566,27.692318654071173,0.7606600755086513,436.977569895212
20.333917932861958,38.22346069476552,0.7984179799902158,946.0020021031529
9.363945635064429,30.645174329192784,0.794335589428243,506.25412426996826
24.140964154660058,41.19020554924084,0.9050376599136323,551.9694676890524
24.143702623465618,44.9916133347467,0.8590866270950052,165.0534113150847
22.003070575488483,29.715745964892026,0.7748075285541964,78.61744636931888
0.0,25.52687624085045,0.7799611025704948,558.0276477378537
29.370353417885138,20.671614776051083,0.7738041560653338,592.248827500266
19.535496767278367,50.083312950085116,0.9495508003796556,230.09883539456453
26.320523513716083,24.48539569469229,0.7022772685336647,780.2630193316072
31.334495249623078,18.42552277502045,0.7968964511929583,546.2602138558498
30.156224629694737,33.29131871279825,0.7708516865349941,344.40177038905193
30.305090098172695,7.64804208512952,0.7209341330128352,523.89425221117
38.741767215615376,12.58410303191888,0.7494271928071545,259.1962811267731
31.51334147120605,13.542063661237812,0.8031969453972366,731.800058725603
18.888291080449882,23.449481110771707,0.8968866566926081,717.4255202645804
13.826280235133867,20.433268402797975,0.8261440926431661,969.9310746439052
30.937361499096582,54.80673709081966,0.7040342306635449,805.6594755666423
6.805699883013109,20.94118759704632,0.8537647376682551,62.478489412646105
30.113355584771014,20.650530616039017,0.9327007741420088,135.20568989875457
22.630989291866012,32.228105120524866,0.7680028295247572,237.58369746311845
19.616181846921773,21.666190335409006,0.7580601968551351,603.8642156481146
21.425830810521298,24.302989305336702,0.9136513799254553,696.1111151856641
9.143845113341737,51.97817620012766,0.7497356458466014,173.7088319946955
32.24170400084038,55.903016754166735,0.8468865544461024,913.5091384744735
2.009603813009353,53.544689944803814,0.7929116088625436,345.6016918745284
15.656887670917406,35.09176476945293,0.8786055803982104,438.8325086650623
21.53432157068221,7.360445371251613,0.8238101742159285,857.9072843941594
38.124120110334275,14.547546244762069,0.8390165826995031,381.15049983713124
35.245896026136634,14.625274402581843,0.9125294906073447,272.41327890825187
24.45405470484245,29.078641449937166,0.8991169669807523,512.5576392663994
31.392713672823927,35.051990622138725,0.9274622478332718,435.26716766986846
16.14504287729686,8.157900990946496,0.9235393663050342,807.0637785370002
13.269575193125782,59.728701035559865,0.7913693437606687,631.2431817957502
0.0,5.352575001659244,0.8499938072555564,756.0621331643853
9.603659902413183,59.015378155421324,0.7816641117212716,150.46614984535282
4.747253414203919,11.311327714081393,0.7737166849336912,730.885973395948
36.129033509391306,34.92159692915294,0.7474541841783479,434.9583169555624
0.44969072820025563,46.51804292958881,0.8665574763799168,978.2493936305073
8.385457773216793,37.19959197920639,0.8796759931327182,412.3990281637673
39.074637214212075,36.959130628296144,0.8810114857075239,515.5199836770148
29.18800026961778,31.038221144522186,0.7042083612604021,150.2263947090073
32.24906880443196,15.529408286687808,0.7446956783095526,214.62593163115002
35.65131600846291,19.091828102021683,0.7613627212594609,658.1832549420454
22.75536119927967,24.53977424510064,0.9316035117433983,409.6599364248543
24.262732379863348,44.3532234487457,0.9497634831463848,219.9031693481922
1.8218674711670837,9.634499588355727,0.9243958280698796,707.675812957821
35.68243403777668,47.9811785617407,0.7563315782213069,800.816678877377
0.0,15.867820922773817,0.7078417178123104,355.65282719898227
15.896951826538858,54.66468808755109,0.9275717664612544,418.58785256939603
22.165123117677773,9.081474644248972,0.9435241721458091,185.45987830939657
14.642345068958239,31.610305667583035,0.8948094226002892,304.89037890659586
38.233702712804664,24.202381585104153,0.941548717524516,508.20609426608195
14.035308373183488,38.615783066480105,0.8167322849760108,88.7440712755864
11.27109689253882,47.3866870811696,0.8827149272170913,402.8168743707938
9.414088983365422,29.2180490752364,0.8498165204623591,798.5927551675065
36.66795121381451,14.60541386131214,0.8267272506183118,256.80285043134387
21.25745374832106,33.76054429396015,0.7225844171335007,913.9696710186395
5.956644101633647,8.674512176066127,0.7549156690027548,282.1371145973577
21.96194455943653,41.65229310827678,0.8836380854083439,978.8857481783123
18.217203325809624,34.3623318226342,0.874322281366126,486.4928764346579
26.205083766739104,51.74796005042424,0.807628055096667,780.8478901018534
19.132081974929118,12.723807458662495,0.9391881954484167,400.94075016765447
30.62661923816906,5.446328923869173,0.7519338655638481,198.335184106356
18.8581796952009,20.223460544316527,0.7524542224542066,983.7702389759452
0.0,7.671205298369405,0.8485764718135089,136.29176762308535
0.0,47.45124653644489,0.8626291938871546,400.7098390674248
19.279428122352318,24.349051426349615,0.87716595150599,508.4896914318313
9.849403811205322,32.29660679470823,0.8655456279840679,629.9780878367933
26.41872219368764,11.524751382650125,0.8991500761707469,759.7648981419579
31.079108031517002,16.21735904778493,0.738216209387232,244.3849671997741
9.065569239974556,7.6138639784316435,0.9288666400576376,653.2249709169231
12.18522507833582,25.975090628304056,0.8035094111747217,208.19374467309626
35.49639935715428,57.76114327594416,0.834574036446228,512.9115166240356
28.825401812932693,42.00685710978097,0.9234422315418699,527.8573607577678
16.93090177861711,38.55644014603217,0.8522036754219842,172.51100970766973
28.433188909098444,42.04847933311293,0.7971262002212668,261.5312929027852
20.264831539154542,16.210355752336085,0.892546795488057,854.3519086612042
39.89870158599785,56.79285111628856,0.7208312062930889,92.5145271572299
0.0,6.122596245089424,0.8477299466993725,892.3283471263356
7.026638106922783,7.566192418813087,0.9354347453977153,338.54772943108435
11.943311994027416,36.298482049777625,0.9236812475266722,938.2560690917084
9.784217364766643,7.974801619490322,0.7499890668738673,812.4928323081831
28.557923890874548,40.43121563942971,0.7025177427893186,216.14560553544422
29.027872655203705,8.794544129932872,0.809096163423409,605.0754302936083
18.63134451174434,31.302115373338356,0.7963731607638946,440.85170511968494
0.0,35.677473647032066,0.7471454376675695,818.3343173975015
19.58180980489303,34.29395594421424,0.7979188646569509,75.54890361546363
23.90045229670272,6.638353902898594,0.7233198638640802,989.9222141863324
29.03714217784014,25.95935660264088,0.7318913953639522,306.3082384715524
26.257221373583565,9.510235459514242,0.8546856126498069,557.0080618551078
25.440386159322003,47.1744274521232,0.8870173952143531,877.5064341636863
19.844816341936603,38.051315595268996,0.8957400899836278,135.34860039290933
0.0,38.96888665547165,0.9056916572031033,752.6885602557852
35.97469688365969,48.86337631602168,0.8340921221892876,171.55669668721833
21.77496071767157,27.798471190938592,0.9001677806985359,104.8222886544599
24.71922985358811,26.933521536688236,0.7527861024523672,340.26898421254907
36.64776930361663,20.07100123094556,0.832060617371491,289.32076921491097
23.04599261368415,43.993569469604104,0.7981290434321681,848.7033005409847
20.881999964712175,46.875775540654914,0.7380233524905856,770.8088972946928
38.577217278068204,36.42541560758065,0.883006543402402,127.35460083843702
16.894730190891515,31.581091666564586,0.7431405057963577,209.1124804490028
39.69261806297687,42.81151065529931,0.7735461208905158,738.972032868686
4.374832933170095,50.4434568413606,0.7199454243315458,287.3727180022975
22.574199654215207,31.27753020109669,0.7748033731185728,974.5190321187414
0.0,19.337278204739977,0.7561925270687428,240.23855844896423
7.579822964612804,47.22459910113717,0.9128226726839213,129.5381579716118
23.126646862011807,59.62115040427889,0.752042547451839,790.9419390699969
18.05606875979088,57.15647077408995,0.8192387046745866,787.5275687590697
0.9804193713259188,27.071636277726427,0.9499787043088458,738.1912189992025
12.715784401031206,24.281197540063637,0.7452901518294502,446.6865420475856
1.8338983575058876,32.075280445528364,0.8099908017660996,451.47209290203557
6.9164013406533025,23.696258043666877,0.9443724056311733,54.41225765201757
25.845336945552322,19.700527803949342,0.827257018497771,770.1585727296164
34.39882205721628,13.110172675283666,0.7824271901939849,168.64625416326194
27.050495432810386,59.3583271831525,0.8512586901768707,672.350199317305
7.487929272941511,48.78430869695646,0.8370975210552508,203.53957657484588
21.14823228376312,21.772270611520565,0.9275227357546159,715.075307878234
34.625562354039644,39.25359407994091,0.7459300301689067,806.8292351927364
25.425443802796533,35.83567736393783,0.7558384813043248,966.4553213970837
20.879698801228248,46.05212525379518,0.7244932707409115,525.3568200113463
25.085441544960496,58.17920077155479,0.7658495406854505,430.12143705538045
38.97147084280427,33.50464702735757,0.8657417622142634,400.89008195503095
8.229712226551234,57.89303418998274,0.9185045431825903,541.8583463290472
24.977972747372174,47.18377931493755,0.9349317823423634,801.5243211090885
35.97380621010384,18.078381330376462,0.700223305233101,710.1692964796799
34.648923186301786,54.356747264610725,0.8045697599244792,741.8075336735969
0.0,39.10149403273728,0.8612270000478514,281.8134007031715
31.954723394466,10.441548121902462,0.7798958462626424,200.15967192979898
7.080319268673308,49.55593615272312,0.8337763033614485,928.6875312655721
31.04341393684098,22.5509583588405,0.7288821388022753,644.8588139554747
9.916874726907825,23.27584136485034,0.7132287445568899,817.2287651204347
33.89527174103999,12.656919620879794,0.7269173183407236,796.7267794786553
34.72328046353679,46.959312992770215,0.8666861324206435,381.4192200174521
24.759430895070892,38.48934743015938,0.8526981248888584,337.27200901337994
6.566894740946587,34.81776917986881,0.8000050717844203,618.5778987555383
36.25136943383826,36.93569351099512,0.7699994551576601,250.6978601441429
17.58272765967968,31.062705828028445,0.7770568459743972,233.998378967216
4.632010026704131,34.33980280662493,0.8891520942190869,478.95903358633115
5.5949048404782395,50.15579962876856,0.8945173080315086,633.1746556064727
34.88208589879463,14.0119740707434,0.7296165804823174,225.70044530847963
33.23768338958859,29.040755259401376,0.8198644591316266,677.9673068784675
38.60355271144169,7.66653963437751,0.7136292880753664,512.2541751728813
34.27603140237115,26.757886275131213,0.7263833242764905,552.042832191162
0.0,28.664413570974926,0.8289323056806265,284.4632701673323
13.671647364985033,35.73173045231513,0.7007013385023106,507.73037519508847
0.0,6.2520573316747114,0.8430731977088771,948.5507834093252
7.603646029703634,42.44262318565953,0.8717609319293433,510.88511511705093
2.7318856494277535,34.11044995442854,0.783661818770174,91.6232510205058
1.6664318503548012,56.93028342129457,0.7730652238186443,692.247269439323
15.617594699346855,26.80650267878284,0.9141132771071947,226.82450946860857
20.952575027519597,44.74829058578678,0.818226355538997,72.40176819574754
20.794141619810432,14.382536607693616,0.8101480414116556,351.93860247989534
22.438141000739662,22.680256555018776,0.7936411486153401,637.1857365241818
37.4743034725277,6.455706254503035,0.8248395482811324,975.9948892113972
14.031375798532373,7.974558580458179,0.8645206840818299,187.56581284960518
31.9872954606581,40.53578748406395,0.8679387912251753,945.5855623268278
1.6909307993820692,55.35895261661547,0.7073653663268838,46.00856290948727
11.497164124188009,14.896632275011832,0.8085236459644275,935.9839534693293
5.56535335579333,29.243826649683143,0.8874154276288988,131.70210002305024
26.669064810822174,8.811931842519394,0.8802425203609958,968.2355297777491
0.7905195206749808,30.20703464319217,0.8217201579419326,691.5213443744288
8.901649005374164,18.684862995177408,0.9483084093521138,384.98143711803937
20.32768078313121,31.856381205932596,0.8481291538613873,377.4654253645124
13.415350195936732,42.31029065104451,0.7791597993274559,917.5210713560838
28.094407865214347,21.256399893114448,0.8023571333160443,228.39588881386024
27.975358477868358,43.86197783026103,0.8098099259369644,832.9373657941021
33.59421931049309,19.487925483373985,0.885661283255481,572.3557716185425
0.9153503767286633,6.580311437852505,0.7091259410160182,628.7854431070546
17.59663948276081,27.42815830456987,0.7746104952870352,788.3871116575231
33.086594345378515,10.544625237970077,0.8123634641755979,157.88116883003485
1.648480605929533,50.81560403813921,0.8607715346705922,655.577570690841
32.00606298345977,42.95795587864345,0.8532888123218441,556.6293010935956
0.27610891837980434,23.5345162181474,0.8899891496081207,457.7649929070997
8.557634335432734,22.265721928308896,0.7995165132796122,521.2701753960847
3.7768539110863832,49.58943194986828,0.707835404992238,386.7771680454465
4.763990349713392,58.12944450732795,0.920239899373197,801.6062089026342
29.357554709097418,20.423459416269253,0.869406833957437,960.2526461975389
9.150460961866553,13.614272754830306,0.7046329796589861,243.0785119877012
12.88286767250865,26.742793374331317,0.9052670509002517,724.9604911568509
20.988534441834815,18.61608303962557,0.7473799289229786,89.08376357299969
32.52160244696781,16.963577940679585,0.7254692567855416,201.74833041238227
20.4015541966232,30.984270639898096,0.8267093310069615,263.9920181798369
22.663093519966107,54.14163241515622,0.8974544491543761,980.2406665317801
28.395233691956545,51.18647984060012,0.938410379403007,354.48985508334664
26.878063370857653,38.2678256033747,0.9063957654556709,583.4064543558145
6.445057188808452,33.005108690902695,0.8503309340775506,802.2400580838214
2.1796848434607137,8.948979441749998,0.8289992080825884,688.9283945475631
15.991479810280097,5.445295696887552,0.9191502166747062,152.67003055828133
3.628782230539828,31.482603429227712,0.7421325429341643,248.26934374286435
11.636339548052199,7.58559509172229,0.7196564072889485,771.7742859369881
19.7299772260918,14.351727946688747,0.8106138831521124,584.8759479627811
0.0,37.3138695525864,0.7724232643250526,856.4836780909053
21.129817273089515,9.245920496491918,0.7070445834731292,110.92666279403481
26.5733002001061,15.656877458871964,0.735219296766478,716.4856641393294
6.720062140173171,13.121497183501985,0.7479321562356773,174.57747391237018
27.92132898469572,10.78660361026375,0.8635632075693356,453.7311308328538
38.182324088579634,34.3257257147525,0.9418059250580555,83.51032917099616
4.994354657589121,50.68172945337104,0.8469288367702257,381.20454604363664
0.0,13.231479263893153,0.9174476331832918,399.94533485649345
38.915520418474735,12.969303076924314,0.8471659274343646,292.07028568864166
15.411065347555965,9.459634722655624,0.9450415146417452,294.41009706021026
18.95666035946623,44.59426783990729,0.9349938674743661,689.8891908687906
4.287913036178131,47.191972815773426,0.8158752045894954,780.5951495966442
14.328541623623444,41.7199747461652,0.8755967709307406,433.8262009222565
28.548734237071773,57.03883163280753,0.9133092263538913,956.0308884217735
0.0,45.38428126201457,0.7123942190126227,928.8354894669586
39.172651514789145,13.09329299478407,0.716838966221238,458.03865506498136
18.22034475492632,42.016125551821965,0.7709496942862464,693.3500524566502
37.134527326121486,11.228391683035063,0.8675901789418126,780.3084562939388
21.37550813299997,26.86531680780107,0.9287743192564284,696.1033313865961
25.028546239770396,51.0508469155332,0.7075705482046561,184.42983220290688
30.09033797232358,25.779967504321654,0.9335326049269642,130.4359615218007
12.70705971654385,29.54336738196237,0.7861323166648723,313.05669892992915
14.389256103265927,41.85315889570995,0.9192549323311987,434.2276918236375
9.531076715168782,29.096644796998596,0.7013702838478486,436.4724020532923
14.202603862822267,9.694541486544857,0.877815990301148,941.1402795738011
36.6701557027487,16.86806288456678,0.8882186425801745,652.8918623353993
23.993424084198885,27.976905599006898,0.9360086687655714,484.6959255299402
22.64791860929553,28.150017118363007,0.911425153847361,931.3755522193399
15.698286526050397,47.705600999904235,0.9201548552773904,431.6767690188193
32.461876846137,57.40288157362282,0.909674324284594,267.1474008107762
17.513547496087156,29.75552615932009,0.7015290704423566,710.3136865632036
37.60455880802842,50.21092909096241,0.8854079063968507,544.8751209857205
15.867849947439192,18.613733537125068,0.9095176073708152,639.1789581428552
32.8887536703839,40.17143175240591,0.7771320205339197,292.16276981805356
27.61324002854806,25.44707299495891,0.8288188576120471,232.04515102595937
7.662758916491289,44.4330882709011,0.9107149479784801,922.641464400494
35.44646962209938,40.63723001177807,0.7071532370647942,204.49079296846978
21.7292446460393,20.339276468944437,0.847586846904302,321.29900654581854
5.233399667910689,33.390345712776906,0.9392850492886743,69.42495347642705
24.887320700252538,55.26365873205617,0.7889308057789102,998.7867125016064
0.0,10.435874563095911,0.7387708122522578,190.66548865440348
6.267196814302874,40.794950764739035,0.9236014716801212,258.71045250940927
11.034699683211075,8.252718150342325,0.7029834051616338,253.65795040849963
0.18862722724805198,58.892537477128876,0.8887677871844403,280.8663473887234
9.619129583025487,34.6118032650657,0.7431666471673576,408.9557903681243
2.8394054240150184,17.401620495992375,0.7709255333481022,304.80323687390273
37.836318874479545,14.507697649739358,0.9129745255849591,419.5133438025075
36.046536807969325,55.51109071405496,0.8500087070118572,308.54134692393893
0.0,13.904001474999223,0.8018904184596862,352.14683500690876
24.990911828872417,27.057287873118455,0.7086482219176715,584.2574689692153
32.96482000445484,5.500123554576044,0.9063097001297911,998.1020238843072
2.658571157139843,45.63198500500305,0.7254056186206889,546.4936711054353
25.553664455538943,59.5756073836586,0.9164542741161319,671.0735750640831
28.84355881873486,52.71084757905116,0.8929889253189487,249.24304880859495
17.745028454018023,25.43985303306217,0.7369185358175583,183.82248352956793
31.785531352803687,49.53536150410148,0.7894954282870759,684.8019482414699
0.2591784251470697,55.72959961088852,0.8227548248079575,312.2417440785259
14.343145170658303,45.16098432020638,0.7988512882414961,682.9069833979723
8.93493455265326,7.549162027341214,0.7455487147252571,645.2687885151593
22.982033273688934,26.97445397147598,0.9229019051200015,798.9502196839571
6.605566953447223,22.80994037398155,0.8123520705473356,832.437945343089
25.89413923341157,10.876801196789927,0.9400005859230232,598.2009673374597
29.475827908272723,24.334681278274413,0.7887907215627786,707.8648809616509
21.819853164709393,31.93701511787312,0.8599551293942261,561.5371953230738
17.45480318664718,10.57190271993355,0.909151882106075,605.64426365924
0.0,9.530695141103237,0.8993796621988551,651.3070867842682
26.460752509347703,53.93988544115553,0.8078467432615234,300.17099108131595
17.639245895072737,27.295354314542116,0.7122829593578421,715.9359684634939
27.638449280074376,52.83833533333785,0.9037956250849873,441.1152791104173
20.032337155473556,56.377749309553074,0.7723088667975261,512.3256116365914
8.09902585709851,44.10824620027727,0.7545739630625968,510.0616522735079
0.0,50.09081788847714,0.7060386346208201,471.94837214080974
24.827482593224435,22.695252914666895,0.8200177192950515,703.9765702833934
20.423367695109032,54.47297478331155,0.7272803380551792,101.94361448689403
2.9177086160275136,24.365992048124227,0.8014485762926505,160.99001385436515
8.931026965254187,41.64479150775022,0.7298608932051754,784.2525942927493
0.0,9.560700245533297,0.9366007399884592,632.2827290713378
29.144670731289803,18.3111013289554,0.9497373779266026,387.22700231490643
39.90940655688427,15.749833679741183,0.7816074019247428,573.4490114869627
3.762784589913026,46.89231713486866,0.8545861553627021,208.6477345186297
10.963284398298114,33.906571695504155,0.7734655512090738,963.5957181404813
14.782755682683442,48.55561531272357,0.7389629082317773,919.8901800561521
0.0,14.781838024340678,0.8219770704863615,916.435604591343
0.0,39.35441818441962,0.7966687190399163,312.9183443131286
0.0,12.93358033991461,0.8324322444963916,789.7073257734587
6.183146165624727,24.230907788585288,0.8523367266933269,293.1436252486267
28.21306062211387,23.74217840719551,0.7317068421199082,766.253618372779
20.91417760878852,5.640433588600939,0.8593281100995308,723.8979787839093
2.220026393160799,55.871901532210124,0.909805985972139,183.7075899002545
36.12275641070646,21.172657058586598,0.7852433437182739,526.5366505843721
33.37954431161035,10.406070348814849,0.8514251560302446,473.11996282430755
37.741914555435244,22.64465029844707,0.7600863291413873,671.4362590100803
12.529873737676324,52.455893586274456,0.7596482677258947,919.1806304257395
11.146492056258733,56.35696225354229,0.900244855651859,196.61646177756387
12.60163768287014,32.389387169243214,0.7690958702925412,495.48137895750347
18.54457167430342,50.93231199761082,0.8606455494979998,644.7870748528883
11.076251865631974,29.93903044439031,0.7615017728013421,885.1124674133026
27.53516253152786,29.255364595917076,0.9338300191466438,918.8025551554852
36.500348163541396,57.034208010385925,0.8935366553288344,546.2098679283614
24.9008649337747,49.18477782966993,0.7219042786864758,765.801026819017
19.8786045521591,53.06479284771904,0.7085564099480518,432.99306081914835
20.091859656559112,12.520148728217062,0.8846391231670404,988.6107799552169
11.980576200530248,6.142531922290605,0.9038250656489851,153.80724183104033
2.6224646399613616,40.03735364264349,0.8846737368567815,689.5603662001269
0.0,44.40247391182057,0.7112143849105226,449.2787440399768
9.29753127958244,10.494655605096135,0.8011501647518653,59.50279347329232
0.0,55.39052853901882,0.8891133733655621,736.2047752080804
0.0,36.84083715033215,0.7885785910896375,737.5160595962024
26.260420619867066,43.086971598887935,0.9296948932872967,613.0705504475642
23.07463248124356,45.05798073801007,0.8399705074837975,237.92338626222406
13.968589432157883,43.470235519639715,0.7488330622261745,128.4951768651425
0.0,40.275632635859196,0.704145329372825,515.6891759381167
34.82659369944812,56.90967872411395,0.8995807076626733,810.5215413750566
3.713434567375582,56.894835113240404,0.946124916412254,215.56275308066074
23.113153223143176,46.842483320180634,0.8083070361070558,845.155434111334
20.047216404143494,29.955935435080423,0.8643296158887135,169.9787060950432
5.848201113806087,24.252567987062804,0.846480008081499,881.4741115707636
0.0,21.9666673294901,0.9480199269202718,810.8482154642022
10.7554861267703,58.836255358286984,0.8158876092168615,96.35194472006222
7.841533262083762,13.241154535158586,0.7100839144203284,721.6761068050374
9.769560069661699,38.937383282899724,0.8497550169959005,722.8710709448842
1.1804037611898672,47.48979864239898,0.8726423387448973,377.43242881029767
10.21562222353772,5.812320001515595,0.8883424517169113,217.9894479998069
26.080533277077382,20.196118624304077,0.7378156337966159,185.8771596097431
37.49937635485225,52.24766157390093,0.9464147612328823,557.703454258107
0.0,52.01253946483738,0.9231784911062679,692.3014064573688
21.035952612299095,55.80675180698519,0.8797412993860632,51.51532983369151
5.508858827921029,22.37323738520093,0.7083237632203556,88.37711757835888
25.330049497732023,50.78046935514272,0.7533754591281678,262.1777594388144
20.119267358723008,32.933127589066515,0.8052688571113189,373.24550149925744
23.724309483579358,25.42101256937588,0.9271761178985881,279.86485910148144
17.418437837864797,7.826691264104589,0.8352520827838312,467.01040480000347
11.65361353053561,58.82025852946336,0.7688659593945687,104.23660279985306
24.080996387340413,20.231916002989404,0.8616012682814489,342.811027923485
21.30801443921665,47.30672835788329,0.7362715143091856,815.692845298766
14.86978690042037,5.823281624750259,0.7373494934961665,199.97519231544857
32.55644292668499,18.451583805484443,0.7146309389503838,633.0696851197763
14.009707001741834,12.053139240103384,0.9140603621372262,877.6778046526853
25.05234287308629,49.31646932374201,0.7504425965318823,694.2184186105115
35.99966800031691,50.398909098240985,0.7689515691656339,166.68910748092745
0.0,34.804307698544505,0.7922362706700554,696.2063609735352
39.253048742228735,40.03820873156353,0.7688569461100487,379.74331588205575
33.61599644004783,14.679365823980456,0.7058010867667172,80.38879459332091
14.127878035436298,11.573069262959121,0.8255525555185578,409.7147933632239
0.0,37.087073861919166,0.8183249224621982,212.68195765463616
0.0,23.929028104791563,0.7250204893629048,700.6494997334628
38.21706882452773,26.307023831563978,0.8696679114168046,273.7831016136214
28.285058837227332,57.03751089354745,0.8309745630265022,635.3561702665065
35.8972088415323,45.97318071368388,0.7544850639717261,770.2282341120821
29.555949642832914,18.679882079424907,0.9035583106703368,342.96917440912006
1.840135167737727,41.70716089917781,0.8522679528312209,423.0360389506688
5.30809477201861,41.14746277261032,0.9133846122813611,817.9131523820622
0.0,53.915052094784855,0.7947855419369785,344.5095188593883
36.84123898890754,39.87473556186772,0.8651973975211347,947.7411131430495
30.303302267412736,35.16900136973465,0.7133591560173356,202.28821512819178
12.816407257893815,59.094254306619014,0.8607115374623666,283.0515529911106
28.416004551711357,32.72042783142131,0.7971429855902011,605.3005509878394
0.0,19.117362557296804,0.7843812934643741,812.263884259464
18.03591573054273,34.34737872631129,0.730824997331025,702.0457794856158
39.85019219214923,33.035179551838446,0.9447282545343514,593.4066572155623
29.985650911871048,43.15016215301876,0.7285099220338882,431.59386612563407
22.23906681987698,26.34733331547749,0.7650271583335158,922.5501071801951
31.834289355051386,11.590732754380852,0.7020277160883585,600.6254415457639
21.896399994395416,47.0306640865503,0.765105817652828,741.9152268871289
19.551655843863358,23.385363137748083,0.8792558546861251,944.3226827698944
23.20251203191616,59.938319487886844,0.8392609173930499,353.3257577866706
19.68916591573372,16.008934137944063,0.9313086610207775,459.23901894252543
30.75092195455101,38.25261007591546,0.851253462418593,761.890510733925
39.67373135298108,37.05791227983988,0.9209362658248068,239.54601541393998
2.5409498052567168,43.6005313280683,0.7999047604684163,290.0588020488626
38.567304066834,38.66123925147492,0.7003370586449182,123.2946914802475
36.749711092457176,18.367022694735667,0.9226277315681833,117.78058057509966
24.198116100829854,15.09005417635223,0.8530899951376636,216.72869886369023
13.277173189072105,41.27492359429908,0.874725559323835,92.47363804706697
9.766049819413524,27.98991744841181,0.8138878611002865,396.6920685507079
2.743124685421641,58.37038717730175,0.9109262061282762,772.4042071280269
34.32179682652246,35.87135655356484,0.797452441569538,609.860074691412
37.29118112586748,37.33010672967509,0.8490876937646447,120.53083624072727
20.379313754172433,26.259608317008837,0.72662502958481,962.3414431869965
9.268689569778541,50.17677293422479,0.743666627064753,413.44191967149743
2.5660154258292858,59.803975722673655,0.9216319187650053,876.1832554009393
39.61404226176062,30.84981689311206,0.7415601473825321,627.5205350923602
15.62560286211137,33.596139067612604,0.878065150324131,355.75136737841143
34.869477965966425,10.919997201745323,0.8944746932393075,517.634151367721
9.392413488432588,54.747266682924625,0.867571623061774,441.23920039837196
37.62742021237518,30.38530729102355,0.7153656583920478,657.4333194381554
14.37539714806004,9.03167729936262,0.7172939158970242,745.5225118846093
3.767608883763243,44.65187041655472,0.8391784586000952,296.0842238055812
1.078073507201179,6.206662096672256,0.8973160415997632,100.59699146622054
13.827732394922837,18.72956626149727,0.7260024445555073,112.8649509576065
16.43162857627121,40.75647543767773,0.8720924619165138,419.00574924685725
21.870453577470975,25.320809054376443,0.7844852592620097,592.7536033343756
19.40113384209269,43.299488751834375,0.8401702301730312,447.7429851309252
28.697241877371567,59.847256404315836,0.8320478896836675,664.2202857404574
18.82183580583513,37.92765898963474,0.829672844470523,751.9344115049391
0.6484590418936947,7.7748891201120625,0.8159646434719832,583.9099731462562
21.563944950569088,7.437795710583338,0.8783277705794104,834.985260327348
3.6274694481418095,17.144223933481616,0.9419692562757951,914.6393442553439
11.397730503798988,16.172951351403025,0.7158042280686123,883.2880423309192
38.42372151607204,50.82810975929106,0.8743459612574663,687.6698762393753
34.731562405294,47.26101358275173,0.849583389419569,350.99428514090505
0.0,15.95021732283234,0.9192482283618328,929.739371238626
27.157631839327976,9.781267633722688,0.7490435355223672,890.639859367982
34.55662811302473,33.66657349482492,0.7809183614052898,309.4218555910846
11.008432611975987,33.35763823247382,0.8008570319900958,286.7383606436231
33.024132508896244,59.358232145088316,0.713970973375082,90.66611957998184
3.9951579856116193,32.30392604080709,0.7506430512468315,255.19014156941492
29.155254680888024,12.457971437230194,0.7266569160848672,795.518752776236
6.845459725029208,44.70922810874481,0.7879820150441006,464.1147937638393
10.727094252329444,28.91867875028884,0.9365305162233162,743.606555160834
28.07273978921977,52.76636034483009,0.9203956590541087,411.0872646542452
0.0,34.725924505183066,0.7471147767351785,560.9557915519689
18.71340692407178,39.532211667261684,0.7477849760057131,359.44196605612154
2.221529592569474,55.939016160377854,0.8693923673047073,741.2834667305708
29.052934285708172,30.42281267016733,0.7377627401471771,61.00851249590697
3.2988042017627,27.103131670479854,0.7521554268559688,559.8441075639222
16.58369575193785,16.08549159490778,0.7995959181790601,948.8981772836579
0.0,8.004858366684036,0.7989510779988789,776.9832486746117
6.509721519608263,55.59578965076387,0.7729442277262779,849.9756450336797
38.12186004344682,46.60386259549032,0.7969522642424266,705.160456010667
0.0,53.499986819750006,0.7715585735214455,377.01422559462276
18.342904783211896,31.41473233517977,0.7468959619574289,165.06111301439276
0.0,7.663395708311939,0.8380490531808079,419.88432997622994
0.0,25.86404334368075,0.8652247201825222,51.06191604277136
0.0,44.060425093359854,0.8701206024440635,966.8116247371184
39.41692798970723,9.024877460748606,0.9035635905178167,181.37837092259988
18.855054141743995,21.04562441677181,0.907249832678052,788.7066266392335
38.80721558397958,37.479077502995715,0.9128757027853748,444.4853697437967
14.524950965285955,16.521825110599494,0.7474236100704014,635.6064767289888
0.849185931478352,44.1692141487554,0.7716360867154108,383.76844319016993
5.13682807251991,58.11016653112313,0.7365135653197448,623.2020850235335
17.232229219421846,18.359570215643224,0.7491200986823943,254.81919410607884
28.755989501957945,35.88746588780108,0.8885380236408242,488.9580578227838
0.0,5.399121616042068,0.9274929377440623,908.1026067059461
17.056843778856447,37.66192506943616,0.7591947146118587,683.4195963353378
14.764487189044933,49.231405852083746,0.7117502707113559,254.36356878717416
4.05551993925602,20.121407391132475,0.741911164652992,825.520596863413
35.29470089107038,59.73285919214307,0.9200865321605819,114.53599012177946
5.188897240737632,53.22023470763555,0.9294885854041882,99.04814348431333
0.0,10.36534828135023,0.9137248891475276,551.9835598205914
37.099355102107296,6.805010172712694,0.7836985331967381,620.5823846391346
14.975067504948484,58.355422368615976,0.7977118281184483,684.0857299640453
38.093873346575656,48.58487754670346,0.8624496081548241,161.298828651332
10.190513345600742,35.76861092711689,0.7006988632452917,525.4880464260998
0.1746158431652861,9.237247448391113,0.7711699076198504,217.3565369512124
16.279736075585802,30.487282463117015,0.851847942212111,681.246994715954
8.951882263761338,52.70583611972079,0.8947410446403863,45.90858175103275
38.2497512543769,34.57029007880248,0.8426178472019341,325.280844594709
0.0,30.24303801287762,0.8786719741857614,403.3634249611829
10.287711276350915,42.45278852567808,0.785351082603749,403.9137673498384
11.069378171660642,48.92115473973043,0.7485220619378605,755.6555925814727
29.4493936497761,33.02760358691456,0.8104770190824812,694.5575382913503
25.538377368292615,28.49109479342584,0.8441605053526056,694.3914310957603
7.754199155920323,55.2668030330254,0.8379118748015298,130.67711715427401
14.039265400060088,29.49608999556764,0.8837722137462971,723.8618546638246
36.34996689863372,59.74002094520801,0.7135340821110097,98.65454411938366
20.490163258030538,22.661718593005894,0.855783047333449,796.9545188536379
24.87437363704187,56.43746802722831,0.8153625206022875,638.6701675256777
34.80878259094667,39.03797838673925,0.7321107967736861,351.5676859560838
0.0,17.2504181351929,0.9166412133848432,399.15682038096213
37.42401946325229,15.116474853430976,0.9187820815662275,539.478866514046
19.408618402517796,14.16020882277551,0.8968523745950455,983.2130422234596
0.0,59.383117325390536,0.7621172908280898,110.29776490393338
7.815055038934193,24.800648620784127,0.8095653077606775,188.53060855289172
10.952532530722635,10.115885986026504,0.9476689311786024,665.8704680045635
31.357040859199326,32.04428273627151,0.8153271582786914,161.15363531280707
38.096306960189125,23.437689624484037,0.9370312195321132,344.272434981975
19.323431082519402,22.053117051874164,0.8091277624385982,293.2112896415245
33.60677067515639,51.36916357529807,0.7253693600713115,927.310344249066
9.899244455417284,14.079523071988268,0.7921888400999588,498.76414531673555
38.611352796591824,43.49752246645744,0.760384687450383,983.2812578255184
0.0,30.334593664491845,0.7443338928668154,746.627321137188
6.831551344166031,22.499235170993067,0.8125165000596188,857.1313471296642
26.343772303489036,31.66149681876777,0.9392790087327179,77.30535886385887
2.4769600963624634,52.94394257623698,0.8010099420344802,171.52115231647457
11.123546724710613,34.787171598422184,0.9393649417529675,499.27342870127364
35.12132700157323,26.971089050581853,0.7785977263212843,175.43874052955633
19.790923104511467,15.96788519745143,0.8793210086923687,887.9197903893939
30.89129653886419,53.880077643632546,0.7775954398975254,260.96478790209204
32.38767963138303,29.608720919258765,0.837993357168922,508.8868396521125
21.59458833890197,50.744187999267666,0.7676782499380388,931.3790504303201
31.50706626053433,27.35781914097103,0.7340654363646001,623.9583467965033
0.0,11.345119558414252,0.8674366719811936,532.2276098933335
6.88178720774169,43.847789188478366,0.7738617618776222,717.9493237801053
0.0,15.626793782667033,0.7216005117560569,498.9991298103758
25.751986371743417,46.530608693834026,0.7038640557192458,344.8244602911578
0.711624828501363,53.56612377878921,0.8386190814781891,335.22010038085074
8.934208457114284,24.554614825090574,0.7631538791751526,408.4205857834391
1.8451457445410346,11.514035223683857,0.8997255403755595,864.8632529510733
37.61330868488098,32.96856011564435,0.7339025974843376,676.9024183694283
0.0,48.78880739402952,0.8032892373672188,411.6633227188855
39.128102313535656,24.35281472706763,0.7380071236856763,453.6129846838752
10.357980887936186,35.00224736548399,0.8601734847641185,254.53109800475005
14.665027364114962,22.848452916023998,0.7692464450364155,852.9954591428376
19.6846275770203,24.957860686122867,0.7682814209052122,657.413697550588
17.63655140188254,18.721605183909503,0.8290556675096067,941.2126988781259
0.0,26.76888383614732,0.9296281597169717,419.381455283038
7.769176875815286,5.333575772039414,0.721829106438441,813.371461460882
35.317605946366214,11.052838142116961,0.7060482157079826,663.5637560947732
3.9127262730332357,17.883407110971508,0.8543776239568853,418.388698348274
2.9686721164223355,23.034666724077297,0.7065579443452668,665.6124812609214
16.66268491640364,44.729197661015306,0.9290330998945786,381.1079207287149
27.23060703149287,22.940727029574596,0.8005131224555216,850.5445342496447
0.0,10.09072133593297,0.7683743381466046,323.2543442896578
13.173797932951496,24.194007189635105,0.7961858672988463,184.5152724401474
2.1921064658432203,37.643143014946645,0.9169171310991592,232.6113290866436
38.52802439408322,50.341479155023606,0.7716285873837443,229.27492206309057
12.780986692670698,23.552842967953946,0.9339242276911337,288.2829301283457
36.721294962818966,13.020650164557845,0.735012431355186,100.75368787956457
29.955183572838354,27.288786707774985,0.8840874172222365,149.69363052473736
12.6586307799255,29.078991676339765,0.9318860418389117,466.6511705228588
6.622644291951304,32.23606922633964,0.7202320522342245,697.1033946496483
23.351141755757947,23.29369583820979,0.8707072700826877,63.80729384782789
30.91797208028945,33.47350956152647,0.8826442294822225,475.90500830553685
6.093264274830318,39.96026549774221,0.896774273797523,114.4240455409118
12.40361725127356,34.40246988514498,0.7818584251333107,122.41477207954027
39.20866326207445,18.908037739928645,0.8910720693244049,628.7053803142064
34.82151286892777,23.578759739013808,0.7682900374314456,249.92374855898856
39.73225328853193,26.077742644700553,0.9144238586787683,565.3655437028958
21.413959906405317,33.71111590932642,0.8281052940345806,538.1144135709878
0.0,41.48524696788121,0.7149159982330711,637.6109294474065
26.765618385384084,35.860842040754875,0.7293539479209673,560.9045307016484
19.72278553770439,10.690414128692915,0.7225852137499429,199.9954448871457
39.452181379792684,51.08619236325298,0.7052975798965904,925.2039918871131
15.621897342926031,11.21858564157832,0.9164118395242954,155.03972178294964
31.44173887756634,23.67856983547252,0.715004498573883,982.1927023625245
38.32417819000454,41.245593022283025,0.7618766721153041,861.5032202851653
4.604389782320992,12.583156384863711,0.9167837700684833,937.3879960911623
29.175215367362537,26.270592552217447,0.8238404521030073,311.5395542024379
37.930922764378074,41.257458985822744,0.7557819621128221,44.002957575088715
17.30163831049183,8.057569957329633,0.736333320968101,155.43889553171195
13.341254092527025,37.777008127395405,0.7809515481354421,725.0394754968656
23.728467232446196,26.45992425410301,0.8000493914504053,508.6687647186832
26.21166594288794,49.968997366511765,0.8914137803038583,307.6924503828433
26.34974223146396,12.66957689630298,0.7505147783580596,640.1045142777508
37.431389386911505,42.3385116318702,0.880980957704184,57.00072459956829
39.7492785044041,44.30098946302327,0.9044624999175601,231.33234450244626
36.04043830637381,19.845145753721372,0.8022416228589297,425.98248508842056
25.855720649578636,8.208744406597937,0.8656131158655512,363.95918501687663
29.528833877934396,11.692622768746247,0.7830331610112126,552.9135939575876
29.68000167888715,9.484064297673262,0.7240656600020572,394.41181401351434
31.433336342289685,5.460172351311286,0.916564871241633,351.0105136727478
6.929641959147984,8.301588648126932,0.7442210065189447,538.935049779592
31.151588211433605,8.773313973119544,0.8785855199523329,954.2925656304059
24.111183778020383,9.021430790532305,0.8641015665493345,840.7444221809384
10.313703665688774,49.36606885560471,0.9371787919864553,955.4287147021181
33.628159362928336,47.47805815580207,0.7381530629491484,937.9199916891148
17.51015916798631,28.987736867368504,0.9258880344848521,248.65837618907625
28.4620015689106,21.290136532663027,0.8378853125979143,132.55335648380975
38.35368107913581,29.744917580976132,0.8161575335726377,628.9118214505758
17.07075774812768,35.464606866516085,0.7880595356047795,966.8345295521541
23.348350886115227,39.863269569609294,0.7282173094287487,141.8098000218184
34.09447656096573,27.304563092760883,0.9183110856198837,92.41482829444936
0.0,59.25979803249622,0.7859907913599656,226.01628283073183
0.0,45.228838176797396,0.8693480401119398,619.3134088241184
10.89765115185147,33.03993731196712,0.8060481697405645,884.498527904129
7.434159160783431,55.301362788954556,0.7782471435642019,374.3736089769527
9.269407885543023,5.34926898932506,0.7948056384671317,315.59977275093223
9.380947455175331,58.39852584538076,0.7991497315547249,413.5162783905438
36.10019054567766,21.434448137220798,0.8668681259721939,587.8926550799215
29.067834019921104,56.09491660093606,0.707606599854399,441.1790099262339
0.0,33.5712480737523,0.7492549380191708,842.0715372667185
19.759375883894673,41.18714903452606,0.811527442616896,910.7114905168895
5.5750229034449,16.670778651985827,0.7597423770882576,867.86199664641
38.20078362656724,50.53322077765493,0.8944770302758249,866.16430305755
0.0,53.40786681792353,0.8607842003048622,688.079867665948
17.098187822529788,16.142687020740407,0.8368703868266638,624.606180613106
0.0,43.89822560283091,0.7820049886942456,879.2807548473336
3.5008503991355955,15.590704870511788,0.8498554461860098,410.5916045868791
20.04055396225808,5.553708987820974,0.8393005089420019,827.7871026188725
7.189153185767889,45.59429180409964,0.9103621129476855,161.87083915727277
17.923209124216378,50.45402377334224,0.7611864260477321,458.00056086799975
17.184047825170456,40.0521069191176,0.8406395685805533,808.7447120597899
35.08692241001876,45.03555324668189,0.8384010764301305,268.9501444680805
25.23670826955847,14.431976353154317,0.9290598635174688,945.4118380281199
0.0,50.67246757264118,0.8676650720875045,435.7771687004062
18.158440951143135,25.60831504989995,0.767580516190574,968.6386593632143
26.638796628992825,11.724799096214708,0.7769364111935213,115.94671045215617
9.875925104122139,38.1027269336538,0.7197061763749553,362.01574203301084
15.783825417950185,30.3348193981836,0.8584226752051369,783.9282315195956
31.010792631865787,40.27782298731468,0.856717450708327,686.012952612212
0.0,21.245346668107317,0.8801646849333502,286.8202599629718
2.7957926658360512,57.183607564508726,0.74603429781936,499.9288741123179
12.683912605005554,20.053085847830303,0.7173168154544665,907.2845963543627
33.62283291216381,28.380161631809887,0.8615955065606863,356.8849000846553
9.593681642638057,46.61880527192262,0.8423784746476428,187.28606997449623
0.0,18.321420220570207,0.8638758872698586,344.66033686331946
11.612341063148222,20.07383547824569,0.8136029617287409,473.55634608630885
3.0434635983260963,7.573602617936086,0.767856730853957,256.2350182488661
6.103640002019609,35.4348093874722,0.8982463924244166,294.24541050957544
30.575340355433156,12.578430174312084,0.9383344777443617,852.3891570900406
0.0,15.777225400188893,0.9193387840095241,949.1540405937903
5.015677067718762,49.15159367731758,0.8048912135887714,126.2924411164284
17.97201248662501,59.07728079182436,0.8528386713499688,117.733185365927
28.75327087225429,22.319460164546637,0.8003740785019435,62.08509556861369
24.071489115012074,24.13372287872629,0.7347930930441081,60.91972759465115
27.486511688585647,28.906265122637258,0.935527469491628,283.47676491761507
0.12389108814806693,32.89769061723963,0.7130642349763905,202.79593770619655
9.392040797886269,9.367045452839253,0.9407044501193316,853.467832191691
3.3322743242334187,23.068817745326363,0.9279661414011576,312.3689602824721
11.192503693573245,15.569175777457424,0.8971854953650179,633.2537199132088
8.43208149177646,22.008056483174734,0.7443646518880167,875.2563907755529
20.135017201472404,10.03524953390087,0.8981403565366375,681.1405504142319
0.0,13.296315151228624,0.7230637762059959,643.5813895370122
33.429248228596826,37.613949463272846,0.7562838663401932,885.8470185328754
18.69531089667371,52.310113286612165,0.8745871081191082,977.5577509429397
37.8369849054616,42.28350303044178,0.8073572372217789,444.82249720554046
10.206155344298121,52.685854832034344,0.7449718491736571,145.71403901748369
0.0,42.078017039758706,0.874438409075065,736.1253791282196
4.3137235216684395,42.37637461870213,0.7153405024655836,865.2910103146331
30.113246090689668,57.59775676460742,0.8993914452891767,834.9315489431254
27.2091786286067,45.9003132583413,0.8389536209636561,680.9930129684709
36.672464875281484,59.370520163633955,0.7556984900302919,597.4480333010656
25.34409983973264,8.27487631093496,0.9248668974473013,438.6754355553061
2.096940858059116,26.833409479903512,0.8250768084658101,931.5165128106265
2.2955734796859044,27.365797016152467,0.8329194187814228,241.89342769877783
23.660676426375357,15.678116135344984,0.7684344331326501,98.53512220563087
18.556627376168155,47.07198121050403,0.7923153042651949,112.48025275344742
0.9162868348430515,14.98101087311695,0.7950962619557318,97.98716223798145
1.806570720743894,21.96330973374614,0.7792219069953175,568.6320264551222
12.577309994096144,9.370645765424893,0.830392813911213,426.3793939147157
33.291158953983064,59.799190419569015,0.8801753120154987,901.5929939162869
12.793507959560573,14.240828371869279,0.7127875523112471,357.8051502654518
20.09897132993582,47.60802217474783,0.8733916503769885,995.3818010701857
19.99431399801099,46.65504795603303,0.9026091842206316,229.81653309320183
18.397084284039746,9.373833398545951,0.8122382166687584,866.3291123226105
19.29445401923748,25.541161435053983,0.8093928365828763,599.3810749564325
29.68251757141081,19.87104056673642,0.7535873984651729,414.64380825580906
18.46709901856179,57.5279257429557,0.925873155125589,863.390000533579
6.983821334285821,22.767929644810785,0.7007724943512232,815.7118196799048
31.94031989627026,10.74543335745652,0.7808373942866601,766.7116173099687
5.071993076879822,32.330981834272215,0.7424173144108384,169.2141434933613
11.56046344493975,48.35515677004781,0.8852883769625133,421.62663381445157
4.464396944903129,56.65843147064131,0.8073863112280856,786.9092299854319
3.9216161323091105,12.199244720584689,0.8035172553722213,474.74532609124486
32.31199798484124,45.958557151971974,0.8864403678130421,694.8354773430527
27.209990226435316,12.917104127478057,0.8590102038337573,944.9515240108658
13.179115973999592,26.684125767553688,0.7008976110282557,887.9631595065088
31.39151831826264,15.057423927624436,0.8658275066463823,590.5825584264003
33.00226505187483,44.52637696650299,0.7775607356476384,500.4541971986264
28.799916189915514,29.639597151279773,0.8367961400468095,444.138954098189
39.35788725082369,38.13800443540507,0.9090998516468635,642.1969844192517
23.60225361261492,36.1905614035464,0.8698679123135309,484.248812284301
33.56738630952554,13.809887702624895,0.8388206438804708,837.63398048722
21.203916212526092,26.367128924323723,0.8884108948166389,476.2546466018679
4.177299298627689,5.19275429321308,0.9478477013152891,304.54499347858405
34.887705001765276,13.033258969314971,0.7206403894907505,907.6085068163583
1.2916437741307532,16.537583573817443,0.8398132141011492,709.2308595942479
22.702836296717372,35.11325808591849,0.755886362722333,604.179138061659
13.857142097181184,37.488882023482184,0.8655086557395935,40.05496509731554
0.21168269049707825,12.508570263894226,0.839307668171044,369.0613320944021
0.6271532477892396,49.66186436683678,0.7066225347257162,435.2432503396419
10.289745479928222,55.49870165727254,0.7885777129762863,612.4836533110089
1.6374151112786397,10.39881662709144,0.8181903786032408,833.983387284296
2.7291026059981847,16.260919865185514,0.7025456592767344,400.93007770916194
2.330205690579263,16.654335615966236,0.8636168341215184,760.3649590397312
9.81740455325183,8.407048510428798,0.9024880764047195,229.75437938808244
10.952639111717511,30.12753998927633,0.9030540977677658,411.4605432385859
24.67474386362264,9.746636071223701,0.7545201125002465,76.76112705967945
35.324443854254866,21.913659454867695,0.8184414562420471,736.2023172816982
21.94748488915063,22.57272583113525,0.9438626600460687,411.738744833122
24.789035869320728,33.4135893929994,0.9082677942289501,229.80774121234148
7.820861428993532,30.63606839249387,0.8048230040322759,381.5297191711833
22.903317475693314,55.638376779597515,0.9154265512118387,428.8626864291724
27.231909731239675,29.79679202044638,0.7207244232651828,124.38614813075336
33.98147125598724,35.18911006594922,0.7732109769484459,217.35686496691616
38.67477739339247,32.40022109744232,0.7867319047510068,248.97612699092062
0.0,38.54870951001288,0.7121005957692681,203.67566447752017
37.96690872301356,22.975012291423884,0.9341586058622153,594.256725139766
28.429981191502062,25.47750900105679,0.9240112270903516,987.2010291036396
39.27441615741184,52.494036869954336,0.9220464863474322,346.31030859436004
16.34607279017068,50.51843894823846,0.9213638150132613,453.3145632245998
4.15905096483998,44.807614373572086,0.9209589111849291,287.5885921314434
0.0,50.73487552987211,0.8978895019746207,225.31410366146727
39.93114711660731,31.56515730909224,0.727354013305936,161.7780198485356
28.776683268923186,17.75911949381698,0.8988269562573925,298.1802406390893
0.0,38.867775768763714,0.7986212937126317,578.3352213393059
22.399409128590495,52.06215743254597,0.7484239085077375,436.6285530989899
2.8950511109161794,28.96514590376404,0.8292465425225832,789.4459514157486
8.018988489012031,33.706378954532035,0.780681246002773,325.1396370162418
10.841291652892298,9.429475603790287,0.8768786442087217,501.7044204310933
29.466639188764717,11.879115266235257,0.8550045540909111,410.40905385185715
25.14323897039104,15.833626984513112,0.8557429442608636,257.66690556847254
3.382601323241772,30.812065002014887,0.8822013704244525,380.03201416037734
26.17668907779392,37.24323053421643,0.8621858663457524,750.6478563496594
25.89477561437582,19.221046871544345,0.8867967130127067,606.4817457558452
5.133708028723087,40.47763645736817,0.8902065878339541,109.72698139252174
20.5330447203899,18.09131553775407,0.7152263347482127,817.1842658993207
22.635466977112873,27.72977320738238,0.8799954240040851,274.14919674075173
14.460243933724579,6.1260415194912,0.768587393636497,806.5741271654408
32.080946486689676,19.426432114170872,0.876908307125668,369.6963016797027
8.203862497338807,24.679961067456688,0.8912760706086478,167.965209705066
38.50097017347978,54.983489390858054,0.7256206884710928,777.3567575221941
14.577177793412105,36.911276418576044,0.8022895828860974,70.66961284104877
24.314025295175963,23.139974253393973,0.8885453188491552,156.31873763951046
16.40630095590762,11.078194952085932,0.7842919127927392,214.48285382984835
0.0,55.660363041729084,0.7961381380140354,955.6897554208274
0.34759763808152977,48.96881199789384,0.9264080264461512,696.1869850222464
16.3100731743205,45.86732079226623,0.9017521485362193,527.6873590601068
20.237487733389514,48.52359497052414,0.9368385820237566,921.4172612930478
0.0,58.45942846710162,0.875566514719995,511.6478151813489
36.712568191226815,51.93161368313104,0.9405921339148231,568.5236374228568
7.503115240946322,9.6878164510377,0.8784010786071939,579.2314517503046
29.191622863126888,34.49111021803772,0.8277451064354102,74.95824026285902
37.3914683817291,29.617823912272538,0.7159902406335672,159.50681745688235
0.0,8.70232367382889,0.8251082339398688,535.7342892391939
0.22002267388327595,57.986551927742084,0.7316841800697063,706.7336245087095
30.711836523040024,18.062723143250103,0.8116929100355461,585.5431533218042
23.908368188715908,54.036035985004276,0.8568749080063678,54.23828796777897
19.52655359973667,54.474229631629406,0.9416293129643643,583.8674656302455
1.166577670790774,33.27514335938037,0.8899012502828779,433.4067662057642
6.925975141790452,8.072392561259695,0.8854028311624177,82.68380212832753
21.234705933938926,8.114791503529162,0.9491442964013679,55.46394270118551
0.0,45.355054807637075,0.8564473437045559,118.34009297150935
16.75729606140757,27.949012570016915,0.7216079633750397,257.4811308990097
32.06032872965864,20.425461739911807,0.873021232773116,357.00145352674065
17.17137375613045,19.877136126606743,0.7238014649149663,751.2297293622063
22.161528440881746,54.66098543209903,0.9038686443846068,971.912525903927
0.0,8.440583981316978,0.929745132431459,432.92403252611274
0.0,19.73440873808717,0.9251121011847292,978.118476958672
29.292924657185072,32.58575868985362,0.9034698958341217,491.5187115140096
13.64263851069954,15.415376851879255,0.8301270544867563,817.1545422919164
22.002605323409966,11.782333599368156,0.8087965665092117,532.636424975173
7.525787323716611,25.469871923329514,0.8945648085069056,571.5513940781119
17.506044337566493,36.717869411142985,0.9142679583572128,748.4661449482592
5.1909224002088505,9.499387579502104,0.9399489267559497,834.4097905509009
33.278944366079656,47.53142712450936,0.7748280251291781,324.34244795628456
33.43742507057765,22.945462959231843,0.713515818460359,186.54477766321153
0.0,5.504487483492569,0.7328225634527206,325.7707783140046
17.950296803583083,20.412969820360754,0.8853551289083748,551.4676625504912
36.35784574022383,55.52180341682524,0.8593739111785256,797.567471799705
3.7366851501328364,59.64442226290474,0.7285559687514569,964.5727064570599
27.043676240701917,15.303751500229929,0.8508942139017741,73.74771417645825
11.441794709820739,23.12475056286944,0.702099983119648,780.720216933469
0.17581583130018297,52.83935634395828,0.8763388457914353,945.5564763893398
8.42253334977899,57.830546200170616,0.8279074169408629,682.0997636585228
25.310141219638904,40.51637248494667,0.7262116290764284,408.5439505838451
1.7925636877551545,58.34196366880903,0.9483647107148394,773.1383411309117
14.668670641085756,28.59292537808082,0.7463614186457063,729.6827271533233
0.0,17.38994326205242,0.810649833803151,560.9905784648765
10.982482946520106,17.42058411376444,0.7453805660203234,441.5368706385039
22.156817276202233,34.57317156138529,0.83943863640607,796.8152413050852
23.50438147680725,56.43455954068388,0.7562314192718798,291.35068569659063
7.601174984449431,54.194211695968995,0.7782354150740357,176.1086876648685
24.26883545878765,38.36419525367049,0.807410364248303,279.1988707916585
0.0,7.082802122735687,0.9270222250724205,884.0977882032722
12.111792474881986,21.490041408005222,0.7504602599770934,711.7775775343988
18.87704530569539,54.399060506637184,0.9157147792006273,764.6021963976366
36.04599508591026,18.18758463034368,0.8403423558369789,568.1149700963251
2.128812239439749,50.9806419390169,0.8874251585765358,111.96006356512757
23.93004597601016,57.476060729577746,0.9344404090945079,949.5788956922905
16.20860535757714,42.153820600561914,0.8043339320011395,673.858476709569
6.845811900451466,49.80251933474648,0.8952119355371362,775.6863534196427
3.063584071867047,41.81374828836515,0.7402977328465532,416.2238147124804
20.049211085061682,14.615746452592257,0.7087442512296347,45.91543376872785
22.431978483689644,26.172104969045105,0.8675377003670564,158.72147540403387
0.0,28.281430607463225,0.7722446904784943,66.3818998705064
0.0,37.519125203068505,0.927534126029572,760.1395511716698
36.90171701299352,13.621253088486593,0.710164389799862,365.95737599271524
21.115158752344392,55.29156057741823,0.7589896355200774,608.4984906295015
4.004362397676306,28.924745307997586,0.7427224228986838,132.95692071380938
34.357366981211435,21.311439493741823,0.840865457786427,243.2972401205837
0.0,5.4501866799731555,0.8112518662466768,182.97234991274976
14.539150630633856,10.61837033827357,0.9199616288563792,320.2950341415346
18.469892649022782,38.36145891824364,0.7598302849295646,390.4212272426586
27.14446986910851,21.337439650469097,0.7586630221249371,550.3775223589067
22.058362432377557,16.461425165431994,0.8300836093645794,890.1554936347483
7.557241686485431,19.115761231832685,0.847297765898523,732.1470109805183
35.269712683073934,52.00124625631992,0.7730378801885647,767.3899303672827
31.175177132294955,5.755756887748776,0.9340436645684619,494.399282613746
26.61294454724041,7.958243048220137,0.8339480023068484,447.31821751487354
37.695066706569115,30.41019335525439,0.859516362832928,638.1860757726997
39.45390861749594,51.63491537261541,0.8563102932738966,672.1566142322955
26.9001484323569,18.961632429647004,0.9137519492760102,277.71721604394463
21.814920367103234,32.00537252872764,0.7669444303837405,96.68806905983385
31.945892032595857,39.65925646739906,0.8296975701025571,118.17414407307749
18.22512526560637,10.666324298117216,0.9028916992045023,128.27005505582636
36.1482346961749,55.33482553260945,0.8774856417959911,54.32813892277192
19.000549825642743,8.41835782433716,0.946323653432023,677.9644605839117
26.154298886764064,33.545353807419815,0.8964326322782017,659.8978057249749
18.2163401507013,53.04428795124516,0.9318398405773752,489.73269518623783
24.811361434388758,22.33743970883837,0.9160680171222668,199.8589372658267
26.32212320984902,19.30984395090017,0.8980525744398624,257.5485477439239
10.059760563068592,8.155545625390644,0.8528625687264831,140.85864838089978
28.336906513389188,17.076739464978786,0.7290924891763373,105.7588240271188
5.911338812371829,37.963414430301135,0.9051538601381213,224.3204601548569
13.14924950664576,39.78880212108135,0.7467807869914992,953.1788610293286
36.20262282706977,41.532981573082196,0.8279029566249356,583.6124812017442
9.436643615910732,49.064893324499906,0.91373142235826,87.59528889067812
0.0,46.2154773758827,0.9370681155574222,902.8795978871519
21.21530208672221,30.6525408517036,0.7900857614318815,318.1301759771888
4.9312164052936565,43.54821078016667,0.7122111585077385,753.6880108545126
26.598403686315628,37.78269269154712,0.920907640976121,952.1218589034776
18.708454433819615,31.280336351546026,0.7349440309129247,927.0639139481874
35.40089849167279,38.258814713068965,0.8458706891275631,419.60606248178897
0.0,29.625841871944782,0.9373139574330354,199.77426134767708
9.340197298125732,56.69616594269313,0.8848120347105848,789.6596155346966
15.486483828265213,59.257352471088694,0.7203823792373019,274.9595677594628
18.71829703431312,57.39188516283001,0.8638773128114583,111.26266774570436
39.64252436582618,33.789770311467905,0.8579878965467469,453.7196437293704
9.293623780008101,59.844179076541636,0.877507075947488,420.9109401190066
15.55684669132201,6.120322730143287,0.9142176864844493,697.3765943396619
5.899855074526862,6.96215830440197,0.7082140229486665,473.30051572310055
4.390806227194056,10.879095955281473,0.8324236702929707,591.8391347589321
30.973820590166795,39.447996912903044,0.7391895141449658,162.18481576502782
16.858227572036412,44.15616439817535,0.8388039348044274,953.4054829092419
24.87853112124264,10.628170502555719,0.8459507203178649,599.8820502285581
6.073903582604811,6.672755747605961,0.7431929141522529,646.3793378856057
27.161846513376954,30.357294300830407,0.7877790763344179,172.22622623905585
17.291614836704877,39.58274207645623,0.7550783929361262,359.90477127537855
27.38511145200167,17.298175065425312,0.8034317287235183,566.0842114754713
0.0,55.65385690664042,0.8465382241868846,852.7025780141511
28.56092254887849,35.844546344153734,0.7009886505219307,352.160524456226
4.049335598982233,32.80827900560895,0.7421084674667828,263.4947507351212
37.88113359911862,31.269872613590728,0.7465292875237705,178.80825805251226
21.863394480549342,16.797400953685163,0.7931189934912695,590.7315181872322
37.89096855326206,37.87820326922518,0.8155765864791604,99.90143885907241
6.983047901675392,13.575091647853613,0.7395464306707071,311.87511213890093
22.390621459476932,56.95157946942548,0.7405796846488717,917.9267768154652
13.291972829878587,11.43118247839151,0.9028542568893068,842.536525097639
14.995352240591902,11.826619935901025,0.8609003437680748,792.2753277295835
1.7568633921243781,32.84890360665584,0.9280146433334256,143.87714449628078
26.43770243671784,36.45401006763317,0.7966678952524381,556.2221501730442
30.91784243626004,18.354747621316925,0.7345606905933063,83.05808650686899
9.775805631339814,25.07310683377021,0.7057280700094294,503.60099383711093
11.184003251727093,39.41478855814973,0.7429530460814519,118.75543604673958
8.99575104811015,14.477393712173052,0.9030875469275044,365.8027844991816
21.492823744070847,15.814456274151667,0.925730475619685,462.5871627776627
39.76577265755588,45.29358528437187,0.8010963411796099,850.9258511296754
11.450489608948791,56.09274092187324,0.7036125272432001,374.655539010035
10.482319404017035,43.78768741280871,0.7362175803459228,413.5730340998382
19.20705834524815,27.857002185232687,0.9120808330434648,687.7840138997445
39.81149400348381,38.2107513387734,0.8509272572207919,861.3454873375412
0.0,51.64560581954354,0.8400790529064428,522.2518053837317
15.271378018583901,29.826023884676346,0.8606858566354166,69.7441482322019
23.003953388534054,49.32183300192703,0.9431502259335708,401.48701830767794
22.500168614482075,22.475007576734992,0.8405954023784159,737.0945874630046
22.340313878503103,52.984434795465724,0.9357171695536939,688.6908930751314
9.578547288912409,11.180206598100437,0.7513406130618525,354.6161450520322
35.547328028493126,28.365756465057594,0.7762063044404965,133.89922407009425
13.161722780962783,16.80030330358707,0.7428668461239926,782.2261364623334
13.863199170197692,55.74611620685395,0.8838093155551597,410.5889430638644
30.825061168153006,33.794989738415445,0.7509255830856197,286.169091963516
29.259567349659633,45.35407602032586,0.8622334466747099,107.64395548203584
8.752414100355377,38.03211905378178,0.739455292523205,447.07794804975345
5.117233456176165,37.493073579561184,0.8229284624180161,393.94954226452535
12.779496367845324,19.092950409626827,0.8320681627461838,402.13830330569914
35.63974633832757,42.94444310956881,0.9435681046289824,887.4049402627327
0.0,36.600957920054014,0.8418922187927954,849.3637061618933
12.840857433896163,12.04790345453806,0.7078115362540859,743.4651224238489
13.920833743007789,25.262619874657055,0.7679199883048837,220.16525206796376
24.042466661627156,30.98842545541751,0.8596511733613517,40.97041264402275
11.069019118023197,6.301211970065144,0.9487326349487148,315.37429912371095
39.14051797474091,8.586660875513171,0.7712623910012766,880.8110017164075
14.376575207365327,21.626216604809727,0.8257888254082618,932.8417719863146
4.853197640501212,14.55874673528695,0.8910657670338431,731.3949731427521
37.95097224655796,29.901066765802025,0.7312251413031386,194.5912869012072
23.21032641711713,57.808174043140596,0.8472575307441347,371.0445724392175
29.204359925248667,29.623372076172025,0.9422216998436392,809.5044174610744
27.771569606245407,19.48019797989634,0.7189639193558698,836.3990976863822
4.373551944109638,55.443133151225474,0.7539737451144356,745.4330217725766
0.5562561542529108,28.765351301181408,0.9229558044096995,661.7729447579733
28.426022982136107,50.0162388921711,0.922252904770473,66.57297138889511
27.578654084317776,11.048713746226653,0.8873650570936662,42.94329841449084
7.911318670495682,9.072133037965347,0.7731667356064739,525.1802322521431
20.744372202534727,18.997134268316643,0.7124740720936535,973.9892771608423
2.7457364476611428,42.50930809820566,0.9349499098612074,764.1320876872915
38.71680694989438,51.962900892530186,0.7757065130805327,679.203671864518
11.816197809069267,26.8286370104432,0.8905317133335907,531.138527891442
21.001497159744037,8.48302407970335,0.8249544702851163,902.5083355817478
16.45873071148672,31.36668119626023,0.8472055993053513,463.6649203021217
