region_means,region_thetas,region_zero_probs,region_lengths
8.949866616165279,57.45743502337389,0.9097298209056761,707.0983891459266
35.12033776896349,52.236095479423255,0.8534942515619434,484.0777667925529
22.766731480582305,51.13671134325763,0.782239926460315,380.94132114888515
23.90232116382038,45.599352319147705,0.7371385666284416,426.5886026089833
22.19720119750024,56.082641327049956,0.7278722355020866,482.9842476512077
8.385238964479385,40.05474609704995,0.8154352664843049,911.6125026331353
19.98343127761094,57.41019981301601,0.8394804185796869,468.2863348468897
34.20307157172861,32.875469305280596,0.8871851872136651,493.4333554370341
34.4366824777816,34.70109875599263,0.8657521141120381,529.0531353781688
10.18732737988809,59.42216842621561,0.7447344812792429,365.7370948389346
35.63186217462906,21.09020803896384,0.8261020505430958,855.1434725009088
2.8647243261640716,30.285732391022748,0.7023957429443278,519.615800260429
38.97494331142362,38.6662613096066,0.7610418495564973,512.2588081292174
12.939321259432294,26.61811451988366,0.7921592625580868,405.1880820125449
8.915880974069317,50.84787086305532,0.8525756212975444,92.84530243613591
11.841756185799577,43.0338809969714,0.8916012131152071,677.3571747859145
18.172426373036238,28.2392192890842,0.8148341187136287,583.0978451708972
2.2828705345792604,44.0564790418187,0.8555893993949095,499.0313960884258
0.0,34.889560869050236,0.9418764386700392,764.7264673495943
5.3915590057349565,9.803634966862976,0.9339121349841442,93.78576408249276
38.2829735222324,51.80446957801927,0.8093974511974023,92.82977464793667
2.575056978713202,12.001963383995074,0.8740114128055093,550.8986107808598
24.857933702452648,21.74593686332984,0.7757414609840774,623.6166121899796
6.746038917240243,36.636962571335864,0.7744874370251547,413.89585457138344
36.24859206957445,47.796715503871994,0.8092451105865675,859.6807907324302
38.680461772439585,5.800000901346493,0.8997082846259844,857.6110198157941
21.73176165066276,27.248402320766484,0.8408372544319476,999.0943257454095
7.036621211322183,16.565260689167154,0.7469438338753591,653.0901606097839
36.37437596256759,36.29966473057008,0.7046729785736671,430.27662093424055
17.410251982880688,9.884268683200915,0.8110542769493458,595.3075684696213
33.525437517173124,15.463057541396482,0.793834059812255,224.0724466535386
32.155094130791774,52.173736120355734,0.749742075360223,415.6863385456362
36.14110963961769,15.583542597099742,0.738535875941923,780.2541045559311
13.6911702460606,5.039004815475655,0.7585183867008576,225.53195048315828
18.731013036591104,18.654603644371857,0.8180876246028776,326.9228447830729
19.69001676274676,37.929667012225366,0.9110153176691809,107.70064429044162
33.9271029785369,24.91558442057939,0.750768715315021,924.40854827916
23.41381115850168,13.570099447608191,0.7868352575448958,717.875271827442
0.4722799517415663,12.946436525242417,0.8530807562294045,81.38521552429602
21.700581999159695,29.9411755380983,0.7694178113068013,674.0903732969781
26.186784582123728,34.93642530913013,0.8546623692828997,930.2471905110685
4.109421859207473,23.9771359146734,0.7268796278983423,822.0995931872119
6.285010018512561,17.053506802267936,0.9044453383554523,578.7696603070244
18.24525097050073,11.909386642657449,0.8492574202159648,64.12442157369071
30.79361824604114,24.223620590704048,0.7250813675975454,161.972445553297
2.8630697310679283,54.34005796817693,0.838624354186628,796.1668525951607
3.334673093684511,56.092270778661614,0.7376986731786649,908.1026263092277
25.616737173264973,19.370215956025923,0.9258499171132971,901.1644286304977
0.0,22.510304931273346,0.8743058353816122,461.73284723723265
12.15229910892492,46.92131680160619,0.8790347520595739,619.7422862847454
13.926440969359803,13.190386306819335,0.7440847385693862,178.06570811821098
11.980195375473965,27.09446882955355,0.9373266148151744,355.2609132303791
0.0,29.749971068026184,0.8145100484624888,591.9909515634191
32.38343795614807,17.549527081195365,0.8578183251481782,864.5191367512982
36.59842354573139,28.64442493228351,0.9114519746539022,256.84849633331515
39.01824428543807,35.41103882367387,0.8575864904366196,852.8734227276112
17.266287092649698,48.98857221937314,0.8324447701760646,312.06663990163133
16.20409027639031,11.671038934529925,0.7304795902797668,84.54844753451624
0.0,59.92567285384668,0.9010578678021198,906.050461831393
32.975747010812086,39.44389721159306,0.8089689177529152,171.84934578038434
36.550079306422234,16.926509933349465,0.7783659390830799,398.9541391300726
11.302063232656499,59.68454646360265,0.7005097851808884,436.1962557203386
26.085125512960136,30.35992953370059,0.7806349336304965,631.5538465489251
0.8953226748464602,40.49397889426078,0.9494673698015633,380.1498097529761
34.11453883433263,22.070970943490135,0.9209201580914108,400.92106729420476
38.64875220814239,45.446668958928335,0.9481895713103766,997.2769642070568
14.56024318389839,7.7760958558393565,0.8773206449563223,482.70759813252545
0.0,34.82099108524908,0.7651546522606231,704.9924813906847
11.85671799421242,15.71297432738187,0.926612057539654,98.11824983061932
7.507082024368982,49.89637574601766,0.9063559541977584,628.388407871076
37.50770267301288,20.999867297289125,0.7607175459652784,371.6595178445786
5.109047299642028,48.48401893098315,0.9399660876407846,780.7707707312371
0.0,18.781891746938275,0.903415459769995,537.4671119355762
36.295105405264216,34.46575687575871,0.8614216942326395,488.5292377163426
16.41060978866384,9.935396232663912,0.8731625701511629,310.19610698442807
0.0,37.0668327663479,0.748762964609812,130.4093822797243
33.36668866782238,29.57989812710948,0.7964716893814685,118.58805999195172
20.486018720622024,7.291014413045527,0.9195038520141792,318.13050982209563
21.578050736262902,42.41003428112709,0.8570173976844959,125.59651764786818
19.319237929912205,15.826997692947543,0.9100422827020844,790.5065620219738
24.056668492553165,49.6632191195847,0.7981248456671519,636.7248965919892
36.6748872264889,31.045363403748883,0.7005962061059605,397.2509884018923
32.677339778173135,49.39763572279328,0.7033845733211062,561.2279348763939
32.130691734039715,13.893706610990026,0.7915058481715702,293.59132942003333
13.181032146734351,30.582510480106233,0.8911568795174989,910.270410329045
1.2873813157445453,47.41953816530383,0.9454392727350034,779.9694115036766
32.03748765443712,11.284381489904144,0.8362945289201625,94.97183946678479
31.163485527471256,32.97391068939137,0.9402019736999802,184.2238781133741
0.0,40.602659066353226,0.9024392875031291,854.4214373632918
31.622436067233785,38.21577648602935,0.735479039050337,295.35975741729845
4.71734601585835,20.5111154134154,0.9495164416914802,71.26421828506444
39.695178290473784,56.91915197341681,0.8185005990353673,689.7966977073517
32.38527509455076,37.873430292484926,0.8102809205007855,43.97530272626998
28.69930481981462,18.44129941043089,0.9129959289612686,875.9134172540629
30.78087451069563,53.52572430283678,0.8485377863395723,680.258867147692
20.735557188935953,50.06977628065847,0.7691457391924279,559.2856068713656
0.0,5.865235997355827,0.9339211148958007,773.5109343002723
2.2458760596531864,12.081446101221768,0.9473866166718347,523.2063925003064
28.801543609419006,39.47449792699119,0.7091321287665202,633.9977940943894
22.375053317819972,55.63804500649603,0.7745650279244028,97.06238482113122
29.954681463121947,54.2356380975174,0.9457092179967866,564.8364825523885
29.408354246716243,8.820630036497853,0.7208923686554173,568.7533140812467
35.762802579250845,12.626494393982608,0.7126836566053807,679.8778220940471
0.0,34.73818805247486,0.8310409870846636,131.41930955304912
8.19641809418818,35.82411819020484,0.8680091364248019,57.64504773569975
14.311201988628678,8.79931714332785,0.7436699748496186,247.67072824010813
25.626730706408367,24.16516829404061,0.9064110566572283,563.6052012092134
32.36131621582813,52.87371099461025,0.80941448022145,659.7261123386063
34.432893328564205,57.90263946986861,0.7941417274735278,624.5043667218206
36.417701584784865,39.04962022293088,0.9197324619131032,745.1166024166262
0.0,27.737013394306498,0.7367245635060138,935.9657191507716
28.268011790151554,44.04442235564067,0.8953573802655761,392.0381233927714
1.3999770542876402,5.458047649127239,0.7207093996359876,668.5685168226635
38.91084028507421,56.38352255164799,0.8398764459400133,846.6228834869166
32.05670153225859,53.5563116277156,0.8269528789894488,124.41770828102233
36.39719017476231,54.665442622238004,0.7286723722880295,509.5527493375671
30.09078485407702,24.328083897754365,0.9466002993386706,370.3924604244792
0.0,51.554768609063956,0.9118989651768213,539.2658076722781
4.421090576767463,49.948074950637796,0.7307307669263403,424.16795368298165
17.845432934252724,43.48628166261866,0.7434206536692088,387.5875960210212
32.584841176338884,58.19056563715703,0.9384626166407705,522.558999774102
10.122773457682845,36.14803807946076,0.8936600786793972,779.048699451455
36.229023634487895,13.997634087513038,0.942462692234612,939.3396002413998
11.98036847331015,21.311734587377494,0.7350139880616502,64.09483672926288
3.3223405284947196,30.22338081382124,0.879791632495844,448.01101417646083
22.578421431088202,58.754303168223885,0.8786383334452605,362.07499112358056
6.107539008272156,6.367073763893453,0.9223470817164606,759.9766826987968
25.06878953715309,54.43181731213015,0.7062179085179712,665.6900149837331
2.7050178393988653,14.28882696219608,0.7188448736362134,88.28039647695576
13.75957695455709,46.75078687672013,0.9464153687622244,880.066545115175
33.691866668554425,36.23631447341981,0.8380193212869944,801.4078436685876
0.0,42.01368821629249,0.9469059208235858,642.6357955408469
18.030344965761156,56.98593321999644,0.8326031297239467,264.6819344523267
15.633214608953482,44.56379950156867,0.7556325456422608,307.30692704728546
26.52790431928105,45.68845287049095,0.7595228596830059,898.9743922621919
5.9515236166583625,11.644191055678945,0.8110035043641264,430.2475190559659
26.14422897500219,52.02785856984891,0.748045047422779,764.5849620314168
0.0,38.04824551369136,0.9471087293824516,149.98127469295483
27.120817814347753,19.79784930122907,0.7787763399587099,657.6481128425787
22.521384984404516,36.01526301333237,0.8223484598335973,595.3053945591076
1.5252259264196408,55.330051852344475,0.8972439722664817,68.92944773453323
4.696578219701607,41.7305656332011,0.7173372827205682,497.6283008877289
10.206674280926642,53.97779879069511,0.8232799189197797,722.3861228202514
9.649291080705819,26.542623008648192,0.7077382749722013,680.4333757899581
0.0,42.05805491781357,0.7947589141974685,656.6521006166454
27.987471634274637,50.21455912284149,0.7434050895889703,578.7689955929324
39.656200142611404,46.68969732172764,0.9143267025126627,61.604734911190775
7.777953621468438,18.391165851047386,0.8570024566356327,599.9525253299917
0.0,18.70116825412655,0.8642583711080634,775.9138430882922
10.679870599647337,25.587286094115846,0.9281258102258255,54.02103955640882
38.87408198341255,59.055274011395554,0.9078512796352685,739.8386958973587
6.00082104266353,6.4726066912917695,0.7585376039464221,86.92748291113264
0.0,46.506176891268694,0.8985786829134625,322.49775117052116
12.8528503202409,53.400233739329394,0.8285897610800756,989.9563273793648
23.042546228018065,27.13976483954209,0.9247598794888756,718.2322216584536
5.466446234792657,34.32311348031103,0.7051934952788854,956.1384796336035
6.451854770872891,7.310068455459263,0.856378663292015,870.846415639357
18.670255056269664,10.055700934004069,0.9085201088185431,863.8734035378147
7.93391583854428,17.22837237022887,0.7910640427609746,264.079798176826
39.79501569751567,14.62468566156899,0.7059673384406409,463.8414577330864
3.735795445647128,42.29150575759025,0.8188502276079355,927.2157243263526
25.17734269026786,14.871209700841128,0.7358204677123374,679.784590042377
0.0,48.73015685907605,0.9411059682200904,342.84042772719994
6.114953970696479,42.64323891425725,0.8881096694868903,374.31093076335986
33.01158384365311,29.30952873300712,0.9052673844322423,787.1798682066593
9.719615530741033,28.151690028815178,0.7908282867148502,816.5150008129863
3.7482098531877392,58.00264528918289,0.7858710849437239,98.70654042422622
3.143586039259194,14.197729616758089,0.9338866616188508,953.412771901356
17.62734729345661,38.260142062543764,0.933821498117457,816.7637961778058
35.67565959676168,20.56178720895678,0.9355322939970865,254.0163591269333
24.911508247895487,36.76926731162302,0.7503174252770088,275.2422212852346
28.98902236464376,21.983819467355215,0.7280155260088566,718.7772363526763
4.581714753003572,56.6246254864573,0.7766190495960926,137.6150580104392
28.54663529351324,16.01856761384988,0.8130784461702083,466.9973496522896
10.698307173771616,47.75150271115319,0.8113958851301559,788.651689798551
23.55837615049855,43.51942298936074,0.8037255592044323,523.3584125376731
29.59990500040419,32.15739252310694,0.7541308014088779,379.01918443098305
25.8840872136187,32.88540739076304,0.7742342302123456,652.9594779951917
32.06708270726351,31.300852042238258,0.8234096034953788,372.3068886552051
27.942436103116954,24.274413006423586,0.7474361594108634,481.7447652928979
25.606740636475404,22.93498834379727,0.9294401785702909,54.947605741269676
19.599932736521467,26.68854302345828,0.734107907748184,530.2964851301729
31.85119396166002,12.033046273534874,0.9219058990243971,262.6892142436608
0.0,41.732464071865884,0.7482543793674946,411.1862398704286
19.213805519963557,47.29993261837587,0.9466830103756156,165.38216304680842
33.92117747688843,42.634184991585066,0.7418490580900947,607.8387013526014
16.339146140256084,26.071243192203646,0.7166501935917715,248.33417603028155
30.33615123813871,47.737022903250555,0.7711613374970228,304.5063441084652
1.7743296067370575,44.953939030089735,0.8232418568209501,701.9712617089739
17.769104301715622,52.31287761504893,0.7349279196043632,754.4442165058466
25.275462805065164,39.090419430955215,0.8588698093200967,449.92682817012843
7.560178091173908,16.701239781565732,0.902120811717529,293.69043061510104
21.499984471633823,38.62478049589217,0.9267310693418138,929.8750268602158
32.59307249317141,56.962016666907395,0.7171970404215392,278.68071578277
30.656541130717724,53.84705559397115,0.7480816170041912,534.3847072154191
0.0,22.94697969683179,0.7417826214260669,730.4945668633505
14.0173372522862,48.753486808698064,0.8694922166834222,674.9545366143626
5.618428446748423,28.314479380995923,0.7834563362786482,354.51710920456344
0.0,52.67918527268098,0.7459013873395426,499.44289246753686
11.945621425023585,33.23092784046067,0.7221635648716458,371.5497552920258
0.0,35.85583787736249,0.8784586930358558,198.34916745742194
13.47662172847324,46.09914548114392,0.8776811273300846,348.31991647628195
1.322752288495326,59.23014974108285,0.7738028964948425,966.2979706150959
30.507969782191935,21.285807972642687,0.9031463980180029,79.2726864864976
1.0001659013459807,40.288411629103166,0.9384134017227068,68.48286201289224
11.968552980343397,37.51260169341568,0.8074571182037013,132.3085600736864
33.38650780718631,58.34808024538587,0.7581281349385123,384.52102523284407
15.815013419963472,36.59404628233972,0.836140147202975,100.83156087552393
18.904381955480787,52.39950897687453,0.8645561215532083,123.94436558289141
0.0,30.723071325819728,0.821346498963697,713.1019931309129
13.695246807578965,55.83573036955347,0.9022835577015731,152.28741413390313
0.0,16.728964355794485,0.8226725115529143,173.5309721519402
0.0,8.64303928241211,0.9253955547899949,800.6500581856998
22.806844619715143,48.729554053891995,0.8535705692974207,214.3391914646357
5.119312044655921,27.37399116352316,0.7893081023190521,67.03238030242055
4.334000920251857,36.73822387421472,0.9126530931334352,602.1999862456336
38.73234846781576,22.04972136251581,0.9051516130401269,452.0965447393616
4.77859139410868,24.784456114823488,0.7638585758220594,41.34254230853877
27.907941142686525,58.64593403805739,0.8681962416781981,734.4880380509312
38.97322950671495,57.49296889952141,0.7505188057871994,346.1039011976348
17.428909113079225,37.44902870411975,0.7829108313845718,176.7955796528403
26.204583630248006,55.50803052001294,0.7232993150393137,603.7621755090788
15.84983731356348,18.62139547753139,0.7825523594412833,267.50816005270764
1.478758912292091,15.170317992841662,0.8804515295168514,191.4347507918063
12.451935694389338,52.01752985966559,0.863042635184557,568.9888970744203
27.480027506274904,42.200061386037426,0.8437658363489153,455.5003459661748
18.555911602006173,24.75160518546016,0.899196945561739,82.78600650939904
29.85716574852226,54.53311985958139,0.8258066491418956,749.9193731021801
33.14876250629036,35.32539359588988,0.9413460442097246,80.80954873954411
38.48413561932981,43.72751189238221,0.9449501261219282,614.6759029072513
0.0,31.58359371680251,0.8692296078258287,993.5938810588373
16.90641783303096,8.58173770161017,0.7636512436106744,358.3496798839109
20.103802515645175,21.040967027252268,0.7838924609475103,920.0203244648754
4.561394735726441,12.579936542304585,0.8822315222645986,101.03208410916235
29.48660194167613,34.96399941403152,0.9443898314327888,163.9505439415959
9.76361814531705,56.50138339214052,0.8685338707023866,828.0831252362754
0.0,7.564612924769298,0.7708014605482894,988.8306130741229
19.621765980720475,34.501723213188214,0.9270510447318889,891.3666068803276
0.0,8.081016485050693,0.7519337968511833,832.0935873180285
35.708689525036476,35.749283190263306,0.7793491803626077,546.6104581908171
32.1615235609098,24.829746619362368,0.843447980230598,355.7142822000806
34.8650769947296,49.83324121259788,0.885146908448837,615.3530209765098
27.729131521944105,32.77507483482402,0.7157414446157144,451.5214423903153
18.87570670556566,43.502083404915474,0.8424345286620227,290.64351332142087
14.666100547854706,38.78886904896948,0.9333080564675329,438.7773792096925
15.470461001807017,49.55237691733647,0.8595392347809001,353.8004390619285
30.594548832439894,45.84243141790237,0.8745922156856464,969.0790787198081
28.46496221699236,11.318467827039065,0.7849389490219307,672.8336069082444
22.763156788283727,53.00966602366405,0.7267699572393324,692.6369019458707
26.494342813141095,14.805721807421824,0.7027224015174576,417.55533678185657
9.414464047344847,57.93466399601116,0.8925417254908048,973.705114279593
3.981451263477305,24.338733804779846,0.9029431530824481,972.531088120082
30.809203877504462,15.473008176733943,0.9199355235664946,539.854147261686
0.0,9.753001091315975,0.9469085913934991,679.5412038000688
7.939078488192218,25.03105187256975,0.8516986753324783,573.7562147349846
9.02891570560676,23.502128767842805,0.8942958446006505,701.4854312685233
8.332117580618696,22.08124084548319,0.8183662079114157,818.6901035664183
31.671415843122475,31.297003753537954,0.9168420329817714,967.5656834346149
34.21383610796987,8.080463284863194,0.8061743230117489,212.46952034407175
4.779047323771546,32.51651321435266,0.8250656214359962,346.73836549205976
9.989113526986444,8.927231225759755,0.7400956129747978,858.3518939287788
11.652411009674607,42.85998224300467,0.7998633579572736,127.84908897633639
37.39316780142163,7.553678839059989,0.8823697753735905,994.4235783569391
30.41896584604956,23.48458872119998,0.871585411372538,504.53902183583955
5.586393608897934,51.77919464917153,0.8986520417110218,156.80048515940166
30.680054795330946,50.10064682458095,0.7213617306643657,227.02358780823712
0.0,21.605773940535453,0.759351183403101,664.6061608628784
7.786609293487126,46.055154252995806,0.8345185366518707,288.5481796147061
35.83754742647361,27.77866062182601,0.7245216342722649,429.90515690705007
0.2999221230763801,36.01831209645271,0.7517075876168648,258.45301510826323
15.458104470592962,15.616258186486908,0.8498299427297077,866.1197945318954
15.135042680142819,25.847245819599625,0.9327824418832776,954.2786749775032
23.288452618406406,40.612500159974424,0.7757546939705608,875.3363467788575
11.08580287311865,51.628543610384334,0.8645164605738527,285.4806657325479
4.686833625365203,32.29381184979151,0.7232765394626124,503.0336189989874
38.46627297769278,24.833162741860523,0.7124972628237696,335.2225703867743
25.700743611402356,19.742715409787394,0.8083001551944128,672.2015860683994
30.042518988644904,7.069796634264768,0.7477574677104369,159.55364687225472
7.732666580792173,15.557530916549124,0.8415168535262291,829.5599418943416
21.476066353469097,43.65856669672992,0.7543736918900372,201.6908819689269
4.296894991376598,21.09021210270966,0.8484674777025063,420.7299957498426
2.614908796747542,26.89955998756013,0.8946631294801171,758.1847058933871
35.266050859104716,31.54597305649435,0.7846051882869662,266.9967487696861
23.28965577878863,27.223079900197057,0.7602235125433372,180.47914235669845
0.0,51.4258465410075,0.711130610837607,483.05485254288925
29.04370441423659,44.8239568628804,0.8549385585596024,837.4890697048545
20.52500996560051,58.73016697730216,0.7149966683382764,750.7927469281209
6.957243595742583,46.66040560001305,0.7818383622900508,214.4672845225968
0.0,23.51032039635754,0.8270146727885348,105.7832651140973
1.983513869535418,43.88700852921176,0.7870497489266552,225.81677797834368
39.83218011474516,23.665662532398972,0.8488753966413413,564.2641933070886
0.4018673809131971,13.777906241446187,0.9045824729340186,972.78043355354
33.18829882026757,40.505163298073455,0.8900425943794859,397.37003281010425
16.709487800848045,36.51150766986344,0.7514253664343525,75.57623884448677
19.551130053088418,56.6038682425303,0.7334208763995207,493.8650696142346
24.096352100497377,28.441597503117944,0.7169834303416658,276.5276565944043
29.690655171023167,33.6688122068674,0.7807509742959865,945.6372279348993
28.35251803013352,51.049246226851416,0.7342038636702428,164.5576552224389
9.963199749600305,35.84492290387132,0.8931066381430308,95.34929249087955
28.367128743432325,19.637950765202188,0.9436699325338097,340.8008502976743
35.32175732043973,36.351020617654875,0.8745367012708027,747.5766515338339
35.86244843103002,23.55024696222756,0.8776951112332355,366.8468895058222
36.18526896890917,56.30118091979487,0.7448314761702843,45.51082511878974
0.1810476674503737,57.25447505871986,0.8303507055166796,286.75635552086516
7.113303636167917,48.549713517986966,0.8904261601718948,866.6040278442821
14.093109883208172,54.78624904169845,0.7807687980321205,671.2870990426029
9.088386943221664,27.654006859235942,0.949655711592238,348.2440391077248
7.132578661519403,22.310704737663897,0.9327158168867458,221.40089085891657
35.20721391659017,35.298683264062696,0.7342209062949359,178.82079786856266
9.710443049837036,8.715419712727194,0.7225027656065104,202.86581294154757
21.915283953280277,22.158665562289,0.9372764840127317,991.9970695532604
19.750778554500698,35.03809647500722,0.8976993977047831,286.8777300886794
14.425132332786832,29.222436881601602,0.8453755877078414,488.91071663668606
2.562970115272764,45.465825541930386,0.9277441796927277,559.3040267053755
19.98682907613774,38.321485146944234,0.7052953782042095,151.03878562688564
29.22386899898926,14.498140759293776,0.9074052758520704,141.1390201469424
0.8911118645165321,14.641401533196037,0.8159551178803833,118.72750378735837
30.21713033920129,10.291375672366135,0.9062925655304243,468.47590110401035
5.5272708183533785,53.003074054096416,0.9447892077520785,778.223802969906
36.06315092702059,31.84131092129847,0.7423804431969911,508.48061886422323
19.027600239904494,23.11989434816846,0.796271971649724,973.4433247932818
3.563343124864116,56.347799140779244,0.868288253538082,802.0693954288728
13.45976903304501,34.682491720429404,0.7106679856665652,835.064247691229
9.372911986081203,49.87774400194651,0.8703516101926128,790.2044220685059
27.96397610773714,19.872278402681257,0.7447170176151042,944.0861312765228
17.42000876845413,53.788809326727176,0.8683866889423529,881.4804171863213
11.66400587305769,37.276542486603816,0.9350314542048316,818.2679606568461
38.13968356601909,58.05929684428587,0.8191708019917469,391.29673016748944
9.72308993145727,21.4623327206461,0.7206556103261383,366.8878468791522
12.672316357182481,39.89753281486654,0.8280332270990659,578.471592860276
29.62587822121124,50.59852848316682,0.7147581691564443,657.590184224801
9.791424985054247,53.90035489460313,0.852797747175799,437.96926384556406
12.707399490851627,7.928905162972739,0.7143236085517031,228.42941035282632
17.634423968050836,55.28798862997678,0.828782648127159,956.8124111302145
39.510608997288664,55.26711710810069,0.7355715867294432,371.3657346993822
2.3557492807072986,25.12898447315005,0.9334187794909758,388.13520132228615
9.323268682480172,16.959132804366632,0.9438201837275075,732.545708684821
28.08406362751094,34.34462284468148,0.9115447262170195,625.7794381212452
1.45097897419677,6.937492542873235,0.7952175480375929,630.6220056876
23.474341444154796,9.940322602334778,0.9349109499328218,606.2745595289452
5.924479642178857,59.67392015389755,0.9222714983845037,170.23543396455196
28.836618271623866,18.877455009162244,0.7259872513953196,419.08201471288174
39.630421950936515,55.74695976198295,0.7012789263414033,874.3799248414616
13.111748348621274,11.604864771650739,0.805115338867538,172.17447951203272
2.0559747308211045,51.21807791705409,0.8960849667533801,369.3209729740362
0.0,44.78441432061146,0.8880493320943803,889.6668224258551
3.6997505870618888,29.364740518147645,0.9099052382785139,739.717615269401
19.981366804850836,52.88456423133583,0.8079921406080697,547.5353333657619
0.0,11.472893978659926,0.8375426164479705,570.6269081207008
24.544704556498072,54.681396524621796,0.769741239764834,395.3292098894963
1.382609041655496,55.25695960048933,0.7869164287559328,537.5112465001154
11.146636808978917,26.403074048666774,0.771152808664497,899.1320339046446
31.596921215349564,26.598698203003778,0.774336436549729,535.1432501485176
27.89113795407639,42.27385010584492,0.8571524690174857,140.78346306031366
35.74571099417965,42.92306389447346,0.794067396529964,639.1604685915147
21.923770350285903,34.06307174137309,0.9283748569143733,914.3336534983309
0.0,24.510764825119452,0.8035624938243195,353.97394559914716
7.536129619357914,17.043590251962826,0.7271902532175184,306.1635310208268
19.181618052879443,31.319114419374756,0.765762711853123,360.3788031941354
11.614095549892225,14.702377630786824,0.771374960746686,811.3953267435794
13.370301923102835,8.795542399401914,0.8274401613639824,893.9924003362373
26.583640240372027,30.18893978832163,0.8766119977509228,465.2362460987302
33.3766379177501,28.273029290692197,0.8254087208608942,680.9379590650749
0.0,50.992560565714065,0.7547820754862723,780.3981854457579
1.1590805987946884,53.18755529597208,0.7515873008219252,64.6848840771117
13.409179386332616,12.125517389368934,0.941049836256591,759.639580852997
1.9800440534806552,47.883430937994824,0.8572731661034455,873.5845531017925
36.27081671949728,42.23402825169635,0.8306951876231806,607.6489278513199
0.0,7.224060311300033,0.7339122305446218,320.8478662541794
27.271656126924725,51.09000017335521,0.8006129287145219,399.304555590413
38.091552418853695,11.330867272117821,0.713550335332402,274.25775831334516
21.121152644319825,20.090701530708838,0.7745502329806069,191.11792281957253
0.0,6.888399503042861,0.8972564415351492,449.28469217518375
15.41996189609615,46.26085019256703,0.7906822945307167,59.134810864208056
15.520584958320075,10.695337451292195,0.803521003996908,397.3055113658048
15.286403035960058,57.143947896649976,0.8887442975931514,50.396479533030885
0.0,39.17330936596884,0.8561427362166747,778.1815009821796
34.34408692063549,12.504184475865154,0.9352858787781886,478.29781269797473
34.06176986073174,26.11310625912377,0.9016715987880721,706.6103082001345
36.116680944557054,37.71505018145673,0.8517559906378454,889.5486279732042
3.680109610078715,57.56427335476615,0.8564748058021335,407.26173005754566
35.683856486556564,9.383522608827311,0.8029174570951287,54.41844743176958
22.603472231125483,11.459976402271154,0.7242064196219808,573.3504272132171
2.9285669468168445,8.10046136933276,0.7828493347898748,777.8018887050429
18.91742984120362,58.276720507466564,0.7409320628741852,649.5248969950168
9.27995707292136,15.821880943235602,0.8409926159947972,432.16857828511945
8.60508229492253,22.21839062652134,0.8359256898515802,152.19752997291363
12.612322763115715,29.178580704418447,0.8172707073173218,252.76251170012304
0.0,11.519479487014605,0.8731297957744865,76.4948412136086
0.0,50.867439516257015,0.7201008390476984,344.8446787671083
14.546622578259583,24.6481004713392,0.9015749367182971,178.09987127237193
24.046974108864642,13.292239978978778,0.7827491913826999,611.350183706767
0.0,55.53052140409271,0.8790460996365499,512.8021809700431
24.20038046625599,35.211341563259154,0.9410641624498377,49.529232244715935
27.31579171013793,24.08428993758637,0.9188716111143137,925.2639624741262
0.0,34.2019274359189,0.7433024839293728,361.25016321942206
36.8807123013624,42.128144194838065,0.878210336744434,822.5663293356079
27.353440321712903,35.36416187053907,0.8147657149861111,195.37761728611852
27.821832974736743,5.478874822611887,0.759766309978448,545.939706286339
1.9006034351717296,22.71435613427822,0.8083509788349533,144.13726905313797
24.7450505352596,18.868474362692112,0.8254170822145596,775.6308326419173
26.55170857209943,39.90327855585016,0.868756303634584,118.98467249081651
5.213509711750061,38.87899255422807,0.8564029266042268,643.6900170051852
23.401171708357236,22.153124582018492,0.7058219251590176,121.66067205886151
25.843739657200075,8.424052890387197,0.7113964886077667,638.4869604205475
26.46331716504552,48.23711557656176,0.920826260153089,791.9455504187105
37.531163348096754,44.743501727373854,0.9103540995211767,986.3675165873101
28.325230318303984,54.78272422927462,0.8710229049025096,257.21474389409104
23.751900220541085,37.18688239232693,0.8537731193894882,767.1044512828245
18.767378764654,35.670067156352424,0.7833592793152203,308.0679896122555
19.91277409694348,26.77345395656881,0.7077561534163608,873.928858083785
23.850283486684788,10.470502100066083,0.726359345173063,364.5950638701662
11.432831832901735,40.93420071726257,0.7230503319873526,250.31854634412792
37.893696356778015,18.86067486267659,0.7541915914238906,465.4486032068566
1.6098412644638296,56.49364278395266,0.8947246860426815,823.2170635705857
0.0,33.924700494781945,0.9050668231558886,696.066851025871
35.58405679882156,40.25666257115574,0.7341539930705892,369.84590670078825
0.0,5.756682610617252,0.9182541899058227,518.0064615598519
22.53087600721894,56.748459675272905,0.7920818989843723,500.50385682354295
34.78407783638226,58.64081619205056,0.7769364132808294,391.55838595150163
29.297995605989033,52.557939317492206,0.7949059704274076,614.0635741603227
32.09153653211097,28.664414891600533,0.857952620939979,510.49180704203684
11.006633100210454,9.056331657261453,0.7018187967769549,737.5842993370393
23.997476609237015,55.07545194369044,0.7949750213115045,751.0088592507802
13.760670891695714,17.39901374164892,0.7350034287982803,538.3034539199919
0.1310677998164675,25.542360544373448,0.7799925262841163,60.09870147302536
0.941292642481626,19.8565894233784,0.7844388808695362,212.12157658981525
4.318866288590397,9.640921214024198,0.8289709037607277,294.54397827103224
25.813722612704847,43.260320384185945,0.9456473354193067,418.996158660344
31.33621072704123,21.544461027866216,0.7869137660095962,748.9639947005645
23.69877073811632,47.79983457065609,0.921033076328154,76.33521696668654
14.668005433426904,36.971722405080826,0.8017568223694796,209.90419011495956
18.227700465704235,38.978295001000355,0.7334523591441107,817.0726523422095
20.3576196264892,9.847336124543174,0.8910074156882687,44.23086176995486
23.068488731532476,35.59283115656102,0.7716971841183526,329.25166627144625
24.841157457868242,28.02518335607138,0.8312113717010852,744.3434147664333
31.22755883601332,33.951846852121434,0.9115257651710447,403.39159763707534
29.705466557027197,39.719437760388594,0.8960398655598096,471.8627612634101
7.924009420808189,55.86996795729958,0.9174484151761299,177.64336513066343
0.0,41.470658973737855,0.7567464182074092,884.0954900069636
12.513275920994126,18.957449306035183,0.7764083061613392,876.3012266278555
19.115096380214048,41.07351265860623,0.8503257718291352,287.04810593250045
24.57800690600614,9.163974929475657,0.9012016328764755,511.9555524546845
21.56546654357051,44.82921381517926,0.7349456295776455,973.9106182734104
28.977535081897617,31.021086648344568,0.9049726852645265,251.99492546842637
27.759674406516073,17.58361946939444,0.9034070739695788,635.7071208622301
13.221920513208554,39.749194156124545,0.7881013547869822,906.0356622522747
8.90991325942668,59.98016769923144,0.8964042935250534,437.533068265102
8.120362568522447,41.198590776284284,0.8471235343021247,75.46737678677329
17.41601970325338,35.72059398710249,0.8334040687445593,79.74525418110755
25.988012604365338,7.289906132010056,0.7741973123212107,543.8211260278109
21.678352358449686,36.470074886980754,0.8988440386308152,762.8429383156132
24.618851685292665,55.616034585710715,0.7605296881881448,623.4707165145552
0.0,57.06650064534644,0.8949775642768429,161.67969387442406
21.78459905314533,44.49484021704111,0.8092073024811838,299.7056077123194
8.569590748998886,10.695204011442888,0.7159955113400108,254.39555914203368
5.880443489312282,48.084167974589874,0.8934647097117436,835.929883437203
34.67355164638032,33.06046585804149,0.7544943586879215,373.528113619174
21.077518703759402,6.719164390601363,0.8956204398812317,361.84324988438823
9.396383247249288,59.318859196003174,0.9291259648617154,462.44136815048455
35.26210970284398,54.77656310712741,0.9448492810272887,267.48804399387336
31.958811110996717,41.58614183307942,0.9099627882115362,245.25159452016567
26.33150211523058,24.320263747702064,0.8177270132920255,455.8496470394882
18.050571260588686,44.02666166217516,0.9387693241305971,783.2795904317676
29.70526265640667,18.958078373570523,0.7846484801484798,144.95753536997145
32.505994063996695,36.857113670141956,0.8365008738512711,993.4197523196958
12.48065212791596,47.613942065182485,0.7624275422497617,475.1982572604376
26.142558006739055,18.078761297542457,0.7420909509515453,338.3913172941146
32.393290155483456,55.93608980598533,0.8851268382815192,763.3623333061988
32.36887120740594,9.768449281659851,0.7159683744560978,872.0285087797141
5.864487983966374,15.463019915454185,0.8251358244152577,361.37801270421096
25.220003274345594,40.601506224577925,0.7641968550125953,251.0159363141833
30.31212874672733,51.92649793481939,0.9109498044368632,303.150674192109
21.58646806683116,29.455098258458793,0.778063421388052,275.3969236081223
4.246820045517795,29.926574312190635,0.7817643730946211,497.7132274042188
38.82596439387923,53.99686575868272,0.7928910820075779,531.8329866494967
21.35605766918003,19.79965430312929,0.8973875279205158,99.39879671705836
14.96406367769882,23.409766639005753,0.7747888676221379,816.7367953444548
37.91183469692323,51.5896974993733,0.8879662628772214,984.7949719567655
30.68779462552807,20.29704443415964,0.8491944621495424,197.08074504038802
23.487596325034197,44.52287321415109,0.756231493020433,180.76174315749665
32.56733608922512,17.034151179998634,0.7263314100197802,96.70009201328926
19.245024918289197,36.44503121567727,0.8092697260229021,949.5531572615026
22.475632328224876,32.59568442743483,0.8710475593551348,539.7947817692168
33.035124647449464,58.01545524204914,0.9452137648427416,728.2130600992051
12.029208401285873,28.129518769753908,0.9021733143444035,863.679922490252
30.75195255324045,36.93811056697723,0.8229621722297764,895.8842465990917
19.490837148571234,30.679555663125583,0.7400545626141606,607.7832243711999
0.0,28.699462828966503,0.789801519925279,84.67609506283516
32.24239665595536,9.475017186134046,0.7001204927205857,828.3854200917361
27.578308986174253,39.057029958904764,0.87122001380822,174.14217075331536
3.2494365677182664,21.629623780571627,0.7522060844810252,677.0550722289958
29.79824788832344,48.7798977009427,0.7942455765453386,528.5714128226336
16.059275762625077,8.8053237427825,0.8803426976075108,874.7957911081531
16.10397889830151,16.919977202232726,0.7181364481887496,149.66931672707256
25.11699977353705,41.665371916570976,0.7566665041111249,956.97058416475
39.086094716152346,46.462488028207595,0.9409567380161843,257.13633819627233
15.81285236350163,56.46136086276256,0.8847125653438535,460.9908125855656
0.0,25.246702688383568,0.7173262003197335,371.2854650863075
32.75923733078285,50.98648590039895,0.7798102437496017,494.46575653792604
0.0,39.184903851211885,0.9314538346460481,801.426990712805
12.670715275520026,7.177294385923591,0.8047745465192351,411.6730630025613
18.038771120571347,59.17595877208137,0.714275942859475,284.11092622847025
37.26856095666828,54.655831336656206,0.7921986630247105,518.1051791767088
32.111115026368026,31.47167892027288,0.750435894460077,45.68099818181061
9.703969897652598,56.69456461638413,0.8926806529879161,271.3466034578201
0.0,23.822763654022225,0.8057358190106747,157.81901609574507
23.006512811226443,42.9671498125098,0.892051010237527,397.21212814117786
2.7070297136662176,32.19981492808712,0.8286438699313998,257.67334281475684
16.516981634291724,6.037765896643544,0.861046790822176,946.5490649791195
0.0,26.319260696502877,0.9473461995269362,317.25128753904744
25.78867017593247,37.282091339563756,0.8051136073430454,391.8887293262618
1.7745601775560742,54.608826446485295,0.7188458959160845,880.6789196300872
31.880469195918568,56.513983512528945,0.8185542157982982,254.77403393167282
5.674769657586043,32.75208063052727,0.9300283451813502,100.14600824032463
2.4176821672173654,52.27002934229124,0.7946629048860899,384.4072658755272
23.929302932010987,35.857015593657714,0.7110563734949753,903.7115877582023
14.870762948958026,24.605465071464508,0.7045486585544016,959.7695110071501
33.98923040326218,21.39231780278718,0.8563956115359032,660.2481354545295
36.66967024089494,40.55605893837343,0.8461909079908336,465.1032776403334
25.089101165759924,8.351348792509052,0.86591886429141,700.5885338324924
27.157344981488205,40.978319260331745,0.7225097740196001,833.2024530162117
22.00262729636673,50.504507179658056,0.726492694935044,458.02573951326076
33.97584668137988,24.02437440899624,0.7984817903360798,576.09678597388
39.71524896799682,30.1260211222068,0.8043384346827935,658.7944897218372
7.368755198846441,46.203980796227874,0.8821030194241516,159.26937330219985
22.702270342408816,45.00531103541508,0.9134642415719378,633.9006107212999
20.827815538692466,58.058204894611606,0.8489821534248971,941.1744492359928
19.7715877141923,34.218446081791846,0.8359213123602731,750.4412909364858
35.30676092335572,13.055531628856219,0.9221240909017281,909.4842617675749
27.426155272813997,55.428775644509784,0.7295323685310492,303.4716393314101
26.8249707416098,33.74150835948107,0.8636901596315036,709.7903534315047
15.948748690279427,53.681997455446165,0.7868125815687259,123.90386960933728
20.768359442476086,58.16117632988809,0.7594068608196874,746.2505209595397
21.164174559866744,6.43063029876383,0.710184550807656,966.517041775517
25.148253863216354,27.9631266968806,0.9025946168118344,666.6842990805109
32.070829785570844,35.45684214149198,0.7521685999346138,664.3415481886223
15.189091591459624,48.084476463209235,0.8254052259587532,112.10921291641128
13.990946204969864,15.279283616024378,0.701677089876794,875.9615376001982
32.48518030692475,17.347035354313903,0.833375964798316,540.1855299053511
18.582600301894512,24.74753724544992,0.9209352339992567,704.8005475101731
19.413894231180624,40.38396262980605,0.854224794259193,658.391232110247
20.93398685569105,29.029560457604813,0.881426768112465,79.69078490479961
27.337380422959754,42.57527528097632,0.9182218676111225,364.1234739477918
10.656099121096853,27.29635468963054,0.847740862783183,138.52043773910657
14.391030145578144,12.948323779294283,0.9114399429298866,310.09088216630676
7.1111991498415685,13.985079460155983,0.7070193901078081,86.13862281882717
38.049946721730194,50.85006234089557,0.9358816216006274,923.3342609446801
30.466472211916575,47.286092208011006,0.8950457193010474,744.1025990171918
23.592792143585495,46.357105765948226,0.935734050810539,478.033460283114
37.61276690602957,51.12853112428186,0.7571835589575555,50.18681412214981
22.8981270506773,44.251206504189,0.7648254909921829,341.16615550967214
0.0,45.015896368761545,0.834710613850168,99.40103232358854
8.301759835394995,58.139625018597485,0.9118265201248648,43.39974460949328
34.58211254522657,58.69508619097051,0.8394132189476051,989.6328618009201
33.69911176285228,45.79505153793261,0.8987980614756992,390.6284885815103
0.0,50.48830255189301,0.8951462514458852,264.16014988791153
32.2538138538402,56.10603454875264,0.7778691069635966,392.6365844717801
0.0,29.467614699655513,0.7552374093813224,542.0197563088791
35.64136513930855,59.637698523850084,0.9029660529357133,73.72937959287079
1.9392060897566525,13.840141142127944,0.8035250608601727,151.35545189718894
29.770838532547696,24.37805911714914,0.8395809605237775,616.4611929741479
30.936678701720666,53.43916648704376,0.8401331758306034,222.75342223902
8.013399315621056,13.12858442823006,0.7452408430886827,619.4229121241381
24.791715068983127,22.182961030544657,0.9286186389069094,116.32581617752692
12.497974234225728,7.389410783239237,0.8519894561293918,337.83986786482455
24.31463442747431,52.776525604234884,0.8759240771416614,826.1746972437693
31.212626065476123,6.2874595844381345,0.9227353794266051,503.570953618954
11.626510068325299,6.670327270748893,0.9277852859796898,148.72409998481766
4.749275751921224,41.67234376139398,0.7463135599994548,96.49241417144748
3.9638414910419684,52.26290144543846,0.7465633332507724,765.788823754121
10.748512924923197,44.09571572584135,0.8033706076428171,524.5957225550204
16.472797461495198,41.2014716570416,0.9101304495344666,346.7797686390684
32.179239759980476,11.39521035538451,0.8229933742932793,41.5242739967119
29.048330005835844,59.566771376686006,0.9229702422514432,759.9432192317295
11.30566681379924,17.337332399543442,0.7109873919805645,978.6936819239802
13.521243459610888,24.047838025584596,0.7203618290482285,695.3487873913708
26.66103476507312,36.88946770361582,0.8445256984933364,314.10153304657024
10.610491144469119,44.553573758081285,0.7077180495030526,406.5316515460102
34.73328165666596,21.214575868242875,0.8059619199250898,149.59499134994846
17.918799190174347,16.95985722930086,0.9088835197417531,569.646272429555
26.548963950840697,59.29717286261884,0.9006071941246485,85.82838019122462
26.503714776926316,26.902498253708874,0.9446411714734486,716.2248840280658
3.702544758205292,23.060462542395122,0.8343339833985886,330.5975628091007
34.90314705896322,7.2132369299594,0.8212799659616488,383.4042447954766
24.569597406683645,37.67718894484817,0.780215070228932,810.7892297586355
9.283603194855932,19.25227165997929,0.7508746897745853,121.07469887305041
9.805482372791207,49.514691754250585,0.7350259896001636,325.1019024354687
7.435743696597413,56.15712144392154,0.9167934753612703,687.404366465005
5.986194027769286,37.379101778033515,0.8881150279337686,943.2750627472924
0.0,33.83156977836815,0.8104556495167811,519.625911495914
0.0,16.192285685190946,0.8788657077994366,953.0973878336448
7.292315758809064,14.187345451789621,0.8055635873282628,347.1581339181099
4.665415044617034,58.601458436892116,0.8986076037125431,452.0638425414003
22.623672157902966,53.79587549976421,0.9360072698068584,156.55350972250434
21.728373102912567,29.052919057446044,0.9343341622579289,861.2996869363295
17.05394137707446,52.35226149107782,0.7704319029607839,984.7740501630151
36.337019027383135,57.38937691282153,0.7480618503154303,403.4322736205921
39.55958075009473,40.45267776577797,0.7925949495846889,820.7797703446817
32.19417168648062,10.925187787646774,0.7434576056089259,951.6300598236863
0.0,8.119206008903433,0.9210097060747529,280.1762745407462
22.12405855995609,59.89140105532842,0.7193874632194454,870.1028077093815
29.223841724503977,6.979643779429284,0.8411787273132427,432.72069857336345
11.047192882742102,45.32857197977281,0.8756166303272226,443.21245265345885
0.0,23.57710037168374,0.8053060491572598,864.1215888640432
13.47014518020226,27.755544349362467,0.9117790659026201,111.62086186259977
28.75814854151453,33.571367195241265,0.9048717383167615,674.9508737338141
0.0,32.36410039891311,0.8962055536947017,252.64131259094935
5.083087151048507,7.332032725302554,0.7096313587030217,686.0406418446565
12.436667267595759,26.217526726439367,0.8410286387533211,852.552330949162
3.4640972713910863,35.34892158231983,0.7582565307745158,192.57814520839025
17.63460747620588,37.983349819877084,0.7761007986624366,788.5889306819486
35.3072943658436,41.34809453265387,0.9284823484982387,345.42798421082904
38.12402685822093,51.785754016418394,0.7112754763627236,673.8560227643766
17.123333079637632,53.65241970373559,0.8473220929794765,636.5404873817354
3.4303728584290734,17.834842814970624,0.7328361116232623,413.98298759352
0.0,7.460903707734987,0.7494650335241962,859.4291799614693
18.434249713830866,24.73514891542147,0.8718625544269442,409.40193981738497
0.0,5.851789128453573,0.7395563279933544,540.6774036306174
1.8504358508524814,29.082157248833717,0.9410598223801601,920.6162629448963
33.97759250636021,59.24277584196861,0.7266429049748501,971.1314941227785
31.263114610924724,42.031976691254776,0.7544670175539986,806.7034364871474
4.392853007403499,57.306500744993286,0.7399150639289908,658.0957364855012
1.4333710126967858,23.392997111613163,0.7864477070136804,287.34217298608974
35.99782072144137,19.504534066591162,0.9140759582206972,983.5070193529859
34.099574649588526,50.59789367512284,0.9020109379974699,140.09080743322403
0.0,26.16670196686912,0.8874181057725927,875.1366999129967
13.705565811453699,14.03405926564191,0.8697528581434651,484.20193905054396
2.0167746183017226,35.969248549468624,0.7276857116802457,202.1046984304418
32.38981922257214,24.417844822261806,0.9387865248591994,390.42700824784765
26.20670083850243,48.98273262743655,0.8427349845965347,229.63127444881212
15.104803875435648,30.268133120035664,0.7865467555423903,601.6496060182897
37.848806881057946,16.190882282332872,0.8452088805584204,801.7290254841486
25.774767311591948,14.578079729792446,0.8061496959888805,790.4437156330764
0.33371911716857583,24.007177095819102,0.839779652452159,118.87021879742076
23.570631917177817,41.90204197086587,0.7894983305245007,720.0180554350301
36.51208537201238,20.86672838433119,0.9344424852770614,469.9220784746391
35.22415168620574,19.79283089710711,0.7198538435904884,301.9142991239
19.546641467342138,32.393230494198335,0.9241221190173146,535.4596741303753
38.260905127160804,55.95189264653779,0.7860331172543084,822.3930870231796
9.767560384111295,32.97824905274818,0.8092935978441087,218.99464415074328
15.569752092697332,59.49973593911915,0.912423021207379,473.82849898352447
10.194545502872579,33.66751485306582,0.9291226810166282,320.73990907893636
25.560276117777768,43.61305034379696,0.9428704353690138,218.20738501717213
29.730238026883267,36.27704271285186,0.8947003029744174,742.1196365585826
2.2652302514560048,21.497894834535835,0.7032529015862037,929.8745223350736
34.46395051842408,10.42658202630433,0.8074797384768366,73.38538352417757
0.754646271004642,19.880612094828933,0.7660218444567234,140.55345104290265
26.356625246565137,12.70197581080382,0.8794206301142244,675.0152892678568
38.400053842451975,37.2677007557882,0.9090617169877118,59.788844504252694
0.0,38.41210169648316,0.8890497897609249,674.9187207751696
13.027371560188906,56.34324676822403,0.7015280439029175,248.86845085221
16.3832280083692,57.185008776087685,0.8577137344087118,567.0409260256802
0.0,24.529000581036026,0.796333036209078,915.6152041880687
8.109404839982467,48.24396624821947,0.9004084107843338,911.0263642209104
12.307664708264024,35.744819160428605,0.8538815168747549,291.67000618485764
33.826967582098426,50.1586830691027,0.8320669060910683,605.4146074321005
21.967857113042488,11.621620245099363,0.9034274372949969,177.81531776581684
2.2477585482624343,25.252273703497494,0.7684180674240557,628.4831862602213
7.536525887389071,20.223562484991152,0.9168446899704762,959.1323616571422
28.368428892335046,21.5554408266499,0.7914660293900906,238.19375589081932
25.890550847664652,20.83931909017464,0.7930744404970058,791.0967434153804
0.0,11.57901884542428,0.9367631831590792,88.31531732270247
18.916761041837688,40.241227648709916,0.7271814406246226,828.3883094615923
33.84283629633429,23.010794573726375,0.9213380932741041,666.2642820474377
11.838469098091176,26.732834972182445,0.7049759548155416,318.1393712773889
38.385729415152504,5.921745780138529,0.7797514544742865,432.8760800196679
37.583457828733806,22.145706164815202,0.8369215512512493,284.3601534948545
13.403726009331672,48.374798570241715,0.7807549171236382,678.803102934841
16.30954050790309,53.2217028283808,0.7591953827961886,623.2553603910593
11.58267862604046,50.72568402934411,0.9243392133346257,896.5020895105694
39.65981459919213,6.159784058939308,0.895968887682651,728.6978862165056
38.08573309088922,52.664455331667284,0.7541705287370698,475.5682192068285
18.30638871602907,35.81866065454874,0.7026436543980663,462.1048144043555
4.310952800365882,24.726691082881143,0.7151565105223249,56.694575293966665
12.053403554754132,52.132315230674145,0.8946973993169263,51.40121036358021
32.18190742323876,19.08759341145178,0.9457603025450769,100.66347383469292
14.666122701035569,12.658207580471338,0.7982916713559727,527.720833880805
0.0,52.13300676996667,0.712368964518984,976.332501410577
8.547831682676385,16.118646835088697,0.7653556492560432,325.93286009513946
25.00858332257167,38.14194904497869,0.7488531105231729,863.646718246959
2.2169143302081395,8.302966927002565,0.7944023482972611,208.82916370895995
17.63217570273828,40.10271513677321,0.9013158244854921,247.85764794923725
1.332814232851124,34.58893562529899,0.7582433108524463,170.28975072209332
1.6580723947229044,58.10612926471615,0.8283392079090253,127.62936637699823
0.0,13.567108452520412,0.8506006364649589,410.10193160437615
4.354829548637894,5.911272366878276,0.8878442160474224,641.1006193284322
20.034092338608186,6.048440891110278,0.9073836375331116,382.45326962560307
9.734098316128632,8.356046639888252,0.8414555315613795,636.1238829842758
2.0140191964139147,44.44358665502781,0.8789787628984742,958.4615534710629
11.389022950492096,49.9954815657901,0.8532221129152936,916.0763548839053
13.683465753343336,5.387622568529443,0.7644072381968959,500.645478454304
0.0,57.32654399669863,0.7117731056640947,187.35905647782363
5.9908782959774225,17.304532931598448,0.8520588955004369,446.81788153006613
2.7733214412262552,27.04629965597874,0.8629340687990348,367.2623159338553
20.129014536084163,37.89023433244826,0.7664590982773664,423.1992695572485
15.714731593767292,12.966408937276325,0.9257417407321092,329.9160910003631
0.0,36.01411255141021,0.8585345356738847,674.9113538064563
38.1819383262904,15.3825307508079,0.7214080647126514,674.762130793443
37.0624990851519,52.69028119211741,0.7016454115538342,57.87875019140589
25.76092593840137,18.218691675712424,0.9485972299675451,125.56540125271891
24.855301547244217,45.91105506328244,0.8433676555827526,993.640833137247
31.759254625643816,32.263180286355365,0.8215691450122281,332.41344205528685
11.55821708350931,31.958616982639775,0.9079811648870609,382.4496510867543
28.716137579174394,43.54680080645831,0.878003417570214,442.3310337003777
34.608077349691214,35.52497326013721,0.8354074276365588,116.09464583980358
17.302616013328727,55.963751311193334,0.8550600764136347,818.2628517874704
36.89832388103833,23.428455818887027,0.8479728422019254,993.9854201110927
10.078911543946942,39.81977109290089,0.7170350015597269,832.8797923897646
17.654573392700566,35.814778938800025,0.8429060986558268,143.83820375813357
10.067145582011287,45.537823475164565,0.8101316106838752,174.97124273171556
9.168758197706905,31.808103031327928,0.7475297056439956,703.8509133446872
29.967980940974613,18.081512638164128,0.7706533270521295,852.439337150222
31.560804746923296,9.494649604297928,0.9162997254031771,706.4307330366765
24.898327946492273,47.237649842311484,0.8410071262983774,153.0279593219906
0.0,43.06950436995477,0.7521020127875564,999.7073793873105
4.720709414151183,34.48471649532729,0.788286382863957,307.437710428526
3.3552420822034423,55.9345733646738,0.8725096526240718,737.5560111917277
0.0,16.919000040129585,0.7980053388864132,636.8876811650692
29.698532727123013,16.939180585117775,0.7431323506783576,261.1367083130772
32.87394517102436,37.47860818847792,0.7892270998937952,362.6097650468008
21.171005638581907,57.11072596056877,0.7245521491918383,231.30615787705068
1.5941186973986456,29.844431388307633,0.7390605280241678,734.1501622110527
12.9483171613742,40.66902138314646,0.7121792140798802,492.36361882208723
0.669667573070496,17.977064120379758,0.8258332635893617,282.0397027650536
36.26175515629537,43.151428674329644,0.8425483655519082,501.8220478061953
33.60823647823605,24.008654396167216,0.889445834589315,625.9125166296606
21.58712856171992,59.16244898000535,0.7687703841576482,738.6041788334411
28.432901127992718,50.140490376423635,0.930659592441594,515.2870396561066
23.054888522346968,49.29087854407578,0.7985376798068821,707.3416985958941
11.053379196891091,49.379868395357526,0.8152564401119972,326.9390237669469
16.61118330697655,5.0774953934976885,0.8342016224125631,202.06386205993525
8.705205950113807,18.794821857392712,0.8387290345768015,214.0623689824582
16.738457864760793,55.189404127779845,0.8259943283866209,193.09416273745802
7.4045105924862895,55.23393018857042,0.9458313217667257,295.453384788068
5.456009320853178,49.743820036458345,0.7613402661338489,550.7636241269774
0.0,17.87845419437749,0.8501020959548713,685.5167200520838
30.774736113955427,7.712299905826447,0.8848468203861228,798.5045566048641
26.75063803812444,35.14132512033178,0.78129646562008,438.0704158104543
4.069078544471976,32.71563327855709,0.798580237480559,227.6697636060817
29.535564827931296,45.32313951526481,0.8007017264244528,432.99520287090695
3.281629887181927,34.782548289443525,0.7913107285100909,568.3650136766707
10.636438036766965,19.103942303279894,0.9161959549653761,171.89776591204628
0.0,56.56558167680008,0.9167313670079213,285.9901223969604
35.64653920145479,5.796502080368869,0.9408931886805356,245.8616771133385
15.628488561741465,7.868007728000798,0.8360393215860199,280.37080019422046
20.709978144002655,26.25756642306151,0.941510010165773,488.41810140205007
24.437942962690787,26.661953927270275,0.920223082902835,64.16851481191699
12.034962960948716,54.49744474773312,0.9106801552266401,178.49385521073603
22.30335051690259,17.450449984155227,0.8366916965562373,933.6361773671649
10.729127090198686,19.428736237637004,0.8107888032817003,571.2869659583395
26.16010610678388,37.12516727016383,0.9299511413656849,691.9683105459828
33.40988716025442,38.820558938825165,0.8142341799403467,397.92331177889935
15.083106270031381,41.4078584271613,0.7157892987747508,269.9225465129957
17.0204806232305,5.411533305485804,0.7922387831545963,736.3771114437773
30.702311295047373,22.441689415122546,0.8606002650692917,129.84700231211522
32.05976687733645,30.384512108700072,0.9070896860722827,708.8230559756275
5.683681745566583,15.525768378852309,0.7260261554056568,489.4997874130787
24.516438495309295,49.494164861385265,0.805458029937387,545.0364763303185
28.517334073782216,35.169675342423226,0.8727338867423284,299.18701451812444
27.962956525098424,57.58234957680712,0.75329973670965,859.2772607095852
32.41006950928419,42.89617572775853,0.7230607899512895,749.0434281622004
20.37615681640213,44.61942340703678,0.7390615355948165,335.3522093745117
7.672643337108432,22.4885045864747,0.8406397231314618,598.209545870596
24.237499302559943,47.46152624370925,0.8534168798862974,119.40279343456285
34.09673561282039,38.86567579766727,0.8731226379425329,620.7563424730095
15.611858816266016,53.022161785924425,0.805181276537544,163.25710846586728
10.85182020320819,37.36467869239789,0.8094234081779044,401.778859416204
8.246659593110284,7.101516275659347,0.8332439974393633,209.4691834228937
36.88579813606952,16.935683924203797,0.9350566673845083,949.0354897447116
7.821431097711596,45.6020056100925,0.8907483557739341,562.1323389388958
9.641642698845843,31.707076839083886,0.7095771377570834,96.41053013083788
25.374492260539743,21.547726718798636,0.7901592222608422,853.886665790272
39.22748133218675,17.793168393911298,0.7250262408824297,797.7475141709104
14.632300968902925,13.22306194032232,0.780263218333177,728.4901732829715
32.365070371002716,37.48492231411846,0.8094681467421058,440.0747224939339
35.063793547464314,41.59391932737511,0.9491131046287469,479.13202330951924
2.9249832901055415,34.20396649228712,0.7360147031585743,661.1153748501231
5.646245759671299,55.55333929860545,0.7568363770449915,539.1020320216941
0.5879077266181368,31.569415290470612,0.7833149986295206,383.883769732995
12.1567859659101,26.02027931495477,0.7159869742968064,786.7572536592437
34.768401891216506,39.732710802992585,0.7673421476700412,985.9889909517333
13.884665629595686,44.141414492169936,0.887203297834948,157.16417452677945
31.47442623906717,52.50605911324999,0.9433529124228085,346.6523308141057
10.079184469716251,25.73946612992028,0.8730500229579645,780.6628463346135
23.073396636306423,45.68478764034062,0.8952604790901839,631.7720544769727
34.41238491170596,13.315444738801908,0.853195312427049,932.4844110593368
6.767975320057504,9.09282567753011,0.8649547178310516,540.2074635561933
19.448169037891436,38.27719908141644,0.7694415763019065,501.2015394030685
9.237749186787221,56.05086649509819,0.7024577444936142,275.4225227571844
0.0,42.899970627412834,0.9373956773368906,770.370732916231
31.438034245796693,45.65508676650085,0.86112229765819,463.6404323999979
12.507724545707612,31.316060736748884,0.7411030036963053,324.80961688880706
38.285677404807856,18.853580642224635,0.87130267914432,210.6531722446958
4.026030852241839,31.562805424272103,0.8234657786520657,220.30866926387438
0.0,26.857907781925196,0.8847432741399833,583.334577531436
0.0,35.14105964589642,0.8437247866027295,295.7242019821296
34.88367613826493,19.831878361267552,0.8279596856535271,259.82063981735575
14.151106079387942,53.48029541046606,0.7379224684669703,346.08698461014365
29.860090888611666,53.13226557323521,0.7244638379595576,201.56329920124313
21.51826839872788,50.48473833073225,0.8480917868482634,83.65517298648041
15.532945294217138,24.69775222805782,0.8120938958754367,865.7774370307926
12.95745793030847,38.20542751921891,0.880282309717661,764.6250489045544
5.5447514871451204,12.114841833184073,0.7607601096598166,735.7603971713773
30.12791474542762,51.20948256514174,0.9122311288776863,668.1826291086489
12.215149277836396,53.76205906031054,0.7557219857337604,720.8529025053396
10.907599143297226,41.723068605717266,0.8091203045400829,279.18384518315725
25.39364701754663,6.76950875597057,0.8867677325778844,470.3019216269215
31.361237500875923,29.564238343812267,0.9128905079408196,580.9775844341746
25.858885933700147,31.78924842459417,0.7710982229694103,568.6511801922205
27.06887777217744,8.888805420659033,0.79713297110699,346.71425709599015
26.897140324520155,17.860206799444207,0.8969485959217843,232.9916032174228
7.329182700151353,47.11753333725687,0.7321775305114141,145.45286974106506
0.0,55.197617981013856,0.9043519925172473,130.32569173722868
22.63140007991149,37.85321224070648,0.8500340430046449,128.8400184823675
21.521606028653547,52.8171114777242,0.8836321294605466,681.064917042516
22.709017838304252,13.546925129614962,0.7834304773208605,765.8476351015754
8.14924880428162,33.85388326541884,0.7750570536913577,359.5160342416181
20.43097719970263,35.6996101089491,0.8751588799485072,990.9910655794689
22.40941374104822,32.12908317717406,0.7976515375101324,871.5968088347523
13.646820565042598,29.409588916460013,0.8744656599797298,626.9562718317595
9.490590331604281,52.03282021761733,0.9013106281196931,156.94227116976288
9.26412926664266,6.237842509289576,0.7693681947317283,954.4587210242335
0.0,40.74218598901329,0.9242263778343955,562.728250026582
34.54481509198296,44.76146980878874,0.9135956616779218,621.9609506603155
7.238005523952595,26.613220779262846,0.8051673902255237,598.4638260313202
27.473955229278843,42.42427016706974,0.8972728007209569,356.2385347282837
37.299030451868624,43.195041303421725,0.7132610702299318,82.48417171436745
1.7778135739465626,22.924846861897727,0.7632440333470434,711.7252843208495
7.89716729865803,34.38142413804728,0.8278231501846095,63.052708104384934
7.756930046656167,58.62730194598308,0.7555552945050918,582.1966077564706
21.876782581684843,34.27351712213847,0.8448944590414736,418.11349263384545
0.9638181486938276,51.85517808789062,0.7075574673438636,273.8113168017916
18.022822273158713,26.568267102483397,0.8005062982037806,108.05838703674269
0.0,25.310405540600204,0.7396387727924667,472.64840251206897
23.950337633583754,5.842975300374286,0.7181638647115153,511.7004851312771
13.879594897070493,59.10230859983565,0.7986864595855097,323.5491195485845
0.0,32.20296612491536,0.7471036108564699,977.0273235370689
2.892175895922398,56.086879797218344,0.7170341545928592,796.1755970557508
0.0,38.14046435350841,0.8977122121687269,915.0527471332168
35.265341449705616,33.887198680344895,0.7499078990450795,896.3921494681417
27.170600103746644,36.019803281257616,0.8467351180789049,849.3786250250598
37.66449502017697,45.85243630176641,0.9021245510179391,428.5079174578004
10.030884074637648,46.766719540639116,0.7566161989395916,850.8472167100746
0.0,39.74691401571469,0.9398967804251452,104.36213854304484
15.54858496324394,20.834488881816824,0.7060798443272333,258.4402862813928
0.0,15.1937781731199,0.8092025512980265,429.81275494499477
11.093116411771433,50.90227741303072,0.8860965774299918,388.867882112921
18.71414973447792,49.63979656763995,0.7984420033127861,221.25670122387515
32.00722878027304,58.804819284864955,0.7004221533101882,82.75205423245062
26.609729377898226,46.39133766106266,0.7708585308285816,293.22915967329754
30.70543006353045,20.543576749552862,0.8969337081199035,823.0271077982349
25.786085967843086,29.468043553283056,0.9016684826807337,439.20678901536314
39.87659590253385,10.099163201817541,0.9357651307178952,689.3596513552557
7.14093570268006,42.9112861193127,0.9448473612301901,974.3385864079293
18.468743781728623,58.81366171883275,0.9420042701788033,121.34429361499599
25.242068639083456,47.572298926088294,0.714800770242851,413.13077125059243
10.791100641898026,54.742348519255906,0.7214410729011937,867.3349707322816
15.974391731287103,23.88782833186508,0.8852019580674424,225.71639049938614
5.988818800641843,21.38883675975001,0.8981210032545048,63.97190859777741
23.91990504208254,40.64184712759165,0.8818939161741168,580.4054678109325
17.83486187111283,29.60971208947841,0.815389969243524,844.3854926576587
35.329211591275545,54.67700188580663,0.8913688759178886,702.7458107301102
13.409626157307066,18.60750698195644,0.837724845524401,472.8669220794979
12.55121113801343,47.08087316146518,0.777355624209545,735.3537920636544
9.325497128963203,41.52705828454871,0.9276561589595272,52.3563758520303
8.444257094331189,48.95511977164197,0.7434365215092447,684.834761058514
11.466118868426298,43.529364484266566,0.7965934146092076,458.68561170966814
19.338117046443983,48.10638945722377,0.7994140505002811,898.5732962837341
9.77820331910074,18.61955101302378,0.8621824736190509,579.7621412062265
6.282768743232719,41.348125146904614,0.9354988364199472,956.0471714461244
29.216962499919315,12.164983736249571,0.7367187330503349,884.4581194743059
20.209189344826157,47.601063902158025,0.832830568631332,552.6260880909302
11.662441844345091,20.018098396139568,0.8267991658669105,637.9179222579407
27.207615258869748,16.694289216036825,0.8073261216900185,493.96725488311597
28.9099230422592,13.93945110740393,0.7751812497021175,203.9727086275644
32.04002253986318,43.994076015747524,0.7244971662689343,859.4666939625544
22.131861194613293,44.568772387960244,0.7853189889688148,334.4118601720687
0.0,48.90673921119369,0.8489379602763529,957.0863264385118
31.684010263879177,5.358333193830844,0.9081624510702146,260.39012294502305
1.9468864007619266,36.459160063138434,0.9400308547667651,611.4867615230413
39.055915077145244,38.68578547971216,0.8553210714105467,192.63693421774337
10.270071015367892,34.39543837387016,0.7387170063582796,861.7346910530505
12.829790425477777,25.82907452383385,0.8743540819281448,195.3946075353689
24.888477122049494,31.89460118435289,0.9237233959147182,820.058926597648
2.1012098949467086,50.89164680261005,0.7544410912051862,533.1444679941156
21.315891750988044,40.44586413035931,0.8256441996733535,552.3321467730934
0.0,30.973115221675073,0.9432916359827466,141.35493026194314
11.51968472040345,5.952191061052011,0.9391022901730726,880.0492717761621
4.825044793430031,26.628710764378145,0.8289135572871146,58.906742658129936
1.150933565401141,39.32679008386993,0.7462063777011368,367.4384466725601
2.1479242602564357,49.726865953093096,0.7535098857508674,791.0050918789631
30.286876811889137,5.14125225379932,0.7062708328330783,938.8442908331773
0.0,36.84159702817251,0.8412790331516222,758.1828707538874
0.0,6.26642801409476,0.7613075111875034,642.336184397521
1.0098168052051186,41.11968098028668,0.883647784205619,634.2144959790778
33.19587937497865,23.395092054990073,0.9049078482992754,986.9506070934816
0.0,27.71460622578183,0.7742535767843636,909.5268354661491
17.075359346330103,55.66880311202492,0.8160496664386051,280.1282677856252
34.32245313148298,19.025242088929772,0.9373353969199667,819.1349683195785
28.695353824889438,57.106869838322766,0.7556538390156005,565.4683521474238
10.703303733838169,12.405801649255034,0.7759366592412633,887.9636625393653
30.461328539803368,25.921732630746828,0.8296918459251422,320.01768112016157
17.6619412634474,10.889481378621365,0.7170719986720022,182.49007177169352
34.71960960542095,11.074236161839854,0.7909040793351959,576.8658350077196
0.0,23.665903266239027,0.8931951534208278,695.8224741805557
26.26253774363499,16.546887778265276,0.9083707945908605,947.8847235007588
37.19670354851342,6.919582562962587,0.8960259432456601,893.753959591937
20.340521434921175,22.343843513469675,0.9219838967494964,219.19840889472545
27.60568213335496,47.45358613233153,0.7115237186226678,382.6950328702213
27.977573198719934,10.62970753757541,0.7901144014894934,846.4232238984199
34.54006629602238,17.96710144935686,0.7718906163734836,122.47187169978073
0.0,19.689369915795904,0.8828439591807358,174.20467425022343
21.50306574555477,52.03559159139544,0.7771692616322894,577.1477908377021
3.4241228347398045,45.240118645537365,0.730162254173998,897.2884507125194
26.59079880280857,18.851593842558223,0.7547254402597444,982.025818230948
32.046706773097426,28.96058959432321,0.7746189800816095,842.2211570674563
12.595222838879115,47.562667719010314,0.7516547229086732,816.015009136523
0.4179441511117584,56.32214473026615,0.9196858711786147,756.4247176163177
29.993766312357327,49.383956893163955,0.7023116091018597,544.7507791752366
0.0,19.68009308304568,0.8258270194878222,339.70344768495295
36.71630163656466,59.87711488562887,0.7101526720919407,191.81989641319035
0.0,36.87852488516293,0.9235767756986589,529.9338608450795
34.5338739683856,57.22561786333617,0.9468651524794255,686.6884916095307
20.80470880919298,8.702761289526705,0.9483769621498457,283.61090628032446
0.0,22.098427307258007,0.7289807733175657,574.4939943485172
11.526317047037296,52.69570277961378,0.9364522514907795,585.6681207668354
22.45455566039106,45.18018933644407,0.8755535678181273,231.6227408130187
17.491399973535284,35.877627674708215,0.8638608600846942,729.5873707699566
0.28154458653313036,13.770812288738634,0.9084455515315915,791.780601610826
36.30808166904708,8.765484777518008,0.8555787024802386,314.8021498061486
15.753810184542427,19.913557467960572,0.7999270030649968,365.8167792578074
34.126173696351394,14.394863365696898,0.8470627778368218,501.3811339252327
3.06880012081899,30.492380287754358,0.8720463339670904,67.76230367372659
12.761411003206124,38.05070388581773,0.7148637187566923,702.7141689527564
0.0,16.736217941821586,0.8475539337975239,764.4885182747129
8.311473989596301,46.1103924854145,0.7460202002948073,254.54729229718265
33.50728230817158,58.613233544397914,0.7000089456266585,952.5674678212675
36.43274996303933,57.89085031699841,0.8007136065998132,500.6313542463558
7.293527476808159,59.371644653634405,0.7140692105959862,282.1855920330345
29.783596479985647,35.856373638316875,0.7983012732403636,469.4156442705676
3.9025859840668184,16.593196761908633,0.8392894583024587,980.9010593234265
33.763089500183824,22.92144135199111,0.789584527244716,377.2851179868517
25.940117521820945,39.76016266097045,0.8766911288113598,417.9491916480076
35.70068126732125,7.617339034693137,0.8341960866983644,320.0085598229525
35.08139215949238,50.970222730527304,0.921780217981712,243.67506892299969
13.763339366967072,37.194931038881165,0.9300471735961983,944.4072137691952
36.845745940676835,34.87862952424384,0.8488452217821287,889.2860485296851
28.3145729206475,17.974671179818415,0.9358883396766567,52.43713599933155
18.914634483574886,24.701076648464372,0.7231977123468248,795.0793201816147
21.493705273827764,44.93500002176122,0.7255281389716629,576.4338621037099
5.157567326342819,29.189280702779737,0.772040232552209,363.6254086641787
37.45108534873079,21.103686332036045,0.8245156737173236,354.31507715793555
18.316249408919337,21.888694852907637,0.8446053097956673,341.8613102199844
35.570437154853046,28.695184701556638,0.7464531797570556,898.0351931205213
21.79399677088359,59.95404468103115,0.7658131018920518,477.15510312076316
3.5643363695815204,55.08032134008243,0.8476336529901201,888.4977317037383
3.149262849358483,9.338930729405538,0.8613505196496288,227.8496941038097
32.05929195923955,29.37360445575888,0.7641422344661819,442.0776740291591
24.448140039402592,43.71008806568772,0.8691589572967955,341.60903271788857
8.057951101048666,14.605456727792914,0.8917882640182803,520.022778285018
8.230918770136768,9.469723161050286,0.8346925362522588,721.3751049449637
33.1612551594341,8.905386738939924,0.8875299246076884,956.9573020292271
0.0,32.87184732449354,0.8324266990776412,393.23371129675104
36.435557070448226,34.404765530648476,0.8375015307416014,719.7640126260577
12.663026870843668,35.79701380437094,0.77728944159377,918.1023998685611
13.761619742755602,16.50127588006248,0.7410859233677431,319.59108697929014
10.7647160052617,52.67153188834177,0.895025168435574,902.40450116659
4.029916652332777,45.07083980708765,0.9073429551364135,150.55775626746495
29.947369093815652,44.39286037903074,0.7826276868533891,479.9682942740851
18.121707293563908,54.604672655297314,0.9080281332747329,700.3023024493585
33.132608009473564,31.840144027840214,0.7034446674101149,981.4969135518616
3.788608962759988,24.184269539288433,0.9446859433722906,243.29481216185812
17.038316753793232,31.905728183107197,0.8178903197979721,626.408516526134
38.14030121661416,54.34455834480187,0.8332460499525609,141.66742776971276
19.091694843213403,43.960212208696795,0.7956821521477382,356.4939634611626
14.108362305504679,37.653432470722926,0.8071116247540536,225.5470011055651
14.749714704763326,29.27712991522396,0.7334988153702293,284.01973251004154
16.227638061968445,26.141580035412904,0.8297113228662057,869.2923284063752
32.7761412400214,58.03587167348674,0.8644076352558865,980.6662260169024
0.0,20.71739026878386,0.7261018224207182,266.73980173037285
12.060586673918241,34.62225923977863,0.7363926467888333,996.144569245719
28.14558512665604,29.35573135671241,0.7858085562397129,791.5164486542595
35.16191805510094,47.92205794399166,0.8218015682885578,772.8358896335778
13.923424606242067,45.596562333785585,0.7296276377376378,774.2009960098737
27.208863443645342,14.7231607151182,0.8733897239659638,618.9943994103573
0.0,25.09410014447062,0.7571497818689876,899.5377166795822
0.0,7.117930264143974,0.8892122199208645,473.7166754874432
28.768931107925603,8.203947894763074,0.7142242299795154,785.6093858038826
16.07415809175946,44.91836064192463,0.8383719388749666,216.9521843626709
0.0,25.675603345491677,0.7497045901626095,591.1278209581145
0.0,18.74805938700049,0.8085561503563117,990.5298639852141
38.162051783293705,23.421531191790148,0.701161131683284,779.7815385138209
39.476034530807915,28.69442804795501,0.8810980687152382,305.384897038297
4.31505055292644,35.07559866624797,0.8902187893020546,91.98668793339675
3.2712567631581875,42.554189880710005,0.9005335008571705,965.2072372979147
7.8743154332810095,14.230578435277268,0.8237114310737298,801.4843964711756
24.961436754399955,20.724414037419688,0.9166282472887233,848.7020753422037
38.61323998850499,6.189286177975121,0.7323324789250182,327.52119415643153
3.0809722777418616,5.581810060054337,0.8960083527641884,476.33957530326074
25.854024100153357,32.90834716610195,0.9375646869162364,335.3752552181321
26.254133531640594,48.808892819404456,0.8932108953446576,182.10854611184234
30.317684998133274,19.221821465699282,0.7350192686849779,522.465730271852
21.003846101215156,56.02925695194768,0.7319399499286263,389.12991078057706
18.763834057227605,42.815189025272105,0.8405207483277801,378.85263833584224
26.67939133540285,51.81097043337349,0.8565459342613335,292.5718097533939
0.3367139109232424,28.047408316075142,0.7967829391860244,864.4822664088441
4.937219864475246,48.63426651744189,0.8588279403509822,240.12444686490733
32.34086769724916,12.461809196922328,0.8382317545985192,528.4680417935274
35.628773341378135,32.83446627243201,0.8926637540542007,91.51812058134631
19.475114284307253,45.01728084796824,0.8153272625829195,855.6650567571793
10.084346293423684,41.24154070454375,0.8279542202689028,206.66927994436494
15.016398722512914,21.373523820907803,0.7633131335333834,134.78303460200678
16.37137860017966,23.96883345651762,0.7354566021613644,41.338745818502076
5.668907260882194,50.86348479137978,0.9494354105222418,792.1782759053877
0.0,53.91041949003035,0.7092459383243297,976.6089338513345
16.353234429262134,5.4681206040455965,0.8056270453625392,256.1072692474397
17.251725644844512,16.827397314353195,0.7229568500736214,527.3010651819874
29.366702601213248,30.713557804835627,0.7660564631598077,124.71401917118203
25.210921174656217,57.2217461992754,0.8765831746752857,845.4903905190662
17.916936158673685,10.701595336880564,0.8867672430174833,414.16341735124513
0.0,32.37261890582815,0.7401012016717409,463.98659857985643
37.92242497200639,51.655093164695074,0.7953799382751244,466.0944360987856
32.86884605898875,30.81654507349747,0.8004799043884501,728.4880309430467
6.677648519198654,55.470543194781904,0.768555566987132,304.90580618028724
31.99001168691777,13.878348162906287,0.7968394556315844,822.4616243356077
9.29303026963414,57.55817558219701,0.8563310254937309,814.3525541538947
3.973569682746295,54.194703337226606,0.7851030943973151,324.2276916764128
9.809105584979108,18.568400668150968,0.8747925423362641,510.3914203263818
0.0,21.268956562348805,0.8706149491258908,815.7805088903923
25.461191684754937,53.52967888742558,0.7831121928484146,125.88687200702218
38.561104073219695,15.26413281187192,0.7929597430179847,836.8982544080488
0.0,25.785292142378403,0.7920644228766951,703.8064799631428
0.0,19.99227206524402,0.8892285031638719,47.81341369002714
8.56343529203068,10.256524715546991,0.7035000045968403,834.8779155401879
4.51853347783276,42.54299388281949,0.8884034270663281,891.6872974596623
39.24808471597633,43.30794608116793,0.802980248713744,993.9597540149856
6.923623128741877,49.147765984278294,0.7444725926144126,923.0408206419083
33.970254778842765,57.29811265786883,0.8205134338641003,120.81129106621326
12.608221419360264,5.854659867196862,0.7064760149226259,261.6194838672542
9.406969005400382,30.645416419998494,0.7962077834448147,776.1784043538696
37.77977557291903,11.679648129471286,0.8029463482424102,533.2626597261294
7.307616964473466,35.92066501088562,0.8822932101576688,597.9763405271574
2.112406687997619,13.888525554657287,0.903599574567886,899.8990208575374
7.688079334837602,49.341357647719725,0.8201201916076367,645.1718294320924
17.304132603451418,21.57566760321586,0.9063633126186569,539.9335984530455
0.526643150184272,58.65188678722509,0.9294594913138885,824.2192412127331
31.48063827908196,32.30075111336866,0.8540691735202993,164.19783828049208
16.897075637040103,15.270828896650082,0.8107934869174858,137.67690897609938
36.55720465893321,48.44559734383932,0.8075172180950454,377.4847430722299
17.78809853782177,34.62554360101875,0.8075775370963273,273.53223278357143
14.310820777895497,11.748114710005474,0.8396511943084122,145.64979982303927
25.000634718450893,37.82851129180703,0.8118512608217747,747.3698422561281
0.0,9.197342444255785,0.737251587521542,188.56955739942288
19.525686216937167,44.852136480795686,0.8426411470808572,516.8063879356763
38.540256837676694,33.531150125577206,0.8458527304893045,965.8323171437634
2.279542208594669,53.819793460079275,0.9496968952567709,602.0956790245856
1.6771304863242273,30.042706768318475,0.7327046820365268,425.2846874856262
3.49040030120642,26.27486384840133,0.9249418664758711,193.09488570676805
9.60396022895954,28.59326731435258,0.8546888452794188,823.5316458085161
26.962284719349135,41.77507437269663,0.8193796276184433,277.39835737307084
28.47540051567899,47.16614704100253,0.7062360703515413,542.6648361726338
21.339765139933693,42.99109876599385,0.7614860482343226,341.9865234803283
18.52376658855326,56.59336782423169,0.8663562781428064,107.07449163999212
17.884591454897286,57.742950132972354,0.7657953699078787,549.2637514328325
0.0,34.11060188151867,0.7629444371011471,188.7228922197821
0.0,22.49298455574959,0.7326845055496799,247.6445218748029
7.267566497123825,44.51390960068414,0.7570185802782866,133.64302023578432
13.250688734311115,16.616160922426538,0.8308939230149089,168.27671012440905
0.5119615082758867,8.319008210953905,0.7206826814128104,309.5773291264216
20.730785632437932,13.294230758533777,0.822752455628001,310.51866586522584
26.956983335940805,24.32473714972204,0.9429969581239712,231.27215768846355
2.5516290286123744,49.277386776394756,0.8080418508320713,841.8341892954479
7.0970457001686444,11.417384166161222,0.9140832414954698,581.8031271588719
18.044661917533755,23.187774510979466,0.9129655599405213,969.4613956308666
27.617174088017485,57.99107465831237,0.7438278826513249,281.64752285199586
23.448312983557905,47.68501991675396,0.929364868772222,120.31220334837019
33.10975184428951,52.303433611153224,0.7763947042971737,440.2651543560689
27.55302442487889,32.11618414466941,0.8784062989186603,977.0457530726801
1.0331261620663936,41.16316841235907,0.8842356316947347,156.52142255645066
26.14913831191597,42.796542774337865,0.8719605876165688,946.8478793891641
35.763649570035504,28.5369937092634,0.7701926059915081,851.0215910102625
36.073352856850555,39.90215914562975,0.8340878723925477,691.449019090137
5.347993887530617,30.669228919645178,0.7724777506619971,157.72954399637058
18.113403849887614,10.150697896306314,0.7599866738498899,910.6529182069908
23.86562749118602,30.01300521714869,0.8648808090271881,321.26948180618297
12.085072977736894,50.87001779864524,0.8630902192213985,192.14836537377232
3.840033888535999,26.79099090078215,0.7392239877684946,854.8175834083478
21.123464863953682,36.34147807687862,0.7243834787759807,992.7272224158379
14.839892930742971,37.19704398030407,0.7996344780484932,272.7890145642827
22.471470933017414,6.832808445195307,0.7580802933796847,577.5763403104568
3.1496353518537905,45.676973321511504,0.9077257713297009,475.2913300005068
26.377018156965107,14.945141432563254,0.9101392200048343,942.893915743739
34.39318976254146,11.001912371566746,0.874251595809842,514.7611477214244
10.296803872178108,53.404206407284505,0.7451337903198147,166.64694647071065
25.28468139698033,54.435455261749205,0.8405941746224689,377.1868351394337
19.167169358141294,21.563733926513557,0.7333182491382368,499.6204656997104
4.632508899111711,26.545248912707564,0.7980309113783194,431.1706710153777
20.37458834305838,34.01384704212141,0.8393426613387096,631.2536566594345
20.210524545160162,24.919736078961915,0.8960573936307664,472.75563613376227
29.230058057037223,18.397195301711672,0.9319341149390594,285.6640552867193
0.5377488350733771,45.70342332105151,0.7844685049816227,187.22047486809953
18.79016925057548,43.06078438490845,0.8563929010195457,574.0450944363893
18.255645226341734,43.43974811806201,0.8119152457923108,319.23467866618194
34.07128401095226,40.53787491289267,0.7899694915974818,753.5924900526854
28.837583521373062,42.430899438801646,0.7744058665937399,688.8596357361608
10.752825341859042,27.682999199957116,0.8473258486870845,921.3839575279987
0.0,57.34050814800623,0.7466484693377078,575.6237105952802
2.100932457487333,15.691760093935965,0.748211957670794,224.44579970656406
16.88969564869782,45.869465993702605,0.8288676885491988,415.6170820538522
0.5284355074273358,41.64679362399027,0.8896627884108465,68.71070380002979
5.765468965924892,20.22971246078497,0.7440994942950792,172.29162552109085
0.0,48.18365031119427,0.7331444456335785,739.3510414170655
39.478465072453304,55.35570434930927,0.7426592857271086,559.4994494762765
38.68245322554621,31.733378661241645,0.7771337739089627,388.0922904051132
36.33559739693306,12.197610189025974,0.8133384660541858,884.3084420558498
37.23579734905701,40.02122414983563,0.8964429101989838,936.6512870249777
7.761988950338968,14.234659507798755,0.8037403605605276,109.26522369366782
19.82663462383972,25.441930607775728,0.7440784551562426,759.8408565882453
25.7382653751099,53.188895574706294,0.9261759052350915,684.6571057765783
20.994895086820517,5.439749563765767,0.7728869236199041,905.3752617848038
29.658965289895583,34.4518126934334,0.8554027515314662,492.3786535010855
10.002375912916488,39.73135319252057,0.9156060316068572,637.3029703407901
30.967972259601854,26.3421011041041,0.7069978759405443,954.4027087201164
20.2387361468411,22.462760844367963,0.9181205962906366,370.90278393172764
10.254459658100918,51.91695640149163,0.8553004588160635,521.5276288761402
6.099429396079778,9.481643129244874,0.7219018750076841,596.0381124124826
7.353508527522446,12.22385400533338,0.9324359250907274,257.9058253406123
2.7612093966096913,39.8616238719993,0.9463787072654755,307.69820512281365
23.96861749170582,12.799584181544901,0.9352033351599927,719.5468837354306
28.72631564774266,32.80093370658548,0.7776759139191931,951.489083135015
0.0,20.096218259097306,0.8875490160676045,952.7509410145615
17.349585559631528,42.29060150248768,0.8083650976183381,941.9453579296766
23.067589699360106,29.665513687536176,0.7392793269594552,445.6428133739749
0.0,22.366547919225198,0.7408004283505765,463.9079614420047
34.96039558437456,32.75446388574847,0.8362951062214075,523.0012491653092
21.831213760022813,16.042852617074796,0.7414650337080915,910.7898423262372
9.314146624786435,36.50784774410375,0.9167497978847743,780.6578678115504
35.76082726798107,54.79511509442369,0.9000093586479805,100.38731731116886
10.9542905139908,53.28183316630268,0.8434800262320851,666.6744479403131
20.00317203126317,17.51529552029174,0.7367154007445158,960.9057673825303
22.001460689814927,24.74654675455927,0.8452681511483044,329.5968720589094
5.533371098969829,52.73932747532625,0.9207757788176449,953.0737158294651
0.0,31.109222519386645,0.7427085725087249,354.887991235994
2.4616461985163527,35.04028451787548,0.8024823177103422,299.0923471851412
26.11533579661507,31.381538039267944,0.8792607653556219,63.08654374105917
19.644998268569488,22.540919901677356,0.76184923057182,230.12043924934122
21.54603722033954,52.738690501137924,0.8858678570064906,216.55501153820603
0.8831169187735887,35.773222951372304,0.8111182119197601,419.7092969444239
17.076844206164154,53.84819730746372,0.8613373597620919,431.35341471715685
13.086131873091652,23.000803137523114,0.9286484656100136,369.88998092649626
5.486168713812461,50.3744136287868,0.8158489869887002,56.05500710492887
0.0,8.78190539284175,0.8375713377113441,796.5466148406679
11.998297129289336,32.27408367989468,0.8177599750987041,304.8913844340583
24.759306626897075,17.020541358770043,0.70303258834035,963.1414184464096
1.524196439800719,48.76019424304889,0.7784125324863755,442.1363090723094
9.97016737608157,38.38650013002789,0.8525345134590051,185.74320122773594
11.625669128622174,41.950197176552784,0.8422411721605592,630.0487864946937
32.116122900122484,31.134954961660657,0.8869488597026509,231.55411963754133
0.0,5.684468740185121,0.8217798533358311,882.4455361900518
8.021378864375324,15.669766906691837,0.88075449863011,139.32169646449995
39.183522709753056,50.345882734827725,0.8357370688261933,702.790560005171
15.960891415794084,17.085563960995724,0.9428428172379469,224.1255399064973
25.384662541215132,50.740868623143484,0.8857981721821793,941.8197895342907
1.454541603179492,58.12709728723436,0.8851557036859111,785.412239914246
3.872317168113056,40.57342514526441,0.8303604944675839,982.473444770932
30.82955523316607,6.233417226973731,0.8015034554129499,584.489284249936
34.30392460956054,37.081990785376654,0.7924988981909961,333.77389245491537
29.39113981996746,9.548797865194363,0.7603387706292619,671.4091074706218
20.459224836279894,28.40265758029135,0.9339598803873657,766.138309102766
10.019994241677592,55.969921612591925,0.7474617451773747,849.3211224346855
16.756344338256774,5.229972623821986,0.9498861105706216,594.2166456625616
35.63240873841184,37.77229048683812,0.927038519886707,280.6504688218533
27.248165782733636,25.014992426900836,0.7043470139122289,140.2963913574969
39.71663971948735,44.54385582091357,0.8067386476094994,323.60106220971386
21.795131097536363,25.744337483163722,0.9427763253641972,851.087140761929
19.70020197250267,59.43812499972382,0.8370671837062167,146.85745682604104
26.773028427361307,34.36879811999258,0.8736789081967227,228.17960990985355
3.3445319289459223,17.910133187680522,0.746386783687608,832.4170714799665
0.0,56.72816737792919,0.703733849659123,203.07174468096076
7.167208192323135,39.35160451445156,0.8376983319962743,673.5107035944428
0.0,31.393597919645476,0.9350725863669255,498.7535202824804
28.011609569027694,44.92812260905572,0.7026009462655247,277.70238001960473
17.573039559665016,33.08244307057399,0.8719830735904806,93.90367554502151
19.536645875157564,5.420305999050079,0.798350359377074,636.8246555608437
3.1339012331729146,23.516613347181615,0.7838872506656249,903.7274569600537
19.45453359758631,40.47496422961368,0.8223509886061433,56.58333058742507
24.646230462107606,44.89579197535898,0.9237433331364197,102.85308448148683
29.123234877462615,42.80894702403152,0.9302322528090392,456.8944537862201
0.0,35.8206725988072,0.7776537949412182,676.8064649719547
24.120930960611638,26.87797067150464,0.8599730555222183,531.2240411793554
1.8188852361270988,26.3278654142952,0.8967243234711457,552.617965269437
37.814135729512614,40.66263361478694,0.825879926673526,972.9103859667038
13.018891428785727,21.103565048525997,0.8017263863082165,40.33472461160933
11.448726791828422,53.04097847821304,0.748963224394515,243.78790883741885
26.277436821814707,43.88999727348834,0.9498168669883972,200.13317431853392
1.2858686757943223,29.13780326720603,0.739547539701112,106.87655915707484
0.0,52.81486415298317,0.8088256140716874,983.9403661473486
11.772802979091066,51.941793684273506,0.7163867597313263,243.71922803391533
5.7368313893365555,7.366541181720147,0.7780400777162031,543.1141695462446
20.737375617333964,50.5232533922642,0.7157779582590917,72.44954294200397
0.0,24.723009003658056,0.9400405217934932,485.2734651066435
22.08852246270682,52.61808240124629,0.7940141891690606,137.88560919175634
33.10668656392176,47.731486496967484,0.7237340968678021,559.566591203244
4.1179490582900495,55.83527251661631,0.7732179435690008,193.49830981430014
34.267372944679224,21.893865689436012,0.8783819857627342,878.863523431892
0.0,53.68717620553192,0.8206948851222875,860.7772962331871
5.159769194906384,41.526963983508715,0.7727960213893046,99.86255874183766
24.68588129352178,13.951506222537963,0.9278482092568587,113.80586551991269
38.64445549035307,22.663318779592466,0.9129936443828,939.2584622468528
6.387804105340241,26.05501839480311,0.74046051792414,388.6917281130965
0.0,51.4726114151777,0.8243682840297992,892.640737522523
18.032822979542857,39.61467834475131,0.8693107930242954,816.0444053600519
32.74096189472006,57.384078973160925,0.7510499341835486,47.19898513942731
34.599761563808016,29.58947984433722,0.7583754603216666,425.08407475902465
25.914343100990045,51.503239643050186,0.8784308886497403,116.7296077326359
26.041259404959384,30.84986487918543,0.9198787235344794,55.607233047307965
30.86388215057553,9.808067830781757,0.8658268857251153,275.90524311795707
0.0,38.65868762915089,0.7685415350500456,512.4666041267458
0.0,54.73116274650638,0.7245606048094693,472.5459798350154
9.956076280890716,41.43303081669446,0.8061342564014655,232.91462292267315
10.473830777075909,51.76665488044576,0.8766860106297083,918.281284094566
0.0,47.01822549482916,0.8729417640105858,943.4970059717381
16.668826927858845,29.764303560000624,0.8259138991230329,608.2577748552793
0.9481264860351564,59.36083251929129,0.7912739857454052,401.92305796282517
17.04398931815093,12.896533370160089,0.9405947315851759,347.70002218409087
31.1407284642959,27.209527520379932,0.8421903042812533,735.4670432742809
18.407061059271996,23.703189910398475,0.7508519394468887,766.9395954294537
17.433330548861868,52.93087865503577,0.7523600121703603,415.0812810497339
1.822090352733963,38.68847809125064,0.9264205796840469,252.9595550652218
19.98775005994985,42.69503313220482,0.7230550995931722,977.6921768808468
10.45554100201417,57.29439804855157,0.8552792337458378,501.9400039278407
14.563229568591481,40.72348268345596,0.9494514192422951,92.62060472174461
9.5277705583868,54.698678716456556,0.7860362182854285,768.7411057783968
15.744430572012956,5.142513814573996,0.7973201420705092,287.8322411425691
2.0182311763304313,38.69606302463445,0.7007576699282073,499.79388985094283
14.418045780396367,55.69458710991427,0.7731827934092556,475.7166916489915
5.720563910348884,38.373738507547365,0.8504307370191211,632.1710432875989
0.0,51.2377284789487,0.941667007116098,284.1470198324228
8.684318926890379,32.557407280570224,0.8195747292162712,201.44643882190672
4.770939061677552,55.59664516499477,0.8425530480218715,972.23628146486
0.0,55.09550879466243,0.8520535476974331,757.1807400168759
2.4323577300638815,11.055572632275178,0.7932697932722836,127.72429564722788
0.0,9.771819762346984,0.7940731932004077,813.6765956932777
11.540868171178818,24.661741499156147,0.8281696650230879,943.1411941243397
29.077810866577554,59.2256801625694,0.7582706497517747,966.7708851269024
32.289080778387124,37.08878668058577,0.8739494100650729,404.2370821256794
36.99698301330216,59.20200947475613,0.7495832282382857,893.9274630322674
16.70205095508951,12.968196082001098,0.7313767289562693,153.93585847759482
16.545162131622906,9.49759062537909,0.8620503802869746,143.4865066577816
26.286247179907114,15.459892143817957,0.9434243231583045,502.0003027421648
12.50257089721119,6.944131741373365,0.7250416454212412,959.9591497657718
6.935229199117733,12.924628054487066,0.8821465047461772,140.21658874468426
1.9207503142730822,58.35251827744708,0.7319598176216913,599.217332006779
23.60899492985543,5.602878257443289,0.8212117473401952,723.8451760986312
27.807816337121317,49.112892417900596,0.7822336046893698,444.775798705027
31.525643545315923,35.160476209029824,0.8247882472220848,382.5763282203565
31.861442261258038,22.432383339506703,0.9062796058638517,839.8355927173163
4.248437381642014,9.271719419607953,0.7952272447097996,633.0296625649204
17.029909460439757,33.11265333673726,0.7657340467752984,787.9763996787541
14.403481663301793,19.081561463772818,0.9115114230149906,252.8480670832742
21.37952971442419,29.865093565470957,0.7803739319645109,240.53488339589975
8.571979525330683,5.026333002085332,0.8904745958793474,628.8421897059908
9.68249777563166,18.069407455990554,0.9382400985299189,775.5009275245691
36.503150901657804,57.928346756089745,0.8331999372810044,864.0788693544581
31.03869706349912,26.7820402622851,0.9280203145995943,352.2005654930862
0.0,47.29894501155278,0.8544717345210171,558.5494946432594
20.722520240879906,48.81004127207192,0.8040895460708604,541.7807201897978
33.24355760560454,58.13208857053343,0.8159617758331497,919.0942289206422
31.970019646911936,10.805079096878531,0.7746868899444806,331.0251347830294
38.471121080283424,6.110431299270953,0.8339679296083199,783.9310964247286
0.6606075578563437,13.513378904927452,0.8148847364869181,325.2253522353832
0.0,24.605440972420134,0.8313037226873585,186.0679266268123
34.00738391673633,40.209055046519865,0.9486376995289953,105.50493699917887
36.9536937767621,58.98544053168891,0.7159354102685012,777.0771489339274
28.80743147018075,7.085607199887056,0.764102757267153,661.0224171165258
36.8940281165485,58.104771348816946,0.8904968047774682,139.38096944192318
18.787659688260796,17.17678829144058,0.717647527002166,289.5681160205995
19.900840537559326,42.917179592588454,0.9310141630847639,87.05412872741228
19.836989916600253,40.311402916557455,0.8188766322858628,688.405285095606
7.545491861168533,31.44380595877939,0.8559454803300373,125.39687968011542
27.345912074683387,25.21593116897173,0.9280543333450031,456.7344474558089
0.0,52.9624535348852,0.7020283752051499,371.5639951678921
24.319238105839318,22.39784652711478,0.728648318667848,876.0077242574547
3.9797024264677066,35.22937841651761,0.9351849653749871,880.4410275414753
25.180191872731875,37.609200809082296,0.7591948580093553,556.8805879591698
3.8678478357157484,41.797968034435236,0.905194708849767,638.7678845927604
21.128607367992817,27.72537707038948,0.7968844982467496,629.0090452118853
31.907436951529235,14.514604729677636,0.7698246997851272,718.0451498961021
0.0,55.52500273089093,0.8898751053382499,149.30776476528817
38.29233659977695,14.796938324265545,0.7650890969343648,527.093189604383
21.29619987502749,12.062827815721445,0.7955459403292975,584.1969475675173
21.199040193705788,50.79187721989397,0.752157092935033,592.2475548005302
3.057320549675667,14.855636463038705,0.7061601552877579,221.5936178690853
19.083381331942423,9.925262056438015,0.7432434185306834,421.075009357277
10.22926674610123,32.24442449885883,0.939958038605285,503.40557193339185
32.9991292905133,9.436227595920174,0.7697069731034638,901.9385234219034
0.0,9.640316777738983,0.8467815620429097,83.69734095244101
0.0,12.790354388181386,0.8888696860204852,248.26178793467625
14.999422143315613,29.205960686107243,0.897370805978865,901.387302854876
9.635934882517361,56.877261110410615,0.8022166076649666,316.6242135335249
26.831093191690446,22.92334102759701,0.9311895861115236,757.9009551436176
38.20701333225222,15.44354527321903,0.8753969161406986,64.65382482006746
0.0,57.12755871188752,0.8157055082024902,569.5760962792795
16.73345241979846,53.20340780028405,0.8270495306023177,394.0103915809128
19.51061743809212,27.72158417214255,0.8429147920477718,329.9401227678192
31.98290874095658,24.385718992898884,0.8405911266336832,448.80662210992733
11.351544093466863,40.37990345448225,0.9013177261626603,426.2291911776808
21.04646526065654,23.342958052324963,0.8686552381578401,437.81117231197555
16.34541548140597,36.439002652153974,0.9075179677447218,400.7971886197641
10.8151057708483,36.68753066037112,0.7627910850552464,888.4109501230171
19.660169741955436,53.047128843506925,0.8752715261434167,97.40671121901724
36.763346218181326,16.812358429689304,0.7894831058717537,839.8981205441055
6.476283428103595,14.278811035000107,0.7476292933445938,848.9986646704344
0.0,11.82121679585504,0.8546678958367016,237.86659315330243
15.938975678796918,36.151983229504,0.8431085750505221,793.050007906684
13.12928742642177,13.307225176010377,0.8947436731746085,850.5903048912968
29.254051431010815,9.923018706085795,0.8759929973289198,605.401724911151
22.930837277127427,12.04677276804732,0.8159395682209438,467.98735253442027
36.6162230114475,16.66453148373088,0.7042209584603443,545.0769114650045
0.8659691787300998,57.25202607026432,0.8254825170851446,427.15945872856616
34.799138261374836,6.492853031544225,0.8505900240099782,429.33024563009667
0.0,28.90560137802212,0.8318969300551998,409.1733697062552
0.0,22.55893886992794,0.8147915574750872,780.7421088223953
0.12410041692800194,17.570271490851976,0.722226467061459,204.82133178469576
23.784243111413254,23.706778291650338,0.8086265873758296,320.31674626108844
8.575213408825226,13.864414615316178,0.7475586769888226,375.9831515438117
16.406469905652934,13.927873071467465,0.7830236125461384,704.6686897332306
0.0,30.36041310175981,0.7009599066929734,338.43167277285175
19.001874790283985,35.70183114560635,0.8241228371642348,622.8245235003519
10.393302999327247,52.612878845634135,0.7170836550073603,530.6765282721026
39.92056769221411,31.75113523767069,0.7581524902576063,145.15272191912965
10.014439373134794,17.34095619613161,0.7032003439826976,643.9922916764874
10.549133002389485,13.821737652176497,0.9166681291236997,639.7796906724973
6.05662701916651,41.246808096296334,0.8359406573242686,481.4145128169438
1.1286657224542418,28.372799386622823,0.9130328374527562,444.4106487999839
0.0,14.012141958034775,0.8068303295658034,820.7074526679518
17.189680495534088,52.17419766899398,0.8084461933649011,683.3889488605085
10.877742976827708,59.65787008276291,0.8997729860385982,491.1243913757635
2.3743012973972264,47.0724112972264,0.7174233512012155,699.912858535087
28.18412514794635,44.79215788564295,0.7893038567083237,461.5783372820349
23.757980613294023,48.8796935493338,0.9074905130720646,725.5402283432072
7.114845024197099,16.883672448159363,0.7483392681578582,306.4945139785396
12.26447506981762,17.540162196126055,0.7128781577689589,870.975017064149
32.37347122347024,24.53057132654318,0.9137385027603706,914.5757173709983
39.89542327455229,12.358978627534958,0.7018592887499409,786.1127523828618
0.0,13.739760375272192,0.9204448539735822,475.5188196976736
0.0,42.5740685279058,0.701774853449106,507.65734118396404
25.669110496116165,41.68856950059933,0.8161807679277344,876.1921910332287
0.0,27.691746457678477,0.7949292520357372,761.310653800564
18.473776147813908,33.52605348810571,0.9090166334772358,797.8247782063992
22.05087935420945,47.32812698912192,0.7062197449062507,785.2446563516967
2.3351081909732856,57.75845163247024,0.7533871986732122,188.37611633069315
32.9464610262091,8.67227543773108,0.9341399641324797,802.6394777766103
27.30884325985475,6.2578006923188,0.8861799865988557,514.1386118044851
17.756931324439627,55.67466063284121,0.9336950421299901,951.020502181268
6.448737664199726,13.37284237674443,0.8923354021253245,878.4763672474344
17.60917369074869,5.69345683240692,0.8944951869373869,458.25103902650187
1.5670242869525377,19.51250720353823,0.8586776682170096,904.4473535866988
16.898130006906676,19.05923370390978,0.7799904752222864,677.5404712483978
23.438835374992454,50.62912427710511,0.7314895880461025,486.07919262525184
28.21198195605092,54.512426467174656,0.8843632631872942,640.7805439196401
0.89575058174193,20.104312576836595,0.7580396856925029,610.0162497378775
31.36315961667931,29.384547147851585,0.7448466493032846,267.95278925253615
20.836464196728084,57.48559458839571,0.7464961536013924,308.81531177707507
0.0,46.466506409923035,0.8104581500278364,774.1155143744269
4.139978617318361,9.226770110137407,0.7637240602595678,270.6318997671186
0.0,8.207213415727644,0.7614845893955262,518.8846003919645
35.85420107759815,11.901506076464958,0.7074509816155543,277.61761135164767
34.564820922104275,46.176638431642445,0.8150348946566439,767.1332710100943
7.115783369696016,49.03024149895744,0.7732740013836772,778.1535329872328
35.692859276752145,16.352557247115733,0.7326058741560031,552.198630530587
22.22869336516605,30.67732544517839,0.9409534978583984,373.5004041806868
34.70290865882917,54.01258671516506,0.8148312767886035,188.96999752470165
35.184434117922294,25.458239782090843,0.8864203498691922,860.5294855769068
17.53092658825233,40.294031847613525,0.9053190165340526,102.37964382086105
8.013595836292485,26.630459543967277,0.8640493609691265,160.7056577412338
17.299606249013248,42.622342376815766,0.7872034346470917,215.6442284028994
5.7693875228931235,9.798603178514867,0.8080393587194066,690.0281653220878
12.45393072364188,47.951380024598244,0.782558466887861,54.971072943225856
5.605484351299403,46.88546315246214,0.773694750266306,484.6887266383568
2.272701283331235,52.652031959005285,0.8532987874079707,992.8302131357786
0.0,10.382152624335024,0.8747509433880595,834.5944738171727
27.279803497680316,36.07315075462172,0.7117784306351733,220.812434933907
27.90404017637179,53.327444449841934,0.8456439892790145,402.6494370176382
24.887801818055035,33.50606072181538,0.7742064023132158,846.1734628771105
11.875325166098055,38.6637814372403,0.8376352370691725,512.35121850007
33.48692784357463,55.3717517189786,0.8268348132055692,380.2568685833644
7.775410385130346,29.80556887895826,0.926809332699811,368.49787725044325
26.833785884123163,24.234764963714333,0.9042663026257916,867.2706403113236
24.91073695946821,44.81853415472139,0.7259786140209089,384.001110397271
22.14029176630912,45.683120033692866,0.7582144098969401,246.19758850930182
1.5312987097138338,17.480683142078963,0.9208499912403536,401.74813785042
0.0,13.781001716875453,0.9046694546586176,420.46502997927473
3.6399166799516496,51.08851612004848,0.7962275498036318,801.7077308502902
4.342991197511171,29.849503552713053,0.7810464133994897,765.5735395194193
32.595114253241015,28.385135010940548,0.9350042936065485,826.0957938674068
3.286132062742979,39.634869340247164,0.9046675281179073,972.1792310381013
38.804668446095505,56.68781205334525,0.8072541155394886,688.9293288235407
18.675339170441095,45.81014655861555,0.8747627218242602,923.6903111682415
9.298852801897059,19.197706967207388,0.7970879584568324,595.3203941266373
34.41977046337195,59.37072104704956,0.9454609248917085,131.58532483214492
36.10952902290417,37.99033566781522,0.7105604055758536,741.7310955732495
10.614057307295349,32.82722498308754,0.8038439178747782,969.6611565732495
20.452458448913877,16.18814007870482,0.8197637401523454,150.24185560381173
28.11529053413295,30.616513825154996,0.724745381942743,595.5632445086084
14.096491559467346,28.979937359885767,0.7813301311274283,624.0366999768472
28.874555755098978,53.37368675000534,0.9471333790729044,409.8311730170873
33.47806367398819,34.95426424928308,0.7449568194364498,576.9746588909194
38.956571273454486,54.4544899393664,0.9130999665243181,986.266605146389
4.10976638730784,14.864185890097241,0.7166607078192934,390.54466920822034
29.61705921924375,34.18988561045325,0.7512362621362116,810.3952526021338
1.0248212381390467,5.365671127392176,0.8465406199872668,825.2279331227702
0.0,59.82581908605862,0.9169097706963714,474.6735336099284
38.34930826639593,7.208581442823149,0.9165456479661623,365.3039899607652
12.675144008737396,45.93808181520222,0.8273742312019711,68.93616521239167
0.0,15.486198475815588,0.7889677774647749,953.5472304898165
38.0182112213655,11.566937009757071,0.7604274944848182,249.56965260636284
13.036133142615775,7.235349674872488,0.9421898831311724,544.8487654577871
1.1892887608408529,41.32052016315235,0.7407513182267791,418.60891830392313
29.9192138416554,14.181405042093756,0.7326761013408774,946.5830202743236
3.3968065304535653,38.78514674619623,0.8559290657369122,908.8894425244397
0.5377114400245452,47.82924316875117,0.8599870627984566,978.6712792922865
35.14632832102408,29.70203021840554,0.7241135206215432,537.6893351112459
10.678965540843276,14.426722869489218,0.7719979967043973,671.2849790394389
27.520331044680315,56.23093705251302,0.8023389065252824,50.77169951436993
4.3511991530949645,19.808991377682624,0.8690670358555072,289.6508458251413
25.64864148848486,30.65183406628851,0.7739224501776704,930.6167707462798
1.7026988188865004,12.710571140632712,0.8660430731528526,265.3401735558938
10.70348038030822,9.415527535098457,0.9059257560949416,410.67565636424104
20.222825052208442,29.77120992275544,0.7657054060354014,650.3420358217991
18.928482943367555,12.519286707434482,0.8740070832915886,408.8793142723008
36.377193289675596,49.25482670447765,0.8551274268921296,398.00464678301887
22.813272036642022,39.93262945701204,0.8573330923155061,925.2843761665928
21.481966813170807,44.1840381976975,0.7415426833601584,407.91662143211755
0.0,50.77707923838407,0.8851844975725673,316.8848412230541
0.0,49.86012373387296,0.8783943038783416,828.2454471397369
14.702939167587253,6.561230234491475,0.9050528788893203,400.70264208723745
0.0,24.258461745267827,0.9428191821826574,241.30689243277163
13.805184808666054,10.827325330252364,0.9210002971857103,152.39133222895293
0.9722560235359099,8.676363872410237,0.8874836351274414,592.8432124439706
2.09727467366778,38.55267542248247,0.7412336815572089,979.2199631776065
25.077480277664186,6.3028931873215575,0.8770591105629959,590.7177093216449
31.79842900242808,12.679760257227056,0.8408119075576193,712.7136283958447
13.109172360044148,7.199761690878978,0.736985078105955,42.17088216882672
28.167996003347607,5.60654171828645,0.7333723142195495,931.1270062701791
23.99543564116756,23.263717936386286,0.7862536358355975,758.6370232684837
9.46807388173755,11.799027989324719,0.7204688709057924,647.9059381988568
4.354233362273235,40.91187602783199,0.8140804749944724,580.1840239232813
38.01796663675545,58.01939782325864,0.848605664261876,654.1581771973375
0.0,38.14529207699915,0.8407885462460578,143.94503126983977
29.850296324238943,7.393042026018099,0.70089606802509,272.55971282149693
38.555436610140084,15.400450265362617,0.8639383453410973,597.9877737708844
14.912900291519373,29.920035800432434,0.7162683530050633,243.47020582505056
34.66422518827106,52.3352134745304,0.8500564362782838,428.5960983059192
9.56691201198309,17.453103272481044,0.742261366390129,416.8633521777839
37.348975090158646,37.57632507912844,0.8664915217214525,784.7726587935849
36.24929322385388,43.172188168358545,0.7979111943936508,672.8061281996198
5.012954723972872,21.487575049920387,0.839407946566683,373.6665961995242
34.411298073140344,36.76779239752482,0.8693578986005035,113.04114145934449
35.45086098318343,54.22643672786953,0.9452456291397602,614.5606999911547
7.581891632341054,39.74650002149322,0.9454226015454571,80.42969694196134
0.0,37.95050749053886,0.739249499173316,240.61638275476966
19.898791668143147,33.98748221972108,0.7229204645135852,359.8045249371015
32.80140974157292,20.94739454961442,0.9030542078521364,709.2057021967933
1.8360418030598704,22.24357481116505,0.7915757552361034,212.96278670173095
15.537009916697718,47.19358258995728,0.8782192364616814,702.2957704034018
32.75168794447581,31.873079212980883,0.7663269974910741,942.00824537477
17.13454414605885,22.80471278050468,0.7976824988077753,992.2376386388522
19.018486871033907,24.404879410309356,0.7999771287798534,582.7804141094208
10.599425561910012,32.02347482174952,0.9220802484109382,967.7303188489882
1.5342647958481757,46.19777779149394,0.8777783144790641,548.1803824833393
0.0,29.421759374438594,0.9214253514110942,47.14572256691504
3.588650909424271,44.41734909417239,0.7849301134055459,591.3701257764702
21.34602447375988,44.065668982086144,0.9341240823224954,807.5401853789799
31.989963360663733,21.879925085063398,0.8345005319799406,88.61370171042739
30.07141841643368,41.8144229840114,0.9393828700328885,697.410601812931
19.20789829532754,31.4600560561476,0.8848992020915998,744.1870558293183
14.849534437096285,25.772497544999,0.937572727119447,643.1176833219978
8.945926740379116,12.49356405888057,0.8904114330153045,86.03620692150923
2.0753551601378097,54.844327568310106,0.8833534972810555,328.8469693390832
31.464608560280155,54.074534562973334,0.7529338313462909,764.3365506723865
37.15957956819319,5.403661462310644,0.7077929408842201,574.8043147448111
31.51027943355925,29.86939863728474,0.876644438065507,963.9220984108592
7.558642743214928,13.84872302760379,0.8210791339195607,469.01611876674485
24.345831076593768,46.06767564672786,0.9174833683340259,445.27983661880546
17.05957447251762,59.16308957023715,0.7561273414571724,667.3686207054692
34.39509307052227,45.9534394354008,0.9023675762315783,639.0233031627217
20.09604599010761,35.82179892656121,0.9130492133540977,822.1951100122124
8.680187113276183,58.28638099808885,0.9456233184548186,341.43736541510305
20.270140604901613,11.508702196889114,0.797925226121881,615.328264066589
19.687387168661907,55.82393913288763,0.7825646058065445,516.6357720566815
26.243723677574923,22.774550860029183,0.9150169842946154,203.96441590343716
14.296889745919163,33.94235092204219,0.7688592253381819,426.7787059009778
3.9345369538411097,55.60981198348781,0.9294268790564716,461.3301312402188
17.535661420653778,30.22198499140455,0.8650529733974404,632.9697318399233
16.44412883762443,16.86218027120078,0.855736800070982,785.95118526603
11.56567604749478,43.41851204263457,0.9288622533287848,760.7544551377896
5.810803042543261,11.366715689497946,0.8749760842043658,45.3081599237596
0.0,51.68903107539582,0.7669619736151427,73.89688298516909
35.06687243660468,11.824048737674836,0.7439071287830238,46.93441965826928
21.70568675311358,43.770641888533,0.7850508304385868,449.704579196979
17.181630334597987,28.44127287552759,0.9418716514599821,809.1454814435925
12.31178276650806,9.88956300951693,0.9234324708961312,521.2868730709889
0.0,5.257488412467675,0.7892624932651285,188.49440151465842
30.823322167510057,51.344668076417605,0.8020040652314491,994.4605321106147
24.026533653346153,41.72894264731851,0.8541065181116235,935.7098796564884
5.513556548335361,43.28704607646107,0.8379550045674623,162.35606441518047
18.488384276401764,22.73270399932554,0.7439184359732341,445.0879501164085
26.065607147973253,57.82453299094844,0.7621779519557863,668.0545808259681
1.8616679209256355,56.44411956996977,0.7442312915060593,483.28737638546886
20.438993190087402,21.756939657188077,0.8475928323052139,686.3303633062593
10.97141108777884,11.970836158774292,0.7906695627900526,151.38515635616469
1.9771422240904473,27.251073358763314,0.7022118761704301,858.6633617566985
35.054631580439796,55.059582666370844,0.7749406596210655,774.0668251398945
32.91670729540124,58.79206199290847,0.7900330012532892,962.7521507647791
36.419754126002374,44.83089858882507,0.8497423026034054,647.2050794733467
29.994544638740667,53.7160656778406,0.7283761612873517,548.5891270704601
11.027415111349825,33.709412972671934,0.7985465019340257,114.0097747931614
32.01343677885758,16.12902987884377,0.8958923451580199,255.78554490386867
0.0,29.975315896462988,0.8088642408311537,966.9788596818396
0.0,45.90518411353909,0.7120342798944153,266.09866754127165
5.723900950064277,22.13609898112964,0.869017978264672,288.6250153293452
16.444215596005684,23.49140133360045,0.8459958124787912,212.5972538362135
28.168657013426575,58.59787731655154,0.9488431327100941,746.3735048738298
38.802183174715594,15.730485912043738,0.7663293045258813,466.3201967730182
13.126052607621464,37.614077594628434,0.7932357944172017,630.92281692064
36.383629486309864,8.94113061021537,0.7433465696172433,433.4919334663922
37.7963714849334,59.64292325750189,0.7532739501798675,501.3519562438737
11.015139897564461,56.73031265363071,0.8018184017484349,710.8572052031412
23.76140975514844,16.14625447414999,0.8740321700289777,384.54138680962893
0.0,49.027855267447926,0.7952302648209024,500.6060245006034
2.7525041482237262,20.026027807415357,0.8992392631697501,107.56403603413034
25.780803174237846,41.916747814078974,0.7354121604052657,525.1382699425961
38.26932503180868,34.73676421854588,0.7872187710978943,452.1934676772172
11.292515082967439,47.73093653021373,0.8345669036079167,705.0052263324316
25.06488728290022,9.135350431828009,0.7428930626962148,867.9629609758837
9.607903017916637,26.388899243373388,0.7617093763686893,525.3861052754984
28.406649333018418,45.90541394209479,0.9272742098856218,83.89565584561706
37.42718798387541,24.389318237134336,0.8060114817974986,200.7260046028753
21.417574294319415,10.133642647511808,0.7378287606270949,743.201919703179
32.309524879977104,34.465402492431,0.910250340923836,271.5706856782678
32.87770805465352,5.586332848637707,0.8140462626695014,69.22577904882402
7.689651957971459,8.264716088392989,0.7233473940305515,104.64538514466471
22.59143175390798,20.25151489705065,0.7499114680767653,983.8259722371585
34.74215003298591,27.82456018573508,0.9032543976166489,429.12864100112444
13.169037196897522,46.85529311727633,0.7196578488930034,992.6459055888776
23.269486100398534,18.902264682724198,0.8290581395553575,688.3764899402589
2.1397233670612064,52.88420214312702,0.7514173101240323,97.2148357900273
33.02581836784703,15.543128955817576,0.9134155745207636,994.4220902694004
29.791227783567795,59.72409374384412,0.8576681305033218,891.6959445904466
31.417379339440686,21.043321510896895,0.9489107062433334,640.2932830415373
13.015252478915695,52.36318666111032,0.9353871777300138,426.15010228630035
39.57588756925493,12.276508968352454,0.7059249739455054,222.3889855113963
33.989556939975316,47.071467026146955,0.7285956605813173,445.65731066586454
22.303472095870493,41.719409287270054,0.9433162738084682,694.5600947437838
33.647884345193056,18.442777621430686,0.724822877511301,762.6060907432989
0.0,53.44923298023435,0.8283580109576165,394.1902322747099
0.0,29.663170610731896,0.8379783854741145,414.5078674076471
33.200451268126194,8.365907430329054,0.7812944836738858,817.55396859503
38.022384667421015,51.16929406050074,0.7376176636862589,936.8226266655587
11.076926526894933,38.92311887363724,0.7229201527963625,314.5682581988775
12.060908627697613,18.715760191292347,0.7259281861240408,841.6024879389134
27.10365606734872,15.379036366051219,0.9464362642651232,759.4937499294512
6.110673593521972,13.503449934273833,0.7300626381097609,506.0945033347316
19.146170581061597,37.743867265016085,0.889718643731298,866.9039938508965
0.0,6.327616026350574,0.8027775395525913,230.19352984675578
12.998707857208155,44.63602903159707,0.875073324979547,759.4655488502257
36.2162813482739,28.460873169697557,0.799996828561495,454.927853396809
0.0,55.896816019184094,0.7483839693732267,316.4837372075783
29.92384902311153,21.972346154055266,0.7463230339315539,788.9572029243986
28.170745159591206,44.90164519828357,0.715413406078331,902.5675289201231
31.606106739579005,41.621661386769055,0.7882384193484056,966.5254218471824
36.98496136349745,51.84963688232252,0.7741572755076774,835.0937394319787
15.237499853988371,57.51139050693847,0.7009285867584554,239.33660269049022
36.396812729252936,22.032741389624352,0.9036490677652054,426.7772926127348
17.39183816415358,31.527131071562955,0.8168955433321169,708.8804536224042
1.4490424627715843,7.2646212296984976,0.7752297542513885,850.157225232123
0.0,38.812032105972655,0.7465366406999852,847.7743473050314
0.0,24.593674686919158,0.8316120082712659,435.5730185921538
19.824050724018257,14.190811173126859,0.7466149224156107,687.0428719661965
38.5025645187753,50.451177795704965,0.7515991113100828,709.5041198669477
14.010127959629724,43.74467468762882,0.9437490311322718,866.4462576241473
14.732338615601046,36.050607914027196,0.923128406094897,600.6877208484767
38.19409058962936,40.17403964608234,0.7026078860277634,82.08194218627469
28.49941514640964,6.166503687621741,0.7076654889256409,463.10104491808994
15.500478753819834,9.806275622831086,0.7355383486960202,117.67304665479028
10.960899254828629,5.806382071263405,0.8167784852323694,124.59529156013822
29.951126970871535,30.899514052768577,0.7466660918527005,578.5837681222628
10.167238611100958,41.96020693113842,0.9441345104621528,971.105723356718
13.85153616754457,11.294716957383553,0.7667512227270743,897.9536825361354
8.657668001829396,26.01477559668162,0.8400134489225595,328.265948475235
0.0,31.991265479947003,0.8898845153056407,362.4590476537977
3.634261204584764,9.985248713364323,0.7376145488076966,729.1888569026105
17.468188355988318,51.69986636289505,0.7762926780001236,719.2153945374674
19.55724397322035,14.157804865602952,0.86887140777659,470.3019948907053
0.0,15.994020018697062,0.7092038246782426,151.36975443715986
0.0,56.95620284783957,0.9428496776868805,134.3568172236761
32.71587854149507,7.922206008994509,0.7581400188262395,189.2136804875363
15.861897417093072,42.1312439699775,0.8442250499554478,287.5844366228363
0.0,32.32109197762919,0.9256184617229718,554.8319085834008
7.799014123820345,29.973653454628888,0.816516315019644,863.7846713318746
35.870765715158456,57.419730014915515,0.7459711010747334,752.669581713237
13.479309605193317,33.79555928938357,0.7997968658121253,462.41756330386977
2.0631238401981182,13.907993010909157,0.7022005559708377,369.0482311657863
6.381270181165016,56.70572349483488,0.9285260258514416,752.7771040863914
38.173545471410854,40.219130237597575,0.8461123480638115,890.2278146178245
29.85493044138973,43.43310274413693,0.892030816738155,86.99494178707788
28.3204978572102,18.098085122017906,0.8974403505556566,200.21333183365752
37.54201695220031,16.52053893493849,0.8072906532029407,929.356292927433
7.620861465020552,19.4787969516446,0.888092909345727,706.7132198744396
3.216582353824379,46.802655714670294,0.8759178654148265,436.57062281771135
11.011097845237487,48.03362060762448,0.7182477557948669,833.8053928685476
15.417840348133515,24.266686624499386,0.7849516418107574,830.4373413380106
3.187413433855387,54.84951243430946,0.7255501301410394,420.9330662902829
12.98318060667766,42.7424713723812,0.814326911598053,223.27664745584184
7.6424980416441715,13.246259982830937,0.7234632024604987,87.18746450747645
14.251836541958063,37.6381041358249,0.8598412941844882,369.2485547960156
6.98589383530375,10.27092909860205,0.7445507778600023,120.26425650687969
16.67111646928499,51.1308046364058,0.7746049281602216,610.2122161881538
4.080380606499832,8.718353626560503,0.8563119427392261,848.0258688594022
25.571262839204337,14.827461352368928,0.7005982513596616,489.15207835273924
2.1053048500870832,41.94780609075841,0.7789539709688548,820.962144401111
0.0,17.56735026729717,0.9093256441276888,717.4276052608898
8.857602430767972,14.617071597476352,0.8124028911224639,681.8042752668312
23.48567018818652,37.88269889726764,0.7030454640229421,739.5464051058159
13.354256739245077,13.243937312578609,0.857649234234561,224.17161789134983
14.80489853628838,15.060721578368295,0.7852060145438112,804.6895555845945
12.685629553940705,51.25383230305133,0.8165545888623043,344.2030896726278
0.8056202334769971,52.52605852121207,0.9316025580836129,566.0611499284541
20.942553847102747,14.869882302665209,0.7590837914777915,237.2083108062102
39.30604605297374,31.203546447317496,0.7856329095153929,758.6807456402561
20.02546918580632,42.78641033078236,0.9431231460429426,752.9436028959276
0.0,28.36511698004755,0.8652873779892218,591.92846312066
0.0,51.68535221830531,0.7514152392292802,583.8078101540871
9.972418932859831,8.256911674039632,0.7978514592232722,594.704459691313
7.609350861499651,37.272308931732276,0.8574139388435932,209.9340886645188
37.73258233135927,23.25655807017889,0.8293726134275985,353.25611965522904
9.07137687816067,39.7802710565955,0.8659223330108087,624.6461937705319
3.8400325875000476,52.70806793809773,0.8993825883036441,152.5099328652161
10.379158969237158,31.965702541240884,0.7439201924375995,789.5402397659999
5.03254679697108,22.049998935624206,0.7476657690732988,95.85789785551779
36.573707005831,49.96148782431027,0.7608006421754692,737.501082687043
24.53122304907391,52.123756620701826,0.7022902711177872,569.5227049811258
36.99229530640304,9.025526842273791,0.7829104900522934,142.6974483956749
25.046436218010317,17.17304954950265,0.726442518404769,234.41984125227393
0.0,9.169958287463688,0.7733736021230058,552.136080026632
7.75424795113616,39.451137156390566,0.9040803399166297,526.6276692153841
39.95480830671612,32.281869735257416,0.8003943162083624,294.87648903242325
33.178063182317075,34.90461626148762,0.8077309757449411,785.1980777280293
0.0,31.738930779382486,0.8066766947517018,118.22507253392111
9.60853210905058,46.159589272436165,0.8351595513456436,438.13372031287946
11.69788686948244,7.926715619405326,0.9320366884550185,314.28045064328313
36.60069136510889,50.67329772736349,0.7659752253516784,857.6756008723244
14.583541273096866,31.192783183697426,0.8206881547485146,351.883142160407
27.38897340388901,10.812404750278743,0.7933936588048345,681.7947071363368
1.2656001758897437,33.334918723158296,0.7662261150991635,543.3189103917568
32.81851767247987,33.25833735356339,0.8178938678748262,117.06995836404386
29.327813649385043,7.2820918411123445,0.7507142863866543,514.7208094836631
4.182045435574145,57.63522490961625,0.796521038345573,83.19719826225946
15.480840073333392,21.201540938259456,0.8833043731233905,894.8678877761693
25.08072827868049,57.838527515212,0.7996670316087544,224.55732179663215
38.2066591894985,46.53514799270871,0.7571321861030491,253.33309331320743
20.53130534338975,49.948877958791556,0.795770942147965,905.6590938695133
5.62448348571341,31.715592039830103,0.8429654013661145,775.0923982875242
19.757550434030207,44.776035831266896,0.9074528818782412,913.213557928932
30.241524485540594,39.116383368050826,0.8810069850566395,321.9438305079243
25.838620200807043,49.639681593415816,0.7675722282289175,677.1017029009463
11.062514463003762,35.65279977288512,0.8189700895876846,69.26002350599816
12.100212452988115,48.74647085575437,0.7982246625108578,241.80564302787195
0.0,53.63860599856755,0.9327078677877656,901.0718359036193
6.560377785546138,7.718226652273717,0.816742363233596,605.108516474499
0.0,26.316636904681467,0.8171834461356985,500.067960432497
15.817130318201475,45.95429936738789,0.8405138839901694,287.5893008203136
38.26723089328345,29.08815158046724,0.9089749725562716,937.8013402222132
37.49142130109455,49.69617497399554,0.8565356268064557,244.30681984546763
35.213967874602936,45.466060866232894,0.9326339167419515,600.1165627709938
0.0,55.46006235063501,0.7628874247270417,923.1786352247667
38.982998793256485,6.9433334099091155,0.7486438917690681,628.1698305392473
20.822590206531537,14.055948778370977,0.9074395450814657,418.9772598489173
37.18080686948635,16.763240807276862,0.9280754026125861,183.68566827197643
2.057949871722064,32.29188442997698,0.7347225264231184,168.38542846458293
15.588056797003397,16.944813572449647,0.917694291841144,594.4727921716454
31.954006729017138,48.53857906884771,0.8304424291360246,117.00048698853718
24.29796239599535,35.716729403633224,0.7965631699486048,307.68047273260765
21.004130021572628,44.41835917218188,0.7114174216216799,731.2499915491845
27.944383164203533,54.47984367130967,0.7848941947931812,170.12876451368953
6.643351549459264,40.60309501160223,0.7148942587172689,410.0647185994779
7.269531361153027,29.64503082415973,0.8055434576924508,233.59929107477225
2.7510144857989327,43.99998548368141,0.8360376998044032,286.26519712254895
13.726641632178275,8.535988546071646,0.8230371546345092,269.1503044767012
13.269597970091244,30.457563156857898,0.707943621972489,191.8615897498826
11.243697799924595,53.37747344291403,0.8741496781479094,212.91530404028248
0.0,8.225913932095265,0.8582267014928896,170.77178032795518
5.381332707920779,8.627029677342371,0.854474478693014,939.5853858086454
6.098271759851727,16.136167770271065,0.7977412568556181,488.54991777456706
25.392888899784786,56.70993624192134,0.7636282797135602,869.2521401560715
22.18676991327502,39.87746362792742,0.7865301650597644,187.0508905223652
14.797986709492578,10.223794782310073,0.8245390857684236,341.54465735811533
28.129236493241432,55.61737781385719,0.7072584428128936,266.20386516020756
16.963579895811304,54.351773680333245,0.9158531344391057,575.9058537603381
0.0,43.49396130233201,0.9365566556029418,815.2809486319363
26.29903029180441,15.65193809022435,0.8884604261327882,319.3286469051645
36.78729358445307,8.308809234323476,0.82727748572322,752.2756227664748
37.654366784517215,53.40433473343489,0.7344749593687075,962.8171232207897
31.557605689414814,10.3245728364335,0.877515251179242,399.88268748401566
10.508033578165794,57.04299580368753,0.8375763755501497,483.2466505202276
30.3998560314866,23.283361881805458,0.904393595962178,318.42185648768174
0.0,29.457073856666366,0.7157966432519515,504.9768986141765
7.3742514652676,14.77390432420097,0.8325958054689893,709.8058174904933
9.790336279422032,7.697833735182528,0.7520883691694875,551.7271062785461
0.0,34.597790003138115,0.7821583431004094,848.4149647361919
0.0,17.17768062385223,0.8844968890333953,755.9467379116218
20.328390473275267,39.56458008443085,0.7997005790774577,75.88562068762076
24.789074835267176,44.35765129726835,0.7727083442253788,333.9258042701385
8.237136988148812,58.697061307096035,0.8586635727224002,589.0771539544609
8.36936601266364,42.46957641928244,0.8295516315343419,880.9356750258918
0.0,55.50321933690522,0.8104144863692452,656.5101881442072
25.564888873831578,14.763222047164232,0.8151149631925952,938.4183626906629
32.10312708381584,38.03920204493493,0.9469338869976465,52.49018371245423
33.10408117770177,47.30479920820928,0.7854020021183481,71.48932799072352
34.65998794465427,54.57599499018829,0.7505996778305027,199.97482430875743
33.9009151189073,56.890925038821415,0.9349404259256316,61.28902517405514
11.847972335927942,59.943660435146995,0.713341284200107,397.90595153871766
8.754387335743663,48.89541707042579,0.8427533963212872,854.9779528959307
36.30200720569239,50.50450059311166,0.8174803387853593,328.5714542686623
24.06825677767975,59.20520279179046,0.9149562105171614,635.0000211729687
27.758680475392993,23.931394784937677,0.7623769912709468,855.9063851655491
0.0,11.817540576543824,0.9258023205986664,963.056680780979
28.669340343832697,23.034574199464213,0.7567508021687636,564.1198229296592
3.276421792399862,34.63044860932686,0.8312126751885496,677.1422877741534
38.89670863761637,24.056805680078263,0.8889719109989415,948.5746820469597
24.196986274319045,7.408198379127079,0.939183466566756,810.559142041891
21.25749375723266,31.14175489555034,0.8019577109759997,923.8871530000811
23.384613804094734,39.05980809150629,0.8873459449898372,937.26347220403
16.233821064509605,14.234215388965573,0.7151466599826916,82.1117114878534
9.759697362072098,25.129758864055614,0.7686087781722267,322.3307906380385
13.804336856971629,44.99185388577238,0.8819165317305941,968.0721080979664
21.35439173371436,53.49827189188008,0.7750000735557954,779.6252647224919
10.690146598072996,11.467951583617852,0.7870359682566963,722.3184030080458
34.24871360730222,45.86525384709045,0.8551887923214017,817.7821545653118
34.60610313354816,37.25237420944011,0.7530967985459781,530.1235308964601
16.35687020819986,27.057605908898267,0.8565639032254195,366.38406126580486
2.2824463710567304,42.7711537145766,0.7782560989877838,557.6249120278889
0.0,16.419306138525506,0.8958501715911769,573.3969968584039
0.0,55.098017543441436,0.847021318834011,805.2325879669557
32.59027246386749,19.930954759912012,0.7403752960429947,457.1454697169401
20.762430316001964,46.14670708794283,0.8615034669258234,130.1808277895715
35.156245009303326,5.774136244104742,0.7274369828723597,882.2222795148571
0.0,33.13292790920746,0.7367830041603177,599.8090113615034
13.717810047737785,35.96807857849549,0.835804490129304,877.4866252410584
23.199888371503093,17.327521920953117,0.7035246007353948,494.15288873109824
22.09215408334983,19.85749951497647,0.7195019556428871,290.25313651868464
12.073105513920094,27.034009887636838,0.7923687907024677,219.53830763036078
0.0,39.69024018361656,0.8585608524364853,387.21412550181486
13.967898594477756,16.510473834728792,0.8501694225591296,641.1119717214799
37.1498150478551,12.399869951149215,0.8562339152894318,341.716827106574
35.471383170434024,42.84672588583916,0.7107140742190238,637.9082552284975
2.932022961191865,15.54883987508971,0.8770412184302474,524.4284430963974
15.142661626812094,39.2926450000811,0.7623330378267149,338.62894022434057
0.0,54.969290178044105,0.7950049548493672,575.4416190894815
0.5602504707164477,14.792877567068157,0.8758529322758344,495.81585480880113
20.42396621728144,24.14997608799275,0.8257033759759079,97.64756401928558
8.80563889046308,54.60585444186292,0.7601667561107521,679.2851685613912
22.715547427022802,38.96545933318266,0.7627974256057313,340.98397794138754
0.5295132412768712,51.392998236628046,0.7690763631916104,791.5183955643238
1.465986111172948,42.20492704028544,0.7147481145041156,527.2436997360851
14.251871441541235,23.923563861781357,0.8239637663902113,584.9233676958676
23.845491771332853,38.540987495337525,0.8105954229623823,232.12662361146357
30.659997957385645,50.192354397357626,0.7156958665001172,938.7315914486505
4.843844830490951,44.26504112392604,0.796298210447324,201.1279483169589
34.720179266508275,28.477032804062066,0.8082250087356138,673.6806266627408
37.58789016681271,13.15211473509767,0.8331038458658317,899.0123911501006
0.0,44.64031923114904,0.7005755038435754,256.68746201569513
19.727208417770854,21.094818939132306,0.7233076860774164,954.3863170279867
35.534560732904744,34.97558593264097,0.9007824764814165,618.4826532879599
2.5996207393312583,33.236720657734594,0.8651470303955685,988.8625957446429
7.432351015529621,46.47965957954199,0.7248026513238714,117.41183026648372
16.8588583148766,18.908981842287314,0.7664835327985338,797.7813884858933
24.483144696112177,51.74852096029121,0.7339832041035389,292.2415883717381
3.9080436750993806,31.471534460600562,0.7759765780739001,887.1814727691577
27.381915485113492,22.64835834687765,0.877424321589753,192.5878286120116
37.8767259837339,5.958827373016813,0.7544459015757063,744.8878038434087
1.3315692774354042,39.75006756460167,0.8403302700679482,775.4087114447168
22.469068007207902,59.701155288575464,0.7283712158590847,614.7640634290582
2.7504933208436566,5.771049727061007,0.9389421502343189,570.9394374120567
0.7127896927575089,48.67065809402352,0.7030905752261905,811.291777639
12.86604800975581,28.848319435937622,0.9265323406469862,416.7032668059573
14.33551482246225,32.88243811897054,0.8820224557426415,802.8507437926264
0.8996118378548551,14.171849680517822,0.7194477299158617,442.1216202679685
23.099858671638966,54.82852297390925,0.7378626063685448,172.36998635429717
6.030395278226067,5.047995391129209,0.7593029366658869,510.0902605196992
0.0,42.90359617576189,0.9042009634882016,599.9459875324741
36.20609048808679,31.99715887648007,0.8832575695439072,948.7815009159037
35.866382485088316,34.34073020395908,0.8586780019719444,988.5260332570484
37.029646343528,41.65135631539539,0.717678029401428,868.0299830879487
6.661553983512531,19.14672664080666,0.9070437422023377,620.7338782640927
32.15295874253488,29.431049120879006,0.9413704689137435,961.0095755453083
19.744031082068073,19.41863359823486,0.7130043709548907,365.4258505602374
0.0,33.24609349167728,0.80789262835958,599.6056039618293
0.5939343138142205,27.74346954856121,0.7402443626475325,415.37036189908383
31.272343918918708,32.70370990338869,0.9466644947452729,698.5662456012597
9.543334386101279,17.480266643939622,0.9053682129760782,517.3585825264657
20.706006884140418,36.779016627147875,0.8527602564258955,73.52217420314662
35.30544879206883,52.95668130021553,0.7855759455161668,892.357384865852
0.0,11.336827684876152,0.777082199140921,571.5849795718788
19.221098053461265,22.81532792444397,0.7354708995772138,531.7217107298878
11.512482368590787,17.48929591053664,0.941401936199449,762.6975557051337
11.628618481485296,5.065178843444001,0.8012911084789487,748.9105640551451
1.6246520510411566,30.305387907758433,0.7440944718913196,796.1580315604791
0.0,35.517492494000614,0.8468980734680814,963.0226620130672
10.113417491430493,51.912723744179566,0.9491640174518469,957.6374924173099
0.0,21.377240940632603,0.9495598261794703,676.8319902476072
21.122261780646628,45.700463885430544,0.8995950576587166,746.9264529739867
28.058618244779257,43.15605312612431,0.7748818694470234,709.0787861838254
22.185376640031322,25.84037179921398,0.7521033531457877,345.5922185621535
5.25586121819873,6.938092668431286,0.7537823130068427,831.1624602788991
9.718633267541675,28.966959037424797,0.9229281662813849,72.95071452265596
29.175546890508357,41.441560112229666,0.8858515612772622,485.7536394607969
33.13282273862415,51.08885611347877,0.9126172399394197,976.7098998295493
1.610954894187929,42.26091685257511,0.8751174553984513,662.3656579057937
7.670527309617524,51.149694909133636,0.7731930456645786,608.3572929823865
0.0,7.287251786515015,0.8934569358187279,361.81380128759275
24.977006644321914,12.471875672289746,0.7255343846703064,292.4085022591874
0.0,7.101650141910863,0.7990521706648744,452.45912627836765
18.18074110998397,55.21383787451214,0.730580772262024,296.15082846908206
5.660041412051811,9.249543195888789,0.9057345680040405,185.96587656916896
0.0,41.077956332312496,0.911041123433271,758.9521796494424
0.0,55.005303475303755,0.9475071287881287,214.43327342034706
23.920216523442235,58.75991494374157,0.9163600789931668,665.6268994029228
15.014683075567651,5.609149363806829,0.8961005042499369,299.2427708349912
35.24864451797799,30.392202230835316,0.8336961846722238,170.72307446997866
33.22077451889268,19.318070574752916,0.7111287629652046,90.2707839590169
15.627055112313041,39.61546554531816,0.7372726054872424,652.0732906283498
6.391058992382573,12.877705866271187,0.8157160493593675,936.6414340697806
13.393916983216103,52.83894210508513,0.7566219907688112,510.8966270867294
18.886666680815303,6.316366911256966,0.8779479235652676,403.1365528962489
31.398957696322622,6.970200536268973,0.8594366480122776,536.4001474837241
20.23323329319985,13.757195589613454,0.7565635244829891,169.18104802621082
13.69034740433381,42.08717571735434,0.7798110121922295,649.9638976114169
23.03505408196235,48.24633498457695,0.7124194236411479,924.6791815475906
19.42380248166643,54.931553368491905,0.8052260666337602,264.4830811094426
25.361648013550347,57.70111498567396,0.8161999126978483,385.8367989840279
0.5993529663139928,53.55350002958475,0.8955424119307547,414.317456533045
11.120195883155642,50.55735217539105,0.7497848366267328,623.2327171474097
30.748337131661383,36.031517468047305,0.8841379477777339,848.0189801610386
14.575522381191606,20.95080295503886,0.8426474645740364,705.1472914040954
24.396209852110847,17.729597097712745,0.8679945499778186,784.0557078874308
33.74419078869358,46.460560212367874,0.789431147841158,769.9979157878246
15.851409963416673,22.589919136651833,0.7352663314363567,689.8224103022128
16.248527123594727,44.43130483196048,0.7643888968502317,704.2707526140795
28.400523505667127,38.09915615239602,0.8257540900882266,727.3366855853627
0.4204515590649293,43.33970654373578,0.8677183132597908,820.4824861003914
0.0,6.701728465490343,0.8281792871684005,693.7339798413595
23.485363830194125,50.24352744431529,0.7836193173639415,679.6387075072453
10.503324617685225,54.56475406052822,0.8355730742119793,685.978381426859
31.689093592969247,46.9153569376926,0.7328996025145024,362.96857175338243
6.775856260616612,23.03190010914335,0.7843844135791704,396.4691716272348
18.922288009435928,51.58443231976523,0.7568208917366309,493.2184965802445
0.0,22.351764712302757,0.7686059422687797,84.11083611386346
11.776871163721053,14.304960105267032,0.8446006394752734,386.86091619809883
1.920880313046083,55.74031839561748,0.720463972673268,429.75900854816877
31.125974561612,12.882095682903262,0.7807098267073052,278.6993567920458
39.1943738294206,18.887974061529896,0.7456978704739843,192.89597372036383
10.959919013516853,34.56055836994645,0.7369701400593947,343.6959521253001
26.7944836619174,5.119760058716629,0.9286710862160201,582.1605688025621
23.72188313482241,54.34967158280611,0.7610996306386707,609.9464136431868
24.709209493813155,23.90650828309127,0.7314992477172529,401.72469240866894
33.735259388652956,47.045611216180006,0.9011039754765933,705.3790349297024
34.21445469014775,58.23891972989441,0.852788393302371,970.2797998415624
21.22688854272786,48.4317821385625,0.751808423149338,158.67423205702127
0.0,44.02728609814698,0.8089254655964205,667.5014585862065
33.430283889219226,55.55509510808206,0.7955373438722819,306.5587118742407
7.442972538276086,51.08303111908529,0.7055035580501801,991.5751312317892
10.327030943172854,24.53168121037959,0.785653145471785,411.0301771984927
16.357507110508692,17.28154816072676,0.7463931165348646,294.8913315926474
39.962717244822784,55.196128325382055,0.9139062071406856,818.3496947675991
20.805825861697723,16.03815465852245,0.9221668884232536,672.3169825162236
9.680216663477665,7.569898632581736,0.8362698287164684,838.0255833356965
37.04206032239273,44.10505344246962,0.8452039057880093,253.50227795952298
0.0,19.179416715271632,0.8169850039990139,488.43291721966466
3.0750261699479857,46.539275611428536,0.7706000540131912,402.98415920621125
39.47568503636566,8.01285884057558,0.7724426415126643,688.4761311596232
23.80012460819878,40.6379384252681,0.9318580322740475,604.9929173919579
24.979006552392068,15.357394750720117,0.7094836219996181,131.59567796987628
28.854417453270354,24.387630846705466,0.7033054846545606,66.93222419861343
0.0,23.022143221172794,0.9311899809875787,560.0312779158942
30.84024031979533,47.4151531172052,0.7329663472776731,280.7559857385078
28.430524412810453,19.532695451936817,0.8129069255374486,119.58363406345214
0.0,55.70429146237245,0.9216218830088725,299.9289180956504
18.545941351362295,27.947445944943244,0.875475880339606,189.767929315521
29.05162765764788,55.951698615324275,0.7045932432480799,43.51656856463016
28.35801861113487,58.66348918105636,0.7397568952436007,960.1996390037351
34.93890314476885,57.54383448782244,0.8790087102707119,752.6186173339349
0.867170352004453,9.729205613996767,0.943139630056353,479.1699243451398
34.10220009452987,43.26782881732948,0.7499785605666274,497.25107077297696
39.11646182479903,47.04921893863704,0.850221134171763,962.7577545853444
21.425875177293054,40.81798356469305,0.9339362096131244,125.28451355145503
32.158204101500566,12.402373783712056,0.912400995592696,72.7825489525771
25.966633732310285,39.67535438093239,0.7242247144068706,282.7138333547169
36.14883616172228,50.856682542342085,0.8348986106131537,306.2658651959768
24.010399673077412,23.48130112186173,0.7889406230413201,396.9505794138594
18.129618651489306,59.58240210831496,0.8264344272852574,962.711095587407
7.729105170683325,29.865116398313056,0.8639586310903089,112.5072816392288
23.306148280613552,21.23909033398016,0.892616150826553,927.6871958063064
14.102422206335174,23.789819387100295,0.8697593984927896,280.2262538427136
18.986561021019323,49.376345990466476,0.7961038654967618,338.05560789139315
15.471534285313146,55.82607531876267,0.8480808950993008,404.2358070534277
16.51528749743717,49.2887475938284,0.8937249021398588,53.082806147750325
19.590225767878856,36.90911709877058,0.7090383528606763,146.91995774220254
17.407823897503693,12.262692126012839,0.7792425927730926,981.5505371524504
22.776905165199217,33.54222966550448,0.7896947152918423,213.58168583976064
0.8751928604404176,37.60778744663943,0.9156613314293057,592.2586232825613
0.0,37.458235697363925,0.7578286700064203,742.8072407691776
0.9390068573951419,15.91070415514383,0.8856603347729527,250.4643058767128
0.0,39.692917302642755,0.8182913880372114,79.14395270815052
16.6786481891269,53.52247303076499,0.7890300232406429,239.9694888485907
18.987964183795558,56.66261011033501,0.7687150748658487,688.8677490524278
0.0,40.77499797096809,0.7815915734375593,414.32796816716086
0.0,12.207330174945398,0.8404067441010604,772.6353264431898
15.938252757819187,55.467601704904105,0.7879840003037535,302.7721334775688
33.117861451960685,55.040775606829534,0.9423499417560028,429.22763747453257
17.12957839242097,47.17473717599048,0.9246036954373302,811.459525361041
0.0,37.216883513893734,0.9325886016926235,181.83565962735412
0.0,14.672311385479116,0.8355335217814215,649.0337252072956
4.632759774032797,58.31659322372713,0.777721251083985,591.9508770749821
3.1809307897705343,57.35686384653461,0.7435072811772736,370.7358696922977
36.849239446694355,42.81672888121826,0.8086623441894012,470.2234082789456
3.2765214378875203,27.2784590188232,0.9189814650525183,358.9547155908107
9.509429509334067,31.136603980692353,0.7845726816896615,76.75966020123312
14.228106470273076,58.679107352334825,0.8420673336314518,76.23976060673283
30.332536652964627,23.594130571522175,0.745932083497183,370.42893871585113
36.59987477861518,38.66042149510586,0.8914165998978363,265.9665087636454
23.578938328896314,24.024888536328554,0.905065019995481,737.9543890373067
17.743307709575745,8.31570567877849,0.8719447903848329,393.7342275577249
0.0,8.398253934541383,0.7957307161556941,640.593453528209
24.30705427687338,53.91940295044558,0.7328984532817221,491.1592990077637
26.45238425182773,23.039541813983902,0.8108374848372428,728.4698812024131
31.26933283636495,53.924187901773145,0.7452625845278975,114.03295904549182
11.04345977302246,57.268412358087225,0.7621846923869308,210.17395023333694
23.157982907041983,30.036086935705114,0.7539761093960692,669.1450743259534
38.8125391210582,48.7924966002837,0.8553997721327689,836.9981946390329
22.75894346432497,31.340264781724407,0.8241589876550617,251.32053280968694
10.181179925750142,51.53071310487922,0.8922956123011715,874.7443733946186
8.85875785978219,24.94130079219311,0.9052873653109984,919.9943296051706
33.742065200559395,12.78581376542049,0.874935273429126,200.33320605528732
12.411448240138425,28.51122421041246,0.7305230104567916,94.02489415016274
30.909028352205485,20.26834717551847,0.9388328519611242,130.45221676595034
10.412996656852986,58.64882750394408,0.7822020742110911,109.6716256010707
10.171623885940486,32.108774568499115,0.8008599244268362,585.6827469002529
38.35372969046437,42.35813960728208,0.8019558252892766,218.34314220503077
15.152650219444528,32.39442699984308,0.9429142188729518,518.9611518878114
37.82062182404568,55.86265177781168,0.7762520330316061,770.0764351696465
1.208217240812933,31.160764611637994,0.7930862570173055,538.0475112908135
18.004666931228073,10.06273216253524,0.7421423737119562,161.63134761237205
33.57134193614039,35.08041501820586,0.800293135903244,673.8216510710971
39.09433044142936,26.329535538602897,0.8187323559746219,370.6077853677846
11.601253102822083,11.146877714474979,0.8564723267826019,62.23403327390727
22.89392811952592,21.447071462441713,0.9437262133044528,824.0570144583924
37.07215038616014,44.04661422337446,0.7243369830370667,271.52852852253403
28.704129891899502,33.162094874609885,0.8341431267865205,449.89222694613153
28.48999418414639,24.060687341526823,0.9333711335128431,113.77566055989654
19.52296330769634,16.36390217511929,0.9443893332411413,725.6488240725622
5.274448510641372,14.160869568775997,0.8157701998134237,522.0584156827279
0.0,5.340848692107771,0.8802210485669253,590.7970088207561
37.9259509181944,16.074929507141846,0.8078966364298577,224.52282284859996
21.726453057951485,10.642493162547595,0.8787384457899088,663.7304236867948
30.085214976125762,53.8899169900192,0.9190860631093726,353.21281275265954
24.89557398871098,54.737960648879216,0.894928752193862,201.2868263746675
33.34497775647485,59.44593211226001,0.7538689418025755,934.4636813203662
0.5023458647454621,33.14918890275358,0.9048783630989503,449.5331595928115
34.90338341307163,53.73281515565471,0.9477813967910373,291.370904668609
10.946633357466098,40.00466488575594,0.9010835975934881,771.0912684698357
11.961810340681623,10.722192440376409,0.7094642370023432,679.7167451247649
0.0,36.9834296536315,0.8383712561600113,255.24590250283924
27.180476571352845,37.26289623070707,0.9469625624500576,237.54677166111975
0.0,17.019898889980073,0.8771985909764428,730.9283482419324
0.6096797225563438,27.412280070179087,0.9093091179997715,723.8598123754856
24.073478926887336,52.064815739891245,0.8412599264120056,189.04537979572058
0.0,39.52960614019991,0.9256891806526142,970.6134794431736
9.785977471995048,21.50663416405631,0.8470237965673431,646.7658783918404
0.2563751371396749,34.544857306814784,0.7756567141935693,269.8017549119378
4.933511515077505,53.924579972591,0.8434098847679814,987.410586623388
1.1719651136287512,12.760736394680759,0.7644485727049777,629.0154272763343
25.803806620945767,48.24557185546667,0.8127750854697466,611.5265293755689
20.27159493568048,27.11859632758741,0.8822604120793168,775.1685212330058
17.875477352884463,43.5786457792487,0.8269102954554701,300.2844391565068
18.171278746933993,22.79322960198894,0.8421686762485223,314.8285270585376
16.606477818664178,52.41774675578767,0.8790998497743043,126.51934201540158
15.942506879758366,22.50490571209757,0.7379205264345896,565.634285415644
0.0,59.05493484408684,0.8069684574471163,174.96091465565186
11.43303012380405,42.60016403398628,0.923769445630108,984.566031795762
34.32985006251562,59.38008106559242,0.9368332234239634,67.10201906581457
28.179809469153245,27.169862813729384,0.8528064930603466,746.6703407340892
38.22780413686543,43.07205627948955,0.7136996284228181,307.1755593753063
34.933609026385234,53.01879087621111,0.8737594189127642,341.73184528776665
21.176723586118747,7.951463504215775,0.7281718649062942,436.85879902246484
18.32420511809763,22.09432591510119,0.7643663985715696,854.4561264322397
19.818152599887316,59.14030047670435,0.8375301579467204,796.3503288189214
23.92932702351794,11.539317023021118,0.8696765856862569,439.7668739139305
