region_means,region_thetas,region_zero_probs,region_lengths
10.075356096677417,12.59220212922668,0.8896548933293016,812.0319128688934
2.555425090793713,32.222053224141874,0.8466340211331455,654.2133496494214
0.0,58.040894026164445,0.7130278167919909,524.1333768115389
33.21021870850903,26.707351097052317,0.8173369720422844,404.13296098058436
8.302596916255531,34.067349562333405,0.9187374775077322,914.0524619829968
1.898166915810066,34.82398818006535,0.8787549261064237,74.75634589732394
0.0,48.92901610908705,0.7898193213711272,362.3818150730546
25.37993127690578,9.489449134391169,0.8581909251911842,641.1993656840691
24.9922012163066,38.51655812420943,0.8395540095242282,73.2663687831747
3.9366362436092563,39.20265218294864,0.7403493410416536,398.0407705828405
3.6145546421459103,47.08536053805213,0.7697150457241823,428.0496224053141
36.05758221222237,58.165687162912796,0.7449282178087893,508.5492594943231
22.884409123710505,39.00551632222538,0.9131158672965044,603.4245697879638
21.63849951466633,52.80708222668417,0.7333405891169859,623.6470561731246
0.756222793449159,12.217114617127148,0.791644441475488,208.026949613497
20.89106776854484,58.49581665694925,0.9441629306542364,644.5271386066692
32.14179220407655,27.810669214026625,0.8530330718913881,727.4205658135966
7.473346582359621,23.534423844859983,0.8433393718811817,432.0613237850638
1.5803319874822457,54.75100617914389,0.7066054722763432,722.927014935913
14.543108093373148,42.58889630357226,0.9061561361782443,769.9457700088972
35.008486956272456,50.49070932644331,0.8513034764089452,301.59506547948854
8.159920745894054,14.257506550000375,0.7601745537828498,121.98359217698797
6.643913310698401,45.581599548569166,0.8306735875614437,256.75910601417166
30.22673036205905,24.76095816102573,0.7969725321895619,472.7880717313001
34.67510020372773,21.28042883023378,0.7016291807411044,423.46008681425104
4.530437476387383,51.46153573929859,0.934071207433478,202.68002984067834
27.484010815156243,58.97950090558661,0.7326728924439612,311.73649964000685
38.37117402493626,33.346978145192466,0.9458120911655468,717.4883897145247
22.656244962401058,5.198665543153144,0.754291524134725,303.0435463172598
36.40964945239044,7.287955082248832,0.8075858699796612,947.6685456870637
12.738492656002284,56.02265778523386,0.8441863701204165,394.952169707962
12.52370670020355,22.22621203532794,0.7776656637895476,574.3693505669877
38.04332723391078,54.18722315458835,0.7423211821248153,632.6159666254887
29.18884495209912,26.22565727965316,0.8590312565304163,460.22975231593983
33.11216623690356,53.02351429786307,0.9327332306655838,377.5196327763204
8.19973219579254,48.272810503624505,0.7375354139533243,277.48179873210313
0.0,28.37655686473103,0.8513214765941549,541.605766439917
21.058028505964383,15.727079284642288,0.9418262564680187,604.5341842063102
23.418407904401473,13.51158317555585,0.8085273704738353,165.92225047897904
34.45731814689636,12.289177499673768,0.8934133419600718,801.8459611534277
32.400706509700186,29.044719877289946,0.9326928051963194,313.450750240881
1.270418598112965,19.824807380911054,0.7755276389682456,434.8138451326722
23.531554545319118,25.543343326920336,0.7065966870405126,380.71620217402034
0.0,5.308779810710756,0.7500380748277129,301.8953354181184
21.155675642668978,57.85387646521069,0.7852863196740021,637.8831849923043
8.243161403823253,30.111200420361012,0.8813399189423708,641.9071314838278
0.0,32.97188111324349,0.8314918787716995,859.4587823714257
0.0,16.060471648475392,0.7473347622244322,930.8772493020899
1.1490958862862013,21.267916100456187,0.8234050443169286,918.6506212136019
0.0,33.4381235749475,0.7154284758439717,848.2578510754298
30.51981270132502,50.4942670161157,0.8880964716504467,498.11017061306586
1.7028479515303367,9.163435066441195,0.9222359600119567,277.10156879160496
9.602206335372099,7.020799745188037,0.8495963138378024,382.02242285782455
14.622712041318257,16.46995893807256,0.8909583580228555,790.531202092049
8.747836557765577,22.03941141755693,0.8526159776615065,435.24555706869654
5.50914947422893,37.09558481987308,0.7427138699088975,966.2719375543046
0.0,10.272090136679491,0.9155472159780087,752.6170722451789
0.6841072330073651,25.085551753873222,0.7730785709344464,133.53578621793662
5.968267893788665,56.73525902823269,0.8720517394421842,891.8267144716115
7.654319711925574,57.60265281259701,0.7587203440584355,958.2916029834081
13.046113673686435,24.973842871783624,0.8010938490962348,932.4986471288903
15.829311117452658,46.674807244325734,0.9348017539531281,723.3314300227669
0.0,55.19987885614509,0.9026178858711085,88.49424877312352
0.0,7.065619769794878,0.7910791059036496,768.910962035518
16.010099128050378,7.785139156061609,0.7635540619890997,893.2218383283773
30.015054795407462,41.0760737831174,0.7358267063712537,361.5325675109917
0.0,13.120724127328407,0.9241547630272868,368.39157517941595
23.282353990396107,54.64302644736107,0.706535132393107,559.8314717606105
25.502077011628447,11.443377763872876,0.748888387241003,834.5652091799421
21.457492916178847,59.84085388134447,0.7616420982025021,841.9439224499483
27.286123089275613,30.817145163246366,0.820434795470554,133.67010824714075
13.017731783345138,22.31183138405788,0.8645019120110324,726.3992378486498
29.949047913195816,45.5619898000918,0.7423229664921155,336.7204742493528
31.542377289698127,56.48893918948901,0.7354548280008832,54.81247629567985
9.860651885959777,54.63576674473984,0.8905338986879637,895.9659824191071
33.34207311093509,49.079047420216014,0.7930166333050513,491.9152023926553
37.71367003916322,51.494948805466244,0.8480711609478544,314.91402984151546
3.1346802492673707,21.112630287173097,0.7436884396640724,512.1480573053379
20.023477055641642,58.43431761205558,0.8296032696761344,607.3101880862779
34.94189323465767,7.574577259448876,0.8267862093225841,476.6538488260037
0.0,52.75464637824962,0.8316366967424785,956.7882758112635
20.93280008338268,44.96666200339666,0.7337987880428818,779.6114195611585
15.446286192442463,30.56379153865783,0.7372948985326013,552.0544482420903
33.50970764244668,44.58509431552215,0.7256061000128317,796.2875828634494
32.9825115687699,55.26283829562303,0.8125757118801197,666.1082017141761
18.254190233207353,41.84663100868435,0.7398468615745292,109.93125022469454
0.0,26.80108546847337,0.9033984183503571,85.71596621306377
19.631729419758614,6.961522977879502,0.7149051851592225,179.52330103604342
0.0,41.81766272125191,0.9079334141968285,757.3658863002831
26.13769291627065,52.087086701897654,0.7574086770248654,459.79287895417303
13.72627000037142,26.114826383415327,0.791460604603524,590.2828145866281
33.66835028241561,50.387815715385265,0.8976831864884585,334.5781770873182
30.02001075969682,17.601455893582127,0.916809606834607,826.0170179521556
0.0,58.511842417639826,0.7276935317077622,945.4497203381121
9.460064473441667,38.705648222950906,0.7986003441160525,801.9698135706076
13.34699657171454,35.79463182689412,0.8774319891831946,785.6532400077743
3.254086198407407,40.62390218356522,0.9036640377405044,963.8436547317457
32.91205436860144,28.287416351936308,0.8843196567038425,178.24699911003802
12.529166373200033,42.61412866433804,0.7953065915070359,776.9155264324412
0.0,42.39733926092321,0.920951792532397,799.2226153718137
21.705928106603537,52.71313221568396,0.7031627650247148,406.15201821464547
38.17460674309474,45.72469249260805,0.8324868249881077,345.25829605996466
30.856130940785857,36.94220292313619,0.7803107464552249,942.4802001119922
10.082354479910398,27.355663764596834,0.7178682034834409,344.33783431964974
15.160710856108727,49.599354825136835,0.9128568384516291,699.7810872755207
34.75835034555555,37.246528699361136,0.7377418872435156,45.723940207946114
29.288932067347055,57.77204527805747,0.8670355816809283,409.3783567945621
31.340943563801982,58.19363022308738,0.755358061548938,685.844623014352
16.505157698126087,22.698679424055356,0.7241505216956827,159.65244399778527
31.246445772495537,36.71234573886123,0.7068187081736518,841.1555711238469
34.91651759127707,10.173956316038513,0.7445745067500396,566.8853810296373
0.0,27.77215534910219,0.8157241154948518,928.9015334011299
27.8142557096388,21.520439567969774,0.7048089767487289,206.0306912349485
22.446088397442285,56.80191345010856,0.940782842488002,798.2970299749331
27.582171402524274,12.937647495572932,0.9025128097161804,521.866015787897
28.418439048503753,58.18086139832846,0.8381328848365005,486.85249436671563
20.923237251024354,13.119181649860021,0.8283975615167889,690.3565598312608
9.625087930735718,51.5040297227701,0.8199153445462681,475.4069182932453
22.996531697525622,41.010941914357446,0.7965352458801569,241.4554150223193
0.0,53.64787923063517,0.7225406436895726,419.0846801544533
12.800926216728026,22.37037823296707,0.789713354234859,263.7770743059421
0.0,7.183506199485255,0.9412232850450197,73.15680020545422
6.870314790616542,51.94130940083051,0.7674830080120233,519.0520540695023
9.566244294518192,44.646149920760614,0.8630195483326842,258.6213896448021
24.02292032489817,37.78842645270387,0.8448422474737505,519.6942631791914
30.651355192123848,15.414002053322685,0.7464853975352607,411.82930899455306
25.44776720849215,37.20090167855491,0.8313200621578752,271.0232461732068
4.386702765368649,37.814048749479355,0.7132346731959033,412.7818074971153
25.574189278172664,50.05966364493209,0.7490094272718033,806.5164877524256
17.31266597004974,17.052026915142722,0.7391838580918797,535.693980326933
10.790225088391216,8.124605289429699,0.7203094842979626,390.1173016395452
7.759783279457043,7.65733716607055,0.9238624532562483,54.128403842526396
22.806015667397073,52.26251064865497,0.9418312007855851,177.56284789792636
29.63701681180373,13.491376969216125,0.7634260079016612,417.4840760770929
26.506722819214147,15.445520151876236,0.8951456616648724,732.352138085942
26.80038418099572,49.83075193224878,0.7497794931128825,821.343093536289
14.141014991670865,48.53025842934624,0.7788970131762675,368.65583428670203
22.03930384313229,17.12329484940378,0.7200913891650704,800.2477358272365
5.49928048048954,54.04806191551633,0.790795899606968,819.6734726945672
8.279567931766167,26.899817415607455,0.7856972357452559,202.72839045516616
34.46891379316087,46.1753786443682,0.8997136005025651,508.7728678741329
22.62048271060787,26.117070565439285,0.703295304982489,289.12010131698247
19.356536700022794,17.831950776560056,0.8773828129190437,529.4804362320136
0.0,37.24586780077012,0.7356878526749229,816.7142620989499
24.714016349089913,13.68533806094698,0.865991165648468,428.2186585815882
22.83089996086688,14.306134462802815,0.7576915698498513,779.7107815654026
39.160891646966185,20.59573907441905,0.7728875912630633,496.3973328069884
4.9375309656721615,39.38319265710344,0.8954739797987403,437.34431963104623
20.10252084163784,36.57397205346979,0.7521867371788187,686.1185819858583
37.80430806304922,45.08061612775208,0.7381557352352173,985.8021431607253
19.19733380288669,57.16274854704941,0.7420244615492937,523.9667502534517
24.927530046505066,41.156622485708,0.8688023276027159,879.2888943323261
16.255703322942008,47.49993400142464,0.9018384505517888,278.4784659291483
0.9498025038724912,40.60090555070887,0.894461464292202,256.305944178049
33.66264537684929,37.913768289558476,0.7339095353719381,64.59894817125974
0.104692003050068,10.31215898924718,0.9074391335520506,924.7880531740304
29.67941482275634,39.625917863889065,0.7106845256096826,693.9447032475948
24.648743301684636,21.183602933902254,0.8200191967848869,538.5277902814378
4.6824092246666265,40.180027985254895,0.9130716419446777,727.1312347289289
27.442862164758882,16.085046475579745,0.7008168037362347,755.9116007424642
0.38011840607577957,26.793923527823917,0.8290802056142665,89.50208750685672
24.120107180690212,45.62158929454956,0.7631938526920979,153.69912414543307
10.23338599111093,50.38910744144126,0.7973072862995738,419.88091496570405
19.78648330547731,55.19984444716916,0.7010421623384788,271.90157852399705
9.558772005987942,48.24073669041081,0.8800062408049143,518.7861209854084
25.57125630553393,33.09850949986193,0.7891890062967545,606.2178527021698
15.74171095931316,55.446866277412134,0.7814039090345863,450.94947813858346
11.38415398518394,25.944438566087875,0.7711959278107118,617.1774220562195
26.58610809690353,46.42432177164715,0.8725561200885472,187.6269578428889
16.953422851910254,17.965499631751022,0.8555411712170136,281.62649564071444
12.76904031873694,46.155713661745416,0.7206362431644419,868.6417727525305
20.35185022465744,27.934978268256838,0.9264255695052204,471.1851227366042
0.0,17.729905249184448,0.8395417487885686,901.109169324505
7.245821248411375,9.499468444270555,0.7451469809858223,774.9741081195147
10.577372635942977,43.996083839248236,0.8232824795569026,845.2164364986177
1.1490034651048975,37.39288695752351,0.8000130221059083,729.4665751697048
31.10559635366967,13.012417403202805,0.8335747411705978,929.8973896802914
34.86812323634578,24.62003703411428,0.8360292968552908,393.1244881049723
21.723306163971507,45.43009525575888,0.8771237589593485,243.91910432135487
28.245369546714937,6.422822411847379,0.8353786305956862,624.0688040423257
26.83446030286561,39.16593744966781,0.8821649996612384,271.062074821517
18.599812156974288,12.84725642048749,0.9298883997359729,150.07110321309145
0.0,52.264678110946335,0.904469785465748,960.0277375315894
21.33049752789698,14.71636375413836,0.7855201358120769,789.6314354727205
34.55989772500587,31.889263443485422,0.7345251940115799,541.2921761875924
11.082066110593445,29.600165796210618,0.937975405711398,67.50924379512234
38.77396064804795,20.409547397765877,0.9299736655468747,511.42505919227267
6.1561230928909065,5.435374627064438,0.9154758124211027,679.7879820517965
35.92351954457021,33.82453123849933,0.7744044025676986,52.95773948453597
33.54101409281804,28.8609588500216,0.9093569125680835,818.9821537602598
8.078695319439444,30.9129497175188,0.9380587692253474,854.8968277275535
28.175609033149552,26.657558342051598,0.8931732548627785,628.5862697144045
14.936537344263629,19.125547991782856,0.8013872063324599,158.2343532872042
28.68723035907312,9.522564118171724,0.7767533686676581,949.4061033401517
32.4723613448407,40.7093212981085,0.7673212022319089,936.81215646115
12.205752925018086,23.425102890634857,0.8454055074855759,102.35147314361924
16.244682796815717,36.33978222644992,0.7266264097059669,129.40101630835014
18.52072511960558,56.52646249718996,0.7946293618638168,480.5225055975879
16.179877276360003,54.72788755564328,0.9494152387097932,277.392818677279
33.33122009090535,49.919968055808376,0.7021316113356542,342.9156962667748
0.0,46.25744987097648,0.7570357276278311,305.39435516548286
19.214485212218733,34.626444197718264,0.877151410553751,719.2103468090314
5.096285773209364,51.902508109657035,0.9042900521717828,889.9082757342644
36.50331173764093,46.78051525226427,0.9448051784169981,818.0784289656577
34.643062711694384,46.73230923495584,0.8392405506250049,255.67147730468287
39.60007104574966,51.926677786902495,0.7401077292738824,664.4283491464872
0.0,54.69060955663348,0.7792151519028309,443.19581396932244
30.916226597815534,53.380463239669496,0.8495271179852748,417.13268700851023
7.483851682050513,41.941862228990765,0.7031788368010047,397.6556842923758
30.396034317730077,20.66360519618777,0.7571511019683133,46.223782414993195
20.921443052121685,44.415081550873545,0.862976775474383,304.97497669311207
32.68585484048364,44.50459291223972,0.7975390666256443,222.5755466114909
32.84654218987165,46.34533831116378,0.8544347325287872,964.4167161317288
20.324473424785673,15.387319862705438,0.7894197626902647,476.06767633038936
15.257020725490168,13.984052308018711,0.8023445824395501,595.6718048994493
35.78342594690913,39.25223772998077,0.930811778714832,975.2336467854306
31.331728174833252,42.32891537375534,0.7343084016549225,757.0050904252215
11.689160676553545,34.96467953979173,0.9132996691105493,243.49163080802316
30.35133509228152,31.611461555766265,0.7162668461115355,508.9965125063795
12.492228889626952,21.299834297045695,0.7717105536082629,975.0143993968221
3.349839794067594,9.948717746219499,0.8893182798387624,957.1241493030013
12.500923647905761,52.126826247874575,0.8518207934785038,649.9375711086627
21.339069105171507,48.75325852894459,0.8438007235657798,993.8218259011936
0.57083123261421,25.76822958060422,0.7598618489604385,967.5629006077952
4.706347392795025,10.462737034124302,0.9318199597957372,731.0988225116258
17.27441910607327,13.842574999653142,0.8530011725593015,42.30659884639298
27.146973345446174,24.450551968689872,0.8439053174962866,106.45882903357528
35.33974470031332,24.435616358984028,0.7648893062851327,702.5123145280398
1.6915756731449851,15.706940786362438,0.8081644470623887,525.7135761604611
0.0,36.37688565062852,0.7516294359190382,139.29172493544328
13.6521195993158,6.301473048694584,0.8458720860202671,176.41981680638946
1.0589457238289217,28.34722638221532,0.9011860746077558,843.2883780079821
36.62941232905643,42.39509428285641,0.8943306906085303,425.22664089569116
16.691368834131502,16.987367632187187,0.8262132941565103,610.0273646358199
27.1634188503283,34.728843345426334,0.8638611428457645,944.7589379826214
9.718565789928096,30.354116518652077,0.8981450202262686,392.8320058237037
23.416194093379705,39.64229219710934,0.9390394451945061,492.29116992378175
28.92196618940294,55.426921394741726,0.749399184337083,77.60770863758748
34.99948934987502,23.39926635107245,0.7418108907496674,166.14026279903558
12.956119942983205,42.899419627826404,0.8733440162884416,209.22981717533958
19.76643278456218,12.609337694875947,0.7561817260555478,66.7307930697212
21.583064652274377,25.686371853111606,0.9424132990282327,524.8029698042737
1.7500698639546326,52.5204697303739,0.7828544978642076,891.4577571790129
30.852978050875638,53.99982883463122,0.9046200290938943,916.6098275343336
14.790740206284369,34.932043397560086,0.8060939265912404,49.02166755386592
35.038478695615744,9.969680975468656,0.9455215861976601,749.1144534033558
0.0,16.052327612690274,0.770522995378364,91.19415840399438
27.530921297875892,55.809796207588825,0.8423325984547181,55.753722719392016
3.5908690856241194,54.18004602455409,0.7834498899015051,866.3596759041988
8.779405965779448,47.237089789643974,0.8036732161929298,730.6335844195632
26.234887106988662,56.20880191614741,0.7131697724625885,198.0807499500168
36.4978001393374,47.209252160922766,0.8829121347860431,195.59729103970128
20.75132842364645,35.70538608527423,0.7394722161659899,919.4927761338645
30.116579336296155,22.674985708385183,0.8081051607796449,300.85067176577365
24.692032439129033,53.50502019179888,0.8142301200111115,566.840164903876
4.62643027971613,30.093863532126342,0.7053787949517556,70.77198453466042
24.450106854467364,16.913727477832882,0.7831781220020269,558.7399266144964
21.101031242799934,23.95309991288805,0.8544491917114599,621.5129060024234
9.707425339211575,41.59437082492555,0.7920021492525526,417.95588391740864
6.292899312158889,59.97387158488313,0.8610360266702709,430.31199968692874
33.70113410096004,26.881079590359377,0.7706197317820354,423.1689111323833
5.526885204292037,39.507519368468806,0.7018763893673425,940.1570641585453
9.261310537605166,18.27113698657483,0.7594250676152454,539.0881838285964
7.469141786233418,51.076956884742565,0.7161379152651515,528.0610831505954
12.678235506151516,27.866920731487994,0.7683445458031433,634.4111121530316
13.338610069022044,55.2427609840361,0.9041795297965065,585.8211648667605
7.635183578112014,59.2611725019588,0.7366098232955696,535.5056046596711
26.24961324055647,52.3710234478431,0.7823541786788977,524.3222040880116
13.900675851389446,6.758909157657328,0.8947600750619207,426.46118540645824
17.25310155419141,20.652633030342315,0.8094706296738525,67.36616590463856
4.508802333210989,53.24324443699971,0.7807503254142335,697.9092372352272
39.64129205695928,33.63123830865885,0.7584816391124409,782.2299925065035
0.0,53.64838077040451,0.7632287606088222,515.5468027761027
0.8099714618147862,34.83107047199005,0.9086744585058267,936.5672139311072
23.079771285314997,28.992192620544234,0.7008091821257594,626.5490410037042
1.5752636395734982,37.351035521115925,0.9393408412201075,661.1672193125224
23.81053736305914,57.418381363210074,0.8892155676150942,140.51499472142777
29.889008672581088,24.79122478230918,0.8927884300893211,788.3325702002539
19.955843029386543,52.70003754215109,0.8872910784887229,307.2912176234135
6.00253195174155,24.00755747035695,0.9104388406728824,973.0840046587093
29.577432070884825,51.48300969393487,0.7893448616357117,649.9549968749188
26.95317046475001,52.89425388708422,0.8417593666506301,954.315914234942
7.6876814845108505,14.742388630789062,0.8054997856579127,884.8627896877557
6.4752710715087165,28.35299764135845,0.931726608842874,114.28942679895965
37.374791247587645,21.3542704083976,0.7885900602856457,114.62758524084649
22.47483457568579,37.91113508440102,0.8088791843102989,516.786377852856
14.063069377520325,23.484891775678108,0.8984288056796188,863.5286874899803
23.456908296792438,36.63783043572822,0.7332003166888588,705.8598682506864
38.24487342564801,21.807907920601572,0.8300778581693602,284.4799591435506
6.775013426623908,37.992287029811145,0.9113891493684012,322.55981133405174
3.2502006915646207,42.63841483007124,0.7050225632382239,241.364870294588
30.87701570003847,46.32028706971107,0.7631252320012298,267.6331962056553
8.335869325577068,54.24721375937694,0.8623958005966204,156.65214046835771
36.18208123641464,23.427642905574775,0.8860790132018546,460.124676742084
32.587026661885176,54.35083335596935,0.803411602159414,309.46788996138946
13.281890646776315,15.438173624638457,0.7454729441265375,871.6510015579149
32.32855267125523,27.07876066232904,0.8891301139074269,652.5439489923682
14.344749975811363,39.825916941220605,0.8519968087097691,329.84771174379796
37.78172517444726,8.955663290510069,0.8300653650356561,473.5894397024973
17.443577827858878,12.939262735395758,0.8911160789882724,80.26694652707181
0.15342406741669065,51.02259707227587,0.841225948729999,140.59442681841278
1.845952021954762,7.484036767041383,0.8372409587518931,529.8895779917651
20.660453218508472,9.424858138345169,0.7547783930931415,883.4700974524197
25.506445620903364,33.65579327788381,0.9230767227722168,150.51381987035808
30.651982416254114,59.84452080425972,0.8712236780780509,395.13527719352686
28.313995871201886,24.515243581711573,0.7498740428925967,747.7178238323546
4.360131764913259,30.790818672175483,0.7026368485834853,788.6101906390511
24.682019970872034,11.110618252626667,0.7010482120528831,392.16996460740927
0.0,20.187707678575027,0.9480775662869982,832.2288550076242
18.179502677970255,29.685415607992816,0.8099172362897761,64.51918691642516
25.76324606191858,39.77021236901823,0.8940433314850871,265.77342327066947
8.956845713787464,55.259717204490336,0.9219465745793687,228.9052263277452
16.76707409456596,58.32158070915667,0.8549156786414597,769.7029545007255
0.0,43.893420482607745,0.7101481495124148,482.74829348536394
13.564853058400919,45.65352461716321,0.7272780375622487,999.4521939192343
23.858369217273488,48.51042428416842,0.8666073177838717,260.27386820612315
20.627790969050427,21.152517860016143,0.7519232104319261,496.0892383476085
19.633567305440106,44.0533559919113,0.8885672356330918,193.39747461311393
10.242742823046632,34.56826073991921,0.8762195463926504,927.9362623657446
32.67007143804688,26.785847950306913,0.7472412735072238,699.2719867045098
18.883988263246458,9.173377463885272,0.8575927240002614,72.83452396489469
28.83817223973648,56.80960557148922,0.7904910790248489,843.5440533724644
38.34887806771663,13.387269257474081,0.7943776459785042,176.66474451943728
11.647475584721741,48.09056927784047,0.8359788949188856,792.3380301272823
29.544611366948793,49.801082586788525,0.8674338975416858,661.723780042637
30.52572547777501,5.429639133992418,0.7313863507510481,959.4067092861762
0.0,17.479529124369765,0.8711580879866083,623.6100109848976
3.856811266454877,45.166252995685085,0.8904223592980383,725.6817584091386
19.18916861127342,48.23103278780783,0.7351333680479217,352.818875909624
13.669650278847815,14.767703461765427,0.9291961278676051,911.1670346852794
3.836918080617625,20.962827854053156,0.8014714243590447,790.4887131409986
1.9807190276002755,8.470196963700724,0.8228011600573161,925.8653792338692
13.83850630754974,19.354927950409184,0.7340831425929564,751.0148902707061
0.0,49.024842592662374,0.9478086163967319,904.1786008556317
8.895919239067096,11.011179856891543,0.8583550409379663,72.5521956032311
34.00324042195162,37.805403965079876,0.7893913468524693,482.3925831112508
0.0,23.27029630688976,0.9033730940078164,146.00590798278444
14.94374971451421,24.278804451982122,0.8379383456950207,266.9239737621117
31.445383279679888,50.67467242794822,0.8379465623985158,324.7220258351619
0.1484301769422798,45.33336643336148,0.9325721106717721,804.7525904089448
7.622932690767494,19.09012516990556,0.922488156665858,975.0245975171763
33.59724383957246,44.38525055413132,0.8089518889272931,542.6263506044904
9.386874871081382,31.43159989650308,0.7688404913788873,518.9996513596204
7.697915188897785,39.85063864870258,0.7448665242678698,908.0297483471819
14.01841708933781,24.655785504341516,0.7272385744186775,680.083714649438
22.282757646069612,26.274479189976095,0.8657158875854287,573.5553246378366
0.0,42.65188514595627,0.921101063961733,983.4046635619073
11.071347268378657,25.9528008328589,0.9156416458768657,281.3828691085746
14.608016920861935,35.58872505849742,0.7624855295939391,651.6341154705575
25.569672591414957,32.45402248740481,0.7547648090388995,431.74145872648774
20.17296150785365,52.92148117766971,0.7840666062873252,917.5976568570517
37.24017313401112,36.461919692306694,0.926662593833284,652.5089739310897
0.0,8.87704460257868,0.7251075396074835,193.24424662594308
0.0,27.937155351650123,0.8662061571996287,695.5352070843797
26.257857733530614,7.83966895978341,0.9289824444016623,857.5085453408011
2.297227059483384,31.106679333211478,0.7751155680413554,661.0163027487881
36.05253517627768,35.11360466435454,0.7120964297165641,671.1164930128583
20.234288733867942,40.87198036519319,0.7644297806180529,544.2507743685078
15.211182535340866,42.38590450226636,0.8462127504725099,84.50892462192971
28.53459755753784,28.09479766217847,0.7922216041400729,820.1662926968941
21.56044123781362,25.867640665866173,0.9048553371688622,411.94334796320925
38.9533574129204,28.1831481958188,0.852215478420424,535.6874731004268
12.680872914564494,28.927775188741,0.8494780136675804,820.7742934217094
32.80426317277024,22.96374468995382,0.7188472829300188,564.7569737486899
24.73114691005678,29.14150631077966,0.7850802538538679,682.1030191460195
0.0,19.02047908393098,0.8131851669776642,507.9087026945933
27.43647943488847,33.62513020087734,0.8535933604431872,54.99423159487087
8.82427725156364,29.821970201803133,0.8737340529474502,576.9524522204869
26.118215061546294,11.478843108381175,0.7687064176973183,179.75956376959596
30.74826544115046,31.28393227776964,0.7642484995377573,282.10727682345635
38.129039661838796,9.958119179667511,0.756738395997647,631.6082213027571
0.0,5.704948500140613,0.7315187187518276,200.3402379058005
30.93574792883415,39.266204768198286,0.7456739977168031,578.9311098129027
23.02598397843075,39.07449633669132,0.7338035830487685,485.9149304371117
38.89196748321656,46.06279679417309,0.7211840487475274,729.1927264332435
24.641477730649733,11.784366460522069,0.7439677240841892,673.4960656639798
2.1392456179025503,43.79017730542635,0.8205912074227516,735.4992722738194
28.535763412302018,45.783704292122735,0.8074410606193594,863.7989778058017
30.43948805658656,21.245900261692277,0.9058195704515566,582.7718281066997
36.37948676966621,59.64969944887739,0.7417108913345614,931.238870624935
12.517772123033973,6.773675254563327,0.8514830261999347,681.4539739191512
36.47382317107253,45.17902469892073,0.7340377495991112,465.8669708538185
16.130143706450397,52.59564558014665,0.8066436516494004,602.0963321387103
35.87246759934377,6.364663708516315,0.711179765665238,767.8205611889174
28.488606219519333,33.640816731487895,0.8627606238657912,610.9003614087269
0.0,59.53584276253119,0.8468647526726625,807.6181925079597
4.695578812199575,51.89171384071171,0.7356056056844666,177.54681318716263
0.0,19.33001907106615,0.9236618344526264,253.83244496953935
14.024018468964073,33.12791175621886,0.9205351260528305,234.32941975071577
1.7137345717643113,25.913733225884684,0.8158986079949009,275.01191963088354
0.0,8.43033261069121,0.7422112593700626,661.2092814190128
11.801938050233263,59.68860094985841,0.7398004434713603,869.1130240326647
5.912626211565952,53.09154490469349,0.8675472202007192,388.7309573123877
34.998333427279,53.65032391371335,0.7675095715904752,79.38586098337379
3.000077360779337,32.686187487317845,0.8571633208284767,411.02520196935035
18.480751578008277,13.213577266949757,0.9228991954643677,637.1308163575017
34.505212517943974,27.876310818151133,0.8273835088955487,370.97406713175366
32.31277545754083,42.41423435722126,0.8786308162414685,748.6721131912337
25.20535401789012,14.681412244268857,0.7402623048677525,724.2689730196513
38.105322092088926,54.91058751780582,0.8651490970442388,396.8805112641054
21.38380038000657,30.588142751289304,0.8529957595276809,564.4574978414163
0.0,31.412686428081678,0.8470384438892953,106.11404296271758
36.01999864883938,40.837991572805585,0.8747747540039774,252.4619222891729
21.864582365570953,37.16023540599173,0.8239713967049878,117.37140055750456
13.445815020192576,13.056536472113919,0.8532478436871318,773.3750483893762
23.7578318923602,56.52726433697591,0.8697105321089614,599.9781041876445
39.48496613999617,39.54740429419375,0.7560195518936037,798.3259751433574
14.946527209121191,31.007169193815816,0.8060034341347824,144.36602486801257
22.559835332476432,56.31587268801404,0.8601667824614369,328.59411801915894
3.2974432251216816,49.54530185076465,0.7530990238362151,149.29160631727538
29.908518119535547,12.88495931464718,0.7321840917265219,143.6334770113788
0.9673318896062206,17.501161581607324,0.7724784183722941,862.760626200878
0.0,18.31514684367711,0.7027315528724672,780.6550303172701
15.79503418910633,31.566164796930543,0.7590457691335428,745.9749896235779
28.549637265924755,9.8759655929942,0.8525030413408243,725.284102871933
32.54498349760323,59.23901676601408,0.7269467096685586,491.02258909623026
31.156514413122963,55.657215762468496,0.7549933201500851,914.8585917861101
25.200282546189413,37.1514391428483,0.766022075346956,739.4460291482244
3.7430222354169316,42.29605363138929,0.7448208105435077,738.4934264306721
0.6749027983833672,57.841312879157165,0.9346330162728962,726.0247270132796
32.5626987882198,42.312928374418334,0.888881996540508,501.53170948366846
19.02231598117527,9.742283337091177,0.7092176668191483,748.0907871593097
17.449088759519988,7.218400757519654,0.8973338697262386,904.1678313539574
0.0,17.850680664296625,0.9050258897333281,788.9883145117543
0.0,27.92500310413754,0.7992654290189407,933.4056392162314
23.105258931173566,44.14894216423505,0.7406401661162402,876.4023271358051
2.531726277775421,50.20759801067074,0.7002700261104966,731.9121497540915
35.30109299977998,26.229462010789863,0.902398693911171,892.6111066678911
0.0,23.81972829359167,0.8274596722503054,952.6807878417138
4.746792836033097,12.566607000050084,0.7897543427911805,576.5399528116467
7.382496595203279,43.60455876289972,0.9245070420971675,516.0522139140209
15.755889610486564,8.697968744328021,0.8168243555684866,945.6115418119094
37.08039170158657,49.161786743753225,0.8349250420146063,525.0803890353915
1.4082605092995706,7.8180218560723915,0.9460411656523595,909.3960769722459
14.73921367845224,30.524617557865874,0.7697127972956772,791.6750788217607
24.35240219718799,36.54484790397649,0.7626263184919924,614.6917854173207
26.923119039009656,27.16040244962161,0.7585128650192131,168.10189772721557
31.231370735862335,23.568671850096393,0.8770670445314733,255.89602576336716
27.91374643672729,33.43164541545185,0.8870038121401487,411.98642732357166
25.25387518631666,29.648552229532815,0.9353373980668916,843.3719409933994
26.875284256191375,51.27367435331836,0.7534902983350759,135.25830269197544
35.76311103395181,56.25602526284018,0.7369252983256379,505.90051418950594
24.657199983791653,48.5830278217628,0.7493953136453271,845.3225405966616
28.316060065187337,44.62837321014732,0.773768842888845,918.8623188833624
12.476239120099347,21.960576496227926,0.8658249947823989,965.6853732960219
6.304245428323149,32.978587889778446,0.9407782273660523,499.7607000462086
22.285644819009914,15.291798772717142,0.9421751159800373,302.5714856798783
33.259397900864954,39.238683705355726,0.935283784303953,462.3405138254143
13.196251309092297,48.16589221167568,0.9052407859552117,729.8845652153669
8.272094162402835,56.31605413604634,0.8609992296921838,843.1063786373213
39.210313425592496,45.895862257678964,0.834950234181346,608.7727474997757
24.936199639373235,9.86005805216809,0.7291455659613404,869.2011140748718
33.62690623355355,7.428475010229391,0.7652507577149331,865.364617504722
10.67904400066138,33.32548285490718,0.8848255436170829,332.6956599070849
21.627479361240468,31.82261442361396,0.9252454248231454,666.6709613936266
34.24845351411866,13.897824503711805,0.720068439331392,156.3819256090409
37.27630416574554,11.091479809195326,0.9256622202213336,647.5440764415976
1.78018286440936,50.160304536548374,0.7814280020622476,352.5810552137418
4.338045048995166,34.355248144013636,0.9167058200565046,514.4341327817847
4.939916996084354,47.679231069655934,0.7455684307047982,326.77135825800605
6.3479537277910385,32.89991080133614,0.9317380987073091,977.357620777408
18.92352797799626,36.32070922900713,0.9487643871717335,675.2397236093266
21.314227849251644,57.108593431571585,0.7609162102924086,146.0516022982544
2.011527921246386,19.84541099464258,0.88785225854717,162.92749655394832
31.484663648639252,27.790497745810878,0.7280496573920343,823.3808305888981
0.0,58.343333441802244,0.8049572762167487,349.9822936833347
34.958417140277284,5.406887701489664,0.8621020008974487,634.239477802256
0.22737422071192528,26.454939129373425,0.700904890728917,108.87170008734341
19.985207299307195,58.00543260221443,0.7067617052144832,350.40020209998875
11.457712176747327,5.952119410922266,0.8470228636001356,215.73068958798524
13.843493731724903,51.02141114424293,0.8583632082582902,555.1148361092103
30.838490797554304,14.346878410374899,0.8124370457036179,303.1656779254529
1.7899825851209827,14.83789017626415,0.7187130159095605,697.9122769770499
39.027903850084726,7.712867794586681,0.9493927452033414,638.3488636401257
18.86928044439576,37.284659576726256,0.7804266416205636,781.9452409838416
8.613418330460533,9.100155601606092,0.857170535402169,233.091936359238
17.78807900165868,44.38457998613031,0.8740050441820348,778.8003666339754
0.0,59.30454060214867,0.9392152295258029,969.2259276035924
21.193669814047773,30.826035754903707,0.7142267812156999,41.60944653794232
27.228659409703923,51.5980260295286,0.8329285233895642,639.9054807769611
21.97393160517333,49.09781983254888,0.838892035428805,628.8176748813303
23.140939245360226,50.31886941226148,0.9154518285667692,970.7123382465256
26.29926775809079,54.789338481603174,0.705256421947399,250.22492663847174
4.9713063985427866,46.03872150981057,0.7996074002471746,167.13127032464908
1.2689651357133789,47.48541979630839,0.8764231847156911,815.5830028884072
18.60295816556148,17.13185020005528,0.9049046301714903,859.9564413304278
24.12680139246821,31.43197683707933,0.9441821817062932,687.7586644864982
1.0927996629770524,48.211117359856146,0.7414705165237921,41.85442311841811
20.33856816084693,29.19544677222792,0.8562912204345869,283.7044813854828
19.469350555391824,39.758107999190536,0.8269271574017214,990.3093555122505
17.46217258008637,55.74252857241815,0.8759695857407843,466.487940182693
6.541312812298211,44.2604940692562,0.8215900933288187,336.7047293062915
23.12007223694027,55.09839377650003,0.7814440970264616,350.44152012576933
22.164160052150496,55.35284275537049,0.7379159319933426,837.7750290505973
31.330228060733983,33.491484496026324,0.7297256979653951,730.3208903930129
20.626366234702555,26.107589000840097,0.7334340811329402,84.52226280897108
16.998204698248355,31.12365571785582,0.7169191610597423,407.37959330692075
12.005055945966749,23.33152125499739,0.7724571281459635,346.30443723225187
39.388651149208435,44.347368001639374,0.7621146522622955,94.39441312370005
14.758244989919499,9.747714581225129,0.9402011594820177,350.9621182318088
7.209902049960187,54.16680003812254,0.781846378693543,415.22053366270205
2.7199318109651207,46.47659079052715,0.8013312840461897,792.9704718818946
14.18766432626856,11.397827152210386,0.7708821432052817,966.728570017258
0.0,25.236825532540234,0.7627083755802816,718.1630027221403
30.037603714740687,17.194988491968516,0.7567181249384023,847.1021738136371
19.445169413421812,25.90107384857463,0.814156086029443,441.6503755345291
0.7410133124041866,57.82868932984129,0.7410631754518221,111.09481892165715
28.640634492631747,49.6515825234004,0.7822688890151416,200.99395107350944
8.140900580671895,49.90867132228388,0.876303795280883,649.6437286257813
28.60648436791917,21.16205157258851,0.7963922883166105,688.3734453125658
3.64960577467214,51.631962292808836,0.8502652220656646,540.1381099639118
3.2389513661154266,34.08024071102148,0.9265767993588777,492.03920755809753
16.273992280414635,45.14572079953813,0.887559785414739,81.20821727982324
31.24095020256311,27.894051828455776,0.7694716089014949,74.97523346256602
39.711396826138305,47.41184445057093,0.7139783582322545,908.8941807696895
13.341128639774007,15.214585836509686,0.8009555825629525,566.917592721473
6.53553708329467,13.032499393188424,0.8225706593244617,535.3275602845666
28.754517275315692,49.23669816129027,0.9221059462935943,783.10277776969
10.371976143936259,8.425134698368256,0.9235995760287949,560.608780989128
9.519151892286208,53.23947146797232,0.867013955967247,315.4133403592164
37.95355948719888,43.29386759559621,0.9220293223502241,241.9977240841106
3.278369241073812,27.857996168387594,0.8596763542930789,700.4430799871449
11.331290674952385,16.357731766829065,0.885713075772343,727.955772531408
7.302007100282736,31.998128446368007,0.8955377449249579,362.9329760157433
38.81023997534215,6.056895580168746,0.7292623150169869,643.4854578338649
33.996959360485405,24.948695673518603,0.8627735570822168,353.281032301154
39.31737968819627,45.343363431850115,0.9410588192830085,395.1387780255636
18.60017526807073,36.07874779851353,0.8755265292674648,656.9983251458333
6.053269211751768,41.0694711410907,0.9029830860447712,924.1384902623065
0.0,10.475042384566075,0.8579569011625043,447.58679152222624
25.054238507230508,10.468429176381687,0.829082365704356,307.77319004025856
37.99307791624333,45.66716361514185,0.7766540835379936,783.2436292710461
36.50208803239277,13.362492534270746,0.7274749877502208,901.1315255794514
20.548666921799605,27.178542162860744,0.7642052920499379,92.45117164573142
14.057442814175015,7.165130051114631,0.8857023483898414,902.9903811949429
36.753461900600804,7.756516065248478,0.8058900803650301,117.16120097372247
0.0,42.37431514495659,0.7165145406598064,79.06383904918862
2.3776647789900287,41.98829968658466,0.7899896193685041,973.3782544227121
9.693899708836428,53.82845233593049,0.8953025798679235,341.4888390995321
0.0,50.41591930180361,0.7588740520287629,62.744614080470846
1.5030965903357174,29.452108048633743,0.7018144358182391,68.25167599316046
39.48207152327292,19.257728824767835,0.8290227205252727,438.93553383260445
19.71401843720354,39.9363075447343,0.7961727282707214,346.0924353665972
11.378944525602327,35.45047247639574,0.8999336284261158,182.16264427944267
36.87259575624833,49.81921747217652,0.8669213221157965,318.0230586794373
35.40083638532092,37.22116739981245,0.8517146948346899,604.1129393503572
16.274681084885152,35.05784423583589,0.7463698726149159,760.7661822187825
39.34777906257913,7.7269708492660865,0.785117147563281,584.6071163237401
8.346490791476013,38.200967076050986,0.7385238637461055,707.8481816498495
31.901380831068483,25.04837563798501,0.7418952542287232,441.81358997353504
0.0,48.88092860726574,0.724507650047486,741.4581395490164
6.982174022485263,21.5765925639705,0.926269709651308,470.0602383468594
0.0,26.141748848627717,0.7309896570140195,605.9602721646805
26.11246166082328,50.26711219663593,0.846616444703572,518.289743622797
0.0,30.822288188366947,0.8080446148100424,96.66229343300242
37.114894253059624,21.225173866112126,0.8370350645996962,932.6209646637628
0.5676930852692422,55.59289914893614,0.7555905772469358,467.4371906967282
39.12746111177518,14.712895290350993,0.9144558159726476,977.7226578119884
28.595897507361798,50.947465907628526,0.8239944125345164,623.3390728315709
14.485989550911063,53.98751694207288,0.7335890298074489,300.1683216938078
27.26502076354244,30.34744455293597,0.9245449708363225,105.5373926745516
24.54539874998475,47.1745860880532,0.8219191588905694,656.8987255690698
11.628819930106975,6.599550215677069,0.7990922234372301,938.9511820645489
4.949150854505739,24.302027210623024,0.8913978855477672,871.6080614216999
31.43427887058848,53.84981909063899,0.7024019205815353,791.5956244164068
33.43919002596598,49.698155177939924,0.9182929055522768,947.7782166843602
29.564690771659425,18.917353398064147,0.9354885925715388,691.084218699908
10.17586428300532,8.94396883595898,0.7711165820017396,745.8890410514593
9.180229472160855,51.77086451609316,0.7125050074273884,166.1069336286535
11.606157287028836,37.380692735247735,0.7753009260543594,155.55127064201037
16.067036878870635,18.519399261349875,0.8361266478714356,176.59751568197163
0.0,17.952495992054498,0.9181643911991632,558.2436350347399
32.998494955567004,23.040034080645416,0.871717181590469,655.371229084535
29.637063780058334,12.67384689326692,0.8851625367918,813.1035138123112
19.080312592683732,28.63445155271181,0.7455018329315198,60.20107741578471
32.48171965973618,35.931411504957076,0.7318923686244089,667.1351670845223
39.81783751128446,40.632403171914056,0.7982596325266504,767.9936644767638
15.99001523362882,27.799018877939226,0.812282223997354,245.56918571456242
38.857270172703174,23.96710341480065,0.8990076096910898,332.7289402168293
35.44820632204223,50.586802344890465,0.8421616184720317,879.1582287986761
6.097431802267196,55.79576833381276,0.9330470764142154,69.51050593660476
16.588712623747444,25.08832017025397,0.7207609406096304,133.9826789221581
0.0,42.31155602337798,0.8294419915551952,774.405410827958
8.423122801302934,20.759444345034826,0.7039798809077775,826.4041487312704
15.967684242168252,41.68633722401649,0.7974991378910165,804.3769085985984
7.352019914293617,46.43207349561819,0.7267563231157916,672.1411732981163
31.14086791611945,17.831105006392495,0.7343281352973066,684.4955056022422
1.157283002640911,22.77823663319937,0.880194077685569,632.093487875299
12.694507237724986,23.07983354686496,0.866995738715824,677.8790005042373
14.802433744178433,53.446935234846904,0.909909406866098,805.7413724263868
31.858939980732007,22.16770141776717,0.7063555778743213,815.1223425068895
6.707696454184562,33.35848718897953,0.7839699183292401,979.6057054924818
3.9959656969569606,22.364169491593128,0.7551016403770192,574.2641844191761
31.492041646375206,49.32556346311664,0.8547844927722448,213.33509476351117
0.0,36.216587659234534,0.8373332101195636,981.3845296372858
17.680289809077628,46.732674450014215,0.7468913775262853,815.6378265230162
25.519675063907822,23.6300105770215,0.8597966038965292,868.1521652430412
26.442787763532387,26.132772225880217,0.7928765095912466,166.20052093540886
39.78317130385101,23.611054861223987,0.833357955607473,209.60668987030078
9.303509295216681,17.322945268635277,0.8838421527888645,892.6406649259208
0.12776237465532522,58.454654031818784,0.7764272677746555,927.5672057975129
26.65389177677645,58.36031026973094,0.8855697214109786,807.6795765340275
25.427246558556824,35.8035757955139,0.7718751808925861,528.5345130154235
8.808349632819366,14.227629071400147,0.7117710228539957,517.6278303653202
21.180998564244938,30.724008732369917,0.7179141106090858,996.5114247295076
4.729090207219232,18.126265223426003,0.7812778518167872,140.17936608325996
11.67276595006275,36.35648203599298,0.7000289090573184,70.417407992817
36.997111134859395,21.86666223399854,0.8764775389472267,720.7408709275612
0.0,9.957024893732383,0.9240384051115901,496.00341709575576
2.6204574327370618,56.11932513387672,0.7154927373334069,581.7400231972674
2.633732755301054,54.398477223561486,0.8152054112903014,228.44071041020413
0.0,39.17378120348001,0.815778417552086,864.8364473049513
24.685124939520207,21.26891488984698,0.7003342867906464,993.2110777275647
0.0,12.28684731137914,0.859990780226648,152.11911285322302
29.84212770959957,8.085540462930311,0.7333686513998068,60.747412248524384
27.041865899920822,18.55409979740861,0.7169807965315138,735.18878385467
8.535305781621558,56.97783517901336,0.8474492746009084,354.8716353558725
20.925534378277987,40.13555557408433,0.8361967365107059,551.3685155401536
29.378810601052212,56.92356744844729,0.8339501364257726,796.079431696485
27.080421022065813,42.25492734963206,0.8137356452601722,848.7577903409293
27.87561077936119,52.83594585019397,0.8631296271864163,476.6494498053066
3.237901151802743,22.32213078856744,0.7621972506766498,351.81004091381214
11.25473637396522,14.020070821778464,0.9117473758262753,193.3579991974308
4.2658034685252035,28.584506220551788,0.8751113725343629,406.97563132700503
4.706986062064627,11.728690508132164,0.8174034655741063,737.5605443592946
11.936769005764917,12.381462209100086,0.9377184342199394,554.732145433103
8.199766466092553,40.13453890284256,0.8919718036233648,828.5094276709698
10.014921239138271,59.704968471470366,0.820162577551604,660.5891799938686
1.3528110948219636,9.458590053968875,0.9315563718820546,137.962296335038
5.035823351797504,30.383927431273747,0.7464114118999432,618.4853574966928
6.528763032308919,8.036559887941808,0.7431154857896135,389.915696920604
5.363688777079339,52.92047489416805,0.7426518245335672,484.6570341215282
29.926534732928523,57.484114364449624,0.8382813419029311,114.98458188601606
33.84155096792636,36.40389028184363,0.8507121338418926,907.0569116505558
39.27247495933875,32.50932610060399,0.8382816786600855,590.0789860768424
5.049859498285218,31.278669602165685,0.8234768584031553,728.2524390551602
31.655888903754672,37.18335781931718,0.7558758376209945,574.4371915367312
14.347864608768822,19.18515753355078,0.769335300588857,215.20061240687465
14.190696352523085,13.092943957368446,0.8264165918176669,637.454247545955
28.276443860962086,25.518679824320394,0.9044784391256603,423.24714363671893
0.0,8.232833469477212,0.7061553567533818,257.4424106001869
20.69714663226398,56.65014499079924,0.8095613979145359,365.07640880396224
10.62298067836567,52.48363162940048,0.8387355792872941,128.025327334366
39.837665514492755,8.36170100319554,0.9385772466109743,859.1257818616439
23.15991637995224,58.721902300274714,0.7080045379495161,817.2043311655929
16.385421068845687,7.694000301757444,0.9190567332078601,83.55226293234885
29.623125222344004,27.835440401225828,0.9263852299178033,307.8357138972929
20.77349877667977,51.62519861234578,0.9385744408749999,216.89910995596756
13.710328823157186,46.889229203904726,0.7788195816962965,258.9668124062809
14.555607721990109,13.558763509125505,0.7260181525989879,948.2490131097031
0.0,51.199426929900255,0.8417284378644642,250.28383931356257
7.018593975906509,28.084941371772963,0.7460368604750784,591.4669700703244
24.314180221728733,9.108695294071396,0.7346572923531643,649.3944600716973
32.77849453211858,33.13704794669767,0.8142602327218266,334.8535865238927
10.501571823874592,59.016788687674904,0.7002194938400351,969.8610475116632
7.876188802503988,25.132805152588865,0.7139223304984863,219.0587703407182
5.839891198938933,8.925641023044355,0.937956034194779,555.257618478758
7.22669618540303,45.37828601069086,0.9288123898316354,478.87760669802935
32.52023443267163,58.56298956855465,0.7215526460240356,549.6352273272889
26.07926388768245,13.690128954684969,0.8252405181368272,865.0686675327507
35.866227137169346,32.94692649322751,0.7615234656153484,769.81686306087
28.47682047099231,44.38883768781618,0.8217382183086095,515.9094221998326
22.22343618791246,52.924223100738224,0.8424815128694965,169.74262099272426
18.707416738156674,55.1948281998806,0.9367486283538164,511.50586213645875
34.2193466029062,31.3675649294648,0.8799843329967856,301.06292804155703
1.246852727359973,13.319775088565276,0.7924992356359644,252.4019534932762
7.346260382091143,49.55605417509918,0.8996651185680056,573.6053585236381
36.83127263482322,39.30085931471221,0.8089772648913465,243.34881214851987
8.904260197506963,9.852284491197608,0.9177898534137532,184.17341328005958
13.897205744107676,6.902422287423544,0.7388014443067348,445.3571976761932
36.51869421668839,23.94423998160098,0.859681379562294,691.251465372561
35.47945687438033,18.948770951303604,0.7116715400462721,344.84051482046664
10.024313084307828,53.68641708274759,0.8250306535882922,763.306745195781
10.843517574432513,14.301710872378482,0.7974966670564234,851.4090241901639
10.507144907927596,53.4527171225044,0.7822448236686089,417.47982659116843
29.545429693745213,45.45252907717728,0.8432372224282183,945.9757107362176
8.09713942438093,10.293030117148477,0.7657449455313425,815.6554865001409
24.911132992497123,13.407285064203831,0.8624914318872663,550.6882752815183
24.868520498793306,41.507285555360276,0.7347847866036556,311.0788817046329
10.684379029712613,39.6091608091055,0.7298332402342793,987.9566397991026
8.917148909706738,47.77050682382933,0.7679399662005144,686.5998743259299
24.78450220700911,23.655520607242345,0.7604353283657559,742.9622237074053
30.975299616097978,27.44601293997531,0.7393289862833781,911.3189515782404
11.043313916370591,55.105397451955,0.7277710301649261,48.81866984675348
21.207281178611012,57.98175540444929,0.9444402627106051,577.9532430884391
39.890193585954265,53.21496443306378,0.7696411238901082,658.644170644022
6.5804629039824984,5.491062706761291,0.9204357337083273,169.59302098264143
33.197682164094545,10.616036353594883,0.774853753812708,948.6898476013772
0.0,48.26533362366167,0.7639157279765139,509.3716445657335
28.69641385574021,30.501876289461038,0.841660043690835,601.5247481360335
15.820022067671058,58.59311463902693,0.8881802246052986,728.6034669158339
0.0,42.81866767616806,0.8024693474068374,896.4405859062852
8.194653029691551,22.977675796064737,0.8354009983886149,835.4907943100843
26.96366463367513,25.913849390415475,0.8938964386736377,836.0732195149094
32.99807682795607,19.62800689502577,0.8197896548813025,411.80652781419354
39.86725808642181,46.38871367229533,0.861485705124152,149.554532128299
0.0,24.525655689885088,0.7118592153528758,947.0814794027692
25.663225369586737,32.87740708050135,0.7433066494162773,404.66771216625784
13.70893392799128,23.769970707317878,0.7242664934787865,922.409317554421
6.981397233070364,9.42284064907929,0.8934960737825863,292.3969316193384
27.678000046052176,12.318196748217058,0.8247181542192962,566.2480995075883
16.142549986633618,44.69463965542622,0.76713350948143,838.1593158950495
6.0730757672398505,57.49603606816428,0.7263680584821728,800.2234390339423
8.468047791819968,50.83662394699837,0.910863121196636,649.6603744446451
28.042746529448955,22.19175035738342,0.9441141637815768,902.1897195875678
2.124528602351449,47.96917041451366,0.7545630307314668,330.8815595931726
38.69346340121629,30.728125133094846,0.8242161952642351,796.0330858711134
18.457017014790416,33.49368606810422,0.9275456786571061,334.70719854339853
24.19786674083622,55.55879471407297,0.8640572300653999,272.92816478871595
0.0,56.72736185136987,0.9488641612084551,52.99640879453303
39.510604381365724,18.69931715540902,0.8061010231709769,559.5733213370034
36.31015515314933,37.14384172574,0.8312383287685328,326.11084281667564
7.4219719143030565,9.38962849411521,0.7676859917392617,791.191241714189
24.590272832701935,46.13396895491357,0.8345578805474849,190.45142180224695
35.74497869964825,14.104395156934972,0.7907751629710551,492.4423202765505
35.60646628887091,19.90932678043563,0.7411223113866725,893.4863075045554
3.5694963747550705,8.3151782287263,0.8814472818610412,185.81852910036335
0.0,48.75000291074919,0.9320322577648055,220.23660841635618
2.2535282730951707,24.124631064925655,0.9316867359040265,944.4161934440043
25.10886277351969,45.091629693792335,0.7126640019736739,433.78489221076615
1.8848582088997297,47.97909711750325,0.8180380514458802,926.8017820771834
0.0,42.16406278997422,0.7632304284835444,411.82323404227265
10.77445996266323,11.434410261315568,0.8274986138871125,904.8831280550756
7.550546910543317,17.011713198141457,0.7961780820904321,187.75488790087266
0.0,46.54984869845439,0.897086315543488,364.452675987958
9.055965279227474,47.35816982050136,0.8904312820049163,560.5895317185839
0.0,57.26184715657146,0.8321548273725419,677.0091179872544
31.018257896728166,9.215064665825135,0.8970863207558055,483.2958584393034
0.0,16.290566190315996,0.8951808003690875,631.2103669429567
18.891596430004192,54.36754297375805,0.747944415721076,280.83863908485074
6.571916171811586,32.04350705482617,0.8312832808797093,960.8171454625276
22.145152838333548,34.57287396199854,0.7296086521616356,932.5804789751204
4.279472288581695,30.015657506258496,0.845308455227642,513.720578645841
27.879770629989125,6.05619952368529,0.7246452833724831,558.5984564377616
14.567382010704629,54.58923452555012,0.9112529952445485,527.121827565134
0.0,27.663204527781566,0.9178349156559381,853.5971718358194
21.051933269410696,45.58146332512982,0.8954134028032066,660.5373625051247
0.0,39.150471082839914,0.9180873507470375,288.8765110685435
13.556672357844404,37.91322257779349,0.7743463257933846,233.25893900253848
5.36050803283129,41.12112579113759,0.8786490971495969,384.677972365478
34.24062906897549,21.009731385433767,0.8865429931719745,130.0968158916707
24.306342245838344,11.052173885038124,0.9318511445890805,119.34066669620958
28.091907490815675,19.452241642713386,0.9173963202706313,398.37706203382004
22.46890980886804,57.77874619263586,0.8011555542733216,500.2370612937423
29.82768468266477,41.006810418458315,0.7734941545104126,741.48963222868
0.0,33.95694606071598,0.8321669388770354,342.2346679209425
11.566349187122626,45.28489299119534,0.917759551189935,803.3015087132201
0.0,55.89665282614402,0.8252329112850946,890.0752081869063
21.957295986316996,33.15107311463809,0.9272081438648433,802.1593418784607
37.23164713166145,26.932308245709823,0.7026818568716602,617.3447255565363
0.0,39.61649854983805,0.8650299507038666,142.56813431195616
39.690653748986904,7.405489996252885,0.7309366892609384,129.1601029019705
0.0,52.378009476959626,0.7315985496422475,508.0711949971407
0.0,20.063268457919317,0.7310340545568861,632.3506894378564
4.493830525077508,26.79044469670138,0.8451794359311038,487.3755402002296
19.90128936619907,32.14575007990423,0.919565899898779,147.1862457739358
15.304207178584276,11.072714103174444,0.9084783257440093,617.7068506009908
18.635137949278818,53.43482003228132,0.8082279521595105,762.5991654871534
2.1608966101053815,41.804751107297754,0.7014590492609394,912.3685608101924
38.99343467988626,23.92422488406131,0.7686959152092614,590.9432566125053
12.872371543929168,32.5104317823434,0.9382424242589541,81.23659067485342
0.0,8.420155148650855,0.8347721364414569,184.92419079063353
17.316228407397993,49.94756336247154,0.728824493297535,972.1660399404217
3.7574760985285356,39.06177375315395,0.8926649032094763,91.50386245264184
22.993799889509834,24.490391747368864,0.7514921631504529,208.3041866285621
9.9954969230945,22.479587314343433,0.8102528787036161,384.97364770610096
0.5155453040623827,31.42075353572885,0.8577254556230349,172.15970003165143
15.423366743648947,22.94188354784669,0.784281102742506,537.7478913621139
19.000143951995074,40.669020964781616,0.8533004582599232,398.1325253323044
18.03862359777703,14.245534706323063,0.79715870358956,770.9302293464939
33.365011785028834,52.70290656683172,0.8695248026027336,443.20458771117853
25.698498865355894,39.41628954342861,0.9035063413705358,693.8004889591831
22.592447500970856,18.533108255470427,0.8791776096022811,343.57218349814315
20.64904314311684,32.2997685131006,0.7104000030445548,89.26066285481187
17.65763085044045,28.400474505419698,0.7686770279016969,699.2656567842012
12.53515613864638,32.68555420850208,0.7649394212962178,425.9675852208229
1.0681399555193563,21.982337014883765,0.8761266484205754,818.5109877465162
36.6514087429942,57.9399699097358,0.9028902275905906,837.7054842757278
28.226265774526656,25.670665443461523,0.7761038735297596,713.1215434311663
25.42040443616177,46.374560984202695,0.9206289114128617,423.34101246436916
23.752834636692985,24.52637062870491,0.857942839013399,487.9244294334628
21.361082045601044,28.238931822236474,0.8347039459914494,98.20440057709166
27.32487112458383,20.939761160838923,0.7265962462833094,80.74274834505215
26.338301429673198,23.364251127286405,0.8518742864544132,370.0975121755083
15.62286259024157,45.05023262658423,0.8038362989486667,263.21595401288727
35.39267537512173,16.782176264692158,0.7928965976232937,43.92438276329404
18.614597578877717,53.22334666536561,0.8830570246107544,268.3292631903772
20.27126576070703,20.246196469445003,0.8415460597154667,380.5835246957464
23.085344605474578,30.434697508788705,0.914552246852098,191.40308965297976
5.571862955223713,14.387530243058384,0.8875636371891509,876.3341718069215
32.68252101232676,46.75187990422869,0.8931084260008552,158.18883738684292
0.1604051038656292,43.99249879678028,0.7686619714481627,551.6983816659929
31.742024415126487,13.185300140647241,0.914861603108883,153.00689561348446
7.848638852672928,26.507707357201568,0.8903270730882824,469.9102330794311
8.614942770319834,30.98538850968737,0.7617803949378291,308.5017205333092
15.69764893490626,51.107440964618405,0.8145653152249555,450.802825613001
32.09688591598872,43.34510224981608,0.8458257585636959,874.2314708127844
5.448525571557698,52.90898958257874,0.841784542032213,121.11249882059514
2.8934846235604477,38.14309923871176,0.7686509703016335,125.19328632514555
20.33420265964401,53.8819852889092,0.814535130297056,905.7867315059775
0.0,40.33627294572313,0.8626086644938721,692.0865423093152
14.167443149504011,22.09468275545549,0.7528351338839526,765.4400613156902
12.705822861318438,12.178456269194664,0.807514664833117,115.27195216576186
0.0,10.813455188283276,0.8782314768050911,742.8541476204124
24.8745061314447,45.74811822810057,0.7136288597941856,233.08599616625813
19.02124365886426,17.221313504254994,0.7444354783358206,86.24434041297945
20.214951665524836,45.802584875624774,0.8777159936708907,849.3325850821816
0.0,15.042579866312249,0.8005142525546332,602.277799799521
13.881556987270203,43.03622606215613,0.898286470624285,566.0134718792194
5.447301887197398,32.9016350707671,0.90969849209051,799.2222338945586
35.68899448800977,58.463778473505975,0.8666613250819346,213.22691798555883
25.110483582775082,47.914625824766745,0.7888840404074053,340.15332210251654
35.99804927845516,56.70210153313225,0.7653741847286641,268.68235086058155
36.96932659076013,39.52320426161051,0.8221029237704466,798.6846637068213
12.494526358552482,24.386023254290144,0.9249223303783869,912.8311715723212
33.04841178287347,32.96656956274292,0.804735697427224,695.2033930510985
18.775811281809094,46.40521194919648,0.945995305238887,922.7373976487116
14.114136710693147,36.931754395257116,0.9233889000770354,451.7710099394647
18.606175143026324,6.3565367035535365,0.8848718856500506,194.31013085304716
10.022253896855986,8.620951441773853,0.836279139153396,107.52341841331383
27.35572910623911,24.13286735747889,0.7876477176987353,861.4581561589957
1.8645278535558059,46.67380147384104,0.7876085934907003,138.82711572417875
30.14284011066636,34.89366388615473,0.7233697872050617,672.3166703695488
20.487688285329067,31.38419005394885,0.867764794622153,838.3261663958752
18.44071919039245,47.80557062659554,0.9304931352396169,944.9764941482351
37.16093309233764,57.05210695879816,0.8761415293831959,960.4764181812525
1.9703016228159749,58.330689786981395,0.9302000941246107,313.33854966718116
11.470591251223386,41.87625726853036,0.8753587782357539,310.88198488866357
28.95568196323205,39.409610565386515,0.8343532383676397,252.09390216438618
39.65115117086336,7.190809649763278,0.9470261187978963,726.0547771075188
0.0,13.244073800810673,0.7393633200413844,780.5861871410287
35.19982044285481,45.21967870722549,0.8337964518642388,439.75618377962553
15.634688751675117,46.03361942185278,0.8961224578963586,995.2018080915318
11.829857072771086,45.4653651336931,0.8379451354673972,720.6278082334835
11.393153281365924,29.22399741715656,0.9196077873331193,945.0729023410383
15.326219932108957,11.290203566720981,0.8771261785032133,348.28294700400244
27.195531924680836,13.062176105373203,0.7627602830385328,196.80567081685416
14.753065520006466,13.947912544202127,0.7616222274102515,301.70250934284627
34.89902302638965,43.999868908128555,0.7970132290154517,643.7104624240271
22.049663254240944,45.72231806526296,0.9067164138764872,782.3274528392581
5.463641725506605,54.5852577171121,0.9393534332096464,575.7405105589472
29.081736549923733,6.007921609768147,0.8706174482241849,424.3587549611009
38.505150661697996,54.31398273917878,0.7492091358524955,520.0946732910439
27.600526553181883,6.296093042476655,0.9189514877840621,674.0987562360008
2.111584756223724,7.464911743177988,0.9379342014254511,981.8385199844774
36.3091013251293,38.56269696573446,0.8211264420504153,914.7986680430799
34.48299537419232,17.321272032413386,0.8363505704382068,522.341490289572
0.8977430489288353,10.454770432588393,0.9142523816763481,376.3655108535221
39.14987832693886,40.22121280863594,0.8709597730159643,437.4254608798929
37.43850685500792,21.55792233685162,0.8406388574051324,699.0755838354798
20.417140904904276,27.65037319904633,0.7038473127631366,957.016335342864
13.2847909340062,48.130111047918554,0.8908837486233345,247.51032002881266
1.2446099095040666,45.95875614866864,0.7655489100961441,155.86478870460581
2.0716170692406863,9.011586037340187,0.8535713264739132,616.7249790829969
8.171536688984508,20.13177225464636,0.7496464191404679,49.757626565993434
35.987577650541745,30.60672586165682,0.8438015067727335,478.54996617541235
23.110188743667095,21.0422961686449,0.9441456424420203,77.10618127865921
23.24316737092511,42.474772062548865,0.877624087552973,974.6849714538075
35.709883003649395,27.826421706365842,0.8792914500863782,97.2996645861042
0.0,48.864840027397484,0.8046602453707642,693.2948618192141
0.0,8.566089912620102,0.8967960711801468,675.7577674897229
0.0,58.64937972669463,0.8560401232105138,376.95407911357853
17.57556500647603,9.93288811485688,0.8222235591378276,86.50464977501251
19.448691399571352,8.515958383475462,0.9328405754658438,250.59244892377978
11.948780552697608,31.405658266513665,0.8776294136389736,334.84267515734734
9.083397567633346,15.146955182634121,0.8204196522442938,784.2100217922354
17.64066677296217,48.712699749714794,0.9159004170404217,241.1312309955223
37.34902210071363,22.01198187944368,0.793033601771296,971.3953935587318
0.0,7.330089550363026,0.9262170911488918,105.90045452253531
16.810978526039715,23.803254119854515,0.7955946527661791,687.3499039957135
17.611898046507633,52.82167685874877,0.8300140265500622,328.3366077501119
33.72235154148042,23.646084608871398,0.7901829233023129,808.0113545310744
27.680545085850564,19.918251292505868,0.7773603434618535,925.1621843821998
14.568868063436613,56.55743176215933,0.7989749632565917,419.5979070282075
27.760596048969802,53.333897803138704,0.832198746934697,249.5355183445419
5.730406611886318,5.800293232396452,0.8142598424898975,51.35571253342807
27.54025956310688,22.31776393458242,0.7547728402531348,742.8676310763615
25.900936108304407,9.800017251886203,0.7099376033321042,418.44028105018884
11.217847601958608,19.8395749894823,0.921540028129116,348.1125880845454
22.880559291054624,37.152714035108254,0.9117135216668759,167.5043500341376
28.452352924075765,14.641833812655294,0.9217242658994665,656.646676979627
3.3970836397972355,19.991123960134697,0.918059022706723,936.0294640543757
36.23790595149758,43.8200353091385,0.7504238922418974,406.0120691933366
26.343230743598507,12.617347003594997,0.8627257974750999,857.2922555255648
2.251494111789045,37.353610976976626,0.8624350570048336,717.6915172766747
33.11939902142599,29.41687732354271,0.721050707217591,841.2733328562243
15.28920794255133,19.05400269078297,0.8262143103545716,591.0877558941676
34.72801741895505,10.252927714397794,0.8755273210388805,270.3687617017792
32.78501737814279,57.13829015332933,0.8084232143109428,237.24767043388343
4.196160793406201,50.24911755517083,0.7609364496744938,268.96941229201946
29.34956287803137,19.543706160884806,0.8279488647930398,644.2718470289469
38.55528485299793,28.384668621893567,0.8740656267726745,72.80035636204602
24.62399749437273,55.89192561267292,0.8009296931268464,126.15025541552339
26.767452575511587,10.35811970835143,0.7153575091748605,268.60837635426014
24.269002572997362,38.92607318666289,0.9206830139013695,961.8430107123623
12.11874729193967,46.19356156956215,0.7379300443332073,295.5643771075375
10.731131020762753,30.596527251125874,0.9182696127604202,857.6962824181959
39.228298181484526,53.447445200357876,0.8168269626513837,231.52139139790017
34.20224338754267,13.012190903400796,0.8060017591895385,645.9953148529307
30.763446809105524,5.5731726639064405,0.9203700555084875,345.7368368029974
20.644575950717048,34.227837425303534,0.738936513545898,508.0009777506782
14.833004262688416,34.99596937627592,0.707727346650213,205.3919909896514
33.32589221097747,59.249916022947076,0.8379290495957135,790.7444242477236
0.0,27.595251167854144,0.7854012230365908,463.63126772947953
19.0222843323575,32.461000571638365,0.862267209712715,98.44877755457482
38.66135553373587,45.520667603575205,0.8862235511578902,506.70298195361136
18.387231610672163,23.982201559242903,0.7342406114830755,596.8614628211095
15.296101514625946,27.56902793982566,0.8166777603680581,573.5449718035198
25.968257737224647,31.318883690841893,0.9036275747412947,692.5591668114268
0.0,12.52622696147965,0.7904576893031465,616.9430192327634
0.0,47.297869458121134,0.9103066487386741,798.7664018194174
39.2284769852435,54.27224512284543,0.733686340281782,280.0003754856189
0.0,11.120344524438144,0.8281505425656172,749.7953099722446
0.0,50.165133895103295,0.7744844238036418,292.48120753956584
13.691612602393509,15.10707935148862,0.842066949797186,706.73216208059
6.169835256733286,52.66293699035052,0.8263865555168939,850.022277572633
16.95016196795471,33.352919289518624,0.9207731808547605,812.9039751270013
18.192741075932094,59.83898945717388,0.7555335717223046,411.3913311424695
32.06031410191957,30.841708228792864,0.7769852404823409,315.4808201541208
12.038104264504023,35.35245997378766,0.7638244487523282,694.079757609631
6.757215922948566,17.53238934842088,0.7091349400856548,316.3514241536386
37.038380779507555,10.14905050618125,0.8345326320987452,626.0648271891021
31.716331181899022,9.936100718371792,0.8680226411950843,805.3329622236168
34.18529730362904,17.81289293026264,0.7596245904130263,693.7104555326387
17.301198946858474,38.509998177333124,0.9002822426044962,921.9138695628537
38.47948173743474,39.25163768153067,0.8940579077545455,997.1558315272093
0.0,14.380976204596122,0.7495058841883514,91.42810063530715
13.678801015423963,42.851838212100155,0.8991020724409915,673.9931731190145
37.595421397380804,41.91144614768666,0.8503879589537118,650.9729726632673
11.967889517870812,51.64544762353756,0.8223562622683808,293.29132168679234
20.298065619902943,10.774724429064815,0.8298032460111796,149.30014176079183
35.30434588886355,39.86654532635617,0.8945259645856174,90.04336561900064
37.83577923983667,59.779758244041254,0.8642766231716461,210.40835460206029
0.0,43.60745967457416,0.9166191637941247,431.10021712264364
3.210678956633582,47.257214494037726,0.9174819134046808,81.26898659188527
15.365368559681174,48.861953906212676,0.9473709433568841,418.4369476348201
30.50798902377566,54.64953780316646,0.8678425673291149,405.72390393724595
13.75904223249063,42.51616046710288,0.7474388189866596,891.9441515128749
3.0884731552208424,12.995271570236605,0.8983902883737462,835.6078612393044
26.63117394680063,30.760623208698018,0.8202925189296372,655.4611572309975
4.886661368951125,32.706314121537496,0.8178450214624514,519.5934312251317
8.456205740862615,28.67225261570859,0.8843793322933564,289.4920557456071
34.947287785661565,43.6872861653588,0.8409408944052544,64.41563750601208
27.319212549154415,53.33828428003854,0.7287984857376321,394.799361512941
2.2501866769554577,20.1295008188301,0.7407153691909938,693.9073330632816
27.299205370421234,28.4870989273129,0.7343659470525501,442.40659848039024
9.615272474478918,20.281402132183295,0.938417250712381,610.5922302928919
13.769228564019379,38.761611690600986,0.7808850774548195,901.9072969149119
5.889030481852395,42.26461828139875,0.8845157352332585,354.503138331803
12.237482657479717,37.408458262669,0.7156938819802682,852.584535197717
15.97768675881886,57.70587536318323,0.8567330461219514,745.5874282055709
30.56301716624093,37.31166408155774,0.7811758616202087,65.41882693317237
6.3495239472026075,37.13722843385994,0.8242859873177298,62.83665636617567
17.227744356630236,7.11936802123886,0.9194923704779391,566.826971536465
7.735133683906173,39.748459070362244,0.7666274886161366,390.086671408942
15.018582400496912,42.183843328819805,0.7240418702371602,732.2423448573509
0.0,44.21407244900136,0.7258567473100799,69.62979365408896
2.716421953839849,51.487292661697104,0.7642056323968082,213.32615846368572
33.9321858930212,34.92854489422034,0.753402799393864,641.0108590857882
24.090069945640625,19.487438117156458,0.8226731877770915,965.5256648109748
2.1274865746731835,8.246540601677271,0.856524049900935,69.62309642190156
38.46777590151253,45.12416361074793,0.853806895917018,148.22277343527003
0.0,8.116138721875341,0.9262593880179338,779.321953527734
22.736071432962827,38.06261758112757,0.8002995542225246,382.1417766590551
29.831199473420607,24.579735250128635,0.8236847693600905,575.8971334080031
27.096036756347704,9.882394773233386,0.881648578451837,235.23962881730887
38.04581153882267,30.631268277868333,0.9430794480085225,501.61323262939993
19.20134617330446,42.06194347905331,0.7771649455767459,681.9885621488567
1.5298247307347916,7.700175881719005,0.8809021010305333,913.0932401900465
16.387037090400213,49.40384129712292,0.8120188875698738,333.53092807939197
30.366240943175775,35.33145181453114,0.7340214457903226,221.9019457191862
37.60763875408292,41.5088956178511,0.777113557919891,682.8553433475208
9.423115618086111,16.832959678109585,0.9020016747644418,938.5357373665792
36.66796899309226,19.25247523091573,0.8572608471114862,643.0277311742608
36.8210124477773,14.030443139205419,0.7191827692426198,422.9366441361883
6.487662572432825,48.369044963382315,0.7534479693884353,118.52239991305137
27.272875642533805,39.708010986300266,0.7499426398355428,566.8778404246148
11.739056043358866,44.091220889437906,0.7084703741926786,738.7333318190285
0.0,58.87445233476876,0.8263178651445818,618.4773489897588
5.087890050873185,13.314744370046814,0.7283483962945799,503.24484165455425
15.259757959164824,36.397432422720016,0.8761041952715556,949.6005004804663
0.13174912790811608,16.15917156377675,0.8615412279122647,763.8260014028572
37.21114075033015,55.38160377992412,0.9370041256124592,689.0293734443595
33.707353865302,15.24831757502367,0.9196691470650151,861.5117706671268
16.72334030488098,37.20175671448879,0.7959847495445604,620.3910420614511
32.99509935435552,39.44079665651525,0.8131259728221605,722.8056044001751
23.141386613670242,47.35378707581024,0.8417195567890231,572.3915697132029
25.80918497639835,7.6403047426856325,0.9060003607513609,431.5383638179329
34.730872827443434,47.93576354045795,0.8665889046587525,826.8501767234982
38.91688199080622,41.4485998913288,0.8729293400527866,478.9818797026607
32.05112126345248,58.78134809056876,0.7379582036718273,667.7534269346704
38.538135671630215,22.19353025108796,0.7633180898816666,752.4714001634889
31.042189211671516,17.084081647371658,0.85086407016157,639.3912043077512
0.0,8.85261367635903,0.7639238678932104,392.09033532883393
1.9419248491389576,17.67377054328137,0.8594215643883591,150.51681387202225
4.2717797943078395,47.6863149644469,0.8166606066715623,798.6086972151091
27.421592243822083,48.085729782725785,0.7451118675435342,405.53354442455156
15.152327958767085,6.979389178616878,0.7681584575434388,456.0319411974129
32.2945975746267,45.475540558675256,0.8858112485990616,832.9994935646682
22.681425308257502,36.8208901360653,0.7900332820759977,906.2678503002103
28.967516254681076,50.564805597430585,0.8662318241089937,481.38321727201924
29.125775807235865,12.922105960833864,0.7014095361294479,87.51151092468156
9.307134475972076,47.84367083688622,0.9445845338709049,352.9463173319811
2.6825784281337155,51.97202142614346,0.9484343424260135,942.5875559082161
10.277497920181451,21.200623869189858,0.9097541816573028,507.7823092854306
23.538957391997474,23.260620553902253,0.7413560919359872,235.91523510082243
39.45252273601785,17.41814364642653,0.7675157095901746,609.3037058811375
6.927863484829113,48.26573125515762,0.7378677488377126,176.8384664000932
26.798239456142788,5.459723420233356,0.9196004790773376,564.1015963117762
0.0,34.06438529603294,0.9169400412716274,643.7329898188584
26.710606600485175,41.6332628984568,0.8210851128311765,241.60773067052224
26.010107379235716,56.438653153588994,0.7610379410851662,229.06261141764585
16.91587376346722,49.331665646827965,0.7812227798502669,81.7331307964163
21.58576268862969,59.36820655276085,0.8814311743776838,703.3373666451093
0.0,20.886588390821704,0.8039927446103189,344.33824004863357
0.0,49.57747405872576,0.7446935898947067,956.5612598454042
31.80117261152721,29.88633440730585,0.7817748921617507,247.0029303301144
39.740316563333664,33.723340851364576,0.8152672225400955,815.203475401129
11.603145267586708,49.80363665993494,0.8931888950280595,995.6477523798762
35.33962763062905,25.087253201326046,0.9119255770896001,344.12818181071503
0.0,11.867750185789975,0.9390784001118715,77.55387022525682
22.794615293761417,49.026850684969354,0.8866303420079129,649.86537241761
33.63654397569395,29.956064211427186,0.8690438795444968,695.9321309722345
20.631881177857828,28.545486251369365,0.7931553138884564,106.10310136673483
0.0,27.919617742116987,0.8113349299838676,588.091921345015
0.0,20.45130885049243,0.8656554081950383,511.33566269491973
6.336498978274184,21.5110569753629,0.7790516456722189,652.736253872253
16.192133576330153,11.190343284060447,0.9452180503742471,143.69602318504417
7.770031657488407,28.74923522782962,0.8103841883383579,427.620620138013
22.296912133042014,23.467842011834875,0.8087965791736599,55.43222367688145
14.153619910772623,24.671675215904482,0.8750290141862818,766.8833905011847
29.322938383962875,9.968274610635373,0.8649396893401442,926.0216178886764
6.460483635927739,42.39350038251344,0.7396636300811599,383.47067911371977
37.06049932134933,42.07620883447833,0.8720087101356375,511.31665743030584
14.8308973968826,46.071943339124374,0.7724938078369926,974.7111904578993
30.34086897538052,12.2233815233472,0.9333041838097557,702.6837098987563
36.46135997533921,8.348247214229968,0.8845635612527718,496.59993521856813
24.85276520178994,28.72940705021459,0.8394324747541688,842.473474204657
5.685593662245963,55.10980168509444,0.7867113905217428,150.17638288900946
14.892190779280368,51.75642229384586,0.7120419979415058,742.7294761313143
12.291811436114934,32.098790284682785,0.8964520762622032,136.19706209978835
27.584890777557202,23.797024154285843,0.9279918583866781,290.3867739725754
23.051468867084623,30.345646388114186,0.8550792138814653,514.0322610164626
2.012905777513509,17.014388272838556,0.9219884620384629,323.9404662223273
0.0,35.844155363368486,0.8628695141550234,192.7043854916137
39.78361805846231,19.873260929318462,0.7182842928700961,615.0573217120802
34.232450394608215,13.550610926205612,0.941032785199635,978.2546056927155
14.970678324897484,56.226822957210466,0.8093463139071334,538.4614004774432
1.8526236074161642,11.784462378547564,0.7891633440522329,105.2596210737051
0.0,19.331778264688506,0.7982670609545469,483.25256925556164
20.277955836240622,31.28285991943588,0.702803290126514,585.9711837811558
0.0,6.413134965724548,0.8941766871812843,557.9146741438673
21.29798208975598,41.90560976032794,0.8920996611582217,551.4853788538836
14.558397674211443,59.01840589130335,0.8384280987898213,300.7194779843557
33.77190793714551,17.17098667354153,0.7207741598942736,352.89628051804556
12.864773743657572,6.703136984399581,0.847139009314678,48.2229993615633
22.92438019533952,55.31619029270891,0.8558179579940861,623.52126430152
17.767816249574974,48.07505067056738,0.748045786983043,971.4363994887312
35.1245639371281,39.10051162561718,0.7124637915268838,927.1386233652082
15.838611768222318,41.282811991958916,0.8298427234102067,797.0636014777944
31.2695778332156,59.35078017679199,0.7003904815601132,339.6187055317839
6.750698845399373,5.973653223445416,0.9461391792047814,305.95605705422946
5.656292976899509,54.47218988212143,0.8489592803813679,246.63887004966045
5.493291072894094,37.20968238382052,0.8190242188511989,835.1513044363355
0.5883837623861222,5.308795514722992,0.8284051739099778,466.0059471873379
13.358994371141222,8.529842866188687,0.7098687747736777,798.6558228281622
7.7339357529246,35.29113579307979,0.8967628962799608,772.376327364799
0.0,56.130351005587826,0.7839984635963073,117.65959845513059
18.276947084797538,53.66179489188319,0.736734753313669,335.18646314204096
0.0,10.97184301415247,0.741516659753126,230.3921758616696
12.754512544576995,59.15752832128141,0.7825601458825957,613.3198827963176
12.413731788760346,22.299937644737014,0.7684091948297392,651.8561099996622
3.946649667145852,25.808512690139352,0.8241216101857445,216.3194517236725
18.13238098635479,11.043370201951161,0.876529689545413,915.3263247205147
23.303030421804678,43.881942112606936,0.808907749975349,96.0771885470453
29.872134469398745,31.03330017034897,0.7705345447920318,372.1140529853842
35.74064242331832,37.39740913208955,0.7219333710777083,79.43103929469021
14.77628034217874,7.706464572665394,0.8098661101938354,776.1719287997014
10.929227270697067,45.411487445827746,0.8377494083895652,458.60520846827393
18.222914876364175,22.420181531432238,0.9201465807211279,523.4470952504878
23.613415903990045,9.76566214285277,0.7766983647934989,256.7530063763658
4.123619987813205,15.587873291861042,0.894286051272934,499.7968272555704
22.16973887096956,31.326216316154895,0.8342789368493256,514.5683591658424
24.45448392563148,50.16683745172975,0.75757440682792,704.4300609856606
36.93665827410839,45.50238775397672,0.9329335073541186,256.31035529091025
35.55240401296069,33.53597966648871,0.9497130423550945,59.58508428302409
17.581601742563514,48.644470906730824,0.9306487234448392,603.278228295315
11.5213809930366,53.21379900182279,0.9146439732073902,95.85917297360058
21.26778409900754,10.18601879213238,0.9384035950915581,983.0389358030303
25.18423907395804,49.95189275756042,0.8776346942833584,93.11194264123849
3.405070710611782,24.254414464222126,0.9068771508257202,355.39320392281127
7.341542433637423,59.031265958227486,0.7983044462027545,846.8640075145487
30.008805952292363,21.932607986191407,0.7565780107497875,779.8093503890275
11.981865484932282,30.732178724091487,0.8630462582440356,732.6982916479303
0.0,42.595502239907056,0.8610237583521866,211.34180863149638
4.489386632013365,39.08359373440915,0.7202966779959596,77.40875257694064
33.90294940103306,59.48498906413851,0.7371928895350204,630.3128929844772
5.556609831671154,22.945900323682785,0.8828160431157238,382.33570829268433
3.5559201752037843,12.259471223473751,0.9340622205878079,723.4700554765747
0.0,30.807961394457912,0.8905389463109247,207.03528156918352
16.2909547161519,57.818552808049205,0.7074626503530523,390.93510374796654
13.954787747084273,54.974149730086886,0.8306039323593616,541.6629953963219
38.845798787047116,58.111189629976955,0.8349655729334984,230.4338116921785
22.498096524971377,58.39709094028258,0.7563674565811819,343.2187440470826
6.618519025798992,18.589086212284297,0.8086902895323909,549.3748176126826
7.857651246204144,13.882961208220314,0.7235774480096914,220.79865636421627
13.706501820661328,11.974016730899601,0.9201212589182386,537.3038228282477
11.129849774503327,27.06351980014431,0.838196468521804,504.1629387060318
20.76528440540943,12.03221919711904,0.9070299241072959,658.293740569595
27.281317384448062,6.1650103918868195,0.7595826937739782,69.6849092422439
3.098578310250166,31.835533435841246,0.7571895507695299,890.9238244071954
15.891699790393965,44.92983142842815,0.913588212774379,412.5897842876291
13.779210969648691,35.56459129096699,0.944973978794617,440.3330688562931
0.0,40.141997893795455,0.7706641960904455,526.3106480953845
2.990962251874679,35.137355683541806,0.7998699622300441,736.6539059316013
12.125743985399456,11.854826992332685,0.9273246234080953,554.3383990196743
10.018135960781056,33.17478445576937,0.7985653832267181,159.21448709438127
31.27866304165775,44.226803827431524,0.9022373294687379,780.4082822601002
37.82794908694995,49.31613586466168,0.7799617993034694,223.78881312912773
9.433293584809721,42.13366347084248,0.9025696631398049,388.1579726725596
27.392244773316776,10.9248735711728,0.8354630463146326,64.4273975557364
1.52797961642555,22.592458315469703,0.9093907482894901,803.7241595818828
6.121175544363605,18.658637751392224,0.817260734409931,331.88959188690063
18.97374194742835,14.681322600066496,0.8242022326452262,230.54474147839016
37.03981570972296,55.483693229952586,0.788764793692733,521.8653147202381
18.230256079385892,32.566453721956364,0.7134828462505166,911.3357703231284
34.109866019593696,32.11973626474587,0.7885883414954808,607.908545731046
25.637491752360535,50.3593986483453,0.7829286105630029,641.3753037777227
35.85087963697905,20.53137127294899,0.9468311212738846,366.96417607806535
33.63628966887152,8.217548313944233,0.9480707979286164,863.5766947069066
36.783612090257705,32.18834850658216,0.9055341248492679,961.2247187223071
0.0,53.03234967927836,0.7420425957662006,908.446400530785
20.200844392781804,36.372145805484784,0.8252368779957655,318.6585120320044
0.0,36.29361085287015,0.9132130472101088,368.9345374783093
38.24498906689196,47.4519086230258,0.8549962103349454,870.9703212346712
36.54744554575264,19.34756385527935,0.8078591778030396,906.5179858760248
29.520780998132608,56.41454812492361,0.7717823074680542,446.8519840608666
31.578455490812434,26.44401367347742,0.9138727512929729,952.5833576487091
0.0,18.102499419741445,0.8571187507400075,430.4087959308662
35.35665672202283,9.697426830373002,0.8207981364335183,664.7941607441893
32.209520814263456,8.939987641709989,0.787368428026172,318.56993240156226
9.870420208911439,41.56103177441309,0.7632604861904541,787.4087237552018
33.260060792296294,57.60517568265843,0.9183879012309286,746.4169971787628
31.033023286098437,54.8200057034704,0.8363495392076201,627.4963324056844
37.37095183232741,37.57934834596315,0.7680763732130075,171.60503157733876
8.317733092929183,10.493074458565514,0.7797789319296297,900.925463253106
0.0,56.571132311483446,0.8331102313676302,370.5859480161683
3.093571562169055,14.234228839893941,0.7974602026750599,981.7787617642042
5.525730595822074,43.58946602203438,0.8620442952899571,568.8930014034205
0.0,35.282228042960064,0.7514167595183051,470.9212129884352
26.430475608527114,34.656060637028084,0.8650220893898908,807.1041439075477
20.569300305144743,7.346184634529517,0.8127027140280466,755.7195429926319
11.973974270008833,9.689009954928308,0.7874851731233403,857.1147099861527
37.045717135587175,5.632102230118678,0.7204846750621423,278.9734463814371
2.8124612424570716,20.107496831336775,0.710022272455112,79.24438259203477
12.771461699086062,48.03997085127273,0.8570418895412085,817.6804864788592
4.665493812335975,54.98162821384382,0.8209075949374071,430.270041571536
25.266951251931644,31.62536308701568,0.8920128058266459,872.4329671949403
24.057739004193497,39.755187274852545,0.7517804303632382,648.631808670562
7.521672292632713,27.672952813337997,0.8107200525468448,418.810161113793
20.34727043528447,52.74617088872098,0.8711155006466417,602.1156037679475
29.5717279321318,28.51373311245049,0.9411080197714761,590.2700760826466
11.3788453929313,40.73616203312509,0.7912712222127555,531.8715271951625
2.3300057012375137,25.397688982307404,0.940621996008752,756.6391728775284
9.166339052671372,14.984293278837123,0.7759657305243735,947.4395172284173
35.69389698831179,50.30863596397161,0.7971772102565831,914.6142901373265
17.477786402871686,50.763370949264115,0.7592136144864841,956.5678934853861
21.61663944290595,26.158432697415485,0.8220334838912021,766.930549295721
4.832382706072739,22.4259373278991,0.9387407148942938,76.89836388492523
15.025682519520105,15.708244768880299,0.927413850947859,203.82980573077612
15.551488558060365,31.076938909987543,0.7105797100823634,532.7323326907367
34.14943341540961,7.547342799292115,0.7459059624193458,355.52085431460296
5.880092934324497,36.95865868154483,0.8557382217018301,809.4644178509592
10.411856150990435,45.705015418122755,0.7539568995227223,730.4022797000299
0.0,37.54296102068257,0.873153650745333,277.5590754496357
8.080275512025532,8.754039918900896,0.7544928192737298,41.64855462588104
13.813223575729893,58.311762899657815,0.8956132238492558,285.5450151323088
0.0,51.55964647187359,0.7246260573965426,678.5377850959987
0.0,32.91345701942249,0.7906129994873499,298.2385638511041
14.940579370745029,57.672309971574585,0.7252265726780328,722.220296296729
17.160421033381294,40.6343400596804,0.7220954025531987,701.7487468169412
14.103867879946298,46.37616183066304,0.7548091532070329,422.6814575003116
22.09180155412959,50.640908915426834,0.8155821241299802,446.7626831488727
0.0,47.61509808632474,0.9405685352380782,421.1360129663465
7.899277521128825,12.809554980057058,0.7115360895836982,138.1461987129387
24.432536215920088,26.098401939725658,0.8911509639247349,549.8874537679292
34.61093340794459,24.116780399858193,0.7380152741302365,433.127202271569
8.006532160000283,55.68604524801227,0.8056665311977054,77.89772903496377
35.093715028106075,54.11790776435163,0.870239879220644,499.54952680867467
33.52371454268267,32.320466243200265,0.785102357448996,664.2081191833973
1.0517443656998382,55.40852744341076,0.8400380509466666,409.26199188947186
29.164381592664384,13.099871307771465,0.8597576934228386,976.8349311792476
4.227029591982813,44.09581338028187,0.8697109335791404,651.6158408323756
34.463386174064404,30.775203371433786,0.7337935288078998,543.4327271618488
23.062774075506784,45.96928015756694,0.899733617720656,342.00659252708476
0.0,14.204752700286642,0.7082222513182002,321.9217685190696
0.0,55.047847878594915,0.8392353252769288,560.526644785122
0.0,25.033426578259174,0.7253649663782265,429.71188937048146
23.033910549054376,43.99355812698446,0.9450474010662971,729.132928446499
17.878261972071336,20.094801741307574,0.934854203033832,710.0401014832034
23.161610589475853,34.0324963791089,0.8974397471358778,130.69870806426997
36.67742036219962,14.813284387971686,0.8128446710695153,469.67030113708955
0.0,55.858680685623526,0.8599007739466207,278.70100437341387
25.61871613053389,6.064984130852295,0.9117219680440145,700.7222300308945
4.110043271181262,52.512454149753275,0.945046741582076,591.9507804883345
6.560598094361412,57.294807528795616,0.9020632450085077,105.92612771948424
0.11417105457250167,29.11519397575421,0.8819267209826949,599.0808351224077
12.833302587196195,12.061865148480853,0.8722557283440432,874.7265484331771
13.413880714253196,43.69796735332756,0.9128690795689902,383.7527240332914
17.69983714777111,25.27234041469223,0.9250138538681469,200.99438128310058
35.37047259993218,57.72908667616345,0.8154105514550408,792.6090902346768
0.0,37.55843966739171,0.7737504760400779,368.6308444376912
37.70601677018187,37.37624506991576,0.8314216899546174,664.1580904835935
0.0,58.7908295361855,0.8198753956032365,789.6086611881235
39.02066507042387,32.6756760354222,0.8763565767957555,909.2678905399853
9.897140171133364,28.445788976625817,0.7860797734350906,343.18705429087595
18.762483154517405,16.278718028680778,0.7897500857218651,46.07230336637546
23.57619022557117,8.529589557612058,0.800541359106486,766.832030928471
21.18673379590956,17.88635841995446,0.9478687816843778,768.6392703389162
31.51071015431976,50.015789301471514,0.9309833828830092,869.9904989878091
7.054097052549242,10.214533997653422,0.7997270666794518,422.51106847265083
36.28560205560346,31.63456424699496,0.931094696808594,669.3500583028232
38.489020460064474,25.940517340371336,0.7361524221600154,905.9353718059019
35.47569538384855,8.26913141951707,0.878594684412113,225.23483067801675
6.994896876491562,15.60456696641354,0.9284225894249281,972.799288052012
38.22852244361095,36.78929356984015,0.7720675504431033,685.1507060957042
1.1432156275199536,24.382264947285677,0.8946187843058291,658.1452586653951
38.922364494882146,11.095185922900273,0.9036169715352182,912.2890801580785
2.832068596443039,56.65580032320788,0.8109445824686522,235.78037856582029
18.875584770608118,40.003367530685004,0.9022617518134556,138.6661483497955
6.146717424847167,58.11891160204702,0.8083529359815742,638.5293241508451
0.0,53.40749703379557,0.8233421413536096,454.53352016477805
19.790620716615408,22.016936736165402,0.9352541293439547,752.5899006196647
39.08172957938256,48.82656477850811,0.7703526312918665,401.44700253671937
26.805154887545743,29.274138987541402,0.7283278217579878,949.7010029419873
3.899209987320825,47.547651350788406,0.8623318738552808,691.5565972066817
7.896676699142571,31.060134968166782,0.7536118185349818,371.1695880458176
27.74387852386133,14.945127291339144,0.8291307069830537,858.315648245454
26.745414807483407,18.262149473485756,0.748076343369006,788.0152637555661
32.34267001075072,33.136131106848204,0.8452782860839972,45.5363540134265
26.804751205529794,20.763329079335435,0.7997990850091417,822.4210537607458
1.5835798018359768,6.175904935851437,0.7027202884443331,556.8309085954882
9.725714837744782,8.855560973870471,0.8471243932240562,857.9546715011384
36.41293538256734,37.10630388931669,0.7365411125826758,743.837864365866
0.0,12.599713978725092,0.9075121576505176,546.2548758173615
38.478470751153225,17.62430175444736,0.8672549167133599,868.7571666601409
20.456696729938646,47.955961286849714,0.8324720571845248,321.59225704817425
14.429019055566906,24.87150760284114,0.8152800797995337,195.51126017847594
21.12152873589839,44.479072425131605,0.7560835859524161,966.4724927424177
2.3098171157650946,26.153285537494213,0.7384680350428205,632.5105094372267
9.918245715829716,35.513280286331444,0.8807713204366541,431.11467784384206
12.124625109104063,22.029552196236594,0.8351813845940614,163.43426002740233
1.008331297641243,25.700142501677334,0.8892214343922273,878.3878996153171
36.51235919560381,53.591067706320516,0.7268007367097904,905.5072289712346
0.0,8.2395844414774,0.780156170606758,157.1491911334474
33.77759970649916,41.51043246871737,0.7646119577571457,129.95082158931086
33.76364028302441,55.6522434739144,0.8392007910103201,519.4990716324796
33.03221327063613,8.006984723495403,0.9250400721185968,240.5095113759275
16.673866594252626,8.85639877761031,0.8465400621343132,353.2785661300972
15.027520495116631,39.39976266540002,0.77205838140792,614.9720530977962
23.16219580443155,35.11976374688562,0.9216068906981678,442.97036901276965
25.77294002370956,15.275342033676145,0.8837776125565691,920.3350486211727
28.518393450529178,5.956576953422641,0.7047087029729788,851.1755083281909
14.247756077013195,36.12698415236778,0.709998872850958,716.1605223559555
22.443225019448363,41.67021203534306,0.802271835002017,651.1161548900648
38.478216938552585,15.862062124282563,0.795202167779671,337.8689768501447
21.521981389574076,53.70469323640907,0.9197253474502696,479.20996437568067
22.481223636582264,46.635236047339305,0.7376701698216251,645.6204533633332
28.670163007827785,11.346353579693588,0.7814839627896437,807.2365757476616
15.973589045223434,35.94398899017112,0.7531477919190137,42.59451592266991
8.449733159486074,15.176407396353316,0.7798662279638241,973.0295077319911
34.427243758594564,8.627470169696474,0.9066805226813683,427.07788865414466
15.927173909330827,57.2075063671979,0.7165783133687389,830.6956776207605
21.573389992193057,48.12317383383259,0.900342361112295,108.73241527372684
8.18873582050933,31.70703280271373,0.9376223023994938,743.0402429447795
32.74106619973758,20.1227493665266,0.754010900789018,143.59783100235802
20.792125233173014,40.555455723259385,0.9438271003844327,857.9968858530267
14.439213891841156,36.74092609148262,0.7435007275731973,893.3307524705154
38.01395789071527,34.84550926971791,0.7061744215733274,566.0975287155296
23.60203422654502,37.46228101393715,0.8195873786454216,81.41424868212493
1.479387493512661,40.101413947280165,0.73049411464852,511.6108047396539
27.20706814949591,26.361815469516806,0.8175012225957867,266.0141530245545
31.033130258161034,24.06807677155614,0.7867591422737163,93.1549511934687
21.086207105164746,24.089355723352806,0.804075753339228,697.6459055943102
28.454107931640166,25.46582677669739,0.9122487690911779,699.8303375584796
19.416105413818688,56.476104484963415,0.886314789587672,113.5136412317544
0.0,48.522869085889646,0.7926422999095442,476.4623517096902
0.0,22.530719133291026,0.9380057192047337,53.11773531936481
36.96931861553193,26.69671728456834,0.8654182575350295,62.889462880160885
28.286851944808422,6.515592908161716,0.7055833371151643,288.39482943726006
0.0,48.59989970597207,0.7029482431370552,208.50249142078766
26.932053825200168,33.766767929993165,0.9388334241448579,901.2974110334801
38.62750191502276,23.75844097370579,0.8723289749564599,150.89602009909203
0.5132025904144853,53.26982951764614,0.7831164507426385,51.973702486223026
25.049088701734206,51.98634690069716,0.9016437233614358,87.89728517687053
16.41745005377634,25.105718867914522,0.7730155354669478,98.11840118060647
15.208025891277389,27.637659734953505,0.8070168090445716,848.1707097958927
23.084576091748033,6.31531060983612,0.8734854465919283,523.499726302176
17.77235592243808,11.043547346109582,0.7929686293096443,670.553602482275
16.753040203702824,51.32503596687284,0.8718498598718127,760.2799694570816
33.792714983671736,56.500664374071,0.8184320759573807,640.9036217995088
35.58880703687393,39.807550363325625,0.9036487224420897,810.5547837553927
24.674507285978038,13.886321575515762,0.8232723717115935,235.2476308506192
26.604733844941453,56.83897047106277,0.7688273790380897,633.8915998327735
19.058825088001935,35.85150294263351,0.9222334482586417,248.24955473275622
14.091351379640734,58.61516141137881,0.7349147402716372,857.8508651261252
30.161916720413462,7.843060713087104,0.70689012241209,124.94161943427446
1.2684479304348293,58.765478853035596,0.7642277053633686,725.311512098588
0.0,21.715937931043285,0.93194842798815,317.2531009457743
0.0,46.884991660994245,0.7774696532987482,537.4738884033851
7.215499049001486,46.992973386837505,0.8167289997470247,96.41501532356327
23.007459046210307,18.8561971037827,0.7749872366618786,432.7472280267654
22.746748455094185,8.60355126118922,0.8964821175093779,866.4929697715758
39.61462637355994,24.73247388927296,0.8834817443628812,758.4735818476514
33.041477510613625,24.769312444480626,0.7644755539013034,564.9039405709711
15.518943982371438,35.01031811940698,0.7797139142389456,872.9208990161604
12.07864591645324,9.297901377627474,0.9187698754922282,140.8144489816329
16.6677345988759,8.085023047606054,0.8749286706881529,323.04069614209845
1.2483603613309149,8.739074790611726,0.7349008061394886,112.39094187040183
37.44606766942434,22.132370282073605,0.8238201202339305,986.6191847754066
0.9866791403980237,12.227040145967685,0.946313672829836,70.02169132295532
15.514116682450124,29.55192261977104,0.8769208215452895,536.7585721383552
15.862588115997761,7.399742353672226,0.9036178984727158,663.6420172888194
8.575244698443976,13.847959955940688,0.9032692250075675,874.4175727944934
34.17573235621336,22.267289752447212,0.7258528022331366,179.63969173546718
5.455351491451418,45.43045570351906,0.7320450008379129,690.4583225295264
7.370783917283328,33.844391122158015,0.9325824916476908,238.78182270089766
4.621401446559204,29.884344371059065,0.943934399308622,354.8611093847168
14.993580534873475,57.777308159118235,0.8569894689868824,856.0743691041365
19.39551416396742,29.528980170052257,0.9261946016014385,981.986258028334
22.099583038210632,59.28085596617663,0.8751456523623116,284.0288769948361
3.879176562759917,55.8279295569908,0.7774639172554393,382.54148158997634
26.200842508126296,42.96121132055664,0.845632095620313,512.6662293968233
20.6138888383708,20.22789827467306,0.9130386893282912,230.22829170414892
36.516874518592296,51.02305553405666,0.8474311076726686,938.6904347888842
27.134947545933432,22.237149934322467,0.8200145409108526,666.3025193774138
11.623720262152183,9.373084503670373,0.8570878753701491,561.8057514205365
27.811665145384726,37.89380091365582,0.7337598118104001,932.5552085293448
19.383524689621453,39.316616689757055,0.7405514759879461,221.0929622478085
25.47473047408553,48.452748507269625,0.8553178543863938,391.00623423386685
0.0,6.013297816455778,0.8777179218058992,141.93813667236049
7.558818967496622,8.509626212200766,0.9061592291783542,122.98067219828323
33.81701489798378,31.471973029898727,0.7076877655818925,956.9078311497403
12.582747456744402,56.209186767024924,0.8756537405545495,379.6972474712934
12.771482914241298,39.72555959294444,0.877908033699103,723.1583444902884
1.3911340120394964,17.08920167832036,0.8966010556255958,220.85857809741157
30.634400305761165,14.916059908149956,0.7650716015569887,948.2633825271247
8.080508159038448,12.81998337834995,0.7304884837700143,694.3670147431253
24.895229941633435,50.92661108252401,0.8199540345702245,877.7304646791428
35.281577291565895,14.732306139815087,0.885638165993583,325.52889222317776
21.445493669183644,21.14963679477576,0.7750740508452435,527.8210895988391
19.060069509717483,40.63158890430706,0.9331546835027618,73.38460844489532
18.2636237901615,18.22417658318188,0.7438056479684598,895.5485786496445
31.248687762209233,19.394012060059133,0.9408975460985205,677.3156253379601
23.27966675389056,57.55794805907286,0.7361807306970236,625.4052473348319
6.820994206531373,43.38558943748419,0.8734265302980596,797.8362534708119
4.567542947610503,33.15641851567896,0.7866999500635266,886.2798450094759
0.0,40.828460662267375,0.708545207601515,298.3181493768699
3.93780944745445,9.000860523034502,0.7682323212619013,681.2730563498872
18.567536784398076,58.82630443642733,0.9453699163433718,651.2634453631755
28.20631222999546,35.200675357212724,0.8861480590774449,706.8079273721618
36.886323031113434,42.12305599649957,0.8657452436552898,516.0082170162652
17.686418429435935,55.27604519596573,0.9360826803324682,498.9611694045256
23.874063748243795,6.12495671717298,0.8202373549037529,730.2954824862012
32.2008451675556,9.165195326530315,0.7730649804667871,83.80517365076318
38.7857508457712,5.40500637090609,0.8185171355829436,765.3403926635841
3.90589792187022,44.482099737244106,0.8131487794852341,919.1428247390866
27.889170060224814,35.393714492586,0.8819683297582432,551.7314295734046
21.518979447362852,12.084744057911022,0.8739893719589507,368.25758807978383
33.45963738617314,20.653470363084523,0.8053720587647877,540.4156131547376
15.311109962862135,27.07094829084064,0.8341501100995765,173.31081012352993
28.863442311793598,37.58734802228074,0.7117039260604892,495.1960304753462
3.2006628120523697,28.588659365551294,0.8663025390670656,730.1468695755998
4.068934944470179,24.956806252725027,0.7573206227876563,914.8350104977604
6.1255563584709645,44.51594779409396,0.7690047898683444,917.1626837898344
17.11666408580792,54.956143696654586,0.933941907761352,307.7379384129688
0.0,22.46190576738717,0.7531067225730257,751.4056039430094
20.925061133639243,10.199118983269283,0.8339080322256957,715.9606018795383
23.52264048601507,8.346127203520412,0.8606076706917645,463.4165021056056
6.937482127273275,9.31621817872931,0.8079997149676176,58.605159531970976
21.24026628636339,28.218621727780157,0.9486222969171707,996.1696343587514
28.272701701198898,48.682706203891506,0.7160736896213173,332.1409187332921
7.1549892519094564,7.059010742618289,0.9045071832151036,317.5448050068135
33.50627264923336,7.6176801641545175,0.7574877230775964,161.56702417557972
4.2729145372798065,35.437932315999305,0.7405676515686817,300.9992991239792
18.211746349790044,10.90130347671916,0.8850397995889696,901.9541974547753
8.127650050782416,34.04945157678387,0.7980622372387993,621.9725972201246
26.557019575243835,32.25449410030367,0.8467931464071798,455.02341978660803
19.162185946229144,13.670968218778901,0.7033586690938005,290.19021716780253
2.3510865873759452,42.42597156013397,0.8678819234929711,863.7610074942402
6.262918428349444,37.52672232598558,0.8115981613786123,281.4943292384833
22.78015521034389,24.074968052736264,0.8694418958757107,63.891949408770934
9.72052675476399,41.23677160839743,0.7093223595527549,585.1833363705479
8.286684331819345,47.443532316112105,0.7222771528630062,404.0135653890192
35.52575663762644,53.06119583302289,0.8608897339096655,118.90999308127275
19.63985737125783,40.75306563757629,0.9278686753339435,350.86288666513394
31.879856364807583,40.40237250228058,0.8154016430421385,724.5961946391609
28.540611793871772,37.36975981224176,0.7022580740870793,428.0844451655337
36.22412727813179,55.94208708034472,0.7458362750158334,145.5818168563044
18.29354848060549,32.66190537814308,0.8121684527359934,591.8436583026771
31.2493939837865,44.49543780725624,0.9411426033616687,654.2791039812957
14.033530454553029,49.35749700671239,0.7174802787069117,663.4163736929008
6.35007634886273,44.118194858656196,0.888937827915265,419.32880394862076
39.30597173214627,14.701978842140186,0.8400962481098674,614.5285592937473
28.7765956252056,7.286737468958813,0.8831869987086223,769.6431850731918
1.6818020838940533,56.07110552280927,0.8346447811278814,395.81893403768214
30.777283549191935,48.12014467969633,0.7352107956970214,689.9696458802462
16.874895544707005,11.272131293269478,0.7729273820295728,159.44149101096895
27.519700409558734,57.614062502228364,0.863843456987204,122.25878848147794
3.5860293132393815,5.280051727331239,0.9007973313309906,522.7893511869725
25.840078915691755,45.94106368722977,0.9221198081235402,943.7629321386628
28.467082872980846,22.175013005412385,0.9346420943897774,134.56863907369848
0.0,57.540238493307086,0.8996067072929524,591.963744264743
38.26092434272577,9.950850337256973,0.8289342028100499,403.3175094282242
32.40272854500753,28.519774799755986,0.8573933733487273,290.3784773010027
37.70818138128463,55.16204204345537,0.706847818591024,548.0759207741916
36.40756839312131,35.79487514708872,0.7517981810878521,93.23732995078217
35.29088506380973,14.128390782696775,0.9329822111483368,821.1988117706794
37.371332313996454,25.732394507941233,0.871849973258573,635.4017198060299
27.888540008922025,24.490264675995796,0.7366872688386886,753.0112765836577
12.696908360661006,7.614146331323529,0.7726736097325366,153.10562378240635
6.216092067825072,22.074956025320258,0.9181623121642175,412.77350873017406
37.11787316916113,28.852242935526753,0.787767949082566,360.79095844117444
0.0,57.86897520981393,0.8995105828088822,269.51960114998565
33.049107649858335,55.666111636839986,0.9410373106802757,647.1483599585368
28.02398808102743,39.07430689017938,0.935596328939908,532.8531996789466
15.24063172355857,55.9167333246023,0.9270311491785118,742.8247959233498
1.9793846839806732,39.475857156252665,0.915137845720603,74.55466775295122
22.611892761493138,23.4357857427603,0.7243065952873061,381.0136067382673
0.0,19.9772444987637,0.819586904761787,725.1104013291201
2.778044156926061,36.26337942392624,0.7827896570102477,785.5793146640117
28.642892584017588,57.80160709252246,0.8745506120530014,946.7135453360925
3.4266087128667784,49.85067847154583,0.811684023616675,694.4084110744968
33.55890728197878,31.0632340261764,0.7535090470531518,571.4886216302195
0.0,58.02650320961328,0.832233139240451,261.6677459515498
0.0,5.806651742686154,0.7168710435035384,68.82199340933461
38.67254690235868,9.586979653178666,0.8355109317103921,741.3572092472675
35.50394931824701,26.409925421092446,0.9433370493316025,920.9503192849596
38.30355642680504,24.975548085992997,0.8477259759196477,487.4536870866832
19.858643615892852,53.82125332577277,0.8325002512698696,91.89517562183798
6.531139591641198,37.47292208440616,0.8861209119992108,192.91476389908198
35.80367110933858,23.706202757033164,0.7021226197320524,399.08004894070746
21.29803108169962,5.849101634203113,0.8031730193684832,426.09571411537365
39.060096911186214,7.643642377868725,0.7384308251812085,631.5937662384309
0.0,59.29105637432743,0.8067204158435489,286.48380704337467
38.93848199625079,27.765368448847827,0.892917019601256,92.18332706869695
36.82618261475599,14.108683811864523,0.742546925316565,326.7652730241546
23.23804040467011,46.380831838432634,0.9105911514461235,916.6189178766531
0.0,32.71419115156856,0.7649421490569224,621.1989514378714
39.58555847195615,24.055912140170243,0.9422322867805166,470.9471421370375
2.327471327340993,58.469521625671746,0.8238237000741294,409.1195548805315
29.00170010547108,5.085676996403603,0.7967868917968053,202.34181557346687
32.196993531590884,30.07178279310141,0.7371400217333767,129.2203901632456
13.844149243869351,14.464989661379139,0.7717808396396761,228.34662164600405
20.980336686870416,6.446308772030292,0.8860152429368555,836.1945505169726
1.390725459369067,43.527241471802235,0.8682571305627519,785.029064891085
24.896968482925853,5.099904483262036,0.7620873165671823,413.2400387512049
21.78358698855571,40.86137326371046,0.8103171233429081,305.1023247624977
13.304384587589231,40.68808037596153,0.7177471733216279,653.4247278166696
9.110384069539355,54.19783114492002,0.7660643110280498,133.9912583104706
35.07115097280214,9.18527502745726,0.8142812970703991,537.5568449777954
22.96114500412566,24.97249967058457,0.7272939574257125,324.464985541111
6.984587904108591,8.287148961958938,0.7704887565303598,181.7560795894928
28.85837137948162,26.038020524549673,0.9350825787446793,977.2357942390036
25.316711130073017,18.73474278569308,0.7789876992698674,141.84222799271083
4.605223495445582,6.856610218747782,0.8639705666498336,944.1871448792505
24.395897978708774,14.866245924713343,0.7241899539470311,202.60984834846863
24.76229668355488,6.2905316360830845,0.7321556544715678,846.1673389086833
29.690152870633636,33.86948035535904,0.7665270460945881,289.7275219367067
25.536973332424413,45.136545435722404,0.811738926635321,79.76814441804524
10.027526223750437,45.74089438080514,0.8604167861855676,740.1265624518871
22.828263176681357,48.02074547781709,0.9442264861647987,747.0425631243301
4.0507802197511,25.338412424851082,0.8317965928146006,934.204422983165
29.566108300912394,50.55596437736001,0.7531206375814824,770.7483573587938
0.0,8.681253442220267,0.8312371247584088,587.0182468253095
0.0,36.75846550287428,0.8985285309024695,271.8361149868216
20.142398439994462,14.077530230424625,0.8013492309312965,628.3944544669047
39.84569157000032,22.284829458953794,0.7989428453311278,761.6827684865941
12.405422463995253,6.43263021732713,0.769207846526493,482.75886718256334
21.478217455540957,33.03540152748676,0.8265831698070184,970.3281300108881
0.0,37.80181117736945,0.8688748788995773,244.18255195770246
1.5830018591146418,25.939854125783132,0.7431658181348322,145.8025462154303
39.20492927873805,10.443558600693226,0.9022841283747398,844.0645710530907
0.8578663478848675,21.44447175034324,0.7104251659132137,179.09908689595738
0.0,16.35622116430858,0.9492781223732372,506.6355126236409
36.03696623256593,40.33144822211105,0.7690687695223875,643.8695522419711
19.516238332920498,44.5589900096565,0.7989267696477849,824.0491819531875
15.140184018392896,45.10598724492166,0.8494156816637023,207.27522192620228
0.0,8.27912086644336,0.7289506917333283,936.8906678540123
21.4626771975673,59.418539889367,0.805527648771314,798.6474371432364
30.054093068406154,20.674031593158965,0.8188695604407272,635.3216966004843
12.687264078987502,36.81070431842778,0.7035121194441551,544.8022141613857
9.503898580132011,15.56581373010071,0.9465569089543002,773.2075046059103
3.563227707781653,37.02956864157701,0.8443927012260724,104.53768745362247
5.817959271138233,41.67566779494432,0.822471447321139,295.27353986807236
23.930440384536585,57.550687710348356,0.7335518618051098,546.4948734640069
17.589556271602657,25.25693140672741,0.7208434645185697,395.2093382449095
30.848537304184728,40.87583701316813,0.8209322964074315,851.7881642193672
11.344537277202335,51.60789053399619,0.876853725924687,639.6186588984908
35.959045267449284,44.45497258208714,0.8330072504025428,254.1784877762703
31.496306853155016,5.650440966707577,0.7397163425991216,492.12805816196004
27.656345723794896,11.751366281595613,0.7270928498783279,574.2473878680765
11.230880160397538,7.86658640009943,0.8245010290564516,56.41036508700033
6.175407164555275,48.826354030263204,0.7956136800407219,356.4516861059228
15.488356634220896,16.703113877220606,0.7822300809816234,722.8692945341762
32.550163371056286,31.013819864207555,0.8018937646324458,358.9262627113181
20.60911066011615,36.989886143384915,0.7575108637589216,613.4421679580181
31.815846553452364,10.602706805245544,0.7979997693077848,763.3221619695644
28.998518481046442,6.071646066875058,0.7222482344827021,673.3376533701979
3.8739440774095533,7.185655603455382,0.832933119037125,403.14024427558974
15.572519340930658,12.554077563078499,0.9374102580773416,480.98189053481184
20.913977126602276,21.05181242247104,0.7135985603861549,842.8844430005664
8.729747589456965,39.88696190936271,0.8946058862157577,802.0535963695078
21.771845516162738,48.68117592623237,0.9245318822663544,695.0246962061474
17.934941658517292,59.758177748149606,0.776537104684253,444.21724284268817
23.987560790359954,39.67505877047041,0.847253756361328,685.053753603438
4.9649123227251915,35.93177236404111,0.934299416069267,99.86558886678051
27.629787243129375,34.93639888705225,0.714689252741515,393.2778991501107
14.6765783209414,48.43521663642462,0.8576498176563994,620.1079463177748
1.934794037568136,10.478606860570217,0.8656933407623068,630.4766862330358
28.753837991073933,19.76327478623803,0.7178518223887899,990.9602714434375
30.055292516692482,18.59894035517722,0.7239656987048851,602.132091389991
19.809764633582134,51.45357167295214,0.7751786582445533,744.3749691064475
19.09367272034683,18.367748235823854,0.8902537244282199,554.7444371037554
26.103271136941604,57.8513387466382,0.8703780223823783,634.573303384438
19.907598811242853,12.417411325542684,0.78096851621949,361.9441772177433
7.272876292704806,26.002216275780622,0.8584477490121836,664.468608181475
34.73951582055419,33.56496156731862,0.8789892410320148,312.0695750820716
23.97920932222391,11.974189196590856,0.8950522885309289,699.0765395862804
1.6695966841378282,45.120240291651974,0.7030288186131511,756.4816914388864
0.0,6.395506473450333,0.7138682543233418,949.4326723724183
4.631987233729989,44.9655402606369,0.8185435545588539,526.0790901570515
23.144948403632092,34.42311547330394,0.8996752383798479,792.2204517574371
30.933669557030818,12.908333909053429,0.934233447758627,879.858471155985
13.041678858835681,39.59738631301313,0.705073037743255,443.2389644648617
10.045267847216593,13.556740069992518,0.7345063432075973,999.3380470009894
11.680690261043507,5.395742377880993,0.8915740237888847,743.8744479930837
16.56512113115073,29.338577500682565,0.7730824657778006,384.37197567680016
22.05093528653653,39.83107874748574,0.7928179133249768,517.9254992927428
7.102113009109718,14.227608393647543,0.9388843859122157,135.64256196592171
0.0,45.32227865853122,0.8483224829571973,785.7772338314381
17.782380619353486,22.33011165403411,0.8972117032742433,567.2843544288828
14.508111414813218,56.22305683269162,0.9333554404325765,358.66932686275925
34.981168761364536,33.404741254752054,0.7231226258830572,640.3203490516719
28.623491184286433,9.514538307891664,0.8540455929304144,575.1293463448186
5.804780284853877,39.783523392362355,0.8981868186195274,573.3115216544783
9.583136545769205,23.25338314368741,0.7135325752478076,119.34014593891715
17.456513635816236,29.497339326067607,0.8717376723190609,752.3500300671768
17.409490812319678,53.68966749367996,0.7706701822449855,652.2636249724646
28.528715130394495,24.573787706811995,0.9042914948488263,889.5183803442726
35.52804687378043,37.604999289404645,0.8079796505383141,276.20220993890587
34.65622795129329,43.757792413190856,0.7544995455516266,824.7913078519689
16.70537801334226,6.261643334612041,0.8401173799780238,926.7009860418293
26.524237868456176,17.995235108326295,0.7077732955193395,451.93690144917775
21.167690517279347,38.13168019032845,0.8362861352620736,766.0240364851848
14.782605854427638,50.995168432831576,0.9346012468972271,460.88312358497876
23.437189568228874,14.453219737039674,0.8816991303271962,798.1826066820925
17.74563934427904,58.98274044347406,0.7308217096065162,911.1081812842576
11.518417409890382,25.626983974490376,0.8389759009694253,819.1245108158026
25.715907696650692,27.65844922929038,0.8535821975970761,548.3380604349564
23.814514789746905,5.907393511816104,0.8195927521067212,724.9897007463451
31.273777495791876,24.496571204691946,0.7144204592899788,880.2983317789447
13.418731897432808,35.68640112513046,0.8223971600970064,967.6358126862376
36.651886520480865,46.488186070564154,0.8338650166437861,490.37148018807954
23.517017959265456,37.71267242818469,0.9374387728950228,933.5899031096715
28.85409281685163,42.49585791358238,0.8908667395753309,75.56615716779777
23.183372342154016,14.847208172085383,0.8558157455809681,460.97721306508765
20.793860301037427,19.79132810449277,0.7127812799352415,916.0614178595594
19.86038266606451,11.545956018330457,0.7342154779448808,125.14622935746637
35.41257341652655,51.223791630842285,0.9363351538354105,203.01672662777258
1.9323297043015384,18.425571836020772,0.8276576318776923,379.4449119776942
28.25072898729829,50.61816737873031,0.8692082101577033,975.9967419801616
29.793904950861616,42.25680794003488,0.8319589836331271,715.3064860961919
9.401836922085483,43.006939737175045,0.7023852314140808,714.6381742094626
21.648513239324323,17.74858522304772,0.7226373241833839,699.91926973461
10.151125741796285,13.14928211683689,0.7426199621465972,901.5022418237921
30.3654752484347,31.841360238629267,0.9414305070158036,470.77238996236844
0.0,56.78714107309482,0.751634873724677,465.0293412644755
10.262953334049078,42.300068275471475,0.9364267729031949,714.6612785943028
35.76211675122187,58.405501204055916,0.8860190596814594,700.1292053059929
22.41431569608603,46.974256413150044,0.9493755579334467,63.679943991245835
38.687679598497816,17.1640461235802,0.8664082698325658,491.1572480629102
22.606665429521478,7.974319025131809,0.833027710811997,369.963332843088
13.976339218628723,54.637867692774535,0.7335700924475497,812.7926613048917
9.635581725987747,21.039948094570732,0.9486974504644319,550.7098555177809
0.0,26.053453757886636,0.7372642931271446,190.61390843581424
20.573001464098002,12.191621429956646,0.7435555198983657,408.0894791956516
2.8947153224625013,37.970679612587624,0.7190007409465958,207.043553203367
25.569828963107543,38.00542577798447,0.8022995546209667,252.75348175079023
6.506266916685644,12.960289649743173,0.8834192447692764,545.7984399596885
6.623215360313758,58.83444800606002,0.874818830508899,953.4201885044581
24.093688507092942,48.03641825371148,0.7236139564022063,958.894308956225
6.63225389672254,55.85142531254387,0.7611735329549885,478.29853891172263
0.0,24.889135311150657,0.7140369815965641,93.08467118117122
7.634909471964089,22.13954424197804,0.8701062304642662,786.1995322603544
5.69975550033645,7.760124435064296,0.8516871936075271,134.22409222274086
33.68281103233709,46.191093514671294,0.8576450735611715,240.24408193639124
0.0,56.28139001955197,0.8598474094174908,136.22277447650885
28.453948762240252,56.39492537817191,0.7295783799933047,692.163642480101
10.95090466495811,40.80749123785741,0.9004087221257611,906.5436692204611
0.0,39.78268005854382,0.8852922436464344,381.7068010704454
21.44237412619116,11.740806605312292,0.9281057666199453,399.18942556744685
0.0,18.68535628004351,0.8724661373773943,279.23221333748023
36.697636001805584,39.387867928021805,0.8396503547305523,456.83209271758767
39.204035493435114,52.24153584119751,0.821104671539655,418.3859988418951
36.8075009499955,56.08565933623228,0.8922970053352166,927.0256662308747
3.671569102855481,17.18147028125757,0.7516301379123642,537.2013629204528
1.3262206712774325,50.870467090075444,0.7140428668986056,638.8804261064516
2.9910020171180136,58.47860292172292,0.7646267939830812,425.8555702144264
24.304641947206992,28.032958568862412,0.9439923383006243,909.4297538688156
34.17430581418309,45.397152924668546,0.7097327897432152,142.27464073896448
30.25491818383444,16.919576015823452,0.9218377501789385,629.8972759159246
23.756976773545087,9.050946192339051,0.742172387356781,751.3978694282127
32.87484136815949,23.37214280561992,0.8214667461095322,690.7630967819433
19.043078222182814,53.24337095080608,0.9406816146267756,340.5614431806989
30.628855207822014,41.39115183187546,0.7373075103623444,438.1515819495319
8.745150442649479,37.89154807656132,0.9356795992775403,965.7470393004545
17.438833852181837,27.698660830701428,0.8388328614346908,511.0087487037823
7.327185802830921,20.16245614883274,0.7951421084065377,427.03320702101524
24.124330759495848,50.40893567951011,0.7490083517081549,920.4468092909892
20.011196630105538,51.88135793187802,0.7692714021225717,608.7300348149787
26.58661789637378,12.303234687522217,0.728125753927766,117.35362950367158
35.60543209265305,44.79216135725305,0.81577753265153,221.3861029889283
39.99291898732206,54.09529697089925,0.8390467828612345,682.3910756813403
29.764222003404814,19.381673009280664,0.769362852353976,653.5109461825442
35.92238286441332,59.77866978154972,0.7541025403842565,115.87289591280907
9.906922409341934,45.92183857045762,0.868304795367277,622.7724806804207
35.55245298342935,35.83412083027503,0.9453077263428274,358.546468856231
20.592123264378316,42.86763839041085,0.8846222889908297,359.7085457219206
20.063311309125396,40.2455671676103,0.8814232776696358,566.7340732911631
1.1586266600419497,16.972695597162748,0.8975670663087534,987.5315299009209
37.36617316117359,15.872028135378175,0.882295739457128,442.3898735835385
0.0,57.77931083286061,0.9015589248209188,355.51586541957147
38.82961224050191,17.472889501343193,0.7685737259003173,809.425545804573
7.663982589649697,43.15707699690611,0.8461272580298883,343.5473350431665
0.0,16.343495249541025,0.8520796198178636,46.317106684686316
17.14762614271331,9.990868644529732,0.7261456168866408,91.97162487783484
27.141507186067287,17.760542153333695,0.9413425468596399,645.8332871311511
17.343130908803875,5.752905474940096,0.7401762629132812,862.7583090475331
0.5869736596436091,47.61893230998886,0.9380287840033803,55.09329126612364
39.952994750707845,46.421445329268224,0.7511275141719598,399.77365317266947
30.37315386117424,16.80193943219195,0.8075222477976485,989.8640802883191
23.082527165207537,33.12973653998341,0.8845111271081366,242.34222248526623
8.181274995080756,17.992496590540675,0.7771623080256141,503.0108001165001
31.36422673198278,49.77925731576661,0.7297901516980446,906.4075750125154
12.619236595605987,37.63461034184644,0.751137528188797,265.2474428182642
4.753463198151747,55.49681141926932,0.7118831998636597,357.66057980817317
36.93963879465695,6.461434223460056,0.7027106458227816,777.6464349129114
11.75641232329878,47.81775643329253,0.8398863581499788,329.44775161860736
1.6381366742526136,12.272198160847912,0.9153950638452328,388.3436548841239
37.60438855721636,11.504093172703445,0.8360724812583741,904.5853178116092
37.122739542926894,36.919648866719925,0.8092334650540847,77.99710476663759
4.360627357596707,54.99738778644207,0.8969103945739372,492.254834702194
23.73689335503249,45.43412732090049,0.9231138400874632,50.09395283279513
33.24170663103815,53.25269136201919,0.7419857883130802,763.1778537060453
0.0,34.52501053777851,0.7258654382796197,686.4913583616245
6.837387633904562,11.845178541845776,0.7654143416422756,717.9354894394858
16.885649766189015,35.06319410341326,0.7194592516965239,137.82074430314697
27.277589300707323,41.559056264405044,0.7666676552458049,859.9976204796551
0.0,41.4663896252738,0.9458255922076912,784.0223325629913
34.419842834440274,53.44508189641394,0.8499927074057639,248.81857171766072
18.743908035042356,35.843695462961605,0.7824165770805923,549.2741599179312
16.318884539216363,48.18158015473139,0.7516424653200651,753.0677018940464
39.93132476681242,42.45246234577879,0.8037806034540994,440.43938917299283
22.02404154255301,42.08302321769903,0.8144327205560941,343.09311601360696
25.05281973719587,28.08126687760415,0.7758699727771978,247.88775327000806
8.645520248043558,52.257068332644906,0.8112916814316067,500.6609011338077
37.04547419534207,44.0274288401855,0.8019754763680359,604.5322509009877
36.698882136611076,43.28817150482733,0.7686500914802331,188.94823962401517
6.439650976862628,36.61119601452589,0.770552493254211,517.5686710090841
3.787207378720203,15.805024057102235,0.8684231632233821,822.793484331189
8.457557255656107,7.3895389763869055,0.755236489123983,634.5326838437805
8.09082508061433,11.684459044626285,0.7139519639005691,443.0575626224151
32.806649575171555,7.947307271400962,0.9339667207161981,716.9968402151493
38.87256913897086,43.01623672954025,0.7714885772164845,126.68814429761358
31.503451580849404,46.84982794655137,0.9492330998543923,265.38419661582105
15.435247784768938,39.854996915033716,0.7193549489562863,807.6502017073462
30.095949448208536,40.80726330683879,0.9312494052144895,390.1456922908098
13.93406378992221,48.53099348725796,0.8896439412695143,919.575960087442
3.6036143984126277,19.019716426174398,0.7865276370709651,396.22602112695466
11.370601330597442,12.37711054513922,0.7227347260690324,231.85527793072114
14.64544536751526,20.0610889138077,0.7072077399806156,676.9856540531359
16.123325628326448,38.72709626894687,0.7254483290869818,291.74171421135264
3.5743228747813367,50.28921963219113,0.8886375763039255,646.6290413300255
25.890789598275823,44.2415532823104,0.8014424678077551,443.3275273251138
16.94958253564006,52.049410318639424,0.7167672638896787,774.0858894110919
35.48755742592836,29.318744836953844,0.7313712110108918,511.0848179824177
7.996465494386497,12.265431226704223,0.7857442625049366,828.3807285728341
16.787613316470843,50.791208115465665,0.7759971228406664,254.10945398717774
7.010034724861528,24.44874122316407,0.9393551143294692,654.6699033753075
34.59623252140443,46.20830513587334,0.9152167141316545,689.4360953068116
21.436573019728733,50.76595855330146,0.806334910929619,234.9995569949828
27.338417753109223,38.93000397090499,0.7818523373065343,484.066005255014
6.7881457667329785,26.645580526015674,0.7996063202856439,337.1124834580762
32.104109587742315,6.787502662681063,0.9213289853324989,767.0350277933837
0.0,47.73899493426036,0.805101065150345,731.715247904847
30.224197239456885,44.68294068075019,0.9483503727580678,472.97062698344655
5.944778589433735,27.36472860484284,0.8465650484231069,145.30379986153724
35.68232518677295,34.1301804469572,0.8291536371012955,978.942674544435
22.691385107794016,26.74470835260767,0.7908754585310354,803.8304300394151
34.9946237425952,21.744443772753595,0.8428051135895818,880.7328200700208
28.446290999365733,19.629526587917056,0.8392691182464007,968.2487437509523
20.00618410996431,15.522196223071438,0.7717333199181453,273.3458927892528
0.8173662098137014,29.378534411069392,0.8283288706018366,633.8838207487826
22.040354364376302,21.6930872024124,0.7074192286866197,312.335407099763
31.661054472199226,57.30536018543502,0.7026769127442976,201.54509346588685
37.98469034164051,27.51375708404649,0.8622655867541869,548.3922681771376
36.9239844698451,7.61996039218516,0.8979723434465285,366.9112068143089
14.863559430899572,21.5430929469792,0.7679744014422212,839.2324443573568
6.742034438425215,52.507019656898024,0.8486305523163447,396.9636834593884
15.607091130434606,47.83779000472512,0.9284236389542291,274.9993405814994
10.738425747923122,18.514136796331467,0.8342516493755977,749.9821637390036
0.0,55.17367587547913,0.7886014486075172,83.39511940712686
18.267035964055697,14.619382592602818,0.7897977772210458,994.917860042028
26.37410622500714,40.74710375148871,0.7393704834227562,151.56164481721163
26.507947194907157,13.339467158315527,0.7994184837139798,206.07076959300184
17.85561748326529,12.177689505504405,0.7655720177780514,714.7371949442659
15.28653402983557,14.641564448199214,0.7009241009561966,843.0791000107059
7.126165222639394,25.5844341995991,0.7139212204647216,860.4492125203961
9.600774639541388,40.597901210728274,0.8343050244427483,226.67573321613645
0.510333312078003,26.718387779901935,0.8613137381588145,989.4481762859585
7.74174012134109,21.115599273193325,0.8429616518404267,597.0585059226438
30.88170983939238,44.71547965053034,0.8339692824075532,690.5261954203726
21.684804679277132,43.7015909030082,0.7672431398141474,647.1531082645994
8.266314276671512,32.62010521593878,0.823608384103812,885.1949019198493
18.859552458017674,51.15491729386103,0.703873210349945,767.5469134985135
33.61962477301228,54.81275579182643,0.869570393228081,518.8754539019707
39.39818052653921,14.947952170993963,0.7834113818566297,535.2075275725545
8.082892957197192,58.861714052643514,0.7452539054809224,724.7293560287113
0.0,24.374603535105123,0.9321035952107339,267.14275463066826
7.490394086479042,39.96240824985466,0.9248658733832422,753.1052199076308
36.37849260007186,15.770943427771808,0.8651841769169328,375.08887443982667
38.06074840098733,15.223824134559475,0.7620720162837787,141.6021601249585
33.94633713418832,44.06584761243952,0.7330925922854544,510.54800667919693
6.337098742548748,15.047745076441931,0.9160759506093967,398.1939872112605
15.217142765516014,11.61970115257511,0.9084944257913118,729.1724901942216
3.801604400959435,39.96652240266419,0.9420954524185984,349.33826064347903
14.41469062590457,14.099001220672385,0.8172678262770591,832.8050569246465
29.041358561974686,44.557277226764015,0.8711046022083077,55.2573532095947
4.753176123095745,30.191666877672212,0.8522354597302817,572.424102765319
39.035404042599076,34.9187898813304,0.8003752596736765,485.19871535260074
12.14638624149673,34.856655012213054,0.9400006525365943,847.22165321554
0.0,19.387327500931413,0.774650931708299,784.6243793953436
8.80062919490758,28.225537143013426,0.865212005645404,718.0333798403323
9.738415789707913,59.64835552352712,0.8050358504557998,924.0490386511913
22.438603322197384,24.81740628372557,0.8978785310301619,888.0679666734843
6.24559066183351,32.963691685487774,0.8684436719881279,293.9850390698458
10.840617862299478,37.870159026983224,0.8410247140031505,624.9619699423786
26.3915697497673,46.8555039032604,0.8069379400747797,279.28760819604935
18.72863827232667,43.42960233462128,0.8942727619324442,616.8482334047183
16.467605980186796,48.96061508814447,0.8693538974112509,583.4914292037569
38.621354394063836,6.200658385093889,0.8897631022871084,703.6171242142931
18.32016653449687,21.04964060511186,0.7978688031055748,220.2809496316624
7.068240387528205,31.26909257213773,0.8283017690371896,887.859041284098
20.19204072699602,49.6460033666628,0.9424743556066263,67.20856610368386
8.983903866246244,38.813729910784495,0.9406868430982664,665.6709701006524
24.343456127157324,28.03056906786406,0.8342859162019682,666.5075962703831
38.85239993922381,33.14255795947275,0.7672851087372695,154.28702531234472
20.372611976689793,35.814912202863766,0.8958884214985087,713.142212223364
32.76157120333668,52.73053351016637,0.855595471972834,718.2275515603598
7.118056034999977,34.08303969194778,0.704038177341666,275.99267094799507
23.30099083138947,26.04401513842997,0.8996804571389735,628.6557399496878
17.45150755625194,16.004367072856116,0.7833963099519099,732.346629742106
23.648867842397916,47.209339557535905,0.887750348367025,70.73383468472403
34.00964899975204,47.401792125065455,0.7407428299902408,781.2221371338769
24.717244531448017,35.73920661675769,0.7549735047528499,623.6144771923947
7.613623879467231,7.642055772743948,0.9446748024269278,966.1440060851796
6.8817681478616475,15.415092525379826,0.844714134346898,242.66643605815892
18.72799377276101,41.840070562357276,0.8667175149272519,342.1349137893115
35.41030512798159,6.543733568438848,0.8236223058783083,292.9966728645244
26.05042815828633,53.508416780071244,0.7295726724105795,858.3945485608849
39.67821017128747,55.366672890560864,0.7582291057291928,543.0023709815598
2.6766278631043843,8.502726151536095,0.8471969502437654,953.1047811347325
1.4256834809276557,37.003306134863486,0.7678418959054818,618.7862929734985
34.65781847205719,24.11341071934423,0.7030179058562233,63.8930813633441
0.0,46.06181867781694,0.8450485826672106,693.2452120788706
17.11502993811121,54.31087117281809,0.7668897871539054,324.5716641711113
33.18390557415939,57.56124419857163,0.89031240455133,336.9700262807131
26.23315960174073,29.852549510343053,0.8855743601391622,860.2750710494598
14.210969592107062,43.889369652893926,0.9074943989574301,767.3399031798161
35.196111520617464,16.458765062252922,0.7667571610492061,986.397397019015
2.4568140796807714,34.76537505369,0.7979322321866399,719.892251732315
28.59802587591306,33.09660826040326,0.7654489590625753,208.10940911346228
9.861317799202254,55.87476623695846,0.7755303520646678,474.3930001329356
0.0,34.03735170856825,0.7502220250392422,157.87313868435706
37.808695780867474,18.67885841043671,0.8015138815820793,761.8382310487186
21.214959293747295,41.75658958457412,0.9408584625682841,90.20071463413882
36.01453384812242,23.0855608522224,0.7498281087029217,723.8478107079169
6.108133238134103,15.225568949651647,0.9023633087130868,117.06124573944116
25.010245590526782,47.65379460519296,0.8685964298423547,535.1555935118868
12.32008790097802,8.71678567877053,0.8836508149529494,844.8535490614114
12.322975729229746,20.325912796873663,0.933055092386908,161.64260927101267
0.0,7.841965443896771,0.8697391435021493,75.74078787312044
27.967392390488833,22.58242291342322,0.9071264916875375,845.9216903993337
0.0,41.85343897791031,0.8325380293140593,841.1665820631066
34.405845959450126,28.89237478533171,0.7184443232291293,114.50946218786623
9.556249590001526,15.238881380817533,0.8721059905941418,856.714712925405
28.46221508615431,51.03872217588274,0.8401364821346344,655.1264210235346
7.998552482800786,35.59946635701035,0.7931163767218499,822.0049041898864
21.361706322871775,49.95608616161134,0.9430062952014435,780.89974580929
10.502595318733517,33.36471363812323,0.8877245624573781,656.6767850638591
34.686725580851345,6.671058870255205,0.8778742847449112,94.21158736579355
18.333064597894023,59.09538490695964,0.7210750837487371,123.90808757407018
1.2447313738973924,24.491448451438718,0.7453001810533382,487.3431561964316
29.738388497268243,20.575167381029583,0.7396161357259068,164.89439061985533
25.366247482956993,38.778890226891065,0.9005015324139192,548.4933403832424
13.278069471080844,7.872954071259318,0.7480473917155824,559.9122346737782
24.487199671686312,57.07535668266222,0.941733724103851,511.5706710961318
9.824448858038098,33.971651877128515,0.7321780192381293,561.8964536351461
33.06430041535606,43.68074284752203,0.73402453073572,577.938786463781
6.893750312248904,25.64887002154989,0.7808090735833135,320.16341270412244
20.760639011672072,38.59483279596,0.7112082360154102,899.5046521151864
21.051941426821898,35.608018786116816,0.7963413497604022,642.9137674402896
6.65551275594303,37.04134575957243,0.8753432454556339,947.9665041215229
35.24393804638522,15.870357970549458,0.8238814656670246,431.1824308887259
32.10164521031866,47.351322790588156,0.8589459425974939,687.0652324449586
14.55312685754496,7.107944544064886,0.7085453626951976,639.3631260532597
39.27652846754119,10.86369912749506,0.7171076707186388,274.5130391916268
0.0,41.53158124040607,0.90300647541101,765.6494286571594
34.28676240895933,41.309420323384295,0.7464063706934059,670.9262628336788
15.467269511640213,17.293645797173593,0.932017672759999,44.37874318511746
32.138280155617366,47.090859025335384,0.7245718901019282,311.4004621061896
20.860628874614324,47.16951806557348,0.8109367896571619,271.47640175101157
25.872359116060395,6.822377490612135,0.8303742630126233,199.7132328606233
21.98337506184643,56.776729317829535,0.8098435694047863,809.2060878427814
3.305494950876486,39.063722513739336,0.9214801631330412,217.5681536544148
33.36592631384105,42.13804660220997,0.8290438342658268,475.1823410750758
12.450787251057953,29.148694722873397,0.7346563751681208,556.041738451397
22.538622337207357,13.17118948732228,0.911003920131086,120.95481038626247
10.91869696311287,6.945765575790216,0.9416088737567966,41.661613999284945
38.457345345517204,9.885414230713897,0.7315498763865698,41.33081234757249
2.3635864202586534,56.643352455873426,0.8736485707025131,45.24433346204319
19.596175324319386,16.46441176749012,0.9096730465836343,80.19990355730872
6.496614019885329,52.89094660758666,0.7010195682583913,837.6807637401488
6.705160069029653,18.417212249720286,0.9408131407269682,471.83664223065387
31.24265810155561,10.274661842226493,0.8438206117541098,847.5196617058017
1.4889507534345288,48.24067034903758,0.8581911269372732,402.7351916396124
12.737534775324907,37.880553033505414,0.8733350141864838,489.10993990663417
17.087443578627262,34.19575926240294,0.8957929247212906,57.33433885658812
16.395115510438472,36.88124337070613,0.7231408963050281,818.4494365879701
0.0,31.06529823695103,0.884779883877415,391.17159948275645
36.6582939887808,12.213080850040935,0.769974226641022,578.0091300911597
5.51139308459035,47.63981547791839,0.8160034961383109,888.2139495597571
0.5510845001529461,25.926416141676693,0.8639818139889369,845.5408797678157
16.488482195426563,17.540911131138206,0.738339126312628,947.792260170095
0.0,24.195128946570918,0.9455236525061088,416.57223355851875
12.726607782135316,40.87092887688024,0.8724811039988396,744.0066974160206
34.48466686155372,19.19350396698042,0.8046586122065249,358.22465768386525
0.0,13.756760939851812,0.8845932041009332,712.0060427158363
10.016409852716162,13.228278606187835,0.8397661264226007,473.2596018112742
0.0,12.717923027781351,0.9259234030368855,334.7280304022372
0.0,49.21867032333564,0.9189737270171581,616.9217641588547
12.788592367138405,5.504401522662665,0.9286334979809265,162.68665805696088
27.944788834443806,29.74998016050866,0.8464243305440158,67.64367263533143
0.12760911627772364,13.095492171047022,0.8810321677361646,963.5122314240729
10.413284184128404,40.047275757050905,0.9101035900614363,964.7817265407126
15.901632820426919,59.10268842553894,0.8701007654567878,554.2896075965011
17.39005027858062,22.441129729938886,0.7508617927506192,198.21385078396915
24.486202083698256,58.58152342805796,0.7428154105259411,276.12411692865436
3.3594540485197593,49.18794541793076,0.7899367062652349,404.36192753880897
0.0,28.3535337944496,0.7476972196871069,780.6196774509759
0.0,42.39703059593976,0.8797385176804695,134.4362526912778
35.91151765345283,41.54417645795384,0.8992128078506889,846.2934543607399
9.078802755700082,16.459866200407568,0.7997611780951454,634.2776732571423
7.725245744787352,52.96513645749081,0.7540854665805603,827.0674231205529
31.32092542026121,22.942320662758675,0.8002055430007471,378.49260039442174
0.0,28.40361749816543,0.907648465923748,742.7665692414973
38.218023464997074,28.47948824051875,0.7822595929398262,110.79973520638819
35.52083647883526,35.696876691927706,0.8510214194425805,81.00065900707634
2.9169196149795575,30.520512176479187,0.8405955016533839,650.6348845989622
38.00446770262875,48.71198950643175,0.8412552731677209,164.08523215697497
0.8838465440859631,41.902958752800906,0.8139333471895382,892.6526263423216
3.3072035544224216,41.47843596669345,0.9059860589921509,355.0739990844645
6.288209848389263,10.268284000277637,0.7862589757324454,529.5003072923681
0.6535963637182515,27.3572372088636,0.9233944354416128,455.74517636848384
30.648248563031014,41.72140958671048,0.9198651507064628,75.84475100903728
5.748231010279744,11.76743069215389,0.7257275409980459,701.9189433376866
0.0,24.714278484007753,0.8750795765174613,228.60171844685027
20.66698202805975,18.149767985828984,0.8999041926043932,443.69330212095406
6.386537516051742,13.677429027239521,0.8819000932138457,570.8176596840918
25.116589758991296,59.11316849770485,0.916744809995375,208.182424351165
16.126405825462243,49.48083314820957,0.8958896463263006,696.9164197288458
10.518004469960768,29.4495604764957,0.8507310003176454,931.2379040820174
30.34472103190288,22.078661360767583,0.9306553221455814,338.70818581907656
35.686632796901,45.51638067598521,0.7593603958001027,155.00521995644635
33.019370878472984,48.055084013653094,0.9322701053895691,723.7941784685281
10.562162189564065,11.625850450427919,0.7355711850604234,835.3366472320038
21.430018416078052,13.444703981811935,0.7194053168653136,706.4067102250076
1.8917164569624172,27.289371894031504,0.9422135013419589,931.8929580563049
35.65076419480009,5.4758788380026475,0.7599573204302086,479.2250155227693
0.7798201094695365,50.65617185671119,0.8023576253131834,702.8143797290262
0.0,29.74498797197923,0.8131629841914505,302.78000903090543
33.45995251727011,56.58495918536862,0.7760661960897753,884.8141941030112
8.168164577473243,28.36665685341955,0.8544486140368797,587.9471189786408
18.25558681825496,39.129001939761665,0.8366277050999081,166.45215134143706
9.729692094200864,39.46747313455748,0.929093237196973,689.7400573461857
9.458642292797077,44.607442994094974,0.8249449762745257,733.0688002518476
23.74851117318013,18.990090180000642,0.7262945424186267,462.0254580182841
1.8592235068233443,40.18869554042818,0.9300595269085976,82.30656338856235
31.752966322962376,41.6975634585907,0.7400155861364011,542.7256659904467
27.798976040252445,11.083107993937233,0.8886699128071622,447.9064854228633
18.066716726587575,40.438486743789596,0.7792613074749726,944.0828310791711
31.078145055202818,23.2402994531084,0.7216782036062882,571.5046729940093
20.93470829613666,37.672923796392986,0.8705773077937835,526.5168107770603
15.667848720928953,7.4446119177666485,0.7351906852152063,489.9855801593558
2.904966441683863,57.18982702685356,0.9452518578066328,406.9314182008559
16.765250875377856,13.12329930345888,0.870086632247937,190.98597596766263
2.7299653647835798,33.13298177313746,0.8270975171795959,828.2283499833785
7.351589622930781,20.973298044287016,0.8138607671846142,863.4746427658598
29.507113070655265,33.20199070772818,0.8846958279842438,349.17583675490226
0.0,24.249197149401535,0.8629412321304097,547.2957117984957
39.335217657721444,35.223197023133864,0.8975440749385097,379.87577233420444
33.81107675066758,25.324021619955413,0.9382092943251105,414.0806869345546
33.85369543153488,35.59271495939208,0.8471930866191101,765.0247657170179
16.974413491134406,10.164765958519498,0.8614546623423427,106.31426385483287
20.254887025725562,59.048605096099514,0.9061380958621634,948.647082691687
25.336155434417737,8.472554082614911,0.920331453260194,98.98288934982747
0.8537067529641323,32.793551971031285,0.796427048148928,696.4367492210151
31.367313206191717,38.26456421690899,0.9208054743563459,498.5409618893534
30.396540464860006,41.46596396452712,0.7926273044517369,855.5486859800421
39.639212687647124,8.956990740906022,0.8124644609556199,991.554393121098
0.0,35.93654324676668,0.8546059081486503,949.6380284141745
31.277606415104426,31.709928037771114,0.8042741159067923,851.2139510171312
19.36131201584629,8.389971774820392,0.7229805299244302,932.8551761446034
0.0,58.532658132660806,0.7543948547561458,772.3357700462872
3.822795977800468,36.37774975155175,0.7180175603145749,474.27723834211895
5.596682471276094,58.37722423049624,0.7320866171291947,362.531183920184
38.212990426921785,39.094359926267614,0.8773884234908065,293.2019576941924
8.629617013711083,40.300546545076415,0.9296729853869283,424.0232301055564
0.0,34.841073570326785,0.844778468438612,907.1909010627451
9.85080240640936,42.43594251011401,0.9233946927778387,880.3303645850701
13.839239673748493,32.80151446789736,0.9049701271435402,123.02674211279668
8.153694769498191,59.79467841883345,0.756311476738259,895.2152891677921
10.527044915456825,42.151106450009834,0.8402629061039293,58.06648872641517
0.11017860753731816,5.702779247914826,0.9043480438830617,421.047907206898
39.570361271250945,11.584446626142046,0.8812916061308191,205.82280547805536
29.800896825625568,10.905699515011959,0.7997099810695034,248.40334821029734
7.811145280415293,58.235473399800675,0.9341807431891385,623.2624152104772
39.03541255919979,19.822901655408373,0.7070096439645653,631.5431207862124
9.057085428836885,36.758475436496084,0.7294457356785002,733.0737723482832
15.582908485287845,18.266624961960254,0.8987901508299396,531.7004748780784
25.11870848773662,56.286965950415734,0.7214839733744246,971.2402165960618
19.032572262288856,21.848077374069042,0.8438864609108093,947.1419892639694
13.604759899644487,59.44109653436165,0.7504883341678443,540.3374059086098
27.63868988290901,44.48608104718087,0.8008350801843285,147.16682424659692
0.0,55.60584064389993,0.7817290755238167,964.9162573676216
22.525254297378936,46.18859235059861,0.7566439235674601,297.5468146237653
17.357385049424405,14.32313872211527,0.9145574697553466,589.3950373123505
1.3875443563480923,6.871084803537398,0.9128019358372808,278.1481901232587
37.34459971830249,51.283911633676034,0.7381102351257625,439.5057852431557
38.826755881853174,46.93793951559808,0.7118239868400243,861.6479793012672
32.08215786799059,37.928337474338434,0.7082325821305588,757.639743376056
0.7964838557802632,5.54719180343821,0.7193067812788547,410.66573974777106
29.409932104367698,58.302884634212155,0.9458090135136078,362.122335133481
0.6952705900092494,11.083942393746625,0.7173841976686288,475.21748282141226
38.823674467099195,15.898524567602983,0.814159218997229,523.8995442472423
26.09888976448515,31.007671890602758,0.8838987306606252,333.0132013539153
22.975768388536654,16.971913408423365,0.9459208476413019,527.0924943627571
24.491039484650653,37.072139493059986,0.887225645348718,885.5025883996263
23.693915313113234,41.45737091733775,0.8109872934905931,766.1784557404526
33.716867999506924,24.023831820080584,0.7426520759505872,746.6134223865365
36.10675071653357,7.18329045468507,0.9054893657466418,291.8294420812959
26.300604886228395,51.09789880570636,0.9107674424535013,800.5629667657055
31.922437679732727,55.05092533023579,0.8623248956608469,833.501119560035
7.158655468714499,54.28407503012976,0.9177397338671828,497.9389159863349
6.987752414690109,57.3821005067328,0.8898492342238898,415.61223666310974
16.103878143416278,55.71616425688737,0.8845402772974752,725.8862859551575
19.194714573523253,23.16679145056717,0.7555551997807575,65.03528740422496
1.3701272702681757,50.784035467093325,0.7308510533678851,780.9466605152999
15.826296264730903,40.0246821311207,0.9346513367525897,646.1388817558508
14.106674864144994,58.48041191990778,0.750493013436497,691.6250211534757
5.047113144688548,56.886008606352284,0.7173369419315992,138.3526693317345
27.37821637838399,42.96521304265154,0.8991972096791532,818.0202219678838
22.503450297855224,33.72032263403836,0.8160167822371616,430.1587020156341
33.211529514774234,5.078712127360197,0.8369679083535945,394.2359710061257
24.67124432679332,31.23485820721083,0.9427372470719043,373.1325275571712
18.297669955491383,51.10840372120707,0.939233182171755,839.5228928018978
38.29660816664282,10.0909863446779,0.7601540328698874,955.5951186362239
3.774557782114954,35.551638227902906,0.7563860426224939,649.3610783943403
14.235736761803786,17.055143604171903,0.9033583357159273,195.08777842210262
35.90465892903456,58.57148270001381,0.8372988920640296,530.6529039974869
20.674498153660295,48.83422964733144,0.7154266298418115,186.07422993818946
23.810555097960187,59.32077939921451,0.7397861706262935,859.6545931724223
21.334704863872194,51.610247967839584,0.7139903866780699,678.2160734093105
33.817047035050834,17.907509877867025,0.8068410704617968,550.2197504399127
35.19304261158307,41.168201226737416,0.8644603139063105,143.2273074090651
29.416220262986702,32.980813554367636,0.8293377495332045,778.3879589556304
27.912816099555837,12.565183915129374,0.847622487313877,927.4807164595899
31.791941924780737,38.75927705116307,0.8057304931055846,357.47250207928323
29.24211615705015,16.549509901992703,0.9130160593216051,876.6255474150303
39.4067557652749,5.187768202987268,0.888106819102471,963.1696693160069
21.91466618136713,52.41951532919284,0.9471278059437165,431.782471011087
16.4763894022841,28.60141743336388,0.8680885319263357,771.4894035166191
5.675095970287541,28.81853756816202,0.7809225174821454,269.64807165354847
2.4553139744282024,9.883945766751568,0.8457707352001893,618.0571982122398
0.0,19.823947205729255,0.8231775379570697,910.927820784739
0.0,29.958901984408648,0.7394499800948934,431.82593548629177
25.059212882545904,51.516980567015835,0.9421737886808981,522.2076952492249
38.84597520981036,52.602767900672106,0.8098934686309822,921.0327769333048
1.565851773752795,55.34721557885711,0.8799180137767472,740.548053532368
