region_means,region_thetas,region_zero_probs,region_lengths
29.72276499612102,40.65904755871306,0.936259687838928,835.5871325865758
18.74903179250719,5.844337656852621,0.8486345473782961,553.0083169804683
18.176439785226716,49.59868393273028,0.91527203375099,635.6656610443654
26.39659603231779,43.373516235683134,0.8651060857322027,66.71414484089357
10.466359717444933,27.70577105296425,0.9467186358991775,87.42211898164368
39.369350648333196,56.17454551550365,0.800115236611474,611.3450647212638
18.69942866497474,41.66193105120367,0.7852203589242608,893.2161001978295
24.943155203897124,58.847186845442614,0.7164746237413793,492.2222120405996
36.56362368935007,30.880000761555156,0.7787910902547138,642.0134493610364
26.611062372804483,28.74234283684183,0.7097012855102907,298.55853934201554
6.923337970076177,40.561965274387184,0.9009982002816316,281.7424164504355
13.267187560852332,26.50291286281066,0.8587273147628202,979.9841223935962
19.26522075237332,47.17361580880589,0.9363432359648314,437.892096857041
23.835469965141353,32.00437278501467,0.8398403442456129,903.0988792224142
17.9012203774467,57.33554313616898,0.7284350582053232,373.2277586964906
0.0,47.103249483543536,0.7906521313454486,871.8386234393959
8.97495814011167,34.43694245651884,0.9321618745855555,383.62034270206675
26.908155233231227,39.312917521990215,0.9314627014046682,413.24909226818215
28.987544467317747,51.35017501267362,0.8209102749445578,528.8057225777129
28.75097942820916,42.10930343738347,0.9329021898838908,203.93999493305503
0.0,40.49825983544195,0.7881517695146971,275.3350611857571
30.971257911082496,43.576105693477984,0.7218964043704618,53.27055400776203
34.547325229790104,5.684315072559782,0.7060462709380864,681.5321150837968
0.0,27.29780390899088,0.7573631840164203,590.9376310390198
10.571795582942368,6.513704415445968,0.7950282582360182,147.30557988652834
35.6883079624726,13.99162794786328,0.8709422199828145,212.11793051089668
21.125940748665915,10.95528474622084,0.7146949651009012,828.0047795707047
9.3851169779267,31.448731456634505,0.7163262471510787,794.1597992282758
27.391425206894912,33.19678990963843,0.8914981472857605,72.5459246896867
0.0,8.249609197038518,0.7290479453218577,428.2974365040432
24.10360242527016,9.303569566328312,0.7412575129803096,375.9710887341384
16.230181556931992,27.64530637529115,0.759388267700746,527.5528209016355
0.0,11.667487274619596,0.7199961893872597,807.88371767214
31.38857617900623,54.964623749034175,0.8218748541885518,146.21358940932592
14.578735784444579,47.31702474308302,0.9257266726650198,428.88457665892525
38.4337270225061,28.9716602151464,0.7912820677203,572.3866071010772
14.312901696546373,8.246025420661903,0.7886786104786934,596.2104637877248
29.766653481713064,39.90380977292595,0.7701679539691911,554.7997244735639
8.034237744400022,37.51973986873349,0.7415252920037587,562.3603733195055
11.912944873580132,34.39794863656095,0.7454280549226987,853.7506351133758
2.841315803564566,11.963847540649034,0.822388769281453,244.52155256989283
15.00515336825452,53.11074057978612,0.74617982280025,308.3706643270245
16.182496172944766,31.503088975232387,0.9183449598758113,279.1146285931648
1.911497289985184,48.64570777897695,0.904679937082727,548.9405462557497
29.650030190696704,26.508759720259402,0.9401759474592724,333.35376679669014
38.80083962396501,30.461308341563925,0.9443741028963918,883.457785514259
12.653651231610127,36.771449611927025,0.7536911965251805,702.0871541755871
4.75741041393954,57.61351922241579,0.865249821734024,290.44486686846875
5.385270986466876,21.827437842868314,0.8262184180855432,366.06231636479896
11.348662828511566,19.17630142081677,0.7725639236930282,921.6001674367319
0.8904332339612115,20.069345090134508,0.7601587575865588,565.4891771721159
27.605602194314525,12.6582405569121,0.7568517063927241,698.3376304553441
39.544651723938195,11.914204703841312,0.9062100666577834,100.88977559197282
9.910809981961467,23.711216864729273,0.8388708956256017,937.3006116922776
26.362560033597564,36.14788859462474,0.7474405812708985,684.0085125403136
17.099156953059026,23.385169659879068,0.8741571084710201,792.3441621388347
27.766631325837192,58.015224638726764,0.7928035748893574,164.61074112523136
38.519353508455964,56.50988477328779,0.7668501411502415,153.41905615960212
37.23377653823276,8.6004143644744,0.9477353994336675,531.9313567527139
3.2745667545763966,31.881685015229845,0.7120509171368081,332.3998886803013
29.39467372726588,14.132175028474496,0.783044924215232,41.74973387657239
5.238272887411831,42.94463673812492,0.7248825742200131,215.54215440959427
31.156235591882563,35.27411873158665,0.8183871274727025,569.6203281030336
0.0,16.644658287437952,0.7994719529317491,927.09145018266
19.424602955522662,56.36991198040466,0.7123330796483907,835.8492419541552
32.7933486411263,50.106904639605744,0.7985881732595551,357.5889521469295
22.259235516229676,21.659058135752456,0.9130629948243439,799.1560980663652
0.0,53.55152906600565,0.8931638635040459,441.58193220930434
35.365923069206595,54.82122292527072,0.703328822271839,930.3303328754594
9.665000205095993,46.21501551994663,0.7076264697477668,235.94618868049997
1.0553590706362526,42.48764609549119,0.9402685092064125,930.347039514738
15.166587124534963,16.695457818082538,0.8701731726522764,814.9291877028605
22.268635904042224,10.127727923648942,0.8328450800816632,238.45937145857616
8.673082693283243,58.94424234374543,0.8383290749111043,118.83919368043252
21.292122714234612,10.699169940356814,0.9483064969262504,435.3851390719894
12.386732432293428,19.035191050888745,0.700938611363747,666.604555538486
17.235115395984955,15.591259664880177,0.7905696675724675,172.00526539384708
0.0,18.7188566536255,0.7618472211318442,220.71063948616026
23.386004034790144,46.04141203475063,0.9363913326867112,530.282899935046
15.556534365339102,42.95722291113865,0.833689319873286,417.5557771817282
8.025790561280456,5.982256172166652,0.7411794684285476,275.5214261160496
24.306408895928467,27.026151481977063,0.9293099171941175,574.158167761382
30.67669604823994,25.776720084089533,0.7370473442545844,291.22045719177936
0.0,39.44715482360782,0.706176551104915,241.94463541176916
14.72528208917258,16.336225327752437,0.7537059245750576,221.21589843266463
17.92675368490009,41.69943294508315,0.9141888088809893,917.5000759055417
31.339624734026547,49.41018852454661,0.8309721783020508,294.9784647644648
23.79877416054599,11.647183636508066,0.7760592861354556,867.3128010226357
33.05857983527535,54.18368516963383,0.7887156795666064,587.0578045459611
30.695392790514518,27.553014031383963,0.7728320787579026,372.3338461176798
17.518392347108456,13.345808069892637,0.8898100919163752,994.3198827654662
36.718012569221564,53.430090543253456,0.8873325776201789,709.1520055558201
34.28427450297266,9.681422356046639,0.7574557250980147,550.8875750728971
20.865605445537607,26.69775398679369,0.9284991282948951,962.8885506289029
30.59448846812291,22.919370389334325,0.8390155765201274,796.8068782549602
10.145414213101164,24.405151743093008,0.8580093097910024,835.7207914161431
36.87194989856687,56.07658979649386,0.8035461114000138,786.0119763596115
22.318875131060167,31.113929442770917,0.8403998558742518,460.46473443132106
24.84120289733364,16.544554479896284,0.7702749378176583,858.2164840378016
31.79735219828847,39.31423658727903,0.8064677173587206,649.261808878029
31.86173868050549,37.18372103990419,0.9270346455458148,849.539216364903
0.7319508817212228,58.29592633088499,0.9259625787998662,267.3422752443313
7.736132366119658,39.496877807042296,0.8575402333725846,557.9219004442625
6.291416225955042,5.093134041579191,0.789999789131429,606.3080557029884
4.995779807668083,50.387197885618185,0.7336097503463151,572.0059490522872
16.685571814532896,6.4302766264543525,0.7575260463733433,930.0974006702315
32.32665535483917,33.431086305233315,0.9248417601825469,223.5317808064536
37.75536115018836,51.6484927641367,0.8220464499172697,127.23688243535136
0.0,19.854399362410632,0.776704455162906,763.0675431555918
8.76637258332815,6.84559865545306,0.7426001789557226,676.9644385069621
24.987100227195207,13.418634334052001,0.7295713153442901,442.0862670284617
3.6531560784529606,42.82059432009502,0.7066442678558243,201.23841365195986
18.109960530049836,10.526632028285,0.7919691318514841,317.74568537845323
29.718804930576642,33.987174134898616,0.7517006600963839,729.445986183095
5.518618583023617,32.11117564251196,0.794597565003177,490.3426461015335
2.1106688759118057,56.751642746270434,0.7341300609305256,713.2283975867076
10.216109846858076,20.431629623933922,0.7472511182175581,526.0501823019116
39.65951439079275,20.63940064981318,0.7822211385743327,741.9124767978685
0.0,48.25937929101582,0.7364031601420864,115.91970661439177
37.54535889281838,55.323908505964994,0.7077457865387411,131.67956365824284
13.119515644037394,33.083300087543805,0.9269737872899487,162.5276041826313
15.448012652576821,7.782189884669202,0.7279650986886358,459.91548780184877
7.697079062516492,47.902229860234996,0.7380762738069521,204.27699868741516
7.4084934759222145,40.37926876831968,0.7753561151499411,316.1261666192235
18.102063543709512,13.188853067197034,0.7352365063489185,416.95766968784466
32.95699869846917,39.03831940906364,0.8126309430010704,754.4039034053329
28.13452611046225,50.46546935849042,0.8417442234757848,797.9083353459905
4.950123512957308,34.1898463059217,0.9188353252359154,702.8643967566522
1.6435906382280867,11.665046855060996,0.8595675852151966,825.0398521392758
22.060074099564446,31.9607296959637,0.7128112452208826,549.6784476365127
30.202361995122118,35.87180609662143,0.7276531283719603,416.6946390074924
38.42181506136051,30.268723047985745,0.8764591195231826,250.14118508218604
8.792066839517688,56.860466853490514,0.7072615005873775,841.0660804787326
3.428735430078506,20.942014187977268,0.8075564605761512,773.448974665184
0.0,15.346463008641237,0.7353273857465028,144.77589554397272
38.16747442939101,43.31156447777756,0.8317260971001338,494.51829298052115
12.11927748984603,9.247549270941446,0.7124513426674925,538.9423011652484
35.5155739496604,47.49151754814703,0.9042068896503979,886.5109561028098
21.43582725504283,10.976243639842961,0.7800954426227049,457.40696050665076
15.43588413259575,50.993766420898254,0.9250285010522026,321.6029059137491
29.329359383683375,43.531960648778856,0.866091046279937,401.24110388997826
0.0,38.36472840613581,0.7755123417185636,551.7537258155998
10.928185571348148,53.41940723510549,0.855777906556489,109.86686498504838
9.367897516858921,10.013289853326125,0.8165312058274763,895.8429028331936
8.854167581142695,41.7817305131492,0.93803967608182,667.2492163765318
5.217096472997243,46.023232562801695,0.8608032515187396,499.9711317703146
17.823951090539286,43.792688349371325,0.8155840152420082,125.2780900027576
21.85034861390283,45.391928663806425,0.8597184247546,308.57021905894106
0.0,31.671930021012482,0.9220269798013875,284.07993870204905
0.4419799393851006,9.092107113719361,0.7335421358955132,794.371615028017
35.727215472587275,52.540995236156824,0.7595227877529597,721.2105590328249
6.8179784242285715,39.77912254018665,0.9025347929783992,652.4588461998754
5.273195662529107,6.572647043353575,0.7931446434694301,554.2006710856787
16.775551746816976,11.757965058488876,0.8780669357586106,326.9189647588545
37.77820537914752,19.04354420880982,0.9392589423364465,835.2924220949529
12.294455105961651,51.904141673325995,0.902022710111011,965.8903232000999
38.010916555338525,7.370127718228331,0.8719963378938373,964.6265025177347
29.532232478630746,14.537069712001692,0.8833361917589132,570.4120393562987
11.113091987730147,11.270155350020888,0.8934387186849657,542.988800886053
20.162548326887503,44.44426096663464,0.7408094879129392,588.6079291201348
0.9161519426757485,18.528778883185815,0.9403801359004201,729.6640110126496
33.96572664204892,22.745348326631454,0.7653313944064544,622.1220011758614
7.150362515392852,22.644583473425165,0.9266848744924964,731.5755927267719
36.919818003836134,34.78462379909331,0.7875299462032473,322.89525149671886
10.545495843730887,16.988659078963533,0.8151472709686811,944.3826478040237
11.555082070138754,19.421829461085355,0.9062325212007882,642.0222164081321
0.0,57.97526701190011,0.9039520330166548,172.7795075205649
30.600858233103466,45.86124646651559,0.9454484506634324,827.1697024427767
3.909345928987419,27.16389512552365,0.816347957172651,352.21239897712456
21.15562269801102,54.279319120577675,0.9175424910288261,75.2694267225645
33.801589326523626,19.56705154967376,0.9048187381258295,941.2174414726073
32.72420273837353,47.13165576801304,0.8100432128192555,530.8624755106832
0.0,32.19245024477809,0.7967458426225188,919.2799896621086
20.389865504787714,34.23262116893501,0.7176503484175595,923.7471911330626
37.25238368760514,14.505400777036229,0.7269556138024847,253.31976461077647
24.485172145645592,20.40941896545931,0.7379206683402327,644.7245406331068
2.907569537150662,45.0899965812868,0.7540683213572307,976.9202740368978
22.313303881103124,39.06860919702062,0.9360773309441732,900.3218827689319
36.18006956278482,27.971177357111344,0.7514924218484428,578.3849682196845
39.93056530022376,42.880650043426904,0.9022563950908142,584.6830905820401
22.986193614147503,10.560700045068021,0.8777551822811007,920.2492923174871
14.48603904479089,17.340485355789617,0.7918345990996505,361.4410982304497
0.7733044888251399,50.10796587982826,0.7432292217185434,971.3091778868679
25.732274173356952,31.68061855765025,0.778853032438443,440.41196666720566
0.0,36.81536111250803,0.8483168890297107,839.8957229930805
35.59648773765944,19.794575602581585,0.9111276104235142,684.5655206258174
37.47149468145387,46.59276544119507,0.9222795013392515,295.1955122523929
0.7113377549258593,32.96998973066709,0.7896649575572773,330.9613357423623
0.0,12.411936283820552,0.8071129418652334,337.3107630533188
0.6419075469930743,39.021185237853786,0.9213909595197318,613.7323647612388
22.972779327829734,15.79894116107382,0.8014659303174716,664.0282736555741
7.508247159231374,49.74842824795687,0.8616281519955293,826.534342053008
13.469304451373036,41.427488534592854,0.8910077797109626,724.358646545921
18.50708532940275,29.154289298996158,0.8354038939459758,358.6455888014764
0.0,31.43304490282676,0.7682711155150312,835.5576238186849
38.53180108063095,37.683864094467395,0.7447460819783351,364.8121806561002
17.907634918763982,50.89671731846684,0.7633445560802492,53.69777223773074
35.059059112709306,8.712735945923331,0.839192086470806,849.2893757667
16.785596268994297,26.511396408543355,0.931298550227863,581.8034994272799
31.732335133265128,15.100700404026824,0.9406025995307734,910.6556705003821
28.515146117312575,19.353380149609173,0.7214781259644797,892.9919278622948
37.7740381273441,35.521634594695335,0.8106283320565528,641.9780854384894
27.206534139818473,56.54488409447194,0.8453836645854282,262.1581413126263
6.486424403866525,57.018354244799866,0.8157903094761928,645.3139350252607
25.838020590326277,7.657728663668404,0.7106922220314164,772.960529223211
2.050559610550947,45.223908228897955,0.7850121954183836,740.6921039281543
14.958052341551577,51.49369858466646,0.7823458059445523,589.8625909197742
16.132314294145267,27.71264838955353,0.8723707973912704,182.39363033539962
23.379878801446083,57.497381676133,0.9233654391631545,429.1586886087963
29.102114148475582,28.737470095010302,0.9179100054009683,789.4365489127028
38.53831720624097,32.80097023482025,0.7346275592340872,248.99719655965652
37.189947246800315,23.654196642811424,0.8826093798782563,959.1699613310786
30.92992592438546,8.6923754583893,0.7928961980760205,521.7811301681097
22.303107335042995,9.019392123806174,0.8387771856137994,337.0552337873174
16.077923029724047,38.40388175790715,0.738462836833682,475.76834656562335
7.773178581303165,34.67922021421488,0.8474078070625991,558.4687783474224
38.955898564513035,48.32576581217765,0.9327984448568899,122.63409302940921
18.887416589286012,11.111766238746382,0.8747122318838881,833.5184247740177
34.757136723980835,32.66164704056387,0.9040385329985492,443.0362487476348
35.860753857173655,43.2584615349392,0.8899210146318338,711.5743080509556
37.895771621725395,30.639139387939522,0.9099285007010671,555.6613680367365
12.1515625610295,44.05438933005068,0.826892560998631,678.7141422722747
36.877941469832194,46.66385110062495,0.8708019540347472,332.46066093569516
11.315712232703723,45.31001587482131,0.7248446033334176,514.3018267119227
3.4886139211346894,34.31505883359099,0.9263029254172708,527.3461022677467
20.623066017546588,7.999567184848705,0.9274683165952782,239.52129063095836
38.765665483591974,13.497270047769899,0.7820737561706731,756.7170357071813
38.20623679820492,15.927203424610333,0.9211118585507898,138.22085931585286
19.492709553024635,14.78365230728386,0.7344329234113486,178.6494551646366
36.95108659237422,13.86128926219417,0.9014547650666689,187.6005334378971
22.735394691051237,46.25787218528124,0.7933831606789099,525.298524890925
36.728172175262344,29.206211117950886,0.8855405109755115,82.4505212952154
9.414931887529807,33.62948400684428,0.7933980610773279,936.4680592199747
18.84344137468342,29.93045893312634,0.8508052789165838,177.74791016325844
30.52365536479154,54.569506951958445,0.8318702715804333,812.8476389122402
34.09481374104803,12.54360670020486,0.7228653436969732,470.8775545883899
8.492419446540014,13.678950396054551,0.8621474036471272,763.2708127211971
20.823367258919586,59.65904476719445,0.8211069223010546,635.7594636745115
15.725775510438408,10.312687451840251,0.740853551667153,942.0787193049124
0.0,31.96328280808835,0.8445192715345956,43.73985474058621
21.95555637625501,38.63651381709776,0.8507129155607756,378.1527470602763
29.202554653699224,27.680049829598804,0.9112836224623613,257.4517671620844
5.927178161259646,26.406413845582943,0.8760414774069427,800.591047089313
4.099073735077487,18.365573985105918,0.8002184071146532,901.0053394652144
32.14023631915847,55.1263658453798,0.7448342525628429,389.67390212395543
1.0824519234662335,31.26344997101456,0.8041871603851145,316.68353819544825
39.862931301242504,25.49978755193059,0.9006392856578808,493.07597669168837
34.1685968267858,13.582650293309676,0.8519433418400927,984.2304839118705
6.418148347674812,41.927114076627475,0.8625708923179474,361.4004102140959
8.003035323732659,11.026305956094333,0.8433895599971509,193.53363930293298
8.51312758600011,43.26442070262322,0.840658081872799,80.72846886078779
32.349454578676564,11.944912838252417,0.833139034685019,237.85482963349395
18.28754835371171,15.200221225591616,0.7877990578103502,638.9427861660578
4.154224795517275,36.473136327026126,0.9267802893235344,735.2487888585641
23.109270443020772,18.879597421933386,0.846953300884529,111.6773773162657
13.94691679716049,24.618103643574173,0.8700236374580739,99.10619660965341
22.75726412403995,9.606940369852778,0.920208778048997,430.85956120365427
24.092300611625777,34.28976147100791,0.8103635940967013,425.24219964053503
39.44326850422166,8.143377470926968,0.7095794833157405,142.71911134115695
29.113224537488772,47.994352455122325,0.8202502888212142,322.24394889795076
16.610054021479918,11.014932026371417,0.7377413219958548,865.1224662555514
26.312988068251457,27.402806398481566,0.8415825633073244,151.75185563302094
37.360374645244804,47.54197298608106,0.8742423095803964,275.8573052283743
24.21093603847948,13.69869245847153,0.7963091822037548,118.31642934032476
29.195080106884078,26.814547887787988,0.735557318719464,544.0327740113812
14.711641346639492,42.45257661521347,0.7629138783995301,705.4548901932253
2.0473443520264896,44.192353108852714,0.9344999931140745,168.5370856964394
11.176143826641693,28.79434729902748,0.8529636223427141,787.470923466511
39.04602299714279,22.749216875257634,0.915529432428282,396.58410600347725
33.300381344400265,19.961253091882934,0.8288030814192457,902.5253623369044
19.947609551079154,57.33809760766093,0.8691362862601758,883.3988968989478
29.825229736226213,44.659690578962184,0.7366319225490336,858.384910310886
22.906691270543565,23.498562576724886,0.8334412403354122,647.5751982302544
22.284407980456983,36.00637612171649,0.8504336812811195,658.7235462036649
11.173586376620378,26.852646375512972,0.8779171969108714,418.1944336055665
1.224768324110481,29.8277423520398,0.7195419944963465,941.6299330697885
38.8586901151865,20.454952367749694,0.9230394349014694,381.295871179729
7.640494147705346,35.72290660048357,0.9041478586142337,128.2691178237206
18.426007825581326,35.12312488244609,0.7979487475871043,650.2625072920822
32.712782050935964,15.361576618018283,0.8322378808849236,416.6889329198808
4.673958016737605,40.583459128429915,0.8764875173335789,121.68581356544159
10.896212604028488,30.438699051918867,0.9245503159071868,140.67553346577736
1.0780573289237743,53.23184073974707,0.8309091090660954,425.11494736031875
24.334719353635247,53.963972907394705,0.9343541797208612,894.844204061722
12.734448824738713,57.697296881734225,0.7990956632814025,699.7550651187104
14.800258414997712,25.856359648318257,0.7171395498283692,688.2245012391463
0.0,9.884945216532955,0.9146667233915302,880.8143905437789
28.154781118540907,15.47004434565123,0.8818140855721548,331.26391239830343
15.811377744810825,33.03832551290065,0.9186506253120283,141.13125837082202
4.809545430418718,50.29019201371938,0.8115883430852792,714.7418935831912
7.877887572587316,43.02524135239911,0.8201388089454915,688.4657713766629
16.353358168837612,35.769825074308045,0.7768544380934022,59.780754318125275
33.939345288059094,33.720609989451034,0.7012782024043493,849.1145768571929
0.0,31.17792318658402,0.9228299653141085,615.6292187199991
22.311482612921825,42.07020973937254,0.7363506151106567,292.5585149784466
0.0,7.797737365592879,0.7658378399197592,472.362641553563
26.1292556563731,36.05666687195037,0.723272963664994,143.60379387842858
27.540917011006833,22.66307025516027,0.8009904953466068,598.4896964834643
26.05984915393192,32.681699433687434,0.7730489393550033,360.06515314416026
16.591619299568173,58.16421284724312,0.7302419562505601,215.948088032231
39.697967626825985,59.60958721166687,0.8834341729221241,847.7120652721886
0.0,57.938160191413274,0.8966604910409297,912.2753755795885
14.292726209237482,24.719840402919303,0.8340020441348946,699.2858896787676
11.591288797355103,39.74940914796446,0.9416995898001166,487.4115800214312
38.63523794954223,22.601458237170185,0.8984782337253232,650.8495806601866
35.182256453595606,34.84882444533401,0.7971437437824316,686.4451472615891
13.814550711089213,7.273465175397605,0.7406661755565762,222.3295603321226
14.404437860280527,38.99372649046147,0.7517654060353317,702.532753293915
17.19562822133419,41.07976016488312,0.7754879332399772,413.70214812888014
6.308637955584686,52.022475396138745,0.9061386077768825,565.6337204490321
10.15793516189197,6.498868765656351,0.9195220414290851,859.9327334907222
28.427005451562362,16.50584552658522,0.8341149712460476,482.6841834244625
15.801933030973649,52.03329195844128,0.7518352519099772,615.9719018087001
39.86606674537528,45.443281944471984,0.7920134464299575,928.2335191708588
6.41246710502854,57.956187506946485,0.7441394543767277,225.63184951533208
9.101931858893751,59.33747507789469,0.8558470172092361,355.55828771214465
0.0,59.95217292526348,0.7472318139854619,52.454971434294926
0.0,44.117929702603384,0.7400130458175698,491.9508236285592
39.77552129247478,44.933149059809395,0.8087922543905427,713.9546165184538
27.479970090294252,22.897685648919488,0.8890732261113306,795.8306246114121
9.549392608358005,17.77315488644131,0.7418119963917252,634.6987306235226
12.87570180032385,23.555336454494284,0.8453903160028569,984.142728907823
28.44061578400919,43.39358116781095,0.7677647133652249,487.5165478172801
8.406387700020197,15.50857108529376,0.844209722298693,985.5330053681555
8.801335402714253,49.195723954217115,0.8350064435203105,515.8864954758495
5.363058621176992,55.27452623747447,0.8245428841713683,676.2645705820506
4.249318021643714,13.37691596814306,0.8323619550343723,693.2384261467396
33.29928598905352,28.871191592821283,0.8521245382041382,594.5615927512396
8.401022102937336,35.32068056825426,0.9472675803032927,91.41283514248308
15.182245369648651,19.346702742361114,0.7388865049849936,792.2783080625718
11.125334118157609,6.354109315986721,0.7665368682557461,300.61014615879253
6.108630967344129,43.01181081886665,0.8802733536307012,150.76161102484164
0.9132180373209797,55.6327078437267,0.8368125317410658,796.1605584822962
13.997485300775312,30.336547178085137,0.7857584135783731,775.9351061538666
6.654883740296763,30.14115816052844,0.9201155310783717,171.75073801866387
8.552251651383187,14.97543984551156,0.7495195226870355,811.4749981352271
29.765971778224195,45.97320391312737,0.7551192413768495,163.65569757668584
9.189826794894,18.64031136817722,0.7396979234309794,933.0264809012963
14.326436048676555,30.50683791864251,0.930659262818528,410.54089518821326
21.119116938349567,27.519979378238524,0.7134173449917556,785.8814269416036
38.09085504430306,18.935800442901527,0.9461759324172069,917.0937153743243
6.886950241532424,31.149951750469004,0.9084259188615578,585.2201295129238
2.7084724687681625,56.87963503150689,0.9062069232175347,455.6532685723824
33.645870995399235,59.29126091831524,0.8490205269249408,270.5996005657358
27.85985938094505,8.047128465654954,0.8849448638686728,675.3139780355565
3.7514976567866674,50.97837782075892,0.8858853996991372,429.7558109137059
8.745044087064414,17.38041264820931,0.9116047753203023,541.6522213317561
33.52123965592824,36.51124617295523,0.8146056320785174,255.76023536646872
0.0,25.591673030233085,0.758428791479024,900.4519508703853
12.327102970239867,45.09777344132414,0.7306486277916749,496.233063513732
29.371048311058143,25.35105943824701,0.8714441875145941,500.8554195768813
33.64560382708927,43.51002785104386,0.7548004566313382,87.4983594631852
4.915120780244484,15.427797974630495,0.8275183457350751,511.7628388685127
35.9970797156207,58.18644165697878,0.9469498346039302,271.3040634292711
32.47378706967933,5.830879595593358,0.9319812471136595,650.244521573014
34.43623174081446,6.8480054711789595,0.8752898766202416,790.6130946785862
20.821816773471426,55.599938016127744,0.8074748602128741,145.83171790149876
32.65613556689981,53.16159847039015,0.7184582418537336,268.7243373028391
37.051288892031074,33.2502968040453,0.9383330125361146,520.1111594877324
17.726875427248835,9.528126042240936,0.8879619816834239,958.5709784644454
25.305416109716493,57.631893099411194,0.8956886578848591,435.61916851263874
29.042027441169555,23.905633661323556,0.9147052254900605,825.2804683683182
28.952059178915075,42.86147620433135,0.8253214727598398,101.60713530227727
2.082708131339158,52.61059584430916,0.7289064570463437,580.8721760111847
36.76703951989291,28.428626330549633,0.7579144577458791,333.33378927548756
30.04829401819839,39.42503246130977,0.842201898857896,665.1109436400037
23.29188931843485,42.88017215119762,0.7033155134608641,723.1974408050277
10.348866922829243,38.215457130181406,0.9420572872897924,138.1429822893075
29.180058218398262,21.25768137852225,0.891773377736932,520.1299425262122
15.074009003322697,58.60527424628951,0.7988894650598806,50.69493619994763
37.92470559744673,18.524372242703766,0.9486441348226435,215.8025736043515
33.97054285063691,12.088887477402565,0.9389823304226669,640.8078720920923
26.186329886981127,11.157924810037636,0.9056311393550884,612.4628597947608
4.169618708800739,40.74491302687982,0.9139219549065453,802.3674664481622
0.0,10.848027947184223,0.7532205994485714,775.5671081918026
17.960149077115293,8.668944079718047,0.7170776163035284,836.0257262216905
23.987646204133117,54.59781948927207,0.7437260000501922,400.92474721447223
32.619165312700815,13.290292235988392,0.8008711553398826,711.9068776321782
37.765472337276954,50.311257791266314,0.7037580680848693,273.3710239032198
19.99559952671457,10.527052191867153,0.9331151289221782,789.5328614709294
30.04862285522408,59.32349794949596,0.710442696883165,885.9325522766424
2.5380514006964843,38.68999037644574,0.8263786662716972,460.8661508130389
26.13799733314291,26.65972299314759,0.7489225968472747,521.6832181589126
3.521871401205098,36.162209807341576,0.8763181101252516,140.41007985727134
18.978528633888953,38.86836514260776,0.8428820189399576,48.2509015990486
19.438593194335166,39.92366364096244,0.8220891917918522,41.5260571831665
18.686824899086147,17.05143702643126,0.8250191697380963,644.1131227317471
13.133608888731974,11.929308584327107,0.8378938715833697,425.4525521864672
27.13014486342282,27.463142987802847,0.887732485412988,368.10843297984104
31.921143201949445,43.616592142636264,0.7783596122497404,868.4405853959998
12.570668350028871,35.0081565999806,0.8321486223733667,385.678958653998
18.474798054550646,57.11702818148243,0.7405398059510444,825.3686850032997
22.534210005272804,11.652669325759192,0.8045326598940988,466.09210368459014
10.139804428568638,11.10215540106751,0.7062560526927997,401.25701810839996
29.438555486539407,56.81383489257715,0.8460647031356368,321.8854353265953
34.461820682398574,34.10323567045003,0.763912416284486,676.7117577741635
6.970914322684247,49.704512821945926,0.7150987288929007,512.9955749067159
30.139640928477444,58.59410281312241,0.8631671761038271,972.926515106842
18.255567360055913,20.915604362918952,0.8156804750039124,42.86595223909252
27.688365381311062,50.623020800649265,0.9044877859990085,563.5014164185105
0.0,48.27144864558971,0.9207389998477169,395.05463368533
36.25133626290993,23.46199340941617,0.8991356662433827,344.77896617936716
0.0,57.51823385599144,0.7830049198074395,863.6083883621837
18.570366948607344,44.093370760280905,0.9182210616625265,120.88634330855879
38.18334557339994,58.07205869130994,0.7042650429012113,636.0837803672231
35.88227278216157,25.83884506906669,0.9227891501626949,210.8599413972799
39.619575973424816,53.76104971283768,0.8826571976236088,506.1884244457803
9.619296436533507,55.2638546569294,0.7975377450016959,131.58886816366189
38.14085661405669,24.479747209007243,0.8837746815434384,952.1593457112522
20.143570380972214,40.32356037970222,0.8162692872774211,50.569890839930025
29.938706474687216,15.404302629354863,0.9334914899052796,569.4313804865234
17.691568996560193,25.599082897793505,0.9176785984229685,717.4544412496118
35.48677256252437,5.896102825469877,0.9169380495233441,652.8995348722829
38.07232635163697,39.71861038683049,0.7321342325034398,870.8542109059704
18.378514303147654,55.15427104913492,0.9018476150655066,94.19767483587012
19.49085298432264,48.90512414950065,0.8079310935136472,930.1494064211302
18.101454022938164,37.380044993063684,0.892193427797191,393.6996546855118
22.29537428931579,49.18074293568185,0.7637015667707512,596.1070255711284
3.652082340276402,27.300658631277077,0.8692093528007153,720.668730713628
10.116036513707378,35.14909642984595,0.8105944130183274,49.30723267279312
31.90677532262998,11.137032491656246,0.7127715660856938,623.4815631665078
0.0,42.88010891104652,0.7541520485160653,732.3483485336428
0.0,12.490121264145518,0.9441206281961002,373.6178074922714
37.51221336395806,38.782734179312314,0.7715372314885772,571.1090227385721
19.257574204237926,30.883017853623514,0.8792147290890525,203.05038111267802
23.65733658084223,52.22218730596187,0.8870374837884349,117.45042686908687
13.55587832070779,33.6102464803787,0.7485423959265219,246.13343677698572
4.284280715941959,22.694887354299684,0.7089045530263619,155.2501109574125
37.66886825692026,8.167236956837044,0.7483640742365509,456.36609776112647
22.81953628980069,25.442142770590408,0.7152153398119743,960.9205284820333
39.59084956304854,57.688961192499235,0.9433607319850634,616.4113486565868
0.964304938428615,30.081849510972038,0.8004482246327334,689.1493775571713
38.57545386974412,36.59662494557041,0.7477147438503657,790.9035966701588
23.693594841228787,41.42433431719457,0.7275785539693194,900.8434148398758
14.185464325473696,32.32847374941228,0.7241942322207605,640.6050970553681
24.83176902296287,25.520920587325566,0.7166805303546111,626.6935720993321
36.300948621113356,20.938868283805572,0.7671938095174629,741.6287163526055
27.136398119938615,49.34927958165464,0.8781526159292349,993.5596399462049
23.637378389452884,17.5111914437787,0.7831126592301522,123.96294794056448
30.545762158762315,10.983279176499313,0.8198763471306183,833.7135041364148
30.72621834094921,5.38276784768383,0.7765226769006564,881.310209154039
0.0,56.43621478261159,0.7855678981414594,949.2900456010802
1.971761297129362,22.387906482530358,0.8811446132540799,683.4323993740081
2.95221368914605,51.85603368861622,0.7183225133356497,543.1697995142545
8.889903843998798,28.81868704017541,0.8880612991208414,546.9752436506429
23.07378764060868,30.7087720370398,0.8547211734455958,685.2602767440167
33.74346175559546,41.58343389479457,0.8457200644396382,855.7828655619165
28.441541023660577,54.44604268108243,0.8535825128325983,313.7978677648869
37.93714506369557,34.42814008066047,0.8805253086459911,155.91063806515604
39.501681221576185,27.116087187709354,0.8953386292110863,134.5755048398608
10.450288564947153,48.88573468121034,0.9149314759850947,332.6046116558356
36.356168933414054,5.851924739001881,0.7587469597972343,950.4193666167722
0.0,44.7060046262419,0.807416539469799,157.82388448288233
38.185113784011826,35.714153147806535,0.7576558797740999,775.05001926203
7.861235507940045,8.244491677632618,0.9476422400301048,610.0974887421306
35.20353729120128,36.28616496404934,0.9181858394803427,67.52319973973393
0.702825166618758,33.24358526328748,0.7346066796556384,626.0783310673783
0.0,36.35424802145821,0.7983819073490176,359.8706892558753
0.0,13.219676533284236,0.8494546035281952,118.89219123349818
20.696780676483094,12.355881710378322,0.8726084972939514,622.6005988743211
31.566639530220648,44.56325804662643,0.7680886951509107,796.6133955236669
6.002698070704876,58.792085229852574,0.8047599050448395,167.45407032312767
37.86385337283432,14.273688436705,0.8447771034150695,442.26216327707766
0.20575978063785014,46.05025220046508,0.768468205347151,60.70271373359574
0.0,26.274525204999872,0.8608031853549472,106.94729506627091
0.0,40.026452669937626,0.7452058207383807,183.75777058492307
11.161730264332586,6.9079391952767,0.7613007426749636,296.7488661645709
21.535357079646477,52.15090056429651,0.7075851859371186,496.12996000590323
24.133716773378037,21.23488189722,0.827597332160588,162.9111936851204
32.78958022466126,40.23597391400763,0.9239262428059276,995.249418126096
31.48156412425752,42.92629551984395,0.798792135777139,64.56172276330744
32.5749261804602,5.792454864491559,0.7636297929690481,303.04235153589053
15.934055556573538,20.457624072111535,0.7237644806060072,251.64617719748992
22.899080195807596,49.65482731744306,0.9346962113071653,866.5451813852098
15.186229462090731,42.05905140323795,0.8791038024973183,527.1599659796143
27.615014827005673,27.581823503295993,0.7505719983328187,532.753636222671
23.86941266543792,33.69235898371949,0.7563634431261512,361.3418137334427
30.48905113344097,17.871130783464714,0.8227370290534667,885.9509727358017
11.2207961503356,5.539600847165939,0.737242367700178,730.4040303331292
29.958302863079453,58.31065039118455,0.7379882482331438,138.8139765789034
20.4820230853801,30.781711202410875,0.938925765285567,413.81329909921914
39.8893615637944,32.408704310567174,0.8716510058129445,850.1323926773277
1.6595012331110923,37.60641011014619,0.7086616343859122,859.2206691244868
18.74818400252589,33.94024987749381,0.7323411896194518,534.4141651355316
35.6665638185765,54.905582102415686,0.7470464566085203,827.9579715703048
34.8439550294298,43.69101981646639,0.7380672318426349,102.37651072278513
0.0,34.899260763112565,0.9161808712141156,750.1394746837385
1.305592282298658,33.263268963951035,0.9378398771718184,546.8337836407936
32.790987270587394,27.955253016059288,0.8671053355887116,442.0298123615623
37.0873417950417,21.889405765467725,0.8580687799260076,970.7378450481872
37.96153367149579,43.30250503756924,0.8187212839889888,763.7034041396109
14.805119332546386,23.617716572048224,0.8725682687046865,187.60199453145748
2.946204313342335,9.493275948357166,0.7735876986750474,965.5577379978611
20.735989780496173,27.414867511117222,0.792246665593128,510.0597662503533
30.42288848851444,20.458124051177972,0.8625842976943556,989.6289195175672
34.88132757397123,13.94274215422978,0.9407541572660523,905.5180379398063
0.0,5.440969113404593,0.8572782127597136,485.50244315069244
18.041865690264768,27.66813022524312,0.7318786587451948,153.8453117432167
20.5364288952984,40.031000535032966,0.7783318313229199,634.8949216862538
38.36690698289083,18.820965772083333,0.8255092269121421,620.972936981409
5.486769282859331,33.21785982775417,0.9456424333120624,780.62363843485
16.804510594860755,16.44741668019421,0.8350778113160363,866.9592987161857
9.139528659463993,28.28716227419589,0.9029782296296339,640.617481678325
14.50595131130848,54.755676554308145,0.8260882361239452,600.7619020999695
28.744367043428664,50.350197556419054,0.7049118938315881,101.27655845128612
23.060878095310997,36.57519076865035,0.9039043014360091,950.9547113774798
0.0,23.788159996256155,0.896682300220751,501.184315239656
16.51993105279706,40.25343275730508,0.7425687355215759,573.3615870008338
4.790766662137213,49.62666949313158,0.8201292826732398,405.6622691389756
13.499107443475463,48.523631865925545,0.7688817284744635,343.91072579751113
23.505727399394853,36.75865983949335,0.752110899588393,537.1348164253949
0.0,43.100675314473584,0.8493328055291407,985.2121546713917
34.89609527790471,10.656206187503177,0.7792914149160071,90.95574217958284
0.0,21.646643821059858,0.7946159034412668,632.1929219517283
36.37333333404997,25.28571387695075,0.7769946727750834,793.3064587519151
28.965330866304107,49.888332744067476,0.9291415740119852,395.10519128131244
6.678899571800679,21.16754856008173,0.7416782221942061,811.5097329368389
15.358343989332395,18.678068566059768,0.8099463308545188,843.7328824525308
0.0,19.15181978023013,0.8990271893090276,901.4835255021212
26.01871160952006,40.89751714048133,0.8803722192745503,448.54748415978213
25.378578799420954,35.940504392902874,0.8787199861560784,418.7512143320266
9.50902735965187,36.00312771247238,0.7677669723916998,229.87268016066665
23.502354571408823,41.83120425727976,0.7854123747534856,944.9018657754319
14.668861767152814,58.87790113340565,0.9229850776036271,376.53109955533944
0.0,58.66093610415772,0.8983935021762326,659.6722916791509
37.20384381414455,42.25301750816279,0.8429539483365639,183.54186012237824
0.0,9.686442882218527,0.8919726595179616,119.29215999159936
17.960466094285255,22.454171982629873,0.7849879034434007,560.5766177383882
16.70503604419641,59.010224628942936,0.7404639234397785,438.32161987296774
14.813409135279898,56.63220373005622,0.7394005490119271,743.4474808811124
38.31864373753538,58.79792685716904,0.8078045388403201,354.8609874804854
35.94589907575133,38.617531997081485,0.7180091334699018,604.8906949201147
11.187589545979877,36.56317338177662,0.7352297726505534,570.810149783613
33.92535959041183,10.526727880778191,0.9109608978875142,976.6106598112667
17.853343283382415,7.115606682679791,0.9441558938769357,160.71667719459214
0.0,15.62623433653317,0.7124283267697757,812.2912017231864
29.422912790564457,39.0583497039281,0.916646104182912,525.672113156714
37.8483732930619,30.389496462047703,0.7168345624271308,570.5570946178897
30.764170687712305,50.4686725462331,0.7867699528934056,832.5682487121974
15.721544692140869,52.122548029572336,0.7484834499812004,103.45906074374201
27.938324101212196,22.823582497760704,0.8975644202839241,323.9612493533329
20.026494454822725,24.899996669453,0.7714869187867651,580.3327853340832
4.913242554670174,24.3442654355176,0.9406707022716144,502.40061193011974
0.8239689370062103,28.416700544443373,0.9059604584035152,71.95426744518852
0.0,31.75444821734172,0.7903554562817565,129.88390330541665
12.301114876812978,46.52378362830235,0.8643968080275612,270.97440038548825
0.0,34.5384275157707,0.8859384730975769,442.92887346033706
15.553313532924156,37.34336252509847,0.7901774474085619,888.7675012610935
33.79513650343941,11.024215306324828,0.9473779891860792,249.45917303707998
18.35542008891819,16.247788397808407,0.7593887267406177,884.4925005380719
9.904895017710308,59.73226833515028,0.7379825796466641,796.2397635849741
24.027510792507424,13.513875047176423,0.8181181452569241,86.26916662864946
13.678812776326515,28.79112035927442,0.8763806990612724,224.74841486518412
19.920851879728254,19.351490726429052,0.7842610948118036,997.6019857652785
6.106865944035081,16.677276076979954,0.752338466887022,790.7150188352217
18.1498012761442,51.44906103853979,0.8951172837372513,850.610737876519
25.53325322205634,6.117368893676428,0.8443005489042664,331.47068990025343
1.9259267917364775,26.01701291262924,0.7827150947535635,914.4037464920698
8.309828320548243,34.14530452248519,0.8893686118825167,743.647315631599
13.794514495333567,52.115435434760464,0.8746788235479854,579.030781319859
0.20445847743339862,12.854818210306881,0.8807231072211844,725.8458026772086
27.17483711779458,27.667748321133384,0.8505438009472118,385.42229087237723
1.6422835531278226,12.452227761894017,0.9085521128156409,410.8373863451411
17.522637168970636,8.789011235055563,0.8144219905316259,770.8039029081311
19.792942401320516,33.63001480892898,0.9147520385827895,444.3681623077407
6.285326489882467,40.41693655723475,0.8828871603035564,100.03771469386575
27.093204531002694,47.31908330034766,0.8446198965878022,168.9908953220369
13.785786293952741,34.52807805691433,0.8901050394374438,759.1317592005887
1.582224209900653,5.433658958567721,0.7948200467297535,361.27318881914226
37.83574637639718,5.259063244509964,0.8764674238920503,158.34463280865052
39.887559943794486,58.72316837412223,0.7025548495572014,800.5128413670859
22.39016958469932,43.820541220797274,0.8526957528117328,839.3789872068858
26.933207806723573,28.69230434163872,0.7031698550666585,57.076697906845446
38.69752422135669,42.506866806512846,0.8658687325598355,470.0853697671608
15.312570690819165,22.335426074063143,0.8747663433759507,625.1402090016109
20.83299401778259,56.83441456635025,0.7195015769910815,78.65352915512122
15.420161524141962,29.145200889495488,0.9438951962418975,262.67843322058746
36.48970856871943,23.757732324543692,0.9229757695030568,306.46815381668716
2.5923054903647094,9.365503023361418,0.8069929822275512,447.3734128512123
2.269955458819453,31.17011331481811,0.923571778503762,834.041629922492
1.5313773771852486,22.867188227239055,0.7983611241606696,521.7595337845464
26.500667249921474,59.58887827766138,0.7955875766369362,688.5430833714743
27.601151881277005,50.99000888925847,0.781499549347658,733.0039575652262
8.70249985440018,11.805803707811176,0.9195428000234556,496.7924224282605
29.912622141399588,25.710398723559635,0.9159712390297273,67.8676229824255
7.516233493603349,50.38321290721246,0.762338422106957,566.9999880756087
33.16713025863296,46.06502640754887,0.8558980716867309,692.9018559448298
17.14472588430389,33.01919207499475,0.9334535489263818,785.8190660088271
33.70823268426088,39.02184297353465,0.7991166598060728,891.8907567210626
0.0,8.297757789596233,0.7742958850890164,558.6223118764303
23.1676345348341,30.778341661000923,0.8331864433488627,322.2208456385432
0.84188359257976,26.51225656592133,0.7635391887664934,600.7631233191283
7.79021467674358,20.60932304610973,0.9123785106238153,372.76088220458394
9.881810993783311,39.47048833457857,0.8499419999853044,760.8360218705179
0.0,25.11799487174377,0.7910200534418561,353.07461623638835
5.788559738675909,35.78803881596423,0.8509065557944848,354.2983936455367
32.55362182265588,32.75112510853676,0.8297148334287813,113.3198633648833
7.421092800462666,13.659653293810974,0.8698467813546733,407.2041772819954
10.06872094687846,34.776322016974696,0.752148735772543,283.0778445237298
18.33115914620496,13.9506091735663,0.7331301038562399,637.3702474642415
26.83293222355086,30.489235513129316,0.7436916214397242,224.40299035440074
30.17222127765061,38.23059723810955,0.9326079795925771,661.0632682136627
8.504043571096949,11.885852250360465,0.7090133558754853,721.7444832612051
38.75916659370952,47.570807001532984,0.7655254432241642,615.3999935046166
0.0,32.259024630570764,0.7272672556630112,376.3805349583623
24.209178820110544,37.951979026983125,0.8563673517758139,798.0596879417208
0.0,49.46183427613435,0.8803983133428742,391.14961640458444
23.414851592659264,22.606561528295938,0.9087525765528706,710.0071889841258
24.531553651616512,42.09528599567653,0.8512273192021335,401.29251556682084
33.06715563452163,25.678598728390046,0.724935969199239,249.89707328638718
12.158938908329203,23.25067212243585,0.8131050154934529,544.4706244311733
3.9290078728344238,22.078449946995846,0.8501949049855163,909.1443096946483
18.81189925154622,5.0249449193021425,0.7553956579325339,190.1499180548047
8.33968139404359,23.89367850934892,0.8509512559607456,228.4276768470103
8.80405741681982,52.668025189765515,0.8441224829600733,818.1532979982774
32.932389962678414,9.412650304092976,0.9119769519247408,903.8787837406552
0.0,33.66043512415098,0.7486280285050583,958.7235674445868
39.15844402417017,35.92364683532536,0.7339899926911638,580.2507923504965
13.078339508924373,31.788497602337426,0.7512857079672991,405.1609535564512
10.425466613421282,18.493355580073853,0.7506378706428058,851.4317507607191
20.97866819284451,8.451190561443678,0.9020722502781015,74.32467271667626
11.387819057620614,53.35260687109521,0.8993027069883346,909.8164435632455
17.319050066916834,22.12802605823164,0.9465682157813985,416.6355752313119
17.135529968399045,30.549822107894137,0.7939857355398251,963.432307711815
31.139338702319836,47.006198461694645,0.8725726270652718,652.6051217384199
22.458009495965424,55.37339062921986,0.8847173489726698,986.7662851502645
20.013739753530622,23.059263597774034,0.8074626701811335,146.81618134383496
1.8038796455318649,58.23462251062641,0.7907323195899628,259.47601485207525
32.20570491089304,18.883746314125013,0.8343550548939254,159.8208805997695
30.473150729932165,26.120066177053104,0.7353399335220312,420.6912087532279
21.14454479678847,34.79942132484343,0.8516938849897983,961.5825233865596
32.87316210154838,11.753452414966695,0.8228376729728786,779.1995427334098
12.824917022036605,41.215059035599054,0.7888402501202466,524.2559721941525
0.6703828034884336,57.461667768534305,0.9402151064985917,641.8930762850578
1.638240919360793,29.96886146074264,0.871667293598704,161.53620015185163
14.358765980482621,40.768814182646146,0.7287539682015433,114.73429008753385
39.83214620282585,38.38324310128983,0.880776322309244,710.9833395518901
39.16559858260886,26.99457792932979,0.7976908093703912,106.00126954901768
0.0,53.65814894556604,0.9285529822560182,295.04822894720894
39.22249234421789,17.05555532863066,0.7789940028387247,239.18713320505051
38.89573593217632,35.43875462593355,0.7444801089206523,235.994061184975
6.693523803045979,17.798470636536187,0.7325742297010978,749.9303393039557
2.547225103052481,44.49471940855086,0.8797903106129081,148.93715479569917
3.0996140493451456,30.144547165501162,0.75879652674867,263.73343943812836
15.21054361053646,54.13192387873094,0.800694253300864,140.1128403292991
3.084420512966859,9.243277749309998,0.9167149032854128,817.6734674272815
24.01335378925173,47.72671746428043,0.8294425548666836,217.29312287634576
7.403483331633099,10.471676823778354,0.8849501543642239,711.4275720249777
10.104866879004827,27.412685562885258,0.8263975001709409,647.572185391682
14.177586970940041,59.41889172962614,0.7332259047309062,391.9678398246072
0.0,45.151079562083964,0.9380049844382492,681.7977663095174
11.687167582051892,47.46931262951689,0.8892262546895371,887.718813286996
29.90507475393872,47.71900096360891,0.79132578593827,796.6953045937739
27.084784185531962,26.575360725152166,0.8502367632938233,49.15042859024798
3.5662083345255167,16.126403726940783,0.7278703245933956,75.9376572676544
26.32502357982079,45.88777393275877,0.7964839185979119,489.7784164624256
36.27825169641576,53.905685082330606,0.8843800282721994,310.5042620926837
0.0,50.22009461526366,0.9453629810294846,951.6165551674158
18.96628968684934,29.278529486770662,0.9109310247327326,860.1959243880092
36.001549774130815,9.858283355164987,0.7768160438672824,308.81288875889413
20.340437980783147,11.149373463337962,0.9054515877078974,802.0570747737745
7.063234383733562,26.56957925826546,0.8979553498516268,529.8582693073323
22.139632270911115,25.365102958274957,0.7403732845403597,514.1435666077584
5.701691096838631,51.95111442950843,0.7198894135726474,799.8807046724343
31.658791966411094,52.48295229454772,0.7496707977210528,46.33341077018869
14.403147570040053,40.412562782231035,0.7027794400152105,531.6944396042397
17.706157928793704,39.012869557317785,0.9374086809438757,899.432626421872
31.91225602859913,49.94632803369987,0.704995402745041,740.0547547540212
18.994523476747133,59.299145721239974,0.8584690877939455,631.0705915048629
31.189142441745286,15.644766391646346,0.8955681996758604,682.8384977056502
1.041475210509482,45.048590019150595,0.7903735394640715,197.47960923736355
29.52918576754978,20.890775476513756,0.835916297435638,242.75524736846262
7.187653508741255,26.470377482639343,0.7849326319374338,721.8256976962211
0.0,51.289792774581365,0.7017226710752642,407.82185282340015
0.0,49.7118904812688,0.7194178095702898,303.4442310588738
25.830296753139603,46.5410007653345,0.736143290236625,347.45166555547354
0.7714978582972121,13.892779944539983,0.7148219897694508,218.65176738221717
27.855164742939625,50.78231188753226,0.824798881960866,603.4386614154643
23.648156015014116,51.26979519315813,0.9352412264263271,298.4159842365111
39.80742493849896,45.50703820803427,0.7707768289448783,606.4686188488675
36.84039623572535,48.674986205777365,0.7324265185299651,693.7346658592165
0.0,51.721363707513966,0.7096821739428447,788.4449201454256
23.16494035955544,16.118673055904555,0.7491452922613095,895.4258210892309
35.03667203644391,56.89147018990553,0.9241725063475646,499.4244942007306
16.147667559972213,18.605368774716332,0.8992793792776758,229.8026158371028
21.81006190540955,52.88038802243898,0.7073464259010982,141.52393481955073
21.961464266647514,9.95382857525317,0.746524257861922,53.96206308143679
2.5648080425684268,54.3381217111016,0.7512660808686284,867.8492660112154
32.501298101887706,8.694051430344574,0.9225593318247803,969.9941146178409
38.39011081219476,38.49360221362443,0.753225937203041,884.6783497855546
32.850784989642655,56.76721074369883,0.7368114906541461,948.3798684594793
0.0,19.95592923193956,0.887505339127475,250.83429861998792
27.79362311332439,43.82831629568019,0.941421928136295,161.61440021752864
18.528667752960295,26.753156997570535,0.7028224113037793,149.12669342925335
0.0,8.7776635984964,0.7818504353593536,250.14446199867268
29.37422555079543,16.176394349120496,0.803616663989361,605.2808991717112
19.5816275738182,42.70718689772515,0.7217401812626231,69.12905376657218
38.054333932193586,33.521252376356635,0.8898859960301739,286.38685662860803
12.20019342422454,52.99704862799938,0.7477805654398268,799.8500162928818
26.432641620532692,27.874563409007635,0.8407508911988975,273.49023437935125
34.66789802108896,16.892643648570843,0.8737084326566492,450.8761273751264
33.99613229364588,19.144517614081472,0.8997262707406259,991.9056084460544
30.01486451253972,29.37909964196873,0.8002617106793093,579.7457151347918
18.672383460487616,38.35017662820456,0.8860848975293936,697.0827474007438
10.440361093521432,10.33449764441303,0.8348740685467871,542.8923653571142
26.158402347262747,43.98253919852993,0.8637804612844788,949.9863766423025
0.0,42.51638276253484,0.7308435866817892,545.1236744439915
29.143474318863962,52.630518139880785,0.7505092905750682,83.26279636637312
7.764668796082533,7.5085111007530525,0.737182568247366,993.4274216134755
17.232287796976347,57.135212241274964,0.7648269330611022,934.3646701793717
13.925678258273063,11.826940762774834,0.8509131235404569,431.6224697539908
2.78188131993164,52.84616259690579,0.7837993427261214,259.8819970148654
36.61868760278089,50.23744119970269,0.8979088825588579,629.4832171335255
32.34292596061162,36.71984642466757,0.7251076365521542,50.711227772073535
0.0,21.094318637149097,0.9196829207809534,581.2780670955237
19.646579482952045,26.281000585337654,0.7866724723316961,560.0994037371571
0.0,15.863075260287816,0.9117402797049992,799.4261844708138
37.27003581384244,12.738122861455837,0.7970662407261933,96.42681833864238
38.67767080593654,28.57126731084713,0.9300872017469891,74.74621441781153
28.863130568867636,36.090383136464936,0.8082818208523779,686.6004147863641
4.3241106957209015,56.414251228629595,0.8247520828171877,838.1016763395944
21.508126710635416,37.56029831253889,0.7671122261651404,296.1514257558824
29.756822227733487,40.08088210928133,0.8773594915376669,602.4714251916599
0.7442285666903493,52.60761098888251,0.8715449516132384,853.1492968696692
13.43699719914044,44.76957093316934,0.8618310873178384,49.70370556720585
0.33473444949740766,11.748975745820147,0.7438994007785003,572.0651230925941
25.022825203280124,59.04626810082569,0.8770566941643971,539.0124916856624
9.229689298796789,13.42184555572594,0.859919791957141,218.28775863453998
34.57722927333088,59.591704774314266,0.8780396892303117,115.06374175092326
0.0,10.78077271961105,0.900450664316214,316.2081771942607
15.066977248332481,31.75462882074372,0.7130446982402406,121.12195995085166
13.50316994954396,53.922515287143455,0.9223235334871525,840.4576963427612
24.89964236566235,46.53477238745537,0.9117989654608193,49.367495806808144
14.857228669330295,15.56159784157797,0.7988428233371081,54.87203411358568
0.0,14.744520310186076,0.782048787286066,699.2724373679799
0.0,48.8009088816621,0.740328649903277,334.24151282577344
3.2963672387847,44.052190812226065,0.7857616225402552,532.4780942305289
4.803890996567907,9.443038178881782,0.863598642258309,625.2451808221933
12.287162222293242,37.18396527575779,0.7457448178764962,785.8971535550844
29.059679894471007,56.49989367224871,0.806052223759304,796.0017955284794
1.3388217574106978,41.30707129556657,0.7696401840103303,412.7580505161622
17.717445029551108,24.66797783315427,0.7595037667090547,641.3823920531064
9.869545240387417,46.96973070520146,0.8064962473211198,838.8286713811485
0.14646213924588874,57.74043055728766,0.7248910040989339,839.4569999868061
38.08165607431816,57.89890834870879,0.8622956302246402,641.4854883468508
16.866682692761028,53.81451951835347,0.8092230285958533,663.5346974306899
34.69025687622319,59.04944645272319,0.9325315006679008,992.3836137497183
10.707081552569322,55.14914712839795,0.7775650662518557,758.150773648537
2.749938863515877,32.671012726653835,0.8601112250476584,227.38360087609283
7.7119042060541405,29.516693851763648,0.8152042571816693,647.5812839368112
0.47026112033447565,54.78947176995538,0.8833063305285734,455.9813517847669
37.469931902101244,27.836916636622384,0.9429963351297664,294.80367840227746
14.211881635311155,10.800319190462023,0.7285461334578337,730.7908753341595
17.383367036409695,46.37628696325909,0.9254300496596142,640.7589502580845
7.5550999614662935,17.933015231404088,0.7064467075538595,498.146135286809
3.709775852082363,13.769704372649548,0.8212632946596686,528.0045090906832
30.818750615915206,50.97360779700271,0.9378583851690083,686.7298101018793
18.347428402729225,48.28377981948597,0.7105762383392008,136.62028744941563
30.422942541537555,21.12577489281776,0.788410036756811,375.28510436463034
11.252792298079676,6.054607480470938,0.7895361136864034,579.5521333575766
0.0,16.899430651439587,0.7634650503191864,751.0770544570423
10.58820668685458,58.25738064621748,0.7191588318070017,924.5312393655438
31.04915107806526,27.142361499894786,0.7047415832357874,738.2203962942075
26.35974235882246,49.30557559017319,0.7971131352585572,282.1478818855298
8.947287912319421,49.49895625219605,0.7539333869208946,626.7489019097047
6.03416351945837,43.13053367025756,0.8961633829264598,188.46919505934127
15.99831903918166,7.138674307914091,0.8948037243793858,747.998077882733
26.999085284007418,26.489479399482658,0.868409276292263,384.6493289734996
17.520236491593685,28.47015868296122,0.9105268281820513,377.29084999887783
17.451929554512898,48.78817809317419,0.8668159750902098,675.728215094995
0.0,13.098636360626822,0.8836199586933107,621.8730871846767
28.595702301895525,26.09471043983204,0.8906970231784244,237.71341457529326
18.35354832476859,29.95383173058919,0.7641847155090191,832.7693144896542
39.05307827415218,14.85472166010381,0.7998714391218505,65.66650986353189
39.552091914597966,36.1236287113742,0.8013286128814009,774.175258443406
18.2953763960547,9.051214326882333,0.8083415322006093,888.9041694718059
9.412941244769582,21.364275768325598,0.7677031000656681,792.5407041691724
19.423299697709016,53.83711345507064,0.8021823816676913,743.2092463798643
21.889945463570367,59.220114360613174,0.9452079726992468,937.7895787679222
39.37458927469486,47.43696753044533,0.7069940556631391,352.64472158241625
0.0,6.683637946275431,0.891714030875917,615.8859326216377
26.94595094592311,11.610830525979688,0.8222259414714168,697.4588052189703
31.25920158107296,48.141284445762196,0.857586887077213,430.94103374330695
11.433764119311386,52.072423769697664,0.7103854134093445,180.90594241156427
17.835171674022096,19.977324749287426,0.8953551799274284,275.81666411992535
38.16092972312626,24.055373651920718,0.850687693435644,732.7174289433145
23.463555818499948,53.389033008169264,0.8210078630432334,929.1574235147004
0.9031340984578904,44.26176606398321,0.9443674076062358,338.66782739503026
10.371297623644317,42.86495600631397,0.8367464781803489,195.306525847074
17.38384786000684,45.428309012891,0.819462874900097,444.564951780652
0.0,40.76603926398462,0.7455377605997902,433.72053160325447
9.836907059311148,38.40956041572849,0.9447300188646354,997.5693387657262
37.86652025075554,53.016126710535126,0.8225753802554672,607.3173959304099
0.6142846318415658,29.891438340895395,0.8301907618123663,707.3636630059444
5.5201615858532085,6.762046393755567,0.887179274647032,426.03976490027884
23.285610890868465,41.83182267701369,0.839971389408927,995.3741815741467
16.796474914308888,19.678436917111622,0.7064227394662563,60.254319863736505
36.79641780447452,12.466181903082614,0.8153303449609128,746.8715428903653
10.478459257330028,20.55989669534725,0.7459003770328003,580.3667130496405
2.898788152702279,50.933034658142745,0.8679285802414258,191.09517902263033
25.277348992155353,21.556653407087474,0.8993435424443907,760.1648691968369
5.656173036335328,53.67309183150252,0.8268920870139276,802.3517220957973
20.70703087181216,32.15541324528809,0.7222139178912618,942.767028045043
0.0,10.546273695219583,0.7088180311297042,502.10225522484916
0.0,12.325731789751469,0.9151269773749454,302.06878018638787
15.058905364805362,50.85984912662635,0.9128825325053292,525.7750622439926
30.383046837709646,10.820053292823003,0.8174386857614718,604.5819915964834
16.567050876534736,22.411337964213306,0.8216242825846448,521.2284647820558
27.55472980326821,36.429621088916214,0.92002000407602,180.55068460965768
10.876395636940712,26.557592709887807,0.862603107634001,84.55887387393794
24.497234959039027,8.888431166915659,0.7170254769827634,159.10448031730527
30.844833046895225,28.877403856654883,0.7293931923648734,754.3467652973202
11.448612256908786,10.489462927791312,0.9189877820019914,372.5286755150434
35.42350788691396,20.441984418410364,0.8811145241707321,159.27879639704614
38.122351006501006,55.916378687621965,0.7457200860846457,47.70694435468844
9.470350460711613,7.124697333542201,0.8401462890133827,593.9324023740063
33.19328813150692,7.315806944727791,0.9046119614878139,322.29476085598685
26.09880925393207,57.26877993643189,0.9362019209509039,155.78504818027972
31.19253167270009,30.929384259124095,0.7963251451722703,402.90676212587636
35.03548334448036,15.863807593528799,0.7068680415993336,150.56944842182827
25.863123567120418,54.45783192533319,0.7272474347993534,850.5362706450342
2.512434390736086,13.171924667422303,0.8674089611880283,975.2690169093806
0.0,6.264081477598736,0.9408640506220569,581.4839899316322
12.725206467397266,19.99765914764838,0.8490751769161202,185.15468954463256
36.34505695167003,21.953452802381015,0.9347945171967256,858.168692046627
29.1346719713436,49.61567902522072,0.8118345100264396,48.48488552592421
13.160665278123004,10.448714725388582,0.7555695465115801,846.85524352513
0.0,17.620566760806394,0.9199934619893497,586.2079097810876
22.139117236926236,15.801277062479468,0.7676847763984356,570.464417912575
23.482743374042645,21.03244357498106,0.7541013739424329,991.3704724722382
2.0420465494510265,48.00706034426126,0.9356313438777417,402.77201366890944
32.61837635583027,39.59236980604517,0.7687260214136856,876.8011370775195
32.54547981923,16.983385700342655,0.8340804497216568,877.3712381773881
33.52345882070921,10.139933148332604,0.8033962820393679,371.74667796161566
16.457310927645285,34.6774410790198,0.7966211792771256,374.7341896437254
8.14403109793928,43.28843707369695,0.8762030466702946,268.9267359983366
38.50239423156742,9.79542798443767,0.8552784527757541,716.2446248881557
9.766178618625096,17.247722945347572,0.7464578887236415,101.24844493963252
22.006193381608316,7.944784098034512,0.8553211099489625,710.8150261451776
24.471030023419132,17.306910650424136,0.8029539198139419,56.72831703882881
7.578044332686984,30.501755685223632,0.9466167441968039,478.1370463994206
5.42955658873679,59.29218871630821,0.8521235933365309,199.83594033788737
0.0,41.12405900068938,0.7968378501324709,773.6635159711911
7.885299731000868,48.894062416168566,0.8163533210518473,378.4791032737067
39.47383874534807,47.165605104928176,0.8254223949373416,737.9350607278669
27.07189917401369,47.411511694383506,0.9234549609635788,707.2498423714867
12.005895278017578,57.058451050984424,0.8880709596810168,778.466577918055
2.4005094952900095,51.36685437052861,0.8033739537256347,329.858714580871
18.76402934914548,10.872818618285498,0.8725826633963926,533.2936947035752
8.767759566419171,22.744742782542335,0.939194596699692,276.4559092925328
33.99647470539208,51.73319184466389,0.705057675896181,306.5557299032233
33.6211334427717,27.041097878194666,0.80111429064605,593.1951545454618
31.554185810069892,55.086076079179236,0.7580223641958551,423.77804021609234
20.63242418142135,23.082799877668943,0.8816719656617593,862.0323154082135
18.45862869751036,40.92227711390341,0.8139029301313281,785.1243013953127
20.275860487406536,22.88335777493739,0.8249402013146672,541.3985949361851
21.847413376952233,57.65981945104646,0.9179116923689281,240.45975055576295
12.9036013730827,57.759845582536826,0.8214475707832394,631.396264377078
0.0,22.496159511282873,0.9162307935334166,348.16243070341045
0.0,54.67246368084307,0.8574199005771939,948.1273559827063
10.973193548168858,31.142107683653837,0.8805388750213388,394.63705907630754
31.227227187102507,44.5594413917183,0.7321420855560377,289.33693970448934
11.66496090392461,47.492126627896795,0.8606651552399416,900.3129969710465
0.0,58.638865826312156,0.7110779254714185,619.6525697056916
39.56204862963642,27.601648677813817,0.9036632527433294,261.23925862912256
11.081301005824239,7.461465674353507,0.7862873686028542,769.549554569795
21.73097519725666,21.28408789192666,0.8279166637086335,74.67272713409535
21.849639700747726,46.81445018652145,0.7131567147800625,222.57118924480613
0.0,5.423865337579575,0.7860089373028178,991.9362021389854
33.25515839592981,57.65128896246815,0.8627386666102373,418.00493721429314
6.784515740120588,36.11420160063063,0.9384292055693976,313.542947536787
30.670604894238057,6.363656431792867,0.7483704787975397,790.3785548263132
0.0,14.233953375441004,0.7946818521778412,791.7243541598777
24.833487047024935,52.12075195925481,0.7171263770718513,668.986965263895
16.46181366758335,12.0865150954717,0.8446349248665549,504.18771091774425
3.9893355919280147,57.47416729190347,0.7146478980760663,423.5383515392811
5.518591283758757,43.36578426224352,0.7592087640516862,718.219098486636
0.6585475587231987,13.4580039470522,0.7992263778537506,328.4467885175911
3.494230114561192,56.20429688096772,0.7421479098665469,229.0296915993937
18.556408075194007,31.971578932636714,0.7917409662374473,907.3739281774658
23.610891484789416,28.218885403373207,0.867634567611663,259.7796827671243
23.14913973921317,31.45152911141441,0.7248061947971154,377.4242159047602
34.2044858736133,13.415553834728755,0.7585128122644813,653.8622322541233
0.0,32.85036407607441,0.7564664368252789,105.08600517397241
32.03871334294826,23.731666225653825,0.7228139402180842,171.52872135819436
0.49131259341002537,54.15349532776446,0.8856345365394684,661.024295252375
28.251859840623,8.709945617146987,0.7261160875287357,667.2945959320552
5.151317099820927,25.99918226884035,0.8789338087862633,42.88617026874107
6.362124915630376,8.046239009722393,0.7898073224820945,955.3727791895849
20.068021654512243,35.97544228929053,0.9177088278435306,54.96149908653965
6.765223442946363,36.59033116193142,0.8202477144949011,151.09665873997474
3.197518387623582,43.556399319854194,0.915854321260102,220.88987687089366
7.1140744758299945,31.94837263925875,0.8007000590952836,533.3326141658218
0.8621469202106571,8.305138841924345,0.7797174571117118,620.9829280845673
9.71311961342065,42.86871516816894,0.8049580607021796,595.4498673627395
10.354673431369244,25.90601452179388,0.9137416433128545,734.7017504377062
8.906756690898337,19.3756255716266,0.8787036976543262,813.7740709262688
4.441064517634052,7.6561085933060555,0.8403366560810606,690.8003211037347
10.684521296183709,18.381494659704238,0.732214864269138,471.27024295105196
39.57575520399702,55.90790822380128,0.9161842676496648,365.63852249231195
29.083915570495332,20.79292197257784,0.9422940521023246,811.7883153843233
2.582428364844307,26.127929156180436,0.9274456705167275,162.7944007905241
2.462088268979284,48.68598628751648,0.8438150887024478,206.27749230314765
19.114250272790528,19.052290413800996,0.8158740286109134,831.1736078386597
35.355222254459754,9.279060348599662,0.7508403121442606,452.3177797770647
0.0,13.746302254201925,0.9391434104417824,539.1922095765135
32.17691573054584,34.242542132561795,0.7191090049377542,233.0999125264484
11.610123848022155,52.41506810368692,0.869040867114265,945.1491901429517
21.140296768415382,13.811949777481493,0.856687496098039,528.1864417671011
38.23643501577881,24.249667443884793,0.820977829735331,773.6406219940222
38.10151316346338,14.996726848030418,0.7796882842743714,502.7377138429546
8.87979966737874,15.195748012573837,0.7260094942299818,755.5420434423753
25.500053601839273,15.640586289619636,0.9411508301717401,472.5387812789674
2.733413070024717,41.31191952679187,0.8251824383441516,771.7434207817397
9.45746205639953,6.613770024440489,0.850154437459226,908.9502811143122
0.0,46.071889885565206,0.9221749328940294,205.94970277656085
25.939530838593797,26.00925366236238,0.8379959921733751,812.5684310390916
30.203589561172873,28.38644420339689,0.9178651301455742,491.0763411495111
23.246610889917104,21.313655538615496,0.932414445392864,737.2320831505891
27.81920471743746,33.161201842765905,0.76428265403247,810.9424092962033
36.08813327576895,30.328597787940204,0.7577761456431897,746.3380846377748
37.99230320675975,47.024872671645866,0.7612806842701596,995.0210618053331
30.66314122668886,59.38497437901576,0.8701401660547903,637.9617797907674
30.549622182069285,10.359617593088474,0.8640496487665146,511.86494392576805
0.0,30.237098129727567,0.8285243826426905,169.45688375577632
0.7032575495995599,10.801161901388246,0.9281424199499573,764.4043947455905
24.1353602621803,20.474140294468818,0.910414135848544,925.2846253113842
12.213858610520607,26.232649646909294,0.9294500368998837,279.63777991673714
19.104955917768642,44.83464763910156,0.7034620408841072,174.82988926265634
0.0,53.78983102745519,0.782617143328517,798.2417617505486
14.060749504760395,27.573110844052113,0.745396107765177,487.07933838664906
39.06043018085219,27.121730909820684,0.824719468783351,255.06001408070844
4.658616623918137,20.557753772303876,0.8713921539977189,236.00102306115298
9.36275775961676,44.18243841652875,0.9380308441329267,866.5309862372352
0.0,52.86326544768321,0.9333024000829544,588.4917708365166
0.0,52.53648294286025,0.7451132652524035,966.7726370680957
21.327929479568652,32.4206482084662,0.8174032766439172,565.0899567402184
25.480378991109315,14.709145906203263,0.7608546776684215,926.2472093085902
0.0,58.079874288801804,0.7021284849930123,210.6844822538095
12.03867973914338,59.796077783803995,0.8122435835289498,518.4287363928933
20.345926465716957,19.36129149881741,0.7193933062283712,506.7455767886884
15.450558025457218,6.238107465046533,0.8934188130014143,156.676945627955
12.074600572980058,11.333208037255318,0.7137239980339635,220.1581178578368
33.972295886293715,50.30803906376153,0.9409287229162047,274.96546540995394
0.0,37.89430045843082,0.7696310367548511,166.7863819470168
14.542868331671745,27.91923644230051,0.8985728007528693,799.2272000536772
5.641316459720124,43.59448047442868,0.9391295946890468,697.1554100046535
0.0,45.150480562266935,0.8542947225498394,622.5190614726253
9.513151473095622,31.26780783781053,0.7073577994328623,299.66073542702077
9.790957645798345,57.46437748434134,0.8469157347682121,211.84364382520758
0.0,9.149689119806627,0.8240365682297057,555.5099965714086
7.722661072473156,31.636229759320923,0.7587836711728051,832.183326276839
9.10725232790577,58.982799815939686,0.7901405883351786,986.0899293891636
5.018619815091636,12.728515114505567,0.7710018440169647,380.02541853159653
18.11688116725531,7.174004824165289,0.7431150241080998,52.459703515506924
16.75583890148471,25.937234135425093,0.7774244460038746,896.5641276987876
29.689316101059553,51.1658161189699,0.7060762805624844,982.7346208487888
21.288289863538555,35.604692117537155,0.7274962592804788,152.70418557018402
32.202221310492405,56.013532448748045,0.8533796361864356,245.21298584186155
1.3033573857220733,46.079853166571716,0.8505923116153382,745.4350320293312
25.157822986847318,40.62524465335913,0.7035483071469588,52.198422587518714
24.837147298676733,8.15289607224416,0.8280482130113832,410.82561737255816
3.0540852206799793,23.249424007759124,0.8297418332768881,989.6419128754125
25.187410384798707,50.472153308443815,0.7936986208698864,532.4198459654824
5.321750663675504,8.720428735463795,0.8384985458364713,461.475831635642
7.585646663676141,53.22823727490457,0.8317306592362982,562.8309424430098
6.883585376086627,37.59011814706227,0.9284552324541857,615.3428524441788
1.79098788418259,7.430582408462666,0.8336828862574922,920.9422510078198
26.498398301637565,22.118464410611903,0.7786493178080296,185.37306375594324
27.483064723028516,56.625695924465084,0.7041184515333707,418.8950372587697
27.230105334829588,54.03339820390434,0.8582990569463201,644.7868145054861
28.497061146613365,54.03176536500559,0.7189268436130496,899.6715019549885
37.113765305072356,42.53814472965303,0.7205582894508038,357.6752835475302
29.498542881146207,12.334132574480059,0.760841690019872,193.90319097352292
28.181613858109504,50.069976444987276,0.7717339502172357,574.380496685292
0.3215727717285905,42.74418827870383,0.940671928523594,387.81149472960465
5.693798409778778,58.816697384878914,0.7480081119072161,985.6745199651698
0.0,21.633168362753228,0.8229767244349975,295.60645868009726
34.5533624469513,46.53620291216058,0.8339674760646798,310.0312893883084
2.1527595834073145,25.988792464224886,0.8693503584249545,469.9925495112459
3.018524608549965,9.91660403362584,0.8875994736196824,412.70013727974197
24.654296937996836,58.15262056671911,0.8489130994743858,629.7075324815565
5.72468480729336,18.046728157441677,0.740933506211924,442.2091129912984
35.39112952915821,5.224365236287034,0.8510334060588675,369.8282720852426
23.60507202369755,52.60362575049607,0.7554965894996887,487.5342858881458
30.872748274615827,33.81600926523631,0.7134649026487396,366.97746071955675
28.024722194133155,15.478145936945948,0.7669993273708973,870.8129044289657
16.549289191392745,19.03206171602893,0.8974864190890427,894.2805542813858
30.046618396406974,41.77070276135642,0.8492165414376043,563.2850042614266
17.173716677105432,39.89791192925656,0.7260329497277471,566.1610370968118
22.387070905553628,17.50589209880524,0.747744943225088,487.42635432405075
37.446498561835135,24.838186718665725,0.8810585042113661,280.4823054481779
11.08948860460175,6.033747802539206,0.9073432159659784,847.631622175797
27.441536225541487,6.0077491878916565,0.7542381588806244,301.6214485256381
39.2901695541425,53.75652518026625,0.8143279735511795,788.2201812806295
26.099008892789133,43.19869035072937,0.7086922590614777,210.9716131205834
0.12784851654896656,11.673242092696949,0.8610578221391509,922.8506646419344
0.0,15.842513336414752,0.8517983693240668,422.8748914320429
38.151479109923066,9.73123353992224,0.8375500925583991,902.0146517959719
18.783489598791544,28.05427209883709,0.8788444466323191,749.3561980310931
30.041493263026585,45.15814422807161,0.8749063743383684,563.1060792458491
10.010494164128058,52.92009066102573,0.8438399755066848,570.3348257380684
17.71469335716753,56.92640555266227,0.9457335216673365,948.8050821409826
13.677548563868177,36.91020290536826,0.7369364045441047,875.1751611331154
30.50078867050211,11.292243796638285,0.8369708424908512,217.59761849927884
5.598061914423161,32.31805758028743,0.929395594062798,358.5635747282
8.752160234019538,16.715944617644308,0.7047344420924375,520.3942824900994
31.60536959799528,46.91765246739071,0.7757386374452264,180.2988354905055
1.0935820377501206,23.86120611371801,0.8757996301518268,40.95457782998281
39.53338994026419,24.2431321487134,0.7319313715195888,233.2614518879852
20.91486950431039,23.305385953589823,0.8703380462997992,707.2468362199542
31.604346696642615,51.08421424744938,0.740943851425992,210.19681942945456
20.4524338451994,17.200981131833373,0.783076759791116,381.64318116941627
36.41325913568624,33.890397337717765,0.7885269246850912,432.22974820082516
13.033775742514843,48.423855003796135,0.8519820619234513,82.7361048931638
3.0084930702589627,55.30395749223493,0.7154696659103602,53.34781748887181
0.4476764813480548,30.588917925839393,0.8155291581721937,701.9017796791107
3.123342143782046,8.472049646020258,0.8601359227442846,51.48259637034567
16.361277814110775,30.94634738314255,0.7288007126173726,724.2442869362316
28.22979053126041,16.318718702608937,0.8269191619712509,565.1196594896617
35.07982001000991,47.27301790187908,0.873513319642397,201.10215239967067
2.5406844583956936,31.740555041293117,0.8984524132620646,945.5114109913209
4.4682833391425785,29.67675499267395,0.9128599143851353,362.7707582428962
0.0,39.35535680876439,0.7472449279843479,458.96248089483936
16.105139807523376,56.073765840797364,0.8100804115314445,519.8378799399044
9.283708472420276,30.029827329246647,0.8435543867734725,327.052261189049
0.0,33.24246190576963,0.9315555753586451,576.4092443256591
15.388744892899465,51.596793365659465,0.8024239491146585,58.37751042910387
14.693476141425288,31.21917413553972,0.9334586501748403,643.346870011254
7.049189844164837,57.32241520634577,0.7351863901086313,981.5171902758157
0.0,54.30257995774606,0.8201151403249853,860.2624155128
39.26139297990642,8.839148902171626,0.7600265646204397,458.82574075471007
17.451522813289305,7.16841177116871,0.7896511484626221,632.4900290271745
7.293967162226682,11.10344020929228,0.7107365521699227,567.2493339740918
29.185589074120287,47.70652198250712,0.8516301587726738,850.4134684939216
36.233945004870726,10.472545474957112,0.866222272272763,664.100102316724
33.843891644785224,49.62038257665086,0.7678375139930874,78.9293375362783
35.4246369220127,42.35427704959216,0.7497269755240408,719.141911623664
25.283301780856583,35.00695692995209,0.9164394716673285,217.738315726438
34.54775515774953,24.23522226911339,0.8140038031911365,492.5773090634711
0.0,40.166352210212054,0.7022116274118907,162.7380973717355
24.423598356298733,36.81064779137445,0.8964426183111246,261.31743956483325
32.58215538529123,14.16172224764977,0.841262820173426,830.5628669086435
24.46248077733695,33.48562970103419,0.9145639540907768,429.4656739596316
25.164307072529414,8.074360774004084,0.9230369095978499,778.96836355027
5.679541795047383,19.629852724439413,0.8055122455590741,520.1417765801025
30.589066770091527,35.19523356959722,0.8536839336611947,474.1599975104611
8.143001863081931,51.42634613554331,0.7439141920455267,427.7188497206614
5.364652842010407,26.059804054638064,0.7809518313951089,254.7984968134105
16.085860557977824,58.435222204974345,0.7867175760608297,917.2329688332716
25.901221089211038,46.00068914095985,0.7563966533753331,625.5372063164973
27.922535031935443,25.702834284991642,0.8019299478696456,980.2066200754892
23.933438814559008,50.8959611741369,0.9045001459419195,562.2762076288573
0.0,37.62570834565441,0.908646621309529,571.894457455175
27.927794008201246,40.01042364620999,0.7780282196401538,215.90504257810025
34.264675796662615,39.54672088152309,0.7507449994117595,786.2675060408432
9.851480070444895,34.1066916164776,0.7903050353655833,659.4840769913179
18.35704234740271,45.87115711213772,0.7621297827251325,740.1604621567412
29.417627332603956,23.568342747941706,0.7046410763667414,626.4746908368459
32.44928435206578,12.28320919462087,0.8354235361889752,867.638589723248
4.5128240616807584,23.05061243550073,0.8952102416689112,42.76115169922704
21.219728132193534,16.47970387996931,0.9456630490736976,704.971322524561
31.979103357515367,21.385972382770518,0.8511638280155421,265.12520091056115
0.0,34.27453448370671,0.722437263763626,759.3649009111508
16.38404396293263,33.41769100823441,0.7106017524911926,499.24513763595985
2.321577553400438,56.15587960363097,0.8866283834431165,911.1605019866955
13.927687021800022,14.380394978392317,0.910558691918907,324.69265464125044
1.0266016405749894,25.95578770994586,0.830195941218126,674.7486223545393
26.003862574950077,7.722714878513341,0.7433816155608608,824.6287941073869
0.0,42.37557301817505,0.859450319734092,183.92140535454146
0.0,38.835233928813025,0.8307918356741746,380.0099148366388
1.7760000437149628,23.7293931366793,0.7629345469297862,666.9250592243484
7.783086947904972,13.953254548872602,0.8915980443580866,783.6229198752453
0.0,54.74514196888665,0.9238256919297017,237.99340919580663
31.55624931122934,42.763915938476366,0.9330710458528754,629.1785305740558
37.27073808251306,18.698685670741458,0.8964841545460678,232.81943826635342
27.079292490491163,26.261393946662146,0.8884746451958254,43.22647627970621
21.80360374972728,22.937274275380126,0.8282436310801947,123.25423880244233
0.0,12.434190753629377,0.9216977669183343,630.4923334386685
21.304419478298524,54.40165891945086,0.7832987066159665,769.6893941468123
13.800643069011578,42.21880605278013,0.7611297122081218,812.0281600117036
29.085247916274124,20.83322202556283,0.9393948814614554,96.32141750369051
25.2257357581427,56.809322394795,0.8050131152608381,358.7008180188462
33.19961401334791,34.0390270254986,0.8835048108760183,119.20722167796723
33.60749949190901,56.204384569298696,0.8010363345516383,695.5141836173186
6.130176567583004,39.026901434296654,0.7851884195903684,281.30725622108736
20.965165856482944,21.804997636266,0.8719751948609231,451.52835948183144
10.172958109255868,58.153008736637126,0.9017060919549785,566.3018546969348
33.67547353168413,41.296476409897124,0.7140897372499471,614.6544198542485
28.740107504397873,12.901932106245726,0.8716911774310272,686.1889237671506
16.18923282520574,30.60684538516807,0.8298893391650919,749.3232130480363
21.281376611879228,58.75290950063256,0.8895127399279159,567.8830318432142
14.753921297836593,45.12448626445187,0.8668994690827274,498.6190653365268
18.582830352211904,53.64520446262663,0.944591708242323,525.1733378700884
34.2756298509942,16.338017050131672,0.8656058276695345,268.2681328010842
33.95287378834898,45.42986214499546,0.7782529971905092,812.1020447822306
0.6167912602595409,51.676785489509214,0.8724344688425336,441.0216675906792
33.112621058442606,59.342496085296155,0.776211997004336,94.22690132587778
17.410117720087207,15.196710042684133,0.7237240205784234,261.7153496845741
8.92997540805233,38.53415451088244,0.9288560809093751,641.5030898194404
37.74107044805843,51.92774164221849,0.9272989730104585,163.41238614606516
5.346014081668646,21.06765911431575,0.791628841957156,358.87666947508967
37.83134820640881,30.14423537312148,0.9479263711109525,544.9049772331362
0.0,41.702361837728574,0.8625336926791625,212.49070850368653
29.29963437314151,47.0028412553503,0.9394130811621447,890.0877672060277
16.27834684713045,35.47681151227907,0.8002950289864794,706.1130927441206
7.056696209845816,50.51745950639504,0.8055206641942108,724.9633183275096
15.242221155932024,33.54216080936656,0.868415254230303,426.42925697803923
8.997183084211207,7.13338660620942,0.860799698487819,282.89455182568355
30.250034476791605,28.523396932752988,0.7522181029464086,703.4808460202538
24.02510089980207,39.67312520055618,0.7932646898847814,530.5978084701535
0.0,19.007880574469628,0.9322521761273287,437.42357629471405
10.581289817238785,12.47614107704514,0.8010251483186072,957.8388486976534
32.8336136738226,54.699581493513804,0.7639532750635226,622.5196400393885
0.0,32.125512112693826,0.8582394001994511,411.0424942976993
6.901938436816802,12.566325216985351,0.8341339717220493,789.1178781425924
31.568024616180217,14.786669110977545,0.9474897417660448,661.7601036544507
20.980515464375586,6.924850142057509,0.7692652623976416,452.75569492174003
13.517461073259094,37.4253350670453,0.7767340075977919,796.3838417815195
26.167364901057077,31.479814191127538,0.7270733257490491,141.87181419008735
10.559416238358711,12.153616280421172,0.8662728092292445,201.7373496588452
19.60230864323516,7.858792578836416,0.7287951019212024,159.22519397189984
18.09955454202546,19.12701134051717,0.8697915179787462,565.186202978915
2.0451109377389303,10.899970907908859,0.8794909133131903,934.683712202966
19.590008579327378,13.71350325153008,0.830273275311752,622.7641132617172
11.890753039364188,50.82427561370172,0.7631857110275476,813.5083770621458
34.77904953954661,5.208324786492878,0.7612308227711917,753.4776796720236
17.683856434370195,29.65055956402288,0.7365056760095693,352.03903889455773
39.79346540339688,23.196020389813192,0.8619712465070457,113.30644454188462
27.014051759209217,37.20926434617197,0.835235832156192,819.7200890166728
26.65640346108495,39.10747750706944,0.8338331346564942,825.8845598510122
10.204028013691266,19.78280984451262,0.8513695432477233,159.67244085581348
0.0,34.67465543460685,0.7468239633206317,331.31175650418425
11.348802317041164,6.954692419407688,0.8255294677349492,245.2009825973606
0.0,28.17977946393395,0.8671806605997687,184.5380450326871
11.482464856231635,49.582086350677145,0.9390894248358239,310.2566154023614
36.61205581936792,42.947331007514705,0.7492132409583113,270.4970594040584
17.41272674711759,41.032884131736154,0.8245402436315417,129.903144373974
9.693834876523178,5.456930276199265,0.9032560678229147,50.601128705042235
0.0,16.26195647041531,0.8142842070071616,43.56914019292443
37.83360035911734,21.888204621607326,0.8146997143357514,299.31509489447694
10.026090355744074,7.676754837952346,0.9463842046968574,347.11960257263195
24.62560552886804,47.65054881981848,0.9304919348542271,959.7011712254742
2.018540464294856,37.0963140842818,0.7409716989233736,114.74774146533673
1.3010272731310704,41.88875927926246,0.8670824103087634,394.71575105538415
15.965161992467257,47.3871788868553,0.8931165655716853,267.2838267813152
0.0,35.9980826247208,0.8656394189298766,691.8496066252312
30.494723408057798,50.94284317132457,0.7554411311120178,687.5302991400063
1.5149875635987833,25.957032077402904,0.7567815954832946,274.2864777999773
26.100959082386392,15.237425485995955,0.7842409692200468,187.20853194111777
24.858555913550063,17.42852825634825,0.7815316204081346,480.7888755092514
15.831162319048941,54.949086600972244,0.8182291437564495,884.9613922764206
38.104733711775296,35.29285839056333,0.8637900106602487,848.5451792301855
29.562091178176566,34.485589508769365,0.790793197865323,313.5846837786688
23.470838837249936,38.62760763732635,0.8495334263989636,446.164625153346
5.055582221018869,26.77693470085148,0.7236034453027039,314.6963547758489
0.0,59.60971008851359,0.9254037742650404,336.7269911642256
7.234207379783374,23.106650308292682,0.8107904055197376,160.96924169169438
18.509226375717464,7.916560557157503,0.8467651012202956,782.5402379849377
18.13676701693134,24.338213391930296,0.8355073423961668,587.2066638374948
18.437740209863453,52.59322585801187,0.7523373792322117,680.9066384485958
1.4706176528042512,22.936835756034817,0.8397947397867556,320.1717675464034
31.438154661761818,10.829679052904229,0.8441180404094905,877.0839495460007
0.0,39.607580491741935,0.7447685103571923,676.1665196426552
0.0,21.59215597470764,0.8847664848600578,414.5477716390981
6.915813450590878,33.0790508738114,0.8493465245551223,733.2057886787693
17.834834769679468,45.97728611731044,0.8961604267327987,492.1824370058258
22.95595928217468,46.66136765114677,0.9130342262903425,459.7941601173518
4.7789534682134205,7.039783961531163,0.7998526704861927,649.3493329241129
26.449616904652455,21.640783972471567,0.9478015244018237,48.894529095361996
13.51702761561096,20.833821034758838,0.8297542554425413,640.6462833549697
29.49352800949249,29.226881558127186,0.8704379121518409,476.26103260875004
14.39272103417812,28.819920782014872,0.8970767928020056,156.87119599746725
14.38063738483563,43.339313567295065,0.8394711870029834,279.9134137716662
20.454997617284654,51.71561278521336,0.9141410207111106,925.9009941129716
5.937528615432352,12.955038690733259,0.8650848168954033,794.0960498632764
7.8584334853000355,36.791509166786035,0.7864575836470851,625.0000032057129
6.09808136507244,36.23367943838133,0.7326315471436691,579.4844253266036
20.547874582206138,24.649624518746386,0.9052527197923441,753.6097366774862
16.344978112764405,5.25916369459148,0.730181839673935,634.4739995396003
7.467151515461511,5.78195940297909,0.7610319098072821,645.6687612220621
18.02482411432329,58.65140785140359,0.8041341829897657,503.48016657764913
13.75825205471421,20.61205245002924,0.9171172354172555,744.4379229343216
17.678602010722262,15.101321095823163,0.7215219408614202,833.2253146430187
36.8974982089964,55.89274906526931,0.7877977028609292,577.22029865458
7.723345982081736,50.94541148842765,0.7719313283463207,640.9406134996273
38.59772790842654,41.83914704315005,0.9028096664015943,320.67758129701707
18.849168151493576,52.668633022598975,0.8265902886524663,975.2842533508503
14.155577506857485,23.154810718645304,0.886616589799572,733.6269604070276
14.722277309301944,7.444042109869173,0.7616711872889979,79.84713553537065
22.710751280717783,35.33975625875514,0.9001459425698408,492.35283580234335
35.48331002756683,59.46786258579971,0.7930255952787666,629.023851085632
2.1352359743024794,5.260796812370198,0.7024069881119535,959.0846151754312
12.57044433566401,11.271992940584624,0.7445456524279987,61.0155697999857
5.111860957053715,15.289801381026638,0.8229833105140314,755.8692630981735
9.029108699180998,39.57324763626764,0.7639696991951814,759.401973031075
9.024976810774081,11.373614958981312,0.9027379551478947,695.8590050693026
1.8630483751786358,28.475305514694647,0.7937247664150198,145.71458151570997
22.493073974186263,11.282936045986334,0.772129596884987,494.26525216084934
17.32747033872335,10.909134618203968,0.8461025227491763,125.37904396700952
0.0,17.995327469839733,0.7569720444513328,308.4086009141038
16.49734397001325,17.648678441905783,0.8161926345205642,213.2398520770256
17.31469564321827,32.36421354548574,0.886502345909566,448.6492307982891
21.188957152962907,22.833133835412063,0.8734448829409369,712.4481690400902
1.4337112087825319,47.62111419621507,0.8973611958832639,436.15337327405416
32.715222948546554,6.8659979046440665,0.8735486660707656,257.48753367688124
9.742127807564106,18.32833213380428,0.8857762281033689,500.88134144012747
23.95760054866879,34.25499415477756,0.7328229575232295,713.224964753108
34.773852093802894,24.03462896856294,0.7530919280133076,198.43894398995417
3.0146953071955727,17.032274824520105,0.8649406502065781,968.7670195211915
4.857824542252867,5.46406833665909,0.9110366912281916,872.9805292103453
31.120918811639154,32.77038750006213,0.9325710721221452,315.13508547556904
13.826664391251622,52.201697190360264,0.8757318598095282,976.1773461209563
23.24779311620116,55.75884456525911,0.9468530510708895,287.79863574464866
0.0,37.94347070881367,0.9037638445782599,513.390766965476
29.11195595644904,13.372984029188665,0.8316768996066146,676.3017309844677
0.0,13.710890565084089,0.7593724427069835,326.4601660600981
4.462362428249325,14.554374979932636,0.9401541257397485,861.2728350020449
27.242120944205002,11.545858666380768,0.7269147199058071,841.7875065828728
4.518778741444922,8.378796526438194,0.9488049816996169,156.2706651200977
24.977407437267743,40.19263816125538,0.703287101094944,341.1969339142454
39.08946352922948,24.986081766683323,0.7667082673627217,890.8322318375992
12.579923324891958,41.91022439752715,0.7785302583698306,970.4082753501195
13.086694143685294,44.38135151200744,0.7351333612562273,355.2030096662115
24.208228286488115,20.439402955163295,0.76095261671532,690.9960653221003
25.639924735888638,50.695699342945815,0.8218953399104313,618.7125675851684
4.669106675099984,54.51370548146753,0.9003955144807141,773.5393638816688
22.169811684942086,13.363365126382229,0.853371328561056,745.9094783059118
0.3405380749779236,31.383925798787654,0.7976528352976041,750.3128963126439
16.704760070564348,51.20674974491266,0.8243332389987328,215.51938523396893
15.762258350007853,8.956252346456518,0.8322806707174376,921.9028658143575
37.45864417089561,33.63475337837719,0.8925948873315531,54.86002742638803
39.878735350877996,51.30188266013856,0.8889468448825888,518.5124436446858
37.918229997933544,11.197487442101076,0.7793655754004055,711.189227456042
1.8573692606005952,50.32497083609112,0.8126481091245403,335.00662160793775
8.076187555713334,16.334815565314358,0.7352774834319562,579.5659690967051
8.348136701196237,40.34516873088099,0.7273694491455464,439.8515066328007
0.0,34.571200016160034,0.7321716891459378,111.45384540464136
34.19516759407817,37.674422835035756,0.9479802515415443,655.0678858351596
13.307174945401037,40.33646556969255,0.7531110398752363,111.98660534586871
37.18340645219788,51.97373176003077,0.8507195229980584,662.9694188105993
0.0,24.926893425391164,0.8775064214113264,177.97937903944205
7.364357209078438,14.419943817842794,0.7816301783844896,480.1792358762582
2.5618574851136318,16.212620281991814,0.7161239172510451,667.8103596274141
1.9825446108455642,40.00679034386585,0.8838463124406994,413.5593708288293
16.066954623278487,12.108918816137987,0.8401540524955222,296.1365607179545
6.741233618030006,44.594245660788374,0.937826010085802,341.59926903918836
4.83401420329901,45.0372879264103,0.7507572237635011,103.2238523692541
29.700169861561303,47.80542686172955,0.7511019678087034,301.22397409266375
7.245303449585046,56.00310649710394,0.7853918795764852,58.13516296557388
0.0,22.37605823970473,0.7719711192683115,857.074874424063
2.70189425250055,56.84342176862984,0.9047810314263263,469.5181371239901
0.0,42.310594293725764,0.9444588736590397,481.6857231160659
4.073076355617392,56.90455109259568,0.7663117299555756,785.0641854511841
16.79693127594684,39.79320935393273,0.7844050992457036,446.3036789965685
17.252806045027857,36.50189158726187,0.7881806457343068,182.6023817286912
7.757800438694138,46.34517884998575,0.8036924889564147,377.9991893079592
35.32067112040104,58.15040663005966,0.8416749365171583,886.4508072251134
16.188770645217627,30.279383798411445,0.8366950602769646,812.6915672553324
15.393527072255994,48.340736736484054,0.8076498894176714,190.18351937717432
31.639677841969434,53.807636639219496,0.9318695371960672,729.7461565283384
2.6087810074073694,45.28812750271213,0.7401363130826681,577.0991094881391
0.0,32.57606039893155,0.8674405050774073,505.01796158325254
32.64453686472344,35.74144812312651,0.9309231151501877,838.9237993938275
16.355759345222825,30.451041373945067,0.9001193393237492,713.8080470056684
33.66400175479801,36.70072751494793,0.9263226914892289,45.941931637562554
0.0,22.649057919653373,0.9315258804176964,576.5896371528252
35.509347072656816,55.39332459329642,0.740451399407327,339.7203542493446
1.244673769266566,27.43532788992313,0.7469908463216418,815.5388899120557
20.775016910225986,37.60175055573294,0.8644279110726707,463.49659708557425
13.276940577752253,10.967757902593942,0.870696626124615,129.22808908968673
13.0744947065873,19.100042395384968,0.8611627970944125,963.291182879241
15.67087443148296,40.373882488636816,0.7509149722849396,462.4776641798737
31.954928676424114,14.31388892671297,0.8410606767399672,786.2141978843055
5.378436137109658,21.669886584910955,0.7240048043675525,68.39907494625798
37.04117376275322,30.225531951962495,0.7707776632064423,177.69637394194427
13.827224524703487,10.187543304693898,0.8485718176146353,226.90380879683238
2.175960004351566,11.397473580022782,0.7685609291130588,552.0090681838112
38.777996145677704,53.59044027982733,0.8727802941877438,827.7733623818717
16.931725628936107,30.113741654250852,0.8693495716082192,100.81555932825452
18.19264406838627,26.341995180603988,0.9434612398316677,636.8306427202266
14.95445020655949,12.33183717847907,0.8376165028318552,475.92511173679145
7.3375453436079985,17.88800094580878,0.8067165329836049,843.0793984752527
10.413424635896806,35.75031839125595,0.9081732819935933,115.8185288923007
6.270018412912467,47.8516120116916,0.9341078674774252,336.5548211065438
30.673526485791204,29.899689385734625,0.7320856230171557,262.13780931526463
29.31760544097056,36.508902207181144,0.9440711723630745,401.9289580284033
27.17115937096863,19.717924415011318,0.913501018411965,927.834869635103
5.224788097815775,22.749012114473988,0.9099360625656631,216.73863226378694
37.94347823838548,59.78579323606589,0.819597480320566,170.46201116112138
23.63683878457037,13.684420442044196,0.7537918647008182,344.63375657568474
27.125995964684297,24.931922443312256,0.8170236797862425,475.64437574022696
31.572061220173968,36.91944926421065,0.7380054616933994,473.19931906635446
2.50625429562781,44.93231249368122,0.9105178920667387,912.2673001321298
0.9997042561249786,35.60660648637676,0.793858777456217,193.73315258905274
0.7834179169629434,40.42503903032488,0.7175657529319557,60.708497390683185
34.924408103189414,23.030908219967024,0.7421941236986463,487.44681139985295
27.05704952279769,27.951887324363213,0.7643602966724643,857.1847897809289
28.434215491139348,56.555456531183225,0.8269587785146508,483.1938809082223
9.606191708315023,37.121170746440015,0.7136070004167191,208.9685824849619
21.180985244317768,16.634159270098923,0.8112496051203076,900.8589996761075
30.556946456131485,21.28655938732611,0.7618460423454361,72.14166736422018
16.249805138722333,27.59904088312069,0.8344653079334485,332.3682619000808
4.874737329052583,38.32811237085437,0.7562385032197094,329.1277134036289
16.54625583345799,28.85393531684763,0.7633276820516304,368.00059206817775
5.441951995486667,17.689989689623555,0.8819417411075582,344.11060464536644
20.367085203638464,41.38064342452436,0.8992766688482468,724.8689447736134
29.91635944572067,17.033867714235715,0.8927951939000455,601.3943785883321
13.160972889673552,5.711153564252634,0.7842787003336995,632.2142244913837
3.6203358308497027,55.08541048557899,0.842630184731812,136.7337463680785
33.29002827679559,52.673858219644295,0.8641777490809717,432.000529132828
5.535246172437233,21.99259498374213,0.9124656493569964,340.6524247960166
0.0,33.2497463982154,0.7916513714120718,645.3470118626476
7.567739537086274,42.098670829282405,0.916884173016854,675.6267144693297
5.1045301323082235,31.586614437685206,0.9202110829032553,934.9749600150665
17.524852458871397,56.46795144597388,0.7902761313438806,406.0762127215833
11.520279745674898,29.405451049460414,0.859128880028723,429.65406303672586
38.474295740546715,40.95263436432589,0.7461316850959159,452.89755590005365
22.75126263443849,36.25312504493926,0.8914765525657571,704.6828516642347
0.0,11.378705075031348,0.8646877048539916,646.8626146658837
34.39961494809106,21.08517620975108,0.7241607023413051,906.8092975286878
27.261871777465505,12.73530647173431,0.9284330310064178,100.0047126199816
23.026175857816213,42.92231724926297,0.9353894543340658,263.43708515189303
3.9060564389198147,54.526012508081934,0.7714005348815592,662.428141181684
0.0,22.272017740095112,0.8779650923199132,658.6009443125812
10.991244235332394,19.683695056781048,0.928626995945573,248.22662640832303
35.20864524870488,54.5258655901922,0.7176430697821843,214.4672889083337
25.743377916078884,8.06492722425165,0.8625427584372239,526.2798865275275
5.117655102713213,10.030970544240244,0.7806760767578536,832.1202478161616
17.53588322042284,8.175578509576598,0.9072349633727707,107.52666498131984
15.955928206010382,59.61676606792978,0.8092994385413064,911.2337740520788
36.35740674983382,22.602451814956954,0.8891726383301963,401.8788506940855
14.736555773560731,51.181843553054264,0.857187982548919,950.280595076579
18.525872443780063,12.59249110475567,0.8009119208451321,52.527869944279786
30.863080468936023,18.22548044011425,0.7060422978864103,875.4073633854487
0.0,38.168804632750046,0.8881307976329014,565.7907141644134
39.86592452105637,10.796429935487291,0.7546942432500079,505.7695764408859
27.461951561768718,39.12778242381726,0.9470363620316441,220.82812725471416
0.0,30.631616364046824,0.9218521765294337,70.23840113029027
36.57504570317616,20.525894313159526,0.8163317971080157,916.4392795905193
19.33192557033721,56.868726470775435,0.8644949570474576,981.2154893468514
31.264497175062523,20.622465514835127,0.768355620668294,915.7227708790228
13.19768917850354,20.471690451488573,0.9292802208794034,166.5500758353636
18.040132821960132,31.716707283856152,0.7925971380340361,847.7602281857443
8.046061547809959,47.00389593316077,0.9202512188722982,300.7541012894543
21.109383205942272,24.401522751066143,0.8371357955698167,822.8278488819533
3.0915803266099697,23.041737790213293,0.8678883281226065,163.20802762506534
32.11740719350318,30.55702882470356,0.8248363837900384,530.6075941363862
24.300299274589563,41.23864704489092,0.9244737880778268,927.0822167191332
6.098191491960193,34.02842816009833,0.7267712770100139,763.6365252652281
23.003450442944143,14.814387602877881,0.8970385203011964,811.5628989176132
31.6061954537828,7.223044730564654,0.7741286737440416,76.13001781842613
34.27556587491968,28.94746695336626,0.7674625274498726,739.6011586904945
17.49029094381542,56.06915626342118,0.7302406190662024,618.4823041417495
20.879543686092486,7.32499800671674,0.8432732672370534,91.59005890982002
4.642821642933069,59.008679664240354,0.7971470405776521,136.94197054366813
33.70478149316175,59.01923314949766,0.7588785642752292,763.6647331745039
22.619848479950825,6.2373398535218385,0.8365237382079246,831.4169310457027
20.887963498478786,28.301349169291573,0.7740472004721454,875.9267065526276
1.7780990124252114,10.128641466941147,0.9424119584219754,71.89847774665303
2.36618989064808,23.403119701090436,0.809491344202999,62.45998175075975
0.0,51.67570791503125,0.7990952455986962,277.05983134371314
36.96023929567102,51.2788693187392,0.9210061955583949,463.33898006253617
30.276687112527565,51.4703839764506,0.8307587761354205,299.0778600748812
0.7755722571956792,19.761039217574123,0.9312660064496401,498.2788480425027
18.183512635281428,44.30128724607652,0.8505197740824492,81.73273532568388
10.19751787759169,37.845288460957896,0.8162710178230212,542.4679358646896
28.739911425884568,35.43750962704129,0.7333690329493538,833.032276212651
29.57614440804433,44.97424577502706,0.7159064740349388,580.7106439431519
35.29080445688665,43.80093036583882,0.747543631457243,979.0919206999197
9.926749470737104,36.57227795591474,0.7049053502340169,139.38112279308172
15.815781896678002,52.18456251262463,0.8078186979508043,825.0447611240353
0.0,12.507298857744711,0.7954007827976199,524.1742003506334
30.780787408511355,22.340701715843778,0.8660436088855965,953.9924838550542
23.278190584313943,24.223751843758382,0.9167777079118493,814.409685250346
24.235020528942538,31.231259935101278,0.8524993002828015,643.6503649488782
39.776334478847104,45.01940730935182,0.7583708814996974,762.3279989154099
18.625777018609757,30.95437850197678,0.7696590020363868,872.1343556793522
34.464633481094175,5.826037466532986,0.8401611946116965,522.2300526866452
38.85488119606583,19.934323125681757,0.8916802527910231,820.19667385414
14.138561586473466,33.821727725093055,0.858212797936051,634.7704230030299
26.719867616931133,38.067282461774035,0.7070949050159028,622.2177166852528
18.388447136474728,46.56101880522483,0.7057110148916172,789.3436286940047
14.393359254306215,56.44462949407592,0.8374754827997499,450.52898508707153
1.6837773207043756,22.60844238195199,0.761792730421601,525.8799995864603
39.110634601355294,35.95526408257194,0.843921452717056,404.09065716119363
2.4904937459553658,54.275569458565954,0.767302515329212,477.3714026320441
17.343109915446398,47.103327259633296,0.7866306944514718,931.3259586781697
19.670905463850367,22.49386788351697,0.8252159133232165,267.38629754068194
5.138577646623051,38.17666476213172,0.784832970719731,427.5971538958887
17.779345618846445,40.74729429224496,0.8998716551987656,70.64177485979059
9.0437388255123,32.513760980827065,0.7604165825503697,85.93427109234216
23.895387442935533,36.014067088356654,0.8588560566264424,377.5101330968346
10.544605827331909,15.297379251067644,0.9034328520359642,968.1606020609838
26.601466523389192,43.55653514759511,0.8534954797466339,535.3848091114625
0.0,26.529931792853017,0.7327996229732706,758.7014955509812
12.06046545029074,20.852426324697877,0.9103265659786416,206.59900659333965
38.33052406774257,49.80484708531356,0.9100215892702823,168.97285248856448
3.6796749772775454,12.149501146308868,0.7912635965963947,292.71815436559285
18.308485212450925,27.220502792168997,0.7752027056757815,652.9640630941847
1.3116815307389158,27.498785004317707,0.7351084093354142,494.22222835261556
29.350558093394827,13.325118960608757,0.7009101125829789,422.8580968513267
20.58422411134933,13.167949483169656,0.8204986835827774,834.6018428823692
21.445323395456516,18.673172952721423,0.7487871163042408,253.93807601230372
0.0,22.549010490702614,0.8829098798821335,436.6032926269837
11.235247057216606,44.9305921671599,0.7603216128871635,439.6818341522735
32.99346204065005,35.755197738487446,0.7733752436087327,931.9850137683607
0.0,5.216617540326807,0.8657136910032313,374.78350843652805
2.8856105781916623,39.070931246821644,0.766744961192461,274.54017050353167
0.9582786432189455,49.68897757714336,0.9346960477415899,850.6929679351678
0.0,50.764295749855386,0.9283130251207513,297.4532995368814
0.0,40.10581735813632,0.8218737523330615,363.9222102834408
25.270012826783333,15.350811195511062,0.723111810737932,410.70129755588925
21.26440032473803,21.196090752765407,0.725213824616639,239.1091632763101
16.929940794826422,55.14525412902792,0.7120142286658077,259.2076357314982
16.25774451662168,12.743915231099363,0.8651875290241926,653.7318320283553
1.2132415962402336,43.25030353497696,0.8139768308986685,306.3233332989524
39.44824968468164,14.801058344235864,0.8565607103209691,804.388758964437
0.0,8.352130769472216,0.8697236892809177,998.252263619483
27.85045827251532,24.317946194432082,0.8777034688544105,500.84102030379165
5.804767756364765,59.89745542708684,0.7169647343502288,972.7638564752059
26.823674244416054,41.88156337154362,0.7940490826276232,816.8961330514755
17.664929270313838,38.53925971672866,0.7652524067474111,97.79767455797042
0.0,38.82025621324951,0.7141431934256602,235.73799876829256
7.99440506358613,41.243930183006455,0.7457374308365486,313.0771698279848
0.0,13.500457486962317,0.7732082186206681,483.19002189649376
36.781158552257935,59.98178479685586,0.724577000849058,788.0138405072826
7.170519827342722,16.37587083333817,0.7307432410624786,114.32920465763196
22.322010932416767,10.338599836582386,0.8815724896567305,846.8233477452064
5.830067548663327,23.05238946001978,0.7148283809399263,79.71656052120856
2.7810099209249586,36.88383750479353,0.8571608171643275,540.4048746565607
4.7526683594914365,8.40559792301838,0.9253023906075581,885.7424893959246
7.62509432256436,15.512359503985873,0.781823749321964,234.65745631157137
31.710273335141647,15.575060729317697,0.833369660610739,465.1142108033286
33.462708172597445,50.87789836787928,0.7052091435059531,528.3578614561101
39.200009772868704,32.17580373236143,0.8224275917888699,520.7109071737058
21.147284066818603,41.011558821652784,0.8349553071339835,643.9318764844354
8.38092959565814,5.416818050457862,0.7679871269220645,643.714191560247
16.32999634762375,7.351302754979311,0.752731556356677,794.6204465860753
12.501978711242984,13.835177239903711,0.9158389746336286,269.77914907915857
16.473979909786486,10.528167558369345,0.9427776295601102,542.4538974808896
20.088451035293375,57.39380293592872,0.7673465764088582,339.1542818763294
8.169257959529112,35.96636533490585,0.8257124407524341,997.7256524974498
30.491742755017608,33.549640788303904,0.7310459527474849,562.2121603447493
7.376980230437061,13.44876850872026,0.8738048803832834,341.87615655589
32.903349129606546,41.5443634098927,0.9256456580731045,693.3541527938295
7.151824680229411,33.09782697929097,0.8725775571502008,511.36470705036237
39.52081477686907,35.55069506247945,0.9104614505928253,756.9115394633101
0.0,5.2907928567115,0.8815356297289153,773.8267202110775
4.39120736713363,5.3408083328448015,0.8442369773175572,162.36492832525937
34.540606805529386,30.61237022241503,0.7707578889582607,537.3779138122198
12.580346032522097,31.713239656370707,0.8791408178161197,194.95333161937683
3.2324819566256537,24.015430755171355,0.9427228525936,677.1586021856563
19.08601754489618,45.027333143329855,0.7580045032311737,123.64455979052885
0.0,31.78721189184033,0.7225664594382735,767.1034914367839
27.313053878662192,51.06297675743743,0.7352220801014293,863.6013724973214
2.4241769881137474,48.463205989403804,0.92509177021956,629.8293428176962
38.1391390903522,18.094641741052556,0.7988992707846057,450.6858027439467
2.2503582512798213,39.217577725725725,0.7991692093008695,825.8301167646094
3.6238366605823016,9.281372961582306,0.7703391289167831,197.21503058414783
7.8527612495187515,50.859626620474465,0.763959175095032,289.6385711234651
20.607082983935676,51.922769184190074,0.9467514685166959,607.7100028487798
28.867114005125973,43.909036666062065,0.8703635768793384,447.8747896543834
1.3492455674382828,35.6271671451419,0.9139683498037968,619.345459829068
7.579488051253594,36.16208592619922,0.807482139015694,753.0986034579323
5.272497964144371,6.526220226795935,0.7090996987426113,691.3468409731322
23.713584971601353,10.238876004945862,0.7599818292124236,896.1979493379927
12.966769466284017,17.018477678900517,0.853535354707003,867.3532598368739
11.53429676616366,20.508384489723483,0.7800381800043206,421.53355014332084
23.720628823649964,6.970601382395824,0.7298023023985284,466.11151662163735
20.140715739691807,8.390125226883741,0.9092943980529006,788.3517656395906
16.148175557248994,49.13691632305066,0.9371991563623409,98.27630454315678
29.743340046978933,58.34668402065962,0.8912204937602092,404.46837919791824
8.812921853743177,41.6438561203864,0.7581719370575809,760.0725808107491
14.449759284842527,10.671826140107882,0.7689909474082288,870.69863192905
22.75566295471445,33.333251136102426,0.8782817503257494,762.2026669677823
13.412197855652142,57.54399653320181,0.8930361244750986,659.9470987197916
14.13796345912719,55.49888365367597,0.8923306890492587,95.86654803014994
37.69238192642214,44.96006261952819,0.8861127973651771,852.7149204652662
15.781113020856573,6.160977962467042,0.7468418305672291,468.88960935770547
0.0,48.227184874736004,0.8856953015699445,741.9816405254094
32.40032457132061,7.534494500471638,0.8301414381020843,771.7705227814442
20.61184797912109,51.29311395038266,0.9404941354920615,863.7106963813758
7.516493344980362,39.4592306384829,0.8168683988788454,360.470761861556
28.39917188853135,55.419811064165245,0.8854881544396751,498.6074034166206
4.993937744535085,26.5978154710049,0.7387732185640381,358.45115279774234
34.29896304675893,48.85529707091829,0.8810245312959619,927.9641798395862
21.613716126179014,35.81091172487138,0.9392278152648554,694.512660467101
36.48079756522869,42.583175197131375,0.8457661551232292,499.6226079207418
14.711650488853275,18.620080444967176,0.8044628220108538,835.3180195737003
31.83379603659018,57.0591451719109,0.823887389120536,560.4699294973428
14.96857268366973,10.147654689229173,0.936935566596791,503.7901085795261
26.869860912412303,16.510810299152823,0.8633130182021366,142.52061675474397
0.0,20.832631065654372,0.798256122073293,731.3823384863101
36.57598136558486,21.555408769011198,0.8072802016683152,795.2645963384911
28.968221024745525,37.80948059387145,0.7767634990702457,831.6867902039454
26.0200984697927,18.409472380878594,0.9295968658468468,263.75161328694134
12.071296281469792,39.46803462010018,0.8244506187843068,445.02085107052864
21.695399023513964,54.09114677574677,0.8161025068851224,54.53998224060527
24.707932190500646,28.132865431419877,0.8058553705957712,885.9577137864238
14.228305549005292,9.15589529157135,0.7161656646445173,562.7042244516143
20.49665524810726,30.977587632234112,0.8763868224308146,895.9500215991384
38.326303477287524,37.05991082322292,0.8039529483485577,647.6651132265563
10.913439648277237,13.433026372574659,0.8856306694830413,698.9057408413859
0.0,19.180797563913405,0.8614479946920236,445.06857046049
35.765251823126015,49.31625408411795,0.887713404633762,514.1996849192561
33.621479433122005,22.014649326517368,0.7873796282044092,46.92069715938626
16.705829491739255,9.050768157199698,0.7867079504849824,366.3908783177956
18.214347159711693,50.97008312335895,0.7667964745038882,257.89070502655187
15.280937365540659,50.58577671911872,0.7691741487316254,125.70653087494321
23.335243739604742,11.41424580151803,0.7112524864394834,866.0264880368591
14.49380133751358,8.037291672470518,0.7922491265995744,725.0844333749968
31.85534870309606,36.02749339100454,0.7429765128701084,856.3307107429725
2.9956077944951316,6.9558468596038905,0.7436448265831482,582.3996069995916
3.8228732481549543,10.727412983557647,0.9062472603050249,321.5041203769737
9.78402690004882,15.302357331294512,0.8368028385419327,713.5058276927856
30.395841900650705,39.191102557472455,0.8627453143657686,723.0477681220007
16.69972880359854,31.50046409156644,0.840344851041577,709.6721967684808
26.144106639555584,27.977447643703236,0.8828926389080298,847.0590764641657
20.44608970133043,59.012517170780484,0.9007075648270619,909.221759793557
35.40772028349335,37.21279045622731,0.7346314467527503,681.9307481915133
20.156515074981723,21.767872396644275,0.9339649720942415,761.305835092912
33.33160916399756,45.83053990695844,0.7463870539382157,440.5966023221008
0.0,57.23981992215107,0.9342584480377906,568.28642440504
39.21922102260324,48.02633434235949,0.8202470399447221,319.19088149687843
18.00595824068822,44.50707382702698,0.7188040145017972,47.3572104474578
13.857323218463584,45.05967375929189,0.7093929851957658,565.6214158392042
5.120606076787016,30.333419335232776,0.8702035321972423,441.7289001047066
0.0,14.359825705977086,0.7662327149439941,41.59149946704815
10.787787274807197,7.51431955364198,0.741110009259986,661.090064637634
9.1094377779523,41.66932378379779,0.8169310188145656,970.1394926025122
38.898846485343675,6.977044612125765,0.9080295512319382,704.4944457220647
27.836582706643732,54.04314507324318,0.7501847857036136,925.6327743483658
0.0,11.999915148516832,0.8245192220970877,647.4392836169654
37.7262910531237,14.528977341908945,0.7550113434607083,603.5728717008299
0.0,37.62078753866054,0.9377806153375284,856.5441950984341
21.92449388124695,14.86699651716712,0.9277308733969687,404.9553739842968
8.694188775802695,23.57151157992309,0.8678437168958971,827.6633366408992
6.058802600181619,31.027532685389325,0.7346270851229839,770.2663662751086
14.2258459455778,32.7212525343733,0.843964165871123,972.6825994792106
0.0,40.530344937727264,0.7335028436055041,56.4864128849727
39.73184381999244,36.37640776456171,0.8573801933436795,823.3181859616063
18.318210174874828,32.190619909648994,0.9298312279293739,804.1260944109007
19.77588018381375,26.22765707260796,0.9380432761077202,742.7301573498963
29.317907100660634,12.327485139261926,0.814449442492788,920.3142103787808
0.9886584385774371,5.895155772640177,0.9142072050877824,555.194517412428
9.371023282146503,29.4455762295153,0.8387521842015395,649.5891861438927
29.391313236233902,40.54833228622679,0.85910652801547,795.2339899259808
9.27838140395467,22.016927877234593,0.9317614114106166,199.1547297652926
6.549456951192138,51.772420570833354,0.8552651354237063,797.1653918544584
30.307986241127825,14.132139465792582,0.704490314539768,587.6042859982474
0.0,14.43643199179172,0.7291900215891332,462.8848414240126
36.4044164149307,16.690550671636057,0.820942977618671,115.50233626488371
12.27525091974969,25.598989166471284,0.7988035426613243,180.67895915877773
32.461586177374045,5.169805400912773,0.71438117794872,138.98342370476055
0.0,42.82536629656895,0.8598111259723443,148.5779452236683
21.764728604877284,48.84471511186049,0.7522462254708734,920.5884315608175
18.374838401549802,43.33123674476235,0.9347648903156315,530.4083320583799
31.678983415503,46.87076485925858,0.8692912610330887,211.23594771304468
10.2229065067291,20.859961557679412,0.8888641449172937,514.1075538720911
18.495214666217894,28.547360519603064,0.8398387328621347,559.2175406393268
30.75960749927884,26.70369523047234,0.7369941434316595,76.05099505501336
16.03339928106902,25.454895151833732,0.7122340908964734,552.0219713718732
20.315920300200272,30.253441872370914,0.7804392652749703,270.35151344087444
14.182196890042713,12.872449312188659,0.8117277909943371,734.814032469121
23.906961579063207,28.25380657298995,0.8421013412258451,525.1094500674424
38.77528126741495,40.81276402704383,0.8376391578367104,872.6398146883104
39.94226411628941,50.20825823671666,0.8703720120312697,783.7471324891569
0.0,13.925954066393386,0.7200192623215156,413.93366659952113
33.03674043951802,42.592699185627865,0.8345833787863257,699.9406551003168
33.896606876645414,56.01154247810182,0.8975046004244187,893.1861677473489
38.33382948165382,49.480788296927784,0.8509701077756051,610.4085924607316
24.184754202705744,57.20800029860414,0.7042522488808032,178.5579909140191
0.0,11.719613531760517,0.9461610537359528,795.2241033636917
31.657468538482906,38.40263561971963,0.7866763316344365,511.69028132528285
1.7717212733724963,14.989960656637336,0.7577808692523287,808.7090744722748
16.454693955326448,19.373359831474737,0.7577785392722609,867.4329798978206
31.59631927941391,16.563737699482303,0.8790943031622809,721.931516283363
0.0,31.407880767081437,0.9143802951572977,687.7456137174026
10.707031218178363,14.819468471912076,0.9028043623503466,188.20336702606994
4.04998228630505,12.556953397435631,0.751563436561914,798.1065542706148
14.346474789478096,15.840848635750824,0.9236178936983528,669.6707726046483
24.10621828587556,34.83483121832825,0.7391078279806504,47.91859568538328
23.307495022440676,19.80137702495493,0.848397916606935,372.9148457974037
26.047575679442012,18.75095560212403,0.9186381247569214,944.6288702214711
23.156399436461495,35.68340615525162,0.8668114827128772,75.60998440986616
27.673344104361117,13.480371352546655,0.7279133636461913,324.06588219925465
0.0,30.416387254313243,0.719507515313834,521.4695246042161
13.595460009398055,34.5366256107093,0.7095602321402914,621.6166139983699
8.650265985951437,41.40924546648433,0.7133162089845613,40.18123649331873
14.192660580035387,59.79155796343074,0.7757580505223939,649.8759091805307
9.68292896359806,47.23857274812636,0.7215446439997583,88.005889104782
33.469307405137485,21.360683359384588,0.8982971818472691,887.0627465264179
27.739082501976654,14.825076991523293,0.8428195729864554,726.0114576462269
23.949945439420322,54.07702602835998,0.9137313078256383,191.20306599421784
17.15559845150081,21.403576937082672,0.7732070078269332,319.1005228434175
21.306326292443032,43.298277163697534,0.8953112208447491,382.59108770940895
14.627771004876353,12.489920417656853,0.8666209453554484,957.2999969071855
36.51768461128195,35.08384568015372,0.9377046310039121,80.07070223920785
0.0,37.022923032240634,0.9391847403573764,681.5965809359915
0.18062718207129486,27.679303070101366,0.7503430352609749,658.2152115599791
3.6762876897315704,28.53954814858629,0.7682589399611273,106.83944288468957
4.4364651015965135,51.866214450315184,0.7821875664127708,655.6138127968462
11.6089234127863,32.81404399211296,0.80475164514164,540.7279543532534
19.74135713788166,7.8667638237494195,0.9404418801493859,784.6098744956961
28.48505120363901,20.781367643786165,0.927760182529199,254.60361105367855
25.64285660852706,25.875026871638,0.782398606132628,79.3066625028504
35.64539862228219,33.57724299528891,0.859158052989168,445.6952047905745
18.50457865316749,13.593288008269644,0.7900749350695395,721.8545165154575
20.52517045012833,30.8489913702889,0.7271467808467587,307.128877117216
12.10799861810876,56.50825100942912,0.8144973946184403,888.8247730939714
2.3023732768795293,53.37265005546108,0.8124212581430833,585.5450996006265
27.868250997406193,48.30880312714917,0.8410426969044908,711.6372440487223
37.385085633408565,54.65725797402927,0.7030325320569772,396.94056937518957
8.564426007650026,27.947765608383445,0.7440863159087373,882.6497857857211
16.102262774465895,10.924550217996304,0.8813017127137156,892.6242416285795
10.293459999250254,27.451638618746955,0.8897030561803753,982.280418579671
24.57927423231555,9.316959306208922,0.8801602006719992,764.6650120968029
2.0190222129421427,8.873129651172443,0.8703520009433136,451.64945951228646
7.715681829133236,33.00314098829072,0.7118973825576173,425.37782669100545
0.26414576115730687,59.960670560693906,0.7472263227104392,904.737853684631
9.30577430647204,37.53791774184846,0.8877091905771359,540.8365311916626
0.0,14.52163126223031,0.9426390999455984,983.8875629355408
17.71388736295665,5.86723281064068,0.8240000135881649,927.8855981607763
16.625399104134303,16.47515010316658,0.9373086938182322,563.3914284204668
24.07709566299494,30.969646700995767,0.7634511611922631,279.11569955226514
17.42155663147516,19.98758650446782,0.7982928088905031,211.25519728645057
0.0,33.391821069983415,0.7324429786603013,647.1839196776687
0.1620920910670403,10.95076919981007,0.7238624071431896,754.4266917010261
14.601529679587369,35.16188409734446,0.9460286653550627,316.84976621206874
10.429100819392799,53.6076755459929,0.8544354472784618,982.4844388066351
18.7873887809509,33.01732035819232,0.7028608415813188,643.2178473993109
33.61718328480676,27.951914832087233,0.816731109848667,949.730365476419
15.90109881271934,29.72122046402689,0.8943445249828128,339.1621709457232
0.10767020128717213,34.17046178592388,0.7789545920079098,817.5002570533798
11.695939478571846,25.9991905888105,0.8095812333925064,528.8073823042314
25.78951138012399,23.925816149301472,0.9483410434068013,931.4935740985746
17.529059376565083,44.60220938121915,0.7785583492145267,153.73650651087388
33.634814423592985,27.5366698461866,0.7010584482592063,102.93010464343095
3.032607705497631,50.88485238083108,0.8687542777157405,562.0751313522793
3.337536924424925,33.43751391936157,0.7735371631157536,620.8582338813301
35.7305612197041,56.39877919763671,0.8672570017075654,909.4763015598837
30.23597060623901,57.1430457581417,0.7576413898482315,656.4309651473942
37.792308050888,13.459675620749248,0.7204058173429738,344.100301661345
22.44393684193901,26.532933533949354,0.7279887903240762,201.86075692839177
39.59057222003587,12.707009810739818,0.7264152831916908,70.02324913856216
32.708700992954384,48.53336386639322,0.8765665226034929,78.20854284356204
36.74296054432317,16.932436570171227,0.8263880774301416,611.9346997201245
36.69673043372664,39.61846241624472,0.9245441070099161,660.6080687419493
0.0,26.946517228893736,0.9111667684454328,670.1748748241712
32.80945741600969,52.62706986200152,0.9036010059982319,472.0922854501671
1.7118484761569082,24.125429407124415,0.8421569749813222,924.6445099542017
9.955154981780085,15.121378128755365,0.7791708520555587,793.3944298115919
15.631482974756524,43.48709362076087,0.9214922600400081,672.8681418118663
28.639986060772017,22.11882314060228,0.7820000573857008,461.56546964844176
0.0,36.77573105115597,0.9428379314585652,388.53816580824923
0.0,7.274059235053857,0.7529366646878269,413.77279681193096
32.58108501388596,30.760576295479034,0.7827936224717607,590.7432726697484
1.391474327613996,24.360130319226847,0.9175206826659728,260.52465511141344
25.666635778451134,13.913439143360158,0.7112917790267648,322.11354513666157
0.0,31.150930831780528,0.8169226793183685,817.9335546001648
37.16242979944042,47.72974370692222,0.7243369288072197,728.6805794949033
21.181305020260695,42.58816671425965,0.860765986068457,902.601302517513
18.14469271472084,47.5412831566741,0.817533590441192,728.4082967788977
0.0,13.451847842877264,0.7314688931128006,159.02633538491915
6.07593991446538,54.85503235055874,0.8456067294380255,758.8739405181398
0.0,46.87720704930634,0.8074628184267432,941.8970631778567
34.73634683847345,8.903592229969709,0.8417228642442985,840.5830461845816
3.283557912875705,17.41118794420992,0.724024125924483,767.921547878771
20.952396094677457,29.98848997016321,0.8896394727499979,415.6355837415409
30.03141293073004,26.575770558362823,0.7711229449323111,648.129104559301
0.5404739852141162,18.39205230601782,0.8563469348322426,636.2758415670013
12.828362544281546,6.121218585965673,0.8020101908200121,207.0151334680059
4.0946681160346765,40.30316205688014,0.7818034666356277,877.4506024874711
21.283538141448854,32.75717436726798,0.7140496440619016,234.2811492556085
8.790262812081467,21.412944270219878,0.7363475945736403,403.79561180796577
35.346842357733436,56.54411067510748,0.8893284431862725,316.4134422655987
3.979969098797165,28.753949643183805,0.8578878587936529,502.8309517000111
9.33993746613902,19.634044029819695,0.8488738787411476,169.59351486216997
1.1809543576043395,55.24904185344615,0.8542997228236481,521.053074220874
3.291122694421432,25.18505681920134,0.8237707119298693,992.5689925233755
16.28553505008242,49.42532691653232,0.7608103688345947,822.0304266389085
17.027341054306536,24.04556524719972,0.8183387834427769,308.5019771074657
39.4414556606527,48.70073504061722,0.7155250830270798,375.80884346572583
17.986185464284166,53.654609046663445,0.8011602962815307,942.9826329055492
19.10332732557119,18.116374764594422,0.7739734746600228,382.76621584369855
20.366097525884232,15.37440641999051,0.8990019146896406,974.050689396744
11.056145228432591,26.660227775609446,0.8021770444095828,383.98859338710264
15.739435478536555,59.591048060621205,0.8973839393837703,116.71073741077731
11.052223649293804,53.75405390654292,0.8162150059309934,971.5297083950738
5.779747840915134,58.75855723047136,0.9469473062168693,386.9310432644281
25.910481257767525,15.325444767852085,0.9024637100987405,427.4703974147137
3.7135809017187533,19.082800277943786,0.9377632243572812,506.55199640634964
5.905941661040185,14.53854290455837,0.7400619208667946,925.6555558195764
10.013067778545736,53.955960541016246,0.7425427567974213,83.88360413318136
13.38321243871804,40.8596758159606,0.7661215239654613,347.3200732594332
12.629072542929924,12.228941836210227,0.764473439861043,349.1611786422851
28.621983660512228,47.75767404562483,0.9349912436092496,974.1182502895768
37.01404173973366,34.03143268855522,0.9158139713020788,419.4133438963
0.0,34.666431835328886,0.7594233537913004,910.6001218339735
38.37044970179308,55.16744397852002,0.7904156769808331,340.0330044301669
24.88275522947511,42.505465402731716,0.9275411630577809,180.49817650438214
33.50341890837692,49.29725884039534,0.7999794970550342,822.2942362545301
20.212832718715628,13.942328810847794,0.8784539644532804,678.1925986534682
21.939866780377276,45.55380162876616,0.8764001377978234,137.6827112463999
26.012054647388876,20.847537656938158,0.7306797226310571,912.7630954211434
24.532926046580982,52.41537755654462,0.8730853590559002,729.0064251357328
10.979225612551696,25.806583709668757,0.908991977204477,312.10876930542435
16.247115815948483,19.951623459732858,0.7671444832855375,536.4657782600922
16.551814182622795,14.056600543998535,0.8253558330541301,492.73441193044664
21.02562228506705,24.230511423311498,0.8511960145885251,885.0126101218734
3.8015113082734175,34.370302640869966,0.8561190386322773,927.4915222982545
9.545717763567465,6.908209186944004,0.7272009679122959,888.3346673330634
12.111542365595525,36.5587217122709,0.8194473341909468,825.7510955426859
31.706597167884887,49.3842888255545,0.929672649508999,768.7756321580749
1.18219735955686,51.03806042602126,0.8323198419072607,696.3087923807724
7.697825807664163,41.016276704873505,0.7734162120079128,842.4077699604319
17.449359033073023,44.75022081925082,0.8552776318200621,750.4255640116253
0.0,30.280629813102742,0.8422989008078501,286.54118508211457
26.30849401720382,42.57645084470754,0.7598806314562966,941.3923321838124
23.172546220194484,5.900213707083527,0.7093343655044856,405.3623271706102
20.561985436512675,18.76118516869905,0.7868654547285068,840.6406156089434
4.037464549030381,20.77944331097258,0.8670205172607481,530.0773804798354
30.567056192378633,57.739400254568274,0.8449961730937899,269.13390291509336
24.28935408954996,5.6755998834044,0.8495787697550408,657.1781181067519
31.855423780249257,16.346399344912296,0.782336624344149,339.3199190078119
0.0,47.728518915031714,0.8834449276409219,151.8535328666425
12.941887977434611,9.777203901773904,0.8464257289779638,579.0212354213273
6.898026677493786,25.80324598640363,0.8950066438520011,305.1715862017764
0.0,35.302488638326366,0.9274350852535845,978.0906063910411
21.57603579301814,56.02155695075015,0.7521117475679551,888.2149988468948
37.06443570117579,23.079250046498142,0.8018784656954638,351.07186850931225
29.64377073695127,26.32529003735019,0.7887246743629539,277.18937010079424
7.908236938349817,28.913131874174393,0.8935319990010914,436.10038537476197
5.934393487207497,52.51530868743289,0.9455814241632152,851.9450304268233
34.452503166825984,41.97791791370553,0.8852338225916826,542.4987866024807
0.0,41.4804871292054,0.9290126377240406,458.2107145007234
6.546443681655178,5.5319264708549225,0.7677906399167039,756.6438182054819
22.906208164806127,51.613745623550344,0.7089840826993603,962.3804158437633
18.208684796144308,17.626098648579372,0.8764499324669204,350.7496230243973
13.338514714287994,55.727970607626034,0.7217786065040821,616.728287187665
25.845517634326228,49.17983568809287,0.7472184005721063,903.5596331874839
37.10809405205874,56.93827850927812,0.8460181751024592,221.1938828479319
18.06585856859698,52.2045265150299,0.9474534765417102,619.5829205434694
2.8566748269065476,43.57209370070036,0.7610309732160986,881.3087651825962
19.834468790135343,33.42416446781436,0.7220236983016557,582.7735770204317
29.78905984750477,41.50189485586092,0.8363268068306771,151.73076944094106
16.60838091574526,31.731541538616195,0.7972565628406134,183.27740728091578
0.4403877453712581,43.52980166331022,0.9284563589391158,756.8910249910523
14.194269196855071,14.143085460934055,0.7905754374072691,181.42812551602083
8.203686075017602,51.65985658243804,0.9074366220279345,125.65801592804348
9.51601610255615,12.002223828198257,0.8644068725674351,655.114956084009
24.106525608857382,8.549762710264774,0.8855082856764408,852.8756539656752
38.92681920640566,8.43267850035961,0.765190012500619,997.2062760829386
11.139549641241251,34.98454997956503,0.9015445099265571,832.5313303090235
15.089684018879948,5.115216293961403,0.7843676865630499,634.6495010748029
2.132904550559564,14.667493476508582,0.8031427879685372,673.5441334158792
8.290226745913268,14.847547615098389,0.842856242157755,848.1881924988894
12.316544611475628,46.58206822287084,0.7795503555401242,869.4342097391819
18.64861152584775,54.2132683351692,0.8814010564201743,493.5782507795191
34.68078526039322,30.516769040922398,0.9374376599316929,194.38303934901782
20.015701856367713,32.586691146060225,0.836552294152949,120.7120949655307
0.0,38.05089145311671,0.7606215888814758,748.7353042195324
11.019784234584842,18.276000474319012,0.9213997932275553,192.99895864373343
24.34531847599031,51.976620595492896,0.743374524547843,138.89218883584954
10.558300687114158,30.373255386734,0.7458863419100407,57.35583558840364
17.918814051527754,19.884599055701486,0.7065592178248028,234.7356840057351
10.872188037959162,22.797493925909087,0.8872713322726564,794.0103807911659
0.0,42.67205700730394,0.7083873957847896,182.4794479102117
0.35481730017023977,43.64475367863967,0.8533522972893917,373.13541381263923
28.587938616381315,27.688859475974144,0.7578814014818056,298.3591101821316
4.285301685987189,16.256286882578923,0.8582305083402002,558.3441631715884
22.190747021853102,26.267436116107998,0.8836781914694688,469.9054392227613
2.886745470202217,58.52991663675267,0.912495922782244,625.696862569892
34.10753596424616,52.54776516340718,0.7340201817746331,376.55686295878667
19.192542492148096,55.07705733440368,0.7587694962418557,223.02240981124652
0.0,17.586231979477184,0.8656110045253153,990.234329517744
19.50649656972379,58.32046507437129,0.8864317955223334,932.6158497416296
13.484047201858917,40.96626097650545,0.8768670655494586,808.0748578524301
11.106963170143322,38.06249384425818,0.774119137674954,344.8915593690745
38.1395146599848,16.219176327004995,0.927936427318934,725.6286546796991
9.546197641039454,46.6653841873415,0.8244939796492963,369.91876892963137
24.136398535241813,26.028904942390913,0.7529889862377956,810.9362807102281
9.098581487653846,16.31850128017738,0.8708043645961081,562.3367914274078
6.431102070476645,23.58549084229103,0.7785486391980108,649.8784463078462
11.05674178168335,25.27136394993361,0.7255008535108013,482.02521126990706
28.377804743846703,40.90347526794169,0.8345410782948048,688.1368893714885
18.119238232044896,17.243664628936024,0.7320437732417644,959.9712794443653
11.805109499005221,27.552059626597654,0.9431390381862309,532.0487474233172
2.7738215535379913,14.270461061292878,0.87340242628362,752.3205184986386
15.600018928953519,58.9706695079095,0.7422444337836356,289.13315213572395
36.03134267435471,47.760471815281186,0.9346937818279077,183.08974065203202
15.623153988816242,23.88768143618824,0.9394866631247567,710.0940240086106
33.623789421160836,16.918863309717267,0.7173710302069622,400.20857834488777
0.0,15.739758989532833,0.8870118896670777,645.7220947980458
29.508047110095156,12.393420422593774,0.7586213055442894,527.7345837281475
33.1383993773502,32.702650518915526,0.8717246248845099,454.9832433531169
0.589219536726627,59.97486085181775,0.731228545395427,157.8892191600198
18.724585518782177,29.87793706079944,0.7180365147853656,633.7173092371046
13.885456135975632,25.220009506898894,0.8523848784146967,128.00744324402763
23.508575364790666,49.501001910825586,0.8176141027496705,283.7263084595662
19.32187529283788,27.929612671197802,0.7390514540695441,796.4875410760459
31.940948605989,13.780164027685133,0.8266742324318477,948.063977102036
5.149934438197668,31.56003483786027,0.728275903809997,976.4591018696927
28.94044165490286,41.38106279955043,0.7388082520126013,407.72724774141466
32.495749406974454,52.62687781246865,0.7978900592685949,590.6026991340972
26.256410352653255,30.841074740224048,0.7746189358410315,600.3249276285898
39.77533226172525,54.89837843819123,0.9333556468536264,603.8178034252528
9.076456280458952,54.27060416445193,0.7946710170328914,973.3984529891386
3.2995666057092277,18.187075732508596,0.7135970939150973,932.1448526136103
28.614528023038304,13.1940995275601,0.9056579041797909,318.7451232015527
29.81501194331914,16.800730162784834,0.9198806527161734,606.3433498688951
9.740878994525389,20.04623157364049,0.7547405888187568,63.949691582175774
35.20938671733161,59.253201297737945,0.7391809150090801,287.7247618386614
0.0,30.101105657801636,0.9042958600868949,269.04313236088694
14.927545976114477,12.522567026517292,0.8235572109624069,252.9308495727642
17.074178270487952,8.22227957825191,0.726845253373553,104.41132163135258
25.371549604256163,5.2521710604310305,0.9445477549187065,196.3186558883337
4.609741349120318,14.553269306945765,0.8733817862784783,950.8011360348036
4.514267330785039,15.546557648346372,0.8923506786077582,268.8286438334428
7.903344013735527,29.24872146230846,0.7100334165644899,242.72200997180207
0.0,13.988782743052678,0.7659611877616119,382.84228938173584
20.97117541141007,27.601730726307714,0.8221608383670715,847.6031190670849
29.87839835203784,7.958526097853042,0.7522564673717835,779.7334523132287
29.991781674300675,10.223401578517974,0.803271782459235,244.0874599580918
37.13065390720895,40.13074815404233,0.8784136782692415,88.53675135199143
28.214616244913202,7.620865579133777,0.9016944874961931,953.5582434994021
26.589480383029912,48.163666416173754,0.8438101549965982,947.7075770789704
2.8461957895521017,37.227188411786116,0.8026881015883027,979.2226575076894
21.67618510455707,13.467320483614193,0.7899695041056238,346.93826706833886
0.0,25.777820149406246,0.8611801328103793,322.21492415809666
33.625716809403045,50.871852495832925,0.8416474821882215,651.2625100168658
33.34874371346946,56.854943760520136,0.894698856534272,288.32293289741426
25.85910903556047,58.99848755410404,0.8337641390418433,489.16103300846976
13.368256041975952,58.38239101887357,0.8610188402426504,264.6896503093857
35.08167500645912,44.04187971813953,0.877937279958982,527.6869442735893
17.96801840103546,27.515093626473558,0.7152483568481762,708.7529966169634
24.06093198474416,24.73829775533786,0.7175286095042429,251.26925042672548
11.884395954421898,29.24721346260196,0.8293770320971842,612.3305176533316
32.01098588313049,8.650821049643513,0.7999337916719444,111.10558688747747
37.40210632116062,55.087515015120765,0.7162374896316608,276.354280765115
7.121179841555674,44.612814476228934,0.8952998569747778,905.0881962094938
30.204609409147157,40.669778279883836,0.9345155653686708,363.8720872157519
0.0,10.365876299312376,0.7126505276952657,590.2746944550427
3.4151902395948226,6.683172561476944,0.8729856645740748,621.2229283115206
10.160283809567295,47.5332154792139,0.8370355828231244,120.69880773254503
38.16454327606454,36.779278097871504,0.924027081290163,93.80411083905753
28.182875890101432,16.551073537168982,0.9117489802237263,631.9329421196661
12.247052205535997,16.274730883122274,0.8968645216016726,646.6445242139735
4.1806918339021895,19.35642543013017,0.8788662659279814,211.38512564250053
13.929024790154385,41.05723348149296,0.9293536878774178,480.3551768408584
23.95463772357729,53.05614303700908,0.9325783616959724,203.2885323052568
5.866330651531176,54.87860527909811,0.7852368679557352,674.5997904304259
22.302442355999485,32.49277006049952,0.8605723795097899,485.4366844559489
3.775389404980477,12.01872944757701,0.8055252528058932,583.3130356960739
0.0,35.57715888457307,0.9214321404467889,503.1092747505279
0.0,46.09828350711953,0.9129246431338155,998.2140606537099
17.260371982408845,20.938473402714298,0.7183638835901401,60.22185886067209
0.0,6.7737913266536856,0.8988754222594498,717.8051284367853
30.218912850090206,35.835405212989755,0.7661933468881827,854.03460840053
33.05092643239877,32.54711442207379,0.7067863768184022,113.53112266991246
14.858380475482862,51.778280779544545,0.8565456152148946,893.4863329551059
13.556639361745827,24.570665625997666,0.7927443775650562,867.8800869990288
24.44669161663022,25.82141861054297,0.7077606038923296,655.8945611141708
11.376460124282433,49.2460986025206,0.807635567085117,778.1463780503957
16.89551078680082,30.16579002112582,0.7448373867553368,891.5551090635088
4.668304236576416,55.18288056158798,0.9286597129441571,70.00477298238789
17.834295298556192,54.97313189398014,0.8645057943970318,287.5520112704228
26.980883386636393,54.758596349805195,0.8616939489945564,843.8194593635725
30.986793325539935,36.8353199158624,0.7883760452003205,609.5345741250732
38.629318114655376,38.84141466540537,0.7070579617866171,308.8854311051312
19.337166717877338,7.123569206564805,0.7893497556761462,834.4278186200493
0.0,52.82276383835098,0.8383486886621558,699.2602150858214
33.31758385273321,48.75755689385103,0.7667765193432989,804.4842491300474
15.036386273653573,6.8048785893130805,0.8270931063015338,78.68721677152358
16.676072914247634,13.760418417287973,0.8116337399653129,139.26739272787597
11.434418392509079,13.684840448254105,0.9391437411302134,333.59178183882557
6.389263257614998,6.673035544697408,0.872724809899585,795.0660837596836
31.93941612594798,21.037388639144414,0.842047175376679,498.38086335373816
24.024660559666067,5.067019538624074,0.8792272378433001,198.46313726724813
14.916271420792738,39.992482644196485,0.8546117140518594,902.5229559407281
15.965583351126632,37.15473928998928,0.842664955137819,854.111261932769
25.431781251984315,52.154945267298594,0.9333478497116168,931.6989481713724
37.73595496610517,44.695954685615476,0.7675421046196282,291.65755305140004
38.80717766120409,14.05102930521164,0.8324052756159039,563.5952398508457
35.97470586498081,21.157241507772643,0.7073231957964277,114.10586687034493
33.594031113387686,9.675536182677428,0.9420415658641337,702.442388625775
37.1929332882309,44.19883913083654,0.8664300915597869,655.4555323153348
39.69395316823429,50.81644345795305,0.9007520971798462,747.2904773171047
33.065385548443544,59.94218948891992,0.9177507715595814,890.021957752667
32.44107751467213,23.124402999874974,0.9290106196789869,751.1917357779922
5.479040700896714,12.447977066441837,0.7165383258628497,350.03840072829615
0.0,36.62797024520181,0.7642527935575418,540.9697187868821
33.71560640872733,55.00442752728235,0.8968785437686491,451.85122054561526
0.0,34.012947079317655,0.9473008928692401,537.038713873539
4.042024016552475,53.485270072711536,0.7661049681655894,720.6581612044224
5.4046788203600205,21.362666220105176,0.7209816081881356,737.4298781411765
32.07912299858898,32.59071069806567,0.7292857705134712,523.7989084928656
27.83126349816999,57.41829003559333,0.8268187052240904,492.69373165276704
12.349356296440599,18.38117719304393,0.7537551163210439,87.76516144817836
11.297324681687916,22.41679460346388,0.7803364153259661,648.5130038364629
6.903035539122454,17.64240009128683,0.8396336562898399,92.44900573333211
28.11246147600981,32.00980027122226,0.8132019474841282,156.56410671306418
7.851764396557415,28.970952010072203,0.8440475356142263,806.230880919316
29.212849889552885,23.52381475763578,0.7630185927979172,398.4288390466383
39.043369132637984,8.547033970806506,0.8103451398226785,426.9360454847375
14.436242792795532,33.83320481463051,0.7575479520719737,576.9861183115574
21.013844001238603,25.906804277847577,0.8083012869910806,605.1662116393006
33.60290441824381,16.82125070982806,0.8359373439192571,631.0997741367347
39.49662163500616,6.340796197667398,0.7567183932549076,687.3325998226836
0.0,33.30226880798466,0.7120077336988156,828.5305185834178
33.01912246190537,15.217000925461033,0.7274719844181,556.7471856828059
2.369762969654505,27.95097983432207,0.8687353221511168,715.1740850269763
10.608523826207056,28.3701379983262,0.9042445532322012,170.85419539878086
33.29634256624519,42.51726862449811,0.7086358010307858,967.6436777036395
36.096308542210316,10.277536956394343,0.8216377360673335,630.1188511492504
17.33966545703691,58.47736348980919,0.8558740159109615,174.18944900230025
0.0,45.98021289491057,0.9333283921759064,895.1433191860689
30.779336012773815,35.00726639653102,0.7874965245455524,542.915372718011
34.477877840314875,40.64714658823645,0.9183494797513329,776.8768813568488
0.0,15.035254124525775,0.8725471000449745,963.3984469537095
19.858249465285798,32.40613820588515,0.8786308202617671,822.7169858582292
8.718959378503513,16.656851880975815,0.8590331610463857,781.2716411516407
11.729627259833794,50.65384203031016,0.9335271602040107,342.10715005232817
17.53744873037115,21.461454757690902,0.8819055343227483,607.7607284915184
11.161405070282429,47.1877179874699,0.7761524614944739,622.5205475839621
0.0,33.3886423984398,0.7411484106988047,797.2153796494257
10.111577929223738,53.00636650562918,0.8664625994521014,419.72985618428197
14.176299273808112,10.623424244373316,0.7727389949724925,135.7965784286199
37.37534234582612,6.273749459715459,0.941122997139338,179.6929534559911
31.08804212052187,20.93055589593429,0.7303078208937073,758.6400961227693
2.407756982042386,19.25796553760163,0.8032652838880747,726.1595883193149
18.51912386168997,5.08474854077641,0.8581615654958147,461.453760079806
0.0,45.09268770835387,0.8181526119408107,695.1018660512727
18.430171110938623,26.394365793286816,0.9263250820195761,467.4870831708184
15.800862888401685,21.89550497486392,0.7916526419191777,69.46106342728605
3.933958701686642,29.369880019565382,0.859768933843207,523.198228053121
28.17104601431777,52.82725879001051,0.8420477349586766,350.476789735084
22.68980589083208,43.39753289604636,0.8565528237863201,942.0384997025743
0.0,29.259629963921686,0.77703187656244,898.5076121256566
20.08834032342975,6.3125085287427565,0.7594490053056946,367.03200320179377
30.06303238121518,46.38963581098985,0.8677523709805992,361.3182331357334
17.644202362439678,59.194267288701994,0.7891840970633862,802.5025992632382
30.915726132874468,45.06696652165007,0.9496483283374881,700.6583406981665
0.0,47.471852889600704,0.9282658352538267,668.6398104742267
7.230879825603751,14.03395269146692,0.804324602493127,356.1062901645721
7.7665894904550035,16.585721473733763,0.9497128007232596,329.18409824202456
30.05564866147908,53.57770359565186,0.8360903608600214,991.78991435845
27.964798753753826,57.9378844470394,0.8112681976576472,383.1302229523684
19.620974115196734,59.14952203131955,0.9143782981878142,676.2389164790889
35.39184936985359,12.587863630278392,0.7644692525336036,700.6144046224323
23.894758920268,36.02289927206642,0.8563216362301151,450.32117656674535
28.938277743849607,58.23423996883959,0.9137999669712028,607.8256831955573
38.0685707348392,31.723179312591224,0.7159836579065725,197.61522497922553
31.82257438086284,48.490103274582125,0.7266382814588994,812.0676965890513
20.756874241876577,43.17795738971271,0.7124713454850583,358.89681571784297
20.250790412166303,8.522780624466316,0.8907213667185063,267.5336618972554
0.0,6.52328071016161,0.7616555426278011,791.5424523057208
19.430381984004676,18.334313538421412,0.8685695512096915,895.3920568508644
33.55448136519283,7.5700449164174755,0.775117398030152,473.30931254059965
34.26683463595129,31.974106568131425,0.8405176273270639,382.9436872524215
0.0,45.54601977107283,0.9378689405964115,531.1702223594717
27.153265220087086,11.03086931032523,0.9256395637673686,100.09878039617291
30.113936976035834,47.952523905530356,0.8152780386228421,46.605626515242164
0.0,34.33008612481563,0.9142144464499499,195.69060859311918
38.89428736761316,57.36927493350479,0.7135693485686162,425.80296315958924
27.699095990068322,15.725585451704713,0.8583288816919422,748.8293188423207
0.0,44.275578422826854,0.8261892064331259,748.3097230270628
27.43167788377837,52.72751551916,0.8515262698487742,939.4154943004404
13.531378754622219,43.954808285936046,0.8028329632182768,370.38891883075024
19.425426301145485,43.612150355326875,0.915673941645354,374.889041745535
14.766635112520905,30.37075972732843,0.8819175855101768,943.3771813249513
36.78879632153382,18.475572165864175,0.8532635953785948,351.6377313303267
32.24382206606465,46.16275910407218,0.7471553452770925,703.9924803146035
37.672608569863286,43.258195585504915,0.9032157774844639,690.7378942782268
26.999644867288385,16.285502402076844,0.8218175094386053,233.61403420541774
38.13099417336902,55.77650842122885,0.8869916115653622,348.4048872991257
15.093794402705093,28.34589542237453,0.8132945852631713,582.6635337098891
28.753927210052108,58.76134583271283,0.9195939882495887,197.79018762383618
5.033761194644657,17.08525673526182,0.8006637750157213,458.6193223028183
6.085711720696897,21.157146870252916,0.7705045712166472,430.6586755564998
10.931345383432479,15.67807346470523,0.928293267609732,819.1287741932231
12.387564605912049,46.97782066721345,0.8105853273159047,510.3975686821802
37.953677201673806,36.02780039829444,0.8087898496680976,84.04523854028571
10.382923433783944,48.451153748863426,0.8264587163605033,918.6287827539786
34.53850604305096,25.15737198572666,0.8567651198130298,297.4121284671855
2.004246127234586,7.313805221591053,0.8441224774828215,616.3568777812051
12.861417940674958,28.330001454079493,0.9234559609688852,488.1671326135885
28.669506495758185,27.03499029534782,0.854900314628172,935.6449663605454
26.74074770494965,27.08031588221652,0.8023040914895436,165.83639592054635
0.0,35.43529401941999,0.7618670204243495,915.6320002568109
26.56911162555954,55.43228240411753,0.7353696088515731,309.5992081741498
10.973682187183446,27.239011834513633,0.7688238785087455,746.1107726860479
0.0,53.42638664671629,0.8952867450472353,174.14165700660618
36.11150515177329,44.17076725082654,0.898222176134416,836.600485904271
12.813597310590293,26.29289952878004,0.7125733664573202,749.3070547222285
6.509261175275412,48.3527501753419,0.7553764613440072,504.5839082056317
24.705407276090774,59.56115190586287,0.7508613406861815,384.3163771097823
25.878860651626145,43.73963795205337,0.8130616220390713,826.8725451881926
15.276786831276544,40.38129689375847,0.8722327772667798,232.32334650788863
