{
    "model_type": "ZINBVAE",
    "timestamp": "20260118_150826",
    "use_conv": true,
    "scaling_notes": {
        "all_originals": "Normalized log counts (not used for main comparisons)",
        "all_reconstructions_mu": "Predicted mean parameter mu in RAW COUNT SPACE",
        "all_raw_counts": "Raw count data before normalization (PRIMARY comparison target)",
        "all_theta": "Dispersion parameter (theta > 0, controls variance)",
        "all_pi": "Zero-inflation probability (0 < pi < 1, represents P(zero))",
        "variance": "Computed as mu + mu^2/theta (ZINB variance formula)"
    },
    "metrics": {
        "total_loss": 1.7760649847456782,
        "zinb_nll": 1.7685754406600145,
        "mae": 2.456477403640747,
        "r2": 0.18379181623458862,
        "kl_loss": 0.007489542190349398
    },
    "summary_statistics": {
        "original": {
            "mean": -0.0016155648045241833,
            "std": 0.5025811195373535,
            "min": -0.2490966022014618,
            "max": 14.260168075561523,
            "median": -0.2246159017086029
        },
        "predicted_mu": {
            "mean": 3.4009902477264404,
            "std": 4.207978248596191,
            "min": 3.382786599104293e-05,
            "max": 2270.41064453125,
            "median": 2.791315793991089
        },
        "residuals": {
            "mean": -1.1770440340042114,
            "std": 5.342490196228027,
            "median": -1.4532980918884277
        }
    },
    "zinb_parameters": {
        "theta": {
            "mean": 448.13427734375,
            "std": 2291.193603515625,
            "min": 0.0030732390005141497,
            "max": 22026.466796875,
            "median": 0.8377811908721924
        },
        "variance": {
            "mean": 54.85609817504883,
            "std": 25522.833984375,
            "min": 3.382786599104293e-05,
            "max": 88910744.0,
            "median": 13.112189292907715
        },
        "variance_to_mean_ratio": {
            "mean": 5.398197650909424,
            "median": 4.5731282234191895
        },
        "pi": {
            "mean": 0.4464907646179199,
            "std": 0.2705519199371338,
            "min": 9.999999747378752e-06,
            "max": 0.9999794960021973,
            "median": 0.4826526641845703
        }
    },
    "zero_inflation_analysis": {
        "percent_actual_zeros": 44.4040980841878,
        "mean_pi_when_zero": 0.6121118068695068,
        "mean_pi_when_nonzero": 0.3142102062702179,
        "zero_prediction_accuracy": 0.7383394495412844
    }
}