1050 
1275 
2250 
3150 
3975 
5475 
7125 
8400 
9375 
9825 
10050 
12150 
16500 
17550 
20700 
20925 
27075 
28275 
38400 
39975 
40350 
40725 
43125 
43350 
47250 
48075 
49800 
50400 
68175 
75750 
80925 
82350 
83175 
89775 
90750 
94200 
96600 
99000 
99975 
100875 
102000 
106725 
109725 
111525 
113025 
120375 
121125 
125100 
125400 
127500 
127950 
128175 
130500 
135150 
135600 
137400 
137775 
138975 
140550 
145050 
145275 
146925 
149925 
150450 
152550 
152775 
154950 
155625 
156525 
157125 
162900 
163800 
165900 
166800 
168225 
169050 
169575 
170475 
172125 
174525 
178200 
179100 
179625 
180000 
181875 
182400 
186450 
188400 
190200 
192975 
193500 
194100 
194550 
194925 
195600 
196200 
197025 
197400 
198225 
198900 
200325 
203475 
204675 
205875 
207075 
207450 
208575 
211275 
221775 
222300 
222600 
222975 
224475 
225525 
226200 
227325 
228000 
230550 
230775 
231675 
234900 
235275 
235800 
236100 
238575 
239550 
248775 
249600 
250725 
251175 
255750 
255900 
256125 
256275 
260025 
260175 
260775 
261150 
269100 
269250 
269700 
272475 
272775 
283575 
285375 
285975 
286650 
287850 
288750 
290550 
290700 
293325 
293775 
296700 
298200 
301125 
301950 
304950 
305700 
308400 
309975 
311025 
311625 
313650 
313800 
315750 
316500 
317700 
322200 
323925 
324075 
324975 
325650 
326700 
328800 
329025 
336225 
336675 
343200 
343650 
345150 
346050 
349350 
350250 
353475 
354000 
354375 
354825 
355575 
356475 
358200 
358650 
359250 
359550 
360225 
360825 
361800 
364350 
375750 
376725 
377625 
379275 
381825 
382350 
385575 
386475 
393450 
396075 
397050 
398850 
400500 
400875 
420375 
431850 
432225 
433950 
435300 
436725 
437400 
437925 
443100 
451425 
455775 
457350 
463350 
463650 
465675 
467850 
469275 
472875 
475425 
477000 
477900 
478125 
479250 
482775 
484125 
484800 
487725 
488625 
490200 
490800 
495750 
496950 
scores: [1.3154477619447817, 15.318199704710167, 9.286137228167966, -1.6653345369377348e-14, -1.6653345369377348e-14, -2.4980018054066022e-14, -8.326672684688674e-15, 8.326672684688674e-15, 1.6653345369377348e-14, 0.0, 8.326672684688674e-15, 26.264804258991205, 32.65370471665028, 1.4424672831271437, 3.6025835863643465, 29.607321496656397, 21.25284614974072, 8.326672684688674e-15, 0.0, 2.4980018054066022e-14, 8.326672684688674e-15, -2.4980018054066022e-14, -8.326672684688674e-15, 0.0, 0.0, -8.326672684688674e-15, 1.6653345369377348e-14, 30.121122857598976, 33.4683449679149, -1.6082611688972293, 0.9007762636424559, 0.1415438747914095, 1.0750942489894442, -0.6277398331629342, 0.2815010915539915, 1.1666459358059456, 1.7201287898266173, 0.21090859285266106, 2.176530135730104, 2.025311165708956, 32.691251821915074, 26.790508207219446, -1.6653345369377348e-14, -1.6653345369377348e-14, 0.0, 8.326672684688674e-15, -8.326672684688674e-15, 0.0, -1.6653345369377348e-14, -4.163336342344337e-14, 25.991045613022365, 28.32974258275391, -0.9495254011189331, 0.5348531081777992, 1.3115299391081976, 2.361746088625978, 8.293493386223531, -1.5848019267882592, 6.735734924855024, -0.05986410331445313, 0.3596420602106605, 3.077407019997054, 1.227948660063248, 2.2002797942813004, 3.1317915457559025, 5.128895641205645, 0.08303607171887961, 2.1819314449817284, 0.26211472073714503, 1.3782877085662903, 33.80268440110899, 33.99551246271568, 3.3306690738754696e-14, 8.326672684688674e-15, 6.298096725793357, 11.795242247107211, 2.3365364347776847, -0.26003219546277023, 3.2875810760963873, 1.9902328577988442, -0.7162928949196612, -2.6833497857355724, 5.281395946210949, 23.20090807536215, 10.03161021012454, 0.0, 0.0, -1.6653345369377348e-14, 1.6653345369377348e-14, 4.9960036108132044e-14, -3.3306690738754696e-14, -8.326672684688674e-15, 23.269377116174567, 29.802328647490953, 2.8605530646506168, -1.9236852254621795, 0.9736372011637968, -0.8374872321746807, 1.4059346415608047, 3.307344272860746, 24.321440026766197, 21.307051699189387, -2.4980018054066022e-14, -8.326672684688674e-15, 0.0, -1.6653345369377348e-14, 0.0, 2.4980018054066022e-14, -1.6653345369377348e-14, 28.4674644457033, 36.21476507008515, 1.6369971672168617, 0.8818181471626758, -0.968436119463604, 0.19464596629154585, 1.0192832552502296, 0.19263929308090155, 1.4130330029377092, -0.1508541405064534, -0.7763353852476484, 0.4085193352821648, 2.588782885081855, 25.062047504311693, 26.446093116551822, 3.508079425672509, -8.326672684688674e-15, 0.0, -1.6653345369377348e-14, 31.420887714879598, 44.61405214728603, 3.32332960484689, 5.754524698848968, 40.43121099907131, 30.00681677939812, 8.326672684688674e-15, 0.0, -8.326672684688674e-15, 2.4980018054066022e-14, 8.326672684688674e-15, 1.6653345369377348e-14, 0.0, 8.326672684688674e-15, 0.0, 2.4980018054066022e-14, 2.4980018054066022e-14, 2.4980018054066022e-14, -1.6653345369377348e-14, 8.326672684688674e-15, 0.0, -8.326672684688674e-15, 8.326672684688674e-15, 1.6653345369377348e-14, -4.163336342344337e-14, 0.0, 0.0, -1.6653345369377348e-14, -1.6653345369377348e-14, 8.326672684688674e-15, 1.6653345369377348e-14, 23.142640993895867, 27.33009900614502, 0.4592277119575101, -0.4019352775900984, 1.642091161164899, -0.3133039875558552, 2.213601575178359, 1.4269727923377786, 0.28958642912925825, -0.01922648781328462, 0.12863264087550874, 1.1091639923559455, 3.808784592433881, 0.10239471817033063, 9.411153971733313, 0.1176649063432933, 4.711430138419132, 2.0794054532564132, 2.1477583927579644, 0.8905140343900939, 2.3550171278432686, 2.376223115783489, -0.10303609613578146, -0.2232287670841515, -0.10617227847654931, 0.01682315676913504, 0.7269112380224101, -0.06629734865850878, 0.028780830239838906, 0.11458943071738759, 0.21821665020684122, 0.5414260858016178, 0.9222500057886691, 0.651082987668417, -0.1887976709853092, 0.09456155520729226, 0.1408587257878935, 1.5090472456009252, 1.4664158374553153, -0.12245969490254538, 0.6230132150574264, 0.6025644879060792, 1.2138126498219322, 17.031161151137866, 20.653047826512406, 2.679577679671297, 8.326672684688674e-15, 0.0, 3.3306690738754696e-14, 8.326672684688674e-15, -2.4980018054066022e-14, -8.326672684688674e-15, 3.3306690738754696e-14, 0.0, 0.0, -8.326672684688674e-15, 8.326672684688674e-15, -8.326672684688674e-15, 19.210249699058295, 26.213722524407217, 1.677813283443868, 0.6275508675636274, 1.190685924997183, 1.2248034832235817, 1.636138139475463, 0.8133189019047791, 2.0500017015687604, -0.6409184290172334, 2.0300021728782554, -0.8106800055893473, 0.7405861446163158, 0.7612454791506593, 3.712446396758992, 27.145848766834746, 11.858355662860127, -8.326672684688674e-15, -8.326672684688674e-15, 1.6653345369377348e-14, 8.326672684688674e-15, 1.6653345369377348e-14, 8.326672684688674e-15, 0.0, 1.6653345369377348e-14, 1.3150247588353903, 18.56317531035083, 18.465960061385488, 1.8292163228351797, 0.9399725166393864, 0.8672178506221258, 7.559926767631964, 4.253654821380678, 5.92039209167865, 16.796764113533243, 2.2421610178906803, 2.841907978633401, 0.9513036090565379, -0.9949416988957864, -0.18355940885288646, 1.5117799777307255, 0.2045293621894757, 3.230708872627247, 5.6129473065664115, 4.019260564551416, 1.3570473003223924, -0.009106405809632179, 0.059460788889509786, 0.09533507671773123, 1.5193460438795228, 1.899826779189084, 0.9172475724677724, 1.3304202271527856, 0.8562475481440401, 0.6952312585968343, 1.9193309950487105, 1.9058817511349844, 36.29692482789977, 33.882640104426244, 35.11786604805744, 36.7396221086245, -1.7738257964766149, 0.7625934721010026, 0.25625677387165524, 0.5434306302598202, 1.0365327151332622, 0.13627925349703673, -0.19389436005269545, 6.825073467383788, 7.703230307162585, 1.140399013001911, 0.6492830099613798, 2.477116045320429, 0.285210504980256, 0.030253154394870307, 0.8792510333252039, 7.152756345156149, 10.462416243874827, 2.8502057351345798, 1.0422873885307808, -2.368377657368569, 0.18497793037192878, -1.1788792684506006, 1.3527681545945143, 1.0329182481392536, 1.1278188384558234, 0.18829560985921034, 3.0375748102552507, 4.414966936456494, 1.6114114539006437, 0.0060035600308765424, 0.15256491138075035, -0.0033081673574315573, 0.89049240087013, 0.12463410037759104, 1.9978526016732303, -0.712491699736745, -0.2558608977211634, 0.1503963738193761, 1.8280295090791583, 0.2982171888931475, 2.4917577942952107, 0.378258875028223, 1.8761231160941065, 8.194195234041217, 5.1307776753509415, 4.256064778330483, 3.287950851066853, 0.8541472528200416, 0.6010567845249852, 4.416260809524715, -0.008088305666831275, 6.044946540595674, 0.9977388803451959, 1.5866710121677556, 1.8434333122177122, 10.500603414179807, 4.27416954538694, 0.3074184701781917, 0.5938828882808025, 0.026601820270684584, 0.3317341537750167, 1.6239243720129934, 1.6521162315974038, 0.14782125670416235, 1.1614381781690781, 1.2505050761001826, 0.061142731458971866, 1.4370360972572485, -0.6553915744018752, 23.58992098216163, 21.606785939459712, 0.0, -8.326672684688674e-15, -8.326672684688674e-15, 8.326672684688674e-15, 1.6653345369377348e-14, 8.326672684688674e-15, -1.6653345369377348e-14, 8.326672684688674e-15, 8.326672684688674e-15, 3.3306690738754696e-14, 33.91566374471864, 30.499891807056542, 0.7375267351457069, 0.031536567809780536, 0.3056550080562488, -0.1436533235051911, -0.17747584210223977, 0.15550386216875722, 0.606337388559723, 0.3217225644185646, 0.13278687383825627, 0.9320064691733592, 0.529887251323828, 0.22620123147487448, -0.5261778490200868, -0.16262649382002792, 31.283536113212676, 22.515959296771115, 8.326672684688674e-15, 8.326672684688674e-15, 2.4980018054066022e-14, -2.4980018054066022e-14, 1.6653345369377348e-14, -8.326672684688674e-15, 0.0, 0.0, 21.575455143667227, 22.97552851189363, 0.3243110683672228, 0.07931544320155126, 4.975915455231586, 0.5149073029735405, 0.9251444520784844, 0.6425134675128561, -0.14007082108093982, 1.5079877702413569, 3.716401558942266, 3.5412242164974828, 1.1057949152586275, 1.5544164892372692, 0.6765233164895221, -0.24294724703543125, -0.5257330775657465, -2.8920214880266712, 0.4791900422600861, 1.4339242610184897, 1.6671135986641161, 2.3988046197272297, 0.14767690292148927, 0.8640214748165818, 0.07976505968906622, 0.3434219816588211, 0.013159590058307913, 1.1845373129734753, 0.7065656904263733, 1.2638507535527879, 0.2813026870773001, 0.08433880760304646, 2.899249033065132, 0.21920747769399895, 0.28895662210794626, -0.4465480296233295, 0.5410728565999534, 1.0101402317044972, -0.04808624026725283, -1.8761181559413558, 1.2002537861136489, 4.357959083456365, 3.044362709216955, 0.40204855870985057, 0.13259992222424444, 0.8140378977306284, -0.04823508593489123, 1.8943550627782315, 2.582977113511731, 0.07574119446394434, -0.008741158828911466, -0.013639896266454343, -0.2675137686939024, 1.6924283430053322, -0.15337611250257055, 1.2002214055391107, 0.35372607391815336, 1.3002570045358084, 3.2796420387542753, 0.3597686999037819, 0.2968638678003117, 0.5245973136622979, 2.8858095796873613, 0.6393885448985657, -0.09104839829433331, 3.025863831951199, -1.0293998283715382, 0.8218221842929552, 2.3321862366742607, -0.6816960763966335, 1.0066300443450018, 1.751324322367168, 0.305932064614467, 0.38436545287436275, 0.1549317692264367, 1.5278586666647698, 2.8552211970981034, 0.3278015797932312, 0.7272838740412908, 0.4829304541158308, 1.1669237250218885, 1.320551061177639, 2.0847022387716834, 0.30774794567980734, 1.9267560188956168, -0.14452760616603655, -0.17603185378436592, 1.0130768263977643, 2.87912713378023, 0.8984319634197959, 1.016150860535788, 0.002348025086803318, 0.7179242280790277, 5.012795318420558, -0.42652871225766376, 7.1536184825734495, 7.275869683988731, 5.367367872782154, 0.876497122314845, -1.7281793328761523, 1.506933186750473, 13.861079140329167, 9.218379073335655, 0.09496609587014859, 0.34929279201949726, 0.45418384410304213, 1.7776974756460788, 0.12790603372215514, 0.1522408173182015, 0.4552714751170086, 0.6320547288886473, 2.5569543332422597, 21.60267694062682, 11.586783480262227, -0.6956208888349238, 2.0037832620594145, -0.18534962815044764, -0.06337334083752921, 1.2677072933247473, 7.869174912054177, 0.8723356623875134, 4.779006506678115, -0.028039747338425514, -0.5771626102507526, 3.9357115002106298, 32.66456982305837, 23.405795863753013, -8.326672684688674e-15, -1.6653345369377348e-14, -1.6653345369377348e-14, 8.326672684688674e-15, -2.4980018054066022e-14, 0.0, -1.6653345369377348e-14, -1.6653345369377348e-14, -8.326672684688674e-15, 18.284312106483355, 24.430115042168524, 3.4958667565419432, 0.4184452967336938, 0.34243072685512743, 0.9702248891595673, 0.5305927017091108, 0.32924801939770987, -1.363965831829887, 2.440407165139959, 33.571761774311824, 26.815665876983758, 0.0, 0.0, 25.888590053603437, 28.52573757520318, -1.7364843826680953, 3.2094239756950174, 0.5588199951589559, 10.201825070149141, 32.219596880135725, 20.113551011014792, 8.326672684688674e-15, -2.4980018054066022e-14, -2.4980018054066022e-14, 19.610687482983366, 20.59024913295619, 0.23650955337598134, 0.37995870272516186, 0.5819316362688483, 0.5938004233038328, 0.30171465312065493, 1.7928285512697357, 2.5404264764558775, 0.06295254549007723, -0.4119866716116576, 17.029265079175474, 17.070496979942945, -8.326672684688674e-15, -8.326672684688674e-15, 0.0, 13.838794693527547, 23.851626294379003, 2.135281710292446, 1.3617912117225615, 2.194515759826288, 2.5971525006239062, 0.48840843826133096, 0.26563426046982386, 1.1034386732123949, -1.5561878174767116, 34.23748985252945, 36.68162407745825, 1.6653345369377348e-14, 29.29491277593027, 29.600433758915756, 0.4587503377751716, 1.2381186770718955, 1.886854645772928, 2.823146645395809, 2.5108470982859785, 1.4796197248429621, 2.5279029543731326, 6.54975168984339, -0.5116062426889698, 2.25255335204713, 0.027466957936894687, 1.9906383369407195, 0.8084182348684408, 0.5515644375083184, 0.13846686237116046, -0.14451131048781463, 0.4553167396691151, 0.00047029666075104615, 1.085500894814686, 0.5476591487732207, 0.2536922865288034, 0.9338516109157808, 3.28613102160557, 0.33417858324139615, 0.8573884977595299, 1.1067904438244796, 1.6314469334321302, 0.5703054577300009, 2.284432924770954, 1.3914198104020556, 2.775304417758889, 2.619491669316119, 7.915419965666501, 0.1181470915164482, 2.3309040537285455, 0.1198793007703216, 1.0777776774112908, 0.6208536276978975, 0.2267314513017027, 0.6534777548672537, 1.6377005004569583, 4.025662369078987, 0.6386561844041125, 0.4593291241354791, 0.02931893063100688, 0.8368698972475386, 0.15760165717915697, 0.866525866389793, 1.1146520976766396, -0.29045022167861134, 0.6492133264230233, 33.641883687884075, 24.48946108757802, -1.6653345369377348e-14, 0.0, -3.3306690738754696e-14, -8.326672684688674e-15, -8.326672684688674e-15, 0.0, 0.0, 8.326672684688674e-15, 8.326672684688674e-15, 40.65032499251345, 35.25097494862561, -0.2326613796611241, 0.28137777063386693, -0.019954892036139427, 0.7473979186752331, 0.18366445894253047, -0.5039469533587635, 0.48866939786131525, 1.441446062423779, 0.2067475286594913, 2.6811159961224575, -0.2903918291102059, 3.9973117916062506, 1.6443923090873795, 1.1031383685483434, 3.191955699453217, 2.6246798309821315, -0.3383497789843659, 0.2570929537283746, 0.2000902731701899, -0.7468885713597047, -2.1408888107579855, 30.99318859932572, 29.86755444038097, -8.326672684688674e-15, 0.0, 8.326672684688674e-15, 0.0, -8.326672684688674e-15, 22.43531538496987, 30.003932063987833, 3.813572141191571, 0.5704352080014132, 0.8354384267690307, 0.34896720298968376, 1.5373933612315795, 0.30750380225549634, 0.3944921989793784, 0.8255978960612538, 0.47498238692389805, 0.003104494383705969, 0.10945614127069803, -0.014999943124450965, -1.1205413430562885, 1.6277616896791756, 0.14600433363546017, -1.1072711270304012, 0.48735429136900166, 1.4694752455368416, 0.5262789671933206, 0.35735007077352066, 0.9567669503347815, 0.1494851887753157, -0.48471028220222934, -0.6897645902910767, 0.3762829008121571, 9.044418493186754, 6.186671032479126, 5.165358298578553, 2.2321445363143084, 0.15378679163507059, 0.722755189944678, 2.2734739290834796, -0.11334366624055292, 0.8618611216539875, 0.2955132431970924, 0.538657957057751, -0.816605717214884, -0.049235670063637826, -0.24877244635905527, -0.3099628777637804, 0.3107573389775098, 0.8190846750504761, -0.2880841904469662, 0.9621669599246161, 1.5457848882278427, 0.16891946092420085, 1.952954164731068, 0.7019091100248716, -0.9436826788221993, 0.18485093901790606, -1.5311895020552129, 0.5936781333992371, 1.5135967462039162, 0.34955322760447416, 1.7615083041272896, -0.1396032160034224, 0.6176643878416144, -0.7348802354694044, 0.2072715507599696, -0.03031113807685415, 0.00695581848844995, 0.6753782483606301, 2.550417416698906, 2.277402931974052, 0.5909866560638193, 0.3696962938798265, -0.25812969095818517, 0.20739327863054768, 0.5410578783254891, -0.04065407165433044, 0.3566580370801944, 0.48677305706024754, 0.7607672042784088, 0.6650789857412747, 0.6867904985883797, 2.9187402534064404, -0.3181113125835964, 1.473109219026469, 0.9385917560245503, 4.420079034931177, 3.539596478866997, 3.792625801135273, -0.13915066113270314, 0.20058244507458767, 0.4645439287691602, 0.2287807069350265, 1.5723151800899586, 6.373412146701128, 2.206865370654725, 2.1461960299014606, 0.31117873709985133, 0.2316749686209505, 0.134938406321794, 0.5746441599658851, -0.2098819553319231, 0.9612511463791975, 2.1485260489056373, 0.12357502322777236, 1.7407127744827449, 0.37740909512314147, 0.36725246459570826, -0.030850414467579412, -0.05382276660293428, 0.39407494295937795, 0.4273931586000117, 2.269179893916771, 0.3805984427492035, 1.8243113875840322, 0.5345210016003534, 1.5710528296427242, 0.9017330437893065, 4.609512444687596, 0.6485056419014086, 2.158617942252647, -0.36161422088849804, -0.0777827345440869, 1.3822760140542414, 0.43322424879471555, 5.469183114002192, 3.3497327248457225, 2.758371477254798, 0.5237353900836297, -0.09479040477066292, 0.21481115040231202, 0.35419317569454734, 0.15155946345484494, 0.2488973193142101, 1.5237246032458245, 0.38618863345109844, 0.02285201030213102, 0.11329624552831774, 1.0900802657133681, 0.8576690246055705, -0.026900263666107094, 0.16648504264321673, 0.41166827363065295, -0.027050560964710257, -0.35169916921154254, 2.0037774368598207, 1.017699210871342, 5.521408455837673, 0.5088301765784422, 0.1904367876038009, 0.7246706578265503, 0.00848922633008442, -0.11930766894926137, 0.4128373791222657, 0.914666354459996, 2.1952635648196406, 8.73136798372866, 4.165114328994491, 1.0229852870710374, 0.0670957809426227, 2.429530458025397, 1.054716187411998, 2.922305245543953, 5.629592027459125, 5.000134486039769, 0.28594931100178655, 1.587861858996007, 0.4508514678050801, 0.6710589945150787, 0.7488021555438991, 2.190826768978127, 1.0540595476301746, 2.509307630025205, 0.677112694934749, 0.45449830245757994, 2.4237672907007664, 1.8349948030337373, 0.5124836205548036, 0.13713363056939443, 0.2675882178089637, 0.4615590840967343, 0.2901076919067691, 2.916992376708208, 0.6639807810012712, 6.992141508718703, 0.8360542239972233, -1.0937032676192757, -0.8823898773257497, -0.11294072532575683, 0.11022649640244708, 0.3175184370002171, 1.6335158160228502, 0.6124566227221067, 0.5129937375261306, 3.098191174975568, 7.194510545114895, 0.9444299562465517, -0.09945950300891582, 1.9184734736246583, 2.531245287095942, 1.3042550352232638, 1.188815862697254, 0.4195952052977532, 2.108679860256359, 0.7077179687943271, 0.4231661845439021, 1.1005986949208477, 0.9886275984266035, 0.8656099145608778, -0.48484545166894577, 1.3120462212535244, -0.8356287080409857, -0.4389064037910657, -0.2677270527539122, 2.1206920170602075, 0.4227483805491943, -0.298472485212983, -0.09481822134131335, 0.42279562331827947, 0.4441886345902617, 0.36417941270207166, -0.07705288263099419, 2.63692251454853, 0.2390075428562568, 0.7664597855351758, 1.2714231239230003, -0.667563157255529, 1.0657315677462407, 0.6308235718994979, 0.0730875288070365, 0.07142858991409184, -0.5430028918568155, -2.4210951949866057, 0.5035860591676169, -0.40442126375421594, 0.6579063854462674, -0.0031151343810051912, 0.7691183099830141, 0.08578192833306275, 0.1535615196606841, -0.27881373920786245, -1.137934186525058, -0.36155854626190376, 34.32867599273894, 27.33642420184532, 1.6653345369377348e-14, 0.0, 1.6653345369377348e-14, 3.3306690738754696e-14, 1.6653345369377348e-14, -1.6653345369377348e-14, -1.6653345369377348e-14, -8.326672684688674e-15, 17.105765666830465, 21.347990853351035, 1.3492172543602123, 2.7418454286400333, -0.06798905798791566, 2.8901142435621523, 2.491943564245048, 5.935060088873172, 4.214399577699737, 9.97022962182632, -0.19511781384869664, 3.16506153805625, -0.6812568745570502, 1.9078083589458856, 0.42668186897418536, 0.11984379670877843, 0.9598934495174376, 0.24211586254159556, -0.2662816259898477, -0.10098026283310446, 0.3330226522186308, 0.5703871311889088, 0.5119580652963691, 1.1566037318240205, 1.7893617056290623, 4.492410125084234, 2.1729133979919766, -1.0700814472140792, 0.6793002396843804, -0.22532695796621738, 0.36794802205531596, -5.053399439403847, -4.582066478892898, -0.6042786779933067, -0.4888681193897355, 1.7252595159247903, 1.6887596916640177, -0.16638970955864352, 0.0651202298535054, 1.1830971059592343, 14.0672067308966, 4.784389193542324, 5.32914767099669, 1.017270961601099, 0.12145637924305674, 0.44415275769790696, 0.13260187508086574, 0.15371253162561516, 0.44370508233726014, 6.9943984949520654, 13.498173638936862, 0.685228853770468, 5.7905148938784805, -0.05185323658088237, 0.16266539638024824, 0.6394381177792638, -1.9091292131182627, 1.6709630971103024, 0.9346545587875994, -0.690437103872398, 7.014797495472067, 6.606126521844203, 2.602174122229826, 6.830347211622666, -1.3131437692505301, 1.0558880728399913, 2.0183042309287202, 0.24244082623113172, 2.0126534208669113, 1.659598427208664, 0.1725796978636822, 12.508653331619229, 12.310181130315527, 0.7609918916437266, 8.756435363413203, 13.648185472770592, 3.0715363203701713, 1.2171312589427998, -0.3501092175042686, 0.3206111619940657, 0.17821084423394495, -0.2657875944443049, 2.6244403945358954, 0.41656657674730013, 6.202002816824461, 0.026560447198903603, -0.7634462627038374, 0.4348039752204045, 2.5713872083758815, 3.358266310022259, 6.690747998208053, 39.63203570652661, 25.86187457149282, -8.326672684688674e-15, -8.326672684688674e-15, -8.326672684688674e-15, -8.326672684688674e-15, 0.0, 2.4980018054066022e-14, 2.4980018054066022e-14, 0.0, 0.0, -1.6653345369377348e-14, 0.0, 8.326672684688674e-15, -2.4980018054066022e-14, -1.6653345369377348e-14, -8.326672684688674e-15, 1.6653345369377348e-14, 0.0, 8.280885477160396, 8.543549883621338, 0.30648354390338284, 0.03888040308709151, 0.2501481010209545, -0.20465761469731092, -0.16447407269640735, 0.9068181470460104, 0.10087764913538422, 1.5191925347818653, 0.2296943700937959, -0.016274769815481704, 0.15281202905021019, -0.11312033936965804, 0.2698404836501993, 0.08187237776257916, 0.5427287754525878, 0.007384278978122438, 0.7134787341576612, 2.5626596816389338, 2.0750783480159782, 15.270295417675129, 8.905626173881956, 0.23050367156827178, 8.457376639108247, 9.931351512591618, 1.411475762927921, 4.01559939113821, 6.091897461561146, 5.257321776428334, 2.4669314158359654, 0.0, 1.6653345369377348e-14, 2.487243971022842, 2.5242166320588773, 2.48992008511539, 0.30429223346826717, 2.428690473074429, -0.00010639266796630409, 17.69028893697225, 24.415823645066325, 0.33688623470618495, 0.30665317353793853, 0.5100724693763254, 1.6347756959295907, -0.42680994794659455, 0.27724148128095294, 0.7632975008610856, 0.42408241774307953, -0.690086957460494, 28.921516613006816, 1.4453896375861461, 25.643502287941402, 2.0345086722985, 0.9680579992744924, 0.03313029826148295, 1.0588712675113925, 0.43436354840861213, 0.16057478423135763, 0.0010051865010609617, -0.7531235267734928, 0.41717848597818374, -2.3195930863159333, 1.5456891427306232, 1.0019451036320106, 0.6465741085630725, 0.9886780944065094, -0.8917919044334894, 7.551840662366942, 27.300149970436905, 11.109215258152332, 8.326672684688674e-15, 8.326672684688674e-15, 0.0, 0.0, 1.6653345369377348e-14, 8.326672684688674e-15, 8.326672684688674e-15, 8.326672684688674e-15, 24.2285238200474, 34.94173524041321, -1.5301921552802185, 1.1112916059868212, 1.0581895695103753, 0.30684956403734986, -0.6684040724699685, 0.24921685268691363, 1.7212510957880909, -0.0897990959600179, 5.518391496671711, 3.7503180695968013, 0.16574321592838714, -0.08130445081116022, -0.1383293171797959, 0.33840823271236786, 0.04691199858763184, 0.46300231161552574, 0.05380746494569166, 0.23548426028941094, 0.2214231097781294, 1.4146623161292382, -0.022716029261175663, 0.222003236456203, 0.0014944393413998114, 1.4399913026435343, 1.4786631715327871, 0.354140205440558, 2.555782229591614, 3.103838091091575, 3.3429780382306262, 3.54986759217536, -0.2825963828773297, 0.5032244185050558, 0.35692986231072155, 1.718679694690195, 1.0947116364457088, -0.6458669933287524, 1.4390522511814652, 0.3216232293910366, 1.0760904233721362, 0.8207030131293891, -0.06678983185702236, -0.02767403297320925, 0.4776419903846545, 0.24708684552706472, 2.3951824606230048, 0.24175341480707857, 3.8867790234421022, 0.07778332190628134, 21.093941218992484, 7.404059157389213, 1.0533409169926244, 0.7421797958826915, 0.7859843977767014, 0.20813594346100217, 0.01813149303043815, 0.49409865533164066, -0.0019191587478815109, 0.5939359162073856, 7.672905683754962, 11.406274672994556, 1.2779885020554307, 0.0, -8.326672684688674e-15, -1.6653345369377348e-14, -8.326672684688674e-15, -8.326672684688674e-15, 8.326672684688674e-15, 8.326672684688674e-15, 1.6653345369377348e-14, 4.222468042024737, 6.29742619192568, 0.702961227524824, 0.925676381748417, 0.5637164515758286, 0.7868621354618313, 1.8567815230621818, 1.8403677669080594, 7.800082135111239, 8.031444208942503, 9.459597274875762, 2.6161892653050245, 1.2199521860035816, 1.2422085051387057, 1.6795472471802668, 2.6988902549732074, -0.2133727628411748, 26.92777434044109, 27.734988118234043, -8.326672684688674e-15, 7.638772005169031, 15.561853231332307, 3.547949000248906, 0.23088948584486957, -0.3474508353085355, 0.6275568087815486, 7.990128246756569, 3.853747261546289, 1.1035959929670298, 1.022089472975722, 0.7926078529822007, 27.25502278426336, 22.33862584417365, 8.326672684688674e-15, 8.326672684688674e-15, 0.0, -8.326672684688674e-15, 2.4980018054066022e-14, 0.0, 0.0, -8.326672684688674e-15, 3.4422530030854794, 3.424906556732388, 5.334238639427667, 7.519902753345917, 0.2297579870142954, 0.3145756816505809, -0.030192723677771482, 0.19791911320055533, -0.04709596396457982, 0.30606744972453725, 0.6896421781230231, 2.5717064445483118, -0.11892091987598974, 4.922359561078082, -0.03722065296830124, 5.6544133808384345, 0.3804409592567026, 0.6068406818922085, 0.3606207449075214, 1.4437168762544843, 4.823513209236637, 0.28937726562998023, 4.784566250782461, -1.7905236399694786, 5.8830047699830175, 0.03196798324387373, 1.3103901638439766, 0.5084371918788975, 4.253893258516882, 1.896000544286835, 2.425005689034606, -0.5193141439794999, 3.2896865245938898, 0.7979043208925987, 3.0513507613841284, 33.4038580250172, 38.61896777262237, 1.6653345369377348e-14, 8.326672684688674e-15, 8.326672684688674e-15, 0.0, -8.326672684688674e-15, 2.4980018054066022e-14, 8.326672684688674e-15, -1.6653345369377348e-14, -8.326672684688674e-15, -4.163336342344337e-14, 1.6653345369377348e-14, -8.326672684688674e-15, -1.6653345369377348e-14, -8.326672684688674e-15, 8.326672684688674e-15, -8.326672684688674e-15, -8.326672684688674e-15, 8.326672684688674e-15, 0.0, -1.6653345369377348e-14, 0.0, 2.4980018054066022e-14, 8.326672684688674e-15, 1.6653345369377348e-14, 1.6653345369377348e-14, -1.6653345369377348e-14, 1.6653345369377348e-14, -8.326672684688674e-15, 8.326672684688674e-15, 8.326672684688674e-15, 27.21219483941576, 34.73711311383096, 1.6827354226053899, -2.137135854866756, 0.5835942124887197, -0.25810206342976016, 0.15328787674508249, 6.370363772498081, 3.8922980668480704, 4.827025239430213, 11.149487286999374, 0.7420252296837475, 0.6508372376558782, 0.25530203896050807, 3.2191635391095588, 0.18317739737085503, 4.761451415975159, 11.810486407412668, 5.670897955256862, 0.47051812920364, 3.2251697512895703, 4.2223372699201605, 0.16662643711759983, 1.6127370661026248, 13.077446036284897, 17.783070734353814, 2.4786401066990464, -2.4980018054066022e-14, -1.6653345369377348e-14, 8.326672684688674e-15, -2.4980018054066022e-14, -8.326672684688674e-15, 30.88122983395087, 31.491267770487866, -0.4592375889722575, -0.2641435158063814, -0.8291727713065029, -0.07973617807556366, 0.4867849367473127, -0.1529763893360041, 1.4743834222999226, 0.8550189589924457, 0.279417272631747, 0.6199436641804823, 0.015136755492108023, 21.89628275933609, 29.77105431721239, 2.438247767225146, -3.3306690738754696e-14, -8.326672684688674e-15, -1.6653345369377348e-14, 0.0, 0.0, -1.6653345369377348e-14, 0.0, -1.6653345369377348e-14, -1.6653345369377348e-14, 8.326672684688674e-15, 30.41593696770792, 29.473495456002752, -0.08578098412243662, 0.36629889903838375, 0.35984324954029034, 0.6723710470703281, 0.14074314512765795, 0.7003214821452843, 0.0694152632088958, 0.2534039773188397, 2.37816098027713, 0.2909422075155703, 4.1224023725619645, 1.2775843083327914, 12.3418570721837, 35.443154259958305, 16.800588964561612, 8.326672684688674e-15, 8.326672684688674e-15, -8.326672684688674e-15, 8.326672684688674e-15, 19.570973181953818, 24.092042524518206, -0.7039801010449764, 0.07288084490505753, 1.4511338953401491, 0.24327139809469145, 1.4259407433466436, 0.5085355173602579, 1.8112766614869997, 4.686759529204551, 18.56145293571069, 5.501939323900729, 0.133774915746244, 1.340825540289984, -0.38890431600293596, 0.20832631135374413, -1.5924102662556834, 1.657704622360825, -2.0506655417018465, 4.572800280839829, 0.8554179613681754, 2.1133287905747125, -0.5392491432423867, 16.762742154069656, 7.860304329263158, 0.30972753500822137, -1.5768327866481968, -0.18184657147475036, 15.254176302971644, 19.676845298135504, 3.2909319624502587, 2.7238366005506123, 0.5706248787869299, 0.010282996670753164, 0.7969620853313018, 1.3964065707526743, 5.02838515222976, 0.8799081641095654, 2.950247512105534, 0.6202618584486572, 0.6065845824746248, -0.021546647088882764, 0.9619710135043533, 0.3749536049056701, 0.7230751363009631, -0.16354635519741123, 0.4788565879662201, 3.2059637465482638, 3.7379384766113617, 1.6069978491153165, 0.74686057240325, 3.8994101419442586, 7.389519883071671, 1.3687845426420608, 0.958299531783382, 1.355701234237472, 9.00752462663354, 38.29041022155292, 21.663444030994356, 1.6653345369377348e-14, 2.4980018054066022e-14, 0.0, 1.6653345369377348e-14, 1.6653345369377348e-14, 0.0, 0.0, 8.191481753713802, 19.68723945287624, 9.037691953811532, 4.294984011840484, 4.925397527818859, -1.2335127552646554, 0.32312492220967215, 0.6827815296423978, 0.0736526699577098, 0.3448174995695581, 0.7025115575454493, -0.02120315734993028, 3.0740259045539347, 10.19365106336818, -1.0357459631976553, 0.507755386817621, 0.47013740980196417, 0.6893243183662889, 1.1802325825544813, 2.307962578386878, 0.9006586177474674, 0.29153601631242054, 3.8134651399785753, -1.4402951140129971, 1.8537574865104034, 1.1535145704805245, 3.2693371957927866, 0.19611028807605635, 3.3105396315662574, 2.9953810149170295, 8.443544756890674, 45.656203681068405, 35.323848156065736, 1.6653345369377348e-14, 1.6653345369377348e-14, 3.3306690738754696e-14, -1.6653345369377348e-14, -1.6653345369377348e-14, -1.6653345369377348e-14, 1.6653345369377348e-14, -8.326672684688674e-15, 2.4980018054066022e-14, -4.163336342344337e-14, 8.326672684688674e-15, 0.0, -1.6653345369377348e-14, -1.6653345369377348e-14, 16.216515437644347, 17.78292534955162, 13.25103845621652, 13.53967494758745, 8.326672684688674e-15, -2.4980018054066022e-14, -8.326672684688674e-15, 9.004474635731249, 27.95120836256146, 15.770680462746498, 5.682001501056561, 0.3737139284105524, -0.18744556553474467, 1.6982016542209522, 0.3947350450898739, 1.4862939290683244, 0.004130531853093089, 1.497489863730948, 0.04943653384913205, -0.0851363253289037, 0.5794067966686498, 6.032915843422529, 7.872197517112568, 0.8400657231602509, -0.29933170871913717, 0.9147784795493976, -0.31511239021057236, 1.5231850672371365, 35.64534725390462, 32.60821977614697, -8.326672684688674e-15, -1.6653345369377348e-14, 0.0, 1.6653345369377348e-14, 0.0, 1.6653345369377348e-14, -1.6653345369377348e-14, -3.3306690738754696e-14, 1.6653345369377348e-14, -2.4980018054066022e-14, 0.0, 16.599539202566163, 17.140142267634076, 0.2748873342196987, 0.8033151715670215, 9.133440943287496e-05, 1.6661832711125726, 1.6645713341753208, 0.26188500156746386, -2.0825459396842234, 1.6925856633709486, 5.086087573868895, 3.312022746493085, 0.2645497223500115, 0.15490399240820807, 0.48546591356034696, -0.4328921619224957, 1.024743855479187, 2.5467960661940765, -0.23186045874825822, 2.0901032918262104, 2.1067086115936604, -0.18044054317414293, 3.7462092715803124, 0.07621495298769787, 3.083881685771871, 0.04446577584678835, 1.3758687934551972, -0.1996221073378024, 0.378736622610063, 0.008322162542299338, 0.09988315051430163, 2.546782335920966, 1.7565207062750687, 1.3261697013955427, 1.9360005610035387, 7.3510241077983665, 8.727531111360634, 1.5934235437910615, 0.3658699724514918, 2.8638192329436265, 1.2333636195755844, -0.21829331743344937, -0.09687218104062367, 3.7178685816995767, 0.29476749328227925, 5.083238169614788, 1.3135074473038344, 0.9543246627779922, 0.08132268687654687, 0.40494115618508886, 25.129131896159805, 22.707908456035227, 2.4980018054066022e-14, 4.832801175206448, 7.979348557280986, 2.9580794130943957, 3.8246365961280446, 7.696134265685714, 7.094966061444836, 1.7002561530491107, 8.516429644464381, 3.3409347734155403, 9.472730148691312, 2.9852017021317465, -0.1938742237767883, 0.8609097816095073, -0.16276095387991063, 0.04586889678296302, -0.3775802544329281, -0.6778738445344743, 1.0095561247196656, 1.1039527147669332, 4.223329904870411, 0.17290638155998295, 4.076702619751586, 0.7495137173110606, 1.1187766899677172, 0.8901345395884164, -0.7353488528862044, 0.6215113237835794, -0.23924197136057046, 0.6153245861100913, 0.12306296466385902, 0.5585937125124474, 9.383541101262495, 31.89666591257631, 14.347417095956637, -2.4980018054066022e-14, 1.6653345369377348e-14, 0.0, 1.6653345369377348e-14, -8.326672684688674e-15, -1.6653345369377348e-14, -8.326672684688674e-15, 28.32087623320946, 39.70371942145459, 3.149618819591865, -1.1372323158506106, 3.2300943370257755, 4.4670924598515285, 3.0336391610024975, 0.09670131169411889, -0.5074503898155172, 1.3964195433323425, 0.1708098423980573, 0.44502785476555573, 0.301432279554092, 9.380726929205593, 9.925271514064036, 5.3185441065742225, 5.023774297356766, 0.5045011953215806, 2.2837784278689526, 2.7366814992529953, 3.3369964913106287, 7.287092516558687, 5.9225884604077805, 1.0407299084029091, 1.1378938946777453, 0.753803165654972, -0.3809321636956611, 2.964170411813541, 0.7514369626792359, 5.361066207819931, 3.886853117267151, -0.4631705222172968, 0.11048072933772346, -0.9237023747743933, 0.5779063639909054, 1.5469051822233268, 2.143987234437418, 18.557533978050742, 12.200983020294984, 0.27673264238205775, 0.6051627529395773, 0.008172340652549792, 0.413007706886134, 0.006648080198587536, 1.9960191530202849, 7.0336997056240875, 8.14417593840301, 5.17439517545148, 2.4463468332683647, -0.2429420831628022, 4.943625049518062, -0.7146799870898235, 2.962155257577649, 1.2912606671832236, 27.606448725431164, 20.14951648658507, 8.326672684688674e-15, 27.840867123453506, 39.623272667572735, 5.064692068074351, 2.009015207648872, 2.0529253112579227, 1.6020582892414268, 0.16764652003246283, 2.9488585211917098, 0.7345933922256336, 0.3408399795940795, 3.478790474261473, 0.5007630243178482, 2.719613053021476, 3.532221869763589, 0.6250701105353755, 0.7306936971434652, 0.9288318424460158, 2.2910860137487816, 0.5687599276232049, 3.055747209041442, 5.739365760702981, 3.762996264089338, 0.864716575560351, 4.967598924662298, 0.05984384831549505, -3.3688768646132985, 0.7639262086132703, 4.796727233402294, 4.908602419351212, 38.677339566966, 35.584227080124776, -1.6653345369377348e-14, 0.0, 1.6653345369377348e-14, 15.85689142044997, 41.00253809726439, 21.504834635492557, 1.2376152377804601, 29.09717327206249, 22.369467780785214, 0.7409106332957549, -0.02478250362477752, 0.3817586418342671, 0.3669600361412222, 0.34373947648691683, -0.0673356583534428, 2.4629772439325848, -0.5751598850771984, 0.2943378536004957, 1.9291207556631207, 16.043393321251955, 15.336789204926674, 1.3161443460716669, -8.326672684688674e-15, 0.0, 8.326672684688674e-15, -2.4980018054066022e-14, -3.3306690738754696e-14, 0.0, 0.0, -8.326672684688674e-15, 0.0, 8.326672684688674e-15, -8.326672684688674e-15, 2.4980018054066022e-14, -1.6653345369377348e-14, 8.326672684688674e-15, -2.4980018054066022e-14, 22.58741192165428, 29.308689288586095, 0.9620723105974776, 0.4565969704917734, 0.32316056900407375, -0.699676781087021, -0.5542737833650335, -0.1874179312629849, -1.6862532981876939, 1.4138269270848127, -0.3026810526602617, -0.11380280286238076, 4.329682605952144, 5.770192114268525, 0.09900027143214629, 0.5252495666660479, 0.4466281422519387, 3.7022495816889887, 2.5361137236134255, 0.005397312787351893, 0.18159303381673908, -0.2962677002610121, -1.3003219208469545, 1.1924199750975504, -0.8192314697307665, -0.3111412439196215, 1.080450824252182, 0.054255826557778164, 2.028714227746036, 0.42676053026701766, 4.4687415635082175, 10.070489714219832, 7.5154926612154895, -0.5684037257049113, 0.7602553334643289, 0.8933532125270176, -1.0755976093378194, 0.2490576098375641, 1.575799670831998, 0.608727343091914, 0.9478933574602024, 0.18185789059430135, 0.4552149473548752, 0.8666713640899388, -0.4311624574789903, 0.23016998985474402, 0.703046362779105, -0.10867496585728986, 2.073343708944776, 2.159533536009235, 2.0675571827410977, 0.5363128171575227, 0.2644504486165715, 0.7332395039545645, 0.5596324077667987, 0.5822965254137671, 2.7006655693458015, 5.419064887865261, 0.02770740933021898, 2.2343846661437965, 0.9250078565746662, -0.7730830430895139, 37.43164588130543, 41.65336373221416, -3.3306690738754696e-14, 1.6653345369377348e-14, 2.4980018054066022e-14, -8.326672684688674e-15, 4.731115212821656, 37.7897570150094, 28.855975559185936, 1.7355199737844487, 4.213810511559586, 1.3518534335483992, 2.730945580598643, 0.035968216873754955, 1.7635796459114772, 0.22268750984733288, 1.471851781839291, 0.7047059548174275, -0.39610603541177625, 1.017767070173477, 0.9559518973171635, 0.24957322749037303, 0.049968912208896654, 2.0577132074479323, -0.1628921558208276, 6.210341830811558, 1.9225099961714704, 2.4264817028278003, 6.721519671523993, 0.1753708108808496, 2.6109738784919614, 58.4333336178517, 45.45305762552492, 3.3306690738754696e-14, 1.6653345369377348e-14, 10.552243431198441, 32.378519938120945, 13.343744928142257, 1.696962788682299, 0.07001811455108964, 0.7510922411704541, -2.4688182969940726, 0.21820526297040033, -0.29347242404480767, 1.0300241165755324, 5.462998984517185, 11.82801146123279, -0.5660577982047243, 1.7386747495861528, 1.2967728950120545, 1.2843392427949993, 2.9974922537511475, 38.51439852748655, 29.117183653385027, -1.6653345369377348e-14, 0.0, -1.6653345369377348e-14, -1.6653345369377348e-14, 0.0, 3.3306690738754696e-14, -3.3306690738754696e-14, 3.3306690738754696e-14, 0.0, -3.3306690738754696e-14, 1.6653345369377348e-14, 1.6653345369377348e-14, -1.6653345369377348e-14, 1.6653345369377348e-14, 1.6653345369377348e-14, 1.6653345369377348e-14, 3.3306690738754696e-14, 1.6653345369377348e-14, 40.45961160717269, 45.84649532224745, 7.936027686675175, 0.1715139723169159, 0.8402935823307871, 0.08113457161869064, 4.530474913971943, 2.987778172928188, 0.4997789449961374, 1.936137109296169, 1.963458777069377, 0.44082500875515507, 1.470486157185519, 11.092826720645462, 5.256132956499982, 2.3723027420992366, -0.0351139325348413, 5.094751250247555, 5.314681153183869, -1.5497207275496976, 2.301078979392173, -0.2517853481140264, 0.1455163484415607, 0.4502223471272373, 0.16588374415061935, -0.7503771474263203, 0.8991829476804014, -0.07772456976636022, -0.5405317405721917, 0.7631140984644844, 6.499674578664553, 4.316421394013105, 0.2178927590667854, -0.33305545080293086, -0.18728393291075918, -0.6126825469438018, 0.18186184714238607, 0.04564102903771072, 1.2043624354389522, -0.6167925704799018, 0.3528825529926962, 0.22900874920924252, 2.4645952798564394, 0.518280335209397, -0.9078504678442982, 0.43629056776467223, 4.540395331977379, 0.84551694744016, 0.4898960011133795, 0.29171491072986555, 0.35824245005755984, 7.591175486023644, 3.461393586549775, 0.1826563467936353, 0.12313142016819256, 0.09903330721834891, 0.1615687156202057, -0.2996088589766259, 1.0832467512975654, 0.7105492187818072, -7.136619890590396, 36.12995756102691, 26.683333751481868, 19.814509689528848, 62.98546975674242, 23.921295106491755, -2.7260553275211805, 0.6114219069306728, 0.9156274325232516, -0.19802271824755735, 0.12672015353473398, -0.5025600699124197, 0.005111821616196721, 0.04702066418246886, 2.1510353195299103, 1.6361818238141268, 4.944508304376427, 6.039255221469148, 0.7469274680810258, -0.095918136789237, 1.8003692255977057, 0.07448971699722051, 6.817497030970799, 8.283180655909064, -0.06833377362420379, 9.767471647363664, 44.91233291211546, 34.9473761035089, 1.6653345369377348e-14, 0.0, 3.3306690738754696e-14, 4.771367756839037, 13.203931587565776, 5.763198017347719, 4.022129266383587, 0.4966548457246631, 1.9928274919897149, 2.113301098487284, -0.0031939958291218318, 1.2060976322248678, 0.25039653651157323, 14.03971216942665, 25.073994906365442, 7.828241305143138, 6.135002153007804, 1.0141234789221016, 0.2588220009149609, 1.3282417668846165, -0.03207037797255907, 4.27984517948596, 11.468719558096154, 7.247265746309267, -0.846086698854208, 0.1883645883809777, -2.6691676144404823, 1.2437046263900697, 0.8488341434442646, 2.9599935444238668, -1.4513765454522058, 1.0587249329764745, -0.25256896167235254, 3.8977651658173613, 3.4024985546975586, 0.07130066387674105, 0.30701157944736224, 4.600898226943343, 44.786805264550196, 38.321961195053404, 0.0, 0.0, 0.0, 0.0, 20.174990575070325, 46.23736814223395, 14.288657000709918, 0.14015583379443797, 0.6595279722718033, 3.3062079029414235, 4.940313739322505, 0.589005907047067, 1.935879235459879, -0.0772603686768889, -0.29482523360138657, 0.25527662062978607, 0.002357050681951023, 1.9523268304380963, 0.0887234976904665, 0.053904206633433205, 0.9803184345763611, 0.8035951949955233, 3.6585530436567524, -0.3919186478197503, 0.1303584474861168, 3.138620441747662, 3.1062614136017146, 1.2497330636736024, 0.20400156481764498, 0.2431298848539427, -0.1933112070005336, 0.27652281583550575, 2.34439199935548, 51.343446243582264, 47.34901384894707, 20.160486229920735, 28.42898638886686, 1.3474630458800902, 0.6991961063010308, 5.1665349448526285, 0.9896386687351537, 4.000619505351892, -0.3789059923865352, 1.1623507248183955, -0.8425127880527725, 0.30567259856115925, 0.1348929937007597, 0.12155154146114455, 0.8397167133267658, 0.4386782682813646, 0.45875301365015275, 5.2884025588084, 0.5083661824152159, 0.5746871310456072, 0.19986460714426357, 3.0802002170761966, -0.13821638120634816, 2.8275802457696386, 1.3564619477753013, 0.6767539366433084, 0.0018675600391588887, 0.4983097378897128, 0.30571001597854774, 0.8057827061549574, 5.2348707484923125, 37.45196702728171, 19.445538448066515, 0.0, 1.6653345369377348e-14, -3.3306690738754696e-14, 1.6653345369377348e-14, 0.0, 1.6653345369377348e-14, 28.363845792547238, 46.81352874854832, 6.059677561353112, 0.4152913970146983, 1.073072803002674, 3.4773977067346777, 7.970569460007141, -0.17089564643919175, 0.013609654905110347, 0.031024199709179356, 0.08036425185036933, 1.2013319627617989, 5.966307882526905, 35.01236900392519, 15.730928619375142, -6.661338147750939e-14, 0.0, -3.3306690738754696e-14, 1.6653345369377348e-14, -1.6653345369377348e-14, 31.722651060028355, 47.50928418703785, 6.175894030450991, 1.3189431780806444, 2.427835945024981, 1.2882503782159347, 2.960270215104174, 0.04479971161424601, 2.185959741025272, -1.486924102324565, 0.424069299051439, -2.69941429156961, 0.9715854167408224, 0.06169658300109404, 1.114999879073821, 1.2507557691183138, 1.455033717446213, 5.40331689898062, 13.620532826494127, 0.6921499999047569, 0.5702781502861853, 1.8808946327814624, -3.931732433674256, 0.7228650421579346, 0.48817498949875926, 1.292144981299316, 0.18743933574339167, 6.372142846973134, 5.405659552996326, 15.708006070525755, -0.07212366681454796, 0.6322664171257202, 0.9564837383290978, 0.1265786938916449, 4.067369043700808, 5.642884270135539, -0.04925506352896036, -0.1577091607566672, 0.6034062953622197, -0.11892739866323154, -0.018794167014675622, -0.3439542360085852, 0.5689689563557749, 2.4120846149072577, 0.3658686102801312, 0.09887953051679688, 0.9295446698108663, 0.14899005563802348, 2.605619118576442, 0.05863455435337528, 1.9056376699072644, 1.0148546002312742, 2.4856145041783293, 4.6675094552947485, 1.0953513203477314, 1.104635546204804, 0.5885112790991798, 0.7246132698346628, 0.22427929821435555, 0.1082096243488877, 2.1503361915488313, 1.53729858752763, 1.2410798374179421, 3.555837769996515, 0.252623972988431, 0.3789951883636604, -0.11270291605944749, 2.4502095342000985, 6.697439407906245, 1.642626536395312, 0.4014154881467107, 0.09473458196191586, 0.20821576222238036, 1.1644067678108172, 2.012349189417762, -0.311833639470251, 2.0484152994287683, 3.1818097928915563, 30.440995796723712, 17.910874011574137, -1.6653345369377348e-14, 1.6653345369377348e-14, 0.0, 0.0, 1.6653345369377348e-14, 0.0, -1.6653345369377348e-14, 1.6653345369377348e-14, 1.6653345369377348e-14, 30.507482712128706, 46.58450029161355, 4.787078938305285, 0.023075812829688402, -0.6924336767552859, 0.465395980077119, 0.005817428279328851, 0.08406055401235335, 0.9293748351733484, 0.30465938591339636, 2.56044149658635, 2.9513523350419746, 0.4570968035941405, 1.8408515348280616, 3.3968998441804388, 1.0969606891179637, 0.294773877174066, -0.26686259388907274, 1.0136067619800997, 2.3585460497807844, 0.08184515512800772, 0.15000977380532277, 0.0331656224316248, 0.07339723454754221, -0.28119967421071124, -0.7875255142164406, 0.6076139836972061, 0.1518648737169883, 8.031004801268296, 38.49749451786363, 23.98691099488974, -1.6653345369377348e-14, -1.6653345369377348e-14, -3.3306690738754696e-14, 0.0, 3.3306690738754696e-14, 0.0, 0.0, 1.6653345369377348e-14, -1.6653345369377348e-14, 29.877956046367245, 47.26437163121375, 4.797393776972285, 1.7077761001064573, 2.6282436554301967, -0.1364343657290874, 1.4706120755881784, 0.741570462467962, 2.3772672001954334, 0.19932185074367226, 0.4770823847495649, 0.028398119506846342, 0.5544497259812715, 0.9973093183662058, -1.0337336496279477, 0.18844784569023432, 1.9413807567484582, 0.47522581729492686, -0.038803875765950124, 9.765256909309642, 33.94095716341931, 15.094198641846681, 0.0, 1.6653345369377348e-14, -3.3306690738754696e-14, -1.6653345369377348e-14, -3.3306690738754696e-14, -3.3306690738754696e-14, -1.6653345369377348e-14, 0.0, 21.11853486288804, 35.49934630998581, 5.413407986050856, 1.4258925098907866, 0.4812835157063091, 1.2529324934126862, 0.6709248751691916, 6.10938548143389, 31.24045874807132, 17.911996201785627, 0.0, 0.0, 3.3306690738754696e-14, 3.3306690738754696e-14, -1.6653345369377348e-14, 3.3306690738754696e-14, 1.6653345369377348e-14, -1.6653345369377348e-14, -1.6653345369377348e-14, 10.604574883537275, 26.4186401951452, 6.351546816332473, 0.6518893811975204, 0.4443952230941477, 0.3108117231008123, 0.24867762695441797, 0.8273019126174859, 1.930287607834316, 4.429468300031658, 3.4603371783128978, 1.5392217302182871, -0.6512461641705158, 0.7690054878354431, 0.6864154143958103, -0.0024684022863539212, 1.1087535447867367, 0.036154914914845904, -0.9479298231696021, -1.9211630215907007, 0.06552051468429454, 0.026417345145659965, 8.476563678048308, 46.91418800945115, 23.303422086844023, 0.0, 1.6653345369377348e-14, 0.0, 0.0, -1.6653345369377348e-14, 0.0, 1.6653345369377348e-14, -3.3306690738754696e-14, 0.0, 3.3306690738754696e-14, 0.0, 0.0, 0.0, -3.3306690738754696e-14, 1.6653345369377348e-14, 0.0, 1.6653345369377348e-14, 11.228828106049818, 11.131189735431363, 12.265446993789553, 11.195628264235836, 0.0, 0.0, -1.6653345369377348e-14, -1.6653345369377348e-14, -3.3306690738754696e-14, 0.0, 3.3306690738754696e-14, -4.9960036108132044e-14, 49.9579516323233, 57.716090778675834, 9.48045623458222, 1.896448750083664, 9.009319949368546, 2.9072943918698684, 1.2924913525439479, -2.245106400511986, 0.10416228253018289, -0.3295069091100231, 2.0037376211193987, 1.6622884488383534, 0.8051769730860769, 3.2196442130542664, 1.6115091537560602, 0.017661272772102166, 0.05253626446199178, 0.1253660901436433, 0.24552429185223446, -0.27626967338903796, 0.18280597971227053, 0.9747387143215747, -0.05189124127150535, 0.789061933410494, 1.8273694842758914, 1.5934030689622887, 0.67167216130008, 0.9774376660602684, 0.1837740417756777, 0.44983396116401764, 0.3877699747611132, 0.43508734758927403, 0.2366666342301187, 1.1033514217039055, 0.1518720607184605, 1.2222575338823845, 0.30258991728010187, 0.46912701712608396, 0.0950666565947813, 3.9765885848447624, 3.5457323817950055, 1.7091160918031392, 5.345248921566622, 0.030136490599829813, 2.4750144194782706, 0.2992758293926272, -0.5150683641066962, 0.9392837325538039, 2.1561334436742072, 6.128309705084689, 47.81067332334359, 32.43123016066424, -1.6653345369377348e-14, 1.6653345369377348e-14, 0.0, 0.0, 0.0, -1.6653345369377348e-14, 0.0, -1.6653345369377348e-14, 1.6653345369377348e-14, 53.097643963579486, 59.83309243708487, -0.19368547907788525, 0.7165338951638205, 0.178780991124313, 0.5850209862522888, 0.9375114877735768, 28.783990441706692, 55.7766250876237, 20.78640644543262, 3.3306690738754696e-14, 3.3306690738754696e-14, 32.07491568839271, 48.12761953227357, 4.764769910891346, 0.939484567257864, 0.05820970445597595, 1.7007766282259809, 0.05302817989513642, -0.03662392726857888, 0.4526871422350496, 2.224970537071954, 1.1360849373685369, 1.4130155787559033, 4.089172748270244, 2.234543896810237, -0.3199335548963518, 1.9804651625174756, 2.16689860231088, 0.72871046016337, 0.15145279804312395, 0.0018364295465289615, 0.3013316296261337, 0.051766391818546253, 0.33422899627339575, 1.545528033152209, 6.057086968082672, 6.5227691058529444, 49.38489541124841, 33.85015987274711, -1.6653345369377348e-14, 1.6653345369377348e-14, 0.0, 1.6653345369377348e-14, 29.574091996052616, 48.733392194660155, 3.493920894798066, 0.7152300344691866, -0.29530714593397533, 0.31964004214819397, 1.0302992080253262, -0.015766206848752518, 0.07659076851064128, 0.34870369334953466, 0.891487603070118, 0.2602371346329164, 0.05099632697556444, 1.4437751335626672, -0.009460275339392865, -0.8265705313854141, 1.3236732720841928, -1.384692432390807, 1.9305391277600847, -0.28211520898582876, -0.3768792993051875, -0.20592057212604686, 0.07756013025198172, -0.2877746680217115, 4.778176480777688, 1.44170304943043, 2.213678336864291, 1.3438325709182664, 2.064270177099843, 5.258956200293255, 9.334948227676364, 1.4473702952132328, 0.5947180125595537, -0.02106382083502467, 0.07208391728647712, 0.5255676372386233, 9.894934755660131, 6.685184687481865, 1.7601152135123357, 1.429748557858602, 0.8451718468278386, 2.196707346172616, 0.04881912375265074, -0.9923267552389916, -0.30822022977156394, -0.15472258340480494, 0.024630523077803446, -0.01579871840715441, 1.9751228123323017, -0.2989144781209916, 5.100358461247197, 0.2852903528803381, -0.10706808388601985, -0.8722355919182974, 53.198771760516706, 63.383816650346915, -3.3306690738754696e-14, 0.0, 0.0, -3.3306690738754696e-14, 8.787972337346659, 24.203938701829813, 10.699923337955909, 3.1639653922763387, 3.088126544108718, 0.5770376752298034, 7.531344680613358, 6.10843524846149, 8.137778623179429, -0.2120726761120295, -0.5396173601626515, -0.21102377562294805, 4.7240684009555025, 4.101943909226975, 0.9457596950155676, 1.9784621130149844, 1.3987466321395914, 1.1476110490526708, 0.21112649444546605, 0.5445435438227832, 7.1901770208364155, 50.740250155854454, 31.935473588945527, -1.6653345369377348e-14, 3.3306690738754696e-14, -3.3306690738754696e-14, 4.9960036108132044e-14, 1.6653345369377348e-14, 0.0, 0.0, 1.6653345369377348e-14, 1.6653345369377348e-14, 0.0, 3.3306690738754696e-14, 0.0, 0.0, -1.6653345369377348e-14, -1.6653345369377348e-14, -3.3306690738754696e-14, 1.6653345369377348e-14, 0.0, 1.6653345369377348e-14, 0.0, -4.9960036108132044e-14, 32.90271614737054, 37.45284263527998, -3.510961807691217, -0.6493927589540363, 0.8351633145557003, 1.318120916519888, 0.4535687990332917, 0.6161859619090819, 0.4640879429686038, 2.895253360400716, -0.08693911814214061, 0.3258487161313042, 4.784630132940322, 6.851171939143171, -1.8142993252470205, 0.964460544306462, 1.054112661395152, 13.814990141871078, 15.437523800663712, -0.7933165913443645, 0.9212830665283036, 1.9792085762430816, 9.38377180120051, 9.964129836247821, 1.2718332942449706, 4.914277276864141, 4.61525939189238, 1.1525117526850295, 2.1455791996854714, 0.09720160077273476, 1.4133615911453035, -0.31886820131097693, 0.6902532684419498, 0.39044514154306853, 1.4450051207853107, 1.0774105376511898, 2.8668347943959134, 5.996949994261229, 39.349990860990886, 35.79176104256277, -4.9960036108132044e-14, 0.0, -4.9960036108132044e-14, -1.6653345369377348e-14, 51.83347933613973, 53.78776497640956, 0.34810943020056584, 1.5235274398420415, 0.0038478337273772922, 0.6850502333136319, -0.3155232610414487, 0.9208487350440464, 8.247327891919895, 45.11453970339386, 30.8183709354485, 0.0, 1.6653345369377348e-14, 0.0, 14.77461348204384, 35.01592389796036, 12.04086302713398, 1.948660987308756, 2.6301651715698426, 2.142327403110471, 47.23241837464087, 32.71793947596018, -1.6653345369377348e-14, -1.6653345369377348e-14, -1.6653345369377348e-14, 1.6653345369377348e-14, 1.6653345369377348e-14, 3.3306690738754696e-14, 47.52521447571792, 52.46871355371718, 5.945394852526306, 7.443121897636843, 0.10411185931513955, -1.5728998058118577, 0.7093188261808336, 10.778732209490727, 28.486708937630226, 31.54471187781317, 9.765215314765697, -3.3306690738754696e-14, -1.6653345369377348e-14, 1.6653345369377348e-14, -1.6653345369377348e-14, 3.3306690738754696e-14, -3.3306690738754696e-14, 0.0, 0.0, 41.52438483278715, 52.764934354427, 2.8575250220417274, -0.12671938562289142, 0.8940866180244029, 7.507379946979199, 41.09316106292232, 24.367072447251843, 0.022790269257242812, 0.48166967443799535, 0.06175289365637582, 1.2004432660317832, 1.6301919665999378, -0.2006778127220059, 1.7009847236783173, -0.03104633596392148, 15.468464273592332, 36.399815780154995, 11.219910210190164, 1.063559726772155, 1.2321089753721708, -0.17559392366933935, 2.0118816471351693, 1.3702440539987037, 7.880747889222675, 30.139046469133802, 40.67210175294656, 9.415248309673636, 0.0, 1.6653345369377348e-14, 1.6653345369377348e-14, -3.3306690738754696e-14, 0.0, -3.3306690738754696e-14, 3.3306690738754696e-14, 3.3306690738754696e-14, 1.6653345369377348e-14, 0.0, 1.6653345369377348e-14, 0.0, 3.3306690738754696e-14, -1.6653345369377348e-14, 1.6653345369377348e-14, 0.0, 36.165354818416716, 40.05130494996283, 6.014735558027269, 4.656364807729801, 1.2245385324899871, 2.323640092321966, -0.32063386880417966, 0.05324533576549584, -0.16828043711359442, 2.5204856990063718, 3.6740677444970515, 0.43576296998082853, 1.4971411034335915, 0.26866937191448415, 1.6733774308193006, 1.1964002993225904, 0.5653981590031663, 1.3503807948278563, -0.09062657050617418, 5.618845618071191, 1.929638914344764, 5.584394338658058, 12.988868415706406, 1.3398448929117421, 8.208027008230829, 0.5225314975829178, -0.41881084298825044, 0.22041284431497843, 0.6886107966766986, 0.07166291616442777, 0.414753181736387, 0.9357016725150515, 14.327224847214438, 17.171801079370653, 0.7305805393261835, 3.9580580282565734, 2.6897380694319963, -0.004564088635788721, -0.037111554807665925, 0.29992651019381356, -1.5788146730702692, -4.393001253933562, 22.37431658191781, 29.19828340819214, 3.4362456717032615, 0.3217911622936924, 0.3724364925535042, 0.6446866925776646, 0.7327510947260976, 1.1349243388593777, 0.27741754382856243, 0.9360379072191733, 2.1607304015942645, 1.1611229970706916, 9.607949010028435, 6.927131721441441, -1.6653345369377348e-14, 0.0, 17.58724105882746, 58.385836215579104, 20.84197100203403, 0.1964941992268905, -0.6816960632138489, 0.21104792207506762, 6.2728529512315845, 1.158335176520609, 8.21021950925126, -0.1876674356572039, 0.7873906627875158, 0.282072000169137, 0.6963204627870709, -2.651584723492306, -0.8964949270074385, 1.2828111319915934, -6.373545153254554, 59.105485352701976, 54.57124225158469, 0.055072640894422875, 0.3296305958857886, -0.02829241168325325, 0.06883561802442273, 6.791006878110096, 16.16907997619211, 2.75935090420154, 0.8243851032094653, -1.0895724879871977, -1.121648510447244, 1.410092344727957, -0.6502626573824273, 0.4431643111871608, 10.756931441269103, 43.26399844206395, 19.756887878672956, -3.3306690738754696e-14, 1.6653345369377348e-14, 56.389183012673385, 66.32650095355939, -3.1036736686837685, -2.323201529012863, 0.1131414836939939, 0.3022834630737634, -0.3466406974290521, 0.9612293854168001, 0.385861985519, 1.3659292568879664, 0.8010931319853398, 8.840678641156273, 6.270766188602238, 1.8568011575334822, 1.828582091553585, 10.637367139354524, 48.024563398029045, 23.449094803315916, 0.0, 3.3306690738754696e-14, 0.0, 0.0, 0.0, 1.6653345369377348e-14, -3.3306690738754696e-14, 1.6653345369377348e-14, 0.0, 0.0, -1.6653345369377348e-14, 1.6653345369377348e-14, 1.6653345369377348e-14, 0.0, -3.3306690738754696e-14, 0.0, 1.6653345369377348e-14, 3.3306690738754696e-14, 1.6653345369377348e-14, 0.0, 0.0, -3.3306690738754696e-14, 3.3306690738754696e-14, 1.6653345369377348e-14, 1.6653345369377348e-14, 3.3306690738754696e-14, 1.6653345369377348e-14, 3.3306690738754696e-14, 0.0, -1.6653345369377348e-14, -1.6653345369377348e-14, 3.3306690738754696e-14, 0.0, 42.07299629337538, 53.14907241943871, -0.7693418521610056, 0.22145445387741347, 5.765583979086159, 5.668307264654345, 5.413795953485192, 1.9910546248884202, 0.6188554028503859, -1.2684925717514943, 1.8536997831993176, 0.07457951456751744, 2.889964224895266, 0.44070236120887785, 1.8429532662096335, 2.3946586691607763, 1.126834765395074, 1.2503531125357767, 1.9915215308075176, 0.8320236694339656, -0.29818108023948753, 0.6357948617180682, 1.399207365481061, -1.533800572772634, -0.11857124833170474, -1.029148204185617, -0.4731140025097602, 0.04254574078902351, -0.2743920127633146, -0.40056468782938737, 0.4713681465696027, 0.003178960155310051, 7.9188819413215015, 1.6368958114177303, 0.7000305437308043, 0.07321879090181937, 0.5624275104613616, 0.23086128145928342, 1.1860578796106438, -0.1268001742478191, 2.282129790508975, -1.2079620161125604, 0.06965268111821388, -0.021029723400488365, 1.6740231781955117, 2.7059015924619416, 8.60445991455856, 0.786297680348298, 10.106978121182465, 0.6962045560813976, 0.5172206950865075, 0.6396360901926528, 1.3827499776512013, 0.7887927617040305, 2.5362919197189058, 3.081056447330866, -0.06625569624986838, 1.734602334811484, 7.429015041530761, 1.1976069486170218, 0.24893082973767378, 1.3356140776681968, 0.06908085377699535, 0.7949866544204269, 0.7517194540599803, 1.1772824548941117, 0.5667373485165399, 0.19092333050400612, -0.4944689403313305, 0.6675572000674492, 0.37362394471006155, -0.5562065746272538, 0.3240505556690323, 5.971872424189314, -0.8006654145615357, 1.591134418130423, -0.5547968415065725, 3.2568876476307196, 15.316859329800877, -0.131021906802971, 11.536709761688599, 3.844927924335707, 1.5389380642147898, -1.3340538826237207, 0.39316600124038814, 3.154750679601989, 0.09043557239363054, 5.371699839803227, 4.473857539096002, 11.287450080739063, 18.841320457825077, 5.961320353018436, 1.661425492452281, 4.988010400058556, -0.3936081409065082, -1.0350145889783562, 0.15152600939131844, 2.970808730190015, 3.266355003427293, 0.16557263115214482, 1.4605608620231578, 10.272767632634213, 0.2518192341156009, 5.921349810888046, 6.3557152872842835, 3.455828966695208, 2.109167281111695, 7.100412661062364, 0.9783522337695558, 2.723916598144683, 10.574879372201394, 5.602936262001776, 3.8412475866334717, 1.5474787965804353, 0.7545694759478465, 0.18955781555951035, 1.8644396228985443, 0.6468439047703214, 1.2564414628831173, 3.620487446275547, 1.8650065711678963, 2.969856858470962, 3.230423592270199, 1.3108300135266973, 4.094008478355022, 0.07596383380030147, 1.9750816064174614, -5.692951727290051, 0.12875983226297194, 0.26085593757568404, -0.14584000373770323, 1.3847521808986585, 0.014056874905918448, 0.9558147873418648, 11.492028286539835, 16.529937116304268, 1.6757539760193367, 1.493869940517925, 1.0658778380264948, 8.319011069120279, 6.957650432055175, 68.38863490753226, 66.69863239468017, 1.6653345369377348e-14, 0.0, 1.6653345369377348e-14, -1.6653345369377348e-14, 51.11754571514416, 54.41103814700955, 0.6783358920381488, 0.10360746842320623, 1.010137051772631, 49.738696383846786, 34.44716506171187, 0.0, 3.3306690738754696e-14, 39.57525992775854, 58.0227597534448, 9.558858866550167, 1.5672184258512516, -3.3359328737461738, -0.29928666580588015, 4.52265989270893, 3.8599498229515348, 0.3829644750528587, -0.008370462015136582, 1.087651301376809, 0.12020694498005469, 0.433674418170483, 0.08308351767328759, 0.016302311679737613, 0.11925975852045667, 2.0604376811766656, 2.512004609394353, 15.520724054653755, 20.069856067204455, 12.708598317037797, 50.03086449328558, 11.135434556708901, -0.4973731261750345, 2.6483349279126287, -0.1347938747853732, 1.3326332676001584, -0.374280711054098, 0.9719331988685553, 0.25742016841991244, -0.6134144399325123, 0.48669896204955876, 3.0903922247539413, 3.889072709770062, 7.644004967228057, 28.29463744630482, 3.142268979198377, 2.4064704672817925, 0.5380671948221334, -0.0018703854429986677, -0.11800430454201205, 0.059564939027723085, 3.5928716737054174, 0.45019706976449925, 26.821393928491545, 26.472497166164317, -2.535782685608183, 0.022951755111307648, 1.1570828875851475, 4.725159526298626, 0.6985389374275428, 0.13859047119740353, 1.9518609269741773, 0.6013704398391155, 1.4710965180260018, 0.2280659710938835, 0.5350096356248741, 0.9519058992450482, 0.026341180444205747, 72.67500262543894, 58.59025066818401, 1.6653345369377348e-14, 0.0, -3.3306690738754696e-14, -3.3306690738754696e-14, -3.3306690738754696e-14, -1.6653345369377348e-14, 2.507833463717983, 59.37440970855516, 55.773069818197825, -1.6934748540479632, 0.36550422967548, 0.009586333233301048, 0.6072026157505661, 0.4638363902591891, -0.19767542826264162, 0.3394360292403462, 0.4395368463468685, 0.9321387579990414, 1.2254855473853468, 2.2328340075803226, 1.723306622707696, 6.574370751012793, -1.7226860912239772, -0.7567303193493444, 0.028464280264643094, -0.7634305317315011, 0.26703097943118337, 5.694242318455963, 0.2422175872106891, 0.013763357837206058, 1.9180773844899477, -0.47822844588904445, 0.1187764605714392, 3.399430458367874, 0.5212155338524553, 0.5554911689558821, 0.22217563594722378, 0.48688517492973915, 1.8723289513608279, 0.8546097630666054, 15.756976064687478, 76.6000302579547, 36.38644389381716, 22.64945675362472, 41.57422376371511, 7.556272307720178, 2.9370776703232764, 0.8057784847777612, 1.1497155235641117, 0.30684345896861487, 0.6688797887521787, 0.8661306216187654, 2.315498995155167, 6.674643675129914, 8.115745738787211, 0.38841361374326766, 50.44606120833794, 27.26963788483124, 0.4257168297812086, 1.8073491564327924, 2.0119987822344, 4.785267382325628, 2.5223420547747537, 1.6756751664399872, 0.6153345430568606, -0.11546571554367802, 1.385840257183645, 0.30712651263183943, 3.078575593422329, -0.18280014707693226, 0.5902733247389733, 0.9898508297987973, 0.06586815403875335, 2.3246969177798746, 3.351898959283517, 2.5621745890464354, -0.08979790513876651, 4.188903314013942, -0.6231485041280393, 5.201467347363405, 0.29181492160068956, -0.3457325724914426, 0.13695734944815285, 1.048315170286287, -1.4969217812219995, 2.1427803312840297, 0.39059979547755574, 0.21458763546706905, 0.01812301123004545, 0.9801023867855747, -0.8672919816760896, 2.222065369900065, 0.20240285257932555, 0.8081471019554556, 0.2485904461609607, 0.33086570792966086, 1.5507330584368901, 1.904023720164787, 2.98681686929865, 80.28438001729756, 75.8821453135331, 1.6653345369377348e-14, 0.0, 0.0, 90.18927013371629, 80.53216879112591, 2.793263591281743, 0.5465236950877852, 0.779458878618243, 1.303638407552512, 4.404975805301547, 87.40245950049797, 75.52016300667876, -1.6653345369377348e-14, 62.51592712377018, 87.73900482593513, 5.773355078563213, -0.039415701774601075, 2.1734472006766055, -0.08647006398769008, -0.0868154967376995, 2.6035699061376363, 3.5242838730763424, 1.8743756031410612, 17.950340522574038, 11.624322568801858, 2.1643707749007035, 0.7430603265805757, 7.001529306382736, 17.940613548137776, 5.113789535949309, 0.08797962902667678, 0.5185056971682798, 0.3604064711926185, 3.669868908261833, 1.2477257452750337, 16.579083414258093, 1.0571236471097336, 5.517123277680071, -0.3453328567460403, 0.5890917111513545, 5.474378317278479, 1.0940188198596843, 7.901640243950851, 2.193187028751936, 0.7078703038224603, 0.8819936871276468, 5.56469171453773, 64.68747253794533, 48.65695771995104, -3.3306690738754696e-14, 3.3306690738754696e-14, 0.0, 3.3306690738754696e-14, -3.3306690738754696e-14, 0.0, 0.0, -3.3306690738754696e-14, 0.0, 1.6653345369377348e-14, 75.68884216786029, 97.31966955669043, -17.513672046368015, -5.120089889334167, -0.5141230135570822, 1.075094753843132, 0.44997119410345476, 0.4299329806149217, 0.6681362516128502, 0.09430718582314057, -0.4426069516894131, 0.7722167666042878, 8.934489888589951, 0.5188261447892728, 3.5971971393884132, -0.1402186749652401, 6.965953820880941, 1.1067775580995658, 12.891097318176662, 0.7704084183530995, 1.389200848519863, -1.270101465446487, -3.448061697471303, -0.15581622704928577, -1.8997690708957862, 0.1110823998461683, 1.443377939559241, 0.8451502786733727, 0.06595703499272076, 0.5142881047464698, 0.04920927151511023, 1.270997340860049, 0.7089792573847262, -0.44542435063499397, 1.6072312418763204, 0.3720500361764607, 0.9643887570896368, 0.04763959123170025, -0.0015104571405117895, 2.943967950038541, 1.6749788662455103, 0.34658962857088227, -0.3575986884223994, 1.1838953047802079, 0.6378104824650563, -0.6197474965678111, -0.18025191533627094, 0.0925525922733641, 0.7054325893586793, 1.228493894005851, 0.17608501842244095, 1.5750548831957758, 3.3792438913636715, 0.9014648857594239, 1.4376490894758263, 3.277209255867774, 20.448450521364748, 3.339169507162751, 13.553675268319239, 0.2068085955368133, -0.508754333218576, 0.5685063579278449, 0.7132268582472534, 1.4936998676566873, 2.184048637223327, 0.4395776342245199, 1.966234807655269, 0.7018360576855684, 0.8242519809946316, -0.30365298982496824, 0.4426610227428682, 0.8054314127278985, 4.303468356911367, 1.0807483180460622, -0.06600602508251541, 3.931677875366063, 1.7663182151414958, 1.523405701428942, 0.3375245113401206, 1.032130711955233, 0.08639394890360563, 0.055029923744768894, 0.4728545048910746, 1.0005909090832574, 2.0723864334415794, -0.3755871262492292, -1.4227739838363505, 2.145043049130436, -0.22163329220438754, 0.14071831201658824, 0.7171517567043111, -0.46166018182725566, 0.18340951027073515, 0.11640915310636046, 1.0802922873230045, -0.8166216296081075, -3.3852417835325923, 1.7806327366818095, 0.6642680288689462, 0.1455323905277055, -0.0650890605868426, 3.396956401633247, 8.688551071702364, 3.9289590345555325, 2.338823615335059, 2.998831623879596, 1.1044545020258738, 2.578043136955557, 2.9115542344022742, 3.52782205919425, 7.092263385414071, 1.7907895918552867, 2.5729339615943445, 0.4308311888901244, 0.6116720222199774, 3.701131121488288, 0.0997226104514084, 18.765809602277955, -1.3758420488670708, 10.007689875428923, 2.8817551815188835, 3.0879106596723886, -0.26231693649583576, 18.25332467482565, 66.43024408021228, 30.328528416437678, -3.3306690738754696e-14, 3.3306690738754696e-14, 0.0, 6.661338147750939e-14, 0.0, 0.0, 0.0, -6.661338147750939e-14, 26.30344123847766, 79.43208670386747, 23.818797081412868, 7.099494986486889, 4.346371648072591, -0.3508104656737032, 2.6982206082657285, -0.09894936911371133, 1.3580955739256524, 0.8288896542218254, 6.7697755210947435, 2.05386131527257, 0.6113549935121227, 1.484212824900169, 1.832741228473651, 2.08681849033087, 80.51241365254964, 56.35425970741272, 0.0, 1.6653345369377348e-14, 3.3306690738754696e-14, 68.49463604621545, 79.52503227766653, 0.06741045766267462, 6.686546782419782, 0.3660300637297951, 5.049923567718906, -0.06403698895121579, -0.7539061013299033, 1.0507399466271181, 0.8586974751101479, 0.29643126839857814, 0.9843862945988349, 1.7485692638962291, -0.359413642628283, 2.1134211381884143, 6.830583279327129, 7.612434237209186, 0.888478911189452, -0.7731143901332871, -0.43743584070580255, 0.21559028367391875, 0.3532421201498437, 0.9728624207276653, 0.9281086671250023, 1.4362766318431568, 0.4711038295160961, 0.5876689924098173, 6.407100165546808, 0.19192607462707656, 9.446619684529537, 6.394633757385918, 0.04063249582929984, 2.2251860112706936, 4.334727924838262, 7.344730228310482, 2.3506640473024163, 0.8248949410781279, -0.22202912899183502, 1.2038906459611098, -0.16775859253982617, 6.8163689073555815, 4.640537686257062, -0.02143839091593236, 1.8704197665078937, 4.839791227861269, 0.04053851545791076, -0.30690915599871005, 1.5528465303914345, 2.909516031811563, 0.3822695759590715, 3.724633850498549, 2.5428602401575517, 6.592318412792338, 1.4842900130638554, 0.007033985414182098, 0.1602859995784911, 0.04328190493038164, -0.5552531102810008, 0.5629172663589088, 2.715765354192399, 7.722409155545165, 2.6911361913523706, 81.12586103335053, 1.4578874246433884, 70.9628700964472, 1.0417421564444567, 1.495422775492898, 39.87616891363359, 7.233453306631304, 55.824909459891956, -1.5949450253233408, 0.5277822850250686, 2.969114558486126, 2.4130772566365977, 9.018869410065804, 1.445025809861022, 0.7600373086123682, -0.20127233544394585, 0.25431720019776094, 1.4040732656349064, 1.404643696374137, 0.02528588774077889, 1.063799762680901, -2.821662306814801, -0.516362943707577, -0.08117430809943471, 1.7881067865180285, 7.508376227483268, 2.5994016242184443, 3.5506227545483853, 4.165059494012212, 0.26759924465727636, 7.909182156510724, 2.5646647706630574, 0.14260492470134523, -0.6006890303369801, -0.8962367548032262, 0.3207451704073492, -0.23120395189073406, 0.10354051120771146, -2.1332477472417395, 0.5301437247775311, 5.389188815341981, 0.8740730111794619, 0.5778471814612658, 0.2630356703432426, 1.1452135735987667, 4.023019158753982, 5.288865664116088, 1.959741839561275, -0.6299582747016075, 0.5076780918051327, -0.08004325220656483, 1.1822890908766794, 0.6190139358832312, -2.522683907715191, 0.9293677804701019, -4.313278268254521, 7.818919406325222, 60.766436400925556, 10.435157068948968, 82.25379550754093, 5.727905141642282, 0.9710186822795777, -0.17285192702308905, 2.360362814493442, 0.1908289194822146, -0.4192006198281888, -7.291834999139951, 76.49714626563673, 58.60364876463666, -3.3306690738754696e-14, 3.3306690738754696e-14, 62.141189580457734, 84.84923959388192, 0.07030910781486455, -0.10011889811153196, 0.3213895604096706, 0.4183048390489148, 0.39222154448771107, 2.0284327569495417, 0.6308046098163231, -0.08421456156406748, 0.5573578005570425, -0.12005247309298284, 0.6947237593282125, 1.654295238900886, 0.23690783644474323, 2.820456661512935, 0.5423226871812403, 7.142199657697915, 1.635311958613329, 1.019756143820814, -0.7343042112929652, 1.3416128979051791, 0.22450669562954317, 1.434132943136774, 0.2095333906960377, -0.714194505689079, 0.10260490401628886, 0.022399709840669857, 2.1709066660148437, 1.2929041146924192, 3.2236998953083003, 1.183208812541693, 4.755346597290327, 1.9828513727550217, -0.0828153396748803, 6.699148234559971, 7.992187591587253, 5.4108718237009725, 4.751619950807026, 1.2142607021438607, 2.976447164200181, 1.9213519632917269, 1.576025643737239, 4.627259430663344, 0.9432530304680995, -0.2262280136735626, 0.3618994043239354, 2.475034215611572, -1.26044252933184, 1.33288783025273, 1.4814753240742675, 5.685113732028981, -1.5260121623875875, 1.0938822212515333, 1.7896624484482118, 2.2542361516832443, 3.660090516090577, 10.794591564171242, 4.860741021462445, 1.243229318444719, -0.057326761266722315, 1.6459369731202287, 9.459494901232574, 1.8934429559275259, 2.3693203725157446, 5.902043100892342, 1.5260650634372723, 9.365499111534746, 2.795008983687012, 2.754109411547006, 0.31765745572647575, -1.5122804457350867, 2.5041632128868514, 0.05193857433528137, 0.2916607768133872, 1.7458412497708196, 0.061681426584982546, -0.5077223624824683, 5.467640088907501, 11.237303415886686, 4.2945186654417284, -0.056474253819487785, 2.7612541757168856, 0.565426025739157, 0.03226093549903908, -0.7496403190041292, 0.1446194160032519, 1.4761740890860438, 4.197629107377793, 2.980457318582353, 5.8221488813165365, -0.57923182447513, 4.719462269123369, 3.2272693208758483, -0.025787851635641346, 0.8253142527602222, 0.922603426287651, 0.333343342304147, -0.6357330098583134, -0.20480458960764736, 0.24671988453542326, 0.6187875155093252, 0.5497855846411994, 6.443577372871005, 9.241510244345136, 7.442060904073514, 25.75727493830334, 57.34461810115431, 18.48918221047842, 28.946102180754252, 8.500264026725972, 1.1931711161142857, 0.5332253117867936, 9.697666394217322, 12.522938512167684, 42.28421705370772, 9.040413959082343, 2.794082985894647, 3.9324552370651418, 0.8645452604711181, 0.5319050308179385, 2.084454128965376, 4.286862852531158, 0.11642097568653753, 0.5526362513301137, 0.2448816423034259, 0.027233269219436806, 0.805969141536707, -0.17622845404423515, -0.2872443987720317, -0.1429842873560574, -2.4853123886919093, 2.8705329625661307, -2.0229109065384137, -8.553279612672782, 1.237547319946657, 0.35782802914854983, 0.3894301306131638, 8.06759712908422, -0.3337019916234567, 11.019012351763877, 6.720544848133272, 0.3502437141024757, 0.27872946474849414, 0.12924984536573447, -0.4784900031881989, -0.12742855615499593, 0.14174312068212203, -0.1526763407262024, 0.5966567333298372, 0.1203620627862847, 5.243997658451235, 70.26632908451626, 53.47350616494583, 3.3306690738754696e-14, 38.85825045594507, 61.05215530181039, 8.259664596701668, 0.46517499400579254, 0.061382541972875515, 1.2701708770852065, -0.15481369691451619, 3.939276379357125, 1.9274173443772042, -0.11470936933335452, 0.1010692039380956, -0.3116519841059926, 2.92879637757369, 4.978154837618035, 1.6567019078031535, -0.4541621840373864, -0.7274778412402156, -0.5284619681237928, 8.633311245615005, 13.943474152932481, -0.45872654193703966, 1.6692356028291897, 0.2209343377433015, 0.4602669243791979, 0.36262508266395344, 0.4534401964112931, 1.0883129875053328, 2.014711049379571, -0.36533646164434685, 0.5245318689123906, 0.10182044438454341, 0.08996176206233031, 2.389203422166702, 8.439732860219124, 7.048040651129668, -0.07183859921315161, 3.3760024133742945, 0.2791119862300775, -0.3026651773213871, 0.013077973915073926, 0.09184283550234795, 0.24381769331444048, 0.07867826586459614, -0.0881510901836009, 0.0810737635104033, -1.099483474533372, -1.0198851481047768, 5.440441437313893, 5.813267785929952, 0.9967764414603835, 0.11074012460437643, 2.2459976583428443, -1.2175517355385637, 0.08794983721850258, -2.0545294798369014, 0.9251795370711307, -1.1631701073931708, 0.5780838939232353, 1.455532908985333, 2.759702783042144, 9.70449073780685, 1.9418978105827591, 0.28386156802946516, 0.5019895220173112, 1.1556108372629978, 0.28878316731129416, 17.499710948893267, 15.244807675575771, -0.6998178478522732, 0.5746268562198793, 0.5101023995820242, 5.8003195137634975, -0.17764815341104168, 3.236831014762288, 0.3289386701881085, 4.354724330041904, 0.33107379080320243, 6.573435321147713, 2.364032144457269, 0.11533095208960731, 0.6780663187780647, -0.2967331411819032, 1.962993288383018, -1.9655037500448316, 4.471567623046667, -1.7118625983910079, 6.293087959236345, 7.90607124251801, 3.862977767613984, 0.13590702945373323, 2.2850621111091414, 1.1707862367652524, 1.4555491990013252, 0.27414084124779947, 0.233813019211766, 0.002652842851148307, 1.9561619193420938, 0.089788116206023, 6.504408525235249, 9.432467921223633, 0.9494793965030794, 1.0858321891663536, -0.15097014039531587, 0.4976754933156826, 3.1978515326077286, 7.005693797480262, 0.3474600047456988, -0.07864115966685858, 1.4646779729119999, 0.3715397764997306, 0.4630678396533767, 1.1674482149526284, 3.2279818318055504, 0.3999215949762629, 5.134732888449889, 8.63065212142044, 0.9846980707221746, 2.118061294436302, 2.5371425476527065, 1.273368395807438, 3.068678362095511, 3.51850236448513, 0.746196789165424, 2.43412249162202, -0.04831856320095085, 0.07521191595230903, 2.878101194054466, 22.860761974538775, 9.4427129470115, 0.75443202104384, 0.3067491543423557, 0.01497845568366074, -0.6279630472420195, 4.320133016679449, 0.8692942902784466, 3.875519023781294, 15.316119358721608, 9.085166361481583, -0.02345434704670879, 0.011419081251460739, -0.3774656170705839, 0.12554588096077168, 0.16797178713943595, 1.7476631331981025, 5.0591761667694755, 35.52193243387376, 22.84840184116365, 0.5364212624531888, 0.20270318045683666, 1.62217124484485, 0.32839213731745076, 0.06830963923357558, 1.0174589960354297, 0.44615234188802333, 0.5083831003247212, -0.0015677387907260254, 7.663552157782306, 19.61396323743935, 6.290083428302491, -3.3306690738754696e-14, -1.6653345369377348e-14, 3.3306690738754696e-14, 0.0, 3.3306690738754696e-14, 0.0, 3.3306690738754696e-14, 0.0, 0.0, 26.0097596176942, 61.941969658439746, 27.564888940436276, 1.4916752227753705, 1.8477630371097575, 0.9063644627907479, 0.14029538806448727, 4.812534715062043, 19.75740481815643, 53.19202310258757, 23.41479043662477, 6.661338147750939e-14, -4.9960036108132044e-14, 4.9960036108132044e-14, 0.0, 0.0, -3.3306690738754696e-14, 34.679702969106614, 58.029462267155225, 8.694020788165176, 0.07074026148052326, 0.013046275253032036, -0.14696175238884734, 0.16708046065843973, 0.3173112529100308, 0.6726858812107821, 0.8847757648045445, 0.15327414700141162, 4.09192682318735, 4.347708407665664, 0.40236741856210756, 1.8306090461608164, -1.3995798865001916, 28.698472201329707, 58.85243978130694, 13.925414542897926, -3.3306690738754696e-14, 0.0, 3.3306690738754696e-14, 3.3306690738754696e-14, -3.3306690738754696e-14, 0.0, 1.6653345369377348e-14, -1.6653345369377348e-14, 0.0, 59.83286840882144, 62.62595316727999, -5.341863330883712, 0.9416469604198028, -0.14773764254312027, -0.6684789937635287, 1.2627928289321062, -0.34502313247014627, 3.5267176400452627, 1.283037734334357, 3.249647797144462, 5.483904358927248, 3.6274389603038344, 6.095070316384522, 0.13954315910245896, 0.8904045429361531, 1.7597552614878396, 0.9716384824714623, 0.6496751024964169, 0.58485796491766, 2.899561707292605, 4.950825069294069, 14.680010597245087, 0.003307160689473676, 47.686354604922826, 71.6012638778671, 0.29050704117443615, 44.44154038452757, 20.855754977275467, -3.944207803831091, 0.5164621306256549, -0.327356149875186, -0.18768122361097994, -0.08339998624705913, 0.15063216399244084, -1.3065885061329254, 0.6048692300392986, -0.5829038279423457, 0.6706023716014897, 1.68140126748699, 2.3374708276508613, -0.26772257036668634, 3.611357961678493, -0.5605762592176688, 1.7411032602529986, 1.6259423709256566, 2.5269222554571797, 5.926218857411243, -0.5908517580351145, 2.0100931562409414, 4.542529441676322, 6.573469490308753, 0.6361739919075262, 1.020397317985271, -1.1509163350697236, 0.0066053694794163675, 1.7334344347162869, 1.5594763642186535, 5.976251240783313, 2.7108156851001013, 6.36503793932286, 14.674117334359607, 44.52594019965318, 36.214610729755876, 1.6653345369377348e-14, 1.6653345369377348e-14, 0.0, 24.317554029966487, 57.67083911359242, 25.491234321041134, -0.3819928865592601, -0.15311451946081434, 1.8466341830737747, 4.185767248602019, 5.8443627583274065, -0.07550543026684409, 1.644651255143799, 2.458077063431574, 1.2579982059648955, 8.311928803748287, 0.6592837645445115, -0.05718713975761602, 0.2001019218980673, 0.6059915536276321, 2.5251916168912203, 0.18375716220066352, 0.49198120550613567, 0.24698493474375027, 0.07245644375939264, -0.4713896277741014, 0.5563557620877191, 5.299422756225454, 3.9588782529940545, 0.0014362044223616977, -0.037258748224417104, 0.09219498393872527, 0.2811025406124372, 0.20513454263715403, 2.693183144873956, 3.472955979840208, 4.119888805265987, 6.769225425375566, -1.152897074938096, 5.414077361791783, 0.13069964706039627, -0.9716285622182568, 20.29606196984207, 57.16524261481135, 19.792666836949422, -3.3306690738754696e-14, 3.3306690738754696e-14, -1.6653345369377348e-14, 0.0, -1.6653345369377348e-14, 0.0, 0.0, 0.0, 0.0, 1.6653345369377348e-14, 4.9960036108132044e-14, -3.3306690738754696e-14, 3.3306690738754696e-14, -3.3306690738754696e-14, 0.0, 3.3306690738754696e-14, -1.6653345369377348e-14, 38.34816116605779, 44.36157001762237, -4.3744177296410385, -2.0416707413241397, 0.05336300171552466, 0.6227499253617452, 0.7582872964860599, 1.9214834513853702, 1.9094911721584822, 2.358546231389596, 1.2369595871448382, 5.940187984397539, 1.4355223574953015, 2.2140495107879588, 0.2675196931730852, -0.006675404662360052, 1.1292947168348064, 1.1787432665070128, 2.6321060733703234, 1.7673950035001553, -0.4165400299890507, -0.5181928199214099, 1.391896358037343, 3.55612787656446, 2.2737865269243684, 18.570228571140888, 2.8648936904103266, 12.94364807530485, 2.0573831382810113, 0.18285704110792267, 0.41559165534260956, 0.3920366834623792, 0.1917557433134789, 0.5228473060027454, 1.0590911343060725, 0.2521033465483242, 0.5760347695031669, 0.25487879523461743, -1.2750804015284984, 19.826827193717634, 46.490640195188064, 11.93181637909997, 1.5506572027421015, 0.17520854424795118, 0.22113647973401385, 0.19400363233160078, 0.1890012589252308, 0.2757072596511563, 0.5387731904786648, 2.343817644252752, 33.07071174777502, 46.97178055776351, 6.104066533107812, 2.003662033973228, 4.217545235330363, 2.4233378173202595, 0.6608935641933158, 1.279711875654698, 0.2698374688545755, 1.0460867920322698, -0.1474642459019151, 1.6383781320678281, 0.09844630095903995, 0.14124906670247128, -0.28032062372665223, 1.2957090530727555, 3.4046037169207466, -0.553152620753167, 14.936472867725797, 12.76822403744984, 1.3621609586808745, 1.7128097263284872, -0.3971858745072723, 0.36044422054339975, 0.8899649016167359, 0.7242123901701234, 0.5136174358096923, 2.6624759539603247, 11.085838058698073, 3.9962411014664667, 0.9133708261684887, -0.3401479525443847, -0.5268558392021987, -0.4139691703302333, 0.37345938744840623, 0.1997560954432629, 0.30624043446391624, -0.09176635914741382, -0.3931228831711451, 0.410746026374909, -6.797778825210003, 49.01697669279105, 42.90413061810557, -3.3306690738754696e-14, 0.0, -1.6653345369377348e-14, 1.6653345369377348e-14, 3.3306690738754696e-14, 6.661338147750939e-14, 0.0, 12.212184592083851, 36.87549682748306, 24.3747784655136, 4.871477341016657, 2.6752660246916093, 3.1505693221770343, 0.03402142784818807, -0.6191081485249015, -1.1921920003788955, 2.3546687073546764, -0.305375265272005, 2.2487598706394465, 4.0325318887857975, 2.285532223166342, 0.3648035189565917, 3.4634164881548486, 0.12035099576917219, -0.08317538853680162, 0.42218417718254386, -0.2576310162093023, 0.2948943730822293, -0.4973996428797136, 1.1736576574595574, -0.7303951386829795, 11.28051802870408, 4.1257607655147694, 13.893988455354815, 2.879604770978858, 6.0813454153483235, 6.282455302492053, -0.2545762463449819, 1.2025901786716986, -0.07455670747754084, 1.013869324383677, 1.3699290523360332, 0.40338778338974635, 0.7083087218002788, 35.03019284805728, 27.981599851781866, 3.3306690738754696e-14, 3.3306690738754696e-14, -3.3306690738754696e-14, 1.6653345369377348e-14, 0.0, -1.6653345369377348e-14, -3.3306690738754696e-14, -3.3306690738754696e-14, 1.6653345369377348e-14, 1.6653345369377348e-14, -1.6653345369377348e-14, 0.0, 1.6653345369377348e-14, 0.0, -3.3306690738754696e-14, -1.6653345369377348e-14, 0.0, 1.6653345369377348e-14, 17.362307079371917, 30.043853379606503, 4.776285705306918, 0.2157895839919206, -0.008086389860750387, 0.2810206738747638, 0.07345059324916292, 0.12652046083258028, 2.78833959278586, 5.288312830567293, -0.3737027802673083, 3.8745157865039346, 0.36338729408998915, -0.08467626714252674, 10.336313130302074, 50.01655710497971, 18.8038026590624, 0.0, 3.3306690738754696e-14, 1.6653345369377348e-14, -1.6653345369377348e-14, -3.3306690738754696e-14, 41.3442521276757, 48.69782969407146, -1.2081142401294755, -3.7109305379971147, 0.2095608221063685, -3.1115671358655845, 5.184687277759963, -4.031972234507293, 1.5888427237860014, 0.33172860337663224, 0.6314207447521767, 0.89998208768327, 0.9065073149101863, -0.12106764086814792, 2.5418044036478022, 0.9543033990499907, 3.747281785006294, 5.143956351423185, 2.6418823851661273, 6.822759249254659, 0.6929208978571069, 0.7582346430765483, 3.7991083202075515, 1.0215347678553144, 0.09485269270703611, 1.0852271396527158, 0.3300671205618073, 53.96518376459886, 54.06418812751079, 14.699230094110831, 45.8503177880591, 19.05857603025362, -5.144655496835185, -4.98296799698619, -0.014815223610753492, -0.28059060468046937, -0.45051660509125213, 3.8147250584768244, 0.5277850606572656, 3.327182778607721, 3.5829966043583, 1.044817165278289, 1.9617984906756192, 5.13496099475924, 4.791114156446156, 0.9121917446632324, -0.05202107661250466, -0.16317270030276632, 0.6813423809867345, 0.12563434365347348, 0.7119096097596866, -0.24842786424403585, -0.13195758835195193, 1.161206297649528, 3.549475718700478, 22.278786684468457, 40.99398353899832, 10.417566243226155, 1.6653345369377348e-14, -1.6653345369377348e-14, -3.3306690738754696e-14, 0.0, 0.0, -3.3306690738754696e-14, 0.0, 52.29492933317616, 59.90417914443918, -2.3357990286474433, 3.291280054274239, 11.281904394503158, 1.4419280471638558, 3.9636364953676093, 0.2519173372736532, 1.130504187953079, 1.1276496118296109, 0.17507438598238423, 0.07924993191113572, 0.23017650691804192, 0.49000491048911954, 0.8627760234323318, -1.223822259482688, 5.76624653725986, 44.28949625524697, 26.69732180291402, 3.3306690738754696e-14, 2.6540917419377017, 20.63424203134747, 18.406125718035298, 6.06082245649884, 3.099842932423371, 0.21381813479979428, -0.41121192601156054, 1.523475825456842, -0.5635844260230556, 2.6994738992904104, 0.21209131512438262, 3.740528098644347, 0.3352453975303433, 2.4948188122704664, -1.6044924469663329, -0.30732179573465146, -2.24401553067878, -1.8973479173415626, 0.6362523850016828, 2.39710550938662, -0.009182143974157952, 0.7783989885068081, 0.9294808354623001, -0.16887109071643636, 0.8041945548400804, 0.8361037533038598, 0.06763686317162865, 1.6079213478682277, 7.383004852801605, 12.602397555993548, 0.7377237842316617, 0.33596597570624454, 2.1550234283278087, 1.3494524287996228, 2.4118916424951067, 0.625947694130673, -0.37509393235245625, 0.9150716723968344, 0.14549665716253912, 1.6886662971583064, 0.6614285047655812, 1.3771503369721358, 0.3096818268484185, -0.04184079723154355, 1.415520073290736, 5.858242240778509, 1.6031722250456824, 3.1532915750378834, 1.7302345175978644, 6.053411786499964, 2.201505968589913, 5.657452389706123, 12.433414775264737, -0.5864597417958635, 3.548433122419624, 0.6834198792277562, 24.813190120559284, 28.729648494122102, -0.1318877371140843, 0.33249153261090214, 0.36694611737948435, 0.7679385562714742, 4.657442873926698, 6.712996995434651, 2.901993291510962, -2.094289279460554, 4.868229857656843, 0.03929091002760288, 0.8140579837051973, 0.43120662851970337, 5.875475449948681, 14.87443936228442, 9.654667256398682, 1.525826497677599, 2.4772243961418496, 23.015009218640955, 14.200134759860788, -3.3306690738754696e-14, -1.6653345369377348e-14, 1.3564786925230443, 31.599103965675198, 29.662546215938903, 30.584630723700116, 29.91521993361934, 4.9960036108132044e-14, -3.3306690738754696e-14, 3.3306690738754696e-14, -4.9960036108132044e-14, 0.0, 1.6653345369377348e-14, 0.0, 3.3306690738754696e-14, 1.6653345369377348e-14, 37.86788852241841, 41.936838552474114, 1.3659128575577597, -0.18753230745255678, -1.0541361472878634, 0.3247877111954267, -0.5666171210013999, -0.5805708942467618, 6.5624293136592655, 5.669478514697175, 27.416265827435424, 23.56540129861969, 0.0, 0.0, 0.0, -3.3306690738754696e-14, 0.0, -1.6653345369377348e-14, 0.0, 0.0, 1.6653345369377348e-14, -3.3306690738754696e-14, 0.0, 15.43997908152295, 36.63754542769928, 11.566441882621746, 0.35855177574768504, 0.3158486425661522, 0.5429832457253951, 1.4330540796983087, 0.9303196187163394, 2.1182960866711937, 0.8657964534784242, 1.5169611500510882, 2.6223209486518044, 2.6153391763180025, 0.5808905152221087, 1.2627750811221858, 1.306283340063942, 0.08678220399451675, 8.109524069167094, 10.283671163152235, 0.21782735117005814, -0.49422605242619966, 0.7414494147864161, 0.2252223303653409, 0.2563497084640858, 0.1835775624223288, 0.02404309008460359, 0.10719885370815518, 0.46116406813098365, 0.2781617992010297, 30.750798778651642, 20.391747859326728, 33.891446648818885, 56.251139508699964, 6.168889975731588, 0.4989040783287919, 0.4773609557001919, 6.559851734115, 2.5702734076924116, 2.9630060464980943, 4.524078998958885, -0.21724825149499338, 0.39212447262752903, 0.16132342296828028, -0.07902519347840098, 2.290351486205509, 0.4239093594435417, 0.2808893233869867, 1.8131201307337506, 0.6774287122553915, 3.1286160503403835, 1.2573626171558772, -0.5113257189159413, 0.050748484063660726, 0.08718733413434165, -0.1752713900410754, 0.4937848085621681, 1.5535566395294609, 3.0758905219827284, 4.36644055334375, -0.08456741999543738, -1.606062377187186, -0.042821764453492506, -3.2099032204293962, -2.2713032258191106, 0.22615276754697788, 0.07661527447726257, 1.041747419566832, 1.0024473276034769, -0.6159688226051685, 0.004688351264690027, 0.5649325049962499, -4.486177875865451, 3.7026747000654723, 12.809411338296513, 1.4086122950557183, 4.92349995481004, 1.6566977484599192, 0.749051298807899, 4.2153610598007845, 0.4205609141702098, 1.0737799927071592, 0.5585972584348156, 0.41691422732912997, 0.6182207255239973, 0.026233791623326397, 3.022042921085699, 0.3065351176774129, 1.7543991474024097, 0.09711947287405565, 0.38761611512086347, 4.248633840054254, 0.6551293561245757, 4.801347898890185, 0.44817502126795716, 0.07177729110128439, 0.34442537864583755, 0.655660014851037, 0.20590307628708615, 1.1548732974351879, 0.15742909353866708, 0.4595979832188277, 3.1186440681539125, 5.784366757195812, 0.7422503226584922, 2.72209554256915, 2.761628032419935, 1.4960054565700602, 0.7528680830869234, 0.5449917197536251, 0.5981422096675715, 0.8900513720165009, 0.26972136730432794, -0.13748329103793822, 2.4415963858559735, 2.3881582520134543, -0.9918777406218169, 2.1405643360546946, 0.8341191990643892, 1.344860638243972, 2.348870442181351, 3.846334279176517, 0.13225329928275187, 1.2744424305591338, -0.6531241202692399, 1.2445473527116064, 8.366917498617, 3.7374402054258553, 6.621742029925485, 38.80435754292034, 21.407197747049167, -1.6653345369377348e-14, 4.9960036108132044e-14, 1.6653345369377348e-14, 53.72006661067809, 54.288843498510175, -0.7497401423277097, 1.5247121598798685, 0.4334543405348086, 2.599615584066555, 0.09866731191516465, 2.231858691491425, 0.29446756180243483, 0.1896611603654037, 0.0532463136169099, 0.48145156559257885, 0.2606112233083877, 1.5860940960814105, 0.8583078986124519, 2.6862335033155205, 1.4873149654068811, 0.9446086702447474, 2.0157989391832416, 0.08846894568216612, 1.3639142088497351, 0.34606171397899743, 2.1583488353318216, 0.511658796591405, 0.06400242696224723, -0.8942757490279973, 3.1793586575689687, 0.746159558074396, 2.908518354251669, 0.3034034492702631, 4.125387783228803, 0.7886147583729439, -0.32599807736232833, 0.3282263993886545, -0.08355083133460539, 0.2817851214551865, 2.115644762867987, 0.14573162108968063, -0.14709069896400706, -1.2056321479964254, 0.9626655335881651, -2.0393708063944587, 1.2868979688656736, 0.10347007717928136, 0.29657580753757884, -0.3917362428388742, 0.08934368456812081, 1.9913928616911107, -1.1802557856527756, 2.5155899201588454, -0.6744452893935886, 1.3810455414266016, 2.6303755904282298, 0.2958158912147155, 2.779961125218051, 2.1702565778435883, 5.941893985146862, 2.3140459689750514, 5.218628750512096, 5.177074872960588, 6.67400275807023, 0.15163351544629222, -0.16009646264637922, -0.022150552335460816, 0.333895374537974, 2.768456641126022, -0.9295396784528975, 0.062179336585700185, -0.5606983980372888, 0.3730436781811477, 0.1860646011099334, 0.3057996842345574, 2.7573285889282033, -0.4766116155775535, 0.4784014065799056, 0.0702983650975284, 0.257832744466441, -0.08040814598405177, -0.09140521797826295, -0.05140194065677406, 0.5245772980756556, 0.35066757898107426, 0.06698518986240742, -0.06813781707364797, 2.275112498886756, 2.2505885764728646, -0.13536754565501496, 18.28943006290325, 32.44749127886695, 10.828006826246984, -4.9960036108132044e-14, -4.9960036108132044e-14, 1.6653345369377348e-14, 48.684238222381765, 56.07990396203036, -0.7047386525227921, 0.029391074547561402, 1.2357257311625744, 1.0362182817710845, 7.08532512065085, 6.327595882255764, 1.028796312377949, 0.24140255980091752, 8.345056971435724, 8.9018408474019, 0.2921032112183184, -0.5256105353023486, 0.9321989893073805, 2.063026757032617, 0.2891818257413661, 1.3631952220731591, 1.329118402646941, 0.0022018827012288966, 7.591764714095689, 48.40847654689043, 36.18280834645347, 1.6653345369377348e-14, 1.6653345369377348e-14, 1.6653345369377348e-14, 4.9960036108132044e-14, 0.0, -1.6653345369377348e-14, 4.9960036108132044e-14, 0.0, 4.9960036108132044e-14, 41.133905077145954, 50.629639091662625, 0.305803022334203, 7.164863259505182, 1.123225500648573, 1.94541014552874, 1.078306502766054, -0.3853376478696191, 0.5292347036771616, 0.11090747223011022, 0.6498888842504584, 0.28956075330313524, 0.38405446030219537, 0.5382558600924767, 0.2813476579591452, 2.969139706428564, 8.762544436764756, 7.240582453231809, -0.04484648843640571, 0.7213702300321074, -1.3108391670922401, 2.7337899538498505, -1.0294947929062346, 0.10460463771732975, 0.8140697219257618, -0.08977019034762179, 0.18648049574085235, 0.5323963887668128, 2.0075726774487066, 0.7534578209723577, 1.9642147461486275, 1.4042834022735633, 0.6442672611727858, 1.878586378317891, 2.047075525180162, 1.8122263770096652, -1.0749766996201515, 2.3528482943536346, -1.1095049070723917, 1.1142201238585585, 1.3344197406016747, 2.5215412372398305, 2.0434151221274988, 0.5962881462769474, 2.9903889518705, 58.7219188436888, 49.29142703531389, 0.0, -3.3306690738754696e-14, 1.6653345369377348e-14, 1.6653345369377348e-14, 0.0, 1.6653345369377348e-14, -1.6653345369377348e-14, 0.0, -1.6653345369377348e-14, 35.48738537679486, 48.188531226524276, 3.2724598688996593, 0.03033060287191347, 0.32171172342850696, 3.4340831859102536, 3.9892674150753464, 1.953894211140664, 0.7845439233425395, 2.622105028154465, -0.6901830579342914, 0.8307315395047681, -1.312421413398397, 0.6855548395434425, 2.143208931550703, 9.9355177263065, 7.050733105599193, 5.351153377911487, 14.509755969827324, -0.39468682105371045, 7.768674437059644, 0.27426724407575875, 7.50924258324244, 0.6735887420005611, 0.23675239218550814, 0.009530743698178412, 1.3202851147307229, 2.8922234501027333, 1.393252612004062, 3.4903191062140877, 0.33436811416970613, 0.9384768665513548, 0.5531378976293126, 0.5215789146950556, 0.1560947636015726, 1.0157796921314457, 3.5696023753715735, -1.0380049805448834, 2.9161116907421274, 0.5828966100310708, -0.09005024782140936, 0.04449087362070259, -1.0628474089285191, 2.3149794790016927, 36.17540504709217, 13.340733923088749, 0.9908725344640104, 0.5066520601815085, 0.9333793337116418, 0.7522332846235358, 27.21801932993938, 37.3046901985972, 1.8085271261559228, 0.7492157942654103, 0.21226100883706067, 2.9073110727256903, 41.91721370409675, 31.141684936279518, 1.6653345369377348e-14, 4.9960036108132044e-14, 0.0, 34.541455312051255, 46.487023542691475, 1.6436376247106637, -0.48673470739970526, -0.9404439533857385, 0.8487976721567065, 0.9028979513500417, 0.6563346238892791, 1.6239706380799817, 1.2829276945885795, -2.4626831028919014, 48.67391975174678, 39.186529994229716, -1.6653345369377348e-14, 1.6653345369377348e-14, -1.6653345369377348e-14, 0.0, -1.6653345369377348e-14, -1.6653345369377348e-14, 0.0, 0.0, 0.0, 8.553467357556645, 38.1093484500671, 16.514684157193983, 0.018416207618599856, -0.02600787822672146, 3.559423810901933, 14.907675839528963, 2.780982206114743, 0.23235321143368992, 2.972512915494235, 2.2702674964739344, 14.743046501088287, 19.268566103324645, 0.7586210728947549, 0.5200668197061304, 0.3337648041974717, 1.415962261411778, -1.0944920187015441, -0.12091156577378115, 0.44582451024302827, -0.4372215389479379, 0.27260676743276235, -0.017187934530056737, 0.07027545108576305, 41.52415429096169, 37.96838368076172, -3.3306690738754696e-14, 4.9960036108132044e-14, 0.0, 26.06416437771128, 43.44707182180318, 7.495340821485456, 0.6190930760676565, -0.7586207902623983, 0.7354030991689342, -2.7051700106815133, 0.5910346739968872, 25.718548167828033, 43.21262968023916, 7.471420719560854, 0.0, 18.08196617754679, 41.2144621482947, 12.974630740207544, 1.6994898338823532, 0.10385589943700779, 0.7671889921622324, 5.594097554854329, 0.19185455140120666, 12.63821332644136, 22.100184851231404, 39.32315907536031, 9.701858861782256, -3.3306690738754696e-14, 3.3306690738754696e-14, -3.3306690738754696e-14, 1.6653345369377348e-14, -1.6653345369377348e-14, 29.732374373371314, 53.77318710315802, 12.338728449672203, -2.1998171745892705, 1.6821648645827736, -0.10857042294367147, 0.5355837627773781, 0.24822421907811076, 0.19511118364948743, -0.2071498703761563, 0.5100785366810214, 0.4260345070957783, 0.5956276002563072, 5.463518433174045, 37.108621150681415, 22.35980549618256, -0.4061982515913769, -0.004895531651897045, 0.12878452009186958, 0.33784138562114663, 9.324675121525559, 15.926596649443638, 0.8649048625910041, 0.5049915214142402, 0.029843609583508623, 0.8182403400128351, -0.5859548425225967, -0.10001768634583641, 0.2725018285725582, 0.377874838267644, -0.004661157973032459, -0.43931599995391934, 17.819373509590264, 10.22151039954764, -0.4265529861526147, -1.2209582896188067, -0.9184520252102288, 1.407336433772599, 0.887008661693983, 12.451139147268051, 7.17891543877797, -3.3306690738754696e-14, 3.3306690738754696e-14, -1.6653345369377348e-14, -1.6653345369377348e-14, -1.6653345369377348e-14, 0.0, 1.6653345369377348e-14, 43.46851180154292, 40.58049560250075, -0.1622283279547787, -0.08526284672166184, 0.35541330927651416, 0.4295153908632301, 3.9969341376726106, 1.4401150243733127, 0.4838571844479702, 1.814400457612237, 0.6387982866893935, 0.34721724919893404, 1.01369402895466, 0.5850229737513928, 0.12761178044740973, 1.204051371633227, 1.6977684346395563, 0.23246486024640944, 0.8893400664527462, 1.627061704574544, -0.547056163435343, -0.6518878766587477, -0.10282580475484338, -1.094588371050122, 0.9823716914847864, 1.6925759991875111, 0.8131901799890784, 1.5959347519682296, 0.09807686490773904, 3.245400370463358, 0.6664640924319656, 0.7348783781524162, 0.5809566731918494, 5.175158139086477, 2.8693761272425036, 1.1186954252349324, 0.4273312111260452, -0.05331913506120145, 2.802421000319896, 0.6426398079510136, 2.1213226870064545, -0.13243744229424692, 0.1862992781830144, 0.9841701726428482, 0.3655877536069738, 7.971486766744306, 4.228098517311423, -0.9156518877096005, 1.828725222405751, 3.360721301610397, 3.9288894266539955, 0.9571942510700637, 1.4984760348888813, 2.419122573269931, 0.37380728784904704, 3.1307302677018924, 1.8097165444130496, 0.5914735297480433, 0.5656371040841464, 2.6570690983614895, 6.983818288422185, 0.3675567518430398, 4.92787272506655, 3.4524810629375224, 0.03507930992304864, 2.554591906280166, -0.5673641507917182, -0.05607296741891332, -2.035421299869654, -0.008130211527486608, 1.1446719593008083, -0.3280857269895705, 3.6185704364984304, 6.677803236845591, -0.7726424516601185, 2.8700912322458123, -0.4136258629258691, 0.2156761706220891, 0.5333359072836288, 0.9479466715176272, 0.026859828818658116, 1.1730993797854694, 4.3791333037295885, 0.050219139094878074, 0.8930849065551456, 0.8040762443805249, 4.672148720389799, 12.656223386422198, 4.59827889370473, 0.20458569462749665, 1.33711006145586, 5.139849283911076, 0.5257876499703116, 1.1499264366813122, -0.16605369568378592, 2.3659972693714053, 0.17552107741721557, 0.9665305987734314, -1.7674194784542578, 0.8117823691354715, -2.6500730614335453, 2.723213275691478, 1.3378113620738077, 0.8011226399039515, -0.2684747559737275, 1.2966950056236897, -0.22475783688952333, 0.2699423509578196, -0.07742874811498268, 5.9499197692956045, 9.889640101526766, 0.310672056458543, -0.3988949242650506, 1.2972780822932464, -0.2680198517559802, 2.4971334898300483, 1.1560045048281609, -1.6920998112991583, 1.7947381112738867, 1.6707759436836795, 0.8429149358744326, -0.9729947251415183, 0.4910922541157561, -0.5036106241098537, 0.6915798924710543, 0.5963377165020347, 0.6461685654537632, 0.07436142458675477, 0.29456475479082656, 0.17005030805751176, 0.7404915283129867, 0.1489496083031554, 0.39405943898339046, -0.1047971217800523, 0.1383298960170123, 0.8179809722719256, 10.829885372099398, 2.1310281708855996, 1.0463823267684802, 1.1846076833694497, 0.08703965959506377, 0.019334493904523242, 0.5768626771152867, 0.4176642392646954, 0.031881653459947756, 1.0416383296192748, 0.6967886546942168, -1.7870508430158907, 3.6615107859208536, 24.830332537320373, 14.101297202747617, 28.425405920734107, 36.50720843171453, -2.7474835550588637, -0.08130582283786225, 0.9058776277669267, -0.12014444530183255, 1.1873109614093664, 2.242583708189386, -1.8733217231588242, 1.1456863386943041, 0.5156059460216511, 0.20338648802521675, 2.162349726074808, 4.898512482677404, 30.726907049424767, 22.368745515512586, 0.0, 8.326672684688674e-15, 3.3306690738754696e-14, -8.326672684688674e-15, 1.6653345369377348e-14, 0.0, 0.0, -8.326672684688674e-15, -2.4980018054066022e-14, 30.01846096259706, 33.03400387722576, 0.6283576792255872, 0.09430157428965913, 0.2842904548462002, 1.1089402551922376, 3.320517885508025, -0.306382624564435, 3.5682257487903826, 0.5868365247449674, 0.12443262649185272, 2.465838929222059, 4.279193480905633, -0.2735167000578258, -0.22518446679032422, -4.007068273095911, 1.1736842385959108, -7.149050926697555, -0.009040120790132278, -1.4936646610128719, 0.9032381609689537, 1.9443028496110628, 39.11583682830536, 40.36962740393923, -8.326672684688674e-15, -8.326672684688674e-15, 2.4980018054066022e-14, 0.0, 8.326672684688674e-15, -8.326672684688674e-15, 2.4980018054066022e-14, 0.0, 9.921183690558564, 25.141264796406233, 7.419463265769565, 0.048409127149398046, 0.01829964459165012, 0.061827400248603226, 0.38210823799403215, 0.26350211478597885, 4.929931643630198, 5.637694999234327, 1.0283221828755131, 2.0081788578563646, 0.1504718000609273, 0.6958068113681293, -0.0036335362945010274, 0.15038234894450397, -0.2694769684661651, 1.5515327486095885, 3.282027924925501, 5.005878538050297, 4.185851248949859, 0.8892147302652802, 2.9107436139707374, 0.5739909165843073, 9.866544620621767, 32.38517742235382, 18.979137383293434, -1.6653345369377348e-14, 4.9960036108132044e-14, 0.0, 4.9960036108132044e-14, 24.70205720620133, 34.233745984787845, -1.9961991684028249, 0.3818531901844153, 1.7369364763122235, 0.19353697032482842, 0.20284351032478298, 2.200804525039871, 0.5229886140529061, 2.078832814549287, 0.40613845534034, 3.6100320798688017, 6.730201897697157, 2.8752118748444104, 1.2488427486533737, 1.926924717096398, 0.8606891679458499, -0.006436677744204644, -0.3058272869108123, 0.7267874550628335, 0.4151098227676755, 0.03670480877025284, 0.019686514458527427, -0.05566873070571887, 7.760304661033274, 22.55568184871572, 11.030808710733027, 2.843257225369598, 0.09533448659738042, 0.925005332837145, 0.18337379734703063, 0.03934243061132747, 0.8195043917834255, -1.4529166762968089, 3.8985590436185475, 2.5291653897028255, 2.951332430566481, -2.5509693223191334, -0.2547115256516008, 0.21587230634372645, 2.182936276857049, 1.2125309125436843, 2.537576680079951, 13.098057278132615, 28.916743178229495, 11.419569388678418, 8.326672684688674e-15, 0.0, 0.0, -3.3306690738754696e-14, -8.326672684688674e-15, 0.0, -8.326672684688674e-15, 8.326672684688674e-15, -8.326672684688674e-15, 27.176512518104317, 31.53050451865255, 5.863705077643601, 4.7450100008334175, -0.35889748281965694, 1.2907145761696484, 0.038534912725026516, -0.30205620651997833, 0.3455468579152239, -2.421178775988551, -0.585390151798606, 0.5754725531260192, -0.5482173181774215, 1.0470643914845823, 0.1928396990414285, 1.2563550825397556, 0.8663224282029205, 0.2845812094235498, -0.048491362091795054, 0.4944010818086326, 0.8317858082580756, -0.27923111034897374, 0.8576692762867424, -0.6710950068102193, 2.371337233907923, -1.3834030483345714, 0.8393000385201503, -0.4301054642959343, 0.09222427857218918, 1.936513156952742, 2.3123496663529295, 3.7026451944525434, 0.849583724823674, 1.4357530263745275, 0.5594897791128233, -0.6664095724529489, 2.789009801536622, 0.2044021144628232, 1.7569234629607422, 0.7068810587951475, 0.8789582165991305, 0.020178000708483523, 0.5617185217396354, 0.3528160181678004, -2.034287276668465, 0.620632346328307, 0.3626931486801368, 0.3049552629735217, -0.8885442384686257, -1.0259033475374508, -0.7822921974250221, -0.9173189785851719, 0.35993146379718155, 0.9048468775387164, 1.2692365730944744, -0.3014363535800726, 0.7821296918328926, 1.5216778130030093, 1.9644377893702085, 3.206221570570335, 6.444999555257368, 6.448562208579631, 0.2373020651085085, 0.8375023011508347, -0.6193457830612488, 0.6827506932941105, -0.8769185220670579, 0.7891871665399322, -0.18341555879749194, 0.40248624897628815, 2.814690245097154, 1.4020799020944423, 3.4093040953090963, 4.58745333938657, 1.8533755351290893, 0.16739583057784557, 6.366975399287412, 4.308171991815129, 0.7429654212847936, 0.6979824087159159, 5.066240616962034, 14.226009001109617, 2.707197133457612, 0.011476112736886535, 0.713974111290895, -0.2764893051985382, -0.3474210060402356, 0.09797572955517353, 1.0029744007003956, 4.536520998236938, 0.44469641053547093, 3.4588223661778557, 0.5409645574694082, 33.677480089456424, 36.346726141245625, 1.315108743364144, 0.0, 0.0, 2.4980018054066022e-14, -1.6653345369377348e-14, 2.4980018054066022e-14, 0.0, -2.4980018054066022e-14, 2.4980018054066022e-14, 1.6653345369377348e-14, 18.36662078416329, 24.027795143346935, 0.12475456617835334, 0.24027122570987558, -0.18214284089413013, -0.34395886428978883, 3.5485418686769776, 4.361095421473976, 0.11250326911545017, 1.3834406096627845, 0.2514906863984834, 1.0471785484119778, 3.590734164643152, 0.17038880415805124, 0.46570044187126314, 0.31944352422283373, 0.05220484978235618, 0.18306368085779923, -0.38735819476448796, -0.14975805718745505, 0.7358805672355402, 0.2491230306845864, 1.0926922091230153, 1.151413442884575, 35.62011825316367, 33.478875947916364, 0.0, -8.326672684688674e-15, -8.326672684688674e-15, -2.4980018054066022e-14, 1.6653345369377348e-14, -2.4980018054066022e-14, 1.6653345369377348e-14, 0.0, 2.4980018054066022e-14, 8.326672684688674e-15, 25.937989214793532, 26.624930682255155, 0.08823217284435714, -0.26443210415737894, 0.533854590249291, 1.090873932375473, 0.4335673662037607, 1.4332459971935805, 7.150726808953834, 19.63875209674225, 2.527311466121546, 16.008767169524702, 20.73711310959561, 5.64751635655125, -0.07398137479145817, 0.24718313064227004, 0.9369797383387777, 0.035704764199635974, 1.3260119214799033, 0.20845473953750115, 0.2938443432445865, 1.6543743582034267, 0.4423715822554186, 2.7353239265682987, 14.457330274978972, 34.319447815343125, 13.578525661054549, 1.6653345369377348e-14, 2.4980018054066022e-14, 0.0, 0.0, 8.326672684688674e-15, 0.0, 4.716734409662575, 10.504493174976702, 3.2953893096668594, 0.30444483537291944, 0.8222542949085323, 0.30677885769665636, 0.11289525197884132, 10.734466825056359, 8.029200987020431, 8.326672684688674e-15, 8.326672684688674e-15, 3.3306690738754696e-14, 1.6653345369377348e-14, 0.0, 27.84602097717142, 27.809904950010576, 0.4858650972874443, 0.04225603938596123, 25.240080649347732, 26.204460381087557, 13.668431925693191, 25.37098982386891, 3.4915929377069403, 1.0309789732000354, 0.056048479539924756, 0.33165272859605466, 0.9332062408376487, 1.1906448447746811, 0.18859479228444798, 0.2907627312661134, -0.1869818251968809, 0.5150776639433161, -0.3994368756419817, 1.8414444858060506, -0.9851053002791446, 2.52595659460502, 1.0481182704960474, 1.8573625054667673, 3.9266946066657624, 0.0525132121479146, 0.2782914502286644, 0.005239153648005868, 4.1546515015905925, 2.720615285504664, 0.9208713640706492, 0.9140374507248907, 0.7469640513816671, 1.881023896346619, 6.4405415525136505, -0.9531050444982156, 0.09395434535520053, 6.193315951713544, 8.57736193021583, 4.100514180275638, 2.7181353711402494, 0.8252754011082857, 1.1644974462744813, 4.257957599550366, 0.709238884520289, 1.1992444010732584, 1.4546763879405376, 0.21300160955053116, 1.8406740153083092, 0.060040612267698634, 0.04290256783076529, -0.1918718554128418, 4.5898815301899845, 1.9240192741622764, -0.9680721090694533, 1.2587226891247383, -0.5378253025247091, -0.7068367069684314, -1.841348667510374, 9.362667253169434, 8.624840485469775, 1.7514280440154266, 0.5453384319598342, 4.3393578831577315, 3.2726142029333687, 0.2664382510358223, -0.6578033026492562, 2.637577498788062, 0.3815147176768505, 0.6138469010139147, 0.45501997352721446, 0.39016202168113523, 0.03979271558796427, -0.015669387085836206, 0.37995362669869337, 5.139324785061035, 8.090010218221778, 15.55195446983177, 7.548324921874666, 8.326672684688674e-15, 0.0, 0.0, 8.326672684688674e-15, 8.326672684688674e-15, -8.326672684688674e-15, 3.3306690738754696e-14, 8.326672684688674e-15, 1.6653345369377348e-14, 0.0, 0.0, -8.326672684688674e-15, 0.0, 0.0, -8.326672684688674e-15, 3.3306690738754696e-14, 5.885567415821043, 12.668002708457777, 2.180664371608657, 0.6940638841149394, -0.19222581276196138, 1.219463111570235, 0.5404317840721831, 2.4842730006610054, 3.4625203517108787, 1.6953139093787968, 1.1760344614830558, 1.4686815128621333, 0.3017605111189141, -2.2237340944812445, 0.7781544061597288, 8.971861103042755, 3.4795846817702056, 4.006156694661627, 0.6250496518448045, 1.3009326512672885, 4.229397807804958, 1.7628640306662078, -0.006314950873786529, 2.238901104282661, 0.1491707324121876, 0.15528301965483138, -0.06271231155142232, 1.8343363629505234, 2.566140492607019, 1.6296549191023928, 0.7624001204984552, 2.625362679388104, 23.21377884875338, 15.75882807706207, -1.6653345369377348e-14, 8.326672684688674e-15, -8.326672684688674e-15, 0.0, 8.326672684688674e-15, 13.648068537361802, 16.966271404733078, 1.045084192174869, -0.13133038804943453, 4.470757572877005, 2.9854307986948925, 0.10818104770390846, 0.20918888811542047, -0.1531368335967045, 0.19031324178342857, -2.1828398039436934, 0.055738841676884476, 1.7448199379998641, 0.0688304271974971, 1.731900552931279, 1.4265728550322478, 2.48937722972164, 1.0213376281465685, 1.7419249287211187, 0.07244508278836292, 3.521105483282895, 5.560321895421566, 0.5855870477350322, 0.012817384048219083, -0.0061174924151146115, -0.21194568139713965, 12.605148580306206, 10.534165816569491, -1.6653345369377348e-14, 0.0, -8.326672684688674e-15, 1.6653345369377348e-14, 0.0, -1.6653345369377348e-14, 8.326672684688674e-15, 0.0, 2.4980018054066022e-14, -8.326672684688674e-15, 2.4980018054066022e-14, 1.6653345369377348e-14, 8.326672684688674e-15, 3.3306690738754696e-14, 0.0, 0.0, 0.0, 0.0, 0.0, 0.0, 11.343723333268144, 24.043482101160293, 3.7190525792569247, 0.856936206431044, -0.09914441325969392, 0.7384522963653808, 0.2572361760823014, 0.21273644032311267, -0.11010053075250426, 1.0588634922443134, 21.309739039483333, 18.09746686399403, 8.326672684688674e-15, -2.4980018054066022e-14, -8.326672684688674e-15, 8.326672684688674e-15, -2.4980018054066022e-14, 0.0, 0.0, 0.0, 8.326672684688674e-15, -8.326672684688674e-15, 0.0, 8.326672684688674e-15, -8.326672684688674e-15, 2.4980018054066022e-14, 2.394344689612282, 12.884803077395517, 18.362770604256696, 8.936871277369562, -0.28306365928921196, -0.3425698921246294, -4.198364810299893, -1.59470437213281, -0.366608738760533, 0.028068466109743895, 0.5158668926389964, 0.2734228955880553, 0.26104287005966853, -0.3917824534502188, -0.19335562615287927, -0.08008689831262927, 0.23361711532902518, 0.4604435255215549, 1.802407935127917, -0.22283419330909737, 0.01877970429313791, 0.006748873255446597, 0.42608178300247346, 0.13088329663992226, 0.2773989334204998, 1.1458060472425586, 0.02398061314528377, 0.9084894235350021, 0.31474714225214484, 0.3071396429069182, -0.711481962352309, 0.024717597192534413, 0.1142691787805461, 0.09030621188867372, 0.478974865424334, 0.018694577227961418, 2.285148508294185, 1.3611290533316378, 4.829563748452813, 0.1855330188292328, 3.3965615662480104, 0.8441082115317613, -0.5038577326737368, -0.14923077483399538, -1.2531821812914927, 0.5711229281344572, -1.1395446424868396, -0.9817468713065409, 7.435840351762238, 24.58584535498531, 15.27045285872962, 1.6653345369377348e-14, 8.326672684688674e-15, 0.0, 0.0, -8.326672684688674e-15, 2.4980018054066022e-14, 32.22134043340577, 29.140362613470074, 0.3883736400755424, 0.8584207025530759, 0.24920813310490075, 1.6331560240363387, 2.1373821451177264, 1.74113656316473, 4.979930642619422, 2.4131977593474403, 0.6700221698112614, 0.2861525774604843, 1.601238737966014, -0.37739057152020905, 0.019045779460327594, -2.5156490183995857, -0.45298705601658185, 17.342848608836732, 12.622383213636539, 3.873800266565013, 1.953004477100535, -0.04292307786084848, -0.8281608545763675, -1.6457538725650807, 0.4943661950175624, 1.1694860242061509, 2.939279001693535, 2.2475928319350373, 0.37665600957467404, 1.4282299182329439, 6.992915320738689, 5.925311744383862, 4.170453594947787, 0.8711280046084084, 4.173229145348387, 0.995446450942211, 0.023694446318756945, -0.311168995427181, 4.01153194695371, 3.753545695914397, 0.8174046299582187, 0.8683203585663364, 3.481398233381583, 3.591123151659417, 12.071048490217095, 0.1212730153404209, -2.226118878545094, 0.8192482939942352, 2.27012438900897, 0.5211456297271297, 0.6842005492700309, 0.9448584818725863, 0.21463544778026744, -0.005603121994340654, 0.25573018186935315, 0.2874522564123936, 0.4990363862286813, 0.637734791987782, -0.9492493352686324, 0.388050536099513, -0.5170987962488311, 0.36033270383961735, 0.9274652916772652, 1.2527139809772052, 0.7764737669491524, 1.102728043929858, 0.17565569116362667, 1.3574006348553098, 1.3399535210042472, 1.737749666181287, 3.233626251718647, 7.305551215302671, 7.867465265466933, 3.4817977208945194, 2.4040054397009953, 2.7748380000479074, 0.2892238268135543, 3.126311211900372, 0.500709527808624, 0.4151604323742504, -0.06941274976884415, 0.2444569527413023, -0.002385840545684914, -0.04710747422973327, 0.966057455059854, 0.5899202833593904, 0.13159155201805106, 1.8269874918911455, -0.0052225665266405485, 1.0907806991866664, 5.539861693091552, 3.358834198486761, 1.4157949167365587, -0.6499750283235812, 0.5114332703706168, 0.4489277872222601, 0.5009046331339846, -0.3051188869347925, -0.5311397001059959, -1.1214252967787388, 20.27075815468416, 15.692687423519828, 8.326672684688674e-15, 8.326672684688674e-15, 2.4980018054066022e-14, 0.0, 0.0, -2.4980018054066022e-14, 0.0, -8.326672684688674e-15, 0.0, 0.0, 10.764634243052164, 13.8245948522367, 0.9307331392943468, 0.22346740919314811, 0.03919875788798777, 2.3418880315088586, 0.8814120690741447, 2.894865656370655, 1.1370589737244359, 3.3734595987606326, 13.231257796555667, 7.700302889837417, 0.942441481765627, 1.0633474832824277, 2.9596605413232737, 3.9740426701689557, 1.0167798572089168, 1.4810156680375712, 0.20089490159352863, -0.5925341477188795, 0.5616033498945399, 2.729937919843678, 1.339846352867653, 0.7531323276471653, 1.5084740387985107, 1.0119089117736735, 4.197585780553368, 0.7463078106568446, 3.5949738435584777, 0.5454076438447828, 0.876406851159345, 1.6680399394440428, 7.624758611655238, 0.35275740293570834, -4.114127415611733, 0.9869177539601424, 0.12032953373272903, 1.8209346854806654, 1.2107581465763815, 0.5320290777822834, 0.2880349066704184, 33.22480409330544, 33.15301357549217, 0.0, 0.0, 16.642929264390162, 29.27950814876516, 2.017386022726555, 4.289545644767202, 4.7358740971124575, 1.6414222909075988, -0.045352835339144804, 5.466739198171865, 1.302110500150377, 0.021343925851851964, -0.1801120129620699, 1.3533122687543937, 2.84316312819729, 20.293067952246417, 15.035072416524535, -2.4980018054066022e-14, 1.6653345369377348e-14, -8.326672684688674e-15, -8.326672684688674e-15, 8.326672684688674e-15, -2.4980018054066022e-14, 0.0, 0.0, 24.025878641050554, 33.82565862396376, 5.045394720465595, 1.3399002004032354, 0.8602244195385538, 1.475279061658398, -0.7541920739880084, 0.4456954886750282, 0.006549720045711638, 0.4914716308157949, -0.19445204355736223, 1.0062848108158278, 1.3303630673082125, 0.3230862360338165, 1.9915259536978738, -0.3237515023662354, 2.08333447515804, 0.28176754106647195, 2.0490463611077416, 31.7292463992504, 21.91931313119811, 0.0, 13.639175235603261, 21.100575265196994, 3.1106053061074306, 0.6467489162079119, -0.39538259830766265, 0.24740315369490418, -0.10329079214915282, 2.1745185562705274, 0.39346087328635804, 7.889003843648197, 5.5743070503449985, 0.03993795203047057, 2.810226440951567, -0.10977195132664974, 1.355814182773031, -0.07904159592504811, 31.311212900034064, 25.17298707322614, -8.326672684688674e-15, -2.4980018054066022e-14, 2.4980018054066022e-14, -2.4980018054066022e-14, 3.3306690738754696e-14, 1.6653345369377348e-14, 25.617242730934535, 37.34076373984766, 4.864384336153478, -2.884877652067871, -2.827124242125933, 1.159135160141318, -1.687022814890156, -2.1358194740051886, 36.75484062412417, 22.396170441461763, 3.3306690738754696e-14, -4.163336342344337e-14, 8.326672684688674e-15, -2.4980018054066022e-14, 1.6653345369377348e-14, -2.4980018054066022e-14, 8.326672684688674e-15, 18.11134080036401, 23.75844928708716, 2.374868366104124, 0.08782175865610498, 0.29374976391989094, -0.2670545519382017, 1.5843544347802663, 0.6011933748511638, 0.06624479757709878, -0.09230461146063362, 0.09232850361922829, 1.5074927823133066, 0.7222787969580509, 1.440716539674952, 0.2358445218584393, 0.5667177556973115, 1.598028416410557, 0.21181844413223416, 3.047607545602375, 5.2445005199627985, -0.9841571575584567, 0.2603298866676482, -0.14115071561332115, 1.1388448949253416, 0.22743378098789435, 1.6568772264059817, 1.3660126189895436, 0.5703264354370958, -0.18986360997280372, -0.15841794420350652, 0.23175668960362827, -0.030860029747941553, -2.3478534066135808, 0.13525490439167243, 0.3396834487447222, -0.12284841938054569, -1.6010583173891746, 0.02727457802632216, 0.3807948935828449, 0.723078959236716, 0.5862801144533023, 0.7253018918830207, 0.5533594796066268, -0.4294147423617005, 0.2726158434895751, 15.989067122677, 9.644111748969266, 2.7815549095229244, -0.07806064586191042, 0.5783465559817955, 7.4550460838966615, 16.08302164940477, 1.579845331980323, -0.4312369045704827, 0.22573345218279428, 0.04365576025122664, 1.7746616531304653, 0.35573031277010614, 0.8750133945058565, -0.62456345213036, 32.587322365509124, 30.59613635531727, -8.326672684688674e-15, 5.369779121987989, 18.033766448804556, 7.831464896478792, 0.05341103981652395, 0.03865926874669867, -0.2222791176093324, 2.0038996566504466, -0.07625553435332222, -0.17493614876445918, 0.3643186076673146, -0.8589439114390416, -0.023302197233306288, 0.5419859680281434, 0.01071060699280224, 2.9088343735297713, 0.29075043331874895, 0.7445129474690475, -0.5023112303495054, 0.6745662706259736, -0.2939702678114031, 0.3737992028272856, 0.5125589708022744, 0.4067928259071323, 1.5308002461441674, 1.443238953215996, 2.5187924731344538, 0.723224384963828, 1.6079692285970282, 7.892188533437121, 23.01030331680758, 12.668577138762302, -8.326672684688674e-15, 2.4980018054066022e-14, 8.326672684688674e-15, -8.326672684688674e-15, 8.326672684688674e-15, 8.326672684688674e-15, 10.588822289547302, 16.733905737855835, -1.8827536842622408, 2.6121917626837217, 3.6865002918226537, 2.85618799287505, 2.6971751619300903, 6.996569585425277, 17.56044022564663, 2.1361162567809515, 4.423023527662849, 7.231052901259318, 5.285644642956129, 7.963734676493289, -0.4303192121832353, 2.481646124331121, 3.148417824561534, 0.3059594020544978, 2.8886940613007823, -0.7726715645852096, 0.4644308756942337, 0.40282951247462506, -0.10164820270910013, -0.4656043478584593, -0.1462986038848726, -0.01028280561797601, 0.9261264469546404, 5.6599503782358624, 2.2678581768018375, 4.243364717633995, 1.997661668605076, 0.1854746334436186, 3.1775318352498516, 0.011828488896924227, 0.7588084784922557, -0.8621003115985104, 1.237736209154832, 0.27459716465659767, 0.47795288338784303, 0.27937194593562253, 0.23099263222570698, 2.01109463819796, 0.341795684752924, 1.6287814004342636, 0.12862019855606377, 0.43364866951026215, 0.22580810403894702, -0.1766573148572661, 1.7583596284359828, 0.9916861563631301, 5.720802751944348, 13.790309308394626, 12.727449309789165, 0.8342283014423941, 12.095638782855843, 7.181420225880856, 2.007629688071802, 4.222638355980621, 2.694239637062651, -0.8388687204744656, 1.7248707079057226, 1.3478714867809458, 0.9907965913393468, -0.7606017522610387, -1.096413659247787, -0.4238715116098888, 0.2843405538035313, 2.984877414224286, 23.26885538302983, 16.93192899182573, 24.501591143581294, 27.227503135465497, -1.3043275141203594, 1.6935871782371237, 0.40330886879917216, 2.370235365719509, 6.208967965031832, 20.25604777326498, 13.935434171083301, 0.0, 12.03322710212182, 21.794925151890965, 1.002916710538301, 0.32395688955000423, 2.8893889334472647, 19.538935507921366, 11.639418667801621, -8.326672684688674e-15, 3.3306690738754696e-14, 0.0, -8.326672684688674e-15, -8.326672684688674e-15, 8.326672684688674e-15, 1.304734474386402, 19.24025487158275, 20.698811567938037, 5.134407431227601, 0.5375442114921043, 0.6537793556956331, 0.45151795049469, 2.1452949981242, 1.7620034079895959, 1.8614542159260736, 0.9305797845911457, 1.2353628447370966, -0.1336030116871143, 2.6114636640530193, 1.5437189953963752, 1.2365496924319928, 1.488398234261581, 0.48600281935654266, 0.6313045430084685, 0.45017996687130335, 8.479540545053453, 1.790242233746028, 3.597277153513346, 0.028507183090368926, 0.5460031734072572, 2.267289856446723, 0.35749332295210934, 5.141944056380908, 2.7731533003461664, 0.9643775891716473, -0.7124686312847643, 1.9982065048737923, -3.2946263853123696, -3.0980561257970294, -0.12042963185530198, 2.903017196936503, 31.97080234003903, 17.2568814175824, 0.0, 0.0, 2.4980018054066022e-14, 0.0, 1.6653345369377348e-14, 3.3306690738754696e-14, -1.6653345369377348e-14, 0.0, 0.0, 0.0, 8.326672684688674e-15, 3.3306690738754696e-14, 0.0, 8.326672684688674e-15, 5.378003261166178, 5.2617941741314525, 5.369360423297493, 5.260659212804121, 27.60261176434402, 30.784243261452332, -2.221442090901121, -0.5305134011350106, 0.26327244944729955, 0.14618412112650958, 1.0551465913438278, 3.7397418435390364, 0.3227995151556229, 1.3783917826475545, 0.3242492471907781, -1.03955404089902, 0.11081682174665275, 2.0171687798339235, 1.5818635662199085, 1.8026859017469974, 0.7463875912987987, 2.63343244687411, -0.04632286873584235, 3.230020323804979, 2.832286129578847, -0.8874820829879582, 1.954478978088673, 1.4661732859502763, 0.687604090635773, 1.023757779639709, 1.2726190591556588, 0.9119434092617666, 1.1194892755245291, 0.7627014885624703, 22.673910148222262, 8.453886618781326, 5.427772529336835, -0.9301447954647983, 1.2040069310749573, 0.450248954854942, -0.11452506861769507, 0.7488577941296626, 0.12258977085082279, 1.074816042022178, 4.688824056243675, 2.905436896692777, -0.07859779957368573, 2.2860395693815008, 1.799900995242126, 1.462678001999734, 0.10269566111134054, 2.1560686001440104, 0.9612579926302942, -1.0445825480970825, -0.21414397791494366, -0.07117510619724499, -0.4783035928940649, 2.2232705236602897, 25.908369256981246, 19.44783732721828, 0.0, -8.326672684688674e-15, -1.6653345369377348e-14, 8.326672684688674e-15, 2.434318056975009, 7.6607374602824905, 2.0230123414218895, 2.1605426622636372, 0.2746680350995234, 2.118146638976299, -0.03507406128086643, 0.39415956695677323, 0.5585448035805598, 0.9182368119189874, 0.1076216828480625, -0.4931468068731135, 2.7202704329973812, 7.724734177052653, 2.3236373449673806, 2.3699349408825583, 2.5270286977896035, -0.03839633888838989, -0.48937348336994546, 0.46035911424553433, 0.9062404749032567, 29.005079184747444, 25.533848034834648, 0.0, 17.20409110470105, 30.053724359142564, 0.34377557581882456, 1.7767739819843769, 1.7787557345152436, 0.429097279494556, 3.3103866778133693, -0.03172387310343083, 1.250110406538738, 0.6945837211301864, 0.2263114534615056, -0.027046985957781544, -0.014657725252277487, 0.5087237889606513, 0.06117810247428679, -0.1950978811584605, 0.3593478652851445, 1.7103784424355126, 2.5810577445698755, 2.3157353035079495, 0.12276398075766792, 0.03428219512602482, 0.40196462179704895, 0.814421003271093, 0.854073723715544, 2.7303599506466867, 0.052289889504663734, 12.251484942586387, 29.664968232482124, 8.900719347157995, -1.6653345369377348e-14, 1.6653345369377348e-14, -8.326672684688674e-15, 8.326672684688674e-15, -2.4980018054066022e-14, 20.63600011420168, 24.650476175377037, 2.4562433325049824, 2.325877463363895, -1.4302372585199805, 1.5474792793883125, 1.2244884215187994, 0.21014746603520962, 1.22306857803585, -0.0203644952479749, 0.7817144235217484, -0.046918314040738096, 2.869087072007858, 2.920097462747549, 0.892274232227237, 0.38288872398584317, -0.12454728435886864, -0.02746413136674164, -0.6048149755799841, 0.951898172298911, 0.7812848844032487, 1.1200608625577502, 31.087190818148258, 29.79301773711518, 2.4980018054066022e-14, 8.326672684688674e-15, -8.326672684688674e-15, -1.6653345369377348e-14, -8.326672684688674e-15, 8.326672684688674e-15, -8.326672684688674e-15, 0.0, -8.326672684688674e-15, -8.326672684688674e-15, -1.6653345369377348e-14, -2.4980018054066022e-14, -8.326672684688674e-15, -8.326672684688674e-15, -8.326672684688674e-15, 0.0, 26.698681458437306, 31.566350044228443, 2.4293630594048636, -1.4450456105012677, -1.0111501927175368, 0.30424457754440937, -0.3758282115615543, -0.4688339577155034, 1.826605088709016, 2.971903055386292, 0.2869778145906139, 1.9208235164652478, 1.1471317661736293, 3.085092671973655, 0.07727708706732983, 4.530949220424077, 0.33770274692130897, 1.6132734115461176, 1.8433226976131891, 0.6690076017904403, 0.5601667038305322, 4.105063247123496, 2.0903610254273417, 1.7297289632984985, -0.008342731275774895, 0.046837640760315935, 0.2950142781098748, 0.24806933680383736, 1.43566790015484, 2.1585500475363233, 0.04020494420092291, -0.37910983611004667, -0.47055625857285577, 0.10616622177980162, 4.8779642544127455, 3.032275300464903, 7.721210524168555, 3.9724668952227375, 0.9027373303557624, 1.0181207159371297, 3.51055682912488, -0.047041530421211064, 2.64134115863709, 0.5472466158264524, -0.3091353917725428, 1.8781024058298499, -0.7484288297521289, 0.10955504809703598, -0.39721673726580775, 37.37393777036377, 28.374150127890687, 2.4980018054066022e-14, 1.6653345369377348e-14, 0.0, 0.0, -8.326672684688674e-15, 1.6653345369377348e-14, -1.6653345369377348e-14, -1.6653345369377348e-14, -8.326672684688674e-15, -1.6653345369377348e-14, -8.326672684688674e-15, 8.326672684688674e-15, -1.6653345369377348e-14, -8.326672684688674e-15, 8.326672684688674e-15, -1.6653345369377348e-14, 8.326672684688674e-15, -8.326672684688674e-15, -8.326672684688674e-15, 16.92388480975393, 20.863181251297718, -1.9342263890902132, -0.2326422632276035, 1.2608078396802966, -0.566263684990929, 3.3738895581124098, 0.885311809854386, 0.2958955082498562, 5.864116595074961, 2.188127480148239, -0.05460252010868771, 23.584106560227752, 28.109616847788345, -3.525592252680042, 0.9959832965228088, 1.2002872646097558, 2.0306367286852947, 1.3896436947841266, 7.3233800786408665, 3.7719858052847712, 23.071858917974538, 25.000308592261945, 2.416412580932338, -8.326672684688674e-15, 8.326672684688674e-15, -2.4980018054066022e-14, -8.326672684688674e-15, 8.326672684688674e-15, -1.6653345369377348e-14, 8.326672684688674e-15, -8.326672684688674e-15, 1.6653345369377348e-14, 21.838478220572398, 29.91555736401409, 2.893527666928378, 0.30278782942002636, 0.3494398212458236, 0.4752369791819433, 0.9806517868917695, 0.8342393840054001, 0.9832783763627617, 1.8770442233753215, 0.8036058685631815, 0.5232692435098443, 0.8503936698362509, 32.316622473427174, 20.2862745252623, 15.464109928349913, 32.79539566912237, 11.023188968441843, 1.326174500778393, 0.663285180044852, 3.8172693700021796, 0.9708785456980422, 1.2217917832995226, 0.02164841860519573, 0.29966179844535645, -0.23944249912801752, 3.203375491059205, 5.597814396468891, 0.5410367211352423, 0.6965081769600943, 29.726308265620048, 30.178793512468246, -1.6653345369377348e-14, 16.223433967917956, 24.590639864569596, 2.980637787986666, -1.3453594616022428, 2.3042316380546026, 2.34850008657844, 1.7932158894627719, 4.683639705370581, 0.5030152933230738, 3.909974995033565, 4.020459127094114, 4.302889037206683, -1.5090354392515337, 2.0240816405366786, 2.5923686400007, -0.8612062103453582, 1.6425758259355234, 2.568855512960681, 8.302895196726354, 4.013214603441099, -0.908622382397823, 0.4881903483825454, -0.2497368683411878, 0.06709029753551476, -0.09750142004270401, 0.27318541519292694, 0.2646807382604379, 0.36922466330963744, 0.6176030876463301, 0.8232712297503895, -0.04770233652334355, 1.5378866859437608, 0.32515582768132845, 0.43611285522413823, 19.32257406411634, 18.911797880837277, 0.0, -1.6653345369377348e-14, -1.6653345369377348e-14, -1.6653345369377348e-14, -8.326672684688674e-15, 1.6653345369377348e-14, -1.6653345369377348e-14, 0.0, 19.82636226769688, 33.064518977911035, 5.118636588834647, 1.031189396975094, 4.61170661106155, 1.3032469212901105, 0.22730957471742386, 2.059262170370971, 0.5565408983221687, 0.19595290578570257, 0.10122150880908976, 0.9548062494516216, 0.9436093063848716, 1.5416888241627476, 1.8051456432565374, 0.6288485242079105, 3.280476939741959, -0.046364227842673245, 9.317113669596608, 32.96689335755502, 9.460690081162895, 3.3306690738754696e-14, 0.0, -8.326672684688674e-15, 8.326672684688674e-15, -2.4980018054066022e-14, 1.6653345369377348e-14, -1.6653345369377348e-14, 34.07057407551983, 31.025767845280853, -0.9950921592909481, -0.5652579946064407, 1.3688807575783244, -0.6272917299855862, 4.5786919148150105, 5.812305137821113, 0.2264567210943369, 4.703175419462809, 0.9764394543702792, 0.521250777662658, 1.6649334830209455, 1.644499590506939, 1.0534944038782328, -0.13275859918576316, 2.7555932372657708, 1.2743021698165649, 0.3741640608500916, 0.35339375376617, 0.45422345363238037, 0.04828528271127652, 0.44684528822017455, -0.06449211667734289, -0.3391887078508944, 0.48177572303268335, 0.15268906100300228, 0.9564549453073141, 0.36765598786655573, 0.04959785897955271, -0.6598692718795292, 0.013484182400418376, 0.26536990416661865, -0.2837091589792635, 0.36346043887363066, -3.8071339298574003, 1.0226710355817659, 1.6381194063041562, 12.74782500671057, 34.268028013925544, 13.334352542082307, 8.326672684688674e-15, 0.0, 8.326672684688674e-15, 0.0, 8.326672684688674e-15, -1.6653345369377348e-14, 8.326672684688674e-15, 1.6653345369377348e-14, 2.4980018054066022e-14, 31.35830578636984, 35.0972506555504, 1.0337830993879038, 0.702985259154957, 0.8617816900764979, -0.5085104482099609, 1.6670728811938602, 0.07333709453433812, 0.8046830914087195, 0.5690605278900875, 0.39918369689166866, 4.310871851426555, 3.3422063707228062, 4.300896794956429, 1.2553638915227339, 0.7809533193183142, 0.47827099964376885, 0.3092463583684548, 0.4553578683685373, -0.4235051016878515, 0.06240229510081008, -0.3214026992869208, 33.14165489748086, 22.906875505219816, -1.6653345369377348e-14, 8.326672684688674e-15, -1.6653345369377348e-14, 8.326672684688674e-15, -2.4980018054066022e-14, 27.387643606484332, 31.299840892163104, 2.225507970393437, 1.0144336041221322, 0.016024966305224098, 3.109532465833013, 1.967972377018441, 0.7615192721050335, 1.9744821731733282, 0.17013936632793047, -0.7377564163880379, 1.5436215861493565, 1.2788562579452218, 1.409602089006512, -0.6549751701754758, 1.5639008411414466, 0.9859289818896855, 0.9594293727099625, 0.054170762544572426, 0.00771954409862019, 0.7415630269931626, -0.40065623366785985, -0.2588295893118584, 0.4599743409868893, 0.29958903159513284, 1.2673375296506606, -0.1837039752146552, 1.7182476960674649, 2.0421703798673434, -0.45843938477923984, -0.5442393174620292, 3.011534704382484, 0.994474413666353, 0.12174482204983406, 0.6617070132201661, 0.8524043490124313, 1.439669312714841, -0.0822456564545746, 0.8370399576746195, -0.007203150329701202, -0.12313807560747136, 0.9779314400584553, 0.6891091250977297, 1.6028737810917164, 11.83635262093378, 5.103668177511963, 2.3102706756643556, -2.615433814419191, 2.6271451413106206, -0.45063103627967394, 2.1355757910423563, 0.19740048814168176, 7.982016880665412, 10.02627154496966, 14.422522267419396, 24.42595793259153, -4.89479853923558, 0.8101866100734014, 1.866148916489351, 0.41899059123591087, 0.04834646450171931, 0.2535602329808171, 0.49384536803552237, 0.04547775070170701, 0.0113404115548974, -1.1582871079726829, 20.860539172235917, 32.93887725173721, 4.433271633046356, 1.6653345369377348e-14, 0.0, 8.326672684688674e-15, 8.326672684688674e-15, -8.326672684688674e-15, 1.6653345369377348e-14, -8.326672684688674e-15, 8.326672684688674e-15, 0.0, 8.326672684688674e-15, -1.6653345369377348e-14, 0.0, -8.326672684688674e-15, -8.326672684688674e-15, 31.081875017540455, 30.967435173778625, -1.2163437785344513, -0.14276890616395121, 1.8758084217457736, 4.324836794727332, 0.13898543010128606, 2.6494908251358993, -0.008458445449832652, 0.31195830383614975, 0.9628407993303085, 1.1593823129363727, 0.3213641779544787, 2.206440919004649, 0.36448132380485276, 0.26900769850578854, 0.5482380368217719, 3.54056491715545, 2.555383475401129, 2.82424799356653, 3.983134424872901, 1.4419077669082867, 3.8920382617150153, 1.3608553260137342, 0.7435781798836842, -0.6786597320489136, -0.45861451836606193, 0.9910916513605343, -0.09444229561847806, 0.16613343692051785, 0.4215904196317979, 0.31360292930708056, 0.5959737333965904, 0.8653348956381706, 1.0046964647370942, 0.08536360474295179, 0.8456757295921875, 1.5748510155813733, 1.002480652456029, 0.13723977708377788, -0.05366840504916581, -1.5758428071879962, -0.9215225314683266, -1.0962966604717508, 0.4246363074681767, 0.5821099708327893]
theta_global: 0.2768286630392066
window_size: 150, overlap: 0.5, threshold: 26.0
