Device: cuda

################################################################################
# Starting Bayesian Hyperparameter Optimization
# Optimizing metric: zinb_nll on VALIDATION set
# Number of trials: 150
# Initial random points: 20
# Random state: 42
# Parallel jobs: 1
# Checkpoint will be saved to: AE/results/bayesian_optimization/checkpoints/checkpoint_zinb_nll_20260211_112559.pkl
################################################################################

Iteration No: 1 started. Evaluating function at random point.

================================================================================
Trial with parameters:
  features: Nucl
  data_point_length: 1325
  step_size: 0.8347682502045771
  bin_size: 60
  sample_fraction: 0.5843745646401934
  moving_average: True
  first_layer_size_factor: 71
  num_layers: 2
  use_conv: True
  conv_channel: 89
  pool_size: 2
  kernel_size: 7
  epochs: 143
  batch_size: 32
  pi_threshold: 0.6968846237164871
  learning_rate: 0.0007119418600172992
  dropout_rate: 0.3058265802441405
  masked_recon_weight: 0.0010672476836323717
  regularizer: l1
  regularization_weight: 0.04714358681860233
================================================================================

Creating datasets with:
  features: ['Nucl']
  bin_size: 60
  moving_average: True
  data_point_length: 1325 (from 1325)
  step_size: 1106 (from fraction 0.8347682502045771)
  layers: [np.int64(1136), np.int64(568)] (first=1136, num=2)
  stride: 1 (fixed), padding: same (fixed)


Clipping outliers using 95th percentile * 1.5...
strain_yTW001: Clipping values above 134.25 (P95=89.50). Clipped 27529/1193409 values (2.31%)
strain_FD: Clipping values above 71.92 (P95=47.94). Clipped 95791/4127807 values (2.32%)
strain_dnrp: Clipping values above 243.00 (P95=162.00). Clipped 25649/1119454 values (2.29%)
strain_yEK19: Clipping values above 77.10 (P95=51.40). Clipped 83713/3893623 values (2.15%)
strain_yEK23: Clipping values above 72.00 (P95=48.00). Clipped 86381/3558407 values (2.43%)
strain_yWT03a: Clipping values above 15.00 (P95=10.00). Clipped 10602/347679 values (3.05%)
strain_yWT04a: Clipping values above 58.50 (P95=39.00). Clipped 21095/725406 values (2.91%)
strain_ylic137: Clipping values above 142.50 (P95=95.00). Clipped 28746/1112684 values (2.58%)
Standardizing features: ['Nucl']
Column order in final array (Dataset/Chrom split): ['Value', 'Nucleosome_Distance', 'Value_Raw', 'Size_Factor']
Removing 0 empty data points out of 60360
Column order in final array (Dataset/Chrom split): ['Value', 'Nucleosome_Distance', 'Value_Raw', 'Size_Factor']
Removing 0 empty data points out of 16104
Column order in final array (Dataset/Chrom split): ['Value', 'Nucleosome_Distance', 'Value_Raw', 'Size_Factor']
Removing 0 empty data points out of 10880
Datasets created:
  Train: (60360, 1325, 4), Val: (16104, 1325, 4), Test: (10880, 1325, 4)

Randomly sampled 35272/60360 samples (58.4%)
Applied denoising with 15.0% masking
Applied denoising with 15.0% masking
Applied denoising with 15.0% masking
Epoch [1/143], Total Loss: 481.9280, NLL: 3.1437, Masked: 27.7110, Reg: 478.754723
Epoch [2/143], Total Loss: 380.2883, NLL: 3.2515, Masked: 27.7073, Reg: 377.007207
Epoch [3/143], Total Loss: 336.3624, NLL: 3.4421, Masked: 27.7089, Reg: 332.890777
Epoch [4/143], Total Loss: 329.0445, NLL: 3.4834, Masked: 27.7110, Reg: 325.531503
Epoch [5/143], Total Loss: 328.9267, NLL: 3.4834, Masked: 27.7126, Reg: 325.413759
Epoch [6/143], Total Loss: 328.9698, NLL: 3.4834, Masked: 27.7075, Reg: 325.456849
Epoch [7/143], Total Loss: 328.8994, NLL: 3.4834, Masked: 27.7087, Reg: 325.386380
Epoch [8/143], Total Loss: 328.8439, NLL: 3.4834, Masked: 27.7113, Reg: 325.330943
Epoch [9/143], Total Loss: 328.8591, NLL: 3.4834, Masked: 27.7069, Reg: 325.346147
Epoch [10/143], Total Loss: 328.7759, NLL: 3.4834, Masked: 27.7043, Reg: 325.262873
Epoch [11/143], Total Loss: 328.8278, NLL: 3.4834, Masked: 27.7082, Reg: 325.314834
Epoch [12/143], Total Loss: 328.7465, NLL: 3.4834, Masked: 27.7062, Reg: 325.233524
Epoch [13/143], Total Loss: 328.7185, NLL: 3.4834, Masked: 27.7086, Reg: 325.205524
Epoch [14/143], Total Loss: 328.7429, NLL: 3.4834, Masked: 27.7052, Reg: 325.229923
Epoch [15/143], Total Loss: 328.7001, NLL: 3.4834, Masked: 27.7058, Reg: 325.187108
Epoch [16/143], Total Loss: 328.6877, NLL: 3.4834, Masked: 27.7131, Reg: 325.174693
Epoch [17/143], Total Loss: 328.6270, NLL: 3.4834, Masked: 27.7042, Reg: 325.114070
Epoch [18/143], Total Loss: 328.6175, NLL: 3.4834, Masked: 27.7090, Reg: 325.104563
Epoch [19/143], Total Loss: 328.6148, NLL: 3.4834, Masked: 27.7040, Reg: 325.101858
Epoch [20/143], Total Loss: 328.5777, NLL: 3.4834, Masked: 27.7094, Reg: 325.064742
Epoch [21/143], Total Loss: 328.5654, NLL: 3.4834, Masked: 27.7067, Reg: 325.052427
Epoch [22/143], Total Loss: 328.5688, NLL: 3.4834, Masked: 27.7160, Reg: 325.055855
Epoch [23/143], Total Loss: 328.5320, NLL: 3.4834, Masked: 27.7069, Reg: 325.019014
Epoch [24/143], Total Loss: 328.5376, NLL: 3.4834, Masked: 27.7059, Reg: 325.024598
Epoch [25/143], Total Loss: 328.4605, NLL: 3.4834, Masked: 27.7065, Reg: 324.947557
Epoch [26/143], Total Loss: 328.4464, NLL: 3.4834, Masked: 27.7074, Reg: 324.933370
Epoch [27/143], Total Loss: 328.5247, NLL: 3.4834, Masked: 27.7081, Reg: 325.011725
Epoch [28/143], Total Loss: 328.4287, NLL: 3.4834, Masked: 27.7050, Reg: 324.915729
Epoch [29/143], Total Loss: 328.4506, NLL: 3.4834, Masked: 27.7123, Reg: 324.937648
Epoch [30/143], Total Loss: 328.4086, NLL: 3.4834, Masked: 27.7115, Reg: 324.895635
Epoch [31/143], Total Loss: 328.4082, NLL: 3.4834, Masked: 27.7114, Reg: 324.895190
Epoch [32/143], Total Loss: 328.4247, NLL: 3.4834, Masked: 27.7074, Reg: 324.911714
Epoch [33/143], Total Loss: 328.3310, NLL: 3.4834, Masked: 27.7082, Reg: 324.817980
Epoch [34/143], Total Loss: 328.3916, NLL: 3.4834, Masked: 27.7078, Reg: 324.878612
Epoch [35/143], Total Loss: 328.3296, NLL: 3.4834, Masked: 27.7014, Reg: 324.816647
Epoch [36/143], Total Loss: 328.3326, NLL: 3.4834, Masked: 27.7032, Reg: 324.819600
Epoch [37/143], Total Loss: 328.3456, NLL: 3.4834, Masked: 27.7095, Reg: 324.832660
Epoch [38/143], Total Loss: 328.2672, NLL: 3.4834, Masked: 27.7079, Reg: 324.754247
Epoch [39/143], Total Loss: 328.3364, NLL: 3.4834, Masked: 27.7081, Reg: 324.823413
Epoch [40/143], Total Loss: 328.2727, NLL: 3.4834, Masked: 27.7061, Reg: 324.759718
Epoch [41/143], Total Loss: 328.2909, NLL: 3.4834, Masked: 27.7060, Reg: 324.777955
Epoch [42/143], Total Loss: 328.2357, NLL: 3.4834, Masked: 27.7091, Reg: 324.722670
Epoch [43/143], Total Loss: 328.2191, NLL: 3.4834, Masked: 27.7099, Reg: 324.706104
Epoch [44/143], Total Loss: 328.2572, NLL: 3.4834, Masked: 27.7052, Reg: 324.744200
Epoch [45/143], Total Loss: 328.2034, NLL: 3.4834, Masked: 27.7075, Reg: 324.690398
Epoch [46/143], Total Loss: 328.2128, NLL: 3.4834, Masked: 27.7091, Reg: 324.699860
Epoch [47/143], Total Loss: 328.1993, NLL: 3.4834, Masked: 27.7100, Reg: 324.686271
Epoch [48/143], Total Loss: 328.1743, NLL: 3.4834, Masked: 27.7050, Reg: 324.661345
Epoch [49/143], Total Loss: 328.1517, NLL: 3.4834, Masked: 27.7114, Reg: 324.638745
Epoch [50/143], Total Loss: 328.1472, NLL: 3.4834, Masked: 27.7094, Reg: 324.634215
Epoch [51/143], Total Loss: 328.1577, NLL: 3.4834, Masked: 27.7108, Reg: 324.644751
Epoch [52/143], Total Loss: 328.1476, NLL: 3.4834, Masked: 27.7121, Reg: 324.634577
Epoch [53/143], Total Loss: 328.1119, NLL: 3.4834, Masked: 27.7020, Reg: 324.598955
Epoch [54/143], Total Loss: 328.1312, NLL: 3.4834, Masked: 27.7074, Reg: 324.618253
Epoch [55/143], Total Loss: 328.1067, NLL: 3.4834, Masked: 27.7080, Reg: 324.593709
Epoch [56/143], Total Loss: 328.0532, NLL: 3.4834, Masked: 27.7105, Reg: 324.540229
Epoch [57/143], Total Loss: 328.0996, NLL: 3.4834, Masked: 27.7075, Reg: 324.586603
Epoch [58/143], Total Loss: 328.0867, NLL: 3.4834, Masked: 27.7074, Reg: 324.573761
Epoch [59/143], Total Loss: 328.0519, NLL: 3.4834, Masked: 27.7014, Reg: 324.538881
Epoch [60/143], Total Loss: 328.0463, NLL: 3.4834, Masked: 27.7075, Reg: 324.533280
Epoch [61/143], Total Loss: 328.0113, NLL: 3.4834, Masked: 27.7035, Reg: 324.498289
Epoch [62/143], Total Loss: 328.0674, NLL: 3.4834, Masked: 27.7082, Reg: 324.554370
Epoch [63/143], Total Loss: 328.0291, NLL: 3.4834, Masked: 27.7051, Reg: 324.516133
Epoch [64/143], Total Loss: 328.0011, NLL: 3.4834, Masked: 27.7055, Reg: 324.488156
Epoch [65/143], Total Loss: 328.0110, NLL: 3.4834, Masked: 27.7093, Reg: 324.497992
Epoch [66/143], Total Loss: 328.0010, NLL: 3.4834, Masked: 27.7033, Reg: 324.488068
Epoch [67/143], Total Loss: 327.9931, NLL: 3.4834, Masked: 27.7158, Reg: 324.480159
Epoch [68/143], Total Loss: 327.9312, NLL: 3.4834, Masked: 27.7111, Reg: 324.418181
Epoch [69/143], Total Loss: 327.9610, NLL: 3.4834, Masked: 27.7098, Reg: 324.448024
Epoch [70/143], Total Loss: 327.9770, NLL: 3.4834, Masked: 27.7067, Reg: 324.464011
Epoch [71/143], Total Loss: 327.9566, NLL: 3.4834, Masked: 27.7080, Reg: 324.443609
Epoch [72/143], Total Loss: 327.9244, NLL: 3.4834, Masked: 27.7067, Reg: 324.411464
Epoch [73/143], Total Loss: 327.8807, NLL: 3.4834, Masked: 27.7063, Reg: 324.367730
Epoch [74/143], Total Loss: 327.9551, NLL: 3.4834, Masked: 27.7077, Reg: 324.442100
Epoch [75/143], Total Loss: 327.9019, NLL: 3.4834, Masked: 27.7121, Reg: 324.388877
Epoch [76/143], Total Loss: 327.9029, NLL: 3.4834, Masked: 27.7064, Reg: 324.389946
Epoch [77/143], Total Loss: 327.8740, NLL: 3.4834, Masked: 27.7135, Reg: 324.361010
Epoch [78/143], Total Loss: 327.8763, NLL: 3.4834, Masked: 27.7079, Reg: 324.363312
Epoch [79/143], Total Loss: 327.8897, NLL: 3.4834, Masked: 27.7051, Reg: 324.376709
Epoch [80/143], Total Loss: 327.8497, NLL: 3.4834, Masked: 27.7017, Reg: 324.336686
Epoch [81/143], Total Loss: 327.8783, NLL: 3.4834, Masked: 27.7056, Reg: 324.365293
Epoch [82/143], Total Loss: 327.8343, NLL: 3.4834, Masked: 27.7078, Reg: 324.321296
Epoch [83/143], Total Loss: 327.8550, NLL: 3.4834, Masked: 27.7078, Reg: 324.342062
Epoch [84/143], Total Loss: 327.8375, NLL: 3.4834, Masked: 27.7070, Reg: 324.324490
Epoch [85/143], Total Loss: 327.8112, NLL: 3.4834, Masked: 27.7057, Reg: 324.298185
Epoch [86/143], Total Loss: 327.8208, NLL: 3.4834, Masked: 27.7114, Reg: 324.307783
Epoch [87/143], Total Loss: 327.8188, NLL: 3.4834, Masked: 27.7128, Reg: 324.305821
Epoch [88/143], Total Loss: 327.8560, NLL: 3.4834, Masked: 27.7107, Reg: 324.343026
Epoch [89/143], Total Loss: 327.7630, NLL: 3.4834, Masked: 27.7130, Reg: 324.250022
Epoch [90/143], Total Loss: 327.7834, NLL: 3.4834, Masked: 27.7119, Reg: 324.270392
Epoch [91/143], Total Loss: 327.7881, NLL: 3.4834, Masked: 27.7146, Reg: 324.275081
Epoch [92/143], Total Loss: 327.7721, NLL: 3.4834, Masked: 27.7046, Reg: 324.259155
Epoch [93/143], Total Loss: 327.7831, NLL: 3.4834, Masked: 27.7126, Reg: 324.270076
Epoch [94/143], Total Loss: 327.7679, NLL: 3.4834, Masked: 27.7069, Reg: 324.254904
Epoch [95/143], Total Loss: 327.7726, NLL: 3.4834, Masked: 27.7081, Reg: 324.259607
Epoch [96/143], Total Loss: 327.7463, NLL: 3.4834, Masked: 27.7112, Reg: 324.233327
Epoch [97/143], Total Loss: 327.7412, NLL: 3.4834, Masked: 27.7114, Reg: 324.228237
Epoch [98/143], Total Loss: 327.7132, NLL: 3.4834, Masked: 27.7080, Reg: 324.200208
Epoch [99/143], Total Loss: 327.7472, NLL: 3.4834, Masked: 27.7062, Reg: 324.234199
Epoch [100/143], Total Loss: 327.7252, NLL: 3.4834, Masked: 27.7121, Reg: 324.212244
Epoch [101/143], Total Loss: 327.7426, NLL: 3.4834, Masked: 27.7102, Reg: 324.229588
Epoch [102/143], Total Loss: 327.7170, NLL: 3.4834, Masked: 27.7107, Reg: 324.203971
Epoch [103/143], Total Loss: 327.6765, NLL: 3.4834, Masked: 27.7063, Reg: 324.163498
Epoch [104/143], Total Loss: 327.7357, NLL: 3.4834, Masked: 27.7086, Reg: 324.222676
Epoch [105/143], Total Loss: 327.6828, NLL: 3.4834, Masked: 27.7085, Reg: 324.169772
Epoch [106/143], Total Loss: 327.7013, NLL: 3.4834, Masked: 27.7083, Reg: 324.188307
Epoch [107/143], Total Loss: 327.6733, NLL: 3.4834, Masked: 27.7054, Reg: 324.160332
Epoch [108/143], Total Loss: 327.6738, NLL: 3.4834, Masked: 27.7102, Reg: 324.160797
Epoch [109/143], Total Loss: 327.6901, NLL: 3.4834, Masked: 27.7010, Reg: 324.177120
Epoch [110/143], Total Loss: 327.6469, NLL: 3.4834, Masked: 27.7049, Reg: 324.133960
Epoch [111/143], Total Loss: 327.7009, NLL: 3.4834, Masked: 27.7071, Reg: 324.187932
Epoch [112/143], Total Loss: 327.6501, NLL: 3.4834, Masked: 27.7042, Reg: 324.137079
Epoch [113/143], Total Loss: 327.6748, NLL: 3.4834, Masked: 27.7079, Reg: 324.161809
Epoch [114/143], Total Loss: 327.6539, NLL: 3.4834, Masked: 27.7103, Reg: 324.140930
Epoch [115/143], Total Loss: 327.6035, NLL: 3.4834, Masked: 27.7063, Reg: 324.090499
Epoch [116/143], Total Loss: 327.6614, NLL: 3.4834, Masked: 27.7092, Reg: 324.148411
Epoch [117/143], Total Loss: 327.6166, NLL: 3.4834, Masked: 27.7046, Reg: 324.103649
Epoch [118/143], Total Loss: 327.6519, NLL: 3.4834, Masked: 27.7037, Reg: 324.138920
Epoch [119/143], Total Loss: 327.6354, NLL: 3.4834, Masked: 27.7053, Reg: 324.122413
Epoch [120/143], Total Loss: 327.6023, NLL: 3.4834, Masked: 27.7115, Reg: 324.089296
Epoch [121/143], Total Loss: 327.6295, NLL: 3.4834, Masked: 27.7046, Reg: 324.116533
Epoch [122/143], Total Loss: 327.5841, NLL: 3.4834, Masked: 27.7090, Reg: 324.071164
Epoch [123/143], Total Loss: 327.6269, NLL: 3.4834, Masked: 27.7081, Reg: 324.113891
Epoch [124/143], Total Loss: 327.6272, NLL: 3.4834, Masked: 27.7068, Reg: 324.114233
Epoch [125/143], Total Loss: 327.5752, NLL: 3.4834, Masked: 27.7081, Reg: 324.062216
Epoch [126/143], Total Loss: 327.6138, NLL: 3.4834, Masked: 27.7119, Reg: 324.100784
Epoch [127/143], Total Loss: 327.6144, NLL: 3.4834, Masked: 27.7075, Reg: 324.101431
Epoch [128/143], Total Loss: 327.5706, NLL: 3.4834, Masked: 27.7083, Reg: 324.057600
Epoch [129/143], Total Loss: 327.5710, NLL: 3.4834, Masked: 27.7066, Reg: 324.057980
Epoch [130/143], Total Loss: 327.5802, NLL: 3.4834, Masked: 27.7078, Reg: 324.067198
Epoch [131/143], Total Loss: 327.6102, NLL: 3.4834, Masked: 27.7169, Reg: 324.097180
Epoch [132/143], Total Loss: 327.5515, NLL: 3.4834, Masked: 27.7079, Reg: 324.038563
Epoch [133/143], Total Loss: 327.5111, NLL: 3.4834, Masked: 27.7048, Reg: 323.998168
Epoch [134/143], Total Loss: 327.6102, NLL: 3.4834, Masked: 27.7033, Reg: 324.097172
Epoch [135/143], Total Loss: 327.5775, NLL: 3.4834, Masked: 27.7031, Reg: 324.064545
Epoch [136/143], Total Loss: 327.5410, NLL: 3.4834, Masked: 27.7089, Reg: 324.028058
Epoch [137/143], Total Loss: 327.5359, NLL: 3.4834, Masked: 27.7051, Reg: 324.022883
Epoch [138/143], Total Loss: 327.5307, NLL: 3.4834, Masked: 27.7065, Reg: 324.017703
Epoch [139/143], Total Loss: 327.5571, NLL: 3.4834, Masked: 27.7021, Reg: 324.044083
Epoch [140/143], Total Loss: 327.4923, NLL: 3.4834, Masked: 27.7129, Reg: 323.979283
Epoch [141/143], Total Loss: 327.5320, NLL: 3.4834, Masked: 27.7100, Reg: 324.019040
Epoch [142/143], Total Loss: 327.5336, NLL: 3.4834, Masked: 27.7126, Reg: 324.020588
Epoch [143/143], Total Loss: 327.4907, NLL: 3.4834, Masked: 27.7056, Reg: 323.977739

==================================================
EVALUATING ON TRAINING DATA
==================================================

==================================================
TEST RESULTS
==================================================
Total Loss: 327.189071
  - ZINB NLL: 3.483414
Total number of masked values: 6035598
  - Number of values with pi >= 0.6968846237164871: 0
  - Number of values with pi < 0.6968846237164871: 6035598
  - Masked Reconstruction: 27.707407
  - Regularization: 323.676081
Mean Absolute Error (MAE): 26.312038
R² Score: -44.686409
==================================================


==================================================
TEST RESULTS
==================================================
Total Loss: 327.218929
  - ZINB NLL: 3.515074
Total number of masked values: 2782502
  - Number of values with pi >= 0.6968846237164871: 0
  - Number of values with pi < 0.6968846237164871: 2782502
  - Masked Reconstruction: 26.018724
  - Regularization: 323.676081
Mean Absolute Error (MAE): 26.197365
R² Score: -43.983665
==================================================


>>> Optimizing zinb_nll on VALIDATION set: 3.515074
>>> Full validation metrics: {'total_loss': 327.21892908800316, 'zinb_nll': 3.515074396157111, 'mae': 26.197364807128906, 'r2': -43.983665466308594, 'masked_loss': 26.018723958295432, 'reg_loss': 323.67608119981907}

Iteration No: 1 ended. Evaluation done at random point.
Time taken: 4203.7715
Function value obtained: 3.5151
Current minimum: 3.5151
Iteration No: 2 started. Evaluating function at random point.

================================================================================
Trial with parameters:
  features: Centr
  data_point_length: 710
  step_size: 0.9803166391310946
  bin_size: 24
  sample_fraction: 0.3179548258996156
  moving_average: False
  first_layer_size_factor: 60
  num_layers: 5
  use_conv: True
  conv_channel: 112
  pool_size: 6
  kernel_size: 5
  epochs: 32
  batch_size: 128
  pi_threshold: 0.5253152871382157
  learning_rate: 0.000143301094556357
  dropout_rate: 0.007983126110107099
  masked_recon_weight: 0.008386394780402564
  regularizer: l1
  regularization_weight: 0.6065193093671492
================================================================================

Creating datasets with:
  features: ['Centr']
  bin_size: 24
  moving_average: False
  data_point_length: 29 (from 710)
  step_size: 28 (from fraction 0.9803166391310946)
  layers: [np.int64(960), np.int64(480), np.int64(240), np.int64(120), np.int64(60)] (first=960, num=5)
  stride: 1 (fixed), padding: same (fixed)


Clipping outliers using 95th percentile * 1.5...
strain_yTW001: Clipping values above 134.25 (P95=89.50). Clipped 27529/1193409 values (2.31%)
strain_FD: Clipping values above 71.92 (P95=47.94). Clipped 95791/4127807 values (2.32%)
strain_dnrp: Clipping values above 243.00 (P95=162.00). Clipped 25649/1119454 values (2.29%)
strain_yEK19: Clipping values above 77.10 (P95=51.40). Clipped 83713/3893623 values (2.15%)
strain_yEK23: Clipping values above 72.00 (P95=48.00). Clipped 86381/3558407 values (2.43%)
strain_yWT03a: Clipping values above 15.00 (P95=10.00). Clipped 10602/347679 values (3.05%)
strain_yWT04a: Clipping values above 58.50 (P95=39.00). Clipped 21095/725406 values (2.91%)
strain_ylic137: Clipping values above 142.50 (P95=95.00). Clipped 28746/1112684 values (2.58%)
Standardizing features: ['Centr']
Column order in final array (Dataset/Chrom split): ['Value', 'Centromere_Distance', 'Value_Raw', 'Size_Factor']
Removing 0 empty data points out of 99352
Column order in final array (Dataset/Chrom split): ['Value', 'Centromere_Distance', 'Value_Raw', 'Size_Factor']
Removing 0 empty data points out of 26512
Column order in final array (Dataset/Chrom split): ['Value', 'Centromere_Distance', 'Value_Raw', 'Size_Factor']
Removing 0 empty data points out of 17912
Datasets created:
  Train: (99352, 29, 4), Val: (26512, 29, 4), Test: (17912, 29, 4)

Randomly sampled 31589/99352 samples (31.8%)
Applied denoising with 15.0% masking
Applied denoising with 15.0% masking
Applied denoising with 15.0% masking
Epoch [1/32], Total Loss: 10156.1270, NLL: 2.9412, Masked: 29.8723, Reg: 10152.935736
Epoch [2/32], Total Loss: 677.6363, NLL: 2.9393, Masked: 29.8674, Reg: 674.446535
Epoch [3/32], Total Loss: 158.5320, NLL: 2.9377, Masked: 29.8668, Reg: 155.343904
Epoch [4/32], Total Loss: 101.6432, NLL: 2.9361, Masked: 29.8694, Reg: 98.456639
Epoch [5/32], Total Loss: 84.2121, NLL: 2.9345, Masked: 29.8645, Reg: 81.027081
Epoch [6/32], Total Loss: 71.6390, NLL: 2.9331, Masked: 29.8791, Reg: 68.455311
Epoch [7/32], Total Loss: 62.2466, NLL: 2.9318, Masked: 29.8722, Reg: 59.064335
Epoch [8/32], Total Loss: 56.0018, NLL: 2.9305, Masked: 29.8687, Reg: 52.820788
Epoch [9/32], Total Loss: 52.7794, NLL: 2.9294, Masked: 29.8651, Reg: 49.599544
Epoch [10/32], Total Loss: 51.7973, NLL: 2.9283, Masked: 29.8708, Reg: 48.618446
Epoch [11/32], Total Loss: 51.1738, NLL: 2.9274, Masked: 29.8720, Reg: 47.995886
Epoch [12/32], Total Loss: 50.5506, NLL: 2.9265, Masked: 29.8688, Reg: 47.373597
Epoch [13/32], Total Loss: 49.9275, NLL: 2.9258, Masked: 29.8711, Reg: 46.751191
Epoch [14/32], Total Loss: 49.3051, NLL: 2.9252, Masked: 29.8722, Reg: 46.129380
Epoch [15/32], Total Loss: 48.6814, NLL: 2.9247, Masked: 29.8714, Reg: 45.506183
Epoch [16/32], Total Loss: 48.0581, NLL: 2.9244, Masked: 29.8718, Reg: 44.883245
Epoch [17/32], Total Loss: 47.4366, NLL: 2.9241, Masked: 29.8725, Reg: 44.261925
Epoch [18/32], Total Loss: 46.8142, NLL: 2.9241, Masked: 29.8707, Reg: 43.639615
Epoch [19/32], Total Loss: 46.1921, NLL: 2.9241, Masked: 29.8766, Reg: 43.017439
Epoch [20/32], Total Loss: 45.5699, NLL: 2.9243, Masked: 29.8702, Reg: 42.395045
Epoch [21/32], Total Loss: 44.9472, NLL: 2.9247, Masked: 29.8601, Reg: 41.772075
Epoch [22/32], Total Loss: 44.3267, NLL: 2.9252, Masked: 29.8673, Reg: 41.151046
Epoch [23/32], Total Loss: 43.7040, NLL: 2.9259, Masked: 29.8684, Reg: 40.527633
Epoch [24/32], Total Loss: 43.0830, NLL: 2.9268, Masked: 29.8726, Reg: 39.905668
Epoch [25/32], Total Loss: 42.4622, NLL: 2.9278, Masked: 29.8672, Reg: 39.283906
Epoch [26/32], Total Loss: 41.8410, NLL: 2.9290, Masked: 29.8653, Reg: 38.661531
Epoch [27/32], Total Loss: 41.2204, NLL: 2.9303, Masked: 29.8728, Reg: 38.039501
Epoch [28/32], Total Loss: 40.5994, NLL: 2.9319, Masked: 29.8733, Reg: 37.416941
Epoch [29/32], Total Loss: 39.9793, NLL: 2.9337, Masked: 29.8779, Reg: 36.795041
Epoch [30/32], Total Loss: 39.3598, NLL: 2.9356, Masked: 29.8712, Reg: 36.173660
Epoch [31/32], Total Loss: 38.7391, NLL: 2.9378, Masked: 29.8756, Reg: 35.550816
Epoch [32/32], Total Loss: 38.1194, NLL: 2.9401, Masked: 29.8704, Reg: 34.928788

==================================================
EVALUATING ON TRAINING DATA
==================================================

==================================================
TEST RESULTS
==================================================
Total Loss: 37.821575
  - ZINB NLL: 2.941385
Total number of masked values: 85289
  - Number of values with pi >= 0.5253152871382157: 0
  - Number of values with pi < 0.5253152871382157: 85289
  - Masked Reconstruction: 29.865933
  - Regularization: 34.629725
Mean Absolute Error (MAE): 26.356853
R² Score: -33.418182
==================================================


==================================================
TEST RESULTS
==================================================
Total Loss: 37.821190
  - ZINB NLL: 2.975953
Total number of masked values: 72996
  - Number of values with pi >= 0.5253152871382157: 0
  - Number of values with pi < 0.5253152871382157: 72996
  - Masked Reconstruction: 25.698107
  - Regularization: 34.629725
Mean Absolute Error (MAE): 26.228680
R² Score: -35.212803
==================================================


>>> Optimizing zinb_nll on VALIDATION set: 2.975953
>>> Full validation metrics: {'total_loss': 37.82118989648629, 'zinb_nll': 2.9759527665704004, 'mae': 26.228679656982422, 'r2': -35.21280288696289, 'masked_loss': 25.698107178411213, 'reg_loss': 34.6297250925836}

Iteration No: 2 ended. Evaluation done at random point.
Time taken: 125.6307
Function value obtained: 2.9760
Current minimum: 2.9760
Iteration No: 3 started. Evaluating function at random point.

================================================================================
Trial with parameters:
  features: Centr
  data_point_length: 4249
  step_size: 0.3800234901308291
  bin_size: 40
  sample_fraction: 0.3866770658410468
  moving_average: False
  first_layer_size_factor: 66
  num_layers: 2
  use_conv: False
  conv_channel: 20
  pool_size: 7
  kernel_size: 5
  epochs: 77
  batch_size: 128
  pi_threshold: 0.5909087983425684
  learning_rate: 9.541624171184559e-05
  dropout_rate: 0.28522198720269976
  masked_recon_weight: 0.12115379992469595
  regularizer: none
  regularization_weight: 8.160879038628487
================================================================================

Creating datasets with:
  features: ['Centr']
  bin_size: 40
  moving_average: False
  data_point_length: 106 (from 4249)
  step_size: 40 (from fraction 0.3800234901308291)
  layers: [np.int64(1056), np.int64(528)] (first=1056, num=2)
  stride: 1 (fixed), padding: same (fixed)


Clipping outliers using 95th percentile * 1.5...
strain_yTW001: Clipping values above 134.25 (P95=89.50). Clipped 27529/1193409 values (2.31%)
strain_FD: Clipping values above 71.92 (P95=47.94). Clipped 95791/4127807 values (2.32%)
strain_dnrp: Clipping values above 243.00 (P95=162.00). Clipped 25649/1119454 values (2.29%)
strain_yEK19: Clipping values above 77.10 (P95=51.40). Clipped 83713/3893623 values (2.15%)
strain_yEK23: Clipping values above 72.00 (P95=48.00). Clipped 86381/3558407 values (2.43%)
strain_yWT03a: Clipping values above 15.00 (P95=10.00). Clipped 10602/347679 values (3.05%)
strain_yWT04a: Clipping values above 58.50 (P95=39.00). Clipped 21095/725406 values (2.91%)
strain_ylic137: Clipping values above 142.50 (P95=95.00). Clipped 28746/1112684 values (2.58%)
Standardizing features: ['Centr']
Column order in final array (Dataset/Chrom split): ['Value', 'Centromere_Distance', 'Value_Raw', 'Size_Factor']
Removing 0 empty data points out of 41632
Column order in final array (Dataset/Chrom split): ['Value', 'Centromere_Distance', 'Value_Raw', 'Size_Factor']
Removing 0 empty data points out of 11104
Column order in final array (Dataset/Chrom split): ['Value', 'Centromere_Distance', 'Value_Raw', 'Size_Factor']
Removing 0 empty data points out of 7488
Datasets created:
  Train: (41632, 106, 4), Val: (11104, 106, 4), Test: (7488, 106, 4)

Randomly sampled 16098/41632 samples (38.7%)
Applied denoising with 15.0% masking
Applied denoising with 15.0% masking
Applied denoising with 15.0% masking
Epoch [1/77], Total Loss: 3.1970, NLL: 2.2830, Masked: 7.5441
Epoch [2/77], Total Loss: 2.3126, NLL: 1.9989, Masked: 2.5891
Epoch [3/77], Total Loss: 2.1873, NLL: 1.8895, Masked: 2.4582
Epoch [4/77], Total Loss: 2.0703, NLL: 1.7799, Masked: 2.3965
Epoch [5/77], Total Loss: 2.0569, NLL: 1.7681, Masked: 2.3836
Epoch [6/77], Total Loss: 2.0492, NLL: 1.7619, Masked: 2.3710
Epoch [7/77], Total Loss: 2.0474, NLL: 1.7605, Masked: 2.3678
Epoch [8/77], Total Loss: 2.0435, NLL: 1.7572, Masked: 2.3637
Epoch [9/77], Total Loss: 2.0425, NLL: 1.7566, Masked: 2.3602
Epoch [10/77], Total Loss: 2.0411, NLL: 1.7555, Masked: 2.3571
Epoch [11/77], Total Loss: 2.0389, NLL: 1.7539, Masked: 2.3525
Epoch [12/77], Total Loss: 2.0382, NLL: 1.7534, Masked: 2.3508
Epoch [13/77], Total Loss: 2.0374, NLL: 1.7527, Masked: 2.3493
Epoch [14/77], Total Loss: 2.0359, NLL: 1.7514, Masked: 2.3490
Epoch [15/77], Total Loss: 2.0304, NLL: 1.7476, Masked: 2.3340
Epoch [16/77], Total Loss: 2.0156, NLL: 1.7363, Masked: 2.3055
Epoch [17/77], Total Loss: 2.0002, NLL: 1.7249, Masked: 2.2727
Epoch [18/77], Total Loss: 1.9892, NLL: 1.7163, Masked: 2.2527
Epoch [19/77], Total Loss: 1.9771, NLL: 1.7069, Masked: 2.2301
Epoch [20/77], Total Loss: 1.9699, NLL: 1.7011, Masked: 2.2185
Epoch [21/77], Total Loss: 1.9640, NLL: 1.6968, Masked: 2.2060
Epoch [22/77], Total Loss: 1.9596, NLL: 1.6925, Masked: 2.2052
Epoch [23/77], Total Loss: 1.9508, NLL: 1.6866, Masked: 2.1802
Epoch [24/77], Total Loss: 1.9417, NLL: 1.6788, Masked: 2.1700
Epoch [25/77], Total Loss: 1.9330, NLL: 1.6719, Masked: 2.1554
Epoch [26/77], Total Loss: 1.9268, NLL: 1.6668, Masked: 2.1457
Epoch [27/77], Total Loss: 1.9222, NLL: 1.6635, Masked: 2.1357
Epoch [28/77], Total Loss: 1.9196, NLL: 1.6612, Masked: 2.1325
Epoch [29/77], Total Loss: 1.9152, NLL: 1.6582, Masked: 2.1219
Epoch [30/77], Total Loss: 1.9130, NLL: 1.6557, Masked: 2.1235
Epoch [31/77], Total Loss: 1.9093, NLL: 1.6534, Masked: 2.1124
Epoch [32/77], Total Loss: 1.9048, NLL: 1.6494, Masked: 2.1084
Epoch [33/77], Total Loss: 1.9011, NLL: 1.6466, Masked: 2.1011
Epoch [34/77], Total Loss: 1.8979, NLL: 1.6439, Masked: 2.0963
Epoch [35/77], Total Loss: 1.8961, NLL: 1.6420, Masked: 2.0975
Epoch [36/77], Total Loss: 1.8926, NLL: 1.6392, Masked: 2.0922
Epoch [37/77], Total Loss: 1.8888, NLL: 1.6365, Masked: 2.0827
Epoch [38/77], Total Loss: 1.8858, NLL: 1.6335, Masked: 2.0820
Epoch [39/77], Total Loss: 1.8838, NLL: 1.6314, Masked: 2.0833
Epoch [40/77], Total Loss: 1.8809, NLL: 1.6290, Masked: 2.0787
Epoch [41/77], Total Loss: 1.8796, NLL: 1.6271, Masked: 2.0838
Epoch [42/77], Total Loss: 1.8767, NLL: 1.6253, Masked: 2.0753
Epoch [43/77], Total Loss: 1.8736, NLL: 1.6231, Masked: 2.0679
Epoch [44/77], Total Loss: 1.8711, NLL: 1.6212, Masked: 2.0624
Epoch [45/77], Total Loss: 1.8700, NLL: 1.6199, Masked: 2.0646
Epoch [46/77], Total Loss: 1.8668, NLL: 1.6178, Masked: 2.0553
Epoch [47/77], Total Loss: 1.8654, NLL: 1.6168, Masked: 2.0523
Epoch [48/77], Total Loss: 1.8637, NLL: 1.6152, Masked: 2.0509
Epoch [49/77], Total Loss: 1.8623, NLL: 1.6136, Masked: 2.0527
Epoch [50/77], Total Loss: 1.8605, NLL: 1.6124, Masked: 2.0471
Epoch [51/77], Total Loss: 1.8591, NLL: 1.6116, Masked: 2.0433
Epoch [52/77], Total Loss: 1.8568, NLL: 1.6098, Masked: 2.0384
Epoch [53/77], Total Loss: 1.8549, NLL: 1.6086, Masked: 2.0328
Epoch [54/77], Total Loss: 1.8544, NLL: 1.6079, Masked: 2.0350
Epoch [55/77], Total Loss: 1.8524, NLL: 1.6062, Masked: 2.0315
Epoch [56/77], Total Loss: 1.8496, NLL: 1.6046, Masked: 2.0221
Epoch [57/77], Total Loss: 1.8482, NLL: 1.6034, Masked: 2.0213
Epoch [58/77], Total Loss: 1.8462, NLL: 1.6016, Masked: 2.0192
Epoch [59/77], Total Loss: 1.8449, NLL: 1.6005, Masked: 2.0168
Epoch [60/77], Total Loss: 1.8431, NLL: 1.5993, Masked: 2.0127
Epoch [61/77], Total Loss: 1.8411, NLL: 1.5975, Masked: 2.0105
Epoch [62/77], Total Loss: 1.8397, NLL: 1.5965, Masked: 2.0072
Epoch [63/77], Total Loss: 1.8388, NLL: 1.5956, Masked: 2.0075
Epoch [64/77], Total Loss: 1.8371, NLL: 1.5943, Masked: 2.0040
Epoch [65/77], Total Loss: 1.8356, NLL: 1.5931, Masked: 2.0014
Epoch [66/77], Total Loss: 1.8344, NLL: 1.5922, Masked: 1.9988
Epoch [67/77], Total Loss: 1.8318, NLL: 1.5910, Masked: 1.9875
Epoch [68/77], Total Loss: 1.8311, NLL: 1.5901, Masked: 1.9892
Epoch [69/77], Total Loss: 1.8298, NLL: 1.5889, Masked: 1.9887
Epoch [70/77], Total Loss: 1.8298, NLL: 1.5882, Masked: 1.9942
Epoch [71/77], Total Loss: 1.8282, NLL: 1.5872, Masked: 1.9889
Epoch [72/77], Total Loss: 1.8255, NLL: 1.5862, Masked: 1.9759
Epoch [73/77], Total Loss: 1.8240, NLL: 1.5850, Masked: 1.9723
Epoch [74/77], Total Loss: 1.8233, NLL: 1.5843, Masked: 1.9732
Epoch [75/77], Total Loss: 1.8218, NLL: 1.5832, Masked: 1.9690
Epoch [76/77], Total Loss: 1.8209, NLL: 1.5825, Masked: 1.9672
Epoch [77/77], Total Loss: 1.8193, NLL: 1.5817, Masked: 1.9609

==================================================
EVALUATING ON TRAINING DATA
==================================================

==================================================
TEST RESULTS
==================================================
Total Loss: 1.801264
  - ZINB NLL: 1.568723
Total number of masked values: 197261
  - Number of values with pi >= 0.5909087983425684: 0
  - Number of values with pi < 0.5909087983425684: 197261
  - Masked Reconstruction: 1.919385
Mean Absolute Error (MAE): 1.727274
R² Score: 0.594041
==================================================


==================================================
TEST RESULTS
==================================================
Total Loss: 1.882917
  - ZINB NLL: 1.631559
Total number of masked values: 137817
  - Number of values with pi >= 0.5909087983425684: 0
  - Number of values with pi < 0.5909087983425684: 137817
  - Masked Reconstruction: 2.074703
Mean Absolute Error (MAE): 1.867130
R² Score: 0.490936
==================================================


>>> Optimizing zinb_nll on VALIDATION set: 1.631559
>>> Full validation metrics: {'total_loss': 1.882917411045657, 'zinb_nll': 1.6315592431197592, 'mae': 1.8671303987503052, 'r2': 0.4909355640411377, 'masked_loss': 2.074703057148958}

Iteration No: 3 ended. Evaluation done at random point.
Time taken: 95.3137
Function value obtained: 1.6316
Current minimum: 1.6316
Iteration No: 4 started. Evaluating function at random point.

================================================================================
Trial with parameters:
  features: Nucl
  data_point_length: 2929
  step_size: 0.6900633742478862
  bin_size: 97
  sample_fraction: 0.7052756857650135
  moving_average: True
  first_layer_size_factor: 47
  num_layers: 2
  use_conv: True
  conv_channel: 63
  pool_size: 4
  kernel_size: 5
  epochs: 32
  batch_size: 32
  pi_threshold: 0.58453678109946
  learning_rate: 0.002347073130303155
  dropout_rate: 0.30297998739050575
  masked_recon_weight: 5.072283440670043
  regularizer: l2
  regularization_weight: 25.393217281795962
================================================================================

Creating datasets with:
  features: ['Nucl']
  bin_size: 97
  moving_average: True
  data_point_length: 2929 (from 2929)
  step_size: 2021 (from fraction 0.6900633742478862)
  layers: [np.int64(752), np.int64(376)] (first=752, num=2)
  stride: 1 (fixed), padding: same (fixed)


Clipping outliers using 95th percentile * 1.5...
strain_yTW001: Clipping values above 134.25 (P95=89.50). Clipped 27529/1193409 values (2.31%)
strain_FD: Clipping values above 71.92 (P95=47.94). Clipped 95791/4127807 values (2.32%)
strain_dnrp: Clipping values above 243.00 (P95=162.00). Clipped 25649/1119454 values (2.29%)
strain_yEK19: Clipping values above 77.10 (P95=51.40). Clipped 83713/3893623 values (2.15%)
strain_yEK23: Clipping values above 72.00 (P95=48.00). Clipped 86381/3558407 values (2.43%)
strain_yWT03a: Clipping values above 15.00 (P95=10.00). Clipped 10602/347679 values (3.05%)
strain_yWT04a: Clipping values above 58.50 (P95=39.00). Clipped 21095/725406 values (2.91%)
strain_ylic137: Clipping values above 142.50 (P95=95.00). Clipped 28746/1112684 values (2.58%)
Standardizing features: ['Nucl']
Column order in final array (Dataset/Chrom split): ['Value', 'Nucleosome_Distance', 'Value_Raw', 'Size_Factor']
Removing 0 empty data points out of 33016
Column order in final array (Dataset/Chrom split): ['Value', 'Nucleosome_Distance', 'Value_Raw', 'Size_Factor']
Removing 0 empty data points out of 8808
Column order in final array (Dataset/Chrom split): ['Value', 'Nucleosome_Distance', 'Value_Raw', 'Size_Factor']
Removing 0 empty data points out of 5952
Datasets created:
  Train: (33016, 2929, 4), Val: (8808, 2929, 4), Test: (5952, 2929, 4)

Randomly sampled 23285/33016 samples (70.5%)
Applied denoising with 15.0% masking
Applied denoising with 15.0% masking
Applied denoising with 15.0% masking
Epoch [1/32], Total Loss: 141.8970, NLL: 3.2781, Masked: 27.3287, Reg: 130641.022121
Epoch [2/32], Total Loss: 142.1265, NLL: 3.5036, Masked: 27.3295, Reg: 9971.587807
Epoch [3/32], Total Loss: 142.2179, NLL: 3.6125, Masked: 27.3261, Reg: 172.270447
Epoch [4/32], Total Loss: 142.2470, NLL: 3.6279, Masked: 27.3287, Reg: 5.074374
Epoch [5/32], Total Loss: 142.2193, NLL: 3.6285, Masked: 27.3232, Reg: 5.120287
Epoch [6/32], Total Loss: 142.2580, NLL: 3.6285, Masked: 27.3308, Reg: 5.210446
Epoch [7/32], Total Loss: 142.2363, NLL: 3.6285, Masked: 27.3265, Reg: 4.983313
Epoch [8/32], Total Loss: 142.2347, NLL: 3.6285, Masked: 27.3262, Reg: 4.949174
Epoch [9/32], Total Loss: 142.2411, NLL: 3.6285, Masked: 27.3275, Reg: 5.075898
Epoch [10/32], Total Loss: 142.2440, NLL: 3.6285, Masked: 27.3280, Reg: 4.908503
Epoch [11/32], Total Loss: 142.2682, NLL: 3.6285, Masked: 27.3328, Reg: 5.084459
Epoch [12/32], Total Loss: 142.2305, NLL: 3.6285, Masked: 27.3254, Reg: 4.946489
Epoch [13/32], Total Loss: 142.2401, NLL: 3.6285, Masked: 27.3273, Reg: 5.060307
Epoch [14/32], Total Loss: 142.2329, NLL: 3.6285, Masked: 27.3258, Reg: 4.969549
Epoch [15/32], Total Loss: 142.2437, NLL: 3.6285, Masked: 27.3280, Reg: 5.035729
Epoch [16/32], Total Loss: 142.2352, NLL: 3.6285, Masked: 27.3263, Reg: 4.983694
Epoch [17/32], Total Loss: 142.2222, NLL: 3.6285, Masked: 27.3237, Reg: 5.010744
Epoch [18/32], Total Loss: 142.2607, NLL: 3.6285, Masked: 27.3313, Reg: 4.999264
Epoch [19/32], Total Loss: 142.2436, NLL: 3.6285, Masked: 27.3279, Reg: 5.003537
Epoch [20/32], Total Loss: 142.2457, NLL: 3.6285, Masked: 27.3284, Reg: 4.993929
Epoch [21/32], Total Loss: 142.2388, NLL: 3.6285, Masked: 27.3270, Reg: 4.997974
Epoch [22/32], Total Loss: 142.2427, NLL: 3.6285, Masked: 27.3278, Reg: 5.000523
Epoch [23/32], Total Loss: 142.2382, NLL: 3.6285, Masked: 27.3269, Reg: 4.992998
Epoch [24/32], Total Loss: 142.2589, NLL: 3.6285, Masked: 27.3310, Reg: 4.999415
Epoch [25/32], Total Loss: 142.2378, NLL: 3.6285, Masked: 27.3268, Reg: 4.998316
Epoch [26/32], Total Loss: 142.2281, NLL: 3.6285, Masked: 27.3249, Reg: 4.990609
Epoch [27/32], Total Loss: 142.2497, NLL: 3.6285, Masked: 27.3292, Reg: 5.000762
Epoch [28/32], Total Loss: 142.2530, NLL: 3.6285, Masked: 27.3298, Reg: 4.992880
Epoch [29/32], Total Loss: 142.2541, NLL: 3.6285, Masked: 27.3300, Reg: 5.002215
Epoch [30/32], Total Loss: 142.2252, NLL: 3.6285, Masked: 27.3243, Reg: 4.999969
Epoch [31/32], Total Loss: 142.2473, NLL: 3.6285, Masked: 27.3287, Reg: 4.991912
Epoch [32/32], Total Loss: 142.2655, NLL: 3.6285, Masked: 27.3323, Reg: 5.002440

==================================================
EVALUATING ON TRAINING DATA
==================================================

==================================================
TEST RESULTS
==================================================
Total Loss: 142.232280
  - ZINB NLL: 3.628370
Total number of masked values: 9366016
  - Number of values with pi >= 0.58453678109946: 0
  - Number of values with pi < 0.58453678109946: 9366016
  - Masked Reconstruction: 27.325743
  - Regularization: 5.130145
Mean Absolute Error (MAE): 26.424089
R² Score: -46.927353
==================================================


==================================================
TEST RESULTS
==================================================
Total Loss: 135.653864
  - ZINB NLL: 3.647181
Total number of masked values: 3569223
  - Number of values with pi >= 0.58453678109946: 0
  - Number of values with pi < 0.58453678109946: 3569223
  - Masked Reconstruction: 26.025101
  - Regularization: 5.130145
Mean Absolute Error (MAE): 26.124300
R² Score: -50.602036
==================================================


>>> Optimizing zinb_nll on VALIDATION set: 3.647181
>>> Full validation metrics: {'total_loss': 135.65386363141218, 'zinb_nll': 3.6471808054141843, 'mae': 26.124300003051758, 'r2': -50.60203552246094, 'masked_loss': 26.02510077946842, 'reg_loss': 5.130144845254955}

Iteration No: 4 ended. Evaluation done at random point.
Time taken: 895.8057
Function value obtained: 3.6472
Current minimum: 1.6316
Iteration No: 5 started. Evaluating function at random point.

================================================================================
Trial with parameters:
  features: Nucl
  data_point_length: 2523
  step_size: 0.3215575873678085
  bin_size: 38
  sample_fraction: 0.7516309394977055
  moving_average: False
  first_layer_size_factor: 90
  num_layers: 2
  use_conv: False
  conv_channel: 59
  pool_size: 8
  kernel_size: 9
  epochs: 117
  batch_size: 32
  pi_threshold: 0.4024273291045296
  learning_rate: 1.3222110082400287e-05
  dropout_rate: 0.35533144484289375
  masked_recon_weight: 0.0027769194556163863
  regularizer: l2
  regularization_weight: 0.00025824648340043807
================================================================================

Creating datasets with:
  features: ['Nucl']
  bin_size: 38
  moving_average: False
  data_point_length: 66 (from 2523)
  step_size: 21 (from fraction 0.3215575873678085)
  layers: [np.int64(1440), np.int64(720)] (first=1440, num=2)
  stride: 1 (fixed), padding: same (fixed)


Clipping outliers using 95th percentile * 1.5...
strain_yTW001: Clipping values above 134.25 (P95=89.50). Clipped 27529/1193409 values (2.31%)
strain_FD: Clipping values above 71.92 (P95=47.94). Clipped 95791/4127807 values (2.32%)
strain_dnrp: Clipping values above 243.00 (P95=162.00). Clipped 25649/1119454 values (2.29%)
strain_yEK19: Clipping values above 77.10 (P95=51.40). Clipped 83713/3893623 values (2.15%)
strain_yEK23: Clipping values above 72.00 (P95=48.00). Clipped 86381/3558407 values (2.43%)
strain_yWT03a: Clipping values above 15.00 (P95=10.00). Clipped 10602/347679 values (3.05%)
strain_yWT04a: Clipping values above 58.50 (P95=39.00). Clipped 21095/725406 values (2.91%)
strain_ylic137: Clipping values above 142.50 (P95=95.00). Clipped 28746/1112684 values (2.58%)
Standardizing features: ['Nucl']
Column order in final array (Dataset/Chrom split): ['Value', 'Nucleosome_Distance', 'Value_Raw', 'Size_Factor']
Removing 0 empty data points out of 83504
Column order in final array (Dataset/Chrom split): ['Value', 'Nucleosome_Distance', 'Value_Raw', 'Size_Factor']
Removing 0 empty data points out of 22272
Column order in final array (Dataset/Chrom split): ['Value', 'Nucleosome_Distance', 'Value_Raw', 'Size_Factor']
Removing 0 empty data points out of 15016
Datasets created:
  Train: (83504, 66, 4), Val: (22272, 66, 4), Test: (15016, 66, 4)

Randomly sampled 62764/83504 samples (75.2%)
Applied denoising with 15.0% masking
Applied denoising with 15.0% masking
Applied denoising with 15.0% masking
Epoch [1/117], Total Loss: 1.9460, NLL: 1.9332, Masked: 4.6254, Reg: 0.343309
Epoch [2/117], Total Loss: 1.7485, NLL: 1.7417, Masked: 2.4748, Reg: 0.310693
Epoch [3/117], Total Loss: 1.7423, NLL: 1.7354, Masked: 2.4566, Reg: 0.277310
Epoch [4/117], Total Loss: 1.7390, NLL: 1.7322, Masked: 2.4387, Reg: 0.247196
Epoch [5/117], Total Loss: 1.7367, NLL: 1.7300, Masked: 2.4315, Reg: 0.222757
Epoch [6/117], Total Loss: 1.7339, NLL: 1.7272, Masked: 2.4098, Reg: 0.203417
Epoch [7/117], Total Loss: 1.7208, NLL: 1.7142, Masked: 2.3681, Reg: 0.190258
Epoch [8/117], Total Loss: 1.7036, NLL: 1.6971, Masked: 2.3405, Reg: 0.181943
Epoch [9/117], Total Loss: 1.6968, NLL: 1.6903, Masked: 2.3245, Reg: 0.173819
Epoch [10/117], Total Loss: 1.6888, NLL: 1.6824, Masked: 2.2915, Reg: 0.167241
Epoch [11/117], Total Loss: 1.6753, NLL: 1.6691, Masked: 2.2556, Reg: 0.162778
Epoch [12/117], Total Loss: 1.6674, NLL: 1.6611, Masked: 2.2495, Reg: 0.158451
Epoch [13/117], Total Loss: 1.6624, NLL: 1.6562, Masked: 2.2368, Reg: 0.153835
Epoch [14/117], Total Loss: 1.6581, NLL: 1.6519, Masked: 2.2276, Reg: 0.149678
Epoch [15/117], Total Loss: 1.6546, NLL: 1.6484, Masked: 2.2228, Reg: 0.145786
Epoch [16/117], Total Loss: 1.6529, NLL: 1.6468, Masked: 2.2159, Reg: 0.141684
Epoch [17/117], Total Loss: 1.6519, NLL: 1.6458, Masked: 2.2148, Reg: 0.137526
Epoch [18/117], Total Loss: 1.6510, NLL: 1.6448, Masked: 2.2121, Reg: 0.133509
Epoch [19/117], Total Loss: 1.6503, NLL: 1.6442, Masked: 2.2086, Reg: 0.129720
Epoch [20/117], Total Loss: 1.6498, NLL: 1.6436, Masked: 2.2089, Reg: 0.126084
Epoch [21/117], Total Loss: 1.6493, NLL: 1.6431, Masked: 2.2057, Reg: 0.122683
Epoch [22/117], Total Loss: 1.6489, NLL: 1.6427, Masked: 2.2077, Reg: 0.119455
Epoch [23/117], Total Loss: 1.6485, NLL: 1.6424, Masked: 2.2013, Reg: 0.116368
Epoch [24/117], Total Loss: 1.6483, NLL: 1.6421, Masked: 2.2033, Reg: 0.113377
Epoch [25/117], Total Loss: 1.6480, NLL: 1.6419, Masked: 2.2039, Reg: 0.110606
Epoch [26/117], Total Loss: 1.6478, NLL: 1.6417, Masked: 2.2022, Reg: 0.107994
Epoch [27/117], Total Loss: 1.6475, NLL: 1.6414, Masked: 2.1994, Reg: 0.105442
Epoch [28/117], Total Loss: 1.6474, NLL: 1.6413, Masked: 2.2009, Reg: 0.103013
Epoch [29/117], Total Loss: 1.6471, NLL: 1.6410, Masked: 2.2006, Reg: 0.100740
Epoch [30/117], Total Loss: 1.6469, NLL: 1.6408, Masked: 2.1988, Reg: 0.098541
Epoch [31/117], Total Loss: 1.6467, NLL: 1.6406, Masked: 2.1952, Reg: 0.096539
Epoch [32/117], Total Loss: 1.6465, NLL: 1.6404, Masked: 2.1972, Reg: 0.094618
Epoch [33/117], Total Loss: 1.6462, NLL: 1.6401, Masked: 2.1943, Reg: 0.092684
Epoch [34/117], Total Loss: 1.6458, NLL: 1.6397, Masked: 2.1929, Reg: 0.090929
Epoch [35/117], Total Loss: 1.6456, NLL: 1.6395, Masked: 2.1934, Reg: 0.089379
Epoch [36/117], Total Loss: 1.6446, NLL: 1.6385, Masked: 2.1906, Reg: 0.088042
Epoch [37/117], Total Loss: 1.6425, NLL: 1.6365, Masked: 2.1830, Reg: 0.087217
Epoch [38/117], Total Loss: 1.6371, NLL: 1.6310, Masked: 2.1678, Reg: 0.087250
Epoch [39/117], Total Loss: 1.6316, NLL: 1.6256, Masked: 2.1594, Reg: 0.087431
Epoch [40/117], Total Loss: 1.6287, NLL: 1.6227, Masked: 2.1553, Reg: 0.087117
Epoch [41/117], Total Loss: 1.6267, NLL: 1.6208, Masked: 2.1512, Reg: 0.086556
Epoch [42/117], Total Loss: 1.6254, NLL: 1.6194, Masked: 2.1495, Reg: 0.085862
Epoch [43/117], Total Loss: 1.6245, NLL: 1.6185, Masked: 2.1466, Reg: 0.085121
Epoch [44/117], Total Loss: 1.6235, NLL: 1.6176, Masked: 2.1460, Reg: 0.084257
Epoch [45/117], Total Loss: 1.6232, NLL: 1.6173, Masked: 2.1455, Reg: 0.083309
Epoch [46/117], Total Loss: 1.6227, NLL: 1.6168, Masked: 2.1411, Reg: 0.082348
Epoch [47/117], Total Loss: 1.6224, NLL: 1.6164, Masked: 2.1421, Reg: 0.081322
Epoch [48/117], Total Loss: 1.6221, NLL: 1.6162, Masked: 2.1375, Reg: 0.080318
Epoch [49/117], Total Loss: 1.6220, NLL: 1.6160, Masked: 2.1414, Reg: 0.079396
Epoch [50/117], Total Loss: 1.6217, NLL: 1.6158, Masked: 2.1395, Reg: 0.078440
Epoch [51/117], Total Loss: 1.6215, NLL: 1.6156, Masked: 2.1402, Reg: 0.077552
Epoch [52/117], Total Loss: 1.6213, NLL: 1.6154, Masked: 2.1381, Reg: 0.076703
Epoch [53/117], Total Loss: 1.6212, NLL: 1.6153, Masked: 2.1413, Reg: 0.075856
Epoch [54/117], Total Loss: 1.6211, NLL: 1.6152, Masked: 2.1351, Reg: 0.075093
Epoch [55/117], Total Loss: 1.6209, NLL: 1.6150, Masked: 2.1380, Reg: 0.074324
Epoch [56/117], Total Loss: 1.6207, NLL: 1.6147, Masked: 2.1362, Reg: 0.073657
Epoch [57/117], Total Loss: 1.6206, NLL: 1.6147, Masked: 2.1365, Reg: 0.072928
Epoch [58/117], Total Loss: 1.6207, NLL: 1.6148, Masked: 2.1357, Reg: 0.072232
Epoch [59/117], Total Loss: 1.6205, NLL: 1.6146, Masked: 2.1355, Reg: 0.071640
Epoch [60/117], Total Loss: 1.6202, NLL: 1.6143, Masked: 2.1365, Reg: 0.071161
Epoch [61/117], Total Loss: 1.6200, NLL: 1.6141, Masked: 2.1354, Reg: 0.070609
Epoch [62/117], Total Loss: 1.6198, NLL: 1.6139, Masked: 2.1346, Reg: 0.070207
Epoch [63/117], Total Loss: 1.6192, NLL: 1.6133, Masked: 2.1308, Reg: 0.069892
Epoch [64/117], Total Loss: 1.6184, NLL: 1.6125, Masked: 2.1290, Reg: 0.069733
Epoch [65/117], Total Loss: 1.6166, NLL: 1.6107, Masked: 2.1228, Reg: 0.069994
Epoch [66/117], Total Loss: 1.6142, NLL: 1.6083, Masked: 2.1150, Reg: 0.070585
Epoch [67/117], Total Loss: 1.6117, NLL: 1.6059, Masked: 2.1139, Reg: 0.071055
Epoch [68/117], Total Loss: 1.6099, NLL: 1.6040, Masked: 2.1076, Reg: 0.071437
Epoch [69/117], Total Loss: 1.6087, NLL: 1.6029, Masked: 2.1078, Reg: 0.071725
Epoch [70/117], Total Loss: 1.6079, NLL: 1.6020, Masked: 2.1070, Reg: 0.071970
Epoch [71/117], Total Loss: 1.6068, NLL: 1.6010, Masked: 2.1011, Reg: 0.072131
Epoch [72/117], Total Loss: 1.6062, NLL: 1.6003, Masked: 2.1013, Reg: 0.072292
Epoch [73/117], Total Loss: 1.6055, NLL: 1.5997, Masked: 2.1005, Reg: 0.072352
Epoch [74/117], Total Loss: 1.6050, NLL: 1.5992, Masked: 2.0987, Reg: 0.072309
Epoch [75/117], Total Loss: 1.6048, NLL: 1.5990, Masked: 2.0979, Reg: 0.072329
Epoch [76/117], Total Loss: 1.6044, NLL: 1.5986, Masked: 2.0980, Reg: 0.072304
Epoch [77/117], Total Loss: 1.6043, NLL: 1.5985, Masked: 2.0973, Reg: 0.072204
Epoch [78/117], Total Loss: 1.6040, NLL: 1.5982, Masked: 2.0966, Reg: 0.072123
Epoch [79/117], Total Loss: 1.6039, NLL: 1.5981, Masked: 2.0959, Reg: 0.072053
Epoch [80/117], Total Loss: 1.6038, NLL: 1.5980, Masked: 2.0962, Reg: 0.071958
Epoch [81/117], Total Loss: 1.6034, NLL: 1.5976, Masked: 2.0940, Reg: 0.071828
Epoch [82/117], Total Loss: 1.6036, NLL: 1.5978, Masked: 2.0963, Reg: 0.071770
Epoch [83/117], Total Loss: 1.6032, NLL: 1.5974, Masked: 2.0938, Reg: 0.071645
Epoch [84/117], Total Loss: 1.6033, NLL: 1.5975, Masked: 2.0941, Reg: 0.071550
Epoch [85/117], Total Loss: 1.6030, NLL: 1.5972, Masked: 2.0942, Reg: 0.071480
Epoch [86/117], Total Loss: 1.6030, NLL: 1.5972, Masked: 2.0945, Reg: 0.071389
Epoch [87/117], Total Loss: 1.6029, NLL: 1.5971, Masked: 2.0926, Reg: 0.071320
Epoch [88/117], Total Loss: 1.6029, NLL: 1.5971, Masked: 2.0943, Reg: 0.071168
Epoch [89/117], Total Loss: 1.6029, NLL: 1.5971, Masked: 2.0937, Reg: 0.071131
Epoch [90/117], Total Loss: 1.6027, NLL: 1.5969, Masked: 2.0944, Reg: 0.070993
Epoch [91/117], Total Loss: 1.6026, NLL: 1.5968, Masked: 2.0931, Reg: 0.070938
Epoch [92/117], Total Loss: 1.6025, NLL: 1.5967, Masked: 2.0912, Reg: 0.070834
Epoch [93/117], Total Loss: 1.6027, NLL: 1.5969, Masked: 2.0969, Reg: 0.070769
Epoch [94/117], Total Loss: 1.6025, NLL: 1.5966, Masked: 2.0942, Reg: 0.070692
Epoch [95/117], Total Loss: 1.6025, NLL: 1.5967, Masked: 2.0929, Reg: 0.070609
Epoch [96/117], Total Loss: 1.6023, NLL: 1.5965, Masked: 2.0948, Reg: 0.070523
Epoch [97/117], Total Loss: 1.6022, NLL: 1.5964, Masked: 2.0910, Reg: 0.070444
Epoch [98/117], Total Loss: 1.6024, NLL: 1.5965, Masked: 2.0921, Reg: 0.070349
Epoch [99/117], Total Loss: 1.6022, NLL: 1.5964, Masked: 2.0920, Reg: 0.070265
Epoch [100/117], Total Loss: 1.6024, NLL: 1.5966, Masked: 2.0926, Reg: 0.070217
Epoch [101/117], Total Loss: 1.6021, NLL: 1.5963, Masked: 2.0913, Reg: 0.070140
Epoch [102/117], Total Loss: 1.6022, NLL: 1.5964, Masked: 2.0909, Reg: 0.070012
Epoch [103/117], Total Loss: 1.6021, NLL: 1.5963, Masked: 2.0920, Reg: 0.069965
Epoch [104/117], Total Loss: 1.6021, NLL: 1.5963, Masked: 2.0925, Reg: 0.069913
Epoch [105/117], Total Loss: 1.6019, NLL: 1.5961, Masked: 2.0919, Reg: 0.069808
Epoch [106/117], Total Loss: 1.6020, NLL: 1.5962, Masked: 2.0918, Reg: 0.069734
Epoch [107/117], Total Loss: 1.6022, NLL: 1.5964, Masked: 2.0948, Reg: 0.069613
Epoch [108/117], Total Loss: 1.6018, NLL: 1.5960, Masked: 2.0910, Reg: 0.069633
Epoch [109/117], Total Loss: 1.6019, NLL: 1.5961, Masked: 2.0892, Reg: 0.069541
Epoch [110/117], Total Loss: 1.6021, NLL: 1.5963, Masked: 2.0924, Reg: 0.069494
Epoch [111/117], Total Loss: 1.6020, NLL: 1.5962, Masked: 2.0922, Reg: 0.069420
Epoch [112/117], Total Loss: 1.6020, NLL: 1.5962, Masked: 2.0882, Reg: 0.069323
Epoch [113/117], Total Loss: 1.6021, NLL: 1.5963, Masked: 2.0919, Reg: 0.069306
Epoch [114/117], Total Loss: 1.6017, NLL: 1.5959, Masked: 2.0903, Reg: 0.069238
Epoch [115/117], Total Loss: 1.6018, NLL: 1.5960, Masked: 2.0924, Reg: 0.069153
Epoch [116/117], Total Loss: 1.6016, NLL: 1.5958, Masked: 2.0905, Reg: 0.069128
Epoch [117/117], Total Loss: 1.6020, NLL: 1.5961, Masked: 2.0941, Reg: 0.069099

==================================================
EVALUATING ON TRAINING DATA
==================================================

==================================================
TEST RESULTS
==================================================
Total Loss: 1.594713
  - ZINB NLL: 1.589006
Total number of masked values: 459671
  - Number of values with pi >= 0.4024273291045296: 0
  - Number of values with pi < 0.4024273291045296: 459671
  - Masked Reconstruction: 2.055431
  - Regularization: 0.069060
Mean Absolute Error (MAE): 1.804879
R² Score: 0.552911
==================================================


==================================================
TEST RESULTS
==================================================
Total Loss: 1.647826
  - ZINB NLL: 1.641996
Total number of masked values: 165184
  - Number of values with pi >= 0.4024273291045296: 0
  - Number of values with pi < 0.4024273291045296: 165184
  - Masked Reconstruction: 2.099604
  - Regularization: 0.069060
Mean Absolute Error (MAE): 1.914567
R² Score: 0.459168
==================================================


>>> Optimizing zinb_nll on VALIDATION set: 1.641996
>>> Full validation metrics: {'total_loss': 1.6478263141437508, 'zinb_nll': 1.6419958840498978, 'mae': 1.914567232131958, 'r2': 0.45916783809661865, 'masked_loss': 2.0996035921505127, 'reg_loss': 0.06905996281632035}

Iteration No: 5 ended. Evaluation done at random point.
Time taken: 985.0294
Function value obtained: 1.6420
Current minimum: 1.6316
Iteration No: 6 started. Evaluating function at random point.

================================================================================
Trial with parameters:
  features: Nucl
  data_point_length: 2639
  step_size: 0.6724566789822879
  bin_size: 70
  sample_fraction: 0.3544985908044068
  moving_average: False
  first_layer_size_factor: 83
  num_layers: 2
  use_conv: False
  conv_channel: 83
  pool_size: 6
  kernel_size: 9
  epochs: 105
  batch_size: 32
  pi_threshold: 0.34219770393210824
  learning_rate: 0.0002342090710043416
  dropout_rate: 0.10922021860841682
  masked_recon_weight: 0.046348938420483286
  regularizer: none
  regularization_weight: 0.001863867977972393
================================================================================

Creating datasets with:
  features: ['Nucl']
  bin_size: 70
  moving_average: False
  data_point_length: 37 (from 2639)
  step_size: 24 (from fraction 0.6724566789822879)
  layers: [np.int64(1328), np.int64(664)] (first=1328, num=2)
  stride: 1 (fixed), padding: same (fixed)


Clipping outliers using 95th percentile * 1.5...
strain_yTW001: Clipping values above 134.25 (P95=89.50). Clipped 27529/1193409 values (2.31%)
strain_FD: Clipping values above 71.92 (P95=47.94). Clipped 95791/4127807 values (2.32%)
strain_dnrp: Clipping values above 243.00 (P95=162.00). Clipped 25649/1119454 values (2.29%)
strain_yEK19: Clipping values above 77.10 (P95=51.40). Clipped 83713/3893623 values (2.15%)
strain_yEK23: Clipping values above 72.00 (P95=48.00). Clipped 86381/3558407 values (2.43%)
strain_yWT03a: Clipping values above 15.00 (P95=10.00). Clipped 10602/347679 values (3.05%)
strain_yWT04a: Clipping values above 58.50 (P95=39.00). Clipped 21095/725406 values (2.91%)
strain_ylic137: Clipping values above 142.50 (P95=95.00). Clipped 28746/1112684 values (2.58%)
Standardizing features: ['Nucl']
Column order in final array (Dataset/Chrom split): ['Value', 'Nucleosome_Distance', 'Value_Raw', 'Size_Factor']
Removing 0 empty data points out of 39720
Column order in final array (Dataset/Chrom split): ['Value', 'Nucleosome_Distance', 'Value_Raw', 'Size_Factor']
Removing 0 empty data points out of 10600
Column order in final array (Dataset/Chrom split): ['Value', 'Nucleosome_Distance', 'Value_Raw', 'Size_Factor']
Removing 0 empty data points out of 7160
Datasets created:
  Train: (39720, 37, 4), Val: (10600, 37, 4), Test: (7160, 37, 4)

Randomly sampled 14080/39720 samples (35.4%)
Applied denoising with 15.0% masking
Applied denoising with 15.0% masking
Applied denoising with 15.0% masking
Epoch [1/105], Total Loss: 1.9739, NLL: 1.8342, Masked: 3.0127
Epoch [2/105], Total Loss: 1.7942, NLL: 1.7002, Masked: 2.0284
Epoch [3/105], Total Loss: 1.7485, NLL: 1.6591, Masked: 1.9277
Epoch [4/105], Total Loss: 1.7230, NLL: 1.6354, Masked: 1.8897
Epoch [5/105], Total Loss: 1.7084, NLL: 1.6231, Masked: 1.8418
Epoch [6/105], Total Loss: 1.6975, NLL: 1.6133, Masked: 1.8150
Epoch [7/105], Total Loss: 1.6934, NLL: 1.6099, Masked: 1.8026
Epoch [8/105], Total Loss: 1.6849, NLL: 1.6024, Masked: 1.7798
Epoch [9/105], Total Loss: 1.6766, NLL: 1.5957, Masked: 1.7455
Epoch [10/105], Total Loss: 1.6712, NLL: 1.5909, Masked: 1.7330
Epoch [11/105], Total Loss: 1.6646, NLL: 1.5853, Masked: 1.7110
Epoch [12/105], Total Loss: 1.6585, NLL: 1.5805, Masked: 1.6833
Epoch [13/105], Total Loss: 1.6547, NLL: 1.5778, Masked: 1.6591
Epoch [14/105], Total Loss: 1.6497, NLL: 1.5737, Masked: 1.6386
Epoch [15/105], Total Loss: 1.6468, NLL: 1.5712, Masked: 1.6311
Epoch [16/105], Total Loss: 1.6396, NLL: 1.5658, Masked: 1.5918
Epoch [17/105], Total Loss: 1.6341, NLL: 1.5600, Masked: 1.5991
Epoch [18/105], Total Loss: 1.6300, NLL: 1.5564, Masked: 1.5876
Epoch [19/105], Total Loss: 1.6297, NLL: 1.5570, Masked: 1.5688
Epoch [20/105], Total Loss: 1.6209, NLL: 1.5495, Masked: 1.5423
Epoch [21/105], Total Loss: 1.6186, NLL: 1.5476, Masked: 1.5318
Epoch [22/105], Total Loss: 1.6179, NLL: 1.5469, Masked: 1.5320
Epoch [23/105], Total Loss: 1.6135, NLL: 1.5438, Masked: 1.5046
Epoch [24/105], Total Loss: 1.6104, NLL: 1.5404, Masked: 1.5110
Epoch [25/105], Total Loss: 1.6057, NLL: 1.5366, Masked: 1.4911
Epoch [26/105], Total Loss: 1.6003, NLL: 1.5319, Masked: 1.4775
Epoch [27/105], Total Loss: 1.5935, NLL: 1.5255, Masked: 1.4675
Epoch [28/105], Total Loss: 1.5866, NLL: 1.5187, Masked: 1.4642
Epoch [29/105], Total Loss: 1.5814, NLL: 1.5143, Masked: 1.4487
Epoch [30/105], Total Loss: 1.5745, NLL: 1.5076, Masked: 1.4431
Epoch [31/105], Total Loss: 1.5729, NLL: 1.5057, Masked: 1.4487
Epoch [32/105], Total Loss: 1.5635, NLL: 1.4978, Masked: 1.4162
Epoch [33/105], Total Loss: 1.5587, NLL: 1.4933, Masked: 1.4113
Epoch [34/105], Total Loss: 1.5524, NLL: 1.4876, Masked: 1.3986
Epoch [35/105], Total Loss: 1.5504, NLL: 1.4853, Masked: 1.4037
Epoch [36/105], Total Loss: 1.5489, NLL: 1.4839, Masked: 1.4008
Epoch [37/105], Total Loss: 1.5403, NLL: 1.4765, Masked: 1.3766
Epoch [38/105], Total Loss: 1.5380, NLL: 1.4744, Masked: 1.3712
Epoch [39/105], Total Loss: 1.5315, NLL: 1.4686, Masked: 1.3570
Epoch [40/105], Total Loss: 1.5261, NLL: 1.4636, Masked: 1.3483
Epoch [41/105], Total Loss: 1.5207, NLL: 1.4584, Masked: 1.3431
Epoch [42/105], Total Loss: 1.5156, NLL: 1.4536, Masked: 1.3386
Epoch [43/105], Total Loss: 1.5118, NLL: 1.4503, Masked: 1.3264
Epoch [44/105], Total Loss: 1.5095, NLL: 1.4485, Masked: 1.3153
Epoch [45/105], Total Loss: 1.5061, NLL: 1.4459, Masked: 1.3005
Epoch [46/105], Total Loss: 1.5039, NLL: 1.4438, Masked: 1.2966
Epoch [47/105], Total Loss: 1.5031, NLL: 1.4432, Masked: 1.2919
Epoch [48/105], Total Loss: 1.4989, NLL: 1.4391, Masked: 1.2913
Epoch [49/105], Total Loss: 1.4956, NLL: 1.4365, Masked: 1.2745
Epoch [50/105], Total Loss: 1.4888, NLL: 1.4302, Masked: 1.2655
Epoch [51/105], Total Loss: 1.4858, NLL: 1.4275, Masked: 1.2585
Epoch [52/105], Total Loss: 1.4832, NLL: 1.4250, Masked: 1.2556
Epoch [53/105], Total Loss: 1.4783, NLL: 1.4208, Masked: 1.2409
Epoch [54/105], Total Loss: 1.4734, NLL: 1.4161, Masked: 1.2345
Epoch [55/105], Total Loss: 1.4679, NLL: 1.4108, Masked: 1.2321
Epoch [56/105], Total Loss: 1.4666, NLL: 1.4096, Masked: 1.2282
Epoch [57/105], Total Loss: 1.4635, NLL: 1.4073, Masked: 1.2125
Epoch [58/105], Total Loss: 1.4611, NLL: 1.4054, Masked: 1.2028
Epoch [59/105], Total Loss: 1.4598, NLL: 1.4039, Masked: 1.2042
Epoch [60/105], Total Loss: 1.4568, NLL: 1.4018, Masked: 1.1873
Epoch [61/105], Total Loss: 1.4568, NLL: 1.4016, Masked: 1.1903
Epoch [62/105], Total Loss: 1.4503, NLL: 1.3955, Masked: 1.1825
Epoch [63/105], Total Loss: 1.4489, NLL: 1.3944, Masked: 1.1757
Epoch [64/105], Total Loss: 1.4466, NLL: 1.3923, Masked: 1.1722
Epoch [65/105], Total Loss: 1.4445, NLL: 1.3907, Masked: 1.1607
Epoch [66/105], Total Loss: 1.4452, NLL: 1.3912, Masked: 1.1647
Epoch [67/105], Total Loss: 1.4418, NLL: 1.3883, Masked: 1.1543
Epoch [68/105], Total Loss: 1.4407, NLL: 1.3874, Masked: 1.1501
Epoch [69/105], Total Loss: 1.4378, NLL: 1.3851, Masked: 1.1372
Epoch [70/105], Total Loss: 1.4360, NLL: 1.3833, Masked: 1.1383
Epoch [71/105], Total Loss: 1.4305, NLL: 1.3784, Masked: 1.1229
Epoch [72/105], Total Loss: 1.4308, NLL: 1.3785, Masked: 1.1285
Epoch [73/105], Total Loss: 1.4287, NLL: 1.3767, Masked: 1.1228
Epoch [74/105], Total Loss: 1.4268, NLL: 1.3751, Masked: 1.1163
Epoch [75/105], Total Loss: 1.4227, NLL: 1.3713, Masked: 1.1092
Epoch [76/105], Total Loss: 1.4210, NLL: 1.3695, Masked: 1.1117
Epoch [77/105], Total Loss: 1.4194, NLL: 1.3679, Masked: 1.1107
Epoch [78/105], Total Loss: 1.4162, NLL: 1.3654, Masked: 1.0957
Epoch [79/105], Total Loss: 1.4120, NLL: 1.3612, Masked: 1.0955
Epoch [80/105], Total Loss: 1.4099, NLL: 1.3589, Masked: 1.0995
Epoch [81/105], Total Loss: 1.4078, NLL: 1.3573, Masked: 1.0896
Epoch [82/105], Total Loss: 1.4034, NLL: 1.3532, Masked: 1.0827
Epoch [83/105], Total Loss: 1.4005, NLL: 1.3502, Masked: 1.0852
Epoch [84/105], Total Loss: 1.3985, NLL: 1.3486, Masked: 1.0780
Epoch [85/105], Total Loss: 1.3982, NLL: 1.3482, Masked: 1.0785
Epoch [86/105], Total Loss: 1.3949, NLL: 1.3452, Masked: 1.0725
Epoch [87/105], Total Loss: 1.3903, NLL: 1.3405, Masked: 1.0735
Epoch [88/105], Total Loss: 1.3882, NLL: 1.3390, Masked: 1.0615
Epoch [89/105], Total Loss: 1.3860, NLL: 1.3372, Masked: 1.0539
Epoch [90/105], Total Loss: 1.3861, NLL: 1.3370, Masked: 1.0584
Epoch [91/105], Total Loss: 1.3847, NLL: 1.3357, Masked: 1.0567
Epoch [92/105], Total Loss: 1.3827, NLL: 1.3343, Masked: 1.0461
Epoch [93/105], Total Loss: 1.3788, NLL: 1.3300, Masked: 1.0545
Epoch [94/105], Total Loss: 1.3760, NLL: 1.3276, Masked: 1.0458
Epoch [95/105], Total Loss: 1.3739, NLL: 1.3259, Masked: 1.0364
Epoch [96/105], Total Loss: 1.3749, NLL: 1.3267, Masked: 1.0391
Epoch [97/105], Total Loss: 1.3725, NLL: 1.3246, Masked: 1.0324
Epoch [98/105], Total Loss: 1.3725, NLL: 1.3244, Masked: 1.0381
Epoch [99/105], Total Loss: 1.3704, NLL: 1.3227, Masked: 1.0283
Epoch [100/105], Total Loss: 1.3697, NLL: 1.3221, Masked: 1.0264
Epoch [101/105], Total Loss: 1.3688, NLL: 1.3212, Masked: 1.0269
Epoch [102/105], Total Loss: 1.3631, NLL: 1.3158, Masked: 1.0187
Epoch [103/105], Total Loss: 1.3612, NLL: 1.3140, Masked: 1.0197
Epoch [104/105], Total Loss: 1.3608, NLL: 1.3137, Masked: 1.0182
Epoch [105/105], Total Loss: 1.3582, NLL: 1.3116, Masked: 1.0069

==================================================
EVALUATING ON TRAINING DATA
==================================================

==================================================
TEST RESULTS
==================================================
Total Loss: 1.322342
  - ZINB NLL: 1.281603
Total number of masked values: 61923
  - Number of values with pi >= 0.34219770393210824: 0
  - Number of values with pi < 0.34219770393210824: 61923
  - Masked Reconstruction: 0.878972
Mean Absolute Error (MAE): 0.846990
R² Score: 0.910952
==================================================


==================================================
TEST RESULTS
==================================================
Total Loss: 1.624039
  - ZINB NLL: 1.538415
Total number of masked values: 47146
  - Number of values with pi >= 0.34219770393210824: 0
  - Number of values with pi < 0.34219770393210824: 47146
  - Masked Reconstruction: 1.847371
Mean Absolute Error (MAE): 1.311439
R² Score: 0.713234
==================================================


>>> Optimizing zinb_nll on VALIDATION set: 1.538415
>>> Full validation metrics: {'total_loss': 1.624038939026167, 'zinb_nll': 1.5384152517678602, 'mae': 1.3114392757415771, 'r2': 0.7132339477539062, 'masked_loss': 1.8473711455543087}

Iteration No: 6 ended. Evaluation done at random point.
Time taken: 207.0833
Function value obtained: 1.5384
Current minimum: 1.5384
Iteration No: 7 started. Evaluating function at random point.

================================================================================
Trial with parameters:
  features: Centr_Nucl
  data_point_length: 2103
  step_size: 0.9301213311593157
  bin_size: 28
  sample_fraction: 0.7357675904060218
  moving_average: True
  first_layer_size_factor: 55
  num_layers: 2
  use_conv: True
  conv_channel: 76
  pool_size: 5
  kernel_size: 7
  epochs: 62
  batch_size: 32
  pi_threshold: 0.3673164168691722
  learning_rate: 4.532028775764877e-05
  dropout_rate: 0.27905100100867064
  masked_recon_weight: 0.0412424716207243
  regularizer: l1
  regularization_weight: 0.0005989738984998036
================================================================================

Creating datasets with:
  features: ['Centr', 'Nucl']
  bin_size: 28
  moving_average: True
  data_point_length: 2103 (from 2103)
  step_size: 1956 (from fraction 0.9301213311593157)
  layers: [np.int64(880), np.int64(440)] (first=880, num=2)
  stride: 1 (fixed), padding: same (fixed)


Clipping outliers using 95th percentile * 1.5...
strain_yTW001: Clipping values above 134.25 (P95=89.50). Clipped 27529/1193409 values (2.31%)
strain_FD: Clipping values above 71.92 (P95=47.94). Clipped 95791/4127807 values (2.32%)
strain_dnrp: Clipping values above 243.00 (P95=162.00). Clipped 25649/1119454 values (2.29%)
strain_yEK19: Clipping values above 77.10 (P95=51.40). Clipped 83713/3893623 values (2.15%)
strain_yEK23: Clipping values above 72.00 (P95=48.00). Clipped 86381/3558407 values (2.43%)
strain_yWT03a: Clipping values above 15.00 (P95=10.00). Clipped 10602/347679 values (3.05%)
strain_yWT04a: Clipping values above 58.50 (P95=39.00). Clipped 21095/725406 values (2.91%)
strain_ylic137: Clipping values above 142.50 (P95=95.00). Clipped 28746/1112684 values (2.58%)
Standardizing features: ['Centr', 'Nucl']
Column order in final array (Dataset/Chrom split): ['Value', 'Nucleosome_Distance', 'Centromere_Distance', 'Value_Raw', 'Size_Factor']
Removing 0 empty data points out of 34144
Column order in final array (Dataset/Chrom split): ['Value', 'Nucleosome_Distance', 'Centromere_Distance', 'Value_Raw', 'Size_Factor']
Removing 0 empty data points out of 9112
Column order in final array (Dataset/Chrom split): ['Value', 'Nucleosome_Distance', 'Centromere_Distance', 'Value_Raw', 'Size_Factor']
Removing 0 empty data points out of 6160
Datasets created:
  Train: (34144, 2103, 5), Val: (9112, 2103, 5), Test: (6160, 2103, 5)

Randomly sampled 25122/34144 samples (73.6%)
Applied denoising with 15.0% masking
Applied denoising with 15.0% masking
Applied denoising with 15.0% masking
Epoch [1/62], Total Loss: 13.3992, NLL: 2.9785, Masked: 28.5140, Reg: 9.244774
Epoch [2/62], Total Loss: 6.8237, NLL: 2.9625, Masked: 27.8373, Reg: 2.713096
Epoch [3/62], Total Loss: 6.7021, NLL: 2.9472, Masked: 27.2069, Reg: 2.632860
Epoch [4/62], Total Loss: 6.6263, NLL: 2.9325, Masked: 26.5754, Reg: 2.597785
Epoch [5/62], Total Loss: 6.5578, NLL: 2.9183, Masked: 25.9929, Reg: 2.567482
Epoch [6/62], Total Loss: 6.4957, NLL: 2.9045, Masked: 25.4321, Reg: 2.542325
Epoch [7/62], Total Loss: 6.4390, NLL: 2.8912, Masked: 24.8832, Reg: 2.521539
Epoch [8/62], Total Loss: 6.3854, NLL: 2.8786, Masked: 24.3744, Reg: 2.501529
Epoch [9/62], Total Loss: 6.3323, NLL: 2.8663, Masked: 23.8808, Reg: 2.481055
Epoch [10/62], Total Loss: 6.2802, NLL: 2.8547, Masked: 23.4153, Reg: 2.459722
Epoch [11/62], Total Loss: 6.2289, NLL: 2.8435, Masked: 22.9707, Reg: 2.438055
Epoch [12/62], Total Loss: 6.1781, NLL: 2.8329, Masked: 22.5451, Reg: 2.415461
Epoch [13/62], Total Loss: 6.1284, NLL: 2.8227, Masked: 22.1475, Reg: 2.392254
Epoch [14/62], Total Loss: 6.0790, NLL: 2.8131, Masked: 21.7594, Reg: 2.368446
Epoch [15/62], Total Loss: 6.0302, NLL: 2.8042, Masked: 21.3981, Reg: 2.343546
Epoch [16/62], Total Loss: 5.9820, NLL: 2.7957, Masked: 21.0500, Reg: 2.318173
Epoch [17/62], Total Loss: 5.9349, NLL: 2.7879, Masked: 20.7378, Reg: 2.291670
Epoch [18/62], Total Loss: 5.8878, NLL: 2.7804, Masked: 20.4259, Reg: 2.264974
Epoch [19/62], Total Loss: 5.8415, NLL: 2.7737, Masked: 20.1415, Reg: 2.237098
Epoch [20/62], Total Loss: 5.7955, NLL: 2.7675, Masked: 19.8660, Reg: 2.208675
Epoch [21/62], Total Loss: 5.7500, NLL: 2.7619, Masked: 19.6132, Reg: 2.179219
Epoch [22/62], Total Loss: 5.7052, NLL: 2.7568, Masked: 19.3804, Reg: 2.149097
Epoch [23/62], Total Loss: 5.6606, NLL: 2.7523, Masked: 19.1553, Reg: 2.118229
Epoch [24/62], Total Loss: 5.6164, NLL: 2.7483, Masked: 18.9457, Reg: 2.086758
Epoch [25/62], Total Loss: 5.5723, NLL: 2.7449, Masked: 18.7447, Reg: 2.054385
Epoch [26/62], Total Loss: 5.5290, NLL: 2.7420, Masked: 18.5667, Reg: 2.021276
Epoch [27/62], Total Loss: 5.4860, NLL: 2.7396, Masked: 18.3997, Reg: 1.987596
Epoch [28/62], Total Loss: 5.4433, NLL: 2.7377, Masked: 18.2416, Reg: 1.953324
Epoch [29/62], Total Loss: 5.4010, NLL: 2.7363, Masked: 18.0976, Reg: 1.918254
Epoch [30/62], Total Loss: 5.3590, NLL: 2.7354, Masked: 17.9631, Reg: 1.882694
Epoch [31/62], Total Loss: 5.3173, NLL: 2.7352, Masked: 17.8475, Reg: 1.846011
Epoch [32/62], Total Loss: 5.2756, NLL: 2.7353, Masked: 17.7242, Reg: 1.809241
Epoch [33/62], Total Loss: 5.2344, NLL: 2.7358, Masked: 17.6160, Reg: 1.772012
Epoch [34/62], Total Loss: 5.1936, NLL: 2.7369, Masked: 17.5200, Reg: 1.734112
Epoch [35/62], Total Loss: 5.1529, NLL: 2.7383, Masked: 17.4292, Reg: 1.695777
Epoch [36/62], Total Loss: 5.1126, NLL: 2.7402, Masked: 17.3444, Reg: 1.657070
Epoch [37/62], Total Loss: 5.0724, NLL: 2.7427, Masked: 17.2694, Reg: 1.617407
Epoch [38/62], Total Loss: 5.0326, NLL: 2.7454, Masked: 17.1958, Reg: 1.578052
Epoch [39/62], Total Loss: 4.9932, NLL: 2.7486, Masked: 17.1371, Reg: 1.537891
Epoch [40/62], Total Loss: 4.9540, NLL: 2.7522, Masked: 17.0796, Reg: 1.497461
Epoch [41/62], Total Loss: 4.9149, NLL: 2.7561, Masked: 17.0211, Reg: 1.456852
Epoch [42/62], Total Loss: 4.3555, NLL: 2.7711, Masked: 4.6791, Reg: 1.391379
Epoch [43/62], Total Loss: 4.2138, NLL: 2.8009, Masked: 2.9005, Reg: 1.293220
Epoch [44/62], Total Loss: 4.1489, NLL: 2.8286, Masked: 2.8987, Reg: 1.200737
Epoch [45/62], Total Loss: 4.0857, NLL: 2.8557, Masked: 2.8995, Reg: 1.110440
Epoch [46/62], Total Loss: 4.0235, NLL: 2.8829, Masked: 2.9020, Reg: 1.020922
Epoch [47/62], Total Loss: 3.9617, NLL: 2.9102, Masked: 2.9015, Reg: 0.931837
Epoch [48/62], Total Loss: 3.9005, NLL: 2.9379, Masked: 2.9001, Reg: 0.842983
Epoch [49/62], Total Loss: 3.8397, NLL: 2.9659, Masked: 2.9024, Reg: 0.754168
Epoch [50/62], Total Loss: 3.7794, NLL: 2.9943, Masked: 2.9037, Reg: 0.665335
Epoch [51/62], Total Loss: 3.7193, NLL: 3.0231, Masked: 2.9014, Reg: 0.576576
Epoch [52/62], Total Loss: 3.6598, NLL: 3.0522, Masked: 2.9016, Reg: 0.487917
Epoch [53/62], Total Loss: 3.6006, NLL: 3.0818, Masked: 2.9026, Reg: 0.399145
Epoch [54/62], Total Loss: 3.5418, NLL: 3.1117, Masked: 2.9005, Reg: 0.310469
Epoch [55/62], Total Loss: 3.4851, NLL: 3.1403, Masked: 2.9010, Reg: 0.225141
Epoch [56/62], Total Loss: 3.4408, NLL: 3.1582, Masked: 2.8999, Reg: 0.163054
Epoch [57/62], Total Loss: 3.4091, NLL: 3.1672, Masked: 2.9015, Reg: 0.122190
Epoch [58/62], Total Loss: 3.4038, NLL: 3.1687, Masked: 2.9011, Reg: 0.115417
Epoch [59/62], Total Loss: 3.4037, NLL: 3.1687, Masked: 2.9006, Reg: 0.115411
Epoch [60/62], Total Loss: 3.4037, NLL: 3.1687, Masked: 2.9008, Reg: 0.115407
Epoch [61/62], Total Loss: 3.4038, NLL: 3.1687, Masked: 2.9016, Reg: 0.115406
Epoch [62/62], Total Loss: 3.4037, NLL: 3.1687, Masked: 2.9002, Reg: 0.115404

==================================================
EVALUATING ON TRAINING DATA
==================================================

==================================================
TEST RESULTS
==================================================
Total Loss: 3.403737
  - ZINB NLL: 3.168704
Total number of masked values: 5912434
  - Number of values with pi >= 0.3673164168691722: 5912434
  - Number of values with pi < 0.3673164168691722: 0
  - Masked Reconstruction: 2.900798
  - Regularization: 0.115396
Mean Absolute Error (MAE): 2.173671
R² Score: -0.188805
==================================================


==================================================
TEST RESULTS
==================================================
Total Loss: 3.429740
  - ZINB NLL: 3.199336
Total number of masked values: 2172217
  - Number of values with pi >= 0.3673164168691722: 2172217
  - Number of values with pi < 0.3673164168691722: 0
  - Masked Reconstruction: 2.788568
  - Regularization: 0.115396
Mean Absolute Error (MAE): 2.304515
R² Score: -0.213755
==================================================


>>> Optimizing zinb_nll on VALIDATION set: 3.199336
>>> Full validation metrics: {'total_loss': 3.4297402143687714, 'zinb_nll': 3.1993364094641255, 'mae': 2.3045153617858887, 'r2': -0.21375524997711182, 'masked_loss': 2.7885677305306125, 'reg_loss': 0.11539636674019267}

Iteration No: 7 ended. Evaluation done at random point.
Time taken: 1167.8746
Function value obtained: 3.1993
Current minimum: 1.5384
Iteration No: 8 started. Evaluating function at random point.

================================================================================
Trial with parameters:
  features: Centr_Nucl
  data_point_length: 3633
  step_size: 0.7842029424433317
  bin_size: 16
  sample_fraction: 0.9983053637867065
  moving_average: True
  first_layer_size_factor: 147
  num_layers: 3
  use_conv: True
  conv_channel: 55
  pool_size: 6
  kernel_size: 7
  epochs: 94
  batch_size: 64
  pi_threshold: 0.5211572356285312
  learning_rate: 0.0005999156225282401
  dropout_rate: 0.04042666316635763
  masked_recon_weight: 0.030103557686746284
  regularizer: l1
  regularization_weight: 4.187726350111482
================================================================================

Creating datasets with:
  features: ['Centr', 'Nucl']
  bin_size: 16
  moving_average: True
  data_point_length: 3633 (from 3633)
  step_size: 2849 (from fraction 0.7842029424433317)
  layers: [np.int64(2352), np.int64(1176), np.int64(588)] (first=2352, num=3)
  stride: 1 (fixed), padding: same (fixed)


Clipping outliers using 95th percentile * 1.5...
strain_yTW001: Clipping values above 134.25 (P95=89.50). Clipped 27529/1193409 values (2.31%)
strain_FD: Clipping values above 71.92 (P95=47.94). Clipped 95791/4127807 values (2.32%)
strain_dnrp: Clipping values above 243.00 (P95=162.00). Clipped 25649/1119454 values (2.29%)
strain_yEK19: Clipping values above 77.10 (P95=51.40). Clipped 83713/3893623 values (2.15%)
strain_yEK23: Clipping values above 72.00 (P95=48.00). Clipped 86381/3558407 values (2.43%)
strain_yWT03a: Clipping values above 15.00 (P95=10.00). Clipped 10602/347679 values (3.05%)
strain_yWT04a: Clipping values above 58.50 (P95=39.00). Clipped 21095/725406 values (2.91%)
strain_ylic137: Clipping values above 142.50 (P95=95.00). Clipped 28746/1112684 values (2.58%)
Standardizing features: ['Centr', 'Nucl']
Column order in final array (Dataset/Chrom split): ['Value', 'Nucleosome_Distance', 'Centromere_Distance', 'Value_Raw', 'Size_Factor']
Removing 0 empty data points out of 23448
Column order in final array (Dataset/Chrom split): ['Value', 'Nucleosome_Distance', 'Centromere_Distance', 'Value_Raw', 'Size_Factor']
Removing 0 empty data points out of 6256
Column order in final array (Dataset/Chrom split): ['Value', 'Nucleosome_Distance', 'Centromere_Distance', 'Value_Raw', 'Size_Factor']
Removing 0 empty data points out of 4232
Datasets created:
  Train: (23448, 3633, 5), Val: (6256, 3633, 5), Test: (4232, 3633, 5)

Randomly sampled 23408/23448 samples (99.8%)
Applied denoising with 15.0% masking
Applied denoising with 15.0% masking
Applied denoising with 15.0% masking
Epoch [1/94], Total Loss: 101811.1656, NLL: 2.8363, Masked: 29.8158, Reg: 101807.427895
Epoch [2/94], Total Loss: 62301.5441, NLL: 2.8163, Masked: 29.8224, Reg: 62297.827755
Epoch [3/94], Total Loss: 58946.8988, NLL: 2.7996, Masked: 29.8086, Reg: 58943.199670
Epoch [4/94], Total Loss: 55612.5340, NLL: 2.7876, Masked: 29.8161, Reg: 55608.846738
Epoch [5/94], Total Loss: 52276.2408, NLL: 2.7815, Masked: 29.8233, Reg: 52272.559621
Epoch [6/94], Total Loss: 48931.3383, NLL: 2.7822, Masked: 29.8258, Reg: 48927.656549
Epoch [7/94], Total Loss: 45594.7646, NLL: 2.7913, Masked: 29.8212, Reg: 45591.074004
Epoch [8/94], Total Loss: 42246.5320, NLL: 2.8096, Masked: 29.8209, Reg: 42242.823299
Epoch [9/94], Total Loss: 38902.7344, NLL: 2.8372, Masked: 29.8230, Reg: 38898.998134
Epoch [10/94], Total Loss: 36888.3949, NLL: 2.8586, Masked: 29.8224, Reg: 36884.637226
Epoch [11/94], Total Loss: 36862.7027, NLL: 2.8589, Masked: 29.8238, Reg: 36858.944857
Epoch [12/94], Total Loss: 36869.2668, NLL: 2.8589, Masked: 29.8210, Reg: 36865.508901
Epoch [13/94], Total Loss: 36865.5940, NLL: 2.8589, Masked: 29.8139, Reg: 36861.836249
Epoch [14/94], Total Loss: 36852.4614, NLL: 2.8589, Masked: 29.8337, Reg: 36848.703339
Epoch [15/94], Total Loss: 36857.2711, NLL: 2.8589, Masked: 29.8264, Reg: 36853.513131
Epoch [16/94], Total Loss: 36871.4973, NLL: 2.8589, Masked: 29.8221, Reg: 36867.739255
Epoch [17/94], Total Loss: 36863.9179, NLL: 2.8589, Masked: 29.8299, Reg: 36860.159836
Epoch [18/94], Total Loss: 36848.1133, NLL: 2.8589, Masked: 29.8140, Reg: 36844.355487
Epoch [19/94], Total Loss: 36865.7274, NLL: 2.8589, Masked: 29.8218, Reg: 36861.969592
Epoch [20/94], Total Loss: 36854.1635, NLL: 2.8589, Masked: 29.8200, Reg: 36850.405603
Epoch [21/94], Total Loss: 36859.4206, NLL: 2.8589, Masked: 29.8286, Reg: 36855.662445
Epoch [22/94], Total Loss: 36862.9939, NLL: 2.8589, Masked: 29.8144, Reg: 36859.236235
Epoch [23/94], Total Loss: 36853.0667, NLL: 2.8589, Masked: 29.8164, Reg: 36849.309018
Epoch [24/94], Total Loss: 36846.6200, NLL: 2.8589, Masked: 29.8346, Reg: 36842.861799
Epoch [25/94], Total Loss: 36852.8608, NLL: 2.8589, Masked: 29.8301, Reg: 36849.102580
Epoch [26/94], Total Loss: 36858.7050, NLL: 2.8589, Masked: 29.8240, Reg: 36854.946917
Epoch [27/94], Total Loss: 36851.9624, NLL: 2.8589, Masked: 29.8117, Reg: 36848.204749
Epoch [28/94], Total Loss: 36842.8620, NLL: 2.8589, Masked: 29.8223, Reg: 36839.104091
Epoch [29/94], Total Loss: 36852.8895, NLL: 2.8589, Masked: 29.8220, Reg: 36849.131657
Epoch [30/94], Total Loss: 36848.4551, NLL: 2.8589, Masked: 29.8269, Reg: 36844.697013
Epoch [31/94], Total Loss: 36851.6070, NLL: 2.8588, Masked: 29.8153, Reg: 36847.849283
Epoch [32/94], Total Loss: 36851.0150, NLL: 2.8588, Masked: 29.8209, Reg: 36847.257141
Epoch [33/94], Total Loss: 36847.1743, NLL: 2.8589, Masked: 29.8237, Reg: 36843.416254
Epoch [34/94], Total Loss: 36840.5738, NLL: 2.8589, Masked: 29.8206, Reg: 36836.815960
Epoch [35/94], Total Loss: 36842.2376, NLL: 2.8589, Masked: 29.8212, Reg: 36838.479646
Epoch [36/94], Total Loss: 36854.0616, NLL: 2.8589, Masked: 29.8170, Reg: 36850.303806
Epoch [37/94], Total Loss: 36845.0993, NLL: 2.8589, Masked: 29.8264, Reg: 36841.341377
Epoch [38/94], Total Loss: 36836.1266, NLL: 2.8589, Masked: 29.8162, Reg: 36832.368768
Epoch [39/94], Total Loss: 36835.2633, NLL: 2.8589, Masked: 29.8252, Reg: 36831.505289
Epoch [40/94], Total Loss: 36839.5528, NLL: 2.8589, Masked: 29.8244, Reg: 36835.794656
Epoch [41/94], Total Loss: 36840.8204, NLL: 2.8589, Masked: 29.8227, Reg: 36837.062380
Epoch [42/94], Total Loss: 36838.6163, NLL: 2.8589, Masked: 29.8257, Reg: 36834.858087
Epoch [43/94], Total Loss: 36837.3562, NLL: 2.8589, Masked: 29.8158, Reg: 36833.598523
Epoch [44/94], Total Loss: 36834.5658, NLL: 2.8589, Masked: 29.8274, Reg: 36830.807894
Epoch [45/94], Total Loss: 36829.1853, NLL: 2.8589, Masked: 29.8135, Reg: 36825.427610
Epoch [46/94], Total Loss: 36837.1369, NLL: 2.8589, Masked: 29.8188, Reg: 36833.378918
Epoch [47/94], Total Loss: 36842.3354, NLL: 2.8589, Masked: 29.8170, Reg: 36838.577614
Epoch [48/94], Total Loss: 36825.7753, NLL: 2.8589, Masked: 29.8262, Reg: 36822.017301
Epoch [49/94], Total Loss: 36832.7121, NLL: 2.8589, Masked: 29.8162, Reg: 36828.954371
Epoch [50/94], Total Loss: 36826.4162, NLL: 2.8589, Masked: 29.8219, Reg: 36822.658232
Epoch [51/94], Total Loss: 36833.2057, NLL: 2.8589, Masked: 29.8143, Reg: 36829.448109
Epoch [52/94], Total Loss: 36832.9506, NLL: 2.8589, Masked: 29.8179, Reg: 36829.192710
Epoch [53/94], Total Loss: 36819.9034, NLL: 2.8589, Masked: 29.8184, Reg: 36816.145499
Epoch [54/94], Total Loss: 36826.9249, NLL: 2.8589, Masked: 29.8139, Reg: 36823.167218
Epoch [55/94], Total Loss: 36826.5870, NLL: 2.8589, Masked: 29.8179, Reg: 36822.829164
Epoch [56/94], Total Loss: 36825.7237, NLL: 2.8589, Masked: 29.8329, Reg: 36821.965592
Epoch [57/94], Total Loss: 36831.5333, NLL: 2.8589, Masked: 29.8212, Reg: 36827.775441
Epoch [58/94], Total Loss: 36819.2735, NLL: 2.8588, Masked: 29.8175, Reg: 36815.515749
Epoch [59/94], Total Loss: 36821.7069, NLL: 2.8588, Masked: 29.8219, Reg: 36817.949066
Epoch [60/94], Total Loss: 36820.1374, NLL: 2.8588, Masked: 29.8204, Reg: 36816.379502
Epoch [61/94], Total Loss: 36833.4129, NLL: 2.8588, Masked: 29.8192, Reg: 36829.655209
Epoch [62/94], Total Loss: 36819.4363, NLL: 2.8588, Masked: 29.8295, Reg: 36815.678054
Epoch [63/94], Total Loss: 36812.9926, NLL: 2.8589, Masked: 29.8194, Reg: 36809.234875
Epoch [64/94], Total Loss: 36825.1275, NLL: 2.8589, Masked: 29.8212, Reg: 36821.369663
Epoch [65/94], Total Loss: 36816.8330, NLL: 2.8589, Masked: 29.8274, Reg: 36813.075021
Epoch [66/94], Total Loss: 36817.0446, NLL: 2.8589, Masked: 29.8228, Reg: 36813.286591
Epoch [67/94], Total Loss: 36822.8402, NLL: 2.8589, Masked: 29.8174, Reg: 36819.082500
Epoch [68/94], Total Loss: 36815.2602, NLL: 2.8589, Masked: 29.8145, Reg: 36811.502488
Epoch [69/94], Total Loss: 36809.5895, NLL: 2.8589, Masked: 29.8253, Reg: 36805.831467
Epoch [70/94], Total Loss: 36813.8890, NLL: 2.8589, Masked: 29.8182, Reg: 36810.131230
Epoch [71/94], Total Loss: 36819.1498, NLL: 2.8589, Masked: 29.8250, Reg: 36815.391874
Epoch [72/94], Total Loss: 36817.1135, NLL: 2.8589, Masked: 29.8218, Reg: 36813.355337
Epoch [73/94], Total Loss: 36813.0152, NLL: 2.8589, Masked: 29.8276, Reg: 36809.256994
Epoch [74/94], Total Loss: 36804.9969, NLL: 2.8589, Masked: 29.8138, Reg: 36801.239225
Epoch [75/94], Total Loss: 36812.1074, NLL: 2.8589, Masked: 29.8183, Reg: 36808.349458
Epoch [76/94], Total Loss: 36817.6339, NLL: 2.8589, Masked: 29.8208, Reg: 36813.876069
Epoch [77/94], Total Loss: 36814.2205, NLL: 2.8589, Masked: 29.8172, Reg: 36810.462698
Epoch [78/94], Total Loss: 36805.1991, NLL: 2.8589, Masked: 29.8236, Reg: 36801.441213
Epoch [79/94], Total Loss: 36808.8740, NLL: 2.8589, Masked: 29.8150, Reg: 36805.116403
Epoch [80/94], Total Loss: 36805.1068, NLL: 2.8589, Masked: 29.8247, Reg: 36801.348886
Epoch [81/94], Total Loss: 36808.1744, NLL: 2.8589, Masked: 29.8178, Reg: 36804.416599
Epoch [82/94], Total Loss: 36810.9793, NLL: 2.8589, Masked: 29.8228, Reg: 36807.221305
Epoch [83/94], Total Loss: 36800.1719, NLL: 2.8589, Masked: 29.8213, Reg: 36796.414178
Epoch [84/94], Total Loss: 36798.1813, NLL: 2.8589, Masked: 29.8242, Reg: 36794.423365
Epoch [85/94], Total Loss: 36804.7749, NLL: 2.8589, Masked: 29.8195, Reg: 36801.017155
Epoch [86/94], Total Loss: 36808.0942, NLL: 2.8589, Masked: 29.8166, Reg: 36804.336552
Epoch [87/94], Total Loss: 36802.4376, NLL: 2.8589, Masked: 29.8204, Reg: 36798.679879
Epoch [88/94], Total Loss: 36794.7756, NLL: 2.8589, Masked: 29.8172, Reg: 36791.017819
Epoch [89/94], Total Loss: 36804.7624, NLL: 2.8589, Masked: 29.8253, Reg: 36801.004455
Epoch [90/94], Total Loss: 36794.5606, NLL: 2.8589, Masked: 29.8212, Reg: 36790.802642
Epoch [91/94], Total Loss: 36802.1771, NLL: 2.8589, Masked: 29.8214, Reg: 36798.419074
Epoch [92/94], Total Loss: 36802.4174, NLL: 2.8589, Masked: 29.8125, Reg: 36798.659627
Epoch [93/94], Total Loss: 36792.8908, NLL: 2.8589, Masked: 29.8261, Reg: 36789.132731
Epoch [94/94], Total Loss: 36790.2730, NLL: 2.8589, Masked: 29.8285, Reg: 36786.514787

==================================================
EVALUATING ON TRAINING DATA
==================================================

==================================================
TEST RESULTS
==================================================
Total Loss: 37121.350511
  - ZINB NLL: 2.858880
Total number of masked values: 8181957
  - Number of values with pi >= 0.5211572356285312: 0
  - Number of values with pi < 0.5211572356285312: 8181957
  - Masked Reconstruction: 29.826328
  - Regularization: 37117.593517
Mean Absolute Error (MAE): 26.419621
R² Score: -31.634830
==================================================


==================================================
TEST RESULTS
==================================================
Total Loss: 37121.261019
  - ZINB NLL: 2.898877
Total number of masked values: 2224904
  - Number of values with pi >= 0.5211572356285312: 0
  - Number of values with pi < 0.5211572356285312: 2224904
  - Masked Reconstruction: 25.518829
  - Regularization: 37117.593517
Mean Absolute Error (MAE): 26.253731
R² Score: -32.803036
==================================================


>>> Optimizing zinb_nll on VALIDATION set: 2.898877
>>> Full validation metrics: {'total_loss': 37121.261019421356, 'zinb_nll': 2.8988768249521475, 'mae': 26.25373077392578, 'r2': -32.803035736083984, 'masked_loss': 25.518828872524566, 'reg_loss': 37117.59351724513}

Iteration No: 8 ended. Evaluation done at random point.
Time taken: 1726.6368
Function value obtained: 2.8989
Current minimum: 1.5384
Iteration No: 9 started. Evaluating function at random point.

================================================================================
Trial with parameters:
  features: Centr
  data_point_length: 4925
  step_size: 0.5491183318334149
  bin_size: 82
  sample_fraction: 0.8487588437384135
  moving_average: True
  first_layer_size_factor: 78
  num_layers: 4
  use_conv: False
  conv_channel: 53
  pool_size: 3
  kernel_size: 7
  epochs: 127
  batch_size: 64
  pi_threshold: 0.3384706204365683
  learning_rate: 0.00663085900594094
  dropout_rate: 0.19878601054376122
  masked_recon_weight: 0.11776206216380247
  regularizer: none
  regularization_weight: 0.5368226347569787
================================================================================

Creating datasets with:
  features: ['Centr']
  bin_size: 82
  moving_average: True
  data_point_length: 4925 (from 4925)
  step_size: 2704 (from fraction 0.5491183318334149)
  layers: [np.int64(1248), np.int64(624), np.int64(312), np.int64(156)] (first=1248, num=4)
  stride: 1 (fixed), padding: same (fixed)


Clipping outliers using 95th percentile * 1.5...
strain_yTW001: Clipping values above 134.25 (P95=89.50). Clipped 27529/1193409 values (2.31%)
strain_FD: Clipping values above 71.92 (P95=47.94). Clipped 95791/4127807 values (2.32%)
strain_dnrp: Clipping values above 243.00 (P95=162.00). Clipped 25649/1119454 values (2.29%)
strain_yEK19: Clipping values above 77.10 (P95=51.40). Clipped 83713/3893623 values (2.15%)
strain_yEK23: Clipping values above 72.00 (P95=48.00). Clipped 86381/3558407 values (2.43%)
strain_yWT03a: Clipping values above 15.00 (P95=10.00). Clipped 10602/347679 values (3.05%)
strain_yWT04a: Clipping values above 58.50 (P95=39.00). Clipped 21095/725406 values (2.91%)
strain_ylic137: Clipping values above 142.50 (P95=95.00). Clipped 28746/1112684 values (2.58%)
Standardizing features: ['Centr']
Column order in final array (Dataset/Chrom split): ['Value', 'Centromere_Distance', 'Value_Raw', 'Size_Factor']
Removing 0 empty data points out of 24656
Column order in final array (Dataset/Chrom split): ['Value', 'Centromere_Distance', 'Value_Raw', 'Size_Factor']
Removing 0 empty data points out of 6568
Column order in final array (Dataset/Chrom split): ['Value', 'Centromere_Distance', 'Value_Raw', 'Size_Factor']
Removing 0 empty data points out of 4440
Datasets created:
  Train: (24656, 4925, 4), Val: (6568, 4925, 4), Test: (4440, 4925, 4)

Randomly sampled 20926/24656 samples (84.9%)
Applied denoising with 15.0% masking
Applied denoising with 15.0% masking
Applied denoising with 15.0% masking
Epoch [1/127], Total Loss: 161.2943, NLL: 2.2179, Masked: 1350.8288
Epoch [2/127], Total Loss: 2.4688, NLL: 2.2155, Masked: 2.1510
Epoch [3/127], Total Loss: 2.4688, NLL: 2.2156, Masked: 2.1508
Epoch [4/127], Total Loss: 2.4688, NLL: 2.2156, Masked: 2.1509
Epoch [5/127], Total Loss: 2.4688, NLL: 2.2156, Masked: 2.1505
Epoch [6/127], Total Loss: 2.4689, NLL: 2.2156, Masked: 2.1510
Epoch [7/127], Total Loss: 2.4688, NLL: 2.2156, Masked: 2.1508
Epoch [8/127], Total Loss: 2.4689, NLL: 2.2156, Masked: 2.1509
Epoch [9/127], Total Loss: 2.4688, NLL: 2.2156, Masked: 2.1506
Epoch [10/127], Total Loss: 2.4688, NLL: 2.2156, Masked: 2.1507
Epoch [11/127], Total Loss: 2.4689, NLL: 2.2156, Masked: 2.1510
Epoch [12/127], Total Loss: 2.4688, NLL: 2.2156, Masked: 2.1507
Epoch [13/127], Total Loss: 2.4689, NLL: 2.2156, Masked: 2.1510
Epoch [14/127], Total Loss: 2.4688, NLL: 2.2156, Masked: 2.1508
Epoch [15/127], Total Loss: 2.4688, NLL: 2.2156, Masked: 2.1506
Epoch [16/127], Total Loss: 2.4688, NLL: 2.2156, Masked: 2.1508
Epoch [17/127], Total Loss: 10.7883, NLL: 2.2157, Masked: 72.7963
Epoch [18/127], Total Loss: 117.3064, NLL: 2.2161, Masked: 977.3120
Epoch [19/127], Total Loss: 4657.7632, NLL: 2.2156, Masked: 39533.5103
Epoch [20/127], Total Loss: 2134.8543, NLL: 2.2157, Masked: 18109.7257
Epoch [21/127], Total Loss: 340.2168, NLL: 2.2156, Masked: 2870.2040
Epoch [22/127], Total Loss: 334.9471, NLL: 2.2156, Masked: 2825.4553
Epoch [23/127], Total Loss: 277.5332, NLL: 2.2156, Masked: 2337.9138
Epoch [24/127], Total Loss: 328.0616, NLL: 2.2156, Masked: 2766.9859
Epoch [25/127], Total Loss: 11306.7286, NLL: 2.2175, Masked: 95994.5094
Epoch [26/127], Total Loss: 483.8510, NLL: 2.2151, Masked: 4089.9072
Epoch [27/127], Total Loss: 16155.9339, NLL: 2.2183, Masked: 137172.4960
Epoch [28/127], Total Loss: 23501.3808, NLL: 2.2191, Masked: 199547.8164
Epoch [29/127], Total Loss: 100.9234, NLL: 2.2130, Masked: 838.2191
Epoch [30/127], Total Loss: 80.0259, NLL: 2.2130, Masked: 660.7637
Epoch [31/127], Total Loss: 84.4309, NLL: 2.2131, Masked: 698.1694
Epoch [32/127], Total Loss: 64.4584, NLL: 2.2130, Masked: 528.5688
Epoch [33/127], Total Loss: 92.7565, NLL: 2.2131, Masked: 768.8676
Epoch [34/127], Total Loss: 97.1167, NLL: 2.2130, Masked: 805.8929
Epoch [35/127], Total Loss: 133.6379, NLL: 2.2131, Masked: 1116.0197
Epoch [36/127], Total Loss: 138.4955, NLL: 2.2132, Masked: 1157.2682
Epoch [37/127], Total Loss: 187.2261, NLL: 2.2132, Masked: 1571.0737
Epoch [38/127], Total Loss: 146.3503, NLL: 2.2132, Masked: 1223.9696
Epoch [39/127], Total Loss: 147.4377, NLL: 2.2132, Masked: 1233.2029
Epoch [40/127], Total Loss: 125.8855, NLL: 2.2132, Masked: 1050.1881
Epoch [41/127], Total Loss: 162.7428, NLL: 2.2132, Masked: 1363.1696
Epoch [42/127], Total Loss: 183.4958, NLL: 2.2132, Masked: 1539.3974
Epoch [43/127], Total Loss: 171.0980, NLL: 2.2132, Masked: 1434.1192
Epoch [44/127], Total Loss: 141.7087, NLL: 2.2132, Masked: 1184.5535
Epoch [45/127], Total Loss: 117.5775, NLL: 2.2132, Masked: 979.6392
Epoch [46/127], Total Loss: 163.2150, NLL: 2.2132, Masked: 1367.1788
Epoch [47/127], Total Loss: 202.6738, NLL: 2.2132, Masked: 1702.2510
Epoch [48/127], Total Loss: 129.6569, NLL: 2.2132, Masked: 1082.2138
Epoch [49/127], Total Loss: 146.0001, NLL: 2.2132, Masked: 1220.9948
Epoch [50/127], Total Loss: 162.8730, NLL: 2.2132, Masked: 1364.2746
Epoch [51/127], Total Loss: 125.3608, NLL: 2.2132, Masked: 1045.7328
Epoch [52/127], Total Loss: 170.7692, NLL: 2.2132, Masked: 1431.3265
Epoch [53/127], Total Loss: 157.9703, NLL: 2.2132, Masked: 1322.6423
Epoch [54/127], Total Loss: 162.9383, NLL: 2.2133, Masked: 1364.8284
Epoch [55/127], Total Loss: 2.4677, NLL: 2.2144, Masked: 2.1510
Epoch [56/127], Total Loss: 2.4677, NLL: 2.2144, Masked: 2.1508
Epoch [57/127], Total Loss: 2.4678, NLL: 2.2145, Masked: 2.1509
Epoch [58/127], Total Loss: 2.4677, NLL: 2.2144, Masked: 2.1504
Epoch [59/127], Total Loss: 2.4677, NLL: 2.2145, Masked: 2.1507
Epoch [60/127], Total Loss: 2.4677, NLL: 2.2145, Masked: 2.1508
Epoch [61/127], Total Loss: 2.4677, NLL: 2.2144, Masked: 2.1509
Epoch [62/127], Total Loss: 2.4677, NLL: 2.2144, Masked: 2.1510
Epoch [63/127], Total Loss: 2.4677, NLL: 2.2144, Masked: 2.1504
Epoch [64/127], Total Loss: 2.4677, NLL: 2.2144, Masked: 2.1506
Epoch [65/127], Total Loss: 2.4677, NLL: 2.2144, Masked: 2.1509
Epoch [66/127], Total Loss: 2.4677, NLL: 2.2145, Masked: 2.1507
Epoch [67/127], Total Loss: 6.5583, NLL: 2.2145, Masked: 36.8866
Epoch [68/127], Total Loss: 2.4677, NLL: 2.2144, Masked: 2.1509
Epoch [69/127], Total Loss: 2.4677, NLL: 2.2144, Masked: 2.1505
Epoch [70/127], Total Loss: 6.5809, NLL: 2.2145, Masked: 37.0781
Epoch [71/127], Total Loss: 2.4677, NLL: 2.2145, Masked: 2.1509
Epoch [72/127], Total Loss: 6.5134, NLL: 2.2144, Masked: 36.5057
Epoch [73/127], Total Loss: 2.4678, NLL: 2.2145, Masked: 2.1509
Epoch [74/127], Total Loss: 10.5163, NLL: 2.2144, Masked: 70.4972
Epoch [75/127], Total Loss: 2.4677, NLL: 2.2144, Masked: 2.1508
Epoch [76/127], Total Loss: 2.4678, NLL: 2.2145, Masked: 2.1514
Epoch [77/127], Total Loss: 6.5535, NLL: 2.2144, Masked: 36.8467
Epoch [78/127], Total Loss: 2.4677, NLL: 2.2144, Masked: 2.1507
Epoch [79/127], Total Loss: 2.4677, NLL: 2.2144, Masked: 2.1511
Epoch [80/127], Total Loss: 2.4677, NLL: 2.2145, Masked: 2.1508
Epoch [81/127], Total Loss: 2.4678, NLL: 2.2145, Masked: 2.1510
Epoch [82/127], Total Loss: 2.4677, NLL: 2.2144, Masked: 2.1506
Epoch [83/127], Total Loss: 2.4678, NLL: 2.2144, Masked: 2.1513
Epoch [84/127], Total Loss: 2.4677, NLL: 2.2144, Masked: 2.1509
Epoch [85/127], Total Loss: 2.4677, NLL: 2.2144, Masked: 2.1506
Epoch [86/127], Total Loss: 2.4676, NLL: 2.2144, Masked: 2.1503
Epoch [87/127], Total Loss: 2.4677, NLL: 2.2144, Masked: 2.1511
Epoch [88/127], Total Loss: 2.4677, NLL: 2.2145, Masked: 2.1507
Epoch [89/127], Total Loss: 2.4677, NLL: 2.2144, Masked: 2.1502
Epoch [90/127], Total Loss: 2.4678, NLL: 2.2144, Masked: 2.1511
Epoch [91/127], Total Loss: 2.4678, NLL: 2.2144, Masked: 2.1511
Epoch [92/127], Total Loss: 2.4676, NLL: 2.2144, Masked: 2.1502
Epoch [93/127], Total Loss: 2.4677, NLL: 2.2144, Masked: 2.1507
Epoch [94/127], Total Loss: 2.4677, NLL: 2.2144, Masked: 2.1509
Epoch [95/127], Total Loss: 6.5309, NLL: 2.2144, Masked: 36.6546
Epoch [96/127], Total Loss: 2.4678, NLL: 2.2145, Masked: 2.1510
Epoch [97/127], Total Loss: 2.4678, NLL: 2.2145, Masked: 2.1510
Epoch [98/127], Total Loss: 6.5518, NLL: 2.2144, Masked: 36.8313
Epoch [99/127], Total Loss: 2.4678, NLL: 2.2144, Masked: 2.1512
Epoch [100/127], Total Loss: 2.4677, NLL: 2.2144, Masked: 2.1510
Epoch [101/127], Total Loss: 2.4678, NLL: 2.2145, Masked: 2.1509
Epoch [102/127], Total Loss: 6.6920, NLL: 2.2142, Masked: 38.0240
Epoch [103/127], Total Loss: 18.7395, NLL: 2.2135, Masked: 140.3342
Epoch [104/127], Total Loss: 19.0347, NLL: 2.2135, Masked: 142.8410
Epoch [105/127], Total Loss: 14.6688, NLL: 2.2135, Masked: 105.7669
Epoch [106/127], Total Loss: 10.6651, NLL: 2.2135, Masked: 71.7686
Epoch [107/127], Total Loss: 18.8621, NLL: 2.2135, Masked: 141.3749
Epoch [108/127], Total Loss: 14.8849, NLL: 2.2135, Masked: 107.6020
Epoch [109/127], Total Loss: 10.6099, NLL: 2.2135, Masked: 71.3000
Epoch [110/127], Total Loss: 6.5561, NLL: 2.2135, Masked: 36.8766
Epoch [111/127], Total Loss: 10.6516, NLL: 2.2135, Masked: 71.6540
Epoch [112/127], Total Loss: 15.0006, NLL: 2.2135, Masked: 108.5841
Epoch [113/127], Total Loss: 23.1335, NLL: 2.2135, Masked: 177.6467
Epoch [114/127], Total Loss: 23.1608, NLL: 2.2135, Masked: 177.8781
Epoch [115/127], Total Loss: 10.6295, NLL: 2.2135, Masked: 71.4664
Epoch [116/127], Total Loss: 10.5783, NLL: 2.2135, Masked: 71.0313
Epoch [117/127], Total Loss: 10.5710, NLL: 2.2135, Masked: 70.9694
Epoch [118/127], Total Loss: 14.5110, NLL: 2.2135, Masked: 104.4272
Epoch [119/127], Total Loss: 10.7305, NLL: 2.2135, Masked: 72.3238
Epoch [120/127], Total Loss: 14.6748, NLL: 2.2135, Masked: 105.8180
Epoch [121/127], Total Loss: 10.7530, NLL: 2.2135, Masked: 72.5151
Epoch [122/127], Total Loss: 18.7674, NLL: 2.2135, Masked: 140.5713
Epoch [123/127], Total Loss: 10.5765, NLL: 2.2135, Masked: 71.0167
Epoch [124/127], Total Loss: 15.1271, NLL: 2.2135, Masked: 109.6585
Epoch [125/127], Total Loss: 270.6766, NLL: 2.2129, Masked: 2279.7123
Epoch [126/127], Total Loss: 639.7316, NLL: 2.2123, Masked: 5413.6228
Epoch [127/127], Total Loss: 678.6295, NLL: 2.2123, Masked: 5743.9309

==================================================
EVALUATING ON TRAINING DATA
==================================================

==================================================
TEST RESULTS
==================================================
Total Loss: 2.465143
  - ZINB NLL: 2.211782
Total number of masked values: 13912212
  - Number of values with pi >= 0.3384706204365683: 0
  - Number of values with pi < 0.3384706204365683: 13912212
  - Masked Reconstruction: 2.151465
Mean Absolute Error (MAE): 2.037991
R² Score: -0.067673
==================================================


==================================================
TEST RESULTS
==================================================
Total Loss: 2.565573
  - ZINB NLL: 2.306708
Total number of masked values: 4398123
  - Number of values with pi >= 0.3384706204365683: 0
  - Number of values with pi < 0.3384706204365683: 4398123
  - Masked Reconstruction: 2.198202
Mean Absolute Error (MAE): 2.141854
R² Score: -0.089554
==================================================


>>> Optimizing zinb_nll on VALIDATION set: 2.306708
>>> Full validation metrics: {'total_loss': 2.5655732555598494, 'zinb_nll': 2.3067084828189754, 'mae': 2.1418535709381104, 'r2': -0.0895540714263916, 'masked_loss': 2.1982017203748008}

Iteration No: 9 ended. Evaluation done at random point.
Time taken: 976.7768
Function value obtained: 2.3067
Current minimum: 1.5384
Iteration No: 10 started. Evaluating function at random point.

================================================================================
Trial with parameters:
  features: Nucl
  data_point_length: 1441
  step_size: 0.6560859803706744
  bin_size: 70
  sample_fraction: 0.4214125163479748
  moving_average: True
  first_layer_size_factor: 147
  num_layers: 3
  use_conv: True
  conv_channel: 128
  pool_size: 8
  kernel_size: 7
  epochs: 136
  batch_size: 32
  pi_threshold: 0.4115485410368728
  learning_rate: 0.0012620410750629144
  dropout_rate: 0.42333057111915307
  masked_recon_weight: 2.6625462932128228
  regularizer: l2
  regularization_weight: 16.38289664131447
================================================================================

Creating datasets with:
  features: ['Nucl']
  bin_size: 70
  moving_average: True
  data_point_length: 1441 (from 1441)
  step_size: 945 (from fraction 0.6560859803706744)
  layers: [np.int64(2352), np.int64(1176), np.int64(588)] (first=2352, num=3)
  stride: 1 (fixed), padding: same (fixed)


Clipping outliers using 95th percentile * 1.5...
strain_yTW001: Clipping values above 134.25 (P95=89.50). Clipped 27529/1193409 values (2.31%)
strain_FD: Clipping values above 71.92 (P95=47.94). Clipped 95791/4127807 values (2.32%)
strain_dnrp: Clipping values above 243.00 (P95=162.00). Clipped 25649/1119454 values (2.29%)
strain_yEK19: Clipping values above 77.10 (P95=51.40). Clipped 83713/3893623 values (2.15%)
strain_yEK23: Clipping values above 72.00 (P95=48.00). Clipped 86381/3558407 values (2.43%)
strain_yWT03a: Clipping values above 15.00 (P95=10.00). Clipped 10602/347679 values (3.05%)
strain_yWT04a: Clipping values above 58.50 (P95=39.00). Clipped 21095/725406 values (2.91%)
strain_ylic137: Clipping values above 142.50 (P95=95.00). Clipped 28746/1112684 values (2.58%)
Standardizing features: ['Nucl']
Column order in final array (Dataset/Chrom split): ['Value', 'Nucleosome_Distance', 'Value_Raw', 'Size_Factor']
Removing 0 empty data points out of 70616
Column order in final array (Dataset/Chrom split): ['Value', 'Nucleosome_Distance', 'Value_Raw', 'Size_Factor']
Removing 0 empty data points out of 18840
Column order in final array (Dataset/Chrom split): ['Value', 'Nucleosome_Distance', 'Value_Raw', 'Size_Factor']
Removing 0 empty data points out of 12720
Datasets created:
  Train: (70616, 1441, 4), Val: (18840, 1441, 4), Test: (12720, 1441, 4)

Randomly sampled 29758/70616 samples (42.1%)
Applied denoising with 15.0% masking
Applied denoising with 15.0% masking
Applied denoising with 15.0% masking
Epoch [1/136], Total Loss: 76.7207, NLL: 3.1937, Masked: 27.6153, Reg: 53220.301275
Epoch [2/136], Total Loss: 76.0344, NLL: 3.3369, Masked: 27.3037, Reg: 10540.024627
Epoch [3/136], Total Loss: 9.9941, NLL: 3.4752, Masked: 2.4484, Reg: 947.348038
Epoch [4/136], Total Loss: 10.0478, NLL: 3.5332, Masked: 2.4468, Reg: 22.932112
Epoch [5/136], Total Loss: 10.0605, NLL: 3.5426, Masked: 2.4480, Reg: 1.367761
Epoch [6/136], Total Loss: 10.0606, NLL: 3.5430, Masked: 2.4479, Reg: 1.519593
Epoch [7/136], Total Loss: 10.0611, NLL: 3.5430, Masked: 2.4481, Reg: 1.458553
Epoch [8/136], Total Loss: 10.0629, NLL: 3.5430, Masked: 2.4487, Reg: 1.450361
Epoch [9/136], Total Loss: 10.0584, NLL: 3.5430, Masked: 2.4470, Reg: 1.475053
Epoch [10/136], Total Loss: 10.0568, NLL: 3.5430, Masked: 2.4464, Reg: 1.493845
Epoch [11/136], Total Loss: 10.0559, NLL: 3.5430, Masked: 2.4461, Reg: 1.490327
Epoch [12/136], Total Loss: 10.0565, NLL: 3.5430, Masked: 2.4463, Reg: 1.481949
Epoch [13/136], Total Loss: 10.0561, NLL: 3.5430, Masked: 2.4462, Reg: 1.483328
Epoch [14/136], Total Loss: 10.0572, NLL: 3.5430, Masked: 2.4466, Reg: 1.484580
Epoch [15/136], Total Loss: 10.0593, NLL: 3.5430, Masked: 2.4474, Reg: 1.484906
Epoch [16/136], Total Loss: 10.0633, NLL: 3.5430, Masked: 2.4489, Reg: 1.484948
Epoch [17/136], Total Loss: 10.0580, NLL: 3.5430, Masked: 2.4469, Reg: 1.484575
Epoch [18/136], Total Loss: 10.0620, NLL: 3.5430, Masked: 2.4484, Reg: 1.484869
Epoch [19/136], Total Loss: 10.0571, NLL: 3.5430, Masked: 2.4466, Reg: 1.484488
Epoch [20/136], Total Loss: 10.0615, NLL: 3.5430, Masked: 2.4482, Reg: 1.484583
Epoch [21/136], Total Loss: 10.0582, NLL: 3.5430, Masked: 2.4470, Reg: 1.484525
Epoch [22/136], Total Loss: 10.0551, NLL: 3.5430, Masked: 2.4458, Reg: 1.484461
Epoch [23/136], Total Loss: 10.0590, NLL: 3.5430, Masked: 2.4473, Reg: 1.484407
Epoch [24/136], Total Loss: 10.0596, NLL: 3.5430, Masked: 2.4475, Reg: 1.484270
Epoch [25/136], Total Loss: 10.0617, NLL: 3.5430, Masked: 2.4483, Reg: 1.484529
Epoch [26/136], Total Loss: 10.0620, NLL: 3.5430, Masked: 2.4484, Reg: 1.484247
Epoch [27/136], Total Loss: 10.0600, NLL: 3.5430, Masked: 2.4477, Reg: 1.484584
Epoch [28/136], Total Loss: 10.0598, NLL: 3.5430, Masked: 2.4476, Reg: 1.484490
Epoch [29/136], Total Loss: 10.0609, NLL: 3.5430, Masked: 2.4480, Reg: 1.484240
Epoch [30/136], Total Loss: 10.0611, NLL: 3.5430, Masked: 2.4481, Reg: 1.484374
Epoch [31/136], Total Loss: 10.0576, NLL: 3.5430, Masked: 2.4468, Reg: 1.484491
Epoch [32/136], Total Loss: 10.0578, NLL: 3.5430, Masked: 2.4468, Reg: 1.484561
Epoch [33/136], Total Loss: 10.0588, NLL: 3.5430, Masked: 2.4472, Reg: 1.484396
Epoch [34/136], Total Loss: 10.0628, NLL: 3.5430, Masked: 2.4487, Reg: 1.484287
Epoch [35/136], Total Loss: 10.0573, NLL: 3.5430, Masked: 2.4466, Reg: 1.484382
Epoch [36/136], Total Loss: 10.0599, NLL: 3.5430, Masked: 2.4476, Reg: 1.484483
Epoch [37/136], Total Loss: 10.0572, NLL: 3.5430, Masked: 2.4466, Reg: 1.484667
Epoch [38/136], Total Loss: 10.0611, NLL: 3.5430, Masked: 2.4481, Reg: 1.484321
Epoch [39/136], Total Loss: 10.0595, NLL: 3.5430, Masked: 2.4475, Reg: 1.484553
Epoch [40/136], Total Loss: 10.0591, NLL: 3.5430, Masked: 2.4473, Reg: 1.484431
Epoch [41/136], Total Loss: 10.0580, NLL: 3.5430, Masked: 2.4469, Reg: 1.484331
Epoch [42/136], Total Loss: 10.0610, NLL: 3.5430, Masked: 2.4480, Reg: 1.484310
Epoch [43/136], Total Loss: 10.0594, NLL: 3.5430, Masked: 2.4474, Reg: 1.484485
Epoch [44/136], Total Loss: 10.0599, NLL: 3.5430, Masked: 2.4476, Reg: 1.484446
Epoch [45/136], Total Loss: 10.0581, NLL: 3.5430, Masked: 2.4469, Reg: 1.484487
Epoch [46/136], Total Loss: 10.0613, NLL: 3.5430, Masked: 2.4481, Reg: 1.484517
Epoch [47/136], Total Loss: 10.0625, NLL: 3.5430, Masked: 2.4486, Reg: 1.484323
Epoch [48/136], Total Loss: 10.0609, NLL: 3.5430, Masked: 2.4480, Reg: 1.484407
Epoch [49/136], Total Loss: 10.0596, NLL: 3.5430, Masked: 2.4475, Reg: 1.484474
Epoch [50/136], Total Loss: 10.0602, NLL: 3.5430, Masked: 2.4477, Reg: 1.484498
Epoch [51/136], Total Loss: 10.0605, NLL: 3.5430, Masked: 2.4478, Reg: 1.484433
Epoch [52/136], Total Loss: 10.0595, NLL: 3.5430, Masked: 2.4475, Reg: 1.484414
Epoch [53/136], Total Loss: 10.0580, NLL: 3.5430, Masked: 2.4469, Reg: 1.484241
Epoch [54/136], Total Loss: 10.0574, NLL: 3.5430, Masked: 2.4467, Reg: 1.484495
Epoch [55/136], Total Loss: 10.0629, NLL: 3.5430, Masked: 2.4488, Reg: 1.484511
Epoch [56/136], Total Loss: 10.0601, NLL: 3.5430, Masked: 2.4477, Reg: 1.484441
Epoch [57/136], Total Loss: 10.0633, NLL: 3.5430, Masked: 2.4489, Reg: 1.484485
Epoch [58/136], Total Loss: 10.0569, NLL: 3.5430, Masked: 2.4465, Reg: 1.484439
Epoch [59/136], Total Loss: 10.0600, NLL: 3.5430, Masked: 2.4476, Reg: 1.484404
Epoch [60/136], Total Loss: 10.0575, NLL: 3.5430, Masked: 2.4467, Reg: 1.484414
Epoch [61/136], Total Loss: 10.0585, NLL: 3.5430, Masked: 2.4471, Reg: 1.484222
Epoch [62/136], Total Loss: 10.0597, NLL: 3.5430, Masked: 2.4475, Reg: 1.484693
Epoch [63/136], Total Loss: 10.0596, NLL: 3.5430, Masked: 2.4475, Reg: 1.484542
Epoch [64/136], Total Loss: 10.0597, NLL: 3.5430, Masked: 2.4475, Reg: 1.484428
Epoch [65/136], Total Loss: 10.0590, NLL: 3.5430, Masked: 2.4473, Reg: 1.484210
Epoch [66/136], Total Loss: 10.0571, NLL: 3.5430, Masked: 2.4466, Reg: 1.484494
Epoch [67/136], Total Loss: 10.0613, NLL: 3.5430, Masked: 2.4482, Reg: 1.484387
Epoch [68/136], Total Loss: 10.0599, NLL: 3.5430, Masked: 2.4476, Reg: 1.484530
Epoch [69/136], Total Loss: 10.0611, NLL: 3.5430, Masked: 2.4481, Reg: 1.484388
Epoch [70/136], Total Loss: 10.0604, NLL: 3.5430, Masked: 2.4478, Reg: 1.484306
Epoch [71/136], Total Loss: 10.0615, NLL: 3.5430, Masked: 2.4482, Reg: 1.484518
Epoch [72/136], Total Loss: 10.0601, NLL: 3.5430, Masked: 2.4477, Reg: 1.484395
Epoch [73/136], Total Loss: 10.0585, NLL: 3.5430, Masked: 2.4471, Reg: 1.484426
Epoch [74/136], Total Loss: 10.0638, NLL: 3.5430, Masked: 2.4491, Reg: 1.484601
Epoch [75/136], Total Loss: 10.0594, NLL: 3.5430, Masked: 2.4474, Reg: 1.484285
Epoch [76/136], Total Loss: 10.0589, NLL: 3.5430, Masked: 2.4473, Reg: 1.484574
Epoch [77/136], Total Loss: 10.0627, NLL: 3.5430, Masked: 2.4487, Reg: 1.484386
Epoch [78/136], Total Loss: 10.0588, NLL: 3.5430, Masked: 2.4472, Reg: 1.484319
Epoch [79/136], Total Loss: 10.0584, NLL: 3.5430, Masked: 2.4470, Reg: 1.484514
Epoch [80/136], Total Loss: 10.0596, NLL: 3.5430, Masked: 2.4475, Reg: 1.484467
Epoch [81/136], Total Loss: 10.0619, NLL: 3.5430, Masked: 2.4484, Reg: 1.484532
Epoch [82/136], Total Loss: 10.0589, NLL: 3.5430, Masked: 2.4472, Reg: 1.484341
Epoch [83/136], Total Loss: 10.0581, NLL: 3.5430, Masked: 2.4469, Reg: 1.484364
Epoch [84/136], Total Loss: 10.0583, NLL: 3.5430, Masked: 2.4470, Reg: 1.484561
Epoch [85/136], Total Loss: 10.0605, NLL: 3.5430, Masked: 2.4478, Reg: 1.484248
Epoch [86/136], Total Loss: 10.0590, NLL: 3.5430, Masked: 2.4473, Reg: 1.484701
Epoch [87/136], Total Loss: 10.0603, NLL: 3.5430, Masked: 2.4478, Reg: 1.484341
Epoch [88/136], Total Loss: 10.0596, NLL: 3.5430, Masked: 2.4475, Reg: 1.484446
Epoch [89/136], Total Loss: 10.0592, NLL: 3.5430, Masked: 2.4474, Reg: 1.484456
Epoch [90/136], Total Loss: 10.0602, NLL: 3.5430, Masked: 2.4477, Reg: 1.484601
Epoch [91/136], Total Loss: 10.0588, NLL: 3.5430, Masked: 2.4472, Reg: 1.484330
Epoch [92/136], Total Loss: 10.0591, NLL: 3.5430, Masked: 2.4473, Reg: 1.484283
Epoch [93/136], Total Loss: 10.0596, NLL: 3.5430, Masked: 2.4475, Reg: 1.484320
Epoch [94/136], Total Loss: 10.0585, NLL: 3.5430, Masked: 2.4471, Reg: 1.484434
Epoch [95/136], Total Loss: 10.0602, NLL: 3.5430, Masked: 2.4477, Reg: 1.484368
Epoch [96/136], Total Loss: 10.0589, NLL: 3.5430, Masked: 2.4472, Reg: 1.484358
Epoch [97/136], Total Loss: 10.0596, NLL: 3.5430, Masked: 2.4475, Reg: 1.484618
Epoch [98/136], Total Loss: 10.0589, NLL: 3.5430, Masked: 2.4472, Reg: 1.484645
Epoch [99/136], Total Loss: 10.0569, NLL: 3.5430, Masked: 2.4465, Reg: 1.484235
Epoch [100/136], Total Loss: 10.0598, NLL: 3.5430, Masked: 2.4476, Reg: 1.484466
Epoch [101/136], Total Loss: 10.0595, NLL: 3.5430, Masked: 2.4474, Reg: 1.484304
Epoch [102/136], Total Loss: 10.0600, NLL: 3.5430, Masked: 2.4476, Reg: 1.484477
Epoch [103/136], Total Loss: 10.0583, NLL: 3.5430, Masked: 2.4470, Reg: 1.484372
Epoch [104/136], Total Loss: 10.0613, NLL: 3.5430, Masked: 2.4481, Reg: 1.484440
Epoch [105/136], Total Loss: 10.0597, NLL: 3.5430, Masked: 2.4475, Reg: 1.484554
Epoch [106/136], Total Loss: 10.0612, NLL: 3.5430, Masked: 2.4481, Reg: 1.484347
Epoch [107/136], Total Loss: 10.0589, NLL: 3.5430, Masked: 2.4473, Reg: 1.484696
Epoch [108/136], Total Loss: 10.0584, NLL: 3.5430, Masked: 2.4471, Reg: 1.484310
Epoch [109/136], Total Loss: 10.0615, NLL: 3.5430, Masked: 2.4482, Reg: 1.484287
Epoch [110/136], Total Loss: 10.0620, NLL: 3.5430, Masked: 2.4484, Reg: 1.484403
Epoch [111/136], Total Loss: 10.0589, NLL: 3.5430, Masked: 2.4472, Reg: 1.484642
Epoch [112/136], Total Loss: 10.0598, NLL: 3.5430, Masked: 2.4476, Reg: 1.484431
Epoch [113/136], Total Loss: 10.0609, NLL: 3.5430, Masked: 2.4480, Reg: 1.484413
Epoch [114/136], Total Loss: 10.0608, NLL: 3.5430, Masked: 2.4480, Reg: 1.484457
Epoch [115/136], Total Loss: 10.0633, NLL: 3.5430, Masked: 2.4489, Reg: 1.484323
Epoch [116/136], Total Loss: 10.0626, NLL: 3.5430, Masked: 2.4486, Reg: 1.484448
Epoch [117/136], Total Loss: 10.0580, NLL: 3.5430, Masked: 2.4469, Reg: 1.484454
Epoch [118/136], Total Loss: 10.0568, NLL: 3.5430, Masked: 2.4464, Reg: 1.484536
Epoch [119/136], Total Loss: 10.0599, NLL: 3.5430, Masked: 2.4476, Reg: 1.484293
Epoch [120/136], Total Loss: 10.0616, NLL: 3.5430, Masked: 2.4482, Reg: 1.484531
Epoch [121/136], Total Loss: 10.0572, NLL: 3.5430, Masked: 2.4466, Reg: 1.484409
Epoch [122/136], Total Loss: 10.0617, NLL: 3.5430, Masked: 2.4483, Reg: 1.484374
Epoch [123/136], Total Loss: 10.0590, NLL: 3.5430, Masked: 2.4473, Reg: 1.484529
Epoch [124/136], Total Loss: 10.0603, NLL: 3.5430, Masked: 2.4478, Reg: 1.484363
Epoch [125/136], Total Loss: 10.0588, NLL: 3.5430, Masked: 2.4472, Reg: 1.484424
Epoch [126/136], Total Loss: 10.0628, NLL: 3.5430, Masked: 2.4487, Reg: 1.484388
Epoch [127/136], Total Loss: 10.0559, NLL: 3.5430, Masked: 2.4461, Reg: 1.484433
Epoch [128/136], Total Loss: 10.0573, NLL: 3.5430, Masked: 2.4466, Reg: 1.484577
Epoch [129/136], Total Loss: 10.0587, NLL: 3.5430, Masked: 2.4472, Reg: 1.484301
Epoch [130/136], Total Loss: 10.0610, NLL: 3.5430, Masked: 2.4480, Reg: 1.484407
Epoch [131/136], Total Loss: 10.0563, NLL: 3.5430, Masked: 2.4463, Reg: 1.484478
Epoch [132/136], Total Loss: 10.0610, NLL: 3.5430, Masked: 2.4480, Reg: 1.484496
Epoch [133/136], Total Loss: 10.0604, NLL: 3.5430, Masked: 2.4478, Reg: 1.484342
Epoch [134/136], Total Loss: 10.0594, NLL: 3.5430, Masked: 2.4474, Reg: 1.484560
Epoch [135/136], Total Loss: 10.0612, NLL: 3.5430, Masked: 2.4481, Reg: 1.484365
Epoch [136/136], Total Loss: 10.0597, NLL: 3.5430, Masked: 2.4475, Reg: 1.484368

==================================================
EVALUATING ON TRAINING DATA
==================================================

==================================================
TEST RESULTS
==================================================
Total Loss: 10.059766
  - ZINB NLL: 3.543007
Total number of masked values: 5668735
  - Number of values with pi >= 0.4115485410368728: 5668735
  - Number of values with pi < 0.4115485410368728: 0
  - Masked Reconstruction: 2.447566
  - Regularization: 1.486416
Mean Absolute Error (MAE): 2.164449
R² Score: -0.236096
==================================================


==================================================
TEST RESULTS
==================================================
Total Loss: 10.135691
  - ZINB NLL: 3.562797
Total number of masked values: 3618614
  - Number of values with pi >= 0.4115485410368728: 3618614
  - Number of values with pi < 0.4115485410368728: 0
  - Masked Reconstruction: 2.468650
  - Regularization: 1.486416
Mean Absolute Error (MAE): 2.307775
R² Score: -0.267461
==================================================


>>> Optimizing zinb_nll on VALIDATION set: 3.562797
>>> Full validation metrics: {'total_loss': 10.135690892982888, 'zinb_nll': 3.562796630879623, 'mae': 2.307774543762207, 'r2': -0.26746106147766113, 'masked_loss': 2.4686496646161293, 'reg_loss': 1.4864156396447405}


*** Checkpoint saved at iteration 10 ***

Iteration No: 10 ended. Evaluation done at random point.
Time taken: 3001.5924
Function value obtained: 3.5628
Current minimum: 1.5384
Iteration No: 11 started. Evaluating function at random point.

================================================================================
Trial with parameters:
  features: Nucl
  data_point_length: 4710
  step_size: 0.8390054883354578
  bin_size: 67
  sample_fraction: 0.6855149660773411
  moving_average: True
  first_layer_size_factor: 141
  num_layers: 5
  use_conv: True
  conv_channel: 50
  pool_size: 5
  kernel_size: 5
  epochs: 149
  batch_size: 32
  pi_threshold: 0.30723014544620836
  learning_rate: 0.00030316645506200056
  dropout_rate: 0.08941135461066442
  masked_recon_weight: 0.029233117913767686
  regularizer: none
  regularization_weight: 1.1132160770068644
================================================================================

Creating datasets with:
  features: ['Nucl']
  bin_size: 67
  moving_average: True
  data_point_length: 4710 (from 4710)
  step_size: 3951 (from fraction 0.8390054883354578)
  layers: [np.int64(2256), np.int64(1128), np.int64(564), np.int64(282), np.int64(141)] (first=2256, num=5)
  stride: 1 (fixed), padding: same (fixed)


Clipping outliers using 95th percentile * 1.5...
strain_yTW001: Clipping values above 134.25 (P95=89.50). Clipped 27529/1193409 values (2.31%)
strain_FD: Clipping values above 71.92 (P95=47.94). Clipped 95791/4127807 values (2.32%)
strain_dnrp: Clipping values above 243.00 (P95=162.00). Clipped 25649/1119454 values (2.29%)
strain_yEK19: Clipping values above 77.10 (P95=51.40). Clipped 83713/3893623 values (2.15%)
strain_yEK23: Clipping values above 72.00 (P95=48.00). Clipped 86381/3558407 values (2.43%)
strain_yWT03a: Clipping values above 15.00 (P95=10.00). Clipped 10602/347679 values (3.05%)
strain_yWT04a: Clipping values above 58.50 (P95=39.00). Clipped 21095/725406 values (2.91%)
strain_ylic137: Clipping values above 142.50 (P95=95.00). Clipped 28746/1112684 values (2.58%)
Standardizing features: ['Nucl']
Column order in final array (Dataset/Chrom split): ['Value', 'Nucleosome_Distance', 'Value_Raw', 'Size_Factor']
Removing 0 empty data points out of 16896
Column order in final array (Dataset/Chrom split): ['Value', 'Nucleosome_Distance', 'Value_Raw', 'Size_Factor']
Removing 0 empty data points out of 4512
Column order in final array (Dataset/Chrom split): ['Value', 'Nucleosome_Distance', 'Value_Raw', 'Size_Factor']
Removing 0 empty data points out of 3064
Datasets created:
  Train: (16896, 4710, 4), Val: (4512, 4710, 4), Test: (3064, 4710, 4)

Randomly sampled 11582/16896 samples (68.6%)
Applied denoising with 15.0% masking
Applied denoising with 15.0% masking
Applied denoising with 15.0% masking
Epoch [1/149], Total Loss: 2.2932, NLL: 2.2139, Masked: 2.7130
Epoch [2/149], Total Loss: 2.2642, NLL: 2.1998, Masked: 2.2021
Epoch [3/149], Total Loss: 2.2677, NLL: 2.2034, Masked: 2.2015
Epoch [4/149], Total Loss: 2.2703, NLL: 2.2060, Masked: 2.2008
Epoch [5/149], Total Loss: 2.2710, NLL: 2.2067, Masked: 2.2019
Epoch [6/149], Total Loss: 2.2721, NLL: 2.2077, Masked: 2.2013
Epoch [7/149], Total Loss: 2.2723, NLL: 2.2079, Masked: 2.2027
Epoch [8/149], Total Loss: 2.2727, NLL: 2.2084, Masked: 2.2003
Epoch [9/149], Total Loss: 2.2733, NLL: 2.2089, Masked: 2.2021
Epoch [10/149], Total Loss: 2.2735, NLL: 2.2092, Masked: 2.2006
Epoch [11/149], Total Loss: 2.2738, NLL: 2.2095, Masked: 2.2005
Epoch [12/149], Total Loss: 2.2740, NLL: 2.2096, Masked: 2.2011
Epoch [13/149], Total Loss: 2.2740, NLL: 2.2097, Masked: 2.2001
Epoch [14/149], Total Loss: 2.2746, NLL: 2.2103, Masked: 2.2010
Epoch [15/149], Total Loss: 2.2751, NLL: 2.2107, Masked: 2.2013
Epoch [16/149], Total Loss: 2.2751, NLL: 2.2108, Masked: 2.2015
Epoch [17/149], Total Loss: 2.2757, NLL: 2.2114, Masked: 2.2009
Epoch [18/149], Total Loss: 2.2761, NLL: 2.2118, Masked: 2.2006
Epoch [19/149], Total Loss: 2.2762, NLL: 2.2119, Masked: 2.2006
Epoch [20/149], Total Loss: 2.2765, NLL: 2.2122, Masked: 2.2002
Epoch [21/149], Total Loss: 2.2802, NLL: 2.2159, Masked: 2.2021
Epoch [22/149], Total Loss: 2.2876, NLL: 2.2233, Masked: 2.2009
Epoch [23/149], Total Loss: 2.2920, NLL: 2.2276, Masked: 2.2020
Epoch [24/149], Total Loss: 2.2929, NLL: 2.2286, Masked: 2.2002
Epoch [25/149], Total Loss: 2.2937, NLL: 2.2294, Masked: 2.2012
Epoch [26/149], Total Loss: 2.2947, NLL: 2.2303, Masked: 2.2015
Epoch [27/149], Total Loss: 2.2950, NLL: 2.2306, Masked: 2.2013
Epoch [28/149], Total Loss: 2.2952, NLL: 2.2308, Masked: 2.2026
Epoch [29/149], Total Loss: 2.2952, NLL: 2.2308, Masked: 2.2025
Epoch [30/149], Total Loss: 2.2951, NLL: 2.2308, Masked: 2.2002
Epoch [31/149], Total Loss: 2.2953, NLL: 2.2309, Masked: 2.2014
Epoch [32/149], Total Loss: 2.2955, NLL: 2.2312, Masked: 2.2010
Epoch [33/149], Total Loss: 2.2955, NLL: 2.2312, Masked: 2.2006
Epoch [34/149], Total Loss: 2.2955, NLL: 2.2312, Masked: 2.2012
Epoch [35/149], Total Loss: 2.2955, NLL: 2.2312, Masked: 2.2011
Epoch [36/149], Total Loss: 2.2956, NLL: 2.2312, Masked: 2.2020
Epoch [37/149], Total Loss: 2.2955, NLL: 2.2312, Masked: 2.2006
Epoch [38/149], Total Loss: 2.2955, NLL: 2.2312, Masked: 2.2016
Epoch [39/149], Total Loss: 2.2956, NLL: 2.2312, Masked: 2.2015
Epoch [40/149], Total Loss: 2.2958, NLL: 2.2315, Masked: 2.2000
Epoch [41/149], Total Loss: 2.2958, NLL: 2.2315, Masked: 2.1993
Epoch [42/149], Total Loss: 2.2958, NLL: 2.2315, Masked: 2.2011
Epoch [43/149], Total Loss: 2.2958, NLL: 2.2315, Masked: 2.2006
Epoch [44/149], Total Loss: 2.2959, NLL: 2.2315, Masked: 2.2015
Epoch [45/149], Total Loss: 2.2959, NLL: 2.2315, Masked: 2.2021
Epoch [46/149], Total Loss: 2.2958, NLL: 2.2315, Masked: 2.1999
Epoch [47/149], Total Loss: 2.2959, NLL: 2.2315, Masked: 2.2019
Epoch [48/149], Total Loss: 2.2959, NLL: 2.2315, Masked: 2.2015
Epoch [49/149], Total Loss: 2.2959, NLL: 2.2315, Masked: 2.2015
Epoch [50/149], Total Loss: 2.2958, NLL: 2.2315, Masked: 2.2008
Epoch [51/149], Total Loss: 2.2959, NLL: 2.2315, Masked: 2.2015
Epoch [52/149], Total Loss: 2.2959, NLL: 2.2315, Masked: 2.2015
Epoch [53/149], Total Loss: 2.2958, NLL: 2.2315, Masked: 2.2005
Epoch [54/149], Total Loss: 2.2959, NLL: 2.2315, Masked: 2.2014
Epoch [55/149], Total Loss: 2.2958, NLL: 2.2315, Masked: 2.2005
Epoch [56/149], Total Loss: 2.2959, NLL: 2.2315, Masked: 2.2015
Epoch [57/149], Total Loss: 2.2959, NLL: 2.2315, Masked: 2.2012
Epoch [58/149], Total Loss: 2.2959, NLL: 2.2315, Masked: 2.2020
Epoch [59/149], Total Loss: 2.2961, NLL: 2.2318, Masked: 2.2015
Epoch [60/149], Total Loss: 2.2961, NLL: 2.2318, Masked: 2.2008
Epoch [61/149], Total Loss: 2.2962, NLL: 2.2318, Masked: 2.2023
Epoch [62/149], Total Loss: 2.2961, NLL: 2.2318, Masked: 2.2006
Epoch [63/149], Total Loss: 2.2961, NLL: 2.2318, Masked: 2.2009
Epoch [64/149], Total Loss: 2.2961, NLL: 2.2318, Masked: 2.2017
Epoch [65/149], Total Loss: 2.2964, NLL: 2.2321, Masked: 2.2013
Epoch [66/149], Total Loss: 2.2965, NLL: 2.2321, Masked: 2.2015
Epoch [67/149], Total Loss: 2.2964, NLL: 2.2321, Masked: 2.2010
Epoch [68/149], Total Loss: 2.2964, NLL: 2.2321, Masked: 2.2009
Epoch [69/149], Total Loss: 2.2964, NLL: 2.2321, Masked: 2.1998
Epoch [70/149], Total Loss: 2.2964, NLL: 2.2321, Masked: 2.2011
Epoch [71/149], Total Loss: 2.2965, NLL: 2.2321, Masked: 2.2016
Epoch [72/149], Total Loss: 2.2965, NLL: 2.2321, Masked: 2.2017
Epoch [73/149], Total Loss: 2.2965, NLL: 2.2321, Masked: 2.2012
Epoch [74/149], Total Loss: 2.2964, NLL: 2.2321, Masked: 2.2008
Epoch [75/149], Total Loss: 2.2964, NLL: 2.2321, Masked: 2.2009
Epoch [76/149], Total Loss: 2.2964, NLL: 2.2321, Masked: 2.2011
Epoch [77/149], Total Loss: 2.2965, NLL: 2.2321, Masked: 2.2030
Epoch [78/149], Total Loss: 2.2965, NLL: 2.2321, Masked: 2.2019
Epoch [79/149], Total Loss: 2.2965, NLL: 2.2321, Masked: 2.2017
Epoch [80/149], Total Loss: 2.2964, NLL: 2.2321, Masked: 2.2004
Epoch [81/149], Total Loss: 2.2965, NLL: 2.2321, Masked: 2.2013
Epoch [82/149], Total Loss: 2.2965, NLL: 2.2321, Masked: 2.2012
Epoch [83/149], Total Loss: 2.2965, NLL: 2.2321, Masked: 2.2018
Epoch [84/149], Total Loss: 2.2965, NLL: 2.2321, Masked: 2.2012
Epoch [85/149], Total Loss: 2.2964, NLL: 2.2321, Masked: 2.2007
Epoch [86/149], Total Loss: 2.2964, NLL: 2.2321, Masked: 2.2011
Epoch [87/149], Total Loss: 2.2965, NLL: 2.2321, Masked: 2.2018
Epoch [88/149], Total Loss: 2.2965, NLL: 2.2321, Masked: 2.2018
Epoch [89/149], Total Loss: 2.2965, NLL: 2.2321, Masked: 2.2017
Epoch [90/149], Total Loss: 82.3139, NLL: 1.9528, Masked: 2748.9770
Epoch [91/149], Total Loss: 1.8328, NLL: 1.7689, Masked: 2.1852
Epoch [92/149], Total Loss: 1.8310, NLL: 1.7672, Masked: 2.1836
Epoch [93/149], Total Loss: 1.8192, NLL: 1.7554, Masked: 2.1802
Epoch [94/149], Total Loss: 1.8146, NLL: 1.7514, Masked: 2.1633
Epoch [95/149], Total Loss: 1.8145, NLL: 1.7512, Masked: 2.1654
Epoch [96/149], Total Loss: 1.8114, NLL: 1.7487, Masked: 2.1427
Epoch [97/149], Total Loss: 1.8100, NLL: 1.7476, Masked: 2.1342
Epoch [98/149], Total Loss: 1.8095, NLL: 1.7472, Masked: 2.1314
Epoch [99/149], Total Loss: 1.8092, NLL: 1.7468, Masked: 2.1357
Epoch [100/149], Total Loss: 1.7893, NLL: 1.7282, Masked: 2.0921
Epoch [101/149], Total Loss: 1.7847, NLL: 1.7237, Masked: 2.0875
Epoch [102/149], Total Loss: 1.7814, NLL: 1.7211, Masked: 2.0642
Epoch [103/149], Total Loss: 1.7794, NLL: 1.7191, Masked: 2.0624
Epoch [104/149], Total Loss: 1.7772, NLL: 1.7171, Masked: 2.0563
Epoch [105/149], Total Loss: 1.7717, NLL: 1.7115, Masked: 2.0577
Epoch [106/149], Total Loss: 1.7553, NLL: 1.6967, Masked: 2.0073
Epoch [107/149], Total Loss: 1.7477, NLL: 1.6899, Masked: 1.9778
Epoch [108/149], Total Loss: 1.7448, NLL: 1.6869, Masked: 1.9816
Epoch [109/149], Total Loss: 1.7346, NLL: 1.6779, Masked: 1.9419
Epoch [110/149], Total Loss: 1.7270, NLL: 1.6710, Masked: 1.9169
Epoch [111/149], Total Loss: 1.7260, NLL: 1.6685, Masked: 1.9683
Epoch [112/149], Total Loss: 1.7217, NLL: 1.6651, Masked: 1.9355
Epoch [113/149], Total Loss: 1.7189, NLL: 1.6634, Masked: 1.8979
Epoch [114/149], Total Loss: 1.7175, NLL: 1.6623, Masked: 1.8891
Epoch [115/149], Total Loss: 1.7128, NLL: 1.6582, Masked: 1.8697
Epoch [116/149], Total Loss: 1.7108, NLL: 1.6561, Masked: 1.8691
Epoch [117/149], Total Loss: 1.7081, NLL: 1.6539, Masked: 1.8525
Epoch [118/149], Total Loss: 1.7047, NLL: 1.6509, Masked: 1.8420
Epoch [119/149], Total Loss: 1.7009, NLL: 1.6472, Masked: 1.8351
Epoch [120/149], Total Loss: 1.6960, NLL: 1.6431, Masked: 1.8115
Epoch [121/149], Total Loss: 1.6942, NLL: 1.6413, Masked: 1.8105
Epoch [122/149], Total Loss: 1.6915, NLL: 1.6390, Masked: 1.7961
Epoch [123/149], Total Loss: 1.6900, NLL: 1.6377, Masked: 1.7909
Epoch [124/149], Total Loss: 1.6891, NLL: 1.6364, Masked: 1.8021
Epoch [125/149], Total Loss: 1.6869, NLL: 1.6350, Masked: 1.7777
Epoch [126/149], Total Loss: 1.6845, NLL: 1.6329, Masked: 1.7665
Epoch [127/149], Total Loss: 1.6829, NLL: 1.6315, Masked: 1.7601
Epoch [128/149], Total Loss: 1.6816, NLL: 1.6304, Masked: 1.7538
Epoch [129/149], Total Loss: 1.6818, NLL: 1.6303, Masked: 1.7620
Epoch [130/149], Total Loss: 1.6800, NLL: 1.6288, Masked: 1.7495
Epoch [131/149], Total Loss: 1.6773, NLL: 1.6265, Masked: 1.7382
Epoch [132/149], Total Loss: 1.6767, NLL: 1.6257, Masked: 1.7427
Epoch [133/149], Total Loss: 1.6756, NLL: 1.6247, Masked: 1.7409
Epoch [134/149], Total Loss: 1.6938, NLL: 1.6240, Masked: 2.3872
Epoch [135/149], Total Loss: 1.6707, NLL: 1.6205, Masked: 1.7160
Epoch [136/149], Total Loss: 1.6693, NLL: 1.6193, Masked: 1.7121
Epoch [137/149], Total Loss: 1.6679, NLL: 1.6180, Masked: 1.7077
Epoch [138/149], Total Loss: 1.6680, NLL: 1.6178, Masked: 1.7169
Epoch [139/149], Total Loss: 1.6645, NLL: 1.6149, Masked: 1.6982
Epoch [140/149], Total Loss: 1.6628, NLL: 1.6135, Masked: 1.6879
Epoch [141/149], Total Loss: 1.6614, NLL: 1.6121, Masked: 1.6868
Epoch [142/149], Total Loss: 1.6585, NLL: 1.6095, Masked: 1.6757
Epoch [143/149], Total Loss: 1.6579, NLL: 1.6090, Masked: 1.6734
Epoch [144/149], Total Loss: 1.6547, NLL: 1.6061, Masked: 1.6597
Epoch [145/149], Total Loss: 1.6532, NLL: 1.6048, Masked: 1.6582
Epoch [146/149], Total Loss: 1.6508, NLL: 1.6027, Masked: 1.6447
Epoch [147/149], Total Loss: 1.6492, NLL: 1.6014, Masked: 1.6357
Epoch [148/149], Total Loss: 1.6472, NLL: 1.5996, Masked: 1.6264
Epoch [149/149], Total Loss: 1.6462, NLL: 1.5983, Masked: 1.6398

==================================================
EVALUATING ON TRAINING DATA
==================================================

==================================================
TEST RESULTS
==================================================
Total Loss: 1.629405
  - ZINB NLL: 1.583646
Total number of masked values: 7179810
  - Number of values with pi >= 0.30723014544620836: 0
  - Number of values with pi < 0.30723014544620836: 7179810
  - Masked Reconstruction: 1.565298
Mean Absolute Error (MAE): 1.533820
R² Score: 0.582181
==================================================


==================================================
TEST RESULTS
==================================================
Total Loss: 1.746044
  - ZINB NLL: 1.691914
Total number of masked values: 2821625
  - Number of values with pi >= 0.30723014544620836: 0
  - Number of values with pi < 0.30723014544620836: 2821625
  - Masked Reconstruction: 1.851654
Mean Absolute Error (MAE): 1.810977
R² Score: 0.437146
==================================================


>>> Optimizing zinb_nll on VALIDATION set: 1.691914
>>> Full validation metrics: {'total_loss': 1.7460440025261954, 'zinb_nll': 1.6919143880512697, 'mae': 1.8109774589538574, 'r2': 0.43714606761932373, 'masked_loss': 1.8516538980159354}

Iteration No: 11 ended. Evaluation done at random point.
Time taken: 2175.0074
Function value obtained: 1.6919
Current minimum: 1.5384
Iteration No: 12 started. Evaluating function at random point.

================================================================================
Trial with parameters:
  features: Centr_Nucl
  data_point_length: 2941
  step_size: 0.63161055762907
  bin_size: 64
  sample_fraction: 0.43784636395418813
  moving_average: False
  first_layer_size_factor: 147
  num_layers: 3
  use_conv: False
  conv_channel: 65
  pool_size: 4
  kernel_size: 7
  epochs: 110
  batch_size: 128
  pi_threshold: 0.3920741072966221
  learning_rate: 0.0003144706654325597
  dropout_rate: 0.2860020996045916
  masked_recon_weight: 1.1863588031959953
  regularizer: l1
  regularization_weight: 91.59116341616374
================================================================================

Creating datasets with:
  features: ['Centr', 'Nucl']
  bin_size: 64
  moving_average: False
  data_point_length: 45 (from 2941)
  step_size: 28 (from fraction 0.63161055762907)
  layers: [np.int64(2352), np.int64(1176), np.int64(588)] (first=2352, num=3)
  stride: 1 (fixed), padding: same (fixed)


Clipping outliers using 95th percentile * 1.5...
strain_yTW001: Clipping values above 134.25 (P95=89.50). Clipped 27529/1193409 values (2.31%)
strain_FD: Clipping values above 71.92 (P95=47.94). Clipped 95791/4127807 values (2.32%)
strain_dnrp: Clipping values above 243.00 (P95=162.00). Clipped 25649/1119454 values (2.29%)
strain_yEK19: Clipping values above 77.10 (P95=51.40). Clipped 83713/3893623 values (2.15%)
strain_yEK23: Clipping values above 72.00 (P95=48.00). Clipped 86381/3558407 values (2.43%)
strain_yWT03a: Clipping values above 15.00 (P95=10.00). Clipped 10602/347679 values (3.05%)
strain_yWT04a: Clipping values above 58.50 (P95=39.00). Clipped 21095/725406 values (2.91%)
strain_ylic137: Clipping values above 142.50 (P95=95.00). Clipped 28746/1112684 values (2.58%)
Standardizing features: ['Centr', 'Nucl']
Column order in final array (Dataset/Chrom split): ['Value', 'Nucleosome_Distance', 'Centromere_Distance', 'Value_Raw', 'Size_Factor']
Removing 0 empty data points out of 37256
Column order in final array (Dataset/Chrom split): ['Value', 'Nucleosome_Distance', 'Centromere_Distance', 'Value_Raw', 'Size_Factor']
Removing 0 empty data points out of 9936
Column order in final array (Dataset/Chrom split): ['Value', 'Nucleosome_Distance', 'Centromere_Distance', 'Value_Raw', 'Size_Factor']
Removing 0 empty data points out of 6704
Datasets created:
  Train: (37256, 45, 5), Val: (9936, 45, 5), Test: (6704, 45, 5)

Randomly sampled 16312/37256 samples (43.8%)
Applied denoising with 15.0% masking
Applied denoising with 15.0% masking
Applied denoising with 15.0% masking
Epoch [1/110], Total Loss: 2903101.0843, NLL: 3.1240, Masked: 27.5988, Reg: 2903065.217765
Epoch [2/110], Total Loss: 174389.1708, NLL: 3.1259, Masked: 27.5965, Reg: 174353.304996
Epoch [3/110], Total Loss: 35691.9785, NLL: 3.1280, Masked: 27.5978, Reg: 35656.109544
Epoch [4/110], Total Loss: 34923.6087, NLL: 3.1303, Masked: 27.5989, Reg: 34887.736125
Epoch [5/110], Total Loss: 34761.1957, NLL: 3.1326, Masked: 27.5972, Reg: 34725.322948
Epoch [6/110], Total Loss: 34595.3200, NLL: 3.1352, Masked: 27.5951, Reg: 34559.446669
Epoch [7/110], Total Loss: 34424.7520, NLL: 3.1379, Masked: 27.5933, Reg: 34388.878637
Epoch [8/110], Total Loss: 34258.2115, NLL: 3.1408, Masked: 27.5961, Reg: 34222.331465
Epoch [9/110], Total Loss: 34097.9519, NLL: 3.1439, Masked: 27.5956, Reg: 34062.069732
Epoch [10/110], Total Loss: 33931.4817, NLL: 3.1471, Masked: 27.5957, Reg: 33895.596042
Epoch [11/110], Total Loss: 33753.5194, NLL: 3.1506, Masked: 27.5959, Reg: 33717.630253
Epoch [12/110], Total Loss: 33601.5776, NLL: 3.1542, Masked: 27.5979, Reg: 33565.682438
Epoch [13/110], Total Loss: 33429.0023, NLL: 3.1580, Masked: 27.5962, Reg: 33393.105107
Epoch [14/110], Total Loss: 33264.9629, NLL: 3.1620, Masked: 27.5966, Reg: 33229.061251
Epoch [15/110], Total Loss: 33095.2900, NLL: 3.1662, Masked: 27.5979, Reg: 33059.382777
Epoch [16/110], Total Loss: 32934.0818, NLL: 3.1707, Masked: 27.5965, Reg: 32898.171564
Epoch [17/110], Total Loss: 32770.4587, NLL: 3.1754, Masked: 27.5947, Reg: 32734.546021
Epoch [18/110], Total Loss: 32596.8976, NLL: 3.1803, Masked: 27.5960, Reg: 32560.978471
Epoch [19/110], Total Loss: 32433.7136, NLL: 3.1854, Masked: 27.6002, Reg: 32397.784552
Epoch [20/110], Total Loss: 32264.8589, NLL: 3.1908, Masked: 27.5905, Reg: 32228.935814
Epoch [21/110], Total Loss: 32107.3623, NLL: 3.1964, Masked: 27.5944, Reg: 32071.428885
Epoch [22/110], Total Loss: 31934.8581, NLL: 3.2023, Masked: 27.5949, Reg: 31898.918153
Epoch [23/110], Total Loss: 31766.1202, NLL: 3.2085, Masked: 27.5950, Reg: 31730.174058
Epoch [24/110], Total Loss: 31604.4472, NLL: 3.2149, Masked: 27.5984, Reg: 31568.490664
Epoch [25/110], Total Loss: 31442.6740, NLL: 3.2216, Masked: 27.5975, Reg: 31406.711768
Epoch [26/110], Total Loss: 31266.5067, NLL: 3.2286, Masked: 27.5975, Reg: 31230.537639
Epoch [27/110], Total Loss: 31109.4809, NLL: 3.2359, Masked: 27.5962, Reg: 31073.506012
Epoch [28/110], Total Loss: 30940.6509, NLL: 3.2434, Masked: 27.5976, Reg: 30904.666583
Epoch [29/110], Total Loss: 30770.0588, NLL: 3.2513, Masked: 27.6012, Reg: 30734.062451
Epoch [30/110], Total Loss: 30605.4296, NLL: 3.2595, Masked: 27.5989, Reg: 30569.427947
Epoch [31/110], Total Loss: 30442.0790, NLL: 3.2680, Masked: 27.5974, Reg: 30406.070387
Epoch [32/110], Total Loss: 30276.6962, NLL: 3.2768, Masked: 27.5970, Reg: 30240.679501
Epoch [33/110], Total Loss: 30110.5546, NLL: 3.2860, Masked: 27.5952, Reg: 30074.530670
Epoch [34/110], Total Loss: 29938.0383, NLL: 3.2954, Masked: 27.5999, Reg: 29901.999343
Epoch [35/110], Total Loss: 29776.6060, NLL: 3.3052, Masked: 27.5960, Reg: 29740.561854
Epoch [36/110], Total Loss: 29613.8491, NLL: 3.3154, Masked: 27.5931, Reg: 29577.798413
Epoch [37/110], Total Loss: 29446.8629, NLL: 3.3259, Masked: 27.5957, Reg: 29410.798643
Epoch [38/110], Total Loss: 29275.5950, NLL: 3.3367, Masked: 27.5927, Reg: 29239.523211
Epoch [39/110], Total Loss: 29106.3715, NLL: 3.3479, Masked: 22.5922, Reg: 29076.220967
Epoch [40/110], Total Loss: 28920.7940, NLL: 3.3595, Masked: 2.4464, Reg: 28914.532024
Epoch [41/110], Total Loss: 28742.6251, NLL: 3.3714, Masked: 2.4454, Reg: 28736.352422
Epoch [42/110], Total Loss: 28591.3108, NLL: 3.3837, Masked: 2.4453, Reg: 28585.025870
Epoch [43/110], Total Loss: 28420.2785, NLL: 3.3963, Masked: 2.4459, Reg: 28413.980406
Epoch [44/110], Total Loss: 28253.1712, NLL: 3.4093, Masked: 2.4450, Reg: 28246.861154
Epoch [45/110], Total Loss: 28080.5919, NLL: 3.4227, Masked: 2.4461, Reg: 28074.267110
Epoch [46/110], Total Loss: 27922.9467, NLL: 3.4365, Masked: 2.4454, Reg: 27916.608960
Epoch [47/110], Total Loss: 27761.9205, NLL: 3.4507, Masked: 2.4456, Reg: 27755.568519
Epoch [48/110], Total Loss: 27585.0504, NLL: 3.4652, Masked: 2.4456, Reg: 27578.683724
Epoch [49/110], Total Loss: 27422.4291, NLL: 3.4801, Masked: 2.4453, Reg: 27416.047937
Epoch [50/110], Total Loss: 27262.7980, NLL: 3.4947, Masked: 2.4457, Reg: 27256.401751
Epoch [51/110], Total Loss: 27231.6028, NLL: 3.4984, Masked: 2.4456, Reg: 27225.203011
Epoch [52/110], Total Loss: 27223.1686, NLL: 3.4984, Masked: 2.4451, Reg: 27216.769372
Epoch [53/110], Total Loss: 27218.5543, NLL: 3.4984, Masked: 2.4453, Reg: 27212.154955
Epoch [54/110], Total Loss: 27226.8040, NLL: 3.4984, Masked: 2.4465, Reg: 27220.403097
Epoch [55/110], Total Loss: 27225.2833, NLL: 3.4984, Masked: 2.4453, Reg: 27218.883833
Epoch [56/110], Total Loss: 27220.5028, NLL: 3.4984, Masked: 2.4453, Reg: 27214.103348
Epoch [57/110], Total Loss: 27224.4911, NLL: 3.4984, Masked: 2.4451, Reg: 27218.091905
Epoch [58/110], Total Loss: 27228.2300, NLL: 3.4984, Masked: 2.4454, Reg: 27221.830362
Epoch [59/110], Total Loss: 27221.8362, NLL: 3.4984, Masked: 2.4453, Reg: 27215.436664
Epoch [60/110], Total Loss: 27224.5270, NLL: 3.4984, Masked: 2.4455, Reg: 27218.127290
Epoch [61/110], Total Loss: 27225.0316, NLL: 3.4984, Masked: 2.4456, Reg: 27218.631769
Epoch [62/110], Total Loss: 27225.5519, NLL: 3.4984, Masked: 2.4456, Reg: 27219.151968
Epoch [63/110], Total Loss: 27221.1440, NLL: 3.4984, Masked: 2.4457, Reg: 27214.744048
Epoch [64/110], Total Loss: 27220.3799, NLL: 3.4984, Masked: 2.4456, Reg: 27213.980120
Epoch [65/110], Total Loss: 27225.4663, NLL: 3.4984, Masked: 2.4459, Reg: 27219.066012
Epoch [66/110], Total Loss: 27224.9073, NLL: 3.4984, Masked: 2.4458, Reg: 27218.507213
Epoch [67/110], Total Loss: 27222.7479, NLL: 3.4984, Masked: 2.4458, Reg: 27216.347939
Epoch [68/110], Total Loss: 27217.9467, NLL: 3.4984, Masked: 2.4455, Reg: 27211.547043
Epoch [69/110], Total Loss: 27227.7881, NLL: 3.4984, Masked: 2.4458, Reg: 27221.388117
Epoch [70/110], Total Loss: 27225.3955, NLL: 3.4984, Masked: 2.4460, Reg: 27218.995280
Epoch [71/110], Total Loss: 27219.3966, NLL: 3.4984, Masked: 2.4460, Reg: 27212.996310
Epoch [72/110], Total Loss: 27224.3477, NLL: 3.4984, Masked: 2.4450, Reg: 27217.948532
Epoch [73/110], Total Loss: 27222.5420, NLL: 3.4984, Masked: 2.4452, Reg: 27216.142580
Epoch [74/110], Total Loss: 27218.3744, NLL: 3.4984, Masked: 2.4451, Reg: 27211.975151
Epoch [75/110], Total Loss: 27221.3111, NLL: 3.4984, Masked: 2.4456, Reg: 27214.911201
Epoch [76/110], Total Loss: 27223.4892, NLL: 3.4984, Masked: 2.4451, Reg: 27217.089926
Epoch [77/110], Total Loss: 27225.2085, NLL: 3.4984, Masked: 2.4448, Reg: 27218.809604
Epoch [78/110], Total Loss: 27218.6154, NLL: 3.4984, Masked: 2.4447, Reg: 27212.216635
Epoch [79/110], Total Loss: 27218.1134, NLL: 3.4984, Masked: 2.4461, Reg: 27211.713109
Epoch [80/110], Total Loss: 27222.0097, NLL: 3.4984, Masked: 2.4456, Reg: 27215.609813
Epoch [81/110], Total Loss: 27225.6571, NLL: 3.4984, Masked: 2.4447, Reg: 27219.258278
Epoch [82/110], Total Loss: 27222.8254, NLL: 3.4984, Masked: 2.4455, Reg: 27216.425685
Epoch [83/110], Total Loss: 27212.9959, NLL: 3.4984, Masked: 2.4465, Reg: 27206.594916
Epoch [84/110], Total Loss: 27225.6993, NLL: 3.4984, Masked: 2.4463, Reg: 27219.298637
Epoch [85/110], Total Loss: 27224.7979, NLL: 3.4984, Masked: 2.4460, Reg: 27218.397447
Epoch [86/110], Total Loss: 27217.6865, NLL: 3.4984, Masked: 2.4446, Reg: 27211.287846
Epoch [87/110], Total Loss: 27222.8164, NLL: 3.4984, Masked: 2.4455, Reg: 27216.416695
Epoch [88/110], Total Loss: 27222.1909, NLL: 3.4984, Masked: 2.4452, Reg: 27215.791659
Epoch [89/110], Total Loss: 27216.8083, NLL: 3.4984, Masked: 2.4454, Reg: 27210.408679
Epoch [90/110], Total Loss: 27219.6928, NLL: 3.4984, Masked: 2.4455, Reg: 27213.293166
Epoch [91/110], Total Loss: 27219.8279, NLL: 3.4984, Masked: 2.4454, Reg: 27213.428418
Epoch [92/110], Total Loss: 27225.5667, NLL: 3.4984, Masked: 2.4451, Reg: 27219.167604
Epoch [93/110], Total Loss: 27217.7209, NLL: 3.4984, Masked: 2.4459, Reg: 27211.320671
Epoch [94/110], Total Loss: 27218.8900, NLL: 3.4984, Masked: 2.4449, Reg: 27212.490914
Epoch [95/110], Total Loss: 27218.9780, NLL: 3.4984, Masked: 2.4456, Reg: 27212.577996
Epoch [96/110], Total Loss: 27223.7091, NLL: 3.4984, Masked: 2.4454, Reg: 27217.309475
Epoch [97/110], Total Loss: 27219.0851, NLL: 3.4984, Masked: 2.4464, Reg: 27212.684334
Epoch [98/110], Total Loss: 27213.5736, NLL: 3.4984, Masked: 2.4463, Reg: 27207.172931
Epoch [99/110], Total Loss: 27222.2261, NLL: 3.4984, Masked: 2.4457, Reg: 27215.826107
Epoch [100/110], Total Loss: 27220.3453, NLL: 3.4984, Masked: 2.4458, Reg: 27213.945097
Epoch [101/110], Total Loss: 27216.4923, NLL: 3.4984, Masked: 2.4441, Reg: 27210.094062
Epoch [102/110], Total Loss: 27218.6020, NLL: 3.4984, Masked: 2.4445, Reg: 27212.203460
Epoch [103/110], Total Loss: 27227.1220, NLL: 3.4984, Masked: 2.4449, Reg: 27220.723023
Epoch [104/110], Total Loss: 27214.4273, NLL: 3.4984, Masked: 2.4456, Reg: 27208.027462
Epoch [105/110], Total Loss: 27218.7112, NLL: 3.4984, Masked: 2.4455, Reg: 27212.311295
Epoch [106/110], Total Loss: 27217.8834, NLL: 3.4984, Masked: 2.4459, Reg: 27211.483172
Epoch [107/110], Total Loss: 27223.0949, NLL: 3.4984, Masked: 2.4454, Reg: 27216.695320
Epoch [108/110], Total Loss: 27214.2067, NLL: 3.4984, Masked: 2.4452, Reg: 27207.807419
Epoch [109/110], Total Loss: 27216.0963, NLL: 3.4984, Masked: 2.4454, Reg: 27209.696719
Epoch [110/110], Total Loss: 27222.7321, NLL: 3.4984, Masked: 2.4457, Reg: 27216.332119

==================================================
EVALUATING ON TRAINING DATA
==================================================

==================================================
TEST RESULTS
==================================================
Total Loss: 27179.815601
  - ZINB NLL: 3.498402
Total number of masked values: 86775
  - Number of values with pi >= 0.3920741072966221: 86775
  - Number of values with pi < 0.3920741072966221: 0
  - Masked Reconstruction: 2.445422
  - Regularization: 27173.416629
Mean Absolute Error (MAE): 2.132900
R² Score: -0.234866
==================================================


==================================================
TEST RESULTS
==================================================
Total Loss: 27179.893613
  - ZINB NLL: 3.537462
Total number of masked values: 53492
  - Number of values with pi >= 0.3920741072966221: 53492
  - Number of values with pi < 0.3920741072966221: 0
  - Masked Reconstruction: 2.478288
  - Regularization: 27173.416629
Mean Absolute Error (MAE): 2.314903
R² Score: -0.261395
==================================================


>>> Optimizing zinb_nll on VALIDATION set: 3.537462
>>> Full validation metrics: {'total_loss': 27179.893612872384, 'zinb_nll': 3.537462309362808, 'mae': 2.3149032592773438, 'r2': -0.2613952159881592, 'masked_loss': 2.4782879339132142, 'reg_loss': 27173.41662905994}

Iteration No: 12 ended. Evaluation done at random point.
Time taken: 142.2986
Function value obtained: 3.5375
Current minimum: 1.5384
Iteration No: 13 started. Evaluating function at random point.

================================================================================
Trial with parameters:
  features: Centr
  data_point_length: 1758
  step_size: 0.9126205166996944
  bin_size: 75
  sample_fraction: 0.964803885267965
  moving_average: True
  first_layer_size_factor: 85
  num_layers: 3
  use_conv: False
  conv_channel: 24
  pool_size: 4
  kernel_size: 3
  epochs: 62
  batch_size: 64
  pi_threshold: 0.4490747468376197
  learning_rate: 0.0001527827773064012
  dropout_rate: 0.4221065703631558
  masked_recon_weight: 5.248888402320229
  regularizer: l1
  regularization_weight: 0.0002900220535444086
================================================================================

Creating datasets with:
  features: ['Centr']
  bin_size: 75
  moving_average: True
  data_point_length: 1758 (from 1758)
  step_size: 1604 (from fraction 0.9126205166996944)
  layers: [np.int64(1360), np.int64(680), np.int64(340)] (first=1360, num=3)
  stride: 1 (fixed), padding: same (fixed)


Clipping outliers using 95th percentile * 1.5...
strain_yTW001: Clipping values above 134.25 (P95=89.50). Clipped 27529/1193409 values (2.31%)
strain_FD: Clipping values above 71.92 (P95=47.94). Clipped 95791/4127807 values (2.32%)
strain_dnrp: Clipping values above 243.00 (P95=162.00). Clipped 25649/1119454 values (2.29%)
strain_yEK19: Clipping values above 77.10 (P95=51.40). Clipped 83713/3893623 values (2.15%)
strain_yEK23: Clipping values above 72.00 (P95=48.00). Clipped 86381/3558407 values (2.43%)
strain_yWT03a: Clipping values above 15.00 (P95=10.00). Clipped 10602/347679 values (3.05%)
strain_yWT04a: Clipping values above 58.50 (P95=39.00). Clipped 21095/725406 values (2.91%)
strain_ylic137: Clipping values above 142.50 (P95=95.00). Clipped 28746/1112684 values (2.58%)
Standardizing features: ['Centr']
Column order in final array (Dataset/Chrom split): ['Value', 'Centromere_Distance', 'Value_Raw', 'Size_Factor']
Removing 0 empty data points out of 41632
Column order in final array (Dataset/Chrom split): ['Value', 'Centromere_Distance', 'Value_Raw', 'Size_Factor']
Removing 0 empty data points out of 11104
Column order in final array (Dataset/Chrom split): ['Value', 'Centromere_Distance', 'Value_Raw', 'Size_Factor']
Removing 0 empty data points out of 7512
Datasets created:
  Train: (41632, 1758, 4), Val: (11104, 1758, 4), Test: (7512, 1758, 4)

Randomly sampled 40166/41632 samples (96.5%)
Applied denoising with 15.0% masking
Applied denoising with 15.0% masking
Applied denoising with 15.0% masking
Epoch [1/62], Total Loss: 1407.7324, NLL: 2.1995, Masked: 266.3040, Reg: 7.732781
Epoch [2/62], Total Loss: 15.6713, NLL: 1.9735, Masked: 2.0889, Reg: 2.733269
Epoch [3/62], Total Loss: 14.9407, NLL: 1.9033, Masked: 2.0294, Reg: 2.385204
Epoch [4/62], Total Loss: 14.6105, NLL: 1.8751, Masked: 1.9992, Reg: 2.241961
Epoch [5/62], Total Loss: 14.3721, NLL: 1.8596, Masked: 1.9858, Reg: 2.089108
Epoch [6/62], Total Loss: 14.2178, NLL: 1.8550, Masked: 1.9813, Reg: 1.963077
Epoch [7/62], Total Loss: 14.0506, NLL: 1.8471, Masked: 1.9716, Reg: 1.854984
Epoch [8/62], Total Loss: 13.9385, NLL: 1.8431, Masked: 1.9693, Reg: 1.758926
Epoch [9/62], Total Loss: 13.8541, NLL: 1.8407, Masked: 1.9669, Reg: 1.689061
Epoch [10/62], Total Loss: 13.7865, NLL: 1.8402, Masked: 1.9655, Reg: 1.629744
Epoch [11/62], Total Loss: 13.7172, NLL: 1.8388, Masked: 1.9639, Reg: 1.569840
Epoch [12/62], Total Loss: 13.6323, NLL: 1.8379, Masked: 1.9594, Reg: 1.510008
Epoch [13/62], Total Loss: 13.5797, NLL: 1.8366, Masked: 1.9580, Reg: 1.465973
Epoch [14/62], Total Loss: 13.5515, NLL: 1.8371, Masked: 1.9610, Reg: 1.421323
Epoch [15/62], Total Loss: 13.4568, NLL: 1.8357, Masked: 1.9558, Reg: 1.355316
Epoch [16/62], Total Loss: 13.4345, NLL: 1.8382, Masked: 1.9614, Reg: 1.301364
Epoch [17/62], Total Loss: 13.3690, NLL: 1.8381, Masked: 1.9550, Reg: 1.269232
Epoch [18/62], Total Loss: 13.2928, NLL: 1.8368, Masked: 1.9541, Reg: 1.198888
Epoch [19/62], Total Loss: 13.2436, NLL: 1.8351, Masked: 1.9567, Reg: 1.137988
Epoch [20/62], Total Loss: 13.1939, NLL: 1.8366, Masked: 1.9532, Reg: 1.105447
Epoch [21/62], Total Loss: 13.1486, NLL: 1.8383, Masked: 1.9557, Reg: 1.045280
Epoch [22/62], Total Loss: 13.1626, NLL: 1.8353, Masked: 1.9702, Reg: 0.986069
Epoch [23/62], Total Loss: 13.1989, NLL: 1.8380, Masked: 1.9866, Reg: 0.933356
Epoch [24/62], Total Loss: 13.2120, NLL: 1.8372, Masked: 1.9988, Reg: 0.883389
Epoch [25/62], Total Loss: 13.1857, NLL: 1.8376, Masked: 1.9933, Reg: 0.885632
Epoch [26/62], Total Loss: 13.1525, NLL: 1.8340, Masked: 1.9909, Reg: 0.868534
Epoch [27/62], Total Loss: 13.1457, NLL: 1.8363, Masked: 1.9883, Reg: 0.872936
Epoch [28/62], Total Loss: 13.1474, NLL: 1.8349, Masked: 1.9889, Reg: 0.872901
Epoch [29/62], Total Loss: 13.1434, NLL: 1.8357, Masked: 1.9889, Reg: 0.868223
Epoch [30/62], Total Loss: 13.1310, NLL: 1.8361, Masked: 1.9856, Reg: 0.872541
Epoch [31/62], Total Loss: 13.0974, NLL: 1.8328, Masked: 1.9836, Reg: 0.852672
Epoch [32/62], Total Loss: 13.0808, NLL: 1.8330, Masked: 1.9844, Reg: 0.831811
Epoch [33/62], Total Loss: 13.0525, NLL: 1.8305, Masked: 1.9808, Reg: 0.825085
Epoch [34/62], Total Loss: 13.0655, NLL: 1.8334, Masked: 1.9836, Reg: 0.820250
Epoch [35/62], Total Loss: 13.0927, NLL: 1.8328, Masked: 1.9871, Reg: 0.829906
Epoch [36/62], Total Loss: 13.1022, NLL: 1.8343, Masked: 1.9844, Reg: 0.851949
Epoch [37/62], Total Loss: 13.1257, NLL: 1.8344, Masked: 1.9886, Reg: 0.853231
Epoch [38/62], Total Loss: 13.0958, NLL: 1.8353, Masked: 1.9844, Reg: 0.844732
Epoch [39/62], Total Loss: 13.0793, NLL: 1.8336, Masked: 1.9846, Reg: 0.828837
Epoch [40/62], Total Loss: 13.0483, NLL: 1.8319, Masked: 1.9823, Reg: 0.811524
Epoch [41/62], Total Loss: 13.0558, NLL: 1.8324, Masked: 1.9807, Reg: 0.826712
Epoch [42/62], Total Loss: 13.0891, NLL: 1.8351, Masked: 1.9869, Reg: 0.824777
Epoch [43/62], Total Loss: 13.0661, NLL: 1.8327, Masked: 1.9854, Reg: 0.812376
Epoch [44/62], Total Loss: 13.0325, NLL: 1.8303, Masked: 1.9807, Reg: 0.805508
Epoch [45/62], Total Loss: 13.0759, NLL: 1.8339, Masked: 1.9853, Reg: 0.821323
Epoch [46/62], Total Loss: 13.0676, NLL: 1.8325, Masked: 1.9853, Reg: 0.814432
Epoch [47/62], Total Loss: 13.0356, NLL: 1.8318, Masked: 1.9816, Reg: 0.802435
Epoch [48/62], Total Loss: 13.0390, NLL: 1.8313, Masked: 1.9812, Reg: 0.808421
Epoch [49/62], Total Loss: 13.0528, NLL: 1.8331, Masked: 1.9819, Reg: 0.817120
Epoch [50/62], Total Loss: 13.0622, NLL: 1.8333, Masked: 1.9846, Reg: 0.811958
Epoch [51/62], Total Loss: 13.0384, NLL: 1.8334, Masked: 1.9813, Reg: 0.805551
Epoch [52/62], Total Loss: 13.0278, NLL: 1.8303, Masked: 1.9830, Reg: 0.788740
Epoch [53/62], Total Loss: 13.0364, NLL: 1.8294, Masked: 1.9860, Reg: 0.782536
Epoch [54/62], Total Loss: 13.0405, NLL: 1.8323, Masked: 1.9834, Reg: 0.797521
Epoch [55/62], Total Loss: 13.0203, NLL: 1.8315, Masked: 1.9822, Reg: 0.784237
Epoch [56/62], Total Loss: 13.0084, NLL: 1.8321, Masked: 1.9817, Reg: 0.774687
Epoch [57/62], Total Loss: 13.0590, NLL: 1.8338, Masked: 1.9851, Reg: 0.805761
Epoch [58/62], Total Loss: 13.0211, NLL: 1.8328, Masked: 1.9808, Reg: 0.791425
Epoch [59/62], Total Loss: 12.9966, NLL: 1.8293, Masked: 1.9774, Reg: 0.788130
Epoch [60/62], Total Loss: 13.0143, NLL: 1.8295, Masked: 1.9828, Reg: 0.777146
Epoch [61/62], Total Loss: 13.0458, NLL: 1.8314, Masked: 1.9877, Reg: 0.781265
Epoch [62/62], Total Loss: 12.9856, NLL: 1.8309, Masked: 1.9787, Reg: 0.768600

==================================================
EVALUATING ON TRAINING DATA
==================================================

==================================================
TEST RESULTS
==================================================
Total Loss: 12.679744
  - ZINB NLL: 1.803263
Total number of masked values: 9410814
  - Number of values with pi >= 0.4490747468376197: 16983
  - Number of values with pi < 0.4490747468376197: 9393831
  - Masked Reconstruction: 1.923158
  - Regularization: 0.782038
Mean Absolute Error (MAE): 1.829051
R² Score: 0.157865
==================================================


==================================================
TEST RESULTS
==================================================
Total Loss: 12.902505
  - ZINB NLL: 1.862126
Total number of masked values: 2621733
  - Number of values with pi >= 0.4490747468376197: 0
  - Number of values with pi < 0.4490747468376197: 2621733
  - Masked Reconstruction: 1.954384
  - Regularization: 0.782038
Mean Absolute Error (MAE): 1.906778
R² Score: 0.184221
==================================================


>>> Optimizing zinb_nll on VALIDATION set: 1.862126
>>> Full validation metrics: {'total_loss': 12.902505445892597, 'zinb_nll': 1.8621257931767006, 'mae': 1.9067779779434204, 'r2': 0.18422096967697144, 'masked_loss': 1.9543836621798425, 'reg_loss': 0.7820376699906157}

Iteration No: 13 ended. Evaluation done at random point.
Time taken: 859.1987
Function value obtained: 1.8621
Current minimum: 1.5384
Iteration No: 14 started. Evaluating function at random point.

================================================================================
Trial with parameters:
  features: Nucl
  data_point_length: 2114
  step_size: 0.4406227368023041
  bin_size: 30
  sample_fraction: 0.49191307317895044
  moving_average: False
  first_layer_size_factor: 24
  num_layers: 4
  use_conv: False
  conv_channel: 49
  pool_size: 5
  kernel_size: 5
  epochs: 103
  batch_size: 32
  pi_threshold: 0.3020739451095947
  learning_rate: 0.0007650384182489976
  dropout_rate: 0.09713697675602115
  masked_recon_weight: 0.001922045516038562
  regularizer: l2
  regularization_weight: 2.2666252229443243e-05
================================================================================

Creating datasets with:
  features: ['Nucl']
  bin_size: 30
  moving_average: False
  data_point_length: 70 (from 2114)
  step_size: 30 (from fraction 0.4406227368023041)
  layers: [np.int64(384), np.int64(192), np.int64(96), np.int64(48)] (first=384, num=4)
  stride: 1 (fixed), padding: same (fixed)


Clipping outliers using 95th percentile * 1.5...
strain_yTW001: Clipping values above 134.25 (P95=89.50). Clipped 27529/1193409 values (2.31%)
strain_FD: Clipping values above 71.92 (P95=47.94). Clipped 95791/4127807 values (2.32%)
strain_dnrp: Clipping values above 243.00 (P95=162.00). Clipped 25649/1119454 values (2.29%)
strain_yEK19: Clipping values above 77.10 (P95=51.40). Clipped 83713/3893623 values (2.15%)
strain_yEK23: Clipping values above 72.00 (P95=48.00). Clipped 86381/3558407 values (2.43%)
strain_yWT03a: Clipping values above 15.00 (P95=10.00). Clipped 10602/347679 values (3.05%)
strain_yWT04a: Clipping values above 58.50 (P95=39.00). Clipped 21095/725406 values (2.91%)
strain_ylic137: Clipping values above 142.50 (P95=95.00). Clipped 28746/1112684 values (2.58%)
Standardizing features: ['Nucl']
Column order in final array (Dataset/Chrom split): ['Value', 'Nucleosome_Distance', 'Value_Raw', 'Size_Factor']
Removing 0 empty data points out of 74096
Column order in final array (Dataset/Chrom split): ['Value', 'Nucleosome_Distance', 'Value_Raw', 'Size_Factor']
Removing 0 empty data points out of 19768
Column order in final array (Dataset/Chrom split): ['Value', 'Nucleosome_Distance', 'Value_Raw', 'Size_Factor']
Removing 0 empty data points out of 13328
Datasets created:
  Train: (74096, 70, 4), Val: (19768, 70, 4), Test: (13328, 70, 4)

Randomly sampled 36448/74096 samples (49.2%)
Applied denoising with 15.0% masking
Applied denoising with 15.0% masking
Applied denoising with 15.0% masking
Epoch [1/103], Total Loss: 1.7580, NLL: 1.7523, Masked: 2.9615, Reg: 0.014162
Epoch [2/103], Total Loss: 1.7228, NLL: 1.7178, Masked: 2.6060, Reg: 0.013119
Epoch [3/103], Total Loss: 1.7185, NLL: 1.7135, Masked: 2.5919, Reg: 0.011281
Epoch [4/103], Total Loss: 1.6987, NLL: 1.6938, Masked: 2.5484, Reg: 0.011159
Epoch [5/103], Total Loss: 1.6723, NLL: 1.6674, Masked: 2.5149, Reg: 0.012985
Epoch [6/103], Total Loss: 1.6463, NLL: 1.6417, Masked: 2.4273, Reg: 0.014102
Epoch [7/103], Total Loss: 1.6402, NLL: 1.6353, Masked: 2.5573, Reg: 0.014676
Epoch [8/103], Total Loss: 1.6370, NLL: 1.6324, Masked: 2.4046, Reg: 0.015569
Epoch [9/103], Total Loss: 1.6341, NLL: 1.6295, Masked: 2.3774, Reg: 0.016140
Epoch [10/103], Total Loss: 1.6338, NLL: 1.6292, Masked: 2.3759, Reg: 0.016729
Epoch [11/103], Total Loss: 1.6338, NLL: 1.6293, Masked: 2.3722, Reg: 0.017075
Epoch [12/103], Total Loss: 1.6294, NLL: 1.6247, Masked: 2.4176, Reg: 0.017501
Epoch [13/103], Total Loss: 1.6237, NLL: 1.6192, Masked: 2.3531, Reg: 0.018051
Epoch [14/103], Total Loss: 1.6210, NLL: 1.6165, Masked: 2.3584, Reg: 0.018469
Epoch [15/103], Total Loss: 1.6184, NLL: 1.6140, Masked: 2.3225, Reg: 0.018700
Epoch [16/103], Total Loss: 1.6173, NLL: 1.6128, Masked: 2.3253, Reg: 0.018923
Epoch [17/103], Total Loss: 1.6190, NLL: 1.6146, Masked: 2.3295, Reg: 0.019125
Epoch [18/103], Total Loss: 1.6166, NLL: 1.6122, Masked: 2.3134, Reg: 0.019290
Epoch [19/103], Total Loss: 1.6161, NLL: 1.6116, Masked: 2.3432, Reg: 0.019508
Epoch [20/103], Total Loss: 1.6114, NLL: 1.6069, Masked: 2.2952, Reg: 0.019596
Epoch [21/103], Total Loss: 1.6104, NLL: 1.6060, Masked: 2.3002, Reg: 0.019711
Epoch [22/103], Total Loss: 1.6080, NLL: 1.6036, Masked: 2.2906, Reg: 0.019895
Epoch [23/103], Total Loss: 1.6090, NLL: 1.6046, Masked: 2.3017, Reg: 0.020052
Epoch [24/103], Total Loss: 1.6073, NLL: 1.6030, Masked: 2.2869, Reg: 0.020449
Epoch [25/103], Total Loss: 1.6211, NLL: 1.6036, Masked: 9.1497, Reg: 0.020630
Epoch [26/103], Total Loss: 1.6060, NLL: 1.6016, Masked: 2.2730, Reg: 0.020731
Epoch [27/103], Total Loss: 1.6069, NLL: 1.6013, Masked: 2.8954, Reg: 0.020965
Epoch [28/103], Total Loss: 1.6033, NLL: 1.5990, Masked: 2.2571, Reg: 0.020859
Epoch [29/103], Total Loss: 5.0312, NLL: 1.6013, Masked: 1784.5322, Reg: 0.021078
Epoch [30/103], Total Loss: 1.6044, NLL: 1.5994, Masked: 2.6268, Reg: 0.021470
Epoch [31/103], Total Loss: 1.6054, NLL: 1.6010, Masked: 2.3128, Reg: 0.021530
Epoch [32/103], Total Loss: 1.6022, NLL: 1.5978, Masked: 2.2923, Reg: 0.021961
Epoch [33/103], Total Loss: 1.6024, NLL: 1.5980, Masked: 2.2720, Reg: 0.022407
Epoch [34/103], Total Loss: 1.5995, NLL: 1.5951, Masked: 2.2531, Reg: 0.022537
Epoch [35/103], Total Loss: 1.6008, NLL: 1.5963, Masked: 2.3167, Reg: 0.022675
Epoch [36/103], Total Loss: 1.6007, NLL: 1.5963, Masked: 2.2835, Reg: 0.022954
Epoch [37/103], Total Loss: 1.5998, NLL: 1.5954, Masked: 2.2757, Reg: 0.023102
Epoch [38/103], Total Loss: 1.6081, NLL: 1.6022, Masked: 3.0554, Reg: 0.023734
Epoch [39/103], Total Loss: 1.6033, NLL: 1.5987, Masked: 2.4145, Reg: 0.023993
Epoch [40/103], Total Loss: 1.5982, NLL: 1.5938, Masked: 2.2901, Reg: 0.024112
Epoch [41/103], Total Loss: 1.5964, NLL: 1.5921, Masked: 2.2454, Reg: 0.024324
Epoch [42/103], Total Loss: 1.6131, NLL: 1.5934, Masked: 10.2205, Reg: 0.024474
Epoch [43/103], Total Loss: 1.5965, NLL: 1.5921, Masked: 2.2800, Reg: 0.024845
Epoch [44/103], Total Loss: 1.5949, NLL: 1.5905, Masked: 2.2543, Reg: 0.024700
Epoch [45/103], Total Loss: 1.5952, NLL: 1.5909, Masked: 2.2496, Reg: 0.024807
Epoch [46/103], Total Loss: 1.5953, NLL: 1.5909, Masked: 2.2724, Reg: 0.024761
Epoch [47/103], Total Loss: 1.5932, NLL: 1.5889, Masked: 2.2361, Reg: 0.024912
Epoch [48/103], Total Loss: 1.5957, NLL: 1.5911, Masked: 2.3871, Reg: 0.025341
Epoch [49/103], Total Loss: 1.5962, NLL: 1.5917, Masked: 2.3194, Reg: 0.025768
Epoch [50/103], Total Loss: 1.5986, NLL: 1.5942, Masked: 2.2558, Reg: 0.025962
Epoch [51/103], Total Loss: 1.5945, NLL: 1.5900, Masked: 2.3371, Reg: 0.026105
Epoch [52/103], Total Loss: 1.5925, NLL: 1.5882, Masked: 2.2732, Reg: 0.026422
Epoch [53/103], Total Loss: 1.5991, NLL: 1.5942, Masked: 2.5504, Reg: 0.026966
Epoch [54/103], Total Loss: 1.5921, NLL: 1.5877, Masked: 2.2683, Reg: 0.027398
Epoch [55/103], Total Loss: 1.5926, NLL: 1.5882, Masked: 2.3159, Reg: 0.027383
Epoch [56/103], Total Loss: 8.5122, NLL: 1.5883, Masked: 3602.3455, Reg: 0.027532
Epoch [57/103], Total Loss: 1.5949, NLL: 1.5888, Masked: 3.1911, Reg: 0.028084
Epoch [58/103], Total Loss: 1.5886, NLL: 1.5837, Masked: 2.5681, Reg: 0.028289
Epoch [59/103], Total Loss: 1.5848, NLL: 1.5805, Masked: 2.2342, Reg: 0.028365
Epoch [60/103], Total Loss: 1.5865, NLL: 1.5822, Masked: 2.2403, Reg: 0.028493
Epoch [61/103], Total Loss: 1.5843, NLL: 1.5800, Masked: 2.2217, Reg: 0.028895
Epoch [62/103], Total Loss: 1.5818, NLL: 1.5775, Masked: 2.2446, Reg: 0.029133
Epoch [63/103], Total Loss: 1.5940, NLL: 1.5815, Masked: 6.5186, Reg: 0.029085
Epoch [64/103], Total Loss: 1.5845, NLL: 1.5801, Masked: 2.2774, Reg: 0.029542
Epoch [65/103], Total Loss: 1.5791, NLL: 1.5749, Masked: 2.1972, Reg: 0.029749
Epoch [66/103], Total Loss: 8.0351, NLL: 1.5837, Masked: 3356.5014, Reg: 0.030071
Epoch [67/103], Total Loss: 1.5789, NLL: 1.5746, Masked: 2.2183, Reg: 0.030204
Epoch [68/103], Total Loss: 1.5810, NLL: 1.5767, Masked: 2.2422, Reg: 0.030346
Epoch [69/103], Total Loss: 1.5778, NLL: 1.5736, Masked: 2.2121, Reg: 0.030497
Epoch [70/103], Total Loss: 1.5791, NLL: 1.5748, Masked: 2.2327, Reg: 0.030670
Epoch [71/103], Total Loss: 1.5782, NLL: 1.5739, Masked: 2.2277, Reg: 0.030932
Epoch [72/103], Total Loss: 1.5814, NLL: 1.5768, Masked: 2.3662, Reg: 0.031414
Epoch [73/103], Total Loss: 1.5759, NLL: 1.5716, Masked: 2.2158, Reg: 0.031496
Epoch [74/103], Total Loss: 1.5754, NLL: 1.5711, Masked: 2.2248, Reg: 0.031519
Epoch [75/103], Total Loss: 1.5833, NLL: 1.5789, Masked: 2.3145, Reg: 0.031561
Epoch [76/103], Total Loss: 1.7038, NLL: 1.5727, Masked: 68.1880, Reg: 0.031867
Epoch [77/103], Total Loss: 1.5744, NLL: 1.5701, Masked: 2.2217, Reg: 0.032044
Epoch [78/103], Total Loss: 1.5747, NLL: 1.5704, Masked: 2.2285, Reg: 0.032111
Epoch [79/103], Total Loss: 1.5734, NLL: 1.5692, Masked: 2.2133, Reg: 0.032451
Epoch [80/103], Total Loss: 1.5737, NLL: 1.5694, Masked: 2.2079, Reg: 0.032546
Epoch [81/103], Total Loss: 1.5724, NLL: 1.5681, Masked: 2.2276, Reg: 0.032849
Epoch [82/103], Total Loss: 1.5741, NLL: 1.5698, Masked: 2.2477, Reg: 0.033010
Epoch [83/103], Total Loss: 1.5703, NLL: 1.5661, Masked: 2.1811, Reg: 0.033080
Epoch [84/103], Total Loss: 1.5723, NLL: 1.5681, Masked: 2.2241, Reg: 0.033193
Epoch [85/103], Total Loss: 1.5712, NLL: 1.5670, Masked: 2.1929, Reg: 0.033318
Epoch [86/103], Total Loss: 1.5737, NLL: 1.5682, Masked: 2.8610, Reg: 0.033459
Epoch [87/103], Total Loss: 1.5710, NLL: 1.5667, Masked: 2.2025, Reg: 0.033734
Epoch [88/103], Total Loss: 1.5728, NLL: 1.5685, Masked: 2.2086, Reg: 0.033973
Epoch [89/103], Total Loss: 1.5705, NLL: 1.5663, Masked: 2.2077, Reg: 0.034089
Epoch [90/103], Total Loss: 4.9774, NLL: 1.8986, Masked: 1601.8495, Reg: 0.034400
Epoch [91/103], Total Loss: 1.5726, NLL: 1.5683, Masked: 2.2517, Reg: 0.034983
Epoch [92/103], Total Loss: 1.5696, NLL: 1.5654, Masked: 2.2027, Reg: 0.034966
Epoch [93/103], Total Loss: 1.5701, NLL: 1.5659, Masked: 2.1865, Reg: 0.034889
Epoch [94/103], Total Loss: 1.5691, NLL: 1.5649, Masked: 2.1807, Reg: 0.034813
Epoch [95/103], Total Loss: 1.5711, NLL: 1.5667, Masked: 2.2946, Reg: 0.034781
Epoch [96/103], Total Loss: 1.5683, NLL: 1.5641, Masked: 2.1825, Reg: 0.034963
Epoch [97/103], Total Loss: 1.5696, NLL: 1.5654, Masked: 2.2046, Reg: 0.035011
Epoch [98/103], Total Loss: 1.5708, NLL: 1.5666, Masked: 2.2272, Reg: 0.035298
Epoch [99/103], Total Loss: 1.5693, NLL: 1.5651, Masked: 2.2044, Reg: 0.035375
Epoch [100/103], Total Loss: 1.5685, NLL: 1.5643, Masked: 2.1981, Reg: 0.035454
Epoch [101/103], Total Loss: 1.5691, NLL: 1.5649, Masked: 2.1999, Reg: 0.035663
Epoch [102/103], Total Loss: 1.5690, NLL: 1.5647, Masked: 2.2026, Reg: 0.035758
Epoch [103/103], Total Loss: 1.5674, NLL: 1.5632, Masked: 2.1958, Reg: 0.035983

==================================================
EVALUATING ON TRAINING DATA
==================================================

==================================================
TEST RESULTS
==================================================
Total Loss: 1.546584
  - ZINB NLL: 1.542563
Total number of masked values: 272994
  - Number of values with pi >= 0.3020739451095947: 0
  - Number of values with pi < 0.3020739451095947: 272994
  - Masked Reconstruction: 2.091848
  - Regularization: 0.035997
Mean Absolute Error (MAE): 1.768117
R² Score: 0.545843
==================================================


==================================================
TEST RESULTS
==================================================
Total Loss: 1.608735
  - ZINB NLL: 1.604653
Total number of masked values: 150578
  - Number of values with pi >= 0.3020739451095947: 0
  - Number of values with pi < 0.3020739451095947: 150578
  - Masked Reconstruction: 2.123737
  - Regularization: 0.035997
Mean Absolute Error (MAE): 1.862453
R² Score: 0.526422
==================================================


>>> Optimizing zinb_nll on VALIDATION set: 1.604653
>>> Full validation metrics: {'total_loss': 1.6087349797009167, 'zinb_nll': 1.6046530606051004, 'mae': 1.8624529838562012, 'r2': 0.5264219045639038, 'masked_loss': 2.123737050907084, 'reg_loss': 0.03599684735563721}

Iteration No: 14 ended. Evaluation done at random point.
Time taken: 610.3527
Function value obtained: 1.6047
Current minimum: 1.5384
Iteration No: 15 started. Evaluating function at random point.

================================================================================
Trial with parameters:
  features: Nucl
  data_point_length: 624
  step_size: 0.6841486716306691
  bin_size: 44
  sample_fraction: 0.7540196014713996
  moving_average: True
  first_layer_size_factor: 27
  num_layers: 5
  use_conv: False
  conv_channel: 112
  pool_size: 4
  kernel_size: 3
  epochs: 66
  batch_size: 64
  pi_threshold: 0.43066049671841633
  learning_rate: 0.003045138228078815
  dropout_rate: 0.13577145790987097
  masked_recon_weight: 7.261181986116003
  regularizer: l2
  regularization_weight: 7.83721074224163
================================================================================

Creating datasets with:
  features: ['Nucl']
  bin_size: 44
  moving_average: True
  data_point_length: 624 (from 624)
  step_size: 426 (from fraction 0.6841486716306691)
  layers: [np.int64(432), np.int64(216), np.int64(108), np.int64(54), np.int64(27)] (first=432, num=5)
  stride: 1 (fixed), padding: same (fixed)


Clipping outliers using 95th percentile * 1.5...
strain_yTW001: Clipping values above 134.25 (P95=89.50). Clipped 27529/1193409 values (2.31%)
strain_FD: Clipping values above 71.92 (P95=47.94). Clipped 95791/4127807 values (2.32%)
strain_dnrp: Clipping values above 243.00 (P95=162.00). Clipped 25649/1119454 values (2.29%)
strain_yEK19: Clipping values above 77.10 (P95=51.40). Clipped 83713/3893623 values (2.15%)
strain_yEK23: Clipping values above 72.00 (P95=48.00). Clipped 86381/3558407 values (2.43%)
strain_yWT03a: Clipping values above 15.00 (P95=10.00). Clipped 10602/347679 values (3.05%)
strain_yWT04a: Clipping values above 58.50 (P95=39.00). Clipped 21095/725406 values (2.91%)
strain_ylic137: Clipping values above 142.50 (P95=95.00). Clipped 28746/1112684 values (2.58%)
Standardizing features: ['Nucl']
Column order in final array (Dataset/Chrom split): ['Value', 'Nucleosome_Distance', 'Value_Raw', 'Size_Factor']
Removing 0 empty data points out of 156664
Column order in final array (Dataset/Chrom split): ['Value', 'Nucleosome_Distance', 'Value_Raw', 'Size_Factor']
Removing 0 empty data points out of 41800
Column order in final array (Dataset/Chrom split): ['Value', 'Nucleosome_Distance', 'Value_Raw', 'Size_Factor']
Removing 0 empty data points out of 28224
Datasets created:
  Train: (156664, 624, 4), Val: (41800, 624, 4), Test: (28224, 624, 4)

Randomly sampled 118127/156664 samples (75.4%)
Applied denoising with 15.0% masking
Applied denoising with 15.0% masking
Applied denoising with 15.0% masking
Epoch [1/66], Total Loss: 107.2947, NLL: 3.2518, Masked: 14.3287, Reg: 2830.091917
Epoch [2/66], Total Loss: 22.5813, NLL: 3.3701, Masked: 2.6457, Reg: 0.045382
Epoch [3/66], Total Loss: 22.5739, NLL: 3.3702, Masked: 2.6447, Reg: 0.069080
Epoch [4/66], Total Loss: 22.5739, NLL: 3.3702, Masked: 2.6447, Reg: 0.085710
Epoch [5/66], Total Loss: 22.5730, NLL: 3.3702, Masked: 2.6446, Reg: 0.088310
Epoch [6/66], Total Loss: 22.5822, NLL: 3.3702, Masked: 2.6459, Reg: 0.089340
Epoch [7/66], Total Loss: 22.5823, NLL: 3.3702, Masked: 2.6459, Reg: 0.089041
Epoch [8/66], Total Loss: 22.5702, NLL: 3.3702, Masked: 2.6442, Reg: 0.089147
Epoch [9/66], Total Loss: 22.5753, NLL: 3.3702, Masked: 2.6449, Reg: 0.089152
Epoch [10/66], Total Loss: 22.5808, NLL: 3.3702, Masked: 2.6457, Reg: 0.089050
Epoch [11/66], Total Loss: 22.5727, NLL: 3.3702, Masked: 2.6445, Reg: 0.089092
Epoch [12/66], Total Loss: 22.5708, NLL: 3.3702, Masked: 2.6443, Reg: 0.089179
Epoch [13/66], Total Loss: 22.5766, NLL: 3.3702, Masked: 2.6451, Reg: 0.089177
Epoch [14/66], Total Loss: 22.5761, NLL: 3.3702, Masked: 2.6450, Reg: 0.089068
Epoch [15/66], Total Loss: 22.5815, NLL: 3.3702, Masked: 2.6458, Reg: 0.089180
Epoch [16/66], Total Loss: 22.5748, NLL: 3.3702, Masked: 2.6448, Reg: 0.089095
Epoch [17/66], Total Loss: 22.5748, NLL: 3.3702, Masked: 2.6448, Reg: 0.089121
Epoch [18/66], Total Loss: 22.5750, NLL: 3.3702, Masked: 2.6449, Reg: 0.089201
Epoch [19/66], Total Loss: 22.5706, NLL: 3.3702, Masked: 2.6443, Reg: 0.089138
Epoch [20/66], Total Loss: 22.5803, NLL: 3.3702, Masked: 2.6456, Reg: 0.089080
Epoch [21/66], Total Loss: 22.5724, NLL: 3.3702, Masked: 2.6445, Reg: 0.089162
Epoch [22/66], Total Loss: 22.5775, NLL: 3.3702, Masked: 2.6452, Reg: 0.089128
Epoch [23/66], Total Loss: 22.5703, NLL: 3.3702, Masked: 2.6442, Reg: 0.089163
Epoch [24/66], Total Loss: 22.5766, NLL: 3.3702, Masked: 2.6451, Reg: 0.089109
Epoch [25/66], Total Loss: 22.5788, NLL: 3.3702, Masked: 2.6454, Reg: 0.089115
Epoch [26/66], Total Loss: 22.5815, NLL: 3.3702, Masked: 2.6458, Reg: 0.089103
Epoch [27/66], Total Loss: 22.5807, NLL: 3.3702, Masked: 2.6456, Reg: 0.089172
Epoch [28/66], Total Loss: 22.5769, NLL: 3.3702, Masked: 2.6451, Reg: 0.089172
Epoch [29/66], Total Loss: 22.5738, NLL: 3.3702, Masked: 2.6447, Reg: 0.089096
Epoch [30/66], Total Loss: 22.5722, NLL: 3.3702, Masked: 2.6445, Reg: 0.089093
Epoch [31/66], Total Loss: 22.5805, NLL: 3.3702, Masked: 2.6456, Reg: 0.089195
Epoch [32/66], Total Loss: 22.5753, NLL: 3.3702, Masked: 2.6449, Reg: 0.089089
Epoch [33/66], Total Loss: 22.5790, NLL: 3.3702, Masked: 2.6454, Reg: 0.089121
Epoch [34/66], Total Loss: 22.5740, NLL: 3.3702, Masked: 2.6447, Reg: 0.089160
Epoch [35/66], Total Loss: 22.5773, NLL: 3.3702, Masked: 2.6452, Reg: 0.089115
Epoch [36/66], Total Loss: 22.5727, NLL: 3.3702, Masked: 2.6445, Reg: 0.089183
Epoch [37/66], Total Loss: 22.5736, NLL: 3.3702, Masked: 2.6447, Reg: 0.089085
Epoch [38/66], Total Loss: 22.5716, NLL: 3.3702, Masked: 2.6444, Reg: 0.089157
Epoch [39/66], Total Loss: 22.5775, NLL: 3.3702, Masked: 2.6452, Reg: 0.089045
Epoch [40/66], Total Loss: 22.5797, NLL: 3.3702, Masked: 2.6455, Reg: 0.089233
Epoch [41/66], Total Loss: 22.5820, NLL: 3.3702, Masked: 2.6458, Reg: 0.089162
Epoch [42/66], Total Loss: 22.5772, NLL: 3.3702, Masked: 2.6452, Reg: 0.089065
Epoch [43/66], Total Loss: 22.5782, NLL: 3.3702, Masked: 2.6453, Reg: 0.089158
Epoch [44/66], Total Loss: 22.5789, NLL: 3.3702, Masked: 2.6454, Reg: 0.089122
Epoch [45/66], Total Loss: 22.5723, NLL: 3.3702, Masked: 2.6445, Reg: 0.089143
Epoch [46/66], Total Loss: 22.5731, NLL: 3.3702, Masked: 2.6446, Reg: 0.089145
Epoch [47/66], Total Loss: 22.5764, NLL: 3.3702, Masked: 2.6451, Reg: 0.089152
Epoch [48/66], Total Loss: 22.5760, NLL: 3.3702, Masked: 2.6450, Reg: 0.089118
Epoch [49/66], Total Loss: 22.5762, NLL: 3.3702, Masked: 2.6450, Reg: 0.089118
Epoch [50/66], Total Loss: 22.5729, NLL: 3.3702, Masked: 2.6446, Reg: 0.089126
Epoch [51/66], Total Loss: 22.5758, NLL: 3.3702, Masked: 2.6450, Reg: 0.089181
Epoch [52/66], Total Loss: 22.5789, NLL: 3.3702, Masked: 2.6454, Reg: 0.089055
Epoch [53/66], Total Loss: 22.5723, NLL: 3.3702, Masked: 2.6445, Reg: 0.089223
Epoch [54/66], Total Loss: 22.5780, NLL: 3.3702, Masked: 2.6453, Reg: 0.089092
Epoch [55/66], Total Loss: 22.5797, NLL: 3.3702, Masked: 2.6455, Reg: 0.089150
Epoch [56/66], Total Loss: 22.5690, NLL: 3.3702, Masked: 2.6440, Reg: 0.089166
Epoch [57/66], Total Loss: 22.5725, NLL: 3.3702, Masked: 2.6445, Reg: 0.089074
Epoch [58/66], Total Loss: 22.5752, NLL: 3.3702, Masked: 2.6449, Reg: 0.089165
Epoch [59/66], Total Loss: 22.5757, NLL: 3.3702, Masked: 2.6450, Reg: 0.089109
Epoch [60/66], Total Loss: 22.5772, NLL: 3.3702, Masked: 2.6452, Reg: 0.089134
Epoch [61/66], Total Loss: 22.5760, NLL: 3.3702, Masked: 2.6450, Reg: 0.089122
Epoch [62/66], Total Loss: 22.5723, NLL: 3.3702, Masked: 2.6445, Reg: 0.089135
Epoch [63/66], Total Loss: 22.5773, NLL: 3.3702, Masked: 2.6452, Reg: 0.089107
Epoch [64/66], Total Loss: 22.5708, NLL: 3.3702, Masked: 2.6443, Reg: 0.089094
Epoch [65/66], Total Loss: 22.5709, NLL: 3.3702, Masked: 2.6443, Reg: 0.089176
Epoch [66/66], Total Loss: 22.5746, NLL: 3.3702, Masked: 2.6448, Reg: 0.089163

==================================================
EVALUATING ON TRAINING DATA
==================================================

==================================================
TEST RESULTS
==================================================
Total Loss: 22.578975
  - ZINB NLL: 3.370221
Total number of masked values: 9012604
  - Number of values with pi >= 0.43066049671841633: 9012604
  - Number of values with pi < 0.43066049671841633: 0
  - Masked Reconstruction: 2.645403
  - Regularization: 0.087267
Mean Absolute Error (MAE): 2.172834
R² Score: -0.199803
==================================================


==================================================
TEST RESULTS
==================================================
Total Loss: 22.265818
  - ZINB NLL: 3.402533
Total number of masked values: 3227226
  - Number of values with pi >= 0.43066049671841633: 3227226
  - Number of values with pi < 0.43066049671841633: 0
  - Masked Reconstruction: 2.597826
  - Regularization: 0.087267
Mean Absolute Error (MAE): 2.315225
R² Score: -0.235583
==================================================


>>> Optimizing zinb_nll on VALIDATION set: 3.402533
>>> Full validation metrics: {'total_loss': 22.265817616658918, 'zinb_nll': 3.4025332161113977, 'mae': 2.31522536277771, 'r2': -0.23558294773101807, 'masked_loss': 2.5978256430922513, 'reg_loss': 0.08726733278135308}

Iteration No: 15 ended. Evaluation done at random point.
Time taken: 1256.7469
Function value obtained: 3.4025
Current minimum: 1.5384
Iteration No: 16 started. Evaluating function at random point.

================================================================================
Trial with parameters:
  features: Centr_Nucl
  data_point_length: 2351
  step_size: 0.7746341580753955
  bin_size: 15
  sample_fraction: 0.34955906668222736
  moving_average: False
  first_layer_size_factor: 108
  num_layers: 1
  use_conv: True
  conv_channel: 65
  pool_size: 6
  kernel_size: 5
  epochs: 52
  batch_size: 32
  pi_threshold: 0.47132578997604313
  learning_rate: 0.0011627857539267454
  dropout_rate: 0.02909679775422181
  masked_recon_weight: 4.57988855821619
  regularizer: l2
  regularization_weight: 0.0004769924600707108
================================================================================

Creating datasets with:
  features: ['Centr', 'Nucl']
  bin_size: 15
  moving_average: False
  data_point_length: 156 (from 2351)
  step_size: 120 (from fraction 0.7746341580753955)
  layers: [np.int64(1728)] (first=1728, num=1)
  stride: 1 (fixed), padding: same (fixed)


Clipping outliers using 95th percentile * 1.5...
strain_yTW001: Clipping values above 134.25 (P95=89.50). Clipped 27529/1193409 values (2.31%)
strain_FD: Clipping values above 71.92 (P95=47.94). Clipped 95791/4127807 values (2.32%)
strain_dnrp: Clipping values above 243.00 (P95=162.00). Clipped 25649/1119454 values (2.29%)
strain_yEK19: Clipping values above 77.10 (P95=51.40). Clipped 83713/3893623 values (2.15%)
strain_yEK23: Clipping values above 72.00 (P95=48.00). Clipped 86381/3558407 values (2.43%)
strain_yWT03a: Clipping values above 15.00 (P95=10.00). Clipped 10602/347679 values (3.05%)
strain_yWT04a: Clipping values above 58.50 (P95=39.00). Clipped 21095/725406 values (2.91%)
strain_ylic137: Clipping values above 142.50 (P95=95.00). Clipped 28746/1112684 values (2.58%)
Standardizing features: ['Centr', 'Nucl']
Column order in final array (Dataset/Chrom split): ['Value', 'Nucleosome_Distance', 'Centromere_Distance', 'Value_Raw', 'Size_Factor']
Removing 0 empty data points out of 37088
Column order in final array (Dataset/Chrom split): ['Value', 'Nucleosome_Distance', 'Centromere_Distance', 'Value_Raw', 'Size_Factor']
Removing 0 empty data points out of 9904
Column order in final array (Dataset/Chrom split): ['Value', 'Nucleosome_Distance', 'Centromere_Distance', 'Value_Raw', 'Size_Factor']
Removing 0 empty data points out of 6688
Datasets created:
  Train: (37088, 156, 5), Val: (9904, 156, 5), Test: (6688, 156, 5)

Randomly sampled 12964/37088 samples (35.0%)
Applied denoising with 15.0% masking
Applied denoising with 15.0% masking
Applied denoising with 15.0% masking
Epoch [1/52], Total Loss: 11893.5299, NLL: 2.1853, Masked: 2596.4265, Reg: 0.388854
Epoch [2/52], Total Loss: 15.7934, NLL: 1.9049, Masked: 3.0325, Reg: 0.314649
Epoch [3/52], Total Loss: 14.9392, NLL: 1.7572, Masked: 2.8782, Reg: 0.292883
Epoch [4/52], Total Loss: 14.6152, NLL: 1.7097, Masked: 2.8179, Reg: 0.292592
Epoch [5/52], Total Loss: 14.2681, NLL: 1.6856, Masked: 2.7473, Reg: 0.304687
Epoch [6/52], Total Loss: 14.0565, NLL: 1.6754, Masked: 2.7034, Reg: 0.327634
Epoch [7/52], Total Loss: 13.8848, NLL: 1.6662, Masked: 2.6679, Reg: 0.357028
Epoch [8/52], Total Loss: 13.7108, NLL: 1.6578, Masked: 2.6317, Reg: 0.375273
Epoch [9/52], Total Loss: 13.5609, NLL: 1.6487, Masked: 2.6010, Reg: 0.397365
Epoch [10/52], Total Loss: 13.4540, NLL: 1.6450, Masked: 2.5784, Reg: 0.420502
Epoch [11/52], Total Loss: 13.3522, NLL: 1.6370, Masked: 2.5580, Reg: 0.436947
Epoch [12/52], Total Loss: 13.2058, NLL: 1.6352, Masked: 2.5264, Reg: 0.450702
Epoch [13/52], Total Loss: 13.1704, NLL: 1.6335, Masked: 2.5190, Reg: 0.479178
Epoch [14/52], Total Loss: 13.0248, NLL: 1.6315, Masked: 2.4877, Reg: 0.492960
Epoch [15/52], Total Loss: 12.9738, NLL: 1.6278, Masked: 2.4774, Reg: 0.502635
Epoch [16/52], Total Loss: 12.8622, NLL: 1.6243, Masked: 2.4538, Reg: 0.516144
Epoch [17/52], Total Loss: 12.8475, NLL: 1.6237, Masked: 2.4507, Reg: 0.534758
Epoch [18/52], Total Loss: 12.6989, NLL: 1.6226, Masked: 2.4185, Reg: 0.542395
Epoch [19/52], Total Loss: 12.6570, NLL: 1.6182, Masked: 2.4103, Reg: 0.553936
Epoch [20/52], Total Loss: 12.5707, NLL: 1.6201, Masked: 2.3910, Reg: 0.565584
Epoch [21/52], Total Loss: 12.5203, NLL: 1.6174, Masked: 2.3806, Reg: 0.577983
Epoch [22/52], Total Loss: 12.4472, NLL: 1.6154, Masked: 2.3651, Reg: 0.589690
Epoch [23/52], Total Loss: 12.4272, NLL: 1.6136, Masked: 2.3611, Reg: 0.609934
Epoch [24/52], Total Loss: 12.3303, NLL: 1.6142, Masked: 2.3398, Reg: 0.616339
Epoch [25/52], Total Loss: 12.2936, NLL: 1.6136, Masked: 2.3319, Reg: 0.629302
Epoch [26/52], Total Loss: 12.2486, NLL: 1.6107, Masked: 2.3227, Reg: 0.637697
Epoch [27/52], Total Loss: 12.1769, NLL: 1.6107, Masked: 2.3071, Reg: 0.644389
Epoch [28/52], Total Loss: 12.1466, NLL: 1.6087, Masked: 2.3009, Reg: 0.655202
Epoch [29/52], Total Loss: 12.0959, NLL: 1.6084, Masked: 2.2899, Reg: 0.664383
Epoch [30/52], Total Loss: 12.0529, NLL: 1.6082, Masked: 2.2806, Reg: 0.672173
Epoch [31/52], Total Loss: 12.0633, NLL: 1.6061, Masked: 2.2833, Reg: 0.684824
Epoch [32/52], Total Loss: 12.0209, NLL: 1.6049, Masked: 2.2743, Reg: 0.694633
Epoch [33/52], Total Loss: 11.9448, NLL: 1.6040, Masked: 2.2579, Reg: 0.700099
Epoch [34/52], Total Loss: 11.8961, NLL: 1.6033, Masked: 2.2474, Reg: 0.715174
Epoch [35/52], Total Loss: 11.8232, NLL: 1.6023, Masked: 2.2317, Reg: 0.741642
Epoch [36/52], Total Loss: 11.7797, NLL: 1.6030, Masked: 2.2220, Reg: 0.746782
Epoch [37/52], Total Loss: 11.7427, NLL: 1.5999, Masked: 2.2146, Reg: 0.757593
Epoch [38/52], Total Loss: 11.7039, NLL: 1.6001, Masked: 2.2061, Reg: 0.771528
Epoch [39/52], Total Loss: 11.6377, NLL: 1.5998, Masked: 2.1917, Reg: 0.802249
Epoch [40/52], Total Loss: 11.5743, NLL: 1.5989, Masked: 2.1781, Reg: 0.791483
Epoch [41/52], Total Loss: 11.5247, NLL: 1.5975, Masked: 2.1676, Reg: 0.796175
Epoch [42/52], Total Loss: 11.5186, NLL: 1.5964, Masked: 2.1665, Reg: 0.801691
Epoch [43/52], Total Loss: 11.4616, NLL: 1.5961, Masked: 2.1541, Reg: 0.810146
Epoch [44/52], Total Loss: 11.4215, NLL: 1.5952, Masked: 2.1455, Reg: 0.816521
Epoch [45/52], Total Loss: 11.3716, NLL: 1.5937, Masked: 2.1350, Reg: 0.831681
Epoch [46/52], Total Loss: 11.4067, NLL: 1.5953, Masked: 2.1423, Reg: 0.850929
Epoch [47/52], Total Loss: 11.3417, NLL: 1.5927, Masked: 2.1287, Reg: 0.857028
Epoch [48/52], Total Loss: 11.2581, NLL: 1.5928, Masked: 2.1104, Reg: 0.866473
Epoch [49/52], Total Loss: 11.2460, NLL: 1.5935, Masked: 2.1076, Reg: 0.867017
Epoch [50/52], Total Loss: 11.2600, NLL: 1.5943, Masked: 2.1105, Reg: 0.875434
Epoch [51/52], Total Loss: 11.1599, NLL: 1.5920, Masked: 2.0891, Reg: 0.884637
Epoch [52/52], Total Loss: 11.1854, NLL: 1.5924, Masked: 2.0946, Reg: 0.897417

==================================================
EVALUATING ON TRAINING DATA
==================================================

==================================================
TEST RESULTS
==================================================
Total Loss: 10.975044
  - ZINB NLL: 1.587645
Total number of masked values: 185064
  - Number of values with pi >= 0.47132578997604313: 0
  - Number of values with pi < 0.47132578997604313: 185064
  - Masked Reconstruction: 2.049701
  - Regularization: 0.901590
Mean Absolute Error (MAE): 1.944626
R² Score: 0.489465
==================================================


==================================================
TEST RESULTS
==================================================
Total Loss: 13.258541
  - ZINB NLL: 1.641643
Total number of masked values: 143911
  - Number of values with pi >= 0.47132578997604313: 0
  - Number of values with pi < 0.47132578997604313: 143911
  - Masked Reconstruction: 2.536503
  - Regularization: 0.901590
Mean Absolute Error (MAE): 2.097067
R² Score: 0.421505
==================================================


>>> Optimizing zinb_nll on VALIDATION set: 1.641643
>>> Full validation metrics: {'total_loss': 13.25854120732124, 'zinb_nll': 1.6416428516677586, 'mae': 2.09706711769104, 'r2': 0.42150479555130005, 'masked_loss': 2.536502522297553, 'reg_loss': 0.9015897555659643}

Iteration No: 16 ended. Evaluation done at random point.
Time taken: 185.2180
Function value obtained: 1.6416
Current minimum: 1.5384
Iteration No: 17 started. Evaluating function at random point.

================================================================================
Trial with parameters:
  features: Centr_Nucl
  data_point_length: 1323
  step_size: 0.9509604980047824
  bin_size: 64
  sample_fraction: 0.6375221930699251
  moving_average: False
  first_layer_size_factor: 68
  num_layers: 4
  use_conv: True
  conv_channel: 79
  pool_size: 3
  kernel_size: 3
  epochs: 71
  batch_size: 32
  pi_threshold: 0.33766279530742405
  learning_rate: 8.594882189642616e-05
  dropout_rate: 0.4897552643107544
  masked_recon_weight: 0.00502714115250473
  regularizer: l1
  regularization_weight: 2.205722945374619
================================================================================

Creating datasets with:
  features: ['Centr', 'Nucl']
  bin_size: 64
  moving_average: False
  data_point_length: 20 (from 1323)
  step_size: 19 (from fraction 0.9509604980047824)
  layers: [np.int64(1088), np.int64(544), np.int64(272), np.int64(136)] (first=1088, num=4)
  stride: 1 (fixed), padding: same (fixed)


Clipping outliers using 95th percentile * 1.5...
strain_yTW001: Clipping values above 134.25 (P95=89.50). Clipped 27529/1193409 values (2.31%)
strain_FD: Clipping values above 71.92 (P95=47.94). Clipped 95791/4127807 values (2.32%)
strain_dnrp: Clipping values above 243.00 (P95=162.00). Clipped 25649/1119454 values (2.29%)
strain_yEK19: Clipping values above 77.10 (P95=51.40). Clipped 83713/3893623 values (2.15%)
strain_yEK23: Clipping values above 72.00 (P95=48.00). Clipped 86381/3558407 values (2.43%)
strain_yWT03a: Clipping values above 15.00 (P95=10.00). Clipped 10602/347679 values (3.05%)
strain_yWT04a: Clipping values above 58.50 (P95=39.00). Clipped 21095/725406 values (2.91%)
strain_ylic137: Clipping values above 142.50 (P95=95.00). Clipped 28746/1112684 values (2.58%)
Standardizing features: ['Centr', 'Nucl']
Column order in final array (Dataset/Chrom split): ['Value', 'Nucleosome_Distance', 'Centromere_Distance', 'Value_Raw', 'Size_Factor']
Removing 0 empty data points out of 54928
Column order in final array (Dataset/Chrom split): ['Value', 'Nucleosome_Distance', 'Centromere_Distance', 'Value_Raw', 'Size_Factor']
Removing 0 empty data points out of 14656
Column order in final array (Dataset/Chrom split): ['Value', 'Nucleosome_Distance', 'Centromere_Distance', 'Value_Raw', 'Size_Factor']
Removing 0 empty data points out of 9904
Datasets created:
  Train: (54928, 20, 5), Val: (14656, 20, 5), Test: (9904, 20, 5)

Randomly sampled 35017/54928 samples (63.8%)
Applied denoising with 15.0% masking
Applied denoising with 15.0% masking
Applied denoising with 15.0% masking
Epoch [1/71], Total Loss: 15876.9967, NLL: 3.1366, Masked: 28.6888, Reg: 15873.715117
Epoch [2/71], Total Loss: 239.2782, NLL: 3.1417, Masked: 28.6967, Reg: 235.992227
Epoch [3/71], Total Loss: 161.1581, NLL: 3.1477, Masked: 28.7018, Reg: 157.866076
Epoch [4/71], Total Loss: 130.3498, NLL: 3.1546, Masked: 28.6982, Reg: 127.050872
Epoch [5/71], Total Loss: 124.9232, NLL: 3.1625, Masked: 28.6888, Reg: 121.616539
Epoch [6/71], Total Loss: 120.7797, NLL: 3.1714, Masked: 28.7007, Reg: 117.464053
Epoch [7/71], Total Loss: 116.6376, NLL: 3.1815, Masked: 28.6997, Reg: 113.311895
Epoch [8/71], Total Loss: 112.4964, NLL: 3.1927, Masked: 28.7071, Reg: 109.159379
Epoch [9/71], Total Loss: 108.3565, NLL: 3.2053, Masked: 28.6946, Reg: 105.006911
Epoch [10/71], Total Loss: 104.2182, NLL: 3.2193, Masked: 28.6994, Reg: 100.854644
Epoch [11/71], Total Loss: 100.0823, NLL: 3.2347, Masked: 28.6962, Reg: 96.703346
Epoch [12/71], Total Loss: 95.9481, NLL: 3.2517, Masked: 28.6928, Reg: 92.552105
Epoch [13/71], Total Loss: 91.8163, NLL: 3.2704, Masked: 28.7079, Reg: 88.401600
Epoch [14/71], Total Loss: 87.6856, NLL: 3.2907, Masked: 28.7057, Reg: 84.250587
Epoch [15/71], Total Loss: 83.4383, NLL: 3.3128, Masked: 5.0872, Reg: 80.099898
Epoch [16/71], Total Loss: 79.2991, NLL: 3.3367, Masked: 2.6668, Reg: 75.948931
Epoch [17/71], Total Loss: 75.1743, NLL: 3.3626, Masked: 2.6664, Reg: 71.798285
Epoch [18/71], Total Loss: 71.0513, NLL: 3.3904, Masked: 2.6647, Reg: 67.647479
Epoch [19/71], Total Loss: 66.9303, NLL: 3.4202, Masked: 2.6669, Reg: 63.496613
Epoch [20/71], Total Loss: 62.8111, NLL: 3.4521, Masked: 2.6649, Reg: 59.345675
Epoch [21/71], Total Loss: 58.6943, NLL: 3.4860, Masked: 2.6685, Reg: 55.194797
Epoch [22/71], Total Loss: 55.7162, NLL: 3.5118, Masked: 2.6662, Reg: 52.190988
Epoch [23/71], Total Loss: 55.5807, NLL: 3.5130, Masked: 2.6660, Reg: 52.054272
Epoch [24/71], Total Loss: 55.5805, NLL: 3.5130, Masked: 2.6674, Reg: 52.054095
Epoch [25/71], Total Loss: 55.5803, NLL: 3.5130, Masked: 2.6690, Reg: 52.053823
Epoch [26/71], Total Loss: 55.5792, NLL: 3.5130, Masked: 2.6653, Reg: 52.052796
Epoch [27/71], Total Loss: 55.5790, NLL: 3.5130, Masked: 2.6674, Reg: 52.052518
Epoch [28/71], Total Loss: 55.5780, NLL: 3.5130, Masked: 2.6681, Reg: 52.051599
Epoch [29/71], Total Loss: 55.5780, NLL: 3.5130, Masked: 2.6692, Reg: 52.051556
Epoch [30/71], Total Loss: 55.5771, NLL: 3.5130, Masked: 2.6699, Reg: 52.050671
Epoch [31/71], Total Loss: 55.5769, NLL: 3.5130, Masked: 2.6675, Reg: 52.050503
Epoch [32/71], Total Loss: 55.5768, NLL: 3.5130, Masked: 2.6674, Reg: 52.050392
Epoch [33/71], Total Loss: 55.5762, NLL: 3.5130, Masked: 2.6690, Reg: 52.049754
Epoch [34/71], Total Loss: 55.5754, NLL: 3.5130, Masked: 2.6678, Reg: 52.048937
Epoch [35/71], Total Loss: 55.5751, NLL: 3.5130, Masked: 2.6674, Reg: 52.048627
Epoch [36/71], Total Loss: 55.5750, NLL: 3.5130, Masked: 2.6682, Reg: 52.048558
Epoch [37/71], Total Loss: 55.5750, NLL: 3.5130, Masked: 2.6683, Reg: 52.048532
Epoch [38/71], Total Loss: 55.5742, NLL: 3.5130, Masked: 2.6687, Reg: 52.047730
Epoch [39/71], Total Loss: 55.5739, NLL: 3.5130, Masked: 2.6682, Reg: 52.047467
Epoch [40/71], Total Loss: 55.5732, NLL: 3.5130, Masked: 2.6682, Reg: 52.046719
Epoch [41/71], Total Loss: 55.5729, NLL: 3.5130, Masked: 2.6662, Reg: 52.046477
Epoch [42/71], Total Loss: 55.5722, NLL: 3.5130, Masked: 2.6652, Reg: 52.045731
Epoch [43/71], Total Loss: 55.5720, NLL: 3.5130, Masked: 2.6677, Reg: 52.045536
Epoch [44/71], Total Loss: 55.5709, NLL: 3.5130, Masked: 2.6696, Reg: 52.044454
Epoch [45/71], Total Loss: 55.5704, NLL: 3.5130, Masked: 2.6663, Reg: 52.043928
Epoch [46/71], Total Loss: 55.5696, NLL: 3.5130, Masked: 2.6678, Reg: 52.043179
Epoch [47/71], Total Loss: 55.5692, NLL: 3.5130, Masked: 2.6674, Reg: 52.042740
Epoch [48/71], Total Loss: 55.5685, NLL: 3.5130, Masked: 2.6676, Reg: 52.042054
Epoch [49/71], Total Loss: 55.5681, NLL: 3.5130, Masked: 2.6716, Reg: 52.041625
Epoch [50/71], Total Loss: 55.5677, NLL: 3.5130, Masked: 2.6649, Reg: 52.041322
Epoch [51/71], Total Loss: 55.5675, NLL: 3.5130, Masked: 2.6660, Reg: 52.041102
Epoch [52/71], Total Loss: 55.5668, NLL: 3.5130, Masked: 2.6684, Reg: 52.040364
Epoch [53/71], Total Loss: 55.5669, NLL: 3.5130, Masked: 2.6660, Reg: 52.040476
Epoch [54/71], Total Loss: 55.5663, NLL: 3.5130, Masked: 2.6680, Reg: 52.039896
Epoch [55/71], Total Loss: 55.5666, NLL: 3.5130, Masked: 2.6666, Reg: 52.040146
Epoch [56/71], Total Loss: 55.5660, NLL: 3.5130, Masked: 2.6661, Reg: 52.039556
Epoch [57/71], Total Loss: 55.5655, NLL: 3.5130, Masked: 2.6659, Reg: 52.039070
Epoch [58/71], Total Loss: 55.5646, NLL: 3.5130, Masked: 2.6670, Reg: 52.038201
Epoch [59/71], Total Loss: 55.5638, NLL: 3.5130, Masked: 2.6667, Reg: 52.037403
Epoch [60/71], Total Loss: 55.5630, NLL: 3.5130, Masked: 2.6652, Reg: 52.036560
Epoch [61/71], Total Loss: 55.5630, NLL: 3.5130, Masked: 2.6682, Reg: 52.036563
Epoch [62/71], Total Loss: 55.5621, NLL: 3.5130, Masked: 2.6659, Reg: 52.035650
Epoch [63/71], Total Loss: 55.5620, NLL: 3.5130, Masked: 2.6682, Reg: 52.035515
Epoch [64/71], Total Loss: 55.5617, NLL: 3.5130, Masked: 2.6667, Reg: 52.035298
Epoch [65/71], Total Loss: 55.5613, NLL: 3.5130, Masked: 2.6676, Reg: 52.034868
Epoch [66/71], Total Loss: 55.5608, NLL: 3.5130, Masked: 2.6674, Reg: 52.034360
Epoch [67/71], Total Loss: 55.5607, NLL: 3.5130, Masked: 2.6684, Reg: 52.034240
Epoch [68/71], Total Loss: 55.5594, NLL: 3.5130, Masked: 2.6710, Reg: 52.032981
Epoch [69/71], Total Loss: 55.5595, NLL: 3.5130, Masked: 2.6691, Reg: 52.033046
Epoch [70/71], Total Loss: 55.5585, NLL: 3.5130, Masked: 2.6654, Reg: 52.032074
Epoch [71/71], Total Loss: 55.5580, NLL: 3.5130, Masked: 2.6678, Reg: 52.031556

==================================================
EVALUATING ON TRAINING DATA
==================================================

==================================================
TEST RESULTS
==================================================
Total Loss: 55.570935
  - ZINB NLL: 3.513024
Total number of masked values: 80630
  - Number of values with pi >= 0.33766279530742405: 80630
  - Number of values with pi < 0.33766279530742405: 0
  - Masked Reconstruction: 2.665706
  - Regularization: 52.044507
Mean Absolute Error (MAE): 2.183093
R² Score: -0.210540
==================================================


==================================================
TEST RESULTS
==================================================
Total Loss: 55.593097
  - ZINB NLL: 3.535756
Total number of masked values: 34134
  - Number of values with pi >= 0.33766279530742405: 34134
  - Number of values with pi < 0.33766279530742405: 0
  - Masked Reconstruction: 2.552367
  - Regularization: 52.044507
Mean Absolute Error (MAE): 2.308884
R² Score: -0.263042
==================================================


>>> Optimizing zinb_nll on VALIDATION set: 3.535756
>>> Full validation metrics: {'total_loss': 55.593097328619145, 'zinb_nll': 3.535756257944232, 'mae': 2.3088839054107666, 'r2': -0.2630418539047241, 'masked_loss': 2.55236740495733, 'reg_loss': 52.04450678190289}

Iteration No: 17 ended. Evaluation done at random point.
Time taken: 503.6045
Function value obtained: 3.5358
Current minimum: 1.5384
Iteration No: 18 started. Evaluating function at random point.

================================================================================
Trial with parameters:
  features: Nucl
  data_point_length: 2058
  step_size: 0.5985053597047086
  bin_size: 65
  sample_fraction: 0.2860441931477753
  moving_average: False
  first_layer_size_factor: 133
  num_layers: 2
  use_conv: True
  conv_channel: 121
  pool_size: 5
  kernel_size: 7
  epochs: 112
  batch_size: 64
  pi_threshold: 0.6775566418243029
  learning_rate: 0.006803850954616805
  dropout_rate: 0.433599466777502
  masked_recon_weight: 0.3512484284337133
  regularizer: none
  regularization_weight: 0.5497666570763757
================================================================================

Creating datasets with:
  features: ['Nucl']
  bin_size: 65
  moving_average: False
  data_point_length: 31 (from 2058)
  step_size: 18 (from fraction 0.5985053597047086)
  layers: [np.int64(2128), np.int64(1064)] (first=2128, num=2)
  stride: 1 (fixed), padding: same (fixed)


Clipping outliers using 95th percentile * 1.5...
strain_yTW001: Clipping values above 134.25 (P95=89.50). Clipped 27529/1193409 values (2.31%)
strain_FD: Clipping values above 71.92 (P95=47.94). Clipped 95791/4127807 values (2.32%)
strain_dnrp: Clipping values above 243.00 (P95=162.00). Clipped 25649/1119454 values (2.29%)
strain_yEK19: Clipping values above 77.10 (P95=51.40). Clipped 83713/3893623 values (2.15%)
strain_yEK23: Clipping values above 72.00 (P95=48.00). Clipped 86381/3558407 values (2.43%)
strain_yWT03a: Clipping values above 15.00 (P95=10.00). Clipped 10602/347679 values (3.05%)
strain_yWT04a: Clipping values above 58.50 (P95=39.00). Clipped 21095/725406 values (2.91%)
strain_ylic137: Clipping values above 142.50 (P95=95.00). Clipped 28746/1112684 values (2.58%)
Standardizing features: ['Nucl']
Column order in final array (Dataset/Chrom split): ['Value', 'Nucleosome_Distance', 'Value_Raw', 'Size_Factor']
Removing 0 empty data points out of 57024
Column order in final array (Dataset/Chrom split): ['Value', 'Nucleosome_Distance', 'Value_Raw', 'Size_Factor']
Removing 0 empty data points out of 15216
Column order in final array (Dataset/Chrom split): ['Value', 'Nucleosome_Distance', 'Value_Raw', 'Size_Factor']
Removing 0 empty data points out of 10280
Datasets created:
  Train: (57024, 31, 4), Val: (15216, 31, 4), Test: (10280, 31, 4)

Randomly sampled 16311/57024 samples (28.6%)
Applied denoising with 15.0% masking
Applied denoising with 15.0% masking
Applied denoising with 15.0% masking
Epoch [1/112], Total Loss: 3.0178, NLL: 2.2034, Masked: 2.3187
Epoch [2/112], Total Loss: 2.9844, NLL: 2.2004, Masked: 2.2320
Epoch [3/112], Total Loss: 2.9846, NLL: 2.2004, Masked: 2.2325
Epoch [4/112], Total Loss: 2.9840, NLL: 2.2004, Masked: 2.2308
Epoch [5/112], Total Loss: 2.9837, NLL: 2.2004, Masked: 2.2302
Epoch [6/112], Total Loss: 2.9845, NLL: 2.2004, Masked: 2.2323
Epoch [7/112], Total Loss: 2.9844, NLL: 2.2004, Masked: 2.2320
Epoch [8/112], Total Loss: 2.9847, NLL: 2.2004, Masked: 2.2327
Epoch [9/112], Total Loss: 2.9840, NLL: 2.2004, Masked: 2.2310
Epoch [10/112], Total Loss: 2.9836, NLL: 2.2004, Masked: 2.2297
Epoch [11/112], Total Loss: 2.9840, NLL: 2.2004, Masked: 2.2310
Epoch [12/112], Total Loss: 2.9842, NLL: 2.2004, Masked: 2.2314
Epoch [13/112], Total Loss: 2.9844, NLL: 2.2004, Masked: 2.2321
Epoch [14/112], Total Loss: 2.9843, NLL: 2.2004, Masked: 2.2318
Epoch [15/112], Total Loss: 2.9838, NLL: 2.2004, Masked: 2.2304
Epoch [16/112], Total Loss: 2.9839, NLL: 2.2004, Masked: 2.2305
Epoch [17/112], Total Loss: 2.9838, NLL: 2.2004, Masked: 2.2304
Epoch [18/112], Total Loss: 2.9839, NLL: 2.2004, Masked: 2.2306
Epoch [19/112], Total Loss: 2.9845, NLL: 2.2004, Masked: 2.2323
Epoch [20/112], Total Loss: 2.9842, NLL: 2.2004, Masked: 2.2315
Epoch [21/112], Total Loss: 2.9843, NLL: 2.2004, Masked: 2.2317
Epoch [22/112], Total Loss: 2.9836, NLL: 2.2004, Masked: 2.2298
Epoch [23/112], Total Loss: 2.9841, NLL: 2.2004, Masked: 2.2311
Epoch [24/112], Total Loss: 2.9837, NLL: 2.2004, Masked: 2.2301
Epoch [25/112], Total Loss: 2.9839, NLL: 2.2004, Masked: 2.2307
Epoch [26/112], Total Loss: 2.9840, NLL: 2.2004, Masked: 2.2309
Epoch [27/112], Total Loss: 2.9844, NLL: 2.2004, Masked: 2.2321
Epoch [28/112], Total Loss: 2.9840, NLL: 2.2004, Masked: 2.2308
Epoch [29/112], Total Loss: 2.9840, NLL: 2.2004, Masked: 2.2310
Epoch [30/112], Total Loss: 2.9843, NLL: 2.2004, Masked: 2.2318
Epoch [31/112], Total Loss: 2.9843, NLL: 2.2004, Masked: 2.2318
Epoch [32/112], Total Loss: 2.9840, NLL: 2.2004, Masked: 2.2309
Epoch [33/112], Total Loss: 2.9844, NLL: 2.2004, Masked: 2.2320
Epoch [34/112], Total Loss: 2.9839, NLL: 2.2004, Masked: 2.2307
Epoch [35/112], Total Loss: 2.9839, NLL: 2.2004, Masked: 2.2306
Epoch [36/112], Total Loss: 2.9842, NLL: 2.2004, Masked: 2.2316
Epoch [37/112], Total Loss: 2.9844, NLL: 2.2004, Masked: 2.2319
Epoch [38/112], Total Loss: 2.9840, NLL: 2.2004, Masked: 2.2310
Epoch [39/112], Total Loss: 2.9842, NLL: 2.2004, Masked: 2.2315
Epoch [40/112], Total Loss: 2.9840, NLL: 2.2004, Masked: 2.2308
Epoch [41/112], Total Loss: 2.9841, NLL: 2.2004, Masked: 2.2311
Epoch [42/112], Total Loss: 2.9843, NLL: 2.2004, Masked: 2.2319
Epoch [43/112], Total Loss: 2.9843, NLL: 2.2004, Masked: 2.2317
Epoch [44/112], Total Loss: 2.9839, NLL: 2.2004, Masked: 2.2305
Epoch [45/112], Total Loss: 2.9844, NLL: 2.2004, Masked: 2.2319
Epoch [46/112], Total Loss: 2.9841, NLL: 2.2004, Masked: 2.2311
Epoch [47/112], Total Loss: 2.9840, NLL: 2.2004, Masked: 2.2309
Epoch [48/112], Total Loss: 2.9841, NLL: 2.2004, Masked: 2.2312
Epoch [49/112], Total Loss: 2.9850, NLL: 2.2004, Masked: 2.2336
Epoch [50/112], Total Loss: 2.9842, NLL: 2.2004, Masked: 2.2314
Epoch [51/112], Total Loss: 2.9838, NLL: 2.2004, Masked: 2.2303
Epoch [52/112], Total Loss: 2.9843, NLL: 2.2004, Masked: 2.2317
Epoch [53/112], Total Loss: 2.9842, NLL: 2.2004, Masked: 2.2314
Epoch [54/112], Total Loss: 2.9842, NLL: 2.2004, Masked: 2.2316
Epoch [55/112], Total Loss: 2.9843, NLL: 2.2004, Masked: 2.2318
Epoch [56/112], Total Loss: 2.9840, NLL: 2.2004, Masked: 2.2310
Epoch [57/112], Total Loss: 2.9844, NLL: 2.2004, Masked: 2.2321
Epoch [58/112], Total Loss: 2.9843, NLL: 2.2004, Masked: 2.2318
Epoch [59/112], Total Loss: 2.9837, NLL: 2.2004, Masked: 2.2301
Epoch [60/112], Total Loss: 2.9841, NLL: 2.2004, Masked: 2.2311
Epoch [61/112], Total Loss: 2.9845, NLL: 2.2004, Masked: 2.2322
Epoch [62/112], Total Loss: 2.9842, NLL: 2.2004, Masked: 2.2315
Epoch [63/112], Total Loss: 2.9841, NLL: 2.2004, Masked: 2.2311
Epoch [64/112], Total Loss: 2.9845, NLL: 2.2004, Masked: 2.2323
Epoch [65/112], Total Loss: 2.9837, NLL: 2.2004, Masked: 2.2299
Epoch [66/112], Total Loss: 2.9844, NLL: 2.2004, Masked: 2.2319
Epoch [67/112], Total Loss: 2.9845, NLL: 2.2004, Masked: 2.2323
Epoch [68/112], Total Loss: 2.9842, NLL: 2.2004, Masked: 2.2316
Epoch [69/112], Total Loss: 2.9837, NLL: 2.2004, Masked: 2.2301
Epoch [70/112], Total Loss: 2.9840, NLL: 2.2004, Masked: 2.2308
Epoch [71/112], Total Loss: 2.9840, NLL: 2.2004, Masked: 2.2307
Epoch [72/112], Total Loss: 2.9843, NLL: 2.2004, Masked: 2.2319
Epoch [73/112], Total Loss: 2.9838, NLL: 2.2004, Masked: 2.2302
Epoch [74/112], Total Loss: 2.9843, NLL: 2.2004, Masked: 2.2318
Epoch [75/112], Total Loss: 2.9839, NLL: 2.2004, Masked: 2.2305
Epoch [76/112], Total Loss: 2.9839, NLL: 2.2004, Masked: 2.2305
Epoch [77/112], Total Loss: 2.9841, NLL: 2.2004, Masked: 2.2312
Epoch [78/112], Total Loss: 2.9840, NLL: 2.2004, Masked: 2.2309
Epoch [79/112], Total Loss: 2.9841, NLL: 2.2004, Masked: 2.2313
Epoch [80/112], Total Loss: 2.9841, NLL: 2.2004, Masked: 2.2312
Epoch [81/112], Total Loss: 2.9836, NLL: 2.2004, Masked: 2.2297
Epoch [82/112], Total Loss: 2.9839, NLL: 2.2004, Masked: 2.2305
Epoch [83/112], Total Loss: 2.9838, NLL: 2.2004, Masked: 2.2303
Epoch [84/112], Total Loss: 2.9842, NLL: 2.2004, Masked: 2.2313
Epoch [85/112], Total Loss: 2.9844, NLL: 2.2004, Masked: 2.2320
Epoch [86/112], Total Loss: 2.9845, NLL: 2.2004, Masked: 2.2324
Epoch [87/112], Total Loss: 2.9844, NLL: 2.2004, Masked: 2.2320
Epoch [88/112], Total Loss: 2.9841, NLL: 2.2004, Masked: 2.2311
Epoch [89/112], Total Loss: 2.9844, NLL: 2.2004, Masked: 2.2321
Epoch [90/112], Total Loss: 2.9840, NLL: 2.2004, Masked: 2.2308
Epoch [91/112], Total Loss: 2.9839, NLL: 2.2004, Masked: 2.2306
Epoch [92/112], Total Loss: 2.9844, NLL: 2.2004, Masked: 2.2320
Epoch [93/112], Total Loss: 2.9845, NLL: 2.2004, Masked: 2.2323
Epoch [94/112], Total Loss: 2.9839, NLL: 2.2004, Masked: 2.2307
Epoch [95/112], Total Loss: 2.9841, NLL: 2.2004, Masked: 2.2311
Epoch [96/112], Total Loss: 2.9845, NLL: 2.2004, Masked: 2.2324
Epoch [97/112], Total Loss: 2.9844, NLL: 2.2004, Masked: 2.2319
Epoch [98/112], Total Loss: 2.9839, NLL: 2.2004, Masked: 2.2305
Epoch [99/112], Total Loss: 2.9846, NLL: 2.2004, Masked: 2.2326
Epoch [100/112], Total Loss: 2.9842, NLL: 2.2004, Masked: 2.2313
Epoch [101/112], Total Loss: 2.9843, NLL: 2.2004, Masked: 2.2318
Epoch [102/112], Total Loss: 2.9843, NLL: 2.2004, Masked: 2.2317
Epoch [103/112], Total Loss: 2.9839, NLL: 2.2004, Masked: 2.2306
Epoch [104/112], Total Loss: 2.9842, NLL: 2.2004, Masked: 2.2314
Epoch [105/112], Total Loss: 2.9847, NLL: 2.2004, Masked: 2.2328
Epoch [106/112], Total Loss: 2.9842, NLL: 2.2004, Masked: 2.2314
Epoch [107/112], Total Loss: 2.9841, NLL: 2.2004, Masked: 2.2312
Epoch [108/112], Total Loss: 2.9838, NLL: 2.2004, Masked: 2.2304
Epoch [109/112], Total Loss: 2.9843, NLL: 2.2004, Masked: 2.2318
Epoch [110/112], Total Loss: 2.9846, NLL: 2.2004, Masked: 2.2326
Epoch [111/112], Total Loss: 2.9839, NLL: 2.2004, Masked: 2.2307
Epoch [112/112], Total Loss: 2.9841, NLL: 2.2004, Masked: 2.2311

==================================================
EVALUATING ON TRAINING DATA
==================================================

==================================================
TEST RESULTS
==================================================
Total Loss: 2.984315
  - ZINB NLL: 2.200407
Total number of masked values: 57677
  - Number of values with pi >= 0.6775566418243029: 0
  - Number of values with pi < 0.6775566418243029: 57677
  - Masked Reconstruction: 2.231775
Mean Absolute Error (MAE): 2.079285
R² Score: -0.060719
==================================================


==================================================
TEST RESULTS
==================================================
Total Loss: 3.083058
  - ZINB NLL: 2.296824
Total number of masked values: 54423
  - Number of values with pi >= 0.6775566418243029: 0
  - Number of values with pi < 0.6775566418243029: 54423
  - Masked Reconstruction: 2.238400
Mean Absolute Error (MAE): 2.185101
R² Score: -0.084635
==================================================


>>> Optimizing zinb_nll on VALIDATION set: 2.296824
>>> Full validation metrics: {'total_loss': 3.0830581865100077, 'zinb_nll': 2.296823696508518, 'mae': 2.185100555419922, 'r2': -0.08463501930236816, 'masked_loss': 2.238399964777829}

Iteration No: 18 ended. Evaluation done at random point.
Time taken: 177.9706
Function value obtained: 2.2968
Current minimum: 1.5384
Iteration No: 19 started. Evaluating function at random point.

================================================================================
Trial with parameters:
  features: Centr
  data_point_length: 1078
  step_size: 0.8584031325520024
  bin_size: 82
  sample_fraction: 0.7194547525761796
  moving_average: False
  first_layer_size_factor: 99
  num_layers: 2
  use_conv: True
  conv_channel: 40
  pool_size: 4
  kernel_size: 3
  epochs: 104
  batch_size: 64
  pi_threshold: 0.5622890541522969
  learning_rate: 0.00014328141535811573
  dropout_rate: 0.3408068344863949
  masked_recon_weight: 0.023040838394677018
  regularizer: l1
  regularization_weight: 0.029666217745366992
================================================================================

Creating datasets with:
  features: ['Centr']
  bin_size: 82
  moving_average: False
  data_point_length: 13 (from 1078)
  step_size: 11 (from fraction 0.8584031325520024)
  layers: [np.int64(1584), np.int64(792)] (first=1584, num=2)
  stride: 1 (fixed), padding: same (fixed)


Clipping outliers using 95th percentile * 1.5...
strain_yTW001: Clipping values above 134.25 (P95=89.50). Clipped 27529/1193409 values (2.31%)
strain_FD: Clipping values above 71.92 (P95=47.94). Clipped 95791/4127807 values (2.32%)
strain_dnrp: Clipping values above 243.00 (P95=162.00). Clipped 25649/1119454 values (2.29%)
strain_yEK19: Clipping values above 77.10 (P95=51.40). Clipped 83713/3893623 values (2.15%)
strain_yEK23: Clipping values above 72.00 (P95=48.00). Clipped 86381/3558407 values (2.43%)
strain_yWT03a: Clipping values above 15.00 (P95=10.00). Clipped 10602/347679 values (3.05%)
strain_yWT04a: Clipping values above 58.50 (P95=39.00). Clipped 21095/725406 values (2.91%)
strain_ylic137: Clipping values above 142.50 (P95=95.00). Clipped 28746/1112684 values (2.58%)
Standardizing features: ['Centr']
Column order in final array (Dataset/Chrom split): ['Value', 'Centromere_Distance', 'Value_Raw', 'Size_Factor']
Removing 0 empty data points out of 74016
Column order in final array (Dataset/Chrom split): ['Value', 'Centromere_Distance', 'Value_Raw', 'Size_Factor']
Removing 0 empty data points out of 19752
Column order in final array (Dataset/Chrom split): ['Value', 'Centromere_Distance', 'Value_Raw', 'Size_Factor']
Removing 0 empty data points out of 13344
Datasets created:
  Train: (74016, 13, 4), Val: (19752, 13, 4), Test: (13344, 13, 4)

Randomly sampled 53251/74016 samples (71.9%)
Applied denoising with 15.0% masking
Applied denoising with 15.0% masking
Applied denoising with 15.0% masking
Epoch [1/104], Total Loss: 173.5635, NLL: 3.1257, Masked: 25.2911, Reg: 169.855083
Epoch [2/104], Total Loss: 6.3898, NLL: 3.0569, Masked: 22.5739, Reg: 2.812734
Epoch [3/104], Total Loss: 5.8529, NLL: 2.9933, Masked: 20.2050, Reg: 2.394026
Epoch [4/104], Total Loss: 5.6077, NLL: 2.9345, Masked: 18.1145, Reg: 2.255834
Epoch [5/104], Total Loss: 5.5018, NLL: 2.8796, Masked: 16.2592, Reg: 2.247526
Epoch [6/104], Total Loss: 5.4091, NLL: 2.8291, Masked: 14.6102, Reg: 2.243426
Epoch [7/104], Total Loss: 5.3249, NLL: 2.7826, Masked: 13.1379, Reg: 2.239648
Epoch [8/104], Total Loss: 5.2491, NLL: 2.7403, Masked: 11.8266, Reg: 2.236260
Epoch [9/104], Total Loss: 5.1812, NLL: 2.7023, Masked: 10.6631, Reg: 2.233233
Epoch [10/104], Total Loss: 5.1211, NLL: 2.6690, Masked: 9.6341, Reg: 2.230089
Epoch [11/104], Total Loss: 5.0686, NLL: 2.6399, Masked: 8.7249, Reg: 2.227674
Epoch [12/104], Total Loss: 5.0236, NLL: 2.6155, Masked: 7.9238, Reg: 2.225537
Epoch [13/104], Total Loss: 4.9857, NLL: 2.5955, Masked: 7.2206, Reg: 2.223808
Epoch [14/104], Total Loss: 4.9547, NLL: 2.5797, Masked: 6.6091, Reg: 2.222710
Epoch [15/104], Total Loss: 4.9300, NLL: 2.5678, Masked: 6.0801, Reg: 2.222179
Epoch [16/104], Total Loss: 4.9114, NLL: 2.5587, Masked: 5.6265, Reg: 2.223030
Epoch [17/104], Total Loss: 4.8981, NLL: 2.5521, Masked: 5.2419, Reg: 2.225180
Epoch [18/104], Total Loss: 4.8893, NLL: 2.5470, Masked: 4.9300, Reg: 2.228701
Epoch [19/104], Total Loss: 4.8840, NLL: 2.5413, Masked: 4.6800, Reg: 2.234870
Epoch [20/104], Total Loss: 4.8812, NLL: 2.5347, Masked: 4.4887, Reg: 2.243046
Epoch [21/104], Total Loss: 4.8797, NLL: 2.5281, Masked: 4.3527, Reg: 2.251368
Epoch [22/104], Total Loss: 4.8791, NLL: 2.5218, Masked: 4.2565, Reg: 2.259202
Epoch [23/104], Total Loss: 4.8788, NLL: 2.5173, Masked: 4.1971, Reg: 2.264761
Epoch [24/104], Total Loss: 4.8787, NLL: 2.5145, Masked: 4.1632, Reg: 2.268310
Epoch [25/104], Total Loss: 4.8787, NLL: 2.5123, Masked: 4.1384, Reg: 2.271012
Epoch [26/104], Total Loss: 4.8787, NLL: 2.5115, Masked: 4.1269, Reg: 2.272121
Epoch [27/104], Total Loss: 4.8787, NLL: 2.5110, Masked: 4.1226, Reg: 2.272670
Epoch [28/104], Total Loss: 4.8786, NLL: 2.5104, Masked: 4.1192, Reg: 2.273376
Epoch [29/104], Total Loss: 4.8786, NLL: 2.5099, Masked: 4.1148, Reg: 2.273890
Epoch [30/104], Total Loss: 4.8786, NLL: 2.5102, Masked: 4.1175, Reg: 2.273510
Epoch [31/104], Total Loss: 4.8786, NLL: 2.5101, Masked: 4.1154, Reg: 2.273693
Epoch [32/104], Total Loss: 4.8786, NLL: 2.5095, Masked: 4.1084, Reg: 2.274502
Epoch [33/104], Total Loss: 4.8786, NLL: 2.5098, Masked: 4.1078, Reg: 2.274132
Epoch [34/104], Total Loss: 4.8786, NLL: 2.5101, Masked: 4.1137, Reg: 2.273695
Epoch [35/104], Total Loss: 4.8786, NLL: 2.5095, Masked: 4.1120, Reg: 2.274416
Epoch [36/104], Total Loss: 4.8786, NLL: 2.5103, Masked: 4.1120, Reg: 2.273553
Epoch [37/104], Total Loss: 4.8786, NLL: 2.5093, Masked: 4.1081, Reg: 2.274605
Epoch [38/104], Total Loss: 4.8785, NLL: 2.5092, Masked: 4.1084, Reg: 2.274722
Epoch [39/104], Total Loss: 4.8785, NLL: 2.5100, Masked: 4.1108, Reg: 2.273796
Epoch [40/104], Total Loss: 4.8786, NLL: 2.5095, Masked: 4.1085, Reg: 2.274388
Epoch [41/104], Total Loss: 4.8785, NLL: 2.5102, Masked: 4.1120, Reg: 2.273574
Epoch [42/104], Total Loss: 4.8786, NLL: 2.5092, Masked: 4.1100, Reg: 2.274650
Epoch [43/104], Total Loss: 4.8785, NLL: 2.5096, Masked: 4.1105, Reg: 2.274223
Epoch [44/104], Total Loss: 4.8785, NLL: 2.5090, Masked: 4.1074, Reg: 2.274865
Epoch [45/104], Total Loss: 4.8785, NLL: 2.5099, Masked: 4.1091, Reg: 2.273978
Epoch [46/104], Total Loss: 4.8785, NLL: 2.5092, Masked: 4.1074, Reg: 2.274696
Epoch [47/104], Total Loss: 4.8785, NLL: 2.5098, Masked: 4.1097, Reg: 2.274042
Epoch [48/104], Total Loss: 4.8785, NLL: 2.5096, Masked: 4.1125, Reg: 2.274115
Epoch [49/104], Total Loss: 4.8785, NLL: 2.5100, Masked: 4.1121, Reg: 2.273786
Epoch [50/104], Total Loss: 4.8785, NLL: 2.5092, Masked: 4.1092, Reg: 2.274587
Epoch [51/104], Total Loss: 4.8785, NLL: 2.5095, Masked: 4.1084, Reg: 2.274318
Epoch [52/104], Total Loss: 4.8785, NLL: 2.5101, Masked: 4.1124, Reg: 2.273623
Epoch [53/104], Total Loss: 4.8784, NLL: 2.5098, Masked: 4.1102, Reg: 2.273874
Epoch [54/104], Total Loss: 4.8784, NLL: 2.5097, Masked: 4.1109, Reg: 2.274048
Epoch [55/104], Total Loss: 4.8784, NLL: 2.5098, Masked: 4.1097, Reg: 2.273876
Epoch [56/104], Total Loss: 4.8784, NLL: 2.5095, Masked: 4.1079, Reg: 2.274276
Epoch [57/104], Total Loss: 4.8784, NLL: 2.5095, Masked: 4.1096, Reg: 2.274191
Epoch [58/104], Total Loss: 4.8784, NLL: 2.5092, Masked: 4.1070, Reg: 2.274592
Epoch [59/104], Total Loss: 4.8783, NLL: 2.5099, Masked: 4.1133, Reg: 2.273638
Epoch [60/104], Total Loss: 4.8784, NLL: 2.5096, Masked: 4.1097, Reg: 2.274056
Epoch [61/104], Total Loss: 4.8784, NLL: 2.5098, Masked: 4.1098, Reg: 2.273898
Epoch [62/104], Total Loss: 4.8784, NLL: 2.5091, Masked: 4.1078, Reg: 2.274652
Epoch [63/104], Total Loss: 4.8784, NLL: 2.5091, Masked: 4.1069, Reg: 2.274647
Epoch [64/104], Total Loss: 4.8784, NLL: 2.5103, Masked: 4.1143, Reg: 2.273255
Epoch [65/104], Total Loss: 4.8784, NLL: 2.5089, Masked: 4.1071, Reg: 2.274835
Epoch [66/104], Total Loss: 4.8784, NLL: 2.5101, Masked: 4.1126, Reg: 2.273495
Epoch [67/104], Total Loss: 4.8784, NLL: 2.5096, Masked: 4.1108, Reg: 2.274088
Epoch [68/104], Total Loss: 4.8784, NLL: 2.5091, Masked: 4.1100, Reg: 2.274518
Epoch [69/104], Total Loss: 4.8784, NLL: 2.5103, Masked: 4.1130, Reg: 2.273323
Epoch [70/104], Total Loss: 4.8784, NLL: 2.5096, Masked: 4.1083, Reg: 2.274095
Epoch [71/104], Total Loss: 4.8784, NLL: 2.5100, Masked: 4.1131, Reg: 2.273616
Epoch [72/104], Total Loss: 4.8784, NLL: 2.5094, Masked: 4.1090, Reg: 2.274346
Epoch [73/104], Total Loss: 4.8784, NLL: 2.5097, Masked: 4.1111, Reg: 2.273908
Epoch [74/104], Total Loss: 4.8784, NLL: 2.5096, Masked: 4.1081, Reg: 2.274140
Epoch [75/104], Total Loss: 4.8784, NLL: 2.5094, Masked: 4.1099, Reg: 2.274304
Epoch [76/104], Total Loss: 4.8784, NLL: 2.5099, Masked: 4.1114, Reg: 2.273719
Epoch [77/104], Total Loss: 4.8784, NLL: 2.5092, Masked: 4.1084, Reg: 2.274544
Epoch [78/104], Total Loss: 4.8784, NLL: 2.5097, Masked: 4.1089, Reg: 2.274002
Epoch [79/104], Total Loss: 4.8784, NLL: 2.5093, Masked: 4.1070, Reg: 2.274442
Epoch [80/104], Total Loss: 4.8784, NLL: 2.5094, Masked: 4.1092, Reg: 2.274270
Epoch [81/104], Total Loss: 4.8783, NLL: 2.5101, Masked: 4.1155, Reg: 2.273409
Epoch [82/104], Total Loss: 4.8783, NLL: 2.5099, Masked: 4.1112, Reg: 2.273732
Epoch [83/104], Total Loss: 4.8783, NLL: 2.5096, Masked: 4.1113, Reg: 2.273996
Epoch [84/104], Total Loss: 4.8783, NLL: 2.5095, Masked: 4.1082, Reg: 2.274138
Epoch [85/104], Total Loss: 4.8783, NLL: 2.5099, Masked: 4.1117, Reg: 2.273639
Epoch [86/104], Total Loss: 4.8783, NLL: 2.5091, Masked: 4.1091, Reg: 2.274520
Epoch [87/104], Total Loss: 4.8783, NLL: 2.5097, Masked: 4.1126, Reg: 2.273840
Epoch [88/104], Total Loss: 4.8783, NLL: 2.5099, Masked: 4.1133, Reg: 2.273659
Epoch [89/104], Total Loss: 4.8783, NLL: 2.5094, Masked: 4.1100, Reg: 2.274220
Epoch [90/104], Total Loss: 4.8783, NLL: 2.5093, Masked: 4.1081, Reg: 2.274324
Epoch [91/104], Total Loss: 4.8783, NLL: 2.5101, Masked: 4.1138, Reg: 2.273411
Epoch [92/104], Total Loss: 4.8783, NLL: 2.5096, Masked: 4.1081, Reg: 2.273987
Epoch [93/104], Total Loss: 4.8783, NLL: 2.5095, Masked: 4.1100, Reg: 2.274060
Epoch [94/104], Total Loss: 4.8783, NLL: 2.5095, Masked: 4.1107, Reg: 2.274008
Epoch [95/104], Total Loss: 4.8783, NLL: 2.5096, Masked: 4.1124, Reg: 2.273917
Epoch [96/104], Total Loss: 4.8782, NLL: 2.5094, Masked: 4.1095, Reg: 2.274143
Epoch [97/104], Total Loss: 4.8782, NLL: 2.5096, Masked: 4.1086, Reg: 2.273984
Epoch [98/104], Total Loss: 4.8783, NLL: 2.5095, Masked: 4.1101, Reg: 2.274103
Epoch [99/104], Total Loss: 4.8783, NLL: 2.5090, Masked: 4.1049, Reg: 2.274702
Epoch [100/104], Total Loss: 4.8783, NLL: 2.5098, Masked: 4.1098, Reg: 2.273761
Epoch [101/104], Total Loss: 4.8783, NLL: 2.5100, Masked: 4.1117, Reg: 2.273497
Epoch [102/104], Total Loss: 4.8783, NLL: 2.5097, Masked: 4.1119, Reg: 2.273816
Epoch [103/104], Total Loss: 4.8783, NLL: 2.5095, Masked: 4.1075, Reg: 2.274078
Epoch [104/104], Total Loss: 4.8783, NLL: 2.5090, Masked: 4.1067, Reg: 2.274677

==================================================
EVALUATING ON TRAINING DATA
==================================================

==================================================
TEST RESULTS
==================================================
Total Loss: 4.875418
  - ZINB NLL: 2.510113
Total number of masked values: 50932
  - Number of values with pi >= 0.5622890541522969: 0
  - Number of values with pi < 0.5622890541522969: 50932
  - Masked Reconstruction: 4.111028
  - Regularization: 2.270583
Mean Absolute Error (MAE): 4.099743
R² Score: -0.432329
==================================================


==================================================
TEST RESULTS
==================================================
Total Loss: 4.905308
  - ZINB NLL: 2.542451
Total number of masked values: 18917
  - Number of values with pi >= 0.5622890541522969: 0
  - Number of values with pi < 0.5622890541522969: 18917
  - Masked Reconstruction: 4.004795
  - Regularization: 2.270583
Mean Absolute Error (MAE): 4.021244
R² Score: -0.393458
==================================================


>>> Optimizing zinb_nll on VALIDATION set: 2.542451
>>> Full validation metrics: {'total_loss': 4.905307896468455, 'zinb_nll': 2.5424508906511605, 'mae': 4.021243572235107, 'r2': -0.39345765113830566, 'masked_loss': 4.004795404521499, 'reg_loss': 2.270583301130389}

Iteration No: 19 ended. Evaluation done at random point.
Time taken: 479.2277
Function value obtained: 2.5425
Current minimum: 1.5384
Iteration No: 20 started. Evaluating function at random point.

================================================================================
Trial with parameters:
  features: Nucl
  data_point_length: 2068
  step_size: 0.9524861138917806
  bin_size: 5
  sample_fraction: 0.5634595237866842
  moving_average: False
  first_layer_size_factor: 84
  num_layers: 3
  use_conv: False
  conv_channel: 81
  pool_size: 6
  kernel_size: 3
  epochs: 60
  batch_size: 64
  pi_threshold: 0.6468466428838888
  learning_rate: 0.0004848418240355676
  dropout_rate: 0.11929842989517012
  masked_recon_weight: 0.5240577158421572
  regularizer: none
  regularization_weight: 0.0004652143117786279
================================================================================

Creating datasets with:
  features: ['Nucl']
  bin_size: 5
  moving_average: False
  data_point_length: 413 (from 2068)
  step_size: 393 (from fraction 0.9524861138917806)
  layers: [np.int64(1344), np.int64(672), np.int64(336)] (first=1344, num=3)
  stride: 1 (fixed), padding: same (fixed)


Clipping outliers using 95th percentile * 1.5...
strain_yTW001: Clipping values above 134.25 (P95=89.50). Clipped 27529/1193409 values (2.31%)
strain_FD: Clipping values above 71.92 (P95=47.94). Clipped 95791/4127807 values (2.32%)
strain_dnrp: Clipping values above 243.00 (P95=162.00). Clipped 25649/1119454 values (2.29%)
strain_yEK19: Clipping values above 77.10 (P95=51.40). Clipped 83713/3893623 values (2.15%)
strain_yEK23: Clipping values above 72.00 (P95=48.00). Clipped 86381/3558407 values (2.43%)
strain_yWT03a: Clipping values above 15.00 (P95=10.00). Clipped 10602/347679 values (3.05%)
strain_yWT04a: Clipping values above 58.50 (P95=39.00). Clipped 21095/725406 values (2.91%)
strain_ylic137: Clipping values above 142.50 (P95=95.00). Clipped 28746/1112684 values (2.58%)
Standardizing features: ['Nucl']
Column order in final array (Dataset/Chrom split): ['Value', 'Nucleosome_Distance', 'Value_Raw', 'Size_Factor']
Removing 0 empty data points out of 34008
Column order in final array (Dataset/Chrom split): ['Value', 'Nucleosome_Distance', 'Value_Raw', 'Size_Factor']
Removing 0 empty data points out of 9072
Column order in final array (Dataset/Chrom split): ['Value', 'Nucleosome_Distance', 'Value_Raw', 'Size_Factor']
Removing 0 empty data points out of 6136
Datasets created:
  Train: (34008, 413, 4), Val: (9072, 413, 4), Test: (6136, 413, 4)

Randomly sampled 19162/34008 samples (56.3%)
Applied denoising with 15.0% masking
Applied denoising with 15.0% masking
Applied denoising with 15.0% masking
Epoch [1/60], Total Loss: 4.5687, NLL: 1.8259, Masked: 5.2336
Epoch [2/60], Total Loss: 4.0177, NLL: 1.6618, Masked: 4.4955
Epoch [3/60], Total Loss: 3.9997, NLL: 1.6570, Masked: 4.4703
Epoch [4/60], Total Loss: 4.0140, NLL: 1.6221, Masked: 4.5642
Epoch [5/60], Total Loss: 3.9248, NLL: 1.6051, Masked: 4.4265
Epoch [6/60], Total Loss: 666.6526, NLL: 1.6013, Masked: 1269.0421
Epoch [7/60], Total Loss: 3.8580, NLL: 1.5775, Masked: 4.3516
Epoch [8/60], Total Loss: 3.8299, NLL: 1.5625, Masked: 4.3266
Epoch [9/60], Total Loss: 3.7885, NLL: 1.5456, Masked: 4.2799
Epoch [10/60], Total Loss: 7.1898, NLL: 1.5288, Masked: 10.8022
Epoch [11/60], Total Loss: 3.7320, NLL: 1.5191, Masked: 4.2226
Epoch [12/60], Total Loss: 3.7071, NLL: 1.4979, Masked: 4.2156
Epoch [13/60], Total Loss: 3.7018, NLL: 1.4975, Masked: 4.2063
Epoch [14/60], Total Loss: 3.6677, NLL: 1.4849, Masked: 4.1653
Epoch [15/60], Total Loss: 3.6652, NLL: 1.4765, Masked: 4.1766
Epoch [16/60], Total Loss: 3.6349, NLL: 1.4735, Masked: 4.1244
Epoch [17/60], Total Loss: 3.6757, NLL: 1.4773, Masked: 4.1951
Epoch [18/60], Total Loss: 3.7368, NLL: 1.4741, Masked: 4.3176
Epoch [19/60], Total Loss: 3.6046, NLL: 1.4719, Masked: 4.0696
Epoch [20/60], Total Loss: 3.5874, NLL: 1.4647, Masked: 4.0506
Epoch [21/60], Total Loss: 3.5930, NLL: 1.4630, Masked: 4.0644
Epoch [22/60], Total Loss: 3.5581, NLL: 1.4603, Masked: 4.0030
Epoch [23/60], Total Loss: 3.5488, NLL: 1.4625, Masked: 3.9810
Epoch [24/60], Total Loss: 3.5311, NLL: 1.4528, Masked: 3.9658
Epoch [25/60], Total Loss: 3.5233, NLL: 1.4545, Masked: 3.9477
Epoch [26/60], Total Loss: 3.5042, NLL: 1.4490, Masked: 3.9216
Epoch [27/60], Total Loss: 3.4938, NLL: 1.4457, Masked: 3.9081
Epoch [28/60], Total Loss: 3.4739, NLL: 1.4456, Masked: 3.8704
Epoch [29/60], Total Loss: 3.4610, NLL: 1.4419, Masked: 3.8529
Epoch [30/60], Total Loss: 3.4606, NLL: 1.4479, Masked: 3.8407
Epoch [31/60], Total Loss: 3.4365, NLL: 1.4375, Masked: 3.8146
Epoch [32/60], Total Loss: 3.4261, NLL: 1.4345, Masked: 3.8004
Epoch [33/60], Total Loss: 3.4380, NLL: 1.4399, Masked: 3.8127
Epoch [34/60], Total Loss: 3.4001, NLL: 1.4338, Masked: 3.7522
Epoch [35/60], Total Loss: 3.4065, NLL: 1.4324, Masked: 3.7669
Epoch [36/60], Total Loss: 3.3837, NLL: 1.4320, Masked: 3.7241
Epoch [37/60], Total Loss: 3.3996, NLL: 1.4321, Masked: 3.7543
Epoch [38/60], Total Loss: 3.5157, NLL: 1.4459, Masked: 3.9495
Epoch [39/60], Total Loss: 3.3647, NLL: 1.4315, Masked: 3.6890
Epoch [40/60], Total Loss: 3.3576, NLL: 1.4288, Masked: 3.6805
Epoch [41/60], Total Loss: 3.3550, NLL: 1.4286, Masked: 3.6758
Epoch [42/60], Total Loss: 3.3646, NLL: 1.4292, Masked: 3.6931
Epoch [43/60], Total Loss: 3.3208, NLL: 1.4268, Masked: 3.6140
Epoch [44/60], Total Loss: 3.3525, NLL: 1.4250, Masked: 3.6780
Epoch [45/60], Total Loss: 3.3196, NLL: 1.4303, Masked: 3.6052
Epoch [46/60], Total Loss: 3.3263, NLL: 1.4304, Masked: 3.6178
Epoch [47/60], Total Loss: 3.2928, NLL: 1.4235, Masked: 3.5669
Epoch [48/60], Total Loss: 3.3026, NLL: 1.4225, Masked: 3.5875
Epoch [49/60], Total Loss: 3.2957, NLL: 1.4244, Masked: 3.5707
Epoch [50/60], Total Loss: 3.2714, NLL: 1.4235, Masked: 3.5261
Epoch [51/60], Total Loss: 3.2632, NLL: 1.4226, Masked: 3.5124
Epoch [52/60], Total Loss: 3.2552, NLL: 1.4219, Masked: 3.4983
Epoch [53/60], Total Loss: 3.2509, NLL: 1.4225, Masked: 3.4890
Epoch [54/60], Total Loss: 3.2399, NLL: 1.4209, Masked: 3.4710
Epoch [55/60], Total Loss: 3.2433, NLL: 1.4239, Masked: 3.4717
Epoch [56/60], Total Loss: 3.2362, NLL: 1.4195, Masked: 3.4666
Epoch [57/60], Total Loss: 3.2284, NLL: 1.4185, Masked: 3.4536
Epoch [58/60], Total Loss: 3.2131, NLL: 1.4173, Masked: 3.4266
Epoch [59/60], Total Loss: 3.2115, NLL: 1.4189, Masked: 3.4207
Epoch [60/60], Total Loss: 3.2255, NLL: 1.4171, Masked: 3.4508

==================================================
EVALUATING ON TRAINING DATA
==================================================

==================================================
TEST RESULTS
==================================================
Total Loss: 3.083687
  - ZINB NLL: 1.399993
Total number of masked values: 492249
  - Number of values with pi >= 0.6468466428838888: 43773
  - Number of values with pi < 0.6468466428838888: 448476
  - Masked Reconstruction: 3.212804
Mean Absolute Error (MAE): 2.357118
R² Score: 0.258776
==================================================


==================================================
TEST RESULTS
==================================================
Total Loss: 3.740471
  - ZINB NLL: 1.520652
Total number of masked values: 239343
  - Number of values with pi >= 0.6468466428838888: 19942
  - Number of values with pi < 0.6468466428838888: 219401
  - Masked Reconstruction: 4.235829
Mean Absolute Error (MAE): 2.547751
R² Score: 0.225503
==================================================


>>> Optimizing zinb_nll on VALIDATION set: 1.520652
>>> Full validation metrics: {'total_loss': 3.7404707865740257, 'zinb_nll': 1.5206520557403564, 'mae': 2.54775071144104, 'r2': 0.22550272941589355, 'masked_loss': 4.2358289694239435}


*** Checkpoint saved at iteration 20 ***

Iteration No: 20 ended. Evaluation done at random point.
Time taken: 281.0909
Function value obtained: 1.5207
Current minimum: 1.5207
Iteration No: 21 started. Searching for the next optimal point.

================================================================================
Trial with parameters:
  features: Centr_Nucl
  data_point_length: 5000
  step_size: 0.25
  bin_size: 100
  sample_fraction: 0.25
  moving_average: False
  first_layer_size_factor: 4
  num_layers: 1
  use_conv: False
  conv_channel: 16
  pool_size: 2
  kernel_size: 9
  epochs: 150
  batch_size: 32
  pi_threshold: 0.3
  learning_rate: 1e-05
  dropout_rate: 0.0
  masked_recon_weight: 0.001
  regularizer: none
  regularization_weight: 100.0
================================================================================

Creating datasets with:
  features: ['Centr', 'Nucl']
  bin_size: 100
  moving_average: False
  data_point_length: 50 (from 5000)
  step_size: 12 (from fraction 0.25)
  layers: [np.int64(64)] (first=64, num=1)
  stride: 1 (fixed), padding: same (fixed)


Clipping outliers using 95th percentile * 1.5...
strain_yTW001: Clipping values above 134.25 (P95=89.50). Clipped 27529/1193409 values (2.31%)
strain_FD: Clipping values above 71.92 (P95=47.94). Clipped 95791/4127807 values (2.32%)
strain_dnrp: Clipping values above 243.00 (P95=162.00). Clipped 25649/1119454 values (2.29%)
strain_yEK19: Clipping values above 77.10 (P95=51.40). Clipped 83713/3893623 values (2.15%)
strain_yEK23: Clipping values above 72.00 (P95=48.00). Clipped 86381/3558407 values (2.43%)
strain_yWT03a: Clipping values above 15.00 (P95=10.00). Clipped 10602/347679 values (3.05%)
strain_yWT04a: Clipping values above 58.50 (P95=39.00). Clipped 21095/725406 values (2.91%)
strain_ylic137: Clipping values above 142.50 (P95=95.00). Clipped 28746/1112684 values (2.58%)
Standardizing features: ['Centr', 'Nucl']
Column order in final array (Dataset/Chrom split): ['Value', 'Nucleosome_Distance', 'Centromere_Distance', 'Value_Raw', 'Size_Factor']
Removing 0 empty data points out of 55432
Column order in final array (Dataset/Chrom split): ['Value', 'Nucleosome_Distance', 'Centromere_Distance', 'Value_Raw', 'Size_Factor']
Removing 0 empty data points out of 14776
Column order in final array (Dataset/Chrom split): ['Value', 'Nucleosome_Distance', 'Centromere_Distance', 'Value_Raw', 'Size_Factor']
Removing 0 empty data points out of 9936
Datasets created:
  Train: (55432, 50, 5), Val: (14776, 50, 5), Test: (9936, 50, 5)

Randomly sampled 13858/55432 samples (25.0%)
Applied denoising with 15.0% masking
Applied denoising with 15.0% masking
Applied denoising with 15.0% masking
Epoch [1/150], Total Loss: 3.1996, NLL: 3.1730, Masked: 26.5996
Epoch [2/150], Total Loss: 3.1139, NLL: 3.0899, Masked: 24.0270
Epoch [3/150], Total Loss: 2.9563, NLL: 2.9366, Masked: 19.7628
Epoch [4/150], Total Loss: 2.7536, NLL: 2.7383, Masked: 15.3199
Epoch [5/150], Total Loss: 2.5510, NLL: 2.5393, Masked: 11.7622
Epoch [6/150], Total Loss: 2.3867, NLL: 2.3774, Masked: 9.3032
Epoch [7/150], Total Loss: 2.2700, NLL: 2.2623, Masked: 7.6773
Epoch [8/150], Total Loss: 2.1917, NLL: 2.1851, Masked: 6.5881
Epoch [9/150], Total Loss: 2.1394, NLL: 2.1336, Masked: 5.8306
Epoch [10/150], Total Loss: 2.1036, NLL: 2.0984, Masked: 5.2733
Epoch [11/150], Total Loss: 2.0784, NLL: 2.0736, Masked: 4.8526
Epoch [12/150], Total Loss: 2.0602, NLL: 2.0557, Masked: 4.5228
Epoch [13/150], Total Loss: 2.0466, NLL: 2.0423, Masked: 4.2715
Epoch [14/150], Total Loss: 2.0360, NLL: 2.0320, Masked: 4.0579
Epoch [15/150], Total Loss: 2.0276, NLL: 2.0238, Masked: 3.8912
Epoch [16/150], Total Loss: 2.0206, NLL: 2.0168, Masked: 3.7479
Epoch [17/150], Total Loss: 2.0144, NLL: 2.0108, Masked: 3.6256
Epoch [18/150], Total Loss: 2.0088, NLL: 2.0053, Masked: 3.5236
Epoch [19/150], Total Loss: 2.0037, NLL: 2.0002, Masked: 3.4404
Epoch [20/150], Total Loss: 1.9988, NLL: 1.9955, Masked: 3.3601
Epoch [21/150], Total Loss: 1.9942, NLL: 1.9909, Masked: 3.2838
Epoch [22/150], Total Loss: 1.9896, NLL: 1.9864, Masked: 3.2195
Epoch [23/150], Total Loss: 1.9851, NLL: 1.9819, Masked: 3.1539
Epoch [24/150], Total Loss: 1.9805, NLL: 1.9774, Masked: 3.1032
Epoch [25/150], Total Loss: 1.9760, NLL: 1.9729, Masked: 3.0499
Epoch [26/150], Total Loss: 1.9713, NLL: 1.9683, Masked: 2.9987
Epoch [27/150], Total Loss: 1.9665, NLL: 1.9636, Masked: 2.9523
Epoch [28/150], Total Loss: 1.9616, NLL: 1.9587, Masked: 2.9017
Epoch [29/150], Total Loss: 1.9566, NLL: 1.9538, Masked: 2.8586
Epoch [30/150], Total Loss: 1.9516, NLL: 1.9488, Masked: 2.8168
Epoch [31/150], Total Loss: 1.9465, NLL: 1.9437, Masked: 2.7783
Epoch [32/150], Total Loss: 1.9414, NLL: 1.9386, Masked: 2.7419
Epoch [33/150], Total Loss: 1.9364, NLL: 1.9337, Masked: 2.7058
Epoch [34/150], Total Loss: 1.9315, NLL: 1.9288, Masked: 2.6757
Epoch [35/150], Total Loss: 1.9267, NLL: 1.9240, Masked: 2.6568
Epoch [36/150], Total Loss: 1.9220, NLL: 1.9194, Masked: 2.6310
Epoch [37/150], Total Loss: 1.9176, NLL: 1.9150, Masked: 2.6168
Epoch [38/150], Total Loss: 1.9135, NLL: 1.9109, Masked: 2.6010
Epoch [39/150], Total Loss: 1.9096, NLL: 1.9070, Masked: 2.5894
Epoch [40/150], Total Loss: 1.9061, NLL: 1.9035, Masked: 2.5829
Epoch [41/150], Total Loss: 1.9029, NLL: 1.9003, Masked: 2.5816
Epoch [42/150], Total Loss: 1.9001, NLL: 1.8975, Masked: 2.5753
Epoch [43/150], Total Loss: 1.8975, NLL: 1.8949, Masked: 2.5713
Epoch [44/150], Total Loss: 1.8952, NLL: 1.8926, Masked: 2.5736
Epoch [45/150], Total Loss: 1.8930, NLL: 1.8904, Masked: 2.5732
Epoch [46/150], Total Loss: 1.8910, NLL: 1.8884, Masked: 2.5678
Epoch [47/150], Total Loss: 1.8892, NLL: 1.8866, Masked: 2.5682
Epoch [48/150], Total Loss: 1.8876, NLL: 1.8850, Masked: 2.5713
Epoch [49/150], Total Loss: 1.8860, NLL: 1.8834, Masked: 2.5718
Epoch [50/150], Total Loss: 1.8845, NLL: 1.8820, Masked: 2.5694
Epoch [51/150], Total Loss: 1.8831, NLL: 1.8805, Masked: 2.5708
Epoch [52/150], Total Loss: 1.8818, NLL: 1.8792, Masked: 2.5729
Epoch [53/150], Total Loss: 1.8805, NLL: 1.8779, Masked: 2.5689
Epoch [54/150], Total Loss: 1.8793, NLL: 1.8767, Masked: 2.5688
Epoch [55/150], Total Loss: 1.8781, NLL: 1.8755, Masked: 2.5699
Epoch [56/150], Total Loss: 1.8769, NLL: 1.8744, Masked: 2.5691
Epoch [57/150], Total Loss: 1.8758, NLL: 1.8733, Masked: 2.5678
Epoch [58/150], Total Loss: 1.8747, NLL: 1.8722, Masked: 2.5670
Epoch [59/150], Total Loss: 1.8737, NLL: 1.8711, Masked: 2.5648
Epoch [60/150], Total Loss: 1.8727, NLL: 1.8701, Masked: 2.5603
Epoch [61/150], Total Loss: 1.8717, NLL: 1.8691, Masked: 2.5612
Epoch [62/150], Total Loss: 1.8707, NLL: 1.8681, Masked: 2.5580
Epoch [63/150], Total Loss: 1.8697, NLL: 1.8671, Masked: 2.5599
Epoch [64/150], Total Loss: 1.8687, NLL: 1.8662, Masked: 2.5509
Epoch [65/150], Total Loss: 1.8678, NLL: 1.8652, Masked: 2.5524
Epoch [66/150], Total Loss: 1.8669, NLL: 1.8643, Masked: 2.5528
Epoch [67/150], Total Loss: 1.8660, NLL: 1.8634, Masked: 2.5465
Epoch [68/150], Total Loss: 1.8651, NLL: 1.8625, Masked: 2.5442
Epoch [69/150], Total Loss: 1.8642, NLL: 1.8616, Masked: 2.5418
Epoch [70/150], Total Loss: 1.8633, NLL: 1.8607, Masked: 2.5403
Epoch [71/150], Total Loss: 1.8624, NLL: 1.8599, Masked: 2.5381
Epoch [72/150], Total Loss: 1.8615, NLL: 1.8590, Masked: 2.5345
Epoch [73/150], Total Loss: 1.8607, NLL: 1.8581, Masked: 2.5303
Epoch [74/150], Total Loss: 1.8598, NLL: 1.8573, Masked: 2.5299
Epoch [75/150], Total Loss: 1.8590, NLL: 1.8565, Masked: 2.5284
Epoch [76/150], Total Loss: 1.8582, NLL: 1.8557, Masked: 2.5243
Epoch [77/150], Total Loss: 1.8574, NLL: 1.8548, Masked: 2.5211
Epoch [78/150], Total Loss: 1.8566, NLL: 1.8540, Masked: 2.5193
Epoch [79/150], Total Loss: 1.8558, NLL: 1.8533, Masked: 2.5143
Epoch [80/150], Total Loss: 1.8549, NLL: 1.8524, Masked: 2.5098
Epoch [81/150], Total Loss: 1.8542, NLL: 1.8516, Masked: 2.5104
Epoch [82/150], Total Loss: 1.8534, NLL: 1.8509, Masked: 2.5057
Epoch [83/150], Total Loss: 1.8526, NLL: 1.8501, Masked: 2.5022
Epoch [84/150], Total Loss: 1.8518, NLL: 1.8493, Masked: 2.4998
Epoch [85/150], Total Loss: 1.8510, NLL: 1.8485, Masked: 2.4969
Epoch [86/150], Total Loss: 1.8502, NLL: 1.8477, Masked: 2.4929
Epoch [87/150], Total Loss: 1.8495, NLL: 1.8470, Masked: 2.4889
Epoch [88/150], Total Loss: 1.8487, NLL: 1.8462, Masked: 2.4844
Epoch [89/150], Total Loss: 1.8479, NLL: 1.8454, Masked: 2.4835
Epoch [90/150], Total Loss: 1.8471, NLL: 1.8447, Masked: 2.4781
Epoch [91/150], Total Loss: 1.8464, NLL: 1.8439, Masked: 2.4754
Epoch [92/150], Total Loss: 1.8456, NLL: 1.8432, Masked: 2.4727
Epoch [93/150], Total Loss: 1.8449, NLL: 1.8424, Masked: 2.4682
Epoch [94/150], Total Loss: 1.8441, NLL: 1.8417, Masked: 2.4667
Epoch [95/150], Total Loss: 1.8434, NLL: 1.8409, Masked: 2.4613
Epoch [96/150], Total Loss: 1.8426, NLL: 1.8402, Masked: 2.4582
Epoch [97/150], Total Loss: 1.8419, NLL: 1.8395, Masked: 2.4573
Epoch [98/150], Total Loss: 1.8412, NLL: 1.8387, Masked: 2.4508
Epoch [99/150], Total Loss: 1.8404, NLL: 1.8380, Masked: 2.4473
Epoch [100/150], Total Loss: 1.8397, NLL: 1.8372, Masked: 2.4435
Epoch [101/150], Total Loss: 1.8389, NLL: 1.8365, Masked: 2.4403
Epoch [102/150], Total Loss: 1.8382, NLL: 1.8357, Masked: 2.4384
Epoch [103/150], Total Loss: 1.8374, NLL: 1.8350, Masked: 2.4340
Epoch [104/150], Total Loss: 1.8367, NLL: 1.8343, Masked: 2.4301
Epoch [105/150], Total Loss: 1.8359, NLL: 1.8335, Masked: 2.4258
Epoch [106/150], Total Loss: 1.8352, NLL: 1.8327, Masked: 2.4265
Epoch [107/150], Total Loss: 1.8344, NLL: 1.8320, Masked: 2.4193
Epoch [108/150], Total Loss: 1.8337, NLL: 1.8313, Masked: 2.4142
Epoch [109/150], Total Loss: 1.8329, NLL: 1.8305, Masked: 2.4120
Epoch [110/150], Total Loss: 1.8322, NLL: 1.8298, Masked: 2.4078
Epoch [111/150], Total Loss: 1.8314, NLL: 1.8290, Masked: 2.4040
Epoch [112/150], Total Loss: 1.8307, NLL: 1.8283, Masked: 2.4008
Epoch [113/150], Total Loss: 1.8299, NLL: 1.8275, Masked: 2.3934
Epoch [114/150], Total Loss: 1.8292, NLL: 1.8268, Masked: 2.3930
Epoch [115/150], Total Loss: 1.8284, NLL: 1.8260, Masked: 2.3848
Epoch [116/150], Total Loss: 1.8276, NLL: 1.8252, Masked: 2.3841
Epoch [117/150], Total Loss: 1.8268, NLL: 1.8245, Masked: 2.3788
Epoch [118/150], Total Loss: 1.8261, NLL: 1.8237, Masked: 2.3764
Epoch [119/150], Total Loss: 1.8252, NLL: 1.8229, Masked: 2.3696
Epoch [120/150], Total Loss: 1.8244, NLL: 1.8221, Masked: 2.3685
Epoch [121/150], Total Loss: 1.8236, NLL: 1.8213, Masked: 2.3635
Epoch [122/150], Total Loss: 1.8228, NLL: 1.8205, Masked: 2.3606
Epoch [123/150], Total Loss: 1.8220, NLL: 1.8197, Masked: 2.3557
Epoch [124/150], Total Loss: 1.8212, NLL: 1.8188, Masked: 2.3504
Epoch [125/150], Total Loss: 1.8203, NLL: 1.8180, Masked: 2.3485
Epoch [126/150], Total Loss: 1.8195, NLL: 1.8171, Masked: 2.3394
Epoch [127/150], Total Loss: 1.8186, NLL: 1.8163, Masked: 2.3374
Epoch [128/150], Total Loss: 1.8178, NLL: 1.8155, Masked: 2.3326
Epoch [129/150], Total Loss: 1.8170, NLL: 1.8146, Masked: 2.3283
Epoch [130/150], Total Loss: 1.8161, NLL: 1.8138, Masked: 2.3216
Epoch [131/150], Total Loss: 1.8153, NLL: 1.8129, Masked: 2.3203
Epoch [132/150], Total Loss: 1.8144, NLL: 1.8121, Masked: 2.3151
Epoch [133/150], Total Loss: 1.8135, NLL: 1.8112, Masked: 2.3122
Epoch [134/150], Total Loss: 1.8127, NLL: 1.8104, Masked: 2.3054
Epoch [135/150], Total Loss: 1.8118, NLL: 1.8095, Masked: 2.3002
Epoch [136/150], Total Loss: 1.8110, NLL: 1.8087, Masked: 2.2996
Epoch [137/150], Total Loss: 1.8101, NLL: 1.8079, Masked: 2.2943
Epoch [138/150], Total Loss: 1.8093, NLL: 1.8070, Masked: 2.2887
Epoch [139/150], Total Loss: 1.8084, NLL: 1.8061, Masked: 2.2845
Epoch [140/150], Total Loss: 1.8076, NLL: 1.8053, Masked: 2.2811
Epoch [141/150], Total Loss: 1.8067, NLL: 1.8044, Masked: 2.2753
Epoch [142/150], Total Loss: 1.8058, NLL: 1.8035, Masked: 2.2743
Epoch [143/150], Total Loss: 1.8049, NLL: 1.8027, Masked: 2.2668
Epoch [144/150], Total Loss: 1.8040, NLL: 1.8018, Masked: 2.2640
Epoch [145/150], Total Loss: 1.8031, NLL: 1.8009, Masked: 2.2597
Epoch [146/150], Total Loss: 1.8022, NLL: 1.8000, Masked: 2.2544
Epoch [147/150], Total Loss: 1.8014, NLL: 1.7992, Masked: 2.2514
Epoch [148/150], Total Loss: 1.8005, NLL: 1.7983, Masked: 2.2462
Epoch [149/150], Total Loss: 1.7997, NLL: 1.7974, Masked: 2.2414
Epoch [150/150], Total Loss: 1.7988, NLL: 1.7966, Masked: 2.2359

==================================================
EVALUATING ON TRAINING DATA
==================================================

==================================================
TEST RESULTS
==================================================
Total Loss: 1.798300
  - ZINB NLL: 1.796061
Total number of masked values: 89400
  - Number of values with pi >= 0.3: 0
  - Number of values with pi < 0.3: 89400
  - Masked Reconstruction: 2.238738
Mean Absolute Error (MAE): 2.166408
R² Score: 0.212759
==================================================


==================================================
TEST RESULTS
==================================================
Total Loss: 1.852659
  - ZINB NLL: 1.850433
Total number of masked values: 95875
  - Number of values with pi >= 0.3: 0
  - Number of values with pi < 0.3: 95875
  - Masked Reconstruction: 2.226722
Mean Absolute Error (MAE): 2.220430
R² Score: 0.122129
==================================================


>>> Optimizing zinb_nll on VALIDATION set: 1.850433
>>> Full validation metrics: {'total_loss': 1.8526592367587376, 'zinb_nll': 1.8504325134662531, 'mae': 2.2204301357269287, 'r2': 0.12212938070297241, 'masked_loss': 2.226722242513346}

Iteration No: 21 ended. Search finished for the next optimal point.
Time taken: 242.8691
Function value obtained: 1.8504
Current minimum: 1.5207
Iteration No: 22 started. Searching for the next optimal point.

================================================================================
Trial with parameters:
  features: Centr
  data_point_length: 2795
  step_size: 0.25
  bin_size: 95
  sample_fraction: 0.25
  moving_average: False
  first_layer_size_factor: 9
  num_layers: 1
  use_conv: False
  conv_channel: 62
  pool_size: 5
  kernel_size: 9
  epochs: 150
  batch_size: 32
  pi_threshold: 0.3
  learning_rate: 0.0021400375449451255
  dropout_rate: 0.14273816050011762
  masked_recon_weight: 0.0027521262525345897
  regularizer: none
  regularization_weight: 1e-05
================================================================================

Creating datasets with:
  features: ['Centr']
  bin_size: 95
  moving_average: False
  data_point_length: 29 (from 2795)
  step_size: 7 (from fraction 0.25)
  layers: [np.int64(144)] (first=144, num=1)
  stride: 1 (fixed), padding: same (fixed)


Clipping outliers using 95th percentile * 1.5...
strain_yTW001: Clipping values above 134.25 (P95=89.50). Clipped 27529/1193409 values (2.31%)
strain_FD: Clipping values above 71.92 (P95=47.94). Clipped 95791/4127807 values (2.32%)
strain_dnrp: Clipping values above 243.00 (P95=162.00). Clipped 25649/1119454 values (2.29%)
strain_yEK19: Clipping values above 77.10 (P95=51.40). Clipped 83713/3893623 values (2.15%)
strain_yEK23: Clipping values above 72.00 (P95=48.00). Clipped 86381/3558407 values (2.43%)
strain_yWT03a: Clipping values above 15.00 (P95=10.00). Clipped 10602/347679 values (3.05%)
strain_yWT04a: Clipping values above 58.50 (P95=39.00). Clipped 21095/725406 values (2.91%)
strain_ylic137: Clipping values above 142.50 (P95=95.00). Clipped 28746/1112684 values (2.58%)
Standardizing features: ['Centr']
Column order in final array (Dataset/Chrom split): ['Value', 'Centromere_Distance', 'Value_Raw', 'Size_Factor']
Removing 0 empty data points out of 100192
Column order in final array (Dataset/Chrom split): ['Value', 'Centromere_Distance', 'Value_Raw', 'Size_Factor']
Removing 0 empty data points out of 26712
Column order in final array (Dataset/Chrom split): ['Value', 'Centromere_Distance', 'Value_Raw', 'Size_Factor']
Removing 0 empty data points out of 18008
Datasets created:
  Train: (100192, 29, 4), Val: (26712, 29, 4), Test: (18008, 29, 4)

Randomly sampled 25048/100192 samples (25.0%)
Applied denoising with 15.0% masking
Applied denoising with 15.0% masking
Applied denoising with 15.0% masking
Epoch [1/150], Total Loss: 1.8114, NLL: 1.8046, Masked: 2.4563
Epoch [2/150], Total Loss: 1.6368, NLL: 1.6318, Masked: 1.8330
Epoch [3/150], Total Loss: 1.5937, NLL: 1.5890, Masked: 1.7189
Epoch [4/150], Total Loss: 1.5629, NLL: 1.5582, Masked: 1.7218
Epoch [5/150], Total Loss: 1.5441, NLL: 1.5393, Masked: 1.7252
Epoch [6/150], Total Loss: 1.5332, NLL: 1.5285, Masked: 1.7362
Epoch [7/150], Total Loss: 1.5223, NLL: 1.5175, Masked: 1.7460
Epoch [8/150], Total Loss: 1.5152, NLL: 1.5104, Masked: 1.7614
Epoch [9/150], Total Loss: 1.5107, NLL: 1.5059, Masked: 1.7536
Epoch [10/150], Total Loss: 1.5059, NLL: 1.5010, Masked: 1.7610
Epoch [11/150], Total Loss: 1.5021, NLL: 1.4973, Masked: 1.7632
Epoch [12/150], Total Loss: 1.4996, NLL: 1.4948, Masked: 1.7677
Epoch [13/150], Total Loss: 1.4980, NLL: 1.4931, Masked: 1.7716
Epoch [14/150], Total Loss: 1.4907, NLL: 1.4859, Masked: 1.7706
Epoch [15/150], Total Loss: 1.4895, NLL: 1.4846, Masked: 1.7744
Epoch [16/150], Total Loss: 1.4877, NLL: 1.4829, Masked: 1.7735
Epoch [17/150], Total Loss: 1.4865, NLL: 1.4816, Masked: 1.7739
Epoch [18/150], Total Loss: 1.4844, NLL: 1.4795, Masked: 1.7808
Epoch [19/150], Total Loss: 1.4836, NLL: 1.4787, Masked: 1.7798
Epoch [20/150], Total Loss: 1.4829, NLL: 1.4780, Masked: 1.8006
Epoch [21/150], Total Loss: 1.4813, NLL: 1.4764, Masked: 1.7857
Epoch [22/150], Total Loss: 1.4766, NLL: 1.4717, Masked: 1.7832
Epoch [23/150], Total Loss: 1.4754, NLL: 1.4704, Masked: 1.7905
Epoch [24/150], Total Loss: 1.4741, NLL: 1.4692, Masked: 1.7860
Epoch [25/150], Total Loss: 1.4734, NLL: 1.4684, Masked: 1.8035
Epoch [26/150], Total Loss: 1.4724, NLL: 1.4675, Masked: 1.7911
Epoch [27/150], Total Loss: 1.4716, NLL: 1.4667, Masked: 1.7928
Epoch [28/150], Total Loss: 1.4711, NLL: 1.4662, Masked: 1.7879
Epoch [29/150], Total Loss: 1.4706, NLL: 1.4657, Masked: 1.7922
Epoch [30/150], Total Loss: 1.4692, NLL: 1.4643, Masked: 1.7941
Epoch [31/150], Total Loss: 1.4719, NLL: 1.4669, Masked: 1.7909
Epoch [32/150], Total Loss: 1.4686, NLL: 1.4636, Masked: 1.7999
Epoch [33/150], Total Loss: 1.4690, NLL: 1.4640, Masked: 1.8005
Epoch [34/150], Total Loss: 1.4684, NLL: 1.4635, Masked: 1.7929
Epoch [35/150], Total Loss: 1.4680, NLL: 1.4631, Masked: 1.8025
Epoch [36/150], Total Loss: 1.4686, NLL: 1.4637, Masked: 1.8043
Epoch [37/150], Total Loss: 1.4665, NLL: 1.4615, Masked: 1.8063
Epoch [38/150], Total Loss: 1.4671, NLL: 1.4621, Masked: 1.8152
Epoch [39/150], Total Loss: 1.4659, NLL: 1.4609, Masked: 1.8091
Epoch [40/150], Total Loss: 1.4667, NLL: 1.4617, Masked: 1.8091
Epoch [41/150], Total Loss: 1.4659, NLL: 1.4609, Masked: 1.8067
Epoch [42/150], Total Loss: 1.4654, NLL: 1.4604, Masked: 1.8121
Epoch [43/150], Total Loss: 1.4664, NLL: 1.4614, Masked: 1.8031
Epoch [44/150], Total Loss: 1.4669, NLL: 1.4619, Masked: 1.8122
Epoch [45/150], Total Loss: 1.4657, NLL: 1.4608, Masked: 1.8055
Epoch [46/150], Total Loss: 1.4642, NLL: 1.4592, Masked: 1.8113
Epoch [47/150], Total Loss: 1.4652, NLL: 1.4602, Masked: 1.8066
Epoch [48/150], Total Loss: 1.4657, NLL: 1.4608, Masked: 1.8130
Epoch [49/150], Total Loss: 1.4637, NLL: 1.4588, Masked: 1.8011
Epoch [50/150], Total Loss: 1.4646, NLL: 1.4596, Masked: 1.8208
Epoch [51/150], Total Loss: 1.4634, NLL: 1.4585, Masked: 1.8034
Epoch [52/150], Total Loss: 1.4634, NLL: 1.4584, Masked: 1.8076
Epoch [53/150], Total Loss: 1.4640, NLL: 1.4590, Masked: 1.8015
Epoch [54/150], Total Loss: 1.4657, NLL: 1.4607, Masked: 1.8040
Epoch [55/150], Total Loss: 1.4637, NLL: 1.4587, Masked: 1.8089
Epoch [56/150], Total Loss: 1.4660, NLL: 1.4610, Masked: 1.8137
Epoch [57/150], Total Loss: 1.4637, NLL: 1.4587, Masked: 1.8163
Epoch [58/150], Total Loss: 1.4638, NLL: 1.4588, Masked: 1.8106
Epoch [59/150], Total Loss: 1.4649, NLL: 1.4600, Masked: 1.8045
Epoch [60/150], Total Loss: 1.4628, NLL: 1.4578, Masked: 1.8069
Epoch [61/150], Total Loss: 1.4631, NLL: 1.4581, Masked: 1.8090
Epoch [62/150], Total Loss: 1.4625, NLL: 1.4575, Masked: 1.8136
Epoch [63/150], Total Loss: 1.4617, NLL: 1.4567, Masked: 1.8143
Epoch [64/150], Total Loss: 1.4622, NLL: 1.4572, Masked: 1.8162
Epoch [65/150], Total Loss: 1.4609, NLL: 1.4559, Masked: 1.8141
Epoch [66/150], Total Loss: 1.4620, NLL: 1.4571, Masked: 1.8148
Epoch [67/150], Total Loss: 1.4619, NLL: 1.4568, Masked: 1.8390
Epoch [68/150], Total Loss: 1.4621, NLL: 1.4571, Masked: 1.8154
Epoch [69/150], Total Loss: 1.4615, NLL: 1.4565, Masked: 1.8206
Epoch [70/150], Total Loss: 1.4624, NLL: 1.4574, Masked: 1.8135
Epoch [71/150], Total Loss: 1.4611, NLL: 1.4561, Masked: 1.8143
Epoch [72/150], Total Loss: 1.4614, NLL: 1.4564, Masked: 1.8184
Epoch [73/150], Total Loss: 1.4630, NLL: 1.4579, Masked: 1.8342
Epoch [74/150], Total Loss: 1.4598, NLL: 1.4549, Masked: 1.8132
Epoch [75/150], Total Loss: 1.4610, NLL: 1.4560, Masked: 1.8208
Epoch [76/150], Total Loss: 1.4625, NLL: 1.4575, Masked: 1.8202
Epoch [77/150], Total Loss: 1.4602, NLL: 1.4552, Masked: 1.8189
Epoch [78/150], Total Loss: 1.4599, NLL: 1.4549, Masked: 1.8078
Epoch [79/150], Total Loss: 1.4618, NLL: 1.4568, Masked: 1.8201
Epoch [80/150], Total Loss: 1.4612, NLL: 1.4562, Masked: 1.8102
Epoch [81/150], Total Loss: 1.4606, NLL: 1.4556, Masked: 1.8160
Epoch [82/150], Total Loss: 1.4625, NLL: 1.4575, Masked: 1.8131
Epoch [83/150], Total Loss: 1.4591, NLL: 1.4541, Masked: 1.8183
Epoch [84/150], Total Loss: 1.4600, NLL: 1.4550, Masked: 1.8147
Epoch [85/150], Total Loss: 1.4615, NLL: 1.4565, Masked: 1.8218
Epoch [86/150], Total Loss: 1.4597, NLL: 1.4547, Masked: 1.8355
Epoch [87/150], Total Loss: 1.4601, NLL: 1.4551, Masked: 1.8148
Epoch [88/150], Total Loss: 1.4595, NLL: 1.4545, Masked: 1.8205
Epoch [89/150], Total Loss: 1.4615, NLL: 1.4565, Masked: 1.8170
Epoch [90/150], Total Loss: 1.4589, NLL: 1.4539, Masked: 1.8225
Epoch [91/150], Total Loss: 1.4591, NLL: 1.4541, Masked: 1.8221
Epoch [92/150], Total Loss: 1.4581, NLL: 1.4531, Masked: 1.8132
Epoch [93/150], Total Loss: 1.4592, NLL: 1.4542, Masked: 1.8158
Epoch [94/150], Total Loss: 1.4595, NLL: 1.4545, Masked: 1.8214
Epoch [95/150], Total Loss: 1.4583, NLL: 1.4533, Masked: 1.8312
Epoch [96/150], Total Loss: 1.4604, NLL: 1.4553, Masked: 1.8221
Epoch [97/150], Total Loss: 1.4619, NLL: 1.4568, Masked: 1.8309
Epoch [98/150], Total Loss: 1.4584, NLL: 1.4533, Masked: 1.8706
Epoch [99/150], Total Loss: 1.4581, NLL: 1.4531, Masked: 1.8124
Epoch [100/150], Total Loss: 1.4578, NLL: 1.4527, Masked: 1.8242
Epoch [101/150], Total Loss: 1.4585, NLL: 1.4535, Masked: 1.8281
Epoch [102/150], Total Loss: 1.4580, NLL: 1.4529, Masked: 1.8319
Epoch [103/150], Total Loss: 1.4584, NLL: 1.4534, Masked: 1.8147
Epoch [104/150], Total Loss: 1.4586, NLL: 1.4535, Masked: 1.8414
Epoch [105/150], Total Loss: 1.4593, NLL: 1.4543, Masked: 1.8221
Epoch [106/150], Total Loss: 1.4586, NLL: 1.4536, Masked: 1.8309
Epoch [107/150], Total Loss: 1.4587, NLL: 1.4536, Masked: 1.8293
Epoch [108/150], Total Loss: 1.4577, NLL: 1.4527, Masked: 1.8163
Epoch [109/150], Total Loss: 1.4562, NLL: 1.4512, Masked: 1.8171
Epoch [110/150], Total Loss: 1.4578, NLL: 1.4529, Masked: 1.8121
Epoch [111/150], Total Loss: 1.4571, NLL: 1.4520, Masked: 1.8531
Epoch [112/150], Total Loss: 1.4602, NLL: 1.4552, Masked: 1.8236
Epoch [113/150], Total Loss: 1.4582, NLL: 1.4532, Masked: 1.8211
Epoch [114/150], Total Loss: 1.4576, NLL: 1.4526, Masked: 1.8220
Epoch [115/150], Total Loss: 1.4564, NLL: 1.4514, Masked: 1.8271
Epoch [116/150], Total Loss: 1.4576, NLL: 1.4524, Masked: 1.8915
Epoch [117/150], Total Loss: 1.4555, NLL: 1.4505, Masked: 1.8144
Epoch [118/150], Total Loss: 1.4587, NLL: 1.4537, Masked: 1.8255
Epoch [119/150], Total Loss: 1.4573, NLL: 1.4522, Masked: 1.8423
Epoch [120/150], Total Loss: 1.4601, NLL: 1.4550, Masked: 1.8319
Epoch [121/150], Total Loss: 1.4556, NLL: 1.4506, Masked: 1.8190
Epoch [122/150], Total Loss: 1.4575, NLL: 1.4525, Masked: 1.8399
Epoch [123/150], Total Loss: 1.4570, NLL: 1.4520, Masked: 1.8191
Epoch [124/150], Total Loss: 1.4579, NLL: 1.4528, Masked: 1.8471
Epoch [125/150], Total Loss: 1.4567, NLL: 1.4516, Masked: 1.8353
Epoch [126/150], Total Loss: 1.4568, NLL: 1.4517, Masked: 1.8317
Epoch [127/150], Total Loss: 1.4567, NLL: 1.4516, Masked: 1.8335
Epoch [128/150], Total Loss: 1.4563, NLL: 1.4512, Masked: 1.8464
Epoch [129/150], Total Loss: 1.4555, NLL: 1.4505, Masked: 1.8236
Epoch [130/150], Total Loss: 1.4558, NLL: 1.4508, Masked: 1.8169
Epoch [131/150], Total Loss: 1.4580, NLL: 1.4530, Masked: 1.8319
Epoch [132/150], Total Loss: 1.4552, NLL: 1.4501, Masked: 1.8544
Epoch [133/150], Total Loss: 1.4583, NLL: 1.4533, Masked: 1.8379
Epoch [134/150], Total Loss: 1.4558, NLL: 1.4507, Masked: 1.8348
Epoch [135/150], Total Loss: 1.4556, NLL: 1.4506, Masked: 1.8222
Epoch [136/150], Total Loss: 1.4577, NLL: 1.4527, Masked: 1.8385
Epoch [137/150], Total Loss: 1.4580, NLL: 1.4529, Masked: 1.8448
Epoch [138/150], Total Loss: 1.4540, NLL: 1.4489, Masked: 1.8474
Epoch [139/150], Total Loss: 1.4570, NLL: 1.4520, Masked: 1.8352
Epoch [140/150], Total Loss: 1.4567, NLL: 1.4517, Masked: 1.8358
Epoch [141/150], Total Loss: 1.4575, NLL: 1.4525, Masked: 1.8335
Epoch [142/150], Total Loss: 1.4559, NLL: 1.4508, Masked: 1.8322
Epoch [143/150], Total Loss: 1.4567, NLL: 1.4517, Masked: 1.8406
Epoch [144/150], Total Loss: 1.4585, NLL: 1.4534, Masked: 1.8364
Epoch [145/150], Total Loss: 1.4545, NLL: 1.4495, Masked: 1.8366
Epoch [146/150], Total Loss: 1.4550, NLL: 1.4499, Masked: 1.8416
Epoch [147/150], Total Loss: 1.4554, NLL: 1.4504, Masked: 1.8234
Epoch [148/150], Total Loss: 1.4572, NLL: 1.4522, Masked: 1.8283
Epoch [149/150], Total Loss: 1.4547, NLL: 1.4497, Masked: 1.8258
Epoch [150/150], Total Loss: 1.4565, NLL: 1.4514, Masked: 1.8386

==================================================
EVALUATING ON TRAINING DATA
==================================================

==================================================
TEST RESULTS
==================================================
Total Loss: 1.429304
  - ZINB NLL: 1.424370
Total number of masked values: 90281
  - Number of values with pi >= 0.3: 0
  - Number of values with pi < 0.3: 90281
  - Masked Reconstruction: 1.792664
Mean Absolute Error (MAE): 1.117812
R² Score: 0.059629
==================================================


==================================================
TEST RESULTS
==================================================
Total Loss: 1.481253
  - ZINB NLL: 1.476100
Total number of masked values: 97098
  - Number of values with pi >= 0.3: 0
  - Number of values with pi < 0.3: 97098
  - Masked Reconstruction: 1.872457
Mean Absolute Error (MAE): 1.181573
R² Score: -12.198345
==================================================


>>> Optimizing zinb_nll on VALIDATION set: 1.476100
>>> Full validation metrics: {'total_loss': 1.4812532907547655, 'zinb_nll': 1.4761000542842047, 'mae': 1.1815727949142456, 'r2': -12.198345184326172, 'masked_loss': 1.8724571144770061}

Iteration No: 22 ended. Search finished for the next optimal point.
Time taken: 396.4212
Function value obtained: 1.4761
Current minimum: 1.4761
Iteration No: 23 started. Searching for the next optimal point.

================================================================================
Trial with parameters:
  features: Centr_Nucl
  data_point_length: 1389
  step_size: 1.0
  bin_size: 1
  sample_fraction: 0.25
  moving_average: False
  first_layer_size_factor: 4
  num_layers: 1
  use_conv: True
  conv_channel: 25
  pool_size: 2
  kernel_size: 5
  epochs: 30
  batch_size: 64
  pi_threshold: 0.7
  learning_rate: 0.01
  dropout_rate: 0.0
  masked_recon_weight: 10.0
  regularizer: l2
  regularization_weight: 1e-05
================================================================================

Creating datasets with:
  features: ['Centr', 'Nucl']
  bin_size: 1
  moving_average: False
  data_point_length: 1389 (from 1389)
  step_size: 1389 (from fraction 1.0)
  layers: [np.int64(64)] (first=64, num=1)
  stride: 1 (fixed), padding: same (fixed)


Clipping outliers using 95th percentile * 1.5...
strain_yTW001: Clipping values above 134.25 (P95=89.50). Clipped 27529/1193409 values (2.31%)
strain_FD: Clipping values above 71.92 (P95=47.94). Clipped 95791/4127807 values (2.32%)
strain_dnrp: Clipping values above 243.00 (P95=162.00). Clipped 25649/1119454 values (2.29%)
strain_yEK19: Clipping values above 77.10 (P95=51.40). Clipped 83713/3893623 values (2.15%)
strain_yEK23: Clipping values above 72.00 (P95=48.00). Clipped 86381/3558407 values (2.43%)
strain_yWT03a: Clipping values above 15.00 (P95=10.00). Clipped 10602/347679 values (3.05%)
strain_yWT04a: Clipping values above 58.50 (P95=39.00). Clipped 21095/725406 values (2.91%)
strain_ylic137: Clipping values above 142.50 (P95=95.00). Clipped 28746/1112684 values (2.58%)
Standardizing features: ['Centr', 'Nucl']
Column order in final array (Dataset/Chrom split): ['Value', 'Nucleosome_Distance', 'Centromere_Distance', 'Value_Raw', 'Size_Factor']
Removing 0 empty data points out of 48080
Column order in final array (Dataset/Chrom split): ['Value', 'Nucleosome_Distance', 'Centromere_Distance', 'Value_Raw', 'Size_Factor']
Removing 0 empty data points out of 12832
Column order in final array (Dataset/Chrom split): ['Value', 'Nucleosome_Distance', 'Centromere_Distance', 'Value_Raw', 'Size_Factor']
Removing 0 empty data points out of 8672
Datasets created:
  Train: (48080, 1389, 5), Val: (12832, 1389, 5), Test: (8672, 1389, 5)

Randomly sampled 12020/48080 samples (25.0%)
Applied denoising with 15.0% masking
Applied denoising with 15.0% masking
Applied denoising with 15.0% masking
Epoch [1/30], Total Loss: 600766.4733, NLL: 1.8023, Masked: 60076.4662, Reg: 0.066761
Epoch [2/30], Total Loss: 103234.3790, NLL: 1.2321, Masked: 10323.3146, Reg: 0.050198
Epoch [3/30], Total Loss: 25893.5054, NLL: 1.1563, Masked: 2589.2349, Reg: 0.053296
Epoch [4/30], Total Loss: 1120.8660, NLL: 1.1312, Masked: 111.9735, Reg: 0.053979
Epoch [5/30], Total Loss: 124.9568, NLL: 1.1263, Masked: 12.3830, Reg: 0.061481
Epoch [6/30], Total Loss: 254.4318, NLL: 1.1051, Masked: 25.3327, Reg: 0.065032
Epoch [7/30], Total Loss: 250.8174, NLL: 1.1086, Masked: 24.9709, Reg: 0.079086
Epoch [8/30], Total Loss: 77457.1121, NLL: 1.0969, Masked: 7745.6014, Reg: 0.085059
Epoch [9/30], Total Loss: 130.9191, NLL: 1.0550, Masked: 12.9864, Reg: 0.092175
Epoch [10/30], Total Loss: 130.7605, NLL: 1.0475, Masked: 12.9713, Reg: 0.090338
Epoch [11/30], Total Loss: 249.9263, NLL: 1.0416, Masked: 24.8885, Reg: 0.093406
Epoch [12/30], Total Loss: 135.9709, NLL: 1.0375, Masked: 13.4933, Reg: 0.094618
Epoch [13/30], Total Loss: 172.8732, NLL: 1.0233, Masked: 17.1850, Reg: 0.093409
Epoch [14/30], Total Loss: 147312.3196, NLL: 1.0334, Masked: 14731.1280, Reg: 0.100012
Epoch [15/30], Total Loss: 217.5554, NLL: 1.0346, Masked: 21.6521, Reg: 0.101359
Epoch [16/30], Total Loss: 130.8445, NLL: 1.0259, Masked: 12.9819, Reg: 0.101464
Epoch [17/30], Total Loss: 1096.4695, NLL: 1.0524, Masked: 109.5417, Reg: 0.100628
Epoch [18/30], Total Loss: 165.3879, NLL: 1.0315, Masked: 16.4356, Reg: 0.104928
Epoch [19/30], Total Loss: 131.3685, NLL: 1.0271, Masked: 13.0341, Reg: 0.103940
Epoch [20/30], Total Loss: 151.6749, NLL: 1.0292, Masked: 15.0646, Reg: 0.102882
Epoch [21/30], Total Loss: 27701.0254, NLL: 1.0184, Masked: 2770.0008, Reg: 0.103972
Epoch [22/30], Total Loss: 130.8825, NLL: 1.0416, Masked: 12.9841, Reg: 0.108572
Epoch [23/30], Total Loss: 130.9713, NLL: 1.0319, Masked: 12.9939, Reg: 0.107421
Epoch [24/30], Total Loss: 130.8729, NLL: 1.0228, Masked: 12.9850, Reg: 0.106671
Epoch [25/30], Total Loss: 130.6218, NLL: 1.0270, Masked: 12.9595, Reg: 0.105925
Epoch [26/30], Total Loss: 131.1615, NLL: 1.0312, Masked: 13.0130, Reg: 0.105646
Epoch [27/30], Total Loss: 130.3293, NLL: 1.0240, Masked: 12.9305, Reg: 0.112167
Epoch [28/30], Total Loss: 131.0148, NLL: 1.0283, Masked: 12.9986, Reg: 0.115143
Epoch [29/30], Total Loss: 267948.7061, NLL: 1.0307, Masked: 26794.7695, Reg: 0.114057
Epoch [30/30], Total Loss: 131.1308, NLL: 1.0338, Masked: 13.0097, Reg: 0.113950

==================================================
EVALUATING ON TRAINING DATA
==================================================

==================================================
TEST RESULTS
==================================================
Total Loss: 130.890071
  - ZINB NLL: 1.015580
Total number of masked values: 400177
  - Number of values with pi >= 0.7: 392467
  - Number of values with pi < 0.7: 7710
  - Masked Reconstruction: 12.987449
  - Regularization: 0.115602
Mean Absolute Error (MAE): 2.264304
R² Score: -0.107478
==================================================


==================================================
TEST RESULTS
==================================================
Total Loss: 149.101975
  - ZINB NLL: 1.046765
Total number of masked values: 438198
  - Number of values with pi >= 0.7: 430369
  - Number of values with pi < 0.7: 7829
  - Masked Reconstruction: 14.805521
  - Regularization: 0.115602
Mean Absolute Error (MAE): 2.472380
R² Score: -0.075702
==================================================


>>> Optimizing zinb_nll on VALIDATION set: 1.046765
>>> Full validation metrics: {'total_loss': 149.1019745348695, 'zinb_nll': 1.046765125303197, 'mae': 2.4723803997039795, 'r2': -0.07570195198059082, 'masked_loss': 14.805520969138776, 'reg_loss': 0.11560190429687482}

Iteration No: 23 ended. Search finished for the next optimal point.
Time taken: 873.5085
Function value obtained: 1.0468
Current minimum: 1.0468
Iteration No: 24 started. Searching for the next optimal point.

================================================================================
Trial with parameters:
  features: Centr_Nucl
  data_point_length: 913
  step_size: 1.0
  bin_size: 1
  sample_fraction: 0.3408895861462901
  moving_average: False
  first_layer_size_factor: 5
  num_layers: 1
  use_conv: True
  conv_channel: 20
  pool_size: 2
  kernel_size: 5
  epochs: 30
  batch_size: 64
  pi_threshold: 0.7
  learning_rate: 0.004772814503730525
  dropout_rate: 0.0900830328342284
  masked_recon_weight: 10.0
  regularizer: l2
  regularization_weight: 1.1043346849278542e-05
================================================================================

Creating datasets with:
  features: ['Centr', 'Nucl']
  bin_size: 1
  moving_average: False
  data_point_length: 913 (from 913)
  step_size: 913 (from fraction 1.0)
  layers: [np.int64(80)] (first=80, num=1)
  stride: 1 (fixed), padding: same (fixed)


Clipping outliers using 95th percentile * 1.5...
strain_yTW001: Clipping values above 134.25 (P95=89.50). Clipped 27529/1193409 values (2.31%)
strain_FD: Clipping values above 71.92 (P95=47.94). Clipped 95791/4127807 values (2.32%)
strain_dnrp: Clipping values above 243.00 (P95=162.00). Clipped 25649/1119454 values (2.29%)
strain_yEK19: Clipping values above 77.10 (P95=51.40). Clipped 83713/3893623 values (2.15%)
strain_yEK23: Clipping values above 72.00 (P95=48.00). Clipped 86381/3558407 values (2.43%)
strain_yWT03a: Clipping values above 15.00 (P95=10.00). Clipped 10602/347679 values (3.05%)
strain_yWT04a: Clipping values above 58.50 (P95=39.00). Clipped 21095/725406 values (2.91%)
strain_ylic137: Clipping values above 142.50 (P95=95.00). Clipped 28746/1112684 values (2.58%)
Standardizing features: ['Centr', 'Nucl']
Column order in final array (Dataset/Chrom split): ['Value', 'Nucleosome_Distance', 'Centromere_Distance', 'Value_Raw', 'Size_Factor']
Removing 0 empty data points out of 73128
Column order in final array (Dataset/Chrom split): ['Value', 'Nucleosome_Distance', 'Centromere_Distance', 'Value_Raw', 'Size_Factor']
Removing 0 empty data points out of 19512
Column order in final array (Dataset/Chrom split): ['Value', 'Nucleosome_Distance', 'Centromere_Distance', 'Value_Raw', 'Size_Factor']
Removing 0 empty data points out of 13184
Datasets created:
  Train: (73128, 913, 5), Val: (19512, 913, 5), Test: (13184, 913, 5)

Randomly sampled 24928/73128 samples (34.1%)
Applied denoising with 15.0% masking
Applied denoising with 15.0% masking
Applied denoising with 15.0% masking
Epoch [1/30], Total Loss: 216208.9911, NLL: 1.5126, Masked: 21620.7477, Reg: 0.027541
Epoch [2/30], Total Loss: 135.9618, NLL: 1.1969, Masked: 13.4765, Reg: 0.012311
Epoch [3/30], Total Loss: 128.1977, NLL: 1.1752, Masked: 12.7023, Reg: 0.012026
Epoch [4/30], Total Loss: 128.2188, NLL: 1.1489, Masked: 12.7070, Reg: 0.012783
Epoch [5/30], Total Loss: 128.0979, NLL: 1.1174, Masked: 12.6980, Reg: 0.013878
Epoch [6/30], Total Loss: 127.0833, NLL: 1.1242, Masked: 12.5959, Reg: 0.013628
Epoch [7/30], Total Loss: 127.6840, NLL: 1.1210, Masked: 12.6563, Reg: 0.014184
Epoch [8/30], Total Loss: 18713.2138, NLL: 1.1304, Masked: 1871.2083, Reg: 0.017977
Epoch [9/30], Total Loss: 132.0349, NLL: 1.0902, Masked: 13.0945, Reg: 0.023155
Epoch [10/30], Total Loss: 132.5990, NLL: 1.0866, Masked: 13.1512, Reg: 0.024807
Epoch [11/30], Total Loss: 124.8707, NLL: 1.0777, Masked: 12.3793, Reg: 0.026875
Epoch [12/30], Total Loss: 124.2059, NLL: 1.0742, Masked: 12.3132, Reg: 0.030044
Epoch [13/30], Total Loss: 126.7969, NLL: 1.0654, Masked: 12.5731, Reg: 0.031971
Epoch [14/30], Total Loss: 124.2801, NLL: 1.0753, Masked: 12.3205, Reg: 0.034282
Epoch [15/30], Total Loss: 16731.1940, NLL: 1.0806, Masked: 1673.0113, Reg: 0.037749
Epoch [16/30], Total Loss: 124.2203, NLL: 1.0670, Masked: 12.3153, Reg: 0.040879
Epoch [17/30], Total Loss: 124.2920, NLL: 1.0701, Masked: 12.3222, Reg: 0.041878
Epoch [18/30], Total Loss: 26771.8697, NLL: 1.0856, Masked: 2677.0784, Reg: 0.045150
Epoch [19/30], Total Loss: 479.0710, NLL: 1.0700, Masked: 47.8001, Reg: 0.049640
Epoch [20/30], Total Loss: 125.1974, NLL: 1.0733, Masked: 12.4124, Reg: 0.051471
Epoch [21/30], Total Loss: 134.7982, NLL: 1.0604, Masked: 13.3738, Reg: 0.054744
Epoch [22/30], Total Loss: 132.4750, NLL: 1.0586, Masked: 13.1416, Reg: 0.057189
Epoch [23/30], Total Loss: 126.4251, NLL: 1.0592, Masked: 12.5366, Reg: 0.060198
Epoch [24/30], Total Loss: 125.9612, NLL: 1.0638, Masked: 12.4897, Reg: 0.061804
Epoch [25/30], Total Loss: 125.5213, NLL: 1.0603, Masked: 12.4461, Reg: 0.064166
Epoch [26/30], Total Loss: 158.3228, NLL: 1.0625, Masked: 15.7260, Reg: 0.066305
Epoch [27/30], Total Loss: 126.3332, NLL: 1.0598, Masked: 12.5273, Reg: 0.070557
Epoch [28/30], Total Loss: 142.7444, NLL: 1.0668, Masked: 14.1678, Reg: 0.078607
Epoch [29/30], Total Loss: 126.8583, NLL: 1.0601, Masked: 12.5798, Reg: 0.083429
Epoch [30/30], Total Loss: 129.4367, NLL: 1.0613, Masked: 12.8375, Reg: 0.087565

==================================================
EVALUATING ON TRAINING DATA
==================================================

==================================================
TEST RESULTS
==================================================
Total Loss: 132.350380
  - ZINB NLL: 1.053662
Total number of masked values: 537568
  - Number of values with pi >= 0.7: 516059
  - Number of values with pi < 0.7: 21509
  - Masked Reconstruction: 13.129672
  - Regularization: 0.092958
Mean Absolute Error (MAE): 2.359563
R² Score: -0.043076
==================================================


==================================================
TEST RESULTS
==================================================
Total Loss: 149.782032
  - ZINB NLL: 1.096527
Total number of masked values: 434773
  - Number of values with pi >= 0.7: 415722
  - Number of values with pi < 0.7: 19051
  - Masked Reconstruction: 14.868551
  - Regularization: 0.092958
Mean Absolute Error (MAE): 2.546913
R² Score: -0.048200
==================================================


>>> Optimizing zinb_nll on VALIDATION set: 1.096527
>>> Full validation metrics: {'total_loss': 149.78203215213915, 'zinb_nll': 1.096527354108256, 'mae': 2.5469133853912354, 'r2': -0.048200130462646484, 'masked_loss': 14.868550526211134, 'reg_loss': 0.09295835349497768}

Iteration No: 24 ended. Search finished for the next optimal point.
Time taken: 903.8220
Function value obtained: 1.0965
Current minimum: 1.0468
Iteration No: 25 started. Searching for the next optimal point.

================================================================================
Trial with parameters:
  features: Centr_Nucl
  data_point_length: 2560
  step_size: 1.0
  bin_size: 1
  sample_fraction: 0.25
  moving_average: False
  first_layer_size_factor: 7
  num_layers: 1
  use_conv: True
  conv_channel: 29
  pool_size: 2
  kernel_size: 5
  epochs: 30
  batch_size: 64
  pi_threshold: 0.7
  learning_rate: 0.01
  dropout_rate: 0.0
  masked_recon_weight: 10.0
  regularizer: l2
  regularization_weight: 1e-05
================================================================================

Creating datasets with:
  features: ['Centr', 'Nucl']
  bin_size: 1
  moving_average: False
  data_point_length: 2560 (from 2560)
  step_size: 2560 (from fraction 1.0)
  layers: [np.int64(112)] (first=112, num=1)
  stride: 1 (fixed), padding: same (fixed)


Clipping outliers using 95th percentile * 1.5...
strain_yTW001: Clipping values above 134.25 (P95=89.50). Clipped 27529/1193409 values (2.31%)
strain_FD: Clipping values above 71.92 (P95=47.94). Clipped 95791/4127807 values (2.32%)
strain_dnrp: Clipping values above 243.00 (P95=162.00). Clipped 25649/1119454 values (2.29%)
strain_yEK19: Clipping values above 77.10 (P95=51.40). Clipped 83713/3893623 values (2.15%)
strain_yEK23: Clipping values above 72.00 (P95=48.00). Clipped 86381/3558407 values (2.43%)
strain_yWT03a: Clipping values above 15.00 (P95=10.00). Clipped 10602/347679 values (3.05%)
strain_yWT04a: Clipping values above 58.50 (P95=39.00). Clipped 21095/725406 values (2.91%)
strain_ylic137: Clipping values above 142.50 (P95=95.00). Clipped 28746/1112684 values (2.58%)
Standardizing features: ['Centr', 'Nucl']
Column order in final array (Dataset/Chrom split): ['Value', 'Nucleosome_Distance', 'Centromere_Distance', 'Value_Raw', 'Size_Factor']
Removing 0 empty data points out of 26120
Column order in final array (Dataset/Chrom split): ['Value', 'Nucleosome_Distance', 'Centromere_Distance', 'Value_Raw', 'Size_Factor']
Removing 0 empty data points out of 6968
Column order in final array (Dataset/Chrom split): ['Value', 'Nucleosome_Distance', 'Centromere_Distance', 'Value_Raw', 'Size_Factor']
Removing 0 empty data points out of 4704
Datasets created:
  Train: (26120, 2560, 5), Val: (6968, 2560, 5), Test: (4704, 2560, 5)

Randomly sampled 6530/26120 samples (25.0%)
Applied denoising with 15.0% masking
Applied denoising with 15.0% masking
Applied denoising with 15.0% masking
Epoch [1/30], Total Loss: 9439410.6639, NLL: 4.0709, Masked: 943940.6638, Reg: 0.169094
Epoch [2/30], Total Loss: 926254.4740, NLL: 1.9418, Masked: 92625.2514, Reg: 0.146812
Epoch [3/30], Total Loss: 93616.6906, NLL: 1.4978, Masked: 9361.5193, Reg: 0.132568
Epoch [4/30], Total Loss: 125.7428, NLL: 1.3747, Masked: 12.4368, Reg: 0.129119
Epoch [5/30], Total Loss: 184.7612, NLL: 1.1060, Masked: 18.3655, Reg: 0.138070
Epoch [6/30], Total Loss: 135.2489, NLL: 1.0456, Masked: 13.4203, Reg: 0.119195
Epoch [7/30], Total Loss: 134.9246, NLL: 1.0367, Masked: 13.3888, Reg: 0.097755
Epoch [8/30], Total Loss: 135.1775, NLL: 1.0335, Masked: 13.4144, Reg: 0.080800
Epoch [9/30], Total Loss: 135.1615, NLL: 1.0392, Masked: 13.4122, Reg: 0.069952
Epoch [10/30], Total Loss: 134.9976, NLL: 1.0385, Masked: 13.3959, Reg: 0.062461
Epoch [11/30], Total Loss: 40060.9497, NLL: 1.2260, Masked: 4005.9724, Reg: 0.073836
Epoch [12/30], Total Loss: 660995.1250, NLL: 1.2849, Masked: 66099.3830, Reg: 0.149728
Epoch [13/30], Total Loss: 72577.4626, NLL: 1.1319, Masked: 7257.6332, Reg: 0.175606
Epoch [14/30], Total Loss: 135.1189, NLL: 1.0461, Masked: 13.4073, Reg: 0.149358
Epoch [15/30], Total Loss: 134.9614, NLL: 1.0352, Masked: 13.3926, Reg: 0.129626
Epoch [16/30], Total Loss: 134.9314, NLL: 1.0343, Masked: 13.3897, Reg: 0.108966
Epoch [17/30], Total Loss: 134.9814, NLL: 1.0351, Masked: 13.3946, Reg: 0.096147
Epoch [18/30], Total Loss: 135.1318, NLL: 1.0347, Masked: 13.4097, Reg: 0.087018
Epoch [19/30], Total Loss: 134.9033, NLL: 1.0341, Masked: 13.3869, Reg: 0.079257
Epoch [20/30], Total Loss: 134.7820, NLL: 1.0364, Masked: 13.3746, Reg: 0.072615
Epoch [21/30], Total Loss: 134.7824, NLL: 1.0380, Masked: 13.3744, Reg: 0.068010
Epoch [22/30], Total Loss: 135.4608, NLL: 1.0364, Masked: 13.4424, Reg: 0.063950
Epoch [23/30], Total Loss: 135.0136, NLL: 1.0367, Masked: 13.3977, Reg: 0.060284
Epoch [24/30], Total Loss: 134.8652, NLL: 1.0347, Masked: 13.3830, Reg: 0.056792
Epoch [25/30], Total Loss: 134.8311, NLL: 1.0338, Masked: 13.3797, Reg: 0.053484
Epoch [26/30], Total Loss: 164.7917, NLL: 1.0447, Masked: 16.3747, Reg: 0.056793
Epoch [27/30], Total Loss: 135.1074, NLL: 1.0350, Masked: 13.4072, Reg: 0.054900
Epoch [28/30], Total Loss: 134.8321, NLL: 1.0347, Masked: 13.3797, Reg: 0.049523
Epoch [29/30], Total Loss: 134.5136, NLL: 1.0410, Masked: 13.3473, Reg: 0.053044
Epoch [30/30], Total Loss: 33224.8641, NLL: 1.2550, Masked: 3322.3609, Reg: 0.145187

==================================================
EVALUATING ON TRAINING DATA
==================================================

==================================================
TEST RESULTS
==================================================
Total Loss: 133.825069
  - ZINB NLL: 1.071234
Total number of masked values: 412252
  - Number of values with pi >= 0.7: 388719
  - Number of values with pi < 0.7: 23533
  - Masked Reconstruction: 13.275383
  - Regularization: 0.183427
Mean Absolute Error (MAE): 2.504079
R² Score: -2090.489014
==================================================


==================================================
TEST RESULTS
==================================================
Total Loss: 147.856394
  - ZINB NLL: 1.079920
Total number of masked values: 441267
  - Number of values with pi >= 0.7: 415179
  - Number of values with pi < 0.7: 26088
  - Masked Reconstruction: 14.677647
  - Regularization: 0.183427
Mean Absolute Error (MAE): 2.457511
R² Score: -0.045013
==================================================


>>> Optimizing zinb_nll on VALIDATION set: 1.079920
>>> Full validation metrics: {'total_loss': 147.85639449074677, 'zinb_nll': 1.0799197399246707, 'mae': 2.4575111865997314, 'r2': -0.04501307010650635, 'masked_loss': 14.677647471291053, 'reg_loss': 0.18342662109375008}

Iteration No: 25 ended. Search finished for the next optimal point.
Time taken: 865.0453
Function value obtained: 1.0799
Current minimum: 1.0468
Iteration No: 26 started. Searching for the next optimal point.

================================================================================
Trial with parameters:
  features: Centr_Nucl
  data_point_length: 4338
  step_size: 0.5480262285563595
  bin_size: 1
  sample_fraction: 0.25
  moving_average: False
  first_layer_size_factor: 150
  num_layers: 1
  use_conv: True
  conv_channel: 76
  pool_size: 8
  kernel_size: 9
  epochs: 30
  batch_size: 64
  pi_threshold: 0.7
  learning_rate: 0.00011441972929314914
  dropout_rate: 0.0
  masked_recon_weight: 10.0
  regularizer: l2
  regularization_weight: 1e-05
================================================================================

Creating datasets with:
  features: ['Centr', 'Nucl']
  bin_size: 1
  moving_average: False
  data_point_length: 4338 (from 4338)
  step_size: 2377 (from fraction 0.5480262285563595)
  layers: [np.int64(2400)] (first=2400, num=1)
  stride: 1 (fixed), padding: same (fixed)


Clipping outliers using 95th percentile * 1.5...
strain_yTW001: Clipping values above 134.25 (P95=89.50). Clipped 27529/1193409 values (2.31%)
strain_FD: Clipping values above 71.92 (P95=47.94). Clipped 95791/4127807 values (2.32%)
strain_dnrp: Clipping values above 243.00 (P95=162.00). Clipped 25649/1119454 values (2.29%)
strain_yEK19: Clipping values above 77.10 (P95=51.40). Clipped 83713/3893623 values (2.15%)
strain_yEK23: Clipping values above 72.00 (P95=48.00). Clipped 86381/3558407 values (2.43%)
strain_yWT03a: Clipping values above 15.00 (P95=10.00). Clipped 10602/347679 values (3.05%)
strain_yWT04a: Clipping values above 58.50 (P95=39.00). Clipped 21095/725406 values (2.91%)
strain_ylic137: Clipping values above 142.50 (P95=95.00). Clipped 28746/1112684 values (2.58%)
Standardizing features: ['Centr', 'Nucl']
Column order in final array (Dataset/Chrom split): ['Value', 'Nucleosome_Distance', 'Centromere_Distance', 'Value_Raw', 'Size_Factor']
Removing 0 empty data points out of 28064
Column order in final array (Dataset/Chrom split): ['Value', 'Nucleosome_Distance', 'Centromere_Distance', 'Value_Raw', 'Size_Factor']
Removing 0 empty data points out of 7480
Column order in final array (Dataset/Chrom split): ['Value', 'Nucleosome_Distance', 'Centromere_Distance', 'Value_Raw', 'Size_Factor']
Removing 0 empty data points out of 5048
Datasets created:
  Train: (28064, 4338, 5), Val: (7480, 4338, 5), Test: (5048, 4338, 5)

Randomly sampled 7016/28064 samples (25.0%)
Applied denoising with 15.0% masking
Applied denoising with 15.0% masking
Applied denoising with 15.0% masking
Epoch [1/30], Total Loss: 136.4529, NLL: 1.9482, Masked: 13.4505, Reg: 0.181874
Epoch [2/30], Total Loss: 127.6389, NLL: 1.4600, Masked: 12.6179, Reg: 0.179464
Epoch [3/30], Total Loss: 135.0594, NLL: 1.1867, Masked: 13.3873, Reg: 0.179522
Epoch [4/30], Total Loss: 129.8160, NLL: 1.1737, Masked: 12.8642, Reg: 0.178540
Epoch [5/30], Total Loss: 131.1977, NLL: 1.1686, Masked: 13.0029, Reg: 0.177336
Epoch [6/30], Total Loss: 434.9123, NLL: 1.1398, Masked: 43.3773, Reg: 0.175973
Epoch [7/30], Total Loss: 128.8963, NLL: 1.1151, Masked: 12.7781, Reg: 0.174541
Epoch [8/30], Total Loss: 126.9353, NLL: 1.1007, Masked: 12.5835, Reg: 0.173298
Epoch [9/30], Total Loss: 125.6575, NLL: 1.1017, Masked: 12.4556, Reg: 0.172213
Epoch [10/30], Total Loss: 124.4029, NLL: 1.0643, Masked: 12.3339, Reg: 0.171160
Epoch [11/30], Total Loss: 122.8603, NLL: 1.0513, Masked: 12.1809, Reg: 0.170177
Epoch [12/30], Total Loss: 121.4698, NLL: 1.0453, Masked: 12.0425, Reg: 0.169260
Epoch [13/30], Total Loss: 120.7791, NLL: 1.0343, Masked: 11.9745, Reg: 0.168423
Epoch [14/30], Total Loss: 120.4683, NLL: 1.0320, Masked: 11.9436, Reg: 0.167460
Epoch [15/30], Total Loss: 118.9429, NLL: 1.0199, Masked: 11.7923, Reg: 0.166552
Epoch [16/30], Total Loss: 117.5446, NLL: 1.0108, Masked: 11.6534, Reg: 0.165602
Epoch [17/30], Total Loss: 116.1708, NLL: 1.0060, Masked: 11.5165, Reg: 0.164697
Epoch [18/30], Total Loss: 114.6357, NLL: 0.9960, Masked: 11.3640, Reg: 0.163753
Epoch [19/30], Total Loss: 113.9278, NLL: 0.9947, Masked: 11.2933, Reg: 0.162780
Epoch [20/30], Total Loss: 112.6107, NLL: 0.9849, Masked: 11.1626, Reg: 0.161836
Epoch [21/30], Total Loss: 110.6385, NLL: 0.9842, Masked: 10.9654, Reg: 0.160909
Epoch [22/30], Total Loss: 109.6358, NLL: 0.9791, Masked: 10.8657, Reg: 0.159925
Epoch [23/30], Total Loss: 108.2708, NLL: 0.9765, Masked: 10.7294, Reg: 0.159004
Epoch [24/30], Total Loss: 107.6931, NLL: 0.9720, Masked: 10.6721, Reg: 0.158147
Epoch [25/30], Total Loss: 106.4067, NLL: 0.9716, Masked: 10.5435, Reg: 0.157229
Epoch [26/30], Total Loss: 104.2910, NLL: 0.9695, Masked: 10.3322, Reg: 0.156277
Epoch [27/30], Total Loss: 103.8616, NLL: 0.9664, Masked: 10.2895, Reg: 0.155324
Epoch [28/30], Total Loss: 102.3545, NLL: 0.9657, Masked: 10.1389, Reg: 0.154381
Epoch [29/30], Total Loss: 101.1350, NLL: 0.9616, Masked: 10.0173, Reg: 0.153461
Epoch [30/30], Total Loss: 100.5637, NLL: 0.9613, Masked: 9.9602, Reg: 0.152550

==================================================
EVALUATING ON TRAINING DATA
==================================================

==================================================
TEST RESULTS
==================================================
Total Loss: 99.061504
  - ZINB NLL: 0.958871
Total number of masked values: 733993
  - Number of values with pi >= 0.7: 327914
  - Number of values with pi < 0.7: 406079
  - Masked Reconstruction: 9.810263
  - Regularization: 0.152108
Mean Absolute Error (MAE): 2.861058
R² Score: -0.005471
==================================================


==================================================
TEST RESULTS
==================================================
Total Loss: 140.811377
  - ZINB NLL: 1.005910
Total number of masked values: 806409
  - Number of values with pi >= 0.7: 357473
  - Number of values with pi < 0.7: 448936
  - Masked Reconstruction: 13.980547
  - Regularization: 0.152108
Mean Absolute Error (MAE): 3.355665
R² Score: -0.026386
==================================================


>>> Optimizing zinb_nll on VALIDATION set: 1.005910
>>> Full validation metrics: {'total_loss': 140.81137701840325, 'zinb_nll': 1.005910472308888, 'mae': 3.3556649684906006, 'r2': -0.026385784149169922, 'masked_loss': 13.980546663661691, 'reg_loss': 0.15210847656249987}

Iteration No: 26 ended. Search finished for the next optimal point.
Time taken: 968.3518
Function value obtained: 1.0059
Current minimum: 1.0059
Iteration No: 27 started. Searching for the next optimal point.

================================================================================
Trial with parameters:
  features: Centr
  data_point_length: 5000
  step_size: 0.7733616426978313
  bin_size: 1
  sample_fraction: 1.0
  moving_average: False
  first_layer_size_factor: 28
  num_layers: 1
  use_conv: False
  conv_channel: 16
  pool_size: 8
  kernel_size: 5
  epochs: 30
  batch_size: 128
  pi_threshold: 0.7
  learning_rate: 1e-05
  dropout_rate: 0.26257575790207405
  masked_recon_weight: 0.001
  regularizer: none
  regularization_weight: 1e-05
================================================================================

Creating datasets with:
  features: ['Centr']
  bin_size: 1
  moving_average: False
  data_point_length: 5000 (from 5000)
  step_size: 3866 (from fraction 0.7733616426978313)
  layers: [np.int64(448)] (first=448, num=1)
  stride: 1 (fixed), padding: same (fixed)


Clipping outliers using 95th percentile * 1.5...
strain_yTW001: Clipping values above 134.25 (P95=89.50). Clipped 27529/1193409 values (2.31%)
strain_FD: Clipping values above 71.92 (P95=47.94). Clipped 95791/4127807 values (2.32%)
strain_dnrp: Clipping values above 243.00 (P95=162.00). Clipped 25649/1119454 values (2.29%)
strain_yEK19: Clipping values above 77.10 (P95=51.40). Clipped 83713/3893623 values (2.15%)
strain_yEK23: Clipping values above 72.00 (P95=48.00). Clipped 86381/3558407 values (2.43%)
strain_yWT03a: Clipping values above 15.00 (P95=10.00). Clipped 10602/347679 values (3.05%)
strain_yWT04a: Clipping values above 58.50 (P95=39.00). Clipped 21095/725406 values (2.91%)
strain_ylic137: Clipping values above 142.50 (P95=95.00). Clipped 28746/1112684 values (2.58%)
Standardizing features: ['Centr']
Column order in final array (Dataset/Chrom split): ['Value', 'Centromere_Distance', 'Value_Raw', 'Size_Factor']
Removing 0 empty data points out of 17256
Column order in final array (Dataset/Chrom split): ['Value', 'Centromere_Distance', 'Value_Raw', 'Size_Factor']
Removing 0 empty data points out of 4616
Column order in final array (Dataset/Chrom split): ['Value', 'Centromere_Distance', 'Value_Raw', 'Size_Factor']
Removing 0 empty data points out of 3120
Datasets created:
  Train: (17256, 5000, 4), Val: (4616, 5000, 4), Test: (3120, 5000, 4)

Applied denoising with 15.0% masking
Applied denoising with 15.0% masking
Applied denoising with 15.0% masking
Epoch [1/30], Total Loss: 1.7446, NLL: 1.7218, Masked: 22.8012
Epoch [2/30], Total Loss: 1.3313, NLL: 1.3139, Masked: 17.3533
Epoch [3/30], Total Loss: 1.3127, NLL: 1.2946, Masked: 18.1348
Epoch [4/30], Total Loss: 1.3104, NLL: 1.2922, Masked: 18.1871
Epoch [5/30], Total Loss: 1.3076, NLL: 1.2894, Masked: 18.2079
Epoch [6/30], Total Loss: 1.3055, NLL: 1.2874, Masked: 18.0937
Epoch [7/30], Total Loss: 1.3037, NLL: 1.2856, Masked: 18.0976
Epoch [8/30], Total Loss: 1.3024, NLL: 1.2844, Masked: 18.0657
Epoch [9/30], Total Loss: 1.3002, NLL: 1.2821, Masked: 18.0644
Epoch [10/30], Total Loss: 1.2982, NLL: 1.2801, Masked: 18.0177
Epoch [11/30], Total Loss: 1.2959, NLL: 1.2779, Masked: 17.9532
Epoch [12/30], Total Loss: 1.2933, NLL: 1.2753, Masked: 17.9826
Epoch [13/30], Total Loss: 1.2894, NLL: 1.2715, Masked: 17.8691
Epoch [14/30], Total Loss: 1.2834, NLL: 1.2656, Masked: 17.7988
Epoch [15/30], Total Loss: 1.2778, NLL: 1.2602, Masked: 17.6692
Epoch [16/30], Total Loss: 1.2723, NLL: 1.2546, Masked: 17.6562
Epoch [17/30], Total Loss: 1.2681, NLL: 1.2506, Masked: 17.5547
Epoch [18/30], Total Loss: 1.2639, NLL: 1.2465, Masked: 17.4273
Epoch [19/30], Total Loss: 1.2608, NLL: 1.2434, Masked: 17.3795
Epoch [20/30], Total Loss: 1.2578, NLL: 1.2406, Masked: 17.2615
Epoch [21/30], Total Loss: 1.2553, NLL: 1.2382, Masked: 17.1039
Epoch [22/30], Total Loss: 1.2531, NLL: 1.2360, Masked: 17.0496
Epoch [23/30], Total Loss: 1.2515, NLL: 1.2346, Masked: 16.9031
Epoch [24/30], Total Loss: 1.2492, NLL: 1.2324, Masked: 16.8360
Epoch [25/30], Total Loss: 1.2487, NLL: 1.2320, Masked: 16.6975
Epoch [26/30], Total Loss: 1.2472, NLL: 1.2305, Masked: 16.7223
Epoch [27/30], Total Loss: 1.2457, NLL: 1.2291, Masked: 16.6290
Epoch [28/30], Total Loss: 1.2443, NLL: 1.2277, Masked: 16.5962
Epoch [29/30], Total Loss: 1.2430, NLL: 1.2265, Masked: 16.5620
Epoch [30/30], Total Loss: 1.2422, NLL: 1.2257, Masked: 16.5148

==================================================
EVALUATING ON TRAINING DATA
==================================================

==================================================
TEST RESULTS
==================================================
Total Loss: 1.238645
  - ZINB NLL: 1.222185
Total number of masked values: 2090569
  - Number of values with pi >= 0.7: 1374572
  - Number of values with pi < 0.7: 715997
  - Masked Reconstruction: 16.459913
Mean Absolute Error (MAE): 9.114523
R² Score: -1.425196
==================================================


==================================================
TEST RESULTS
==================================================
Total Loss: 1.265354
  - ZINB NLL: 1.248823
Total number of masked values: 573039
  - Number of values with pi >= 0.7: 352711
  - Number of values with pi < 0.7: 220328
  - Masked Reconstruction: 16.531054
Mean Absolute Error (MAE): 10.421401
R² Score: -1.581310
==================================================


>>> Optimizing zinb_nll on VALIDATION set: 1.248823
>>> Full validation metrics: {'total_loss': 1.2653537699420077, 'zinb_nll': 1.248822714261827, 'mae': 10.421401023864746, 'r2': -1.5813095569610596, 'masked_loss': 16.531053718289222}

Iteration No: 27 ended. Search finished for the next optimal point.
Time taken: 869.6125
Function value obtained: 1.2488
Current minimum: 1.0059
Iteration No: 28 started. Searching for the next optimal point.

================================================================================
Trial with parameters:
  features: Centr_Nucl
  data_point_length: 3210
  step_size: 0.25
  bin_size: 1
  sample_fraction: 0.4525516569936757
  moving_average: True
  first_layer_size_factor: 39
  num_layers: 1
  use_conv: False
  conv_channel: 16
  pool_size: 6
  kernel_size: 5
  epochs: 30
  batch_size: 128
  pi_threshold: 0.6382521953485315
  learning_rate: 5.9362967546479234e-05
  dropout_rate: 0.5
  masked_recon_weight: 10.0
  regularizer: none
  regularization_weight: 1e-05
================================================================================

Creating datasets with:
  features: ['Centr', 'Nucl']
  bin_size: 1
  moving_average: True
  data_point_length: 3210 (from 3210)
  step_size: 802 (from fraction 0.25)
  layers: [np.int64(624)] (first=624, num=1)
  stride: 1 (fixed), padding: same (fixed)


Clipping outliers using 95th percentile * 1.5...
strain_yTW001: Clipping values above 134.25 (P95=89.50). Clipped 27529/1193409 values (2.31%)
strain_FD: Clipping values above 71.92 (P95=47.94). Clipped 95791/4127807 values (2.32%)
strain_dnrp: Clipping values above 243.00 (P95=162.00). Clipped 25649/1119454 values (2.29%)
strain_yEK19: Clipping values above 77.10 (P95=51.40). Clipped 83713/3893623 values (2.15%)
strain_yEK23: Clipping values above 72.00 (P95=48.00). Clipped 86381/3558407 values (2.43%)
strain_yWT03a: Clipping values above 15.00 (P95=10.00). Clipped 10602/347679 values (3.05%)
strain_yWT04a: Clipping values above 58.50 (P95=39.00). Clipped 21095/725406 values (2.91%)
strain_ylic137: Clipping values above 142.50 (P95=95.00). Clipped 28746/1112684 values (2.58%)
Standardizing features: ['Centr', 'Nucl']
Column order in final array (Dataset/Chrom split): ['Value', 'Nucleosome_Distance', 'Centromere_Distance', 'Value_Raw', 'Size_Factor']
Removing 0 empty data points out of 83040
Column order in final array (Dataset/Chrom split): ['Value', 'Nucleosome_Distance', 'Centromere_Distance', 'Value_Raw', 'Size_Factor']
Removing 0 empty data points out of 22136
Column order in final array (Dataset/Chrom split): ['Value', 'Nucleosome_Distance', 'Centromere_Distance', 'Value_Raw', 'Size_Factor']
Removing 0 empty data points out of 14912
Datasets created:
  Train: (83040, 3210, 5), Val: (22136, 3210, 5), Test: (14912, 3210, 5)

Randomly sampled 37579/83040 samples (45.3%)
Applied denoising with 15.0% masking
Applied denoising with 15.0% masking
Applied denoising with 15.0% masking
Epoch [1/30], Total Loss: 144.1998, NLL: 1.6552, Masked: 14.2545
Epoch [2/30], Total Loss: 130.4067, NLL: 1.5659, Masked: 12.8841
Epoch [3/30], Total Loss: 131.4048, NLL: 1.5034, Masked: 12.9901
Epoch [4/30], Total Loss: 132.5124, NLL: 1.4683, Masked: 13.1044
Epoch [5/30], Total Loss: 130.3374, NLL: 1.4186, Masked: 12.8919
Epoch [6/30], Total Loss: 295.9581, NLL: 1.3819, Masked: 29.4576
Epoch [7/30], Total Loss: 130.3501, NLL: 1.3477, Masked: 12.9002
Epoch [8/30], Total Loss: 129.6358, NLL: 1.3300, Masked: 12.8306
Epoch [9/30], Total Loss: 129.2194, NLL: 1.3136, Masked: 12.7906
Epoch [10/30], Total Loss: 129.2184, NLL: 1.2986, Masked: 12.7920
Epoch [11/30], Total Loss: 129.2120, NLL: 1.2763, Masked: 12.7936
Epoch [12/30], Total Loss: 128.1939, NLL: 1.2618, Masked: 12.6932
Epoch [13/30], Total Loss: 127.8707, NLL: 1.2467, Masked: 12.6624
Epoch [14/30], Total Loss: 127.6546, NLL: 1.2337, Masked: 12.6421
Epoch [15/30], Total Loss: 127.2392, NLL: 1.2188, Masked: 12.6020
Epoch [16/30], Total Loss: 127.2808, NLL: 1.2052, Masked: 12.6076
Epoch [17/30], Total Loss: 126.3182, NLL: 1.1991, Masked: 12.5119
Epoch [18/30], Total Loss: 126.3429, NLL: 1.1828, Masked: 12.5160
Epoch [19/30], Total Loss: 125.7705, NLL: 1.1727, Masked: 12.4598
Epoch [20/30], Total Loss: 126.3462, NLL: 1.1621, Masked: 12.5184
Epoch [21/30], Total Loss: 125.3465, NLL: 1.1489, Masked: 12.4198
Epoch [22/30], Total Loss: 124.8694, NLL: 1.1465, Masked: 12.3723
Epoch [23/30], Total Loss: 124.6033, NLL: 1.1337, Masked: 12.3470
Epoch [24/30], Total Loss: 124.4480, NLL: 1.1264, Masked: 12.3322
Epoch [25/30], Total Loss: 124.0289, NLL: 1.1243, Masked: 12.2905
Epoch [26/30], Total Loss: 123.7595, NLL: 1.1143, Masked: 12.2645
Epoch [27/30], Total Loss: 123.6728, NLL: 1.1153, Masked: 12.2557
Epoch [28/30], Total Loss: 123.4246, NLL: 1.1098, Masked: 12.2315
Epoch [29/30], Total Loss: 123.0675, NLL: 1.1028, Masked: 12.1965
Epoch [30/30], Total Loss: 122.8659, NLL: 1.1019, Masked: 12.1764

==================================================
EVALUATING ON TRAINING DATA
==================================================

==================================================
TEST RESULTS
==================================================
Total Loss: 121.636481
  - ZINB NLL: 1.095762
Total number of masked values: 2895389
  - Number of values with pi >= 0.6382521953485315: 1883864
  - Number of values with pi < 0.6382521953485315: 1011525
  - Masked Reconstruction: 12.054072
Mean Absolute Error (MAE): 2.514153
R² Score: 0.040054
==================================================


==================================================
TEST RESULTS
==================================================
Total Loss: 141.755283
  - ZINB NLL: 1.130269
Total number of masked values: 1756758
  - Number of values with pi >= 0.6382521953485315: 1113168
  - Number of values with pi < 0.6382521953485315: 643590
  - Masked Reconstruction: 14.062501
Mean Absolute Error (MAE): 2.753938
R² Score: 0.029976
==================================================


>>> Optimizing zinb_nll on VALIDATION set: 1.130269
>>> Full validation metrics: {'total_loss': 141.75528250784922, 'zinb_nll': 1.130269278203015, 'mae': 2.7539384365081787, 'r2': 0.02997565269470215, 'masked_loss': 14.062501248358647}

Iteration No: 28 ended. Search finished for the next optimal point.
Time taken: 628.8779
Function value obtained: 1.1303
Current minimum: 1.0059
Iteration No: 29 started. Searching for the next optimal point.

================================================================================
Trial with parameters:
  features: Centr
  data_point_length: 4357
  step_size: 0.411003518979956
  bin_size: 1
  sample_fraction: 0.25
  moving_average: True
  first_layer_size_factor: 123
  num_layers: 1
  use_conv: False
  conv_channel: 105
  pool_size: 6
  kernel_size: 7
  epochs: 92
  batch_size: 128
  pi_threshold: 0.7
  learning_rate: 0.0006548656022255873
  dropout_rate: 0.21907372706215686
  masked_recon_weight: 10.0
  regularizer: none
  regularization_weight: 1e-05
================================================================================

Creating datasets with:
  features: ['Centr']
  bin_size: 1
  moving_average: True
  data_point_length: 4357 (from 4357)
  step_size: 1790 (from fraction 0.411003518979956)
  layers: [np.int64(1968)] (first=1968, num=1)
  stride: 1 (fixed), padding: same (fixed)


Clipping outliers using 95th percentile * 1.5...
strain_yTW001: Clipping values above 134.25 (P95=89.50). Clipped 27529/1193409 values (2.31%)
strain_FD: Clipping values above 71.92 (P95=47.94). Clipped 95791/4127807 values (2.32%)
strain_dnrp: Clipping values above 243.00 (P95=162.00). Clipped 25649/1119454 values (2.29%)
strain_yEK19: Clipping values above 77.10 (P95=51.40). Clipped 83713/3893623 values (2.15%)
strain_yEK23: Clipping values above 72.00 (P95=48.00). Clipped 86381/3558407 values (2.43%)
strain_yWT03a: Clipping values above 15.00 (P95=10.00). Clipped 10602/347679 values (3.05%)
strain_yWT04a: Clipping values above 58.50 (P95=39.00). Clipped 21095/725406 values (2.91%)
strain_ylic137: Clipping values above 142.50 (P95=95.00). Clipped 28746/1112684 values (2.58%)
Standardizing features: ['Centr']
Column order in final array (Dataset/Chrom split): ['Value', 'Centromere_Distance', 'Value_Raw', 'Size_Factor']
Removing 0 empty data points out of 37224
Column order in final array (Dataset/Chrom split): ['Value', 'Centromere_Distance', 'Value_Raw', 'Size_Factor']
Removing 0 empty data points out of 9928
Column order in final array (Dataset/Chrom split): ['Value', 'Centromere_Distance', 'Value_Raw', 'Size_Factor']
Removing 0 empty data points out of 6688
Datasets created:
  Train: (37224, 4357, 4), Val: (9928, 4357, 4), Test: (6688, 4357, 4)

Randomly sampled 9306/37224 samples (25.0%)
Applied denoising with 15.0% masking
Applied denoising with 15.0% masking
Applied denoising with 15.0% masking
Epoch [1/92], Total Loss: 5840757.9404, NLL: 2.2524, Masked: 584075.5797
Epoch [2/92], Total Loss: 501266.1269, NLL: 2.2156, Masked: 50126.3907
Epoch [3/92], Total Loss: 991750.9550, NLL: 2.2171, Masked: 99174.8734
Epoch [4/92], Total Loss: 1916914.9628, NLL: 2.2262, Masked: 191691.2758
Epoch [5/92], Total Loss: 2863884.8949, NLL: 2.2405, Masked: 286388.2658
Epoch [6/92], Total Loss: 2623701.6136, NLL: 2.2666, Masked: 262369.9331
Epoch [7/92], Total Loss: 1573391.5423, NLL: 2.2841, Masked: 157338.9248
Epoch [8/92], Total Loss: 1900979.4924, NLL: 2.2983, Masked: 190097.7195
Epoch [9/92], Total Loss: 1780050.2925, NLL: 2.3156, Masked: 178004.7965
Epoch [10/92], Total Loss: 1435291.3086, NLL: 2.3322, Masked: 143528.8960
Epoch [11/92], Total Loss: 1263172.3163, NLL: 2.3063, Masked: 126317.0000
Epoch [12/92], Total Loss: 2796021.4418, NLL: 2.2893, Masked: 279601.9147
Epoch [13/92], Total Loss: 1350599.0943, NLL: 2.2660, Masked: 135059.6832
Epoch [14/92], Total Loss: 1016161.8951, NLL: 2.2654, Masked: 101615.9628
Epoch [15/92], Total Loss: 902655.4544, NLL: 2.2555, Masked: 90265.3199
Epoch [16/92], Total Loss: 839287.0488, NLL: 2.2575, Masked: 83928.4797
Epoch [17/92], Total Loss: 1482659.9140, NLL: 2.2563, Masked: 148265.7639
Epoch [18/92], Total Loss: 1942721.4028, NLL: 2.2618, Masked: 194271.9132
Epoch [19/92], Total Loss: 847382.5255, NLL: 2.2630, Masked: 84738.0268
Epoch [20/92], Total Loss: 1928376.3210, NLL: 2.2648, Masked: 192837.4042
Epoch [21/92], Total Loss: 1386497.8168, NLL: 2.2560, Masked: 138649.5564
Epoch [22/92], Total Loss: 1735925.5587, NLL: 2.2501, Masked: 173592.3318
Epoch [23/92], Total Loss: 721698.1455, NLL: 2.2379, Masked: 72169.5901
Epoch [24/92], Total Loss: 1174194.0601, NLL: 2.2434, Masked: 117419.1808
Epoch [25/92], Total Loss: 1568566.6889, NLL: 2.2410, Masked: 156856.4450
Epoch [26/92], Total Loss: 1491892.5247, NLL: 2.2413, Masked: 149189.0285
Epoch [27/92], Total Loss: 919312.6590, NLL: 2.2401, Masked: 91931.0413
Epoch [28/92], Total Loss: 1413693.3646, NLL: 2.2432, Masked: 141369.1115
Epoch [29/92], Total Loss: 1834103.9547, NLL: 2.2411, Masked: 183410.1717
Epoch [30/92], Total Loss: 1405553.0881, NLL: 2.2365, Masked: 140555.0851
Epoch [31/92], Total Loss: 1451885.6984, NLL: 2.2374, Masked: 145188.3454
Epoch [32/92], Total Loss: 1466446.5027, NLL: 2.2370, Masked: 146644.4275
Epoch [33/92], Total Loss: 1136985.5176, NLL: 2.2471, Masked: 113698.3270
Epoch [34/92], Total Loss: 683415.1275, NLL: 2.2427, Masked: 68341.2887
Epoch [35/92], Total Loss: 961071.4836, NLL: 2.2422, Masked: 96106.9247
Epoch [36/92], Total Loss: 886874.1302, NLL: 2.2428, Masked: 88687.1891
Epoch [37/92], Total Loss: 1068248.2607, NLL: 2.2430, Masked: 106824.6025
Epoch [38/92], Total Loss: 2033890.2044, NLL: 2.2438, Masked: 203388.7965
Epoch [39/92], Total Loss: 961690.7545, NLL: 2.2394, Masked: 96168.8515
Epoch [40/92], Total Loss: 1513215.0668, NLL: 2.2380, Masked: 151321.2829
Epoch [41/92], Total Loss: 196093.1543, NLL: 2.2377, Masked: 19609.0915
Epoch [42/92], Total Loss: 826458.2677, NLL: 2.2415, Masked: 82645.6031
Epoch [43/92], Total Loss: 511289.4229, NLL: 2.2430, Masked: 51128.7174
Epoch [44/92], Total Loss: 503073.9018, NLL: 2.2423, Masked: 50307.1662
Epoch [45/92], Total Loss: 1017784.4248, NLL: 2.2379, Masked: 101778.2194
Epoch [46/92], Total Loss: 1220278.7163, NLL: 2.2393, Masked: 122027.6483
Epoch [47/92], Total Loss: 435657.5771, NLL: 2.2374, Masked: 43565.5343
Epoch [48/92], Total Loss: 602597.9974, NLL: 2.2360, Masked: 60259.5765
Epoch [49/92], Total Loss: 883643.4700, NLL: 2.2383, Masked: 88364.1233
Epoch [50/92], Total Loss: 589169.5112, NLL: 2.2395, Masked: 58916.7271
Epoch [51/92], Total Loss: 428016.6075, NLL: 2.2433, Masked: 42801.4366
Epoch [52/92], Total Loss: 835888.5928, NLL: 2.2438, Masked: 83588.6355
Epoch [53/92], Total Loss: 536956.3619, NLL: 2.2424, Masked: 53695.4119
Epoch [54/92], Total Loss: 270193.8570, NLL: 2.2397, Masked: 27019.1617
Epoch [55/92], Total Loss: 538902.3603, NLL: 2.2397, Masked: 53890.0118
Epoch [56/92], Total Loss: 420959.8330, NLL: 2.2399, Masked: 42095.7593
Epoch [57/92], Total Loss: 1034146.3336, NLL: 2.2385, Masked: 103414.4094
Epoch [58/92], Total Loss: 1650743.4123, NLL: 2.2393, Masked: 165074.1185
Epoch [59/92], Total Loss: 621134.6873, NLL: 2.2335, Masked: 62113.2457
Epoch [60/92], Total Loss: 304676.7045, NLL: 2.2293, Masked: 30467.4474
Epoch [61/92], Total Loss: 400849.5262, NLL: 2.2257, Masked: 40084.7298
Epoch [62/92], Total Loss: 115358.8313, NLL: 2.2215, Masked: 11535.6608
Epoch [63/92], Total Loss: 781224.3837, NLL: 2.2242, Masked: 78122.2159
Epoch [64/92], Total Loss: 572972.6879, NLL: 2.2221, Masked: 57297.0465
Epoch [65/92], Total Loss: 314479.4791, NLL: 2.2232, Masked: 31447.7258
Epoch [66/92], Total Loss: 557159.7431, NLL: 2.2271, Masked: 55715.7519
Epoch [67/92], Total Loss: 954175.2480, NLL: 2.2282, Masked: 95417.3014
Epoch [68/92], Total Loss: 781474.9246, NLL: 2.2290, Masked: 78147.2700
Epoch [69/92], Total Loss: 406377.8823, NLL: 2.2307, Masked: 40637.5653
Epoch [70/92], Total Loss: 589823.9392, NLL: 2.2316, Masked: 58982.1709
Epoch [71/92], Total Loss: 402188.3748, NLL: 2.2292, Masked: 40218.6144
Epoch [72/92], Total Loss: 514566.5896, NLL: 2.2265, Masked: 51456.4362
Epoch [73/92], Total Loss: 547182.4913, NLL: 2.2227, Masked: 54718.0265
Epoch [74/92], Total Loss: 799410.6062, NLL: 2.2197, Masked: 79940.8382
Epoch [75/92], Total Loss: 1039713.4349, NLL: 2.2202, Masked: 103971.1202
Epoch [76/92], Total Loss: 842835.4740, NLL: 2.2220, Masked: 84283.3262
Epoch [77/92], Total Loss: 882118.9986, NLL: 2.2259, Masked: 88211.6767
Epoch [78/92], Total Loss: 202081.7467, NLL: 2.2238, Masked: 20207.9527
Epoch [79/92], Total Loss: 430190.4949, NLL: 2.2229, Masked: 43018.8269
Epoch [80/92], Total Loss: 595135.6818, NLL: 2.2210, Masked: 59513.3462
Epoch [81/92], Total Loss: 556621.0881, NLL: 2.2193, Masked: 55661.8866
Epoch [82/92], Total Loss: 1316504.8040, NLL: 2.2186, Masked: 131650.2579
Epoch [83/92], Total Loss: 529272.2793, NLL: 2.2137, Masked: 52927.0063
Epoch [84/92], Total Loss: 84399.5026, NLL: 2.2111, Masked: 8439.7292
Epoch [85/92], Total Loss: 168571.0654, NLL: 2.2083, Masked: 16856.8855
Epoch [86/92], Total Loss: 265752.1113, NLL: 2.2087, Masked: 26574.9900
Epoch [87/92], Total Loss: 182529.1973, NLL: 2.2084, Masked: 18252.6987
Epoch [88/92], Total Loss: 223738.4116, NLL: 2.2062, Masked: 22373.6207
Epoch [89/92], Total Loss: 964759.8875, NLL: 2.2090, Masked: 96475.7684
Epoch [90/92], Total Loss: 456345.9859, NLL: 2.2084, Masked: 45634.3779
Epoch [91/92], Total Loss: 53535.8170, NLL: 2.2063, Masked: 5353.3611
Epoch [92/92], Total Loss: 479389.7208, NLL: 2.2032, Masked: 47938.7518

==================================================
EVALUATING ON TRAINING DATA
==================================================

==================================================
TEST RESULTS
==================================================
Total Loss: 879372.125105
  - ZINB NLL: 2.202724
Total number of masked values: 989632
  - Number of values with pi >= 0.7: 19774
  - Number of values with pi < 0.7: 969858
  - Masked Reconstruction: 87936.992029
Mean Absolute Error (MAE): 103244.265625
R² Score: -428539904000.000000
==================================================


==================================================
TEST RESULTS
==================================================
Total Loss: 681207.480428
  - ZINB NLL: 2.281578
Total number of masked values: 1073892
  - Number of values with pi >= 0.7: 37678
  - Number of values with pi < 0.7: 1036214
  - Masked Reconstruction: 68120.519312
Mean Absolute Error (MAE): 66717.398438
R² Score: -258146762752.000000
==================================================


>>> Optimizing zinb_nll on VALIDATION set: 2.281578
>>> Full validation metrics: {'total_loss': 681207.4804283099, 'zinb_nll': 2.281577892403368, 'mae': 66717.3984375, 'r2': -258146762752.0, 'masked_loss': 68120.51931200635}

Iteration No: 29 ended. Search finished for the next optimal point.
Time taken: 638.7475
Function value obtained: 2.2816
Current minimum: 1.0059
Iteration No: 30 started. Searching for the next optimal point.

================================================================================
Trial with parameters:
  features: Centr_Nucl
  data_point_length: 5000
  step_size: 0.25
  bin_size: 1
  sample_fraction: 0.25
  moving_average: True
  first_layer_size_factor: 150
  num_layers: 1
  use_conv: True
  conv_channel: 58
  pool_size: 8
  kernel_size: 9
  epochs: 48
  batch_size: 64
  pi_threshold: 0.7
  learning_rate: 1e-05
  dropout_rate: 0.0639678452064631
  masked_recon_weight: 10.0
  regularizer: l2
  regularization_weight: 1e-05
================================================================================

Creating datasets with:
  features: ['Centr', 'Nucl']
  bin_size: 1
  moving_average: True
  data_point_length: 5000 (from 5000)
  step_size: 1250 (from fraction 0.25)
  layers: [np.int64(2400)] (first=2400, num=1)
  stride: 1 (fixed), padding: same (fixed)


Clipping outliers using 95th percentile * 1.5...
strain_yTW001: Clipping values above 134.25 (P95=89.50). Clipped 27529/1193409 values (2.31%)
strain_FD: Clipping values above 71.92 (P95=47.94). Clipped 95791/4127807 values (2.32%)
strain_dnrp: Clipping values above 243.00 (P95=162.00). Clipped 25649/1119454 values (2.29%)
strain_yEK19: Clipping values above 77.10 (P95=51.40). Clipped 83713/3893623 values (2.15%)
strain_yEK23: Clipping values above 72.00 (P95=48.00). Clipped 86381/3558407 values (2.43%)
strain_yWT03a: Clipping values above 15.00 (P95=10.00). Clipped 10602/347679 values (3.05%)
strain_yWT04a: Clipping values above 58.50 (P95=39.00). Clipped 21095/725406 values (2.91%)
strain_ylic137: Clipping values above 142.50 (P95=95.00). Clipped 28746/1112684 values (2.58%)
Standardizing features: ['Centr', 'Nucl']
Column order in final array (Dataset/Chrom split): ['Value', 'Nucleosome_Distance', 'Centromere_Distance', 'Value_Raw', 'Size_Factor']
Removing 0 empty data points out of 53216
Column order in final array (Dataset/Chrom split): ['Value', 'Nucleosome_Distance', 'Centromere_Distance', 'Value_Raw', 'Size_Factor']
Removing 0 empty data points out of 14184
Column order in final array (Dataset/Chrom split): ['Value', 'Nucleosome_Distance', 'Centromere_Distance', 'Value_Raw', 'Size_Factor']
Removing 0 empty data points out of 9544
Datasets created:
  Train: (53216, 5000, 5), Val: (14184, 5000, 5), Test: (9544, 5000, 5)

Randomly sampled 13304/53216 samples (25.0%)
Applied denoising with 15.0% masking
Applied denoising with 15.0% masking
Applied denoising with 15.0% masking
Epoch [1/48], Total Loss: 161.2971, NLL: 1.5342, Masked: 15.9763, Reg: 0.208918
Epoch [2/48], Total Loss: 126.6719, NLL: 1.4597, Masked: 12.5212, Reg: 0.208239
Epoch [3/48], Total Loss: 126.7201, NLL: 1.4129, Masked: 12.5307, Reg: 0.207685
Epoch [4/48], Total Loss: 138.8674, NLL: 1.2674, Masked: 13.7600, Reg: 0.207353
Epoch [5/48], Total Loss: 134.4936, NLL: 1.1449, Masked: 13.3349, Reg: 0.207008
Epoch [6/48], Total Loss: 134.9758, NLL: 1.0976, Masked: 13.3878, Reg: 0.206592
Epoch [7/48], Total Loss: 134.7406, NLL: 1.0809, Masked: 13.3660, Reg: 0.206208
Epoch [8/48], Total Loss: 134.3626, NLL: 1.0548, Masked: 13.3308, Reg: 0.205853
Epoch [9/48], Total Loss: 134.1416, NLL: 1.0505, Masked: 13.3091, Reg: 0.205513
Epoch [10/48], Total Loss: 133.3323, NLL: 1.0493, Masked: 13.2283, Reg: 0.205171
Epoch [11/48], Total Loss: 133.2523, NLL: 1.0499, Masked: 13.2202, Reg: 0.204836
Epoch [12/48], Total Loss: 132.8579, NLL: 1.0484, Masked: 13.1810, Reg: 0.204508
Epoch [13/48], Total Loss: 132.4663, NLL: 1.0505, Masked: 13.1416, Reg: 0.204166
Epoch [14/48], Total Loss: 132.2057, NLL: 1.0509, Masked: 13.1155, Reg: 0.203830
Epoch [15/48], Total Loss: 132.2851, NLL: 1.0456, Masked: 13.1240, Reg: 0.203484
Epoch [16/48], Total Loss: 131.3141, NLL: 1.0482, Masked: 13.0266, Reg: 0.203127
Epoch [17/48], Total Loss: 131.0966, NLL: 1.0440, Masked: 13.0053, Reg: 0.202786
Epoch [18/48], Total Loss: 130.9346, NLL: 1.0414, Masked: 12.9893, Reg: 0.202447
Epoch [19/48], Total Loss: 130.6345, NLL: 1.0402, Masked: 12.9594, Reg: 0.202105
Epoch [20/48], Total Loss: 130.4215, NLL: 1.0420, Masked: 12.9380, Reg: 0.201759
Epoch [21/48], Total Loss: 130.0541, NLL: 1.0392, Masked: 12.9015, Reg: 0.201419
Epoch [22/48], Total Loss: 129.8511, NLL: 1.0378, Masked: 12.8813, Reg: 0.201084
Epoch [23/48], Total Loss: 129.8063, NLL: 1.0375, Masked: 12.8769, Reg: 0.200741
Epoch [24/48], Total Loss: 129.3820, NLL: 1.0387, Masked: 12.8343, Reg: 0.200393
Epoch [25/48], Total Loss: 129.1319, NLL: 1.0379, Masked: 12.8094, Reg: 0.200075
Epoch [26/48], Total Loss: 128.8658, NLL: 1.0361, Masked: 12.7830, Reg: 0.199751
Epoch [27/48], Total Loss: 128.5910, NLL: 1.0352, Masked: 12.7556, Reg: 0.199432
Epoch [28/48], Total Loss: 128.3331, NLL: 1.0341, Masked: 12.7299, Reg: 0.199116
Epoch [29/48], Total Loss: 128.2229, NLL: 1.0331, Masked: 12.7190, Reg: 0.198809
Epoch [30/48], Total Loss: 127.8084, NLL: 1.0334, Masked: 12.6775, Reg: 0.198497
Epoch [31/48], Total Loss: 127.6836, NLL: 1.0333, Masked: 12.6650, Reg: 0.198202
Epoch [32/48], Total Loss: 127.5599, NLL: 1.0315, Masked: 12.6528, Reg: 0.197904
Epoch [33/48], Total Loss: 127.1277, NLL: 1.0310, Masked: 12.6097, Reg: 0.197615
Epoch [34/48], Total Loss: 126.9644, NLL: 1.0306, Masked: 12.5934, Reg: 0.197329
Epoch [35/48], Total Loss: 126.8847, NLL: 1.0296, Masked: 12.5855, Reg: 0.197037
Epoch [36/48], Total Loss: 126.6550, NLL: 1.0303, Masked: 12.5625, Reg: 0.196757
Epoch [37/48], Total Loss: 126.2246, NLL: 1.0287, Masked: 12.5196, Reg: 0.196475
Epoch [38/48], Total Loss: 125.8447, NLL: 1.0285, Masked: 12.4816, Reg: 0.196206
Epoch [39/48], Total Loss: 125.7139, NLL: 1.0285, Masked: 12.4685, Reg: 0.195938
Epoch [40/48], Total Loss: 125.6294, NLL: 1.0276, Masked: 12.4602, Reg: 0.195673
Epoch [41/48], Total Loss: 125.3099, NLL: 1.0267, Masked: 12.4283, Reg: 0.195406
Epoch [42/48], Total Loss: 124.9553, NLL: 1.0267, Masked: 12.3929, Reg: 0.195151
Epoch [43/48], Total Loss: 124.7834, NLL: 1.0253, Masked: 12.3758, Reg: 0.194902
Epoch [44/48], Total Loss: 124.4613, NLL: 1.0239, Masked: 12.3437, Reg: 0.194652
Epoch [45/48], Total Loss: 124.2697, NLL: 1.0238, Masked: 12.3246, Reg: 0.194408
Epoch [46/48], Total Loss: 124.0022, NLL: 1.0232, Masked: 12.2979, Reg: 0.194164
Epoch [47/48], Total Loss: 123.7646, NLL: 1.0226, Masked: 12.2742, Reg: 0.193928
Epoch [48/48], Total Loss: 123.1998, NLL: 1.0225, Masked: 12.2177, Reg: 0.193691

==================================================
EVALUATING ON TRAINING DATA
==================================================

==================================================
TEST RESULTS
==================================================
Total Loss: 122.265740
  - ZINB NLL: 1.018226
Total number of masked values: 1609148
  - Number of values with pi >= 0.7: 1258301
  - Number of values with pi < 0.7: 350847
  - Masked Reconstruction: 12.124751
  - Regularization: 0.193578
Mean Absolute Error (MAE): 2.638248
R² Score: -0.048685
==================================================


==================================================
TEST RESULTS
==================================================
Total Loss: 144.683945
  - ZINB NLL: 1.046020
Total number of masked values: 1756176
  - Number of values with pi >= 0.7: 1390974
  - Number of values with pi < 0.7: 365202
  - Masked Reconstruction: 14.363793
  - Regularization: 0.193578
Mean Absolute Error (MAE): 2.857322
R² Score: -0.035244
==================================================


>>> Optimizing zinb_nll on VALIDATION set: 1.046020
>>> Full validation metrics: {'total_loss': 144.68394545949386, 'zinb_nll': 1.0460204077654482, 'mae': 2.8573215007781982, 'r2': -0.03524446487426758, 'masked_loss': 14.363792561973748, 'reg_loss': 0.19357843750000062}


*** Checkpoint saved at iteration 30 ***

Iteration No: 30 ended. Search finished for the next optimal point.
Time taken: 900.8484
Function value obtained: 1.0460
Current minimum: 1.0059
Iteration No: 31 started. Searching for the next optimal point.

================================================================================
Trial with parameters:
  features: Centr_Nucl
  data_point_length: 2513
  step_size: 1.0
  bin_size: 1
  sample_fraction: 0.25
  moving_average: False
  first_layer_size_factor: 149
  num_layers: 1
  use_conv: True
  conv_channel: 104
  pool_size: 8
  kernel_size: 9
  epochs: 30
  batch_size: 64
  pi_threshold: 0.7
  learning_rate: 0.01
  dropout_rate: 0.07821227400453583
  masked_recon_weight: 10.0
  regularizer: l2
  regularization_weight: 1e-05
================================================================================

Creating datasets with:
  features: ['Centr', 'Nucl']
  bin_size: 1
  moving_average: False
  data_point_length: 2513 (from 2513)
  step_size: 2513 (from fraction 1.0)
  layers: [np.int64(2384)] (first=2384, num=1)
  stride: 1 (fixed), padding: same (fixed)


Clipping outliers using 95th percentile * 1.5...
strain_yTW001: Clipping values above 134.25 (P95=89.50). Clipped 27529/1193409 values (2.31%)
strain_FD: Clipping values above 71.92 (P95=47.94). Clipped 95791/4127807 values (2.32%)
strain_dnrp: Clipping values above 243.00 (P95=162.00). Clipped 25649/1119454 values (2.29%)
strain_yEK19: Clipping values above 77.10 (P95=51.40). Clipped 83713/3893623 values (2.15%)
strain_yEK23: Clipping values above 72.00 (P95=48.00). Clipped 86381/3558407 values (2.43%)
strain_yWT03a: Clipping values above 15.00 (P95=10.00). Clipped 10602/347679 values (3.05%)
strain_yWT04a: Clipping values above 58.50 (P95=39.00). Clipped 21095/725406 values (2.91%)
strain_ylic137: Clipping values above 142.50 (P95=95.00). Clipped 28746/1112684 values (2.58%)
Standardizing features: ['Centr', 'Nucl']
Column order in final array (Dataset/Chrom split): ['Value', 'Nucleosome_Distance', 'Centromere_Distance', 'Value_Raw', 'Size_Factor']
Removing 0 empty data points out of 26600
Column order in final array (Dataset/Chrom split): ['Value', 'Nucleosome_Distance', 'Centromere_Distance', 'Value_Raw', 'Size_Factor']
Removing 0 empty data points out of 7096
Column order in final array (Dataset/Chrom split): ['Value', 'Nucleosome_Distance', 'Centromere_Distance', 'Value_Raw', 'Size_Factor']
Removing 0 empty data points out of 4800
Datasets created:
  Train: (26600, 2513, 5), Val: (7096, 2513, 5), Test: (4800, 2513, 5)

Randomly sampled 6650/26600 samples (25.0%)
Applied denoising with 15.0% masking
Applied denoising with 15.0% masking
Applied denoising with 15.0% masking
Epoch [1/30], Total Loss: 156066199.7558, NLL: 541.2253, Masked: 15606565.8566, Reg: 1.398624
Epoch [2/30], Total Loss: 5387799.8890, NLL: 8.3987, Masked: 538779.1485, Reg: 1.210538
Epoch [3/30], Total Loss: 3992707.5184, NLL: 6.1924, Masked: 399270.1304, Reg: 1.319087
Epoch [4/30], Total Loss: 1228764.3548, NLL: 1.8825, Masked: 122876.2466, Reg: 1.300789
Epoch [5/30], Total Loss: 472557.2067, NLL: 1.8238, Masked: 47255.5384, Reg: 1.360954
Epoch [6/30], Total Loss: 185894.7465, NLL: 1.9562, Masked: 18589.2789, Reg: 1.504622
Epoch [7/30], Total Loss: 137571.4652, NLL: 1.7359, Masked: 13756.9732, Reg: 1.202286
Epoch [8/30], Total Loss: 82110.2022, NLL: 1.6949, Masked: 8210.8506, Reg: 1.105026
Epoch [9/30], Total Loss: 35857.7466, NLL: 1.6700, Masked: 3585.6076, Reg: 1.093825
Epoch [10/30], Total Loss: 1972.1443, NLL: 1.6648, Masked: 197.0479, Reg: 1.035737
Epoch [11/30], Total Loss: 127.3863, NLL: 1.6596, Masked: 12.5727, Reg: 0.956885
Epoch [12/30], Total Loss: 329137.9061, NLL: 1.9070, Masked: 32913.5998, Reg: 1.062206
Epoch [13/30], Total Loss: 139992.7290, NLL: 1.7686, Masked: 13999.0960, Reg: 1.151212
Epoch [14/30], Total Loss: 73205.7205, NLL: 1.7225, Masked: 7320.3999, Reg: 0.903460
Epoch [15/30], Total Loss: 129.8318, NLL: 1.6884, Masked: 12.8143, Reg: 0.812162
Epoch [16/30], Total Loss: 65239.8890, NLL: 1.6568, Masked: 6523.8229, Reg: 0.829403
Epoch [17/30], Total Loss: 12950.8178, NLL: 1.6367, Masked: 1294.9181, Reg: 0.858595
Epoch [18/30], Total Loss: 52991.4393, NLL: 1.5902, Masked: 5298.9851, Reg: 0.796560
Epoch [19/30], Total Loss: 706999.7380, NLL: 1.7260, Masked: 70699.7976, Reg: 1.012246
Epoch [20/30], Total Loss: 266164.7754, NLL: 1.7487, Masked: 26616.3027, Reg: 1.037586
Epoch [21/30], Total Loss: 316714.7639, NLL: 1.7126, Masked: 31671.3052, Reg: 0.931423
Epoch [22/30], Total Loss: 48498.2367, NLL: 1.6803, Masked: 4849.6555, Reg: 0.862452
Epoch [23/30], Total Loss: 92715.3907, NLL: 1.6387, Masked: 9271.3752, Reg: 0.894216
Epoch [24/30], Total Loss: 49403.7073, NLL: 1.6190, Masked: 4940.2089, Reg: 0.920992
Epoch [25/30], Total Loss: 415122.5807, NLL: 1.5851, Masked: 41512.1031, Reg: 0.828434
Epoch [26/30], Total Loss: 110728.0429, NLL: 1.5920, Masked: 11072.6452, Reg: 0.796176
Epoch [27/30], Total Loss: 382060.9070, NLL: 1.5424, Masked: 38205.9354, Reg: 0.828868
Epoch [28/30], Total Loss: 23790.4400, NLL: 1.5948, Masked: 2378.8845, Reg: 0.818410
Epoch [29/30], Total Loss: 485574.1992, NLL: 1.6071, Masked: 48557.2595, Reg: 0.751273
Epoch [30/30], Total Loss: 1160858.8160, NLL: 1.6644, Masked: 116085.7149, Reg: 0.808238

==================================================
EVALUATING ON TRAINING DATA
==================================================

==================================================
TEST RESULTS
==================================================
Total Loss: 1406442.517087
  - ZINB NLL: 1.574731
Total number of masked values: 397416
  - Number of values with pi >= 0.7: 40511
  - Number of values with pi < 0.7: 356905
  - Masked Reconstruction: 140644.094910
  - Regularization: 0.755702
Mean Absolute Error (MAE): 127472.296875
R² Score: -522419994624.000000
==================================================


==================================================
TEST RESULTS
==================================================
Total Loss: 919781.572396
  - ZINB NLL: 1.395104
Total number of masked values: 440995
  - Number of values with pi >= 0.7: 24239
  - Number of values with pi < 0.7: 416756
  - Masked Reconstruction: 91978.016636
  - Regularization: 0.755702
Mean Absolute Error (MAE): 52614.394531
R² Score: -205353615360.000000
==================================================


>>> Optimizing zinb_nll on VALIDATION set: 1.395104
>>> Full validation metrics: {'total_loss': 919781.5723955742, 'zinb_nll': 1.3951035001501022, 'mae': 52614.39453125, 'r2': -205353615360.0, 'masked_loss': 91978.0166364044, 'reg_loss': 0.7557017187499995}

Iteration No: 31 ended. Search finished for the next optimal point.
Time taken: 933.5787
Function value obtained: 1.3951
Current minimum: 1.0059
Iteration No: 32 started. Searching for the next optimal point.

================================================================================
Trial with parameters:
  features: Centr_Nucl
  data_point_length: 500
  step_size: 0.9130813365881107
  bin_size: 1
  sample_fraction: 0.6309845716296925
  moving_average: True
  first_layer_size_factor: 127
  num_layers: 1
  use_conv: True
  conv_channel: 16
  pool_size: 6
  kernel_size: 9
  epochs: 32
  batch_size: 64
  pi_threshold: 0.7
  learning_rate: 0.0011887107100785105
  dropout_rate: 0.0
  masked_recon_weight: 10.0
  regularizer: l2
  regularization_weight: 1e-05
================================================================================

Creating datasets with:
  features: ['Centr', 'Nucl']
  bin_size: 1
  moving_average: True
  data_point_length: 500 (from 500)
  step_size: 456 (from fraction 0.9130813365881107)
  layers: [np.int64(2032)] (first=2032, num=1)
  stride: 1 (fixed), padding: same (fixed)


Clipping outliers using 95th percentile * 1.5...
strain_yTW001: Clipping values above 134.25 (P95=89.50). Clipped 27529/1193409 values (2.31%)
strain_FD: Clipping values above 71.92 (P95=47.94). Clipped 95791/4127807 values (2.32%)
strain_dnrp: Clipping values above 243.00 (P95=162.00). Clipped 25649/1119454 values (2.29%)
strain_yEK19: Clipping values above 77.10 (P95=51.40). Clipped 83713/3893623 values (2.15%)
strain_yEK23: Clipping values above 72.00 (P95=48.00). Clipped 86381/3558407 values (2.43%)
strain_yWT03a: Clipping values above 15.00 (P95=10.00). Clipped 10602/347679 values (3.05%)
strain_yWT04a: Clipping values above 58.50 (P95=39.00). Clipped 21095/725406 values (2.91%)
strain_ylic137: Clipping values above 142.50 (P95=95.00). Clipped 28746/1112684 values (2.58%)
Standardizing features: ['Centr', 'Nucl']
Column order in final array (Dataset/Chrom split): ['Value', 'Nucleosome_Distance', 'Centromere_Distance', 'Value_Raw', 'Size_Factor']
Removing 0 empty data points out of 146392
Column order in final array (Dataset/Chrom split): ['Value', 'Nucleosome_Distance', 'Centromere_Distance', 'Value_Raw', 'Size_Factor']
Removing 0 empty data points out of 39064
Column order in final array (Dataset/Chrom split): ['Value', 'Nucleosome_Distance', 'Centromere_Distance', 'Value_Raw', 'Size_Factor']
Removing 0 empty data points out of 26376
Datasets created:
  Train: (146392, 500, 5), Val: (39064, 500, 5), Test: (26376, 500, 5)

Randomly sampled 92371/146392 samples (63.1%)
Applied denoising with 15.0% masking
Applied denoising with 15.0% masking
Applied denoising with 15.0% masking
Epoch [1/32], Total Loss: 5328.4553, NLL: 1.2107, Masked: 532.7245, Reg: 0.025527
Epoch [2/32], Total Loss: 124.7091, NLL: 0.9934, Masked: 12.3716, Reg: 0.030057
Epoch [3/32], Total Loss: 122.6108, NLL: 0.9771, Masked: 12.1634, Reg: 0.039200
Epoch [4/32], Total Loss: 120.8845, NLL: 0.9721, Masked: 11.9912, Reg: 0.049969
Epoch [5/32], Total Loss: 119.3625, NLL: 0.9669, Masked: 11.8396, Reg: 0.063141
Epoch [6/32], Total Loss: 116.7993, NLL: 0.9629, Masked: 11.5836, Reg: 0.077012
Epoch [7/32], Total Loss: 115.0042, NLL: 0.9606, Masked: 11.4044, Reg: 0.090900
Epoch [8/32], Total Loss: 113.6038, NLL: 0.9589, Masked: 11.2645, Reg: 0.106076
Epoch [9/32], Total Loss: 115.9142, NLL: 0.9583, Masked: 11.4956, Reg: 0.122255
Epoch [10/32], Total Loss: 110.8544, NLL: 0.9541, Masked: 10.9900, Reg: 0.136945
Epoch [11/32], Total Loss: 109.3770, NLL: 0.9543, Masked: 10.8423, Reg: 0.149988
Epoch [12/32], Total Loss: 108.2782, NLL: 0.9554, Masked: 10.7323, Reg: 0.162656
Epoch [13/32], Total Loss: 106.6085, NLL: 0.9554, Masked: 10.5653, Reg: 0.174806
Epoch [14/32], Total Loss: 155.6156, NLL: 0.9599, Masked: 15.4656, Reg: 0.186765
Epoch [15/32], Total Loss: 104.6852, NLL: 0.9579, Masked: 10.3727, Reg: 0.197345
Epoch [16/32], Total Loss: 103.7146, NLL: 0.9596, Masked: 10.2755, Reg: 0.207299
Epoch [17/32], Total Loss: 102.4338, NLL: 0.9588, Masked: 10.1475, Reg: 0.217746
Epoch [18/32], Total Loss: 101.5558, NLL: 0.9601, Masked: 10.0596, Reg: 0.228799
Epoch [19/32], Total Loss: 100.9982, NLL: 0.9617, Masked: 10.0037, Reg: 0.238732
Epoch [20/32], Total Loss: 100.3855, NLL: 0.9629, Masked: 9.9423, Reg: 0.247851
Epoch [21/32], Total Loss: 616.5690, NLL: 0.9622, Masked: 61.5607, Reg: 0.257603
Epoch [22/32], Total Loss: 98.4312, NLL: 0.9619, Masked: 9.7469, Reg: 0.266539
Epoch [23/32], Total Loss: 97.8070, NLL: 0.9645, Masked: 9.6843, Reg: 0.274752
Epoch [24/32], Total Loss: 97.1461, NLL: 0.9637, Masked: 9.6182, Reg: 0.281944
Epoch [25/32], Total Loss: 96.5919, NLL: 0.9652, Masked: 9.5627, Reg: 0.289442
Epoch [26/32], Total Loss: 95.8328, NLL: 0.9649, Masked: 9.4868, Reg: 0.297236
Epoch [27/32], Total Loss: 4960.1225, NLL: 0.9666, Masked: 495.9156, Reg: 0.305530
Epoch [28/32], Total Loss: 94.8740, NLL: 0.9659, Masked: 9.3908, Reg: 0.311090
Epoch [29/32], Total Loss: 94.4200, NLL: 0.9664, Masked: 9.3454, Reg: 0.316488
Epoch [30/32], Total Loss: 93.7487, NLL: 0.9675, Masked: 9.2781, Reg: 0.322911
Epoch [31/32], Total Loss: 93.7389, NLL: 0.9700, Masked: 9.2769, Reg: 0.329131
Epoch [32/32], Total Loss: 93.3669, NLL: 0.9690, Masked: 9.2398, Reg: 0.334403

==================================================
EVALUATING ON TRAINING DATA
==================================================

==================================================
TEST RESULTS
==================================================
Total Loss: 91.474976
  - ZINB NLL: 0.968303
Total number of masked values: 1081635
  - Number of values with pi >= 0.7: 435135
  - Number of values with pi < 0.7: 646500
  - Masked Reconstruction: 9.050667
  - Regularization: 0.337107
Mean Absolute Error (MAE): 3.779313
R² Score: -0.105709
==================================================


==================================================
TEST RESULTS
==================================================
Total Loss: 137.227417
  - ZINB NLL: 1.002380
Total number of masked values: 468401
  - Number of values with pi >= 0.7: 168344
  - Number of values with pi < 0.7: 300057
  - Masked Reconstruction: 13.622504
  - Regularization: 0.337107
Mean Absolute Error (MAE): 4.270562
R² Score: -0.136386
==================================================


>>> Optimizing zinb_nll on VALIDATION set: 1.002380
>>> Full validation metrics: {'total_loss': 137.2274170234363, 'zinb_nll': 1.0023803156637496, 'mae': 4.270562171936035, 'r2': -0.13638591766357422, 'masked_loss': 13.622503653574546, 'reg_loss': 0.33710675781250427}

Iteration No: 32 ended. Search finished for the next optimal point.
Time taken: 791.3561
Function value obtained: 1.0024
Current minimum: 1.0024
Iteration No: 33 started. Searching for the next optimal point.

================================================================================
Trial with parameters:
  features: Centr_Nucl
  data_point_length: 3834
  step_size: 0.5688295557149081
  bin_size: 1
  sample_fraction: 0.4064491068772002
  moving_average: False
  first_layer_size_factor: 137
  num_layers: 1
  use_conv: True
  conv_channel: 52
  pool_size: 7
  kernel_size: 9
  epochs: 30
  batch_size: 64
  pi_threshold: 0.7
  learning_rate: 9.26480510247046e-05
  dropout_rate: 0.0
  masked_recon_weight: 10.0
  regularizer: l2
  regularization_weight: 1e-05
================================================================================

Creating datasets with:
  features: ['Centr', 'Nucl']
  bin_size: 1
  moving_average: False
  data_point_length: 3834 (from 3834)
  step_size: 2180 (from fraction 0.5688295557149081)
  layers: [np.int64(2192)] (first=2192, num=1)
  stride: 1 (fixed), padding: same (fixed)


Clipping outliers using 95th percentile * 1.5...
strain_yTW001: Clipping values above 134.25 (P95=89.50). Clipped 27529/1193409 values (2.31%)
strain_FD: Clipping values above 71.92 (P95=47.94). Clipped 95791/4127807 values (2.32%)
strain_dnrp: Clipping values above 243.00 (P95=162.00). Clipped 25649/1119454 values (2.29%)
strain_yEK19: Clipping values above 77.10 (P95=51.40). Clipped 83713/3893623 values (2.15%)
strain_yEK23: Clipping values above 72.00 (P95=48.00). Clipped 86381/3558407 values (2.43%)
strain_yWT03a: Clipping values above 15.00 (P95=10.00). Clipped 10602/347679 values (3.05%)
strain_yWT04a: Clipping values above 58.50 (P95=39.00). Clipped 21095/725406 values (2.91%)
strain_ylic137: Clipping values above 142.50 (P95=95.00). Clipped 28746/1112684 values (2.58%)
Standardizing features: ['Centr', 'Nucl']
Column order in final array (Dataset/Chrom split): ['Value', 'Nucleosome_Distance', 'Centromere_Distance', 'Value_Raw', 'Size_Factor']
Removing 0 empty data points out of 30592
Column order in final array (Dataset/Chrom split): ['Value', 'Nucleosome_Distance', 'Centromere_Distance', 'Value_Raw', 'Size_Factor']
Removing 0 empty data points out of 8168
Column order in final array (Dataset/Chrom split): ['Value', 'Nucleosome_Distance', 'Centromere_Distance', 'Value_Raw', 'Size_Factor']
Removing 0 empty data points out of 5512
Datasets created:
  Train: (30592, 3834, 5), Val: (8168, 3834, 5), Test: (5512, 3834, 5)

Randomly sampled 12434/30592 samples (40.6%)
Applied denoising with 15.0% masking
Applied denoising with 15.0% masking
Applied denoising with 15.0% masking
Epoch [1/30], Total Loss: 207.7001, NLL: 1.6161, Masked: 20.6084, Reg: 0.160229
Epoch [2/30], Total Loss: 133.4068, NLL: 1.1736, Masked: 13.2233, Reg: 0.158514
Epoch [3/30], Total Loss: 131.3381, NLL: 1.1361, Masked: 13.0202, Reg: 0.156854
Epoch [4/30], Total Loss: 130.9965, NLL: 1.1063, Masked: 12.9890, Reg: 0.154938
Epoch [5/30], Total Loss: 131.2371, NLL: 1.1138, Masked: 13.0123, Reg: 0.152890
Epoch [6/30], Total Loss: 129.9123, NLL: 1.0883, Masked: 12.8824, Reg: 0.150831
Epoch [7/30], Total Loss: 129.2959, NLL: 1.0733, Masked: 12.8223, Reg: 0.148869
Epoch [8/30], Total Loss: 128.2037, NLL: 1.0621, Masked: 12.7142, Reg: 0.147031
Epoch [9/30], Total Loss: 127.2804, NLL: 1.0590, Masked: 12.6221, Reg: 0.145266
Epoch [10/30], Total Loss: 126.2431, NLL: 1.0399, Masked: 12.5203, Reg: 0.143645
Epoch [11/30], Total Loss: 125.4893, NLL: 1.0356, Masked: 12.4454, Reg: 0.142121
Epoch [12/30], Total Loss: 124.4624, NLL: 1.0280, Masked: 12.3434, Reg: 0.140770
Epoch [13/30], Total Loss: 123.2308, NLL: 1.0196, Masked: 12.2211, Reg: 0.139459
Epoch [14/30], Total Loss: 121.7822, NLL: 1.0093, Masked: 12.0773, Reg: 0.138231
Epoch [15/30], Total Loss: 120.2111, NLL: 1.0035, Masked: 11.9208, Reg: 0.137024
Epoch [16/30], Total Loss: 118.8589, NLL: 0.9927, Masked: 11.7866, Reg: 0.135800
Epoch [17/30], Total Loss: 117.0965, NLL: 0.9878, Masked: 11.6109, Reg: 0.134617
Epoch [18/30], Total Loss: 116.3776, NLL: 0.9816, Masked: 11.5396, Reg: 0.133399
Epoch [19/30], Total Loss: 114.7051, NLL: 0.9772, Masked: 11.3728, Reg: 0.132202
Epoch [20/30], Total Loss: 113.3868, NLL: 0.9727, Masked: 11.2414, Reg: 0.130960
Epoch [21/30], Total Loss: 111.9332, NLL: 0.9689, Masked: 11.0964, Reg: 0.129796
Epoch [22/30], Total Loss: 110.7210, NLL: 0.9656, Masked: 10.9755, Reg: 0.128551
Epoch [23/30], Total Loss: 109.9084, NLL: 0.9637, Masked: 10.8945, Reg: 0.127289
Epoch [24/30], Total Loss: 108.5446, NLL: 0.9618, Masked: 10.7583, Reg: 0.126066
Epoch [25/30], Total Loss: 107.6352, NLL: 0.9585, Masked: 10.6677, Reg: 0.124865
Epoch [26/30], Total Loss: 106.2445, NLL: 0.9574, Masked: 10.5287, Reg: 0.123700
Epoch [27/30], Total Loss: 105.1891, NLL: 0.9559, Masked: 10.4233, Reg: 0.122502
Epoch [28/30], Total Loss: 103.9914, NLL: 0.9536, Masked: 10.3038, Reg: 0.121285
Epoch [29/30], Total Loss: 102.9571, NLL: 0.9537, Masked: 10.2003, Reg: 0.120116
Epoch [30/30], Total Loss: 101.9041, NLL: 0.9514, Masked: 10.0953, Reg: 0.118948

==================================================
EVALUATING ON TRAINING DATA
==================================================

==================================================
TEST RESULTS
==================================================
Total Loss: 100.538683
  - ZINB NLL: 0.950627
Total number of masked values: 1148272
  - Number of values with pi >= 0.7: 520847
  - Number of values with pi < 0.7: 627425
  - Masked Reconstruction: 9.958806
  - Regularization: 0.118375
Mean Absolute Error (MAE): 2.845083
R² Score: 0.036013
==================================================


==================================================
TEST RESULTS
==================================================
Total Loss: 139.567946
  - ZINB NLL: 0.987098
Total number of masked values: 773627
  - Number of values with pi >= 0.7: 352278
  - Number of values with pi < 0.7: 421349
  - Masked Reconstruction: 13.858085
  - Regularization: 0.118375
Mean Absolute Error (MAE): 3.195737
R² Score: -0.001509
==================================================


>>> Optimizing zinb_nll on VALIDATION set: 0.987098
>>> Full validation metrics: {'total_loss': 139.56794581847606, 'zinb_nll': 0.9870981936590212, 'mae': 3.1957366466522217, 'r2': -0.0015085935592651367, 'masked_loss': 13.858084765517397, 'reg_loss': 0.11837465820312508}

Iteration No: 33 ended. Search finished for the next optimal point.
Time taken: 996.3216
Function value obtained: 0.9871
Current minimum: 0.9871
Iteration No: 34 started. Searching for the next optimal point.

================================================================================
Trial with parameters:
  features: Nucl
  data_point_length: 1803
  step_size: 0.36504940214455095
  bin_size: 1
  sample_fraction: 0.5455152979984943
  moving_average: True
  first_layer_size_factor: 137
  num_layers: 1
  use_conv: True
  conv_channel: 16
  pool_size: 2
  kernel_size: 5
  epochs: 55
  batch_size: 64
  pi_threshold: 0.49452365264789255
  learning_rate: 0.00028431169235531884
  dropout_rate: 0.0
  masked_recon_weight: 9.019755971274064
  regularizer: l1
  regularization_weight: 1e-05
================================================================================

Creating datasets with:
  features: ['Nucl']
  bin_size: 1
  moving_average: True
  data_point_length: 1803 (from 1803)
  step_size: 658 (from fraction 0.36504940214455095)
  layers: [np.int64(2192)] (first=2192, num=1)
  stride: 1 (fixed), padding: same (fixed)


Clipping outliers using 95th percentile * 1.5...
strain_yTW001: Clipping values above 134.25 (P95=89.50). Clipped 27529/1193409 values (2.31%)
strain_FD: Clipping values above 71.92 (P95=47.94). Clipped 95791/4127807 values (2.32%)
strain_dnrp: Clipping values above 243.00 (P95=162.00). Clipped 25649/1119454 values (2.29%)
strain_yEK19: Clipping values above 77.10 (P95=51.40). Clipped 83713/3893623 values (2.15%)
strain_yEK23: Clipping values above 72.00 (P95=48.00). Clipped 86381/3558407 values (2.43%)
strain_yWT03a: Clipping values above 15.00 (P95=10.00). Clipped 10602/347679 values (3.05%)
strain_yWT04a: Clipping values above 58.50 (P95=39.00). Clipped 21095/725406 values (2.91%)
strain_ylic137: Clipping values above 142.50 (P95=95.00). Clipped 28746/1112684 values (2.58%)
Standardizing features: ['Nucl']
Column order in final array (Dataset/Chrom split): ['Value', 'Nucleosome_Distance', 'Value_Raw', 'Size_Factor']
Removing 0 empty data points out of 101344
Column order in final array (Dataset/Chrom split): ['Value', 'Nucleosome_Distance', 'Value_Raw', 'Size_Factor']
Removing 0 empty data points out of 27032
Column order in final array (Dataset/Chrom split): ['Value', 'Nucleosome_Distance', 'Value_Raw', 'Size_Factor']
Removing 0 empty data points out of 18232
Datasets created:
  Train: (101344, 1803, 4), Val: (27032, 1803, 4), Test: (18232, 1803, 4)

Randomly sampled 55284/101344 samples (54.6%)
Applied denoising with 15.0% masking
Applied denoising with 15.0% masking
Applied denoising with 15.0% masking
Epoch [1/55], Total Loss: 5815.1969, NLL: 1.1062, Masked: 644.5493, Reg: 0.413008
Epoch [2/55], Total Loss: 1693.4844, NLL: 1.0218, Masked: 187.5959, Reg: 0.392942
Epoch [3/55], Total Loss: 118.2869, NLL: 0.9868, Masked: 12.9528, Reg: 0.469241
Epoch [4/55], Total Loss: 116.0566, NLL: 0.9671, Masked: 12.7002, Reg: 0.537028
Epoch [5/55], Total Loss: 114.6137, NLL: 0.9554, Masked: 12.5363, Reg: 0.583777
Epoch [6/55], Total Loss: 114.0957, NLL: 0.9498, Masked: 12.4756, Reg: 0.619055
Epoch [7/55], Total Loss: 113.3107, NLL: 0.9457, Masked: 12.3852, Reg: 0.653418
Epoch [8/55], Total Loss: 112.5091, NLL: 0.9409, Masked: 12.2926, Reg: 0.691850
Epoch [9/55], Total Loss: 111.9575, NLL: 0.9365, Masked: 12.2273, Reg: 0.733950
Epoch [10/55], Total Loss: 110.9661, NLL: 0.9346, Masked: 12.1147, Reg: 0.759610
Epoch [11/55], Total Loss: 110.4348, NLL: 0.9325, Masked: 12.0517, Reg: 0.798457
Epoch [12/55], Total Loss: 110.1100, NLL: 0.9317, Masked: 12.0117, Reg: 0.835991
Epoch [13/55], Total Loss: 109.9556, NLL: 0.9311, Masked: 11.9946, Reg: 0.835732
Epoch [14/55], Total Loss: 109.1611, NLL: 0.9299, Masked: 11.9051, Reg: 0.849709
Epoch [15/55], Total Loss: 108.7086, NLL: 0.9311, Masked: 11.8506, Reg: 0.887578
Epoch [16/55], Total Loss: 108.4434, NLL: 0.9317, Masked: 11.8196, Reg: 0.901579
Epoch [17/55], Total Loss: 108.2652, NLL: 0.9312, Masked: 11.7983, Reg: 0.916494
Epoch [18/55], Total Loss: 108.1845, NLL: 0.9307, Masked: 11.7888, Reg: 0.921282
Epoch [19/55], Total Loss: 107.7048, NLL: 0.9321, Masked: 11.7318, Reg: 0.954923
Epoch [20/55], Total Loss: 107.5447, NLL: 0.9317, Masked: 11.7144, Reg: 0.952126
Epoch [21/55], Total Loss: 107.2153, NLL: 0.9324, Masked: 11.6759, Reg: 0.968796
Epoch [22/55], Total Loss: 107.3154, NLL: 0.9336, Masked: 11.6856, Reg: 0.980278
Epoch [23/55], Total Loss: 107.3007, NLL: 0.9329, Masked: 11.6835, Reg: 0.985801
Epoch [24/55], Total Loss: 107.5543, NLL: 0.9337, Masked: 11.7081, Reg: 1.016522
Epoch [25/55], Total Loss: 108.0967, NLL: 0.9340, Masked: 11.7683, Reg: 1.015631
Epoch [26/55], Total Loss: 107.8112, NLL: 0.9351, Masked: 11.7339, Reg: 1.039330
Epoch [27/55], Total Loss: 107.5930, NLL: 0.9353, Masked: 11.7080, Reg: 1.054733
Epoch [28/55], Total Loss: 107.6674, NLL: 0.9367, Masked: 11.7159, Reg: 1.056523
Epoch [29/55], Total Loss: 107.1520, NLL: 0.9371, Masked: 11.6593, Reg: 1.050676
Epoch [30/55], Total Loss: 107.1947, NLL: 0.9376, Masked: 11.6628, Reg: 1.061306
Epoch [31/55], Total Loss: 106.9675, NLL: 0.9374, Masked: 11.6349, Reg: 1.086156
Epoch [32/55], Total Loss: 106.7330, NLL: 0.9382, Masked: 11.6088, Reg: 1.086517
Epoch [33/55], Total Loss: 106.6810, NLL: 0.9381, Masked: 11.6014, Reg: 1.100810
Epoch [34/55], Total Loss: 106.3329, NLL: 0.9383, Masked: 11.5617, Reg: 1.110669
Epoch [35/55], Total Loss: 106.3541, NLL: 0.9393, Masked: 11.5618, Reg: 1.130034
Epoch [36/55], Total Loss: 106.0993, NLL: 0.9403, Masked: 11.5329, Reg: 1.135309
Epoch [37/55], Total Loss: 105.9549, NLL: 0.9401, Masked: 11.5166, Reg: 1.138115
Epoch [38/55], Total Loss: 105.6839, NLL: 0.9395, Masked: 11.4866, Reg: 1.137860
Epoch [39/55], Total Loss: 105.5093, NLL: 0.9406, Masked: 11.4653, Reg: 1.154952
Epoch [40/55], Total Loss: 105.7669, NLL: 0.9406, Masked: 11.4921, Reg: 1.170744
Epoch [41/55], Total Loss: 105.4807, NLL: 0.9409, Masked: 11.4598, Reg: 1.174830
Epoch [42/55], Total Loss: 105.4436, NLL: 0.9411, Masked: 11.4536, Reg: 1.193722
Epoch [43/55], Total Loss: 105.2408, NLL: 0.9415, Masked: 11.4291, Reg: 1.211489
Epoch [44/55], Total Loss: 105.1923, NLL: 0.9417, Masked: 11.4236, Reg: 1.212330
Epoch [45/55], Total Loss: 105.1601, NLL: 0.9419, Masked: 11.4191, Reg: 1.221075
Epoch [46/55], Total Loss: 105.0681, NLL: 0.9420, Masked: 11.4072, Reg: 1.236080
Epoch [47/55], Total Loss: 105.0059, NLL: 0.9422, Masked: 11.4004, Reg: 1.235027
Epoch [48/55], Total Loss: 105.0821, NLL: 0.9422, Masked: 11.4075, Reg: 1.246727
Epoch [49/55], Total Loss: 104.8272, NLL: 0.9423, Masked: 11.3801, Reg: 1.239229
Epoch [50/55], Total Loss: 104.7520, NLL: 0.9421, Masked: 11.3710, Reg: 1.246341
Epoch [51/55], Total Loss: 104.6351, NLL: 0.9427, Masked: 11.3564, Reg: 1.260846
Epoch [52/55], Total Loss: 104.7601, NLL: 0.9427, Masked: 11.3683, Reg: 1.277628
Epoch [53/55], Total Loss: 104.4325, NLL: 0.9423, Masked: 11.3320, Reg: 1.278424
Epoch [54/55], Total Loss: 104.7594, NLL: 0.9424, Masked: 11.3669, Reg: 1.289959
Epoch [55/55], Total Loss: 104.4238, NLL: 0.9420, Masked: 11.3298, Reg: 1.289355

==================================================
EVALUATING ON TRAINING DATA
==================================================

==================================================
TEST RESULTS
==================================================
Total Loss: 105.151631
  - ZINB NLL: 0.942860
Total number of masked values: 2399661
  - Number of values with pi >= 0.49452365264789255: 1730076
  - Number of values with pi < 0.49452365264789255: 669585
  - Masked Reconstruction: 11.408225
  - Regularization: 1.309365
Mean Absolute Error (MAE): 2.338230
R² Score: -0.179919
==================================================


==================================================
TEST RESULTS
==================================================
Total Loss: 133.364427
  - ZINB NLL: 0.976736
Total number of masked values: 1200885
  - Number of values with pi >= 0.49452365264789255: 858722
  - Number of values with pi < 0.49452365264789255: 342163
  - Masked Reconstruction: 14.532358
  - Regularization: 1.309365
Mean Absolute Error (MAE): 2.510706
R² Score: -0.010265
==================================================


>>> Optimizing zinb_nll on VALIDATION set: 0.976736
>>> Full validation metrics: {'total_loss': 133.36442725776251, 'zinb_nll': 0.9767358733126665, 'mae': 2.5107059478759766, 'r2': -0.010264873504638672, 'masked_loss': 14.53235784159782, 'reg_loss': 1.3093653906249882}

Iteration No: 34 ended. Search finished for the next optimal point.
Time taken: 1246.1342
Function value obtained: 0.9767
Current minimum: 0.9767
Iteration No: 35 started. Searching for the next optimal point.

================================================================================
Trial with parameters:
  features: Centr_Nucl
  data_point_length: 500
  step_size: 0.25
  bin_size: 1
  sample_fraction: 0.25
  moving_average: False
  first_layer_size_factor: 150
  num_layers: 1
  use_conv: False
  conv_channel: 16
  pool_size: 5
  kernel_size: 9
  epochs: 70
  batch_size: 64
  pi_threshold: 0.3
  learning_rate: 0.0005144218491685805
  dropout_rate: 0.5
  masked_recon_weight: 10.0
  regularizer: l1
  regularization_weight: 1e-05
================================================================================

Creating datasets with:
  features: ['Centr', 'Nucl']
  bin_size: 1
  moving_average: False
  data_point_length: 500 (from 500)
  step_size: 125 (from fraction 0.25)
  layers: [np.int64(2400)] (first=2400, num=1)
  stride: 1 (fixed), padding: same (fixed)


Clipping outliers using 95th percentile * 1.5...
strain_yTW001: Clipping values above 134.25 (P95=89.50). Clipped 27529/1193409 values (2.31%)
strain_FD: Clipping values above 71.92 (P95=47.94). Clipped 95791/4127807 values (2.32%)
strain_dnrp: Clipping values above 243.00 (P95=162.00). Clipped 25649/1119454 values (2.29%)
strain_yEK19: Clipping values above 77.10 (P95=51.40). Clipped 83713/3893623 values (2.15%)
strain_yEK23: Clipping values above 72.00 (P95=48.00). Clipped 86381/3558407 values (2.43%)
strain_yWT03a: Clipping values above 15.00 (P95=10.00). Clipped 10602/347679 values (3.05%)
strain_yWT04a: Clipping values above 58.50 (P95=39.00). Clipped 21095/725406 values (2.91%)
strain_ylic137: Clipping values above 142.50 (P95=95.00). Clipped 28746/1112684 values (2.58%)
Standardizing features: ['Centr', 'Nucl']
Column order in final array (Dataset/Chrom split): ['Value', 'Nucleosome_Distance', 'Centromere_Distance', 'Value_Raw', 'Size_Factor']
Removing 0 empty data points out of 533744
Column order in final array (Dataset/Chrom split): ['Value', 'Nucleosome_Distance', 'Centromere_Distance', 'Value_Raw', 'Size_Factor']
Removing 0 empty data points out of 142392
Column order in final array (Dataset/Chrom split): ['Value', 'Nucleosome_Distance', 'Centromere_Distance', 'Value_Raw', 'Size_Factor']
Removing 0 empty data points out of 96112
Datasets created:
  Train: (533744, 500, 5), Val: (142392, 500, 5), Test: (96112, 500, 5)

Randomly sampled 133436/533744 samples (25.0%)
Applied denoising with 15.0% masking
Applied denoising with 15.0% masking
Applied denoising with 15.0% masking
Epoch [1/70], Total Loss: 380282.0317, NLL: 1.7497, Masked: 38027.9550, Reg: 0.729415
Epoch [2/70], Total Loss: 466811.2249, NLL: 1.6458, Masked: 46680.8709, Reg: 0.861463
Epoch [3/70], Total Loss: 364629.5781, NLL: 1.6463, Masked: 36462.7032, Reg: 0.893033
Epoch [4/70], Total Loss: 275762.6039, NLL: 1.6498, Masked: 27576.0064, Reg: 0.887321
Epoch [5/70], Total Loss: 387506.9817, NLL: 1.6139, Masked: 38750.4543, Reg: 0.815232
Epoch [6/70], Total Loss: 424741.7615, NLL: 1.5847, Masked: 42473.9458, Reg: 0.725417
Epoch [7/70], Total Loss: 316279.9635, NLL: 1.5323, Masked: 31627.7786, Reg: 0.649168
Epoch [8/70], Total Loss: 349447.3521, NLL: 1.5341, Masked: 34944.5224, Reg: 0.597605
Epoch [9/70], Total Loss: 357546.7872, NLL: 1.5107, Masked: 35754.4720, Reg: 0.556878
Epoch [10/70], Total Loss: 316325.8014, NLL: 1.5021, Masked: 31632.3767, Reg: 0.530667
Epoch [11/70], Total Loss: 275280.7036, NLL: 1.4702, Masked: 27527.8741, Reg: 0.492209
Epoch [12/70], Total Loss: 221054.0093, NLL: 1.4675, Masked: 22105.2059, Reg: 0.480866
Epoch [13/70], Total Loss: 232136.9722, NLL: 1.4374, Masked: 23213.5080, Reg: 0.453937
Epoch [14/70], Total Loss: 196232.7401, NLL: 1.4287, Masked: 19623.0875, Reg: 0.435619
Epoch [15/70], Total Loss: 208334.0645, NLL: 1.4054, Masked: 20833.2234, Reg: 0.422905
Epoch [16/70], Total Loss: 159848.7810, NLL: 1.3868, Masked: 15984.6994, Reg: 0.398036
Epoch [17/70], Total Loss: 218158.2459, NLL: 1.3863, Masked: 21815.6450, Reg: 0.409028
Epoch [18/70], Total Loss: 189783.0744, NLL: 1.3860, Masked: 18978.1278, Reg: 0.409408
Epoch [19/70], Total Loss: 178781.4337, NLL: 1.3562, Masked: 17877.9694, Reg: 0.381201
Epoch [20/70], Total Loss: 225816.2428, NLL: 1.3493, Masked: 22581.4502, Reg: 0.389497
Epoch [21/70], Total Loss: 215208.9263, NLL: 1.3573, Masked: 21520.7171, Reg: 0.395721
Epoch [22/70], Total Loss: 202873.7908, NLL: 1.3155, Masked: 20287.2111, Reg: 0.362126
Epoch [23/70], Total Loss: 213565.3415, NLL: 1.3265, Masked: 21356.3637, Reg: 0.375701
Epoch [24/70], Total Loss: 182059.5660, NLL: 1.3245, Masked: 18205.7865, Reg: 0.374069
Epoch [25/70], Total Loss: 173675.8543, NLL: 1.3497, Masked: 17367.4119, Reg: 0.382528
Epoch [26/70], Total Loss: 199216.6706, NLL: 1.3174, Masked: 19921.4980, Reg: 0.369527
Epoch [27/70], Total Loss: 214189.2294, NLL: 1.2928, Masked: 21418.7580, Reg: 0.355135
Epoch [28/70], Total Loss: 192434.3956, NLL: 1.3101, Masked: 19243.2715, Reg: 0.367461
Epoch [29/70], Total Loss: 243282.3614, NLL: 1.2881, Masked: 24328.0710, Reg: 0.359878
Epoch [30/70], Total Loss: 280166.5081, NLL: 1.2996, Masked: 28016.4849, Reg: 0.354341
Epoch [31/70], Total Loss: 230648.0170, NLL: 1.2931, Masked: 23064.6362, Reg: 0.359855
Epoch [32/70], Total Loss: 313367.6719, NLL: 1.2878, Masked: 31336.6019, Reg: 0.361464
Epoch [33/70], Total Loss: 210395.4760, NLL: 1.2860, Masked: 21039.3819, Reg: 0.369225
Epoch [34/70], Total Loss: 270831.4880, NLL: 1.2566, Masked: 27082.9892, Reg: 0.336881
Epoch [35/70], Total Loss: 215491.9448, NLL: 1.2736, Masked: 21549.0326, Reg: 0.343833
Epoch [36/70], Total Loss: 217961.9080, NLL: 1.2809, Masked: 21796.0265, Reg: 0.360060
Epoch [37/70], Total Loss: 254234.0347, NLL: 1.2710, Masked: 25423.2408, Reg: 0.351319
Epoch [38/70], Total Loss: 222024.2514, NLL: 1.2681, Masked: 22202.2638, Reg: 0.342584
Epoch [39/70], Total Loss: 172212.7903, NLL: 1.2666, Masked: 17221.1175, Reg: 0.344789
Epoch [40/70], Total Loss: 300600.9732, NLL: 1.2791, Masked: 30059.9338, Reg: 0.356973
Epoch [41/70], Total Loss: 283168.0357, NLL: 1.2680, Masked: 28316.6413, Reg: 0.351245
Epoch [42/70], Total Loss: 300614.5326, NLL: 1.2802, Masked: 30061.2897, Reg: 0.354542
Epoch [43/70], Total Loss: 206194.0562, NLL: 1.2583, Masked: 20619.2448, Reg: 0.348743
Epoch [44/70], Total Loss: 220546.2362, NLL: 1.2437, Masked: 22054.4654, Reg: 0.338159
Epoch [45/70], Total Loss: 249654.6355, NLL: 1.2205, Masked: 24965.3099, Reg: 0.313682
Epoch [46/70], Total Loss: 300379.5687, NLL: 1.2492, Masked: 30037.7972, Reg: 0.342956
Epoch [47/70], Total Loss: 295018.3099, NLL: 1.2505, Masked: 29501.6705, Reg: 0.352328
Epoch [48/70], Total Loss: 273244.5909, NLL: 1.2523, Masked: 27324.2986, Reg: 0.348201
Epoch [49/70], Total Loss: 241402.0264, NLL: 1.2546, Masked: 24140.0422, Reg: 0.347905
Epoch [50/70], Total Loss: 297285.6631, NLL: 1.2465, Masked: 29728.4063, Reg: 0.351773
Epoch [51/70], Total Loss: 324738.5414, NLL: 1.2381, Masked: 32473.6962, Reg: 0.339290
Epoch [52/70], Total Loss: 248151.4935, NLL: 1.2642, Masked: 24814.9865, Reg: 0.361709
Epoch [53/70], Total Loss: 263444.6194, NLL: 1.2452, Masked: 26344.3020, Reg: 0.353607
Epoch [54/70], Total Loss: 304619.2726, NLL: 1.2425, Masked: 30461.7677, Reg: 0.351887
Epoch [55/70], Total Loss: 311575.3382, NLL: 1.2347, Masked: 31157.3754, Reg: 0.351099
Epoch [56/70], Total Loss: 352199.9752, NLL: 1.2379, Masked: 35219.8389, Reg: 0.344783
Epoch [57/70], Total Loss: 304928.8489, NLL: 1.2219, Masked: 30492.7287, Reg: 0.338259
Epoch [58/70], Total Loss: 280257.6709, NLL: 1.2267, Masked: 28025.6097, Reg: 0.343760
Epoch [59/70], Total Loss: 322563.5425, NLL: 1.2335, Masked: 32256.1956, Reg: 0.349173
Epoch [60/70], Total Loss: 248422.2694, NLL: 1.2251, Masked: 24842.0703, Reg: 0.341755
Epoch [61/70], Total Loss: 357795.7779, NLL: 1.1862, Masked: 35779.4282, Reg: 0.305015
Epoch [62/70], Total Loss: 351952.9079, NLL: 1.2609, Masked: 35195.1280, Reg: 0.364487
Epoch [63/70], Total Loss: 276872.4716, NLL: 1.2252, Masked: 27687.0902, Reg: 0.340581
Epoch [64/70], Total Loss: 311587.0525, NLL: 1.2010, Masked: 31158.5528, Reg: 0.320130
Epoch [65/70], Total Loss: 257512.9966, NLL: 1.2346, Masked: 25751.1409, Reg: 0.350446
Epoch [66/70], Total Loss: 239923.0173, NLL: 1.2137, Masked: 23992.1484, Reg: 0.317929
Epoch [67/70], Total Loss: 303325.4322, NLL: 1.2332, Masked: 30332.3849, Reg: 0.346853
Epoch [68/70], Total Loss: 337954.4609, NLL: 1.2203, Masked: 33795.2902, Reg: 0.335734
Epoch [69/70], Total Loss: 230899.8312, NLL: 1.2245, Masked: 23089.8276, Reg: 0.327788
Epoch [70/70], Total Loss: 306692.6234, NLL: 1.2572, Masked: 30669.0998, Reg: 0.366129

==================================================
EVALUATING ON TRAINING DATA
==================================================

==================================================
TEST RESULTS
==================================================
Total Loss: 163193.930689
  - ZINB NLL: 1.220613
Total number of masked values: 1561428
  - Number of values with pi >= 0.3: 1486134
  - Number of values with pi < 0.3: 75294
  - Masked Reconstruction: 16319.233645
  - Regularization: 0.371163
Mean Absolute Error (MAE): 5159.466309
R² Score: -21056417792.000000
==================================================


==================================================
TEST RESULTS
==================================================
Total Loss: 171.469746
  - ZINB NLL: 1.132974
Total number of masked values: 1706447
  - Number of values with pi >= 0.3: 1690963
  - Number of values with pi < 0.3: 15484
  - Masked Reconstruction: 16.996561
  - Regularization: 0.371163
Mean Absolute Error (MAE): 2.711841
R² Score: -3049.845459
==================================================


>>> Optimizing zinb_nll on VALIDATION set: 1.132974
>>> Full validation metrics: {'total_loss': 171.46974571635667, 'zinb_nll': 1.1329744028853557, 'mae': 2.7118406295776367, 'r2': -3049.845458984375, 'masked_loss': 16.99656067106709, 'reg_loss': 0.37116265625001316}

Iteration No: 35 ended. Search finished for the next optimal point.
Time taken: 1565.1565
Function value obtained: 1.1330
Current minimum: 0.9767
Iteration No: 36 started. Searching for the next optimal point.

================================================================================
Trial with parameters:
  features: Centr_Nucl
  data_point_length: 4122
  step_size: 0.3013216625412328
  bin_size: 1
  sample_fraction: 0.49615535636633507
  moving_average: False
  first_layer_size_factor: 143
  num_layers: 1
  use_conv: True
  conv_channel: 16
  pool_size: 6
  kernel_size: 9
  epochs: 34
  batch_size: 64
  pi_threshold: 0.6657832984691125
  learning_rate: 2.2162791281360004e-05
  dropout_rate: 0.0
  masked_recon_weight: 10.0
  regularizer: l2
  regularization_weight: 1e-05
================================================================================

Creating datasets with:
  features: ['Centr', 'Nucl']
  bin_size: 1
  moving_average: False
  data_point_length: 4122 (from 4122)
  step_size: 1242 (from fraction 0.3013216625412328)
  layers: [np.int64(2288)] (first=2288, num=1)
  stride: 1 (fixed), padding: same (fixed)


Clipping outliers using 95th percentile * 1.5...
strain_yTW001: Clipping values above 134.25 (P95=89.50). Clipped 27529/1193409 values (2.31%)
strain_FD: Clipping values above 71.92 (P95=47.94). Clipped 95791/4127807 values (2.32%)
strain_dnrp: Clipping values above 243.00 (P95=162.00). Clipped 25649/1119454 values (2.29%)
strain_yEK19: Clipping values above 77.10 (P95=51.40). Clipped 83713/3893623 values (2.15%)
strain_yEK23: Clipping values above 72.00 (P95=48.00). Clipped 86381/3558407 values (2.43%)
strain_yWT03a: Clipping values above 15.00 (P95=10.00). Clipped 10602/347679 values (3.05%)
strain_yWT04a: Clipping values above 58.50 (P95=39.00). Clipped 21095/725406 values (2.91%)
strain_ylic137: Clipping values above 142.50 (P95=95.00). Clipped 28746/1112684 values (2.58%)
Standardizing features: ['Centr', 'Nucl']
Column order in final array (Dataset/Chrom split): ['Value', 'Nucleosome_Distance', 'Centromere_Distance', 'Value_Raw', 'Size_Factor']
Removing 0 empty data points out of 53616
Column order in final array (Dataset/Chrom split): ['Value', 'Nucleosome_Distance', 'Centromere_Distance', 'Value_Raw', 'Size_Factor']
Removing 0 empty data points out of 14296
Column order in final array (Dataset/Chrom split): ['Value', 'Nucleosome_Distance', 'Centromere_Distance', 'Value_Raw', 'Size_Factor']
Removing 0 empty data points out of 9624
Datasets created:
  Train: (53616, 4122, 5), Val: (14296, 4122, 5), Test: (9624, 4122, 5)

Randomly sampled 26601/53616 samples (49.6%)
Applied denoising with 15.0% masking
Applied denoising with 15.0% masking
Applied denoising with 15.0% masking
Epoch [1/34], Total Loss: 145.5240, NLL: 1.5501, Masked: 14.3974, Reg: 0.172812
Epoch [2/34], Total Loss: 133.9667, NLL: 1.1505, Masked: 13.2816, Reg: 0.172064
Epoch [3/34], Total Loss: 133.8227, NLL: 1.0224, Masked: 13.2800, Reg: 0.171048
Epoch [4/34], Total Loss: 133.4073, NLL: 1.0233, Masked: 13.2384, Reg: 0.169824
Epoch [5/34], Total Loss: 133.3238, NLL: 1.0253, Masked: 13.2298, Reg: 0.168546
Epoch [6/34], Total Loss: 132.9618, NLL: 1.0254, Masked: 13.1936, Reg: 0.167332
Epoch [7/34], Total Loss: 132.6443, NLL: 1.0240, Masked: 13.1620, Reg: 0.166217
Epoch [8/34], Total Loss: 132.0216, NLL: 1.0190, Masked: 13.1003, Reg: 0.165173
Epoch [9/34], Total Loss: 131.5622, NLL: 1.0189, Masked: 13.0543, Reg: 0.164191
Epoch [10/34], Total Loss: 130.9289, NLL: 1.0119, Masked: 12.9917, Reg: 0.163294
Epoch [11/34], Total Loss: 130.1861, NLL: 1.0081, Masked: 12.9178, Reg: 0.162448
Epoch [12/34], Total Loss: 129.3757, NLL: 1.0080, Masked: 12.8368, Reg: 0.161672
Epoch [13/34], Total Loss: 128.4091, NLL: 1.0039, Masked: 12.7405, Reg: 0.160921
Epoch [14/34], Total Loss: 127.3583, NLL: 1.0025, Masked: 12.6356, Reg: 0.160134
Epoch [15/34], Total Loss: 126.6483, NLL: 0.9990, Masked: 12.5649, Reg: 0.159363
Epoch [16/34], Total Loss: 125.6387, NLL: 0.9961, Masked: 12.4643, Reg: 0.158532
Epoch [17/34], Total Loss: 124.9421, NLL: 0.9912, Masked: 12.3951, Reg: 0.157666
Epoch [18/34], Total Loss: 124.2534, NLL: 0.9875, Masked: 12.3266, Reg: 0.156807
Epoch [19/34], Total Loss: 123.5644, NLL: 0.9849, Masked: 12.2579, Reg: 0.155940
Epoch [20/34], Total Loss: 122.9056, NLL: 0.9821, Masked: 12.1923, Reg: 0.155015
Epoch [21/34], Total Loss: 122.5440, NLL: 0.9785, Masked: 12.1565, Reg: 0.154059
Epoch [22/34], Total Loss: 121.9176, NLL: 0.9762, Masked: 12.0941, Reg: 0.153099
Epoch [23/34], Total Loss: 121.4313, NLL: 0.9745, Masked: 12.0457, Reg: 0.152130
Epoch [24/34], Total Loss: 120.8917, NLL: 0.9727, Masked: 11.9919, Reg: 0.151169
Epoch [25/34], Total Loss: 120.5192, NLL: 0.9701, Masked: 11.9549, Reg: 0.150206
Epoch [26/34], Total Loss: 119.9866, NLL: 0.9681, Masked: 11.9018, Reg: 0.149240
Epoch [27/34], Total Loss: 119.4993, NLL: 0.9663, Masked: 11.8533, Reg: 0.148307
Epoch [28/34], Total Loss: 118.9848, NLL: 0.9651, Masked: 11.8020, Reg: 0.147408
Epoch [29/34], Total Loss: 118.5548, NLL: 0.9629, Masked: 11.7592, Reg: 0.146496
Epoch [30/34], Total Loss: 118.0853, NLL: 0.9616, Masked: 11.7124, Reg: 0.145577
Epoch [31/34], Total Loss: 117.5270, NLL: 0.9605, Masked: 11.6567, Reg: 0.144689
Epoch [32/34], Total Loss: 117.1765, NLL: 0.9590, Masked: 11.6218, Reg: 0.143813
Epoch [33/34], Total Loss: 116.6268, NLL: 0.9577, Masked: 11.5669, Reg: 0.142935
Epoch [34/34], Total Loss: 116.1503, NLL: 0.9557, Masked: 11.5195, Reg: 0.142056

==================================================
EVALUATING ON TRAINING DATA
==================================================

==================================================
TEST RESULTS
==================================================
Total Loss: 115.006694
  - ZINB NLL: 0.958075
Total number of masked values: 2644727
  - Number of values with pi >= 0.6657832984691125: 1427380
  - Number of values with pi < 0.6657832984691125: 1217347
  - Masked Reconstruction: 11.404862
  - Regularization: 0.141606
Mean Absolute Error (MAE): 2.536270
R² Score: 0.051622
==================================================


==================================================
TEST RESULTS
==================================================
Total Loss: 141.608944
  - ZINB NLL: 0.988623
Total number of masked values: 1459056
  - Number of values with pi >= 0.6657832984691125: 772012
  - Number of values with pi < 0.6657832984691125: 687044
  - Masked Reconstruction: 14.062032
  - Regularization: 0.141606
Mean Absolute Error (MAE): 2.769741
R² Score: 0.033527
==================================================


>>> Optimizing zinb_nll on VALIDATION set: 0.988623
>>> Full validation metrics: {'total_loss': 141.60894428716404, 'zinb_nll': 0.9886226426574459, 'mae': 2.7697410583496094, 'r2': 0.03352677822113037, 'masked_loss': 14.062032108274865, 'reg_loss': 0.1416059277343749}

Iteration No: 36 ended. Search finished for the next optimal point.
Time taken: 1081.8144
Function value obtained: 0.9886
Current minimum: 0.9767
Iteration No: 37 started. Searching for the next optimal point.

================================================================================
Trial with parameters:
  features: Centr_Nucl
  data_point_length: 5000
  step_size: 0.25
  bin_size: 1
  sample_fraction: 0.25
  moving_average: False
  first_layer_size_factor: 65
  num_layers: 1
  use_conv: False
  conv_channel: 16
  pool_size: 6
  kernel_size: 9
  epochs: 121
  batch_size: 64
  pi_threshold: 0.6565455501891864
  learning_rate: 0.00015408980529599723
  dropout_rate: 0.0
  masked_recon_weight: 10.0
  regularizer: none
  regularization_weight: 1e-05
================================================================================

Creating datasets with:
  features: ['Centr', 'Nucl']
  bin_size: 1
  moving_average: False
  data_point_length: 5000 (from 5000)
  step_size: 1250 (from fraction 0.25)
  layers: [np.int64(1040)] (first=1040, num=1)
  stride: 1 (fixed), padding: same (fixed)


Clipping outliers using 95th percentile * 1.5...
strain_yTW001: Clipping values above 134.25 (P95=89.50). Clipped 27529/1193409 values (2.31%)
strain_FD: Clipping values above 71.92 (P95=47.94). Clipped 95791/4127807 values (2.32%)
strain_dnrp: Clipping values above 243.00 (P95=162.00). Clipped 25649/1119454 values (2.29%)
strain_yEK19: Clipping values above 77.10 (P95=51.40). Clipped 83713/3893623 values (2.15%)
strain_yEK23: Clipping values above 72.00 (P95=48.00). Clipped 86381/3558407 values (2.43%)
strain_yWT03a: Clipping values above 15.00 (P95=10.00). Clipped 10602/347679 values (3.05%)
strain_yWT04a: Clipping values above 58.50 (P95=39.00). Clipped 21095/725406 values (2.91%)
strain_ylic137: Clipping values above 142.50 (P95=95.00). Clipped 28746/1112684 values (2.58%)
Standardizing features: ['Centr', 'Nucl']
Column order in final array (Dataset/Chrom split): ['Value', 'Nucleosome_Distance', 'Centromere_Distance', 'Value_Raw', 'Size_Factor']
Removing 0 empty data points out of 53216
Column order in final array (Dataset/Chrom split): ['Value', 'Nucleosome_Distance', 'Centromere_Distance', 'Value_Raw', 'Size_Factor']
Removing 0 empty data points out of 14184
Column order in final array (Dataset/Chrom split): ['Value', 'Nucleosome_Distance', 'Centromere_Distance', 'Value_Raw', 'Size_Factor']
Removing 0 empty data points out of 9544
Datasets created:
  Train: (53216, 5000, 5), Val: (14184, 5000, 5), Test: (9544, 5000, 5)

Randomly sampled 13304/53216 samples (25.0%)
Applied denoising with 15.0% masking
Applied denoising with 15.0% masking
Applied denoising with 15.0% masking
Epoch [1/121], Total Loss: 2822.4516, NLL: 1.8184, Masked: 282.0633
Epoch [2/121], Total Loss: 15690.9955, NLL: 1.5616, Masked: 1568.9434
Epoch [3/121], Total Loss: 3216.3402, NLL: 1.4778, Masked: 321.4862
Epoch [4/121], Total Loss: 3701.2573, NLL: 1.4066, Masked: 369.9851
Epoch [5/121], Total Loss: 7532.5847, NLL: 1.4548, Masked: 753.1130
Epoch [6/121], Total Loss: 335.3306, NLL: 1.3675, Masked: 33.3963
Epoch [7/121], Total Loss: 2860.8753, NLL: 1.3023, Masked: 285.9573
Epoch [8/121], Total Loss: 145.1482, NLL: 1.2624, Masked: 14.3886
Epoch [9/121], Total Loss: 139.7804, NLL: 1.2385, Masked: 13.8542
Epoch [10/121], Total Loss: 127.0141, NLL: 1.2172, Masked: 12.5797
Epoch [11/121], Total Loss: 2700.0128, NLL: 1.2123, Masked: 269.8801
Epoch [12/121], Total Loss: 550.8114, NLL: 1.1792, Masked: 54.9632
Epoch [13/121], Total Loss: 2930.3912, NLL: 1.1740, Masked: 292.9217
Epoch [14/121], Total Loss: 2868.3265, NLL: 1.1714, Masked: 286.7155
Epoch [15/121], Total Loss: 116.5666, NLL: 1.1594, Masked: 11.5407
Epoch [16/121], Total Loss: 147.0309, NLL: 1.1522, Masked: 14.5879
Epoch [17/121], Total Loss: 747.2256, NLL: 1.1521, Masked: 74.6074
Epoch [18/121], Total Loss: 120.7022, NLL: 1.1511, Masked: 11.9551
Epoch [19/121], Total Loss: 2632.2179, NLL: 1.1441, Masked: 263.1074
Epoch [20/121], Total Loss: 126.5158, NLL: 1.1346, Masked: 12.5381
Epoch [21/121], Total Loss: 116.1613, NLL: 1.1344, Masked: 11.5027
Epoch [22/121], Total Loss: 490.2087, NLL: 1.1317, Masked: 48.9077
Epoch [23/121], Total Loss: 111.2299, NLL: 1.1303, Masked: 11.0100
Epoch [24/121], Total Loss: 107.0641, NLL: 1.1268, Masked: 10.5937
Epoch [25/121], Total Loss: 112.3777, NLL: 1.1277, Masked: 11.1250
Epoch [26/121], Total Loss: 372.6737, NLL: 1.1236, Masked: 37.1550
Epoch [27/121], Total Loss: 104.9096, NLL: 1.1205, Masked: 10.3789
Epoch [28/121], Total Loss: 111.6851, NLL: 1.1133, Masked: 11.0572
Epoch [29/121], Total Loss: 105.8968, NLL: 1.1145, Masked: 10.4782
Epoch [30/121], Total Loss: 103.1770, NLL: 1.1141, Masked: 10.2063
Epoch [31/121], Total Loss: 102.9260, NLL: 1.1120, Masked: 10.1814
Epoch [32/121], Total Loss: 108.4129, NLL: 1.1114, Masked: 10.7301
Epoch [33/121], Total Loss: 101.5282, NLL: 1.1071, Masked: 10.0421
Epoch [34/121], Total Loss: 101.2639, NLL: 1.1032, Masked: 10.0161
Epoch [35/121], Total Loss: 100.1757, NLL: 1.1041, Masked: 9.9072
Epoch [36/121], Total Loss: 99.7936, NLL: 1.1005, Masked: 9.8693
Epoch [37/121], Total Loss: 99.5675, NLL: 1.1001, Masked: 9.8467
Epoch [38/121], Total Loss: 99.1775, NLL: 1.1005, Masked: 9.8077
Epoch [39/121], Total Loss: 98.4786, NLL: 1.0976, Masked: 9.7381
Epoch [40/121], Total Loss: 114.6380, NLL: 1.0975, Masked: 11.3540
Epoch [41/121], Total Loss: 102.6097, NLL: 1.0870, Masked: 10.1523
Epoch [42/121], Total Loss: 101.1827, NLL: 1.0942, Masked: 10.0089
Epoch [43/121], Total Loss: 98.2177, NLL: 1.0866, Masked: 9.7131
Epoch [44/121], Total Loss: 96.7055, NLL: 1.0877, Masked: 9.5618
Epoch [45/121], Total Loss: 96.8312, NLL: 1.0881, Masked: 9.5743
Epoch [46/121], Total Loss: 96.9694, NLL: 1.0845, Masked: 9.5885
Epoch [47/121], Total Loss: 95.7207, NLL: 1.0850, Masked: 9.4636
Epoch [48/121], Total Loss: 95.3095, NLL: 1.0828, Masked: 9.4227
Epoch [49/121], Total Loss: 95.0651, NLL: 1.0807, Masked: 9.3984
Epoch [50/121], Total Loss: 95.1461, NLL: 1.0826, Masked: 9.4064
Epoch [51/121], Total Loss: 94.7434, NLL: 1.0756, Masked: 9.3668
Epoch [52/121], Total Loss: 94.2901, NLL: 1.0822, Masked: 9.3208
Epoch [53/121], Total Loss: 93.8624, NLL: 1.0756, Masked: 9.2787
Epoch [54/121], Total Loss: 94.9994, NLL: 1.0752, Masked: 9.3924
Epoch [55/121], Total Loss: 93.6402, NLL: 1.0729, Masked: 9.2567
Epoch [56/121], Total Loss: 92.9055, NLL: 1.0715, Masked: 9.1834
Epoch [57/121], Total Loss: 116.5713, NLL: 1.0736, Masked: 11.5498
Epoch [58/121], Total Loss: 93.0132, NLL: 1.0710, Masked: 9.1942
Epoch [59/121], Total Loss: 92.7172, NLL: 1.0671, Masked: 9.1650
Epoch [60/121], Total Loss: 93.1412, NLL: 1.0692, Masked: 9.2072
Epoch [61/121], Total Loss: 91.9871, NLL: 1.0611, Masked: 9.0926
Epoch [62/121], Total Loss: 92.3130, NLL: 1.0635, Masked: 9.1250
Epoch [63/121], Total Loss: 91.9880, NLL: 1.0637, Masked: 9.0924
Epoch [64/121], Total Loss: 96.2870, NLL: 1.0619, Masked: 9.5225
Epoch [65/121], Total Loss: 93.1792, NLL: 1.0614, Masked: 9.2118
Epoch [66/121], Total Loss: 91.2291, NLL: 1.0596, Masked: 9.0170
Epoch [67/121], Total Loss: 95.4096, NLL: 1.0594, Masked: 9.4350
Epoch [68/121], Total Loss: 137.6870, NLL: 1.0640, Masked: 13.6623
Epoch [69/121], Total Loss: 156.1400, NLL: 1.0529, Masked: 15.5087
Epoch [70/121], Total Loss: 92.3311, NLL: 1.0525, Masked: 9.1279
Epoch [71/121], Total Loss: 90.6728, NLL: 1.0459, Masked: 8.9627
Epoch [72/121], Total Loss: 90.1386, NLL: 1.0500, Masked: 8.9089
Epoch [73/121], Total Loss: 92.9956, NLL: 1.0500, Masked: 9.1946
Epoch [74/121], Total Loss: 90.0047, NLL: 1.0425, Masked: 8.8962
Epoch [75/121], Total Loss: 90.3989, NLL: 1.0520, Masked: 8.9347
Epoch [76/121], Total Loss: 90.2250, NLL: 1.0501, Masked: 8.9175
Epoch [77/121], Total Loss: 89.2725, NLL: 1.0433, Masked: 8.8229
Epoch [78/121], Total Loss: 106.0090, NLL: 1.0468, Masked: 10.4962
Epoch [79/121], Total Loss: 89.4167, NLL: 1.0450, Masked: 8.8372
Epoch [80/121], Total Loss: 88.7180, NLL: 1.0435, Masked: 8.7675
Epoch [81/121], Total Loss: 88.9598, NLL: 1.0461, Masked: 8.7914
Epoch [82/121], Total Loss: 928.5865, NLL: 1.0451, Masked: 92.7541
Epoch [83/121], Total Loss: 88.3753, NLL: 1.0452, Masked: 8.7330
Epoch [84/121], Total Loss: 119.5678, NLL: 1.0459, Masked: 11.8522
Epoch [85/121], Total Loss: 88.3775, NLL: 1.0392, Masked: 8.7338
Epoch [86/121], Total Loss: 88.2902, NLL: 1.0379, Masked: 8.7252
Epoch [87/121], Total Loss: 87.7210, NLL: 1.0386, Masked: 8.6682
Epoch [88/121], Total Loss: 92.8776, NLL: 1.0422, Masked: 9.1835
Epoch [89/121], Total Loss: 87.7731, NLL: 1.0432, Masked: 8.6730
Epoch [90/121], Total Loss: 87.8356, NLL: 1.0417, Masked: 8.6794
Epoch [91/121], Total Loss: 87.5741, NLL: 1.0393, Masked: 8.6535
Epoch [92/121], Total Loss: 87.3157, NLL: 1.0434, Masked: 8.6272
Epoch [93/121], Total Loss: 87.2062, NLL: 1.0397, Masked: 8.6167
Epoch [94/121], Total Loss: 88.5771, NLL: 1.0365, Masked: 8.7541
Epoch [95/121], Total Loss: 87.5501, NLL: 1.0404, Masked: 8.6510
Epoch [96/121], Total Loss: 86.6055, NLL: 1.0366, Masked: 8.5569
Epoch [97/121], Total Loss: 86.3569, NLL: 1.0362, Masked: 8.5321
Epoch [98/121], Total Loss: 89.8591, NLL: 1.0352, Masked: 8.8824
Epoch [99/121], Total Loss: 86.4872, NLL: 1.0361, Masked: 8.5451
Epoch [100/121], Total Loss: 86.2563, NLL: 1.0343, Masked: 8.5222
Epoch [101/121], Total Loss: 86.0520, NLL: 1.0323, Masked: 8.5020
Epoch [102/121], Total Loss: 86.9798, NLL: 1.0337, Masked: 8.5946
Epoch [103/121], Total Loss: 86.4647, NLL: 1.0365, Masked: 8.5428
Epoch [104/121], Total Loss: 85.7775, NLL: 1.0333, Masked: 8.4744
Epoch [105/121], Total Loss: 85.4035, NLL: 1.0328, Masked: 8.4371
Epoch [106/121], Total Loss: 85.5572, NLL: 1.0307, Masked: 8.4527
Epoch [107/121], Total Loss: 85.8511, NLL: 1.0392, Masked: 8.4812
Epoch [108/121], Total Loss: 84.9675, NLL: 1.0308, Masked: 8.3937
Epoch [109/121], Total Loss: 85.8919, NLL: 1.0356, Masked: 8.4856
Epoch [110/121], Total Loss: 85.0228, NLL: 1.0311, Masked: 8.3992
Epoch [111/121], Total Loss: 84.9266, NLL: 1.0298, Masked: 8.3897
Epoch [112/121], Total Loss: 85.0810, NLL: 1.0277, Masked: 8.4053
Epoch [113/121], Total Loss: 87.5921, NLL: 1.0316, Masked: 8.6560
Epoch [114/121], Total Loss: 84.6967, NLL: 1.0282, Masked: 8.3669
Epoch [115/121], Total Loss: 84.3962, NLL: 1.0280, Masked: 8.3368
Epoch [116/121], Total Loss: 84.5706, NLL: 1.0294, Masked: 8.3541
Epoch [117/121], Total Loss: 84.4370, NLL: 1.0272, Masked: 8.3410
Epoch [118/121], Total Loss: 83.9229, NLL: 1.0267, Masked: 8.2896
Epoch [119/121], Total Loss: 84.8275, NLL: 1.0292, Masked: 8.3798
Epoch [120/121], Total Loss: 84.5773, NLL: 1.0308, Masked: 8.3546
Epoch [121/121], Total Loss: 83.8377, NLL: 1.0295, Masked: 8.2808

==================================================
EVALUATING ON TRAINING DATA
==================================================

==================================================
TEST RESULTS
==================================================
Total Loss: 83.640489
  - ZINB NLL: 1.019013
Total number of masked values: 1606593
  - Number of values with pi >= 0.6565455501891864: 700643
  - Number of values with pi < 0.6565455501891864: 905950
  - Masked Reconstruction: 8.262148
Mean Absolute Error (MAE): 2.825399
R² Score: -19.606441
==================================================


==================================================
TEST RESULTS
==================================================
Total Loss: 144.301641
  - ZINB NLL: 1.087645
Total number of masked values: 1756176
  - Number of values with pi >= 0.6565455501891864: 687817
  - Number of values with pi < 0.6565455501891864: 1068359
  - Masked Reconstruction: 14.321400
Mean Absolute Error (MAE): 4.024332
R² Score: -0.089285
==================================================


>>> Optimizing zinb_nll on VALIDATION set: 1.087645
>>> Full validation metrics: {'total_loss': 144.30164081123812, 'zinb_nll': 1.0876453677880449, 'mae': 4.024332046508789, 'r2': -0.08928549289703369, 'masked_loss': 14.321399577915903}

Iteration No: 37 ended. Search finished for the next optimal point.
Time taken: 1072.8431
Function value obtained: 1.0876
Current minimum: 0.9767
Iteration No: 38 started. Searching for the next optimal point.

================================================================================
Trial with parameters:
  features: Centr_Nucl
  data_point_length: 4441
  step_size: 0.5246636072635013
  bin_size: 1
  sample_fraction: 0.5772167231447085
  moving_average: True
  first_layer_size_factor: 66
  num_layers: 1
  use_conv: False
  conv_channel: 16
  pool_size: 6
  kernel_size: 5
  epochs: 80
  batch_size: 64
  pi_threshold: 0.4542883446621632
  learning_rate: 0.00011348902983099915
  dropout_rate: 0.0
  masked_recon_weight: 10.0
  regularizer: l2
  regularization_weight: 1e-05
================================================================================

Creating datasets with:
  features: ['Centr', 'Nucl']
  bin_size: 1
  moving_average: True
  data_point_length: 4441 (from 4441)
  step_size: 2330 (from fraction 0.5246636072635013)
  layers: [np.int64(1056)] (first=1056, num=1)
  stride: 1 (fixed), padding: same (fixed)


Clipping outliers using 95th percentile * 1.5...
strain_yTW001: Clipping values above 134.25 (P95=89.50). Clipped 27529/1193409 values (2.31%)
strain_FD: Clipping values above 71.92 (P95=47.94). Clipped 95791/4127807 values (2.32%)
strain_dnrp: Clipping values above 243.00 (P95=162.00). Clipped 25649/1119454 values (2.29%)
strain_yEK19: Clipping values above 77.10 (P95=51.40). Clipped 83713/3893623 values (2.15%)
strain_yEK23: Clipping values above 72.00 (P95=48.00). Clipped 86381/3558407 values (2.43%)
strain_yWT03a: Clipping values above 15.00 (P95=10.00). Clipped 10602/347679 values (3.05%)
strain_yWT04a: Clipping values above 58.50 (P95=39.00). Clipped 21095/725406 values (2.91%)
strain_ylic137: Clipping values above 142.50 (P95=95.00). Clipped 28746/1112684 values (2.58%)
Standardizing features: ['Centr', 'Nucl']
Column order in final array (Dataset/Chrom split): ['Value', 'Nucleosome_Distance', 'Centromere_Distance', 'Value_Raw', 'Size_Factor']
Removing 0 empty data points out of 28600
Column order in final array (Dataset/Chrom split): ['Value', 'Nucleosome_Distance', 'Centromere_Distance', 'Value_Raw', 'Size_Factor']
Removing 0 empty data points out of 7640
Column order in final array (Dataset/Chrom split): ['Value', 'Nucleosome_Distance', 'Centromere_Distance', 'Value_Raw', 'Size_Factor']
Removing 0 empty data points out of 5144
Datasets created:
  Train: (28600, 4441, 5), Val: (7640, 4441, 5), Test: (5144, 4441, 5)

Randomly sampled 16508/28600 samples (57.7%)
Applied denoising with 15.0% masking
Applied denoising with 15.0% masking
Applied denoising with 15.0% masking
Epoch [1/80], Total Loss: 2990.8855, NLL: 1.7073, Masked: 298.9178, Reg: 0.180198
Epoch [2/80], Total Loss: 56220.9080, NLL: 1.5199, Masked: 5621.9388, Reg: 0.175603
Epoch [3/80], Total Loss: 12354.2546, NLL: 1.4233, Masked: 1235.2831, Reg: 0.171083
Epoch [4/80], Total Loss: 5695.4990, NLL: 1.3755, Masked: 569.4124, Reg: 0.167024
Epoch [5/80], Total Loss: 759.8352, NLL: 1.3051, Masked: 75.8530, Reg: 0.163135
Epoch [6/80], Total Loss: 155.6357, NLL: 1.2784, Masked: 15.4357, Reg: 0.159469
Epoch [7/80], Total Loss: 130.8637, NLL: 1.2159, Masked: 12.9648, Reg: 0.155998
Epoch [8/80], Total Loss: 824.0815, NLL: 1.2134, Masked: 82.2868, Reg: 0.152561
Epoch [9/80], Total Loss: 131.9677, NLL: 1.1670, Masked: 13.0801, Reg: 0.149298
Epoch [10/80], Total Loss: 488.7916, NLL: 1.1764, Masked: 48.7615, Reg: 0.146058
Epoch [11/80], Total Loss: 157.4409, NLL: 1.1492, Masked: 15.6292, Reg: 0.142850
Epoch [12/80], Total Loss: 128.9542, NLL: 1.1423, Masked: 12.7812, Reg: 0.139744
Epoch [13/80], Total Loss: 129.0877, NLL: 1.1365, Masked: 12.7951, Reg: 0.136694
Epoch [14/80], Total Loss: 135.4583, NLL: 1.1355, Masked: 13.4323, Reg: 0.133722
Epoch [15/80], Total Loss: 127.6923, NLL: 1.1270, Masked: 12.6565, Reg: 0.130768
Epoch [16/80], Total Loss: 127.9862, NLL: 1.1242, Masked: 12.6862, Reg: 0.127895
Epoch [17/80], Total Loss: 126.7238, NLL: 1.1171, Masked: 12.5607, Reg: 0.125006
Epoch [18/80], Total Loss: 129.4025, NLL: 1.1252, Masked: 12.8277, Reg: 0.122161
Epoch [19/80], Total Loss: 126.7089, NLL: 1.1143, Masked: 12.5595, Reg: 0.119388
Epoch [20/80], Total Loss: 129.4014, NLL: 1.1111, Masked: 12.8290, Reg: 0.116603
Epoch [21/80], Total Loss: 125.8170, NLL: 1.1059, Masked: 12.4711, Reg: 0.113848
Epoch [22/80], Total Loss: 126.1282, NLL: 1.1073, Masked: 12.5021, Reg: 0.111237
Epoch [23/80], Total Loss: 125.1332, NLL: 1.1042, Masked: 12.4029, Reg: 0.108606
Epoch [24/80], Total Loss: 125.7031, NLL: 1.0992, Masked: 12.4604, Reg: 0.106005
Epoch [25/80], Total Loss: 128.6429, NLL: 1.0992, Masked: 12.7544, Reg: 0.103453
Epoch [26/80], Total Loss: 124.6322, NLL: 1.0943, Masked: 12.3538, Reg: 0.100927
Epoch [27/80], Total Loss: 124.2908, NLL: 1.0995, Masked: 12.3191, Reg: 0.098523
Epoch [28/80], Total Loss: 124.0616, NLL: 1.0932, Masked: 12.2968, Reg: 0.096195
Epoch [29/80], Total Loss: 124.4708, NLL: 1.0914, Masked: 12.3379, Reg: 0.093880
Epoch [30/80], Total Loss: 124.2662, NLL: 1.0878, Masked: 12.3178, Reg: 0.091625
Epoch [31/80], Total Loss: 124.1398, NLL: 1.0879, Masked: 12.3052, Reg: 0.089451
Epoch [32/80], Total Loss: 123.7178, NLL: 1.0814, Masked: 12.2636, Reg: 0.087281
Epoch [33/80], Total Loss: 124.2056, NLL: 1.0773, Masked: 12.3128, Reg: 0.085261
Epoch [34/80], Total Loss: 123.8399, NLL: 1.0838, Masked: 12.2756, Reg: 0.083242
Epoch [35/80], Total Loss: 123.6190, NLL: 1.0806, Masked: 12.2538, Reg: 0.081281
Epoch [36/80], Total Loss: 123.7290, NLL: 1.0665, Masked: 12.2663, Reg: 0.079433
Epoch [37/80], Total Loss: 123.5189, NLL: 1.0701, Masked: 12.2449, Reg: 0.077603
Epoch [38/80], Total Loss: 124.4693, NLL: 1.0805, Masked: 12.3389, Reg: 0.075841
Epoch [39/80], Total Loss: 123.8921, NLL: 1.0737, Masked: 12.2818, Reg: 0.074085
Epoch [40/80], Total Loss: 123.6880, NLL: 1.0729, Masked: 12.2615, Reg: 0.072396
Epoch [41/80], Total Loss: 123.7914, NLL: 1.0721, Masked: 12.2719, Reg: 0.070758
Epoch [42/80], Total Loss: 124.0747, NLL: 1.0667, Masked: 12.3008, Reg: 0.069245
Epoch [43/80], Total Loss: 123.8225, NLL: 1.0616, Masked: 12.2761, Reg: 0.067742
Epoch [44/80], Total Loss: 123.8410, NLL: 1.0617, Masked: 12.2779, Reg: 0.066371
Epoch [45/80], Total Loss: 123.8838, NLL: 1.0611, Masked: 12.2823, Reg: 0.064982
Epoch [46/80], Total Loss: 124.0285, NLL: 1.0546, Masked: 12.2974, Reg: 0.063715
Epoch [47/80], Total Loss: 123.7383, NLL: 1.0522, Masked: 12.2686, Reg: 0.062491
Epoch [48/80], Total Loss: 123.5511, NLL: 1.0524, Masked: 12.2499, Reg: 0.061371
Epoch [49/80], Total Loss: 123.8748, NLL: 1.0511, Masked: 12.2824, Reg: 0.060277
Epoch [50/80], Total Loss: 123.8779, NLL: 1.0461, Masked: 12.2832, Reg: 0.059264
Epoch [51/80], Total Loss: 123.7916, NLL: 1.0469, Masked: 12.2745, Reg: 0.058325
Epoch [52/80], Total Loss: 124.1214, NLL: 1.0470, Masked: 12.3074, Reg: 0.057408
Epoch [53/80], Total Loss: 123.8444, NLL: 1.0425, Masked: 12.2802, Reg: 0.056591
Epoch [54/80], Total Loss: 123.5665, NLL: 1.0379, Masked: 12.2529, Reg: 0.055806
Epoch [55/80], Total Loss: 123.7755, NLL: 1.0408, Masked: 12.2735, Reg: 0.055129
Epoch [56/80], Total Loss: 124.1553, NLL: 1.0384, Masked: 12.3117, Reg: 0.054481
Epoch [57/80], Total Loss: 123.6375, NLL: 1.0382, Masked: 12.2599, Reg: 0.053862
Epoch [58/80], Total Loss: 123.9125, NLL: 1.0367, Masked: 12.2876, Reg: 0.053310
Epoch [59/80], Total Loss: 123.7908, NLL: 1.0366, Masked: 12.2754, Reg: 0.052761
Epoch [60/80], Total Loss: 124.3877, NLL: 1.0322, Masked: 12.3355, Reg: 0.052319
Epoch [61/80], Total Loss: 123.6488, NLL: 1.0304, Masked: 12.2618, Reg: 0.051949
Epoch [62/80], Total Loss: 124.2472, NLL: 1.0296, Masked: 12.3218, Reg: 0.051607
Epoch [63/80], Total Loss: 125.1416, NLL: 1.0347, Masked: 12.4107, Reg: 0.051320
Epoch [64/80], Total Loss: 124.1908, NLL: 1.0282, Masked: 12.3163, Reg: 0.051126
Epoch [65/80], Total Loss: 124.1990, NLL: 1.0269, Masked: 12.3172, Reg: 0.050916
Epoch [66/80], Total Loss: 124.1394, NLL: 1.0228, Masked: 12.3117, Reg: 0.050831
Epoch [67/80], Total Loss: 124.2049, NLL: 1.0267, Masked: 12.3178, Reg: 0.050725
Epoch [68/80], Total Loss: 124.3923, NLL: 1.0256, Masked: 12.3367, Reg: 0.050700
Epoch [69/80], Total Loss: 124.1534, NLL: 1.0231, Masked: 12.3130, Reg: 0.050725
Epoch [70/80], Total Loss: 124.6812, NLL: 1.0242, Masked: 12.3657, Reg: 0.050788
Epoch [71/80], Total Loss: 124.4992, NLL: 1.0216, Masked: 12.3478, Reg: 0.050902
Epoch [72/80], Total Loss: 124.2759, NLL: 1.0198, Masked: 12.3256, Reg: 0.051051
Epoch [73/80], Total Loss: 125.0735, NLL: 1.0239, Masked: 12.4050, Reg: 0.051232
Epoch [74/80], Total Loss: 124.8241, NLL: 1.0212, Masked: 12.3803, Reg: 0.051488
Epoch [75/80], Total Loss: 124.6425, NLL: 1.0201, Masked: 12.3622, Reg: 0.051775
Epoch [76/80], Total Loss: 124.7022, NLL: 1.0218, Masked: 12.3680, Reg: 0.052062
Epoch [77/80], Total Loss: 124.7558, NLL: 1.0182, Masked: 12.3738, Reg: 0.052344
Epoch [78/80], Total Loss: 124.6873, NLL: 1.0178, Masked: 12.3670, Reg: 0.052626
Epoch [79/80], Total Loss: 124.5145, NLL: 1.0177, Masked: 12.3497, Reg: 0.052982
Epoch [80/80], Total Loss: 125.1768, NLL: 1.0188, Masked: 12.4158, Reg: 0.053314

==================================================
EVALUATING ON TRAINING DATA
==================================================

==================================================
TEST RESULTS
==================================================
Total Loss: 124.784058
  - ZINB NLL: 1.015432
Total number of masked values: 1780324
  - Number of values with pi >= 0.4542883446621632: 1647782
  - Number of values with pi < 0.4542883446621632: 132542
  - Masked Reconstruction: 12.376863
  - Regularization: 0.053517
Mean Absolute Error (MAE): 2.171960
R² Score: -0.089628
==================================================


==================================================
TEST RESULTS
==================================================
Total Loss: 147.375627
  - ZINB NLL: 1.045848
Total number of masked values: 842190
  - Number of values with pi >= 0.4542883446621632: 749710
  - Number of values with pi < 0.4542883446621632: 92480
  - Masked Reconstruction: 14.632978
  - Regularization: 0.053517
Mean Absolute Error (MAE): 2.488806
R² Score: -0.019199
==================================================


>>> Optimizing zinb_nll on VALIDATION set: 1.045848
>>> Full validation metrics: {'total_loss': 147.37562735193063, 'zinb_nll': 1.0458477407225764, 'mae': 2.4888057708740234, 'r2': -0.019199252128601074, 'masked_loss': 14.632977973977933, 'reg_loss': 0.05351681640625007}

Iteration No: 38 ended. Search finished for the next optimal point.
Time taken: 759.0190
Function value obtained: 1.0458
Current minimum: 0.9767
Iteration No: 39 started. Searching for the next optimal point.

================================================================================
Trial with parameters:
  features: Nucl
  data_point_length: 527
  step_size: 0.25
  bin_size: 1
  sample_fraction: 0.25008725313439617
  moving_average: False
  first_layer_size_factor: 150
  num_layers: 1
  use_conv: True
  conv_channel: 16
  pool_size: 3
  kernel_size: 9
  epochs: 30
  batch_size: 64
  pi_threshold: 0.6999732478095378
  learning_rate: 0.0002805951810713386
  dropout_rate: 0.0
  masked_recon_weight: 10.0
  regularizer: l1
  regularization_weight: 1e-05
================================================================================

Creating datasets with:
  features: ['Nucl']
  bin_size: 1
  moving_average: False
  data_point_length: 527 (from 527)
  step_size: 131 (from fraction 0.25)
  layers: [np.int64(2400)] (first=2400, num=1)
  stride: 1 (fixed), padding: same (fixed)


Clipping outliers using 95th percentile * 1.5...
strain_yTW001: Clipping values above 134.25 (P95=89.50). Clipped 27529/1193409 values (2.31%)
strain_FD: Clipping values above 71.92 (P95=47.94). Clipped 95791/4127807 values (2.32%)
strain_dnrp: Clipping values above 243.00 (P95=162.00). Clipped 25649/1119454 values (2.29%)
strain_yEK19: Clipping values above 77.10 (P95=51.40). Clipped 83713/3893623 values (2.15%)
strain_yEK23: Clipping values above 72.00 (P95=48.00). Clipped 86381/3558407 values (2.43%)
strain_yWT03a: Clipping values above 15.00 (P95=10.00). Clipped 10602/347679 values (3.05%)
strain_yWT04a: Clipping values above 58.50 (P95=39.00). Clipped 21095/725406 values (2.91%)
strain_ylic137: Clipping values above 142.50 (P95=95.00). Clipped 28746/1112684 values (2.58%)
Standardizing features: ['Nucl']
Column order in final array (Dataset/Chrom split): ['Value', 'Nucleosome_Distance', 'Value_Raw', 'Size_Factor']
Removing 0 empty data points out of 509296
Column order in final array (Dataset/Chrom split): ['Value', 'Nucleosome_Distance', 'Value_Raw', 'Size_Factor']
Removing 0 empty data points out of 135864
Column order in final array (Dataset/Chrom split): ['Value', 'Nucleosome_Distance', 'Value_Raw', 'Size_Factor']
Removing 0 empty data points out of 91696
Datasets created:
  Train: (509296, 527, 4), Val: (135864, 527, 4), Test: (91696, 527, 4)

Randomly sampled 127368/509296 samples (25.0%)
Applied denoising with 15.0% masking
Applied denoising with 15.0% masking
Applied denoising with 15.0% masking
Epoch [1/30], Total Loss: 126.1083, NLL: 1.0553, Masked: 12.4591, Reg: 0.461826
Epoch [2/30], Total Loss: 120.1066, NLL: 0.9677, Masked: 11.8728, Reg: 0.410978
Epoch [3/30], Total Loss: 116.1004, NLL: 0.9360, Masked: 11.4729, Reg: 0.435582
Epoch [4/30], Total Loss: 114.5147, NLL: 0.9218, Masked: 11.3112, Reg: 0.480801
Epoch [5/30], Total Loss: 113.6673, NLL: 0.9180, Masked: 11.2222, Reg: 0.527250
Epoch [6/30], Total Loss: 112.7671, NLL: 0.9146, Masked: 11.1273, Reg: 0.579982
Epoch [7/30], Total Loss: 111.7293, NLL: 0.9135, Masked: 11.0183, Reg: 0.633017
Epoch [8/30], Total Loss: 110.4359, NLL: 0.9110, Masked: 10.8837, Reg: 0.688013
Epoch [9/30], Total Loss: 109.3806, NLL: 0.9090, Masked: 10.7735, Reg: 0.736594
Epoch [10/30], Total Loss: 108.3516, NLL: 0.9081, Masked: 10.6657, Reg: 0.786638
Epoch [11/30], Total Loss: 107.3573, NLL: 0.9062, Masked: 10.5621, Reg: 0.830144
Epoch [12/30], Total Loss: 106.2010, NLL: 0.9047, Masked: 10.4433, Reg: 0.863177
Epoch [13/30], Total Loss: 104.9544, NLL: 0.9040, Masked: 10.3156, Reg: 0.894788
Epoch [14/30], Total Loss: 104.1809, NLL: 0.9042, Masked: 10.2348, Reg: 0.929000
Epoch [15/30], Total Loss: 102.8435, NLL: 0.9033, Masked: 10.0984, Reg: 0.956378
Epoch [16/30], Total Loss: 102.2503, NLL: 0.9038, Masked: 10.0364, Reg: 0.982297
Epoch [17/30], Total Loss: 101.3129, NLL: 0.9031, Masked: 9.9401, Reg: 1.009076
Epoch [18/30], Total Loss: 100.4638, NLL: 0.9034, Masked: 9.8529, Reg: 1.031406
Epoch [19/30], Total Loss: 99.7366, NLL: 0.9038, Masked: 9.7773, Reg: 1.059997
Epoch [20/30], Total Loss: 99.6039, NLL: 0.9030, Masked: 9.7619, Reg: 1.082281
Epoch [21/30], Total Loss: 98.9734, NLL: 0.9033, Masked: 9.6969, Reg: 1.101450
Epoch [22/30], Total Loss: 98.7801, NLL: 0.9042, Masked: 9.6756, Reg: 1.119549
Epoch [23/30], Total Loss: 97.8206, NLL: 0.9030, Masked: 9.5778, Reg: 1.139451
Epoch [24/30], Total Loss: 97.4772, NLL: 0.9054, Masked: 9.5410, Reg: 1.162042
Epoch [25/30], Total Loss: 97.2909, NLL: 0.9044, Masked: 9.5211, Reg: 1.175106
Epoch [26/30], Total Loss: 96.6141, NLL: 0.9056, Masked: 9.4521, Reg: 1.187593
Epoch [27/30], Total Loss: 96.3504, NLL: 0.9049, Masked: 9.4239, Reg: 1.206271
Epoch [28/30], Total Loss: 95.9335, NLL: 0.9049, Masked: 9.3801, Reg: 1.227896
Epoch [29/30], Total Loss: 95.2857, NLL: 0.9053, Masked: 9.3139, Reg: 1.241230
Epoch [30/30], Total Loss: 94.1558, NLL: 0.9052, Masked: 9.1998, Reg: 1.252821

==================================================
EVALUATING ON TRAINING DATA
==================================================

==================================================
TEST RESULTS
==================================================
Total Loss: 95.496068
  - ZINB NLL: 0.901257
Total number of masked values: 1566623
  - Number of values with pi >= 0.6999732478095378: 573767
  - Number of values with pi < 0.6999732478095378: 992856
  - Masked Reconstruction: 9.333805
  - Regularization: 1.256759
Mean Absolute Error (MAE): 2.724216
R² Score: 0.042091
==================================================


==================================================
TEST RESULTS
==================================================
Total Loss: 140.284533
  - ZINB NLL: 0.939091
Total number of masked values: 1719235
  - Number of values with pi >= 0.6999732478095378: 595293
  - Number of values with pi < 0.6999732478095378: 1123942
  - Masked Reconstruction: 13.808868
  - Regularization: 1.256759
Mean Absolute Error (MAE): 3.057781
R² Score: 0.022677
==================================================


>>> Optimizing zinb_nll on VALIDATION set: 0.939091
>>> Full validation metrics: {'total_loss': 140.2845333719088, 'zinb_nll': 0.9390912320948964, 'mae': 3.0577805042266846, 'r2': 0.022676706314086914, 'masked_loss': 13.80886842460028, 'reg_loss': 1.256759296874995}

Iteration No: 39 ended. Search finished for the next optimal point.
Time taken: 1210.1021
Function value obtained: 0.9391
Current minimum: 0.9391
Iteration No: 40 started. Searching for the next optimal point.

================================================================================
Trial with parameters:
  features: Centr_Nucl
  data_point_length: 500
  step_size: 0.83470118611516
  bin_size: 1
  sample_fraction: 0.25
  moving_average: False
  first_layer_size_factor: 150
  num_layers: 1
  use_conv: True
  conv_channel: 16
  pool_size: 8
  kernel_size: 5
  epochs: 49
  batch_size: 64
  pi_threshold: 0.6298576833265036
  learning_rate: 0.00016178700743078663
  dropout_rate: 0.0
  masked_recon_weight: 10.0
  regularizer: none
  regularization_weight: 1e-05
================================================================================

Creating datasets with:
  features: ['Centr', 'Nucl']
  bin_size: 1
  moving_average: False
  data_point_length: 500 (from 500)
  step_size: 417 (from fraction 0.83470118611516)
  layers: [np.int64(2400)] (first=2400, num=1)
  stride: 1 (fixed), padding: same (fixed)


Clipping outliers using 95th percentile * 1.5...
strain_yTW001: Clipping values above 134.25 (P95=89.50). Clipped 27529/1193409 values (2.31%)
strain_FD: Clipping values above 71.92 (P95=47.94). Clipped 95791/4127807 values (2.32%)
strain_dnrp: Clipping values above 243.00 (P95=162.00). Clipped 25649/1119454 values (2.29%)
strain_yEK19: Clipping values above 77.10 (P95=51.40). Clipped 83713/3893623 values (2.15%)
strain_yEK23: Clipping values above 72.00 (P95=48.00). Clipped 86381/3558407 values (2.43%)
strain_yWT03a: Clipping values above 15.00 (P95=10.00). Clipped 10602/347679 values (3.05%)
strain_yWT04a: Clipping values above 58.50 (P95=39.00). Clipped 21095/725406 values (2.91%)
strain_ylic137: Clipping values above 142.50 (P95=95.00). Clipped 28746/1112684 values (2.58%)
Standardizing features: ['Centr', 'Nucl']
Column order in final array (Dataset/Chrom split): ['Value', 'Nucleosome_Distance', 'Centromere_Distance', 'Value_Raw', 'Size_Factor']
Removing 0 empty data points out of 160072
Column order in final array (Dataset/Chrom split): ['Value', 'Nucleosome_Distance', 'Centromere_Distance', 'Value_Raw', 'Size_Factor']
Removing 0 empty data points out of 42704
Column order in final array (Dataset/Chrom split): ['Value', 'Nucleosome_Distance', 'Centromere_Distance', 'Value_Raw', 'Size_Factor']
Removing 0 empty data points out of 28840
Datasets created:
  Train: (160072, 500, 5), Val: (42704, 500, 5), Test: (28840, 500, 5)

Randomly sampled 40018/160072 samples (25.0%)
Applied denoising with 15.0% masking
Applied denoising with 15.0% masking
Applied denoising with 15.0% masking
Epoch [1/49], Total Loss: 133.7736, NLL: 1.2505, Masked: 13.2523
Epoch [2/49], Total Loss: 128.4682, NLL: 1.0474, Masked: 12.7421
Epoch [3/49], Total Loss: 127.1482, NLL: 1.0206, Masked: 12.6128
Epoch [4/49], Total Loss: 126.0085, NLL: 1.0038, Masked: 12.5005
Epoch [5/49], Total Loss: 125.3637, NLL: 0.9922, Masked: 12.4372
Epoch [6/49], Total Loss: 123.8997, NLL: 0.9843, Masked: 12.2915
Epoch [7/49], Total Loss: 122.5305, NLL: 0.9789, Masked: 12.1552
Epoch [8/49], Total Loss: 121.5676, NLL: 0.9713, Masked: 12.0596
Epoch [9/49], Total Loss: 119.9486, NLL: 0.9650, Masked: 11.8984
Epoch [10/49], Total Loss: 118.9903, NLL: 0.9578, Masked: 11.8033
Epoch [11/49], Total Loss: 117.3944, NLL: 0.9504, Masked: 11.6444
Epoch [12/49], Total Loss: 116.4191, NLL: 0.9445, Masked: 11.5475
Epoch [13/49], Total Loss: 115.3019, NLL: 0.9378, Masked: 11.4364
Epoch [14/49], Total Loss: 114.3825, NLL: 0.9345, Masked: 11.3448
Epoch [15/49], Total Loss: 113.2298, NLL: 0.9323, Masked: 11.2297
Epoch [16/49], Total Loss: 112.4927, NLL: 0.9308, Masked: 11.1562
Epoch [17/49], Total Loss: 111.6265, NLL: 0.9276, Masked: 11.0699
Epoch [18/49], Total Loss: 110.8758, NLL: 0.9263, Masked: 10.9950
Epoch [19/49], Total Loss: 109.8539, NLL: 0.9261, Masked: 10.8928
Epoch [20/49], Total Loss: 109.0014, NLL: 0.9248, Masked: 10.8077
Epoch [21/49], Total Loss: 108.1245, NLL: 0.9231, Masked: 10.7201
Epoch [22/49], Total Loss: 107.4715, NLL: 0.9235, Masked: 10.6548
Epoch [23/49], Total Loss: 106.6029, NLL: 0.9216, Masked: 10.5681
Epoch [24/49], Total Loss: 106.0969, NLL: 0.9220, Masked: 10.5175
Epoch [25/49], Total Loss: 105.3835, NLL: 0.9211, Masked: 10.4462
Epoch [26/49], Total Loss: 104.6179, NLL: 0.9198, Masked: 10.3698
Epoch [27/49], Total Loss: 103.8566, NLL: 0.9196, Masked: 10.2937
Epoch [28/49], Total Loss: 103.0059, NLL: 0.9184, Masked: 10.2087
Epoch [29/49], Total Loss: 102.6017, NLL: 0.9190, Masked: 10.1683
Epoch [30/49], Total Loss: 101.9667, NLL: 0.9180, Masked: 10.1049
Epoch [31/49], Total Loss: 100.8083, NLL: 0.9172, Masked: 9.9891
Epoch [32/49], Total Loss: 100.4339, NLL: 0.9177, Masked: 9.9516
Epoch [33/49], Total Loss: 100.0175, NLL: 0.9170, Masked: 9.9100
Epoch [34/49], Total Loss: 99.3092, NLL: 0.9176, Masked: 9.8392
Epoch [35/49], Total Loss: 98.6568, NLL: 0.9158, Masked: 9.7741
Epoch [36/49], Total Loss: 98.1981, NLL: 0.9162, Masked: 9.7282
Epoch [37/49], Total Loss: 97.4036, NLL: 0.9160, Masked: 9.6488
Epoch [38/49], Total Loss: 97.0750, NLL: 0.9152, Masked: 9.6160
Epoch [39/49], Total Loss: 96.1548, NLL: 0.9140, Masked: 9.5241
Epoch [40/49], Total Loss: 95.6692, NLL: 0.9154, Masked: 9.4754
Epoch [41/49], Total Loss: 95.2802, NLL: 0.9148, Masked: 9.4365
Epoch [42/49], Total Loss: 94.6519, NLL: 0.9149, Masked: 9.3737
Epoch [43/49], Total Loss: 94.1621, NLL: 0.9143, Masked: 9.3248
Epoch [44/49], Total Loss: 93.7692, NLL: 0.9141, Masked: 9.2855
Epoch [45/49], Total Loss: 92.9618, NLL: 0.9138, Masked: 9.2048
Epoch [46/49], Total Loss: 92.8197, NLL: 0.9140, Masked: 9.1906
Epoch [47/49], Total Loss: 92.0896, NLL: 0.9130, Masked: 9.1177
Epoch [48/49], Total Loss: 92.0556, NLL: 0.9130, Masked: 9.1143
Epoch [49/49], Total Loss: 91.4450, NLL: 0.9123, Masked: 9.0533

==================================================
EVALUATING ON TRAINING DATA
==================================================

==================================================
TEST RESULTS
==================================================
Total Loss: 91.196597
  - ZINB NLL: 0.910918
Total number of masked values: 469772
  - Number of values with pi >= 0.6298576833265036: 215144
  - Number of values with pi < 0.6298576833265036: 254628
  - Masked Reconstruction: 9.028568
Mean Absolute Error (MAE): 2.518373
R² Score: 0.136372
==================================================


==================================================
TEST RESULTS
==================================================
Total Loss: 141.859271
  - ZINB NLL: 0.957176
Total number of masked values: 511935
  - Number of values with pi >= 0.6298576833265036: 244244
  - Number of values with pi < 0.6298576833265036: 267691
  - Masked Reconstruction: 14.090209
Mean Absolute Error (MAE): 2.833943
R² Score: 0.078448
==================================================


>>> Optimizing zinb_nll on VALIDATION set: 0.957176
>>> Full validation metrics: {'total_loss': 141.85927090978927, 'zinb_nll': 0.9571760488655202, 'mae': 2.8339431285858154, 'r2': 0.07844752073287964, 'masked_loss': 14.090209457123043}


*** Checkpoint saved at iteration 40 ***

Iteration No: 40 ended. Search finished for the next optimal point.
Time taken: 989.3212
Function value obtained: 0.9572
Current minimum: 0.9391
Iteration No: 41 started. Searching for the next optimal point.

================================================================================
Trial with parameters:
  features: Centr_Nucl
  data_point_length: 500
  step_size: 0.25
  bin_size: 1
  sample_fraction: 0.25
  moving_average: False
  first_layer_size_factor: 150
  num_layers: 1
  use_conv: True
  conv_channel: 16
  pool_size: 5
  kernel_size: 9
  epochs: 30
  batch_size: 64
  pi_threshold: 0.6446031766535778
  learning_rate: 0.00018101985792489265
  dropout_rate: 0.0
  masked_recon_weight: 10.0
  regularizer: none
  regularization_weight: 1e-05
================================================================================

Creating datasets with:
  features: ['Centr', 'Nucl']
  bin_size: 1
  moving_average: False
  data_point_length: 500 (from 500)
  step_size: 125 (from fraction 0.25)
  layers: [np.int64(2400)] (first=2400, num=1)
  stride: 1 (fixed), padding: same (fixed)


Clipping outliers using 95th percentile * 1.5...
strain_yTW001: Clipping values above 134.25 (P95=89.50). Clipped 27529/1193409 values (2.31%)
strain_FD: Clipping values above 71.92 (P95=47.94). Clipped 95791/4127807 values (2.32%)
strain_dnrp: Clipping values above 243.00 (P95=162.00). Clipped 25649/1119454 values (2.29%)
strain_yEK19: Clipping values above 77.10 (P95=51.40). Clipped 83713/3893623 values (2.15%)
strain_yEK23: Clipping values above 72.00 (P95=48.00). Clipped 86381/3558407 values (2.43%)
strain_yWT03a: Clipping values above 15.00 (P95=10.00). Clipped 10602/347679 values (3.05%)
strain_yWT04a: Clipping values above 58.50 (P95=39.00). Clipped 21095/725406 values (2.91%)
strain_ylic137: Clipping values above 142.50 (P95=95.00). Clipped 28746/1112684 values (2.58%)
Standardizing features: ['Centr', 'Nucl']
Column order in final array (Dataset/Chrom split): ['Value', 'Nucleosome_Distance', 'Centromere_Distance', 'Value_Raw', 'Size_Factor']
Removing 0 empty data points out of 533744
Column order in final array (Dataset/Chrom split): ['Value', 'Nucleosome_Distance', 'Centromere_Distance', 'Value_Raw', 'Size_Factor']
Removing 0 empty data points out of 142392
Column order in final array (Dataset/Chrom split): ['Value', 'Nucleosome_Distance', 'Centromere_Distance', 'Value_Raw', 'Size_Factor']
Removing 0 empty data points out of 96112
Datasets created:
  Train: (533744, 500, 5), Val: (142392, 500, 5), Test: (96112, 500, 5)

Randomly sampled 133436/533744 samples (25.0%)
Applied denoising with 15.0% masking
Applied denoising with 15.0% masking
Applied denoising with 15.0% masking
Epoch [1/30], Total Loss: 128.3193, NLL: 1.0938, Masked: 12.7225
Epoch [2/30], Total Loss: 122.8542, NLL: 0.9789, Masked: 12.1875
Epoch [3/30], Total Loss: 117.7296, NLL: 0.9351, Masked: 11.6795
Epoch [4/30], Total Loss: 115.8267, NLL: 0.9206, Masked: 11.4906
Epoch [5/30], Total Loss: 114.8356, NLL: 0.9136, Masked: 11.3922
Epoch [6/30], Total Loss: 113.9215, NLL: 0.9082, Masked: 11.3013
Epoch [7/30], Total Loss: 112.9074, NLL: 0.9052, Masked: 11.2002
Epoch [8/30], Total Loss: 112.0791, NLL: 0.9032, Masked: 11.1176
Epoch [9/30], Total Loss: 111.0985, NLL: 0.9002, Masked: 11.0198
Epoch [10/30], Total Loss: 110.2475, NLL: 0.8997, Masked: 10.9348
Epoch [11/30], Total Loss: 109.2664, NLL: 0.8997, Masked: 10.8367
Epoch [12/30], Total Loss: 108.1613, NLL: 0.8981, Masked: 10.7263
Epoch [13/30], Total Loss: 107.2437, NLL: 0.8967, Masked: 10.6347
Epoch [14/30], Total Loss: 106.0879, NLL: 0.8957, Masked: 10.5192
Epoch [15/30], Total Loss: 105.0663, NLL: 0.8943, Masked: 10.4172
Epoch [16/30], Total Loss: 104.0196, NLL: 0.8928, Masked: 10.3127
Epoch [17/30], Total Loss: 103.0902, NLL: 0.8914, Masked: 10.2199
Epoch [18/30], Total Loss: 102.3247, NLL: 0.8910, Masked: 10.1434
Epoch [19/30], Total Loss: 101.2605, NLL: 0.8894, Masked: 10.0371
Epoch [20/30], Total Loss: 100.3502, NLL: 0.8886, Masked: 9.9462
Epoch [21/30], Total Loss: 99.5188, NLL: 0.8881, Masked: 9.8631
Epoch [22/30], Total Loss: 98.8020, NLL: 0.8873, Masked: 9.7915
Epoch [23/30], Total Loss: 97.7624, NLL: 0.8868, Masked: 9.6876
Epoch [24/30], Total Loss: 97.0553, NLL: 0.8861, Masked: 9.6169
Epoch [25/30], Total Loss: 96.3547, NLL: 0.8857, Masked: 9.5469
Epoch [26/30], Total Loss: 95.5211, NLL: 0.8860, Masked: 9.4635
Epoch [27/30], Total Loss: 94.7866, NLL: 0.8849, Masked: 9.3902
Epoch [28/30], Total Loss: 94.2346, NLL: 0.8842, Masked: 9.3350
Epoch [29/30], Total Loss: 93.6478, NLL: 0.8844, Masked: 9.2763
Epoch [30/30], Total Loss: 92.9890, NLL: 0.8837, Masked: 9.2105

==================================================
EVALUATING ON TRAINING DATA
==================================================

==================================================
TEST RESULTS
==================================================
Total Loss: 92.053813
  - ZINB NLL: 0.881805
Total number of masked values: 1560951
  - Number of values with pi >= 0.6446031766535778: 669508
  - Number of values with pi < 0.6446031766535778: 891443
  - Masked Reconstruction: 9.117201
Mean Absolute Error (MAE): 2.534389
R² Score: 0.171086
==================================================


==================================================
TEST RESULTS
==================================================
Total Loss: 138.015303
  - ZINB NLL: 0.924179
Total number of masked values: 1706447
  - Number of values with pi >= 0.6446031766535778: 730927
  - Number of values with pi < 0.6446031766535778: 975520
  - Masked Reconstruction: 13.709112
Mean Absolute Error (MAE): 2.897337
R² Score: 0.122891
==================================================


>>> Optimizing zinb_nll on VALIDATION set: 0.924179
>>> Full validation metrics: {'total_loss': 138.01530341066882, 'zinb_nll': 0.9241787607237572, 'mae': 2.8973371982574463, 'r2': 0.12289083003997803, 'masked_loss': 13.709112454977014}

Iteration No: 41 ended. Search finished for the next optimal point.
Time taken: 1161.8171
Function value obtained: 0.9242
Current minimum: 0.9242
Iteration No: 42 started. Searching for the next optimal point.

================================================================================
Trial with parameters:
  features: Centr_Nucl
  data_point_length: 500
  step_size: 0.25
  bin_size: 1
  sample_fraction: 0.25
  moving_average: False
  first_layer_size_factor: 150
  num_layers: 1
  use_conv: False
  conv_channel: 16
  pool_size: 2
  kernel_size: 9
  epochs: 30
  batch_size: 64
  pi_threshold: 0.644292758800471
  learning_rate: 0.00024795309463161843
  dropout_rate: 0.0
  masked_recon_weight: 0.2500795899375393
  regularizer: none
  regularization_weight: 1e-05
================================================================================

Creating datasets with:
  features: ['Centr', 'Nucl']
  bin_size: 1
  moving_average: False
  data_point_length: 500 (from 500)
  step_size: 125 (from fraction 0.25)
  layers: [np.int64(2400)] (first=2400, num=1)
  stride: 1 (fixed), padding: same (fixed)


Clipping outliers using 95th percentile * 1.5...
strain_yTW001: Clipping values above 134.25 (P95=89.50). Clipped 27529/1193409 values (2.31%)
strain_FD: Clipping values above 71.92 (P95=47.94). Clipped 95791/4127807 values (2.32%)
strain_dnrp: Clipping values above 243.00 (P95=162.00). Clipped 25649/1119454 values (2.29%)
strain_yEK19: Clipping values above 77.10 (P95=51.40). Clipped 83713/3893623 values (2.15%)
strain_yEK23: Clipping values above 72.00 (P95=48.00). Clipped 86381/3558407 values (2.43%)
strain_yWT03a: Clipping values above 15.00 (P95=10.00). Clipped 10602/347679 values (3.05%)
strain_yWT04a: Clipping values above 58.50 (P95=39.00). Clipped 21095/725406 values (2.91%)
strain_ylic137: Clipping values above 142.50 (P95=95.00). Clipped 28746/1112684 values (2.58%)
Standardizing features: ['Centr', 'Nucl']
Column order in final array (Dataset/Chrom split): ['Value', 'Nucleosome_Distance', 'Centromere_Distance', 'Value_Raw', 'Size_Factor']
Removing 0 empty data points out of 533744
Column order in final array (Dataset/Chrom split): ['Value', 'Nucleosome_Distance', 'Centromere_Distance', 'Value_Raw', 'Size_Factor']
Removing 0 empty data points out of 142392
Column order in final array (Dataset/Chrom split): ['Value', 'Nucleosome_Distance', 'Centromere_Distance', 'Value_Raw', 'Size_Factor']
Removing 0 empty data points out of 96112
Datasets created:
  Train: (533744, 500, 5), Val: (142392, 500, 5), Test: (96112, 500, 5)

Randomly sampled 133436/533744 samples (25.0%)
Applied denoising with 15.0% masking
Applied denoising with 15.0% masking
Applied denoising with 15.0% masking
Epoch [1/30], Total Loss: 158.9308, NLL: 1.0513, Masked: 631.3170
Epoch [2/30], Total Loss: 149.1820, NLL: 0.9893, Masked: 592.5819
Epoch [3/30], Total Loss: 200.6297, NLL: 0.9786, Masked: 798.3500
Epoch [4/30], Total Loss: 358.6846, NLL: 0.9698, Masked: 1430.4038
Epoch [5/30], Total Loss: 467.0602, NLL: 0.9591, Masked: 1863.8109
Epoch [6/30], Total Loss: 884.5856, NLL: 0.9507, Masked: 3533.4147
Epoch [7/30], Total Loss: 629.1742, NLL: 0.9362, Masked: 2512.1523
Epoch [8/30], Total Loss: 266.5066, NLL: 0.9267, Masked: 1061.9811
Epoch [9/30], Total Loss: 404.5150, NLL: 0.9183, Masked: 1613.8732
Epoch [10/30], Total Loss: 128.8171, NLL: 0.9091, Masked: 511.4692
Epoch [11/30], Total Loss: 560.6079, NLL: 0.8997, Masked: 2238.1201
Epoch [12/30], Total Loss: 717.3425, NLL: 0.8990, Masked: 2864.8618
Epoch [13/30], Total Loss: 1055.6378, NLL: 0.8949, Masked: 4217.6286
Epoch [14/30], Total Loss: 231.1399, NLL: 0.8916, Masked: 920.6999
Epoch [15/30], Total Loss: 648.5804, NLL: 0.8882, Masked: 2589.9443
Epoch [16/30], Total Loss: 774.7432, NLL: 0.8866, Masked: 3094.4413
Epoch [17/30], Total Loss: 523.3494, NLL: 0.8857, Masked: 2089.1899
Epoch [18/30], Total Loss: 603.5462, NLL: 0.8838, Masked: 2409.8825
Epoch [19/30], Total Loss: 558.9672, NLL: 0.8810, Masked: 2231.6342
Epoch [20/30], Total Loss: 881.0097, NLL: 0.8816, Masked: 3519.3918
Epoch [21/30], Total Loss: 1000.6624, NLL: 0.8795, Masked: 3997.8586
Epoch [22/30], Total Loss: 1162.1935, NLL: 0.8799, Masked: 4643.7758
Epoch [23/30], Total Loss: 910.7886, NLL: 0.8810, Masked: 3638.4717
Epoch [24/30], Total Loss: 658.8795, NLL: 0.8777, Masked: 2631.1694
Epoch [25/30], Total Loss: 565.0001, NLL: 0.8785, Masked: 2255.7682
Epoch [26/30], Total Loss: 1408.1483, NLL: 0.8774, Masked: 5627.2914
Epoch [27/30], Total Loss: 608.7601, NLL: 0.8780, Masked: 2430.7542
Epoch [28/30], Total Loss: 876.2949, NLL: 0.8772, Masked: 3500.5559
Epoch [29/30], Total Loss: 885.4975, NLL: 0.8773, Masked: 3537.3544
Epoch [30/30], Total Loss: 886.4917, NLL: 0.8760, Masked: 3541.3352

==================================================
EVALUATING ON TRAINING DATA
==================================================

==================================================
TEST RESULTS
==================================================
Total Loss: 3.579886
  - ZINB NLL: 0.874276
Total number of masked values: 1559607
  - Number of values with pi >= 0.644292758800471: 745900
  - Number of values with pi < 0.644292758800471: 813707
  - Masked Reconstruction: 10.818996
Mean Absolute Error (MAE): 2.875344
R² Score: -609.315063
==================================================


==================================================
TEST RESULTS
==================================================
Total Loss: 4.368740
  - ZINB NLL: 0.854947
Total number of masked values: 1706447
  - Number of values with pi >= 0.644292758800471: 827613
  - Number of values with pi < 0.644292758800471: 878834
  - Masked Reconstruction: 14.050699
Mean Absolute Error (MAE): 3.022767
R² Score: -19.472584
==================================================


>>> Optimizing zinb_nll on VALIDATION set: 0.854947
>>> Full validation metrics: {'total_loss': 4.368740483236899, 'zinb_nll': 0.8549473416762403, 'mae': 3.0227668285369873, 'r2': -19.472583770751953, 'masked_loss': 14.050698708869064}

Iteration No: 42 ended. Search finished for the next optimal point.
Time taken: 1137.1030
Function value obtained: 0.8549
Current minimum: 0.8549
Iteration No: 43 started. Searching for the next optimal point.

================================================================================
Trial with parameters:
  features: Nucl
  data_point_length: 500
  step_size: 0.6961132766020978
  bin_size: 1
  sample_fraction: 0.33449261188474133
  moving_average: False
  first_layer_size_factor: 150
  num_layers: 1
  use_conv: False
  conv_channel: 16
  pool_size: 2
  kernel_size: 5
  epochs: 30
  batch_size: 64
  pi_threshold: 0.5143337444958187
  learning_rate: 0.001095096303080689
  dropout_rate: 0.0
  masked_recon_weight: 0.001
  regularizer: none
  regularization_weight: 1e-05
================================================================================

Creating datasets with:
  features: ['Nucl']
  bin_size: 1
  moving_average: False
  data_point_length: 500 (from 500)
  step_size: 348 (from fraction 0.6961132766020978)
  layers: [np.int64(2400)] (first=2400, num=1)
  stride: 1 (fixed), padding: same (fixed)


Clipping outliers using 95th percentile * 1.5...
strain_yTW001: Clipping values above 134.25 (P95=89.50). Clipped 27529/1193409 values (2.31%)
strain_FD: Clipping values above 71.92 (P95=47.94). Clipped 95791/4127807 values (2.32%)
strain_dnrp: Clipping values above 243.00 (P95=162.00). Clipped 25649/1119454 values (2.29%)
strain_yEK19: Clipping values above 77.10 (P95=51.40). Clipped 83713/3893623 values (2.15%)
strain_yEK23: Clipping values above 72.00 (P95=48.00). Clipped 86381/3558407 values (2.43%)
strain_yWT03a: Clipping values above 15.00 (P95=10.00). Clipped 10602/347679 values (3.05%)
strain_yWT04a: Clipping values above 58.50 (P95=39.00). Clipped 21095/725406 values (2.91%)
strain_ylic137: Clipping values above 142.50 (P95=95.00). Clipped 28746/1112684 values (2.58%)
Standardizing features: ['Nucl']
Column order in final array (Dataset/Chrom split): ['Value', 'Nucleosome_Distance', 'Value_Raw', 'Size_Factor']
Removing 0 empty data points out of 191784
Column order in final array (Dataset/Chrom split): ['Value', 'Nucleosome_Distance', 'Value_Raw', 'Size_Factor']
Removing 0 empty data points out of 51168
Column order in final array (Dataset/Chrom split): ['Value', 'Nucleosome_Distance', 'Value_Raw', 'Size_Factor']
Removing 0 empty data points out of 34552
Datasets created:
  Train: (191784, 500, 4), Val: (51168, 500, 4), Test: (34552, 500, 4)

Randomly sampled 64150/191784 samples (33.4%)
Applied denoising with 15.0% masking
Applied denoising with 15.0% masking
Applied denoising with 15.0% masking
Epoch [1/30], Total Loss: 205.4577, NLL: 0.9562, Masked: 204501.4897
Epoch [2/30], Total Loss: 219.7231, NLL: 0.8860, Masked: 218837.0543
Epoch [3/30], Total Loss: 140.4343, NLL: 0.8624, Masked: 139571.8700
Epoch [4/30], Total Loss: 107.2273, NLL: 0.8402, Masked: 106387.0725
Epoch [5/30], Total Loss: 107.9396, NLL: 0.8333, Masked: 107106.2898
Epoch [6/30], Total Loss: 93.1669, NLL: 0.8225, Masked: 92344.3795
Epoch [7/30], Total Loss: 86.5845, NLL: 0.8264, Masked: 85758.0486
Epoch [8/30], Total Loss: 97.9852, NLL: 0.8190, Masked: 97166.1223
Epoch [9/30], Total Loss: 99.4510, NLL: 0.8051, Masked: 98645.8824
Epoch [10/30], Total Loss: 72.9091, NLL: 0.7999, Masked: 72109.1399
Epoch [11/30], Total Loss: 57.4199, NLL: 0.7995, Masked: 56620.3756
Epoch [12/30], Total Loss: 77.3866, NLL: 0.7929, Masked: 76593.6913
Epoch [13/30], Total Loss: 79.1341, NLL: 0.8167, Masked: 78317.4029
Epoch [14/30], Total Loss: 78.5808, NLL: 0.7836, Masked: 77797.1421
Epoch [15/30], Total Loss: 85.7879, NLL: 0.7696, Masked: 85018.3163
Epoch [16/30], Total Loss: 75.2599, NLL: 0.7782, Masked: 74481.7607
Epoch [17/30], Total Loss: 63.7635, NLL: 0.7661, Masked: 62997.4343
Epoch [18/30], Total Loss: 67.9574, NLL: 0.7933, Masked: 67164.1332
Epoch [19/30], Total Loss: 72.3619, NLL: 0.7781, Masked: 71583.8562
Epoch [20/30], Total Loss: 84.8083, NLL: 0.7751, Masked: 84033.2722
Epoch [21/30], Total Loss: 71.1984, NLL: 0.7806, Masked: 70417.7957
Epoch [22/30], Total Loss: 77.1168, NLL: 0.7583, Masked: 76358.4746
Epoch [23/30], Total Loss: 62.8672, NLL: 0.7872, Masked: 62079.9566
Epoch [24/30], Total Loss: 72.0189, NLL: 0.7561, Masked: 71262.7683
Epoch [25/30], Total Loss: 67.9501, NLL: 0.7367, Masked: 67213.4010
Epoch [26/30], Total Loss: 75.8002, NLL: 0.7355, Masked: 75064.7155
Epoch [27/30], Total Loss: 72.0860, NLL: 0.7732, Masked: 71312.8643
Epoch [28/30], Total Loss: 64.3924, NLL: 0.7739, Masked: 63618.4590
Epoch [29/30], Total Loss: 64.1533, NLL: 0.7795, Masked: 63373.8310
Epoch [30/30], Total Loss: 77.1036, NLL: 0.7660, Masked: 76337.5447

==================================================
EVALUATING ON TRAINING DATA
==================================================

==================================================
TEST RESULTS
==================================================
Total Loss: 145.532142
  - ZINB NLL: 0.760800
Total number of masked values: 748500
  - Number of values with pi >= 0.5143337444958187: 393590
  - Number of values with pi < 0.5143337444958187: 354910
  - Masked Reconstruction: 144771.334536
Mean Absolute Error (MAE): 44921.605469
R² Score: -183592222720.000000
==================================================


==================================================
TEST RESULTS
==================================================
Total Loss: 7.916217
  - ZINB NLL: 0.860799
Total number of masked values: 614055
  - Number of values with pi >= 0.5143337444958187: 397209
  - Number of values with pi < 0.5143337444958187: 216846
  - Masked Reconstruction: 7055.418054
Mean Absolute Error (MAE): 3633.306396
R² Score: -13020320768.000000
==================================================


>>> Optimizing zinb_nll on VALIDATION set: 0.860799
>>> Full validation metrics: {'total_loss': 7.9162173470886446, 'zinb_nll': 0.8607990939014029, 'mae': 3633.306396484375, 'r2': -13020320768.0, 'masked_loss': 7055.418053806835}

Iteration No: 43 ended. Search finished for the next optimal point.
Time taken: 968.4990
Function value obtained: 0.8608
Current minimum: 0.8549
Iteration No: 44 started. Searching for the next optimal point.

================================================================================
Trial with parameters:
  features: Centr_Nucl
  data_point_length: 500
  step_size: 0.7441158543954823
  bin_size: 1
  sample_fraction: 0.25
  moving_average: False
  first_layer_size_factor: 150
  num_layers: 1
  use_conv: False
  conv_channel: 16
  pool_size: 2
  kernel_size: 9
  epochs: 30
  batch_size: 64
  pi_threshold: 0.6749435431486666
  learning_rate: 0.0005955216341322327
  dropout_rate: 0.0
  masked_recon_weight: 0.01046711880372296
  regularizer: none
  regularization_weight: 1e-05
================================================================================

Creating datasets with:
  features: ['Centr', 'Nucl']
  bin_size: 1
  moving_average: False
  data_point_length: 500 (from 500)
  step_size: 372 (from fraction 0.7441158543954823)
  layers: [np.int64(2400)] (first=2400, num=1)
  stride: 1 (fixed), padding: same (fixed)


Clipping outliers using 95th percentile * 1.5...
strain_yTW001: Clipping values above 134.25 (P95=89.50). Clipped 27529/1193409 values (2.31%)
strain_FD: Clipping values above 71.92 (P95=47.94). Clipped 95791/4127807 values (2.32%)
strain_dnrp: Clipping values above 243.00 (P95=162.00). Clipped 25649/1119454 values (2.29%)
strain_yEK19: Clipping values above 77.10 (P95=51.40). Clipped 83713/3893623 values (2.15%)
strain_yEK23: Clipping values above 72.00 (P95=48.00). Clipped 86381/3558407 values (2.43%)
strain_yWT03a: Clipping values above 15.00 (P95=10.00). Clipped 10602/347679 values (3.05%)
strain_yWT04a: Clipping values above 58.50 (P95=39.00). Clipped 21095/725406 values (2.91%)
strain_ylic137: Clipping values above 142.50 (P95=95.00). Clipped 28746/1112684 values (2.58%)
Standardizing features: ['Centr', 'Nucl']
Column order in final array (Dataset/Chrom split): ['Value', 'Nucleosome_Distance', 'Centromere_Distance', 'Value_Raw', 'Size_Factor']
Removing 0 empty data points out of 179424
Column order in final array (Dataset/Chrom split): ['Value', 'Nucleosome_Distance', 'Centromere_Distance', 'Value_Raw', 'Size_Factor']
Removing 0 empty data points out of 47872
Column order in final array (Dataset/Chrom split): ['Value', 'Nucleosome_Distance', 'Centromere_Distance', 'Value_Raw', 'Size_Factor']
Removing 0 empty data points out of 32328
Datasets created:
  Train: (179424, 500, 5), Val: (47872, 500, 5), Test: (32328, 500, 5)

Randomly sampled 44856/179424 samples (25.0%)
Applied denoising with 15.0% masking
Applied denoising with 15.0% masking
Applied denoising with 15.0% masking
Epoch [1/30], Total Loss: 213.3895, NLL: 1.0173, Masked: 20289.4674
Epoch [2/30], Total Loss: 1396.3600, NLL: 0.9548, Masked: 133313.2117
Epoch [3/30], Total Loss: 1529.6024, NLL: 0.9152, Masked: 146046.6087
Epoch [4/30], Total Loss: 1351.0164, NLL: 1.2251, Masked: 128955.3828
Epoch [5/30], Total Loss: 965.5902, NLL: 0.9577, Masked: 92158.3593
Epoch [6/30], Total Loss: 1007.0423, NLL: 1.0374, Masked: 96110.9655
Epoch [7/30], Total Loss: 981.2520, NLL: 0.9324, Masked: 93657.0651
Epoch [8/30], Total Loss: 597.8474, NLL: 0.8484, Masked: 57035.6615
Epoch [9/30], Total Loss: 978.6585, NLL: 1.1018, Masked: 93393.1033
Epoch [10/30], Total Loss: 553.4050, NLL: 0.9040, Masked: 52784.4409
Epoch [11/30], Total Loss: 674.3916, NLL: 0.9729, Masked: 64336.5891
Epoch [12/30], Total Loss: 611.9305, NLL: 0.8976, Masked: 58376.4163
Epoch [13/30], Total Loss: 545.6712, NLL: 0.8892, Masked: 52046.9819
Epoch [14/30], Total Loss: 666.9441, NLL: 1.0061, Masked: 63621.9027
Epoch [15/30], Total Loss: 556.0790, NLL: 0.8408, Masked: 53045.9430
Epoch [16/30], Total Loss: 797.7146, NLL: 0.9580, Masked: 76119.9584
Epoch [17/30], Total Loss: 384.6124, NLL: 1.0248, Masked: 36646.9138
Epoch [18/30], Total Loss: 686.4998, NLL: 0.9232, Masked: 65498.1221
Epoch [19/30], Total Loss: 568.3712, NLL: 0.9629, Masked: 54208.6435
Epoch [20/30], Total Loss: 348.2096, NLL: 0.8358, Masked: 33187.1401
Epoch [21/30], Total Loss: 669.1471, NLL: 0.8388, Masked: 63848.3561
Epoch [22/30], Total Loss: 700.9216, NLL: 1.1087, Masked: 66858.2142
Epoch [23/30], Total Loss: 481.5549, NLL: 0.8406, Masked: 45926.1329
Epoch [24/30], Total Loss: 827.7241, NLL: 0.9877, Masked: 78984.1427
Epoch [25/30], Total Loss: 422.7981, NLL: 0.8284, Masked: 40313.8415
Epoch [26/30], Total Loss: 769.2783, NLL: 0.8197, Masked: 73416.4383
Epoch [27/30], Total Loss: 784.8089, NLL: 1.2087, Masked: 74863.0312
Epoch [28/30], Total Loss: 541.6706, NLL: 0.8966, Masked: 51664.0708
Epoch [29/30], Total Loss: 816.1739, NLL: 0.9083, Masked: 77888.2612
Epoch [30/30], Total Loss: 763.0439, NLL: 0.8294, Masked: 72819.8940

==================================================
EVALUATING ON TRAINING DATA
==================================================

==================================================
TEST RESULTS
==================================================
Total Loss: 305.206567
  - ZINB NLL: 0.817731
Total number of masked values: 530392
  - Number of values with pi >= 0.6749435431486666: 228256
  - Number of values with pi < 0.6749435431486666: 302136
  - Masked Reconstruction: 29080.480292
Mean Absolute Error (MAE): 10308.958984
R² Score: -41719066624.000000
==================================================


==================================================
TEST RESULTS
==================================================
Total Loss: 0.981043
  - ZINB NLL: 0.831000
Total number of masked values: 574530
  - Number of values with pi >= 0.6749435431486666: 260380
  - Number of values with pi < 0.6749435431486666: 314150
  - Masked Reconstruction: 14.334705
Mean Absolute Error (MAE): 13.246902
R² Score: -94636.929688
==================================================


>>> Optimizing zinb_nll on VALIDATION set: 0.831000
>>> Full validation metrics: {'total_loss': 0.9810428753156554, 'zinb_nll': 0.8309998184263228, 'mae': 13.246901512145996, 'r2': -94636.9296875, 'masked_loss': 14.334704983999385}

Iteration No: 44 ended. Search finished for the next optimal point.
Time taken: 944.0213
Function value obtained: 0.8310
Current minimum: 0.8310
Iteration No: 45 started. Searching for the next optimal point.

================================================================================
Trial with parameters:
  features: Centr_Nucl
  data_point_length: 500
  step_size: 0.5880154530933202
  bin_size: 1
  sample_fraction: 0.25
  moving_average: True
  first_layer_size_factor: 150
  num_layers: 1
  use_conv: False
  conv_channel: 16
  pool_size: 2
  kernel_size: 9
  epochs: 30
  batch_size: 64
  pi_threshold: 0.6509024916860318
  learning_rate: 0.0016164355592767708
  dropout_rate: 0.0
  masked_recon_weight: 0.6612886738618919
  regularizer: none
  regularization_weight: 1e-05
================================================================================

Creating datasets with:
  features: ['Centr', 'Nucl']
  bin_size: 1
  moving_average: True
  data_point_length: 500 (from 500)
  step_size: 294 (from fraction 0.5880154530933202)
  layers: [np.int64(2400)] (first=2400, num=1)
  stride: 1 (fixed), padding: same (fixed)


Clipping outliers using 95th percentile * 1.5...
strain_yTW001: Clipping values above 134.25 (P95=89.50). Clipped 27529/1193409 values (2.31%)
strain_FD: Clipping values above 71.92 (P95=47.94). Clipped 95791/4127807 values (2.32%)
strain_dnrp: Clipping values above 243.00 (P95=162.00). Clipped 25649/1119454 values (2.29%)
strain_yEK19: Clipping values above 77.10 (P95=51.40). Clipped 83713/3893623 values (2.15%)
strain_yEK23: Clipping values above 72.00 (P95=48.00). Clipped 86381/3558407 values (2.43%)
strain_yWT03a: Clipping values above 15.00 (P95=10.00). Clipped 10602/347679 values (3.05%)
strain_yWT04a: Clipping values above 58.50 (P95=39.00). Clipped 21095/725406 values (2.91%)
strain_ylic137: Clipping values above 142.50 (P95=95.00). Clipped 28746/1112684 values (2.58%)
Standardizing features: ['Centr', 'Nucl']
Column order in final array (Dataset/Chrom split): ['Value', 'Nucleosome_Distance', 'Centromere_Distance', 'Value_Raw', 'Size_Factor']
Removing 0 empty data points out of 227000
Column order in final array (Dataset/Chrom split): ['Value', 'Nucleosome_Distance', 'Centromere_Distance', 'Value_Raw', 'Size_Factor']
Removing 0 empty data points out of 60560
Column order in final array (Dataset/Chrom split): ['Value', 'Nucleosome_Distance', 'Centromere_Distance', 'Value_Raw', 'Size_Factor']
Removing 0 empty data points out of 40896
Datasets created:
  Train: (227000, 500, 5), Val: (60560, 500, 5), Test: (40896, 500, 5)

Randomly sampled 56750/227000 samples (25.0%)
Applied denoising with 15.0% masking
Applied denoising with 15.0% masking
Applied denoising with 15.0% masking
Epoch [1/30], Total Loss: 101938.4173, NLL: 2.1321, Masked: 154147.9367
Epoch [2/30], Total Loss: 66438.1133, NLL: 1.6503, Masked: 100465.1448
Epoch [3/30], Total Loss: 139680.6854, NLL: 1.5843, Masked: 211222.5808
Epoch [4/30], Total Loss: 124765.7811, NLL: 1.5906, Masked: 188668.2694
Epoch [5/30], Total Loss: 99798.2852, NLL: 1.5712, Masked: 150912.4794
Epoch [6/30], Total Loss: 128391.7984, NLL: 1.5679, Masked: 194151.5636
Epoch [7/30], Total Loss: 241088.5194, NLL: 1.5743, Masked: 364571.4088
Epoch [8/30], Total Loss: 35082.1821, NLL: 1.5795, Masked: 53048.8479
Epoch [9/30], Total Loss: 25538.6489, NLL: 1.5678, Masked: 38617.1455
Epoch [10/30], Total Loss: 38346.9890, NLL: 1.5798, Masked: 57985.8849
Epoch [11/30], Total Loss: 49963.1194, NLL: 1.5891, Masked: 75551.7702
Epoch [12/30], Total Loss: 21969.1071, NLL: 1.5886, Masked: 33219.2566
Epoch [13/30], Total Loss: 26935.8817, NLL: 1.5909, Masked: 40730.0044
Epoch [14/30], Total Loss: 74326.7726, NLL: 1.5975, Masked: 112394.4462
Epoch [15/30], Total Loss: 29081.8683, NLL: 1.5978, Masked: 43975.1524
Epoch [16/30], Total Loss: 18836.0011, NLL: 1.6028, Masked: 28481.3559
Epoch [17/30], Total Loss: 42303.5013, NLL: 1.6057, Masked: 63968.8792
Epoch [18/30], Total Loss: 36475.6887, NLL: 1.6084, Masked: 55156.0631
Epoch [19/30], Total Loss: 33650.2079, NLL: 1.6072, Masked: 50883.3767
Epoch [20/30], Total Loss: 30572.2095, NLL: 1.6110, Masked: 46228.8245
Epoch [21/30], Total Loss: 32867.8944, NLL: 1.6048, Masked: 49700.3663
Epoch [22/30], Total Loss: 67795.3857, NLL: 1.6082, Masked: 102517.6742
Epoch [23/30], Total Loss: 46362.5842, NLL: 1.6031, Masked: 70107.0236
Epoch [24/30], Total Loss: 31304.6608, NLL: 1.6114, Masked: 47336.4365
Epoch [25/30], Total Loss: 28201.4201, NLL: 1.6056, Masked: 42643.7279
Epoch [26/30], Total Loss: 22392.8725, NLL: 1.6071, Masked: 33860.0467
Epoch [27/30], Total Loss: 30160.6944, NLL: 1.6058, Masked: 45606.5402
Epoch [28/30], Total Loss: 34312.3541, NLL: 1.6043, Masked: 51884.6775
Epoch [29/30], Total Loss: 23186.9680, NLL: 1.6132, Masked: 35060.8679
Epoch [30/30], Total Loss: 38043.0671, NLL: 1.6177, Masked: 57526.2369

==================================================
EVALUATING ON TRAINING DATA
==================================================

==================================================
TEST RESULTS
==================================================
Total Loss: 28265.813023
  - ZINB NLL: 1.594471
Total number of masked values: 663139
  - Number of values with pi >= 0.6509024916860318: 190721
  - Number of values with pi < 0.6509024916860318: 472418
  - Masked Reconstruction: 42741.120053
Mean Absolute Error (MAE): 12264.159180
R² Score: -49409617920.000000
==================================================


==================================================
TEST RESULTS
==================================================
Total Loss: 5471.181532
  - ZINB NLL: 1.456593
Total number of masked values: 725711
  - Number of values with pi >= 0.6509024916860318: 255469
  - Number of values with pi < 0.6509024916860318: 470242
  - Masked Reconstruction: 8271.311917
Mean Absolute Error (MAE): 5452.725098
R² Score: -20839757824.000000
==================================================


>>> Optimizing zinb_nll on VALIDATION set: 1.456593
>>> Full validation metrics: {'total_loss': 5471.181532331061, 'zinb_nll': 1.4565930187623441, 'mae': 5452.72509765625, 'r2': -20839757824.0, 'masked_loss': 8271.311916844155}

Iteration No: 45 ended. Search finished for the next optimal point.
Time taken: 682.8960
Function value obtained: 1.4566
Current minimum: 0.8310
Iteration No: 46 started. Searching for the next optimal point.

================================================================================
Trial with parameters:
  features: Centr_Nucl
  data_point_length: 500
  step_size: 1.0
  bin_size: 1
  sample_fraction: 0.25
  moving_average: False
  first_layer_size_factor: 150
  num_layers: 1
  use_conv: False
  conv_channel: 16
  pool_size: 2
  kernel_size: 9
  epochs: 30
  batch_size: 64
  pi_threshold: 0.7
  learning_rate: 1e-05
  dropout_rate: 0.5
  masked_recon_weight: 0.001
  regularizer: none
  regularization_weight: 1e-05
================================================================================

Creating datasets with:
  features: ['Centr', 'Nucl']
  bin_size: 1
  moving_average: False
  data_point_length: 500 (from 500)
  step_size: 500 (from fraction 1.0)
  layers: [np.int64(2400)] (first=2400, num=1)
  stride: 1 (fixed), padding: same (fixed)


Clipping outliers using 95th percentile * 1.5...
strain_yTW001: Clipping values above 134.25 (P95=89.50). Clipped 27529/1193409 values (2.31%)
strain_FD: Clipping values above 71.92 (P95=47.94). Clipped 95791/4127807 values (2.32%)
strain_dnrp: Clipping values above 243.00 (P95=162.00). Clipped 25649/1119454 values (2.29%)
strain_yEK19: Clipping values above 77.10 (P95=51.40). Clipped 83713/3893623 values (2.15%)
strain_yEK23: Clipping values above 72.00 (P95=48.00). Clipped 86381/3558407 values (2.43%)
strain_yWT03a: Clipping values above 15.00 (P95=10.00). Clipped 10602/347679 values (3.05%)
strain_yWT04a: Clipping values above 58.50 (P95=39.00). Clipped 21095/725406 values (2.91%)
strain_ylic137: Clipping values above 142.50 (P95=95.00). Clipped 28746/1112684 values (2.58%)
Standardizing features: ['Centr', 'Nucl']
Column order in final array (Dataset/Chrom split): ['Value', 'Nucleosome_Distance', 'Centromere_Distance', 'Value_Raw', 'Size_Factor']
Removing 0 empty data points out of 133512
Column order in final array (Dataset/Chrom split): ['Value', 'Nucleosome_Distance', 'Centromere_Distance', 'Value_Raw', 'Size_Factor']
Removing 0 empty data points out of 35624
Column order in final array (Dataset/Chrom split): ['Value', 'Nucleosome_Distance', 'Centromere_Distance', 'Value_Raw', 'Size_Factor']
Removing 0 empty data points out of 24064
Datasets created:
  Train: (133512, 500, 5), Val: (35624, 500, 5), Test: (24064, 500, 5)

Randomly sampled 33378/133512 samples (25.0%)
Applied denoising with 15.0% masking
Applied denoising with 15.0% masking
Applied denoising with 15.0% masking
Epoch [1/30], Total Loss: 1.4294, NLL: 1.4105, Masked: 18.8957
Epoch [2/30], Total Loss: 1.1681, NLL: 1.1518, Masked: 16.2766
Epoch [3/30], Total Loss: 1.1066, NLL: 1.0914, Masked: 15.1304
Epoch [4/30], Total Loss: 1.0927, NLL: 1.0777, Masked: 14.9266
Epoch [5/30], Total Loss: 1.0853, NLL: 1.0704, Masked: 14.8690
Epoch [6/30], Total Loss: 1.0792, NLL: 1.0644, Masked: 14.8646
Epoch [7/30], Total Loss: 1.0723, NLL: 1.0575, Masked: 14.8163
Epoch [8/30], Total Loss: 1.0620, NLL: 1.0473, Masked: 14.6827
Epoch [9/30], Total Loss: 1.0478, NLL: 1.0334, Masked: 14.4928
Epoch [10/30], Total Loss: 1.0312, NLL: 1.0170, Masked: 14.2101
Epoch [11/30], Total Loss: 1.0164, NLL: 1.0024, Masked: 13.9953
Epoch [12/30], Total Loss: 1.0048, NLL: 0.9909, Masked: 13.8405
Epoch [13/30], Total Loss: 0.9957, NLL: 0.9820, Masked: 13.6819
Epoch [14/30], Total Loss: 0.9883, NLL: 0.9747, Masked: 13.5773
Epoch [15/30], Total Loss: 0.9820, NLL: 0.9686, Masked: 13.4485
Epoch [16/30], Total Loss: 0.9767, NLL: 0.9634, Masked: 13.3521
Epoch [17/30], Total Loss: 0.9722, NLL: 0.9589, Masked: 13.2549
Epoch [18/30], Total Loss: 0.9680, NLL: 0.9549, Masked: 13.1570
Epoch [19/30], Total Loss: 0.9645, NLL: 0.9514, Masked: 13.1041
Epoch [20/30], Total Loss: 0.9609, NLL: 0.9479, Masked: 13.0097
Epoch [21/30], Total Loss: 0.9577, NLL: 0.9448, Masked: 12.9766
Epoch [22/30], Total Loss: 0.9549, NLL: 0.9420, Masked: 12.9090
Epoch [23/30], Total Loss: 0.9523, NLL: 0.9395, Masked: 12.8597
Epoch [24/30], Total Loss: 0.9500, NLL: 0.9371, Masked: 12.8116
Epoch [25/30], Total Loss: 0.9477, NLL: 0.9350, Masked: 12.7361
Epoch [26/30], Total Loss: 0.9456, NLL: 0.9329, Masked: 12.7275
Epoch [27/30], Total Loss: 0.9437, NLL: 0.9310, Masked: 12.6911
Epoch [28/30], Total Loss: 0.9419, NLL: 0.9292, Masked: 12.6576
Epoch [29/30], Total Loss: 0.9401, NLL: 0.9274, Masked: 12.6250
Epoch [30/30], Total Loss: 0.9383, NLL: 0.9257, Masked: 12.6065

==================================================
EVALUATING ON TRAINING DATA
==================================================

==================================================
TEST RESULTS
==================================================
Total Loss: 0.935519
  - ZINB NLL: 0.922968
Total number of masked values: 393216
  - Number of values with pi >= 0.7: 200588
  - Number of values with pi < 0.7: 192628
  - Masked Reconstruction: 12.550373
Mean Absolute Error (MAE): 3.283723
R² Score: 0.064972
==================================================


==================================================
TEST RESULTS
==================================================
Total Loss: 0.966262
  - ZINB NLL: 0.952255
Total number of masked values: 427283
  - Number of values with pi >= 0.7: 207900
  - Number of values with pi < 0.7: 219383
  - Masked Reconstruction: 14.006956
Mean Absolute Error (MAE): 3.637382
R² Score: 0.036551
==================================================


>>> Optimizing zinb_nll on VALIDATION set: 0.952255
>>> Full validation metrics: {'total_loss': 0.9662617945601478, 'zinb_nll': 0.9522548398756322, 'mae': 3.6373817920684814, 'r2': 0.03655052185058594, 'masked_loss': 14.006955941553842}

Iteration No: 46 ended. Search finished for the next optimal point.
Time taken: 920.5221
Function value obtained: 0.9523
Current minimum: 0.8310
Iteration No: 47 started. Searching for the next optimal point.

================================================================================
Trial with parameters:
  features: Centr_Nucl
  data_point_length: 500
  step_size: 1.0
  bin_size: 1
  sample_fraction: 0.25
  moving_average: False
  first_layer_size_factor: 150
  num_layers: 1
  use_conv: False
  conv_channel: 16
  pool_size: 2
  kernel_size: 9
  epochs: 30
  batch_size: 128
  pi_threshold: 0.7
  learning_rate: 0.00027992492661195483
  dropout_rate: 0.0
  masked_recon_weight: 0.001
  regularizer: none
  regularization_weight: 1e-05
================================================================================

Creating datasets with:
  features: ['Centr', 'Nucl']
  bin_size: 1
  moving_average: False
  data_point_length: 500 (from 500)
  step_size: 500 (from fraction 1.0)
  layers: [np.int64(2400)] (first=2400, num=1)
  stride: 1 (fixed), padding: same (fixed)


Clipping outliers using 95th percentile * 1.5...
strain_yTW001: Clipping values above 134.25 (P95=89.50). Clipped 27529/1193409 values (2.31%)
strain_FD: Clipping values above 71.92 (P95=47.94). Clipped 95791/4127807 values (2.32%)
strain_dnrp: Clipping values above 243.00 (P95=162.00). Clipped 25649/1119454 values (2.29%)
strain_yEK19: Clipping values above 77.10 (P95=51.40). Clipped 83713/3893623 values (2.15%)
strain_yEK23: Clipping values above 72.00 (P95=48.00). Clipped 86381/3558407 values (2.43%)
strain_yWT03a: Clipping values above 15.00 (P95=10.00). Clipped 10602/347679 values (3.05%)
strain_yWT04a: Clipping values above 58.50 (P95=39.00). Clipped 21095/725406 values (2.91%)
strain_ylic137: Clipping values above 142.50 (P95=95.00). Clipped 28746/1112684 values (2.58%)
Standardizing features: ['Centr', 'Nucl']
Column order in final array (Dataset/Chrom split): ['Value', 'Nucleosome_Distance', 'Centromere_Distance', 'Value_Raw', 'Size_Factor']
Removing 0 empty data points out of 133512
Column order in final array (Dataset/Chrom split): ['Value', 'Nucleosome_Distance', 'Centromere_Distance', 'Value_Raw', 'Size_Factor']
Removing 0 empty data points out of 35624
Column order in final array (Dataset/Chrom split): ['Value', 'Nucleosome_Distance', 'Centromere_Distance', 'Value_Raw', 'Size_Factor']
Removing 0 empty data points out of 24064
Datasets created:
  Train: (133512, 500, 5), Val: (35624, 500, 5), Test: (24064, 500, 5)

Randomly sampled 33378/133512 samples (25.0%)
Applied denoising with 15.0% masking
Applied denoising with 15.0% masking
Applied denoising with 15.0% masking
Epoch [1/30], Total Loss: 1.0818, NLL: 1.0667, Masked: 15.1685
Epoch [2/30], Total Loss: 0.9723, NLL: 0.9496, Masked: 22.7187
Epoch [3/30], Total Loss: 0.9383, NLL: 0.9240, Masked: 14.2429
Epoch [4/30], Total Loss: 0.9346, NLL: 0.9099, Masked: 24.7402
Epoch [5/30], Total Loss: 0.8898, NLL: 0.8773, Masked: 12.5781
Epoch [6/30], Total Loss: 0.8625, NLL: 0.8501, Masked: 12.4315
Epoch [7/30], Total Loss: 0.8390, NLL: 0.8266, Masked: 12.3924
Epoch [8/30], Total Loss: 0.8278, NLL: 0.8120, Masked: 15.8781
Epoch [9/30], Total Loss: 5.4702, NLL: 0.8106, Masked: 4659.5822
Epoch [10/30], Total Loss: 30.9760, NLL: 0.8125, Masked: 30163.5531
Epoch [11/30], Total Loss: 12.4420, NLL: 0.7997, Masked: 11642.2447
Epoch [12/30], Total Loss: 25.4849, NLL: 0.7924, Masked: 24692.4869
Epoch [13/30], Total Loss: 19.5455, NLL: 0.7864, Masked: 18759.1387
Epoch [14/30], Total Loss: 80.3359, NLL: 0.7881, Masked: 79547.8531
Epoch [15/30], Total Loss: 21.4098, NLL: 0.7763, Masked: 20633.4999
Epoch [16/30], Total Loss: 37.6003, NLL: 0.7740, Masked: 36826.2855
Epoch [17/30], Total Loss: 32.1094, NLL: 0.7723, Masked: 31337.0755
Epoch [18/30], Total Loss: 30.7151, NLL: 0.7670, Masked: 29948.1594
Epoch [19/30], Total Loss: 53.5128, NLL: 0.7653, Masked: 52747.5344
Epoch [20/30], Total Loss: 29.7346, NLL: 0.7608, Masked: 28973.8002
Epoch [21/30], Total Loss: 47.0660, NLL: 0.7566, Masked: 46309.3496
Epoch [22/30], Total Loss: 19.4891, NLL: 0.7537, Masked: 18735.4661
Epoch [23/30], Total Loss: 32.6078, NLL: 0.7532, Masked: 31854.5928
Epoch [24/30], Total Loss: 109.3641, NLL: 0.7575, Masked: 108606.6505
Epoch [25/30], Total Loss: 57.7918, NLL: 0.7509, Masked: 57040.9227
Epoch [26/30], Total Loss: 54.8098, NLL: 0.7510, Masked: 54058.7919
Epoch [27/30], Total Loss: 32.0080, NLL: 0.7467, Masked: 31261.2916
Epoch [28/30], Total Loss: 48.0251, NLL: 0.7452, Masked: 47279.8471
Epoch [29/30], Total Loss: 31.7643, NLL: 0.7398, Masked: 31024.5740
Epoch [30/30], Total Loss: 55.5245, NLL: 0.7413, Masked: 54783.2232

==================================================
EVALUATING ON TRAINING DATA
==================================================

==================================================
TEST RESULTS
==================================================
Total Loss: 13.710337
  - ZINB NLL: 0.745337
Total number of masked values: 392580
  - Number of values with pi >= 0.7: 148417
  - Number of values with pi < 0.7: 244163
  - Masked Reconstruction: 12964.999438
Mean Absolute Error (MAE): 2818.047607
R² Score: -10994643968.000000
==================================================


==================================================
TEST RESULTS
==================================================
Total Loss: 0.804243
  - ZINB NLL: 0.790188
Total number of masked values: 427283
  - Number of values with pi >= 0.7: 198012
  - Number of values with pi < 0.7: 229271
  - Masked Reconstruction: 14.055370
Mean Absolute Error (MAE): 4.833836
R² Score: -154.205200
==================================================


>>> Optimizing zinb_nll on VALIDATION set: 0.790188
>>> Full validation metrics: {'total_loss': 0.8042432488737656, 'zinb_nll': 0.7901878779506833, 'mae': 4.833836078643799, 'r2': -154.2052001953125, 'masked_loss': 14.055370418832137}

Iteration No: 47 ended. Search finished for the next optimal point.
Time taken: 893.0292
Function value obtained: 0.7902
Current minimum: 0.7902
Iteration No: 48 started. Searching for the next optimal point.

================================================================================
Trial with parameters:
  features: Centr_Nucl
  data_point_length: 500
  step_size: 1.0
  bin_size: 1
  sample_fraction: 0.25
  moving_average: False
  first_layer_size_factor: 150
  num_layers: 5
  use_conv: False
  conv_channel: 16
  pool_size: 2
  kernel_size: 9
  epochs: 30
  batch_size: 32
  pi_threshold: 0.7
  learning_rate: 1e-05
  dropout_rate: 0.5
  masked_recon_weight: 0.001
  regularizer: l1
  regularization_weight: 1e-05
================================================================================

Creating datasets with:
  features: ['Centr', 'Nucl']
  bin_size: 1
  moving_average: False
  data_point_length: 500 (from 500)
  step_size: 500 (from fraction 1.0)
  layers: [np.int64(2400), np.int64(1200), np.int64(600), np.int64(300), np.int64(150)] (first=2400, num=5)
  stride: 1 (fixed), padding: same (fixed)


Clipping outliers using 95th percentile * 1.5...
strain_yTW001: Clipping values above 134.25 (P95=89.50). Clipped 27529/1193409 values (2.31%)
strain_FD: Clipping values above 71.92 (P95=47.94). Clipped 95791/4127807 values (2.32%)
strain_dnrp: Clipping values above 243.00 (P95=162.00). Clipped 25649/1119454 values (2.29%)
strain_yEK19: Clipping values above 77.10 (P95=51.40). Clipped 83713/3893623 values (2.15%)
strain_yEK23: Clipping values above 72.00 (P95=48.00). Clipped 86381/3558407 values (2.43%)
strain_yWT03a: Clipping values above 15.00 (P95=10.00). Clipped 10602/347679 values (3.05%)
strain_yWT04a: Clipping values above 58.50 (P95=39.00). Clipped 21095/725406 values (2.91%)
strain_ylic137: Clipping values above 142.50 (P95=95.00). Clipped 28746/1112684 values (2.58%)
Standardizing features: ['Centr', 'Nucl']
Column order in final array (Dataset/Chrom split): ['Value', 'Nucleosome_Distance', 'Centromere_Distance', 'Value_Raw', 'Size_Factor']
Removing 0 empty data points out of 133512
Column order in final array (Dataset/Chrom split): ['Value', 'Nucleosome_Distance', 'Centromere_Distance', 'Value_Raw', 'Size_Factor']
Removing 0 empty data points out of 35624
Column order in final array (Dataset/Chrom split): ['Value', 'Nucleosome_Distance', 'Centromere_Distance', 'Value_Raw', 'Size_Factor']
Removing 0 empty data points out of 24064
Datasets created:
  Train: (133512, 500, 5), Val: (35624, 500, 5), Test: (24064, 500, 5)

Randomly sampled 33378/133512 samples (25.0%)
Applied denoising with 15.0% masking
Applied denoising with 15.0% masking
Applied denoising with 15.0% masking
Epoch [1/30], Total Loss: 2.6339, NLL: 1.2773, Masked: 17.6955, Reg: 1.338889
Epoch [2/30], Total Loss: 2.1090, NLL: 0.9933, Masked: 13.6095, Reg: 1.102097
Epoch [3/30], Total Loss: 1.9130, NLL: 0.9763, Masked: 13.6842, Reg: 0.923021
Epoch [4/30], Total Loss: 1.7716, NLL: 0.9688, Masked: 13.7973, Reg: 0.789039
Epoch [5/30], Total Loss: 1.6623, NLL: 0.9667, Masked: 13.9195, Reg: 0.681610
Epoch [6/30], Total Loss: 1.5752, NLL: 0.9660, Masked: 13.9425, Reg: 0.595295
Epoch [7/30], Total Loss: 1.5053, NLL: 0.9655, Masked: 13.9185, Reg: 0.525909
Epoch [8/30], Total Loss: 1.4497, NLL: 0.9658, Masked: 13.9167, Reg: 0.469950
Epoch [9/30], Total Loss: 1.4051, NLL: 0.9665, Masked: 13.8874, Reg: 0.424647
Epoch [10/30], Total Loss: 1.3678, NLL: 0.9660, Masked: 13.9127, Reg: 0.387946
Epoch [11/30], Total Loss: 1.3372, NLL: 0.9660, Masked: 13.8632, Reg: 0.357297
Epoch [12/30], Total Loss: 1.3116, NLL: 0.9667, Masked: 13.8417, Reg: 0.331110
Epoch [13/30], Total Loss: 1.2890, NLL: 0.9668, Masked: 13.8585, Reg: 0.308312
Epoch [14/30], Total Loss: 1.2693, NLL: 0.9674, Masked: 13.8273, Reg: 0.288113
Epoch [15/30], Total Loss: 1.2506, NLL: 0.9668, Masked: 13.8173, Reg: 0.269949
Epoch [16/30], Total Loss: 1.2348, NLL: 0.9675, Masked: 13.8458, Reg: 0.253508
Epoch [17/30], Total Loss: 1.2199, NLL: 0.9673, Masked: 13.7880, Reg: 0.238757
Epoch [18/30], Total Loss: 1.2067, NLL: 0.9675, Masked: 13.7875, Reg: 0.225385
Epoch [19/30], Total Loss: 1.1939, NLL: 0.9670, Masked: 13.7915, Reg: 0.213095
Epoch [20/30], Total Loss: 1.1829, NLL: 0.9672, Masked: 13.7614, Reg: 0.202029
Epoch [21/30], Total Loss: 1.1733, NLL: 0.9674, Masked: 13.7973, Reg: 0.192009
Epoch [22/30], Total Loss: 1.1642, NLL: 0.9675, Masked: 13.7559, Reg: 0.182940
Epoch [23/30], Total Loss: 1.1555, NLL: 0.9672, Masked: 13.7624, Reg: 0.174561
Epoch [24/30], Total Loss: 1.1475, NLL: 0.9668, Masked: 13.7793, Reg: 0.166904
Epoch [25/30], Total Loss: 1.1414, NLL: 0.9677, Masked: 13.7831, Reg: 0.159870
Epoch [26/30], Total Loss: 1.1340, NLL: 0.9669, Masked: 13.7657, Reg: 0.153372
Epoch [27/30], Total Loss: 1.1277, NLL: 0.9667, Masked: 13.7422, Reg: 0.147274
Epoch [28/30], Total Loss: 1.1232, NLL: 0.9678, Masked: 13.8059, Reg: 0.141651
Epoch [29/30], Total Loss: 1.1182, NLL: 0.9679, Masked: 13.7827, Reg: 0.136538
Epoch [30/30], Total Loss: 1.1121, NLL: 0.9665, Masked: 13.7780, Reg: 0.131802

==================================================
EVALUATING ON TRAINING DATA
==================================================

==================================================
TEST RESULTS
==================================================
Total Loss: 1.093308
  - ZINB NLL: 0.950122
Total number of masked values: 389599
  - Number of values with pi >= 0.7: 205103
  - Number of values with pi < 0.7: 184496
  - Masked Reconstruction: 13.604268
  - Regularization: 0.129582
Mean Absolute Error (MAE): 3.861121
R² Score: -0.099276
==================================================


==================================================
TEST RESULTS
==================================================
Total Loss: 1.124973
  - ZINB NLL: 0.980800
Total number of masked values: 427283
  - Number of values with pi >= 0.7: 216751
  - Number of values with pi < 0.7: 210532
  - Masked Reconstruction: 14.590613
  - Regularization: 0.129582
Mean Absolute Error (MAE): 4.163170
R² Score: -0.107786
==================================================


>>> Optimizing zinb_nll on VALIDATION set: 0.980800
>>> Full validation metrics: {'total_loss': 1.1249727745043303, 'zinb_nll': 0.980800472054352, 'mae': 4.163170337677002, 'r2': -0.10778641700744629, 'masked_loss': 14.59061323678175, 'reg_loss': 0.12958168945312168}

Iteration No: 48 ended. Search finished for the next optimal point.
Time taken: 1097.5296
Function value obtained: 0.9808
Current minimum: 0.7902
Iteration No: 49 started. Searching for the next optimal point.

================================================================================
Trial with parameters:
  features: Centr_Nucl
  data_point_length: 3072
  step_size: 0.6227432864270053
  bin_size: 1
  sample_fraction: 0.25
  moving_average: False
  first_layer_size_factor: 150
  num_layers: 3
  use_conv: True
  conv_channel: 16
  pool_size: 2
  kernel_size: 3
  epochs: 66
  batch_size: 128
  pi_threshold: 0.7
  learning_rate: 1.8480155697871573e-05
  dropout_rate: 0.0
  masked_recon_weight: 0.001
  regularizer: none
  regularization_weight: 1e-05
================================================================================

Creating datasets with:
  features: ['Centr', 'Nucl']
  bin_size: 1
  moving_average: False
  data_point_length: 3072 (from 3072)
  step_size: 1913 (from fraction 0.6227432864270053)
  layers: [np.int64(2400), np.int64(1200), np.int64(600)] (first=2400, num=3)
  stride: 1 (fixed), padding: same (fixed)


Clipping outliers using 95th percentile * 1.5...
strain_yTW001: Clipping values above 134.25 (P95=89.50). Clipped 27529/1193409 values (2.31%)
strain_FD: Clipping values above 71.92 (P95=47.94). Clipped 95791/4127807 values (2.32%)
strain_dnrp: Clipping values above 243.00 (P95=162.00). Clipped 25649/1119454 values (2.29%)
strain_yEK19: Clipping values above 77.10 (P95=51.40). Clipped 83713/3893623 values (2.15%)
strain_yEK23: Clipping values above 72.00 (P95=48.00). Clipped 86381/3558407 values (2.43%)
strain_yWT03a: Clipping values above 15.00 (P95=10.00). Clipped 10602/347679 values (3.05%)
strain_yWT04a: Clipping values above 58.50 (P95=39.00). Clipped 21095/725406 values (2.91%)
strain_ylic137: Clipping values above 142.50 (P95=95.00). Clipped 28746/1112684 values (2.58%)
Standardizing features: ['Centr', 'Nucl']
Column order in final array (Dataset/Chrom split): ['Value', 'Nucleosome_Distance', 'Centromere_Distance', 'Value_Raw', 'Size_Factor']
Removing 0 empty data points out of 34864
Column order in final array (Dataset/Chrom split): ['Value', 'Nucleosome_Distance', 'Centromere_Distance', 'Value_Raw', 'Size_Factor']
Removing 0 empty data points out of 9304
Column order in final array (Dataset/Chrom split): ['Value', 'Nucleosome_Distance', 'Centromere_Distance', 'Value_Raw', 'Size_Factor']
Removing 0 empty data points out of 6280
Datasets created:
  Train: (34864, 3072, 5), Val: (9304, 3072, 5), Test: (6280, 3072, 5)

Randomly sampled 8716/34864 samples (25.0%)
Applied denoising with 15.0% masking
Applied denoising with 15.0% masking
Applied denoising with 15.0% masking
Epoch [1/66], Total Loss: 1.6975, NLL: 1.6758, Masked: 21.6263
Epoch [2/66], Total Loss: 1.0814, NLL: 1.0672, Masked: 14.1952
Epoch [3/66], Total Loss: 1.0336, NLL: 1.0200, Masked: 13.5333
Epoch [4/66], Total Loss: 1.0311, NLL: 1.0175, Masked: 13.5432
Epoch [5/66], Total Loss: 1.0284, NLL: 1.0149, Masked: 13.5258
Epoch [6/66], Total Loss: 1.0252, NLL: 1.0117, Masked: 13.5165
Epoch [7/66], Total Loss: 1.0217, NLL: 1.0082, Masked: 13.4813
Epoch [8/66], Total Loss: 1.0170, NLL: 1.0035, Masked: 13.5014
Epoch [9/66], Total Loss: 1.0122, NLL: 0.9986, Masked: 13.5812
Epoch [10/66], Total Loss: 1.0080, NLL: 0.9942, Masked: 13.7341
Epoch [11/66], Total Loss: 1.0043, NLL: 0.9904, Masked: 13.8663
Epoch [12/66], Total Loss: 1.0009, NLL: 0.9869, Masked: 14.0056
Epoch [13/66], Total Loss: 0.9986, NLL: 0.9846, Masked: 14.0901
Epoch [14/66], Total Loss: 0.9964, NLL: 0.9822, Masked: 14.1803
Epoch [15/66], Total Loss: 0.9934, NLL: 0.9792, Masked: 14.1980
Epoch [16/66], Total Loss: 0.9893, NLL: 0.9752, Masked: 14.1040
Epoch [17/66], Total Loss: 0.9852, NLL: 0.9713, Masked: 13.8893
Epoch [18/66], Total Loss: 0.9771, NLL: 0.9635, Masked: 13.5631
Epoch [19/66], Total Loss: 0.9709, NLL: 0.9575, Masked: 13.3916
Epoch [20/66], Total Loss: 0.9664, NLL: 0.9531, Masked: 13.2037
Epoch [21/66], Total Loss: 0.9619, NLL: 0.9487, Masked: 13.1684
Epoch [22/66], Total Loss: 0.9583, NLL: 0.9451, Masked: 13.1379
Epoch [23/66], Total Loss: 0.9575, NLL: 0.9444, Masked: 13.1511
Epoch [24/66], Total Loss: 0.9538, NLL: 0.9406, Masked: 13.1322
Epoch [25/66], Total Loss: 0.9527, NLL: 0.9397, Masked: 13.0780
Epoch [26/66], Total Loss: 0.9533, NLL: 0.9400, Masked: 13.2473
Epoch [27/66], Total Loss: 0.9489, NLL: 0.9358, Masked: 13.0618
Epoch [28/66], Total Loss: 0.9474, NLL: 0.9343, Masked: 13.0300
Epoch [29/66], Total Loss: 0.9493, NLL: 0.9362, Masked: 13.0818
Epoch [30/66], Total Loss: 0.9478, NLL: 0.9347, Masked: 13.0976
Epoch [31/66], Total Loss: 0.9483, NLL: 0.9352, Masked: 13.0708
Epoch [32/66], Total Loss: 0.9456, NLL: 0.9326, Masked: 12.9904
Epoch [33/66], Total Loss: 0.9451, NLL: 0.9321, Masked: 12.9968
Epoch [34/66], Total Loss: 0.9444, NLL: 0.9313, Masked: 13.0241
Epoch [35/66], Total Loss: 0.9438, NLL: 0.9308, Masked: 12.9574
Epoch [36/66], Total Loss: 0.9445, NLL: 0.9315, Masked: 13.0218
Epoch [37/66], Total Loss: 0.9443, NLL: 0.9313, Masked: 12.9741
Epoch [38/66], Total Loss: 0.9430, NLL: 0.9300, Masked: 13.0407
Epoch [39/66], Total Loss: 0.9432, NLL: 0.9302, Masked: 12.9819
Epoch [40/66], Total Loss: 0.9434, NLL: 0.9305, Masked: 12.9274
Epoch [41/66], Total Loss: 0.9425, NLL: 0.9296, Masked: 12.9435
Epoch [42/66], Total Loss: 0.9419, NLL: 0.9290, Masked: 12.9525
Epoch [43/66], Total Loss: 0.9431, NLL: 0.9302, Masked: 12.9825
Epoch [44/66], Total Loss: 0.9414, NLL: 0.9284, Masked: 12.9542
Epoch [45/66], Total Loss: 0.9414, NLL: 0.9285, Masked: 12.9002
Epoch [46/66], Total Loss: 0.9416, NLL: 0.9286, Masked: 12.9664
Epoch [47/66], Total Loss: 0.9415, NLL: 0.9285, Masked: 12.9563
Epoch [48/66], Total Loss: 0.9409, NLL: 0.9280, Masked: 12.9156
Epoch [49/66], Total Loss: 0.9410, NLL: 0.9280, Masked: 12.9429
Epoch [50/66], Total Loss: 0.9410, NLL: 0.9282, Masked: 12.8735
Epoch [51/66], Total Loss: 0.9404, NLL: 0.9275, Masked: 12.8668
Epoch [52/66], Total Loss: 0.9412, NLL: 0.9284, Masked: 12.8478
Epoch [53/66], Total Loss: 0.9400, NLL: 0.9271, Masked: 12.8997
Epoch [54/66], Total Loss: 0.9398, NLL: 0.9270, Masked: 12.8377
Epoch [55/66], Total Loss: 0.9396, NLL: 0.9268, Masked: 12.8692
Epoch [56/66], Total Loss: 0.9399, NLL: 0.9269, Masked: 12.9806
Epoch [57/66], Total Loss: 0.9401, NLL: 0.9272, Masked: 12.8942
Epoch [58/66], Total Loss: 0.9408, NLL: 0.9279, Masked: 12.9691
Epoch [59/66], Total Loss: 0.9403, NLL: 0.9275, Masked: 12.8477
Epoch [60/66], Total Loss: 0.9412, NLL: 0.9283, Masked: 12.8700
Epoch [61/66], Total Loss: 0.9386, NLL: 0.9258, Masked: 12.8293
Epoch [62/66], Total Loss: 0.9376, NLL: 0.9248, Masked: 12.7907
Epoch [63/66], Total Loss: 0.9379, NLL: 0.9251, Masked: 12.8078
Epoch [64/66], Total Loss: 0.9383, NLL: 0.9254, Masked: 12.8457
Epoch [65/66], Total Loss: 0.9386, NLL: 0.9258, Masked: 12.8375
Epoch [66/66], Total Loss: 0.9373, NLL: 0.9245, Masked: 12.8073

==================================================
EVALUATING ON TRAINING DATA
==================================================

==================================================
TEST RESULTS
==================================================
Total Loss: 0.936756
  - ZINB NLL: 0.924082
Total number of masked values: 650578
  - Number of values with pi >= 0.7: 263467
  - Number of values with pi < 0.7: 387111
  - Masked Reconstruction: 12.673953
Mean Absolute Error (MAE): 3.553620
R² Score: -0.025096
==================================================


==================================================
TEST RESULTS
==================================================
Total Loss: 0.971419
  - ZINB NLL: 0.956901
Total number of masked values: 708816
  - Number of values with pi >= 0.7: 281109
  - Number of values with pi < 0.7: 427707
  - Masked Reconstruction: 14.517229
Mean Absolute Error (MAE): 3.839795
R² Score: -0.056231
==================================================


>>> Optimizing zinb_nll on VALIDATION set: 0.956901
>>> Full validation metrics: {'total_loss': 0.9714186108532592, 'zinb_nll': 0.9569013771678698, 'mae': 3.8397951126098633, 'r2': -0.056230783462524414, 'masked_loss': 14.517229204842067}

Iteration No: 49 ended. Search finished for the next optimal point.
Time taken: 955.4251
Function value obtained: 0.9569
Current minimum: 0.7902
Iteration No: 50 started. Searching for the next optimal point.

================================================================================
Trial with parameters:
  features: Centr_Nucl
  data_point_length: 2983
  step_size: 1.0
  bin_size: 1
  sample_fraction: 0.25
  moving_average: False
  first_layer_size_factor: 150
  num_layers: 5
  use_conv: False
  conv_channel: 16
  pool_size: 5
  kernel_size: 9
  epochs: 30
  batch_size: 32
  pi_threshold: 0.42589423983595365
  learning_rate: 1e-05
  dropout_rate: 0.0
  masked_recon_weight: 0.001
  regularizer: none
  regularization_weight: 1e-05
================================================================================

Creating datasets with:
  features: ['Centr', 'Nucl']
  bin_size: 1
  moving_average: False
  data_point_length: 2983 (from 2983)
  step_size: 2983 (from fraction 1.0)
  layers: [np.int64(2400), np.int64(1200), np.int64(600), np.int64(300), np.int64(150)] (first=2400, num=5)
  stride: 1 (fixed), padding: same (fixed)


Clipping outliers using 95th percentile * 1.5...
strain_yTW001: Clipping values above 134.25 (P95=89.50). Clipped 27529/1193409 values (2.31%)
strain_FD: Clipping values above 71.92 (P95=47.94). Clipped 95791/4127807 values (2.32%)
strain_dnrp: Clipping values above 243.00 (P95=162.00). Clipped 25649/1119454 values (2.29%)
strain_yEK19: Clipping values above 77.10 (P95=51.40). Clipped 83713/3893623 values (2.15%)
strain_yEK23: Clipping values above 72.00 (P95=48.00). Clipped 86381/3558407 values (2.43%)
strain_yWT03a: Clipping values above 15.00 (P95=10.00). Clipped 10602/347679 values (3.05%)
strain_yWT04a: Clipping values above 58.50 (P95=39.00). Clipped 21095/725406 values (2.91%)
strain_ylic137: Clipping values above 142.50 (P95=95.00). Clipped 28746/1112684 values (2.58%)
Standardizing features: ['Centr', 'Nucl']
Column order in final array (Dataset/Chrom split): ['Value', 'Nucleosome_Distance', 'Centromere_Distance', 'Value_Raw', 'Size_Factor']
Removing 0 empty data points out of 22400
Column order in final array (Dataset/Chrom split): ['Value', 'Nucleosome_Distance', 'Centromere_Distance', 'Value_Raw', 'Size_Factor']
Removing 0 empty data points out of 5984
Column order in final array (Dataset/Chrom split): ['Value', 'Nucleosome_Distance', 'Centromere_Distance', 'Value_Raw', 'Size_Factor']
Removing 0 empty data points out of 4048
Datasets created:
  Train: (22400, 2983, 5), Val: (5984, 2983, 5), Test: (4048, 2983, 5)

Randomly sampled 5600/22400 samples (25.0%)
Applied denoising with 15.0% masking
Applied denoising with 15.0% masking
Applied denoising with 15.0% masking
Epoch [1/30], Total Loss: 1.7260, NLL: 1.7027, Masked: 23.3422
Epoch [2/30], Total Loss: 1.1724, NLL: 1.1572, Masked: 15.1417
Epoch [3/30], Total Loss: 1.0879, NLL: 1.0735, Masked: 14.3898
Epoch [4/30], Total Loss: 1.0635, NLL: 1.0494, Masked: 14.1069
Epoch [5/30], Total Loss: 1.0436, NLL: 1.0297, Masked: 13.8504
Epoch [6/30], Total Loss: 1.0287, NLL: 1.0151, Masked: 13.6086
Epoch [7/30], Total Loss: 1.0165, NLL: 1.0029, Masked: 13.5991
Epoch [8/30], Total Loss: 1.0075, NLL: 0.9939, Masked: 13.5778
Epoch [9/30], Total Loss: 1.0018, NLL: 0.9883, Masked: 13.5674
Epoch [10/30], Total Loss: 0.9980, NLL: 0.9844, Masked: 13.6421
Epoch [11/30], Total Loss: 0.9957, NLL: 0.9821, Masked: 13.5682
Epoch [12/30], Total Loss: 0.9946, NLL: 0.9810, Masked: 13.5921
Epoch [13/30], Total Loss: 0.9940, NLL: 0.9804, Masked: 13.5445
Epoch [14/30], Total Loss: 0.9926, NLL: 0.9790, Masked: 13.5719
Epoch [15/30], Total Loss: 0.9923, NLL: 0.9788, Masked: 13.5001
Epoch [16/30], Total Loss: 0.9916, NLL: 0.9780, Masked: 13.5925
Epoch [17/30], Total Loss: 0.9906, NLL: 0.9770, Masked: 13.5375
Epoch [18/30], Total Loss: 0.9905, NLL: 0.9769, Masked: 13.5424
Epoch [19/30], Total Loss: 0.9897, NLL: 0.9761, Masked: 13.5177
Epoch [20/30], Total Loss: 0.9895, NLL: 0.9760, Masked: 13.5108
Epoch [21/30], Total Loss: 0.9891, NLL: 0.9756, Masked: 13.5119
Epoch [22/30], Total Loss: 0.9877, NLL: 0.9743, Masked: 13.4736
Epoch [23/30], Total Loss: 0.9873, NLL: 0.9738, Masked: 13.4734
Epoch [24/30], Total Loss: 0.9864, NLL: 0.9729, Masked: 13.4997
Epoch [25/30], Total Loss: 0.9858, NLL: 0.9723, Masked: 13.4692
Epoch [26/30], Total Loss: 0.9850, NLL: 0.9715, Masked: 13.5562
Epoch [27/30], Total Loss: 0.9842, NLL: 0.9706, Masked: 13.5195
Epoch [28/30], Total Loss: 0.9830, NLL: 0.9695, Masked: 13.4711
Epoch [29/30], Total Loss: 0.9818, NLL: 0.9683, Masked: 13.5042
Epoch [30/30], Total Loss: 0.9798, NLL: 0.9664, Masked: 13.4530

==================================================
EVALUATING ON TRAINING DATA
==================================================

==================================================
TEST RESULTS
==================================================
Total Loss: 0.978686
  - ZINB NLL: 0.965194
Total number of masked values: 405138
  - Number of values with pi >= 0.42589423983595365: 392551
  - Number of values with pi < 0.42589423983595365: 12587
  - Masked Reconstruction: 13.491639
Mean Absolute Error (MAE): 2.243450
R² Score: 0.008859
==================================================


==================================================
TEST RESULTS
==================================================
Total Loss: 1.023625
  - ZINB NLL: 1.008782
Total number of masked values: 442124
  - Number of values with pi >= 0.42589423983595365: 430802
  - Number of values with pi < 0.42589423983595365: 11322
  - Masked Reconstruction: 14.842659
Mean Absolute Error (MAE): 2.402127
R² Score: -0.045121
==================================================


>>> Optimizing zinb_nll on VALIDATION set: 1.008782
>>> Full validation metrics: {'total_loss': 1.0236246126061455, 'zinb_nll': 1.0087819526539767, 'mae': 2.402127265930176, 'r2': -0.045121073722839355, 'masked_loss': 14.842658943033474}


*** Checkpoint saved at iteration 50 ***

Iteration No: 50 ended. Search finished for the next optimal point.
Time taken: 911.9642
Function value obtained: 1.0088
Current minimum: 0.7902
Iteration No: 51 started. Searching for the next optimal point.

================================================================================
Trial with parameters:
  features: Nucl
  data_point_length: 1146
  step_size: 0.5132485400307443
  bin_size: 1
  sample_fraction: 0.25
  moving_average: False
  first_layer_size_factor: 60
  num_layers: 1
  use_conv: True
  conv_channel: 16
  pool_size: 7
  kernel_size: 9
  epochs: 30
  batch_size: 128
  pi_threshold: 0.7
  learning_rate: 1e-05
  dropout_rate: 0.0
  masked_recon_weight: 10.0
  regularizer: l2
  regularization_weight: 1e-05
================================================================================

Creating datasets with:
  features: ['Nucl']
  bin_size: 1
  moving_average: False
  data_point_length: 1146 (from 1146)
  step_size: 588 (from fraction 0.5132485400307443)
  layers: [np.int64(960)] (first=960, num=1)
  stride: 1 (fixed), padding: same (fixed)


Clipping outliers using 95th percentile * 1.5...
strain_yTW001: Clipping values above 134.25 (P95=89.50). Clipped 27529/1193409 values (2.31%)
strain_FD: Clipping values above 71.92 (P95=47.94). Clipped 95791/4127807 values (2.32%)
strain_dnrp: Clipping values above 243.00 (P95=162.00). Clipped 25649/1119454 values (2.29%)
strain_yEK19: Clipping values above 77.10 (P95=51.40). Clipped 83713/3893623 values (2.15%)
strain_yEK23: Clipping values above 72.00 (P95=48.00). Clipped 86381/3558407 values (2.43%)
strain_yWT03a: Clipping values above 15.00 (P95=10.00). Clipped 10602/347679 values (3.05%)
strain_yWT04a: Clipping values above 58.50 (P95=39.00). Clipped 21095/725406 values (2.91%)
strain_ylic137: Clipping values above 142.50 (P95=95.00). Clipped 28746/1112684 values (2.58%)
Standardizing features: ['Nucl']
Column order in final array (Dataset/Chrom split): ['Value', 'Nucleosome_Distance', 'Value_Raw', 'Size_Factor']
Removing 0 empty data points out of 113472
Column order in final array (Dataset/Chrom split): ['Value', 'Nucleosome_Distance', 'Value_Raw', 'Size_Factor']
Removing 0 empty data points out of 30280
Column order in final array (Dataset/Chrom split): ['Value', 'Nucleosome_Distance', 'Value_Raw', 'Size_Factor']
Removing 0 empty data points out of 20432
Datasets created:
  Train: (113472, 1146, 4), Val: (30280, 1146, 4), Test: (20432, 1146, 4)

Randomly sampled 28368/113472 samples (25.0%)
Applied denoising with 15.0% masking
Applied denoising with 15.0% masking
Applied denoising with 15.0% masking
Epoch [1/30], Total Loss: 269.4999, NLL: 1.9264, Masked: 26.7573, Reg: 0.049363
Epoch [2/30], Total Loss: 151.4807, NLL: 1.3145, Masked: 15.0166, Reg: 0.049473
Epoch [3/30], Total Loss: 135.2142, NLL: 1.3403, Masked: 13.3874, Reg: 0.049517
Epoch [4/30], Total Loss: 132.0831, NLL: 1.5310, Masked: 13.0552, Reg: 0.049450
Epoch [5/30], Total Loss: 131.1247, NLL: 1.4853, Masked: 12.9639, Reg: 0.049358
Epoch [6/30], Total Loss: 131.8225, NLL: 1.4103, Masked: 13.0412, Reg: 0.049295
Epoch [7/30], Total Loss: 131.8359, NLL: 1.3651, Masked: 13.0471, Reg: 0.049252
Epoch [8/30], Total Loss: 131.6213, NLL: 1.2828, Masked: 13.0339, Reg: 0.049228
Epoch [9/30], Total Loss: 131.4082, NLL: 1.1865, Masked: 13.0222, Reg: 0.049218
Epoch [10/30], Total Loss: 130.9890, NLL: 1.1126, Masked: 12.9876, Reg: 0.049227
Epoch [11/30], Total Loss: 130.2415, NLL: 1.0656, Masked: 12.9176, Reg: 0.049249
Epoch [12/30], Total Loss: 129.7012, NLL: 1.0490, Masked: 12.8652, Reg: 0.049267
Epoch [13/30], Total Loss: 129.4138, NLL: 1.0341, Masked: 12.8380, Reg: 0.049251
Epoch [14/30], Total Loss: 129.3649, NLL: 1.0282, Masked: 12.8337, Reg: 0.049211
Epoch [15/30], Total Loss: 129.4297, NLL: 1.0266, Masked: 12.8403, Reg: 0.049156
Epoch [16/30], Total Loss: 129.2795, NLL: 1.0234, Masked: 12.8256, Reg: 0.049096
Epoch [17/30], Total Loss: 129.4332, NLL: 1.0228, Masked: 12.8410, Reg: 0.049029
Epoch [18/30], Total Loss: 129.3360, NLL: 1.0227, Masked: 12.8313, Reg: 0.048960
Epoch [19/30], Total Loss: 129.2738, NLL: 1.0219, Masked: 12.8252, Reg: 0.048886
Epoch [20/30], Total Loss: 129.4665, NLL: 1.0207, Masked: 12.8446, Reg: 0.048811
Epoch [21/30], Total Loss: 129.5426, NLL: 1.0204, Masked: 12.8522, Reg: 0.048734
Epoch [22/30], Total Loss: 129.5370, NLL: 1.0210, Masked: 12.8516, Reg: 0.048655
Epoch [23/30], Total Loss: 129.6044, NLL: 1.0200, Masked: 12.8584, Reg: 0.048578
Epoch [24/30], Total Loss: 129.6213, NLL: 1.0197, Masked: 12.8602, Reg: 0.048496
Epoch [25/30], Total Loss: 129.5259, NLL: 1.0188, Masked: 12.8507, Reg: 0.048418
Epoch [26/30], Total Loss: 129.5871, NLL: 1.0185, Masked: 12.8569, Reg: 0.048337
Epoch [27/30], Total Loss: 129.5395, NLL: 1.0177, Masked: 12.8522, Reg: 0.048256
Epoch [28/30], Total Loss: 129.4969, NLL: 1.0166, Masked: 12.8480, Reg: 0.048178
Epoch [29/30], Total Loss: 129.5191, NLL: 1.0165, Masked: 12.8503, Reg: 0.048098
Epoch [30/30], Total Loss: 129.5985, NLL: 1.0159, Masked: 12.8583, Reg: 0.048017

==================================================
EVALUATING ON TRAINING DATA
==================================================

==================================================
TEST RESULTS
==================================================
Total Loss: 129.374520
  - ZINB NLL: 1.014990
Total number of masked values: 773936
  - Number of values with pi >= 0.7: 704666
  - Number of values with pi < 0.7: 69270
  - Masked Reconstruction: 12.835953
  - Regularization: 0.047982
Mean Absolute Error (MAE): 2.487620
R² Score: -0.027969
==================================================


==================================================
TEST RESULTS
==================================================
Total Loss: 145.435376
  - ZINB NLL: 1.046654
Total number of masked values: 850308
  - Number of values with pi >= 0.7: 779526
  - Number of values with pi < 0.7: 70782
  - Masked Reconstruction: 14.438872
  - Regularization: 0.047982
Mean Absolute Error (MAE): 2.706365
R² Score: -0.030064
==================================================


>>> Optimizing zinb_nll on VALIDATION set: 1.046654
>>> Full validation metrics: {'total_loss': 145.43537590802896, 'zinb_nll': 1.046654099344105, 'mae': 2.706364631652832, 'r2': -0.03006434440612793, 'masked_loss': 14.438872101253374, 'reg_loss': 0.04798154296874975}

Iteration No: 51 ended. Search finished for the next optimal point.
Time taken: 884.9786
Function value obtained: 1.0467
Current minimum: 0.7902
Iteration No: 52 started. Searching for the next optimal point.

================================================================================
Trial with parameters:
  features: Nucl
  data_point_length: 642
  step_size: 0.8856297424826768
  bin_size: 2
  sample_fraction: 0.25
  moving_average: False
  first_layer_size_factor: 150
  num_layers: 3
  use_conv: False
  conv_channel: 16
  pool_size: 2
  kernel_size: 9
  epochs: 30
  batch_size: 128
  pi_threshold: 0.7
  learning_rate: 0.001849622141075384
  dropout_rate: 0.00231035106076451
  masked_recon_weight: 0.001
  regularizer: none
  regularization_weight: 1e-05
================================================================================

Creating datasets with:
  features: ['Nucl']
  bin_size: 2
  moving_average: False
  data_point_length: 321 (from 642)
  step_size: 284 (from fraction 0.8856297424826768)
  layers: [np.int64(2400), np.int64(1200), np.int64(600)] (first=2400, num=3)
  stride: 1 (fixed), padding: same (fixed)


Clipping outliers using 95th percentile * 1.5...
strain_yTW001: Clipping values above 134.25 (P95=89.50). Clipped 27529/1193409 values (2.31%)
strain_FD: Clipping values above 71.92 (P95=47.94). Clipped 95791/4127807 values (2.32%)
strain_dnrp: Clipping values above 243.00 (P95=162.00). Clipped 25649/1119454 values (2.29%)
strain_yEK19: Clipping values above 77.10 (P95=51.40). Clipped 83713/3893623 values (2.15%)
strain_yEK23: Clipping values above 72.00 (P95=48.00). Clipped 86381/3558407 values (2.43%)
strain_yWT03a: Clipping values above 15.00 (P95=10.00). Clipped 10602/347679 values (3.05%)
strain_yWT04a: Clipping values above 58.50 (P95=39.00). Clipped 21095/725406 values (2.91%)
strain_ylic137: Clipping values above 142.50 (P95=95.00). Clipped 28746/1112684 values (2.58%)
Standardizing features: ['Nucl']
Column order in final array (Dataset/Chrom split): ['Value', 'Nucleosome_Distance', 'Value_Raw', 'Size_Factor']
Removing 0 empty data points out of 117536
Column order in final array (Dataset/Chrom split): ['Value', 'Nucleosome_Distance', 'Value_Raw', 'Size_Factor']
Removing 0 empty data points out of 31352
Column order in final array (Dataset/Chrom split): ['Value', 'Nucleosome_Distance', 'Value_Raw', 'Size_Factor']
Removing 0 empty data points out of 21184
Datasets created:
  Train: (117536, 321, 4), Val: (31352, 321, 4), Test: (21184, 321, 4)

Randomly sampled 29384/117536 samples (25.0%)
Applied denoising with 15.0% masking
Applied denoising with 15.0% masking
Applied denoising with 15.0% masking
Epoch [1/30], Total Loss: 1.3192, NLL: 1.3099, Masked: 9.2814
Epoch [2/30], Total Loss: 1.4987, NLL: 1.2605, Masked: 238.2511
Epoch [3/30], Total Loss: 1.2406, NLL: 1.2114, Masked: 29.2503
Epoch [4/30], Total Loss: 2.5226, NLL: 1.1946, Masked: 1327.9126
Epoch [5/30], Total Loss: 1.1867, NLL: 1.1770, Masked: 9.6630
Epoch [6/30], Total Loss: 1.1721, NLL: 1.1588, Masked: 13.2335
Epoch [7/30], Total Loss: 1.1889, NLL: 1.1591, Masked: 29.7811
Epoch [8/30], Total Loss: 3.9932, NLL: 1.1603, Masked: 2832.9132
Epoch [9/30], Total Loss: 1.1492, NLL: 1.1416, Masked: 7.5511
Epoch [10/30], Total Loss: 1.1470, NLL: 1.1395, Masked: 7.5062
Epoch [11/30], Total Loss: 2.4591, NLL: 1.1376, Masked: 1321.5463
Epoch [12/30], Total Loss: 1.1282, NLL: 1.1208, Masked: 7.3975
Epoch [13/30], Total Loss: 1.1457, NLL: 1.1299, Masked: 15.7662
Epoch [14/30], Total Loss: 1.1219, NLL: 1.1146, Masked: 7.3003
Epoch [15/30], Total Loss: 1.1290, NLL: 1.1201, Masked: 8.8987
Epoch [16/30], Total Loss: 6.7565, NLL: 1.1198, Masked: 5636.7415
Epoch [17/30], Total Loss: 2.4191, NLL: 1.1151, Masked: 1304.0157
Epoch [18/30], Total Loss: 1.1134, NLL: 1.1061, Masked: 7.2546
Epoch [19/30], Total Loss: 1.1392, NLL: 1.1128, Masked: 26.3763
Epoch [20/30], Total Loss: 1.1061, NLL: 1.0990, Masked: 7.1285
Epoch [21/30], Total Loss: 1.1330, NLL: 1.0976, Masked: 35.3952
Epoch [22/30], Total Loss: 1.1057, NLL: 1.0960, Masked: 9.6940
Epoch [23/30], Total Loss: 1.0962, NLL: 1.0891, Masked: 7.0370
Epoch [24/30], Total Loss: 1.1229, NLL: 1.0971, Masked: 25.8899
Epoch [25/30], Total Loss: 1.0911, NLL: 1.0840, Masked: 7.0583
Epoch [26/30], Total Loss: 5.7413, NLL: 1.0827, Masked: 4658.5996
Epoch [27/30], Total Loss: 8.1565, NLL: 1.0911, Masked: 7065.4105
Epoch [28/30], Total Loss: 14.0796, NLL: 1.0939, Masked: 12985.7062
Epoch [29/30], Total Loss: 1.0904, NLL: 1.0815, Masked: 8.8825
Epoch [30/30], Total Loss: 32.4637, NLL: 1.0998, Masked: 31363.8955

==================================================
EVALUATING ON TRAINING DATA
==================================================

==================================================
TEST RESULTS
==================================================
Total Loss: 1.108339
  - ZINB NLL: 1.101273
Total number of masked values: 351931
  - Number of values with pi >= 0.7: 63947
  - Number of values with pi < 0.7: 287984
  - Masked Reconstruction: 7.066265
Mean Absolute Error (MAE): 2.864743
R² Score: -0.679749
==================================================


==================================================
TEST RESULTS
==================================================
Total Loss: 1.170991
  - ZINB NLL: 1.163054
Total number of masked values: 387664
  - Number of values with pi >= 0.7: 70764
  - Number of values with pi < 0.7: 316900
  - Masked Reconstruction: 7.937146
Mean Absolute Error (MAE): 3.042808
R² Score: -0.011652
==================================================


>>> Optimizing zinb_nll on VALIDATION set: 1.163054
>>> Full validation metrics: {'total_loss': 1.1709912902209552, 'zinb_nll': 1.1630541411824724, 'mae': 3.0428075790405273, 'r2': -0.011651754379272461, 'masked_loss': 7.937146106037628}

Iteration No: 52 ended. Search finished for the next optimal point.
Time taken: 489.7651
Function value obtained: 1.1631
Current minimum: 0.7902
Iteration No: 53 started. Searching for the next optimal point.

================================================================================
Trial with parameters:
  features: Centr_Nucl
  data_point_length: 2023
  step_size: 0.42549009359604206
  bin_size: 61
  sample_fraction: 0.2625865974116179
  moving_average: False
  first_layer_size_factor: 150
  num_layers: 1
  use_conv: True
  conv_channel: 16
  pool_size: 4
  kernel_size: 9
  epochs: 30
  batch_size: 64
  pi_threshold: 0.5021696131190324
  learning_rate: 5.995865034304718e-05
  dropout_rate: 0.0
  masked_recon_weight: 0.001
  regularizer: none
  regularization_weight: 1e-05
================================================================================

Creating datasets with:
  features: ['Centr', 'Nucl']
  bin_size: 61
  moving_average: False
  data_point_length: 33 (from 2023)
  step_size: 14 (from fraction 0.42549009359604206)
  layers: [np.int64(2400)] (first=2400, num=1)
  stride: 1 (fixed), padding: same (fixed)


Clipping outliers using 95th percentile * 1.5...
strain_yTW001: Clipping values above 134.25 (P95=89.50). Clipped 27529/1193409 values (2.31%)
strain_FD: Clipping values above 71.92 (P95=47.94). Clipped 95791/4127807 values (2.32%)
strain_dnrp: Clipping values above 243.00 (P95=162.00). Clipped 25649/1119454 values (2.29%)
strain_yEK19: Clipping values above 77.10 (P95=51.40). Clipped 83713/3893623 values (2.15%)
strain_yEK23: Clipping values above 72.00 (P95=48.00). Clipped 86381/3558407 values (2.43%)
strain_yWT03a: Clipping values above 15.00 (P95=10.00). Clipped 10602/347679 values (3.05%)
strain_yWT04a: Clipping values above 58.50 (P95=39.00). Clipped 21095/725406 values (2.91%)
strain_ylic137: Clipping values above 142.50 (P95=95.00). Clipped 28746/1112684 values (2.58%)
Standardizing features: ['Centr', 'Nucl']
Column order in final array (Dataset/Chrom split): ['Value', 'Nucleosome_Distance', 'Centromere_Distance', 'Value_Raw', 'Size_Factor']
Removing 0 empty data points out of 78104
Column order in final array (Dataset/Chrom split): ['Value', 'Nucleosome_Distance', 'Centromere_Distance', 'Value_Raw', 'Size_Factor']
Removing 0 empty data points out of 20824
Column order in final array (Dataset/Chrom split): ['Value', 'Nucleosome_Distance', 'Centromere_Distance', 'Value_Raw', 'Size_Factor']
Removing 0 empty data points out of 14056
Datasets created:
  Train: (78104, 33, 5), Val: (20824, 33, 5), Test: (14056, 33, 5)

Randomly sampled 20509/78104 samples (26.3%)
Applied denoising with 15.0% masking
Applied denoising with 15.0% masking
Applied denoising with 15.0% masking
Epoch [1/30], Total Loss: 2.1353, NLL: 2.1289, Masked: 6.4424
Epoch [2/30], Total Loss: 1.8187, NLL: 1.8164, Masked: 2.2928
Epoch [3/30], Total Loss: 1.7650, NLL: 1.7628, Masked: 2.1973
Epoch [4/30], Total Loss: 1.7392, NLL: 1.7371, Masked: 2.1305
Epoch [5/30], Total Loss: 1.7205, NLL: 1.7184, Masked: 2.0866
Epoch [6/30], Total Loss: 1.7039, NLL: 1.7018, Masked: 2.0487
Epoch [7/30], Total Loss: 1.6882, NLL: 1.6861, Masked: 2.0173
Epoch [8/30], Total Loss: 1.6732, NLL: 1.6712, Masked: 1.9886
Epoch [9/30], Total Loss: 1.6605, NLL: 1.6585, Masked: 1.9807
Epoch [10/30], Total Loss: 1.6501, NLL: 1.6481, Masked: 1.9482
Epoch [11/30], Total Loss: 1.6419, NLL: 1.6399, Masked: 1.9435
Epoch [12/30], Total Loss: 1.6346, NLL: 1.6326, Masked: 1.9288
Epoch [13/30], Total Loss: 1.6286, NLL: 1.6267, Masked: 1.9110
Epoch [14/30], Total Loss: 1.6234, NLL: 1.6215, Masked: 1.8993
Epoch [15/30], Total Loss: 1.6190, NLL: 1.6171, Masked: 1.8894
Epoch [16/30], Total Loss: 1.6151, NLL: 1.6133, Masked: 1.8676
Epoch [17/30], Total Loss: 1.6116, NLL: 1.6098, Masked: 1.8536
Epoch [18/30], Total Loss: 1.6085, NLL: 1.6066, Masked: 1.8531
Epoch [19/30], Total Loss: 1.6052, NLL: 1.6034, Masked: 1.8490
Epoch [20/30], Total Loss: 1.6016, NLL: 1.5998, Masked: 1.8181
Epoch [21/30], Total Loss: 1.5991, NLL: 1.5972, Masked: 1.8136
Epoch [22/30], Total Loss: 1.5970, NLL: 1.5952, Masked: 1.8101
Epoch [23/30], Total Loss: 1.5948, NLL: 1.5930, Masked: 1.7946
Epoch [24/30], Total Loss: 1.5929, NLL: 1.5911, Masked: 1.7872
Epoch [25/30], Total Loss: 1.5912, NLL: 1.5894, Masked: 1.7786
Epoch [26/30], Total Loss: 1.5894, NLL: 1.5876, Masked: 1.7726
Epoch [27/30], Total Loss: 1.5878, NLL: 1.5860, Masked: 1.7679
Epoch [28/30], Total Loss: 1.5865, NLL: 1.5847, Masked: 1.7668
Epoch [29/30], Total Loss: 1.5849, NLL: 1.5831, Masked: 1.7604
Epoch [30/30], Total Loss: 1.5837, NLL: 1.5819, Masked: 1.7572

==================================================
EVALUATING ON TRAINING DATA
==================================================

==================================================
TEST RESULTS
==================================================
Total Loss: 1.583062
  - ZINB NLL: 1.581312
Total number of masked values: 73812
  - Number of values with pi >= 0.5021696131190324: 0
  - Number of values with pi < 0.5021696131190324: 73812
  - Masked Reconstruction: 1.749771
Mean Absolute Error (MAE): 1.544755
R² Score: 0.412156
==================================================


==================================================
TEST RESULTS
==================================================
Total Loss: 1.638822
  - ZINB NLL: 1.636933
Total number of masked values: 75708
  - Number of values with pi >= 0.5021696131190324: 0
  - Number of values with pi < 0.5021696131190324: 75708
  - Masked Reconstruction: 1.889026
Mean Absolute Error (MAE): 1.690938
R² Score: -3.787664
==================================================


>>> Optimizing zinb_nll on VALIDATION set: 1.636933
>>> Full validation metrics: {'total_loss': 1.6388222604726674, 'zinb_nll': 1.6369332330207664, 'mae': 1.6909382343292236, 'r2': -3.7876639366149902, 'masked_loss': 1.88902641730358}

Iteration No: 53 ended. Search finished for the next optimal point.
Time taken: 91.3592
Function value obtained: 1.6369
Current minimum: 0.7902
Iteration No: 54 started. Searching for the next optimal point.

================================================================================
Trial with parameters:
  features: Nucl
  data_point_length: 2836
  step_size: 0.5357046974985141
  bin_size: 1
  sample_fraction: 0.797559521301128
  moving_average: False
  first_layer_size_factor: 150
  num_layers: 1
  use_conv: True
  conv_channel: 16
  pool_size: 3
  kernel_size: 3
  epochs: 30
  batch_size: 64
  pi_threshold: 0.36417069820620607
  learning_rate: 0.0002151813812590042
  dropout_rate: 0.0756714424037029
  masked_recon_weight: 0.001
  regularizer: l1
  regularization_weight: 1e-05
================================================================================

Creating datasets with:
  features: ['Nucl']
  bin_size: 1
  moving_average: False
  data_point_length: 2836 (from 2836)
  step_size: 1519 (from fraction 0.5357046974985141)
  layers: [np.int64(2400)] (first=2400, num=1)
  stride: 1 (fixed), padding: same (fixed)


Clipping outliers using 95th percentile * 1.5...
strain_yTW001: Clipping values above 134.25 (P95=89.50). Clipped 27529/1193409 values (2.31%)
strain_FD: Clipping values above 71.92 (P95=47.94). Clipped 95791/4127807 values (2.32%)
strain_dnrp: Clipping values above 243.00 (P95=162.00). Clipped 25649/1119454 values (2.29%)
strain_yEK19: Clipping values above 77.10 (P95=51.40). Clipped 83713/3893623 values (2.15%)
strain_yEK23: Clipping values above 72.00 (P95=48.00). Clipped 86381/3558407 values (2.43%)
strain_yWT03a: Clipping values above 15.00 (P95=10.00). Clipped 10602/347679 values (3.05%)
strain_yWT04a: Clipping values above 58.50 (P95=39.00). Clipped 21095/725406 values (2.91%)
strain_ylic137: Clipping values above 142.50 (P95=95.00). Clipped 28746/1112684 values (2.58%)
Standardizing features: ['Nucl']
Column order in final array (Dataset/Chrom split): ['Value', 'Nucleosome_Distance', 'Value_Raw', 'Size_Factor']
Removing 0 empty data points out of 43904
Column order in final array (Dataset/Chrom split): ['Value', 'Nucleosome_Distance', 'Value_Raw', 'Size_Factor']
Removing 0 empty data points out of 11720
Column order in final array (Dataset/Chrom split): ['Value', 'Nucleosome_Distance', 'Value_Raw', 'Size_Factor']
Removing 0 empty data points out of 7896
Datasets created:
  Train: (43904, 2836, 4), Val: (11720, 2836, 4), Test: (7896, 2836, 4)

Randomly sampled 35016/43904 samples (79.8%)
Applied denoising with 15.0% masking
Applied denoising with 15.0% masking
Applied denoising with 15.0% masking
Epoch [1/30], Total Loss: 1.2772, NLL: 1.0394, Masked: 13.9088, Reg: 0.223943
Epoch [2/30], Total Loss: 1.1170, NLL: 0.9965, Masked: 13.6069, Reg: 0.106855
Epoch [3/30], Total Loss: 1.0998, NLL: 0.9900, Masked: 13.4401, Reg: 0.096343
Epoch [4/30], Total Loss: 1.0891, NLL: 0.9828, Masked: 13.3931, Reg: 0.092980
Epoch [5/30], Total Loss: 1.0791, NLL: 0.9746, Masked: 13.3442, Reg: 0.091157
Epoch [6/30], Total Loss: 1.0718, NLL: 0.9691, Masked: 13.2961, Reg: 0.089438
Epoch [7/30], Total Loss: 1.0633, NLL: 0.9609, Masked: 13.3334, Reg: 0.089041
Epoch [8/30], Total Loss: 1.0513, NLL: 0.9483, Masked: 13.3299, Reg: 0.089709
Epoch [9/30], Total Loss: 1.0391, NLL: 0.9353, Masked: 13.3060, Reg: 0.090485
Epoch [10/30], Total Loss: 1.0298, NLL: 0.9268, Masked: 13.2089, Reg: 0.089785
Epoch [11/30], Total Loss: 1.0236, NLL: 0.9215, Masked: 13.2179, Reg: 0.088825
Epoch [12/30], Total Loss: 1.0198, NLL: 0.9192, Masked: 13.2459, Reg: 0.087401
Epoch [13/30], Total Loss: 1.0146, NLL: 0.9164, Masked: 13.2170, Reg: 0.085003
Epoch [14/30], Total Loss: 1.0100, NLL: 0.9145, Masked: 13.1801, Reg: 0.082343
Epoch [15/30], Total Loss: 1.0066, NLL: 0.9129, Masked: 13.1684, Reg: 0.080526
Epoch [16/30], Total Loss: 1.0029, NLL: 0.9118, Masked: 13.1810, Reg: 0.077958
Epoch [17/30], Total Loss: 0.9989, NLL: 0.9105, Masked: 13.1785, Reg: 0.075244
Epoch [18/30], Total Loss: 0.9961, NLL: 0.9101, Masked: 13.2056, Reg: 0.072808
Epoch [19/30], Total Loss: 0.9926, NLL: 0.9091, Masked: 13.1937, Reg: 0.070388
Epoch [20/30], Total Loss: 0.9898, NLL: 0.9086, Masked: 13.2219, Reg: 0.067986
Epoch [21/30], Total Loss: 0.9865, NLL: 0.9077, Masked: 13.2333, Reg: 0.065642
Epoch [22/30], Total Loss: 0.9839, NLL: 0.9072, Masked: 13.2383, Reg: 0.063386
Epoch [23/30], Total Loss: 0.9809, NLL: 0.9066, Masked: 13.2399, Reg: 0.061033
Epoch [24/30], Total Loss: 0.9780, NLL: 0.9059, Masked: 13.2320, Reg: 0.058842
Epoch [25/30], Total Loss: 0.9757, NLL: 0.9056, Masked: 13.2610, Reg: 0.056755
Epoch [26/30], Total Loss: 0.9727, NLL: 0.9047, Masked: 13.1989, Reg: 0.054760
Epoch [27/30], Total Loss: 0.9704, NLL: 0.9041, Masked: 13.2097, Reg: 0.053055
Epoch [28/30], Total Loss: 0.9667, NLL: 0.9032, Masked: 13.1750, Reg: 0.050384
Epoch [29/30], Total Loss: 0.9645, NLL: 0.9024, Masked: 13.1655, Reg: 0.048912
Epoch [30/30], Total Loss: 0.9608, NLL: 0.9019, Masked: 13.1235, Reg: 0.045738

==================================================
EVALUATING ON TRAINING DATA
==================================================

==================================================
TEST RESULTS
==================================================
Total Loss: 0.949305
  - ZINB NLL: 0.891669
Total number of masked values: 2401233
  - Number of values with pi >= 0.36417069820620607: 2257161
  - Number of values with pi < 0.36417069820620607: 144072
  - Masked Reconstruction: 13.097518
  - Regularization: 0.044538
Mean Absolute Error (MAE): 2.173600
R² Score: 0.009591
==================================================


==================================================
TEST RESULTS
==================================================
Total Loss: 0.979917
  - ZINB NLL: 0.920568
Total number of masked values: 821105
  - Number of values with pi >= 0.36417069820620607: 783720
  - Number of values with pi < 0.36417069820620607: 37385
  - Masked Reconstruction: 14.811593
  - Regularization: 0.044538
Mean Absolute Error (MAE): 2.332065
R² Score: -0.027993
==================================================


>>> Optimizing zinb_nll on VALIDATION set: 0.920568
>>> Full validation metrics: {'total_loss': 0.9799173766435617, 'zinb_nll': 0.9205677688325224, 'mae': 2.332064628601074, 'r2': -0.027993202209472656, 'masked_loss': 14.811592861735374, 'reg_loss': 0.04453800292968761}

Iteration No: 54 ended. Search finished for the next optimal point.
Time taken: 1138.8363
Function value obtained: 0.9206
Current minimum: 0.7902
Iteration No: 55 started. Searching for the next optimal point.

================================================================================
Trial with parameters:
  features: Nucl
  data_point_length: 1594
  step_size: 0.25
  bin_size: 1
  sample_fraction: 0.5389035710201375
  moving_average: False
  first_layer_size_factor: 150
  num_layers: 1
  use_conv: True
  conv_channel: 16
  pool_size: 2
  kernel_size: 9
  epochs: 30
  batch_size: 32
  pi_threshold: 0.3020309168608436
  learning_rate: 0.00023814794949422068
  dropout_rate: 0.12720712938034007
  masked_recon_weight: 0.001
  regularizer: l1
  regularization_weight: 1e-05
================================================================================

Creating datasets with:
  features: ['Nucl']
  bin_size: 1
  moving_average: False
  data_point_length: 1594 (from 1594)
  step_size: 398 (from fraction 0.25)
  layers: [np.int64(2400)] (first=2400, num=1)
  stride: 1 (fixed), padding: same (fixed)


Clipping outliers using 95th percentile * 1.5...
strain_yTW001: Clipping values above 134.25 (P95=89.50). Clipped 27529/1193409 values (2.31%)
strain_FD: Clipping values above 71.92 (P95=47.94). Clipped 95791/4127807 values (2.32%)
strain_dnrp: Clipping values above 243.00 (P95=162.00). Clipped 25649/1119454 values (2.29%)
strain_yEK19: Clipping values above 77.10 (P95=51.40). Clipped 83713/3893623 values (2.15%)
strain_yEK23: Clipping values above 72.00 (P95=48.00). Clipped 86381/3558407 values (2.43%)
strain_yWT03a: Clipping values above 15.00 (P95=10.00). Clipped 10602/347679 values (3.05%)
strain_yWT04a: Clipping values above 58.50 (P95=39.00). Clipped 21095/725406 values (2.91%)
strain_ylic137: Clipping values above 142.50 (P95=95.00). Clipped 28746/1112684 values (2.58%)
Standardizing features: ['Nucl']
Column order in final array (Dataset/Chrom split): ['Value', 'Nucleosome_Distance', 'Value_Raw', 'Size_Factor']
Removing 0 empty data points out of 167512
Column order in final array (Dataset/Chrom split): ['Value', 'Nucleosome_Distance', 'Value_Raw', 'Size_Factor']
Removing 0 empty data points out of 44680
Column order in final array (Dataset/Chrom split): ['Value', 'Nucleosome_Distance', 'Value_Raw', 'Size_Factor']
Removing 0 empty data points out of 30128
Datasets created:
  Train: (167512, 1594, 4), Val: (44680, 1594, 4), Test: (30128, 1594, 4)

Randomly sampled 90272/167512 samples (53.9%)
Applied denoising with 15.0% masking
Applied denoising with 15.0% masking
Applied denoising with 15.0% masking
Epoch [1/30], Total Loss: 1.0863, NLL: 0.9753, Masked: 13.4485, Reg: 0.097638
Epoch [2/30], Total Loss: 1.0088, NLL: 0.9211, Masked: 13.2406, Reg: 0.074453
Epoch [3/30], Total Loss: 0.9897, NLL: 0.9058, Masked: 13.1425, Reg: 0.070787
Epoch [4/30], Total Loss: 0.9785, NLL: 0.8998, Masked: 13.1427, Reg: 0.065603
Epoch [5/30], Total Loss: 0.9692, NLL: 0.8956, Masked: 13.1604, Reg: 0.060446
Epoch [6/30], Total Loss: 0.9615, NLL: 0.8924, Masked: 13.2249, Reg: 0.055865
Epoch [7/30], Total Loss: 0.9538, NLL: 0.8891, Masked: 13.3164, Reg: 0.051423
Epoch [8/30], Total Loss: 0.9483, NLL: 0.8872, Masked: 13.3435, Reg: 0.047730
Epoch [9/30], Total Loss: 0.9430, NLL: 0.8855, Masked: 13.3326, Reg: 0.044135
Epoch [10/30], Total Loss: 0.9382, NLL: 0.8845, Masked: 13.3441, Reg: 0.040323
Epoch [11/30], Total Loss: 0.9356, NLL: 0.8838, Masked: 13.3432, Reg: 0.038444
Epoch [12/30], Total Loss: 0.9337, NLL: 0.8825, Masked: 13.3177, Reg: 0.037823
Epoch [13/30], Total Loss: 0.9328, NLL: 0.8818, Masked: 13.3275, Reg: 0.037646
Epoch [14/30], Total Loss: 0.9312, NLL: 0.8809, Masked: 13.3045, Reg: 0.036959
Epoch [15/30], Total Loss: 0.9303, NLL: 0.8806, Masked: 13.3081, Reg: 0.036479
Epoch [16/30], Total Loss: 0.9297, NLL: 0.8801, Masked: 13.3008, Reg: 0.036314
Epoch [17/30], Total Loss: 0.9288, NLL: 0.8798, Masked: 13.2886, Reg: 0.035723
Epoch [18/30], Total Loss: 0.9277, NLL: 0.8794, Masked: 13.2857, Reg: 0.034998
Epoch [19/30], Total Loss: 0.9271, NLL: 0.8792, Masked: 13.2731, Reg: 0.034648
Epoch [20/30], Total Loss: 0.9265, NLL: 0.8788, Masked: 13.2781, Reg: 0.034406
Epoch [21/30], Total Loss: 0.9260, NLL: 0.8787, Masked: 13.2791, Reg: 0.034052
Epoch [22/30], Total Loss: 0.9254, NLL: 0.8784, Masked: 13.2736, Reg: 0.033704
Epoch [23/30], Total Loss: 0.9250, NLL: 0.8784, Masked: 13.2702, Reg: 0.033382
Epoch [24/30], Total Loss: 0.9249, NLL: 0.8785, Masked: 13.2612, Reg: 0.033137
Epoch [25/30], Total Loss: 0.9246, NLL: 0.8783, Masked: 13.2712, Reg: 0.033030
Epoch [26/30], Total Loss: 0.9244, NLL: 0.8782, Masked: 13.2836, Reg: 0.032845
Epoch [27/30], Total Loss: 0.9241, NLL: 0.8781, Masked: 13.2649, Reg: 0.032721
Epoch [28/30], Total Loss: 0.9241, NLL: 0.8781, Masked: 13.2587, Reg: 0.032753
Epoch [29/30], Total Loss: 0.9240, NLL: 0.8781, Masked: 13.2470, Reg: 0.032601
Epoch [30/30], Total Loss: 0.9236, NLL: 0.8779, Masked: 13.2736, Reg: 0.032419

==================================================
EVALUATING ON TRAINING DATA
==================================================

==================================================
TEST RESULTS
==================================================
Total Loss: 0.909129
  - ZINB NLL: 0.863165
Total number of masked values: 3459605
  - Number of values with pi >= 0.3020309168608436: 3320397
  - Number of values with pi < 0.3020309168608436: 139208
  - Masked Reconstruction: 13.275621
  - Regularization: 0.032689
Mean Absolute Error (MAE): 2.172531
R² Score: -0.027758
==================================================


==================================================
TEST RESULTS
==================================================
Total Loss: 0.939168
  - ZINB NLL: 0.891775
Total number of masked values: 1751388
  - Number of values with pi >= 0.3020309168608436: 1700184
  - Number of values with pi < 0.3020309168608436: 51204
  - Masked Reconstruction: 14.703695
  - Regularization: 0.032689
Mean Absolute Error (MAE): 2.304447
R² Score: -0.031431
==================================================


>>> Optimizing zinb_nll on VALIDATION set: 0.891775
>>> Full validation metrics: {'total_loss': 0.9391679097417218, 'zinb_nll': 0.8917753891370717, 'mae': 2.3044471740722656, 'r2': -0.031430959701538086, 'masked_loss': 14.703694887682062, 'reg_loss': 0.03268881591796932}

Iteration No: 55 ended. Search finished for the next optimal point.
Time taken: 1973.9419
Function value obtained: 0.8918
Current minimum: 0.7902
Iteration No: 56 started. Searching for the next optimal point.

================================================================================
Trial with parameters:
  features: Centr_Nucl
  data_point_length: 3514
  step_size: 0.4376401325902001
  bin_size: 1
  sample_fraction: 0.25
  moving_average: False
  first_layer_size_factor: 150
  num_layers: 1
  use_conv: False
  conv_channel: 16
  pool_size: 6
  kernel_size: 9
  epochs: 30
  batch_size: 32
  pi_threshold: 0.37504794803084723
  learning_rate: 0.0002567185902271327
  dropout_rate: 0.09666223866212686
  masked_recon_weight: 0.001
  regularizer: none
  regularization_weight: 1e-05
================================================================================

Creating datasets with:
  features: ['Centr', 'Nucl']
  bin_size: 1
  moving_average: False
  data_point_length: 3514 (from 3514)
  step_size: 1537 (from fraction 0.4376401325902001)
  layers: [np.int64(2400)] (first=2400, num=1)
  stride: 1 (fixed), padding: same (fixed)


Clipping outliers using 95th percentile * 1.5...
strain_yTW001: Clipping values above 134.25 (P95=89.50). Clipped 27529/1193409 values (2.31%)
strain_FD: Clipping values above 71.92 (P95=47.94). Clipped 95791/4127807 values (2.32%)
strain_dnrp: Clipping values above 243.00 (P95=162.00). Clipped 25649/1119454 values (2.29%)
strain_yEK19: Clipping values above 77.10 (P95=51.40). Clipped 83713/3893623 values (2.15%)
strain_yEK23: Clipping values above 72.00 (P95=48.00). Clipped 86381/3558407 values (2.43%)
strain_yWT03a: Clipping values above 15.00 (P95=10.00). Clipped 10602/347679 values (3.05%)
strain_yWT04a: Clipping values above 58.50 (P95=39.00). Clipped 21095/725406 values (2.91%)
strain_ylic137: Clipping values above 142.50 (P95=95.00). Clipped 28746/1112684 values (2.58%)
Standardizing features: ['Centr', 'Nucl']
Column order in final array (Dataset/Chrom split): ['Value', 'Nucleosome_Distance', 'Centromere_Distance', 'Value_Raw', 'Size_Factor']
Removing 0 empty data points out of 43376
Column order in final array (Dataset/Chrom split): ['Value', 'Nucleosome_Distance', 'Centromere_Distance', 'Value_Raw', 'Size_Factor']
Removing 0 empty data points out of 11560
Column order in final array (Dataset/Chrom split): ['Value', 'Nucleosome_Distance', 'Centromere_Distance', 'Value_Raw', 'Size_Factor']
Removing 0 empty data points out of 7792
Datasets created:
  Train: (43376, 3514, 5), Val: (11560, 3514, 5), Test: (7792, 3514, 5)

Randomly sampled 10844/43376 samples (25.0%)
Applied denoising with 15.0% masking
Applied denoising with 15.0% masking
Applied denoising with 15.0% masking
Epoch [1/30], Total Loss: 1.1162, NLL: 1.1022, Masked: 14.0786
Epoch [2/30], Total Loss: 1.0258, NLL: 1.0117, Masked: 14.0375
Epoch [3/30], Total Loss: 1.0094, NLL: 0.9901, Masked: 19.2952
Epoch [4/30], Total Loss: 55.9204, NLL: 0.9823, Masked: 54938.1037
Epoch [5/30], Total Loss: 32.4200, NLL: 0.9622, Masked: 31457.8308
Epoch [6/30], Total Loss: 14.4244, NLL: 0.9638, Masked: 13460.6340
Epoch [7/30], Total Loss: 3.9345, NLL: 0.9441, Masked: 2990.3429
Epoch [8/30], Total Loss: 5.2227, NLL: 0.9261, Masked: 4296.6073
Epoch [9/30], Total Loss: 12.0508, NLL: 0.9253, Masked: 11125.5115
Epoch [10/30], Total Loss: 9.9871, NLL: 0.9210, Masked: 9066.1891
Epoch [11/30], Total Loss: 68.6132, NLL: 0.9151, Masked: 67698.0794
Epoch [12/30], Total Loss: 57.7173, NLL: 0.9046, Masked: 56812.6912
Epoch [13/30], Total Loss: 60.5542, NLL: 0.9055, Masked: 59648.7388
Epoch [14/30], Total Loss: 82.8546, NLL: 0.8946, Masked: 81960.0631
Epoch [15/30], Total Loss: 59.7143, NLL: 0.8862, Masked: 58828.1061
Epoch [16/30], Total Loss: 118.4469, NLL: 0.8826, Masked: 117564.3299
Epoch [17/30], Total Loss: 92.7356, NLL: 0.8715, Masked: 91864.0343
Epoch [18/30], Total Loss: 81.9525, NLL: 0.8570, Masked: 81095.5690
Epoch [19/30], Total Loss: 70.0071, NLL: 0.8538, Masked: 69153.2826
Epoch [20/30], Total Loss: 80.0069, NLL: 0.8495, Masked: 79157.3496
Epoch [21/30], Total Loss: 101.3104, NLL: 0.8490, Masked: 100461.4287
Epoch [22/30], Total Loss: 335.9140, NLL: 1.0913, Masked: 334822.6296
Epoch [23/30], Total Loss: 632.7952, NLL: 1.9264, Masked: 630868.7324
Epoch [24/30], Total Loss: 248.6660, NLL: 1.5232, Masked: 247142.7432
Epoch [25/30], Total Loss: 141.5352, NLL: 1.3042, Masked: 140230.9954
Epoch [26/30], Total Loss: 151.2945, NLL: 1.4050, Masked: 149889.4898
Epoch [27/30], Total Loss: 129.6544, NLL: 1.2981, Masked: 128356.2638
Epoch [28/30], Total Loss: 148.6308, NLL: 1.3579, Masked: 147272.8874
Epoch [29/30], Total Loss: 165.0816, NLL: 1.3356, Masked: 163746.0716
Epoch [30/30], Total Loss: 80.1839, NLL: 1.1593, Masked: 79024.6532

==================================================
EVALUATING ON TRAINING DATA
==================================================

==================================================
TEST RESULTS
==================================================
Total Loss: 69.061734
  - ZINB NLL: 0.932024
Total number of masked values: 922300
  - Number of values with pi >= 0.37504794803084723: 732640
  - Number of values with pi < 0.37504794803084723: 189660
  - Masked Reconstruction: 68129.707179
Mean Absolute Error (MAE): 22209.322266
R² Score: -92935880704.000000
==================================================


==================================================
TEST RESULTS
==================================================
Total Loss: 1.046763
  - ZINB NLL: 1.031308
Total number of masked values: 1005821
  - Number of values with pi >= 0.37504794803084723: 846188
  - Number of values with pi < 0.37504794803084723: 159633
  - Masked Reconstruction: 15.454935
Mean Absolute Error (MAE): 45.359779
R² Score: -47642620.000000
==================================================


>>> Optimizing zinb_nll on VALIDATION set: 1.031308
>>> Full validation metrics: {'total_loss': 1.0467631954635304, 'zinb_nll': 1.0313082600547367, 'mae': 45.359779357910156, 'r2': -47642620.0, 'masked_loss': 15.454934612524964}

Iteration No: 56 ended. Search finished for the next optimal point.
Time taken: 969.9675
Function value obtained: 1.0313
Current minimum: 0.7902
Iteration No: 57 started. Searching for the next optimal point.

================================================================================
Trial with parameters:
  features: Centr_Nucl
  data_point_length: 500
  step_size: 0.6314877670734815
  bin_size: 1
  sample_fraction: 0.44032051843265246
  moving_average: False
  first_layer_size_factor: 150
  num_layers: 1
  use_conv: True
  conv_channel: 16
  pool_size: 2
  kernel_size: 9
  epochs: 45
  batch_size: 32
  pi_threshold: 0.611836221484569
  learning_rate: 1e-05
  dropout_rate: 0.5
  masked_recon_weight: 0.001
  regularizer: l2
  regularization_weight: 1e-05
================================================================================

Creating datasets with:
  features: ['Centr', 'Nucl']
  bin_size: 1
  moving_average: False
  data_point_length: 500 (from 500)
  step_size: 315 (from fraction 0.6314877670734815)
  layers: [np.int64(2400)] (first=2400, num=1)
  stride: 1 (fixed), padding: same (fixed)


Clipping outliers using 95th percentile * 1.5...
strain_yTW001: Clipping values above 134.25 (P95=89.50). Clipped 27529/1193409 values (2.31%)
strain_FD: Clipping values above 71.92 (P95=47.94). Clipped 95791/4127807 values (2.32%)
strain_dnrp: Clipping values above 243.00 (P95=162.00). Clipped 25649/1119454 values (2.29%)
strain_yEK19: Clipping values above 77.10 (P95=51.40). Clipped 83713/3893623 values (2.15%)
strain_yEK23: Clipping values above 72.00 (P95=48.00). Clipped 86381/3558407 values (2.43%)
strain_yWT03a: Clipping values above 15.00 (P95=10.00). Clipped 10602/347679 values (3.05%)
strain_yWT04a: Clipping values above 58.50 (P95=39.00). Clipped 21095/725406 values (2.91%)
strain_ylic137: Clipping values above 142.50 (P95=95.00). Clipped 28746/1112684 values (2.58%)
Standardizing features: ['Centr', 'Nucl']
Column order in final array (Dataset/Chrom split): ['Value', 'Nucleosome_Distance', 'Centromere_Distance', 'Value_Raw', 'Size_Factor']
Removing 0 empty data points out of 211872
Column order in final array (Dataset/Chrom split): ['Value', 'Nucleosome_Distance', 'Centromere_Distance', 'Value_Raw', 'Size_Factor']
Removing 0 empty data points out of 56520
Column order in final array (Dataset/Chrom split): ['Value', 'Nucleosome_Distance', 'Centromere_Distance', 'Value_Raw', 'Size_Factor']
Removing 0 empty data points out of 38168
Datasets created:
  Train: (211872, 500, 5), Val: (56520, 500, 5), Test: (38168, 500, 5)

Randomly sampled 93291/211872 samples (44.0%)
Applied denoising with 15.0% masking
Applied denoising with 15.0% masking
Applied denoising with 15.0% masking
Epoch [1/45], Total Loss: 1.0712, NLL: 1.0571, Masked: 14.1019, Reg: 0.028264
Epoch [2/45], Total Loss: 0.9795, NLL: 0.9664, Masked: 13.1819, Reg: 0.028471
Epoch [3/45], Total Loss: 0.9680, NLL: 0.9548, Masked: 13.1349, Reg: 0.028444
Epoch [4/45], Total Loss: 0.9542, NLL: 0.9412, Masked: 13.0055, Reg: 0.028601
Epoch [5/45], Total Loss: 0.9426, NLL: 0.9297, Masked: 12.9112, Reg: 0.028818
Epoch [6/45], Total Loss: 0.9325, NLL: 0.9197, Masked: 12.7854, Reg: 0.029053
Epoch [7/45], Total Loss: 0.9232, NLL: 0.9105, Masked: 12.7422, Reg: 0.029297
Epoch [8/45], Total Loss: 0.9142, NLL: 0.9014, Masked: 12.7248, Reg: 0.029541
Epoch [9/45], Total Loss: 0.9031, NLL: 0.8905, Masked: 12.6038, Reg: 0.029865
Epoch [10/45], Total Loss: 0.8902, NLL: 0.8778, Masked: 12.3838, Reg: 0.030306
Epoch [11/45], Total Loss: 0.8787, NLL: 0.8665, Masked: 12.1594, Reg: 0.030826
Epoch [12/45], Total Loss: 0.8706, NLL: 0.8586, Masked: 12.0844, Reg: 0.031299
Epoch [13/45], Total Loss: 0.8648, NLL: 0.8528, Masked: 12.0009, Reg: 0.031677
Epoch [14/45], Total Loss: 0.8601, NLL: 0.8481, Masked: 11.9698, Reg: 0.031995
Epoch [15/45], Total Loss: 0.8559, NLL: 0.8439, Masked: 11.9393, Reg: 0.032266
Epoch [16/45], Total Loss: 0.8523, NLL: 0.8404, Masked: 11.9195, Reg: 0.032499
Epoch [17/45], Total Loss: 0.8492, NLL: 0.8372, Masked: 11.9401, Reg: 0.032701
Epoch [18/45], Total Loss: 0.8464, NLL: 0.8344, Masked: 11.9290, Reg: 0.032877
Epoch [19/45], Total Loss: 0.8439, NLL: 0.8320, Masked: 11.9380, Reg: 0.033027
Epoch [20/45], Total Loss: 0.8417, NLL: 0.8297, Masked: 11.9396, Reg: 0.033157
Epoch [21/45], Total Loss: 0.8395, NLL: 0.8276, Masked: 11.9215, Reg: 0.033274
Epoch [22/45], Total Loss: 0.8376, NLL: 0.8257, Masked: 11.9107, Reg: 0.033374
Epoch [23/45], Total Loss: 0.8358, NLL: 0.8238, Masked: 11.9089, Reg: 0.033467
Epoch [24/45], Total Loss: 0.8339, NLL: 0.8220, Masked: 11.8748, Reg: 0.033547
Epoch [25/45], Total Loss: 0.8323, NLL: 0.8204, Masked: 11.8797, Reg: 0.033620
Epoch [26/45], Total Loss: 0.8307, NLL: 0.8188, Masked: 11.8626, Reg: 0.033681
Epoch [27/45], Total Loss: 0.8292, NLL: 0.8173, Masked: 11.8603, Reg: 0.033739
Epoch [28/45], Total Loss: 0.8278, NLL: 0.8159, Masked: 11.8490, Reg: 0.033795
Epoch [29/45], Total Loss: 0.8264, NLL: 0.8146, Masked: 11.8289, Reg: 0.033851
Epoch [30/45], Total Loss: 0.8251, NLL: 0.8133, Masked: 11.8118, Reg: 0.033906
Epoch [31/45], Total Loss: 0.8238, NLL: 0.8120, Masked: 11.8024, Reg: 0.033967
Epoch [32/45], Total Loss: 0.8225, NLL: 0.8107, Masked: 11.7995, Reg: 0.034024
Epoch [33/45], Total Loss: 0.8213, NLL: 0.8095, Masked: 11.7662, Reg: 0.034087
Epoch [34/45], Total Loss: 0.8200, NLL: 0.8082, Masked: 11.7516, Reg: 0.034153
Epoch [35/45], Total Loss: 0.8187, NLL: 0.8069, Masked: 11.7489, Reg: 0.034221
Epoch [36/45], Total Loss: 0.8175, NLL: 0.8057, Masked: 11.7226, Reg: 0.034296
Epoch [37/45], Total Loss: 0.8162, NLL: 0.8045, Masked: 11.7209, Reg: 0.034373
Epoch [38/45], Total Loss: 0.8150, NLL: 0.8033, Masked: 11.7107, Reg: 0.034453
Epoch [39/45], Total Loss: 0.8137, NLL: 0.8020, Masked: 11.6800, Reg: 0.034539
Epoch [40/45], Total Loss: 0.8124, NLL: 0.8007, Masked: 11.6785, Reg: 0.034632
Epoch [41/45], Total Loss: 0.8112, NLL: 0.7995, Masked: 11.6503, Reg: 0.034728
Epoch [42/45], Total Loss: 0.8097, NLL: 0.7981, Masked: 11.6322, Reg: 0.034830
Epoch [43/45], Total Loss: 0.8085, NLL: 0.7969, Masked: 11.6266, Reg: 0.034931
Epoch [44/45], Total Loss: 0.8072, NLL: 0.7956, Masked: 11.5979, Reg: 0.035036
Epoch [45/45], Total Loss: 0.8059, NLL: 0.7943, Masked: 11.6003, Reg: 0.035146

==================================================
EVALUATING ON TRAINING DATA
==================================================

==================================================
TEST RESULTS
==================================================
Total Loss: 0.797080
  - ZINB NLL: 0.785676
Total number of masked values: 1091506
  - Number of values with pi >= 0.611836221484569: 507979
  - Number of values with pi < 0.611836221484569: 583527
  - Masked Reconstruction: 11.403421
  - Regularization: 0.035199
Mean Absolute Error (MAE): 2.389172
R² Score: 0.272095
==================================================


==================================================
TEST RESULTS
==================================================
Total Loss: 0.835349
  - ZINB NLL: 0.821427
Total number of masked values: 677923
  - Number of values with pi >= 0.611836221484569: 316636
  - Number of values with pi < 0.611836221484569: 361287
  - Masked Reconstruction: 13.922349
  - Regularization: 0.035199
Mean Absolute Error (MAE): 2.624852
R² Score: 0.219517
==================================================


>>> Optimizing zinb_nll on VALIDATION set: 0.821427
>>> Full validation metrics: {'total_loss': 0.8353493840999833, 'zinb_nll': 0.8214270353570359, 'mae': 2.624852418899536, 'r2': 0.21951735019683838, 'masked_loss': 13.922348921870983, 'reg_loss': 0.035199377441406936}

Iteration No: 57 ended. Search finished for the next optimal point.
Time taken: 1629.0379
Function value obtained: 0.8214
Current minimum: 0.7902
Iteration No: 58 started. Searching for the next optimal point.

================================================================================
Trial with parameters:
  features: Centr_Nucl
  data_point_length: 500
  step_size: 0.6313834237347206
  bin_size: 100
  sample_fraction: 0.45878879398699746
  moving_average: False
  first_layer_size_factor: 150
  num_layers: 1
  use_conv: True
  conv_channel: 16
  pool_size: 2
  kernel_size: 9
  epochs: 141
  batch_size: 32
  pi_threshold: 0.3380916131871598
  learning_rate: 0.01
  dropout_rate: 0.5
  masked_recon_weight: 0.001
  regularizer: none
  regularization_weight: 0.0001235505318698516
================================================================================

Creating datasets with:
  features: ['Centr', 'Nucl']
  bin_size: 100
  moving_average: False
  data_point_length: 5 (from 500)
  step_size: 3 (from fraction 0.6313834237347206)
  layers: [np.int64(2400)] (first=2400, num=1)
  stride: 1 (fixed), padding: same (fixed)


Clipping outliers using 95th percentile * 1.5...
strain_yTW001: Clipping values above 134.25 (P95=89.50). Clipped 27529/1193409 values (2.31%)
strain_FD: Clipping values above 71.92 (P95=47.94). Clipped 95791/4127807 values (2.32%)
strain_dnrp: Clipping values above 243.00 (P95=162.00). Clipped 25649/1119454 values (2.29%)
strain_yEK19: Clipping values above 77.10 (P95=51.40). Clipped 83713/3893623 values (2.15%)
strain_yEK23: Clipping values above 72.00 (P95=48.00). Clipped 86381/3558407 values (2.43%)
strain_yWT03a: Clipping values above 15.00 (P95=10.00). Clipped 10602/347679 values (3.05%)
strain_yWT04a: Clipping values above 58.50 (P95=39.00). Clipped 21095/725406 values (2.91%)
strain_ylic137: Clipping values above 142.50 (P95=95.00). Clipped 28746/1112684 values (2.58%)
Standardizing features: ['Centr', 'Nucl']
Column order in final array (Dataset/Chrom split): ['Value', 'Nucleosome_Distance', 'Centromere_Distance', 'Value_Raw', 'Size_Factor']
Removing 0 empty data points out of 222496
Column order in final array (Dataset/Chrom split): ['Value', 'Nucleosome_Distance', 'Centromere_Distance', 'Value_Raw', 'Size_Factor']
Removing 0 empty data points out of 59360
Column order in final array (Dataset/Chrom split): ['Value', 'Nucleosome_Distance', 'Centromere_Distance', 'Value_Raw', 'Size_Factor']
Removing 0 empty data points out of 40088
Datasets created:
  Train: (222496, 5, 5), Val: (59360, 5, 5), Test: (40088, 5, 5)

Randomly sampled 102078/222496 samples (45.9%)
Applied denoising with 15.0% masking
Applied denoising with 15.0% masking
Applied denoising with 15.0% masking
Epoch [1/141], Total Loss: 1.5906, NLL: 1.5906, Masked: 0.0000
Epoch [2/141], Total Loss: 1.5644, NLL: 1.5644, Masked: 0.0000
Epoch [3/141], Total Loss: 1.5584, NLL: 1.5584, Masked: 0.0000
Epoch [4/141], Total Loss: 1.5562, NLL: 1.5562, Masked: 0.0000
Epoch [5/141], Total Loss: 1.5609, NLL: 1.5609, Masked: 0.0000
Epoch [6/141], Total Loss: 1.5556, NLL: 1.5556, Masked: 0.0000
Epoch [7/141], Total Loss: 1.5596, NLL: 1.5596, Masked: 0.0000
Epoch [8/141], Total Loss: 1.5661, NLL: 1.5661, Masked: 0.0000
Epoch [9/141], Total Loss: 1.5555, NLL: 1.5555, Masked: 0.0000
Epoch [10/141], Total Loss: 1.5558, NLL: 1.5558, Masked: 0.0000
Epoch [11/141], Total Loss: 1.5738, NLL: 1.5738, Masked: 0.0000
Epoch [12/141], Total Loss: 1.5649, NLL: 1.5649, Masked: 0.0000
Epoch [13/141], Total Loss: 1.5571, NLL: 1.5571, Masked: 0.0000
Epoch [14/141], Total Loss: 1.5611, NLL: 1.5611, Masked: 0.0000
Epoch [15/141], Total Loss: 1.5589, NLL: 1.5589, Masked: 0.0000
Epoch [16/141], Total Loss: 1.5561, NLL: 1.5561, Masked: 0.0000
Epoch [17/141], Total Loss: 1.5499, NLL: 1.5499, Masked: 0.0000
Epoch [18/141], Total Loss: 1.5561, NLL: 1.5561, Masked: 0.0000
Epoch [19/141], Total Loss: 1.5546, NLL: 1.5546, Masked: 0.0000
Epoch [20/141], Total Loss: 1.5669, NLL: 1.5669, Masked: 0.0000
Epoch [21/141], Total Loss: 1.5562, NLL: 1.5562, Masked: 0.0000
Epoch [22/141], Total Loss: 1.5566, NLL: 1.5566, Masked: 0.0000
Epoch [23/141], Total Loss: 1.5548, NLL: 1.5548, Masked: 0.0000
Epoch [24/141], Total Loss: 1.5564, NLL: 1.5564, Masked: 0.0000
Epoch [25/141], Total Loss: 1.5537, NLL: 1.5537, Masked: 0.0000
Epoch [26/141], Total Loss: 1.5533, NLL: 1.5533, Masked: 0.0000
Epoch [27/141], Total Loss: 1.5540, NLL: 1.5540, Masked: 0.0000
Epoch [28/141], Total Loss: 1.5531, NLL: 1.5531, Masked: 0.0000
Epoch [29/141], Total Loss: 1.5585, NLL: 1.5585, Masked: 0.0000
Epoch [30/141], Total Loss: 1.5573, NLL: 1.5573, Masked: 0.0000
Epoch [31/141], Total Loss: 1.5535, NLL: 1.5535, Masked: 0.0000
Epoch [32/141], Total Loss: 1.5533, NLL: 1.5533, Masked: 0.0000
Epoch [33/141], Total Loss: 1.5533, NLL: 1.5533, Masked: 0.0000
Epoch [34/141], Total Loss: 1.5572, NLL: 1.5572, Masked: 0.0000
Epoch [35/141], Total Loss: 1.5589, NLL: 1.5589, Masked: 0.0000
Epoch [36/141], Total Loss: 1.5522, NLL: 1.5522, Masked: 0.0000
Epoch [37/141], Total Loss: 1.5520, NLL: 1.5520, Masked: 0.0000
Epoch [38/141], Total Loss: 1.5544, NLL: 1.5544, Masked: 0.0000
Epoch [39/141], Total Loss: 1.5498, NLL: 1.5498, Masked: 0.0000
Epoch [40/141], Total Loss: 1.5508, NLL: 1.5508, Masked: 0.0000
Epoch [41/141], Total Loss: 1.5522, NLL: 1.5522, Masked: 0.0000
Epoch [42/141], Total Loss: 1.5516, NLL: 1.5516, Masked: 0.0000
Epoch [43/141], Total Loss: 1.5529, NLL: 1.5529, Masked: 0.0000
Epoch [44/141], Total Loss: 1.5528, NLL: 1.5528, Masked: 0.0000
Epoch [45/141], Total Loss: 1.5525, NLL: 1.5525, Masked: 0.0000
Epoch [46/141], Total Loss: 1.5537, NLL: 1.5537, Masked: 0.0000
Epoch [47/141], Total Loss: 1.5504, NLL: 1.5504, Masked: 0.0000
Epoch [48/141], Total Loss: 1.5524, NLL: 1.5524, Masked: 0.0000
Epoch [49/141], Total Loss: 1.5199, NLL: 1.5199, Masked: 0.0000
Epoch [50/141], Total Loss: 1.5123, NLL: 1.5123, Masked: 0.0000
Epoch [51/141], Total Loss: 1.5126, NLL: 1.5126, Masked: 0.0000
Epoch [52/141], Total Loss: 1.5127, NLL: 1.5127, Masked: 0.0000
Epoch [53/141], Total Loss: 1.5104, NLL: 1.5104, Masked: 0.0000
Epoch [54/141], Total Loss: 1.5126, NLL: 1.5126, Masked: 0.0000
Epoch [55/141], Total Loss: 1.5148, NLL: 1.5148, Masked: 0.0000
Epoch [56/141], Total Loss: 1.5288, NLL: 1.5288, Masked: 0.0000
Epoch [57/141], Total Loss: 1.5192, NLL: 1.5192, Masked: 0.0000
Epoch [58/141], Total Loss: 1.5126, NLL: 1.5126, Masked: 0.0000
Epoch [59/141], Total Loss: 1.5144, NLL: 1.5144, Masked: 0.0000
Epoch [60/141], Total Loss: 1.5157, NLL: 1.5157, Masked: 0.0000
Epoch [61/141], Total Loss: 1.5139, NLL: 1.5139, Masked: 0.0000
Epoch [62/141], Total Loss: 1.5366, NLL: 1.5366, Masked: 0.0000
Epoch [63/141], Total Loss: 1.7324, NLL: 1.7324, Masked: 0.0000
Epoch [64/141], Total Loss: 2.3269, NLL: 2.3269, Masked: 0.0000
Epoch [65/141], Total Loss: 1.9040, NLL: 1.9040, Masked: 0.0000
Epoch [66/141], Total Loss: 1.4690, NLL: 1.4690, Masked: 0.0000
Epoch [67/141], Total Loss: 1.4923, NLL: 1.4923, Masked: 0.0000
Epoch [68/141], Total Loss: 1.7110, NLL: 1.7110, Masked: 0.0000
Epoch [69/141], Total Loss: 1.4753, NLL: 1.4753, Masked: 0.0000
Epoch [70/141], Total Loss: 1.4744, NLL: 1.4744, Masked: 0.0000
Epoch [71/141], Total Loss: 1.4673, NLL: 1.4673, Masked: 0.0000
Epoch [72/141], Total Loss: 1.4675, NLL: 1.4675, Masked: 0.0000
Epoch [73/141], Total Loss: 1.7190, NLL: 1.7190, Masked: 0.0000
Epoch [74/141], Total Loss: 1.4680, NLL: 1.4680, Masked: 0.0000
Epoch [75/141], Total Loss: 1.5920, NLL: 1.5920, Masked: 0.0000
Epoch [76/141], Total Loss: 1.4692, NLL: 1.4692, Masked: 0.0000
Epoch [77/141], Total Loss: 1.4863, NLL: 1.4863, Masked: 0.0000
Epoch [78/141], Total Loss: 1.5014, NLL: 1.5014, Masked: 0.0000
Epoch [79/141], Total Loss: 1.4713, NLL: 1.4713, Masked: 0.0000
Epoch [80/141], Total Loss: 1.8654, NLL: 1.8654, Masked: 0.0000
Epoch [81/141], Total Loss: 2.0987, NLL: 2.0987, Masked: 0.0000
Epoch [82/141], Total Loss: 1.6434, NLL: 1.6434, Masked: 0.0000
Epoch [83/141], Total Loss: 1.4740, NLL: 1.4740, Masked: 0.0000
Epoch [84/141], Total Loss: 1.4747, NLL: 1.4747, Masked: 0.0000
Epoch [85/141], Total Loss: 1.4854, NLL: 1.4854, Masked: 0.0000
Epoch [86/141], Total Loss: 1.4918, NLL: 1.4918, Masked: 0.0000
Epoch [87/141], Total Loss: 1.4743, NLL: 1.4743, Masked: 0.0000
Epoch [88/141], Total Loss: 2.3367, NLL: 2.3367, Masked: 0.0000
Epoch [89/141], Total Loss: 1.4902, NLL: 1.4902, Masked: 0.0000
Epoch [90/141], Total Loss: 1.4734, NLL: 1.4734, Masked: 0.0000
Epoch [91/141], Total Loss: 1.9076, NLL: 1.9076, Masked: 0.0000
Epoch [92/141], Total Loss: 1.6140, NLL: 1.6140, Masked: 0.0000
Epoch [93/141], Total Loss: 1.4785, NLL: 1.4785, Masked: 0.0000
Epoch [94/141], Total Loss: 1.9087, NLL: 1.9087, Masked: 0.0000
Epoch [95/141], Total Loss: 1.4980, NLL: 1.4980, Masked: 0.0000
Epoch [96/141], Total Loss: 1.4805, NLL: 1.4805, Masked: 0.0000
Epoch [97/141], Total Loss: 1.4955, NLL: 1.4955, Masked: 0.0000
Epoch [98/141], Total Loss: 1.4741, NLL: 1.4741, Masked: 0.0000
Epoch [99/141], Total Loss: 2.4621, NLL: 2.4621, Masked: 0.0000
Epoch [100/141], Total Loss: 1.4769, NLL: 1.4769, Masked: 0.0000
Epoch [101/141], Total Loss: 1.9092, NLL: 1.9092, Masked: 0.0000
Epoch [102/141], Total Loss: 1.4737, NLL: 1.4737, Masked: 0.0000
Epoch [103/141], Total Loss: 1.4784, NLL: 1.4784, Masked: 0.0000
Epoch [104/141], Total Loss: 1.4850, NLL: 1.4850, Masked: 0.0000
Epoch [105/141], Total Loss: 1.4786, NLL: 1.4786, Masked: 0.0000
Epoch [106/141], Total Loss: 1.4896, NLL: 1.4896, Masked: 0.0000
Epoch [107/141], Total Loss: 1.4822, NLL: 1.4822, Masked: 0.0000
Epoch [108/141], Total Loss: 1.4724, NLL: 1.4724, Masked: 0.0000
Epoch [109/141], Total Loss: 1.4747, NLL: 1.4747, Masked: 0.0000
Epoch [110/141], Total Loss: 1.4778, NLL: 1.4778, Masked: 0.0000
Epoch [111/141], Total Loss: 1.9072, NLL: 1.9072, Masked: 0.0000
Epoch [112/141], Total Loss: 1.4817, NLL: 1.4817, Masked: 0.0000
Epoch [113/141], Total Loss: 1.4788, NLL: 1.4788, Masked: 0.0000
Epoch [114/141], Total Loss: 1.4740, NLL: 1.4740, Masked: 0.0000
Epoch [115/141], Total Loss: 1.4740, NLL: 1.4740, Masked: 0.0000
Epoch [116/141], Total Loss: 1.4769, NLL: 1.4769, Masked: 0.0000
Epoch [117/141], Total Loss: 1.4776, NLL: 1.4776, Masked: 0.0000
Epoch [118/141], Total Loss: 1.4826, NLL: 1.4826, Masked: 0.0000
Epoch [119/141], Total Loss: 1.7783, NLL: 1.7783, Masked: 0.0000
Epoch [120/141], Total Loss: 1.9082, NLL: 1.9082, Masked: 0.0000
Epoch [121/141], Total Loss: 1.6930, NLL: 1.6930, Masked: 0.0000
Epoch [122/141], Total Loss: 1.4931, NLL: 1.4931, Masked: 0.0000
Epoch [123/141], Total Loss: 1.4827, NLL: 1.4827, Masked: 0.0000
Epoch [124/141], Total Loss: 1.4777, NLL: 1.4777, Masked: 0.0000
Epoch [125/141], Total Loss: 1.4880, NLL: 1.4880, Masked: 0.0000
Epoch [126/141], Total Loss: 1.4799, NLL: 1.4799, Masked: 0.0000
Epoch [127/141], Total Loss: 1.4808, NLL: 1.4808, Masked: 0.0000
Epoch [128/141], Total Loss: 1.4778, NLL: 1.4778, Masked: 0.0000
Epoch [129/141], Total Loss: 1.4762, NLL: 1.4762, Masked: 0.0000
Epoch [130/141], Total Loss: 1.4820, NLL: 1.4820, Masked: 0.0000
Epoch [131/141], Total Loss: 1.4798, NLL: 1.4798, Masked: 0.0000
Epoch [132/141], Total Loss: 1.4783, NLL: 1.4783, Masked: 0.0000
Epoch [133/141], Total Loss: 1.4802, NLL: 1.4802, Masked: 0.0000
Epoch [134/141], Total Loss: 1.4784, NLL: 1.4784, Masked: 0.0000
Epoch [135/141], Total Loss: 1.4799, NLL: 1.4799, Masked: 0.0000
Epoch [136/141], Total Loss: 1.4795, NLL: 1.4795, Masked: 0.0000
Epoch [137/141], Total Loss: 1.6383, NLL: 1.6383, Masked: 0.0000
Epoch [138/141], Total Loss: 1.5025, NLL: 1.5025, Masked: 0.0000
Epoch [139/141], Total Loss: 1.9020, NLL: 1.9020, Masked: 0.0000
Epoch [140/141], Total Loss: 1.4740, NLL: 1.4740, Masked: 0.0000
Epoch [141/141], Total Loss: 1.4790, NLL: 1.4790, Masked: 0.0000

==================================================
EVALUATING ON TRAINING DATA
==================================================

==================================================
TEST RESULTS
==================================================
Total Loss: 1.429935
  - ZINB NLL: 1.429935
Total number of masked values: 0
  - Number of values with pi >= 0.3380916131871598: 0
  - Number of values with pi < 0.3380916131871598: 0
  - Masked Reconstruction: 0.000000
Mean Absolute Error (MAE): 1.016112
R² Score: 0.749057
==================================================


==================================================
TEST RESULTS
==================================================
Total Loss: 1.464232
  - ZINB NLL: 1.464232
Total number of masked values: 0
  - Number of values with pi >= 0.3380916131871598: 0
  - Number of values with pi < 0.3380916131871598: 0
  - Masked Reconstruction: 0.000000
Mean Absolute Error (MAE): 1.019167
R² Score: 0.776446
==================================================


>>> Optimizing zinb_nll on VALIDATION set: 1.464232
>>> Full validation metrics: {'total_loss': 1.4642323832627577, 'zinb_nll': 1.4642323832627577, 'mae': 1.019167423248291, 'r2': 0.7764460444450378, 'masked_loss': 0.0}

Iteration No: 58 ended. Search finished for the next optimal point.
Time taken: 1435.6185
Function value obtained: 1.4642
Current minimum: 0.7902
Iteration No: 59 started. Searching for the next optimal point.

================================================================================
Trial with parameters:
  features: Centr_Nucl
  data_point_length: 500
  step_size: 0.8957791374147492
  bin_size: 1
  sample_fraction: 0.8389605875463205
  moving_average: False
  first_layer_size_factor: 150
  num_layers: 1
  use_conv: False
  conv_channel: 29
  pool_size: 2
  kernel_size: 5
  epochs: 45
  batch_size: 128
  pi_threshold: 0.34942799535379276
  learning_rate: 3.3205903762874906e-05
  dropout_rate: 0.0
  masked_recon_weight: 0.001
  regularizer: none
  regularization_weight: 1e-05
================================================================================

Creating datasets with:
  features: ['Centr', 'Nucl']
  bin_size: 1
  moving_average: False
  data_point_length: 500 (from 500)
  step_size: 447 (from fraction 0.8957791374147492)
  layers: [np.int64(2400)] (first=2400, num=1)
  stride: 1 (fixed), padding: same (fixed)


Clipping outliers using 95th percentile * 1.5...
strain_yTW001: Clipping values above 134.25 (P95=89.50). Clipped 27529/1193409 values (2.31%)
strain_FD: Clipping values above 71.92 (P95=47.94). Clipped 95791/4127807 values (2.32%)
strain_dnrp: Clipping values above 243.00 (P95=162.00). Clipped 25649/1119454 values (2.29%)
strain_yEK19: Clipping values above 77.10 (P95=51.40). Clipped 83713/3893623 values (2.15%)
strain_yEK23: Clipping values above 72.00 (P95=48.00). Clipped 86381/3558407 values (2.43%)
strain_yWT03a: Clipping values above 15.00 (P95=10.00). Clipped 10602/347679 values (3.05%)
strain_yWT04a: Clipping values above 58.50 (P95=39.00). Clipped 21095/725406 values (2.91%)
strain_ylic137: Clipping values above 142.50 (P95=95.00). Clipped 28746/1112684 values (2.58%)
Standardizing features: ['Centr', 'Nucl']
Column order in final array (Dataset/Chrom split): ['Value', 'Nucleosome_Distance', 'Centromere_Distance', 'Value_Raw', 'Size_Factor']
Removing 0 empty data points out of 149336
Column order in final array (Dataset/Chrom split): ['Value', 'Nucleosome_Distance', 'Centromere_Distance', 'Value_Raw', 'Size_Factor']
Removing 0 empty data points out of 39848
Column order in final array (Dataset/Chrom split): ['Value', 'Nucleosome_Distance', 'Centromere_Distance', 'Value_Raw', 'Size_Factor']
Removing 0 empty data points out of 26904
Datasets created:
  Train: (149336, 500, 5), Val: (39848, 500, 5), Test: (26904, 500, 5)

Randomly sampled 125287/149336 samples (83.9%)
Applied denoising with 15.0% masking
Applied denoising with 15.0% masking
Applied denoising with 15.0% masking
Epoch [1/45], Total Loss: 1.1445, NLL: 1.1293, Masked: 15.1430
Epoch [2/45], Total Loss: 1.0079, NLL: 0.9942, Masked: 13.7081
Epoch [3/45], Total Loss: 0.9556, NLL: 0.9425, Masked: 13.1562
Epoch [4/45], Total Loss: 0.9371, NLL: 0.9241, Masked: 12.9787
Epoch [5/45], Total Loss: 0.9231, NLL: 0.9103, Masked: 12.8440
Epoch [6/45], Total Loss: 0.9096, NLL: 0.8968, Masked: 12.7410
Epoch [7/45], Total Loss: 0.8956, NLL: 0.8830, Masked: 12.6397
Epoch [8/45], Total Loss: 0.8802, NLL: 0.8677, Masked: 12.5134
Epoch [9/45], Total Loss: 0.8648, NLL: 0.8523, Masked: 12.4178
Epoch [10/45], Total Loss: 0.8503, NLL: 0.8379, Masked: 12.3798
Epoch [11/45], Total Loss: 0.8369, NLL: 0.8246, Masked: 12.3233
Epoch [12/45], Total Loss: 0.8252, NLL: 0.8129, Masked: 12.3265
Epoch [13/45], Total Loss: 0.8153, NLL: 0.8030, Masked: 12.3588
Epoch [14/45], Total Loss: 0.8062, NLL: 0.7939, Masked: 12.3011
Epoch [15/45], Total Loss: 0.7986, NLL: 0.7863, Masked: 12.3471
Epoch [16/45], Total Loss: 0.7919, NLL: 0.7796, Masked: 12.3299
Epoch [17/45], Total Loss: 0.7865, NLL: 0.7742, Masked: 12.3532
Epoch [18/45], Total Loss: 0.7813, NLL: 0.7690, Masked: 12.3350
Epoch [19/45], Total Loss: 0.7769, NLL: 0.7646, Masked: 12.3503
Epoch [20/45], Total Loss: 0.7732, NLL: 0.7609, Masked: 12.3621
Epoch [21/45], Total Loss: 0.7700, NLL: 0.7576, Masked: 12.3933
Epoch [22/45], Total Loss: 0.7666, NLL: 0.7543, Masked: 12.3545
Epoch [23/45], Total Loss: 0.7637, NLL: 0.7513, Masked: 12.3644
Epoch [24/45], Total Loss: 0.7613, NLL: 0.7489, Masked: 12.3759
Epoch [25/45], Total Loss: 0.7587, NLL: 0.7463, Masked: 12.3767
Epoch [26/45], Total Loss: 0.7565, NLL: 0.7441, Masked: 12.3779
Epoch [27/45], Total Loss: 0.7544, NLL: 0.7420, Masked: 12.3909
Epoch [28/45], Total Loss: 0.7526, NLL: 0.7402, Masked: 12.4266
Epoch [29/45], Total Loss: 0.7505, NLL: 0.7381, Masked: 12.4019
Epoch [30/45], Total Loss: 0.7486, NLL: 0.7362, Masked: 12.3942
Epoch [31/45], Total Loss: 0.7468, NLL: 0.7344, Masked: 12.4141
Epoch [32/45], Total Loss: 0.7453, NLL: 0.7328, Masked: 12.4114
Epoch [33/45], Total Loss: 0.7437, NLL: 0.7313, Masked: 12.4515
Epoch [34/45], Total Loss: 0.7420, NLL: 0.7295, Masked: 12.4053
Epoch [35/45], Total Loss: 0.7404, NLL: 0.7280, Masked: 12.4227
Epoch [36/45], Total Loss: 0.7390, NLL: 0.7265, Masked: 12.4447
Epoch [37/45], Total Loss: 0.7375, NLL: 0.7251, Masked: 12.4447
Epoch [38/45], Total Loss: 0.7361, NLL: 0.7237, Masked: 12.4219
Epoch [39/45], Total Loss: 0.7348, NLL: 0.7224, Masked: 12.4564
Epoch [40/45], Total Loss: 0.7335, NLL: 0.7210, Masked: 12.4432
Epoch [41/45], Total Loss: 0.7323, NLL: 0.7198, Masked: 12.4603
Epoch [42/45], Total Loss: 0.7309, NLL: 0.7184, Masked: 12.4476
Epoch [43/45], Total Loss: 0.7299, NLL: 0.7174, Masked: 12.4653
Epoch [44/45], Total Loss: 0.7286, NLL: 0.7162, Masked: 12.4596
Epoch [45/45], Total Loss: 0.7275, NLL: 0.7150, Masked: 12.4734

==================================================
EVALUATING ON TRAINING DATA
==================================================

==================================================
TEST RESULTS
==================================================
Total Loss: 0.725974
  - ZINB NLL: 0.713558
Total number of masked values: 1465598
  - Number of values with pi >= 0.34942799535379276: 1225212
  - Number of values with pi < 0.34942799535379276: 240386
  - Masked Reconstruction: 12.415515
Mean Absolute Error (MAE): 3.151871
R² Score: -34.730167
==================================================


==================================================
TEST RESULTS
==================================================
Total Loss: 0.772672
  - ZINB NLL: 0.758118
Total number of masked values: 477802
  - Number of values with pi >= 0.34942799535379276: 405339
  - Number of values with pi < 0.34942799535379276: 72463
  - Masked Reconstruction: 14.554191
Mean Absolute Error (MAE): 3.586125
R² Score: -51.992359
==================================================


>>> Optimizing zinb_nll on VALIDATION set: 0.758118
>>> Full validation metrics: {'total_loss': 0.7726724766339913, 'zinb_nll': 0.7581182845838815, 'mae': 3.586124897003174, 'r2': -51.99235916137695, 'masked_loss': 14.554191296226502}

Iteration No: 59 ended. Search finished for the next optimal point.
Time taken: 1076.1243
Function value obtained: 0.7581
Current minimum: 0.7581
Iteration No: 60 started. Searching for the next optimal point.

================================================================================
Trial with parameters:
  features: Centr_Nucl
  data_point_length: 500
  step_size: 1.0
  bin_size: 1
  sample_fraction: 0.9025188640069838
  moving_average: False
  first_layer_size_factor: 150
  num_layers: 1
  use_conv: True
  conv_channel: 30
  pool_size: 2
  kernel_size: 9
  epochs: 105
  batch_size: 32
  pi_threshold: 0.3
  learning_rate: 1.1075556587242512e-05
  dropout_rate: 0.0
  masked_recon_weight: 0.001
  regularizer: none
  regularization_weight: 1e-05
================================================================================

Creating datasets with:
  features: ['Centr', 'Nucl']
  bin_size: 1
  moving_average: False
  data_point_length: 500 (from 500)
  step_size: 500 (from fraction 1.0)
  layers: [np.int64(2400)] (first=2400, num=1)
  stride: 1 (fixed), padding: same (fixed)


Clipping outliers using 95th percentile * 1.5...
strain_yTW001: Clipping values above 134.25 (P95=89.50). Clipped 27529/1193409 values (2.31%)
strain_FD: Clipping values above 71.92 (P95=47.94). Clipped 95791/4127807 values (2.32%)
strain_dnrp: Clipping values above 243.00 (P95=162.00). Clipped 25649/1119454 values (2.29%)
strain_yEK19: Clipping values above 77.10 (P95=51.40). Clipped 83713/3893623 values (2.15%)
strain_yEK23: Clipping values above 72.00 (P95=48.00). Clipped 86381/3558407 values (2.43%)
strain_yWT03a: Clipping values above 15.00 (P95=10.00). Clipped 10602/347679 values (3.05%)
strain_yWT04a: Clipping values above 58.50 (P95=39.00). Clipped 21095/725406 values (2.91%)
strain_ylic137: Clipping values above 142.50 (P95=95.00). Clipped 28746/1112684 values (2.58%)
Standardizing features: ['Centr', 'Nucl']
Column order in final array (Dataset/Chrom split): ['Value', 'Nucleosome_Distance', 'Centromere_Distance', 'Value_Raw', 'Size_Factor']
Removing 0 empty data points out of 133512
Column order in final array (Dataset/Chrom split): ['Value', 'Nucleosome_Distance', 'Centromere_Distance', 'Value_Raw', 'Size_Factor']
Removing 0 empty data points out of 35624
Column order in final array (Dataset/Chrom split): ['Value', 'Nucleosome_Distance', 'Centromere_Distance', 'Value_Raw', 'Size_Factor']
Removing 0 empty data points out of 24064
Datasets created:
  Train: (133512, 500, 5), Val: (35624, 500, 5), Test: (24064, 500, 5)

Randomly sampled 120497/133512 samples (90.3%)
Applied denoising with 15.0% masking
Applied denoising with 15.0% masking
Applied denoising with 15.0% masking
Epoch [1/105], Total Loss: 1.0195, NLL: 1.0059, Masked: 13.5145
Epoch [2/105], Total Loss: 0.9538, NLL: 0.9406, Masked: 13.1544
Epoch [3/105], Total Loss: 0.9197, NLL: 0.9068, Masked: 12.9083
Epoch [4/105], Total Loss: 0.8889, NLL: 0.8762, Masked: 12.6614
Epoch [5/105], Total Loss: 0.8741, NLL: 0.8616, Masked: 12.5136
Epoch [6/105], Total Loss: 0.8616, NLL: 0.8492, Masked: 12.4301
Epoch [7/105], Total Loss: 0.8511, NLL: 0.8387, Masked: 12.3965
Epoch [8/105], Total Loss: 0.8431, NLL: 0.8307, Masked: 12.4067
Epoch [9/105], Total Loss: 0.8371, NLL: 0.8247, Masked: 12.4603
Epoch [10/105], Total Loss: 0.8322, NLL: 0.8198, Masked: 12.3950
Epoch [11/105], Total Loss: 0.8280, NLL: 0.8156, Masked: 12.3814
Epoch [12/105], Total Loss: 0.8240, NLL: 0.8117, Masked: 12.3547
Epoch [13/105], Total Loss: 0.8202, NLL: 0.8079, Masked: 12.3363
Epoch [14/105], Total Loss: 0.8166, NLL: 0.8043, Masked: 12.2998
Epoch [15/105], Total Loss: 0.8128, NLL: 0.8005, Masked: 12.2923
Epoch [16/105], Total Loss: 0.8089, NLL: 0.7966, Masked: 12.2618
Epoch [17/105], Total Loss: 0.8046, NLL: 0.7924, Masked: 12.2254
Epoch [18/105], Total Loss: 0.8002, NLL: 0.7880, Masked: 12.2069
Epoch [19/105], Total Loss: 0.7956, NLL: 0.7834, Masked: 12.2041
Epoch [20/105], Total Loss: 0.7910, NLL: 0.7788, Masked: 12.2148
Epoch [21/105], Total Loss: 0.7865, NLL: 0.7743, Masked: 12.1995
Epoch [22/105], Total Loss: 0.7821, NLL: 0.7699, Masked: 12.2024
Epoch [23/105], Total Loss: 0.7780, NLL: 0.7658, Masked: 12.2206
Epoch [24/105], Total Loss: 0.7741, NLL: 0.7619, Masked: 12.2071
Epoch [25/105], Total Loss: 0.7704, NLL: 0.7582, Masked: 12.2000
Epoch [26/105], Total Loss: 0.7669, NLL: 0.7547, Masked: 12.2078
Epoch [27/105], Total Loss: 0.7636, NLL: 0.7514, Masked: 12.1762
Epoch [28/105], Total Loss: 0.7604, NLL: 0.7483, Masked: 12.1482
Epoch [29/105], Total Loss: 0.7574, NLL: 0.7453, Masked: 12.1496
Epoch [30/105], Total Loss: 0.7545, NLL: 0.7424, Masked: 12.1367
Epoch [31/105], Total Loss: 0.7517, NLL: 0.7396, Masked: 12.1199
Epoch [32/105], Total Loss: 0.7491, NLL: 0.7369, Masked: 12.1137
Epoch [33/105], Total Loss: 0.7464, NLL: 0.7343, Masked: 12.1067
Epoch [34/105], Total Loss: 0.7438, NLL: 0.7317, Masked: 12.0775
Epoch [35/105], Total Loss: 0.7413, NLL: 0.7292, Masked: 12.0830
Epoch [36/105], Total Loss: 0.7387, NLL: 0.7267, Masked: 12.0651
Epoch [37/105], Total Loss: 0.7363, NLL: 0.7242, Masked: 12.0679
Epoch [38/105], Total Loss: 0.7338, NLL: 0.7217, Masked: 12.0677
Epoch [39/105], Total Loss: 0.7313, NLL: 0.7193, Masked: 12.0478
Epoch [40/105], Total Loss: 0.7289, NLL: 0.7168, Masked: 12.0319
Epoch [41/105], Total Loss: 0.7265, NLL: 0.7144, Masked: 12.0288
Epoch [42/105], Total Loss: 0.7241, NLL: 0.7121, Masked: 12.0250
Epoch [43/105], Total Loss: 0.7217, NLL: 0.7097, Masked: 12.0298
Epoch [44/105], Total Loss: 0.7194, NLL: 0.7074, Masked: 12.0142
Epoch [45/105], Total Loss: 0.7171, NLL: 0.7051, Masked: 12.0137
Epoch [46/105], Total Loss: 0.7149, NLL: 0.7029, Masked: 11.9943
Epoch [47/105], Total Loss: 0.7128, NLL: 0.7008, Masked: 12.0131
Epoch [48/105], Total Loss: 0.7107, NLL: 0.6987, Masked: 12.0058
Epoch [49/105], Total Loss: 0.7086, NLL: 0.6966, Masked: 11.9994
Epoch [50/105], Total Loss: 0.7066, NLL: 0.6946, Masked: 11.9909
Epoch [51/105], Total Loss: 0.7046, NLL: 0.6926, Masked: 11.9955
Epoch [52/105], Total Loss: 0.7027, NLL: 0.6907, Masked: 11.9749
Epoch [53/105], Total Loss: 0.7009, NLL: 0.6889, Masked: 11.9845
Epoch [54/105], Total Loss: 0.6990, NLL: 0.6870, Masked: 11.9730
Epoch [55/105], Total Loss: 0.6972, NLL: 0.6852, Masked: 11.9671
Epoch [56/105], Total Loss: 0.6954, NLL: 0.6835, Masked: 11.9675
Epoch [57/105], Total Loss: 0.6937, NLL: 0.6817, Masked: 11.9514
Epoch [58/105], Total Loss: 0.6920, NLL: 0.6800, Masked: 11.9580
Epoch [59/105], Total Loss: 0.6903, NLL: 0.6783, Masked: 11.9554
Epoch [60/105], Total Loss: 0.6886, NLL: 0.6767, Masked: 11.9430
Epoch [61/105], Total Loss: 0.6870, NLL: 0.6750, Masked: 11.9354
Epoch [62/105], Total Loss: 0.6853, NLL: 0.6734, Masked: 11.9406
Epoch [63/105], Total Loss: 0.6837, NLL: 0.6718, Masked: 11.9237
Epoch [64/105], Total Loss: 0.6822, NLL: 0.6702, Masked: 11.9338
Epoch [65/105], Total Loss: 0.6806, NLL: 0.6687, Masked: 11.9227
Epoch [66/105], Total Loss: 0.6790, NLL: 0.6671, Masked: 11.9075
Epoch [67/105], Total Loss: 0.6775, NLL: 0.6656, Masked: 11.9059
Epoch [68/105], Total Loss: 0.6760, NLL: 0.6641, Masked: 11.8962
Epoch [69/105], Total Loss: 0.6746, NLL: 0.6627, Masked: 11.9138
Epoch [70/105], Total Loss: 0.6731, NLL: 0.6612, Masked: 11.9049
Epoch [71/105], Total Loss: 0.6717, NLL: 0.6598, Masked: 11.8968
Epoch [72/105], Total Loss: 0.6703, NLL: 0.6584, Masked: 11.8909
Epoch [73/105], Total Loss: 0.6689, NLL: 0.6570, Masked: 11.8843
Epoch [74/105], Total Loss: 0.6675, NLL: 0.6556, Masked: 11.8808
Epoch [75/105], Total Loss: 0.6661, NLL: 0.6543, Masked: 11.8826
Epoch [76/105], Total Loss: 0.6648, NLL: 0.6529, Masked: 11.8731
Epoch [77/105], Total Loss: 0.6635, NLL: 0.6516, Masked: 11.8725
Epoch [78/105], Total Loss: 0.6622, NLL: 0.6503, Masked: 11.8643
Epoch [79/105], Total Loss: 0.6609, NLL: 0.6490, Masked: 11.8625
Epoch [80/105], Total Loss: 0.6596, NLL: 0.6478, Masked: 11.8484
Epoch [81/105], Total Loss: 0.6583, NLL: 0.6465, Masked: 11.8583
Epoch [82/105], Total Loss: 0.6571, NLL: 0.6452, Masked: 11.8572
Epoch [83/105], Total Loss: 0.6558, NLL: 0.6440, Masked: 11.8327
Epoch [84/105], Total Loss: 0.6546, NLL: 0.6428, Masked: 11.8288
Epoch [85/105], Total Loss: 0.6534, NLL: 0.6415, Masked: 11.8376
Epoch [86/105], Total Loss: 0.6522, NLL: 0.6403, Masked: 11.8162
Epoch [87/105], Total Loss: 0.6510, NLL: 0.6392, Masked: 11.8145
Epoch [88/105], Total Loss: 0.6498, NLL: 0.6380, Masked: 11.8107
Epoch [89/105], Total Loss: 0.6486, NLL: 0.6368, Masked: 11.8054
Epoch [90/105], Total Loss: 0.6475, NLL: 0.6357, Masked: 11.7922
Epoch [91/105], Total Loss: 0.6463, NLL: 0.6345, Masked: 11.8058
Epoch [92/105], Total Loss: 0.6451, NLL: 0.6333, Masked: 11.7911
Epoch [93/105], Total Loss: 0.6440, NLL: 0.6322, Masked: 11.7872
Epoch [94/105], Total Loss: 0.6429, NLL: 0.6311, Masked: 11.7911
Epoch [95/105], Total Loss: 0.6417, NLL: 0.6300, Masked: 11.7915
Epoch [96/105], Total Loss: 0.6406, NLL: 0.6288, Masked: 11.7812
Epoch [97/105], Total Loss: 0.6395, NLL: 0.6278, Masked: 11.7686
Epoch [98/105], Total Loss: 0.6384, NLL: 0.6266, Masked: 11.7676
Epoch [99/105], Total Loss: 0.6373, NLL: 0.6255, Masked: 11.7478
Epoch [100/105], Total Loss: 0.6362, NLL: 0.6244, Masked: 11.7660
Epoch [101/105], Total Loss: 0.6351, NLL: 0.6233, Masked: 11.7525
Epoch [102/105], Total Loss: 0.6340, NLL: 0.6223, Masked: 11.7406
Epoch [103/105], Total Loss: 0.6329, NLL: 0.6212, Masked: 11.7388
Epoch [104/105], Total Loss: 0.6318, NLL: 0.6201, Masked: 11.7373
Epoch [105/105], Total Loss: 0.6308, NLL: 0.6190, Masked: 11.7391

==================================================
EVALUATING ON TRAINING DATA
==================================================

==================================================
TEST RESULTS
==================================================
Total Loss: 0.628957
  - ZINB NLL: 0.617243
Total number of masked values: 1411826
  - Number of values with pi >= 0.3: 1125925
  - Number of values with pi < 0.3: 285901
  - Masked Reconstruction: 11.714450
Mean Absolute Error (MAE): 1.194821
R² Score: 0.108713
==================================================


==================================================
TEST RESULTS
==================================================
Total Loss: 0.723402
  - ZINB NLL: 0.708859
Total number of masked values: 427283
  - Number of values with pi >= 0.3: 360267
  - Number of values with pi < 0.3: 67016
  - Masked Reconstruction: 14.543839
Mean Absolute Error (MAE): 1.521594
R² Score: -0.593255
==================================================


>>> Optimizing zinb_nll on VALIDATION set: 0.708859
>>> Full validation metrics: {'total_loss': 0.7234024643971629, 'zinb_nll': 0.7088586250811567, 'mae': 1.5215938091278076, 'r2': -0.5932551622390747, 'masked_loss': 14.54383898552364}


*** Checkpoint saved at iteration 60 ***

Iteration No: 60 ended. Search finished for the next optimal point.
Time taken: 3452.6034
Function value obtained: 0.7089
Current minimum: 0.7089
Iteration No: 61 started. Searching for the next optimal point.

================================================================================
Trial with parameters:
  features: Centr_Nucl
  data_point_length: 500
  step_size: 0.968558305382357
  bin_size: 1
  sample_fraction: 0.9209855943385181
  moving_average: False
  first_layer_size_factor: 150
  num_layers: 1
  use_conv: False
  conv_channel: 17
  pool_size: 2
  kernel_size: 3
  epochs: 149
  batch_size: 64
  pi_threshold: 0.5179239160136462
  learning_rate: 1e-05
  dropout_rate: 0.0
  masked_recon_weight: 0.001
  regularizer: none
  regularization_weight: 1e-05
================================================================================

Creating datasets with:
  features: ['Centr', 'Nucl']
  bin_size: 1
  moving_average: False
  data_point_length: 500 (from 500)
  step_size: 484 (from fraction 0.968558305382357)
  layers: [np.int64(2400)] (first=2400, num=1)
  stride: 1 (fixed), padding: same (fixed)


Clipping outliers using 95th percentile * 1.5...
strain_yTW001: Clipping values above 134.25 (P95=89.50). Clipped 27529/1193409 values (2.31%)
strain_FD: Clipping values above 71.92 (P95=47.94). Clipped 95791/4127807 values (2.32%)
strain_dnrp: Clipping values above 243.00 (P95=162.00). Clipped 25649/1119454 values (2.29%)
strain_yEK19: Clipping values above 77.10 (P95=51.40). Clipped 83713/3893623 values (2.15%)
strain_yEK23: Clipping values above 72.00 (P95=48.00). Clipped 86381/3558407 values (2.43%)
strain_yWT03a: Clipping values above 15.00 (P95=10.00). Clipped 10602/347679 values (3.05%)
strain_yWT04a: Clipping values above 58.50 (P95=39.00). Clipped 21095/725406 values (2.91%)
strain_ylic137: Clipping values above 142.50 (P95=95.00). Clipped 28746/1112684 values (2.58%)
Standardizing features: ['Centr', 'Nucl']
Column order in final array (Dataset/Chrom split): ['Value', 'Nucleosome_Distance', 'Centromere_Distance', 'Value_Raw', 'Size_Factor']
Removing 0 empty data points out of 137920
Column order in final array (Dataset/Chrom split): ['Value', 'Nucleosome_Distance', 'Centromere_Distance', 'Value_Raw', 'Size_Factor']
Removing 0 empty data points out of 36800
Column order in final array (Dataset/Chrom split): ['Value', 'Nucleosome_Distance', 'Centromere_Distance', 'Value_Raw', 'Size_Factor']
Removing 0 empty data points out of 24856
Datasets created:
  Train: (137920, 500, 5), Val: (36800, 500, 5), Test: (24856, 500, 5)

Randomly sampled 127022/137920 samples (92.1%)
Applied denoising with 15.0% masking
Applied denoising with 15.0% masking
Applied denoising with 15.0% masking
Epoch [1/149], Total Loss: 1.1915, NLL: 1.1756, Masked: 15.9917
Epoch [2/149], Total Loss: 1.0648, NLL: 1.0502, Masked: 14.6919
Epoch [3/149], Total Loss: 1.0086, NLL: 0.9948, Masked: 13.8361
Epoch [4/149], Total Loss: 0.9711, NLL: 0.9578, Masked: 13.2387
Epoch [5/149], Total Loss: 0.9530, NLL: 0.9400, Masked: 12.9343
Epoch [6/149], Total Loss: 0.9412, NLL: 0.9285, Masked: 12.7484
Epoch [7/149], Total Loss: 0.9323, NLL: 0.9197, Masked: 12.6277
Epoch [8/149], Total Loss: 0.9246, NLL: 0.9121, Masked: 12.5187
Epoch [9/149], Total Loss: 0.9176, NLL: 0.9052, Masked: 12.4346
Epoch [10/149], Total Loss: 0.9113, NLL: 0.8989, Masked: 12.3631
Epoch [11/149], Total Loss: 0.9052, NLL: 0.8928, Masked: 12.3191
Epoch [12/149], Total Loss: 0.8990, NLL: 0.8868, Masked: 12.2494
Epoch [13/149], Total Loss: 0.8928, NLL: 0.8806, Masked: 12.1925
Epoch [14/149], Total Loss: 0.8864, NLL: 0.8743, Masked: 12.1238
Epoch [15/149], Total Loss: 0.8798, NLL: 0.8678, Masked: 12.0612
Epoch [16/149], Total Loss: 0.8732, NLL: 0.8612, Masked: 12.0021
Epoch [17/149], Total Loss: 0.8666, NLL: 0.8547, Masked: 11.9573
Epoch [18/149], Total Loss: 0.8602, NLL: 0.8483, Masked: 11.9146
Epoch [19/149], Total Loss: 0.8538, NLL: 0.8420, Masked: 11.8771
Epoch [20/149], Total Loss: 0.8478, NLL: 0.8359, Masked: 11.8620
Epoch [21/149], Total Loss: 0.8419, NLL: 0.8301, Masked: 11.8284
Epoch [22/149], Total Loss: 0.8363, NLL: 0.8245, Masked: 11.8070
Epoch [23/149], Total Loss: 0.8309, NLL: 0.8191, Masked: 11.8096
Epoch [24/149], Total Loss: 0.8259, NLL: 0.8141, Masked: 11.8103
Epoch [25/149], Total Loss: 0.8211, NLL: 0.8093, Masked: 11.7996
Epoch [26/149], Total Loss: 0.8167, NLL: 0.8049, Masked: 11.8165
Epoch [27/149], Total Loss: 0.8124, NLL: 0.8006, Masked: 11.8002
Epoch [28/149], Total Loss: 0.8084, NLL: 0.7966, Masked: 11.8084
Epoch [29/149], Total Loss: 0.8047, NLL: 0.7929, Masked: 11.8050
Epoch [30/149], Total Loss: 0.8011, NLL: 0.7893, Masked: 11.7991
Epoch [31/149], Total Loss: 0.7979, NLL: 0.7861, Masked: 11.8222
Epoch [32/149], Total Loss: 0.7948, NLL: 0.7830, Masked: 11.8194
Epoch [33/149], Total Loss: 0.7920, NLL: 0.7801, Masked: 11.8309
Epoch [34/149], Total Loss: 0.7893, NLL: 0.7774, Masked: 11.8271
Epoch [35/149], Total Loss: 0.7868, NLL: 0.7749, Masked: 11.8392
Epoch [36/149], Total Loss: 0.7844, NLL: 0.7726, Masked: 11.8419
Epoch [37/149], Total Loss: 0.7821, NLL: 0.7703, Masked: 11.8520
Epoch [38/149], Total Loss: 0.7801, NLL: 0.7683, Masked: 11.8432
Epoch [39/149], Total Loss: 0.7782, NLL: 0.7663, Masked: 11.8682
Epoch [40/149], Total Loss: 0.7762, NLL: 0.7644, Masked: 11.8496
Epoch [41/149], Total Loss: 0.7746, NLL: 0.7627, Masked: 11.8646
Epoch [42/149], Total Loss: 0.7729, NLL: 0.7610, Masked: 11.8712
Epoch [43/149], Total Loss: 0.7713, NLL: 0.7594, Masked: 11.8693
Epoch [44/149], Total Loss: 0.7698, NLL: 0.7580, Masked: 11.8727
Epoch [45/149], Total Loss: 0.7684, NLL: 0.7565, Masked: 11.8886
Epoch [46/149], Total Loss: 0.7670, NLL: 0.7551, Masked: 11.8749
Epoch [47/149], Total Loss: 0.7657, NLL: 0.7538, Masked: 11.8877
Epoch [48/149], Total Loss: 0.7644, NLL: 0.7525, Masked: 11.8853
Epoch [49/149], Total Loss: 0.7632, NLL: 0.7513, Masked: 11.8890
Epoch [50/149], Total Loss: 0.7621, NLL: 0.7502, Masked: 11.9060
Epoch [51/149], Total Loss: 0.7608, NLL: 0.7490, Masked: 11.8863
Epoch [52/149], Total Loss: 0.7598, NLL: 0.7479, Masked: 11.8908
Epoch [53/149], Total Loss: 0.7588, NLL: 0.7469, Masked: 11.9009
Epoch [54/149], Total Loss: 0.7577, NLL: 0.7458, Masked: 11.9038
Epoch [55/149], Total Loss: 0.7566, NLL: 0.7447, Masked: 11.8982
Epoch [56/149], Total Loss: 0.7558, NLL: 0.7438, Masked: 11.9154
Epoch [57/149], Total Loss: 0.7548, NLL: 0.7429, Masked: 11.9076
Epoch [58/149], Total Loss: 0.7538, NLL: 0.7419, Masked: 11.9031
Epoch [59/149], Total Loss: 0.7530, NLL: 0.7411, Masked: 11.9124
Epoch [60/149], Total Loss: 0.7520, NLL: 0.7401, Masked: 11.9171
Epoch [61/149], Total Loss: 0.7512, NLL: 0.7393, Masked: 11.9117
Epoch [62/149], Total Loss: 0.7504, NLL: 0.7385, Masked: 11.9081
Epoch [63/149], Total Loss: 0.7495, NLL: 0.7376, Masked: 11.9257
Epoch [64/149], Total Loss: 0.7488, NLL: 0.7369, Masked: 11.9170
Epoch [65/149], Total Loss: 0.7479, NLL: 0.7360, Masked: 11.9161
Epoch [66/149], Total Loss: 0.7472, NLL: 0.7352, Masked: 11.9200
Epoch [67/149], Total Loss: 0.7464, NLL: 0.7345, Masked: 11.9182
Epoch [68/149], Total Loss: 0.7456, NLL: 0.7337, Masked: 11.9202
Epoch [69/149], Total Loss: 0.7450, NLL: 0.7331, Masked: 11.9251
Epoch [70/149], Total Loss: 0.7441, NLL: 0.7322, Masked: 11.9186
Epoch [71/149], Total Loss: 0.7435, NLL: 0.7315, Masked: 11.9292
Epoch [72/149], Total Loss: 0.7427, NLL: 0.7308, Masked: 11.9237
Epoch [73/149], Total Loss: 0.7422, NLL: 0.7302, Masked: 11.9313
Epoch [74/149], Total Loss: 0.7414, NLL: 0.7295, Masked: 11.9351
Epoch [75/149], Total Loss: 0.7407, NLL: 0.7288, Masked: 11.9368
Epoch [76/149], Total Loss: 0.7400, NLL: 0.7281, Masked: 11.9202
Epoch [77/149], Total Loss: 0.7394, NLL: 0.7274, Masked: 11.9307
Epoch [78/149], Total Loss: 0.7388, NLL: 0.7269, Masked: 11.9225
Epoch [79/149], Total Loss: 0.7381, NLL: 0.7262, Masked: 11.9321
Epoch [80/149], Total Loss: 0.7374, NLL: 0.7255, Masked: 11.9260
Epoch [81/149], Total Loss: 0.7369, NLL: 0.7250, Masked: 11.9280
Epoch [82/149], Total Loss: 0.7363, NLL: 0.7243, Masked: 11.9376
Epoch [83/149], Total Loss: 0.7357, NLL: 0.7237, Masked: 11.9340
Epoch [84/149], Total Loss: 0.7351, NLL: 0.7232, Masked: 11.9353
Epoch [85/149], Total Loss: 0.7345, NLL: 0.7226, Masked: 11.9325
Epoch [86/149], Total Loss: 0.7339, NLL: 0.7220, Masked: 11.9462
Epoch [87/149], Total Loss: 0.7333, NLL: 0.7214, Masked: 11.9323
Epoch [88/149], Total Loss: 0.7329, NLL: 0.7209, Masked: 11.9492
Epoch [89/149], Total Loss: 0.7322, NLL: 0.7203, Masked: 11.9331
Epoch [90/149], Total Loss: 0.7318, NLL: 0.7198, Masked: 11.9446
Epoch [91/149], Total Loss: 0.7311, NLL: 0.7192, Masked: 11.9294
Epoch [92/149], Total Loss: 0.7306, NLL: 0.7186, Masked: 11.9358
Epoch [93/149], Total Loss: 0.7300, NLL: 0.7181, Masked: 11.9350
Epoch [94/149], Total Loss: 0.7295, NLL: 0.7176, Masked: 11.9347
Epoch [95/149], Total Loss: 0.7290, NLL: 0.7170, Masked: 11.9143
Epoch [96/149], Total Loss: 0.7285, NLL: 0.7166, Masked: 11.9371
Epoch [97/149], Total Loss: 0.7280, NLL: 0.7160, Masked: 11.9348
Epoch [98/149], Total Loss: 0.7274, NLL: 0.7155, Masked: 11.9294
Epoch [99/149], Total Loss: 0.7270, NLL: 0.7151, Masked: 11.9474
Epoch [100/149], Total Loss: 0.7264, NLL: 0.7145, Masked: 11.9372
Epoch [101/149], Total Loss: 0.7259, NLL: 0.7140, Masked: 11.9304
Epoch [102/149], Total Loss: 0.7256, NLL: 0.7136, Masked: 11.9464
Epoch [103/149], Total Loss: 0.7250, NLL: 0.7130, Masked: 11.9250
Epoch [104/149], Total Loss: 0.7245, NLL: 0.7126, Masked: 11.9326
Epoch [105/149], Total Loss: 0.7242, NLL: 0.7123, Masked: 11.9511
Epoch [106/149], Total Loss: 0.7236, NLL: 0.7116, Masked: 11.9372
Epoch [107/149], Total Loss: 0.7231, NLL: 0.7112, Masked: 11.9324
Epoch [108/149], Total Loss: 0.7227, NLL: 0.7107, Masked: 11.9308
Epoch [109/149], Total Loss: 0.7223, NLL: 0.7104, Masked: 11.9533
Epoch [110/149], Total Loss: 0.7217, NLL: 0.7098, Masked: 11.9298
Epoch [111/149], Total Loss: 0.7214, NLL: 0.7094, Masked: 11.9385
Epoch [112/149], Total Loss: 0.7210, NLL: 0.7091, Masked: 11.9461
Epoch [113/149], Total Loss: 0.7204, NLL: 0.7085, Masked: 11.9324
Epoch [114/149], Total Loss: 0.7200, NLL: 0.7081, Masked: 11.9393
Epoch [115/149], Total Loss: 0.7196, NLL: 0.7077, Masked: 11.9395
Epoch [116/149], Total Loss: 0.7192, NLL: 0.7072, Masked: 11.9393
Epoch [117/149], Total Loss: 0.7188, NLL: 0.7068, Masked: 11.9461
Epoch [118/149], Total Loss: 0.7183, NLL: 0.7063, Masked: 11.9361
Epoch [119/149], Total Loss: 0.7179, NLL: 0.7060, Masked: 11.9438
Epoch [120/149], Total Loss: 0.7175, NLL: 0.7055, Masked: 11.9335
Epoch [121/149], Total Loss: 0.7171, NLL: 0.7051, Masked: 11.9326
Epoch [122/149], Total Loss: 0.7167, NLL: 0.7047, Masked: 11.9386
Epoch [123/149], Total Loss: 0.7162, NLL: 0.7043, Masked: 11.9218
Epoch [124/149], Total Loss: 0.7159, NLL: 0.7040, Masked: 11.9370
Epoch [125/149], Total Loss: 0.7154, NLL: 0.7035, Masked: 11.9306
Epoch [126/149], Total Loss: 0.7151, NLL: 0.7032, Masked: 11.9334
Epoch [127/149], Total Loss: 0.7147, NLL: 0.7028, Masked: 11.9331
Epoch [128/149], Total Loss: 0.7143, NLL: 0.7024, Masked: 11.9359
Epoch [129/149], Total Loss: 0.7139, NLL: 0.7020, Masked: 11.9352
Epoch [130/149], Total Loss: 0.7136, NLL: 0.7016, Masked: 11.9407
Epoch [131/149], Total Loss: 0.7131, NLL: 0.7012, Masked: 11.9367
Epoch [132/149], Total Loss: 0.7128, NLL: 0.7008, Masked: 11.9429
Epoch [133/149], Total Loss: 0.7124, NLL: 0.7005, Masked: 11.9404
Epoch [134/149], Total Loss: 0.7121, NLL: 0.7002, Masked: 11.9427
Epoch [135/149], Total Loss: 0.7117, NLL: 0.6997, Masked: 11.9345
Epoch [136/149], Total Loss: 0.7113, NLL: 0.6994, Masked: 11.9430
Epoch [137/149], Total Loss: 0.7109, NLL: 0.6990, Masked: 11.9342
Epoch [138/149], Total Loss: 0.7106, NLL: 0.6986, Masked: 11.9337
Epoch [139/149], Total Loss: 0.7104, NLL: 0.6984, Masked: 11.9626
Epoch [140/149], Total Loss: 0.7099, NLL: 0.6979, Masked: 11.9328
Epoch [141/149], Total Loss: 0.7095, NLL: 0.6976, Masked: 11.9356
Epoch [142/149], Total Loss: 0.7092, NLL: 0.6973, Masked: 11.9516
Epoch [143/149], Total Loss: 0.7088, NLL: 0.6969, Masked: 11.9312
Epoch [144/149], Total Loss: 0.7085, NLL: 0.6966, Masked: 11.9372
Epoch [145/149], Total Loss: 0.7082, NLL: 0.6963, Masked: 11.9418
Epoch [146/149], Total Loss: 0.7078, NLL: 0.6959, Masked: 11.9408
Epoch [147/149], Total Loss: 0.7075, NLL: 0.6956, Masked: 11.9411
Epoch [148/149], Total Loss: 0.7071, NLL: 0.6952, Masked: 11.9441
Epoch [149/149], Total Loss: 0.7069, NLL: 0.6949, Masked: 11.9441

==================================================
EVALUATING ON TRAINING DATA
==================================================

==================================================
TEST RESULTS
==================================================
Total Loss: 0.706087
  - ZINB NLL: 0.694179
Total number of masked values: 1488811
  - Number of values with pi >= 0.5179239160136462: 1039777
  - Number of values with pi < 0.5179239160136462: 449034
  - Masked Reconstruction: 11.908093
Mean Absolute Error (MAE): 2.916006
R² Score: -32.285225
==================================================


==================================================
TEST RESULTS
==================================================
Total Loss: 0.758616
  - ZINB NLL: 0.744168
Total number of masked values: 441424
  - Number of values with pi >= 0.5179239160136462: 325645
  - Number of values with pi < 0.5179239160136462: 115779
  - Masked Reconstruction: 14.448650
Mean Absolute Error (MAE): 3.605177
R² Score: -60.516495
==================================================


>>> Optimizing zinb_nll on VALIDATION set: 0.744168
>>> Full validation metrics: {'total_loss': 0.7586161963188129, 'zinb_nll': 0.7441675472518672, 'mae': 3.605177164077759, 'r2': -60.51649475097656, 'masked_loss': 14.448649963710618}

Iteration No: 61 ended. Search finished for the next optimal point.
Time taken: 2094.6033
Function value obtained: 0.7442
Current minimum: 0.7089
Iteration No: 62 started. Searching for the next optimal point.

================================================================================
Trial with parameters:
  features: Centr_Nucl
  data_point_length: 500
  step_size: 0.9454581887425553
  bin_size: 1
  sample_fraction: 0.32055758860041283
  moving_average: True
  first_layer_size_factor: 42
  num_layers: 1
  use_conv: True
  conv_channel: 16
  pool_size: 2
  kernel_size: 9
  epochs: 92
  batch_size: 32
  pi_threshold: 0.48168422759857416
  learning_rate: 1e-05
  dropout_rate: 0.5
  masked_recon_weight: 0.001
  regularizer: none
  regularization_weight: 1e-05
================================================================================

Creating datasets with:
  features: ['Centr', 'Nucl']
  bin_size: 1
  moving_average: True
  data_point_length: 500 (from 500)
  step_size: 472 (from fraction 0.9454581887425553)
  layers: [np.int64(672)] (first=672, num=1)
  stride: 1 (fixed), padding: same (fixed)


Clipping outliers using 95th percentile * 1.5...
strain_yTW001: Clipping values above 134.25 (P95=89.50). Clipped 27529/1193409 values (2.31%)
strain_FD: Clipping values above 71.92 (P95=47.94). Clipped 95791/4127807 values (2.32%)
strain_dnrp: Clipping values above 243.00 (P95=162.00). Clipped 25649/1119454 values (2.29%)
strain_yEK19: Clipping values above 77.10 (P95=51.40). Clipped 83713/3893623 values (2.15%)
strain_yEK23: Clipping values above 72.00 (P95=48.00). Clipped 86381/3558407 values (2.43%)
strain_yWT03a: Clipping values above 15.00 (P95=10.00). Clipped 10602/347679 values (3.05%)
strain_yWT04a: Clipping values above 58.50 (P95=39.00). Clipped 21095/725406 values (2.91%)
strain_ylic137: Clipping values above 142.50 (P95=95.00). Clipped 28746/1112684 values (2.58%)
Standardizing features: ['Centr', 'Nucl']
Column order in final array (Dataset/Chrom split): ['Value', 'Nucleosome_Distance', 'Centromere_Distance', 'Value_Raw', 'Size_Factor']
Removing 0 empty data points out of 141436
Column order in final array (Dataset/Chrom split): ['Value', 'Nucleosome_Distance', 'Centromere_Distance', 'Value_Raw', 'Size_Factor']
Removing 0 empty data points out of 37728
Column order in final array (Dataset/Chrom split): ['Value', 'Nucleosome_Distance', 'Centromere_Distance', 'Value_Raw', 'Size_Factor']
Removing 0 empty data points out of 25480
Datasets created:
  Train: (141436, 500, 5), Val: (37728, 500, 5), Test: (25480, 500, 5)

Randomly sampled 45338/141436 samples (32.1%)
Applied denoising with 15.0% masking
Applied denoising with 15.0% masking
Applied denoising with 15.0% masking
Epoch [1/92], Total Loss: 1.2431, NLL: 1.2272, Masked: 15.8507
Epoch [2/92], Total Loss: 1.0305, NLL: 1.0170, Masked: 13.4501
Epoch [3/92], Total Loss: 1.0047, NLL: 0.9914, Masked: 13.2855
Epoch [4/92], Total Loss: 0.9860, NLL: 0.9728, Masked: 13.1586
Epoch [5/92], Total Loss: 0.9758, NLL: 0.9626, Masked: 13.2621
Epoch [6/92], Total Loss: 0.9711, NLL: 0.9577, Masked: 13.3536
Epoch [7/92], Total Loss: 0.9681, NLL: 0.9546, Masked: 13.4145
Epoch [8/92], Total Loss: 0.9655, NLL: 0.9520, Masked: 13.4111
Epoch [9/92], Total Loss: 0.9627, NLL: 0.9493, Masked: 13.3763
Epoch [10/92], Total Loss: 0.9604, NLL: 0.9470, Masked: 13.3485
Epoch [11/92], Total Loss: 0.9581, NLL: 0.9448, Masked: 13.3088
Epoch [12/92], Total Loss: 0.9559, NLL: 0.9426, Masked: 13.3243
Epoch [13/92], Total Loss: 0.9533, NLL: 0.9400, Masked: 13.2683
Epoch [14/92], Total Loss: 0.9505, NLL: 0.9372, Masked: 13.2436
Epoch [15/92], Total Loss: 0.9475, NLL: 0.9342, Masked: 13.2115
Epoch [16/92], Total Loss: 0.9445, NLL: 0.9313, Masked: 13.1823
Epoch [17/92], Total Loss: 0.9419, NLL: 0.9287, Masked: 13.1847
Epoch [18/92], Total Loss: 0.9393, NLL: 0.9262, Masked: 13.1886
Epoch [19/92], Total Loss: 0.9369, NLL: 0.9238, Masked: 13.1834
Epoch [20/92], Total Loss: 0.9340, NLL: 0.9208, Masked: 13.1529
Epoch [21/92], Total Loss: 0.9312, NLL: 0.9180, Masked: 13.1493
Epoch [22/92], Total Loss: 0.9279, NLL: 0.9148, Masked: 13.1125
Epoch [23/92], Total Loss: 0.9243, NLL: 0.9112, Masked: 13.0438
Epoch [24/92], Total Loss: 0.9205, NLL: 0.9075, Masked: 12.9937
Epoch [25/92], Total Loss: 0.9164, NLL: 0.9034, Masked: 12.9481
Epoch [26/92], Total Loss: 0.9120, NLL: 0.8991, Masked: 12.8910
Epoch [27/92], Total Loss: 0.9075, NLL: 0.8947, Masked: 12.7855
Epoch [28/92], Total Loss: 0.9029, NLL: 0.8903, Masked: 12.6539
Epoch [29/92], Total Loss: 0.8987, NLL: 0.8861, Masked: 12.5893
Epoch [30/92], Total Loss: 0.8946, NLL: 0.8821, Masked: 12.5047
Epoch [31/92], Total Loss: 0.8911, NLL: 0.8787, Masked: 12.4125
Epoch [32/92], Total Loss: 0.8882, NLL: 0.8758, Masked: 12.3779
Epoch [33/92], Total Loss: 0.8856, NLL: 0.8733, Masked: 12.3045
Epoch [34/92], Total Loss: 0.8834, NLL: 0.8711, Masked: 12.2888
Epoch [35/92], Total Loss: 0.8815, NLL: 0.8693, Masked: 12.2166
Epoch [36/92], Total Loss: 0.8798, NLL: 0.8676, Masked: 12.1820
Epoch [37/92], Total Loss: 0.8783, NLL: 0.8661, Masked: 12.1601
Epoch [38/92], Total Loss: 0.8768, NLL: 0.8647, Masked: 12.1289
Epoch [39/92], Total Loss: 0.8756, NLL: 0.8635, Masked: 12.0838
Epoch [40/92], Total Loss: 0.8745, NLL: 0.8624, Masked: 12.0880
Epoch [41/92], Total Loss: 0.8732, NLL: 0.8611, Masked: 12.0677
Epoch [42/92], Total Loss: 0.8722, NLL: 0.8601, Masked: 12.0368
Epoch [43/92], Total Loss: 0.8711, NLL: 0.8591, Masked: 12.0434
Epoch [44/92], Total Loss: 0.8701, NLL: 0.8581, Masked: 12.0482
Epoch [45/92], Total Loss: 0.8691, NLL: 0.8571, Masked: 12.0146
Epoch [46/92], Total Loss: 0.8681, NLL: 0.8561, Masked: 11.9999
Epoch [47/92], Total Loss: 0.8672, NLL: 0.8552, Masked: 12.0113
Epoch [48/92], Total Loss: 0.8662, NLL: 0.8542, Masked: 11.9861
Epoch [49/92], Total Loss: 0.8654, NLL: 0.8534, Masked: 11.9756
Epoch [50/92], Total Loss: 0.8643, NLL: 0.8524, Masked: 11.9712
Epoch [51/92], Total Loss: 0.8635, NLL: 0.8516, Masked: 11.9474
Epoch [52/92], Total Loss: 0.8627, NLL: 0.8507, Masked: 11.9798
Epoch [53/92], Total Loss: 0.8618, NLL: 0.8498, Masked: 11.9660
Epoch [54/92], Total Loss: 0.8610, NLL: 0.8490, Masked: 11.9792
Epoch [55/92], Total Loss: 0.8602, NLL: 0.8482, Masked: 11.9278
Epoch [56/92], Total Loss: 0.8592, NLL: 0.8473, Masked: 11.9364
Epoch [57/92], Total Loss: 0.8583, NLL: 0.8464, Masked: 11.9630
Epoch [58/92], Total Loss: 0.8576, NLL: 0.8457, Masked: 11.9661
Epoch [59/92], Total Loss: 0.8569, NLL: 0.8449, Masked: 11.9602
Epoch [60/92], Total Loss: 0.8559, NLL: 0.8440, Masked: 11.9478
Epoch [61/92], Total Loss: 0.8553, NLL: 0.8434, Masked: 11.9528
Epoch [62/92], Total Loss: 0.8544, NLL: 0.8425, Masked: 11.9450
Epoch [63/92], Total Loss: 0.8536, NLL: 0.8417, Masked: 11.9217
Epoch [64/92], Total Loss: 0.8529, NLL: 0.8409, Masked: 11.9645
Epoch [65/92], Total Loss: 0.8522, NLL: 0.8403, Masked: 11.9239
Epoch [66/92], Total Loss: 0.8513, NLL: 0.8394, Masked: 11.9368
Epoch [67/92], Total Loss: 0.8507, NLL: 0.8388, Masked: 11.9413
Epoch [68/92], Total Loss: 0.8500, NLL: 0.8380, Masked: 11.9423
Epoch [69/92], Total Loss: 0.8493, NLL: 0.8373, Masked: 11.9482
Epoch [70/92], Total Loss: 0.8486, NLL: 0.8367, Masked: 11.9333
Epoch [71/92], Total Loss: 0.8480, NLL: 0.8360, Masked: 11.9404
Epoch [72/92], Total Loss: 0.8473, NLL: 0.8353, Masked: 11.9733
Epoch [73/92], Total Loss: 0.8467, NLL: 0.8348, Masked: 11.9231
Epoch [74/92], Total Loss: 0.8462, NLL: 0.8342, Masked: 11.9594
Epoch [75/92], Total Loss: 0.8455, NLL: 0.8335, Masked: 11.9384
Epoch [76/92], Total Loss: 0.8448, NLL: 0.8329, Masked: 11.9489
Epoch [77/92], Total Loss: 0.8443, NLL: 0.8324, Masked: 11.9347
Epoch [78/92], Total Loss: 0.8438, NLL: 0.8318, Masked: 11.9545
Epoch [79/92], Total Loss: 0.8433, NLL: 0.8313, Masked: 11.9556
Epoch [80/92], Total Loss: 0.8427, NLL: 0.8308, Masked: 11.9733
Epoch [81/92], Total Loss: 0.8422, NLL: 0.8302, Masked: 11.9889
Epoch [82/92], Total Loss: 0.8416, NLL: 0.8297, Masked: 11.9394
Epoch [83/92], Total Loss: 0.8412, NLL: 0.8292, Masked: 11.9782
Epoch [84/92], Total Loss: 0.8407, NLL: 0.8287, Masked: 11.9801
Epoch [85/92], Total Loss: 0.8402, NLL: 0.8283, Masked: 11.9716
Epoch [86/92], Total Loss: 0.8397, NLL: 0.8277, Masked: 11.9488
Epoch [87/92], Total Loss: 0.8393, NLL: 0.8273, Masked: 11.9664
Epoch [88/92], Total Loss: 0.8389, NLL: 0.8269, Masked: 11.9790
Epoch [89/92], Total Loss: 0.8385, NLL: 0.8265, Masked: 11.9986
Epoch [90/92], Total Loss: 0.8380, NLL: 0.8260, Masked: 11.9666
Epoch [91/92], Total Loss: 0.8376, NLL: 0.8256, Masked: 11.9591
Epoch [92/92], Total Loss: 0.8371, NLL: 0.8251, Masked: 12.0064

==================================================
EVALUATING ON TRAINING DATA
==================================================

==================================================
TEST RESULTS
==================================================
Total Loss: 0.826351
  - ZINB NLL: 0.814591
Total number of masked values: 527493
  - Number of values with pi >= 0.48168422759857416: 324970
  - Number of values with pi < 0.48168422759857416: 202523
  - Masked Reconstruction: 11.759636
Mean Absolute Error (MAE): 2.326289
R² Score: 0.091638
==================================================


==================================================
TEST RESULTS
==================================================
Total Loss: 0.865426
  - ZINB NLL: 0.851157
Total number of masked values: 452203
  - Number of values with pi >= 0.48168422759857416: 283151
  - Number of values with pi < 0.48168422759857416: 169052
  - Masked Reconstruction: 14.268996
Mean Absolute Error (MAE): 2.544342
R² Score: 0.054600
==================================================


>>> Optimizing zinb_nll on VALIDATION set: 0.851157
>>> Full validation metrics: {'total_loss': 0.8654255690440169, 'zinb_nll': 0.8511565719005211, 'mae': 2.544341802597046, 'r2': 0.054599881172180176, 'masked_loss': 14.268996498865835}

Iteration No: 62 ended. Search finished for the next optimal point.
Time taken: 1065.3635
Function value obtained: 0.8512
Current minimum: 0.7089
Iteration No: 63 started. Searching for the next optimal point.

================================================================================
Trial with parameters:
  features: Centr_Nucl
  data_point_length: 500
  step_size: 0.26665399169384973
  bin_size: 1
  sample_fraction: 0.31725409082052614
  moving_average: True
  first_layer_size_factor: 147
  num_layers: 1
  use_conv: True
  conv_channel: 16
  pool_size: 2
  kernel_size: 9
  epochs: 78
  batch_size: 32
  pi_threshold: 0.3668619381214094
  learning_rate: 1e-05
  dropout_rate: 0.5
  masked_recon_weight: 0.001
  regularizer: none
  regularization_weight: 1e-05
================================================================================

Creating datasets with:
  features: ['Centr', 'Nucl']
  bin_size: 1
  moving_average: True
  data_point_length: 500 (from 500)
  step_size: 133 (from fraction 0.26665399169384973)
  layers: [np.int64(2352)] (first=2352, num=1)
  stride: 1 (fixed), padding: same (fixed)


Clipping outliers using 95th percentile * 1.5...
strain_yTW001: Clipping values above 134.25 (P95=89.50). Clipped 27529/1193409 values (2.31%)
strain_FD: Clipping values above 71.92 (P95=47.94). Clipped 95791/4127807 values (2.32%)
strain_dnrp: Clipping values above 243.00 (P95=162.00). Clipped 25649/1119454 values (2.29%)
strain_yEK19: Clipping values above 77.10 (P95=51.40). Clipped 83713/3893623 values (2.15%)
strain_yEK23: Clipping values above 72.00 (P95=48.00). Clipped 86381/3558407 values (2.43%)
strain_yWT03a: Clipping values above 15.00 (P95=10.00). Clipped 10602/347679 values (3.05%)
strain_yWT04a: Clipping values above 58.50 (P95=39.00). Clipped 21095/725406 values (2.91%)
strain_ylic137: Clipping values above 142.50 (P95=95.00). Clipped 28746/1112684 values (2.58%)
Standardizing features: ['Centr', 'Nucl']
Column order in final array (Dataset/Chrom split): ['Value', 'Nucleosome_Distance', 'Centromere_Distance', 'Value_Raw', 'Size_Factor']
Removing 0 empty data points out of 501640
Column order in final array (Dataset/Chrom split): ['Value', 'Nucleosome_Distance', 'Centromere_Distance', 'Value_Raw', 'Size_Factor']
Removing 0 empty data points out of 133824
Column order in final array (Dataset/Chrom split): ['Value', 'Nucleosome_Distance', 'Centromere_Distance', 'Value_Raw', 'Size_Factor']
Removing 0 empty data points out of 90328
Datasets created:
  Train: (501640, 500, 5), Val: (133824, 500, 5), Test: (90328, 500, 5)

Randomly sampled 159147/501640 samples (31.7%)
Applied denoising with 15.0% masking
Applied denoising with 15.0% masking
Applied denoising with 15.0% masking
Epoch [1/78], Total Loss: 1.0364, NLL: 1.0229, Masked: 13.5256
Epoch [2/78], Total Loss: 0.9708, NLL: 0.9578, Masked: 13.0687
Epoch [3/78], Total Loss: 0.9516, NLL: 0.9386, Masked: 12.9931
Epoch [4/78], Total Loss: 0.9317, NLL: 0.9188, Masked: 12.8469
Epoch [5/78], Total Loss: 0.9089, NLL: 0.8962, Masked: 12.6845
Epoch [6/78], Total Loss: 0.8881, NLL: 0.8756, Masked: 12.5093
Epoch [7/78], Total Loss: 0.8748, NLL: 0.8625, Masked: 12.3167
Epoch [8/78], Total Loss: 0.8653, NLL: 0.8531, Masked: 12.2261
Epoch [9/78], Total Loss: 0.8574, NLL: 0.8452, Masked: 12.2057
Epoch [10/78], Total Loss: 0.8509, NLL: 0.8387, Masked: 12.2178
Epoch [11/78], Total Loss: 0.8459, NLL: 0.8336, Masked: 12.2511
Epoch [12/78], Total Loss: 0.8416, NLL: 0.8294, Masked: 12.2611
Epoch [13/78], Total Loss: 0.8380, NLL: 0.8258, Masked: 12.2578
Epoch [14/78], Total Loss: 0.8349, NLL: 0.8227, Masked: 12.2382
Epoch [15/78], Total Loss: 0.8321, NLL: 0.8198, Masked: 12.2312
Epoch [16/78], Total Loss: 0.8295, NLL: 0.8173, Masked: 12.2187
Epoch [17/78], Total Loss: 0.8272, NLL: 0.8150, Masked: 12.2172
Epoch [18/78], Total Loss: 0.8249, NLL: 0.8127, Masked: 12.1961
Epoch [19/78], Total Loss: 0.8227, NLL: 0.8105, Masked: 12.1860
Epoch [20/78], Total Loss: 0.8207, NLL: 0.8085, Masked: 12.1895
Epoch [21/78], Total Loss: 0.8188, NLL: 0.8067, Masked: 12.1746
Epoch [22/78], Total Loss: 0.8171, NLL: 0.8049, Masked: 12.1666
Epoch [23/78], Total Loss: 0.8154, NLL: 0.8032, Masked: 12.1553
Epoch [24/78], Total Loss: 0.8137, NLL: 0.8015, Masked: 12.1472
Epoch [25/78], Total Loss: 0.8120, NLL: 0.7999, Masked: 12.1173
Epoch [26/78], Total Loss: 0.8102, NLL: 0.7981, Masked: 12.1149
Epoch [27/78], Total Loss: 0.8085, NLL: 0.7964, Masked: 12.1185
Epoch [28/78], Total Loss: 0.8067, NLL: 0.7946, Masked: 12.1034
Epoch [29/78], Total Loss: 0.8048, NLL: 0.7927, Masked: 12.0862
Epoch [30/78], Total Loss: 0.8029, NLL: 0.7908, Masked: 12.0900
Epoch [31/78], Total Loss: 0.8009, NLL: 0.7888, Masked: 12.0800
Epoch [32/78], Total Loss: 0.7989, NLL: 0.7868, Masked: 12.1039
Epoch [33/78], Total Loss: 0.7968, NLL: 0.7847, Masked: 12.0766
Epoch [34/78], Total Loss: 0.7947, NLL: 0.7826, Masked: 12.0676
Epoch [35/78], Total Loss: 0.7926, NLL: 0.7806, Masked: 12.0676
Epoch [36/78], Total Loss: 0.7906, NLL: 0.7786, Masked: 12.0537
Epoch [37/78], Total Loss: 0.7888, NLL: 0.7767, Masked: 12.0641
Epoch [38/78], Total Loss: 0.7870, NLL: 0.7750, Masked: 12.0667
Epoch [39/78], Total Loss: 0.7853, NLL: 0.7733, Masked: 12.0689
Epoch [40/78], Total Loss: 0.7837, NLL: 0.7716, Masked: 12.0597
Epoch [41/78], Total Loss: 0.7820, NLL: 0.7699, Masked: 12.0809
Epoch [42/78], Total Loss: 0.7805, NLL: 0.7684, Masked: 12.0597
Epoch [43/78], Total Loss: 0.7790, NLL: 0.7669, Masked: 12.0561
Epoch [44/78], Total Loss: 0.7775, NLL: 0.7655, Masked: 12.0575
Epoch [45/78], Total Loss: 0.7761, NLL: 0.7641, Masked: 12.0639
Epoch [46/78], Total Loss: 0.7747, NLL: 0.7627, Masked: 12.0549
Epoch [47/78], Total Loss: 0.7733, NLL: 0.7613, Masked: 12.0457
Epoch [48/78], Total Loss: 0.7720, NLL: 0.7599, Masked: 12.0455
Epoch [49/78], Total Loss: 0.7707, NLL: 0.7586, Masked: 12.0619
Epoch [50/78], Total Loss: 0.7694, NLL: 0.7573, Masked: 12.0438
Epoch [51/78], Total Loss: 0.7681, NLL: 0.7560, Masked: 12.0478
Epoch [52/78], Total Loss: 0.7668, NLL: 0.7548, Masked: 12.0449
Epoch [53/78], Total Loss: 0.7655, NLL: 0.7535, Masked: 12.0401
Epoch [54/78], Total Loss: 0.7644, NLL: 0.7523, Masked: 12.0500
Epoch [55/78], Total Loss: 0.7632, NLL: 0.7512, Masked: 12.0517
Epoch [56/78], Total Loss: 0.7620, NLL: 0.7499, Masked: 12.0398
Epoch [57/78], Total Loss: 0.7608, NLL: 0.7488, Masked: 12.0405
Epoch [58/78], Total Loss: 0.7596, NLL: 0.7476, Masked: 12.0398
Epoch [59/78], Total Loss: 0.7585, NLL: 0.7464, Masked: 12.0456
Epoch [60/78], Total Loss: 0.7573, NLL: 0.7453, Masked: 12.0356
Epoch [61/78], Total Loss: 0.7562, NLL: 0.7441, Masked: 12.0445
Epoch [62/78], Total Loss: 0.7550, NLL: 0.7430, Masked: 12.0270
Epoch [63/78], Total Loss: 0.7539, NLL: 0.7418, Masked: 12.0238
Epoch [64/78], Total Loss: 0.7528, NLL: 0.7407, Masked: 12.0206
Epoch [65/78], Total Loss: 0.7517, NLL: 0.7397, Masked: 12.0227
Epoch [66/78], Total Loss: 0.7506, NLL: 0.7385, Masked: 12.0244
Epoch [67/78], Total Loss: 0.7495, NLL: 0.7374, Masked: 12.0313
Epoch [68/78], Total Loss: 0.7484, NLL: 0.7364, Masked: 12.0195
Epoch [69/78], Total Loss: 0.7474, NLL: 0.7353, Masked: 12.0346
Epoch [70/78], Total Loss: 0.7464, NLL: 0.7343, Masked: 12.0378
Epoch [71/78], Total Loss: 0.7452, NLL: 0.7332, Masked: 12.0174
Epoch [72/78], Total Loss: 0.7442, NLL: 0.7322, Masked: 12.0079
Epoch [73/78], Total Loss: 0.7432, NLL: 0.7312, Masked: 12.0177
Epoch [74/78], Total Loss: 0.7422, NLL: 0.7302, Masked: 12.0117
Epoch [75/78], Total Loss: 0.7413, NLL: 0.7293, Masked: 12.0271
Epoch [76/78], Total Loss: 0.7404, NLL: 0.7284, Masked: 12.0161
Epoch [77/78], Total Loss: 0.7395, NLL: 0.7275, Masked: 12.0162
Epoch [78/78], Total Loss: 0.7387, NLL: 0.7267, Masked: 12.0070

==================================================
EVALUATING ON TRAINING DATA
==================================================

==================================================
TEST RESULTS
==================================================
Total Loss: 0.713918
  - ZINB NLL: 0.702027
Total number of masked values: 1858689
  - Number of values with pi >= 0.3668619381214094: 1397008
  - Number of values with pi < 0.3668619381214094: 461681
  - Masked Reconstruction: 11.891930
Mean Absolute Error (MAE): 1.282454
R² Score: 0.705198
==================================================


==================================================
TEST RESULTS
==================================================
Total Loss: 0.758365
  - ZINB NLL: 0.744445
Total number of masked values: 1603513
  - Number of values with pi >= 0.3668619381214094: 1246468
  - Number of values with pi < 0.3668619381214094: 357045
  - Masked Reconstruction: 13.919929
Mean Absolute Error (MAE): 1.428667
R² Score: 0.677108
==================================================


>>> Optimizing zinb_nll on VALIDATION set: 0.744445
>>> Full validation metrics: {'total_loss': 0.7583650106066212, 'zinb_nll': 0.7444450805442063, 'mae': 1.428667426109314, 'r2': 0.6771075129508972, 'masked_loss': 13.919929041211427}

Iteration No: 63 ended. Search finished for the next optimal point.
Time taken: 2563.7888
Function value obtained: 0.7444
Current minimum: 0.7089
Iteration No: 64 started. Searching for the next optimal point.

================================================================================
Trial with parameters:
  features: Centr_Nucl
  data_point_length: 500
  step_size: 0.28802738955810286
  bin_size: 1
  sample_fraction: 0.6800653453424539
  moving_average: False
  first_layer_size_factor: 150
  num_layers: 1
  use_conv: False
  conv_channel: 93
  pool_size: 2
  kernel_size: 3
  epochs: 145
  batch_size: 32
  pi_threshold: 0.32893681304914685
  learning_rate: 1e-05
  dropout_rate: 0.0
  masked_recon_weight: 0.001
  regularizer: none
  regularization_weight: 1e-05
================================================================================

Creating datasets with:
  features: ['Centr', 'Nucl']
  bin_size: 1
  moving_average: False
  data_point_length: 500 (from 500)
  step_size: 144 (from fraction 0.28802738955810286)
  layers: [np.int64(2400)] (first=2400, num=1)
  stride: 1 (fixed), padding: same (fixed)


Clipping outliers using 95th percentile * 1.5...
strain_yTW001: Clipping values above 134.25 (P95=89.50). Clipped 27529/1193409 values (2.31%)
strain_FD: Clipping values above 71.92 (P95=47.94). Clipped 95791/4127807 values (2.32%)
strain_dnrp: Clipping values above 243.00 (P95=162.00). Clipped 25649/1119454 values (2.29%)
strain_yEK19: Clipping values above 77.10 (P95=51.40). Clipped 83713/3893623 values (2.15%)
strain_yEK23: Clipping values above 72.00 (P95=48.00). Clipped 86381/3558407 values (2.43%)
strain_yWT03a: Clipping values above 15.00 (P95=10.00). Clipped 10602/347679 values (3.05%)
strain_yWT04a: Clipping values above 58.50 (P95=39.00). Clipped 21095/725406 values (2.91%)
strain_ylic137: Clipping values above 142.50 (P95=95.00). Clipped 28746/1112684 values (2.58%)
Standardizing features: ['Centr', 'Nucl']
Column order in final array (Dataset/Chrom split): ['Value', 'Nucleosome_Distance', 'Centromere_Distance', 'Value_Raw', 'Size_Factor']
Removing 0 empty data points out of 463336
Column order in final array (Dataset/Chrom split): ['Value', 'Nucleosome_Distance', 'Centromere_Distance', 'Value_Raw', 'Size_Factor']
Removing 0 empty data points out of 123608
Column order in final array (Dataset/Chrom split): ['Value', 'Nucleosome_Distance', 'Centromere_Distance', 'Value_Raw', 'Size_Factor']
Removing 0 empty data points out of 83432
Datasets created:
  Train: (463336, 500, 5), Val: (123608, 500, 5), Test: (83432, 500, 5)

Randomly sampled 315098/463336 samples (68.0%)
Applied denoising with 15.0% masking
Applied denoising with 15.0% masking
Applied denoising with 15.0% masking
Epoch [1/145], Total Loss: 1.0585, NLL: 1.0444, Masked: 14.0808
Epoch [2/145], Total Loss: 0.9397, NLL: 0.9267, Masked: 12.9988
Epoch [3/145], Total Loss: 0.9119, NLL: 0.8991, Masked: 12.7874
Epoch [4/145], Total Loss: 0.8905, NLL: 0.8778, Masked: 12.6532
Epoch [5/145], Total Loss: 0.8683, NLL: 0.8558, Masked: 12.5208
Epoch [6/145], Total Loss: 0.8469, NLL: 0.8345, Masked: 12.4295
Epoch [7/145], Total Loss: 0.8284, NLL: 0.8160, Masked: 12.3921
Epoch [8/145], Total Loss: 0.8133, NLL: 0.8009, Masked: 12.4070
Epoch [9/145], Total Loss: 0.8011, NLL: 0.7887, Masked: 12.4058
Epoch [10/145], Total Loss: 0.7915, NLL: 0.7790, Masked: 12.4319
Epoch [11/145], Total Loss: 0.7838, NLL: 0.7713, Masked: 12.4448
Epoch [12/145], Total Loss: 0.7776, NLL: 0.7652, Masked: 12.4650
Epoch [13/145], Total Loss: 0.7724, NLL: 0.7600, Masked: 12.4588
Epoch [14/145], Total Loss: 0.7682, NLL: 0.7557, Masked: 12.4840
Epoch [15/145], Total Loss: 0.7644, NLL: 0.7519, Masked: 12.4946
Epoch [16/145], Total Loss: 0.7612, NLL: 0.7487, Masked: 12.5025
Epoch [17/145], Total Loss: 0.7582, NLL: 0.7457, Masked: 12.5201
Epoch [18/145], Total Loss: 0.7556, NLL: 0.7430, Masked: 12.5354
Epoch [19/145], Total Loss: 0.7530, NLL: 0.7404, Masked: 12.5620
Epoch [20/145], Total Loss: 0.7507, NLL: 0.7381, Masked: 12.5646
Epoch [21/145], Total Loss: 0.7484, NLL: 0.7359, Masked: 12.5707
Epoch [22/145], Total Loss: 0.7463, NLL: 0.7337, Masked: 12.5914
Epoch [23/145], Total Loss: 0.7444, NLL: 0.7318, Masked: 12.6256
Epoch [24/145], Total Loss: 0.7425, NLL: 0.7299, Masked: 12.6161
Epoch [25/145], Total Loss: 0.7407, NLL: 0.7280, Masked: 12.6175
Epoch [26/145], Total Loss: 0.7389, NLL: 0.7263, Masked: 12.6367
Epoch [27/145], Total Loss: 0.7372, NLL: 0.7246, Masked: 12.6381
Epoch [28/145], Total Loss: 0.7357, NLL: 0.7230, Masked: 12.6492
Epoch [29/145], Total Loss: 0.7342, NLL: 0.7215, Masked: 12.6656
Epoch [30/145], Total Loss: 0.7326, NLL: 0.7199, Masked: 12.6735
Epoch [31/145], Total Loss: 0.7311, NLL: 0.7185, Masked: 12.6763
Epoch [32/145], Total Loss: 0.7298, NLL: 0.7171, Masked: 12.6874
Epoch [33/145], Total Loss: 0.7284, NLL: 0.7157, Masked: 12.7173
Epoch [34/145], Total Loss: 0.7271, NLL: 0.7144, Masked: 12.7103
Epoch [35/145], Total Loss: 0.7258, NLL: 0.7131, Masked: 12.7188
Epoch [36/145], Total Loss: 0.7246, NLL: 0.7119, Masked: 12.7270
Epoch [37/145], Total Loss: 0.7234, NLL: 0.7106, Masked: 12.7436
Epoch [38/145], Total Loss: 0.7222, NLL: 0.7095, Masked: 12.7470
Epoch [39/145], Total Loss: 0.7211, NLL: 0.7083, Masked: 12.7439
Epoch [40/145], Total Loss: 0.7200, NLL: 0.7073, Masked: 12.7590
Epoch [41/145], Total Loss: 0.7189, NLL: 0.7061, Masked: 12.7680
Epoch [42/145], Total Loss: 0.7178, NLL: 0.7050, Masked: 12.7697
Epoch [43/145], Total Loss: 0.7168, NLL: 0.7040, Masked: 12.7774
Epoch [44/145], Total Loss: 0.7158, NLL: 0.7030, Masked: 12.7896
Epoch [45/145], Total Loss: 0.7148, NLL: 0.7020, Masked: 12.7944
Epoch [46/145], Total Loss: 0.7138, NLL: 0.7010, Masked: 12.8095
Epoch [47/145], Total Loss: 0.7129, NLL: 0.7000, Masked: 12.8031
Epoch [48/145], Total Loss: 0.7119, NLL: 0.6991, Masked: 12.8069
Epoch [49/145], Total Loss: 0.7110, NLL: 0.6982, Masked: 12.8226
Epoch [50/145], Total Loss: 0.7101, NLL: 0.6973, Masked: 12.8226
Epoch [51/145], Total Loss: 0.7092, NLL: 0.6964, Masked: 12.8083
Epoch [52/145], Total Loss: 0.7084, NLL: 0.6955, Masked: 12.8362
Epoch [53/145], Total Loss: 0.7075, NLL: 0.6947, Masked: 12.8312
Epoch [54/145], Total Loss: 0.7067, NLL: 0.6938, Masked: 12.8395
Epoch [55/145], Total Loss: 0.7059, NLL: 0.6930, Masked: 12.8428
Epoch [56/145], Total Loss: 0.7051, NLL: 0.6922, Masked: 12.8542
Epoch [57/145], Total Loss: 0.7043, NLL: 0.6914, Masked: 12.8542
Epoch [58/145], Total Loss: 0.7035, NLL: 0.6907, Masked: 12.8597
Epoch [59/145], Total Loss: 0.7028, NLL: 0.6899, Masked: 12.8677
Epoch [60/145], Total Loss: 0.7020, NLL: 0.6891, Masked: 12.8558
Epoch [61/145], Total Loss: 0.7013, NLL: 0.6884, Masked: 12.8709
Epoch [62/145], Total Loss: 0.7006, NLL: 0.6877, Masked: 12.8671
Epoch [63/145], Total Loss: 0.6998, NLL: 0.6870, Masked: 12.8628
Epoch [64/145], Total Loss: 0.6991, NLL: 0.6863, Masked: 12.8745
Epoch [65/145], Total Loss: 0.6985, NLL: 0.6856, Masked: 12.8779
Epoch [66/145], Total Loss: 0.6978, NLL: 0.6849, Masked: 12.8824
Epoch [67/145], Total Loss: 0.6971, NLL: 0.6842, Masked: 12.8768
Epoch [68/145], Total Loss: 0.6964, NLL: 0.6835, Masked: 12.8769
Epoch [69/145], Total Loss: 0.6958, NLL: 0.6829, Masked: 12.8819
Epoch [70/145], Total Loss: 0.6951, NLL: 0.6823, Masked: 12.8875
Epoch [71/145], Total Loss: 0.6945, NLL: 0.6816, Masked: 12.8825
Epoch [72/145], Total Loss: 0.6938, NLL: 0.6810, Masked: 12.8859
Epoch [73/145], Total Loss: 0.6933, NLL: 0.6804, Masked: 12.8919
Epoch [74/145], Total Loss: 0.6926, NLL: 0.6797, Masked: 12.9030
Epoch [75/145], Total Loss: 0.6920, NLL: 0.6791, Masked: 12.8872
Epoch [76/145], Total Loss: 0.6914, NLL: 0.6785, Masked: 12.8956
Epoch [77/145], Total Loss: 0.6908, NLL: 0.6779, Masked: 12.8942
Epoch [78/145], Total Loss: 0.6903, NLL: 0.6774, Masked: 12.9054
Epoch [79/145], Total Loss: 0.6897, NLL: 0.6768, Masked: 12.8901
Epoch [80/145], Total Loss: 0.6891, NLL: 0.6762, Masked: 12.8954
Epoch [81/145], Total Loss: 0.6886, NLL: 0.6757, Masked: 12.9035
Epoch [82/145], Total Loss: 0.6880, NLL: 0.6751, Masked: 12.9091
Epoch [83/145], Total Loss: 0.6875, NLL: 0.6746, Masked: 12.9092
Epoch [84/145], Total Loss: 0.6869, NLL: 0.6740, Masked: 12.8993
Epoch [85/145], Total Loss: 0.6864, NLL: 0.6735, Masked: 12.9165
Epoch [86/145], Total Loss: 0.6859, NLL: 0.6730, Masked: 12.9181
Epoch [87/145], Total Loss: 0.6854, NLL: 0.6725, Masked: 12.9157
Epoch [88/145], Total Loss: 0.6849, NLL: 0.6720, Masked: 12.9193
Epoch [89/145], Total Loss: 0.6844, NLL: 0.6714, Masked: 12.9174
Epoch [90/145], Total Loss: 0.6838, NLL: 0.6709, Masked: 12.9146
Epoch [91/145], Total Loss: 0.6834, NLL: 0.6704, Masked: 12.9187
Epoch [92/145], Total Loss: 0.6829, NLL: 0.6700, Masked: 12.9306
Epoch [93/145], Total Loss: 0.6824, NLL: 0.6695, Masked: 12.9185
Epoch [94/145], Total Loss: 0.6819, NLL: 0.6690, Masked: 12.9211
Epoch [95/145], Total Loss: 0.6814, NLL: 0.6685, Masked: 12.9227
Epoch [96/145], Total Loss: 0.6810, NLL: 0.6681, Masked: 12.9158
Epoch [97/145], Total Loss: 0.6805, NLL: 0.6676, Masked: 12.9227
Epoch [98/145], Total Loss: 0.6800, NLL: 0.6671, Masked: 12.9257
Epoch [99/145], Total Loss: 0.6796, NLL: 0.6667, Masked: 12.9309
Epoch [100/145], Total Loss: 0.6792, NLL: 0.6662, Masked: 12.9135
Epoch [101/145], Total Loss: 0.6787, NLL: 0.6658, Masked: 12.9241
Epoch [102/145], Total Loss: 0.6783, NLL: 0.6653, Masked: 12.9252
Epoch [103/145], Total Loss: 0.6778, NLL: 0.6649, Masked: 12.9245
Epoch [104/145], Total Loss: 0.6774, NLL: 0.6645, Masked: 12.9298
Epoch [105/145], Total Loss: 0.6770, NLL: 0.6641, Masked: 12.9325
Epoch [106/145], Total Loss: 0.6766, NLL: 0.6636, Masked: 12.9237
Epoch [107/145], Total Loss: 0.6761, NLL: 0.6632, Masked: 12.9362
Epoch [108/145], Total Loss: 0.6757, NLL: 0.6628, Masked: 12.9309
Epoch [109/145], Total Loss: 0.6753, NLL: 0.6624, Masked: 12.9329
Epoch [110/145], Total Loss: 0.6749, NLL: 0.6620, Masked: 12.9465
Epoch [111/145], Total Loss: 0.6745, NLL: 0.6616, Masked: 12.9242
Epoch [112/145], Total Loss: 0.6741, NLL: 0.6612, Masked: 12.9368
Epoch [113/145], Total Loss: 0.6737, NLL: 0.6608, Masked: 12.9368
Epoch [114/145], Total Loss: 0.6733, NLL: 0.6604, Masked: 12.9288
Epoch [115/145], Total Loss: 0.6729, NLL: 0.6600, Masked: 12.9458
Epoch [116/145], Total Loss: 0.6726, NLL: 0.6596, Masked: 12.9405
Epoch [117/145], Total Loss: 0.6722, NLL: 0.6592, Masked: 12.9288
Epoch [118/145], Total Loss: 0.6718, NLL: 0.6589, Masked: 12.9306
Epoch [119/145], Total Loss: 0.6714, NLL: 0.6585, Masked: 12.9330
Epoch [120/145], Total Loss: 0.6711, NLL: 0.6581, Masked: 12.9440
Epoch [121/145], Total Loss: 0.6707, NLL: 0.6578, Masked: 12.9389
Epoch [122/145], Total Loss: 0.6703, NLL: 0.6574, Masked: 12.9459
Epoch [123/145], Total Loss: 0.6699, NLL: 0.6570, Masked: 12.9333
Epoch [124/145], Total Loss: 0.6696, NLL: 0.6567, Masked: 12.9647
Epoch [125/145], Total Loss: 0.6692, NLL: 0.6563, Masked: 12.9294
Epoch [126/145], Total Loss: 0.6689, NLL: 0.6560, Masked: 12.9344
Epoch [127/145], Total Loss: 0.6686, NLL: 0.6557, Masked: 12.9382
Epoch [128/145], Total Loss: 0.6682, NLL: 0.6553, Masked: 12.9298
Epoch [129/145], Total Loss: 0.6679, NLL: 0.6549, Masked: 12.9400
Epoch [130/145], Total Loss: 0.6675, NLL: 0.6546, Masked: 12.9395
Epoch [131/145], Total Loss: 0.6672, NLL: 0.6543, Masked: 12.9345
Epoch [132/145], Total Loss: 0.6669, NLL: 0.6540, Masked: 12.9397
Epoch [133/145], Total Loss: 0.6665, NLL: 0.6536, Masked: 12.9347
Epoch [134/145], Total Loss: 0.6662, NLL: 0.6533, Masked: 12.9328
Epoch [135/145], Total Loss: 0.6659, NLL: 0.6530, Masked: 12.9460
Epoch [136/145], Total Loss: 0.6656, NLL: 0.6526, Masked: 12.9383
Epoch [137/145], Total Loss: 0.6652, NLL: 0.6523, Masked: 12.9454
Epoch [138/145], Total Loss: 0.6649, NLL: 0.6520, Masked: 12.9422
Epoch [139/145], Total Loss: 0.6647, NLL: 0.6517, Masked: 12.9525
Epoch [140/145], Total Loss: 0.6644, NLL: 0.6514, Masked: 12.9508
Epoch [141/145], Total Loss: 0.6640, NLL: 0.6511, Masked: 12.9364
Epoch [142/145], Total Loss: 0.6637, NLL: 0.6508, Masked: 12.9542
Epoch [143/145], Total Loss: 0.6634, NLL: 0.6505, Masked: 12.9496
Epoch [144/145], Total Loss: 0.6631, NLL: 0.6502, Masked: 12.9416
Epoch [145/145], Total Loss: 0.6628, NLL: 0.6499, Masked: 12.9470

==================================================
EVALUATING ON TRAINING DATA
==================================================

==================================================
TEST RESULTS
==================================================
Total Loss: 0.663410
  - ZINB NLL: 0.650061
Total number of masked values: 3681264
  - Number of values with pi >= 0.32893681304914685: 3507832
  - Number of values with pi < 0.32893681304914685: 173432
  - Masked Reconstruction: 13.348206
Mean Absolute Error (MAE): 2.379647
R² Score: -184.611053
==================================================


==================================================
TEST RESULTS
==================================================
Total Loss: 0.702967
  - ZINB NLL: 0.688474
Total number of masked values: 1480978
  - Number of values with pi >= 0.32893681304914685: 1434456
  - Number of values with pi < 0.32893681304914685: 46522
  - Masked Reconstruction: 14.493066
Mean Absolute Error (MAE): 2.422812
R² Score: -46.944870
==================================================


>>> Optimizing zinb_nll on VALIDATION set: 0.688474
>>> Full validation metrics: {'total_loss': 0.7029672084316784, 'zinb_nll': 0.6884741414509292, 'mae': 2.4228122234344482, 'r2': -46.94486999511719, 'masked_loss': 14.493066483952452}

Iteration No: 64 ended. Search finished for the next optimal point.
Time taken: 6413.4072
Function value obtained: 0.6885
Current minimum: 0.6885
Iteration No: 65 started. Searching for the next optimal point.

================================================================================
Trial with parameters:
  features: Centr_Nucl
  data_point_length: 500
  step_size: 0.5539173919154007
  bin_size: 1
  sample_fraction: 0.8416429326623198
  moving_average: False
  first_layer_size_factor: 150
  num_layers: 1
  use_conv: False
  conv_channel: 75
  pool_size: 2
  kernel_size: 9
  epochs: 70
  batch_size: 32
  pi_threshold: 0.4118255893099295
  learning_rate: 1e-05
  dropout_rate: 0.0
  masked_recon_weight: 0.001
  regularizer: none
  regularization_weight: 1e-05
================================================================================

Creating datasets with:
  features: ['Centr', 'Nucl']
  bin_size: 1
  moving_average: False
  data_point_length: 500 (from 500)
  step_size: 276 (from fraction 0.5539173919154007)
  layers: [np.int64(2400)] (first=2400, num=1)
  stride: 1 (fixed), padding: same (fixed)


Clipping outliers using 95th percentile * 1.5...
strain_yTW001: Clipping values above 134.25 (P95=89.50). Clipped 27529/1193409 values (2.31%)
strain_FD: Clipping values above 71.92 (P95=47.94). Clipped 95791/4127807 values (2.32%)
strain_dnrp: Clipping values above 243.00 (P95=162.00). Clipped 25649/1119454 values (2.29%)
strain_yEK19: Clipping values above 77.10 (P95=51.40). Clipped 83713/3893623 values (2.15%)
strain_yEK23: Clipping values above 72.00 (P95=48.00). Clipped 86381/3558407 values (2.43%)
strain_yWT03a: Clipping values above 15.00 (P95=10.00). Clipped 10602/347679 values (3.05%)
strain_yWT04a: Clipping values above 58.50 (P95=39.00). Clipped 21095/725406 values (2.91%)
strain_ylic137: Clipping values above 142.50 (P95=95.00). Clipped 28746/1112684 values (2.58%)
Standardizing features: ['Centr', 'Nucl']
Column order in final array (Dataset/Chrom split): ['Value', 'Nucleosome_Distance', 'Centromere_Distance', 'Value_Raw', 'Size_Factor']
Removing 0 empty data points out of 241792
Column order in final array (Dataset/Chrom split): ['Value', 'Nucleosome_Distance', 'Centromere_Distance', 'Value_Raw', 'Size_Factor']
Removing 0 empty data points out of 64512
Column order in final array (Dataset/Chrom split): ['Value', 'Nucleosome_Distance', 'Centromere_Distance', 'Value_Raw', 'Size_Factor']
Removing 0 empty data points out of 43552
Datasets created:
  Train: (241792, 500, 5), Val: (64512, 500, 5), Test: (43552, 500, 5)

Randomly sampled 203502/241792 samples (84.2%)
Applied denoising with 15.0% masking
Applied denoising with 15.0% masking
Applied denoising with 15.0% masking
Epoch [1/70], Total Loss: 1.1017, NLL: 1.0869, Masked: 14.7639
Epoch [2/70], Total Loss: 0.9703, NLL: 0.9571, Masked: 13.1811
Epoch [3/70], Total Loss: 0.9361, NLL: 0.9233, Masked: 12.8134
Epoch [4/70], Total Loss: 0.9184, NLL: 0.9058, Masked: 12.6342
Epoch [5/70], Total Loss: 0.9041, NLL: 0.8916, Masked: 12.5475
Epoch [6/70], Total Loss: 0.8899, NLL: 0.8775, Masked: 12.4285
Epoch [7/70], Total Loss: 0.8752, NLL: 0.8628, Masked: 12.3176
Epoch [8/70], Total Loss: 0.8605, NLL: 0.8483, Masked: 12.2295
Epoch [9/70], Total Loss: 0.8467, NLL: 0.8345, Masked: 12.1901
Epoch [10/70], Total Loss: 0.8342, NLL: 0.8220, Masked: 12.1501
Epoch [11/70], Total Loss: 0.8232, NLL: 0.8111, Masked: 12.1505
Epoch [12/70], Total Loss: 0.8138, NLL: 0.8016, Masked: 12.1653
Epoch [13/70], Total Loss: 0.8055, NLL: 0.7934, Masked: 12.1687
Epoch [14/70], Total Loss: 0.7983, NLL: 0.7862, Masked: 12.1813
Epoch [15/70], Total Loss: 0.7923, NLL: 0.7801, Masked: 12.2069
Epoch [16/70], Total Loss: 0.7872, NLL: 0.7750, Masked: 12.2198
Epoch [17/70], Total Loss: 0.7825, NLL: 0.7702, Masked: 12.2087
Epoch [18/70], Total Loss: 0.7785, NLL: 0.7663, Masked: 12.2212
Epoch [19/70], Total Loss: 0.7750, NLL: 0.7628, Masked: 12.2273
Epoch [20/70], Total Loss: 0.7718, NLL: 0.7596, Masked: 12.2359
Epoch [21/70], Total Loss: 0.7689, NLL: 0.7567, Masked: 12.2361
Epoch [22/70], Total Loss: 0.7664, NLL: 0.7541, Masked: 12.2511
Epoch [23/70], Total Loss: 0.7640, NLL: 0.7518, Masked: 12.2507
Epoch [24/70], Total Loss: 0.7618, NLL: 0.7495, Masked: 12.2607
Epoch [25/70], Total Loss: 0.7597, NLL: 0.7475, Masked: 12.2810
Epoch [26/70], Total Loss: 0.7578, NLL: 0.7455, Masked: 12.2737
Epoch [27/70], Total Loss: 0.7559, NLL: 0.7436, Masked: 12.3037
Epoch [28/70], Total Loss: 0.7542, NLL: 0.7419, Masked: 12.2989
Epoch [29/70], Total Loss: 0.7525, NLL: 0.7402, Masked: 12.3016
Epoch [30/70], Total Loss: 0.7509, NLL: 0.7386, Masked: 12.2966
Epoch [31/70], Total Loss: 0.7493, NLL: 0.7370, Masked: 12.3174
Epoch [32/70], Total Loss: 0.7479, NLL: 0.7356, Masked: 12.3159
Epoch [33/70], Total Loss: 0.7464, NLL: 0.7341, Masked: 12.3375
Epoch [34/70], Total Loss: 0.7451, NLL: 0.7327, Masked: 12.3259
Epoch [35/70], Total Loss: 0.7438, NLL: 0.7314, Masked: 12.3375
Epoch [36/70], Total Loss: 0.7424, NLL: 0.7300, Masked: 12.3381
Epoch [37/70], Total Loss: 0.7411, NLL: 0.7288, Masked: 12.3339
Epoch [38/70], Total Loss: 0.7400, NLL: 0.7276, Masked: 12.3820
Epoch [39/70], Total Loss: 0.7387, NLL: 0.7264, Masked: 12.3461
Epoch [40/70], Total Loss: 0.7376, NLL: 0.7252, Masked: 12.3501
Epoch [41/70], Total Loss: 0.7364, NLL: 0.7240, Masked: 12.3590
Epoch [42/70], Total Loss: 0.7353, NLL: 0.7229, Masked: 12.3556
Epoch [43/70], Total Loss: 0.7343, NLL: 0.7219, Masked: 12.3716
Epoch [44/70], Total Loss: 0.7331, NLL: 0.7207, Masked: 12.3836
Epoch [45/70], Total Loss: 0.7322, NLL: 0.7198, Masked: 12.4062
Epoch [46/70], Total Loss: 0.7311, NLL: 0.7188, Masked: 12.3715
Epoch [47/70], Total Loss: 0.7302, NLL: 0.7178, Masked: 12.4048
Epoch [48/70], Total Loss: 0.7292, NLL: 0.7168, Masked: 12.4064
Epoch [49/70], Total Loss: 0.7282, NLL: 0.7158, Masked: 12.4010
Epoch [50/70], Total Loss: 0.7273, NLL: 0.7149, Masked: 12.4096
Epoch [51/70], Total Loss: 0.7263, NLL: 0.7139, Masked: 12.4004
Epoch [52/70], Total Loss: 0.7255, NLL: 0.7131, Masked: 12.4192
Epoch [53/70], Total Loss: 0.7246, NLL: 0.7122, Masked: 12.4342
Epoch [54/70], Total Loss: 0.7237, NLL: 0.7113, Masked: 12.4184
Epoch [55/70], Total Loss: 0.7229, NLL: 0.7105, Masked: 12.4156
Epoch [56/70], Total Loss: 0.7221, NLL: 0.7096, Masked: 12.4405
Epoch [57/70], Total Loss: 0.7213, NLL: 0.7088, Masked: 12.4244
Epoch [58/70], Total Loss: 0.7205, NLL: 0.7080, Masked: 12.4411
Epoch [59/70], Total Loss: 0.7197, NLL: 0.7072, Masked: 12.4423
Epoch [60/70], Total Loss: 0.7189, NLL: 0.7065, Masked: 12.4508
Epoch [61/70], Total Loss: 0.7182, NLL: 0.7057, Masked: 12.4589
Epoch [62/70], Total Loss: 0.7174, NLL: 0.7049, Masked: 12.4523
Epoch [63/70], Total Loss: 0.7167, NLL: 0.7042, Masked: 12.4759
Epoch [64/70], Total Loss: 0.7159, NLL: 0.7035, Masked: 12.4676
Epoch [65/70], Total Loss: 0.7153, NLL: 0.7028, Masked: 12.4635
Epoch [66/70], Total Loss: 0.7145, NLL: 0.7020, Masked: 12.4632
Epoch [67/70], Total Loss: 0.7138, NLL: 0.7013, Masked: 12.4697
Epoch [68/70], Total Loss: 0.7131, NLL: 0.7007, Masked: 12.4757
Epoch [69/70], Total Loss: 0.7125, NLL: 0.7000, Masked: 12.4805
Epoch [70/70], Total Loss: 0.7118, NLL: 0.6994, Masked: 12.4820

==================================================
EVALUATING ON TRAINING DATA
==================================================

==================================================
TEST RESULTS
==================================================
Total Loss: 0.711002
  - ZINB NLL: 0.698563
Total number of masked values: 2386486
  - Number of values with pi >= 0.4118255893099295: 1954893
  - Number of values with pi < 0.4118255893099295: 431593
  - Masked Reconstruction: 12.438512
Mean Absolute Error (MAE): 2.740325
R² Score: -30.515240
==================================================


==================================================
TEST RESULTS
==================================================
Total Loss: 0.752290
  - ZINB NLL: 0.737802
Total number of masked values: 773049
  - Number of values with pi >= 0.4118255893099295: 648588
  - Number of values with pi < 0.4118255893099295: 124461
  - Masked Reconstruction: 14.488266
Mean Absolute Error (MAE): 3.213944
R² Score: -45.678299
==================================================


>>> Optimizing zinb_nll on VALIDATION set: 0.737802
>>> Full validation metrics: {'total_loss': 0.7522902545308516, 'zinb_nll': 0.7378019865413773, 'mae': 3.2139439582824707, 'r2': -45.67829895019531, 'masked_loss': 14.488266349134465}

Iteration No: 65 ended. Search finished for the next optimal point.
Time taken: 2603.6022
Function value obtained: 0.7378
Current minimum: 0.6885
Iteration No: 66 started. Searching for the next optimal point.

================================================================================
Trial with parameters:
  features: Centr
  data_point_length: 500
  step_size: 0.25
  bin_size: 1
  sample_fraction: 0.5777084909127366
  moving_average: True
  first_layer_size_factor: 150
  num_layers: 1
  use_conv: True
  conv_channel: 128
  pool_size: 2
  kernel_size: 9
  epochs: 150
  batch_size: 32
  pi_threshold: 0.3
  learning_rate: 1e-05
  dropout_rate: 0.5
  masked_recon_weight: 0.001
  regularizer: l2
  regularization_weight: 1e-05
================================================================================

Creating datasets with:
  features: ['Centr']
  bin_size: 1
  moving_average: True
  data_point_length: 500 (from 500)
  step_size: 125 (from fraction 0.25)
  layers: [np.int64(2400)] (first=2400, num=1)
  stride: 1 (fixed), padding: same (fixed)


Clipping outliers using 95th percentile * 1.5...
strain_yTW001: Clipping values above 134.25 (P95=89.50). Clipped 27529/1193409 values (2.31%)
strain_FD: Clipping values above 71.92 (P95=47.94). Clipped 95791/4127807 values (2.32%)
strain_dnrp: Clipping values above 243.00 (P95=162.00). Clipped 25649/1119454 values (2.29%)
strain_yEK19: Clipping values above 77.10 (P95=51.40). Clipped 83713/3893623 values (2.15%)
strain_yEK23: Clipping values above 72.00 (P95=48.00). Clipped 86381/3558407 values (2.43%)
strain_yWT03a: Clipping values above 15.00 (P95=10.00). Clipped 10602/347679 values (3.05%)
strain_yWT04a: Clipping values above 58.50 (P95=39.00). Clipped 21095/725406 values (2.91%)
strain_ylic137: Clipping values above 142.50 (P95=95.00). Clipped 28746/1112684 values (2.58%)
Standardizing features: ['Centr']
Column order in final array (Dataset/Chrom split): ['Value', 'Centromere_Distance', 'Value_Raw', 'Size_Factor']
Removing 0 empty data points out of 533744
Column order in final array (Dataset/Chrom split): ['Value', 'Centromere_Distance', 'Value_Raw', 'Size_Factor']
Removing 0 empty data points out of 142392
Column order in final array (Dataset/Chrom split): ['Value', 'Centromere_Distance', 'Value_Raw', 'Size_Factor']
Removing 0 empty data points out of 96112
Datasets created:
  Train: (533744, 500, 4), Val: (142392, 500, 4), Test: (96112, 500, 4)

Randomly sampled 308348/533744 samples (57.8%)
Applied denoising with 15.0% masking
Applied denoising with 15.0% masking
Applied denoising with 15.0% masking
Epoch [1/150], Total Loss: 0.9465, NLL: 0.9335, Masked: 13.0168, Reg: 0.027865
Epoch [2/150], Total Loss: 0.8712, NLL: 0.8587, Masked: 12.4762, Reg: 0.031742
Epoch [3/150], Total Loss: 0.8487, NLL: 0.8363, Masked: 12.4019, Reg: 0.033418
Epoch [4/150], Total Loss: 0.8367, NLL: 0.8243, Masked: 12.4055, Reg: 0.034135
Epoch [5/150], Total Loss: 0.8285, NLL: 0.8161, Masked: 12.3835, Reg: 0.034492
Epoch [6/150], Total Loss: 0.8214, NLL: 0.8090, Masked: 12.3691, Reg: 0.034865
Epoch [7/150], Total Loss: 0.8146, NLL: 0.8022, Masked: 12.3675, Reg: 0.035361
Epoch [8/150], Total Loss: 0.8082, NLL: 0.7958, Masked: 12.3552, Reg: 0.035877
Epoch [9/150], Total Loss: 0.8027, NLL: 0.7903, Masked: 12.3891, Reg: 0.036288
Epoch [10/150], Total Loss: 0.7981, NLL: 0.7857, Masked: 12.4034, Reg: 0.036538
Epoch [11/150], Total Loss: 0.7941, NLL: 0.7817, Masked: 12.4072, Reg: 0.036650
Epoch [12/150], Total Loss: 0.7905, NLL: 0.7781, Masked: 12.4097, Reg: 0.036704
Epoch [13/150], Total Loss: 0.7870, NLL: 0.7746, Masked: 12.3962, Reg: 0.036755
Epoch [14/150], Total Loss: 0.7836, NLL: 0.7712, Masked: 12.3926, Reg: 0.036825
Epoch [15/150], Total Loss: 0.7803, NLL: 0.7679, Masked: 12.3799, Reg: 0.036943
Epoch [16/150], Total Loss: 0.7771, NLL: 0.7647, Masked: 12.3745, Reg: 0.037091
Epoch [17/150], Total Loss: 0.7742, NLL: 0.7618, Masked: 12.3584, Reg: 0.037266
Epoch [18/150], Total Loss: 0.7714, NLL: 0.7590, Masked: 12.3573, Reg: 0.037457
Epoch [19/150], Total Loss: 0.7687, NLL: 0.7564, Masked: 12.3488, Reg: 0.037665
Epoch [20/150], Total Loss: 0.7662, NLL: 0.7538, Masked: 12.3611, Reg: 0.037887
Epoch [21/150], Total Loss: 0.7637, NLL: 0.7513, Masked: 12.3502, Reg: 0.038127
Epoch [22/150], Total Loss: 0.7614, NLL: 0.7490, Masked: 12.3523, Reg: 0.038375
Epoch [23/150], Total Loss: 0.7592, NLL: 0.7469, Masked: 12.3634, Reg: 0.038636
Epoch [24/150], Total Loss: 0.7572, NLL: 0.7448, Masked: 12.3500, Reg: 0.038895
Epoch [25/150], Total Loss: 0.7552, NLL: 0.7428, Masked: 12.3579, Reg: 0.039153
Epoch [26/150], Total Loss: 0.7533, NLL: 0.7409, Masked: 12.3443, Reg: 0.039407
Epoch [27/150], Total Loss: 0.7516, NLL: 0.7392, Masked: 12.3503, Reg: 0.039651
Epoch [28/150], Total Loss: 0.7499, NLL: 0.7376, Masked: 12.3374, Reg: 0.039892
Epoch [29/150], Total Loss: 0.7483, NLL: 0.7360, Masked: 12.3431, Reg: 0.040132
Epoch [30/150], Total Loss: 0.7469, NLL: 0.7345, Masked: 12.3425, Reg: 0.040375
Epoch [31/150], Total Loss: 0.7454, NLL: 0.7331, Masked: 12.3292, Reg: 0.040623
Epoch [32/150], Total Loss: 0.7441, NLL: 0.7318, Masked: 12.3333, Reg: 0.040874
Epoch [33/150], Total Loss: 0.7428, NLL: 0.7305, Masked: 12.3311, Reg: 0.041128
Epoch [34/150], Total Loss: 0.7416, NLL: 0.7292, Masked: 12.3381, Reg: 0.041384
Epoch [35/150], Total Loss: 0.7404, NLL: 0.7280, Masked: 12.3361, Reg: 0.041646
Epoch [36/150], Total Loss: 0.7392, NLL: 0.7269, Masked: 12.3340, Reg: 0.041917
Epoch [37/150], Total Loss: 0.7381, NLL: 0.7258, Masked: 12.3378, Reg: 0.042196
Epoch [38/150], Total Loss: 0.7370, NLL: 0.7247, Masked: 12.3354, Reg: 0.042476
Epoch [39/150], Total Loss: 0.7360, NLL: 0.7236, Masked: 12.3303, Reg: 0.042770
Epoch [40/150], Total Loss: 0.7349, NLL: 0.7226, Masked: 12.3309, Reg: 0.043066
Epoch [41/150], Total Loss: 0.7339, NLL: 0.7216, Masked: 12.3229, Reg: 0.043368
Epoch [42/150], Total Loss: 0.7329, NLL: 0.7206, Masked: 12.3357, Reg: 0.043675
Epoch [43/150], Total Loss: 0.7320, NLL: 0.7197, Masked: 12.3289, Reg: 0.043984
Epoch [44/150], Total Loss: 0.7311, NLL: 0.7187, Masked: 12.3176, Reg: 0.044295
Epoch [45/150], Total Loss: 0.7302, NLL: 0.7179, Masked: 12.3148, Reg: 0.044610
Epoch [46/150], Total Loss: 0.7294, NLL: 0.7170, Masked: 12.3218, Reg: 0.044934
Epoch [47/150], Total Loss: 0.7285, NLL: 0.7162, Masked: 12.3260, Reg: 0.045257
Epoch [48/150], Total Loss: 0.7277, NLL: 0.7153, Masked: 12.3193, Reg: 0.045581
Epoch [49/150], Total Loss: 0.7269, NLL: 0.7146, Masked: 12.3266, Reg: 0.045904
Epoch [50/150], Total Loss: 0.7261, NLL: 0.7138, Masked: 12.3153, Reg: 0.046231
Epoch [51/150], Total Loss: 0.7253, NLL: 0.7130, Masked: 12.3086, Reg: 0.046553
Epoch [52/150], Total Loss: 0.7246, NLL: 0.7123, Masked: 12.3155, Reg: 0.046875
Epoch [53/150], Total Loss: 0.7239, NLL: 0.7116, Masked: 12.3184, Reg: 0.047201
Epoch [54/150], Total Loss: 0.7232, NLL: 0.7109, Masked: 12.3100, Reg: 0.047523
Epoch [55/150], Total Loss: 0.7225, NLL: 0.7102, Masked: 12.3062, Reg: 0.047844
Epoch [56/150], Total Loss: 0.7218, NLL: 0.7095, Masked: 12.3064, Reg: 0.048163
Epoch [57/150], Total Loss: 0.7212, NLL: 0.7089, Masked: 12.3090, Reg: 0.048481
Epoch [58/150], Total Loss: 0.7205, NLL: 0.7082, Masked: 12.3002, Reg: 0.048796
Epoch [59/150], Total Loss: 0.7200, NLL: 0.7077, Masked: 12.3074, Reg: 0.049103
Epoch [60/150], Total Loss: 0.7193, NLL: 0.7070, Masked: 12.2975, Reg: 0.049414
Epoch [61/150], Total Loss: 0.7187, NLL: 0.7064, Masked: 12.2986, Reg: 0.049720
Epoch [62/150], Total Loss: 0.7182, NLL: 0.7059, Masked: 12.3107, Reg: 0.050021
Epoch [63/150], Total Loss: 0.7176, NLL: 0.7053, Masked: 12.2988, Reg: 0.050327
Epoch [64/150], Total Loss: 0.7170, NLL: 0.7047, Masked: 12.2911, Reg: 0.050622
Epoch [65/150], Total Loss: 0.7165, NLL: 0.7042, Masked: 12.2981, Reg: 0.050918
Epoch [66/150], Total Loss: 0.7159, NLL: 0.7036, Masked: 12.2870, Reg: 0.051208
Epoch [67/150], Total Loss: 0.7155, NLL: 0.7032, Masked: 12.2881, Reg: 0.051488
Epoch [68/150], Total Loss: 0.7149, NLL: 0.7026, Masked: 12.2971, Reg: 0.051764
Epoch [69/150], Total Loss: 0.7144, NLL: 0.7021, Masked: 12.2821, Reg: 0.052038
Epoch [70/150], Total Loss: 0.7139, NLL: 0.7017, Masked: 12.2747, Reg: 0.052305
Epoch [71/150], Total Loss: 0.7135, NLL: 0.7012, Masked: 12.2924, Reg: 0.052575
Epoch [72/150], Total Loss: 0.7130, NLL: 0.7007, Masked: 12.2891, Reg: 0.052840
Epoch [73/150], Total Loss: 0.7125, NLL: 0.7002, Masked: 12.2818, Reg: 0.053100
Epoch [74/150], Total Loss: 0.7120, NLL: 0.6997, Masked: 12.2838, Reg: 0.053362
Epoch [75/150], Total Loss: 0.7116, NLL: 0.6994, Masked: 12.2727, Reg: 0.053620
Epoch [76/150], Total Loss: 0.7112, NLL: 0.6989, Masked: 12.2804, Reg: 0.053872
Epoch [77/150], Total Loss: 0.7108, NLL: 0.6985, Masked: 12.2692, Reg: 0.054120
Epoch [78/150], Total Loss: 0.7104, NLL: 0.6981, Masked: 12.2790, Reg: 0.054367
Epoch [79/150], Total Loss: 0.7100, NLL: 0.6977, Masked: 12.2759, Reg: 0.054615
Epoch [80/150], Total Loss: 0.7095, NLL: 0.6973, Masked: 12.2772, Reg: 0.054853
Epoch [81/150], Total Loss: 0.7092, NLL: 0.6969, Masked: 12.2817, Reg: 0.055089
Epoch [82/150], Total Loss: 0.7088, NLL: 0.6965, Masked: 12.2810, Reg: 0.055329
Epoch [83/150], Total Loss: 0.7084, NLL: 0.6961, Masked: 12.2643, Reg: 0.055559
Epoch [84/150], Total Loss: 0.7080, NLL: 0.6957, Masked: 12.2648, Reg: 0.055791
Epoch [85/150], Total Loss: 0.7076, NLL: 0.6954, Masked: 12.2788, Reg: 0.056018
Epoch [86/150], Total Loss: 0.7073, NLL: 0.6951, Masked: 12.2727, Reg: 0.056245
Epoch [87/150], Total Loss: 0.7069, NLL: 0.6946, Masked: 12.2714, Reg: 0.056470
Epoch [88/150], Total Loss: 0.7065, NLL: 0.6943, Masked: 12.2678, Reg: 0.056692
Epoch [89/150], Total Loss: 0.7062, NLL: 0.6939, Masked: 12.2760, Reg: 0.056911
Epoch [90/150], Total Loss: 0.7059, NLL: 0.6936, Masked: 12.2775, Reg: 0.057129
Epoch [91/150], Total Loss: 0.7055, NLL: 0.6933, Masked: 12.2744, Reg: 0.057349
Epoch [92/150], Total Loss: 0.7052, NLL: 0.6929, Masked: 12.2591, Reg: 0.057558
Epoch [93/150], Total Loss: 0.7049, NLL: 0.6927, Masked: 12.2695, Reg: 0.057772
Epoch [94/150], Total Loss: 0.7046, NLL: 0.6923, Masked: 12.2738, Reg: 0.057983
Epoch [95/150], Total Loss: 0.7042, NLL: 0.6920, Masked: 12.2625, Reg: 0.058187
Epoch [96/150], Total Loss: 0.7041, NLL: 0.6918, Masked: 12.2644, Reg: 0.058391
Epoch [97/150], Total Loss: 0.7037, NLL: 0.6914, Masked: 12.2621, Reg: 0.058592
Epoch [98/150], Total Loss: 0.7034, NLL: 0.6911, Masked: 12.2595, Reg: 0.058789
Epoch [99/150], Total Loss: 0.7031, NLL: 0.6908, Masked: 12.2563, Reg: 0.058985
Epoch [100/150], Total Loss: 0.7028, NLL: 0.6906, Masked: 12.2538, Reg: 0.059179
Epoch [101/150], Total Loss: 0.7025, NLL: 0.6903, Masked: 12.2467, Reg: 0.059368
Epoch [102/150], Total Loss: 0.7022, NLL: 0.6900, Masked: 12.2545, Reg: 0.059559
Epoch [103/150], Total Loss: 0.7020, NLL: 0.6897, Masked: 12.2639, Reg: 0.059748
Epoch [104/150], Total Loss: 0.7017, NLL: 0.6894, Masked: 12.2484, Reg: 0.059930
Epoch [105/150], Total Loss: 0.7015, NLL: 0.6892, Masked: 12.2554, Reg: 0.060114
Epoch [106/150], Total Loss: 0.7012, NLL: 0.6889, Masked: 12.2584, Reg: 0.060299
Epoch [107/150], Total Loss: 0.7009, NLL: 0.6887, Masked: 12.2601, Reg: 0.060480
Epoch [108/150], Total Loss: 0.7007, NLL: 0.6884, Masked: 12.2566, Reg: 0.060658
Epoch [109/150], Total Loss: 0.7004, NLL: 0.6881, Masked: 12.2449, Reg: 0.060835
Epoch [110/150], Total Loss: 0.7002, NLL: 0.6880, Masked: 12.2502, Reg: 0.061014
Epoch [111/150], Total Loss: 0.6999, NLL: 0.6877, Masked: 12.2441, Reg: 0.061184
Epoch [112/150], Total Loss: 0.6997, NLL: 0.6875, Masked: 12.2421, Reg: 0.061359
Epoch [113/150], Total Loss: 0.6995, NLL: 0.6872, Masked: 12.2557, Reg: 0.061533
Epoch [114/150], Total Loss: 0.6992, NLL: 0.6869, Masked: 12.2493, Reg: 0.061699
Epoch [115/150], Total Loss: 0.6991, NLL: 0.6868, Masked: 12.2448, Reg: 0.061869
Epoch [116/150], Total Loss: 0.6988, NLL: 0.6865, Masked: 12.2463, Reg: 0.062034
Epoch [117/150], Total Loss: 0.6986, NLL: 0.6863, Masked: 12.2378, Reg: 0.062198
Epoch [118/150], Total Loss: 0.6983, NLL: 0.6860, Masked: 12.2397, Reg: 0.062360
Epoch [119/150], Total Loss: 0.6981, NLL: 0.6859, Masked: 12.2394, Reg: 0.062522
Epoch [120/150], Total Loss: 0.6979, NLL: 0.6856, Masked: 12.2470, Reg: 0.062682
Epoch [121/150], Total Loss: 0.6977, NLL: 0.6855, Masked: 12.2463, Reg: 0.062840
Epoch [122/150], Total Loss: 0.6975, NLL: 0.6853, Masked: 12.2466, Reg: 0.062998
Epoch [123/150], Total Loss: 0.6973, NLL: 0.6851, Masked: 12.2391, Reg: 0.063150
Epoch [124/150], Total Loss: 0.6971, NLL: 0.6848, Masked: 12.2456, Reg: 0.063307
Epoch [125/150], Total Loss: 0.6969, NLL: 0.6847, Masked: 12.2421, Reg: 0.063465
Epoch [126/150], Total Loss: 0.6967, NLL: 0.6845, Masked: 12.2360, Reg: 0.063617
Epoch [127/150], Total Loss: 0.6965, NLL: 0.6843, Masked: 12.2350, Reg: 0.063769
Epoch [128/150], Total Loss: 0.6963, NLL: 0.6841, Masked: 12.2455, Reg: 0.063920
Epoch [129/150], Total Loss: 0.6962, NLL: 0.6839, Masked: 12.2326, Reg: 0.064074
Epoch [130/150], Total Loss: 0.6959, NLL: 0.6837, Masked: 12.2355, Reg: 0.064225
Epoch [131/150], Total Loss: 0.6958, NLL: 0.6836, Masked: 12.2345, Reg: 0.064374
Epoch [132/150], Total Loss: 0.6956, NLL: 0.6834, Masked: 12.2410, Reg: 0.064523
Epoch [133/150], Total Loss: 0.6954, NLL: 0.6832, Masked: 12.2347, Reg: 0.064668
Epoch [134/150], Total Loss: 0.6952, NLL: 0.6830, Masked: 12.2431, Reg: 0.064814
Epoch [135/150], Total Loss: 0.6951, NLL: 0.6828, Masked: 12.2427, Reg: 0.064958
Epoch [136/150], Total Loss: 0.6949, NLL: 0.6827, Masked: 12.2366, Reg: 0.065101
Epoch [137/150], Total Loss: 0.6948, NLL: 0.6826, Masked: 12.2360, Reg: 0.065241
Epoch [138/150], Total Loss: 0.6946, NLL: 0.6824, Masked: 12.2374, Reg: 0.065380
Epoch [139/150], Total Loss: 0.6944, NLL: 0.6822, Masked: 12.2241, Reg: 0.065518
Epoch [140/150], Total Loss: 0.6943, NLL: 0.6821, Masked: 12.2416, Reg: 0.065655
Epoch [141/150], Total Loss: 0.6941, NLL: 0.6818, Masked: 12.2400, Reg: 0.065789
Epoch [142/150], Total Loss: 0.6940, NLL: 0.6817, Masked: 12.2289, Reg: 0.065918
Epoch [143/150], Total Loss: 0.6937, NLL: 0.6815, Masked: 12.2280, Reg: 0.066053
Epoch [144/150], Total Loss: 0.6936, NLL: 0.6814, Masked: 12.2421, Reg: 0.066190
Epoch [145/150], Total Loss: 0.6934, NLL: 0.6812, Masked: 12.2352, Reg: 0.066321
Epoch [146/150], Total Loss: 0.6933, NLL: 0.6811, Masked: 12.2363, Reg: 0.066451
Epoch [147/150], Total Loss: 0.6932, NLL: 0.6810, Masked: 12.2347, Reg: 0.066578
Epoch [148/150], Total Loss: 0.6930, NLL: 0.6807, Masked: 12.2264, Reg: 0.066710
Epoch [149/150], Total Loss: 0.6929, NLL: 0.6807, Masked: 12.2281, Reg: 0.066836
Epoch [150/150], Total Loss: 0.6927, NLL: 0.6805, Masked: 12.2258, Reg: 0.066960

==================================================
EVALUATING ON TRAINING DATA
==================================================

==================================================
TEST RESULTS
==================================================
Total Loss: 0.638131
  - ZINB NLL: 0.625993
Total number of masked values: 3608411
  - Number of values with pi >= 0.3: 2998175
  - Number of values with pi < 0.3: 610236
  - Masked Reconstruction: 12.137523
  - Regularization: 0.067022
Mean Absolute Error (MAE): 1.019715
R² Score: 0.751144
==================================================


==================================================
TEST RESULTS
==================================================
Total Loss: 0.686535
  - ZINB NLL: 0.672431
Total number of masked values: 1706447
  - Number of values with pi >= 0.3: 1480094
  - Number of values with pi < 0.3: 226353
  - Masked Reconstruction: 14.103612
  - Regularization: 0.067022
Mean Absolute Error (MAE): 1.156467
R² Score: 0.719463
==================================================


>>> Optimizing zinb_nll on VALIDATION set: 0.672431
>>> Full validation metrics: {'total_loss': 0.6865351103722155, 'zinb_nll': 0.672431497318233, 'mae': 1.1564674377441406, 'r2': 0.719463050365448, 'masked_loss': 14.103611989104083, 'reg_loss': 0.06702186523437914}

Iteration No: 66 ended. Search finished for the next optimal point.
Time taken: 30160.1456
Function value obtained: 0.6724
Current minimum: 0.6724
Iteration No: 67 started. Searching for the next optimal point.

================================================================================
Trial with parameters:
  features: Centr_Nucl
  data_point_length: 500
  step_size: 0.44923656263465483
  bin_size: 1
  sample_fraction: 0.8123432724294055
  moving_average: False
  first_layer_size_factor: 150
  num_layers: 1
  use_conv: True
  conv_channel: 106
  pool_size: 2
  kernel_size: 9
  epochs: 150
  batch_size: 32
  pi_threshold: 0.3
  learning_rate: 1e-05
  dropout_rate: 0.0
  masked_recon_weight: 0.001
  regularizer: none
  regularization_weight: 7.234703427580344e-05
================================================================================

Creating datasets with:
  features: ['Centr', 'Nucl']
  bin_size: 1
  moving_average: False
  data_point_length: 500 (from 500)
  step_size: 224 (from fraction 0.44923656263465483)
  layers: [np.int64(2400)] (first=2400, num=1)
  stride: 1 (fixed), padding: same (fixed)


Clipping outliers using 95th percentile * 1.5...
strain_yTW001: Clipping values above 134.25 (P95=89.50). Clipped 27529/1193409 values (2.31%)
strain_FD: Clipping values above 71.92 (P95=47.94). Clipped 95791/4127807 values (2.32%)
strain_dnrp: Clipping values above 243.00 (P95=162.00). Clipped 25649/1119454 values (2.29%)
strain_yEK19: Clipping values above 77.10 (P95=51.40). Clipped 83713/3893623 values (2.15%)
strain_yEK23: Clipping values above 72.00 (P95=48.00). Clipped 86381/3558407 values (2.43%)
strain_yWT03a: Clipping values above 15.00 (P95=10.00). Clipped 10602/347679 values (3.05%)
strain_yWT04a: Clipping values above 58.50 (P95=39.00). Clipped 21095/725406 values (2.91%)
strain_ylic137: Clipping values above 142.50 (P95=95.00). Clipped 28746/1112684 values (2.58%)
Standardizing features: ['Centr', 'Nucl']
Column order in final array (Dataset/Chrom split): ['Value', 'Nucleosome_Distance', 'Centromere_Distance', 'Value_Raw', 'Size_Factor']
Removing 0 empty data points out of 297912
Column order in final array (Dataset/Chrom split): ['Value', 'Nucleosome_Distance', 'Centromere_Distance', 'Value_Raw', 'Size_Factor']
Removing 0 empty data points out of 79480
Column order in final array (Dataset/Chrom split): ['Value', 'Nucleosome_Distance', 'Centromere_Distance', 'Value_Raw', 'Size_Factor']
Removing 0 empty data points out of 53648
Datasets created:
  Train: (297912, 500, 5), Val: (79480, 500, 5), Test: (53648, 500, 5)

Randomly sampled 242006/297912 samples (81.2%)
Applied denoising with 15.0% masking
Applied denoising with 15.0% masking
Applied denoising with 15.0% masking
Epoch [1/150], Total Loss: 0.9697, NLL: 0.9565, Masked: 13.2260
Epoch [2/150], Total Loss: 0.8817, NLL: 0.8690, Masked: 12.6227
Epoch [3/150], Total Loss: 0.8514, NLL: 0.8389, Masked: 12.4634
Epoch [4/150], Total Loss: 0.8353, NLL: 0.8229, Masked: 12.4614
Epoch [5/150], Total Loss: 0.8249, NLL: 0.8125, Masked: 12.3909
Epoch [6/150], Total Loss: 0.8161, NLL: 0.8037, Masked: 12.3454
Epoch [7/150], Total Loss: 0.8069, NLL: 0.7946, Masked: 12.2972
Epoch [8/150], Total Loss: 0.7973, NLL: 0.7850, Masked: 12.2578
Epoch [9/150], Total Loss: 0.7881, NLL: 0.7759, Masked: 12.2718
Epoch [10/150], Total Loss: 0.7798, NLL: 0.7676, Masked: 12.2647
Epoch [11/150], Total Loss: 0.7726, NLL: 0.7603, Masked: 12.2614
Epoch [12/150], Total Loss: 0.7664, NLL: 0.7541, Masked: 12.2597
Epoch [13/150], Total Loss: 0.7608, NLL: 0.7486, Masked: 12.2515
Epoch [14/150], Total Loss: 0.7558, NLL: 0.7435, Masked: 12.2399
Epoch [15/150], Total Loss: 0.7508, NLL: 0.7385, Masked: 12.2284
Epoch [16/150], Total Loss: 0.7459, NLL: 0.7337, Masked: 12.2226
Epoch [17/150], Total Loss: 0.7409, NLL: 0.7287, Masked: 12.2121
Epoch [18/150], Total Loss: 0.7361, NLL: 0.7239, Masked: 12.2151
Epoch [19/150], Total Loss: 0.7313, NLL: 0.7191, Masked: 12.2042
Epoch [20/150], Total Loss: 0.7266, NLL: 0.7144, Masked: 12.2049
Epoch [21/150], Total Loss: 0.7221, NLL: 0.7099, Masked: 12.2031
Epoch [22/150], Total Loss: 0.7178, NLL: 0.7056, Masked: 12.2156
Epoch [23/150], Total Loss: 0.7137, NLL: 0.7015, Masked: 12.2029
Epoch [24/150], Total Loss: 0.7097, NLL: 0.6975, Masked: 12.2048
Epoch [25/150], Total Loss: 0.7058, NLL: 0.6936, Masked: 12.2027
Epoch [26/150], Total Loss: 0.7019, NLL: 0.6897, Masked: 12.2012
Epoch [27/150], Total Loss: 0.6982, NLL: 0.6860, Masked: 12.2006
Epoch [28/150], Total Loss: 0.6946, NLL: 0.6823, Masked: 12.2077
Epoch [29/150], Total Loss: 0.6909, NLL: 0.6787, Masked: 12.1953
Epoch [30/150], Total Loss: 0.6875, NLL: 0.6753, Masked: 12.2087
Epoch [31/150], Total Loss: 0.6841, NLL: 0.6719, Masked: 12.2098
Epoch [32/150], Total Loss: 0.6808, NLL: 0.6686, Masked: 12.2102
Epoch [33/150], Total Loss: 0.6776, NLL: 0.6654, Masked: 12.2108
Epoch [34/150], Total Loss: 0.6745, NLL: 0.6623, Masked: 12.2058
Epoch [35/150], Total Loss: 0.6714, NLL: 0.6592, Masked: 12.2093
Epoch [36/150], Total Loss: 0.6684, NLL: 0.6562, Masked: 12.2087
Epoch [37/150], Total Loss: 0.6654, NLL: 0.6532, Masked: 12.2110
Epoch [38/150], Total Loss: 0.6625, NLL: 0.6503, Masked: 12.2095
Epoch [39/150], Total Loss: 0.6596, NLL: 0.6474, Masked: 12.2196
Epoch [40/150], Total Loss: 0.6567, NLL: 0.6445, Masked: 12.2144
Epoch [41/150], Total Loss: 0.6539, NLL: 0.6417, Masked: 12.2121
Epoch [42/150], Total Loss: 0.6510, NLL: 0.6388, Masked: 12.2261
Epoch [43/150], Total Loss: 0.6482, NLL: 0.6360, Masked: 12.2192
Epoch [44/150], Total Loss: 0.6454, NLL: 0.6331, Masked: 12.2194
Epoch [45/150], Total Loss: 0.6426, NLL: 0.6303, Masked: 12.2278
Epoch [46/150], Total Loss: 0.6398, NLL: 0.6276, Masked: 12.2251
Epoch [47/150], Total Loss: 0.6370, NLL: 0.6248, Masked: 12.2233
Epoch [48/150], Total Loss: 0.6343, NLL: 0.6220, Masked: 12.2308
Epoch [49/150], Total Loss: 0.6316, NLL: 0.6194, Masked: 12.2335
Epoch [50/150], Total Loss: 0.6289, NLL: 0.6167, Masked: 12.2283
Epoch [51/150], Total Loss: 0.6264, NLL: 0.6141, Masked: 12.2303
Epoch [52/150], Total Loss: 0.6239, NLL: 0.6116, Masked: 12.2276
Epoch [53/150], Total Loss: 0.6214, NLL: 0.6092, Masked: 12.2338
Epoch [54/150], Total Loss: 0.6190, NLL: 0.6068, Masked: 12.2352
Epoch [55/150], Total Loss: 0.6168, NLL: 0.6045, Masked: 12.2297
Epoch [56/150], Total Loss: 0.6146, NLL: 0.6024, Masked: 12.2332
Epoch [57/150], Total Loss: 0.6125, NLL: 0.6003, Masked: 12.2412
Epoch [58/150], Total Loss: 0.6104, NLL: 0.5982, Masked: 12.2242
Epoch [59/150], Total Loss: 0.6085, NLL: 0.5963, Masked: 12.2191
Epoch [60/150], Total Loss: 0.6066, NLL: 0.5944, Masked: 12.2218
Epoch [61/150], Total Loss: 0.6048, NLL: 0.5926, Masked: 12.2123
Epoch [62/150], Total Loss: 0.6030, NLL: 0.5908, Masked: 12.2134
Epoch [63/150], Total Loss: 0.6013, NLL: 0.5891, Masked: 12.2062
Epoch [64/150], Total Loss: 0.5997, NLL: 0.5875, Masked: 12.2051
Epoch [65/150], Total Loss: 0.5981, NLL: 0.5859, Masked: 12.1988
Epoch [66/150], Total Loss: 0.5965, NLL: 0.5843, Masked: 12.1833
Epoch [67/150], Total Loss: 0.5950, NLL: 0.5828, Masked: 12.1876
Epoch [68/150], Total Loss: 0.5935, NLL: 0.5814, Masked: 12.1971
Epoch [69/150], Total Loss: 0.5921, NLL: 0.5799, Masked: 12.1832
Epoch [70/150], Total Loss: 0.5907, NLL: 0.5785, Masked: 12.1779
Epoch [71/150], Total Loss: 0.5894, NLL: 0.5772, Masked: 12.1784
Epoch [72/150], Total Loss: 0.5880, NLL: 0.5759, Masked: 12.1631
Epoch [73/150], Total Loss: 0.5868, NLL: 0.5746, Masked: 12.1663
Epoch [74/150], Total Loss: 0.5855, NLL: 0.5734, Masked: 12.1568
Epoch [75/150], Total Loss: 0.5843, NLL: 0.5721, Masked: 12.1596
Epoch [76/150], Total Loss: 0.5831, NLL: 0.5709, Masked: 12.1492
Epoch [77/150], Total Loss: 0.5819, NLL: 0.5698, Masked: 12.1400
Epoch [78/150], Total Loss: 0.5808, NLL: 0.5686, Masked: 12.1323
Epoch [79/150], Total Loss: 0.5797, NLL: 0.5676, Masked: 12.1274
Epoch [80/150], Total Loss: 0.5786, NLL: 0.5665, Masked: 12.1269
Epoch [81/150], Total Loss: 0.5775, NLL: 0.5654, Masked: 12.1123
Epoch [82/150], Total Loss: 0.5764, NLL: 0.5643, Masked: 12.1248
Epoch [83/150], Total Loss: 0.5753, NLL: 0.5632, Masked: 12.1023
Epoch [84/150], Total Loss: 0.5743, NLL: 0.5622, Masked: 12.1001
Epoch [85/150], Total Loss: 0.5733, NLL: 0.5612, Masked: 12.1053
Epoch [86/150], Total Loss: 0.5724, NLL: 0.5603, Masked: 12.0887
Epoch [87/150], Total Loss: 0.5714, NLL: 0.5593, Masked: 12.0838
Epoch [88/150], Total Loss: 0.5705, NLL: 0.5584, Masked: 12.0846
Epoch [89/150], Total Loss: 0.5696, NLL: 0.5575, Masked: 12.0646
Epoch [90/150], Total Loss: 0.5687, NLL: 0.5567, Masked: 12.0654
Epoch [91/150], Total Loss: 0.5678, NLL: 0.5558, Masked: 12.0572
Epoch [92/150], Total Loss: 0.5669, NLL: 0.5549, Masked: 12.0452
Epoch [93/150], Total Loss: 0.5661, NLL: 0.5541, Masked: 12.0431
Epoch [94/150], Total Loss: 0.5652, NLL: 0.5532, Masked: 12.0320
Epoch [95/150], Total Loss: 0.5644, NLL: 0.5524, Masked: 12.0173
Epoch [96/150], Total Loss: 0.5636, NLL: 0.5516, Masked: 12.0189
Epoch [97/150], Total Loss: 0.5628, NLL: 0.5508, Masked: 12.0221
Epoch [98/150], Total Loss: 0.5620, NLL: 0.5500, Masked: 12.0037
Epoch [99/150], Total Loss: 0.5612, NLL: 0.5492, Masked: 11.9987
Epoch [100/150], Total Loss: 0.5605, NLL: 0.5485, Masked: 11.9935
Epoch [101/150], Total Loss: 0.5597, NLL: 0.5478, Masked: 11.9858
Epoch [102/150], Total Loss: 0.5590, NLL: 0.5470, Masked: 11.9864
Epoch [103/150], Total Loss: 0.5583, NLL: 0.5463, Masked: 11.9764
Epoch [104/150], Total Loss: 0.5576, NLL: 0.5456, Masked: 11.9640
Epoch [105/150], Total Loss: 0.5569, NLL: 0.5449, Masked: 11.9631
Epoch [106/150], Total Loss: 0.5562, NLL: 0.5442, Masked: 11.9436
Epoch [107/150], Total Loss: 0.5555, NLL: 0.5435, Masked: 11.9437
Epoch [108/150], Total Loss: 0.5548, NLL: 0.5429, Masked: 11.9321
Epoch [109/150], Total Loss: 0.5542, NLL: 0.5422, Masked: 11.9255
Epoch [110/150], Total Loss: 0.5535, NLL: 0.5416, Masked: 11.9195
Epoch [111/150], Total Loss: 0.5529, NLL: 0.5410, Masked: 11.9015
Epoch [112/150], Total Loss: 0.5522, NLL: 0.5403, Masked: 11.9067
Epoch [113/150], Total Loss: 0.5516, NLL: 0.5397, Masked: 11.8887
Epoch [114/150], Total Loss: 0.5510, NLL: 0.5391, Masked: 11.8887
Epoch [115/150], Total Loss: 0.5504, NLL: 0.5385, Masked: 11.8883
Epoch [116/150], Total Loss: 0.5498, NLL: 0.5379, Masked: 11.8701
Epoch [117/150], Total Loss: 0.5492, NLL: 0.5373, Masked: 11.8722
Epoch [118/150], Total Loss: 0.5486, NLL: 0.5368, Masked: 11.8547
Epoch [119/150], Total Loss: 0.5480, NLL: 0.5362, Masked: 11.8420
Epoch [120/150], Total Loss: 0.5475, NLL: 0.5356, Masked: 11.8402
Epoch [121/150], Total Loss: 0.5469, NLL: 0.5351, Masked: 11.8279
Epoch [122/150], Total Loss: 0.5464, NLL: 0.5346, Masked: 11.8159
Epoch [123/150], Total Loss: 0.5458, NLL: 0.5340, Masked: 11.8152
Epoch [124/150], Total Loss: 0.5453, NLL: 0.5335, Masked: 11.8007
Epoch [125/150], Total Loss: 0.5448, NLL: 0.5330, Masked: 11.7958
Epoch [126/150], Total Loss: 0.5442, NLL: 0.5324, Masked: 11.7894
Epoch [127/150], Total Loss: 0.5437, NLL: 0.5319, Masked: 11.7781
Epoch [128/150], Total Loss: 0.5432, NLL: 0.5314, Masked: 11.7744
Epoch [129/150], Total Loss: 0.5427, NLL: 0.5310, Masked: 11.7607
Epoch [130/150], Total Loss: 0.5421, NLL: 0.5304, Masked: 11.7565
Epoch [131/150], Total Loss: 0.5416, NLL: 0.5299, Masked: 11.7432
Epoch [132/150], Total Loss: 0.5411, NLL: 0.5294, Masked: 11.7356
Epoch [133/150], Total Loss: 0.5406, NLL: 0.5289, Masked: 11.7261
Epoch [134/150], Total Loss: 0.5401, NLL: 0.5284, Masked: 11.7105
Epoch [135/150], Total Loss: 0.5396, NLL: 0.5279, Masked: 11.7060
Epoch [136/150], Total Loss: 0.5391, NLL: 0.5274, Masked: 11.6939
Epoch [137/150], Total Loss: 0.5387, NLL: 0.5270, Masked: 11.6850
Epoch [138/150], Total Loss: 0.5382, NLL: 0.5265, Masked: 11.6688
Epoch [139/150], Total Loss: 0.5377, NLL: 0.5260, Masked: 11.6683
Epoch [140/150], Total Loss: 0.5373, NLL: 0.5256, Masked: 11.6685
Epoch [141/150], Total Loss: 0.5368, NLL: 0.5251, Masked: 11.6453
Epoch [142/150], Total Loss: 0.5363, NLL: 0.5247, Masked: 11.6435
Epoch [143/150], Total Loss: 0.5359, NLL: 0.5243, Masked: 11.6339
Epoch [144/150], Total Loss: 0.5354, NLL: 0.5238, Masked: 11.6197
Epoch [145/150], Total Loss: 0.5350, NLL: 0.5234, Masked: 11.6048
Epoch [146/150], Total Loss: 0.5346, NLL: 0.5230, Masked: 11.6107
Epoch [147/150], Total Loss: 0.5342, NLL: 0.5226, Masked: 11.5900
Epoch [148/150], Total Loss: 0.5337, NLL: 0.5221, Masked: 11.5814
Epoch [149/150], Total Loss: 0.5333, NLL: 0.5218, Masked: 11.5735
Epoch [150/150], Total Loss: 0.5329, NLL: 0.5213, Masked: 11.5571

==================================================
EVALUATING ON TRAINING DATA
==================================================

==================================================
TEST RESULTS
==================================================
Total Loss: 0.531120
  - ZINB NLL: 0.519610
Total number of masked values: 2831938
  - Number of values with pi >= 0.3: 2299471
  - Number of values with pi < 0.3: 532467
  - Masked Reconstruction: 11.510417
Mean Absolute Error (MAE): 1.047157
R² Score: 0.160772
==================================================


==================================================
TEST RESULTS
==================================================
Total Loss: 0.643178
  - ZINB NLL: 0.628696
Total number of masked values: 952658
  - Number of values with pi >= 0.3: 853307
  - Number of values with pi < 0.3: 99351
  - Masked Reconstruction: 14.481783
Mean Absolute Error (MAE): 1.497487
R² Score: -1.678354
==================================================


>>> Optimizing zinb_nll on VALIDATION set: 0.628696
>>> Full validation metrics: {'total_loss': 0.6431781331183146, 'zinb_nll': 0.6286963493531832, 'mae': 1.4974873065948486, 'r2': -1.678354024887085, 'masked_loss': 14.481782805409694}

Iteration No: 67 ended. Search finished for the next optimal point.
Time taken: 17329.2560
Function value obtained: 0.6287
Current minimum: 0.6287
Iteration No: 68 started. Searching for the next optimal point.

================================================================================
Trial with parameters:
  features: Centr
  data_point_length: 500
  step_size: 0.5488095038094869
  bin_size: 1
  sample_fraction: 0.7135879862784053
  moving_average: False
  first_layer_size_factor: 150
  num_layers: 1
  use_conv: True
  conv_channel: 128
  pool_size: 2
  kernel_size: 3
  epochs: 150
  batch_size: 128
  pi_threshold: 0.3
  learning_rate: 1e-05
  dropout_rate: 0.0
  masked_recon_weight: 0.001
  regularizer: none
  regularization_weight: 0.0003361435296617079
================================================================================

Creating datasets with:
  features: ['Centr']
  bin_size: 1
  moving_average: False
  data_point_length: 500 (from 500)
  step_size: 274 (from fraction 0.5488095038094869)
  layers: [np.int64(2400)] (first=2400, num=1)
  stride: 1 (fixed), padding: same (fixed)


Clipping outliers using 95th percentile * 1.5...
strain_yTW001: Clipping values above 134.25 (P95=89.50). Clipped 27529/1193409 values (2.31%)
strain_FD: Clipping values above 71.92 (P95=47.94). Clipped 95791/4127807 values (2.32%)
strain_dnrp: Clipping values above 243.00 (P95=162.00). Clipped 25649/1119454 values (2.29%)
strain_yEK19: Clipping values above 77.10 (P95=51.40). Clipped 83713/3893623 values (2.15%)
strain_yEK23: Clipping values above 72.00 (P95=48.00). Clipped 86381/3558407 values (2.43%)
strain_yWT03a: Clipping values above 15.00 (P95=10.00). Clipped 10602/347679 values (3.05%)
strain_yWT04a: Clipping values above 58.50 (P95=39.00). Clipped 21095/725406 values (2.91%)
strain_ylic137: Clipping values above 142.50 (P95=95.00). Clipped 28746/1112684 values (2.58%)
Standardizing features: ['Centr']
Column order in final array (Dataset/Chrom split): ['Value', 'Centromere_Distance', 'Value_Raw', 'Size_Factor']
Removing 0 empty data points out of 243560
Column order in final array (Dataset/Chrom split): ['Value', 'Centromere_Distance', 'Value_Raw', 'Size_Factor']
Removing 0 empty data points out of 64976
Column order in final array (Dataset/Chrom split): ['Value', 'Centromere_Distance', 'Value_Raw', 'Size_Factor']
Removing 0 empty data points out of 43872
Datasets created:
  Train: (243560, 500, 4), Val: (64976, 500, 4), Test: (43872, 500, 4)

Randomly sampled 173801/243560 samples (71.4%)
Applied denoising with 15.0% masking
Applied denoising with 15.0% masking
Applied denoising with 15.0% masking
Epoch [1/150], Total Loss: 1.0256, NLL: 1.0119, Masked: 13.6233
Epoch [2/150], Total Loss: 0.9583, NLL: 0.9451, Masked: 13.1792
Epoch [3/150], Total Loss: 0.9288, NLL: 0.9158, Masked: 13.0414
Epoch [4/150], Total Loss: 0.9022, NLL: 0.8895, Masked: 12.7323
Epoch [5/150], Total Loss: 0.8854, NLL: 0.8728, Masked: 12.6001
Epoch [6/150], Total Loss: 0.8741, NLL: 0.8615, Masked: 12.5485
Epoch [7/150], Total Loss: 0.8640, NLL: 0.8516, Masked: 12.4413
Epoch [8/150], Total Loss: 0.8545, NLL: 0.8422, Masked: 12.3588
Epoch [9/150], Total Loss: 0.8456, NLL: 0.8333, Masked: 12.3138
Epoch [10/150], Total Loss: 0.8375, NLL: 0.8252, Masked: 12.2957
Epoch [11/150], Total Loss: 0.8305, NLL: 0.8182, Masked: 12.2904
Epoch [12/150], Total Loss: 0.8245, NLL: 0.8122, Masked: 12.2979
Epoch [13/150], Total Loss: 0.8194, NLL: 0.8071, Masked: 12.3199
Epoch [14/150], Total Loss: 0.8151, NLL: 0.8027, Masked: 12.3338
Epoch [15/150], Total Loss: 0.8113, NLL: 0.7990, Masked: 12.3660
Epoch [16/150], Total Loss: 0.8080, NLL: 0.7957, Masked: 12.3754
Epoch [17/150], Total Loss: 0.8050, NLL: 0.7926, Masked: 12.4025
Epoch [18/150], Total Loss: 0.8023, NLL: 0.7899, Masked: 12.4109
Epoch [19/150], Total Loss: 0.7998, NLL: 0.7873, Masked: 12.4200
Epoch [20/150], Total Loss: 0.7974, NLL: 0.7849, Masked: 12.4302
Epoch [21/150], Total Loss: 0.7951, NLL: 0.7827, Masked: 12.4349
Epoch [22/150], Total Loss: 0.7930, NLL: 0.7806, Masked: 12.4384
Epoch [23/150], Total Loss: 0.7910, NLL: 0.7786, Masked: 12.4294
Epoch [24/150], Total Loss: 0.7891, NLL: 0.7767, Masked: 12.4313
Epoch [25/150], Total Loss: 0.7873, NLL: 0.7749, Masked: 12.4234
Epoch [26/150], Total Loss: 0.7855, NLL: 0.7731, Masked: 12.4116
Epoch [27/150], Total Loss: 0.7839, NLL: 0.7715, Masked: 12.3973
Epoch [28/150], Total Loss: 0.7822, NLL: 0.7698, Masked: 12.3954
Epoch [29/150], Total Loss: 0.7806, NLL: 0.7683, Masked: 12.3750
Epoch [30/150], Total Loss: 0.7791, NLL: 0.7667, Masked: 12.3615
Epoch [31/150], Total Loss: 0.7776, NLL: 0.7652, Masked: 12.3521
Epoch [32/150], Total Loss: 0.7760, NLL: 0.7637, Masked: 12.3365
Epoch [33/150], Total Loss: 0.7745, NLL: 0.7622, Masked: 12.3196
Epoch [34/150], Total Loss: 0.7729, NLL: 0.7606, Masked: 12.2999
Epoch [35/150], Total Loss: 0.7714, NLL: 0.7591, Masked: 12.2883
Epoch [36/150], Total Loss: 0.7698, NLL: 0.7575, Masked: 12.2711
Epoch [37/150], Total Loss: 0.7682, NLL: 0.7559, Masked: 12.2462
Epoch [38/150], Total Loss: 0.7665, NLL: 0.7543, Masked: 12.2340
Epoch [39/150], Total Loss: 0.7648, NLL: 0.7526, Masked: 12.2211
Epoch [40/150], Total Loss: 0.7631, NLL: 0.7509, Masked: 12.2063
Epoch [41/150], Total Loss: 0.7615, NLL: 0.7493, Masked: 12.1929
Epoch [42/150], Total Loss: 0.7598, NLL: 0.7476, Masked: 12.1813
Epoch [43/150], Total Loss: 0.7581, NLL: 0.7460, Masked: 12.1727
Epoch [44/150], Total Loss: 0.7565, NLL: 0.7443, Masked: 12.1673
Epoch [45/150], Total Loss: 0.7548, NLL: 0.7427, Masked: 12.1632
Epoch [46/150], Total Loss: 0.7532, NLL: 0.7410, Masked: 12.1497
Epoch [47/150], Total Loss: 0.7515, NLL: 0.7394, Masked: 12.1411
Epoch [48/150], Total Loss: 0.7499, NLL: 0.7377, Masked: 12.1410
Epoch [49/150], Total Loss: 0.7482, NLL: 0.7361, Masked: 12.1398
Epoch [50/150], Total Loss: 0.7466, NLL: 0.7344, Masked: 12.1341
Epoch [51/150], Total Loss: 0.7449, NLL: 0.7328, Masked: 12.1330
Epoch [52/150], Total Loss: 0.7433, NLL: 0.7311, Masked: 12.1229
Epoch [53/150], Total Loss: 0.7417, NLL: 0.7295, Masked: 12.1298
Epoch [54/150], Total Loss: 0.7400, NLL: 0.7279, Masked: 12.1252
Epoch [55/150], Total Loss: 0.7385, NLL: 0.7263, Masked: 12.1256
Epoch [56/150], Total Loss: 0.7369, NLL: 0.7247, Masked: 12.1233
Epoch [57/150], Total Loss: 0.7353, NLL: 0.7232, Masked: 12.1251
Epoch [58/150], Total Loss: 0.7338, NLL: 0.7216, Masked: 12.1242
Epoch [59/150], Total Loss: 0.7322, NLL: 0.7201, Masked: 12.1230
Epoch [60/150], Total Loss: 0.7307, NLL: 0.7186, Masked: 12.1272
Epoch [61/150], Total Loss: 0.7292, NLL: 0.7171, Masked: 12.1184
Epoch [62/150], Total Loss: 0.7278, NLL: 0.7156, Masked: 12.1224
Epoch [63/150], Total Loss: 0.7263, NLL: 0.7142, Masked: 12.1180
Epoch [64/150], Total Loss: 0.7248, NLL: 0.7127, Masked: 12.1246
Epoch [65/150], Total Loss: 0.7234, NLL: 0.7113, Masked: 12.1205
Epoch [66/150], Total Loss: 0.7220, NLL: 0.7099, Masked: 12.1200
Epoch [67/150], Total Loss: 0.7206, NLL: 0.7085, Masked: 12.1212
Epoch [68/150], Total Loss: 0.7192, NLL: 0.7071, Masked: 12.1239
Epoch [69/150], Total Loss: 0.7179, NLL: 0.7058, Masked: 12.1235
Epoch [70/150], Total Loss: 0.7165, NLL: 0.7044, Masked: 12.1176
Epoch [71/150], Total Loss: 0.7152, NLL: 0.7031, Masked: 12.1287
Epoch [72/150], Total Loss: 0.7139, NLL: 0.7018, Masked: 12.1180
Epoch [73/150], Total Loss: 0.7126, NLL: 0.7005, Masked: 12.1216
Epoch [74/150], Total Loss: 0.7113, NLL: 0.6992, Masked: 12.1211
Epoch [75/150], Total Loss: 0.7101, NLL: 0.6980, Masked: 12.1189
Epoch [76/150], Total Loss: 0.7088, NLL: 0.6967, Masked: 12.1190
Epoch [77/150], Total Loss: 0.7076, NLL: 0.6955, Masked: 12.1231
Epoch [78/150], Total Loss: 0.7064, NLL: 0.6943, Masked: 12.1217
Epoch [79/150], Total Loss: 0.7052, NLL: 0.6931, Masked: 12.1187
Epoch [80/150], Total Loss: 0.7040, NLL: 0.6919, Masked: 12.1179
Epoch [81/150], Total Loss: 0.7028, NLL: 0.6907, Masked: 12.1196
Epoch [82/150], Total Loss: 0.7017, NLL: 0.6895, Masked: 12.1222
Epoch [83/150], Total Loss: 0.7005, NLL: 0.6884, Masked: 12.1211
Epoch [84/150], Total Loss: 0.6993, NLL: 0.6872, Masked: 12.1163
Epoch [85/150], Total Loss: 0.6982, NLL: 0.6861, Masked: 12.1224
Epoch [86/150], Total Loss: 0.6971, NLL: 0.6850, Masked: 12.1233
Epoch [87/150], Total Loss: 0.6960, NLL: 0.6839, Masked: 12.1232
Epoch [88/150], Total Loss: 0.6949, NLL: 0.6828, Masked: 12.1185
Epoch [89/150], Total Loss: 0.6938, NLL: 0.6817, Masked: 12.1244
Epoch [90/150], Total Loss: 0.6928, NLL: 0.6807, Masked: 12.1220
Epoch [91/150], Total Loss: 0.6917, NLL: 0.6796, Masked: 12.1194
Epoch [92/150], Total Loss: 0.6907, NLL: 0.6785, Masked: 12.1245
Epoch [93/150], Total Loss: 0.6896, NLL: 0.6775, Masked: 12.1203
Epoch [94/150], Total Loss: 0.6886, NLL: 0.6765, Masked: 12.1246
Epoch [95/150], Total Loss: 0.6876, NLL: 0.6755, Masked: 12.1199
Epoch [96/150], Total Loss: 0.6866, NLL: 0.6745, Masked: 12.1184
Epoch [97/150], Total Loss: 0.6856, NLL: 0.6735, Masked: 12.1217
Epoch [98/150], Total Loss: 0.6846, NLL: 0.6725, Masked: 12.1280
Epoch [99/150], Total Loss: 0.6836, NLL: 0.6715, Masked: 12.1221
Epoch [100/150], Total Loss: 0.6826, NLL: 0.6705, Masked: 12.1204
Epoch [101/150], Total Loss: 0.6816, NLL: 0.6695, Masked: 12.1181
Epoch [102/150], Total Loss: 0.6807, NLL: 0.6685, Masked: 12.1241
Epoch [103/150], Total Loss: 0.6797, NLL: 0.6676, Masked: 12.1243
Epoch [104/150], Total Loss: 0.6787, NLL: 0.6666, Masked: 12.1198
Epoch [105/150], Total Loss: 0.6778, NLL: 0.6657, Masked: 12.1219
Epoch [106/150], Total Loss: 0.6769, NLL: 0.6647, Masked: 12.1224
Epoch [107/150], Total Loss: 0.6759, NLL: 0.6638, Masked: 12.1267
Epoch [108/150], Total Loss: 0.6750, NLL: 0.6629, Masked: 12.1203
Epoch [109/150], Total Loss: 0.6740, NLL: 0.6619, Masked: 12.1219
Epoch [110/150], Total Loss: 0.6731, NLL: 0.6610, Masked: 12.1216
Epoch [111/150], Total Loss: 0.6722, NLL: 0.6601, Masked: 12.1211
Epoch [112/150], Total Loss: 0.6713, NLL: 0.6592, Masked: 12.1203
Epoch [113/150], Total Loss: 0.6704, NLL: 0.6583, Masked: 12.1269
Epoch [114/150], Total Loss: 0.6695, NLL: 0.6573, Masked: 12.1170
Epoch [115/150], Total Loss: 0.6686, NLL: 0.6565, Masked: 12.1226
Epoch [116/150], Total Loss: 0.6677, NLL: 0.6556, Masked: 12.1300
Epoch [117/150], Total Loss: 0.6668, NLL: 0.6547, Masked: 12.1271
Epoch [118/150], Total Loss: 0.6659, NLL: 0.6538, Masked: 12.1241
Epoch [119/150], Total Loss: 0.6650, NLL: 0.6529, Masked: 12.1296
Epoch [120/150], Total Loss: 0.6641, NLL: 0.6520, Masked: 12.1243
Epoch [121/150], Total Loss: 0.6633, NLL: 0.6511, Masked: 12.1275
Epoch [122/150], Total Loss: 0.6624, NLL: 0.6503, Masked: 12.1283
Epoch [123/150], Total Loss: 0.6615, NLL: 0.6494, Masked: 12.1234
Epoch [124/150], Total Loss: 0.6607, NLL: 0.6485, Masked: 12.1289
Epoch [125/150], Total Loss: 0.6598, NLL: 0.6476, Masked: 12.1366
Epoch [126/150], Total Loss: 0.6589, NLL: 0.6467, Masked: 12.1345
Epoch [127/150], Total Loss: 0.6580, NLL: 0.6459, Masked: 12.1365
Epoch [128/150], Total Loss: 0.6571, NLL: 0.6450, Masked: 12.1304
Epoch [129/150], Total Loss: 0.6563, NLL: 0.6441, Masked: 12.1324
Epoch [130/150], Total Loss: 0.6554, NLL: 0.6433, Masked: 12.1392
Epoch [131/150], Total Loss: 0.6545, NLL: 0.6424, Masked: 12.1357
Epoch [132/150], Total Loss: 0.6537, NLL: 0.6416, Masked: 12.1353
Epoch [133/150], Total Loss: 0.6528, NLL: 0.6407, Masked: 12.1407
Epoch [134/150], Total Loss: 0.6520, NLL: 0.6398, Masked: 12.1446
Epoch [135/150], Total Loss: 0.6511, NLL: 0.6390, Masked: 12.1428
Epoch [136/150], Total Loss: 0.6503, NLL: 0.6381, Masked: 12.1405
Epoch [137/150], Total Loss: 0.6494, NLL: 0.6373, Masked: 12.1450
Epoch [138/150], Total Loss: 0.6486, NLL: 0.6364, Masked: 12.1432
Epoch [139/150], Total Loss: 0.6477, NLL: 0.6356, Masked: 12.1440
Epoch [140/150], Total Loss: 0.6469, NLL: 0.6347, Masked: 12.1430
Epoch [141/150], Total Loss: 0.6460, NLL: 0.6339, Masked: 12.1446
Epoch [142/150], Total Loss: 0.6452, NLL: 0.6331, Masked: 12.1521
Epoch [143/150], Total Loss: 0.6444, NLL: 0.6322, Masked: 12.1496
Epoch [144/150], Total Loss: 0.6435, NLL: 0.6314, Masked: 12.1519
Epoch [145/150], Total Loss: 0.6427, NLL: 0.6305, Masked: 12.1474
Epoch [146/150], Total Loss: 0.6418, NLL: 0.6297, Masked: 12.1511
Epoch [147/150], Total Loss: 0.6410, NLL: 0.6289, Masked: 12.1546
Epoch [148/150], Total Loss: 0.6402, NLL: 0.6280, Masked: 12.1502
Epoch [149/150], Total Loss: 0.6394, NLL: 0.6272, Masked: 12.1574
Epoch [150/150], Total Loss: 0.6385, NLL: 0.6264, Masked: 12.1627

==================================================
EVALUATING ON TRAINING DATA
==================================================

==================================================
TEST RESULTS
==================================================
Total Loss: 0.637269
  - ZINB NLL: 0.625120
Total number of masked values: 2034626
  - Number of values with pi >= 0.3: 1691765
  - Number of values with pi < 0.3: 342861
  - Masked Reconstruction: 12.149504
Mean Absolute Error (MAE): 1.099262
R² Score: 0.345725
==================================================


==================================================
TEST RESULTS
==================================================
Total Loss: 0.704247
  - ZINB NLL: 0.689549
Total number of masked values: 779072
  - Number of values with pi >= 0.3: 674299
  - Number of values with pi < 0.3: 104773
  - Masked Reconstruction: 14.698471
Mean Absolute Error (MAE): 1.292177
R² Score: 0.164787
==================================================


>>> Optimizing zinb_nll on VALIDATION set: 0.689549
