Running Bayesian optimization with metric: zinb_nll
Device: cuda

################################################################################
# Starting Bayesian Hyperparameter Optimization
# Optimizing metric: zinb_nll on VALIDATION set
# Number of trials: 150
# Initial random points: 20
# Random state: 42
# Parallel jobs: 1
################################################################################

Iteration No: 1 started. Evaluating function at random point.

================================================================================
Trial with parameters:
  features: Nucl
  data_point_length: 2243
  step_size: 0.790706450259131
  bin_size: 62
  sample_fraction: 0.5843745646401934
  moving_average: True
  first_layer_size_factor: 48
  num_layers: 3
  use_conv: True
  conv_channel: 89
  pool_size: 2
  kernel_size: 11
  epochs: 143
  batch_size: 32
  noise_level: 0.892990403362096
  pi_threshold: 0.5469926038510866
  learning_rate: 0.000683847843096405
  dropout_rate: 0.003533152609858704
  masked_recon_weight: 0.0012366582530130826
  regularizer: l2
  regularization_weight: 0.006295450333384259
================================================================================

Creating datasets with:
  features: ['Nucl']
  bin_size: 62
  moving_average: True
  data_point_length: 2243 (from 2243)
  step_size: 0.790706450259131
  layers: [np.int64(768), np.int64(384), np.int64(192)] (first=768, num=3)
  stride: 1 (fixed), padding: 0 (fixed)


Clipping outliers using 95th percentile * 1.5...
strain_yTW001: Clipping values above 134.25 (P95=89.50). Clipped 27529/1193409 values (2.31%)
strain_FD: Clipping values above 71.92 (P95=47.94). Clipped 95791/4127807 values (2.32%)
strain_dnrp: Clipping values above 243.00 (P95=162.00). Clipped 25649/1119454 values (2.29%)
strain_yEK19: Clipping values above 77.10 (P95=51.40). Clipped 83713/3893623 values (2.15%)
strain_yEK23: Clipping values above 72.00 (P95=48.00). Clipped 86381/3558407 values (2.43%)
strain_yWT03a: Clipping values above 15.00 (P95=10.00). Clipped 10602/347679 values (3.05%)
strain_yWT04a: Clipping values above 58.50 (P95=39.00). Clipped 21095/725406 values (2.91%)
strain_ylic137: Clipping values above 142.50 (P95=95.00). Clipped 28746/1112684 values (2.58%)
Standardizing features: ['Nucl']
Column order in final array (Dataset/Chrom split): ['Value', 'Nucleosome_Distance', 'Value_Raw', 'Size_Factor']
Removing 0 empty data points out of 31128
Column order in final array (Dataset/Chrom split): ['Value', 'Nucleosome_Distance', 'Value_Raw', 'Size_Factor']
Removing 0 empty data points out of 5568
Column order in final array (Dataset/Chrom split): ['Value', 'Nucleosome_Distance', 'Value_Raw', 'Size_Factor']
Removing 0 empty data points out of 17816
Datasets created:
  Train: (31128, 2243, 4), Val: (5568, 2243, 4), Test: (17816, 2243, 4)

Randomly sampled 18190/31128 samples (58.4%)
Applied denoising with 89.3% masking
Applied denoising with 89.3% masking
Applied denoising with 89.3% masking
Epoch [1/143], Total Loss: 1.9318, NLL: 1.9281, Masked: 2.9950, Reg: 47.040959
Epoch [2/143], Total Loss: 1.8734, NLL: 1.8702, Masked: 2.5643, Reg: 30.299062
Epoch [3/143], Total Loss: 1.8457, NLL: 1.8426, Masked: 2.4692, Reg: 18.599116
Epoch [4/143], Total Loss: 1.8301, NLL: 1.8271, Masked: 2.3890, Reg: 10.576818
Epoch [5/143], Total Loss: 1.8213, NLL: 1.8184, Masked: 2.3702, Reg: 5.445308
Epoch [6/143], Total Loss: 1.8249, NLL: 1.8220, Masked: 2.3595, Reg: 2.481865
Epoch [7/143], Total Loss: 1.8109, NLL: 1.8080, Masked: 2.3343, Reg: 0.994992
Epoch [8/143], Total Loss: 1.8085, NLL: 1.8056, Masked: 2.3121, Reg: 0.405525
Epoch [9/143], Total Loss: 1.8090, NLL: 1.8062, Masked: 2.3213, Reg: 0.239228
Epoch [10/143], Total Loss: 1.8097, NLL: 1.8068, Masked: 2.3070, Reg: 0.207234
Epoch [11/143], Total Loss: 1.8047, NLL: 1.8018, Masked: 2.2914, Reg: 0.199125
Epoch [12/143], Total Loss: 1.8098, NLL: 1.8069, Masked: 2.3202, Reg: 0.205917
Epoch [13/143], Total Loss: 1.8061, NLL: 1.8032, Masked: 2.3195, Reg: 0.207107
Epoch [14/143], Total Loss: 1.8064, NLL: 1.8036, Masked: 2.2982, Reg: 0.200654
Epoch [15/143], Total Loss: 1.8043, NLL: 1.8015, Masked: 2.3103, Reg: 0.199396
Epoch [16/143], Total Loss: 1.8057, NLL: 1.8029, Masked: 2.2996, Reg: 0.200033
Epoch [17/143], Total Loss: 1.8058, NLL: 1.8029, Masked: 2.3073, Reg: 0.201326
Epoch [18/143], Total Loss: 1.8103, NLL: 1.8074, Masked: 2.3069, Reg: 0.204403
Epoch [19/143], Total Loss: 1.8045, NLL: 1.8017, Masked: 2.2885, Reg: 0.198046
Epoch [20/143], Total Loss: 1.8086, NLL: 1.8057, Masked: 2.3102, Reg: 0.214573
Epoch [21/143], Total Loss: 1.8011, NLL: 1.7982, Masked: 2.2875, Reg: 0.198457
Epoch [22/143], Total Loss: 1.8065, NLL: 1.8036, Masked: 2.3129, Reg: 0.206046
Epoch [23/143], Total Loss: 1.8011, NLL: 1.7983, Masked: 2.2709, Reg: 0.194682
Epoch [24/143], Total Loss: 1.7999, NLL: 1.7971, Masked: 2.2825, Reg: 0.199189
Epoch [25/143], Total Loss: 1.8032, NLL: 1.8004, Masked: 2.2966, Reg: 0.202830
Epoch [26/143], Total Loss: 1.7975, NLL: 1.7947, Masked: 2.2730, Reg: 0.195450
Epoch [27/143], Total Loss: 1.8037, NLL: 1.8009, Masked: 2.2867, Reg: 0.198969
Epoch [28/143], Total Loss: 1.8032, NLL: 1.8003, Masked: 2.3004, Reg: 0.205940
Epoch [29/143], Total Loss: 1.8019, NLL: 1.7990, Masked: 2.2940, Reg: 0.200771
Epoch [30/143], Total Loss: 1.8027, NLL: 1.7999, Masked: 2.2985, Reg: 0.199427
Epoch [31/143], Total Loss: 1.8119, NLL: 1.8090, Masked: 2.3017, Reg: 0.202295
Epoch [32/143], Total Loss: 1.8100, NLL: 1.8071, Masked: 2.3035, Reg: 0.204933
Epoch [33/143], Total Loss: 1.8026, NLL: 1.7997, Masked: 2.2915, Reg: 0.197410
Epoch [34/143], Total Loss: 1.8042, NLL: 1.8014, Masked: 2.2830, Reg: 0.199796
Epoch [35/143], Total Loss: 1.7962, NLL: 1.7934, Masked: 2.2728, Reg: 0.196636
Epoch [36/143], Total Loss: 1.8051, NLL: 1.8023, Masked: 2.2872, Reg: 0.202266
Epoch [37/143], Total Loss: 1.8023, NLL: 1.7995, Masked: 2.2755, Reg: 0.198485
Epoch [38/143], Total Loss: 1.7997, NLL: 1.7969, Masked: 2.2859, Reg: 0.208553
Epoch [39/143], Total Loss: 1.7989, NLL: 1.7960, Masked: 2.2734, Reg: 0.193862
Epoch [40/143], Total Loss: 1.7934, NLL: 1.7906, Masked: 2.2632, Reg: 0.193637
Epoch [41/143], Total Loss: 1.7980, NLL: 1.7952, Masked: 2.2707, Reg: 0.200757
Epoch [42/143], Total Loss: 1.7998, NLL: 1.7969, Masked: 2.2829, Reg: 0.197754
Epoch [43/143], Total Loss: 1.7983, NLL: 1.7955, Masked: 2.2755, Reg: 0.195777
Epoch [44/143], Total Loss: 1.7993, NLL: 1.7964, Masked: 2.2795, Reg: 0.202605
Epoch [45/143], Total Loss: 1.7972, NLL: 1.7944, Masked: 2.2840, Reg: 0.199379
Epoch [46/143], Total Loss: 1.8020, NLL: 1.7992, Masked: 2.2761, Reg: 0.194981
Epoch [47/143], Total Loss: 1.8015, NLL: 1.7987, Masked: 2.2879, Reg: 0.197014
Epoch [48/143], Total Loss: 1.8044, NLL: 1.8016, Masked: 2.2914, Reg: 0.205119
Epoch [49/143], Total Loss: 1.8057, NLL: 1.8029, Masked: 2.2962, Reg: 0.200286
Epoch [50/143], Total Loss: 1.7963, NLL: 1.7935, Masked: 2.2778, Reg: 0.199180
Epoch [51/143], Total Loss: 1.7963, NLL: 1.7936, Masked: 2.2614, Reg: 0.193497
Epoch [52/143], Total Loss: 1.7947, NLL: 1.7919, Masked: 2.2563, Reg: 0.192232
Epoch [53/143], Total Loss: 1.7947, NLL: 1.7919, Masked: 2.2760, Reg: 0.196194
Epoch [54/143], Total Loss: 1.8005, NLL: 1.7976, Masked: 2.2862, Reg: 0.200688
Epoch [55/143], Total Loss: 1.8028, NLL: 1.8000, Masked: 2.2765, Reg: 0.198445
Epoch [56/143], Total Loss: 1.7994, NLL: 1.7966, Masked: 2.2865, Reg: 0.197152
Epoch [57/143], Total Loss: 1.7957, NLL: 1.7929, Masked: 2.2732, Reg: 0.195795
Epoch [58/143], Total Loss: 1.7974, NLL: 1.7946, Masked: 2.2712, Reg: 0.193089
Epoch [59/143], Total Loss: 1.8007, NLL: 1.7979, Masked: 2.2716, Reg: 0.198730
Epoch [60/143], Total Loss: 1.8090, NLL: 1.8062, Masked: 2.2903, Reg: 0.202476
Epoch [61/143], Total Loss: 1.8005, NLL: 1.7976, Masked: 2.2929, Reg: 0.204768
Epoch [62/143], Total Loss: 1.7918, NLL: 1.7890, Masked: 2.2536, Reg: 0.193520
Epoch [63/143], Total Loss: 1.8028, NLL: 1.8000, Masked: 2.2908, Reg: 0.200207
Epoch [64/143], Total Loss: 1.7947, NLL: 1.7919, Masked: 2.2608, Reg: 0.194205
Epoch [65/143], Total Loss: 1.7982, NLL: 1.7953, Masked: 2.2731, Reg: 0.196455
Epoch [66/143], Total Loss: 1.7950, NLL: 1.7922, Masked: 2.2924, Reg: 0.194382
Epoch [67/143], Total Loss: 1.7972, NLL: 1.7944, Masked: 2.2658, Reg: 0.194172
Epoch [68/143], Total Loss: 1.8061, NLL: 1.8033, Masked: 2.2947, Reg: 0.204216
Epoch [69/143], Total Loss: 1.7975, NLL: 1.7947, Masked: 2.2766, Reg: 0.198104
Epoch [70/143], Total Loss: 1.7919, NLL: 1.7891, Masked: 2.2512, Reg: 0.193075
Epoch [71/143], Total Loss: 1.7999, NLL: 1.7971, Masked: 2.2746, Reg: 0.196812
Epoch [72/143], Total Loss: 1.7967, NLL: 1.7939, Masked: 2.2607, Reg: 0.192881
Epoch [73/143], Total Loss: 1.7983, NLL: 1.7954, Masked: 2.2706, Reg: 0.193624
Epoch [74/143], Total Loss: 1.7941, NLL: 1.7913, Masked: 2.2695, Reg: 0.195021
Epoch [75/143], Total Loss: 1.7917, NLL: 1.7890, Masked: 2.2549, Reg: 0.191414
Epoch [76/143], Total Loss: 1.8014, NLL: 1.7986, Masked: 2.2867, Reg: 0.200840
Epoch [77/143], Total Loss: 1.7959, NLL: 1.7931, Masked: 2.2683, Reg: 0.198505
Epoch [78/143], Total Loss: 1.7971, NLL: 1.7943, Masked: 2.2628, Reg: 0.194538
Epoch [79/143], Total Loss: 1.7971, NLL: 1.7943, Masked: 2.2669, Reg: 0.197733
Epoch [80/143], Total Loss: 1.7962, NLL: 1.7934, Masked: 2.2704, Reg: 0.194899
Epoch [81/143], Total Loss: 1.7963, NLL: 1.7935, Masked: 2.2780, Reg: 0.195531
Epoch [82/143], Total Loss: 1.7982, NLL: 1.7954, Masked: 2.2850, Reg: 0.196801
Epoch [83/143], Total Loss: 1.7946, NLL: 1.7918, Masked: 2.2679, Reg: 0.193332
Epoch [84/143], Total Loss: 1.7948, NLL: 1.7920, Masked: 2.2539, Reg: 0.192687
Epoch [85/143], Total Loss: 1.7952, NLL: 1.7924, Masked: 2.2636, Reg: 0.196756
Epoch [86/143], Total Loss: 1.8034, NLL: 1.8006, Masked: 2.2922, Reg: 0.195881
Epoch [87/143], Total Loss: 1.8034, NLL: 1.8006, Masked: 2.2856, Reg: 0.197004
Epoch [88/143], Total Loss: 1.7978, NLL: 1.7950, Masked: 2.2656, Reg: 0.195302
Epoch [89/143], Total Loss: 1.7944, NLL: 1.7916, Masked: 2.2605, Reg: 0.197692
Epoch [90/143], Total Loss: 1.7975, NLL: 1.7947, Masked: 2.2701, Reg: 0.194461
Epoch [91/143], Total Loss: 1.8024, NLL: 1.7995, Masked: 2.2757, Reg: 0.199252
Epoch [92/143], Total Loss: 1.7951, NLL: 1.7923, Masked: 2.2658, Reg: 0.198346
Epoch [93/143], Total Loss: 1.7942, NLL: 1.7914, Masked: 2.2654, Reg: 0.193161
Epoch [94/143], Total Loss: 1.7930, NLL: 1.7902, Masked: 2.2497, Reg: 0.192352
Epoch [95/143], Total Loss: 1.7946, NLL: 1.7918, Masked: 2.2656, Reg: 0.192735
Epoch [96/143], Total Loss: 1.7939, NLL: 1.7911, Masked: 2.2625, Reg: 0.194306
Epoch [97/143], Total Loss: 1.8027, NLL: 1.7999, Masked: 2.2742, Reg: 0.197513
Epoch [98/143], Total Loss: 1.7952, NLL: 1.7924, Masked: 2.2590, Reg: 0.193989
Epoch [99/143], Total Loss: 1.7952, NLL: 1.7924, Masked: 2.2649, Reg: 0.196457
Epoch [100/143], Total Loss: 1.7961, NLL: 1.7933, Masked: 2.2727, Reg: 0.196162
Epoch [101/143], Total Loss: 1.7997, NLL: 1.7969, Masked: 2.2706, Reg: 0.195246
Epoch [102/143], Total Loss: 1.7974, NLL: 1.7946, Masked: 2.2633, Reg: 0.194501
Epoch [103/143], Total Loss: 1.7964, NLL: 1.7936, Masked: 2.2583, Reg: 0.191794
Epoch [104/143], Total Loss: 1.7928, NLL: 1.7900, Masked: 2.2495, Reg: 0.192510
Epoch [105/143], Total Loss: 1.7983, NLL: 1.7955, Masked: 2.2770, Reg: 0.198096
Epoch [106/143], Total Loss: 1.7980, NLL: 1.7951, Masked: 2.2748, Reg: 0.193900
Epoch [107/143], Total Loss: 1.7943, NLL: 1.7915, Masked: 2.2583, Reg: 0.193759
Epoch [108/143], Total Loss: 1.7967, NLL: 1.7939, Masked: 2.2544, Reg: 0.194398
Epoch [109/143], Total Loss: 1.7966, NLL: 1.7938, Masked: 2.2680, Reg: 0.197420
Epoch [110/143], Total Loss: 1.7957, NLL: 1.7929, Masked: 2.2616, Reg: 0.192612
Epoch [111/143], Total Loss: 1.7956, NLL: 1.7928, Masked: 2.2638, Reg: 0.193326
Epoch [112/143], Total Loss: 1.7918, NLL: 1.7890, Masked: 2.2502, Reg: 0.191431
Epoch [113/143], Total Loss: 1.7942, NLL: 1.7914, Masked: 2.2522, Reg: 0.192469
Epoch [114/143], Total Loss: 1.7971, NLL: 1.7943, Masked: 2.2579, Reg: 0.195052
Epoch [115/143], Total Loss: 1.7945, NLL: 1.7917, Masked: 2.2603, Reg: 0.192484
Epoch [116/143], Total Loss: 1.7960, NLL: 1.7932, Masked: 2.2640, Reg: 0.195833
Epoch [117/143], Total Loss: 1.7970, NLL: 1.7942, Masked: 2.2697, Reg: 0.193042
Epoch [118/143], Total Loss: 1.7961, NLL: 1.7933, Masked: 2.2585, Reg: 0.194248
Epoch [119/143], Total Loss: 1.7956, NLL: 1.7928, Masked: 2.2619, Reg: 0.195544
Epoch [120/143], Total Loss: 1.7961, NLL: 1.7933, Masked: 2.2496, Reg: 0.193069
Epoch [121/143], Total Loss: 1.7922, NLL: 1.7894, Masked: 2.2536, Reg: 0.191764
Epoch [122/143], Total Loss: 1.7970, NLL: 1.7942, Masked: 2.2769, Reg: 0.198436
Epoch [123/143], Total Loss: 1.7964, NLL: 1.7936, Masked: 2.2819, Reg: 0.197635
Epoch [124/143], Total Loss: 1.8001, NLL: 1.7973, Masked: 2.2779, Reg: 0.203709
Epoch [125/143], Total Loss: 1.7958, NLL: 1.7930, Masked: 2.2702, Reg: 0.195482
Epoch [126/143], Total Loss: 1.7952, NLL: 1.7924, Masked: 2.2533, Reg: 0.195827
Epoch [127/143], Total Loss: 1.8000, NLL: 1.7972, Masked: 2.2626, Reg: 0.195048
Epoch [128/143], Total Loss: 1.7918, NLL: 1.7890, Masked: 2.2496, Reg: 0.192052
Epoch [129/143], Total Loss: 1.7968, NLL: 1.7940, Masked: 2.2647, Reg: 0.193289
Epoch [130/143], Total Loss: 1.7943, NLL: 1.7915, Masked: 2.2578, Reg: 0.192377
Epoch [131/143], Total Loss: 1.7966, NLL: 1.7938, Masked: 2.2621, Reg: 0.193971
Epoch [132/143], Total Loss: 1.7970, NLL: 1.7943, Masked: 2.2623, Reg: 0.191703
Epoch [133/143], Total Loss: 1.7913, NLL: 1.7885, Masked: 2.2483, Reg: 0.190975
Epoch [134/143], Total Loss: 1.7927, NLL: 1.7899, Masked: 2.2500, Reg: 0.193357
Epoch [135/143], Total Loss: 1.8013, NLL: 1.7985, Masked: 2.2761, Reg: 0.198303
Epoch [136/143], Total Loss: 1.8000, NLL: 1.7972, Masked: 2.2627, Reg: 0.194904
Epoch [137/143], Total Loss: 1.7962, NLL: 1.7935, Masked: 2.2519, Reg: 0.194186
Epoch [138/143], Total Loss: 1.8035, NLL: 1.8007, Masked: 2.2987, Reg: 0.200290
Epoch [139/143], Total Loss: 1.8008, NLL: 1.7981, Masked: 2.2539, Reg: 0.193786
Epoch [140/143], Total Loss: 1.7934, NLL: 1.7906, Masked: 2.2603, Reg: 0.193443
Epoch [141/143], Total Loss: 1.7952, NLL: 1.7924, Masked: 2.2537, Reg: 0.194284
Epoch [142/143], Total Loss: 1.7935, NLL: 1.7907, Masked: 2.2588, Reg: 0.193930
Epoch [143/143], Total Loss: 1.7973, NLL: 1.7945, Masked: 2.2713, Reg: 0.192566

==================================================
EVALUATING ON TRAINING DATA
==================================================

==================================================
TEST RESULTS
==================================================
Total Loss: 1.801198
  - ZINB NLL: 1.798277
Total number of masked values: 31765759
  - Number of values with pi >= 0.5469926038510866: 0
  - Number of values with pi < 0.5469926038510866: 31765759
  - Masked Reconstruction: 2.361477
  - Regularization: 0.193677
Mean Absolute Error (MAE): 2.252697
R² Score: 0.273343
==================================================


==================================================
TEST RESULTS
==================================================
Total Loss: 1.907675
  - ZINB NLL: 1.904640
Total number of masked values: 9907134
  - Number of values with pi >= 0.5469926038510866: 0
  - Number of values with pi < 0.5469926038510866: 9907134
  - Masked Reconstruction: 2.454321
  - Regularization: 0.193677
Mean Absolute Error (MAE): 2.430281
R² Score: 0.263655
==================================================


>>> Optimizing zinb_nll on VALIDATION set: 1.904640
>>> Full validation metrics: {'total_loss': 1.9076753090852978, 'zinb_nll': 1.9046401518514786, 'mae': 2.430280923843384, 'r2': 0.26365500688552856, 'masked_loss': 2.454321313520958, 'reg_loss': 0.19367681194232825}

Iteration No: 1 ended. Evaluation done at random point.
Time taken: 2824.3552
Function value obtained: 1.9046
Current minimum: 1.9046
Iteration No: 2 started. Evaluating function at random point.

================================================================================
Trial with parameters:
  features: Centr_Nucl
  data_point_length: 9751
  step_size: 0.27113277340878905
  bin_size: 14
  sample_fraction: 0.7137895069998156
  moving_average: True
  first_layer_size_factor: 98
  num_layers: 3
  use_conv: False
  conv_channel: 92
  pool_size: 5
  kernel_size: 3
  epochs: 143
  batch_size: 64
  noise_level: 0.34687485228592463
  pi_threshold: 0.30638650088808567
  learning_rate: 4.9281222976955033e-05
  dropout_rate: 0.12051273301300588
  masked_recon_weight: 0.5408216580718497
  regularizer: l2
  regularization_weight: 6.7977373780145784
================================================================================

Creating datasets with:
  features: ['Centr', 'Nucl']
  bin_size: 14
  moving_average: True
  data_point_length: 9751 (from 9751)
  step_size: 0.27113277340878905
  layers: [np.int64(1568), np.int64(784), np.int64(392)] (first=1568, num=3)
  stride: 1 (fixed), padding: 0 (fixed)


Clipping outliers using 95th percentile * 1.5...
strain_yTW001: Clipping values above 134.25 (P95=89.50). Clipped 27529/1193409 values (2.31%)
strain_FD: Clipping values above 71.92 (P95=47.94). Clipped 95791/4127807 values (2.32%)
strain_dnrp: Clipping values above 243.00 (P95=162.00). Clipped 25649/1119454 values (2.29%)
strain_yEK19: Clipping values above 77.10 (P95=51.40). Clipped 83713/3893623 values (2.15%)
strain_yEK23: Clipping values above 72.00 (P95=48.00). Clipped 86381/3558407 values (2.43%)
strain_yWT03a: Clipping values above 15.00 (P95=10.00). Clipped 10602/347679 values (3.05%)
strain_yWT04a: Clipping values above 58.50 (P95=39.00). Clipped 21095/725406 values (2.91%)
strain_ylic137: Clipping values above 142.50 (P95=95.00). Clipped 28746/1112684 values (2.58%)
Standardizing features: ['Centr', 'Nucl']
Column order in final array (Dataset/Chrom split): ['Value', 'Nucleosome_Distance', 'Centromere_Distance', 'Value_Raw', 'Size_Factor']
Removing 0 empty data points out of 20720
Column order in final array (Dataset/Chrom split): ['Value', 'Nucleosome_Distance', 'Centromere_Distance', 'Value_Raw', 'Size_Factor']
Removing 0 empty data points out of 3680
Column order in final array (Dataset/Chrom split): ['Value', 'Nucleosome_Distance', 'Centromere_Distance', 'Value_Raw', 'Size_Factor']
Removing 0 empty data points out of 11872
Datasets created:
  Train: (20720, 9751, 5), Val: (3680, 9751, 5), Test: (11872, 9751, 5)

Randomly sampled 14789/20720 samples (71.4%)
Applied denoising with 34.7% masking
Applied denoising with 34.7% masking
Applied denoising with 34.7% masking
Epoch [1/143], Total Loss: 18.9770, NLL: 2.8259, Masked: 29.8640, Reg: 269264.560681
Epoch [2/143], Total Loss: 18.9671, NLL: 2.8245, Masked: 29.8482, Reg: 262444.818458
Epoch [3/143], Total Loss: 18.9799, NLL: 2.8232, Masked: 29.8743, Reg: 258270.656526
Epoch [4/143], Total Loss: 18.9735, NLL: 2.8219, Masked: 29.8648, Reg: 254896.008994
Epoch [5/143], Total Loss: 18.9764, NLL: 2.8206, Masked: 29.8727, Reg: 251822.696838
Epoch [6/143], Total Loss: 18.9675, NLL: 2.8194, Masked: 29.8585, Reg: 248866.624816
Epoch [7/143], Total Loss: 18.9722, NLL: 2.8181, Masked: 29.8695, Reg: 245963.527019
Epoch [8/143], Total Loss: 18.9720, NLL: 2.8168, Masked: 29.8716, Reg: 243092.236901
Epoch [9/143], Total Loss: 18.9640, NLL: 2.8155, Masked: 29.8590, Reg: 240243.658420
Epoch [10/143], Total Loss: 18.9647, NLL: 2.8143, Masked: 29.8628, Reg: 237417.568426
Epoch [11/143], Total Loss: 18.9640, NLL: 2.8130, Masked: 29.8638, Reg: 234610.104672
Epoch [12/143], Total Loss: 18.9630, NLL: 2.8118, Masked: 29.8641, Reg: 231824.387469
Epoch [13/143], Total Loss: 18.9626, NLL: 2.8106, Masked: 29.8658, Reg: 229055.749192
Epoch [14/143], Total Loss: 18.9574, NLL: 2.8093, Masked: 29.8583, Reg: 226306.841752
Epoch [15/143], Total Loss: 18.9604, NLL: 2.8081, Masked: 29.8662, Reg: 223578.176034
Epoch [16/143], Total Loss: 18.9604, NLL: 2.8069, Masked: 29.8684, Reg: 220866.065420
Epoch [17/143], Total Loss: 18.9580, NLL: 2.8057, Masked: 29.8663, Reg: 218170.519837
Epoch [18/143], Total Loss: 18.9503, NLL: 2.8045, Masked: 29.8543, Reg: 215495.229041
Epoch [19/143], Total Loss: 18.9494, NLL: 2.8033, Masked: 29.8548, Reg: 212839.317859
Epoch [20/143], Total Loss: 18.9584, NLL: 2.8021, Masked: 29.8736, Reg: 210199.874428
Epoch [21/143], Total Loss: 18.9528, NLL: 2.8010, Masked: 29.8654, Reg: 207576.899112
Epoch [22/143], Total Loss: 18.9564, NLL: 2.7998, Masked: 29.8741, Reg: 204970.391300
Epoch [23/143], Total Loss: 18.9498, NLL: 2.7986, Masked: 29.8641, Reg: 202380.352111
Epoch [24/143], Total Loss: 18.9511, NLL: 2.7975, Masked: 29.8686, Reg: 199807.702574
Epoch [25/143], Total Loss: 18.9417, NLL: 2.7963, Masked: 29.8535, Reg: 197256.248943
Epoch [26/143], Total Loss: 18.9453, NLL: 2.7952, Masked: 29.8621, Reg: 194721.856845
Epoch [27/143], Total Loss: 18.9510, NLL: 2.7941, Masked: 29.8748, Reg: 192203.852038
Epoch [28/143], Total Loss: 18.9384, NLL: 2.7929, Masked: 29.8536, Reg: 189702.232051
Epoch [29/143], Total Loss: 18.9449, NLL: 2.7918, Masked: 29.8676, Reg: 187217.001243
Epoch [30/143], Total Loss: 18.9490, NLL: 2.7907, Masked: 29.8772, Reg: 184748.156461
Epoch [31/143], Total Loss: 18.9430, NLL: 2.7896, Masked: 29.8682, Reg: 182295.698104
Epoch [32/143], Total Loss: 18.9430, NLL: 2.7886, Masked: 29.8703, Reg: 179859.625358
Epoch [33/143], Total Loss: 18.9375, NLL: 2.7875, Masked: 29.8620, Reg: 177439.939792
Epoch [34/143], Total Loss: 18.9395, NLL: 2.7864, Masked: 29.8677, Reg: 175036.641982
Epoch [35/143], Total Loss: 18.9327, NLL: 2.7854, Masked: 29.8570, Reg: 172652.434647
Epoch [36/143], Total Loss: 18.9344, NLL: 2.7843, Masked: 29.8622, Reg: 170287.764697
Epoch [37/143], Total Loss: 18.9383, NLL: 2.7833, Masked: 29.8713, Reg: 167939.403173
Epoch [38/143], Total Loss: 18.9363, NLL: 2.7822, Masked: 29.8694, Reg: 165607.346180
Epoch [39/143], Total Loss: 18.9337, NLL: 2.7812, Masked: 29.8666, Reg: 163291.595075
Epoch [40/143], Total Loss: 18.9266, NLL: 2.7802, Masked: 29.8552, Reg: 160992.149068
Epoch [41/143], Total Loss: 18.9291, NLL: 2.7792, Masked: 29.8618, Reg: 158709.009891
Epoch [42/143], Total Loss: 18.9344, NLL: 2.7782, Masked: 29.8734, Reg: 156442.172422
Epoch [43/143], Total Loss: 18.9350, NLL: 2.7773, Masked: 29.8763, Reg: 154191.643612
Epoch [44/143], Total Loss: 18.9284, NLL: 2.7763, Masked: 29.8658, Reg: 151957.419267
Epoch [45/143], Total Loss: 18.9286, NLL: 2.7753, Masked: 29.8679, Reg: 149739.500364
Epoch [46/143], Total Loss: 18.9261, NLL: 2.7744, Masked: 29.8652, Reg: 147538.565690
Epoch [47/143], Total Loss: 18.9294, NLL: 2.7735, Masked: 29.8730, Reg: 145358.003413
Epoch [48/143], Total Loss: 18.9210, NLL: 2.7725, Masked: 29.8591, Reg: 143194.348686
Epoch [49/143], Total Loss: 18.9218, NLL: 2.7716, Masked: 29.8623, Reg: 141046.916465
Epoch [50/143], Total Loss: 18.9202, NLL: 2.7707, Masked: 29.8610, Reg: 138915.709503
Epoch [51/143], Total Loss: 18.9248, NLL: 2.7698, Masked: 29.8712, Reg: 136800.725971
Epoch [52/143], Total Loss: 18.9224, NLL: 2.7690, Masked: 29.8682, Reg: 134701.966501
Epoch [53/143], Total Loss: 18.9181, NLL: 2.7681, Masked: 29.8620, Reg: 132619.431195
Epoch [54/143], Total Loss: 18.9227, NLL: 2.7672, Masked: 29.8721, Reg: 130553.121789
Epoch [55/143], Total Loss: 18.9255, NLL: 2.7664, Masked: 29.8787, Reg: 128503.034146
Epoch [56/143], Total Loss: 18.9138, NLL: 2.7656, Masked: 29.8588, Reg: 126469.492400
Epoch [57/143], Total Loss: 18.9184, NLL: 2.7648, Masked: 29.8688, Reg: 124455.839250
Epoch [58/143], Total Loss: 18.9130, NLL: 2.7640, Masked: 29.8602, Reg: 122459.373943
Epoch [59/143], Total Loss: 18.9175, NLL: 2.7632, Masked: 29.8701, Reg: 120479.051542
Epoch [60/143], Total Loss: 18.9203, NLL: 2.7624, Masked: 29.8765, Reg: 118514.869406
Epoch [61/143], Total Loss: 18.9131, NLL: 2.7616, Masked: 29.8648, Reg: 116566.834133
Epoch [62/143], Total Loss: 18.9120, NLL: 2.7609, Masked: 29.8640, Reg: 114634.938889
Epoch [63/143], Total Loss: 18.9190, NLL: 2.7601, Masked: 29.8783, Reg: 112719.188213
Epoch [64/143], Total Loss: 18.9113, NLL: 2.7594, Masked: 29.8654, Reg: 110819.586074
Epoch [65/143], Total Loss: 18.9083, NLL: 2.7587, Masked: 29.8613, Reg: 108936.786611
Epoch [66/143], Total Loss: 18.9147, NLL: 2.7580, Masked: 29.8744, Reg: 107073.613207
Epoch [67/143], Total Loss: 18.9155, NLL: 2.7573, Masked: 29.8772, Reg: 105227.012651
Epoch [68/143], Total Loss: 18.9092, NLL: 2.7567, Masked: 29.8666, Reg: 103396.474099
Epoch [69/143], Total Loss: 18.9089, NLL: 2.7560, Masked: 29.8674, Reg: 101581.997235
Epoch [70/143], Total Loss: 18.9110, NLL: 2.7554, Masked: 29.8724, Reg: 99783.583268
Epoch [71/143], Total Loss: 18.8981, NLL: 2.7547, Masked: 29.8497, Reg: 98001.230761
Epoch [72/143], Total Loss: 18.9066, NLL: 2.7541, Masked: 29.8666, Reg: 96234.940349
Epoch [73/143], Total Loss: 18.9021, NLL: 2.7535, Masked: 29.8593, Reg: 94486.100933
Epoch [74/143], Total Loss: 18.9038, NLL: 2.7530, Masked: 29.8635, Reg: 92756.172178
Epoch [75/143], Total Loss: 18.9060, NLL: 2.7524, Masked: 29.8686, Reg: 91042.313021
Epoch [76/143], Total Loss: 18.8979, NLL: 2.7518, Masked: 29.8546, Reg: 89344.435946
Epoch [77/143], Total Loss: 18.8950, NLL: 2.7513, Masked: 29.8503, Reg: 87662.540725
Epoch [78/143], Total Loss: 18.8995, NLL: 2.7508, Masked: 29.8596, Reg: 85996.626442
Epoch [79/143], Total Loss: 18.9029, NLL: 2.7503, Masked: 29.8667, Reg: 84346.694847
Epoch [80/143], Total Loss: 18.9074, NLL: 2.7498, Masked: 29.8760, Reg: 82714.633002
Epoch [81/143], Total Loss: 18.9023, NLL: 2.7493, Masked: 29.8674, Reg: 81100.697902
Epoch [82/143], Total Loss: 18.8957, NLL: 2.7489, Masked: 29.8561, Reg: 79502.667262
Epoch [83/143], Total Loss: 18.9029, NLL: 2.7484, Masked: 29.8703, Reg: 77920.537242
Epoch [84/143], Total Loss: 18.9000, NLL: 2.7480, Masked: 29.8657, Reg: 76354.308668
Epoch [85/143], Total Loss: 18.8976, NLL: 2.7476, Masked: 29.8619, Reg: 74803.981909
Epoch [86/143], Total Loss: 18.9007, NLL: 2.7472, Masked: 29.8685, Reg: 73271.027549
Epoch [87/143], Total Loss: 18.8989, NLL: 2.7468, Masked: 29.8657, Reg: 71756.273013
Epoch [88/143], Total Loss: 18.8991, NLL: 2.7465, Masked: 29.8669, Reg: 70257.368678
Epoch [89/143], Total Loss: 18.8999, NLL: 2.7462, Masked: 29.8688, Reg: 68774.285581
Epoch [90/143], Total Loss: 18.8989, NLL: 2.7458, Masked: 29.8677, Reg: 67307.023234
Epoch [91/143], Total Loss: 18.8962, NLL: 2.7455, Masked: 29.8632, Reg: 65856.160312
Epoch [92/143], Total Loss: 18.9006, NLL: 2.7452, Masked: 29.8719, Reg: 64422.320807
Epoch [93/143], Total Loss: 18.8971, NLL: 2.7450, Masked: 29.8659, Reg: 63005.404647
Epoch [94/143], Total Loss: 18.9029, NLL: 2.7447, Masked: 29.8770, Reg: 61604.902218
Epoch [95/143], Total Loss: 18.8957, NLL: 2.7445, Masked: 29.8643, Reg: 60220.539303
Epoch [96/143], Total Loss: 18.9014, NLL: 2.7443, Masked: 29.8752, Reg: 58853.151611
Epoch [97/143], Total Loss: 18.8974, NLL: 2.7441, Masked: 29.8682, Reg: 57501.650988
Epoch [98/143], Total Loss: 18.8993, NLL: 2.7439, Masked: 29.8720, Reg: 56167.071270
Epoch [99/143], Total Loss: 18.8903, NLL: 2.7437, Masked: 29.8557, Reg: 54848.537221
Epoch [100/143], Total Loss: 18.8871, NLL: 2.7436, Masked: 29.8499, Reg: 53546.646761
Epoch [101/143], Total Loss: 18.8950, NLL: 2.7434, Masked: 29.8649, Reg: 52261.042134
Epoch [102/143], Total Loss: 18.8945, NLL: 2.7433, Masked: 29.8641, Reg: 50991.833987
Epoch [103/143], Total Loss: 18.8962, NLL: 2.7432, Masked: 29.8674, Reg: 49739.050340
Epoch [104/143], Total Loss: 18.8998, NLL: 2.7432, Masked: 29.8743, Reg: 48502.558289
Epoch [105/143], Total Loss: 18.8957, NLL: 2.7431, Masked: 29.8668, Reg: 47282.475304
Epoch [106/143], Total Loss: 18.8902, NLL: 2.7431, Masked: 29.8566, Reg: 46078.720088
Epoch [107/143], Total Loss: 18.8899, NLL: 2.7431, Masked: 29.8560, Reg: 44891.239932
Epoch [108/143], Total Loss: 5.3577, NLL: 2.7432, Masked: 4.8342, Reg: 43720.198976
Epoch [109/143], Total Loss: 4.7483, NLL: 2.7432, Masked: 3.7074, Reg: 42565.266408
Epoch [110/143], Total Loss: 4.7477, NLL: 2.7433, Masked: 3.7062, Reg: 41426.862743
Epoch [111/143], Total Loss: 4.7507, NLL: 2.7434, Masked: 3.7116, Reg: 40304.487002
Epoch [112/143], Total Loss: 4.7495, NLL: 2.7434, Masked: 3.7093, Reg: 39198.541136
Epoch [113/143], Total Loss: 4.7494, NLL: 2.7435, Masked: 3.7088, Reg: 38108.801145
Epoch [114/143], Total Loss: 4.7502, NLL: 2.7437, Masked: 3.7102, Reg: 37035.205397
Epoch [115/143], Total Loss: 4.7497, NLL: 2.7438, Masked: 3.7089, Reg: 35977.962186
Epoch [116/143], Total Loss: 4.7491, NLL: 2.7440, Masked: 3.7076, Reg: 34936.824330
Epoch [117/143], Total Loss: 4.7498, NLL: 2.7441, Masked: 3.7086, Reg: 33911.849300
Epoch [118/143], Total Loss: 4.7497, NLL: 2.7443, Masked: 3.7079, Reg: 32903.112564
Epoch [119/143], Total Loss: 4.7514, NLL: 2.7446, Masked: 3.7108, Reg: 31910.516331
Epoch [120/143], Total Loss: 4.7515, NLL: 2.7448, Masked: 3.7104, Reg: 30933.982613
Epoch [121/143], Total Loss: 4.7518, NLL: 2.7451, Masked: 3.7106, Reg: 29973.597080
Epoch [122/143], Total Loss: 4.7510, NLL: 2.7453, Masked: 3.7085, Reg: 29029.324693
Epoch [123/143], Total Loss: 4.7517, NLL: 2.7456, Masked: 3.7093, Reg: 28101.130686
Epoch [124/143], Total Loss: 4.7525, NLL: 2.7460, Masked: 3.7101, Reg: 27188.964947
Epoch [125/143], Total Loss: 4.7531, NLL: 2.7463, Masked: 3.7106, Reg: 26292.826878
Epoch [126/143], Total Loss: 4.7513, NLL: 2.7467, Masked: 3.7067, Reg: 25412.708518
Epoch [127/143], Total Loss: 4.7551, NLL: 2.7471, Masked: 3.7130, Reg: 24548.583981
Epoch [128/143], Total Loss: 4.7531, NLL: 2.7475, Masked: 3.7084, Reg: 23700.428174
Epoch [129/143], Total Loss: 4.7531, NLL: 2.7479, Masked: 3.7077, Reg: 22868.217119
Epoch [130/143], Total Loss: 4.7533, NLL: 2.7483, Masked: 3.7073, Reg: 22051.925956
Epoch [131/143], Total Loss: 4.7548, NLL: 2.7488, Masked: 3.7093, Reg: 21251.529123
Epoch [132/143], Total Loss: 4.7551, NLL: 2.7493, Masked: 3.7088, Reg: 20467.000977
Epoch [133/143], Total Loss: 4.7566, NLL: 2.7498, Masked: 3.7107, Reg: 19698.313749
Epoch [134/143], Total Loss: 4.7545, NLL: 2.7503, Masked: 3.7059, Reg: 18945.436499
Epoch [135/143], Total Loss: 4.7573, NLL: 2.7508, Masked: 3.7100, Reg: 18208.349439
Epoch [136/143], Total Loss: 4.7574, NLL: 2.7514, Masked: 3.7092, Reg: 17487.030018
Epoch [137/143], Total Loss: 4.7577, NLL: 2.7520, Masked: 3.7087, Reg: 16781.432916
Epoch [138/143], Total Loss: 4.7591, NLL: 2.7526, Masked: 3.7101, Reg: 16091.541777
Epoch [139/143], Total Loss: 4.7586, NLL: 2.7532, Masked: 3.7080, Reg: 15417.295345
Epoch [140/143], Total Loss: 4.7594, NLL: 2.7538, Masked: 3.7083, Reg: 14758.677244
Epoch [141/143], Total Loss: 4.7610, NLL: 2.7545, Masked: 3.7102, Reg: 14115.647586
Epoch [142/143], Total Loss: 4.7609, NLL: 2.7552, Masked: 3.7086, Reg: 13488.172188
Epoch [143/143], Total Loss: 4.7628, NLL: 2.7559, Masked: 3.7109, Reg: 12876.214631

==================================================
EVALUATING ON TRAINING DATA
==================================================

==================================================
TEST RESULTS
==================================================
Total Loss: 4.760243
  - ZINB NLL: 2.756257
Total number of masked values: 31147143
  - Number of values with pi >= 0.30638650088808567: 31147143
  - Number of values with pi < 0.30638650088808567: 0
  - Masked Reconstruction: 3.705448
  - Regularization: 12572.936396
Mean Absolute Error (MAE): 2.313785
R² Score: -0.153155
==================================================


==================================================
TEST RESULTS
==================================================
Total Loss: 4.849862
  - ZINB NLL: 2.854606
Total number of masked values: 8152768
  - Number of values with pi >= 0.30638650088808567: 8152768
  - Number of values with pi < 0.30638650088808567: 0
  - Masked Reconstruction: 3.689305
  - Regularization: 12572.936396
Mean Absolute Error (MAE): 2.699067
R² Score: -0.203972
==================================================


>>> Optimizing zinb_nll on VALIDATION set: 2.854606
>>> Full validation metrics: {'total_loss': 4.84986221893974, 'zinb_nll': 2.8546060033466505, 'mae': 2.6990671157836914, 'r2': -0.2039722204208374, 'masked_loss': 3.6893052184063455, 'reg_loss': 12572.936396247507}

Iteration No: 2 ended. Evaluation done at random point.
Time taken: 1533.1992
Function value obtained: 2.8546
Current minimum: 1.9046
Iteration No: 3 started. Evaluating function at random point.

================================================================================
Trial with parameters:
  features: Centr_Nucl
  data_point_length: 4215
  step_size: 0.22312428339865925
  bin_size: 77
  sample_fraction: 0.5688669058684336
  moving_average: True
  first_layer_size_factor: 58
  num_layers: 1
  use_conv: False
  conv_channel: 66
  pool_size: 4
  kernel_size: 13
  epochs: 117
  batch_size: 32
  noise_level: 0.5133995769648596
  pi_threshold: 0.5083337040103295
  learning_rate: 0.007647439907543513
  dropout_rate: 0.4222669243390758
  masked_recon_weight: 0.9756194291174571
  regularizer: l2
  regularization_weight: 0.12801420386943393
================================================================================

Creating datasets with:
  features: ['Centr', 'Nucl']
  bin_size: 77
  moving_average: True
  data_point_length: 4215 (from 4215)
  step_size: 0.22312428339865925
  layers: [np.int64(928)] (first=928, num=1)
  stride: 1 (fixed), padding: 0 (fixed)


Clipping outliers using 95th percentile * 1.5...
strain_yTW001: Clipping values above 134.25 (P95=89.50). Clipped 27529/1193409 values (2.31%)
strain_FD: Clipping values above 71.92 (P95=47.94). Clipped 95791/4127807 values (2.32%)
strain_dnrp: Clipping values above 243.00 (P95=162.00). Clipped 25649/1119454 values (2.29%)
strain_yEK19: Clipping values above 77.10 (P95=51.40). Clipped 83713/3893623 values (2.15%)
strain_yEK23: Clipping values above 72.00 (P95=48.00). Clipped 86381/3558407 values (2.43%)
strain_yWT03a: Clipping values above 15.00 (P95=10.00). Clipped 10602/347679 values (3.05%)
strain_yWT04a: Clipping values above 58.50 (P95=39.00). Clipped 21095/725406 values (2.91%)
strain_ylic137: Clipping values above 142.50 (P95=95.00). Clipped 28746/1112684 values (2.58%)
Standardizing features: ['Centr', 'Nucl']
Column order in final array (Dataset/Chrom split): ['Value', 'Nucleosome_Distance', 'Centromere_Distance', 'Value_Raw', 'Size_Factor']
Removing 0 empty data points out of 58440
Column order in final array (Dataset/Chrom split): ['Value', 'Nucleosome_Distance', 'Centromere_Distance', 'Value_Raw', 'Size_Factor']
Removing 0 empty data points out of 10416
Column order in final array (Dataset/Chrom split): ['Value', 'Nucleosome_Distance', 'Centromere_Distance', 'Value_Raw', 'Size_Factor']
Removing 0 empty data points out of 33488
Datasets created:
  Train: (58440, 4215, 5), Val: (10416, 4215, 5), Test: (33488, 4215, 5)

Randomly sampled 33244/58440 samples (56.9%)
Applied denoising with 51.3% masking
Applied denoising with 51.3% masking
Applied denoising with 51.3% masking
Epoch [1/117], Total Loss: 200034.3185, NLL: 19.2265, Masked: 205013.4346, Reg: 233.463687
Epoch [2/117], Total Loss: 86104.4553, NLL: 15.2353, Masked: 88240.5757, Reg: 14.951276
Epoch [3/117], Total Loss: 110295.5166, NLL: 19.0928, Masked: 113032.2127, Reg: 16.701706
Epoch [4/117], Total Loss: 73153.6734, NLL: 16.4905, Masked: 74964.8695, Reg: 16.725438
Epoch [5/117], Total Loss: 93613.8782, NLL: 20.6594, Masked: 95932.0971, Reg: 17.217845
Epoch [6/117], Total Loss: 162607.2745, NLL: 19.1045, Masked: 166651.2204, Reg: 18.220056
Epoch [7/117], Total Loss: 60138.9996, NLL: 21.0912, Masked: 61620.2447, Reg: 16.412620
Epoch [8/117], Total Loss: 48854.5046, NLL: 17.3218, Masked: 50057.6159, Reg: 15.748533
Epoch [9/117], Total Loss: 63075.4676, NLL: 24.9762, Masked: 64626.1126, Reg: 16.989049
Epoch [10/117], Total Loss: 69068.1177, NLL: 24.9801, Masked: 70768.5141, Reg: 17.277733
Epoch [11/117], Total Loss: 95508.3296, NLL: 23.4226, Masked: 97871.0592, Reg: 17.194676
Epoch [12/117], Total Loss: 66851.4897, NLL: 14.2004, Masked: 68507.5416, Reg: 16.410555
Epoch [13/117], Total Loss: 90306.9746, NLL: 15.4489, Masked: 92547.8953, Reg: 16.698402
Epoch [14/117], Total Loss: 157140.6568, NLL: 20.8475, Masked: 161046.2066, Reg: 17.234124
Epoch [15/117], Total Loss: 110381.6826, NLL: 19.6167, Masked: 113119.9964, Reg: 17.020979
Epoch [16/117], Total Loss: 65069.6732, NLL: 17.5019, Masked: 66677.8141, Reg: 16.824495
Epoch [17/117], Total Loss: 62783.2423, NLL: 22.3392, Masked: 64329.2877, Reg: 17.598940
Epoch [18/117], Total Loss: 72609.8267, NLL: 20.5194, Masked: 74403.3021, Reg: 16.539640
Epoch [19/117], Total Loss: 82277.2605, NLL: 22.1357, Masked: 84310.6666, Reg: 17.802890
Epoch [20/117], Total Loss: 66867.9035, NLL: 21.3693, Masked: 68517.0177, Reg: 17.425197
Epoch [21/117], Total Loss: 83294.1925, NLL: 27.7244, Masked: 85347.2835, Reg: 16.860240
Epoch [22/117], Total Loss: 82139.4781, NLL: 14.9452, Masked: 84176.8118, Reg: 16.726700
Epoch [23/117], Total Loss: 59372.6379, NLL: 12.5830, Masked: 60843.4523, Reg: 16.969566
Epoch [24/117], Total Loss: 66969.5808, NLL: 19.4728, Masked: 68623.1796, Reg: 17.013791
Epoch [25/117], Total Loss: 104976.7388, NLL: 32.7301, Masked: 107566.5427, Reg: 16.591481
Epoch [26/117], Total Loss: 73576.3647, NLL: 20.1584, Masked: 75394.3628, Reg: 16.484684
Epoch [27/117], Total Loss: 91653.9488, NLL: 17.2733, Masked: 93926.6609, Reg: 17.169507
Epoch [28/117], Total Loss: 52012.3125, NLL: 24.2203, Masked: 53287.2657, Reg: 16.350542
Epoch [29/117], Total Loss: 71846.8285, NLL: 11.7569, Masked: 73630.2182, Reg: 16.399698
Epoch [30/117], Total Loss: 89417.5134, NLL: 18.2560, Masked: 91633.3301, Reg: 17.462843
Epoch [31/117], Total Loss: 89344.6746, NLL: 24.1067, Masked: 91552.6740, Reg: 17.167345
Epoch [32/117], Total Loss: 61083.3568, NLL: 27.8372, Masked: 62581.2866, Reg: 16.046677
Epoch [33/117], Total Loss: 81961.2734, NLL: 20.4130, Masked: 83988.5481, Reg: 17.530824
Epoch [34/117], Total Loss: 62360.7290, NLL: 18.6450, Masked: 63900.0018, Reg: 16.626881
Epoch [35/117], Total Loss: 72675.4141, NLL: 22.7173, Masked: 74468.2754, Reg: 16.433291
Epoch [36/117], Total Loss: 48121.0782, NLL: 12.7010, Masked: 49310.5972, Reg: 16.483700
Epoch [37/117], Total Loss: 91632.5343, NLL: 16.1439, Masked: 93905.8675, Reg: 17.291497
Epoch [38/117], Total Loss: 77480.8038, NLL: 35.5676, Masked: 79380.5794, Reg: 17.610032
Epoch [39/117], Total Loss: 80886.5613, NLL: 22.7515, Masked: 82884.5826, Reg: 17.631464
Epoch [40/117], Total Loss: 42709.9432, NLL: 17.8876, Masked: 43758.9227, Reg: 16.093164
Epoch [41/117], Total Loss: 75576.8905, NLL: 23.1272, Masked: 77441.8392, Reg: 17.086266
Epoch [42/117], Total Loss: 102320.5119, NLL: 22.3767, Masked: 104854.5489, Reg: 16.780575
Epoch [43/117], Total Loss: 75547.9216, NLL: 26.0815, Masked: 77409.1187, Reg: 16.776817
Epoch [44/117], Total Loss: 59108.4467, NLL: 22.9154, Masked: 60562.0691, Reg: 16.973162
Epoch [45/117], Total Loss: 121361.6293, NLL: 29.6680, Masked: 124364.0269, Reg: 17.601374
Epoch [46/117], Total Loss: 75746.3303, NLL: 28.0273, Masked: 77610.4905, Reg: 16.732576
Epoch [47/117], Total Loss: 81424.8049, NLL: 21.1233, Masked: 83437.9459, Reg: 16.846914
Epoch [48/117], Total Loss: 69751.7369, NLL: 25.9840, Masked: 71468.1873, Reg: 16.862855
Epoch [49/117], Total Loss: 78840.3119, NLL: 14.2235, Masked: 80795.9389, Reg: 16.721709
Epoch [50/117], Total Loss: 59236.6751, NLL: 14.2666, Masked: 60702.3670, Reg: 16.165169
Epoch [51/117], Total Loss: 84330.7857, NLL: 21.4506, Masked: 86416.2110, Reg: 17.175312
Epoch [52/117], Total Loss: 52453.0622, NLL: 13.8541, Masked: 53749.6555, Reg: 17.216494
Epoch [53/117], Total Loss: 93599.6663, NLL: 16.9402, Masked: 95921.3432, Reg: 17.465853
Epoch [54/117], Total Loss: 50785.6255, NLL: 22.6588, Masked: 52031.5245, Reg: 17.548453
Epoch [55/117], Total Loss: 62580.7621, NLL: 23.3146, Masked: 64120.7474, Reg: 16.919720
Epoch [56/117], Total Loss: 58820.0606, NLL: 21.5283, Masked: 60267.8973, Reg: 16.356323
Epoch [57/117], Total Loss: 118851.5656, NLL: 26.3654, Masked: 121794.6205, Reg: 16.651981
Epoch [58/117], Total Loss: 74403.2513, NLL: 22.3444, Masked: 76239.6734, Reg: 17.086255
Epoch [59/117], Total Loss: 90577.8525, NLL: 31.1894, Masked: 92809.4095, Reg: 17.771204
Epoch [60/117], Total Loss: 54089.4033, NLL: 20.5659, Masked: 55420.0085, Reg: 16.544991
Epoch [61/117], Total Loss: 70341.2553, NLL: 30.4179, Masked: 72067.8933, Reg: 17.299442
Epoch [62/117], Total Loss: 59356.4722, NLL: 17.0928, Masked: 60822.2602, Reg: 15.883022
Epoch [63/117], Total Loss: 70933.1148, NLL: 21.2482, Masked: 72683.9421, Reg: 17.046233
Epoch [64/117], Total Loss: 73229.5990, NLL: 22.5315, Masked: 75036.4997, Reg: 17.200488
Epoch [65/117], Total Loss: 72316.9785, NLL: 17.1852, Masked: 74106.5534, Reg: 17.095912
Epoch [66/117], Total Loss: 93087.8347, NLL: 28.5731, Masked: 95384.7963, Reg: 17.685739
Epoch [67/117], Total Loss: 85528.7516, NLL: 36.4171, Masked: 87628.7744, Reg: 17.722820
Epoch [68/117], Total Loss: 40151.8767, NLL: 16.0129, Masked: 41138.8524, Reg: 16.512461
Epoch [69/117], Total Loss: 59423.4116, NLL: 13.3294, Masked: 60894.7304, Reg: 16.487030
Epoch [70/117], Total Loss: 80296.2262, NLL: 26.3297, Masked: 82275.8283, Reg: 17.623349
Epoch [71/117], Total Loss: 71442.2188, NLL: 20.7316, Masked: 73206.2979, Reg: 17.251616
Epoch [72/117], Total Loss: 72213.2610, NLL: 25.5208, Masked: 73991.7003, Reg: 17.383359
Epoch [73/117], Total Loss: 69665.1256, NLL: 16.9927, Masked: 71388.6278, Reg: 16.432843
Epoch [74/117], Total Loss: 44111.1394, NLL: 16.4952, Masked: 45196.5620, Reg: 15.944961
Epoch [75/117], Total Loss: 69559.7037, NLL: 20.4447, Masked: 71277.0336, Reg: 16.558565
Epoch [76/117], Total Loss: 81211.3378, NLL: 16.5159, Masked: 83223.8666, Reg: 17.513693
Epoch [77/117], Total Loss: 59408.7736, NLL: 24.8278, Masked: 60867.9405, Reg: 17.026275
Epoch [78/117], Total Loss: 120462.0017, NLL: 32.6306, Masked: 123438.8791, Reg: 17.116035
Epoch [79/117], Total Loss: 50659.7831, NLL: 16.5540, Masked: 51908.7951, Reg: 15.861505
Epoch [80/117], Total Loss: 83396.6778, NLL: 21.7723, Masked: 85458.4303, Reg: 17.152277
Epoch [81/117], Total Loss: 89324.0667, NLL: 26.1131, Masked: 91529.4942, Reg: 17.357623
Epoch [82/117], Total Loss: 74935.0285, NLL: 17.8908, Masked: 76789.3037, Reg: 17.323647
Epoch [83/117], Total Loss: 74619.6779, NLL: 12.5894, Masked: 76471.5065, Reg: 16.129166
Epoch [84/117], Total Loss: 68032.4586, NLL: 17.1541, Masked: 69714.9954, Reg: 16.017511
Epoch [85/117], Total Loss: 71919.7945, NLL: 21.7330, Masked: 73694.7821, Reg: 17.757299
Epoch [86/117], Total Loss: 67521.2594, NLL: 19.1652, Masked: 69188.9607, Reg: 16.377727
Epoch [87/117], Total Loss: 88901.4124, NLL: 40.4101, Masked: 91081.6242, Reg: 18.081804
Epoch [88/117], Total Loss: 76113.9706, NLL: 13.6907, Masked: 78002.0133, Reg: 16.663994
Epoch [89/117], Total Loss: 54623.3822, NLL: 18.2346, Masked: 55969.7213, Reg: 17.073467
Epoch [90/117], Total Loss: 64176.1203, NLL: 27.7413, Masked: 65751.4363, Reg: 17.108739
Epoch [91/117], Total Loss: 91763.7653, NLL: 16.6446, Masked: 94039.8653, Reg: 17.181810
Epoch [92/117], Total Loss: 76971.5389, NLL: 21.0504, Masked: 78873.4680, Reg: 18.297447
Epoch [93/117], Total Loss: 65481.9654, NLL: 26.2203, Masked: 67091.4739, Reg: 18.064945
Epoch [94/117], Total Loss: 80656.9176, NLL: 27.5486, Masked: 82644.2823, Reg: 17.258347
Epoch [95/117], Total Loss: 53413.7923, NLL: 16.3986, Masked: 54731.7854, Reg: 16.944410
Epoch [96/117], Total Loss: 54152.7317, NLL: 15.3161, Masked: 55490.3007, Reg: 17.084824
Epoch [97/117], Total Loss: 90985.2777, NLL: 36.7931, Masked: 93221.2720, Reg: 17.206750
Epoch [98/117], Total Loss: 76096.3863, NLL: 22.4143, Masked: 77975.0470, Reg: 17.208072
Epoch [99/117], Total Loss: 85949.5044, NLL: 21.0011, Masked: 88075.8423, Reg: 16.692559
Epoch [100/117], Total Loss: 69040.3117, NLL: 22.4341, Masked: 70742.6237, Reg: 17.974565
Epoch [101/117], Total Loss: 50529.7794, NLL: 14.2448, Masked: 51777.9093, Reg: 16.716708
Epoch [102/117], Total Loss: 63160.3187, NLL: 26.9384, Masked: 64711.0728, Reg: 17.502851
Epoch [103/117], Total Loss: 117491.2329, NLL: 29.4476, Masked: 120397.1367, Reg: 18.043164
Epoch [104/117], Total Loss: 85948.3034, NLL: 26.7725, Masked: 88068.6948, Reg: 16.962391
Epoch [105/117], Total Loss: 62389.3964, NLL: 15.5648, Masked: 63932.5433, Reg: 16.569255
Epoch [106/117], Total Loss: 73800.9994, NLL: 21.4079, Masked: 75623.3307, Reg: 17.329273
Epoch [107/117], Total Loss: 78241.7936, NLL: 25.0545, Masked: 80171.3628, Reg: 17.566582
Epoch [108/117], Total Loss: 75189.6647, NLL: 19.5227, Masked: 77048.6304, Reg: 16.214466
Epoch [109/117], Total Loss: 65763.6336, NLL: 21.6027, Masked: 67384.9136, Reg: 17.287003
Epoch [110/117], Total Loss: 97099.9554, NLL: 28.5354, Masked: 99497.2179, Reg: 17.538429
Epoch [111/117], Total Loss: 81152.1536, NLL: 20.6378, Masked: 83158.9784, Reg: 16.949675
Epoch [112/117], Total Loss: 63453.8515, NLL: 19.3059, Masked: 65019.7643, Reg: 16.711821
Epoch [113/117], Total Loss: 69144.8621, NLL: 25.2230, Masked: 70846.9268, Reg: 17.315726
Epoch [114/117], Total Loss: 81702.5734, NLL: 20.5552, Masked: 83723.2382, Reg: 17.435134
Epoch [115/117], Total Loss: 67501.3519, NLL: 17.7832, Masked: 69169.9717, Reg: 16.386844
Epoch [116/117], Total Loss: 78280.3098, NLL: 29.1494, Masked: 80206.6438, Reg: 17.515566
Epoch [117/117], Total Loss: 57545.0647, NLL: 18.6956, Masked: 58963.9435, Reg: 16.470506

==================================================
EVALUATING ON TRAINING DATA
==================================================

==================================================
TEST RESULTS
==================================================
Total Loss: 25188.532612
  - ZINB NLL: 13.815930
Total number of masked values: 64444847
  - Number of values with pi >= 0.5083337040103295: 4751
  - Number of values with pi < 0.5083337040103295: 64440096
  - Masked Reconstruction: 25803.828507
  - Regularization: 16.700470
Mean Absolute Error (MAE): 24545.539062
R² Score: -405712535552.000000
==================================================


==================================================
TEST RESULTS
==================================================
Total Loss: 268.865378
  - ZINB NLL: 5.303492
Total number of masked values: 20532888
  - Number of values with pi >= 0.5083337040103295: 0
  - Number of values with pi < 0.5083337040103295: 20532888
  - Masked Reconstruction: 270.148252
  - Regularization: 16.700470
Mean Absolute Error (MAE): 277.364288
R² Score: -93249304.000000
==================================================


>>> Optimizing zinb_nll on VALIDATION set: 5.303492
>>> Full validation metrics: {'total_loss': 268.86537834905806, 'zinb_nll': 5.303492335863011, 'mae': 277.3642883300781, 'r2': -93249304.0, 'masked_loss': 270.14825236705775, 'reg_loss': 16.700470195142707}

Iteration No: 3 ended. Evaluation done at random point.
Time taken: 1648.5827
Function value obtained: 5.3035
Current minimum: 1.9046
Iteration No: 4 started. Evaluating function at random point.

================================================================================
Trial with parameters:
  features: Nucl
  data_point_length: 6267
  step_size: 0.3121992229214162
  bin_size: 33
  sample_fraction: 0.3739502042972519
  moving_average: True
  first_layer_size_factor: 45
  num_layers: 3
  use_conv: True
  conv_channel: 18
  pool_size: 3
  kernel_size: 11
  epochs: 125
  batch_size: 64
  noise_level: 0.8336707906620143
  pi_threshold: 0.5604308102007778
  learning_rate: 0.005557494308839651
  dropout_rate: 0.42501928889489976
  masked_recon_weight: 0.06277730916958053
  regularizer: l1
  regularization_weight: 0.003942101166161633
================================================================================

Creating datasets with:
  features: ['Nucl']
  bin_size: 33
  moving_average: True
  data_point_length: 6267 (from 6267)
  step_size: 0.3121992229214162
  layers: [np.int64(720), np.int64(360), np.int64(180)] (first=720, num=3)
  stride: 1 (fixed), padding: 0 (fixed)


Clipping outliers using 95th percentile * 1.5...
strain_yTW001: Clipping values above 134.25 (P95=89.50). Clipped 27529/1193409 values (2.31%)
strain_FD: Clipping values above 71.92 (P95=47.94). Clipped 95791/4127807 values (2.32%)
strain_dnrp: Clipping values above 243.00 (P95=162.00). Clipped 25649/1119454 values (2.29%)
strain_yEK19: Clipping values above 77.10 (P95=51.40). Clipped 83713/3893623 values (2.15%)
strain_yEK23: Clipping values above 72.00 (P95=48.00). Clipped 86381/3558407 values (2.43%)
strain_yWT03a: Clipping values above 15.00 (P95=10.00). Clipped 10602/347679 values (3.05%)
strain_yWT04a: Clipping values above 58.50 (P95=39.00). Clipped 21095/725406 values (2.91%)
strain_ylic137: Clipping values above 142.50 (P95=95.00). Clipped 28746/1112684 values (2.58%)
Standardizing features: ['Nucl']
Column order in final array (Dataset/Chrom split): ['Value', 'Nucleosome_Distance', 'Value_Raw', 'Size_Factor']
Removing 0 empty data points out of 28056
Column order in final array (Dataset/Chrom split): ['Value', 'Nucleosome_Distance', 'Value_Raw', 'Size_Factor']
Removing 0 empty data points out of 5000
Column order in final array (Dataset/Chrom split): ['Value', 'Nucleosome_Distance', 'Value_Raw', 'Size_Factor']
Removing 0 empty data points out of 16080
Datasets created:
  Train: (28056, 6267, 4), Val: (5000, 6267, 4), Test: (16080, 6267, 4)

Randomly sampled 10491/28056 samples (37.4%)
Applied denoising with 83.4% masking
Applied denoising with 83.4% masking
Applied denoising with 83.4% masking
Epoch [1/125], Total Loss: 181.0487, NLL: 3.0242, Masked: 28.3204, Reg: 176.246630
Epoch [2/125], Total Loss: 138.1647, NLL: 3.1078, Masked: 28.3154, Reg: 133.279369
Epoch [3/125], Total Loss: 123.3758, NLL: 3.2443, Masked: 28.3227, Reg: 118.353455
Epoch [4/125], Total Loss: 122.5723, NLL: 3.2495, Masked: 28.3154, Reg: 117.545213
Epoch [5/125], Total Loss: 122.2914, NLL: 3.2495, Masked: 28.3199, Reg: 117.263988
Epoch [6/125], Total Loss: 122.3890, NLL: 3.2495, Masked: 28.3232, Reg: 117.361382
Epoch [7/125], Total Loss: 121.9891, NLL: 3.2495, Masked: 28.3167, Reg: 116.961885
Epoch [8/125], Total Loss: 121.6662, NLL: 3.2495, Masked: 28.3162, Reg: 116.639026
Epoch [9/125], Total Loss: 121.6848, NLL: 3.2495, Masked: 28.3301, Reg: 116.656793
Epoch [10/125], Total Loss: 121.4902, NLL: 3.2495, Masked: 28.3195, Reg: 116.462853
Epoch [11/125], Total Loss: 121.0676, NLL: 3.2495, Masked: 28.3197, Reg: 116.040280
Epoch [12/125], Total Loss: 121.2904, NLL: 3.2495, Masked: 28.3047, Reg: 116.264001
Epoch [13/125], Total Loss: 121.1362, NLL: 3.2495, Masked: 28.3252, Reg: 116.108479
Epoch [14/125], Total Loss: 120.8235, NLL: 3.2495, Masked: 28.3244, Reg: 115.795881
Epoch [15/125], Total Loss: 121.1756, NLL: 3.2495, Masked: 28.3227, Reg: 116.148007
Epoch [16/125], Total Loss: 121.0712, NLL: 3.2495, Masked: 28.3259, Reg: 116.043479
Epoch [17/125], Total Loss: 120.7619, NLL: 3.2495, Masked: 28.3206, Reg: 115.734515
Epoch [18/125], Total Loss: 121.0188, NLL: 3.2495, Masked: 28.3179, Reg: 115.991570
Epoch [19/125], Total Loss: 120.8886, NLL: 3.2495, Masked: 28.3246, Reg: 115.860882
Epoch [20/125], Total Loss: 120.6945, NLL: 3.2495, Masked: 28.3132, Reg: 115.667502
Epoch [21/125], Total Loss: 120.8573, NLL: 3.2495, Masked: 28.3192, Reg: 115.829952
Epoch [22/125], Total Loss: 120.6799, NLL: 3.2495, Masked: 28.3144, Reg: 115.652828
Epoch [23/125], Total Loss: 120.3805, NLL: 3.2495, Masked: 28.3236, Reg: 115.352911
Epoch [24/125], Total Loss: 120.4598, NLL: 3.2495, Masked: 28.3166, Reg: 115.432644
Epoch [25/125], Total Loss: 120.2008, NLL: 3.2495, Masked: 28.3162, Reg: 115.173678
Epoch [26/125], Total Loss: 119.9040, NLL: 3.2495, Masked: 28.3263, Reg: 114.876254
Epoch [27/125], Total Loss: 120.1874, NLL: 3.2495, Masked: 28.3260, Reg: 115.159648
Epoch [28/125], Total Loss: 119.9335, NLL: 3.2495, Masked: 28.3217, Reg: 114.905986
Epoch [29/125], Total Loss: 119.7385, NLL: 3.2495, Masked: 28.3167, Reg: 114.711303
Epoch [30/125], Total Loss: 119.8058, NLL: 3.2495, Masked: 28.3187, Reg: 114.778557
Epoch [31/125], Total Loss: 119.8149, NLL: 3.2495, Masked: 28.3183, Reg: 114.787637
Epoch [32/125], Total Loss: 119.3712, NLL: 3.2495, Masked: 28.3131, Reg: 114.344222
Epoch [33/125], Total Loss: 119.8346, NLL: 3.2495, Masked: 28.3243, Reg: 114.806945
Epoch [34/125], Total Loss: 119.5761, NLL: 3.2495, Masked: 28.3233, Reg: 114.548517
Epoch [35/125], Total Loss: 119.4055, NLL: 3.2495, Masked: 28.3239, Reg: 114.377903
Epoch [36/125], Total Loss: 119.4640, NLL: 3.2495, Masked: 28.3190, Reg: 114.436679
Epoch [37/125], Total Loss: 119.3092, NLL: 3.2495, Masked: 28.3221, Reg: 114.281739
Epoch [38/125], Total Loss: 118.9849, NLL: 3.2495, Masked: 28.3153, Reg: 113.957826
Epoch [39/125], Total Loss: 118.9121, NLL: 3.2495, Masked: 28.3175, Reg: 113.884853
Epoch [40/125], Total Loss: 118.7270, NLL: 3.2495, Masked: 28.3106, Reg: 113.700229
Epoch [41/125], Total Loss: 118.1630, NLL: 3.2495, Masked: 28.3196, Reg: 113.135637
Epoch [42/125], Total Loss: 118.3883, NLL: 3.2495, Masked: 28.3199, Reg: 113.360901
Epoch [43/125], Total Loss: 117.9285, NLL: 3.2495, Masked: 28.3121, Reg: 112.901574
Epoch [44/125], Total Loss: 117.8066, NLL: 3.2495, Masked: 28.3269, Reg: 112.778809
Epoch [45/125], Total Loss: 117.8894, NLL: 3.2495, Masked: 28.3205, Reg: 112.861976
Epoch [46/125], Total Loss: 117.8111, NLL: 3.2495, Masked: 28.3228, Reg: 112.783540
Epoch [47/125], Total Loss: 117.4581, NLL: 3.2495, Masked: 28.3256, Reg: 112.430405
Epoch [48/125], Total Loss: 117.6570, NLL: 3.2495, Masked: 28.3204, Reg: 112.629601
Epoch [49/125], Total Loss: 117.4776, NLL: 3.2495, Masked: 28.3074, Reg: 112.450988
Epoch [50/125], Total Loss: 117.1150, NLL: 3.2495, Masked: 28.3177, Reg: 112.087727
Epoch [51/125], Total Loss: 117.3874, NLL: 3.2495, Masked: 28.3166, Reg: 112.360242
Epoch [52/125], Total Loss: 117.1318, NLL: 3.2495, Masked: 28.3104, Reg: 112.104980
Epoch [53/125], Total Loss: 117.0355, NLL: 3.2495, Masked: 28.3221, Reg: 112.007928
Epoch [54/125], Total Loss: 117.0175, NLL: 3.2495, Masked: 28.3284, Reg: 111.989601
Epoch [55/125], Total Loss: 117.0694, NLL: 3.2495, Masked: 28.3207, Reg: 112.041922
Epoch [56/125], Total Loss: 116.6237, NLL: 3.2495, Masked: 28.3266, Reg: 111.595894
Epoch [57/125], Total Loss: 116.8024, NLL: 3.2495, Masked: 28.3194, Reg: 111.775033
Epoch [58/125], Total Loss: 116.5125, NLL: 3.2495, Masked: 28.3173, Reg: 111.485295
Epoch [59/125], Total Loss: 116.2796, NLL: 3.2495, Masked: 28.3186, Reg: 111.252310
Epoch [60/125], Total Loss: 116.4545, NLL: 3.2495, Masked: 28.3232, Reg: 111.426858
Epoch [61/125], Total Loss: 116.2946, NLL: 3.2495, Masked: 28.3297, Reg: 111.266557
Epoch [62/125], Total Loss: 116.0100, NLL: 3.2495, Masked: 28.3153, Reg: 110.982866
Epoch [63/125], Total Loss: 116.2401, NLL: 3.2495, Masked: 28.3170, Reg: 111.212903
Epoch [64/125], Total Loss: 116.0676, NLL: 3.2495, Masked: 28.3167, Reg: 111.040417
Epoch [65/125], Total Loss: 115.8698, NLL: 3.2495, Masked: 28.3240, Reg: 110.842133
Epoch [66/125], Total Loss: 116.0925, NLL: 3.2495, Masked: 28.3236, Reg: 111.064921
Epoch [67/125], Total Loss: 115.9883, NLL: 3.2495, Masked: 28.3223, Reg: 110.960738
Epoch [68/125], Total Loss: 115.8032, NLL: 3.2495, Masked: 28.3206, Reg: 110.775733
Epoch [69/125], Total Loss: 115.9474, NLL: 3.2495, Masked: 28.3175, Reg: 110.920209
Epoch [70/125], Total Loss: 115.8653, NLL: 3.2495, Masked: 28.3204, Reg: 110.837925
Epoch [71/125], Total Loss: 115.7044, NLL: 3.2495, Masked: 28.3258, Reg: 110.676637
Epoch [72/125], Total Loss: 115.9204, NLL: 3.2495, Masked: 28.3288, Reg: 110.892457
Epoch [73/125], Total Loss: 115.8697, NLL: 3.2495, Masked: 28.3256, Reg: 110.841931
Epoch [74/125], Total Loss: 115.6482, NLL: 3.2495, Masked: 28.3165, Reg: 110.621063
Epoch [75/125], Total Loss: 115.7340, NLL: 3.2495, Masked: 28.3201, Reg: 110.706634
Epoch [76/125], Total Loss: 115.5071, NLL: 3.2495, Masked: 28.3244, Reg: 110.479391
Epoch [77/125], Total Loss: 115.1421, NLL: 3.2495, Masked: 28.3210, Reg: 110.114629
Epoch [78/125], Total Loss: 115.3334, NLL: 3.2495, Masked: 28.3231, Reg: 110.305781
Epoch [79/125], Total Loss: 115.0884, NLL: 3.2495, Masked: 28.3264, Reg: 110.060649
Epoch [80/125], Total Loss: 114.8247, NLL: 3.2495, Masked: 28.3176, Reg: 109.797486
Epoch [81/125], Total Loss: 114.9678, NLL: 3.2495, Masked: 28.3229, Reg: 109.940254
Epoch [82/125], Total Loss: 114.7748, NLL: 3.2495, Masked: 28.3163, Reg: 109.747596
Epoch [83/125], Total Loss: 114.5918, NLL: 3.2495, Masked: 28.3294, Reg: 109.563806
Epoch [84/125], Total Loss: 114.6647, NLL: 3.2495, Masked: 28.3077, Reg: 109.638128
Epoch [85/125], Total Loss: 114.6519, NLL: 3.2495, Masked: 28.3304, Reg: 109.623887
Epoch [86/125], Total Loss: 114.3529, NLL: 3.2495, Masked: 28.3332, Reg: 109.324674
Epoch [87/125], Total Loss: 114.6189, NLL: 3.2495, Masked: 28.3233, Reg: 109.591272
Epoch [88/125], Total Loss: 114.4079, NLL: 3.2495, Masked: 28.3142, Reg: 109.380901
Epoch [89/125], Total Loss: 114.4077, NLL: 3.2495, Masked: 28.3244, Reg: 109.379996
Epoch [90/125], Total Loss: 114.4802, NLL: 3.2495, Masked: 28.3180, Reg: 109.452923
Epoch [91/125], Total Loss: 114.4638, NLL: 3.2495, Masked: 28.3211, Reg: 109.436342
Epoch [92/125], Total Loss: 114.2120, NLL: 3.2495, Masked: 28.3232, Reg: 109.184384
Epoch [93/125], Total Loss: 114.4933, NLL: 3.2495, Masked: 28.3183, Reg: 109.466001
Epoch [94/125], Total Loss: 114.3289, NLL: 3.2495, Masked: 28.3216, Reg: 109.301437
Epoch [95/125], Total Loss: 114.2252, NLL: 3.2495, Masked: 28.3119, Reg: 109.198319
Epoch [96/125], Total Loss: 114.5045, NLL: 3.2495, Masked: 28.3235, Reg: 109.476854
Epoch [97/125], Total Loss: 114.4450, NLL: 3.2495, Masked: 28.3134, Reg: 109.418078
Epoch [98/125], Total Loss: 114.3783, NLL: 3.2495, Masked: 28.3202, Reg: 109.350939
Epoch [99/125], Total Loss: 114.5659, NLL: 3.2495, Masked: 28.3226, Reg: 109.538343
Epoch [100/125], Total Loss: 114.7279, NLL: 3.2495, Masked: 28.3211, Reg: 109.700441
Epoch [101/125], Total Loss: 114.5445, NLL: 3.2495, Masked: 28.3215, Reg: 109.517077
Epoch [102/125], Total Loss: 114.8522, NLL: 3.2495, Masked: 28.3257, Reg: 109.824411
Epoch [103/125], Total Loss: 114.8009, NLL: 3.2495, Masked: 28.3178, Reg: 109.773698
Epoch [104/125], Total Loss: 114.7179, NLL: 3.2495, Masked: 28.3161, Reg: 109.690792
Epoch [105/125], Total Loss: 114.8792, NLL: 3.2495, Masked: 28.3206, Reg: 109.851802
Epoch [106/125], Total Loss: 114.8432, NLL: 3.2495, Masked: 28.3219, Reg: 109.815700
Epoch [107/125], Total Loss: 114.7094, NLL: 3.2495, Masked: 28.3228, Reg: 109.681806
Epoch [108/125], Total Loss: 114.9138, NLL: 3.2495, Masked: 28.3199, Reg: 109.886416
Epoch [109/125], Total Loss: 114.7330, NLL: 3.2495, Masked: 28.3175, Reg: 109.705766
Epoch [110/125], Total Loss: 114.6377, NLL: 3.2495, Masked: 28.3219, Reg: 109.610177
Epoch [111/125], Total Loss: 114.8154, NLL: 3.2495, Masked: 28.3116, Reg: 109.788574
Epoch [112/125], Total Loss: 114.7277, NLL: 3.2495, Masked: 28.3219, Reg: 109.700176
Epoch [113/125], Total Loss: 114.5926, NLL: 3.2495, Masked: 28.3137, Reg: 109.565609
Epoch [114/125], Total Loss: 114.7984, NLL: 3.2495, Masked: 28.3227, Reg: 109.770893
Epoch [115/125], Total Loss: 114.8909, NLL: 3.2495, Masked: 28.3247, Reg: 109.863234
Epoch [116/125], Total Loss: 114.7408, NLL: 3.2495, Masked: 28.3173, Reg: 109.713586
Epoch [117/125], Total Loss: 115.1424, NLL: 3.2495, Masked: 28.3109, Reg: 110.115621
Epoch [118/125], Total Loss: 115.1586, NLL: 3.2495, Masked: 28.3167, Reg: 110.131407
Epoch [119/125], Total Loss: 115.1646, NLL: 3.2495, Masked: 28.3228, Reg: 110.137068
Epoch [120/125], Total Loss: 115.2357, NLL: 3.2495, Masked: 28.3166, Reg: 110.208573
Epoch [121/125], Total Loss: 115.3936, NLL: 3.2495, Masked: 28.3227, Reg: 110.366069
Epoch [122/125], Total Loss: 115.1184, NLL: 3.2495, Masked: 28.3160, Reg: 110.091308
Epoch [123/125], Total Loss: 115.5458, NLL: 3.2495, Masked: 28.3152, Reg: 110.518723
Epoch [124/125], Total Loss: 115.3329, NLL: 3.2495, Masked: 28.3267, Reg: 110.305073
Epoch [125/125], Total Loss: 115.3764, NLL: 3.2495, Masked: 28.3236, Reg: 110.348806

==================================================
EVALUATING ON TRAINING DATA
==================================================

==================================================
TEST RESULTS
==================================================
Total Loss: 125.167825
  - ZINB NLL: 3.249501
Total number of masked values: 42620773
  - Number of values with pi >= 0.5604308102007778: 0
  - Number of values with pi < 0.5604308102007778: 42620773
  - Masked Reconstruction: 28.316942
  - Regularization: 120.140661
Mean Absolute Error (MAE): 26.143337
R² Score: -35.520996
==================================================


==================================================
TEST RESULTS
==================================================
Total Loss: 125.088629
  - ZINB NLL: 3.347521
Total number of masked values: 21037244
  - Number of values with pi >= 0.5604308102007778: 0
  - Number of values with pi < 0.5604308102007778: 21037244
  - Masked Reconstruction: 25.493998
  - Regularization: 120.140661
Mean Absolute Error (MAE): 25.828300
R² Score: -31.150948
==================================================


>>> Optimizing zinb_nll on VALIDATION set: 3.347521
>>> Full validation metrics: {'total_loss': 125.08862884521484, 'zinb_nll': 3.3475214237213136, 'mae': 25.82830047607422, 'r2': -31.15094757080078, 'masked_loss': 25.49399779205322, 'reg_loss': 120.14066085005831}

Iteration No: 4 ended. Evaluation done at random point.
Time taken: 911.5750
Function value obtained: 3.3475
Current minimum: 1.9046
Iteration No: 5 started. Evaluating function at random point.

================================================================================
Trial with parameters:
  features: Nucl
  data_point_length: 6826
  step_size: 0.6117328983223409
  bin_size: 31
  sample_fraction: 0.670932569385776
  moving_average: True
  first_layer_size_factor: 97
  num_layers: 5
  use_conv: False
  conv_channel: 42
  pool_size: 4
  kernel_size: 3
  epochs: 115
  batch_size: 32
  noise_level: 0.3954028516791932
  pi_threshold: 0.3806876809341585
  learning_rate: 0.004867329944599214
  dropout_rate: 0.23768511159105593
  masked_recon_weight: 0.179102763902448
  regularizer: none
  regularization_weight: 9.447571357799459e-05
================================================================================

Creating datasets with:
  features: ['Nucl']
  bin_size: 31
  moving_average: True
  data_point_length: 6826 (from 6826)
  step_size: 0.6117328983223409
  layers: [np.int64(1552), np.int64(776), np.int64(388), np.int64(194), np.int64(97)] (first=1552, num=5)
  stride: 1 (fixed), padding: 0 (fixed)


Clipping outliers using 95th percentile * 1.5...
strain_yTW001: Clipping values above 134.25 (P95=89.50). Clipped 27529/1193409 values (2.31%)
strain_FD: Clipping values above 71.92 (P95=47.94). Clipped 95791/4127807 values (2.32%)
strain_dnrp: Clipping values above 243.00 (P95=162.00). Clipped 25649/1119454 values (2.29%)
strain_yEK19: Clipping values above 77.10 (P95=51.40). Clipped 83713/3893623 values (2.15%)
strain_yEK23: Clipping values above 72.00 (P95=48.00). Clipped 86381/3558407 values (2.43%)
strain_yWT03a: Clipping values above 15.00 (P95=10.00). Clipped 10602/347679 values (3.05%)
strain_yWT04a: Clipping values above 58.50 (P95=39.00). Clipped 21095/725406 values (2.91%)
strain_ylic137: Clipping values above 142.50 (P95=95.00). Clipped 28746/1112684 values (2.58%)
Standardizing features: ['Nucl']
Column order in final array (Dataset/Chrom split): ['Value', 'Nucleosome_Distance', 'Value_Raw', 'Size_Factor']
Removing 0 empty data points out of 13208
Column order in final array (Dataset/Chrom split): ['Value', 'Nucleosome_Distance', 'Value_Raw', 'Size_Factor']
Removing 0 empty data points out of 2360
Column order in final array (Dataset/Chrom split): ['Value', 'Nucleosome_Distance', 'Value_Raw', 'Size_Factor']
Removing 0 empty data points out of 7552
Datasets created:
  Train: (13208, 6826, 4), Val: (2360, 6826, 4), Test: (7552, 6826, 4)

Randomly sampled 8861/13208 samples (67.1%)
Applied denoising with 39.5% masking
Applied denoising with 39.5% masking
Applied denoising with 39.5% masking
Epoch [1/115], Total Loss: 71.0091, NLL: 1.9917, Masked: 385.3510
Epoch [2/115], Total Loss: 41.7635, NLL: 1.9506, Masked: 222.2906
Epoch [3/115], Total Loss: 41.6591, NLL: 1.9967, Masked: 221.4505
Epoch [4/115], Total Loss: 43.0135, NLL: 1.9784, Masked: 229.1148
Epoch [5/115], Total Loss: 7.2851, NLL: 2.2654, Masked: 28.0268
Epoch [6/115], Total Loss: 36.9843, NLL: 2.2490, Masked: 193.9402
Epoch [7/115], Total Loss: 4909.3360, NLL: 2.2413, Masked: 27398.2077
Epoch [8/115], Total Loss: 1179.8877, NLL: 2.2177, Masked: 6575.3873
Epoch [9/115], Total Loss: 2.7806, NLL: 2.2884, Masked: 2.7480
Epoch [10/115], Total Loss: 2.7927, NLL: 2.3016, Masked: 2.7423
Epoch [11/115], Total Loss: 2.7935, NLL: 2.3017, Masked: 2.7456
Epoch [12/115], Total Loss: 2.7907, NLL: 2.2988, Masked: 2.7464
Epoch [13/115], Total Loss: 2.7996, NLL: 2.3081, Masked: 2.7441
Epoch [14/115], Total Loss: 2.8032, NLL: 2.3119, Masked: 2.7431
Epoch [15/115], Total Loss: 2.8042, NLL: 2.3131, Masked: 2.7423
Epoch [16/115], Total Loss: 102.4542, NLL: 2.3112, Masked: 559.1371
Epoch [17/115], Total Loss: 21124.8812, NLL: 2.3077, Masked: 117935.4976
Epoch [18/115], Total Loss: 25092.0972, NLL: 2.3080, Masked: 140085.9964
Epoch [19/115], Total Loss: 7561.1461, NLL: 2.2976, Masked: 42203.9742
Epoch [20/115], Total Loss: 2.7870, NLL: 2.2960, Masked: 2.7411
Epoch [21/115], Total Loss: 20827.8218, NLL: 2.3023, Masked: 116276.9301
Epoch [22/115], Total Loss: 25133.4068, NLL: 2.3016, Masked: 140316.6803
Epoch [23/115], Total Loss: 24987.7662, NLL: 2.3020, Masked: 139503.5107
Epoch [24/115], Total Loss: 24738.3562, NLL: 2.3023, Masked: 138110.9559
Epoch [25/115], Total Loss: 24632.2768, NLL: 2.2996, Masked: 137518.6889
Epoch [26/115], Total Loss: 24834.0947, NLL: 2.3053, Masked: 138645.4847
Epoch [27/115], Total Loss: 22602.6427, NLL: 2.2972, Masked: 126186.4703
Epoch [28/115], Total Loss: 9078.9443, NLL: 2.3122, Masked: 50678.3476
Epoch [29/115], Total Loss: 3717.5796, NLL: 2.3159, Masked: 20743.7547
Epoch [30/115], Total Loss: 38575.9121, NLL: 2.3132, Masked: 215371.3225
Epoch [31/115], Total Loss: 15855.0224, NLL: 2.3066, Masked: 88511.8435
Epoch [32/115], Total Loss: 2029.1896, NLL: 2.3002, Masked: 11316.9070
Epoch [33/115], Total Loss: 1705.0769, NLL: 2.3068, Masked: 9507.2237
Epoch [34/115], Total Loss: 4244.0970, NLL: 2.3039, Masked: 23683.5717
Epoch [35/115], Total Loss: 1237.1688, NLL: 2.3122, Masked: 6894.6817
Epoch [36/115], Total Loss: 1025.4113, NLL: 2.3115, Masked: 5712.3620
Epoch [37/115], Total Loss: 945.6064, NLL: 2.3125, Masked: 5266.7745
Epoch [38/115], Total Loss: 946.2299, NLL: 2.3138, Masked: 5270.2485
Epoch [39/115], Total Loss: 1578.1380, NLL: 2.3126, Masked: 8798.4427
Epoch [40/115], Total Loss: 759.3426, NLL: 2.3141, Masked: 4226.7832
Epoch [41/115], Total Loss: 843.4780, NLL: 2.3110, Masked: 4696.5608
Epoch [42/115], Total Loss: 1101.2834, NLL: 2.3122, Masked: 6135.9814
Epoch [43/115], Total Loss: 957.9971, NLL: 2.3104, Masked: 5335.9686
Epoch [44/115], Total Loss: 724.9837, NLL: 2.3120, Masked: 4034.9560
Epoch [45/115], Total Loss: 703.7920, NLL: 2.3109, Masked: 3916.6399
Epoch [46/115], Total Loss: 626.8479, NLL: 2.3115, Masked: 3487.0278
Epoch [47/115], Total Loss: 1166.3410, NLL: 2.3106, Masked: 6499.2320
Epoch [48/115], Total Loss: 5198.6683, NLL: 2.3138, Masked: 29013.2571
Epoch [49/115], Total Loss: 2361.2233, NLL: 2.3107, Masked: 13170.7215
Epoch [50/115], Total Loss: 1988.9165, NLL: 2.3106, Masked: 11091.9889
Epoch [51/115], Total Loss: 746.7255, NLL: 2.3037, Masked: 4156.3948
Epoch [52/115], Total Loss: 370.5232, NLL: 2.2951, Masked: 2055.9598
Epoch [53/115], Total Loss: 1261.8445, NLL: 2.2967, Masked: 7032.5426
Epoch [54/115], Total Loss: 310.7978, NLL: 2.2982, Masked: 1722.4725
Epoch [55/115], Total Loss: 301.4814, NLL: 2.3004, Masked: 1670.4432
Epoch [56/115], Total Loss: 166.3662, NLL: 2.2900, Masked: 916.1014
Epoch [57/115], Total Loss: 203.9941, NLL: 2.3023, Masked: 1126.1237
Epoch [58/115], Total Loss: 83.7175, NLL: 2.3031, Masked: 454.5685
Epoch [59/115], Total Loss: 234.5993, NLL: 2.2981, Masked: 1297.0278
Epoch [60/115], Total Loss: 330.2157, NLL: 2.2977, Masked: 1830.8929
Epoch [61/115], Total Loss: 287.2720, NLL: 2.3010, Masked: 1591.1035
Epoch [62/115], Total Loss: 223.1468, NLL: 2.3009, Masked: 1233.0680
Epoch [63/115], Total Loss: 83.7802, NLL: 2.2955, Masked: 454.9610
Epoch [64/115], Total Loss: 82.8168, NLL: 2.2996, Masked: 449.5585
Epoch [65/115], Total Loss: 86.0848, NLL: 2.2967, Masked: 467.8213
Epoch [66/115], Total Loss: 135.3685, NLL: 2.2951, Masked: 743.0004
Epoch [67/115], Total Loss: 127.6651, NLL: 2.2972, Masked: 699.9775
Epoch [68/115], Total Loss: 162.1959, NLL: 2.2956, Masked: 892.7848
Epoch [69/115], Total Loss: 145.2041, NLL: 2.2995, Masked: 797.8918
Epoch [70/115], Total Loss: 50.3132, NLL: 2.2987, Masked: 268.0837
Epoch [71/115], Total Loss: 133.3120, NLL: 2.2995, Masked: 731.4935
Epoch [72/115], Total Loss: 318.2653, NLL: 2.2949, Masked: 1764.1850
Epoch [73/115], Total Loss: 10788.2895, NLL: 2.3110, Masked: 60222.2897
Epoch [74/115], Total Loss: 14622.2965, NLL: 2.3180, Masked: 81628.9950
Epoch [75/115], Total Loss: 422503.5454, NLL: 2.3902, Masked: 2358987.3681
Epoch [76/115], Total Loss: 4110.9946, NLL: 2.3174, Masked: 22940.3339
Epoch [77/115], Total Loss: 7914.9398, NLL: 2.3178, Masked: 44179.2291
Epoch [78/115], Total Loss: 9238.8789, NLL: 2.3179, Masked: 51571.2928
Epoch [79/115], Total Loss: 7363.1565, NLL: 2.3180, Masked: 41098.4086
Epoch [80/115], Total Loss: 4576.0442, NLL: 2.3174, Masked: 25536.8854
Epoch [81/115], Total Loss: 216.1908, NLL: 2.3166, Masked: 1194.1426
Epoch [82/115], Total Loss: 145.5538, NLL: 2.3167, Masked: 799.7484
Epoch [83/115], Total Loss: 225.5556, NLL: 2.3154, Masked: 1246.4363
Epoch [84/115], Total Loss: 245.1140, NLL: 2.3164, Masked: 1355.6331
Epoch [85/115], Total Loss: 232.5517, NLL: 2.3163, Masked: 1285.4933
Epoch [86/115], Total Loss: 214.1608, NLL: 2.3168, Masked: 1182.8069
Epoch [87/115], Total Loss: 158.2035, NLL: 2.3168, Masked: 870.3757
Epoch [88/115], Total Loss: 204.2684, NLL: 2.3166, Masked: 1127.5748
Epoch [89/115], Total Loss: 1671.7134, NLL: 2.3168, Masked: 9320.8869
Epoch [90/115], Total Loss: 3017.8220, NLL: 2.3172, Masked: 16836.7296
Epoch [91/115], Total Loss: 3022.7406, NLL: 2.3172, Masked: 16864.1920
Epoch [92/115], Total Loss: 1855.4782, NLL: 2.3170, Masked: 10346.9159
Epoch [93/115], Total Loss: 99.0436, NLL: 2.3167, Masked: 540.0638
Epoch [94/115], Total Loss: 46.9054, NLL: 2.3167, Masked: 248.9557
Epoch [95/115], Total Loss: 92.1346, NLL: 2.3167, Masked: 501.4878
Epoch [96/115], Total Loss: 83.2327, NLL: 2.3167, Masked: 451.7849
Epoch [97/115], Total Loss: 50.8654, NLL: 2.3167, Masked: 271.0659
Epoch [98/115], Total Loss: 64.4970, NLL: 2.3167, Masked: 347.1764
Epoch [99/115], Total Loss: 68.3345, NLL: 2.3167, Masked: 368.6027
Epoch [100/115], Total Loss: 73.7085, NLL: 2.3167, Masked: 398.6076
Epoch [101/115], Total Loss: 63.2939, NLL: 2.3167, Masked: 340.4592
Epoch [102/115], Total Loss: 50.3675, NLL: 2.3167, Masked: 268.2859
Epoch [103/115], Total Loss: 53.7763, NLL: 2.3167, Masked: 287.3188
Epoch [104/115], Total Loss: 69.5163, NLL: 2.3167, Masked: 375.2011
Epoch [105/115], Total Loss: 112.3568, NLL: 2.3167, Masked: 614.3962
Epoch [106/115], Total Loss: 72.3820, NLL: 2.3167, Masked: 391.2016
Epoch [107/115], Total Loss: 66.8598, NLL: 2.3167, Masked: 360.3691
Epoch [108/115], Total Loss: 40.4548, NLL: 2.3167, Masked: 212.9394
Epoch [109/115], Total Loss: 73.7694, NLL: 2.3167, Masked: 398.9480
Epoch [110/115], Total Loss: 101.3777, NLL: 2.3167, Masked: 553.0958
Epoch [111/115], Total Loss: 45.0184, NLL: 2.3167, Masked: 238.4198
Epoch [112/115], Total Loss: 35.7231, NLL: 2.3167, Masked: 186.5207
Epoch [113/115], Total Loss: 2851.5593, NLL: 2.3172, Masked: 15908.4209
Epoch [114/115], Total Loss: 2581.5804, NLL: 2.3172, Masked: 14401.0239
Epoch [115/115], Total Loss: 2825.1272, NLL: 2.3172, Masked: 15760.8399

==================================================
EVALUATING ON TRAINING DATA
==================================================

==================================================
TEST RESULTS
==================================================
Total Loss: 2.807736
  - ZINB NLL: 2.316711
Total number of masked values: 18418958
  - Number of values with pi >= 0.3806876809341585: 0
  - Number of values with pi < 0.3806876809341585: 18418958
  - Masked Reconstruction: 2.741579
Mean Absolute Error (MAE): 2.345730
R² Score: -0.059371
==================================================


==================================================
TEST RESULTS
==================================================
Total Loss: 3.078287
  - ZINB NLL: 2.564524
Total number of masked values: 5069700
  - Number of values with pi >= 0.3806876809341585: 0
  - Number of values with pi < 0.3806876809341585: 5069700
  - Masked Reconstruction: 2.868536
Mean Absolute Error (MAE): 2.633056
R² Score: -0.098897
==================================================


>>> Optimizing zinb_nll on VALIDATION set: 2.564524
>>> Full validation metrics: {'total_loss': 3.0782870260335633, 'zinb_nll': 2.5645242529400325, 'mae': 2.6330559253692627, 'r2': -0.09889650344848633, 'masked_loss': 2.8685363312899055}

Iteration No: 5 ended. Evaluation done at random point.
Time taken: 1015.0014
Function value obtained: 2.5645
Current minimum: 1.9046
Iteration No: 6 started. Evaluating function at random point.

================================================================================
Trial with parameters:
  features: Centr
  data_point_length: 5628
  step_size: 0.24290816349803096
  bin_size: 95
  sample_fraction: 0.6991490998664021
  moving_average: False
  first_layer_size_factor: 89
  num_layers: 4
  use_conv: True
  conv_channel: 28
  pool_size: 5
  kernel_size: 5
  epochs: 80
  batch_size: 128
  noise_level: 0.2919105189047466
  pi_threshold: 0.34883518188026935
  learning_rate: 0.00011719079872167653
  dropout_rate: 0.45341422077287713
  masked_recon_weight: 0.01226108766368931
  regularizer: l2
  regularization_weight: 1.0084227596970406e-05
================================================================================

Creating datasets with:
  features: ['Centr']
  bin_size: 95
  moving_average: False
  data_point_length: 59 (from 5628)
  step_size: 0.24290816349803096
  layers: [np.int64(1424), np.int64(712), np.int64(356), np.int64(178)] (first=1424, num=4)
  stride: 1 (fixed), padding: 0 (fixed)


Clipping outliers using 95th percentile * 1.5...
strain_yTW001: Clipping values above 134.25 (P95=89.50). Clipped 27529/1193409 values (2.31%)
strain_FD: Clipping values above 71.92 (P95=47.94). Clipped 95791/4127807 values (2.32%)
strain_dnrp: Clipping values above 243.00 (P95=162.00). Clipped 25649/1119454 values (2.29%)
strain_yEK19: Clipping values above 77.10 (P95=51.40). Clipped 83713/3893623 values (2.15%)
strain_yEK23: Clipping values above 72.00 (P95=48.00). Clipped 86381/3558407 values (2.43%)
strain_yWT03a: Clipping values above 15.00 (P95=10.00). Clipped 10602/347679 values (3.05%)
strain_yWT04a: Clipping values above 58.50 (P95=39.00). Clipped 21095/725406 values (2.91%)
strain_ylic137: Clipping values above 142.50 (P95=95.00). Clipped 28746/1112684 values (2.58%)
Standardizing features: ['Centr']
Column order in final array (Dataset/Chrom split): ['Value', 'Centromere_Distance', 'Value_Raw', 'Size_Factor']
Removing 0 empty data points out of 41264
Column order in final array (Dataset/Chrom split): ['Value', 'Centromere_Distance', 'Value_Raw', 'Size_Factor']
Removing 0 empty data points out of 7344
Column order in final array (Dataset/Chrom split): ['Value', 'Centromere_Distance', 'Value_Raw', 'Size_Factor']
Removing 0 empty data points out of 23648
Datasets created:
  Train: (41264, 59, 4), Val: (7344, 59, 4), Test: (23648, 59, 4)

Randomly sampled 28849/41264 samples (69.9%)
Applied denoising with 29.2% masking
Applied denoising with 29.2% masking
Applied denoising with 29.2% masking
Epoch [1/80], Total Loss: 2.0954, NLL: 2.0375, Masked: 4.7276, Reg: 0.018621
Epoch [2/80], Total Loss: 1.8588, NLL: 1.8310, Masked: 2.2686, Reg: 0.018078
Epoch [3/80], Total Loss: 1.8426, NLL: 1.8151, Masked: 2.2466, Reg: 0.017926
Epoch [4/80], Total Loss: 1.8344, NLL: 1.8071, Masked: 2.2271, Reg: 0.017826
Epoch [5/80], Total Loss: 1.8306, NLL: 1.8034, Masked: 2.2158, Reg: 0.017709
Epoch [6/80], Total Loss: 1.8277, NLL: 1.8007, Masked: 2.2038, Reg: 0.017582
Epoch [7/80], Total Loss: 1.8261, NLL: 1.7991, Masked: 2.1978, Reg: 0.017434
Epoch [8/80], Total Loss: 1.8260, NLL: 1.7990, Masked: 2.1961, Reg: 0.017267
Epoch [9/80], Total Loss: 1.8240, NLL: 1.7972, Masked: 2.1873, Reg: 0.017094
Epoch [10/80], Total Loss: 1.8243, NLL: 1.7975, Masked: 2.1862, Reg: 0.016901
Epoch [11/80], Total Loss: 1.8231, NLL: 1.7963, Masked: 2.1852, Reg: 0.016703
Epoch [12/80], Total Loss: 1.8225, NLL: 1.7958, Masked: 2.1822, Reg: 0.016497
Epoch [13/80], Total Loss: 1.8225, NLL: 1.7957, Masked: 2.1812, Reg: 0.016282
Epoch [14/80], Total Loss: 1.8221, NLL: 1.7954, Masked: 2.1779, Reg: 0.016066
Epoch [15/80], Total Loss: 1.8214, NLL: 1.7947, Masked: 2.1732, Reg: 0.015852
Epoch [16/80], Total Loss: 1.8210, NLL: 1.7943, Masked: 2.1748, Reg: 0.015632
Epoch [17/80], Total Loss: 1.8204, NLL: 1.7938, Masked: 2.1706, Reg: 0.015408
Epoch [18/80], Total Loss: 1.8212, NLL: 1.7945, Masked: 2.1730, Reg: 0.015169
Epoch [19/80], Total Loss: 1.8205, NLL: 1.7938, Masked: 2.1703, Reg: 0.014944
Epoch [20/80], Total Loss: 1.8204, NLL: 1.7937, Masked: 2.1722, Reg: 0.014713
Epoch [21/80], Total Loss: 1.8200, NLL: 1.7933, Masked: 2.1699, Reg: 0.014477
Epoch [22/80], Total Loss: 1.8201, NLL: 1.7935, Masked: 2.1695, Reg: 0.014239
Epoch [23/80], Total Loss: 1.8191, NLL: 1.7926, Masked: 2.1644, Reg: 0.014011
Epoch [24/80], Total Loss: 1.8195, NLL: 1.7930, Masked: 2.1657, Reg: 0.013777
Epoch [25/80], Total Loss: 1.8194, NLL: 1.7929, Masked: 2.1645, Reg: 0.013546
Epoch [26/80], Total Loss: 1.8191, NLL: 1.7926, Masked: 2.1636, Reg: 0.013320
Epoch [27/80], Total Loss: 1.8186, NLL: 1.7921, Masked: 2.1625, Reg: 0.013090
Epoch [28/80], Total Loss: 1.8189, NLL: 1.7924, Masked: 2.1621, Reg: 0.012864
Epoch [29/80], Total Loss: 1.8189, NLL: 1.7924, Masked: 2.1639, Reg: 0.012634
Epoch [30/80], Total Loss: 1.8184, NLL: 1.7919, Masked: 2.1607, Reg: 0.012410
Epoch [31/80], Total Loss: 1.8186, NLL: 1.7921, Masked: 2.1601, Reg: 0.012183
Epoch [32/80], Total Loss: 1.8183, NLL: 1.7918, Masked: 2.1589, Reg: 0.011979
Epoch [33/80], Total Loss: 1.8181, NLL: 1.7917, Masked: 2.1574, Reg: 0.011761
Epoch [34/80], Total Loss: 1.8182, NLL: 1.7917, Masked: 2.1557, Reg: 0.011551
Epoch [35/80], Total Loss: 1.8176, NLL: 1.7912, Masked: 2.1558, Reg: 0.011356
Epoch [36/80], Total Loss: 1.8176, NLL: 1.7912, Masked: 2.1551, Reg: 0.011151
Epoch [37/80], Total Loss: 1.8176, NLL: 1.7911, Masked: 2.1553, Reg: 0.010963
Epoch [38/80], Total Loss: 1.8175, NLL: 1.7911, Masked: 2.1539, Reg: 0.010777
Epoch [39/80], Total Loss: 1.8175, NLL: 1.7911, Masked: 2.1533, Reg: 0.010591
Epoch [40/80], Total Loss: 1.8171, NLL: 1.7907, Masked: 2.1544, Reg: 0.010419
Epoch [41/80], Total Loss: 1.8170, NLL: 1.7906, Masked: 2.1544, Reg: 0.010246
Epoch [42/80], Total Loss: 1.8167, NLL: 1.7903, Masked: 2.1529, Reg: 0.010089
Epoch [43/80], Total Loss: 1.8085, NLL: 1.7824, Masked: 2.1348, Reg: 0.010057
Epoch [44/80], Total Loss: 1.8013, NLL: 1.7753, Masked: 2.1251, Reg: 0.010028
Epoch [45/80], Total Loss: 1.7994, NLL: 1.7734, Masked: 2.1234, Reg: 0.009937
Epoch [46/80], Total Loss: 1.7982, NLL: 1.7723, Masked: 2.1197, Reg: 0.009836
Epoch [47/80], Total Loss: 1.7978, NLL: 1.7718, Masked: 2.1193, Reg: 0.009720
Epoch [48/80], Total Loss: 1.7968, NLL: 1.7709, Masked: 2.1153, Reg: 0.009619
Epoch [49/80], Total Loss: 1.7963, NLL: 1.7704, Masked: 2.1141, Reg: 0.009518
Epoch [50/80], Total Loss: 1.7958, NLL: 1.7699, Masked: 2.1109, Reg: 0.009414
Epoch [51/80], Total Loss: 1.7954, NLL: 1.7695, Masked: 2.1096, Reg: 0.009322
Epoch [52/80], Total Loss: 1.7948, NLL: 1.7689, Masked: 2.1078, Reg: 0.009224
Epoch [53/80], Total Loss: 1.7940, NLL: 1.7682, Masked: 2.1038, Reg: 0.009145
Epoch [54/80], Total Loss: 1.7933, NLL: 1.7675, Masked: 2.1032, Reg: 0.009062
Epoch [55/80], Total Loss: 1.7925, NLL: 1.7668, Masked: 2.1008, Reg: 0.008997
Epoch [56/80], Total Loss: 1.7922, NLL: 1.7665, Masked: 2.0955, Reg: 0.008928
Epoch [57/80], Total Loss: 1.7911, NLL: 1.7654, Masked: 2.0953, Reg: 0.008875
Epoch [58/80], Total Loss: 1.7901, NLL: 1.7644, Masked: 2.0920, Reg: 0.008829
Epoch [59/80], Total Loss: 1.7893, NLL: 1.7636, Masked: 2.0901, Reg: 0.008793
Epoch [60/80], Total Loss: 1.7877, NLL: 1.7622, Masked: 2.0836, Reg: 0.008776
Epoch [61/80], Total Loss: 1.7864, NLL: 1.7608, Masked: 2.0866, Reg: 0.008755
Epoch [62/80], Total Loss: 1.7829, NLL: 1.7574, Masked: 2.0748, Reg: 0.008741
Epoch [63/80], Total Loss: 1.7753, NLL: 1.7501, Masked: 2.0597, Reg: 0.008750
Epoch [64/80], Total Loss: 1.7716, NLL: 1.7465, Masked: 2.0515, Reg: 0.008771
Epoch [65/80], Total Loss: 1.7692, NLL: 1.7441, Masked: 2.0487, Reg: 0.008767
Epoch [66/80], Total Loss: 1.7671, NLL: 1.7421, Masked: 2.0444, Reg: 0.008770
Epoch [67/80], Total Loss: 1.7651, NLL: 1.7401, Masked: 2.0391, Reg: 0.008766
Epoch [68/80], Total Loss: 1.7634, NLL: 1.7384, Masked: 2.0397, Reg: 0.008771
Epoch [69/80], Total Loss: 1.7615, NLL: 1.7365, Masked: 2.0377, Reg: 0.008785
Epoch [70/80], Total Loss: 1.7607, NLL: 1.7357, Masked: 2.0376, Reg: 0.008788
Epoch [71/80], Total Loss: 1.7591, NLL: 1.7342, Masked: 2.0332, Reg: 0.008802
Epoch [72/80], Total Loss: 1.7575, NLL: 1.7327, Masked: 2.0289, Reg: 0.008821
Epoch [73/80], Total Loss: 1.7561, NLL: 1.7312, Masked: 2.0322, Reg: 0.008840
Epoch [74/80], Total Loss: 1.7555, NLL: 1.7305, Masked: 2.0334, Reg: 0.008865
Epoch [75/80], Total Loss: 1.7539, NLL: 1.7290, Masked: 2.0296, Reg: 0.008903
Epoch [76/80], Total Loss: 1.7523, NLL: 1.7275, Masked: 2.0262, Reg: 0.008937
Epoch [77/80], Total Loss: 1.7521, NLL: 1.7272, Masked: 2.0297, Reg: 0.008974
Epoch [78/80], Total Loss: 1.7506, NLL: 1.7258, Masked: 2.0226, Reg: 0.009008
Epoch [79/80], Total Loss: 1.7494, NLL: 1.7246, Masked: 2.0204, Reg: 0.009047
Epoch [80/80], Total Loss: 1.7487, NLL: 1.7239, Masked: 2.0216, Reg: 0.009080

==================================================
EVALUATING ON TRAINING DATA
==================================================

==================================================
TEST RESULTS
==================================================
Total Loss: 1.734740
  - ZINB NLL: 1.710559
Total number of masked values: 443704
  - Number of values with pi >= 0.34883518188026935: 0
  - Number of values with pi < 0.34883518188026935: 443704
  - Masked Reconstruction: 1.972171
  - Regularization: 0.009111
Mean Absolute Error (MAE): 1.860841
R² Score: 0.466390
==================================================


==================================================
TEST RESULTS
==================================================
Total Loss: 1.867828
  - ZINB NLL: 1.841372
Total number of masked values: 114489
  - Number of values with pi >= 0.34883518188026935: 0
  - Number of values with pi < 0.34883518188026935: 114489
  - Masked Reconstruction: 2.157747
  - Regularization: 0.009111
Mean Absolute Error (MAE): 2.078151
R² Score: 0.349696
==================================================


>>> Optimizing zinb_nll on VALIDATION set: 1.841372
>>> Full validation metrics: {'total_loss': 1.8678279847620878, 'zinb_nll': 1.841371660658477, 'mae': 2.078150510787964, 'r2': 0.3496958613395691, 'masked_loss': 2.1577468668973006, 'reg_loss': 0.009111223963328977}

Iteration No: 6 ended. Evaluation done at random point.
Time taken: 158.5291
Function value obtained: 1.8414
Current minimum: 1.8414
Iteration No: 7 started. Evaluating function at random point.

================================================================================
Trial with parameters:
  features: Centr
  data_point_length: 3395
  step_size: 0.20642306048579467
  bin_size: 56
  sample_fraction: 0.6136224785192375
  moving_average: False
  first_layer_size_factor: 30
  num_layers: 2
  use_conv: True
  conv_channel: 41
  pool_size: 5
  kernel_size: 7
  epochs: 38
  batch_size: 32
  noise_level: 0.22218845655474112
  pi_threshold: 0.5785217091359154
  learning_rate: 0.0013702877326581702
  dropout_rate: 0.07404346497669996
  masked_recon_weight: 9.79404150646357
  regularizer: l1
  regularization_weight: 68.59693176658133
================================================================================

Creating datasets with:
  features: ['Centr']
  bin_size: 56
  moving_average: False
  data_point_length: 60 (from 3395)
  step_size: 0.20642306048579467
  layers: [np.int64(480), np.int64(240)] (first=480, num=2)
  stride: 1 (fixed), padding: 0 (fixed)


Clipping outliers using 95th percentile * 1.5...
strain_yTW001: Clipping values above 134.25 (P95=89.50). Clipped 27529/1193409 values (2.31%)
strain_FD: Clipping values above 71.92 (P95=47.94). Clipped 95791/4127807 values (2.32%)
strain_dnrp: Clipping values above 243.00 (P95=162.00). Clipped 25649/1119454 values (2.29%)
strain_yEK19: Clipping values above 77.10 (P95=51.40). Clipped 83713/3893623 values (2.15%)
strain_yEK23: Clipping values above 72.00 (P95=48.00). Clipped 86381/3558407 values (2.43%)
strain_yWT03a: Clipping values above 15.00 (P95=10.00). Clipped 10602/347679 values (3.05%)
strain_yWT04a: Clipping values above 58.50 (P95=39.00). Clipped 21095/725406 values (2.91%)
strain_ylic137: Clipping values above 142.50 (P95=95.00). Clipped 28746/1112684 values (2.58%)
Standardizing features: ['Centr']
Column order in final array (Dataset/Chrom split): ['Value', 'Centromere_Distance', 'Value_Raw', 'Size_Factor']
Removing 0 empty data points out of 81824
Column order in final array (Dataset/Chrom split): ['Value', 'Centromere_Distance', 'Value_Raw', 'Size_Factor']
Removing 0 empty data points out of 14592
Column order in final array (Dataset/Chrom split): ['Value', 'Centromere_Distance', 'Value_Raw', 'Size_Factor']
Removing 0 empty data points out of 46856
Datasets created:
  Train: (81824, 60, 4), Val: (14592, 60, 4), Test: (46856, 60, 4)

Randomly sampled 50209/81824 samples (61.4%)
Applied denoising with 22.2% masking
Applied denoising with 22.2% masking
Applied denoising with 22.2% masking
Epoch [1/38], Total Loss: 17861.8339, NLL: 3.2551, Masked: 27.8022, Reg: 17586.283033
Epoch [2/38], Total Loss: 6358.5326, NLL: 3.4754, Masked: 27.8014, Reg: 6082.768869
Epoch [3/38], Total Loss: 6351.1648, NLL: 3.4754, Masked: 27.8010, Reg: 6075.405266
Epoch [4/38], Total Loss: 6346.5521, NLL: 3.4754, Masked: 27.8033, Reg: 6070.770009
Epoch [5/38], Total Loss: 6343.1174, NLL: 3.4754, Masked: 27.8060, Reg: 6067.309104
Epoch [6/38], Total Loss: 6339.9504, NLL: 3.4754, Masked: 27.8032, Reg: 6064.169539
Epoch [7/38], Total Loss: 6336.2088, NLL: 3.4754, Masked: 27.8037, Reg: 6060.422597
Epoch [8/38], Total Loss: 6333.2274, NLL: 3.4754, Masked: 27.8024, Reg: 6057.454596
Epoch [9/38], Total Loss: 6330.8490, NLL: 3.4754, Masked: 27.8044, Reg: 6055.056187
Epoch [10/38], Total Loss: 6329.2898, NLL: 3.4754, Masked: 27.8016, Reg: 6053.524680
Epoch [11/38], Total Loss: 6326.7682, NLL: 3.4754, Masked: 27.7982, Reg: 6051.035607
Epoch [12/38], Total Loss: 6324.6173, NLL: 3.4754, Masked: 27.8028, Reg: 6048.839807
Epoch [13/38], Total Loss: 6322.1933, NLL: 3.4754, Masked: 27.8046, Reg: 6046.398604
Epoch [14/38], Total Loss: 6320.7637, NLL: 3.4754, Masked: 27.8044, Reg: 6044.971285
Epoch [15/38], Total Loss: 6318.9048, NLL: 3.4754, Masked: 27.8032, Reg: 6043.123785
Epoch [16/38], Total Loss: 6317.7438, NLL: 3.4754, Masked: 27.8034, Reg: 6041.960861
Epoch [17/38], Total Loss: 6317.0568, NLL: 3.4754, Masked: 27.8018, Reg: 6041.289241
Epoch [18/38], Total Loss: 6315.3830, NLL: 3.4754, Masked: 27.8019, Reg: 6039.614478
Epoch [19/38], Total Loss: 6315.0982, NLL: 3.4754, Masked: 27.8073, Reg: 6039.276714
Epoch [20/38], Total Loss: 6314.1870, NLL: 3.4754, Masked: 27.8023, Reg: 6038.414453
Epoch [21/38], Total Loss: 6313.2840, NLL: 3.4754, Masked: 27.8028, Reg: 6037.506478
Epoch [22/38], Total Loss: 6313.1088, NLL: 3.4754, Masked: 27.7973, Reg: 6037.385279
Epoch [23/38], Total Loss: 6311.5470, NLL: 3.4754, Masked: 27.8013, Reg: 6035.784614
Epoch [24/38], Total Loss: 6311.6853, NLL: 3.4754, Masked: 27.8024, Reg: 6035.912313
Epoch [25/38], Total Loss: 6310.8811, NLL: 3.4755, Masked: 27.8008, Reg: 6035.123674
Epoch [26/38], Total Loss: 6309.7914, NLL: 3.4754, Masked: 27.8036, Reg: 6034.006382
Epoch [27/38], Total Loss: 6308.4275, NLL: 3.4754, Masked: 27.8034, Reg: 6032.644632
Epoch [28/38], Total Loss: 6307.0568, NLL: 3.4754, Masked: 27.8041, Reg: 6031.266563
Epoch [29/38], Total Loss: 6306.3078, NLL: 3.4754, Masked: 27.7998, Reg: 6030.560411
Epoch [30/38], Total Loss: 6305.8382, NLL: 3.4754, Masked: 27.8016, Reg: 6030.072818
Epoch [31/38], Total Loss: 6305.2141, NLL: 3.4754, Masked: 27.8007, Reg: 6029.457514
Epoch [32/38], Total Loss: 6304.8459, NLL: 3.4754, Masked: 27.8022, Reg: 6029.074779
Epoch [33/38], Total Loss: 6303.1621, NLL: 3.4754, Masked: 27.8015, Reg: 6027.397672
Epoch [34/38], Total Loss: 6302.5006, NLL: 3.4754, Masked: 27.8020, Reg: 6026.731747
Epoch [35/38], Total Loss: 6301.6953, NLL: 3.4754, Masked: 27.8026, Reg: 6025.920450
Epoch [36/38], Total Loss: 6301.2442, NLL: 3.4754, Masked: 27.7990, Reg: 6025.504153
Epoch [37/38], Total Loss: 6300.3382, NLL: 3.4754, Masked: 27.8034, Reg: 6024.554937
Epoch [38/38], Total Loss: 6299.6739, NLL: 3.4754, Masked: 27.7994, Reg: 6023.930049

==================================================
EVALUATING ON TRAINING DATA
==================================================

==================================================
TEST RESULTS
==================================================
Total Loss: 6258.454829
  - ZINB NLL: 3.475420
Total number of masked values: 550956
  - Number of values with pi >= 0.5785217091359154: 0
  - Number of values with pi < 0.5785217091359154: 550956
  - Masked Reconstruction: 27.803687
  - Regularization: 5982.669116
Mean Absolute Error (MAE): 26.216028
R² Score: -36.826771
==================================================


==================================================
TEST RESULTS
==================================================
Total Loss: 6237.010252
  - ZINB NLL: 3.540350
Total number of masked values: 163790
  - Number of values with pi >= 0.5785217091359154: 0
  - Number of values with pi < 0.5785217091359154: 163790
  - Masked Reconstruction: 25.607503
  - Regularization: 5982.669116
Mean Absolute Error (MAE): 25.804689
R² Score: -35.553593
==================================================


>>> Optimizing zinb_nll on VALIDATION set: 3.540350
>>> Full validation metrics: {'total_loss': 6237.010251764666, 'zinb_nll': 3.540349637468656, 'mae': 25.804689407348633, 'r2': -35.553592681884766, 'masked_loss': 25.60750270674103, 'reg_loss': 5982.669115692667}

Iteration No: 7 ended. Evaluation done at random point.
Time taken: 332.2336
Function value obtained: 3.5403
Current minimum: 1.8414
Iteration No: 8 started. Evaluating function at random point.

================================================================================
Trial with parameters:
  features: Centr
  data_point_length: 814
  step_size: 0.37781768562534884
  bin_size: 65
  sample_fraction: 0.7605290886660752
  moving_average: False
  first_layer_size_factor: 47
  num_layers: 4
  use_conv: False
  conv_channel: 25
  pool_size: 4
  kernel_size: 5
  epochs: 126
  batch_size: 64
  noise_level: 0.8850808268053588
  pi_threshold: 0.45952977697782127
  learning_rate: 0.0028138155131170258
  dropout_rate: 0.3991725624922757
  masked_recon_weight: 0.004007469039971232
  regularizer: l2
  regularization_weight: 0.7424883564678555
================================================================================

Creating datasets with:
  features: ['Centr']
  bin_size: 65
  moving_average: False
  data_point_length: 12 (from 814)
  step_size: 0.37781768562534884
  layers: [np.int64(752), np.int64(376), np.int64(188), np.int64(94)] (first=752, num=4)
  stride: 1 (fixed), padding: 0 (fixed)


Clipping outliers using 95th percentile * 1.5...
strain_yTW001: Clipping values above 134.25 (P95=89.50). Clipped 27529/1193409 values (2.31%)
strain_FD: Clipping values above 71.92 (P95=47.94). Clipped 95791/4127807 values (2.32%)
strain_dnrp: Clipping values above 243.00 (P95=162.00). Clipped 25649/1119454 values (2.29%)
strain_yEK19: Clipping values above 77.10 (P95=51.40). Clipped 83713/3893623 values (2.15%)
strain_yEK23: Clipping values above 72.00 (P95=48.00). Clipped 86381/3558407 values (2.43%)
strain_yWT03a: Clipping values above 15.00 (P95=10.00). Clipped 10602/347679 values (3.05%)
strain_yWT04a: Clipping values above 58.50 (P95=39.00). Clipped 21095/725406 values (2.91%)
strain_ylic137: Clipping values above 142.50 (P95=95.00). Clipped 28746/1112684 values (2.58%)
Standardizing features: ['Centr']
Column order in final array (Dataset/Chrom split): ['Value', 'Centromere_Distance', 'Value_Raw', 'Size_Factor']
Removing 0 empty data points out of 212000
Column order in final array (Dataset/Chrom split): ['Value', 'Centromere_Distance', 'Value_Raw', 'Size_Factor']
Removing 0 empty data points out of 37904
Column order in final array (Dataset/Chrom split): ['Value', 'Centromere_Distance', 'Value_Raw', 'Size_Factor']
Removing 0 empty data points out of 121360
Datasets created:
  Train: (212000, 12, 4), Val: (37904, 12, 4), Test: (121360, 12, 4)

Randomly sampled 161232/212000 samples (76.1%)
Applied denoising with 88.5% masking
Applied denoising with 88.5% masking
Applied denoising with 88.5% masking
Epoch [1/126], Total Loss: 3.4039, NLL: 3.3517, Masked: 13.0407, Reg: 6.988871
Epoch [2/126], Total Loss: 3.4653, NLL: 3.4547, Masked: 2.6273, Reg: 0.070192
Epoch [3/126], Total Loss: 3.4653, NLL: 3.4547, Masked: 2.6272, Reg: 0.071401
Epoch [4/126], Total Loss: 3.4653, NLL: 3.4547, Masked: 2.6272, Reg: 0.072655
Epoch [5/126], Total Loss: 3.4653, NLL: 3.4547, Masked: 2.6271, Reg: 0.072792
Epoch [6/126], Total Loss: 3.4653, NLL: 3.4547, Masked: 2.6273, Reg: 0.072782
Epoch [7/126], Total Loss: 3.4652, NLL: 3.4547, Masked: 2.6273, Reg: 0.072821
Epoch [8/126], Total Loss: 3.4653, NLL: 3.4547, Masked: 2.6274, Reg: 0.072800
Epoch [9/126], Total Loss: 3.4653, NLL: 3.4547, Masked: 2.6274, Reg: 0.072811
Epoch [10/126], Total Loss: 3.4653, NLL: 3.4547, Masked: 2.6274, Reg: 0.072790
Epoch [11/126], Total Loss: 3.4653, NLL: 3.4547, Masked: 2.6275, Reg: 0.072803
Epoch [12/126], Total Loss: 3.4653, NLL: 3.4547, Masked: 2.6272, Reg: 0.072801
Epoch [13/126], Total Loss: 3.4653, NLL: 3.4547, Masked: 2.6275, Reg: 0.072790
Epoch [14/126], Total Loss: 3.4653, NLL: 3.4547, Masked: 2.6268, Reg: 0.072804
Epoch [15/126], Total Loss: 3.4653, NLL: 3.4547, Masked: 2.6276, Reg: 0.072809
Epoch [16/126], Total Loss: 3.4652, NLL: 3.4547, Masked: 2.6269, Reg: 0.072818
Epoch [17/126], Total Loss: 3.4653, NLL: 3.4547, Masked: 2.6268, Reg: 0.072774
Epoch [18/126], Total Loss: 3.4652, NLL: 3.4547, Masked: 2.6275, Reg: 0.072817
Epoch [19/126], Total Loss: 3.4653, NLL: 3.4547, Masked: 2.6270, Reg: 0.072796
Epoch [20/126], Total Loss: 3.4653, NLL: 3.4547, Masked: 2.6276, Reg: 0.072794
Epoch [21/126], Total Loss: 3.4653, NLL: 3.4547, Masked: 2.6270, Reg: 0.072811
Epoch [22/126], Total Loss: 3.4653, NLL: 3.4547, Masked: 2.6272, Reg: 0.072792
Epoch [23/126], Total Loss: 3.4653, NLL: 3.4547, Masked: 2.6265, Reg: 0.072799
Epoch [24/126], Total Loss: 3.4653, NLL: 3.4547, Masked: 2.6271, Reg: 0.072785
Epoch [25/126], Total Loss: 3.4653, NLL: 3.4547, Masked: 2.6270, Reg: 0.072805
Epoch [26/126], Total Loss: 3.4653, NLL: 3.4547, Masked: 2.6274, Reg: 0.072800
Epoch [27/126], Total Loss: 3.4653, NLL: 3.4547, Masked: 2.6273, Reg: 0.072807
Epoch [28/126], Total Loss: 3.4653, NLL: 3.4547, Masked: 2.6275, Reg: 0.072795
Epoch [29/126], Total Loss: 3.4653, NLL: 3.4547, Masked: 2.6269, Reg: 0.072799
Epoch [30/126], Total Loss: 3.4653, NLL: 3.4547, Masked: 2.6273, Reg: 0.072788
Epoch [31/126], Total Loss: 3.4652, NLL: 3.4547, Masked: 2.6271, Reg: 0.072811
Epoch [32/126], Total Loss: 3.4653, NLL: 3.4547, Masked: 2.6269, Reg: 0.072803
Epoch [33/126], Total Loss: 3.4653, NLL: 3.4547, Masked: 2.6276, Reg: 0.072789
Epoch [34/126], Total Loss: 3.4653, NLL: 3.4547, Masked: 2.6278, Reg: 0.072812
Epoch [35/126], Total Loss: 3.4653, NLL: 3.4547, Masked: 2.6271, Reg: 0.072792
Epoch [36/126], Total Loss: 3.4653, NLL: 3.4547, Masked: 2.6269, Reg: 0.072795
Epoch [37/126], Total Loss: 3.4653, NLL: 3.4547, Masked: 2.6275, Reg: 0.072804
Epoch [38/126], Total Loss: 3.4653, NLL: 3.4547, Masked: 2.6269, Reg: 0.072804
Epoch [39/126], Total Loss: 3.4653, NLL: 3.4547, Masked: 2.6267, Reg: 0.072800
Epoch [40/126], Total Loss: 3.4653, NLL: 3.4547, Masked: 2.6269, Reg: 0.072793
Epoch [41/126], Total Loss: 3.4653, NLL: 3.4547, Masked: 2.6276, Reg: 0.072803
Epoch [42/126], Total Loss: 3.4653, NLL: 3.4547, Masked: 2.6272, Reg: 0.072806
Epoch [43/126], Total Loss: 3.4653, NLL: 3.4547, Masked: 2.6275, Reg: 0.072788
Epoch [44/126], Total Loss: 3.4653, NLL: 3.4547, Masked: 2.6275, Reg: 0.072806
Epoch [45/126], Total Loss: 3.4653, NLL: 3.4547, Masked: 2.6278, Reg: 0.072805
Epoch [46/126], Total Loss: 3.4653, NLL: 3.4547, Masked: 2.6268, Reg: 0.072806
Epoch [47/126], Total Loss: 3.4653, NLL: 3.4547, Masked: 2.6271, Reg: 0.072806
Epoch [48/126], Total Loss: 3.4653, NLL: 3.4547, Masked: 2.6276, Reg: 0.072793
Epoch [49/126], Total Loss: 3.4653, NLL: 3.4547, Masked: 2.6275, Reg: 0.072807
Epoch [50/126], Total Loss: 3.4653, NLL: 3.4547, Masked: 2.6273, Reg: 0.072780
Epoch [51/126], Total Loss: 3.4652, NLL: 3.4547, Masked: 2.6270, Reg: 0.072816
Epoch [52/126], Total Loss: 3.4653, NLL: 3.4547, Masked: 2.6270, Reg: 0.072785
Epoch [53/126], Total Loss: 3.4653, NLL: 3.4547, Masked: 2.6279, Reg: 0.072791
Epoch [54/126], Total Loss: 3.4653, NLL: 3.4547, Masked: 2.6272, Reg: 0.072808
Epoch [55/126], Total Loss: 3.4653, NLL: 3.4547, Masked: 2.6275, Reg: 0.072800
Epoch [56/126], Total Loss: 3.4653, NLL: 3.4547, Masked: 2.6273, Reg: 0.072798
Epoch [57/126], Total Loss: 3.4653, NLL: 3.4547, Masked: 2.6268, Reg: 0.072803
Epoch [58/126], Total Loss: 3.4653, NLL: 3.4547, Masked: 2.6271, Reg: 0.072790
Epoch [59/126], Total Loss: 3.4653, NLL: 3.4547, Masked: 2.6273, Reg: 0.072805
Epoch [60/126], Total Loss: 3.4653, NLL: 3.4547, Masked: 2.6272, Reg: 0.072781
Epoch [61/126], Total Loss: 3.4653, NLL: 3.4547, Masked: 2.6274, Reg: 0.072804
Epoch [62/126], Total Loss: 3.4653, NLL: 3.4547, Masked: 2.6274, Reg: 0.072801
Epoch [63/126], Total Loss: 3.4653, NLL: 3.4547, Masked: 2.6271, Reg: 0.072799
Epoch [64/126], Total Loss: 3.4653, NLL: 3.4547, Masked: 2.6274, Reg: 0.072802
Epoch [65/126], Total Loss: 3.4653, NLL: 3.4547, Masked: 2.6268, Reg: 0.072791
Epoch [66/126], Total Loss: 3.4653, NLL: 3.4547, Masked: 2.6269, Reg: 0.072795
Epoch [67/126], Total Loss: 3.4653, NLL: 3.4547, Masked: 2.6275, Reg: 0.072801
Epoch [68/126], Total Loss: 3.4653, NLL: 3.4547, Masked: 2.6270, Reg: 0.072801
Epoch [69/126], Total Loss: 3.4652, NLL: 3.4547, Masked: 2.6266, Reg: 0.072811
Epoch [70/126], Total Loss: 3.4653, NLL: 3.4547, Masked: 2.6273, Reg: 0.072797
Epoch [71/126], Total Loss: 3.4653, NLL: 3.4547, Masked: 2.6275, Reg: 0.072793
Epoch [72/126], Total Loss: 3.4653, NLL: 3.4547, Masked: 2.6271, Reg: 0.072801
Epoch [73/126], Total Loss: 3.4653, NLL: 3.4547, Masked: 2.6269, Reg: 0.072809
Epoch [74/126], Total Loss: 3.4653, NLL: 3.4547, Masked: 2.6275, Reg: 0.072805
Epoch [75/126], Total Loss: 3.4653, NLL: 3.4547, Masked: 2.6275, Reg: 0.072803
Epoch [76/126], Total Loss: 3.4653, NLL: 3.4547, Masked: 2.6276, Reg: 0.072811
Epoch [77/126], Total Loss: 3.4653, NLL: 3.4547, Masked: 2.6272, Reg: 0.072801
Epoch [78/126], Total Loss: 3.4653, NLL: 3.4547, Masked: 2.6276, Reg: 0.072797
Epoch [79/126], Total Loss: 3.4653, NLL: 3.4547, Masked: 2.6275, Reg: 0.072803
Epoch [80/126], Total Loss: 3.4653, NLL: 3.4547, Masked: 2.6274, Reg: 0.072808
Epoch [81/126], Total Loss: 3.4653, NLL: 3.4547, Masked: 2.6275, Reg: 0.072801
Epoch [82/126], Total Loss: 3.4653, NLL: 3.4547, Masked: 2.6272, Reg: 0.072784
Epoch [83/126], Total Loss: 3.4653, NLL: 3.4547, Masked: 2.6271, Reg: 0.072804
Epoch [84/126], Total Loss: 3.4652, NLL: 3.4547, Masked: 2.6272, Reg: 0.072822
Epoch [85/126], Total Loss: 3.4653, NLL: 3.4547, Masked: 2.6270, Reg: 0.072804
Epoch [86/126], Total Loss: 3.4653, NLL: 3.4547, Masked: 2.6280, Reg: 0.072808
Epoch [87/126], Total Loss: 3.4653, NLL: 3.4547, Masked: 2.6268, Reg: 0.072792
Epoch [88/126], Total Loss: 3.4652, NLL: 3.4547, Masked: 2.6269, Reg: 0.072816
Epoch [89/126], Total Loss: 3.4653, NLL: 3.4547, Masked: 2.6271, Reg: 0.072795
Epoch [90/126], Total Loss: 3.4653, NLL: 3.4547, Masked: 2.6267, Reg: 0.072795
Epoch [91/126], Total Loss: 3.4652, NLL: 3.4547, Masked: 2.6274, Reg: 0.072813
Epoch [92/126], Total Loss: 3.4653, NLL: 3.4547, Masked: 2.6270, Reg: 0.072797
Epoch [93/126], Total Loss: 3.4653, NLL: 3.4547, Masked: 2.6273, Reg: 0.072790
Epoch [94/126], Total Loss: 3.4652, NLL: 3.4547, Masked: 2.6268, Reg: 0.072826
Epoch [95/126], Total Loss: 3.4653, NLL: 3.4547, Masked: 2.6274, Reg: 0.072792
Epoch [96/126], Total Loss: 3.4653, NLL: 3.4547, Masked: 2.6271, Reg: 0.072810
Epoch [97/126], Total Loss: 3.4653, NLL: 3.4547, Masked: 2.6271, Reg: 0.072807
Epoch [98/126], Total Loss: 3.4653, NLL: 3.4547, Masked: 2.6268, Reg: 0.072795
Epoch [99/126], Total Loss: 3.4653, NLL: 3.4547, Masked: 2.6273, Reg: 0.072798
Epoch [100/126], Total Loss: 3.4653, NLL: 3.4547, Masked: 2.6274, Reg: 0.072796
Epoch [101/126], Total Loss: 3.4653, NLL: 3.4547, Masked: 2.6272, Reg: 0.072812
Epoch [102/126], Total Loss: 3.4653, NLL: 3.4547, Masked: 2.6271, Reg: 0.072800
Epoch [103/126], Total Loss: 3.4653, NLL: 3.4547, Masked: 2.6274, Reg: 0.072791
Epoch [104/126], Total Loss: 3.4653, NLL: 3.4547, Masked: 2.6270, Reg: 0.072817
Epoch [105/126], Total Loss: 3.4653, NLL: 3.4547, Masked: 2.6271, Reg: 0.072787
Epoch [106/126], Total Loss: 3.4653, NLL: 3.4547, Masked: 2.6270, Reg: 0.072797
Epoch [107/126], Total Loss: 3.4653, NLL: 3.4547, Masked: 2.6269, Reg: 0.072809
Epoch [108/126], Total Loss: 3.4653, NLL: 3.4547, Masked: 2.6272, Reg: 0.072788
Epoch [109/126], Total Loss: 3.4653, NLL: 3.4547, Masked: 2.6276, Reg: 0.072810
Epoch [110/126], Total Loss: 3.4653, NLL: 3.4547, Masked: 2.6272, Reg: 0.072802
Epoch [111/126], Total Loss: 3.4653, NLL: 3.4547, Masked: 2.6271, Reg: 0.072789
Epoch [112/126], Total Loss: 3.4653, NLL: 3.4547, Masked: 2.6270, Reg: 0.072798
Epoch [113/126], Total Loss: 3.4653, NLL: 3.4547, Masked: 2.6271, Reg: 0.072805
Epoch [114/126], Total Loss: 3.4653, NLL: 3.4547, Masked: 2.6267, Reg: 0.072806
Epoch [115/126], Total Loss: 3.4653, NLL: 3.4547, Masked: 2.6272, Reg: 0.072807
Epoch [116/126], Total Loss: 3.4653, NLL: 3.4547, Masked: 2.6277, Reg: 0.072789
Epoch [117/126], Total Loss: 3.4653, NLL: 3.4547, Masked: 2.6270, Reg: 0.072798
Epoch [118/126], Total Loss: 3.4653, NLL: 3.4547, Masked: 2.6269, Reg: 0.072812
Epoch [119/126], Total Loss: 3.4653, NLL: 3.4547, Masked: 2.6275, Reg: 0.072801
Epoch [120/126], Total Loss: 3.4653, NLL: 3.4547, Masked: 2.6277, Reg: 0.072797
Epoch [121/126], Total Loss: 3.4653, NLL: 3.4547, Masked: 2.6274, Reg: 0.072814
Epoch [122/126], Total Loss: 3.4653, NLL: 3.4547, Masked: 2.6278, Reg: 0.072796
Epoch [123/126], Total Loss: 3.4653, NLL: 3.4547, Masked: 2.6276, Reg: 0.072794
Epoch [124/126], Total Loss: 3.4653, NLL: 3.4547, Masked: 2.6276, Reg: 0.072810
Epoch [125/126], Total Loss: 3.4652, NLL: 3.4547, Masked: 2.6267, Reg: 0.072811
Epoch [126/126], Total Loss: 3.4653, NLL: 3.4547, Masked: 2.6272, Reg: 0.072790

==================================================
EVALUATING ON TRAINING DATA
==================================================

==================================================
TEST RESULTS
==================================================
Total Loss: 3.465644
  - ZINB NLL: 3.455116
Total number of masked values: 1400941
  - Number of values with pi >= 0.45952977697782127: 1400941
  - Number of values with pi < 0.45952977697782127: 0
  - Masked Reconstruction: 2.626985
  - Regularization: 0.072048
Mean Absolute Error (MAE): 2.291898
R² Score: -0.216772
==================================================


==================================================
TEST RESULTS
==================================================
Total Loss: 3.526473
  - ZINB NLL: 3.514973
Total number of masked values: 336307
  - Number of values with pi >= 0.45952977697782127: 336307
  - Number of values with pi < 0.45952977697782127: 0
  - Masked Reconstruction: 2.869576
  - Regularization: 0.072048
Mean Absolute Error (MAE): 2.698895
R² Score: -0.303313
==================================================


>>> Optimizing zinb_nll on VALIDATION set: 3.514973
>>> Full validation metrics: {'total_loss': 3.526472773014518, 'zinb_nll': 3.514973035086152, 'mae': 2.698895215988159, 'r2': -0.30331265926361084, 'masked_loss': 2.8695759717147027, 'reg_loss': 0.07204763296012576}

Iteration No: 8 ended. Evaluation done at random point.
Time taken: 1693.9589
Function value obtained: 3.5150
Current minimum: 1.8414
Iteration No: 9 started. Evaluating function at random point.

================================================================================
Trial with parameters:
  features: Nucl
  data_point_length: 3597
  step_size: 0.25922899518727094
  bin_size: 73
  sample_fraction: 0.8571257846047867
  moving_average: True
  first_layer_size_factor: 13
  num_layers: 6
  use_conv: True
  conv_channel: 74
  pool_size: 7
  kernel_size: 11
  epochs: 118
  batch_size: 32
  noise_level: 0.48730317644480936
  pi_threshold: 0.5783137597380329
  learning_rate: 4.848976344010279e-05
  dropout_rate: 0.0874774635479681
  masked_recon_weight: 8.485420586212664
  regularizer: l2
  regularization_weight: 0.0006695826992968034
================================================================================

Creating datasets with:
  features: ['Nucl']
  bin_size: 73
  moving_average: True
  data_point_length: 3597 (from 3597)
  step_size: 0.25922899518727094
  layers: [np.int64(208), np.int64(104), np.int64(52), np.int64(26), np.int64(13), np.int64(6)] (first=208, num=6)
  stride: 1 (fixed), padding: 0 (fixed)


Clipping outliers using 95th percentile * 1.5...
strain_yTW001: Clipping values above 134.25 (P95=89.50). Clipped 27529/1193409 values (2.31%)
strain_FD: Clipping values above 71.92 (P95=47.94). Clipped 95791/4127807 values (2.32%)
strain_dnrp: Clipping values above 243.00 (P95=162.00). Clipped 25649/1119454 values (2.29%)
strain_yEK19: Clipping values above 77.10 (P95=51.40). Clipped 83713/3893623 values (2.15%)
strain_yEK23: Clipping values above 72.00 (P95=48.00). Clipped 86381/3558407 values (2.43%)
strain_yWT03a: Clipping values above 15.00 (P95=10.00). Clipped 10602/347679 values (3.05%)
strain_yWT04a: Clipping values above 58.50 (P95=39.00). Clipped 21095/725406 values (2.91%)
strain_ylic137: Clipping values above 142.50 (P95=95.00). Clipped 28746/1112684 values (2.58%)
Standardizing features: ['Nucl']
Column order in final array (Dataset/Chrom split): ['Value', 'Nucleosome_Distance', 'Value_Raw', 'Size_Factor']
Removing 0 empty data points out of 58976
Column order in final array (Dataset/Chrom split): ['Value', 'Nucleosome_Distance', 'Value_Raw', 'Size_Factor']
Removing 0 empty data points out of 10528
Column order in final array (Dataset/Chrom split): ['Value', 'Nucleosome_Distance', 'Value_Raw', 'Size_Factor']
Removing 0 empty data points out of 33792
Datasets created:
  Train: (58976, 3597, 4), Val: (10528, 3597, 4), Test: (33792, 3597, 4)

Randomly sampled 50549/58976 samples (85.7%)
Applied denoising with 48.7% masking
Applied denoising with 48.7% masking
Applied denoising with 48.7% masking
Epoch [1/118], Total Loss: 46.1808, NLL: 2.2729, Masked: 5.1745, Reg: 9.570594
Epoch [2/118], Total Loss: 19.8806, NLL: 1.8946, Masked: 2.1196, Reg: 8.883922
Epoch [3/118], Total Loss: 19.6173, NLL: 1.8730, Masked: 2.0912, Reg: 8.188457
Epoch [4/118], Total Loss: 19.5523, NLL: 1.8697, Masked: 2.0839, Reg: 7.532684
Epoch [5/118], Total Loss: 19.5190, NLL: 1.8716, Masked: 2.0797, Reg: 6.908387
Epoch [6/118], Total Loss: 19.4689, NLL: 1.8691, Masked: 2.0741, Reg: 6.315338
Epoch [7/118], Total Loss: 19.4623, NLL: 1.8678, Masked: 2.0735, Reg: 5.751961
Epoch [8/118], Total Loss: 19.4271, NLL: 1.8665, Masked: 2.0695, Reg: 5.216619
Epoch [9/118], Total Loss: 19.4230, NLL: 1.8655, Masked: 2.0691, Reg: 4.710532
Epoch [10/118], Total Loss: 19.3931, NLL: 1.8640, Masked: 2.0658, Reg: 4.231791
Epoch [11/118], Total Loss: 19.3829, NLL: 1.8627, Masked: 2.0647, Reg: 3.782311
Epoch [12/118], Total Loss: 19.3730, NLL: 1.8623, Masked: 2.0636, Reg: 3.359512
Epoch [13/118], Total Loss: 19.3341, NLL: 1.8614, Masked: 2.0591, Reg: 2.964266
Epoch [14/118], Total Loss: 19.3272, NLL: 1.8603, Masked: 2.0585, Reg: 2.596464
Epoch [15/118], Total Loss: 19.3001, NLL: 1.8602, Masked: 2.0553, Reg: 2.256183
Epoch [16/118], Total Loss: 19.2570, NLL: 1.8585, Masked: 2.0504, Reg: 1.941553
Epoch [17/118], Total Loss: 19.2312, NLL: 1.8596, Masked: 2.0472, Reg: 1.655254
Epoch [18/118], Total Loss: 19.2263, NLL: 1.8601, Masked: 2.0466, Reg: 1.395382
Epoch [19/118], Total Loss: 19.2041, NLL: 1.8588, Masked: 2.0441, Reg: 1.162576
Epoch [20/118], Total Loss: 19.1887, NLL: 1.8583, Masked: 2.0424, Reg: 0.956903
Epoch [21/118], Total Loss: 19.1713, NLL: 1.8587, Masked: 2.0403, Reg: 0.776064
Epoch [22/118], Total Loss: 19.1730, NLL: 1.8584, Masked: 2.0405, Reg: 0.621913
Epoch [23/118], Total Loss: 19.1537, NLL: 1.8579, Masked: 2.0383, Reg: 0.492237
Epoch [24/118], Total Loss: 19.1397, NLL: 1.8573, Masked: 2.0367, Reg: 0.387852
Epoch [25/118], Total Loss: 19.1425, NLL: 1.8580, Masked: 2.0370, Reg: 0.307643
Epoch [26/118], Total Loss: 19.1392, NLL: 1.8576, Masked: 2.0366, Reg: 0.249187
Epoch [27/118], Total Loss: 19.1371, NLL: 1.8575, Masked: 2.0364, Reg: 0.211993
Epoch [28/118], Total Loss: 19.1171, NLL: 1.8568, Masked: 2.0341, Reg: 0.191935
Epoch [29/118], Total Loss: 19.1122, NLL: 1.8573, Masked: 2.0335, Reg: 0.185084
Epoch [30/118], Total Loss: 19.1071, NLL: 1.8566, Masked: 2.0330, Reg: 0.183605
Epoch [31/118], Total Loss: 19.1323, NLL: 1.8567, Masked: 2.0359, Reg: 0.182057
Epoch [32/118], Total Loss: 19.1373, NLL: 1.8564, Masked: 2.0365, Reg: 0.181108
Epoch [33/118], Total Loss: 19.0987, NLL: 1.8561, Masked: 2.0320, Reg: 0.181365
Epoch [34/118], Total Loss: 19.1122, NLL: 1.8566, Masked: 2.0336, Reg: 0.179750
Epoch [35/118], Total Loss: 19.1044, NLL: 1.8557, Masked: 2.0327, Reg: 0.179131
Epoch [36/118], Total Loss: 19.1104, NLL: 1.8559, Masked: 2.0334, Reg: 0.177920
Epoch [37/118], Total Loss: 19.1005, NLL: 1.8558, Masked: 2.0323, Reg: 0.177004
Epoch [38/118], Total Loss: 19.1111, NLL: 1.8558, Masked: 2.0335, Reg: 0.176097
Epoch [39/118], Total Loss: 19.0859, NLL: 1.8554, Masked: 2.0306, Reg: 0.175348
Epoch [40/118], Total Loss: 19.0819, NLL: 1.8557, Masked: 2.0301, Reg: 0.174553
Epoch [41/118], Total Loss: 19.0820, NLL: 1.8554, Masked: 2.0301, Reg: 0.174795
Epoch [42/118], Total Loss: 19.0936, NLL: 1.8557, Masked: 2.0315, Reg: 0.173647
Epoch [43/118], Total Loss: 19.0966, NLL: 1.8550, Masked: 2.0319, Reg: 0.172734
Epoch [44/118], Total Loss: 19.0893, NLL: 1.8555, Masked: 2.0310, Reg: 0.172463
Epoch [45/118], Total Loss: 19.0908, NLL: 1.8550, Masked: 2.0312, Reg: 0.172669
Epoch [46/118], Total Loss: 19.0742, NLL: 1.8544, Masked: 2.0293, Reg: 0.172046
Epoch [47/118], Total Loss: 19.0769, NLL: 1.8543, Masked: 2.0297, Reg: 0.170773
Epoch [48/118], Total Loss: 19.0790, NLL: 1.8551, Masked: 2.0298, Reg: 0.170778
Epoch [49/118], Total Loss: 19.0729, NLL: 1.8551, Masked: 2.0291, Reg: 0.170775
Epoch [50/118], Total Loss: 19.0632, NLL: 1.8546, Masked: 2.0280, Reg: 0.170004
Epoch [51/118], Total Loss: 19.0963, NLL: 1.8552, Masked: 2.0319, Reg: 0.169418
Epoch [52/118], Total Loss: 19.0665, NLL: 1.8541, Masked: 2.0285, Reg: 0.169060
Epoch [53/118], Total Loss: 19.0792, NLL: 1.8540, Masked: 2.0300, Reg: 0.169145
Epoch [54/118], Total Loss: 19.0827, NLL: 1.8552, Masked: 2.0302, Reg: 0.168506
Epoch [55/118], Total Loss: 19.0668, NLL: 1.8542, Masked: 2.0285, Reg: 0.168002
Epoch [56/118], Total Loss: 19.0507, NLL: 1.8545, Masked: 2.0266, Reg: 0.167822
Epoch [57/118], Total Loss: 19.0709, NLL: 1.8541, Masked: 2.0290, Reg: 0.167602
Epoch [58/118], Total Loss: 19.0289, NLL: 1.8536, Masked: 2.0241, Reg: 0.167843
Epoch [59/118], Total Loss: 19.0628, NLL: 1.8539, Masked: 2.0281, Reg: 0.167399
Epoch [60/118], Total Loss: 19.0573, NLL: 1.8542, Masked: 2.0274, Reg: 0.167143
Epoch [61/118], Total Loss: 19.0508, NLL: 1.8542, Masked: 2.0266, Reg: 0.167234
Epoch [62/118], Total Loss: 19.0843, NLL: 1.8539, Masked: 2.0306, Reg: 0.167375
Epoch [63/118], Total Loss: 19.0585, NLL: 1.8536, Masked: 2.0276, Reg: 0.166720
Epoch [64/118], Total Loss: 19.0418, NLL: 1.8537, Masked: 2.0256, Reg: 0.166215
Epoch [65/118], Total Loss: 19.0595, NLL: 1.8540, Masked: 2.0277, Reg: 0.166007
Epoch [66/118], Total Loss: 19.0548, NLL: 1.8535, Masked: 2.0272, Reg: 0.165923
Epoch [67/118], Total Loss: 19.0630, NLL: 1.8541, Masked: 2.0281, Reg: 0.165141
Epoch [68/118], Total Loss: 19.0488, NLL: 1.8541, Masked: 2.0264, Reg: 0.164896
Epoch [69/118], Total Loss: 19.0751, NLL: 1.8552, Masked: 2.0294, Reg: 0.164505
Epoch [70/118], Total Loss: 19.0458, NLL: 1.8538, Masked: 2.0261, Reg: 0.164231
Epoch [71/118], Total Loss: 19.0631, NLL: 1.8540, Masked: 2.0281, Reg: 0.163985
Epoch [72/118], Total Loss: 19.0577, NLL: 1.8534, Masked: 2.0275, Reg: 0.163516
Epoch [73/118], Total Loss: 19.0645, NLL: 1.8535, Masked: 2.0283, Reg: 0.163963
Epoch [74/118], Total Loss: 19.0398, NLL: 1.8538, Masked: 2.0254, Reg: 0.164781
Epoch [75/118], Total Loss: 19.0292, NLL: 1.8537, Masked: 2.0241, Reg: 0.164796
Epoch [76/118], Total Loss: 19.0517, NLL: 1.8535, Masked: 2.0268, Reg: 0.164227
Epoch [77/118], Total Loss: 19.0354, NLL: 1.8534, Masked: 2.0249, Reg: 0.164223
Epoch [78/118], Total Loss: 19.0449, NLL: 1.8534, Masked: 2.0260, Reg: 0.164141
Epoch [79/118], Total Loss: 19.0354, NLL: 1.8532, Masked: 2.0249, Reg: 0.164127
Epoch [80/118], Total Loss: 19.0453, NLL: 1.8531, Masked: 2.0261, Reg: 0.163779
Epoch [81/118], Total Loss: 19.0160, NLL: 1.8530, Masked: 2.0226, Reg: 0.163723
Epoch [82/118], Total Loss: 19.0435, NLL: 1.8533, Masked: 2.0259, Reg: 0.163509
Epoch [83/118], Total Loss: 19.0507, NLL: 1.8532, Masked: 2.0267, Reg: 0.163374
Epoch [84/118], Total Loss: 19.0135, NLL: 1.8529, Masked: 2.0224, Reg: 0.163623
Epoch [85/118], Total Loss: 19.0360, NLL: 1.8538, Masked: 2.0249, Reg: 0.163513
Epoch [86/118], Total Loss: 19.0309, NLL: 1.8531, Masked: 2.0244, Reg: 0.163075
Epoch [87/118], Total Loss: 19.0423, NLL: 1.8534, Masked: 2.0257, Reg: 0.162948
Epoch [88/118], Total Loss: 19.0335, NLL: 1.8532, Masked: 2.0247, Reg: 0.163228
Epoch [89/118], Total Loss: 19.0304, NLL: 1.8530, Masked: 2.0243, Reg: 0.163083
Epoch [90/118], Total Loss: 19.0304, NLL: 1.8533, Masked: 2.0243, Reg: 0.163369
Epoch [91/118], Total Loss: 19.0299, NLL: 1.8534, Masked: 2.0242, Reg: 0.163568
Epoch [92/118], Total Loss: 19.0374, NLL: 1.8527, Masked: 2.0252, Reg: 0.162962
Epoch [93/118], Total Loss: 19.0413, NLL: 1.8531, Masked: 2.0256, Reg: 0.162418
Epoch [94/118], Total Loss: 19.0512, NLL: 1.8532, Masked: 2.0268, Reg: 0.163161
Epoch [95/118], Total Loss: 19.0476, NLL: 1.8530, Masked: 2.0264, Reg: 0.162677
Epoch [96/118], Total Loss: 19.0246, NLL: 1.8529, Masked: 2.0237, Reg: 0.162386
Epoch [97/118], Total Loss: 19.0525, NLL: 1.8530, Masked: 2.0269, Reg: 0.161695
Epoch [98/118], Total Loss: 19.0248, NLL: 1.8529, Masked: 2.0237, Reg: 0.162614
Epoch [99/118], Total Loss: 19.0273, NLL: 1.8527, Masked: 2.0240, Reg: 0.162898
Epoch [100/118], Total Loss: 19.0167, NLL: 1.8527, Masked: 2.0228, Reg: 0.162894
Epoch [101/118], Total Loss: 19.0322, NLL: 1.8528, Masked: 2.0246, Reg: 0.162367
Epoch [102/118], Total Loss: 19.0409, NLL: 1.8533, Masked: 2.0255, Reg: 0.163063
Epoch [103/118], Total Loss: 19.0268, NLL: 1.8528, Masked: 2.0239, Reg: 0.162117
Epoch [104/118], Total Loss: 19.0193, NLL: 1.8527, Masked: 2.0231, Reg: 0.162267
Epoch [105/118], Total Loss: 19.0336, NLL: 1.8529, Masked: 2.0247, Reg: 0.162420
Epoch [106/118], Total Loss: 19.0315, NLL: 1.8526, Masked: 2.0245, Reg: 0.162768
Epoch [107/118], Total Loss: 19.0330, NLL: 1.8530, Masked: 2.0247, Reg: 0.162687
Epoch [108/118], Total Loss: 19.0168, NLL: 1.8526, Masked: 2.0228, Reg: 0.163248
Epoch [109/118], Total Loss: 19.0082, NLL: 1.8525, Masked: 2.0218, Reg: 0.163143
Epoch [110/118], Total Loss: 19.0235, NLL: 1.8526, Masked: 2.0236, Reg: 0.163244
Epoch [111/118], Total Loss: 18.9968, NLL: 1.8524, Masked: 2.0205, Reg: 0.163702
Epoch [112/118], Total Loss: 19.0226, NLL: 1.8520, Masked: 2.0235, Reg: 0.163098
Epoch [113/118], Total Loss: 18.9971, NLL: 1.8520, Masked: 2.0205, Reg: 0.162776
Epoch [114/118], Total Loss: 19.0042, NLL: 1.8517, Masked: 2.0214, Reg: 0.162654
Epoch [115/118], Total Loss: 19.0214, NLL: 1.8521, Masked: 2.0234, Reg: 0.161659
Epoch [116/118], Total Loss: 19.0277, NLL: 1.8523, Masked: 2.0241, Reg: 0.161245
Epoch [117/118], Total Loss: 19.0229, NLL: 1.8522, Masked: 2.0236, Reg: 0.161294
Epoch [118/118], Total Loss: 19.0196, NLL: 1.8526, Masked: 2.0231, Reg: 0.161862

==================================================
EVALUATING ON TRAINING DATA
==================================================

==================================================
TEST RESULTS
==================================================
Total Loss: 19.095201
  - ZINB NLL: 1.813734
Total number of masked values: 78890866
  - Number of values with pi >= 0.5783137597380329: 0
  - Number of values with pi < 0.5783137597380329: 78890866
  - Masked Reconstruction: 2.036607
  - Regularization: 0.161689
Mean Absolute Error (MAE): 1.938535
R² Score: 0.293328
==================================================


==================================================
TEST RESULTS
==================================================
Total Loss: 20.715469
  - ZINB NLL: 1.951457
Total number of masked values: 16708291
  - Number of values with pi >= 0.5783137597380329: 0
  - Number of values with pi < 0.5783137597380329: 16708291
  - Masked Reconstruction: 2.211324
  - Regularization: 0.161689
Mean Absolute Error (MAE): 2.171602
R² Score: 0.220506
==================================================


>>> Optimizing zinb_nll on VALIDATION set: 1.951457
>>> Full validation metrics: {'total_loss': 20.715469308174853, 'zinb_nll': 1.9514574404907807, 'mae': 2.1716020107269287, 'r2': 0.22050601243972778, 'masked_loss': 2.211323813464504, 'reg_loss': 0.16168876352715075}

Iteration No: 9 ended. Evaluation done at random point.
Time taken: 2181.7499
Function value obtained: 1.9515
Current minimum: 1.8414
Iteration No: 10 started. Evaluating function at random point.

================================================================================
Trial with parameters:
  features: Nucl
  data_point_length: 9671
  step_size: 0.5803787809267429
  bin_size: 89
  sample_fraction: 0.3915303312560346
  moving_average: True
  first_layer_size_factor: 71
  num_layers: 5
  use_conv: False
  conv_channel: 61
  pool_size: 7
  kernel_size: 13
  epochs: 142
  batch_size: 128
  noise_level: 0.6020894292428058
  pi_threshold: 0.5322746485745818
  learning_rate: 0.00013087247018378015
  dropout_rate: 0.4700667212288893
  masked_recon_weight: 7.846127244566436
  regularizer: l1
  regularization_weight: 0.001372609569658254
================================================================================

Creating datasets with:
  features: ['Nucl']
  bin_size: 89
  moving_average: True
  data_point_length: 9671 (from 9671)
  step_size: 0.5803787809267429
  layers: [np.int64(1136), np.int64(568), np.int64(284), np.int64(142), np.int64(71)] (first=1136, num=5)
  stride: 1 (fixed), padding: 0 (fixed)


Clipping outliers using 95th percentile * 1.5...
strain_yTW001: Clipping values above 134.25 (P95=89.50). Clipped 27529/1193409 values (2.31%)
strain_FD: Clipping values above 71.92 (P95=47.94). Clipped 95791/4127807 values (2.32%)
strain_dnrp: Clipping values above 243.00 (P95=162.00). Clipped 25649/1119454 values (2.29%)
strain_yEK19: Clipping values above 77.10 (P95=51.40). Clipped 83713/3893623 values (2.15%)
strain_yEK23: Clipping values above 72.00 (P95=48.00). Clipped 86381/3558407 values (2.43%)
strain_yWT03a: Clipping values above 15.00 (P95=10.00). Clipped 10602/347679 values (3.05%)
strain_yWT04a: Clipping values above 58.50 (P95=39.00). Clipped 21095/725406 values (2.91%)
strain_ylic137: Clipping values above 142.50 (P95=95.00). Clipped 28746/1112684 values (2.58%)
Standardizing features: ['Nucl']
Column order in final array (Dataset/Chrom split): ['Value', 'Nucleosome_Distance', 'Value_Raw', 'Size_Factor']
Removing 0 empty data points out of 9816
Column order in final array (Dataset/Chrom split): ['Value', 'Nucleosome_Distance', 'Value_Raw', 'Size_Factor']
Removing 0 empty data points out of 1752
Column order in final array (Dataset/Chrom split): ['Value', 'Nucleosome_Distance', 'Value_Raw', 'Size_Factor']
Removing 0 empty data points out of 5624
Datasets created:
  Train: (9816, 9671, 4), Val: (1752, 9671, 4), Test: (5624, 9671, 4)

Randomly sampled 3843/9816 samples (39.2%)
Applied denoising with 60.2% masking
Applied denoising with 60.2% masking
Applied denoising with 60.2% masking
Epoch [1/142], Total Loss: 363.0999, NLL: 3.1671, Masked: 26.8589, Reg: 149.194115
Epoch [2/142], Total Loss: 273.9097, NLL: 3.0937, Masked: 24.2255, Reg: 80.739777
Epoch [3/142], Total Loss: 141.2060, NLL: 2.4583, Masked: 7.3748, Reg: 80.884062
Epoch [4/142], Total Loss: 87.7126, NLL: 2.1921, Masked: 2.2278, Reg: 68.041015
Epoch [5/142], Total Loss: 76.8209, NLL: 2.2149, Masked: 2.2087, Reg: 57.276001
Epoch [6/142], Total Loss: 70.6740, NLL: 2.2265, Masked: 2.2042, Reg: 51.153100
Epoch [7/142], Total Loss: 66.3074, NLL: 2.2290, Masked: 2.2129, Reg: 46.715477
Epoch [8/142], Total Loss: 62.8252, NLL: 2.2239, Masked: 2.2037, Reg: 43.310912
Epoch [9/142], Total Loss: 60.2826, NLL: 2.2212, Masked: 2.1967, Reg: 40.825765
Epoch [10/142], Total Loss: 58.4460, NLL: 2.2123, Masked: 2.1998, Reg: 38.974060
Epoch [11/142], Total Loss: 57.1903, NLL: 2.2235, Masked: 2.1991, Reg: 37.712210
Epoch [12/142], Total Loss: 56.1804, NLL: 2.2062, Masked: 2.1923, Reg: 36.773431
Epoch [13/142], Total Loss: 55.5150, NLL: 2.2073, Masked: 2.1918, Reg: 36.110303
Epoch [14/142], Total Loss: 54.7975, NLL: 2.2090, Masked: 2.1960, Reg: 35.358379
Epoch [15/142], Total Loss: 54.2185, NLL: 2.2012, Masked: 2.1899, Reg: 34.835285
Epoch [16/142], Total Loss: 53.7771, NLL: 2.2075, Masked: 2.1933, Reg: 34.360962
Epoch [17/142], Total Loss: 53.2472, NLL: 2.1930, Masked: 2.1908, Reg: 33.864584
Epoch [18/142], Total Loss: 53.0724, NLL: 2.1829, Masked: 2.1894, Reg: 33.711377
Epoch [19/142], Total Loss: 52.6526, NLL: 2.1654, Masked: 2.1768, Reg: 33.407533
Epoch [20/142], Total Loss: 52.4988, NLL: 2.1626, Masked: 2.1734, Reg: 33.283482
Epoch [21/142], Total Loss: 52.3061, NLL: 2.1642, Masked: 2.1875, Reg: 32.978240
Epoch [22/142], Total Loss: 51.9355, NLL: 2.1568, Masked: 2.1733, Reg: 32.726634
Epoch [23/142], Total Loss: 51.6830, NLL: 2.1589, Masked: 2.1689, Reg: 32.506252
Epoch [24/142], Total Loss: 51.4576, NLL: 2.1546, Masked: 2.1666, Reg: 32.303625
Epoch [25/142], Total Loss: 51.2415, NLL: 2.1535, Masked: 2.1711, Reg: 32.053636
Epoch [26/142], Total Loss: 51.0597, NLL: 2.1492, Masked: 2.1623, Reg: 31.944996
Epoch [27/142], Total Loss: 50.8803, NLL: 2.1406, Masked: 2.1685, Reg: 31.725157
Epoch [28/142], Total Loss: 50.7057, NLL: 2.1522, Masked: 2.1706, Reg: 31.522321
Epoch [29/142], Total Loss: 50.5021, NLL: 2.1507, Masked: 2.1689, Reg: 31.333861
Epoch [30/142], Total Loss: 50.3692, NLL: 2.1467, Masked: 2.1667, Reg: 31.222435
Epoch [31/142], Total Loss: 50.2480, NLL: 2.1470, Masked: 2.1688, Reg: 31.084149
Epoch [32/142], Total Loss: 50.2107, NLL: 2.1569, Masked: 2.1716, Reg: 31.014837
Epoch [33/142], Total Loss: 50.0062, NLL: 2.1480, Masked: 2.1642, Reg: 30.877807
Epoch [34/142], Total Loss: 49.8780, NLL: 2.1442, Masked: 2.1686, Reg: 30.718805
Epoch [35/142], Total Loss: 49.8580, NLL: 2.1350, Masked: 2.1675, Reg: 30.716856
Epoch [36/142], Total Loss: 49.6118, NLL: 2.1593, Masked: 2.1732, Reg: 30.401518
Epoch [37/142], Total Loss: 49.4902, NLL: 2.1479, Masked: 2.1651, Reg: 30.354376
Epoch [38/142], Total Loss: 49.4983, NLL: 2.1576, Masked: 2.1675, Reg: 30.334052
Epoch [39/142], Total Loss: 49.3276, NLL: 2.1513, Masked: 2.1673, Reg: 30.171438
Epoch [40/142], Total Loss: 49.1726, NLL: 2.1505, Masked: 2.1683, Reg: 30.009656
Epoch [41/142], Total Loss: 49.2260, NLL: 2.1514, Masked: 2.1676, Reg: 30.067337
Epoch [42/142], Total Loss: 49.0974, NLL: 2.1570, Masked: 2.1739, Reg: 29.884007
Epoch [43/142], Total Loss: 48.9521, NLL: 2.1494, Masked: 2.1676, Reg: 29.795716
Epoch [44/142], Total Loss: 48.9406, NLL: 2.1401, Masked: 2.1681, Reg: 29.788904
Epoch [45/142], Total Loss: 48.9026, NLL: 2.1393, Masked: 2.1684, Reg: 29.749800
Epoch [46/142], Total Loss: 48.5934, NLL: 2.1538, Masked: 2.1679, Reg: 29.429747
Epoch [47/142], Total Loss: 48.6876, NLL: 2.1442, Masked: 2.1697, Reg: 29.519852
Epoch [48/142], Total Loss: 48.4375, NLL: 2.1533, Masked: 2.1672, Reg: 29.279705
Epoch [49/142], Total Loss: 48.4493, NLL: 2.1499, Masked: 2.1704, Reg: 29.270039
Epoch [50/142], Total Loss: 48.2694, NLL: 2.1449, Masked: 2.1614, Reg: 29.165632
Epoch [51/142], Total Loss: 48.1066, NLL: 2.1516, Masked: 2.1680, Reg: 28.944779
Epoch [52/142], Total Loss: 48.0423, NLL: 2.1603, Masked: 2.1735, Reg: 28.828230
Epoch [53/142], Total Loss: 48.0806, NLL: 2.1511, Masked: 2.1648, Reg: 28.944165
Epoch [54/142], Total Loss: 48.1835, NLL: 2.1511, Masked: 2.1744, Reg: 28.972034
Epoch [55/142], Total Loss: 47.8209, NLL: 2.1405, Masked: 2.1631, Reg: 28.708314
Epoch [56/142], Total Loss: 47.8633, NLL: 2.1663, Masked: 2.1773, Reg: 28.613285
Epoch [57/142], Total Loss: 47.7316, NLL: 2.1597, Masked: 2.1769, Reg: 28.491964
Epoch [58/142], Total Loss: 47.7547, NLL: 2.1720, Masked: 2.1787, Reg: 28.488706
Epoch [59/142], Total Loss: 47.4979, NLL: 2.1504, Masked: 2.1688, Reg: 28.331174
Epoch [60/142], Total Loss: 47.5405, NLL: 2.1526, Masked: 2.1593, Reg: 28.445661
Epoch [61/142], Total Loss: 47.4156, NLL: 2.1395, Masked: 2.1667, Reg: 28.275663
Epoch [62/142], Total Loss: 47.2793, NLL: 2.1428, Masked: 2.1641, Reg: 28.156878
Epoch [63/142], Total Loss: 47.1835, NLL: 2.1408, Masked: 2.1700, Reg: 28.016434
Epoch [64/142], Total Loss: 47.4467, NLL: 2.1592, Masked: 2.1719, Reg: 28.246354
Epoch [65/142], Total Loss: 47.2325, NLL: 2.1565, Masked: 2.1724, Reg: 28.030992
Epoch [66/142], Total Loss: 47.0647, NLL: 2.1564, Masked: 2.1701, Reg: 27.881075
Epoch [67/142], Total Loss: 47.0598, NLL: 2.1501, Masked: 2.1655, Reg: 27.919027
Epoch [68/142], Total Loss: 46.8947, NLL: 2.1645, Masked: 2.1730, Reg: 27.680512
Epoch [69/142], Total Loss: 46.9144, NLL: 2.1409, Masked: 2.1725, Reg: 27.727654
Epoch [70/142], Total Loss: 46.9063, NLL: 2.1350, Masked: 2.1609, Reg: 27.816371
Epoch [71/142], Total Loss: 46.8865, NLL: 2.1562, Masked: 2.1698, Reg: 27.705881
Epoch [72/142], Total Loss: 46.6458, NLL: 2.1494, Masked: 2.1667, Reg: 27.496400
Epoch [73/142], Total Loss: 46.6995, NLL: 2.1649, Masked: 2.1673, Reg: 27.529618
Epoch [74/142], Total Loss: 46.5587, NLL: 2.1507, Masked: 2.1710, Reg: 27.373983
Epoch [75/142], Total Loss: 46.5259, NLL: 2.1681, Masked: 2.1741, Reg: 27.299866
Epoch [76/142], Total Loss: 46.4584, NLL: 2.1599, Masked: 2.1714, Reg: 27.261750
Epoch [77/142], Total Loss: 46.2994, NLL: 2.1441, Masked: 2.1644, Reg: 27.172925
Epoch [78/142], Total Loss: 46.1430, NLL: 2.1503, Masked: 2.1646, Reg: 27.009052
Epoch [79/142], Total Loss: 46.1063, NLL: 2.1524, Masked: 2.1742, Reg: 26.894521
Epoch [80/142], Total Loss: 46.2703, NLL: 2.1550, Masked: 2.1739, Reg: 27.058670
Epoch [81/142], Total Loss: 46.4456, NLL: 2.1690, Masked: 2.1777, Reg: 27.190432
Epoch [82/142], Total Loss: 46.0989, NLL: 2.1519, Masked: 2.1673, Reg: 26.941889
Epoch [83/142], Total Loss: 46.0034, NLL: 2.1560, Masked: 2.1676, Reg: 26.839769
Epoch [84/142], Total Loss: 45.8637, NLL: 2.1433, Masked: 2.1662, Reg: 26.723747
Epoch [85/142], Total Loss: 45.7477, NLL: 2.1359, Masked: 2.1634, Reg: 26.637169
Epoch [86/142], Total Loss: 45.8029, NLL: 2.1423, Masked: 2.1684, Reg: 26.647183
Epoch [87/142], Total Loss: 45.8143, NLL: 2.1529, Masked: 2.1690, Reg: 26.643544
Epoch [88/142], Total Loss: 45.7251, NLL: 2.1569, Masked: 2.1761, Reg: 26.494218
Epoch [89/142], Total Loss: 45.5747, NLL: 2.1607, Masked: 2.1716, Reg: 26.374980
Epoch [90/142], Total Loss: 45.5844, NLL: 2.1486, Masked: 2.1706, Reg: 26.405285
Epoch [91/142], Total Loss: 45.4374, NLL: 2.1531, Masked: 2.1714, Reg: 26.247270
Epoch [92/142], Total Loss: 45.4343, NLL: 2.1431, Masked: 2.1681, Reg: 26.280262
Epoch [93/142], Total Loss: 45.3176, NLL: 2.1377, Masked: 2.1636, Reg: 26.203643
Epoch [94/142], Total Loss: 45.4197, NLL: 2.1607, Masked: 2.1713, Reg: 26.222788
Epoch [95/142], Total Loss: 45.2764, NLL: 2.1586, Masked: 2.1784, Reg: 26.025542
Epoch [96/142], Total Loss: 45.1723, NLL: 2.1568, Masked: 2.1692, Reg: 25.995754
Epoch [97/142], Total Loss: 45.1827, NLL: 2.1460, Masked: 2.1635, Reg: 26.061641
Epoch [98/142], Total Loss: 45.0776, NLL: 2.1245, Masked: 2.1634, Reg: 25.978980
Epoch [99/142], Total Loss: 45.3794, NLL: 2.1559, Masked: 2.1710, Reg: 26.189675
Epoch [100/142], Total Loss: 45.0483, NLL: 2.1522, Masked: 2.1714, Reg: 25.858876
Epoch [101/142], Total Loss: 44.9551, NLL: 2.1588, Masked: 2.1671, Reg: 25.792929
Epoch [102/142], Total Loss: 44.8897, NLL: 2.1468, Masked: 2.1737, Reg: 25.688215
Epoch [103/142], Total Loss: 44.8161, NLL: 2.1558, Masked: 2.1769, Reg: 25.580162
Epoch [104/142], Total Loss: 44.7139, NLL: 2.1607, Masked: 2.1730, Reg: 25.503705
Epoch [105/142], Total Loss: 44.7839, NLL: 2.1438, Masked: 2.1707, Reg: 25.608069
Epoch [106/142], Total Loss: 44.6460, NLL: 2.1380, Masked: 2.1624, Reg: 25.541550
Epoch [107/142], Total Loss: 44.6030, NLL: 2.1484, Masked: 2.1694, Reg: 25.432917
Epoch [108/142], Total Loss: 44.7086, NLL: 2.1535, Masked: 2.1693, Reg: 25.534282
Epoch [109/142], Total Loss: 44.5323, NLL: 2.1327, Masked: 2.1672, Reg: 25.395074
Epoch [110/142], Total Loss: 44.5009, NLL: 2.1384, Masked: 2.1708, Reg: 25.329778
Epoch [111/142], Total Loss: 44.4366, NLL: 2.1254, Masked: 2.1558, Reg: 25.396396
Epoch [112/142], Total Loss: 44.4442, NLL: 2.1257, Masked: 2.1719, Reg: 25.277356
Epoch [113/142], Total Loss: 44.3460, NLL: 2.1389, Masked: 2.1655, Reg: 25.216402
Epoch [114/142], Total Loss: 44.4358, NLL: 2.1530, Masked: 2.1652, Reg: 25.294672
Epoch [115/142], Total Loss: 44.4037, NLL: 2.1399, Masked: 2.1707, Reg: 25.232020
Epoch [116/142], Total Loss: 44.2388, NLL: 2.1570, Masked: 2.1654, Reg: 25.091829
Epoch [117/142], Total Loss: 44.1318, NLL: 2.1456, Masked: 2.1681, Reg: 24.974779
Epoch [118/142], Total Loss: 44.1916, NLL: 2.1520, Masked: 2.1726, Reg: 24.993446
Epoch [119/142], Total Loss: 43.9588, NLL: 2.1346, Masked: 2.1740, Reg: 24.766817
Epoch [120/142], Total Loss: 43.9034, NLL: 2.1377, Masked: 2.1715, Reg: 24.728026
Epoch [121/142], Total Loss: 44.1267, NLL: 2.1346, Masked: 2.1659, Reg: 24.998426
Epoch [122/142], Total Loss: 43.8529, NLL: 2.1420, Masked: 2.1631, Reg: 24.738750
Epoch [123/142], Total Loss: 43.7619, NLL: 2.1497, Masked: 2.1736, Reg: 24.558047
Epoch [124/142], Total Loss: 43.7684, NLL: 2.1548, Masked: 2.1717, Reg: 24.574250
Epoch [125/142], Total Loss: 43.6540, NLL: 2.1405, Masked: 2.1695, Reg: 24.491711
Epoch [126/142], Total Loss: 43.6208, NLL: 2.1519, Masked: 2.1668, Reg: 24.467702
Epoch [127/142], Total Loss: 43.4599, NLL: 2.1521, Masked: 2.1670, Reg: 24.305388
Epoch [128/142], Total Loss: 43.4346, NLL: 2.1482, Masked: 2.1675, Reg: 24.280295
Epoch [129/142], Total Loss: 43.5051, NLL: 2.1455, Masked: 2.1728, Reg: 24.311393
Epoch [130/142], Total Loss: 43.4916, NLL: 2.1498, Masked: 2.1714, Reg: 24.304346
Epoch [131/142], Total Loss: 43.3390, NLL: 2.1375, Masked: 2.1666, Reg: 24.201958
Epoch [132/142], Total Loss: 43.1705, NLL: 2.1469, Masked: 2.1684, Reg: 24.010445
Epoch [133/142], Total Loss: 43.7823, NLL: 2.1515, Masked: 2.1742, Reg: 24.571383
Epoch [134/142], Total Loss: 43.1940, NLL: 2.1520, Masked: 2.1746, Reg: 23.979735
Epoch [135/142], Total Loss: 43.0477, NLL: 2.1600, Masked: 2.1705, Reg: 23.857532
Epoch [136/142], Total Loss: 43.0554, NLL: 2.1455, Masked: 2.1773, Reg: 23.826120
Epoch [137/142], Total Loss: 43.0594, NLL: 2.1468, Masked: 2.1684, Reg: 23.899299
Epoch [138/142], Total Loss: 43.0351, NLL: 2.1493, Masked: 2.1701, Reg: 23.858873
Epoch [139/142], Total Loss: 43.0647, NLL: 2.1525, Masked: 2.1694, Reg: 23.890661
Epoch [140/142], Total Loss: 42.9974, NLL: 2.1465, Masked: 2.1712, Reg: 23.815674
Epoch [141/142], Total Loss: 42.9313, NLL: 2.1435, Masked: 2.1716, Reg: 23.749442
Epoch [142/142], Total Loss: 42.8596, NLL: 2.1558, Masked: 2.1708, Reg: 23.671645

==================================================
EVALUATING ON TRAINING DATA
==================================================

==================================================
TEST RESULTS
==================================================
Total Loss: 43.066114
  - ZINB NLL: 2.225346
Total number of masked values: 20391057
  - Number of values with pi >= 0.5322746485745818: 0
  - Number of values with pi < 0.5322746485745818: 20391057
  - Masked Reconstruction: 2.171060
  - Regularization: 23.806361
Mean Absolute Error (MAE): 2.069031
R² Score: -0.052001
==================================================


==================================================
TEST RESULTS
==================================================
Total Loss: 45.669472
  - ZINB NLL: 2.494608
Total number of masked values: 9421929
  - Number of values with pi >= 0.5322746485745818: 0
  - Number of values with pi < 0.5322746485745818: 9421929
  - Masked Reconstruction: 2.468543
  - Regularization: 23.806361
Mean Absolute Error (MAE): 2.409242
R² Score: -0.098818
==================================================


>>> Optimizing zinb_nll on VALIDATION set: 2.494608
>>> Full validation metrics: {'total_loss': 45.66947158395428, 'zinb_nll': 2.494607790964379, 'mae': 2.4092423915863037, 'r2': -0.09881830215454102, 'masked_loss': 2.468543258976174, 'reg_loss': 23.806360757322352}

Iteration No: 10 ended. Evaluation done at random point.
Time taken: 691.9872
Function value obtained: 2.4946
Current minimum: 1.8414
Iteration No: 11 started. Evaluating function at random point.

================================================================================
Trial with parameters:
  features: Centr
  data_point_length: 4760
  step_size: 0.9947345894802798
  bin_size: 22
  sample_fraction: 0.26355652271164065
  moving_average: True
  first_layer_size_factor: 21
  num_layers: 3
  use_conv: False
  conv_channel: 97
  pool_size: 4
  kernel_size: 9
  epochs: 91
  batch_size: 64
  noise_level: 0.2254156367450258
  pi_threshold: 0.5359483390242176
  learning_rate: 0.008643279852325401
  dropout_rate: 0.2433710764797276
  masked_recon_weight: 4.211096085003156
  regularizer: l2
  regularization_weight: 0.0028219470065525523
================================================================================

Creating datasets with:
  features: ['Centr']
  bin_size: 22
  moving_average: True
  data_point_length: 4760 (from 4760)
  step_size: 0.9947345894802798
  layers: [np.int64(336), np.int64(168), np.int64(84)] (first=336, num=3)
  stride: 1 (fixed), padding: 0 (fixed)


Clipping outliers using 95th percentile * 1.5...
strain_yTW001: Clipping values above 134.25 (P95=89.50). Clipped 27529/1193409 values (2.31%)
strain_FD: Clipping values above 71.92 (P95=47.94). Clipped 95791/4127807 values (2.32%)
strain_dnrp: Clipping values above 243.00 (P95=162.00). Clipped 25649/1119454 values (2.29%)
strain_yEK19: Clipping values above 77.10 (P95=51.40). Clipped 83713/3893623 values (2.15%)
strain_yEK23: Clipping values above 72.00 (P95=48.00). Clipped 86381/3558407 values (2.43%)
strain_yWT03a: Clipping values above 15.00 (P95=10.00). Clipped 10602/347679 values (3.05%)
strain_yWT04a: Clipping values above 58.50 (P95=39.00). Clipped 21095/725406 values (2.91%)
strain_ylic137: Clipping values above 142.50 (P95=95.00). Clipped 28746/1112684 values (2.58%)
Standardizing features: ['Centr']
Column order in final array (Dataset/Chrom split): ['Value', 'Centromere_Distance', 'Value_Raw', 'Size_Factor']
Removing 0 empty data points out of 11680
Column order in final array (Dataset/Chrom split): ['Value', 'Centromere_Distance', 'Value_Raw', 'Size_Factor']
Removing 0 empty data points out of 2088
Column order in final array (Dataset/Chrom split): ['Value', 'Centromere_Distance', 'Value_Raw', 'Size_Factor']
Removing 0 empty data points out of 6680
Datasets created:
  Train: (11680, 4760, 4), Val: (2088, 4760, 4), Test: (6680, 4760, 4)

Randomly sampled 3078/11680 samples (26.4%)
Applied denoising with 22.5% masking
Applied denoising with 22.5% masking
Applied denoising with 22.5% masking
Epoch [1/91], Total Loss: 521814.0993, NLL: 13.9500, Masked: 123910.7609, Reg: 47.306457
Epoch [2/91], Total Loss: 5046280.5411, NLL: 25.4501, Masked: 1198323.3721, Reg: 28.717319
Epoch [3/91], Total Loss: 6438376.3491, NLL: 44.2564, Masked: 1528896.9271, Reg: 16.684868
Epoch [4/91], Total Loss: 1997586.7756, NLL: 14.2259, Masked: 474359.2662, Reg: 10.175538
Epoch [5/91], Total Loss: 1429545.9408, NLL: 8.3745, Masked: 339469.2146, Reg: 5.845336
Epoch [6/91], Total Loss: 629555.6348, NLL: 8.7744, Masked: 149497.1427, Reg: 3.212049
Epoch [7/91], Total Loss: 921840.7219, NLL: 9.2377, Masked: 218905.3468, Reg: 2.450910
Epoch [8/91], Total Loss: 713274.8695, NLL: 6.0467, Masked: 169378.4167, Reg: 3.018158
Epoch [9/91], Total Loss: 550847.7768, NLL: 5.6237, Masked: 130807.3048, Reg: 1.875219
Epoch [10/91], Total Loss: 1437221.2419, NLL: 9.9703, Masked: 341291.4830, Reg: 1.549654
Epoch [11/91], Total Loss: 6400495.9192, NLL: 30.6552, Masked: 1519904.7415, Reg: 2.492484
Epoch [12/91], Total Loss: 1532817.2452, NLL: 15.0262, Masked: 363991.2473, Reg: 2.641621
Epoch [13/91], Total Loss: 557104.6534, NLL: 6.1081, Masked: 132292.9963, Reg: 2.293920
Epoch [14/91], Total Loss: 2377620.5448, NLL: 17.2902, Masked: 564604.3430, Reg: 2.284785
Epoch [15/91], Total Loss: 1445589.4406, NLL: 12.2935, Masked: 343278.1089, Reg: 3.361744
Epoch [16/91], Total Loss: 3558127.6557, NLL: 20.2911, Masked: 844936.1161, Reg: 3.076810
Epoch [17/91], Total Loss: 2108253.1263, NLL: 9.0315, Masked: 500640.1952, Reg: 3.576661
Epoch [18/91], Total Loss: 1500628.2145, NLL: 6.5378, Masked: 356349.4132, Reg: 3.480798
Epoch [19/91], Total Loss: 631914.2472, NLL: 5.0872, Masked: 150058.1126, Reg: 2.938014
Epoch [20/91], Total Loss: 2426594.4731, NLL: 18.2400, Masked: 576233.8516, Reg: 3.503688
Epoch [21/91], Total Loss: 114801.7295, NLL: 2.4469, Masked: 27261.1396, Reg: 3.327513
Epoch [22/91], Total Loss: 336175.5562, NLL: 3.0567, Masked: 79830.1644, Reg: 3.629141
Epoch [23/91], Total Loss: 283723.3989, NLL: 2.8516, Masked: 67374.5093, Reg: 2.843460
Epoch [24/91], Total Loss: 377476.6100, NLL: 4.0094, Masked: 89637.6092, Reg: 3.181411
Epoch [25/91], Total Loss: 1277465.0491, NLL: 4.0354, Masked: 303355.9275, Reg: 2.985768
Epoch [26/91], Total Loss: 1135210.7850, NLL: 4.4137, Masked: 269575.0202, Reg: 2.807699
Epoch [27/91], Total Loss: 510649.7772, NLL: 3.1010, Masked: 121262.1710, Reg: 3.486443
Epoch [28/91], Total Loss: 2233530.6508, NLL: 6.8362, Masked: 530390.1160, Reg: 3.196888
Epoch [29/91], Total Loss: 810409.9766, NLL: 3.2594, Masked: 192445.5458, Reg: 3.368883
Epoch [30/91], Total Loss: 233796.4159, NLL: 2.6023, Masked: 55518.5156, Reg: 3.090294
Epoch [31/91], Total Loss: 304282.0047, NLL: 2.8628, Masked: 72256.5153, Reg: 3.523232
Epoch [32/91], Total Loss: 495157.1525, NLL: 2.6191, Masked: 117583.2837, Reg: 2.854864
Epoch [33/91], Total Loss: 227738.6821, NLL: 3.0067, Masked: 54079.9011, Reg: 2.653854
Epoch [34/91], Total Loss: 82065.6509, NLL: 2.2882, Masked: 19487.4106, Reg: 2.459848
Epoch [35/91], Total Loss: 1148754.5207, NLL: 3.4083, Masked: 272791.4619, Reg: 2.871172
Epoch [36/91], Total Loss: 461952.7543, NLL: 3.2613, Masked: 109698.1544, Reg: 3.904890
Epoch [37/91], Total Loss: 249274.4903, NLL: 2.9394, Masked: 59193.9806, Reg: 2.872806
Epoch [38/91], Total Loss: 511403.4452, NLL: 3.9099, Masked: 121440.9518, Reg: 2.911677
Epoch [39/91], Total Loss: 581625.3229, NLL: 3.3814, Masked: 138116.5120, Reg: 2.859529
Epoch [40/91], Total Loss: 250294.9695, NLL: 2.4243, Masked: 59436.4334, Reg: 2.522280
Epoch [41/91], Total Loss: 1048864.1091, NLL: 4.1205, Masked: 249070.5333, Reg: 3.331870
Epoch [42/91], Total Loss: 347652.0735, NLL: 2.4969, Masked: 82555.5992, Reg: 3.018075
Epoch [43/91], Total Loss: 105923.8274, NLL: 2.3893, Masked: 25152.9363, Reg: 2.573465
Epoch [44/91], Total Loss: 221515.3316, NLL: 2.4385, Masked: 52602.1915, Reg: 2.448826
Epoch [45/91], Total Loss: 123561.8677, NLL: 2.3419, Masked: 29341.4153, Reg: 2.504540
Epoch [46/91], Total Loss: 105964.3695, NLL: 2.2738, Masked: 25162.5915, Reg: 2.148131
Epoch [47/91], Total Loss: 316824.0629, NLL: 3.3019, Masked: 75234.7463, Reg: 3.288631
Epoch [48/91], Total Loss: 812097.2116, NLL: 4.2935, Masked: 192845.9648, Reg: 3.342184
Epoch [49/91], Total Loss: 192202.0453, NLL: 2.3905, Masked: 45641.2395, Reg: 2.693211
Epoch [50/91], Total Loss: 202510.9604, NLL: 2.3321, Masked: 48089.2883, Reg: 2.733635
Epoch [51/91], Total Loss: 50143.4435, NLL: 2.3147, Masked: 11906.9062, Reg: 2.498672
Epoch [52/91], Total Loss: 125835.7258, NLL: 2.3151, Masked: 29881.3900, Reg: 2.471265
Epoch [53/91], Total Loss: 258735.8067, NLL: 2.5139, Masked: 61440.8393, Reg: 2.006238
Epoch [54/91], Total Loss: 177131.6104, NLL: 2.6166, Masked: 42062.4421, Reg: 2.872762
Epoch [55/91], Total Loss: 100546.1431, NLL: 2.3407, Masked: 23875.9210, Reg: 2.887181
Epoch [56/91], Total Loss: 80805.7687, NLL: 2.4300, Masked: 19188.1956, Reg: 2.729771
Epoch [57/91], Total Loss: 266438.0788, NLL: 2.6947, Masked: 63269.8384, Reg: 2.386657
Epoch [58/91], Total Loss: 348040.6235, NLL: 2.6591, Masked: 82647.8297, Reg: 4.919654
Epoch [59/91], Total Loss: 360357.1431, NLL: 2.8909, Masked: 85572.5492, Reg: 3.685514
Epoch [60/91], Total Loss: 224673.1878, NLL: 2.3717, Masked: 53352.0962, Reg: 2.709999
Epoch [61/91], Total Loss: 1091950.5316, NLL: 8.5353, Masked: 259301.1188, Reg: 5.942551
Epoch [62/91], Total Loss: 225414.1426, NLL: 2.5023, Masked: 53528.0187, Reg: 2.701374
Epoch [63/91], Total Loss: 391848.7155, NLL: 2.4793, Masked: 93050.8855, Reg: 2.555648
Epoch [64/91], Total Loss: 262961.4070, NLL: 2.4159, Masked: 62444.3079, Reg: 2.939396
Epoch [65/91], Total Loss: 127204.0661, NLL: 2.3501, Masked: 30206.3189, Reg: 2.842889
Epoch [66/91], Total Loss: 169610.6584, NLL: 2.2849, Masked: 40276.5369, Reg: 2.112920
Epoch [67/91], Total Loss: 146036.8360, NLL: 2.4292, Masked: 34678.4775, Reg: 2.079460
Epoch [68/91], Total Loss: 262975.3301, NLL: 2.8675, Masked: 62447.5065, Reg: 2.398399
Epoch [69/91], Total Loss: 333080.4067, NLL: 2.4023, Masked: 79095.3190, Reg: 2.618692
Epoch [70/91], Total Loss: 226802.6955, NLL: 3.1256, Masked: 53857.6074, Reg: 3.280489
Epoch [71/91], Total Loss: 1719767.5656, NLL: 4.1915, Masked: 408388.5160, Reg: 2.781450
Epoch [72/91], Total Loss: 364695.1653, NLL: 2.4332, Masked: 86602.8003, Reg: 2.828556
Epoch [73/91], Total Loss: 261118.3571, NLL: 2.3110, Masked: 62006.6674, Reg: 3.128841
Epoch [74/91], Total Loss: 163955.2440, NLL: 2.4341, Masked: 38933.5221, Reg: 2.771030
Epoch [75/91], Total Loss: 158735.2310, NLL: 2.3213, Masked: 37693.9639, Reg: 2.617221
Epoch [76/91], Total Loss: 304096.9220, NLL: 2.6675, Masked: 72212.6099, Reg: 2.746282
Epoch [77/91], Total Loss: 1265119.0887, NLL: 2.7634, Masked: 300424.4639, Reg: 4.303701
Epoch [78/91], Total Loss: 127928.4485, NLL: 2.3144, Masked: 30378.3449, Reg: 2.901647
Epoch [79/91], Total Loss: 771382.7198, NLL: 3.0650, Masked: 183177.8699, Reg: 3.214010
Epoch [80/91], Total Loss: 96483.3481, NLL: 2.3497, Masked: 22911.1354, Reg: 3.381187
Epoch [81/91], Total Loss: 160960.3911, NLL: 2.4598, Masked: 38222.3346, Reg: 2.875562
Epoch [82/91], Total Loss: 774727.7611, NLL: 2.7895, Masked: 183972.2757, Reg: 5.455728
Epoch [83/91], Total Loss: 384206.5553, NLL: 2.6088, Masked: 91236.0871, Reg: 4.577920
Epoch [84/91], Total Loss: 555901.8268, NLL: 2.9439, Masked: 132008.1130, Reg: 3.273869
Epoch [85/91], Total Loss: 273673.5644, NLL: 2.4179, Masked: 64988.0991, Reg: 3.314975
Epoch [86/91], Total Loss: 146750.7844, NLL: 2.3143, Masked: 34848.0446, Reg: 3.620734
Epoch [87/91], Total Loss: 93085.5711, NLL: 2.3309, Masked: 22104.2775, Reg: 3.378425
Epoch [88/91], Total Loss: 296881.2459, NLL: 2.4838, Masked: 70499.1629, Reg: 2.843146
Epoch [89/91], Total Loss: 87955.0784, NLL: 2.3325, Masked: 20885.9497, Reg: 2.664422
Epoch [90/91], Total Loss: 134294.0011, NLL: 2.3231, Masked: 31889.9568, Reg: 3.493922
Epoch [91/91], Total Loss: 60236.5073, NLL: 2.3496, Masked: 14303.6762, Reg: 2.766082

==================================================
EVALUATING ON TRAINING DATA
==================================================

==================================================
TEST RESULTS
==================================================
Total Loss: 14.325275
  - ZINB NLL: 2.279090
Total number of masked values: 2340892
  - Number of values with pi >= 0.5359483390242176: 973
  - Number of values with pi < 0.5359483390242176: 2339919
  - Masked Reconstruction: 2.860582
  - Regularization: 3.755254
Mean Absolute Error (MAE): 2.320927
R² Score: -0.053437
==================================================


==================================================
TEST RESULTS
==================================================
Total Loss: 15.510955
  - ZINB NLL: 2.596208
Total number of masked values: 1652794
  - Number of values with pi >= 0.5359483390242176: 687
  - Number of values with pi < 0.5359483390242176: 1652107
  - Masked Reconstruction: 3.066837
  - Regularization: 3.755254
Mean Absolute Error (MAE): 2.693374
R² Score: -0.091671
==================================================


>>> Optimizing zinb_nll on VALIDATION set: 2.596208
>>> Full validation metrics: {'total_loss': 15.510955364768076, 'zinb_nll': 2.5962081425948162, 'mae': 2.6933743953704834, 'r2': -0.09167122840881348, 'masked_loss': 3.0668373651431438, 'reg_loss': 3.755253618624962}

Iteration No: 11 ended. Evaluation done at random point.
Time taken: 592.6332
Function value obtained: 2.5962
Current minimum: 1.8414
Iteration No: 12 started. Evaluating function at random point.

================================================================================
Trial with parameters:
  features: Centr
  data_point_length: 6855
  step_size: 0.8709591868183081
  bin_size: 27
  sample_fraction: 0.6243950349135643
  moving_average: False
  first_layer_size_factor: 78
  num_layers: 1
  use_conv: False
  conv_channel: 69
  pool_size: 4
  kernel_size: 13
  epochs: 120
  batch_size: 128
  noise_level: 0.2976752742034624
  pi_threshold: 0.521105986734196
  learning_rate: 0.0005210476092155959
  dropout_rate: 0.49016579185802295
  masked_recon_weight: 0.0020016356344817123
  regularizer: l1
  regularization_weight: 0.00021695877399426178
================================================================================

Creating datasets with:
  features: ['Centr']
  bin_size: 27
  moving_average: False
  data_point_length: 253 (from 6855)
  step_size: 0.8709591868183081
  layers: [np.int64(1248)] (first=1248, num=1)
  stride: 1 (fixed), padding: 0 (fixed)


Clipping outliers using 95th percentile * 1.5...
strain_yTW001: Clipping values above 134.25 (P95=89.50). Clipped 27529/1193409 values (2.31%)
strain_FD: Clipping values above 71.92 (P95=47.94). Clipped 95791/4127807 values (2.32%)
strain_dnrp: Clipping values above 243.00 (P95=162.00). Clipped 25649/1119454 values (2.29%)
strain_yEK19: Clipping values above 77.10 (P95=51.40). Clipped 83713/3893623 values (2.15%)
strain_yEK23: Clipping values above 72.00 (P95=48.00). Clipped 86381/3558407 values (2.43%)
strain_yWT03a: Clipping values above 15.00 (P95=10.00). Clipped 10602/347679 values (3.05%)
strain_yWT04a: Clipping values above 58.50 (P95=39.00). Clipped 21095/725406 values (2.91%)
strain_ylic137: Clipping values above 142.50 (P95=95.00). Clipped 28746/1112684 values (2.58%)
Standardizing features: ['Centr']
Column order in final array (Dataset/Chrom split): ['Value', 'Centromere_Distance', 'Value_Raw', 'Size_Factor']
Removing 0 empty data points out of 9312
Column order in final array (Dataset/Chrom split): ['Value', 'Centromere_Distance', 'Value_Raw', 'Size_Factor']
Removing 0 empty data points out of 1664
Column order in final array (Dataset/Chrom split): ['Value', 'Centromere_Distance', 'Value_Raw', 'Size_Factor']
Removing 0 empty data points out of 5320
Datasets created:
  Train: (9312, 253, 4), Val: (1664, 253, 4), Test: (5320, 253, 4)

Randomly sampled 5814/9312 samples (62.4%)
Applied denoising with 29.8% masking
Applied denoising with 29.8% masking
Applied denoising with 29.8% masking
Epoch [1/120], Total Loss: 4.7354, NLL: 2.2869, Masked: 9.7997, Reg: 2.428913
Epoch [2/120], Total Loss: 3.0214, NLL: 2.1684, Masked: 7.2507, Reg: 0.838474
Epoch [3/120], Total Loss: 2.5759, NLL: 2.1474, Masked: 6.6913, Reg: 0.415103
Epoch [4/120], Total Loss: 2.4762, NLL: 2.1397, Masked: 6.3629, Reg: 0.323856
Epoch [5/120], Total Loss: 2.4300, NLL: 2.1262, Masked: 6.1693, Reg: 0.291476
Epoch [6/120], Total Loss: 2.4121, NLL: 2.1209, Masked: 6.0327, Reg: 0.279114
Epoch [7/120], Total Loss: 2.4026, NLL: 2.1231, Masked: 6.0020, Reg: 0.267496
Epoch [8/120], Total Loss: 2.3909, NLL: 2.1165, Masked: 5.7902, Reg: 0.262851
Epoch [9/120], Total Loss: 2.3866, NLL: 2.1184, Masked: 5.7458, Reg: 0.256756
Epoch [10/120], Total Loss: 2.3778, NLL: 2.1133, Masked: 5.7304, Reg: 0.253042
Epoch [11/120], Total Loss: 2.3705, NLL: 2.1082, Masked: 5.5798, Reg: 0.251139
Epoch [12/120], Total Loss: 2.3664, NLL: 2.1059, Masked: 5.5337, Reg: 0.249412
Epoch [13/120], Total Loss: 2.3551, NLL: 2.0963, Masked: 5.4522, Reg: 0.247862
Epoch [14/120], Total Loss: 2.3473, NLL: 2.0882, Masked: 5.2336, Reg: 0.248631
Epoch [15/120], Total Loss: 2.3448, NLL: 2.0880, Masked: 5.2012, Reg: 0.246474
Epoch [16/120], Total Loss: 2.3434, NLL: 2.0866, Masked: 5.1893, Reg: 0.246390
Epoch [17/120], Total Loss: 2.3351, NLL: 2.0768, Masked: 4.9763, Reg: 0.248268
Epoch [18/120], Total Loss: 2.3271, NLL: 2.0673, Masked: 4.7914, Reg: 0.250187
Epoch [19/120], Total Loss: 2.3200, NLL: 2.0611, Masked: 4.7779, Reg: 0.249298
Epoch [20/120], Total Loss: 2.3120, NLL: 2.0519, Masked: 4.6719, Reg: 0.250756
Epoch [21/120], Total Loss: 2.3053, NLL: 2.0435, Masked: 4.5284, Reg: 0.252728
Epoch [22/120], Total Loss: 2.2993, NLL: 2.0338, Masked: 4.3454, Reg: 0.256772
Epoch [23/120], Total Loss: 2.2924, NLL: 2.0234, Masked: 4.2002, Reg: 0.260589
Epoch [24/120], Total Loss: 2.2778, NLL: 2.0056, Masked: 4.0267, Reg: 0.264095
Epoch [25/120], Total Loss: 2.2662, NLL: 1.9910, Masked: 3.8952, Reg: 0.267354
Epoch [26/120], Total Loss: 2.2584, NLL: 1.9801, Masked: 3.7819, Reg: 0.270684
Epoch [27/120], Total Loss: 2.2507, NLL: 1.9707, Masked: 3.6449, Reg: 0.272644
Epoch [28/120], Total Loss: 2.2422, NLL: 1.9599, Masked: 3.5984, Reg: 0.275115
Epoch [29/120], Total Loss: 2.2358, NLL: 1.9510, Masked: 3.5027, Reg: 0.277756
Epoch [30/120], Total Loss: 2.2274, NLL: 1.9434, Masked: 3.4214, Reg: 0.277204
Epoch [31/120], Total Loss: 2.2263, NLL: 1.9413, Masked: 3.4370, Reg: 0.278104
Epoch [32/120], Total Loss: 2.2248, NLL: 1.9405, Masked: 3.4006, Reg: 0.277539
Epoch [33/120], Total Loss: 2.2206, NLL: 1.9351, Masked: 3.3674, Reg: 0.278798
Epoch [34/120], Total Loss: 2.2196, NLL: 1.9358, Masked: 3.3609, Reg: 0.277017
Epoch [35/120], Total Loss: 2.2120, NLL: 1.9293, Masked: 3.3229, Reg: 0.276059
Epoch [36/120], Total Loss: 2.2134, NLL: 1.9323, Masked: 3.3325, Reg: 0.274416
Epoch [37/120], Total Loss: 2.2067, NLL: 1.9258, Masked: 3.2910, Reg: 0.274318
Epoch [38/120], Total Loss: 2.2069, NLL: 1.9281, Masked: 3.3009, Reg: 0.272234
Epoch [39/120], Total Loss: 2.2043, NLL: 1.9266, Masked: 3.2886, Reg: 0.271110
Epoch [40/120], Total Loss: 2.2028, NLL: 1.9258, Masked: 3.2772, Reg: 0.270403
Epoch [41/120], Total Loss: 2.1991, NLL: 1.9244, Masked: 3.2798, Reg: 0.268176
Epoch [42/120], Total Loss: 2.2004, NLL: 1.9258, Masked: 3.2609, Reg: 0.268103
Epoch [43/120], Total Loss: 2.1970, NLL: 1.9252, Masked: 3.2829, Reg: 0.265295
Epoch [44/120], Total Loss: 2.1951, NLL: 1.9242, Masked: 3.2500, Reg: 0.264393
Epoch [45/120], Total Loss: 2.1929, NLL: 1.9229, Masked: 3.2641, Reg: 0.263505
Epoch [46/120], Total Loss: 2.1911, NLL: 1.9229, Masked: 3.2542, Reg: 0.261685
Epoch [47/120], Total Loss: 2.1902, NLL: 1.9231, Masked: 3.2747, Reg: 0.260472
Epoch [48/120], Total Loss: 2.1887, NLL: 1.9228, Masked: 3.2453, Reg: 0.259376
Epoch [49/120], Total Loss: 2.1843, NLL: 1.9202, Masked: 3.2345, Reg: 0.257663
Epoch [50/120], Total Loss: 2.1855, NLL: 1.9225, Masked: 3.2433, Reg: 0.256520
Epoch [51/120], Total Loss: 2.1827, NLL: 1.9222, Masked: 3.2521, Reg: 0.254056
Epoch [52/120], Total Loss: 2.1841, NLL: 1.9234, Masked: 3.2439, Reg: 0.254253
Epoch [53/120], Total Loss: 2.1802, NLL: 1.9219, Masked: 3.2368, Reg: 0.251792
Epoch [54/120], Total Loss: 2.1796, NLL: 1.9231, Masked: 3.2517, Reg: 0.250027
Epoch [55/120], Total Loss: 2.1800, NLL: 1.9245, Masked: 3.2423, Reg: 0.248932
Epoch [56/120], Total Loss: 2.1790, NLL: 1.9241, Masked: 3.2386, Reg: 0.248440
Epoch [57/120], Total Loss: 2.1785, NLL: 1.9246, Masked: 3.2344, Reg: 0.247364
Epoch [58/120], Total Loss: 2.1746, NLL: 1.9209, Masked: 3.2167, Reg: 0.247242
Epoch [59/120], Total Loss: 2.1739, NLL: 1.9224, Masked: 3.2371, Reg: 0.244985
Epoch [60/120], Total Loss: 2.1751, NLL: 1.9240, Masked: 3.2522, Reg: 0.244665
Epoch [61/120], Total Loss: 2.1706, NLL: 1.9207, Masked: 3.2125, Reg: 0.243390
Epoch [62/120], Total Loss: 2.1696, NLL: 1.9210, Masked: 3.2247, Reg: 0.242092
Epoch [63/120], Total Loss: 2.1693, NLL: 1.9224, Masked: 3.2031, Reg: 0.240448
Epoch [64/120], Total Loss: 2.1654, NLL: 1.9193, Masked: 3.2082, Reg: 0.239710
Epoch [65/120], Total Loss: 2.1674, NLL: 1.9220, Masked: 3.2206, Reg: 0.238947
Epoch [66/120], Total Loss: 2.1662, NLL: 1.9222, Masked: 3.2268, Reg: 0.237480
Epoch [67/120], Total Loss: 2.1659, NLL: 1.9233, Masked: 3.2261, Reg: 0.236125
Epoch [68/120], Total Loss: 2.1629, NLL: 1.9210, Masked: 3.2326, Reg: 0.235486
Epoch [69/120], Total Loss: 2.1631, NLL: 1.9221, Masked: 3.2132, Reg: 0.234590
Epoch [70/120], Total Loss: 2.1608, NLL: 1.9207, Masked: 3.2072, Reg: 0.233635
Epoch [71/120], Total Loss: 2.1596, NLL: 1.9210, Masked: 3.2175, Reg: 0.232201
Epoch [72/120], Total Loss: 2.1594, NLL: 1.9205, Masked: 3.2133, Reg: 0.232452
Epoch [73/120], Total Loss: 2.1567, NLL: 1.9199, Masked: 3.2060, Reg: 0.230428
Epoch [74/120], Total Loss: 2.1569, NLL: 1.9221, Masked: 3.2035, Reg: 0.228428
Epoch [75/120], Total Loss: 2.1598, NLL: 1.9257, Masked: 3.2298, Reg: 0.227606
Epoch [76/120], Total Loss: 2.1595, NLL: 1.9260, Masked: 3.2302, Reg: 0.227098
Epoch [77/120], Total Loss: 2.1548, NLL: 1.9219, Masked: 3.2003, Reg: 0.226573
Epoch [78/120], Total Loss: 2.1547, NLL: 1.9232, Masked: 3.2213, Reg: 0.225071
Epoch [79/120], Total Loss: 2.1531, NLL: 1.9217, Masked: 3.1998, Reg: 0.224973
Epoch [80/120], Total Loss: 2.1546, NLL: 1.9242, Masked: 3.2286, Reg: 0.223948
Epoch [81/120], Total Loss: 2.1513, NLL: 1.9209, Masked: 3.1935, Reg: 0.224073
Epoch [82/120], Total Loss: 2.1501, NLL: 1.9214, Masked: 3.2144, Reg: 0.222278
Epoch [83/120], Total Loss: 2.1484, NLL: 1.9203, Masked: 3.1801, Reg: 0.221700
Epoch [84/120], Total Loss: 2.1459, NLL: 1.9202, Masked: 3.2098, Reg: 0.219236
Epoch [85/120], Total Loss: 2.1484, NLL: 1.9218, Masked: 3.2063, Reg: 0.220098
Epoch [86/120], Total Loss: 2.1477, NLL: 1.9221, Masked: 3.1993, Reg: 0.219141
Epoch [87/120], Total Loss: 2.1483, NLL: 1.9240, Masked: 3.2201, Reg: 0.217859
Epoch [88/120], Total Loss: 2.1448, NLL: 1.9208, Masked: 3.2020, Reg: 0.217496
Epoch [89/120], Total Loss: 2.1432, NLL: 1.9211, Masked: 3.2038, Reg: 0.215696
Epoch [90/120], Total Loss: 2.1418, NLL: 1.9200, Masked: 3.1922, Reg: 0.215388
Epoch [91/120], Total Loss: 2.1428, NLL: 1.9222, Masked: 3.2186, Reg: 0.214232
Epoch [92/120], Total Loss: 2.1411, NLL: 1.9212, Masked: 3.2216, Reg: 0.213404
Epoch [93/120], Total Loss: 2.1363, NLL: 1.9165, Masked: 3.1856, Reg: 0.213461
Epoch [94/120], Total Loss: 2.1362, NLL: 1.9186, Masked: 3.1870, Reg: 0.211221
Epoch [95/120], Total Loss: 2.1389, NLL: 1.9216, Masked: 3.2205, Reg: 0.210771
Epoch [96/120], Total Loss: 2.1344, NLL: 1.9194, Masked: 3.1909, Reg: 0.208593
Epoch [97/120], Total Loss: 2.1351, NLL: 1.9207, Masked: 3.1866, Reg: 0.208060
Epoch [98/120], Total Loss: 2.1317, NLL: 1.9187, Masked: 3.1945, Reg: 0.206624
Epoch [99/120], Total Loss: 2.1318, NLL: 1.9194, Masked: 3.2091, Reg: 0.205954
Epoch [100/120], Total Loss: 2.1307, NLL: 1.9195, Masked: 3.2077, Reg: 0.204756
Epoch [101/120], Total Loss: 2.1314, NLL: 1.9225, Masked: 3.2077, Reg: 0.202509
Epoch [102/120], Total Loss: 2.1291, NLL: 1.9198, Masked: 3.2078, Reg: 0.202881
Epoch [103/120], Total Loss: 2.1262, NLL: 1.9178, Masked: 3.2033, Reg: 0.202025
Epoch [104/120], Total Loss: 2.1252, NLL: 1.9184, Masked: 3.2001, Reg: 0.200338
Epoch [105/120], Total Loss: 2.1255, NLL: 1.9192, Masked: 3.1847, Reg: 0.199944
Epoch [106/120], Total Loss: 2.1245, NLL: 1.9189, Masked: 3.2110, Reg: 0.199169
Epoch [107/120], Total Loss: 2.1236, NLL: 1.9188, Masked: 3.2026, Reg: 0.198368
Epoch [108/120], Total Loss: 2.1254, NLL: 1.9218, Masked: 3.2142, Reg: 0.197188
Epoch [109/120], Total Loss: 2.1210, NLL: 1.9161, Masked: 3.1907, Reg: 0.198431
Epoch [110/120], Total Loss: 2.1213, NLL: 1.9177, Masked: 3.1984, Reg: 0.197201
Epoch [111/120], Total Loss: 2.1233, NLL: 1.9215, Masked: 3.2101, Reg: 0.195322
Epoch [112/120], Total Loss: 2.1220, NLL: 1.9194, Masked: 3.2191, Reg: 0.196210
Epoch [113/120], Total Loss: 2.1189, NLL: 1.9164, Masked: 3.1961, Reg: 0.196155
Epoch [114/120], Total Loss: 2.1189, NLL: 1.9171, Masked: 3.1930, Reg: 0.195344
Epoch [115/120], Total Loss: 2.1187, NLL: 1.9177, Masked: 3.1931, Reg: 0.194550
Epoch [116/120], Total Loss: 2.1160, NLL: 1.9163, Masked: 3.1917, Reg: 0.193349
Epoch [117/120], Total Loss: 2.1147, NLL: 1.9144, Masked: 3.1771, Reg: 0.193933
Epoch [118/120], Total Loss: 2.1164, NLL: 1.9181, Masked: 3.2047, Reg: 0.191840
Epoch [119/120], Total Loss: 2.1166, NLL: 1.9183, Masked: 3.2026, Reg: 0.191937
Epoch [120/120], Total Loss: 2.1171, NLL: 1.9180, Masked: 3.2116, Reg: 0.192632

==================================================
EVALUATING ON TRAINING DATA
==================================================

==================================================
TEST RESULTS
==================================================
Total Loss: 2.073536
  - ZINB NLL: 1.873563
Total number of masked values: 323640
  - Number of values with pi >= 0.521105986734196: 0
  - Number of values with pi < 0.521105986734196: 323640
  - Masked Reconstruction: 2.968727
  - Regularization: 0.194030
Mean Absolute Error (MAE): 2.711904
R² Score: 0.145493
==================================================


==================================================
TEST RESULTS
==================================================
Total Loss: 2.209738
  - ZINB NLL: 2.009670
Total number of masked values: 96356
  - Number of values with pi >= 0.521105986734196: 0
  - Number of values with pi < 0.521105986734196: 96356
  - Masked Reconstruction: 3.016285
  - Regularization: 0.194030
Mean Absolute Error (MAE): 2.940711
R² Score: 0.104143
==================================================


>>> Optimizing zinb_nll on VALIDATION set: 2.009670
>>> Full validation metrics: {'total_loss': 2.2097378877493052, 'zinb_nll': 2.0096703446828403, 'mae': 2.9407107830047607, 'r2': 0.10414302349090576, 'masked_loss': 3.0162848188326907, 'reg_loss': 0.19402997645253156}

Iteration No: 12 ended. Evaluation done at random point.
Time taken: 86.3180
Function value obtained: 2.0097
Current minimum: 1.8414
Iteration No: 13 started. Evaluating function at random point.

================================================================================
Trial with parameters:
  features: Centr_Nucl
  data_point_length: 5110
  step_size: 0.40405252373934686
  bin_size: 42
  sample_fraction: 0.8831598555447338
  moving_average: False
  first_layer_size_factor: 11
  num_layers: 2
  use_conv: False
  conv_channel: 56
  pool_size: 4
  kernel_size: 5
  epochs: 69
  batch_size: 128
  noise_level: 0.12295919829782596
  pi_threshold: 0.5835643987640475
  learning_rate: 0.0004554701612208509
  dropout_rate: 0.14825507182389927
  masked_recon_weight: 0.04776650059868055
  regularizer: l1
  regularization_weight: 0.1908077349222773
================================================================================

Creating datasets with:
  features: ['Centr', 'Nucl']
  bin_size: 42
  moving_average: False
  data_point_length: 121 (from 5110)
  step_size: 0.40405252373934686
  layers: [np.int64(176), np.int64(88)] (first=176, num=2)
  stride: 1 (fixed), padding: 0 (fixed)


Clipping outliers using 95th percentile * 1.5...
strain_yTW001: Clipping values above 134.25 (P95=89.50). Clipped 27529/1193409 values (2.31%)
strain_FD: Clipping values above 71.92 (P95=47.94). Clipped 95791/4127807 values (2.32%)
strain_dnrp: Clipping values above 243.00 (P95=162.00). Clipped 25649/1119454 values (2.29%)
strain_yEK19: Clipping values above 77.10 (P95=51.40). Clipped 83713/3893623 values (2.15%)
strain_yEK23: Clipping values above 72.00 (P95=48.00). Clipped 86381/3558407 values (2.43%)
strain_yWT03a: Clipping values above 15.00 (P95=10.00). Clipped 10602/347679 values (3.05%)
strain_yWT04a: Clipping values above 58.50 (P95=39.00). Clipped 21095/725406 values (2.91%)
strain_ylic137: Clipping values above 142.50 (P95=95.00). Clipped 28746/1112684 values (2.58%)
Standardizing features: ['Centr', 'Nucl']
Column order in final array (Dataset/Chrom split): ['Value', 'Nucleosome_Distance', 'Centromere_Distance', 'Value_Raw', 'Size_Factor']
Removing 0 empty data points out of 27280
Column order in final array (Dataset/Chrom split): ['Value', 'Nucleosome_Distance', 'Centromere_Distance', 'Value_Raw', 'Size_Factor']
Removing 0 empty data points out of 4864
Column order in final array (Dataset/Chrom split): ['Value', 'Nucleosome_Distance', 'Centromere_Distance', 'Value_Raw', 'Size_Factor']
Removing 0 empty data points out of 15624
Datasets created:
  Train: (27280, 121, 5), Val: (4864, 121, 5), Test: (15624, 121, 5)

Randomly sampled 24092/27280 samples (88.3%)
Applied denoising with 12.3% masking
Applied denoising with 12.3% masking
Applied denoising with 12.3% masking
Epoch [1/69], Total Loss: 223.5646, NLL: 3.0731, Masked: 28.0844, Reg: 219.149961
Epoch [2/69], Total Loss: 49.9136, NLL: 3.0746, Masked: 28.0872, Reg: 45.497377
Epoch [3/69], Total Loss: 47.3631, NLL: 3.0769, Masked: 28.0793, Reg: 42.944967
Epoch [4/69], Total Loss: 45.3787, NLL: 3.0798, Masked: 28.0803, Reg: 40.957583
Epoch [5/69], Total Loss: 43.3954, NLL: 3.0835, Masked: 28.0835, Reg: 38.970487
Epoch [6/69], Total Loss: 41.4125, NLL: 3.0880, Masked: 28.0836, Reg: 36.983019
Epoch [7/69], Total Loss: 39.4314, NLL: 3.0933, Masked: 28.0805, Reg: 34.996853
Epoch [8/69], Total Loss: 37.4520, NLL: 3.0995, Masked: 28.0854, Reg: 33.010895
Epoch [9/69], Total Loss: 35.4735, NLL: 3.1067, Masked: 28.0839, Reg: 31.025308
Epoch [10/69], Total Loss: 33.4961, NLL: 3.1149, Masked: 28.0831, Reg: 29.039767
Epoch [11/69], Total Loss: 31.5209, NLL: 3.1243, Masked: 28.0798, Reg: 27.055332
Epoch [12/69], Total Loss: 29.5472, NLL: 3.1348, Masked: 28.0813, Reg: 25.071027
Epoch [13/69], Total Loss: 27.5754, NLL: 3.1466, Masked: 28.0807, Reg: 23.087491
Epoch [14/69], Total Loss: 25.6048, NLL: 3.1596, Masked: 28.0833, Reg: 21.103766
Epoch [15/69], Total Loss: 23.6366, NLL: 3.1740, Masked: 28.0819, Reg: 19.121150
Epoch [16/69], Total Loss: 21.6695, NLL: 3.1899, Masked: 28.0832, Reg: 17.138114
Epoch [17/69], Total Loss: 19.7047, NLL: 3.2072, Masked: 28.0835, Reg: 15.156082
Epoch [18/69], Total Loss: 17.7413, NLL: 3.2260, Masked: 28.0843, Reg: 13.173880
Epoch [19/69], Total Loss: 15.7802, NLL: 3.2463, Masked: 28.0812, Reg: 11.192488
Epoch [20/69], Total Loss: 13.8209, NLL: 3.2683, Masked: 28.0799, Reg: 9.211329
Epoch [21/69], Total Loss: 11.8641, NLL: 3.2919, Masked: 28.0845, Reg: 7.230744
Epoch [22/69], Total Loss: 9.9087, NLL: 3.3172, Masked: 28.0824, Reg: 5.250152
Epoch [23/69], Total Loss: 7.9555, NLL: 3.3441, Masked: 28.0826, Reg: 3.270029
Epoch [24/69], Total Loss: 6.5053, NLL: 3.3652, Masked: 28.0837, Reg: 1.798662
Epoch [25/69], Total Loss: 6.4253, NLL: 3.3663, Masked: 28.0791, Reg: 1.717706
Epoch [26/69], Total Loss: 6.4250, NLL: 3.3663, Masked: 28.0850, Reg: 1.717128
Epoch [27/69], Total Loss: 6.4249, NLL: 3.3663, Masked: 28.0825, Reg: 1.717119
Epoch [28/69], Total Loss: 6.4248, NLL: 3.3663, Masked: 28.0848, Reg: 1.716980
Epoch [29/69], Total Loss: 6.4249, NLL: 3.3663, Masked: 28.0853, Reg: 1.716993
Epoch [30/69], Total Loss: 6.4242, NLL: 3.3663, Masked: 28.0854, Reg: 1.716278
Epoch [31/69], Total Loss: 6.4241, NLL: 3.3663, Masked: 28.0833, Reg: 1.716293
Epoch [32/69], Total Loss: 6.4235, NLL: 3.3663, Masked: 28.0838, Reg: 1.715700
Epoch [33/69], Total Loss: 6.4236, NLL: 3.3663, Masked: 28.0869, Reg: 1.715628
Epoch [34/69], Total Loss: 6.4226, NLL: 3.3663, Masked: 28.0807, Reg: 1.714944
Epoch [35/69], Total Loss: 6.4226, NLL: 3.3663, Masked: 28.0808, Reg: 1.714939
Epoch [36/69], Total Loss: 6.4221, NLL: 3.3663, Masked: 28.0838, Reg: 1.714286
Epoch [37/69], Total Loss: 6.4221, NLL: 3.3663, Masked: 28.0815, Reg: 1.714417
Epoch [38/69], Total Loss: 6.4213, NLL: 3.3663, Masked: 28.0831, Reg: 1.713519
Epoch [39/69], Total Loss: 6.4217, NLL: 3.3663, Masked: 28.0841, Reg: 1.713851
Epoch [40/69], Total Loss: 6.4215, NLL: 3.3663, Masked: 28.0831, Reg: 1.713763
Epoch [41/69], Total Loss: 6.4217, NLL: 3.3663, Masked: 28.0850, Reg: 1.713806
Epoch [42/69], Total Loss: 6.4214, NLL: 3.3663, Masked: 28.0854, Reg: 1.713494
Epoch [43/69], Total Loss: 6.4207, NLL: 3.3663, Masked: 28.0813, Reg: 1.713058
Epoch [44/69], Total Loss: 6.4204, NLL: 3.3663, Masked: 28.0810, Reg: 1.712720
Epoch [45/69], Total Loss: 6.4203, NLL: 3.3663, Masked: 28.0818, Reg: 1.712589
Epoch [46/69], Total Loss: 6.4192, NLL: 3.3663, Masked: 28.0807, Reg: 1.711578
Epoch [47/69], Total Loss: 6.4190, NLL: 3.3663, Masked: 28.0794, Reg: 1.711443
Epoch [48/69], Total Loss: 6.4191, NLL: 3.3663, Masked: 28.0850, Reg: 1.711237
Epoch [49/69], Total Loss: 6.4189, NLL: 3.3663, Masked: 28.0831, Reg: 1.711174
Epoch [50/69], Total Loss: 6.4186, NLL: 3.3663, Masked: 28.0861, Reg: 1.710708
Epoch [51/69], Total Loss: 6.4184, NLL: 3.3663, Masked: 28.0799, Reg: 1.710787
Epoch [52/69], Total Loss: 6.4180, NLL: 3.3663, Masked: 28.0843, Reg: 1.710126
Epoch [53/69], Total Loss: 6.4181, NLL: 3.3663, Masked: 28.0810, Reg: 1.710448
Epoch [54/69], Total Loss: 6.4172, NLL: 3.3663, Masked: 28.0819, Reg: 1.709490
Epoch [55/69], Total Loss: 6.4175, NLL: 3.3663, Masked: 28.0857, Reg: 1.709578
Epoch [56/69], Total Loss: 6.4169, NLL: 3.3663, Masked: 28.0821, Reg: 1.709181
Epoch [57/69], Total Loss: 6.4168, NLL: 3.3663, Masked: 28.0838, Reg: 1.709045
Epoch [58/69], Total Loss: 6.4166, NLL: 3.3663, Masked: 28.0830, Reg: 1.708828
Epoch [59/69], Total Loss: 6.4165, NLL: 3.3663, Masked: 28.0853, Reg: 1.708614
Epoch [60/69], Total Loss: 6.4158, NLL: 3.3663, Masked: 28.0800, Reg: 1.708163
Epoch [61/69], Total Loss: 6.4162, NLL: 3.3663, Masked: 28.0832, Reg: 1.708400
Epoch [62/69], Total Loss: 6.4156, NLL: 3.3663, Masked: 28.0836, Reg: 1.707845
Epoch [63/69], Total Loss: 6.4155, NLL: 3.3663, Masked: 28.0818, Reg: 1.707811
Epoch [64/69], Total Loss: 6.4154, NLL: 3.3663, Masked: 28.0815, Reg: 1.707739
Epoch [65/69], Total Loss: 6.4155, NLL: 3.3663, Masked: 28.0844, Reg: 1.707628
Epoch [66/69], Total Loss: 6.4151, NLL: 3.3663, Masked: 28.0825, Reg: 1.707322
Epoch [67/69], Total Loss: 6.4148, NLL: 3.3663, Masked: 28.0839, Reg: 1.707003
Epoch [68/69], Total Loss: 6.4147, NLL: 3.3663, Masked: 28.0834, Reg: 1.706925
Epoch [69/69], Total Loss: 6.4149, NLL: 3.3663, Masked: 28.0823, Reg: 1.707141

==================================================
EVALUATING ON TRAINING DATA
==================================================

==================================================
TEST RESULTS
==================================================
Total Loss: 6.393680
  - ZINB NLL: 3.366340
Total number of masked values: 279345
  - Number of values with pi >= 0.5835643987640475: 0
  - Number of values with pi < 0.5835643987640475: 279345
  - Masked Reconstruction: 28.082451
  - Regularization: 1.685940
Mean Absolute Error (MAE): 26.257809
R² Score: -33.412056
==================================================


==================================================
TEST RESULTS
==================================================
Total Loss: 6.354785
  - ZINB NLL: 3.444982
Total number of masked values: 58100
  - Number of values with pi >= 0.5835643987640475: 0
  - Number of values with pi < 0.5835643987640475: 58100
  - Masked Reconstruction: 25.621782
  - Regularization: 1.685940
Mean Absolute Error (MAE): 25.812778
R² Score: -33.071224
==================================================


>>> Optimizing zinb_nll on VALIDATION set: 3.444982
>>> Full validation metrics: {'total_loss': 6.354785429803949, 'zinb_nll': 3.4449823373242427, 'mae': 25.81277847290039, 'r2': -33.071224212646484, 'masked_loss': 25.621782368735264, 'reg_loss': 1.6859402906140555}

Iteration No: 13 ended. Evaluation done at random point.
Time taken: 125.3865
Function value obtained: 3.4450
Current minimum: 1.8414
Iteration No: 14 started. Evaluating function at random point.

================================================================================
Trial with parameters:
  features: Centr_Nucl
  data_point_length: 549
  step_size: 0.6464996942012043
  bin_size: 23
  sample_fraction: 0.3032056877499458
  moving_average: True
  first_layer_size_factor: 9
  num_layers: 5
  use_conv: True
  conv_channel: 81
  pool_size: 5
  kernel_size: 11
  epochs: 69
  batch_size: 32
  noise_level: 0.8836567994794782
  pi_threshold: 0.6355734008277454
  learning_rate: 0.0038125351372350035
  dropout_rate: 0.12512568025793205
  masked_recon_weight: 0.0014300095496841045
  regularizer: l1
  regularization_weight: 0.05748797227039956
================================================================================

Creating datasets with:
  features: ['Centr', 'Nucl']
  bin_size: 23
  moving_average: True
  data_point_length: 549 (from 549)
  step_size: 0.6464996942012043
  layers: [np.int64(144), np.int64(72), np.int64(36), np.int64(18), np.int64(9)] (first=144, num=5)
  stride: 1 (fixed), padding: 0 (fixed)


Clipping outliers using 95th percentile * 1.5...
strain_yTW001: Clipping values above 134.25 (P95=89.50). Clipped 27529/1193409 values (2.31%)
strain_FD: Clipping values above 71.92 (P95=47.94). Clipped 95791/4127807 values (2.32%)
strain_dnrp: Clipping values above 243.00 (P95=162.00). Clipped 25649/1119454 values (2.29%)
strain_yEK19: Clipping values above 77.10 (P95=51.40). Clipped 83713/3893623 values (2.15%)
strain_yEK23: Clipping values above 72.00 (P95=48.00). Clipped 86381/3558407 values (2.43%)
strain_yWT03a: Clipping values above 15.00 (P95=10.00). Clipped 10602/347679 values (3.05%)
strain_yWT04a: Clipping values above 58.50 (P95=39.00). Clipped 21095/725406 values (2.91%)
strain_ylic137: Clipping values above 142.50 (P95=95.00). Clipped 28746/1112684 values (2.58%)
Standardizing features: ['Centr', 'Nucl']
Column order in final array (Dataset/Chrom split): ['Value', 'Nucleosome_Distance', 'Centromere_Distance', 'Value_Raw', 'Size_Factor']
Removing 0 empty data points out of 155776
Column order in final array (Dataset/Chrom split): ['Value', 'Nucleosome_Distance', 'Centromere_Distance', 'Value_Raw', 'Size_Factor']
Removing 0 empty data points out of 27856
Column order in final array (Dataset/Chrom split): ['Value', 'Nucleosome_Distance', 'Centromere_Distance', 'Value_Raw', 'Size_Factor']
Removing 0 empty data points out of 89160
Datasets created:
  Train: (155776, 549, 5), Val: (27856, 549, 5), Test: (89160, 549, 5)

Randomly sampled 47232/155776 samples (30.3%)
Applied denoising with 88.4% masking
Applied denoising with 88.4% masking
Applied denoising with 88.4% masking
Epoch [1/69], Total Loss: 60.7005, NLL: 3.0379, Masked: 29.0028, Reg: 57.621117
Epoch [2/69], Total Loss: 46.9919, NLL: 3.0772, Masked: 29.0080, Reg: 43.873289
Epoch [3/69], Total Loss: 46.9348, NLL: 3.0772, Masked: 29.0066, Reg: 43.816129
Epoch [4/69], Total Loss: 46.8806, NLL: 3.0772, Masked: 29.0101, Reg: 43.761912
Epoch [5/69], Total Loss: 46.8416, NLL: 3.0772, Masked: 29.0165, Reg: 43.722902
Epoch [6/69], Total Loss: 46.8027, NLL: 3.0772, Masked: 29.0115, Reg: 43.684089
Epoch [7/69], Total Loss: 46.7704, NLL: 3.0772, Masked: 29.0093, Reg: 43.651731
Epoch [8/69], Total Loss: 46.7264, NLL: 3.0772, Masked: 29.0115, Reg: 43.607714
Epoch [9/69], Total Loss: 46.6894, NLL: 3.0772, Masked: 29.0064, Reg: 43.570806
Epoch [10/69], Total Loss: 46.6449, NLL: 3.0772, Masked: 29.0057, Reg: 43.526225
Epoch [11/69], Total Loss: 46.6104, NLL: 3.0772, Masked: 29.0148, Reg: 43.491750
Epoch [12/69], Total Loss: 46.5709, NLL: 3.0772, Masked: 29.0084, Reg: 43.452221
Epoch [13/69], Total Loss: 46.5290, NLL: 3.0772, Masked: 29.0174, Reg: 43.410308
Epoch [14/69], Total Loss: 46.4911, NLL: 3.0772, Masked: 29.0076, Reg: 43.372498
Epoch [15/69], Total Loss: 46.4565, NLL: 3.0772, Masked: 29.0103, Reg: 43.337854
Epoch [16/69], Total Loss: 46.4209, NLL: 3.0772, Masked: 29.0077, Reg: 43.302286
Epoch [17/69], Total Loss: 46.3884, NLL: 3.0772, Masked: 29.0155, Reg: 43.269775
Epoch [18/69], Total Loss: 46.3546, NLL: 3.0772, Masked: 29.0098, Reg: 43.235990
Epoch [19/69], Total Loss: 46.3276, NLL: 3.0772, Masked: 29.0003, Reg: 43.208930
Epoch [20/69], Total Loss: 46.2889, NLL: 3.0772, Masked: 29.0174, Reg: 43.170224
Epoch [21/69], Total Loss: 46.2644, NLL: 3.0772, Masked: 29.0251, Reg: 43.145731
Epoch [22/69], Total Loss: 46.2413, NLL: 3.0772, Masked: 29.0118, Reg: 43.122662
Epoch [23/69], Total Loss: 46.2304, NLL: 3.0772, Masked: 29.0027, Reg: 43.111723
Epoch [24/69], Total Loss: 46.2105, NLL: 3.0772, Masked: 29.0053, Reg: 43.091893
Epoch [25/69], Total Loss: 46.1992, NLL: 3.0772, Masked: 29.0040, Reg: 43.080561
Epoch [26/69], Total Loss: 46.1861, NLL: 3.0772, Masked: 29.0162, Reg: 43.067477
Epoch [27/69], Total Loss: 46.1762, NLL: 3.0772, Masked: 29.0048, Reg: 43.057549
Epoch [28/69], Total Loss: 46.1574, NLL: 3.0772, Masked: 29.0078, Reg: 43.038745
Epoch [29/69], Total Loss: 46.1509, NLL: 3.0772, Masked: 29.0018, Reg: 43.032233
Epoch [30/69], Total Loss: 46.1400, NLL: 3.0772, Masked: 29.0208, Reg: 43.021391
Epoch [31/69], Total Loss: 46.1363, NLL: 3.0772, Masked: 29.0156, Reg: 43.017635
Epoch [32/69], Total Loss: 46.1271, NLL: 3.0772, Masked: 29.0154, Reg: 43.008405
Epoch [33/69], Total Loss: 46.1233, NLL: 3.0772, Masked: 29.0138, Reg: 43.004664
Epoch [34/69], Total Loss: 46.1073, NLL: 3.0772, Masked: 29.0197, Reg: 42.988602
Epoch [35/69], Total Loss: 46.0987, NLL: 3.0772, Masked: 29.0110, Reg: 42.980060
Epoch [36/69], Total Loss: 46.0866, NLL: 3.0772, Masked: 29.0067, Reg: 42.967943
Epoch [37/69], Total Loss: 46.0731, NLL: 3.0772, Masked: 29.0105, Reg: 42.954449
Epoch [38/69], Total Loss: 46.0509, NLL: 3.0772, Masked: 29.0101, Reg: 42.932225
Epoch [39/69], Total Loss: 46.0247, NLL: 3.0772, Masked: 29.0051, Reg: 42.906020
Epoch [40/69], Total Loss: 45.9999, NLL: 3.0772, Masked: 29.0108, Reg: 42.881276
Epoch [41/69], Total Loss: 45.9772, NLL: 3.0772, Masked: 29.0084, Reg: 42.858535
Epoch [42/69], Total Loss: 45.9568, NLL: 3.0772, Masked: 29.0056, Reg: 42.838146
Epoch [43/69], Total Loss: 45.9451, NLL: 3.0772, Masked: 29.0047, Reg: 42.826504
Epoch [44/69], Total Loss: 45.9256, NLL: 3.0772, Masked: 29.0061, Reg: 42.806982
Epoch [45/69], Total Loss: 45.9159, NLL: 3.0772, Masked: 29.0080, Reg: 42.797299
Epoch [46/69], Total Loss: 45.8967, NLL: 3.0772, Masked: 29.0052, Reg: 42.778042
Epoch [47/69], Total Loss: 45.8873, NLL: 3.0772, Masked: 29.0149, Reg: 42.768623
Epoch [48/69], Total Loss: 45.8661, NLL: 3.0772, Masked: 29.0055, Reg: 42.747449
Epoch [49/69], Total Loss: 45.8466, NLL: 3.0772, Masked: 29.0012, Reg: 42.727992
Epoch [50/69], Total Loss: 45.8225, NLL: 3.0772, Masked: 29.0099, Reg: 42.703893
Epoch [51/69], Total Loss: 45.7999, NLL: 3.0772, Masked: 29.0071, Reg: 42.681310
Epoch [52/69], Total Loss: 45.7715, NLL: 3.0772, Masked: 28.9999, Reg: 42.652912
Epoch [53/69], Total Loss: 45.7478, NLL: 3.0772, Masked: 29.0088, Reg: 42.629175
Epoch [54/69], Total Loss: 45.7185, NLL: 3.0772, Masked: 29.0128, Reg: 42.599897
Epoch [55/69], Total Loss: 45.6946, NLL: 3.0772, Masked: 29.0097, Reg: 42.575937
Epoch [56/69], Total Loss: 45.6679, NLL: 3.0772, Masked: 29.0043, Reg: 42.549279
Epoch [57/69], Total Loss: 45.6454, NLL: 3.0772, Masked: 29.0064, Reg: 42.526793
Epoch [58/69], Total Loss: 45.6217, NLL: 3.0772, Masked: 29.0078, Reg: 42.503020
Epoch [59/69], Total Loss: 45.6034, NLL: 3.0772, Masked: 29.0083, Reg: 42.484768
Epoch [60/69], Total Loss: 45.5796, NLL: 3.0772, Masked: 29.0161, Reg: 42.460929
Epoch [61/69], Total Loss: 45.5637, NLL: 3.0772, Masked: 29.0097, Reg: 42.445075
Epoch [62/69], Total Loss: 45.5454, NLL: 3.0772, Masked: 29.0117, Reg: 42.426806
Epoch [63/69], Total Loss: 45.5351, NLL: 3.0772, Masked: 29.0038, Reg: 42.416518
Epoch [64/69], Total Loss: 45.5234, NLL: 3.0772, Masked: 29.0042, Reg: 42.404750
Epoch [65/69], Total Loss: 45.5227, NLL: 3.0772, Masked: 29.0137, Reg: 42.404068
Epoch [66/69], Total Loss: 45.5119, NLL: 3.0772, Masked: 29.0057, Reg: 42.393216
Epoch [67/69], Total Loss: 45.5039, NLL: 3.0772, Masked: 29.0138, Reg: 42.385211
Epoch [68/69], Total Loss: 45.4895, NLL: 3.0772, Masked: 29.0188, Reg: 42.370799
Epoch [69/69], Total Loss: 45.4780, NLL: 3.0772, Masked: 29.0081, Reg: 42.359348

==================================================
EVALUATING ON TRAINING DATA
==================================================

==================================================
TEST RESULTS
==================================================
Total Loss: 44.147673
  - ZINB NLL: 3.077184
Total number of masked values: 16370409
  - Number of values with pi >= 0.6355734008277454: 0
  - Number of values with pi < 0.6355734008277454: 16370409
  - Masked Reconstruction: 29.002459
  - Regularization: 41.029016
Mean Absolute Error (MAE): 26.318933
R² Score: -30.301527
==================================================


==================================================
TEST RESULTS
==================================================
Total Loss: 44.246671
  - ZINB NLL: 3.181423
Total number of masked values: 10068524
  - Number of values with pi >= 0.6355734008277454: 0
  - Number of values with pi < 0.6355734008277454: 10068524
  - Masked Reconstruction: 25.337636
  - Regularization: 41.029016
Mean Absolute Error (MAE): 25.850817
R² Score: -28.343452
==================================================


>>> Optimizing zinb_nll on VALIDATION set: 3.181423
>>> Full validation metrics: {'total_loss': 44.246670989727306, 'zinb_nll': 3.181423316598966, 'mae': 25.85081672668457, 'r2': -28.34345245361328, 'masked_loss': 25.337635553547322, 'reg_loss': 41.02901563328485}

Iteration No: 14 ended. Evaluation done at random point.
Time taken: 1247.4273
Function value obtained: 3.1814
Current minimum: 1.8414
Iteration No: 15 started. Evaluating function at random point.

================================================================================
Trial with parameters:
  features: Centr_Nucl
  data_point_length: 8365
  step_size: 0.3079657700287548
  bin_size: 97
  sample_fraction: 0.5929488712102965
  moving_average: False
  first_layer_size_factor: 23
  num_layers: 3
  use_conv: False
  conv_channel: 31
  pool_size: 3
  kernel_size: 13
  epochs: 116
  batch_size: 32
  noise_level: 0.3589388113003152
  pi_threshold: 0.47340829503229687
  learning_rate: 0.001706585019286093
  dropout_rate: 0.12543026367333063
  masked_recon_weight: 0.0054617862190863625
  regularizer: l1
  regularization_weight: 0.009958669614032564
================================================================================

Creating datasets with:
  features: ['Centr', 'Nucl']
  bin_size: 97
  moving_average: False
  data_point_length: 86 (from 8365)
  step_size: 0.3079657700287548
  layers: [np.int64(368), np.int64(184), np.int64(92)] (first=368, num=3)
  stride: 1 (fixed), padding: 0 (fixed)


Clipping outliers using 95th percentile * 1.5...
strain_yTW001: Clipping values above 134.25 (P95=89.50). Clipped 27529/1193409 values (2.31%)
strain_FD: Clipping values above 71.92 (P95=47.94). Clipped 95791/4127807 values (2.32%)
strain_dnrp: Clipping values above 243.00 (P95=162.00). Clipped 25649/1119454 values (2.29%)
strain_yEK19: Clipping values above 77.10 (P95=51.40). Clipped 83713/3893623 values (2.15%)
strain_yEK23: Clipping values above 72.00 (P95=48.00). Clipped 86381/3558407 values (2.43%)
strain_yWT03a: Clipping values above 15.00 (P95=10.00). Clipped 10602/347679 values (3.05%)
strain_yWT04a: Clipping values above 58.50 (P95=39.00). Clipped 21095/725406 values (2.91%)
strain_ylic137: Clipping values above 142.50 (P95=95.00). Clipped 28746/1112684 values (2.58%)
Standardizing features: ['Centr', 'Nucl']
Column order in final array (Dataset/Chrom split): ['Value', 'Nucleosome_Distance', 'Centromere_Distance', 'Value_Raw', 'Size_Factor']
Removing 0 empty data points out of 21744
Column order in final array (Dataset/Chrom split): ['Value', 'Nucleosome_Distance', 'Centromere_Distance', 'Value_Raw', 'Size_Factor']
Removing 0 empty data points out of 3872
Column order in final array (Dataset/Chrom split): ['Value', 'Nucleosome_Distance', 'Centromere_Distance', 'Value_Raw', 'Size_Factor']
Removing 0 empty data points out of 12464
Datasets created:
  Train: (21744, 86, 5), Val: (3872, 86, 5), Test: (12464, 86, 5)

Randomly sampled 12893/21744 samples (59.3%)
Applied denoising with 35.9% masking
Applied denoising with 35.9% masking
Applied denoising with 35.9% masking
Epoch [1/116], Total Loss: 8.9473, NLL: 3.1815, Masked: 25.4346, Reg: 5.626867
Epoch [2/116], Total Loss: 5.1001, NLL: 3.2573, Masked: 24.4723, Reg: 1.709094
Epoch [3/116], Total Loss: 4.7462, NLL: 3.4273, Masked: 24.9009, Reg: 1.182847
Epoch [4/116], Total Loss: 4.4258, NLL: 3.6267, Masked: 4.3668, Reg: 0.775227
Epoch [5/116], Total Loss: 4.4003, NLL: 3.6434, Masked: 2.5204, Reg: 0.743068
Epoch [6/116], Total Loss: 4.3973, NLL: 3.6435, Masked: 2.5202, Reg: 0.740035
Epoch [7/116], Total Loss: 4.3949, NLL: 3.6436, Masked: 2.5201, Reg: 0.737586
Epoch [8/116], Total Loss: 4.3931, NLL: 3.6436, Masked: 2.5206, Reg: 0.735689
Epoch [9/116], Total Loss: 4.3913, NLL: 3.6436, Masked: 2.5190, Reg: 0.733890
Epoch [10/116], Total Loss: 4.3897, NLL: 3.6436, Masked: 2.5200, Reg: 0.732321
Epoch [11/116], Total Loss: 4.3884, NLL: 3.6437, Masked: 2.5202, Reg: 0.730922
Epoch [12/116], Total Loss: 4.3880, NLL: 3.6437, Masked: 2.5201, Reg: 0.730533
Epoch [13/116], Total Loss: 4.3878, NLL: 3.6437, Masked: 2.5194, Reg: 0.730410
Epoch [14/116], Total Loss: 4.3875, NLL: 3.6436, Masked: 2.5193, Reg: 0.730076
Epoch [15/116], Total Loss: 4.3869, NLL: 3.6437, Masked: 2.5200, Reg: 0.729466
Epoch [16/116], Total Loss: 4.3868, NLL: 3.6436, Masked: 2.5192, Reg: 0.729356
Epoch [17/116], Total Loss: 4.3861, NLL: 3.6437, Masked: 2.5211, Reg: 0.728707
Epoch [18/116], Total Loss: 4.3854, NLL: 3.6437, Masked: 2.5204, Reg: 0.727956
Epoch [19/116], Total Loss: 4.3850, NLL: 3.6437, Masked: 2.5191, Reg: 0.727544
Epoch [20/116], Total Loss: 4.3845, NLL: 3.6437, Masked: 2.5199, Reg: 0.727063
Epoch [21/116], Total Loss: 4.3832, NLL: 3.6437, Masked: 2.5198, Reg: 0.725748
Epoch [22/116], Total Loss: 4.3823, NLL: 3.6436, Masked: 2.5196, Reg: 0.724932
Epoch [23/116], Total Loss: 4.3819, NLL: 3.6436, Masked: 2.5195, Reg: 0.724451
Epoch [24/116], Total Loss: 4.3818, NLL: 3.6437, Masked: 2.5196, Reg: 0.724417
Epoch [25/116], Total Loss: 4.3818, NLL: 3.6436, Masked: 2.5206, Reg: 0.724379
Epoch [26/116], Total Loss: 4.3815, NLL: 3.6436, Masked: 2.5199, Reg: 0.724133
Epoch [27/116], Total Loss: 4.3813, NLL: 3.6436, Masked: 2.5198, Reg: 0.723929
Epoch [28/116], Total Loss: 4.3810, NLL: 3.6436, Masked: 2.5205, Reg: 0.723625
Epoch [29/116], Total Loss: 4.3816, NLL: 3.6436, Masked: 2.5197, Reg: 0.724182
Epoch [30/116], Total Loss: 4.3816, NLL: 3.6437, Masked: 2.5193, Reg: 0.724160
Epoch [31/116], Total Loss: 4.3814, NLL: 3.6436, Masked: 2.5194, Reg: 0.723989
Epoch [32/116], Total Loss: 4.3810, NLL: 3.6437, Masked: 2.5196, Reg: 0.723600
Epoch [33/116], Total Loss: 4.3808, NLL: 3.6437, Masked: 2.5202, Reg: 0.723336
Epoch [34/116], Total Loss: 4.3800, NLL: 3.6436, Masked: 2.5200, Reg: 0.722602
Epoch [35/116], Total Loss: 4.3796, NLL: 3.6436, Masked: 2.5190, Reg: 0.722221
Epoch [36/116], Total Loss: 4.3795, NLL: 3.6437, Masked: 2.5203, Reg: 0.722043
Epoch [37/116], Total Loss: 4.3794, NLL: 3.6437, Masked: 2.5197, Reg: 0.721934
Epoch [38/116], Total Loss: 4.3796, NLL: 3.6437, Masked: 2.5199, Reg: 0.722154
Epoch [39/116], Total Loss: 4.3794, NLL: 3.6436, Masked: 2.5203, Reg: 0.721963
Epoch [40/116], Total Loss: 4.3791, NLL: 3.6436, Masked: 2.5198, Reg: 0.721665
Epoch [41/116], Total Loss: 4.3790, NLL: 3.6437, Masked: 2.5200, Reg: 0.721548
Epoch [42/116], Total Loss: 4.3791, NLL: 3.6436, Masked: 2.5204, Reg: 0.721652
Epoch [43/116], Total Loss: 4.3795, NLL: 3.6436, Masked: 2.5199, Reg: 0.722067
Epoch [44/116], Total Loss: 4.3791, NLL: 3.6437, Masked: 2.5205, Reg: 0.721733
Epoch [45/116], Total Loss: 4.3791, NLL: 3.6437, Masked: 2.5198, Reg: 0.721647
Epoch [46/116], Total Loss: 4.3792, NLL: 3.6436, Masked: 2.5195, Reg: 0.721821
Epoch [47/116], Total Loss: 4.3796, NLL: 3.6436, Masked: 2.5202, Reg: 0.722183
Epoch [48/116], Total Loss: 4.3796, NLL: 3.6436, Masked: 2.5204, Reg: 0.722144
Epoch [49/116], Total Loss: 4.3796, NLL: 3.6436, Masked: 2.5209, Reg: 0.722186
Epoch [50/116], Total Loss: 4.3799, NLL: 3.6436, Masked: 2.5198, Reg: 0.722480
Epoch [51/116], Total Loss: 4.3799, NLL: 3.6437, Masked: 2.5198, Reg: 0.722439
Epoch [52/116], Total Loss: 4.3797, NLL: 3.6437, Masked: 2.5202, Reg: 0.722332
Epoch [53/116], Total Loss: 4.3799, NLL: 3.6436, Masked: 2.5202, Reg: 0.722450
Epoch [54/116], Total Loss: 4.3804, NLL: 3.6436, Masked: 2.5204, Reg: 0.722946
Epoch [55/116], Total Loss: 4.3806, NLL: 3.6436, Masked: 2.5199, Reg: 0.723151
Epoch [56/116], Total Loss: 4.3806, NLL: 3.6436, Masked: 2.5203, Reg: 0.723162
Epoch [57/116], Total Loss: 4.3806, NLL: 3.6436, Masked: 2.5204, Reg: 0.723215
Epoch [58/116], Total Loss: 4.3805, NLL: 3.6436, Masked: 2.5201, Reg: 0.723094
Epoch [59/116], Total Loss: 4.3809, NLL: 3.6437, Masked: 2.5196, Reg: 0.723528
Epoch [60/116], Total Loss: 4.3808, NLL: 3.6436, Masked: 2.5207, Reg: 0.723366
Epoch [61/116], Total Loss: 4.3804, NLL: 3.6436, Masked: 2.5210, Reg: 0.723014
Epoch [62/116], Total Loss: 4.3804, NLL: 3.6437, Masked: 2.5193, Reg: 0.722962
Epoch [63/116], Total Loss: 4.3803, NLL: 3.6437, Masked: 2.5195, Reg: 0.722909
Epoch [64/116], Total Loss: 4.3806, NLL: 3.6436, Masked: 2.5185, Reg: 0.723161
Epoch [65/116], Total Loss: 4.3800, NLL: 3.6437, Masked: 2.5210, Reg: 0.722573
Epoch [66/116], Total Loss: 4.3797, NLL: 3.6437, Masked: 2.5207, Reg: 0.722304
Epoch [67/116], Total Loss: 4.3802, NLL: 3.6436, Masked: 2.5194, Reg: 0.722794
Epoch [68/116], Total Loss: 4.3797, NLL: 3.6436, Masked: 2.5203, Reg: 0.722319
Epoch [69/116], Total Loss: 4.3790, NLL: 3.6436, Masked: 2.5203, Reg: 0.721650
Epoch [70/116], Total Loss: 4.3784, NLL: 3.6436, Masked: 2.5194, Reg: 0.720997
Epoch [71/116], Total Loss: 4.3784, NLL: 3.6436, Masked: 2.5205, Reg: 0.720963
Epoch [72/116], Total Loss: 4.3784, NLL: 3.6437, Masked: 2.5203, Reg: 0.720982
Epoch [73/116], Total Loss: 4.3781, NLL: 3.6437, Masked: 2.5201, Reg: 0.720635
Epoch [74/116], Total Loss: 4.3777, NLL: 3.6436, Masked: 2.5200, Reg: 0.720277
Epoch [75/116], Total Loss: 4.3768, NLL: 3.6437, Masked: 2.5193, Reg: 0.719377
Epoch [76/116], Total Loss: 4.3759, NLL: 3.6436, Masked: 2.5200, Reg: 0.718499
Epoch [77/116], Total Loss: 4.3755, NLL: 3.6436, Masked: 2.5202, Reg: 0.718104
Epoch [78/116], Total Loss: 4.3750, NLL: 3.6437, Masked: 2.5201, Reg: 0.717564
Epoch [79/116], Total Loss: 4.3746, NLL: 3.6437, Masked: 2.5196, Reg: 0.717151
Epoch [80/116], Total Loss: 4.3744, NLL: 3.6436, Masked: 2.5203, Reg: 0.716949
Epoch [81/116], Total Loss: 4.3745, NLL: 3.6437, Masked: 2.5204, Reg: 0.717103
Epoch [82/116], Total Loss: 4.3749, NLL: 3.6436, Masked: 2.5191, Reg: 0.717532
Epoch [83/116], Total Loss: 4.3752, NLL: 3.6436, Masked: 2.5195, Reg: 0.717777
Epoch [84/116], Total Loss: 4.3750, NLL: 3.6436, Masked: 2.5204, Reg: 0.717586
Epoch [85/116], Total Loss: 4.3744, NLL: 3.6437, Masked: 2.5197, Reg: 0.716942
Epoch [86/116], Total Loss: 4.3739, NLL: 3.6436, Masked: 2.5203, Reg: 0.716455
Epoch [87/116], Total Loss: 4.3736, NLL: 3.6437, Masked: 2.5206, Reg: 0.716209
Epoch [88/116], Total Loss: 4.3737, NLL: 3.6437, Masked: 2.5198, Reg: 0.716314
Epoch [89/116], Total Loss: 4.3740, NLL: 3.6436, Masked: 2.5196, Reg: 0.716631
Epoch [90/116], Total Loss: 4.3743, NLL: 3.6436, Masked: 2.5190, Reg: 0.716883
Epoch [91/116], Total Loss: 4.3742, NLL: 3.6436, Masked: 2.5207, Reg: 0.716769
Epoch [92/116], Total Loss: 4.3740, NLL: 3.6437, Masked: 2.5192, Reg: 0.716631
Epoch [93/116], Total Loss: 4.3742, NLL: 3.6436, Masked: 2.5193, Reg: 0.716755
Epoch [94/116], Total Loss: 4.3743, NLL: 3.6437, Masked: 2.5203, Reg: 0.716890
Epoch [95/116], Total Loss: 4.3739, NLL: 3.6437, Masked: 2.5202, Reg: 0.716479
Epoch [96/116], Total Loss: 4.3737, NLL: 3.6436, Masked: 2.5206, Reg: 0.716299
Epoch [97/116], Total Loss: 4.3731, NLL: 3.6437, Masked: 2.5198, Reg: 0.715723
Epoch [98/116], Total Loss: 4.3730, NLL: 3.6436, Masked: 2.5193, Reg: 0.715598
Epoch [99/116], Total Loss: 4.3730, NLL: 3.6437, Masked: 2.5201, Reg: 0.715605
Epoch [100/116], Total Loss: 4.3730, NLL: 3.6436, Masked: 2.5205, Reg: 0.715594
Epoch [101/116], Total Loss: 4.3731, NLL: 3.6437, Masked: 2.5211, Reg: 0.715654
Epoch [102/116], Total Loss: 4.3729, NLL: 3.6437, Masked: 2.5205, Reg: 0.715514
Epoch [103/116], Total Loss: 4.3730, NLL: 3.6436, Masked: 2.5199, Reg: 0.715624
Epoch [104/116], Total Loss: 4.3730, NLL: 3.6437, Masked: 2.5197, Reg: 0.715552
Epoch [105/116], Total Loss: 4.3729, NLL: 3.6437, Masked: 2.5200, Reg: 0.715507
Epoch [106/116], Total Loss: 4.3728, NLL: 3.6437, Masked: 2.5203, Reg: 0.715336
Epoch [107/116], Total Loss: 4.3726, NLL: 3.6436, Masked: 2.5197, Reg: 0.715164
Epoch [108/116], Total Loss: 4.3726, NLL: 3.6437, Masked: 2.5203, Reg: 0.715175
Epoch [109/116], Total Loss: 4.3726, NLL: 3.6437, Masked: 2.5208, Reg: 0.715222
Epoch [110/116], Total Loss: 4.3724, NLL: 3.6437, Masked: 2.5197, Reg: 0.715026
Epoch [111/116], Total Loss: 4.3725, NLL: 3.6436, Masked: 2.5192, Reg: 0.715124
Epoch [112/116], Total Loss: 4.3726, NLL: 3.6437, Masked: 2.5195, Reg: 0.715167
Epoch [113/116], Total Loss: 4.3727, NLL: 3.6437, Masked: 2.5213, Reg: 0.715280
Epoch [114/116], Total Loss: 4.3726, NLL: 3.6436, Masked: 2.5207, Reg: 0.715202
Epoch [115/116], Total Loss: 4.3728, NLL: 3.6436, Masked: 2.5204, Reg: 0.715378
Epoch [116/116], Total Loss: 4.3728, NLL: 3.6437, Masked: 2.5200, Reg: 0.715414

==================================================
EVALUATING ON TRAINING DATA
==================================================

==================================================
TEST RESULTS
==================================================
Total Loss: 4.378988
  - ZINB NLL: 3.643708
Total number of masked values: 358051
  - Number of values with pi >= 0.47340829503229687: 358051
  - Number of values with pi < 0.47340829503229687: 0
  - Masked Reconstruction: 2.519644
  - Regularization: 0.721518
Mean Absolute Error (MAE): 2.311531
R² Score: -0.229365
==================================================


==================================================
TEST RESULTS
==================================================
Total Loss: 4.413062
  - ZINB NLL: 3.676279
Total number of masked values: 108781
  - Number of values with pi >= 0.47340829503229687: 108781
  - Number of values with pi < 0.47340829503229687: 0
  - Masked Reconstruction: 2.794930
  - Regularization: 0.721518
Mean Absolute Error (MAE): 2.693254
R² Score: -0.345158
==================================================


>>> Optimizing zinb_nll on VALIDATION set: 3.676279
>>> Full validation metrics: {'total_loss': 4.413062334060669, 'zinb_nll': 3.6762787448473215, 'mae': 2.693253993988037, 'r2': -0.34515810012817383, 'masked_loss': 2.7949304894105462, 'reg_loss': 0.7215182715746665}

Iteration No: 15 ended. Evaluation done at random point.
Time taken: 274.1817
Function value obtained: 3.6763
Current minimum: 1.8414
Iteration No: 16 started. Evaluating function at random point.

================================================================================
Trial with parameters:
  features: Nucl
  data_point_length: 1053
  step_size: 0.9194530412451567
  bin_size: 47
  sample_fraction: 0.42984051936805245
  moving_average: True
  first_layer_size_factor: 22
  num_layers: 6
  use_conv: False
  conv_channel: 74
  pool_size: 6
  kernel_size: 7
  epochs: 118
  batch_size: 32
  noise_level: 0.5094334894446688
  pi_threshold: 0.3634585790569964
  learning_rate: 2.2934746458906684e-05
  dropout_rate: 0.17093983335820082
  masked_recon_weight: 0.002329143589765976
  regularizer: l1
  regularization_weight: 0.0015131889657639332
================================================================================

Creating datasets with:
  features: ['Nucl']
  bin_size: 47
  moving_average: True
  data_point_length: 1053 (from 1053)
  step_size: 0.9194530412451567
  layers: [np.int64(352), np.int64(176), np.int64(88), np.int64(44), np.int64(22), np.int64(11)] (first=352, num=6)
  stride: 1 (fixed), padding: 0 (fixed)


Clipping outliers using 95th percentile * 1.5...
strain_yTW001: Clipping values above 134.25 (P95=89.50). Clipped 27529/1193409 values (2.31%)
strain_FD: Clipping values above 71.92 (P95=47.94). Clipped 95791/4127807 values (2.32%)
strain_dnrp: Clipping values above 243.00 (P95=162.00). Clipped 25649/1119454 values (2.29%)
strain_yEK19: Clipping values above 77.10 (P95=51.40). Clipped 83713/3893623 values (2.15%)
strain_yEK23: Clipping values above 72.00 (P95=48.00). Clipped 86381/3558407 values (2.43%)
strain_yWT03a: Clipping values above 15.00 (P95=10.00). Clipped 10602/347679 values (3.05%)
strain_yWT04a: Clipping values above 58.50 (P95=39.00). Clipped 21095/725406 values (2.91%)
strain_ylic137: Clipping values above 142.50 (P95=95.00). Clipped 28746/1112684 values (2.58%)
Standardizing features: ['Nucl']
Column order in final array (Dataset/Chrom split): ['Value', 'Nucleosome_Distance', 'Value_Raw', 'Size_Factor']
Removing 0 empty data points out of 56984
Column order in final array (Dataset/Chrom split): ['Value', 'Nucleosome_Distance', 'Value_Raw', 'Size_Factor']
Removing 0 empty data points out of 10200
Column order in final array (Dataset/Chrom split): ['Value', 'Nucleosome_Distance', 'Value_Raw', 'Size_Factor']
Removing 0 empty data points out of 32616
Datasets created:
  Train: (56984, 1053, 4), Val: (10200, 1053, 4), Test: (32616, 1053, 4)

Randomly sampled 24494/56984 samples (43.0%)
Applied denoising with 50.9% masking
Applied denoising with 50.9% masking
Applied denoising with 50.9% masking
Epoch [1/118], Total Loss: 19.4399, NLL: 3.0970, Masked: 27.9114, Reg: 16.277930
Epoch [2/118], Total Loss: 10.4398, NLL: 3.0973, Masked: 27.9068, Reg: 7.277484
Epoch [3/118], Total Loss: 8.2091, NLL: 3.0978, Masked: 27.9127, Reg: 5.046248
Epoch [4/118], Total Loss: 7.0653, NLL: 3.0983, Masked: 27.9057, Reg: 3.901969
Epoch [5/118], Total Loss: 6.5877, NLL: 3.0988, Masked: 27.9064, Reg: 3.423873
Epoch [6/118], Total Loss: 6.3837, NLL: 3.0994, Masked: 27.9076, Reg: 3.219362
Epoch [7/118], Total Loss: 6.2774, NLL: 3.0999, Masked: 27.9066, Reg: 3.112410
Epoch [8/118], Total Loss: 6.2084, NLL: 3.1006, Masked: 27.9033, Reg: 3.042876
Epoch [9/118], Total Loss: 6.1573, NLL: 3.1012, Masked: 27.9050, Reg: 2.991110
Epoch [10/118], Total Loss: 6.1177, NLL: 3.1018, Masked: 27.9118, Reg: 2.950881
Epoch [11/118], Total Loss: 6.0821, NLL: 3.1025, Masked: 27.9091, Reg: 2.914529
Epoch [12/118], Total Loss: 6.0495, NLL: 3.1032, Masked: 27.9071, Reg: 2.881271
Epoch [13/118], Total Loss: 6.0196, NLL: 3.1040, Masked: 27.8996, Reg: 2.850619
Epoch [14/118], Total Loss: 5.9906, NLL: 3.1048, Masked: 27.9097, Reg: 2.820784
Epoch [15/118], Total Loss: 5.9619, NLL: 3.1056, Masked: 27.9044, Reg: 2.791353
Epoch [16/118], Total Loss: 5.9339, NLL: 3.1064, Masked: 27.9135, Reg: 2.762484
Epoch [17/118], Total Loss: 5.9063, NLL: 3.1072, Masked: 27.9144, Reg: 2.734066
Epoch [18/118], Total Loss: 5.8791, NLL: 3.1081, Masked: 27.9030, Reg: 2.706022
Epoch [19/118], Total Loss: 5.8521, NLL: 3.1091, Masked: 27.9100, Reg: 2.678078
Epoch [20/118], Total Loss: 5.8251, NLL: 3.1100, Masked: 27.9086, Reg: 2.650139
Epoch [21/118], Total Loss: 5.7982, NLL: 3.1110, Masked: 27.9049, Reg: 2.622198
Epoch [22/118], Total Loss: 5.7713, NLL: 3.1120, Masked: 27.9096, Reg: 2.594264
Epoch [23/118], Total Loss: 5.7444, NLL: 3.1131, Masked: 27.9035, Reg: 2.566330
Epoch [24/118], Total Loss: 5.7175, NLL: 3.1141, Masked: 27.9067, Reg: 2.538390
Epoch [25/118], Total Loss: 5.6907, NLL: 3.1153, Masked: 27.9063, Reg: 2.510454
Epoch [26/118], Total Loss: 5.6639, NLL: 3.1164, Masked: 27.9056, Reg: 2.482522
Epoch [27/118], Total Loss: 5.6372, NLL: 3.1176, Masked: 27.9103, Reg: 2.454595
Epoch [28/118], Total Loss: 5.6105, NLL: 3.1188, Masked: 27.9147, Reg: 2.426663
Epoch [29/118], Total Loss: 5.5838, NLL: 3.1201, Masked: 27.9099, Reg: 2.398723
Epoch [30/118], Total Loss: 5.5572, NLL: 3.1214, Masked: 27.9145, Reg: 2.370800
Epoch [31/118], Total Loss: 5.5306, NLL: 3.1227, Masked: 27.9062, Reg: 2.342867
Epoch [32/118], Total Loss: 5.5041, NLL: 3.1241, Masked: 27.9145, Reg: 2.314943
Epoch [33/118], Total Loss: 5.4775, NLL: 3.1255, Masked: 27.9065, Reg: 2.287018
Epoch [34/118], Total Loss: 5.4511, NLL: 3.1270, Masked: 27.9058, Reg: 2.259086
Epoch [35/118], Total Loss: 5.4246, NLL: 3.1285, Masked: 27.9074, Reg: 2.231163
Epoch [36/118], Total Loss: 5.3982, NLL: 3.1300, Masked: 27.8994, Reg: 2.203236
Epoch [37/118], Total Loss: 5.3719, NLL: 3.1316, Masked: 27.9073, Reg: 2.175321
Epoch [38/118], Total Loss: 5.3456, NLL: 3.1332, Masked: 27.8990, Reg: 2.147396
Epoch [39/118], Total Loss: 5.3193, NLL: 3.1349, Masked: 27.9074, Reg: 2.119466
Epoch [40/118], Total Loss: 5.2931, NLL: 3.1365, Masked: 27.9144, Reg: 2.091556
Epoch [41/118], Total Loss: 5.2669, NLL: 3.1383, Masked: 27.9096, Reg: 2.063636
Epoch [42/118], Total Loss: 5.2408, NLL: 3.1401, Masked: 27.9114, Reg: 2.035716
Epoch [43/118], Total Loss: 5.2147, NLL: 3.1419, Masked: 27.9101, Reg: 2.007800
Epoch [44/118], Total Loss: 5.1887, NLL: 3.1438, Masked: 27.9155, Reg: 1.979878
Epoch [45/118], Total Loss: 5.1627, NLL: 3.1457, Masked: 27.9050, Reg: 1.951970
Epoch [46/118], Total Loss: 5.1367, NLL: 3.1477, Masked: 27.9100, Reg: 1.924054
Epoch [47/118], Total Loss: 5.1108, NLL: 3.1497, Masked: 27.9062, Reg: 1.896137
Epoch [48/118], Total Loss: 5.0850, NLL: 3.1517, Masked: 27.9091, Reg: 1.868220
Epoch [49/118], Total Loss: 5.0592, NLL: 3.1538, Masked: 27.9068, Reg: 1.840323
Epoch [50/118], Total Loss: 5.0334, NLL: 3.1560, Masked: 27.9087, Reg: 1.812404
Epoch [51/118], Total Loss: 5.0077, NLL: 3.1582, Masked: 27.9155, Reg: 1.784499
Epoch [52/118], Total Loss: 4.9820, NLL: 3.1604, Masked: 27.9138, Reg: 1.756584
Epoch [53/118], Total Loss: 4.9564, NLL: 3.1627, Masked: 27.9151, Reg: 1.728678
Epoch [54/118], Total Loss: 4.9309, NLL: 3.1651, Masked: 27.9102, Reg: 1.700779
Epoch [55/118], Total Loss: 4.9054, NLL: 3.1675, Masked: 27.9128, Reg: 1.672864
Epoch [56/118], Total Loss: 4.8799, NLL: 3.1700, Masked: 27.9184, Reg: 1.644967
Epoch [57/118], Total Loss: 4.8545, NLL: 3.1724, Masked: 27.9134, Reg: 1.617072
Epoch [58/118], Total Loss: 4.8292, NLL: 3.1750, Masked: 27.9031, Reg: 1.589157
Epoch [59/118], Total Loss: 4.8039, NLL: 3.1776, Masked: 27.9073, Reg: 1.561267
Epoch [60/118], Total Loss: 4.7786, NLL: 3.1803, Masked: 27.9060, Reg: 1.533358
Epoch [61/118], Total Loss: 4.7535, NLL: 3.1830, Masked: 27.9115, Reg: 1.505460
Epoch [62/118], Total Loss: 4.7283, NLL: 3.1858, Masked: 27.9129, Reg: 1.477564
Epoch [63/118], Total Loss: 4.7032, NLL: 3.1886, Masked: 27.8973, Reg: 1.449676
Epoch [64/118], Total Loss: 4.6783, NLL: 3.1915, Masked: 27.9104, Reg: 1.421772
Epoch [65/118], Total Loss: 4.6533, NLL: 3.1944, Masked: 27.9122, Reg: 1.393874
Epoch [66/118], Total Loss: 4.6284, NLL: 3.1974, Masked: 27.9059, Reg: 1.365992
Epoch [67/118], Total Loss: 4.6035, NLL: 3.2005, Masked: 27.9062, Reg: 1.338093
Epoch [68/118], Total Loss: 4.5788, NLL: 3.2036, Masked: 27.9131, Reg: 1.310206
Epoch [69/118], Total Loss: 4.5540, NLL: 3.2067, Masked: 27.9072, Reg: 1.282319
Epoch [70/118], Total Loss: 4.5294, NLL: 3.2099, Masked: 27.9081, Reg: 1.254426
Epoch [71/118], Total Loss: 4.5048, NLL: 3.2132, Masked: 27.9136, Reg: 1.226532
Epoch [72/118], Total Loss: 4.4802, NLL: 3.2166, Masked: 27.9107, Reg: 1.198649
Epoch [73/118], Total Loss: 4.4557, NLL: 3.2200, Masked: 27.9101, Reg: 1.170759
Epoch [74/118], Total Loss: 4.4313, NLL: 3.2234, Masked: 27.9076, Reg: 1.142886
Epoch [75/118], Total Loss: 4.4069, NLL: 3.2269, Masked: 27.9052, Reg: 1.115005
Epoch [76/118], Total Loss: 4.3826, NLL: 3.2305, Masked: 27.9038, Reg: 1.087120
Epoch [77/118], Total Loss: 4.3584, NLL: 3.2342, Masked: 27.9110, Reg: 1.059237
Epoch [78/118], Total Loss: 4.3342, NLL: 3.2379, Masked: 27.9061, Reg: 1.031358
Epoch [79/118], Total Loss: 4.3101, NLL: 3.2416, Masked: 27.9106, Reg: 1.003480
Epoch [80/118], Total Loss: 4.2861, NLL: 3.2455, Masked: 27.9139, Reg: 0.975597
Epoch [81/118], Total Loss: 4.2621, NLL: 3.2494, Masked: 27.9126, Reg: 0.947724
Epoch [82/118], Total Loss: 4.2382, NLL: 3.2533, Masked: 27.9066, Reg: 0.919845
Epoch [83/118], Total Loss: 4.1658, NLL: 3.2573, Masked: 7.0570, Reg: 0.891978
Epoch [84/118], Total Loss: 4.1319, NLL: 3.2614, Masked: 2.7544, Reg: 0.864104
Epoch [85/118], Total Loss: 4.1082, NLL: 3.2656, Masked: 2.7523, Reg: 0.836222
Epoch [86/118], Total Loss: 4.0846, NLL: 3.2698, Masked: 2.7540, Reg: 0.808373
Epoch [87/118], Total Loss: 4.0610, NLL: 3.2741, Masked: 2.7528, Reg: 0.780486
Epoch [88/118], Total Loss: 4.0374, NLL: 3.2784, Masked: 2.7537, Reg: 0.752623
Epoch [89/118], Total Loss: 4.0140, NLL: 3.2828, Masked: 2.7549, Reg: 0.724742
Epoch [90/118], Total Loss: 3.9906, NLL: 3.2873, Masked: 2.7535, Reg: 0.696889
Epoch [91/118], Total Loss: 3.9673, NLL: 3.2919, Masked: 2.7550, Reg: 0.669013
Epoch [92/118], Total Loss: 3.9440, NLL: 3.2965, Masked: 2.7536, Reg: 0.641147
Epoch [93/118], Total Loss: 3.9208, NLL: 3.3011, Masked: 2.7523, Reg: 0.613286
Epoch [94/118], Total Loss: 3.8977, NLL: 3.3059, Masked: 2.7538, Reg: 0.585432
Epoch [95/118], Total Loss: 3.8747, NLL: 3.3107, Masked: 2.7544, Reg: 0.557571
Epoch [96/118], Total Loss: 3.8517, NLL: 3.3156, Masked: 2.7531, Reg: 0.529712
Epoch [97/118], Total Loss: 3.8288, NLL: 3.3205, Masked: 2.7540, Reg: 0.501846
Epoch [98/118], Total Loss: 3.8060, NLL: 3.3255, Masked: 2.7538, Reg: 0.473988
Epoch [99/118], Total Loss: 3.7832, NLL: 3.3306, Masked: 2.7519, Reg: 0.446123
Epoch [100/118], Total Loss: 3.7605, NLL: 3.3358, Masked: 2.7534, Reg: 0.418274
Epoch [101/118], Total Loss: 3.7379, NLL: 3.3410, Masked: 2.7531, Reg: 0.390417
Epoch [102/118], Total Loss: 3.7153, NLL: 3.3463, Masked: 2.7531, Reg: 0.362560
Epoch [103/118], Total Loss: 3.6928, NLL: 3.3517, Masked: 2.7522, Reg: 0.334716
Epoch [104/118], Total Loss: 3.6704, NLL: 3.3571, Masked: 2.7536, Reg: 0.306850
Epoch [105/118], Total Loss: 3.6480, NLL: 3.3626, Masked: 2.7530, Reg: 0.279004
Epoch [106/118], Total Loss: 3.6258, NLL: 3.3682, Masked: 2.7527, Reg: 0.251142
Epoch [107/118], Total Loss: 3.6036, NLL: 3.3739, Masked: 2.7543, Reg: 0.223301
Epoch [108/118], Total Loss: 3.5814, NLL: 3.3796, Masked: 2.7524, Reg: 0.195455
Epoch [109/118], Total Loss: 3.5594, NLL: 3.3854, Masked: 2.7549, Reg: 0.167598
Epoch [110/118], Total Loss: 3.5374, NLL: 3.3912, Masked: 2.7530, Reg: 0.139763
Epoch [111/118], Total Loss: 3.5155, NLL: 3.3971, Masked: 2.7545, Reg: 0.111912
Epoch [112/118], Total Loss: 3.4936, NLL: 3.4032, Masked: 2.7566, Reg: 0.084056
Epoch [113/118], Total Loss: 3.4719, NLL: 3.4092, Masked: 2.7554, Reg: 0.056224
Epoch [114/118], Total Loss: 3.4502, NLL: 3.4154, Masked: 2.7556, Reg: 0.028370
Epoch [115/118], Total Loss: 3.4351, NLL: 3.4197, Masked: 2.7529, Reg: 0.008997
Epoch [116/118], Total Loss: 3.4346, NLL: 3.4198, Masked: 2.7552, Reg: 0.008322
Epoch [117/118], Total Loss: 3.4346, NLL: 3.4198, Masked: 2.7526, Reg: 0.008322
Epoch [118/118], Total Loss: 3.4346, NLL: 3.4198, Masked: 2.7569, Reg: 0.008321

==================================================
EVALUATING ON TRAINING DATA
==================================================

==================================================
TEST RESULTS
==================================================
Total Loss: 3.434566
  - ZINB NLL: 3.419833
Total number of masked values: 10982198
  - Number of values with pi >= 0.3634585790569964: 10982198
  - Number of values with pi < 0.3634585790569964: 0
  - Masked Reconstruction: 2.753654
  - Regularization: 0.008320
Mean Absolute Error (MAE): 2.309313
R² Score: -0.205264
==================================================


==================================================
TEST RESULTS
==================================================
Total Loss: 3.499461
  - ZINB NLL: 3.484266
Total number of masked values: 4678769
  - Number of values with pi >= 0.3634585790569964: 4678769
  - Number of values with pi < 0.3634585790569964: 0
  - Masked Reconstruction: 2.952134
  - Regularization: 0.008320
Mean Absolute Error (MAE): 2.701444
R² Score: -0.278860
==================================================


>>> Optimizing zinb_nll on VALIDATION set: 3.484266
>>> Full validation metrics: {'total_loss': 3.499461353152406, 'zinb_nll': 3.4842658908694397, 'mae': 2.701444149017334, 'r2': -0.27885961532592773, 'masked_loss': 2.952134352688696, 'reg_loss': 0.008319557888892732}

Iteration No: 16 ended. Evaluation done at random point.
Time taken: 1184.7550
Function value obtained: 3.4843
Current minimum: 1.8414
Iteration No: 17 started. Evaluating function at random point.

================================================================================
Trial with parameters:
  features: Nucl
  data_point_length: 2166
  step_size: 0.06630304674016273
  bin_size: 78
  sample_fraction: 0.8551847327880848
  moving_average: True
  first_layer_size_factor: 49
  num_layers: 4
  use_conv: True
  conv_channel: 122
  pool_size: 7
  kernel_size: 5
  epochs: 32
  batch_size: 128
  noise_level: 0.4509358955237334
  pi_threshold: 0.515750979360025
  learning_rate: 0.0011269153853645168
  dropout_rate: 0.30792558219495697
  masked_recon_weight: 5.964395285373708
  regularizer: none
  regularization_weight: 11.75959960242923
================================================================================

Creating datasets with:
  features: ['Nucl']
  bin_size: 78
  moving_average: True
  data_point_length: 2166 (from 2166)
  step_size: 0.06630304674016273
  layers: [np.int64(784), np.int64(392), np.int64(196), np.int64(98)] (first=784, num=4)
  stride: 1 (fixed), padding: 0 (fixed)


Clipping outliers using 95th percentile * 1.5...
strain_yTW001: Clipping values above 134.25 (P95=89.50). Clipped 27529/1193409 values (2.31%)
strain_FD: Clipping values above 71.92 (P95=47.94). Clipped 95791/4127807 values (2.32%)
strain_dnrp: Clipping values above 243.00 (P95=162.00). Clipped 25649/1119454 values (2.29%)
strain_yEK19: Clipping values above 77.10 (P95=51.40). Clipped 83713/3893623 values (2.15%)
strain_yEK23: Clipping values above 72.00 (P95=48.00). Clipped 86381/3558407 values (2.43%)
strain_yWT03a: Clipping values above 15.00 (P95=10.00). Clipped 10602/347679 values (3.05%)
strain_yWT04a: Clipping values above 58.50 (P95=39.00). Clipped 21095/725406 values (2.91%)
strain_ylic137: Clipping values above 142.50 (P95=95.00). Clipped 28746/1112684 values (2.58%)
Standardizing features: ['Nucl']
Column order in final array (Dataset/Chrom split): ['Value', 'Nucleosome_Distance', 'Value_Raw', 'Size_Factor']
Removing 0 empty data points out of 384600
Column order in final array (Dataset/Chrom split): ['Value', 'Nucleosome_Distance', 'Value_Raw', 'Size_Factor']
Removing 0 empty data points out of 68624
Column order in final array (Dataset/Chrom split): ['Value', 'Nucleosome_Distance', 'Value_Raw', 'Size_Factor']
Removing 0 empty data points out of 220280
Datasets created:
  Train: (384600, 2166, 4), Val: (68624, 2166, 4), Test: (220280, 2166, 4)

Randomly sampled 328904/384600 samples (85.5%)
Applied denoising with 45.1% masking
Applied denoising with 45.1% masking
Applied denoising with 45.1% masking
Epoch [1/32], Total Loss: 16.0748, NLL: 2.2858, Masked: 2.3119
Epoch [2/32], Total Loss: 15.9102, NLL: 2.2849, Masked: 2.2844
Epoch [3/32], Total Loss: 15.9110, NLL: 2.2849, Masked: 2.2846
Epoch [4/32], Total Loss: 15.9098, NLL: 2.2849, Masked: 2.2844
Epoch [5/32], Total Loss: 15.9105, NLL: 2.2849, Masked: 2.2845
Epoch [6/32], Total Loss: 15.9104, NLL: 2.2849, Masked: 2.2845
Epoch [7/32], Total Loss: 15.9105, NLL: 2.2849, Masked: 2.2845
Epoch [8/32], Total Loss: 15.9104, NLL: 2.2849, Masked: 2.2845
Epoch [9/32], Total Loss: 15.9099, NLL: 2.2849, Masked: 2.2844
Epoch [10/32], Total Loss: 15.9100, NLL: 2.2849, Masked: 2.2844
Epoch [11/32], Total Loss: 15.9094, NLL: 2.2849, Masked: 2.2843
Epoch [12/32], Total Loss: 15.9098, NLL: 2.2849, Masked: 2.2844
Epoch [13/32], Total Loss: 15.9102, NLL: 2.2849, Masked: 2.2844
Epoch [14/32], Total Loss: 15.9098, NLL: 2.2849, Masked: 2.2844
Epoch [15/32], Total Loss: 15.9099, NLL: 2.2849, Masked: 2.2844
Epoch [16/32], Total Loss: 15.9095, NLL: 2.2849, Masked: 2.2843
Epoch [17/32], Total Loss: 15.9102, NLL: 2.2849, Masked: 2.2844
Epoch [18/32], Total Loss: 15.9103, NLL: 2.2849, Masked: 2.2845
Epoch [19/32], Total Loss: 15.9094, NLL: 2.2849, Masked: 2.2843
Epoch [20/32], Total Loss: 15.9095, NLL: 2.2849, Masked: 2.2843
Epoch [21/32], Total Loss: 15.9104, NLL: 2.2849, Masked: 2.2845
Epoch [22/32], Total Loss: 15.9095, NLL: 2.2849, Masked: 2.2843
Epoch [23/32], Total Loss: 15.9106, NLL: 2.2849, Masked: 2.2845
Epoch [24/32], Total Loss: 15.9094, NLL: 2.2849, Masked: 2.2843
Epoch [25/32], Total Loss: 15.9098, NLL: 2.2849, Masked: 2.2844
Epoch [26/32], Total Loss: 15.9101, NLL: 2.2849, Masked: 2.2844
Epoch [27/32], Total Loss: 15.9098, NLL: 2.2849, Masked: 2.2844
Epoch [28/32], Total Loss: 15.9109, NLL: 2.2849, Masked: 2.2846
Epoch [29/32], Total Loss: 15.9099, NLL: 2.2849, Masked: 2.2844
Epoch [30/32], Total Loss: 15.9101, NLL: 2.2849, Masked: 2.2844
Epoch [31/32], Total Loss: 15.9092, NLL: 2.2849, Masked: 2.2843
Epoch [32/32], Total Loss: 15.9092, NLL: 2.2849, Masked: 2.2843

==================================================
EVALUATING ON TRAINING DATA
==================================================

==================================================
TEST RESULTS
==================================================
Total Loss: 15.909517
  - ZINB NLL: 2.284908
Total number of masked values: 288290694
  - Number of values with pi >= 0.515750979360025: 0
  - Number of values with pi < 0.515750979360025: 288290694
  - Masked Reconstruction: 2.284324
Mean Absolute Error (MAE): 2.154161
R² Score: -0.071665
==================================================


==================================================
TEST RESULTS
==================================================
Total Loss: 17.691750
  - ZINB NLL: 2.561877
Total number of masked values: 61111202
  - Number of values with pi >= 0.515750979360025: 0
  - Number of values with pi < 0.515750979360025: 61111202
  - Masked Reconstruction: 2.536698
Mean Absolute Error (MAE): 2.476076
R² Score: -0.126739
==================================================


>>> Optimizing zinb_nll on VALIDATION set: 2.561877
>>> Full validation metrics: {'total_loss': 17.691749898501836, 'zinb_nll': 2.561877343670753, 'mae': 2.476076364517212, 'r2': -0.12673866748809814, 'masked_loss': 2.536698394095211}

Iteration No: 17 ended. Evaluation done at random point.
Time taken: 2047.5848
Function value obtained: 2.5619
Current minimum: 1.8414
Iteration No: 18 started. Evaluating function at random point.

================================================================================
Trial with parameters:
  features: Centr
  data_point_length: 8109
  step_size: 0.6933099252638327
  bin_size: 59
  sample_fraction: 0.3463752649254327
  moving_average: False
  first_layer_size_factor: 83
  num_layers: 4
  use_conv: False
  conv_channel: 89
  pool_size: 3
  kernel_size: 5
  epochs: 56
  batch_size: 64
  noise_level: 0.03506681907921027
  pi_threshold: 0.5473015537351571
  learning_rate: 0.00010224984178178775
  dropout_rate: 0.32786131769037113
  masked_recon_weight: 0.034800580138998366
  regularizer: none
  regularization_weight: 0.0024231036190692696
================================================================================

Creating datasets with:
  features: ['Centr']
  bin_size: 59
  moving_average: False
  data_point_length: 137 (from 8109)
  step_size: 0.6933099252638327
  layers: [np.int64(1328), np.int64(664), np.int64(332), np.int64(166)] (first=1328, num=4)
  stride: 1 (fixed), padding: 0 (fixed)


Clipping outliers using 95th percentile * 1.5...
strain_yTW001: Clipping values above 134.25 (P95=89.50). Clipped 27529/1193409 values (2.31%)
strain_FD: Clipping values above 71.92 (P95=47.94). Clipped 95791/4127807 values (2.32%)
strain_dnrp: Clipping values above 243.00 (P95=162.00). Clipped 25649/1119454 values (2.29%)
strain_yEK19: Clipping values above 77.10 (P95=51.40). Clipped 83713/3893623 values (2.15%)
strain_yEK23: Clipping values above 72.00 (P95=48.00). Clipped 86381/3558407 values (2.43%)
strain_yWT03a: Clipping values above 15.00 (P95=10.00). Clipped 10602/347679 values (3.05%)
strain_yWT04a: Clipping values above 58.50 (P95=39.00). Clipped 21095/725406 values (2.91%)
strain_ylic137: Clipping values above 142.50 (P95=95.00). Clipped 28746/1112684 values (2.58%)
Standardizing features: ['Centr']
Column order in final array (Dataset/Chrom split): ['Value', 'Centromere_Distance', 'Value_Raw', 'Size_Factor']
Removing 0 empty data points out of 9944
Column order in final array (Dataset/Chrom split): ['Value', 'Centromere_Distance', 'Value_Raw', 'Size_Factor']
Removing 0 empty data points out of 1784
Column order in final array (Dataset/Chrom split): ['Value', 'Centromere_Distance', 'Value_Raw', 'Size_Factor']
Removing 0 empty data points out of 5696
Datasets created:
  Train: (9944, 137, 4), Val: (1784, 137, 4), Test: (5696, 137, 4)

Randomly sampled 3444/9944 samples (34.6%)
Applied denoising with 3.5% masking
Applied denoising with 3.5% masking
Applied denoising with 3.5% masking
Epoch [1/56], Total Loss: 3.1484, NLL: 2.6404, Masked: 14.5962
Epoch [2/56], Total Loss: 2.1866, NLL: 2.0898, Masked: 2.7819
Epoch [3/56], Total Loss: 2.1148, NLL: 2.0236, Masked: 2.6210
Epoch [4/56], Total Loss: 2.0593, NLL: 1.9682, Masked: 2.6198
Epoch [5/56], Total Loss: 1.9477, NLL: 1.8609, Masked: 2.4957
Epoch [6/56], Total Loss: 1.9225, NLL: 1.8376, Masked: 2.4380
Epoch [7/56], Total Loss: 1.9093, NLL: 1.8251, Masked: 2.4201
Epoch [8/56], Total Loss: 1.9056, NLL: 1.8215, Masked: 2.4159
Epoch [9/56], Total Loss: 1.9006, NLL: 1.8171, Masked: 2.3984
Epoch [10/56], Total Loss: 1.8990, NLL: 1.8156, Masked: 2.3974
Epoch [11/56], Total Loss: 1.8963, NLL: 1.8129, Masked: 2.3954
Epoch [12/56], Total Loss: 1.8946, NLL: 1.8114, Masked: 2.3886
Epoch [13/56], Total Loss: 1.8928, NLL: 1.8096, Masked: 2.3895
Epoch [14/56], Total Loss: 1.8929, NLL: 1.8099, Masked: 2.3859
Epoch [15/56], Total Loss: 1.8896, NLL: 1.8070, Masked: 2.3734
Epoch [16/56], Total Loss: 1.8880, NLL: 1.8054, Masked: 2.3747
Epoch [17/56], Total Loss: 1.8886, NLL: 1.8058, Masked: 2.3772
Epoch [18/56], Total Loss: 1.8872, NLL: 1.8050, Masked: 2.3603
Epoch [19/56], Total Loss: 1.8875, NLL: 1.8051, Masked: 2.3656
Epoch [20/56], Total Loss: 1.8849, NLL: 1.8031, Masked: 2.3498
Epoch [21/56], Total Loss: 1.8841, NLL: 1.8022, Masked: 2.3531
Epoch [22/56], Total Loss: 1.8852, NLL: 1.8031, Masked: 2.3574
Epoch [23/56], Total Loss: 1.8841, NLL: 1.8023, Masked: 2.3513
Epoch [24/56], Total Loss: 1.8828, NLL: 1.8012, Masked: 2.3447
Epoch [25/56], Total Loss: 1.8839, NLL: 1.8020, Masked: 2.3530
Epoch [26/56], Total Loss: 1.8836, NLL: 1.8019, Masked: 2.3473
Epoch [27/56], Total Loss: 1.8828, NLL: 1.8010, Masked: 2.3487
Epoch [28/56], Total Loss: 1.8832, NLL: 1.8018, Masked: 2.3386
Epoch [29/56], Total Loss: 1.8821, NLL: 1.8006, Masked: 2.3394
Epoch [30/56], Total Loss: 1.8818, NLL: 1.8005, Masked: 2.3387
Epoch [31/56], Total Loss: 1.8820, NLL: 1.8008, Masked: 2.3332
Epoch [32/56], Total Loss: 1.8821, NLL: 1.8006, Masked: 2.3411
Epoch [33/56], Total Loss: 1.8824, NLL: 1.8008, Masked: 2.3449
Epoch [34/56], Total Loss: 1.8821, NLL: 1.8008, Masked: 2.3385
Epoch [35/56], Total Loss: 1.8816, NLL: 1.8005, Masked: 2.3296
Epoch [36/56], Total Loss: 1.8815, NLL: 1.8003, Masked: 2.3319
Epoch [37/56], Total Loss: 1.8808, NLL: 1.7995, Masked: 2.3369
Epoch [38/56], Total Loss: 1.8810, NLL: 1.7998, Masked: 2.3336
Epoch [39/56], Total Loss: 1.8808, NLL: 1.7996, Masked: 2.3336
Epoch [40/56], Total Loss: 1.8808, NLL: 1.7996, Masked: 2.3338
Epoch [41/56], Total Loss: 1.8805, NLL: 1.7993, Masked: 2.3320
Epoch [42/56], Total Loss: 1.8806, NLL: 1.7996, Masked: 2.3281
Epoch [43/56], Total Loss: 1.8803, NLL: 1.7993, Masked: 2.3284
Epoch [44/56], Total Loss: 1.8802, NLL: 1.7992, Masked: 2.3270
Epoch [45/56], Total Loss: 1.8800, NLL: 1.7990, Masked: 2.3294
Epoch [46/56], Total Loss: 1.8804, NLL: 1.7996, Masked: 2.3219
Epoch [47/56], Total Loss: 1.8807, NLL: 1.7994, Masked: 2.3356
Epoch [48/56], Total Loss: 1.8799, NLL: 1.7992, Masked: 2.3171
Epoch [49/56], Total Loss: 1.8794, NLL: 1.7986, Masked: 2.3221
Epoch [50/56], Total Loss: 1.8799, NLL: 1.7988, Masked: 2.3295
Epoch [51/56], Total Loss: 1.8797, NLL: 1.7987, Masked: 2.3272
Epoch [52/56], Total Loss: 1.8791, NLL: 1.7984, Masked: 2.3197
Epoch [53/56], Total Loss: 1.8791, NLL: 1.7984, Masked: 2.3195
Epoch [54/56], Total Loss: 1.8789, NLL: 1.7979, Masked: 2.3257
Epoch [55/56], Total Loss: 1.8799, NLL: 1.7992, Masked: 2.3212
Epoch [56/56], Total Loss: 1.8788, NLL: 1.7982, Masked: 2.3175

==================================================
EVALUATING ON TRAINING DATA
==================================================

==================================================
TEST RESULTS
==================================================
Total Loss: 1.873363
  - ZINB NLL: 1.793518
Total number of masked values: 12345
  - Number of values with pi >= 0.5473015537351571: 0
  - Number of values with pi < 0.5473015537351571: 12345
  - Masked Reconstruction: 2.294357
Mean Absolute Error (MAE): 2.172131
R² Score: 0.283580
==================================================


==================================================
TEST RESULTS
==================================================
Total Loss: 2.008655
  - ZINB NLL: 1.925631
Total number of masked values: 6527
  - Number of values with pi >= 0.5473015537351571: 0
  - Number of values with pi < 0.5473015537351571: 6527
  - Masked Reconstruction: 2.385717
Mean Absolute Error (MAE): 2.433558
R² Score: 0.191646
==================================================


>>> Optimizing zinb_nll on VALIDATION set: 1.925631
>>> Full validation metrics: {'total_loss': 2.0086548793476258, 'zinb_nll': 1.9256305202774937, 'mae': 2.433558225631714, 'r2': 0.19164615869522095, 'masked_loss': 2.385717188296297}

Iteration No: 18 ended. Evaluation done at random point.
Time taken: 57.2173
Function value obtained: 1.9256
Current minimum: 1.8414
Iteration No: 19 started. Evaluating function at random point.

================================================================================
Trial with parameters:
  features: Centr_Nucl
  data_point_length: 5212
  step_size: 0.7082458407573425
  bin_size: 38
  sample_fraction: 0.9524861138917806
  moving_average: True
  first_layer_size_factor: 44
  num_layers: 6
  use_conv: False
  conv_channel: 63
  pool_size: 5
  kernel_size: 9
  epochs: 118
  batch_size: 32
  noise_level: 0.22501480429449425
  pi_threshold: 0.532217604937564
  learning_rate: 0.003993464440367597
  dropout_rate: 0.28093334607188686
  masked_recon_weight: 0.009003003918352884
  regularizer: none
  regularization_weight: 1.5113370292813562
================================================================================

Creating datasets with:
  features: ['Centr', 'Nucl']
  bin_size: 38
  moving_average: True
  data_point_length: 5212 (from 5212)
  step_size: 0.7082458407573425
  layers: [np.int64(704), np.int64(352), np.int64(176), np.int64(88), np.int64(44), np.int64(22)] (first=704, num=6)
  stride: 1 (fixed), padding: 0 (fixed)


Clipping outliers using 95th percentile * 1.5...
strain_yTW001: Clipping values above 134.25 (P95=89.50). Clipped 27529/1193409 values (2.31%)
strain_FD: Clipping values above 71.92 (P95=47.94). Clipped 95791/4127807 values (2.32%)
strain_dnrp: Clipping values above 243.00 (P95=162.00). Clipped 25649/1119454 values (2.29%)
strain_yEK19: Clipping values above 77.10 (P95=51.40). Clipped 83713/3893623 values (2.15%)
strain_yEK23: Clipping values above 72.00 (P95=48.00). Clipped 86381/3558407 values (2.43%)
strain_yWT03a: Clipping values above 15.00 (P95=10.00). Clipped 10602/347679 values (3.05%)
strain_yWT04a: Clipping values above 58.50 (P95=39.00). Clipped 21095/725406 values (2.91%)
strain_ylic137: Clipping values above 142.50 (P95=95.00). Clipped 28746/1112684 values (2.58%)
Standardizing features: ['Centr', 'Nucl']
Column order in final array (Dataset/Chrom split): ['Value', 'Nucleosome_Distance', 'Centromere_Distance', 'Value_Raw', 'Size_Factor']
Removing 0 empty data points out of 14952
Column order in final array (Dataset/Chrom split): ['Value', 'Nucleosome_Distance', 'Centromere_Distance', 'Value_Raw', 'Size_Factor']
Removing 0 empty data points out of 2672
Column order in final array (Dataset/Chrom split): ['Value', 'Nucleosome_Distance', 'Centromere_Distance', 'Value_Raw', 'Size_Factor']
Removing 0 empty data points out of 8552
Datasets created:
  Train: (14952, 5212, 5), Val: (2672, 5212, 5), Test: (8552, 5212, 5)

Randomly sampled 14241/14952 samples (95.2%)
Applied denoising with 22.5% masking
Applied denoising with 22.5% masking
Applied denoising with 22.5% masking
Epoch [1/118], Total Loss: 2.3132, NLL: 2.2885, Masked: 2.7449
Epoch [2/118], Total Loss: 2.3071, NLL: 2.2840, Masked: 2.5709
Epoch [3/118], Total Loss: 2.3071, NLL: 2.2840, Masked: 2.5720
Epoch [4/118], Total Loss: 2.3071, NLL: 2.2840, Masked: 2.5713
Epoch [5/118], Total Loss: 2.3071, NLL: 2.2840, Masked: 2.5699
Epoch [6/118], Total Loss: 2.3071, NLL: 2.2840, Masked: 2.5707
Epoch [7/118], Total Loss: 2.3071, NLL: 2.2840, Masked: 2.5705
Epoch [8/118], Total Loss: 2.3071, NLL: 2.2840, Masked: 2.5699
Epoch [9/118], Total Loss: 2.3071, NLL: 2.2840, Masked: 2.5696
Epoch [10/118], Total Loss: 2.3071, NLL: 2.2840, Masked: 2.5726
Epoch [11/118], Total Loss: 2.3071, NLL: 2.2840, Masked: 2.5701
Epoch [12/118], Total Loss: 2.3071, NLL: 2.2840, Masked: 2.5689
Epoch [13/118], Total Loss: 2.3071, NLL: 2.2840, Masked: 2.5718
Epoch [14/118], Total Loss: 2.3071, NLL: 2.2840, Masked: 2.5718
Epoch [15/118], Total Loss: 2.3071, NLL: 2.2840, Masked: 2.5708
Epoch [16/118], Total Loss: 2.3071, NLL: 2.2840, Masked: 2.5701
Epoch [17/118], Total Loss: 2.3069, NLL: 2.2838, Masked: 2.5697
Epoch [18/118], Total Loss: 2.3068, NLL: 2.2836, Masked: 2.5709
Epoch [19/118], Total Loss: 2.3068, NLL: 2.2836, Masked: 2.5707
Epoch [20/118], Total Loss: 2.3068, NLL: 2.2836, Masked: 2.5736
Epoch [21/118], Total Loss: 2.3068, NLL: 2.2836, Masked: 2.5712
Epoch [22/118], Total Loss: 2.3068, NLL: 2.2836, Masked: 2.5709
Epoch [23/118], Total Loss: 2.3068, NLL: 2.2836, Masked: 2.5703
Epoch [24/118], Total Loss: 2.3068, NLL: 2.2836, Masked: 2.5739
Epoch [25/118], Total Loss: 2.3068, NLL: 2.2836, Masked: 2.5706
Epoch [26/118], Total Loss: 2.3068, NLL: 2.2836, Masked: 2.5715
Epoch [27/118], Total Loss: 2.3068, NLL: 2.2836, Masked: 2.5716
Epoch [28/118], Total Loss: 2.3068, NLL: 2.2836, Masked: 2.5715
Epoch [29/118], Total Loss: 2.3068, NLL: 2.2836, Masked: 2.5721
Epoch [30/118], Total Loss: 2.3068, NLL: 2.2836, Masked: 2.5701
Epoch [31/118], Total Loss: 2.3068, NLL: 2.2836, Masked: 2.5717
Epoch [32/118], Total Loss: 2.3068, NLL: 2.2836, Masked: 2.5700
Epoch [33/118], Total Loss: 2.3068, NLL: 2.2836, Masked: 2.5702
Epoch [34/118], Total Loss: 2.3068, NLL: 2.2836, Masked: 2.5708
Epoch [35/118], Total Loss: 2.3068, NLL: 2.2836, Masked: 2.5709
Epoch [36/118], Total Loss: 2.3068, NLL: 2.2836, Masked: 2.5726
Epoch [37/118], Total Loss: 2.3068, NLL: 2.2836, Masked: 2.5730
Epoch [38/118], Total Loss: 2.3068, NLL: 2.2836, Masked: 2.5714
Epoch [39/118], Total Loss: 2.3068, NLL: 2.2836, Masked: 2.5701
Epoch [40/118], Total Loss: 2.3070, NLL: 2.2838, Masked: 2.5715
Epoch [41/118], Total Loss: 2.3072, NLL: 2.2840, Masked: 2.5716
Epoch [42/118], Total Loss: 2.3072, NLL: 2.2840, Masked: 2.5728
Epoch [43/118], Total Loss: 2.3072, NLL: 2.2840, Masked: 2.5709
Epoch [44/118], Total Loss: 2.3072, NLL: 2.2840, Masked: 2.5716
Epoch [45/118], Total Loss: 2.3072, NLL: 2.2840, Masked: 2.5713
Epoch [46/118], Total Loss: 2.3072, NLL: 2.2840, Masked: 2.5722
Epoch [47/118], Total Loss: 2.3072, NLL: 2.2840, Masked: 2.5724
Epoch [48/118], Total Loss: 2.3072, NLL: 2.2840, Masked: 2.5709
Epoch [49/118], Total Loss: 2.3071, NLL: 2.2840, Masked: 2.5701
Epoch [50/118], Total Loss: 2.3072, NLL: 2.2840, Masked: 2.5702
Epoch [51/118], Total Loss: 2.3071, NLL: 2.2840, Masked: 2.5697
Epoch [52/118], Total Loss: 2.3072, NLL: 2.2840, Masked: 2.5705
Epoch [53/118], Total Loss: 2.3072, NLL: 2.2840, Masked: 2.5714
Epoch [54/118], Total Loss: 2.3072, NLL: 2.2840, Masked: 2.5714
Epoch [55/118], Total Loss: 2.3071, NLL: 2.2840, Masked: 2.5699
Epoch [56/118], Total Loss: 2.3072, NLL: 2.2840, Masked: 2.5728
Epoch [57/118], Total Loss: 2.3072, NLL: 2.2840, Masked: 2.5709
Epoch [58/118], Total Loss: 2.3072, NLL: 2.2840, Masked: 2.5726
Epoch [59/118], Total Loss: 2.3072, NLL: 2.2840, Masked: 2.5703
Epoch [60/118], Total Loss: 2.3071, NLL: 2.2840, Masked: 2.5695
Epoch [61/118], Total Loss: 2.3071, NLL: 2.2840, Masked: 2.5684
Epoch [62/118], Total Loss: 2.3072, NLL: 2.2840, Masked: 2.5705
Epoch [63/118], Total Loss: 2.3072, NLL: 2.2840, Masked: 2.5704
Epoch [64/118], Total Loss: 2.3072, NLL: 2.2840, Masked: 2.5704
Epoch [65/118], Total Loss: 2.3072, NLL: 2.2840, Masked: 2.5717
Epoch [66/118], Total Loss: 2.3072, NLL: 2.2840, Masked: 2.5710
Epoch [67/118], Total Loss: 2.3071, NLL: 2.2840, Masked: 2.5688
Epoch [68/118], Total Loss: 2.3072, NLL: 2.2840, Masked: 2.5735
Epoch [69/118], Total Loss: 2.3072, NLL: 2.2840, Masked: 2.5703
Epoch [70/118], Total Loss: 2.3072, NLL: 2.2840, Masked: 2.5721
Epoch [71/118], Total Loss: 2.3072, NLL: 2.2840, Masked: 2.5721
Epoch [72/118], Total Loss: 2.3072, NLL: 2.2840, Masked: 2.5711
Epoch [73/118], Total Loss: 2.3072, NLL: 2.2840, Masked: 2.5703
Epoch [74/118], Total Loss: 2.3072, NLL: 2.2840, Masked: 2.5707
Epoch [75/118], Total Loss: 2.3072, NLL: 2.2840, Masked: 2.5707
Epoch [76/118], Total Loss: 2.3072, NLL: 2.2840, Masked: 2.5704
Epoch [77/118], Total Loss: 2.3072, NLL: 2.2840, Masked: 2.5707
Epoch [78/118], Total Loss: 2.3072, NLL: 2.2840, Masked: 2.5713
Epoch [79/118], Total Loss: 2.3072, NLL: 2.2840, Masked: 2.5711
Epoch [80/118], Total Loss: 2.3071, NLL: 2.2840, Masked: 2.5691
Epoch [81/118], Total Loss: 2.3072, NLL: 2.2840, Masked: 2.5711
Epoch [82/118], Total Loss: 2.3072, NLL: 2.2840, Masked: 2.5710
Epoch [83/118], Total Loss: 2.3072, NLL: 2.2840, Masked: 2.5718
Epoch [84/118], Total Loss: 2.3072, NLL: 2.2840, Masked: 2.5723
Epoch [85/118], Total Loss: 2.3072, NLL: 2.2840, Masked: 2.5704
Epoch [86/118], Total Loss: 2.3072, NLL: 2.2840, Masked: 2.5707
Epoch [87/118], Total Loss: 2.3072, NLL: 2.2840, Masked: 2.5705
Epoch [88/118], Total Loss: 2.3072, NLL: 2.2840, Masked: 2.5714
Epoch [89/118], Total Loss: 2.3071, NLL: 2.2840, Masked: 2.5693
Epoch [90/118], Total Loss: 2.3071, NLL: 2.2840, Masked: 2.5693
Epoch [91/118], Total Loss: 2.3072, NLL: 2.2840, Masked: 2.5709
Epoch [92/118], Total Loss: 2.3071, NLL: 2.2840, Masked: 2.5701
Epoch [93/118], Total Loss: 2.3071, NLL: 2.2840, Masked: 2.5700
Epoch [94/118], Total Loss: 2.3072, NLL: 2.2840, Masked: 2.5702
Epoch [95/118], Total Loss: 2.3071, NLL: 2.2840, Masked: 2.5701
Epoch [96/118], Total Loss: 2.3071, NLL: 2.2840, Masked: 2.5693
Epoch [97/118], Total Loss: 2.3072, NLL: 2.2840, Masked: 2.5716
Epoch [98/118], Total Loss: 2.3072, NLL: 2.2840, Masked: 2.5709
Epoch [99/118], Total Loss: 2.3071, NLL: 2.2840, Masked: 2.5699
Epoch [100/118], Total Loss: 2.3072, NLL: 2.2840, Masked: 2.5710
Epoch [101/118], Total Loss: 2.3072, NLL: 2.2840, Masked: 2.5713
Epoch [102/118], Total Loss: 2.3072, NLL: 2.2840, Masked: 2.5714
Epoch [103/118], Total Loss: 2.3072, NLL: 2.2840, Masked: 2.5713
Epoch [104/118], Total Loss: 2.3072, NLL: 2.2840, Masked: 2.5723
Epoch [105/118], Total Loss: 2.3072, NLL: 2.2840, Masked: 2.5711
Epoch [106/118], Total Loss: 2.3072, NLL: 2.2840, Masked: 2.5717
Epoch [107/118], Total Loss: 2.3072, NLL: 2.2840, Masked: 2.5708
Epoch [108/118], Total Loss: 2.3072, NLL: 2.2840, Masked: 2.5709
Epoch [109/118], Total Loss: 2.3072, NLL: 2.2840, Masked: 2.5711
Epoch [110/118], Total Loss: 2.3072, NLL: 2.2840, Masked: 2.5712
Epoch [111/118], Total Loss: 2.3072, NLL: 2.2840, Masked: 2.5718
Epoch [112/118], Total Loss: 2.3071, NLL: 2.2840, Masked: 2.5694
Epoch [113/118], Total Loss: 2.3072, NLL: 2.2840, Masked: 2.5721
Epoch [114/118], Total Loss: 2.3072, NLL: 2.2840, Masked: 2.5706
Epoch [115/118], Total Loss: 2.3072, NLL: 2.2840, Masked: 2.5707
Epoch [116/118], Total Loss: 2.3072, NLL: 2.2840, Masked: 2.5719
Epoch [117/118], Total Loss: 2.3071, NLL: 2.2840, Masked: 2.5698
Epoch [118/118], Total Loss: 2.3071, NLL: 2.2840, Masked: 2.5697

==================================================
EVALUATING ON TRAINING DATA
==================================================

==================================================
TEST RESULTS
==================================================
Total Loss: 2.307175
  - ZINB NLL: 2.284011
Total number of masked values: 13410407
  - Number of values with pi >= 0.532217604937564: 0
  - Number of values with pi < 0.532217604937564: 13410407
  - Masked Reconstruction: 2.572924
Mean Absolute Error (MAE): 2.265959
R² Score: -0.060910
==================================================


==================================================
TEST RESULTS
==================================================
Total Loss: 2.586043
  - ZINB NLL: 2.561205
Total number of masked values: 2591703
  - Number of values with pi >= 0.532217604937564: 0
  - Number of values with pi < 0.532217604937564: 2591703
  - Masked Reconstruction: 2.758912
Mean Absolute Error (MAE): 2.585800
R² Score: -0.104193
==================================================


>>> Optimizing zinb_nll on VALIDATION set: 2.561205
>>> Full validation metrics: {'total_loss': 2.586043392826697, 'zinb_nll': 2.5612048960017586, 'mae': 2.5858004093170166, 'r2': -0.10419332981109619, 'masked_loss': 2.758912002968931}

Iteration No: 19 ended. Evaluation done at random point.
Time taken: 1059.8875
Function value obtained: 2.5612
Current minimum: 1.8414
Iteration No: 20 started. Evaluating function at random point.

================================================================================
Trial with parameters:
  features: Centr_Nucl
  data_point_length: 4088
  step_size: 0.5576110998540353
  bin_size: 52
  sample_fraction: 0.5422135646644026
  moving_average: True
  first_layer_size_factor: 14
  num_layers: 1
  use_conv: False
  conv_channel: 111
  pool_size: 4
  kernel_size: 13
  epochs: 111
  batch_size: 64
  noise_level: 0.44372309199462456
  pi_threshold: 0.33331376447810385
  learning_rate: 1.884136842103435e-05
  dropout_rate: 0.30122046295055954
  masked_recon_weight: 0.1639880529175568
  regularizer: l1
  regularization_weight: 42.01088206929923
================================================================================

Creating datasets with:
  features: ['Centr', 'Nucl']
  bin_size: 52
  moving_average: True
  data_point_length: 4088 (from 4088)
  step_size: 0.5576110998540353
  layers: [np.int64(224)] (first=224, num=1)
  stride: 1 (fixed), padding: 0 (fixed)


Clipping outliers using 95th percentile * 1.5...
strain_yTW001: Clipping values above 134.25 (P95=89.50). Clipped 27529/1193409 values (2.31%)
strain_FD: Clipping values above 71.92 (P95=47.94). Clipped 95791/4127807 values (2.32%)
strain_dnrp: Clipping values above 243.00 (P95=162.00). Clipped 25649/1119454 values (2.29%)
strain_yEK19: Clipping values above 77.10 (P95=51.40). Clipped 83713/3893623 values (2.15%)
strain_yEK23: Clipping values above 72.00 (P95=48.00). Clipped 86381/3558407 values (2.43%)
strain_yWT03a: Clipping values above 15.00 (P95=10.00). Clipped 10602/347679 values (3.05%)
strain_yWT04a: Clipping values above 58.50 (P95=39.00). Clipped 21095/725406 values (2.91%)
strain_ylic137: Clipping values above 142.50 (P95=95.00). Clipped 28746/1112684 values (2.58%)
Standardizing features: ['Centr', 'Nucl']
Column order in final array (Dataset/Chrom split): ['Value', 'Nucleosome_Distance', 'Centromere_Distance', 'Value_Raw', 'Size_Factor']
Removing 0 empty data points out of 24184
Column order in final array (Dataset/Chrom split): ['Value', 'Nucleosome_Distance', 'Centromere_Distance', 'Value_Raw', 'Size_Factor']
Removing 0 empty data points out of 4328
Column order in final array (Dataset/Chrom split): ['Value', 'Nucleosome_Distance', 'Centromere_Distance', 'Value_Raw', 'Size_Factor']
Removing 0 empty data points out of 13840
Datasets created:
  Train: (24184, 4088, 5), Val: (4328, 4088, 5), Test: (13840, 4088, 5)

Randomly sampled 13112/24184 samples (54.2%)
Applied denoising with 44.4% masking
Applied denoising with 44.4% masking
Applied denoising with 44.4% masking
Epoch [1/111], Total Loss: 744517.1590, NLL: 3.1156, Masked: 27.7521, Reg: 744509.467557
Epoch [2/111], Total Loss: 418391.8017, NLL: 3.1146, Masked: 27.7505, Reg: 418384.124117
Epoch [3/111], Total Loss: 343710.6951, NLL: 3.1147, Masked: 27.7531, Reg: 343703.018916
Epoch [4/111], Total Loss: 341727.4622, NLL: 3.1149, Masked: 27.7554, Reg: 341719.786126
Epoch [5/111], Total Loss: 341064.2287, NLL: 3.1150, Masked: 27.7537, Reg: 341056.551994
Epoch [6/111], Total Loss: 340400.9581, NLL: 3.1151, Masked: 27.7524, Reg: 340393.281966
Epoch [7/111], Total Loss: 339737.7608, NLL: 3.1153, Masked: 27.7553, Reg: 339730.083053
Epoch [8/111], Total Loss: 339074.5536, NLL: 3.1154, Masked: 27.7591, Reg: 339066.877281
Epoch [9/111], Total Loss: 338411.3562, NLL: 3.1155, Masked: 27.7585, Reg: 338403.677730
Epoch [10/111], Total Loss: 337748.1987, NLL: 3.1157, Masked: 27.7523, Reg: 337740.520881
Epoch [11/111], Total Loss: 337085.0791, NLL: 3.1158, Masked: 27.7554, Reg: 337077.400691
Epoch [12/111], Total Loss: 336421.9295, NLL: 3.1160, Masked: 27.7565, Reg: 336414.252416
Epoch [13/111], Total Loss: 335758.8185, NLL: 3.1161, Masked: 27.7590, Reg: 335751.142076
Epoch [14/111], Total Loss: 335095.6913, NLL: 3.1162, Masked: 27.7597, Reg: 335088.013350
Epoch [15/111], Total Loss: 334432.6040, NLL: 3.1164, Masked: 27.7618, Reg: 334424.924499
Epoch [16/111], Total Loss: 333769.4561, NLL: 3.1165, Masked: 27.7592, Reg: 333761.775686
Epoch [17/111], Total Loss: 333106.3294, NLL: 3.1167, Masked: 27.7598, Reg: 333098.649689
Epoch [18/111], Total Loss: 332443.2199, NLL: 3.1168, Masked: 27.7570, Reg: 332435.540475
Epoch [19/111], Total Loss: 331780.1066, NLL: 3.1170, Masked: 27.7623, Reg: 331772.426568
Epoch [20/111], Total Loss: 331116.9879, NLL: 3.1171, Masked: 27.7563, Reg: 331109.309920
Epoch [21/111], Total Loss: 330453.8707, NLL: 3.1173, Masked: 27.7532, Reg: 330446.194098
Epoch [22/111], Total Loss: 329790.7597, NLL: 3.1174, Masked: 27.7608, Reg: 329783.078151
Epoch [23/111], Total Loss: 329127.6518, NLL: 3.1176, Masked: 27.7573, Reg: 329119.973805
Epoch [24/111], Total Loss: 328464.5200, NLL: 3.1178, Masked: 27.7512, Reg: 328456.841938
Epoch [25/111], Total Loss: 327801.3799, NLL: 3.1179, Masked: 27.7551, Reg: 327793.700685
Epoch [26/111], Total Loss: 327138.2744, NLL: 3.1181, Masked: 27.7573, Reg: 327130.596001
Epoch [27/111], Total Loss: 326475.1344, NLL: 3.1182, Masked: 27.7525, Reg: 326467.455912
Epoch [28/111], Total Loss: 325812.0121, NLL: 3.1184, Masked: 27.7527, Reg: 325804.332605
Epoch [29/111], Total Loss: 325148.8963, NLL: 3.1186, Masked: 27.7636, Reg: 325141.215481
Epoch [30/111], Total Loss: 324485.8020, NLL: 3.1187, Masked: 27.7590, Reg: 324478.121587
Epoch [31/111], Total Loss: 323822.6817, NLL: 3.1189, Masked: 27.7572, Reg: 323815.000859
Epoch [32/111], Total Loss: 323159.5601, NLL: 3.1190, Masked: 27.7509, Reg: 323151.881858
Epoch [33/111], Total Loss: 322496.4581, NLL: 3.1192, Masked: 27.7525, Reg: 322488.777550
Epoch [34/111], Total Loss: 321833.3359, NLL: 3.1194, Masked: 27.7541, Reg: 321825.656209
Epoch [35/111], Total Loss: 321170.2446, NLL: 3.1196, Masked: 27.7527, Reg: 321162.565305
Epoch [36/111], Total Loss: 320507.1215, NLL: 3.1197, Masked: 27.7571, Reg: 320499.439621
Epoch [37/111], Total Loss: 319844.0018, NLL: 3.1199, Masked: 27.7573, Reg: 319836.320657
Epoch [38/111], Total Loss: 319180.8495, NLL: 3.1201, Masked: 27.7465, Reg: 319173.170868
Epoch [39/111], Total Loss: 318517.7375, NLL: 3.1203, Masked: 27.7548, Reg: 318510.055659
Epoch [40/111], Total Loss: 317854.5459, NLL: 3.1204, Masked: 27.7598, Reg: 317846.863830
Epoch [41/111], Total Loss: 317191.3936, NLL: 3.1206, Masked: 27.7533, Reg: 317183.711700
Epoch [42/111], Total Loss: 316528.2308, NLL: 3.1208, Masked: 27.7482, Reg: 316520.549470
Epoch [43/111], Total Loss: 315865.0969, NLL: 3.1210, Masked: 27.7516, Reg: 315857.414686
Epoch [44/111], Total Loss: 315201.9347, NLL: 3.1212, Masked: 27.7576, Reg: 315194.251993
Epoch [45/111], Total Loss: 314538.8066, NLL: 3.1213, Masked: 27.7544, Reg: 314531.124156
Epoch [46/111], Total Loss: 313875.6579, NLL: 3.1215, Masked: 27.7552, Reg: 313867.975330
Epoch [47/111], Total Loss: 313212.5336, NLL: 3.1217, Masked: 27.7520, Reg: 313204.852174
Epoch [48/111], Total Loss: 312549.4483, NLL: 3.1219, Masked: 27.7535, Reg: 312541.766452
Epoch [49/111], Total Loss: 311886.2821, NLL: 3.1221, Masked: 27.7549, Reg: 311878.600342
Epoch [50/111], Total Loss: 311223.1752, NLL: 3.1223, Masked: 27.7615, Reg: 311215.492656
Epoch [51/111], Total Loss: 310560.0846, NLL: 3.1225, Masked: 27.7554, Reg: 310552.399624
Epoch [52/111], Total Loss: 309896.9322, NLL: 3.1227, Masked: 27.7627, Reg: 309889.247632
Epoch [53/111], Total Loss: 309233.7941, NLL: 3.1229, Masked: 27.7572, Reg: 309226.111172
Epoch [54/111], Total Loss: 308570.7057, NLL: 3.1231, Masked: 27.7597, Reg: 308563.021407
Epoch [55/111], Total Loss: 307907.5725, NLL: 3.1233, Masked: 27.7576, Reg: 307899.890416
Epoch [56/111], Total Loss: 307244.4272, NLL: 3.1235, Masked: 27.7503, Reg: 307236.742692
Epoch [57/111], Total Loss: 306581.2903, NLL: 3.1237, Masked: 27.7582, Reg: 306573.606082
Epoch [58/111], Total Loss: 305918.1827, NLL: 3.1239, Masked: 27.7645, Reg: 305910.498069
Epoch [59/111], Total Loss: 305255.0499, NLL: 3.1241, Masked: 27.7547, Reg: 305247.365101
Epoch [60/111], Total Loss: 304591.9164, NLL: 3.1243, Masked: 27.7606, Reg: 304584.229304
Epoch [61/111], Total Loss: 303928.8364, NLL: 3.1245, Masked: 27.7636, Reg: 303921.150866
Epoch [62/111], Total Loss: 303265.6785, NLL: 3.1247, Masked: 27.7661, Reg: 303257.991164
Epoch [63/111], Total Loss: 302602.5952, NLL: 3.1249, Masked: 27.7548, Reg: 302594.910486
Epoch [64/111], Total Loss: 301939.4752, NLL: 3.1251, Masked: 27.7548, Reg: 301931.788544
Epoch [65/111], Total Loss: 301276.3351, NLL: 3.1253, Masked: 27.7578, Reg: 301268.648229
Epoch [66/111], Total Loss: 300613.2204, NLL: 3.1255, Masked: 27.7567, Reg: 300605.533370
Epoch [67/111], Total Loss: 299950.1215, NLL: 3.1258, Masked: 27.7554, Reg: 299942.435145
Epoch [68/111], Total Loss: 299286.9671, NLL: 3.1260, Masked: 27.7558, Reg: 299279.280838
Epoch [69/111], Total Loss: 298623.8562, NLL: 3.1262, Masked: 27.7509, Reg: 298616.170760
Epoch [70/111], Total Loss: 297960.7156, NLL: 3.1264, Masked: 27.7572, Reg: 297953.028968
Epoch [71/111], Total Loss: 297297.6264, NLL: 3.1266, Masked: 27.7616, Reg: 297289.938728
Epoch [72/111], Total Loss: 296634.4913, NLL: 3.1268, Masked: 27.7541, Reg: 296626.803670
Epoch [73/111], Total Loss: 295971.3682, NLL: 3.1271, Masked: 27.7534, Reg: 295963.681214
Epoch [74/111], Total Loss: 295308.2575, NLL: 3.1273, Masked: 27.7500, Reg: 295300.569735
Epoch [75/111], Total Loss: 294645.1084, NLL: 3.1275, Masked: 27.7544, Reg: 294637.420859
Epoch [76/111], Total Loss: 293981.9958, NLL: 3.1278, Masked: 27.7521, Reg: 293974.308066
Epoch [77/111], Total Loss: 293318.8634, NLL: 3.1280, Masked: 27.7547, Reg: 293311.176174
Epoch [78/111], Total Loss: 292655.7411, NLL: 3.1282, Masked: 27.7571, Reg: 292648.051528
Epoch [79/111], Total Loss: 291992.6415, NLL: 3.1285, Masked: 27.7561, Reg: 291984.951013
Epoch [80/111], Total Loss: 291329.5120, NLL: 3.1287, Masked: 27.7544, Reg: 291321.824039
Epoch [81/111], Total Loss: 290666.3514, NLL: 3.1289, Masked: 27.7552, Reg: 290658.661960
Epoch [82/111], Total Loss: 290003.2471, NLL: 3.1292, Masked: 27.7529, Reg: 289995.557302
Epoch [83/111], Total Loss: 289340.1169, NLL: 3.1294, Masked: 27.7578, Reg: 289332.427011
Epoch [84/111], Total Loss: 288676.9632, NLL: 3.1296, Masked: 27.7607, Reg: 288669.273530
Epoch [85/111], Total Loss: 288013.8481, NLL: 3.1299, Masked: 27.7524, Reg: 288006.159260
Epoch [86/111], Total Loss: 287350.7211, NLL: 3.1301, Masked: 27.7537, Reg: 287343.029433
Epoch [87/111], Total Loss: 286687.5942, NLL: 3.1304, Masked: 27.7533, Reg: 286679.905526
Epoch [88/111], Total Loss: 286024.4673, NLL: 3.1306, Masked: 27.7573, Reg: 286016.777688
Epoch [89/111], Total Loss: 285361.3609, NLL: 3.1309, Masked: 27.7612, Reg: 285353.668087
Epoch [90/111], Total Loss: 284698.2164, NLL: 3.1311, Masked: 27.7549, Reg: 284690.524217
Epoch [91/111], Total Loss: 284035.1253, NLL: 3.1314, Masked: 27.7504, Reg: 284027.435179
Epoch [92/111], Total Loss: 283371.9994, NLL: 3.1316, Masked: 27.7572, Reg: 283364.306553
Epoch [93/111], Total Loss: 282708.8652, NLL: 3.1319, Masked: 27.7507, Reg: 282701.174348
Epoch [94/111], Total Loss: 282045.7404, NLL: 3.1321, Masked: 27.7579, Reg: 282038.048876
Epoch [95/111], Total Loss: 281382.6531, NLL: 3.1324, Masked: 27.7593, Reg: 281374.959074
Epoch [96/111], Total Loss: 280719.4889, NLL: 3.1327, Masked: 27.7567, Reg: 280711.796194
Epoch [97/111], Total Loss: 280056.3700, NLL: 3.1329, Masked: 27.7601, Reg: 280048.677192
Epoch [98/111], Total Loss: 279393.2478, NLL: 3.1332, Masked: 27.7523, Reg: 279385.556039
Epoch [99/111], Total Loss: 278730.1035, NLL: 3.1335, Masked: 27.7529, Reg: 278722.412182
Epoch [100/111], Total Loss: 278066.9712, NLL: 3.1337, Masked: 27.7583, Reg: 278059.276973
Epoch [101/111], Total Loss: 277403.8609, NLL: 3.1340, Masked: 27.7516, Reg: 277396.167596
Epoch [102/111], Total Loss: 276740.7325, NLL: 3.1343, Masked: 27.7616, Reg: 276733.038408
Epoch [103/111], Total Loss: 276077.6290, NLL: 3.1345, Masked: 27.7564, Reg: 276069.935151
Epoch [104/111], Total Loss: 275414.5447, NLL: 3.1348, Masked: 27.7549, Reg: 275406.851695
Epoch [105/111], Total Loss: 274751.4180, NLL: 3.1351, Masked: 27.7531, Reg: 274743.722781
Epoch [106/111], Total Loss: 274088.3237, NLL: 3.1354, Masked: 27.7590, Reg: 274080.627623
Epoch [107/111], Total Loss: 273425.2753, NLL: 3.1356, Masked: 27.7550, Reg: 273417.580924
Epoch [108/111], Total Loss: 272762.1467, NLL: 3.1359, Masked: 27.7542, Reg: 272754.451110
Epoch [109/111], Total Loss: 272099.0189, NLL: 3.1362, Masked: 27.7541, Reg: 272091.324074
Epoch [110/111], Total Loss: 271435.9479, NLL: 3.1365, Masked: 27.7576, Reg: 271428.250154
Epoch [111/111], Total Loss: 270772.8123, NLL: 3.1368, Masked: 27.7587, Reg: 270765.114895

==================================================
EVALUATING ON TRAINING DATA
==================================================

==================================================
TEST RESULTS
==================================================
Total Loss: 270439.595333
  - ZINB NLL: 3.136921
Total number of masked values: 20228512
  - Number of values with pi >= 0.33331376447810385: 0
  - Number of values with pi < 0.33331376447810385: 20228512
  - Masked Reconstruction: 27.760856
  - Regularization: 270431.904407
Mean Absolute Error (MAE): 26.263496
R² Score: -36.416523
==================================================


==================================================
TEST RESULTS
==================================================
Total Loss: 270439.286391
  - ZINB NLL: 3.172088
Total number of masked values: 6818443
  - Number of values with pi >= 0.33331376447810385: 0
  - Number of values with pi < 0.33331376447810385: 6818443
  - Masked Reconstruction: 25.650139
  - Regularization: 270431.904407
Mean Absolute Error (MAE): 25.812460
R² Score: -34.952324
==================================================


>>> Optimizing zinb_nll on VALIDATION set: 3.172088
>>> Full validation metrics: {'total_loss': 270439.2863909427, 'zinb_nll': 3.172087623099082, 'mae': 25.81245994567871, 'r2': -34.95232391357422, 'masked_loss': 25.650139202251893, 'reg_loss': 270431.9044073411}

Iteration No: 20 ended. Evaluation done at random point.
Time taken: 726.7169
Function value obtained: 3.1721
Current minimum: 1.8414
Iteration No: 21 started. Searching for the next optimal point.

================================================================================
Trial with parameters:
  features: Centr
  data_point_length: 5176
  step_size: 0.0654765021136122
  bin_size: 100
  sample_fraction: 0.7659414316064166
  moving_average: False
  first_layer_size_factor: 90
  num_layers: 5
  use_conv: True
  conv_channel: 16
  pool_size: 5
  kernel_size: 5
  epochs: 60
  batch_size: 128
  noise_level: 0.2988425924906047
  pi_threshold: 0.3
  learning_rate: 9.449655117902668e-05
  dropout_rate: 0.4425350476200373
  masked_recon_weight: 0.015675698766882563
  regularizer: l2
  regularization_weight: 1e-05
================================================================================

Creating datasets with:
  features: ['Centr']
  bin_size: 100
  moving_average: False
  data_point_length: 51 (from 5176)
  step_size: 0.0654765021136122
  layers: [np.int64(1440), np.int64(720), np.int64(360), np.int64(180), np.int64(90)] (first=1440, num=5)
  stride: 1 (fixed), padding: 0 (fixed)


Clipping outliers using 95th percentile * 1.5...
strain_yTW001: Clipping values above 134.25 (P95=89.50). Clipped 27529/1193409 values (2.31%)
strain_FD: Clipping values above 71.92 (P95=47.94). Clipped 95791/4127807 values (2.32%)
strain_dnrp: Clipping values above 243.00 (P95=162.00). Clipped 25649/1119454 values (2.29%)
strain_yEK19: Clipping values above 77.10 (P95=51.40). Clipped 83713/3893623 values (2.15%)
strain_yEK23: Clipping values above 72.00 (P95=48.00). Clipped 86381/3558407 values (2.43%)
strain_yWT03a: Clipping values above 15.00 (P95=10.00). Clipped 10602/347679 values (3.05%)
strain_yWT04a: Clipping values above 58.50 (P95=39.00). Clipped 21095/725406 values (2.91%)
strain_ylic137: Clipping values above 142.50 (P95=95.00). Clipped 28746/1112684 values (2.58%)
Standardizing features: ['Centr']
Column order in final array (Dataset/Chrom split): ['Value', 'Centromere_Distance', 'Value_Raw', 'Size_Factor']
Removing 0 empty data points out of 182712
Column order in final array (Dataset/Chrom split): ['Value', 'Centromere_Distance', 'Value_Raw', 'Size_Factor']
Removing 0 empty data points out of 32504
Column order in final array (Dataset/Chrom split): ['Value', 'Centromere_Distance', 'Value_Raw', 'Size_Factor']
Removing 0 empty data points out of 104728
Datasets created:
  Train: (182712, 51, 4), Val: (32504, 51, 4), Test: (104728, 51, 4)

Randomly sampled 139946/182712 samples (76.6%)
Applied denoising with 29.9% masking
Applied denoising with 29.9% masking
Applied denoising with 29.9% masking
Epoch [1/60], Total Loss: 1.9369, NLL: 1.8901, Masked: 2.9830, Reg: 0.018176
Epoch [2/60], Total Loss: 1.8399, NLL: 1.8054, Masked: 2.1982, Reg: 0.017192
Epoch [3/60], Total Loss: 1.8332, NLL: 1.7991, Masked: 2.1761, Reg: 0.016434
Epoch [4/60], Total Loss: 1.8299, NLL: 1.7960, Masked: 2.1615, Reg: 0.015683
Epoch [5/60], Total Loss: 1.8275, NLL: 1.7939, Masked: 2.1481, Reg: 0.014935
Epoch [6/60], Total Loss: 1.8259, NLL: 1.7924, Masked: 2.1375, Reg: 0.014168
Epoch [7/60], Total Loss: 1.8248, NLL: 1.7914, Masked: 2.1323, Reg: 0.013393
Epoch [8/60], Total Loss: 1.8239, NLL: 1.7906, Masked: 2.1250, Reg: 0.012599
Epoch [9/60], Total Loss: 1.8234, NLL: 1.7902, Masked: 2.1233, Reg: 0.011848
Epoch [10/60], Total Loss: 1.8227, NLL: 1.7894, Masked: 2.1221, Reg: 0.011166
Epoch [11/60], Total Loss: 1.8222, NLL: 1.7889, Masked: 2.1212, Reg: 0.010517
Epoch [12/60], Total Loss: 1.8219, NLL: 1.7887, Masked: 2.1180, Reg: 0.009894
Epoch [13/60], Total Loss: 1.8215, NLL: 1.7883, Masked: 2.1168, Reg: 0.009354
Epoch [14/60], Total Loss: 1.8209, NLL: 1.7877, Masked: 2.1154, Reg: 0.008872
Epoch [15/60], Total Loss: 1.8202, NLL: 1.7870, Masked: 2.1158, Reg: 0.008450
Epoch [16/60], Total Loss: 1.8191, NLL: 1.7860, Masked: 2.1131, Reg: 0.008088
Epoch [17/60], Total Loss: 1.8185, NLL: 1.7853, Masked: 2.1148, Reg: 0.007769
Epoch [18/60], Total Loss: 1.8180, NLL: 1.7849, Masked: 2.1107, Reg: 0.007520
Epoch [19/60], Total Loss: 1.8178, NLL: 1.7847, Masked: 2.1127, Reg: 0.007289
Epoch [20/60], Total Loss: 1.8176, NLL: 1.7845, Masked: 2.1129, Reg: 0.007134
Epoch [21/60], Total Loss: 1.8160, NLL: 1.7830, Masked: 2.1093, Reg: 0.007075
Epoch [22/60], Total Loss: 1.8008, NLL: 1.7682, Masked: 2.0809, Reg: 0.007222
Epoch [23/60], Total Loss: 1.7928, NLL: 1.7604, Masked: 2.0632, Reg: 0.007254
Epoch [24/60], Total Loss: 1.7882, NLL: 1.7560, Masked: 2.0516, Reg: 0.007302
Epoch [25/60], Total Loss: 1.7859, NLL: 1.7538, Masked: 2.0472, Reg: 0.007332
Epoch [26/60], Total Loss: 1.7833, NLL: 1.7513, Masked: 2.0434, Reg: 0.007392
Epoch [27/60], Total Loss: 1.7819, NLL: 1.7498, Masked: 2.0419, Reg: 0.007483
Epoch [28/60], Total Loss: 1.7800, NLL: 1.7481, Masked: 2.0384, Reg: 0.007615
Epoch [29/60], Total Loss: 1.7776, NLL: 1.7457, Masked: 2.0354, Reg: 0.007789
Epoch [30/60], Total Loss: 1.7754, NLL: 1.7436, Masked: 2.0314, Reg: 0.008011
Epoch [31/60], Total Loss: 1.7733, NLL: 1.7415, Masked: 2.0285, Reg: 0.008232
Epoch [32/60], Total Loss: 1.7702, NLL: 1.7385, Masked: 2.0262, Reg: 0.008452
Epoch [33/60], Total Loss: 1.7634, NLL: 1.7318, Masked: 2.0138, Reg: 0.008674
Epoch [34/60], Total Loss: 1.7583, NLL: 1.7268, Masked: 2.0050, Reg: 0.008862
Epoch [35/60], Total Loss: 1.7551, NLL: 1.7237, Masked: 2.0016, Reg: 0.009033
Epoch [36/60], Total Loss: 1.7528, NLL: 1.7215, Masked: 1.9967, Reg: 0.009191
Epoch [37/60], Total Loss: 1.7512, NLL: 1.7199, Masked: 1.9967, Reg: 0.009366
Epoch [38/60], Total Loss: 1.7493, NLL: 1.7181, Masked: 1.9896, Reg: 0.009560
Epoch [39/60], Total Loss: 1.7479, NLL: 1.7167, Masked: 1.9905, Reg: 0.009778
Epoch [40/60], Total Loss: 1.7463, NLL: 1.7151, Masked: 1.9890, Reg: 0.009983
Epoch [41/60], Total Loss: 1.7449, NLL: 1.7137, Masked: 1.9852, Reg: 0.010194
Epoch [42/60], Total Loss: 1.7433, NLL: 1.7122, Masked: 1.9864, Reg: 0.010394
Epoch [43/60], Total Loss: 1.7424, NLL: 1.7113, Masked: 1.9800, Reg: 0.010594
Epoch [44/60], Total Loss: 1.7414, NLL: 1.7103, Masked: 1.9811, Reg: 0.010803
Epoch [45/60], Total Loss: 1.7404, NLL: 1.7093, Masked: 1.9797, Reg: 0.011002
Epoch [46/60], Total Loss: 1.7386, NLL: 1.7076, Masked: 1.9776, Reg: 0.011221
Epoch [47/60], Total Loss: 1.7372, NLL: 1.7062, Masked: 1.9764, Reg: 0.011434
Epoch [48/60], Total Loss: 1.7365, NLL: 1.7055, Masked: 1.9739, Reg: 0.011633
Epoch [49/60], Total Loss: 1.7360, NLL: 1.7051, Masked: 1.9751, Reg: 0.011832
Epoch [50/60], Total Loss: 1.7347, NLL: 1.7037, Masked: 1.9763, Reg: 0.012042
Epoch [51/60], Total Loss: 1.7337, NLL: 1.7028, Masked: 1.9723, Reg: 0.012232
Epoch [52/60], Total Loss: 1.7331, NLL: 1.7022, Masked: 1.9719, Reg: 0.012421
Epoch [53/60], Total Loss: 1.7322, NLL: 1.7013, Masked: 1.9693, Reg: 0.012592
Epoch [54/60], Total Loss: 1.7319, NLL: 1.7010, Masked: 1.9690, Reg: 0.012761
Epoch [55/60], Total Loss: 1.7314, NLL: 1.7005, Masked: 1.9703, Reg: 0.012930
Epoch [56/60], Total Loss: 1.7299, NLL: 1.6991, Masked: 1.9674, Reg: 0.013088
Epoch [57/60], Total Loss: 1.7297, NLL: 1.6989, Masked: 1.9667, Reg: 0.013222
Epoch [58/60], Total Loss: 1.7288, NLL: 1.6980, Masked: 1.9655, Reg: 0.013367
Epoch [59/60], Total Loss: 1.7278, NLL: 1.6970, Masked: 1.9655, Reg: 0.013513
Epoch [60/60], Total Loss: 1.7264, NLL: 1.6956, Masked: 1.9612, Reg: 0.013655

==================================================
EVALUATING ON TRAINING DATA
==================================================

==================================================
TEST RESULTS
==================================================
Total Loss: 1.704097
  - ZINB NLL: 1.674194
Total number of masked values: 1906378
  - Number of values with pi >= 0.3: 0
  - Number of values with pi < 0.3: 1906378
  - Masked Reconstruction: 1.907576
  - Regularization: 0.013719
Mean Absolute Error (MAE): 1.783113
R² Score: 0.499303
==================================================


==================================================
TEST RESULTS
==================================================
Total Loss: 1.831280
  - ZINB NLL: 1.798489
Total number of masked values: 448808
  - Number of values with pi >= 0.3: 0
  - Number of values with pi < 0.3: 448808
  - Masked Reconstruction: 2.091839
  - Regularization: 0.013719
Mean Absolute Error (MAE): 1.996209
R² Score: 0.388866
==================================================


>>> Optimizing zinb_nll on VALIDATION set: 1.798489
>>> Full validation metrics: {'total_loss': 1.8312799261028825, 'zinb_nll': 1.7984888920665463, 'mae': 1.9962090253829956, 'r2': 0.3888658285140991, 'masked_loss': 2.0918385409205644, 'reg_loss': 0.013719290771484358}

Iteration No: 21 ended. Search finished for the next optimal point.
Time taken: 511.1305
Function value obtained: 1.7985
Current minimum: 1.7985
Iteration No: 22 started. Searching for the next optimal point.

================================================================================
Trial with parameters:
  features: Centr
  data_point_length: 500
  step_size: 0.6402560375470145
  bin_size: 100
  sample_fraction: 0.30760902720518474
  moving_average: False
  first_layer_size_factor: 100
  num_layers: 1
  use_conv: True
  conv_channel: 45
  pool_size: 3
  kernel_size: 5
  epochs: 150
  batch_size: 128
  noise_level: 0.44719285273104714
  pi_threshold: 0.49972187757317343
  learning_rate: 7.883165424338895e-05
  dropout_rate: 0.33457004613225727
  masked_recon_weight: 0.001
  regularizer: l2
  regularization_weight: 1e-05
================================================================================

Creating datasets with:
  features: ['Centr']
  bin_size: 100
  moving_average: False
  data_point_length: 5 (from 500)
  step_size: 0.6402560375470145
  layers: [np.int64(1600)] (first=1600, num=1)
  stride: 1 (fixed), padding: 0 (fixed)


Clipping outliers using 95th percentile * 1.5...
strain_yTW001: Clipping values above 134.25 (P95=89.50). Clipped 27529/1193409 values (2.31%)
strain_FD: Clipping values above 71.92 (P95=47.94). Clipped 95791/4127807 values (2.32%)
strain_dnrp: Clipping values above 243.00 (P95=162.00). Clipped 25649/1119454 values (2.29%)
strain_yEK19: Clipping values above 77.10 (P95=51.40). Clipped 83713/3893623 values (2.15%)
strain_yEK23: Clipping values above 72.00 (P95=48.00). Clipped 86381/3558407 values (2.43%)
strain_yWT03a: Clipping values above 15.00 (P95=10.00). Clipped 10602/347679 values (3.05%)
strain_yWT04a: Clipping values above 58.50 (P95=39.00). Clipped 21095/725406 values (2.91%)
strain_ylic137: Clipping values above 142.50 (P95=95.00). Clipped 28746/1112684 values (2.58%)
Standardizing features: ['Centr']
Column order in final array (Dataset/Chrom split): ['Value', 'Centromere_Distance', 'Value_Raw', 'Size_Factor']
Removing 0 empty data points out of 183840
Column order in final array (Dataset/Chrom split): ['Value', 'Centromere_Distance', 'Value_Raw', 'Size_Factor']
Removing 0 empty data points out of 32880
Column order in final array (Dataset/Chrom split): ['Value', 'Centromere_Distance', 'Value_Raw', 'Size_Factor']
Removing 0 empty data points out of 105224
Datasets created:
  Train: (183840, 5, 4), Val: (32880, 5, 4), Test: (105224, 5, 4)

Randomly sampled 56550/183840 samples (30.8%)
Applied denoising with 44.7% masking
Applied denoising with 44.7% masking
Applied denoising with 44.7% masking

ERROR during training: max_pool1d() Invalid computed output size: 0
Parameters that caused error: {'features': np.str_('Centr'), 'data_point_length': np.int64(500), 'step_size': 0.6402560375470145, 'bin_size': np.int64(100), 'sample_fraction': 0.30760902720518474, 'moving_average': np.False_, 'first_layer_size_factor': np.int64(100), 'num_layers': np.int64(1), 'use_conv': np.True_, 'conv_channel': np.int64(45), 'pool_size': np.int64(3), 'kernel_size': np.int64(5), 'epochs': np.int64(150), 'batch_size': np.int64(128), 'noise_level': 0.44719285273104714, 'pi_threshold': 0.49972187757317343, 'learning_rate': 7.883165424338895e-05, 'dropout_rate': 0.33457004613225727, 'masked_recon_weight': 0.001, 'regularizer': np.str_('l2'), 'regularization_weight': 1e-05}

Iteration No: 22 ended. Search finished for the next optimal point.
Time taken: 44.0039
Function value obtained: 1000000.0000
Current minimum: 1.7985
Iteration No: 23 started. Searching for the next optimal point.

================================================================================
Trial with parameters:
  features: Centr
  data_point_length: 10000
  step_size: 1.0
  bin_size: 5
  sample_fraction: 0.6047764621399927
  moving_average: False
  first_layer_size_factor: 100
  num_layers: 1
  use_conv: False
  conv_channel: 16
  pool_size: 2
  kernel_size: 9
  epochs: 150
  batch_size: 128
  noise_level: 0.0
  pi_threshold: 0.3
  learning_rate: 0.009999998197460877
  dropout_rate: 0.49999997432306165
  masked_recon_weight: 0.001
  regularizer: l2
  regularization_weight: 1.0000006977831831e-05
================================================================================

Creating datasets with:
  features: ['Centr']
  bin_size: 5
  moving_average: False
  data_point_length: 2000 (from 10000)
  step_size: 1.0
  layers: [np.int64(1600)] (first=1600, num=1)
  stride: 1 (fixed), padding: 0 (fixed)


Clipping outliers using 95th percentile * 1.5...
strain_yTW001: Clipping values above 134.25 (P95=89.50). Clipped 27529/1193409 values (2.31%)
strain_FD: Clipping values above 71.92 (P95=47.94). Clipped 95791/4127807 values (2.32%)
strain_dnrp: Clipping values above 243.00 (P95=162.00). Clipped 25649/1119454 values (2.29%)
strain_yEK19: Clipping values above 77.10 (P95=51.40). Clipped 83713/3893623 values (2.15%)
strain_yEK23: Clipping values above 72.00 (P95=48.00). Clipped 86381/3558407 values (2.43%)
strain_yWT03a: Clipping values above 15.00 (P95=10.00). Clipped 10602/347679 values (3.05%)
strain_yWT04a: Clipping values above 58.50 (P95=39.00). Clipped 21095/725406 values (2.91%)
strain_ylic137: Clipping values above 142.50 (P95=95.00). Clipped 28746/1112684 values (2.58%)
Standardizing features: ['Centr']
Column order in final array (Dataset/Chrom split): ['Value', 'Centromere_Distance', 'Value_Raw', 'Size_Factor']
Removing 0 empty data points out of 10885104
Column order in final array (Dataset/Chrom split): ['Value', 'Centromere_Distance', 'Value_Raw', 'Size_Factor']
Removing 0 empty data points out of 1924456
Column order in final array (Dataset/Chrom split): ['Value', 'Centromere_Distance', 'Value_Raw', 'Size_Factor']
Removing 0 empty data points out of 6248872
Datasets created:
  Train: (10885104, 2000, 4), Val: (1924456, 2000, 4), Test: (6248872, 2000, 4)

Randomly sampled 6583054/10885104 samples (60.5%)
Epoch [1/150], Total Loss: 2.0979, NLL: 2.0979, Reg: 0.521364
Epoch [2/150], Total Loss: 2.1109, NLL: 2.1109, Reg: 0.502278
Epoch [3/150], Total Loss: 2.1248, NLL: 2.1248, Reg: 0.481994
Epoch [4/150], Total Loss: 2.1260, NLL: 2.1260, Reg: 0.504934
Epoch [5/150], Total Loss: 2.1144, NLL: 2.1144, Reg: 0.504747
Epoch [6/150], Total Loss: 2.0858, NLL: 2.0858, Reg: 0.514124
Epoch [7/150], Total Loss: 2.0920, NLL: 2.0920, Reg: 0.520999
Epoch [8/150], Total Loss: 2.0675, NLL: 2.0675, Reg: 0.513122
Epoch [9/150], Total Loss: 2.0927, NLL: 2.0927, Reg: 0.505582
Epoch [10/150], Total Loss: 2.0845, NLL: 2.0845, Reg: 0.508414
Epoch [11/150], Total Loss: 2.1324, NLL: 2.1324, Reg: 0.491642
Epoch [12/150], Total Loss: 2.1396, NLL: 2.1396, Reg: 0.487556
Epoch [13/150], Total Loss: 2.1405, NLL: 2.1405, Reg: 0.477411
Epoch [14/150], Total Loss: 2.0914, NLL: 2.0914, Reg: 0.510532
Epoch [15/150], Total Loss: 2.1141, NLL: 2.1141, Reg: 0.514180
Epoch [16/150], Total Loss: 2.0799, NLL: 2.0799, Reg: 0.518971
Epoch [17/150], Total Loss: 2.0851, NLL: 2.0851, Reg: 0.510409
Epoch [18/150], Total Loss: 2.1006, NLL: 2.1006, Reg: 0.508530
Epoch [19/150], Total Loss: 2.0895, NLL: 2.0895, Reg: 0.513112
Epoch [20/150], Total Loss: 2.0794, NLL: 2.0794, Reg: 0.517584
Epoch [21/150], Total Loss: 2.1680, NLL: 2.1680, Reg: 0.464506
Epoch [22/150], Total Loss: 2.1139, NLL: 2.1139, Reg: 0.519356
Epoch [23/150], Total Loss: 2.1621, NLL: 2.1621, Reg: 0.451553
Epoch [24/150], Total Loss: 2.0846, NLL: 2.0846, Reg: 0.522578
Epoch [25/150], Total Loss: 2.0954, NLL: 2.0954, Reg: 0.498998
Epoch [26/150], Total Loss: 2.0888, NLL: 2.0888, Reg: 0.513909
Epoch [27/150], Total Loss: 2.1057, NLL: 2.1057, Reg: 0.508497
Epoch [28/150], Total Loss: 2.0853, NLL: 2.0853, Reg: 0.510041
Epoch [29/150], Total Loss: 2.1318, NLL: 2.1318, Reg: 0.505190
Epoch [30/150], Total Loss: 2.1281, NLL: 2.1281, Reg: 0.518532
Epoch [31/150], Total Loss: 2.0876, NLL: 2.0876, Reg: 0.512865
Epoch [32/150], Total Loss: 2.0505, NLL: 2.0505, Reg: 0.523036
Epoch [33/150], Total Loss: 2.0945, NLL: 2.0945, Reg: 0.501141
Epoch [34/150], Total Loss: 2.0695, NLL: 2.0695, Reg: 0.519555
Epoch [35/150], Total Loss: 2.0689, NLL: 2.0689, Reg: 0.519933
Epoch [36/150], Total Loss: 2.1301, NLL: 2.1301, Reg: 0.501403
Epoch [37/150], Total Loss: 2.0881, NLL: 2.0881, Reg: 0.508533
Epoch [38/150], Total Loss: 2.1037, NLL: 2.1037, Reg: 0.501533
Epoch [39/150], Total Loss: 2.0896, NLL: 2.0896, Reg: 0.509730
Epoch [40/150], Total Loss: 2.0881, NLL: 2.0881, Reg: 0.516653
Epoch [41/150], Total Loss: 2.1168, NLL: 2.1168, Reg: 0.506549
Epoch [42/150], Total Loss: 2.1888, NLL: 2.1888, Reg: 0.452933
Epoch [43/150], Total Loss: 2.1121, NLL: 2.1121, Reg: 0.510352
Epoch [44/150], Total Loss: 2.1120, NLL: 2.1120, Reg: 0.513583
Epoch [45/150], Total Loss: 2.1689, NLL: 2.1689, Reg: 0.425033
Epoch [46/150], Total Loss: 2.2568, NLL: 2.2568, Reg: 0.360010
Epoch [47/150], Total Loss: 2.1627, NLL: 2.1627, Reg: 0.446532
Epoch [48/150], Total Loss: 2.1130, NLL: 2.1130, Reg: 0.500982
Epoch [49/150], Total Loss: 2.1057, NLL: 2.1057, Reg: 0.498900
Epoch [50/150], Total Loss: 2.0985, NLL: 2.0985, Reg: 0.492394
Epoch [51/150], Total Loss: 2.0933, NLL: 2.0933, Reg: 0.519316
Epoch [52/150], Total Loss: 2.1382, NLL: 2.1382, Reg: 0.463361
Epoch [53/150], Total Loss: 2.1057, NLL: 2.1057, Reg: 0.520818
Epoch [54/150], Total Loss: 2.1848, NLL: 2.1848, Reg: 0.435538
Epoch [55/150], Total Loss: 2.1446, NLL: 2.1446, Reg: 0.518738
Epoch [56/150], Total Loss: 2.0756, NLL: 2.0756, Reg: 0.527543
Epoch [57/150], Total Loss: 2.1087, NLL: 2.1087, Reg: 0.511589
Epoch [58/150], Total Loss: 2.1392, NLL: 2.1392, Reg: 0.486994
Epoch [59/150], Total Loss: 2.0852, NLL: 2.0852, Reg: 0.510402
Epoch [60/150], Total Loss: 2.0652, NLL: 2.0652, Reg: 0.520880
Epoch [61/150], Total Loss: 2.1067, NLL: 2.1067, Reg: 0.507458
Epoch [62/150], Total Loss: 2.0928, NLL: 2.0928, Reg: 0.511445
Epoch [63/150], Total Loss: 2.1363, NLL: 2.1363, Reg: 0.501975
Epoch [64/150], Total Loss: 2.1165, NLL: 2.1165, Reg: 0.499284
Epoch [65/150], Total Loss: 2.1604, NLL: 2.1604, Reg: 0.492913
Epoch [66/150], Total Loss: 2.0762, NLL: 2.0762, Reg: 0.524677
Epoch [67/150], Total Loss: 2.0599, NLL: 2.0599, Reg: 0.514985
Epoch [68/150], Total Loss: 2.1176, NLL: 2.1176, Reg: 0.486168
Epoch [69/150], Total Loss: 2.1144, NLL: 2.1144, Reg: 0.493513
Epoch [70/150], Total Loss: 2.1143, NLL: 2.1143, Reg: 0.508024
Epoch [71/150], Total Loss: 2.1094, NLL: 2.1094, Reg: 0.509694
Epoch [72/150], Total Loss: 2.1057, NLL: 2.1057, Reg: 0.505625
Epoch [73/150], Total Loss: 2.1003, NLL: 2.1003, Reg: 0.511600
Epoch [74/150], Total Loss: 2.1202, NLL: 2.1202, Reg: 0.511309
Epoch [75/150], Total Loss: 2.1222, NLL: 2.1222, Reg: 0.501463
Epoch [76/150], Total Loss: 2.1347, NLL: 2.1347, Reg: 0.507976
Epoch [77/150], Total Loss: 2.1183, NLL: 2.1183, Reg: 0.505803
Epoch [78/150], Total Loss: 2.0830, NLL: 2.0830, Reg: 0.514780
Epoch [79/150], Total Loss: 2.1382, NLL: 2.1382, Reg: 0.469849
Epoch [80/150], Total Loss: 2.0822, NLL: 2.0822, Reg: 0.513482
Epoch [81/150], Total Loss: 2.1100, NLL: 2.1100, Reg: 0.501395
Epoch [82/150], Total Loss: 2.0732, NLL: 2.0732, Reg: 0.516757
Epoch [83/150], Total Loss: 2.1208, NLL: 2.1208, Reg: 0.499409
Epoch [84/150], Total Loss: 2.1276, NLL: 2.1276, Reg: 0.502709
Epoch [85/150], Total Loss: 2.1029, NLL: 2.1029, Reg: 0.506903
Epoch [86/150], Total Loss: 2.0943, NLL: 2.0943, Reg: 0.505349
Epoch [87/150], Total Loss: 2.1132, NLL: 2.1132, Reg: 0.505494
Epoch [88/150], Total Loss: 2.1404, NLL: 2.1404, Reg: 0.469121
Epoch [89/150], Total Loss: 2.1135, NLL: 2.1135, Reg: 0.506714
Epoch [90/150], Total Loss: 2.1245, NLL: 2.1245, Reg: 0.503071
Epoch [91/150], Total Loss: 2.0708, NLL: 2.0708, Reg: 0.518953
Epoch [92/150], Total Loss: 2.1172, NLL: 2.1172, Reg: 0.472502
Epoch [93/150], Total Loss: 2.0743, NLL: 2.0743, Reg: 0.522126
Epoch [94/150], Total Loss: 2.0773, NLL: 2.0773, Reg: 0.508369
Epoch [95/150], Total Loss: 2.2571, NLL: 2.2571, Reg: 0.360512
Epoch [96/150], Total Loss: 2.1063, NLL: 2.1063, Reg: 0.491028
Epoch [97/150], Total Loss: 2.1179, NLL: 2.1179, Reg: 0.506546
Epoch [98/150], Total Loss: 2.0967, NLL: 2.0967, Reg: 0.511410
Epoch [99/150], Total Loss: 2.0813, NLL: 2.0813, Reg: 0.519603
Epoch [100/150], Total Loss: 2.0910, NLL: 2.0910, Reg: 0.509960
Epoch [101/150], Total Loss: 2.0976, NLL: 2.0976, Reg: 0.518606
Epoch [102/150], Total Loss: 2.0805, NLL: 2.0805, Reg: 0.523278
Epoch [103/150], Total Loss: 2.0946, NLL: 2.0946, Reg: 0.503089
Epoch [104/150], Total Loss: 2.1024, NLL: 2.1024, Reg: 0.506753
Epoch [105/150], Total Loss: 2.0803, NLL: 2.0803, Reg: 0.503544
Epoch [106/150], Total Loss: 2.0797, NLL: 2.0797, Reg: 0.500259
Epoch [107/150], Total Loss: 2.1377, NLL: 2.1377, Reg: 0.489928
Epoch [108/150], Total Loss: 2.1123, NLL: 2.1123, Reg: 0.492671
Epoch [109/150], Total Loss: 2.0987, NLL: 2.0987, Reg: 0.493292
Epoch [110/150], Total Loss: 2.1348, NLL: 2.1348, Reg: 0.493108
Epoch [111/150], Total Loss: 2.0793, NLL: 2.0793, Reg: 0.521761
Epoch [112/150], Total Loss: 2.1151, NLL: 2.1151, Reg: 0.515577
Epoch [113/150], Total Loss: 2.1099, NLL: 2.1099, Reg: 0.498238
Epoch [114/150], Total Loss: 2.1475, NLL: 2.1475, Reg: 0.492408
Epoch [115/150], Total Loss: 2.1686, NLL: 2.1686, Reg: 0.504337
Epoch [116/150], Total Loss: 2.1492, NLL: 2.1492, Reg: 0.470391
Epoch [117/150], Total Loss: 2.1074, NLL: 2.1074, Reg: 0.498031
Epoch [118/150], Total Loss: 2.1660, NLL: 2.1660, Reg: 0.490881
Epoch [119/150], Total Loss: 2.1320, NLL: 2.1320, Reg: 0.473422
Epoch [120/150], Total Loss: 2.1356, NLL: 2.1356, Reg: 0.491773
Epoch [121/150], Total Loss: 2.0690, NLL: 2.0690, Reg: 0.516193
Epoch [122/150], Total Loss: 2.1192, NLL: 2.1192, Reg: 0.476196
Epoch [123/150], Total Loss: 2.1140, NLL: 2.1140, Reg: 0.503310
Epoch [124/150], Total Loss: 2.0954, NLL: 2.0954, Reg: 0.519767
Epoch [125/150], Total Loss: 2.0985, NLL: 2.0985, Reg: 0.500315
Epoch [126/150], Total Loss: 2.2403, NLL: 2.2403, Reg: 0.383554
Epoch [127/150], Total Loss: 2.1747, NLL: 2.1747, Reg: 0.449788
Epoch [128/150], Total Loss: 2.0932, NLL: 2.0932, Reg: 0.502564
Epoch [129/150], Total Loss: 2.1237, NLL: 2.1237, Reg: 0.494213
Epoch [130/150], Total Loss: 2.1200, NLL: 2.1200, Reg: 0.504708
Epoch [131/150], Total Loss: 2.0975, NLL: 2.0975, Reg: 0.507837
Epoch [132/150], Total Loss: 2.1056, NLL: 2.1056, Reg: 0.503208
Epoch [133/150], Total Loss: 2.1487, NLL: 2.1487, Reg: 0.470486
Epoch [134/150], Total Loss: 2.2134, NLL: 2.2134, Reg: 0.428842
