Device: cuda

================================================================================
Determining chromosome split (will be consistent across all trials)...
================================================================================


Chromosome split determined:
  Train chromosomes: ['ChrIII', 'ChrIV', 'ChrIX', 'ChrVI', 'ChrVII', 'ChrX', 'ChrXI', 'ChrXIII', 'ChrXVI']
  Validation chromosomes: ['ChrVIII', 'ChrXIV', 'ChrXV']
  Test chromosomes: ['ChrI', 'ChrII', 'ChrV', 'ChrXII']

Chromosome split saved to: AE/results/bayesian_optimization/chromosome_split_20260223_210815.json


================================================================================
Resuming from checkpoint: AE/results/bayesian_optimization/checkpoints/checkpoint_zinb_nll_20260217_105918.pkl
================================================================================

Loaded 150 previous trials
Best score so far: 0.889181

Adjusting n_calls: 170 total - 150 completed = 20 remaining


################################################################################
# Starting Bayesian Hyperparameter Optimization
# Optimizing metric: zinb_nll on VALIDATION set
# Resuming with 150 previous trials
# Running 20 additional trials
# Initial random points: 20
# Random state: 42
# Parallel jobs: 1
# Checkpoint will be saved to: AE/results/bayesian_optimization/checkpoints/checkpoint_zinb_nll_20260223_210815.pkl
################################################################################

Iteration No: 1 started. Evaluating function at random point.
Iteration No: 1 ended. Evaluation done at random point.
Time taken: 0.0028
Function value obtained: 2.0273
Current minimum: 0.8892
Iteration No: 2 started. Evaluating function at random point.

================================================================================
Trial with parameters:
  features: Nucl
  step_size: 0.3875760923996229
  bin_size: 39
  sample_fraction: 0.6976376184598654
  moving_average: True
  first_layer_size_factor: 14
  num_layers: 2
  use_conv: True
  conv_channel: 32
  pool_size: 6
  kernel_size: 3
  epochs: 117
  batch_size: 128
  pi_threshold: 0.30031150633640574
  learning_rate: 0.009476210031010525
  dropout_rate: 0.3087407548138583
  masked_recon_weight: 0.2796485951606247
  regularizer: l1
  regularization_weight: 1.4502303019631352e-05
================================================================================

len(layers): 2
Creating datasets with:
  features: ['Nucl']
  bin_size: 39
  moving_average: True
  data_point_length: 2000 (from 2000)
  step_size: 775 (from fraction 0.3875760923996229)
  layers: [np.int64(224), np.int64(112)] (first=224, num=2)
  stride: 1 (fixed), padding: same (fixed)
  Using pre-determined chromosome split


Clipping outliers using 95th percentile * 1.5...
strain_yTW001: Clipping values above 134.25 (P95=89.50). Clipped 27529/1193409 values (2.31%)
strain_FD: Clipping values above 71.92 (P95=47.94). Clipped 95791/4127807 values (2.32%)
strain_dnrp: Clipping values above 243.00 (P95=162.00). Clipped 25649/1119454 values (2.29%)
strain_yEK19: Clipping values above 77.10 (P95=51.40). Clipped 83713/3893623 values (2.15%)
strain_yEK23: Clipping values above 72.00 (P95=48.00). Clipped 86381/3558407 values (2.43%)
strain_yWT03a: Clipping values above 15.00 (P95=10.00). Clipped 10602/347679 values (3.05%)
strain_yWT04a: Clipping values above 58.50 (P95=39.00). Clipped 21095/725406 values (2.91%)
strain_ylic137: Clipping values above 142.50 (P95=95.00). Clipped 28746/1112684 values (2.58%)

Splitting data using pre-determined chromosomes...
Standardizing features: ['Nucl']
Column order in final array (Dataset/Chrom split): ['Value', 'Nucleosome_Distance', 'Value_Raw', 'Size_Factor']
Removing 0 empty data points out of 71496
Column order in final array (Dataset/Chrom split): ['Value', 'Nucleosome_Distance', 'Value_Raw', 'Size_Factor']
Removing 0 empty data points out of 25144
Column order in final array (Dataset/Chrom split): ['Value', 'Nucleosome_Distance', 'Value_Raw', 'Size_Factor']
Removing 0 empty data points out of 27816
Datasets created with shapes:
  Train: (71496, 2000, 4)
  Val: (25144, 2000, 4)
  Test: (27816, 2000, 4)
Datasets created:
  Train: (71496, 2000, 4), Val: (25144, 2000, 4), Test: (27816, 2000, 4)

Randomly sampled 49878/71496 samples (69.8%)
Applied denoising with 15.0% masking
Applied denoising with 15.0% masking
Number of encoder layers: 2
Number of decoder layers (excluding heads): 2
Total number of layers including latent layer: 5
Epoch [1/117], Total Loss: 10825.1616, NLL: 2.2178, Masked: 38700.2804, Reg: 0.464478
Epoch [2/117], Total Loss: 2.6981, NLL: 1.8140, Masked: 2.3644, Reg: 0.222888
Epoch [3/117], Total Loss: 2.6461, NLL: 1.8065, Masked: 2.3540, Reg: 0.181313
Epoch [4/117], Total Loss: 2.6369, NLL: 1.8006, Masked: 2.3490, Reg: 0.179419
Epoch [5/117], Total Loss: 2.6120, NLL: 1.7967, Masked: 2.3436, Reg: 0.159906
Epoch [6/117], Total Loss: 2.6089, NLL: 1.7978, Masked: 2.3464, Reg: 0.154939
Epoch [7/117], Total Loss: 2.6004, NLL: 1.7946, Masked: 2.3434, Reg: 0.150460
Epoch [8/117], Total Loss: 2.5962, NLL: 1.7932, Masked: 2.3418, Reg: 0.148107
Epoch [9/117], Total Loss: 2.5951, NLL: 1.7933, Masked: 2.3421, Reg: 0.146817
Epoch [10/117], Total Loss: 2.5968, NLL: 1.7933, Masked: 2.3427, Reg: 0.148402
Epoch [11/117], Total Loss: 2.5969, NLL: 1.7930, Masked: 2.3405, Reg: 0.149417
Epoch [12/117], Total Loss: 2.5960, NLL: 1.7922, Masked: 2.3403, Reg: 0.149402
Epoch [13/117], Total Loss: 2.6002, NLL: 1.7929, Masked: 2.3411, Reg: 0.152591
Epoch [14/117], Total Loss: 2.6104, NLL: 1.7935, Masked: 2.3424, Reg: 0.161851
Epoch [15/117], Total Loss: 2.6078, NLL: 1.7932, Masked: 2.3437, Reg: 0.159183
Epoch [16/117], Total Loss: 2.6050, NLL: 1.7923, Masked: 2.3430, Reg: 0.157470
Epoch [17/117], Total Loss: 2.5973, NLL: 1.7920, Masked: 2.3386, Reg: 0.151301
Epoch [18/117], Total Loss: 2.6117, NLL: 1.7933, Masked: 2.3446, Reg: 0.162760
Epoch [19/117], Total Loss: 2.6842, NLL: 1.7923, Masked: 2.6232, Reg: 0.158311
Epoch [20/117], Total Loss: 2.6134, NLL: 1.7929, Masked: 2.3456, Reg: 0.164595
Epoch [21/117], Total Loss: 2.6138, NLL: 1.7928, Masked: 2.3458, Reg: 0.164984
Epoch [22/117], Total Loss: 2.6235, NLL: 1.7942, Masked: 2.3457, Reg: 0.173358
Epoch [23/117], Total Loss: 2.6077, NLL: 1.7935, Masked: 2.3445, Reg: 0.158561
Epoch [24/117], Total Loss: 2.6129, NLL: 1.7935, Masked: 2.3460, Reg: 0.163365
Epoch [25/117], Total Loss: 2.6044, NLL: 1.7920, Masked: 2.3419, Reg: 0.157468
Epoch [26/117], Total Loss: 2.6242, NLL: 1.7946, Masked: 2.3539, Reg: 0.171383
Epoch [27/117], Total Loss: 2.6182, NLL: 1.7934, Masked: 2.3434, Reg: 0.169507
Epoch [28/117], Total Loss: 2.6083, NLL: 1.7929, Masked: 2.3437, Reg: 0.160043
Epoch [29/117], Total Loss: 2.6209, NLL: 1.7943, Masked: 2.3465, Reg: 0.170339
Epoch [30/117], Total Loss: 2.6051, NLL: 1.7927, Masked: 2.3436, Reg: 0.157031
Epoch [31/117], Total Loss: 2.6063, NLL: 1.7928, Masked: 2.3422, Reg: 0.158519
Epoch [32/117], Total Loss: 2.6023, NLL: 1.7924, Masked: 2.3424, Reg: 0.154852
Epoch [33/117], Total Loss: 2.6063, NLL: 1.7932, Masked: 2.3459, Reg: 0.157067
Epoch [34/117], Total Loss: 2.6031, NLL: 1.7915, Masked: 2.3392, Reg: 0.157412
Epoch [35/117], Total Loss: 2.6052, NLL: 1.7922, Masked: 2.3420, Reg: 0.158131
Epoch [36/117], Total Loss: 2.6054, NLL: 1.7929, Masked: 2.3437, Reg: 0.157078
Epoch [37/117], Total Loss: 2.6121, NLL: 1.7927, Masked: 2.3443, Reg: 0.163770
Epoch [38/117], Total Loss: 2.6042, NLL: 1.7921, Masked: 2.3416, Reg: 0.157260
Epoch [39/117], Total Loss: 2.6066, NLL: 1.7921, Masked: 2.3436, Reg: 0.159113
Epoch [40/117], Total Loss: 2.6257, NLL: 1.7931, Masked: 2.3439, Reg: 0.177050
Epoch [41/117], Total Loss: 2.6107, NLL: 1.7919, Masked: 2.3423, Reg: 0.163800
Epoch [42/117], Total Loss: 2.6052, NLL: 1.7922, Masked: 2.3407, Reg: 0.158447
Epoch [43/117], Total Loss: 2.6075, NLL: 1.7931, Masked: 2.3460, Reg: 0.158350
Epoch [44/117], Total Loss: 2.6076, NLL: 1.7922, Masked: 2.3439, Reg: 0.159984
Epoch [45/117], Total Loss: 2.6061, NLL: 1.7921, Masked: 2.3436, Reg: 0.158557
Epoch [46/117], Total Loss: 2.6193, NLL: 1.7943, Masked: 2.3470, Reg: 0.168644
Epoch [47/117], Total Loss: 2.6055, NLL: 1.7934, Masked: 2.3422, Reg: 0.157155
Epoch [48/117], Total Loss: 2.6130, NLL: 1.7929, Masked: 2.3460, Reg: 0.164047
Epoch [49/117], Total Loss: 2.6158, NLL: 1.7920, Masked: 2.3423, Reg: 0.168803
Epoch [50/117], Total Loss: 2.6024, NLL: 1.7919, Masked: 2.3410, Reg: 0.155813
Epoch [51/117], Total Loss: 2.5999, NLL: 1.7915, Masked: 2.3404, Reg: 0.153876
Epoch [52/117], Total Loss: 2.6039, NLL: 1.7914, Masked: 2.3404, Reg: 0.157995
Epoch [53/117], Total Loss: 2.6101, NLL: 1.7922, Masked: 2.3428, Reg: 0.162776
Epoch [54/117], Total Loss: 2.6089, NLL: 1.7922, Masked: 2.3454, Reg: 0.160803
Epoch [55/117], Total Loss: 2.8495, NLL: 1.7942, Masked: 3.1253, Reg: 0.181265
Epoch [56/117], Total Loss: 2.6156, NLL: 1.7941, Masked: 2.3445, Reg: 0.165852
Epoch [57/117], Total Loss: 2.6091, NLL: 1.7919, Masked: 2.3430, Reg: 0.161944
Epoch [58/117], Total Loss: 2.6134, NLL: 1.7931, Masked: 2.3450, Reg: 0.164461
Epoch [59/117], Total Loss: 2.6135, NLL: 1.7932, Masked: 2.3449, Reg: 0.164560
Epoch [60/117], Total Loss: 2.6069, NLL: 1.7923, Masked: 2.3415, Reg: 0.159780
Epoch [61/117], Total Loss: 2.6069, NLL: 1.7915, Masked: 2.3419, Reg: 0.160468
Epoch [62/117], Total Loss: 2.6014, NLL: 1.7918, Masked: 2.3418, Reg: 0.154670
Epoch [63/117], Total Loss: 2.6084, NLL: 1.7929, Masked: 2.3434, Reg: 0.160181
Epoch [64/117], Total Loss: 2.5991, NLL: 1.7917, Masked: 2.3421, Reg: 0.152400
Epoch [65/117], Total Loss: 2.6018, NLL: 1.7917, Masked: 2.3433, Reg: 0.154841
Epoch [66/117], Total Loss: 2.6099, NLL: 1.7934, Masked: 2.3473, Reg: 0.160131
Epoch [67/117], Total Loss: 2.6092, NLL: 1.7935, Masked: 2.3477, Reg: 0.159245
Epoch [68/117], Total Loss: 2.6044, NLL: 1.7923, Masked: 2.3412, Reg: 0.157338
Epoch [69/117], Total Loss: 2.5993, NLL: 1.7913, Masked: 2.3405, Reg: 0.153546
Epoch [70/117], Total Loss: 2.6039, NLL: 1.7923, Masked: 2.3431, Reg: 0.156281
Epoch [71/117], Total Loss: 2.5964, NLL: 1.7903, Masked: 2.3390, Reg: 0.152064
Epoch [72/117], Total Loss: 2.5974, NLL: 1.7912, Masked: 2.3418, Reg: 0.151283
Epoch [73/117], Total Loss: 2.6072, NLL: 1.7926, Masked: 2.3463, Reg: 0.158536
Epoch [74/117], Total Loss: 14.3010, NLL: 1.7930, Masked: 44.0947, Reg: 0.176999
Epoch [75/117], Total Loss: 2.6089, NLL: 1.7923, Masked: 2.3421, Reg: 0.161555
Epoch [76/117], Total Loss: 2.6103, NLL: 1.7925, Masked: 2.3448, Reg: 0.162062
Epoch [77/117], Total Loss: 2.6084, NLL: 1.7909, Masked: 2.3413, Reg: 0.162838
Epoch [78/117], Total Loss: 2.6029, NLL: 1.7913, Masked: 2.3413, Reg: 0.156861
Epoch [79/117], Total Loss: 2.5994, NLL: 1.7907, Masked: 2.3417, Reg: 0.153812
Epoch [80/117], Total Loss: 2.6112, NLL: 1.7918, Masked: 2.3437, Reg: 0.163952
Epoch [81/117], Total Loss: 2.6062, NLL: 1.7913, Masked: 2.3429, Reg: 0.159640
Epoch [82/117], Total Loss: 2.6015, NLL: 1.7912, Masked: 2.3432, Reg: 0.154969
Epoch [83/117], Total Loss: 2.6021, NLL: 1.7906, Masked: 2.3423, Reg: 0.156461
Epoch [84/117], Total Loss: 2.6059, NLL: 1.7927, Masked: 2.3486, Reg: 0.156401
Epoch [85/117], Total Loss: 2.6051, NLL: 1.7918, Masked: 2.3438, Reg: 0.157912
Epoch [86/117], Total Loss: 2.6045, NLL: 1.7905, Masked: 2.3416, Reg: 0.159093
Epoch [87/117], Total Loss: 2.6001, NLL: 1.7919, Masked: 2.3435, Reg: 0.152893
Epoch [88/117], Total Loss: 2.6017, NLL: 1.7913, Masked: 2.3430, Reg: 0.155181
Epoch [89/117], Total Loss: 2.5963, NLL: 1.7912, Masked: 2.3407, Reg: 0.150511
Epoch [90/117], Total Loss: 2.6052, NLL: 1.7911, Masked: 2.3421, Reg: 0.159096
Epoch [91/117], Total Loss: 2.5980, NLL: 1.7912, Masked: 2.3410, Reg: 0.152155
Epoch [92/117], Total Loss: 2.5954, NLL: 1.7900, Masked: 2.3414, Reg: 0.150704
Epoch [93/117], Total Loss: 2.5970, NLL: 1.7909, Masked: 2.3406, Reg: 0.151539
Epoch [94/117], Total Loss: 2.5995, NLL: 1.7904, Masked: 2.3405, Reg: 0.154539
Epoch [95/117], Total Loss: 2.5994, NLL: 1.7917, Masked: 2.3422, Reg: 0.152757
Epoch [96/117], Total Loss: 2.5960, NLL: 1.7906, Masked: 2.3409, Reg: 0.150737
Epoch [97/117], Total Loss: 2.6001, NLL: 1.7909, Masked: 2.3438, Reg: 0.153740
Epoch [98/117], Total Loss: 2.6036, NLL: 1.7922, Masked: 2.3441, Reg: 0.155884
Epoch [99/117], Total Loss: 2.6009, NLL: 1.7910, Masked: 2.3451, Reg: 0.154112
Epoch [100/117], Total Loss: 2.6080, NLL: 1.7922, Masked: 2.3461, Reg: 0.159729
Epoch [101/117], Total Loss: 2.5990, NLL: 1.7904, Masked: 2.3422, Reg: 0.153610
Epoch [102/117], Total Loss: 2.6028, NLL: 1.7908, Masked: 2.3430, Reg: 0.156820
Epoch [103/117], Total Loss: 2.6060, NLL: 1.7921, Masked: 2.3440, Reg: 0.158410
Epoch [104/117], Total Loss: 2.5983, NLL: 1.7909, Masked: 2.3411, Reg: 0.152712
Epoch [105/117], Total Loss: 2.6013, NLL: 1.7917, Masked: 2.3438, Reg: 0.154061
Epoch [106/117], Total Loss: 2.6063, NLL: 1.7909, Masked: 2.3435, Reg: 0.160050
Epoch [107/117], Total Loss: 2.6068, NLL: 1.7900, Masked: 2.3423, Reg: 0.161861
Epoch [108/117], Total Loss: 2.6059, NLL: 1.7899, Masked: 2.3401, Reg: 0.161659
Epoch [109/117], Total Loss: 2.6062, NLL: 1.7913, Masked: 2.3427, Reg: 0.159783
Epoch [110/117], Total Loss: 2.6034, NLL: 1.7920, Masked: 2.3446, Reg: 0.155701
Epoch [111/117], Total Loss: 2.5963, NLL: 1.7905, Masked: 2.3408, Reg: 0.151139
Epoch [112/117], Total Loss: 2.5991, NLL: 1.7911, Masked: 2.3421, Reg: 0.153004
Epoch [113/117], Total Loss: 2.5981, NLL: 1.7906, Masked: 2.3406, Reg: 0.153016
Epoch [114/117], Total Loss: 2.6038, NLL: 1.7906, Masked: 2.3412, Reg: 0.158434
Epoch [115/117], Total Loss: 2.5961, NLL: 1.7905, Masked: 2.3419, Reg: 0.150721
Epoch [116/117], Total Loss: 2.6055, NLL: 1.7915, Masked: 2.3449, Reg: 0.158190
Epoch [117/117], Total Loss: 2.6029, NLL: 1.7905, Masked: 2.3414, Reg: 0.157702

==================================================
EVALUATING ON TRAINING DATA
==================================================

==================================================
TEST RESULTS
==================================================
Total Loss: 2.576559
  - ZINB NLL: 1.792110
Total number of masked values: 12086513
  - Number of values with pi >= 0.30031150633640574: 0
  - Number of values with pi < 0.30031150633640574: 12086513
  - Masked Reconstruction: 2.254339
  - Regularization: 0.154026
Mean Absolute Error (MAE): 2.044732
R² Score: 0.162009
==================================================


==================================================
EVALUATING ON VALIDATION DATA
Dataset size: 25144
==================================================


==================================================
TEST RESULTS
==================================================
Total Loss: 2.578029
  - ZINB NLL: 1.801901
Total number of masked values: 6084526
  - Number of values with pi >= 0.30031150633640574: 0
  - Number of values with pi < 0.30031150633640574: 6084526
  - Masked Reconstruction: 2.224584
  - Regularization: 0.154026
Mean Absolute Error (MAE): 2.101648
R² Score: 0.189053
==================================================


>>> Optimizing zinb_nll on VALIDATION set: 1.801901
>>> Full validation metrics: {'total_loss': 2.5780285586606837, 'zinb_nll': 1.8019005254389866, 'mae': 2.1016478538513184, 'r2': 0.189053475856781, 'masked_loss': 2.2245840265460353, 'reg_loss': 0.1540261987024721}

Iteration No: 2 ended. Evaluation done at random point.
Time taken: 717.3116
Function value obtained: 1.8019
Current minimum: 0.8892
Iteration No: 3 started. Evaluating function at random point.

================================================================================
Trial with parameters:
  features: Centr
  step_size: 0.5498957287864417
  bin_size: 3
  sample_fraction: 0.9803166391310946
  moving_average: True
  first_layer_size_factor: 13
  num_layers: 3
  use_conv: True
  conv_channel: 126
  pool_size: 5
  kernel_size: 9
  epochs: 112
  batch_size: 64
  pi_threshold: 0.3053059844639466
  learning_rate: 0.006708188643346291
  dropout_rate: 0.2816441089227697
  masked_recon_weight: 0.034806953267852735
  regularizer: l1
  regularization_weight: 0.0004132917911457906
================================================================================

len(layers): 3
Creating datasets with:
  features: ['Centr']
  bin_size: 3
  moving_average: True
  data_point_length: 2000 (from 2000)
  step_size: 1099 (from fraction 0.5498957287864417)
  layers: [np.int64(208), np.int64(104), np.int64(52)] (first=208, num=3)
  stride: 1 (fixed), padding: same (fixed)
  Using pre-determined chromosome split


Clipping outliers using 95th percentile * 1.5...
strain_yTW001: Clipping values above 134.25 (P95=89.50). Clipped 27529/1193409 values (2.31%)
strain_FD: Clipping values above 71.92 (P95=47.94). Clipped 95791/4127807 values (2.32%)
strain_dnrp: Clipping values above 243.00 (P95=162.00). Clipped 25649/1119454 values (2.29%)
strain_yEK19: Clipping values above 77.10 (P95=51.40). Clipped 83713/3893623 values (2.15%)
strain_yEK23: Clipping values above 72.00 (P95=48.00). Clipped 86381/3558407 values (2.43%)
strain_yWT03a: Clipping values above 15.00 (P95=10.00). Clipped 10602/347679 values (3.05%)
strain_yWT04a: Clipping values above 58.50 (P95=39.00). Clipped 21095/725406 values (2.91%)
strain_ylic137: Clipping values above 142.50 (P95=95.00). Clipped 28746/1112684 values (2.58%)

Splitting data using pre-determined chromosomes...
Standardizing features: ['Centr']
Column order in final array (Dataset/Chrom split): ['Value', 'Centromere_Distance', 'Value_Raw', 'Size_Factor']
Removing 0 empty data points out of 50456
Column order in final array (Dataset/Chrom split): ['Value', 'Centromere_Distance', 'Value_Raw', 'Size_Factor']
Removing 0 empty data points out of 17744
Column order in final array (Dataset/Chrom split): ['Value', 'Centromere_Distance', 'Value_Raw', 'Size_Factor']
Removing 0 empty data points out of 19640
Datasets created with shapes:
  Train: (50456, 2000, 4)
  Val: (17744, 2000, 4)
  Test: (19640, 2000, 4)
Datasets created:
  Train: (50456, 2000, 4), Val: (17744, 2000, 4), Test: (19640, 2000, 4)

Randomly sampled 49462/50456 samples (98.0%)
Applied denoising with 15.0% masking
Applied denoising with 15.0% masking
Number of encoder layers: 3
Number of decoder layers (excluding heads): 3
Total number of layers including latent layer: 7
Epoch [1/112], Total Loss: 7.0908, NLL: 1.9099, Masked: 9.7217, Reg: 4.842423
Epoch [2/112], Total Loss: 6.3339, NLL: 1.8581, Masked: 6.5531, Reg: 4.247697
Epoch [3/112], Total Loss: 6.2460, NLL: 1.6826, Masked: 6.5556, Reg: 4.335136
Epoch [4/112], Total Loss: 6.1850, NLL: 1.6284, Masked: 6.5536, Reg: 4.328497
Epoch [5/112], Total Loss: 6.1605, NLL: 1.6150, Masked: 6.5601, Reg: 4.317138
Epoch [6/112], Total Loss: 6.1491, NLL: 1.6132, Masked: 6.5560, Reg: 4.307723
Epoch [7/112], Total Loss: 6.1435, NLL: 1.6111, Masked: 6.5525, Reg: 4.304363
Epoch [8/112], Total Loss: 6.1387, NLL: 1.6110, Masked: 6.5539, Reg: 4.299568
Epoch [9/112], Total Loss: 6.1401, NLL: 1.6108, Masked: 6.5546, Reg: 4.301151
Epoch [10/112], Total Loss: 6.1378, NLL: 1.6103, Masked: 6.5512, Reg: 4.299549
Epoch [11/112], Total Loss: 6.1377, NLL: 1.6119, Masked: 6.5561, Reg: 4.297609
Epoch [12/112], Total Loss: 6.1324, NLL: 1.6123, Masked: 6.5564, Reg: 4.291936
Epoch [13/112], Total Loss: 6.1293, NLL: 1.6114, Masked: 6.5541, Reg: 4.289691
Epoch [14/112], Total Loss: 6.1293, NLL: 1.6115, Masked: 6.5525, Reg: 4.289696
Epoch [15/112], Total Loss: 6.1279, NLL: 1.6114, Masked: 6.5531, Reg: 4.288397
Epoch [16/112], Total Loss: 6.1255, NLL: 1.6114, Masked: 6.5542, Reg: 4.285987
Epoch [17/112], Total Loss: 6.1225, NLL: 1.6107, Masked: 6.5542, Reg: 4.283708
Epoch [18/112], Total Loss: 6.1231, NLL: 1.6126, Masked: 6.5528, Reg: 4.282335
Epoch [19/112], Total Loss: 6.1204, NLL: 1.6127, Masked: 6.5556, Reg: 4.279482
Epoch [20/112], Total Loss: 6.1157, NLL: 1.6117, Masked: 6.5532, Reg: 4.275990
Epoch [21/112], Total Loss: 6.1149, NLL: 1.6126, Masked: 6.5538, Reg: 4.274214
Epoch [22/112], Total Loss: 6.1160, NLL: 1.6130, Masked: 6.5529, Reg: 4.274946
Epoch [23/112], Total Loss: 6.1130, NLL: 1.6120, Masked: 6.5536, Reg: 4.272885
Epoch [24/112], Total Loss: 6.1098, NLL: 1.6120, Masked: 6.5546, Reg: 4.269664
Epoch [25/112], Total Loss: 6.1080, NLL: 1.6132, Masked: 6.5562, Reg: 4.266603
Epoch [26/112], Total Loss: 6.1070, NLL: 1.6112, Masked: 6.5523, Reg: 4.267771
Epoch [27/112], Total Loss: 6.1039, NLL: 1.6117, Masked: 6.5525, Reg: 4.264145
Epoch [28/112], Total Loss: 6.1040, NLL: 1.6130, Masked: 6.5520, Reg: 4.262990
Epoch [29/112], Total Loss: 6.0996, NLL: 1.6129, Masked: 6.5538, Reg: 4.258592
Epoch [30/112], Total Loss: 6.0990, NLL: 1.6127, Masked: 6.5520, Reg: 4.258238
Epoch [31/112], Total Loss: 6.0968, NLL: 1.6119, Masked: 6.5522, Reg: 4.256781
Epoch [32/112], Total Loss: 6.0931, NLL: 1.6101, Masked: 6.5499, Reg: 4.254945
Epoch [33/112], Total Loss: 6.0980, NLL: 1.6123, Masked: 6.5562, Reg: 4.257452
Epoch [34/112], Total Loss: 6.0965, NLL: 1.6113, Masked: 6.5561, Reg: 4.256985
Epoch [35/112], Total Loss: 6.0979, NLL: 1.6123, Masked: 6.5538, Reg: 4.257541
Epoch [36/112], Total Loss: 6.0981, NLL: 1.6127, Masked: 6.5539, Reg: 4.257266
Epoch [37/112], Total Loss: 6.0986, NLL: 1.6115, Masked: 6.5530, Reg: 4.259062
Epoch [38/112], Total Loss: 6.1028, NLL: 1.6124, Masked: 6.5522, Reg: 4.262313
Epoch [39/112], Total Loss: 6.1027, NLL: 1.6113, Masked: 6.5556, Reg: 4.263251
Epoch [40/112], Total Loss: 6.1060, NLL: 1.6112, Masked: 6.5538, Reg: 4.266669
Epoch [41/112], Total Loss: 6.1083, NLL: 1.6116, Masked: 6.5546, Reg: 4.268547
Epoch [42/112], Total Loss: 6.1097, NLL: 1.6119, Masked: 6.5532, Reg: 4.269658
Epoch [43/112], Total Loss: 6.1155, NLL: 1.6121, Masked: 6.5542, Reg: 4.275234
Epoch [44/112], Total Loss: 6.1166, NLL: 1.6115, Masked: 6.5505, Reg: 4.277067
Epoch [45/112], Total Loss: 6.1270, NLL: 1.6120, Masked: 6.5545, Reg: 4.286928
Epoch [46/112], Total Loss: 6.1312, NLL: 1.6121, Masked: 6.5549, Reg: 4.290940
Epoch [47/112], Total Loss: 6.1359, NLL: 1.6132, Masked: 6.5533, Reg: 4.294579
Epoch [48/112], Total Loss: 6.1383, NLL: 1.6124, Masked: 6.5495, Reg: 4.297878
Epoch [49/112], Total Loss: 6.1416, NLL: 1.6127, Masked: 6.5504, Reg: 4.300815
Epoch [50/112], Total Loss: 6.1459, NLL: 1.6120, Masked: 6.5550, Reg: 4.305762
Epoch [51/112], Total Loss: 6.1486, NLL: 1.6121, Masked: 6.5524, Reg: 4.308393
Epoch [52/112], Total Loss: 6.1513, NLL: 1.6114, Masked: 6.5532, Reg: 4.311819
Epoch [53/112], Total Loss: 6.1540, NLL: 1.6118, Masked: 6.5561, Reg: 4.313950
Epoch [54/112], Total Loss: 6.1543, NLL: 1.6115, Masked: 6.5512, Reg: 4.314827
Epoch [55/112], Total Loss: 6.1556, NLL: 1.6121, Masked: 6.5535, Reg: 4.315368
Epoch [56/112], Total Loss: 6.1531, NLL: 1.6098, Masked: 6.5562, Reg: 4.315090
Epoch [57/112], Total Loss: 6.1550, NLL: 1.6111, Masked: 6.5550, Reg: 4.315727
Epoch [58/112], Total Loss: 6.1574, NLL: 1.6125, Masked: 6.5523, Reg: 4.316830
Epoch [59/112], Total Loss: 6.1540, NLL: 1.6122, Masked: 6.5517, Reg: 4.313778
Epoch [60/112], Total Loss: 6.1546, NLL: 1.6115, Masked: 6.5528, Reg: 4.314946
Epoch [61/112], Total Loss: 6.1558, NLL: 1.6123, Masked: 6.5503, Reg: 4.315495
Epoch [62/112], Total Loss: 6.1585, NLL: 1.6132, Masked: 6.5526, Reg: 4.317270
Epoch [63/112], Total Loss: 6.1585, NLL: 1.6119, Masked: 6.5528, Reg: 4.318566
Epoch [64/112], Total Loss: 6.1592, NLL: 1.6129, Masked: 6.5537, Reg: 4.318193
Epoch [65/112], Total Loss: 6.1585, NLL: 1.6127, Masked: 6.5533, Reg: 4.317714
Epoch [66/112], Total Loss: 6.1590, NLL: 1.6121, Masked: 6.5536, Reg: 4.318883
Epoch [67/112], Total Loss: 6.1575, NLL: 1.6126, Masked: 6.5508, Reg: 4.316930
Epoch [68/112], Total Loss: 6.1592, NLL: 1.6131, Masked: 6.5528, Reg: 4.317950
Epoch [69/112], Total Loss: 6.1577, NLL: 1.6115, Masked: 6.5567, Reg: 4.317969
Epoch [70/112], Total Loss: 6.1600, NLL: 1.6119, Masked: 6.5581, Reg: 4.319878
Epoch [71/112], Total Loss: 6.1589, NLL: 1.6117, Masked: 6.5547, Reg: 4.319040
Epoch [72/112], Total Loss: 6.1537, NLL: 1.6119, Masked: 6.5501, Reg: 4.313878
Epoch [73/112], Total Loss: 6.1552, NLL: 1.6126, Masked: 6.5515, Reg: 4.314636
Epoch [74/112], Total Loss: 6.1528, NLL: 1.6118, Masked: 6.5504, Reg: 4.313005
Epoch [75/112], Total Loss: 6.1545, NLL: 1.6116, Masked: 6.5543, Reg: 4.314782
Epoch [76/112], Total Loss: 6.1545, NLL: 1.6128, Masked: 6.5553, Reg: 4.313561
Epoch [77/112], Total Loss: 6.1514, NLL: 1.6111, Masked: 6.5539, Reg: 4.312188
Epoch [78/112], Total Loss: 6.1540, NLL: 1.6129, Masked: 6.5538, Reg: 4.312970
Epoch [79/112], Total Loss: 6.1530, NLL: 1.6125, Masked: 6.5530, Reg: 4.312371
Epoch [80/112], Total Loss: 6.1482, NLL: 1.6107, Masked: 6.5540, Reg: 4.309455
Epoch [81/112], Total Loss: 6.1523, NLL: 1.6128, Masked: 6.5543, Reg: 4.311338
Epoch [82/112], Total Loss: 6.1514, NLL: 1.6122, Masked: 6.5536, Reg: 4.311075
Epoch [83/112], Total Loss: 6.1522, NLL: 1.6106, Masked: 6.5581, Reg: 4.313419
Epoch [84/112], Total Loss: 6.1505, NLL: 1.6116, Masked: 6.5561, Reg: 4.310739
Epoch [85/112], Total Loss: 6.1515, NLL: 1.6127, Masked: 6.5543, Reg: 4.310650
Epoch [86/112], Total Loss: 6.1527, NLL: 1.6114, Masked: 6.5526, Reg: 4.313261
Epoch [87/112], Total Loss: 6.1532, NLL: 1.6134, Masked: 6.5548, Reg: 4.311675
Epoch [88/112], Total Loss: 6.1504, NLL: 1.6123, Masked: 6.5536, Reg: 4.309968
Epoch [89/112], Total Loss: 6.1461, NLL: 1.6122, Masked: 6.5544, Reg: 4.305803
Epoch [90/112], Total Loss: 6.1439, NLL: 1.6116, Masked: 6.5554, Reg: 4.304082
Epoch [91/112], Total Loss: 6.1427, NLL: 1.6126, Masked: 6.5529, Reg: 4.302022
Epoch [92/112], Total Loss: 6.1379, NLL: 1.6119, Masked: 6.5520, Reg: 4.297978
Epoch [93/112], Total Loss: 6.1370, NLL: 1.6120, Masked: 6.5543, Reg: 4.296837
Epoch [94/112], Total Loss: 6.1351, NLL: 1.6117, Masked: 6.5530, Reg: 4.295282
Epoch [95/112], Total Loss: 6.1297, NLL: 1.6109, Masked: 6.5569, Reg: 4.290611
Epoch [96/112], Total Loss: 6.1251, NLL: 1.6115, Masked: 6.5527, Reg: 4.285529
Epoch [97/112], Total Loss: 6.1219, NLL: 1.6127, Masked: 6.5538, Reg: 4.281118
Epoch [98/112], Total Loss: 6.1193, NLL: 1.6109, Masked: 6.5549, Reg: 4.280241
Epoch [99/112], Total Loss: 6.1159, NLL: 1.6116, Masked: 6.5546, Reg: 4.276176
Epoch [100/112], Total Loss: 6.1163, NLL: 1.6121, Masked: 6.5558, Reg: 4.276021
Epoch [101/112], Total Loss: 6.1114, NLL: 1.6117, Masked: 6.5538, Reg: 4.271660
Epoch [102/112], Total Loss: 6.1086, NLL: 1.6111, Masked: 6.5541, Reg: 4.269392
Epoch [103/112], Total Loss: 6.1051, NLL: 1.6116, Masked: 6.5538, Reg: 4.265441
Epoch [104/112], Total Loss: 6.1006, NLL: 1.6111, Masked: 6.5534, Reg: 4.261363
Epoch [105/112], Total Loss: 6.1015, NLL: 1.6119, Masked: 6.5522, Reg: 4.261580
Epoch [106/112], Total Loss: 6.0982, NLL: 1.6110, Masked: 6.5548, Reg: 4.259005
Epoch [107/112], Total Loss: 6.0973, NLL: 1.6117, Masked: 6.5514, Reg: 4.257630
Epoch [108/112], Total Loss: 6.0957, NLL: 1.6122, Masked: 6.5545, Reg: 4.255370
Epoch [109/112], Total Loss: 6.0971, NLL: 1.6129, Masked: 6.5545, Reg: 4.255996
Epoch [110/112], Total Loss: 6.0975, NLL: 1.6118, Masked: 6.5536, Reg: 4.257621
Epoch [111/112], Total Loss: 6.0962, NLL: 1.6109, Masked: 6.5556, Reg: 4.257055
Epoch [112/112], Total Loss: 6.0984, NLL: 1.6114, Masked: 6.5512, Reg: 4.258972

==================================================
EVALUATING ON TRAINING DATA
==================================================

==================================================
TEST RESULTS
==================================================
Total Loss: 5.238011
  - ZINB NLL: 1.567015
Total number of masked values: 4957501
  - Number of values with pi >= 0.3053059844639466: 4957501
  - Number of values with pi < 0.3053059844639466: 0
  - Masked Reconstruction: 6.551512
  - Regularization: 3.442958
Mean Absolute Error (MAE): 2.200479
R² Score: -0.091588
==================================================


==================================================
EVALUATING ON VALIDATION DATA
Dataset size: 17744
==================================================


==================================================
TEST RESULTS
==================================================
Total Loss: 5.252900
  - ZINB NLL: 1.581637
Total number of masked values: 1785511
  - Number of values with pi >= 0.3053059844639466: 1785511
  - Number of values with pi < 0.3053059844639466: 0
  - Masked Reconstruction: 6.559182
  - Regularization: 3.442958
Mean Absolute Error (MAE): 2.282773
R² Score: -0.087247
==================================================


>>> Optimizing zinb_nll on VALIDATION set: 1.581637
>>> Full validation metrics: {'total_loss': 5.25289983293621, 'zinb_nll': 1.5816368078519032, 'mae': 2.28277325630188, 'r2': -0.08724749088287354, 'masked_loss': 6.559182483296442, 'reg_loss': 3.4429579401401122}

Iteration No: 3 ended. Evaluation done at random point.
Time taken: 979.3596
Function value obtained: 1.5816
Current minimum: 0.8892
Iteration No: 4 started. Evaluating function at random point.

================================================================================
Trial with parameters:
  features: Centr_Nucl
  step_size: 0.7624476391190937
  bin_size: 31
  sample_fraction: 0.8748961838021234
  moving_average: True
  first_layer_size_factor: 42
  num_layers: 2
  use_conv: False
  conv_channel: 64
  pool_size: 3
  kernel_size: 7
  epochs: 34
  batch_size: 128
  pi_threshold: 0.47990165334790624
  learning_rate: 0.0001532677239138411
  dropout_rate: 0.4633294328968972
  masked_recon_weight: 0.8111253665497065
  regularizer: l1
  regularization_weight: 0.09842554332336143
================================================================================

len(layers): 2
Creating datasets with:
  features: ['Centr', 'Nucl']
  bin_size: 31
  moving_average: True
  data_point_length: 2000 (from 2000)
  step_size: 1524 (from fraction 0.7624476391190937)
  layers: [np.int64(672), np.int64(336)] (first=672, num=2)
  stride: 1 (fixed), padding: same (fixed)
  Using pre-determined chromosome split


Clipping outliers using 95th percentile * 1.5...
strain_yTW001: Clipping values above 134.25 (P95=89.50). Clipped 27529/1193409 values (2.31%)
strain_FD: Clipping values above 71.92 (P95=47.94). Clipped 95791/4127807 values (2.32%)
strain_dnrp: Clipping values above 243.00 (P95=162.00). Clipped 25649/1119454 values (2.29%)
strain_yEK19: Clipping values above 77.10 (P95=51.40). Clipped 83713/3893623 values (2.15%)
strain_yEK23: Clipping values above 72.00 (P95=48.00). Clipped 86381/3558407 values (2.43%)
strain_yWT03a: Clipping values above 15.00 (P95=10.00). Clipped 10602/347679 values (3.05%)
strain_yWT04a: Clipping values above 58.50 (P95=39.00). Clipped 21095/725406 values (2.91%)
strain_ylic137: Clipping values above 142.50 (P95=95.00). Clipped 28746/1112684 values (2.58%)

Splitting data using pre-determined chromosomes...
Standardizing features: ['Centr', 'Nucl']
Column order in final array (Dataset/Chrom split): ['Value', 'Nucleosome_Distance', 'Centromere_Distance', 'Value_Raw', 'Size_Factor']
Removing 0 empty data points out of 36416
Column order in final array (Dataset/Chrom split): ['Value', 'Nucleosome_Distance', 'Centromere_Distance', 'Value_Raw', 'Size_Factor']
Removing 0 empty data points out of 12800
Column order in final array (Dataset/Chrom split): ['Value', 'Nucleosome_Distance', 'Centromere_Distance', 'Value_Raw', 'Size_Factor']
Removing 0 empty data points out of 14176
Datasets created with shapes:
  Train: (36416, 2000, 5)
  Val: (12800, 2000, 5)
  Test: (14176, 2000, 5)
Datasets created:
  Train: (36416, 2000, 5), Val: (12800, 2000, 5), Test: (14176, 2000, 5)

Randomly sampled 31860/36416 samples (87.5%)
Applied denoising with 15.0% masking
Applied denoising with 15.0% masking
Number of encoder layers: 2
Number of decoder layers (excluding heads): 2
Total number of layers including latent layer: 5
Epoch [1/34], Total Loss: 1406.9237, NLL: 3.0173, Masked: 28.6028, Reg: 1380.705979
Epoch [2/34], Total Loss: 453.9055, NLL: 3.0167, Masked: 28.6026, Reg: 427.688529
Epoch [3/34], Total Loss: 417.2607, NLL: 3.0162, Masked: 28.5990, Reg: 391.047085
Epoch [4/34], Total Loss: 409.7439, NLL: 3.0159, Masked: 28.6064, Reg: 383.524579
Epoch [5/34], Total Loss: 402.2304, NLL: 3.0157, Masked: 28.6062, Reg: 376.011472
Epoch [6/34], Total Loss: 394.7069, NLL: 3.0156, Masked: 28.6000, Reg: 368.493162
Epoch [7/34], Total Loss: 387.1893, NLL: 3.0156, Masked: 28.5994, Reg: 360.976023
Epoch [8/34], Total Loss: 379.6790, NLL: 3.0157, Masked: 28.6022, Reg: 353.463249
Epoch [9/34], Total Loss: 372.1613, NLL: 3.0160, Masked: 28.6027, Reg: 345.944930
Epoch [10/34], Total Loss: 364.6467, NLL: 3.0164, Masked: 28.6051, Reg: 338.427961
Epoch [11/34], Total Loss: 357.1304, NLL: 3.0169, Masked: 28.5998, Reg: 330.915471
Epoch [12/34], Total Loss: 349.6152, NLL: 3.0176, Masked: 28.6035, Reg: 323.396587
Epoch [13/34], Total Loss: 342.1031, NLL: 3.0185, Masked: 28.6051, Reg: 315.882284
Epoch [14/34], Total Loss: 334.5865, NLL: 3.0194, Masked: 28.6054, Reg: 308.364443
Epoch [15/34], Total Loss: 327.0731, NLL: 3.0206, Masked: 28.6029, Reg: 300.851981
Epoch [16/34], Total Loss: 319.5505, NLL: 3.0219, Masked: 28.5962, Reg: 293.333500
Epoch [17/34], Total Loss: 312.0436, NLL: 3.0234, Masked: 28.6032, Reg: 285.819397
Epoch [18/34], Total Loss: 304.5306, NLL: 3.0251, Masked: 28.6033, Reg: 278.304597
Epoch [19/34], Total Loss: 297.0167, NLL: 3.0270, Masked: 28.6018, Reg: 270.790067
Epoch [20/34], Total Loss: 289.5052, NLL: 3.0290, Masked: 28.6041, Reg: 263.274617
Epoch [21/34], Total Loss: 281.9938, NLL: 3.0313, Masked: 28.6054, Reg: 255.759963
Epoch [22/34], Total Loss: 274.4750, NLL: 3.0337, Masked: 28.5992, Reg: 248.243793
Epoch [23/34], Total Loss: 266.9663, NLL: 3.0364, Masked: 28.6041, Reg: 240.728364
Epoch [24/34], Total Loss: 259.4527, NLL: 3.0393, Masked: 28.6001, Reg: 233.215137
Epoch [25/34], Total Loss: 251.9450, NLL: 3.0424, Masked: 28.6072, Reg: 225.698606
Epoch [26/34], Total Loss: 244.4310, NLL: 3.0457, Masked: 28.6041, Reg: 218.183790
Epoch [27/34], Total Loss: 236.9170, NLL: 3.0493, Masked: 28.6005, Reg: 210.669076
Epoch [28/34], Total Loss: 229.4106, NLL: 3.0531, Masked: 28.6024, Reg: 203.157345
Epoch [29/34], Total Loss: 221.9080, NLL: 3.0571, Masked: 28.6051, Reg: 195.648593
Epoch [30/34], Total Loss: 214.3938, NLL: 3.0614, Masked: 28.6026, Reg: 188.132143
Epoch [31/34], Total Loss: 206.8893, NLL: 3.0660, Masked: 28.6013, Reg: 180.624129
Epoch [32/34], Total Loss: 199.3803, NLL: 3.0708, Masked: 28.6024, Reg: 173.109445
Epoch [33/34], Total Loss: 191.8718, NLL: 3.0759, Masked: 28.6006, Reg: 165.597214
Epoch [34/34], Total Loss: 184.3647, NLL: 3.0812, Masked: 28.6001, Reg: 158.085236

==================================================
EVALUATING ON TRAINING DATA
==================================================

==================================================
TEST RESULTS
==================================================
Total Loss: 180.716752
  - ZINB NLL: 3.083992
Total number of masked values: 7362845
  - Number of values with pi >= 0.47990165334790624: 0
  - Number of values with pi < 0.47990165334790624: 7362845
  - Masked Reconstruction: 28.599422
  - Regularization: 154.435048
Mean Absolute Error (MAE): 26.343155
R² Score: -43.496498
==================================================


==================================================
EVALUATING ON VALIDATION DATA
Dataset size: 12800
==================================================


==================================================
TEST RESULTS
==================================================
Total Loss: 178.559721
  - ZINB NLL: 3.081198
Total number of masked values: 2954718
  - Number of values with pi >= 0.47990165334790624: 0
  - Number of values with pi < 0.47990165334790624: 2954718
  - Masked Reconstruction: 25.943562
  - Regularization: 154.435048
Mean Absolute Error (MAE): 26.278839
R² Score: -33.466648
==================================================


>>> Optimizing zinb_nll on VALIDATION set: 3.081198
>>> Full validation metrics: {'total_loss': 178.55972106933595, 'zinb_nll': 3.081198251247406, 'mae': 26.278839111328125, 'r2': -33.46664810180664, 'masked_loss': 25.94356208205223, 'reg_loss': 154.43504810641755}

Iteration No: 4 ended. Evaluation done at random point.
Time taken: 521.7458
Function value obtained: 3.0812
Current minimum: 0.8892
Iteration No: 5 started. Evaluating function at random point.

================================================================================
Trial with parameters:
  features: Centr
  step_size: 0.970879018262012
  bin_size: 42
  sample_fraction: 0.8104900826030357
  moving_average: False
  first_layer_size_factor: 60
  num_layers: 4
  use_conv: False
  conv_channel: 47
  pool_size: 4
  kernel_size: 3
  epochs: 32
  batch_size: 64
  pi_threshold: 0.4579526072702279
  learning_rate: 7.593893885357795e-05
  dropout_rate: 0.00703991135754223
  masked_recon_weight: 0.006242659053860573
  regularizer: none
  regularization_weight: 3.398042322726326
================================================================================

len(layers): 4
Creating datasets with:
  features: ['Centr']
  bin_size: 42
  moving_average: False
  data_point_length: 2000 (from 2000)
  step_size: 1941 (from fraction 0.970879018262012)
  layers: [np.int64(960), np.int64(480), np.int64(240), np.int64(120)] (first=960, num=4)
  stride: 1 (fixed), padding: same (fixed)
  Using pre-determined chromosome split


Clipping outliers using 95th percentile * 1.5...
strain_yTW001: Clipping values above 134.25 (P95=89.50). Clipped 27529/1193409 values (2.31%)
strain_FD: Clipping values above 71.92 (P95=47.94). Clipped 95791/4127807 values (2.32%)
strain_dnrp: Clipping values above 243.00 (P95=162.00). Clipped 25649/1119454 values (2.29%)
strain_yEK19: Clipping values above 77.10 (P95=51.40). Clipped 83713/3893623 values (2.15%)
strain_yEK23: Clipping values above 72.00 (P95=48.00). Clipped 86381/3558407 values (2.43%)
strain_yWT03a: Clipping values above 15.00 (P95=10.00). Clipped 10602/347679 values (3.05%)
strain_yWT04a: Clipping values above 58.50 (P95=39.00). Clipped 21095/725406 values (2.91%)
strain_ylic137: Clipping values above 142.50 (P95=95.00). Clipped 28746/1112684 values (2.58%)

Splitting data using pre-determined chromosomes...
Standardizing features: ['Centr']
Column order in final array (Dataset/Chrom split): ['Value', 'Centromere_Distance', 'Value_Raw', 'Size_Factor']
Removing 0 empty data points out of 720
Column order in final array (Dataset/Chrom split): ['Value', 'Centromere_Distance', 'Value_Raw', 'Size_Factor']
Removing 0 empty data points out of 248
Column order in final array (Dataset/Chrom split): ['Value', 'Centromere_Distance', 'Value_Raw', 'Size_Factor']
Removing 0 empty data points out of 280
Datasets created with shapes:
  Train: (720, 2000, 4)
  Val: (248, 2000, 4)
  Test: (280, 2000, 4)
Datasets created:
  Train: (720, 2000, 4), Val: (248, 2000, 4), Test: (280, 2000, 4)

Randomly sampled 583/720 samples (81.0%)
Applied denoising with 15.0% masking
Applied denoising with 15.0% masking
Number of encoder layers: 4
Number of decoder layers (excluding heads): 4
Total number of layers including latent layer: 9
Epoch [1/32], Total Loss: 3.2670, NLL: 3.0898, Masked: 28.3920
Epoch [2/32], Total Loss: 3.2534, NLL: 3.0788, Masked: 27.9557
Epoch [3/32], Total Loss: 3.2184, NLL: 3.0510, Masked: 26.8197
Epoch [4/32], Total Loss: 3.0318, NLL: 2.8969, Masked: 21.6021
Epoch [5/32], Total Loss: 2.3538, NLL: 2.2991, Masked: 8.7561
Epoch [6/32], Total Loss: 2.0778, NLL: 2.0585, Masked: 3.0917
Epoch [7/32], Total Loss: 2.0756, NLL: 2.0595, Masked: 2.5828
Epoch [8/32], Total Loss: 2.0309, NLL: 2.0142, Masked: 2.6791
Epoch [9/32], Total Loss: 2.0071, NLL: 1.9883, Masked: 3.0096
Epoch [10/32], Total Loss: 1.9917, NLL: 1.9736, Masked: 2.9028
Epoch [11/32], Total Loss: 1.9775, NLL: 1.9608, Masked: 2.6691
Epoch [12/32], Total Loss: 1.9656, NLL: 1.9484, Masked: 2.7514
Epoch [13/32], Total Loss: 1.9563, NLL: 1.9398, Masked: 2.6334
Epoch [14/32], Total Loss: 1.9494, NLL: 1.9320, Masked: 2.7779
Epoch [15/32], Total Loss: 1.9383, NLL: 1.9220, Masked: 2.6197
Epoch [16/32], Total Loss: 1.9312, NLL: 1.9147, Masked: 2.6442
Epoch [17/32], Total Loss: 1.9281, NLL: 1.9117, Masked: 2.6211
Epoch [18/32], Total Loss: 1.9248, NLL: 1.9085, Masked: 2.6104
Epoch [19/32], Total Loss: 1.9206, NLL: 1.9043, Masked: 2.6132
Epoch [20/32], Total Loss: 1.9188, NLL: 1.9023, Masked: 2.6479
Epoch [21/32], Total Loss: 1.9146, NLL: 1.8986, Masked: 2.5722
Epoch [22/32], Total Loss: 1.9099, NLL: 1.8935, Masked: 2.6390
Epoch [23/32], Total Loss: 1.9081, NLL: 1.8920, Masked: 2.5829
Epoch [24/32], Total Loss: 1.9041, NLL: 1.8877, Masked: 2.6270
Epoch [25/32], Total Loss: 1.9038, NLL: 1.8875, Masked: 2.6079
Epoch [26/32], Total Loss: 1.8986, NLL: 1.8828, Masked: 2.5339
Epoch [27/32], Total Loss: 1.8959, NLL: 1.8798, Masked: 2.5864
Epoch [28/32], Total Loss: 1.8936, NLL: 1.8775, Masked: 2.5733
Epoch [29/32], Total Loss: 1.8915, NLL: 1.8753, Masked: 2.5806
Epoch [30/32], Total Loss: 1.8873, NLL: 1.8714, Masked: 2.5535
Epoch [31/32], Total Loss: 1.8856, NLL: 1.8698, Masked: 2.5290
Epoch [32/32], Total Loss: 1.8912, NLL: 1.8748, Masked: 2.6178

==================================================
EVALUATING ON TRAINING DATA
==================================================

==================================================
TEST RESULTS
==================================================
Total Loss: 1.890790
  - ZINB NLL: 1.874971
Total number of masked values: 143783
  - Number of values with pi >= 0.4579526072702279: 0
  - Number of values with pi < 0.4579526072702279: 143783
  - Masked Reconstruction: 2.534005
Mean Absolute Error (MAE): 2.427528
R² Score: 0.079503
==================================================


==================================================
EVALUATING ON VALIDATION DATA
Dataset size: 248
==================================================


==================================================
TEST RESULTS
==================================================
Total Loss: 1.934656
  - ZINB NLL: 1.918223
Total number of masked values: 60837
  - Number of values with pi >= 0.4579526072702279: 0
  - Number of values with pi < 0.4579526072702279: 60837
  - Masked Reconstruction: 2.632363
Mean Absolute Error (MAE): 2.530863
R² Score: 0.045355
==================================================


>>> Optimizing zinb_nll on VALIDATION set: 1.918223
>>> Full validation metrics: {'total_loss': 1.934655697115006, 'zinb_nll': 1.9182227926869546, 'mae': 2.530862808227539, 'r2': 0.04535549879074097, 'masked_loss': 2.6323626656686105}

Iteration No: 5 ended. Evaluation done at random point.
Time taken: 41.8910
Function value obtained: 1.9182
Current minimum: 0.8892
Iteration No: 6 started. Evaluating function at random point.

================================================================================
Trial with parameters:
  features: Centr
  step_size: 0.9447256588850119
  bin_size: 33
  sample_fraction: 0.9362197566578357
  moving_average: False
  first_layer_size_factor: 47
  num_layers: 1
  use_conv: True
  conv_channel: 91
  pool_size: 6
  kernel_size: 7
  epochs: 63
  batch_size: 64
  pi_threshold: 0.45317074990151596
  learning_rate: 0.008225007188121396
  dropout_rate: 0.42445691213304204
  masked_recon_weight: 0.7707580772445937
  regularizer: l1
  regularization_weight: 0.0006201235996479077
================================================================================

len(layers): 1
Creating datasets with:
  features: ['Centr']
  bin_size: 33
  moving_average: False
  data_point_length: 2000 (from 2000)
  step_size: 1889 (from fraction 0.9447256588850119)
  layers: [np.int64(752)] (first=752, num=1)
  stride: 1 (fixed), padding: same (fixed)
  Using pre-determined chromosome split


Clipping outliers using 95th percentile * 1.5...
strain_yTW001: Clipping values above 134.25 (P95=89.50). Clipped 27529/1193409 values (2.31%)
strain_FD: Clipping values above 71.92 (P95=47.94). Clipped 95791/4127807 values (2.32%)
strain_dnrp: Clipping values above 243.00 (P95=162.00). Clipped 25649/1119454 values (2.29%)
strain_yEK19: Clipping values above 77.10 (P95=51.40). Clipped 83713/3893623 values (2.15%)
strain_yEK23: Clipping values above 72.00 (P95=48.00). Clipped 86381/3558407 values (2.43%)
strain_yWT03a: Clipping values above 15.00 (P95=10.00). Clipped 10602/347679 values (3.05%)
strain_yWT04a: Clipping values above 58.50 (P95=39.00). Clipped 21095/725406 values (2.91%)
strain_ylic137: Clipping values above 142.50 (P95=95.00). Clipped 28746/1112684 values (2.58%)

Splitting data using pre-determined chromosomes...
Standardizing features: ['Centr']
Column order in final array (Dataset/Chrom split): ['Value', 'Centromere_Distance', 'Value_Raw', 'Size_Factor']
Removing 0 empty data points out of 920
Column order in final array (Dataset/Chrom split): ['Value', 'Centromere_Distance', 'Value_Raw', 'Size_Factor']
Removing 0 empty data points out of 320
Column order in final array (Dataset/Chrom split): ['Value', 'Centromere_Distance', 'Value_Raw', 'Size_Factor']
Removing 0 empty data points out of 360
Datasets created with shapes:
  Train: (920, 2000, 4)
  Val: (320, 2000, 4)
  Test: (360, 2000, 4)
Datasets created:
  Train: (920, 2000, 4), Val: (320, 2000, 4), Test: (360, 2000, 4)

Randomly sampled 861/920 samples (93.6%)
Applied denoising with 15.0% masking
Applied denoising with 15.0% masking
Number of encoder layers: 1
Number of decoder layers (excluding heads): 1
Total number of layers including latent layer: 3
Epoch [1/63], Total Loss: 50043.2543, NLL: 5.1422, Masked: 64786.6915, Reg: 103.243268
Epoch [2/63], Total Loss: 84.1567, NLL: 2.1323, Masked: 2.7819, Reg: 79.880316
Epoch [3/63], Total Loss: 4502.5671, NLL: 2.2660, Masked: 5727.8545, Reg: 85.511044
Epoch [4/63], Total Loss: 33707.6311, NLL: 19.1624, Masked: 43553.3160, Reg: 119.398145
Epoch [5/63], Total Loss: 6946.8131, NLL: 20.5994, Masked: 8672.9207, Reg: 241.490138
Epoch [6/63], Total Loss: 108.0369, NLL: 2.2297, Masked: 2.7316, Reg: 103.701703
Epoch [7/63], Total Loss: 60.7271, NLL: 2.1621, Masked: 2.6602, Reg: 56.514623
Epoch [8/63], Total Loss: 76.1129, NLL: 2.2035, Masked: 6.5695, Reg: 68.845852
Epoch [9/63], Total Loss: 63445.6768, NLL: 13.3416, Masked: 82082.0233, Reg: 166.948793
Epoch [10/63], Total Loss: 203031.3974, NLL: 33.4927, Masked: 262961.9061, Reg: 317.885867
Epoch [11/63], Total Loss: 294375.1700, NLL: 45.1244, Masked: 381414.8035, Reg: 351.498641
Epoch [12/63], Total Loss: 47036.3173, NLL: 8.7007, Masked: 60673.2457, Reg: 263.222234
Epoch [13/63], Total Loss: 19392.0633, NLL: 3.0615, Masked: 25036.5264, Reg: 91.895996
Epoch [14/63], Total Loss: 18724.3308, NLL: 2.3821, Masked: 24124.9326, Reg: 127.462502
Epoch [15/63], Total Loss: 30487.4052, NLL: 2.8670, Masked: 39359.0926, Reg: 148.199715
Epoch [16/63], Total Loss: 4086.4717, NLL: 2.2253, Masked: 5196.8186, Reg: 78.756380
Epoch [17/63], Total Loss: 68854.2140, NLL: 4.6800, Masked: 89185.7000, Reg: 108.935358
Epoch [18/63], Total Loss: 33907.4302, NLL: 5.1867, Masked: 43672.6326, Reg: 241.208059
Epoch [19/63], Total Loss: 102.9817, NLL: 2.2130, Masked: 3.8209, Reg: 97.823700
Epoch [20/63], Total Loss: 113.7892, NLL: 2.2410, Masked: 14.8910, Reg: 100.070810
Epoch [21/63], Total Loss: 65.9692, NLL: 2.2188, Masked: 2.6661, Reg: 61.695535
Epoch [22/63], Total Loss: 507694.2151, NLL: 92.3195, Masked: 658371.7265, Reg: 156.553254
Epoch [23/63], Total Loss: 538814.6227, NLL: 144.1558, Masked: 698574.1398, Reg: 238.801143
Epoch [24/63], Total Loss: 80383.8593, NLL: 26.5486, Masked: 103922.1421, Reg: 258.480334
Epoch [25/63], Total Loss: 179.0034, NLL: 2.5155, Masked: 2.9442, Reg: 174.218673
Epoch [26/63], Total Loss: 1904.3709, NLL: 2.2639, Masked: 2373.6558, Reg: 72.592502
Epoch [27/63], Total Loss: 74399.7246, NLL: 10.8193, Masked: 96319.8121, Reg: 149.633724
Epoch [28/63], Total Loss: 2420.5896, NLL: 3.6271, Masked: 2908.3009, Reg: 175.366022
Epoch [29/63], Total Loss: 88.7721, NLL: 2.2395, Masked: 2.7170, Reg: 84.438430
Epoch [30/63], Total Loss: 82.7772, NLL: 2.2572, Masked: 7.6881, Reg: 74.594323
Epoch [31/63], Total Loss: 48.9310, NLL: 2.2614, Masked: 2.6124, Reg: 44.656113
Epoch [32/63], Total Loss: 41.9720, NLL: 2.2548, Masked: 2.7314, Reg: 37.611926
Epoch [33/63], Total Loss: 200.5474, NLL: 2.2571, Masked: 175.2447, Reg: 63.218987
Epoch [34/63], Total Loss: 47.9610, NLL: 2.2580, Masked: 2.6477, Reg: 43.662303
Epoch [35/63], Total Loss: 50.9126, NLL: 2.2588, Masked: 2.6878, Reg: 46.582160
Epoch [36/63], Total Loss: 47.7171, NLL: 2.2613, Masked: 2.6438, Reg: 43.418080
Epoch [37/63], Total Loss: 2593.6929, NLL: 2.2508, Masked: 3302.7256, Reg: 45.839559
Epoch [38/63], Total Loss: 43.8415, NLL: 2.2517, Masked: 2.5897, Reg: 39.593843
Epoch [39/63], Total Loss: 40.4270, NLL: 2.2559, Masked: 2.7380, Reg: 36.060850
Epoch [40/63], Total Loss: 88.2794, NLL: 2.2691, Masked: 34.4134, Reg: 59.485977
Epoch [41/63], Total Loss: 69.9200, NLL: 2.2613, Masked: 15.7412, Reg: 55.526014
Epoch [42/63], Total Loss: 52.5242, NLL: 2.2449, Masked: 2.6495, Reg: 48.237182
Epoch [43/63], Total Loss: 39.7965, NLL: 2.2566, Masked: 2.6052, Reg: 35.531835
Epoch [44/63], Total Loss: 163070.3564, NLL: 11.3617, Masked: 211470.6817, Reg: 66.252012
Epoch [45/63], Total Loss: 73218.0937, NLL: 12.7174, Masked: 94844.6574, Reg: 103.089167
Epoch [46/63], Total Loss: 1849.2977, NLL: 2.4447, Masked: 2296.2117, Reg: 77.029094
Epoch [47/63], Total Loss: 249.2384, NLL: 2.2590, Masked: 258.3950, Reg: 47.819374
Epoch [48/63], Total Loss: 39.6997, NLL: 2.2518, Masked: 2.5950, Reg: 35.447806
Epoch [49/63], Total Loss: 39.0929, NLL: 2.2565, Masked: 2.6043, Reg: 34.829152
Epoch [50/63], Total Loss: 62.9906, NLL: 2.2610, Masked: 23.9316, Reg: 42.284124
Epoch [51/63], Total Loss: 59.7926, NLL: 2.2509, Masked: 3.2027, Reg: 55.073159
Epoch [52/63], Total Loss: 42.3984, NLL: 2.2538, Masked: 2.7837, Reg: 37.999021
Epoch [53/63], Total Loss: 34.3118, NLL: 2.2596, Masked: 2.6396, Reg: 30.017685
Epoch [54/63], Total Loss: 39.7490, NLL: 2.2450, Masked: 2.6223, Reg: 35.482834
Epoch [55/63], Total Loss: 38.1010, NLL: 2.2431, Masked: 2.6467, Reg: 33.817896
Epoch [56/63], Total Loss: 37.0992, NLL: 2.2533, Masked: 2.5942, Reg: 32.846358
Epoch [57/63], Total Loss: 37.0247, NLL: 2.2555, Masked: 2.7140, Reg: 32.677386
Epoch [58/63], Total Loss: 33.8251, NLL: 2.2553, Masked: 2.6318, Reg: 29.541377
Epoch [59/63], Total Loss: 44.2727, NLL: 2.2708, Masked: 3.4519, Reg: 39.341338
Epoch [60/63], Total Loss: 3698.6184, NLL: 2.2419, Masked: 4732.9585, Reg: 48.410504
Epoch [61/63], Total Loss: 1796.3029, NLL: 2.4204, Masked: 2213.7082, Reg: 87.649072
Epoch [62/63], Total Loss: 66.6620, NLL: 2.2337, Masked: 2.6489, Reg: 62.386656
Epoch [63/63], Total Loss: 60.7209, NLL: 2.2615, Masked: 14.5456, Reg: 47.248234

==================================================
EVALUATING ON TRAINING DATA
==================================================

==================================================
TEST RESULTS
==================================================
Total Loss: 55.703791
  - ZINB NLL: 2.223772
Total number of masked values: 201988
  - Number of values with pi >= 0.45317074990151596: 0
  - Number of values with pi < 0.45317074990151596: 201988
  - Masked Reconstruction: 2.527410
  - Regularization: 51.532000
Mean Absolute Error (MAE): 2.194798
R² Score: -0.069434
==================================================


==================================================
EVALUATING ON VALIDATION DATA
Dataset size: 320
==================================================


==================================================
TEST RESULTS
==================================================
Total Loss: 55.757559
  - ZINB NLL: 2.281257
Total number of masked values: 74779
  - Number of values with pi >= 0.45317074990151596: 0
  - Number of values with pi < 0.45317074990151596: 74779
  - Masked Reconstruction: 2.522589
  - Regularization: 51.532000
Mean Absolute Error (MAE): 2.279491
R² Score: -0.060299
==================================================


>>> Optimizing zinb_nll on VALIDATION set: 2.281257
>>> Full validation metrics: {'total_loss': 55.75755920410156, 'zinb_nll': 2.2812567472457888, 'mae': 2.2794909477233887, 'r2': -0.06029868125915527, 'masked_loss': 2.5225885629653932, 'reg_loss': 51.531999826666286}

Iteration No: 6 ended. Evaluation done at random point.
Time taken: 52.5572
Function value obtained: 2.2813
Current minimum: 0.8892
Iteration No: 7 started. Evaluating function at random point.

================================================================================
Trial with parameters:
  features: Centr_Nucl
  step_size: 0.7829971672643407
  bin_size: 6
  sample_fraction: 0.5795023763993277
  moving_average: True
  first_layer_size_factor: 90
  num_layers: 2
  use_conv: False
  conv_channel: 94
  pool_size: 3
  kernel_size: 7
  epochs: 95
  batch_size: 32
  pi_threshold: 0.6771414282231925
  learning_rate: 0.0006260318075113794
  dropout_rate: 0.34739246651985234
  masked_recon_weight: 3.325610295975196
  regularizer: l2
  regularization_weight: 0.0011733722171268575
================================================================================

len(layers): 2
Creating datasets with:
  features: ['Centr', 'Nucl']
  bin_size: 6
  moving_average: True
  data_point_length: 2000 (from 2000)
  step_size: 1565 (from fraction 0.7829971672643407)
  layers: [np.int64(1440), np.int64(720)] (first=1440, num=2)
  stride: 1 (fixed), padding: same (fixed)
  Using pre-determined chromosome split


Clipping outliers using 95th percentile * 1.5...
strain_yTW001: Clipping values above 134.25 (P95=89.50). Clipped 27529/1193409 values (2.31%)
strain_FD: Clipping values above 71.92 (P95=47.94). Clipped 95791/4127807 values (2.32%)
strain_dnrp: Clipping values above 243.00 (P95=162.00). Clipped 25649/1119454 values (2.29%)
strain_yEK19: Clipping values above 77.10 (P95=51.40). Clipped 83713/3893623 values (2.15%)
strain_yEK23: Clipping values above 72.00 (P95=48.00). Clipped 86381/3558407 values (2.43%)
strain_yWT03a: Clipping values above 15.00 (P95=10.00). Clipped 10602/347679 values (3.05%)
strain_yWT04a: Clipping values above 58.50 (P95=39.00). Clipped 21095/725406 values (2.91%)
strain_ylic137: Clipping values above 142.50 (P95=95.00). Clipped 28746/1112684 values (2.58%)

Splitting data using pre-determined chromosomes...
Standardizing features: ['Centr', 'Nucl']
Column order in final array (Dataset/Chrom split): ['Value', 'Nucleosome_Distance', 'Centromere_Distance', 'Value_Raw', 'Size_Factor']
Removing 0 empty data points out of 35464
Column order in final array (Dataset/Chrom split): ['Value', 'Nucleosome_Distance', 'Centromere_Distance', 'Value_Raw', 'Size_Factor']
Removing 0 empty data points out of 12472
Column order in final array (Dataset/Chrom split): ['Value', 'Nucleosome_Distance', 'Centromere_Distance', 'Value_Raw', 'Size_Factor']
Removing 0 empty data points out of 13800
Datasets created with shapes:
  Train: (35464, 2000, 5)
  Val: (12472, 2000, 5)
  Test: (13800, 2000, 5)
Datasets created:
  Train: (35464, 2000, 5), Val: (12472, 2000, 5), Test: (13800, 2000, 5)

Randomly sampled 20551/35464 samples (58.0%)
Applied denoising with 15.0% masking
Applied denoising with 15.0% masking
Number of encoder layers: 2
Number of decoder layers (excluding heads): 2
Total number of layers including latent layer: 5
Epoch [1/95], Total Loss: 313567.9840, NLL: 2.2164, Masked: 94288.1848, Reg: 8.348987
Epoch [2/95], Total Loss: 3736.0037, NLL: 2.1587, Masked: 1122.7548, Reg: 5.442326
Epoch [3/95], Total Loss: 15.8348, NLL: 1.9325, Masked: 4.1804, Reg: 3.540874
Epoch [4/95], Total Loss: 15.6596, NLL: 1.8631, Masked: 4.1485, Reg: 2.192345
Epoch [5/95], Total Loss: 15.6321, NLL: 1.8521, Masked: 4.1436, Reg: 1.345879
Epoch [6/95], Total Loss: 15.6021, NLL: 1.8482, Masked: 4.1358, Reg: 0.874037
Epoch [7/95], Total Loss: 15.6092, NLL: 1.8502, Masked: 4.1373, Reg: 0.662170
Epoch [8/95], Total Loss: 15.5825, NLL: 1.8489, Masked: 4.1296, Reg: 0.588700
Epoch [9/95], Total Loss: 15.5714, NLL: 1.8452, Masked: 4.1274, Reg: 0.565139
Epoch [10/95], Total Loss: 15.5713, NLL: 1.8433, Masked: 4.1279, Reg: 0.560842
Epoch [11/95], Total Loss: 15.5568, NLL: 1.8423, Masked: 4.1239, Reg: 0.561283
Epoch [12/95], Total Loss: 15.5657, NLL: 1.8367, Masked: 4.1283, Reg: 0.561869
Epoch [13/95], Total Loss: 15.5449, NLL: 1.8316, Masked: 4.1236, Reg: 0.555723
Epoch [14/95], Total Loss: 15.5432, NLL: 1.8347, Masked: 4.1221, Reg: 0.554984
Epoch [15/95], Total Loss: 15.5240, NLL: 1.8286, Masked: 4.1182, Reg: 0.540225
Epoch [16/95], Total Loss: 15.5369, NLL: 1.8269, Masked: 4.1226, Reg: 0.541642
Epoch [17/95], Total Loss: 15.5377, NLL: 1.8286, Masked: 4.1223, Reg: 0.549850
Epoch [18/95], Total Loss: 15.5160, NLL: 1.8293, Masked: 4.1155, Reg: 0.543628
Epoch [19/95], Total Loss: 15.5003, NLL: 1.8255, Masked: 4.1120, Reg: 0.535367
Epoch [20/95], Total Loss: 15.5212, NLL: 1.8262, Masked: 4.1180, Reg: 0.533629
Epoch [21/95], Total Loss: 15.5119, NLL: 1.8254, Masked: 4.1155, Reg: 0.535087
Epoch [22/95], Total Loss: 15.5171, NLL: 1.8214, Masked: 4.1183, Reg: 0.533627
Epoch [23/95], Total Loss: 15.5148, NLL: 1.8267, Masked: 4.1160, Reg: 0.521041
Epoch [24/95], Total Loss: 15.4975, NLL: 1.8231, Masked: 4.1118, Reg: 0.524504
Epoch [25/95], Total Loss: 15.4809, NLL: 1.8190, Masked: 4.1081, Reg: 0.517025
Epoch [26/95], Total Loss: 15.5066, NLL: 1.8233, Masked: 4.1145, Reg: 0.513842
Epoch [27/95], Total Loss: 15.5275, NLL: 1.8248, Masked: 4.1203, Reg: 0.512729
Epoch [28/95], Total Loss: 15.5047, NLL: 1.8240, Masked: 4.1137, Reg: 0.517852
Epoch [29/95], Total Loss: 15.5183, NLL: 1.8252, Masked: 4.1175, Reg: 0.515219
Epoch [30/95], Total Loss: 15.5307, NLL: 1.8242, Masked: 4.1215, Reg: 0.507894
Epoch [31/95], Total Loss: 15.4949, NLL: 1.8183, Masked: 4.1125, Reg: 0.513858
Epoch [32/95], Total Loss: 15.5103, NLL: 1.8218, Masked: 4.1161, Reg: 0.508855
Epoch [33/95], Total Loss: 15.5075, NLL: 1.8224, Masked: 4.1151, Reg: 0.513623
Epoch [34/95], Total Loss: 15.5222, NLL: 1.8220, Masked: 4.1196, Reg: 0.517654
Epoch [35/95], Total Loss: 15.5061, NLL: 1.8247, Masked: 4.1140, Reg: 0.528195
Epoch [36/95], Total Loss: 15.5129, NLL: 1.8232, Masked: 4.1165, Reg: 0.509759
Epoch [37/95], Total Loss: 15.5063, NLL: 1.8214, Masked: 4.1150, Reg: 0.520983
Epoch [38/95], Total Loss: 15.5097, NLL: 1.8215, Masked: 4.1160, Reg: 0.512351
Epoch [39/95], Total Loss: 15.5008, NLL: 1.8203, Masked: 4.1137, Reg: 0.515925
Epoch [40/95], Total Loss: 15.4797, NLL: 1.8236, Masked: 4.1064, Reg: 0.513592
Epoch [41/95], Total Loss: 15.4912, NLL: 1.8213, Masked: 4.1105, Reg: 0.512537
Epoch [42/95], Total Loss: 15.5124, NLL: 1.8239, Masked: 4.1161, Reg: 0.511577
Epoch [43/95], Total Loss: 15.5130, NLL: 1.8238, Masked: 4.1163, Reg: 0.510346
Epoch [44/95], Total Loss: 15.4964, NLL: 1.8215, Masked: 4.1120, Reg: 0.499795
Epoch [45/95], Total Loss: 15.5265, NLL: 1.8273, Masked: 4.1193, Reg: 0.514430
Epoch [46/95], Total Loss: 15.5045, NLL: 1.8197, Masked: 4.1150, Reg: 0.498504
Epoch [47/95], Total Loss: 15.5178, NLL: 1.8231, Masked: 4.1180, Reg: 0.497594
Epoch [48/95], Total Loss: 15.5077, NLL: 1.8211, Masked: 4.1155, Reg: 0.498912
Epoch [49/95], Total Loss: 15.5034, NLL: 1.8211, Masked: 4.1142, Reg: 0.491374
Epoch [50/95], Total Loss: 15.5058, NLL: 1.8216, Masked: 4.1148, Reg: 0.502863
Epoch [51/95], Total Loss: 15.4928, NLL: 1.8181, Masked: 4.1119, Reg: 0.483573
Epoch [52/95], Total Loss: 15.5022, NLL: 1.8186, Masked: 4.1146, Reg: 0.477662
Epoch [53/95], Total Loss: 15.5048, NLL: 1.8253, Masked: 4.1134, Reg: 0.491704
Epoch [54/95], Total Loss: 15.4992, NLL: 1.8239, Masked: 4.1121, Reg: 0.487832
Epoch [55/95], Total Loss: 15.5224, NLL: 1.8253, Masked: 4.1187, Reg: 0.488632
Epoch [56/95], Total Loss: 15.5275, NLL: 1.8258, Masked: 4.1201, Reg: 0.493588
Epoch [57/95], Total Loss: 15.5051, NLL: 1.8213, Masked: 4.1147, Reg: 0.492774
Epoch [58/95], Total Loss: 15.5000, NLL: 1.8229, Masked: 4.1127, Reg: 0.496866
Epoch [59/95], Total Loss: 15.5001, NLL: 1.8219, Masked: 4.1130, Reg: 0.490847
Epoch [60/95], Total Loss: 15.4910, NLL: 1.8201, Masked: 4.1108, Reg: 0.487557
Epoch [61/95], Total Loss: 15.5049, NLL: 1.8224, Masked: 4.1143, Reg: 0.487183
Epoch [62/95], Total Loss: 15.5147, NLL: 1.8261, Masked: 4.1161, Reg: 0.491080
Epoch [63/95], Total Loss: 15.5241, NLL: 1.8249, Masked: 4.1193, Reg: 0.482042
Epoch [64/95], Total Loss: 15.5218, NLL: 1.8279, Masked: 4.1177, Reg: 0.496865
Epoch [65/95], Total Loss: 15.5239, NLL: 1.8263, Masked: 4.1188, Reg: 0.490735
Epoch [66/95], Total Loss: 15.5027, NLL: 1.8186, Masked: 4.1147, Reg: 0.494298
Epoch [67/95], Total Loss: 15.4966, NLL: 1.8206, Masked: 4.1123, Reg: 0.493321
Epoch [68/95], Total Loss: 15.5025, NLL: 1.8193, Masked: 4.1145, Reg: 0.491141
Epoch [69/95], Total Loss: 15.4965, NLL: 1.8231, Masked: 4.1116, Reg: 0.489071
Epoch [70/95], Total Loss: 15.5016, NLL: 1.8202, Masked: 4.1140, Reg: 0.491585
Epoch [71/95], Total Loss: 15.5114, NLL: 1.8212, Masked: 4.1166, Reg: 0.480521
Epoch [72/95], Total Loss: 15.4895, NLL: 1.8221, Masked: 4.1098, Reg: 0.484114
Epoch [73/95], Total Loss: 15.5042, NLL: 1.8205, Masked: 4.1146, Reg: 0.485481
Epoch [74/95], Total Loss: 15.4983, NLL: 1.8230, Masked: 4.1121, Reg: 0.486210
Epoch [75/95], Total Loss: 15.5168, NLL: 1.8214, Masked: 4.1182, Reg: 0.479606
Epoch [76/95], Total Loss: 15.5148, NLL: 1.8260, Masked: 4.1162, Reg: 0.489277
Epoch [77/95], Total Loss: 15.4913, NLL: 1.8192, Masked: 4.1112, Reg: 0.494292
Epoch [78/95], Total Loss: 15.5182, NLL: 1.8237, Masked: 4.1179, Reg: 0.482494
Epoch [79/95], Total Loss: 15.5044, NLL: 1.8212, Masked: 4.1145, Reg: 0.487830
Epoch [80/95], Total Loss: 15.5000, NLL: 1.8202, Masked: 4.1135, Reg: 0.500653
Epoch [81/95], Total Loss: 15.4996, NLL: 1.8227, Masked: 4.1126, Reg: 0.491999
Epoch [82/95], Total Loss: 15.4773, NLL: 1.8185, Masked: 4.1072, Reg: 0.484511
Epoch [83/95], Total Loss: 15.4943, NLL: 1.8224, Masked: 4.1111, Reg: 0.486269
Epoch [84/95], Total Loss: 15.5046, NLL: 1.8203, Masked: 4.1148, Reg: 0.484296
Epoch [85/95], Total Loss: 15.5108, NLL: 1.8210, Masked: 4.1165, Reg: 0.485320
Epoch [86/95], Total Loss: 15.5022, NLL: 1.8215, Masked: 4.1137, Reg: 0.486081
Epoch [87/95], Total Loss: 15.4943, NLL: 1.8232, Masked: 4.1108, Reg: 0.490841
Epoch [88/95], Total Loss: 15.5178, NLL: 1.8264, Masked: 4.1170, Reg: 0.492500
Epoch [89/95], Total Loss: 15.5024, NLL: 1.8241, Masked: 4.1130, Reg: 0.487697
Epoch [90/95], Total Loss: 15.5041, NLL: 1.8225, Masked: 4.1140, Reg: 0.484839
Epoch [91/95], Total Loss: 15.5082, NLL: 1.8264, Masked: 4.1141, Reg: 0.482958
Epoch [92/95], Total Loss: 15.5078, NLL: 1.8221, Masked: 4.1153, Reg: 0.485751
Epoch [93/95], Total Loss: 15.5112, NLL: 1.8218, Masked: 4.1164, Reg: 0.481822
Epoch [94/95], Total Loss: 15.5208, NLL: 1.8242, Masked: 4.1185, Reg: 0.490669
Epoch [95/95], Total Loss: 15.4933, NLL: 1.8219, Masked: 4.1110, Reg: 0.489764

==================================================
EVALUATING ON TRAINING DATA
==================================================

==================================================
TEST RESULTS
==================================================
Total Loss: 15.405081
  - ZINB NLL: 1.835435
Total number of masked values: 2850536
  - Number of values with pi >= 0.6771414282231925: 8
  - Number of values with pi < 0.6771414282231925: 2850528
  - Masked Reconstruction: 4.080347
  - Regularization: 0.466512
Mean Absolute Error (MAE): 2.557838
R² Score: 0.054400
==================================================


==================================================
EVALUATING ON VALIDATION DATA
Dataset size: 12472
==================================================


==================================================
TEST RESULTS
==================================================
Total Loss: 15.179630
  - ZINB NLL: 1.858156
Total number of masked values: 1734537
  - Number of values with pi >= 0.6771414282231925: 7
  - Number of values with pi < 0.6771414282231925: 1734530
  - Masked Reconstruction: 4.005723
  - Regularization: 0.466512
Mean Absolute Error (MAE): 2.622383
R² Score: 0.055106
==================================================


>>> Optimizing zinb_nll on VALIDATION set: 1.858156
>>> Full validation metrics: {'total_loss': 15.179629701463897, 'zinb_nll': 1.8581564173322216, 'mae': 2.6223833560943604, 'r2': 0.05510646104812622, 'masked_loss': 4.005722780882204, 'reg_loss': 0.4665121391993522}

Iteration No: 7 ended. Evaluation done at random point.
Time taken: 806.8950
Function value obtained: 1.8582
Current minimum: 0.8892
Iteration No: 8 started. Evaluating function at random point.

================================================================================
Trial with parameters:
  features: Centr_Nucl
  step_size: 0.5924009278621828
  bin_size: 12
  sample_fraction: 0.5623824609027748
  moving_average: False
  first_layer_size_factor: 35
  num_layers: 1
  use_conv: True
  conv_channel: 118
  pool_size: 4
  kernel_size: 7
  epochs: 30
  batch_size: 64
  pi_threshold: 0.4219125032632116
  learning_rate: 3.1186566205519816e-05
  dropout_rate: 0.26704470968772104
  masked_recon_weight: 0.08696007095406233
  regularizer: none
  regularization_weight: 0.0007689291700576299
================================================================================

len(layers): 1
Creating datasets with:
  features: ['Centr', 'Nucl']
  bin_size: 12
  moving_average: False
  data_point_length: 2000 (from 2000)
  step_size: 1184 (from fraction 0.5924009278621828)
  layers: [np.int64(560)] (first=560, num=1)
  stride: 1 (fixed), padding: same (fixed)
  Using pre-determined chromosome split


Clipping outliers using 95th percentile * 1.5...
strain_yTW001: Clipping values above 134.25 (P95=89.50). Clipped 27529/1193409 values (2.31%)
strain_FD: Clipping values above 71.92 (P95=47.94). Clipped 95791/4127807 values (2.32%)
strain_dnrp: Clipping values above 243.00 (P95=162.00). Clipped 25649/1119454 values (2.29%)
strain_yEK19: Clipping values above 77.10 (P95=51.40). Clipped 83713/3893623 values (2.15%)
strain_yEK23: Clipping values above 72.00 (P95=48.00). Clipped 86381/3558407 values (2.43%)
strain_yWT03a: Clipping values above 15.00 (P95=10.00). Clipped 10602/347679 values (3.05%)
strain_yWT04a: Clipping values above 58.50 (P95=39.00). Clipped 21095/725406 values (2.91%)
strain_ylic137: Clipping values above 142.50 (P95=95.00). Clipped 28746/1112684 values (2.58%)

Splitting data using pre-determined chromosomes...
Standardizing features: ['Centr', 'Nucl']
Column order in final array (Dataset/Chrom split): ['Value', 'Nucleosome_Distance', 'Centromere_Distance', 'Value_Raw', 'Size_Factor']
Removing 0 empty data points out of 3904
Column order in final array (Dataset/Chrom split): ['Value', 'Nucleosome_Distance', 'Centromere_Distance', 'Value_Raw', 'Size_Factor']
Removing 0 empty data points out of 1368
Column order in final array (Dataset/Chrom split): ['Value', 'Nucleosome_Distance', 'Centromere_Distance', 'Value_Raw', 'Size_Factor']
Removing 0 empty data points out of 1512
Datasets created with shapes:
  Train: (3904, 2000, 5)
  Val: (1368, 2000, 5)
  Test: (1512, 2000, 5)
Datasets created:
  Train: (3904, 2000, 5), Val: (1368, 2000, 5), Test: (1512, 2000, 5)

Randomly sampled 2195/3904 samples (56.2%)
Applied denoising with 15.0% masking
Applied denoising with 15.0% masking
Number of encoder layers: 1
Number of decoder layers (excluding heads): 1
Total number of layers including latent layer: 3
Epoch [1/30], Total Loss: 4.7994, NLL: 2.6443, Masked: 24.7825
Epoch [2/30], Total Loss: 2.4840, NLL: 2.0242, Masked: 5.2882
Epoch [3/30], Total Loss: 2.2026, NLL: 1.9050, Masked: 3.4224
Epoch [4/30], Total Loss: 2.1810, NLL: 1.8827, Masked: 3.4306
Epoch [5/30], Total Loss: 2.1706, NLL: 1.8751, Masked: 3.3972
Epoch [6/30], Total Loss: 2.1662, NLL: 1.8714, Masked: 3.3902
Epoch [7/30], Total Loss: 2.1600, NLL: 1.8650, Masked: 3.3933
Epoch [8/30], Total Loss: 2.1534, NLL: 1.8589, Masked: 3.3866
Epoch [9/30], Total Loss: 2.1505, NLL: 1.8562, Masked: 3.3840
Epoch [10/30], Total Loss: 2.1475, NLL: 1.8539, Masked: 3.3758
Epoch [11/30], Total Loss: 2.1446, NLL: 1.8502, Masked: 3.3857
Epoch [12/30], Total Loss: 2.1405, NLL: 1.8469, Masked: 3.3764
Epoch [13/30], Total Loss: 2.1391, NLL: 1.8455, Masked: 3.3766
Epoch [14/30], Total Loss: 2.1336, NLL: 1.8402, Masked: 3.3739
Epoch [15/30], Total Loss: 2.1324, NLL: 1.8393, Masked: 3.3696
Epoch [16/30], Total Loss: 2.1290, NLL: 1.8365, Masked: 3.3640
Epoch [17/30], Total Loss: 2.1264, NLL: 1.8343, Masked: 3.3588
Epoch [18/30], Total Loss: 2.1246, NLL: 1.8323, Masked: 3.3613
Epoch [19/30], Total Loss: 2.1237, NLL: 1.8316, Masked: 3.3590
Epoch [20/30], Total Loss: 2.1220, NLL: 1.8304, Masked: 3.3539
Epoch [21/30], Total Loss: 2.1206, NLL: 1.8292, Masked: 3.3502
Epoch [22/30], Total Loss: 2.1190, NLL: 1.8278, Masked: 3.3485
Epoch [23/30], Total Loss: 2.1173, NLL: 1.8262, Masked: 3.3471
Epoch [24/30], Total Loss: 2.1162, NLL: 1.8255, Masked: 3.3425
Epoch [25/30], Total Loss: 2.1160, NLL: 1.8251, Masked: 3.3447
Epoch [26/30], Total Loss: 2.1151, NLL: 1.8240, Masked: 3.3471
Epoch [27/30], Total Loss: 2.1127, NLL: 1.8228, Masked: 3.3335
Epoch [28/30], Total Loss: 2.1122, NLL: 1.8220, Masked: 3.3373
Epoch [29/30], Total Loss: 2.1119, NLL: 1.8214, Masked: 3.3399
Epoch [30/30], Total Loss: 2.1102, NLL: 1.8205, Masked: 3.3307

==================================================
EVALUATING ON TRAINING DATA
==================================================

==================================================
TEST RESULTS
==================================================
Total Loss: 2.102879
  - ZINB NLL: 1.812997
Total number of masked values: 392064
  - Number of values with pi >= 0.4219125032632116: 0
  - Number of values with pi < 0.4219125032632116: 392064
  - Masked Reconstruction: 3.333504
Mean Absolute Error (MAE): 2.736537
R² Score: 0.090040
==================================================


==================================================
EVALUATING ON VALIDATION DATA
Dataset size: 1368
==================================================


==================================================
TEST RESULTS
==================================================
Total Loss: 2.118212
  - ZINB NLL: 1.837698
Total number of masked values: 242595
  - Number of values with pi >= 0.4219125032632116: 0
  - Number of values with pi < 0.4219125032632116: 242595
  - Masked Reconstruction: 3.225778
Mean Absolute Error (MAE): 2.798473
R² Score: 0.075340
==================================================


>>> Optimizing zinb_nll on VALIDATION set: 1.837698
>>> Full validation metrics: {'total_loss': 2.1182117002052174, 'zinb_nll': 1.8376978280251486, 'mae': 2.798473358154297, 'r2': 0.07533955574035645, 'masked_loss': 3.225778066623978}

Iteration No: 8 ended. Evaluation done at random point.
Time taken: 95.5617
Function value obtained: 1.8377
Current minimum: 0.8892
Iteration No: 9 started. Evaluating function at random point.

================================================================================
Trial with parameters:
  features: Centr_Nucl
  step_size: 0.37621828162969795
  bin_size: 12
  sample_fraction: 0.668576501513006
  moving_average: True
  first_layer_size_factor: 10
  num_layers: 2
  use_conv: True
  conv_channel: 94
  pool_size: 6
  kernel_size: 3
  epochs: 150
  batch_size: 32
  pi_threshold: 0.6906459823330612
  learning_rate: 0.0001710452585899055
  dropout_rate: 0.016525366450274196
  masked_recon_weight: 0.024004075943521636
  regularizer: l2
  regularization_weight: 0.5820203380944969
================================================================================

len(layers): 2
Creating datasets with:
  features: ['Centr', 'Nucl']
  bin_size: 12
  moving_average: True
  data_point_length: 2000 (from 2000)
  step_size: 752 (from fraction 0.37621828162969795)
  layers: [np.int64(160), np.int64(80)] (first=160, num=2)
  stride: 1 (fixed), padding: same (fixed)
  Using pre-determined chromosome split


Clipping outliers using 95th percentile * 1.5...
strain_yTW001: Clipping values above 134.25 (P95=89.50). Clipped 27529/1193409 values (2.31%)
strain_FD: Clipping values above 71.92 (P95=47.94). Clipped 95791/4127807 values (2.32%)
strain_dnrp: Clipping values above 243.00 (P95=162.00). Clipped 25649/1119454 values (2.29%)
strain_yEK19: Clipping values above 77.10 (P95=51.40). Clipped 83713/3893623 values (2.15%)
strain_yEK23: Clipping values above 72.00 (P95=48.00). Clipped 86381/3558407 values (2.43%)
strain_yWT03a: Clipping values above 15.00 (P95=10.00). Clipped 10602/347679 values (3.05%)
strain_yWT04a: Clipping values above 58.50 (P95=39.00). Clipped 21095/725406 values (2.91%)
strain_ylic137: Clipping values above 142.50 (P95=95.00). Clipped 28746/1112684 values (2.58%)

Splitting data using pre-determined chromosomes...
Standardizing features: ['Centr', 'Nucl']
Column order in final array (Dataset/Chrom split): ['Value', 'Nucleosome_Distance', 'Centromere_Distance', 'Value_Raw', 'Size_Factor']
Removing 0 empty data points out of 73704
Column order in final array (Dataset/Chrom split): ['Value', 'Nucleosome_Distance', 'Centromere_Distance', 'Value_Raw', 'Size_Factor']
Removing 0 empty data points out of 25912
Column order in final array (Dataset/Chrom split): ['Value', 'Nucleosome_Distance', 'Centromere_Distance', 'Value_Raw', 'Size_Factor']
Removing 0 empty data points out of 28672
Datasets created with shapes:
  Train: (73704, 2000, 5)
  Val: (25912, 2000, 5)
  Test: (28672, 2000, 5)
Datasets created:
  Train: (73704, 2000, 5), Val: (25912, 2000, 5), Test: (28672, 2000, 5)

Randomly sampled 49276/73704 samples (66.9%)
Applied denoising with 15.0% masking
Applied denoising with 15.0% masking
Number of encoder layers: 2
Number of decoder layers (excluding heads): 2
Total number of layers including latent layer: 5
Epoch [1/150], Total Loss: 3.4830, NLL: 2.7628, Masked: 29.9999, Reg: 4097.871863
Epoch [2/150], Total Loss: 3.4521, NLL: 2.7321, Masked: 29.9941, Reg: 3063.474293
Epoch [3/150], Total Loss: 3.4269, NLL: 2.7065, Masked: 30.0080, Reg: 2219.888999
Epoch [4/150], Total Loss: 3.4075, NLL: 2.6870, Masked: 30.0140, Reg: 1529.576998
Epoch [5/150], Total Loss: 3.3953, NLL: 2.6748, Masked: 30.0130, Reg: 981.315356
Epoch [6/150], Total Loss: 3.3903, NLL: 2.6702, Masked: 30.0002, Reg: 567.550797
Epoch [7/150], Total Loss: 3.3941, NLL: 2.6736, Masked: 30.0128, Reg: 279.866670
Epoch [8/150], Total Loss: 3.4039, NLL: 2.6837, Masked: 30.0063, Reg: 105.784930
Epoch [9/150], Total Loss: 3.4182, NLL: 2.6977, Masked: 30.0150, Reg: 24.501148
Epoch [10/150], Total Loss: 3.4297, NLL: 2.7094, Masked: 30.0088, Reg: 2.121982
Epoch [11/150], Total Loss: 3.4343, NLL: 2.7139, Masked: 30.0124, Reg: 0.025232
Epoch [12/150], Total Loss: 3.4349, NLL: 2.7143, Masked: 30.0199, Reg: 0.001668
Epoch [13/150], Total Loss: 3.4348, NLL: 2.7144, Masked: 30.0120, Reg: 0.001584
Epoch [14/150], Total Loss: 3.4346, NLL: 2.7144, Masked: 30.0072, Reg: 0.001505
Epoch [15/150], Total Loss: 3.4346, NLL: 2.7144, Masked: 30.0055, Reg: 0.001511
Epoch [16/150], Total Loss: 3.4345, NLL: 2.7144, Masked: 29.9992, Reg: 0.001513
Epoch [17/150], Total Loss: 3.4347, NLL: 2.7144, Masked: 30.0111, Reg: 0.001513
Epoch [18/150], Total Loss: 3.4347, NLL: 2.7144, Masked: 30.0103, Reg: 0.001514
Epoch [19/150], Total Loss: 3.4346, NLL: 2.7144, Masked: 30.0053, Reg: 0.001515
Epoch [20/150], Total Loss: 3.4349, NLL: 2.7144, Masked: 30.0182, Reg: 0.001517
Epoch [21/150], Total Loss: 3.4347, NLL: 2.7144, Masked: 30.0076, Reg: 0.001517
Epoch [22/150], Total Loss: 3.4345, NLL: 2.7144, Masked: 29.9999, Reg: 0.001516
Epoch [23/150], Total Loss: 3.4346, NLL: 2.7144, Masked: 30.0048, Reg: 0.001519
Epoch [24/150], Total Loss: 3.4345, NLL: 2.7144, Masked: 30.0006, Reg: 0.001516
Epoch [25/150], Total Loss: 3.4344, NLL: 2.7144, Masked: 29.9988, Reg: 0.001517
Epoch [26/150], Total Loss: 3.4348, NLL: 2.7144, Masked: 30.0132, Reg: 0.001518
Epoch [27/150], Total Loss: 3.4348, NLL: 2.7144, Masked: 30.0137, Reg: 0.001517
Epoch [28/150], Total Loss: 3.4348, NLL: 2.7144, Masked: 30.0137, Reg: 0.001517
Epoch [29/150], Total Loss: 3.4346, NLL: 2.7144, Masked: 30.0067, Reg: 0.001517
Epoch [30/150], Total Loss: 3.4345, NLL: 2.7144, Masked: 30.0017, Reg: 0.001517
Epoch [31/150], Total Loss: 3.4346, NLL: 2.7144, Masked: 30.0051, Reg: 0.001517
Epoch [32/150], Total Loss: 3.4347, NLL: 2.7144, Masked: 30.0086, Reg: 0.001517
Epoch [33/150], Total Loss: 3.4343, NLL: 2.7144, Masked: 29.9910, Reg: 0.001517
Epoch [34/150], Total Loss: 3.4350, NLL: 2.7144, Masked: 30.0219, Reg: 0.001517
Epoch [35/150], Total Loss: 3.4346, NLL: 2.7144, Masked: 30.0049, Reg: 0.001518
Epoch [36/150], Total Loss: 3.4346, NLL: 2.7144, Masked: 30.0058, Reg: 0.001518
Epoch [37/150], Total Loss: 3.4346, NLL: 2.7144, Masked: 30.0068, Reg: 0.001518
Epoch [38/150], Total Loss: 3.4349, NLL: 2.7144, Masked: 30.0162, Reg: 0.001517
Epoch [39/150], Total Loss: 3.4345, NLL: 2.7144, Masked: 29.9998, Reg: 0.001518
Epoch [40/150], Total Loss: 3.4347, NLL: 2.7144, Masked: 30.0078, Reg: 0.001516
Epoch [41/150], Total Loss: 3.4348, NLL: 2.7144, Masked: 30.0136, Reg: 0.001517
Epoch [42/150], Total Loss: 3.4346, NLL: 2.7144, Masked: 30.0056, Reg: 0.001517
Epoch [43/150], Total Loss: 3.4347, NLL: 2.7144, Masked: 30.0079, Reg: 0.001517
Epoch [44/150], Total Loss: 3.4347, NLL: 2.7144, Masked: 30.0103, Reg: 0.001517
Epoch [45/150], Total Loss: 3.4347, NLL: 2.7144, Masked: 30.0081, Reg: 0.001517
Epoch [46/150], Total Loss: 3.4346, NLL: 2.7144, Masked: 30.0066, Reg: 0.001518
Epoch [47/150], Total Loss: 3.4348, NLL: 2.7144, Masked: 30.0146, Reg: 0.001518
Epoch [48/150], Total Loss: 3.4347, NLL: 2.7144, Masked: 30.0106, Reg: 0.001518
Epoch [49/150], Total Loss: 3.4346, NLL: 2.7144, Masked: 30.0065, Reg: 0.001516
Epoch [50/150], Total Loss: 3.4345, NLL: 2.7144, Masked: 29.9999, Reg: 0.001517
Epoch [51/150], Total Loss: 3.4348, NLL: 2.7144, Masked: 30.0128, Reg: 0.001518
Epoch [52/150], Total Loss: 3.4348, NLL: 2.7144, Masked: 30.0142, Reg: 0.001517
Epoch [53/150], Total Loss: 3.4348, NLL: 2.7144, Masked: 30.0153, Reg: 0.001517
Epoch [54/150], Total Loss: 3.4347, NLL: 2.7144, Masked: 30.0112, Reg: 0.001517
Epoch [55/150], Total Loss: 3.4348, NLL: 2.7144, Masked: 30.0115, Reg: 0.001518
Epoch [56/150], Total Loss: 3.4346, NLL: 2.7144, Masked: 30.0046, Reg: 0.001516
Epoch [57/150], Total Loss: 3.4348, NLL: 2.7144, Masked: 30.0143, Reg: 0.001517
Epoch [58/150], Total Loss: 3.4346, NLL: 2.7144, Masked: 30.0057, Reg: 0.001516
Epoch [59/150], Total Loss: 3.4344, NLL: 2.7144, Masked: 29.9951, Reg: 0.001516
Epoch [60/150], Total Loss: 3.4347, NLL: 2.7144, Masked: 30.0080, Reg: 0.001518
Epoch [61/150], Total Loss: 3.4347, NLL: 2.7144, Masked: 30.0114, Reg: 0.001517
Epoch [62/150], Total Loss: 3.4348, NLL: 2.7144, Masked: 30.0136, Reg: 0.001518
Epoch [63/150], Total Loss: 3.4347, NLL: 2.7144, Masked: 30.0112, Reg: 0.001517
Epoch [64/150], Total Loss: 3.4348, NLL: 2.7144, Masked: 30.0139, Reg: 0.001518
Epoch [65/150], Total Loss: 3.4346, NLL: 2.7144, Masked: 30.0071, Reg: 0.001518
Epoch [66/150], Total Loss: 3.4347, NLL: 2.7144, Masked: 30.0102, Reg: 0.001517
Epoch [67/150], Total Loss: 3.4345, NLL: 2.7144, Masked: 30.0012, Reg: 0.001517
Epoch [68/150], Total Loss: 3.4347, NLL: 2.7144, Masked: 30.0107, Reg: 0.001517
Epoch [69/150], Total Loss: 3.4346, NLL: 2.7144, Masked: 30.0044, Reg: 0.001517
Epoch [70/150], Total Loss: 3.4347, NLL: 2.7144, Masked: 30.0113, Reg: 0.001517
Epoch [71/150], Total Loss: 3.4345, NLL: 2.7144, Masked: 30.0004, Reg: 0.001516
Epoch [72/150], Total Loss: 3.4348, NLL: 2.7144, Masked: 30.0141, Reg: 0.001518
Epoch [73/150], Total Loss: 3.4348, NLL: 2.7144, Masked: 30.0121, Reg: 0.001517
Epoch [74/150], Total Loss: 3.4347, NLL: 2.7144, Masked: 30.0092, Reg: 0.001517
Epoch [75/150], Total Loss: 3.4347, NLL: 2.7144, Masked: 30.0098, Reg: 0.001517
Epoch [76/150], Total Loss: 3.4349, NLL: 2.7144, Masked: 30.0183, Reg: 0.001518
Epoch [77/150], Total Loss: 3.4345, NLL: 2.7144, Masked: 30.0013, Reg: 0.001517
Epoch [78/150], Total Loss: 3.4347, NLL: 2.7144, Masked: 30.0115, Reg: 0.001517
Epoch [79/150], Total Loss: 3.4349, NLL: 2.7144, Masked: 30.0162, Reg: 0.001517
Epoch [80/150], Total Loss: 3.4346, NLL: 2.7144, Masked: 30.0057, Reg: 0.001517
Epoch [81/150], Total Loss: 3.4347, NLL: 2.7144, Masked: 30.0108, Reg: 0.001517
Epoch [82/150], Total Loss: 3.4348, NLL: 2.7144, Masked: 30.0125, Reg: 0.001518
Epoch [83/150], Total Loss: 3.4344, NLL: 2.7144, Masked: 29.9968, Reg: 0.001515
Epoch [84/150], Total Loss: 3.4348, NLL: 2.7144, Masked: 30.0145, Reg: 0.001518
Epoch [85/150], Total Loss: 3.4346, NLL: 2.7144, Masked: 30.0043, Reg: 0.001517
Epoch [86/150], Total Loss: 3.4349, NLL: 2.7144, Masked: 30.0185, Reg: 0.001517
Epoch [87/150], Total Loss: 3.4347, NLL: 2.7144, Masked: 30.0113, Reg: 0.001517
Epoch [88/150], Total Loss: 3.4348, NLL: 2.7144, Masked: 30.0148, Reg: 0.001517
Epoch [89/150], Total Loss: 3.4348, NLL: 2.7144, Masked: 30.0148, Reg: 0.001517
Epoch [90/150], Total Loss: 3.4344, NLL: 2.7144, Masked: 29.9986, Reg: 0.001517
Epoch [91/150], Total Loss: 3.4348, NLL: 2.7144, Masked: 30.0135, Reg: 0.001518
Epoch [92/150], Total Loss: 3.4348, NLL: 2.7144, Masked: 30.0118, Reg: 0.001518
Epoch [93/150], Total Loss: 3.4349, NLL: 2.7144, Masked: 30.0159, Reg: 0.001517
Epoch [94/150], Total Loss: 3.4347, NLL: 2.7144, Masked: 30.0081, Reg: 0.001518
Epoch [95/150], Total Loss: 3.4348, NLL: 2.7144, Masked: 30.0119, Reg: 0.001518
Epoch [96/150], Total Loss: 3.4348, NLL: 2.7144, Masked: 30.0126, Reg: 0.001516
Epoch [97/150], Total Loss: 3.4349, NLL: 2.7144, Masked: 30.0170, Reg: 0.001517
Epoch [98/150], Total Loss: 3.4344, NLL: 2.7144, Masked: 29.9987, Reg: 0.001518
Epoch [99/150], Total Loss: 3.4350, NLL: 2.7144, Masked: 30.0211, Reg: 0.001518
Epoch [100/150], Total Loss: 3.4347, NLL: 2.7144, Masked: 30.0098, Reg: 0.001517
Epoch [101/150], Total Loss: 3.4346, NLL: 2.7144, Masked: 30.0047, Reg: 0.001517
Epoch [102/150], Total Loss: 3.4347, NLL: 2.7144, Masked: 30.0114, Reg: 0.001517
Epoch [103/150], Total Loss: 3.4349, NLL: 2.7144, Masked: 30.0179, Reg: 0.001518
Epoch [104/150], Total Loss: 3.4347, NLL: 2.7144, Masked: 30.0096, Reg: 0.001517
Epoch [105/150], Total Loss: 3.4347, NLL: 2.7144, Masked: 30.0078, Reg: 0.001517
Epoch [106/150], Total Loss: 3.4349, NLL: 2.7144, Masked: 30.0158, Reg: 0.001518
Epoch [107/150], Total Loss: 3.4346, NLL: 2.7144, Masked: 30.0060, Reg: 0.001517
Epoch [108/150], Total Loss: 3.4348, NLL: 2.7144, Masked: 30.0118, Reg: 0.001518
Epoch [109/150], Total Loss: 3.4348, NLL: 2.7144, Masked: 30.0125, Reg: 0.001518
Epoch [110/150], Total Loss: 3.4347, NLL: 2.7144, Masked: 30.0074, Reg: 0.001517
Epoch [111/150], Total Loss: 3.4348, NLL: 2.7144, Masked: 30.0118, Reg: 0.001517
Epoch [112/150], Total Loss: 3.4348, NLL: 2.7144, Masked: 30.0121, Reg: 0.001517
Epoch [113/150], Total Loss: 3.4349, NLL: 2.7144, Masked: 30.0185, Reg: 0.001518
Epoch [114/150], Total Loss: 3.4344, NLL: 2.7144, Masked: 29.9959, Reg: 0.001517
Epoch [115/150], Total Loss: 3.4347, NLL: 2.7144, Masked: 30.0076, Reg: 0.001517
Epoch [116/150], Total Loss: 3.4346, NLL: 2.7144, Masked: 30.0074, Reg: 0.001517
Epoch [117/150], Total Loss: 3.4346, NLL: 2.7144, Masked: 30.0064, Reg: 0.001517
Epoch [118/150], Total Loss: 3.4346, NLL: 2.7144, Masked: 30.0067, Reg: 0.001517
Epoch [119/150], Total Loss: 3.4346, NLL: 2.7144, Masked: 30.0054, Reg: 0.001518
Epoch [120/150], Total Loss: 3.4348, NLL: 2.7144, Masked: 30.0127, Reg: 0.001518
Epoch [121/150], Total Loss: 3.4346, NLL: 2.7144, Masked: 30.0048, Reg: 0.001517
Epoch [122/150], Total Loss: 3.4346, NLL: 2.7144, Masked: 30.0060, Reg: 0.001517
Epoch [123/150], Total Loss: 3.4347, NLL: 2.7144, Masked: 30.0106, Reg: 0.001517
Epoch [124/150], Total Loss: 3.4347, NLL: 2.7144, Masked: 30.0082, Reg: 0.001518
Epoch [125/150], Total Loss: 3.4349, NLL: 2.7144, Masked: 30.0184, Reg: 0.001518
Epoch [126/150], Total Loss: 3.4344, NLL: 2.7144, Masked: 29.9953, Reg: 0.001516
Epoch [127/150], Total Loss: 3.4346, NLL: 2.7144, Masked: 30.0056, Reg: 0.001517
Epoch [128/150], Total Loss: 3.4346, NLL: 2.7144, Masked: 30.0060, Reg: 0.001517
Epoch [129/150], Total Loss: 3.4346, NLL: 2.7144, Masked: 30.0068, Reg: 0.001517
Epoch [130/150], Total Loss: 3.4348, NLL: 2.7144, Masked: 30.0149, Reg: 0.001518
Epoch [131/150], Total Loss: 3.4348, NLL: 2.7144, Masked: 30.0120, Reg: 0.001517
Epoch [132/150], Total Loss: 3.4349, NLL: 2.7144, Masked: 30.0165, Reg: 0.001518
Epoch [133/150], Total Loss: 3.4346, NLL: 2.7144, Masked: 30.0061, Reg: 0.001516
Epoch [134/150], Total Loss: 3.4347, NLL: 2.7144, Masked: 30.0108, Reg: 0.001518
Epoch [135/150], Total Loss: 3.4345, NLL: 2.7144, Masked: 29.9994, Reg: 0.001517
Epoch [136/150], Total Loss: 3.4347, NLL: 2.7144, Masked: 30.0108, Reg: 0.001517
Epoch [137/150], Total Loss: 3.4347, NLL: 2.7144, Masked: 30.0103, Reg: 0.001518
Epoch [138/150], Total Loss: 3.4345, NLL: 2.7144, Masked: 30.0011, Reg: 0.001517
Epoch [139/150], Total Loss: 3.4347, NLL: 2.7144, Masked: 30.0074, Reg: 0.001517
Epoch [140/150], Total Loss: 3.4348, NLL: 2.7144, Masked: 30.0140, Reg: 0.001518
Epoch [141/150], Total Loss: 3.4345, NLL: 2.7144, Masked: 30.0015, Reg: 0.001516
Epoch [142/150], Total Loss: 3.4349, NLL: 2.7144, Masked: 30.0172, Reg: 0.001518
Epoch [143/150], Total Loss: 3.4349, NLL: 2.7144, Masked: 30.0161, Reg: 0.001517
Epoch [144/150], Total Loss: 3.4348, NLL: 2.7144, Masked: 30.0144, Reg: 0.001517
Epoch [145/150], Total Loss: 3.4347, NLL: 2.7144, Masked: 30.0090, Reg: 0.001518
Epoch [146/150], Total Loss: 3.4348, NLL: 2.7144, Masked: 30.0116, Reg: 0.001517
Epoch [147/150], Total Loss: 3.4346, NLL: 2.7144, Masked: 30.0046, Reg: 0.001517
Epoch [148/150], Total Loss: 3.4346, NLL: 2.7144, Masked: 30.0065, Reg: 0.001517
Epoch [149/150], Total Loss: 3.4347, NLL: 2.7144, Masked: 30.0098, Reg: 0.001518
Epoch [150/150], Total Loss: 3.4345, NLL: 2.7144, Masked: 30.0013, Reg: 0.001516

==================================================
EVALUATING ON TRAINING DATA
==================================================

==================================================
TEST RESULTS
==================================================
Total Loss: 3.434738
  - ZINB NLL: 2.714325
Total number of masked values: 8768153
  - Number of values with pi >= 0.6906459823330612: 0
  - Number of values with pi < 0.6906459823330612: 8768153
  - Masked Reconstruction: 30.012106
  - Regularization: 0.001651
Mean Absolute Error (MAE): 26.257145
R² Score: -33.302422
==================================================


==================================================
EVALUATING ON VALIDATION DATA
Dataset size: 25912
==================================================


==================================================
TEST RESULTS
==================================================
Total Loss: 3.327984
  - ZINB NLL: 2.721253
Total number of masked values: 4616890
  - Number of values with pi >= 0.6906459823330612: 0
  - Number of values with pi < 0.6906459823330612: 4616890
  - Masked Reconstruction: 25.276191
  - Regularization: 0.001651
Mean Absolute Error (MAE): 26.295786
R² Score: -26.602091
==================================================


>>> Optimizing zinb_nll on VALIDATION set: 2.721253
>>> Full validation metrics: {'total_loss': 3.3279842322680198, 'zinb_nll': 2.721252634040218, 'mae': 26.295785903930664, 'r2': -26.60209083557129, 'masked_loss': 25.27619093411791, 'reg_loss': 0.0016510886802813935}

Iteration No: 9 ended. Evaluation done at random point.
Time taken: 1346.3696
Function value obtained: 2.7213
Current minimum: 0.8892
Iteration No: 10 started. Evaluating function at random point.

================================================================================
Trial with parameters:
  features: Centr
  step_size: 0.5858373734298188
  bin_size: 28
  sample_fraction: 0.6945225429095452
  moving_average: True
  first_layer_size_factor: 39
  num_layers: 2
  use_conv: False
  conv_channel: 69
  pool_size: 8
  kernel_size: 5
  epochs: 128
  batch_size: 128
  pi_threshold: 0.36028701758617176
  learning_rate: 0.0003346542387875272
  dropout_rate: 0.347906403395441
  masked_recon_weight: 2.7129089558470065
  regularizer: l1
  regularization_weight: 0.00034808662246265455
================================================================================

len(layers): 2
Creating datasets with:
  features: ['Centr']
  bin_size: 28
  moving_average: True
  data_point_length: 2000 (from 2000)
  step_size: 1171 (from fraction 0.5858373734298188)
  layers: [np.int64(624), np.int64(312)] (first=624, num=2)
  stride: 1 (fixed), padding: same (fixed)
  Using pre-determined chromosome split


Clipping outliers using 95th percentile * 1.5...
strain_yTW001: Clipping values above 134.25 (P95=89.50). Clipped 27529/1193409 values (2.31%)
strain_FD: Clipping values above 71.92 (P95=47.94). Clipped 95791/4127807 values (2.32%)
strain_dnrp: Clipping values above 243.00 (P95=162.00). Clipped 25649/1119454 values (2.29%)
strain_yEK19: Clipping values above 77.10 (P95=51.40). Clipped 83713/3893623 values (2.15%)
strain_yEK23: Clipping values above 72.00 (P95=48.00). Clipped 86381/3558407 values (2.43%)
strain_yWT03a: Clipping values above 15.00 (P95=10.00). Clipped 10602/347679 values (3.05%)
strain_yWT04a: Clipping values above 58.50 (P95=39.00). Clipped 21095/725406 values (2.91%)
strain_ylic137: Clipping values above 142.50 (P95=95.00). Clipped 28746/1112684 values (2.58%)

Splitting data using pre-determined chromosomes...
Standardizing features: ['Centr']
Column order in final array (Dataset/Chrom split): ['Value', 'Centromere_Distance', 'Value_Raw', 'Size_Factor']
Removing 0 empty data points out of 47344
Column order in final array (Dataset/Chrom split): ['Value', 'Centromere_Distance', 'Value_Raw', 'Size_Factor']
Removing 0 empty data points out of 16656
Column order in final array (Dataset/Chrom split): ['Value', 'Centromere_Distance', 'Value_Raw', 'Size_Factor']
Removing 0 empty data points out of 18416
Datasets created with shapes:
  Train: (47344, 2000, 4)
  Val: (16656, 2000, 4)
  Test: (18416, 2000, 4)
Datasets created:
  Train: (47344, 2000, 4), Val: (16656, 2000, 4), Test: (18416, 2000, 4)

Randomly sampled 32881/47344 samples (69.5%)
Applied denoising with 15.0% masking
Applied denoising with 15.0% masking
Number of encoder layers: 2
Number of decoder layers (excluding heads): 2
Total number of layers including latent layer: 5
Epoch [1/128], Total Loss: 18.0413, NLL: 2.2280, Masked: 3.6933, Reg: 5.793841
Epoch [2/128], Total Loss: 11.9519, NLL: 2.0552, Masked: 2.6026, Reg: 2.836254
Epoch [3/128], Total Loss: 11.3378, NLL: 2.0021, Masked: 2.5784, Reg: 2.340781
Epoch [4/128], Total Loss: 11.0509, NLL: 1.9699, Masked: 2.5634, Reg: 2.126643
Epoch [5/128], Total Loss: 10.8723, NLL: 1.9552, Masked: 2.5510, Reg: 1.996427
Epoch [6/128], Total Loss: 10.7049, NLL: 1.9333, Masked: 2.5378, Reg: 1.886708
Epoch [7/128], Total Loss: 10.5524, NLL: 1.9207, Masked: 2.5294, Reg: 1.769663
Epoch [8/128], Total Loss: 10.4221, NLL: 1.9126, Masked: 2.5200, Reg: 1.673010
Epoch [9/128], Total Loss: 10.3246, NLL: 1.9096, Masked: 2.5188, Reg: 1.581886
Epoch [10/128], Total Loss: 10.2008, NLL: 1.9020, Masked: 2.5131, Reg: 1.481013
Epoch [11/128], Total Loss: 10.1276, NLL: 1.9023, Masked: 2.5136, Reg: 1.406311
Epoch [12/128], Total Loss: 10.0583, NLL: 1.9029, Masked: 2.5138, Reg: 1.335782
Epoch [13/128], Total Loss: 9.9845, NLL: 1.9005, Masked: 2.5126, Reg: 1.267607
Epoch [14/128], Total Loss: 9.9167, NLL: 1.8998, Masked: 2.5110, Reg: 1.204919
Epoch [15/128], Total Loss: 9.8519, NLL: 1.8985, Masked: 2.5111, Reg: 1.141105
Epoch [16/128], Total Loss: 9.7491, NLL: 1.8943, Masked: 2.5047, Reg: 1.059798
Epoch [17/128], Total Loss: 9.6946, NLL: 1.8973, Masked: 2.5077, Reg: 0.994154
Epoch [18/128], Total Loss: 9.6215, NLL: 1.8950, Masked: 2.5065, Reg: 0.926500
Epoch [19/128], Total Loss: 9.5531, NLL: 1.8916, Masked: 2.5086, Reg: 0.855904
Epoch [20/128], Total Loss: 9.5291, NLL: 1.8963, Masked: 2.5138, Reg: 0.813214
Epoch [21/128], Total Loss: 9.4524, NLL: 1.8944, Masked: 2.5122, Reg: 0.742581
Epoch [22/128], Total Loss: 9.3928, NLL: 1.8929, Masked: 2.5113, Reg: 0.686938
Epoch [23/128], Total Loss: 9.3055, NLL: 1.8911, Masked: 2.5068, Reg: 0.613662
Epoch [24/128], Total Loss: 9.2512, NLL: 1.8934, Masked: 2.5088, Reg: 0.551685
Epoch [25/128], Total Loss: 9.2039, NLL: 1.8925, Masked: 2.5089, Reg: 0.505023
Epoch [26/128], Total Loss: 9.2127, NLL: 1.8947, Masked: 2.5108, Reg: 0.506320
Epoch [27/128], Total Loss: 9.2174, NLL: 1.8950, Masked: 2.5080, Reg: 0.518232
Epoch [28/128], Total Loss: 9.2025, NLL: 1.8939, Masked: 2.5070, Reg: 0.507268
Epoch [29/128], Total Loss: 9.2298, NLL: 1.8953, Masked: 2.5098, Reg: 0.525716
Epoch [30/128], Total Loss: 9.2024, NLL: 1.8942, Masked: 2.5076, Reg: 0.505458
Epoch [31/128], Total Loss: 9.1857, NLL: 1.8911, Masked: 2.5056, Reg: 0.497062
Epoch [32/128], Total Loss: 9.1868, NLL: 1.8913, Masked: 2.5056, Reg: 0.497958
Epoch [33/128], Total Loss: 9.2046, NLL: 1.8922, Masked: 2.5098, Reg: 0.503407
Epoch [34/128], Total Loss: 9.1985, NLL: 1.8928, Masked: 2.5076, Reg: 0.502850
Epoch [35/128], Total Loss: 9.1988, NLL: 1.8947, Masked: 2.5079, Reg: 0.500400
Epoch [36/128], Total Loss: 9.2018, NLL: 1.8938, Masked: 2.5092, Reg: 0.500832
Epoch [37/128], Total Loss: 9.1857, NLL: 1.8918, Masked: 2.5074, Reg: 0.491410
Epoch [38/128], Total Loss: 9.1739, NLL: 1.8914, Masked: 2.5058, Reg: 0.484397
Epoch [39/128], Total Loss: 9.1594, NLL: 1.8893, Masked: 2.5033, Reg: 0.478977
Epoch [40/128], Total Loss: 9.1981, NLL: 1.8952, Masked: 2.5090, Reg: 0.496094
Epoch [41/128], Total Loss: 9.1674, NLL: 1.8896, Masked: 2.5038, Reg: 0.485227
Epoch [42/128], Total Loss: 9.1729, NLL: 1.8913, Masked: 2.5054, Reg: 0.484832
Epoch [43/128], Total Loss: 9.1866, NLL: 1.8940, Masked: 2.5064, Reg: 0.492926
Epoch [44/128], Total Loss: 9.1795, NLL: 1.8910, Masked: 2.5059, Reg: 0.490110
Epoch [45/128], Total Loss: 9.1713, NLL: 1.8926, Masked: 2.5064, Reg: 0.479104
Epoch [46/128], Total Loss: 9.1857, NLL: 1.8927, Masked: 2.5055, Reg: 0.495864
Epoch [47/128], Total Loss: 9.1700, NLL: 1.8899, Masked: 2.5050, Reg: 0.484411
Epoch [48/128], Total Loss: 9.1460, NLL: 1.8890, Masked: 2.5017, Reg: 0.470011
Epoch [49/128], Total Loss: 9.1764, NLL: 1.8911, Masked: 2.5076, Reg: 0.482459
Epoch [50/128], Total Loss: 9.1668, NLL: 1.8906, Masked: 2.5071, Reg: 0.474778
Epoch [51/128], Total Loss: 9.1982, NLL: 1.8965, Masked: 2.5076, Reg: 0.498940
Epoch [52/128], Total Loss: 9.1805, NLL: 1.8929, Masked: 2.5076, Reg: 0.484860
Epoch [53/128], Total Loss: 9.1606, NLL: 1.8921, Masked: 2.5049, Reg: 0.473107
Epoch [54/128], Total Loss: 9.1570, NLL: 1.8927, Masked: 2.5060, Reg: 0.465689
Epoch [55/128], Total Loss: 9.1561, NLL: 1.8901, Masked: 2.5038, Reg: 0.473320
Epoch [56/128], Total Loss: 9.1519, NLL: 1.8919, Masked: 2.5043, Reg: 0.466031
Epoch [57/128], Total Loss: 9.1601, NLL: 1.8915, Masked: 2.5061, Reg: 0.469701
Epoch [58/128], Total Loss: 9.1583, NLL: 1.8910, Masked: 2.5037, Reg: 0.475030
Epoch [59/128], Total Loss: 9.1652, NLL: 1.8917, Masked: 2.5037, Reg: 0.481138
Epoch [60/128], Total Loss: 9.1467, NLL: 1.8873, Masked: 2.5018, Reg: 0.472118
Epoch [61/128], Total Loss: 9.1543, NLL: 1.8928, Masked: 2.5046, Reg: 0.466886
Epoch [62/128], Total Loss: 9.1313, NLL: 1.8884, Masked: 2.5001, Reg: 0.460442
Epoch [63/128], Total Loss: 9.1598, NLL: 1.8930, Masked: 2.5065, Reg: 0.466910
Epoch [64/128], Total Loss: 9.1576, NLL: 1.8916, Masked: 2.5034, Reg: 0.474424
Epoch [65/128], Total Loss: 9.1619, NLL: 1.8898, Masked: 2.5046, Reg: 0.477405
Epoch [66/128], Total Loss: 9.1614, NLL: 1.8934, Masked: 2.5066, Reg: 0.467736
Epoch [67/128], Total Loss: 9.1441, NLL: 1.8885, Masked: 2.5022, Reg: 0.467383
Epoch [68/128], Total Loss: 9.1369, NLL: 1.8895, Masked: 2.5015, Reg: 0.461126
Epoch [69/128], Total Loss: 9.1682, NLL: 1.8919, Masked: 2.5083, Reg: 0.471534
Epoch [70/128], Total Loss: 9.1519, NLL: 1.8920, Masked: 2.5032, Reg: 0.468822
Epoch [71/128], Total Loss: 9.1449, NLL: 1.8917, Masked: 2.5030, Reg: 0.462738
Epoch [72/128], Total Loss: 9.1437, NLL: 1.8891, Masked: 2.5039, Reg: 0.461798
Epoch [73/128], Total Loss: 9.1327, NLL: 1.8888, Masked: 2.5020, Reg: 0.456091
Epoch [74/128], Total Loss: 9.1401, NLL: 1.8881, Masked: 2.5036, Reg: 0.459842
Epoch [75/128], Total Loss: 9.1589, NLL: 1.8922, Masked: 2.5044, Reg: 0.472340
Epoch [76/128], Total Loss: 9.1644, NLL: 1.8938, Masked: 2.5072, Reg: 0.468930
Epoch [77/128], Total Loss: 9.1611, NLL: 1.8931, Masked: 2.5069, Reg: 0.466929
Epoch [78/128], Total Loss: 9.1600, NLL: 1.8912, Masked: 2.5036, Reg: 0.476774
Epoch [79/128], Total Loss: 9.1442, NLL: 1.8887, Masked: 2.5009, Reg: 0.470924
Epoch [80/128], Total Loss: 9.1332, NLL: 1.8894, Masked: 2.5008, Reg: 0.459494
Epoch [81/128], Total Loss: 9.1523, NLL: 1.8915, Masked: 2.5068, Reg: 0.460037
Epoch [82/128], Total Loss: 9.1373, NLL: 1.8903, Masked: 2.5019, Reg: 0.459601
Epoch [83/128], Total Loss: 9.1504, NLL: 1.8900, Masked: 2.5067, Reg: 0.459859
Epoch [84/128], Total Loss: 9.1369, NLL: 1.8903, Masked: 2.5033, Reg: 0.455321
Epoch [85/128], Total Loss: 9.1257, NLL: 1.8880, Masked: 2.5006, Reg: 0.453657
Epoch [86/128], Total Loss: 9.1488, NLL: 1.8911, Masked: 2.5048, Reg: 0.462385
Epoch [87/128], Total Loss: 9.1527, NLL: 1.8908, Masked: 2.5049, Reg: 0.466220
Epoch [88/128], Total Loss: 9.1352, NLL: 1.8898, Masked: 2.5030, Reg: 0.455048
Epoch [89/128], Total Loss: 9.1319, NLL: 1.8892, Masked: 2.5009, Reg: 0.457997
Epoch [90/128], Total Loss: 9.1389, NLL: 1.8880, Masked: 2.5057, Reg: 0.453141
Epoch [91/128], Total Loss: 9.1394, NLL: 1.8899, Masked: 2.5052, Reg: 0.453206
Epoch [92/128], Total Loss: 9.1336, NLL: 1.8904, Masked: 2.5029, Reg: 0.453104
Epoch [93/128], Total Loss: 9.1385, NLL: 1.8908, Masked: 2.5035, Reg: 0.455877
Epoch [94/128], Total Loss: 9.1434, NLL: 1.8911, Masked: 2.5041, Reg: 0.459001
Epoch [95/128], Total Loss: 9.1663, NLL: 1.8935, Masked: 2.5080, Reg: 0.468782
Epoch [96/128], Total Loss: 9.1393, NLL: 1.8892, Masked: 2.5026, Reg: 0.460634
Epoch [97/128], Total Loss: 9.1392, NLL: 1.8891, Masked: 2.5045, Reg: 0.455563
Epoch [98/128], Total Loss: 9.1305, NLL: 1.8874, Masked: 2.5010, Reg: 0.458238
Epoch [99/128], Total Loss: 9.1364, NLL: 1.8900, Masked: 2.5025, Reg: 0.457330
Epoch [100/128], Total Loss: 9.1383, NLL: 1.8915, Masked: 2.5063, Reg: 0.447586
Epoch [101/128], Total Loss: 9.1230, NLL: 1.8881, Masked: 2.5024, Reg: 0.446032
Epoch [102/128], Total Loss: 9.1240, NLL: 1.8883, Masked: 2.5025, Reg: 0.446693
Epoch [103/128], Total Loss: 9.1275, NLL: 1.8892, Masked: 2.5022, Reg: 0.449970
Epoch [104/128], Total Loss: 9.1200, NLL: 1.8883, Masked: 2.5017, Reg: 0.444848
Epoch [105/128], Total Loss: 9.1298, NLL: 1.8897, Masked: 2.5023, Reg: 0.451638
Epoch [106/128], Total Loss: 9.1453, NLL: 1.8920, Masked: 2.5039, Reg: 0.460431
Epoch [107/128], Total Loss: 9.1259, NLL: 1.8895, Masked: 2.5022, Reg: 0.448173
Epoch [108/128], Total Loss: 9.1199, NLL: 1.8880, Masked: 2.5025, Reg: 0.442829
Epoch [109/128], Total Loss: 9.1147, NLL: 1.8874, Masked: 2.5015, Reg: 0.441064
Epoch [110/128], Total Loss: 9.1289, NLL: 1.8930, Masked: 2.5043, Reg: 0.442068
Epoch [111/128], Total Loss: 9.1435, NLL: 1.8918, Masked: 2.5045, Reg: 0.457086
Epoch [112/128], Total Loss: 9.1259, NLL: 1.8904, Masked: 2.5011, Reg: 0.450227
Epoch [113/128], Total Loss: 9.1298, NLL: 1.8912, Masked: 2.5050, Reg: 0.442755
Epoch [114/128], Total Loss: 9.1380, NLL: 1.8933, Masked: 2.5052, Reg: 0.448175
Epoch [115/128], Total Loss: 9.1330, NLL: 1.8897, Masked: 2.5051, Reg: 0.447048
Epoch [116/128], Total Loss: 9.1609, NLL: 1.8936, Masked: 2.5075, Reg: 0.464555
Epoch [117/128], Total Loss: 9.1629, NLL: 1.8927, Masked: 2.5061, Reg: 0.471470
Epoch [118/128], Total Loss: 9.1515, NLL: 1.8921, Masked: 2.5041, Reg: 0.466045
Epoch [119/128], Total Loss: 9.1273, NLL: 1.8906, Masked: 2.5023, Reg: 0.448336
Epoch [120/128], Total Loss: 9.1256, NLL: 1.8895, Masked: 2.5026, Reg: 0.446684
Epoch [121/128], Total Loss: 9.1455, NLL: 1.8940, Masked: 2.5050, Reg: 0.455714
Epoch [122/128], Total Loss: 9.1197, NLL: 1.8884, Masked: 2.5016, Reg: 0.444707
Epoch [123/128], Total Loss: 9.1296, NLL: 1.8914, Masked: 2.5048, Reg: 0.442771
Epoch [124/128], Total Loss: 9.1241, NLL: 1.8887, Masked: 2.5037, Reg: 0.442884
Epoch [125/128], Total Loss: 9.1265, NLL: 1.8901, Masked: 2.5045, Reg: 0.441791
Epoch [126/128], Total Loss: 9.1196, NLL: 1.8904, Masked: 2.5038, Reg: 0.436570
Epoch [127/128], Total Loss: 9.1457, NLL: 1.8912, Masked: 2.5066, Reg: 0.454135
Epoch [128/128], Total Loss: 9.1224, NLL: 1.8895, Masked: 2.5018, Reg: 0.445761

==================================================
EVALUATING ON TRAINING DATA
==================================================

==================================================
TEST RESULTS
==================================================
Total Loss: 8.947007
  - ZINB NLL: 1.861327
Total number of masked values: 7423092
  - Number of values with pi >= 0.36028701758617176: 0
  - Number of values with pi < 0.36028701758617176: 7423092
  - Masked Reconstruction: 2.443968
  - Regularization: 0.455416
Mean Absolute Error (MAE): 2.111442
R² Score: 0.114639
==================================================


==================================================
EVALUATING ON VALIDATION DATA
Dataset size: 16656
==================================================


==================================================
TEST RESULTS
==================================================
Total Loss: 8.827576
  - ZINB NLL: 1.872462
Total number of masked values: 3754136
  - Number of values with pi >= 0.36028701758617176: 1089
  - Number of values with pi < 0.36028701758617176: 3753047
  - Masked Reconstruction: 2.395841
  - Regularization: 0.455416
Mean Absolute Error (MAE): 2.170398
R² Score: 0.131794
==================================================


>>> Optimizing zinb_nll on VALIDATION set: 1.872462
>>> Full validation metrics: {'total_loss': 8.827575711993273, 'zinb_nll': 1.8724619632266555, 'mae': 2.170398235321045, 'r2': 0.13179361820220947, 'masked_loss': 2.3958405152063436, 'reg_loss': 0.4554164045740667}


*** Checkpoint saved at iteration 10 ***

Iteration No: 10 ended. Evaluation done at random point.
Time taken: 631.4064
Function value obtained: 1.8725
Current minimum: 0.8892
Iteration No: 11 started. Evaluating function at random point.

================================================================================
Trial with parameters:
  features: Nucl
  step_size: 0.8571257846047867
  bin_size: 18
  sample_fraction: 0.32213241331856557
  moving_average: False
  first_layer_size_factor: 42
  num_layers: 3
  use_conv: False
  conv_channel: 92
  pool_size: 6
  kernel_size: 3
  epochs: 95
  batch_size: 128
  pi_threshold: 0.39142000871891985
  learning_rate: 3.348611630346182e-05
  dropout_rate: 0.4910841716647179
  masked_recon_weight: 0.11655839673969261
  regularizer: l1
  regularization_weight: 94.14036944149231
================================================================================

len(layers): 3
Creating datasets with:
  features: ['Nucl']
  bin_size: 18
  moving_average: False
  data_point_length: 2000 (from 2000)
  step_size: 1714 (from fraction 0.8571257846047867)
  layers: [np.int64(672), np.int64(336), np.int64(168)] (first=672, num=3)
  stride: 1 (fixed), padding: same (fixed)
  Using pre-determined chromosome split


Clipping outliers using 95th percentile * 1.5...
strain_yTW001: Clipping values above 134.25 (P95=89.50). Clipped 27529/1193409 values (2.31%)
strain_FD: Clipping values above 71.92 (P95=47.94). Clipped 95791/4127807 values (2.32%)
strain_dnrp: Clipping values above 243.00 (P95=162.00). Clipped 25649/1119454 values (2.29%)
strain_yEK19: Clipping values above 77.10 (P95=51.40). Clipped 83713/3893623 values (2.15%)
strain_yEK23: Clipping values above 72.00 (P95=48.00). Clipped 86381/3558407 values (2.43%)
strain_yWT03a: Clipping values above 15.00 (P95=10.00). Clipped 10602/347679 values (3.05%)
strain_yWT04a: Clipping values above 58.50 (P95=39.00). Clipped 21095/725406 values (2.91%)
strain_ylic137: Clipping values above 142.50 (P95=95.00). Clipped 28746/1112684 values (2.58%)

Splitting data using pre-determined chromosomes...
Standardizing features: ['Nucl']
Column order in final array (Dataset/Chrom split): ['Value', 'Nucleosome_Distance', 'Value_Raw', 'Size_Factor']
Removing 0 empty data points out of 1832
Column order in final array (Dataset/Chrom split): ['Value', 'Nucleosome_Distance', 'Value_Raw', 'Size_Factor']
Removing 0 empty data points out of 648
Column order in final array (Dataset/Chrom split): ['Value', 'Nucleosome_Distance', 'Value_Raw', 'Size_Factor']
Removing 0 empty data points out of 712
Datasets created with shapes:
  Train: (1832, 2000, 4)
  Val: (648, 2000, 4)
  Test: (712, 2000, 4)
Datasets created:
  Train: (1832, 2000, 4), Val: (648, 2000, 4), Test: (712, 2000, 4)

Randomly sampled 590/1832 samples (32.2%)
Applied denoising with 15.0% masking
Applied denoising with 15.0% masking
Number of encoder layers: 3
Number of decoder layers (excluding heads): 3
Total number of layers including latent layer: 7
Epoch [1/95], Total Loss: 4701356.3237, NLL: 2.8381, Masked: 28.2749, Reg: 4701350.013916
Epoch [2/95], Total Loss: 4588845.8034, NLL: 2.8380, Masked: 28.3115, Reg: 4588839.496418
Epoch [3/95], Total Loss: 4479278.9746, NLL: 2.8379, Masked: 28.2968, Reg: 4479272.692926
Epoch [4/95], Total Loss: 4372503.3169, NLL: 2.8378, Masked: 28.3179, Reg: 4372496.971882
Epoch [5/95], Total Loss: 4268394.4797, NLL: 2.8377, Masked: 28.2968, Reg: 4268388.048554
Epoch [6/95], Total Loss: 4166907.9280, NLL: 2.8377, Masked: 28.3012, Reg: 4166901.628849
Epoch [7/95], Total Loss: 4068058.6237, NLL: 2.8376, Masked: 28.2986, Reg: 4068052.302532
Epoch [8/95], Total Loss: 3971846.5653, NLL: 2.8375, Masked: 28.2786, Reg: 3971840.274037
Epoch [9/95], Total Loss: 3878281.5754, NLL: 2.8374, Masked: 28.3080, Reg: 3878275.241619
Epoch [10/95], Total Loss: 3787342.2619, NLL: 2.8374, Masked: 28.2828, Reg: 3787335.931447
Epoch [11/95], Total Loss: 3699119.4720, NLL: 2.8373, Masked: 28.2800, Reg: 3699113.250311
Epoch [12/95], Total Loss: 3613547.0263, NLL: 2.8372, Masked: 28.3014, Reg: 3613540.611848
Epoch [13/95], Total Loss: 3530728.7915, NLL: 2.8372, Masked: 28.2869, Reg: 3530722.458018
Epoch [14/95], Total Loss: 3450607.2254, NLL: 2.8371, Masked: 28.3145, Reg: 3450600.974517
Epoch [15/95], Total Loss: 3373194.6271, NLL: 2.8371, Masked: 28.3003, Reg: 3373188.372667
Epoch [16/95], Total Loss: 3298495.9034, NLL: 2.8370, Masked: 28.2751, Reg: 3298489.623758
Epoch [17/95], Total Loss: 3226515.2525, NLL: 2.8369, Masked: 28.2928, Reg: 3226509.047128
Epoch [18/95], Total Loss: 3157282.2144, NLL: 2.8369, Masked: 28.2473, Reg: 3157275.943218
Epoch [19/95], Total Loss: 3090744.8932, NLL: 2.8368, Masked: 28.3189, Reg: 3090738.617722
Epoch [20/95], Total Loss: 3026924.2136, NLL: 2.8368, Masked: 28.2747, Reg: 3026917.940583
Epoch [21/95], Total Loss: 2965851.2839, NLL: 2.8368, Masked: 28.2947, Reg: 2965845.072113
Epoch [22/95], Total Loss: 2907490.3568, NLL: 2.8367, Masked: 28.3093, Reg: 2907484.097611
Epoch [23/95], Total Loss: 2851859.6051, NLL: 2.8367, Masked: 28.2614, Reg: 2851853.344034
Epoch [24/95], Total Loss: 2798946.6424, NLL: 2.8366, Masked: 28.3177, Reg: 2798940.356356
Epoch [25/95], Total Loss: 2748763.6432, NLL: 2.8366, Masked: 28.3104, Reg: 2748757.377687
Epoch [26/95], Total Loss: 2701313.9958, NLL: 2.8366, Masked: 28.2719, Reg: 2701307.798677
Epoch [27/95], Total Loss: 2656573.7856, NLL: 2.8365, Masked: 28.3107, Reg: 2656567.520162
Epoch [28/95], Total Loss: 2614563.4678, NLL: 2.8365, Masked: 28.3129, Reg: 2614557.180225
Epoch [29/95], Total Loss: 2575168.4102, NLL: 2.8365, Masked: 28.2954, Reg: 2575162.138784
Epoch [30/95], Total Loss: 2536504.7492, NLL: 2.8365, Masked: 28.3212, Reg: 2536498.555672
Epoch [31/95], Total Loss: 2497976.2788, NLL: 2.8365, Masked: 28.3026, Reg: 2497970.051276
Epoch [32/95], Total Loss: 2460520.6864, NLL: 2.8365, Masked: 28.2776, Reg: 2460514.485313
Epoch [33/95], Total Loss: 2423746.6534, NLL: 2.8364, Masked: 28.2171, Reg: 2423740.403628
Epoch [34/95], Total Loss: 2387508.0305, NLL: 2.8364, Masked: 28.3001, Reg: 2387501.808870
Epoch [35/95], Total Loss: 2351890.0754, NLL: 2.8364, Masked: 28.2958, Reg: 2351883.822530
Epoch [36/95], Total Loss: 2316780.4856, NLL: 2.8364, Masked: 28.3033, Reg: 2316774.298896
Epoch [37/95], Total Loss: 2282201.5788, NLL: 2.8364, Masked: 28.2990, Reg: 2282195.327048
Epoch [38/95], Total Loss: 2248117.4085, NLL: 2.8364, Masked: 28.3076, Reg: 2248111.093882
Epoch [39/95], Total Loss: 2214531.5424, NLL: 2.8363, Masked: 28.2507, Reg: 2214525.311035
Epoch [40/95], Total Loss: 2181440.4449, NLL: 2.8363, Masked: 28.2943, Reg: 2181434.321717
Epoch [41/95], Total Loss: 2148836.8153, NLL: 2.8363, Masked: 28.2852, Reg: 2148830.608537
Epoch [42/95], Total Loss: 2116727.8432, NLL: 2.8363, Masked: 28.2961, Reg: 2116721.600379
Epoch [43/95], Total Loss: 2085102.0733, NLL: 2.8363, Masked: 28.2724, Reg: 2085095.842587
Epoch [44/95], Total Loss: 2053940.7763, NLL: 2.8363, Masked: 28.2974, Reg: 2053934.541989
Epoch [45/95], Total Loss: 2023274.5640, NLL: 2.8363, Masked: 28.3133, Reg: 2023268.317890
Epoch [46/95], Total Loss: 1993080.5229, NLL: 2.8362, Masked: 28.2803, Reg: 1993074.315197
Epoch [47/95], Total Loss: 1963375.1576, NLL: 2.8362, Masked: 28.3071, Reg: 1963368.964223
Epoch [48/95], Total Loss: 1934139.0208, NLL: 2.8362, Masked: 28.3005, Reg: 1934132.758763
Epoch [49/95], Total Loss: 1905384.9572, NLL: 2.8362, Masked: 28.3164, Reg: 1905378.752815
Epoch [50/95], Total Loss: 1877119.7136, NLL: 2.8362, Masked: 28.3146, Reg: 1877113.513270
Epoch [51/95], Total Loss: 1849333.9394, NLL: 2.8362, Masked: 28.2812, Reg: 1849327.723321
Epoch [52/95], Total Loss: 1822029.6623, NLL: 2.8362, Masked: 28.3033, Reg: 1822023.442913
Epoch [53/95], Total Loss: 1795199.9301, NLL: 2.8361, Masked: 28.2741, Reg: 1795193.734303
Epoch [54/95], Total Loss: 1768840.3225, NLL: 2.8361, Masked: 28.2614, Reg: 1768834.157239
Epoch [55/95], Total Loss: 1742968.1123, NLL: 2.8361, Masked: 28.3190, Reg: 1742961.906798
Epoch [56/95], Total Loss: 1717575.1059, NLL: 2.8361, Masked: 28.2919, Reg: 1717568.911490
Epoch [57/95], Total Loss: 1692664.2042, NLL: 2.8361, Masked: 28.2281, Reg: 1692657.966730
Epoch [58/95], Total Loss: 1668221.5394, NLL: 2.8361, Masked: 28.3054, Reg: 1668215.336651
Epoch [59/95], Total Loss: 1644268.4140, NLL: 2.8361, Masked: 28.2881, Reg: 1644262.171672
Epoch [60/95], Total Loss: 1620796.8081, NLL: 2.8360, Masked: 28.3007, Reg: 1620790.589157
Epoch [61/95], Total Loss: 1597806.6123, NLL: 2.8360, Masked: 28.2714, Reg: 1597800.394020
Epoch [62/95], Total Loss: 1575294.9517, NLL: 2.8360, Masked: 28.3047, Reg: 1575288.778379
Epoch [63/95], Total Loss: 1553276.9843, NLL: 2.8360, Masked: 28.3102, Reg: 1553270.806937
Epoch [64/95], Total Loss: 1531735.8767, NLL: 2.8360, Masked: 28.3095, Reg: 1531729.679154
Epoch [65/95], Total Loss: 1510665.9275, NLL: 2.8360, Masked: 28.3078, Reg: 1510659.729405
Epoch [66/95], Total Loss: 1490078.3767, NLL: 2.8360, Masked: 28.2800, Reg: 1490072.176749
Epoch [67/95], Total Loss: 1469983.2636, NLL: 2.8359, Masked: 28.3053, Reg: 1469977.083435
Epoch [68/95], Total Loss: 1450355.7572, NLL: 2.8359, Masked: 28.3118, Reg: 1450349.585535
Epoch [69/95], Total Loss: 1431214.7403, NLL: 2.8359, Masked: 28.2529, Reg: 1431208.585917
Epoch [70/95], Total Loss: 1412557.0936, NLL: 2.8359, Masked: 28.2816, Reg: 1412550.934519
Epoch [71/95], Total Loss: 1394384.4136, NLL: 2.8359, Masked: 28.3132, Reg: 1394378.221643
Epoch [72/95], Total Loss: 1376678.2644, NLL: 2.8359, Masked: 28.2761, Reg: 1376672.070780
Epoch [73/95], Total Loss: 1359456.7076, NLL: 2.8359, Masked: 28.3161, Reg: 1359450.500364
Epoch [74/95], Total Loss: 1342723.9377, NLL: 2.8358, Masked: 28.2976, Reg: 1342717.762418
Epoch [75/95], Total Loss: 1326463.7178, NLL: 2.8358, Masked: 28.3027, Reg: 1326457.517317
Epoch [76/95], Total Loss: 1310687.1089, NLL: 2.8358, Masked: 28.3106, Reg: 1310680.913378
Epoch [77/95], Total Loss: 1295389.3589, NLL: 2.8358, Masked: 28.2974, Reg: 1295383.195277
Epoch [78/95], Total Loss: 1280572.9547, NLL: 2.8358, Masked: 28.2629, Reg: 1280566.811264
Epoch [79/95], Total Loss: 1266242.8780, NLL: 2.8358, Masked: 28.2960, Reg: 1266236.698035
Epoch [80/95], Total Loss: 1252379.9428, NLL: 2.8357, Masked: 28.2868, Reg: 1252373.749222
Epoch [81/95], Total Loss: 1239005.0081, NLL: 2.8357, Masked: 28.3159, Reg: 1238998.874657
Epoch [82/95], Total Loss: 1226111.0424, NLL: 2.8357, Masked: 28.2871, Reg: 1226104.872639
Epoch [83/95], Total Loss: 1213704.3326, NLL: 2.8357, Masked: 28.2775, Reg: 1213698.139279
Epoch [84/95], Total Loss: 1201771.2492, NLL: 2.8357, Masked: 28.2938, Reg: 1201765.079882
Epoch [85/95], Total Loss: 1190340.0097, NLL: 2.8357, Masked: 28.2914, Reg: 1190333.800060
Epoch [86/95], Total Loss: 1179376.9284, NLL: 2.8357, Masked: 28.2898, Reg: 1179370.781316
Epoch [87/95], Total Loss: 1168896.0322, NLL: 2.8356, Masked: 28.3046, Reg: 1168889.842415
Epoch [88/95], Total Loss: 1158896.2695, NLL: 2.8356, Masked: 28.2994, Reg: 1158890.086144
Epoch [89/95], Total Loss: 1149365.1322, NLL: 2.8356, Masked: 28.2811, Reg: 1149358.945910
Epoch [90/95], Total Loss: 1140320.6610, NLL: 2.8356, Masked: 28.2866, Reg: 1140314.488761
Epoch [91/95], Total Loss: 1131762.5322, NLL: 2.8356, Masked: 28.2761, Reg: 1131756.369088
Epoch [92/95], Total Loss: 1123680.6326, NLL: 2.8356, Masked: 28.3075, Reg: 1123674.488179
Epoch [93/95], Total Loss: 1116076.9975, NLL: 2.8356, Masked: 28.2791, Reg: 1116070.797215
Epoch [94/95], Total Loss: 1108938.7436, NLL: 2.8355, Masked: 28.2424, Reg: 1108932.583134
Epoch [95/95], Total Loss: 1102293.1547, NLL: 2.8355, Masked: 28.2936, Reg: 1102286.956791

==================================================
EVALUATING ON TRAINING DATA
==================================================

==================================================
TEST RESULTS
==================================================
Total Loss: 1098193.238136
  - ZINB NLL: 2.835521
Total number of masked values: 116670
  - Number of values with pi >= 0.39142000871891985: 0
  - Number of values with pi < 0.39142000871891985: 116670
  - Masked Reconstruction: 28.281307
  - Regularization: 1098187.125003
Mean Absolute Error (MAE): 25.242254
R² Score: -32.686703
==================================================


==================================================
EVALUATING ON VALIDATION DATA
Dataset size: 648
==================================================


==================================================
TEST RESULTS
==================================================
Total Loss: 1098193.186728
  - ZINB NLL: 2.886810
Total number of masked values: 130111
  - Number of values with pi >= 0.39142000871891985: 0
  - Number of values with pi < 0.39142000871891985: 130111
  - Masked Reconstruction: 27.292626
  - Regularization: 1098187.125003
Mean Absolute Error (MAE): 26.316135
R² Score: -31.150799
==================================================


>>> Optimizing zinb_nll on VALIDATION set: 2.886810
>>> Full validation metrics: {'total_loss': 1098193.186728395, 'zinb_nll': 2.886810382207235, 'mae': 26.31613540649414, 'r2': -31.150798797607422, 'masked_loss': 27.292625968838916, 'reg_loss': 1098187.125003366}

Iteration No: 11 ended. Evaluation done at random point.
Time taken: 62.8061
Function value obtained: 2.8868
Current minimum: 0.8892
Iteration No: 12 started. Evaluating function at random point.

================================================================================
Trial with parameters:
  features: Nucl
  step_size: 0.6687200902053233
  bin_size: 44
  sample_fraction: 0.3915303312560346
  moving_average: True
  first_layer_size_factor: 71
  num_layers: 4
  use_conv: False
  conv_channel: 61
  pool_size: 7
  kernel_size: 9
  epochs: 142
  batch_size: 128
  pi_threshold: 0.5675953018856914
  learning_rate: 0.000552153544352159
  dropout_rate: 0.18614138328087157
  masked_recon_weight: 5.761476168524977
  regularizer: none
  regularization_weight: 0.00097150898865914
================================================================================

len(layers): 4
Creating datasets with:
  features: ['Nucl']
  bin_size: 44
  moving_average: True
  data_point_length: 2000 (from 2000)
  step_size: 1337 (from fraction 0.6687200902053233)
  layers: [np.int64(1136), np.int64(568), np.int64(284), np.int64(142)] (first=1136, num=4)
  stride: 1 (fixed), padding: same (fixed)
  Using pre-determined chromosome split


Clipping outliers using 95th percentile * 1.5...
strain_yTW001: Clipping values above 134.25 (P95=89.50). Clipped 27529/1193409 values (2.31%)
strain_FD: Clipping values above 71.92 (P95=47.94). Clipped 95791/4127807 values (2.32%)
strain_dnrp: Clipping values above 243.00 (P95=162.00). Clipped 25649/1119454 values (2.29%)
strain_yEK19: Clipping values above 77.10 (P95=51.40). Clipped 83713/3893623 values (2.15%)
strain_yEK23: Clipping values above 72.00 (P95=48.00). Clipped 86381/3558407 values (2.43%)
strain_yWT03a: Clipping values above 15.00 (P95=10.00). Clipped 10602/347679 values (3.05%)
strain_yWT04a: Clipping values above 58.50 (P95=39.00). Clipped 21095/725406 values (2.91%)
strain_ylic137: Clipping values above 142.50 (P95=95.00). Clipped 28746/1112684 values (2.58%)

Splitting data using pre-determined chromosomes...
Standardizing features: ['Nucl']
Column order in final array (Dataset/Chrom split): ['Value', 'Nucleosome_Distance', 'Value_Raw', 'Size_Factor']
Removing 0 empty data points out of 41496
Column order in final array (Dataset/Chrom split): ['Value', 'Nucleosome_Distance', 'Value_Raw', 'Size_Factor']
Removing 0 empty data points out of 14592
Column order in final array (Dataset/Chrom split): ['Value', 'Nucleosome_Distance', 'Value_Raw', 'Size_Factor']
Removing 0 empty data points out of 16136
Datasets created with shapes:
  Train: (41496, 2000, 4)
  Val: (14592, 2000, 4)
  Test: (16136, 2000, 4)
Datasets created:
  Train: (41496, 2000, 4), Val: (14592, 2000, 4), Test: (16136, 2000, 4)

Randomly sampled 16246/41496 samples (39.2%)
Applied denoising with 15.0% masking
Applied denoising with 15.0% masking
Number of encoder layers: 4
Number of decoder layers (excluding heads): 4
Total number of layers including latent layer: 9
Epoch [1/142], Total Loss: 25.4341, NLL: 2.2766, Masked: 4.0194
Epoch [2/142], Total Loss: 16.0734, NLL: 2.2267, Masked: 2.4033
Epoch [3/142], Total Loss: 16.0725, NLL: 2.2273, Masked: 2.4031
Epoch [4/142], Total Loss: 16.0742, NLL: 2.2280, Masked: 2.4033
Epoch [5/142], Total Loss: 16.0756, NLL: 2.2296, Masked: 2.4032
Epoch [6/142], Total Loss: 16.0777, NLL: 2.2305, Masked: 2.4034
Epoch [7/142], Total Loss: 16.0806, NLL: 2.2305, Masked: 2.4039
Epoch [8/142], Total Loss: 16.0770, NLL: 2.2305, Masked: 2.4033
Epoch [9/142], Total Loss: 16.0777, NLL: 2.2305, Masked: 2.4034
Epoch [10/142], Total Loss: 16.0798, NLL: 2.2305, Masked: 2.4038
Epoch [11/142], Total Loss: 16.0764, NLL: 2.2309, Masked: 2.4031
Epoch [12/142], Total Loss: 16.0753, NLL: 2.2312, Masked: 2.4029
Epoch [13/142], Total Loss: 16.0792, NLL: 2.2312, Masked: 2.4035
Epoch [14/142], Total Loss: 16.0808, NLL: 2.2312, Masked: 2.4038
Epoch [15/142], Total Loss: 16.0815, NLL: 2.2312, Masked: 2.4040
Epoch [16/142], Total Loss: 16.0785, NLL: 2.2312, Masked: 2.4034
Epoch [17/142], Total Loss: 16.0766, NLL: 2.2312, Masked: 2.4031
Epoch [18/142], Total Loss: 16.0817, NLL: 2.2312, Masked: 2.4040
Epoch [19/142], Total Loss: 16.0761, NLL: 2.2312, Masked: 2.4030
Epoch [20/142], Total Loss: 16.0765, NLL: 2.2312, Masked: 2.4031
Epoch [21/142], Total Loss: 16.0805, NLL: 2.2312, Masked: 2.4038
Epoch [22/142], Total Loss: 16.0778, NLL: 2.2312, Masked: 2.4033
Epoch [23/142], Total Loss: 16.0765, NLL: 2.2312, Masked: 2.4031
Epoch [24/142], Total Loss: 16.0772, NLL: 2.2312, Masked: 2.4032
Epoch [25/142], Total Loss: 16.0810, NLL: 2.2312, Masked: 2.4039
Epoch [26/142], Total Loss: 16.0777, NLL: 2.2312, Masked: 2.4033
Epoch [27/142], Total Loss: 16.0811, NLL: 2.2312, Masked: 2.4039
Epoch [28/142], Total Loss: 16.0791, NLL: 2.2312, Masked: 2.4035
Epoch [29/142], Total Loss: 16.0771, NLL: 2.2312, Masked: 2.4032
Epoch [30/142], Total Loss: 16.0815, NLL: 2.2312, Masked: 2.4040
Epoch [31/142], Total Loss: 16.0803, NLL: 2.2312, Masked: 2.4037
Epoch [32/142], Total Loss: 16.0768, NLL: 2.2312, Masked: 2.4031
Epoch [33/142], Total Loss: 16.0823, NLL: 2.2312, Masked: 2.4041
Epoch [34/142], Total Loss: 16.0788, NLL: 2.2312, Masked: 2.4035
Epoch [35/142], Total Loss: 16.0796, NLL: 2.2312, Masked: 2.4036
Epoch [36/142], Total Loss: 16.0798, NLL: 2.2312, Masked: 2.4037
Epoch [37/142], Total Loss: 16.0813, NLL: 2.2312, Masked: 2.4039
Epoch [38/142], Total Loss: 16.0765, NLL: 2.2312, Masked: 2.4031
Epoch [39/142], Total Loss: 16.0783, NLL: 2.2312, Masked: 2.4034
Epoch [40/142], Total Loss: 16.0794, NLL: 2.2312, Masked: 2.4036
Epoch [41/142], Total Loss: 16.0778, NLL: 2.2312, Masked: 2.4033
Epoch [42/142], Total Loss: 16.0787, NLL: 2.2312, Masked: 2.4035
Epoch [43/142], Total Loss: 16.0807, NLL: 2.2312, Masked: 2.4038
Epoch [44/142], Total Loss: 16.0789, NLL: 2.2312, Masked: 2.4035
Epoch [45/142], Total Loss: 16.0779, NLL: 2.2312, Masked: 2.4033
Epoch [46/142], Total Loss: 16.0736, NLL: 2.2312, Masked: 2.4026
Epoch [47/142], Total Loss: 16.0760, NLL: 2.2312, Masked: 2.4030
Epoch [48/142], Total Loss: 16.0789, NLL: 2.2312, Masked: 2.4035
Epoch [49/142], Total Loss: 16.0787, NLL: 2.2312, Masked: 2.4035
Epoch [50/142], Total Loss: 16.0807, NLL: 2.2312, Masked: 2.4038
Epoch [51/142], Total Loss: 16.0766, NLL: 2.2312, Masked: 2.4031
Epoch [52/142], Total Loss: 16.0798, NLL: 2.2312, Masked: 2.4037
Epoch [53/142], Total Loss: 16.0772, NLL: 2.2312, Masked: 2.4032
Epoch [54/142], Total Loss: 16.0784, NLL: 2.2312, Masked: 2.4034
Epoch [55/142], Total Loss: 16.0781, NLL: 2.2312, Masked: 2.4034
Epoch [56/142], Total Loss: 16.0764, NLL: 2.2312, Masked: 2.4031
Epoch [57/142], Total Loss: 16.0781, NLL: 2.2312, Masked: 2.4034
Epoch [58/142], Total Loss: 16.0781, NLL: 2.2312, Masked: 2.4034
Epoch [59/142], Total Loss: 16.0789, NLL: 2.2312, Masked: 2.4035
Epoch [60/142], Total Loss: 16.0800, NLL: 2.2312, Masked: 2.4037
Epoch [61/142], Total Loss: 16.0768, NLL: 2.2312, Masked: 2.4031
Epoch [62/142], Total Loss: 16.0782, NLL: 2.2312, Masked: 2.4034
Epoch [63/142], Total Loss: 16.0779, NLL: 2.2312, Masked: 2.4033
Epoch [64/142], Total Loss: 16.0802, NLL: 2.2312, Masked: 2.4037
Epoch [65/142], Total Loss: 16.0796, NLL: 2.2312, Masked: 2.4036
Epoch [66/142], Total Loss: 16.0798, NLL: 2.2312, Masked: 2.4037
Epoch [67/142], Total Loss: 16.0833, NLL: 2.2312, Masked: 2.4043
Epoch [68/142], Total Loss: 16.0810, NLL: 2.2312, Masked: 2.4039
Epoch [69/142], Total Loss: 16.0782, NLL: 2.2312, Masked: 2.4034
Epoch [70/142], Total Loss: 16.0815, NLL: 2.2312, Masked: 2.4039
Epoch [71/142], Total Loss: 16.0791, NLL: 2.2312, Masked: 2.4035
Epoch [72/142], Total Loss: 16.0757, NLL: 2.2312, Masked: 2.4029
Epoch [73/142], Total Loss: 16.0753, NLL: 2.2312, Masked: 2.4029
Epoch [74/142], Total Loss: 16.0790, NLL: 2.2312, Masked: 2.4035
Epoch [75/142], Total Loss: 16.0792, NLL: 2.2312, Masked: 2.4036
Epoch [76/142], Total Loss: 16.0798, NLL: 2.2312, Masked: 2.4037
Epoch [77/142], Total Loss: 16.0786, NLL: 2.2312, Masked: 2.4034
Epoch [78/142], Total Loss: 16.0807, NLL: 2.2312, Masked: 2.4038
Epoch [79/142], Total Loss: 16.0734, NLL: 2.2312, Masked: 2.4025
Epoch [80/142], Total Loss: 16.0797, NLL: 2.2312, Masked: 2.4036
Epoch [81/142], Total Loss: 16.0812, NLL: 2.2312, Masked: 2.4039
Epoch [82/142], Total Loss: 16.0813, NLL: 2.2312, Masked: 2.4039
Epoch [83/142], Total Loss: 16.0774, NLL: 2.2312, Masked: 2.4032
Epoch [84/142], Total Loss: 16.0785, NLL: 2.2312, Masked: 2.4034
Epoch [85/142], Total Loss: 16.0769, NLL: 2.2312, Masked: 2.4031
Epoch [86/142], Total Loss: 16.0790, NLL: 2.2312, Masked: 2.4035
Epoch [87/142], Total Loss: 16.0789, NLL: 2.2312, Masked: 2.4035
Epoch [88/142], Total Loss: 16.0742, NLL: 2.2312, Masked: 2.4027
Epoch [89/142], Total Loss: 16.0802, NLL: 2.2312, Masked: 2.4037
Epoch [90/142], Total Loss: 16.0765, NLL: 2.2312, Masked: 2.4031
Epoch [91/142], Total Loss: 16.0806, NLL: 2.2312, Masked: 2.4038
Epoch [92/142], Total Loss: 16.0793, NLL: 2.2312, Masked: 2.4036
Epoch [93/142], Total Loss: 16.0771, NLL: 2.2312, Masked: 2.4032
Epoch [94/142], Total Loss: 16.0778, NLL: 2.2312, Masked: 2.4033
Epoch [95/142], Total Loss: 16.0822, NLL: 2.2312, Masked: 2.4041
Epoch [96/142], Total Loss: 16.0780, NLL: 2.2312, Masked: 2.4033
Epoch [97/142], Total Loss: 16.0784, NLL: 2.2312, Masked: 2.4034
Epoch [98/142], Total Loss: 16.0743, NLL: 2.2312, Masked: 2.4027
Epoch [99/142], Total Loss: 16.0790, NLL: 2.2312, Masked: 2.4035
Epoch [100/142], Total Loss: 16.0802, NLL: 2.2312, Masked: 2.4037
Epoch [101/142], Total Loss: 16.0798, NLL: 2.2312, Masked: 2.4036
Epoch [102/142], Total Loss: 16.0819, NLL: 2.2312, Masked: 2.4040
Epoch [103/142], Total Loss: 16.0754, NLL: 2.2312, Masked: 2.4029
Epoch [104/142], Total Loss: 16.0771, NLL: 2.2312, Masked: 2.4032
Epoch [105/142], Total Loss: 16.0807, NLL: 2.2312, Masked: 2.4038
Epoch [106/142], Total Loss: 16.0801, NLL: 2.2312, Masked: 2.4037
Epoch [107/142], Total Loss: 16.0801, NLL: 2.2312, Masked: 2.4037
Epoch [108/142], Total Loss: 16.0828, NLL: 2.2312, Masked: 2.4042
Epoch [109/142], Total Loss: 16.0784, NLL: 2.2312, Masked: 2.4034
Epoch [110/142], Total Loss: 16.0802, NLL: 2.2312, Masked: 2.4037
Epoch [111/142], Total Loss: 16.0766, NLL: 2.2312, Masked: 2.4031
Epoch [112/142], Total Loss: 16.0809, NLL: 2.2312, Masked: 2.4038
Epoch [113/142], Total Loss: 16.0778, NLL: 2.2312, Masked: 2.4033
Epoch [114/142], Total Loss: 16.0794, NLL: 2.2312, Masked: 2.4036
Epoch [115/142], Total Loss: 16.0815, NLL: 2.2312, Masked: 2.4039
Epoch [116/142], Total Loss: 16.0809, NLL: 2.2312, Masked: 2.4038
Epoch [117/142], Total Loss: 16.0781, NLL: 2.2312, Masked: 2.4034
Epoch [118/142], Total Loss: 16.0771, NLL: 2.2312, Masked: 2.4032
Epoch [119/142], Total Loss: 16.0800, NLL: 2.2312, Masked: 2.4037
Epoch [120/142], Total Loss: 16.0779, NLL: 2.2312, Masked: 2.4033
Epoch [121/142], Total Loss: 16.0777, NLL: 2.2312, Masked: 2.4033
Epoch [122/142], Total Loss: 16.0790, NLL: 2.2312, Masked: 2.4035
Epoch [123/142], Total Loss: 16.0786, NLL: 2.2312, Masked: 2.4034
Epoch [124/142], Total Loss: 16.0782, NLL: 2.2312, Masked: 2.4034
Epoch [125/142], Total Loss: 16.0771, NLL: 2.2312, Masked: 2.4032
Epoch [126/142], Total Loss: 16.0820, NLL: 2.2312, Masked: 2.4040
Epoch [127/142], Total Loss: 16.0817, NLL: 2.2312, Masked: 2.4040
Epoch [128/142], Total Loss: 16.0758, NLL: 2.2312, Masked: 2.4030
Epoch [129/142], Total Loss: 16.0781, NLL: 2.2312, Masked: 2.4034
Epoch [130/142], Total Loss: 16.0789, NLL: 2.2319, Masked: 2.4034
Epoch [131/142], Total Loss: 16.0773, NLL: 2.2321, Masked: 2.4031
Epoch [132/142], Total Loss: 16.0801, NLL: 2.2321, Masked: 2.4036
Epoch [133/142], Total Loss: 16.0799, NLL: 2.2321, Masked: 2.4035
Epoch [134/142], Total Loss: 16.0806, NLL: 2.2321, Masked: 2.4036
Epoch [135/142], Total Loss: 16.0806, NLL: 2.2321, Masked: 2.4036
Epoch [136/142], Total Loss: 16.0797, NLL: 2.2321, Masked: 2.4035
Epoch [137/142], Total Loss: 16.0786, NLL: 2.2321, Masked: 2.4033
Epoch [138/142], Total Loss: 16.0772, NLL: 2.2321, Masked: 2.4031
Epoch [139/142], Total Loss: 16.0791, NLL: 2.2321, Masked: 2.4034
Epoch [140/142], Total Loss: 16.0799, NLL: 2.2321, Masked: 2.4035
Epoch [141/142], Total Loss: 16.0804, NLL: 2.2321, Masked: 2.4036
Epoch [142/142], Total Loss: 16.0828, NLL: 2.2321, Masked: 2.4040

==================================================
EVALUATING ON TRAINING DATA
==================================================

==================================================
TEST RESULTS
==================================================
Total Loss: 16.079834
  - ZINB NLL: 2.232063
Total number of masked values: 4019637
  - Number of values with pi >= 0.5675953018856914: 0
  - Number of values with pi < 0.5675953018856914: 4019637
  - Masked Reconstruction: 2.403511
Mean Absolute Error (MAE): 2.160294
R² Score: -0.074891
==================================================


==================================================
EVALUATING ON VALIDATION DATA
Dataset size: 14592
==================================================


==================================================
TEST RESULTS
==================================================
Total Loss: 15.868378
  - ZINB NLL: 2.273697
Total number of masked values: 3613420
  - Number of values with pi >= 0.5675953018856914: 0
  - Number of values with pi < 0.5675953018856914: 3613420
  - Masked Reconstruction: 2.359583
Mean Absolute Error (MAE): 2.218381
R² Score: -0.064087
==================================================


>>> Optimizing zinb_nll on VALIDATION set: 2.273697
>>> Full validation metrics: {'total_loss': 15.868378204211854, 'zinb_nll': 2.2736973678856565, 'mae': 2.21838116645813, 'r2': -0.0640871524810791, 'masked_loss': 2.359582983610923}

Iteration No: 12 ended. Evaluation done at random point.
Time taken: 566.0474
Function value obtained: 2.2737
Current minimum: 0.8892
Iteration No: 13 started. Evaluating function at random point.

================================================================================
Trial with parameters:
  features: Centr_Nucl
  step_size: 0.6142103151896701
  bin_size: 23
  sample_fraction: 0.9958430969581157
  moving_average: True
  first_layer_size_factor: 6
  num_layers: 2
  use_conv: True
  conv_channel: 57
  pool_size: 6
  kernel_size: 7
  epochs: 67
  batch_size: 64
  pi_threshold: 0.503525630735504
  learning_rate: 0.0008109570516646228
  dropout_rate: 0.1252309093027921
  masked_recon_weight: 0.22881441989554124
  regularizer: none
  regularization_weight: 0.025538481491946197
================================================================================

len(layers): 2
Creating datasets with:
  features: ['Centr', 'Nucl']
  bin_size: 23
  moving_average: True
  data_point_length: 2000 (from 2000)
  step_size: 1228 (from fraction 0.6142103151896701)
  layers: [np.int64(96), np.int64(48)] (first=96, num=2)
  stride: 1 (fixed), padding: same (fixed)
  Using pre-determined chromosome split


Clipping outliers using 95th percentile * 1.5...
strain_yTW001: Clipping values above 134.25 (P95=89.50). Clipped 27529/1193409 values (2.31%)
strain_FD: Clipping values above 71.92 (P95=47.94). Clipped 95791/4127807 values (2.32%)
strain_dnrp: Clipping values above 243.00 (P95=162.00). Clipped 25649/1119454 values (2.29%)
strain_yEK19: Clipping values above 77.10 (P95=51.40). Clipped 83713/3893623 values (2.15%)
strain_yEK23: Clipping values above 72.00 (P95=48.00). Clipped 86381/3558407 values (2.43%)
strain_yWT03a: Clipping values above 15.00 (P95=10.00). Clipped 10602/347679 values (3.05%)
strain_yWT04a: Clipping values above 58.50 (P95=39.00). Clipped 21095/725406 values (2.91%)
strain_ylic137: Clipping values above 142.50 (P95=95.00). Clipped 28746/1112684 values (2.58%)

Splitting data using pre-determined chromosomes...
Standardizing features: ['Centr', 'Nucl']
Column order in final array (Dataset/Chrom split): ['Value', 'Nucleosome_Distance', 'Centromere_Distance', 'Value_Raw', 'Size_Factor']
Removing 0 empty data points out of 45168
Column order in final array (Dataset/Chrom split): ['Value', 'Nucleosome_Distance', 'Centromere_Distance', 'Value_Raw', 'Size_Factor']
Removing 0 empty data points out of 15888
Column order in final array (Dataset/Chrom split): ['Value', 'Nucleosome_Distance', 'Centromere_Distance', 'Value_Raw', 'Size_Factor']
Removing 0 empty data points out of 17576
Datasets created with shapes:
  Train: (45168, 2000, 5)
  Val: (15888, 2000, 5)
  Test: (17576, 2000, 5)
Datasets created:
  Train: (45168, 2000, 5), Val: (15888, 2000, 5), Test: (17576, 2000, 5)

Randomly sampled 44980/45168 samples (99.6%)
Applied denoising with 15.0% masking
Applied denoising with 15.0% masking
Number of encoder layers: 2
Number of decoder layers (excluding heads): 2
Total number of layers including latent layer: 5
Epoch [1/67], Total Loss: 2.6392, NLL: 1.9361, Masked: 3.0727
Epoch [2/67], Total Loss: 2.3435, NLL: 1.7474, Masked: 2.6047
Epoch [3/67], Total Loss: 2.2425, NLL: 1.6789, Masked: 2.4632
Epoch [4/67], Total Loss: 2.2135, NLL: 1.6620, Masked: 2.4104
Epoch [5/67], Total Loss: 2.1910, NLL: 1.6486, Masked: 2.3703
Epoch [6/67], Total Loss: 2.1787, NLL: 1.6419, Masked: 2.3463
Epoch [7/67], Total Loss: 2.1708, NLL: 1.6378, Masked: 2.3294
Epoch [8/67], Total Loss: 2.1650, NLL: 1.6352, Masked: 2.3154
Epoch [9/67], Total Loss: 2.1607, NLL: 1.6333, Masked: 2.3046
Epoch [10/67], Total Loss: 2.1550, NLL: 1.6313, Masked: 2.2889
Epoch [11/67], Total Loss: 2.1497, NLL: 1.6292, Masked: 2.2747
Epoch [12/67], Total Loss: 2.1460, NLL: 1.6276, Masked: 2.2655
Epoch [13/67], Total Loss: 2.1446, NLL: 1.6275, Masked: 2.2600
Epoch [14/67], Total Loss: 2.1421, NLL: 1.6264, Masked: 2.2541
Epoch [15/67], Total Loss: 2.1385, NLL: 1.6250, Masked: 2.2439
Epoch [16/67], Total Loss: 2.1359, NLL: 1.6242, Masked: 2.2365
Epoch [17/67], Total Loss: 2.1336, NLL: 1.6233, Masked: 2.2305
Epoch [18/67], Total Loss: 2.1315, NLL: 1.6222, Masked: 2.2256
Epoch [19/67], Total Loss: 2.1301, NLL: 1.6219, Masked: 2.2209
Epoch [20/67], Total Loss: 2.1281, NLL: 1.6210, Masked: 2.2160
Epoch [21/67], Total Loss: 2.1261, NLL: 1.6202, Masked: 2.2110
Epoch [22/67], Total Loss: 2.1238, NLL: 1.6194, Masked: 2.2041
Epoch [23/67], Total Loss: 2.1221, NLL: 1.6187, Masked: 2.2001
Epoch [24/67], Total Loss: 2.1209, NLL: 1.6183, Masked: 2.1966
Epoch [25/67], Total Loss: 2.1193, NLL: 1.6177, Masked: 2.1924
Epoch [26/67], Total Loss: 2.1180, NLL: 1.6174, Masked: 2.1880
Epoch [27/67], Total Loss: 2.1160, NLL: 1.6165, Masked: 2.1833
Epoch [28/67], Total Loss: 2.1155, NLL: 1.6164, Masked: 2.1812
Epoch [29/67], Total Loss: 2.1141, NLL: 1.6159, Masked: 2.1775
Epoch [30/67], Total Loss: 2.1131, NLL: 1.6155, Masked: 2.1746
Epoch [31/67], Total Loss: 2.1123, NLL: 1.6151, Masked: 2.1730
Epoch [32/67], Total Loss: 2.1115, NLL: 1.6149, Masked: 2.1703
Epoch [33/67], Total Loss: 2.1100, NLL: 1.6142, Masked: 2.1667
Epoch [34/67], Total Loss: 2.1087, NLL: 1.6140, Masked: 2.1620
Epoch [35/67], Total Loss: 2.1085, NLL: 1.6137, Masked: 2.1624
Epoch [36/67], Total Loss: 2.1073, NLL: 1.6132, Masked: 2.1593
Epoch [37/67], Total Loss: 2.1076, NLL: 1.6139, Masked: 2.1577
Epoch [38/67], Total Loss: 2.1061, NLL: 1.6129, Masked: 2.1554
Epoch [39/67], Total Loss: 2.1051, NLL: 1.6126, Masked: 2.1525
Epoch [40/67], Total Loss: 2.1042, NLL: 1.6121, Masked: 2.1506
Epoch [41/67], Total Loss: 2.1038, NLL: 1.6121, Masked: 2.1489
Epoch [42/67], Total Loss: 2.1034, NLL: 1.6117, Masked: 2.1489
Epoch [43/67], Total Loss: 2.1032, NLL: 1.6119, Masked: 2.1469
Epoch [44/67], Total Loss: 2.1009, NLL: 1.6108, Masked: 2.1421
Epoch [45/67], Total Loss: 2.0999, NLL: 1.6103, Masked: 2.1398
Epoch [46/67], Total Loss: 2.1005, NLL: 1.6107, Masked: 2.1406
Epoch [47/67], Total Loss: 2.0994, NLL: 1.6101, Masked: 2.1387
Epoch [48/67], Total Loss: 2.0985, NLL: 1.6096, Masked: 2.1368
Epoch [49/67], Total Loss: 2.0967, NLL: 1.6091, Masked: 2.1310
Epoch [50/67], Total Loss: 2.0973, NLL: 1.6093, Masked: 2.1329
Epoch [51/67], Total Loss: 2.0966, NLL: 1.6090, Masked: 2.1310
Epoch [52/67], Total Loss: 2.0955, NLL: 1.6084, Masked: 2.1289
Epoch [53/67], Total Loss: 2.0951, NLL: 1.6082, Masked: 2.1278
Epoch [54/67], Total Loss: 2.0950, NLL: 1.6082, Masked: 2.1272
Epoch [55/67], Total Loss: 2.0947, NLL: 1.6080, Masked: 2.1272
Epoch [56/67], Total Loss: 2.0931, NLL: 1.6073, Masked: 2.1230
Epoch [57/67], Total Loss: 2.0934, NLL: 1.6076, Masked: 2.1232
Epoch [58/67], Total Loss: 2.0925, NLL: 1.6071, Masked: 2.1213
Epoch [59/67], Total Loss: 2.0920, NLL: 1.6068, Masked: 2.1208
Epoch [60/67], Total Loss: 2.0917, NLL: 1.6067, Masked: 2.1197
Epoch [61/67], Total Loss: 2.0918, NLL: 1.6067, Masked: 2.1201
Epoch [62/67], Total Loss: 2.0904, NLL: 1.6060, Masked: 2.1171
Epoch [63/67], Total Loss: 2.0908, NLL: 1.6062, Masked: 2.1178
Epoch [64/67], Total Loss: 2.0904, NLL: 1.6060, Masked: 2.1170
Epoch [65/67], Total Loss: 2.0897, NLL: 1.6059, Masked: 2.1143
Epoch [66/67], Total Loss: 2.0897, NLL: 1.6057, Masked: 2.1152
Epoch [67/67], Total Loss: 2.0888, NLL: 1.6053, Masked: 2.1133

==================================================
EVALUATING ON TRAINING DATA
==================================================

==================================================
TEST RESULTS
==================================================
Total Loss: 2.043430
  - ZINB NLL: 1.582637
Total number of masked values: 9665265
  - Number of values with pi >= 0.503525630735504: 0
  - Number of values with pi < 0.503525630735504: 9665265
  - Masked Reconstruction: 2.013827
Mean Absolute Error (MAE): 1.812172
R² Score: 0.575841
==================================================


==================================================
EVALUATING ON VALIDATION DATA
Dataset size: 15888
==================================================


==================================================
TEST RESULTS
==================================================
Total Loss: 2.070270
  - ZINB NLL: 1.597849
Total number of masked values: 3412154
  - Number of values with pi >= 0.503525630735504: 0
  - Number of values with pi < 0.503525630735504: 3412154
  - Masked Reconstruction: 2.064646
Mean Absolute Error (MAE): 1.895377
R² Score: 0.485543
==================================================


>>> Optimizing zinb_nll on VALIDATION set: 1.597849
>>> Full validation metrics: {'total_loss': 2.0702701371241914, 'zinb_nll': 1.597849463768236, 'mae': 1.8953769207000732, 'r2': 0.48554348945617676, 'masked_loss': 2.0646455251918456}

Iteration No: 13 ended. Evaluation done at random point.
Time taken: 648.0507
Function value obtained: 1.5978
Current minimum: 0.8892
Iteration No: 14 started. Evaluating function at random point.

================================================================================
Trial with parameters:
  features: Nucl
  step_size: 0.5757957741328216
  bin_size: 18
  sample_fraction: 0.7338275215229237
  moving_average: False
  first_layer_size_factor: 87
  num_layers: 2
  use_conv: True
  conv_channel: 80
  pool_size: 7
  kernel_size: 3
  epochs: 149
  batch_size: 64
  pi_threshold: 0.41182413671870344
  learning_rate: 0.004471796861411282
  dropout_rate: 0.373859386948707
  masked_recon_weight: 6.49063800056711
  regularizer: l1
  regularization_weight: 0.07402096929877426
================================================================================

len(layers): 2
Creating datasets with:
  features: ['Nucl']
  bin_size: 18
  moving_average: False
  data_point_length: 2000 (from 2000)
  step_size: 1151 (from fraction 0.5757957741328216)
  layers: [np.int64(1392), np.int64(696)] (first=1392, num=2)
  stride: 1 (fixed), padding: same (fixed)
  Using pre-determined chromosome split


Clipping outliers using 95th percentile * 1.5...
strain_yTW001: Clipping values above 134.25 (P95=89.50). Clipped 27529/1193409 values (2.31%)
strain_FD: Clipping values above 71.92 (P95=47.94). Clipped 95791/4127807 values (2.32%)
strain_dnrp: Clipping values above 243.00 (P95=162.00). Clipped 25649/1119454 values (2.29%)
strain_yEK19: Clipping values above 77.10 (P95=51.40). Clipped 83713/3893623 values (2.15%)
strain_yEK23: Clipping values above 72.00 (P95=48.00). Clipped 86381/3558407 values (2.43%)
strain_yWT03a: Clipping values above 15.00 (P95=10.00). Clipped 10602/347679 values (3.05%)
strain_yWT04a: Clipping values above 58.50 (P95=39.00). Clipped 21095/725406 values (2.91%)
strain_ylic137: Clipping values above 142.50 (P95=95.00). Clipped 28746/1112684 values (2.58%)

Splitting data using pre-determined chromosomes...
Standardizing features: ['Nucl']
Column order in final array (Dataset/Chrom split): ['Value', 'Nucleosome_Distance', 'Value_Raw', 'Size_Factor']
Removing 0 empty data points out of 2664
Column order in final array (Dataset/Chrom split): ['Value', 'Nucleosome_Distance', 'Value_Raw', 'Size_Factor']
Removing 0 empty data points out of 936
Column order in final array (Dataset/Chrom split): ['Value', 'Nucleosome_Distance', 'Value_Raw', 'Size_Factor']
Removing 0 empty data points out of 1040
Datasets created with shapes:
  Train: (2664, 2000, 4)
  Val: (936, 2000, 4)
  Test: (1040, 2000, 4)
Datasets created:
  Train: (2664, 2000, 4), Val: (936, 2000, 4), Test: (1040, 2000, 4)

Randomly sampled 1954/2664 samples (73.4%)
Applied denoising with 15.0% masking
Applied denoising with 15.0% masking
Number of encoder layers: 2
Number of decoder layers (excluding heads): 2
Total number of layers including latent layer: 5
Epoch [1/149], Total Loss: 4657.4624, NLL: 2.8528, Masked: 28.2981, Reg: 4470.937033
Epoch [2/149], Total Loss: 2450.8226, NLL: 2.8059, Masked: 26.4871, Reg: 2276.098423
Epoch [3/149], Total Loss: 2317.9429, NLL: 2.7681, Masked: 25.0461, Reg: 2152.609504
Epoch [4/149], Total Loss: 2280.2661, NLL: 2.7396, Masked: 24.0574, Reg: 2121.378767
Epoch [5/149], Total Loss: 2274.7694, NLL: 2.7175, Masked: 23.2756, Reg: 2120.978686
Epoch [6/149], Total Loss: 2243.8260, NLL: 2.7032, Masked: 22.7413, Reg: 2093.517509
Epoch [7/149], Total Loss: 2218.8998, NLL: 2.6920, Masked: 22.2775, Reg: 2071.612593
Epoch [8/149], Total Loss: 2205.1588, NLL: 2.6870, Masked: 21.9784, Reg: 2059.817988
Epoch [9/149], Total Loss: 2183.0901, NLL: 2.6886, Masked: 21.8022, Reg: 2038.891408
Epoch [10/149], Total Loss: 2171.5004, NLL: 2.6925, Masked: 21.6221, Reg: 2028.466800
Epoch [11/149], Total Loss: 2136.2892, NLL: 2.7009, Masked: 21.4608, Reg: 1994.293859
Epoch [12/149], Total Loss: 2104.8054, NLL: 2.7148, Masked: 19.2797, Reg: 1976.953365
Epoch [13/149], Total Loss: 1966.8524, NLL: 2.7861, Masked: 3.2574, Reg: 1942.923731
Epoch [14/149], Total Loss: 1912.5932, NLL: 2.9045, Masked: 3.2565, Reg: 1888.552041
Epoch [15/149], Total Loss: 1900.3315, NLL: 2.9395, Masked: 3.2587, Reg: 1876.241143
Epoch [16/149], Total Loss: 1898.3664, NLL: 2.9414, Masked: 3.2570, Reg: 1874.284875
Epoch [17/149], Total Loss: 1907.6783, NLL: 2.9415, Masked: 3.2592, Reg: 1883.582751
Epoch [18/149], Total Loss: 1894.5409, NLL: 2.9414, Masked: 3.2597, Reg: 1870.442337
Epoch [19/149], Total Loss: 1892.6740, NLL: 2.9414, Masked: 3.2580, Reg: 1868.586352
Epoch [20/149], Total Loss: 1899.6427, NLL: 2.9414, Masked: 3.2567, Reg: 1875.563055
Epoch [21/149], Total Loss: 1891.8944, NLL: 2.9414, Masked: 3.2585, Reg: 1867.803243
Epoch [22/149], Total Loss: 1895.6322, NLL: 2.9415, Masked: 3.2545, Reg: 1871.567096
Epoch [23/149], Total Loss: 1901.4832, NLL: 2.9415, Masked: 3.2586, Reg: 1877.391308
Epoch [24/149], Total Loss: 1906.4245, NLL: 2.9415, Masked: 3.2573, Reg: 1882.340986
Epoch [25/149], Total Loss: 1888.4573, NLL: 2.9415, Masked: 3.2593, Reg: 1864.360851
Epoch [26/149], Total Loss: 1892.5048, NLL: 2.9415, Masked: 3.2562, Reg: 1868.428465
Epoch [27/149], Total Loss: 1901.1086, NLL: 2.9415, Masked: 3.2565, Reg: 1877.030214
Epoch [28/149], Total Loss: 1894.6262, NLL: 2.9415, Masked: 3.2590, Reg: 1870.531536
Epoch [29/149], Total Loss: 1896.4441, NLL: 2.9415, Masked: 3.2581, Reg: 1872.355817
Epoch [30/149], Total Loss: 1895.8864, NLL: 2.9414, Masked: 3.2571, Reg: 1871.804513
Epoch [31/149], Total Loss: 1903.7812, NLL: 2.9414, Masked: 3.2529, Reg: 1879.726527
Epoch [32/149], Total Loss: 1896.5716, NLL: 2.9414, Masked: 3.2556, Reg: 1872.499043
Epoch [33/149], Total Loss: 1886.1216, NLL: 2.9415, Masked: 3.2558, Reg: 1862.047913
Epoch [34/149], Total Loss: 1908.3159, NLL: 2.9415, Masked: 3.2549, Reg: 1884.247889
Epoch [35/149], Total Loss: 1899.8027, NLL: 2.9415, Masked: 3.2525, Reg: 1875.750250
Epoch [36/149], Total Loss: 1891.0800, NLL: 2.9415, Masked: 3.2560, Reg: 1867.005071
Epoch [37/149], Total Loss: 1896.3656, NLL: 2.9415, Masked: 3.2574, Reg: 1872.281231
Epoch [38/149], Total Loss: 1898.0887, NLL: 2.9415, Masked: 3.2589, Reg: 1873.994836
Epoch [39/149], Total Loss: 1901.4428, NLL: 2.9415, Masked: 3.2589, Reg: 1877.348729
Epoch [40/149], Total Loss: 1889.0583, NLL: 2.9415, Masked: 3.2571, Reg: 1864.976390
Epoch [41/149], Total Loss: 1904.0944, NLL: 2.9414, Masked: 3.2583, Reg: 1880.004276
Epoch [42/149], Total Loss: 1900.0461, NLL: 2.9414, Masked: 3.2580, Reg: 1875.958108
Epoch [43/149], Total Loss: 1892.8605, NLL: 2.9414, Masked: 3.2576, Reg: 1868.775156
Epoch [44/149], Total Loss: 1891.0035, NLL: 2.9414, Masked: 3.2551, Reg: 1866.934466
Epoch [45/149], Total Loss: 1897.6620, NLL: 2.9415, Masked: 3.2571, Reg: 1873.580059
Epoch [46/149], Total Loss: 1902.2847, NLL: 2.9415, Masked: 3.2539, Reg: 1878.223175
Epoch [47/149], Total Loss: 1896.3843, NLL: 2.9415, Masked: 3.2540, Reg: 1872.322441
Epoch [48/149], Total Loss: 1899.3164, NLL: 2.9415, Masked: 3.2565, Reg: 1875.238240
Epoch [49/149], Total Loss: 1897.3483, NLL: 2.9415, Masked: 3.2577, Reg: 1873.262115
Epoch [50/149], Total Loss: 1889.3639, NLL: 2.9415, Masked: 3.2562, Reg: 1865.287875
Epoch [51/149], Total Loss: 1896.6000, NLL: 2.9415, Masked: 3.2580, Reg: 1872.512032
Epoch [52/149], Total Loss: 1893.3150, NLL: 2.9415, Masked: 3.2582, Reg: 1869.225978
Epoch [53/149], Total Loss: 1902.9801, NLL: 2.9414, Masked: 3.2564, Reg: 1878.902696
Epoch [54/149], Total Loss: 1894.6358, NLL: 2.9414, Masked: 3.2600, Reg: 1870.535052
Epoch [55/149], Total Loss: 1897.2102, NLL: 2.9414, Masked: 3.2572, Reg: 1873.127492
Epoch [56/149], Total Loss: 1903.0005, NLL: 2.9414, Masked: 3.2543, Reg: 1878.936398
Epoch [57/149], Total Loss: 1889.7021, NLL: 2.9415, Masked: 3.2572, Reg: 1865.619635
Epoch [58/149], Total Loss: 1900.6955, NLL: 2.9415, Masked: 3.2604, Reg: 1876.592249
Epoch [59/149], Total Loss: 1901.3435, NLL: 2.9415, Masked: 3.2578, Reg: 1877.257062
Epoch [60/149], Total Loss: 1898.0647, NLL: 2.9415, Masked: 3.2557, Reg: 1873.991736
Epoch [61/149], Total Loss: 1888.3945, NLL: 2.9415, Masked: 3.2588, Reg: 1864.301589
Epoch [62/149], Total Loss: 1891.9119, NLL: 2.9415, Masked: 3.2539, Reg: 1867.850628
Epoch [63/149], Total Loss: 1902.7086, NLL: 2.9415, Masked: 3.2566, Reg: 1878.629681
Epoch [64/149], Total Loss: 1896.1014, NLL: 2.9414, Masked: 3.2586, Reg: 1872.009716
Epoch [65/149], Total Loss: 1898.6778, NLL: 2.9414, Masked: 3.2563, Reg: 1874.601268
Epoch [66/149], Total Loss: 1904.1502, NLL: 2.9414, Masked: 3.2564, Reg: 1880.072513
Epoch [67/149], Total Loss: 1896.6608, NLL: 2.9414, Masked: 3.2580, Reg: 1872.572910
Epoch [68/149], Total Loss: 1891.2990, NLL: 2.9414, Masked: 3.2573, Reg: 1867.215605
Epoch [69/149], Total Loss: 1886.9614, NLL: 2.9415, Masked: 3.2587, Reg: 1862.868817
Epoch [70/149], Total Loss: 1903.2585, NLL: 2.9415, Masked: 3.2573, Reg: 1879.175486
Epoch [71/149], Total Loss: 1903.5872, NLL: 2.9415, Masked: 3.2586, Reg: 1879.495200
Epoch [72/149], Total Loss: 1889.9245, NLL: 2.9415, Masked: 3.2553, Reg: 1865.854326
Epoch [73/149], Total Loss: 1900.2035, NLL: 2.9415, Masked: 3.2570, Reg: 1876.122243
Epoch [74/149], Total Loss: 1897.2609, NLL: 2.9415, Masked: 3.2594, Reg: 1873.164161
Epoch [75/149], Total Loss: 1900.4299, NLL: 2.9415, Masked: 3.2571, Reg: 1876.348071
Epoch [76/149], Total Loss: 1886.9809, NLL: 2.9414, Masked: 3.2579, Reg: 1862.893556
Epoch [77/149], Total Loss: 1899.6260, NLL: 2.9414, Masked: 3.2577, Reg: 1875.540073
Epoch [78/149], Total Loss: 1904.2974, NLL: 2.9414, Masked: 3.2583, Reg: 1880.207730
Epoch [79/149], Total Loss: 1889.3371, NLL: 2.9414, Masked: 3.2592, Reg: 1865.241468
Epoch [80/149], Total Loss: 1894.8862, NLL: 2.9414, Masked: 3.2540, Reg: 1870.824070
Epoch [81/149], Total Loss: 1901.2902, NLL: 2.9415, Masked: 3.2592, Reg: 1877.194655
Epoch [82/149], Total Loss: 1901.2928, NLL: 2.9415, Masked: 3.2562, Reg: 1877.216406
Epoch [83/149], Total Loss: 1896.6001, NLL: 2.9415, Masked: 3.2554, Reg: 1872.529264
Epoch [84/149], Total Loss: 1890.9063, NLL: 2.9415, Masked: 3.2578, Reg: 1866.819779
Epoch [85/149], Total Loss: 1899.5299, NLL: 2.9415, Masked: 3.2518, Reg: 1875.482387
Epoch [86/149], Total Loss: 1891.1348, NLL: 2.9415, Masked: 3.2548, Reg: 1867.067761
Epoch [87/149], Total Loss: 1891.1531, NLL: 2.9415, Masked: 3.2578, Reg: 1867.066836
Epoch [88/149], Total Loss: 1903.9584, NLL: 2.9414, Masked: 3.2572, Reg: 1879.875928
Epoch [89/149], Total Loss: 1905.4674, NLL: 2.9414, Masked: 3.2578, Reg: 1881.380967
Epoch [90/149], Total Loss: 1894.4487, NLL: 2.9415, Masked: 3.2594, Reg: 1870.351898
Epoch [91/149], Total Loss: 1893.4240, NLL: 2.9415, Masked: 3.2589, Reg: 1869.330529
Epoch [92/149], Total Loss: 1898.1605, NLL: 2.9415, Masked: 3.2567, Reg: 1874.080782
Epoch [93/149], Total Loss: 1891.1486, NLL: 2.9415, Masked: 3.2584, Reg: 1867.058104
Epoch [94/149], Total Loss: 1895.1380, NLL: 2.9415, Masked: 3.2542, Reg: 1871.075006
Epoch [95/149], Total Loss: 1903.9702, NLL: 2.9415, Masked: 3.2566, Reg: 1879.891227
Epoch [96/149], Total Loss: 1903.5941, NLL: 2.9415, Masked: 3.2565, Reg: 1879.516012
Epoch [97/149], Total Loss: 1890.0501, NLL: 2.9415, Masked: 3.2557, Reg: 1865.977110
Epoch [98/149], Total Loss: 1893.2371, NLL: 2.9415, Masked: 3.2583, Reg: 1869.147443
Epoch [99/149], Total Loss: 1898.9829, NLL: 2.9415, Masked: 3.2558, Reg: 1874.909387
Epoch [100/149], Total Loss: 1897.1533, NLL: 2.9414, Masked: 3.2574, Reg: 1873.069178
Epoch [101/149], Total Loss: 1893.8551, NLL: 2.9414, Masked: 3.2581, Reg: 1869.766235
Epoch [102/149], Total Loss: 1900.2601, NLL: 2.9414, Masked: 3.2561, Reg: 1876.184351
Epoch [103/149], Total Loss: 1903.5365, NLL: 2.9415, Masked: 3.2562, Reg: 1879.460476
Epoch [104/149], Total Loss: 1890.7209, NLL: 2.9415, Masked: 3.2604, Reg: 1866.617386
Epoch [105/149], Total Loss: 1895.1353, NLL: 2.9415, Masked: 3.2540, Reg: 1871.073268
Epoch [106/149], Total Loss: 1898.8096, NLL: 2.9415, Masked: 3.2559, Reg: 1874.735527
Epoch [107/149], Total Loss: 1897.3875, NLL: 2.9415, Masked: 3.2581, Reg: 1873.298788
Epoch [108/149], Total Loss: 1892.9666, NLL: 2.9415, Masked: 3.2552, Reg: 1868.896611
Epoch [109/149], Total Loss: 1889.6455, NLL: 2.9415, Masked: 3.2558, Reg: 1865.571652
Epoch [110/149], Total Loss: 1901.3373, NLL: 2.9415, Masked: 3.2501, Reg: 1877.300458
Epoch [111/149], Total Loss: 1898.8435, NLL: 2.9414, Masked: 3.2572, Reg: 1874.760912
Epoch [112/149], Total Loss: 1893.1930, NLL: 2.9414, Masked: 3.2580, Reg: 1869.105054
Epoch [113/149], Total Loss: 1907.1074, NLL: 2.9414, Masked: 3.2566, Reg: 1883.028590
Epoch [114/149], Total Loss: 1895.2344, NLL: 2.9415, Masked: 3.2585, Reg: 1871.143180
Epoch [115/149], Total Loss: 1893.4674, NLL: 2.9415, Masked: 3.2578, Reg: 1869.380985
Epoch [116/149], Total Loss: 1890.1457, NLL: 2.9415, Masked: 3.2551, Reg: 1866.076366
Epoch [117/149], Total Loss: 1894.1307, NLL: 2.9415, Masked: 3.2580, Reg: 1870.042999
Epoch [118/149], Total Loss: 1904.4115, NLL: 2.9415, Masked: 3.2580, Reg: 1880.323338
Epoch [119/149], Total Loss: 1891.7403, NLL: 2.9415, Masked: 3.2543, Reg: 1867.676253
Epoch [120/149], Total Loss: 1902.9893, NLL: 2.9415, Masked: 3.2588, Reg: 1878.896394
Epoch [121/149], Total Loss: 1897.2910, NLL: 2.9415, Masked: 3.2582, Reg: 1873.201900
Epoch [122/149], Total Loss: 1893.6497, NLL: 2.9415, Masked: 3.2587, Reg: 1869.556900
Epoch [123/149], Total Loss: 1895.9127, NLL: 2.9414, Masked: 3.2568, Reg: 1871.832571
Epoch [124/149], Total Loss: 1895.9200, NLL: 2.9415, Masked: 3.2541, Reg: 1871.857418
Epoch [125/149], Total Loss: 1904.7618, NLL: 2.9414, Masked: 3.2597, Reg: 1880.662944
Epoch [126/149], Total Loss: 1888.1368, NLL: 2.9415, Masked: 3.2539, Reg: 1864.075332
Epoch [127/149], Total Loss: 1902.0561, NLL: 2.9415, Masked: 3.2572, Reg: 1877.973125
Epoch [128/149], Total Loss: 1893.7907, NLL: 2.9415, Masked: 3.2540, Reg: 1869.729041
Epoch [129/149], Total Loss: 1892.9638, NLL: 2.9415, Masked: 3.2592, Reg: 1868.868284
Epoch [130/149], Total Loss: 1900.0296, NLL: 2.9415, Masked: 3.2579, Reg: 1875.942561
Epoch [131/149], Total Loss: 1897.0071, NLL: 2.9415, Masked: 3.2528, Reg: 1872.953335
Epoch [132/149], Total Loss: 1905.8770, NLL: 2.9415, Masked: 3.2567, Reg: 1881.797391
Epoch [133/149], Total Loss: 1886.1267, NLL: 2.9415, Masked: 3.2588, Reg: 1862.033735
Epoch [134/149], Total Loss: 1889.4308, NLL: 2.9415, Masked: 3.2569, Reg: 1865.349809
Epoch [135/149], Total Loss: 1908.3940, NLL: 2.9415, Masked: 3.2585, Reg: 1884.302842
Epoch [136/149], Total Loss: 1888.6847, NLL: 2.9415, Masked: 3.2538, Reg: 1864.624380
Epoch [137/149], Total Loss: 1901.4648, NLL: 2.9415, Masked: 3.2594, Reg: 1877.367624
Epoch [138/149], Total Loss: 1897.4206, NLL: 2.9415, Masked: 3.2568, Reg: 1873.340330
Epoch [139/149], Total Loss: 1900.4550, NLL: 2.9415, Masked: 3.2572, Reg: 1876.372501
Epoch [140/149], Total Loss: 1893.0656, NLL: 2.9415, Masked: 3.2556, Reg: 1868.993530
Epoch [141/149], Total Loss: 1882.8724, NLL: 2.9415, Masked: 3.2541, Reg: 1858.809740
Epoch [142/149], Total Loss: 1907.7626, NLL: 2.9415, Masked: 3.2572, Reg: 1883.679637
Epoch [143/149], Total Loss: 1899.4592, NLL: 2.9415, Masked: 3.2579, Reg: 1875.372235
Epoch [144/149], Total Loss: 1894.2505, NLL: 2.9415, Masked: 3.2573, Reg: 1870.167058
Epoch [145/149], Total Loss: 1894.7904, NLL: 2.9415, Masked: 3.2575, Reg: 1870.705625
Epoch [146/149], Total Loss: 1900.2350, NLL: 2.9415, Masked: 3.2561, Reg: 1876.159719
Epoch [147/149], Total Loss: 1899.1793, NLL: 2.9415, Masked: 3.2561, Reg: 1875.103451
Epoch [148/149], Total Loss: 1884.8333, NLL: 2.9414, Masked: 3.2547, Reg: 1860.766609
Epoch [149/149], Total Loss: 1902.1949, NLL: 2.9415, Masked: 3.2566, Reg: 1878.116364

==================================================
EVALUATING ON TRAINING DATA
==================================================

==================================================
TEST RESULTS
==================================================
Total Loss: 1980.522034
  - ZINB NLL: 2.941439
Total number of masked values: 392037
  - Number of values with pi >= 0.41182413671870344: 392037
  - Number of values with pi < 0.41182413671870344: 0
  - Masked Reconstruction: 3.256987
  - Regularization: 1956.440722
Mean Absolute Error (MAE): 2.184680
R² Score: -0.196903
==================================================


==================================================
EVALUATING ON VALIDATION DATA
Dataset size: 936
==================================================


==================================================
TEST RESULTS
==================================================
Total Loss: 1979.871263
  - ZINB NLL: 2.943763
Total number of masked values: 187519
  - Number of values with pi >= 0.41182413671870344: 187519
  - Number of values with pi < 0.41182413671870344: 0
  - Masked Reconstruction: 3.156365
  - Regularization: 1956.440722
Mean Absolute Error (MAE): 2.289447
R² Score: -0.163769
==================================================


>>> Optimizing zinb_nll on VALIDATION set: 2.943763
>>> Full validation metrics: {'total_loss': 1979.8712627704326, 'zinb_nll': 2.9437633273947954, 'mae': 2.289447069168091, 'r2': -0.16376924514770508, 'masked_loss': 3.15636520100455, 'reg_loss': 1956.440721781208}

Iteration No: 14 ended. Evaluation done at random point.
Time taken: 115.2069
Function value obtained: 2.9438
Current minimum: 0.8892
Iteration No: 15 started. Evaluating function at random point.

================================================================================
Trial with parameters:
  features: Centr
  step_size: 0.9852486877870344
  bin_size: 5
  sample_fraction: 0.4792727644653864
  moving_average: True
  first_layer_size_factor: 30
  num_layers: 2
  use_conv: True
  conv_channel: 60
  pool_size: 7
  kernel_size: 9
  epochs: 38
  batch_size: 32
  pi_threshold: 0.5684574067296202
  learning_rate: 0.00011910783863642014
  dropout_rate: 0.1270818245348694
  masked_recon_weight: 0.015176175972003892
  regularizer: l1
  regularization_weight: 8.723455790871194
================================================================================

len(layers): 2
Creating datasets with:
  features: ['Centr']
  bin_size: 5
  moving_average: True
  data_point_length: 2000 (from 2000)
  step_size: 1970 (from fraction 0.9852486877870344)
  layers: [np.int64(480), np.int64(240)] (first=480, num=2)
  stride: 1 (fixed), padding: same (fixed)
  Using pre-determined chromosome split


Clipping outliers using 95th percentile * 1.5...
strain_yTW001: Clipping values above 134.25 (P95=89.50). Clipped 27529/1193409 values (2.31%)
strain_FD: Clipping values above 71.92 (P95=47.94). Clipped 95791/4127807 values (2.32%)
strain_dnrp: Clipping values above 243.00 (P95=162.00). Clipped 25649/1119454 values (2.29%)
strain_yEK19: Clipping values above 77.10 (P95=51.40). Clipped 83713/3893623 values (2.15%)
strain_yEK23: Clipping values above 72.00 (P95=48.00). Clipped 86381/3558407 values (2.43%)
strain_yWT03a: Clipping values above 15.00 (P95=10.00). Clipped 10602/347679 values (3.05%)
strain_yWT04a: Clipping values above 58.50 (P95=39.00). Clipped 21095/725406 values (2.91%)
strain_ylic137: Clipping values above 142.50 (P95=95.00). Clipped 28746/1112684 values (2.58%)

Splitting data using pre-determined chromosomes...
Standardizing features: ['Centr']
Column order in final array (Dataset/Chrom split): ['Value', 'Centromere_Distance', 'Value_Raw', 'Size_Factor']
Removing 0 empty data points out of 28200
Column order in final array (Dataset/Chrom split): ['Value', 'Centromere_Distance', 'Value_Raw', 'Size_Factor']
Removing 0 empty data points out of 9912
Column order in final array (Dataset/Chrom split): ['Value', 'Centromere_Distance', 'Value_Raw', 'Size_Factor']
Removing 0 empty data points out of 10968
Datasets created with shapes:
  Train: (28200, 2000, 4)
  Val: (9912, 2000, 4)
  Test: (10968, 2000, 4)
Datasets created:
  Train: (28200, 2000, 4), Val: (9912, 2000, 4), Test: (10968, 2000, 4)

Randomly sampled 13515/28200 samples (47.9%)
Applied denoising with 15.0% masking
Applied denoising with 15.0% masking
Number of encoder layers: 2
Number of decoder layers (excluding heads): 2
Total number of layers including latent layer: 5
Epoch [1/38], Total Loss: 84694.8641, NLL: 2.5352, Masked: 31.1083, Reg: 84691.860777
Epoch [2/38], Total Loss: 36446.7936, NLL: 2.5223, Masked: 31.1260, Reg: 36443.800387
Epoch [3/38], Total Loss: 34444.7015, NLL: 2.5095, Masked: 31.1228, Reg: 34441.720844
Epoch [4/38], Total Loss: 33374.6899, NLL: 2.4968, Masked: 31.1409, Reg: 33371.721851
Epoch [5/38], Total Loss: 32416.4896, NLL: 2.4841, Masked: 31.1093, Reg: 32413.534748
Epoch [6/38], Total Loss: 31531.4927, NLL: 2.4715, Masked: 31.1176, Reg: 31528.550284
Epoch [7/38], Total Loss: 30652.5442, NLL: 2.4590, Masked: 31.1034, Reg: 30649.614439
Epoch [8/38], Total Loss: 29773.4931, NLL: 2.4466, Masked: 31.0952, Reg: 29770.575821
Epoch [9/38], Total Loss: 28894.6440, NLL: 2.4343, Masked: 31.1143, Reg: 28891.738712
Epoch [10/38], Total Loss: 28015.5905, NLL: 2.4221, Masked: 31.1118, Reg: 28012.697405
Epoch [11/38], Total Loss: 27136.8297, NLL: 2.4101, Masked: 31.1008, Reg: 27133.948814
Epoch [12/38], Total Loss: 26257.7244, NLL: 2.3981, Masked: 31.1269, Reg: 26254.854981
Epoch [13/38], Total Loss: 25378.9194, NLL: 2.3866, Masked: 31.0976, Reg: 25376.061867
Epoch [14/38], Total Loss: 24499.7950, NLL: 2.3751, Masked: 31.1358, Reg: 24496.948446
Epoch [15/38], Total Loss: 23621.0552, NLL: 2.3638, Masked: 31.1064, Reg: 23618.220199
Epoch [16/38], Total Loss: 22742.0065, NLL: 2.3528, Masked: 31.1298, Reg: 22739.182254
Epoch [17/38], Total Loss: 21863.0506, NLL: 2.3420, Masked: 31.0908, Reg: 21860.237703
Epoch [18/38], Total Loss: 20984.1249, NLL: 2.3314, Masked: 31.1082, Reg: 20981.322330
Epoch [19/38], Total Loss: 20105.2967, NLL: 2.3212, Masked: 31.1134, Reg: 20102.504149
Epoch [20/38], Total Loss: 19226.2507, NLL: 2.3112, Masked: 31.0989, Reg: 19223.468253
Epoch [21/38], Total Loss: 18347.3491, NLL: 2.3015, Masked: 31.1036, Reg: 18344.576283
Epoch [22/38], Total Loss: 17468.4967, NLL: 2.2922, Masked: 31.0986, Reg: 17465.733232
Epoch [23/38], Total Loss: 16589.5811, NLL: 2.2832, Masked: 31.0720, Reg: 16586.827074
Epoch [24/38], Total Loss: 15710.5397, NLL: 2.2746, Masked: 31.0976, Reg: 15707.793761
Epoch [25/38], Total Loss: 14831.7386, NLL: 2.2664, Masked: 31.1051, Reg: 14829.000798
Epoch [26/38], Total Loss: 13952.8132, NLL: 2.2584, Masked: 31.1112, Reg: 13950.083268
Epoch [27/38], Total Loss: 13074.0572, NLL: 2.2509, Masked: 31.1098, Reg: 13071.334684
Epoch [28/38], Total Loss: 12194.8056, NLL: 2.2439, Masked: 31.1101, Reg: 12192.090087
Epoch [29/38], Total Loss: 11316.0989, NLL: 2.2372, Masked: 31.0958, Reg: 11313.390193
Epoch [30/38], Total Loss: 10437.1522, NLL: 2.2310, Masked: 31.1024, Reg: 10434.449624
Epoch [31/38], Total Loss: 9558.1468, NLL: 2.2252, Masked: 31.1369, Reg: 9555.449472
Epoch [32/38], Total Loss: 8678.9383, NLL: 2.2200, Masked: 31.1142, Reg: 8676.246478
Epoch [33/38], Total Loss: 7799.8420, NLL: 2.2151, Masked: 31.1050, Reg: 7797.155121
Epoch [34/38], Total Loss: 6920.7056, NLL: 2.2108, Masked: 31.1211, Reg: 6918.022802
Epoch [35/38], Total Loss: 6041.6751, NLL: 2.2069, Masked: 31.1146, Reg: 6038.996278
Epoch [36/38], Total Loss: 5162.4235, NLL: 2.2035, Masked: 31.1161, Reg: 5159.747936
Epoch [37/38], Total Loss: 4283.4440, NLL: 2.2006, Masked: 31.1214, Reg: 4280.771232
Epoch [38/38], Total Loss: 3404.4305, NLL: 2.1983, Masked: 31.1058, Reg: 3401.760232

==================================================
EVALUATING ON TRAINING DATA
==================================================

==================================================
TEST RESULTS
==================================================
Total Loss: 2977.269924
  - ZINB NLL: 2.197285
Total number of masked values: 1737560
  - Number of values with pi >= 0.5684574067296202: 0
  - Number of values with pi < 0.5684574067296202: 1737560
  - Masked Reconstruction: 31.137409
  - Regularization: 2974.600190
Mean Absolute Error (MAE): 26.518951
R² Score: -23.021908
==================================================


==================================================
EVALUATING ON VALIDATION DATA
Dataset size: 9912
==================================================


==================================================
TEST RESULTS
==================================================
Total Loss: 2977.173595
  - ZINB NLL: 2.202460
Total number of masked values: 1277315
  - Number of values with pi >= 0.5684574067296202: 0
  - Number of values with pi < 0.5684574067296202: 1277315
  - Masked Reconstruction: 24.448753
  - Regularization: 2974.600190
Mean Absolute Error (MAE): 26.468790
R² Score: -19.754875
==================================================


>>> Optimizing zinb_nll on VALIDATION set: 2.202460
>>> Full validation metrics: {'total_loss': 2977.1735946248864, 'zinb_nll': 2.2024600007439736, 'mae': 26.46879005432129, 'r2': -19.75487518310547, 'masked_loss': 24.448752900878684, 'reg_loss': 2974.600189970688}

Iteration No: 15 ended. Evaluation done at random point.
Time taken: 532.5996
Function value obtained: 2.2025
Current minimum: 0.8892
Iteration No: 16 started. Evaluating function at random point.

================================================================================
Trial with parameters:
  features: Centr_Nucl
  step_size: 0.781683247682589
  bin_size: 28
  sample_fraction: 0.4723826077358489
  moving_average: True
  first_layer_size_factor: 29
  num_layers: 3
  use_conv: True
  conv_channel: 17
  pool_size: 6
  kernel_size: 3
  epochs: 39
  batch_size: 64
  pi_threshold: 0.3203074124157588
  learning_rate: 0.004569318664735287
  dropout_rate: 0.013808385936852356
  masked_recon_weight: 0.20675669531624294
  regularizer: l2
  regularization_weight: 0.5060377861290914
================================================================================

len(layers): 3
Creating datasets with:
  features: ['Centr', 'Nucl']
  bin_size: 28
  moving_average: True
  data_point_length: 2000 (from 2000)
  step_size: 1563 (from fraction 0.781683247682589)
  layers: [np.int64(464), np.int64(232), np.int64(116)] (first=464, num=3)
  stride: 1 (fixed), padding: same (fixed)
  Using pre-determined chromosome split


Clipping outliers using 95th percentile * 1.5...
strain_yTW001: Clipping values above 134.25 (P95=89.50). Clipped 27529/1193409 values (2.31%)
strain_FD: Clipping values above 71.92 (P95=47.94). Clipped 95791/4127807 values (2.32%)
strain_dnrp: Clipping values above 243.00 (P95=162.00). Clipped 25649/1119454 values (2.29%)
strain_yEK19: Clipping values above 77.10 (P95=51.40). Clipped 83713/3893623 values (2.15%)
strain_yEK23: Clipping values above 72.00 (P95=48.00). Clipped 86381/3558407 values (2.43%)
strain_yWT03a: Clipping values above 15.00 (P95=10.00). Clipped 10602/347679 values (3.05%)
strain_yWT04a: Clipping values above 58.50 (P95=39.00). Clipped 21095/725406 values (2.91%)
strain_ylic137: Clipping values above 142.50 (P95=95.00). Clipped 28746/1112684 values (2.58%)

Splitting data using pre-determined chromosomes...
Standardizing features: ['Centr', 'Nucl']
Column order in final array (Dataset/Chrom split): ['Value', 'Nucleosome_Distance', 'Centromere_Distance', 'Value_Raw', 'Size_Factor']
Removing 0 empty data points out of 35512
Column order in final array (Dataset/Chrom split): ['Value', 'Nucleosome_Distance', 'Centromere_Distance', 'Value_Raw', 'Size_Factor']
Removing 0 empty data points out of 12480
Column order in final array (Dataset/Chrom split): ['Value', 'Nucleosome_Distance', 'Centromere_Distance', 'Value_Raw', 'Size_Factor']
Removing 0 empty data points out of 13808
Datasets created with shapes:
  Train: (35512, 2000, 5)
  Val: (12480, 2000, 5)
  Test: (13808, 2000, 5)
Datasets created:
  Train: (35512, 2000, 5), Val: (12480, 2000, 5), Test: (13808, 2000, 5)

Randomly sampled 16775/35512 samples (47.2%)
Applied denoising with 15.0% masking
Applied denoising with 15.0% masking
Number of encoder layers: 3
Number of decoder layers (excluding heads): 3
Total number of layers including latent layer: 7
Epoch [1/39], Total Loss: 8.9009, NLL: 2.9935, Masked: 28.5717, Reg: 2240.464730
Epoch [2/39], Total Loss: 5.2059, NLL: 3.0574, Masked: 10.3919, Reg: 435.813206
Epoch [3/39], Total Loss: 3.7398, NLL: 3.1378, Masked: 2.9115, Reg: 47.673406
Epoch [4/39], Total Loss: 3.7791, NLL: 3.1770, Masked: 2.9118, Reg: 2.637284
Epoch [5/39], Total Loss: 3.7898, NLL: 3.1877, Masked: 2.9121, Reg: 0.074147
Epoch [6/39], Total Loss: 3.7918, NLL: 3.1895, Masked: 2.9131, Reg: 0.034508
Epoch [7/39], Total Loss: 3.7922, NLL: 3.1897, Masked: 2.9140, Reg: 0.024435
Epoch [8/39], Total Loss: 3.7916, NLL: 3.1897, Masked: 2.9113, Reg: 0.033354
Epoch [9/39], Total Loss: 3.7918, NLL: 3.1897, Masked: 2.9120, Reg: 0.038332
Epoch [10/39], Total Loss: 3.7919, NLL: 3.1897, Masked: 2.9125, Reg: 0.038031
Epoch [11/39], Total Loss: 3.7921, NLL: 3.1897, Masked: 2.9136, Reg: 0.040943
Epoch [12/39], Total Loss: 3.7919, NLL: 3.1897, Masked: 2.9129, Reg: 0.050648
Epoch [13/39], Total Loss: 3.7919, NLL: 3.1897, Masked: 2.9128, Reg: 0.047731
Epoch [14/39], Total Loss: 3.7921, NLL: 3.1897, Masked: 2.9135, Reg: 0.044915
Epoch [15/39], Total Loss: 3.7919, NLL: 3.1897, Masked: 2.9125, Reg: 0.066866
Epoch [16/39], Total Loss: 3.7919, NLL: 3.1897, Masked: 2.9125, Reg: 0.040234
Epoch [17/39], Total Loss: 3.7921, NLL: 3.1897, Masked: 2.9135, Reg: 0.043890
Epoch [18/39], Total Loss: 3.7919, NLL: 3.1897, Masked: 2.9127, Reg: 0.041794
Epoch [19/39], Total Loss: 3.7918, NLL: 3.1897, Masked: 2.9122, Reg: 0.069183
Epoch [20/39], Total Loss: 3.7919, NLL: 3.1897, Masked: 2.9124, Reg: 0.043160
Epoch [21/39], Total Loss: 3.7921, NLL: 3.1897, Masked: 2.9134, Reg: 0.070920
Epoch [22/39], Total Loss: 3.7918, NLL: 3.1897, Masked: 2.9121, Reg: 0.044371
Epoch [23/39], Total Loss: 3.7918, NLL: 3.1897, Masked: 2.9122, Reg: 0.077247
Epoch [24/39], Total Loss: 3.7919, NLL: 3.1897, Masked: 2.9126, Reg: 0.043088
Epoch [25/39], Total Loss: 3.7919, NLL: 3.1897, Masked: 2.9125, Reg: 0.046451
Epoch [26/39], Total Loss: 3.7919, NLL: 3.1897, Masked: 2.9125, Reg: 0.044528
Epoch [27/39], Total Loss: 3.7918, NLL: 3.1897, Masked: 2.9120, Reg: 0.084548
Epoch [28/39], Total Loss: 3.7916, NLL: 3.1897, Masked: 2.9111, Reg: 0.045995
Epoch [29/39], Total Loss: 3.7919, NLL: 3.1897, Masked: 2.9128, Reg: 0.088321
Epoch [30/39], Total Loss: 3.7919, NLL: 3.1897, Masked: 2.9126, Reg: 0.045207
Epoch [31/39], Total Loss: 3.7922, NLL: 3.1897, Masked: 2.9143, Reg: 0.045621
Epoch [32/39], Total Loss: 3.7920, NLL: 3.1897, Masked: 2.9131, Reg: 0.045746
Epoch [33/39], Total Loss: 3.7918, NLL: 3.1897, Masked: 2.9123, Reg: 0.045674
Epoch [34/39], Total Loss: 3.7920, NLL: 3.1897, Masked: 2.9132, Reg: 0.046268
Epoch [35/39], Total Loss: 3.7921, NLL: 3.1897, Masked: 2.9134, Reg: 0.045757
Epoch [36/39], Total Loss: 3.7920, NLL: 3.1897, Masked: 2.9131, Reg: 0.046291
Epoch [37/39], Total Loss: 3.7918, NLL: 3.1897, Masked: 2.9123, Reg: 0.046289
Epoch [38/39], Total Loss: 3.7920, NLL: 3.1897, Masked: 2.9130, Reg: 0.045978
Epoch [39/39], Total Loss: 3.7918, NLL: 3.1897, Masked: 2.9122, Reg: 0.046156

==================================================
EVALUATING ON TRAINING DATA
==================================================

==================================================
TEST RESULTS
==================================================
Total Loss: 3.791914
  - ZINB NLL: 3.189494
Total number of masked values: 3787394
  - Number of values with pi >= 0.3203074124157588: 3787394
  - Number of values with pi < 0.3203074124157588: 0
  - Masked Reconstruction: 2.913663
  - Regularization: 0.047697
Mean Absolute Error (MAE): 2.198544
R² Score: -0.223317
==================================================


==================================================
EVALUATING ON VALIDATION DATA
Dataset size: 12480
==================================================


==================================================
TEST RESULTS
==================================================
Total Loss: 3.759160
  - ZINB NLL: 3.183491
Total number of masked values: 2812183
  - Number of values with pi >= 0.3203074124157588: 2812183
  - Number of values with pi < 0.3203074124157588: 0
  - Masked Reconstruction: 2.784280
  - Regularization: 0.047697
Mean Absolute Error (MAE): 2.287568
R² Score: -0.185048
==================================================


>>> Optimizing zinb_nll on VALIDATION set: 3.183491
>>> Full validation metrics: {'total_loss': 3.759159663090339, 'zinb_nll': 3.18349110407707, 'mae': 2.2875683307647705, 'r2': -0.18504822254180908, 'masked_loss': 2.784280124841592, 'reg_loss': 0.04769710069732472}

Iteration No: 16 ended. Evaluation done at random point.
Time taken: 520.6680
Function value obtained: 3.1835
Current minimum: 0.8892
Iteration No: 17 started. Evaluating function at random point.

================================================================================
Trial with parameters:
  features: Centr_Nucl
  step_size: 0.36628121254580814
  bin_size: 49
  sample_fraction: 0.8792001265520226
  moving_average: False
  first_layer_size_factor: 28
  num_layers: 1
  use_conv: True
  conv_channel: 76
  pool_size: 4
  kernel_size: 9
  epochs: 63
  batch_size: 128
  pi_threshold: 0.48290606464549146
  learning_rate: 0.003357911339209245
  dropout_rate: 0.09719001699743654
  masked_recon_weight: 0.04419932329566328
  regularizer: none
  regularization_weight: 9.299757989591069e-05
================================================================================

len(layers): 1
Creating datasets with:
  features: ['Centr', 'Nucl']
  bin_size: 49
  moving_average: False
  data_point_length: 2000 (from 2000)
  step_size: 732 (from fraction 0.36628121254580814)
  layers: [np.int64(448)] (first=448, num=1)
  stride: 1 (fixed), padding: same (fixed)
  Using pre-determined chromosome split


Clipping outliers using 95th percentile * 1.5...
strain_yTW001: Clipping values above 134.25 (P95=89.50). Clipped 27529/1193409 values (2.31%)
strain_FD: Clipping values above 71.92 (P95=47.94). Clipped 95791/4127807 values (2.32%)
strain_dnrp: Clipping values above 243.00 (P95=162.00). Clipped 25649/1119454 values (2.29%)
strain_yEK19: Clipping values above 77.10 (P95=51.40). Clipped 83713/3893623 values (2.15%)
strain_yEK23: Clipping values above 72.00 (P95=48.00). Clipped 86381/3558407 values (2.43%)
strain_yWT03a: Clipping values above 15.00 (P95=10.00). Clipped 10602/347679 values (3.05%)
strain_yWT04a: Clipping values above 58.50 (P95=39.00). Clipped 21095/725406 values (2.91%)
strain_ylic137: Clipping values above 142.50 (P95=95.00). Clipped 28746/1112684 values (2.58%)

Splitting data using pre-determined chromosomes...
Standardizing features: ['Centr', 'Nucl']
Column order in final array (Dataset/Chrom split): ['Value', 'Nucleosome_Distance', 'Centromere_Distance', 'Value_Raw', 'Size_Factor']
Removing 0 empty data points out of 1456
Column order in final array (Dataset/Chrom split): ['Value', 'Nucleosome_Distance', 'Centromere_Distance', 'Value_Raw', 'Size_Factor']
Removing 0 empty data points out of 512
Column order in final array (Dataset/Chrom split): ['Value', 'Nucleosome_Distance', 'Centromere_Distance', 'Value_Raw', 'Size_Factor']
Removing 0 empty data points out of 560
Datasets created with shapes:
  Train: (1456, 2000, 5)
  Val: (512, 2000, 5)
  Test: (560, 2000, 5)
Datasets created:
  Train: (1456, 2000, 5), Val: (512, 2000, 5), Test: (560, 2000, 5)

Randomly sampled 1280/1456 samples (87.9%)
Applied denoising with 15.0% masking
Applied denoising with 15.0% masking
Number of encoder layers: 1
Number of decoder layers (excluding heads): 1
Total number of layers including latent layer: 3
Epoch [1/63], Total Loss: 808.4141, NLL: 2.2847, Masked: 18238.4996
Epoch [2/63], Total Loss: 2.3278, NLL: 2.2237, Masked: 2.3536
Epoch [3/63], Total Loss: 2.3283, NLL: 2.2243, Masked: 2.3547
Epoch [4/63], Total Loss: 2.3284, NLL: 2.2243, Masked: 2.3539
Epoch [5/63], Total Loss: 2.3284, NLL: 2.2243, Masked: 2.3545
Epoch [6/63], Total Loss: 2.3284, NLL: 2.2244, Masked: 2.3546
Epoch [7/63], Total Loss: 2.3289, NLL: 2.2248, Masked: 2.3546
Epoch [8/63], Total Loss: 2.3288, NLL: 2.2248, Masked: 2.3535
Epoch [9/63], Total Loss: 2.3293, NLL: 2.2252, Masked: 2.3541
Epoch [10/63], Total Loss: 2.3295, NLL: 2.2254, Masked: 2.3543
Epoch [11/63], Total Loss: 2.3295, NLL: 2.2254, Masked: 2.3544
Epoch [12/63], Total Loss: 2.3295, NLL: 2.2254, Masked: 2.3544
Epoch [13/63], Total Loss: 2.3295, NLL: 2.2254, Masked: 2.3542
Epoch [14/63], Total Loss: 2.3295, NLL: 2.2254, Masked: 2.3548
Epoch [15/63], Total Loss: 2.3295, NLL: 2.2254, Masked: 2.3544
Epoch [16/63], Total Loss: 2.3295, NLL: 2.2254, Masked: 2.3540
Epoch [17/63], Total Loss: 2.3295, NLL: 2.2254, Masked: 2.3548
Epoch [18/63], Total Loss: 2.3295, NLL: 2.2254, Masked: 2.3549
Epoch [19/63], Total Loss: 2.3295, NLL: 2.2254, Masked: 2.3539
Epoch [20/63], Total Loss: 2.3295, NLL: 2.2254, Masked: 2.3544
Epoch [21/63], Total Loss: 2.3295, NLL: 2.2254, Masked: 2.3548
Epoch [22/63], Total Loss: 2.3294, NLL: 2.2254, Masked: 2.3535
Epoch [23/63], Total Loss: 2.3295, NLL: 2.2254, Masked: 2.3549
Epoch [24/63], Total Loss: 2.3298, NLL: 2.2258, Masked: 2.3539
Epoch [25/63], Total Loss: 2.3304, NLL: 2.2263, Masked: 2.3541
Epoch [26/63], Total Loss: 2.3304, NLL: 2.2263, Masked: 2.3539
Epoch [27/63], Total Loss: 2.3304, NLL: 2.2263, Masked: 2.3543
Epoch [28/63], Total Loss: 2.3304, NLL: 2.2263, Masked: 2.3544
Epoch [29/63], Total Loss: 2.3304, NLL: 2.2263, Masked: 2.3547
Epoch [30/63], Total Loss: 2.3304, NLL: 2.2263, Masked: 2.3546
Epoch [31/63], Total Loss: 2.3304, NLL: 2.2263, Masked: 2.3539
Epoch [32/63], Total Loss: 2.3304, NLL: 2.2263, Masked: 2.3547
Epoch [33/63], Total Loss: 2.3304, NLL: 2.2263, Masked: 2.3550
Epoch [34/63], Total Loss: 2.3304, NLL: 2.2263, Masked: 2.3540
Epoch [35/63], Total Loss: 2.3304, NLL: 2.2263, Masked: 2.3545
Epoch [36/63], Total Loss: 2.3304, NLL: 2.2263, Masked: 2.3546
Epoch [37/63], Total Loss: 2.3303, NLL: 2.2263, Masked: 2.3534
Epoch [38/63], Total Loss: 2.3304, NLL: 2.2263, Masked: 2.3543
Epoch [39/63], Total Loss: 2.3303, NLL: 2.2263, Masked: 2.3528
Epoch [40/63], Total Loss: 2.3303, NLL: 2.2263, Masked: 2.3536
Epoch [41/63], Total Loss: 2.3304, NLL: 2.2263, Masked: 2.3544
Epoch [42/63], Total Loss: 2.3304, NLL: 2.2263, Masked: 2.3543
Epoch [43/63], Total Loss: 2.3304, NLL: 2.2263, Masked: 2.3548
Epoch [44/63], Total Loss: 2.3304, NLL: 2.2263, Masked: 2.3543
Epoch [45/63], Total Loss: 2.3304, NLL: 2.2263, Masked: 2.3547
Epoch [46/63], Total Loss: 2.3303, NLL: 2.2263, Masked: 2.3534
Epoch [47/63], Total Loss: 2.3304, NLL: 2.2263, Masked: 2.3550
Epoch [48/63], Total Loss: 2.3304, NLL: 2.2263, Masked: 2.3541
Epoch [49/63], Total Loss: 2.3303, NLL: 2.2263, Masked: 2.3531
Epoch [50/63], Total Loss: 2.3304, NLL: 2.2263, Masked: 2.3548
Epoch [51/63], Total Loss: 2.3304, NLL: 2.2263, Masked: 2.3548
Epoch [52/63], Total Loss: 2.3304, NLL: 2.2263, Masked: 2.3550
Epoch [53/63], Total Loss: 2.3304, NLL: 2.2263, Masked: 2.3542
Epoch [54/63], Total Loss: 2.3304, NLL: 2.2263, Masked: 2.3538
Epoch [55/63], Total Loss: 2.3303, NLL: 2.2263, Masked: 2.3535
Epoch [56/63], Total Loss: 2.3304, NLL: 2.2263, Masked: 2.3538
Epoch [57/63], Total Loss: 2.3304, NLL: 2.2263, Masked: 2.3554
Epoch [58/63], Total Loss: 2.3303, NLL: 2.2263, Masked: 2.3530
Epoch [59/63], Total Loss: 2.3304, NLL: 2.2263, Masked: 2.3549
Epoch [60/63], Total Loss: 2.3304, NLL: 2.2263, Masked: 2.3545
Epoch [61/63], Total Loss: 2.3304, NLL: 2.2263, Masked: 2.3545
Epoch [62/63], Total Loss: 2.3304, NLL: 2.2263, Masked: 2.3546
Epoch [63/63], Total Loss: 2.3304, NLL: 2.2263, Masked: 2.3547

==================================================
EVALUATING ON TRAINING DATA
==================================================

==================================================
TEST RESULTS
==================================================
Total Loss: 2.330386
  - ZINB NLL: 2.226315
Total number of masked values: 322734
  - Number of values with pi >= 0.48290606464549146: 0
  - Number of values with pi < 0.48290606464549146: 322734
  - Masked Reconstruction: 2.354580
Mean Absolute Error (MAE): 2.137475
R² Score: -0.076129
==================================================


==================================================
EVALUATING ON VALIDATION DATA
Dataset size: 512
==================================================


==================================================
TEST RESULTS
==================================================
Total Loss: 2.371000
  - ZINB NLL: 2.264346
Total number of masked values: 128793
  - Number of values with pi >= 0.48290606464549146: 0
  - Number of values with pi < 0.48290606464549146: 128793
  - Masked Reconstruction: 2.413018
Mean Absolute Error (MAE): 2.198576
R² Score: -0.066774
==================================================


>>> Optimizing zinb_nll on VALIDATION set: 2.264346
>>> Full validation metrics: {'total_loss': 2.3710001409053802, 'zinb_nll': 2.2643463611602783, 'mae': 2.198575735092163, 'r2': -0.06677448749542236, 'masked_loss': 2.4130182564258575}

Iteration No: 17 ended. Evaluation done at random point.
Time taken: 49.8831
Function value obtained: 2.2643
Current minimum: 0.8892
Iteration No: 18 started. Evaluating function at random point.

================================================================================
Trial with parameters:
  features: Centr_Nucl
  step_size: 0.9771526503356194
  bin_size: 36
  sample_fraction: 0.28080063757590684
  moving_average: True
  first_layer_size_factor: 46
  num_layers: 3
  use_conv: True
  conv_channel: 37
  pool_size: 2
  kernel_size: 5
  epochs: 113
  batch_size: 32
  pi_threshold: 0.6660854910505922
  learning_rate: 0.00021235216307804848
  dropout_rate: 0.11989367957870165
  masked_recon_weight: 0.0023740680334014054
  regularizer: l1
  regularization_weight: 34.85764008520797
================================================================================

len(layers): 3
Creating datasets with:
  features: ['Centr', 'Nucl']
  bin_size: 36
  moving_average: True
  data_point_length: 2000 (from 2000)
  step_size: 1954 (from fraction 0.9771526503356194)
  layers: [np.int64(736), np.int64(368), np.int64(184)] (first=736, num=3)
  stride: 1 (fixed), padding: same (fixed)
  Using pre-determined chromosome split


Clipping outliers using 95th percentile * 1.5...
strain_yTW001: Clipping values above 134.25 (P95=89.50). Clipped 27529/1193409 values (2.31%)
strain_FD: Clipping values above 71.92 (P95=47.94). Clipped 95791/4127807 values (2.32%)
strain_dnrp: Clipping values above 243.00 (P95=162.00). Clipped 25649/1119454 values (2.29%)
strain_yEK19: Clipping values above 77.10 (P95=51.40). Clipped 83713/3893623 values (2.15%)
strain_yEK23: Clipping values above 72.00 (P95=48.00). Clipped 86381/3558407 values (2.43%)
strain_yWT03a: Clipping values above 15.00 (P95=10.00). Clipped 10602/347679 values (3.05%)
strain_yWT04a: Clipping values above 58.50 (P95=39.00). Clipped 21095/725406 values (2.91%)
strain_ylic137: Clipping values above 142.50 (P95=95.00). Clipped 28746/1112684 values (2.58%)

Splitting data using pre-determined chromosomes...
Standardizing features: ['Centr', 'Nucl']
Column order in final array (Dataset/Chrom split): ['Value', 'Nucleosome_Distance', 'Centromere_Distance', 'Value_Raw', 'Size_Factor']
Removing 0 empty data points out of 28432
Column order in final array (Dataset/Chrom split): ['Value', 'Nucleosome_Distance', 'Centromere_Distance', 'Value_Raw', 'Size_Factor']
Removing 0 empty data points out of 9992
Column order in final array (Dataset/Chrom split): ['Value', 'Nucleosome_Distance', 'Centromere_Distance', 'Value_Raw', 'Size_Factor']
Removing 0 empty data points out of 11064
Datasets created with shapes:
  Train: (28432, 2000, 5)
  Val: (9992, 2000, 5)
  Test: (11064, 2000, 5)
Datasets created:
  Train: (28432, 2000, 5), Val: (9992, 2000, 5), Test: (11064, 2000, 5)

Randomly sampled 7983/28432 samples (28.1%)
Applied denoising with 15.0% masking
Applied denoising with 15.0% masking
Number of encoder layers: 3
Number of decoder layers (excluding heads): 3
Total number of layers including latent layer: 7
Epoch [1/113], Total Loss: 499004.3885, NLL: 3.0492, Masked: 28.3460, Reg: 499001.281043
Epoch [2/113], Total Loss: 169196.5259, NLL: 3.0493, Masked: 28.3461, Reg: 169193.412321
Epoch [3/113], Total Loss: 161195.3285, NLL: 3.0497, Masked: 28.3422, Reg: 161192.214432
Epoch [4/113], Total Loss: 157084.6045, NLL: 3.0503, Masked: 28.3476, Reg: 157081.489860
Epoch [5/113], Total Loss: 153171.9764, NLL: 3.0511, Masked: 28.3378, Reg: 153168.861379
Epoch [6/113], Total Loss: 149435.2630, NLL: 3.0522, Masked: 28.3514, Reg: 149432.147296
Epoch [7/113], Total Loss: 145733.9383, NLL: 3.0535, Masked: 28.3533, Reg: 145730.821053
Epoch [8/113], Total Loss: 142043.6020, NLL: 3.0551, Masked: 28.3434, Reg: 142040.482354
Epoch [9/113], Total Loss: 138329.0703, NLL: 3.0570, Masked: 28.3432, Reg: 138325.948658
Epoch [10/113], Total Loss: 134630.7364, NLL: 3.0591, Masked: 28.3457, Reg: 134627.612768
Epoch [11/113], Total Loss: 130938.9476, NLL: 3.0617, Masked: 28.3511, Reg: 130935.821241
Epoch [12/113], Total Loss: 127243.1556, NLL: 3.0646, Masked: 28.3586, Reg: 127240.026453
Epoch [13/113], Total Loss: 123522.7614, NLL: 3.0678, Masked: 28.3525, Reg: 123519.628637
Epoch [14/113], Total Loss: 119842.6621, NLL: 3.0714, Masked: 28.3532, Reg: 119839.526262
Epoch [15/113], Total Loss: 116126.0240, NLL: 3.0753, Masked: 28.3455, Reg: 116122.883672
Epoch [16/113], Total Loss: 112436.0371, NLL: 3.0797, Masked: 28.3483, Reg: 112432.892544
Epoch [17/113], Total Loss: 108730.6071, NLL: 3.0845, Masked: 28.3514, Reg: 108727.457672
Epoch [18/113], Total Loss: 105028.4302, NLL: 3.0897, Masked: 28.3542, Reg: 105025.275830
Epoch [19/113], Total Loss: 101326.6607, NLL: 3.0954, Masked: 28.3524, Reg: 101323.500325
Epoch [20/113], Total Loss: 97628.4368, NLL: 3.1015, Masked: 28.3648, Reg: 97625.270193
Epoch [21/113], Total Loss: 93915.2810, NLL: 3.1081, Masked: 28.3534, Reg: 93912.107885
Epoch [22/113], Total Loss: 90230.1129, NLL: 3.1152, Masked: 28.3336, Reg: 90226.932366
Epoch [23/113], Total Loss: 86512.7122, NLL: 3.1228, Masked: 28.3464, Reg: 86509.523887
Epoch [24/113], Total Loss: 82820.2627, NLL: 3.1310, Masked: 28.3636, Reg: 82817.066415
Epoch [25/113], Total Loss: 79116.6371, NLL: 3.1395, Masked: 28.3619, Reg: 79113.431938
Epoch [26/113], Total Loss: 75418.2206, NLL: 3.1488, Masked: 28.3424, Reg: 75415.006488
Epoch [27/113], Total Loss: 71706.2265, NLL: 3.1586, Masked: 28.3633, Reg: 71703.002300
Epoch [28/113], Total Loss: 68021.6019, NLL: 3.1689, Masked: 28.3604, Reg: 68018.367089
Epoch [29/113], Total Loss: 64307.8498, NLL: 3.1799, Masked: 28.3631, Reg: 64304.604076
Epoch [30/113], Total Loss: 60612.2103, NLL: 3.1913, Masked: 28.3581, Reg: 60608.953044
Epoch [31/113], Total Loss: 56913.2860, NLL: 3.2035, Masked: 28.3496, Reg: 56910.016260
Epoch [32/113], Total Loss: 53214.0929, NLL: 3.2162, Masked: 28.3572, Reg: 53210.810780
Epoch [33/113], Total Loss: 49501.7769, NLL: 3.2296, Masked: 28.3537, Reg: 49498.481120
Epoch [34/113], Total Loss: 45809.0569, NLL: 3.2435, Masked: 28.3542, Reg: 45805.746998
Epoch [35/113], Total Loss: 42096.0294, NLL: 3.2582, Masked: 28.3643, Reg: 42092.704821
Epoch [36/113], Total Loss: 38407.9579, NLL: 3.2734, Masked: 28.3664, Reg: 38404.617965
Epoch [37/113], Total Loss: 34695.6852, NLL: 3.2893, Masked: 28.3566, Reg: 34692.329205
Epoch [38/113], Total Loss: 31195.4813, NLL: 3.3050, Masked: 28.3564, Reg: 31192.109723
Epoch [39/113], Total Loss: 30332.0204, NLL: 3.3089, Masked: 28.3565, Reg: 30328.644869
Epoch [40/113], Total Loss: 30341.8361, NLL: 3.3089, Masked: 28.3546, Reg: 30338.460678
Epoch [41/113], Total Loss: 30337.6628, NLL: 3.3089, Masked: 28.3536, Reg: 30334.287275
Epoch [42/113], Total Loss: 30332.3951, NLL: 3.3089, Masked: 28.3395, Reg: 30329.019649
Epoch [43/113], Total Loss: 30344.4941, NLL: 3.3089, Masked: 28.3413, Reg: 30341.118603
Epoch [44/113], Total Loss: 30345.0476, NLL: 3.3089, Masked: 28.3626, Reg: 30341.672015
Epoch [45/113], Total Loss: 30322.6581, NLL: 3.3089, Masked: 28.3586, Reg: 30319.282578
Epoch [46/113], Total Loss: 30339.9614, NLL: 3.3089, Masked: 28.3485, Reg: 30336.585794
Epoch [47/113], Total Loss: 30333.1871, NLL: 3.3089, Masked: 28.3444, Reg: 30329.811512
Epoch [48/113], Total Loss: 30336.1020, NLL: 3.3089, Masked: 28.3548, Reg: 30332.726526
Epoch [49/113], Total Loss: 30327.2082, NLL: 3.3089, Masked: 28.3517, Reg: 30323.832737
Epoch [50/113], Total Loss: 30341.5879, NLL: 3.3089, Masked: 28.3554, Reg: 30338.212427
Epoch [51/113], Total Loss: 30318.4636, NLL: 3.3089, Masked: 28.3453, Reg: 30315.088173
Epoch [52/113], Total Loss: 30336.7216, NLL: 3.3089, Masked: 28.3485, Reg: 30333.346166
Epoch [53/113], Total Loss: 30337.2275, NLL: 3.3089, Masked: 28.3651, Reg: 30333.851851
Epoch [54/113], Total Loss: 30321.0702, NLL: 3.3089, Masked: 28.3543, Reg: 30317.694670
Epoch [55/113], Total Loss: 30329.4306, NLL: 3.3089, Masked: 28.3501, Reg: 30326.055089
Epoch [56/113], Total Loss: 30338.8610, NLL: 3.3089, Masked: 28.3598, Reg: 30335.485490
Epoch [57/113], Total Loss: 30322.2886, NLL: 3.3089, Masked: 28.3639, Reg: 30318.913007
Epoch [58/113], Total Loss: 30333.8104, NLL: 3.3089, Masked: 28.3619, Reg: 30330.434825
Epoch [59/113], Total Loss: 30328.1976, NLL: 3.3089, Masked: 28.3531, Reg: 30324.822081
Epoch [60/113], Total Loss: 30334.9134, NLL: 3.3089, Masked: 28.3312, Reg: 30331.537982
Epoch [61/113], Total Loss: 30320.2137, NLL: 3.3089, Masked: 28.3414, Reg: 30316.838120
Epoch [62/113], Total Loss: 30335.2106, NLL: 3.3089, Masked: 28.3551, Reg: 30331.835141
Epoch [63/113], Total Loss: 30315.3742, NLL: 3.3089, Masked: 28.3668, Reg: 30311.998663
Epoch [64/113], Total Loss: 30330.4514, NLL: 3.3089, Masked: 28.3592, Reg: 30327.075814
Epoch [65/113], Total Loss: 30325.0210, NLL: 3.3089, Masked: 28.3605, Reg: 30321.645627
Epoch [66/113], Total Loss: 30321.1579, NLL: 3.3089, Masked: 28.3534, Reg: 30317.782275
Epoch [67/113], Total Loss: 30326.8829, NLL: 3.3089, Masked: 28.3490, Reg: 30323.507403
Epoch [68/113], Total Loss: 30330.7722, NLL: 3.3089, Masked: 28.3560, Reg: 30327.396701
Epoch [69/113], Total Loss: 30316.1355, NLL: 3.3089, Masked: 28.3603, Reg: 30312.760067
Epoch [70/113], Total Loss: 30327.8212, NLL: 3.3089, Masked: 28.3701, Reg: 30324.445562
Epoch [71/113], Total Loss: 30324.3727, NLL: 3.3089, Masked: 28.3541, Reg: 30320.997188
Epoch [72/113], Total Loss: 30328.2660, NLL: 3.3089, Masked: 28.3447, Reg: 30324.890559
Epoch [73/113], Total Loss: 30318.5282, NLL: 3.3089, Masked: 28.3774, Reg: 30315.152644
Epoch [74/113], Total Loss: 30335.5861, NLL: 3.3089, Masked: 28.3591, Reg: 30332.210578
Epoch [75/113], Total Loss: 30313.8192, NLL: 3.3089, Masked: 28.3463, Reg: 30310.443761
Epoch [76/113], Total Loss: 30326.8785, NLL: 3.3089, Masked: 28.3540, Reg: 30323.502979
Epoch [77/113], Total Loss: 30321.6933, NLL: 3.3089, Masked: 28.3646, Reg: 30318.317775
Epoch [78/113], Total Loss: 30316.9855, NLL: 3.3089, Masked: 28.3657, Reg: 30313.609915
Epoch [79/113], Total Loss: 30323.5046, NLL: 3.3089, Masked: 28.3524, Reg: 30320.129052
Epoch [80/113], Total Loss: 30322.4640, NLL: 3.3089, Masked: 28.3688, Reg: 30319.088450
Epoch [81/113], Total Loss: 30312.1621, NLL: 3.3089, Masked: 28.3473, Reg: 30308.786623
Epoch [82/113], Total Loss: 30320.8873, NLL: 3.3089, Masked: 28.3574, Reg: 30317.511846
Epoch [83/113], Total Loss: 30312.6235, NLL: 3.3089, Masked: 28.3656, Reg: 30309.247955
Epoch [84/113], Total Loss: 30325.7598, NLL: 3.3089, Masked: 28.3497, Reg: 30322.384338
Epoch [85/113], Total Loss: 30313.9740, NLL: 3.3089, Masked: 28.3594, Reg: 30310.598503
Epoch [86/113], Total Loss: 30322.0178, NLL: 3.3089, Masked: 28.3524, Reg: 30318.642291
Epoch [87/113], Total Loss: 30308.0846, NLL: 3.3089, Masked: 28.3513, Reg: 30304.709087
Epoch [88/113], Total Loss: 30323.1058, NLL: 3.3089, Masked: 28.3359, Reg: 30319.730363
Epoch [89/113], Total Loss: 30315.8615, NLL: 3.3089, Masked: 28.3451, Reg: 30312.486028
Epoch [90/113], Total Loss: 30311.8404, NLL: 3.3089, Masked: 28.3603, Reg: 30308.464887
Epoch [91/113], Total Loss: 30311.5400, NLL: 3.3089, Masked: 28.3668, Reg: 30308.164472
Epoch [92/113], Total Loss: 30318.2371, NLL: 3.3089, Masked: 28.3584, Reg: 30314.861675
Epoch [93/113], Total Loss: 30306.2168, NLL: 3.3089, Masked: 28.3535, Reg: 30302.841293
Epoch [94/113], Total Loss: 30315.7127, NLL: 3.3089, Masked: 28.3402, Reg: 30312.337202
Epoch [95/113], Total Loss: 30312.6723, NLL: 3.3089, Masked: 28.3550, Reg: 30309.296777
Epoch [96/113], Total Loss: 30317.3301, NLL: 3.3089, Masked: 28.3540, Reg: 30313.954654
Epoch [97/113], Total Loss: 30305.3478, NLL: 3.3089, Masked: 28.3594, Reg: 30301.972279
Epoch [98/113], Total Loss: 30319.8040, NLL: 3.3089, Masked: 28.3356, Reg: 30316.428624
Epoch [99/113], Total Loss: 30304.5990, NLL: 3.3089, Masked: 28.3437, Reg: 30301.223586
Epoch [100/113], Total Loss: 30318.7824, NLL: 3.3089, Masked: 28.3450, Reg: 30315.406873
Epoch [101/113], Total Loss: 30310.0364, NLL: 3.3089, Masked: 28.3489, Reg: 30306.660894
Epoch [102/113], Total Loss: 30310.1772, NLL: 3.3089, Masked: 28.3394, Reg: 30306.801651
Epoch [103/113], Total Loss: 30310.7040, NLL: 3.3089, Masked: 28.3621, Reg: 30307.328469
Epoch [104/113], Total Loss: 30313.6591, NLL: 3.3089, Masked: 28.3444, Reg: 30310.283636
Epoch [105/113], Total Loss: 30299.5509, NLL: 3.3089, Masked: 28.3462, Reg: 30296.175394
Epoch [106/113], Total Loss: 30311.4029, NLL: 3.3089, Masked: 28.3648, Reg: 30308.027363
Epoch [107/113], Total Loss: 30302.1273, NLL: 3.3089, Masked: 28.3445, Reg: 30298.751770
Epoch [108/113], Total Loss: 30307.6812, NLL: 3.3089, Masked: 28.3407, Reg: 30304.305678
Epoch [109/113], Total Loss: 30301.6181, NLL: 3.3089, Masked: 28.3672, Reg: 30298.242537
Epoch [110/113], Total Loss: 30314.1557, NLL: 3.3089, Masked: 28.3462, Reg: 30310.780308
Epoch [111/113], Total Loss: 30294.9199, NLL: 3.3089, Masked: 28.3591, Reg: 30291.544279
Epoch [112/113], Total Loss: 30309.5090, NLL: 3.3089, Masked: 28.3662, Reg: 30306.133364
Epoch [113/113], Total Loss: 30308.6399, NLL: 3.3089, Masked: 28.3539, Reg: 30305.264358

==================================================
EVALUATING ON TRAINING DATA
==================================================

==================================================
TEST RESULTS
==================================================
Total Loss: 29695.956320
  - ZINB NLL: 3.308874
Total number of masked values: 1903525
  - Number of values with pi >= 0.6660854910505922: 0
  - Number of values with pi < 0.6660854910505922: 1903525
  - Masked Reconstruction: 28.355438
  - Regularization: 29692.579906
Mean Absolute Error (MAE): 26.392105
R² Score: -45.031120
==================================================


==================================================
EVALUATING ON VALIDATION DATA
Dataset size: 9992
==================================================


==================================================
TEST RESULTS
==================================================
Total Loss: 29695.946173
  - ZINB NLL: 3.304392
Total number of masked values: 2380909
  - Number of values with pi >= 0.6660854910505922: 0
  - Number of values with pi < 0.6660854910505922: 2380909
  - Masked Reconstruction: 25.960210
  - Regularization: 29692.579906
Mean Absolute Error (MAE): 26.280575
R² Score: -34.457218
==================================================


>>> Optimizing zinb_nll on VALIDATION set: 3.304392
>>> Full validation metrics: {'total_loss': 29695.94617256305, 'zinb_nll': 3.304391728104163, 'mae': 26.280574798583984, 'r2': -34.457218170166016, 'masked_loss': 25.960210052273386, 'reg_loss': 29692.579905509316}

Iteration No: 18 ended. Evaluation done at random point.
Time taken: 753.1869
Function value obtained: 3.3044
Current minimum: 0.8892
Iteration No: 19 started. Evaluating function at random point.

================================================================================
Trial with parameters:
  features: Centr
  step_size: 0.6375221930699251
  bin_size: 33
  sample_fraction: 0.5767546740084184
  moving_average: False
  first_layer_size_factor: 9
  num_layers: 3
  use_conv: True
  conv_channel: 29
  pool_size: 4
  kernel_size: 3
  epochs: 41
  batch_size: 32
  pi_threshold: 0.6918042114486035
  learning_rate: 3.357305095994098e-05
  dropout_rate: 0.00858055091587512
  masked_recon_weight: 1.1309872057560046
  regularizer: none
  regularization_weight: 0.0026554018141470353
================================================================================

len(layers): 3
Creating datasets with:
  features: ['Centr']
  bin_size: 33
  moving_average: False
  data_point_length: 2000 (from 2000)
  step_size: 1275 (from fraction 0.6375221930699251)
  layers: [np.int64(144), np.int64(72), np.int64(36)] (first=144, num=3)
  stride: 1 (fixed), padding: same (fixed)
  Using pre-determined chromosome split


Clipping outliers using 95th percentile * 1.5...
strain_yTW001: Clipping values above 134.25 (P95=89.50). Clipped 27529/1193409 values (2.31%)
strain_FD: Clipping values above 71.92 (P95=47.94). Clipped 95791/4127807 values (2.32%)
strain_dnrp: Clipping values above 243.00 (P95=162.00). Clipped 25649/1119454 values (2.29%)
strain_yEK19: Clipping values above 77.10 (P95=51.40). Clipped 83713/3893623 values (2.15%)
strain_yEK23: Clipping values above 72.00 (P95=48.00). Clipped 86381/3558407 values (2.43%)
strain_yWT03a: Clipping values above 15.00 (P95=10.00). Clipped 10602/347679 values (3.05%)
strain_yWT04a: Clipping values above 58.50 (P95=39.00). Clipped 21095/725406 values (2.91%)
strain_ylic137: Clipping values above 142.50 (P95=95.00). Clipped 28746/1112684 values (2.58%)

Splitting data using pre-determined chromosomes...
Standardizing features: ['Centr']
Column order in final array (Dataset/Chrom split): ['Value', 'Centromere_Distance', 'Value_Raw', 'Size_Factor']
Removing 0 empty data points out of 1304
Column order in final array (Dataset/Chrom split): ['Value', 'Centromere_Distance', 'Value_Raw', 'Size_Factor']
Removing 0 empty data points out of 464
Column order in final array (Dataset/Chrom split): ['Value', 'Centromere_Distance', 'Value_Raw', 'Size_Factor']
Removing 0 empty data points out of 512
Datasets created with shapes:
  Train: (1304, 2000, 4)
  Val: (464, 2000, 4)
  Test: (512, 2000, 4)
Datasets created:
  Train: (1304, 2000, 4), Val: (464, 2000, 4), Test: (512, 2000, 4)

Randomly sampled 752/1304 samples (57.7%)
Applied denoising with 15.0% masking
Applied denoising with 15.0% masking
Number of encoder layers: 3
Number of decoder layers (excluding heads): 3
Total number of layers including latent layer: 7
Epoch [1/41], Total Loss: 35.2458, NLL: 3.0318, Masked: 28.4831
Epoch [2/41], Total Loss: 35.0183, NLL: 3.0271, Masked: 28.2860
Epoch [3/41], Total Loss: 34.5260, NLL: 3.0178, Masked: 27.8591
Epoch [4/41], Total Loss: 33.3130, NLL: 2.9938, Masked: 26.8077
Epoch [5/41], Total Loss: 31.2334, NLL: 2.9500, Masked: 25.0077
Epoch [6/41], Total Loss: 28.3324, NLL: 2.8828, Masked: 22.5022
Epoch [7/41], Total Loss: 24.5320, NLL: 2.7869, Masked: 19.2267
Epoch [8/41], Total Loss: 20.1232, NLL: 2.6572, Masked: 15.4431
Epoch [9/41], Total Loss: 15.3210, NLL: 2.4817, Masked: 11.3523
Epoch [10/41], Total Loss: 10.9638, NLL: 2.2799, Masked: 7.6781
Epoch [11/41], Total Loss: 7.5872, NLL: 2.0723, Masked: 4.8762
Epoch [12/41], Total Loss: 5.5661, NLL: 1.9290, Masked: 3.2159
Epoch [13/41], Total Loss: 4.8723, NLL: 1.9099, Masked: 2.6193
Epoch [14/41], Total Loss: 4.7935, NLL: 1.9406, Masked: 2.5225
Epoch [15/41], Total Loss: 4.7861, NLL: 1.9384, Masked: 2.5179
Epoch [16/41], Total Loss: 4.7801, NLL: 1.9317, Masked: 2.5185
Epoch [17/41], Total Loss: 4.7642, NLL: 1.9243, Masked: 2.5110
Epoch [18/41], Total Loss: 4.7635, NLL: 1.9265, Masked: 2.5084
Epoch [19/41], Total Loss: 4.7547, NLL: 1.9213, Masked: 2.5052
Epoch [20/41], Total Loss: 4.7550, NLL: 1.9180, Masked: 2.5084
Epoch [21/41], Total Loss: 4.7576, NLL: 1.9156, Masked: 2.5129
Epoch [22/41], Total Loss: 4.7488, NLL: 1.9156, Masked: 2.5051
Epoch [23/41], Total Loss: 4.7437, NLL: 1.9174, Masked: 2.4990
Epoch [24/41], Total Loss: 4.7452, NLL: 1.9134, Masked: 2.5038
Epoch [25/41], Total Loss: 4.7460, NLL: 1.9131, Masked: 2.5048
Epoch [26/41], Total Loss: 4.7411, NLL: 1.9118, Masked: 2.5016
Epoch [27/41], Total Loss: 4.7464, NLL: 1.9115, Masked: 2.5066
Epoch [28/41], Total Loss: 4.7433, NLL: 1.9143, Masked: 2.5014
Epoch [29/41], Total Loss: 4.7445, NLL: 1.9138, Masked: 2.5029
Epoch [30/41], Total Loss: 4.7405, NLL: 1.9104, Masked: 2.5023
Epoch [31/41], Total Loss: 4.7440, NLL: 1.9126, Masked: 2.5035
Epoch [32/41], Total Loss: 4.7393, NLL: 1.9135, Masked: 2.4985
Epoch [33/41], Total Loss: 4.7393, NLL: 1.9123, Masked: 2.4995
Epoch [34/41], Total Loss: 4.7432, NLL: 1.9093, Masked: 2.5058
Epoch [35/41], Total Loss: 4.7413, NLL: 1.9125, Masked: 2.5011
Epoch [36/41], Total Loss: 4.7422, NLL: 1.9134, Masked: 2.5012
Epoch [37/41], Total Loss: 4.7394, NLL: 1.9113, Masked: 2.5005
Epoch [38/41], Total Loss: 4.7451, NLL: 1.9094, Masked: 2.5072
Epoch [39/41], Total Loss: 4.7413, NLL: 1.9108, Masked: 2.5027
Epoch [40/41], Total Loss: 4.7387, NLL: 1.9113, Masked: 2.5000
Epoch [41/41], Total Loss: 4.7363, NLL: 1.9119, Masked: 2.4973

==================================================
EVALUATING ON TRAINING DATA
==================================================

==================================================
TEST RESULTS
==================================================
Total Loss: 4.727760
  - ZINB NLL: 1.907740
Total number of masked values: 175602
  - Number of values with pi >= 0.6918042114486035: 0
  - Number of values with pi < 0.6918042114486035: 175602
  - Masked Reconstruction: 2.493416
Mean Absolute Error (MAE): 2.271310
R² Score: 0.044421
==================================================


==================================================
EVALUATING ON VALIDATION DATA
Dataset size: 464
==================================================


==================================================
TEST RESULTS
==================================================
Total Loss: 4.851653
  - ZINB NLL: 1.975457
Total number of masked values: 108162
  - Number of values with pi >= 0.6918042114486035: 0
  - Number of values with pi < 0.6918042114486035: 108162
  - Masked Reconstruction: 2.543084
Mean Absolute Error (MAE): 2.371169
R² Score: 0.022092
==================================================


>>> Optimizing zinb_nll on VALIDATION set: 1.975457
>>> Full validation metrics: {'total_loss': 4.851653025068086, 'zinb_nll': 1.9754573106765747, 'mae': 2.371168851852417, 'r2': 0.022092342376708984, 'masked_loss': 2.5430843213508867}

Iteration No: 19 ended. Evaluation done at random point.
Time taken: 48.0665
Function value obtained: 1.9755
Current minimum: 0.8892
Iteration No: 20 started. Evaluating function at random point.

================================================================================
Trial with parameters:
  features: Centr
  step_size: 0.7373302619820726
  bin_size: 3
  sample_fraction: 0.9618592986935396
  moving_average: False
  first_layer_size_factor: 29
  num_layers: 1
  use_conv: False
  conv_channel: 72
  pool_size: 5
  kernel_size: 7
  epochs: 104
  batch_size: 128
  pi_threshold: 0.677700638850067
  learning_rate: 0.00399573613052625
  dropout_rate: 0.3182017987230057
  masked_recon_weight: 1.59881118825287
  regularizer: none
  regularization_weight: 0.10317376801000101
================================================================================

len(layers): 1
Creating datasets with:
  features: ['Centr']
  bin_size: 3
  moving_average: False
  data_point_length: 2000 (from 2000)
  step_size: 1474 (from fraction 0.7373302619820726)
  layers: [np.int64(464)] (first=464, num=1)
  stride: 1 (fixed), padding: same (fixed)
  Using pre-determined chromosome split


Clipping outliers using 95th percentile * 1.5...
strain_yTW001: Clipping values above 134.25 (P95=89.50). Clipped 27529/1193409 values (2.31%)
strain_FD: Clipping values above 71.92 (P95=47.94). Clipped 95791/4127807 values (2.32%)
strain_dnrp: Clipping values above 243.00 (P95=162.00). Clipped 25649/1119454 values (2.29%)
strain_yEK19: Clipping values above 77.10 (P95=51.40). Clipped 83713/3893623 values (2.15%)
strain_yEK23: Clipping values above 72.00 (P95=48.00). Clipped 86381/3558407 values (2.43%)
strain_yWT03a: Clipping values above 15.00 (P95=10.00). Clipped 10602/347679 values (3.05%)
strain_yWT04a: Clipping values above 58.50 (P95=39.00). Clipped 21095/725406 values (2.91%)
strain_ylic137: Clipping values above 142.50 (P95=95.00). Clipped 28746/1112684 values (2.58%)

Splitting data using pre-determined chromosomes...
Standardizing features: ['Centr']
Column order in final array (Dataset/Chrom split): ['Value', 'Centromere_Distance', 'Value_Raw', 'Size_Factor']
Removing 0 empty data points out of 12568
Column order in final array (Dataset/Chrom split): ['Value', 'Centromere_Distance', 'Value_Raw', 'Size_Factor']
Removing 0 empty data points out of 4416
Column order in final array (Dataset/Chrom split): ['Value', 'Centromere_Distance', 'Value_Raw', 'Size_Factor']
Removing 0 empty data points out of 4888
Datasets created with shapes:
  Train: (12568, 2000, 4)
  Val: (4416, 2000, 4)
  Test: (4888, 2000, 4)
Datasets created:
  Train: (12568, 2000, 4), Val: (4416, 2000, 4), Test: (4888, 2000, 4)

Randomly sampled 12088/12568 samples (96.2%)
Applied denoising with 15.0% masking
Applied denoising with 15.0% masking
Number of encoder layers: 1
Number of decoder layers (excluding heads): 1
Total number of layers including latent layer: 3
Epoch [1/104], Total Loss: 33078.2311, NLL: 2.2631, Masked: 20687.8520
Epoch [2/104], Total Loss: 11.6829, NLL: 2.2159, Masked: 5.9212
Epoch [3/104], Total Loss: 11.6799, NLL: 2.2159, Masked: 5.9194
Epoch [4/104], Total Loss: 11.6837, NLL: 2.2159, Masked: 5.9218
Epoch [5/104], Total Loss: 11.6774, NLL: 2.2159, Masked: 5.9178
Epoch [6/104], Total Loss: 644.6747, NLL: 2.2159, Masked: 401.8354
Epoch [7/104], Total Loss: 11.6816, NLL: 2.2159, Masked: 5.9204
Epoch [8/104], Total Loss: 699.7848, NLL: 2.2159, Masked: 436.3047
Epoch [9/104], Total Loss: 11.6813, NLL: 2.2159, Masked: 5.9203
Epoch [10/104], Total Loss: 11.6827, NLL: 2.2159, Masked: 5.9211
Epoch [11/104], Total Loss: 11.6798, NLL: 2.2159, Masked: 5.9193
Epoch [12/104], Total Loss: 11.6821, NLL: 2.2159, Masked: 5.9208
Epoch [13/104], Total Loss: 11.6951, NLL: 2.2159, Masked: 5.9289
Epoch [14/104], Total Loss: 11.6845, NLL: 2.2159, Masked: 5.9223
Epoch [15/104], Total Loss: 11.6786, NLL: 2.2159, Masked: 5.9186
Epoch [16/104], Total Loss: 11.6849, NLL: 2.2159, Masked: 5.9225
Epoch [17/104], Total Loss: 11.6824, NLL: 2.2159, Masked: 5.9210
Epoch [18/104], Total Loss: 11.6861, NLL: 2.2159, Masked: 5.9233
Epoch [19/104], Total Loss: 11.6829, NLL: 2.2159, Masked: 5.9213
Epoch [20/104], Total Loss: 11.6800, NLL: 2.2159, Masked: 5.9195
Epoch [21/104], Total Loss: 11.6863, NLL: 2.2159, Masked: 5.9234
Epoch [22/104], Total Loss: 11.6805, NLL: 2.2159, Masked: 5.9198
Epoch [23/104], Total Loss: 11.6800, NLL: 2.2159, Masked: 5.9195
Epoch [24/104], Total Loss: 11.6829, NLL: 2.2159, Masked: 5.9213
Epoch [25/104], Total Loss: 11.6838, NLL: 2.2159, Masked: 5.9218
Epoch [26/104], Total Loss: 11.6816, NLL: 2.2159, Masked: 5.9205
Epoch [27/104], Total Loss: 11.6852, NLL: 2.2159, Masked: 5.9227
Epoch [28/104], Total Loss: 11.6851, NLL: 2.2159, Masked: 5.9226
Epoch [29/104], Total Loss: 11.6830, NLL: 2.2159, Masked: 5.9214
Epoch [30/104], Total Loss: 11.6839, NLL: 2.2159, Masked: 5.9219
Epoch [31/104], Total Loss: 11.6831, NLL: 2.2159, Masked: 5.9214
Epoch [32/104], Total Loss: 11.6880, NLL: 2.2159, Masked: 5.9244
Epoch [33/104], Total Loss: 11.6823, NLL: 2.2159, Masked: 5.9209
Epoch [34/104], Total Loss: 11.6837, NLL: 2.2159, Masked: 5.9218
Epoch [35/104], Total Loss: 11.6749, NLL: 2.2159, Masked: 5.9162
Epoch [36/104], Total Loss: 11.6858, NLL: 2.2159, Masked: 5.9231
Epoch [37/104], Total Loss: 11.6773, NLL: 2.2159, Masked: 5.9178
Epoch [38/104], Total Loss: 11.6877, NLL: 2.2159, Masked: 5.9243
Epoch [39/104], Total Loss: 11.6787, NLL: 2.2159, Masked: 5.9187
Epoch [40/104], Total Loss: 11.6770, NLL: 2.2159, Masked: 5.9176
Epoch [41/104], Total Loss: 11.6831, NLL: 2.2159, Masked: 5.9214
Epoch [42/104], Total Loss: 11.6766, NLL: 2.2159, Masked: 5.9174
Epoch [43/104], Total Loss: 11.6783, NLL: 2.2159, Masked: 5.9184
Epoch [44/104], Total Loss: 11.6825, NLL: 2.2159, Masked: 5.9210
Epoch [45/104], Total Loss: 11.6813, NLL: 2.2159, Masked: 5.9203
Epoch [46/104], Total Loss: 11.6796, NLL: 2.2159, Masked: 5.9192
Epoch [47/104], Total Loss: 11.6834, NLL: 2.2159, Masked: 5.9216
Epoch [48/104], Total Loss: 11.6845, NLL: 2.2159, Masked: 5.9223
Epoch [49/104], Total Loss: 11.6857, NLL: 2.2159, Masked: 5.9230
Epoch [50/104], Total Loss: 11.6840, NLL: 2.2159, Masked: 5.9219
Epoch [51/104], Total Loss: 11.6823, NLL: 2.2159, Masked: 5.9209
Epoch [52/104], Total Loss: 11.6862, NLL: 2.2159, Masked: 5.9234
Epoch [53/104], Total Loss: 11.6873, NLL: 2.2159, Masked: 5.9240
Epoch [54/104], Total Loss: 11.6854, NLL: 2.2159, Masked: 5.9228
Epoch [55/104], Total Loss: 11.6773, NLL: 2.2159, Masked: 5.9177
Epoch [56/104], Total Loss: 11.6867, NLL: 2.2159, Masked: 5.9237
Epoch [57/104], Total Loss: 11.6813, NLL: 2.2159, Masked: 5.9203
Epoch [58/104], Total Loss: 11.6855, NLL: 2.2159, Masked: 5.9229
Epoch [59/104], Total Loss: 11.6770, NLL: 2.2159, Masked: 5.9176
Epoch [60/104], Total Loss: 11.6849, NLL: 2.2159, Masked: 5.9226
Epoch [61/104], Total Loss: 11.6776, NLL: 2.2159, Masked: 5.9180
Epoch [62/104], Total Loss: 11.6808, NLL: 2.2159, Masked: 5.9200
Epoch [63/104], Total Loss: 11.6842, NLL: 2.2159, Masked: 5.9221
Epoch [64/104], Total Loss: 11.6800, NLL: 2.2159, Masked: 5.9195
Epoch [65/104], Total Loss: 11.6787, NLL: 2.2159, Masked: 5.9186
Epoch [66/104], Total Loss: 11.6784, NLL: 2.2159, Masked: 5.9184
Epoch [67/104], Total Loss: 11.6810, NLL: 2.2159, Masked: 5.9201
Epoch [68/104], Total Loss: 11.6834, NLL: 2.2159, Masked: 5.9216
Epoch [69/104], Total Loss: 11.6824, NLL: 2.2159, Masked: 5.9210
Epoch [70/104], Total Loss: 11.6865, NLL: 2.2159, Masked: 5.9235
Epoch [71/104], Total Loss: 11.6858, NLL: 2.2159, Masked: 5.9231
Epoch [72/104], Total Loss: 11.6886, NLL: 2.2159, Masked: 5.9248
Epoch [73/104], Total Loss: 11.6787, NLL: 2.2159, Masked: 5.9186
Epoch [74/104], Total Loss: 11.6798, NLL: 2.2159, Masked: 5.9193
Epoch [75/104], Total Loss: 11.6802, NLL: 2.2159, Masked: 5.9196
Epoch [76/104], Total Loss: 11.6829, NLL: 2.2159, Masked: 5.9213
Epoch [77/104], Total Loss: 11.6830, NLL: 2.2159, Masked: 5.9213
Epoch [78/104], Total Loss: 11.6796, NLL: 2.2159, Masked: 5.9192
Epoch [79/104], Total Loss: 11.6759, NLL: 2.2159, Masked: 5.9169
Epoch [80/104], Total Loss: 11.6787, NLL: 2.2159, Masked: 5.9186
Epoch [81/104], Total Loss: 11.6764, NLL: 2.2159, Masked: 5.9172
Epoch [82/104], Total Loss: 11.6855, NLL: 2.2159, Masked: 5.9229
Epoch [83/104], Total Loss: 11.6788, NLL: 2.2159, Masked: 5.9187
Epoch [84/104], Total Loss: 11.6801, NLL: 2.2159, Masked: 5.9196
Epoch [85/104], Total Loss: 11.6751, NLL: 2.2159, Masked: 5.9164
Epoch [86/104], Total Loss: 11.6818, NLL: 2.2159, Masked: 5.9206
Epoch [87/104], Total Loss: 11.6841, NLL: 2.2159, Masked: 5.9220
Epoch [88/104], Total Loss: 11.6838, NLL: 2.2159, Masked: 5.9219
Epoch [89/104], Total Loss: 11.6815, NLL: 2.2159, Masked: 5.9204
Epoch [90/104], Total Loss: 11.6854, NLL: 2.2159, Masked: 5.9229
Epoch [91/104], Total Loss: 11.6852, NLL: 2.2159, Masked: 5.9227
Epoch [92/104], Total Loss: 11.6810, NLL: 2.2159, Masked: 5.9201
Epoch [93/104], Total Loss: 11.6756, NLL: 2.2159, Masked: 5.9167
Epoch [94/104], Total Loss: 11.6831, NLL: 2.2159, Masked: 5.9214
Epoch [95/104], Total Loss: 11.6790, NLL: 2.2159, Masked: 5.9189
Epoch [96/104], Total Loss: 11.6833, NLL: 2.2159, Masked: 5.9216
Epoch [97/104], Total Loss: 11.6799, NLL: 2.2159, Masked: 5.9194
Epoch [98/104], Total Loss: 11.6819, NLL: 2.2159, Masked: 5.9207
Epoch [99/104], Total Loss: 11.6817, NLL: 2.2159, Masked: 5.9205
Epoch [100/104], Total Loss: 11.6781, NLL: 2.2159, Masked: 5.9183
Epoch [101/104], Total Loss: 11.6797, NLL: 2.2159, Masked: 5.9193
Epoch [102/104], Total Loss: 11.6830, NLL: 2.2159, Masked: 5.9214
Epoch [103/104], Total Loss: 11.6817, NLL: 2.2159, Masked: 5.9205
Epoch [104/104], Total Loss: 11.6776, NLL: 2.2159, Masked: 5.9180

==================================================
EVALUATING ON TRAINING DATA
==================================================

==================================================
TEST RESULTS
==================================================
Total Loss: 11.687321
  - ZINB NLL: 2.215892
Total number of masked values: 1212166
  - Number of values with pi >= 0.677700638850067: 0
  - Number of values with pi < 0.677700638850067: 1212166
  - Masked Reconstruction: 5.924045
Mean Absolute Error (MAE): 2.650398
R² Score: -0.027230
==================================================


==================================================
EVALUATING ON VALIDATION DATA
Dataset size: 4416
==================================================


==================================================
TEST RESULTS
==================================================
Total Loss: 11.891762
  - ZINB NLL: 2.271481
Total number of masked values: 443412
  - Number of values with pi >= 0.677700638850067: 0
  - Number of values with pi < 0.677700638850067: 443412
  - Masked Reconstruction: 6.017147
Mean Absolute Error (MAE): 2.728951
R² Score: -0.027329
==================================================


>>> Optimizing zinb_nll on VALIDATION set: 2.271481
>>> Full validation metrics: {'total_loss': 11.891762156417405, 'zinb_nll': 2.2714805862177974, 'mae': 2.7289514541625977, 'r2': -0.0273287296295166, 'masked_loss': 6.017146950182707}


*** Checkpoint saved at iteration 20 ***

Iteration No: 20 ended. Evaluation done at random point.
Time taken: 276.4759
Function value obtained: 2.2715
Current minimum: 0.8892

================================================================================
Trial with parameters:
  features: Centr_Nucl
  step_size: 0.8584031325520024
  bin_size: 41
  sample_fraction: 0.7194547525761796
  moving_average: False
  first_layer_size_factor: 67
  num_layers: 2
  use_conv: True
  conv_channel: 40
  pool_size: 4
  kernel_size: 3
  epochs: 104
  batch_size: 64
  pi_threshold: 0.5622890541522969
  learning_rate: 0.00014328141535811573
  dropout_rate: 0.3408068344863949
  masked_recon_weight: 0.023040838394677018
  regularizer: l1
  regularization_weight: 0.029666217745366992
================================================================================

len(layers): 2
Creating datasets with:
  features: ['Centr', 'Nucl']
  bin_size: 41
  moving_average: False
  data_point_length: 2000 (from 2000)
  step_size: 1716 (from fraction 0.8584031325520024)
  layers: [np.int64(1072), np.int64(536)] (first=1072, num=2)
  stride: 1 (fixed), padding: same (fixed)
  Using pre-determined chromosome split


Clipping outliers using 95th percentile * 1.5...
strain_yTW001: Clipping values above 134.25 (P95=89.50). Clipped 27529/1193409 values (2.31%)
strain_FD: Clipping values above 71.92 (P95=47.94). Clipped 95791/4127807 values (2.32%)
strain_dnrp: Clipping values above 243.00 (P95=162.00). Clipped 25649/1119454 values (2.29%)
strain_yEK19: Clipping values above 77.10 (P95=51.40). Clipped 83713/3893623 values (2.15%)
strain_yEK23: Clipping values above 72.00 (P95=48.00). Clipped 86381/3558407 values (2.43%)
strain_yWT03a: Clipping values above 15.00 (P95=10.00). Clipped 10602/347679 values (3.05%)
strain_yWT04a: Clipping values above 58.50 (P95=39.00). Clipped 21095/725406 values (2.91%)
strain_ylic137: Clipping values above 142.50 (P95=95.00). Clipped 28746/1112684 values (2.58%)

Splitting data using pre-determined chromosomes...
Standardizing features: ['Centr', 'Nucl']
Column order in final array (Dataset/Chrom split): ['Value', 'Nucleosome_Distance', 'Centromere_Distance', 'Value_Raw', 'Size_Factor']
Removing 0 empty data points out of 816
Column order in final array (Dataset/Chrom split): ['Value', 'Nucleosome_Distance', 'Centromere_Distance', 'Value_Raw', 'Size_Factor']
Removing 0 empty data points out of 280
Column order in final array (Dataset/Chrom split): ['Value', 'Nucleosome_Distance', 'Centromere_Distance', 'Value_Raw', 'Size_Factor']
Removing 0 empty data points out of 328
Datasets created with shapes:
  Train: (816, 2000, 5)
  Val: (280, 2000, 5)
  Test: (328, 2000, 5)
Datasets created:
  Train: (816, 2000, 5), Val: (280, 2000, 5), Test: (328, 2000, 5)

Randomly sampled 587/816 samples (71.9%)
Applied denoising with 15.0% masking
Applied denoising with 15.0% masking
Number of encoder layers: 2
Number of decoder layers (excluding heads): 2
Total number of layers including latent layer: 5
Epoch [1/104], Total Loss: 3177.5351, NLL: 3.0483, Masked: 27.9276, Reg: 3173.843497
Epoch [2/104], Total Loss: 2213.6315, NLL: 3.0479, Masked: 27.9164, Reg: 2209.940466
Epoch [3/104], Total Loss: 1527.5140, NLL: 3.0477, Masked: 27.9355, Reg: 1523.822676
Epoch [4/104], Total Loss: 1095.3124, NLL: 3.0476, Masked: 27.9298, Reg: 1091.621298
Epoch [5/104], Total Loss: 850.8762, NLL: 3.0476, Masked: 27.9271, Reg: 847.185146
Epoch [6/104], Total Loss: 753.6437, NLL: 3.0476, Masked: 27.9032, Reg: 749.953200
Epoch [7/104], Total Loss: 671.0308, NLL: 3.0477, Masked: 27.9307, Reg: 667.339605
Epoch [8/104], Total Loss: 612.4718, NLL: 3.0477, Masked: 27.9193, Reg: 608.780859
Epoch [9/104], Total Loss: 563.6129, NLL: 3.0477, Masked: 27.9267, Reg: 559.921717
Epoch [10/104], Total Loss: 520.3848, NLL: 3.0477, Masked: 27.9186, Reg: 516.693872
Epoch [11/104], Total Loss: 480.7233, NLL: 3.0477, Masked: 27.9327, Reg: 477.031949
Epoch [12/104], Total Loss: 444.2124, NLL: 3.0477, Masked: 27.9000, Reg: 440.521796
Epoch [13/104], Total Loss: 410.1448, NLL: 3.0478, Masked: 27.9247, Reg: 406.453593
Epoch [14/104], Total Loss: 378.6589, NLL: 3.0478, Masked: 27.9101, Reg: 374.968003
Epoch [15/104], Total Loss: 349.4343, NLL: 3.0478, Masked: 27.9465, Reg: 345.742581
Epoch [16/104], Total Loss: 322.5359, NLL: 3.0478, Masked: 27.9176, Reg: 318.844869
Epoch [17/104], Total Loss: 297.9541, NLL: 3.0479, Masked: 27.9059, Reg: 294.263259
Epoch [18/104], Total Loss: 275.8229, NLL: 3.0479, Masked: 27.9271, Reg: 272.131569
Epoch [19/104], Total Loss: 255.8268, NLL: 3.0479, Masked: 27.9173, Reg: 252.135653
Epoch [20/104], Total Loss: 238.1656, NLL: 3.0479, Masked: 27.9049, Reg: 234.474703
Epoch [21/104], Total Loss: 222.7887, NLL: 3.0479, Masked: 27.9257, Reg: 219.097325
Epoch [22/104], Total Loss: 209.7865, NLL: 3.0480, Masked: 27.9248, Reg: 206.095099
Epoch [23/104], Total Loss: 198.1292, NLL: 3.0480, Masked: 27.9480, Reg: 194.437233
Epoch [24/104], Total Loss: 187.6731, NLL: 3.0480, Masked: 27.9388, Reg: 183.981402
Epoch [25/104], Total Loss: 178.5032, NLL: 3.0480, Masked: 27.9127, Reg: 174.812061
Epoch [26/104], Total Loss: 170.6424, NLL: 3.0480, Masked: 27.9041, Reg: 166.951447
Epoch [27/104], Total Loss: 163.7992, NLL: 3.0481, Masked: 27.9368, Reg: 160.107434
Epoch [28/104], Total Loss: 158.0896, NLL: 3.0481, Masked: 27.8855, Reg: 154.399013
Epoch [29/104], Total Loss: 153.7167, NLL: 3.0481, Masked: 27.8963, Reg: 150.025873
Epoch [30/104], Total Loss: 150.3303, NLL: 3.0481, Masked: 27.9300, Reg: 146.638637
Epoch [31/104], Total Loss: 148.0722, NLL: 3.0482, Masked: 27.9270, Reg: 144.380547
Epoch [32/104], Total Loss: 146.1279, NLL: 3.0482, Masked: 27.9477, Reg: 142.435740
Epoch [33/104], Total Loss: 144.2391, NLL: 3.0482, Masked: 27.9308, Reg: 140.547366
Epoch [34/104], Total Loss: 142.8126, NLL: 3.0482, Masked: 27.8938, Reg: 139.121648
Epoch [35/104], Total Loss: 141.3816, NLL: 3.0483, Masked: 27.9153, Reg: 137.690134
Epoch [36/104], Total Loss: 140.1612, NLL: 3.0483, Masked: 27.9369, Reg: 136.469193
Epoch [37/104], Total Loss: 139.1215, NLL: 3.0483, Masked: 27.9016, Reg: 135.430343
Epoch [38/104], Total Loss: 138.1683, NLL: 3.0483, Masked: 27.9221, Reg: 134.476590
Epoch [39/104], Total Loss: 137.3420, NLL: 3.0483, Masked: 27.8918, Reg: 133.650965
Epoch [40/104], Total Loss: 136.7728, NLL: 3.0484, Masked: 27.9145, Reg: 133.081263
Epoch [41/104], Total Loss: 136.2502, NLL: 3.0484, Masked: 27.9149, Reg: 132.558580
Epoch [42/104], Total Loss: 135.7986, NLL: 3.0484, Masked: 27.9243, Reg: 132.106735
Epoch [43/104], Total Loss: 135.8100, NLL: 3.0484, Masked: 27.9138, Reg: 132.118425
Epoch [44/104], Total Loss: 135.5708, NLL: 3.0485, Masked: 27.9440, Reg: 131.878503
Epoch [45/104], Total Loss: 135.3690, NLL: 3.0485, Masked: 27.9420, Reg: 131.676735
Epoch [46/104], Total Loss: 135.3948, NLL: 3.0485, Masked: 27.9341, Reg: 131.702626
Epoch [47/104], Total Loss: 135.1822, NLL: 3.0485, Masked: 27.9140, Reg: 131.490472
Epoch [48/104], Total Loss: 135.1671, NLL: 3.0486, Masked: 27.9158, Reg: 131.475368
Epoch [49/104], Total Loss: 135.0076, NLL: 3.0486, Masked: 27.9215, Reg: 131.315707
Epoch [50/104], Total Loss: 134.9589, NLL: 3.0486, Masked: 27.9297, Reg: 131.266733
Epoch [51/104], Total Loss: 134.8533, NLL: 3.0486, Masked: 27.9098, Reg: 131.161615
Epoch [52/104], Total Loss: 134.7199, NLL: 3.0487, Masked: 27.9338, Reg: 131.027650
Epoch [53/104], Total Loss: 134.6219, NLL: 3.0487, Masked: 27.9405, Reg: 130.929416
Epoch [54/104], Total Loss: 134.5294, NLL: 3.0487, Masked: 27.9269, Reg: 130.837168
Epoch [55/104], Total Loss: 134.4886, NLL: 3.0488, Masked: 27.9286, Reg: 130.796319
Epoch [56/104], Total Loss: 134.3197, NLL: 3.0488, Masked: 27.9443, Reg: 130.627098
Epoch [57/104], Total Loss: 134.2614, NLL: 3.0488, Masked: 27.9371, Reg: 130.568907
Epoch [58/104], Total Loss: 134.1227, NLL: 3.0488, Masked: 27.9232, Reg: 130.430449
Epoch [59/104], Total Loss: 134.0236, NLL: 3.0489, Masked: 27.9266, Reg: 130.331264
Epoch [60/104], Total Loss: 134.0013, NLL: 3.0489, Masked: 27.9150, Reg: 130.309213
Epoch [61/104], Total Loss: 133.8150, NLL: 3.0489, Masked: 27.9214, Reg: 130.122710
Epoch [62/104], Total Loss: 133.7731, NLL: 3.0489, Masked: 27.9470, Reg: 130.080254
Epoch [63/104], Total Loss: 133.6350, NLL: 3.0490, Masked: 27.9138, Reg: 129.942875
Epoch [64/104], Total Loss: 133.5680, NLL: 3.0490, Masked: 27.9076, Reg: 129.875954
Epoch [65/104], Total Loss: 133.4645, NLL: 3.0490, Masked: 27.9347, Reg: 129.771839
Epoch [66/104], Total Loss: 133.3333, NLL: 3.0491, Masked: 27.9262, Reg: 129.640751
Epoch [67/104], Total Loss: 133.2488, NLL: 3.0491, Masked: 27.9448, Reg: 129.555825
Epoch [68/104], Total Loss: 133.2723, NLL: 3.0491, Masked: 27.9119, Reg: 129.580062
Epoch [69/104], Total Loss: 133.0193, NLL: 3.0491, Masked: 27.9155, Reg: 129.326988
Epoch [70/104], Total Loss: 132.9160, NLL: 3.0492, Masked: 27.9255, Reg: 129.223390
Epoch [71/104], Total Loss: 132.8763, NLL: 3.0492, Masked: 27.8909, Reg: 129.184432
Epoch [72/104], Total Loss: 132.8049, NLL: 3.0492, Masked: 27.9273, Reg: 129.112211
Epoch [73/104], Total Loss: 132.6927, NLL: 3.0493, Masked: 27.9434, Reg: 128.999637
Epoch [74/104], Total Loss: 132.5974, NLL: 3.0493, Masked: 27.9251, Reg: 128.904667
Epoch [75/104], Total Loss: 132.4089, NLL: 3.0493, Masked: 27.9180, Reg: 128.716325
Epoch [76/104], Total Loss: 132.4357, NLL: 3.0494, Masked: 27.9376, Reg: 128.742648
Epoch [77/104], Total Loss: 132.3710, NLL: 3.0494, Masked: 27.9081, Reg: 128.678581
Epoch [78/104], Total Loss: 132.0464, NLL: 3.0494, Masked: 27.9278, Reg: 128.353484
Epoch [79/104], Total Loss: 132.1523, NLL: 3.0494, Masked: 27.9227, Reg: 128.459485
Epoch [80/104], Total Loss: 132.0538, NLL: 3.0495, Masked: 27.9370, Reg: 128.360597
Epoch [81/104], Total Loss: 131.8839, NLL: 3.0495, Masked: 27.9333, Reg: 128.190741
Epoch [82/104], Total Loss: 131.7892, NLL: 3.0495, Masked: 27.9444, Reg: 128.095838
Epoch [83/104], Total Loss: 131.6270, NLL: 3.0496, Masked: 27.9186, Reg: 127.934143
Epoch [84/104], Total Loss: 131.6717, NLL: 3.0496, Masked: 27.9356, Reg: 127.978448
Epoch [85/104], Total Loss: 131.5902, NLL: 3.0496, Masked: 27.9407, Reg: 127.896839
Epoch [86/104], Total Loss: 131.4281, NLL: 3.0497, Masked: 27.9066, Reg: 127.735451
Epoch [87/104], Total Loss: 131.2200, NLL: 3.0497, Masked: 27.9067, Reg: 127.527287
Epoch [88/104], Total Loss: 131.2756, NLL: 3.0497, Masked: 27.9028, Reg: 127.583009
Epoch [89/104], Total Loss: 131.0992, NLL: 3.0498, Masked: 27.9151, Reg: 127.406222
Epoch [90/104], Total Loss: 131.0604, NLL: 3.0498, Masked: 27.9022, Reg: 127.367680
Epoch [91/104], Total Loss: 130.9718, NLL: 3.0498, Masked: 27.9360, Reg: 127.278273
Epoch [92/104], Total Loss: 130.8044, NLL: 3.0499, Masked: 27.9359, Reg: 127.110930
Epoch [93/104], Total Loss: 130.7539, NLL: 3.0499, Masked: 27.8925, Reg: 127.061364
Epoch [94/104], Total Loss: 130.6751, NLL: 3.0499, Masked: 27.9366, Reg: 126.981484
Epoch [95/104], Total Loss: 130.5012, NLL: 3.0500, Masked: 27.8926, Reg: 126.808607
Epoch [96/104], Total Loss: 130.4165, NLL: 3.0500, Masked: 27.9450, Reg: 126.722617
Epoch [97/104], Total Loss: 130.4476, NLL: 3.0500, Masked: 27.9305, Reg: 126.754000
Epoch [98/104], Total Loss: 130.2868, NLL: 3.0501, Masked: 27.9029, Reg: 126.593847
Epoch [99/104], Total Loss: 130.1610, NLL: 3.0501, Masked: 27.9367, Reg: 126.467246
Epoch [100/104], Total Loss: 129.9787, NLL: 3.0501, Masked: 27.9377, Reg: 126.284845
Epoch [101/104], Total Loss: 129.9993, NLL: 3.0502, Masked: 27.9376, Reg: 126.305462
Epoch [102/104], Total Loss: 129.9811, NLL: 3.0502, Masked: 27.9198, Reg: 126.287572
Epoch [103/104], Total Loss: 129.7554, NLL: 3.0502, Masked: 27.9153, Reg: 126.061989
Epoch [104/104], Total Loss: 129.6920, NLL: 3.0503, Masked: 27.9229, Reg: 125.998396

==================================================
EVALUATING ON TRAINING DATA
==================================================

==================================================
TEST RESULTS
==================================================
Total Loss: 129.641045
  - ZINB NLL: 3.050280
Total number of masked values: 143192
  - Number of values with pi >= 0.5622890541522969: 0
  - Number of values with pi < 0.5622890541522969: 143192
  - Masked Reconstruction: 27.905740
  - Regularization: 125.947797
Mean Absolute Error (MAE): 25.986586
R² Score: -47.854870
==================================================


==================================================
EVALUATING ON VALIDATION DATA
Dataset size: 280
==================================================


==================================================
TEST RESULTS
==================================================
Total Loss: 129.648699
  - ZINB NLL: 3.073926
Total number of masked values: 68412
  - Number of values with pi >= 0.5622890541522969: 0
  - Number of values with pi < 0.5622890541522969: 68412
  - Masked Reconstruction: 27.211714
  - Regularization: 125.947797
Mean Absolute Error (MAE): 26.283474
R² Score: -30.263474
==================================================


>>> Optimizing zinb_nll on VALIDATION set: 3.073926
>>> Full validation metrics: {'total_loss': 129.64869864327568, 'zinb_nll': 3.0739255360194613, 'mae': 26.28347396850586, 'r2': -30.263473510742188, 'masked_loss': 27.211714444841657, 'reg_loss': 125.9477970688346}

Iteration No: 21 ended. Search finished for the next optimal point.
Time taken: 336.1109
Function value obtained: 3.0739
Current minimum: 0.8892

Optimization result saved to: AE/results/bayesian_optimization/bayesian_opt_result_zinb_nll_20260223_210815.pkl
Result metadata saved to: AE/results/bayesian_optimization/bayesian_opt_result_zinb_nll_20260223_210815_metadata.json
All trial results saved to: AE/results/bayesian_optimization/all_trials_zinb_nll_20260223_210815.json

################################################################################
# Optimization Complete!
# Optimized metric: zinb_nll on VALIDATION set
# Best validation zinb_nll: 0.889181
# Total trials: 170
# Best parameters:
#   features: Centr
#   step_size: 0.25
#   bin_size: 1
#   sample_fraction: 1.0
#   moving_average: False
#   first_layer_size_factor: 100
#   num_layers: 1
#   use_conv: False
#   conv_channel: 128
#   pool_size: 8
#   kernel_size: 7
#   epochs: 30
#   batch_size: 32
#   pi_threshold: 0.7
#   learning_rate: 1e-05
#   dropout_rate: 0.0
#   masked_recon_weight: 0.001
#   regularizer: l2
#   regularization_weight: 1e-05
################################################################################


################################################################################
# Evaluating Best Model on TEST SET
################################################################################

Retraining with best parameters and evaluating on test set...
  features: ['Centr']
  bin_size: 1
  layers: [np.int64(1600)]


Clipping outliers using 95th percentile * 1.5...
strain_yTW001: Clipping values above 134.25 (P95=89.50). Clipped 27529/1193409 values (2.31%)
strain_FD: Clipping values above 71.92 (P95=47.94). Clipped 95791/4127807 values (2.32%)
strain_dnrp: Clipping values above 243.00 (P95=162.00). Clipped 25649/1119454 values (2.29%)
strain_yEK19: Clipping values above 77.10 (P95=51.40). Clipped 83713/3893623 values (2.15%)
strain_yEK23: Clipping values above 72.00 (P95=48.00). Clipped 86381/3558407 values (2.43%)
strain_yWT03a: Clipping values above 15.00 (P95=10.00). Clipped 10602/347679 values (3.05%)
strain_yWT04a: Clipping values above 58.50 (P95=39.00). Clipped 21095/725406 values (2.91%)
strain_ylic137: Clipping values above 142.50 (P95=95.00). Clipped 28746/1112684 values (2.58%)

Splitting data using pre-determined chromosomes...
Standardizing features: ['Centr']
Column order in final array (Dataset/Chrom split): ['Value', 'Centromere_Distance', 'Value_Raw', 'Size_Factor']
Removing 0 empty data points out of 110768
Column order in final array (Dataset/Chrom split): ['Value', 'Centromere_Distance', 'Value_Raw', 'Size_Factor']
Removing 0 empty data points out of 38952
Column order in final array (Dataset/Chrom split): ['Value', 'Centromere_Distance', 'Value_Raw', 'Size_Factor']
Removing 0 empty data points out of 43096
Datasets created:
  Train: (110768, 2000, 4)
  Val: (38952, 2000, 4)
  Test: (43096, 2000, 4)

Applied denoising with 15.0% masking

Creating test dataloader:
  Test set size: 43096
  Batch size: 32
Applied denoising with 15.0% masking
  Dataloader created: 43096 samples, 1347 batches
Number of encoder layers: 1
Number of decoder layers (excluding heads): 1
Total number of layers including latent layer: 3
Epoch [1/30], Total Loss: 1.1921, NLL: 1.1759, Masked: 16.1560, Reg: 0.091917
Epoch [2/30], Total Loss: 0.9904, NLL: 0.9758, Masked: 14.5875, Reg: 0.090662
Epoch [3/30], Total Loss: 0.9841, NLL: 0.9698, Masked: 14.2912, Reg: 0.089160
Epoch [4/30], Total Loss: 0.9646, NLL: 0.9511, Masked: 13.5512, Reg: 0.087997
Epoch [5/30], Total Loss: 0.9382, NLL: 0.9253, Masked: 12.8625, Reg: 0.087188
Epoch [6/30], Total Loss: 0.9280, NLL: 0.9152, Masked: 12.7236, Reg: 0.086024
Epoch [7/30], Total Loss: 0.9248, NLL: 0.9121, Masked: 12.6902, Reg: 0.084637
Epoch [8/30], Total Loss: 0.9229, NLL: 0.9102, Masked: 12.6772, Reg: 0.083159
Epoch [9/30], Total Loss: 0.9189, NLL: 0.9063, Masked: 12.6099, Reg: 0.081743
Epoch [10/30], Total Loss: 0.9161, NLL: 0.9035, Masked: 12.5799, Reg: 0.080313
Epoch [11/30], Total Loss: 0.9135, NLL: 0.9010, Masked: 12.5402, Reg: 0.078920
Epoch [12/30], Total Loss: 0.9124, NLL: 0.8999, Masked: 12.5306, Reg: 0.077510
Epoch [13/30], Total Loss: 0.9115, NLL: 0.8990, Masked: 12.5279, Reg: 0.076112
Epoch [14/30], Total Loss: 0.9108, NLL: 0.8983, Masked: 12.5145, Reg: 0.074738
Epoch [15/30], Total Loss: 0.9099, NLL: 0.8974, Masked: 12.5033, Reg: 0.073399
Epoch [16/30], Total Loss: 0.9088, NLL: 0.8963, Masked: 12.4775, Reg: 0.072129
Epoch [17/30], Total Loss: 0.9075, NLL: 0.8950, Masked: 12.4554, Reg: 0.070879
Epoch [18/30], Total Loss: 0.9066, NLL: 0.8942, Masked: 12.4445, Reg: 0.069666
Epoch [19/30], Total Loss: 0.9055, NLL: 0.8931, Masked: 12.4255, Reg: 0.068483
Epoch [20/30], Total Loss: 0.9047, NLL: 0.8923, Masked: 12.4066, Reg: 0.067326
Epoch [21/30], Total Loss: 0.9039, NLL: 0.8915, Masked: 12.3918, Reg: 0.066204
Epoch [22/30], Total Loss: 0.9032, NLL: 0.8908, Masked: 12.3808, Reg: 0.065089
Epoch [23/30], Total Loss: 0.9025, NLL: 0.8902, Masked: 12.3736, Reg: 0.064000
Epoch [24/30], Total Loss: 0.9018, NLL: 0.8895, Masked: 12.3579, Reg: 0.062947
Epoch [25/30], Total Loss: 0.9012, NLL: 0.8888, Masked: 12.3496, Reg: 0.061930
Epoch [26/30], Total Loss: 0.9004, NLL: 0.8881, Masked: 12.3253, Reg: 0.060931
Epoch [27/30], Total Loss: 0.8997, NLL: 0.8873, Masked: 12.3039, Reg: 0.059971
Epoch [28/30], Total Loss: 0.8987, NLL: 0.8864, Masked: 12.2865, Reg: 0.059079
Epoch [29/30], Total Loss: 0.8977, NLL: 0.8854, Masked: 12.2729, Reg: 0.058194
Epoch [30/30], Total Loss: 0.8967, NLL: 0.8845, Masked: 12.2452, Reg: 0.057324

==================================================
EVALUATING ON TRAINING DATA
==================================================

==================================================
TEST RESULTS
==================================================
Total Loss: 0.895848
  - ZINB NLL: 0.883598
Total number of masked values: 5414025
  - Number of values with pi >= 0.7: 1996439
  - Number of values with pi < 0.7: 3417586
  - Masked Reconstruction: 12.249559
  - Regularization: 0.056895
Mean Absolute Error (MAE): 3.397976
R² Score: -0.041153
==================================================


==================================================
EVALUATING ON TEST DATA
Dataset size: 43096
==================================================


==================================================
TEST RESULTS
==================================================
Total Loss: 0.932614
  - ZINB NLL: 0.919125
Total number of masked values: 2192181
  - Number of values with pi >= 0.7: 742198
  - Number of values with pi < 0.7: 1449983
  - Masked Reconstruction: 13.488862
  - Regularization: 0.056895
Mean Absolute Error (MAE): 3.575794
R² Score: 0.064129
==================================================


################################################################################
# TEST SET EVALUATION COMPLETE
# Test metrics: {'total_loss': 0.9326141574828904, 'zinb_nll': 0.9191252953248938, 'mae': 3.575793504714966, 'r2': 0.06412911415100098, 'masked_loss': 13.488861823626346, 'reg_loss': 0.05689478515625011}
################################################################################

Test results saved to: AE/results/bayesian_optimization/test_results_zinb_nll_20260223_210815.json

