Device: cuda

================================================================================
Determining chromosome split (will be consistent across all trials)...
================================================================================


Chromosome split determined:
  Train chromosomes: ['ChrIII', 'ChrIV', 'ChrIX', 'ChrVI', 'ChrVII', 'ChrX', 'ChrXI', 'ChrXIII', 'ChrXVI']
  Validation chromosomes: ['ChrVIII', 'ChrXIV', 'ChrXV']
  Test chromosomes: ['ChrI', 'ChrII', 'ChrV', 'ChrXII']

Chromosome split saved to: AE/results/bayesian_optimization/chromosome_split_20260307_114626.json


################################################################################
# Starting Bayesian Hyperparameter Optimization
# Optimizing metric: masked_loss on VALIDATION set
# Number of trials: 150
# Initial random points: 20
# Random state: 42
# Parallel jobs: 1
# Checkpoint will be saved to: AE/results/bayesian_optimization/checkpoints/checkpoint_masked_loss_20260307_114626.pkl
################################################################################

Iteration No: 1 started. Evaluating function at random point.

================================================================================
Trial with parameters:
  features: Nucl
  step_size: 0.3875760923996229
  bin_size: 16
  sample_fraction: 0.6976376184598654
  moving_average: False
  first_layer_size_factor: 14
  num_layers: 2
  use_conv: True
  conv_channel: 32
  pool_size: 6
  kernel_size: 3
  epochs: 117
  batch_size: 128
  pi_threshold: 0.30031150633640574
  learning_rate: 0.009476210031010525
  dropout_rate: 0.3087407548138583
  masked_recon_weight: 0.2796485951606247
  regularizer: l1
  regularization_weight: 1.4502303019631352e-05
================================================================================

len(layers): 2
Creating datasets with:
  features: ['Nucl']
  bin_size: 16
  moving_average: False
  data_point_length: 2000 (from 2000)
  step_size: 775 (from fraction 0.3875760923996229)
  layers: [np.int64(224), np.int64(112)] (first=224, num=2)
  stride: 1 (fixed), padding: same (fixed)
  Using pre-determined chromosome split


Clipping outliers using 95th percentile * 1.5...
strain_yTW001: Clipping values above 134.25 (P95=89.50). Clipped 27529/1193409 values (2.31%)
strain_FD: Clipping values above 71.92 (P95=47.94). Clipped 95791/4127807 values (2.32%)
strain_dnrp: Clipping values above 243.00 (P95=162.00). Clipped 25649/1119454 values (2.29%)
strain_yEK19: Clipping values above 77.10 (P95=51.40). Clipped 83713/3893623 values (2.15%)
strain_yEK23: Clipping values above 72.00 (P95=48.00). Clipped 86381/3558407 values (2.43%)
strain_yWT03a: Clipping values above 15.00 (P95=10.00). Clipped 10602/347679 values (3.05%)
strain_yWT04a: Clipping values above 58.50 (P95=39.00). Clipped 21095/725406 values (2.91%)
strain_ylic137: Clipping values above 142.50 (P95=95.00). Clipped 28746/1112684 values (2.58%)

Splitting data using pre-determined chromosomes...
Standardizing features: ['Nucl']
Column order in final array (Dataset/Chrom split): ['Value', 'Nucleosome_Distance', 'Value_Raw', 'Size_Factor']
Removing 0 empty data points out of 4384
Column order in final array (Dataset/Chrom split): ['Value', 'Nucleosome_Distance', 'Value_Raw', 'Size_Factor']
Removing 0 empty data points out of 1544
Column order in final array (Dataset/Chrom split): ['Value', 'Nucleosome_Distance', 'Value_Raw', 'Size_Factor']
Removing 0 empty data points out of 1700
Datasets created with shapes:
  Train: (4384, 2000, 4)
  Val: (1544, 2000, 4)
  Test: (1700, 2000, 4)
Datasets created:
  Train: (4384, 2000, 4), Val: (1544, 2000, 4), Test: (1700, 2000, 4)

Randomly sampled 3058/4384 samples (69.8%)
Applied denoising with 15.0% masking
Applied denoising with 15.0% masking
Number of encoder layers: 2
Number of decoder layers (excluding heads): 2
Total number of layers including latent layer: 5
Epoch [1/117], Total Loss: 4.4574, NLL: 2.3386, Masked: 5.3965, Reg: 0.609674
Epoch [2/117], Total Loss: 3.4790, NLL: 2.0447, Masked: 3.2488, Reg: 0.525769
Epoch [3/117], Total Loss: 3.2623, NLL: 1.9813, Masked: 3.2222, Reg: 0.379889
Epoch [4/117], Total Loss: 3.2141, NLL: 1.9745, Masked: 3.2340, Reg: 0.335154
Epoch [5/117], Total Loss: 3.1307, NLL: 1.9518, Masked: 3.1935, Reg: 0.285880
Epoch [6/117], Total Loss: 3.0566, NLL: 1.9208, Masked: 3.1659, Reg: 0.250444
Epoch [7/117], Total Loss: 3.0249, NLL: 1.9134, Masked: 3.1538, Reg: 0.229524
Epoch [8/117], Total Loss: 3.0159, NLL: 1.9167, Masked: 3.1479, Reg: 0.218873
Epoch [9/117], Total Loss: 2.9893, NLL: 1.9051, Masked: 3.1525, Reg: 0.202652
Epoch [10/117], Total Loss: 2.9671, NLL: 1.9011, Masked: 3.1311, Reg: 0.190448
Epoch [11/117], Total Loss: 2.9509, NLL: 1.8991, Masked: 3.1287, Reg: 0.176922
Epoch [12/117], Total Loss: 2.9454, NLL: 1.9013, Masked: 3.1334, Reg: 0.167801
Epoch [13/117], Total Loss: 2.9451, NLL: 1.9048, Masked: 3.1324, Reg: 0.164356
Epoch [14/117], Total Loss: 2.9434, NLL: 1.9048, Masked: 3.1350, Reg: 0.161842
Epoch [15/117], Total Loss: 2.9335, NLL: 1.9009, Masked: 3.1408, Reg: 0.154188
Epoch [16/117], Total Loss: 2.9290, NLL: 1.9044, Masked: 3.1228, Reg: 0.151369
Epoch [17/117], Total Loss: 2.9299, NLL: 1.9017, Masked: 3.1302, Reg: 0.152858
Epoch [18/117], Total Loss: 2.9265, NLL: 1.9011, Masked: 3.1218, Reg: 0.152421
Epoch [19/117], Total Loss: 2.9264, NLL: 1.9005, Masked: 3.1257, Reg: 0.151837
Epoch [20/117], Total Loss: 2.9267, NLL: 1.8988, Masked: 3.1309, Reg: 0.152329
Epoch [21/117], Total Loss: 2.9217, NLL: 1.8987, Masked: 3.1224, Reg: 0.149834
Epoch [22/117], Total Loss: 2.9263, NLL: 1.9014, Masked: 3.1351, Reg: 0.148138
Epoch [23/117], Total Loss: 2.9159, NLL: 1.8964, Masked: 3.1227, Reg: 0.146335
Epoch [24/117], Total Loss: 2.9174, NLL: 1.8929, Masked: 3.1298, Reg: 0.149299
Epoch [25/117], Total Loss: 2.9199, NLL: 1.9002, Masked: 3.1209, Reg: 0.146908
Epoch [26/117], Total Loss: 2.9154, NLL: 1.8950, Masked: 3.1215, Reg: 0.147447
Epoch [27/117], Total Loss: 2.9127, NLL: 1.8941, Masked: 3.1196, Reg: 0.146212
Epoch [28/117], Total Loss: 2.9130, NLL: 1.8923, Masked: 3.1233, Reg: 0.147345
Epoch [29/117], Total Loss: 2.9163, NLL: 1.8939, Masked: 3.1187, Reg: 0.150244
Epoch [30/117], Total Loss: 2.9145, NLL: 1.8918, Masked: 3.1190, Reg: 0.150395
Epoch [31/117], Total Loss: 2.9181, NLL: 1.8946, Masked: 3.1208, Reg: 0.150774
Epoch [32/117], Total Loss: 2.9166, NLL: 1.8931, Masked: 3.1216, Reg: 0.150585
Epoch [33/117], Total Loss: 2.9188, NLL: 1.8920, Masked: 3.1161, Reg: 0.155368
Epoch [34/117], Total Loss: 2.9218, NLL: 1.8929, Masked: 3.1287, Reg: 0.153950
Epoch [35/117], Total Loss: 2.9164, NLL: 1.8926, Masked: 3.1151, Reg: 0.152737
Epoch [36/117], Total Loss: 2.9128, NLL: 1.8917, Masked: 3.1212, Reg: 0.148329
Epoch [37/117], Total Loss: 2.9158, NLL: 1.8906, Masked: 3.1217, Reg: 0.152223
Epoch [38/117], Total Loss: 2.9144, NLL: 1.8914, Masked: 3.1183, Reg: 0.150969
Epoch [39/117], Total Loss: 2.9108, NLL: 1.8911, Masked: 3.1166, Reg: 0.148185
Epoch [40/117], Total Loss: 2.9097, NLL: 1.8910, Masked: 3.1189, Reg: 0.146532
Epoch [41/117], Total Loss: 2.9066, NLL: 1.8889, Masked: 3.1129, Reg: 0.147232
Epoch [42/117], Total Loss: 2.9065, NLL: 1.8887, Masked: 3.1126, Reg: 0.147359
Epoch [43/117], Total Loss: 2.9075, NLL: 1.8887, Masked: 3.1129, Reg: 0.148188
Epoch [44/117], Total Loss: 2.9092, NLL: 1.8891, Masked: 3.1116, Reg: 0.149967
Epoch [45/117], Total Loss: 2.9142, NLL: 1.8920, Masked: 3.1157, Reg: 0.150948
Epoch [46/117], Total Loss: 2.9122, NLL: 1.8885, Masked: 3.1136, Reg: 0.152933
Epoch [47/117], Total Loss: 2.9101, NLL: 1.8887, Masked: 3.1163, Reg: 0.149859
Epoch [48/117], Total Loss: 2.9038, NLL: 1.8860, Masked: 3.1106, Reg: 0.147923
Epoch [49/117], Total Loss: 2.9035, NLL: 1.8873, Masked: 3.1102, Reg: 0.146422
Epoch [50/117], Total Loss: 2.9058, NLL: 1.8878, Masked: 3.1135, Reg: 0.147250
Epoch [51/117], Total Loss: 2.9046, NLL: 1.8874, Masked: 3.1123, Reg: 0.146818
Epoch [52/117], Total Loss: 2.9076, NLL: 1.8889, Masked: 3.1139, Reg: 0.147957
Epoch [53/117], Total Loss: 2.9013, NLL: 1.8850, Masked: 3.1111, Reg: 0.146310
Epoch [54/117], Total Loss: 2.9061, NLL: 1.8894, Masked: 3.1075, Reg: 0.147745
Epoch [55/117], Total Loss: 2.9000, NLL: 1.8865, Masked: 3.1098, Reg: 0.143845
Epoch [56/117], Total Loss: 2.9035, NLL: 1.8863, Masked: 3.1163, Reg: 0.145639
Epoch [57/117], Total Loss: 2.9021, NLL: 1.8863, Masked: 3.1090, Reg: 0.146333
Epoch [58/117], Total Loss: 2.9029, NLL: 1.8861, Masked: 3.1098, Reg: 0.147106
Epoch [59/117], Total Loss: 2.9067, NLL: 1.8896, Masked: 3.1080, Reg: 0.147960
Epoch [60/117], Total Loss: 2.9043, NLL: 1.8880, Masked: 3.1173, Reg: 0.144614
Epoch [61/117], Total Loss: 2.9013, NLL: 1.8870, Masked: 3.1077, Reg: 0.145163
Epoch [62/117], Total Loss: 2.8964, NLL: 1.8862, Masked: 3.1028, Reg: 0.142466
Epoch [63/117], Total Loss: 2.8973, NLL: 1.8861, Masked: 3.1074, Reg: 0.142188
Epoch [64/117], Total Loss: 2.8974, NLL: 1.8863, Masked: 3.1064, Reg: 0.142356
Epoch [65/117], Total Loss: 2.8978, NLL: 1.8849, Masked: 3.1110, Reg: 0.142939
Epoch [66/117], Total Loss: 2.8984, NLL: 1.8897, Masked: 3.1041, Reg: 0.140658
Epoch [67/117], Total Loss: 2.8936, NLL: 1.8847, Masked: 3.1101, Reg: 0.139168
Epoch [68/117], Total Loss: 2.9003, NLL: 1.8877, Masked: 3.1123, Reg: 0.142327
Epoch [69/117], Total Loss: 2.8964, NLL: 1.8867, Masked: 3.1103, Reg: 0.139911
Epoch [70/117], Total Loss: 2.8946, NLL: 1.8846, Masked: 3.1103, Reg: 0.140239
Epoch [71/117], Total Loss: 2.8928, NLL: 1.8838, Masked: 3.1010, Reg: 0.141775
Epoch [72/117], Total Loss: 2.8951, NLL: 1.8860, Masked: 3.1067, Reg: 0.140229
Epoch [73/117], Total Loss: 2.8942, NLL: 1.8851, Masked: 3.1004, Reg: 0.142050
Epoch [74/117], Total Loss: 2.8929, NLL: 1.8842, Masked: 3.1063, Reg: 0.140106
Epoch [75/117], Total Loss: 2.8967, NLL: 1.8862, Masked: 3.1112, Reg: 0.140400
Epoch [76/117], Total Loss: 2.8971, NLL: 1.8872, Masked: 3.1007, Reg: 0.142774
Epoch [77/117], Total Loss: 2.8911, NLL: 1.8823, Masked: 3.1016, Reg: 0.141498
Epoch [78/117], Total Loss: 2.8928, NLL: 1.8852, Masked: 3.1014, Reg: 0.140212
Epoch [79/117], Total Loss: 2.8940, NLL: 1.8839, Masked: 3.1060, Reg: 0.141497
Epoch [80/117], Total Loss: 2.8952, NLL: 1.8850, Masked: 3.1052, Reg: 0.141836
Epoch [81/117], Total Loss: 2.8916, NLL: 1.8849, Masked: 3.0993, Reg: 0.139987
Epoch [82/117], Total Loss: 2.8933, NLL: 1.8843, Masked: 3.1048, Reg: 0.140780
Epoch [83/117], Total Loss: 2.8929, NLL: 1.8867, Masked: 3.1027, Reg: 0.138529
Epoch [84/117], Total Loss: 2.8974, NLL: 1.8849, Masked: 3.1082, Reg: 0.143312
Epoch [85/117], Total Loss: 2.8948, NLL: 1.8850, Masked: 3.1028, Reg: 0.142122
Epoch [86/117], Total Loss: 2.8950, NLL: 1.8851, Masked: 3.0997, Reg: 0.143058
Epoch [87/117], Total Loss: 2.8986, NLL: 1.8880, Masked: 3.1059, Reg: 0.142053
Epoch [88/117], Total Loss: 2.8945, NLL: 1.8834, Masked: 3.1084, Reg: 0.141917
Epoch [89/117], Total Loss: 2.8972, NLL: 1.8863, Masked: 3.1014, Reg: 0.143629
Epoch [90/117], Total Loss: 2.8988, NLL: 1.8859, Masked: 3.1107, Reg: 0.142978
Epoch [91/117], Total Loss: 2.8965, NLL: 1.8865, Masked: 3.1002, Reg: 0.142955
Epoch [92/117], Total Loss: 2.8978, NLL: 1.8849, Masked: 3.1045, Reg: 0.144710
Epoch [93/117], Total Loss: 2.8904, NLL: 1.8835, Masked: 3.0979, Reg: 0.140571
Epoch [94/117], Total Loss: 2.8916, NLL: 1.8871, Masked: 3.1000, Reg: 0.137566
Epoch [95/117], Total Loss: 2.8909, NLL: 1.8841, Masked: 3.1059, Reg: 0.138220
Epoch [96/117], Total Loss: 2.8938, NLL: 1.8861, Masked: 3.1036, Reg: 0.139708
Epoch [97/117], Total Loss: 2.8892, NLL: 1.8853, Masked: 3.1019, Reg: 0.136516
Epoch [98/117], Total Loss: 2.8891, NLL: 1.8862, Masked: 3.1002, Reg: 0.135885
Epoch [99/117], Total Loss: 2.8890, NLL: 1.8835, Masked: 3.1043, Reg: 0.137333
Epoch [100/117], Total Loss: 2.8874, NLL: 1.8845, Masked: 3.0982, Reg: 0.136445
Epoch [101/117], Total Loss: 2.8846, NLL: 1.8835, Masked: 3.0974, Reg: 0.134913
Epoch [102/117], Total Loss: 2.8874, NLL: 1.8850, Masked: 3.0988, Reg: 0.135838
Epoch [103/117], Total Loss: 2.8891, NLL: 1.8870, Masked: 3.1018, Reg: 0.134698
Epoch [104/117], Total Loss: 2.8889, NLL: 1.8828, Masked: 3.1045, Reg: 0.138018
Epoch [105/117], Total Loss: 2.8878, NLL: 1.8841, Masked: 3.0938, Reg: 0.138521
Epoch [106/117], Total Loss: 2.8871, NLL: 1.8833, Masked: 3.0998, Reg: 0.137015
Epoch [107/117], Total Loss: 2.8922, NLL: 1.8870, Masked: 3.1048, Reg: 0.136979
Epoch [108/117], Total Loss: 2.8880, NLL: 1.8844, Masked: 3.0995, Reg: 0.136776
Epoch [109/117], Total Loss: 2.8897, NLL: 1.8861, Masked: 3.1020, Reg: 0.136146
Epoch [110/117], Total Loss: 2.8893, NLL: 1.8837, Masked: 3.0966, Reg: 0.139570
Epoch [111/117], Total Loss: 2.8879, NLL: 1.8835, Masked: 3.0988, Reg: 0.137824
Epoch [112/117], Total Loss: 2.8917, NLL: 1.8875, Masked: 3.1065, Reg: 0.135499
Epoch [113/117], Total Loss: 2.8906, NLL: 1.8864, Masked: 3.1018, Reg: 0.136797
Epoch [114/117], Total Loss: 2.8883, NLL: 1.8841, Masked: 3.0967, Reg: 0.138289
Epoch [115/117], Total Loss: 2.8924, NLL: 1.8834, Masked: 3.1044, Reg: 0.140806
Epoch [116/117], Total Loss: 2.8922, NLL: 1.8861, Masked: 3.1023, Reg: 0.138554
Epoch [117/117], Total Loss: 2.8930, NLL: 1.8879, Masked: 3.1035, Reg: 0.137228

==================================================
EVALUATING ON TRAINING DATA
==================================================

==================================================
TEST RESULTS
==================================================
Total Loss: 2.863843
  - ZINB NLL: 1.889280
Total number of masked values: 594563
  - Number of values with pi >= 0.30031150633640574: 0
  - Number of values with pi < 0.30031150633640574: 594563
  - Masked Reconstruction: 2.991054
  - Regularization: 0.138119
Mean Absolute Error (MAE): 2.444758
R² Score: 0.054289
==================================================


==================================================
EVALUATING ON VALIDATION DATA
Dataset size: 1544
==================================================


==================================================
TEST RESULTS
==================================================
Total Loss: 2.876837
  - ZINB NLL: 1.915213
Total number of masked values: 299244
  - Number of values with pi >= 0.30031150633640574: 0
  - Number of values with pi < 0.30031150633640574: 299244
  - Masked Reconstruction: 2.944786
  - Regularization: 0.138119
Mean Absolute Error (MAE): 2.494870
R² Score: 0.043393
==================================================


>>> Optimizing masked_loss on VALIDATION set: 2.944786
>>> Full validation metrics: {'total_loss': 2.876837362279546, 'zinb_nll': 1.9152128807621298, 'mae': 2.494870185852051, 'r2': 0.043392717838287354, 'masked_loss': 2.944785888948589, 'reg_loss': 0.13811928248832553}

Iteration No: 1 ended. Evaluation done at random point.
Time taken: 96.8724
Function value obtained: 2.9448
Current minimum: 2.9448
Iteration No: 2 started. Evaluating function at random point.

================================================================================
Trial with parameters:
  features: Centr
  step_size: 0.5498957287864417
  bin_size: 2
  sample_fraction: 0.9803166391310946
  moving_average: False
  first_layer_size_factor: 13
  num_layers: 3
  use_conv: True
  conv_channel: 126
  pool_size: 5
  kernel_size: 9
  epochs: 112
  batch_size: 64
  pi_threshold: 0.3053059844639466
  learning_rate: 0.006708188643346291
  dropout_rate: 0.2816441089227697
  masked_recon_weight: 0.034806953267852735
  regularizer: l1
  regularization_weight: 0.0004132917911457906
================================================================================

len(layers): 3
Creating datasets with:
  features: ['Centr']
  bin_size: 2
  moving_average: False
  data_point_length: 2000 (from 2000)
  step_size: 1099 (from fraction 0.5498957287864417)
  layers: [np.int64(208), np.int64(104), np.int64(52)] (first=208, num=3)
  stride: 1 (fixed), padding: same (fixed)
  Using pre-determined chromosome split


Clipping outliers using 95th percentile * 1.5...
strain_yTW001: Clipping values above 134.25 (P95=89.50). Clipped 27529/1193409 values (2.31%)
strain_FD: Clipping values above 71.92 (P95=47.94). Clipped 95791/4127807 values (2.32%)
strain_dnrp: Clipping values above 243.00 (P95=162.00). Clipped 25649/1119454 values (2.29%)
strain_yEK19: Clipping values above 77.10 (P95=51.40). Clipped 83713/3893623 values (2.15%)
strain_yEK23: Clipping values above 72.00 (P95=48.00). Clipped 86381/3558407 values (2.43%)
strain_yWT03a: Clipping values above 15.00 (P95=10.00). Clipped 10602/347679 values (3.05%)
strain_yWT04a: Clipping values above 58.50 (P95=39.00). Clipped 21095/725406 values (2.91%)
strain_ylic137: Clipping values above 142.50 (P95=95.00). Clipped 28746/1112684 values (2.58%)

Splitting data using pre-determined chromosomes...
Standardizing features: ['Centr']
Column order in final array (Dataset/Chrom split): ['Value', 'Centromere_Distance', 'Value_Raw', 'Size_Factor']
Removing 0 empty data points out of 25224
Column order in final array (Dataset/Chrom split): ['Value', 'Centromere_Distance', 'Value_Raw', 'Size_Factor']
Removing 0 empty data points out of 8872
Column order in final array (Dataset/Chrom split): ['Value', 'Centromere_Distance', 'Value_Raw', 'Size_Factor']
Removing 0 empty data points out of 9808
Datasets created with shapes:
  Train: (25224, 2000, 4)
  Val: (8872, 2000, 4)
  Test: (9808, 2000, 4)
Datasets created:
  Train: (25224, 2000, 4), Val: (8872, 2000, 4), Test: (9808, 2000, 4)

Randomly sampled 24727/25224 samples (98.0%)
Applied denoising with 15.0% masking
Applied denoising with 15.0% masking
Number of encoder layers: 3
Number of decoder layers (excluding heads): 3
Total number of layers including latent layer: 7
Epoch [1/112], Total Loss: 7.6846, NLL: 1.7833, Masked: 14.1419, Reg: 5.409013
Epoch [2/112], Total Loss: 6.1693, NLL: 1.6155, Masked: 8.3404, Reg: 4.263453
Epoch [3/112], Total Loss: 6.1588, NLL: 1.6201, Masked: 8.3433, Reg: 4.248225
Epoch [4/112], Total Loss: 6.1465, NLL: 1.6232, Masked: 8.3397, Reg: 4.232978
Epoch [5/112], Total Loss: 6.1456, NLL: 1.6253, Masked: 8.3443, Reg: 4.229918
Epoch [6/112], Total Loss: 6.1345, NLL: 1.6270, Masked: 8.3397, Reg: 4.217239
Epoch [7/112], Total Loss: 6.1305, NLL: 1.6281, Masked: 8.3405, Reg: 4.212146
Epoch [8/112], Total Loss: 6.1269, NLL: 1.6290, Masked: 8.3510, Reg: 4.207233
Epoch [9/112], Total Loss: 6.1250, NLL: 1.6294, Masked: 8.3409, Reg: 4.205293
Epoch [10/112], Total Loss: 6.1245, NLL: 1.6294, Masked: 8.3417, Reg: 4.204722
Epoch [11/112], Total Loss: 6.1265, NLL: 1.6294, Masked: 8.3387, Reg: 4.206823
Epoch [12/112], Total Loss: 6.1257, NLL: 1.6294, Masked: 8.3327, Reg: 4.206245
Epoch [13/112], Total Loss: 6.1242, NLL: 1.6294, Masked: 8.3394, Reg: 4.204561
Epoch [14/112], Total Loss: 6.1229, NLL: 1.6294, Masked: 8.3405, Reg: 4.203177
Epoch [15/112], Total Loss: 6.1264, NLL: 1.6294, Masked: 8.3404, Reg: 4.206684
Epoch [16/112], Total Loss: 6.1260, NLL: 1.6294, Masked: 8.3394, Reg: 4.206359
Epoch [17/112], Total Loss: 6.1263, NLL: 1.6294, Masked: 8.3380, Reg: 4.206686
Epoch [18/112], Total Loss: 6.1253, NLL: 1.6294, Masked: 8.3481, Reg: 4.205311
Epoch [19/112], Total Loss: 6.1315, NLL: 1.6294, Masked: 8.3422, Reg: 4.211740
Epoch [20/112], Total Loss: 6.1328, NLL: 1.6294, Masked: 8.3425, Reg: 4.213072
Epoch [21/112], Total Loss: 6.1365, NLL: 1.6294, Masked: 8.3432, Reg: 4.216725
Epoch [22/112], Total Loss: 6.1313, NLL: 1.6294, Masked: 8.3469, Reg: 4.211380
Epoch [23/112], Total Loss: 6.1325, NLL: 1.6294, Masked: 8.3449, Reg: 4.212624
Epoch [24/112], Total Loss: 6.1330, NLL: 1.6294, Masked: 8.3389, Reg: 4.213397
Epoch [25/112], Total Loss: 6.1367, NLL: 1.6294, Masked: 8.3488, Reg: 4.216696
Epoch [26/112], Total Loss: 6.1375, NLL: 1.6294, Masked: 8.3390, Reg: 4.217828
Epoch [27/112], Total Loss: 6.1364, NLL: 1.6294, Masked: 8.3425, Reg: 4.216656
Epoch [28/112], Total Loss: 6.1352, NLL: 1.6294, Masked: 8.3443, Reg: 4.215354
Epoch [29/112], Total Loss: 6.1359, NLL: 1.6294, Masked: 8.3438, Reg: 4.216085
Epoch [30/112], Total Loss: 6.1335, NLL: 1.6294, Masked: 8.3435, Reg: 4.213759
Epoch [31/112], Total Loss: 6.1389, NLL: 1.6294, Masked: 8.3438, Reg: 4.219142
Epoch [32/112], Total Loss: 6.1380, NLL: 1.6294, Masked: 8.3435, Reg: 4.218261
Epoch [33/112], Total Loss: 6.1393, NLL: 1.6294, Masked: 8.3398, Reg: 4.219673
Epoch [34/112], Total Loss: 6.1389, NLL: 1.6294, Masked: 8.3446, Reg: 4.219104
Epoch [35/112], Total Loss: 6.1404, NLL: 1.6294, Masked: 8.3436, Reg: 4.220611
Epoch [36/112], Total Loss: 6.1421, NLL: 1.6294, Masked: 8.3398, Reg: 4.222454
Epoch [37/112], Total Loss: 6.1424, NLL: 1.6294, Masked: 8.3463, Reg: 4.222531
Epoch [38/112], Total Loss: 6.1413, NLL: 1.6294, Masked: 8.3385, Reg: 4.221665
Epoch [39/112], Total Loss: 6.1471, NLL: 1.6294, Masked: 8.3432, Reg: 4.227316
Epoch [40/112], Total Loss: 6.1444, NLL: 1.6294, Masked: 8.3404, Reg: 4.224763
Epoch [41/112], Total Loss: 6.1486, NLL: 1.6294, Masked: 8.3428, Reg: 4.228830
Epoch [42/112], Total Loss: 6.1463, NLL: 1.6294, Masked: 8.3401, Reg: 4.226581
Epoch [43/112], Total Loss: 6.1455, NLL: 1.6294, Masked: 8.3390, Reg: 4.225912
Epoch [44/112], Total Loss: 6.1477, NLL: 1.6294, Masked: 8.3433, Reg: 4.227877
Epoch [45/112], Total Loss: 6.1444, NLL: 1.6294, Masked: 8.3415, Reg: 4.224724
Epoch [46/112], Total Loss: 6.1407, NLL: 1.6294, Masked: 8.3403, Reg: 4.221015
Epoch [47/112], Total Loss: 6.1410, NLL: 1.6294, Masked: 8.3374, Reg: 4.221413
Epoch [48/112], Total Loss: 6.1404, NLL: 1.6294, Masked: 8.3383, Reg: 4.220825
Epoch [49/112], Total Loss: 6.1436, NLL: 1.6294, Masked: 8.3405, Reg: 4.223874
Epoch [50/112], Total Loss: 6.1406, NLL: 1.6294, Masked: 8.3437, Reg: 4.220852
Epoch [51/112], Total Loss: 6.1405, NLL: 1.6294, Masked: 8.3441, Reg: 4.220650
Epoch [52/112], Total Loss: 6.1412, NLL: 1.6294, Masked: 8.3432, Reg: 4.221433
Epoch [53/112], Total Loss: 6.1417, NLL: 1.6294, Masked: 8.3422, Reg: 4.221996
Epoch [54/112], Total Loss: 6.1383, NLL: 1.6294, Masked: 8.3480, Reg: 4.218382
Epoch [55/112], Total Loss: 6.1401, NLL: 1.6294, Masked: 8.3430, Reg: 4.220283
Epoch [56/112], Total Loss: 6.1351, NLL: 1.6294, Masked: 8.3459, Reg: 4.215220
Epoch [57/112], Total Loss: 6.1358, NLL: 1.6294, Masked: 8.3474, Reg: 4.215859
Epoch [58/112], Total Loss: 6.1327, NLL: 1.6294, Masked: 8.3379, Reg: 4.213085
Epoch [59/112], Total Loss: 6.1317, NLL: 1.6294, Masked: 8.3422, Reg: 4.211989
Epoch [60/112], Total Loss: 6.1324, NLL: 1.6294, Masked: 8.3395, Reg: 4.212707
Epoch [61/112], Total Loss: 6.1320, NLL: 1.6294, Masked: 8.3401, Reg: 4.212292
Epoch [62/112], Total Loss: 6.1292, NLL: 1.6294, Masked: 8.3403, Reg: 4.209484
Epoch [63/112], Total Loss: 6.1307, NLL: 1.6294, Masked: 8.3393, Reg: 4.211027
Epoch [64/112], Total Loss: 6.1280, NLL: 1.6294, Masked: 8.3446, Reg: 4.208168
Epoch [65/112], Total Loss: 6.1289, NLL: 1.6294, Masked: 8.3364, Reg: 4.209403
Epoch [66/112], Total Loss: 6.1254, NLL: 1.6294, Masked: 8.3433, Reg: 4.205595
Epoch [67/112], Total Loss: 6.1235, NLL: 1.6294, Masked: 8.3450, Reg: 4.203651
Epoch [68/112], Total Loss: 6.1240, NLL: 1.6294, Masked: 8.3446, Reg: 4.204192
Epoch [69/112], Total Loss: 6.1227, NLL: 1.6294, Masked: 8.3377, Reg: 4.203139
Epoch [70/112], Total Loss: 6.1230, NLL: 1.6294, Masked: 8.3444, Reg: 4.203194
Epoch [71/112], Total Loss: 6.1258, NLL: 1.6294, Masked: 8.3394, Reg: 4.206134
Epoch [72/112], Total Loss: 6.1250, NLL: 1.6294, Masked: 8.3413, Reg: 4.205299
Epoch [73/112], Total Loss: 6.1305, NLL: 1.6294, Masked: 8.3385, Reg: 4.210931
Epoch [74/112], Total Loss: 6.1260, NLL: 1.6294, Masked: 8.3448, Reg: 4.206134
Epoch [75/112], Total Loss: 6.1337, NLL: 1.6294, Masked: 8.3411, Reg: 4.213961
Epoch [76/112], Total Loss: 6.1355, NLL: 1.6294, Masked: 8.3399, Reg: 4.215844
Epoch [77/112], Total Loss: 6.1375, NLL: 1.6294, Masked: 8.3427, Reg: 4.217693
Epoch [78/112], Total Loss: 6.1411, NLL: 1.6294, Masked: 8.3343, Reg: 4.221674
Epoch [79/112], Total Loss: 6.1449, NLL: 1.6294, Masked: 8.3413, Reg: 4.225204
Epoch [80/112], Total Loss: 6.1511, NLL: 1.6294, Masked: 8.3431, Reg: 4.231282
Epoch [81/112], Total Loss: 6.1564, NLL: 1.6294, Masked: 8.3387, Reg: 4.236761
Epoch [82/112], Total Loss: 6.1577, NLL: 1.6294, Masked: 8.3395, Reg: 4.238004
Epoch [83/112], Total Loss: 6.1618, NLL: 1.6294, Masked: 8.3382, Reg: 4.242216
Epoch [84/112], Total Loss: 6.1624, NLL: 1.6294, Masked: 8.3424, Reg: 4.242628
Epoch [85/112], Total Loss: 6.1646, NLL: 1.6294, Masked: 8.3393, Reg: 4.244913
Epoch [86/112], Total Loss: 6.1621, NLL: 1.6294, Masked: 8.3431, Reg: 4.242329
Epoch [87/112], Total Loss: 6.1608, NLL: 1.6294, Masked: 8.3420, Reg: 4.241104
Epoch [88/112], Total Loss: 6.1574, NLL: 1.6294, Masked: 8.3366, Reg: 4.237822
Epoch [89/112], Total Loss: 6.1570, NLL: 1.6294, Masked: 8.3464, Reg: 4.237071
Epoch [90/112], Total Loss: 6.1500, NLL: 1.6294, Masked: 8.3439, Reg: 4.230168
Epoch [91/112], Total Loss: 6.1480, NLL: 1.6294, Masked: 8.3392, Reg: 4.228393
Epoch [92/112], Total Loss: 6.1439, NLL: 1.6294, Masked: 8.3383, Reg: 4.224281
Epoch [93/112], Total Loss: 6.1403, NLL: 1.6294, Masked: 8.3412, Reg: 4.220594
Epoch [94/112], Total Loss: 6.1335, NLL: 1.6294, Masked: 8.3448, Reg: 4.213687
Epoch [95/112], Total Loss: 6.1293, NLL: 1.6294, Masked: 8.3412, Reg: 4.209629
Epoch [96/112], Total Loss: 6.1222, NLL: 1.6294, Masked: 8.3401, Reg: 4.202502
Epoch [97/112], Total Loss: 6.1190, NLL: 1.6294, Masked: 8.3398, Reg: 4.199292
Epoch [98/112], Total Loss: 6.1133, NLL: 1.6294, Masked: 8.3427, Reg: 4.193492
Epoch [99/112], Total Loss: 6.1119, NLL: 1.6294, Masked: 8.3406, Reg: 4.192224
Epoch [100/112], Total Loss: 6.1112, NLL: 1.6294, Masked: 8.3392, Reg: 4.191599
Epoch [101/112], Total Loss: 6.1084, NLL: 1.6294, Masked: 8.3431, Reg: 4.188573
Epoch [102/112], Total Loss: 6.1080, NLL: 1.6294, Masked: 8.3472, Reg: 4.188032
Epoch [103/112], Total Loss: 6.1109, NLL: 1.6294, Masked: 8.3421, Reg: 4.191182
Epoch [104/112], Total Loss: 6.1137, NLL: 1.6294, Masked: 8.3417, Reg: 4.193978
Epoch [105/112], Total Loss: 6.1204, NLL: 1.6294, Masked: 8.3434, Reg: 4.200629
Epoch [106/112], Total Loss: 6.1183, NLL: 1.6294, Masked: 8.3442, Reg: 4.198485
Epoch [107/112], Total Loss: 6.1251, NLL: 1.6294, Masked: 8.3395, Reg: 4.205459
Epoch [108/112], Total Loss: 6.1307, NLL: 1.6294, Masked: 8.3434, Reg: 4.210960
Epoch [109/112], Total Loss: 6.1393, NLL: 1.6294, Masked: 8.3395, Reg: 4.219613
Epoch [110/112], Total Loss: 6.1430, NLL: 1.6294, Masked: 8.3431, Reg: 4.223178
Epoch [111/112], Total Loss: 6.1473, NLL: 1.6294, Masked: 8.3399, Reg: 4.227584
Epoch [112/112], Total Loss: 6.1527, NLL: 1.6294, Masked: 8.3422, Reg: 4.232962

==================================================
EVALUATING ON TRAINING DATA
==================================================

==================================================
TEST RESULTS
==================================================
Total Loss: 6.410684
  - ZINB NLL: 1.629369
Total number of masked values: 1945133
  - Number of values with pi >= 0.3053059844639466: 1945133
  - Number of values with pi < 0.3053059844639466: 0
  - Masked Reconstruction: 8.342402
  - Regularization: 4.490941
Mean Absolute Error (MAE): 2.198158
R² Score: -0.069928
==================================================


==================================================
EVALUATING ON VALIDATION DATA
Dataset size: 8872
==================================================


==================================================
TEST RESULTS
==================================================
Total Loss: 6.431765
  - ZINB NLL: 1.639481
Total number of masked values: 702804
  - Number of values with pi >= 0.3053059844639466: 702804
  - Number of values with pi < 0.3053059844639466: 0
  - Masked Reconstruction: 8.657544
  - Regularization: 4.490941
Mean Absolute Error (MAE): 2.289627
R² Score: -0.068166
==================================================


>>> Optimizing masked_loss on VALIDATION set: 8.657544
>>> Full validation metrics: {'total_loss': 6.431764650387846, 'zinb_nll': 1.6394808838451307, 'mae': 2.2896270751953125, 'r2': -0.06816577911376953, 'masked_loss': 8.657544481743553, 'reg_loss': 4.490941208459046}

Iteration No: 2 ended. Evaluation done at random point.
Time taken: 681.0259
Function value obtained: 8.6575
Current minimum: 2.9448
Iteration No: 3 started. Evaluating function at random point.

================================================================================
Trial with parameters:
  features: Centr_Nucl
  step_size: 0.7624476391190937
  bin_size: 13
  sample_fraction: 0.8748961838021234
  moving_average: False
  first_layer_size_factor: 42
  num_layers: 2
  use_conv: False
  conv_channel: 64
  pool_size: 3
  kernel_size: 7
  epochs: 34
  batch_size: 128
  pi_threshold: 0.47990165334790624
  learning_rate: 0.0001532677239138411
  dropout_rate: 0.4633294328968972
  masked_recon_weight: 0.8111253665497065
  regularizer: l1
  regularization_weight: 0.09842554332336143
================================================================================

len(layers): 2
Creating datasets with:
  features: ['Centr', 'Nucl']
  bin_size: 13
  moving_average: False
  data_point_length: 2000 (from 2000)
  step_size: 1524 (from fraction 0.7624476391190937)
  layers: [np.int64(672), np.int64(336)] (first=672, num=2)
  stride: 1 (fixed), padding: same (fixed)
  Using pre-determined chromosome split


Clipping outliers using 95th percentile * 1.5...
strain_yTW001: Clipping values above 134.25 (P95=89.50). Clipped 27529/1193409 values (2.31%)
strain_FD: Clipping values above 71.92 (P95=47.94). Clipped 95791/4127807 values (2.32%)
strain_dnrp: Clipping values above 243.00 (P95=162.00). Clipped 25649/1119454 values (2.29%)
strain_yEK19: Clipping values above 77.10 (P95=51.40). Clipped 83713/3893623 values (2.15%)
strain_yEK23: Clipping values above 72.00 (P95=48.00). Clipped 86381/3558407 values (2.43%)
strain_yWT03a: Clipping values above 15.00 (P95=10.00). Clipped 10602/347679 values (3.05%)
strain_yWT04a: Clipping values above 58.50 (P95=39.00). Clipped 21095/725406 values (2.91%)
strain_ylic137: Clipping values above 142.50 (P95=95.00). Clipped 28746/1112684 values (2.58%)

Splitting data using pre-determined chromosomes...
Standardizing features: ['Centr', 'Nucl']
Column order in final array (Dataset/Chrom split): ['Value', 'Nucleosome_Distance', 'Centromere_Distance', 'Value_Raw', 'Size_Factor']
Removing 0 empty data points out of 2816
Column order in final array (Dataset/Chrom split): ['Value', 'Nucleosome_Distance', 'Centromere_Distance', 'Value_Raw', 'Size_Factor']
Removing 0 empty data points out of 992
Column order in final array (Dataset/Chrom split): ['Value', 'Nucleosome_Distance', 'Centromere_Distance', 'Value_Raw', 'Size_Factor']
Removing 0 empty data points out of 1096
Datasets created with shapes:
  Train: (2816, 2000, 5)
  Val: (992, 2000, 5)
  Test: (1096, 2000, 5)
Datasets created:
  Train: (2816, 2000, 5), Val: (992, 2000, 5), Test: (1096, 2000, 5)

Randomly sampled 2463/2816 samples (87.5%)
Applied denoising with 15.0% masking
Applied denoising with 15.0% masking
Number of encoder layers: 2
Number of decoder layers (excluding heads): 2
Total number of layers including latent layer: 5
Epoch [1/34], Total Loss: 4317.1323, NLL: 2.7982, Masked: 29.9287, Reg: 4290.058231
Epoch [2/34], Total Loss: 2798.8698, NLL: 2.7972, Masked: 29.9332, Reg: 2771.793008
Epoch [3/34], Total Loss: 1947.9189, NLL: 2.7968, Masked: 29.9279, Reg: 1920.846861
Epoch [4/34], Total Loss: 1437.3656, NLL: 2.7964, Masked: 29.9368, Reg: 1410.286700
Epoch [5/34], Total Loss: 1208.6430, NLL: 2.7960, Masked: 29.9235, Reg: 1181.575246
Epoch [6/34], Total Loss: 1073.8309, NLL: 2.7957, Masked: 29.9463, Reg: 1046.745000
Epoch [7/34], Total Loss: 963.5511, NLL: 2.7953, Masked: 29.9177, Reg: 936.488789
Epoch [8/34], Total Loss: 867.1673, NLL: 2.7949, Masked: 29.9246, Reg: 840.099760
Epoch [9/34], Total Loss: 782.4273, NLL: 2.7945, Masked: 29.9378, Reg: 755.349507
Epoch [10/34], Total Loss: 708.6668, NLL: 2.7941, Masked: 29.9279, Reg: 681.597329
Epoch [11/34], Total Loss: 645.9023, NLL: 2.7938, Masked: 29.9309, Reg: 618.830873
Epoch [12/34], Total Loss: 593.9984, NLL: 2.7934, Masked: 29.9248, Reg: 566.932262
Epoch [13/34], Total Loss: 553.0701, NLL: 2.7930, Masked: 29.9281, Reg: 526.001620
Epoch [14/34], Total Loss: 520.4026, NLL: 2.7926, Masked: 29.9150, Reg: 493.345187
Epoch [15/34], Total Loss: 493.7605, NLL: 2.7923, Masked: 29.9358, Reg: 466.686591
Epoch [16/34], Total Loss: 472.7025, NLL: 2.7919, Masked: 29.9373, Reg: 445.627694
Epoch [17/34], Total Loss: 457.1596, NLL: 2.7915, Masked: 29.9202, Reg: 430.099053
Epoch [18/34], Total Loss: 447.0847, NLL: 2.7911, Masked: 29.9460, Reg: 420.003643
Epoch [19/34], Total Loss: 440.9206, NLL: 2.7908, Masked: 29.9181, Reg: 413.862471
Epoch [20/34], Total Loss: 436.0232, NLL: 2.7904, Masked: 29.9418, Reg: 408.946303
Epoch [21/34], Total Loss: 431.9035, NLL: 2.7900, Masked: 29.9453, Reg: 404.824069
Epoch [22/34], Total Loss: 428.6118, NLL: 2.7896, Masked: 29.9364, Reg: 401.540053
Epoch [23/34], Total Loss: 425.7958, NLL: 2.7893, Masked: 29.9318, Reg: 398.728100
Epoch [24/34], Total Loss: 423.7224, NLL: 2.7889, Masked: 29.8873, Reg: 396.691211
Epoch [25/34], Total Loss: 422.3878, NLL: 2.7885, Masked: 29.9357, Reg: 395.317656
Epoch [26/34], Total Loss: 421.5367, NLL: 2.7881, Masked: 29.8951, Reg: 394.499865
Epoch [27/34], Total Loss: 420.8988, NLL: 2.7878, Masked: 29.9413, Reg: 393.824852
Epoch [28/34], Total Loss: 420.3432, NLL: 2.7874, Masked: 29.9263, Reg: 393.281836
Epoch [29/34], Total Loss: 419.7139, NLL: 2.7870, Masked: 29.9366, Reg: 392.644556
Epoch [30/34], Total Loss: 419.1083, NLL: 2.7867, Masked: 29.9393, Reg: 392.037108
Epoch [31/34], Total Loss: 418.5079, NLL: 2.7863, Masked: 29.9366, Reg: 391.439237
Epoch [32/34], Total Loss: 417.9056, NLL: 2.7859, Masked: 29.9366, Reg: 390.837333
Epoch [33/34], Total Loss: 417.2451, NLL: 2.7856, Masked: 29.9031, Reg: 390.204396
Epoch [34/34], Total Loss: 416.7102, NLL: 2.7852, Masked: 29.9346, Reg: 389.644293

==================================================
EVALUATING ON TRAINING DATA
==================================================

==================================================
TEST RESULTS
==================================================
Total Loss: 416.317911
  - ZINB NLL: 2.784984
Total number of masked values: 448850
  - Number of values with pi >= 0.47990165334790624: 0
  - Number of values with pi < 0.47990165334790624: 448850
  - Masked Reconstruction: 29.928600
  - Regularization: 389.257068
Mean Absolute Error (MAE): 26.188118
R² Score: -34.186115
==================================================


==================================================
EVALUATING ON VALIDATION DATA
Dataset size: 992
==================================================


==================================================
TEST RESULTS
==================================================
Total Loss: 413.201206
  - ZINB NLL: 2.790362
Total number of masked values: 180610
  - Number of values with pi >= 0.47990165334790624: 0
  - Number of values with pi < 0.47990165334790624: 180610
  - Masked Reconstruction: 26.079527
  - Regularization: 389.257068
Mean Absolute Error (MAE): 26.346729
R² Score: -29.476973
==================================================


>>> Optimizing masked_loss on VALIDATION set: 26.079527
>>> Full validation metrics: {'total_loss': 413.20120633033014, 'zinb_nll': 2.7903624888389342, 'mae': 26.346729278564453, 'r2': -29.476972579956055, 'masked_loss': 26.079526532080866, 'reg_loss': 389.2570681405822}

Iteration No: 3 ended. Evaluation done at random point.
Time taken: 97.1007
Function value obtained: 26.0795
Current minimum: 2.9448
Iteration No: 4 started. Evaluating function at random point.

================================================================================
Trial with parameters:
  features: Centr
  step_size: 0.970879018262012
  bin_size: 17
  sample_fraction: 0.8104900826030357
  moving_average: True
  first_layer_size_factor: 60
  num_layers: 4
  use_conv: False
  conv_channel: 47
  pool_size: 4
  kernel_size: 3
  epochs: 32
  batch_size: 64
  pi_threshold: 0.4579526072702279
  learning_rate: 7.593893885357795e-05
  dropout_rate: 0.00703991135754223
  masked_recon_weight: 0.006242659053860573
  regularizer: none
  regularization_weight: 3.398042322726326
================================================================================

len(layers): 4
Creating datasets with:
  features: ['Centr']
  bin_size: 17
  moving_average: True
  data_point_length: 2000 (from 2000)
  step_size: 1941 (from fraction 0.970879018262012)
  layers: [np.int64(960), np.int64(480), np.int64(240), np.int64(120)] (first=960, num=4)
  stride: 1 (fixed), padding: same (fixed)
  Using pre-determined chromosome split


Clipping outliers using 95th percentile * 1.5...
strain_yTW001: Clipping values above 134.25 (P95=89.50). Clipped 27529/1193409 values (2.31%)
strain_FD: Clipping values above 71.92 (P95=47.94). Clipped 95791/4127807 values (2.32%)
strain_dnrp: Clipping values above 243.00 (P95=162.00). Clipped 25649/1119454 values (2.29%)
strain_yEK19: Clipping values above 77.10 (P95=51.40). Clipped 83713/3893623 values (2.15%)
strain_yEK23: Clipping values above 72.00 (P95=48.00). Clipped 86381/3558407 values (2.43%)
strain_yWT03a: Clipping values above 15.00 (P95=10.00). Clipped 10602/347679 values (3.05%)
strain_yWT04a: Clipping values above 58.50 (P95=39.00). Clipped 21095/725406 values (2.91%)
strain_ylic137: Clipping values above 142.50 (P95=95.00). Clipped 28746/1112684 values (2.58%)

Splitting data using pre-determined chromosomes...
Standardizing features: ['Centr']
Column order in final array (Dataset/Chrom split): ['Value', 'Centromere_Distance', 'Value_Raw', 'Size_Factor']
Removing 0 empty data points out of 28632
Column order in final array (Dataset/Chrom split): ['Value', 'Centromere_Distance', 'Value_Raw', 'Size_Factor']
Removing 0 empty data points out of 10064
Column order in final array (Dataset/Chrom split): ['Value', 'Centromere_Distance', 'Value_Raw', 'Size_Factor']
Removing 0 empty data points out of 11136
Datasets created with shapes:
  Train: (28632, 2000, 4)
  Val: (10064, 2000, 4)
  Test: (11136, 2000, 4)
Datasets created:
  Train: (28632, 2000, 4), Val: (10064, 2000, 4), Test: (11136, 2000, 4)

Randomly sampled 23205/28632 samples (81.0%)
Applied denoising with 15.0% masking
Applied denoising with 15.0% masking
Number of encoder layers: 4
Number of decoder layers (excluding heads): 4
Total number of layers including latent layer: 9
Epoch [1/32], Total Loss: 2.0230, NLL: 1.9843, Masked: 6.1933
Epoch [2/32], Total Loss: 1.7618, NLL: 1.7432, Masked: 2.9796
Epoch [3/32], Total Loss: 1.7576, NLL: 1.7391, Masked: 2.9729
Epoch [4/32], Total Loss: 1.7569, NLL: 1.7384, Masked: 2.9698
Epoch [5/32], Total Loss: 1.7506, NLL: 1.7322, Masked: 2.9519
Epoch [6/32], Total Loss: 1.7252, NLL: 1.7071, Masked: 2.8990
Epoch [7/32], Total Loss: 1.7157, NLL: 1.6978, Masked: 2.8749
Epoch [8/32], Total Loss: 1.7124, NLL: 1.6945, Masked: 2.8603
Epoch [9/32], Total Loss: 1.7101, NLL: 1.6923, Masked: 2.8536
Epoch [10/32], Total Loss: 1.6910, NLL: 1.6735, Masked: 2.7980
Epoch [11/32], Total Loss: 1.6713, NLL: 1.6542, Masked: 2.7403
Epoch [12/32], Total Loss: 1.6669, NLL: 1.6498, Masked: 2.7264
Epoch [13/32], Total Loss: 1.6647, NLL: 1.6477, Masked: 2.7178
Epoch [14/32], Total Loss: 1.6636, NLL: 1.6467, Masked: 2.7117
Epoch [15/32], Total Loss: 1.6628, NLL: 1.6459, Masked: 2.7059
Epoch [16/32], Total Loss: 1.6618, NLL: 1.6449, Masked: 2.7022
Epoch [17/32], Total Loss: 1.6604, NLL: 1.6436, Masked: 2.6957
Epoch [18/32], Total Loss: 1.6595, NLL: 1.6427, Masked: 2.6939
Epoch [19/32], Total Loss: 1.6574, NLL: 1.6407, Masked: 2.6843
Epoch [20/32], Total Loss: 1.6497, NLL: 1.6331, Masked: 2.6527
Epoch [21/32], Total Loss: 1.6447, NLL: 1.6282, Masked: 2.6341
Epoch [22/32], Total Loss: 1.6421, NLL: 1.6257, Masked: 2.6249
Epoch [23/32], Total Loss: 1.6406, NLL: 1.6243, Masked: 2.6187
Epoch [24/32], Total Loss: 1.6383, NLL: 1.6220, Masked: 2.6083
Epoch [25/32], Total Loss: 1.6343, NLL: 1.6182, Masked: 2.5902
Epoch [26/32], Total Loss: 1.6312, NLL: 1.6152, Masked: 2.5724
Epoch [27/32], Total Loss: 1.6292, NLL: 1.6132, Masked: 2.5634
Epoch [28/32], Total Loss: 1.6278, NLL: 1.6118, Masked: 2.5567
Epoch [29/32], Total Loss: 1.6271, NLL: 1.6112, Masked: 2.5529
Epoch [30/32], Total Loss: 1.6264, NLL: 1.6105, Masked: 2.5482
Epoch [31/32], Total Loss: 1.6255, NLL: 1.6096, Masked: 2.5418
Epoch [32/32], Total Loss: 1.6251, NLL: 1.6092, Masked: 2.5404

==================================================
EVALUATING ON TRAINING DATA
==================================================

==================================================
TEST RESULTS
==================================================
Total Loss: 1.622615
  - ZINB NLL: 1.606838
Total number of masked values: 4593630
  - Number of values with pi >= 0.4579526072702279: 0
  - Number of values with pi < 0.4579526072702279: 4593630
  - Masked Reconstruction: 2.527295
Mean Absolute Error (MAE): 2.088660
R² Score: 0.430296
==================================================


==================================================
EVALUATING ON VALIDATION DATA
Dataset size: 10064
==================================================


==================================================
TEST RESULTS
==================================================
Total Loss: 1.636428
  - ZINB NLL: 1.620961
Total number of masked values: 1991549
  - Number of values with pi >= 0.4579526072702279: 0
  - Number of values with pi < 0.4579526072702279: 1991549
  - Masked Reconstruction: 2.477727
Mean Absolute Error (MAE): 2.150080
R² Score: 0.412232
==================================================


>>> Optimizing masked_loss on VALIDATION set: 2.477727
>>> Full validation metrics: {'total_loss': 1.6364283410089004, 'zinb_nll': 1.6209607397240182, 'mae': 2.1500799655914307, 'r2': 0.41223210096359253, 'masked_loss': 2.477726890476027}

Iteration No: 4 ended. Evaluation done at random point.
Time taken: 576.8670
Function value obtained: 2.4777
Current minimum: 2.4777
Iteration No: 5 started. Evaluating function at random point.

================================================================================
Trial with parameters:
  features: Centr
  step_size: 0.9447256588850119
  bin_size: 13
  sample_fraction: 0.9362197566578357
  moving_average: True
  first_layer_size_factor: 47
  num_layers: 1
  use_conv: True
  conv_channel: 91
  pool_size: 6
  kernel_size: 7
  epochs: 63
  batch_size: 64
  pi_threshold: 0.45317074990151596
  learning_rate: 0.008225007188121396
  dropout_rate: 0.42445691213304204
  masked_recon_weight: 0.7707580772445937
  regularizer: l1
  regularization_weight: 0.0006201235996479077
================================================================================

len(layers): 1
Creating datasets with:
  features: ['Centr']
  bin_size: 13
  moving_average: True
  data_point_length: 2000 (from 2000)
  step_size: 1889 (from fraction 0.9447256588850119)
  layers: [np.int64(752)] (first=752, num=1)
  stride: 1 (fixed), padding: same (fixed)
  Using pre-determined chromosome split


Clipping outliers using 95th percentile * 1.5...
strain_yTW001: Clipping values above 134.25 (P95=89.50). Clipped 27529/1193409 values (2.31%)
strain_FD: Clipping values above 71.92 (P95=47.94). Clipped 95791/4127807 values (2.32%)
strain_dnrp: Clipping values above 243.00 (P95=162.00). Clipped 25649/1119454 values (2.29%)
strain_yEK19: Clipping values above 77.10 (P95=51.40). Clipped 83713/3893623 values (2.15%)
strain_yEK23: Clipping values above 72.00 (P95=48.00). Clipped 86381/3558407 values (2.43%)
strain_yWT03a: Clipping values above 15.00 (P95=10.00). Clipped 10602/347679 values (3.05%)
strain_yWT04a: Clipping values above 58.50 (P95=39.00). Clipped 21095/725406 values (2.91%)
strain_ylic137: Clipping values above 142.50 (P95=95.00). Clipped 28746/1112684 values (2.58%)

Splitting data using pre-determined chromosomes...
Standardizing features: ['Centr']
Column order in final array (Dataset/Chrom split): ['Value', 'Centromere_Distance', 'Value_Raw', 'Size_Factor']
Removing 0 empty data points out of 29384
Column order in final array (Dataset/Chrom split): ['Value', 'Centromere_Distance', 'Value_Raw', 'Size_Factor']
Removing 0 empty data points out of 10336
Column order in final array (Dataset/Chrom split): ['Value', 'Centromere_Distance', 'Value_Raw', 'Size_Factor']
Removing 0 empty data points out of 11440
Datasets created with shapes:
  Train: (29384, 2000, 4)
  Val: (10336, 2000, 4)
  Test: (11440, 2000, 4)
Datasets created:
  Train: (29384, 2000, 4), Val: (10336, 2000, 4), Test: (11440, 2000, 4)

Randomly sampled 27509/29384 samples (93.6%)
Applied denoising with 15.0% masking
Applied denoising with 15.0% masking
Number of encoder layers: 1
Number of decoder layers (excluding heads): 1
Total number of layers including latent layer: 3
Epoch [1/63], Total Loss: 49674.7189, NLL: 6.0632, Masked: 64311.5802, Reg: 99.984286
Epoch [2/63], Total Loss: 5850.9681, NLL: 2.6612, Masked: 7535.2461, Reg: 40.454976
Epoch [3/63], Total Loss: 825.0367, NLL: 2.1611, Masked: 1031.5856, Reg: 27.772694
Epoch [4/63], Total Loss: 172.0299, NLL: 2.1542, Masked: 186.6023, Reg: 26.050429
Epoch [5/63], Total Loss: 222.2032, NLL: 2.1632, Masked: 252.1549, Reg: 25.689509
Epoch [6/63], Total Loss: 27.2648, NLL: 2.1525, Masked: 4.4450, Reg: 21.686343
Epoch [7/63], Total Loss: 26.0213, NLL: 2.1453, Masked: 3.6211, Reg: 21.085028
Epoch [8/63], Total Loss: 24.5217, NLL: 2.1445, Masked: 3.3049, Reg: 19.829953
Epoch [9/63], Total Loss: 26.8544, NLL: 2.1424, Masked: 6.3653, Reg: 19.805808
Epoch [10/63], Total Loss: 24.2963, NLL: 2.1469, Masked: 3.3082, Reg: 19.599531
Epoch [11/63], Total Loss: 25.7461, NLL: 2.1459, Masked: 3.7914, Reg: 20.678013
Epoch [12/63], Total Loss: 108.4709, NLL: 2.1427, Masked: 112.1674, Reg: 19.874324
Epoch [13/63], Total Loss: 171.1382, NLL: 2.1486, Masked: 190.1094, Reg: 22.461249
Epoch [14/63], Total Loss: 23.6264, NLL: 2.1465, Masked: 3.2891, Reg: 18.944784
Epoch [15/63], Total Loss: 63.7206, NLL: 2.1434, Masked: 54.0175, Reg: 19.942720
Epoch [16/63], Total Loss: 24.4190, NLL: 2.1378, Masked: 3.6484, Reg: 19.469170
Epoch [17/63], Total Loss: 177.8950, NLL: 2.1392, Masked: 199.4557, Reg: 22.023740
Epoch [18/63], Total Loss: 169.0798, NLL: 2.1502, Masked: 189.3878, Reg: 20.957410
Epoch [19/63], Total Loss: 23.1454, NLL: 2.1367, Masked: 3.3240, Reg: 18.446698
Epoch [20/63], Total Loss: 196.3982, NLL: 2.1531, Masked: 223.1491, Reg: 22.251123
Epoch [21/63], Total Loss: 26.5413, NLL: 2.1464, Masked: 3.5949, Reg: 21.624122
Epoch [22/63], Total Loss: 25.8617, NLL: 2.1415, Masked: 6.8599, Reg: 18.432884
Epoch [23/63], Total Loss: 24.7029, NLL: 2.1398, Masked: 3.6324, Reg: 19.763380
Epoch [24/63], Total Loss: 23.7870, NLL: 2.1338, Masked: 3.3030, Reg: 19.107418
Epoch [25/63], Total Loss: 22.9343, NLL: 2.1351, Masked: 3.2872, Reg: 18.265492
Epoch [26/63], Total Loss: 103.6347, NLL: 2.1355, Masked: 106.3124, Reg: 19.558089
Epoch [27/63], Total Loss: 29.8858, NLL: 2.1345, Masked: 8.3574, Reg: 21.309783
Epoch [28/63], Total Loss: 37.7429, NLL: 2.1420, Masked: 20.3386, Reg: 19.924756
Epoch [29/63], Total Loss: 40.9948, NLL: 2.1449, Masked: 23.7648, Reg: 20.533027
Epoch [30/63], Total Loss: 25.4166, NLL: 2.1422, Masked: 4.2674, Reg: 19.985314
Epoch [31/63], Total Loss: 26.4004, NLL: 2.1412, Masked: 5.4832, Reg: 20.033024
Epoch [32/63], Total Loss: 256.4348, NLL: 2.1435, Masked: 302.6956, Reg: 20.986259
Epoch [33/63], Total Loss: 24.3024, NLL: 2.1390, Masked: 3.4831, Reg: 19.478811
Epoch [34/63], Total Loss: 46.7944, NLL: 2.1542, Masked: 29.2541, Reg: 22.092415
Epoch [35/63], Total Loss: 24.8803, NLL: 2.1464, Masked: 3.3144, Reg: 20.179328
Epoch [36/63], Total Loss: 253.6716, NLL: 2.1409, Masked: 301.0864, Reg: 19.465886
Epoch [37/63], Total Loss: 417.2331, NLL: 2.1532, Masked: 508.8524, Reg: 22.877834
Epoch [38/63], Total Loss: 176.6895, NLL: 2.1492, Masked: 198.9276, Reg: 21.215255
Epoch [39/63], Total Loss: 24.3864, NLL: 2.1425, Masked: 3.3101, Reg: 19.692592
Epoch [40/63], Total Loss: 98.4713, NLL: 2.1493, Masked: 98.1857, Reg: 20.644562
Epoch [41/63], Total Loss: 24.1142, NLL: 2.1462, Masked: 3.3007, Reg: 19.423949
Epoch [42/63], Total Loss: 23.4592, NLL: 2.1431, Masked: 3.3012, Reg: 18.771734
Epoch [43/63], Total Loss: 109.5918, NLL: 2.1382, Masked: 112.0833, Reg: 21.064516
Epoch [44/63], Total Loss: 185.4597, NLL: 2.1468, Masked: 208.5436, Reg: 22.576256
Epoch [45/63], Total Loss: 36.2853, NLL: 2.1400, Masked: 18.0143, Reg: 20.260628
Epoch [46/63], Total Loss: 24.4425, NLL: 2.1377, Masked: 3.3046, Reg: 19.757694
Epoch [47/63], Total Loss: 25.2496, NLL: 2.1444, Masked: 3.3496, Reg: 20.523431
Epoch [48/63], Total Loss: 102.5601, NLL: 2.1540, Masked: 102.4372, Reg: 21.451849
Epoch [49/63], Total Loss: 23.9449, NLL: 2.1449, Masked: 3.4402, Reg: 19.148454
Epoch [50/63], Total Loss: 202.3481, NLL: 2.1465, Masked: 233.2911, Reg: 20.390591
Epoch [51/63], Total Loss: 317.1790, NLL: 2.1436, Masked: 380.0176, Reg: 22.133706
Epoch [52/63], Total Loss: 25.8937, NLL: 2.1449, Masked: 4.1261, Reg: 20.568557
Epoch [53/63], Total Loss: 24.0535, NLL: 2.1491, Masked: 3.3420, Reg: 19.328627
Epoch [54/63], Total Loss: 24.8770, NLL: 2.1425, Masked: 3.3185, Reg: 20.176809
Epoch [55/63], Total Loss: 519.8607, NLL: 2.1568, Masked: 639.6472, Reg: 24.690685
Epoch [56/63], Total Loss: 23.4037, NLL: 2.1433, Masked: 3.3076, Reg: 18.711022
Epoch [57/63], Total Loss: 25.2585, NLL: 2.1453, Masked: 3.4545, Reg: 20.450680
Epoch [58/63], Total Loss: 24.7266, NLL: 2.1433, Masked: 3.4604, Reg: 19.916224
Epoch [59/63], Total Loss: 180.8418, NLL: 2.1465, Masked: 205.3502, Reg: 20.419906
Epoch [60/63], Total Loss: 437.7023, NLL: 2.1538, Masked: 534.0307, Reg: 23.940016
Epoch [61/63], Total Loss: 25.4635, NLL: 2.1461, Masked: 4.2970, Reg: 20.005414
Epoch [62/63], Total Loss: 25.8316, NLL: 2.1483, Masked: 6.1577, Reg: 18.937234
Epoch [63/63], Total Loss: 213.9061, NLL: 2.1574, Masked: 245.8779, Reg: 22.236240

==================================================
EVALUATING ON TRAINING DATA
==================================================

==================================================
TEST RESULTS
==================================================
Total Loss: 20.714688
  - ZINB NLL: 2.122707
Total number of masked values: 5027924
  - Number of values with pi >= 0.45317074990151596: 1059
  - Number of values with pi < 0.45317074990151596: 5026865
  - Masked Reconstruction: 3.176382
  - Regularization: 16.143759
Mean Absolute Error (MAE): 2.351694
R² Score: 0.006933
==================================================


==================================================
EVALUATING ON VALIDATION DATA
Dataset size: 10336
==================================================


==================================================
TEST RESULTS
==================================================
Total Loss: 20.649369
  - ZINB NLL: 2.139838
Total number of masked values: 1888894
  - Number of values with pi >= 0.45317074990151596: 2616
  - Number of values with pi < 0.45317074990151596: 1886278
  - Masked Reconstruction: 3.069410
  - Regularization: 16.143759
Mean Absolute Error (MAE): 2.420949
R² Score: 0.013397
==================================================


>>> Optimizing masked_loss on VALIDATION set: 3.069410
>>> Full validation metrics: {'total_loss': 20.64936872901562, 'zinb_nll': 2.139837615261137, 'mae': 2.4209492206573486, 'r2': 0.01339709758758545, 'masked_loss': 3.069409638366463, 'reg_loss': 16.1437588186207}

Iteration No: 5 ended. Evaluation done at random point.
Time taken: 739.6596
Function value obtained: 3.0694
Current minimum: 2.4777
Iteration No: 6 started. Evaluating function at random point.

================================================================================
Trial with parameters:
  features: Centr_Nucl
  step_size: 0.7829971672643407
  bin_size: 3
  sample_fraction: 0.5795023763993277
  moving_average: False
  first_layer_size_factor: 90
  num_layers: 2
  use_conv: False
  conv_channel: 94
  pool_size: 3
  kernel_size: 7
  epochs: 95
  batch_size: 32
  pi_threshold: 0.6771414282231925
  learning_rate: 0.0006260318075113794
  dropout_rate: 0.34739246651985234
  masked_recon_weight: 3.325610295975196
  regularizer: l2
  regularization_weight: 0.0011733722171268575
================================================================================

len(layers): 2
Creating datasets with:
  features: ['Centr', 'Nucl']
  bin_size: 3
  moving_average: False
  data_point_length: 2000 (from 2000)
  step_size: 1565 (from fraction 0.7829971672643407)
  layers: [np.int64(1440), np.int64(720)] (first=1440, num=2)
  stride: 1 (fixed), padding: same (fixed)
  Using pre-determined chromosome split


Clipping outliers using 95th percentile * 1.5...
strain_yTW001: Clipping values above 134.25 (P95=89.50). Clipped 27529/1193409 values (2.31%)
strain_FD: Clipping values above 71.92 (P95=47.94). Clipped 95791/4127807 values (2.32%)
strain_dnrp: Clipping values above 243.00 (P95=162.00). Clipped 25649/1119454 values (2.29%)
strain_yEK19: Clipping values above 77.10 (P95=51.40). Clipped 83713/3893623 values (2.15%)
strain_yEK23: Clipping values above 72.00 (P95=48.00). Clipped 86381/3558407 values (2.43%)
strain_yWT03a: Clipping values above 15.00 (P95=10.00). Clipped 10602/347679 values (3.05%)
strain_yWT04a: Clipping values above 58.50 (P95=39.00). Clipped 21095/725406 values (2.91%)
strain_ylic137: Clipping values above 142.50 (P95=95.00). Clipped 28746/1112684 values (2.58%)

Splitting data using pre-determined chromosomes...
Standardizing features: ['Centr', 'Nucl']
Column order in final array (Dataset/Chrom split): ['Value', 'Nucleosome_Distance', 'Centromere_Distance', 'Value_Raw', 'Size_Factor']
Removing 0 empty data points out of 11840
Column order in final array (Dataset/Chrom split): ['Value', 'Nucleosome_Distance', 'Centromere_Distance', 'Value_Raw', 'Size_Factor']
Removing 0 empty data points out of 4160
Column order in final array (Dataset/Chrom split): ['Value', 'Nucleosome_Distance', 'Centromere_Distance', 'Value_Raw', 'Size_Factor']
Removing 0 empty data points out of 4600
Datasets created with shapes:
  Train: (11840, 2000, 5)
  Val: (4160, 2000, 5)
  Test: (4600, 2000, 5)
Datasets created:
  Train: (11840, 2000, 5), Val: (4160, 2000, 5), Test: (4600, 2000, 5)

Randomly sampled 6861/11840 samples (58.0%)
Applied denoising with 15.0% masking
Applied denoising with 15.0% masking
Number of encoder layers: 2
Number of decoder layers (excluding heads): 2
Total number of layers including latent layer: 5
Epoch [1/95], Total Loss: 376814.5760, NLL: 2.5250, Masked: 113306.1321, Reg: 9.726843
Epoch [2/95], Total Loss: 63022.8950, NLL: 2.1888, Masked: 18950.1172, Reg: 8.149345
Epoch [3/95], Total Loss: 9446.7815, NLL: 2.1675, Masked: 2839.9641, Reg: 7.188259
Epoch [4/95], Total Loss: 21.8975, NLL: 2.0336, Masked: 5.9730, Reg: 6.381455
Epoch [5/95], Total Loss: 21.4537, NLL: 1.8589, Masked: 5.8921, Reg: 5.481408
Epoch [6/95], Total Loss: 21.1727, NLL: 1.7395, Masked: 5.8435, Reg: 4.654010
Epoch [7/95], Total Loss: 21.1298, NLL: 1.7173, Masked: 5.8373, Reg: 3.960748
Epoch [8/95], Total Loss: 21.1453, NLL: 1.7201, Masked: 5.8411, Reg: 3.380002
Epoch [9/95], Total Loss: 21.0688, NLL: 1.7069, Masked: 5.8221, Reg: 2.880600
Epoch [10/95], Total Loss: 21.0565, NLL: 1.7003, Masked: 5.8204, Reg: 2.446351
Epoch [11/95], Total Loss: 21.0529, NLL: 1.7024, Masked: 5.8186, Reg: 2.041729
Epoch [12/95], Total Loss: 21.0395, NLL: 1.7057, Masked: 5.8136, Reg: 1.745922
Epoch [13/95], Total Loss: 21.0543, NLL: 1.7005, Masked: 5.8196, Reg: 1.474714
Epoch [14/95], Total Loss: 21.0239, NLL: 1.7013, Masked: 5.8102, Reg: 1.241708
Epoch [15/95], Total Loss: 21.0557, NLL: 1.7021, Masked: 5.8196, Reg: 1.083296
Epoch [16/95], Total Loss: 21.0192, NLL: 1.6993, Masked: 5.8094, Reg: 0.930133
Epoch [17/95], Total Loss: 21.0308, NLL: 1.6984, Masked: 5.8132, Reg: 0.833022
Epoch [18/95], Total Loss: 21.0619, NLL: 1.7046, Masked: 5.8207, Reg: 0.744439
Epoch [19/95], Total Loss: 21.0736, NLL: 1.6972, Masked: 5.8264, Reg: 0.673623
Epoch [20/95], Total Loss: 21.0376, NLL: 1.6971, Masked: 5.8156, Reg: 0.635966
Epoch [21/95], Total Loss: 21.0729, NLL: 1.6992, Masked: 5.8256, Reg: 0.612885
Epoch [22/95], Total Loss: 21.0223, NLL: 1.6998, Masked: 5.8102, Reg: 0.592252
Epoch [23/95], Total Loss: 21.0299, NLL: 1.6930, Masked: 5.8145, Reg: 0.598112
Epoch [24/95], Total Loss: 21.0380, NLL: 1.6991, Masked: 5.8151, Reg: 0.567810
Epoch [25/95], Total Loss: 21.0604, NLL: 1.6996, Masked: 5.8217, Reg: 0.572039
Epoch [26/95], Total Loss: 21.0546, NLL: 1.7010, Masked: 5.8196, Reg: 0.567215
Epoch [27/95], Total Loss: 21.0346, NLL: 1.6997, Masked: 5.8140, Reg: 0.593870
Epoch [28/95], Total Loss: 21.0039, NLL: 1.6984, Masked: 5.8051, Reg: 0.565394
Epoch [29/95], Total Loss: 21.0204, NLL: 1.6977, Masked: 5.8103, Reg: 0.540634
Epoch [30/95], Total Loss: 21.0222, NLL: 1.6982, Masked: 5.8106, Reg: 0.569216
Epoch [31/95], Total Loss: 21.0332, NLL: 1.6949, Masked: 5.8150, Reg: 0.565805
Epoch [32/95], Total Loss: 21.0200, NLL: 1.6998, Masked: 5.8095, Reg: 0.577609
Epoch [33/95], Total Loss: 21.0121, NLL: 1.6977, Masked: 5.8078, Reg: 0.573158
Epoch [34/95], Total Loss: 21.0135, NLL: 1.6970, Masked: 5.8084, Reg: 0.576065
Epoch [35/95], Total Loss: 21.0129, NLL: 1.6984, Masked: 5.8078, Reg: 0.576535
Epoch [36/95], Total Loss: 20.9975, NLL: 1.6995, Masked: 5.8029, Reg: 0.589755
Epoch [37/95], Total Loss: 20.9369, NLL: 1.6971, Masked: 5.7853, Reg: 0.600675
Epoch [38/95], Total Loss: 21.0386, NLL: 1.7001, Masked: 5.8150, Reg: 0.612222
Epoch [39/95], Total Loss: 21.0342, NLL: 1.6974, Masked: 5.8145, Reg: 0.592969
Epoch [40/95], Total Loss: 21.0366, NLL: 1.6958, Masked: 5.8157, Reg: 0.603216
Epoch [41/95], Total Loss: 21.0120, NLL: 1.6955, Masked: 5.8084, Reg: 0.594046
Epoch [42/95], Total Loss: 21.0239, NLL: 1.6973, Masked: 5.8114, Reg: 0.608561
Epoch [43/95], Total Loss: 20.9994, NLL: 1.6980, Masked: 5.8039, Reg: 0.603283
Epoch [44/95], Total Loss: 21.0474, NLL: 1.6995, Masked: 5.8179, Reg: 0.609507
Epoch [45/95], Total Loss: 21.0259, NLL: 1.6978, Masked: 5.8119, Reg: 0.588784
Epoch [46/95], Total Loss: 21.0037, NLL: 1.6984, Masked: 5.8050, Reg: 0.612436
Epoch [47/95], Total Loss: 21.0081, NLL: 1.6982, Masked: 5.8064, Reg: 0.612231
Epoch [48/95], Total Loss: 21.0256, NLL: 1.6964, Masked: 5.8122, Reg: 0.586559
Epoch [49/95], Total Loss: 20.9870, NLL: 1.6965, Masked: 5.8006, Reg: 0.604153
Epoch [50/95], Total Loss: 21.0360, NLL: 1.6985, Masked: 5.8147, Reg: 0.592575
Epoch [51/95], Total Loss: 21.0276, NLL: 1.6978, Masked: 5.8124, Reg: 0.623444
Epoch [52/95], Total Loss: 20.9874, NLL: 1.7009, Masked: 5.7994, Reg: 0.600093
Epoch [53/95], Total Loss: 21.0199, NLL: 1.6987, Masked: 5.8098, Reg: 0.635232
Epoch [54/95], Total Loss: 20.9946, NLL: 1.6982, Masked: 5.8024, Reg: 0.631644
Epoch [55/95], Total Loss: 21.0201, NLL: 1.6968, Masked: 5.8105, Reg: 0.623868
Epoch [56/95], Total Loss: 20.9824, NLL: 1.6960, Masked: 5.7994, Reg: 0.598985
Epoch [57/95], Total Loss: 21.0003, NLL: 1.6981, Masked: 5.8041, Reg: 0.607338
Epoch [58/95], Total Loss: 21.0310, NLL: 1.6968, Masked: 5.8137, Reg: 0.608640
Epoch [59/95], Total Loss: 20.9961, NLL: 1.6977, Masked: 5.8030, Reg: 0.595318
Epoch [60/95], Total Loss: 20.9629, NLL: 1.6959, Masked: 5.7935, Reg: 0.611600
Epoch [61/95], Total Loss: 21.0303, NLL: 1.6947, Masked: 5.8142, Reg: 0.593402
Epoch [62/95], Total Loss: 20.9680, NLL: 1.6988, Masked: 5.7942, Reg: 0.597096
Epoch [63/95], Total Loss: 20.9986, NLL: 1.6974, Masked: 5.8038, Reg: 0.620472
Epoch [64/95], Total Loss: 20.9802, NLL: 1.6953, Masked: 5.7989, Reg: 0.623669
Epoch [65/95], Total Loss: 21.0574, NLL: 1.7006, Masked: 5.8205, Reg: 0.610805
Epoch [66/95], Total Loss: 21.0500, NLL: 1.7122, Masked: 5.8148, Reg: 0.649536
Epoch [67/95], Total Loss: 20.9988, NLL: 1.6979, Masked: 5.8037, Reg: 0.618205
Epoch [68/95], Total Loss: 21.0390, NLL: 1.6980, Masked: 5.8158, Reg: 0.620749
Epoch [69/95], Total Loss: 20.9867, NLL: 1.6988, Masked: 5.7998, Reg: 0.619910
Epoch [70/95], Total Loss: 21.0096, NLL: 1.6983, Masked: 5.8069, Reg: 0.632394
Epoch [71/95], Total Loss: 20.9799, NLL: 1.6974, Masked: 5.7982, Reg: 0.618534
Epoch [72/95], Total Loss: 20.9724, NLL: 1.6970, Masked: 5.7961, Reg: 0.632167
Epoch [73/95], Total Loss: 20.9804, NLL: 1.6972, Masked: 5.7984, Reg: 0.619123
Epoch [74/95], Total Loss: 20.9929, NLL: 1.6978, Masked: 5.8020, Reg: 0.629758
Epoch [75/95], Total Loss: 20.9785, NLL: 1.7004, Masked: 5.7969, Reg: 0.631297
Epoch [76/95], Total Loss: 20.9830, NLL: 1.6960, Masked: 5.7995, Reg: 0.649053
Epoch [77/95], Total Loss: 22.4483, NLL: 1.6974, Masked: 6.2397, Reg: 0.624234
Epoch [78/95], Total Loss: 20.9822, NLL: 1.6968, Masked: 5.7990, Reg: 0.618777
Epoch [79/95], Total Loss: 20.9818, NLL: 1.6980, Masked: 5.7986, Reg: 0.602098
Epoch [80/95], Total Loss: 20.9700, NLL: 1.6976, Masked: 5.7951, Reg: 0.616347
Epoch [81/95], Total Loss: 20.9838, NLL: 1.6970, Masked: 5.7995, Reg: 0.618092
Epoch [82/95], Total Loss: 21.0094, NLL: 1.7036, Masked: 5.8052, Reg: 0.621549
Epoch [83/95], Total Loss: 21.0000, NLL: 1.6989, Masked: 5.8038, Reg: 0.645639
Epoch [84/95], Total Loss: 20.9819, NLL: 1.6930, Masked: 5.8001, Reg: 0.610332
Epoch [85/95], Total Loss: 20.9655, NLL: 1.6949, Masked: 5.7946, Reg: 0.616007
Epoch [86/95], Total Loss: 21.0072, NLL: 1.6968, Masked: 5.8066, Reg: 0.634552
Epoch [87/95], Total Loss: 20.9695, NLL: 1.6982, Masked: 5.7948, Reg: 0.606074
Epoch [88/95], Total Loss: 20.9833, NLL: 1.6963, Masked: 5.7996, Reg: 0.630441
Epoch [89/95], Total Loss: 20.9815, NLL: 1.6974, Masked: 5.7987, Reg: 0.638935
Epoch [90/95], Total Loss: 20.9784, NLL: 1.6994, Masked: 5.7971, Reg: 0.648174
Epoch [91/95], Total Loss: 21.0104, NLL: 1.6975, Masked: 5.8074, Reg: 0.640715
Epoch [92/95], Total Loss: 20.9677, NLL: 1.6998, Masked: 5.7938, Reg: 0.640749
Epoch [93/95], Total Loss: 20.9937, NLL: 1.6960, Masked: 5.8028, Reg: 0.632521
Epoch [94/95], Total Loss: 20.9838, NLL: 1.6959, Masked: 5.7998, Reg: 0.608753
Epoch [95/95], Total Loss: 20.9964, NLL: 1.6966, Masked: 5.8034, Reg: 0.603222

==================================================
EVALUATING ON TRAINING DATA
==================================================

==================================================
TEST RESULTS
==================================================
Total Loss: 20.860684
  - ZINB NLL: 1.667980
Total number of masked values: 691970
  - Number of values with pi >= 0.6771414282231925: 16
  - Number of values with pi < 0.6771414282231925: 691954
  - Masked Reconstruction: 5.771182
  - Regularization: 0.590982
Mean Absolute Error (MAE): 3.178392
R² Score: 0.037352
==================================================


==================================================
EVALUATING ON VALIDATION DATA
Dataset size: 4160
==================================================


==================================================
TEST RESULTS
==================================================
Total Loss: 21.223656
  - ZINB NLL: 1.699596
Total number of masked values: 419760
  - Number of values with pi >= 0.6771414282231925: 0
  - Number of values with pi < 0.6771414282231925: 419760
  - Masked Reconstruction: 5.870820
  - Regularization: 0.590982
Mean Absolute Error (MAE): 3.218447
R² Score: 0.031521
==================================================


>>> Optimizing masked_loss on VALIDATION set: 5.870820
>>> Full validation metrics: {'total_loss': 21.223656247212336, 'zinb_nll': 1.6995963124128488, 'mae': 3.218447208404541, 'r2': 0.0315207839012146, 'masked_loss': 5.8708199913685135, 'reg_loss': 0.5909815145786099}

Iteration No: 6 ended. Evaluation done at random point.
Time taken: 370.3353
Function value obtained: 5.8708
Current minimum: 2.4777
Iteration No: 7 started. Evaluating function at random point.

================================================================================
Trial with parameters:
  features: Centr_Nucl
  step_size: 0.5924009278621828
  bin_size: 5
  sample_fraction: 0.5623824609027748
  moving_average: True
  first_layer_size_factor: 35
  num_layers: 1
  use_conv: True
  conv_channel: 118
  pool_size: 4
  kernel_size: 7
  epochs: 30
  batch_size: 64
  pi_threshold: 0.4219125032632116
  learning_rate: 3.1186566205519816e-05
  dropout_rate: 0.26704470968772104
  masked_recon_weight: 0.08696007095406233
  regularizer: none
  regularization_weight: 0.0007689291700576299
================================================================================

len(layers): 1
Creating datasets with:
  features: ['Centr', 'Nucl']
  bin_size: 5
  moving_average: True
  data_point_length: 2000 (from 2000)
  step_size: 1184 (from fraction 0.5924009278621828)
  layers: [np.int64(560)] (first=560, num=1)
  stride: 1 (fixed), padding: same (fixed)
  Using pre-determined chromosome split


Clipping outliers using 95th percentile * 1.5...
strain_yTW001: Clipping values above 134.25 (P95=89.50). Clipped 27529/1193409 values (2.31%)
strain_FD: Clipping values above 71.92 (P95=47.94). Clipped 95791/4127807 values (2.32%)
strain_dnrp: Clipping values above 243.00 (P95=162.00). Clipped 25649/1119454 values (2.29%)
strain_yEK19: Clipping values above 77.10 (P95=51.40). Clipped 83713/3893623 values (2.15%)
strain_yEK23: Clipping values above 72.00 (P95=48.00). Clipped 86381/3558407 values (2.43%)
strain_yWT03a: Clipping values above 15.00 (P95=10.00). Clipped 10602/347679 values (3.05%)
strain_yWT04a: Clipping values above 58.50 (P95=39.00). Clipped 21095/725406 values (2.91%)
strain_ylic137: Clipping values above 142.50 (P95=95.00). Clipped 28746/1112684 values (2.58%)

Splitting data using pre-determined chromosomes...
Standardizing features: ['Centr', 'Nucl']
Column order in final array (Dataset/Chrom split): ['Value', 'Nucleosome_Distance', 'Centromere_Distance', 'Value_Raw', 'Size_Factor']
Removing 0 empty data points out of 46848
Column order in final array (Dataset/Chrom split): ['Value', 'Nucleosome_Distance', 'Centromere_Distance', 'Value_Raw', 'Size_Factor']
Removing 0 empty data points out of 16472
Column order in final array (Dataset/Chrom split): ['Value', 'Nucleosome_Distance', 'Centromere_Distance', 'Value_Raw', 'Size_Factor']
Removing 0 empty data points out of 18224
Datasets created with shapes:
  Train: (46848, 2000, 5)
  Val: (16472, 2000, 5)
  Test: (18224, 2000, 5)
Datasets created:
  Train: (46848, 2000, 5), Val: (16472, 2000, 5), Test: (18224, 2000, 5)

Randomly sampled 26346/46848 samples (56.2%)
Applied denoising with 15.0% masking
Applied denoising with 15.0% masking
Number of encoder layers: 1
Number of decoder layers (excluding heads): 1
Total number of layers including latent layer: 3
Epoch [1/30], Total Loss: 2.3743, NLL: 1.7947, Masked: 6.6654
Epoch [2/30], Total Loss: 2.0614, NLL: 1.6526, Masked: 4.7009
Epoch [3/30], Total Loss: 2.0304, NLL: 1.6253, Masked: 4.6586
Epoch [4/30], Total Loss: 2.0219, NLL: 1.6181, Masked: 4.6436
Epoch [5/30], Total Loss: 2.0161, NLL: 1.6132, Masked: 4.6332
Epoch [6/30], Total Loss: 1.9957, NLL: 1.5977, Masked: 4.5762
Epoch [7/30], Total Loss: 1.9688, NLL: 1.5766, Masked: 4.5095
Epoch [8/30], Total Loss: 1.9522, NLL: 1.5634, Masked: 4.4706
Epoch [9/30], Total Loss: 1.9317, NLL: 1.5468, Masked: 4.4265
Epoch [10/30], Total Loss: 1.9150, NLL: 1.5317, Masked: 4.4070
Epoch [11/30], Total Loss: 1.8988, NLL: 1.5159, Masked: 4.4028
Epoch [12/30], Total Loss: 1.8830, NLL: 1.5002, Masked: 4.4017
Epoch [13/30], Total Loss: 1.8706, NLL: 1.4888, Masked: 4.3903
Epoch [14/30], Total Loss: 1.8594, NLL: 1.4788, Masked: 4.3778
Epoch [15/30], Total Loss: 1.8514, NLL: 1.4719, Masked: 4.3643
Epoch [16/30], Total Loss: 1.8446, NLL: 1.4666, Masked: 4.3476
Epoch [17/30], Total Loss: 1.8387, NLL: 1.4615, Masked: 4.3370
Epoch [18/30], Total Loss: 1.8329, NLL: 1.4569, Masked: 4.3229
Epoch [19/30], Total Loss: 1.8267, NLL: 1.4524, Masked: 4.3046
Epoch [20/30], Total Loss: 1.8230, NLL: 1.4496, Masked: 4.2939
Epoch [21/30], Total Loss: 1.8184, NLL: 1.4460, Masked: 4.2828
Epoch [22/30], Total Loss: 1.8154, NLL: 1.4437, Masked: 4.2745
Epoch [23/30], Total Loss: 1.8112, NLL: 1.4406, Masked: 4.2614
Epoch [24/30], Total Loss: 1.8077, NLL: 1.4380, Masked: 4.2507
Epoch [25/30], Total Loss: 1.8050, NLL: 1.4365, Masked: 4.2383
Epoch [26/30], Total Loss: 1.8016, NLL: 1.4340, Masked: 4.2279
Epoch [27/30], Total Loss: 1.7997, NLL: 1.4329, Masked: 4.2184
Epoch [28/30], Total Loss: 1.7960, NLL: 1.4303, Masked: 4.2055
Epoch [29/30], Total Loss: 1.7929, NLL: 1.4283, Masked: 4.1921
Epoch [30/30], Total Loss: 1.7905, NLL: 1.4268, Masked: 4.1828

==================================================
EVALUATING ON TRAINING DATA
==================================================

==================================================
TEST RESULTS
==================================================
Total Loss: 1.774449
  - ZINB NLL: 1.414510
Total number of masked values: 3379423
  - Number of values with pi >= 0.4219125032632116: 901860
  - Number of values with pi < 0.4219125032632116: 2477563
  - Masked Reconstruction: 4.139123
Mean Absolute Error (MAE): 2.147399
R² Score: 0.280702
==================================================


==================================================
EVALUATING ON VALIDATION DATA
Dataset size: 16472
==================================================


==================================================
TEST RESULTS
==================================================
Total Loss: 1.800118
  - ZINB NLL: 1.432810
Total number of masked values: 2119456
  - Number of values with pi >= 0.4219125032632116: 574379
  - Number of values with pi < 0.4219125032632116: 1545077
  - Masked Reconstruction: 4.223867
Mean Absolute Error (MAE): 2.218641
R² Score: 0.245391
==================================================


>>> Optimizing masked_loss on VALIDATION set: 4.223867
>>> Full validation metrics: {'total_loss': 1.8001176246802397, 'zinb_nll': 1.4328098566917726, 'mae': 2.2186410427093506, 'r2': 0.24539059400558472, 'masked_loss': 4.223866958766379}

Iteration No: 7 ended. Evaluation done at random point.
Time taken: 638.3344
Function value obtained: 4.2239
Current minimum: 2.4777
Iteration No: 8 started. Evaluating function at random point.

================================================================================
Trial with parameters:
  features: Centr_Nucl
  step_size: 0.37621828162969795
  bin_size: 5
  sample_fraction: 0.668576501513006
  moving_average: False
  first_layer_size_factor: 10
  num_layers: 2
  use_conv: True
  conv_channel: 94
  pool_size: 6
  kernel_size: 3
  epochs: 150
  batch_size: 32
  pi_threshold: 0.6906459823330612
  learning_rate: 0.0001710452585899055
  dropout_rate: 0.016525366450274196
  masked_recon_weight: 0.024004075943521636
  regularizer: l2
  regularization_weight: 0.5820203380944969
================================================================================

len(layers): 2
Creating datasets with:
  features: ['Centr', 'Nucl']
  bin_size: 5
  moving_average: False
  data_point_length: 2000 (from 2000)
  step_size: 752 (from fraction 0.37621828162969795)
  layers: [np.int64(160), np.int64(80)] (first=160, num=2)
  stride: 1 (fixed), padding: same (fixed)
  Using pre-determined chromosome split


Clipping outliers using 95th percentile * 1.5...
strain_yTW001: Clipping values above 134.25 (P95=89.50). Clipped 27529/1193409 values (2.31%)
strain_FD: Clipping values above 71.92 (P95=47.94). Clipped 95791/4127807 values (2.32%)
strain_dnrp: Clipping values above 243.00 (P95=162.00). Clipped 25649/1119454 values (2.29%)
strain_yEK19: Clipping values above 77.10 (P95=51.40). Clipped 83713/3893623 values (2.15%)
strain_yEK23: Clipping values above 72.00 (P95=48.00). Clipped 86381/3558407 values (2.43%)
strain_yWT03a: Clipping values above 15.00 (P95=10.00). Clipped 10602/347679 values (3.05%)
strain_yWT04a: Clipping values above 58.50 (P95=39.00). Clipped 21095/725406 values (2.91%)
strain_ylic137: Clipping values above 142.50 (P95=95.00). Clipped 28746/1112684 values (2.58%)

Splitting data using pre-determined chromosomes...
Standardizing features: ['Centr', 'Nucl']
Column order in final array (Dataset/Chrom split): ['Value', 'Nucleosome_Distance', 'Centromere_Distance', 'Value_Raw', 'Size_Factor']
Removing 0 empty data points out of 14672
Column order in final array (Dataset/Chrom split): ['Value', 'Nucleosome_Distance', 'Centromere_Distance', 'Value_Raw', 'Size_Factor']
Removing 0 empty data points out of 5152
Column order in final array (Dataset/Chrom split): ['Value', 'Nucleosome_Distance', 'Centromere_Distance', 'Value_Raw', 'Size_Factor']
Removing 0 empty data points out of 5704
Datasets created with shapes:
  Train: (14672, 2000, 5)
  Val: (5152, 2000, 5)
  Test: (5704, 2000, 5)
Datasets created:
  Train: (14672, 2000, 5), Val: (5152, 2000, 5), Test: (5704, 2000, 5)

Randomly sampled 9809/14672 samples (66.9%)
Applied denoising with 15.0% masking
Applied denoising with 15.0% masking
Number of encoder layers: 2
Number of decoder layers (excluding heads): 2
Total number of layers including latent layer: 5
Epoch [1/150], Total Loss: 3.2775, NLL: 2.5321, Masked: 31.0534, Reg: 4590.188832
Epoch [2/150], Total Loss: 3.2650, NLL: 2.5190, Masked: 31.0789, Reg: 4318.420915
Epoch [3/150], Total Loss: 3.2505, NLL: 2.5059, Masked: 31.0195, Reg: 4081.540244
Epoch [4/150], Total Loss: 3.2392, NLL: 2.4930, Masked: 31.0841, Reg: 3859.700897
Epoch [5/150], Total Loss: 3.2263, NLL: 2.4804, Masked: 31.0741, Reg: 3647.926077
Epoch [6/150], Total Loss: 3.2140, NLL: 2.4679, Masked: 31.0819, Reg: 3444.662376
Epoch [7/150], Total Loss: 3.2014, NLL: 2.4556, Masked: 31.0705, Reg: 3249.191236
Epoch [8/150], Total Loss: 3.1891, NLL: 2.4435, Masked: 31.0636, Reg: 3061.044028
Epoch [9/150], Total Loss: 3.1774, NLL: 2.4315, Masked: 31.0738, Reg: 2879.866255
Epoch [10/150], Total Loss: 3.1651, NLL: 2.4198, Masked: 31.0494, Reg: 2705.380827
Epoch [11/150], Total Loss: 3.1538, NLL: 2.4083, Masked: 31.0567, Reg: 2537.368346
Epoch [12/150], Total Loss: 3.1431, NLL: 2.3969, Masked: 31.0859, Reg: 2375.653939
Epoch [13/150], Total Loss: 3.1311, NLL: 2.3859, Masked: 31.0426, Reg: 2220.094197
Epoch [14/150], Total Loss: 3.1209, NLL: 2.3751, Masked: 31.0706, Reg: 2070.570737
Epoch [15/150], Total Loss: 3.1099, NLL: 2.3644, Masked: 31.0572, Reg: 1926.981595
Epoch [16/150], Total Loss: 3.0996, NLL: 2.3540, Masked: 31.0597, Reg: 1789.238543
Epoch [17/150], Total Loss: 3.0891, NLL: 2.3439, Masked: 31.0446, Reg: 1657.264038
Epoch [18/150], Total Loss: 3.0807, NLL: 2.3341, Masked: 31.1045, Reg: 1530.988211
Epoch [19/150], Total Loss: 3.0703, NLL: 2.3245, Masked: 31.0703, Reg: 1410.348009
Epoch [20/150], Total Loss: 3.0615, NLL: 2.3152, Masked: 31.0926, Reg: 1295.283733
Epoch [21/150], Total Loss: 3.0526, NLL: 2.3062, Masked: 31.0924, Reg: 1185.738359
Epoch [22/150], Total Loss: 3.0429, NLL: 2.2975, Masked: 31.0510, Reg: 1081.656882
Epoch [23/150], Total Loss: 3.0352, NLL: 2.2891, Masked: 31.0806, Reg: 982.984771
Epoch [24/150], Total Loss: 3.0259, NLL: 2.2811, Masked: 31.0292, Reg: 889.666568
Epoch [25/150], Total Loss: 3.0191, NLL: 2.2734, Masked: 31.0663, Reg: 801.645532
Epoch [26/150], Total Loss: 3.0122, NLL: 2.2661, Masked: 31.0859, Reg: 718.861889
Epoch [27/150], Total Loss: 3.0046, NLL: 2.2590, Masked: 31.0620, Reg: 641.253088
Epoch [28/150], Total Loss: 2.9982, NLL: 2.2523, Masked: 31.0717, Reg: 568.752031
Epoch [29/150], Total Loss: 2.9920, NLL: 2.2461, Masked: 31.0739, Reg: 501.286849
Epoch [30/150], Total Loss: 2.9865, NLL: 2.2401, Masked: 31.0921, Reg: 438.779789
Epoch [31/150], Total Loss: 2.9805, NLL: 2.2345, Masked: 31.0745, Reg: 381.145914
Epoch [32/150], Total Loss: 2.9745, NLL: 2.2293, Masked: 31.0411, Reg: 328.292173
Epoch [33/150], Total Loss: 2.9703, NLL: 2.2246, Masked: 31.0676, Reg: 280.116562
Epoch [34/150], Total Loss: 2.9654, NLL: 2.2201, Masked: 31.0476, Reg: 236.506199
Epoch [35/150], Total Loss: 2.9618, NLL: 2.2160, Masked: 31.0710, Reg: 197.336382
Epoch [36/150], Total Loss: 2.9581, NLL: 2.2122, Masked: 31.0717, Reg: 162.468334
Epoch [37/150], Total Loss: 2.9549, NLL: 2.2089, Masked: 31.0800, Reg: 131.747113
Epoch [38/150], Total Loss: 2.9520, NLL: 2.2059, Masked: 31.0839, Reg: 105.000675
Epoch [39/150], Total Loss: 2.9494, NLL: 2.2032, Masked: 31.0879, Reg: 82.035736
Epoch [40/150], Total Loss: 2.9463, NLL: 2.2008, Masked: 31.0569, Reg: 62.637138
Epoch [41/150], Total Loss: 2.9440, NLL: 2.1988, Masked: 31.0450, Reg: 46.563995
Epoch [42/150], Total Loss: 2.9433, NLL: 2.1971, Masked: 31.0878, Reg: 33.549626
Epoch [43/150], Total Loss: 2.9412, NLL: 2.1956, Masked: 31.0579, Reg: 23.299179
Epoch [44/150], Total Loss: 2.9397, NLL: 2.1944, Masked: 31.0488, Reg: 15.490900
Epoch [45/150], Total Loss: 2.9392, NLL: 2.1935, Masked: 31.0680, Reg: 9.779279
Epoch [46/150], Total Loss: 2.9388, NLL: 2.1927, Masked: 31.0853, Reg: 5.803667
Epoch [47/150], Total Loss: 2.9377, NLL: 2.1921, Masked: 31.0631, Reg: 3.198928
Epoch [48/150], Total Loss: 2.9372, NLL: 2.1917, Masked: 31.0602, Reg: 1.614251
Epoch [49/150], Total Loss: 2.9370, NLL: 2.1913, Masked: 31.0637, Reg: 0.733062
Epoch [50/150], Total Loss: 2.9371, NLL: 2.1911, Masked: 31.0776, Reg: 0.294210
Epoch [51/150], Total Loss: 2.9370, NLL: 2.1910, Masked: 31.0768, Reg: 0.102366
Epoch [52/150], Total Loss: 2.9368, NLL: 2.1909, Masked: 31.0756, Reg: 0.030519
Epoch [53/150], Total Loss: 2.9372, NLL: 2.1908, Masked: 31.0927, Reg: 0.008322
Epoch [54/150], Total Loss: 2.9363, NLL: 2.1908, Masked: 31.0555, Reg: 0.002834
Epoch [55/150], Total Loss: 2.9366, NLL: 2.1908, Masked: 31.0709, Reg: 0.001742
Epoch [56/150], Total Loss: 2.9369, NLL: 2.1908, Masked: 31.0843, Reg: 0.001620
Epoch [57/150], Total Loss: 2.9367, NLL: 2.1908, Masked: 31.0746, Reg: 0.001435
Epoch [58/150], Total Loss: 2.9367, NLL: 2.1908, Masked: 31.0733, Reg: 0.001346
Epoch [59/150], Total Loss: 2.9367, NLL: 2.1908, Masked: 31.0730, Reg: 0.001618
Epoch [60/150], Total Loss: 2.9362, NLL: 2.1908, Masked: 31.0519, Reg: 0.001604
Epoch [61/150], Total Loss: 2.9363, NLL: 2.1908, Masked: 31.0560, Reg: 0.001272
Epoch [62/150], Total Loss: 2.9364, NLL: 2.1908, Masked: 31.0604, Reg: 0.001277
Epoch [63/150], Total Loss: 2.9375, NLL: 2.1908, Masked: 31.1094, Reg: 0.001272
Epoch [64/150], Total Loss: 2.9362, NLL: 2.1908, Masked: 31.0525, Reg: 0.001364
Epoch [65/150], Total Loss: 2.9364, NLL: 2.1908, Masked: 31.0600, Reg: 0.001279
Epoch [66/150], Total Loss: 2.9358, NLL: 2.1908, Masked: 31.0368, Reg: 0.001273
Epoch [67/150], Total Loss: 2.9369, NLL: 2.1908, Masked: 31.0834, Reg: 0.001283
Epoch [68/150], Total Loss: 2.9371, NLL: 2.1908, Masked: 31.0891, Reg: 0.001285
Epoch [69/150], Total Loss: 2.9373, NLL: 2.1908, Masked: 31.0992, Reg: 0.001291
Epoch [70/150], Total Loss: 2.9363, NLL: 2.1908, Masked: 31.0589, Reg: 0.001280
Epoch [71/150], Total Loss: 2.9367, NLL: 2.1908, Masked: 31.0760, Reg: 0.001292
Epoch [72/150], Total Loss: 2.9367, NLL: 2.1908, Masked: 31.0728, Reg: 0.001287
Epoch [73/150], Total Loss: 2.9365, NLL: 2.1908, Masked: 31.0650, Reg: 0.001291
Epoch [74/150], Total Loss: 2.9364, NLL: 2.1908, Masked: 31.0600, Reg: 0.001294
Epoch [75/150], Total Loss: 2.9370, NLL: 2.1908, Masked: 31.0868, Reg: 0.001287
Epoch [76/150], Total Loss: 2.9368, NLL: 2.1908, Masked: 31.0792, Reg: 0.001295
Epoch [77/150], Total Loss: 2.9364, NLL: 2.1908, Masked: 31.0607, Reg: 0.001286
Epoch [78/150], Total Loss: 2.9371, NLL: 2.1908, Masked: 31.0905, Reg: 0.001294
Epoch [79/150], Total Loss: 2.9363, NLL: 2.1908, Masked: 31.0588, Reg: 0.001286
Epoch [80/150], Total Loss: 2.9366, NLL: 2.1908, Masked: 31.0694, Reg: 0.001295
Epoch [81/150], Total Loss: 2.9363, NLL: 2.1908, Masked: 31.0565, Reg: 0.001291
Epoch [82/150], Total Loss: 2.9368, NLL: 2.1908, Masked: 31.0803, Reg: 0.001291
Epoch [83/150], Total Loss: 2.9362, NLL: 2.1908, Masked: 31.0531, Reg: 0.001289
Epoch [84/150], Total Loss: 2.9363, NLL: 2.1908, Masked: 31.0580, Reg: 0.001289
Epoch [85/150], Total Loss: 2.9363, NLL: 2.1908, Masked: 31.0556, Reg: 0.001291
Epoch [86/150], Total Loss: 2.9360, NLL: 2.1908, Masked: 31.0467, Reg: 0.001290
Epoch [87/150], Total Loss: 2.9360, NLL: 2.1908, Masked: 31.0432, Reg: 0.001293
Epoch [88/150], Total Loss: 2.9359, NLL: 2.1908, Masked: 31.0415, Reg: 0.001286
Epoch [89/150], Total Loss: 2.9365, NLL: 2.1908, Masked: 31.0656, Reg: 0.001290
Epoch [90/150], Total Loss: 2.9369, NLL: 2.1908, Masked: 31.0835, Reg: 0.001295
Epoch [91/150], Total Loss: 2.9367, NLL: 2.1908, Masked: 31.0730, Reg: 0.001292
Epoch [92/150], Total Loss: 2.9368, NLL: 2.1908, Masked: 31.0766, Reg: 0.001297
Epoch [93/150], Total Loss: 2.9366, NLL: 2.1908, Masked: 31.0717, Reg: 0.001291
Epoch [94/150], Total Loss: 2.9365, NLL: 2.1908, Masked: 31.0640, Reg: 0.001290
Epoch [95/150], Total Loss: 2.9363, NLL: 2.1908, Masked: 31.0558, Reg: 0.001295
Epoch [96/150], Total Loss: 2.9362, NLL: 2.1908, Masked: 31.0518, Reg: 0.001293
Epoch [97/150], Total Loss: 2.9364, NLL: 2.1908, Masked: 31.0596, Reg: 0.001290
Epoch [98/150], Total Loss: 2.9368, NLL: 2.1908, Masked: 31.0795, Reg: 0.001299
Epoch [99/150], Total Loss: 2.9370, NLL: 2.1908, Masked: 31.0865, Reg: 0.001293
Epoch [100/150], Total Loss: 2.9363, NLL: 2.1908, Masked: 31.0578, Reg: 0.001296
Epoch [101/150], Total Loss: 2.9366, NLL: 2.1908, Masked: 31.0713, Reg: 0.001292
Epoch [102/150], Total Loss: 2.9369, NLL: 2.1908, Masked: 31.0844, Reg: 0.001296
Epoch [103/150], Total Loss: 2.9366, NLL: 2.1908, Masked: 31.0706, Reg: 0.001297
Epoch [104/150], Total Loss: 2.9366, NLL: 2.1908, Masked: 31.0715, Reg: 0.001291
Epoch [105/150], Total Loss: 2.9358, NLL: 2.1908, Masked: 31.0358, Reg: 0.001301
Epoch [106/150], Total Loss: 2.9360, NLL: 2.1908, Masked: 31.0445, Reg: 0.001285
Epoch [107/150], Total Loss: 2.9367, NLL: 2.1908, Masked: 31.0731, Reg: 0.001300
Epoch [108/150], Total Loss: 2.9366, NLL: 2.1908, Masked: 31.0682, Reg: 0.001294
Epoch [109/150], Total Loss: 2.9369, NLL: 2.1908, Masked: 31.0838, Reg: 0.001297
Epoch [110/150], Total Loss: 2.9360, NLL: 2.1908, Masked: 31.0447, Reg: 0.001290
Epoch [111/150], Total Loss: 2.9369, NLL: 2.1908, Masked: 31.0832, Reg: 0.001296
Epoch [112/150], Total Loss: 2.9369, NLL: 2.1908, Masked: 31.0809, Reg: 0.001298
Epoch [113/150], Total Loss: 2.9358, NLL: 2.1908, Masked: 31.0379, Reg: 0.001291
Epoch [114/150], Total Loss: 2.9369, NLL: 2.1908, Masked: 31.0813, Reg: 0.001297
Epoch [115/150], Total Loss: 2.9361, NLL: 2.1908, Masked: 31.0488, Reg: 0.001294
Epoch [116/150], Total Loss: 2.9364, NLL: 2.1908, Masked: 31.0618, Reg: 0.001292
Epoch [117/150], Total Loss: 2.9367, NLL: 2.1908, Masked: 31.0724, Reg: 0.001297
Epoch [118/150], Total Loss: 2.9367, NLL: 2.1908, Masked: 31.0752, Reg: 0.001293
Epoch [119/150], Total Loss: 2.9373, NLL: 2.1908, Masked: 31.0976, Reg: 0.001299
Epoch [120/150], Total Loss: 2.9362, NLL: 2.1908, Masked: 31.0533, Reg: 0.001293
Epoch [121/150], Total Loss: 2.9368, NLL: 2.1908, Masked: 31.0783, Reg: 0.001294
Epoch [122/150], Total Loss: 2.9372, NLL: 2.1908, Masked: 31.0959, Reg: 0.001297
Epoch [123/150], Total Loss: 2.9368, NLL: 2.1908, Masked: 31.0780, Reg: 0.001296
Epoch [124/150], Total Loss: 2.9366, NLL: 2.1908, Masked: 31.0689, Reg: 0.001297
Epoch [125/150], Total Loss: 2.9370, NLL: 2.1908, Masked: 31.0872, Reg: 0.001295
Epoch [126/150], Total Loss: 2.9357, NLL: 2.1908, Masked: 31.0331, Reg: 0.001295
Epoch [127/150], Total Loss: 2.9372, NLL: 2.1908, Masked: 31.0944, Reg: 0.001297
Epoch [128/150], Total Loss: 2.9367, NLL: 2.1908, Masked: 31.0759, Reg: 0.001294
Epoch [129/150], Total Loss: 2.9363, NLL: 2.1908, Masked: 31.0564, Reg: 0.001291
Epoch [130/150], Total Loss: 2.9367, NLL: 2.1908, Masked: 31.0730, Reg: 0.001298
Epoch [131/150], Total Loss: 2.9370, NLL: 2.1908, Masked: 31.0858, Reg: 0.001294
Epoch [132/150], Total Loss: 2.9367, NLL: 2.1908, Masked: 31.0749, Reg: 0.001295
Epoch [133/150], Total Loss: 2.9368, NLL: 2.1908, Masked: 31.0784, Reg: 0.001301
Epoch [134/150], Total Loss: 2.9365, NLL: 2.1908, Masked: 31.0656, Reg: 0.001291
Epoch [135/150], Total Loss: 2.9370, NLL: 2.1908, Masked: 31.0875, Reg: 0.001299
Epoch [136/150], Total Loss: 2.9362, NLL: 2.1908, Masked: 31.0518, Reg: 0.001293
Epoch [137/150], Total Loss: 2.9364, NLL: 2.1908, Masked: 31.0606, Reg: 0.001294
Epoch [138/150], Total Loss: 2.9363, NLL: 2.1908, Masked: 31.0556, Reg: 0.001295
Epoch [139/150], Total Loss: 2.9370, NLL: 2.1908, Masked: 31.0881, Reg: 0.001293
Epoch [140/150], Total Loss: 2.9363, NLL: 2.1908, Masked: 31.0590, Reg: 0.001295
Epoch [141/150], Total Loss: 2.9373, NLL: 2.1908, Masked: 31.0998, Reg: 0.001298
Epoch [142/150], Total Loss: 2.9373, NLL: 2.1908, Masked: 31.0989, Reg: 0.001295
Epoch [143/150], Total Loss: 2.9368, NLL: 2.1908, Masked: 31.0786, Reg: 0.001294
Epoch [144/150], Total Loss: 2.9371, NLL: 2.1908, Masked: 31.0890, Reg: 0.001298
Epoch [145/150], Total Loss: 2.9372, NLL: 2.1908, Masked: 31.0946, Reg: 0.001297
Epoch [146/150], Total Loss: 2.9369, NLL: 2.1908, Masked: 31.0839, Reg: 0.001297
Epoch [147/150], Total Loss: 2.9364, NLL: 2.1908, Masked: 31.0611, Reg: 0.001295
Epoch [148/150], Total Loss: 2.9372, NLL: 2.1908, Masked: 31.0940, Reg: 0.001295
Epoch [149/150], Total Loss: 2.9367, NLL: 2.1908, Masked: 31.0758, Reg: 0.001298
Epoch [150/150], Total Loss: 2.9368, NLL: 2.1908, Masked: 31.0765, Reg: 0.001294

==================================================
EVALUATING ON TRAINING DATA
==================================================

==================================================
TEST RESULTS
==================================================
Total Loss: 2.935938
  - ZINB NLL: 2.190810
Total number of masked values: 1258195
  - Number of values with pi >= 0.6906459823330612: 0
  - Number of values with pi < 0.6906459823330612: 1258195
  - Masked Reconstruction: 31.041714
  - Regularization: 0.001197
Mean Absolute Error (MAE): 26.466490
R² Score: -23.380219
==================================================


==================================================
EVALUATING ON VALIDATION DATA
Dataset size: 5152
==================================================


==================================================
TEST RESULTS
==================================================
Total Loss: 2.781658
  - ZINB NLL: 2.193941
Total number of masked values: 661250
  - Number of values with pi >= 0.6906459823330612: 0
  - Number of values with pi < 0.6906459823330612: 661250
  - Masked Reconstruction: 24.484054
  - Regularization: 0.001197
Mean Absolute Error (MAE): 26.453634
R² Score: -19.484236
==================================================


>>> Optimizing masked_loss on VALIDATION set: 24.484054
>>> Full validation metrics: {'total_loss': 2.7816578534819323, 'zinb_nll': 2.1939407509306204, 'mae': 26.45363426208496, 'r2': -19.484235763549805, 'masked_loss': 24.48405429295131, 'reg_loss': 0.0011974125004956188}

Iteration No: 8 ended. Evaluation done at random point.
Time taken: 374.5475
Function value obtained: 24.4841
Current minimum: 2.4777
Iteration No: 9 started. Evaluating function at random point.

================================================================================
Trial with parameters:
  features: Centr
  step_size: 0.5858373734298188
  bin_size: 12
  sample_fraction: 0.6945225429095452
  moving_average: False
  first_layer_size_factor: 39
  num_layers: 2
  use_conv: False
  conv_channel: 69
  pool_size: 8
  kernel_size: 5
  epochs: 128
  batch_size: 128
  pi_threshold: 0.36028701758617176
  learning_rate: 0.0003346542387875272
  dropout_rate: 0.347906403395441
  masked_recon_weight: 2.7129089558470065
  regularizer: l1
  regularization_weight: 0.00034808662246265455
================================================================================

len(layers): 2
Creating datasets with:
  features: ['Centr']
  bin_size: 12
  moving_average: False
  data_point_length: 2000 (from 2000)
  step_size: 1171 (from fraction 0.5858373734298188)
  layers: [np.int64(624), np.int64(312)] (first=624, num=2)
  stride: 1 (fixed), padding: same (fixed)
  Using pre-determined chromosome split


Clipping outliers using 95th percentile * 1.5...
strain_yTW001: Clipping values above 134.25 (P95=89.50). Clipped 27529/1193409 values (2.31%)
strain_FD: Clipping values above 71.92 (P95=47.94). Clipped 95791/4127807 values (2.32%)
strain_dnrp: Clipping values above 243.00 (P95=162.00). Clipped 25649/1119454 values (2.29%)
strain_yEK19: Clipping values above 77.10 (P95=51.40). Clipped 83713/3893623 values (2.15%)
strain_yEK23: Clipping values above 72.00 (P95=48.00). Clipped 86381/3558407 values (2.43%)
strain_yWT03a: Clipping values above 15.00 (P95=10.00). Clipped 10602/347679 values (3.05%)
strain_yWT04a: Clipping values above 58.50 (P95=39.00). Clipped 21095/725406 values (2.91%)
strain_ylic137: Clipping values above 142.50 (P95=95.00). Clipped 28746/1112684 values (2.58%)

Splitting data using pre-determined chromosomes...
Standardizing features: ['Centr']
Column order in final array (Dataset/Chrom split): ['Value', 'Centromere_Distance', 'Value_Raw', 'Size_Factor']
Removing 0 empty data points out of 3928
Column order in final array (Dataset/Chrom split): ['Value', 'Centromere_Distance', 'Value_Raw', 'Size_Factor']
Removing 0 empty data points out of 1384
Column order in final array (Dataset/Chrom split): ['Value', 'Centromere_Distance', 'Value_Raw', 'Size_Factor']
Removing 0 empty data points out of 1536
Datasets created with shapes:
  Train: (3928, 2000, 4)
  Val: (1384, 2000, 4)
  Test: (1536, 2000, 4)
Datasets created:
  Train: (3928, 2000, 4), Val: (1384, 2000, 4), Test: (1536, 2000, 4)

Randomly sampled 2728/3928 samples (69.5%)
Applied denoising with 15.0% masking
Applied denoising with 15.0% masking
Number of encoder layers: 2
Number of decoder layers (excluding heads): 2
Total number of layers including latent layer: 5
Epoch [1/128], Total Loss: 56.9930, NLL: 2.4141, Masked: 15.2859, Reg: 13.109654
Epoch [2/128], Total Loss: 22.0971, NLL: 2.2386, Masked: 3.3332, Reg: 10.815766
Epoch [3/128], Total Loss: 19.0819, NLL: 2.2243, Masked: 3.3437, Reg: 7.786345
Epoch [4/128], Total Loss: 17.3723, NLL: 2.2061, Masked: 3.3504, Reg: 6.076871
Epoch [5/128], Total Loss: 16.3576, NLL: 2.1859, Masked: 3.3441, Reg: 5.099270
Epoch [6/128], Total Loss: 15.6778, NLL: 2.1329, Masked: 3.3408, Reg: 4.481657
Epoch [7/128], Total Loss: 15.2652, NLL: 2.0999, Masked: 3.3349, Reg: 4.118027
Epoch [8/128], Total Loss: 14.9985, NLL: 2.1194, Masked: 3.3274, Reg: 3.852300
Epoch [9/128], Total Loss: 14.7956, NLL: 2.1246, Masked: 3.3289, Reg: 3.639972
Epoch [10/128], Total Loss: 14.5521, NLL: 2.0840, Masked: 3.3218, Reg: 3.456462
Epoch [11/128], Total Loss: 14.3879, NLL: 2.0834, Masked: 3.3184, Reg: 3.301969
Epoch [12/128], Total Loss: 14.2750, NLL: 2.0793, Masked: 3.3241, Reg: 3.177805
Epoch [13/128], Total Loss: 14.1201, NLL: 2.0697, Masked: 3.3162, Reg: 3.053795
Epoch [14/128], Total Loss: 14.0208, NLL: 2.0605, Masked: 3.3212, Reg: 2.950085
Epoch [15/128], Total Loss: 13.9194, NLL: 2.0744, Masked: 3.3107, Reg: 2.863372
Epoch [16/128], Total Loss: 13.8447, NLL: 2.0641, Masked: 3.3152, Reg: 2.786782
Epoch [17/128], Total Loss: 13.7465, NLL: 2.0490, Masked: 3.3170, Reg: 2.698706
Epoch [18/128], Total Loss: 13.6960, NLL: 2.0672, Masked: 3.3131, Reg: 2.640686
Epoch [19/128], Total Loss: 13.5501, NLL: 2.0313, Masked: 3.3022, Reg: 2.560391
Epoch [20/128], Total Loss: 13.5041, NLL: 2.0358, Masked: 3.3063, Reg: 2.498704
Epoch [21/128], Total Loss: 13.4423, NLL: 2.0267, Masked: 3.3020, Reg: 2.457684
Epoch [22/128], Total Loss: 13.4209, NLL: 2.0393, Masked: 3.3043, Reg: 2.417384
Epoch [23/128], Total Loss: 13.4050, NLL: 2.0461, Masked: 3.3094, Reg: 2.380785
Epoch [24/128], Total Loss: 13.3424, NLL: 2.0313, Masked: 3.3080, Reg: 2.336676
Epoch [25/128], Total Loss: 13.3007, NLL: 2.0358, Masked: 3.3045, Reg: 2.299982
Epoch [26/128], Total Loss: 13.2439, NLL: 2.0276, Masked: 3.3015, Reg: 2.259778
Epoch [27/128], Total Loss: 13.2565, NLL: 2.0416, Masked: 3.3055, Reg: 2.247438
Epoch [28/128], Total Loss: 13.2278, NLL: 2.0403, Masked: 3.3081, Reg: 2.212786
Epoch [29/128], Total Loss: 13.1499, NLL: 2.0215, Masked: 3.3013, Reg: 2.172353
Epoch [30/128], Total Loss: 13.1245, NLL: 2.0171, Masked: 3.3006, Reg: 2.153223
Epoch [31/128], Total Loss: 13.1372, NLL: 2.0343, Masked: 3.3025, Reg: 2.143513
Epoch [32/128], Total Loss: 13.0525, NLL: 2.0053, Masked: 3.2977, Reg: 2.100832
Epoch [33/128], Total Loss: 13.0494, NLL: 2.0135, Masked: 3.2991, Reg: 2.085711
Epoch [34/128], Total Loss: 13.0524, NLL: 2.0167, Masked: 3.3014, Reg: 2.079336
Epoch [35/128], Total Loss: 13.0456, NLL: 2.0253, Masked: 3.3061, Reg: 2.051189
Epoch [36/128], Total Loss: 13.0173, NLL: 2.0185, Masked: 3.3040, Reg: 2.035239
Epoch [37/128], Total Loss: 13.0147, NLL: 2.0265, Masked: 3.3053, Reg: 2.021366
Epoch [38/128], Total Loss: 12.9738, NLL: 2.0179, Masked: 3.3015, Reg: 1.999386
Epoch [39/128], Total Loss: 12.9798, NLL: 2.0273, Masked: 3.3038, Reg: 1.989452
Epoch [40/128], Total Loss: 12.9433, NLL: 2.0213, Masked: 3.3024, Reg: 1.962760
Epoch [41/128], Total Loss: 12.9135, NLL: 2.0071, Masked: 3.3040, Reg: 1.943017
Epoch [42/128], Total Loss: 12.8917, NLL: 2.0021, Masked: 3.3006, Reg: 1.935226
Epoch [43/128], Total Loss: 12.8546, NLL: 2.0010, Masked: 3.2933, Reg: 1.919345
Epoch [44/128], Total Loss: 12.8650, NLL: 2.0028, Masked: 3.3027, Reg: 1.902295
Epoch [45/128], Total Loss: 12.8531, NLL: 2.0067, Masked: 3.2996, Reg: 1.894869
Epoch [46/128], Total Loss: 12.9362, NLL: 2.0339, Masked: 3.3133, Reg: 1.913519
Epoch [47/128], Total Loss: 12.8410, NLL: 2.0138, Masked: 3.2973, Reg: 1.882007
Epoch [48/128], Total Loss: 12.8389, NLL: 2.0113, Masked: 3.3052, Reg: 1.860942
Epoch [49/128], Total Loss: 12.8335, NLL: 2.0085, Masked: 3.3031, Reg: 1.864098
Epoch [50/128], Total Loss: 12.7847, NLL: 2.0013, Masked: 3.2965, Reg: 1.840293
Epoch [51/128], Total Loss: 12.7573, NLL: 1.9956, Masked: 3.2950, Reg: 1.822579
Epoch [52/128], Total Loss: 12.7656, NLL: 1.9986, Masked: 3.2990, Reg: 1.817140
Epoch [53/128], Total Loss: 12.7832, NLL: 2.0076, Masked: 3.3028, Reg: 1.815419
Epoch [54/128], Total Loss: 12.7679, NLL: 2.0157, Masked: 3.2968, Reg: 1.808493
Epoch [55/128], Total Loss: 12.7579, NLL: 2.0052, Masked: 3.3030, Reg: 1.792115
Epoch [56/128], Total Loss: 12.7382, NLL: 2.0021, Masked: 3.3024, Reg: 1.776857
Epoch [57/128], Total Loss: 12.7028, NLL: 1.9921, Masked: 3.2992, Reg: 1.760261
Epoch [58/128], Total Loss: 12.6968, NLL: 1.9970, Masked: 3.2992, Reg: 1.749520
Epoch [59/128], Total Loss: 12.6998, NLL: 1.9996, Masked: 3.3017, Reg: 1.743071
Epoch [60/128], Total Loss: 12.6875, NLL: 1.9941, Masked: 3.3032, Reg: 1.732133
Epoch [61/128], Total Loss: 12.7056, NLL: 2.0166, Masked: 3.2984, Reg: 1.740656
Epoch [62/128], Total Loss: 12.6782, NLL: 1.9961, Masked: 3.3003, Reg: 1.728759
Epoch [63/128], Total Loss: 12.6790, NLL: 2.0038, Masked: 3.3022, Reg: 1.716493
Epoch [64/128], Total Loss: 12.6470, NLL: 2.0014, Masked: 3.2973, Reg: 1.700246
Epoch [65/128], Total Loss: 12.6276, NLL: 1.9957, Masked: 3.2974, Reg: 1.686278
Epoch [66/128], Total Loss: 12.6094, NLL: 1.9922, Masked: 3.2974, Reg: 1.671647
Epoch [67/128], Total Loss: 12.6136, NLL: 1.9904, Masked: 3.3030, Reg: 1.662484
Epoch [68/128], Total Loss: 12.6002, NLL: 1.9949, Masked: 3.2976, Reg: 1.659368
Epoch [69/128], Total Loss: 12.5934, NLL: 1.9997, Masked: 3.2969, Reg: 1.649404
Epoch [70/128], Total Loss: 12.5869, NLL: 1.9897, Masked: 3.3026, Reg: 1.637685
Epoch [71/128], Total Loss: 12.5750, NLL: 1.9954, Masked: 3.2970, Reg: 1.635140
Epoch [72/128], Total Loss: 12.5603, NLL: 1.9860, Masked: 3.2997, Reg: 1.622415
Epoch [73/128], Total Loss: 12.5457, NLL: 2.0001, Masked: 3.2921, Reg: 1.614359
Epoch [74/128], Total Loss: 12.5475, NLL: 1.9860, Masked: 3.2996, Reg: 1.609931
Epoch [75/128], Total Loss: 12.5398, NLL: 1.9950, Masked: 3.2973, Reg: 1.599563
Epoch [76/128], Total Loss: 12.5171, NLL: 1.9891, Masked: 3.2954, Reg: 1.587786
Epoch [77/128], Total Loss: 12.5581, NLL: 2.0008, Masked: 3.3065, Reg: 1.586970
Epoch [78/128], Total Loss: 12.5261, NLL: 1.9991, Masked: 3.2986, Reg: 1.578345
Epoch [79/128], Total Loss: 12.5015, NLL: 1.9944, Masked: 3.2967, Reg: 1.563601
Epoch [80/128], Total Loss: 12.5329, NLL: 2.0032, Masked: 3.3055, Reg: 1.562232
Epoch [81/128], Total Loss: 12.5001, NLL: 1.9923, Masked: 3.3029, Reg: 1.547347
Epoch [82/128], Total Loss: 12.4797, NLL: 1.9941, Masked: 3.2969, Reg: 1.541520
Epoch [83/128], Total Loss: 12.4712, NLL: 1.9951, Masked: 3.2975, Reg: 1.530255
Epoch [84/128], Total Loss: 12.4682, NLL: 1.9912, Masked: 3.3008, Reg: 1.522242
Epoch [85/128], Total Loss: 12.4393, NLL: 1.9871, Masked: 3.2958, Reg: 1.510875
Epoch [86/128], Total Loss: 12.4330, NLL: 1.9879, Masked: 3.2963, Reg: 1.502443
Epoch [87/128], Total Loss: 12.4125, NLL: 1.9837, Masked: 3.2938, Reg: 1.493031
Epoch [88/128], Total Loss: 12.4325, NLL: 1.9968, Masked: 3.2979, Reg: 1.488736
Epoch [89/128], Total Loss: 12.4473, NLL: 1.9965, Masked: 3.3035, Reg: 1.488618
Epoch [90/128], Total Loss: 12.4048, NLL: 1.9900, Masked: 3.2959, Reg: 1.473475
Epoch [91/128], Total Loss: 12.4079, NLL: 1.9888, Masked: 3.2998, Reg: 1.467086
Epoch [92/128], Total Loss: 12.3981, NLL: 1.9873, Masked: 3.3007, Reg: 1.456449
Epoch [93/128], Total Loss: 12.3887, NLL: 1.9927, Masked: 3.2976, Reg: 1.450003
Epoch [94/128], Total Loss: 12.4002, NLL: 1.9950, Masked: 3.3034, Reg: 1.443313
Epoch [95/128], Total Loss: 12.4023, NLL: 1.9987, Masked: 3.3040, Reg: 1.440014
Epoch [96/128], Total Loss: 12.3758, NLL: 1.9917, Masked: 3.2999, Reg: 1.431676
Epoch [97/128], Total Loss: 12.3767, NLL: 2.0065, Masked: 3.2973, Reg: 1.424860
Epoch [98/128], Total Loss: 12.3628, NLL: 1.9915, Masked: 3.3022, Reg: 1.412645
Epoch [99/128], Total Loss: 12.3448, NLL: 1.9901, Masked: 3.2992, Reg: 1.404353
Epoch [100/128], Total Loss: 12.3351, NLL: 1.9911, Masked: 3.2965, Reg: 1.400890
Epoch [101/128], Total Loss: 12.3631, NLL: 1.9999, Masked: 3.3064, Reg: 1.393229
Epoch [102/128], Total Loss: 12.3314, NLL: 1.9922, Masked: 3.2994, Reg: 1.388264
Epoch [103/128], Total Loss: 12.3295, NLL: 2.0012, Masked: 3.2994, Reg: 1.377397
Epoch [104/128], Total Loss: 12.3207, NLL: 1.9944, Masked: 3.3008, Reg: 1.371682
Epoch [105/128], Total Loss: 12.3107, NLL: 1.9938, Masked: 3.3009, Reg: 1.361866
Epoch [106/128], Total Loss: 12.2977, NLL: 1.9916, Masked: 3.3002, Reg: 1.352999
Epoch [107/128], Total Loss: 12.2931, NLL: 1.9895, Masked: 3.3017, Reg: 1.346353
Epoch [108/128], Total Loss: 12.2962, NLL: 1.9966, Masked: 3.3019, Reg: 1.341843
Epoch [109/128], Total Loss: 12.2917, NLL: 2.0037, Masked: 3.2989, Reg: 1.338253
Epoch [110/128], Total Loss: 12.2618, NLL: 1.9921, Masked: 3.2980, Reg: 1.322466
Epoch [111/128], Total Loss: 12.2574, NLL: 1.9915, Masked: 3.2989, Reg: 1.316160
Epoch [112/128], Total Loss: 12.2576, NLL: 1.9901, Masked: 3.3015, Reg: 1.310713
Epoch [113/128], Total Loss: 12.2622, NLL: 1.9962, Masked: 3.3026, Reg: 1.306328
Epoch [114/128], Total Loss: 12.2467, NLL: 1.9940, Masked: 3.2987, Reg: 1.303611
Epoch [115/128], Total Loss: 12.2301, NLL: 1.9919, Masked: 3.2985, Reg: 1.289874
Epoch [116/128], Total Loss: 12.2293, NLL: 1.9983, Masked: 3.2986, Reg: 1.282191
Epoch [117/128], Total Loss: 12.2369, NLL: 1.9956, Masked: 3.3042, Reg: 1.277445
Epoch [118/128], Total Loss: 12.2228, NLL: 1.9880, Masked: 3.3045, Reg: 1.269966
Epoch [119/128], Total Loss: 12.1972, NLL: 1.9924, Masked: 3.2953, Reg: 1.265076
Epoch [120/128], Total Loss: 12.2078, NLL: 1.9955, Masked: 3.3002, Reg: 1.259195
Epoch [121/128], Total Loss: 12.2222, NLL: 1.9977, Masked: 3.3051, Reg: 1.258090
Epoch [122/128], Total Loss: 12.2100, NLL: 2.0035, Masked: 3.3023, Reg: 1.247579
Epoch [123/128], Total Loss: 12.1845, NLL: 1.9904, Masked: 3.3014, Reg: 1.237621
Epoch [124/128], Total Loss: 12.1797, NLL: 1.9984, Masked: 3.2991, Reg: 1.231115
Epoch [125/128], Total Loss: 12.1582, NLL: 1.9873, Masked: 3.2976, Reg: 1.224695
Epoch [126/128], Total Loss: 12.1719, NLL: 2.0009, Masked: 3.3000, Reg: 1.218458
Epoch [127/128], Total Loss: 12.1612, NLL: 1.9949, Masked: 3.3003, Reg: 1.212951
Epoch [128/128], Total Loss: 12.1456, NLL: 1.9964, Masked: 3.2963, Reg: 1.206571

==================================================
EVALUATING ON TRAINING DATA
==================================================

==================================================
TEST RESULTS
==================================================
Total Loss: 12.001001
  - ZINB NLL: 1.958404
Total number of masked values: 486205
  - Number of values with pi >= 0.36028701758617176: 0
  - Number of values with pi < 0.36028701758617176: 486205
  - Masked Reconstruction: 3.259683
  - Regularization: 1.199375
Mean Absolute Error (MAE): 2.503461
R² Score: 0.021257
==================================================


==================================================
EVALUATING ON VALIDATION DATA
Dataset size: 1384
==================================================


==================================================
TEST RESULTS
==================================================
Total Loss: 11.896932
  - ZINB NLL: 1.999459
Total number of masked values: 246039
  - Number of values with pi >= 0.36028701758617176: 0
  - Number of values with pi < 0.36028701758617176: 246039
  - Masked Reconstruction: 3.206188
  - Regularization: 1.199375
Mean Absolute Error (MAE): 2.563070
R² Score: 0.012479
==================================================


>>> Optimizing masked_loss on VALIDATION set: 3.206188
>>> Full validation metrics: {'total_loss': 11.896931615178985, 'zinb_nll': 1.9994594644259855, 'mae': 2.5630698204040527, 'r2': 0.01247870922088623, 'masked_loss': 3.2061882859709634, 'reg_loss': 1.1993752886662}

Iteration No: 9 ended. Evaluation done at random point.
Time taken: 104.7315
Function value obtained: 3.2062
Current minimum: 2.4777
Iteration No: 10 started. Evaluating function at random point.

================================================================================
Trial with parameters:
  features: Nucl
  step_size: 0.8571257846047867
  bin_size: 8
  sample_fraction: 0.32213241331856557
  moving_average: True
  first_layer_size_factor: 42
  num_layers: 3
  use_conv: False
  conv_channel: 92
  pool_size: 6
  kernel_size: 3
  epochs: 95
  batch_size: 128
  pi_threshold: 0.39142000871891985
  learning_rate: 3.348611630346182e-05
  dropout_rate: 0.4910841716647179
  masked_recon_weight: 0.11655839673969261
  regularizer: l1
  regularization_weight: 94.14036944149231
================================================================================

len(layers): 3
Creating datasets with:
  features: ['Nucl']
  bin_size: 8
  moving_average: True
  data_point_length: 2000 (from 2000)
  step_size: 1714 (from fraction 0.8571257846047867)
  layers: [np.int64(672), np.int64(336), np.int64(168)] (first=672, num=3)
  stride: 1 (fixed), padding: same (fixed)
  Using pre-determined chromosome split


Clipping outliers using 95th percentile * 1.5...
strain_yTW001: Clipping values above 134.25 (P95=89.50). Clipped 27529/1193409 values (2.31%)
strain_FD: Clipping values above 71.92 (P95=47.94). Clipped 95791/4127807 values (2.32%)
strain_dnrp: Clipping values above 243.00 (P95=162.00). Clipped 25649/1119454 values (2.29%)
strain_yEK19: Clipping values above 77.10 (P95=51.40). Clipped 83713/3893623 values (2.15%)
strain_yEK23: Clipping values above 72.00 (P95=48.00). Clipped 86381/3558407 values (2.43%)
strain_yWT03a: Clipping values above 15.00 (P95=10.00). Clipped 10602/347679 values (3.05%)
strain_yWT04a: Clipping values above 58.50 (P95=39.00). Clipped 21095/725406 values (2.91%)
strain_ylic137: Clipping values above 142.50 (P95=95.00). Clipped 28746/1112684 values (2.58%)

Splitting data using pre-determined chromosomes...
Standardizing features: ['Nucl']
Column order in final array (Dataset/Chrom split): ['Value', 'Nucleosome_Distance', 'Value_Raw', 'Size_Factor']
Removing 0 empty data points out of 32384
Column order in final array (Dataset/Chrom split): ['Value', 'Nucleosome_Distance', 'Value_Raw', 'Size_Factor']
Removing 0 empty data points out of 11392
Column order in final array (Dataset/Chrom split): ['Value', 'Nucleosome_Distance', 'Value_Raw', 'Size_Factor']
Removing 0 empty data points out of 12608
Datasets created with shapes:
  Train: (32384, 2000, 4)
  Val: (11392, 2000, 4)
  Test: (12608, 2000, 4)
Datasets created:
  Train: (32384, 2000, 4), Val: (11392, 2000, 4), Test: (12608, 2000, 4)

Randomly sampled 10431/32384 samples (32.2%)
Applied denoising with 15.0% masking
Applied denoising with 15.0% masking
Number of encoder layers: 3
Number of decoder layers (excluding heads): 3
Total number of layers including latent layer: 7
Epoch [1/95], Total Loss: 3939971.0274, NLL: 2.6901, Masked: 30.8922, Reg: 3939964.585797
Epoch [2/95], Total Loss: 2774896.7206, NLL: 2.6891, Masked: 30.8686, Reg: 2774890.305697
Epoch [3/95], Total Loss: 2140333.6355, NLL: 2.6885, Masked: 30.8848, Reg: 2140327.242821
Epoch [4/95], Total Loss: 1677563.8629, NLL: 2.6880, Masked: 30.8780, Reg: 1677557.514692
Epoch [5/95], Total Loss: 1344329.6250, NLL: 2.6874, Masked: 30.8786, Reg: 1344323.291623
Epoch [6/95], Total Loss: 1140107.7496, NLL: 2.6869, Masked: 30.8883, Reg: 1140101.420031
Epoch [7/95], Total Loss: 1027728.6418, NLL: 2.6864, Masked: 30.8874, Reg: 1027722.320414
Epoch [8/95], Total Loss: 933558.2100, NLL: 2.6859, Masked: 30.8885, Reg: 933551.888190
Epoch [9/95], Total Loss: 848013.8036, NLL: 2.6854, Masked: 30.8881, Reg: 848007.486585
Epoch [10/95], Total Loss: 771068.6880, NLL: 2.6848, Masked: 30.8828, Reg: 771062.371380
Epoch [11/95], Total Loss: 702734.0739, NLL: 2.6843, Masked: 30.8642, Reg: 702727.763802
Epoch [12/95], Total Loss: 643028.1282, NLL: 2.6838, Masked: 30.8862, Reg: 643021.814024
Epoch [13/95], Total Loss: 591946.4008, NLL: 2.6833, Masked: 30.8738, Reg: 591940.093634
Epoch [14/95], Total Loss: 549443.8751, NLL: 2.6828, Masked: 30.8817, Reg: 549437.569325
Epoch [15/95], Total Loss: 514946.9819, NLL: 2.6822, Masked: 30.8864, Reg: 514940.680117
Epoch [16/95], Total Loss: 485702.3628, NLL: 2.6817, Masked: 30.8900, Reg: 485696.060917
Epoch [17/95], Total Loss: 460878.7217, NLL: 2.6812, Masked: 30.8739, Reg: 460872.423220
Epoch [18/95], Total Loss: 440468.1831, NLL: 2.6807, Masked: 30.8868, Reg: 440461.885783
Epoch [19/95], Total Loss: 424476.4342, NLL: 2.6802, Masked: 30.8755, Reg: 424470.139341
Epoch [20/95], Total Loss: 412923.9122, NLL: 2.6796, Masked: 30.8827, Reg: 412917.615836
Epoch [21/95], Total Loss: 404890.2483, NLL: 2.6791, Masked: 30.8857, Reg: 404883.953364
Epoch [22/95], Total Loss: 398025.0891, NLL: 2.6786, Masked: 30.8828, Reg: 398018.795436
Epoch [23/95], Total Loss: 391899.6932, NLL: 2.6781, Masked: 30.8685, Reg: 391893.402242
Epoch [24/95], Total Loss: 386529.0318, NLL: 2.6776, Masked: 30.8928, Reg: 386522.739099
Epoch [25/95], Total Loss: 381904.6734, NLL: 2.6771, Masked: 30.8845, Reg: 381898.382523
Epoch [26/95], Total Loss: 378013.9967, NLL: 2.6765, Masked: 30.8835, Reg: 378007.704505
Epoch [27/95], Total Loss: 374862.2270, NLL: 2.6760, Masked: 30.8582, Reg: 374855.940569
Epoch [28/95], Total Loss: 372454.8297, NLL: 2.6755, Masked: 30.8773, Reg: 372448.539688
Epoch [29/95], Total Loss: 370698.8382, NLL: 2.6750, Masked: 30.8770, Reg: 370692.549546
Epoch [30/95], Total Loss: 369179.2643, NLL: 2.6745, Masked: 30.8927, Reg: 369172.974351
Epoch [31/95], Total Loss: 367751.4319, NLL: 2.6740, Masked: 30.8869, Reg: 367745.144392
Epoch [32/95], Total Loss: 366417.9795, NLL: 2.6735, Masked: 30.8934, Reg: 366411.689603
Epoch [33/95], Total Loss: 365177.3811, NLL: 2.6729, Masked: 30.8739, Reg: 365171.092899
Epoch [34/95], Total Loss: 364026.8363, NLL: 2.6724, Masked: 30.8970, Reg: 364020.550912
Epoch [35/95], Total Loss: 362966.5133, NLL: 2.6719, Masked: 30.8902, Reg: 362960.227778
Epoch [36/95], Total Loss: 361998.7163, NLL: 2.6714, Masked: 30.8823, Reg: 361992.430754
Epoch [37/95], Total Loss: 361127.0594, NLL: 2.6709, Masked: 30.8730, Reg: 361120.775302
Epoch [38/95], Total Loss: 360353.2785, NLL: 2.6704, Masked: 30.8881, Reg: 360346.994890
Epoch [39/95], Total Loss: 359678.0484, NLL: 2.6698, Masked: 30.8789, Reg: 359671.766089
Epoch [40/95], Total Loss: 359094.6183, NLL: 2.6693, Masked: 30.8892, Reg: 359088.335851
Epoch [41/95], Total Loss: 358570.1907, NLL: 2.6688, Masked: 30.8865, Reg: 358563.907339
Epoch [42/95], Total Loss: 358052.5947, NLL: 2.6683, Masked: 30.8732, Reg: 358046.313810
Epoch [43/95], Total Loss: 357536.3178, NLL: 2.6678, Masked: 30.8802, Reg: 357530.038867
Epoch [44/95], Total Loss: 357018.4823, NLL: 2.6673, Masked: 30.8860, Reg: 357012.202646
Epoch [45/95], Total Loss: 356500.9638, NLL: 2.6668, Masked: 30.8791, Reg: 356494.682024
Epoch [46/95], Total Loss: 355984.4643, NLL: 2.6663, Masked: 30.8732, Reg: 355978.183127
Epoch [47/95], Total Loss: 355467.0280, NLL: 2.6657, Masked: 30.8818, Reg: 355460.749537
Epoch [48/95], Total Loss: 354950.1702, NLL: 2.6652, Masked: 30.8786, Reg: 354943.891250
Epoch [49/95], Total Loss: 354431.9138, NLL: 2.6647, Masked: 30.8846, Reg: 354425.635822
Epoch [50/95], Total Loss: 353915.6646, NLL: 2.6642, Masked: 30.8771, Reg: 353909.387000
Epoch [51/95], Total Loss: 353397.9282, NLL: 2.6637, Masked: 30.8794, Reg: 353391.648468
Epoch [52/95], Total Loss: 352880.7905, NLL: 2.6632, Masked: 30.8853, Reg: 352874.511172
Epoch [53/95], Total Loss: 352363.6913, NLL: 2.6627, Masked: 30.8835, Reg: 352357.414983
Epoch [54/95], Total Loss: 351846.2562, NLL: 2.6622, Masked: 30.8667, Reg: 351839.981171
Epoch [55/95], Total Loss: 351329.6445, NLL: 2.6617, Masked: 30.8729, Reg: 351323.366203
Epoch [56/95], Total Loss: 350811.7645, NLL: 2.6611, Masked: 30.8960, Reg: 350805.486726
Epoch [57/95], Total Loss: 350295.0137, NLL: 2.6606, Masked: 30.8699, Reg: 350288.742255
Epoch [58/95], Total Loss: 349777.7178, NLL: 2.6601, Masked: 30.8859, Reg: 349771.445442
Epoch [59/95], Total Loss: 349260.1895, NLL: 2.6596, Masked: 30.8835, Reg: 349253.918076
Epoch [60/95], Total Loss: 348743.3258, NLL: 2.6591, Masked: 30.8915, Reg: 348737.054060
Epoch [61/95], Total Loss: 348226.0849, NLL: 2.6586, Masked: 30.8783, Reg: 348219.815141
Epoch [62/95], Total Loss: 347709.0508, NLL: 2.6581, Masked: 30.8733, Reg: 347702.781522
Epoch [63/95], Total Loss: 347191.2167, NLL: 2.6576, Masked: 30.8945, Reg: 347184.943338
Epoch [64/95], Total Loss: 346674.2382, NLL: 2.6571, Masked: 30.8775, Reg: 346667.965218
Epoch [65/95], Total Loss: 346157.4325, NLL: 2.6566, Masked: 30.8861, Reg: 346151.161871
Epoch [66/95], Total Loss: 345639.6927, NLL: 2.6561, Masked: 30.8887, Reg: 345633.423485
Epoch [67/95], Total Loss: 345123.0660, NLL: 2.6555, Masked: 30.8886, Reg: 345116.797943
Epoch [68/95], Total Loss: 344605.5957, NLL: 2.6550, Masked: 30.8733, Reg: 344599.328431
Epoch [69/95], Total Loss: 344088.4929, NLL: 2.6545, Masked: 30.8808, Reg: 344082.223602
Epoch [70/95], Total Loss: 343571.3710, NLL: 2.6540, Masked: 30.8855, Reg: 343565.101037
Epoch [71/95], Total Loss: 343054.0398, NLL: 2.6535, Masked: 30.8908, Reg: 343047.771973
Epoch [72/95], Total Loss: 342537.2844, NLL: 2.6530, Masked: 30.8796, Reg: 342531.017659
Epoch [73/95], Total Loss: 342019.5331, NLL: 2.6525, Masked: 30.8821, Reg: 342013.267813
Epoch [74/95], Total Loss: 341502.6136, NLL: 2.6520, Masked: 30.8814, Reg: 341496.349044
Epoch [75/95], Total Loss: 340985.3233, NLL: 2.6515, Masked: 30.8856, Reg: 340979.059464
Epoch [76/95], Total Loss: 340468.3765, NLL: 2.6510, Masked: 30.8803, Reg: 340462.111385
Epoch [77/95], Total Loss: 339951.1504, NLL: 2.6505, Masked: 30.8823, Reg: 339944.889327
Epoch [78/95], Total Loss: 339433.4880, NLL: 2.6500, Masked: 30.8925, Reg: 339427.225047
Epoch [79/95], Total Loss: 338916.7964, NLL: 2.6495, Masked: 30.8932, Reg: 338910.530864
Epoch [80/95], Total Loss: 338399.1354, NLL: 2.6490, Masked: 30.8855, Reg: 338392.872901
Epoch [81/95], Total Loss: 337882.0584, NLL: 2.6485, Masked: 30.8753, Reg: 337875.795952
Epoch [82/95], Total Loss: 337364.8852, NLL: 2.6480, Masked: 30.8821, Reg: 337358.625092
Epoch [83/95], Total Loss: 336847.7502, NLL: 2.6475, Masked: 30.8806, Reg: 336841.486905
Epoch [84/95], Total Loss: 336330.8384, NLL: 2.6470, Masked: 30.8860, Reg: 336324.579626
Epoch [85/95], Total Loss: 335813.4666, NLL: 2.6465, Masked: 30.8760, Reg: 335807.205714
Epoch [86/95], Total Loss: 335296.4454, NLL: 2.6460, Masked: 30.8902, Reg: 335290.188522
Epoch [87/95], Total Loss: 334778.9198, NLL: 2.6455, Masked: 30.8840, Reg: 334772.660713
Epoch [88/95], Total Loss: 334262.1539, NLL: 2.6450, Masked: 30.8832, Reg: 334255.896178
Epoch [89/95], Total Loss: 333744.7282, NLL: 2.6445, Masked: 30.8843, Reg: 333738.472117
Epoch [90/95], Total Loss: 333227.4890, NLL: 2.6440, Masked: 30.8722, Reg: 333221.233430
Epoch [91/95], Total Loss: 332710.6246, NLL: 2.6435, Masked: 30.8900, Reg: 332704.365873
Epoch [92/95], Total Loss: 332193.1694, NLL: 2.6430, Masked: 30.8766, Reg: 332186.913224
Epoch [93/95], Total Loss: 331675.7727, NLL: 2.6425, Masked: 30.8838, Reg: 331669.516468
Epoch [94/95], Total Loss: 331158.6589, NLL: 2.6420, Masked: 30.8816, Reg: 331152.403637
Epoch [95/95], Total Loss: 330641.5071, NLL: 2.6415, Masked: 30.8793, Reg: 330635.255672

==================================================
EVALUATING ON TRAINING DATA
==================================================

==================================================
TEST RESULTS
==================================================
Total Loss: 330380.243481
  - ZINB NLL: 2.641230
Total number of masked values: 1628282
  - Number of values with pi >= 0.39142000871891985: 0
  - Number of values with pi < 0.39142000871891985: 1628282
  - Masked Reconstruction: 30.897704
  - Regularization: 330373.973926
Mean Absolute Error (MAE): 26.704090
R² Score: -29.878515
==================================================


==================================================
EVALUATING ON VALIDATION DATA
Dataset size: 11392
==================================================


==================================================
TEST RESULTS
==================================================
Total Loss: 330379.548455
  - ZINB NLL: 2.629864
Total number of masked values: 1769182
  - Number of values with pi >= 0.39142000871891985: 0
  - Number of values with pi < 0.39142000871891985: 1769182
  - Masked Reconstruction: 25.036452
  - Regularization: 330373.973926
Mean Absolute Error (MAE): 26.375137
R² Score: -24.000326
==================================================


>>> Optimizing masked_loss on VALIDATION set: 25.036452
>>> Full validation metrics: {'total_loss': 330379.54845505615, 'zinb_nll': 2.6298638106731884, 'mae': 26.375137329101562, 'r2': -24.00032615661621, 'masked_loss': 25.03645219561759, 'reg_loss': 330373.9739261799}


*** Checkpoint saved at iteration 10 ***

Iteration No: 10 ended. Evaluation done at random point.
Time taken: 561.7293
Function value obtained: 25.0365
Current minimum: 2.4777
Iteration No: 11 started. Evaluating function at random point.

================================================================================
Trial with parameters:
  features: Nucl
  step_size: 0.6687200902053233
  bin_size: 18
  sample_fraction: 0.3915303312560346
  moving_average: False
  first_layer_size_factor: 71
  num_layers: 4
  use_conv: False
  conv_channel: 61
  pool_size: 7
  kernel_size: 9
  epochs: 142
  batch_size: 128
  pi_threshold: 0.5675953018856914
  learning_rate: 0.000552153544352159
  dropout_rate: 0.18614138328087157
  masked_recon_weight: 5.761476168524977
  regularizer: none
  regularization_weight: 0.00097150898865914
================================================================================

len(layers): 4
Creating datasets with:
  features: ['Nucl']
  bin_size: 18
  moving_average: False
  data_point_length: 2000 (from 2000)
  step_size: 1337 (from fraction 0.6687200902053233)
  layers: [np.int64(1136), np.int64(568), np.int64(284), np.int64(142)] (first=1136, num=4)
  stride: 1 (fixed), padding: same (fixed)
  Using pre-determined chromosome split


Clipping outliers using 95th percentile * 1.5...
strain_yTW001: Clipping values above 134.25 (P95=89.50). Clipped 27529/1193409 values (2.31%)
strain_FD: Clipping values above 71.92 (P95=47.94). Clipped 95791/4127807 values (2.32%)
strain_dnrp: Clipping values above 243.00 (P95=162.00). Clipped 25649/1119454 values (2.29%)
strain_yEK19: Clipping values above 77.10 (P95=51.40). Clipped 83713/3893623 values (2.15%)
strain_yEK23: Clipping values above 72.00 (P95=48.00). Clipped 86381/3558407 values (2.43%)
strain_yWT03a: Clipping values above 15.00 (P95=10.00). Clipped 10602/347679 values (3.05%)
strain_yWT04a: Clipping values above 58.50 (P95=39.00). Clipped 21095/725406 values (2.91%)
strain_ylic137: Clipping values above 142.50 (P95=95.00). Clipped 28746/1112684 values (2.58%)

Splitting data using pre-determined chromosomes...
Standardizing features: ['Nucl']
Column order in final array (Dataset/Chrom split): ['Value', 'Nucleosome_Distance', 'Value_Raw', 'Size_Factor']
Removing 0 empty data points out of 2296
Column order in final array (Dataset/Chrom split): ['Value', 'Nucleosome_Distance', 'Value_Raw', 'Size_Factor']
Removing 0 empty data points out of 808
Column order in final array (Dataset/Chrom split): ['Value', 'Nucleosome_Distance', 'Value_Raw', 'Size_Factor']
Removing 0 empty data points out of 904
Datasets created with shapes:
  Train: (2296, 2000, 4)
  Val: (808, 2000, 4)
  Test: (904, 2000, 4)
Datasets created:
  Train: (2296, 2000, 4), Val: (808, 2000, 4), Test: (904, 2000, 4)

Randomly sampled 898/2296 samples (39.2%)
Applied denoising with 15.0% masking
Applied denoising with 15.0% masking
Number of encoder layers: 4
Number of decoder layers (excluding heads): 4
Total number of layers including latent layer: 9
Epoch [1/142], Total Loss: 161.2617, NLL: 2.8394, Masked: 27.4968
Epoch [2/142], Total Loss: 33.4519, NLL: 3.6116, Masked: 5.1793
Epoch [3/142], Total Loss: 19.5558, NLL: 2.3041, Masked: 2.9943
Epoch [4/142], Total Loss: 19.2894, NLL: 2.1745, Masked: 2.9706
Epoch [5/142], Total Loss: 19.1844, NLL: 2.0140, Masked: 2.9802
Epoch [6/142], Total Loss: 19.0751, NLL: 2.0998, Masked: 2.9463
Epoch [7/142], Total Loss: 18.9647, NLL: 2.0284, Masked: 2.9396
Epoch [8/142], Total Loss: 18.8291, NLL: 1.9822, Masked: 2.9241
Epoch [9/142], Total Loss: 18.7980, NLL: 2.0047, Masked: 2.9148
Epoch [10/142], Total Loss: 18.6752, NLL: 1.9532, Masked: 2.9024
Epoch [11/142], Total Loss: 18.6614, NLL: 1.9642, Masked: 2.8981
Epoch [12/142], Total Loss: 18.6881, NLL: 1.9932, Masked: 2.8977
Epoch [13/142], Total Loss: 18.6491, NLL: 1.9767, Masked: 2.8938
Epoch [14/142], Total Loss: 18.6202, NLL: 1.9552, Masked: 2.8925
Epoch [15/142], Total Loss: 18.5787, NLL: 1.9536, Masked: 2.8856
Epoch [16/142], Total Loss: 18.5987, NLL: 1.9575, Masked: 2.8884
Epoch [17/142], Total Loss: 18.6102, NLL: 1.9611, Masked: 2.8897
Epoch [18/142], Total Loss: 18.5998, NLL: 1.9523, Masked: 2.8894
Epoch [19/142], Total Loss: 18.5656, NLL: 1.9597, Masked: 2.8822
Epoch [20/142], Total Loss: 18.5332, NLL: 1.9547, Masked: 2.8775
Epoch [21/142], Total Loss: 18.5656, NLL: 1.9564, Masked: 2.8828
Epoch [22/142], Total Loss: 18.5842, NLL: 1.9754, Masked: 2.8827
Epoch [23/142], Total Loss: 18.5686, NLL: 1.9670, Masked: 2.8815
Epoch [24/142], Total Loss: 18.5304, NLL: 1.9549, Masked: 2.8770
Epoch [25/142], Total Loss: 18.5434, NLL: 1.9461, Masked: 2.8807
Epoch [26/142], Total Loss: 18.5848, NLL: 1.9758, Masked: 2.8828
Epoch [27/142], Total Loss: 18.5144, NLL: 1.9567, Masked: 2.8739
Epoch [28/142], Total Loss: 18.5247, NLL: 1.9408, Masked: 2.8784
Epoch [29/142], Total Loss: 18.5941, NLL: 1.9702, Masked: 2.8854
Epoch [30/142], Total Loss: 18.5680, NLL: 1.9699, Masked: 2.8809
Epoch [31/142], Total Loss: 18.5563, NLL: 1.9690, Masked: 2.8790
Epoch [32/142], Total Loss: 18.6011, NLL: 1.9829, Masked: 2.8844
Epoch [33/142], Total Loss: 18.5990, NLL: 1.9849, Masked: 2.8837
Epoch [34/142], Total Loss: 18.5292, NLL: 1.9682, Masked: 2.8744
Epoch [35/142], Total Loss: 18.5284, NLL: 1.9625, Masked: 2.8753
Epoch [36/142], Total Loss: 18.5245, NLL: 1.9653, Masked: 2.8741
Epoch [37/142], Total Loss: 18.5707, NLL: 1.9643, Masked: 2.8823
Epoch [38/142], Total Loss: 18.5440, NLL: 1.9473, Masked: 2.8806
Epoch [39/142], Total Loss: 18.5005, NLL: 1.9497, Masked: 2.8727
Epoch [40/142], Total Loss: 18.5351, NLL: 1.9649, Masked: 2.8760
Epoch [41/142], Total Loss: 18.5299, NLL: 1.9583, Masked: 2.8763
Epoch [42/142], Total Loss: 18.4850, NLL: 1.9546, Masked: 2.8691
Epoch [43/142], Total Loss: 18.4623, NLL: 1.9541, Masked: 2.8653
Epoch [44/142], Total Loss: 18.4392, NLL: 1.9468, Masked: 2.8625
Epoch [45/142], Total Loss: 18.4249, NLL: 1.9457, Masked: 2.8602
Epoch [46/142], Total Loss: 18.4322, NLL: 1.9453, Masked: 2.8616
Epoch [47/142], Total Loss: 18.4159, NLL: 1.9423, Masked: 2.8593
Epoch [48/142], Total Loss: 18.4295, NLL: 1.9413, Masked: 2.8618
Epoch [49/142], Total Loss: 18.4800, NLL: 1.9521, Masked: 2.8687
Epoch [50/142], Total Loss: 18.4324, NLL: 1.9458, Masked: 2.8615
Epoch [51/142], Total Loss: 18.4052, NLL: 1.9468, Masked: 2.8566
Epoch [52/142], Total Loss: 18.4078, NLL: 1.9552, Masked: 2.8556
Epoch [53/142], Total Loss: 18.3981, NLL: 1.9516, Masked: 2.8546
Epoch [54/142], Total Loss: 18.4161, NLL: 1.9506, Masked: 2.8579
Epoch [55/142], Total Loss: 18.4098, NLL: 1.9524, Masked: 2.8565
Epoch [56/142], Total Loss: 18.3493, NLL: 1.9437, Masked: 2.8475
Epoch [57/142], Total Loss: 18.3280, NLL: 1.9457, Masked: 2.8434
Epoch [58/142], Total Loss: 18.3361, NLL: 1.9460, Masked: 2.8448
Epoch [59/142], Total Loss: 18.3362, NLL: 1.9497, Masked: 2.8441
Epoch [60/142], Total Loss: 18.3369, NLL: 1.9468, Masked: 2.8448
Epoch [61/142], Total Loss: 18.3780, NLL: 1.9524, Masked: 2.8509
Epoch [62/142], Total Loss: 18.3577, NLL: 1.9511, Masked: 2.8476
Epoch [63/142], Total Loss: 18.3159, NLL: 1.9541, Masked: 2.8399
Epoch [64/142], Total Loss: 18.3270, NLL: 1.9545, Masked: 2.8417
Epoch [65/142], Total Loss: 18.3577, NLL: 1.9513, Masked: 2.8476
Epoch [66/142], Total Loss: 18.3634, NLL: 1.9508, Masked: 2.8487
Epoch [67/142], Total Loss: 18.3203, NLL: 1.9476, Masked: 2.8417
Epoch [68/142], Total Loss: 18.3320, NLL: 1.9520, Masked: 2.8430
Epoch [69/142], Total Loss: 18.3581, NLL: 1.9570, Masked: 2.8467
Epoch [70/142], Total Loss: 18.3457, NLL: 1.9592, Masked: 2.8441
Epoch [71/142], Total Loss: 18.3085, NLL: 1.9606, Masked: 2.8374
Epoch [72/142], Total Loss: 18.3080, NLL: 1.9619, Masked: 2.8371
Epoch [73/142], Total Loss: 18.3011, NLL: 1.9654, Masked: 2.8353
Epoch [74/142], Total Loss: 18.3084, NLL: 1.9569, Masked: 2.8381
Epoch [75/142], Total Loss: 18.3375, NLL: 1.9632, Masked: 2.8420
Epoch [76/142], Total Loss: 18.2846, NLL: 1.9556, Masked: 2.8342
Epoch [77/142], Total Loss: 18.2462, NLL: 1.9552, Masked: 2.8276
Epoch [78/142], Total Loss: 18.3027, NLL: 1.9691, Masked: 2.8350
Epoch [79/142], Total Loss: 18.3575, NLL: 1.9737, Masked: 2.8437
Epoch [80/142], Total Loss: 18.3352, NLL: 1.9547, Masked: 2.8431
Epoch [81/142], Total Loss: 18.2853, NLL: 1.9564, Masked: 2.8342
Epoch [82/142], Total Loss: 18.2644, NLL: 1.9598, Masked: 2.8299
Epoch [83/142], Total Loss: 18.2794, NLL: 1.9630, Masked: 2.8320
Epoch [84/142], Total Loss: 18.3186, NLL: 1.9784, Masked: 2.8361
Epoch [85/142], Total Loss: 18.3143, NLL: 1.9767, Masked: 2.8357
Epoch [86/142], Total Loss: 18.2675, NLL: 1.9704, Masked: 2.8286
Epoch [87/142], Total Loss: 18.2596, NLL: 1.9601, Masked: 2.8290
Epoch [88/142], Total Loss: 18.2146, NLL: 1.9478, Masked: 2.8234
Epoch [89/142], Total Loss: 18.1806, NLL: 1.9537, Masked: 2.8164
Epoch [90/142], Total Loss: 18.1641, NLL: 1.9457, Masked: 2.8150
Epoch [91/142], Total Loss: 18.1438, NLL: 1.9582, Masked: 2.8093
Epoch [92/142], Total Loss: 18.1667, NLL: 1.9406, Masked: 2.8163
Epoch [93/142], Total Loss: 18.1579, NLL: 1.9507, Masked: 2.8130
Epoch [94/142], Total Loss: 18.1511, NLL: 1.9490, Masked: 2.8121
Epoch [95/142], Total Loss: 18.1678, NLL: 1.9450, Masked: 2.8157
Epoch [96/142], Total Loss: 18.1231, NLL: 1.9475, Masked: 2.8076
Epoch [97/142], Total Loss: 18.1013, NLL: 1.9453, Masked: 2.8041
Epoch [98/142], Total Loss: 18.1027, NLL: 1.9451, Masked: 2.8044
Epoch [99/142], Total Loss: 18.1349, NLL: 1.9546, Masked: 2.8084
Epoch [100/142], Total Loss: 18.1587, NLL: 1.9540, Masked: 2.8126
Epoch [101/142], Total Loss: 18.1254, NLL: 1.9468, Masked: 2.8081
Epoch [102/142], Total Loss: 18.1639, NLL: 1.9533, Masked: 2.8136
Epoch [103/142], Total Loss: 18.1604, NLL: 1.9505, Masked: 2.8135
Epoch [104/142], Total Loss: 18.1592, NLL: 1.9539, Masked: 2.8127
Epoch [105/142], Total Loss: 18.1567, NLL: 1.9549, Masked: 2.8121
Epoch [106/142], Total Loss: 18.1596, NLL: 1.9576, Masked: 2.8121
Epoch [107/142], Total Loss: 18.1121, NLL: 1.9471, Masked: 2.8057
Epoch [108/142], Total Loss: 18.0844, NLL: 1.9515, Masked: 2.8001
Epoch [109/142], Total Loss: 18.1628, NLL: 1.9518, Masked: 2.8137
Epoch [110/142], Total Loss: 18.1199, NLL: 1.9543, Masked: 2.8058
Epoch [111/142], Total Loss: 18.0783, NLL: 1.9459, Masked: 2.8000
Epoch [112/142], Total Loss: 18.1051, NLL: 1.9492, Masked: 2.8041
Epoch [113/142], Total Loss: 18.1355, NLL: 1.9560, Masked: 2.8082
Epoch [114/142], Total Loss: 18.1374, NLL: 1.9623, Masked: 2.8075
Epoch [115/142], Total Loss: 18.1643, NLL: 1.9669, Masked: 2.8113
Epoch [116/142], Total Loss: 18.1356, NLL: 1.9575, Masked: 2.8080
Epoch [117/142], Total Loss: 18.1325, NLL: 1.9549, Masked: 2.8079
Epoch [118/142], Total Loss: 18.1131, NLL: 1.9571, Masked: 2.8041
Epoch [119/142], Total Loss: 18.1229, NLL: 1.9481, Masked: 2.8074
Epoch [120/142], Total Loss: 18.1128, NLL: 1.9554, Masked: 2.8044
Epoch [121/142], Total Loss: 18.0709, NLL: 1.9534, Masked: 2.7975
Epoch [122/142], Total Loss: 18.0644, NLL: 1.9523, Masked: 2.7965
Epoch [123/142], Total Loss: 18.0941, NLL: 1.9532, Masked: 2.8015
Epoch [124/142], Total Loss: 18.0622, NLL: 1.9537, Masked: 2.7959
Epoch [125/142], Total Loss: 18.0344, NLL: 1.9448, Masked: 2.7926
Epoch [126/142], Total Loss: 18.0177, NLL: 1.9424, Masked: 2.7901
Epoch [127/142], Total Loss: 18.0365, NLL: 1.9388, Masked: 2.7940
Epoch [128/142], Total Loss: 17.9840, NLL: 1.9371, Masked: 2.7852
Epoch [129/142], Total Loss: 17.9784, NLL: 1.9321, Masked: 2.7851
Epoch [130/142], Total Loss: 17.9591, NLL: 1.9361, Masked: 2.7811
Epoch [131/142], Total Loss: 17.9667, NLL: 1.9429, Masked: 2.7812
Epoch [132/142], Total Loss: 17.9687, NLL: 1.9404, Masked: 2.7820
Epoch [133/142], Total Loss: 17.9784, NLL: 1.9414, Masked: 2.7835
Epoch [134/142], Total Loss: 17.9552, NLL: 1.9420, Masked: 2.7794
Epoch [135/142], Total Loss: 17.9878, NLL: 1.9516, Masked: 2.7833
Epoch [136/142], Total Loss: 17.9664, NLL: 1.9418, Masked: 2.7813
Epoch [137/142], Total Loss: 17.9755, NLL: 1.9423, Masked: 2.7828
Epoch [138/142], Total Loss: 18.0336, NLL: 1.9462, Masked: 2.7922
Epoch [139/142], Total Loss: 17.9903, NLL: 1.9459, Masked: 2.7848
Epoch [140/142], Total Loss: 17.9784, NLL: 1.9431, Masked: 2.7832
Epoch [141/142], Total Loss: 18.0382, NLL: 1.9542, Masked: 2.7916
Epoch [142/142], Total Loss: 17.9907, NLL: 1.9507, Masked: 2.7840

==================================================
EVALUATING ON TRAINING DATA
==================================================

==================================================
TEST RESULTS
==================================================
Total Loss: 18.009980
  - ZINB NLL: 1.914174
Total number of masked values: 179869
  - Number of values with pi >= 0.5675953018856914: 1
  - Number of values with pi < 0.5675953018856914: 179868
  - Masked Reconstruction: 2.793695
Mean Absolute Error (MAE): 2.500231
R² Score: 0.006066
==================================================


==================================================
EVALUATING ON VALIDATION DATA
Dataset size: 808
==================================================


==================================================
TEST RESULTS
==================================================
Total Loss: 18.739059
  - ZINB NLL: 1.940353
Total number of masked values: 161741
  - Number of values with pi >= 0.5675953018856914: 0
  - Number of values with pi < 0.5675953018856914: 161741
  - Masked Reconstruction: 2.915695
Mean Absolute Error (MAE): 2.599213
R² Score: 0.015857
==================================================


>>> Optimizing masked_loss on VALIDATION set: 2.915695
>>> Full validation metrics: {'total_loss': 18.73905861731803, 'zinb_nll': 1.9403534053575875, 'mae': 2.599213123321533, 'r2': 0.015857160091400146, 'masked_loss': 2.9156946970684694}

Iteration No: 11 ended. Evaluation done at random point.
Time taken: 73.9949
Function value obtained: 2.9157
Current minimum: 2.4777
Iteration No: 12 started. Evaluating function at random point.

================================================================================
Trial with parameters:
  features: Centr_Nucl
  step_size: 0.6142103151896701
  bin_size: 10
  sample_fraction: 0.9958430969581157
  moving_average: False
  first_layer_size_factor: 6
  num_layers: 2
  use_conv: True
  conv_channel: 57
  pool_size: 6
  kernel_size: 7
  epochs: 67
  batch_size: 64
  pi_threshold: 0.503525630735504
  learning_rate: 0.0008109570516646228
  dropout_rate: 0.1252309093027921
  masked_recon_weight: 0.22881441989554124
  regularizer: none
  regularization_weight: 0.025538481491946197
================================================================================

len(layers): 2
Creating datasets with:
  features: ['Centr', 'Nucl']
  bin_size: 10
  moving_average: False
  data_point_length: 2000 (from 2000)
  step_size: 1228 (from fraction 0.6142103151896701)
  layers: [np.int64(96), np.int64(48)] (first=96, num=2)
  stride: 1 (fixed), padding: same (fixed)
  Using pre-determined chromosome split


Clipping outliers using 95th percentile * 1.5...
strain_yTW001: Clipping values above 134.25 (P95=89.50). Clipped 27529/1193409 values (2.31%)
strain_FD: Clipping values above 71.92 (P95=47.94). Clipped 95791/4127807 values (2.32%)
strain_dnrp: Clipping values above 243.00 (P95=162.00). Clipped 25649/1119454 values (2.29%)
strain_yEK19: Clipping values above 77.10 (P95=51.40). Clipped 83713/3893623 values (2.15%)
strain_yEK23: Clipping values above 72.00 (P95=48.00). Clipped 86381/3558407 values (2.43%)
strain_yWT03a: Clipping values above 15.00 (P95=10.00). Clipped 10602/347679 values (3.05%)
strain_yWT04a: Clipping values above 58.50 (P95=39.00). Clipped 21095/725406 values (2.91%)
strain_ylic137: Clipping values above 142.50 (P95=95.00). Clipped 28746/1112684 values (2.58%)

Splitting data using pre-determined chromosomes...
Standardizing features: ['Centr', 'Nucl']
Column order in final array (Dataset/Chrom split): ['Value', 'Nucleosome_Distance', 'Centromere_Distance', 'Value_Raw', 'Size_Factor']
Removing 0 empty data points out of 4520
Column order in final array (Dataset/Chrom split): ['Value', 'Nucleosome_Distance', 'Centromere_Distance', 'Value_Raw', 'Size_Factor']
Removing 0 empty data points out of 1592
Column order in final array (Dataset/Chrom split): ['Value', 'Nucleosome_Distance', 'Centromere_Distance', 'Value_Raw', 'Size_Factor']
Removing 0 empty data points out of 1760
Datasets created with shapes:
  Train: (4520, 2000, 5)
  Val: (1592, 2000, 5)
  Test: (1760, 2000, 5)
Datasets created:
  Train: (4520, 2000, 5), Val: (1592, 2000, 5), Test: (1760, 2000, 5)

Randomly sampled 4501/4520 samples (99.6%)
Applied denoising with 15.0% masking
Applied denoising with 15.0% masking
Number of encoder layers: 2
Number of decoder layers (excluding heads): 2
Total number of layers including latent layer: 5
Epoch [1/67], Total Loss: 3.7029, NLL: 2.1071, Masked: 6.9740
Epoch [2/67], Total Loss: 2.7200, NLL: 1.8972, Masked: 3.5957
Epoch [3/67], Total Loss: 2.6878, NLL: 1.8635, Masked: 3.6027
Epoch [4/67], Total Loss: 2.6673, NLL: 1.8498, Masked: 3.5730
Epoch [5/67], Total Loss: 2.6568, NLL: 1.8417, Masked: 3.5620
Epoch [6/67], Total Loss: 2.6523, NLL: 1.8371, Masked: 3.5625
Epoch [7/67], Total Loss: 2.6505, NLL: 1.8356, Masked: 3.5615
Epoch [8/67], Total Loss: 2.6474, NLL: 1.8336, Masked: 3.5566
Epoch [9/67], Total Loss: 2.6444, NLL: 1.8311, Masked: 3.5543
Epoch [10/67], Total Loss: 2.6470, NLL: 1.8339, Masked: 3.5539
Epoch [11/67], Total Loss: 2.6420, NLL: 1.8299, Masked: 3.5490
Epoch [12/67], Total Loss: 2.6419, NLL: 1.8297, Masked: 3.5494
Epoch [13/67], Total Loss: 2.6412, NLL: 1.8298, Masked: 3.5463
Epoch [14/67], Total Loss: 2.6385, NLL: 1.8271, Masked: 3.5462
Epoch [15/67], Total Loss: 2.6358, NLL: 1.8250, Masked: 3.5436
Epoch [16/67], Total Loss: 2.6330, NLL: 1.8215, Masked: 3.5467
Epoch [17/67], Total Loss: 2.6288, NLL: 1.8167, Masked: 3.5492
Epoch [18/67], Total Loss: 2.6222, NLL: 1.8117, Masked: 3.5422
Epoch [19/67], Total Loss: 2.6208, NLL: 1.8092, Masked: 3.5470
Epoch [20/67], Total Loss: 2.6152, NLL: 1.8042, Masked: 3.5443
Epoch [21/67], Total Loss: 2.6137, NLL: 1.8019, Masked: 3.5478
Epoch [22/67], Total Loss: 2.6083, NLL: 1.7981, Masked: 3.5409
Epoch [23/67], Total Loss: 2.6034, NLL: 1.7934, Masked: 3.5399
Epoch [24/67], Total Loss: 2.5974, NLL: 1.7884, Masked: 3.5355
Epoch [25/67], Total Loss: 2.5908, NLL: 1.7820, Masked: 3.5349
Epoch [26/67], Total Loss: 2.5831, NLL: 1.7758, Masked: 3.5283
Epoch [27/67], Total Loss: 2.5828, NLL: 1.7748, Masked: 3.5314
Epoch [28/67], Total Loss: 2.5745, NLL: 1.7680, Masked: 3.5251
Epoch [29/67], Total Loss: 2.5731, NLL: 1.7662, Masked: 3.5264
Epoch [30/67], Total Loss: 2.5696, NLL: 1.7636, Masked: 3.5224
Epoch [31/67], Total Loss: 2.5651, NLL: 1.7603, Masked: 3.5173
Epoch [32/67], Total Loss: 2.5659, NLL: 1.7619, Masked: 3.5139
Epoch [33/67], Total Loss: 2.5625, NLL: 1.7584, Masked: 3.5141
Epoch [34/67], Total Loss: 2.5602, NLL: 1.7569, Masked: 3.5108
Epoch [35/67], Total Loss: 2.5600, NLL: 1.7566, Masked: 3.5113
Epoch [36/67], Total Loss: 2.5616, NLL: 1.7581, Masked: 3.5116
Epoch [37/67], Total Loss: 2.5595, NLL: 1.7562, Masked: 3.5105
Epoch [38/67], Total Loss: 2.5576, NLL: 1.7547, Masked: 3.5090
Epoch [39/67], Total Loss: 2.5572, NLL: 1.7547, Masked: 3.5069
Epoch [40/67], Total Loss: 2.5557, NLL: 1.7535, Masked: 3.5057
Epoch [41/67], Total Loss: 2.5560, NLL: 1.7539, Masked: 3.5052
Epoch [42/67], Total Loss: 2.5539, NLL: 1.7523, Masked: 3.5033
Epoch [43/67], Total Loss: 2.5530, NLL: 1.7516, Masked: 3.5024
Epoch [44/67], Total Loss: 2.5544, NLL: 1.7530, Masked: 3.5027
Epoch [45/67], Total Loss: 2.5515, NLL: 1.7515, Masked: 3.4963
Epoch [46/67], Total Loss: 2.5517, NLL: 1.7515, Masked: 3.4971
Epoch [47/67], Total Loss: 2.5519, NLL: 1.7518, Masked: 3.4967
Epoch [48/67], Total Loss: 2.5503, NLL: 1.7503, Masked: 3.4963
Epoch [49/67], Total Loss: 2.5510, NLL: 1.7506, Masked: 3.4980
Epoch [50/67], Total Loss: 2.5504, NLL: 1.7510, Masked: 3.4937
Epoch [51/67], Total Loss: 2.5482, NLL: 1.7488, Masked: 3.4935
Epoch [52/67], Total Loss: 2.5448, NLL: 1.7470, Masked: 3.4871
Epoch [53/67], Total Loss: 2.5430, NLL: 1.7455, Masked: 3.4855
Epoch [54/67], Total Loss: 2.5435, NLL: 1.7461, Masked: 3.4847
Epoch [55/67], Total Loss: 2.5369, NLL: 1.7420, Masked: 3.4742
Epoch [56/67], Total Loss: 2.5319, NLL: 1.7389, Masked: 3.4657
Epoch [57/67], Total Loss: 2.5294, NLL: 1.7370, Masked: 3.4632
Epoch [58/67], Total Loss: 2.5291, NLL: 1.7359, Masked: 3.4663
Epoch [59/67], Total Loss: 2.5249, NLL: 1.7347, Masked: 3.4534
Epoch [60/67], Total Loss: 2.5216, NLL: 1.7318, Masked: 3.4516
Epoch [61/67], Total Loss: 2.5187, NLL: 1.7299, Masked: 3.4474
Epoch [62/67], Total Loss: 2.5167, NLL: 1.7286, Masked: 3.4441
Epoch [63/67], Total Loss: 2.5157, NLL: 1.7281, Masked: 3.4422
Epoch [64/67], Total Loss: 2.5138, NLL: 1.7273, Masked: 3.4374
Epoch [65/67], Total Loss: 2.5134, NLL: 1.7263, Masked: 3.4397
Epoch [66/67], Total Loss: 2.5103, NLL: 1.7252, Masked: 3.4311
Epoch [67/67], Total Loss: 2.5096, NLL: 1.7240, Masked: 3.4331

==================================================
EVALUATING ON TRAINING DATA
==================================================

==================================================
TEST RESULTS
==================================================
Total Loss: 2.487956
  - ZINB NLL: 1.705151
Total number of masked values: 755579
  - Number of values with pi >= 0.503525630735504: 22173
  - Number of values with pi < 0.503525630735504: 733406
  - Masked Reconstruction: 3.421135
Mean Absolute Error (MAE): 2.750591
R² Score: 0.113545
==================================================


==================================================
EVALUATING ON VALIDATION DATA
Dataset size: 1592
==================================================


==================================================
TEST RESULTS
==================================================
Total Loss: 2.526952
  - ZINB NLL: 1.746262
Total number of masked values: 266349
  - Number of values with pi >= 0.503525630735504: 7653
  - Number of values with pi < 0.503525630735504: 258696
  - Masked Reconstruction: 3.411890
Mean Absolute Error (MAE): 2.834100
R² Score: 0.083604
==================================================


>>> Optimizing masked_loss on VALIDATION set: 3.411890
>>> Full validation metrics: {'total_loss': 2.5269516448878764, 'zinb_nll': 1.7462619207612233, 'mae': 2.834099769592285, 'r2': 0.08360391855239868, 'masked_loss': 3.4118904288689693}

Iteration No: 12 ended. Evaluation done at random point.
Time taken: 126.7842
Function value obtained: 3.4119
Current minimum: 2.4777
Iteration No: 13 started. Evaluating function at random point.

================================================================================
Trial with parameters:
  features: Nucl
  step_size: 0.5757957741328216
  bin_size: 8
  sample_fraction: 0.7338275215229237
  moving_average: True
  first_layer_size_factor: 87
  num_layers: 2
  use_conv: True
  conv_channel: 80
  pool_size: 7
  kernel_size: 3
  epochs: 149
  batch_size: 64
  pi_threshold: 0.41182413671870344
  learning_rate: 0.004471796861411282
  dropout_rate: 0.373859386948707
  masked_recon_weight: 6.49063800056711
  regularizer: l1
  regularization_weight: 0.07402096929877426
================================================================================

len(layers): 2
Creating datasets with:
  features: ['Nucl']
  bin_size: 8
  moving_average: True
  data_point_length: 2000 (from 2000)
  step_size: 1151 (from fraction 0.5757957741328216)
  layers: [np.int64(1392), np.int64(696)] (first=1392, num=2)
  stride: 1 (fixed), padding: same (fixed)
  Using pre-determined chromosome split


Clipping outliers using 95th percentile * 1.5...
strain_yTW001: Clipping values above 134.25 (P95=89.50). Clipped 27529/1193409 values (2.31%)
strain_FD: Clipping values above 71.92 (P95=47.94). Clipped 95791/4127807 values (2.32%)
strain_dnrp: Clipping values above 243.00 (P95=162.00). Clipped 25649/1119454 values (2.29%)
strain_yEK19: Clipping values above 77.10 (P95=51.40). Clipped 83713/3893623 values (2.15%)
strain_yEK23: Clipping values above 72.00 (P95=48.00). Clipped 86381/3558407 values (2.43%)
strain_yWT03a: Clipping values above 15.00 (P95=10.00). Clipped 10602/347679 values (3.05%)
strain_yWT04a: Clipping values above 58.50 (P95=39.00). Clipped 21095/725406 values (2.91%)
strain_ylic137: Clipping values above 142.50 (P95=95.00). Clipped 28746/1112684 values (2.58%)

Splitting data using pre-determined chromosomes...
Standardizing features: ['Nucl']
Column order in final array (Dataset/Chrom split): ['Value', 'Nucleosome_Distance', 'Value_Raw', 'Size_Factor']
Removing 0 empty data points out of 48184
Column order in final array (Dataset/Chrom split): ['Value', 'Nucleosome_Distance', 'Value_Raw', 'Size_Factor']
Removing 0 empty data points out of 16944
Column order in final array (Dataset/Chrom split): ['Value', 'Nucleosome_Distance', 'Value_Raw', 'Size_Factor']
Removing 0 empty data points out of 18744
Datasets created with shapes:
  Train: (48184, 2000, 4)
  Val: (16944, 2000, 4)
  Test: (18744, 2000, 4)
Datasets created:
  Train: (48184, 2000, 4), Val: (16944, 2000, 4), Test: (18744, 2000, 4)

Randomly sampled 35358/48184 samples (73.4%)
Applied denoising with 15.0% masking
Applied denoising with 15.0% masking
Number of encoder layers: 2
Number of decoder layers (excluding heads): 2
Total number of layers including latent layer: 5
Epoch [1/149], Total Loss: 2270.0846, NLL: 2.4390, Masked: 17.3044, Reg: 2155.328864
Epoch [2/149], Total Loss: 1902.9741, NLL: 2.4730, Masked: 4.2298, Reg: 1873.046774
Epoch [3/149], Total Loss: 1903.1008, NLL: 2.4730, Masked: 4.2290, Reg: 1873.179131
Epoch [4/149], Total Loss: 1902.7534, NLL: 2.4730, Masked: 4.2321, Reg: 1872.811694
Epoch [5/149], Total Loss: 1902.7226, NLL: 2.4730, Masked: 4.2317, Reg: 1872.783007
Epoch [6/149], Total Loss: 1903.1709, NLL: 2.4730, Masked: 4.2328, Reg: 1873.224229
Epoch [7/149], Total Loss: 1902.5822, NLL: 2.4730, Masked: 4.2315, Reg: 1872.643810
Epoch [8/149], Total Loss: 1902.4332, NLL: 2.4730, Masked: 4.2327, Reg: 1872.487226
Epoch [9/149], Total Loss: 1902.3346, NLL: 2.4730, Masked: 4.2294, Reg: 1872.409859
Epoch [10/149], Total Loss: 1902.8349, NLL: 2.4730, Masked: 4.2306, Reg: 1872.902747
Epoch [11/149], Total Loss: 1902.0372, NLL: 2.4730, Masked: 4.2303, Reg: 1872.106980
Epoch [12/149], Total Loss: 1902.4090, NLL: 2.4730, Masked: 4.2304, Reg: 1872.478317
Epoch [13/149], Total Loss: 1902.1151, NLL: 2.4730, Masked: 4.2302, Reg: 1872.185527
Epoch [14/149], Total Loss: 1901.7556, NLL: 2.4730, Masked: 4.2315, Reg: 1871.817676
Epoch [15/149], Total Loss: 1902.2405, NLL: 2.4730, Masked: 4.2315, Reg: 1872.302417
Epoch [16/149], Total Loss: 1901.6230, NLL: 2.4730, Masked: 4.2310, Reg: 1871.687810
Epoch [17/149], Total Loss: 1902.2884, NLL: 2.4730, Masked: 4.2302, Reg: 1872.358852
Epoch [18/149], Total Loss: 1901.5113, NLL: 2.4730, Masked: 4.2319, Reg: 1871.570397
Epoch [19/149], Total Loss: 1901.6607, NLL: 2.4730, Masked: 4.2296, Reg: 1871.735091
Epoch [20/149], Total Loss: 1901.9167, NLL: 2.4730, Masked: 4.2328, Reg: 1871.969865
Epoch [21/149], Total Loss: 1901.5699, NLL: 2.4730, Masked: 4.2319, Reg: 1871.629116
Epoch [22/149], Total Loss: 1901.6133, NLL: 2.4730, Masked: 4.2327, Reg: 1871.667626
Epoch [23/149], Total Loss: 1901.9435, NLL: 2.4730, Masked: 4.2315, Reg: 1872.005715
Epoch [24/149], Total Loss: 1902.0855, NLL: 2.4730, Masked: 4.2312, Reg: 1872.149403
Epoch [25/149], Total Loss: 1900.9836, NLL: 2.4730, Masked: 4.2291, Reg: 1871.061202
Epoch [26/149], Total Loss: 1901.6780, NLL: 2.4730, Masked: 4.2317, Reg: 1871.738668
Epoch [27/149], Total Loss: 1902.0095, NLL: 2.4730, Masked: 4.2327, Reg: 1872.063383
Epoch [28/149], Total Loss: 1901.7072, NLL: 2.4730, Masked: 4.2321, Reg: 1871.765306
Epoch [29/149], Total Loss: 1901.7503, NLL: 2.4730, Masked: 4.2313, Reg: 1871.813570
Epoch [30/149], Total Loss: 1901.5497, NLL: 2.4730, Masked: 4.2308, Reg: 1871.615930
Epoch [31/149], Total Loss: 1901.9685, NLL: 2.4730, Masked: 4.2320, Reg: 1872.027472
Epoch [32/149], Total Loss: 1901.3090, NLL: 2.4730, Masked: 4.2329, Reg: 1871.361717
Epoch [33/149], Total Loss: 1901.1621, NLL: 2.4730, Masked: 4.2326, Reg: 1871.216570
Epoch [34/149], Total Loss: 1901.8489, NLL: 2.4730, Masked: 4.2297, Reg: 1871.922546
Epoch [35/149], Total Loss: 1901.7501, NLL: 2.4730, Masked: 4.2304, Reg: 1871.819193
Epoch [36/149], Total Loss: 1901.1708, NLL: 2.4730, Masked: 4.2324, Reg: 1871.227123
Epoch [37/149], Total Loss: 1901.3290, NLL: 2.4730, Masked: 4.2312, Reg: 1871.392624
Epoch [38/149], Total Loss: 1901.5444, NLL: 2.4730, Masked: 4.2317, Reg: 1871.605012
Epoch [39/149], Total Loss: 1901.0335, NLL: 2.4730, Masked: 4.2318, Reg: 1871.093349
Epoch [40/149], Total Loss: 1901.1321, NLL: 2.4730, Masked: 4.2292, Reg: 1871.208975
Epoch [41/149], Total Loss: 1901.1911, NLL: 2.4730, Masked: 4.2319, Reg: 1871.250489
Epoch [42/149], Total Loss: 1901.3623, NLL: 2.4730, Masked: 4.2327, Reg: 1871.416642
Epoch [43/149], Total Loss: 1900.8681, NLL: 2.4730, Masked: 4.2309, Reg: 1870.933969
Epoch [44/149], Total Loss: 1900.9067, NLL: 2.4730, Masked: 4.2323, Reg: 1870.963173
Epoch [45/149], Total Loss: 1901.3960, NLL: 2.4730, Masked: 4.2305, Reg: 1871.464622
Epoch [46/149], Total Loss: 1900.8433, NLL: 2.4730, Masked: 4.2311, Reg: 1870.907482
Epoch [47/149], Total Loss: 1900.8605, NLL: 2.4730, Masked: 4.2324, Reg: 1870.916449
Epoch [48/149], Total Loss: 1900.8130, NLL: 2.4730, Masked: 4.2301, Reg: 1870.883869
Epoch [49/149], Total Loss: 1900.9209, NLL: 2.4730, Masked: 4.2319, Reg: 1870.980411
Epoch [50/149], Total Loss: 1900.3934, NLL: 2.4730, Masked: 4.2311, Reg: 1870.457968
Epoch [51/149], Total Loss: 1900.7706, NLL: 2.4730, Masked: 4.2321, Reg: 1870.828929
Epoch [52/149], Total Loss: 1900.9601, NLL: 2.4730, Masked: 4.2300, Reg: 1871.031909
Epoch [53/149], Total Loss: 1900.8569, NLL: 2.4730, Masked: 4.2300, Reg: 1870.928306
Epoch [54/149], Total Loss: 1900.5555, NLL: 2.4730, Masked: 4.2302, Reg: 1870.625954
Epoch [55/149], Total Loss: 1900.1584, NLL: 2.4730, Masked: 4.2289, Reg: 1870.237231
Epoch [56/149], Total Loss: 1900.8237, NLL: 2.4730, Masked: 4.2289, Reg: 1870.902496
Epoch [57/149], Total Loss: 1900.1928, NLL: 2.4730, Masked: 4.2311, Reg: 1870.257153
Epoch [58/149], Total Loss: 1900.0146, NLL: 2.4730, Masked: 4.2321, Reg: 1870.072854
Epoch [59/149], Total Loss: 1900.6727, NLL: 2.4730, Masked: 4.2328, Reg: 1870.726190
Epoch [60/149], Total Loss: 1900.4196, NLL: 2.4730, Masked: 4.2304, Reg: 1870.488803
Epoch [61/149], Total Loss: 1899.7589, NLL: 2.4730, Masked: 4.2332, Reg: 1869.809674
Epoch [62/149], Total Loss: 1899.5752, NLL: 2.4730, Masked: 4.2306, Reg: 1869.642788
Epoch [63/149], Total Loss: 1900.2537, NLL: 2.4730, Masked: 4.2318, Reg: 1870.313735
Epoch [64/149], Total Loss: 1899.8351, NLL: 2.4730, Masked: 4.2302, Reg: 1869.905225
Epoch [65/149], Total Loss: 1899.5722, NLL: 2.4730, Masked: 4.2303, Reg: 1869.642167
Epoch [66/149], Total Loss: 1899.5740, NLL: 2.4730, Masked: 4.2314, Reg: 1869.636469
Epoch [67/149], Total Loss: 1899.7916, NLL: 2.4730, Masked: 4.2309, Reg: 1869.857065
Epoch [68/149], Total Loss: 1899.4972, NLL: 2.4730, Masked: 4.2340, Reg: 1869.543107
Epoch [69/149], Total Loss: 1898.7191, NLL: 2.4730, Masked: 4.2323, Reg: 1868.775729
Epoch [70/149], Total Loss: 1899.7558, NLL: 2.4730, Masked: 4.2335, Reg: 1869.804869
Epoch [71/149], Total Loss: 1899.4813, NLL: 2.4730, Masked: 4.2313, Reg: 1869.544728
Epoch [72/149], Total Loss: 1898.9756, NLL: 2.4730, Masked: 4.2302, Reg: 1869.045944
Epoch [73/149], Total Loss: 1898.9591, NLL: 2.4730, Masked: 4.2334, Reg: 1869.008816
Epoch [74/149], Total Loss: 1899.0735, NLL: 2.4730, Masked: 4.2314, Reg: 1869.136190
Epoch [75/149], Total Loss: 1899.2302, NLL: 2.4730, Masked: 4.2306, Reg: 1869.297971
Epoch [76/149], Total Loss: 1898.3364, NLL: 2.4730, Masked: 4.2317, Reg: 1868.396669
Epoch [77/149], Total Loss: 1899.1062, NLL: 2.4730, Masked: 4.2314, Reg: 1869.168426
Epoch [78/149], Total Loss: 1898.8938, NLL: 2.4730, Masked: 4.2312, Reg: 1868.957694
Epoch [79/149], Total Loss: 1898.5247, NLL: 2.4730, Masked: 4.2330, Reg: 1868.576670
Epoch [80/149], Total Loss: 1898.3822, NLL: 2.4730, Masked: 4.2315, Reg: 1868.444268
Epoch [81/149], Total Loss: 1898.4703, NLL: 2.4730, Masked: 4.2311, Reg: 1868.534670
Epoch [82/149], Total Loss: 1898.7443, NLL: 2.4730, Masked: 4.2312, Reg: 1868.807903
Epoch [83/149], Total Loss: 1898.0335, NLL: 2.4730, Masked: 4.2296, Reg: 1868.107590
Epoch [84/149], Total Loss: 1898.3499, NLL: 2.4730, Masked: 4.2300, Reg: 1868.421744
Epoch [85/149], Total Loss: 1898.0253, NLL: 2.4730, Masked: 4.2301, Reg: 1868.096117
Epoch [86/149], Total Loss: 1898.1057, NLL: 2.4730, Masked: 4.2324, Reg: 1868.161919
Epoch [87/149], Total Loss: 1897.9284, NLL: 2.4730, Masked: 4.2306, Reg: 1867.995902
Epoch [88/149], Total Loss: 1898.0195, NLL: 2.4730, Masked: 4.2314, Reg: 1868.081920
Epoch [89/149], Total Loss: 1898.2540, NLL: 2.4730, Masked: 4.2324, Reg: 1868.310013
Epoch [90/149], Total Loss: 1897.6846, NLL: 2.4730, Masked: 4.2312, Reg: 1867.748295
Epoch [91/149], Total Loss: 1897.9400, NLL: 2.4730, Masked: 4.2328, Reg: 1867.993497
Epoch [92/149], Total Loss: 1897.6364, NLL: 2.4730, Masked: 4.2293, Reg: 1867.712837
Epoch [93/149], Total Loss: 1897.7573, NLL: 2.4730, Masked: 4.2333, Reg: 1867.807437
Epoch [94/149], Total Loss: 1897.6265, NLL: 2.4730, Masked: 4.2324, Reg: 1867.682264
Epoch [95/149], Total Loss: 1897.7690, NLL: 2.4730, Masked: 4.2330, Reg: 1867.821347
Epoch [96/149], Total Loss: 1897.6518, NLL: 2.4730, Masked: 4.2303, Reg: 1867.721393
Epoch [97/149], Total Loss: 1897.0526, NLL: 2.4730, Masked: 4.2322, Reg: 1867.110144
Epoch [98/149], Total Loss: 1897.3300, NLL: 2.4730, Masked: 4.2321, Reg: 1867.387964
Epoch [99/149], Total Loss: 1897.3793, NLL: 2.4730, Masked: 4.2313, Reg: 1867.442734
Epoch [100/149], Total Loss: 1897.3366, NLL: 2.4730, Masked: 4.2285, Reg: 1867.417849
Epoch [101/149], Total Loss: 1897.1845, NLL: 2.4730, Masked: 4.2315, Reg: 1867.246311
Epoch [102/149], Total Loss: 1897.1850, NLL: 2.4730, Masked: 4.2315, Reg: 1867.246850
Epoch [103/149], Total Loss: 1897.0688, NLL: 2.4730, Masked: 4.2308, Reg: 1867.134969
Epoch [104/149], Total Loss: 1896.6143, NLL: 2.4730, Masked: 4.2312, Reg: 1866.678273
Epoch [105/149], Total Loss: 1896.6576, NLL: 2.4730, Masked: 4.2302, Reg: 1866.728200
Epoch [106/149], Total Loss: 1896.6450, NLL: 2.4730, Masked: 4.2305, Reg: 1866.713404
Epoch [107/149], Total Loss: 1897.1812, NLL: 2.4730, Masked: 4.2317, Reg: 1867.241913
Epoch [108/149], Total Loss: 1896.2082, NLL: 2.4730, Masked: 4.2321, Reg: 1866.266353
Epoch [109/149], Total Loss: 1896.4552, NLL: 2.4730, Masked: 4.2331, Reg: 1866.506377
Epoch [110/149], Total Loss: 1896.5815, NLL: 2.4730, Masked: 4.2306, Reg: 1866.649082
Epoch [111/149], Total Loss: 1896.1965, NLL: 2.4730, Masked: 4.2323, Reg: 1866.253532
Epoch [112/149], Total Loss: 1896.0645, NLL: 2.4730, Masked: 4.2303, Reg: 1866.134167
Epoch [113/149], Total Loss: 1896.1682, NLL: 2.4730, Masked: 4.2281, Reg: 1866.252107
Epoch [114/149], Total Loss: 1896.3767, NLL: 2.4730, Masked: 4.2311, Reg: 1866.441372
Epoch [115/149], Total Loss: 1895.5396, NLL: 2.4730, Masked: 4.2323, Reg: 1865.596509
Epoch [116/149], Total Loss: 1895.9442, NLL: 2.4730, Masked: 4.2315, Reg: 1866.006052
Epoch [117/149], Total Loss: 1895.7684, NLL: 2.4730, Masked: 4.2301, Reg: 1865.839137
Epoch [118/149], Total Loss: 1895.7837, NLL: 2.4730, Masked: 4.2317, Reg: 1865.844460
Epoch [119/149], Total Loss: 1895.3507, NLL: 2.4730, Masked: 4.2336, Reg: 1865.399126
Epoch [120/149], Total Loss: 1895.2886, NLL: 2.4730, Masked: 4.2295, Reg: 1865.363578
Epoch [121/149], Total Loss: 1895.4331, NLL: 2.4730, Masked: 4.2310, Reg: 1865.498216
Epoch [122/149], Total Loss: 1894.6916, NLL: 2.4730, Masked: 4.2324, Reg: 1864.747658
Epoch [123/149], Total Loss: 1895.2244, NLL: 2.4730, Masked: 4.2316, Reg: 1865.285915
Epoch [124/149], Total Loss: 1895.2677, NLL: 2.4730, Masked: 4.2302, Reg: 1865.338374
Epoch [125/149], Total Loss: 1895.0758, NLL: 2.4730, Masked: 4.2308, Reg: 1865.141964
Epoch [126/149], Total Loss: 1894.6702, NLL: 2.4730, Masked: 4.2309, Reg: 1864.735768
Epoch [127/149], Total Loss: 1894.7586, NLL: 2.4730, Masked: 4.2304, Reg: 1864.827600
Epoch [128/149], Total Loss: 1894.9091, NLL: 2.4730, Masked: 4.2321, Reg: 1864.967299
Epoch [129/149], Total Loss: 1894.1079, NLL: 2.4730, Masked: 4.2300, Reg: 1864.179726
Epoch [130/149], Total Loss: 1894.3407, NLL: 2.4730, Masked: 4.2317, Reg: 1864.401053
Epoch [131/149], Total Loss: 1894.6490, NLL: 2.4730, Masked: 4.2324, Reg: 1864.705021
Epoch [132/149], Total Loss: 1894.6725, NLL: 2.4730, Masked: 4.2325, Reg: 1864.727700
Epoch [133/149], Total Loss: 1893.7879, NLL: 2.4730, Masked: 4.2308, Reg: 1863.854619
Epoch [134/149], Total Loss: 1893.7443, NLL: 2.4730, Masked: 4.2315, Reg: 1863.806136
Epoch [135/149], Total Loss: 1894.5517, NLL: 2.4730, Masked: 4.2294, Reg: 1864.627231
Epoch [136/149], Total Loss: 1893.4848, NLL: 2.4730, Masked: 4.2324, Reg: 1863.540774
Epoch [137/149], Total Loss: 1893.8186, NLL: 2.4730, Masked: 4.2327, Reg: 1863.872796
Epoch [138/149], Total Loss: 1893.5608, NLL: 2.4730, Masked: 4.2322, Reg: 1863.618120
Epoch [139/149], Total Loss: 1893.7892, NLL: 2.4730, Masked: 4.2335, Reg: 1863.838250
Epoch [140/149], Total Loss: 1893.4765, NLL: 2.4730, Masked: 4.2328, Reg: 1863.529706
Epoch [141/149], Total Loss: 1892.8955, NLL: 2.4730, Masked: 4.2321, Reg: 1862.953604
Epoch [142/149], Total Loss: 1893.5607, NLL: 2.4730, Masked: 4.2313, Reg: 1863.623722
Epoch [143/149], Total Loss: 1893.3923, NLL: 2.4730, Masked: 4.2310, Reg: 1863.457479
Epoch [144/149], Total Loss: 1892.9772, NLL: 2.4730, Masked: 4.2285, Reg: 1863.058621
Epoch [145/149], Total Loss: 1892.4274, NLL: 2.4730, Masked: 4.2285, Reg: 1862.508974
Epoch [146/149], Total Loss: 1893.1041, NLL: 2.4730, Masked: 4.2322, Reg: 1863.161568
Epoch [147/149], Total Loss: 1892.7001, NLL: 2.4730, Masked: 4.2301, Reg: 1862.770816
Epoch [148/149], Total Loss: 1892.3502, NLL: 2.4730, Masked: 4.2330, Reg: 1862.402102
Epoch [149/149], Total Loss: 1892.6236, NLL: 2.4730, Masked: 4.2293, Reg: 1862.699609

==================================================
EVALUATING ON TRAINING DATA
==================================================

==================================================
TEST RESULTS
==================================================
Total Loss: 1950.794232
  - ZINB NLL: 2.473049
Total number of masked values: 5465934
  - Number of values with pi >= 0.41182413671870344: 5465934
  - Number of values with pi < 0.41182413671870344: 0
  - Masked Reconstruction: 4.231890
  - Regularization: 1920.853550
Mean Absolute Error (MAE): 2.190743
R² Score: -0.151228
==================================================


==================================================
EVALUATING ON VALIDATION DATA
Dataset size: 16944
==================================================


==================================================
TEST RESULTS
==================================================
Total Loss: 1949.423327
  - ZINB NLL: 2.483504
Total number of masked values: 2629486
  - Number of values with pi >= 0.41182413671870344: 2629486
  - Number of values with pi < 0.41182413671870344: 0
  - Masked Reconstruction: 4.019067
  - Regularization: 1920.853550
Mean Absolute Error (MAE): 2.283102
R² Score: -0.135330
==================================================


>>> Optimizing masked_loss on VALIDATION set: 4.019067
>>> Full validation metrics: {'total_loss': 1949.4233267030365, 'zinb_nll': 2.4835040420715937, 'mae': 2.2831015586853027, 'r2': -0.1353299617767334, 'masked_loss': 4.019067499635352, 'reg_loss': 1920.8535504965664}

Iteration No: 13 ended. Evaluation done at random point.
Time taken: 1510.3086
Function value obtained: 4.0191
Current minimum: 2.4777
Iteration No: 14 started. Evaluating function at random point.

================================================================================
Trial with parameters:
  features: Centr
  step_size: 0.9852486877870344
  bin_size: 2
  sample_fraction: 0.4792727644653864
  moving_average: False
  first_layer_size_factor: 30
  num_layers: 2
  use_conv: True
  conv_channel: 60
  pool_size: 7
  kernel_size: 9
  epochs: 38
  batch_size: 32
  pi_threshold: 0.5684574067296202
  learning_rate: 0.00011910783863642014
  dropout_rate: 0.1270818245348694
  masked_recon_weight: 0.015176175972003892
  regularizer: l1
  regularization_weight: 8.723455790871194
================================================================================

len(layers): 2
Creating datasets with:
  features: ['Centr']
  bin_size: 2
  moving_average: False
  data_point_length: 2000 (from 2000)
  step_size: 1970 (from fraction 0.9852486877870344)
  layers: [np.int64(480), np.int64(240)] (first=480, num=2)
  stride: 1 (fixed), padding: same (fixed)
  Using pre-determined chromosome split


Clipping outliers using 95th percentile * 1.5...
strain_yTW001: Clipping values above 134.25 (P95=89.50). Clipped 27529/1193409 values (2.31%)
strain_FD: Clipping values above 71.92 (P95=47.94). Clipped 95791/4127807 values (2.32%)
strain_dnrp: Clipping values above 243.00 (P95=162.00). Clipped 25649/1119454 values (2.29%)
strain_yEK19: Clipping values above 77.10 (P95=51.40). Clipped 83713/3893623 values (2.15%)
strain_yEK23: Clipping values above 72.00 (P95=48.00). Clipped 86381/3558407 values (2.43%)
strain_yWT03a: Clipping values above 15.00 (P95=10.00). Clipped 10602/347679 values (3.05%)
strain_yWT04a: Clipping values above 58.50 (P95=39.00). Clipped 21095/725406 values (2.91%)
strain_ylic137: Clipping values above 142.50 (P95=95.00). Clipped 28746/1112684 values (2.58%)

Splitting data using pre-determined chromosomes...
Standardizing features: ['Centr']
Column order in final array (Dataset/Chrom split): ['Value', 'Centromere_Distance', 'Value_Raw', 'Size_Factor']
Removing 0 empty data points out of 14112
Column order in final array (Dataset/Chrom split): ['Value', 'Centromere_Distance', 'Value_Raw', 'Size_Factor']
Removing 0 empty data points out of 4960
Column order in final array (Dataset/Chrom split): ['Value', 'Centromere_Distance', 'Value_Raw', 'Size_Factor']
Removing 0 empty data points out of 5496
Datasets created with shapes:
  Train: (14112, 2000, 4)
  Val: (4960, 2000, 4)
  Test: (5496, 2000, 4)
Datasets created:
  Train: (14112, 2000, 4), Val: (4960, 2000, 4), Test: (5496, 2000, 4)

Randomly sampled 6763/14112 samples (47.9%)
Applied denoising with 15.0% masking
Applied denoising with 15.0% masking
Number of encoder layers: 2
Number of decoder layers (excluding heads): 2
Total number of layers including latent layer: 5
Epoch [1/38], Total Loss: 119607.4331, NLL: 2.2597, Masked: 31.4060, Reg: 119604.702043
Epoch [2/38], Total Loss: 49356.6310, NLL: 2.2500, Masked: 31.3692, Reg: 49353.906870
Epoch [3/38], Total Loss: 37459.9099, NLL: 2.2403, Masked: 31.3996, Reg: 37457.194401
Epoch [4/38], Total Loss: 35375.5047, NLL: 2.2306, Masked: 31.4102, Reg: 35372.798623
Epoch [5/38], Total Loss: 34716.8426, NLL: 2.2209, Masked: 31.3921, Reg: 34714.146638
Epoch [6/38], Total Loss: 34153.2689, NLL: 2.2112, Masked: 31.3893, Reg: 34150.582894
Epoch [7/38], Total Loss: 33617.6149, NLL: 2.2015, Masked: 31.3881, Reg: 33614.938533
Epoch [8/38], Total Loss: 33110.1087, NLL: 2.1918, Masked: 31.3635, Reg: 33107.442328
Epoch [9/38], Total Loss: 32632.1751, NLL: 2.1821, Masked: 31.4001, Reg: 32629.517929
Epoch [10/38], Total Loss: 32180.6863, NLL: 2.1724, Masked: 31.3771, Reg: 32178.039071
Epoch [11/38], Total Loss: 31739.7909, NLL: 2.1627, Masked: 31.4001, Reg: 31737.152969
Epoch [12/38], Total Loss: 31299.4850, NLL: 2.1530, Masked: 31.3120, Reg: 31296.857965
Epoch [13/38], Total Loss: 30858.9488, NLL: 2.1433, Masked: 31.3954, Reg: 30856.330262
Epoch [14/38], Total Loss: 30418.4122, NLL: 2.1337, Masked: 31.3518, Reg: 30415.803948
Epoch [15/38], Total Loss: 29977.9030, NLL: 2.1240, Masked: 31.3858, Reg: 29975.303883
Epoch [16/38], Total Loss: 29537.4797, NLL: 2.1144, Masked: 31.3721, Reg: 29534.890488
Epoch [17/38], Total Loss: 29096.7344, NLL: 2.1047, Masked: 31.3990, Reg: 29094.154444
Epoch [18/38], Total Loss: 28656.5091, NLL: 2.0951, Masked: 31.3899, Reg: 28653.938891
Epoch [19/38], Total Loss: 28216.0105, NLL: 2.0855, Masked: 31.4259, Reg: 28213.449189
Epoch [20/38], Total Loss: 27775.3734, NLL: 2.0760, Masked: 31.3694, Reg: 27772.822533
Epoch [21/38], Total Loss: 27334.8920, NLL: 2.0664, Masked: 31.4023, Reg: 27332.350161
Epoch [22/38], Total Loss: 26894.4665, NLL: 2.0569, Masked: 31.4109, Reg: 26891.933958
Epoch [23/38], Total Loss: 26454.0085, NLL: 2.0475, Masked: 31.3824, Reg: 26451.485836
Epoch [24/38], Total Loss: 26013.4478, NLL: 2.0380, Masked: 31.3890, Reg: 26010.934536
Epoch [25/38], Total Loss: 25572.8093, NLL: 2.0286, Masked: 31.3992, Reg: 25570.305224
Epoch [26/38], Total Loss: 25132.2106, NLL: 2.0192, Masked: 31.4005, Reg: 25129.715719
Epoch [27/38], Total Loss: 24691.6328, NLL: 2.0099, Masked: 31.3932, Reg: 24689.147527
Epoch [28/38], Total Loss: 24251.4442, NLL: 2.0005, Masked: 31.4125, Reg: 24248.967950
Epoch [29/38], Total Loss: 23810.5242, NLL: 1.9913, Masked: 31.4126, Reg: 23808.057166
Epoch [30/38], Total Loss: 23370.3666, NLL: 1.9821, Masked: 31.3930, Reg: 23367.909055
Epoch [31/38], Total Loss: 22929.4998, NLL: 1.9730, Masked: 31.4189, Reg: 22927.050919
Epoch [32/38], Total Loss: 22489.2864, NLL: 1.9638, Masked: 31.4331, Reg: 22486.846424
Epoch [33/38], Total Loss: 22048.8208, NLL: 1.9548, Masked: 31.3552, Reg: 22046.391112
Epoch [34/38], Total Loss: 21607.9625, NLL: 1.9458, Masked: 31.4227, Reg: 21605.540691
Epoch [35/38], Total Loss: 21167.7970, NLL: 1.9368, Masked: 31.3656, Reg: 21165.385045
Epoch [36/38], Total Loss: 20727.0476, NLL: 1.9280, Masked: 31.3915, Reg: 20724.644061
Epoch [37/38], Total Loss: 20286.7266, NLL: 1.9191, Masked: 31.3992, Reg: 20284.331678
Epoch [38/38], Total Loss: 19846.2258, NLL: 1.9104, Masked: 31.3535, Reg: 19843.840467

==================================================
EVALUATING ON TRAINING DATA
==================================================

==================================================
TEST RESULTS
==================================================
Total Loss: 19621.443244
  - ZINB NLL: 1.905966
Total number of masked values: 530534
  - Number of values with pi >= 0.5684574067296202: 0
  - Number of values with pi < 0.5684574067296202: 530534
  - Masked Reconstruction: 31.416777
  - Regularization: 19619.060593
Mean Absolute Error (MAE): 26.804522
R² Score: -13.454445
==================================================


==================================================
EVALUATING ON VALIDATION DATA
Dataset size: 4960
==================================================


==================================================
TEST RESULTS
==================================================
Total Loss: 19621.341860
  - ZINB NLL: 1.918911
Total number of masked values: 393174
  - Number of values with pi >= 0.5684574067296202: 0
  - Number of values with pi < 0.5684574067296202: 393174
  - Masked Reconstruction: 23.879574
  - Regularization: 19619.060593
Mean Absolute Error (MAE): 26.870754
R² Score: -11.991095
==================================================


>>> Optimizing masked_loss on VALIDATION set: 23.879574
>>> Full validation metrics: {'total_loss': 19621.341859879034, 'zinb_nll': 1.9189106445158681, 'mae': 26.87075424194336, 'r2': -11.991094589233398, 'masked_loss': 23.879573585910183, 'reg_loss': 19619.06059266907}

Iteration No: 14 ended. Evaluation done at random point.
Time taken: 412.6053
Function value obtained: 23.8796
Current minimum: 2.4777
Iteration No: 15 started. Evaluating function at random point.

================================================================================
Trial with parameters:
  features: Centr_Nucl
  step_size: 0.781683247682589
  bin_size: 12
  sample_fraction: 0.4723826077358489
  moving_average: False
  first_layer_size_factor: 29
  num_layers: 3
  use_conv: True
  conv_channel: 17
  pool_size: 6
  kernel_size: 3
  epochs: 39
  batch_size: 64
  pi_threshold: 0.3203074124157588
  learning_rate: 0.004569318664735287
  dropout_rate: 0.013808385936852356
  masked_recon_weight: 0.20675669531624294
  regularizer: l2
  regularization_weight: 0.5060377861290914
================================================================================

len(layers): 3
Creating datasets with:
  features: ['Centr', 'Nucl']
  bin_size: 12
  moving_average: False
  data_point_length: 2000 (from 2000)
  step_size: 1563 (from fraction 0.781683247682589)
  layers: [np.int64(464), np.int64(232), np.int64(116)] (first=464, num=3)
  stride: 1 (fixed), padding: same (fixed)
  Using pre-determined chromosome split


Clipping outliers using 95th percentile * 1.5...
strain_yTW001: Clipping values above 134.25 (P95=89.50). Clipped 27529/1193409 values (2.31%)
strain_FD: Clipping values above 71.92 (P95=47.94). Clipped 95791/4127807 values (2.32%)
strain_dnrp: Clipping values above 243.00 (P95=162.00). Clipped 25649/1119454 values (2.29%)
strain_yEK19: Clipping values above 77.10 (P95=51.40). Clipped 83713/3893623 values (2.15%)
strain_yEK23: Clipping values above 72.00 (P95=48.00). Clipped 86381/3558407 values (2.43%)
strain_yWT03a: Clipping values above 15.00 (P95=10.00). Clipped 10602/347679 values (3.05%)
strain_yWT04a: Clipping values above 58.50 (P95=39.00). Clipped 21095/725406 values (2.91%)
strain_ylic137: Clipping values above 142.50 (P95=95.00). Clipped 28746/1112684 values (2.58%)

Splitting data using pre-determined chromosomes...
Standardizing features: ['Centr', 'Nucl']
Column order in final array (Dataset/Chrom split): ['Value', 'Nucleosome_Distance', 'Centromere_Distance', 'Value_Raw', 'Size_Factor']
Removing 0 empty data points out of 2984
Column order in final array (Dataset/Chrom split): ['Value', 'Nucleosome_Distance', 'Centromere_Distance', 'Value_Raw', 'Size_Factor']
Removing 0 empty data points out of 1040
Column order in final array (Dataset/Chrom split): ['Value', 'Nucleosome_Distance', 'Centromere_Distance', 'Value_Raw', 'Size_Factor']
Removing 0 empty data points out of 1160
Datasets created with shapes:
  Train: (2984, 2000, 5)
  Val: (1040, 2000, 5)
  Test: (1160, 2000, 5)
Datasets created:
  Train: (2984, 2000, 5), Val: (1040, 2000, 5), Test: (1160, 2000, 5)

Randomly sampled 1409/2984 samples (47.2%)
Applied denoising with 15.0% masking
Applied denoising with 15.0% masking
Number of encoder layers: 3
Number of decoder layers (excluding heads): 3
Total number of layers including latent layer: 7
Epoch [1/39], Total Loss: 8.9513, NLL: 2.7776, Masked: 29.8598, Reg: 3922.608327
Epoch [2/39], Total Loss: 8.9421, NLL: 2.7642, Masked: 29.8802, Reg: 3461.980223
Epoch [3/39], Total Loss: 8.9262, NLL: 2.7512, Masked: 29.8659, Reg: 3088.213772
Epoch [4/39], Total Loss: 8.9079, NLL: 2.7391, Masked: 29.8362, Reg: 2748.320816
Epoch [5/39], Total Loss: 8.9046, NLL: 2.7283, Masked: 29.8722, Reg: 2437.990291
Epoch [6/39], Total Loss: 8.8914, NLL: 2.7184, Masked: 29.8562, Reg: 2155.320520
Epoch [7/39], Total Loss: 8.8858, NLL: 2.7093, Masked: 29.8730, Reg: 1898.684367
Epoch [8/39], Total Loss: 8.8799, NLL: 2.7017, Masked: 29.8815, Reg: 1666.484672
Epoch [9/39], Total Loss: 8.8641, NLL: 2.6946, Masked: 29.8394, Reg: 1457.162040
Epoch [10/39], Total Loss: 8.8715, NLL: 2.6893, Masked: 29.9009, Reg: 1269.152614
Epoch [11/39], Total Loss: 8.8651, NLL: 2.6845, Masked: 29.8929, Reg: 1100.991681
Epoch [12/39], Total Loss: 8.8553, NLL: 2.6806, Masked: 29.8645, Reg: 951.170839
Epoch [13/39], Total Loss: 8.8555, NLL: 2.6780, Masked: 29.8783, Reg: 818.243186
Epoch [14/39], Total Loss: 8.8483, NLL: 2.6758, Masked: 29.8541, Reg: 700.853968
Epoch [15/39], Total Loss: 7.6019, NLL: 2.6747, Masked: 23.8310, Reg: 597.617835
Epoch [16/39], Total Loss: 3.4559, NLL: 2.6775, Masked: 3.7646, Reg: 507.214934
Epoch [17/39], Total Loss: 3.4558, NLL: 2.6772, Masked: 3.7657, Reg: 428.513916
Epoch [18/39], Total Loss: 3.4560, NLL: 2.6778, Masked: 3.7639, Reg: 360.300985
Epoch [19/39], Total Loss: 3.4569, NLL: 2.6787, Masked: 3.7637, Reg: 301.474592
Epoch [20/39], Total Loss: 3.4584, NLL: 2.6801, Masked: 3.7644, Reg: 251.004936
Epoch [21/39], Total Loss: 3.4601, NLL: 2.6819, Masked: 3.7640, Reg: 207.931660
Epoch [22/39], Total Loss: 3.4610, NLL: 2.6836, Masked: 3.7601, Reg: 171.368425
Epoch [23/39], Total Loss: 3.4628, NLL: 2.6858, Masked: 3.7579, Reg: 140.499905
Epoch [24/39], Total Loss: 3.4663, NLL: 2.6880, Masked: 3.7645, Reg: 114.584573
Epoch [25/39], Total Loss: 3.4683, NLL: 2.6903, Masked: 3.7628, Reg: 92.950697
Epoch [26/39], Total Loss: 3.4712, NLL: 2.6927, Masked: 3.7654, Reg: 74.994161
Epoch [27/39], Total Loss: 3.4730, NLL: 2.6949, Masked: 3.7633, Reg: 60.176638
Epoch [28/39], Total Loss: 3.4758, NLL: 2.6971, Masked: 3.7664, Reg: 48.020525
Epoch [29/39], Total Loss: 3.4779, NLL: 2.6993, Masked: 3.7655, Reg: 38.106993
Epoch [30/39], Total Loss: 3.4792, NLL: 2.7015, Masked: 3.7614, Reg: 30.070207
Epoch [31/39], Total Loss: 3.4825, NLL: 2.7035, Masked: 3.7678, Reg: 23.593841
Epoch [32/39], Total Loss: 3.4840, NLL: 2.7053, Masked: 3.7663, Reg: 18.406743
Epoch [33/39], Total Loss: 3.4857, NLL: 2.7071, Masked: 3.7659, Reg: 14.277635
Epoch [34/39], Total Loss: 3.4864, NLL: 2.7087, Masked: 3.7617, Reg: 11.010798
Epoch [35/39], Total Loss: 3.4886, NLL: 2.7102, Masked: 3.7646, Reg: 8.442246
Epoch [36/39], Total Loss: 3.4899, NLL: 2.7115, Masked: 3.7646, Reg: 6.435067
Epoch [37/39], Total Loss: 3.4908, NLL: 2.7128, Masked: 3.7630, Reg: 4.876193
Epoch [38/39], Total Loss: 3.4920, NLL: 2.7139, Masked: 3.7635, Reg: 3.673291
Epoch [39/39], Total Loss: 3.4926, NLL: 2.7149, Masked: 3.7611, Reg: 2.750484

==================================================
EVALUATING ON TRAINING DATA
==================================================

==================================================
TEST RESULTS
==================================================
Total Loss: 3.493971
  - ZINB NLL: 2.715426
Total number of masked values: 251022
  - Number of values with pi >= 0.3203074124157588: 251022
  - Number of values with pi < 0.3203074124157588: 0
  - Masked Reconstruction: 3.765516
  - Regularization: 2.337452
Mean Absolute Error (MAE): 2.240131
R² Score: -0.172933
==================================================


==================================================
EVALUATING ON VALIDATION DATA
Dataset size: 1040
==================================================


==================================================
TEST RESULTS
==================================================
Total Loss: 3.455950
  - ZINB NLL: 2.706713
Total number of masked values: 184417
  - Number of values with pi >= 0.3203074124157588: 184417
  - Number of values with pi < 0.3203074124157588: 0
  - Masked Reconstruction: 3.623765
  - Regularization: 2.337452
Mean Absolute Error (MAE): 2.296954
R² Score: -0.139915
==================================================


>>> Optimizing masked_loss on VALIDATION set: 3.623765
>>> Full validation metrics: {'total_loss': 3.4559504582331733, 'zinb_nll': 2.7067128291496863, 'mae': 2.2969536781311035, 'r2': -0.13991451263427734, 'masked_loss': 3.6237647423377406, 'reg_loss': 2.3374522154677315}

Iteration No: 15 ended. Evaluation done at random point.
Time taken: 97.4892
Function value obtained: 3.6238
Current minimum: 2.4777
Iteration No: 16 started. Evaluating function at random point.

================================================================================
Trial with parameters:
  features: Centr_Nucl
  step_size: 0.36628121254580814
  bin_size: 20
  sample_fraction: 0.8792001265520226
  moving_average: True
  first_layer_size_factor: 28
  num_layers: 1
  use_conv: True
  conv_channel: 76
  pool_size: 4
  kernel_size: 9
  epochs: 63
  batch_size: 128
  pi_threshold: 0.48290606464549146
  learning_rate: 0.003357911339209245
  dropout_rate: 0.09719001699743654
  masked_recon_weight: 0.04419932329566328
  regularizer: none
  regularization_weight: 9.299757989591069e-05
================================================================================

len(layers): 1
Creating datasets with:
  features: ['Centr', 'Nucl']
  bin_size: 20
  moving_average: True
  data_point_length: 2000 (from 2000)
  step_size: 732 (from fraction 0.36628121254580814)
  layers: [np.int64(448)] (first=448, num=1)
  stride: 1 (fixed), padding: same (fixed)
  Using pre-determined chromosome split


Clipping outliers using 95th percentile * 1.5...
strain_yTW001: Clipping values above 134.25 (P95=89.50). Clipped 27529/1193409 values (2.31%)
strain_FD: Clipping values above 71.92 (P95=47.94). Clipped 95791/4127807 values (2.32%)
strain_dnrp: Clipping values above 243.00 (P95=162.00). Clipped 25649/1119454 values (2.29%)
strain_yEK19: Clipping values above 77.10 (P95=51.40). Clipped 83713/3893623 values (2.15%)
strain_yEK23: Clipping values above 72.00 (P95=48.00). Clipped 86381/3558407 values (2.43%)
strain_yWT03a: Clipping values above 15.00 (P95=10.00). Clipped 10602/347679 values (3.05%)
strain_yWT04a: Clipping values above 58.50 (P95=39.00). Clipped 21095/725406 values (2.91%)
strain_ylic137: Clipping values above 142.50 (P95=95.00). Clipped 28746/1112684 values (2.58%)

Splitting data using pre-determined chromosomes...
Standardizing features: ['Centr', 'Nucl']
Column order in final array (Dataset/Chrom split): ['Value', 'Nucleosome_Distance', 'Centromere_Distance', 'Value_Raw', 'Size_Factor']
Removing 0 empty data points out of 75712
Column order in final array (Dataset/Chrom split): ['Value', 'Nucleosome_Distance', 'Centromere_Distance', 'Value_Raw', 'Size_Factor']
Removing 0 empty data points out of 26616
Column order in final array (Dataset/Chrom split): ['Value', 'Nucleosome_Distance', 'Centromere_Distance', 'Value_Raw', 'Size_Factor']
Removing 0 empty data points out of 29456
Datasets created with shapes:
  Train: (75712, 2000, 5)
  Val: (26616, 2000, 5)
  Test: (29456, 2000, 5)
Datasets created:
  Train: (75712, 2000, 5), Val: (26616, 2000, 5), Test: (29456, 2000, 5)

Randomly sampled 66565/75712 samples (87.9%)
Applied denoising with 15.0% masking
Applied denoising with 15.0% masking
Number of encoder layers: 1
Number of decoder layers (excluding heads): 1
Total number of layers including latent layer: 3
Epoch [1/63], Total Loss: 3.9605, NLL: 2.2210, Masked: 39.3545
Epoch [2/63], Total Loss: 2.3465, NLL: 2.2201, Masked: 2.8601
Epoch [3/63], Total Loss: 2.3473, NLL: 2.2209, Masked: 2.8601
Epoch [4/63], Total Loss: 2.3473, NLL: 2.2209, Masked: 2.8606
Epoch [5/63], Total Loss: 2.3473, NLL: 2.2209, Masked: 2.8598
Epoch [6/63], Total Loss: 2.3473, NLL: 2.2209, Masked: 2.8603
Epoch [7/63], Total Loss: 2.3473, NLL: 2.2209, Masked: 2.8602
Epoch [8/63], Total Loss: 2.3473, NLL: 2.2209, Masked: 2.8602
Epoch [9/63], Total Loss: 2.3473, NLL: 2.2209, Masked: 2.8606
Epoch [10/63], Total Loss: 2.3473, NLL: 2.2209, Masked: 2.8604
Epoch [11/63], Total Loss: 2.3473, NLL: 2.2209, Masked: 2.8605
Epoch [12/63], Total Loss: 2.3473, NLL: 2.2209, Masked: 2.8604
Epoch [13/63], Total Loss: 2.3473, NLL: 2.2209, Masked: 2.8600
Epoch [14/63], Total Loss: 2.3473, NLL: 2.2209, Masked: 2.8601
Epoch [15/63], Total Loss: 2.3473, NLL: 2.2209, Masked: 2.8602
Epoch [16/63], Total Loss: 2.3473, NLL: 2.2209, Masked: 2.8602
Epoch [17/63], Total Loss: 2.3473, NLL: 2.2209, Masked: 2.8600
Epoch [18/63], Total Loss: 2.3473, NLL: 2.2209, Masked: 2.8603
Epoch [19/63], Total Loss: 2.3473, NLL: 2.2209, Masked: 2.8607
Epoch [20/63], Total Loss: 2.3473, NLL: 2.2209, Masked: 2.8603
Epoch [21/63], Total Loss: 2.3473, NLL: 2.2209, Masked: 2.8603
Epoch [22/63], Total Loss: 2.3473, NLL: 2.2209, Masked: 2.8606
Epoch [23/63], Total Loss: 2.3473, NLL: 2.2209, Masked: 2.8603
Epoch [24/63], Total Loss: 2.3473, NLL: 2.2209, Masked: 2.8608
Epoch [25/63], Total Loss: 2.3473, NLL: 2.2209, Masked: 2.8603
Epoch [26/63], Total Loss: 2.3473, NLL: 2.2209, Masked: 2.8600
Epoch [27/63], Total Loss: 2.3473, NLL: 2.2209, Masked: 2.8606
Epoch [28/63], Total Loss: 2.3473, NLL: 2.2209, Masked: 2.8606
Epoch [29/63], Total Loss: 2.3473, NLL: 2.2209, Masked: 2.8608
Epoch [30/63], Total Loss: 2.3473, NLL: 2.2209, Masked: 2.8609
Epoch [31/63], Total Loss: 2.3489, NLL: 2.2225, Masked: 2.8602
Epoch [32/63], Total Loss: 2.3502, NLL: 2.2238, Masked: 2.8609
Epoch [33/63], Total Loss: 2.3502, NLL: 2.2238, Masked: 2.8601
Epoch [34/63], Total Loss: 2.3502, NLL: 2.2238, Masked: 2.8607
Epoch [35/63], Total Loss: 2.3502, NLL: 2.2238, Masked: 2.8605
Epoch [36/63], Total Loss: 2.3502, NLL: 2.2238, Masked: 2.8600
Epoch [37/63], Total Loss: 2.3502, NLL: 2.2238, Masked: 2.8604
Epoch [38/63], Total Loss: 2.3502, NLL: 2.2238, Masked: 2.8605
Epoch [39/63], Total Loss: 2.3502, NLL: 2.2238, Masked: 2.8607
Epoch [40/63], Total Loss: 2.3502, NLL: 2.2238, Masked: 2.8607
Epoch [41/63], Total Loss: 2.3502, NLL: 2.2238, Masked: 2.8599
Epoch [42/63], Total Loss: 2.3502, NLL: 2.2238, Masked: 2.8603
Epoch [43/63], Total Loss: 2.3502, NLL: 2.2238, Masked: 2.8601
Epoch [44/63], Total Loss: 2.3502, NLL: 2.2238, Masked: 2.8610
Epoch [45/63], Total Loss: 2.3502, NLL: 2.2238, Masked: 2.8602
Epoch [46/63], Total Loss: 2.3502, NLL: 2.2238, Masked: 2.8603
Epoch [47/63], Total Loss: 2.3502, NLL: 2.2238, Masked: 2.8603
Epoch [48/63], Total Loss: 2.3502, NLL: 2.2238, Masked: 2.8608
Epoch [49/63], Total Loss: 2.3502, NLL: 2.2238, Masked: 2.8611
Epoch [50/63], Total Loss: 2.3502, NLL: 2.2238, Masked: 2.8602
Epoch [51/63], Total Loss: 2.3502, NLL: 2.2238, Masked: 2.8602
Epoch [52/63], Total Loss: 2.3502, NLL: 2.2238, Masked: 2.8600
Epoch [53/63], Total Loss: 2.3502, NLL: 2.2238, Masked: 2.8596
Epoch [54/63], Total Loss: 2.3502, NLL: 2.2238, Masked: 2.8598
Epoch [55/63], Total Loss: 2.3502, NLL: 2.2238, Masked: 2.8598
Epoch [56/63], Total Loss: 2.3502, NLL: 2.2238, Masked: 2.8600
Epoch [57/63], Total Loss: 2.3502, NLL: 2.2238, Masked: 2.8608
Epoch [58/63], Total Loss: 2.3502, NLL: 2.2238, Masked: 2.8596
Epoch [59/63], Total Loss: 2.3502, NLL: 2.2238, Masked: 2.8606
Epoch [60/63], Total Loss: 2.3502, NLL: 2.2238, Masked: 2.8606
Epoch [61/63], Total Loss: 2.3502, NLL: 2.2238, Masked: 2.8603
Epoch [62/63], Total Loss: 2.3502, NLL: 2.2238, Masked: 2.8599
Epoch [63/63], Total Loss: 2.3502, NLL: 2.2238, Masked: 2.8599

==================================================
EVALUATING ON TRAINING DATA
==================================================

==================================================
TEST RESULTS
==================================================
Total Loss: 2.350191
  - ZINB NLL: 2.223773
Total number of masked values: 13785364
  - Number of values with pi >= 0.48290606464549146: 0
  - Number of values with pi < 0.48290606464549146: 13785364
  - Masked Reconstruction: 2.860172
Mean Absolute Error (MAE): 2.287591
R² Score: -0.060213
==================================================


==================================================
EVALUATING ON VALIDATION DATA
Dataset size: 26616
==================================================


==================================================
TEST RESULTS
==================================================
Total Loss: 2.409849
  - ZINB NLL: 2.287068
Total number of masked values: 5509457
  - Number of values with pi >= 0.48290606464549146: 0
  - Number of values with pi < 0.48290606464549146: 5509457
  - Masked Reconstruction: 2.777902
Mean Absolute Error (MAE): 2.375894
R² Score: -0.054924
==================================================


>>> Optimizing masked_loss on VALIDATION set: 2.777902
>>> Full validation metrics: {'total_loss': 2.4098492426165667, 'zinb_nll': 2.287067844948684, 'mae': 2.375894069671631, 'r2': -0.05492448806762695, 'masked_loss': 2.777902152397126}

Iteration No: 16 ended. Evaluation done at random point.
Time taken: 765.8148
Function value obtained: 2.7779
Current minimum: 2.4777
Iteration No: 17 started. Evaluating function at random point.

================================================================================
Trial with parameters:
  features: Centr_Nucl
  step_size: 0.9771526503356194
  bin_size: 15
  sample_fraction: 0.28080063757590684
  moving_average: False
  first_layer_size_factor: 46
  num_layers: 3
  use_conv: True
  conv_channel: 37
  pool_size: 2
  kernel_size: 5
  epochs: 113
  batch_size: 32
  pi_threshold: 0.6660854910505922
  learning_rate: 0.00021235216307804848
  dropout_rate: 0.11989367957870165
  masked_recon_weight: 0.0023740680334014054
  regularizer: l1
  regularization_weight: 34.85764008520797
================================================================================

len(layers): 3
Creating datasets with:
  features: ['Centr', 'Nucl']
  bin_size: 15
  moving_average: False
  data_point_length: 2000 (from 2000)
  step_size: 1954 (from fraction 0.9771526503356194)
  layers: [np.int64(736), np.int64(368), np.int64(184)] (first=736, num=3)
  stride: 1 (fixed), padding: same (fixed)
  Using pre-determined chromosome split


Clipping outliers using 95th percentile * 1.5...
strain_yTW001: Clipping values above 134.25 (P95=89.50). Clipped 27529/1193409 values (2.31%)
strain_FD: Clipping values above 71.92 (P95=47.94). Clipped 95791/4127807 values (2.32%)
strain_dnrp: Clipping values above 243.00 (P95=162.00). Clipped 25649/1119454 values (2.29%)
strain_yEK19: Clipping values above 77.10 (P95=51.40). Clipped 83713/3893623 values (2.15%)
strain_yEK23: Clipping values above 72.00 (P95=48.00). Clipped 86381/3558407 values (2.43%)
strain_yWT03a: Clipping values above 15.00 (P95=10.00). Clipped 10602/347679 values (3.05%)
strain_yWT04a: Clipping values above 58.50 (P95=39.00). Clipped 21095/725406 values (2.91%)
strain_ylic137: Clipping values above 142.50 (P95=95.00). Clipped 28746/1112684 values (2.58%)

Splitting data using pre-determined chromosomes...
Standardizing features: ['Centr', 'Nucl']
Column order in final array (Dataset/Chrom split): ['Value', 'Nucleosome_Distance', 'Centromere_Distance', 'Value_Raw', 'Size_Factor']
Removing 0 empty data points out of 1928
Column order in final array (Dataset/Chrom split): ['Value', 'Nucleosome_Distance', 'Centromere_Distance', 'Value_Raw', 'Size_Factor']
Removing 0 empty data points out of 680
Column order in final array (Dataset/Chrom split): ['Value', 'Nucleosome_Distance', 'Centromere_Distance', 'Value_Raw', 'Size_Factor']
Removing 0 empty data points out of 744
Datasets created with shapes:
  Train: (1928, 2000, 5)
  Val: (680, 2000, 5)
  Test: (744, 2000, 5)
Datasets created:
  Train: (1928, 2000, 5), Val: (680, 2000, 5), Test: (744, 2000, 5)

Randomly sampled 541/1928 samples (28.1%)
Applied denoising with 15.0% masking
Applied denoising with 15.0% masking
Number of encoder layers: 3
Number of decoder layers (excluding heads): 3
Total number of layers including latent layer: 7
Epoch [1/113], Total Loss: 2179756.7359, NLL: 2.9027, Masked: 30.0803, Reg: 2179753.816965
Epoch [2/113], Total Loss: 902582.5416, NLL: 2.9020, Masked: 30.0622, Reg: 902579.591306
Epoch [3/113], Total Loss: 656924.1039, NLL: 2.9016, Masked: 29.9929, Reg: 656921.138312
Epoch [4/113], Total Loss: 540049.7328, NLL: 2.9013, Masked: 30.0480, Reg: 540046.771729
Epoch [5/113], Total Loss: 465583.9925, NLL: 2.9009, Masked: 30.0630, Reg: 465581.028535
Epoch [6/113], Total Loss: 407874.6638, NLL: 2.9005, Masked: 30.0322, Reg: 407871.698320
Epoch [7/113], Total Loss: 358316.6360, NLL: 2.9001, Masked: 30.0584, Reg: 358313.677397
Epoch [8/113], Total Loss: 316485.5810, NLL: 2.8998, Masked: 30.0007, Reg: 316482.614784
Epoch [9/113], Total Loss: 281150.7288, NLL: 2.8994, Masked: 30.0495, Reg: 281147.759761
Epoch [10/113], Total Loss: 253128.7606, NLL: 2.8991, Masked: 29.9843, Reg: 253125.796058
Epoch [11/113], Total Loss: 231707.3846, NLL: 2.8987, Masked: 30.0474, Reg: 231704.418437
Epoch [12/113], Total Loss: 214371.5691, NLL: 2.8984, Masked: 30.0135, Reg: 214368.603058
Epoch [13/113], Total Loss: 201314.3599, NLL: 2.8980, Masked: 30.0902, Reg: 201311.395469
Epoch [14/113], Total Loss: 191420.6379, NLL: 2.8976, Masked: 30.0520, Reg: 191417.676464
Epoch [15/113], Total Loss: 185213.8308, NLL: 2.8973, Masked: 30.0587, Reg: 185210.866430
Epoch [16/113], Total Loss: 180717.6963, NLL: 2.8969, Masked: 30.0692, Reg: 180714.734767
Epoch [17/113], Total Loss: 177000.0393, NLL: 2.8966, Masked: 29.9903, Reg: 176997.075624
Epoch [18/113], Total Loss: 173997.5866, NLL: 2.8962, Masked: 30.0848, Reg: 173994.622947
Epoch [19/113], Total Loss: 171611.9762, NLL: 2.8959, Masked: 30.0908, Reg: 171609.010763
Epoch [20/113], Total Loss: 169864.2031, NLL: 2.8955, Masked: 30.0913, Reg: 169861.237915
Epoch [21/113], Total Loss: 168727.4928, NLL: 2.8952, Masked: 30.0369, Reg: 168724.528619
Epoch [22/113], Total Loss: 167595.7013, NLL: 2.8948, Masked: 30.0186, Reg: 167592.738357
Epoch [23/113], Total Loss: 166813.6708, NLL: 2.8945, Masked: 30.0562, Reg: 166810.708337
Epoch [24/113], Total Loss: 166236.5546, NLL: 2.8941, Masked: 30.0881, Reg: 166233.591915
Epoch [25/113], Total Loss: 165371.7110, NLL: 2.8937, Masked: 29.9826, Reg: 165368.747911
Epoch [26/113], Total Loss: 164905.1926, NLL: 2.8934, Masked: 30.1013, Reg: 164902.230929
Epoch [27/113], Total Loss: 164398.2553, NLL: 2.8930, Masked: 30.1093, Reg: 164395.295848
Epoch [28/113], Total Loss: 163939.5668, NLL: 2.8927, Masked: 30.0482, Reg: 163936.605827
Epoch [29/113], Total Loss: 163459.3801, NLL: 2.8923, Masked: 29.9974, Reg: 163456.420416
Epoch [30/113], Total Loss: 163244.3586, NLL: 2.8920, Masked: 30.1001, Reg: 163241.397527
Epoch [31/113], Total Loss: 162979.9966, NLL: 2.8916, Masked: 30.0797, Reg: 162977.037855
Epoch [32/113], Total Loss: 162643.0739, NLL: 2.8913, Masked: 30.0359, Reg: 162640.115222
Epoch [33/113], Total Loss: 162382.7447, NLL: 2.8910, Masked: 30.1291, Reg: 162379.784807
Epoch [34/113], Total Loss: 162141.2097, NLL: 2.8906, Masked: 29.9853, Reg: 162138.248362
Epoch [35/113], Total Loss: 161690.4901, NLL: 2.8903, Masked: 30.1236, Reg: 161687.532886
Epoch [36/113], Total Loss: 161442.7504, NLL: 2.8899, Masked: 30.0392, Reg: 161439.794339
Epoch [37/113], Total Loss: 161159.4167, NLL: 2.8896, Masked: 30.0180, Reg: 161156.460426
Epoch [38/113], Total Loss: 161014.0288, NLL: 2.8892, Masked: 30.0212, Reg: 161011.072624
Epoch [39/113], Total Loss: 160609.3911, NLL: 2.8889, Masked: 30.0424, Reg: 160606.435433
Epoch [40/113], Total Loss: 160444.3001, NLL: 2.8886, Masked: 30.0211, Reg: 160441.343498
Epoch [41/113], Total Loss: 159979.0242, NLL: 2.8882, Masked: 30.1119, Reg: 159976.065727
Epoch [42/113], Total Loss: 159832.1105, NLL: 2.8879, Masked: 30.0032, Reg: 159829.151978
Epoch [43/113], Total Loss: 159366.5591, NLL: 2.8875, Masked: 30.0727, Reg: 159363.604084
Epoch [44/113], Total Loss: 159294.6907, NLL: 2.8872, Masked: 30.0958, Reg: 159291.737006
Epoch [45/113], Total Loss: 159067.1289, NLL: 2.8869, Masked: 30.0724, Reg: 159064.175858
Epoch [46/113], Total Loss: 158440.0632, NLL: 2.8865, Masked: 30.0013, Reg: 158437.110676
Epoch [47/113], Total Loss: 158627.0365, NLL: 2.8862, Masked: 30.0403, Reg: 158624.081289
Epoch [48/113], Total Loss: 158026.3909, NLL: 2.8858, Masked: 30.0827, Reg: 158023.437892
Epoch [49/113], Total Loss: 157789.0784, NLL: 2.8855, Masked: 30.0134, Reg: 157786.123653
Epoch [50/113], Total Loss: 157548.1925, NLL: 2.8852, Masked: 30.0515, Reg: 157545.237285
Epoch [51/113], Total Loss: 157256.8798, NLL: 2.8848, Masked: 30.0890, Reg: 157253.926499
Epoch [52/113], Total Loss: 157149.5354, NLL: 2.8845, Masked: 30.0510, Reg: 157146.584361
Epoch [53/113], Total Loss: 156640.7690, NLL: 2.8842, Masked: 29.9809, Reg: 156637.816590
Epoch [54/113], Total Loss: 156447.7080, NLL: 2.8838, Masked: 30.0512, Reg: 156444.757544
Epoch [55/113], Total Loss: 156310.3785, NLL: 2.8835, Masked: 30.0739, Reg: 156307.426871
Epoch [56/113], Total Loss: 155763.4294, NLL: 2.8832, Masked: 30.0350, Reg: 155760.477210
Epoch [57/113], Total Loss: 155853.6809, NLL: 2.8829, Masked: 30.0281, Reg: 155850.729613
Epoch [58/113], Total Loss: 155290.7285, NLL: 2.8825, Masked: 30.0700, Reg: 155287.776529
Epoch [59/113], Total Loss: 155144.9140, NLL: 2.8822, Masked: 30.0223, Reg: 155141.962054
Epoch [60/113], Total Loss: 154958.1695, NLL: 2.8819, Masked: 30.0375, Reg: 154955.221924
Epoch [61/113], Total Loss: 154507.5398, NLL: 2.8816, Masked: 30.1082, Reg: 154504.592650
Epoch [62/113], Total Loss: 154463.4453, NLL: 2.8812, Masked: 30.0053, Reg: 154460.495958
Epoch [63/113], Total Loss: 153976.8501, NLL: 2.8809, Masked: 30.0690, Reg: 153973.900898
Epoch [64/113], Total Loss: 153890.6636, NLL: 2.8806, Masked: 30.0299, Reg: 153887.712957
Epoch [65/113], Total Loss: 153698.1375, NLL: 2.8803, Masked: 30.0016, Reg: 153695.190664
Epoch [66/113], Total Loss: 153157.6041, NLL: 2.8799, Masked: 30.0471, Reg: 153154.655749
Epoch [67/113], Total Loss: 153134.2645, NLL: 2.8796, Masked: 30.0541, Reg: 153131.314770
Epoch [68/113], Total Loss: 152819.4378, NLL: 2.8793, Masked: 30.0810, Reg: 152816.491418
Epoch [69/113], Total Loss: 152473.1969, NLL: 2.8790, Masked: 30.0344, Reg: 152470.251648
Epoch [70/113], Total Loss: 152384.6726, NLL: 2.8787, Masked: 30.0049, Reg: 152381.725346
Epoch [71/113], Total Loss: 151897.4101, NLL: 2.8783, Masked: 30.0489, Reg: 151894.462780
Epoch [72/113], Total Loss: 152019.3982, NLL: 2.8780, Masked: 30.0566, Reg: 152016.450080
Epoch [73/113], Total Loss: 151372.2622, NLL: 2.8777, Masked: 30.0663, Reg: 151369.316259
Epoch [74/113], Total Loss: 151297.0773, NLL: 2.8774, Masked: 30.0265, Reg: 151294.128706
Epoch [75/113], Total Loss: 151146.9188, NLL: 2.8771, Masked: 30.0880, Reg: 151143.973134
Epoch [76/113], Total Loss: 150652.0731, NLL: 2.8768, Masked: 30.0309, Reg: 150649.127240
Epoch [77/113], Total Loss: 150553.5099, NLL: 2.8765, Masked: 30.0449, Reg: 150550.563818
Epoch [78/113], Total Loss: 150300.8616, NLL: 2.8761, Masked: 30.0875, Reg: 150297.917533
Epoch [79/113], Total Loss: 150042.5372, NLL: 2.8758, Masked: 30.0390, Reg: 150039.591647
Epoch [80/113], Total Loss: 149808.6090, NLL: 2.8755, Masked: 29.9865, Reg: 149805.665682
Epoch [81/113], Total Loss: 149524.8847, NLL: 2.8752, Masked: 30.0624, Reg: 149521.940207
Epoch [82/113], Total Loss: 149334.4310, NLL: 2.8749, Masked: 30.0183, Reg: 149331.486089
Epoch [83/113], Total Loss: 148895.3239, NLL: 2.8746, Masked: 30.1033, Reg: 148892.379706
Epoch [84/113], Total Loss: 148699.9052, NLL: 2.8743, Masked: 30.0084, Reg: 148696.961817
Epoch [85/113], Total Loss: 148659.1170, NLL: 2.8740, Masked: 30.0308, Reg: 148656.177640
Epoch [86/113], Total Loss: 148205.8336, NLL: 2.8737, Masked: 30.1015, Reg: 148202.891433
Epoch [87/113], Total Loss: 148088.4216, NLL: 2.8734, Masked: 30.0607, Reg: 148085.479425
Epoch [88/113], Total Loss: 147796.5474, NLL: 2.8731, Masked: 30.0793, Reg: 147793.606968
Epoch [89/113], Total Loss: 147429.6634, NLL: 2.8728, Masked: 30.0654, Reg: 147426.721881
Epoch [90/113], Total Loss: 147203.2021, NLL: 2.8725, Masked: 30.0620, Reg: 147200.259284
Epoch [91/113], Total Loss: 147035.0704, NLL: 2.8722, Masked: 30.1037, Reg: 147032.131280
Epoch [92/113], Total Loss: 146784.0590, NLL: 2.8719, Masked: 30.0672, Reg: 146781.121778
Epoch [93/113], Total Loss: 146509.3550, NLL: 2.8716, Masked: 30.1009, Reg: 146506.413618
Epoch [94/113], Total Loss: 146249.0831, NLL: 2.8713, Masked: 30.0843, Reg: 146246.142318
Epoch [95/113], Total Loss: 146074.9722, NLL: 2.8710, Masked: 30.0492, Reg: 146072.032595
Epoch [96/113], Total Loss: 145675.8081, NLL: 2.8707, Masked: 30.0227, Reg: 145672.868433
Epoch [97/113], Total Loss: 145512.0499, NLL: 2.8704, Masked: 30.0228, Reg: 145509.113521
Epoch [98/113], Total Loss: 145222.4769, NLL: 2.8701, Masked: 30.0406, Reg: 145219.539250
Epoch [99/113], Total Loss: 144981.9565, NLL: 2.8699, Masked: 30.0572, Reg: 144979.016694
Epoch [100/113], Total Loss: 144915.8382, NLL: 2.8696, Masked: 30.0535, Reg: 144912.901387
Epoch [101/113], Total Loss: 144345.9368, NLL: 2.8693, Masked: 30.0688, Reg: 144342.997150
Epoch [102/113], Total Loss: 144261.4270, NLL: 2.8690, Masked: 30.0550, Reg: 144258.487615
Epoch [103/113], Total Loss: 143938.8037, NLL: 2.8687, Masked: 30.0972, Reg: 143935.865333
Epoch [104/113], Total Loss: 143811.0727, NLL: 2.8684, Masked: 29.9750, Reg: 143808.133435
Epoch [105/113], Total Loss: 143497.6454, NLL: 2.8681, Masked: 30.0298, Reg: 143494.709557
Epoch [106/113], Total Loss: 143244.1038, NLL: 2.8678, Masked: 30.0810, Reg: 143241.166290
Epoch [107/113], Total Loss: 142971.9636, NLL: 2.8676, Masked: 30.0877, Reg: 142969.028044
Epoch [108/113], Total Loss: 142669.8463, NLL: 2.8673, Masked: 29.9998, Reg: 142666.911864
Epoch [109/113], Total Loss: 142484.4649, NLL: 2.8670, Masked: 30.0779, Reg: 142481.531787
Epoch [110/113], Total Loss: 142202.3594, NLL: 2.8667, Masked: 30.0290, Reg: 142199.426940
Epoch [111/113], Total Loss: 141991.4625, NLL: 2.8664, Masked: 30.0316, Reg: 141988.529106
Epoch [112/113], Total Loss: 141817.2520, NLL: 2.8662, Masked: 30.0705, Reg: 141814.317356
Epoch [113/113], Total Loss: 141407.5760, NLL: 2.8659, Masked: 30.0075, Reg: 141404.640338

==================================================
EVALUATING ON TRAINING DATA
==================================================

==================================================
TEST RESULTS
==================================================
Total Loss: 140760.515538
  - ZINB NLL: 2.865739
Total number of masked values: 105598
  - Number of values with pi >= 0.6660854910505922: 0
  - Number of values with pi < 0.6660854910505922: 105598
  - Masked Reconstruction: 30.044707
  - Regularization: 140757.576061
Mean Absolute Error (MAE): 26.844681
R² Score: -35.910343
==================================================


==================================================
EVALUATING ON VALIDATION DATA
Dataset size: 680
==================================================


==================================================
TEST RESULTS
==================================================
Total Loss: 140760.449449
  - ZINB NLL: 2.809788
Total number of masked values: 130184
  - Number of values with pi >= 0.6660854910505922: 0
  - Number of values with pi < 0.6660854910505922: 130184
  - Masked Reconstruction: 26.042747
  - Regularization: 140757.576061
Mean Absolute Error (MAE): 26.311111
R² Score: -28.725391
==================================================


>>> Optimizing masked_loss on VALIDATION set: 26.042747
>>> Full validation metrics: {'total_loss': 140760.4494485294, 'zinb_nll': 2.8097884991589717, 'mae': 26.311111450195312, 'r2': -28.725391387939453, 'masked_loss': 26.04274725633509, 'reg_loss': 140757.5760613902}

Iteration No: 17 ended. Evaluation done at random point.
Time taken: 100.0927
Function value obtained: 26.0427
Current minimum: 2.4777
Iteration No: 18 started. Evaluating function at random point.

================================================================================
Trial with parameters:
  features: Centr
  step_size: 0.6375221930699251
  bin_size: 13
  sample_fraction: 0.5767546740084184
  moving_average: True
  first_layer_size_factor: 9
  num_layers: 3
  use_conv: True
  conv_channel: 29
  pool_size: 4
  kernel_size: 3
  epochs: 41
  batch_size: 32
  pi_threshold: 0.6918042114486035
  learning_rate: 3.357305095994098e-05
  dropout_rate: 0.00858055091587512
  masked_recon_weight: 1.1309872057560046
  regularizer: none
  regularization_weight: 0.0026554018141470353
================================================================================

len(layers): 3
Creating datasets with:
  features: ['Centr']
  bin_size: 13
  moving_average: True
  data_point_length: 2000 (from 2000)
  step_size: 1275 (from fraction 0.6375221930699251)
  layers: [np.int64(144), np.int64(72), np.int64(36)] (first=144, num=3)
  stride: 1 (fixed), padding: same (fixed)
  Using pre-determined chromosome split


Clipping outliers using 95th percentile * 1.5...
strain_yTW001: Clipping values above 134.25 (P95=89.50). Clipped 27529/1193409 values (2.31%)
strain_FD: Clipping values above 71.92 (P95=47.94). Clipped 95791/4127807 values (2.32%)
strain_dnrp: Clipping values above 243.00 (P95=162.00). Clipped 25649/1119454 values (2.29%)
strain_yEK19: Clipping values above 77.10 (P95=51.40). Clipped 83713/3893623 values (2.15%)
strain_yEK23: Clipping values above 72.00 (P95=48.00). Clipped 86381/3558407 values (2.43%)
strain_yWT03a: Clipping values above 15.00 (P95=10.00). Clipped 10602/347679 values (3.05%)
strain_yWT04a: Clipping values above 58.50 (P95=39.00). Clipped 21095/725406 values (2.91%)
strain_ylic137: Clipping values above 142.50 (P95=95.00). Clipped 28746/1112684 values (2.58%)

Splitting data using pre-determined chromosomes...
Standardizing features: ['Centr']
Column order in final array (Dataset/Chrom split): ['Value', 'Centromere_Distance', 'Value_Raw', 'Size_Factor']
Removing 0 empty data points out of 43512
Column order in final array (Dataset/Chrom split): ['Value', 'Centromere_Distance', 'Value_Raw', 'Size_Factor']
Removing 0 empty data points out of 15296
Column order in final array (Dataset/Chrom split): ['Value', 'Centromere_Distance', 'Value_Raw', 'Size_Factor']
Removing 0 empty data points out of 16928
Datasets created with shapes:
  Train: (43512, 2000, 4)
  Val: (15296, 2000, 4)
  Test: (16928, 2000, 4)
Datasets created:
  Train: (43512, 2000, 4), Val: (15296, 2000, 4), Test: (16928, 2000, 4)

Randomly sampled 25095/43512 samples (57.7%)
Applied denoising with 15.0% masking
Applied denoising with 15.0% masking
Number of encoder layers: 3
Number of decoder layers (excluding heads): 3
Total number of layers including latent layer: 7
Epoch [1/41], Total Loss: 12.3713, NLL: 2.1649, Masked: 9.0244
Epoch [2/41], Total Loss: 5.4801, NLL: 1.8857, Masked: 3.1781
Epoch [3/41], Total Loss: 5.3714, NLL: 1.8330, Masked: 3.1287
Epoch [4/41], Total Loss: 5.3029, NLL: 1.8037, Masked: 3.0940
Epoch [5/41], Total Loss: 5.2809, NLL: 1.7958, Masked: 3.0815
Epoch [6/41], Total Loss: 5.2536, NLL: 1.7892, Masked: 3.0632
Epoch [7/41], Total Loss: 5.2417, NLL: 1.7836, Masked: 3.0576
Epoch [8/41], Total Loss: 5.2330, NLL: 1.7798, Masked: 3.0533
Epoch [9/41], Total Loss: 5.2257, NLL: 1.7768, Masked: 3.0495
Epoch [10/41], Total Loss: 5.2209, NLL: 1.7750, Masked: 3.0468
Epoch [11/41], Total Loss: 5.2189, NLL: 1.7738, Masked: 3.0461
Epoch [12/41], Total Loss: 5.2135, NLL: 1.7727, Masked: 3.0423
Epoch [13/41], Total Loss: 5.2151, NLL: 1.7718, Masked: 3.0446
Epoch [14/41], Total Loss: 5.2130, NLL: 1.7714, Masked: 3.0430
Epoch [15/41], Total Loss: 5.2123, NLL: 1.7707, Masked: 3.0430
Epoch [16/41], Total Loss: 5.2107, NLL: 1.7703, Masked: 3.0419
Epoch [17/41], Total Loss: 5.2112, NLL: 1.7698, Masked: 3.0428
Epoch [18/41], Total Loss: 5.2094, NLL: 1.7698, Masked: 3.0412
Epoch [19/41], Total Loss: 5.2084, NLL: 1.7692, Masked: 3.0409
Epoch [20/41], Total Loss: 5.2081, NLL: 1.7689, Masked: 3.0409
Epoch [21/41], Total Loss: 5.2047, NLL: 1.7686, Masked: 3.0382
Epoch [22/41], Total Loss: 5.2082, NLL: 1.7689, Masked: 3.0410
Epoch [23/41], Total Loss: 5.2039, NLL: 1.7686, Masked: 3.0374
Epoch [24/41], Total Loss: 5.2034, NLL: 1.7683, Masked: 3.0372
Epoch [25/41], Total Loss: 5.2041, NLL: 1.7683, Masked: 3.0379
Epoch [26/41], Total Loss: 5.2037, NLL: 1.7679, Masked: 3.0379
Epoch [27/41], Total Loss: 5.2016, NLL: 1.7678, Masked: 3.0361
Epoch [28/41], Total Loss: 5.2036, NLL: 1.7675, Masked: 3.0382
Epoch [29/41], Total Loss: 5.2004, NLL: 1.7673, Masked: 3.0356
Epoch [30/41], Total Loss: 5.1962, NLL: 1.7667, Masked: 3.0323
Epoch [31/41], Total Loss: 5.1972, NLL: 1.7659, Masked: 3.0339
Epoch [32/41], Total Loss: 5.1924, NLL: 1.7636, Masked: 3.0316
Epoch [33/41], Total Loss: 5.1764, NLL: 1.7586, Masked: 3.0219
Epoch [34/41], Total Loss: 5.1519, NLL: 1.7491, Masked: 3.0087
Epoch [35/41], Total Loss: 5.1324, NLL: 1.7410, Masked: 2.9987
Epoch [36/41], Total Loss: 5.1170, NLL: 1.7367, Masked: 2.9888
Epoch [37/41], Total Loss: 5.1083, NLL: 1.7339, Masked: 2.9836
Epoch [38/41], Total Loss: 5.1021, NLL: 1.7318, Masked: 2.9799
Epoch [39/41], Total Loss: 5.0980, NLL: 1.7304, Masked: 2.9776
Epoch [40/41], Total Loss: 5.0925, NLL: 1.7293, Masked: 2.9737
Epoch [41/41], Total Loss: 5.0848, NLL: 1.7283, Masked: 2.9678

==================================================
EVALUATING ON TRAINING DATA
==================================================

==================================================
TEST RESULTS
==================================================
Total Loss: 5.070919
  - ZINB NLL: 1.723690
Total number of masked values: 4589283
  - Number of values with pi >= 0.6918042114486035: 0
  - Number of values with pi < 0.6918042114486035: 4589283
  - Masked Reconstruction: 2.959564
Mean Absolute Error (MAE): 2.300361
R² Score: 0.202609
==================================================


==================================================
EVALUATING ON VALIDATION DATA
Dataset size: 15296
==================================================


==================================================
TEST RESULTS
==================================================
Total Loss: 4.996149
  - ZINB NLL: 1.736341
Total number of masked values: 2797275
  - Number of values with pi >= 0.6918042114486035: 0
  - Number of values with pi < 0.6918042114486035: 2797275
  - Masked Reconstruction: 2.882268
Mean Absolute Error (MAE): 2.367429
R² Score: 0.205059
==================================================


>>> Optimizing masked_loss on VALIDATION set: 2.882268
>>> Full validation metrics: {'total_loss': 4.996149044655357, 'zinb_nll': 1.7363412960054485, 'mae': 2.3674285411834717, 'r2': 0.20505917072296143, 'masked_loss': 2.882267665289436}

Iteration No: 18 ended. Evaluation done at random point.
Time taken: 618.5491
Function value obtained: 2.8823
Current minimum: 2.4777
Iteration No: 19 started. Evaluating function at random point.

================================================================================
Trial with parameters:
  features: Centr
  step_size: 0.7373302619820726
  bin_size: 2
  sample_fraction: 0.9618592986935396
  moving_average: True
  first_layer_size_factor: 29
  num_layers: 1
  use_conv: False
  conv_channel: 72
  pool_size: 5
  kernel_size: 7
  epochs: 104
  batch_size: 128
  pi_threshold: 0.677700638850067
  learning_rate: 0.00399573613052625
  dropout_rate: 0.3182017987230057
  masked_recon_weight: 1.59881118825287
  regularizer: none
  regularization_weight: 0.10317376801000101
================================================================================

len(layers): 1
Creating datasets with:
  features: ['Centr']
  bin_size: 2
  moving_average: True
  data_point_length: 2000 (from 2000)
  step_size: 1474 (from fraction 0.7373302619820726)
  layers: [np.int64(464)] (first=464, num=1)
  stride: 1 (fixed), padding: same (fixed)
  Using pre-determined chromosome split


Clipping outliers using 95th percentile * 1.5...
strain_yTW001: Clipping values above 134.25 (P95=89.50). Clipped 27529/1193409 values (2.31%)
strain_FD: Clipping values above 71.92 (P95=47.94). Clipped 95791/4127807 values (2.32%)
strain_dnrp: Clipping values above 243.00 (P95=162.00). Clipped 25649/1119454 values (2.29%)
strain_yEK19: Clipping values above 77.10 (P95=51.40). Clipped 83713/3893623 values (2.15%)
strain_yEK23: Clipping values above 72.00 (P95=48.00). Clipped 86381/3558407 values (2.43%)
strain_yWT03a: Clipping values above 15.00 (P95=10.00). Clipped 10602/347679 values (3.05%)
strain_yWT04a: Clipping values above 58.50 (P95=39.00). Clipped 21095/725406 values (2.91%)
strain_ylic137: Clipping values above 142.50 (P95=95.00). Clipped 28746/1112684 values (2.58%)

Splitting data using pre-determined chromosomes...
Standardizing features: ['Centr']
Column order in final array (Dataset/Chrom split): ['Value', 'Centromere_Distance', 'Value_Raw', 'Size_Factor']
Removing 0 empty data points out of 37640
Column order in final array (Dataset/Chrom split): ['Value', 'Centromere_Distance', 'Value_Raw', 'Size_Factor']
Removing 0 empty data points out of 13240
Column order in final array (Dataset/Chrom split): ['Value', 'Centromere_Distance', 'Value_Raw', 'Size_Factor']
Removing 0 empty data points out of 14656
Datasets created with shapes:
  Train: (37640, 2000, 4)
  Val: (13240, 2000, 4)
  Test: (14656, 2000, 4)
Datasets created:
  Train: (37640, 2000, 4), Val: (13240, 2000, 4), Test: (14656, 2000, 4)

Randomly sampled 36204/37640 samples (96.2%)
Applied denoising with 15.0% masking
Applied denoising with 15.0% masking
Number of encoder layers: 1
Number of decoder layers (excluding heads): 1
Total number of layers including latent layer: 3
Epoch [1/104], Total Loss: 86283.2063, NLL: 2.2352, Masked: 53965.7053
Epoch [2/104], Total Loss: 14.3336, NLL: 2.2181, Masked: 7.5778
Epoch [3/104], Total Loss: 14.3328, NLL: 2.2183, Masked: 7.5772
Epoch [4/104], Total Loss: 14.3332, NLL: 2.2206, Masked: 7.5760
Epoch [5/104], Total Loss: 302.5600, NLL: 2.2218, Masked: 187.8510
Epoch [6/104], Total Loss: 11892.8700, NLL: 2.2220, Masked: 7437.1811
Epoch [7/104], Total Loss: 14.3428, NLL: 2.2218, Masked: 7.5812
Epoch [8/104], Total Loss: 14.3373, NLL: 2.2218, Masked: 7.5778
Epoch [9/104], Total Loss: 14.3339, NLL: 2.2218, Masked: 7.5757
Epoch [10/104], Total Loss: 14.3341, NLL: 2.2218, Masked: 7.5758
Epoch [11/104], Total Loss: 14.3333, NLL: 2.2218, Masked: 7.5753
Epoch [12/104], Total Loss: 293.8402, NLL: 2.2218, Masked: 182.3971
Epoch [13/104], Total Loss: 14.3353, NLL: 2.2218, Masked: 7.5766
Epoch [14/104], Total Loss: 14.3371, NLL: 2.2218, Masked: 7.5777
Epoch [15/104], Total Loss: 14.3383, NLL: 2.2218, Masked: 7.5784
Epoch [16/104], Total Loss: 14.3312, NLL: 2.2218, Masked: 7.5740
Epoch [17/104], Total Loss: 282.8613, NLL: 2.2218, Masked: 175.5301
Epoch [18/104], Total Loss: 14.3312, NLL: 2.2218, Masked: 7.5740
Epoch [19/104], Total Loss: 14.3363, NLL: 2.2218, Masked: 7.5772
Epoch [20/104], Total Loss: 14.3445, NLL: 2.2218, Masked: 7.5824
Epoch [21/104], Total Loss: 299.0908, NLL: 2.2218, Masked: 185.6811
Epoch [22/104], Total Loss: 14.3403, NLL: 2.2218, Masked: 7.5797
Epoch [23/104], Total Loss: 14.3417, NLL: 2.2218, Masked: 7.5806
Epoch [24/104], Total Loss: 14.3360, NLL: 2.2218, Masked: 7.5770
Epoch [25/104], Total Loss: 14.3429, NLL: 2.2218, Masked: 7.5813
Epoch [26/104], Total Loss: 14.3366, NLL: 2.2218, Masked: 7.5774
Epoch [27/104], Total Loss: 14.3368, NLL: 2.2218, Masked: 7.5775
Epoch [28/104], Total Loss: 14.3355, NLL: 2.2218, Masked: 7.5767
Epoch [29/104], Total Loss: 282.6501, NLL: 2.2222, Masked: 175.3978
Epoch [30/104], Total Loss: 14.3388, NLL: 2.2230, Masked: 7.5780
Epoch [31/104], Total Loss: 1995.5240, NLL: 2.2230, Masked: 1246.7395
Epoch [32/104], Total Loss: 14.3321, NLL: 2.2230, Masked: 7.5738
Epoch [33/104], Total Loss: 14.3356, NLL: 2.2230, Masked: 7.5760
Epoch [34/104], Total Loss: 1303.8067, NLL: 2.2223, Masked: 814.0952
Epoch [35/104], Total Loss: 377.4973, NLL: 2.2218, Masked: 234.7216
Epoch [36/104], Total Loss: 14.3374, NLL: 2.2218, Masked: 7.5779
Epoch [37/104], Total Loss: 579.3815, NLL: 2.2218, Masked: 360.9931
Epoch [38/104], Total Loss: 14.3306, NLL: 2.2218, Masked: 7.5736
Epoch [39/104], Total Loss: 14.3355, NLL: 2.2218, Masked: 7.5767
Epoch [40/104], Total Loss: 14.3381, NLL: 2.2218, Masked: 7.5783
Epoch [41/104], Total Loss: 14.3322, NLL: 2.2218, Masked: 7.5747
Epoch [42/104], Total Loss: 14.3370, NLL: 2.2218, Masked: 7.5777
Epoch [43/104], Total Loss: 14.3396, NLL: 2.2218, Masked: 7.5793
Epoch [44/104], Total Loss: 14.3351, NLL: 2.2218, Masked: 7.5764
Epoch [45/104], Total Loss: 14.3377, NLL: 2.2218, Masked: 7.5781
Epoch [46/104], Total Loss: 14.3368, NLL: 2.2218, Masked: 7.5775
Epoch [47/104], Total Loss: 14.3412, NLL: 2.2218, Masked: 7.5803
Epoch [48/104], Total Loss: 14.3345, NLL: 2.2218, Masked: 7.5761
Epoch [49/104], Total Loss: 14.3315, NLL: 2.2218, Masked: 7.5742
Epoch [50/104], Total Loss: 14.3366, NLL: 2.2218, Masked: 7.5774
Epoch [51/104], Total Loss: 14.3333, NLL: 2.2218, Masked: 7.5753
Epoch [52/104], Total Loss: 14.3382, NLL: 2.2218, Masked: 7.5784
Epoch [53/104], Total Loss: 14.3342, NLL: 2.2218, Masked: 7.5759
Epoch [54/104], Total Loss: 14.3356, NLL: 2.2218, Masked: 7.5767
Epoch [55/104], Total Loss: 14.3413, NLL: 2.2218, Masked: 7.5803
Epoch [56/104], Total Loss: 14.3339, NLL: 2.2218, Masked: 7.5757
Epoch [57/104], Total Loss: 14.3351, NLL: 2.2218, Masked: 7.5764
Epoch [58/104], Total Loss: 14.3372, NLL: 2.2218, Masked: 7.5778
Epoch [59/104], Total Loss: 14.3339, NLL: 2.2218, Masked: 7.5757
Epoch [60/104], Total Loss: 14.3313, NLL: 2.2218, Masked: 7.5741
Epoch [61/104], Total Loss: 14.3360, NLL: 2.2218, Masked: 7.5770
Epoch [62/104], Total Loss: 14.3345, NLL: 2.2218, Masked: 7.5761
Epoch [63/104], Total Loss: 14.3362, NLL: 2.2218, Masked: 7.5771
Epoch [64/104], Total Loss: 14.3354, NLL: 2.2218, Masked: 7.5766
Epoch [65/104], Total Loss: 14.3286, NLL: 2.2218, Masked: 7.5724
Epoch [66/104], Total Loss: 14.3393, NLL: 2.2218, Masked: 7.5790
Epoch [67/104], Total Loss: 14.3354, NLL: 2.2218, Masked: 7.5766
Epoch [68/104], Total Loss: 14.3400, NLL: 2.2218, Masked: 7.5795
Epoch [69/104], Total Loss: 14.3343, NLL: 2.2218, Masked: 7.5759
Epoch [70/104], Total Loss: 14.3384, NLL: 2.2218, Masked: 7.5785
Epoch [71/104], Total Loss: 14.3284, NLL: 2.2218, Masked: 7.5723
Epoch [72/104], Total Loss: 14.3319, NLL: 2.2218, Masked: 7.5745
Epoch [73/104], Total Loss: 14.3356, NLL: 2.2218, Masked: 7.5767
Epoch [74/104], Total Loss: 14.3404, NLL: 2.2218, Masked: 7.5798
Epoch [75/104], Total Loss: 14.3372, NLL: 2.2218, Masked: 7.5777
Epoch [76/104], Total Loss: 14.3392, NLL: 2.2218, Masked: 7.5790
Epoch [77/104], Total Loss: 14.3404, NLL: 2.2218, Masked: 7.5798
Epoch [78/104], Total Loss: 14.3330, NLL: 2.2218, Masked: 7.5752
Epoch [79/104], Total Loss: 14.3345, NLL: 2.2218, Masked: 7.5761
Epoch [80/104], Total Loss: 14.3428, NLL: 2.2218, Masked: 7.5813
Epoch [81/104], Total Loss: 14.3365, NLL: 2.2218, Masked: 7.5773
Epoch [82/104], Total Loss: 14.3381, NLL: 2.2218, Masked: 7.5783
Epoch [83/104], Total Loss: 14.3325, NLL: 2.2218, Masked: 7.5748
Epoch [84/104], Total Loss: 14.3350, NLL: 2.2218, Masked: 7.5764
Epoch [85/104], Total Loss: 14.3318, NLL: 2.2218, Masked: 7.5744
Epoch [86/104], Total Loss: 14.3304, NLL: 2.2218, Masked: 7.5735
Epoch [87/104], Total Loss: 14.3368, NLL: 2.2218, Masked: 7.5775
Epoch [88/104], Total Loss: 14.3330, NLL: 2.2218, Masked: 7.5751
Epoch [89/104], Total Loss: 14.3413, NLL: 2.2218, Masked: 7.5803
Epoch [90/104], Total Loss: 14.3402, NLL: 2.2218, Masked: 7.5797
Epoch [91/104], Total Loss: 14.3326, NLL: 2.2218, Masked: 7.5749
Epoch [92/104], Total Loss: 14.3371, NLL: 2.2218, Masked: 7.5777
Epoch [93/104], Total Loss: 14.3336, NLL: 2.2218, Masked: 7.5755
Epoch [94/104], Total Loss: 14.3373, NLL: 2.2218, Masked: 7.5778
Epoch [95/104], Total Loss: 14.3320, NLL: 2.2218, Masked: 7.5745
Epoch [96/104], Total Loss: 14.3389, NLL: 2.2218, Masked: 7.5788
Epoch [97/104], Total Loss: 14.3314, NLL: 2.2218, Masked: 7.5741
Epoch [98/104], Total Loss: 14.3359, NLL: 2.2218, Masked: 7.5769
Epoch [99/104], Total Loss: 14.3327, NLL: 2.2218, Masked: 7.5750
Epoch [100/104], Total Loss: 14.3363, NLL: 2.2218, Masked: 7.5772
Epoch [101/104], Total Loss: 14.3361, NLL: 2.2218, Masked: 7.5771
Epoch [102/104], Total Loss: 14.3327, NLL: 2.2218, Masked: 7.5749
Epoch [103/104], Total Loss: 14.3332, NLL: 2.2218, Masked: 7.5753
Epoch [104/104], Total Loss: 14.3334, NLL: 2.2218, Masked: 7.5754

==================================================
EVALUATING ON TRAINING DATA
==================================================

==================================================
TEST RESULTS
==================================================
Total Loss: 14.334613
  - ZINB NLL: 2.221790
Total number of masked values: 2851722
  - Number of values with pi >= 0.677700638850067: 4118
  - Number of values with pi < 0.677700638850067: 2847604
  - Masked Reconstruction: 7.576144
Mean Absolute Error (MAE): 2.735900
R² Score: -0.020920
==================================================


==================================================
EVALUATING ON VALIDATION DATA
Dataset size: 13240
==================================================


==================================================
TEST RESULTS
==================================================
Total Loss: 15.037378
  - ZINB NLL: 2.284329
Total number of masked values: 1049339
  - Number of values with pi >= 0.677700638850067: 1672
  - Number of values with pi < 0.677700638850067: 1047667
  - Masked Reconstruction: 7.976582
Mean Absolute Error (MAE): 2.822581
R² Score: -0.021695
==================================================


>>> Optimizing masked_loss on VALIDATION set: 7.976582
>>> Full validation metrics: {'total_loss': 15.037377504423667, 'zinb_nll': 2.2843294571533663, 'mae': 2.822580575942993, 'r2': -0.021694660186767578, 'masked_loss': 7.976581867944078}

Iteration No: 19 ended. Evaluation done at random point.
Time taken: 623.9420
Function value obtained: 7.9766
Current minimum: 2.4777
Iteration No: 20 started. Evaluating function at random point.

================================================================================
Trial with parameters:
  features: Centr_Nucl
  step_size: 0.8584031325520024
  bin_size: 17
  sample_fraction: 0.7194547525761796
  moving_average: True
  first_layer_size_factor: 67
  num_layers: 2
  use_conv: True
  conv_channel: 40
  pool_size: 4
  kernel_size: 3
  epochs: 104
  batch_size: 64
  pi_threshold: 0.5622890541522969
  learning_rate: 0.00014328141535811573
  dropout_rate: 0.3408068344863949
  masked_recon_weight: 0.023040838394677018
  regularizer: l1
  regularization_weight: 0.029666217745366992
================================================================================

len(layers): 2
Creating datasets with:
  features: ['Centr', 'Nucl']
  bin_size: 17
  moving_average: True
  data_point_length: 2000 (from 2000)
  step_size: 1716 (from fraction 0.8584031325520024)
  layers: [np.int64(1072), np.int64(536)] (first=1072, num=2)
  stride: 1 (fixed), padding: same (fixed)
  Using pre-determined chromosome split


Clipping outliers using 95th percentile * 1.5...
strain_yTW001: Clipping values above 134.25 (P95=89.50). Clipped 27529/1193409 values (2.31%)
strain_FD: Clipping values above 71.92 (P95=47.94). Clipped 95791/4127807 values (2.32%)
strain_dnrp: Clipping values above 243.00 (P95=162.00). Clipped 25649/1119454 values (2.29%)
strain_yEK19: Clipping values above 77.10 (P95=51.40). Clipped 83713/3893623 values (2.15%)
strain_yEK23: Clipping values above 72.00 (P95=48.00). Clipped 86381/3558407 values (2.43%)
strain_yWT03a: Clipping values above 15.00 (P95=10.00). Clipped 10602/347679 values (3.05%)
strain_yWT04a: Clipping values above 58.50 (P95=39.00). Clipped 21095/725406 values (2.91%)
strain_ylic137: Clipping values above 142.50 (P95=95.00). Clipped 28746/1112684 values (2.58%)

Splitting data using pre-determined chromosomes...
Standardizing features: ['Centr', 'Nucl']
Column order in final array (Dataset/Chrom split): ['Value', 'Nucleosome_Distance', 'Centromere_Distance', 'Value_Raw', 'Size_Factor']
Removing 0 empty data points out of 32360
Column order in final array (Dataset/Chrom split): ['Value', 'Nucleosome_Distance', 'Centromere_Distance', 'Value_Raw', 'Size_Factor']
Removing 0 empty data points out of 11368
Column order in final array (Dataset/Chrom split): ['Value', 'Nucleosome_Distance', 'Centromere_Distance', 'Value_Raw', 'Size_Factor']
Removing 0 empty data points out of 12584
Datasets created with shapes:
  Train: (32360, 2000, 5)
  Val: (11368, 2000, 5)
  Test: (12584, 2000, 5)
Datasets created:
  Train: (32360, 2000, 5), Val: (11368, 2000, 5), Test: (12584, 2000, 5)

Randomly sampled 23281/32360 samples (71.9%)
Applied denoising with 15.0% masking
Applied denoising with 15.0% masking
Number of encoder layers: 2
Number of decoder layers (excluding heads): 2
Total number of layers including latent layer: 5
Epoch [1/104], Total Loss: 494.5638, NLL: 2.8711, Masked: 29.5189, Reg: 491.012536
Epoch [2/104], Total Loss: 134.2751, NLL: 2.8666, Masked: 29.5145, Reg: 130.728449
Epoch [3/104], Total Loss: 130.5811, NLL: 2.8623, Masked: 29.5089, Reg: 127.038962
Epoch [4/104], Total Loss: 127.1743, NLL: 2.8581, Masked: 29.5149, Reg: 123.636173
Epoch [5/104], Total Loss: 123.8544, NLL: 2.8541, Masked: 29.5164, Reg: 120.320203
Epoch [6/104], Total Loss: 120.6335, NLL: 2.8503, Masked: 29.5213, Reg: 117.103065
Epoch [7/104], Total Loss: 117.5068, NLL: 2.8466, Masked: 29.5198, Reg: 113.980040
Epoch [8/104], Total Loss: 114.4087, NLL: 2.8431, Masked: 29.5092, Reg: 110.885695
Epoch [9/104], Total Loss: 111.3072, NLL: 2.8399, Masked: 29.5133, Reg: 107.787301
Epoch [10/104], Total Loss: 108.2116, NLL: 2.8369, Masked: 29.5130, Reg: 104.694691
Epoch [11/104], Total Loss: 105.1157, NLL: 2.8342, Masked: 29.5132, Reg: 101.601474
Epoch [12/104], Total Loss: 102.0161, NLL: 2.8317, Masked: 29.5142, Reg: 98.504388
Epoch [13/104], Total Loss: 98.9208, NLL: 2.8296, Masked: 29.5126, Reg: 95.411301
Epoch [14/104], Total Loss: 95.8250, NLL: 2.8277, Masked: 29.5149, Reg: 92.317300
Epoch [15/104], Total Loss: 92.7259, NLL: 2.8260, Masked: 29.5160, Reg: 89.219797
Epoch [16/104], Total Loss: 89.6344, NLL: 2.8248, Masked: 29.5159, Reg: 86.129530
Epoch [17/104], Total Loss: 86.5391, NLL: 2.8239, Masked: 29.5089, Reg: 83.035223
Epoch [18/104], Total Loss: 83.4416, NLL: 2.8234, Masked: 29.5211, Reg: 79.938084
Epoch [19/104], Total Loss: 80.3503, NLL: 2.8232, Masked: 29.5274, Reg: 76.846732
Epoch [20/104], Total Loss: 77.2568, NLL: 2.8235, Masked: 29.5129, Reg: 73.753287
Epoch [21/104], Total Loss: 74.1610, NLL: 2.8241, Masked: 29.5164, Reg: 70.656831
Epoch [22/104], Total Loss: 71.0705, NLL: 2.8251, Masked: 29.5133, Reg: 67.565374
Epoch [23/104], Total Loss: 67.9790, NLL: 2.8267, Masked: 29.5072, Reg: 64.472439
Epoch [24/104], Total Loss: 64.8859, NLL: 2.8286, Masked: 29.5145, Reg: 61.377194
Epoch [25/104], Total Loss: 61.7938, NLL: 2.8310, Masked: 29.5151, Reg: 58.282688
Epoch [26/104], Total Loss: 58.7065, NLL: 2.8339, Masked: 29.5195, Reg: 55.192398
Epoch [27/104], Total Loss: 55.6126, NLL: 2.8373, Masked: 29.5179, Reg: 52.095100
Epoch [28/104], Total Loss: 52.5264, NLL: 2.8413, Masked: 29.5139, Reg: 49.005104
Epoch [29/104], Total Loss: 49.4365, NLL: 2.8457, Masked: 29.5157, Reg: 45.910690
Epoch [30/104], Total Loss: 46.3473, NLL: 2.8506, Masked: 29.5165, Reg: 42.816601
Epoch [31/104], Total Loss: 43.2603, NLL: 2.8561, Masked: 29.5096, Reg: 39.724232
Epoch [32/104], Total Loss: 40.1727, NLL: 2.8622, Masked: 29.5127, Reg: 36.630518
Epoch [33/104], Total Loss: 37.0838, NLL: 2.8688, Masked: 29.5070, Reg: 33.535188
Epoch [34/104], Total Loss: 34.0012, NLL: 2.8760, Masked: 29.5171, Reg: 30.445150
Epoch [35/104], Total Loss: 30.9169, NLL: 2.8837, Masked: 29.5216, Reg: 27.352976
Epoch [36/104], Total Loss: 27.8275, NLL: 2.8921, Masked: 29.5142, Reg: 24.255414
Epoch [37/104], Total Loss: 24.7459, NLL: 2.9010, Masked: 29.5069, Reg: 21.165023
Epoch [38/104], Total Loss: 21.6649, NLL: 2.9105, Masked: 29.5096, Reg: 18.074471
Epoch [39/104], Total Loss: 19.2108, NLL: 2.9185, Masked: 29.5166, Reg: 15.612277
Epoch [40/104], Total Loss: 19.0120, NLL: 2.9191, Masked: 29.5160, Reg: 15.412777
Epoch [41/104], Total Loss: 19.0130, NLL: 2.9191, Masked: 29.5141, Reg: 15.413870
Epoch [42/104], Total Loss: 19.0112, NLL: 2.9191, Masked: 29.5058, Reg: 15.412275
Epoch [43/104], Total Loss: 19.0112, NLL: 2.9191, Masked: 29.5179, Reg: 15.411976
Epoch [44/104], Total Loss: 19.0135, NLL: 2.9191, Masked: 29.5247, Reg: 15.414086
Epoch [45/104], Total Loss: 19.0091, NLL: 2.9191, Masked: 29.5168, Reg: 15.409876
Epoch [46/104], Total Loss: 19.0117, NLL: 2.9191, Masked: 29.5157, Reg: 15.412509
Epoch [47/104], Total Loss: 19.0112, NLL: 2.9191, Masked: 29.5147, Reg: 15.412092
Epoch [48/104], Total Loss: 19.0092, NLL: 2.9191, Masked: 29.5161, Reg: 15.409989
Epoch [49/104], Total Loss: 19.0106, NLL: 2.9191, Masked: 29.5187, Reg: 15.411352
Epoch [50/104], Total Loss: 19.0098, NLL: 2.9191, Masked: 29.5060, Reg: 15.410857
Epoch [51/104], Total Loss: 19.0065, NLL: 2.9191, Masked: 29.5287, Reg: 15.406986
Epoch [52/104], Total Loss: 19.0106, NLL: 2.9191, Masked: 29.5178, Reg: 15.411369
Epoch [53/104], Total Loss: 19.0106, NLL: 2.9191, Masked: 29.5192, Reg: 15.411381
Epoch [54/104], Total Loss: 19.0072, NLL: 2.9191, Masked: 29.5166, Reg: 15.407962
Epoch [55/104], Total Loss: 19.0080, NLL: 2.9191, Masked: 29.5203, Reg: 15.408721
Epoch [56/104], Total Loss: 19.0092, NLL: 2.9191, Masked: 29.5152, Reg: 15.410082
Epoch [57/104], Total Loss: 19.0056, NLL: 2.9191, Masked: 29.5122, Reg: 15.406534
Epoch [58/104], Total Loss: 19.0075, NLL: 2.9191, Masked: 29.5159, Reg: 15.408342
Epoch [59/104], Total Loss: 19.0079, NLL: 2.9191, Masked: 29.5139, Reg: 15.408724
Epoch [60/104], Total Loss: 19.0048, NLL: 2.9191, Masked: 29.5101, Reg: 15.405754
Epoch [61/104], Total Loss: 19.0070, NLL: 2.9191, Masked: 29.5065, Reg: 15.408001
Epoch [62/104], Total Loss: 19.0071, NLL: 2.9191, Masked: 29.5124, Reg: 15.407954
Epoch [63/104], Total Loss: 19.0033, NLL: 2.9191, Masked: 29.5181, Reg: 15.404076
Epoch [64/104], Total Loss: 19.0073, NLL: 2.9191, Masked: 29.5151, Reg: 15.408095
Epoch [65/104], Total Loss: 19.0053, NLL: 2.9191, Masked: 29.5154, Reg: 15.406128
Epoch [66/104], Total Loss: 19.0041, NLL: 2.9191, Masked: 29.5181, Reg: 15.404872
Epoch [67/104], Total Loss: 19.0048, NLL: 2.9191, Masked: 29.5179, Reg: 15.405523
Epoch [68/104], Total Loss: 19.0054, NLL: 2.9191, Masked: 29.5077, Reg: 15.406428
Epoch [69/104], Total Loss: 19.0011, NLL: 2.9191, Masked: 29.5158, Reg: 15.401947
Epoch [70/104], Total Loss: 19.0039, NLL: 2.9191, Masked: 29.5036, Reg: 15.405000
Epoch [71/104], Total Loss: 19.0052, NLL: 2.9191, Masked: 29.5155, Reg: 15.405999
Epoch [72/104], Total Loss: 19.0017, NLL: 2.9191, Masked: 29.5136, Reg: 15.402596
Epoch [73/104], Total Loss: 19.0025, NLL: 2.9191, Masked: 29.5218, Reg: 15.403187
Epoch [74/104], Total Loss: 19.0044, NLL: 2.9191, Masked: 29.5129, Reg: 15.405244
Epoch [75/104], Total Loss: 19.0005, NLL: 2.9191, Masked: 29.5102, Reg: 15.401406
Epoch [76/104], Total Loss: 19.0020, NLL: 2.9191, Masked: 29.5215, Reg: 15.402658
Epoch [77/104], Total Loss: 19.0015, NLL: 2.9191, Masked: 29.5080, Reg: 15.402507
Epoch [78/104], Total Loss: 19.0011, NLL: 2.9191, Masked: 29.5170, Reg: 15.401846
Epoch [79/104], Total Loss: 19.0017, NLL: 2.9191, Masked: 29.5164, Reg: 15.402465
Epoch [80/104], Total Loss: 19.0008, NLL: 2.9191, Masked: 29.5222, Reg: 15.401436
Epoch [81/104], Total Loss: 18.9992, NLL: 2.9191, Masked: 29.5218, Reg: 15.399834
Epoch [82/104], Total Loss: 19.0011, NLL: 2.9191, Masked: 29.5140, Reg: 15.401992
Epoch [83/104], Total Loss: 19.0017, NLL: 2.9191, Masked: 29.5241, Reg: 15.402291
Epoch [84/104], Total Loss: 18.9983, NLL: 2.9191, Masked: 29.5150, Reg: 15.399138
Epoch [85/104], Total Loss: 18.9997, NLL: 2.9191, Masked: 29.5129, Reg: 15.400620
Epoch [86/104], Total Loss: 19.0005, NLL: 2.9191, Masked: 29.5196, Reg: 15.401240
Epoch [87/104], Total Loss: 18.9954, NLL: 2.9191, Masked: 29.5181, Reg: 15.396157
Epoch [88/104], Total Loss: 18.9995, NLL: 2.9191, Masked: 29.5106, Reg: 15.400451
Epoch [89/104], Total Loss: 19.0007, NLL: 2.9191, Masked: 29.5234, Reg: 15.401363
Epoch [90/104], Total Loss: 18.9972, NLL: 2.9191, Masked: 29.5184, Reg: 15.397958
Epoch [91/104], Total Loss: 18.9960, NLL: 2.9191, Masked: 29.5098, Reg: 15.396961
Epoch [92/104], Total Loss: 19.0002, NLL: 2.9191, Masked: 29.5131, Reg: 15.401058
Epoch [93/104], Total Loss: 18.9958, NLL: 2.9191, Masked: 29.5115, Reg: 15.396739
Epoch [94/104], Total Loss: 18.9973, NLL: 2.9191, Masked: 29.5113, Reg: 15.398197
Epoch [95/104], Total Loss: 18.9965, NLL: 2.9191, Masked: 29.5170, Reg: 15.397301
Epoch [96/104], Total Loss: 18.9958, NLL: 2.9191, Masked: 29.5165, Reg: 15.396650
Epoch [97/104], Total Loss: 18.9972, NLL: 2.9191, Masked: 29.5160, Reg: 15.398011
Epoch [98/104], Total Loss: 18.9964, NLL: 2.9191, Masked: 29.5148, Reg: 15.397233
Epoch [99/104], Total Loss: 18.9941, NLL: 2.9191, Masked: 29.5168, Reg: 15.394859
Epoch [100/104], Total Loss: 18.9962, NLL: 2.9191, Masked: 29.5084, Reg: 15.397190
Epoch [101/104], Total Loss: 18.9969, NLL: 2.9191, Masked: 29.5170, Reg: 15.397650
Epoch [102/104], Total Loss: 18.9930, NLL: 2.9191, Masked: 29.5182, Reg: 15.393792
Epoch [103/104], Total Loss: 18.9954, NLL: 2.9191, Masked: 29.5080, Reg: 15.396388
Epoch [104/104], Total Loss: 18.9963, NLL: 2.9191, Masked: 29.5191, Reg: 15.397057

==================================================
EVALUATING ON TRAINING DATA
==================================================

==================================================
TEST RESULTS
==================================================
Total Loss: 18.941721
  - ZINB NLL: 2.919113
Total number of masked values: 4613319
  - Number of values with pi >= 0.5622890541522969: 0
  - Number of values with pi < 0.5622890541522969: 4613319
  - Masked Reconstruction: 29.521939
  - Regularization: 15.342398
Mean Absolute Error (MAE): 26.252831
R² Score: -36.729942
==================================================


==================================================
EVALUATING ON VALIDATION DATA
Dataset size: 11368
==================================================


==================================================
TEST RESULTS
==================================================
Total Loss: 18.850151
  - ZINB NLL: 2.918449
Total number of masked values: 2248857
  - Number of values with pi >= 0.5622890541522969: 0
  - Number of values with pi < 0.5622890541522969: 2248857
  - Masked Reconstruction: 25.576524
  - Regularization: 15.342398
Mean Absolute Error (MAE): 26.309483
R² Score: -28.622458
==================================================


>>> Optimizing masked_loss on VALIDATION set: 25.576524
>>> Full validation metrics: {'total_loss': 18.85015147274267, 'zinb_nll': 2.918449213771565, 'mae': 26.30948257446289, 'r2': -28.62245750427246, 'masked_loss': 25.57652394457823, 'reg_loss': 15.342397654362092}


*** Checkpoint saved at iteration 20 ***

Iteration No: 20 ended. Evaluation done at random point.
Time taken: 857.0570
Function value obtained: 25.5765
Current minimum: 2.4777
Iteration No: 21 started. Searching for the next optimal point.

================================================================================
Trial with parameters:
  features: Nucl
  step_size: 0.5565134441453323
  bin_size: 20
  sample_fraction: 0.5107173992902471
  moving_average: True
  first_layer_size_factor: 71
  num_layers: 1
  use_conv: False
  conv_channel: 16
  pool_size: 8
  kernel_size: 3
  epochs: 150
  batch_size: 128
  pi_threshold: 0.3
  learning_rate: 0.01
  dropout_rate: 0.5
  masked_recon_weight: 10.0
  regularizer: l1
  regularization_weight: 1e-05
================================================================================

len(layers): 1
Creating datasets with:
  features: ['Nucl']
  bin_size: 20
  moving_average: True
  data_point_length: 2000 (from 2000)
  step_size: 1113 (from fraction 0.5565134441453323)
  layers: [np.int64(1136)] (first=1136, num=1)
  stride: 1 (fixed), padding: same (fixed)
  Using pre-determined chromosome split


Clipping outliers using 95th percentile * 1.5...
strain_yTW001: Clipping values above 134.25 (P95=89.50). Clipped 27529/1193409 values (2.31%)
strain_FD: Clipping values above 71.92 (P95=47.94). Clipped 95791/4127807 values (2.32%)
strain_dnrp: Clipping values above 243.00 (P95=162.00). Clipped 25649/1119454 values (2.29%)
strain_yEK19: Clipping values above 77.10 (P95=51.40). Clipped 83713/3893623 values (2.15%)
strain_yEK23: Clipping values above 72.00 (P95=48.00). Clipped 86381/3558407 values (2.43%)
strain_yWT03a: Clipping values above 15.00 (P95=10.00). Clipped 10602/347679 values (3.05%)
strain_yWT04a: Clipping values above 58.50 (P95=39.00). Clipped 21095/725406 values (2.91%)
strain_ylic137: Clipping values above 142.50 (P95=95.00). Clipped 28746/1112684 values (2.58%)

Splitting data using pre-determined chromosomes...
Standardizing features: ['Nucl']
Column order in final array (Dataset/Chrom split): ['Value', 'Nucleosome_Distance', 'Value_Raw', 'Size_Factor']
Removing 0 empty data points out of 49816
Column order in final array (Dataset/Chrom split): ['Value', 'Nucleosome_Distance', 'Value_Raw', 'Size_Factor']
Removing 0 empty data points out of 17512
Column order in final array (Dataset/Chrom split): ['Value', 'Nucleosome_Distance', 'Value_Raw', 'Size_Factor']
Removing 0 empty data points out of 19384
Datasets created with shapes:
  Train: (49816, 2000, 4)
  Val: (17512, 2000, 4)
  Test: (19384, 2000, 4)
Datasets created:
  Train: (49816, 2000, 4), Val: (17512, 2000, 4), Test: (19384, 2000, 4)

Randomly sampled 25441/49816 samples (51.1%)
Applied denoising with 15.0% masking
Applied denoising with 15.0% masking
Number of encoder layers: 1
Number of decoder layers (excluding heads): 1
Total number of layers including latent layer: 3
Epoch [1/150], Total Loss: 219992.1648, NLL: 2.6557, Masked: 21998.8280, Reg: 1.229470
Epoch [2/150], Total Loss: 4852240.0527, NLL: 5.5190, Masked: 485223.2678, Reg: 1.867972
Epoch [3/150], Total Loss: 10380164.9488, NLL: 4.0327, Masked: 1038015.8763, Reg: 2.185985
Epoch [4/150], Total Loss: 41151792.3264, NLL: 13.9445, Masked: 4115177.5492, Reg: 2.888033
Epoch [5/150], Total Loss: 85781154.1329, NLL: 65.5400, Masked: 8578108.8168, Reg: 2.208566
Epoch [6/150], Total Loss: 110331453.2136, NLL: 70.2481, Masked: 11033138.3468, Reg: 1.112046
Epoch [7/150], Total Loss: 90724923.4121, NLL: 3.0219, Masked: 9072492.2559, Reg: 1.027787
Epoch [8/150], Total Loss: 77834564.8111, NLL: 3.3529, Masked: 7783456.3904, Reg: 1.000749
Epoch [9/150], Total Loss: 64361853.9768, NLL: 2.8181, Masked: 6436185.0622, Reg: 0.922499
Epoch [10/150], Total Loss: 61406621.5017, NLL: 2.9226, Masked: 6140661.7410, Reg: 0.965931
Epoch [11/150], Total Loss: 68097701.6501, NLL: 5.4909, Masked: 6809769.7097, Reg: 1.033240
Epoch [12/150], Total Loss: 74382742.2834, NLL: 3.3249, Masked: 7438274.1568, Reg: 1.044583
Epoch [13/150], Total Loss: 67990306.8225, NLL: 57.1806, Masked: 6799025.0331, Reg: 0.986802
Epoch [14/150], Total Loss: 59473930.3504, NLL: 56.6841, Masked: 5947387.3371, Reg: 0.929137
Epoch [15/150], Total Loss: 57173532.3770, NLL: 2.5347, Masked: 5717352.8309, Reg: 0.893338
Epoch [16/150], Total Loss: 59969241.8457, NLL: 61.0612, Masked: 5996918.0570, Reg: 0.855276
Epoch [17/150], Total Loss: 61071888.3281, NLL: 2.5912, Masked: 6107188.4602, Reg: 0.831661
Epoch [18/150], Total Loss: 55145517.8567, NLL: 3.1841, Masked: 5514551.3156, Reg: 0.791214
Epoch [19/150], Total Loss: 53477169.0133, NLL: 2.5414, Masked: 5347716.5187, Reg: 0.801388
Epoch [20/150], Total Loss: 51006340.4011, NLL: 2.5479, Masked: 5100633.6342, Reg: 0.882617
Epoch [21/150], Total Loss: 47983876.4141, NLL: 2.4574, Masked: 4798387.2413, Reg: 0.890090
Epoch [22/150], Total Loss: 41007217.0923, NLL: 2.4370, Masked: 4100721.3112, Reg: 0.832296
Epoch [23/150], Total Loss: 39097702.1038, NLL: 2.4522, Masked: 3909769.8217, Reg: 0.841949
Epoch [24/150], Total Loss: 36651943.6805, NLL: 2.4296, Masked: 3665193.9875, Reg: 0.907500
Epoch [25/150], Total Loss: 40605911.5304, NLL: 2.4457, Masked: 4060590.7429, Reg: 0.860654
Epoch [26/150], Total Loss: 38996302.9758, NLL: 2.6551, Masked: 3899629.8843, Reg: 0.877582
Epoch [27/150], Total Loss: 38545709.3759, NLL: 2.4668, Masked: 3854570.5513, Reg: 0.858144
Epoch [28/150], Total Loss: 30740855.4455, NLL: 2.4425, Masked: 3074085.2828, Reg: 0.785854
Epoch [29/150], Total Loss: 31112013.3275, NLL: 3.0103, Masked: 3111201.0193, Reg: 0.788731
Epoch [30/150], Total Loss: 34325171.4084, NLL: 2.4065, Masked: 3432516.8061, Reg: 0.809933
Epoch [31/150], Total Loss: 35648024.0114, NLL: 3.5785, Masked: 3564801.9476, Reg: 0.832587
Epoch [32/150], Total Loss: 35801234.4768, NLL: 2.9828, Masked: 3580123.0474, Reg: 0.859074
Epoch [33/150], Total Loss: 29315684.6182, NLL: 2.5421, Masked: 2931568.2042, Reg: 0.882996
Epoch [34/150], Total Loss: 29728094.1875, NLL: 2.3770, Masked: 2972809.2046, Reg: 0.798873
Epoch [35/150], Total Loss: 28018084.4224, NLL: 2.4824, Masked: 2801808.2224, Reg: 0.834060
Epoch [36/150], Total Loss: 23141933.9323, NLL: 2.3258, Masked: 2314193.1773, Reg: 0.878253
Epoch [37/150], Total Loss: 17894907.5102, NLL: 2.3272, Masked: 1789490.5133, Reg: 0.837410
Epoch [38/150], Total Loss: 19576073.7492, NLL: 2.4202, Masked: 1957607.1386, Reg: 0.865471
Epoch [39/150], Total Loss: 17841590.7159, NLL: 2.5521, Masked: 1784158.7966, Reg: 0.807100
Epoch [40/150], Total Loss: 16814517.1351, NLL: 2.3501, Masked: 1681451.4508, Reg: 0.795338
Epoch [41/150], Total Loss: 15508465.4714, NLL: 2.3804, Masked: 1550846.2569, Reg: 0.803773
Epoch [42/150], Total Loss: 17865071.1741, NLL: 2.4276, Masked: 1786506.8731, Reg: 0.819443
Epoch [43/150], Total Loss: 16500255.1640, NLL: 2.3818, Masked: 1650025.2393, Reg: 0.884337
Epoch [44/150], Total Loss: 12943273.7534, NLL: 2.5865, Masked: 1294327.0441, Reg: 0.843577
Epoch [45/150], Total Loss: 7442512.3047, NLL: 2.4094, Masked: 744250.8967, Reg: 0.801858
Epoch [46/150], Total Loss: 7517176.7432, NLL: 2.3266, Masked: 751717.3603, Reg: 0.781336
Epoch [47/150], Total Loss: 10927520.6794, NLL: 2.3225, Masked: 1092751.7630, Reg: 0.768374
Epoch [48/150], Total Loss: 17836117.7801, NLL: 2.3893, Masked: 1783611.5148, Reg: 0.820552
Epoch [49/150], Total Loss: 29385693.6538, NLL: 2.6427, Masked: 2938569.1014, Reg: 0.891743
Epoch [50/150], Total Loss: 24820391.8384, NLL: 2.3989, Masked: 2482038.9753, Reg: 0.791114
Epoch [51/150], Total Loss: 26930514.3103, NLL: 2.3904, Masked: 2693051.2162, Reg: 0.793302
Epoch [52/150], Total Loss: 26306406.3014, NLL: 2.3610, Masked: 2630640.4291, Reg: 0.788971
Epoch [53/150], Total Loss: 24034285.1132, NLL: 2.6571, Masked: 2403428.2648, Reg: 0.840709
Epoch [54/150], Total Loss: 25322970.8743, NLL: 3.4630, Masked: 2532296.7252, Reg: 0.892820
Epoch [55/150], Total Loss: 28519287.2915, NLL: 2.9403, Masked: 2851928.4235, Reg: 0.931040
Epoch [56/150], Total Loss: 24042612.3173, NLL: 3.2946, Masked: 2404260.7980, Reg: 1.123586
Epoch [57/150], Total Loss: 25360338.1068, NLL: 4.4394, Masked: 2536033.3762, Reg: 0.900925
Epoch [58/150], Total Loss: 26714586.9664, NLL: 2.7787, Masked: 2671458.4399, Reg: 0.835576
Epoch [59/150], Total Loss: 27330232.0300, NLL: 2.5843, Masked: 2733022.9687, Reg: 0.855652
Epoch [60/150], Total Loss: 27723992.9530, NLL: 2.4851, Masked: 2772399.0713, Reg: 0.784805
Epoch [61/150], Total Loss: 26241883.9627, NLL: 2.3569, Masked: 2624188.1905, Reg: 0.795303
Epoch [62/150], Total Loss: 24194948.5999, NLL: 2.4645, Masked: 2419494.6387, Reg: 0.770338
Epoch [63/150], Total Loss: 27702964.7103, NLL: 3.2512, Masked: 2770296.1676, Reg: 0.774895
Epoch [64/150], Total Loss: 27856722.3814, NLL: 2.3989, Masked: 2785672.0186, Reg: 0.800781
Epoch [65/150], Total Loss: 25487777.1141, NLL: 2.4024, Masked: 2548777.5046, Reg: 0.805052
Epoch [66/150], Total Loss: 25392799.2950, NLL: 2.8344, Masked: 2539279.6499, Reg: 0.822707
Epoch [67/150], Total Loss: 21993794.2425, NLL: 2.8369, Masked: 2199379.1412, Reg: 0.805053
Epoch [68/150], Total Loss: 20783733.2891, NLL: 3.4019, Masked: 2078372.9637, Reg: 0.856308
Epoch [69/150], Total Loss: 18364736.0343, NLL: 3.6963, Masked: 1836473.2142, Reg: 0.866378
Epoch [70/150], Total Loss: 20573431.5844, NLL: 2.6580, Masked: 2057342.9031, Reg: 0.829557
Epoch [71/150], Total Loss: 17489349.8934, NLL: 2.7362, Masked: 1748934.6958, Reg: 0.864165
Epoch [72/150], Total Loss: 18267427.9402, NLL: 2.6631, Masked: 1826742.5389, Reg: 0.794091
Epoch [73/150], Total Loss: 18779439.7409, NLL: 2.7949, Masked: 1877943.7006, Reg: 0.725570
Epoch [74/150], Total Loss: 21247735.3004, NLL: 5.5801, Masked: 2124772.8017, Reg: 1.685103
Epoch [75/150], Total Loss: 18827279.9877, NLL: 2.5029, Masked: 1882727.6019, Reg: 1.253626
Epoch [76/150], Total Loss: 20324722.9769, NLL: 2.4978, Masked: 2032471.9068, Reg: 1.071763
Epoch [77/150], Total Loss: 20575922.2195, NLL: 2.7247, Masked: 2057591.8981, Reg: 0.991335
Epoch [78/150], Total Loss: 18926524.7717, NLL: 2.6807, Masked: 1892652.1729, Reg: 0.933701
Epoch [79/150], Total Loss: 16926175.1048, NLL: 2.5046, Masked: 1692617.2283, Reg: 0.896585
Epoch [80/150], Total Loss: 13717221.4943, NLL: 2.7817, Masked: 1371721.7995, Reg: 0.829307
Epoch [81/150], Total Loss: 18499706.3170, NLL: 3.5771, Masked: 1849970.2528, Reg: 0.866974
Epoch [82/150], Total Loss: 27677048.0402, NLL: 2.5046, Masked: 2767704.5846, Reg: 0.856112
Epoch [83/150], Total Loss: 29219171.0225, NLL: 2.3981, Masked: 2921916.8940, Reg: 0.790004
Epoch [84/150], Total Loss: 26259410.5355, NLL: 2.3911, Masked: 2625940.8436, Reg: 0.781043
Epoch [85/150], Total Loss: 24740094.2545, NLL: 2.4030, Masked: 2474009.2171, Reg: 0.767625
Epoch [86/150], Total Loss: 24469331.2409, NLL: 2.3581, Masked: 2446932.9070, Reg: 0.780578
Epoch [87/150], Total Loss: 25821848.8798, NLL: 2.4415, Masked: 2582184.6727, Reg: 0.764878
Epoch [88/150], Total Loss: 22716120.0094, NLL: 2.4991, Masked: 2271611.7650, Reg: 0.796237
Epoch [89/150], Total Loss: 21930119.1737, NLL: 2.6366, Masked: 2193011.6771, Reg: 0.810992
Epoch [90/150], Total Loss: 22320219.5322, NLL: 2.5019, Masked: 2232021.7336, Reg: 0.749701
Epoch [91/150], Total Loss: 18790378.9158, NLL: 2.3551, Masked: 1879037.6558, Reg: 0.791600
Epoch [92/150], Total Loss: 13332695.1106, NLL: 2.3164, Masked: 1333269.2018, Reg: 0.805807
Epoch [93/150], Total Loss: 18452705.0409, NLL: 2.4963, Masked: 1845270.2489, Reg: 0.840200
Epoch [94/150], Total Loss: 23280769.6594, NLL: 2.6459, Masked: 2328076.7234, Reg: 0.845774
Epoch [95/150], Total Loss: 27838711.5164, NLL: 2.6520, Masked: 2783870.8940, Reg: 0.812358
Epoch [96/150], Total Loss: 25190722.0561, NLL: 2.4735, Masked: 2519072.0008, Reg: 0.772026
Epoch [97/150], Total Loss: 25956040.2094, NLL: 2.6164, Masked: 2595603.7948, Reg: 0.808532
Epoch [98/150], Total Loss: 21157876.9298, NLL: 2.4173, Masked: 2115787.4714, Reg: 0.788416
Epoch [99/150], Total Loss: 19519816.1160, NLL: 2.7037, Masked: 1951981.3446, Reg: 0.786736
Epoch [100/150], Total Loss: 20739637.5241, NLL: 2.4319, Masked: 2073963.5391, Reg: 0.760084
Epoch [101/150], Total Loss: 25677253.7407, NLL: 3.1576, Masked: 2567725.0947, Reg: 0.778496
Epoch [102/150], Total Loss: 28649935.1114, NLL: 2.8750, Masked: 2864993.2421, Reg: 0.862326
Epoch [103/150], Total Loss: 30512827.9077, NLL: 26.8732, Masked: 3051280.1145, Reg: 0.784917
Epoch [104/150], Total Loss: 24526350.4247, NLL: 2.3653, Masked: 2452634.8327, Reg: 0.753966
Epoch [105/150], Total Loss: 26089711.4897, NLL: 2.3740, Masked: 2608970.9464, Reg: 0.729297
Epoch [106/150], Total Loss: 22599751.9421, NLL: 2.3393, Masked: 2259974.9898, Reg: 0.735218
Epoch [107/150], Total Loss: 24737312.5540, NLL: 4.1406, Masked: 2473730.8646, Reg: 0.820736
Epoch [108/150], Total Loss: 28760519.8543, NLL: 2.9225, Masked: 2876051.6647, Reg: 0.896676
Epoch [109/150], Total Loss: 24604648.8851, NLL: 2.7575, Masked: 2460464.6270, Reg: 0.788490
Epoch [110/150], Total Loss: 26330825.6442, NLL: 2.5060, Masked: 2633082.3435, Reg: 0.703723
Epoch [111/150], Total Loss: 25444950.1737, NLL: 2.3348, Masked: 2544494.8189, Reg: 0.658350
Epoch [112/150], Total Loss: 25279015.7024, NLL: 2.3471, Masked: 2527901.3589, Reg: 0.761835
Epoch [113/150], Total Loss: 24059149.7104, NLL: 2.5026, Masked: 2405914.7153, Reg: 0.863314
Epoch [114/150], Total Loss: 19596889.0894, NLL: 2.9075, Masked: 1959688.6086, Reg: 0.793296
Epoch [115/150], Total Loss: 16644656.9857, NLL: 2.4336, Masked: 1664465.4170, Reg: 0.742517
Epoch [116/150], Total Loss: 17967647.7389, NLL: 6.0671, Masked: 1796764.1390, Reg: 0.921029
Epoch [117/150], Total Loss: 17679734.2720, NLL: 2.8307, Masked: 1767973.1271, Reg: 0.913304
Epoch [118/150], Total Loss: 19781488.5054, NLL: 2.4747, Masked: 1978148.6023, Reg: 0.884849
Epoch [119/150], Total Loss: 16401603.5940, NLL: 4.5280, Masked: 1640159.8689, Reg: 0.869907
Epoch [120/150], Total Loss: 16968637.2854, NLL: 2.8301, Masked: 1696863.4284, Reg: 0.775926
Epoch [121/150], Total Loss: 15685015.7996, NLL: 2.5017, Masked: 1568501.2764, Reg: 0.757233
Epoch [122/150], Total Loss: 12843906.9376, NLL: 2.4694, Masked: 1284390.3685, Reg: 0.712973
Epoch [123/150], Total Loss: 14074118.0102, NLL: 2.3253, Masked: 1407411.4987, Reg: 0.801206
Epoch [124/150], Total Loss: 12403383.8810, NLL: 2.4326, Masked: 1240338.0732, Reg: 0.742354
Epoch [125/150], Total Loss: 7702567.1816, NLL: 2.4945, Masked: 770256.3970, Reg: 0.739949
Epoch [126/150], Total Loss: 6269333.2054, NLL: 2.7013, Masked: 626932.9831, Reg: 0.725586
Epoch [127/150], Total Loss: 7106628.4111, NLL: 2.3930, Masked: 710662.5244, Reg: 0.768024
Epoch [128/150], Total Loss: 8786867.8651, NLL: 3.3102, Masked: 878686.3810, Reg: 0.699204
Epoch [129/150], Total Loss: 8025771.4891, NLL: 2.3486, Masked: 802576.8403, Reg: 0.751574
Epoch [130/150], Total Loss: 8661679.6116, NLL: 14.1056, Masked: 866166.4659, Reg: 0.776041
Epoch [131/150], Total Loss: 9889223.7705, NLL: 28.1733, Masked: 988919.4762, Reg: 0.708394
Epoch [132/150], Total Loss: 9040542.4496, NLL: 3.5557, Masked: 904053.8186, Reg: 0.661980
Epoch [133/150], Total Loss: 8010252.3214, NLL: 2.6222, Masked: 801024.9006, Reg: 0.685973
Epoch [134/150], Total Loss: 10603324.2828, NLL: 2.3088, Masked: 1060332.1218, Reg: 0.734242
Epoch [135/150], Total Loss: 7685965.3656, NLL: 2.3187, Masked: 768596.2274, Reg: 0.751777
Epoch [136/150], Total Loss: 7907789.2681, NLL: 2.8801, Masked: 790778.5565, Reg: 0.806910
Epoch [137/150], Total Loss: 7911770.1337, NLL: 3.8422, Masked: 791176.5448, Reg: 0.832745
Epoch [138/150], Total Loss: 7881030.8781, NLL: 3.0142, Masked: 788102.7110, Reg: 0.746685
Epoch [139/150], Total Loss: 9286065.7693, NLL: 2.4580, Masked: 928606.2547, Reg: 0.757048
Epoch [140/150], Total Loss: 6410121.6831, NLL: 2.5778, Masked: 641011.8498, Reg: 0.696130
Epoch [141/150], Total Loss: 6301909.6153, NLL: 2.4248, Masked: 630190.6538, Reg: 0.707730
Epoch [142/150], Total Loss: 8827708.3737, NLL: 2.3732, Masked: 882770.5153, Reg: 0.867609
Epoch [143/150], Total Loss: 6702828.9573, NLL: 2.5382, Masked: 670282.5540, Reg: 0.812150
Epoch [144/150], Total Loss: 7503009.0404, NLL: 2.9303, Masked: 750300.5251, Reg: 0.795229
Epoch [145/150], Total Loss: 9607148.2204, NLL: 3.5185, Masked: 960714.3897, Reg: 0.780627
Epoch [146/150], Total Loss: 9827959.4635, NLL: 2.6081, Masked: 982795.6029, Reg: 0.797272
Epoch [147/150], Total Loss: 12576380.8618, NLL: 2.6371, Masked: 1257637.7477, Reg: 0.727395
Epoch [148/150], Total Loss: 10321085.7052, NLL: 2.7484, Masked: 1032108.2092, Reg: 0.789978
Epoch [149/150], Total Loss: 11075482.0772, NLL: 2.3395, Masked: 1107547.8951, Reg: 0.774113
Epoch [150/150], Total Loss: 15051011.1897, NLL: 2.3331, Masked: 1505100.8445, Reg: 0.790796

==================================================
EVALUATING ON TRAINING DATA
==================================================

==================================================
TEST RESULTS
==================================================
Total Loss: 12071580.725325
  - ZINB NLL: 2.299866
Total number of masked values: 5275127
  - Number of values with pi >= 0.3: 2699
  - Number of values with pi < 0.3: 5272428
  - Masked Reconstruction: 1207157.760490
  - Regularization: 1.038388
Mean Absolute Error (MAE): 1213678.625000
R² Score: -24647504494592.000000
==================================================


==================================================
EVALUATING ON VALIDATION DATA
Dataset size: 17512
==================================================


==================================================
TEST RESULTS
==================================================
Total Loss: 12235729.048424
  - ZINB NLL: 2.365747
Total number of masked values: 3625918
  - Number of values with pi >= 0.3: 1858
  - Number of values with pi < 0.3: 3624060
  - Masked Reconstruction: 1223572.566926
  - Regularization: 1.038388
Mean Absolute Error (MAE): 1213555.750000
R² Score: -19486281302016.000000
==================================================


>>> Optimizing masked_loss on VALIDATION set: 1223572.566926
>>> Full validation metrics: {'total_loss': 12235729.048423938, 'zinb_nll': 2.365747445900727, 'mae': 1213555.75, 'r2': -19486281302016.0, 'masked_loss': 1223572.5669255368, 'reg_loss': 1.0383880468750006}

Iteration No: 21 ended. Search finished for the next optimal point.
Time taken: 662.9325
Function value obtained: 1223572.5669
Current minimum: 2.4777
Iteration No: 22 started. Searching for the next optimal point.

================================================================================
Trial with parameters:
  features: Centr_Nucl
  step_size: 0.25
  bin_size: 1
  sample_fraction: 0.25
  moving_average: False
  first_layer_size_factor: 100
  num_layers: 4
  use_conv: False
  conv_channel: 128
  pool_size: 8
  kernel_size: 3
  epochs: 150
  batch_size: 32
  pi_threshold: 0.7
  learning_rate: 0.01
  dropout_rate: 0.0
  masked_recon_weight: 10.0
  regularizer: l2
  regularization_weight: 100.0
================================================================================

len(layers): 4
Creating datasets with:
  features: ['Centr', 'Nucl']
  bin_size: 1
  moving_average: False
  data_point_length: 2000 (from 2000)
  step_size: 500 (from fraction 0.25)
  layers: [np.int64(1600), np.int64(800), np.int64(400), np.int64(200)] (first=1600, num=4)
  stride: 1 (fixed), padding: same (fixed)
  Using pre-determined chromosome split


Clipping outliers using 95th percentile * 1.5...
strain_yTW001: Clipping values above 134.25 (P95=89.50). Clipped 27529/1193409 values (2.31%)
strain_FD: Clipping values above 71.92 (P95=47.94). Clipped 95791/4127807 values (2.32%)
strain_dnrp: Clipping values above 243.00 (P95=162.00). Clipped 25649/1119454 values (2.29%)
strain_yEK19: Clipping values above 77.10 (P95=51.40). Clipped 83713/3893623 values (2.15%)
strain_yEK23: Clipping values above 72.00 (P95=48.00). Clipped 86381/3558407 values (2.43%)
strain_yWT03a: Clipping values above 15.00 (P95=10.00). Clipped 10602/347679 values (3.05%)
strain_yWT04a: Clipping values above 58.50 (P95=39.00). Clipped 21095/725406 values (2.91%)
strain_ylic137: Clipping values above 142.50 (P95=95.00). Clipped 28746/1112684 values (2.58%)
