Device: cuda

================================================================================
Resuming from checkpoint: AE/results/bayesian_optimization/checkpoints/checkpoint_combined_20260211_102700.pkl
================================================================================

Loaded 100 previous trials
Best score so far: 1.581150

Adjusting n_calls: 150 total - 100 completed = 50 remaining


################################################################################
# Starting Bayesian Hyperparameter Optimization
# Optimizing metric: combined on VALIDATION set
# Resuming with 100 previous trials
# Running 50 additional trials
# Initial random points: 20
# Random state: 42
# Parallel jobs: 1
# Checkpoint will be saved to: AE/results/bayesian_optimization/checkpoints/checkpoint_combined_20260213_115727.pkl
################################################################################

Iteration No: 1 started. Evaluating function at random point.
Iteration No: 1 ended. Evaluation done at random point.
Time taken: 0.0021
Function value obtained: 3.9440
Current minimum: 1.5811
Iteration No: 2 started. Evaluating function at random point.

================================================================================
Trial with parameters:
  features: Nucl
  data_point_length: 1325
  step_size: 0.8347682502045771
  bin_size: 60
  sample_fraction: 0.5843745646401934
  moving_average: True
  first_layer_size_factor: 71
  num_layers: 2
  use_conv: True
  conv_channel: 89
  pool_size: 2
  kernel_size: 7
  epochs: 143
  batch_size: 32
  pi_threshold: 0.6968846237164871
  learning_rate: 0.0007119418600172992
  dropout_rate: 0.3058265802441405
  masked_recon_weight: 0.0010672476836323717
  regularizer: l1
  regularization_weight: 0.04714358681860233
================================================================================

Creating datasets with:
  features: ['Nucl']
  bin_size: 60
  moving_average: True
  data_point_length: 1325 (from 1325)
  step_size: 1106 (from fraction 0.8347682502045771)
  layers: [np.int64(1136), np.int64(568)] (first=1136, num=2)
  stride: 1 (fixed), padding: same (fixed)


Clipping outliers using 95th percentile * 1.5...
strain_yTW001: Clipping values above 134.25 (P95=89.50). Clipped 27529/1193409 values (2.31%)
strain_FD: Clipping values above 71.92 (P95=47.94). Clipped 95791/4127807 values (2.32%)
strain_dnrp: Clipping values above 243.00 (P95=162.00). Clipped 25649/1119454 values (2.29%)
strain_yEK19: Clipping values above 77.10 (P95=51.40). Clipped 83713/3893623 values (2.15%)
strain_yEK23: Clipping values above 72.00 (P95=48.00). Clipped 86381/3558407 values (2.43%)
strain_yWT03a: Clipping values above 15.00 (P95=10.00). Clipped 10602/347679 values (3.05%)
strain_yWT04a: Clipping values above 58.50 (P95=39.00). Clipped 21095/725406 values (2.91%)
strain_ylic137: Clipping values above 142.50 (P95=95.00). Clipped 28746/1112684 values (2.58%)
Standardizing features: ['Nucl']
Column order in final array (Dataset/Chrom split): ['Value', 'Nucleosome_Distance', 'Value_Raw', 'Size_Factor']
Removing 0 empty data points out of 46864
Column order in final array (Dataset/Chrom split): ['Value', 'Nucleosome_Distance', 'Value_Raw', 'Size_Factor']
Removing 0 empty data points out of 14864
Column order in final array (Dataset/Chrom split): ['Value', 'Nucleosome_Distance', 'Value_Raw', 'Size_Factor']
Removing 0 empty data points out of 25616
Datasets created:
  Train: (46864, 1325, 4), Val: (14864, 1325, 4), Test: (25616, 1325, 4)

Randomly sampled 27386/46864 samples (58.4%)
Applied denoising with 15.0% masking
Applied denoising with 15.0% masking
Applied denoising with 15.0% masking
Epoch [1/143], Total Loss: 502.6115, NLL: 3.1405, Masked: 27.4079, Reg: 499.441687
Epoch [2/143], Total Loss: 396.6644, NLL: 3.2092, Masked: 27.4067, Reg: 393.425955
Epoch [3/143], Total Loss: 358.8053, NLL: 3.3397, Masked: 27.4021, Reg: 355.436335
Epoch [4/143], Total Loss: 330.6087, NLL: 3.4847, Masked: 27.4114, Reg: 327.094804
Epoch [5/143], Total Loss: 329.0336, NLL: 3.4939, Masked: 27.4088, Reg: 325.510524
Epoch [6/143], Total Loss: 329.0227, NLL: 3.4939, Masked: 27.4092, Reg: 325.499548
Epoch [7/143], Total Loss: 328.9604, NLL: 3.4939, Masked: 27.4108, Reg: 325.437331
Epoch [8/143], Total Loss: 329.0164, NLL: 3.4939, Masked: 27.4112, Reg: 325.493265
Epoch [9/143], Total Loss: 328.8882, NLL: 3.4939, Masked: 27.4132, Reg: 325.365072
Epoch [10/143], Total Loss: 328.9229, NLL: 3.4939, Masked: 27.4087, Reg: 325.399769
Epoch [11/143], Total Loss: 328.8999, NLL: 3.4939, Masked: 27.4010, Reg: 325.376785
Epoch [12/143], Total Loss: 328.9044, NLL: 3.4939, Masked: 27.4085, Reg: 325.381286
Epoch [13/143], Total Loss: 328.7689, NLL: 3.4939, Masked: 27.3987, Reg: 325.245755
Epoch [14/143], Total Loss: 328.8800, NLL: 3.4939, Masked: 27.4078, Reg: 325.356898
Epoch [15/143], Total Loss: 328.8368, NLL: 3.4939, Masked: 27.4085, Reg: 325.313702
Epoch [16/143], Total Loss: 328.7612, NLL: 3.4939, Masked: 27.4072, Reg: 325.238108
Epoch [17/143], Total Loss: 328.8132, NLL: 3.4939, Masked: 27.4059, Reg: 325.290045
Epoch [18/143], Total Loss: 328.7287, NLL: 3.4939, Masked: 27.4052, Reg: 325.205592
Epoch [19/143], Total Loss: 328.7451, NLL: 3.4939, Masked: 27.3990, Reg: 325.221960
Epoch [20/143], Total Loss: 328.7461, NLL: 3.4939, Masked: 27.4047, Reg: 325.222940
Epoch [21/143], Total Loss: 328.7078, NLL: 3.4939, Masked: 27.4084, Reg: 325.184673
Epoch [22/143], Total Loss: 328.7176, NLL: 3.4939, Masked: 27.4062, Reg: 325.194454
Epoch [23/143], Total Loss: 328.6488, NLL: 3.4939, Masked: 27.4051, Reg: 325.125675
Epoch [24/143], Total Loss: 328.6674, NLL: 3.4939, Masked: 27.4046, Reg: 325.144335
Epoch [25/143], Total Loss: 328.6679, NLL: 3.4939, Masked: 27.4059, Reg: 325.144834
Epoch [26/143], Total Loss: 328.6412, NLL: 3.4939, Masked: 27.4070, Reg: 325.118094
Epoch [27/143], Total Loss: 328.6396, NLL: 3.4939, Masked: 27.4013, Reg: 325.116524
Epoch [28/143], Total Loss: 328.5486, NLL: 3.4939, Masked: 27.4031, Reg: 325.025471
Epoch [29/143], Total Loss: 328.6856, NLL: 3.4939, Masked: 27.4059, Reg: 325.162472
Epoch [30/143], Total Loss: 328.5345, NLL: 3.4939, Masked: 27.4024, Reg: 325.011398
Epoch [31/143], Total Loss: 328.5900, NLL: 3.4939, Masked: 27.4028, Reg: 325.066908
Epoch [32/143], Total Loss: 328.5685, NLL: 3.4939, Masked: 27.4064, Reg: 325.045370
Epoch [33/143], Total Loss: 328.5434, NLL: 3.4939, Masked: 27.4128, Reg: 325.020312
Epoch [34/143], Total Loss: 328.4983, NLL: 3.4939, Masked: 27.4027, Reg: 324.975239
Epoch [35/143], Total Loss: 328.5524, NLL: 3.4939, Masked: 27.4100, Reg: 325.029265
Epoch [36/143], Total Loss: 328.5273, NLL: 3.4939, Masked: 27.4033, Reg: 325.004186
Epoch [37/143], Total Loss: 328.4585, NLL: 3.4939, Masked: 27.4003, Reg: 324.935405
Epoch [38/143], Total Loss: 328.5155, NLL: 3.4939, Masked: 27.4053, Reg: 324.992352
Epoch [39/143], Total Loss: 328.4621, NLL: 3.4939, Masked: 27.4052, Reg: 324.938999
Epoch [40/143], Total Loss: 328.4771, NLL: 3.4939, Masked: 27.4039, Reg: 324.953982
Epoch [41/143], Total Loss: 328.4474, NLL: 3.4939, Masked: 27.4038, Reg: 324.924274
Epoch [42/143], Total Loss: 328.4664, NLL: 3.4939, Masked: 27.4067, Reg: 324.943244
Epoch [43/143], Total Loss: 328.4081, NLL: 3.4939, Masked: 27.4041, Reg: 324.885031
Epoch [44/143], Total Loss: 328.4425, NLL: 3.4939, Masked: 27.4035, Reg: 324.919363
Epoch [45/143], Total Loss: 328.3960, NLL: 3.4939, Masked: 27.4101, Reg: 324.872841
Epoch [46/143], Total Loss: 328.4245, NLL: 3.4939, Masked: 27.4094, Reg: 324.901390
Epoch [47/143], Total Loss: 328.3828, NLL: 3.4939, Masked: 27.4055, Reg: 324.859718
Epoch [48/143], Total Loss: 328.3580, NLL: 3.4939, Masked: 27.4037, Reg: 324.834852
Epoch [49/143], Total Loss: 328.3667, NLL: 3.4939, Masked: 27.4052, Reg: 324.843604
Epoch [50/143], Total Loss: 328.3917, NLL: 3.4939, Masked: 27.4098, Reg: 324.868598
Epoch [51/143], Total Loss: 328.3402, NLL: 3.4939, Masked: 27.4014, Reg: 324.817075
Epoch [52/143], Total Loss: 328.3271, NLL: 3.4939, Masked: 27.4026, Reg: 324.803994
Epoch [53/143], Total Loss: 328.3503, NLL: 3.4939, Masked: 27.4031, Reg: 324.827206
Epoch [54/143], Total Loss: 328.3104, NLL: 3.4939, Masked: 27.4050, Reg: 324.787315
Epoch [55/143], Total Loss: 328.2813, NLL: 3.4939, Masked: 27.4066, Reg: 324.758149
Epoch [56/143], Total Loss: 328.3273, NLL: 3.4939, Masked: 27.4089, Reg: 324.804148
Epoch [57/143], Total Loss: 328.3428, NLL: 3.4939, Masked: 27.4070, Reg: 324.819638
Epoch [58/143], Total Loss: 328.1824, NLL: 3.4939, Masked: 27.4103, Reg: 324.659246
Epoch [59/143], Total Loss: 328.3240, NLL: 3.4939, Masked: 27.4002, Reg: 324.800918
Epoch [60/143], Total Loss: 328.2443, NLL: 3.4939, Masked: 27.4056, Reg: 324.721140
Epoch [61/143], Total Loss: 328.2720, NLL: 3.4939, Masked: 27.4112, Reg: 324.748930
Epoch [62/143], Total Loss: 328.2553, NLL: 3.4939, Masked: 27.4078, Reg: 324.732204
Epoch [63/143], Total Loss: 328.1909, NLL: 3.4939, Masked: 27.4079, Reg: 324.667774
Epoch [64/143], Total Loss: 328.2621, NLL: 3.4939, Masked: 27.4021, Reg: 324.739027
Epoch [65/143], Total Loss: 328.1988, NLL: 3.4939, Masked: 27.4082, Reg: 324.675662
Epoch [66/143], Total Loss: 328.2340, NLL: 3.4939, Masked: 27.4027, Reg: 324.710862
Epoch [67/143], Total Loss: 328.1996, NLL: 3.4939, Masked: 27.4062, Reg: 324.676473
Epoch [68/143], Total Loss: 328.1771, NLL: 3.4939, Masked: 27.4050, Reg: 324.653973
Epoch [69/143], Total Loss: 328.1855, NLL: 3.4939, Masked: 27.4082, Reg: 324.662405
Epoch [70/143], Total Loss: 328.1509, NLL: 3.4939, Masked: 27.4048, Reg: 324.627833
Epoch [71/143], Total Loss: 328.2204, NLL: 3.4939, Masked: 27.4058, Reg: 324.697268
Epoch [72/143], Total Loss: 328.1448, NLL: 3.4939, Masked: 27.4036, Reg: 324.621703
Epoch [73/143], Total Loss: 328.0958, NLL: 3.4939, Masked: 27.4062, Reg: 324.572708
Epoch [74/143], Total Loss: 328.1989, NLL: 3.4939, Masked: 27.4081, Reg: 324.675795
Epoch [75/143], Total Loss: 328.1056, NLL: 3.4939, Masked: 27.4129, Reg: 324.582473
Epoch [76/143], Total Loss: 328.1155, NLL: 3.4939, Masked: 27.4054, Reg: 324.592402
Epoch [77/143], Total Loss: 328.1268, NLL: 3.4939, Masked: 27.4039, Reg: 324.603728
Epoch [78/143], Total Loss: 328.1363, NLL: 3.4939, Masked: 27.4097, Reg: 324.613201
Epoch [79/143], Total Loss: 328.0431, NLL: 3.4939, Masked: 27.4027, Reg: 324.520032
Epoch [80/143], Total Loss: 328.1346, NLL: 3.4939, Masked: 27.4069, Reg: 324.611535
Epoch [81/143], Total Loss: 328.0657, NLL: 3.4939, Masked: 27.4063, Reg: 324.542638
Epoch [82/143], Total Loss: 328.0858, NLL: 3.4939, Masked: 27.4097, Reg: 324.562657
Epoch [83/143], Total Loss: 328.0795, NLL: 3.4939, Masked: 27.4080, Reg: 324.556380
Epoch [84/143], Total Loss: 328.0534, NLL: 3.4939, Masked: 27.4072, Reg: 324.530290
Epoch [85/143], Total Loss: 328.0893, NLL: 3.4939, Masked: 27.4089, Reg: 324.566200
Epoch [86/143], Total Loss: 328.0201, NLL: 3.4939, Masked: 27.4106, Reg: 324.496952
Epoch [87/143], Total Loss: 328.0769, NLL: 3.4939, Masked: 27.4036, Reg: 324.553754
Epoch [88/143], Total Loss: 327.9991, NLL: 3.4939, Masked: 27.4052, Reg: 324.475964
Epoch [89/143], Total Loss: 328.0710, NLL: 3.4939, Masked: 27.4035, Reg: 324.547857
Epoch [90/143], Total Loss: 327.9848, NLL: 3.4939, Masked: 27.4035, Reg: 324.461734
Epoch [91/143], Total Loss: 328.0281, NLL: 3.4939, Masked: 27.4063, Reg: 324.504946
Epoch [92/143], Total Loss: 328.0410, NLL: 3.4939, Masked: 27.4024, Reg: 324.517904
Epoch [93/143], Total Loss: 327.9823, NLL: 3.4939, Masked: 27.4085, Reg: 324.459136
Epoch [94/143], Total Loss: 327.9952, NLL: 3.4939, Masked: 27.4045, Reg: 324.472095
Epoch [95/143], Total Loss: 328.0201, NLL: 3.4939, Masked: 27.3965, Reg: 324.496953
Epoch [96/143], Total Loss: 328.0014, NLL: 3.4939, Masked: 27.4068, Reg: 324.478263
Epoch [97/143], Total Loss: 327.9572, NLL: 3.4939, Masked: 27.4072, Reg: 324.434056
Epoch [98/143], Total Loss: 328.0021, NLL: 3.4939, Masked: 27.4068, Reg: 324.478996
Epoch [99/143], Total Loss: 327.9746, NLL: 3.4939, Masked: 27.4059, Reg: 324.451536
Epoch [100/143], Total Loss: 327.9354, NLL: 3.4939, Masked: 27.4061, Reg: 324.412256
Epoch [101/143], Total Loss: 327.9824, NLL: 3.4939, Masked: 27.4062, Reg: 324.459250
Epoch [102/143], Total Loss: 327.9852, NLL: 3.4939, Masked: 27.4039, Reg: 324.462139
Epoch [103/143], Total Loss: 327.9031, NLL: 3.4939, Masked: 27.4069, Reg: 324.380019
Epoch [104/143], Total Loss: 327.9666, NLL: 3.4939, Masked: 27.4042, Reg: 324.443489
Epoch [105/143], Total Loss: 327.9347, NLL: 3.4939, Masked: 27.4032, Reg: 324.411563
Epoch [106/143], Total Loss: 327.9785, NLL: 3.4939, Masked: 27.4096, Reg: 324.455398
Epoch [107/143], Total Loss: 327.9266, NLL: 3.4939, Masked: 27.4060, Reg: 324.403469
Epoch [108/143], Total Loss: 327.9051, NLL: 3.4939, Masked: 27.4038, Reg: 324.381955
Epoch [109/143], Total Loss: 327.9321, NLL: 3.4939, Masked: 27.3948, Reg: 324.409034
Epoch [110/143], Total Loss: 327.9240, NLL: 3.4939, Masked: 27.4105, Reg: 324.400889
Epoch [111/143], Total Loss: 327.9354, NLL: 3.4939, Masked: 27.4083, Reg: 324.412271
Epoch [112/143], Total Loss: 327.8867, NLL: 3.4939, Masked: 27.4046, Reg: 324.363637
Epoch [113/143], Total Loss: 327.9341, NLL: 3.4939, Masked: 27.4071, Reg: 324.410939
Epoch [114/143], Total Loss: 327.8746, NLL: 3.4939, Masked: 27.4069, Reg: 324.351452
Epoch [115/143], Total Loss: 327.8934, NLL: 3.4939, Masked: 27.4029, Reg: 324.370336
Epoch [116/143], Total Loss: 327.9226, NLL: 3.4939, Masked: 27.4045, Reg: 324.399459
Epoch [117/143], Total Loss: 327.8967, NLL: 3.4939, Masked: 27.4064, Reg: 324.373540
Epoch [118/143], Total Loss: 327.8137, NLL: 3.4939, Masked: 27.4112, Reg: 324.290621
Epoch [119/143], Total Loss: 327.9294, NLL: 3.4939, Masked: 27.4111, Reg: 324.406269
Epoch [120/143], Total Loss: 327.8974, NLL: 3.4939, Masked: 27.4023, Reg: 324.374301
Epoch [121/143], Total Loss: 327.8241, NLL: 3.4939, Masked: 27.4107, Reg: 324.300978
Epoch [122/143], Total Loss: 327.8964, NLL: 3.4939, Masked: 27.4086, Reg: 324.373237
Epoch [123/143], Total Loss: 327.8276, NLL: 3.4939, Masked: 27.4034, Reg: 324.304489
Epoch [124/143], Total Loss: 327.8520, NLL: 3.4939, Masked: 27.4082, Reg: 324.328845
Epoch [125/143], Total Loss: 327.8607, NLL: 3.4939, Masked: 27.4014, Reg: 324.337548
Epoch [126/143], Total Loss: 327.8224, NLL: 3.4939, Masked: 27.4091, Reg: 324.299245
Epoch [127/143], Total Loss: 327.8748, NLL: 3.4939, Masked: 27.4062, Reg: 324.351671
Epoch [128/143], Total Loss: 327.8113, NLL: 3.4939, Masked: 27.4006, Reg: 324.288217
Epoch [129/143], Total Loss: 327.8362, NLL: 3.4939, Masked: 27.4049, Reg: 324.313086
Epoch [130/143], Total Loss: 327.8211, NLL: 3.4939, Masked: 27.4060, Reg: 324.297985
Epoch [131/143], Total Loss: 327.8070, NLL: 3.4939, Masked: 27.4111, Reg: 324.283921
Epoch [132/143], Total Loss: 327.8382, NLL: 3.4939, Masked: 27.4069, Reg: 324.315075
Epoch [133/143], Total Loss: 327.7472, NLL: 3.4939, Masked: 27.4028, Reg: 324.224053
Epoch [134/143], Total Loss: 327.8806, NLL: 3.4939, Masked: 27.4038, Reg: 324.357481
Epoch [135/143], Total Loss: 327.7372, NLL: 3.4939, Masked: 27.4041, Reg: 324.214096
Epoch [136/143], Total Loss: 327.7999, NLL: 3.4939, Masked: 27.4031, Reg: 324.276793
Epoch [137/143], Total Loss: 327.8093, NLL: 3.4939, Masked: 27.4065, Reg: 324.286185
Epoch [138/143], Total Loss: 327.7714, NLL: 3.4939, Masked: 27.4074, Reg: 324.248267
Epoch [139/143], Total Loss: 327.7666, NLL: 3.4939, Masked: 27.4039, Reg: 324.243474
Epoch [140/143], Total Loss: 327.7805, NLL: 3.4939, Masked: 27.4098, Reg: 324.257410
Epoch [141/143], Total Loss: 327.8201, NLL: 3.4939, Masked: 27.4043, Reg: 324.297028
Epoch [142/143], Total Loss: 327.7082, NLL: 3.4939, Masked: 27.4113, Reg: 324.185040
Epoch [143/143], Total Loss: 327.7992, NLL: 3.4939, Masked: 27.4057, Reg: 324.276066

==================================================
EVALUATING ON TRAINING DATA
==================================================

==================================================
TEST RESULTS
==================================================
Total Loss: 317.276722
  - ZINB NLL: 3.493871
Total number of masked values: 4710074
  - Number of values with pi >= 0.6968846237164871: 0
  - Number of values with pi < 0.6968846237164871: 4710074
  - Masked Reconstruction: 27.407030
  - Regularization: 313.753599
Mean Absolute Error (MAE): 26.093697
R² Score: -48.635284
==================================================


==================================================
TEST RESULTS
==================================================
Total Loss: 317.267063
  - ZINB NLL: 3.485603
Total number of masked values: 2536489
  - Number of values with pi >= 0.6968846237164871: 0
  - Number of values with pi < 0.6968846237164871: 2536489
  - Masked Reconstruction: 26.102436
  - Regularization: 313.753599
Mean Absolute Error (MAE): 26.289692
R² Score: -27.764393
==================================================

Using combined metric: zinb_nll (3.485603) + masked_loss (26.102436) = 29.588039

>>> Optimizing combined on VALIDATION set: 29.588039
>>> Full validation metrics: {'total_loss': 317.26706251261436, 'zinb_nll': 3.485603356643693, 'mae': 26.289691925048828, 'r2': -27.764392852783203, 'masked_loss': 26.102435632208834, 'reg_loss': 313.7535992182965}

Iteration No: 2 ended. Evaluation done at random point.
Time taken: 3223.3573
Function value obtained: 29.5880
Current minimum: 1.5811
Iteration No: 3 started. Evaluating function at random point.

================================================================================
Trial with parameters:
  features: Centr
  data_point_length: 710
  step_size: 0.9803166391310946
  bin_size: 24
  sample_fraction: 0.3179548258996156
  moving_average: False
  first_layer_size_factor: 60
  num_layers: 5
  use_conv: True
  conv_channel: 112
  pool_size: 6
  kernel_size: 5
  epochs: 32
  batch_size: 128
  pi_threshold: 0.5253152871382157
  learning_rate: 0.000143301094556357
  dropout_rate: 0.007983126110107099
  masked_recon_weight: 0.008386394780402564
  regularizer: l1
  regularization_weight: 0.6065193093671492
================================================================================

Creating datasets with:
  features: ['Centr']
  bin_size: 24
  moving_average: False
  data_point_length: 29 (from 710)
  step_size: 28 (from fraction 0.9803166391310946)
  layers: [np.int64(960), np.int64(480), np.int64(240), np.int64(120), np.int64(60)] (first=960, num=5)
  stride: 1 (fixed), padding: same (fixed)


Clipping outliers using 95th percentile * 1.5...
strain_yTW001: Clipping values above 134.25 (P95=89.50). Clipped 27529/1193409 values (2.31%)
strain_FD: Clipping values above 71.92 (P95=47.94). Clipped 95791/4127807 values (2.32%)
strain_dnrp: Clipping values above 243.00 (P95=162.00). Clipped 25649/1119454 values (2.29%)
strain_yEK19: Clipping values above 77.10 (P95=51.40). Clipped 83713/3893623 values (2.15%)
strain_yEK23: Clipping values above 72.00 (P95=48.00). Clipped 86381/3558407 values (2.43%)
strain_yWT03a: Clipping values above 15.00 (P95=10.00). Clipped 10602/347679 values (3.05%)
strain_yWT04a: Clipping values above 58.50 (P95=39.00). Clipped 21095/725406 values (2.91%)
strain_ylic137: Clipping values above 142.50 (P95=95.00). Clipped 28746/1112684 values (2.58%)
Standardizing features: ['Centr']
Column order in final array (Dataset/Chrom split): ['Value', 'Centromere_Distance', 'Value_Raw', 'Size_Factor']
Removing 0 empty data points out of 77152
Column order in final array (Dataset/Chrom split): ['Value', 'Centromere_Distance', 'Value_Raw', 'Size_Factor']
Removing 0 empty data points out of 24464
Column order in final array (Dataset/Chrom split): ['Value', 'Centromere_Distance', 'Value_Raw', 'Size_Factor']
Removing 0 empty data points out of 42160
Datasets created:
  Train: (77152, 29, 4), Val: (24464, 29, 4), Test: (42160, 29, 4)

Randomly sampled 24530/77152 samples (31.8%)
Applied denoising with 15.0% masking
Applied denoising with 15.0% masking
Applied denoising with 15.0% masking
Epoch [1/32], Total Loss: 12192.4489, NLL: 2.9559, Masked: 29.5076, Reg: 12189.246079
Epoch [2/32], Total Loss: 1564.0118, NLL: 2.9545, Masked: 29.5110, Reg: 1560.809936
Epoch [3/32], Total Loss: 271.6125, NLL: 2.9533, Masked: 29.5191, Reg: 268.411711
Epoch [4/32], Total Loss: 135.3499, NLL: 2.9521, Masked: 29.5137, Reg: 132.150284
Epoch [5/32], Total Loss: 102.0585, NLL: 2.9510, Masked: 29.5158, Reg: 98.859950
Epoch [6/32], Total Loss: 88.2569, NLL: 2.9500, Masked: 29.5135, Reg: 85.059410
Epoch [7/32], Total Loss: 77.6611, NLL: 2.9490, Masked: 29.5124, Reg: 74.464675
Epoch [8/32], Total Loss: 68.9273, NLL: 2.9480, Masked: 29.5134, Reg: 65.731746
Epoch [9/32], Total Loss: 62.0139, NLL: 2.9471, Masked: 29.5127, Reg: 58.819281
Epoch [10/32], Total Loss: 56.9015, NLL: 2.9463, Masked: 29.5190, Reg: 53.707664
Epoch [11/32], Total Loss: 53.6162, NLL: 2.9455, Masked: 29.5099, Reg: 50.423198
Epoch [12/32], Total Loss: 52.1872, NLL: 2.9448, Masked: 29.5214, Reg: 48.994835
Epoch [13/32], Total Loss: 51.6650, NLL: 2.9441, Masked: 29.5167, Reg: 48.473380
Epoch [14/32], Total Loss: 51.1800, NLL: 2.9435, Masked: 29.5089, Reg: 47.989034
Epoch [15/32], Total Loss: 50.6969, NLL: 2.9430, Masked: 29.5122, Reg: 47.506373
Epoch [16/32], Total Loss: 50.2121, NLL: 2.9425, Masked: 29.5125, Reg: 47.022061
Epoch [17/32], Total Loss: 49.7277, NLL: 2.9422, Masked: 29.5079, Reg: 46.538052
Epoch [18/32], Total Loss: 49.2449, NLL: 2.9419, Masked: 29.5126, Reg: 46.055563
Epoch [19/32], Total Loss: 48.7590, NLL: 2.9416, Masked: 29.5244, Reg: 45.569791
Epoch [20/32], Total Loss: 48.2760, NLL: 2.9415, Masked: 29.5154, Reg: 45.086986
Epoch [21/32], Total Loss: 47.7922, NLL: 2.9414, Masked: 29.5086, Reg: 44.603367
Epoch [22/32], Total Loss: 47.3091, NLL: 2.9414, Masked: 29.5176, Reg: 44.120104
Epoch [23/32], Total Loss: 46.8248, NLL: 2.9415, Masked: 29.5146, Reg: 43.635776
Epoch [24/32], Total Loss: 46.3412, NLL: 2.9417, Masked: 29.5078, Reg: 43.152060
Epoch [25/32], Total Loss: 45.8589, NLL: 2.9420, Masked: 29.5115, Reg: 42.669387
Epoch [26/32], Total Loss: 45.3735, NLL: 2.9424, Masked: 29.5096, Reg: 42.183700
Epoch [27/32], Total Loss: 44.8914, NLL: 2.9429, Masked: 29.5080, Reg: 41.701095
Epoch [28/32], Total Loss: 44.4089, NLL: 2.9434, Masked: 29.5088, Reg: 41.218070
Epoch [29/32], Total Loss: 43.9251, NLL: 2.9441, Masked: 29.5131, Reg: 40.733517
Epoch [30/32], Total Loss: 43.4423, NLL: 2.9448, Masked: 29.5081, Reg: 40.249995
Epoch [31/32], Total Loss: 42.9605, NLL: 2.9456, Masked: 29.5081, Reg: 39.767404
Epoch [32/32], Total Loss: 42.4767, NLL: 2.9466, Masked: 29.5108, Reg: 39.282551

==================================================
EVALUATING ON TRAINING DATA
==================================================

==================================================
TEST RESULTS
==================================================
Total Loss: 42.223115
  - ZINB NLL: 2.947129
Total number of masked values: 67132
  - Number of values with pi >= 0.5253152871382157: 0
  - Number of values with pi < 0.5253152871382157: 67132
  - Masked Reconstruction: 29.507223
  - Regularization: 39.028526
Mean Absolute Error (MAE): 26.216753
R² Score: -38.732677
==================================================


==================================================
TEST RESULTS
==================================================
Total Loss: 42.182516
  - ZINB NLL: 2.937734
Total number of masked values: 66156
  - Number of values with pi >= 0.5253152871382157: 0
  - Number of values with pi < 0.5253152871382157: 66156
  - Masked Reconstruction: 25.786484
  - Regularization: 39.028526
Mean Absolute Error (MAE): 26.315727
R² Score: -23.323057
==================================================

Using combined metric: zinb_nll (2.937734) + masked_loss (25.786484) = 28.724218

>>> Optimizing combined on VALIDATION set: 28.724218
>>> Full validation metrics: {'total_loss': 42.182515986999555, 'zinb_nll': 2.937733939771484, 'mae': 26.31572723388672, 'r2': -23.323057174682617, 'masked_loss': 25.786483851969827, 'reg_loss': 39.02852637402908}

Iteration No: 3 ended. Evaluation done at random point.
Time taken: 112.7279
Function value obtained: 28.7242
Current minimum: 1.5811
Iteration No: 4 started. Evaluating function at random point.

================================================================================
Trial with parameters:
  features: Centr
  data_point_length: 4249
  step_size: 0.3800234901308291
  bin_size: 40
  sample_fraction: 0.3866770658410468
  moving_average: False
  first_layer_size_factor: 66
  num_layers: 2
  use_conv: False
  conv_channel: 20
  pool_size: 7
  kernel_size: 5
  epochs: 77
  batch_size: 128
  pi_threshold: 0.5909087983425684
  learning_rate: 9.541624171184559e-05
  dropout_rate: 0.28522198720269976
  masked_recon_weight: 0.12115379992469595
  regularizer: none
  regularization_weight: 8.160879038628487
================================================================================

Creating datasets with:
  features: ['Centr']
  bin_size: 40
  moving_average: False
  data_point_length: 106 (from 4249)
  step_size: 40 (from fraction 0.3800234901308291)
  layers: [np.int64(1056), np.int64(528)] (first=1056, num=2)
  stride: 1 (fixed), padding: same (fixed)


Clipping outliers using 95th percentile * 1.5...
strain_yTW001: Clipping values above 134.25 (P95=89.50). Clipped 27529/1193409 values (2.31%)
strain_FD: Clipping values above 71.92 (P95=47.94). Clipped 95791/4127807 values (2.32%)
strain_dnrp: Clipping values above 243.00 (P95=162.00). Clipped 25649/1119454 values (2.29%)
strain_yEK19: Clipping values above 77.10 (P95=51.40). Clipped 83713/3893623 values (2.15%)
strain_yEK23: Clipping values above 72.00 (P95=48.00). Clipped 86381/3558407 values (2.43%)
strain_yWT03a: Clipping values above 15.00 (P95=10.00). Clipped 10602/347679 values (3.05%)
strain_yWT04a: Clipping values above 58.50 (P95=39.00). Clipped 21095/725406 values (2.91%)
strain_ylic137: Clipping values above 142.50 (P95=95.00). Clipped 28746/1112684 values (2.58%)
Standardizing features: ['Centr']
Column order in final array (Dataset/Chrom split): ['Value', 'Centromere_Distance', 'Value_Raw', 'Size_Factor']
Removing 0 empty data points out of 32312
Column order in final array (Dataset/Chrom split): ['Value', 'Centromere_Distance', 'Value_Raw', 'Size_Factor']
Removing 0 empty data points out of 10248
Column order in final array (Dataset/Chrom split): ['Value', 'Centromere_Distance', 'Value_Raw', 'Size_Factor']
Removing 0 empty data points out of 17664
Datasets created:
  Train: (32312, 106, 4), Val: (10248, 106, 4), Test: (17664, 106, 4)

Randomly sampled 12494/32312 samples (38.7%)
Applied denoising with 15.0% masking
Applied denoising with 15.0% masking
Applied denoising with 15.0% masking
Epoch [1/77], Total Loss: 3.3799, NLL: 2.3038, Masked: 8.8825
Epoch [2/77], Total Loss: 2.3260, NLL: 1.9962, Masked: 2.7221
Epoch [3/77], Total Loss: 2.2327, NLL: 1.9221, Masked: 2.5631
Epoch [4/77], Total Loss: 2.1373, NLL: 1.8372, Masked: 2.4775
Epoch [5/77], Total Loss: 2.1102, NLL: 1.8130, Masked: 2.4535
Epoch [6/77], Total Loss: 2.0985, NLL: 1.8031, Masked: 2.4384
Epoch [7/77], Total Loss: 2.0929, NLL: 1.7982, Masked: 2.4322
Epoch [8/77], Total Loss: 2.0901, NLL: 1.7958, Masked: 2.4287
Epoch [9/77], Total Loss: 2.0868, NLL: 1.7931, Masked: 2.4244
Epoch [10/77], Total Loss: 2.0847, NLL: 1.7912, Masked: 2.4221
Epoch [11/77], Total Loss: 2.0836, NLL: 1.7904, Masked: 2.4199
Epoch [12/77], Total Loss: 2.0818, NLL: 1.7890, Masked: 2.4162
Epoch [13/77], Total Loss: 2.0817, NLL: 1.7885, Masked: 2.4200
Epoch [14/77], Total Loss: 2.0804, NLL: 1.7878, Masked: 2.4148
Epoch [15/77], Total Loss: 2.0770, NLL: 1.7851, Masked: 2.4094
Epoch [16/77], Total Loss: 2.0705, NLL: 1.7804, Masked: 2.3948
Epoch [17/77], Total Loss: 2.0546, NLL: 1.7680, Masked: 2.3656
Epoch [18/77], Total Loss: 2.0457, NLL: 1.7605, Masked: 2.3544
Epoch [19/77], Total Loss: 2.0384, NLL: 1.7550, Masked: 2.3394
Epoch [20/77], Total Loss: 2.0268, NLL: 1.7460, Masked: 2.3177
Epoch [21/77], Total Loss: 2.0195, NLL: 1.7401, Masked: 2.3067
Epoch [22/77], Total Loss: 2.0147, NLL: 1.7359, Masked: 2.3010
Epoch [23/77], Total Loss: 2.0097, NLL: 1.7321, Masked: 2.2908
Epoch [24/77], Total Loss: 2.0016, NLL: 1.7258, Masked: 2.2766
Epoch [25/77], Total Loss: 1.9925, NLL: 1.7186, Masked: 2.2603
Epoch [26/77], Total Loss: 1.9847, NLL: 1.7126, Masked: 2.2456
Epoch [27/77], Total Loss: 1.9781, NLL: 1.7072, Masked: 2.2361
Epoch [28/77], Total Loss: 1.9717, NLL: 1.7021, Masked: 2.2248
Epoch [29/77], Total Loss: 1.9683, NLL: 1.6990, Masked: 2.2228
Epoch [30/77], Total Loss: 1.9643, NLL: 1.6962, Masked: 2.2127
Epoch [31/77], Total Loss: 1.9616, NLL: 1.6938, Masked: 2.2111
Epoch [32/77], Total Loss: 1.9579, NLL: 1.6911, Masked: 2.2024
Epoch [33/77], Total Loss: 1.9550, NLL: 1.6888, Masked: 2.1971
Epoch [34/77], Total Loss: 1.9516, NLL: 1.6864, Masked: 2.1892
Epoch [35/77], Total Loss: 1.9477, NLL: 1.6836, Masked: 2.1802
Epoch [36/77], Total Loss: 1.9447, NLL: 1.6809, Masked: 2.1770
Epoch [37/77], Total Loss: 1.9425, NLL: 1.6791, Masked: 2.1737
Epoch [38/77], Total Loss: 1.9402, NLL: 1.6773, Masked: 2.1700
Epoch [39/77], Total Loss: 1.9388, NLL: 1.6765, Masked: 2.1653
Epoch [40/77], Total Loss: 1.9367, NLL: 1.6746, Masked: 2.1633
Epoch [41/77], Total Loss: 1.9347, NLL: 1.6732, Masked: 2.1583
Epoch [42/77], Total Loss: 1.9326, NLL: 1.6717, Masked: 2.1537
Epoch [43/77], Total Loss: 1.9311, NLL: 1.6706, Masked: 2.1504
Epoch [44/77], Total Loss: 1.9290, NLL: 1.6690, Masked: 2.1460
Epoch [45/77], Total Loss: 1.9273, NLL: 1.6680, Masked: 2.1406
Epoch [46/77], Total Loss: 1.9252, NLL: 1.6663, Masked: 2.1371
Epoch [47/77], Total Loss: 1.9238, NLL: 1.6651, Masked: 2.1355
Epoch [48/77], Total Loss: 1.9215, NLL: 1.6637, Masked: 2.1283
Epoch [49/77], Total Loss: 1.9212, NLL: 1.6634, Masked: 2.1280
Epoch [50/77], Total Loss: 1.9194, NLL: 1.6619, Masked: 2.1247
Epoch [51/77], Total Loss: 1.9174, NLL: 1.6607, Masked: 2.1190
Epoch [52/77], Total Loss: 1.9168, NLL: 1.6602, Masked: 2.1187
Epoch [53/77], Total Loss: 1.9149, NLL: 1.6590, Masked: 2.1119
Epoch [54/77], Total Loss: 1.9142, NLL: 1.6585, Masked: 2.1110
Epoch [55/77], Total Loss: 1.9131, NLL: 1.6574, Masked: 2.1102
Epoch [56/77], Total Loss: 1.9112, NLL: 1.6564, Masked: 2.1026
Epoch [57/77], Total Loss: 1.9101, NLL: 1.6554, Masked: 2.1024
Epoch [58/77], Total Loss: 1.9087, NLL: 1.6545, Masked: 2.0980
Epoch [59/77], Total Loss: 1.9066, NLL: 1.6530, Masked: 2.0933
Epoch [60/77], Total Loss: 1.9055, NLL: 1.6524, Masked: 2.0892
Epoch [61/77], Total Loss: 1.9037, NLL: 1.6511, Masked: 2.0851
Epoch [62/77], Total Loss: 1.9024, NLL: 1.6502, Masked: 2.0818
Epoch [63/77], Total Loss: 1.9011, NLL: 1.6495, Masked: 2.0772
Epoch [64/77], Total Loss: 1.9001, NLL: 1.6487, Masked: 2.0751
Epoch [65/77], Total Loss: 1.8990, NLL: 1.6478, Masked: 2.0734
Epoch [66/77], Total Loss: 1.8974, NLL: 1.6470, Masked: 2.0664
Epoch [67/77], Total Loss: 1.8972, NLL: 1.6466, Masked: 2.0680
Epoch [68/77], Total Loss: 1.8960, NLL: 1.6459, Masked: 2.0641
Epoch [69/77], Total Loss: 1.8952, NLL: 1.6453, Masked: 2.0631
Epoch [70/77], Total Loss: 1.8939, NLL: 1.6444, Masked: 2.0595
Epoch [71/77], Total Loss: 1.8933, NLL: 1.6440, Masked: 2.0581
Epoch [72/77], Total Loss: 1.8926, NLL: 1.6441, Masked: 2.0509
Epoch [73/77], Total Loss: 1.8913, NLL: 1.6429, Masked: 2.0497
Epoch [74/77], Total Loss: 1.8907, NLL: 1.6424, Masked: 2.0495
Epoch [75/77], Total Loss: 1.8895, NLL: 1.6416, Masked: 2.0461
Epoch [76/77], Total Loss: 1.8887, NLL: 1.6412, Masked: 2.0430
Epoch [77/77], Total Loss: 1.8872, NLL: 1.6404, Masked: 2.0369

==================================================
EVALUATING ON TRAINING DATA
==================================================

==================================================
TEST RESULTS
==================================================
Total Loss: 1.873304
  - ZINB NLL: 1.631435
Total number of masked values: 154323
  - Number of values with pi >= 0.5909087983425684: 0
  - Number of values with pi < 0.5909087983425684: 154323
  - Masked Reconstruction: 1.996383
Mean Absolute Error (MAE): 1.807941
R² Score: 0.497966
==================================================


==================================================
TEST RESULTS
==================================================
Total Loss: 1.882109
  - ZINB NLL: 1.626066
Total number of masked values: 125396
  - Number of values with pi >= 0.5909087983425684: 0
  - Number of values with pi < 0.5909087983425684: 125396
  - Masked Reconstruction: 2.113369
Mean Absolute Error (MAE): 1.895386
R² Score: 0.517911
==================================================

Using combined metric: zinb_nll (1.626066) + masked_loss (2.113369) = 3.739435

>>> Optimizing combined on VALIDATION set: 3.739435
>>> Full validation metrics: {'total_loss': 1.8821085976214265, 'zinb_nll': 1.6260658713823926, 'mae': 1.8953860998153687, 'r2': 0.5179112553596497, 'masked_loss': 2.113369345664978}

Iteration No: 4 ended. Evaluation done at random point.
Time taken: 85.2914
Function value obtained: 3.7394
Current minimum: 1.5811
Iteration No: 5 started. Evaluating function at random point.

================================================================================
Trial with parameters:
  features: Nucl
  data_point_length: 2929
  step_size: 0.6900633742478862
  bin_size: 97
  sample_fraction: 0.7052756857650135
  moving_average: True
  first_layer_size_factor: 47
  num_layers: 2
  use_conv: True
  conv_channel: 63
  pool_size: 4
  kernel_size: 5
  epochs: 32
  batch_size: 32
  pi_threshold: 0.58453678109946
  learning_rate: 0.002347073130303155
  dropout_rate: 0.30297998739050575
  masked_recon_weight: 5.072283440670043
  regularizer: l2
  regularization_weight: 25.393217281795962
================================================================================

Creating datasets with:
  features: ['Nucl']
  bin_size: 97
  moving_average: True
  data_point_length: 2929 (from 2929)
  step_size: 2021 (from fraction 0.6900633742478862)
  layers: [np.int64(752), np.int64(376)] (first=752, num=2)
  stride: 1 (fixed), padding: same (fixed)


Clipping outliers using 95th percentile * 1.5...
strain_yTW001: Clipping values above 134.25 (P95=89.50). Clipped 27529/1193409 values (2.31%)
strain_FD: Clipping values above 71.92 (P95=47.94). Clipped 95791/4127807 values (2.32%)
strain_dnrp: Clipping values above 243.00 (P95=162.00). Clipped 25649/1119454 values (2.29%)
strain_yEK19: Clipping values above 77.10 (P95=51.40). Clipped 83713/3893623 values (2.15%)
strain_yEK23: Clipping values above 72.00 (P95=48.00). Clipped 86381/3558407 values (2.43%)
strain_yWT03a: Clipping values above 15.00 (P95=10.00). Clipped 10602/347679 values (3.05%)
strain_yWT04a: Clipping values above 58.50 (P95=39.00). Clipped 21095/725406 values (2.91%)
strain_ylic137: Clipping values above 142.50 (P95=95.00). Clipped 28746/1112684 values (2.58%)
Standardizing features: ['Nucl']
Column order in final array (Dataset/Chrom split): ['Value', 'Nucleosome_Distance', 'Value_Raw', 'Size_Factor']
Removing 0 empty data points out of 25640
Column order in final array (Dataset/Chrom split): ['Value', 'Nucleosome_Distance', 'Value_Raw', 'Size_Factor']
Removing 0 empty data points out of 8128
Column order in final array (Dataset/Chrom split): ['Value', 'Nucleosome_Distance', 'Value_Raw', 'Size_Factor']
Removing 0 empty data points out of 14008
Datasets created:
  Train: (25640, 2929, 4), Val: (8128, 2929, 4), Test: (14008, 2929, 4)

Randomly sampled 18083/25640 samples (70.5%)
Applied denoising with 15.0% masking
Applied denoising with 15.0% masking
Applied denoising with 15.0% masking
Epoch [1/32], Total Loss: 140.2642, NLL: 3.2577, Masked: 27.0108, Reg: 155251.070704
Epoch [2/32], Total Loss: 140.4564, NLL: 3.4429, Masked: 27.0122, Reg: 24258.653267
Epoch [3/32], Total Loss: 140.5805, NLL: 3.5827, Masked: 27.0091, Reg: 1657.422171
Epoch [4/32], Total Loss: 140.6328, NLL: 3.6301, Masked: 27.0101, Reg: 38.661300
Epoch [5/32], Total Loss: 140.6549, NLL: 3.6374, Masked: 27.0130, Reg: 5.107978
Epoch [6/32], Total Loss: 140.6776, NLL: 3.6379, Masked: 27.0174, Reg: 5.266892
Epoch [7/32], Total Loss: 140.6282, NLL: 3.6379, Masked: 27.0076, Reg: 5.266729
Epoch [8/32], Total Loss: 140.6322, NLL: 3.6379, Masked: 27.0084, Reg: 4.920363
Epoch [9/32], Total Loss: 140.6232, NLL: 3.6379, Masked: 27.0066, Reg: 4.960242
Epoch [10/32], Total Loss: 140.6371, NLL: 3.6379, Masked: 27.0094, Reg: 4.957502
Epoch [11/32], Total Loss: 140.6654, NLL: 3.6379, Masked: 27.0149, Reg: 4.965193
Epoch [12/32], Total Loss: 140.6358, NLL: 3.6379, Masked: 27.0091, Reg: 4.993052
Epoch [13/32], Total Loss: 140.6170, NLL: 3.6379, Masked: 27.0054, Reg: 5.037925
Epoch [14/32], Total Loss: 140.6586, NLL: 3.6379, Masked: 27.0136, Reg: 5.037823
Epoch [15/32], Total Loss: 140.6259, NLL: 3.6379, Masked: 27.0072, Reg: 4.994986
Epoch [16/32], Total Loss: 140.6333, NLL: 3.6379, Masked: 27.0086, Reg: 4.972099
Epoch [17/32], Total Loss: 140.6228, NLL: 3.6379, Masked: 27.0066, Reg: 4.988092
Epoch [18/32], Total Loss: 140.6446, NLL: 3.6379, Masked: 27.0109, Reg: 5.008146
Epoch [19/32], Total Loss: 140.6437, NLL: 3.6379, Masked: 27.0107, Reg: 5.030525
Epoch [20/32], Total Loss: 140.6629, NLL: 3.6379, Masked: 27.0145, Reg: 5.001286
Epoch [21/32], Total Loss: 140.6355, NLL: 3.6379, Masked: 27.0091, Reg: 4.984600
Epoch [22/32], Total Loss: 140.6622, NLL: 3.6379, Masked: 27.0143, Reg: 4.983366
Epoch [23/32], Total Loss: 140.6552, NLL: 3.6379, Masked: 27.0129, Reg: 4.995399
Epoch [24/32], Total Loss: 140.6442, NLL: 3.6379, Masked: 27.0108, Reg: 5.003555
Epoch [25/32], Total Loss: 140.6389, NLL: 3.6379, Masked: 27.0097, Reg: 4.993542
Epoch [26/32], Total Loss: 140.6547, NLL: 3.6379, Masked: 27.0128, Reg: 4.992159
Epoch [27/32], Total Loss: 140.6451, NLL: 3.6379, Masked: 27.0109, Reg: 4.972637
Epoch [28/32], Total Loss: 140.6090, NLL: 3.6379, Masked: 27.0038, Reg: 4.987577
Epoch [29/32], Total Loss: 140.6541, NLL: 3.6379, Masked: 27.0127, Reg: 5.000154
Epoch [30/32], Total Loss: 140.6507, NLL: 3.6379, Masked: 27.0121, Reg: 4.996814
Epoch [31/32], Total Loss: 140.6459, NLL: 3.6379, Masked: 27.0111, Reg: 4.982812
Epoch [32/32], Total Loss: 140.6276, NLL: 3.6379, Masked: 27.0075, Reg: 4.982516

==================================================
EVALUATING ON TRAINING DATA
==================================================

==================================================
TEST RESULTS
==================================================
Total Loss: 140.685757
  - ZINB NLL: 3.638186
Total number of masked values: 7304377
  - Number of values with pi >= 0.58453678109946: 0
  - Number of values with pi < 0.58453678109946: 7304377
  - Masked Reconstruction: 27.018911
  - Regularization: 4.844436
Mean Absolute Error (MAE): 26.203600
R² Score: -56.624973
==================================================


==================================================
TEST RESULTS
==================================================
Total Loss: 136.040742
  - ZINB NLL: 3.627013
Total number of masked values: 3263299
  - Number of values with pi >= 0.58453678109946: 0
  - Number of values with pi < 0.58453678109946: 3263299
  - Masked Reconstruction: 26.105350
  - Regularization: 4.844436
Mean Absolute Error (MAE): 26.205112
R² Score: -29.988522
==================================================

Using combined metric: zinb_nll (3.627013) + masked_loss (26.105350) = 29.732363

>>> Optimizing combined on VALIDATION set: 29.732363
>>> Full validation metrics: {'total_loss': 136.04074214950322, 'zinb_nll': 3.6270129000108073, 'mae': 26.20511245727539, 'r2': -29.988521575927734, 'masked_loss': 26.10534989552235, 'reg_loss': 4.844435854762562}

Iteration No: 5 ended. Evaluation done at random point.
Time taken: 825.7457
Function value obtained: 29.7324
Current minimum: 1.5811
Iteration No: 6 started. Evaluating function at random point.

================================================================================
Trial with parameters:
  features: Nucl
  data_point_length: 2523
  step_size: 0.3215575873678085
  bin_size: 38
  sample_fraction: 0.7516309394977055
  moving_average: False
  first_layer_size_factor: 90
  num_layers: 2
  use_conv: False
  conv_channel: 59
  pool_size: 8
  kernel_size: 9
  epochs: 117
  batch_size: 32
  pi_threshold: 0.4024273291045296
  learning_rate: 1.3222110082400287e-05
  dropout_rate: 0.35533144484289375
  masked_recon_weight: 0.0027769194556163863
  regularizer: l2
  regularization_weight: 0.00025824648340043807
================================================================================

Creating datasets with:
  features: ['Nucl']
  bin_size: 38
  moving_average: False
  data_point_length: 66 (from 2523)
  step_size: 21 (from fraction 0.3215575873678085)
  layers: [np.int64(1440), np.int64(720)] (first=1440, num=2)
  stride: 1 (fixed), padding: same (fixed)


Clipping outliers using 95th percentile * 1.5...
strain_yTW001: Clipping values above 134.25 (P95=89.50). Clipped 27529/1193409 values (2.31%)
strain_FD: Clipping values above 71.92 (P95=47.94). Clipped 95791/4127807 values (2.32%)
strain_dnrp: Clipping values above 243.00 (P95=162.00). Clipped 25649/1119454 values (2.29%)
strain_yEK19: Clipping values above 77.10 (P95=51.40). Clipped 83713/3893623 values (2.15%)
strain_yEK23: Clipping values above 72.00 (P95=48.00). Clipped 86381/3558407 values (2.43%)
strain_yWT03a: Clipping values above 15.00 (P95=10.00). Clipped 10602/347679 values (3.05%)
strain_yWT04a: Clipping values above 58.50 (P95=39.00). Clipped 21095/725406 values (2.91%)
strain_ylic137: Clipping values above 142.50 (P95=95.00). Clipped 28746/1112684 values (2.58%)
Standardizing features: ['Nucl']
Column order in final array (Dataset/Chrom split): ['Value', 'Nucleosome_Distance', 'Value_Raw', 'Size_Factor']
Removing 0 empty data points out of 64800
Column order in final array (Dataset/Chrom split): ['Value', 'Nucleosome_Distance', 'Value_Raw', 'Size_Factor']
Removing 0 empty data points out of 20552
Column order in final array (Dataset/Chrom split): ['Value', 'Nucleosome_Distance', 'Value_Raw', 'Size_Factor']
Removing 0 empty data points out of 35440
Datasets created:
  Train: (64800, 66, 4), Val: (20552, 66, 4), Test: (35440, 66, 4)

Randomly sampled 48705/64800 samples (75.2%)
Applied denoising with 15.0% masking
Applied denoising with 15.0% masking
Applied denoising with 15.0% masking
Epoch [1/117], Total Loss: 1.9837, NLL: 1.9712, Masked: 4.4998, Reg: 0.360813
Epoch [2/117], Total Loss: 1.8066, NLL: 1.7996, Masked: 2.5248, Reg: 0.335793
Epoch [3/117], Total Loss: 1.7868, NLL: 1.7798, Masked: 2.5331, Reg: 0.310984
Epoch [4/117], Total Loss: 1.7791, NLL: 1.7721, Masked: 2.5208, Reg: 0.284796
Epoch [5/117], Total Loss: 1.7723, NLL: 1.7654, Masked: 2.4889, Reg: 0.261006
Epoch [6/117], Total Loss: 1.7648, NLL: 1.7579, Masked: 2.4614, Reg: 0.241577
Epoch [7/117], Total Loss: 1.7556, NLL: 1.7488, Masked: 2.4326, Reg: 0.226473
Epoch [8/117], Total Loss: 1.7441, NLL: 1.7374, Masked: 2.4033, Reg: 0.215143
Epoch [9/117], Total Loss: 1.7339, NLL: 1.7273, Masked: 2.3839, Reg: 0.206367
Epoch [10/117], Total Loss: 1.7262, NLL: 1.7196, Masked: 2.3711, Reg: 0.198871
Epoch [11/117], Total Loss: 1.7192, NLL: 1.7126, Masked: 2.3539, Reg: 0.192462
Epoch [12/117], Total Loss: 1.7134, NLL: 1.7069, Masked: 2.3400, Reg: 0.186865
Epoch [13/117], Total Loss: 1.7085, NLL: 1.7021, Masked: 2.3285, Reg: 0.181690
Epoch [14/117], Total Loss: 1.7049, NLL: 1.6985, Masked: 2.3222, Reg: 0.176944
Epoch [15/117], Total Loss: 1.7015, NLL: 1.6951, Masked: 2.3097, Reg: 0.172507
Epoch [16/117], Total Loss: 1.6987, NLL: 1.6923, Masked: 2.3035, Reg: 0.168430
Epoch [17/117], Total Loss: 1.6965, NLL: 1.6901, Masked: 2.2970, Reg: 0.164612
Epoch [18/117], Total Loss: 1.6938, NLL: 1.6875, Masked: 2.2869, Reg: 0.161094
Epoch [19/117], Total Loss: 1.6913, NLL: 1.6849, Masked: 2.2793, Reg: 0.157925
Epoch [20/117], Total Loss: 1.6889, NLL: 1.6825, Masked: 2.2755, Reg: 0.155026
Epoch [21/117], Total Loss: 1.6863, NLL: 1.6800, Masked: 2.2654, Reg: 0.152294
Epoch [22/117], Total Loss: 1.6838, NLL: 1.6776, Masked: 2.2596, Reg: 0.149767
Epoch [23/117], Total Loss: 1.6820, NLL: 1.6757, Masked: 2.2545, Reg: 0.147345
Epoch [24/117], Total Loss: 1.6800, NLL: 1.6738, Masked: 2.2506, Reg: 0.145047
Epoch [25/117], Total Loss: 1.6782, NLL: 1.6719, Masked: 2.2439, Reg: 0.142846
Epoch [26/117], Total Loss: 1.6766, NLL: 1.6703, Masked: 2.2396, Reg: 0.140701
Epoch [27/117], Total Loss: 1.6751, NLL: 1.6689, Masked: 2.2319, Reg: 0.138689
Epoch [28/117], Total Loss: 1.6736, NLL: 1.6674, Masked: 2.2286, Reg: 0.136692
Epoch [29/117], Total Loss: 1.6719, NLL: 1.6657, Masked: 2.2249, Reg: 0.134870
Epoch [30/117], Total Loss: 1.6707, NLL: 1.6645, Masked: 2.2219, Reg: 0.133103
Epoch [31/117], Total Loss: 1.6692, NLL: 1.6630, Masked: 2.2154, Reg: 0.131303
Epoch [32/117], Total Loss: 1.6679, NLL: 1.6618, Masked: 2.2132, Reg: 0.129554
Epoch [33/117], Total Loss: 1.6666, NLL: 1.6604, Masked: 2.2107, Reg: 0.127926
Epoch [34/117], Total Loss: 1.6652, NLL: 1.6591, Masked: 2.2051, Reg: 0.126339
Epoch [35/117], Total Loss: 1.6642, NLL: 1.6581, Masked: 2.2058, Reg: 0.124724
Epoch [36/117], Total Loss: 1.6630, NLL: 1.6569, Masked: 2.2008, Reg: 0.123185
Epoch [37/117], Total Loss: 1.6618, NLL: 1.6557, Masked: 2.1986, Reg: 0.121723
Epoch [38/117], Total Loss: 1.6606, NLL: 1.6545, Masked: 2.1973, Reg: 0.120332
Epoch [39/117], Total Loss: 1.6592, NLL: 1.6531, Masked: 2.1954, Reg: 0.118977
Epoch [40/117], Total Loss: 1.6579, NLL: 1.6518, Masked: 2.1930, Reg: 0.117741
Epoch [41/117], Total Loss: 1.6566, NLL: 1.6505, Masked: 2.1906, Reg: 0.116540
Epoch [42/117], Total Loss: 1.6555, NLL: 1.6495, Masked: 2.1899, Reg: 0.115384
Epoch [43/117], Total Loss: 1.6542, NLL: 1.6481, Masked: 2.1884, Reg: 0.114223
Epoch [44/117], Total Loss: 1.6530, NLL: 1.6469, Masked: 2.1872, Reg: 0.113120
Epoch [45/117], Total Loss: 1.6517, NLL: 1.6456, Masked: 2.1826, Reg: 0.112051
Epoch [46/117], Total Loss: 1.6508, NLL: 1.6447, Masked: 2.1848, Reg: 0.111053
Epoch [47/117], Total Loss: 1.6502, NLL: 1.6441, Masked: 2.1829, Reg: 0.110089
Epoch [48/117], Total Loss: 1.6492, NLL: 1.6432, Masked: 2.1803, Reg: 0.109094
Epoch [49/117], Total Loss: 1.6482, NLL: 1.6422, Masked: 2.1796, Reg: 0.108082
Epoch [50/117], Total Loss: 1.6473, NLL: 1.6412, Masked: 2.1786, Reg: 0.107145
Epoch [51/117], Total Loss: 1.6463, NLL: 1.6403, Masked: 2.1780, Reg: 0.106243
Epoch [52/117], Total Loss: 1.6452, NLL: 1.6392, Masked: 2.1754, Reg: 0.105398
Epoch [53/117], Total Loss: 1.6446, NLL: 1.6385, Masked: 2.1733, Reg: 0.104509
Epoch [54/117], Total Loss: 1.6435, NLL: 1.6374, Masked: 2.1704, Reg: 0.103647
Epoch [55/117], Total Loss: 1.6429, NLL: 1.6369, Masked: 2.1732, Reg: 0.102810
Epoch [56/117], Total Loss: 1.6423, NLL: 1.6363, Masked: 2.1708, Reg: 0.101981
Epoch [57/117], Total Loss: 1.6415, NLL: 1.6354, Masked: 2.1682, Reg: 0.101222
Epoch [58/117], Total Loss: 1.6406, NLL: 1.6346, Masked: 2.1674, Reg: 0.100462
Epoch [59/117], Total Loss: 1.6401, NLL: 1.6340, Masked: 2.1673, Reg: 0.099731
Epoch [60/117], Total Loss: 1.6395, NLL: 1.6334, Masked: 2.1658, Reg: 0.099045
Epoch [61/117], Total Loss: 1.6389, NLL: 1.6328, Masked: 2.1648, Reg: 0.098352
Epoch [62/117], Total Loss: 1.6380, NLL: 1.6320, Masked: 2.1621, Reg: 0.097632
Epoch [63/117], Total Loss: 1.6375, NLL: 1.6315, Masked: 2.1603, Reg: 0.096976
Epoch [64/117], Total Loss: 1.6369, NLL: 1.6309, Masked: 2.1629, Reg: 0.096421
Epoch [65/117], Total Loss: 1.6362, NLL: 1.6302, Masked: 2.1622, Reg: 0.095884
Epoch [66/117], Total Loss: 1.6356, NLL: 1.6296, Masked: 2.1595, Reg: 0.095294
Epoch [67/117], Total Loss: 1.6350, NLL: 1.6290, Masked: 2.1559, Reg: 0.094771
Epoch [68/117], Total Loss: 1.6341, NLL: 1.6282, Masked: 2.1534, Reg: 0.094341
Epoch [69/117], Total Loss: 1.6334, NLL: 1.6275, Masked: 2.1556, Reg: 0.093903
Epoch [70/117], Total Loss: 1.6330, NLL: 1.6270, Masked: 2.1539, Reg: 0.093507
Epoch [71/117], Total Loss: 1.6322, NLL: 1.6262, Masked: 2.1500, Reg: 0.093130
Epoch [72/117], Total Loss: 1.6315, NLL: 1.6256, Masked: 2.1491, Reg: 0.092844
Epoch [73/117], Total Loss: 1.6309, NLL: 1.6250, Masked: 2.1485, Reg: 0.092525
Epoch [74/117], Total Loss: 1.6302, NLL: 1.6243, Masked: 2.1476, Reg: 0.092210
Epoch [75/117], Total Loss: 1.6296, NLL: 1.6237, Masked: 2.1454, Reg: 0.091947
Epoch [76/117], Total Loss: 1.6289, NLL: 1.6230, Masked: 2.1443, Reg: 0.091756
Epoch [77/117], Total Loss: 1.6282, NLL: 1.6222, Masked: 2.1415, Reg: 0.091562
Epoch [78/117], Total Loss: 1.6277, NLL: 1.6218, Masked: 2.1398, Reg: 0.091339
Epoch [79/117], Total Loss: 1.6271, NLL: 1.6211, Masked: 2.1408, Reg: 0.091127
Epoch [80/117], Total Loss: 1.6265, NLL: 1.6205, Masked: 2.1367, Reg: 0.090936
Epoch [81/117], Total Loss: 1.6260, NLL: 1.6200, Masked: 2.1389, Reg: 0.090690
Epoch [82/117], Total Loss: 1.6252, NLL: 1.6193, Masked: 2.1348, Reg: 0.090516
Epoch [83/117], Total Loss: 1.6247, NLL: 1.6188, Masked: 2.1332, Reg: 0.090347
Epoch [84/117], Total Loss: 1.6244, NLL: 1.6185, Masked: 2.1328, Reg: 0.090155
Epoch [85/117], Total Loss: 1.6241, NLL: 1.6181, Masked: 2.1305, Reg: 0.090005
Epoch [86/117], Total Loss: 1.6235, NLL: 1.6176, Masked: 2.1287, Reg: 0.089819
Epoch [87/117], Total Loss: 1.6231, NLL: 1.6172, Masked: 2.1312, Reg: 0.089730
Epoch [88/117], Total Loss: 1.6227, NLL: 1.6168, Masked: 2.1288, Reg: 0.089590
Epoch [89/117], Total Loss: 1.6222, NLL: 1.6163, Masked: 2.1286, Reg: 0.089515
Epoch [90/117], Total Loss: 1.6218, NLL: 1.6159, Masked: 2.1258, Reg: 0.089405
Epoch [91/117], Total Loss: 1.6214, NLL: 1.6154, Masked: 2.1269, Reg: 0.089375
Epoch [92/117], Total Loss: 1.6210, NLL: 1.6151, Masked: 2.1249, Reg: 0.089294
Epoch [93/117], Total Loss: 1.6207, NLL: 1.6148, Masked: 2.1262, Reg: 0.089220
Epoch [94/117], Total Loss: 1.6205, NLL: 1.6146, Masked: 2.1236, Reg: 0.089200
Epoch [95/117], Total Loss: 1.6198, NLL: 1.6139, Masked: 2.1221, Reg: 0.089123
Epoch [96/117], Total Loss: 1.6197, NLL: 1.6138, Masked: 2.1217, Reg: 0.089201
Epoch [97/117], Total Loss: 1.6190, NLL: 1.6132, Masked: 2.1196, Reg: 0.089201
Epoch [98/117], Total Loss: 1.6189, NLL: 1.6130, Masked: 2.1221, Reg: 0.089230
Epoch [99/117], Total Loss: 1.6185, NLL: 1.6126, Masked: 2.1205, Reg: 0.089284
Epoch [100/117], Total Loss: 1.6180, NLL: 1.6121, Masked: 2.1171, Reg: 0.089386
Epoch [101/117], Total Loss: 1.6176, NLL: 1.6117, Masked: 2.1164, Reg: 0.089465
Epoch [102/117], Total Loss: 1.6173, NLL: 1.6115, Masked: 2.1155, Reg: 0.089521
Epoch [103/117], Total Loss: 1.6170, NLL: 1.6111, Masked: 2.1158, Reg: 0.089622
Epoch [104/117], Total Loss: 1.6166, NLL: 1.6107, Masked: 2.1149, Reg: 0.089758
Epoch [105/117], Total Loss: 1.6163, NLL: 1.6105, Masked: 2.1137, Reg: 0.089895
Epoch [106/117], Total Loss: 1.6160, NLL: 1.6102, Masked: 2.1168, Reg: 0.089992
Epoch [107/117], Total Loss: 1.6156, NLL: 1.6098, Masked: 2.1127, Reg: 0.090150
Epoch [108/117], Total Loss: 1.6154, NLL: 1.6096, Masked: 2.1131, Reg: 0.090242
Epoch [109/117], Total Loss: 1.6151, NLL: 1.6093, Masked: 2.1130, Reg: 0.090368
Epoch [110/117], Total Loss: 1.6147, NLL: 1.6089, Masked: 2.1122, Reg: 0.090527
Epoch [111/117], Total Loss: 1.6144, NLL: 1.6086, Masked: 2.1108, Reg: 0.090683
Epoch [112/117], Total Loss: 1.6140, NLL: 1.6082, Masked: 2.1108, Reg: 0.090823
Epoch [113/117], Total Loss: 1.6137, NLL: 1.6079, Masked: 2.1113, Reg: 0.091022
Epoch [114/117], Total Loss: 1.6130, NLL: 1.6071, Masked: 2.1096, Reg: 0.091174
Epoch [115/117], Total Loss: 1.6129, NLL: 1.6070, Masked: 2.1070, Reg: 0.091333
Epoch [116/117], Total Loss: 1.6125, NLL: 1.6067, Masked: 2.1067, Reg: 0.091521
Epoch [117/117], Total Loss: 1.6122, NLL: 1.6063, Masked: 2.1090, Reg: 0.091679

==================================================
EVALUATING ON TRAINING DATA
==================================================

==================================================
TEST RESULTS
==================================================
Total Loss: 1.599155
  - ZINB NLL: 1.593419
Total number of masked values: 359206
  - Number of values with pi >= 0.4024273291045296: 0
  - Number of values with pi < 0.4024273291045296: 359206
  - Masked Reconstruction: 2.065684
  - Regularization: 0.091752
Mean Absolute Error (MAE): 1.786463
R² Score: 0.530540
==================================================


==================================================
TEST RESULTS
==================================================
Total Loss: 2.308009
  - ZINB NLL: 2.301906
Total number of masked values: 150165
  - Number of values with pi >= 0.4024273291045296: 0
  - Number of values with pi < 0.4024273291045296: 150165
  - Masked Reconstruction: 2.197706
  - Regularization: 0.091752
Mean Absolute Error (MAE): 1.997373
R² Score: 0.282436
==================================================

Using combined metric: zinb_nll (2.301906) + masked_loss (2.197706) = 4.499612

>>> Optimizing combined on VALIDATION set: 4.499612
>>> Full validation metrics: {'total_loss': 2.3080086475125823, 'zinb_nll': 2.3019057868194284, 'mae': 1.997373104095459, 'r2': 0.28243565559387207, 'masked_loss': 2.1977058180856908, 'reg_loss': 0.09175228495923593}

Iteration No: 6 ended. Evaluation done at random point.
Time taken: 799.7549
Function value obtained: 4.4996
Current minimum: 1.5811
Iteration No: 7 started. Evaluating function at random point.

================================================================================
Trial with parameters:
  features: Nucl
  data_point_length: 2639
  step_size: 0.6724566789822879
  bin_size: 70
  sample_fraction: 0.3544985908044068
  moving_average: False
  first_layer_size_factor: 83
  num_layers: 2
  use_conv: False
  conv_channel: 83
  pool_size: 6
  kernel_size: 9
  epochs: 105
  batch_size: 32
  pi_threshold: 0.34219770393210824
  learning_rate: 0.0002342090710043416
  dropout_rate: 0.10922021860841682
  masked_recon_weight: 0.046348938420483286
  regularizer: none
  regularization_weight: 0.001863867977972393
================================================================================

Creating datasets with:
  features: ['Nucl']
  bin_size: 70
  moving_average: False
  data_point_length: 37 (from 2639)
  step_size: 24 (from fraction 0.6724566789822879)
  layers: [np.int64(1328), np.int64(664)] (first=1328, num=2)
  stride: 1 (fixed), padding: same (fixed)


Clipping outliers using 95th percentile * 1.5...
strain_yTW001: Clipping values above 134.25 (P95=89.50). Clipped 27529/1193409 values (2.31%)
strain_FD: Clipping values above 71.92 (P95=47.94). Clipped 95791/4127807 values (2.32%)
strain_dnrp: Clipping values above 243.00 (P95=162.00). Clipped 25649/1119454 values (2.29%)
strain_yEK19: Clipping values above 77.10 (P95=51.40). Clipped 83713/3893623 values (2.15%)
strain_yEK23: Clipping values above 72.00 (P95=48.00). Clipped 86381/3558407 values (2.43%)
strain_yWT03a: Clipping values above 15.00 (P95=10.00). Clipped 10602/347679 values (3.05%)
strain_yWT04a: Clipping values above 58.50 (P95=39.00). Clipped 21095/725406 values (2.91%)
strain_ylic137: Clipping values above 142.50 (P95=95.00). Clipped 28746/1112684 values (2.58%)
Standardizing features: ['Nucl']
Column order in final array (Dataset/Chrom split): ['Value', 'Nucleosome_Distance', 'Value_Raw', 'Size_Factor']
Removing 0 empty data points out of 30840
Column order in final array (Dataset/Chrom split): ['Value', 'Nucleosome_Distance', 'Value_Raw', 'Size_Factor']
Removing 0 empty data points out of 9784
Column order in final array (Dataset/Chrom split): ['Value', 'Nucleosome_Distance', 'Value_Raw', 'Size_Factor']
Removing 0 empty data points out of 16856
Datasets created:
  Train: (30840, 37, 4), Val: (9784, 37, 4), Test: (16856, 37, 4)

Randomly sampled 10932/30840 samples (35.4%)
Applied denoising with 15.0% masking
Applied denoising with 15.0% masking
Applied denoising with 15.0% masking
Epoch [1/105], Total Loss: 2.0657, NLL: 1.9208, Masked: 3.1256
Epoch [2/105], Total Loss: 1.8592, NLL: 1.7605, Masked: 2.1297
Epoch [3/105], Total Loss: 1.8059, NLL: 1.7129, Masked: 2.0060
Epoch [4/105], Total Loss: 1.7724, NLL: 1.6832, Masked: 1.9247
Epoch [5/105], Total Loss: 1.7539, NLL: 1.6674, Masked: 1.8666
Epoch [6/105], Total Loss: 1.7405, NLL: 1.6565, Masked: 1.8129
Epoch [7/105], Total Loss: 1.7309, NLL: 1.6487, Masked: 1.7736
Epoch [8/105], Total Loss: 1.7225, NLL: 1.6426, Masked: 1.7237
Epoch [9/105], Total Loss: 1.7155, NLL: 1.6371, Masked: 1.6920
Epoch [10/105], Total Loss: 1.7094, NLL: 1.6326, Masked: 1.6571
Epoch [11/105], Total Loss: 1.7033, NLL: 1.6281, Masked: 1.6213
Epoch [12/105], Total Loss: 1.6987, NLL: 1.6253, Masked: 1.5847
Epoch [13/105], Total Loss: 1.6934, NLL: 1.6211, Masked: 1.5610
Epoch [14/105], Total Loss: 1.6897, NLL: 1.6185, Masked: 1.5350
Epoch [15/105], Total Loss: 1.6857, NLL: 1.6160, Masked: 1.5031
Epoch [16/105], Total Loss: 1.6825, NLL: 1.6136, Masked: 1.4868
Epoch [17/105], Total Loss: 1.6791, NLL: 1.6112, Masked: 1.4655
Epoch [18/105], Total Loss: 1.6752, NLL: 1.6087, Masked: 1.4353
Epoch [19/105], Total Loss: 1.6723, NLL: 1.6066, Masked: 1.4169
Epoch [20/105], Total Loss: 1.6700, NLL: 1.6048, Masked: 1.4059
Epoch [21/105], Total Loss: 1.6672, NLL: 1.6031, Masked: 1.3824
Epoch [22/105], Total Loss: 1.6645, NLL: 1.6013, Masked: 1.3632
Epoch [23/105], Total Loss: 1.6626, NLL: 1.6000, Masked: 1.3516
Epoch [24/105], Total Loss: 1.6601, NLL: 1.5983, Masked: 1.3326
Epoch [25/105], Total Loss: 1.6579, NLL: 1.5969, Masked: 1.3168
Epoch [26/105], Total Loss: 1.6559, NLL: 1.5954, Masked: 1.3054
Epoch [27/105], Total Loss: 1.6540, NLL: 1.5944, Masked: 1.2843
Epoch [28/105], Total Loss: 1.6523, NLL: 1.5931, Masked: 1.2769
Epoch [29/105], Total Loss: 1.6512, NLL: 1.5922, Masked: 1.2716
Epoch [30/105], Total Loss: 1.6487, NLL: 1.5906, Masked: 1.2530
Epoch [31/105], Total Loss: 1.6475, NLL: 1.5897, Masked: 1.2486
Epoch [32/105], Total Loss: 1.6456, NLL: 1.5887, Masked: 1.2285
Epoch [33/105], Total Loss: 1.6440, NLL: 1.5875, Masked: 1.2192
Epoch [34/105], Total Loss: 1.6428, NLL: 1.5866, Masked: 1.2126
Epoch [35/105], Total Loss: 1.6414, NLL: 1.5858, Masked: 1.1995
Epoch [36/105], Total Loss: 1.6403, NLL: 1.5852, Masked: 1.1884
Epoch [37/105], Total Loss: 1.6392, NLL: 1.5843, Masked: 1.1837
Epoch [38/105], Total Loss: 1.6378, NLL: 1.5833, Masked: 1.1759
Epoch [39/105], Total Loss: 1.6366, NLL: 1.5825, Masked: 1.1676
Epoch [40/105], Total Loss: 1.6350, NLL: 1.5815, Masked: 1.1551
Epoch [41/105], Total Loss: 1.6343, NLL: 1.5807, Masked: 1.1549
Epoch [42/105], Total Loss: 1.6331, NLL: 1.5801, Masked: 1.1427
Epoch [43/105], Total Loss: 1.6316, NLL: 1.5793, Masked: 1.1291
Epoch [44/105], Total Loss: 1.6312, NLL: 1.5787, Masked: 1.1320
Epoch [45/105], Total Loss: 1.6298, NLL: 1.5780, Masked: 1.1175
Epoch [46/105], Total Loss: 1.6292, NLL: 1.5775, Masked: 1.1166
Epoch [47/105], Total Loss: 1.6281, NLL: 1.5768, Masked: 1.1078
Epoch [48/105], Total Loss: 1.6276, NLL: 1.5763, Masked: 1.1067
Epoch [49/105], Total Loss: 1.6261, NLL: 1.5753, Masked: 1.0962
Epoch [50/105], Total Loss: 1.6256, NLL: 1.5749, Masked: 1.0943
Epoch [51/105], Total Loss: 1.6249, NLL: 1.5742, Masked: 1.0929
Epoch [52/105], Total Loss: 1.6237, NLL: 1.5737, Masked: 1.0795
Epoch [53/105], Total Loss: 1.6232, NLL: 1.5731, Masked: 1.0813
Epoch [54/105], Total Loss: 1.6223, NLL: 1.5727, Masked: 1.0714
Epoch [55/105], Total Loss: 1.6213, NLL: 1.5720, Masked: 1.0616
Epoch [56/105], Total Loss: 1.6209, NLL: 1.5716, Masked: 1.0635
Epoch [57/105], Total Loss: 1.6200, NLL: 1.5710, Masked: 1.0574
Epoch [58/105], Total Loss: 1.6197, NLL: 1.5706, Masked: 1.0593
Epoch [59/105], Total Loss: 1.6185, NLL: 1.5699, Masked: 1.0488
Epoch [60/105], Total Loss: 1.6175, NLL: 1.5692, Masked: 1.0413
Epoch [61/105], Total Loss: 1.6176, NLL: 1.5692, Masked: 1.0453
Epoch [62/105], Total Loss: 1.6163, NLL: 1.5685, Masked: 1.0328
Epoch [63/105], Total Loss: 1.6158, NLL: 1.5682, Masked: 1.0283
Epoch [64/105], Total Loss: 1.6149, NLL: 1.5675, Masked: 1.0230
Epoch [65/105], Total Loss: 1.6147, NLL: 1.5673, Masked: 1.0221
Epoch [66/105], Total Loss: 1.6135, NLL: 1.5666, Masked: 1.0119
Epoch [67/105], Total Loss: 1.6134, NLL: 1.5665, Masked: 1.0123
Epoch [68/105], Total Loss: 1.6125, NLL: 1.5659, Masked: 1.0058
Epoch [69/105], Total Loss: 1.6121, NLL: 1.5654, Masked: 1.0087
Epoch [70/105], Total Loss: 1.6124, NLL: 1.5653, Masked: 1.0148
Epoch [71/105], Total Loss: 1.6111, NLL: 1.5648, Masked: 0.9998
Epoch [72/105], Total Loss: 1.6105, NLL: 1.5644, Masked: 0.9942
Epoch [73/105], Total Loss: 1.6101, NLL: 1.5640, Masked: 0.9947
Epoch [74/105], Total Loss: 1.6094, NLL: 1.5636, Masked: 0.9885
Epoch [75/105], Total Loss: 1.6090, NLL: 1.5632, Masked: 0.9885
Epoch [76/105], Total Loss: 1.6089, NLL: 1.5631, Masked: 0.9878
Epoch [77/105], Total Loss: 1.6083, NLL: 1.5627, Masked: 0.9826
Epoch [78/105], Total Loss: 1.6074, NLL: 1.5620, Masked: 0.9786
Epoch [79/105], Total Loss: 1.6073, NLL: 1.5619, Masked: 0.9801
Epoch [80/105], Total Loss: 1.6067, NLL: 1.5615, Masked: 0.9753
Epoch [81/105], Total Loss: 1.6064, NLL: 1.5613, Masked: 0.9726
Epoch [82/105], Total Loss: 1.6058, NLL: 1.5608, Masked: 0.9706
Epoch [83/105], Total Loss: 1.6052, NLL: 1.5605, Masked: 0.9648
Epoch [84/105], Total Loss: 1.6053, NLL: 1.5604, Masked: 0.9692
Epoch [85/105], Total Loss: 1.6048, NLL: 1.5601, Masked: 0.9631
Epoch [86/105], Total Loss: 1.6039, NLL: 1.5597, Masked: 0.9553
Epoch [87/105], Total Loss: 1.6034, NLL: 1.5595, Masked: 0.9471
Epoch [88/105], Total Loss: 1.6036, NLL: 1.5593, Masked: 0.9558
Epoch [89/105], Total Loss: 1.6027, NLL: 1.5587, Masked: 0.9485
Epoch [90/105], Total Loss: 1.6027, NLL: 1.5586, Masked: 0.9511
Epoch [91/105], Total Loss: 1.6024, NLL: 1.5584, Masked: 0.9494
Epoch [92/105], Total Loss: 1.6016, NLL: 1.5579, Masked: 0.9410
Epoch [93/105], Total Loss: 1.6017, NLL: 1.5578, Masked: 0.9467
Epoch [94/105], Total Loss: 1.6008, NLL: 1.5575, Masked: 0.9343
Epoch [95/105], Total Loss: 1.6008, NLL: 1.5573, Masked: 0.9392
Epoch [96/105], Total Loss: 1.6005, NLL: 1.5570, Masked: 0.9390
Epoch [97/105], Total Loss: 1.6001, NLL: 1.5568, Masked: 0.9337
Epoch [98/105], Total Loss: 1.6000, NLL: 1.5566, Masked: 0.9350
Epoch [99/105], Total Loss: 1.5992, NLL: 1.5562, Masked: 0.9286
Epoch [100/105], Total Loss: 1.5989, NLL: 1.5560, Masked: 0.9241
Epoch [101/105], Total Loss: 1.5987, NLL: 1.5559, Masked: 0.9244
Epoch [102/105], Total Loss: 1.5983, NLL: 1.5555, Masked: 0.9236
Epoch [103/105], Total Loss: 1.5980, NLL: 1.5553, Masked: 0.9198
Epoch [104/105], Total Loss: 1.5977, NLL: 1.5552, Masked: 0.9180
Epoch [105/105], Total Loss: 1.5974, NLL: 1.5548, Masked: 0.9177

==================================================
EVALUATING ON TRAINING DATA
==================================================

==================================================
TEST RESULTS
==================================================
Total Loss: 1.584381
  - ZINB NLL: 1.546873
Total number of masked values: 48397
  - Number of values with pi >= 0.34219770393210824: 0
  - Number of values with pi < 0.34219770393210824: 48397
  - Masked Reconstruction: 0.809264
Mean Absolute Error (MAE): 0.955065
R² Score: 0.882299
==================================================


==================================================
TEST RESULTS
==================================================
Total Loss: 1.842331
  - ZINB NLL: 1.749950
Total number of masked values: 42996
  - Number of values with pi >= 0.34219770393210824: 0
  - Number of values with pi < 0.34219770393210824: 42996
  - Masked Reconstruction: 1.993164
Mean Absolute Error (MAE): 1.722570
R² Score: 0.314951
==================================================

Using combined metric: zinb_nll (1.749950) + masked_loss (1.993164) = 3.743114

>>> Optimizing combined on VALIDATION set: 3.743114
>>> Full validation metrics: {'total_loss': 1.842330780657022, 'zinb_nll': 1.7499497289649795, 'mae': 1.7225701808929443, 'r2': 0.31495141983032227, 'masked_loss': 1.9931644075538717}

Iteration No: 7 ended. Evaluation done at random point.
Time taken: 173.4865
Function value obtained: 3.7431
Current minimum: 1.5811
Iteration No: 8 started. Evaluating function at random point.

================================================================================
Trial with parameters:
  features: Centr_Nucl
  data_point_length: 2103
  step_size: 0.9301213311593157
  bin_size: 28
  sample_fraction: 0.7357675904060218
  moving_average: True
  first_layer_size_factor: 55
  num_layers: 2
  use_conv: True
  conv_channel: 76
  pool_size: 5
  kernel_size: 7
  epochs: 62
  batch_size: 32
  pi_threshold: 0.3673164168691722
  learning_rate: 4.532028775764877e-05
  dropout_rate: 0.27905100100867064
  masked_recon_weight: 0.0412424716207243
  regularizer: l1
  regularization_weight: 0.0005989738984998036
================================================================================

Creating datasets with:
  features: ['Centr', 'Nucl']
  bin_size: 28
  moving_average: True
  data_point_length: 2103 (from 2103)
  step_size: 1956 (from fraction 0.9301213311593157)
  layers: [np.int64(880), np.int64(440)] (first=880, num=2)
  stride: 1 (fixed), padding: same (fixed)


Clipping outliers using 95th percentile * 1.5...
strain_yTW001: Clipping values above 134.25 (P95=89.50). Clipped 27529/1193409 values (2.31%)
strain_FD: Clipping values above 71.92 (P95=47.94). Clipped 95791/4127807 values (2.32%)
strain_dnrp: Clipping values above 243.00 (P95=162.00). Clipped 25649/1119454 values (2.29%)
strain_yEK19: Clipping values above 77.10 (P95=51.40). Clipped 83713/3893623 values (2.15%)
strain_yEK23: Clipping values above 72.00 (P95=48.00). Clipped 86381/3558407 values (2.43%)
strain_yWT03a: Clipping values above 15.00 (P95=10.00). Clipped 10602/347679 values (3.05%)
strain_yWT04a: Clipping values above 58.50 (P95=39.00). Clipped 21095/725406 values (2.91%)
strain_ylic137: Clipping values above 142.50 (P95=95.00). Clipped 28746/1112684 values (2.58%)
Standardizing features: ['Centr', 'Nucl']
Column order in final array (Dataset/Chrom split): ['Value', 'Nucleosome_Distance', 'Centromere_Distance', 'Value_Raw', 'Size_Factor']
Removing 0 empty data points out of 26512
Column order in final array (Dataset/Chrom split): ['Value', 'Nucleosome_Distance', 'Centromere_Distance', 'Value_Raw', 'Size_Factor']
Removing 0 empty data points out of 8416
Column order in final array (Dataset/Chrom split): ['Value', 'Nucleosome_Distance', 'Centromere_Distance', 'Value_Raw', 'Size_Factor']
Removing 0 empty data points out of 14488
Datasets created:
  Train: (26512, 2103, 5), Val: (8416, 2103, 5), Test: (14488, 2103, 5)

Randomly sampled 19506/26512 samples (73.6%)
Applied denoising with 15.0% masking
Applied denoising with 15.0% masking
Applied denoising with 15.0% masking
Epoch [1/62], Total Loss: 15.0963, NLL: 2.9864, Masked: 28.3252, Reg: 10.941757
Epoch [2/62], Total Loss: 7.0581, NLL: 2.9739, Masked: 27.7976, Reg: 2.937722
Epoch [3/62], Total Loss: 6.7437, NLL: 2.9619, Masked: 27.2839, Reg: 2.656485
Epoch [4/62], Total Loss: 6.6806, NLL: 2.9502, Masked: 26.7770, Reg: 2.626030
Epoch [5/62], Total Loss: 6.6222, NLL: 2.9389, Masked: 26.2984, Reg: 2.598613
Epoch [6/62], Total Loss: 6.5684, NLL: 2.9279, Masked: 25.8471, Reg: 2.574462
Epoch [7/62], Total Loss: 6.5180, NLL: 2.9172, Masked: 25.3981, Reg: 2.553276
Epoch [8/62], Total Loss: 6.4721, NLL: 2.9069, Masked: 24.9693, Reg: 2.535476
Epoch [9/62], Total Loss: 6.4299, NLL: 2.8967, Masked: 24.5610, Reg: 2.520212
Epoch [10/62], Total Loss: 6.3882, NLL: 2.8869, Masked: 24.1594, Reg: 2.504843
Epoch [11/62], Total Loss: 6.3472, NLL: 2.8775, Masked: 23.7808, Reg: 2.488945
Epoch [12/62], Total Loss: 6.3068, NLL: 2.8683, Masked: 23.4125, Reg: 2.472848
Epoch [13/62], Total Loss: 6.2662, NLL: 2.8595, Masked: 23.0452, Reg: 2.456257
Epoch [14/62], Total Loss: 6.2270, NLL: 2.8509, Masked: 22.7108, Reg: 2.439428
Epoch [15/62], Total Loss: 6.1878, NLL: 2.8428, Masked: 22.3844, Reg: 2.421871
Epoch [16/62], Total Loss: 6.1490, NLL: 2.8349, Masked: 22.0631, Reg: 2.404165
Epoch [17/62], Total Loss: 6.1104, NLL: 2.8273, Masked: 21.7534, Reg: 2.385952
Epoch [18/62], Total Loss: 6.0726, NLL: 2.8201, Masked: 21.4649, Reg: 2.367161
Epoch [19/62], Total Loss: 6.0347, NLL: 2.8133, Masked: 21.1789, Reg: 2.347991
Epoch [20/62], Total Loss: 5.9976, NLL: 2.8067, Masked: 20.9120, Reg: 2.328387
Epoch [21/62], Total Loss: 5.9609, NLL: 2.8006, Masked: 20.6615, Reg: 2.308256
Epoch [22/62], Total Loss: 5.9246, NLL: 2.7948, Masked: 20.4220, Reg: 2.287580
Epoch [23/62], Total Loss: 5.8882, NLL: 2.7892, Masked: 20.1825, Reg: 2.266580
Epoch [24/62], Total Loss: 5.8521, NLL: 2.7840, Masked: 19.9517, Reg: 2.245192
Epoch [25/62], Total Loss: 5.8164, NLL: 2.7793, Masked: 19.7389, Reg: 2.223075
Epoch [26/62], Total Loss: 5.7815, NLL: 2.7748, Masked: 19.5442, Reg: 2.200697
Epoch [27/62], Total Loss: 5.7462, NLL: 2.7706, Masked: 19.3450, Reg: 2.177776
Epoch [28/62], Total Loss: 5.7118, NLL: 2.7669, Masked: 19.1710, Reg: 2.154295
Epoch [29/62], Total Loss: 5.6772, NLL: 2.7635, Masked: 18.9938, Reg: 2.130342
Epoch [30/62], Total Loss: 5.6429, NLL: 2.7603, Masked: 18.8270, Reg: 2.106061
Epoch [31/62], Total Loss: 5.6088, NLL: 2.7576, Masked: 18.6688, Reg: 2.081229
Epoch [32/62], Total Loss: 5.5751, NLL: 2.7551, Masked: 18.5241, Reg: 2.055956
Epoch [33/62], Total Loss: 5.5413, NLL: 2.7529, Masked: 18.3777, Reg: 2.030440
Epoch [34/62], Total Loss: 5.5081, NLL: 2.7513, Masked: 18.2528, Reg: 2.004042
Epoch [35/62], Total Loss: 5.4753, NLL: 2.7497, Masked: 18.1325, Reg: 1.977739
Epoch [36/62], Total Loss: 5.4421, NLL: 2.7485, Masked: 18.0082, Reg: 1.950868
Epoch [37/62], Total Loss: 5.4095, NLL: 2.7477, Masked: 17.9015, Reg: 1.923487
Epoch [38/62], Total Loss: 5.3765, NLL: 2.7471, Masked: 17.7875, Reg: 1.895775
Epoch [39/62], Total Loss: 5.3446, NLL: 2.7468, Masked: 17.6984, Reg: 1.867823
Epoch [40/62], Total Loss: 5.3125, NLL: 2.7469, Masked: 17.6107, Reg: 1.839291
Epoch [41/62], Total Loss: 5.2802, NLL: 2.7472, Masked: 17.5159, Reg: 1.810546
Epoch [42/62], Total Loss: 5.2485, NLL: 2.7477, Masked: 17.4370, Reg: 1.781621
Epoch [43/62], Total Loss: 5.2167, NLL: 2.7486, Masked: 17.3595, Reg: 1.752178
Epoch [44/62], Total Loss: 5.1852, NLL: 2.7498, Masked: 17.2871, Reg: 1.722463
Epoch [45/62], Total Loss: 5.1540, NLL: 2.7511, Masked: 17.2229, Reg: 1.692569
Epoch [46/62], Total Loss: 5.1229, NLL: 2.7529, Masked: 17.1626, Reg: 1.662192
Epoch [47/62], Total Loss: 5.0916, NLL: 2.7547, Masked: 17.0956, Reg: 1.631853
Epoch [48/62], Total Loss: 5.0611, NLL: 2.7569, Masked: 17.0477, Reg: 1.601090
Epoch [49/62], Total Loss: 5.0302, NLL: 2.7594, Masked: 16.9941, Reg: 1.569920
Epoch [50/62], Total Loss: 4.9999, NLL: 2.7620, Masked: 16.9477, Reg: 1.538918
Epoch [51/62], Total Loss: 4.9696, NLL: 2.7649, Masked: 16.9040, Reg: 1.507489
Epoch [52/62], Total Loss: 4.9391, NLL: 2.7681, Masked: 16.8580, Reg: 1.475731
Epoch [53/62], Total Loss: 4.9048, NLL: 2.7716, Masked: 16.7166, Reg: 1.443803
Epoch [54/62], Total Loss: 4.2953, NLL: 2.7862, Masked: 2.9722, Reg: 1.386510
Epoch [55/62], Total Loss: 4.2419, NLL: 2.8100, Masked: 2.9744, Reg: 1.309192
Epoch [56/62], Total Loss: 4.1912, NLL: 2.8320, Masked: 2.9751, Reg: 1.236472
Epoch [57/62], Total Loss: 4.1417, NLL: 2.8534, Masked: 2.9746, Reg: 1.165665
Epoch [58/62], Total Loss: 4.0930, NLL: 2.8747, Masked: 2.9733, Reg: 1.095718
Epoch [59/62], Total Loss: 4.0449, NLL: 2.8959, Masked: 2.9752, Reg: 1.026283
Epoch [60/62], Total Loss: 3.9971, NLL: 2.9173, Masked: 2.9745, Reg: 0.957136
Epoch [61/62], Total Loss: 3.9496, NLL: 2.9388, Masked: 2.9739, Reg: 0.888113
Epoch [62/62], Total Loss: 3.9024, NLL: 2.9607, Masked: 2.9742, Reg: 0.819054

==================================================
EVALUATING ON TRAINING DATA
==================================================

==================================================
TEST RESULTS
==================================================
Total Loss: 3.878437
  - ZINB NLL: 2.971601
Total number of masked values: 4629682
  - Number of values with pi >= 0.3673164168691722: 4629682
  - Number of values with pi < 0.3673164168691722: 0
  - Masked Reconstruction: 2.973069
  - Regularization: 0.784220
Mean Absolute Error (MAE): 2.250664
R² Score: -0.218410
==================================================


==================================================
TEST RESULTS
==================================================
Total Loss: 3.862600
  - ZINB NLL: 2.957763
Total number of masked values: 1977384
  - Number of values with pi >= 0.3673164168691722: 1977384
  - Number of values with pi < 0.3673164168691722: 0
  - Masked Reconstruction: 2.924595
  - Regularization: 0.784220
Mean Absolute Error (MAE): 2.394753
R² Score: -0.150899
==================================================

Using combined metric: zinb_nll (2.957763) + masked_loss (2.924595) = 5.882358

>>> Optimizing combined on VALIDATION set: 5.882358
>>> Full validation metrics: {'total_loss': 3.862600277585222, 'zinb_nll': 2.95776308194766, 'mae': 2.3947525024414062, 'r2': -0.15089941024780273, 'masked_loss': 2.924595399501206, 'reg_loss': 0.7842196645415155}

Iteration No: 8 ended. Evaluation done at random point.
Time taken: 1045.5560
Function value obtained: 5.8824
Current minimum: 1.5811
Iteration No: 9 started. Evaluating function at random point.

================================================================================
Trial with parameters:
  features: Centr_Nucl
  data_point_length: 3633
  step_size: 0.7842029424433317
  bin_size: 16
  sample_fraction: 0.9983053637867065
  moving_average: True
  first_layer_size_factor: 147
  num_layers: 3
  use_conv: True
  conv_channel: 55
  pool_size: 6
  kernel_size: 7
  epochs: 94
  batch_size: 64
  pi_threshold: 0.5211572356285312
  learning_rate: 0.0005999156225282401
  dropout_rate: 0.04042666316635763
  masked_recon_weight: 0.030103557686746284
  regularizer: l1
  regularization_weight: 4.187726350111482
================================================================================

Creating datasets with:
  features: ['Centr', 'Nucl']
  bin_size: 16
  moving_average: True
  data_point_length: 3633 (from 3633)
  step_size: 2849 (from fraction 0.7842029424433317)
  layers: [np.int64(2352), np.int64(1176), np.int64(588)] (first=2352, num=3)
  stride: 1 (fixed), padding: same (fixed)


Clipping outliers using 95th percentile * 1.5...
strain_yTW001: Clipping values above 134.25 (P95=89.50). Clipped 27529/1193409 values (2.31%)
strain_FD: Clipping values above 71.92 (P95=47.94). Clipped 95791/4127807 values (2.32%)
strain_dnrp: Clipping values above 243.00 (P95=162.00). Clipped 25649/1119454 values (2.29%)
strain_yEK19: Clipping values above 77.10 (P95=51.40). Clipped 83713/3893623 values (2.15%)
strain_yEK23: Clipping values above 72.00 (P95=48.00). Clipped 86381/3558407 values (2.43%)
strain_yWT03a: Clipping values above 15.00 (P95=10.00). Clipped 10602/347679 values (3.05%)
strain_yWT04a: Clipping values above 58.50 (P95=39.00). Clipped 21095/725406 values (2.91%)
strain_ylic137: Clipping values above 142.50 (P95=95.00). Clipped 28746/1112684 values (2.58%)
Standardizing features: ['Centr', 'Nucl']
Column order in final array (Dataset/Chrom split): ['Value', 'Nucleosome_Distance', 'Centromere_Distance', 'Value_Raw', 'Size_Factor']
Removing 0 empty data points out of 18208
Column order in final array (Dataset/Chrom split): ['Value', 'Nucleosome_Distance', 'Centromere_Distance', 'Value_Raw', 'Size_Factor']
Removing 0 empty data points out of 5776
Column order in final array (Dataset/Chrom split): ['Value', 'Nucleosome_Distance', 'Centromere_Distance', 'Value_Raw', 'Size_Factor']
Removing 0 empty data points out of 9952
Datasets created:
  Train: (18208, 3633, 5), Val: (5776, 3633, 5), Test: (9952, 3633, 5)

Randomly sampled 18177/18208 samples (99.8%)
Applied denoising with 15.0% masking
Applied denoising with 15.0% masking
Applied denoising with 15.0% masking
Epoch [1/94], Total Loss: 112588.9537, NLL: 2.8517, Masked: 29.5825, Reg: 112585.207446
Epoch [2/94], Total Loss: 63407.1862, NLL: 2.8365, Masked: 29.5828, Reg: 63403.457073
Epoch [3/94], Total Loss: 60819.4322, NLL: 2.8232, Masked: 29.5815, Reg: 60815.716111
Epoch [4/94], Total Loss: 58184.6977, NLL: 2.8126, Masked: 29.5818, Reg: 58180.992489
Epoch [5/94], Total Loss: 55611.2753, NLL: 2.8048, Masked: 29.5658, Reg: 55607.578550
Epoch [6/94], Total Loss: 52982.1613, NLL: 2.8006, Masked: 29.5941, Reg: 52978.467970
Epoch [7/94], Total Loss: 50410.5157, NLL: 2.8004, Masked: 29.5808, Reg: 50406.823085
Epoch [8/94], Total Loss: 47790.9921, NLL: 2.8051, Masked: 29.5766, Reg: 47787.295015
Epoch [9/94], Total Loss: 45207.5427, NLL: 2.8147, Masked: 29.5842, Reg: 45203.835826
Epoch [10/94], Total Loss: 42579.9872, NLL: 2.8299, Masked: 29.5844, Reg: 42576.265042
Epoch [11/94], Total Loss: 39995.8833, NLL: 2.8512, Masked: 29.5915, Reg: 39992.139788
Epoch [12/94], Total Loss: 37494.9393, NLL: 2.8772, Masked: 29.5739, Reg: 37491.170576
Epoch [13/94], Total Loss: 36876.7885, NLL: 2.8847, Masked: 29.5764, Reg: 36873.012112
Epoch [14/94], Total Loss: 36847.9245, NLL: 2.8847, Masked: 29.5705, Reg: 36844.148250
Epoch [15/94], Total Loss: 36874.5610, NLL: 2.8847, Masked: 29.5748, Reg: 36870.784772
Epoch [16/94], Total Loss: 36853.2467, NLL: 2.8847, Masked: 29.5761, Reg: 36849.470303
Epoch [17/94], Total Loss: 36863.4888, NLL: 2.8847, Masked: 29.5872, Reg: 36859.712122
Epoch [18/94], Total Loss: 36850.1232, NLL: 2.8847, Masked: 29.5705, Reg: 36846.347162
Epoch [19/94], Total Loss: 36870.7141, NLL: 2.8847, Masked: 29.5715, Reg: 36866.937920
Epoch [20/94], Total Loss: 36857.6266, NLL: 2.8847, Masked: 29.5856, Reg: 36853.849928
Epoch [21/94], Total Loss: 36868.7945, NLL: 2.8847, Masked: 29.5892, Reg: 36865.017676
Epoch [22/94], Total Loss: 36846.0874, NLL: 2.8847, Masked: 29.5887, Reg: 36842.310760
Epoch [23/94], Total Loss: 36861.5501, NLL: 2.8847, Masked: 29.5850, Reg: 36857.773582
Epoch [24/94], Total Loss: 36843.6187, NLL: 2.8847, Masked: 29.5853, Reg: 36839.842096
Epoch [25/94], Total Loss: 36865.0590, NLL: 2.8847, Masked: 29.5790, Reg: 36861.282685
Epoch [26/94], Total Loss: 36854.0940, NLL: 2.8847, Masked: 29.5803, Reg: 36850.317756
Epoch [27/94], Total Loss: 36860.3141, NLL: 2.8847, Masked: 29.5764, Reg: 36856.537661
Epoch [28/94], Total Loss: 36837.0351, NLL: 2.8847, Masked: 29.5819, Reg: 36833.258730
Epoch [29/94], Total Loss: 36864.0142, NLL: 2.8847, Masked: 29.5846, Reg: 36860.237753
Epoch [30/94], Total Loss: 36849.4566, NLL: 2.8847, Masked: 29.5889, Reg: 36845.679869
Epoch [31/94], Total Loss: 36859.3520, NLL: 2.8847, Masked: 29.5783, Reg: 36855.575610
Epoch [32/94], Total Loss: 36838.7492, NLL: 2.8847, Masked: 29.5836, Reg: 36834.972715
Epoch [33/94], Total Loss: 36858.9009, NLL: 2.8847, Masked: 29.5753, Reg: 36855.124593
Epoch [34/94], Total Loss: 36844.0158, NLL: 2.8847, Masked: 29.5748, Reg: 36840.239437
Epoch [35/94], Total Loss: 36859.0131, NLL: 2.8847, Masked: 29.5895, Reg: 36855.236429
Epoch [36/94], Total Loss: 36842.1300, NLL: 2.8847, Masked: 29.5826, Reg: 36838.353560
Epoch [37/94], Total Loss: 36860.4373, NLL: 2.8847, Masked: 29.5677, Reg: 36856.661317
Epoch [38/94], Total Loss: 36834.7013, NLL: 2.8847, Masked: 29.5849, Reg: 36830.924697
Epoch [39/94], Total Loss: 36853.6699, NLL: 2.8847, Masked: 29.5805, Reg: 36849.893432
Epoch [40/94], Total Loss: 36839.1934, NLL: 2.8847, Masked: 29.5851, Reg: 36835.416890
Epoch [41/94], Total Loss: 36855.9390, NLL: 2.8847, Masked: 29.5788, Reg: 36852.162733
Epoch [42/94], Total Loss: 36829.5773, NLL: 2.8847, Masked: 29.5747, Reg: 36825.800917
Epoch [43/94], Total Loss: 36854.6219, NLL: 2.8847, Masked: 29.5864, Reg: 36850.844963
Epoch [44/94], Total Loss: 36835.3060, NLL: 2.8847, Masked: 29.5838, Reg: 36831.529247
Epoch [45/94], Total Loss: 36853.0466, NLL: 2.8847, Masked: 29.5827, Reg: 36849.270128
Epoch [46/94], Total Loss: 36830.9351, NLL: 2.8847, Masked: 29.5801, Reg: 36827.158582
Epoch [47/94], Total Loss: 36848.4572, NLL: 2.8847, Masked: 29.5792, Reg: 36844.680714
Epoch [48/94], Total Loss: 36830.7028, NLL: 2.8847, Masked: 29.5872, Reg: 36826.926025
Epoch [49/94], Total Loss: 36848.7798, NLL: 2.8847, Masked: 29.5825, Reg: 36845.003304
Epoch [50/94], Total Loss: 36824.5207, NLL: 2.8847, Masked: 29.5765, Reg: 36820.744307
Epoch [51/94], Total Loss: 36850.2698, NLL: 2.8847, Masked: 29.5823, Reg: 36846.493256
Epoch [52/94], Total Loss: 36822.0552, NLL: 2.8847, Masked: 29.5755, Reg: 36818.278936
Epoch [53/94], Total Loss: 36848.6589, NLL: 2.8847, Masked: 29.5746, Reg: 36844.882550
Epoch [54/94], Total Loss: 36834.5955, NLL: 2.8847, Masked: 29.5824, Reg: 36830.818947
Epoch [55/94], Total Loss: 36840.8662, NLL: 2.8847, Masked: 29.5863, Reg: 36837.089491
Epoch [56/94], Total Loss: 36819.0910, NLL: 2.8847, Masked: 29.5723, Reg: 36815.314831
Epoch [57/94], Total Loss: 36846.9589, NLL: 2.8847, Masked: 29.5946, Reg: 36843.182055
Epoch [58/94], Total Loss: 36827.9370, NLL: 2.8847, Masked: 29.5734, Reg: 36824.160726
Epoch [59/94], Total Loss: 36843.3762, NLL: 2.8847, Masked: 29.5787, Reg: 36839.599758
Epoch [60/94], Total Loss: 36811.7667, NLL: 2.8847, Masked: 29.5856, Reg: 36807.990023
Epoch [61/94], Total Loss: 36838.3878, NLL: 2.8847, Masked: 29.5800, Reg: 36834.611432
Epoch [62/94], Total Loss: 36819.7166, NLL: 2.8847, Masked: 29.5751, Reg: 36815.940442
Epoch [63/94], Total Loss: 36837.5314, NLL: 2.8847, Masked: 29.5830, Reg: 36833.754942
Epoch [64/94], Total Loss: 36821.6351, NLL: 2.8847, Masked: 29.5879, Reg: 36817.858370
Epoch [65/94], Total Loss: 36839.3301, NLL: 2.8847, Masked: 29.5736, Reg: 36835.554001
Epoch [66/94], Total Loss: 36815.4133, NLL: 2.8847, Masked: 29.5699, Reg: 36811.637228
Epoch [67/94], Total Loss: 36835.6691, NLL: 2.8847, Masked: 29.5808, Reg: 36831.892779
Epoch [68/94], Total Loss: 36818.8228, NLL: 2.8847, Masked: 29.5793, Reg: 36815.046376
Epoch [69/94], Total Loss: 36836.7729, NLL: 2.8847, Masked: 29.5828, Reg: 36832.996390
Epoch [70/94], Total Loss: 36812.4620, NLL: 2.8847, Masked: 29.5844, Reg: 36808.685651
Epoch [71/94], Total Loss: 36831.3611, NLL: 2.8847, Masked: 29.5889, Reg: 36827.584477
Epoch [72/94], Total Loss: 36813.9246, NLL: 2.8847, Masked: 29.5851, Reg: 36810.147897
Epoch [73/94], Total Loss: 36826.4542, NLL: 2.8847, Masked: 29.5805, Reg: 36822.677784
Epoch [74/94], Total Loss: 36811.8111, NLL: 2.8847, Masked: 29.5728, Reg: 36808.034844
Epoch [75/94], Total Loss: 36834.3291, NLL: 2.8847, Masked: 29.5836, Reg: 36830.552500
Epoch [76/94], Total Loss: 36818.6689, NLL: 2.8847, Masked: 29.5852, Reg: 36814.892404
Epoch [77/94], Total Loss: 36826.9659, NLL: 2.8847, Masked: 29.5823, Reg: 36823.189537
Epoch [78/94], Total Loss: 36810.4337, NLL: 2.8847, Masked: 29.5813, Reg: 36806.657080
Epoch [79/94], Total Loss: 36825.9953, NLL: 2.8847, Masked: 29.5779, Reg: 36822.218929
Epoch [80/94], Total Loss: 36809.1535, NLL: 2.8847, Masked: 29.5824, Reg: 36805.377065
Epoch [81/94], Total Loss: 36832.3002, NLL: 2.8847, Masked: 29.5840, Reg: 36828.523606
Epoch [82/94], Total Loss: 36816.2920, NLL: 2.8847, Masked: 29.5755, Reg: 36812.515743
Epoch [83/94], Total Loss: 36823.7223, NLL: 2.8847, Masked: 29.5760, Reg: 36819.945959
Epoch [84/94], Total Loss: 36798.3296, NLL: 2.8847, Masked: 29.5877, Reg: 36794.552865
Epoch [85/94], Total Loss: 36822.4201, NLL: 2.8847, Masked: 29.5809, Reg: 36818.643593
Epoch [86/94], Total Loss: 36814.5223, NLL: 2.8847, Masked: 29.5788, Reg: 36810.746062
Epoch [87/94], Total Loss: 36823.9868, NLL: 2.8847, Masked: 29.5831, Reg: 36820.210371
Epoch [88/94], Total Loss: 36799.7905, NLL: 2.8847, Masked: 29.5808, Reg: 36796.014007
Epoch [89/94], Total Loss: 36820.4965, NLL: 2.8847, Masked: 29.5856, Reg: 36816.720117
Epoch [90/94], Total Loss: 36800.6124, NLL: 2.8847, Masked: 29.5782, Reg: 36796.835974
Epoch [91/94], Total Loss: 36827.3234, NLL: 2.8847, Masked: 29.5767, Reg: 36823.547095
Epoch [92/94], Total Loss: 36805.6502, NLL: 2.8847, Masked: 29.5727, Reg: 36801.873906
Epoch [93/94], Total Loss: 36827.5231, NLL: 2.8847, Masked: 29.5791, Reg: 36823.746647
Epoch [94/94], Total Loss: 36796.2016, NLL: 2.8847, Masked: 29.5763, Reg: 36792.425266

==================================================
EVALUATING ON TRAINING DATA
==================================================

==================================================
TEST RESULTS
==================================================
Total Loss: 38211.548530
  - ZINB NLL: 2.884673
Total number of masked values: 6431675
  - Number of values with pi >= 0.5211572356285312: 0
  - Number of values with pi < 0.5211572356285312: 6431675
  - Masked Reconstruction: 29.580237
  - Regularization: 38207.772376
Mean Absolute Error (MAE): 26.294687
R² Score: -35.010197
==================================================


==================================================
TEST RESULTS
==================================================
Total Loss: 38211.412342
  - ZINB NLL: 2.867047
Total number of masked values: 2022813
  - Number of values with pi >= 0.5211572356285312: 0
  - Number of values with pi < 0.5211572356285312: 2022813
  - Masked Reconstruction: 25.639780
  - Regularization: 38207.772376
Mean Absolute Error (MAE): 26.325924
R² Score: -21.904364
==================================================

Using combined metric: zinb_nll (2.867047) + masked_loss (25.639780) = 28.506828

>>> Optimizing combined on VALIDATION set: 28.506828
>>> Full validation metrics: {'total_loss': 38211.412342018695, 'zinb_nll': 2.867047325726031, 'mae': 26.325923919677734, 'r2': -21.90436363220215, 'masked_loss': 25.639780208344604, 'reg_loss': 38207.772376406116}

Iteration No: 9 ended. Evaluation done at random point.
Time taken: 1495.1339
Function value obtained: 28.5068
Current minimum: 1.5811
Iteration No: 10 started. Evaluating function at random point.

================================================================================
Trial with parameters:
  features: Centr
  data_point_length: 4925
  step_size: 0.5491183318334149
  bin_size: 82
  sample_fraction: 0.8487588437384135
  moving_average: True
  first_layer_size_factor: 78
  num_layers: 4
  use_conv: False
  conv_channel: 53
  pool_size: 3
  kernel_size: 7
  epochs: 127
  batch_size: 64
  pi_threshold: 0.3384706204365683
  learning_rate: 0.00663085900594094
  dropout_rate: 0.19878601054376122
  masked_recon_weight: 0.11776206216380247
  regularizer: none
  regularization_weight: 0.5368226347569787
================================================================================

Creating datasets with:
  features: ['Centr']
  bin_size: 82
  moving_average: True
  data_point_length: 4925 (from 4925)
  step_size: 2704 (from fraction 0.5491183318334149)
  layers: [np.int64(1248), np.int64(624), np.int64(312), np.int64(156)] (first=1248, num=4)
  stride: 1 (fixed), padding: same (fixed)


Clipping outliers using 95th percentile * 1.5...
strain_yTW001: Clipping values above 134.25 (P95=89.50). Clipped 27529/1193409 values (2.31%)
strain_FD: Clipping values above 71.92 (P95=47.94). Clipped 95791/4127807 values (2.32%)
strain_dnrp: Clipping values above 243.00 (P95=162.00). Clipped 25649/1119454 values (2.29%)
strain_yEK19: Clipping values above 77.10 (P95=51.40). Clipped 83713/3893623 values (2.15%)
strain_yEK23: Clipping values above 72.00 (P95=48.00). Clipped 86381/3558407 values (2.43%)
strain_yWT03a: Clipping values above 15.00 (P95=10.00). Clipped 10602/347679 values (3.05%)
strain_yWT04a: Clipping values above 58.50 (P95=39.00). Clipped 21095/725406 values (2.91%)
strain_ylic137: Clipping values above 142.50 (P95=95.00). Clipped 28746/1112684 values (2.58%)
Standardizing features: ['Centr']
Column order in final array (Dataset/Chrom split): ['Value', 'Centromere_Distance', 'Value_Raw', 'Size_Factor']
Removing 0 empty data points out of 19136
Column order in final array (Dataset/Chrom split): ['Value', 'Centromere_Distance', 'Value_Raw', 'Size_Factor']
Removing 0 empty data points out of 6064
Column order in final array (Dataset/Chrom split): ['Value', 'Centromere_Distance', 'Value_Raw', 'Size_Factor']
Removing 0 empty data points out of 10464
Datasets created:
  Train: (19136, 4925, 4), Val: (6064, 4925, 4), Test: (10464, 4925, 4)

Randomly sampled 16241/19136 samples (84.9%)
Applied denoising with 15.0% masking
Applied denoising with 15.0% masking
Applied denoising with 15.0% masking
Epoch [1/127], Total Loss: 11370.6185, NLL: 2.2916, Masked: 96536.4145
Epoch [2/127], Total Loss: 11487.2328, NLL: 2.2917, Masked: 97526.6676
Epoch [3/127], Total Loss: 11492.1590, NLL: 2.2917, Masked: 97568.4993
Epoch [4/127], Total Loss: 11499.8163, NLL: 2.2918, Masked: 97633.5207
Epoch [5/127], Total Loss: 11495.4564, NLL: 2.2921, Masked: 97596.4960
Epoch [6/127], Total Loss: 11496.3059, NLL: 2.2921, Masked: 97603.7096
Epoch [7/127], Total Loss: 11496.7122, NLL: 2.2928, Masked: 97607.1534
Epoch [8/127], Total Loss: 11511.5518, NLL: 2.2930, Masked: 97733.1652
Epoch [9/127], Total Loss: 11497.7430, NLL: 2.2931, Masked: 97615.9040
Epoch [10/127], Total Loss: 11542.9624, NLL: 2.2931, Masked: 97999.8939
Epoch [11/127], Total Loss: 11533.6953, NLL: 2.2937, Masked: 97921.1954
Epoch [12/127], Total Loss: 11549.1662, NLL: 2.2937, Masked: 98052.5702
Epoch [13/127], Total Loss: 11508.4602, NLL: 2.2936, Masked: 97706.9073
Epoch [14/127], Total Loss: 11530.4371, NLL: 2.2936, Masked: 97893.5285
Epoch [15/127], Total Loss: 11491.3078, NLL: 2.2938, Masked: 97561.2525
Epoch [16/127], Total Loss: 11491.5850, NLL: 2.2937, Masked: 97563.6074
Epoch [17/127], Total Loss: 11499.0734, NLL: 2.2937, Masked: 97627.1967
Epoch [18/127], Total Loss: 11485.5831, NLL: 2.2937, Masked: 97512.6416
Epoch [19/127], Total Loss: 11491.1242, NLL: 2.2937, Masked: 97559.6944
Epoch [20/127], Total Loss: 11492.2021, NLL: 2.2937, Masked: 97568.8480
Epoch [21/127], Total Loss: 11494.9940, NLL: 2.2937, Masked: 97592.5556
Epoch [22/127], Total Loss: 11496.0070, NLL: 2.2937, Masked: 97601.1576
Epoch [23/127], Total Loss: 11519.6259, NLL: 2.2937, Masked: 97801.7229
Epoch [24/127], Total Loss: 11540.5494, NLL: 2.2937, Masked: 97979.3981
Epoch [25/127], Total Loss: 11608.4126, NLL: 2.2936, Masked: 98555.6728
Epoch [26/127], Total Loss: 15967.6835, NLL: 2.3447, Masked: 135572.8572
Epoch [27/127], Total Loss: 17705.6218, NLL: 2.3482, Masked: 150330.8774
Epoch [28/127], Total Loss: 43713.5267, NLL: 6.7450, Masked: 371144.8532
Epoch [29/127], Total Loss: 22927.1259, NLL: 2.2974, Masked: 194670.7522
Epoch [30/127], Total Loss: 22803.3185, NLL: 2.2974, Masked: 193619.4155
Epoch [31/127], Total Loss: 22808.8065, NLL: 2.2974, Masked: 193666.0189
Epoch [32/127], Total Loss: 22775.2551, NLL: 2.2974, Masked: 193381.1099
Epoch [33/127], Total Loss: 22795.1846, NLL: 2.2974, Masked: 193550.3445
Epoch [34/127], Total Loss: 22812.9362, NLL: 2.2976, Masked: 193701.0847
Epoch [35/127], Total Loss: 22809.2661, NLL: 2.2976, Masked: 193669.9191
Epoch [36/127], Total Loss: 22809.3038, NLL: 2.2976, Masked: 193670.2396
Epoch [37/127], Total Loss: 22818.0965, NLL: 2.2976, Masked: 193744.9046
Epoch [38/127], Total Loss: 22790.1087, NLL: 2.2976, Masked: 193507.2411
Epoch [39/127], Total Loss: 22803.2670, NLL: 2.2976, Masked: 193618.9772
Epoch [40/127], Total Loss: 22817.2819, NLL: 2.2976, Masked: 193737.9869
Epoch [41/127], Total Loss: 22807.4381, NLL: 2.2976, Masked: 193654.3966
Epoch [42/127], Total Loss: 22812.7331, NLL: 2.2976, Masked: 193699.3597
Epoch [43/127], Total Loss: 22807.5459, NLL: 2.2976, Masked: 193655.3116
Epoch [44/127], Total Loss: 22806.0798, NLL: 2.2976, Masked: 193642.8617
Epoch [45/127], Total Loss: 22809.9331, NLL: 2.2976, Masked: 193675.5828
Epoch [46/127], Total Loss: 22811.5647, NLL: 2.2976, Masked: 193689.4390
Epoch [47/127], Total Loss: 22804.0926, NLL: 2.2976, Masked: 193625.9873
Epoch [48/127], Total Loss: 22811.5330, NLL: 2.2976, Masked: 193689.1698
Epoch [49/127], Total Loss: 22804.3090, NLL: 2.2976, Masked: 193627.8261
Epoch [50/127], Total Loss: 22809.6247, NLL: 2.2976, Masked: 193672.9648
Epoch [51/127], Total Loss: 22810.8235, NLL: 2.2976, Masked: 193683.1451
Epoch [52/127], Total Loss: 22814.9662, NLL: 2.2976, Masked: 193718.3233
Epoch [53/127], Total Loss: 22803.6683, NLL: 2.2976, Masked: 193622.3855
Epoch [54/127], Total Loss: 22808.9754, NLL: 2.2976, Masked: 193667.4510
Epoch [55/127], Total Loss: 22817.6543, NLL: 2.2976, Masked: 193741.1495
Epoch [56/127], Total Loss: 22811.4344, NLL: 2.2976, Masked: 193688.3317
Epoch [57/127], Total Loss: 22811.5933, NLL: 2.2976, Masked: 193689.6816
Epoch [58/127], Total Loss: 22797.2420, NLL: 2.2976, Masked: 193567.8147
Epoch [59/127], Total Loss: 22804.8722, NLL: 2.2976, Masked: 193632.6075
Epoch [60/127], Total Loss: 22796.5848, NLL: 2.2976, Masked: 193562.2337
Epoch [61/127], Total Loss: 22815.7264, NLL: 2.2976, Masked: 193724.7785
Epoch [62/127], Total Loss: 22789.6319, NLL: 2.2976, Masked: 193503.1910
Epoch [63/127], Total Loss: 22803.0036, NLL: 2.2976, Masked: 193616.7396
Epoch [64/127], Total Loss: 22806.1385, NLL: 2.2976, Masked: 193643.3609
Epoch [65/127], Total Loss: 22805.5170, NLL: 2.2976, Masked: 193638.0832
Epoch [66/127], Total Loss: 22810.8383, NLL: 2.2976, Masked: 193683.2702
Epoch [67/127], Total Loss: 22807.7170, NLL: 2.2976, Masked: 193656.7639
Epoch [68/127], Total Loss: 22803.7971, NLL: 2.2976, Masked: 193623.4781
Epoch [69/127], Total Loss: 22813.6367, NLL: 2.2976, Masked: 193707.0336
Epoch [70/127], Total Loss: 22799.7134, NLL: 2.2976, Masked: 193588.8009
Epoch [71/127], Total Loss: 22809.0641, NLL: 2.2976, Masked: 193668.2037
Epoch [72/127], Total Loss: 22806.6521, NLL: 2.2976, Masked: 193647.7220
Epoch [73/127], Total Loss: 22804.4792, NLL: 2.2976, Masked: 193629.2699
Epoch [74/127], Total Loss: 22806.7242, NLL: 2.2976, Masked: 193648.3345
Epoch [75/127], Total Loss: 22804.5828, NLL: 2.2976, Masked: 193630.1506
Epoch [76/127], Total Loss: 22809.3384, NLL: 2.2976, Masked: 193670.5330
Epoch [77/127], Total Loss: 22800.1645, NLL: 2.2976, Masked: 193592.6316
Epoch [78/127], Total Loss: 22801.2468, NLL: 2.2976, Masked: 193601.8216
Epoch [79/127], Total Loss: 22805.7305, NLL: 2.2976, Masked: 193639.8960
Epoch [80/127], Total Loss: 22805.0834, NLL: 2.2976, Masked: 193634.4013
Epoch [81/127], Total Loss: 22805.4732, NLL: 2.2973, Masked: 193637.7137
Epoch [82/127], Total Loss: 22809.8224, NLL: 2.2972, Masked: 193674.6464
Epoch [83/127], Total Loss: 22817.1149, NLL: 2.2972, Masked: 193736.5730
Epoch [84/127], Total Loss: 22813.5935, NLL: 2.2972, Masked: 193706.6703
Epoch [85/127], Total Loss: 22802.4257, NLL: 2.2972, Masked: 193611.8366
Epoch [86/127], Total Loss: 22808.1425, NLL: 2.2972, Masked: 193660.3814
Epoch [87/127], Total Loss: 22799.8641, NLL: 2.2972, Masked: 193590.0833
Epoch [88/127], Total Loss: 22814.3597, NLL: 2.2972, Masked: 193713.1769
Epoch [89/127], Total Loss: 22811.8979, NLL: 2.2972, Masked: 193692.2716
Epoch [90/127], Total Loss: 22794.6403, NLL: 2.2972, Masked: 193545.7238
Epoch [91/127], Total Loss: 22818.0609, NLL: 2.2972, Masked: 193744.6052
Epoch [92/127], Total Loss: 22814.5595, NLL: 2.2972, Masked: 193714.8724
Epoch [93/127], Total Loss: 22799.8991, NLL: 2.2972, Masked: 193590.3815
Epoch [94/127], Total Loss: 22805.7735, NLL: 2.2972, Masked: 193640.2645
Epoch [95/127], Total Loss: 22806.3812, NLL: 2.2972, Masked: 193645.4256
Epoch [96/127], Total Loss: 22809.5547, NLL: 2.2972, Masked: 193672.3737
Epoch [97/127], Total Loss: 22814.8646, NLL: 2.2972, Masked: 193717.4633
Epoch [98/127], Total Loss: 22810.6308, NLL: 2.2972, Masked: 193681.5118
Epoch [99/127], Total Loss: 22804.9355, NLL: 2.2972, Masked: 193633.1493
Epoch [100/127], Total Loss: 22807.9190, NLL: 2.2972, Masked: 193658.4840
Epoch [101/127], Total Loss: 22790.9877, NLL: 2.2972, Masked: 193514.7088
Epoch [102/127], Total Loss: 22808.2389, NLL: 2.2972, Masked: 193661.1993
Epoch [103/127], Total Loss: 22795.6343, NLL: 2.2972, Masked: 193554.1657
Epoch [104/127], Total Loss: 22805.7308, NLL: 2.2972, Masked: 193639.9027
Epoch [105/127], Total Loss: 22812.2278, NLL: 2.2972, Masked: 193695.0720
Epoch [106/127], Total Loss: 22801.4031, NLL: 2.2972, Masked: 193603.1521
Epoch [107/127], Total Loss: 22808.4780, NLL: 2.2972, Masked: 193663.2306
Epoch [108/127], Total Loss: 22809.5612, NLL: 2.2972, Masked: 193672.4291
Epoch [109/127], Total Loss: 22797.3913, NLL: 2.2972, Masked: 193569.0851
Epoch [110/127], Total Loss: 22805.6439, NLL: 2.2972, Masked: 193639.1645
Epoch [111/127], Total Loss: 22810.5625, NLL: 2.2972, Masked: 193680.9321
Epoch [112/127], Total Loss: 22810.3823, NLL: 2.2972, Masked: 193679.4009
Epoch [113/127], Total Loss: 22811.5205, NLL: 2.2972, Masked: 193689.0668
Epoch [114/127], Total Loss: 22808.2802, NLL: 2.2972, Masked: 193661.5503
Epoch [115/127], Total Loss: 22809.0733, NLL: 2.2972, Masked: 193668.2858
Epoch [116/127], Total Loss: 22790.6311, NLL: 2.2972, Masked: 193511.6800
Epoch [117/127], Total Loss: 22808.3502, NLL: 2.2972, Masked: 193662.1458
Epoch [118/127], Total Loss: 22804.0718, NLL: 2.2972, Masked: 193625.8138
Epoch [119/127], Total Loss: 22808.2569, NLL: 2.2972, Masked: 193661.3534
Epoch [120/127], Total Loss: 22805.7745, NLL: 2.2972, Masked: 193640.2738
Epoch [121/127], Total Loss: 22806.6538, NLL: 2.2972, Masked: 193647.7405
Epoch [122/127], Total Loss: 22796.6861, NLL: 2.2972, Masked: 193563.0976
Epoch [123/127], Total Loss: 22799.0880, NLL: 2.2972, Masked: 193583.4931
Epoch [124/127], Total Loss: 22806.0756, NLL: 2.2972, Masked: 193642.8298
Epoch [125/127], Total Loss: 22798.5278, NLL: 2.2972, Masked: 193578.7367
Epoch [126/127], Total Loss: 22802.3623, NLL: 2.2972, Masked: 193611.2983
Epoch [127/127], Total Loss: 22801.0428, NLL: 2.2972, Masked: 193600.0917

==================================================
EVALUATING ON TRAINING DATA
==================================================

==================================================
TEST RESULTS
==================================================
Total Loss: 22800.785584
  - ZINB NLL: 2.297191
Total number of masked values: 10840494
  - Number of values with pi >= 0.3384706204365683: 0
  - Number of values with pi < 0.3384706204365683: 10840494
  - Masked Reconstruction: 193597.909025
Mean Absolute Error (MAE): 197023.500000
R² Score: -5457427038208.000000
==================================================


==================================================
TEST RESULTS
==================================================
Total Loss: 22738.353748
  - ZINB NLL: 2.415224
Total number of masked values: 4017191
  - Number of values with pi >= 0.3384706204365683: 0
  - Number of values with pi < 0.3384706204365683: 4017191
  - Masked Reconstruction: 193066.754205
Mean Absolute Error (MAE): 197023.671875
R² Score: -2972614918144.000000
==================================================

Using combined metric: zinb_nll (2.415224) + masked_loss (193066.754205) = 193069.169429

>>> Optimizing combined on VALIDATION set: 193069.169429
>>> Full validation metrics: {'total_loss': 22738.353747526384, 'zinb_nll': 2.4152237239802417, 'mae': 197023.671875, 'r2': -2972614918144.0, 'masked_loss': 193066.75420514512}


*** Checkpoint saved at iteration 10 ***

Iteration No: 10 ended. Evaluation done at random point.
Time taken: 920.5840
Function value obtained: 193069.1694
Current minimum: 1.5811
Iteration No: 11 started. Evaluating function at random point.

================================================================================
Trial with parameters:
  features: Nucl
  data_point_length: 1441
  step_size: 0.6560859803706744
  bin_size: 70
  sample_fraction: 0.4214125163479748
  moving_average: True
  first_layer_size_factor: 147
  num_layers: 3
  use_conv: True
  conv_channel: 128
  pool_size: 8
  kernel_size: 7
  epochs: 136
  batch_size: 32
  pi_threshold: 0.4115485410368728
  learning_rate: 0.0012620410750629144
  dropout_rate: 0.42333057111915307
  masked_recon_weight: 2.6625462932128228
  regularizer: l2
  regularization_weight: 16.38289664131447
================================================================================

Creating datasets with:
  features: ['Nucl']
  bin_size: 70
  moving_average: True
  data_point_length: 1441 (from 1441)
  step_size: 945 (from fraction 0.6560859803706744)
  layers: [np.int64(2352), np.int64(1176), np.int64(588)] (first=2352, num=3)
  stride: 1 (fixed), padding: same (fixed)


Clipping outliers using 95th percentile * 1.5...
strain_yTW001: Clipping values above 134.25 (P95=89.50). Clipped 27529/1193409 values (2.31%)
strain_FD: Clipping values above 71.92 (P95=47.94). Clipped 95791/4127807 values (2.32%)
strain_dnrp: Clipping values above 243.00 (P95=162.00). Clipped 25649/1119454 values (2.29%)
strain_yEK19: Clipping values above 77.10 (P95=51.40). Clipped 83713/3893623 values (2.15%)
strain_yEK23: Clipping values above 72.00 (P95=48.00). Clipped 86381/3558407 values (2.43%)
strain_yWT03a: Clipping values above 15.00 (P95=10.00). Clipped 10602/347679 values (3.05%)
strain_yWT04a: Clipping values above 58.50 (P95=39.00). Clipped 21095/725406 values (2.91%)
strain_ylic137: Clipping values above 142.50 (P95=95.00). Clipped 28746/1112684 values (2.58%)
Standardizing features: ['Nucl']
Column order in final array (Dataset/Chrom split): ['Value', 'Nucleosome_Distance', 'Value_Raw', 'Size_Factor']
Removing 0 empty data points out of 54816
Column order in final array (Dataset/Chrom split): ['Value', 'Nucleosome_Distance', 'Value_Raw', 'Size_Factor']
Removing 0 empty data points out of 17392
Column order in final array (Dataset/Chrom split): ['Value', 'Nucleosome_Distance', 'Value_Raw', 'Size_Factor']
Removing 0 empty data points out of 29968
Datasets created:
  Train: (54816, 1441, 4), Val: (17392, 1441, 4), Test: (29968, 1441, 4)

Randomly sampled 23100/54816 samples (42.1%)
Applied denoising with 15.0% masking
Applied denoising with 15.0% masking
Applied denoising with 15.0% masking
Epoch [1/136], Total Loss: 75.9623, NLL: 3.1869, Masked: 27.3330, Reg: 60448.384135
Epoch [2/136], Total Loss: 76.0986, NLL: 3.2921, Masked: 27.3447, Reg: 18662.939620
Epoch [3/136], Total Loss: 47.0811, NLL: 3.4169, Masked: 16.3994, Reg: 3836.178210
Epoch [4/136], Total Loss: 10.2554, NLL: 3.5076, Masked: 2.5343, Reg: 413.819709
Epoch [5/136], Total Loss: 10.2903, NLL: 3.5457, Masked: 2.5332, Reg: 17.855785
Epoch [6/136], Total Loss: 10.3009, NLL: 3.5541, Masked: 2.5340, Reg: 1.390875
Epoch [7/136], Total Loss: 10.2986, NLL: 3.5549, Masked: 2.5328, Reg: 1.572228
Epoch [8/136], Total Loss: 10.2998, NLL: 3.5550, Masked: 2.5332, Reg: 1.383972
Epoch [9/136], Total Loss: 10.2991, NLL: 3.5550, Masked: 2.5330, Reg: 1.493707
Epoch [10/136], Total Loss: 10.2972, NLL: 3.5550, Masked: 2.5323, Reg: 1.480120
Epoch [11/136], Total Loss: 10.3004, NLL: 3.5550, Masked: 2.5335, Reg: 1.461838
Epoch [12/136], Total Loss: 10.3026, NLL: 3.5550, Masked: 2.5343, Reg: 1.467112
Epoch [13/136], Total Loss: 10.2998, NLL: 3.5550, Masked: 2.5332, Reg: 1.479580
Epoch [14/136], Total Loss: 10.3026, NLL: 3.5550, Masked: 2.5343, Reg: 1.491073
Epoch [15/136], Total Loss: 10.2973, NLL: 3.5550, Masked: 2.5323, Reg: 1.488242
Epoch [16/136], Total Loss: 10.3025, NLL: 3.5550, Masked: 2.5343, Reg: 1.481038
Epoch [17/136], Total Loss: 10.3014, NLL: 3.5550, Masked: 2.5338, Reg: 1.489733
Epoch [18/136], Total Loss: 10.2979, NLL: 3.5550, Masked: 2.5325, Reg: 1.480755
Epoch [19/136], Total Loss: 10.2984, NLL: 3.5550, Masked: 2.5327, Reg: 1.487810
Epoch [20/136], Total Loss: 10.3021, NLL: 3.5550, Masked: 2.5341, Reg: 1.482338
Epoch [21/136], Total Loss: 10.2994, NLL: 3.5550, Masked: 2.5331, Reg: 1.486158
Epoch [22/136], Total Loss: 10.3018, NLL: 3.5550, Masked: 2.5340, Reg: 1.483219
Epoch [23/136], Total Loss: 10.2995, NLL: 3.5550, Masked: 2.5331, Reg: 1.485463
Epoch [24/136], Total Loss: 10.3002, NLL: 3.5550, Masked: 2.5334, Reg: 1.483735
Epoch [25/136], Total Loss: 10.2991, NLL: 3.5550, Masked: 2.5330, Reg: 1.484736
Epoch [26/136], Total Loss: 10.3011, NLL: 3.5550, Masked: 2.5337, Reg: 1.484156
Epoch [27/136], Total Loss: 10.3012, NLL: 3.5550, Masked: 2.5338, Reg: 1.484566
Epoch [28/136], Total Loss: 10.3014, NLL: 3.5550, Masked: 2.5338, Reg: 1.484306
Epoch [29/136], Total Loss: 10.3006, NLL: 3.5550, Masked: 2.5335, Reg: 1.484545
Epoch [30/136], Total Loss: 10.3014, NLL: 3.5550, Masked: 2.5338, Reg: 1.484346
Epoch [31/136], Total Loss: 10.3013, NLL: 3.5550, Masked: 2.5338, Reg: 1.484419
Epoch [32/136], Total Loss: 10.3014, NLL: 3.5550, Masked: 2.5338, Reg: 1.484331
Epoch [33/136], Total Loss: 10.3006, NLL: 3.5550, Masked: 2.5335, Reg: 1.484512
Epoch [34/136], Total Loss: 10.3015, NLL: 3.5550, Masked: 2.5338, Reg: 1.484445
Epoch [35/136], Total Loss: 10.2960, NLL: 3.5550, Masked: 2.5318, Reg: 1.484292
Epoch [36/136], Total Loss: 10.2998, NLL: 3.5550, Masked: 2.5332, Reg: 1.484154
Epoch [37/136], Total Loss: 10.2998, NLL: 3.5550, Masked: 2.5332, Reg: 1.484659
Epoch [38/136], Total Loss: 10.2979, NLL: 3.5550, Masked: 2.5325, Reg: 1.484362
Epoch [39/136], Total Loss: 10.3027, NLL: 3.5550, Masked: 2.5343, Reg: 1.484378
Epoch [40/136], Total Loss: 10.2974, NLL: 3.5550, Masked: 2.5323, Reg: 1.484450
Epoch [41/136], Total Loss: 10.2992, NLL: 3.5550, Masked: 2.5330, Reg: 1.484608
Epoch [42/136], Total Loss: 10.3001, NLL: 3.5550, Masked: 2.5334, Reg: 1.484338
Epoch [43/136], Total Loss: 10.3017, NLL: 3.5550, Masked: 2.5340, Reg: 1.484427
Epoch [44/136], Total Loss: 10.3020, NLL: 3.5550, Masked: 2.5341, Reg: 1.484219
Epoch [45/136], Total Loss: 10.3020, NLL: 3.5550, Masked: 2.5341, Reg: 1.484369
Epoch [46/136], Total Loss: 10.3009, NLL: 3.5550, Masked: 2.5336, Reg: 1.484434
Epoch [47/136], Total Loss: 10.3011, NLL: 3.5550, Masked: 2.5337, Reg: 1.484329
Epoch [48/136], Total Loss: 10.3003, NLL: 3.5550, Masked: 2.5334, Reg: 1.484370
Epoch [49/136], Total Loss: 10.3009, NLL: 3.5550, Masked: 2.5336, Reg: 1.484710
Epoch [50/136], Total Loss: 10.3012, NLL: 3.5550, Masked: 2.5338, Reg: 1.484397
Epoch [51/136], Total Loss: 10.2992, NLL: 3.5550, Masked: 2.5330, Reg: 1.484406
Epoch [52/136], Total Loss: 10.3007, NLL: 3.5550, Masked: 2.5336, Reg: 1.484269
Epoch [53/136], Total Loss: 10.3008, NLL: 3.5550, Masked: 2.5336, Reg: 1.484386
Epoch [54/136], Total Loss: 10.3000, NLL: 3.5550, Masked: 2.5333, Reg: 1.484568
Epoch [55/136], Total Loss: 10.3017, NLL: 3.5550, Masked: 2.5339, Reg: 1.484453
Epoch [56/136], Total Loss: 10.3007, NLL: 3.5550, Masked: 2.5336, Reg: 1.484204
Epoch [57/136], Total Loss: 10.2999, NLL: 3.5550, Masked: 2.5333, Reg: 1.484383
Epoch [58/136], Total Loss: 10.3014, NLL: 3.5550, Masked: 2.5338, Reg: 1.484434
Epoch [59/136], Total Loss: 10.3035, NLL: 3.5550, Masked: 2.5346, Reg: 1.484530
Epoch [60/136], Total Loss: 10.3020, NLL: 3.5550, Masked: 2.5340, Reg: 1.484442
Epoch [61/136], Total Loss: 10.3025, NLL: 3.5550, Masked: 2.5342, Reg: 1.484643
Epoch [62/136], Total Loss: 10.3006, NLL: 3.5550, Masked: 2.5335, Reg: 1.484379
Epoch [63/136], Total Loss: 10.3032, NLL: 3.5550, Masked: 2.5345, Reg: 1.484171
Epoch [64/136], Total Loss: 10.3001, NLL: 3.5550, Masked: 2.5334, Reg: 1.484581
Epoch [65/136], Total Loss: 10.3013, NLL: 3.5550, Masked: 2.5338, Reg: 1.484459
Epoch [66/136], Total Loss: 10.2973, NLL: 3.5550, Masked: 2.5323, Reg: 1.484339
Epoch [67/136], Total Loss: 10.3015, NLL: 3.5550, Masked: 2.5339, Reg: 1.484406
Epoch [68/136], Total Loss: 10.3026, NLL: 3.5550, Masked: 2.5343, Reg: 1.484392
Epoch [69/136], Total Loss: 10.3010, NLL: 3.5550, Masked: 2.5337, Reg: 1.484316
Epoch [70/136], Total Loss: 10.3041, NLL: 3.5550, Masked: 2.5348, Reg: 1.484367
Epoch [71/136], Total Loss: 10.3015, NLL: 3.5550, Masked: 2.5339, Reg: 1.484386
Epoch [72/136], Total Loss: 10.3002, NLL: 3.5550, Masked: 2.5334, Reg: 1.484558
Epoch [73/136], Total Loss: 10.3008, NLL: 3.5550, Masked: 2.5336, Reg: 1.484383
Epoch [74/136], Total Loss: 10.3016, NLL: 3.5550, Masked: 2.5339, Reg: 1.484422
Epoch [75/136], Total Loss: 10.2981, NLL: 3.5550, Masked: 2.5326, Reg: 1.484408
Epoch [76/136], Total Loss: 10.3015, NLL: 3.5550, Masked: 2.5339, Reg: 1.484464
Epoch [77/136], Total Loss: 10.2998, NLL: 3.5550, Masked: 2.5332, Reg: 1.484442
Epoch [78/136], Total Loss: 10.3034, NLL: 3.5550, Masked: 2.5346, Reg: 1.484477
Epoch [79/136], Total Loss: 10.3022, NLL: 3.5550, Masked: 2.5341, Reg: 1.484163
Epoch [80/136], Total Loss: 10.3006, NLL: 3.5550, Masked: 2.5335, Reg: 1.484636
Epoch [81/136], Total Loss: 10.2995, NLL: 3.5550, Masked: 2.5331, Reg: 1.484220
Epoch [82/136], Total Loss: 10.3040, NLL: 3.5550, Masked: 2.5348, Reg: 1.484522
Epoch [83/136], Total Loss: 10.3015, NLL: 3.5550, Masked: 2.5339, Reg: 1.484278
Epoch [84/136], Total Loss: 10.2998, NLL: 3.5550, Masked: 2.5332, Reg: 1.484686
Epoch [85/136], Total Loss: 10.3018, NLL: 3.5550, Masked: 2.5340, Reg: 1.484462
Epoch [86/136], Total Loss: 10.3021, NLL: 3.5550, Masked: 2.5341, Reg: 1.484376
Epoch [87/136], Total Loss: 10.2996, NLL: 3.5550, Masked: 2.5331, Reg: 1.484461
Epoch [88/136], Total Loss: 10.3033, NLL: 3.5550, Masked: 2.5345, Reg: 1.484159
Epoch [89/136], Total Loss: 10.3000, NLL: 3.5550, Masked: 2.5333, Reg: 1.484501
Epoch [90/136], Total Loss: 10.3016, NLL: 3.5550, Masked: 2.5339, Reg: 1.484670
Epoch [91/136], Total Loss: 10.2996, NLL: 3.5550, Masked: 2.5332, Reg: 1.484433
Epoch [92/136], Total Loss: 10.2986, NLL: 3.5550, Masked: 2.5328, Reg: 1.484290
Epoch [93/136], Total Loss: 10.3035, NLL: 3.5550, Masked: 2.5346, Reg: 1.484397
Epoch [94/136], Total Loss: 10.3002, NLL: 3.5550, Masked: 2.5334, Reg: 1.484638
Epoch [95/136], Total Loss: 10.3009, NLL: 3.5550, Masked: 2.5336, Reg: 1.484346
Epoch [96/136], Total Loss: 10.3006, NLL: 3.5550, Masked: 2.5335, Reg: 1.484216
Epoch [97/136], Total Loss: 10.3015, NLL: 3.5550, Masked: 2.5339, Reg: 1.484397
Epoch [98/136], Total Loss: 10.3011, NLL: 3.5550, Masked: 2.5337, Reg: 1.484460
Epoch [99/136], Total Loss: 10.3003, NLL: 3.5550, Masked: 2.5334, Reg: 1.484404
Epoch [100/136], Total Loss: 10.3003, NLL: 3.5550, Masked: 2.5334, Reg: 1.484227
Epoch [101/136], Total Loss: 10.2969, NLL: 3.5550, Masked: 2.5321, Reg: 1.484479
Epoch [102/136], Total Loss: 10.3010, NLL: 3.5550, Masked: 2.5337, Reg: 1.484484
Epoch [103/136], Total Loss: 10.3013, NLL: 3.5550, Masked: 2.5338, Reg: 1.484602
Epoch [104/136], Total Loss: 10.2968, NLL: 3.5550, Masked: 2.5321, Reg: 1.484350
Epoch [105/136], Total Loss: 10.2970, NLL: 3.5550, Masked: 2.5322, Reg: 1.484335
Epoch [106/136], Total Loss: 10.3017, NLL: 3.5550, Masked: 2.5340, Reg: 1.484481
Epoch [107/136], Total Loss: 10.2996, NLL: 3.5550, Masked: 2.5331, Reg: 1.484501
Epoch [108/136], Total Loss: 10.3014, NLL: 3.5550, Masked: 2.5338, Reg: 1.484179
Epoch [109/136], Total Loss: 10.3004, NLL: 3.5550, Masked: 2.5335, Reg: 1.484546
Epoch [110/136], Total Loss: 10.3014, NLL: 3.5550, Masked: 2.5338, Reg: 1.484425
Epoch [111/136], Total Loss: 10.3004, NLL: 3.5550, Masked: 2.5334, Reg: 1.484449
Epoch [112/136], Total Loss: 10.3024, NLL: 3.5550, Masked: 2.5342, Reg: 1.484374
Epoch [113/136], Total Loss: 10.2997, NLL: 3.5550, Masked: 2.5332, Reg: 1.484170
Epoch [114/136], Total Loss: 10.2999, NLL: 3.5550, Masked: 2.5333, Reg: 1.484543
Epoch [115/136], Total Loss: 10.3003, NLL: 3.5550, Masked: 2.5334, Reg: 1.484475
Epoch [116/136], Total Loss: 10.2982, NLL: 3.5550, Masked: 2.5326, Reg: 1.484336
Epoch [117/136], Total Loss: 10.3026, NLL: 3.5550, Masked: 2.5343, Reg: 1.484528
Epoch [118/136], Total Loss: 10.3032, NLL: 3.5550, Masked: 2.5345, Reg: 1.484381
Epoch [119/136], Total Loss: 10.2994, NLL: 3.5550, Masked: 2.5331, Reg: 1.484241
Epoch [120/136], Total Loss: 10.2992, NLL: 3.5550, Masked: 2.5330, Reg: 1.484471
Epoch [121/136], Total Loss: 10.3005, NLL: 3.5550, Masked: 2.5335, Reg: 1.484563
Epoch [122/136], Total Loss: 10.2999, NLL: 3.5550, Masked: 2.5333, Reg: 1.484262
Epoch [123/136], Total Loss: 10.2995, NLL: 3.5550, Masked: 2.5331, Reg: 1.484418
Epoch [124/136], Total Loss: 10.3015, NLL: 3.5550, Masked: 2.5339, Reg: 1.484396
Epoch [125/136], Total Loss: 10.2980, NLL: 3.5550, Masked: 2.5326, Reg: 1.484316
Epoch [126/136], Total Loss: 10.3015, NLL: 3.5550, Masked: 2.5339, Reg: 1.484597
Epoch [127/136], Total Loss: 10.2990, NLL: 3.5550, Masked: 2.5329, Reg: 1.484355
Epoch [128/136], Total Loss: 10.3012, NLL: 3.5550, Masked: 2.5338, Reg: 1.484498
Epoch [129/136], Total Loss: 10.3056, NLL: 3.5550, Masked: 2.5354, Reg: 1.484306
Epoch [130/136], Total Loss: 10.2998, NLL: 3.5550, Masked: 2.5332, Reg: 1.484631
Epoch [131/136], Total Loss: 10.3006, NLL: 3.5550, Masked: 2.5335, Reg: 1.484325
Epoch [132/136], Total Loss: 10.3017, NLL: 3.5550, Masked: 2.5339, Reg: 1.484597
Epoch [133/136], Total Loss: 10.3010, NLL: 3.5550, Masked: 2.5337, Reg: 1.484289
Epoch [134/136], Total Loss: 10.2981, NLL: 3.5550, Masked: 2.5326, Reg: 1.484336
Epoch [135/136], Total Loss: 10.3000, NLL: 3.5550, Masked: 2.5333, Reg: 1.484543
Epoch [136/136], Total Loss: 10.3012, NLL: 3.5550, Masked: 2.5337, Reg: 1.484409

==================================================
EVALUATING ON TRAINING DATA
==================================================

==================================================
TEST RESULTS
==================================================
Total Loss: 10.301021
  - ZINB NLL: 3.554926
Total number of masked values: 4422292
  - Number of values with pi >= 0.4115485410368728: 4422292
  - Number of values with pi < 0.4115485410368728: 0
  - Masked Reconstruction: 2.533700
  - Regularization: 1.489641
Mean Absolute Error (MAE): 2.251824
R² Score: -0.286746
==================================================


==================================================
TEST RESULTS
==================================================
Total Loss: 10.384568
  - ZINB NLL: 3.534344
Total number of masked values: 3300203
  - Number of values with pi >= 0.4115485410368728: 3300203
  - Number of values with pi < 0.4115485410368728: 0
  - Masked Reconstruction: 2.572809
  - Regularization: 1.489641
Mean Absolute Error (MAE): 2.399068
R² Score: -0.177996
==================================================

Using combined metric: zinb_nll (3.534344) + masked_loss (2.572809) = 6.107153

>>> Optimizing combined on VALIDATION set: 6.107153
>>> Full validation metrics: {'total_loss': 10.38456757285777, 'zinb_nll': 3.534343551909474, 'mae': 2.3990683555603027, 'r2': -0.1779956817626953, 'masked_loss': 2.5728092489227747, 'reg_loss': 1.4896413745457244}

Iteration No: 11 ended. Evaluation done at random point.
Time taken: 2486.8288
Function value obtained: 6.1072
Current minimum: 1.5811
Iteration No: 12 started. Evaluating function at random point.

================================================================================
Trial with parameters:
  features: Nucl
  data_point_length: 4710
  step_size: 0.8390054883354578
  bin_size: 67
  sample_fraction: 0.6855149660773411
  moving_average: True
  first_layer_size_factor: 141
  num_layers: 5
  use_conv: True
  conv_channel: 50
  pool_size: 5
  kernel_size: 5
  epochs: 149
  batch_size: 32
  pi_threshold: 0.30723014544620836
  learning_rate: 0.00030316645506200056
  dropout_rate: 0.08941135461066442
  masked_recon_weight: 0.029233117913767686
  regularizer: none
  regularization_weight: 1.1132160770068644
================================================================================

Creating datasets with:
  features: ['Nucl']
  bin_size: 67
  moving_average: True
  data_point_length: 4710 (from 4710)
  step_size: 3951 (from fraction 0.8390054883354578)
  layers: [np.int64(2256), np.int64(1128), np.int64(564), np.int64(282), np.int64(141)] (first=2256, num=5)
  stride: 1 (fixed), padding: same (fixed)


Clipping outliers using 95th percentile * 1.5...
strain_yTW001: Clipping values above 134.25 (P95=89.50). Clipped 27529/1193409 values (2.31%)
strain_FD: Clipping values above 71.92 (P95=47.94). Clipped 95791/4127807 values (2.32%)
strain_dnrp: Clipping values above 243.00 (P95=162.00). Clipped 25649/1119454 values (2.29%)
strain_yEK19: Clipping values above 77.10 (P95=51.40). Clipped 83713/3893623 values (2.15%)
strain_yEK23: Clipping values above 72.00 (P95=48.00). Clipped 86381/3558407 values (2.43%)
strain_yWT03a: Clipping values above 15.00 (P95=10.00). Clipped 10602/347679 values (3.05%)
strain_yWT04a: Clipping values above 58.50 (P95=39.00). Clipped 21095/725406 values (2.91%)
strain_ylic137: Clipping values above 142.50 (P95=95.00). Clipped 28746/1112684 values (2.58%)
Standardizing features: ['Nucl']
Column order in final array (Dataset/Chrom split): ['Value', 'Nucleosome_Distance', 'Value_Raw', 'Size_Factor']
Removing 0 empty data points out of 13136
Column order in final array (Dataset/Chrom split): ['Value', 'Nucleosome_Distance', 'Value_Raw', 'Size_Factor']
Removing 0 empty data points out of 4168
Column order in final array (Dataset/Chrom split): ['Value', 'Nucleosome_Distance', 'Value_Raw', 'Size_Factor']
Removing 0 empty data points out of 7168
Datasets created:
  Train: (13136, 4710, 4), Val: (4168, 4710, 4), Test: (7168, 4710, 4)

Randomly sampled 9004/13136 samples (68.6%)
Applied denoising with 15.0% masking
Applied denoising with 15.0% masking
Applied denoising with 15.0% masking
Epoch [1/149], Total Loss: 2.3656, NLL: 2.2826, Masked: 2.8393
Epoch [2/149], Total Loss: 2.3298, NLL: 2.2634, Masked: 2.2716
Epoch [3/149], Total Loss: 2.3312, NLL: 2.2647, Masked: 2.2720
Epoch [4/149], Total Loss: 2.3325, NLL: 2.2661, Masked: 2.2720
Epoch [5/149], Total Loss: 2.3330, NLL: 2.2666, Masked: 2.2716
Epoch [6/149], Total Loss: 2.3339, NLL: 2.2675, Masked: 2.2708
Epoch [7/149], Total Loss: 2.3357, NLL: 2.2693, Masked: 2.2709
Epoch [8/149], Total Loss: 2.3364, NLL: 2.2699, Masked: 2.2717
Epoch [9/149], Total Loss: 2.3372, NLL: 2.2708, Masked: 2.2720
Epoch [10/149], Total Loss: 2.3389, NLL: 2.2725, Masked: 2.2712
Epoch [11/149], Total Loss: 2.3392, NLL: 2.2728, Masked: 2.2711
Epoch [12/149], Total Loss: 2.3394, NLL: 2.2730, Masked: 2.2717
Epoch [13/149], Total Loss: 2.3397, NLL: 2.2733, Masked: 2.2719
Epoch [14/149], Total Loss: 2.3397, NLL: 2.2733, Masked: 2.2720
Epoch [15/149], Total Loss: 2.3400, NLL: 2.2736, Masked: 2.2715
Epoch [16/149], Total Loss: 2.3403, NLL: 2.2739, Masked: 2.2719
Epoch [17/149], Total Loss: 2.3403, NLL: 2.2739, Masked: 2.2714
Epoch [18/149], Total Loss: 2.3407, NLL: 2.2743, Masked: 2.2708
Epoch [19/149], Total Loss: 2.3414, NLL: 2.2750, Masked: 2.2715
Epoch [20/149], Total Loss: 2.3418, NLL: 2.2754, Masked: 2.2715
Epoch [21/149], Total Loss: 2.3418, NLL: 2.2754, Masked: 2.2708
Epoch [22/149], Total Loss: 2.3419, NLL: 2.2755, Masked: 2.2720
Epoch [23/149], Total Loss: 2.3421, NLL: 2.2757, Masked: 2.2724
Epoch [24/149], Total Loss: 2.3421, NLL: 2.2757, Masked: 2.2718
Epoch [25/149], Total Loss: 2.3421, NLL: 2.2757, Masked: 2.2719
Epoch [26/149], Total Loss: 2.3421, NLL: 2.2757, Masked: 2.2710
Epoch [27/149], Total Loss: 2.3433, NLL: 2.2769, Masked: 2.2717
Epoch [28/149], Total Loss: 2.3494, NLL: 2.2830, Masked: 2.2715
Epoch [29/149], Total Loss: 2.3519, NLL: 2.2855, Masked: 2.2709
Epoch [30/149], Total Loss: 2.3527, NLL: 2.2863, Masked: 2.2722
Epoch [31/149], Total Loss: 2.3541, NLL: 2.2877, Masked: 2.2720
Epoch [32/149], Total Loss: 2.3554, NLL: 2.2890, Masked: 2.2717
Epoch [33/149], Total Loss: 2.3566, NLL: 2.2902, Masked: 2.2723
Epoch [34/149], Total Loss: 2.3570, NLL: 2.2906, Masked: 2.2709
Epoch [35/149], Total Loss: 2.3574, NLL: 2.2910, Masked: 2.2719
Epoch [36/149], Total Loss: 2.3575, NLL: 2.2911, Masked: 2.2711
Epoch [37/149], Total Loss: 2.3575, NLL: 2.2911, Masked: 2.2715
Epoch [38/149], Total Loss: 2.3575, NLL: 2.2911, Masked: 2.2718
Epoch [39/149], Total Loss: 2.3576, NLL: 2.2912, Masked: 2.2711
Epoch [40/149], Total Loss: 2.3578, NLL: 2.2914, Masked: 2.2709
Epoch [41/149], Total Loss: 2.3578, NLL: 2.2914, Masked: 2.2720
Epoch [42/149], Total Loss: 2.3578, NLL: 2.2914, Masked: 2.2710
Epoch [43/149], Total Loss: 2.3578, NLL: 2.2914, Masked: 2.2720
Epoch [44/149], Total Loss: 2.3578, NLL: 2.2914, Masked: 2.2717
Epoch [45/149], Total Loss: 2.3578, NLL: 2.2914, Masked: 2.2707
Epoch [46/149], Total Loss: 2.3578, NLL: 2.2914, Masked: 2.2713
Epoch [47/149], Total Loss: 2.3578, NLL: 2.2914, Masked: 2.2721
Epoch [48/149], Total Loss: 2.3578, NLL: 2.2914, Masked: 2.2712
Epoch [49/149], Total Loss: 2.3578, NLL: 2.2914, Masked: 2.2716
Epoch [50/149], Total Loss: 2.3581, NLL: 2.2917, Masked: 2.2710
Epoch [51/149], Total Loss: 2.3581, NLL: 2.2917, Masked: 2.2717
Epoch [52/149], Total Loss: 2.3581, NLL: 2.2917, Masked: 2.2708
Epoch [53/149], Total Loss: 2.3586, NLL: 2.2921, Masked: 2.2723
Epoch [54/149], Total Loss: 2.3603, NLL: 2.2939, Masked: 2.2714
Epoch [55/149], Total Loss: 2.3603, NLL: 2.2939, Masked: 2.2716
Epoch [56/149], Total Loss: 2.3603, NLL: 2.2939, Masked: 2.2713
Epoch [57/149], Total Loss: 2.3603, NLL: 2.2939, Masked: 2.2709
Epoch [58/149], Total Loss: 2.3603, NLL: 2.2939, Masked: 2.2712
Epoch [59/149], Total Loss: 2.3605, NLL: 2.2941, Masked: 2.2722
Epoch [60/149], Total Loss: 2.3609, NLL: 2.2945, Masked: 2.2704
Epoch [61/149], Total Loss: 2.3609, NLL: 2.2945, Masked: 2.2707
Epoch [62/149], Total Loss: 2.3612, NLL: 2.2948, Masked: 2.2716
Epoch [63/149], Total Loss: 2.3613, NLL: 2.2948, Masked: 2.2724
Epoch [64/149], Total Loss: 2.3612, NLL: 2.2948, Masked: 2.2719
Epoch [65/149], Total Loss: 2.3612, NLL: 2.2948, Masked: 2.2719
Epoch [66/149], Total Loss: 2.3613, NLL: 2.2948, Masked: 2.2726
Epoch [67/149], Total Loss: 2.3612, NLL: 2.2948, Masked: 2.2720
Epoch [68/149], Total Loss: 2.3612, NLL: 2.2948, Masked: 2.2720
Epoch [69/149], Total Loss: 2.3612, NLL: 2.2948, Masked: 2.2723
Epoch [70/149], Total Loss: 2.3612, NLL: 2.2948, Masked: 2.2711
Epoch [71/149], Total Loss: 2.3612, NLL: 2.2948, Masked: 2.2710
Epoch [72/149], Total Loss: 2.3612, NLL: 2.2948, Masked: 2.2717
Epoch [73/149], Total Loss: 2.3612, NLL: 2.2948, Masked: 2.2718
Epoch [74/149], Total Loss: 2.3612, NLL: 2.2948, Masked: 2.2712
Epoch [75/149], Total Loss: 2.3612, NLL: 2.2948, Masked: 2.2722
Epoch [76/149], Total Loss: 2.3612, NLL: 2.2948, Masked: 2.2714
Epoch [77/149], Total Loss: 2.3612, NLL: 2.2948, Masked: 2.2711
Epoch [78/149], Total Loss: 2.3612, NLL: 2.2948, Masked: 2.2720
Epoch [79/149], Total Loss: 2.3612, NLL: 2.2948, Masked: 2.2717
Epoch [80/149], Total Loss: 2.3612, NLL: 2.2948, Masked: 2.2714
Epoch [81/149], Total Loss: 2.3612, NLL: 2.2948, Masked: 2.2713
Epoch [82/149], Total Loss: 2.3612, NLL: 2.2948, Masked: 2.2716
Epoch [83/149], Total Loss: 2.3612, NLL: 2.2948, Masked: 2.2710
Epoch [84/149], Total Loss: 2.3612, NLL: 2.2948, Masked: 2.2711
Epoch [85/149], Total Loss: 2.3612, NLL: 2.2948, Masked: 2.2711
Epoch [86/149], Total Loss: 2.3612, NLL: 2.2948, Masked: 2.2713
Epoch [87/149], Total Loss: 2.3612, NLL: 2.2948, Masked: 2.2720
Epoch [88/149], Total Loss: 2.3612, NLL: 2.2948, Masked: 2.2712
Epoch [89/149], Total Loss: 2.3612, NLL: 2.2948, Masked: 2.2708
Epoch [90/149], Total Loss: 2.3612, NLL: 2.2948, Masked: 2.2714
Epoch [91/149], Total Loss: 2.3612, NLL: 2.2948, Masked: 2.2713
Epoch [92/149], Total Loss: 2.3612, NLL: 2.2948, Masked: 2.2722
Epoch [93/149], Total Loss: 2.3612, NLL: 2.2948, Masked: 2.2717
Epoch [94/149], Total Loss: 2.3612, NLL: 2.2948, Masked: 2.2705
Epoch [95/149], Total Loss: 2.3612, NLL: 2.2948, Masked: 2.2719
Epoch [96/149], Total Loss: 2.3612, NLL: 2.2948, Masked: 2.2714
Epoch [97/149], Total Loss: 2.3612, NLL: 2.2948, Masked: 2.2720
Epoch [98/149], Total Loss: 2.3613, NLL: 2.2948, Masked: 2.2729
Epoch [99/149], Total Loss: 2.3612, NLL: 2.2948, Masked: 2.2718
Epoch [100/149], Total Loss: 2.3612, NLL: 2.2948, Masked: 2.2711
Epoch [101/149], Total Loss: 2.3612, NLL: 2.2948, Masked: 2.2716
Epoch [102/149], Total Loss: 2.3612, NLL: 2.2948, Masked: 2.2714
Epoch [103/149], Total Loss: 2.3612, NLL: 2.2948, Masked: 2.2718
Epoch [104/149], Total Loss: 2.3612, NLL: 2.2948, Masked: 2.2710
Epoch [105/149], Total Loss: 2.3613, NLL: 2.2948, Masked: 2.2724
Epoch [106/149], Total Loss: 2.3612, NLL: 2.2948, Masked: 2.2712
Epoch [107/149], Total Loss: 2.3612, NLL: 2.2948, Masked: 2.2716
Epoch [108/149], Total Loss: 2.3612, NLL: 2.2948, Masked: 2.2712
Epoch [109/149], Total Loss: 2.3612, NLL: 2.2948, Masked: 2.2710
Epoch [110/149], Total Loss: 2.3612, NLL: 2.2948, Masked: 2.2723
Epoch [111/149], Total Loss: 2.3612, NLL: 2.2948, Masked: 2.2723
Epoch [112/149], Total Loss: 2.3612, NLL: 2.2948, Masked: 2.2712
Epoch [113/149], Total Loss: 2.3612, NLL: 2.2948, Masked: 2.2715
Epoch [114/149], Total Loss: 2.3612, NLL: 2.2948, Masked: 2.2721
Epoch [115/149], Total Loss: 2.3612, NLL: 2.2948, Masked: 2.2706
Epoch [116/149], Total Loss: 2.3612, NLL: 2.2948, Masked: 2.2715
Epoch [117/149], Total Loss: 2.3612, NLL: 2.2948, Masked: 2.2720
Epoch [118/149], Total Loss: 2.3612, NLL: 2.2948, Masked: 2.2708
Epoch [119/149], Total Loss: 2.3612, NLL: 2.2948, Masked: 2.2716
Epoch [120/149], Total Loss: 2.3612, NLL: 2.2948, Masked: 2.2719
Epoch [121/149], Total Loss: 2.3612, NLL: 2.2948, Masked: 2.2717
Epoch [122/149], Total Loss: 2.3615, NLL: 2.2950, Masked: 2.2720
Epoch [123/149], Total Loss: 2.3616, NLL: 2.2951, Masked: 2.2719
Epoch [124/149], Total Loss: 2.3616, NLL: 2.2951, Masked: 2.2717
Epoch [125/149], Total Loss: 2.3616, NLL: 2.2951, Masked: 2.2722
Epoch [126/149], Total Loss: 2.3616, NLL: 2.2951, Masked: 2.2721
Epoch [127/149], Total Loss: 2.3616, NLL: 2.2951, Masked: 2.2720
Epoch [128/149], Total Loss: 2.3615, NLL: 2.2951, Masked: 2.2713
Epoch [129/149], Total Loss: 2.3616, NLL: 2.2951, Masked: 2.2718
Epoch [130/149], Total Loss: 2.3616, NLL: 2.2951, Masked: 2.2720
Epoch [131/149], Total Loss: 2.3615, NLL: 2.2951, Masked: 2.2709
Epoch [132/149], Total Loss: 2.3615, NLL: 2.2951, Masked: 2.2716
Epoch [133/149], Total Loss: 2.3615, NLL: 2.2951, Masked: 2.2710
Epoch [134/149], Total Loss: 2.3615, NLL: 2.2951, Masked: 2.2707
Epoch [135/149], Total Loss: 2.3616, NLL: 2.2951, Masked: 2.2718
Epoch [136/149], Total Loss: 2.3616, NLL: 2.2951, Masked: 2.2718
Epoch [137/149], Total Loss: 2.3616, NLL: 2.2951, Masked: 2.2718
Epoch [138/149], Total Loss: 2.3616, NLL: 2.2951, Masked: 2.2724
Epoch [139/149], Total Loss: 2.3616, NLL: 2.2951, Masked: 2.2722
Epoch [140/149], Total Loss: 2.3615, NLL: 2.2951, Masked: 2.2714
Epoch [141/149], Total Loss: 2.3616, NLL: 2.2951, Masked: 2.2718
Epoch [142/149], Total Loss: 2.3616, NLL: 2.2951, Masked: 2.2722
Epoch [143/149], Total Loss: 2.3616, NLL: 2.2951, Masked: 2.2718
Epoch [144/149], Total Loss: 2.3616, NLL: 2.2951, Masked: 2.2718
Epoch [145/149], Total Loss: 2.3615, NLL: 2.2951, Masked: 2.2712
Epoch [146/149], Total Loss: 2.3615, NLL: 2.2951, Masked: 2.2714
Epoch [147/149], Total Loss: 2.3616, NLL: 2.2951, Masked: 2.2720
Epoch [148/149], Total Loss: 2.3616, NLL: 2.2951, Masked: 2.2720
Epoch [149/149], Total Loss: 2.3616, NLL: 2.2951, Masked: 2.2722

==================================================
EVALUATING ON TRAINING DATA
==================================================

==================================================
TEST RESULTS
==================================================
Total Loss: 2.361524
  - ZINB NLL: 2.295143
Total number of masked values: 5615467
  - Number of values with pi >= 0.30723014544620836: 0
  - Number of values with pi < 0.30723014544620836: 5615467
  - Masked Reconstruction: 2.270774
Mean Absolute Error (MAE): 2.124941
R² Score: -0.086759
==================================================


==================================================
TEST RESULTS
==================================================
Total Loss: 2.493564
  - ZINB NLL: 2.423106
Total number of masked values: 2572367
  - Number of values with pi >= 0.30723014544620836: 0
  - Number of values with pi < 0.30723014544620836: 2572367
  - Masked Reconstruction: 2.410241
Mean Absolute Error (MAE): 2.310183
R² Score: -0.059121
==================================================

Using combined metric: zinb_nll (2.423106) + masked_loss (2.410241) = 4.833346

>>> Optimizing combined on VALIDATION set: 4.833346
>>> Full validation metrics: {'total_loss': 2.4935644450892416, 'zinb_nll': 2.4231055908605827, 'mae': 2.31018328666687, 'r2': -0.0591205358505249, 'masked_loss': 2.4102408691468487}

Iteration No: 12 ended. Evaluation done at random point.
Time taken: 1845.2008
Function value obtained: 4.8333
Current minimum: 1.5811
Iteration No: 13 started. Evaluating function at random point.

================================================================================
Trial with parameters:
  features: Centr_Nucl
  data_point_length: 2941
  step_size: 0.63161055762907
  bin_size: 64
  sample_fraction: 0.43784636395418813
  moving_average: False
  first_layer_size_factor: 147
  num_layers: 3
  use_conv: False
  conv_channel: 65
  pool_size: 4
  kernel_size: 7
  epochs: 110
  batch_size: 128
  pi_threshold: 0.3920741072966221
  learning_rate: 0.0003144706654325597
  dropout_rate: 0.2860020996045916
  masked_recon_weight: 1.1863588031959953
  regularizer: l1
  regularization_weight: 91.59116341616374
================================================================================

Creating datasets with:
  features: ['Centr', 'Nucl']
  bin_size: 64
  moving_average: False
  data_point_length: 45 (from 2941)
  step_size: 28 (from fraction 0.63161055762907)
  layers: [np.int64(2352), np.int64(1176), np.int64(588)] (first=2352, num=3)
  stride: 1 (fixed), padding: same (fixed)


Clipping outliers using 95th percentile * 1.5...
strain_yTW001: Clipping values above 134.25 (P95=89.50). Clipped 27529/1193409 values (2.31%)
strain_FD: Clipping values above 71.92 (P95=47.94). Clipped 95791/4127807 values (2.32%)
strain_dnrp: Clipping values above 243.00 (P95=162.00). Clipped 25649/1119454 values (2.29%)
strain_yEK19: Clipping values above 77.10 (P95=51.40). Clipped 83713/3893623 values (2.15%)
strain_yEK23: Clipping values above 72.00 (P95=48.00). Clipped 86381/3558407 values (2.43%)
strain_yWT03a: Clipping values above 15.00 (P95=10.00). Clipped 10602/347679 values (3.05%)
strain_yWT04a: Clipping values above 58.50 (P95=39.00). Clipped 21095/725406 values (2.91%)
strain_ylic137: Clipping values above 142.50 (P95=95.00). Clipped 28746/1112684 values (2.58%)
Standardizing features: ['Centr', 'Nucl']
Column order in final array (Dataset/Chrom split): ['Value', 'Nucleosome_Distance', 'Centromere_Distance', 'Value_Raw', 'Size_Factor']
Removing 0 empty data points out of 28920
Column order in final array (Dataset/Chrom split): ['Value', 'Nucleosome_Distance', 'Centromere_Distance', 'Value_Raw', 'Size_Factor']
Removing 0 empty data points out of 9168
Column order in final array (Dataset/Chrom split): ['Value', 'Nucleosome_Distance', 'Centromere_Distance', 'Value_Raw', 'Size_Factor']
Removing 0 empty data points out of 15808
Datasets created:
  Train: (28920, 45, 5), Val: (9168, 45, 5), Test: (15808, 45, 5)

Randomly sampled 12662/28920 samples (43.8%)
Applied denoising with 15.0% masking
Applied denoising with 15.0% masking
Applied denoising with 15.0% masking
Epoch [1/110], Total Loss: 3594584.2401, NLL: 3.1498, Masked: 27.5308, Reg: 3594548.424118
Epoch [2/110], Total Loss: 332638.8543, NLL: 3.1514, Masked: 27.5334, Reg: 332603.038600
Epoch [3/110], Total Loss: 61471.5477, NLL: 3.1531, Masked: 27.5321, Reg: 61435.731181
Epoch [4/110], Total Loss: 35098.9923, NLL: 3.1549, Masked: 27.5326, Reg: 35063.173736
Epoch [5/110], Total Loss: 34940.1582, NLL: 3.1568, Masked: 27.5295, Reg: 34904.341349
Epoch [6/110], Total Loss: 34810.5945, NLL: 3.1587, Masked: 27.5330, Reg: 34774.771526
Epoch [7/110], Total Loss: 34680.6069, NLL: 3.1608, Masked: 27.5324, Reg: 34644.782622
Epoch [8/110], Total Loss: 34554.1885, NLL: 3.1630, Masked: 27.5327, Reg: 34518.361872
Epoch [9/110], Total Loss: 34428.5638, NLL: 3.1652, Masked: 27.5300, Reg: 34392.737796
Epoch [10/110], Total Loss: 34293.6422, NLL: 3.1676, Masked: 27.5291, Reg: 34257.814931
Epoch [11/110], Total Loss: 34174.2639, NLL: 3.1701, Masked: 27.5263, Reg: 34138.437892
Epoch [12/110], Total Loss: 34041.8914, NLL: 3.1727, Masked: 27.5290, Reg: 34006.059413
Epoch [13/110], Total Loss: 33910.7174, NLL: 3.1754, Masked: 27.5306, Reg: 33874.880527
Epoch [14/110], Total Loss: 33781.2402, NLL: 3.1782, Masked: 27.5326, Reg: 33745.398647
Epoch [15/110], Total Loss: 33666.0065, NLL: 3.1811, Masked: 27.5324, Reg: 33630.162000
Epoch [16/110], Total Loss: 33518.3591, NLL: 3.1841, Masked: 27.5332, Reg: 33482.510987
Epoch [17/110], Total Loss: 33399.0959, NLL: 3.1873, Masked: 27.5328, Reg: 33363.244650
Epoch [18/110], Total Loss: 33272.6453, NLL: 3.1906, Masked: 27.5329, Reg: 33236.790663
Epoch [19/110], Total Loss: 33142.3456, NLL: 3.1940, Masked: 27.5274, Reg: 33106.493817
Epoch [20/110], Total Loss: 33009.1052, NLL: 3.1975, Masked: 27.5340, Reg: 32973.242431
Epoch [21/110], Total Loss: 32887.2080, NLL: 3.2012, Masked: 27.5328, Reg: 32851.343038
Epoch [22/110], Total Loss: 32761.3058, NLL: 3.2050, Masked: 27.5344, Reg: 32725.434946
Epoch [23/110], Total Loss: 32627.0574, NLL: 3.2090, Masked: 27.5340, Reg: 32591.183067
Epoch [24/110], Total Loss: 32502.5295, NLL: 3.2131, Masked: 27.5269, Reg: 32466.659471
Epoch [25/110], Total Loss: 32370.5974, NLL: 3.2173, Masked: 27.5292, Reg: 32334.720365
Epoch [26/110], Total Loss: 32243.5033, NLL: 3.2217, Masked: 27.5331, Reg: 32207.617388
Epoch [27/110], Total Loss: 32107.1364, NLL: 3.2263, Masked: 27.5313, Reg: 32071.248047
Epoch [28/110], Total Loss: 31987.5513, NLL: 3.2310, Masked: 27.5323, Reg: 31951.657113
Epoch [29/110], Total Loss: 31858.2144, NLL: 3.2358, Masked: 27.5317, Reg: 31822.315951
Epoch [30/110], Total Loss: 31725.4296, NLL: 3.2409, Masked: 27.5334, Reg: 31689.524199
Epoch [31/110], Total Loss: 31603.3381, NLL: 3.2460, Masked: 27.5272, Reg: 31567.434703
Epoch [32/110], Total Loss: 31479.3543, NLL: 3.2514, Masked: 27.5358, Reg: 31443.435582
Epoch [33/110], Total Loss: 31336.0553, NLL: 3.2569, Masked: 27.5328, Reg: 31300.134538
Epoch [34/110], Total Loss: 31217.3323, NLL: 3.2626, Masked: 27.5297, Reg: 31181.409468
Epoch [35/110], Total Loss: 31094.6637, NLL: 3.2685, Masked: 27.5259, Reg: 31058.739505
Epoch [36/110], Total Loss: 30948.0708, NLL: 3.2746, Masked: 27.5323, Reg: 30912.133114
Epoch [37/110], Total Loss: 30832.6975, NLL: 3.2808, Masked: 27.5341, Reg: 30796.751325
Epoch [38/110], Total Loss: 30703.4631, NLL: 3.2872, Masked: 27.5378, Reg: 30667.506158
Epoch [39/110], Total Loss: 30576.4282, NLL: 3.2938, Masked: 27.5325, Reg: 30540.470958
Epoch [40/110], Total Loss: 30438.9978, NLL: 3.3006, Masked: 27.5343, Reg: 30403.031786
Epoch [41/110], Total Loss: 30317.9430, NLL: 3.3076, Masked: 27.5329, Reg: 30281.971484
Epoch [42/110], Total Loss: 30186.7293, NLL: 3.3148, Masked: 27.5356, Reg: 30150.747438
Epoch [43/110], Total Loss: 30062.7349, NLL: 3.3222, Masked: 27.5370, Reg: 30026.743899
Epoch [44/110], Total Loss: 29925.3925, NLL: 3.3297, Masked: 27.5315, Reg: 29889.400530
Epoch [45/110], Total Loss: 29810.9076, NLL: 3.3375, Masked: 27.5300, Reg: 29774.909617
Epoch [46/110], Total Loss: 29674.5207, NLL: 3.3455, Masked: 27.5329, Reg: 29638.511142
Epoch [47/110], Total Loss: 29537.2281, NLL: 3.3537, Masked: 27.5344, Reg: 29501.208631
Epoch [48/110], Total Loss: 29422.7135, NLL: 3.3621, Masked: 27.5331, Reg: 29386.687111
Epoch [49/110], Total Loss: 29286.8279, NLL: 3.3707, Masked: 27.5296, Reg: 29250.797150
Epoch [50/110], Total Loss: 29154.5716, NLL: 3.3795, Masked: 27.5325, Reg: 29118.528686
Epoch [51/110], Total Loss: 29011.4461, NLL: 3.3886, Masked: 6.6402, Reg: 29000.179893
Epoch [52/110], Total Loss: 28876.5017, NLL: 3.3978, Masked: 2.5739, Reg: 28870.050226
Epoch [53/110], Total Loss: 28738.4552, NLL: 3.4073, Masked: 2.5740, Reg: 28731.994199
Epoch [54/110], Total Loss: 28622.6600, NLL: 3.4170, Masked: 2.5742, Reg: 28616.189114
Epoch [55/110], Total Loss: 28490.6420, NLL: 3.4269, Masked: 2.5744, Reg: 28484.160804
Epoch [56/110], Total Loss: 28360.5676, NLL: 3.4371, Masked: 2.5746, Reg: 28354.076177
Epoch [57/110], Total Loss: 28226.5754, NLL: 3.4474, Masked: 2.5746, Reg: 28220.073525
Epoch [58/110], Total Loss: 28104.3388, NLL: 3.4580, Masked: 2.5748, Reg: 28097.826056
Epoch [59/110], Total Loss: 27979.9644, NLL: 3.4688, Masked: 2.5745, Reg: 27973.441230
Epoch [60/110], Total Loss: 27841.4022, NLL: 3.4799, Masked: 2.5745, Reg: 27834.867975
Epoch [61/110], Total Loss: 27719.6456, NLL: 3.4912, Masked: 2.5743, Reg: 27713.100308
Epoch [62/110], Total Loss: 27596.0074, NLL: 3.5027, Masked: 2.5742, Reg: 27589.450799
Epoch [63/110], Total Loss: 27458.4559, NLL: 3.5144, Masked: 2.5741, Reg: 27451.887624
Epoch [64/110], Total Loss: 27326.8997, NLL: 3.5263, Masked: 2.5746, Reg: 27320.318945
Epoch [65/110], Total Loss: 27252.1172, NLL: 3.5351, Masked: 2.5734, Reg: 27245.528957
Epoch [66/110], Total Loss: 27234.1553, NLL: 3.5354, Masked: 2.5738, Reg: 27227.566434
Epoch [67/110], Total Loss: 27233.6291, NLL: 3.5354, Masked: 2.5738, Reg: 27227.040221
Epoch [68/110], Total Loss: 27237.9710, NLL: 3.5354, Masked: 2.5733, Reg: 27231.382794
Epoch [69/110], Total Loss: 27238.1713, NLL: 3.5354, Masked: 2.5738, Reg: 27231.582236
Epoch [70/110], Total Loss: 27230.1352, NLL: 3.5354, Masked: 2.5743, Reg: 27223.545552
Epoch [71/110], Total Loss: 27241.9237, NLL: 3.5354, Masked: 2.5740, Reg: 27235.334504
Epoch [72/110], Total Loss: 27238.1060, NLL: 3.5354, Masked: 2.5748, Reg: 27231.515882
Epoch [73/110], Total Loss: 27234.7046, NLL: 3.5354, Masked: 2.5743, Reg: 27228.115004
Epoch [74/110], Total Loss: 27234.4565, NLL: 3.5354, Masked: 2.5744, Reg: 27227.866915
Epoch [75/110], Total Loss: 27242.0045, NLL: 3.5354, Masked: 2.5741, Reg: 27235.415163
Epoch [76/110], Total Loss: 27235.1752, NLL: 3.5354, Masked: 2.5745, Reg: 27228.585595
Epoch [77/110], Total Loss: 27230.0902, NLL: 3.5354, Masked: 2.5737, Reg: 27223.501467
Epoch [78/110], Total Loss: 27241.7056, NLL: 3.5354, Masked: 2.5746, Reg: 27235.115564
Epoch [79/110], Total Loss: 27241.0071, NLL: 3.5354, Masked: 2.5752, Reg: 27234.416515
Epoch [80/110], Total Loss: 27232.4401, NLL: 3.5354, Masked: 2.5744, Reg: 27225.850333
Epoch [81/110], Total Loss: 27232.3415, NLL: 3.5354, Masked: 2.5740, Reg: 27225.752395
Epoch [82/110], Total Loss: 27242.3216, NLL: 3.5354, Masked: 2.5734, Reg: 27235.733175
Epoch [83/110], Total Loss: 27232.5973, NLL: 3.5354, Masked: 2.5737, Reg: 27226.008496
Epoch [84/110], Total Loss: 27230.5020, NLL: 3.5354, Masked: 2.5743, Reg: 27223.912518
Epoch [85/110], Total Loss: 27244.0604, NLL: 3.5354, Masked: 2.5739, Reg: 27237.471328
Epoch [86/110], Total Loss: 27233.6823, NLL: 3.5354, Masked: 2.5744, Reg: 27227.092563
Epoch [87/110], Total Loss: 27229.4539, NLL: 3.5354, Masked: 2.5733, Reg: 27222.865558
Epoch [88/110], Total Loss: 27241.5683, NLL: 3.5354, Masked: 2.5743, Reg: 27234.978777
Epoch [89/110], Total Loss: 27234.0006, NLL: 3.5354, Masked: 2.5747, Reg: 27227.410522
Epoch [90/110], Total Loss: 27232.0206, NLL: 3.5354, Masked: 2.5737, Reg: 27225.431832
Epoch [91/110], Total Loss: 27236.5771, NLL: 3.5354, Masked: 2.5741, Reg: 27229.987822
Epoch [92/110], Total Loss: 27231.4224, NLL: 3.5354, Masked: 2.5741, Reg: 27224.833016
Epoch [93/110], Total Loss: 27238.6415, NLL: 3.5354, Masked: 2.5736, Reg: 27232.052762
Epoch [94/110], Total Loss: 27232.7343, NLL: 3.5354, Masked: 2.5745, Reg: 27226.144540
Epoch [95/110], Total Loss: 27239.6504, NLL: 3.5354, Masked: 2.5743, Reg: 27233.060826
Epoch [96/110], Total Loss: 27236.3229, NLL: 3.5354, Masked: 2.5741, Reg: 27229.733580
Epoch [97/110], Total Loss: 27225.6599, NLL: 3.5354, Masked: 2.5746, Reg: 27219.069967
Epoch [98/110], Total Loss: 27234.3261, NLL: 3.5354, Masked: 2.5736, Reg: 27227.737433
Epoch [99/110], Total Loss: 27244.1375, NLL: 3.5354, Masked: 2.5737, Reg: 27237.548627
Epoch [100/110], Total Loss: 27223.1462, NLL: 3.5354, Masked: 2.5745, Reg: 27216.556540
Epoch [101/110], Total Loss: 27238.6329, NLL: 3.5354, Masked: 2.5735, Reg: 27232.044225
Epoch [102/110], Total Loss: 27239.5572, NLL: 3.5354, Masked: 2.5737, Reg: 27232.968421
Epoch [103/110], Total Loss: 27231.2469, NLL: 3.5354, Masked: 2.5745, Reg: 27224.657174
Epoch [104/110], Total Loss: 27233.0511, NLL: 3.5354, Masked: 2.5746, Reg: 27226.461107
Epoch [105/110], Total Loss: 27234.3877, NLL: 3.5354, Masked: 2.5735, Reg: 27227.799311
Epoch [106/110], Total Loss: 27231.5919, NLL: 3.5354, Masked: 2.5743, Reg: 27225.002312
Epoch [107/110], Total Loss: 27232.9431, NLL: 3.5354, Masked: 2.5733, Reg: 27226.354812
Epoch [108/110], Total Loss: 27233.4191, NLL: 3.5354, Masked: 2.5743, Reg: 27226.829602
Epoch [109/110], Total Loss: 27235.1918, NLL: 3.5354, Masked: 2.5742, Reg: 27228.602315
Epoch [110/110], Total Loss: 27232.6457, NLL: 3.5354, Masked: 2.5744, Reg: 27226.056044

==================================================
EVALUATING ON TRAINING DATA
==================================================

==================================================
TEST RESULTS
==================================================
Total Loss: 27340.554306
  - ZINB NLL: 3.535408
Total number of masked values: 67947
  - Number of values with pi >= 0.3920741072966221: 67947
  - Number of values with pi < 0.3920741072966221: 0
  - Masked Reconstruction: 2.574310
  - Regularization: 27333.963908
Mean Absolute Error (MAE): 2.265895
R² Score: -0.270704
==================================================


==================================================
TEST RESULTS
==================================================
Total Loss: 27340.599320
  - ZINB NLL: 3.508521
Total number of masked values: 48693
  - Number of values with pi >= 0.3920741072966221: 48693
  - Number of values with pi < 0.3920741072966221: 0
  - Masked Reconstruction: 2.634871
  - Regularization: 27333.963908
Mean Absolute Error (MAE): 2.404201
R² Score: -0.174914
==================================================

Using combined metric: zinb_nll (3.508521) + masked_loss (2.634871) = 6.143392

>>> Optimizing combined on VALIDATION set: 6.143392
>>> Full validation metrics: {'total_loss': 27340.599319644414, 'zinb_nll': 3.508520570308958, 'mae': 2.404200553894043, 'r2': -0.17491412162780762, 'masked_loss': 2.634870965027268, 'reg_loss': 27333.963908243866}

Iteration No: 13 ended. Evaluation done at random point.
Time taken: 121.5143
Function value obtained: 6.1434
Current minimum: 1.5811
Iteration No: 14 started. Evaluating function at random point.

================================================================================
Trial with parameters:
  features: Centr
  data_point_length: 1758
  step_size: 0.9126205166996944
  bin_size: 75
  sample_fraction: 0.964803885267965
  moving_average: True
  first_layer_size_factor: 85
  num_layers: 3
  use_conv: False
  conv_channel: 24
  pool_size: 4
  kernel_size: 3
  epochs: 62
  batch_size: 64
  pi_threshold: 0.4490747468376197
  learning_rate: 0.0001527827773064012
  dropout_rate: 0.4221065703631558
  masked_recon_weight: 5.248888402320229
  regularizer: l1
  regularization_weight: 0.0002900220535444086
================================================================================

Creating datasets with:
  features: ['Centr']
  bin_size: 75
  moving_average: True
  data_point_length: 1758 (from 1758)
  step_size: 1604 (from fraction 0.9126205166996944)
  layers: [np.int64(1360), np.int64(680), np.int64(340)] (first=1360, num=3)
  stride: 1 (fixed), padding: same (fixed)


Clipping outliers using 95th percentile * 1.5...
strain_yTW001: Clipping values above 134.25 (P95=89.50). Clipped 27529/1193409 values (2.31%)
strain_FD: Clipping values above 71.92 (P95=47.94). Clipped 95791/4127807 values (2.32%)
strain_dnrp: Clipping values above 243.00 (P95=162.00). Clipped 25649/1119454 values (2.29%)
strain_yEK19: Clipping values above 77.10 (P95=51.40). Clipped 83713/3893623 values (2.15%)
strain_yEK23: Clipping values above 72.00 (P95=48.00). Clipped 86381/3558407 values (2.43%)
strain_yWT03a: Clipping values above 15.00 (P95=10.00). Clipped 10602/347679 values (3.05%)
strain_yWT04a: Clipping values above 58.50 (P95=39.00). Clipped 21095/725406 values (2.91%)
strain_ylic137: Clipping values above 142.50 (P95=95.00). Clipped 28746/1112684 values (2.58%)
Standardizing features: ['Centr']
Column order in final array (Dataset/Chrom split): ['Value', 'Centromere_Distance', 'Value_Raw', 'Size_Factor']
Removing 0 empty data points out of 32320
Column order in final array (Dataset/Chrom split): ['Value', 'Centromere_Distance', 'Value_Raw', 'Size_Factor']
Removing 0 empty data points out of 10256
Column order in final array (Dataset/Chrom split): ['Value', 'Centromere_Distance', 'Value_Raw', 'Size_Factor']
Removing 0 empty data points out of 17672
Datasets created:
  Train: (32320, 1758, 4), Val: (10256, 1758, 4), Test: (17672, 1758, 4)

Randomly sampled 31182/32320 samples (96.5%)
Applied denoising with 15.0% masking
Applied denoising with 15.0% masking
Applied denoising with 15.0% masking
Epoch [1/62], Total Loss: 873.1195, NLL: 2.2376, Masked: 164.1785, Reg: 9.127434
Epoch [2/62], Total Loss: 16.2973, NLL: 2.0198, Masked: 2.1326, Reg: 3.083603
Epoch [3/62], Total Loss: 15.4200, NLL: 1.9443, Masked: 2.0787, Reg: 2.564622
Epoch [4/62], Total Loss: 15.0771, NLL: 1.9176, Masked: 2.0528, Reg: 2.384806
Epoch [5/62], Total Loss: 14.8569, NLL: 1.9021, Masked: 2.0386, Reg: 2.254552
Epoch [6/62], Total Loss: 14.6365, NLL: 1.8900, Masked: 2.0260, Reg: 2.112103
Epoch [7/62], Total Loss: 14.4862, NLL: 1.8842, Masked: 2.0185, Reg: 2.006961
Epoch [8/62], Total Loss: 14.3984, NLL: 1.8850, Masked: 2.0200, Reg: 1.910445
Epoch [9/62], Total Loss: 14.2970, NLL: 1.8806, Masked: 2.0186, Reg: 1.820707
Epoch [10/62], Total Loss: 14.1958, NLL: 1.8784, Masked: 2.0131, Reg: 1.750935
Epoch [11/62], Total Loss: 14.1124, NLL: 1.8751, Masked: 2.0095, Reg: 1.689391
Epoch [12/62], Total Loss: 14.0403, NLL: 1.8760, Masked: 2.0068, Reg: 1.631090
Epoch [13/62], Total Loss: 14.0119, NLL: 1.8760, Masked: 2.0077, Reg: 1.597477
Epoch [14/62], Total Loss: 13.9595, NLL: 1.8756, Masked: 2.0070, Reg: 1.549269
Epoch [15/62], Total Loss: 13.8898, NLL: 1.8749, Masked: 2.0042, Reg: 1.495147
Epoch [16/62], Total Loss: 13.8259, NLL: 1.8733, Masked: 2.0023, Reg: 1.442928
Epoch [17/62], Total Loss: 13.7960, NLL: 1.8750, Masked: 2.0055, Reg: 1.394590
Epoch [18/62], Total Loss: 13.7451, NLL: 1.8760, Masked: 2.0016, Reg: 1.363000
Epoch [19/62], Total Loss: 13.7208, NLL: 1.8768, Masked: 2.0025, Reg: 1.332886
Epoch [20/62], Total Loss: 13.7230, NLL: 1.8793, Masked: 2.0054, Reg: 1.317510
Epoch [21/62], Total Loss: 13.6419, NLL: 1.8766, Masked: 2.0033, Reg: 1.249903
Epoch [22/62], Total Loss: 13.5820, NLL: 1.8749, Masked: 2.0015, Reg: 1.201467
Epoch [23/62], Total Loss: 13.5681, NLL: 1.8809, Masked: 2.0044, Reg: 1.166224
Epoch [24/62], Total Loss: 13.5145, NLL: 1.8804, Masked: 2.0030, Reg: 1.120557
Epoch [25/62], Total Loss: 13.4964, NLL: 1.8800, Masked: 2.0054, Reg: 1.090504
Epoch [26/62], Total Loss: 13.4298, NLL: 1.8800, Masked: 2.0020, Reg: 1.041414
Epoch [27/62], Total Loss: 13.3744, NLL: 1.8799, Masked: 2.0016, Reg: 0.988174
Epoch [28/62], Total Loss: 13.4101, NLL: 1.8789, Masked: 2.0151, Reg: 0.954249
Epoch [29/62], Total Loss: 13.3901, NLL: 1.8808, Masked: 2.0192, Reg: 0.910603
Epoch [30/62], Total Loss: 13.3268, NLL: 1.8803, Masked: 2.0167, Reg: 0.861227
Epoch [31/62], Total Loss: 13.3003, NLL: 1.8805, Masked: 2.0142, Reg: 0.847452
Epoch [32/62], Total Loss: 13.3114, NLL: 1.8786, Masked: 2.0159, Reg: 0.851404
Epoch [33/62], Total Loss: 13.2952, NLL: 1.8793, Masked: 2.0151, Reg: 0.838774
Epoch [34/62], Total Loss: 13.3029, NLL: 1.8806, Masked: 2.0160, Reg: 0.840474
Epoch [35/62], Total Loss: 13.3016, NLL: 1.8789, Masked: 2.0158, Reg: 0.842254
Epoch [36/62], Total Loss: 13.3465, NLL: 1.8819, Masked: 2.0195, Reg: 0.864661
Epoch [37/62], Total Loss: 13.3057, NLL: 1.8794, Masked: 2.0157, Reg: 0.846250
Epoch [38/62], Total Loss: 13.2665, NLL: 1.8752, Masked: 2.0121, Reg: 0.829726
Epoch [39/62], Total Loss: 13.2929, NLL: 1.8801, Masked: 2.0152, Reg: 0.835462
Epoch [40/62], Total Loss: 13.2954, NLL: 1.8797, Masked: 2.0159, Reg: 0.834467
Epoch [41/62], Total Loss: 13.2760, NLL: 1.8791, Masked: 2.0131, Reg: 0.830159
Epoch [42/62], Total Loss: 13.2790, NLL: 1.8791, Masked: 2.0140, Reg: 0.828383
Epoch [43/62], Total Loss: 13.2636, NLL: 1.8769, Masked: 2.0131, Reg: 0.820150
Epoch [44/62], Total Loss: 13.2589, NLL: 1.8760, Masked: 2.0127, Reg: 0.818400
Epoch [45/62], Total Loss: 13.2906, NLL: 1.8802, Masked: 2.0172, Reg: 0.822102
Epoch [46/62], Total Loss: 13.2719, NLL: 1.8775, Masked: 2.0133, Reg: 0.826807
Epoch [47/62], Total Loss: 13.2538, NLL: 1.8770, Masked: 2.0124, Reg: 0.813852
Epoch [48/62], Total Loss: 13.2604, NLL: 1.8797, Masked: 2.0143, Reg: 0.807669
Epoch [49/62], Total Loss: 13.2336, NLL: 1.8756, Masked: 2.0122, Reg: 0.795888
Epoch [50/62], Total Loss: 13.2263, NLL: 1.8760, Masked: 2.0104, Reg: 0.797732
Epoch [51/62], Total Loss: 13.2539, NLL: 1.8783, Masked: 2.0140, Reg: 0.804358
Epoch [52/62], Total Loss: 13.2430, NLL: 1.8760, Masked: 2.0130, Reg: 0.800859
Epoch [53/62], Total Loss: 13.2534, NLL: 1.8776, Masked: 2.0155, Reg: 0.796503
Epoch [54/62], Total Loss: 13.2563, NLL: 1.8791, Masked: 2.0151, Reg: 0.799978
Epoch [55/62], Total Loss: 13.2291, NLL: 1.8764, Masked: 2.0102, Reg: 0.801225
Epoch [56/62], Total Loss: 13.2463, NLL: 1.8753, Masked: 2.0125, Reg: 0.807374
Epoch [57/62], Total Loss: 13.2461, NLL: 1.8767, Masked: 2.0139, Reg: 0.798770
Epoch [58/62], Total Loss: 13.2231, NLL: 1.8755, Masked: 2.0117, Reg: 0.788355
Epoch [59/62], Total Loss: 13.2182, NLL: 1.8747, Masked: 2.0102, Reg: 0.792094
Epoch [60/62], Total Loss: 13.2178, NLL: 1.8757, Masked: 2.0098, Reg: 0.793131
Epoch [61/62], Total Loss: 13.2299, NLL: 1.8752, Masked: 2.0119, Reg: 0.794586
Epoch [62/62], Total Loss: 13.2162, NLL: 1.8736, Masked: 2.0112, Reg: 0.785913

==================================================
EVALUATING ON TRAINING DATA
==================================================

==================================================
TEST RESULTS
==================================================
Total Loss: 12.835426
  - ZINB NLL: 1.834144
Total number of masked values: 7338013
  - Number of values with pi >= 0.4490747468376197: 0
  - Number of values with pi < 0.4490747468376197: 7338013
  - Masked Reconstruction: 1.939831
  - Regularization: 0.819327
Mean Absolute Error (MAE): 1.847118
R² Score: 0.208500
==================================================


==================================================
TEST RESULTS
==================================================
Total Loss: 13.491218
  - ZINB NLL: 1.829196
Total number of masked values: 2393996
  - Number of values with pi >= 0.4490747468376197: 0
  - Number of values with pi < 0.4490747468376197: 2393996
  - Masked Reconstruction: 2.065712
  - Regularization: 0.819327
Mean Absolute Error (MAE): 2.001304
R² Score: 0.209463
==================================================

Using combined metric: zinb_nll (1.829196) + masked_loss (2.065712) = 3.894909

>>> Optimizing combined on VALIDATION set: 3.894909
>>> Full validation metrics: {'total_loss': 13.491217849779055, 'zinb_nll': 1.829196328120001, 'mae': 2.0013041496276855, 'r2': 0.20946264266967773, 'masked_loss': 2.0657124476574142, 'reg_loss': 0.8193272413638545}

Iteration No: 14 ended. Evaluation done at random point.
Time taken: 808.8024
Function value obtained: 3.8949
Current minimum: 1.5811
Iteration No: 15 started. Evaluating function at random point.

================================================================================
Trial with parameters:
  features: Nucl
  data_point_length: 2114
  step_size: 0.4406227368023041
  bin_size: 30
  sample_fraction: 0.49191307317895044
  moving_average: False
  first_layer_size_factor: 24
  num_layers: 4
  use_conv: False
  conv_channel: 49
  pool_size: 5
  kernel_size: 5
  epochs: 103
  batch_size: 32
  pi_threshold: 0.3020739451095947
  learning_rate: 0.0007650384182489976
  dropout_rate: 0.09713697675602115
  masked_recon_weight: 0.001922045516038562
  regularizer: l2
  regularization_weight: 2.2666252229443243e-05
================================================================================

Creating datasets with:
  features: ['Nucl']
  bin_size: 30
  moving_average: False
  data_point_length: 70 (from 2114)
  step_size: 30 (from fraction 0.4406227368023041)
  layers: [np.int64(384), np.int64(192), np.int64(96), np.int64(48)] (first=384, num=4)
  stride: 1 (fixed), padding: same (fixed)


Clipping outliers using 95th percentile * 1.5...
strain_yTW001: Clipping values above 134.25 (P95=89.50). Clipped 27529/1193409 values (2.31%)
strain_FD: Clipping values above 71.92 (P95=47.94). Clipped 95791/4127807 values (2.32%)
strain_dnrp: Clipping values above 243.00 (P95=162.00). Clipped 25649/1119454 values (2.29%)
strain_yEK19: Clipping values above 77.10 (P95=51.40). Clipped 83713/3893623 values (2.15%)
strain_yEK23: Clipping values above 72.00 (P95=48.00). Clipped 86381/3558407 values (2.43%)
strain_yWT03a: Clipping values above 15.00 (P95=10.00). Clipped 10602/347679 values (3.05%)
strain_yWT04a: Clipping values above 58.50 (P95=39.00). Clipped 21095/725406 values (2.91%)
strain_ylic137: Clipping values above 142.50 (P95=95.00). Clipped 28746/1112684 values (2.58%)
Standardizing features: ['Nucl']
Column order in final array (Dataset/Chrom split): ['Value', 'Nucleosome_Distance', 'Value_Raw', 'Size_Factor']
Removing 0 empty data points out of 57504
Column order in final array (Dataset/Chrom split): ['Value', 'Nucleosome_Distance', 'Value_Raw', 'Size_Factor']
Removing 0 empty data points out of 18240
Column order in final array (Dataset/Chrom split): ['Value', 'Nucleosome_Distance', 'Value_Raw', 'Size_Factor']
Removing 0 empty data points out of 31448
Datasets created:
  Train: (57504, 70, 4), Val: (18240, 70, 4), Test: (31448, 70, 4)

Randomly sampled 28286/57504 samples (49.2%)
Applied denoising with 15.0% masking
Applied denoising with 15.0% masking
Applied denoising with 15.0% masking
Epoch [1/103], Total Loss: 1.8067, NLL: 1.8007, Masked: 3.1010, Reg: 0.015021
Epoch [2/103], Total Loss: 1.7624, NLL: 1.7574, Masked: 2.6336, Reg: 0.014283
Epoch [3/103], Total Loss: 1.7615, NLL: 1.7565, Masked: 2.6336, Reg: 0.012881
Epoch [4/103], Total Loss: 1.7604, NLL: 1.7554, Masked: 2.6321, Reg: 0.011664
Epoch [5/103], Total Loss: 1.7430, NLL: 1.7380, Masked: 2.5998, Reg: 0.011734
Epoch [6/103], Total Loss: 1.7190, NLL: 1.7141, Masked: 2.5425, Reg: 0.013587
Epoch [7/103], Total Loss: 1.7041, NLL: 1.6993, Masked: 2.5043, Reg: 0.015390
Epoch [8/103], Total Loss: 1.6839, NLL: 1.6792, Masked: 2.4483, Reg: 0.016225
Epoch [9/103], Total Loss: 1.6808, NLL: 1.6762, Masked: 2.4371, Reg: 0.016348
Epoch [10/103], Total Loss: 1.6792, NLL: 1.6745, Masked: 2.4309, Reg: 0.016549
Epoch [11/103], Total Loss: 1.6773, NLL: 1.6727, Masked: 2.4274, Reg: 0.016867
Epoch [12/103], Total Loss: 1.6767, NLL: 1.6720, Masked: 2.4227, Reg: 0.017213
Epoch [13/103], Total Loss: 1.6755, NLL: 1.6708, Masked: 2.4160, Reg: 0.017529
Epoch [14/103], Total Loss: 1.6743, NLL: 1.6697, Masked: 2.4099, Reg: 0.017691
Epoch [15/103], Total Loss: 1.6738, NLL: 1.6691, Masked: 2.4094, Reg: 0.017885
Epoch [16/103], Total Loss: 1.6738, NLL: 1.6692, Masked: 2.4137, Reg: 0.018165
Epoch [17/103], Total Loss: 1.6732, NLL: 1.6686, Masked: 2.4118, Reg: 0.018594
Epoch [18/103], Total Loss: 1.6718, NLL: 1.6672, Masked: 2.4022, Reg: 0.018843
Epoch [19/103], Total Loss: 1.6720, NLL: 1.6674, Masked: 2.4077, Reg: 0.019196
Epoch [20/103], Total Loss: 1.6687, NLL: 1.6641, Masked: 2.3987, Reg: 0.019373
Epoch [21/103], Total Loss: 1.6627, NLL: 1.6581, Masked: 2.3808, Reg: 0.019454
Epoch [22/103], Total Loss: 1.6599, NLL: 1.6553, Masked: 2.3740, Reg: 0.019697
Epoch [23/103], Total Loss: 1.6581, NLL: 1.6535, Masked: 2.3697, Reg: 0.019797
Epoch [24/103], Total Loss: 1.6580, NLL: 1.6535, Masked: 2.3684, Reg: 0.020041
Epoch [25/103], Total Loss: 1.6561, NLL: 1.6516, Masked: 2.3615, Reg: 0.020161
Epoch [26/103], Total Loss: 1.6552, NLL: 1.6506, Masked: 2.3602, Reg: 0.020276
Epoch [27/103], Total Loss: 1.6542, NLL: 1.6497, Masked: 2.3555, Reg: 0.020500
Epoch [28/103], Total Loss: 1.6517, NLL: 1.6472, Masked: 2.3522, Reg: 0.020700
Epoch [29/103], Total Loss: 1.6487, NLL: 1.6442, Masked: 2.3354, Reg: 0.021011
Epoch [30/103], Total Loss: 1.6472, NLL: 1.6427, Masked: 2.3339, Reg: 0.021277
Epoch [31/103], Total Loss: 1.6461, NLL: 1.6417, Masked: 2.3286, Reg: 0.021524
Epoch [32/103], Total Loss: 1.6450, NLL: 1.6406, Masked: 2.3240, Reg: 0.021808
Epoch [33/103], Total Loss: 1.6446, NLL: 1.6401, Masked: 2.3276, Reg: 0.021947
Epoch [34/103], Total Loss: 1.6439, NLL: 1.6395, Masked: 2.3230, Reg: 0.022163
Epoch [35/103], Total Loss: 1.6429, NLL: 1.6385, Masked: 2.3168, Reg: 0.022306
Epoch [36/103], Total Loss: 1.6429, NLL: 1.6385, Masked: 2.3194, Reg: 0.022411
Epoch [37/103], Total Loss: 1.6426, NLL: 1.6381, Masked: 2.3191, Reg: 0.022710
Epoch [38/103], Total Loss: 1.6418, NLL: 1.6373, Masked: 2.3153, Reg: 0.022898
Epoch [39/103], Total Loss: 1.6410, NLL: 1.6366, Masked: 2.3161, Reg: 0.022971
Epoch [40/103], Total Loss: 1.6418, NLL: 1.6374, Masked: 2.3156, Reg: 0.023244
Epoch [41/103], Total Loss: 1.6400, NLL: 1.6356, Masked: 2.3148, Reg: 0.023580
Epoch [42/103], Total Loss: 1.6394, NLL: 1.6350, Masked: 2.3114, Reg: 0.023646
Epoch [43/103], Total Loss: 1.6391, NLL: 1.6347, Masked: 2.3078, Reg: 0.023818
Epoch [44/103], Total Loss: 1.6379, NLL: 1.6335, Masked: 2.3141, Reg: 0.023872
Epoch [45/103], Total Loss: 1.6384, NLL: 1.6339, Masked: 2.3154, Reg: 0.024017
Epoch [46/103], Total Loss: 1.6376, NLL: 1.6332, Masked: 2.3074, Reg: 0.024259
Epoch [47/103], Total Loss: 1.6373, NLL: 1.6329, Masked: 2.3056, Reg: 0.024423
Epoch [48/103], Total Loss: 1.6376, NLL: 1.6331, Masked: 2.3074, Reg: 0.024683
Epoch [49/103], Total Loss: 1.6367, NLL: 1.6323, Masked: 2.3071, Reg: 0.025019
Epoch [50/103], Total Loss: 1.6360, NLL: 1.6316, Masked: 2.3092, Reg: 0.025374
Epoch [51/103], Total Loss: 1.6358, NLL: 1.6313, Masked: 2.3097, Reg: 0.025452
Epoch [52/103], Total Loss: 1.6350, NLL: 1.6306, Masked: 2.3045, Reg: 0.025711
Epoch [53/103], Total Loss: 1.6345, NLL: 1.6301, Masked: 2.3023, Reg: 0.025826
Epoch [54/103], Total Loss: 1.6345, NLL: 1.6301, Masked: 2.3045, Reg: 0.025882
Epoch [55/103], Total Loss: 1.6342, NLL: 1.6297, Masked: 2.3013, Reg: 0.026115
Epoch [56/103], Total Loss: 1.6355, NLL: 1.6310, Masked: 2.3117, Reg: 0.026409
Epoch [57/103], Total Loss: 1.6334, NLL: 1.6290, Masked: 2.3033, Reg: 0.026487
Epoch [58/103], Total Loss: 1.6338, NLL: 1.6294, Masked: 2.3050, Reg: 0.026680
Epoch [59/103], Total Loss: 1.6334, NLL: 1.6290, Masked: 2.2994, Reg: 0.026788
Epoch [60/103], Total Loss: 1.6336, NLL: 1.6292, Masked: 2.3067, Reg: 0.027126
Epoch [61/103], Total Loss: 1.6322, NLL: 1.6278, Masked: 2.2965, Reg: 0.027144
Epoch [62/103], Total Loss: 1.6317, NLL: 1.6273, Masked: 2.2972, Reg: 0.027288
Epoch [63/103], Total Loss: 1.6317, NLL: 1.6272, Masked: 2.2976, Reg: 0.027380
Epoch [64/103], Total Loss: 1.6316, NLL: 1.6272, Masked: 2.2984, Reg: 0.027579
Epoch [65/103], Total Loss: 1.6324, NLL: 1.6279, Masked: 2.2984, Reg: 0.027934
Epoch [66/103], Total Loss: 1.6310, NLL: 1.6266, Masked: 2.2969, Reg: 0.028096
Epoch [67/103], Total Loss: 1.6312, NLL: 1.6267, Masked: 2.2995, Reg: 0.028292
Epoch [68/103], Total Loss: 1.6307, NLL: 1.6263, Masked: 2.2954, Reg: 0.028453
Epoch [69/103], Total Loss: 1.6306, NLL: 1.6262, Masked: 2.2983, Reg: 0.028507
Epoch [70/103], Total Loss: 1.6306, NLL: 1.6262, Masked: 2.2978, Reg: 0.028767
Epoch [71/103], Total Loss: 1.6292, NLL: 1.6248, Masked: 2.2873, Reg: 0.028828
Epoch [72/103], Total Loss: 1.6291, NLL: 1.6247, Masked: 2.2913, Reg: 0.028958
Epoch [73/103], Total Loss: 1.6304, NLL: 1.6259, Masked: 2.2997, Reg: 0.029098
Epoch [74/103], Total Loss: 1.6292, NLL: 1.6248, Masked: 2.2925, Reg: 0.029217
Epoch [75/103], Total Loss: 1.6290, NLL: 1.6246, Masked: 2.2895, Reg: 0.029411
Epoch [76/103], Total Loss: 1.6294, NLL: 1.6250, Masked: 2.2942, Reg: 0.029521
Epoch [77/103], Total Loss: 1.6294, NLL: 1.6250, Masked: 2.2903, Reg: 0.029594
Epoch [78/103], Total Loss: 1.6287, NLL: 1.6243, Masked: 2.2931, Reg: 0.029820
Epoch [79/103], Total Loss: 1.6280, NLL: 1.6236, Masked: 2.2896, Reg: 0.029778
Epoch [80/103], Total Loss: 1.6283, NLL: 1.6239, Masked: 2.2908, Reg: 0.029825
Epoch [81/103], Total Loss: 1.6284, NLL: 1.6240, Masked: 2.2870, Reg: 0.030108
Epoch [82/103], Total Loss: 1.6276, NLL: 1.6232, Masked: 2.2890, Reg: 0.030080
Epoch [83/103], Total Loss: 1.6277, NLL: 1.6233, Masked: 2.2976, Reg: 0.030101
Epoch [84/103], Total Loss: 1.6261, NLL: 1.6217, Masked: 2.2814, Reg: 0.030317
Epoch [85/103], Total Loss: 1.6251, NLL: 1.6208, Masked: 2.2819, Reg: 0.030417
Epoch [86/103], Total Loss: 1.6250, NLL: 1.6206, Masked: 2.2780, Reg: 0.030634
Epoch [87/103], Total Loss: 1.6241, NLL: 1.6197, Masked: 2.2795, Reg: 0.030733
Epoch [88/103], Total Loss: 1.6234, NLL: 1.6190, Masked: 2.2756, Reg: 0.030823
Epoch [89/103], Total Loss: 1.6235, NLL: 1.6192, Masked: 2.2763, Reg: 0.030872
Epoch [90/103], Total Loss: 1.6233, NLL: 1.6189, Masked: 2.2761, Reg: 0.030961
Epoch [91/103], Total Loss: 1.6227, NLL: 1.6183, Masked: 2.2745, Reg: 0.031173
Epoch [92/103], Total Loss: 1.6226, NLL: 1.6182, Masked: 2.2766, Reg: 0.031262
Epoch [93/103], Total Loss: 1.6213, NLL: 1.6170, Masked: 2.2661, Reg: 0.031364
Epoch [94/103], Total Loss: 1.6202, NLL: 1.6158, Masked: 2.2644, Reg: 0.031461
Epoch [95/103], Total Loss: 1.6205, NLL: 1.6162, Masked: 2.2629, Reg: 0.031654
Epoch [96/103], Total Loss: 1.6195, NLL: 1.6152, Masked: 2.2637, Reg: 0.031774
Epoch [97/103], Total Loss: 1.6200, NLL: 1.6157, Masked: 2.2651, Reg: 0.031952
Epoch [98/103], Total Loss: 1.6185, NLL: 1.6141, Masked: 2.2571, Reg: 0.032100
Epoch [99/103], Total Loss: 1.6174, NLL: 1.6130, Masked: 2.2603, Reg: 0.032196
Epoch [100/103], Total Loss: 1.6178, NLL: 1.6134, Masked: 2.2573, Reg: 0.032314
Epoch [101/103], Total Loss: 1.6174, NLL: 1.6130, Masked: 2.2597, Reg: 0.032535
Epoch [102/103], Total Loss: 1.6164, NLL: 1.6121, Masked: 2.2490, Reg: 0.032654
Epoch [103/103], Total Loss: 1.6166, NLL: 1.6123, Masked: 2.2536, Reg: 0.032816

==================================================
EVALUATING ON TRAINING DATA
==================================================

==================================================
TEST RESULTS
==================================================
Total Loss: 1.594403
  - ZINB NLL: 1.590227
Total number of masked values: 214692
  - Number of values with pi >= 0.3020739451095947: 0
  - Number of values with pi < 0.3020739451095947: 214692
  - Masked Reconstruction: 2.172461
  - Regularization: 0.032936
Mean Absolute Error (MAE): 1.851518
R² Score: 0.534661
==================================================


==================================================
TEST RESULTS
==================================================
Total Loss: 1.630677
  - ZINB NLL: 1.626374
Total number of masked values: 136777
  - Number of values with pi >= 0.3020739451095947: 0
  - Number of values with pi < 0.3020739451095947: 136777
  - Masked Reconstruction: 2.238887
  - Regularization: 0.032936
Mean Absolute Error (MAE): 2.014862
R² Score: 0.106432
==================================================

Using combined metric: zinb_nll (1.626374) + masked_loss (2.238887) = 3.865260

>>> Optimizing combined on VALIDATION set: 3.865260
>>> Full validation metrics: {'total_loss': 1.63067693982208, 'zinb_nll': 1.6263736975820442, 'mae': 2.014862060546875, 'r2': 0.10643243789672852, 'masked_loss': 2.238886562042069, 'reg_loss': 0.0329360345054436}

Iteration No: 15 ended. Evaluation done at random point.
Time taken: 504.0041
Function value obtained: 3.8653
Current minimum: 1.5811
Iteration No: 16 started. Evaluating function at random point.

================================================================================
Trial with parameters:
  features: Nucl
  data_point_length: 624
  step_size: 0.6841486716306691
  bin_size: 44
  sample_fraction: 0.7540196014713996
  moving_average: True
  first_layer_size_factor: 27
  num_layers: 5
  use_conv: False
  conv_channel: 112
  pool_size: 4
  kernel_size: 3
  epochs: 66
  batch_size: 64
  pi_threshold: 0.43066049671841633
  learning_rate: 0.003045138228078815
  dropout_rate: 0.13577145790987097
  masked_recon_weight: 7.261181986116003
  regularizer: l2
  regularization_weight: 7.83721074224163
================================================================================

Creating datasets with:
  features: ['Nucl']
  bin_size: 44
  moving_average: True
  data_point_length: 624 (from 624)
  step_size: 426 (from fraction 0.6841486716306691)
  layers: [np.int64(432), np.int64(216), np.int64(108), np.int64(54), np.int64(27)] (first=432, num=5)
  stride: 1 (fixed), padding: same (fixed)


Clipping outliers using 95th percentile * 1.5...
strain_yTW001: Clipping values above 134.25 (P95=89.50). Clipped 27529/1193409 values (2.31%)
strain_FD: Clipping values above 71.92 (P95=47.94). Clipped 95791/4127807 values (2.32%)
strain_dnrp: Clipping values above 243.00 (P95=162.00). Clipped 25649/1119454 values (2.29%)
strain_yEK19: Clipping values above 77.10 (P95=51.40). Clipped 83713/3893623 values (2.15%)
strain_yEK23: Clipping values above 72.00 (P95=48.00). Clipped 86381/3558407 values (2.43%)
strain_yWT03a: Clipping values above 15.00 (P95=10.00). Clipped 10602/347679 values (3.05%)
strain_yWT04a: Clipping values above 58.50 (P95=39.00). Clipped 21095/725406 values (2.91%)
strain_ylic137: Clipping values above 142.50 (P95=95.00). Clipped 28746/1112684 values (2.58%)
Standardizing features: ['Nucl']
Column order in final array (Dataset/Chrom split): ['Value', 'Nucleosome_Distance', 'Value_Raw', 'Size_Factor']
Removing 0 empty data points out of 121624
Column order in final array (Dataset/Chrom split): ['Value', 'Nucleosome_Distance', 'Value_Raw', 'Size_Factor']
Removing 0 empty data points out of 38576
Column order in final array (Dataset/Chrom split): ['Value', 'Nucleosome_Distance', 'Value_Raw', 'Size_Factor']
Removing 0 empty data points out of 66488
Datasets created:
  Train: (121624, 624, 4), Val: (38576, 624, 4), Test: (66488, 624, 4)

Randomly sampled 91706/121624 samples (75.4%)
Applied denoising with 15.0% masking
Applied denoising with 15.0% masking
Applied denoising with 15.0% masking
Epoch [1/66], Total Loss: 131.0753, NLL: 3.2343, Masked: 17.6061, Reg: 3644.947909
Epoch [2/66], Total Loss: 23.1134, NLL: 3.3875, Masked: 2.7166, Reg: 0.308500
Epoch [3/66], Total Loss: 23.1165, NLL: 3.3888, Masked: 2.7169, Reg: 0.058138
Epoch [4/66], Total Loss: 23.1177, NLL: 3.3888, Masked: 2.7170, Reg: 0.072991
Epoch [5/66], Total Loss: 23.1180, NLL: 3.3888, Masked: 2.7171, Reg: 0.085597
Epoch [6/66], Total Loss: 23.1135, NLL: 3.3888, Masked: 2.7165, Reg: 0.088417
Epoch [7/66], Total Loss: 23.1111, NLL: 3.3888, Masked: 2.7161, Reg: 0.089086
Epoch [8/66], Total Loss: 23.1180, NLL: 3.3888, Masked: 2.7171, Reg: 0.089244
Epoch [9/66], Total Loss: 23.1173, NLL: 3.3888, Masked: 2.7170, Reg: 0.089113
Epoch [10/66], Total Loss: 23.1121, NLL: 3.3888, Masked: 2.7163, Reg: 0.089155
Epoch [11/66], Total Loss: 23.1183, NLL: 3.3888, Masked: 2.7171, Reg: 0.089116
Epoch [12/66], Total Loss: 23.1161, NLL: 3.3888, Masked: 2.7168, Reg: 0.089086
Epoch [13/66], Total Loss: 23.1227, NLL: 3.3888, Masked: 2.7177, Reg: 0.089081
Epoch [14/66], Total Loss: 23.1184, NLL: 3.3888, Masked: 2.7171, Reg: 0.089151
Epoch [15/66], Total Loss: 23.1189, NLL: 3.3888, Masked: 2.7172, Reg: 0.089204
Epoch [16/66], Total Loss: 23.1156, NLL: 3.3888, Masked: 2.7167, Reg: 0.089087
Epoch [17/66], Total Loss: 23.1153, NLL: 3.3888, Masked: 2.7167, Reg: 0.089142
Epoch [18/66], Total Loss: 23.1113, NLL: 3.3888, Masked: 2.7162, Reg: 0.089136
Epoch [19/66], Total Loss: 23.1234, NLL: 3.3888, Masked: 2.7178, Reg: 0.089143
Epoch [20/66], Total Loss: 23.1140, NLL: 3.3888, Masked: 2.7165, Reg: 0.089153
Epoch [21/66], Total Loss: 23.1138, NLL: 3.3888, Masked: 2.7165, Reg: 0.089140
Epoch [22/66], Total Loss: 23.1225, NLL: 3.3888, Masked: 2.7177, Reg: 0.089123
Epoch [23/66], Total Loss: 23.1181, NLL: 3.3888, Masked: 2.7171, Reg: 0.089058
Epoch [24/66], Total Loss: 23.1156, NLL: 3.3888, Masked: 2.7168, Reg: 0.089192
Epoch [25/66], Total Loss: 23.1131, NLL: 3.3888, Masked: 2.7164, Reg: 0.089142
Epoch [26/66], Total Loss: 23.1210, NLL: 3.3888, Masked: 2.7175, Reg: 0.089210
Epoch [27/66], Total Loss: 23.1145, NLL: 3.3888, Masked: 2.7166, Reg: 0.089045
Epoch [28/66], Total Loss: 23.1105, NLL: 3.3888, Masked: 2.7160, Reg: 0.089051
Epoch [29/66], Total Loss: 23.1184, NLL: 3.3888, Masked: 2.7171, Reg: 0.089122
Epoch [30/66], Total Loss: 23.1177, NLL: 3.3888, Masked: 2.7170, Reg: 0.089133
Epoch [31/66], Total Loss: 23.1156, NLL: 3.3888, Masked: 2.7168, Reg: 0.089189
Epoch [32/66], Total Loss: 23.1189, NLL: 3.3888, Masked: 2.7172, Reg: 0.089130
Epoch [33/66], Total Loss: 23.1094, NLL: 3.3888, Masked: 2.7159, Reg: 0.089118
Epoch [34/66], Total Loss: 23.1127, NLL: 3.3888, Masked: 2.7163, Reg: 0.089229
Epoch [35/66], Total Loss: 23.1182, NLL: 3.3888, Masked: 2.7171, Reg: 0.089169
Epoch [36/66], Total Loss: 23.1150, NLL: 3.3888, Masked: 2.7167, Reg: 0.088999
Epoch [37/66], Total Loss: 23.1101, NLL: 3.3888, Masked: 2.7160, Reg: 0.089220
Epoch [38/66], Total Loss: 23.1208, NLL: 3.3888, Masked: 2.7175, Reg: 0.089073
Epoch [39/66], Total Loss: 23.1199, NLL: 3.3888, Masked: 2.7173, Reg: 0.089183
Epoch [40/66], Total Loss: 23.1133, NLL: 3.3888, Masked: 2.7164, Reg: 0.089060
Epoch [41/66], Total Loss: 23.1166, NLL: 3.3888, Masked: 2.7169, Reg: 0.089152
Epoch [42/66], Total Loss: 23.1181, NLL: 3.3888, Masked: 2.7171, Reg: 0.089209
Epoch [43/66], Total Loss: 23.1209, NLL: 3.3888, Masked: 2.7175, Reg: 0.089105
Epoch [44/66], Total Loss: 23.1199, NLL: 3.3888, Masked: 2.7173, Reg: 0.089126
Epoch [45/66], Total Loss: 23.1178, NLL: 3.3888, Masked: 2.7171, Reg: 0.089122
Epoch [46/66], Total Loss: 23.1142, NLL: 3.3888, Masked: 2.7165, Reg: 0.089188
Epoch [47/66], Total Loss: 23.1155, NLL: 3.3888, Masked: 2.7167, Reg: 0.089105
Epoch [48/66], Total Loss: 23.1166, NLL: 3.3888, Masked: 2.7169, Reg: 0.089117
Epoch [49/66], Total Loss: 23.1150, NLL: 3.3888, Masked: 2.7167, Reg: 0.089144
Epoch [50/66], Total Loss: 23.1119, NLL: 3.3888, Masked: 2.7162, Reg: 0.089234
Epoch [51/66], Total Loss: 23.1124, NLL: 3.3888, Masked: 2.7163, Reg: 0.089032
Epoch [52/66], Total Loss: 23.1181, NLL: 3.3888, Masked: 2.7171, Reg: 0.089132
Epoch [53/66], Total Loss: 23.1159, NLL: 3.3888, Masked: 2.7168, Reg: 0.089191
Epoch [54/66], Total Loss: 23.1174, NLL: 3.3888, Masked: 2.7170, Reg: 0.089034
Epoch [55/66], Total Loss: 23.1174, NLL: 3.3888, Masked: 2.7170, Reg: 0.089172
Epoch [56/66], Total Loss: 23.1166, NLL: 3.3888, Masked: 2.7169, Reg: 0.089137
Epoch [57/66], Total Loss: 23.1181, NLL: 3.3888, Masked: 2.7171, Reg: 0.089103
Epoch [58/66], Total Loss: 23.1156, NLL: 3.3888, Masked: 2.7167, Reg: 0.089092
Epoch [59/66], Total Loss: 23.1209, NLL: 3.3888, Masked: 2.7175, Reg: 0.089092
Epoch [60/66], Total Loss: 23.1140, NLL: 3.3888, Masked: 2.7165, Reg: 0.089186
Epoch [61/66], Total Loss: 23.1146, NLL: 3.3888, Masked: 2.7166, Reg: 0.089164
Epoch [62/66], Total Loss: 23.1170, NLL: 3.3888, Masked: 2.7169, Reg: 0.089208
Epoch [63/66], Total Loss: 23.1149, NLL: 3.3888, Masked: 2.7167, Reg: 0.089128
Epoch [64/66], Total Loss: 23.1155, NLL: 3.3888, Masked: 2.7167, Reg: 0.089105
Epoch [65/66], Total Loss: 23.1191, NLL: 3.3888, Masked: 2.7172, Reg: 0.089108
Epoch [66/66], Total Loss: 23.1203, NLL: 3.3888, Masked: 2.7174, Reg: 0.089201

==================================================
EVALUATING ON TRAINING DATA
==================================================

==================================================
TEST RESULTS
==================================================
Total Loss: 23.111993
  - ZINB NLL: 3.388821
Total number of masked values: 7049734
  - Number of values with pi >= 0.43066049671841633: 7049734
  - Number of values with pi < 0.43066049671841633: 0
  - Masked Reconstruction: 2.716248
  - Regularization: 0.090593
Mean Absolute Error (MAE): 2.248455
R² Score: -0.245689
==================================================


==================================================
TEST RESULTS
==================================================
Total Loss: 22.981690
  - ZINB NLL: 3.370072
Total number of masked values: 2937290
  - Number of values with pi >= 0.43066049671841633: 2937290
  - Number of values with pi < 0.43066049671841633: 0
  - Masked Reconstruction: 2.700885
  - Regularization: 0.090593
Mean Absolute Error (MAE): 2.400872
R² Score: -0.163148
==================================================

Using combined metric: zinb_nll (3.370072) + masked_loss (2.700885) = 6.070957

>>> Optimizing combined on VALIDATION set: 6.070957
>>> Full validation metrics: {'total_loss': 22.98169021317693, 'zinb_nll': 3.370071581219895, 'mae': 2.4008724689483643, 'r2': -0.16314828395843506, 'masked_loss': 2.700885201405312, 'reg_loss': 0.09059314554279765}

Iteration No: 16 ended. Evaluation done at random point.
Time taken: 1134.1226
Function value obtained: 6.0710
Current minimum: 1.5811
Iteration No: 17 started. Evaluating function at random point.

================================================================================
Trial with parameters:
  features: Centr_Nucl
  data_point_length: 2351
  step_size: 0.7746341580753955
  bin_size: 15
  sample_fraction: 0.34955906668222736
  moving_average: False
  first_layer_size_factor: 108
  num_layers: 1
  use_conv: True
  conv_channel: 65
  pool_size: 6
  kernel_size: 5
  epochs: 52
  batch_size: 32
  pi_threshold: 0.47132578997604313
  learning_rate: 0.0011627857539267454
  dropout_rate: 0.02909679775422181
  masked_recon_weight: 4.57988855821619
  regularizer: l2
  regularization_weight: 0.0004769924600707108
================================================================================

Creating datasets with:
  features: ['Centr', 'Nucl']
  bin_size: 15
  moving_average: False
  data_point_length: 156 (from 2351)
  step_size: 120 (from fraction 0.7746341580753955)
  layers: [np.int64(1728)] (first=1728, num=1)
  stride: 1 (fixed), padding: same (fixed)


Clipping outliers using 95th percentile * 1.5...
strain_yTW001: Clipping values above 134.25 (P95=89.50). Clipped 27529/1193409 values (2.31%)
strain_FD: Clipping values above 71.92 (P95=47.94). Clipped 95791/4127807 values (2.32%)
strain_dnrp: Clipping values above 243.00 (P95=162.00). Clipped 25649/1119454 values (2.29%)
strain_yEK19: Clipping values above 77.10 (P95=51.40). Clipped 83713/3893623 values (2.15%)
strain_yEK23: Clipping values above 72.00 (P95=48.00). Clipped 86381/3558407 values (2.43%)
strain_yWT03a: Clipping values above 15.00 (P95=10.00). Clipped 10602/347679 values (3.05%)
strain_yWT04a: Clipping values above 58.50 (P95=39.00). Clipped 21095/725406 values (2.91%)
strain_ylic137: Clipping values above 142.50 (P95=95.00). Clipped 28746/1112684 values (2.58%)
Standardizing features: ['Centr', 'Nucl']
Column order in final array (Dataset/Chrom split): ['Value', 'Nucleosome_Distance', 'Centromere_Distance', 'Value_Raw', 'Size_Factor']
Removing 0 empty data points out of 28800
Column order in final array (Dataset/Chrom split): ['Value', 'Nucleosome_Distance', 'Centromere_Distance', 'Value_Raw', 'Size_Factor']
Removing 0 empty data points out of 9136
Column order in final array (Dataset/Chrom split): ['Value', 'Nucleosome_Distance', 'Centromere_Distance', 'Value_Raw', 'Size_Factor']
Removing 0 empty data points out of 15744
Datasets created:
  Train: (28800, 156, 5), Val: (9136, 156, 5), Test: (15744, 156, 5)

Randomly sampled 10067/28800 samples (35.0%)
Applied denoising with 15.0% masking
Applied denoising with 15.0% masking
Applied denoising with 15.0% masking
Epoch [1/52], Total Loss: 17.8720, NLL: 2.2356, Masked: 3.4141, Reg: 0.388903
Epoch [2/52], Total Loss: 17.1939, NLL: 2.2129, Masked: 3.2710, Reg: 0.257160
Epoch [3/52], Total Loss: 15.6511, NLL: 1.9083, Masked: 3.0007, Reg: 0.240692
Epoch [4/52], Total Loss: 14.9675, NLL: 1.7829, Masked: 2.8788, Reg: 0.243380
Epoch [5/52], Total Loss: 14.6951, NLL: 1.7492, Masked: 2.8267, Reg: 0.250081
Epoch [6/52], Total Loss: 14.4686, NLL: 1.7271, Masked: 2.7821, Reg: 0.266375
Epoch [7/52], Total Loss: 14.2368, NLL: 1.7122, Masked: 2.7347, Reg: 0.286959
Epoch [8/52], Total Loss: 14.0314, NLL: 1.6967, Masked: 2.6932, Reg: 0.310179
Epoch [9/52], Total Loss: 13.8226, NLL: 1.6872, Masked: 2.6497, Reg: 0.342316
Epoch [10/52], Total Loss: 13.6173, NLL: 1.6766, Masked: 2.6072, Reg: 0.374043
Epoch [11/52], Total Loss: 13.4476, NLL: 1.6678, Masked: 2.5721, Reg: 0.400999
Epoch [12/52], Total Loss: 13.2784, NLL: 1.6627, Masked: 2.5362, Reg: 0.428631
Epoch [13/52], Total Loss: 13.1107, NLL: 1.6560, Masked: 2.5011, Reg: 0.447014
Epoch [14/52], Total Loss: 12.9850, NLL: 1.6545, Masked: 2.4740, Reg: 0.470092
Epoch [15/52], Total Loss: 12.8667, NLL: 1.6496, Masked: 2.4492, Reg: 0.490793
Epoch [16/52], Total Loss: 12.7441, NLL: 1.6476, Masked: 2.4229, Reg: 0.508508
Epoch [17/52], Total Loss: 12.6490, NLL: 1.6431, Masked: 2.4031, Reg: 0.527370
Epoch [18/52], Total Loss: 12.5505, NLL: 1.6420, Masked: 2.3818, Reg: 0.543518
Epoch [19/52], Total Loss: 12.4279, NLL: 1.6413, Masked: 2.3552, Reg: 0.557214
Epoch [20/52], Total Loss: 12.4027, NLL: 1.6393, Masked: 2.3502, Reg: 0.561469
Epoch [21/52], Total Loss: 12.3254, NLL: 1.6387, Masked: 2.3334, Reg: 0.577824
Epoch [22/52], Total Loss: 12.2326, NLL: 1.6377, Masked: 2.3134, Reg: 0.591311
Epoch [23/52], Total Loss: 12.1876, NLL: 1.6352, Masked: 2.3041, Reg: 0.601507
Epoch [24/52], Total Loss: 12.1124, NLL: 1.6368, Masked: 2.2873, Reg: 0.617212
Epoch [25/52], Total Loss: 12.0420, NLL: 1.6340, Masked: 2.2726, Reg: 0.635882
Epoch [26/52], Total Loss: 11.9610, NLL: 1.6328, Masked: 2.2551, Reg: 0.644552
Epoch [27/52], Total Loss: 11.9606, NLL: 1.6341, Masked: 2.2547, Reg: 0.653075
Epoch [28/52], Total Loss: 11.8569, NLL: 1.6312, Masked: 2.2327, Reg: 0.661842
Epoch [29/52], Total Loss: 11.8055, NLL: 1.6317, Masked: 2.2214, Reg: 0.678030
Epoch [30/52], Total Loss: 11.7678, NLL: 1.6316, Masked: 2.2132, Reg: 0.690272
Epoch [31/52], Total Loss: 11.7037, NLL: 1.6303, Masked: 2.1995, Reg: 0.700541
Epoch [32/52], Total Loss: 11.6796, NLL: 1.6307, Masked: 2.1941, Reg: 0.700617
Epoch [33/52], Total Loss: 11.6064, NLL: 1.6302, Masked: 2.1782, Reg: 0.718620
Epoch [34/52], Total Loss: 11.5647, NLL: 1.6295, Masked: 2.1693, Reg: 0.723997
Epoch [35/52], Total Loss: 11.5561, NLL: 1.6291, Masked: 2.1675, Reg: 0.737414
Epoch [36/52], Total Loss: 11.4837, NLL: 1.6286, Masked: 2.1518, Reg: 0.753859
Epoch [37/52], Total Loss: 11.4175, NLL: 1.6272, Masked: 2.1377, Reg: 0.757163
Epoch [38/52], Total Loss: 11.3798, NLL: 1.6280, Masked: 2.1293, Reg: 0.760275
Epoch [39/52], Total Loss: 11.3600, NLL: 1.6274, Masked: 2.1251, Reg: 0.772595
Epoch [40/52], Total Loss: 11.2781, NLL: 1.6264, Masked: 2.1074, Reg: 0.777218
Epoch [41/52], Total Loss: 11.2873, NLL: 1.6259, Masked: 2.1095, Reg: 0.783294
Epoch [42/52], Total Loss: 11.2486, NLL: 1.6260, Masked: 2.1011, Reg: 0.804845
Epoch [43/52], Total Loss: 11.1981, NLL: 1.6261, Masked: 2.0900, Reg: 0.806668
Epoch [44/52], Total Loss: 11.1695, NLL: 1.6251, Masked: 2.0840, Reg: 0.806174
Epoch [45/52], Total Loss: 11.1317, NLL: 1.6249, Masked: 2.0758, Reg: 0.812310
Epoch [46/52], Total Loss: 11.1149, NLL: 1.6251, Masked: 2.0721, Reg: 0.813130
Epoch [47/52], Total Loss: 11.0771, NLL: 1.6248, Masked: 2.0639, Reg: 0.820233
Epoch [48/52], Total Loss: 11.0594, NLL: 1.6248, Masked: 2.0600, Reg: 0.824016
Epoch [49/52], Total Loss: 11.0210, NLL: 1.6241, Masked: 2.0518, Reg: 0.832892
Epoch [50/52], Total Loss: 10.9841, NLL: 1.6240, Masked: 2.0437, Reg: 0.841324
Epoch [51/52], Total Loss: 10.9635, NLL: 1.6243, Masked: 2.0392, Reg: 0.849476
Epoch [52/52], Total Loss: 10.9414, NLL: 1.6240, Masked: 2.0344, Reg: 0.849165

==================================================
EVALUATING ON TRAINING DATA
==================================================

==================================================
TEST RESULTS
==================================================
Total Loss: 10.745008
  - ZINB NLL: 1.620309
Total number of masked values: 145456
  - Number of values with pi >= 0.47132578997604313: 0
  - Number of values with pi < 0.47132578997604313: 145456
  - Masked Reconstruction: 1.992341
  - Regularization: 0.858394
Mean Absolute Error (MAE): 1.990800
R² Score: 0.463117
==================================================


==================================================
TEST RESULTS
==================================================
Total Loss: 14.329990
  - ZINB NLL: 1.770799
Total number of masked values: 130280
  - Number of values with pi >= 0.47132578997604313: 0
  - Number of values with pi < 0.47132578997604313: 130280
  - Masked Reconstruction: 2.742248
  - Regularization: 0.858394
Mean Absolute Error (MAE): 2.276011
R² Score: -0.015110
==================================================

Using combined metric: zinb_nll (1.770799) + masked_loss (2.742248) = 4.513047

>>> Optimizing combined on VALIDATION set: 4.513047
>>> Full validation metrics: {'total_loss': 14.329990214934073, 'zinb_nll': 1.7707989301447693, 'mae': 2.2760114669799805, 'r2': -0.015110492706298828, 'masked_loss': 2.742248357908112, 'reg_loss': 0.8583942220590771}

Iteration No: 17 ended. Evaluation done at random point.
Time taken: 165.6714
Function value obtained: 4.5130
Current minimum: 1.5811
Iteration No: 18 started. Evaluating function at random point.

================================================================================
Trial with parameters:
  features: Centr_Nucl
  data_point_length: 1323
  step_size: 0.9509604980047824
  bin_size: 64
  sample_fraction: 0.6375221930699251
  moving_average: False
  first_layer_size_factor: 68
  num_layers: 4
  use_conv: True
  conv_channel: 79
  pool_size: 3
  kernel_size: 3
  epochs: 71
  batch_size: 32
  pi_threshold: 0.33766279530742405
  learning_rate: 8.594882189642616e-05
  dropout_rate: 0.4897552643107544
  masked_recon_weight: 0.00502714115250473
  regularizer: l1
  regularization_weight: 2.205722945374619
================================================================================

Creating datasets with:
  features: ['Centr', 'Nucl']
  bin_size: 64
  moving_average: False
  data_point_length: 20 (from 1323)
  step_size: 19 (from fraction 0.9509604980047824)
  layers: [np.int64(1088), np.int64(544), np.int64(272), np.int64(136)] (first=1088, num=4)
  stride: 1 (fixed), padding: same (fixed)


Clipping outliers using 95th percentile * 1.5...
strain_yTW001: Clipping values above 134.25 (P95=89.50). Clipped 27529/1193409 values (2.31%)
strain_FD: Clipping values above 71.92 (P95=47.94). Clipped 95791/4127807 values (2.32%)
strain_dnrp: Clipping values above 243.00 (P95=162.00). Clipped 25649/1119454 values (2.29%)
strain_yEK19: Clipping values above 77.10 (P95=51.40). Clipped 83713/3893623 values (2.15%)
strain_yEK23: Clipping values above 72.00 (P95=48.00). Clipped 86381/3558407 values (2.43%)
strain_yWT03a: Clipping values above 15.00 (P95=10.00). Clipped 10602/347679 values (3.05%)
strain_yWT04a: Clipping values above 58.50 (P95=39.00). Clipped 21095/725406 values (2.91%)
strain_ylic137: Clipping values above 142.50 (P95=95.00). Clipped 28746/1112684 values (2.58%)
Standardizing features: ['Centr', 'Nucl']
Column order in final array (Dataset/Chrom split): ['Value', 'Nucleosome_Distance', 'Centromere_Distance', 'Value_Raw', 'Size_Factor']
Removing 0 empty data points out of 42648
Column order in final array (Dataset/Chrom split): ['Value', 'Nucleosome_Distance', 'Centromere_Distance', 'Value_Raw', 'Size_Factor']
Removing 0 empty data points out of 13528
Column order in final array (Dataset/Chrom split): ['Value', 'Nucleosome_Distance', 'Centromere_Distance', 'Value_Raw', 'Size_Factor']
Removing 0 empty data points out of 23312
Datasets created:
  Train: (42648, 20, 5), Val: (13528, 20, 5), Test: (23312, 20, 5)

Randomly sampled 27189/42648 samples (63.8%)
Applied denoising with 15.0% masking
Applied denoising with 15.0% masking
Applied denoising with 15.0% masking
Epoch [1/71], Total Loss: 20373.5082, NLL: 3.1432, Masked: 28.5277, Reg: 20370.220714
Epoch [2/71], Total Loss: 268.3215, NLL: 3.1472, Masked: 28.5316, Reg: 265.030849
Epoch [3/71], Total Loss: 191.9004, NLL: 3.1517, Masked: 28.5239, Reg: 188.605304
Epoch [4/71], Total Loss: 147.7276, NLL: 3.1568, Masked: 28.5247, Reg: 144.427321
Epoch [5/71], Total Loss: 129.8292, NLL: 3.1624, Masked: 28.5256, Reg: 126.523385
Epoch [6/71], Total Loss: 125.8647, NLL: 3.1686, Masked: 28.5268, Reg: 122.552671
Epoch [7/71], Total Loss: 122.6488, NLL: 3.1755, Masked: 28.5337, Reg: 119.329810
Epoch [8/71], Total Loss: 119.4325, NLL: 3.1830, Masked: 28.5314, Reg: 116.105986
Epoch [9/71], Total Loss: 116.2169, NLL: 3.1912, Masked: 28.5188, Reg: 112.882283
Epoch [10/71], Total Loss: 113.0034, NLL: 3.2002, Masked: 28.5257, Reg: 109.659749
Epoch [11/71], Total Loss: 109.7890, NLL: 3.2100, Masked: 28.5296, Reg: 106.435602
Epoch [12/71], Total Loss: 106.5771, NLL: 3.2205, Masked: 28.5226, Reg: 103.213120
Epoch [13/71], Total Loss: 103.3656, NLL: 3.2319, Masked: 28.5264, Reg: 99.990225
Epoch [14/71], Total Loss: 100.1549, NLL: 3.2443, Masked: 28.5171, Reg: 96.767271
Epoch [15/71], Total Loss: 96.9459, NLL: 3.2575, Masked: 28.5292, Reg: 93.544892
Epoch [16/71], Total Loss: 93.7382, NLL: 3.2718, Masked: 28.5158, Reg: 90.322990
Epoch [17/71], Total Loss: 90.5314, NLL: 3.2871, Masked: 28.5292, Reg: 87.100888
Epoch [18/71], Total Loss: 87.3259, NLL: 3.3034, Masked: 28.5323, Reg: 83.879112
Epoch [19/71], Total Loss: 84.0108, NLL: 3.3208, Masked: 6.6799, Reg: 80.656411
Epoch [20/71], Total Loss: 80.7874, NLL: 3.3392, Masked: 2.6878, Reg: 77.434656
Epoch [21/71], Total Loss: 77.5848, NLL: 3.3588, Masked: 2.6907, Reg: 74.212380
Epoch [22/71], Total Loss: 74.3839, NLL: 3.3796, Masked: 2.6893, Reg: 70.990770
Epoch [23/71], Total Loss: 71.1835, NLL: 3.4016, Masked: 2.6884, Reg: 67.768384
Epoch [24/71], Total Loss: 67.9850, NLL: 3.4248, Masked: 2.6897, Reg: 64.546625
Epoch [25/71], Total Loss: 64.7868, NLL: 3.4492, Masked: 2.6876, Reg: 61.324105
Epoch [26/71], Total Loss: 61.5904, NLL: 3.4749, Masked: 2.6881, Reg: 58.101959
Epoch [27/71], Total Loss: 58.3944, NLL: 3.5018, Masked: 2.6893, Reg: 54.879072
Epoch [28/71], Total Loss: 55.8085, NLL: 3.5245, Masked: 2.6889, Reg: 52.270481
Epoch [29/71], Total Loss: 55.5745, NLL: 3.5266, Masked: 2.6901, Reg: 52.034379
Epoch [30/71], Total Loss: 55.5740, NLL: 3.5266, Masked: 2.6886, Reg: 52.033876
Epoch [31/71], Total Loss: 55.5734, NLL: 3.5266, Masked: 2.6874, Reg: 52.033297
Epoch [32/71], Total Loss: 55.5738, NLL: 3.5266, Masked: 2.6880, Reg: 52.033713
Epoch [33/71], Total Loss: 55.5726, NLL: 3.5266, Masked: 2.6879, Reg: 52.032474
Epoch [34/71], Total Loss: 55.5724, NLL: 3.5266, Masked: 2.6877, Reg: 52.032305
Epoch [35/71], Total Loss: 55.5722, NLL: 3.5266, Masked: 2.6868, Reg: 52.032148
Epoch [36/71], Total Loss: 55.5722, NLL: 3.5266, Masked: 2.6891, Reg: 52.032076
Epoch [37/71], Total Loss: 55.5710, NLL: 3.5266, Masked: 2.6912, Reg: 52.030918
Epoch [38/71], Total Loss: 55.5715, NLL: 3.5266, Masked: 2.6904, Reg: 52.031343
Epoch [39/71], Total Loss: 55.5703, NLL: 3.5266, Masked: 2.6884, Reg: 52.030183
Epoch [40/71], Total Loss: 55.5700, NLL: 3.5266, Masked: 2.6911, Reg: 52.029909
Epoch [41/71], Total Loss: 55.5699, NLL: 3.5266, Masked: 2.6870, Reg: 52.029789
Epoch [42/71], Total Loss: 55.5695, NLL: 3.5266, Masked: 2.6896, Reg: 52.029381
Epoch [43/71], Total Loss: 55.5696, NLL: 3.5266, Masked: 2.6894, Reg: 52.029538
Epoch [44/71], Total Loss: 55.5690, NLL: 3.5266, Masked: 2.6880, Reg: 52.028856
Epoch [45/71], Total Loss: 55.5682, NLL: 3.5266, Masked: 2.6854, Reg: 52.028080
Epoch [46/71], Total Loss: 55.5687, NLL: 3.5266, Masked: 2.6889, Reg: 52.028557
Epoch [47/71], Total Loss: 55.5675, NLL: 3.5266, Masked: 2.6886, Reg: 52.027449
Epoch [48/71], Total Loss: 55.5679, NLL: 3.5266, Masked: 2.6907, Reg: 52.027750
Epoch [49/71], Total Loss: 55.5670, NLL: 3.5266, Masked: 2.6876, Reg: 52.026903
Epoch [50/71], Total Loss: 55.5664, NLL: 3.5266, Masked: 2.6881, Reg: 52.026325
Epoch [51/71], Total Loss: 55.5665, NLL: 3.5266, Masked: 2.6888, Reg: 52.026449
Epoch [52/71], Total Loss: 55.5661, NLL: 3.5266, Masked: 2.6896, Reg: 52.025965
Epoch [53/71], Total Loss: 55.5651, NLL: 3.5266, Masked: 2.6858, Reg: 52.024969
Epoch [54/71], Total Loss: 55.5657, NLL: 3.5266, Masked: 2.6892, Reg: 52.025573
Epoch [55/71], Total Loss: 55.5653, NLL: 3.5266, Masked: 2.6901, Reg: 52.025172
Epoch [56/71], Total Loss: 55.5652, NLL: 3.5266, Masked: 2.6874, Reg: 52.025075
Epoch [57/71], Total Loss: 55.5646, NLL: 3.5266, Masked: 2.6891, Reg: 52.024488
Epoch [58/71], Total Loss: 55.5644, NLL: 3.5266, Masked: 2.6892, Reg: 52.024279
Epoch [59/71], Total Loss: 55.5643, NLL: 3.5266, Masked: 2.6887, Reg: 52.024191
Epoch [60/71], Total Loss: 55.5649, NLL: 3.5266, Masked: 2.6893, Reg: 52.024771
Epoch [61/71], Total Loss: 55.5641, NLL: 3.5266, Masked: 2.6893, Reg: 52.023976
Epoch [62/71], Total Loss: 55.5640, NLL: 3.5266, Masked: 2.6872, Reg: 52.023937
Epoch [63/71], Total Loss: 55.5637, NLL: 3.5266, Masked: 2.6887, Reg: 52.023577
Epoch [64/71], Total Loss: 55.5637, NLL: 3.5266, Masked: 2.6897, Reg: 52.023573
Epoch [65/71], Total Loss: 55.5634, NLL: 3.5266, Masked: 2.6872, Reg: 52.023297
Epoch [66/71], Total Loss: 55.5629, NLL: 3.5266, Masked: 2.6894, Reg: 52.022757
Epoch [67/71], Total Loss: 55.5627, NLL: 3.5266, Masked: 2.6889, Reg: 52.022553
Epoch [68/71], Total Loss: 55.5628, NLL: 3.5266, Masked: 2.6905, Reg: 52.022739
Epoch [69/71], Total Loss: 55.5618, NLL: 3.5266, Masked: 2.6887, Reg: 52.021666
Epoch [70/71], Total Loss: 55.5619, NLL: 3.5266, Masked: 2.6882, Reg: 52.021837
Epoch [71/71], Total Loss: 55.5614, NLL: 3.5266, Masked: 2.6891, Reg: 52.021282

==================================================
EVALUATING ON TRAINING DATA
==================================================

==================================================
TEST RESULTS
==================================================
Total Loss: 55.606626
  - ZINB NLL: 3.526583
Total number of masked values: 63156
  - Number of values with pi >= 0.33766279530742405: 63156
  - Number of values with pi < 0.33766279530742405: 0
  - Masked Reconstruction: 2.687554
  - Regularization: 52.066531
Mean Absolute Error (MAE): 2.246250
R² Score: -0.277181
==================================================


==================================================
TEST RESULTS
==================================================
Total Loss: 55.584733
  - ZINB NLL: 3.505074
Total number of masked values: 30986
  - Number of values with pi >= 0.33766279530742405: 30986
  - Number of values with pi < 0.33766279530742405: 0
  - Masked Reconstruction: 2.611348
  - Regularization: 52.066531
Mean Absolute Error (MAE): 2.396867
R² Score: -0.173985
==================================================

Using combined metric: zinb_nll (3.505074) + masked_loss (2.611348) = 6.116422

>>> Optimizing combined on VALIDATION set: 6.116422
>>> Full validation metrics: {'total_loss': 55.58473346784649, 'zinb_nll': 3.5050737427791008, 'mae': 2.396867275238037, 'r2': -0.17398452758789062, 'masked_loss': 2.611347821850103, 'reg_loss': 52.066530859545395}

Iteration No: 18 ended. Evaluation done at random point.
Time taken: 413.9583
Function value obtained: 6.1164
Current minimum: 1.5811
Iteration No: 19 started. Evaluating function at random point.

================================================================================
Trial with parameters:
  features: Nucl
  data_point_length: 2058
  step_size: 0.5985053597047086
  bin_size: 65
  sample_fraction: 0.2860441931477753
  moving_average: False
  first_layer_size_factor: 133
  num_layers: 2
  use_conv: True
  conv_channel: 121
  pool_size: 5
  kernel_size: 7
  epochs: 112
  batch_size: 64
  pi_threshold: 0.6775566418243029
  learning_rate: 0.006803850954616805
  dropout_rate: 0.433599466777502
  masked_recon_weight: 0.3512484284337133
  regularizer: none
  regularization_weight: 0.5497666570763757
================================================================================

Creating datasets with:
  features: ['Nucl']
  bin_size: 65
  moving_average: False
  data_point_length: 31 (from 2058)
  step_size: 18 (from fraction 0.5985053597047086)
  layers: [np.int64(2128), np.int64(1064)] (first=2128, num=2)
  stride: 1 (fixed), padding: same (fixed)


Clipping outliers using 95th percentile * 1.5...
strain_yTW001: Clipping values above 134.25 (P95=89.50). Clipped 27529/1193409 values (2.31%)
strain_FD: Clipping values above 71.92 (P95=47.94). Clipped 95791/4127807 values (2.32%)
strain_dnrp: Clipping values above 243.00 (P95=162.00). Clipped 25649/1119454 values (2.29%)
strain_yEK19: Clipping values above 77.10 (P95=51.40). Clipped 83713/3893623 values (2.15%)
strain_yEK23: Clipping values above 72.00 (P95=48.00). Clipped 86381/3558407 values (2.43%)
strain_yWT03a: Clipping values above 15.00 (P95=10.00). Clipped 10602/347679 values (3.05%)
strain_yWT04a: Clipping values above 58.50 (P95=39.00). Clipped 21095/725406 values (2.91%)
strain_ylic137: Clipping values above 142.50 (P95=95.00). Clipped 28746/1112684 values (2.58%)
Standardizing features: ['Nucl']
Column order in final array (Dataset/Chrom split): ['Value', 'Nucleosome_Distance', 'Value_Raw', 'Size_Factor']
Removing 0 empty data points out of 44272
Column order in final array (Dataset/Chrom split): ['Value', 'Nucleosome_Distance', 'Value_Raw', 'Size_Factor']
Removing 0 empty data points out of 14040
Column order in final array (Dataset/Chrom split): ['Value', 'Nucleosome_Distance', 'Value_Raw', 'Size_Factor']
Removing 0 empty data points out of 24208
Datasets created:
  Train: (44272, 31, 4), Val: (14040, 31, 4), Test: (24208, 31, 4)

Randomly sampled 12663/44272 samples (28.6%)
Applied denoising with 15.0% masking
Applied denoising with 15.0% masking
Applied denoising with 15.0% masking
Epoch [1/112], Total Loss: 3.0938, NLL: 2.2499, Masked: 2.4026
Epoch [2/112], Total Loss: 3.0419, NLL: 2.2470, Masked: 2.2632
Epoch [3/112], Total Loss: 3.0423, NLL: 2.2470, Masked: 2.2643
Epoch [4/112], Total Loss: 3.0423, NLL: 2.2470, Masked: 2.2644
Epoch [5/112], Total Loss: 3.0421, NLL: 2.2470, Masked: 2.2637
Epoch [6/112], Total Loss: 3.0428, NLL: 2.2470, Masked: 2.2657
Epoch [7/112], Total Loss: 3.0422, NLL: 2.2470, Masked: 2.2641
Epoch [8/112], Total Loss: 3.0428, NLL: 2.2470, Masked: 2.2657
Epoch [9/112], Total Loss: 3.0422, NLL: 2.2470, Masked: 2.2642
Epoch [10/112], Total Loss: 3.0420, NLL: 2.2470, Masked: 2.2635
Epoch [11/112], Total Loss: 3.0422, NLL: 2.2470, Masked: 2.2641
Epoch [12/112], Total Loss: 3.0427, NLL: 2.2470, Masked: 2.2654
Epoch [13/112], Total Loss: 3.0421, NLL: 2.2470, Masked: 2.2638
Epoch [14/112], Total Loss: 3.0421, NLL: 2.2470, Masked: 2.2638
Epoch [15/112], Total Loss: 3.0423, NLL: 2.2470, Masked: 2.2645
Epoch [16/112], Total Loss: 3.0424, NLL: 2.2470, Masked: 2.2647
Epoch [17/112], Total Loss: 3.0423, NLL: 2.2470, Masked: 2.2643
Epoch [18/112], Total Loss: 3.0420, NLL: 2.2470, Masked: 2.2635
Epoch [19/112], Total Loss: 3.0424, NLL: 2.2470, Masked: 2.2646
Epoch [20/112], Total Loss: 3.0421, NLL: 2.2470, Masked: 2.2639
Epoch [21/112], Total Loss: 3.0422, NLL: 2.2470, Masked: 2.2639
Epoch [22/112], Total Loss: 3.0426, NLL: 2.2470, Masked: 2.2651
Epoch [23/112], Total Loss: 3.0424, NLL: 2.2470, Masked: 2.2645
Epoch [24/112], Total Loss: 3.0425, NLL: 2.2470, Masked: 2.2648
Epoch [25/112], Total Loss: 3.0426, NLL: 2.2470, Masked: 2.2651
Epoch [26/112], Total Loss: 3.0423, NLL: 2.2470, Masked: 2.2644
Epoch [27/112], Total Loss: 3.0423, NLL: 2.2470, Masked: 2.2643
Epoch [28/112], Total Loss: 3.0425, NLL: 2.2470, Masked: 2.2650
Epoch [29/112], Total Loss: 3.0422, NLL: 2.2470, Masked: 2.2640
Epoch [30/112], Total Loss: 3.0420, NLL: 2.2470, Masked: 2.2635
Epoch [31/112], Total Loss: 3.0425, NLL: 2.2470, Masked: 2.2649
Epoch [32/112], Total Loss: 3.0426, NLL: 2.2470, Masked: 2.2653
Epoch [33/112], Total Loss: 3.0423, NLL: 2.2470, Masked: 2.2642
Epoch [34/112], Total Loss: 3.0426, NLL: 2.2470, Masked: 2.2652
Epoch [35/112], Total Loss: 3.0426, NLL: 2.2470, Masked: 2.2652
Epoch [36/112], Total Loss: 3.0424, NLL: 2.2470, Masked: 2.2647
Epoch [37/112], Total Loss: 3.0426, NLL: 2.2470, Masked: 2.2653
Epoch [38/112], Total Loss: 3.0429, NLL: 2.2470, Masked: 2.2661
Epoch [39/112], Total Loss: 3.0423, NLL: 2.2470, Masked: 2.2642
Epoch [40/112], Total Loss: 3.0427, NLL: 2.2470, Masked: 2.2654
Epoch [41/112], Total Loss: 3.0427, NLL: 2.2470, Masked: 2.2654
Epoch [42/112], Total Loss: 3.0420, NLL: 2.2470, Masked: 2.2636
Epoch [43/112], Total Loss: 3.0427, NLL: 2.2470, Masked: 2.2654
Epoch [44/112], Total Loss: 3.0425, NLL: 2.2470, Masked: 2.2650
Epoch [45/112], Total Loss: 3.0424, NLL: 2.2470, Masked: 2.2647
Epoch [46/112], Total Loss: 3.0425, NLL: 2.2470, Masked: 2.2649
Epoch [47/112], Total Loss: 3.0424, NLL: 2.2470, Masked: 2.2646
Epoch [48/112], Total Loss: 3.0423, NLL: 2.2470, Masked: 2.2643
Epoch [49/112], Total Loss: 3.0427, NLL: 2.2470, Masked: 2.2655
Epoch [50/112], Total Loss: 3.0425, NLL: 2.2470, Masked: 2.2648
Epoch [51/112], Total Loss: 3.0426, NLL: 2.2470, Masked: 2.2652
Epoch [52/112], Total Loss: 3.0426, NLL: 2.2470, Masked: 2.2653
Epoch [53/112], Total Loss: 3.0426, NLL: 2.2470, Masked: 2.2653
Epoch [54/112], Total Loss: 3.0423, NLL: 2.2470, Masked: 2.2643
Epoch [55/112], Total Loss: 3.0423, NLL: 2.2470, Masked: 2.2643
Epoch [56/112], Total Loss: 3.0418, NLL: 2.2470, Masked: 2.2630
Epoch [57/112], Total Loss: 3.0424, NLL: 2.2470, Masked: 2.2646
Epoch [58/112], Total Loss: 3.0426, NLL: 2.2470, Masked: 2.2652
Epoch [59/112], Total Loss: 3.0424, NLL: 2.2470, Masked: 2.2647
Epoch [60/112], Total Loss: 3.0422, NLL: 2.2470, Masked: 2.2640
Epoch [61/112], Total Loss: 3.0423, NLL: 2.2470, Masked: 2.2643
Epoch [62/112], Total Loss: 3.0422, NLL: 2.2470, Masked: 2.2641
Epoch [63/112], Total Loss: 3.0424, NLL: 2.2470, Masked: 2.2647
Epoch [64/112], Total Loss: 3.0422, NLL: 2.2470, Masked: 2.2641
Epoch [65/112], Total Loss: 3.0426, NLL: 2.2470, Masked: 2.2651
Epoch [66/112], Total Loss: 3.0425, NLL: 2.2470, Masked: 2.2649
Epoch [67/112], Total Loss: 3.0421, NLL: 2.2470, Masked: 2.2638
Epoch [68/112], Total Loss: 3.0425, NLL: 2.2470, Masked: 2.2648
Epoch [69/112], Total Loss: 3.0426, NLL: 2.2470, Masked: 2.2653
Epoch [70/112], Total Loss: 3.0430, NLL: 2.2470, Masked: 2.2663
Epoch [71/112], Total Loss: 3.0426, NLL: 2.2470, Masked: 2.2650
Epoch [72/112], Total Loss: 3.0426, NLL: 2.2470, Masked: 2.2651
Epoch [73/112], Total Loss: 3.0425, NLL: 2.2470, Masked: 2.2649
Epoch [74/112], Total Loss: 3.0422, NLL: 2.2470, Masked: 2.2641
Epoch [75/112], Total Loss: 3.0423, NLL: 2.2470, Masked: 2.2645
Epoch [76/112], Total Loss: 3.0420, NLL: 2.2470, Masked: 2.2636
Epoch [77/112], Total Loss: 3.0427, NLL: 2.2470, Masked: 2.2655
Epoch [78/112], Total Loss: 3.0424, NLL: 2.2470, Masked: 2.2646
Epoch [79/112], Total Loss: 3.0420, NLL: 2.2470, Masked: 2.2636
Epoch [80/112], Total Loss: 3.0423, NLL: 2.2470, Masked: 2.2644
Epoch [81/112], Total Loss: 3.0426, NLL: 2.2470, Masked: 2.2652
Epoch [82/112], Total Loss: 3.0425, NLL: 2.2470, Masked: 2.2649
Epoch [83/112], Total Loss: 3.0423, NLL: 2.2470, Masked: 2.2643
Epoch [84/112], Total Loss: 3.0420, NLL: 2.2470, Masked: 2.2636
Epoch [85/112], Total Loss: 3.0425, NLL: 2.2470, Masked: 2.2650
Epoch [86/112], Total Loss: 3.0426, NLL: 2.2470, Masked: 2.2653
Epoch [87/112], Total Loss: 3.0427, NLL: 2.2470, Masked: 2.2654
Epoch [88/112], Total Loss: 3.0429, NLL: 2.2470, Masked: 2.2661
Epoch [89/112], Total Loss: 3.0424, NLL: 2.2470, Masked: 2.2646
Epoch [90/112], Total Loss: 3.0425, NLL: 2.2470, Masked: 2.2650
Epoch [91/112], Total Loss: 3.0422, NLL: 2.2470, Masked: 2.2641
Epoch [92/112], Total Loss: 3.0427, NLL: 2.2470, Masked: 2.2654
Epoch [93/112], Total Loss: 3.0424, NLL: 2.2470, Masked: 2.2645
Epoch [94/112], Total Loss: 3.0424, NLL: 2.2470, Masked: 2.2645
Epoch [95/112], Total Loss: 3.0425, NLL: 2.2470, Masked: 2.2648
Epoch [96/112], Total Loss: 3.0425, NLL: 2.2470, Masked: 2.2648
Epoch [97/112], Total Loss: 3.0421, NLL: 2.2470, Masked: 2.2636
Epoch [98/112], Total Loss: 3.0422, NLL: 2.2470, Masked: 2.2641
Epoch [99/112], Total Loss: 3.0422, NLL: 2.2470, Masked: 2.2641
Epoch [100/112], Total Loss: 3.0426, NLL: 2.2470, Masked: 2.2650
Epoch [101/112], Total Loss: 3.0424, NLL: 2.2470, Masked: 2.2647
Epoch [102/112], Total Loss: 3.0424, NLL: 2.2470, Masked: 2.2647
Epoch [103/112], Total Loss: 3.0427, NLL: 2.2470, Masked: 2.2656
Epoch [104/112], Total Loss: 3.0421, NLL: 2.2470, Masked: 2.2638
Epoch [105/112], Total Loss: 3.0425, NLL: 2.2470, Masked: 2.2648
Epoch [106/112], Total Loss: 3.0427, NLL: 2.2470, Masked: 2.2656
Epoch [107/112], Total Loss: 3.0424, NLL: 2.2470, Masked: 2.2647
Epoch [108/112], Total Loss: 3.0423, NLL: 2.2470, Masked: 2.2645
Epoch [109/112], Total Loss: 3.0423, NLL: 2.2470, Masked: 2.2642
Epoch [110/112], Total Loss: 3.0424, NLL: 2.2470, Masked: 2.2647
Epoch [111/112], Total Loss: 3.0421, NLL: 2.2470, Masked: 2.2639
Epoch [112/112], Total Loss: 3.0424, NLL: 2.2470, Masked: 2.2647

==================================================
EVALUATING ON TRAINING DATA
==================================================

==================================================
TEST RESULTS
==================================================
Total Loss: 3.042600
  - ZINB NLL: 2.246959
Total number of masked values: 45060
  - Number of values with pi >= 0.6775566418243029: 0
  - Number of values with pi < 0.6775566418243029: 45060
  - Masked Reconstruction: 2.265181
Mean Absolute Error (MAE): 2.125066
R² Score: -0.084481
==================================================


==================================================
TEST RESULTS
==================================================
Total Loss: 3.206383
  - ZINB NLL: 2.357602
Total number of masked values: 49528
  - Number of values with pi >= 0.6775566418243029: 0
  - Number of values with pi < 0.6775566418243029: 49528
  - Masked Reconstruction: 2.416467
Mean Absolute Error (MAE): 2.305545
R² Score: -0.059757
==================================================

Using combined metric: zinb_nll (2.357602) + masked_loss (2.416467) = 4.774069

>>> Optimizing combined on VALIDATION set: 4.774069
>>> Full validation metrics: {'total_loss': 3.2063825759452973, 'zinb_nll': 2.3576024783642544, 'mae': 2.3055453300476074, 'r2': -0.05975663661956787, 'masked_loss': 2.416466534783018}

Iteration No: 19 ended. Evaluation done at random point.
Time taken: 149.2102
Function value obtained: 4.7741
Current minimum: 1.5811
Iteration No: 20 started. Evaluating function at random point.

================================================================================
Trial with parameters:
  features: Centr
  data_point_length: 1078
  step_size: 0.8584031325520024
  bin_size: 82
  sample_fraction: 0.7194547525761796
  moving_average: False
  first_layer_size_factor: 99
  num_layers: 2
  use_conv: True
  conv_channel: 40
  pool_size: 4
  kernel_size: 3
  epochs: 104
  batch_size: 64
  pi_threshold: 0.5622890541522969
  learning_rate: 0.00014328141535811573
  dropout_rate: 0.3408068344863949
  masked_recon_weight: 0.023040838394677018
  regularizer: l1
  regularization_weight: 0.029666217745366992
================================================================================

Creating datasets with:
  features: ['Centr']
  bin_size: 82
  moving_average: False
  data_point_length: 13 (from 1078)
  step_size: 11 (from fraction 0.8584031325520024)
  layers: [np.int64(1584), np.int64(792)] (first=1584, num=2)
  stride: 1 (fixed), padding: same (fixed)


Clipping outliers using 95th percentile * 1.5...
strain_yTW001: Clipping values above 134.25 (P95=89.50). Clipped 27529/1193409 values (2.31%)
strain_FD: Clipping values above 71.92 (P95=47.94). Clipped 95791/4127807 values (2.32%)
strain_dnrp: Clipping values above 243.00 (P95=162.00). Clipped 25649/1119454 values (2.29%)
strain_yEK19: Clipping values above 77.10 (P95=51.40). Clipped 83713/3893623 values (2.15%)
strain_yEK23: Clipping values above 72.00 (P95=48.00). Clipped 86381/3558407 values (2.43%)
strain_yWT03a: Clipping values above 15.00 (P95=10.00). Clipped 10602/347679 values (3.05%)
strain_yWT04a: Clipping values above 58.50 (P95=39.00). Clipped 21095/725406 values (2.91%)
strain_ylic137: Clipping values above 142.50 (P95=95.00). Clipped 28746/1112684 values (2.58%)
Standardizing features: ['Centr']
Column order in final array (Dataset/Chrom split): ['Value', 'Centromere_Distance', 'Value_Raw', 'Size_Factor']
Removing 0 empty data points out of 57472
Column order in final array (Dataset/Chrom split): ['Value', 'Centromere_Distance', 'Value_Raw', 'Size_Factor']
Removing 0 empty data points out of 18232
Column order in final array (Dataset/Chrom split): ['Value', 'Centromere_Distance', 'Value_Raw', 'Size_Factor']
Removing 0 empty data points out of 31408
Datasets created:
  Train: (57472, 13, 4), Val: (18232, 13, 4), Test: (31408, 13, 4)

Randomly sampled 41348/57472 samples (71.9%)
Applied denoising with 15.0% masking
Applied denoising with 15.0% masking
Applied denoising with 15.0% masking
Epoch [1/104], Total Loss: 221.4595, NLL: 3.1384, Masked: 25.3767, Reg: 217.736431
Epoch [2/104], Total Loss: 6.5478, NLL: 3.0841, Masked: 23.1972, Reg: 2.929197
Epoch [3/104], Total Loss: 6.0598, NLL: 3.0334, Masked: 21.2488, Reg: 2.536833
Epoch [4/104], Total Loss: 5.7575, NLL: 2.9855, Masked: 19.4873, Reg: 2.323048
Epoch [5/104], Total Loss: 5.6069, NLL: 2.9403, Masked: 17.8879, Reg: 2.254416
Epoch [6/104], Total Loss: 5.5259, NLL: 2.8978, Masked: 16.4312, Reg: 2.249561
Epoch [7/104], Total Loss: 5.4520, NLL: 2.8577, Masked: 15.1009, Reg: 2.246352
Epoch [8/104], Total Loss: 5.3836, NLL: 2.8202, Masked: 13.8913, Reg: 2.243346
Epoch [9/104], Total Loss: 5.3203, NLL: 2.7853, Masked: 12.7833, Reg: 2.240398
Epoch [10/104], Total Loss: 5.2621, NLL: 2.7530, Masked: 11.7757, Reg: 2.237719
Epoch [11/104], Total Loss: 5.2086, NLL: 2.7233, Masked: 10.8561, Reg: 2.235184
Epoch [12/104], Total Loss: 5.1599, NLL: 2.6963, Masked: 10.0222, Reg: 2.232730
Epoch [13/104], Total Loss: 5.1159, NLL: 2.6719, Masked: 9.2614, Reg: 2.230607
Epoch [14/104], Total Loss: 5.0765, NLL: 2.6504, Masked: 8.5754, Reg: 2.228519
Epoch [15/104], Total Loss: 5.0415, NLL: 2.6315, Masked: 7.9529, Reg: 2.226752
Epoch [16/104], Total Loss: 5.0109, NLL: 2.6153, Masked: 7.3917, Reg: 2.225278
Epoch [17/104], Total Loss: 4.9844, NLL: 2.6017, Masked: 6.8862, Reg: 2.224094
Epoch [18/104], Total Loss: 4.9621, NLL: 2.5905, Masked: 6.4353, Reg: 2.223270
Epoch [19/104], Total Loss: 4.9437, NLL: 2.5817, Masked: 6.0355, Reg: 2.222948
Epoch [20/104], Total Loss: 4.9289, NLL: 2.5747, Masked: 5.6772, Reg: 2.223412
Epoch [21/104], Total Loss: 4.9173, NLL: 2.5693, Masked: 5.3632, Reg: 2.224483
Epoch [22/104], Total Loss: 4.9089, NLL: 2.5648, Masked: 5.0930, Reg: 2.226703
Epoch [23/104], Total Loss: 4.9029, NLL: 2.5607, Masked: 4.8612, Reg: 2.230126
Epoch [24/104], Total Loss: 4.8989, NLL: 2.5572, Masked: 4.6721, Reg: 2.233981
Epoch [25/104], Total Loss: 4.8964, NLL: 2.5525, Masked: 4.5175, Reg: 2.239831
Epoch [26/104], Total Loss: 4.8950, NLL: 2.5475, Masked: 4.3958, Reg: 2.246208
Epoch [27/104], Total Loss: 4.8941, NLL: 2.5425, Masked: 4.3025, Reg: 2.252520
Epoch [28/104], Total Loss: 4.8938, NLL: 2.5382, Masked: 4.2365, Reg: 2.257928
Epoch [29/104], Total Loss: 4.8935, NLL: 2.5345, Masked: 4.1898, Reg: 2.262480
Epoch [30/104], Total Loss: 4.8935, NLL: 2.5322, Masked: 4.1607, Reg: 2.265470
Epoch [31/104], Total Loss: 4.8934, NLL: 2.5309, Masked: 4.1423, Reg: 2.267099
Epoch [32/104], Total Loss: 4.8934, NLL: 2.5293, Masked: 4.1274, Reg: 2.268954
Epoch [33/104], Total Loss: 4.8934, NLL: 2.5286, Masked: 4.1150, Reg: 2.269920
Epoch [34/104], Total Loss: 4.8933, NLL: 2.5280, Masked: 4.1123, Reg: 2.270617
Epoch [35/104], Total Loss: 4.8934, NLL: 2.5271, Masked: 4.1077, Reg: 2.271596
Epoch [36/104], Total Loss: 4.8933, NLL: 2.5275, Masked: 4.1049, Reg: 2.271246
Epoch [37/104], Total Loss: 4.8934, NLL: 2.5268, Masked: 4.1026, Reg: 2.271998
Epoch [38/104], Total Loss: 4.8934, NLL: 2.5267, Masked: 4.1010, Reg: 2.272190
Epoch [39/104], Total Loss: 4.8933, NLL: 2.5268, Masked: 4.1003, Reg: 2.272016
Epoch [40/104], Total Loss: 4.8934, NLL: 2.5270, Masked: 4.1038, Reg: 2.271813
Epoch [41/104], Total Loss: 4.8933, NLL: 2.5274, Masked: 4.1054, Reg: 2.271336
Epoch [42/104], Total Loss: 4.8933, NLL: 2.5274, Masked: 4.1032, Reg: 2.271352
Epoch [43/104], Total Loss: 4.8933, NLL: 2.5266, Masked: 4.1001, Reg: 2.272190
Epoch [44/104], Total Loss: 4.8933, NLL: 2.5268, Masked: 4.1005, Reg: 2.271999
Epoch [45/104], Total Loss: 4.8933, NLL: 2.5266, Masked: 4.1021, Reg: 2.272167
Epoch [46/104], Total Loss: 4.8933, NLL: 2.5271, Masked: 4.1032, Reg: 2.271606
Epoch [47/104], Total Loss: 4.8933, NLL: 2.5264, Masked: 4.0975, Reg: 2.272471
Epoch [48/104], Total Loss: 4.8933, NLL: 2.5273, Masked: 4.1019, Reg: 2.271484
Epoch [49/104], Total Loss: 4.8933, NLL: 2.5272, Masked: 4.1028, Reg: 2.271508
Epoch [50/104], Total Loss: 4.8933, NLL: 2.5273, Masked: 4.1021, Reg: 2.271501
Epoch [51/104], Total Loss: 4.8933, NLL: 2.5270, Masked: 4.1007, Reg: 2.271830
Epoch [52/104], Total Loss: 4.8933, NLL: 2.5267, Masked: 4.0997, Reg: 2.272051
Epoch [53/104], Total Loss: 4.8933, NLL: 2.5267, Masked: 4.1002, Reg: 2.272080
Epoch [54/104], Total Loss: 4.8932, NLL: 2.5267, Masked: 4.1012, Reg: 2.272038
Epoch [55/104], Total Loss: 4.8932, NLL: 2.5268, Masked: 4.1014, Reg: 2.271910
Epoch [56/104], Total Loss: 4.8933, NLL: 2.5270, Masked: 4.1019, Reg: 2.271738
Epoch [57/104], Total Loss: 4.8932, NLL: 2.5268, Masked: 4.1005, Reg: 2.271974
Epoch [58/104], Total Loss: 4.8932, NLL: 2.5275, Masked: 4.1031, Reg: 2.271143
Epoch [59/104], Total Loss: 4.8932, NLL: 2.5268, Masked: 4.0997, Reg: 2.271989
Epoch [60/104], Total Loss: 4.8933, NLL: 2.5264, Masked: 4.0978, Reg: 2.272436
Epoch [61/104], Total Loss: 4.8933, NLL: 2.5271, Masked: 4.1024, Reg: 2.271630
Epoch [62/104], Total Loss: 4.8933, NLL: 2.5269, Masked: 4.1008, Reg: 2.271896
Epoch [63/104], Total Loss: 4.8933, NLL: 2.5268, Masked: 4.1017, Reg: 2.271921
Epoch [64/104], Total Loss: 4.8932, NLL: 2.5271, Masked: 4.1005, Reg: 2.271583
Epoch [65/104], Total Loss: 4.8932, NLL: 2.5269, Masked: 4.1002, Reg: 2.271801
Epoch [66/104], Total Loss: 4.8932, NLL: 2.5270, Masked: 4.1019, Reg: 2.271686
Epoch [67/104], Total Loss: 4.8933, NLL: 2.5273, Masked: 4.1053, Reg: 2.271412
Epoch [68/104], Total Loss: 4.8932, NLL: 2.5270, Masked: 4.1009, Reg: 2.271734
Epoch [69/104], Total Loss: 4.8932, NLL: 2.5271, Masked: 4.1026, Reg: 2.271599
Epoch [70/104], Total Loss: 4.8933, NLL: 2.5271, Masked: 4.1019, Reg: 2.271691
Epoch [71/104], Total Loss: 4.8932, NLL: 2.5271, Masked: 4.1013, Reg: 2.271624
Epoch [72/104], Total Loss: 4.8932, NLL: 2.5268, Masked: 4.1029, Reg: 2.271813
Epoch [73/104], Total Loss: 4.8932, NLL: 2.5262, Masked: 4.0973, Reg: 2.272567
Epoch [74/104], Total Loss: 4.8932, NLL: 2.5271, Masked: 4.1027, Reg: 2.271571
Epoch [75/104], Total Loss: 4.8932, NLL: 2.5269, Masked: 4.1021, Reg: 2.271776
Epoch [76/104], Total Loss: 4.8932, NLL: 2.5273, Masked: 4.1052, Reg: 2.271312
Epoch [77/104], Total Loss: 4.8932, NLL: 2.5270, Masked: 4.1009, Reg: 2.271685
Epoch [78/104], Total Loss: 4.8932, NLL: 2.5269, Masked: 4.1019, Reg: 2.271713
Epoch [79/104], Total Loss: 4.8931, NLL: 2.5265, Masked: 4.1005, Reg: 2.272159
Epoch [80/104], Total Loss: 4.8932, NLL: 2.5271, Masked: 4.1020, Reg: 2.271549
Epoch [81/104], Total Loss: 4.8931, NLL: 2.5271, Masked: 4.1013, Reg: 2.271569
Epoch [82/104], Total Loss: 4.8931, NLL: 2.5267, Masked: 4.1022, Reg: 2.271887
Epoch [83/104], Total Loss: 4.8931, NLL: 2.5269, Masked: 4.1003, Reg: 2.271769
Epoch [84/104], Total Loss: 4.8931, NLL: 2.5269, Masked: 4.1014, Reg: 2.271670
Epoch [85/104], Total Loss: 4.8931, NLL: 2.5273, Masked: 4.1039, Reg: 2.271216
Epoch [86/104], Total Loss: 4.8931, NLL: 2.5269, Masked: 4.1018, Reg: 2.271706
Epoch [87/104], Total Loss: 4.8931, NLL: 2.5272, Masked: 4.1036, Reg: 2.271314
Epoch [88/104], Total Loss: 4.8931, NLL: 2.5272, Masked: 4.1046, Reg: 2.271354
Epoch [89/104], Total Loss: 4.8931, NLL: 2.5273, Masked: 4.1039, Reg: 2.271150
Epoch [90/104], Total Loss: 4.8931, NLL: 2.5272, Masked: 4.1031, Reg: 2.271331
Epoch [91/104], Total Loss: 4.8930, NLL: 2.5271, Masked: 4.1036, Reg: 2.271364
Epoch [92/104], Total Loss: 4.8930, NLL: 2.5273, Masked: 4.1044, Reg: 2.271177
Epoch [93/104], Total Loss: 4.8931, NLL: 2.5276, Masked: 4.1053, Reg: 2.270916
Epoch [94/104], Total Loss: 4.8931, NLL: 2.5265, Masked: 4.1006, Reg: 2.272073
Epoch [95/104], Total Loss: 4.8930, NLL: 2.5270, Masked: 4.1012, Reg: 2.271521
Epoch [96/104], Total Loss: 4.8930, NLL: 2.5271, Masked: 4.1023, Reg: 2.271329
Epoch [97/104], Total Loss: 4.8930, NLL: 2.5275, Masked: 4.1045, Reg: 2.270989
Epoch [98/104], Total Loss: 4.8930, NLL: 2.5267, Masked: 4.1011, Reg: 2.271843
Epoch [99/104], Total Loss: 4.8930, NLL: 2.5268, Masked: 4.0996, Reg: 2.271753
Epoch [100/104], Total Loss: 4.8931, NLL: 2.5265, Masked: 4.0994, Reg: 2.272085
Epoch [101/104], Total Loss: 4.8930, NLL: 2.5271, Masked: 4.1038, Reg: 2.271408
Epoch [102/104], Total Loss: 4.8931, NLL: 2.5265, Masked: 4.1003, Reg: 2.272097
Epoch [103/104], Total Loss: 4.8930, NLL: 2.5272, Masked: 4.1040, Reg: 2.271228
Epoch [104/104], Total Loss: 4.8930, NLL: 2.5272, Masked: 4.1014, Reg: 2.271310

==================================================
EVALUATING ON TRAINING DATA
==================================================

==================================================
TEST RESULTS
==================================================
Total Loss: 4.891118
  - ZINB NLL: 2.526872
Total number of masked values: 39601
  - Number of values with pi >= 0.5622890541522969: 0
  - Number of values with pi < 0.5622890541522969: 39601
  - Masked Reconstruction: 4.100544
  - Regularization: 2.269766
Mean Absolute Error (MAE): 4.086635
R² Score: -0.511391
==================================================


==================================================
TEST RESULTS
==================================================
Total Loss: 4.913350
  - ZINB NLL: 2.544984
Total number of masked values: 17304
  - Number of values with pi >= 0.5622890541522969: 0
  - Number of values with pi < 0.5622890541522969: 17304
  - Masked Reconstruction: 4.279367
  - Regularization: 2.269766
Mean Absolute Error (MAE): 4.341332
R² Score: -0.243196
==================================================

Using combined metric: zinb_nll (2.544984) + masked_loss (4.279367) = 6.824350

>>> Optimizing combined on VALIDATION set: 6.824350
>>> Full validation metrics: {'total_loss': 4.913350121814884, 'zinb_nll': 2.54498384541825, 'mae': 4.341331958770752, 'r2': -0.24319636821746826, 'masked_loss': 4.279366540092813, 'reg_loss': 2.269766230771663}


*** Checkpoint saved at iteration 20 ***

Iteration No: 20 ended. Evaluation done at random point.
Time taken: 392.8497
Function value obtained: 6.8244
Current minimum: 1.5811
Iteration No: 21 started. Searching for the next optimal point.

================================================================================
Trial with parameters:
  features: Nucl
  data_point_length: 2068
  step_size: 0.9524861138917806
  bin_size: 5
  sample_fraction: 0.5634595237866842
  moving_average: False
  first_layer_size_factor: 84
  num_layers: 3
  use_conv: False
  conv_channel: 81
  pool_size: 6
  kernel_size: 3
  epochs: 60
  batch_size: 64
  pi_threshold: 0.6468466428838888
  learning_rate: 0.0004848418240355676
  dropout_rate: 0.11929842989517012
  masked_recon_weight: 0.5240577158421572
  regularizer: none
  regularization_weight: 0.0004652143117786279
================================================================================

Creating datasets with:
  features: ['Nucl']
  bin_size: 5
  moving_average: False
  data_point_length: 413 (from 2068)
  step_size: 393 (from fraction 0.9524861138917806)
  layers: [np.int64(1344), np.int64(672), np.int64(336)] (first=1344, num=3)
  stride: 1 (fixed), padding: same (fixed)


Clipping outliers using 95th percentile * 1.5...
strain_yTW001: Clipping values above 134.25 (P95=89.50). Clipped 27529/1193409 values (2.31%)
strain_FD: Clipping values above 71.92 (P95=47.94). Clipped 95791/4127807 values (2.32%)
strain_dnrp: Clipping values above 243.00 (P95=162.00). Clipped 25649/1119454 values (2.29%)
strain_yEK19: Clipping values above 77.10 (P95=51.40). Clipped 83713/3893623 values (2.15%)
strain_yEK23: Clipping values above 72.00 (P95=48.00). Clipped 86381/3558407 values (2.43%)
strain_yWT03a: Clipping values above 15.00 (P95=10.00). Clipped 10602/347679 values (3.05%)
strain_yWT04a: Clipping values above 58.50 (P95=39.00). Clipped 21095/725406 values (2.91%)
strain_ylic137: Clipping values above 142.50 (P95=95.00). Clipped 28746/1112684 values (2.58%)
Standardizing features: ['Nucl']
Column order in final array (Dataset/Chrom split): ['Value', 'Nucleosome_Distance', 'Value_Raw', 'Size_Factor']
Removing 0 empty data points out of 26408
Column order in final array (Dataset/Chrom split): ['Value', 'Nucleosome_Distance', 'Value_Raw', 'Size_Factor']
Removing 0 empty data points out of 8376
Column order in final array (Dataset/Chrom split): ['Value', 'Nucleosome_Distance', 'Value_Raw', 'Size_Factor']
Removing 0 empty data points out of 14432
Datasets created:
  Train: (26408, 413, 4), Val: (8376, 413, 4), Test: (14432, 413, 4)

Randomly sampled 14879/26408 samples (56.3%)
Applied denoising with 15.0% masking
Applied denoising with 15.0% masking
Applied denoising with 15.0% masking
Epoch [1/60], Total Loss: 4.6180, NLL: 1.8428, Masked: 5.2956
Epoch [2/60], Total Loss: 4.0930, NLL: 1.6965, Masked: 4.5731
Epoch [3/60], Total Loss: 4.0672, NLL: 1.6778, Masked: 4.5595
Epoch [4/60], Total Loss: 4.0447, NLL: 1.6709, Masked: 4.5298
Epoch [5/60], Total Loss: 4.0227, NLL: 1.6599, Masked: 4.5086
Epoch [6/60], Total Loss: 3.9907, NLL: 1.6444, Masked: 4.4771
Epoch [7/60], Total Loss: 3.9378, NLL: 1.6217, Masked: 4.4195
Epoch [8/60], Total Loss: 3.9079, NLL: 1.6065, Masked: 4.3916
Epoch [9/60], Total Loss: 3.8870, NLL: 1.5994, Masked: 4.3651
Epoch [10/60], Total Loss: 3.8771, NLL: 1.5950, Masked: 4.3546
Epoch [11/60], Total Loss: 3.8585, NLL: 1.5893, Masked: 4.3300
Epoch [12/60], Total Loss: 3.8474, NLL: 1.5847, Masked: 4.3176
Epoch [13/60], Total Loss: 3.8334, NLL: 1.5806, Masked: 4.2988
Epoch [14/60], Total Loss: 3.8156, NLL: 1.5761, Masked: 4.2734
Epoch [15/60], Total Loss: 3.7947, NLL: 1.5691, Masked: 4.2467
Epoch [16/60], Total Loss: 3.7782, NLL: 1.5626, Masked: 4.2278
Epoch [17/60], Total Loss: 3.7583, NLL: 1.5582, Masked: 4.1982
Epoch [18/60], Total Loss: 3.7373, NLL: 1.5505, Masked: 4.1728
Epoch [19/60], Total Loss: 3.7145, NLL: 1.5456, Masked: 4.1387
Epoch [20/60], Total Loss: 3.6998, NLL: 1.5429, Masked: 4.1156
Epoch [21/60], Total Loss: 3.6859, NLL: 1.5402, Masked: 4.0944
Epoch [22/60], Total Loss: 3.6649, NLL: 1.5349, Masked: 4.0645
Epoch [23/60], Total Loss: 3.6492, NLL: 1.5323, Masked: 4.0395
Epoch [24/60], Total Loss: 3.6305, NLL: 1.5277, Masked: 4.0126
Epoch [25/60], Total Loss: 3.6119, NLL: 1.5242, Masked: 3.9837
Epoch [26/60], Total Loss: 3.6003, NLL: 1.5229, Masked: 3.9641
Epoch [27/60], Total Loss: 3.5801, NLL: 1.5195, Masked: 3.9319
Epoch [28/60], Total Loss: 3.5698, NLL: 1.5167, Masked: 3.9177
Epoch [29/60], Total Loss: 3.5512, NLL: 1.5152, Masked: 3.8850
Epoch [30/60], Total Loss: 3.5364, NLL: 1.5125, Masked: 3.8619
Epoch [31/60], Total Loss: 3.5264, NLL: 1.5100, Masked: 3.8477
Epoch [32/60], Total Loss: 3.5200, NLL: 1.5093, Masked: 3.8368
Epoch [33/60], Total Loss: 3.4984, NLL: 1.5056, Masked: 3.8025
Epoch [34/60], Total Loss: 3.4797, NLL: 1.5033, Masked: 3.7715
Epoch [35/60], Total Loss: 3.4714, NLL: 1.5026, Masked: 3.7568
Epoch [36/60], Total Loss: 3.4582, NLL: 1.5006, Masked: 3.7355
Epoch [37/60], Total Loss: 3.4497, NLL: 1.4998, Masked: 3.7207
Epoch [38/60], Total Loss: 3.4350, NLL: 1.4981, Masked: 3.6960
Epoch [39/60], Total Loss: 3.4195, NLL: 1.4952, Masked: 3.6720
Epoch [40/60], Total Loss: 3.4158, NLL: 1.4948, Masked: 3.6655
Epoch [41/60], Total Loss: 3.3981, NLL: 1.4932, Masked: 3.6350
Epoch [42/60], Total Loss: 3.3840, NLL: 1.4914, Masked: 3.6115
Epoch [43/60], Total Loss: 3.3799, NLL: 1.4909, Masked: 3.6046
Epoch [44/60], Total Loss: 3.3657, NLL: 1.4897, Masked: 3.5798
Epoch [45/60], Total Loss: 3.3558, NLL: 1.4892, Masked: 3.5618
Epoch [46/60], Total Loss: 3.3455, NLL: 1.4875, Masked: 3.5453
Epoch [47/60], Total Loss: 3.3477, NLL: 1.4868, Masked: 3.5509
Epoch [48/60], Total Loss: 3.3248, NLL: 1.4851, Masked: 3.5107
Epoch [49/60], Total Loss: 3.3175, NLL: 1.4836, Masked: 3.4994
Epoch [50/60], Total Loss: 3.3081, NLL: 1.4837, Masked: 3.4813
Epoch [51/60], Total Loss: 3.3013, NLL: 1.4829, Masked: 3.4697
Epoch [52/60], Total Loss: 3.2895, NLL: 1.4802, Masked: 3.4525
Epoch [53/60], Total Loss: 3.2821, NLL: 1.4803, Masked: 3.4383
Epoch [54/60], Total Loss: 3.2713, NLL: 1.4798, Masked: 3.4186
Epoch [55/60], Total Loss: 3.2773, NLL: 1.4779, Masked: 3.4336
Epoch [56/60], Total Loss: 3.2593, NLL: 1.4785, Masked: 3.3981
Epoch [57/60], Total Loss: 3.2601, NLL: 1.4764, Masked: 3.4036
Epoch [58/60], Total Loss: 3.2455, NLL: 1.4747, Masked: 3.3790
Epoch [59/60], Total Loss: 3.2363, NLL: 1.4756, Masked: 3.3598
Epoch [60/60], Total Loss: 3.2244, NLL: 1.4739, Masked: 3.3402

==================================================
EVALUATING ON TRAINING DATA
==================================================

==================================================
TEST RESULTS
==================================================
Total Loss: 3.074193
  - ZINB NLL: 1.449519
Total number of masked values: 390422
  - Number of values with pi >= 0.6468466428838888: 21563
  - Number of values with pi < 0.6468466428838888: 368859
  - Masked Reconstruction: 3.100181
Mean Absolute Error (MAE): 2.495441
R² Score: 0.279966
==================================================


==================================================
TEST RESULTS
==================================================
Total Loss: 4.121674
  - ZINB NLL: 1.725537
Total number of masked values: 218041
  - Number of values with pi >= 0.6468466428838888: 22208
  - Number of values with pi < 0.6468466428838888: 195833
  - Masked Reconstruction: 4.572277
Mean Absolute Error (MAE): 2.822842
R² Score: 0.124177
==================================================

Using combined metric: zinb_nll (1.725537) + masked_loss (4.572277) = 6.297814

>>> Optimizing combined on VALIDATION set: 6.297814
>>> Full validation metrics: {'total_loss': 4.1216742798842585, 'zinb_nll': 1.7255374337791145, 'mae': 2.8228423595428467, 'r2': 0.12417668104171753, 'masked_loss': 4.572276905136327}

Iteration No: 21 ended. Search finished for the next optimal point.
Time taken: 264.7221
Function value obtained: 6.2978
Current minimum: 1.5811
Iteration No: 22 started. Searching for the next optimal point.

================================================================================
Trial with parameters:
  features: Centr_Nucl
  data_point_length: 1876
  step_size: 0.3302363559262161
  bin_size: 73
  sample_fraction: 0.6140532075590721
  moving_average: True
  first_layer_size_factor: 17
  num_layers: 3
  use_conv: False
  conv_channel: 90
  pool_size: 5
  kernel_size: 3
  epochs: 114
  batch_size: 64
  pi_threshold: 0.36268601662721106
  learning_rate: 1.6169632797214084e-05
  dropout_rate: 0.3821820282238735
  masked_recon_weight: 0.4923083678984992
  regularizer: none
  regularization_weight: 3.7344626846382845
================================================================================

Creating datasets with:
  features: ['Centr', 'Nucl']
  bin_size: 73
  moving_average: True
  data_point_length: 1876 (from 1876)
  step_size: 619 (from fraction 0.3302363559262161)
  layers: [np.int64(272), np.int64(136), np.int64(68)] (first=272, num=3)
  stride: 1 (fixed), padding: same (fixed)


Clipping outliers using 95th percentile * 1.5...
strain_yTW001: Clipping values above 134.25 (P95=89.50). Clipped 27529/1193409 values (2.31%)
strain_FD: Clipping values above 71.92 (P95=47.94). Clipped 95791/4127807 values (2.32%)
strain_dnrp: Clipping values above 243.00 (P95=162.00). Clipped 25649/1119454 values (2.29%)
strain_yEK19: Clipping values above 77.10 (P95=51.40). Clipped 83713/3893623 values (2.15%)
strain_yEK23: Clipping values above 72.00 (P95=48.00). Clipped 86381/3558407 values (2.43%)
strain_yWT03a: Clipping values above 15.00 (P95=10.00). Clipped 10602/347679 values (3.05%)
strain_yWT04a: Clipping values above 58.50 (P95=39.00). Clipped 21095/725406 values (2.91%)
strain_ylic137: Clipping values above 142.50 (P95=95.00). Clipped 28746/1112684 values (2.58%)
Standardizing features: ['Centr', 'Nucl']
Column order in final array (Dataset/Chrom split): ['Value', 'Nucleosome_Distance', 'Centromere_Distance', 'Value_Raw', 'Size_Factor']
Removing 0 empty data points out of 83584
Column order in final array (Dataset/Chrom split): ['Value', 'Nucleosome_Distance', 'Centromere_Distance', 'Value_Raw', 'Size_Factor']
Removing 0 empty data points out of 26504
Column order in final array (Dataset/Chrom split): ['Value', 'Nucleosome_Distance', 'Centromere_Distance', 'Value_Raw', 'Size_Factor']
Removing 0 empty data points out of 45704
Datasets created:
  Train: (83584, 1876, 5), Val: (26504, 1876, 5), Test: (45704, 1876, 5)

Randomly sampled 51325/83584 samples (61.4%)
Applied denoising with 15.0% masking
Applied denoising with 15.0% masking
Applied denoising with 15.0% masking
Epoch [1/114], Total Loss: 6.1014, NLL: 2.3024, Masked: 7.7166
Epoch [2/114], Total Loss: 3.2463, NLL: 2.0763, Masked: 2.3764
Epoch [3/114], Total Loss: 3.1876, NLL: 2.0379, Masked: 2.3353
Epoch [4/114], Total Loss: 3.1258, NLL: 2.0051, Masked: 2.2765
Epoch [5/114], Total Loss: 3.0562, NLL: 1.9620, Masked: 2.2227
Epoch [6/114], Total Loss: 2.9592, NLL: 1.8895, Masked: 2.1728
Epoch [7/114], Total Loss: 2.8685, NLL: 1.8321, Masked: 2.1052
Epoch [8/114], Total Loss: 2.8261, NLL: 1.8097, Masked: 2.0646
Epoch [9/114], Total Loss: 2.8083, NLL: 1.7995, Masked: 2.0491
Epoch [10/114], Total Loss: 2.7960, NLL: 1.7938, Masked: 2.0358
Epoch [11/114], Total Loss: 2.7885, NLL: 1.7898, Masked: 2.0285
Epoch [12/114], Total Loss: 2.7829, NLL: 1.7868, Masked: 2.0235
Epoch [13/114], Total Loss: 2.7789, NLL: 1.7847, Masked: 2.0195
Epoch [14/114], Total Loss: 2.7753, NLL: 1.7826, Masked: 2.0164
Epoch [15/114], Total Loss: 2.7715, NLL: 1.7804, Masked: 2.0131
Epoch [16/114], Total Loss: 2.7678, NLL: 1.7790, Masked: 2.0085
Epoch [17/114], Total Loss: 2.7649, NLL: 1.7774, Masked: 2.0058
Epoch [18/114], Total Loss: 2.7616, NLL: 1.7757, Masked: 2.0026
Epoch [19/114], Total Loss: 2.7603, NLL: 1.7752, Masked: 2.0011
Epoch [20/114], Total Loss: 2.7586, NLL: 1.7740, Masked: 1.9999
Epoch [21/114], Total Loss: 2.7562, NLL: 1.7731, Masked: 1.9970
Epoch [22/114], Total Loss: 2.7540, NLL: 1.7720, Masked: 1.9946
Epoch [23/114], Total Loss: 2.7548, NLL: 1.7723, Masked: 1.9957
Epoch [24/114], Total Loss: 2.7528, NLL: 1.7712, Masked: 1.9939
Epoch [25/114], Total Loss: 2.7529, NLL: 1.7713, Masked: 1.9939
Epoch [26/114], Total Loss: 2.7505, NLL: 1.7704, Masked: 1.9909
Epoch [27/114], Total Loss: 2.7502, NLL: 1.7701, Masked: 1.9909
Epoch [28/114], Total Loss: 2.7495, NLL: 1.7698, Masked: 1.9899
Epoch [29/114], Total Loss: 2.7493, NLL: 1.7696, Masked: 1.9899
Epoch [30/114], Total Loss: 2.7487, NLL: 1.7693, Masked: 1.9896
Epoch [31/114], Total Loss: 2.7482, NLL: 1.7693, Masked: 1.9884
Epoch [32/114], Total Loss: 2.7468, NLL: 1.7685, Masked: 1.9872
Epoch [33/114], Total Loss: 2.7461, NLL: 1.7682, Masked: 1.9864
Epoch [34/114], Total Loss: 2.7460, NLL: 1.7684, Masked: 1.9857
Epoch [35/114], Total Loss: 2.7464, NLL: 1.7684, Masked: 1.9864
Epoch [36/114], Total Loss: 2.7460, NLL: 1.7682, Masked: 1.9862
Epoch [37/114], Total Loss: 2.7454, NLL: 1.7680, Masked: 1.9853
Epoch [38/114], Total Loss: 2.7439, NLL: 1.7675, Masked: 1.9833
Epoch [39/114], Total Loss: 2.7447, NLL: 1.7677, Masked: 1.9847
Epoch [40/114], Total Loss: 2.7441, NLL: 1.7675, Masked: 1.9836
Epoch [41/114], Total Loss: 2.7435, NLL: 1.7676, Masked: 1.9823
Epoch [42/114], Total Loss: 2.7431, NLL: 1.7672, Masked: 1.9822
Epoch [43/114], Total Loss: 2.7427, NLL: 1.7673, Masked: 1.9814
Epoch [44/114], Total Loss: 2.7428, NLL: 1.7670, Masked: 1.9819
Epoch [45/114], Total Loss: 2.7424, NLL: 1.7670, Masked: 1.9811
Epoch [46/114], Total Loss: 2.7418, NLL: 1.7667, Masked: 1.9806
Epoch [47/114], Total Loss: 2.7417, NLL: 1.7668, Masked: 1.9803
Epoch [48/114], Total Loss: 2.7411, NLL: 1.7664, Masked: 1.9798
Epoch [49/114], Total Loss: 2.7407, NLL: 1.7664, Masked: 1.9791
Epoch [50/114], Total Loss: 2.7405, NLL: 1.7663, Masked: 1.9788
Epoch [51/114], Total Loss: 2.7408, NLL: 1.7663, Masked: 1.9794
Epoch [52/114], Total Loss: 2.7393, NLL: 1.7658, Masked: 1.9774
Epoch [53/114], Total Loss: 2.7394, NLL: 1.7655, Masked: 1.9782
Epoch [54/114], Total Loss: 2.7392, NLL: 1.7658, Masked: 1.9773
Epoch [55/114], Total Loss: 2.7398, NLL: 1.7660, Masked: 1.9779
Epoch [56/114], Total Loss: 2.7391, NLL: 1.7656, Masked: 1.9775
Epoch [57/114], Total Loss: 2.7385, NLL: 1.7654, Masked: 1.9767
Epoch [58/114], Total Loss: 2.7372, NLL: 1.7649, Masked: 1.9750
Epoch [59/114], Total Loss: 2.7372, NLL: 1.7652, Masked: 1.9745
Epoch [60/114], Total Loss: 2.7369, NLL: 1.7650, Masked: 1.9742
Epoch [61/114], Total Loss: 2.7358, NLL: 1.7644, Masked: 1.9731
Epoch [62/114], Total Loss: 2.7345, NLL: 1.7638, Masked: 1.9717
Epoch [63/114], Total Loss: 2.7326, NLL: 1.7627, Masked: 1.9702
Epoch [64/114], Total Loss: 2.7277, NLL: 1.7601, Masked: 1.9654
Epoch [65/114], Total Loss: 2.7189, NLL: 1.7555, Masked: 1.9568
Epoch [66/114], Total Loss: 2.7030, NLL: 1.7476, Masked: 1.9406
Epoch [67/114], Total Loss: 2.6888, NLL: 1.7406, Masked: 1.9260
Epoch [68/114], Total Loss: 2.6788, NLL: 1.7356, Masked: 1.9158
Epoch [69/114], Total Loss: 2.6731, NLL: 1.7331, Masked: 1.9094
Epoch [70/114], Total Loss: 2.6688, NLL: 1.7306, Masked: 1.9058
Epoch [71/114], Total Loss: 2.6643, NLL: 1.7284, Masked: 1.9011
Epoch [72/114], Total Loss: 2.6616, NLL: 1.7270, Masked: 1.8984
Epoch [73/114], Total Loss: 2.6588, NLL: 1.7254, Masked: 1.8960
Epoch [74/114], Total Loss: 2.6546, NLL: 1.7237, Masked: 1.8909
Epoch [75/114], Total Loss: 2.6509, NLL: 1.7216, Masked: 1.8876
Epoch [76/114], Total Loss: 2.6475, NLL: 1.7203, Masked: 1.8835
Epoch [77/114], Total Loss: 2.6421, NLL: 1.7174, Masked: 1.8784
Epoch [78/114], Total Loss: 2.6356, NLL: 1.7143, Masked: 1.8714
Epoch [79/114], Total Loss: 2.6278, NLL: 1.7103, Masked: 1.8635
Epoch [80/114], Total Loss: 2.6188, NLL: 1.7061, Masked: 1.8539
Epoch [81/114], Total Loss: 2.6120, NLL: 1.7028, Masked: 1.8468
Epoch [82/114], Total Loss: 2.6059, NLL: 1.6999, Masked: 1.8405
Epoch [83/114], Total Loss: 2.6022, NLL: 1.6981, Masked: 1.8366
Epoch [84/114], Total Loss: 2.5997, NLL: 1.6968, Masked: 1.8340
Epoch [85/114], Total Loss: 2.5964, NLL: 1.6953, Masked: 1.8304
Epoch [86/114], Total Loss: 2.5940, NLL: 1.6940, Masked: 1.8282
Epoch [87/114], Total Loss: 2.5923, NLL: 1.6933, Masked: 1.8261
Epoch [88/114], Total Loss: 2.5903, NLL: 1.6921, Masked: 1.8245
Epoch [89/114], Total Loss: 2.5884, NLL: 1.6915, Masked: 1.8217
Epoch [90/114], Total Loss: 2.5872, NLL: 1.6908, Masked: 1.8209
Epoch [91/114], Total Loss: 2.5858, NLL: 1.6900, Masked: 1.8195
Epoch [92/114], Total Loss: 2.5837, NLL: 1.6892, Masked: 1.8170
Epoch [93/114], Total Loss: 2.5836, NLL: 1.6889, Masked: 1.8173
Epoch [94/114], Total Loss: 2.5811, NLL: 1.6878, Masked: 1.8144
Epoch [95/114], Total Loss: 2.5802, NLL: 1.6875, Masked: 1.8133
Epoch [96/114], Total Loss: 2.5781, NLL: 1.6864, Masked: 1.8113
Epoch [97/114], Total Loss: 2.5773, NLL: 1.6861, Masked: 1.8102
Epoch [98/114], Total Loss: 2.5762, NLL: 1.6857, Masked: 1.8087
Epoch [99/114], Total Loss: 2.5751, NLL: 1.6852, Masked: 1.8077
Epoch [100/114], Total Loss: 2.5737, NLL: 1.6842, Masked: 1.8067
Epoch [101/114], Total Loss: 2.5742, NLL: 1.6844, Masked: 1.8072
Epoch [102/114], Total Loss: 2.5716, NLL: 1.6836, Masked: 1.8037
Epoch [103/114], Total Loss: 2.5717, NLL: 1.6834, Masked: 1.8044
Epoch [104/114], Total Loss: 2.5704, NLL: 1.6831, Masked: 1.8024
Epoch [105/114], Total Loss: 2.5692, NLL: 1.6825, Masked: 1.8011
Epoch [106/114], Total Loss: 2.5687, NLL: 1.6823, Masked: 1.8005
Epoch [107/114], Total Loss: 2.5680, NLL: 1.6818, Masked: 1.7999
Epoch [108/114], Total Loss: 2.5676, NLL: 1.6817, Masked: 1.7994
Epoch [109/114], Total Loss: 2.5656, NLL: 1.6808, Masked: 1.7972
Epoch [110/114], Total Loss: 2.5654, NLL: 1.6807, Masked: 1.7971
Epoch [111/114], Total Loss: 2.5651, NLL: 1.6806, Masked: 1.7966
Epoch [112/114], Total Loss: 2.5639, NLL: 1.6799, Masked: 1.7956
Epoch [113/114], Total Loss: 2.5628, NLL: 1.6795, Masked: 1.7941
Epoch [114/114], Total Loss: 2.5622, NLL: 1.6793, Masked: 1.7935

==================================================
EVALUATING ON TRAINING DATA
==================================================

==================================================
TEST RESULTS
==================================================
Total Loss: 2.503922
  - ZINB NLL: 1.650571
Total number of masked values: 12860714
  - Number of values with pi >= 0.36268601662721106: 0
  - Number of values with pi < 0.36268601662721106: 12860714
  - Masked Reconstruction: 1.733367
Mean Absolute Error (MAE): 1.663209
R² Score: 0.471962
==================================================


==================================================
TEST RESULTS
==================================================
Total Loss: 2.679460
  - ZINB NLL: 1.738185
Total number of masked values: 6586296
  - Number of values with pi >= 0.36268601662721106: 0
  - Number of values with pi < 0.36268601662721106: 6586296
  - Masked Reconstruction: 1.911962
Mean Absolute Error (MAE): 1.866874
R² Score: 0.259193
==================================================

Using combined metric: zinb_nll (1.738185) + masked_loss (1.911962) = 3.650146

>>> Optimizing combined on VALIDATION set: 3.650146
>>> Full validation metrics: {'total_loss': 2.6794595703271233, 'zinb_nll': 1.7381848425725561, 'mae': 1.8668737411499023, 'r2': 0.259193480014801, 'masked_loss': 1.911961638348145}

Iteration No: 22 ended. Search finished for the next optimal point.
Time taken: 1067.4433
Function value obtained: 3.6501
Current minimum: 1.5811
Iteration No: 23 started. Searching for the next optimal point.

================================================================================
Trial with parameters:
  features: Nucl
  data_point_length: 3863
  step_size: 0.6920341774412697
  bin_size: 71
  sample_fraction: 0.9477872277687304
  moving_average: False
  first_layer_size_factor: 53
  num_layers: 2
  use_conv: True
  conv_channel: 43
  pool_size: 5
  kernel_size: 5
  epochs: 43
  batch_size: 128
  pi_threshold: 0.3229002380331391
  learning_rate: 9.767995718177945e-05
  dropout_rate: 0.12724465025222428
  masked_recon_weight: 0.001191204126459332
  regularizer: l1
  regularization_weight: 0.004772468906418451
================================================================================

Creating datasets with:
  features: ['Nucl']
  bin_size: 71
  moving_average: False
  data_point_length: 54 (from 3863)
  step_size: 37 (from fraction 0.6920341774412697)
  layers: [np.int64(848), np.int64(424)] (first=848, num=2)
  stride: 1 (fixed), padding: same (fixed)


Clipping outliers using 95th percentile * 1.5...
strain_yTW001: Clipping values above 134.25 (P95=89.50). Clipped 27529/1193409 values (2.31%)
strain_FD: Clipping values above 71.92 (P95=47.94). Clipped 95791/4127807 values (2.32%)
strain_dnrp: Clipping values above 243.00 (P95=162.00). Clipped 25649/1119454 values (2.29%)
strain_yEK19: Clipping values above 77.10 (P95=51.40). Clipped 83713/3893623 values (2.15%)
strain_yEK23: Clipping values above 72.00 (P95=48.00). Clipped 86381/3558407 values (2.43%)
strain_yWT03a: Clipping values above 15.00 (P95=10.00). Clipped 10602/347679 values (3.05%)
strain_yWT04a: Clipping values above 58.50 (P95=39.00). Clipped 21095/725406 values (2.91%)
strain_ylic137: Clipping values above 142.50 (P95=95.00). Clipped 28746/1112684 values (2.58%)
Standardizing features: ['Nucl']
Column order in final array (Dataset/Chrom split): ['Value', 'Nucleosome_Distance', 'Value_Raw', 'Size_Factor']
Removing 0 empty data points out of 19736
Column order in final array (Dataset/Chrom split): ['Value', 'Nucleosome_Distance', 'Value_Raw', 'Size_Factor']
Removing 0 empty data points out of 6256
Column order in final array (Dataset/Chrom split): ['Value', 'Nucleosome_Distance', 'Value_Raw', 'Size_Factor']
Removing 0 empty data points out of 10784
Datasets created:
  Train: (19736, 54, 4), Val: (6256, 54, 4), Test: (10784, 54, 4)

Randomly sampled 18705/19736 samples (94.8%)
Applied denoising with 15.0% masking
Applied denoising with 15.0% masking
Applied denoising with 15.0% masking
Epoch [1/43], Total Loss: 85.3384, NLL: 3.1472, Masked: 27.3702, Reg: 82.158505
Epoch [2/43], Total Loss: 35.2586, NLL: 3.1379, Masked: 26.9682, Reg: 32.088600
Epoch [3/43], Total Loss: 10.4322, NLL: 3.1285, Masked: 26.5673, Reg: 7.272114
Epoch [4/43], Total Loss: 4.1309, NLL: 3.1192, Masked: 26.1724, Reg: 0.980525
Epoch [5/43], Total Loss: 3.9531, NLL: 3.1099, Masked: 25.7862, Reg: 0.812480
Epoch [6/43], Total Loss: 3.9181, NLL: 3.1007, Masked: 25.4014, Reg: 0.787081
Epoch [7/43], Total Loss: 3.8845, NLL: 3.0916, Masked: 25.0256, Reg: 0.763088
Epoch [8/43], Total Loss: 3.8526, NLL: 3.0825, Masked: 24.6556, Reg: 0.740648
Epoch [9/43], Total Loss: 3.8223, NLL: 3.0736, Masked: 24.2896, Reg: 0.719829
Epoch [10/43], Total Loss: 3.7936, NLL: 3.0646, Masked: 23.9318, Reg: 0.700500
Epoch [11/43], Total Loss: 3.7669, NLL: 3.0558, Masked: 23.5819, Reg: 0.683032
Epoch [12/43], Total Loss: 3.7417, NLL: 3.0470, Masked: 23.2304, Reg: 0.667081
Epoch [13/43], Total Loss: 3.7183, NLL: 3.0382, Masked: 22.8913, Reg: 0.652791
Epoch [14/43], Total Loss: 3.6962, NLL: 3.0296, Masked: 22.5549, Reg: 0.639740
Epoch [15/43], Total Loss: 3.6755, NLL: 3.0210, Masked: 22.2202, Reg: 0.628126
Epoch [16/43], Total Loss: 3.6569, NLL: 3.0124, Masked: 21.8966, Reg: 0.618406
Epoch [17/43], Total Loss: 3.6395, NLL: 3.0039, Masked: 21.5743, Reg: 0.609918
Epoch [18/43], Total Loss: 3.6236, NLL: 2.9955, Masked: 21.2588, Reg: 0.602749
Epoch [19/43], Total Loss: 3.6090, NLL: 2.9872, Masked: 20.9488, Reg: 0.596862
Epoch [20/43], Total Loss: 3.5956, NLL: 2.9788, Masked: 20.6410, Reg: 0.592147
Epoch [21/43], Total Loss: 3.5840, NLL: 2.9706, Masked: 20.3386, Reg: 0.589122
Epoch [22/43], Total Loss: 3.5742, NLL: 2.9625, Masked: 20.0427, Reg: 0.587827
Epoch [23/43], Total Loss: 3.5656, NLL: 2.9543, Masked: 19.7488, Reg: 0.587702
Epoch [24/43], Total Loss: 3.5573, NLL: 2.9463, Masked: 19.4590, Reg: 0.587800
Epoch [25/43], Total Loss: 3.5490, NLL: 2.9383, Masked: 19.1750, Reg: 0.587880
Epoch [26/43], Total Loss: 3.5408, NLL: 2.9303, Masked: 18.8935, Reg: 0.587969
Epoch [27/43], Total Loss: 3.5327, NLL: 2.9225, Masked: 18.6193, Reg: 0.588071
Epoch [28/43], Total Loss: 3.5247, NLL: 2.9147, Masked: 18.3457, Reg: 0.588174
Epoch [29/43], Total Loss: 3.5167, NLL: 2.9069, Masked: 18.0790, Reg: 0.588277
Epoch [30/43], Total Loss: 3.5088, NLL: 2.8992, Masked: 17.8145, Reg: 0.588358
Epoch [31/43], Total Loss: 3.5010, NLL: 2.8916, Masked: 17.5585, Reg: 0.588449
Epoch [32/43], Total Loss: 3.4932, NLL: 2.8840, Masked: 17.3016, Reg: 0.588548
Epoch [33/43], Total Loss: 3.4855, NLL: 2.8765, Masked: 17.0498, Reg: 0.588665
Epoch [34/43], Total Loss: 3.4779, NLL: 2.8691, Masked: 16.8023, Reg: 0.588767
Epoch [35/43], Total Loss: 3.4703, NLL: 2.8617, Masked: 16.5557, Reg: 0.588924
Epoch [36/43], Total Loss: 3.4628, NLL: 2.8543, Masked: 16.3183, Reg: 0.589049
Epoch [37/43], Total Loss: 3.4554, NLL: 2.8471, Masked: 16.0824, Reg: 0.589169
Epoch [38/43], Total Loss: 3.4480, NLL: 2.8399, Masked: 15.8469, Reg: 0.589280
Epoch [39/43], Total Loss: 3.4408, NLL: 2.8327, Masked: 15.6177, Reg: 0.589431
Epoch [40/43], Total Loss: 3.4336, NLL: 2.8257, Masked: 15.3932, Reg: 0.589577
Epoch [41/43], Total Loss: 3.4265, NLL: 2.8187, Masked: 15.1673, Reg: 0.589734
Epoch [42/43], Total Loss: 3.4194, NLL: 2.8117, Masked: 14.9503, Reg: 0.589881
Epoch [43/43], Total Loss: 3.4124, NLL: 2.8048, Masked: 14.7350, Reg: 0.590032

==================================================
EVALUATING ON TRAINING DATA
==================================================

==================================================
TEST RESULTS
==================================================
Total Loss: 3.408920
  - ZINB NLL: 2.801356
Total number of masked values: 127246
  - Number of values with pi >= 0.3229002380331391: 0
  - Number of values with pi < 0.3229002380331391: 127246
  - Masked Reconstruction: 14.626539
  - Regularization: 0.590141
Mean Absolute Error (MAE): 13.989511
R² Score: -13.694831
==================================================


==================================================
TEST RESULTS
==================================================
Total Loss: 3.406789
  - ZINB NLL: 2.799905
Total number of masked values: 42068
  - Number of values with pi >= 0.3229002380331391: 0
  - Number of values with pi < 0.3229002380331391: 42068
  - Masked Reconstruction: 14.055501
  - Regularization: 0.590141
Mean Absolute Error (MAE): 14.159259
R² Score: -7.520474
==================================================

Using combined metric: zinb_nll (2.799905) + masked_loss (14.055501) = 16.855406

>>> Optimizing combined on VALIDATION set: 16.855406
>>> Full validation metrics: {'total_loss': 3.4067893796564674, 'zinb_nll': 2.7999052727009026, 'mae': 14.159258842468262, 'r2': -7.520474433898926, 'masked_loss': 14.055500930532471, 'reg_loss': 0.5901411296503805}

Iteration No: 23 ended. Search finished for the next optimal point.
Time taken: 78.7611
Function value obtained: 16.8554
Current minimum: 1.5811
Iteration No: 24 started. Searching for the next optimal point.

================================================================================
Trial with parameters:
  features: Nucl
  data_point_length: 3856
  step_size: 0.6911870535831453
  bin_size: 71
  sample_fraction: 0.9468896218288775
  moving_average: False
  first_layer_size_factor: 52
  num_layers: 2
  use_conv: True
  conv_channel: 43
  pool_size: 5
  kernel_size: 5
  epochs: 43
  batch_size: 128
  pi_threshold: 0.32327641490499553
  learning_rate: 9.820717599134337e-05
  dropout_rate: 0.12569939985837308
  masked_recon_weight: 0.0011569401370015474
  regularizer: l1
  regularization_weight: 0.004677696537362986
================================================================================

Creating datasets with:
  features: ['Nucl']
  bin_size: 71
  moving_average: False
  data_point_length: 54 (from 3856)
  step_size: 37 (from fraction 0.6911870535831453)
  layers: [np.int64(832), np.int64(416)] (first=832, num=2)
  stride: 1 (fixed), padding: same (fixed)


Clipping outliers using 95th percentile * 1.5...
strain_yTW001: Clipping values above 134.25 (P95=89.50). Clipped 27529/1193409 values (2.31%)
strain_FD: Clipping values above 71.92 (P95=47.94). Clipped 95791/4127807 values (2.32%)
strain_dnrp: Clipping values above 243.00 (P95=162.00). Clipped 25649/1119454 values (2.29%)
strain_yEK19: Clipping values above 77.10 (P95=51.40). Clipped 83713/3893623 values (2.15%)
strain_yEK23: Clipping values above 72.00 (P95=48.00). Clipped 86381/3558407 values (2.43%)
strain_yWT03a: Clipping values above 15.00 (P95=10.00). Clipped 10602/347679 values (3.05%)
strain_yWT04a: Clipping values above 58.50 (P95=39.00). Clipped 21095/725406 values (2.91%)
strain_ylic137: Clipping values above 142.50 (P95=95.00). Clipped 28746/1112684 values (2.58%)
Standardizing features: ['Nucl']
Column order in final array (Dataset/Chrom split): ['Value', 'Nucleosome_Distance', 'Value_Raw', 'Size_Factor']
Removing 0 empty data points out of 19736
Column order in final array (Dataset/Chrom split): ['Value', 'Nucleosome_Distance', 'Value_Raw', 'Size_Factor']
Removing 0 empty data points out of 6256
Column order in final array (Dataset/Chrom split): ['Value', 'Nucleosome_Distance', 'Value_Raw', 'Size_Factor']
Removing 0 empty data points out of 10784
Datasets created:
  Train: (19736, 54, 4), Val: (6256, 54, 4), Test: (10784, 54, 4)

Randomly sampled 18687/19736 samples (94.7%)
Applied denoising with 15.0% masking
Applied denoising with 15.0% masking
Applied denoising with 15.0% masking
Epoch [1/43], Total Loss: 81.7313, NLL: 3.1475, Masked: 27.3835, Reg: 78.552085
Epoch [2/43], Total Loss: 34.1524, NLL: 3.1381, Masked: 26.9873, Reg: 30.983066
Epoch [3/43], Total Loss: 10.3228, NLL: 3.1288, Masked: 26.5861, Reg: 7.163300
Epoch [4/43], Total Loss: 4.1326, NLL: 3.1195, Masked: 26.1905, Reg: 0.982879
Epoch [5/43], Total Loss: 3.9411, NLL: 3.1102, Masked: 25.7998, Reg: 0.801074
Epoch [6/43], Total Loss: 3.9075, NLL: 3.1010, Masked: 25.4183, Reg: 0.777012
Epoch [7/43], Total Loss: 3.8753, NLL: 3.0919, Masked: 25.0419, Reg: 0.754361
Epoch [8/43], Total Loss: 3.8444, NLL: 3.0829, Masked: 24.6674, Reg: 0.732972
Epoch [9/43], Total Loss: 3.8148, NLL: 3.0739, Masked: 24.3075, Reg: 0.712761
Epoch [10/43], Total Loss: 3.7864, NLL: 3.0650, Masked: 23.9489, Reg: 0.693719
Epoch [11/43], Total Loss: 3.7594, NLL: 3.0561, Masked: 23.5949, Reg: 0.676006
Epoch [12/43], Total Loss: 3.7337, NLL: 3.0474, Masked: 23.2483, Reg: 0.659469
Epoch [13/43], Total Loss: 3.7094, NLL: 3.0386, Masked: 22.9073, Reg: 0.644238
Epoch [14/43], Total Loss: 3.6867, NLL: 3.0300, Masked: 22.5689, Reg: 0.630650
Epoch [15/43], Total Loss: 3.6658, NLL: 3.0214, Masked: 22.2368, Reg: 0.618691
Epoch [16/43], Total Loss: 3.6462, NLL: 3.0128, Masked: 21.9102, Reg: 0.608054
Epoch [17/43], Total Loss: 3.6280, NLL: 3.0044, Masked: 21.5887, Reg: 0.598707
Epoch [18/43], Total Loss: 3.6114, NLL: 2.9959, Masked: 21.2717, Reg: 0.590877
Epoch [19/43], Total Loss: 3.5964, NLL: 2.9876, Masked: 20.9620, Reg: 0.584518
Epoch [20/43], Total Loss: 3.5830, NLL: 2.9793, Masked: 20.6549, Reg: 0.579832
Epoch [21/43], Total Loss: 3.5712, NLL: 2.9711, Masked: 20.3531, Reg: 0.576550
Epoch [22/43], Total Loss: 3.5609, NLL: 2.9629, Masked: 20.0544, Reg: 0.574750
Epoch [23/43], Total Loss: 3.5520, NLL: 2.9548, Masked: 19.7614, Reg: 0.574394
Epoch [24/43], Total Loss: 3.5437, NLL: 2.9467, Masked: 19.4766, Reg: 0.574479
Epoch [25/43], Total Loss: 3.5355, NLL: 2.9387, Masked: 19.1907, Reg: 0.574573
Epoch [26/43], Total Loss: 3.5273, NLL: 2.9308, Masked: 18.9075, Reg: 0.574651
Epoch [27/43], Total Loss: 3.5193, NLL: 2.9229, Masked: 18.6339, Reg: 0.574760
Epoch [28/43], Total Loss: 3.5112, NLL: 2.9151, Masked: 18.3629, Reg: 0.574863
Epoch [29/43], Total Loss: 3.5033, NLL: 2.9074, Masked: 18.0937, Reg: 0.574976
Epoch [30/43], Total Loss: 3.4954, NLL: 2.8997, Masked: 17.8320, Reg: 0.575072
Epoch [31/43], Total Loss: 3.4876, NLL: 2.8921, Masked: 17.5721, Reg: 0.575167
Epoch [32/43], Total Loss: 3.4798, NLL: 2.8845, Masked: 17.3162, Reg: 0.575274
Epoch [33/43], Total Loss: 3.4721, NLL: 2.8770, Masked: 17.0650, Reg: 0.575402
Epoch [34/43], Total Loss: 3.4645, NLL: 2.8695, Masked: 16.8154, Reg: 0.575511
Epoch [35/43], Total Loss: 3.4570, NLL: 2.8622, Masked: 16.5710, Reg: 0.575649
Epoch [36/43], Total Loss: 3.4495, NLL: 2.8548, Masked: 16.3299, Reg: 0.575802
Epoch [37/43], Total Loss: 3.4421, NLL: 2.8475, Masked: 16.0932, Reg: 0.575936
Epoch [38/43], Total Loss: 3.4348, NLL: 2.8404, Masked: 15.8603, Reg: 0.576067
Epoch [39/43], Total Loss: 3.4275, NLL: 2.8332, Masked: 15.6310, Reg: 0.576197
Epoch [40/43], Total Loss: 3.4203, NLL: 2.8261, Masked: 15.4026, Reg: 0.576351
Epoch [41/43], Total Loss: 3.4132, NLL: 2.8191, Masked: 15.1807, Reg: 0.576518
Epoch [42/43], Total Loss: 3.4062, NLL: 2.8122, Masked: 14.9594, Reg: 0.576681
Epoch [43/43], Total Loss: 3.3992, NLL: 2.8053, Masked: 14.7439, Reg: 0.576860

==================================================
EVALUATING ON TRAINING DATA
==================================================

==================================================
TEST RESULTS
==================================================
Total Loss: 3.395605
  - ZINB NLL: 2.801812
Total number of masked values: 127134
  - Number of values with pi >= 0.32327641490499553: 0
  - Number of values with pi < 0.32327641490499553: 127134
  - Masked Reconstruction: 14.634676
  - Regularization: 0.576861
Mean Absolute Error (MAE): 14.002114
R² Score: -13.761214
==================================================


==================================================
TEST RESULTS
==================================================
Total Loss: 3.393193
  - ZINB NLL: 2.800030
Total number of masked values: 42068
  - Number of values with pi >= 0.32327641490499553: 0
  - Number of values with pi < 0.32327641490499553: 42068
  - Masked Reconstruction: 14.090154
  - Regularization: 0.576861
Mean Absolute Error (MAE): 14.167673
R² Score: -7.530312
==================================================

Using combined metric: zinb_nll (2.800030) + masked_loss (14.090154) = 16.890184

>>> Optimizing combined on VALIDATION set: 16.890184
>>> Full validation metrics: {'total_loss': 3.393192615655377, 'zinb_nll': 2.8000297217112977, 'mae': 14.167673110961914, 'r2': -7.530311584472656, 'masked_loss': 14.090154452701968, 'reg_loss': 0.5768614226063997}

Iteration No: 24 ended. Search finished for the next optimal point.
Time taken: 78.7798
Function value obtained: 16.8902
Current minimum: 1.5811
Iteration No: 25 started. Searching for the next optimal point.

================================================================================
Trial with parameters:
  features: Nucl
  data_point_length: 3849
  step_size: 0.6904846023827897
  bin_size: 71
  sample_fraction: 0.9540248808115982
  moving_average: False
  first_layer_size_factor: 53
  num_layers: 2
  use_conv: True
  conv_channel: 42
  pool_size: 5
  kernel_size: 5
  epochs: 43
  batch_size: 128
  pi_threshold: 0.3137929299783724
  learning_rate: 9.841624386392185e-05
  dropout_rate: 0.11521590241703888
  masked_recon_weight: 0.0012994585163252587
  regularizer: l1
  regularization_weight: 0.005026008857849005
================================================================================

Creating datasets with:
  features: ['Nucl']
  bin_size: 71
  moving_average: False
  data_point_length: 54 (from 3849)
  step_size: 37 (from fraction 0.6904846023827897)
  layers: [np.int64(848), np.int64(424)] (first=848, num=2)
  stride: 1 (fixed), padding: same (fixed)


Clipping outliers using 95th percentile * 1.5...
strain_yTW001: Clipping values above 134.25 (P95=89.50). Clipped 27529/1193409 values (2.31%)
strain_FD: Clipping values above 71.92 (P95=47.94). Clipped 95791/4127807 values (2.32%)
strain_dnrp: Clipping values above 243.00 (P95=162.00). Clipped 25649/1119454 values (2.29%)
strain_yEK19: Clipping values above 77.10 (P95=51.40). Clipped 83713/3893623 values (2.15%)
strain_yEK23: Clipping values above 72.00 (P95=48.00). Clipped 86381/3558407 values (2.43%)
strain_yWT03a: Clipping values above 15.00 (P95=10.00). Clipped 10602/347679 values (3.05%)
strain_yWT04a: Clipping values above 58.50 (P95=39.00). Clipped 21095/725406 values (2.91%)
strain_ylic137: Clipping values above 142.50 (P95=95.00). Clipped 28746/1112684 values (2.58%)
Standardizing features: ['Nucl']
Column order in final array (Dataset/Chrom split): ['Value', 'Nucleosome_Distance', 'Value_Raw', 'Size_Factor']
Removing 0 empty data points out of 19736
Column order in final array (Dataset/Chrom split): ['Value', 'Nucleosome_Distance', 'Value_Raw', 'Size_Factor']
Removing 0 empty data points out of 6256
Column order in final array (Dataset/Chrom split): ['Value', 'Nucleosome_Distance', 'Value_Raw', 'Size_Factor']
Removing 0 empty data points out of 10784
Datasets created:
  Train: (19736, 54, 4), Val: (6256, 54, 4), Test: (10784, 54, 4)

Randomly sampled 18828/19736 samples (95.4%)
Applied denoising with 15.0% masking
Applied denoising with 15.0% masking
Applied denoising with 15.0% masking
Epoch [1/43], Total Loss: 88.9921, NLL: 3.1470, Masked: 27.3871, Reg: 85.809534
Epoch [2/43], Total Loss: 36.2783, NLL: 3.1373, Masked: 26.9821, Reg: 33.105954
Epoch [3/43], Total Loss: 10.4839, NLL: 3.1277, Masked: 26.5690, Reg: 7.321606
Epoch [4/43], Total Loss: 4.1386, NLL: 3.1183, Masked: 26.1688, Reg: 0.986336
Epoch [5/43], Total Loss: 3.9807, NLL: 3.1089, Masked: 25.7750, Reg: 0.838261
Epoch [6/43], Total Loss: 3.9453, NLL: 3.0996, Masked: 25.3868, Reg: 0.812731
Epoch [7/43], Total Loss: 3.9115, NLL: 3.0904, Masked: 25.0071, Reg: 0.788595
Epoch [8/43], Total Loss: 3.8791, NLL: 3.0812, Masked: 24.6321, Reg: 0.765874
Epoch [9/43], Total Loss: 3.8489, NLL: 3.0722, Masked: 24.2635, Reg: 0.745177
Epoch [10/43], Total Loss: 3.8208, NLL: 3.0631, Masked: 23.9022, Reg: 0.726586
Epoch [11/43], Total Loss: 3.7946, NLL: 3.0542, Masked: 23.5420, Reg: 0.709838
Epoch [12/43], Total Loss: 3.7699, NLL: 3.0453, Masked: 23.1917, Reg: 0.694458
Epoch [13/43], Total Loss: 3.7468, NLL: 3.0365, Masked: 22.8477, Reg: 0.680623
Epoch [14/43], Total Loss: 3.7251, NLL: 3.0277, Masked: 22.5077, Reg: 0.668142
Epoch [15/43], Total Loss: 3.7046, NLL: 3.0190, Masked: 22.1735, Reg: 0.656781
Epoch [16/43], Total Loss: 3.6856, NLL: 3.0104, Masked: 21.8446, Reg: 0.646858
Epoch [17/43], Total Loss: 3.6681, NLL: 3.0018, Masked: 21.5152, Reg: 0.638287
Epoch [18/43], Total Loss: 3.6518, NLL: 2.9933, Masked: 21.2003, Reg: 0.630915
Epoch [19/43], Total Loss: 3.6373, NLL: 2.9848, Masked: 20.8813, Reg: 0.625339
Epoch [20/43], Total Loss: 3.6248, NLL: 2.9765, Masked: 20.5735, Reg: 0.621589
Epoch [21/43], Total Loss: 3.6140, NLL: 2.9682, Masked: 20.2686, Reg: 0.619482
Epoch [22/43], Total Loss: 3.6046, NLL: 2.9599, Masked: 19.9687, Reg: 0.618711
Epoch [23/43], Total Loss: 3.5960, NLL: 2.9517, Masked: 19.6742, Reg: 0.618701
Epoch [24/43], Total Loss: 3.5876, NLL: 2.9436, Masked: 19.3814, Reg: 0.618741
Epoch [25/43], Total Loss: 3.5792, NLL: 2.9356, Masked: 19.0948, Reg: 0.618815
Epoch [26/43], Total Loss: 3.5709, NLL: 2.9275, Masked: 18.8116, Reg: 0.618882
Epoch [27/43], Total Loss: 3.5627, NLL: 2.9196, Masked: 18.5325, Reg: 0.618945
Epoch [28/43], Total Loss: 3.5545, NLL: 2.9118, Masked: 18.2612, Reg: 0.619003
Epoch [29/43], Total Loss: 3.5464, NLL: 2.9039, Masked: 17.9892, Reg: 0.619103
Epoch [30/43], Total Loss: 3.5384, NLL: 2.8962, Masked: 17.7285, Reg: 0.619175
Epoch [31/43], Total Loss: 3.5305, NLL: 2.8885, Masked: 17.4650, Reg: 0.619260
Epoch [32/43], Total Loss: 3.5226, NLL: 2.8809, Masked: 17.2077, Reg: 0.619340
Epoch [33/43], Total Loss: 3.5148, NLL: 2.8734, Masked: 16.9552, Reg: 0.619452
Epoch [34/43], Total Loss: 3.5071, NLL: 2.8659, Masked: 16.7036, Reg: 0.619554
Epoch [35/43], Total Loss: 3.4995, NLL: 2.8585, Masked: 16.4597, Reg: 0.619640
Epoch [36/43], Total Loss: 3.4919, NLL: 2.8511, Masked: 16.2163, Reg: 0.619752
Epoch [37/43], Total Loss: 3.4844, NLL: 2.8438, Masked: 15.9774, Reg: 0.619861
Epoch [38/43], Total Loss: 3.4770, NLL: 2.8366, Masked: 15.7446, Reg: 0.619977
Epoch [39/43], Total Loss: 3.4696, NLL: 2.8294, Masked: 15.5142, Reg: 0.620068
Epoch [40/43], Total Loss: 3.4624, NLL: 2.8223, Masked: 15.2865, Reg: 0.620160
Epoch [41/43], Total Loss: 3.4552, NLL: 2.8153, Masked: 15.0632, Reg: 0.620300
Epoch [42/43], Total Loss: 3.4480, NLL: 2.8083, Masked: 14.8407, Reg: 0.620404
Epoch [43/43], Total Loss: 3.4409, NLL: 2.8014, Masked: 14.6241, Reg: 0.620561

==================================================
EVALUATING ON TRAINING DATA
==================================================

==================================================
TEST RESULTS
==================================================
Total Loss: 3.437188
  - ZINB NLL: 2.797910
Total number of masked values: 128113
  - Number of values with pi >= 0.3137929299783724: 0
  - Number of values with pi < 0.3137929299783724: 128113
  - Masked Reconstruction: 14.516117
  - Regularization: 0.620414
Mean Absolute Error (MAE): 13.872883
R² Score: -13.477865
==================================================


==================================================
TEST RESULTS
==================================================
Total Loss: 3.435216
  - ZINB NLL: 2.796713
Total number of masked values: 42068
  - Number of values with pi >= 0.3137929299783724: 0
  - Number of values with pi < 0.3137929299783724: 42068
  - Masked Reconstruction: 13.919747
  - Regularization: 0.620414
Mean Absolute Error (MAE): 14.052134
R² Score: -7.395770
==================================================

Using combined metric: zinb_nll (2.796713) + masked_loss (13.919747) = 16.716460

>>> Optimizing combined on VALIDATION set: 16.716460
>>> Full validation metrics: {'total_loss': 3.435215910377405, 'zinb_nll': 2.7967133174466965, 'mae': 14.052133560180664, 'r2': -7.395770072937012, 'masked_loss': 13.91974690137312, 'reg_loss': 0.6204144185692648}

Iteration No: 25 ended. Search finished for the next optimal point.
Time taken: 78.8683
Function value obtained: 16.7165
Current minimum: 1.5811
Iteration No: 26 started. Searching for the next optimal point.

================================================================================
Trial with parameters:
  features: Nucl
  data_point_length: 3843
  step_size: 0.6930263535841543
  bin_size: 71
  sample_fraction: 0.9468571163379071
  moving_average: False
  first_layer_size_factor: 52
  num_layers: 2
  use_conv: True
  conv_channel: 43
  pool_size: 5
  kernel_size: 5
  epochs: 43
  batch_size: 128
  pi_threshold: 0.32204304467301603
  learning_rate: 9.895992604672135e-05
  dropout_rate: 0.12736759836647915
  masked_recon_weight: 0.0011847049627650432
  regularizer: l1
  regularization_weight: 0.004715949936454125
================================================================================

Creating datasets with:
  features: ['Nucl']
  bin_size: 71
  moving_average: False
  data_point_length: 54 (from 3843)
  step_size: 37 (from fraction 0.6930263535841543)
  layers: [np.int64(832), np.int64(416)] (first=832, num=2)
  stride: 1 (fixed), padding: same (fixed)


Clipping outliers using 95th percentile * 1.5...
strain_yTW001: Clipping values above 134.25 (P95=89.50). Clipped 27529/1193409 values (2.31%)
strain_FD: Clipping values above 71.92 (P95=47.94). Clipped 95791/4127807 values (2.32%)
strain_dnrp: Clipping values above 243.00 (P95=162.00). Clipped 25649/1119454 values (2.29%)
strain_yEK19: Clipping values above 77.10 (P95=51.40). Clipped 83713/3893623 values (2.15%)
strain_yEK23: Clipping values above 72.00 (P95=48.00). Clipped 86381/3558407 values (2.43%)
strain_yWT03a: Clipping values above 15.00 (P95=10.00). Clipped 10602/347679 values (3.05%)
strain_yWT04a: Clipping values above 58.50 (P95=39.00). Clipped 21095/725406 values (2.91%)
strain_ylic137: Clipping values above 142.50 (P95=95.00). Clipped 28746/1112684 values (2.58%)
Standardizing features: ['Nucl']
Column order in final array (Dataset/Chrom split): ['Value', 'Nucleosome_Distance', 'Value_Raw', 'Size_Factor']
Removing 0 empty data points out of 19736
Column order in final array (Dataset/Chrom split): ['Value', 'Nucleosome_Distance', 'Value_Raw', 'Size_Factor']
Removing 0 empty data points out of 6256
Column order in final array (Dataset/Chrom split): ['Value', 'Nucleosome_Distance', 'Value_Raw', 'Size_Factor']
Removing 0 empty data points out of 10784
Datasets created:
  Train: (19736, 54, 4), Val: (6256, 54, 4), Test: (10784, 54, 4)

Randomly sampled 18687/19736 samples (94.7%)
Applied denoising with 15.0% masking
Applied denoising with 15.0% masking
Applied denoising with 15.0% masking
Epoch [1/43], Total Loss: 82.2136, NLL: 3.1511, Masked: 27.4238, Reg: 79.030016
Epoch [2/43], Total Loss: 34.0403, NLL: 3.1413, Masked: 27.0097, Reg: 30.866952
Epoch [3/43], Total Loss: 10.1541, NLL: 3.1319, Masked: 26.6046, Reg: 6.990704
Epoch [4/43], Total Loss: 4.1279, NLL: 3.1225, Masked: 26.2079, Reg: 0.974362
Epoch [5/43], Total Loss: 3.9587, NLL: 3.1132, Masked: 25.8173, Reg: 0.814866
Epoch [6/43], Total Loss: 3.9236, NLL: 3.1040, Masked: 25.4284, Reg: 0.789481
Epoch [7/43], Total Loss: 3.8899, NLL: 3.0948, Masked: 25.0523, Reg: 0.765464
Epoch [8/43], Total Loss: 3.8572, NLL: 3.0857, Masked: 24.6760, Reg: 0.742338
Epoch [9/43], Total Loss: 3.8261, NLL: 3.0766, Masked: 24.3134, Reg: 0.720703
Epoch [10/43], Total Loss: 3.7970, NLL: 3.0676, Masked: 23.9486, Reg: 0.701051
Epoch [11/43], Total Loss: 3.7695, NLL: 3.0587, Masked: 23.5932, Reg: 0.682851
Epoch [12/43], Total Loss: 3.7434, NLL: 3.0499, Masked: 23.2432, Reg: 0.665979
Epoch [13/43], Total Loss: 3.7189, NLL: 3.0411, Masked: 22.8983, Reg: 0.650727
Epoch [14/43], Total Loss: 3.6961, NLL: 3.0323, Masked: 22.5582, Reg: 0.636988
Epoch [15/43], Total Loss: 3.6746, NLL: 3.0237, Masked: 22.2273, Reg: 0.624580
Epoch [16/43], Total Loss: 3.6545, NLL: 3.0151, Masked: 21.8976, Reg: 0.613515
Epoch [17/43], Total Loss: 3.6361, NLL: 3.0065, Masked: 21.5771, Reg: 0.603962
Epoch [18/43], Total Loss: 3.6191, NLL: 2.9981, Masked: 21.2572, Reg: 0.595790
Epoch [19/43], Total Loss: 3.6036, NLL: 2.9897, Masked: 20.9419, Reg: 0.589170
Epoch [20/43], Total Loss: 3.5901, NLL: 2.9813, Masked: 20.6334, Reg: 0.584320
Epoch [21/43], Total Loss: 3.5782, NLL: 2.9730, Masked: 20.3319, Reg: 0.581096
Epoch [22/43], Total Loss: 3.5682, NLL: 2.9648, Masked: 20.0334, Reg: 0.579643
Epoch [23/43], Total Loss: 3.5595, NLL: 2.9566, Masked: 19.7367, Reg: 0.579521
Epoch [24/43], Total Loss: 3.5512, NLL: 2.9485, Masked: 19.4468, Reg: 0.579612
Epoch [25/43], Total Loss: 3.5429, NLL: 2.9405, Masked: 19.1621, Reg: 0.579693
Epoch [26/43], Total Loss: 3.5347, NLL: 2.9325, Masked: 18.8823, Reg: 0.579783
Epoch [27/43], Total Loss: 3.5265, NLL: 2.9246, Masked: 18.6049, Reg: 0.579878
Epoch [28/43], Total Loss: 3.5184, NLL: 2.9167, Masked: 18.3300, Reg: 0.579981
Epoch [29/43], Total Loss: 3.5104, NLL: 2.9089, Masked: 18.0610, Reg: 0.580081
Epoch [30/43], Total Loss: 3.5025, NLL: 2.9012, Masked: 17.7938, Reg: 0.580194
Epoch [31/43], Total Loss: 3.4946, NLL: 2.8935, Masked: 17.5347, Reg: 0.580291
Epoch [32/43], Total Loss: 3.4868, NLL: 2.8859, Masked: 17.2792, Reg: 0.580420
Epoch [33/43], Total Loss: 3.4790, NLL: 2.8783, Masked: 17.0234, Reg: 0.580535
Epoch [34/43], Total Loss: 3.4714, NLL: 2.8709, Masked: 16.7780, Reg: 0.580632
Epoch [35/43], Total Loss: 3.4638, NLL: 2.8634, Masked: 16.5270, Reg: 0.580748
Epoch [36/43], Total Loss: 3.4563, NLL: 2.8561, Masked: 16.2886, Reg: 0.580900
Epoch [37/43], Total Loss: 3.4488, NLL: 2.8488, Masked: 16.0519, Reg: 0.581025
Epoch [38/43], Total Loss: 3.4414, NLL: 2.8415, Masked: 15.8170, Reg: 0.581152
Epoch [39/43], Total Loss: 3.4341, NLL: 2.8343, Masked: 15.5859, Reg: 0.581298
Epoch [40/43], Total Loss: 3.4269, NLL: 2.8272, Masked: 15.3587, Reg: 0.581481
Epoch [41/43], Total Loss: 3.4197, NLL: 2.8202, Masked: 15.1361, Reg: 0.581616
Epoch [42/43], Total Loss: 3.4126, NLL: 2.8132, Masked: 14.9151, Reg: 0.581795
Epoch [43/43], Total Loss: 3.4056, NLL: 2.8062, Masked: 14.6967, Reg: 0.581973

==================================================
EVALUATING ON TRAINING DATA
==================================================

==================================================
TEST RESULTS
==================================================
Total Loss: 3.401959
  - ZINB NLL: 2.802768
Total number of masked values: 127232
  - Number of values with pi >= 0.32204304467301603: 0
  - Number of values with pi < 0.32204304467301603: 127232
  - Masked Reconstruction: 14.590324
  - Regularization: 0.581906
Mean Absolute Error (MAE): 13.955848
R² Score: -13.633511
==================================================


==================================================
TEST RESULTS
==================================================
Total Loss: 3.396450
  - ZINB NLL: 2.797960
Total number of masked values: 42068
  - Number of values with pi >= 0.32204304467301603: 0
  - Number of values with pi < 0.32204304467301603: 42068
  - Masked Reconstruction: 13.999222
  - Regularization: 0.581906
Mean Absolute Error (MAE): 14.105144
R² Score: -7.457357
==================================================

Using combined metric: zinb_nll (2.797960) + masked_loss (13.999222) = 16.797182

>>> Optimizing combined on VALIDATION set: 16.797182
>>> Full validation metrics: {'total_loss': 3.396450018943728, 'zinb_nll': 2.7979595252619984, 'mae': 14.105143547058105, 'r2': -7.457357406616211, 'masked_loss': 13.999222306644215, 'reg_loss': 0.5819055932408616}

Iteration No: 26 ended. Search finished for the next optimal point.
Time taken: 78.7618
Function value obtained: 16.7972
Current minimum: 1.5811
Iteration No: 27 started. Searching for the next optimal point.

================================================================================
Trial with parameters:
  features: Nucl
  data_point_length: 3841
  step_size: 0.6928463699340559
  bin_size: 71
  sample_fraction: 0.9472161501354529
  moving_average: False
  first_layer_size_factor: 52
  num_layers: 2
  use_conv: True
  conv_channel: 43
  pool_size: 5
  kernel_size: 5
  epochs: 43
  batch_size: 128
  pi_threshold: 0.3222353505434428
  learning_rate: 9.93909692233971e-05
  dropout_rate: 0.12739828488270993
  masked_recon_weight: 0.0011996364383639849
  regularizer: l1
  regularization_weight: 0.004832146961159177
================================================================================

Creating datasets with:
  features: ['Nucl']
  bin_size: 71
  moving_average: False
  data_point_length: 54 (from 3841)
  step_size: 37 (from fraction 0.6928463699340559)
  layers: [np.int64(832), np.int64(416)] (first=832, num=2)
  stride: 1 (fixed), padding: same (fixed)


Clipping outliers using 95th percentile * 1.5...
strain_yTW001: Clipping values above 134.25 (P95=89.50). Clipped 27529/1193409 values (2.31%)
strain_FD: Clipping values above 71.92 (P95=47.94). Clipped 95791/4127807 values (2.32%)
strain_dnrp: Clipping values above 243.00 (P95=162.00). Clipped 25649/1119454 values (2.29%)
strain_yEK19: Clipping values above 77.10 (P95=51.40). Clipped 83713/3893623 values (2.15%)
strain_yEK23: Clipping values above 72.00 (P95=48.00). Clipped 86381/3558407 values (2.43%)
strain_yWT03a: Clipping values above 15.00 (P95=10.00). Clipped 10602/347679 values (3.05%)
strain_yWT04a: Clipping values above 58.50 (P95=39.00). Clipped 21095/725406 values (2.91%)
strain_ylic137: Clipping values above 142.50 (P95=95.00). Clipped 28746/1112684 values (2.58%)
Standardizing features: ['Nucl']
Column order in final array (Dataset/Chrom split): ['Value', 'Nucleosome_Distance', 'Value_Raw', 'Size_Factor']
Removing 0 empty data points out of 19736
Column order in final array (Dataset/Chrom split): ['Value', 'Nucleosome_Distance', 'Value_Raw', 'Size_Factor']
Removing 0 empty data points out of 6256
Column order in final array (Dataset/Chrom split): ['Value', 'Nucleosome_Distance', 'Value_Raw', 'Size_Factor']
Removing 0 empty data points out of 10784
Datasets created:
  Train: (19736, 54, 4), Val: (6256, 54, 4), Test: (10784, 54, 4)

Randomly sampled 18694/19736 samples (94.7%)
Applied denoising with 15.0% masking
Applied denoising with 15.0% masking
Applied denoising with 15.0% masking
Epoch [1/43], Total Loss: 84.0637, NLL: 3.1495, Masked: 27.3944, Reg: 80.881326
Epoch [2/43], Total Loss: 34.3493, NLL: 3.1398, Masked: 26.9835, Reg: 31.177141
Epoch [3/43], Total Loss: 9.9974, NLL: 3.1303, Masked: 26.5731, Reg: 6.835243
Epoch [4/43], Total Loss: 4.0987, NLL: 3.1208, Masked: 26.1719, Reg: 0.946574
Epoch [5/43], Total Loss: 3.9578, NLL: 3.1114, Masked: 25.7731, Reg: 0.815538
Epoch [6/43], Total Loss: 3.9225, NLL: 3.1020, Masked: 25.3851, Reg: 0.790067
Epoch [7/43], Total Loss: 3.8888, NLL: 3.0927, Masked: 25.0044, Reg: 0.766012
Epoch [8/43], Total Loss: 3.8568, NLL: 3.0835, Masked: 24.6240, Reg: 0.743728
Epoch [9/43], Total Loss: 3.8264, NLL: 3.0744, Masked: 24.2550, Reg: 0.722916
Epoch [10/43], Total Loss: 3.7976, NLL: 3.0653, Masked: 23.8912, Reg: 0.703655
Epoch [11/43], Total Loss: 3.7706, NLL: 3.0563, Masked: 23.5316, Reg: 0.686054
Epoch [12/43], Total Loss: 3.7452, NLL: 3.0474, Masked: 23.1815, Reg: 0.670007
Epoch [13/43], Total Loss: 3.7216, NLL: 3.0385, Masked: 22.8306, Reg: 0.655732
Epoch [14/43], Total Loss: 3.6994, NLL: 3.0297, Masked: 22.4902, Reg: 0.642700
Epoch [15/43], Total Loss: 3.6784, NLL: 3.0210, Masked: 22.1576, Reg: 0.630895
Epoch [16/43], Total Loss: 3.6591, NLL: 3.0123, Masked: 21.8231, Reg: 0.620603
Epoch [17/43], Total Loss: 3.6417, NLL: 3.0037, Masked: 21.4999, Reg: 0.612244
Epoch [18/43], Total Loss: 3.6261, NLL: 2.9951, Masked: 21.1781, Reg: 0.605618
Epoch [19/43], Total Loss: 3.6122, NLL: 2.9866, Masked: 20.8613, Reg: 0.600513
Epoch [20/43], Total Loss: 3.5998, NLL: 2.9782, Masked: 20.5520, Reg: 0.596914
Epoch [21/43], Total Loss: 3.5889, NLL: 2.9699, Masked: 20.2463, Reg: 0.594787
Epoch [22/43], Total Loss: 3.5797, NLL: 2.9616, Masked: 19.9431, Reg: 0.594196
Epoch [23/43], Total Loss: 3.5711, NLL: 2.9533, Masked: 19.6459, Reg: 0.594255
Epoch [24/43], Total Loss: 3.5627, NLL: 2.9452, Masked: 19.3537, Reg: 0.594327
Epoch [25/43], Total Loss: 3.5543, NLL: 2.9370, Masked: 19.0675, Reg: 0.594405
Epoch [26/43], Total Loss: 3.5460, NLL: 2.9290, Masked: 18.7826, Reg: 0.594487
Epoch [27/43], Total Loss: 3.5378, NLL: 2.9210, Masked: 18.5046, Reg: 0.594601
Epoch [28/43], Total Loss: 3.5296, NLL: 2.9131, Masked: 18.2304, Reg: 0.594672
Epoch [29/43], Total Loss: 3.5216, NLL: 2.9053, Masked: 17.9602, Reg: 0.594757
Epoch [30/43], Total Loss: 3.5135, NLL: 2.8975, Masked: 17.6928, Reg: 0.594835
Epoch [31/43], Total Loss: 3.5056, NLL: 2.8897, Masked: 17.4305, Reg: 0.594947
Epoch [32/43], Total Loss: 3.4977, NLL: 2.8821, Masked: 17.1753, Reg: 0.595036
Epoch [33/43], Total Loss: 3.4899, NLL: 2.8745, Masked: 16.9206, Reg: 0.595134
Epoch [34/43], Total Loss: 3.4822, NLL: 2.8670, Masked: 16.6712, Reg: 0.595263
Epoch [35/43], Total Loss: 3.4746, NLL: 2.8595, Masked: 16.4246, Reg: 0.595394
Epoch [36/43], Total Loss: 3.4670, NLL: 2.8521, Masked: 16.1834, Reg: 0.595545
Epoch [37/43], Total Loss: 3.4595, NLL: 2.8447, Masked: 15.9452, Reg: 0.595686
Epoch [38/43], Total Loss: 3.4521, NLL: 2.8375, Masked: 15.7087, Reg: 0.595786
Epoch [39/43], Total Loss: 3.4447, NLL: 2.8302, Masked: 15.4766, Reg: 0.595920
Epoch [40/43], Total Loss: 3.4375, NLL: 2.8231, Masked: 15.2495, Reg: 0.596077
Epoch [41/43], Total Loss: 3.4303, NLL: 2.8160, Masked: 15.0254, Reg: 0.596213
Epoch [42/43], Total Loss: 3.4231, NLL: 2.8090, Masked: 14.8015, Reg: 0.596359
Epoch [43/43], Total Loss: 3.4161, NLL: 2.8020, Masked: 14.5855, Reg: 0.596538

==================================================
EVALUATING ON TRAINING DATA
==================================================

==================================================
TEST RESULTS
==================================================
Total Loss: 3.412638
  - ZINB NLL: 2.798523
Total number of masked values: 127183
  - Number of values with pi >= 0.3222353505434428: 0
  - Number of values with pi < 0.3222353505434428: 127183
  - Masked Reconstruction: 14.477234
  - Regularization: 0.596747
Mean Absolute Error (MAE): 13.863832
R² Score: -13.494003
==================================================


==================================================
TEST RESULTS
==================================================
Total Loss: 3.408602
  - ZINB NLL: 2.795182
Total number of masked values: 42068
  - Number of values with pi >= 0.3222353505434428: 0
  - Number of values with pi < 0.3222353505434428: 42068
  - Masked Reconstruction: 13.898071
  - Regularization: 0.596747
Mean Absolute Error (MAE): 14.017559
R² Score: -7.355732
==================================================

Using combined metric: zinb_nll (2.795182) + masked_loss (13.898071) = 16.693253

>>> Optimizing combined on VALIDATION set: 16.693253
>>> Full validation metrics: {'total_loss': 3.408601635252423, 'zinb_nll': 2.7951821866242783, 'mae': 14.017559051513672, 'r2': -7.355731964111328, 'masked_loss': 13.898070620758759, 'reg_loss': 0.596746776433708}

Iteration No: 27 ended. Search finished for the next optimal point.
Time taken: 78.8652
Function value obtained: 16.6933
Current minimum: 1.5811
Iteration No: 28 started. Searching for the next optimal point.

================================================================================
Trial with parameters:
  features: Nucl
  data_point_length: 3835
  step_size: 0.6931896855798081
  bin_size: 71
  sample_fraction: 0.9473140173718225
  moving_average: False
  first_layer_size_factor: 52
  num_layers: 2
  use_conv: True
  conv_channel: 43
  pool_size: 5
  kernel_size: 5
  epochs: 43
  batch_size: 128
  pi_threshold: 0.32230791240090473
  learning_rate: 9.968224226393234e-05
  dropout_rate: 0.12808046322128308
  masked_recon_weight: 0.0011884034674406532
  regularizer: l1
  regularization_weight: 0.00471886611494766
================================================================================

Creating datasets with:
  features: ['Nucl']
  bin_size: 71
  moving_average: False
  data_point_length: 54 (from 3835)
  step_size: 37 (from fraction 0.6931896855798081)
  layers: [np.int64(832), np.int64(416)] (first=832, num=2)
  stride: 1 (fixed), padding: same (fixed)


Clipping outliers using 95th percentile * 1.5...
strain_yTW001: Clipping values above 134.25 (P95=89.50). Clipped 27529/1193409 values (2.31%)
strain_FD: Clipping values above 71.92 (P95=47.94). Clipped 95791/4127807 values (2.32%)
strain_dnrp: Clipping values above 243.00 (P95=162.00). Clipped 25649/1119454 values (2.29%)
strain_yEK19: Clipping values above 77.10 (P95=51.40). Clipped 83713/3893623 values (2.15%)
strain_yEK23: Clipping values above 72.00 (P95=48.00). Clipped 86381/3558407 values (2.43%)
strain_yWT03a: Clipping values above 15.00 (P95=10.00). Clipped 10602/347679 values (3.05%)
strain_yWT04a: Clipping values above 58.50 (P95=39.00). Clipped 21095/725406 values (2.91%)
strain_ylic137: Clipping values above 142.50 (P95=95.00). Clipped 28746/1112684 values (2.58%)
Standardizing features: ['Nucl']
Column order in final array (Dataset/Chrom split): ['Value', 'Nucleosome_Distance', 'Value_Raw', 'Size_Factor']
Removing 0 empty data points out of 19736
Column order in final array (Dataset/Chrom split): ['Value', 'Nucleosome_Distance', 'Value_Raw', 'Size_Factor']
Removing 0 empty data points out of 6256
Column order in final array (Dataset/Chrom split): ['Value', 'Nucleosome_Distance', 'Value_Raw', 'Size_Factor']
Removing 0 empty data points out of 10784
Datasets created:
  Train: (19736, 54, 4), Val: (6256, 54, 4), Test: (10784, 54, 4)

Randomly sampled 18696/19736 samples (94.7%)
Applied denoising with 15.0% masking
Applied denoising with 15.0% masking
Applied denoising with 15.0% masking
Epoch [1/43], Total Loss: 81.9954, NLL: 3.1481, Masked: 27.3794, Reg: 78.814753
Epoch [2/43], Total Loss: 33.3888, NLL: 3.1383, Masked: 26.9636, Reg: 30.218470
Epoch [3/43], Total Loss: 9.7132, NLL: 3.1288, Masked: 26.5533, Reg: 6.552860
Epoch [4/43], Total Loss: 4.0672, NLL: 3.1193, Masked: 26.1524, Reg: 0.916851
Epoch [5/43], Total Loss: 3.9365, NLL: 3.1098, Masked: 25.7564, Reg: 0.796024
Epoch [6/43], Total Loss: 3.9009, NLL: 3.1005, Masked: 25.3621, Reg: 0.770306
Epoch [7/43], Total Loss: 3.8672, NLL: 3.0912, Masked: 24.9815, Reg: 0.746342
Epoch [8/43], Total Loss: 3.8353, NLL: 3.0820, Masked: 24.6041, Reg: 0.724087
Epoch [9/43], Total Loss: 3.8050, NLL: 3.0728, Masked: 24.2306, Reg: 0.703463
Epoch [10/43], Total Loss: 3.7764, NLL: 3.0637, Masked: 23.8664, Reg: 0.684405
Epoch [11/43], Total Loss: 3.7494, NLL: 3.0546, Masked: 23.5102, Reg: 0.666856
Epoch [12/43], Total Loss: 3.7243, NLL: 3.0457, Masked: 23.1516, Reg: 0.651157
Epoch [13/43], Total Loss: 3.7010, NLL: 3.0368, Masked: 22.8065, Reg: 0.637080
Epoch [14/43], Total Loss: 3.6793, NLL: 3.0279, Masked: 22.4653, Reg: 0.624660
Epoch [15/43], Total Loss: 3.6596, NLL: 3.0192, Masked: 22.1291, Reg: 0.614159
Epoch [16/43], Total Loss: 3.6417, NLL: 3.0105, Masked: 21.7903, Reg: 0.605325
Epoch [17/43], Total Loss: 3.6252, NLL: 3.0019, Masked: 21.4673, Reg: 0.597862
Epoch [18/43], Total Loss: 3.6103, NLL: 2.9933, Masked: 21.1460, Reg: 0.591829
Epoch [19/43], Total Loss: 3.5965, NLL: 2.9848, Masked: 20.8303, Reg: 0.586979
Epoch [20/43], Total Loss: 3.5842, NLL: 2.9764, Masked: 20.5219, Reg: 0.583471
Epoch [21/43], Total Loss: 3.5734, NLL: 2.9680, Masked: 20.2161, Reg: 0.581376
Epoch [22/43], Total Loss: 3.5639, NLL: 2.9597, Masked: 19.9151, Reg: 0.580555
Epoch [23/43], Total Loss: 3.5553, NLL: 2.9514, Masked: 19.6144, Reg: 0.580589
Epoch [24/43], Total Loss: 3.5469, NLL: 2.9432, Masked: 19.3236, Reg: 0.580673
Epoch [25/43], Total Loss: 3.5385, NLL: 2.9351, Masked: 19.0345, Reg: 0.580787
Epoch [26/43], Total Loss: 3.5301, NLL: 2.9270, Masked: 18.7516, Reg: 0.580865
Epoch [27/43], Total Loss: 3.5219, NLL: 2.9190, Masked: 18.4723, Reg: 0.580962
Epoch [28/43], Total Loss: 3.5137, NLL: 2.9110, Masked: 18.1960, Reg: 0.581084
Epoch [29/43], Total Loss: 3.5057, NLL: 2.9031, Masked: 17.9264, Reg: 0.581204
Epoch [30/43], Total Loss: 3.4976, NLL: 2.8954, Masked: 17.6609, Reg: 0.581292
Epoch [31/43], Total Loss: 3.4897, NLL: 2.8876, Masked: 17.3952, Reg: 0.581409
Epoch [32/43], Total Loss: 3.4818, NLL: 2.8799, Masked: 17.1387, Reg: 0.581522
Epoch [33/43], Total Loss: 3.4740, NLL: 2.8723, Masked: 16.8835, Reg: 0.581630
Epoch [34/43], Total Loss: 3.4663, NLL: 2.8647, Masked: 16.6337, Reg: 0.581783
Epoch [35/43], Total Loss: 3.4586, NLL: 2.8572, Masked: 16.3886, Reg: 0.581926
Epoch [36/43], Total Loss: 3.4510, NLL: 2.8498, Masked: 16.1457, Reg: 0.582069
Epoch [37/43], Total Loss: 3.4435, NLL: 2.8424, Masked: 15.9077, Reg: 0.582201
Epoch [38/43], Total Loss: 3.4361, NLL: 2.8351, Masked: 15.6738, Reg: 0.582333
Epoch [39/43], Total Loss: 3.4287, NLL: 2.8279, Masked: 15.4395, Reg: 0.582477
Epoch [40/43], Total Loss: 3.4214, NLL: 2.8207, Masked: 15.2119, Reg: 0.582643
Epoch [41/43], Total Loss: 3.4142, NLL: 2.8136, Masked: 14.9874, Reg: 0.582822
Epoch [42/43], Total Loss: 3.4071, NLL: 2.8066, Masked: 14.7684, Reg: 0.582995
Epoch [43/43], Total Loss: 3.4000, NLL: 2.7996, Masked: 14.5492, Reg: 0.583180

==================================================
EVALUATING ON TRAINING DATA
==================================================

==================================================
TEST RESULTS
==================================================
Total Loss: 3.396553
  - ZINB NLL: 2.796049
Total number of masked values: 127211
  - Number of values with pi >= 0.32230791240090473: 0
  - Number of values with pi < 0.32230791240090473: 127211
  - Masked Reconstruction: 14.439374
  - Regularization: 0.583344
Mean Absolute Error (MAE): 13.827777
R² Score: -13.380805
==================================================


==================================================
TEST RESULTS
==================================================
Total Loss: 3.393930
  - ZINB NLL: 2.794067
Total number of masked values: 42068
  - Number of values with pi >= 0.32230791240090473: 0
  - Number of values with pi < 0.32230791240090473: 42068
  - Masked Reconstruction: 13.900193
  - Regularization: 0.583344
Mean Absolute Error (MAE): 13.989980
R² Score: -7.323862
==================================================

Using combined metric: zinb_nll (2.794067) + masked_loss (13.900193) = 16.694260

>>> Optimizing combined on VALIDATION set: 16.694260
>>> Full validation metrics: {'total_loss': 3.393929710168668, 'zinb_nll': 2.7940667023134353, 'mae': 13.98997974395752, 'r2': -7.323862075805664, 'masked_loss': 13.90019307295075, 'reg_loss': 0.5833439739588291}

Iteration No: 28 ended. Search finished for the next optimal point.
Time taken: 79.0846
Function value obtained: 16.6943
Current minimum: 1.5811
Iteration No: 29 started. Searching for the next optimal point.

================================================================================
Trial with parameters:
  features: Nucl
  data_point_length: 3833
  step_size: 0.6932541004047996
  bin_size: 71
  sample_fraction: 0.9452916774507121
  moving_average: False
  first_layer_size_factor: 52
  num_layers: 2
  use_conv: True
  conv_channel: 43
  pool_size: 5
  kernel_size: 5
  epochs: 43
  batch_size: 128
  pi_threshold: 0.32299725352454906
  learning_rate: 9.993296403857227e-05
  dropout_rate: 0.12845672488840137
  masked_recon_weight: 0.0012081802429945525
  regularizer: l1
  regularization_weight: 0.004717314795810278
================================================================================

Creating datasets with:
  features: ['Nucl']
  bin_size: 71
  moving_average: False
  data_point_length: 53 (from 3833)
  step_size: 36 (from fraction 0.6932541004047996)
  layers: [np.int64(832), np.int64(416)] (first=832, num=2)
  stride: 1 (fixed), padding: same (fixed)


Clipping outliers using 95th percentile * 1.5...
strain_yTW001: Clipping values above 134.25 (P95=89.50). Clipped 27529/1193409 values (2.31%)
strain_FD: Clipping values above 71.92 (P95=47.94). Clipped 95791/4127807 values (2.32%)
strain_dnrp: Clipping values above 243.00 (P95=162.00). Clipped 25649/1119454 values (2.29%)
strain_yEK19: Clipping values above 77.10 (P95=51.40). Clipped 83713/3893623 values (2.15%)
strain_yEK23: Clipping values above 72.00 (P95=48.00). Clipped 86381/3558407 values (2.43%)
strain_yWT03a: Clipping values above 15.00 (P95=10.00). Clipped 10602/347679 values (3.05%)
strain_yWT04a: Clipping values above 58.50 (P95=39.00). Clipped 21095/725406 values (2.91%)
strain_ylic137: Clipping values above 142.50 (P95=95.00). Clipped 28746/1112684 values (2.58%)
Standardizing features: ['Nucl']
Column order in final array (Dataset/Chrom split): ['Value', 'Nucleosome_Distance', 'Value_Raw', 'Size_Factor']
Removing 0 empty data points out of 20272
Column order in final array (Dataset/Chrom split): ['Value', 'Nucleosome_Distance', 'Value_Raw', 'Size_Factor']
Removing 0 empty data points out of 6432
Column order in final array (Dataset/Chrom split): ['Value', 'Nucleosome_Distance', 'Value_Raw', 'Size_Factor']
Removing 0 empty data points out of 11088
Datasets created:
  Train: (20272, 53, 4), Val: (6432, 53, 4), Test: (11088, 53, 4)

Randomly sampled 19162/20272 samples (94.5%)
Applied denoising with 15.0% masking
Applied denoising with 15.0% masking
Applied denoising with 15.0% masking
Epoch [1/43], Total Loss: 81.1405, NLL: 3.1476, Masked: 27.0241, Reg: 77.960271
Epoch [2/43], Total Loss: 32.1396, NLL: 3.1375, Masked: 26.6072, Reg: 28.969994
Epoch [3/43], Total Loss: 9.0254, NLL: 3.1277, Masked: 26.1939, Reg: 5.866120
Epoch [4/43], Total Loss: 4.0117, NLL: 3.1179, Masked: 25.7883, Reg: 0.862558
Epoch [5/43], Total Loss: 3.9252, NLL: 3.1083, Masked: 25.3903, Reg: 0.786199
Epoch [6/43], Total Loss: 3.8891, NLL: 3.0987, Masked: 24.9984, Reg: 0.760192
Epoch [7/43], Total Loss: 3.8545, NLL: 3.0892, Masked: 24.6126, Reg: 0.735532
Epoch [8/43], Total Loss: 3.8214, NLL: 3.0797, Masked: 24.2337, Reg: 0.712402
Epoch [9/43], Total Loss: 3.7903, NLL: 3.0704, Masked: 23.8601, Reg: 0.691093
Epoch [10/43], Total Loss: 3.7605, NLL: 3.0611, Masked: 23.4940, Reg: 0.671041
Epoch [11/43], Total Loss: 3.7327, NLL: 3.0519, Masked: 23.1322, Reg: 0.652913
Epoch [12/43], Total Loss: 3.7073, NLL: 3.0427, Masked: 22.7753, Reg: 0.637087
Epoch [13/43], Total Loss: 3.6841, NLL: 3.0336, Masked: 22.4264, Reg: 0.623403
Epoch [14/43], Total Loss: 3.6627, NLL: 3.0246, Masked: 22.0825, Reg: 0.611496
Epoch [15/43], Total Loss: 3.6429, NLL: 3.0156, Masked: 21.7460, Reg: 0.601043
Epoch [16/43], Total Loss: 3.6248, NLL: 3.0067, Masked: 21.4120, Reg: 0.592152
Epoch [17/43], Total Loss: 3.6083, NLL: 2.9979, Masked: 21.0859, Reg: 0.584935
Epoch [18/43], Total Loss: 3.5936, NLL: 2.9891, Masked: 20.7644, Reg: 0.579328
Epoch [19/43], Total Loss: 3.5804, NLL: 2.9805, Masked: 20.4486, Reg: 0.575197
Epoch [20/43], Total Loss: 3.5686, NLL: 2.9719, Masked: 20.1369, Reg: 0.572458
Epoch [21/43], Total Loss: 3.5584, NLL: 2.9633, Masked: 19.8287, Reg: 0.571177
Epoch [22/43], Total Loss: 3.5494, NLL: 2.9548, Masked: 19.5251, Reg: 0.571026
Epoch [23/43], Total Loss: 3.5407, NLL: 2.9464, Masked: 19.2327, Reg: 0.571084
Epoch [24/43], Total Loss: 3.5321, NLL: 2.9380, Masked: 18.9370, Reg: 0.571188
Epoch [25/43], Total Loss: 3.5236, NLL: 2.9297, Masked: 18.6499, Reg: 0.571293
Epoch [26/43], Total Loss: 3.5151, NLL: 2.9215, Masked: 18.3671, Reg: 0.571410
Epoch [27/43], Total Loss: 3.5067, NLL: 2.9133, Masked: 18.0868, Reg: 0.571533
Epoch [28/43], Total Loss: 3.4984, NLL: 2.9053, Masked: 17.8149, Reg: 0.571630
Epoch [29/43], Total Loss: 3.4902, NLL: 2.8972, Masked: 17.5441, Reg: 0.571740
Epoch [30/43], Total Loss: 3.4820, NLL: 2.8893, Masked: 17.2761, Reg: 0.571866
Epoch [31/43], Total Loss: 3.4739, NLL: 2.8813, Masked: 17.0146, Reg: 0.572004
Epoch [32/43], Total Loss: 3.4659, NLL: 2.8735, Masked: 16.7561, Reg: 0.572136
Epoch [33/43], Total Loss: 3.4580, NLL: 2.8658, Masked: 16.5041, Reg: 0.572278
Epoch [34/43], Total Loss: 3.4501, NLL: 2.8581, Masked: 16.2543, Reg: 0.572407
Epoch [35/43], Total Loss: 3.4423, NLL: 2.8504, Masked: 16.0078, Reg: 0.572567
Epoch [36/43], Total Loss: 3.4346, NLL: 2.8429, Masked: 15.7657, Reg: 0.572717
Epoch [37/43], Total Loss: 3.4270, NLL: 2.8354, Masked: 15.5264, Reg: 0.572868
Epoch [38/43], Total Loss: 3.4195, NLL: 2.8279, Masked: 15.2931, Reg: 0.573041
Epoch [39/43], Total Loss: 3.4120, NLL: 2.8205, Masked: 15.0602, Reg: 0.573230
Epoch [40/43], Total Loss: 3.4046, NLL: 2.8133, Masked: 14.8347, Reg: 0.573420
Epoch [41/43], Total Loss: 3.3973, NLL: 2.8060, Masked: 14.6110, Reg: 0.573600
Epoch [42/43], Total Loss: 3.3901, NLL: 2.7989, Masked: 14.3900, Reg: 0.573816
Epoch [43/43], Total Loss: 3.3829, NLL: 2.7918, Masked: 14.1743, Reg: 0.573996

==================================================
EVALUATING ON TRAINING DATA
==================================================

==================================================
TEST RESULTS
==================================================
Total Loss: 3.379361
  - ZINB NLL: 2.788208
Total number of masked values: 122685
  - Number of values with pi >= 0.32299725352454906: 0
  - Number of values with pi < 0.32299725352454906: 122685
  - Masked Reconstruction: 14.065550
  - Regularization: 0.574160
Mean Absolute Error (MAE): 13.624223
R² Score: -12.992507
==================================================


==================================================
TEST RESULTS
==================================================
Total Loss: 3.380138
  - ZINB NLL: 2.789452
Total number of masked values: 40865
  - Number of values with pi >= 0.32299725352454906: 0
  - Number of values with pi < 0.32299725352454906: 40865
  - Masked Reconstruction: 13.678256
  - Regularization: 0.574160
Mean Absolute Error (MAE): 13.789097
R² Score: -7.029514
==================================================

Using combined metric: zinb_nll (2.789452) + masked_loss (13.678256) = 16.467709

>>> Optimizing combined on VALIDATION set: 16.467709
>>> Full validation metrics: {'total_loss': 3.3801375562278784, 'zinb_nll': 2.7894521364525184, 'mae': 13.78909683227539, 'r2': -7.029514312744141, 'masked_loss': 13.678256423912238, 'reg_loss': 0.5741596393476566}

Iteration No: 29 ended. Search finished for the next optimal point.
Time taken: 79.8637
Function value obtained: 16.4677
Current minimum: 1.5811
Iteration No: 30 started. Searching for the next optimal point.

================================================================================
Trial with parameters:
  features: Nucl
  data_point_length: 3830
  step_size: 0.692474932273609
  bin_size: 71
  sample_fraction: 0.947201369299917
  moving_average: False
  first_layer_size_factor: 51
  num_layers: 2
  use_conv: True
  conv_channel: 43
  pool_size: 5
  kernel_size: 5
  epochs: 42
  batch_size: 128
  pi_threshold: 0.32154508419992284
  learning_rate: 0.00010037687589194603
  dropout_rate: 0.1277715306871448
  masked_recon_weight: 0.0012408971790409196
  regularizer: l1
  regularization_weight: 0.0048108077777340805
================================================================================

Creating datasets with:
  features: ['Nucl']
  bin_size: 71
  moving_average: False
  data_point_length: 53 (from 3830)
  step_size: 36 (from fraction 0.692474932273609)
  layers: [np.int64(816), np.int64(408)] (first=816, num=2)
  stride: 1 (fixed), padding: same (fixed)


Clipping outliers using 95th percentile * 1.5...
strain_yTW001: Clipping values above 134.25 (P95=89.50). Clipped 27529/1193409 values (2.31%)
strain_FD: Clipping values above 71.92 (P95=47.94). Clipped 95791/4127807 values (2.32%)
strain_dnrp: Clipping values above 243.00 (P95=162.00). Clipped 25649/1119454 values (2.29%)
strain_yEK19: Clipping values above 77.10 (P95=51.40). Clipped 83713/3893623 values (2.15%)
strain_yEK23: Clipping values above 72.00 (P95=48.00). Clipped 86381/3558407 values (2.43%)
strain_yWT03a: Clipping values above 15.00 (P95=10.00). Clipped 10602/347679 values (3.05%)
strain_yWT04a: Clipping values above 58.50 (P95=39.00). Clipped 21095/725406 values (2.91%)
strain_ylic137: Clipping values above 142.50 (P95=95.00). Clipped 28746/1112684 values (2.58%)
Standardizing features: ['Nucl']
Column order in final array (Dataset/Chrom split): ['Value', 'Nucleosome_Distance', 'Value_Raw', 'Size_Factor']
Removing 0 empty data points out of 20272
Column order in final array (Dataset/Chrom split): ['Value', 'Nucleosome_Distance', 'Value_Raw', 'Size_Factor']
Removing 0 empty data points out of 6432
Column order in final array (Dataset/Chrom split): ['Value', 'Nucleosome_Distance', 'Value_Raw', 'Size_Factor']
Removing 0 empty data points out of 11088
Datasets created:
  Train: (20272, 53, 4), Val: (6432, 53, 4), Test: (11088, 53, 4)

Randomly sampled 19201/20272 samples (94.7%)
Applied denoising with 15.0% masking
Applied denoising with 15.0% masking
Applied denoising with 15.0% masking
Epoch [1/42], Total Loss: 80.8616, NLL: 3.1488, Masked: 27.0397, Reg: 77.679281
Epoch [2/42], Total Loss: 31.8938, NLL: 3.1386, Masked: 26.6156, Reg: 28.722151
Epoch [3/42], Total Loss: 8.8728, NLL: 3.1287, Masked: 26.1979, Reg: 5.711649
Epoch [4/42], Total Loss: 4.0101, NLL: 3.1188, Masked: 25.7855, Reg: 0.859335
Epoch [5/42], Total Loss: 3.9306, NLL: 3.1090, Masked: 25.3794, Reg: 0.790093
Epoch [6/42], Total Loss: 3.8944, NLL: 3.0993, Masked: 24.9876, Reg: 0.764028
Epoch [7/42], Total Loss: 3.8603, NLL: 3.0897, Masked: 24.5956, Reg: 0.740068
Epoch [8/42], Total Loss: 3.8285, NLL: 3.0802, Masked: 24.2149, Reg: 0.718248
Epoch [9/42], Total Loss: 3.7984, NLL: 3.0707, Masked: 23.8370, Reg: 0.698124
Epoch [10/42], Total Loss: 3.7702, NLL: 3.0614, Masked: 23.4638, Reg: 0.679760
Epoch [11/42], Total Loss: 3.7436, NLL: 3.0521, Masked: 23.1030, Reg: 0.662893
Epoch [12/42], Total Loss: 3.7186, NLL: 3.0429, Masked: 22.7450, Reg: 0.647519
Epoch [13/42], Total Loss: 3.6953, NLL: 3.0338, Masked: 22.3977, Reg: 0.633734
Epoch [14/42], Total Loss: 3.6735, NLL: 3.0247, Masked: 22.0542, Reg: 0.621394
Epoch [15/42], Total Loss: 3.6532, NLL: 3.0156, Masked: 21.7094, Reg: 0.610571
Epoch [16/42], Total Loss: 3.6349, NLL: 3.0066, Masked: 21.3722, Reg: 0.601737
Epoch [17/42], Total Loss: 3.6186, NLL: 2.9977, Masked: 21.0443, Reg: 0.594804
Epoch [18/42], Total Loss: 3.6040, NLL: 2.9889, Masked: 20.7182, Reg: 0.589462
Epoch [19/42], Total Loss: 3.5906, NLL: 2.9802, Masked: 20.3995, Reg: 0.585109
Epoch [20/42], Total Loss: 3.5784, NLL: 2.9715, Masked: 20.0868, Reg: 0.582041
Epoch [21/42], Total Loss: 3.5679, NLL: 2.9628, Masked: 19.7770, Reg: 0.580494
Epoch [22/42], Total Loss: 3.5588, NLL: 2.9542, Masked: 19.4743, Reg: 0.580379
Epoch [23/42], Total Loss: 3.5500, NLL: 2.9458, Masked: 19.1750, Reg: 0.580464
Epoch [24/42], Total Loss: 3.5413, NLL: 2.9373, Masked: 18.8790, Reg: 0.580589
Epoch [25/42], Total Loss: 3.5327, NLL: 2.9289, Masked: 18.5875, Reg: 0.580709
Epoch [26/42], Total Loss: 3.5242, NLL: 2.9207, Masked: 18.3068, Reg: 0.580815
Epoch [27/42], Total Loss: 3.5158, NLL: 2.9125, Masked: 18.0240, Reg: 0.580925
Epoch [28/42], Total Loss: 3.5073, NLL: 2.9043, Masked: 17.7474, Reg: 0.581050
Epoch [29/42], Total Loss: 3.4991, NLL: 2.8962, Masked: 17.4797, Reg: 0.581125
Epoch [30/42], Total Loss: 3.4908, NLL: 2.8882, Masked: 17.2097, Reg: 0.581228
Epoch [31/42], Total Loss: 3.4826, NLL: 2.8802, Masked: 16.9441, Reg: 0.581351
Epoch [32/42], Total Loss: 3.4745, NLL: 2.8723, Masked: 16.6870, Reg: 0.581487
Epoch [33/42], Total Loss: 3.4665, NLL: 2.8645, Masked: 16.4319, Reg: 0.581631
Epoch [34/42], Total Loss: 3.4586, NLL: 2.8567, Masked: 16.1801, Reg: 0.581764
Epoch [35/42], Total Loss: 3.4507, NLL: 2.8490, Masked: 15.9336, Reg: 0.581922
Epoch [36/42], Total Loss: 3.4430, NLL: 2.8415, Masked: 15.6919, Reg: 0.582018
Epoch [37/42], Total Loss: 3.4353, NLL: 2.8340, Masked: 15.4552, Reg: 0.582139
Epoch [38/42], Total Loss: 3.4277, NLL: 2.8265, Masked: 15.2190, Reg: 0.582293
Epoch [39/42], Total Loss: 3.4202, NLL: 2.8191, Masked: 14.9852, Reg: 0.582512
Epoch [40/42], Total Loss: 3.4128, NLL: 2.8117, Masked: 14.7597, Reg: 0.582735
Epoch [41/42], Total Loss: 3.4054, NLL: 2.8044, Masked: 14.5348, Reg: 0.582932
Epoch [42/42], Total Loss: 3.3982, NLL: 2.7973, Masked: 14.3139, Reg: 0.583130

==================================================
EVALUATING ON TRAINING DATA
==================================================

==================================================
TEST RESULTS
==================================================
Total Loss: 3.395078
  - ZINB NLL: 2.793651
Total number of masked values: 122894
  - Number of values with pi >= 0.32154508419992284: 0
  - Number of values with pi < 0.32154508419992284: 122894
  - Masked Reconstruction: 14.202887
  - Regularization: 0.583802
Mean Absolute Error (MAE): 13.775194
R² Score: -13.249374
==================================================


==================================================
TEST RESULTS
==================================================
Total Loss: 3.394871
  - ZINB NLL: 2.793926
Total number of masked values: 40865
  - Number of values with pi >= 0.32154508419992284: 0
  - Number of values with pi < 0.32154508419992284: 40865
  - Masked Reconstruction: 13.815066
  - Regularization: 0.583802
Mean Absolute Error (MAE): 13.918264
R² Score: -7.175908
==================================================

Using combined metric: zinb_nll (2.793926) + masked_loss (13.815066) = 16.608992

>>> Optimizing combined on VALIDATION set: 16.608992
>>> Full validation metrics: {'total_loss': 3.394870985799761, 'zinb_nll': 2.7939258155538074, 'mae': 13.918264389038086, 'r2': -7.175908088684082, 'masked_loss': 13.81506603155563, 'reg_loss': 0.5838020871098796}


*** Checkpoint saved at iteration 30 ***

Iteration No: 30 ended. Search finished for the next optimal point.
Time taken: 79.4390
Function value obtained: 16.6090
Current minimum: 1.5811
Iteration No: 31 started. Searching for the next optimal point.

================================================================================
Trial with parameters:
  features: Nucl
  data_point_length: 3822
  step_size: 0.6948161886144918
  bin_size: 71
  sample_fraction: 0.9450906792196054
  moving_average: False
  first_layer_size_factor: 51
  num_layers: 2
  use_conv: True
  conv_channel: 42
  pool_size: 5
  kernel_size: 5
  epochs: 42
  batch_size: 128
  pi_threshold: 0.32258218718576986
  learning_rate: 0.00010191058580433147
  dropout_rate: 0.12954034325845082
  masked_recon_weight: 0.0012488574442651086
  regularizer: l1
  regularization_weight: 0.004671957430520468
================================================================================

Creating datasets with:
  features: ['Nucl']
  bin_size: 71
  moving_average: False
  data_point_length: 53 (from 3822)
  step_size: 36 (from fraction 0.6948161886144918)
  layers: [np.int64(816), np.int64(408)] (first=816, num=2)
  stride: 1 (fixed), padding: same (fixed)


Clipping outliers using 95th percentile * 1.5...
strain_yTW001: Clipping values above 134.25 (P95=89.50). Clipped 27529/1193409 values (2.31%)
strain_FD: Clipping values above 71.92 (P95=47.94). Clipped 95791/4127807 values (2.32%)
strain_dnrp: Clipping values above 243.00 (P95=162.00). Clipped 25649/1119454 values (2.29%)
strain_yEK19: Clipping values above 77.10 (P95=51.40). Clipped 83713/3893623 values (2.15%)
strain_yEK23: Clipping values above 72.00 (P95=48.00). Clipped 86381/3558407 values (2.43%)
strain_yWT03a: Clipping values above 15.00 (P95=10.00). Clipped 10602/347679 values (3.05%)
strain_yWT04a: Clipping values above 58.50 (P95=39.00). Clipped 21095/725406 values (2.91%)
strain_ylic137: Clipping values above 142.50 (P95=95.00). Clipped 28746/1112684 values (2.58%)
Standardizing features: ['Nucl']
Column order in final array (Dataset/Chrom split): ['Value', 'Nucleosome_Distance', 'Value_Raw', 'Size_Factor']
Removing 0 empty data points out of 20272
Column order in final array (Dataset/Chrom split): ['Value', 'Nucleosome_Distance', 'Value_Raw', 'Size_Factor']
Removing 0 empty data points out of 6432
Column order in final array (Dataset/Chrom split): ['Value', 'Nucleosome_Distance', 'Value_Raw', 'Size_Factor']
Removing 0 empty data points out of 11088
Datasets created:
  Train: (20272, 53, 4), Val: (6432, 53, 4), Test: (11088, 53, 4)

Randomly sampled 19158/20272 samples (94.5%)
Applied denoising with 15.0% masking
Applied denoising with 15.0% masking
Applied denoising with 15.0% masking
Epoch [1/42], Total Loss: 77.9865, NLL: 3.1469, Masked: 27.0048, Reg: 74.805822
Epoch [2/42], Total Loss: 30.6530, NLL: 3.1368, Masked: 26.5826, Reg: 27.483045
Epoch [3/42], Total Loss: 8.5851, NLL: 3.1268, Masked: 26.1594, Reg: 5.425674
Epoch [4/42], Total Loss: 3.9913, NLL: 3.1168, Masked: 25.7471, Reg: 0.842289
Epoch [5/42], Total Loss: 3.9191, NLL: 3.1070, Masked: 25.3409, Reg: 0.780478
Epoch [6/42], Total Loss: 3.8835, NLL: 3.0972, Masked: 24.9420, Reg: 0.755117
Epoch [7/42], Total Loss: 3.8496, NLL: 3.0876, Masked: 24.5501, Reg: 0.731374
Epoch [8/42], Total Loss: 3.8170, NLL: 3.0779, Masked: 24.1639, Reg: 0.708922
Epoch [9/42], Total Loss: 3.7862, NLL: 3.0684, Masked: 23.7855, Reg: 0.688081
Epoch [10/42], Total Loss: 3.7571, NLL: 3.0589, Masked: 23.4089, Reg: 0.668996
Epoch [11/42], Total Loss: 3.7300, NLL: 3.0495, Masked: 23.0437, Reg: 0.651685
Epoch [12/42], Total Loss: 3.7043, NLL: 3.0402, Masked: 22.6812, Reg: 0.635772
Epoch [13/42], Total Loss: 3.6803, NLL: 3.0309, Masked: 22.3304, Reg: 0.621423
Epoch [14/42], Total Loss: 3.6577, NLL: 3.0218, Masked: 21.9823, Reg: 0.608519
Epoch [15/42], Total Loss: 3.6370, NLL: 3.0127, Masked: 21.6357, Reg: 0.597287
Epoch [16/42], Total Loss: 3.6178, NLL: 3.0036, Masked: 21.2989, Reg: 0.587617
Epoch [17/42], Total Loss: 3.6002, NLL: 2.9946, Masked: 20.9664, Reg: 0.579406
Epoch [18/42], Total Loss: 3.5845, NLL: 2.9857, Masked: 20.6405, Reg: 0.573031
Epoch [19/42], Total Loss: 3.5708, NLL: 2.9769, Masked: 20.3203, Reg: 0.568497
Epoch [20/42], Total Loss: 3.5590, NLL: 2.9681, Masked: 20.0032, Reg: 0.565915
Epoch [21/42], Total Loss: 3.5490, NLL: 2.9594, Masked: 19.6940, Reg: 0.564983
Epoch [22/42], Total Loss: 3.5400, NLL: 2.9508, Masked: 19.3860, Reg: 0.565010
Epoch [23/42], Total Loss: 3.5312, NLL: 2.9423, Masked: 19.0877, Reg: 0.565107
Epoch [24/42], Total Loss: 3.5224, NLL: 2.9337, Masked: 18.7896, Reg: 0.565229
Epoch [25/42], Total Loss: 3.5138, NLL: 2.9253, Masked: 18.4995, Reg: 0.565340
Epoch [26/42], Total Loss: 3.5052, NLL: 2.9170, Masked: 18.2134, Reg: 0.565469
Epoch [27/42], Total Loss: 3.4967, NLL: 2.9087, Masked: 17.9308, Reg: 0.565582
Epoch [28/42], Total Loss: 3.4882, NLL: 2.9005, Masked: 17.6528, Reg: 0.565723
Epoch [29/42], Total Loss: 3.4799, NLL: 2.8923, Masked: 17.3807, Reg: 0.565850
Epoch [30/42], Total Loss: 3.4716, NLL: 2.8842, Masked: 17.1108, Reg: 0.565985
Epoch [31/42], Total Loss: 3.4634, NLL: 2.8762, Masked: 16.8445, Reg: 0.566136
Epoch [32/42], Total Loss: 3.4553, NLL: 2.8683, Masked: 16.5867, Reg: 0.566273
Epoch [33/42], Total Loss: 3.4472, NLL: 2.8604, Masked: 16.3294, Reg: 0.566449
Epoch [34/42], Total Loss: 3.4393, NLL: 2.8526, Masked: 16.0776, Reg: 0.566595
Epoch [35/42], Total Loss: 3.4314, NLL: 2.8449, Masked: 15.8300, Reg: 0.566767
Epoch [36/42], Total Loss: 3.4236, NLL: 2.8372, Masked: 15.5854, Reg: 0.566944
Epoch [37/42], Total Loss: 3.4159, NLL: 2.8296, Masked: 15.3461, Reg: 0.567130
Epoch [38/42], Total Loss: 3.4082, NLL: 2.8221, Masked: 15.1105, Reg: 0.567302
Epoch [39/42], Total Loss: 3.4007, NLL: 2.8146, Masked: 14.8762, Reg: 0.567494
Epoch [40/42], Total Loss: 3.3932, NLL: 2.8072, Masked: 14.6485, Reg: 0.567698
Epoch [41/42], Total Loss: 3.3858, NLL: 2.7999, Masked: 14.4238, Reg: 0.567899
Epoch [42/42], Total Loss: 3.3785, NLL: 2.7926, Masked: 14.2024, Reg: 0.568109

==================================================
EVALUATING ON TRAINING DATA
==================================================

==================================================
TEST RESULTS
==================================================
Total Loss: 3.374786
  - ZINB NLL: 2.789002
Total number of masked values: 122648
  - Number of values with pi >= 0.32258218718576986: 0
  - Number of values with pi < 0.32258218718576986: 122648
  - Masked Reconstruction: 14.092437
  - Regularization: 0.568185
Mean Absolute Error (MAE): 13.665300
R² Score: -13.037956
==================================================


==================================================
TEST RESULTS
==================================================
Total Loss: 3.375965
  - ZINB NLL: 2.790643
Total number of masked values: 40865
  - Number of values with pi >= 0.32258218718576986: 0
  - Number of values with pi < 0.32258218718576986: 40865
  - Masked Reconstruction: 13.721699
  - Regularization: 0.568185
Mean Absolute Error (MAE): 13.826538
R² Score: -7.071805
==================================================

Using combined metric: zinb_nll (2.790643) + masked_loss (13.721699) = 16.512342

>>> Optimizing combined on VALIDATION set: 16.512342
>>> Full validation metrics: {'total_loss': 3.375964532444133, 'zinb_nll': 2.7906434393640773, 'mae': 13.8265380859375, 'r2': -7.071805000305176, 'masked_loss': 13.721699059899173, 'reg_loss': 0.5681846910350038}

Iteration No: 31 ended. Search finished for the next optimal point.
Time taken: 78.8278
Function value obtained: 16.5123
Current minimum: 1.5811
Iteration No: 32 started. Searching for the next optimal point.

================================================================================
Trial with parameters:
  features: Nucl
  data_point_length: 3820
  step_size: 0.6938975895679778
  bin_size: 71
  sample_fraction: 0.9470066010213536
  moving_average: False
  first_layer_size_factor: 52
  num_layers: 2
  use_conv: True
  conv_channel: 43
  pool_size: 5
  kernel_size: 5
  epochs: 42
  batch_size: 128
  pi_threshold: 0.3217850147919657
  learning_rate: 0.00010136201382807718
  dropout_rate: 0.1294043063706113
  masked_recon_weight: 0.0011883346210623891
  regularizer: l1
  regularization_weight: 0.004615186171624436
================================================================================

Creating datasets with:
  features: ['Nucl']
  bin_size: 71
  moving_average: False
  data_point_length: 53 (from 3820)
  step_size: 36 (from fraction 0.6938975895679778)
  layers: [np.int64(832), np.int64(416)] (first=832, num=2)
  stride: 1 (fixed), padding: same (fixed)


Clipping outliers using 95th percentile * 1.5...
strain_yTW001: Clipping values above 134.25 (P95=89.50). Clipped 27529/1193409 values (2.31%)
strain_FD: Clipping values above 71.92 (P95=47.94). Clipped 95791/4127807 values (2.32%)
strain_dnrp: Clipping values above 243.00 (P95=162.00). Clipped 25649/1119454 values (2.29%)
strain_yEK19: Clipping values above 77.10 (P95=51.40). Clipped 83713/3893623 values (2.15%)
strain_yEK23: Clipping values above 72.00 (P95=48.00). Clipped 86381/3558407 values (2.43%)
strain_yWT03a: Clipping values above 15.00 (P95=10.00). Clipped 10602/347679 values (3.05%)
strain_yWT04a: Clipping values above 58.50 (P95=39.00). Clipped 21095/725406 values (2.91%)
strain_ylic137: Clipping values above 142.50 (P95=95.00). Clipped 28746/1112684 values (2.58%)
Standardizing features: ['Nucl']
Column order in final array (Dataset/Chrom split): ['Value', 'Nucleosome_Distance', 'Value_Raw', 'Size_Factor']
Removing 0 empty data points out of 20272
Column order in final array (Dataset/Chrom split): ['Value', 'Nucleosome_Distance', 'Value_Raw', 'Size_Factor']
Removing 0 empty data points out of 6432
Column order in final array (Dataset/Chrom split): ['Value', 'Nucleosome_Distance', 'Value_Raw', 'Size_Factor']
Removing 0 empty data points out of 11088
Datasets created:
  Train: (20272, 53, 4), Val: (6432, 53, 4), Test: (11088, 53, 4)

Randomly sampled 19197/20272 samples (94.7%)
Applied denoising with 15.0% masking
Applied denoising with 15.0% masking
Applied denoising with 15.0% masking
Epoch [1/42], Total Loss: 79.0765, NLL: 3.1451, Masked: 26.9918, Reg: 75.899296
Epoch [2/42], Total Loss: 30.8155, NLL: 3.1350, Masked: 26.5699, Reg: 27.648858
Epoch [3/42], Total Loss: 8.5052, NLL: 3.1251, Masked: 26.1540, Reg: 5.349044
Epoch [4/42], Total Loss: 3.9848, NLL: 3.1152, Masked: 25.7424, Reg: 0.838991
Epoch [5/42], Total Loss: 3.9175, NLL: 3.1054, Masked: 25.3387, Reg: 0.781916
Epoch [6/42], Total Loss: 3.8812, NLL: 3.0957, Masked: 24.9424, Reg: 0.755874
Epoch [7/42], Total Loss: 3.8464, NLL: 3.0861, Masked: 24.5487, Reg: 0.731123
Epoch [8/42], Total Loss: 3.8130, NLL: 3.0765, Masked: 24.1655, Reg: 0.707803
Epoch [9/42], Total Loss: 3.7817, NLL: 3.0670, Masked: 23.7882, Reg: 0.686355
Epoch [10/42], Total Loss: 3.7523, NLL: 3.0576, Masked: 23.4161, Reg: 0.666894
Epoch [11/42], Total Loss: 3.7250, NLL: 3.0483, Masked: 23.0483, Reg: 0.649315
Epoch [12/42], Total Loss: 3.6996, NLL: 3.0390, Masked: 22.6915, Reg: 0.633595
Epoch [13/42], Total Loss: 3.6756, NLL: 3.0298, Masked: 22.3416, Reg: 0.619256
Epoch [14/42], Total Loss: 3.6532, NLL: 3.0206, Masked: 21.9922, Reg: 0.606460
Epoch [15/42], Total Loss: 3.6322, NLL: 3.0116, Masked: 21.6492, Reg: 0.594886
Epoch [16/42], Total Loss: 3.6127, NLL: 3.0026, Masked: 21.3147, Reg: 0.584775
Epoch [17/42], Total Loss: 3.5948, NLL: 2.9937, Masked: 20.9842, Reg: 0.576231
Epoch [18/42], Total Loss: 3.5786, NLL: 2.9848, Masked: 20.6600, Reg: 0.569265
Epoch [19/42], Total Loss: 3.5643, NLL: 2.9760, Masked: 20.3375, Reg: 0.564162
Epoch [20/42], Total Loss: 3.5521, NLL: 2.9673, Masked: 20.0231, Reg: 0.560996
Epoch [21/42], Total Loss: 3.5419, NLL: 2.9586, Masked: 19.7137, Reg: 0.559856
Epoch [22/42], Total Loss: 3.5330, NLL: 2.9500, Masked: 19.4091, Reg: 0.559864
Epoch [23/42], Total Loss: 3.5242, NLL: 2.9415, Masked: 19.1107, Reg: 0.559961
Epoch [24/42], Total Loss: 3.5155, NLL: 2.9330, Masked: 18.8146, Reg: 0.560044
Epoch [25/42], Total Loss: 3.5068, NLL: 2.9247, Masked: 18.5267, Reg: 0.560144
Epoch [26/42], Total Loss: 3.4983, NLL: 2.9163, Masked: 18.2387, Reg: 0.560275
Epoch [27/42], Total Loss: 3.4898, NLL: 2.9081, Masked: 17.9575, Reg: 0.560411
Epoch [28/42], Total Loss: 3.4815, NLL: 2.8999, Masked: 17.6803, Reg: 0.560538
Epoch [29/42], Total Loss: 3.4731, NLL: 2.8918, Masked: 17.4065, Reg: 0.560665
Epoch [30/42], Total Loss: 3.4649, NLL: 2.8837, Masked: 17.1396, Reg: 0.560804
Epoch [31/42], Total Loss: 3.4567, NLL: 2.8758, Masked: 16.8762, Reg: 0.560931
Epoch [32/42], Total Loss: 3.4487, NLL: 2.8678, Masked: 16.6187, Reg: 0.561088
Epoch [33/42], Total Loss: 3.4407, NLL: 2.8600, Masked: 16.3595, Reg: 0.561236
Epoch [34/42], Total Loss: 3.4327, NLL: 2.8522, Masked: 16.1098, Reg: 0.561390
Epoch [35/42], Total Loss: 3.4249, NLL: 2.8445, Masked: 15.8626, Reg: 0.561553
Epoch [36/42], Total Loss: 3.4171, NLL: 2.8369, Masked: 15.6204, Reg: 0.561712
Epoch [37/42], Total Loss: 3.4095, NLL: 2.8293, Masked: 15.3799, Reg: 0.561908
Epoch [38/42], Total Loss: 3.4018, NLL: 2.8218, Masked: 15.1451, Reg: 0.562065
Epoch [39/42], Total Loss: 3.3943, NLL: 2.8143, Masked: 14.9132, Reg: 0.562275
Epoch [40/42], Total Loss: 3.3869, NLL: 2.8070, Masked: 14.6847, Reg: 0.562486
Epoch [41/42], Total Loss: 3.3795, NLL: 2.7996, Masked: 14.4611, Reg: 0.562689
Epoch [42/42], Total Loss: 3.3722, NLL: 2.7924, Masked: 14.2393, Reg: 0.562878

==================================================
EVALUATING ON TRAINING DATA
==================================================

==================================================
TEST RESULTS
==================================================
Total Loss: 3.368468
  - ZINB NLL: 2.788808
Total number of masked values: 122859
  - Number of values with pi >= 0.3217850147919657: 0
  - Number of values with pi < 0.3217850147919657: 122859
  - Masked Reconstruction: 14.129169
  - Regularization: 0.562870
Mean Absolute Error (MAE): 13.692649
R² Score: -13.056696
==================================================


==================================================
TEST RESULTS
==================================================
Total Loss: 3.371182
  - ZINB NLL: 2.791974
Total number of masked values: 40865
  - Number of values with pi >= 0.3217850147919657: 0
  - Number of values with pi < 0.3217850147919657: 40865
  - Masked Reconstruction: 13.749022
  - Regularization: 0.562870
Mean Absolute Error (MAE): 13.868767
R² Score: -7.119644
==================================================

Using combined metric: zinb_nll (2.791974) + masked_loss (13.749022) = 16.540996

>>> Optimizing combined on VALIDATION set: 16.540996
>>> Full validation metrics: {'total_loss': 3.3711820787458278, 'zinb_nll': 2.7919738091046535, 'mae': 13.868766784667969, 'r2': -7.1196441650390625, 'masked_loss': 13.749021914467884, 'reg_loss': 0.5628698266087182}

Iteration No: 32 ended. Search finished for the next optimal point.
Time taken: 79.0717
Function value obtained: 16.5410
Current minimum: 1.5811
Iteration No: 33 started. Searching for the next optimal point.

================================================================================
Trial with parameters:
  features: Nucl
  data_point_length: 3818
  step_size: 0.6932941468974796
  bin_size: 71
  sample_fraction: 0.9467767108242017
  moving_average: False
  first_layer_size_factor: 52
  num_layers: 2
  use_conv: True
  conv_channel: 43
  pool_size: 5
  kernel_size: 5
  epochs: 42
  batch_size: 128
  pi_threshold: 0.32579413522786643
  learning_rate: 0.00010117985076892272
  dropout_rate: 0.1293019604083914
  masked_recon_weight: 0.0011688026569389833
  regularizer: l1
  regularization_weight: 0.0046042838503474225
================================================================================

Creating datasets with:
  features: ['Nucl']
  bin_size: 71
  moving_average: False
  data_point_length: 53 (from 3818)
  step_size: 36 (from fraction 0.6932941468974796)
  layers: [np.int64(832), np.int64(416)] (first=832, num=2)
  stride: 1 (fixed), padding: same (fixed)


Clipping outliers using 95th percentile * 1.5...
strain_yTW001: Clipping values above 134.25 (P95=89.50). Clipped 27529/1193409 values (2.31%)
strain_FD: Clipping values above 71.92 (P95=47.94). Clipped 95791/4127807 values (2.32%)
strain_dnrp: Clipping values above 243.00 (P95=162.00). Clipped 25649/1119454 values (2.29%)
strain_yEK19: Clipping values above 77.10 (P95=51.40). Clipped 83713/3893623 values (2.15%)
strain_yEK23: Clipping values above 72.00 (P95=48.00). Clipped 86381/3558407 values (2.43%)
strain_yWT03a: Clipping values above 15.00 (P95=10.00). Clipped 10602/347679 values (3.05%)
strain_yWT04a: Clipping values above 58.50 (P95=39.00). Clipped 21095/725406 values (2.91%)
strain_ylic137: Clipping values above 142.50 (P95=95.00). Clipped 28746/1112684 values (2.58%)
Standardizing features: ['Nucl']
Column order in final array (Dataset/Chrom split): ['Value', 'Nucleosome_Distance', 'Value_Raw', 'Size_Factor']
Removing 0 empty data points out of 20272
Column order in final array (Dataset/Chrom split): ['Value', 'Nucleosome_Distance', 'Value_Raw', 'Size_Factor']
Removing 0 empty data points out of 6432
Column order in final array (Dataset/Chrom split): ['Value', 'Nucleosome_Distance', 'Value_Raw', 'Size_Factor']
Removing 0 empty data points out of 11088
Datasets created:
  Train: (20272, 53, 4), Val: (6432, 53, 4), Test: (11088, 53, 4)

Randomly sampled 19193/20272 samples (94.7%)
Applied denoising with 15.0% masking
Applied denoising with 15.0% masking
Applied denoising with 15.0% masking
Epoch [1/42], Total Loss: 78.9295, NLL: 3.1454, Masked: 26.9796, Reg: 75.752539
Epoch [2/42], Total Loss: 30.8227, NLL: 3.1352, Masked: 26.5556, Reg: 27.656449
Epoch [3/42], Total Loss: 8.5295, NLL: 3.1253, Masked: 26.1389, Reg: 5.373610
Epoch [4/42], Total Loss: 3.9627, NLL: 3.1155, Masked: 25.7242, Reg: 0.817128
Epoch [5/42], Total Loss: 3.8943, NLL: 3.1057, Masked: 25.3250, Reg: 0.758954
Epoch [6/42], Total Loss: 3.8592, NLL: 3.0960, Masked: 24.9259, Reg: 0.734053
Epoch [7/42], Total Loss: 3.8260, NLL: 3.0864, Masked: 24.5362, Reg: 0.710982
Epoch [8/42], Total Loss: 3.7948, NLL: 3.0768, Masked: 24.1521, Reg: 0.689753
Epoch [9/42], Total Loss: 3.7654, NLL: 3.0674, Masked: 23.7774, Reg: 0.670227
Epoch [10/42], Total Loss: 3.7374, NLL: 3.0579, Masked: 23.4090, Reg: 0.652137
Epoch [11/42], Total Loss: 3.7114, NLL: 3.0486, Masked: 23.0428, Reg: 0.635865
Epoch [12/42], Total Loss: 3.6870, NLL: 3.0393, Masked: 22.6848, Reg: 0.621147
Epoch [13/42], Total Loss: 3.6637, NLL: 3.0302, Masked: 22.3345, Reg: 0.607476
Epoch [14/42], Total Loss: 3.6420, NLL: 3.0210, Masked: 21.9859, Reg: 0.595296
Epoch [15/42], Total Loss: 3.6221, NLL: 3.0120, Masked: 21.6454, Reg: 0.584840
Epoch [16/42], Total Loss: 3.6040, NLL: 3.0030, Masked: 21.3082, Reg: 0.576154
Epoch [17/42], Total Loss: 3.5876, NLL: 2.9941, Masked: 20.9791, Reg: 0.569052
Epoch [18/42], Total Loss: 3.5733, NLL: 2.9852, Masked: 20.6525, Reg: 0.563906
Epoch [19/42], Total Loss: 3.5607, NLL: 2.9764, Masked: 20.3355, Reg: 0.560524
Epoch [20/42], Total Loss: 3.5499, NLL: 2.9677, Masked: 20.0198, Reg: 0.558766
Epoch [21/42], Total Loss: 3.5403, NLL: 2.9591, Masked: 19.7096, Reg: 0.558203
Epoch [22/42], Total Loss: 3.5314, NLL: 2.9505, Masked: 19.4048, Reg: 0.558207
Epoch [23/42], Total Loss: 3.5226, NLL: 2.9420, Masked: 19.1068, Reg: 0.558284
Epoch [24/42], Total Loss: 3.5139, NLL: 2.9335, Masked: 18.8135, Reg: 0.558421
Epoch [25/42], Total Loss: 3.5053, NLL: 2.9252, Masked: 18.5218, Reg: 0.558502
Epoch [26/42], Total Loss: 3.4968, NLL: 2.9168, Masked: 18.2381, Reg: 0.558616
Epoch [27/42], Total Loss: 3.4883, NLL: 2.9086, Masked: 17.9567, Reg: 0.558749
Epoch [28/42], Total Loss: 3.4800, NLL: 2.9004, Masked: 17.6799, Reg: 0.558885
Epoch [29/42], Total Loss: 3.4717, NLL: 2.8923, Masked: 17.4096, Reg: 0.559013
Epoch [30/42], Total Loss: 3.4634, NLL: 2.8842, Masked: 17.1418, Reg: 0.559156
Epoch [31/42], Total Loss: 3.4553, NLL: 2.8763, Masked: 16.8782, Reg: 0.559291
Epoch [32/42], Total Loss: 3.4472, NLL: 2.8684, Masked: 16.6202, Reg: 0.559442
Epoch [33/42], Total Loss: 3.4392, NLL: 2.8605, Masked: 16.3658, Reg: 0.559595
Epoch [34/42], Total Loss: 3.4313, NLL: 2.8527, Masked: 16.1136, Reg: 0.559772
Epoch [35/42], Total Loss: 3.4235, NLL: 2.8450, Masked: 15.8681, Reg: 0.559960
Epoch [36/42], Total Loss: 3.4158, NLL: 2.8374, Masked: 15.6246, Reg: 0.560122
Epoch [37/42], Total Loss: 3.4081, NLL: 2.8298, Masked: 15.3872, Reg: 0.560310
Epoch [38/42], Total Loss: 3.4005, NLL: 2.8223, Masked: 15.1499, Reg: 0.560502
Epoch [39/42], Total Loss: 3.3930, NLL: 2.8149, Masked: 14.9184, Reg: 0.560683
Epoch [40/42], Total Loss: 3.3856, NLL: 2.8075, Masked: 14.6915, Reg: 0.560904
Epoch [41/42], Total Loss: 3.3782, NLL: 2.8002, Masked: 14.4658, Reg: 0.561090
Epoch [42/42], Total Loss: 3.3709, NLL: 2.7930, Masked: 14.2465, Reg: 0.561307

==================================================
EVALUATING ON TRAINING DATA
==================================================

==================================================
TEST RESULTS
==================================================
Total Loss: 3.367279
  - ZINB NLL: 2.789352
Total number of masked values: 122859
  - Number of values with pi >= 0.32579413522786643: 0
  - Number of values with pi < 0.32579413522786643: 122859
  - Masked Reconstruction: 14.137306
  - Regularization: 0.561403
Mean Absolute Error (MAE): 13.713899
R² Score: -13.278302
==================================================


==================================================
TEST RESULTS
==================================================
Total Loss: 3.369955
  - ZINB NLL: 2.792454
Total number of masked values: 40865
  - Number of values with pi >= 0.32579413522786643: 0
  - Number of values with pi < 0.32579413522786643: 40865
  - Masked Reconstruction: 13.772438
  - Regularization: 0.561403
Mean Absolute Error (MAE): 13.883613
R² Score: -7.136500
==================================================

Using combined metric: zinb_nll (2.792454) + masked_loss (13.772438) = 16.564892

>>> Optimizing combined on VALIDATION set: 16.564892
>>> Full validation metrics: {'total_loss': 3.3699545812844045, 'zinb_nll': 2.792454324551483, 'mae': 13.883612632751465, 'r2': -7.136500358581543, 'masked_loss': 13.772437828690258, 'reg_loss': 0.5614029658703289}

Iteration No: 33 ended. Search finished for the next optimal point.
Time taken: 79.1783
Function value obtained: 16.5649
Current minimum: 1.5811
Iteration No: 34 started. Searching for the next optimal point.

================================================================================
Trial with parameters:
  features: Nucl
  data_point_length: 3835
  step_size: 0.6958945133002752
  bin_size: 71
  sample_fraction: 0.9418476053651825
  moving_average: False
  first_layer_size_factor: 52
  num_layers: 2
  use_conv: True
  conv_channel: 43
  pool_size: 5
  kernel_size: 5
  epochs: 43
  batch_size: 128
  pi_threshold: 0.3248204989710364
  learning_rate: 0.00010060813402196644
  dropout_rate: 0.12958598971231572
  masked_recon_weight: 0.0012528684235901429
  regularizer: l1
  regularization_weight: 0.004423839977736192
================================================================================

Creating datasets with:
  features: ['Nucl']
  bin_size: 71
  moving_average: False
  data_point_length: 54 (from 3835)
  step_size: 37 (from fraction 0.6958945133002752)
  layers: [np.int64(832), np.int64(416)] (first=832, num=2)
  stride: 1 (fixed), padding: same (fixed)


Clipping outliers using 95th percentile * 1.5...
strain_yTW001: Clipping values above 134.25 (P95=89.50). Clipped 27529/1193409 values (2.31%)
strain_FD: Clipping values above 71.92 (P95=47.94). Clipped 95791/4127807 values (2.32%)
strain_dnrp: Clipping values above 243.00 (P95=162.00). Clipped 25649/1119454 values (2.29%)
strain_yEK19: Clipping values above 77.10 (P95=51.40). Clipped 83713/3893623 values (2.15%)
strain_yEK23: Clipping values above 72.00 (P95=48.00). Clipped 86381/3558407 values (2.43%)
strain_yWT03a: Clipping values above 15.00 (P95=10.00). Clipped 10602/347679 values (3.05%)
strain_yWT04a: Clipping values above 58.50 (P95=39.00). Clipped 21095/725406 values (2.91%)
strain_ylic137: Clipping values above 142.50 (P95=95.00). Clipped 28746/1112684 values (2.58%)
Standardizing features: ['Nucl']
Column order in final array (Dataset/Chrom split): ['Value', 'Nucleosome_Distance', 'Value_Raw', 'Size_Factor']
Removing 0 empty data points out of 19736
Column order in final array (Dataset/Chrom split): ['Value', 'Nucleosome_Distance', 'Value_Raw', 'Size_Factor']
Removing 0 empty data points out of 6256
Column order in final array (Dataset/Chrom split): ['Value', 'Nucleosome_Distance', 'Value_Raw', 'Size_Factor']
Removing 0 empty data points out of 10784
Datasets created:
  Train: (19736, 54, 4), Val: (6256, 54, 4), Test: (10784, 54, 4)

Randomly sampled 18588/19736 samples (94.2%)
Applied denoising with 15.0% masking
Applied denoising with 15.0% masking
Applied denoising with 15.0% masking
Epoch [1/43], Total Loss: 77.0216, NLL: 3.1510, Masked: 27.4085, Reg: 73.836211
Epoch [2/43], Total Loss: 31.4044, NLL: 3.1414, Masked: 26.9964, Reg: 28.229263
Epoch [3/43], Total Loss: 9.2582, NLL: 3.1318, Masked: 26.5855, Reg: 6.093105
Epoch [4/43], Total Loss: 4.0256, NLL: 3.1222, Masked: 26.1828, Reg: 0.870562
Epoch [5/43], Total Loss: 3.9077, NLL: 3.1127, Masked: 25.7822, Reg: 0.762641
Epoch [6/43], Total Loss: 3.8739, NLL: 3.1033, Masked: 25.3927, Reg: 0.738795
Epoch [7/43], Total Loss: 3.8416, NLL: 3.0940, Masked: 25.0018, Reg: 0.716302
Epoch [8/43], Total Loss: 3.8105, NLL: 3.0847, Masked: 24.6274, Reg: 0.694929
Epoch [9/43], Total Loss: 3.7805, NLL: 3.0755, Masked: 24.2527, Reg: 0.674646
Epoch [10/43], Total Loss: 3.7520, NLL: 3.0664, Masked: 23.8858, Reg: 0.655701
Epoch [11/43], Total Loss: 3.7251, NLL: 3.0573, Masked: 23.5274, Reg: 0.638278
Epoch [12/43], Total Loss: 3.6998, NLL: 3.0483, Masked: 23.1723, Reg: 0.622498
Epoch [13/43], Total Loss: 3.6763, NLL: 3.0394, Masked: 22.8219, Reg: 0.608328
Epoch [14/43], Total Loss: 3.6543, NLL: 3.0305, Masked: 22.4813, Reg: 0.595567
Epoch [15/43], Total Loss: 3.6339, NLL: 3.0217, Masked: 22.1371, Reg: 0.584502
Epoch [16/43], Total Loss: 3.6150, NLL: 3.0130, Masked: 21.8085, Reg: 0.574732
Epoch [17/43], Total Loss: 3.5971, NLL: 3.0043, Masked: 21.4814, Reg: 0.565877
Epoch [18/43], Total Loss: 3.5807, NLL: 2.9957, Masked: 21.1578, Reg: 0.558486
Epoch [19/43], Total Loss: 3.5661, NLL: 2.9871, Masked: 20.8390, Reg: 0.552914
Epoch [20/43], Total Loss: 3.5533, NLL: 2.9786, Masked: 20.5253, Reg: 0.548986
Epoch [21/43], Total Loss: 3.5421, NLL: 2.9702, Masked: 20.2213, Reg: 0.546537
Epoch [22/43], Total Loss: 3.5326, NLL: 2.9618, Masked: 19.9155, Reg: 0.545800
Epoch [23/43], Total Loss: 3.5240, NLL: 2.9536, Masked: 19.6217, Reg: 0.545865
Epoch [24/43], Total Loss: 3.5155, NLL: 2.9453, Masked: 19.3270, Reg: 0.545993
Epoch [25/43], Total Loss: 3.5071, NLL: 2.9371, Masked: 19.0351, Reg: 0.546095
Epoch [26/43], Total Loss: 3.4987, NLL: 2.9290, Masked: 18.7532, Reg: 0.546220
Epoch [27/43], Total Loss: 3.4905, NLL: 2.9210, Masked: 18.4717, Reg: 0.546355
Epoch [28/43], Total Loss: 3.4823, NLL: 2.9130, Masked: 18.1968, Reg: 0.546497
Epoch [29/43], Total Loss: 3.4742, NLL: 2.9051, Masked: 17.9257, Reg: 0.546630
Epoch [30/43], Total Loss: 3.4661, NLL: 2.8972, Masked: 17.6577, Reg: 0.546780
Epoch [31/43], Total Loss: 3.4581, NLL: 2.8894, Masked: 17.3915, Reg: 0.546928
Epoch [32/43], Total Loss: 3.4502, NLL: 2.8817, Masked: 17.1352, Reg: 0.547081
Epoch [33/43], Total Loss: 3.4424, NLL: 2.8740, Masked: 16.8806, Reg: 0.547228
Epoch [34/43], Total Loss: 3.4346, NLL: 2.8664, Masked: 16.6296, Reg: 0.547398
Epoch [35/43], Total Loss: 3.4269, NLL: 2.8589, Masked: 16.3811, Reg: 0.547551
Epoch [36/43], Total Loss: 3.4193, NLL: 2.8514, Masked: 16.1370, Reg: 0.547751
Epoch [37/43], Total Loss: 3.4118, NLL: 2.8439, Masked: 15.8951, Reg: 0.547932
Epoch [38/43], Total Loss: 3.4043, NLL: 2.8366, Masked: 15.6592, Reg: 0.548131
Epoch [39/43], Total Loss: 3.3969, NLL: 2.8293, Masked: 15.4280, Reg: 0.548321
Epoch [40/43], Total Loss: 3.3896, NLL: 2.8221, Masked: 15.1990, Reg: 0.548500
Epoch [41/43], Total Loss: 3.3824, NLL: 2.8149, Masked: 14.9739, Reg: 0.548711
Epoch [42/43], Total Loss: 3.3752, NLL: 2.8078, Masked: 14.7521, Reg: 0.548925
Epoch [43/43], Total Loss: 3.3681, NLL: 2.8007, Masked: 14.5337, Reg: 0.549174

==================================================
EVALUATING ON TRAINING DATA
==================================================

==================================================
TEST RESULTS
==================================================
Total Loss: 3.364466
  - ZINB NLL: 2.797192
Total number of masked values: 126538
  - Number of values with pi >= 0.3248204989710364: 0
  - Number of values with pi < 0.3248204989710364: 126538
  - Masked Reconstruction: 14.421863
  - Regularization: 0.549205
Mean Absolute Error (MAE): 13.807491
R² Score: -13.302090
==================================================


==================================================
TEST RESULTS
==================================================
Total Loss: 3.358932
  - ZINB NLL: 2.792372
Total number of masked values: 42068
  - Number of values with pi >= 0.3248204989710364: 0
  - Number of values with pi < 0.3248204989710364: 42068
  - Masked Reconstruction: 13.852347
  - Regularization: 0.549205
Mean Absolute Error (MAE): 13.957781
R² Score: -7.286737
==================================================

Using combined metric: zinb_nll (2.792372) + masked_loss (13.852347) = 16.644719

>>> Optimizing combined on VALIDATION set: 16.644719
>>> Full validation metrics: {'total_loss': 3.3589323786518457, 'zinb_nll': 2.7923719797597824, 'mae': 13.957780838012695, 'r2': -7.286737442016602, 'masked_loss': 13.852347120299669, 'reg_loss': 0.5492052607125831}

Iteration No: 34 ended. Search finished for the next optimal point.
Time taken: 78.7953
Function value obtained: 16.6447
Current minimum: 1.5811
Iteration No: 35 started. Searching for the next optimal point.

================================================================================
Trial with parameters:
  features: Nucl
  data_point_length: 3833
  step_size: 0.6954178061013647
  bin_size: 70
  sample_fraction: 0.9382862214738905
  moving_average: False
  first_layer_size_factor: 52
  num_layers: 2
  use_conv: True
  conv_channel: 43
  pool_size: 5
  kernel_size: 5
  epochs: 44
  batch_size: 128
  pi_threshold: 0.32689974798448795
  learning_rate: 9.753047328847244e-05
  dropout_rate: 0.12761057437537757
  masked_recon_weight: 0.0012355392471363926
  regularizer: l1
  regularization_weight: 0.004508922105013691
================================================================================

Creating datasets with:
  features: ['Nucl']
  bin_size: 70
  moving_average: False
  data_point_length: 54 (from 3833)
  step_size: 37 (from fraction 0.6954178061013647)
  layers: [np.int64(832), np.int64(416)] (first=832, num=2)
  stride: 1 (fixed), padding: same (fixed)


Clipping outliers using 95th percentile * 1.5...
strain_yTW001: Clipping values above 134.25 (P95=89.50). Clipped 27529/1193409 values (2.31%)
strain_FD: Clipping values above 71.92 (P95=47.94). Clipped 95791/4127807 values (2.32%)
strain_dnrp: Clipping values above 243.00 (P95=162.00). Clipped 25649/1119454 values (2.29%)
strain_yEK19: Clipping values above 77.10 (P95=51.40). Clipped 83713/3893623 values (2.15%)
strain_yEK23: Clipping values above 72.00 (P95=48.00). Clipped 86381/3558407 values (2.43%)
strain_yWT03a: Clipping values above 15.00 (P95=10.00). Clipped 10602/347679 values (3.05%)
strain_yWT04a: Clipping values above 58.50 (P95=39.00). Clipped 21095/725406 values (2.91%)
strain_ylic137: Clipping values above 142.50 (P95=95.00). Clipped 28746/1112684 values (2.58%)
Standardizing features: ['Nucl']
Column order in final array (Dataset/Chrom split): ['Value', 'Nucleosome_Distance', 'Value_Raw', 'Size_Factor']
Removing 0 empty data points out of 20008
Column order in final array (Dataset/Chrom split): ['Value', 'Nucleosome_Distance', 'Value_Raw', 'Size_Factor']
Removing 0 empty data points out of 6344
Column order in final array (Dataset/Chrom split): ['Value', 'Nucleosome_Distance', 'Value_Raw', 'Size_Factor']
Removing 0 empty data points out of 10936
Datasets created:
  Train: (20008, 54, 4), Val: (6344, 54, 4), Test: (10936, 54, 4)

Randomly sampled 18773/20008 samples (93.8%)
Applied denoising with 15.0% masking
Applied denoising with 15.0% masking
Applied denoising with 15.0% masking
Epoch [1/44], Total Loss: 78.9409, NLL: 3.1472, Masked: 27.4795, Reg: 75.759825
Epoch [2/44], Total Loss: 33.0362, NLL: 3.1376, Masked: 27.0713, Reg: 29.865128
Epoch [3/44], Total Loss: 10.0611, NLL: 3.1282, Masked: 26.6723, Reg: 6.899931
Epoch [4/44], Total Loss: 4.0957, NLL: 3.1189, Masked: 26.2715, Reg: 0.944314
Epoch [5/44], Total Loss: 3.9099, NLL: 3.1097, Masked: 25.8845, Reg: 0.768240
Epoch [6/44], Total Loss: 3.8762, NLL: 3.1005, Masked: 25.5023, Reg: 0.744241
Epoch [7/44], Total Loss: 3.8441, NLL: 3.0913, Masked: 25.1254, Reg: 0.721727
Epoch [8/44], Total Loss: 3.8139, NLL: 3.0823, Masked: 24.7493, Reg: 0.701024
Epoch [9/44], Total Loss: 3.7852, NLL: 3.0732, Masked: 24.3859, Reg: 0.681791
Epoch [10/44], Total Loss: 3.7580, NLL: 3.0643, Masked: 24.0275, Reg: 0.663991
Epoch [11/44], Total Loss: 3.7327, NLL: 3.0554, Masked: 23.6740, Reg: 0.647971
Epoch [12/44], Total Loss: 3.7086, NLL: 3.0466, Masked: 23.3250, Reg: 0.633184
Epoch [13/44], Total Loss: 3.6856, NLL: 3.0379, Masked: 22.9828, Reg: 0.619373
Epoch [14/44], Total Loss: 3.6639, NLL: 3.0292, Masked: 22.6429, Reg: 0.606720
Epoch [15/44], Total Loss: 3.6434, NLL: 3.0206, Masked: 22.3115, Reg: 0.595225
Epoch [16/44], Total Loss: 3.6241, NLL: 3.0120, Masked: 21.9841, Reg: 0.584959
Epoch [17/44], Total Loss: 3.6062, NLL: 3.0035, Masked: 21.6616, Reg: 0.575922
Epoch [18/44], Total Loss: 3.5900, NLL: 2.9951, Masked: 21.3423, Reg: 0.568610
Epoch [19/44], Total Loss: 3.5754, NLL: 2.9867, Masked: 21.0314, Reg: 0.562785
Epoch [20/44], Total Loss: 3.5623, NLL: 2.9784, Masked: 20.7229, Reg: 0.558299
Epoch [21/44], Total Loss: 3.5508, NLL: 2.9701, Masked: 20.4208, Reg: 0.555512
Epoch [22/44], Total Loss: 3.5410, NLL: 2.9619, Masked: 20.1206, Reg: 0.554255
Epoch [23/44], Total Loss: 3.5323, NLL: 2.9538, Masked: 19.8285, Reg: 0.554057
Epoch [24/44], Total Loss: 3.5240, NLL: 2.9457, Masked: 19.5366, Reg: 0.554160
Epoch [25/44], Total Loss: 3.5157, NLL: 2.9376, Masked: 19.2527, Reg: 0.554257
Epoch [26/44], Total Loss: 3.5075, NLL: 2.9297, Masked: 18.9712, Reg: 0.554357
Epoch [27/44], Total Loss: 3.4994, NLL: 2.9218, Masked: 18.6929, Reg: 0.554487
Epoch [28/44], Total Loss: 3.4913, NLL: 2.9139, Masked: 18.4218, Reg: 0.554589
Epoch [29/44], Total Loss: 3.4833, NLL: 2.9061, Masked: 18.1514, Reg: 0.554723
Epoch [30/44], Total Loss: 3.4754, NLL: 2.8984, Masked: 17.8856, Reg: 0.554832
Epoch [31/44], Total Loss: 3.4675, NLL: 2.8908, Masked: 17.6264, Reg: 0.554977
Epoch [32/44], Total Loss: 3.4597, NLL: 2.8831, Masked: 17.3690, Reg: 0.555113
Epoch [33/44], Total Loss: 3.4520, NLL: 2.8756, Masked: 17.1183, Reg: 0.555253
Epoch [34/44], Total Loss: 3.4444, NLL: 2.8681, Masked: 16.8710, Reg: 0.555382
Epoch [35/44], Total Loss: 3.4368, NLL: 2.8607, Masked: 16.6227, Reg: 0.555530
Epoch [36/44], Total Loss: 3.4293, NLL: 2.8533, Masked: 16.3791, Reg: 0.555687
Epoch [37/44], Total Loss: 3.4218, NLL: 2.8460, Masked: 16.1433, Reg: 0.555855
Epoch [38/44], Total Loss: 3.4144, NLL: 2.8388, Masked: 15.9088, Reg: 0.556013
Epoch [39/44], Total Loss: 3.4071, NLL: 2.8316, Masked: 15.6788, Reg: 0.556175
Epoch [40/44], Total Loss: 3.3999, NLL: 2.8245, Masked: 15.4488, Reg: 0.556357
Epoch [41/44], Total Loss: 3.3928, NLL: 2.8174, Masked: 15.2250, Reg: 0.556550
Epoch [42/44], Total Loss: 3.3857, NLL: 2.8104, Masked: 15.0051, Reg: 0.556726
Epoch [43/44], Total Loss: 3.3786, NLL: 2.8035, Masked: 14.7869, Reg: 0.556923
Epoch [44/44], Total Loss: 3.3717, NLL: 2.7966, Masked: 14.5718, Reg: 0.557089

==================================================
EVALUATING ON TRAINING DATA
==================================================

==================================================
TEST RESULTS
==================================================
Total Loss: 3.368251
  - ZINB NLL: 2.793144
Total number of masked values: 127272
  - Number of values with pi >= 0.32689974798448795: 0
  - Number of values with pi < 0.32689974798448795: 127272
  - Masked Reconstruction: 14.466486
  - Regularization: 0.557233
Mean Absolute Error (MAE): 13.835696
R² Score: -13.697408
==================================================


==================================================
TEST RESULTS
==================================================
Total Loss: 3.367200
  - ZINB NLL: 2.792852
Total number of masked values: 42706
  - Number of values with pi >= 0.32689974798448795: 0
  - Number of values with pi < 0.32689974798448795: 42706
  - Masked Reconstruction: 13.851905
  - Regularization: 0.557233
Mean Absolute Error (MAE): 13.978662
R² Score: -7.339463
==================================================

Using combined metric: zinb_nll (2.792852) + masked_loss (13.851905) = 16.644757

>>> Optimizing combined on VALIDATION set: 16.644757
>>> Full validation metrics: {'total_loss': 3.3671998529686755, 'zinb_nll': 2.7928520018636505, 'mae': 13.97866153717041, 'r2': -7.339463233947754, 'masked_loss': 13.85190454677856, 'reg_loss': 0.557233311001756}

Iteration No: 35 ended. Search finished for the next optimal point.
Time taken: 80.2440
Function value obtained: 16.6448
Current minimum: 1.5811
Iteration No: 36 started. Searching for the next optimal point.

================================================================================
Trial with parameters:
  features: Nucl
  data_point_length: 3831
  step_size: 0.6937688019098914
  bin_size: 71
  sample_fraction: 0.9439013940479062
  moving_average: False
  first_layer_size_factor: 51
  num_layers: 2
  use_conv: True
  conv_channel: 43
  pool_size: 5
  kernel_size: 5
  epochs: 44
  batch_size: 128
  pi_threshold: 0.3272854582949856
  learning_rate: 0.00010156205915989846
  dropout_rate: 0.13065172303070108
  masked_recon_weight: 0.0013435656866236875
  regularizer: l1
  regularization_weight: 0.0044636355813879236
================================================================================

Creating datasets with:
  features: ['Nucl']
  bin_size: 71
  moving_average: False
  data_point_length: 53 (from 3831)
  step_size: 36 (from fraction 0.6937688019098914)
  layers: [np.int64(816), np.int64(408)] (first=816, num=2)
  stride: 1 (fixed), padding: same (fixed)


Clipping outliers using 95th percentile * 1.5...
strain_yTW001: Clipping values above 134.25 (P95=89.50). Clipped 27529/1193409 values (2.31%)
strain_FD: Clipping values above 71.92 (P95=47.94). Clipped 95791/4127807 values (2.32%)
strain_dnrp: Clipping values above 243.00 (P95=162.00). Clipped 25649/1119454 values (2.29%)
strain_yEK19: Clipping values above 77.10 (P95=51.40). Clipped 83713/3893623 values (2.15%)
strain_yEK23: Clipping values above 72.00 (P95=48.00). Clipped 86381/3558407 values (2.43%)
strain_yWT03a: Clipping values above 15.00 (P95=10.00). Clipped 10602/347679 values (3.05%)
strain_yWT04a: Clipping values above 58.50 (P95=39.00). Clipped 21095/725406 values (2.91%)
strain_ylic137: Clipping values above 142.50 (P95=95.00). Clipped 28746/1112684 values (2.58%)
Standardizing features: ['Nucl']
Column order in final array (Dataset/Chrom split): ['Value', 'Nucleosome_Distance', 'Value_Raw', 'Size_Factor']
Removing 0 empty data points out of 20272
Column order in final array (Dataset/Chrom split): ['Value', 'Nucleosome_Distance', 'Value_Raw', 'Size_Factor']
Removing 0 empty data points out of 6432
Column order in final array (Dataset/Chrom split): ['Value', 'Nucleosome_Distance', 'Value_Raw', 'Size_Factor']
Removing 0 empty data points out of 11088
Datasets created:
  Train: (20272, 53, 4), Val: (6432, 53, 4), Test: (11088, 53, 4)

Randomly sampled 19134/20272 samples (94.4%)
Applied denoising with 15.0% masking
Applied denoising with 15.0% masking
Applied denoising with 15.0% masking
Epoch [1/44], Total Loss: 75.0428, NLL: 3.1467, Masked: 27.0073, Reg: 71.859752
Epoch [2/44], Total Loss: 29.5314, NLL: 3.1366, Masked: 26.5868, Reg: 26.359092
Epoch [3/44], Total Loss: 8.3246, NLL: 3.1266, Masked: 26.1650, Reg: 5.162800
Epoch [4/44], Total Loss: 3.9538, NLL: 3.1168, Masked: 25.7521, Reg: 0.802462
Epoch [5/44], Total Loss: 3.8842, NLL: 3.1069, Masked: 25.3484, Reg: 0.743221
Epoch [6/44], Total Loss: 3.8494, NLL: 3.0972, Masked: 24.9490, Reg: 0.718653
Epoch [7/44], Total Loss: 3.8166, NLL: 3.0876, Masked: 24.5568, Reg: 0.696075
Epoch [8/44], Total Loss: 3.7857, NLL: 3.0780, Masked: 24.1721, Reg: 0.675200
Epoch [9/44], Total Loss: 3.7563, NLL: 3.0685, Masked: 23.7958, Reg: 0.655882
Epoch [10/44], Total Loss: 3.7284, NLL: 3.0590, Masked: 23.4191, Reg: 0.637891
Epoch [11/44], Total Loss: 3.7018, NLL: 3.0497, Masked: 23.0516, Reg: 0.621191
Epoch [12/44], Total Loss: 3.6766, NLL: 3.0404, Masked: 22.6959, Reg: 0.605758
Epoch [13/44], Total Loss: 3.6528, NLL: 3.0311, Masked: 22.3393, Reg: 0.591723
Epoch [14/44], Total Loss: 3.6312, NLL: 3.0220, Masked: 21.9945, Reg: 0.579660
Epoch [15/44], Total Loss: 3.6115, NLL: 3.0129, Masked: 21.6520, Reg: 0.569489
Epoch [16/44], Total Loss: 3.5933, NLL: 3.0038, Masked: 21.3172, Reg: 0.560809
Epoch [17/44], Total Loss: 3.5766, NLL: 2.9949, Masked: 20.9848, Reg: 0.553485
Epoch [18/44], Total Loss: 3.5613, NLL: 2.9860, Masked: 20.6569, Reg: 0.547477
Epoch [19/44], Total Loss: 3.5477, NLL: 2.9772, Masked: 20.3369, Reg: 0.543230
Epoch [20/44], Total Loss: 3.5363, NLL: 2.9684, Masked: 20.0207, Reg: 0.540976
Epoch [21/44], Total Loss: 3.5265, NLL: 2.9598, Masked: 19.7113, Reg: 0.540219
Epoch [22/44], Total Loss: 3.5175, NLL: 2.9512, Masked: 19.4051, Reg: 0.540262
Epoch [23/44], Total Loss: 3.5087, NLL: 2.9426, Masked: 19.1049, Reg: 0.540389
Epoch [24/44], Total Loss: 3.4999, NLL: 2.9341, Masked: 18.8107, Reg: 0.540498
Epoch [25/44], Total Loss: 3.4912, NLL: 2.9257, Masked: 18.5195, Reg: 0.540638
Epoch [26/44], Total Loss: 3.4826, NLL: 2.9174, Masked: 18.2331, Reg: 0.540767
Epoch [27/44], Total Loss: 3.4741, NLL: 2.9091, Masked: 17.9519, Reg: 0.540900
Epoch [28/44], Total Loss: 3.4657, NLL: 2.9009, Masked: 17.6754, Reg: 0.541052
Epoch [29/44], Total Loss: 3.4573, NLL: 2.8927, Masked: 17.3993, Reg: 0.541204
Epoch [30/44], Total Loss: 3.4490, NLL: 2.8846, Masked: 17.1309, Reg: 0.541372
Epoch [31/44], Total Loss: 3.4408, NLL: 2.8767, Masked: 16.8681, Reg: 0.541521
Epoch [32/44], Total Loss: 3.4327, NLL: 2.8687, Masked: 16.6105, Reg: 0.541704
Epoch [33/44], Total Loss: 3.4247, NLL: 2.8608, Masked: 16.3522, Reg: 0.541870
Epoch [34/44], Total Loss: 3.4167, NLL: 2.8530, Masked: 16.1025, Reg: 0.542060
Epoch [35/44], Total Loss: 3.4088, NLL: 2.8453, Masked: 15.8540, Reg: 0.542241
Epoch [36/44], Total Loss: 3.4010, NLL: 2.8376, Masked: 15.6105, Reg: 0.542435
Epoch [37/44], Total Loss: 3.3933, NLL: 2.8300, Masked: 15.3707, Reg: 0.542644
Epoch [38/44], Total Loss: 3.3856, NLL: 2.8224, Masked: 15.1357, Reg: 0.542862
Epoch [39/44], Total Loss: 3.3781, NLL: 2.8150, Masked: 14.9019, Reg: 0.543071
Epoch [40/44], Total Loss: 3.3706, NLL: 2.8076, Masked: 14.6735, Reg: 0.543290
Epoch [41/44], Total Loss: 3.3632, NLL: 2.8002, Masked: 14.4473, Reg: 0.543524
Epoch [42/44], Total Loss: 3.3559, NLL: 2.7930, Masked: 14.2280, Reg: 0.543766
Epoch [43/44], Total Loss: 3.3486, NLL: 2.7858, Masked: 14.0091, Reg: 0.544004
Epoch [44/44], Total Loss: 3.3414, NLL: 2.7786, Masked: 13.7949, Reg: 0.544287

==================================================
EVALUATING ON TRAINING DATA
==================================================

==================================================
TEST RESULTS
==================================================
Total Loss: 3.337848
  - ZINB NLL: 2.775056
Total number of masked values: 122475
  - Number of values with pi >= 0.3272854582949856: 0
  - Number of values with pi < 0.3272854582949856: 122475
  - Masked Reconstruction: 13.688511
  - Regularization: 0.544401
Mean Absolute Error (MAE): 13.273229
R² Score: -12.230271
==================================================


==================================================
TEST RESULTS
==================================================
Total Loss: 3.339335
  - ZINB NLL: 2.777002
Total number of masked values: 40865
  - Number of values with pi >= 0.3272854582949856: 0
  - Number of values with pi < 0.3272854582949856: 40865
  - Masked Reconstruction: 13.346653
  - Regularization: 0.544401
Mean Absolute Error (MAE): 13.445200
R² Score: -6.646542
==================================================

Using combined metric: zinb_nll (2.777002) + masked_loss (13.346653) = 16.123655

>>> Optimizing combined on VALIDATION set: 16.123655
>>> Full validation metrics: {'total_loss': 3.3393351711444, 'zinb_nll': 2.777002366621103, 'mae': 13.445199966430664, 'r2': -6.646541595458984, 'masked_loss': 13.346652963268223, 'reg_loss': 0.5444006906992985}

Iteration No: 36 ended. Search finished for the next optimal point.
Time taken: 80.7082
Function value obtained: 16.1237
Current minimum: 1.5811
Iteration No: 37 started. Searching for the next optimal point.

================================================================================
Trial with parameters:
  features: Nucl
  data_point_length: 3830
  step_size: 0.6938966400624804
  bin_size: 71
  sample_fraction: 0.9429698327394282
  moving_average: False
  first_layer_size_factor: 51
  num_layers: 2
  use_conv: True
  conv_channel: 42
  pool_size: 5
  kernel_size: 5
  epochs: 43
  batch_size: 128
  pi_threshold: 0.32665468782088464
  learning_rate: 0.00010030576850798576
  dropout_rate: 0.1289228055036133
  masked_recon_weight: 0.0013043199749376707
  regularizer: l1
  regularization_weight: 0.0046686091826414694
================================================================================

Creating datasets with:
  features: ['Nucl']
  bin_size: 71
  moving_average: False
  data_point_length: 53 (from 3830)
  step_size: 36 (from fraction 0.6938966400624804)
  layers: [np.int64(816), np.int64(408)] (first=816, num=2)
  stride: 1 (fixed), padding: same (fixed)


Clipping outliers using 95th percentile * 1.5...
strain_yTW001: Clipping values above 134.25 (P95=89.50). Clipped 27529/1193409 values (2.31%)
strain_FD: Clipping values above 71.92 (P95=47.94). Clipped 95791/4127807 values (2.32%)
strain_dnrp: Clipping values above 243.00 (P95=162.00). Clipped 25649/1119454 values (2.29%)
strain_yEK19: Clipping values above 77.10 (P95=51.40). Clipped 83713/3893623 values (2.15%)
strain_yEK23: Clipping values above 72.00 (P95=48.00). Clipped 86381/3558407 values (2.43%)
strain_yWT03a: Clipping values above 15.00 (P95=10.00). Clipped 10602/347679 values (3.05%)
strain_yWT04a: Clipping values above 58.50 (P95=39.00). Clipped 21095/725406 values (2.91%)
strain_ylic137: Clipping values above 142.50 (P95=95.00). Clipped 28746/1112684 values (2.58%)
Standardizing features: ['Nucl']
Column order in final array (Dataset/Chrom split): ['Value', 'Nucleosome_Distance', 'Value_Raw', 'Size_Factor']
Removing 0 empty data points out of 20272
Column order in final array (Dataset/Chrom split): ['Value', 'Nucleosome_Distance', 'Value_Raw', 'Size_Factor']
Removing 0 empty data points out of 6432
Column order in final array (Dataset/Chrom split): ['Value', 'Nucleosome_Distance', 'Value_Raw', 'Size_Factor']
Removing 0 empty data points out of 11088
Datasets created:
  Train: (20272, 53, 4), Val: (6432, 53, 4), Test: (11088, 53, 4)

Randomly sampled 19115/20272 samples (94.3%)
Applied denoising with 15.0% masking
Applied denoising with 15.0% masking
Applied denoising with 15.0% masking
Epoch [1/43], Total Loss: 78.5368, NLL: 3.1452, Masked: 27.0134, Reg: 75.356332
Epoch [2/43], Total Loss: 31.4781, NLL: 3.1352, Masked: 26.5916, Reg: 28.308145
Epoch [3/43], Total Loss: 9.0306, NLL: 3.1254, Masked: 26.1795, Reg: 5.871059
Epoch [4/43], Total Loss: 4.0131, NLL: 3.1156, Masked: 25.7698, Reg: 0.863876
Epoch [5/43], Total Loss: 3.9175, NLL: 3.1059, Masked: 25.3718, Reg: 0.778477
Epoch [6/43], Total Loss: 3.8817, NLL: 3.0963, Masked: 24.9775, Reg: 0.752775
Epoch [7/43], Total Loss: 3.8477, NLL: 3.0868, Masked: 24.5874, Reg: 0.728825
Epoch [8/43], Total Loss: 3.8154, NLL: 3.0773, Masked: 24.2102, Reg: 0.706460
Epoch [9/43], Total Loss: 3.7847, NLL: 3.0679, Masked: 23.8353, Reg: 0.685654
Epoch [10/43], Total Loss: 3.7556, NLL: 3.0586, Masked: 23.4694, Reg: 0.666442
Epoch [11/43], Total Loss: 3.7286, NLL: 3.0494, Masked: 23.1045, Reg: 0.649064
Epoch [12/43], Total Loss: 3.7030, NLL: 3.0402, Masked: 22.7502, Reg: 0.633183
Epoch [13/43], Total Loss: 3.6791, NLL: 3.0310, Masked: 22.3975, Reg: 0.618826
Epoch [14/43], Total Loss: 3.6570, NLL: 3.0220, Masked: 22.0539, Reg: 0.606241
Epoch [15/43], Total Loss: 3.6365, NLL: 3.0130, Masked: 21.7133, Reg: 0.595173
Epoch [16/43], Total Loss: 3.6177, NLL: 3.0041, Masked: 21.3789, Reg: 0.585766
Epoch [17/43], Total Loss: 3.6010, NLL: 2.9952, Masked: 21.0530, Reg: 0.578315
Epoch [18/43], Total Loss: 3.5860, NLL: 2.9865, Masked: 20.7310, Reg: 0.572463
Epoch [19/43], Total Loss: 3.5724, NLL: 2.9778, Masked: 20.4132, Reg: 0.568043
Epoch [20/43], Total Loss: 3.5604, NLL: 2.9691, Masked: 20.0999, Reg: 0.565014
Epoch [21/43], Total Loss: 3.5499, NLL: 2.9605, Masked: 19.7941, Reg: 0.563558
Epoch [22/43], Total Loss: 3.5409, NLL: 2.9520, Masked: 19.4920, Reg: 0.563442
Epoch [23/43], Total Loss: 3.5322, NLL: 2.9436, Masked: 19.1932, Reg: 0.563562
Epoch [24/43], Total Loss: 3.5235, NLL: 2.9352, Masked: 18.9008, Reg: 0.563661
Epoch [25/43], Total Loss: 3.5149, NLL: 2.9269, Masked: 18.6132, Reg: 0.563770
Epoch [26/43], Total Loss: 3.5064, NLL: 2.9187, Masked: 18.3270, Reg: 0.563874
Epoch [27/43], Total Loss: 3.4980, NLL: 2.9105, Masked: 18.0494, Reg: 0.564006
Epoch [28/43], Total Loss: 3.4897, NLL: 2.9024, Masked: 17.7752, Reg: 0.564121
Epoch [29/43], Total Loss: 3.4814, NLL: 2.8943, Masked: 17.5033, Reg: 0.564255
Epoch [30/43], Total Loss: 3.4732, NLL: 2.8863, Masked: 17.2389, Reg: 0.564396
Epoch [31/43], Total Loss: 3.4651, NLL: 2.8784, Masked: 16.9771, Reg: 0.564521
Epoch [32/43], Total Loss: 3.4570, NLL: 2.8705, Masked: 16.7195, Reg: 0.564686
Epoch [33/43], Total Loss: 3.4491, NLL: 2.8628, Masked: 16.4665, Reg: 0.564804
Epoch [34/43], Total Loss: 3.4412, NLL: 2.8551, Masked: 16.2142, Reg: 0.564961
Epoch [35/43], Total Loss: 3.4334, NLL: 2.8474, Masked: 15.9678, Reg: 0.565123
Epoch [36/43], Total Loss: 3.4256, NLL: 2.8398, Masked: 15.7281, Reg: 0.565298
Epoch [37/43], Total Loss: 3.4180, NLL: 2.8323, Masked: 15.4901, Reg: 0.565467
Epoch [38/43], Total Loss: 3.4104, NLL: 2.8249, Masked: 15.2541, Reg: 0.565637
Epoch [39/43], Total Loss: 3.4029, NLL: 2.8175, Masked: 15.0220, Reg: 0.565813
Epoch [40/43], Total Loss: 3.3955, NLL: 2.8102, Masked: 14.7972, Reg: 0.566014
Epoch [41/43], Total Loss: 3.3881, NLL: 2.8029, Masked: 14.5723, Reg: 0.566194
Epoch [42/43], Total Loss: 3.3809, NLL: 2.7958, Masked: 14.3532, Reg: 0.566387
Epoch [43/43], Total Loss: 3.3737, NLL: 2.7886, Masked: 14.1356, Reg: 0.566621

==================================================
EVALUATING ON TRAINING DATA
==================================================

==================================================
TEST RESULTS
==================================================
Total Loss: 3.370085
  - ZINB NLL: 2.785066
Total number of masked values: 122290
  - Number of values with pi >= 0.32665468782088464: 0
  - Number of values with pi < 0.32665468782088464: 122290
  - Masked Reconstruction: 14.029830
  - Regularization: 0.566719
Mean Absolute Error (MAE): 13.587494
R² Score: -13.024400
==================================================


==================================================
TEST RESULTS
==================================================
Total Loss: 3.372869
  - ZINB NLL: 2.788323
Total number of masked values: 40865
  - Number of values with pi >= 0.32665468782088464: 0
  - Number of values with pi < 0.32665468782088464: 40865
  - Masked Reconstruction: 13.667208
  - Regularization: 0.566719
Mean Absolute Error (MAE): 13.758199
R² Score: -6.994701
==================================================

Using combined metric: zinb_nll (2.788323) + masked_loss (13.667208) = 16.455531

>>> Optimizing combined on VALIDATION set: 16.455531
>>> Full validation metrics: {'total_loss': 3.372868828512543, 'zinb_nll': 2.7883229564078413, 'mae': 13.758198738098145, 'r2': -6.994701385498047, 'masked_loss': 13.667208116445968, 'reg_loss': 0.5667194738637997}

Iteration No: 37 ended. Search finished for the next optimal point.
Time taken: 79.9424
Function value obtained: 16.4555
Current minimum: 1.5811
Iteration No: 38 started. Searching for the next optimal point.

================================================================================
Trial with parameters:
  features: Nucl
  data_point_length: 3828
  step_size: 0.6965171597054416
  bin_size: 70
  sample_fraction: 0.9386173933032728
  moving_average: False
  first_layer_size_factor: 52
  num_layers: 2
  use_conv: True
  conv_channel: 43
  pool_size: 5
  kernel_size: 5
  epochs: 43
  batch_size: 128
  pi_threshold: 0.3255968689272819
  learning_rate: 0.00010036597092311643
  dropout_rate: 0.129109094438799
  masked_recon_weight: 0.0013090496449578086
  regularizer: l1
  regularization_weight: 0.0043934061946346295
================================================================================

Creating datasets with:
  features: ['Nucl']
  bin_size: 70
  moving_average: False
  data_point_length: 54 (from 3828)
  step_size: 37 (from fraction 0.6965171597054416)
  layers: [np.int64(832), np.int64(416)] (first=832, num=2)
  stride: 1 (fixed), padding: same (fixed)


Clipping outliers using 95th percentile * 1.5...
strain_yTW001: Clipping values above 134.25 (P95=89.50). Clipped 27529/1193409 values (2.31%)
strain_FD: Clipping values above 71.92 (P95=47.94). Clipped 95791/4127807 values (2.32%)
strain_dnrp: Clipping values above 243.00 (P95=162.00). Clipped 25649/1119454 values (2.29%)
strain_yEK19: Clipping values above 77.10 (P95=51.40). Clipped 83713/3893623 values (2.15%)
strain_yEK23: Clipping values above 72.00 (P95=48.00). Clipped 86381/3558407 values (2.43%)
strain_yWT03a: Clipping values above 15.00 (P95=10.00). Clipped 10602/347679 values (3.05%)
strain_yWT04a: Clipping values above 58.50 (P95=39.00). Clipped 21095/725406 values (2.91%)
strain_ylic137: Clipping values above 142.50 (P95=95.00). Clipped 28746/1112684 values (2.58%)
Standardizing features: ['Nucl']
Column order in final array (Dataset/Chrom split): ['Value', 'Nucleosome_Distance', 'Value_Raw', 'Size_Factor']
Removing 0 empty data points out of 20008
Column order in final array (Dataset/Chrom split): ['Value', 'Nucleosome_Distance', 'Value_Raw', 'Size_Factor']
Removing 0 empty data points out of 6344
Column order in final array (Dataset/Chrom split): ['Value', 'Nucleosome_Distance', 'Value_Raw', 'Size_Factor']
Removing 0 empty data points out of 10936
Datasets created:
  Train: (20008, 54, 4), Val: (6344, 54, 4), Test: (10936, 54, 4)

Randomly sampled 18779/20008 samples (93.9%)
Applied denoising with 15.0% masking
Applied denoising with 15.0% masking
Applied denoising with 15.0% masking
Epoch [1/43], Total Loss: 76.2921, NLL: 3.1424, Masked: 27.3794, Reg: 73.113940
Epoch [2/43], Total Loss: 30.9374, NLL: 3.1324, Masked: 26.9609, Reg: 27.769675
Epoch [3/43], Total Loss: 9.0737, NLL: 3.1228, Masked: 26.5453, Reg: 5.916167
Epoch [4/43], Total Loss: 3.9940, NLL: 3.1132, Masked: 26.1418, Reg: 0.846606
Epoch [5/43], Total Loss: 3.8865, NLL: 3.1037, Masked: 25.7398, Reg: 0.749099
Epoch [6/43], Total Loss: 3.8529, NLL: 3.0942, Masked: 25.3478, Reg: 0.725512
Epoch [7/43], Total Loss: 3.8207, NLL: 3.0849, Masked: 24.9632, Reg: 0.703163
Epoch [8/43], Total Loss: 3.7900, NLL: 3.0756, Masked: 24.5799, Reg: 0.682265
Epoch [9/43], Total Loss: 3.7609, NLL: 3.0664, Masked: 24.2092, Reg: 0.662861
Epoch [10/43], Total Loss: 3.7333, NLL: 3.0572, Masked: 23.8408, Reg: 0.644906
Epoch [11/43], Total Loss: 3.7071, NLL: 3.0481, Masked: 23.4783, Reg: 0.628325
Epoch [12/43], Total Loss: 3.6823, NLL: 3.0391, Masked: 23.1240, Reg: 0.612951
Epoch [13/43], Total Loss: 3.6589, NLL: 3.0301, Masked: 22.7718, Reg: 0.599004
Epoch [14/43], Total Loss: 3.6369, NLL: 3.0212, Masked: 22.4281, Reg: 0.586373
Epoch [15/43], Total Loss: 3.6166, NLL: 3.0124, Masked: 22.0882, Reg: 0.575293
Epoch [16/43], Total Loss: 3.5979, NLL: 3.0036, Masked: 21.7544, Reg: 0.565846
Epoch [17/43], Total Loss: 3.5812, NLL: 2.9949, Masked: 21.4279, Reg: 0.558301
Epoch [18/43], Total Loss: 3.5659, NLL: 2.9862, Masked: 21.1036, Reg: 0.552068
Epoch [19/43], Total Loss: 3.5521, NLL: 2.9777, Masked: 20.7848, Reg: 0.547211
Epoch [20/43], Total Loss: 3.5399, NLL: 2.9692, Masked: 20.4736, Reg: 0.543993
Epoch [21/43], Total Loss: 3.5294, NLL: 2.9607, Masked: 20.1652, Reg: 0.542294
Epoch [22/43], Total Loss: 3.5202, NLL: 2.9523, Masked: 19.8614, Reg: 0.541883
Epoch [23/43], Total Loss: 3.5116, NLL: 2.9440, Masked: 19.5613, Reg: 0.541975
Epoch [24/43], Total Loss: 3.5030, NLL: 2.9357, Masked: 19.2671, Reg: 0.542085
Epoch [25/43], Total Loss: 3.4946, NLL: 2.9275, Masked: 18.9779, Reg: 0.542194
Epoch [26/43], Total Loss: 3.4862, NLL: 2.9194, Masked: 18.6939, Reg: 0.542300
Epoch [27/43], Total Loss: 3.4779, NLL: 2.9113, Masked: 18.4118, Reg: 0.542436
Epoch [28/43], Total Loss: 3.4696, NLL: 2.9033, Masked: 18.1356, Reg: 0.542581
Epoch [29/43], Total Loss: 3.4615, NLL: 2.8954, Masked: 17.8640, Reg: 0.542713
Epoch [30/43], Total Loss: 3.4534, NLL: 2.8875, Masked: 17.5967, Reg: 0.542848
Epoch [31/43], Total Loss: 3.4454, NLL: 2.8797, Masked: 17.3319, Reg: 0.543006
Epoch [32/43], Total Loss: 3.4374, NLL: 2.8719, Masked: 17.0710, Reg: 0.543153
Epoch [33/43], Total Loss: 3.4296, NLL: 2.8642, Masked: 16.8157, Reg: 0.543322
Epoch [34/43], Total Loss: 3.4218, NLL: 2.8566, Masked: 16.5662, Reg: 0.543482
Epoch [35/43], Total Loss: 3.4140, NLL: 2.8490, Masked: 16.3184, Reg: 0.543657
Epoch [36/43], Total Loss: 3.4064, NLL: 2.8415, Masked: 16.0740, Reg: 0.543826
Epoch [37/43], Total Loss: 3.3988, NLL: 2.8341, Masked: 15.8330, Reg: 0.544012
Epoch [38/43], Total Loss: 3.3913, NLL: 2.8267, Masked: 15.5949, Reg: 0.544198
Epoch [39/43], Total Loss: 3.3839, NLL: 2.8194, Masked: 15.3643, Reg: 0.544393
Epoch [40/43], Total Loss: 3.3765, NLL: 2.8121, Masked: 15.1355, Reg: 0.544594
Epoch [41/43], Total Loss: 3.3693, NLL: 2.8049, Masked: 14.9108, Reg: 0.544810
Epoch [42/43], Total Loss: 3.3621, NLL: 2.7978, Masked: 14.6867, Reg: 0.545031
Epoch [43/43], Total Loss: 3.3550, NLL: 2.7908, Masked: 14.4676, Reg: 0.545247

==================================================
EVALUATING ON TRAINING DATA
==================================================

==================================================
TEST RESULTS
==================================================
Total Loss: 3.351284
  - ZINB NLL: 2.787229
Total number of masked values: 127296
  - Number of values with pi >= 0.3255968689272819: 0
  - Number of values with pi < 0.3255968689272819: 127296
  - Masked Reconstruction: 14.359448
  - Regularization: 0.545257
Mean Absolute Error (MAE): 13.740809
R² Score: -13.481004
==================================================


==================================================
TEST RESULTS
==================================================
Total Loss: 3.354331
  - ZINB NLL: 2.791029
Total number of masked values: 42706
  - Number of values with pi >= 0.3255968689272819: 0
  - Number of values with pi < 0.3255968689272819: 42706
  - Masked Reconstruction: 13.784904
  - Regularization: 0.545257
Mean Absolute Error (MAE): 13.932916
R² Score: -7.286625
==================================================

Using combined metric: zinb_nll (2.791029) + masked_loss (13.784904) = 16.575932

>>> Optimizing combined on VALIDATION set: 16.575932
>>> Full validation metrics: {'total_loss': 3.354330963625433, 'zinb_nll': 2.7910286156556947, 'mae': 13.932915687561035, 'r2': -7.286624908447266, 'masked_loss': 13.784903550358468, 'reg_loss': 0.5452571987022693}

Iteration No: 38 ended. Search finished for the next optimal point.
Time taken: 79.3697
Function value obtained: 16.5759
Current minimum: 1.5811
Iteration No: 39 started. Searching for the next optimal point.

================================================================================
Trial with parameters:
  features: Nucl
  data_point_length: 3826
  step_size: 0.6959492496221671
  bin_size: 70
  sample_fraction: 0.9319448542300868
  moving_average: False
  first_layer_size_factor: 51
  num_layers: 2
  use_conv: True
  conv_channel: 43
  pool_size: 5
  kernel_size: 5
  epochs: 42
  batch_size: 128
  pi_threshold: 0.3233378226071275
  learning_rate: 9.687461979181528e-05
  dropout_rate: 0.12930606701717715
  masked_recon_weight: 0.0012629172132784321
  regularizer: l1
  regularization_weight: 0.004635125714909631
================================================================================

Creating datasets with:
  features: ['Nucl']
  bin_size: 70
  moving_average: False
  data_point_length: 54 (from 3826)
  step_size: 37 (from fraction 0.6959492496221671)
  layers: [np.int64(816), np.int64(408)] (first=816, num=2)
  stride: 1 (fixed), padding: same (fixed)


Clipping outliers using 95th percentile * 1.5...
strain_yTW001: Clipping values above 134.25 (P95=89.50). Clipped 27529/1193409 values (2.31%)
strain_FD: Clipping values above 71.92 (P95=47.94). Clipped 95791/4127807 values (2.32%)
strain_dnrp: Clipping values above 243.00 (P95=162.00). Clipped 25649/1119454 values (2.29%)
strain_yEK19: Clipping values above 77.10 (P95=51.40). Clipped 83713/3893623 values (2.15%)
strain_yEK23: Clipping values above 72.00 (P95=48.00). Clipped 86381/3558407 values (2.43%)
strain_yWT03a: Clipping values above 15.00 (P95=10.00). Clipped 10602/347679 values (3.05%)
strain_yWT04a: Clipping values above 58.50 (P95=39.00). Clipped 21095/725406 values (2.91%)
strain_ylic137: Clipping values above 142.50 (P95=95.00). Clipped 28746/1112684 values (2.58%)
Standardizing features: ['Nucl']
Column order in final array (Dataset/Chrom split): ['Value', 'Nucleosome_Distance', 'Value_Raw', 'Size_Factor']
Removing 0 empty data points out of 20008
Column order in final array (Dataset/Chrom split): ['Value', 'Nucleosome_Distance', 'Value_Raw', 'Size_Factor']
Removing 0 empty data points out of 6344
Column order in final array (Dataset/Chrom split): ['Value', 'Nucleosome_Distance', 'Value_Raw', 'Size_Factor']
Removing 0 empty data points out of 10936
Datasets created:
  Train: (20008, 54, 4), Val: (6344, 54, 4), Test: (10936, 54, 4)

Randomly sampled 18646/20008 samples (93.2%)
Applied denoising with 15.0% masking
Applied denoising with 15.0% masking
Applied denoising with 15.0% masking
Epoch [1/42], Total Loss: 79.6981, NLL: 3.1440, Masked: 27.4077, Reg: 76.519527
Epoch [2/42], Total Loss: 34.1136, NLL: 3.1347, Masked: 27.0168, Reg: 30.944772
Epoch [3/42], Total Loss: 10.6842, NLL: 3.1254, Masked: 26.6194, Reg: 7.525121
Epoch [4/42], Total Loss: 4.1770, NLL: 3.1162, Masked: 26.2269, Reg: 1.027709
Epoch [5/42], Total Loss: 3.9168, NLL: 3.1071, Masked: 25.8387, Reg: 0.777056
Epoch [6/42], Total Loss: 3.8834, NLL: 3.0980, Masked: 25.4659, Reg: 0.753248
Epoch [7/42], Total Loss: 3.8512, NLL: 3.0890, Masked: 25.0893, Reg: 0.730506
Epoch [8/42], Total Loss: 3.8207, NLL: 3.0801, Masked: 24.7247, Reg: 0.709429
Epoch [9/42], Total Loss: 3.7924, NLL: 3.0712, Masked: 24.3633, Reg: 0.690410
Epoch [10/42], Total Loss: 3.7653, NLL: 3.0624, Masked: 24.0089, Reg: 0.672627
Epoch [11/42], Total Loss: 3.7397, NLL: 3.0536, Masked: 23.6604, Reg: 0.656234
Epoch [12/42], Total Loss: 3.7155, NLL: 3.0449, Masked: 23.3175, Reg: 0.641175
Epoch [13/42], Total Loss: 3.6927, NLL: 3.0363, Masked: 22.9753, Reg: 0.627438
Epoch [14/42], Total Loss: 3.6713, NLL: 3.0277, Masked: 22.6444, Reg: 0.614932
Epoch [15/42], Total Loss: 3.6513, NLL: 3.0192, Masked: 22.3137, Reg: 0.603931
Epoch [16/42], Total Loss: 3.6333, NLL: 3.0108, Masked: 21.9924, Reg: 0.594748
Epoch [17/42], Total Loss: 3.6169, NLL: 3.0024, Masked: 21.6723, Reg: 0.587151
Epoch [18/42], Total Loss: 3.6021, NLL: 2.9940, Masked: 21.3600, Reg: 0.581058
Epoch [19/42], Total Loss: 3.5883, NLL: 2.9858, Masked: 21.0499, Reg: 0.575961
Epoch [20/42], Total Loss: 3.5758, NLL: 2.9775, Masked: 20.7444, Reg: 0.572030
Epoch [21/42], Total Loss: 3.5645, NLL: 2.9694, Masked: 20.4480, Reg: 0.569252
Epoch [22/42], Total Loss: 3.5542, NLL: 2.9613, Masked: 20.1537, Reg: 0.567446
Epoch [23/42], Total Loss: 3.5453, NLL: 2.9533, Masked: 19.8623, Reg: 0.566928
Epoch [24/42], Total Loss: 3.5370, NLL: 2.9453, Masked: 19.5763, Reg: 0.567004
Epoch [25/42], Total Loss: 3.5288, NLL: 2.9374, Masked: 19.2946, Reg: 0.567093
Epoch [26/42], Total Loss: 3.5207, NLL: 2.9295, Masked: 19.0159, Reg: 0.567190
Epoch [27/42], Total Loss: 3.5127, NLL: 2.9217, Masked: 18.7416, Reg: 0.567286
Epoch [28/42], Total Loss: 3.5047, NLL: 2.9140, Masked: 18.4727, Reg: 0.567396
Epoch [29/42], Total Loss: 3.4968, NLL: 2.9063, Masked: 18.2046, Reg: 0.567489
Epoch [30/42], Total Loss: 3.4889, NLL: 2.8987, Masked: 17.9441, Reg: 0.567597
Epoch [31/42], Total Loss: 3.4811, NLL: 2.8911, Masked: 17.6872, Reg: 0.567719
Epoch [32/42], Total Loss: 3.4734, NLL: 2.8836, Masked: 17.4289, Reg: 0.567842
Epoch [33/42], Total Loss: 3.4658, NLL: 2.8761, Masked: 17.1818, Reg: 0.567955
Epoch [34/42], Total Loss: 3.4582, NLL: 2.8687, Masked: 16.9354, Reg: 0.568092
Epoch [35/42], Total Loss: 3.4507, NLL: 2.8614, Masked: 16.6902, Reg: 0.568217
Epoch [36/42], Total Loss: 3.4432, NLL: 2.8541, Masked: 16.4523, Reg: 0.568338
Epoch [37/42], Total Loss: 3.4359, NLL: 2.8469, Masked: 16.2163, Reg: 0.568476
Epoch [38/42], Total Loss: 3.4285, NLL: 2.8397, Masked: 15.9836, Reg: 0.568632
Epoch [39/42], Total Loss: 3.4213, NLL: 2.8326, Masked: 15.7544, Reg: 0.568772
Epoch [40/42], Total Loss: 3.4141, NLL: 2.8256, Masked: 15.5301, Reg: 0.568923
Epoch [41/42], Total Loss: 3.4070, NLL: 2.8186, Masked: 15.3066, Reg: 0.569087
Epoch [42/42], Total Loss: 3.4000, NLL: 2.8117, Masked: 15.0876, Reg: 0.569246

==================================================
EVALUATING ON TRAINING DATA
==================================================

==================================================
TEST RESULTS
==================================================
Total Loss: 3.396590
  - ZINB NLL: 2.808219
Total number of masked values: 126370
  - Number of values with pi >= 0.3233378226071275: 0
  - Number of values with pi < 0.3233378226071275: 126370
  - Masked Reconstruction: 14.978893
  - Regularization: 0.569454
Mean Absolute Error (MAE): 14.332286
R² Score: -14.781892
==================================================


==================================================
TEST RESULTS
==================================================
Total Loss: 3.398189
  - ZINB NLL: 2.810587
Total number of masked values: 42706
  - Number of values with pi >= 0.3233378226071275: 0
  - Number of values with pi < 0.3233378226071275: 42706
  - Masked Reconstruction: 14.370336
  - Regularization: 0.569454
Mean Absolute Error (MAE): 14.495047
R² Score: -7.948276
==================================================

Using combined metric: zinb_nll (2.810587) + masked_loss (14.370336) = 17.180923

>>> Optimizing combined on VALIDATION set: 17.180923
>>> Full validation metrics: {'total_loss': 3.398189298141499, 'zinb_nll': 2.8105866614386232, 'mae': 14.495046615600586, 'r2': -7.948275566101074, 'masked_loss': 14.37033641112858, 'reg_loss': 0.5694540433774765}

Iteration No: 39 ended. Search finished for the next optimal point.
Time taken: 78.3291
Function value obtained: 17.1809
Current minimum: 1.5811
Iteration No: 40 started. Searching for the next optimal point.

================================================================================
Trial with parameters:
  features: Nucl
  data_point_length: 3824
  step_size: 0.6975833770447557
  bin_size: 71
  sample_fraction: 0.9480312654706813
  moving_average: False
  first_layer_size_factor: 53
  num_layers: 2
  use_conv: True
  conv_channel: 43
  pool_size: 5
  kernel_size: 5
  epochs: 45
  batch_size: 128
  pi_threshold: 0.32071758977802145
  learning_rate: 0.00010062732913532109
  dropout_rate: 0.12914843356594913
  masked_recon_weight: 0.0011674074103495556
  regularizer: l1
  regularization_weight: 0.0044305759195725335
================================================================================

Creating datasets with:
  features: ['Nucl']
  bin_size: 71
  moving_average: False
  data_point_length: 53 (from 3824)
  step_size: 36 (from fraction 0.6975833770447557)
  layers: [np.int64(848), np.int64(424)] (first=848, num=2)
  stride: 1 (fixed), padding: same (fixed)


Clipping outliers using 95th percentile * 1.5...
strain_yTW001: Clipping values above 134.25 (P95=89.50). Clipped 27529/1193409 values (2.31%)
strain_FD: Clipping values above 71.92 (P95=47.94). Clipped 95791/4127807 values (2.32%)
strain_dnrp: Clipping values above 243.00 (P95=162.00). Clipped 25649/1119454 values (2.29%)
strain_yEK19: Clipping values above 77.10 (P95=51.40). Clipped 83713/3893623 values (2.15%)
strain_yEK23: Clipping values above 72.00 (P95=48.00). Clipped 86381/3558407 values (2.43%)
strain_yWT03a: Clipping values above 15.00 (P95=10.00). Clipped 10602/347679 values (3.05%)
strain_yWT04a: Clipping values above 58.50 (P95=39.00). Clipped 21095/725406 values (2.91%)
strain_ylic137: Clipping values above 142.50 (P95=95.00). Clipped 28746/1112684 values (2.58%)
Standardizing features: ['Nucl']
Column order in final array (Dataset/Chrom split): ['Value', 'Nucleosome_Distance', 'Value_Raw', 'Size_Factor']
Removing 0 empty data points out of 20272
Column order in final array (Dataset/Chrom split): ['Value', 'Nucleosome_Distance', 'Value_Raw', 'Size_Factor']
Removing 0 empty data points out of 6432
Column order in final array (Dataset/Chrom split): ['Value', 'Nucleosome_Distance', 'Value_Raw', 'Size_Factor']
Removing 0 empty data points out of 11088
Datasets created:
  Train: (20272, 53, 4), Val: (6432, 53, 4), Test: (11088, 53, 4)

Randomly sampled 19218/20272 samples (94.8%)
Applied denoising with 15.0% masking
Applied denoising with 15.0% masking
Applied denoising with 15.0% masking
Epoch [1/45], Total Loss: 77.8515, NLL: 3.1466, Masked: 27.0050, Reg: 74.673314
Epoch [2/45], Total Loss: 30.1622, NLL: 3.1366, Masked: 26.5864, Reg: 26.994577
Epoch [3/45], Total Loss: 8.2963, NLL: 3.1267, Masked: 26.1714, Reg: 5.139048
Epoch [4/45], Total Loss: 3.9233, NLL: 3.1168, Masked: 25.7620, Reg: 0.776418
Epoch [5/45], Total Loss: 3.8635, NLL: 3.1070, Masked: 25.3512, Reg: 0.726825
Epoch [6/45], Total Loss: 3.8308, NLL: 3.0973, Masked: 24.9545, Reg: 0.704385
Epoch [7/45], Total Loss: 3.7999, NLL: 3.0877, Masked: 24.5636, Reg: 0.683602
Epoch [8/45], Total Loss: 3.7705, NLL: 3.0781, Masked: 24.1780, Reg: 0.664186
Epoch [9/45], Total Loss: 3.7425, NLL: 3.0686, Masked: 23.8023, Reg: 0.646133
Epoch [10/45], Total Loss: 3.7159, NLL: 3.0592, Masked: 23.4327, Reg: 0.629392
Epoch [11/45], Total Loss: 3.6910, NLL: 3.0498, Masked: 23.0658, Reg: 0.614236
Epoch [12/45], Total Loss: 3.6677, NLL: 3.0405, Masked: 22.7060, Reg: 0.600695
Epoch [13/45], Total Loss: 3.6459, NLL: 3.0313, Masked: 22.3508, Reg: 0.588521
Epoch [14/45], Total Loss: 3.6252, NLL: 3.0222, Masked: 22.0035, Reg: 0.577351
Epoch [15/45], Total Loss: 3.6060, NLL: 3.0131, Masked: 21.6628, Reg: 0.567646
Epoch [16/45], Total Loss: 3.5885, NLL: 3.0041, Masked: 21.3270, Reg: 0.559569
Epoch [17/45], Total Loss: 3.5724, NLL: 2.9951, Masked: 20.9958, Reg: 0.552732
Epoch [18/45], Total Loss: 3.5576, NLL: 2.9863, Masked: 20.6699, Reg: 0.547208
Epoch [19/45], Total Loss: 3.5443, NLL: 2.9775, Masked: 20.3519, Reg: 0.543037
Epoch [20/45], Total Loss: 3.5328, NLL: 2.9687, Masked: 20.0345, Reg: 0.540663
Epoch [21/45], Total Loss: 3.5229, NLL: 2.9601, Masked: 19.7264, Reg: 0.539781
Epoch [22/45], Total Loss: 3.5139, NLL: 2.9514, Masked: 19.4202, Reg: 0.539814
Epoch [23/45], Total Loss: 3.5051, NLL: 2.9429, Masked: 19.1183, Reg: 0.539929
Epoch [24/45], Total Loss: 3.4965, NLL: 2.9344, Masked: 18.8259, Reg: 0.540050
Epoch [25/45], Total Loss: 3.4879, NLL: 2.9260, Masked: 18.5350, Reg: 0.540188
Epoch [26/45], Total Loss: 3.4793, NLL: 2.9177, Masked: 18.2492, Reg: 0.540330
Epoch [27/45], Total Loss: 3.4709, NLL: 2.9094, Masked: 17.9680, Reg: 0.540466
Epoch [28/45], Total Loss: 3.4625, NLL: 2.9012, Masked: 17.6901, Reg: 0.540616
Epoch [29/45], Total Loss: 3.4542, NLL: 2.8931, Masked: 17.4172, Reg: 0.540787
Epoch [30/45], Total Loss: 3.4460, NLL: 2.8850, Masked: 17.1482, Reg: 0.540927
Epoch [31/45], Total Loss: 3.4378, NLL: 2.8770, Masked: 16.8845, Reg: 0.541112
Epoch [32/45], Total Loss: 3.4297, NLL: 2.8691, Masked: 16.6255, Reg: 0.541275
Epoch [33/45], Total Loss: 3.4218, NLL: 2.8612, Masked: 16.3696, Reg: 0.541457
Epoch [34/45], Total Loss: 3.4138, NLL: 2.8534, Masked: 16.1197, Reg: 0.541641
Epoch [35/45], Total Loss: 3.4060, NLL: 2.8456, Masked: 15.8722, Reg: 0.541826
Epoch [36/45], Total Loss: 3.3982, NLL: 2.8380, Masked: 15.6279, Reg: 0.542024
Epoch [37/45], Total Loss: 3.3906, NLL: 2.8304, Masked: 15.3861, Reg: 0.542239
Epoch [38/45], Total Loss: 3.3830, NLL: 2.8228, Masked: 15.1520, Reg: 0.542472
Epoch [39/45], Total Loss: 3.3754, NLL: 2.8153, Masked: 14.9193, Reg: 0.542683
Epoch [40/45], Total Loss: 3.3680, NLL: 2.8079, Masked: 14.6913, Reg: 0.542912
Epoch [41/45], Total Loss: 3.3606, NLL: 2.8006, Masked: 14.4678, Reg: 0.543124
Epoch [42/45], Total Loss: 3.3533, NLL: 2.7933, Masked: 14.2451, Reg: 0.543370
Epoch [43/45], Total Loss: 3.3461, NLL: 2.7861, Masked: 14.0273, Reg: 0.543623
Epoch [44/45], Total Loss: 3.3390, NLL: 2.7790, Masked: 13.8157, Reg: 0.543875
Epoch [45/45], Total Loss: 3.3320, NLL: 2.7719, Masked: 13.6042, Reg: 0.544161

==================================================
EVALUATING ON TRAINING DATA
==================================================

==================================================
TEST RESULTS
==================================================
Total Loss: 3.328491
  - ZINB NLL: 2.768402
Total number of masked values: 123044
  - Number of values with pi >= 0.32071758977802145: 0
  - Number of values with pi < 0.32071758977802145: 123044
  - Masked Reconstruction: 13.497539
  - Regularization: 0.544332
Mean Absolute Error (MAE): 13.098482
R² Score: -11.918542
==================================================


==================================================
TEST RESULTS
==================================================
Total Loss: 3.330312
  - ZINB NLL: 2.770627
Total number of masked values: 40865
  - Number of values with pi >= 0.32071758977802145: 0
  - Number of values with pi < 0.32071758977802145: 40865
  - Masked Reconstruction: 13.151749
  - Regularization: 0.544332
Mean Absolute Error (MAE): 13.265521
R² Score: -6.450374
==================================================

Using combined metric: zinb_nll (2.770627) + masked_loss (13.151749) = 15.922376

>>> Optimizing combined on VALIDATION set: 15.922376
>>> Full validation metrics: {'total_loss': 3.3303121559655486, 'zinb_nll': 2.7706267288075157, 'mae': 13.265521049499512, 'r2': -6.450374126434326, 'masked_loss': 13.151749300126413, 'reg_loss': 0.5443319743195215}


*** Checkpoint saved at iteration 40 ***

Iteration No: 40 ended. Search finished for the next optimal point.
Time taken: 81.6392
Function value obtained: 15.9224
Current minimum: 1.5811
Iteration No: 41 started. Searching for the next optimal point.

================================================================================
Trial with parameters:
  features: Nucl
  data_point_length: 3806
  step_size: 0.6946949837302105
  bin_size: 71
  sample_fraction: 0.9412314246375689
  moving_average: False
  first_layer_size_factor: 51
  num_layers: 2
  use_conv: True
  conv_channel: 43
  pool_size: 5
  kernel_size: 5
  epochs: 42
  batch_size: 128
  pi_threshold: 0.3211611240635628
  learning_rate: 9.900575289295132e-05
  dropout_rate: 0.12988631277770607
  masked_recon_weight: 0.00120490047495759
  regularizer: l1
  regularization_weight: 0.0047319169039599296
================================================================================

Creating datasets with:
  features: ['Nucl']
  bin_size: 71
  moving_average: False
  data_point_length: 53 (from 3806)
  step_size: 36 (from fraction 0.6946949837302105)
  layers: [np.int64(816), np.int64(408)] (first=816, num=2)
  stride: 1 (fixed), padding: same (fixed)


Clipping outliers using 95th percentile * 1.5...
strain_yTW001: Clipping values above 134.25 (P95=89.50). Clipped 27529/1193409 values (2.31%)
strain_FD: Clipping values above 71.92 (P95=47.94). Clipped 95791/4127807 values (2.32%)
strain_dnrp: Clipping values above 243.00 (P95=162.00). Clipped 25649/1119454 values (2.29%)
strain_yEK19: Clipping values above 77.10 (P95=51.40). Clipped 83713/3893623 values (2.15%)
strain_yEK23: Clipping values above 72.00 (P95=48.00). Clipped 86381/3558407 values (2.43%)
strain_yWT03a: Clipping values above 15.00 (P95=10.00). Clipped 10602/347679 values (3.05%)
strain_yWT04a: Clipping values above 58.50 (P95=39.00). Clipped 21095/725406 values (2.91%)
strain_ylic137: Clipping values above 142.50 (P95=95.00). Clipped 28746/1112684 values (2.58%)
Standardizing features: ['Nucl']
Column order in final array (Dataset/Chrom split): ['Value', 'Nucleosome_Distance', 'Value_Raw', 'Size_Factor']
Removing 0 empty data points out of 20272
Column order in final array (Dataset/Chrom split): ['Value', 'Nucleosome_Distance', 'Value_Raw', 'Size_Factor']
Removing 0 empty data points out of 6432
Column order in final array (Dataset/Chrom split): ['Value', 'Nucleosome_Distance', 'Value_Raw', 'Size_Factor']
Removing 0 empty data points out of 11088
Datasets created:
  Train: (20272, 53, 4), Val: (6432, 53, 4), Test: (11088, 53, 4)

Randomly sampled 19080/20272 samples (94.1%)
Applied denoising with 15.0% masking
Applied denoising with 15.0% masking
Applied denoising with 15.0% masking
Epoch [1/42], Total Loss: 80.0842, NLL: 3.1438, Masked: 27.0064, Reg: 76.907825
Epoch [2/42], Total Loss: 32.3894, NLL: 3.1340, Masked: 26.5937, Reg: 29.223337
Epoch [3/42], Total Loss: 9.3658, NLL: 3.1243, Masked: 26.1809, Reg: 6.210009
Epoch [4/42], Total Loss: 4.0636, NLL: 3.1146, Masked: 25.7783, Reg: 0.917934
Epoch [5/42], Total Loss: 3.9514, NLL: 3.1051, Masked: 25.3849, Reg: 0.815686
Epoch [6/42], Total Loss: 3.9146, NLL: 3.0956, Masked: 24.9958, Reg: 0.788923
Epoch [7/42], Total Loss: 3.8795, NLL: 3.0862, Masked: 24.6121, Reg: 0.763705
Epoch [8/42], Total Loss: 3.8460, NLL: 3.0768, Masked: 24.2367, Reg: 0.739944
Epoch [9/42], Total Loss: 3.8138, NLL: 3.0676, Masked: 23.8674, Reg: 0.717478
Epoch [10/42], Total Loss: 3.7830, NLL: 3.0584, Masked: 23.5099, Reg: 0.696301
Epoch [11/42], Total Loss: 3.7538, NLL: 3.0492, Masked: 23.1500, Reg: 0.676684
Epoch [12/42], Total Loss: 3.7264, NLL: 3.0402, Masked: 22.7961, Reg: 0.658802
Epoch [13/42], Total Loss: 3.7008, NLL: 3.0312, Masked: 22.4485, Reg: 0.642611
Epoch [14/42], Total Loss: 3.6769, NLL: 3.0222, Masked: 22.1096, Reg: 0.628060
Epoch [15/42], Total Loss: 3.6544, NLL: 3.0134, Masked: 21.7756, Reg: 0.614772
Epoch [16/42], Total Loss: 3.6337, NLL: 3.0046, Masked: 21.4454, Reg: 0.603263
Epoch [17/42], Total Loss: 3.6146, NLL: 2.9959, Masked: 21.1210, Reg: 0.593284
Epoch [18/42], Total Loss: 3.5971, NLL: 2.9872, Masked: 20.8012, Reg: 0.584850
Epoch [19/42], Total Loss: 3.5815, NLL: 2.9786, Masked: 20.4861, Reg: 0.578259
Epoch [20/42], Total Loss: 3.5678, NLL: 2.9701, Masked: 20.1779, Reg: 0.573435
Epoch [21/42], Total Loss: 3.5562, NLL: 2.9616, Masked: 19.8718, Reg: 0.570714
Epoch [22/42], Total Loss: 3.5467, NLL: 2.9531, Masked: 19.5716, Reg: 0.569954
Epoch [23/42], Total Loss: 3.5380, NLL: 2.9448, Masked: 19.2782, Reg: 0.570026
Epoch [24/42], Total Loss: 3.5295, NLL: 2.9365, Masked: 18.9855, Reg: 0.570110
Epoch [25/42], Total Loss: 3.5210, NLL: 2.9283, Masked: 18.7002, Reg: 0.570199
Epoch [26/42], Total Loss: 3.5126, NLL: 2.9201, Masked: 18.4202, Reg: 0.570317
Epoch [27/42], Total Loss: 3.5043, NLL: 2.9121, Masked: 18.1404, Reg: 0.570387
Epoch [28/42], Total Loss: 3.4961, NLL: 2.9040, Masked: 17.8675, Reg: 0.570509
Epoch [29/42], Total Loss: 3.4879, NLL: 2.8961, Masked: 17.5981, Reg: 0.570642
Epoch [30/42], Total Loss: 3.4798, NLL: 2.8882, Masked: 17.3347, Reg: 0.570752
Epoch [31/42], Total Loss: 3.4718, NLL: 2.8803, Masked: 17.0742, Reg: 0.570888
Epoch [32/42], Total Loss: 3.4638, NLL: 2.8726, Masked: 16.8178, Reg: 0.571006
Epoch [33/42], Total Loss: 3.4560, NLL: 2.8649, Masked: 16.5653, Reg: 0.571148
Epoch [34/42], Total Loss: 3.4482, NLL: 2.8572, Masked: 16.3182, Reg: 0.571299
Epoch [35/42], Total Loss: 3.4405, NLL: 2.8497, Masked: 16.0749, Reg: 0.571410
Epoch [36/42], Total Loss: 3.4328, NLL: 2.8422, Masked: 15.8338, Reg: 0.571567
Epoch [37/42], Total Loss: 3.4253, NLL: 2.8347, Masked: 15.5962, Reg: 0.571734
Epoch [38/42], Total Loss: 3.4178, NLL: 2.8274, Masked: 15.3628, Reg: 0.571884
Epoch [39/42], Total Loss: 3.4103, NLL: 2.8200, Masked: 15.1320, Reg: 0.572034
Epoch [40/42], Total Loss: 3.4030, NLL: 2.8128, Masked: 14.9064, Reg: 0.572196
Epoch [41/42], Total Loss: 3.3957, NLL: 2.8056, Masked: 14.6834, Reg: 0.572371
Epoch [42/42], Total Loss: 3.3885, NLL: 2.7985, Masked: 14.4642, Reg: 0.572562

==================================================
EVALUATING ON TRAINING DATA
==================================================

==================================================
TEST RESULTS
==================================================
Total Loss: 3.384719
  - ZINB NLL: 2.794920
Total number of masked values: 122094
  - Number of values with pi >= 0.3211611240635628: 0
  - Number of values with pi < 0.3211611240635628: 122094
  - Masked Reconstruction: 14.354185
  - Regularization: 0.572504
Mean Absolute Error (MAE): 13.888855
R² Score: -13.514294
==================================================


==================================================
TEST RESULTS
==================================================
Total Loss: 3.388492
  - ZINB NLL: 2.799167
Total number of masked values: 40865
  - Number of values with pi >= 0.3211611240635628: 0
  - Number of values with pi < 0.3211611240635628: 40865
  - Masked Reconstruction: 13.960140
  - Regularization: 0.572504
Mean Absolute Error (MAE): 14.072893
R² Score: -7.353001
==================================================

Using combined metric: zinb_nll (2.799167) + masked_loss (13.960140) = 16.759307

>>> Optimizing combined on VALIDATION set: 16.759307
>>> Full validation metrics: {'total_loss': 3.3884916613944136, 'zinb_nll': 2.799166926104038, 'mae': 14.072893142700195, 'r2': -7.353000640869141, 'masked_loss': 13.960139779902216, 'reg_loss': 0.5725041827216328}

Iteration No: 41 ended. Search finished for the next optimal point.
Time taken: 78.5950
Function value obtained: 16.7593
Current minimum: 1.5811
Iteration No: 42 started. Searching for the next optimal point.

================================================================================
Trial with parameters:
  features: Nucl
  data_point_length: 3805
  step_size: 0.6919761564066881
  bin_size: 70
  sample_fraction: 0.9405727925645537
  moving_average: False
  first_layer_size_factor: 52
  num_layers: 2
  use_conv: True
  conv_channel: 43
  pool_size: 5
  kernel_size: 5
  epochs: 44
  batch_size: 128
  pi_threshold: 0.3245049993723893
  learning_rate: 9.991930587857813e-05
  dropout_rate: 0.12810577398793874
  masked_recon_weight: 0.0011828763162569633
  regularizer: l1
  regularization_weight: 0.004485229050728625
================================================================================

Creating datasets with:
  features: ['Nucl']
  bin_size: 70
  moving_average: False
  data_point_length: 54 (from 3805)
  step_size: 37 (from fraction 0.6919761564066881)
  layers: [np.int64(832), np.int64(416)] (first=832, num=2)
  stride: 1 (fixed), padding: same (fixed)


Clipping outliers using 95th percentile * 1.5...
strain_yTW001: Clipping values above 134.25 (P95=89.50). Clipped 27529/1193409 values (2.31%)
strain_FD: Clipping values above 71.92 (P95=47.94). Clipped 95791/4127807 values (2.32%)
strain_dnrp: Clipping values above 243.00 (P95=162.00). Clipped 25649/1119454 values (2.29%)
strain_yEK19: Clipping values above 77.10 (P95=51.40). Clipped 83713/3893623 values (2.15%)
strain_yEK23: Clipping values above 72.00 (P95=48.00). Clipped 86381/3558407 values (2.43%)
strain_yWT03a: Clipping values above 15.00 (P95=10.00). Clipped 10602/347679 values (3.05%)
strain_yWT04a: Clipping values above 58.50 (P95=39.00). Clipped 21095/725406 values (2.91%)
strain_ylic137: Clipping values above 142.50 (P95=95.00). Clipped 28746/1112684 values (2.58%)
Standardizing features: ['Nucl']
Column order in final array (Dataset/Chrom split): ['Value', 'Nucleosome_Distance', 'Value_Raw', 'Size_Factor']
Removing 0 empty data points out of 20008
Column order in final array (Dataset/Chrom split): ['Value', 'Nucleosome_Distance', 'Value_Raw', 'Size_Factor']
Removing 0 empty data points out of 6344
Column order in final array (Dataset/Chrom split): ['Value', 'Nucleosome_Distance', 'Value_Raw', 'Size_Factor']
Removing 0 empty data points out of 10936
Datasets created:
  Train: (20008, 54, 4), Val: (6344, 54, 4), Test: (10936, 54, 4)

Randomly sampled 18818/20008 samples (94.1%)
Applied denoising with 15.0% masking
Applied denoising with 15.0% masking
Applied denoising with 15.0% masking
Epoch [1/44], Total Loss: 77.7934, NLL: 3.1462, Masked: 27.4500, Reg: 74.614672
Epoch [2/44], Total Loss: 31.4197, NLL: 3.1363, Masked: 27.0315, Reg: 28.251408
Epoch [3/44], Total Loss: 9.1294, NLL: 3.1266, Masked: 26.6155, Reg: 5.971311
Epoch [4/44], Total Loss: 4.0019, NLL: 3.1170, Masked: 26.2069, Reg: 0.853948
Epoch [5/44], Total Loss: 3.8963, NLL: 3.1075, Masked: 25.8055, Reg: 0.758354
Epoch [6/44], Total Loss: 3.8620, NLL: 3.0980, Masked: 25.4145, Reg: 0.733955
Epoch [7/44], Total Loss: 3.8293, NLL: 3.0886, Masked: 25.0281, Reg: 0.711126
Epoch [8/44], Total Loss: 3.7983, NLL: 3.0793, Masked: 24.6478, Reg: 0.689836
Epoch [9/44], Total Loss: 3.7689, NLL: 3.0700, Masked: 24.2687, Reg: 0.670117
Epoch [10/44], Total Loss: 3.7413, NLL: 3.0609, Masked: 23.9036, Reg: 0.652154
Epoch [11/44], Total Loss: 3.7155, NLL: 3.0518, Masked: 23.5406, Reg: 0.635844
Epoch [12/44], Total Loss: 3.6914, NLL: 3.0427, Masked: 23.1817, Reg: 0.621302
Epoch [13/44], Total Loss: 3.6690, NLL: 3.0337, Masked: 22.8309, Reg: 0.608356
Epoch [14/44], Total Loss: 3.6482, NLL: 3.0247, Masked: 22.4878, Reg: 0.596855
Epoch [15/44], Total Loss: 3.6289, NLL: 3.0159, Masked: 22.1451, Reg: 0.586834
Epoch [16/44], Total Loss: 3.6107, NLL: 3.0071, Masked: 21.8083, Reg: 0.577779
Epoch [17/44], Total Loss: 3.5936, NLL: 2.9984, Masked: 21.4809, Reg: 0.569836
Epoch [18/44], Total Loss: 3.5781, NLL: 2.9897, Masked: 21.1537, Reg: 0.563345
Epoch [19/44], Total Loss: 3.5642, NLL: 2.9811, Masked: 20.8341, Reg: 0.558431
Epoch [20/44], Total Loss: 3.5519, NLL: 2.9726, Masked: 20.5217, Reg: 0.555097
Epoch [21/44], Total Loss: 3.5414, NLL: 2.9641, Masked: 20.2091, Reg: 0.553373
Epoch [22/44], Total Loss: 3.5322, NLL: 2.9557, Masked: 19.9062, Reg: 0.552983
Epoch [23/44], Total Loss: 3.5236, NLL: 2.9474, Masked: 19.6091, Reg: 0.553061
Epoch [24/44], Total Loss: 3.5151, NLL: 2.9391, Masked: 19.3133, Reg: 0.553179
Epoch [25/44], Total Loss: 3.5067, NLL: 2.9309, Masked: 19.0237, Reg: 0.553296
Epoch [26/44], Total Loss: 3.4983, NLL: 2.9227, Masked: 18.7371, Reg: 0.553421
Epoch [27/44], Total Loss: 3.4900, NLL: 2.9146, Masked: 18.4560, Reg: 0.553539
Epoch [28/44], Total Loss: 3.4818, NLL: 2.9066, Masked: 18.1791, Reg: 0.553677
Epoch [29/44], Total Loss: 3.4736, NLL: 2.8986, Masked: 17.9081, Reg: 0.553790
Epoch [30/44], Total Loss: 3.4655, NLL: 2.8907, Masked: 17.6376, Reg: 0.553948
Epoch [31/44], Total Loss: 3.4575, NLL: 2.8829, Masked: 17.3735, Reg: 0.554075
Epoch [32/44], Total Loss: 3.4496, NLL: 2.8752, Masked: 17.1113, Reg: 0.554212
Epoch [33/44], Total Loss: 3.4418, NLL: 2.8674, Masked: 16.8587, Reg: 0.554388
Epoch [34/44], Total Loss: 3.4340, NLL: 2.8597, Masked: 16.6033, Reg: 0.554583
Epoch [35/44], Total Loss: 3.4263, NLL: 2.8522, Masked: 16.3560, Reg: 0.554739
Epoch [36/44], Total Loss: 3.4186, NLL: 2.8447, Masked: 16.1124, Reg: 0.554920
Epoch [37/44], Total Loss: 3.4111, NLL: 2.8372, Masked: 15.8707, Reg: 0.555085
Epoch [38/44], Total Loss: 3.4036, NLL: 2.8298, Masked: 15.6352, Reg: 0.555263
Epoch [39/44], Total Loss: 3.3962, NLL: 2.8225, Masked: 15.3976, Reg: 0.555457
Epoch [40/44], Total Loss: 3.3888, NLL: 2.8152, Masked: 15.1675, Reg: 0.555677
Epoch [41/44], Total Loss: 3.3816, NLL: 2.8080, Masked: 14.9443, Reg: 0.555867
Epoch [42/44], Total Loss: 3.3744, NLL: 2.8009, Masked: 14.7218, Reg: 0.556089
Epoch [43/44], Total Loss: 3.3673, NLL: 2.7938, Masked: 14.5022, Reg: 0.556289
Epoch [44/44], Total Loss: 3.3602, NLL: 2.7868, Masked: 14.2846, Reg: 0.556526

==================================================
EVALUATING ON TRAINING DATA
==================================================

==================================================
TEST RESULTS
==================================================
Total Loss: 3.356789
  - ZINB NLL: 2.783288
Total number of masked values: 127636
  - Number of values with pi >= 0.3245049993723893: 0
  - Number of values with pi < 0.3245049993723893: 127636
  - Masked Reconstruction: 14.175835
  - Regularization: 0.556733
Mean Absolute Error (MAE): 13.549416
R² Score: -13.038020
==================================================


==================================================
TEST RESULTS
==================================================
Total Loss: 3.356516
  - ZINB NLL: 2.783688
Total number of masked values: 42706
  - Number of values with pi >= 0.3245049993723893: 0
  - Number of values with pi < 0.3245049993723893: 42706
  - Masked Reconstruction: 13.607161
  - Regularization: 0.556733
Mean Absolute Error (MAE): 13.718233
R² Score: -7.041050
==================================================

Using combined metric: zinb_nll (2.783688) + masked_loss (13.607161) = 16.390849

>>> Optimizing combined on VALIDATION set: 16.390849
>>> Full validation metrics: {'total_loss': 3.3565162211318333, 'zinb_nll': 2.78368761410178, 'mae': 13.718233108520508, 'r2': -7.041049957275391, 'masked_loss': 13.6071614136762, 'reg_loss': 0.5567330253932009}

Iteration No: 42 ended. Search finished for the next optimal point.
Time taken: 79.9087
Function value obtained: 16.3908
Current minimum: 1.5811
Iteration No: 43 started. Searching for the next optimal point.

================================================================================
Trial with parameters:
  features: Nucl
  data_point_length: 3808
  step_size: 0.6955146094136919
  bin_size: 71
  sample_fraction: 0.9442349043418374
  moving_average: False
  first_layer_size_factor: 52
  num_layers: 2
  use_conv: True
  conv_channel: 43
  pool_size: 5
  kernel_size: 5
  epochs: 43
  batch_size: 128
  pi_threshold: 0.32336967197035055
  learning_rate: 0.00010215171193955937
  dropout_rate: 0.13030128989080048
  masked_recon_weight: 0.001237151287719633
  regularizer: l1
  regularization_weight: 0.0045877321357067164
================================================================================

Creating datasets with:
  features: ['Nucl']
  bin_size: 71
  moving_average: False
  data_point_length: 53 (from 3808)
  step_size: 36 (from fraction 0.6955146094136919)
  layers: [np.int64(832), np.int64(416)] (first=832, num=2)
  stride: 1 (fixed), padding: same (fixed)


Clipping outliers using 95th percentile * 1.5...
strain_yTW001: Clipping values above 134.25 (P95=89.50). Clipped 27529/1193409 values (2.31%)
strain_FD: Clipping values above 71.92 (P95=47.94). Clipped 95791/4127807 values (2.32%)
strain_dnrp: Clipping values above 243.00 (P95=162.00). Clipped 25649/1119454 values (2.29%)
strain_yEK19: Clipping values above 77.10 (P95=51.40). Clipped 83713/3893623 values (2.15%)
strain_yEK23: Clipping values above 72.00 (P95=48.00). Clipped 86381/3558407 values (2.43%)
strain_yWT03a: Clipping values above 15.00 (P95=10.00). Clipped 10602/347679 values (3.05%)
strain_yWT04a: Clipping values above 58.50 (P95=39.00). Clipped 21095/725406 values (2.91%)
strain_ylic137: Clipping values above 142.50 (P95=95.00). Clipped 28746/1112684 values (2.58%)
Standardizing features: ['Nucl']
Column order in final array (Dataset/Chrom split): ['Value', 'Nucleosome_Distance', 'Value_Raw', 'Size_Factor']
Removing 0 empty data points out of 20272
Column order in final array (Dataset/Chrom split): ['Value', 'Nucleosome_Distance', 'Value_Raw', 'Size_Factor']
Removing 0 empty data points out of 6432
Column order in final array (Dataset/Chrom split): ['Value', 'Nucleosome_Distance', 'Value_Raw', 'Size_Factor']
Removing 0 empty data points out of 11088
Datasets created:
  Train: (20272, 53, 4), Val: (6432, 53, 4), Test: (11088, 53, 4)

Randomly sampled 19141/20272 samples (94.4%)
Applied denoising with 15.0% masking
Applied denoising with 15.0% masking
Applied denoising with 15.0% masking
Epoch [1/43], Total Loss: 78.3460, NLL: 3.1457, Masked: 27.0200, Reg: 75.166904
Epoch [2/43], Total Loss: 30.2292, NLL: 3.1354, Masked: 26.5904, Reg: 27.060951
Epoch [3/43], Total Loss: 8.2583, NLL: 3.1254, Masked: 26.1699, Reg: 5.100520
Epoch [4/43], Total Loss: 3.9517, NLL: 3.1154, Masked: 25.7552, Reg: 0.804441
Epoch [5/43], Total Loss: 3.8928, NLL: 3.1056, Masked: 25.3474, Reg: 0.755872
Epoch [6/43], Total Loss: 3.8578, NLL: 3.0958, Masked: 24.9475, Reg: 0.731143
Epoch [7/43], Total Loss: 3.8244, NLL: 3.0861, Masked: 24.5531, Reg: 0.707973
Epoch [8/43], Total Loss: 3.7927, NLL: 3.0764, Masked: 24.1667, Reg: 0.686418
Epoch [9/43], Total Loss: 3.7629, NLL: 3.0669, Masked: 23.7844, Reg: 0.666597
Epoch [10/43], Total Loss: 3.7348, NLL: 3.0574, Masked: 23.4105, Reg: 0.648413
Epoch [11/43], Total Loss: 3.7085, NLL: 3.0479, Masked: 23.0436, Reg: 0.632092
Epoch [12/43], Total Loss: 3.6842, NLL: 3.0386, Masked: 22.6822, Reg: 0.617546
Epoch [13/43], Total Loss: 3.6617, NLL: 3.0293, Masked: 22.3285, Reg: 0.604723
Epoch [14/43], Total Loss: 3.6410, NLL: 3.0201, Masked: 21.9781, Reg: 0.593671
Epoch [15/43], Total Loss: 3.6219, NLL: 3.0110, Masked: 21.6338, Reg: 0.584132
Epoch [16/43], Total Loss: 3.6043, NLL: 3.0019, Masked: 21.2943, Reg: 0.576074
Epoch [17/43], Total Loss: 3.5884, NLL: 2.9929, Masked: 20.9617, Reg: 0.569541
Epoch [18/43], Total Loss: 3.5739, NLL: 2.9840, Masked: 20.6357, Reg: 0.564389
Epoch [19/43], Total Loss: 3.5608, NLL: 2.9751, Masked: 20.3137, Reg: 0.560581
Epoch [20/43], Total Loss: 3.5494, NLL: 2.9664, Masked: 19.9955, Reg: 0.558307
Epoch [21/43], Total Loss: 3.5397, NLL: 2.9576, Masked: 19.6864, Reg: 0.557688
Epoch [22/43], Total Loss: 3.5307, NLL: 2.9490, Masked: 19.3791, Reg: 0.557771
Epoch [23/43], Total Loss: 3.5219, NLL: 2.9404, Masked: 19.0783, Reg: 0.557888
Epoch [24/43], Total Loss: 3.5131, NLL: 2.9319, Masked: 18.7810, Reg: 0.557994
Epoch [25/43], Total Loss: 3.5044, NLL: 2.9234, Masked: 18.4899, Reg: 0.558122
Epoch [26/43], Total Loss: 3.4958, NLL: 2.9151, Masked: 18.2019, Reg: 0.558243
Epoch [27/43], Total Loss: 3.4873, NLL: 2.9068, Masked: 17.9192, Reg: 0.558364
Epoch [28/43], Total Loss: 3.4789, NLL: 2.8985, Masked: 17.6416, Reg: 0.558507
Epoch [29/43], Total Loss: 3.4705, NLL: 2.8904, Masked: 17.3674, Reg: 0.558652
Epoch [30/43], Total Loss: 3.4622, NLL: 2.8823, Masked: 17.0995, Reg: 0.558788
Epoch [31/43], Total Loss: 3.4540, NLL: 2.8742, Masked: 16.8345, Reg: 0.558942
Epoch [32/43], Total Loss: 3.4459, NLL: 2.8662, Masked: 16.5723, Reg: 0.559124
Epoch [33/43], Total Loss: 3.4378, NLL: 2.8583, Masked: 16.3162, Reg: 0.559273
Epoch [34/43], Total Loss: 3.4298, NLL: 2.8505, Masked: 16.0624, Reg: 0.559459
Epoch [35/43], Total Loss: 3.4220, NLL: 2.8427, Masked: 15.8165, Reg: 0.559636
Epoch [36/43], Total Loss: 3.4141, NLL: 2.8351, Masked: 15.5725, Reg: 0.559809
Epoch [37/43], Total Loss: 3.4064, NLL: 2.8275, Masked: 15.3312, Reg: 0.559997
Epoch [38/43], Total Loss: 3.3988, NLL: 2.8199, Masked: 15.0964, Reg: 0.560195
Epoch [39/43], Total Loss: 3.3912, NLL: 2.8124, Masked: 14.8627, Reg: 0.560395
Epoch [40/43], Total Loss: 3.3837, NLL: 2.8050, Masked: 14.6334, Reg: 0.560588
Epoch [41/43], Total Loss: 3.3763, NLL: 2.7977, Masked: 14.4088, Reg: 0.560821
Epoch [42/43], Total Loss: 3.3690, NLL: 2.7904, Masked: 14.1862, Reg: 0.561053
Epoch [43/43], Total Loss: 3.3617, NLL: 2.7832, Masked: 13.9675, Reg: 0.561300

==================================================
EVALUATING ON TRAINING DATA
==================================================

==================================================
TEST RESULTS
==================================================
Total Loss: 3.358156
  - ZINB NLL: 2.779561
Total number of masked values: 122515
  - Number of values with pi >= 0.32336967197035055: 0
  - Number of values with pi < 0.32336967197035055: 122515
  - Masked Reconstruction: 13.860003
  - Regularization: 0.561448
Mean Absolute Error (MAE): 13.425987
R² Score: -12.651563
==================================================


==================================================
TEST RESULTS
==================================================
Total Loss: 3.360799
  - ZINB NLL: 2.782652
Total number of masked values: 40865
  - Number of values with pi >= 0.32336967197035055: 0
  - Number of values with pi < 0.32336967197035055: 40865
  - Masked Reconstruction: 13.498029
  - Regularization: 0.561448
Mean Absolute Error (MAE): 13.599503
R² Score: -6.817162
==================================================

Using combined metric: zinb_nll (2.782652) + masked_loss (13.498029) = 16.280681

>>> Optimizing combined on VALIDATION set: 16.280681
>>> Full validation metrics: {'total_loss': 3.3607991394118883, 'zinb_nll': 2.7826519320853316, 'mae': 13.599502563476562, 'r2': -6.817161560058594, 'masked_loss': 13.498029350641355, 'reg_loss': 0.5614480812335633}

Iteration No: 43 ended. Search finished for the next optimal point.
Time taken: 79.7862
Function value obtained: 16.2807
Current minimum: 1.5811
Iteration No: 44 started. Searching for the next optimal point.

================================================================================
Trial with parameters:
  features: Nucl
  data_point_length: 3802
  step_size: 0.6703370663005935
  bin_size: 72
  sample_fraction: 0.9555866960794467
  moving_average: False
  first_layer_size_factor: 57
  num_layers: 2
  use_conv: True
  conv_channel: 49
  pool_size: 5
  kernel_size: 5
  epochs: 47
  batch_size: 128
  pi_threshold: 0.33530350473288884
  learning_rate: 0.0001239902569242194
  dropout_rate: 0.1222836220343478
  masked_recon_weight: 0.001
  regularizer: l1
  regularization_weight: 0.007410570178030885
================================================================================

Creating datasets with:
  features: ['Nucl']
  bin_size: 72
  moving_average: False
  data_point_length: 52 (from 3802)
  step_size: 34 (from fraction 0.6703370663005935)
  layers: [np.int64(912), np.int64(456)] (first=912, num=2)
  stride: 1 (fixed), padding: same (fixed)


Clipping outliers using 95th percentile * 1.5...
strain_yTW001: Clipping values above 134.25 (P95=89.50). Clipped 27529/1193409 values (2.31%)
strain_FD: Clipping values above 71.92 (P95=47.94). Clipped 95791/4127807 values (2.32%)
strain_dnrp: Clipping values above 243.00 (P95=162.00). Clipped 25649/1119454 values (2.29%)
strain_yEK19: Clipping values above 77.10 (P95=51.40). Clipped 83713/3893623 values (2.15%)
strain_yEK23: Clipping values above 72.00 (P95=48.00). Clipped 86381/3558407 values (2.43%)
strain_yWT03a: Clipping values above 15.00 (P95=10.00). Clipped 10602/347679 values (3.05%)
strain_yWT04a: Clipping values above 58.50 (P95=39.00). Clipped 21095/725406 values (2.91%)
strain_ylic137: Clipping values above 142.50 (P95=95.00). Clipped 28746/1112684 values (2.58%)
Standardizing features: ['Nucl']
Column order in final array (Dataset/Chrom split): ['Value', 'Nucleosome_Distance', 'Value_Raw', 'Size_Factor']
Removing 0 empty data points out of 21160
Column order in final array (Dataset/Chrom split): ['Value', 'Nucleosome_Distance', 'Value_Raw', 'Size_Factor']
Removing 0 empty data points out of 6712
Column order in final array (Dataset/Chrom split): ['Value', 'Nucleosome_Distance', 'Value_Raw', 'Size_Factor']
Removing 0 empty data points out of 11576
Datasets created:
  Train: (21160, 52, 4), Val: (6712, 52, 4), Test: (11576, 52, 4)

Randomly sampled 20220/21160 samples (95.6%)
Applied denoising with 15.0% masking
Applied denoising with 15.0% masking
Applied denoising with 15.0% masking
Epoch [1/47], Total Loss: 125.9252, NLL: 3.1444, Masked: 27.0093, Reg: 122.753798
Epoch [2/47], Total Loss: 28.2002, NLL: 3.1316, Masked: 26.4686, Reg: 25.042097
Epoch [3/47], Total Loss: 4.9444, NLL: 3.1190, Masked: 25.9397, Reg: 1.799502
Epoch [4/47], Total Loss: 4.4397, NLL: 3.1064, Masked: 25.4193, Reg: 1.307833
Epoch [5/47], Total Loss: 4.3688, NLL: 3.0940, Masked: 24.9045, Reg: 1.249891
Epoch [6/47], Total Loss: 4.3034, NLL: 3.0818, Masked: 24.4106, Reg: 1.197178
Epoch [7/47], Total Loss: 4.2427, NLL: 3.0696, Masked: 23.9249, Reg: 1.149178
Epoch [8/47], Total Loss: 4.1869, NLL: 3.0576, Masked: 23.4465, Reg: 1.105773
Epoch [9/47], Total Loss: 4.1362, NLL: 3.0458, Masked: 22.9824, Reg: 1.067367
Epoch [10/47], Total Loss: 4.0909, NLL: 3.0341, Masked: 22.5292, Reg: 1.034320
Epoch [11/47], Total Loss: 4.0505, NLL: 3.0225, Masked: 22.0821, Reg: 1.005882
Epoch [12/47], Total Loss: 4.0151, NLL: 3.0111, Masked: 21.6515, Reg: 0.982375
Epoch [13/47], Total Loss: 3.9847, NLL: 2.9998, Masked: 21.2249, Reg: 0.963731
Epoch [14/47], Total Loss: 3.9588, NLL: 2.9886, Masked: 20.8091, Reg: 0.949443
Epoch [15/47], Total Loss: 3.9374, NLL: 2.9775, Masked: 20.4018, Reg: 0.939436
Epoch [16/47], Total Loss: 3.9212, NLL: 2.9666, Masked: 20.0024, Reg: 0.934608
Epoch [17/47], Total Loss: 3.9091, NLL: 2.9558, Masked: 19.6126, Reg: 0.933716
Epoch [18/47], Total Loss: 3.8979, NLL: 2.9451, Masked: 19.2339, Reg: 0.933481
Epoch [19/47], Total Loss: 3.8868, NLL: 2.9346, Masked: 18.8598, Reg: 0.933349
Epoch [20/47], Total Loss: 3.8758, NLL: 2.9242, Masked: 18.4936, Reg: 0.933144
Epoch [21/47], Total Loss: 3.8650, NLL: 2.9139, Masked: 18.1361, Reg: 0.932932
Epoch [22/47], Total Loss: 3.8542, NLL: 2.9037, Masked: 17.7873, Reg: 0.932745
Epoch [23/47], Total Loss: 3.8437, NLL: 2.8937, Masked: 17.4443, Reg: 0.932563
Epoch [24/47], Total Loss: 3.8333, NLL: 2.8838, Masked: 17.1089, Reg: 0.932349
Epoch [25/47], Total Loss: 3.8229, NLL: 2.8740, Masked: 16.7797, Reg: 0.932135
Epoch [26/47], Total Loss: 3.8128, NLL: 2.8644, Masked: 16.4556, Reg: 0.931945
Epoch [27/47], Total Loss: 3.8027, NLL: 2.8548, Masked: 16.1436, Reg: 0.931727
Epoch [28/47], Total Loss: 3.7928, NLL: 2.8454, Masked: 15.8351, Reg: 0.931552
Epoch [29/47], Total Loss: 3.7831, NLL: 2.8362, Masked: 15.5330, Reg: 0.931319
Epoch [30/47], Total Loss: 3.7734, NLL: 2.8271, Masked: 15.2368, Reg: 0.931121
Epoch [31/47], Total Loss: 3.7639, NLL: 2.8180, Masked: 14.9471, Reg: 0.930954
Epoch [32/47], Total Loss: 3.7546, NLL: 2.8092, Masked: 14.6651, Reg: 0.930729
Epoch [33/47], Total Loss: 3.7454, NLL: 2.8004, Masked: 14.3876, Reg: 0.930539
Epoch [34/47], Total Loss: 3.7363, NLL: 2.7919, Masked: 14.1169, Reg: 0.930260
Epoch [35/47], Total Loss: 3.7273, NLL: 2.7834, Masked: 13.8517, Reg: 0.930049
Epoch [36/47], Total Loss: 3.7185, NLL: 2.7750, Masked: 13.5920, Reg: 0.929844
Epoch [37/47], Total Loss: 3.7098, NLL: 2.7669, Masked: 13.3377, Reg: 0.929582
Epoch [38/47], Total Loss: 3.7012, NLL: 2.7588, Masked: 13.0875, Reg: 0.929370
Epoch [39/47], Total Loss: 3.6928, NLL: 2.7509, Masked: 12.8433, Reg: 0.929089
Epoch [40/47], Total Loss: 3.6846, NLL: 2.7431, Masked: 12.6067, Reg: 0.928866
Epoch [41/47], Total Loss: 3.6764, NLL: 2.7354, Masked: 12.3744, Reg: 0.928621
Epoch [42/47], Total Loss: 3.6684, NLL: 2.7280, Masked: 12.1449, Reg: 0.928338
Epoch [43/47], Total Loss: 3.6606, NLL: 2.7206, Masked: 11.9212, Reg: 0.928130
Epoch [44/47], Total Loss: 3.6529, NLL: 2.7134, Masked: 11.7017, Reg: 0.927836
Epoch [45/47], Total Loss: 3.6453, NLL: 2.7063, Masked: 11.4901, Reg: 0.927542
Epoch [46/47], Total Loss: 3.6379, NLL: 2.6993, Masked: 11.2807, Reg: 0.927310
Epoch [47/47], Total Loss: 3.6307, NLL: 2.6925, Masked: 11.0768, Reg: 0.927042

==================================================
EVALUATING ON TRAINING DATA
==================================================

==================================================
TEST RESULTS
==================================================
Total Loss: 3.626894
  - ZINB NLL: 2.689170
Total number of masked values: 128405
  - Number of values with pi >= 0.33530350473288884: 0
  - Number of values with pi < 0.33530350473288884: 128405
  - Masked Reconstruction: 10.975120
  - Regularization: 0.926748
Mean Absolute Error (MAE): 10.657282
R² Score: -7.784122
==================================================


==================================================
TEST RESULTS
==================================================
Total Loss: 3.629748
  - ZINB NLL: 2.692227
Total number of masked values: 42241
  - Number of values with pi >= 0.33530350473288884: 0
  - Number of values with pi < 0.33530350473288884: 42241
  - Masked Reconstruction: 10.772297
  - Regularization: 0.926748
Mean Absolute Error (MAE): 10.879641
R² Score: -4.170116
==================================================

Using combined metric: zinb_nll (2.692227) + masked_loss (10.772297) = 13.464524

>>> Optimizing combined on VALIDATION set: 13.464524
>>> Full validation metrics: {'total_loss': 3.6297479235657066, 'zinb_nll': 2.6922274204204135, 'mae': 10.879640579223633, 'r2': -4.170116424560547, 'masked_loss': 10.772296979401762, 'reg_loss': 0.9267482484652896}

Iteration No: 44 ended. Search finished for the next optimal point.
Time taken: 84.9552
Function value obtained: 13.4645
Current minimum: 1.5811
Iteration No: 45 started. Searching for the next optimal point.

================================================================================
Trial with parameters:
  features: Nucl
  data_point_length: 3808
  step_size: 0.6981827424442906
  bin_size: 72
  sample_fraction: 0.949335135697165
  moving_average: False
  first_layer_size_factor: 51
  num_layers: 2
  use_conv: True
  conv_channel: 40
  pool_size: 5
  kernel_size: 5
  epochs: 44
  batch_size: 128
  pi_threshold: 0.31897414886813485
  learning_rate: 0.00010651431788089992
  dropout_rate: 0.11439031050017144
  masked_recon_weight: 0.0012322599284096485
  regularizer: l1
  regularization_weight: 0.003347462301434256
================================================================================

Creating datasets with:
  features: ['Nucl']
  bin_size: 72
  moving_average: False
  data_point_length: 52 (from 3808)
  step_size: 36 (from fraction 0.6981827424442906)
  layers: [np.int64(816), np.int64(408)] (first=816, num=2)
  stride: 1 (fixed), padding: same (fixed)


Clipping outliers using 95th percentile * 1.5...
strain_yTW001: Clipping values above 134.25 (P95=89.50). Clipped 27529/1193409 values (2.31%)
strain_FD: Clipping values above 71.92 (P95=47.94). Clipped 95791/4127807 values (2.32%)
strain_dnrp: Clipping values above 243.00 (P95=162.00). Clipped 25649/1119454 values (2.29%)
strain_yEK19: Clipping values above 77.10 (P95=51.40). Clipped 83713/3893623 values (2.15%)
strain_yEK23: Clipping values above 72.00 (P95=48.00). Clipped 86381/3558407 values (2.43%)
strain_yWT03a: Clipping values above 15.00 (P95=10.00). Clipped 10602/347679 values (3.05%)
strain_yWT04a: Clipping values above 58.50 (P95=39.00). Clipped 21095/725406 values (2.91%)
strain_ylic137: Clipping values above 142.50 (P95=95.00). Clipped 28746/1112684 values (2.58%)
Standardizing features: ['Nucl']
Column order in final array (Dataset/Chrom split): ['Value', 'Nucleosome_Distance', 'Value_Raw', 'Size_Factor']
Removing 0 empty data points out of 19992
Column order in final array (Dataset/Chrom split): ['Value', 'Nucleosome_Distance', 'Value_Raw', 'Size_Factor']
Removing 0 empty data points out of 6344
Column order in final array (Dataset/Chrom split): ['Value', 'Nucleosome_Distance', 'Value_Raw', 'Size_Factor']
Removing 0 empty data points out of 10936
Datasets created:
  Train: (19992, 52, 4), Val: (6344, 52, 4), Test: (10936, 52, 4)

Randomly sampled 18979/19992 samples (94.9%)
Applied denoising with 15.0% masking
Applied denoising with 15.0% masking
Applied denoising with 15.0% masking
Epoch [1/44], Total Loss: 55.7289, NLL: 3.1479, Masked: 27.0557, Reg: 52.547671
Epoch [2/44], Total Loss: 21.6953, NLL: 3.1372, Masked: 26.6121, Reg: 18.525308
Epoch [3/44], Total Loss: 6.5406, NLL: 3.1268, Masked: 26.1718, Reg: 3.381507
Epoch [4/44], Total Loss: 3.7274, NLL: 3.1165, Masked: 25.7403, Reg: 0.579184
Epoch [5/44], Total Loss: 3.6883, NLL: 3.1063, Masked: 25.3152, Reg: 0.550802
Epoch [6/44], Total Loss: 3.6601, NLL: 3.0961, Masked: 24.9018, Reg: 0.533299
Epoch [7/44], Total Loss: 3.6332, NLL: 3.0860, Masked: 24.4927, Reg: 0.517038
Epoch [8/44], Total Loss: 3.6074, NLL: 3.0760, Masked: 24.0921, Reg: 0.501695
Epoch [9/44], Total Loss: 3.5825, NLL: 3.0661, Masked: 23.7000, Reg: 0.487269
Epoch [10/44], Total Loss: 3.5588, NLL: 3.0562, Masked: 23.3130, Reg: 0.473858
Epoch [11/44], Total Loss: 3.5363, NLL: 3.0464, Masked: 22.9334, Reg: 0.461623
Epoch [12/44], Total Loss: 3.5148, NLL: 3.0367, Masked: 22.5585, Reg: 0.450322
Epoch [13/44], Total Loss: 3.4943, NLL: 3.0270, Masked: 22.1939, Reg: 0.439972
Epoch [14/44], Total Loss: 3.4750, NLL: 3.0175, Masked: 21.8302, Reg: 0.430632
Epoch [15/44], Total Loss: 3.4570, NLL: 3.0079, Masked: 21.4739, Reg: 0.422627
Epoch [16/44], Total Loss: 3.4402, NLL: 2.9985, Masked: 21.1276, Reg: 0.415732
Epoch [17/44], Total Loss: 3.4248, NLL: 2.9891, Masked: 20.7812, Reg: 0.410044
Epoch [18/44], Total Loss: 3.4108, NLL: 2.9798, Masked: 20.4470, Reg: 0.405857
Epoch [19/44], Total Loss: 3.3983, NLL: 2.9705, Masked: 20.1124, Reg: 0.403016
Epoch [20/44], Total Loss: 3.3872, NLL: 2.9614, Masked: 19.7895, Reg: 0.401489
Epoch [21/44], Total Loss: 3.3777, NLL: 2.9523, Masked: 19.4669, Reg: 0.401412
Epoch [22/44], Total Loss: 3.3685, NLL: 2.9432, Masked: 19.1516, Reg: 0.401647
Epoch [23/44], Total Loss: 3.3594, NLL: 2.9342, Masked: 18.8411, Reg: 0.401912
Epoch [24/44], Total Loss: 3.3504, NLL: 2.9253, Masked: 18.5379, Reg: 0.402193
Epoch [25/44], Total Loss: 3.3414, NLL: 2.9165, Masked: 18.2390, Reg: 0.402470
Epoch [26/44], Total Loss: 3.3326, NLL: 2.9077, Masked: 17.9425, Reg: 0.402742
Epoch [27/44], Total Loss: 3.3238, NLL: 2.8990, Masked: 17.6532, Reg: 0.403055
Epoch [28/44], Total Loss: 3.3151, NLL: 2.8903, Masked: 17.3672, Reg: 0.403378
Epoch [29/44], Total Loss: 3.3065, NLL: 2.8817, Masked: 17.0866, Reg: 0.403701
Epoch [30/44], Total Loss: 3.2980, NLL: 2.8732, Masked: 16.8131, Reg: 0.404066
Epoch [31/44], Total Loss: 3.2895, NLL: 2.8647, Masked: 16.5400, Reg: 0.404428
Epoch [32/44], Total Loss: 3.2811, NLL: 2.8563, Masked: 16.2740, Reg: 0.404798
Epoch [33/44], Total Loss: 3.2729, NLL: 2.8480, Masked: 16.0121, Reg: 0.405172
Epoch [34/44], Total Loss: 3.2647, NLL: 2.8397, Masked: 15.7533, Reg: 0.405575
Epoch [35/44], Total Loss: 3.2566, NLL: 2.8315, Masked: 15.4994, Reg: 0.405988
Epoch [36/44], Total Loss: 3.2485, NLL: 2.8233, Masked: 15.2514, Reg: 0.406437
Epoch [37/44], Total Loss: 3.2406, NLL: 2.8152, Masked: 15.0060, Reg: 0.406887
Epoch [38/44], Total Loss: 3.2327, NLL: 2.8072, Masked: 14.7642, Reg: 0.407337
Epoch [39/44], Total Loss: 3.2249, NLL: 2.7992, Masked: 14.5255, Reg: 0.407836
Epoch [40/44], Total Loss: 3.2172, NLL: 2.7912, Masked: 14.2966, Reg: 0.408341
Epoch [41/44], Total Loss: 3.2096, NLL: 2.7834, Masked: 14.0646, Reg: 0.408877
Epoch [42/44], Total Loss: 3.2020, NLL: 2.7755, Masked: 13.8395, Reg: 0.409421
Epoch [43/44], Total Loss: 3.1946, NLL: 2.7677, Masked: 13.6180, Reg: 0.410020
Epoch [44/44], Total Loss: 3.1872, NLL: 2.7600, Masked: 13.4009, Reg: 0.410611

==================================================
EVALUATING ON TRAINING DATA
==================================================

==================================================
TEST RESULTS
==================================================
Total Loss: 3.183528
  - ZINB NLL: 2.756167
Total number of masked values: 120589
  - Number of values with pi >= 0.31897414886813485: 0
  - Number of values with pi < 0.31897414886813485: 120589
  - Masked Reconstruction: 13.291331
  - Regularization: 0.410982
Mean Absolute Error (MAE): 12.868695
R² Score: -11.669261
==================================================


==================================================
TEST RESULTS
==================================================
Total Loss: 3.184689
  - ZINB NLL: 2.757745
Total number of masked values: 39961
  - Number of values with pi >= 0.31897414886813485: 0
  - Number of values with pi < 0.31897414886813485: 39961
  - Masked Reconstruction: 12.952975
  - Regularization: 0.410982
Mean Absolute Error (MAE): 13.061466
R² Score: -6.374932
==================================================

Using combined metric: zinb_nll (2.757745) + masked_loss (12.952975) = 15.710720

>>> Optimizing combined on VALIDATION set: 15.710720
>>> Full validation metrics: {'total_loss': 3.1846885569910386, 'zinb_nll': 2.7577447476332906, 'mae': 13.061466217041016, 'r2': -6.374931812286377, 'masked_loss': 12.952974857027263, 'reg_loss': 0.41098236510735087}

Iteration No: 45 ended. Search finished for the next optimal point.
Time taken: 79.9712
Function value obtained: 15.7107
Current minimum: 1.5811
Iteration No: 46 started. Searching for the next optimal point.

================================================================================
Trial with parameters:
  features: Centr
  data_point_length: 500
  step_size: 1.0
  bin_size: 100
  sample_fraction: 1.0
  moving_average: True
  first_layer_size_factor: 81
  num_layers: 1
  use_conv: False
  conv_channel: 76
  pool_size: 4
  kernel_size: 3
  epochs: 34
  batch_size: 64
  pi_threshold: 0.6265184053850013
  learning_rate: 1e-05
  dropout_rate: 0.28854983797554073
  masked_recon_weight: 7.077045181602574
  regularizer: l1
  regularization_weight: 1e-05
================================================================================

Creating datasets with:
  features: ['Centr']
  bin_size: 100
  moving_average: True
  data_point_length: 500 (from 500)
  step_size: 500 (from fraction 1.0)
  layers: [np.int64(1296)] (first=1296, num=1)
  stride: 1 (fixed), padding: same (fixed)


Clipping outliers using 95th percentile * 1.5...
strain_yTW001: Clipping values above 134.25 (P95=89.50). Clipped 27529/1193409 values (2.31%)
strain_FD: Clipping values above 71.92 (P95=47.94). Clipped 95791/4127807 values (2.32%)
strain_dnrp: Clipping values above 243.00 (P95=162.00). Clipped 25649/1119454 values (2.29%)
strain_yEK19: Clipping values above 77.10 (P95=51.40). Clipped 83713/3893623 values (2.15%)
strain_yEK23: Clipping values above 72.00 (P95=48.00). Clipped 86381/3558407 values (2.43%)
strain_yWT03a: Clipping values above 15.00 (P95=10.00). Clipped 10602/347679 values (3.05%)
strain_yWT04a: Clipping values above 58.50 (P95=39.00). Clipped 21095/725406 values (2.91%)
strain_ylic137: Clipping values above 142.50 (P95=95.00). Clipped 28746/1112684 values (2.58%)
Standardizing features: ['Centr']
Column order in final array (Dataset/Chrom split): ['Value', 'Centromere_Distance', 'Value_Raw', 'Size_Factor']
Removing 0 empty data points out of 103656
Column order in final array (Dataset/Chrom split): ['Value', 'Centromere_Distance', 'Value_Raw', 'Size_Factor']
Removing 0 empty data points out of 32880
Column order in final array (Dataset/Chrom split): ['Value', 'Centromere_Distance', 'Value_Raw', 'Size_Factor']
Removing 0 empty data points out of 56656
Datasets created:
  Train: (103656, 500, 4), Val: (32880, 500, 4), Test: (56656, 500, 4)

Applied denoising with 15.0% masking
Applied denoising with 15.0% masking
Applied denoising with 15.0% masking
Epoch [1/34], Total Loss: 39.5150, NLL: 2.3014, Masked: 5.2191, Reg: 0.277999
Epoch [2/34], Total Loss: 18.8133, NLL: 2.2679, Masked: 2.2949, Reg: 0.304700
Epoch [3/34], Total Loss: 18.3144, NLL: 2.2673, Masked: 2.2218, Reg: 0.323554
Epoch [4/34], Total Loss: 18.1251, NLL: 2.2643, Masked: 2.1935, Reg: 0.337162
Epoch [5/34], Total Loss: 18.0412, NLL: 2.2622, Masked: 2.1808, Reg: 0.345283
Epoch [6/34], Total Loss: 17.9968, NLL: 2.2610, Masked: 2.1747, Reg: 0.345436
Epoch [7/34], Total Loss: 17.9698, NLL: 2.2605, Masked: 2.1716, Reg: 0.340561
Epoch [8/34], Total Loss: 17.9500, NLL: 2.2601, Masked: 2.1701, Reg: 0.331598
Epoch [9/34], Total Loss: 17.9309, NLL: 2.2598, Masked: 2.1693, Reg: 0.318987
Epoch [10/34], Total Loss: 17.9124, NLL: 2.2593, Masked: 2.1685, Reg: 0.306234
Epoch [11/34], Total Loss: 17.8912, NLL: 2.2587, Masked: 2.1675, Reg: 0.293146
Epoch [12/34], Total Loss: 17.8783, NLL: 2.2582, Masked: 2.1674, Reg: 0.281266
Epoch [13/34], Total Loss: 17.8577, NLL: 2.2577, Masked: 2.1662, Reg: 0.270060
Epoch [14/34], Total Loss: 17.8403, NLL: 2.2571, Masked: 2.1654, Reg: 0.258181
Epoch [15/34], Total Loss: 17.8240, NLL: 2.2562, Masked: 2.1650, Reg: 0.245936
Epoch [16/34], Total Loss: 17.8002, NLL: 2.2540, Masked: 2.1638, Reg: 0.232853
Epoch [17/34], Total Loss: 17.6700, NLL: 2.2203, Masked: 2.1508, Reg: 0.228462
Epoch [18/34], Total Loss: 16.7484, NLL: 2.0543, Masked: 2.0430, Reg: 0.235831
Epoch [19/34], Total Loss: 15.3429, NLL: 1.8882, Masked: 1.8654, Reg: 0.252768
Epoch [20/34], Total Loss: 14.4867, NLL: 1.8055, Masked: 1.7542, Reg: 0.266476
Epoch [21/34], Total Loss: 13.5223, NLL: 1.7207, Masked: 1.6279, Reg: 0.281145
Epoch [22/34], Total Loss: 12.4734, NLL: 1.6493, Masked: 1.4869, Reg: 0.301218
Epoch [23/34], Total Loss: 11.7674, NLL: 1.6167, Masked: 1.3889, Reg: 0.321129
Epoch [24/34], Total Loss: 11.2867, NLL: 1.5979, Masked: 1.3212, Reg: 0.338329
Epoch [25/34], Total Loss: 10.9391, NLL: 1.5791, Masked: 1.2725, Reg: 0.354142
Epoch [26/34], Total Loss: 10.6409, NLL: 1.5610, Masked: 1.2311, Reg: 0.367075
Epoch [27/34], Total Loss: 10.3917, NLL: 1.5451, Masked: 1.1968, Reg: 0.376659
Epoch [28/34], Total Loss: 10.1745, NLL: 1.5312, Masked: 1.1671, Reg: 0.384083
Epoch [29/34], Total Loss: 9.9926, NLL: 1.5186, Masked: 1.1423, Reg: 0.389598
Epoch [30/34], Total Loss: 9.8367, NLL: 1.5069, Masked: 1.1214, Reg: 0.393601
Epoch [31/34], Total Loss: 9.7064, NLL: 1.4965, Masked: 1.1041, Reg: 0.396176
Epoch [32/34], Total Loss: 9.5791, NLL: 1.4863, Masked: 1.0873, Reg: 0.397680
Epoch [33/34], Total Loss: 9.4680, NLL: 1.4765, Masked: 1.0729, Reg: 0.398587
Epoch [34/34], Total Loss: 9.3656, NLL: 1.4683, Masked: 1.0595, Reg: 0.399157

==================================================
EVALUATING ON TRAINING DATA
==================================================

==================================================
TEST RESULTS
==================================================
Total Loss: 9.232928
  - ZINB NLL: 1.455976
Total number of masked values: 7159738
  - Number of values with pi >= 0.6265184053850013: 0
  - Number of values with pi < 0.6265184053850013: 7159738
  - Masked Reconstruction: 1.042450
  - Regularization: 0.399488
Mean Absolute Error (MAE): 1.038433
R² Score: 0.829814
==================================================


==================================================
TEST RESULTS
==================================================
Total Loss: 10.259606
  - ZINB NLL: 1.486730
Total number of masked values: 2254451
  - Number of values with pi >= 0.6265184053850013: 0
  - Number of values with pi < 0.6265184053850013: 2254451
  - Masked Reconstruction: 1.183176
  - Regularization: 0.399488
Mean Absolute Error (MAE): 1.175414
R² Score: 0.672796
==================================================

Using combined metric: zinb_nll (1.486730) + masked_loss (1.183176) = 2.669906

>>> Optimizing combined on VALIDATION set: 2.669906
>>> Full validation metrics: {'total_loss': 10.25960576366044, 'zinb_nll': 1.4867302885310782, 'mae': 1.1754143238067627, 'r2': 0.6727963089942932, 'masked_loss': 1.183175713708511, 'reg_loss': 0.399487812500004}

Iteration No: 46 ended. Search finished for the next optimal point.
Time taken: 837.9088
Function value obtained: 2.6699
Current minimum: 1.5811
Iteration No: 47 started. Searching for the next optimal point.

================================================================================
Trial with parameters:
  features: Nucl
  data_point_length: 3826
  step_size: 0.6755062836171258
  bin_size: 68
  sample_fraction: 0.9044951933977128
  moving_average: False
  first_layer_size_factor: 50
  num_layers: 1
  use_conv: True
  conv_channel: 36
  pool_size: 4
  kernel_size: 5
  epochs: 47
  batch_size: 128
  pi_threshold: 0.3380573913373177
  learning_rate: 0.00010180207103728707
  dropout_rate: 0.09949914468532009
  masked_recon_weight: 0.0020205777555222263
  regularizer: l2
  regularization_weight: 0.005870070387878294
================================================================================

Creating datasets with:
  features: ['Nucl']
  bin_size: 68
  moving_average: False
  data_point_length: 56 (from 3826)
  step_size: 37 (from fraction 0.6755062836171258)
  layers: [np.int64(800)] (first=800, num=1)
  stride: 1 (fixed), padding: same (fixed)


Clipping outliers using 95th percentile * 1.5...
strain_yTW001: Clipping values above 134.25 (P95=89.50). Clipped 27529/1193409 values (2.31%)
strain_FD: Clipping values above 71.92 (P95=47.94). Clipped 95791/4127807 values (2.32%)
strain_dnrp: Clipping values above 243.00 (P95=162.00). Clipped 25649/1119454 values (2.29%)
strain_yEK19: Clipping values above 77.10 (P95=51.40). Clipped 83713/3893623 values (2.15%)
strain_yEK23: Clipping values above 72.00 (P95=48.00). Clipped 86381/3558407 values (2.43%)
strain_yWT03a: Clipping values above 15.00 (P95=10.00). Clipped 10602/347679 values (3.05%)
strain_yWT04a: Clipping values above 58.50 (P95=39.00). Clipped 21095/725406 values (2.91%)
strain_ylic137: Clipping values above 142.50 (P95=95.00). Clipped 28746/1112684 values (2.58%)
Standardizing features: ['Nucl']
Column order in final array (Dataset/Chrom split): ['Value', 'Nucleosome_Distance', 'Value_Raw', 'Size_Factor']
Removing 0 empty data points out of 20600
Column order in final array (Dataset/Chrom split): ['Value', 'Nucleosome_Distance', 'Value_Raw', 'Size_Factor']
Removing 0 empty data points out of 6536
Column order in final array (Dataset/Chrom split): ['Value', 'Nucleosome_Distance', 'Value_Raw', 'Size_Factor']
Removing 0 empty data points out of 11256
Datasets created:
  Train: (20600, 56, 4), Val: (6536, 56, 4), Test: (11256, 56, 4)

Randomly sampled 18632/20600 samples (90.4%)
Applied denoising with 15.0% masking
Applied denoising with 15.0% masking
Applied denoising with 15.0% masking
Epoch [1/47], Total Loss: 2.1998, NLL: 2.1853, Masked: 7.1713, Reg: 2.605620
Epoch [2/47], Total Loss: 1.8783, NLL: 1.8734, Masked: 2.4359, Reg: 2.028231
Epoch [3/47], Total Loss: 1.8681, NLL: 1.8632, Masked: 2.3978, Reg: 1.692572
Epoch [4/47], Total Loss: 1.8606, NLL: 1.8558, Masked: 2.3738, Reg: 1.519861
Epoch [5/47], Total Loss: 1.8546, NLL: 1.8499, Masked: 2.3538, Reg: 1.430260
Epoch [6/47], Total Loss: 1.8495, NLL: 1.8448, Masked: 2.3386, Reg: 1.380276
Epoch [7/47], Total Loss: 1.8457, NLL: 1.8410, Masked: 2.3254, Reg: 1.347758
Epoch [8/47], Total Loss: 1.8426, NLL: 1.8379, Masked: 2.3170, Reg: 1.323908
Epoch [9/47], Total Loss: 1.8396, NLL: 1.8349, Masked: 2.3087, Reg: 1.303878
Epoch [10/47], Total Loss: 1.8369, NLL: 1.8323, Masked: 2.3011, Reg: 1.285546
Epoch [11/47], Total Loss: 1.8344, NLL: 1.8297, Masked: 2.2927, Reg: 1.268606
Epoch [12/47], Total Loss: 1.8323, NLL: 1.8277, Masked: 2.2872, Reg: 1.251686
Epoch [13/47], Total Loss: 1.8303, NLL: 1.8257, Masked: 2.2808, Reg: 1.235384
Epoch [14/47], Total Loss: 1.8281, NLL: 1.8235, Masked: 2.2751, Reg: 1.219365
Epoch [15/47], Total Loss: 1.8261, NLL: 1.8215, Masked: 2.2693, Reg: 1.203470
Epoch [16/47], Total Loss: 1.8243, NLL: 1.8197, Masked: 2.2640, Reg: 1.187519
Epoch [17/47], Total Loss: 1.8226, NLL: 1.8180, Masked: 2.2609, Reg: 1.172461
Epoch [18/47], Total Loss: 1.8210, NLL: 1.8164, Masked: 2.2543, Reg: 1.157090
Epoch [19/47], Total Loss: 1.8196, NLL: 1.8151, Masked: 2.2506, Reg: 1.141380
Epoch [20/47], Total Loss: 1.8180, NLL: 1.8135, Masked: 2.2444, Reg: 1.126862
Epoch [21/47], Total Loss: 1.8171, NLL: 1.8126, Masked: 2.2434, Reg: 1.111651
Epoch [22/47], Total Loss: 1.8156, NLL: 1.8111, Masked: 2.2395, Reg: 1.097049
Epoch [23/47], Total Loss: 1.8148, NLL: 1.8103, Masked: 2.2363, Reg: 1.081571
Epoch [24/47], Total Loss: 1.8136, NLL: 1.8091, Masked: 2.2333, Reg: 1.067292
Epoch [25/47], Total Loss: 1.8130, NLL: 1.8085, Masked: 2.2305, Reg: 1.052478
Epoch [26/47], Total Loss: 1.8122, NLL: 1.8077, Masked: 2.2291, Reg: 1.037684
Epoch [27/47], Total Loss: 1.8112, NLL: 1.8067, Masked: 2.2259, Reg: 1.023871
Epoch [28/47], Total Loss: 1.8101, NLL: 1.8056, Masked: 2.2224, Reg: 1.010172
Epoch [29/47], Total Loss: 1.8095, NLL: 1.8050, Masked: 2.2216, Reg: 0.995804
Epoch [30/47], Total Loss: 1.8087, NLL: 1.8042, Masked: 2.2192, Reg: 0.981957
Epoch [31/47], Total Loss: 1.8081, NLL: 1.8036, Masked: 2.2168, Reg: 0.968239
Epoch [32/47], Total Loss: 1.8071, NLL: 1.8026, Masked: 2.2134, Reg: 0.955049
Epoch [33/47], Total Loss: 1.8071, NLL: 1.8026, Masked: 2.2152, Reg: 0.940686
Epoch [34/47], Total Loss: 1.8063, NLL: 1.8018, Masked: 2.2111, Reg: 0.927584
Epoch [35/47], Total Loss: 1.8057, NLL: 1.8012, Masked: 2.2111, Reg: 0.914504
Epoch [36/47], Total Loss: 1.8054, NLL: 1.8009, Masked: 2.2092, Reg: 0.901038
Epoch [37/47], Total Loss: 1.8050, NLL: 1.8006, Masked: 2.2108, Reg: 0.887812
Epoch [38/47], Total Loss: 1.8045, NLL: 1.8000, Masked: 2.2089, Reg: 0.875355
Epoch [39/47], Total Loss: 1.8041, NLL: 1.7996, Masked: 2.2064, Reg: 0.862423
Epoch [40/47], Total Loss: 1.8039, NLL: 1.7994, Masked: 2.2068, Reg: 0.849371
Epoch [41/47], Total Loss: 1.8034, NLL: 1.7990, Masked: 2.2052, Reg: 0.837246
Epoch [42/47], Total Loss: 1.8032, NLL: 1.7988, Masked: 2.2055, Reg: 0.824637
Epoch [43/47], Total Loss: 1.8029, NLL: 1.7985, Masked: 2.2041, Reg: 0.812249
Epoch [44/47], Total Loss: 1.8026, NLL: 1.7982, Masked: 2.2027, Reg: 0.800205
Epoch [45/47], Total Loss: 1.8021, NLL: 1.7976, Masked: 2.2023, Reg: 0.788638
Epoch [46/47], Total Loss: 1.8019, NLL: 1.7975, Masked: 2.2016, Reg: 0.776393
Epoch [47/47], Total Loss: 1.8017, NLL: 1.7973, Masked: 2.2013, Reg: 0.764339

==================================================
EVALUATING ON TRAINING DATA
==================================================

==================================================
TEST RESULTS
==================================================
Total Loss: 1.800745
  - ZINB NLL: 1.796308
Total number of masked values: 130166
  - Number of values with pi >= 0.3380573913373177: 0
  - Number of values with pi < 0.3380573913373177: 130166
  - Masked Reconstruction: 2.195959
  - Regularization: 0.759085
Mean Absolute Error (MAE): 2.082764
R² Score: 0.256641
==================================================


==================================================
TEST RESULTS
==================================================
Total Loss: 1.957973
  - ZINB NLL: 1.953190
Total number of masked values: 45191
  - Number of values with pi >= 0.3380573913373177: 0
  - Number of values with pi < 0.3380573913373177: 45191
  - Masked Reconstruction: 2.367093
  - Regularization: 0.759085
Mean Absolute Error (MAE): 2.291476
R² Score: 0.110795
==================================================

Using combined metric: zinb_nll (1.953190) + masked_loss (2.367093) = 4.320283

>>> Optimizing combined on VALIDATION set: 4.320283
>>> Full validation metrics: {'total_loss': 1.9579730147685095, 'zinb_nll': 1.9531901152656304, 'mae': 2.291476011276245, 'r2': 0.11079508066177368, 'masked_loss': 2.3670926572643265, 'reg_loss': 0.7590849420137382}

Iteration No: 47 ended. Search finished for the next optimal point.
Time taken: 76.1795
Function value obtained: 4.3203
Current minimum: 1.5811
Iteration No: 48 started. Searching for the next optimal point.

================================================================================
Trial with parameters:
  features: Nucl
  data_point_length: 3820
  step_size: 0.695744525051491
  bin_size: 70
  sample_fraction: 0.9335412251492756
  moving_average: False
  first_layer_size_factor: 50
  num_layers: 2
  use_conv: True
  conv_channel: 43
  pool_size: 5
  kernel_size: 5
  epochs: 45
  batch_size: 128
  pi_threshold: 0.32558105074063304
  learning_rate: 9.528650516082736e-05
  dropout_rate: 0.12202072573758316
  masked_recon_weight: 0.0012497512410703415
  regularizer: l1
  regularization_weight: 0.004601057229399808
================================================================================

Creating datasets with:
  features: ['Nucl']
  bin_size: 70
  moving_average: False
  data_point_length: 54 (from 3820)
  step_size: 37 (from fraction 0.695744525051491)
  layers: [np.int64(800), np.int64(400)] (first=800, num=2)
  stride: 1 (fixed), padding: same (fixed)


Clipping outliers using 95th percentile * 1.5...
strain_yTW001: Clipping values above 134.25 (P95=89.50). Clipped 27529/1193409 values (2.31%)
strain_FD: Clipping values above 71.92 (P95=47.94). Clipped 95791/4127807 values (2.32%)
strain_dnrp: Clipping values above 243.00 (P95=162.00). Clipped 25649/1119454 values (2.29%)
strain_yEK19: Clipping values above 77.10 (P95=51.40). Clipped 83713/3893623 values (2.15%)
strain_yEK23: Clipping values above 72.00 (P95=48.00). Clipped 86381/3558407 values (2.43%)
strain_yWT03a: Clipping values above 15.00 (P95=10.00). Clipped 10602/347679 values (3.05%)
strain_yWT04a: Clipping values above 58.50 (P95=39.00). Clipped 21095/725406 values (2.91%)
strain_ylic137: Clipping values above 142.50 (P95=95.00). Clipped 28746/1112684 values (2.58%)
Standardizing features: ['Nucl']
Column order in final array (Dataset/Chrom split): ['Value', 'Nucleosome_Distance', 'Value_Raw', 'Size_Factor']
Removing 0 empty data points out of 20008
Column order in final array (Dataset/Chrom split): ['Value', 'Nucleosome_Distance', 'Value_Raw', 'Size_Factor']
Removing 0 empty data points out of 6344
Column order in final array (Dataset/Chrom split): ['Value', 'Nucleosome_Distance', 'Value_Raw', 'Size_Factor']
Removing 0 empty data points out of 10936
Datasets created:
  Train: (20008, 54, 4), Val: (6344, 54, 4), Test: (10936, 54, 4)

Randomly sampled 18678/20008 samples (93.4%)
Applied denoising with 15.0% masking
Applied denoising with 15.0% masking
Applied denoising with 15.0% masking
Epoch [1/45], Total Loss: 77.6920, NLL: 3.1469, Masked: 27.4357, Reg: 74.510827
Epoch [2/45], Total Loss: 34.1423, NLL: 3.1375, Masked: 27.0422, Reg: 30.970986
Epoch [3/45], Total Loss: 11.1399, NLL: 3.1285, Masked: 26.6541, Reg: 7.978129
Epoch [4/45], Total Loss: 4.2769, NLL: 3.1194, Masked: 26.2674, Reg: 1.124682
Epoch [5/45], Total Loss: 3.9196, NLL: 3.1104, Masked: 25.8868, Reg: 0.776886
Epoch [6/45], Total Loss: 3.8871, NLL: 3.1015, Masked: 25.5131, Reg: 0.753705
Epoch [7/45], Total Loss: 3.8557, NLL: 3.0926, Masked: 25.1483, Reg: 0.731648
Epoch [8/45], Total Loss: 3.8257, NLL: 3.0838, Masked: 24.7810, Reg: 0.710884
Epoch [9/45], Total Loss: 3.7970, NLL: 3.0751, Masked: 24.4292, Reg: 0.691433
Epoch [10/45], Total Loss: 3.7698, NLL: 3.0664, Masked: 24.0798, Reg: 0.673291
Epoch [11/45], Total Loss: 3.7440, NLL: 3.0578, Masked: 23.7362, Reg: 0.656544
Epoch [12/45], Total Loss: 3.7196, NLL: 3.0492, Masked: 23.3966, Reg: 0.641160
Epoch [13/45], Total Loss: 3.6970, NLL: 3.0407, Masked: 23.0641, Reg: 0.627466
Epoch [14/45], Total Loss: 3.6756, NLL: 3.0322, Masked: 22.7330, Reg: 0.614983
Epoch [15/45], Total Loss: 3.6558, NLL: 3.0239, Masked: 22.4107, Reg: 0.603889
Epoch [16/45], Total Loss: 3.6371, NLL: 3.0155, Masked: 22.0894, Reg: 0.593964
Epoch [17/45], Total Loss: 3.6196, NLL: 3.0073, Masked: 21.7735, Reg: 0.585103
Epoch [18/45], Total Loss: 3.6037, NLL: 2.9990, Masked: 21.4642, Reg: 0.577830
Epoch [19/45], Total Loss: 3.5891, NLL: 2.9909, Masked: 21.1600, Reg: 0.571773
Epoch [20/45], Total Loss: 3.5757, NLL: 2.9828, Masked: 20.8565, Reg: 0.566812
Epoch [21/45], Total Loss: 3.5636, NLL: 2.9748, Masked: 20.5615, Reg: 0.563135
Epoch [22/45], Total Loss: 3.5529, NLL: 2.9668, Masked: 20.2709, Reg: 0.560782
Epoch [23/45], Total Loss: 3.5436, NLL: 2.9588, Masked: 19.9794, Reg: 0.559802
Epoch [24/45], Total Loss: 3.5354, NLL: 2.9510, Masked: 19.6981, Reg: 0.559787
Epoch [25/45], Total Loss: 3.5273, NLL: 2.9431, Masked: 19.4216, Reg: 0.559877
Epoch [26/45], Total Loss: 3.5193, NLL: 2.9354, Masked: 19.1449, Reg: 0.559962
Epoch [27/45], Total Loss: 3.5113, NLL: 2.9277, Masked: 18.8705, Reg: 0.560069
Epoch [28/45], Total Loss: 3.5034, NLL: 2.9200, Masked: 18.6063, Reg: 0.560163
Epoch [29/45], Total Loss: 3.4956, NLL: 2.9124, Masked: 18.3399, Reg: 0.560276
Epoch [30/45], Total Loss: 3.4879, NLL: 2.9049, Masked: 18.0798, Reg: 0.560380
Epoch [31/45], Total Loss: 3.4802, NLL: 2.8974, Masked: 17.8256, Reg: 0.560490
Epoch [32/45], Total Loss: 3.4726, NLL: 2.8900, Masked: 17.5732, Reg: 0.560616
Epoch [33/45], Total Loss: 3.4650, NLL: 2.8826, Masked: 17.3216, Reg: 0.560741
Epoch [34/45], Total Loss: 3.4575, NLL: 2.8753, Masked: 17.0818, Reg: 0.560855
Epoch [35/45], Total Loss: 3.4501, NLL: 2.8681, Masked: 16.8382, Reg: 0.560973
Epoch [36/45], Total Loss: 3.4427, NLL: 2.8609, Masked: 16.6008, Reg: 0.561123
Epoch [37/45], Total Loss: 3.4354, NLL: 2.8537, Masked: 16.3663, Reg: 0.561248
Epoch [38/45], Total Loss: 3.4282, NLL: 2.8466, Masked: 16.1348, Reg: 0.561401
Epoch [39/45], Total Loss: 3.4210, NLL: 2.8396, Masked: 15.9058, Reg: 0.561539
Epoch [40/45], Total Loss: 3.4140, NLL: 2.8327, Masked: 15.6832, Reg: 0.561682
Epoch [41/45], Total Loss: 3.4069, NLL: 2.8258, Masked: 15.4598, Reg: 0.561843
Epoch [42/45], Total Loss: 3.4000, NLL: 2.8189, Masked: 15.2444, Reg: 0.562008
Epoch [43/45], Total Loss: 3.3931, NLL: 2.8121, Masked: 15.0270, Reg: 0.562177
Epoch [44/45], Total Loss: 3.3862, NLL: 2.8054, Masked: 14.8199, Reg: 0.562335
Epoch [45/45], Total Loss: 3.3795, NLL: 2.7987, Masked: 14.6102, Reg: 0.562517

==================================================
EVALUATING ON TRAINING DATA
==================================================

==================================================
TEST RESULTS
==================================================
Total Loss: 3.376099
  - ZINB NLL: 2.795346
Total number of masked values: 126697
  - Number of values with pi >= 0.32558105074063304: 0
  - Number of values with pi < 0.32558105074063304: 126697
  - Masked Reconstruction: 14.506956
  - Regularization: 0.562623
Mean Absolute Error (MAE): 13.887664
R² Score: -13.739207
==================================================


==================================================
TEST RESULTS
==================================================
Total Loss: 3.375297
  - ZINB NLL: 2.795281
Total number of masked values: 42706
  - Number of values with pi >= 0.32558105074063304: 0
  - Number of values with pi < 0.32558105074063304: 42706
  - Masked Reconstruction: 13.916920
  - Regularization: 0.562623
Mean Absolute Error (MAE): 14.044108
R² Score: -7.415364
==================================================

Using combined metric: zinb_nll (2.795281) + masked_loss (13.916920) = 16.712201

>>> Optimizing combined on VALIDATION set: 16.712201
>>> Full validation metrics: {'total_loss': 3.375296539196, 'zinb_nll': 2.795280820935551, 'mae': 14.044108390808105, 'r2': -7.4153642654418945, 'masked_loss': 13.91692006542884, 'reg_loss': 0.5626230293325456}

Iteration No: 48 ended. Search finished for the next optimal point.
Time taken: 80.6326
Function value obtained: 16.7122
Current minimum: 1.5811
Iteration No: 49 started. Searching for the next optimal point.

================================================================================
Trial with parameters:
  features: Nucl
  data_point_length: 3813
  step_size: 0.6949716360300865
  bin_size: 71
  sample_fraction: 0.9404911519752368
  moving_average: False
  first_layer_size_factor: 52
  num_layers: 2
  use_conv: True
  conv_channel: 43
  pool_size: 5
  kernel_size: 5
  epochs: 43
  batch_size: 128
  pi_threshold: 0.32562032820513387
  learning_rate: 0.00010035747770800084
  dropout_rate: 0.13241366118243705
  masked_recon_weight: 0.0012892614307968217
  regularizer: l1
  regularization_weight: 0.004189386020581607
================================================================================

Creating datasets with:
  features: ['Nucl']
  bin_size: 71
  moving_average: False
  data_point_length: 53 (from 3813)
  step_size: 36 (from fraction 0.6949716360300865)
  layers: [np.int64(832), np.int64(416)] (first=832, num=2)
  stride: 1 (fixed), padding: same (fixed)


Clipping outliers using 95th percentile * 1.5...
strain_yTW001: Clipping values above 134.25 (P95=89.50). Clipped 27529/1193409 values (2.31%)
strain_FD: Clipping values above 71.92 (P95=47.94). Clipped 95791/4127807 values (2.32%)
strain_dnrp: Clipping values above 243.00 (P95=162.00). Clipped 25649/1119454 values (2.29%)
strain_yEK19: Clipping values above 77.10 (P95=51.40). Clipped 83713/3893623 values (2.15%)
strain_yEK23: Clipping values above 72.00 (P95=48.00). Clipped 86381/3558407 values (2.43%)
strain_yWT03a: Clipping values above 15.00 (P95=10.00). Clipped 10602/347679 values (3.05%)
strain_yWT04a: Clipping values above 58.50 (P95=39.00). Clipped 21095/725406 values (2.91%)
strain_ylic137: Clipping values above 142.50 (P95=95.00). Clipped 28746/1112684 values (2.58%)
Standardizing features: ['Nucl']
Column order in final array (Dataset/Chrom split): ['Value', 'Nucleosome_Distance', 'Value_Raw', 'Size_Factor']
Removing 0 empty data points out of 20272
Column order in final array (Dataset/Chrom split): ['Value', 'Nucleosome_Distance', 'Value_Raw', 'Size_Factor']
Removing 0 empty data points out of 6432
Column order in final array (Dataset/Chrom split): ['Value', 'Nucleosome_Distance', 'Value_Raw', 'Size_Factor']
Removing 0 empty data points out of 11088
Datasets created:
  Train: (20272, 53, 4), Val: (6432, 53, 4), Test: (11088, 53, 4)

Randomly sampled 19065/20272 samples (94.0%)
Applied denoising with 15.0% masking
Applied denoising with 15.0% masking
Applied denoising with 15.0% masking
Epoch [1/43], Total Loss: 72.4757, NLL: 3.1489, Masked: 27.0593, Reg: 69.291918
Epoch [2/43], Total Loss: 29.0245, NLL: 3.1388, Masked: 26.6374, Reg: 25.851338
Epoch [3/43], Total Loss: 8.4476, NLL: 3.1290, Masked: 26.2275, Reg: 5.284787
Epoch [4/43], Total Loss: 3.9273, NLL: 3.1193, Masked: 25.8198, Reg: 0.774777
Epoch [5/43], Total Loss: 3.8455, NLL: 3.1096, Masked: 25.4238, Reg: 0.703095
Epoch [6/43], Total Loss: 3.8127, NLL: 3.1001, Masked: 25.0297, Reg: 0.680356
Epoch [7/43], Total Loss: 3.7816, NLL: 3.0905, Masked: 24.6420, Reg: 0.659249
Epoch [8/43], Total Loss: 3.7520, NLL: 3.0811, Masked: 24.2612, Reg: 0.639607
Epoch [9/43], Total Loss: 3.7238, NLL: 3.0718, Masked: 23.8899, Reg: 0.621202
Epoch [10/43], Total Loss: 3.6969, NLL: 3.0624, Masked: 23.5201, Reg: 0.604116
Epoch [11/43], Total Loss: 3.6717, NLL: 3.0532, Masked: 23.1589, Reg: 0.588573
Epoch [12/43], Total Loss: 3.6476, NLL: 3.0441, Masked: 22.8054, Reg: 0.574135
Epoch [13/43], Total Loss: 3.6253, NLL: 3.0350, Masked: 22.4556, Reg: 0.561340
Epoch [14/43], Total Loss: 3.6044, NLL: 3.0259, Masked: 22.1135, Reg: 0.549973
Epoch [15/43], Total Loss: 3.5850, NLL: 3.0170, Masked: 21.7751, Reg: 0.539955
Epoch [16/43], Total Loss: 3.5671, NLL: 3.0081, Masked: 21.4394, Reg: 0.531375
Epoch [17/43], Total Loss: 3.5506, NLL: 2.9992, Masked: 21.1135, Reg: 0.524133
Epoch [18/43], Total Loss: 3.5354, NLL: 2.9905, Masked: 20.7926, Reg: 0.518133
Epoch [19/43], Total Loss: 3.5218, NLL: 2.9818, Masked: 20.4728, Reg: 0.513602
Epoch [20/43], Total Loss: 3.5096, NLL: 2.9731, Masked: 20.1626, Reg: 0.510461
Epoch [21/43], Total Loss: 3.4990, NLL: 2.9646, Masked: 19.8539, Reg: 0.508852
Epoch [22/43], Total Loss: 3.4898, NLL: 2.9561, Masked: 19.5501, Reg: 0.508512
Epoch [23/43], Total Loss: 3.4811, NLL: 2.9476, Masked: 19.2534, Reg: 0.508654
Epoch [24/43], Total Loss: 3.4725, NLL: 2.9392, Masked: 18.9613, Reg: 0.508800
Epoch [25/43], Total Loss: 3.4639, NLL: 2.9309, Masked: 18.6725, Reg: 0.508935
Epoch [26/43], Total Loss: 3.4555, NLL: 2.9227, Masked: 18.3879, Reg: 0.509101
Epoch [27/43], Total Loss: 3.4471, NLL: 2.9145, Masked: 18.1092, Reg: 0.509253
Epoch [28/43], Total Loss: 3.4387, NLL: 2.9063, Masked: 17.8332, Reg: 0.509431
Epoch [29/43], Total Loss: 3.4305, NLL: 2.8983, Masked: 17.5642, Reg: 0.509593
Epoch [30/43], Total Loss: 3.4223, NLL: 2.8903, Masked: 17.2990, Reg: 0.509772
Epoch [31/43], Total Loss: 3.4142, NLL: 2.8823, Masked: 17.0321, Reg: 0.509966
Epoch [32/43], Total Loss: 3.4062, NLL: 2.8744, Masked: 16.7752, Reg: 0.510151
Epoch [33/43], Total Loss: 3.3983, NLL: 2.8666, Masked: 16.5213, Reg: 0.510344
Epoch [34/43], Total Loss: 3.3904, NLL: 2.8589, Masked: 16.2725, Reg: 0.510548
Epoch [35/43], Total Loss: 3.3826, NLL: 2.8512, Masked: 16.0248, Reg: 0.510767
Epoch [36/43], Total Loss: 3.3749, NLL: 2.8436, Masked: 15.7833, Reg: 0.510975
Epoch [37/43], Total Loss: 3.3673, NLL: 2.8360, Masked: 15.5443, Reg: 0.511206
Epoch [38/43], Total Loss: 3.3597, NLL: 2.8285, Masked: 15.3073, Reg: 0.511416
Epoch [39/43], Total Loss: 3.3522, NLL: 2.8211, Masked: 15.0768, Reg: 0.511676
Epoch [40/43], Total Loss: 3.3448, NLL: 2.8137, Masked: 14.8502, Reg: 0.511933
Epoch [41/43], Total Loss: 3.3375, NLL: 2.8064, Masked: 14.6265, Reg: 0.512177
Epoch [42/43], Total Loss: 3.3302, NLL: 2.7992, Masked: 14.4041, Reg: 0.512452
Epoch [43/43], Total Loss: 3.3230, NLL: 2.7920, Masked: 14.1873, Reg: 0.512715

==================================================
EVALUATING ON TRAINING DATA
==================================================

==================================================
TEST RESULTS
==================================================
Total Loss: 3.319488
  - ZINB NLL: 2.788404
Total number of masked values: 122074
  - Number of values with pi >= 0.32562032820513387: 0
  - Number of values with pi < 0.32562032820513387: 122074
  - Masked Reconstruction: 14.077564
  - Regularization: 0.512934
Mean Absolute Error (MAE): 13.644784
R² Score: -12.928140
==================================================


==================================================
TEST RESULTS
==================================================
Total Loss: 3.318993
  - ZINB NLL: 2.788418
Total number of masked values: 40865
  - Number of values with pi >= 0.32562032820513387: 0
  - Number of values with pi < 0.32562032820513387: 40865
  - Masked Reconstruction: 13.683655
  - Regularization: 0.512934
Mean Absolute Error (MAE): 13.794283
R² Score: -7.035366
==================================================

Using combined metric: zinb_nll (2.788418) + masked_loss (13.683655) = 16.472072

>>> Optimizing combined on VALIDATION set: 16.472072
>>> Full validation metrics: {'total_loss': 3.3189934474318776, 'zinb_nll': 2.7884175552064505, 'mae': 13.794282913208008, 'r2': -7.035366058349609, 'masked_loss': 13.683654678401663, 'reg_loss': 0.512934083435027}

Iteration No: 49 ended. Search finished for the next optimal point.
Time taken: 79.8163
Function value obtained: 16.4721
Current minimum: 1.5811
Iteration No: 50 started. Searching for the next optimal point.

================================================================================
Trial with parameters:
  features: Nucl
  data_point_length: 3818
  step_size: 0.6946038899479832
  bin_size: 70
  sample_fraction: 0.9392995989127166
  moving_average: False
  first_layer_size_factor: 50
  num_layers: 2
  use_conv: True
  conv_channel: 42
  pool_size: 5
  kernel_size: 5
  epochs: 44
  batch_size: 128
  pi_threshold: 0.32566580493824665
  learning_rate: 9.905027983970356e-05
  dropout_rate: 0.12620907510676588
  masked_recon_weight: 0.001298290263299717
  regularizer: l1
  regularization_weight: 0.004414005990016124
================================================================================

Creating datasets with:
  features: ['Nucl']
  bin_size: 70
  moving_average: False
  data_point_length: 54 (from 3818)
  step_size: 37 (from fraction 0.6946038899479832)
  layers: [np.int64(800), np.int64(400)] (first=800, num=2)
  stride: 1 (fixed), padding: same (fixed)


Clipping outliers using 95th percentile * 1.5...
strain_yTW001: Clipping values above 134.25 (P95=89.50). Clipped 27529/1193409 values (2.31%)
strain_FD: Clipping values above 71.92 (P95=47.94). Clipped 95791/4127807 values (2.32%)
strain_dnrp: Clipping values above 243.00 (P95=162.00). Clipped 25649/1119454 values (2.29%)
strain_yEK19: Clipping values above 77.10 (P95=51.40). Clipped 83713/3893623 values (2.15%)
strain_yEK23: Clipping values above 72.00 (P95=48.00). Clipped 86381/3558407 values (2.43%)
strain_yWT03a: Clipping values above 15.00 (P95=10.00). Clipped 10602/347679 values (3.05%)
strain_yWT04a: Clipping values above 58.50 (P95=39.00). Clipped 21095/725406 values (2.91%)
strain_ylic137: Clipping values above 142.50 (P95=95.00). Clipped 28746/1112684 values (2.58%)
Standardizing features: ['Nucl']
Column order in final array (Dataset/Chrom split): ['Value', 'Nucleosome_Distance', 'Value_Raw', 'Size_Factor']
Removing 0 empty data points out of 20008
Column order in final array (Dataset/Chrom split): ['Value', 'Nucleosome_Distance', 'Value_Raw', 'Size_Factor']
Removing 0 empty data points out of 6344
Column order in final array (Dataset/Chrom split): ['Value', 'Nucleosome_Distance', 'Value_Raw', 'Size_Factor']
Removing 0 empty data points out of 10936
Datasets created:
  Train: (20008, 54, 4), Val: (6344, 54, 4), Test: (10936, 54, 4)

Randomly sampled 18793/20008 samples (93.9%)
Applied denoising with 15.0% masking
Applied denoising with 15.0% masking
Applied denoising with 15.0% masking
Epoch [1/44], Total Loss: 73.4662, NLL: 3.1471, Masked: 27.4727, Reg: 70.283441
Epoch [2/44], Total Loss: 30.9536, NLL: 3.1374, Masked: 27.0648, Reg: 27.781032
Epoch [3/44], Total Loss: 9.6045, NLL: 3.1279, Masked: 26.6564, Reg: 6.441960
Epoch [4/44], Total Loss: 4.0686, NLL: 3.1184, Masked: 26.2527, Reg: 0.916076
Epoch [5/44], Total Loss: 3.8921, NLL: 3.1090, Masked: 25.8599, Reg: 0.749545
Epoch [6/44], Total Loss: 3.8586, NLL: 3.0997, Masked: 25.4707, Reg: 0.725863
Epoch [7/44], Total Loss: 3.8266, NLL: 3.0904, Masked: 25.0845, Reg: 0.703665
Epoch [8/44], Total Loss: 3.7962, NLL: 3.0812, Masked: 24.7076, Reg: 0.682914
Epoch [9/44], Total Loss: 3.7672, NLL: 3.0721, Masked: 24.3408, Reg: 0.663522
Epoch [10/44], Total Loss: 3.7400, NLL: 3.0630, Masked: 23.9734, Reg: 0.645816
Epoch [11/44], Total Loss: 3.7143, NLL: 3.0540, Masked: 23.6161, Reg: 0.629626
Epoch [12/44], Total Loss: 3.6899, NLL: 3.0451, Masked: 23.2635, Reg: 0.614638
Epoch [13/44], Total Loss: 3.6668, NLL: 3.0362, Masked: 22.9154, Reg: 0.600884
Epoch [14/44], Total Loss: 3.6450, NLL: 3.0274, Masked: 22.5733, Reg: 0.588331
Epoch [15/44], Total Loss: 3.6244, NLL: 3.0186, Masked: 22.2398, Reg: 0.576870
Epoch [16/44], Total Loss: 3.6049, NLL: 3.0100, Masked: 21.9094, Reg: 0.566529
Epoch [17/44], Total Loss: 3.5873, NLL: 3.0013, Masked: 21.5816, Reg: 0.557984
Epoch [18/44], Total Loss: 3.5716, NLL: 2.9928, Masked: 21.2591, Reg: 0.551254
Epoch [19/44], Total Loss: 3.5575, NLL: 2.9843, Masked: 20.9423, Reg: 0.545998
Epoch [20/44], Total Loss: 3.5449, NLL: 2.9758, Masked: 20.6306, Reg: 0.542273
Epoch [21/44], Total Loss: 3.5338, NLL: 2.9675, Masked: 20.3258, Reg: 0.539915
Epoch [22/44], Total Loss: 3.5243, NLL: 2.9592, Masked: 20.0224, Reg: 0.539095
Epoch [23/44], Total Loss: 3.5157, NLL: 2.9509, Masked: 19.7259, Reg: 0.539129
Epoch [24/44], Total Loss: 3.5072, NLL: 2.9427, Masked: 19.4303, Reg: 0.539247
Epoch [25/44], Total Loss: 3.4988, NLL: 2.9346, Masked: 19.1463, Reg: 0.539366
Epoch [26/44], Total Loss: 3.4905, NLL: 2.9265, Masked: 18.8619, Reg: 0.539474
Epoch [27/44], Total Loss: 3.4822, NLL: 2.9185, Masked: 18.5825, Reg: 0.539615
Epoch [28/44], Total Loss: 3.4741, NLL: 2.9106, Masked: 18.3071, Reg: 0.539737
Epoch [29/44], Total Loss: 3.4660, NLL: 2.9027, Masked: 18.0358, Reg: 0.539871
Epoch [30/44], Total Loss: 3.4579, NLL: 2.8949, Masked: 17.7676, Reg: 0.539996
Epoch [31/44], Total Loss: 3.4500, NLL: 2.8871, Masked: 17.5057, Reg: 0.540156
Epoch [32/44], Total Loss: 3.4421, NLL: 2.8794, Masked: 17.2460, Reg: 0.540287
Epoch [33/44], Total Loss: 3.4343, NLL: 2.8718, Masked: 16.9941, Reg: 0.540439
Epoch [34/44], Total Loss: 3.4265, NLL: 2.8642, Masked: 16.7427, Reg: 0.540586
Epoch [35/44], Total Loss: 3.4189, NLL: 2.8567, Masked: 16.4942, Reg: 0.540771
Epoch [36/44], Total Loss: 3.4113, NLL: 2.8492, Masked: 16.2496, Reg: 0.540945
Epoch [37/44], Total Loss: 3.4037, NLL: 2.8418, Masked: 16.0110, Reg: 0.541112
Epoch [38/44], Total Loss: 3.3963, NLL: 2.8345, Masked: 15.7739, Reg: 0.541279
Epoch [39/44], Total Loss: 3.3889, NLL: 2.8272, Masked: 15.5409, Reg: 0.541483
Epoch [40/44], Total Loss: 3.3816, NLL: 2.8200, Masked: 15.3135, Reg: 0.541657
Epoch [41/44], Total Loss: 3.3743, NLL: 2.8129, Masked: 15.0890, Reg: 0.541850
Epoch [42/44], Total Loss: 3.3672, NLL: 2.8058, Masked: 14.8658, Reg: 0.542065
Epoch [43/44], Total Loss: 3.3601, NLL: 2.7988, Masked: 14.6479, Reg: 0.542295
Epoch [44/44], Total Loss: 3.3531, NLL: 2.7918, Masked: 14.4325, Reg: 0.542494

==================================================
EVALUATING ON TRAINING DATA
==================================================

==================================================
TEST RESULTS
==================================================
Total Loss: 3.349592
  - ZINB NLL: 2.788352
Total number of masked values: 127478
  - Number of values with pi >= 0.32566580493824665: 0
  - Number of values with pi < 0.32566580493824665: 127478
  - Masked Reconstruction: 14.323397
  - Regularization: 0.542644
Mean Absolute Error (MAE): 13.694618
R² Score: -13.377181
==================================================


==================================================
TEST RESULTS
==================================================
Total Loss: 3.348501
  - ZINB NLL: 2.788068
Total number of masked values: 42706
  - Number of values with pi >= 0.32566580493824665: 0
  - Number of values with pi < 0.32566580493824665: 42706
  - Masked Reconstruction: 13.702358
  - Regularization: 0.542644
Mean Absolute Error (MAE): 13.845225
R² Score: -7.185844
==================================================

Using combined metric: zinb_nll (2.788068) + masked_loss (13.702358) = 16.490426

>>> Optimizing combined on VALIDATION set: 16.490426
>>> Full validation metrics: {'total_loss': 3.348501221679649, 'zinb_nll': 2.7880678712043907, 'mae': 13.84522533416748, 'r2': -7.185844421386719, 'masked_loss': 13.702358384150424, 'reg_loss': 0.5426436958354505}


*** Checkpoint saved at iteration 50 ***

Iteration No: 50 ended. Search finished for the next optimal point.
Time taken: 80.6998
Function value obtained: 16.4904
Current minimum: 1.5811

================================================================================
Trial with parameters:
  features: Nucl
  data_point_length: 3816
  step_size: 0.6952649160877207
  bin_size: 71
  sample_fraction: 0.9307527489821315
  moving_average: False
  first_layer_size_factor: 51
  num_layers: 2
  use_conv: True
  conv_channel: 42
  pool_size: 5
  kernel_size: 5
  epochs: 45
  batch_size: 128
  pi_threshold: 0.32650230579034084
  learning_rate: 9.94402942442825e-05
  dropout_rate: 0.12471727723142971
  masked_recon_weight: 0.0012435622338037304
  regularizer: l1
  regularization_weight: 0.004435984643025668
================================================================================

Creating datasets with:
  features: ['Nucl']
  bin_size: 71
  moving_average: False
  data_point_length: 53 (from 3816)
  step_size: 36 (from fraction 0.6952649160877207)
  layers: [np.int64(816), np.int64(408)] (first=816, num=2)
  stride: 1 (fixed), padding: same (fixed)


Clipping outliers using 95th percentile * 1.5...
strain_yTW001: Clipping values above 134.25 (P95=89.50). Clipped 27529/1193409 values (2.31%)
strain_FD: Clipping values above 71.92 (P95=47.94). Clipped 95791/4127807 values (2.32%)
strain_dnrp: Clipping values above 243.00 (P95=162.00). Clipped 25649/1119454 values (2.29%)
strain_yEK19: Clipping values above 77.10 (P95=51.40). Clipped 83713/3893623 values (2.15%)
strain_yEK23: Clipping values above 72.00 (P95=48.00). Clipped 86381/3558407 values (2.43%)
strain_yWT03a: Clipping values above 15.00 (P95=10.00). Clipped 10602/347679 values (3.05%)
strain_yWT04a: Clipping values above 58.50 (P95=39.00). Clipped 21095/725406 values (2.91%)
strain_ylic137: Clipping values above 142.50 (P95=95.00). Clipped 28746/1112684 values (2.58%)
Standardizing features: ['Nucl']
Column order in final array (Dataset/Chrom split): ['Value', 'Nucleosome_Distance', 'Value_Raw', 'Size_Factor']
Removing 0 empty data points out of 20272
Column order in final array (Dataset/Chrom split): ['Value', 'Nucleosome_Distance', 'Value_Raw', 'Size_Factor']
Removing 0 empty data points out of 6432
Column order in final array (Dataset/Chrom split): ['Value', 'Nucleosome_Distance', 'Value_Raw', 'Size_Factor']
Removing 0 empty data points out of 11088
Datasets created:
  Train: (20272, 53, 4), Val: (6432, 53, 4), Test: (11088, 53, 4)

Randomly sampled 18868/20272 samples (93.1%)
Applied denoising with 15.0% masking
Applied denoising with 15.0% masking
Applied denoising with 15.0% masking
Epoch [1/45], Total Loss: 75.2626, NLL: 3.1493, Masked: 27.0365, Reg: 72.079711
Epoch [2/45], Total Loss: 31.0583, NLL: 3.1395, Masked: 26.6270, Reg: 27.885679
Epoch [3/45], Total Loss: 9.3458, NLL: 3.1299, Masked: 26.2230, Reg: 6.183303
Epoch [4/45], Total Loss: 4.0193, NLL: 3.1204, Masked: 25.8242, Reg: 0.866824
Epoch [5/45], Total Loss: 3.8840, NLL: 3.1109, Masked: 25.4299, Reg: 0.741531
Epoch [6/45], Total Loss: 3.8506, NLL: 3.1014, Masked: 25.0435, Reg: 0.718059
Epoch [7/45], Total Loss: 3.8187, NLL: 3.0921, Masked: 24.6637, Reg: 0.695968
Epoch [8/45], Total Loss: 3.7884, NLL: 3.0828, Masked: 24.2915, Reg: 0.675401
Epoch [9/45], Total Loss: 3.7595, NLL: 3.0736, Masked: 23.9204, Reg: 0.656191
Epoch [10/45], Total Loss: 3.7322, NLL: 3.0644, Masked: 23.5625, Reg: 0.638444
Epoch [11/45], Total Loss: 3.7065, NLL: 3.0553, Masked: 23.2036, Reg: 0.622341
Epoch [12/45], Total Loss: 3.6822, NLL: 3.0463, Masked: 22.8529, Reg: 0.607496
Epoch [13/45], Total Loss: 3.6592, NLL: 3.0374, Masked: 22.5122, Reg: 0.593884
Epoch [14/45], Total Loss: 3.6380, NLL: 3.0285, Masked: 22.1692, Reg: 0.581915
Epoch [15/45], Total Loss: 3.6181, NLL: 3.0196, Masked: 21.8394, Reg: 0.571289
Epoch [16/45], Total Loss: 3.5996, NLL: 3.0109, Masked: 21.5084, Reg: 0.562011
Epoch [17/45], Total Loss: 3.5829, NLL: 3.0022, Masked: 21.1875, Reg: 0.554329
Epoch [18/45], Total Loss: 3.5676, NLL: 2.9936, Masked: 20.8681, Reg: 0.548085
Epoch [19/45], Total Loss: 3.5535, NLL: 2.9850, Masked: 20.5549, Reg: 0.542969
Epoch [20/45], Total Loss: 3.5407, NLL: 2.9765, Masked: 20.2490, Reg: 0.538996
Epoch [21/45], Total Loss: 3.5291, NLL: 2.9681, Masked: 19.9461, Reg: 0.536212
Epoch [22/45], Total Loss: 3.5192, NLL: 2.9597, Masked: 19.6474, Reg: 0.535077
Epoch [23/45], Total Loss: 3.5106, NLL: 2.9514, Masked: 19.3520, Reg: 0.535124
Epoch [24/45], Total Loss: 3.5020, NLL: 2.9431, Masked: 19.0603, Reg: 0.535254
Epoch [25/45], Total Loss: 3.4936, NLL: 2.9349, Masked: 18.7782, Reg: 0.535372
Epoch [26/45], Total Loss: 3.4853, NLL: 2.9268, Masked: 18.4961, Reg: 0.535500
Epoch [27/45], Total Loss: 3.4770, NLL: 2.9187, Masked: 18.2195, Reg: 0.535631
Epoch [28/45], Total Loss: 3.4688, NLL: 2.9107, Masked: 17.9492, Reg: 0.535768
Epoch [29/45], Total Loss: 3.4607, NLL: 2.9028, Masked: 17.6780, Reg: 0.535909
Epoch [30/45], Total Loss: 3.4526, NLL: 2.8949, Masked: 17.4159, Reg: 0.536061
Epoch [31/45], Total Loss: 3.4446, NLL: 2.8871, Masked: 17.1550, Reg: 0.536219
Epoch [32/45], Total Loss: 3.4367, NLL: 2.8793, Masked: 16.9001, Reg: 0.536377
Epoch [33/45], Total Loss: 3.4289, NLL: 2.8716, Masked: 16.6494, Reg: 0.536530
Epoch [34/45], Total Loss: 3.4211, NLL: 2.8640, Masked: 16.4001, Reg: 0.536703
Epoch [35/45], Total Loss: 3.4134, NLL: 2.8564, Masked: 16.1587, Reg: 0.536877
Epoch [36/45], Total Loss: 3.4058, NLL: 2.8489, Masked: 15.9174, Reg: 0.537075
Epoch [37/45], Total Loss: 3.3982, NLL: 2.8415, Masked: 15.6798, Reg: 0.537252
Epoch [38/45], Total Loss: 3.3908, NLL: 2.8341, Masked: 15.4465, Reg: 0.537457
Epoch [39/45], Total Loss: 3.3834, NLL: 2.8268, Masked: 15.2171, Reg: 0.537660
Epoch [40/45], Total Loss: 3.3760, NLL: 2.8195, Masked: 14.9920, Reg: 0.537869
Epoch [41/45], Total Loss: 3.3688, NLL: 2.8123, Masked: 14.7677, Reg: 0.538078
Epoch [42/45], Total Loss: 3.3616, NLL: 2.8052, Masked: 14.5486, Reg: 0.538293
Epoch [43/45], Total Loss: 3.3545, NLL: 2.7982, Masked: 14.3352, Reg: 0.538524
Epoch [44/45], Total Loss: 3.3475, NLL: 2.7912, Masked: 14.1226, Reg: 0.538762
Epoch [45/45], Total Loss: 3.3406, NLL: 2.7842, Masked: 13.9148, Reg: 0.539018

==================================================
EVALUATING ON TRAINING DATA
==================================================

==================================================
TEST RESULTS
==================================================
Total Loss: 3.337059
  - ZINB NLL: 2.780741
Total number of masked values: 120878
  - Number of values with pi >= 0.32650230579034084: 0
  - Number of values with pi < 0.32650230579034084: 120878
  - Masked Reconstruction: 13.808334
  - Regularization: 0.539147
Mean Absolute Error (MAE): 13.377964
R² Score: -12.406947
==================================================


==================================================
TEST RESULTS
==================================================
Total Loss: 3.336240
  - ZINB NLL: 2.780368
Total number of masked values: 40865
  - Number of values with pi >= 0.32650230579034084: 0
  - Number of values with pi < 0.32650230579034084: 40865
  - Masked Reconstruction: 13.450107
  - Regularization: 0.539147
Mean Absolute Error (MAE): 13.543315
R² Score: -6.754805
==================================================

Using combined metric: zinb_nll (2.780368) + masked_loss (13.450107) = 16.230475

>>> Optimizing combined on VALIDATION set: 16.230475
>>> Full validation metrics: {'total_loss': 3.336240350903563, 'zinb_nll': 2.780367597418638, 'mae': 13.543314933776855, 'r2': -6.754804611206055, 'masked_loss': 13.450107050179248, 'reg_loss': 0.5391467685328163}

Iteration No: 51 ended. Search finished for the next optimal point.
Time taken: 162.1397
Function value obtained: 16.2305
Current minimum: 1.5811

Optimization result saved to: AE/results/bayesian_optimization/bayesian_opt_result_combined_20260213_115727.pkl
Result metadata saved to: AE/results/bayesian_optimization/bayesian_opt_result_combined_20260213_115727_metadata.json
All trial results saved to: AE/results/bayesian_optimization/all_trials_combined_20260213_115727.json

################################################################################
# Optimization Complete!
# Optimized metric: combined on VALIDATION set
# Best validation combined: 1.581150
# Total trials: 150
# Best parameters:
#   features: Nucl
#   data_point_length: 500
#   step_size: 0.40852497413453326
#   bin_size: 100
#   sample_fraction: 0.6956371172759563
#   moving_average: False
#   first_layer_size_factor: 4
#   num_layers: 2
#   use_conv: False
#   conv_channel: 16
#   pool_size: 6
#   kernel_size: 5
#   epochs: 126
#   batch_size: 32
#   pi_threshold: 0.48600638157150056
#   learning_rate: 0.01
#   dropout_rate: 0.5
#   masked_recon_weight: 0.04335523472446348
#   regularizer: l1
#   regularization_weight: 1e-05
################################################################################

