Starting ZINB parameter estimation for all strains...
Window size: 2000
Found 8 strain folders
Window size: 2000

Processing strain_FD...
  Processing ChrIII...
theta=5.00e-02: pi=0.0000, mu=0.8329, ll=-2663.38, converged=True
theta=5.12e-02: pi=0.0000, mu=0.8329, ll=-2654.41, converged=True
theta=5.24e-02: pi=0.0000, mu=0.8329, ll=-2645.51, converged=True
theta=5.36e-02: pi=0.0000, mu=0.8329, ll=-2636.71, converged=True
theta=5.48e-02: pi=0.0000, mu=0.8329, ll=-2627.99, converged=True
theta=5.61e-02: pi=0.0000, mu=0.8329, ll=-2619.37, converged=True
theta=5.74e-02: pi=0.0000, mu=0.8329, ll=-2610.83, converged=True
theta=5.88e-02: pi=0.0000, mu=0.8329, ll=-2602.38, converged=True
theta=6.02e-02: pi=0.0000, mu=0.8329, ll=-2594.02, converged=True
theta=6.16e-02: pi=0.0000, mu=0.8329, ll=-2585.76, converged=True
theta=6.30e-02: pi=0.0000, mu=0.8329, ll=-2577.58, converged=True
theta=6.45e-02: pi=0.0000, mu=0.8329, ll=-2569.51, converged=True
theta=6.60e-02: pi=0.0000, mu=0.8329, ll=-2561.52, converged=True
theta=6.75e-02: pi=0.0000, mu=0.8329, ll=-2553.64, converged=True
theta=6.91e-02: pi=0.0000, mu=0.8329, ll=-2545.85, converged=True
theta=7.07e-02: pi=0.0000, mu=0.8329, ll=-2538.15, converged=True
theta=7.24e-02: pi=0.0000, mu=0.8329, ll=-2530.56, converged=True
theta=7.41e-02: pi=0.0000, mu=0.8329, ll=-2523.06, converged=True
theta=7.58e-02: pi=0.0000, mu=0.8329, ll=-2515.67, converged=True
theta=7.76e-02: pi=0.0000, mu=0.8329, ll=-2508.38, converged=True
theta=7.94e-02: pi=0.0000, mu=0.8329, ll=-2501.19, converged=True
theta=8.13e-02: pi=0.0000, mu=0.8329, ll=-2494.10, converged=True
theta=8.32e-02: pi=0.0000, mu=0.8329, ll=-2487.12, converged=True
theta=8.51e-02: pi=0.0000, mu=0.8329, ll=-2480.24, converged=True
theta=8.71e-02: pi=0.0000, mu=0.8329, ll=-2473.47, converged=True
theta=8.92e-02: pi=0.0000, mu=0.8329, ll=-2466.80, converged=True
theta=9.13e-02: pi=0.0000, mu=0.8329, ll=-2460.24, converged=True
theta=9.34e-02: pi=0.0000, mu=0.8329, ll=-2453.79, converged=True
theta=9.56e-02: pi=0.0000, mu=0.8329, ll=-2447.45, converged=True
theta=9.78e-02: pi=0.0000, mu=0.8329, ll=-2441.22, converged=True
theta=1.00e-01: pi=0.0000, mu=0.8329, ll=-2435.09, converged=True
theta=1.02e-01: pi=0.0000, mu=0.8329, ll=-2429.08, converged=True
theta=1.05e-01: pi=0.0000, mu=0.8329, ll=-2423.19, converged=True
theta=1.07e-01: pi=0.0000, mu=0.8329, ll=-2417.40, converged=True
theta=1.10e-01: pi=0.0000, mu=0.8329, ll=-2411.73, converged=True
theta=1.12e-01: pi=0.0000, mu=0.8329, ll=-2406.17, converged=True
theta=1.15e-01: pi=0.0000, mu=0.8329, ll=-2400.73, converged=True
theta=1.18e-01: pi=0.0000, mu=0.8329, ll=-2395.40, converged=True
theta=1.20e-01: pi=0.0000, mu=0.8329, ll=-2390.20, converged=True
theta=1.23e-01: pi=0.0000, mu=0.8329, ll=-2385.10, converged=True
theta=1.26e-01: pi=0.0000, mu=0.8329, ll=-2380.13, converged=True
theta=1.29e-01: pi=0.0000, mu=0.8329, ll=-2375.27, converged=True
theta=1.32e-01: pi=0.0000, mu=0.8329, ll=-2370.53, converged=True
theta=1.35e-01: pi=0.0000, mu=0.8329, ll=-2365.92, converged=True
theta=1.38e-01: pi=0.0000, mu=0.8329, ll=-2361.42, converged=True
theta=1.42e-01: pi=0.0000, mu=0.8329, ll=-2357.04, converged=True
theta=1.45e-01: pi=0.0000, mu=0.8329, ll=-2352.79, converged=True
theta=1.48e-01: pi=0.0000, mu=0.8329, ll=-2348.65, converged=True
theta=1.52e-01: pi=0.0000, mu=0.8329, ll=-2344.64, converged=True
theta=1.55e-01: pi=0.0000, mu=0.8329, ll=-2340.75, converged=True
theta=1.59e-01: pi=0.0000, mu=0.8329, ll=-2336.98, converged=True
theta=1.63e-01: pi=0.0000, mu=0.8329, ll=-2333.34, converged=True
theta=1.67e-01: pi=0.0000, mu=0.8329, ll=-2329.82, converged=True
theta=1.70e-01: pi=0.0000, mu=0.8329, ll=-2326.43, converged=True
theta=1.74e-01: pi=0.0000, mu=0.8329, ll=-2323.16, converged=True
theta=1.79e-01: pi=0.0000, mu=0.8329, ll=-2320.01, converged=True
theta=1.83e-01: pi=0.0000, mu=0.8329, ll=-2316.99, converged=True
theta=1.87e-01: pi=0.0000, mu=0.8329, ll=-2314.09, converged=True
theta=1.91e-01: pi=0.0000, mu=0.8329, ll=-2311.33, converged=True
theta=1.96e-01: pi=0.0000, mu=0.8329, ll=-2308.68, converged=True
theta=2.00e-01: pi=0.0000, mu=0.8329, ll=-2306.16, converged=True
theta=2.05e-01: pi=0.0000, mu=0.8329, ll=-2303.77, converged=True
theta=2.10e-01: pi=0.0000, mu=0.8329, ll=-2301.50, converged=True
theta=2.15e-01: pi=0.0000, mu=0.8329, ll=-2299.36, converged=True
theta=2.20e-01: pi=0.0000, mu=0.8329, ll=-2297.35, converged=True
theta=2.25e-01: pi=0.0000, mu=0.8329, ll=-2295.46, converged=True
theta=2.30e-01: pi=0.0000, mu=0.8329, ll=-2293.70, converged=True
theta=2.36e-01: pi=0.0000, mu=0.8329, ll=-2292.06, converged=True
theta=2.41e-01: pi=0.0000, mu=0.8329, ll=-2290.55, converged=True
theta=2.47e-01: pi=0.0000, mu=0.8329, ll=-2289.17, converged=True
theta=2.53e-01: pi=0.0000, mu=0.8329, ll=-2287.91, converged=True
theta=2.59e-01: pi=0.0000, mu=0.8329, ll=-2286.78, converged=True
theta=2.65e-01: pi=0.0000, mu=0.8329, ll=-2285.77, converged=True
theta=2.71e-01: pi=0.0000, mu=0.8329, ll=-2284.89, converged=True
theta=2.77e-01: pi=0.0000, mu=0.8329, ll=-2284.13, converged=True
theta=2.84e-01: pi=0.0001, mu=0.8329, ll=-2283.49, converged=True
theta=2.90e-01: pi=0.0001, mu=0.8330, ll=-2282.98, converged=True
theta=2.97e-01: pi=0.0001, mu=0.8330, ll=-2282.59, converged=True
theta=3.04e-01: pi=0.0002, mu=0.8331, ll=-2282.33, converged=True
theta=3.11e-01: pi=0.0023, mu=0.8348, ll=-2282.19, converged=False
theta=3.18e-01: pi=0.0123, mu=0.8433, ll=-2282.12, converged=False
theta=3.26e-01: pi=0.0266, mu=0.8557, ll=-2282.07, converged=True
theta=3.33e-01: pi=0.0409, mu=0.8684, ll=-2282.02, converged=True
theta=3.41e-01: pi=0.0549, mu=0.8813, ll=-2281.97, converged=True
theta=3.49e-01: pi=0.0685, mu=0.8942, ll=-2281.92, converged=True
theta=3.57e-01: pi=0.0819, mu=0.9072, ll=-2281.88, converged=True
theta=3.66e-01: pi=0.0949, mu=0.9202, ll=-2281.84, converged=True
theta=3.74e-01: pi=0.1076, mu=0.9334, ll=-2281.80, converged=True
theta=3.83e-01: pi=0.1201, mu=0.9465, ll=-2281.77, converged=True
theta=3.92e-01: pi=0.1322, mu=0.9598, ll=-2281.74, converged=True
theta=4.01e-01: pi=0.1441, mu=0.9731, ll=-2281.71, converged=True
theta=4.11e-01: pi=0.1556, mu=0.9864, ll=-2281.69, converged=True
theta=4.20e-01: pi=0.1669, mu=0.9998, ll=-2281.67, converged=True
theta=4.30e-01: pi=0.1780, mu=1.0132, ll=-2281.66, converged=True
theta=4.40e-01: pi=0.1888, mu=1.0267, ll=-2281.65, converged=True
theta=4.51e-01: pi=0.1993, mu=1.0402, ll=-2281.65, converged=True
theta=4.61e-01: pi=0.2096, mu=1.0537, ll=-2281.65, converged=True
theta=4.72e-01: pi=0.2196, mu=1.0673, ll=-2281.65, converged=True
theta=4.83e-01: pi=0.2294, mu=1.0809, ll=-2281.66, converged=True
theta=4.94e-01: pi=0.2390, mu=1.0945, ll=-2281.68, converged=True
theta=5.06e-01: pi=0.2484, mu=1.1081, ll=-2281.70, converged=True
theta=5.18e-01: pi=0.2575, mu=1.1217, ll=-2281.73, converged=True
theta=5.30e-01: pi=0.2664, mu=1.1354, ll=-2281.77, converged=True
theta=5.42e-01: pi=0.2751, mu=1.1490, ll=-2281.81, converged=True
theta=5.55e-01: pi=0.2836, mu=1.1626, ll=-2281.86, converged=True
theta=5.68e-01: pi=0.2919, mu=1.1762, ll=-2281.91, converged=True
theta=5.81e-01: pi=0.3000, mu=1.1899, ll=-2281.98, converged=True
theta=5.95e-01: pi=0.3079, mu=1.2034, ll=-2282.05, converged=True
theta=6.09e-01: pi=0.3156, mu=1.2170, ll=-2282.12, converged=True
theta=6.23e-01: pi=0.3232, mu=1.2306, ll=-2282.21, converged=True
theta=6.38e-01: pi=0.3305, mu=1.2441, ll=-2282.30, converged=True
theta=6.52e-01: pi=0.3377, mu=1.2576, ll=-2282.40, converged=True
theta=6.68e-01: pi=0.3447, mu=1.2710, ll=-2282.51, converged=True
theta=6.83e-01: pi=0.3516, mu=1.2845, ll=-2282.63, converged=True
theta=6.99e-01: pi=0.3582, mu=1.2978, ll=-2282.76, converged=True
theta=7.16e-01: pi=0.3648, mu=1.3112, ll=-2282.90, converged=True
theta=7.32e-01: pi=0.3711, mu=1.3244, ll=-2283.05, converged=True
theta=7.50e-01: pi=0.3773, mu=1.3376, ll=-2283.20, converged=True
theta=7.67e-01: pi=0.3834, mu=1.3508, ll=-2283.37, converged=True
theta=7.85e-01: pi=0.3893, mu=1.3639, ll=-2283.55, converged=True
theta=8.04e-01: pi=0.3951, mu=1.3769, ll=-2283.73, converged=True
theta=8.22e-01: pi=0.4007, mu=1.3899, ll=-2283.93, converged=True
theta=8.42e-01: pi=0.4062, mu=1.4028, ll=-2284.14, converged=True
theta=8.61e-01: pi=0.4116, mu=1.4156, ll=-2284.36, converged=True
theta=8.81e-01: pi=0.4169, mu=1.4283, ll=-2284.59, converged=True
theta=9.02e-01: pi=0.4220, mu=1.4409, ll=-2284.83, converged=True
theta=9.23e-01: pi=0.4270, mu=1.4535, ll=-2285.09, converged=True
theta=9.45e-01: pi=0.4318, mu=1.4659, ll=-2285.36, converged=True
theta=9.67e-01: pi=0.4366, mu=1.4783, ll=-2285.63, converged=True
theta=9.90e-01: pi=0.4412, mu=1.4906, ll=-2285.92, converged=True
theta=1.01e+00: pi=0.4457, mu=1.5027, ll=-2286.23, converged=True
theta=1.04e+00: pi=0.4502, mu=1.5148, ll=-2286.54, converged=True
theta=1.06e+00: pi=0.4545, mu=1.5268, ll=-2286.87, converged=True
theta=1.09e+00: pi=0.4587, mu=1.5386, ll=-2287.21, converged=True
theta=1.11e+00: pi=0.4628, mu=1.5504, ll=-2287.57, converged=True
theta=1.14e+00: pi=0.4668, mu=1.5620, ll=-2287.94, converged=True
theta=1.16e+00: pi=0.4707, mu=1.5735, ll=-2288.32, converged=True
theta=1.19e+00: pi=0.4745, mu=1.5849, ll=-2288.71, converged=True
theta=1.22e+00: pi=0.4782, mu=1.5962, ll=-2289.12, converged=True
theta=1.25e+00: pi=0.4818, mu=1.6074, ll=-2289.54, converged=True
theta=1.28e+00: pi=0.4854, mu=1.6184, ll=-2289.98, converged=True
theta=1.31e+00: pi=0.4888, mu=1.6294, ll=-2290.43, converged=True
theta=1.34e+00: pi=0.4922, mu=1.6402, ll=-2290.89, converged=True
theta=1.37e+00: pi=0.4955, mu=1.6508, ll=-2291.37, converged=True
theta=1.40e+00: pi=0.4987, mu=1.6614, ll=-2291.86, converged=True
theta=1.43e+00: pi=0.5018, mu=1.6718, ll=-2292.37, converged=True
theta=1.47e+00: pi=0.5048, mu=1.6821, ll=-2292.89, converged=True
theta=1.50e+00: pi=0.5078, mu=1.6923, ll=-2293.42, converged=True
theta=1.54e+00: pi=0.5107, mu=1.7023, ll=-2293.97, converged=True
theta=1.57e+00: pi=0.5135, mu=1.7122, ll=-2294.53, converged=True
theta=1.61e+00: pi=0.5163, mu=1.7220, ll=-2295.11, converged=True
theta=1.65e+00: pi=0.5190, mu=1.7316, ll=-2295.70, converged=True
theta=1.69e+00: pi=0.5216, mu=1.7411, ll=-2296.31, converged=True
theta=1.72e+00: pi=0.5242, mu=1.7505, ll=-2296.93, converged=True
theta=1.76e+00: pi=0.5267, mu=1.7597, ll=-2297.56, converged=True
theta=1.81e+00: pi=0.5291, mu=1.7688, ll=-2298.21, converged=True
theta=1.85e+00: pi=0.5315, mu=1.7778, ll=-2298.87, converged=True
theta=1.89e+00: pi=0.5338, mu=1.7866, ll=-2299.54, converged=True
theta=1.94e+00: pi=0.5361, mu=1.7953, ll=-2300.23, converged=True
theta=1.98e+00: pi=0.5383, mu=1.8039, ll=-2300.93, converged=True
theta=2.03e+00: pi=0.5404, mu=1.8123, ll=-2301.65, converged=True
theta=2.08e+00: pi=0.5425, mu=1.8206, ll=-2302.38, converged=True
theta=2.12e+00: pi=0.5446, mu=1.8288, ll=-2303.12, converged=True
theta=2.17e+00: pi=0.5465, mu=1.8368, ll=-2303.88, converged=True
theta=2.22e+00: pi=0.5485, mu=1.8447, ll=-2304.64, converged=True
theta=2.28e+00: pi=0.5504, mu=1.8525, ll=-2305.42, converged=True
theta=2.33e+00: pi=0.5522, mu=1.8601, ll=-2306.21, converged=True
theta=2.38e+00: pi=0.5540, mu=1.8676, ll=-2307.02, converged=True
theta=2.44e+00: pi=0.5558, mu=1.8750, ll=-2307.83, converged=True
theta=2.50e+00: pi=0.5575, mu=1.8823, ll=-2308.66, converged=True
theta=2.56e+00: pi=0.5592, mu=1.8894, ll=-2309.50, converged=True
theta=2.62e+00: pi=0.5608, mu=1.8965, ll=-2310.35, converged=True
theta=2.68e+00: pi=0.5624, mu=1.9033, ll=-2311.21, converged=True
theta=2.74e+00: pi=0.5640, mu=1.9101, ll=-2312.08, converged=True
theta=2.80e+00: pi=0.5655, mu=1.9168, ll=-2312.96, converged=True
theta=2.87e+00: pi=0.5669, mu=1.9233, ll=-2313.86, converged=True
theta=2.94e+00: pi=0.5684, mu=1.9297, ll=-2314.76, converged=True
theta=3.01e+00: pi=0.5698, mu=1.9360, ll=-2315.67, converged=True
theta=3.08e+00: pi=0.5711, mu=1.9421, ll=-2316.59, converged=True
theta=3.15e+00: pi=0.5725, mu=1.9482, ll=-2317.51, converged=True
theta=3.22e+00: pi=0.5738, mu=1.9541, ll=-2318.45, converged=True
theta=3.30e+00: pi=0.5750, mu=1.9600, ll=-2319.40, converged=True
theta=3.37e+00: pi=0.5763, mu=1.9657, ll=-2320.35, converged=True
theta=3.45e+00: pi=0.5775, mu=1.9713, ll=-2321.31, converged=True
theta=3.53e+00: pi=0.5787, mu=1.9768, ll=-2322.27, converged=True
theta=3.62e+00: pi=0.5798, mu=1.9822, ll=-2323.25, converged=True
theta=3.70e+00: pi=0.5809, mu=1.9875, ll=-2324.23, converged=True
theta=3.79e+00: pi=0.5820, mu=1.9927, ll=-2325.21, converged=True
theta=3.88e+00: pi=0.5831, mu=1.9978, ll=-2326.20, converged=True
theta=3.97e+00: pi=0.5841, mu=2.0027, ll=-2327.20, converged=True
theta=4.06e+00: pi=0.5851, mu=2.0076, ll=-2328.20, converged=True
theta=4.15e+00: pi=0.5861, mu=2.0124, ll=-2329.20, converged=True
theta=4.25e+00: pi=0.5871, mu=2.0171, ll=-2330.21, converged=True
theta=4.35e+00: pi=0.5880, mu=2.0217, ll=-2331.22, converged=True
theta=4.45e+00: pi=0.5889, mu=2.0262, ll=-2332.24, converged=True
theta=4.56e+00: pi=0.5898, mu=2.0306, ll=-2333.26, converged=True
theta=4.66e+00: pi=0.5907, mu=2.0349, ll=-2334.28, converged=True
theta=4.77e+00: pi=0.5915, mu=2.0392, ll=-2335.30, converged=True
theta=4.89e+00: pi=0.5924, mu=2.0433, ll=-2336.32, converged=True
theta=5.00e+00: pi=0.5932, mu=2.0474, ll=-2337.35, converged=True

Best theta: 4.51e-01 with ll=-2281.65
Final parameters: pi=0.1993, mu=1.0402, theta=0.4506
    ERROR estimating window 1: name 'zero_fraction' is not defined
theta=5.00e-02: pi=0.0000, mu=0.1999, ll=-1202.90, converged=True
theta=5.12e-02: pi=0.0000, mu=0.1999, ll=-1199.45, converged=True
theta=5.24e-02: pi=0.0000, mu=0.1999, ll=-1196.04, converged=True
theta=5.36e-02: pi=0.0000, mu=0.1999, ll=-1192.67, converged=True
theta=5.48e-02: pi=0.0000, mu=0.1999, ll=-1189.35, converged=True
theta=5.61e-02: pi=0.0000, mu=0.1999, ll=-1186.06, converged=True
theta=5.74e-02: pi=0.0000, mu=0.1999, ll=-1182.81, converged=True
theta=5.88e-02: pi=0.0000, mu=0.1999, ll=-1179.60, converged=True
theta=6.02e-02: pi=0.0000, mu=0.1999, ll=-1176.44, converged=True
theta=6.16e-02: pi=0.0000, mu=0.1999, ll=-1173.31, converged=True
theta=6.30e-02: pi=0.0000, mu=0.1999, ll=-1170.23, converged=True
theta=6.45e-02: pi=0.0000, mu=0.1999, ll=-1167.18, converged=True
theta=6.60e-02: pi=0.0000, mu=0.1999, ll=-1164.18, converged=True
theta=6.75e-02: pi=0.0000, mu=0.1999, ll=-1161.22, converged=True
theta=6.91e-02: pi=0.0000, mu=0.1999, ll=-1158.30, converged=True
theta=7.07e-02: pi=0.0000, mu=0.1999, ll=-1155.43, converged=True
theta=7.24e-02: pi=0.0000, mu=0.1999, ll=-1152.59, converged=True
theta=7.41e-02: pi=0.0000, mu=0.1999, ll=-1149.80, converged=True
theta=7.58e-02: pi=0.0000, mu=0.1999, ll=-1147.04, converged=True
theta=7.76e-02: pi=0.0000, mu=0.1999, ll=-1144.33, converged=True
theta=7.94e-02: pi=0.0000, mu=0.1999, ll=-1141.66, converged=True
theta=8.13e-02: pi=0.0000, mu=0.1999, ll=-1139.04, converged=True
theta=8.32e-02: pi=0.0000, mu=0.1999, ll=-1136.45, converged=True
theta=8.51e-02: pi=0.0000, mu=0.1999, ll=-1133.90, converged=True
theta=8.71e-02: pi=0.0000, mu=0.1999, ll=-1131.40, converged=True
theta=8.92e-02: pi=0.0000, mu=0.1999, ll=-1128.94, converged=True
theta=9.13e-02: pi=0.0000, mu=0.1999, ll=-1126.52, converged=True
theta=9.34e-02: pi=0.0000, mu=0.1999, ll=-1124.14, converged=True
theta=9.56e-02: pi=0.0000, mu=0.1999, ll=-1121.80, converged=True
theta=9.78e-02: pi=0.0000, mu=0.1999, ll=-1119.51, converged=True
theta=1.00e-01: pi=0.0000, mu=0.1999, ll=-1117.25, converged=True
theta=1.02e-01: pi=0.0000, mu=0.1999, ll=-1115.04, converged=True
theta=1.05e-01: pi=0.0000, mu=0.1999, ll=-1112.86, converged=True
theta=1.07e-01: pi=0.0000, mu=0.1999, ll=-1110.73, converged=True
theta=1.10e-01: pi=0.0000, mu=0.1999, ll=-1108.64, converged=True
theta=1.12e-01: pi=0.0000, mu=0.1999, ll=-1106.59, converged=True
theta=1.15e-01: pi=0.0000, mu=0.1999, ll=-1104.58, converged=True
theta=1.18e-01: pi=0.0000, mu=0.1999, ll=-1102.61, converged=True
theta=1.20e-01: pi=0.0000, mu=0.1999, ll=-1100.68, converged=True
theta=1.23e-01: pi=0.0000, mu=0.1999, ll=-1098.79, converged=True
theta=1.26e-01: pi=0.0000, mu=0.1999, ll=-1096.94, converged=True
theta=1.29e-01: pi=0.0000, mu=0.1999, ll=-1095.13, converged=True
theta=1.32e-01: pi=0.0000, mu=0.1999, ll=-1093.36, converged=True
theta=1.35e-01: pi=0.0000, mu=0.1999, ll=-1091.62, converged=True
theta=1.38e-01: pi=0.0000, mu=0.1999, ll=-1089.93, converged=True
theta=1.42e-01: pi=0.0000, mu=0.1999, ll=-1088.27, converged=True
theta=1.45e-01: pi=0.0000, mu=0.1999, ll=-1086.66, converged=True
theta=1.48e-01: pi=0.0000, mu=0.1999, ll=-1085.08, converged=True
theta=1.52e-01: pi=0.0000, mu=0.1999, ll=-1083.54, converged=True
theta=1.55e-01: pi=0.0000, mu=0.1999, ll=-1082.04, converged=True
theta=1.59e-01: pi=0.0000, mu=0.1999, ll=-1080.57, converged=True
theta=1.63e-01: pi=0.0000, mu=0.1999, ll=-1079.14, converged=True
theta=1.67e-01: pi=0.0000, mu=0.1999, ll=-1077.75, converged=True
theta=1.70e-01: pi=0.0000, mu=0.1999, ll=-1076.39, converged=True
theta=1.74e-01: pi=0.0000, mu=0.1999, ll=-1075.08, converged=True
theta=1.79e-01: pi=0.0000, mu=0.1999, ll=-1073.79, converged=True
theta=1.83e-01: pi=0.0000, mu=0.1999, ll=-1072.54, converged=True
theta=1.87e-01: pi=0.0000, mu=0.1999, ll=-1071.33, converged=True
theta=1.91e-01: pi=0.0000, mu=0.1999, ll=-1070.15, converged=True
theta=1.96e-01: pi=0.0000, mu=0.1999, ll=-1069.01, converged=True
theta=2.00e-01: pi=0.0000, mu=0.1999, ll=-1067.90, converged=True
theta=2.05e-01: pi=0.0000, mu=0.1999, ll=-1066.82, converged=True
theta=2.10e-01: pi=0.0000, mu=0.1999, ll=-1065.78, converged=True
theta=2.15e-01: pi=0.0000, mu=0.1999, ll=-1064.77, converged=True
theta=2.20e-01: pi=0.0000, mu=0.1999, ll=-1063.79, converged=True
theta=2.25e-01: pi=0.0000, mu=0.1999, ll=-1062.85, converged=True
theta=2.30e-01: pi=0.0000, mu=0.1999, ll=-1061.94, converged=True
theta=2.36e-01: pi=0.0000, mu=0.1999, ll=-1061.06, converged=True
theta=2.41e-01: pi=0.0000, mu=0.1999, ll=-1060.20, converged=True
theta=2.47e-01: pi=0.0000, mu=0.1999, ll=-1059.38, converged=True
theta=2.53e-01: pi=0.0000, mu=0.1999, ll=-1058.59, converged=True
theta=2.59e-01: pi=0.0000, mu=0.1999, ll=-1057.83, converged=True
theta=2.65e-01: pi=0.0000, mu=0.1999, ll=-1057.10, converged=True
theta=2.71e-01: pi=0.0001, mu=0.1999, ll=-1056.40, converged=True
theta=2.77e-01: pi=0.0001, mu=0.1999, ll=-1055.72, converged=True
theta=2.84e-01: pi=0.0001, mu=0.1999, ll=-1055.08, converged=True
theta=2.90e-01: pi=0.0001, mu=0.1999, ll=-1054.46, converged=True
theta=2.97e-01: pi=0.0001, mu=0.1999, ll=-1053.87, converged=True
theta=3.04e-01: pi=0.0001, mu=0.1999, ll=-1053.30, converged=True
theta=3.11e-01: pi=0.0001, mu=0.1999, ll=-1052.76, converged=True
theta=3.18e-01: pi=0.0001, mu=0.1999, ll=-1052.25, converged=True
theta=3.26e-01: pi=0.0001, mu=0.1999, ll=-1051.76, converged=True
theta=3.33e-01: pi=0.0001, mu=0.1999, ll=-1051.30, converged=True
theta=3.41e-01: pi=0.0001, mu=0.1999, ll=-1050.86, converged=True
theta=3.49e-01: pi=0.0001, mu=0.1999, ll=-1050.44, converged=True
theta=3.57e-01: pi=0.0001, mu=0.1999, ll=-1050.05, converged=True
theta=3.66e-01: pi=0.0001, mu=0.1999, ll=-1049.68, converged=True
theta=3.74e-01: pi=0.0001, mu=0.1999, ll=-1049.33, converged=True
theta=3.83e-01: pi=0.0001, mu=0.1999, ll=-1049.01, converged=True
theta=3.92e-01: pi=0.0001, mu=0.1999, ll=-1048.70, converged=True
theta=4.01e-01: pi=0.0001, mu=0.1999, ll=-1048.42, converged=True
theta=4.11e-01: pi=0.0002, mu=0.1999, ll=-1048.16, converged=False
theta=4.20e-01: pi=0.0004, mu=0.2000, ll=-1047.92, converged=False
theta=4.30e-01: pi=0.0007, mu=0.2000, ll=-1047.70, converged=False
theta=4.40e-01: pi=0.0011, mu=0.2001, ll=-1047.50, converged=False
theta=4.51e-01: pi=0.0019, mu=0.2003, ll=-1047.32, converged=False
theta=4.61e-01: pi=0.0030, mu=0.2005, ll=-1047.16, converged=False
theta=4.72e-01: pi=0.0048, mu=0.2009, ll=-1047.01, converged=False
theta=4.83e-01: pi=0.0074, mu=0.2014, ll=-1046.88, converged=False
theta=4.94e-01: pi=0.0109, mu=0.2021, ll=-1046.77, converged=False
theta=5.06e-01: pi=0.0157, mu=0.2031, ll=-1046.67, converged=False
theta=5.18e-01: pi=0.0218, mu=0.2043, ll=-1046.58, converged=False
theta=5.30e-01: pi=0.0292, mu=0.2059, ll=-1046.50, converged=False
theta=5.42e-01: pi=0.0379, mu=0.2078, ll=-1046.42, converged=False
theta=5.55e-01: pi=0.0476, mu=0.2099, ll=-1046.34, converged=False
theta=5.68e-01: pi=0.0581, mu=0.2122, ll=-1046.27, converged=False
theta=5.81e-01: pi=0.0692, mu=0.2148, ll=-1046.19, converged=False
theta=5.95e-01: pi=0.0807, mu=0.2174, ll=-1046.11, converged=False
theta=6.09e-01: pi=0.0923, mu=0.2202, ll=-1046.04, converged=False
theta=6.23e-01: pi=0.1039, mu=0.2231, ll=-1045.96, converged=False
theta=6.38e-01: pi=0.1154, mu=0.2260, ll=-1045.88, converged=False
theta=6.52e-01: pi=0.1268, mu=0.2289, ll=-1045.81, converged=False
theta=6.68e-01: pi=0.1380, mu=0.2319, ll=-1045.73, converged=False
theta=6.83e-01: pi=0.1490, mu=0.2349, ll=-1045.65, converged=True
theta=6.99e-01: pi=0.1597, mu=0.2379, ll=-1045.57, converged=True
theta=7.16e-01: pi=0.1703, mu=0.2409, ll=-1045.49, converged=True
theta=7.32e-01: pi=0.1806, mu=0.2439, ll=-1045.41, converged=True
theta=7.50e-01: pi=0.1906, mu=0.2470, ll=-1045.33, converged=True
theta=7.67e-01: pi=0.2004, mu=0.2500, ll=-1045.25, converged=True
theta=7.85e-01: pi=0.2100, mu=0.2530, ll=-1045.17, converged=True
theta=8.04e-01: pi=0.2194, mu=0.2561, ll=-1045.09, converged=True
theta=8.22e-01: pi=0.2286, mu=0.2591, ll=-1045.01, converged=True
theta=8.42e-01: pi=0.2375, mu=0.2622, ll=-1044.92, converged=True
theta=8.61e-01: pi=0.2463, mu=0.2652, ll=-1044.84, converged=True
theta=8.81e-01: pi=0.2548, mu=0.2683, ll=-1044.76, converged=True
theta=9.02e-01: pi=0.2632, mu=0.2713, ll=-1044.68, converged=True
theta=9.23e-01: pi=0.2713, mu=0.2743, ll=-1044.60, converged=True
theta=9.45e-01: pi=0.2793, mu=0.2774, ll=-1044.51, converged=True
theta=9.67e-01: pi=0.2871, mu=0.2804, ll=-1044.43, converged=True
theta=9.90e-01: pi=0.2947, mu=0.2834, ll=-1044.35, converged=True
theta=1.01e+00: pi=0.3021, mu=0.2864, ll=-1044.27, converged=True
theta=1.04e+00: pi=0.3094, mu=0.2894, ll=-1044.18, converged=True
theta=1.06e+00: pi=0.3165, mu=0.2925, ll=-1044.10, converged=True
theta=1.09e+00: pi=0.3234, mu=0.2955, ll=-1044.02, converged=True
theta=1.11e+00: pi=0.3302, mu=0.2984, ll=-1043.93, converged=True
theta=1.14e+00: pi=0.3368, mu=0.3014, ll=-1043.85, converged=True
theta=1.16e+00: pi=0.3433, mu=0.3044, ll=-1043.77, converged=True
theta=1.19e+00: pi=0.3496, mu=0.3073, ll=-1043.68, converged=True
theta=1.22e+00: pi=0.3558, mu=0.3103, ll=-1043.60, converged=True
theta=1.25e+00: pi=0.3618, mu=0.3132, ll=-1043.52, converged=True
theta=1.28e+00: pi=0.3677, mu=0.3161, ll=-1043.44, converged=True
theta=1.31e+00: pi=0.3735, mu=0.3191, ll=-1043.35, converged=True
theta=1.34e+00: pi=0.3791, mu=0.3219, ll=-1043.27, converged=True
theta=1.37e+00: pi=0.3846, mu=0.3248, ll=-1043.19, converged=True
theta=1.40e+00: pi=0.3900, mu=0.3277, ll=-1043.11, converged=True
theta=1.43e+00: pi=0.3952, mu=0.3305, ll=-1043.03, converged=True
theta=1.47e+00: pi=0.4003, mu=0.3333, ll=-1042.94, converged=True
theta=1.50e+00: pi=0.4053, mu=0.3362, ll=-1042.86, converged=True
theta=1.54e+00: pi=0.4102, mu=0.3389, ll=-1042.78, converged=True
theta=1.57e+00: pi=0.4150, mu=0.3417, ll=-1042.70, converged=True
theta=1.61e+00: pi=0.4197, mu=0.3445, ll=-1042.62, converged=True
theta=1.65e+00: pi=0.4243, mu=0.3472, ll=-1042.54, converged=True
theta=1.69e+00: pi=0.4287, mu=0.3499, ll=-1042.46, converged=True
theta=1.72e+00: pi=0.4331, mu=0.3526, ll=-1042.38, converged=True
theta=1.76e+00: pi=0.4373, mu=0.3553, ll=-1042.30, converged=True
theta=1.81e+00: pi=0.4415, mu=0.3579, ll=-1042.23, converged=True
theta=1.85e+00: pi=0.4456, mu=0.3605, ll=-1042.15, converged=True
theta=1.89e+00: pi=0.4495, mu=0.3631, ll=-1042.07, converged=True
theta=1.94e+00: pi=0.4534, mu=0.3657, ll=-1041.99, converged=True
theta=1.98e+00: pi=0.4572, mu=0.3683, ll=-1041.92, converged=True
theta=2.03e+00: pi=0.4609, mu=0.3708, ll=-1041.84, converged=True
theta=2.08e+00: pi=0.4645, mu=0.3733, ll=-1041.77, converged=True
theta=2.12e+00: pi=0.4681, mu=0.3758, ll=-1041.69, converged=True
theta=2.17e+00: pi=0.4715, mu=0.3782, ll=-1041.62, converged=True
theta=2.22e+00: pi=0.4749, mu=0.3807, ll=-1041.54, converged=True
theta=2.28e+00: pi=0.4782, mu=0.3831, ll=-1041.47, converged=True
theta=2.33e+00: pi=0.4814, mu=0.3855, ll=-1041.40, converged=True
theta=2.38e+00: pi=0.4845, mu=0.3878, ll=-1041.33, converged=True
theta=2.44e+00: pi=0.4876, mu=0.3901, ll=-1041.26, converged=True
theta=2.50e+00: pi=0.4906, mu=0.3924, ll=-1041.19, converged=True
theta=2.56e+00: pi=0.4936, mu=0.3947, ll=-1041.12, converged=True
theta=2.62e+00: pi=0.4964, mu=0.3970, ll=-1041.05, converged=True
theta=2.68e+00: pi=0.4992, mu=0.3992, ll=-1040.98, converged=True
theta=2.74e+00: pi=0.5020, mu=0.4014, ll=-1040.91, converged=True
theta=2.80e+00: pi=0.5046, mu=0.4035, ll=-1040.84, converged=True
theta=2.87e+00: pi=0.5073, mu=0.4057, ll=-1040.78, converged=True
theta=2.94e+00: pi=0.5098, mu=0.4078, ll=-1040.71, converged=True
theta=3.01e+00: pi=0.5123, mu=0.4099, ll=-1040.64, converged=True
theta=3.08e+00: pi=0.5147, mu=0.4119, ll=-1040.58, converged=True
theta=3.15e+00: pi=0.5171, mu=0.4140, ll=-1040.52, converged=True
theta=3.22e+00: pi=0.5194, mu=0.4160, ll=-1040.45, converged=True
theta=3.30e+00: pi=0.5217, mu=0.4179, ll=-1040.39, converged=True
theta=3.37e+00: pi=0.5239, mu=0.4199, ll=-1040.33, converged=True
theta=3.45e+00: pi=0.5261, mu=0.4218, ll=-1040.27, converged=True
theta=3.53e+00: pi=0.5282, mu=0.4237, ll=-1040.21, converged=True
theta=3.62e+00: pi=0.5303, mu=0.4256, ll=-1040.15, converged=True
theta=3.70e+00: pi=0.5323, mu=0.4274, ll=-1040.09, converged=True
theta=3.79e+00: pi=0.5343, mu=0.4292, ll=-1040.03, converged=True
theta=3.88e+00: pi=0.5362, mu=0.4310, ll=-1039.97, converged=True
theta=3.97e+00: pi=0.5381, mu=0.4328, ll=-1039.92, converged=True
theta=4.06e+00: pi=0.5400, mu=0.4345, ll=-1039.86, converged=True
theta=4.15e+00: pi=0.5418, mu=0.4362, ll=-1039.81, converged=True
theta=4.25e+00: pi=0.5435, mu=0.4379, ll=-1039.75, converged=True
theta=4.35e+00: pi=0.5452, mu=0.4396, ll=-1039.70, converged=True
theta=4.45e+00: pi=0.5469, mu=0.4412, ll=-1039.65, converged=True
theta=4.56e+00: pi=0.5486, mu=0.4428, ll=-1039.59, converged=True
theta=4.66e+00: pi=0.5502, mu=0.4444, ll=-1039.54, converged=True
theta=4.77e+00: pi=0.5517, mu=0.4459, ll=-1039.49, converged=True
theta=4.89e+00: pi=0.5533, mu=0.4475, ll=-1039.44, converged=True
theta=5.00e+00: pi=0.5548, mu=0.4490, ll=-1039.39, converged=True

Best theta: 5.00e+00 with ll=-1039.39
Final parameters: pi=0.5548, mu=0.4490, theta=5.0000
    ERROR estimating window 2: name 'zero_fraction' is not defined
theta=5.00e-02: pi=0.0000, mu=0.1288, ll=-817.35, converged=True
theta=5.12e-02: pi=0.0000, mu=0.1288, ll=-815.75, converged=True
theta=5.24e-02: pi=0.0000, mu=0.1288, ll=-814.18, converged=True
theta=5.36e-02: pi=0.0000, mu=0.1288, ll=-812.64, converged=True
theta=5.48e-02: pi=0.0000, mu=0.1288, ll=-811.12, converged=True
theta=5.61e-02: pi=0.0000, mu=0.1288, ll=-809.63, converged=True
theta=5.74e-02: pi=0.0000, mu=0.1288, ll=-808.17, converged=True
theta=5.88e-02: pi=0.0000, mu=0.1288, ll=-806.74, converged=True
theta=6.02e-02: pi=0.0000, mu=0.1288, ll=-805.33, converged=True
theta=6.16e-02: pi=0.0000, mu=0.1288, ll=-803.95, converged=True
theta=6.30e-02: pi=0.0000, mu=0.1288, ll=-802.60, converged=True
theta=6.45e-02: pi=0.0000, mu=0.1288, ll=-801.27, converged=True
theta=6.60e-02: pi=0.0000, mu=0.1288, ll=-799.97, converged=True
theta=6.75e-02: pi=0.0000, mu=0.1288, ll=-798.70, converged=True
theta=6.91e-02: pi=0.0000, mu=0.1288, ll=-797.46, converged=True
theta=7.07e-02: pi=0.0000, mu=0.1288, ll=-796.24, converged=True
theta=7.24e-02: pi=0.0000, mu=0.1288, ll=-795.05, converged=True
theta=7.41e-02: pi=0.0000, mu=0.1288, ll=-793.89, converged=True
theta=7.58e-02: pi=0.0000, mu=0.1288, ll=-792.75, converged=True
theta=7.76e-02: pi=0.0000, mu=0.1288, ll=-791.64, converged=True
theta=7.94e-02: pi=0.0000, mu=0.1288, ll=-790.56, converged=True
theta=8.13e-02: pi=0.0000, mu=0.1288, ll=-789.50, converged=True
theta=8.32e-02: pi=0.0000, mu=0.1288, ll=-788.47, converged=True
theta=8.51e-02: pi=0.0000, mu=0.1288, ll=-787.47, converged=True
theta=8.71e-02: pi=0.0000, mu=0.1288, ll=-786.49, converged=True
theta=8.92e-02: pi=0.0000, mu=0.1288, ll=-785.54, converged=True
theta=9.13e-02: pi=0.0000, mu=0.1288, ll=-784.61, converged=True
theta=9.34e-02: pi=0.0000, mu=0.1288, ll=-783.71, converged=True
theta=9.56e-02: pi=0.0000, mu=0.1288, ll=-782.84, converged=True
theta=9.78e-02: pi=0.0000, mu=0.1288, ll=-781.99, converged=True
theta=1.00e-01: pi=0.0000, mu=0.1288, ll=-781.16, converged=True
theta=1.02e-01: pi=0.0000, mu=0.1288, ll=-780.36, converged=True
theta=1.05e-01: pi=0.0001, mu=0.1288, ll=-779.59, converged=True
theta=1.07e-01: pi=0.0001, mu=0.1288, ll=-778.84, converged=True
theta=1.10e-01: pi=0.0001, mu=0.1288, ll=-778.11, converged=True
theta=1.12e-01: pi=0.0001, mu=0.1288, ll=-777.41, converged=True
theta=1.15e-01: pi=0.0001, mu=0.1288, ll=-776.73, converged=True
theta=1.18e-01: pi=0.0001, mu=0.1288, ll=-776.08, converged=True
theta=1.20e-01: pi=0.0001, mu=0.1288, ll=-775.45, converged=True
theta=1.23e-01: pi=0.0001, mu=0.1288, ll=-774.84, converged=True
theta=1.26e-01: pi=0.0001, mu=0.1288, ll=-774.26, converged=True
theta=1.29e-01: pi=0.0001, mu=0.1288, ll=-773.70, converged=True
theta=1.32e-01: pi=0.0001, mu=0.1288, ll=-773.16, converged=True
theta=1.35e-01: pi=0.0001, mu=0.1288, ll=-772.64, converged=True
theta=1.38e-01: pi=0.0001, mu=0.1288, ll=-772.15, converged=True
theta=1.42e-01: pi=0.0001, mu=0.1288, ll=-771.68, converged=True
theta=1.45e-01: pi=0.0001, mu=0.1288, ll=-771.23, converged=True
theta=1.48e-01: pi=0.0001, mu=0.1288, ll=-770.80, converged=True
theta=1.52e-01: pi=0.0001, mu=0.1288, ll=-770.39, converged=True
theta=1.55e-01: pi=0.0001, mu=0.1288, ll=-770.00, converged=True
theta=1.59e-01: pi=0.0001, mu=0.1288, ll=-769.64, converged=True
theta=1.63e-01: pi=0.0001, mu=0.1288, ll=-769.29, converged=True
theta=1.67e-01: pi=0.0001, mu=0.1288, ll=-768.97, converged=True
theta=1.70e-01: pi=0.0001, mu=0.1288, ll=-768.66, converged=True
theta=1.74e-01: pi=0.0002, mu=0.1288, ll=-768.38, converged=False
theta=1.79e-01: pi=0.0003, mu=0.1288, ll=-768.11, converged=False
theta=1.83e-01: pi=0.0005, mu=0.1289, ll=-767.87, converged=False
theta=1.87e-01: pi=0.0008, mu=0.1289, ll=-767.64, converged=False
theta=1.91e-01: pi=0.0012, mu=0.1289, ll=-767.43, converged=False
theta=1.96e-01: pi=0.0019, mu=0.1290, ll=-767.24, converged=False
theta=2.00e-01: pi=0.0028, mu=0.1291, ll=-767.07, converged=False
theta=2.05e-01: pi=0.0041, mu=0.1293, ll=-766.92, converged=False
theta=2.10e-01: pi=0.0059, mu=0.1295, ll=-766.79, converged=False
theta=2.15e-01: pi=0.0084, mu=0.1299, ll=-766.67, converged=False
theta=2.20e-01: pi=0.0117, mu=0.1303, ll=-766.57, converged=False
theta=2.25e-01: pi=0.0161, mu=0.1309, ll=-766.48, converged=False
theta=2.30e-01: pi=0.0216, mu=0.1316, ll=-766.41, converged=False
theta=2.36e-01: pi=0.0283, mu=0.1325, ll=-766.35, converged=False
theta=2.41e-01: pi=0.0364, mu=0.1337, ll=-766.29, converged=False
theta=2.47e-01: pi=0.0458, mu=0.1350, ll=-766.24, converged=False
theta=2.53e-01: pi=0.0564, mu=0.1365, ll=-766.19, converged=False
theta=2.59e-01: pi=0.0680, mu=0.1382, ll=-766.15, converged=False
theta=2.65e-01: pi=0.0805, mu=0.1401, ll=-766.11, converged=False
theta=2.71e-01: pi=0.0937, mu=0.1421, ll=-766.07, converged=False
theta=2.77e-01: pi=0.1073, mu=0.1443, ll=-766.03, converged=False
theta=2.84e-01: pi=0.1212, mu=0.1465, ll=-765.99, converged=False
theta=2.90e-01: pi=0.1352, mu=0.1489, ll=-765.94, converged=False
theta=2.97e-01: pi=0.1493, mu=0.1514, ll=-765.90, converged=False
theta=3.04e-01: pi=0.1632, mu=0.1539, ll=-765.86, converged=False
theta=3.11e-01: pi=0.1770, mu=0.1565, ll=-765.82, converged=False
theta=3.18e-01: pi=0.1905, mu=0.1591, ll=-765.77, converged=False
theta=3.26e-01: pi=0.2038, mu=0.1618, ll=-765.73, converged=False
theta=3.33e-01: pi=0.2169, mu=0.1644, ll=-765.68, converged=False
theta=3.41e-01: pi=0.2297, mu=0.1672, ll=-765.64, converged=True
theta=3.49e-01: pi=0.2422, mu=0.1699, ll=-765.59, converged=True
theta=3.57e-01: pi=0.2544, mu=0.1727, ll=-765.54, converged=True
theta=3.66e-01: pi=0.2664, mu=0.1756, ll=-765.50, converged=True
theta=3.74e-01: pi=0.2781, mu=0.1784, ll=-765.45, converged=True
theta=3.83e-01: pi=0.2895, mu=0.1813, ll=-765.40, converged=True
theta=3.92e-01: pi=0.3007, mu=0.1842, ll=-765.35, converged=True
theta=4.01e-01: pi=0.3116, mu=0.1871, ll=-765.30, converged=True
theta=4.11e-01: pi=0.3222, mu=0.1900, ll=-765.25, converged=True
theta=4.20e-01: pi=0.3326, mu=0.1930, ll=-765.20, converged=True
theta=4.30e-01: pi=0.3428, mu=0.1960, ll=-765.15, converged=True
theta=4.40e-01: pi=0.3527, mu=0.1990, ll=-765.10, converged=True
theta=4.51e-01: pi=0.3624, mu=0.2020, ll=-765.05, converged=True
theta=4.61e-01: pi=0.3719, mu=0.2050, ll=-764.99, converged=True
theta=4.72e-01: pi=0.3812, mu=0.2081, ll=-764.94, converged=True
theta=4.83e-01: pi=0.3902, mu=0.2112, ll=-764.89, converged=True
theta=4.94e-01: pi=0.3991, mu=0.2143, ll=-764.83, converged=True
theta=5.06e-01: pi=0.4077, mu=0.2174, ll=-764.78, converged=True
theta=5.18e-01: pi=0.4162, mu=0.2206, ll=-764.73, converged=True
theta=5.30e-01: pi=0.4244, mu=0.2238, ll=-764.67, converged=True
theta=5.42e-01: pi=0.4325, mu=0.2269, ll=-764.61, converged=True
theta=5.55e-01: pi=0.4404, mu=0.2301, ll=-764.56, converged=True
theta=5.68e-01: pi=0.4481, mu=0.2333, ll=-764.50, converged=True
theta=5.81e-01: pi=0.4556, mu=0.2366, ll=-764.44, converged=True
theta=5.95e-01: pi=0.4629, mu=0.2398, ll=-764.39, converged=True
theta=6.09e-01: pi=0.4701, mu=0.2430, ll=-764.33, converged=True
theta=6.23e-01: pi=0.4771, mu=0.2463, ll=-764.27, converged=True
theta=6.38e-01: pi=0.4840, mu=0.2496, ll=-764.21, converged=True
theta=6.52e-01: pi=0.4907, mu=0.2529, ll=-764.15, converged=True
theta=6.68e-01: pi=0.4972, mu=0.2562, ll=-764.09, converged=True
theta=6.83e-01: pi=0.5036, mu=0.2595, ll=-764.03, converged=True
theta=6.99e-01: pi=0.5099, mu=0.2628, ll=-763.97, converged=True
theta=7.16e-01: pi=0.5160, mu=0.2661, ll=-763.91, converged=True
theta=7.32e-01: pi=0.5219, mu=0.2694, ll=-763.85, converged=True
theta=7.50e-01: pi=0.5278, mu=0.2727, ll=-763.79, converged=True
theta=7.67e-01: pi=0.5335, mu=0.2760, ll=-763.73, converged=True
theta=7.85e-01: pi=0.5390, mu=0.2794, ll=-763.67, converged=True
theta=8.04e-01: pi=0.5445, mu=0.2827, ll=-763.61, converged=True
theta=8.22e-01: pi=0.5498, mu=0.2860, ll=-763.55, converged=True
theta=8.42e-01: pi=0.5550, mu=0.2894, ll=-763.48, converged=True
theta=8.61e-01: pi=0.5600, mu=0.2927, ll=-763.42, converged=True
theta=8.81e-01: pi=0.5650, mu=0.2960, ll=-763.36, converged=True
theta=9.02e-01: pi=0.5698, mu=0.2994, ll=-763.30, converged=True
theta=9.23e-01: pi=0.5745, mu=0.3027, ll=-763.23, converged=True
theta=9.45e-01: pi=0.5792, mu=0.3060, ll=-763.17, converged=True
theta=9.67e-01: pi=0.5837, mu=0.3093, ll=-763.11, converged=True
theta=9.90e-01: pi=0.5881, mu=0.3126, ll=-763.05, converged=True
theta=1.01e+00: pi=0.5924, mu=0.3160, ll=-762.98, converged=True
theta=1.04e+00: pi=0.5966, mu=0.3192, ll=-762.92, converged=True
theta=1.06e+00: pi=0.6007, mu=0.3225, ll=-762.86, converged=True
theta=1.09e+00: pi=0.6047, mu=0.3258, ll=-762.79, converged=True
theta=1.11e+00: pi=0.6087, mu=0.3291, ll=-762.73, converged=True
theta=1.14e+00: pi=0.6125, mu=0.3323, ll=-762.67, converged=True
theta=1.16e+00: pi=0.6162, mu=0.3356, ll=-762.60, converged=True
theta=1.19e+00: pi=0.6199, mu=0.3388, ll=-762.54, converged=True
theta=1.22e+00: pi=0.6235, mu=0.3420, ll=-762.48, converged=True
theta=1.25e+00: pi=0.6270, mu=0.3452, ll=-762.42, converged=True
theta=1.28e+00: pi=0.6304, mu=0.3484, ll=-762.35, converged=True
theta=1.31e+00: pi=0.6337, mu=0.3516, ll=-762.29, converged=True
theta=1.34e+00: pi=0.6370, mu=0.3548, ll=-762.23, converged=True
theta=1.37e+00: pi=0.6402, mu=0.3579, ll=-762.16, converged=True
theta=1.40e+00: pi=0.6433, mu=0.3610, ll=-762.10, converged=True
theta=1.43e+00: pi=0.6463, mu=0.3641, ll=-762.04, converged=True
theta=1.47e+00: pi=0.6493, mu=0.3672, ll=-761.98, converged=True
theta=1.50e+00: pi=0.6522, mu=0.3703, ll=-761.92, converged=True
theta=1.54e+00: pi=0.6550, mu=0.3733, ll=-761.85, converged=True
theta=1.57e+00: pi=0.6578, mu=0.3763, ll=-761.79, converged=True
theta=1.61e+00: pi=0.6605, mu=0.3793, ll=-761.73, converged=True
theta=1.65e+00: pi=0.6631, mu=0.3823, ll=-761.67, converged=True
theta=1.69e+00: pi=0.6657, mu=0.3853, ll=-761.61, converged=True
theta=1.72e+00: pi=0.6682, mu=0.3882, ll=-761.55, converged=True
theta=1.76e+00: pi=0.6707, mu=0.3911, ll=-761.49, converged=True
theta=1.81e+00: pi=0.6731, mu=0.3940, ll=-761.43, converged=True
theta=1.85e+00: pi=0.6755, mu=0.3968, ll=-761.37, converged=True
theta=1.89e+00: pi=0.6778, mu=0.3997, ll=-761.31, converged=True
theta=1.94e+00: pi=0.6800, mu=0.4025, ll=-761.25, converged=True
theta=1.98e+00: pi=0.6822, mu=0.4052, ll=-761.20, converged=True
theta=2.03e+00: pi=0.6844, mu=0.4080, ll=-761.14, converged=True
theta=2.08e+00: pi=0.6864, mu=0.4107, ll=-761.08, converged=True
theta=2.12e+00: pi=0.6885, mu=0.4134, ll=-761.02, converged=True
theta=2.17e+00: pi=0.6905, mu=0.4161, ll=-760.97, converged=True
theta=2.22e+00: pi=0.6924, mu=0.4187, ll=-760.91, converged=True
theta=2.28e+00: pi=0.6944, mu=0.4213, ll=-760.86, converged=True
theta=2.33e+00: pi=0.6962, mu=0.4239, ll=-760.80, converged=True
theta=2.38e+00: pi=0.6980, mu=0.4265, ll=-760.75, converged=True
theta=2.44e+00: pi=0.6998, mu=0.4290, ll=-760.69, converged=True
theta=2.50e+00: pi=0.7016, mu=0.4315, ll=-760.64, converged=True
theta=2.56e+00: pi=0.7033, mu=0.4340, ll=-760.58, converged=True
theta=2.62e+00: pi=0.7049, mu=0.4364, ll=-760.53, converged=True
theta=2.68e+00: pi=0.7065, mu=0.4388, ll=-760.48, converged=True
theta=2.74e+00: pi=0.7081, mu=0.4412, ll=-760.43, converged=True
theta=2.80e+00: pi=0.7097, mu=0.4436, ll=-760.38, converged=True
theta=2.87e+00: pi=0.7112, mu=0.4459, ll=-760.33, converged=True
theta=2.94e+00: pi=0.7127, mu=0.4482, ll=-760.27, converged=True
theta=3.01e+00: pi=0.7141, mu=0.4505, ll=-760.23, converged=True
theta=3.08e+00: pi=0.7155, mu=0.4527, ll=-760.18, converged=True
theta=3.15e+00: pi=0.7169, mu=0.4549, ll=-760.13, converged=True
theta=3.22e+00: pi=0.7182, mu=0.4571, ll=-760.08, converged=True
theta=3.30e+00: pi=0.7196, mu=0.4592, ll=-760.03, converged=True
theta=3.37e+00: pi=0.7208, mu=0.4613, ll=-759.98, converged=True
theta=3.45e+00: pi=0.7221, mu=0.4634, ll=-759.94, converged=True
theta=3.53e+00: pi=0.7233, mu=0.4655, ll=-759.89, converged=True
theta=3.62e+00: pi=0.7245, mu=0.4675, ll=-759.85, converged=True
theta=3.70e+00: pi=0.7257, mu=0.4695, ll=-759.80, converged=True
theta=3.79e+00: pi=0.7268, mu=0.4714, ll=-759.76, converged=True
theta=3.88e+00: pi=0.7279, mu=0.4734, ll=-759.71, converged=True
theta=3.97e+00: pi=0.7290, mu=0.4753, ll=-759.67, converged=True
theta=4.06e+00: pi=0.7301, mu=0.4772, ll=-759.63, converged=True
theta=4.15e+00: pi=0.7311, mu=0.4790, ll=-759.59, converged=True
theta=4.25e+00: pi=0.7322, mu=0.4808, ll=-759.54, converged=True
theta=4.35e+00: pi=0.7332, mu=0.4826, ll=-759.50, converged=True
theta=4.45e+00: pi=0.7341, mu=0.4844, ll=-759.46, converged=True
theta=4.56e+00: pi=0.7351, mu=0.4861, ll=-759.42, converged=True
theta=4.66e+00: pi=0.7360, mu=0.4878, ll=-759.38, converged=True
theta=4.77e+00: pi=0.7369, mu=0.4895, ll=-759.34, converged=True
theta=4.89e+00: pi=0.7378, mu=0.4912, ll=-759.31, converged=True
theta=5.00e+00: pi=0.7387, mu=0.4928, ll=-759.27, converged=True

Best theta: 5.00e+00 with ll=-759.27
Final parameters: pi=0.7387, mu=0.4928, theta=5.0000
    ERROR estimating window 3: name 'zero_fraction' is not defined
theta=5.00e-02: pi=0.0000, mu=0.5197, ll=-2018.73, converged=True
theta=5.12e-02: pi=0.0000, mu=0.5197, ll=-2012.32, converged=True
theta=5.24e-02: pi=0.0000, mu=0.5197, ll=-2005.97, converged=True
theta=5.36e-02: pi=0.0000, mu=0.5197, ll=-1999.69, converged=True
theta=5.48e-02: pi=0.0000, mu=0.5197, ll=-1993.49, converged=True
theta=5.61e-02: pi=0.0000, mu=0.5197, ll=-1987.36, converged=True
theta=5.74e-02: pi=0.0000, mu=0.5197, ll=-1981.30, converged=True
theta=5.88e-02: pi=0.0000, mu=0.5197, ll=-1975.32, converged=True
theta=6.02e-02: pi=0.0000, mu=0.5197, ll=-1969.41, converged=True
theta=6.16e-02: pi=0.0000, mu=0.5197, ll=-1963.57, converged=True
theta=6.30e-02: pi=0.0000, mu=0.5197, ll=-1957.82, converged=True
theta=6.45e-02: pi=0.0000, mu=0.5197, ll=-1952.13, converged=True
theta=6.60e-02: pi=0.0000, mu=0.5197, ll=-1946.53, converged=True
theta=6.75e-02: pi=0.0000, mu=0.5197, ll=-1941.00, converged=True
theta=6.91e-02: pi=0.0000, mu=0.5197, ll=-1935.55, converged=True
theta=7.07e-02: pi=0.0000, mu=0.5197, ll=-1930.18, converged=True
theta=7.24e-02: pi=0.0000, mu=0.5197, ll=-1924.89, converged=True
theta=7.41e-02: pi=0.0000, mu=0.5197, ll=-1919.68, converged=True
theta=7.58e-02: pi=0.0000, mu=0.5197, ll=-1914.55, converged=True
theta=7.76e-02: pi=0.0000, mu=0.5197, ll=-1909.50, converged=True
theta=7.94e-02: pi=0.0000, mu=0.5197, ll=-1904.53, converged=True
theta=8.13e-02: pi=0.0000, mu=0.5197, ll=-1899.64, converged=True
theta=8.32e-02: pi=0.0000, mu=0.5197, ll=-1894.84, converged=True
theta=8.51e-02: pi=0.0000, mu=0.5197, ll=-1890.12, converged=True
theta=8.71e-02: pi=0.0000, mu=0.5197, ll=-1885.48, converged=True
theta=8.92e-02: pi=0.0000, mu=0.5197, ll=-1880.93, converged=True
theta=9.13e-02: pi=0.0000, mu=0.5197, ll=-1876.46, converged=True
theta=9.34e-02: pi=0.0000, mu=0.5197, ll=-1872.08, converged=True
theta=9.56e-02: pi=0.0000, mu=0.5197, ll=-1867.78, converged=True
theta=9.78e-02: pi=0.0000, mu=0.5197, ll=-1863.56, converged=True
theta=1.00e-01: pi=0.0000, mu=0.5197, ll=-1859.44, converged=True
theta=1.02e-01: pi=0.0000, mu=0.5197, ll=-1855.40, converged=True
theta=1.05e-01: pi=0.0000, mu=0.5197, ll=-1851.44, converged=True
theta=1.07e-01: pi=0.0000, mu=0.5197, ll=-1847.58, converged=True
theta=1.10e-01: pi=0.0000, mu=0.5197, ll=-1843.80, converged=True
theta=1.12e-01: pi=0.0000, mu=0.5197, ll=-1840.11, converged=True
theta=1.15e-01: pi=0.0000, mu=0.5197, ll=-1836.51, converged=True
theta=1.18e-01: pi=0.0000, mu=0.5197, ll=-1833.00, converged=True
theta=1.20e-01: pi=0.0000, mu=0.5197, ll=-1829.57, converged=True
theta=1.23e-01: pi=0.0000, mu=0.5197, ll=-1826.24, converged=True
theta=1.26e-01: pi=0.0000, mu=0.5197, ll=-1822.99, converged=True
theta=1.29e-01: pi=0.0000, mu=0.5197, ll=-1819.84, converged=True
theta=1.32e-01: pi=0.0000, mu=0.5197, ll=-1816.77, converged=True
theta=1.35e-01: pi=0.0000, mu=0.5197, ll=-1813.80, converged=True
theta=1.38e-01: pi=0.0000, mu=0.5197, ll=-1810.91, converged=True
theta=1.42e-01: pi=0.0000, mu=0.5197, ll=-1808.12, converged=True
theta=1.45e-01: pi=0.0000, mu=0.5197, ll=-1805.41, converged=True
theta=1.48e-01: pi=0.0000, mu=0.5197, ll=-1802.80, converged=True
theta=1.52e-01: pi=0.0000, mu=0.5197, ll=-1800.27, converged=True
theta=1.55e-01: pi=0.0000, mu=0.5197, ll=-1797.84, converged=True
theta=1.59e-01: pi=0.0000, mu=0.5197, ll=-1795.50, converged=True
theta=1.63e-01: pi=0.0000, mu=0.5197, ll=-1793.25, converged=True
theta=1.67e-01: pi=0.0000, mu=0.5197, ll=-1791.09, converged=True
theta=1.70e-01: pi=0.0000, mu=0.5197, ll=-1789.02, converged=True
theta=1.74e-01: pi=0.0000, mu=0.5197, ll=-1787.04, converged=True
theta=1.79e-01: pi=0.0000, mu=0.5197, ll=-1785.15, converged=True
theta=1.83e-01: pi=0.0000, mu=0.5197, ll=-1783.35, converged=True
theta=1.87e-01: pi=0.0000, mu=0.5197, ll=-1781.65, converged=True
theta=1.91e-01: pi=0.0000, mu=0.5197, ll=-1780.03, converged=True
theta=1.96e-01: pi=0.0000, mu=0.5197, ll=-1778.50, converged=True
theta=2.00e-01: pi=0.0000, mu=0.5197, ll=-1777.07, converged=True
theta=2.05e-01: pi=0.0000, mu=0.5197, ll=-1775.72, converged=True
theta=2.10e-01: pi=0.0000, mu=0.5197, ll=-1774.46, converged=True
theta=2.15e-01: pi=0.0000, mu=0.5197, ll=-1773.29, converged=True
theta=2.20e-01: pi=0.0000, mu=0.5197, ll=-1772.21, converged=True
theta=2.25e-01: pi=0.0000, mu=0.5197, ll=-1771.22, converged=True
theta=2.30e-01: pi=0.0000, mu=0.5197, ll=-1770.32, converged=True
theta=2.36e-01: pi=0.0000, mu=0.5197, ll=-1769.50, converged=True
theta=2.41e-01: pi=0.0000, mu=0.5197, ll=-1768.77, converged=True
theta=2.47e-01: pi=0.0000, mu=0.5197, ll=-1768.13, converged=True
theta=2.53e-01: pi=0.0001, mu=0.5197, ll=-1767.58, converged=True
theta=2.59e-01: pi=0.0001, mu=0.5197, ll=-1767.11, converged=True
theta=2.65e-01: pi=0.0001, mu=0.5197, ll=-1766.72, converged=True
theta=2.71e-01: pi=0.0001, mu=0.5197, ll=-1766.42, converged=True
theta=2.77e-01: pi=0.0001, mu=0.5197, ll=-1766.21, converged=True
theta=2.84e-01: pi=0.0002, mu=0.5198, ll=-1766.08, converged=True
theta=2.90e-01: pi=0.0005, mu=0.5200, ll=-1766.03, converged=False
theta=2.97e-01: pi=0.0032, mu=0.5213, ll=-1766.07, converged=False
theta=3.04e-01: pi=0.0114, mu=0.5257, ll=-1766.17, converged=False
theta=3.11e-01: pi=0.0247, mu=0.5328, ll=-1766.28, converged=False
theta=3.18e-01: pi=0.0396, mu=0.5411, ll=-1766.40, converged=True
theta=3.26e-01: pi=0.0544, mu=0.5496, ll=-1766.52, converged=True
theta=3.33e-01: pi=0.0688, mu=0.5581, ll=-1766.65, converged=True
theta=3.41e-01: pi=0.0830, mu=0.5667, ll=-1766.78, converged=True
theta=3.49e-01: pi=0.0968, mu=0.5754, ll=-1766.91, converged=True
theta=3.57e-01: pi=0.1103, mu=0.5841, ll=-1767.05, converged=True
theta=3.66e-01: pi=0.1235, mu=0.5929, ll=-1767.19, converged=True
theta=3.74e-01: pi=0.1364, mu=0.6017, ll=-1767.34, converged=True
theta=3.83e-01: pi=0.1490, mu=0.6106, ll=-1767.49, converged=True
theta=3.92e-01: pi=0.1613, mu=0.6196, ll=-1767.64, converged=True
theta=4.01e-01: pi=0.1733, mu=0.6286, ll=-1767.80, converged=True
theta=4.11e-01: pi=0.1850, mu=0.6377, ll=-1767.96, converged=True
theta=4.20e-01: pi=0.1965, mu=0.6467, ll=-1768.13, converged=True
theta=4.30e-01: pi=0.2077, mu=0.6559, ll=-1768.30, converged=True
theta=4.40e-01: pi=0.2186, mu=0.6651, ll=-1768.48, converged=True
theta=4.51e-01: pi=0.2293, mu=0.6743, ll=-1768.66, converged=True
theta=4.61e-01: pi=0.2397, mu=0.6835, ll=-1768.85, converged=True
theta=4.72e-01: pi=0.2499, mu=0.6928, ll=-1769.04, converged=True
theta=4.83e-01: pi=0.2599, mu=0.7021, ll=-1769.24, converged=True
theta=4.94e-01: pi=0.2696, mu=0.7115, ll=-1769.44, converged=True
theta=5.06e-01: pi=0.2791, mu=0.7209, ll=-1769.65, converged=True
theta=5.18e-01: pi=0.2884, mu=0.7303, ll=-1769.86, converged=True
theta=5.30e-01: pi=0.2974, mu=0.7397, ll=-1770.08, converged=True
theta=5.42e-01: pi=0.3063, mu=0.7491, ll=-1770.30, converged=True
theta=5.55e-01: pi=0.3149, mu=0.7586, ll=-1770.53, converged=True
theta=5.68e-01: pi=0.3234, mu=0.7680, ll=-1770.77, converged=True
theta=5.81e-01: pi=0.3316, mu=0.7775, ll=-1771.01, converged=True
theta=5.95e-01: pi=0.3397, mu=0.7870, ll=-1771.26, converged=True
theta=6.09e-01: pi=0.3475, mu=0.7965, ll=-1771.51, converged=True
theta=6.23e-01: pi=0.3552, mu=0.8060, ll=-1771.77, converged=True
theta=6.38e-01: pi=0.3627, mu=0.8155, ll=-1772.04, converged=True
theta=6.52e-01: pi=0.3700, mu=0.8249, ll=-1772.31, converged=True
theta=6.68e-01: pi=0.3772, mu=0.8344, ll=-1772.59, converged=True
theta=6.83e-01: pi=0.3842, mu=0.8439, ll=-1772.88, converged=True
theta=6.99e-01: pi=0.3910, mu=0.8533, ll=-1773.17, converged=True
theta=7.16e-01: pi=0.3977, mu=0.8628, ll=-1773.47, converged=True
theta=7.32e-01: pi=0.4042, mu=0.8722, ll=-1773.78, converged=True
theta=7.50e-01: pi=0.4105, mu=0.8816, ll=-1774.10, converged=True
theta=7.67e-01: pi=0.4167, mu=0.8910, ll=-1774.42, converged=True
theta=7.85e-01: pi=0.4228, mu=0.9004, ll=-1774.74, converged=True
theta=8.04e-01: pi=0.4287, mu=0.9097, ll=-1775.08, converged=True
theta=8.22e-01: pi=0.4345, mu=0.9190, ll=-1775.42, converged=True
theta=8.42e-01: pi=0.4401, mu=0.9282, ll=-1775.77, converged=True
theta=8.61e-01: pi=0.4456, mu=0.9375, ll=-1776.13, converged=True
theta=8.81e-01: pi=0.4510, mu=0.9467, ll=-1776.50, converged=True
theta=9.02e-01: pi=0.4563, mu=0.9558, ll=-1776.87, converged=True
theta=9.23e-01: pi=0.4614, mu=0.9649, ll=-1777.25, converged=True
theta=9.45e-01: pi=0.4664, mu=0.9740, ll=-1777.64, converged=True
theta=9.67e-01: pi=0.4713, mu=0.9830, ll=-1778.03, converged=True
theta=9.90e-01: pi=0.4761, mu=0.9919, ll=-1778.43, converged=True
theta=1.01e+00: pi=0.4808, mu=1.0008, ll=-1778.84, converged=True
theta=1.04e+00: pi=0.4853, mu=1.0097, ll=-1779.26, converged=True
theta=1.06e+00: pi=0.4898, mu=1.0185, ll=-1779.69, converged=True
theta=1.09e+00: pi=0.4941, mu=1.0272, ll=-1780.12, converged=True
theta=1.11e+00: pi=0.4983, mu=1.0359, ll=-1780.56, converged=True
theta=1.14e+00: pi=0.5025, mu=1.0445, ll=-1781.01, converged=True
theta=1.16e+00: pi=0.5065, mu=1.0531, ll=-1781.47, converged=True
theta=1.19e+00: pi=0.5104, mu=1.0616, ll=-1781.94, converged=True
theta=1.22e+00: pi=0.5143, mu=1.0700, ll=-1782.41, converged=True
theta=1.25e+00: pi=0.5181, mu=1.0783, ll=-1782.89, converged=True
theta=1.28e+00: pi=0.5217, mu=1.0866, ll=-1783.38, converged=True
theta=1.31e+00: pi=0.5253, mu=1.0948, ll=-1783.87, converged=True
theta=1.34e+00: pi=0.5288, mu=1.1029, ll=-1784.38, converged=True
theta=1.37e+00: pi=0.5322, mu=1.1110, ll=-1784.89, converged=True
theta=1.40e+00: pi=0.5356, mu=1.1189, ll=-1785.41, converged=True
theta=1.43e+00: pi=0.5388, mu=1.1268, ll=-1785.93, converged=True
theta=1.47e+00: pi=0.5420, mu=1.1347, ll=-1786.47, converged=True
theta=1.50e+00: pi=0.5451, mu=1.1424, ll=-1787.01, converged=True
theta=1.54e+00: pi=0.5481, mu=1.1501, ll=-1787.55, converged=True
theta=1.57e+00: pi=0.5511, mu=1.1576, ll=-1788.11, converged=True
theta=1.61e+00: pi=0.5540, mu=1.1651, ll=-1788.67, converged=True
theta=1.65e+00: pi=0.5568, mu=1.1725, ll=-1789.24, converged=True
theta=1.69e+00: pi=0.5595, mu=1.1798, ll=-1789.82, converged=True
theta=1.72e+00: pi=0.5622, mu=1.1871, ll=-1790.40, converged=True
theta=1.76e+00: pi=0.5648, mu=1.1942, ll=-1790.99, converged=True
theta=1.81e+00: pi=0.5674, mu=1.2013, ll=-1791.59, converged=True
theta=1.85e+00: pi=0.5699, mu=1.2083, ll=-1792.19, converged=True
theta=1.89e+00: pi=0.5723, mu=1.2151, ll=-1792.80, converged=True
theta=1.94e+00: pi=0.5747, mu=1.2219, ll=-1793.41, converged=True
theta=1.98e+00: pi=0.5770, mu=1.2287, ll=-1794.03, converged=True
theta=2.03e+00: pi=0.5793, mu=1.2353, ll=-1794.66, converged=True
theta=2.08e+00: pi=0.5815, mu=1.2418, ll=-1795.29, converged=True
theta=2.12e+00: pi=0.5837, mu=1.2483, ll=-1795.93, converged=True
theta=2.17e+00: pi=0.5858, mu=1.2546, ll=-1796.58, converged=True
theta=2.22e+00: pi=0.5878, mu=1.2609, ll=-1797.23, converged=True
theta=2.28e+00: pi=0.5898, mu=1.2671, ll=-1797.88, converged=True
theta=2.33e+00: pi=0.5918, mu=1.2731, ll=-1798.54, converged=True
theta=2.38e+00: pi=0.5937, mu=1.2791, ll=-1799.20, converged=True
theta=2.44e+00: pi=0.5956, mu=1.2851, ll=-1799.87, converged=True
theta=2.50e+00: pi=0.5974, mu=1.2909, ll=-1800.54, converged=True
theta=2.56e+00: pi=0.5992, mu=1.2966, ll=-1801.22, converged=True
theta=2.62e+00: pi=0.6009, mu=1.3023, ll=-1801.90, converged=True
theta=2.68e+00: pi=0.6026, mu=1.3078, ll=-1802.58, converged=True
theta=2.74e+00: pi=0.6043, mu=1.3133, ll=-1803.27, converged=True
theta=2.80e+00: pi=0.6059, mu=1.3187, ll=-1803.96, converged=True
theta=2.87e+00: pi=0.6075, mu=1.3240, ll=-1804.66, converged=True
theta=2.94e+00: pi=0.6090, mu=1.3292, ll=-1805.35, converged=True
theta=3.01e+00: pi=0.6105, mu=1.3343, ll=-1806.05, converged=True
theta=3.08e+00: pi=0.6120, mu=1.3394, ll=-1806.76, converged=True
theta=3.15e+00: pi=0.6134, mu=1.3444, ll=-1807.46, converged=True
theta=3.22e+00: pi=0.6148, mu=1.3492, ll=-1808.17, converged=True
theta=3.30e+00: pi=0.6162, mu=1.3540, ll=-1808.88, converged=True
theta=3.37e+00: pi=0.6175, mu=1.3588, ll=-1809.59, converged=True
theta=3.45e+00: pi=0.6188, mu=1.3634, ll=-1810.30, converged=True
theta=3.53e+00: pi=0.6201, mu=1.3680, ll=-1811.01, converged=True
theta=3.62e+00: pi=0.6213, mu=1.3724, ll=-1811.72, converged=True
theta=3.70e+00: pi=0.6225, mu=1.3768, ll=-1812.44, converged=True
theta=3.79e+00: pi=0.6237, mu=1.3812, ll=-1813.15, converged=True
theta=3.88e+00: pi=0.6249, mu=1.3854, ll=-1813.86, converged=True
theta=3.97e+00: pi=0.6260, mu=1.3896, ll=-1814.58, converged=True
theta=4.06e+00: pi=0.6271, mu=1.3937, ll=-1815.29, converged=True
theta=4.15e+00: pi=0.6282, mu=1.3977, ll=-1816.01, converged=True
theta=4.25e+00: pi=0.6292, mu=1.4016, ll=-1816.72, converged=True
theta=4.35e+00: pi=0.6303, mu=1.4055, ll=-1817.43, converged=True
theta=4.45e+00: pi=0.6312, mu=1.4093, ll=-1818.15, converged=True
theta=4.56e+00: pi=0.6322, mu=1.4130, ll=-1818.86, converged=True
theta=4.66e+00: pi=0.6332, mu=1.4167, ll=-1819.57, converged=True
theta=4.77e+00: pi=0.6341, mu=1.4203, ll=-1820.27, converged=True
theta=4.89e+00: pi=0.6350, mu=1.4238, ll=-1820.98, converged=True
theta=5.00e+00: pi=0.6359, mu=1.4273, ll=-1821.68, converged=True

Best theta: 2.90e-01 with ll=-1766.03
Final parameters: pi=0.0005, mu=0.5200, theta=0.2903
    ERROR estimating window 4: name 'zero_fraction' is not defined
theta=5.00e-02: pi=0.0000, mu=0.2774, ll=-1328.74, converged=True
theta=5.12e-02: pi=0.0000, mu=0.2774, ll=-1325.39, converged=True
theta=5.24e-02: pi=0.0000, mu=0.2774, ll=-1322.09, converged=True
theta=5.36e-02: pi=0.0000, mu=0.2774, ll=-1318.84, converged=True
theta=5.48e-02: pi=0.0000, mu=0.2774, ll=-1315.64, converged=True
theta=5.61e-02: pi=0.0000, mu=0.2774, ll=-1312.48, converged=True
theta=5.74e-02: pi=0.0000, mu=0.2774, ll=-1309.38, converged=True
theta=5.88e-02: pi=0.0000, mu=0.2774, ll=-1306.33, converged=True
theta=6.02e-02: pi=0.0000, mu=0.2774, ll=-1303.33, converged=True
theta=6.16e-02: pi=0.0000, mu=0.2774, ll=-1300.37, converged=True
theta=6.30e-02: pi=0.0000, mu=0.2774, ll=-1297.47, converged=True
theta=6.45e-02: pi=0.0000, mu=0.2774, ll=-1294.62, converged=True
theta=6.60e-02: pi=0.0000, mu=0.2774, ll=-1291.82, converged=True
theta=6.75e-02: pi=0.0000, mu=0.2774, ll=-1289.08, converged=True
theta=6.91e-02: pi=0.0000, mu=0.2774, ll=-1286.38, converged=True
theta=7.07e-02: pi=0.0000, mu=0.2774, ll=-1283.74, converged=True
theta=7.24e-02: pi=0.0000, mu=0.2774, ll=-1281.15, converged=True
theta=7.41e-02: pi=0.0000, mu=0.2774, ll=-1278.61, converged=True
theta=7.58e-02: pi=0.0000, mu=0.2774, ll=-1276.12, converged=True
theta=7.76e-02: pi=0.0000, mu=0.2774, ll=-1273.68, converged=True
theta=7.94e-02: pi=0.0000, mu=0.2774, ll=-1271.30, converged=True
theta=8.13e-02: pi=0.0000, mu=0.2774, ll=-1268.97, converged=True
theta=8.32e-02: pi=0.0000, mu=0.2774, ll=-1266.69, converged=True
theta=8.51e-02: pi=0.0000, mu=0.2774, ll=-1264.47, converged=True
theta=8.71e-02: pi=0.0000, mu=0.2774, ll=-1262.30, converged=True
theta=8.92e-02: pi=0.0000, mu=0.2774, ll=-1260.18, converged=True
theta=9.13e-02: pi=0.0000, mu=0.2774, ll=-1258.11, converged=True
theta=9.34e-02: pi=0.0000, mu=0.2774, ll=-1256.10, converged=True
theta=9.56e-02: pi=0.0000, mu=0.2774, ll=-1254.14, converged=True
theta=9.78e-02: pi=0.0000, mu=0.2774, ll=-1252.24, converged=True
theta=1.00e-01: pi=0.0000, mu=0.2774, ll=-1250.38, converged=True
theta=1.02e-01: pi=0.0000, mu=0.2774, ll=-1248.58, converged=True
theta=1.05e-01: pi=0.0000, mu=0.2774, ll=-1246.83, converged=True
theta=1.07e-01: pi=0.0000, mu=0.2774, ll=-1245.14, converged=True
theta=1.10e-01: pi=0.0000, mu=0.2774, ll=-1243.50, converged=True
theta=1.12e-01: pi=0.0000, mu=0.2774, ll=-1241.91, converged=True
theta=1.15e-01: pi=0.0000, mu=0.2774, ll=-1240.37, converged=True
theta=1.18e-01: pi=0.0000, mu=0.2774, ll=-1238.89, converged=True
theta=1.20e-01: pi=0.0000, mu=0.2774, ll=-1237.46, converged=True
theta=1.23e-01: pi=0.0000, mu=0.2774, ll=-1236.08, converged=True
theta=1.26e-01: pi=0.0000, mu=0.2774, ll=-1234.75, converged=True
theta=1.29e-01: pi=0.0000, mu=0.2774, ll=-1233.48, converged=True
theta=1.32e-01: pi=0.0000, mu=0.2774, ll=-1232.25, converged=True
theta=1.35e-01: pi=0.0000, mu=0.2774, ll=-1231.08, converged=True
theta=1.38e-01: pi=0.0000, mu=0.2774, ll=-1229.96, converged=True
theta=1.42e-01: pi=0.0000, mu=0.2774, ll=-1228.90, converged=True
theta=1.45e-01: pi=0.0000, mu=0.2774, ll=-1227.88, converged=True
theta=1.48e-01: pi=0.0000, mu=0.2774, ll=-1226.91, converged=True
theta=1.52e-01: pi=0.0000, mu=0.2774, ll=-1226.00, converged=True
theta=1.55e-01: pi=0.0000, mu=0.2774, ll=-1225.13, converged=True
theta=1.59e-01: pi=0.0000, mu=0.2774, ll=-1224.32, converged=True
theta=1.63e-01: pi=0.0000, mu=0.2774, ll=-1223.55, converged=True
theta=1.67e-01: pi=0.0001, mu=0.2774, ll=-1222.84, converged=True
theta=1.70e-01: pi=0.0001, mu=0.2774, ll=-1222.17, converged=True
theta=1.74e-01: pi=0.0001, mu=0.2774, ll=-1221.55, converged=True
theta=1.79e-01: pi=0.0001, mu=0.2774, ll=-1220.99, converged=True
theta=1.83e-01: pi=0.0001, mu=0.2774, ll=-1220.46, converged=True
theta=1.87e-01: pi=0.0001, mu=0.2774, ll=-1219.99, converged=True
theta=1.91e-01: pi=0.0001, mu=0.2774, ll=-1219.56, converged=True
theta=1.96e-01: pi=0.0001, mu=0.2774, ll=-1219.19, converged=True
theta=2.00e-01: pi=0.0001, mu=0.2774, ll=-1218.85, converged=True
theta=2.05e-01: pi=0.0002, mu=0.2774, ll=-1218.57, converged=True
theta=2.10e-01: pi=0.0004, mu=0.2775, ll=-1218.33, converged=False
theta=2.15e-01: pi=0.0011, mu=0.2777, ll=-1218.13, converged=False
theta=2.20e-01: pi=0.0030, mu=0.2782, ll=-1217.99, converged=False
theta=2.25e-01: pi=0.0072, mu=0.2794, ll=-1217.88, converged=False
theta=2.30e-01: pi=0.0147, mu=0.2815, ll=-1217.81, converged=False
theta=2.36e-01: pi=0.0258, mu=0.2847, ll=-1217.75, converged=False
theta=2.41e-01: pi=0.0397, mu=0.2889, ll=-1217.70, converged=False
theta=2.47e-01: pi=0.0550, mu=0.2935, ll=-1217.65, converged=False
theta=2.53e-01: pi=0.0707, mu=0.2985, ll=-1217.59, converged=False
theta=2.59e-01: pi=0.0864, mu=0.3036, ll=-1217.54, converged=True
theta=2.65e-01: pi=0.1019, mu=0.3089, ll=-1217.49, converged=True
theta=2.71e-01: pi=0.1170, mu=0.3141, ll=-1217.43, converged=True
theta=2.77e-01: pi=0.1317, mu=0.3195, ll=-1217.38, converged=True
theta=2.84e-01: pi=0.1461, mu=0.3249, ll=-1217.32, converged=True
theta=2.90e-01: pi=0.1602, mu=0.3303, ll=-1217.26, converged=True
theta=2.97e-01: pi=0.1739, mu=0.3358, ll=-1217.21, converged=True
theta=3.04e-01: pi=0.1873, mu=0.3413, ll=-1217.15, converged=True
theta=3.11e-01: pi=0.2005, mu=0.3469, ll=-1217.09, converged=True
theta=3.18e-01: pi=0.2133, mu=0.3526, ll=-1217.04, converged=True
theta=3.26e-01: pi=0.2258, mu=0.3583, ll=-1216.98, converged=True
theta=3.33e-01: pi=0.2381, mu=0.3641, ll=-1216.92, converged=True
theta=3.41e-01: pi=0.2500, mu=0.3699, ll=-1216.86, converged=True
theta=3.49e-01: pi=0.2617, mu=0.3757, ll=-1216.80, converged=True
theta=3.57e-01: pi=0.2731, mu=0.3816, ll=-1216.74, converged=True
theta=3.66e-01: pi=0.2843, mu=0.3876, ll=-1216.68, converged=True
theta=3.74e-01: pi=0.2952, mu=0.3936, ll=-1216.62, converged=True
theta=3.83e-01: pi=0.3058, mu=0.3996, ll=-1216.56, converged=True
theta=3.92e-01: pi=0.3162, mu=0.4057, ll=-1216.50, converged=True
theta=4.01e-01: pi=0.3264, mu=0.4118, ll=-1216.43, converged=True
theta=4.11e-01: pi=0.3363, mu=0.4180, ll=-1216.37, converged=True
theta=4.20e-01: pi=0.3460, mu=0.4242, ll=-1216.31, converged=True
theta=4.30e-01: pi=0.3555, mu=0.4304, ll=-1216.25, converged=True
theta=4.40e-01: pi=0.3647, mu=0.4367, ll=-1216.18, converged=True
theta=4.51e-01: pi=0.3738, mu=0.4430, ll=-1216.12, converged=True
theta=4.61e-01: pi=0.3826, mu=0.4493, ll=-1216.06, converged=True
theta=4.72e-01: pi=0.3912, mu=0.4557, ll=-1216.00, converged=True
theta=4.83e-01: pi=0.3997, mu=0.4621, ll=-1215.93, converged=True
theta=4.94e-01: pi=0.4079, mu=0.4685, ll=-1215.87, converged=True
theta=5.06e-01: pi=0.4160, mu=0.4750, ll=-1215.81, converged=True
theta=5.18e-01: pi=0.4238, mu=0.4814, ll=-1215.74, converged=True
theta=5.30e-01: pi=0.4315, mu=0.4880, ll=-1215.68, converged=True
theta=5.42e-01: pi=0.4390, mu=0.4945, ll=-1215.62, converged=True
theta=5.55e-01: pi=0.4463, mu=0.5010, ll=-1215.55, converged=True
theta=5.68e-01: pi=0.4535, mu=0.5076, ll=-1215.49, converged=True
theta=5.81e-01: pi=0.4605, mu=0.5142, ll=-1215.43, converged=True
theta=5.95e-01: pi=0.4673, mu=0.5208, ll=-1215.36, converged=True
theta=6.09e-01: pi=0.4740, mu=0.5274, ll=-1215.30, converged=True
theta=6.23e-01: pi=0.4805, mu=0.5340, ll=-1215.24, converged=True
theta=6.38e-01: pi=0.4869, mu=0.5406, ll=-1215.18, converged=True
theta=6.52e-01: pi=0.4931, mu=0.5473, ll=-1215.11, converged=True
theta=6.68e-01: pi=0.4992, mu=0.5539, ll=-1215.05, converged=True
theta=6.83e-01: pi=0.5051, mu=0.5605, ll=-1214.99, converged=True
theta=6.99e-01: pi=0.5109, mu=0.5672, ll=-1214.93, converged=True
theta=7.16e-01: pi=0.5166, mu=0.5738, ll=-1214.87, converged=True
theta=7.32e-01: pi=0.5221, mu=0.5805, ll=-1214.81, converged=True
theta=7.50e-01: pi=0.5275, mu=0.5871, ll=-1214.75, converged=True
theta=7.67e-01: pi=0.5328, mu=0.5938, ll=-1214.69, converged=True
theta=7.85e-01: pi=0.5380, mu=0.6004, ll=-1214.63, converged=True
theta=8.04e-01: pi=0.5430, mu=0.6070, ll=-1214.58, converged=True
theta=8.22e-01: pi=0.5479, mu=0.6136, ll=-1214.52, converged=True
theta=8.42e-01: pi=0.5527, mu=0.6202, ll=-1214.46, converged=True
theta=8.61e-01: pi=0.5574, mu=0.6268, ll=-1214.41, converged=True
theta=8.81e-01: pi=0.5620, mu=0.6334, ll=-1214.35, converged=True
theta=9.02e-01: pi=0.5665, mu=0.6399, ll=-1214.30, converged=True
theta=9.23e-01: pi=0.5709, mu=0.6464, ll=-1214.24, converged=True
theta=9.45e-01: pi=0.5751, mu=0.6529, ll=-1214.19, converged=True
theta=9.67e-01: pi=0.5793, mu=0.6594, ll=-1214.14, converged=True
theta=9.90e-01: pi=0.5834, mu=0.6659, ll=-1214.09, converged=True
theta=1.01e+00: pi=0.5874, mu=0.6723, ll=-1214.03, converged=True
theta=1.04e+00: pi=0.5913, mu=0.6787, ll=-1213.99, converged=True
theta=1.06e+00: pi=0.5951, mu=0.6851, ll=-1213.94, converged=True
theta=1.09e+00: pi=0.5988, mu=0.6914, ll=-1213.89, converged=True
theta=1.11e+00: pi=0.6024, mu=0.6977, ll=-1213.84, converged=True
theta=1.14e+00: pi=0.6059, mu=0.7040, ll=-1213.80, converged=True
theta=1.16e+00: pi=0.6094, mu=0.7102, ll=-1213.75, converged=True
theta=1.19e+00: pi=0.6128, mu=0.7164, ll=-1213.71, converged=True
theta=1.22e+00: pi=0.6161, mu=0.7225, ll=-1213.66, converged=True
theta=1.25e+00: pi=0.6193, mu=0.7287, ll=-1213.62, converged=True
theta=1.28e+00: pi=0.6225, mu=0.7347, ll=-1213.58, converged=True
theta=1.31e+00: pi=0.6255, mu=0.7408, ll=-1213.54, converged=True
theta=1.34e+00: pi=0.6285, mu=0.7468, ll=-1213.50, converged=True
theta=1.37e+00: pi=0.6315, mu=0.7527, ll=-1213.47, converged=True
theta=1.40e+00: pi=0.6343, mu=0.7586, ll=-1213.43, converged=True
theta=1.43e+00: pi=0.6371, mu=0.7644, ll=-1213.40, converged=True
theta=1.47e+00: pi=0.6398, mu=0.7702, ll=-1213.36, converged=True
theta=1.50e+00: pi=0.6425, mu=0.7760, ll=-1213.33, converged=True
theta=1.54e+00: pi=0.6451, mu=0.7817, ll=-1213.30, converged=True
theta=1.57e+00: pi=0.6477, mu=0.7873, ll=-1213.27, converged=True
theta=1.61e+00: pi=0.6502, mu=0.7929, ll=-1213.24, converged=True
theta=1.65e+00: pi=0.6526, mu=0.7985, ll=-1213.21, converged=True
theta=1.69e+00: pi=0.6549, mu=0.8039, ll=-1213.18, converged=True
theta=1.72e+00: pi=0.6573, mu=0.8094, ll=-1213.16, converged=True
theta=1.76e+00: pi=0.6595, mu=0.8147, ll=-1213.13, converged=True
theta=1.81e+00: pi=0.6617, mu=0.8201, ll=-1213.11, converged=True
theta=1.85e+00: pi=0.6639, mu=0.8253, ll=-1213.09, converged=True
theta=1.89e+00: pi=0.6660, mu=0.8305, ll=-1213.07, converged=True
theta=1.94e+00: pi=0.6681, mu=0.8357, ll=-1213.05, converged=True
theta=1.98e+00: pi=0.6701, mu=0.8408, ll=-1213.03, converged=True
theta=2.03e+00: pi=0.6720, mu=0.8458, ll=-1213.01, converged=True
theta=2.08e+00: pi=0.6739, mu=0.8508, ll=-1213.00, converged=True
theta=2.12e+00: pi=0.6758, mu=0.8557, ll=-1212.98, converged=True
theta=2.17e+00: pi=0.6776, mu=0.8605, ll=-1212.97, converged=True
theta=2.22e+00: pi=0.6794, mu=0.8653, ll=-1212.96, converged=True
theta=2.28e+00: pi=0.6812, mu=0.8700, ll=-1212.95, converged=True
theta=2.33e+00: pi=0.6829, mu=0.8747, ll=-1212.94, converged=True
theta=2.38e+00: pi=0.6845, mu=0.8793, ll=-1212.93, converged=True
theta=2.44e+00: pi=0.6862, mu=0.8839, ll=-1212.92, converged=True
theta=2.50e+00: pi=0.6877, mu=0.8884, ll=-1212.91, converged=True
theta=2.56e+00: pi=0.6893, mu=0.8928, ll=-1212.91, converged=True
theta=2.62e+00: pi=0.6908, mu=0.8972, ll=-1212.90, converged=True
theta=2.68e+00: pi=0.6923, mu=0.9015, ll=-1212.90, converged=True
theta=2.74e+00: pi=0.6937, mu=0.9057, ll=-1212.90, converged=True
theta=2.80e+00: pi=0.6951, mu=0.9099, ll=-1212.90, converged=True
theta=2.87e+00: pi=0.6965, mu=0.9140, ll=-1212.90, converged=True
theta=2.94e+00: pi=0.6979, mu=0.9181, ll=-1212.90, converged=True
theta=3.01e+00: pi=0.6992, mu=0.9221, ll=-1212.90, converged=True
theta=3.08e+00: pi=0.7004, mu=0.9260, ll=-1212.90, converged=True
theta=3.15e+00: pi=0.7017, mu=0.9299, ll=-1212.91, converged=True
theta=3.22e+00: pi=0.7029, mu=0.9338, ll=-1212.91, converged=True
theta=3.30e+00: pi=0.7041, mu=0.9375, ll=-1212.92, converged=True
theta=3.37e+00: pi=0.7053, mu=0.9412, ll=-1212.92, converged=True
theta=3.45e+00: pi=0.7064, mu=0.9449, ll=-1212.93, converged=True
theta=3.53e+00: pi=0.7075, mu=0.9485, ll=-1212.94, converged=True
theta=3.62e+00: pi=0.7086, mu=0.9520, ll=-1212.95, converged=True
theta=3.70e+00: pi=0.7097, mu=0.9555, ll=-1212.96, converged=True
theta=3.79e+00: pi=0.7107, mu=0.9589, ll=-1212.97, converged=True
theta=3.88e+00: pi=0.7117, mu=0.9623, ll=-1212.98, converged=True
theta=3.97e+00: pi=0.7127, mu=0.9656, ll=-1212.99, converged=True
theta=4.06e+00: pi=0.7137, mu=0.9688, ll=-1213.00, converged=True
theta=4.15e+00: pi=0.7146, mu=0.9720, ll=-1213.01, converged=True
theta=4.25e+00: pi=0.7155, mu=0.9752, ll=-1213.03, converged=True
theta=4.35e+00: pi=0.7164, mu=0.9783, ll=-1213.04, converged=True
theta=4.45e+00: pi=0.7173, mu=0.9813, ll=-1213.05, converged=True
theta=4.56e+00: pi=0.7182, mu=0.9843, ll=-1213.07, converged=True
theta=4.66e+00: pi=0.7190, mu=0.9872, ll=-1213.09, converged=True
theta=4.77e+00: pi=0.7198, mu=0.9901, ll=-1213.10, converged=True
theta=4.89e+00: pi=0.7206, mu=0.9930, ll=-1213.12, converged=True
theta=5.00e+00: pi=0.7214, mu=0.9957, ll=-1213.14, converged=True

Best theta: 2.87e+00 with ll=-1212.90
Final parameters: pi=0.6965, mu=0.9140, theta=2.8692
    ERROR estimating window 5: name 'zero_fraction' is not defined
theta=5.00e-02: pi=0.0000, mu=0.3672, ll=-1603.63, converged=True
theta=5.12e-02: pi=0.0000, mu=0.3672, ll=-1599.21, converged=True
theta=5.24e-02: pi=0.0000, mu=0.3672, ll=-1594.85, converged=True
theta=5.36e-02: pi=0.0000, mu=0.3672, ll=-1590.55, converged=True
theta=5.48e-02: pi=0.0000, mu=0.3672, ll=-1586.31, converged=True
theta=5.61e-02: pi=0.0000, mu=0.3672, ll=-1582.12, converged=True
theta=5.74e-02: pi=0.0000, mu=0.3672, ll=-1578.00, converged=True
theta=5.88e-02: pi=0.0000, mu=0.3672, ll=-1573.94, converged=True
theta=6.02e-02: pi=0.0000, mu=0.3672, ll=-1569.93, converged=True
theta=6.16e-02: pi=0.0000, mu=0.3672, ll=-1565.99, converged=True
theta=6.30e-02: pi=0.0000, mu=0.3672, ll=-1562.10, converged=True
theta=6.45e-02: pi=0.0000, mu=0.3672, ll=-1558.28, converged=True
theta=6.60e-02: pi=0.0000, mu=0.3672, ll=-1554.52, converged=True
theta=6.75e-02: pi=0.0000, mu=0.3672, ll=-1550.83, converged=True
theta=6.91e-02: pi=0.0000, mu=0.3672, ll=-1547.19, converged=True
theta=7.07e-02: pi=0.0000, mu=0.3672, ll=-1543.62, converged=True
theta=7.24e-02: pi=0.0000, mu=0.3672, ll=-1540.11, converged=True
theta=7.41e-02: pi=0.0000, mu=0.3672, ll=-1536.66, converged=True
theta=7.58e-02: pi=0.0000, mu=0.3672, ll=-1533.28, converged=True
theta=7.76e-02: pi=0.0000, mu=0.3672, ll=-1529.96, converged=True
theta=7.94e-02: pi=0.0000, mu=0.3672, ll=-1526.71, converged=True
theta=8.13e-02: pi=0.0000, mu=0.3672, ll=-1523.52, converged=True
theta=8.32e-02: pi=0.0000, mu=0.3672, ll=-1520.39, converged=True
theta=8.51e-02: pi=0.0000, mu=0.3672, ll=-1517.33, converged=True
theta=8.71e-02: pi=0.0000, mu=0.3672, ll=-1514.34, converged=True
theta=8.92e-02: pi=0.0000, mu=0.3672, ll=-1511.41, converged=True
theta=9.13e-02: pi=0.0000, mu=0.3672, ll=-1508.54, converged=True
theta=9.34e-02: pi=0.0000, mu=0.3672, ll=-1505.74, converged=True
theta=9.56e-02: pi=0.0000, mu=0.3672, ll=-1503.01, converged=True
theta=9.78e-02: pi=0.0000, mu=0.3672, ll=-1500.34, converged=True
theta=1.00e-01: pi=0.0000, mu=0.3672, ll=-1497.74, converged=True
theta=1.02e-01: pi=0.0000, mu=0.3672, ll=-1495.21, converged=True
theta=1.05e-01: pi=0.0000, mu=0.3672, ll=-1492.74, converged=True
theta=1.07e-01: pi=0.0000, mu=0.3672, ll=-1490.34, converged=True
theta=1.10e-01: pi=0.0000, mu=0.3672, ll=-1488.00, converged=True
theta=1.12e-01: pi=0.0000, mu=0.3672, ll=-1485.73, converged=True
theta=1.15e-01: pi=0.0000, mu=0.3672, ll=-1483.53, converged=True
theta=1.18e-01: pi=0.0000, mu=0.3672, ll=-1481.39, converged=True
theta=1.20e-01: pi=0.0000, mu=0.3672, ll=-1479.32, converged=True
theta=1.23e-01: pi=0.0000, mu=0.3672, ll=-1477.32, converged=True
theta=1.26e-01: pi=0.0000, mu=0.3672, ll=-1475.39, converged=True
theta=1.29e-01: pi=0.0000, mu=0.3672, ll=-1473.52, converged=True
theta=1.32e-01: pi=0.0000, mu=0.3672, ll=-1471.71, converged=True
theta=1.35e-01: pi=0.0000, mu=0.3672, ll=-1469.98, converged=True
theta=1.38e-01: pi=0.0000, mu=0.3672, ll=-1468.31, converged=True
theta=1.42e-01: pi=0.0000, mu=0.3672, ll=-1466.70, converged=True
theta=1.45e-01: pi=0.0000, mu=0.3672, ll=-1465.16, converged=True
theta=1.48e-01: pi=0.0000, mu=0.3672, ll=-1463.69, converged=True
theta=1.52e-01: pi=0.0000, mu=0.3672, ll=-1462.28, converged=True
theta=1.55e-01: pi=0.0000, mu=0.3672, ll=-1460.94, converged=True
theta=1.59e-01: pi=0.0000, mu=0.3672, ll=-1459.67, converged=True
theta=1.63e-01: pi=0.0000, mu=0.3672, ll=-1458.45, converged=True
theta=1.67e-01: pi=0.0000, mu=0.3672, ll=-1457.31, converged=True
theta=1.70e-01: pi=0.0000, mu=0.3672, ll=-1456.23, converged=True
theta=1.74e-01: pi=0.0000, mu=0.3672, ll=-1455.21, converged=True
theta=1.79e-01: pi=0.0000, mu=0.3672, ll=-1454.26, converged=True
theta=1.83e-01: pi=0.0000, mu=0.3672, ll=-1453.37, converged=True
theta=1.87e-01: pi=0.0000, mu=0.3672, ll=-1452.54, converged=True
theta=1.91e-01: pi=0.0001, mu=0.3672, ll=-1451.78, converged=True
theta=1.96e-01: pi=0.0001, mu=0.3672, ll=-1451.08, converged=True
theta=2.00e-01: pi=0.0001, mu=0.3672, ll=-1450.44, converged=True
theta=2.05e-01: pi=0.0001, mu=0.3672, ll=-1449.86, converged=True
theta=2.10e-01: pi=0.0001, mu=0.3672, ll=-1449.34, converged=True
theta=2.15e-01: pi=0.0001, mu=0.3672, ll=-1448.89, converged=True
theta=2.20e-01: pi=0.0001, mu=0.3673, ll=-1448.50, converged=True
theta=2.25e-01: pi=0.0002, mu=0.3673, ll=-1448.16, converged=True
theta=2.30e-01: pi=0.0005, mu=0.3674, ll=-1447.89, converged=False
theta=2.36e-01: pi=0.0019, mu=0.3679, ll=-1447.68, converged=False
theta=2.41e-01: pi=0.0061, mu=0.3695, ll=-1447.52, converged=False
theta=2.47e-01: pi=0.0149, mu=0.3728, ll=-1447.40, converged=False
theta=2.53e-01: pi=0.0280, mu=0.3778, ll=-1447.29, converged=False
theta=2.59e-01: pi=0.0432, mu=0.3838, ll=-1447.19, converged=False
theta=2.65e-01: pi=0.0590, mu=0.3902, ll=-1447.08, converged=True
theta=2.71e-01: pi=0.0745, mu=0.3968, ll=-1446.97, converged=True
theta=2.77e-01: pi=0.0897, mu=0.4034, ll=-1446.86, converged=True
theta=2.84e-01: pi=0.1046, mu=0.4101, ll=-1446.74, converged=True
theta=2.90e-01: pi=0.1192, mu=0.4169, ll=-1446.63, converged=True
theta=2.97e-01: pi=0.1334, mu=0.4237, ll=-1446.52, converged=True
theta=3.04e-01: pi=0.1473, mu=0.4306, ll=-1446.40, converged=True
theta=3.11e-01: pi=0.1608, mu=0.4376, ll=-1446.28, converged=True
theta=3.18e-01: pi=0.1741, mu=0.4446, ll=-1446.17, converged=True
theta=3.26e-01: pi=0.1870, mu=0.4517, ll=-1446.05, converged=True
theta=3.33e-01: pi=0.1997, mu=0.4588, ll=-1445.93, converged=True
theta=3.41e-01: pi=0.2120, mu=0.4660, ll=-1445.81, converged=True
theta=3.49e-01: pi=0.2241, mu=0.4733, ll=-1445.69, converged=True
theta=3.57e-01: pi=0.2359, mu=0.4806, ll=-1445.56, converged=True
theta=3.66e-01: pi=0.2474, mu=0.4879, ll=-1445.44, converged=True
theta=3.74e-01: pi=0.2586, mu=0.4953, ll=-1445.32, converged=True
theta=3.83e-01: pi=0.2696, mu=0.5028, ll=-1445.19, converged=True
theta=3.92e-01: pi=0.2804, mu=0.5103, ll=-1445.06, converged=True
theta=4.01e-01: pi=0.2909, mu=0.5178, ll=-1444.94, converged=True
theta=4.11e-01: pi=0.3011, mu=0.5254, ll=-1444.81, converged=True
theta=4.20e-01: pi=0.3111, mu=0.5331, ll=-1444.68, converged=True
theta=4.30e-01: pi=0.3209, mu=0.5408, ll=-1444.55, converged=True
theta=4.40e-01: pi=0.3305, mu=0.5485, ll=-1444.42, converged=True
theta=4.51e-01: pi=0.3398, mu=0.5562, ll=-1444.29, converged=True
theta=4.61e-01: pi=0.3489, mu=0.5640, ll=-1444.16, converged=True
theta=4.72e-01: pi=0.3579, mu=0.5718, ll=-1444.03, converged=True
theta=4.83e-01: pi=0.3666, mu=0.5797, ll=-1443.90, converged=True
theta=4.94e-01: pi=0.3751, mu=0.5876, ll=-1443.76, converged=True
theta=5.06e-01: pi=0.3834, mu=0.5955, ll=-1443.63, converged=True
theta=5.18e-01: pi=0.3915, mu=0.6034, ll=-1443.50, converged=True
theta=5.30e-01: pi=0.3994, mu=0.6114, ll=-1443.36, converged=True
theta=5.42e-01: pi=0.4071, mu=0.6194, ll=-1443.23, converged=True
theta=5.55e-01: pi=0.4147, mu=0.6274, ll=-1443.10, converged=True
theta=5.68e-01: pi=0.4221, mu=0.6354, ll=-1442.96, converged=True
theta=5.81e-01: pi=0.4293, mu=0.6434, ll=-1442.83, converged=True
theta=5.95e-01: pi=0.4363, mu=0.6515, ll=-1442.69, converged=True
theta=6.09e-01: pi=0.4432, mu=0.6595, ll=-1442.56, converged=True
theta=6.23e-01: pi=0.4499, mu=0.6676, ll=-1442.43, converged=True
theta=6.38e-01: pi=0.4565, mu=0.6756, ll=-1442.29, converged=True
theta=6.52e-01: pi=0.4629, mu=0.6837, ll=-1442.16, converged=True
theta=6.68e-01: pi=0.4692, mu=0.6918, ll=-1442.03, converged=True
theta=6.83e-01: pi=0.4753, mu=0.6998, ll=-1441.89, converged=True
theta=6.99e-01: pi=0.4813, mu=0.7079, ll=-1441.76, converged=True
theta=7.16e-01: pi=0.4871, mu=0.7160, ll=-1441.63, converged=True
theta=7.32e-01: pi=0.4928, mu=0.7240, ll=-1441.50, converged=True
theta=7.50e-01: pi=0.4984, mu=0.7320, ll=-1441.37, converged=True
theta=7.67e-01: pi=0.5038, mu=0.7401, ll=-1441.24, converged=True
theta=7.85e-01: pi=0.5091, mu=0.7481, ll=-1441.11, converged=True
theta=8.04e-01: pi=0.5143, mu=0.7561, ll=-1440.98, converged=True
theta=8.22e-01: pi=0.5194, mu=0.7640, ll=-1440.85, converged=True
theta=8.42e-01: pi=0.5243, mu=0.7720, ll=-1440.72, converged=True
theta=8.61e-01: pi=0.5292, mu=0.7799, ll=-1440.60, converged=True
theta=8.81e-01: pi=0.5339, mu=0.7878, ll=-1440.47, converged=True
theta=9.02e-01: pi=0.5385, mu=0.7957, ll=-1440.35, converged=True
theta=9.23e-01: pi=0.5430, mu=0.8035, ll=-1440.22, converged=True
theta=9.45e-01: pi=0.5474, mu=0.8113, ll=-1440.10, converged=True
theta=9.67e-01: pi=0.5517, mu=0.8191, ll=-1439.98, converged=True
theta=9.90e-01: pi=0.5559, mu=0.8268, ll=-1439.86, converged=True
theta=1.01e+00: pi=0.5600, mu=0.8345, ll=-1439.74, converged=True
theta=1.04e+00: pi=0.5640, mu=0.8422, ll=-1439.63, converged=True
theta=1.06e+00: pi=0.5679, mu=0.8498, ll=-1439.51, converged=True
theta=1.09e+00: pi=0.5717, mu=0.8573, ll=-1439.40, converged=True
theta=1.11e+00: pi=0.5754, mu=0.8648, ll=-1439.29, converged=True
theta=1.14e+00: pi=0.5790, mu=0.8723, ll=-1439.18, converged=True
theta=1.16e+00: pi=0.5826, mu=0.8797, ll=-1439.07, converged=True
theta=1.19e+00: pi=0.5861, mu=0.8871, ll=-1438.96, converged=True
theta=1.22e+00: pi=0.5894, mu=0.8944, ll=-1438.85, converged=True
theta=1.25e+00: pi=0.5928, mu=0.9017, ll=-1438.75, converged=True
theta=1.28e+00: pi=0.5960, mu=0.9089, ll=-1438.65, converged=True
theta=1.31e+00: pi=0.5991, mu=0.9160, ll=-1438.55, converged=True
theta=1.34e+00: pi=0.6022, mu=0.9231, ll=-1438.45, converged=True
theta=1.37e+00: pi=0.6052, mu=0.9302, ll=-1438.36, converged=True
theta=1.40e+00: pi=0.6082, mu=0.9371, ll=-1438.26, converged=True
theta=1.43e+00: pi=0.6110, mu=0.9440, ll=-1438.17, converged=True
theta=1.47e+00: pi=0.6138, mu=0.9509, ll=-1438.08, converged=True
theta=1.50e+00: pi=0.6166, mu=0.9577, ll=-1437.99, converged=True
theta=1.54e+00: pi=0.6192, mu=0.9644, ll=-1437.91, converged=True
theta=1.57e+00: pi=0.6218, mu=0.9710, ll=-1437.82, converged=True
theta=1.61e+00: pi=0.6244, mu=0.9776, ll=-1437.74, converged=True
theta=1.65e+00: pi=0.6269, mu=0.9841, ll=-1437.66, converged=True
theta=1.69e+00: pi=0.6293, mu=0.9905, ll=-1437.59, converged=True
theta=1.72e+00: pi=0.6317, mu=0.9969, ll=-1437.51, converged=True
theta=1.76e+00: pi=0.6340, mu=1.0032, ll=-1437.44, converged=True
theta=1.81e+00: pi=0.6362, mu=1.0094, ll=-1437.37, converged=True
theta=1.85e+00: pi=0.6384, mu=1.0156, ll=-1437.30, converged=True
theta=1.89e+00: pi=0.6406, mu=1.0217, ll=-1437.24, converged=True
theta=1.94e+00: pi=0.6427, mu=1.0277, ll=-1437.17, converged=True
theta=1.98e+00: pi=0.6447, mu=1.0336, ll=-1437.11, converged=True
theta=2.03e+00: pi=0.6467, mu=1.0395, ll=-1437.05, converged=True
theta=2.08e+00: pi=0.6487, mu=1.0453, ll=-1437.00, converged=True
theta=2.12e+00: pi=0.6506, mu=1.0510, ll=-1436.94, converged=True
theta=2.17e+00: pi=0.6525, mu=1.0566, ll=-1436.89, converged=True
theta=2.22e+00: pi=0.6543, mu=1.0622, ll=-1436.84, converged=True
theta=2.28e+00: pi=0.6561, mu=1.0677, ll=-1436.79, converged=True
theta=2.33e+00: pi=0.6578, mu=1.0731, ll=-1436.75, converged=True
theta=2.38e+00: pi=0.6595, mu=1.0785, ll=-1436.70, converged=True
theta=2.44e+00: pi=0.6612, mu=1.0837, ll=-1436.66, converged=True
theta=2.50e+00: pi=0.6628, mu=1.0889, ll=-1436.62, converged=True
theta=2.56e+00: pi=0.6644, mu=1.0941, ll=-1436.59, converged=True
theta=2.62e+00: pi=0.6659, mu=1.0991, ll=-1436.55, converged=True
theta=2.68e+00: pi=0.6674, mu=1.1041, ll=-1436.52, converged=True
theta=2.74e+00: pi=0.6689, mu=1.1090, ll=-1436.49, converged=True
theta=2.80e+00: pi=0.6703, mu=1.1138, ll=-1436.46, converged=True
theta=2.87e+00: pi=0.6717, mu=1.1186, ll=-1436.44, converged=True
theta=2.94e+00: pi=0.6731, mu=1.1232, ll=-1436.41, converged=True
theta=3.01e+00: pi=0.6744, mu=1.1278, ll=-1436.39, converged=True
theta=3.08e+00: pi=0.6757, mu=1.1324, ll=-1436.37, converged=True
theta=3.15e+00: pi=0.6770, mu=1.1368, ll=-1436.35, converged=True
theta=3.22e+00: pi=0.6782, mu=1.1412, ll=-1436.34, converged=True
theta=3.30e+00: pi=0.6795, mu=1.1456, ll=-1436.32, converged=True
theta=3.37e+00: pi=0.6806, mu=1.1498, ll=-1436.31, converged=True
theta=3.45e+00: pi=0.6818, mu=1.1540, ll=-1436.30, converged=True
theta=3.53e+00: pi=0.6829, mu=1.1581, ll=-1436.29, converged=True
theta=3.62e+00: pi=0.6840, mu=1.1622, ll=-1436.29, converged=True
theta=3.70e+00: pi=0.6851, mu=1.1661, ll=-1436.28, converged=True
theta=3.79e+00: pi=0.6862, mu=1.1700, ll=-1436.28, converged=True
theta=3.88e+00: pi=0.6872, mu=1.1739, ll=-1436.27, converged=True
theta=3.97e+00: pi=0.6882, mu=1.1777, ll=-1436.27, converged=True
theta=4.06e+00: pi=0.6892, mu=1.1814, ll=-1436.27, converged=True
theta=4.15e+00: pi=0.6901, mu=1.1850, ll=-1436.28, converged=True
theta=4.25e+00: pi=0.6911, mu=1.1886, ll=-1436.28, converged=True
theta=4.35e+00: pi=0.6920, mu=1.1921, ll=-1436.28, converged=True
theta=4.45e+00: pi=0.6929, mu=1.1956, ll=-1436.29, converged=True
theta=4.56e+00: pi=0.6937, mu=1.1990, ll=-1436.30, converged=True
theta=4.66e+00: pi=0.6946, mu=1.2023, ll=-1436.31, converged=True
theta=4.77e+00: pi=0.6954, mu=1.2056, ll=-1436.32, converged=True
theta=4.89e+00: pi=0.6962, mu=1.2088, ll=-1436.33, converged=True
theta=5.00e+00: pi=0.6970, mu=1.2119, ll=-1436.34, converged=True

Best theta: 3.97e+00 with ll=-1436.27
Final parameters: pi=0.6882, mu=1.1777, theta=3.9670
    ERROR estimating window 6: name 'zero_fraction' is not defined
theta=5.00e-02: pi=0.0000, mu=0.7901, ll=-2165.70, converged=True
theta=5.12e-02: pi=0.0000, mu=0.7901, ll=-2160.36, converged=True
theta=5.24e-02: pi=0.0000, mu=0.7901, ll=-2155.10, converged=True
theta=5.36e-02: pi=0.0000, mu=0.7901, ll=-2149.92, converged=True
theta=5.48e-02: pi=0.0000, mu=0.7901, ll=-2144.83, converged=True
theta=5.61e-02: pi=0.0000, mu=0.7901, ll=-2139.82, converged=True
theta=5.74e-02: pi=0.0000, mu=0.7901, ll=-2134.90, converged=True
theta=5.88e-02: pi=0.0000, mu=0.7901, ll=-2130.07, converged=True
theta=6.02e-02: pi=0.0000, mu=0.7901, ll=-2125.32, converged=True
theta=6.16e-02: pi=0.0000, mu=0.7901, ll=-2120.67, converged=True
theta=6.30e-02: pi=0.0000, mu=0.7901, ll=-2116.10, converged=True
theta=6.45e-02: pi=0.0000, mu=0.7901, ll=-2111.63, converged=True
theta=6.60e-02: pi=0.0000, mu=0.7901, ll=-2107.25, converged=True
theta=6.75e-02: pi=0.0000, mu=0.7901, ll=-2102.96, converged=True
theta=6.91e-02: pi=0.0000, mu=0.7901, ll=-2098.77, converged=True
theta=7.07e-02: pi=0.0000, mu=0.7901, ll=-2094.67, converged=True
theta=7.24e-02: pi=0.0000, mu=0.7901, ll=-2090.66, converged=True
theta=7.41e-02: pi=0.0000, mu=0.7901, ll=-2086.75, converged=True
theta=7.58e-02: pi=0.0000, mu=0.7901, ll=-2082.94, converged=True
theta=7.76e-02: pi=0.0000, mu=0.7901, ll=-2079.23, converged=True
theta=7.94e-02: pi=0.0000, mu=0.7901, ll=-2075.61, converged=True
theta=8.13e-02: pi=0.0000, mu=0.7901, ll=-2072.10, converged=True
theta=8.32e-02: pi=0.0000, mu=0.7901, ll=-2068.68, converged=True
theta=8.51e-02: pi=0.0000, mu=0.7901, ll=-2065.37, converged=True
theta=8.71e-02: pi=0.0000, mu=0.7901, ll=-2062.16, converged=True
theta=8.92e-02: pi=0.0000, mu=0.7901, ll=-2059.05, converged=True
theta=9.13e-02: pi=0.0000, mu=0.7901, ll=-2056.05, converged=True
theta=9.34e-02: pi=0.0000, mu=0.7901, ll=-2053.15, converged=True
theta=9.56e-02: pi=0.0000, mu=0.7901, ll=-2050.35, converged=True
theta=9.78e-02: pi=0.0000, mu=0.7901, ll=-2047.66, converged=True
theta=1.00e-01: pi=0.0000, mu=0.7901, ll=-2045.08, converged=True
theta=1.02e-01: pi=0.0000, mu=0.7901, ll=-2042.60, converged=True
theta=1.05e-01: pi=0.0000, mu=0.7901, ll=-2040.23, converged=True
theta=1.07e-01: pi=0.0000, mu=0.7901, ll=-2037.97, converged=True
theta=1.10e-01: pi=0.0000, mu=0.7901, ll=-2035.82, converged=True
theta=1.12e-01: pi=0.0000, mu=0.7901, ll=-2033.78, converged=True
theta=1.15e-01: pi=0.0000, mu=0.7901, ll=-2031.85, converged=True
theta=1.18e-01: pi=0.0000, mu=0.7901, ll=-2030.03, converged=True
theta=1.20e-01: pi=0.0000, mu=0.7901, ll=-2028.32, converged=True
theta=1.23e-01: pi=0.0000, mu=0.7901, ll=-2026.73, converged=True
theta=1.26e-01: pi=0.0000, mu=0.7901, ll=-2025.24, converged=True
theta=1.29e-01: pi=0.0000, mu=0.7901, ll=-2023.87, converged=True
theta=1.32e-01: pi=0.0000, mu=0.7901, ll=-2022.62, converged=True
theta=1.35e-01: pi=0.0000, mu=0.7901, ll=-2021.48, converged=True
theta=1.38e-01: pi=0.0000, mu=0.7901, ll=-2020.45, converged=True
theta=1.42e-01: pi=0.0000, mu=0.7901, ll=-2019.54, converged=True
theta=1.45e-01: pi=0.0001, mu=0.7902, ll=-2018.75, converged=True
theta=1.48e-01: pi=0.0001, mu=0.7902, ll=-2018.07, converged=True
theta=1.52e-01: pi=0.0001, mu=0.7902, ll=-2017.50, converged=True
theta=1.55e-01: pi=0.0001, mu=0.7902, ll=-2017.06, converged=True
theta=1.59e-01: pi=0.0006, mu=0.7906, ll=-2016.73, converged=False
theta=1.63e-01: pi=0.0053, mu=0.7943, ll=-2016.52, converged=False
theta=1.67e-01: pi=0.0186, mu=0.8051, ll=-2016.36, converged=False
theta=1.70e-01: pi=0.0355, mu=0.8192, ll=-2016.20, converged=True
theta=1.74e-01: pi=0.0523, mu=0.8337, ll=-2016.04, converged=True
theta=1.79e-01: pi=0.0686, mu=0.8483, ll=-2015.88, converged=True
theta=1.83e-01: pi=0.0847, mu=0.8632, ll=-2015.71, converged=True
theta=1.87e-01: pi=0.1003, mu=0.8782, ll=-2015.55, converged=True
theta=1.91e-01: pi=0.1156, mu=0.8934, ll=-2015.38, converged=True
theta=1.96e-01: pi=0.1305, mu=0.9087, ll=-2015.21, converged=True
theta=2.00e-01: pi=0.1451, mu=0.9242, ll=-2015.04, converged=True
theta=2.05e-01: pi=0.1594, mu=0.9399, ll=-2014.87, converged=True
theta=2.10e-01: pi=0.1733, mu=0.9557, ll=-2014.69, converged=True
theta=2.15e-01: pi=0.1869, mu=0.9717, ll=-2014.52, converged=True
theta=2.20e-01: pi=0.2002, mu=0.9879, ll=-2014.34, converged=True
theta=2.25e-01: pi=0.2131, mu=1.0041, ll=-2014.16, converged=True
theta=2.30e-01: pi=0.2258, mu=1.0206, ll=-2013.98, converged=True
theta=2.36e-01: pi=0.2382, mu=1.0372, ll=-2013.80, converged=True
theta=2.41e-01: pi=0.2503, mu=1.0539, ll=-2013.62, converged=True
theta=2.47e-01: pi=0.2621, mu=1.0708, ll=-2013.44, converged=True
theta=2.53e-01: pi=0.2736, mu=1.0878, ll=-2013.25, converged=True
theta=2.59e-01: pi=0.2849, mu=1.1049, ll=-2013.07, converged=True
theta=2.65e-01: pi=0.2959, mu=1.1222, ll=-2012.88, converged=True
theta=2.71e-01: pi=0.3066, mu=1.1395, ll=-2012.70, converged=True
theta=2.77e-01: pi=0.3171, mu=1.1571, ll=-2012.51, converged=True
theta=2.84e-01: pi=0.3274, mu=1.1747, ll=-2012.32, converged=True
theta=2.90e-01: pi=0.3374, mu=1.1924, ll=-2012.13, converged=True
theta=2.97e-01: pi=0.3472, mu=1.2103, ll=-2011.95, converged=True
theta=3.04e-01: pi=0.3567, mu=1.2282, ll=-2011.76, converged=True
theta=3.11e-01: pi=0.3660, mu=1.2463, ll=-2011.57, converged=True
theta=3.18e-01: pi=0.3751, mu=1.2645, ll=-2011.38, converged=True
theta=3.26e-01: pi=0.3840, mu=1.2827, ll=-2011.19, converged=True
theta=3.33e-01: pi=0.3927, mu=1.3010, ll=-2011.00, converged=True
theta=3.41e-01: pi=0.4012, mu=1.3195, ll=-2010.81, converged=True
theta=3.49e-01: pi=0.4095, mu=1.3379, ll=-2010.63, converged=True
theta=3.57e-01: pi=0.4175, mu=1.3565, ll=-2010.44, converged=True
theta=3.66e-01: pi=0.4254, mu=1.3751, ll=-2010.25, converged=True
theta=3.74e-01: pi=0.4331, mu=1.3938, ll=-2010.07, converged=True
theta=3.83e-01: pi=0.4407, mu=1.4126, ll=-2009.88, converged=True
theta=3.92e-01: pi=0.4480, mu=1.4313, ll=-2009.70, converged=True
theta=4.01e-01: pi=0.4552, mu=1.4502, ll=-2009.52, converged=True
theta=4.11e-01: pi=0.4622, mu=1.4690, ll=-2009.34, converged=True
theta=4.20e-01: pi=0.4690, mu=1.4879, ll=-2009.16, converged=True
theta=4.30e-01: pi=0.4757, mu=1.5069, ll=-2008.99, converged=True
theta=4.40e-01: pi=0.4822, mu=1.5258, ll=-2008.81, converged=True
theta=4.51e-01: pi=0.4885, mu=1.5448, ll=-2008.64, converged=True
theta=4.61e-01: pi=0.4947, mu=1.5637, ll=-2008.47, converged=True
theta=4.72e-01: pi=0.5008, mu=1.5827, ll=-2008.31, converged=True
theta=4.83e-01: pi=0.5067, mu=1.6017, ll=-2008.15, converged=True
theta=4.94e-01: pi=0.5125, mu=1.6206, ll=-2007.99, converged=True
theta=5.06e-01: pi=0.5181, mu=1.6396, ll=-2007.83, converged=True
theta=5.18e-01: pi=0.5236, mu=1.6585, ll=-2007.68, converged=True
theta=5.30e-01: pi=0.5290, mu=1.6774, ll=-2007.53, converged=True
theta=5.42e-01: pi=0.5342, mu=1.6962, ll=-2007.39, converged=True
theta=5.55e-01: pi=0.5393, mu=1.7150, ll=-2007.25, converged=True
theta=5.68e-01: pi=0.5443, mu=1.7338, ll=-2007.11, converged=True
theta=5.81e-01: pi=0.5491, mu=1.7525, ll=-2006.98, converged=True
theta=5.95e-01: pi=0.5539, mu=1.7711, ll=-2006.86, converged=True
theta=6.09e-01: pi=0.5585, mu=1.7897, ll=-2006.74, converged=True
theta=6.23e-01: pi=0.5630, mu=1.8082, ll=-2006.63, converged=True
theta=6.38e-01: pi=0.5674, mu=1.8266, ll=-2006.52, converged=True
theta=6.52e-01: pi=0.5717, mu=1.8450, ll=-2006.42, converged=True
theta=6.68e-01: pi=0.5759, mu=1.8632, ll=-2006.32, converged=True
theta=6.83e-01: pi=0.5800, mu=1.8814, ll=-2006.24, converged=True
theta=6.99e-01: pi=0.5840, mu=1.8994, ll=-2006.15, converged=True
theta=7.16e-01: pi=0.5879, mu=1.9174, ll=-2006.08, converged=True
theta=7.32e-01: pi=0.5917, mu=1.9352, ll=-2006.01, converged=True
theta=7.50e-01: pi=0.5954, mu=1.9530, ll=-2005.96, converged=True
theta=7.67e-01: pi=0.5990, mu=1.9706, ll=-2005.90, converged=True
theta=7.85e-01: pi=0.6026, mu=1.9880, ll=-2005.86, converged=True
theta=8.04e-01: pi=0.6060, mu=2.0054, ll=-2005.83, converged=True
theta=8.22e-01: pi=0.6094, mu=2.0226, ll=-2005.80, converged=True
theta=8.42e-01: pi=0.6126, mu=2.0397, ll=-2005.79, converged=True
theta=8.61e-01: pi=0.6158, mu=2.0566, ll=-2005.78, converged=True
theta=8.81e-01: pi=0.6189, mu=2.0734, ll=-2005.78, converged=True
theta=9.02e-01: pi=0.6220, mu=2.0900, ll=-2005.80, converged=True
theta=9.23e-01: pi=0.6249, mu=2.1065, ll=-2005.82, converged=True
theta=9.45e-01: pi=0.6278, mu=2.1228, ll=-2005.85, converged=True
theta=9.67e-01: pi=0.6306, mu=2.1389, ll=-2005.90, converged=True
theta=9.90e-01: pi=0.6333, mu=2.1549, ll=-2005.95, converged=True
theta=1.01e+00: pi=0.6360, mu=2.1707, ll=-2006.02, converged=True
theta=1.04e+00: pi=0.6386, mu=2.1864, ll=-2006.10, converged=True
theta=1.06e+00: pi=0.6412, mu=2.2019, ll=-2006.19, converged=True
theta=1.09e+00: pi=0.6436, mu=2.2171, ll=-2006.29, converged=True
theta=1.11e+00: pi=0.6460, mu=2.2322, ll=-2006.40, converged=True
theta=1.14e+00: pi=0.6484, mu=2.2472, ll=-2006.53, converged=True
theta=1.16e+00: pi=0.6507, mu=2.2619, ll=-2006.66, converged=True
theta=1.19e+00: pi=0.6529, mu=2.2765, ll=-2006.81, converged=True
theta=1.22e+00: pi=0.6551, mu=2.2908, ll=-2006.98, converged=True
theta=1.25e+00: pi=0.6572, mu=2.3050, ll=-2007.15, converged=True
theta=1.28e+00: pi=0.6593, mu=2.3190, ll=-2007.34, converged=True
theta=1.31e+00: pi=0.6613, mu=2.3328, ll=-2007.55, converged=True
theta=1.34e+00: pi=0.6633, mu=2.3464, ll=-2007.76, converged=True
theta=1.37e+00: pi=0.6652, mu=2.3597, ll=-2007.99, converged=True
theta=1.40e+00: pi=0.6670, mu=2.3730, ll=-2008.24, converged=True
theta=1.43e+00: pi=0.6688, mu=2.3860, ll=-2008.50, converged=True
theta=1.47e+00: pi=0.6706, mu=2.3988, ll=-2008.77, converged=True
theta=1.50e+00: pi=0.6723, mu=2.4114, ll=-2009.05, converged=True
theta=1.54e+00: pi=0.6740, mu=2.4238, ll=-2009.35, converged=True
theta=1.57e+00: pi=0.6757, mu=2.4360, ll=-2009.67, converged=True
theta=1.61e+00: pi=0.6772, mu=2.4480, ll=-2010.00, converged=True
theta=1.65e+00: pi=0.6788, mu=2.4599, ll=-2010.34, converged=True
theta=1.69e+00: pi=0.6803, mu=2.4715, ll=-2010.70, converged=True
theta=1.72e+00: pi=0.6818, mu=2.4829, ll=-2011.07, converged=True
theta=1.76e+00: pi=0.6832, mu=2.4942, ll=-2011.46, converged=True
theta=1.81e+00: pi=0.6846, mu=2.5052, ll=-2011.86, converged=True
theta=1.85e+00: pi=0.6860, mu=2.5161, ll=-2012.28, converged=True
theta=1.89e+00: pi=0.6873, mu=2.5267, ll=-2012.71, converged=True
theta=1.94e+00: pi=0.6886, mu=2.5372, ll=-2013.16, converged=True
theta=1.98e+00: pi=0.6898, mu=2.5475, ll=-2013.62, converged=True
theta=2.03e+00: pi=0.6911, mu=2.5575, ll=-2014.09, converged=True
theta=2.08e+00: pi=0.6923, mu=2.5674, ll=-2014.58, converged=True
theta=2.12e+00: pi=0.6934, mu=2.5772, ll=-2015.08, converged=True
theta=2.17e+00: pi=0.6945, mu=2.5867, ll=-2015.60, converged=True
theta=2.22e+00: pi=0.6956, mu=2.5961, ll=-2016.13, converged=True
theta=2.28e+00: pi=0.6967, mu=2.6052, ll=-2016.68, converged=True
theta=2.33e+00: pi=0.6978, mu=2.6142, ll=-2017.24, converged=True
theta=2.38e+00: pi=0.6988, mu=2.6230, ll=-2017.81, converged=True
theta=2.44e+00: pi=0.6998, mu=2.6317, ll=-2018.40, converged=True
theta=2.50e+00: pi=0.7007, mu=2.6402, ll=-2019.00, converged=True
theta=2.56e+00: pi=0.7017, mu=2.6485, ll=-2019.61, converged=True
theta=2.62e+00: pi=0.7026, mu=2.6566, ll=-2020.24, converged=True
theta=2.68e+00: pi=0.7035, mu=2.6645, ll=-2020.88, converged=True
theta=2.74e+00: pi=0.7043, mu=2.6723, ll=-2021.53, converged=True
theta=2.80e+00: pi=0.7052, mu=2.6800, ll=-2022.19, converged=True
theta=2.87e+00: pi=0.7060, mu=2.6875, ll=-2022.87, converged=True
theta=2.94e+00: pi=0.7068, mu=2.6948, ll=-2023.56, converged=True
theta=3.01e+00: pi=0.7076, mu=2.7020, ll=-2024.26, converged=True
theta=3.08e+00: pi=0.7083, mu=2.7090, ll=-2024.97, converged=True
theta=3.15e+00: pi=0.7091, mu=2.7158, ll=-2025.69, converged=True
theta=3.22e+00: pi=0.7098, mu=2.7226, ll=-2026.42, converged=True
theta=3.30e+00: pi=0.7105, mu=2.7291, ll=-2027.17, converged=True
theta=3.37e+00: pi=0.7112, mu=2.7356, ll=-2027.92, converged=True
theta=3.45e+00: pi=0.7118, mu=2.7419, ll=-2028.68, converged=True
theta=3.53e+00: pi=0.7125, mu=2.7480, ll=-2029.46, converged=True
theta=3.62e+00: pi=0.7131, mu=2.7540, ll=-2030.24, converged=True
theta=3.70e+00: pi=0.7137, mu=2.7599, ll=-2031.03, converged=True
theta=3.79e+00: pi=0.7143, mu=2.7657, ll=-2031.83, converged=True
theta=3.88e+00: pi=0.7149, mu=2.7713, ll=-2032.64, converged=True
theta=3.97e+00: pi=0.7155, mu=2.7768, ll=-2033.45, converged=True
theta=4.06e+00: pi=0.7160, mu=2.7822, ll=-2034.28, converged=True
theta=4.15e+00: pi=0.7165, mu=2.7874, ll=-2035.11, converged=True
theta=4.25e+00: pi=0.7171, mu=2.7926, ll=-2035.95, converged=True
theta=4.35e+00: pi=0.7176, mu=2.7976, ll=-2036.79, converged=True
theta=4.45e+00: pi=0.7181, mu=2.8025, ll=-2037.64, converged=True
theta=4.56e+00: pi=0.7185, mu=2.8073, ll=-2038.50, converged=True
theta=4.66e+00: pi=0.7190, mu=2.8120, ll=-2039.36, converged=True
theta=4.77e+00: pi=0.7195, mu=2.8165, ll=-2040.22, converged=True
theta=4.89e+00: pi=0.7199, mu=2.8210, ll=-2041.09, converged=True
theta=5.00e+00: pi=0.7204, mu=2.8254, ll=-2041.97, converged=True

Best theta: 8.61e-01 with ll=-2005.78
Final parameters: pi=0.6158, mu=2.0566, theta=0.8613
    ERROR estimating window 7: name 'zero_fraction' is not defined
theta=5.00e-02: pi=0.0000, mu=0.3192, ll=-1349.51, converged=True
theta=5.12e-02: pi=0.0000, mu=0.3192, ll=-1346.52, converged=True
theta=5.24e-02: pi=0.0000, mu=0.3192, ll=-1343.58, converged=True
theta=5.36e-02: pi=0.0000, mu=0.3192, ll=-1340.70, converged=True
theta=5.48e-02: pi=0.0000, mu=0.3192, ll=-1337.87, converged=True
theta=5.61e-02: pi=0.0000, mu=0.3192, ll=-1335.10, converged=True
theta=5.74e-02: pi=0.0000, mu=0.3192, ll=-1332.38, converged=True
theta=5.88e-02: pi=0.0000, mu=0.3192, ll=-1329.72, converged=True
theta=6.02e-02: pi=0.0000, mu=0.3192, ll=-1327.11, converged=True
theta=6.16e-02: pi=0.0000, mu=0.3192, ll=-1324.55, converged=True
theta=6.30e-02: pi=0.0000, mu=0.3192, ll=-1322.05, converged=True
theta=6.45e-02: pi=0.0000, mu=0.3192, ll=-1319.61, converged=True
theta=6.60e-02: pi=0.0000, mu=0.3192, ll=-1317.23, converged=True
theta=6.75e-02: pi=0.0000, mu=0.3192, ll=-1314.90, converged=True
theta=6.91e-02: pi=0.0000, mu=0.3192, ll=-1312.62, converged=True
theta=7.07e-02: pi=0.0000, mu=0.3192, ll=-1310.41, converged=True
theta=7.24e-02: pi=0.0000, mu=0.3192, ll=-1308.25, converged=True
theta=7.41e-02: pi=0.0000, mu=0.3192, ll=-1306.15, converged=True
theta=7.58e-02: pi=0.0000, mu=0.3192, ll=-1304.11, converged=True
theta=7.76e-02: pi=0.0000, mu=0.3192, ll=-1302.12, converged=True
theta=7.94e-02: pi=0.0000, mu=0.3192, ll=-1300.19, converged=True
theta=8.13e-02: pi=0.0000, mu=0.3192, ll=-1298.32, converged=True
theta=8.32e-02: pi=0.0000, mu=0.3192, ll=-1296.51, converged=True
theta=8.51e-02: pi=0.0000, mu=0.3192, ll=-1294.76, converged=True
theta=8.71e-02: pi=0.0000, mu=0.3192, ll=-1293.07, converged=True
theta=8.92e-02: pi=0.0000, mu=0.3192, ll=-1291.43, converged=True
theta=9.13e-02: pi=0.0000, mu=0.3192, ll=-1289.86, converged=True
theta=9.34e-02: pi=0.0000, mu=0.3192, ll=-1288.34, converged=True
theta=9.56e-02: pi=0.0000, mu=0.3192, ll=-1286.88, converged=True
theta=9.78e-02: pi=0.0000, mu=0.3192, ll=-1285.49, converged=True
theta=1.00e-01: pi=0.0000, mu=0.3192, ll=-1284.15, converged=True
theta=1.02e-01: pi=0.0000, mu=0.3192, ll=-1282.87, converged=True
theta=1.05e-01: pi=0.0000, mu=0.3192, ll=-1281.65, converged=True
theta=1.07e-01: pi=0.0000, mu=0.3192, ll=-1280.49, converged=True
theta=1.10e-01: pi=0.0000, mu=0.3192, ll=-1279.38, converged=True
theta=1.12e-01: pi=0.0000, mu=0.3192, ll=-1278.34, converged=True
theta=1.15e-01: pi=0.0000, mu=0.3192, ll=-1277.36, converged=True
theta=1.18e-01: pi=0.0000, mu=0.3192, ll=-1276.43, converged=True
theta=1.20e-01: pi=0.0000, mu=0.3192, ll=-1275.57, converged=True
theta=1.23e-01: pi=0.0000, mu=0.3192, ll=-1274.76, converged=True
theta=1.26e-01: pi=0.0001, mu=0.3192, ll=-1274.02, converged=True
theta=1.29e-01: pi=0.0001, mu=0.3192, ll=-1273.33, converged=True
theta=1.32e-01: pi=0.0001, mu=0.3192, ll=-1272.70, converged=True
theta=1.35e-01: pi=0.0001, mu=0.3192, ll=-1272.13, converged=True
theta=1.38e-01: pi=0.0001, mu=0.3192, ll=-1271.61, converged=True
theta=1.42e-01: pi=0.0001, mu=0.3192, ll=-1271.16, converged=True
theta=1.45e-01: pi=0.0001, mu=0.3192, ll=-1270.76, converged=True
theta=1.48e-01: pi=0.0001, mu=0.3192, ll=-1270.42, converged=True
theta=1.52e-01: pi=0.0002, mu=0.3192, ll=-1270.14, converged=True
theta=1.55e-01: pi=0.0004, mu=0.3193, ll=-1269.92, converged=False
theta=1.59e-01: pi=0.0015, mu=0.3196, ll=-1269.76, converged=False
theta=1.63e-01: pi=0.0046, mu=0.3206, ll=-1269.66, converged=False
theta=1.67e-01: pi=0.0114, mu=0.3228, ll=-1269.60, converged=False
theta=1.70e-01: pi=0.0229, mu=0.3267, ll=-1269.56, converged=False
theta=1.74e-01: pi=0.0380, mu=0.3318, ll=-1269.54, converged=False
theta=1.79e-01: pi=0.0545, mu=0.3376, ll=-1269.51, converged=False
theta=1.83e-01: pi=0.0715, mu=0.3437, ll=-1269.48, converged=True
theta=1.87e-01: pi=0.0882, mu=0.3500, ll=-1269.46, converged=True
theta=1.91e-01: pi=0.1045, mu=0.3564, ll=-1269.43, converged=True
theta=1.96e-01: pi=0.1205, mu=0.3629, ll=-1269.40, converged=True
theta=2.00e-01: pi=0.1361, mu=0.3694, ll=-1269.38, converged=True
theta=2.05e-01: pi=0.1513, mu=0.3761, ll=-1269.35, converged=True
theta=2.10e-01: pi=0.1662, mu=0.3828, ll=-1269.32, converged=True
theta=2.15e-01: pi=0.1807, mu=0.3896, ll=-1269.29, converged=True
theta=2.20e-01: pi=0.1950, mu=0.3964, ll=-1269.27, converged=True
theta=2.25e-01: pi=0.2088, mu=0.4034, ll=-1269.24, converged=True
theta=2.30e-01: pi=0.2224, mu=0.4104, ll=-1269.21, converged=True
theta=2.36e-01: pi=0.2357, mu=0.4176, ll=-1269.19, converged=True
theta=2.41e-01: pi=0.2486, mu=0.4248, ll=-1269.16, converged=True
theta=2.47e-01: pi=0.2613, mu=0.4320, ll=-1269.13, converged=True
theta=2.53e-01: pi=0.2736, mu=0.4394, ll=-1269.10, converged=True
theta=2.59e-01: pi=0.2857, mu=0.4468, ll=-1269.08, converged=True
theta=2.65e-01: pi=0.2975, mu=0.4543, ll=-1269.05, converged=True
theta=2.71e-01: pi=0.3091, mu=0.4619, ll=-1269.02, converged=True
theta=2.77e-01: pi=0.3203, mu=0.4696, ll=-1269.00, converged=True
theta=2.84e-01: pi=0.3313, mu=0.4773, ll=-1268.97, converged=True
theta=2.90e-01: pi=0.3421, mu=0.4851, ll=-1268.95, converged=True
theta=2.97e-01: pi=0.3526, mu=0.4930, ll=-1268.92, converged=True
theta=3.04e-01: pi=0.3628, mu=0.5009, ll=-1268.89, converged=True
theta=3.11e-01: pi=0.3729, mu=0.5089, ll=-1268.87, converged=True
theta=3.18e-01: pi=0.3827, mu=0.5170, ll=-1268.85, converged=True
theta=3.26e-01: pi=0.3922, mu=0.5251, ll=-1268.82, converged=True
theta=3.33e-01: pi=0.4016, mu=0.5333, ll=-1268.80, converged=True
theta=3.41e-01: pi=0.4107, mu=0.5416, ll=-1268.78, converged=True
theta=3.49e-01: pi=0.4196, mu=0.5499, ll=-1268.75, converged=True
theta=3.57e-01: pi=0.4283, mu=0.5583, ll=-1268.73, converged=True
theta=3.66e-01: pi=0.4368, mu=0.5667, ll=-1268.71, converged=True
theta=3.74e-01: pi=0.4452, mu=0.5752, ll=-1268.69, converged=True
theta=3.83e-01: pi=0.4533, mu=0.5838, ll=-1268.67, converged=True
theta=3.92e-01: pi=0.4612, mu=0.5924, ll=-1268.65, converged=True
theta=4.01e-01: pi=0.4690, mu=0.6010, ll=-1268.63, converged=True
theta=4.11e-01: pi=0.4765, mu=0.6097, ll=-1268.61, converged=True
theta=4.20e-01: pi=0.4839, mu=0.6184, ll=-1268.60, converged=True
theta=4.30e-01: pi=0.4912, mu=0.6272, ll=-1268.58, converged=True
theta=4.40e-01: pi=0.4982, mu=0.6360, ll=-1268.57, converged=True
theta=4.51e-01: pi=0.5051, mu=0.6449, ll=-1268.55, converged=True
theta=4.61e-01: pi=0.5118, mu=0.6538, ll=-1268.54, converged=True
theta=4.72e-01: pi=0.5184, mu=0.6627, ll=-1268.53, converged=True
theta=4.83e-01: pi=0.5248, mu=0.6717, ll=-1268.52, converged=True
theta=4.94e-01: pi=0.5311, mu=0.6807, ll=-1268.51, converged=True
theta=5.06e-01: pi=0.5372, mu=0.6897, ll=-1268.50, converged=True
theta=5.18e-01: pi=0.5432, mu=0.6987, ll=-1268.49, converged=True
theta=5.30e-01: pi=0.5491, mu=0.7078, ll=-1268.49, converged=True
theta=5.42e-01: pi=0.5548, mu=0.7169, ll=-1268.48, converged=True
theta=5.55e-01: pi=0.5604, mu=0.7260, ll=-1268.48, converged=True
theta=5.68e-01: pi=0.5658, mu=0.7351, ll=-1268.48, converged=True
theta=5.81e-01: pi=0.5711, mu=0.7442, ll=-1268.48, converged=True
theta=5.95e-01: pi=0.5763, mu=0.7533, ll=-1268.48, converged=True
theta=6.09e-01: pi=0.5814, mu=0.7625, ll=-1268.48, converged=True
theta=6.23e-01: pi=0.5864, mu=0.7716, ll=-1268.49, converged=True
theta=6.38e-01: pi=0.5912, mu=0.7808, ll=-1268.50, converged=True
theta=6.52e-01: pi=0.5959, mu=0.7899, ll=-1268.50, converged=True
theta=6.68e-01: pi=0.6006, mu=0.7990, ll=-1268.52, converged=True
theta=6.83e-01: pi=0.6051, mu=0.8082, ll=-1268.53, converged=True
theta=6.99e-01: pi=0.6095, mu=0.8173, ll=-1268.54, converged=True
theta=7.16e-01: pi=0.6138, mu=0.8264, ll=-1268.56, converged=True
theta=7.32e-01: pi=0.6180, mu=0.8355, ll=-1268.58, converged=True
theta=7.50e-01: pi=0.6221, mu=0.8445, ll=-1268.60, converged=True
theta=7.67e-01: pi=0.6261, mu=0.8536, ll=-1268.62, converged=True
theta=7.85e-01: pi=0.6300, mu=0.8626, ll=-1268.65, converged=True
theta=8.04e-01: pi=0.6338, mu=0.8716, ll=-1268.67, converged=True
theta=8.22e-01: pi=0.6376, mu=0.8806, ll=-1268.70, converged=True
theta=8.42e-01: pi=0.6412, mu=0.8895, ll=-1268.73, converged=True
theta=8.61e-01: pi=0.6448, mu=0.8984, ll=-1268.77, converged=True
theta=8.81e-01: pi=0.6482, mu=0.9073, ll=-1268.81, converged=True
theta=9.02e-01: pi=0.6516, mu=0.9162, ll=-1268.84, converged=True
theta=9.23e-01: pi=0.6549, mu=0.9250, ll=-1268.89, converged=True
theta=9.45e-01: pi=0.6582, mu=0.9337, ll=-1268.93, converged=True
theta=9.67e-01: pi=0.6613, mu=0.9424, ll=-1268.98, converged=True
theta=9.90e-01: pi=0.6644, mu=0.9511, ll=-1269.03, converged=True
theta=1.01e+00: pi=0.6674, mu=0.9597, ll=-1269.08, converged=True
theta=1.04e+00: pi=0.6704, mu=0.9683, ll=-1269.13, converged=True
theta=1.06e+00: pi=0.6733, mu=0.9768, ll=-1269.19, converged=True
theta=1.09e+00: pi=0.6761, mu=0.9852, ll=-1269.25, converged=True
theta=1.11e+00: pi=0.6788, mu=0.9936, ll=-1269.31, converged=True
theta=1.14e+00: pi=0.6815, mu=1.0020, ll=-1269.38, converged=True
theta=1.16e+00: pi=0.6841, mu=1.0102, ll=-1269.45, converged=True
theta=1.19e+00: pi=0.6866, mu=1.0185, ll=-1269.52, converged=True
theta=1.22e+00: pi=0.6891, mu=1.0266, ll=-1269.59, converged=True
theta=1.25e+00: pi=0.6915, mu=1.0347, ll=-1269.67, converged=True
theta=1.28e+00: pi=0.6939, mu=1.0427, ll=-1269.75, converged=True
theta=1.31e+00: pi=0.6962, mu=1.0507, ll=-1269.83, converged=True
theta=1.34e+00: pi=0.6985, mu=1.0585, ll=-1269.92, converged=True
theta=1.37e+00: pi=0.7007, mu=1.0663, ll=-1270.00, converged=True
theta=1.40e+00: pi=0.7029, mu=1.0741, ll=-1270.10, converged=True
theta=1.43e+00: pi=0.7050, mu=1.0817, ll=-1270.19, converged=True
theta=1.47e+00: pi=0.7070, mu=1.0893, ll=-1270.29, converged=True
theta=1.50e+00: pi=0.7090, mu=1.0968, ll=-1270.39, converged=True
theta=1.54e+00: pi=0.7110, mu=1.1043, ll=-1270.49, converged=True
theta=1.57e+00: pi=0.7129, mu=1.1116, ll=-1270.59, converged=True
theta=1.61e+00: pi=0.7148, mu=1.1189, ll=-1270.70, converged=True
theta=1.65e+00: pi=0.7166, mu=1.1261, ll=-1270.81, converged=True
theta=1.69e+00: pi=0.7184, mu=1.1332, ll=-1270.92, converged=True
theta=1.72e+00: pi=0.7201, mu=1.1402, ll=-1271.04, converged=True
theta=1.76e+00: pi=0.7218, mu=1.1472, ll=-1271.16, converged=True
theta=1.81e+00: pi=0.7234, mu=1.1540, ll=-1271.28, converged=True
theta=1.85e+00: pi=0.7251, mu=1.1608, ll=-1271.41, converged=True
theta=1.89e+00: pi=0.7266, mu=1.1675, ll=-1271.53, converged=True
theta=1.94e+00: pi=0.7282, mu=1.1741, ll=-1271.66, converged=True
theta=1.98e+00: pi=0.7297, mu=1.1807, ll=-1271.79, converged=True
theta=2.03e+00: pi=0.7311, mu=1.1871, ll=-1271.93, converged=True
theta=2.08e+00: pi=0.7326, mu=1.1935, ll=-1272.07, converged=True
theta=2.12e+00: pi=0.7340, mu=1.1997, ll=-1272.21, converged=True
theta=2.17e+00: pi=0.7353, mu=1.2059, ll=-1272.35, converged=True
theta=2.22e+00: pi=0.7367, mu=1.2120, ll=-1272.49, converged=True
theta=2.28e+00: pi=0.7380, mu=1.2180, ll=-1272.64, converged=True
theta=2.33e+00: pi=0.7392, mu=1.2240, ll=-1272.79, converged=True
theta=2.38e+00: pi=0.7405, mu=1.2298, ll=-1272.94, converged=True
theta=2.44e+00: pi=0.7417, mu=1.2356, ll=-1273.09, converged=True
theta=2.50e+00: pi=0.7429, mu=1.2413, ll=-1273.24, converged=True
theta=2.56e+00: pi=0.7440, mu=1.2468, ll=-1273.40, converged=True
theta=2.62e+00: pi=0.7452, mu=1.2524, ll=-1273.56, converged=True
theta=2.68e+00: pi=0.7463, mu=1.2578, ll=-1273.72, converged=True
theta=2.74e+00: pi=0.7473, mu=1.2631, ll=-1273.88, converged=True
theta=2.80e+00: pi=0.7484, mu=1.2684, ll=-1274.05, converged=True
theta=2.87e+00: pi=0.7494, mu=1.2735, ll=-1274.21, converged=True
theta=2.94e+00: pi=0.7504, mu=1.2786, ll=-1274.38, converged=True
theta=3.01e+00: pi=0.7514, mu=1.2837, ll=-1274.55, converged=True
theta=3.08e+00: pi=0.7523, mu=1.2886, ll=-1274.72, converged=True
theta=3.15e+00: pi=0.7532, mu=1.2934, ll=-1274.89, converged=True
theta=3.22e+00: pi=0.7542, mu=1.2982, ll=-1275.06, converged=True
theta=3.30e+00: pi=0.7550, mu=1.3029, ll=-1275.23, converged=True
theta=3.37e+00: pi=0.7559, mu=1.3075, ll=-1275.41, converged=True
theta=3.45e+00: pi=0.7567, mu=1.3120, ll=-1275.59, converged=True
theta=3.53e+00: pi=0.7576, mu=1.3165, ll=-1275.76, converged=True
theta=3.62e+00: pi=0.7584, mu=1.3209, ll=-1275.94, converged=True
theta=3.70e+00: pi=0.7592, mu=1.3252, ll=-1276.12, converged=True
theta=3.79e+00: pi=0.7599, mu=1.3294, ll=-1276.30, converged=True
theta=3.88e+00: pi=0.7607, mu=1.3335, ll=-1276.48, converged=True
theta=3.97e+00: pi=0.7614, mu=1.3376, ll=-1276.66, converged=True
theta=4.06e+00: pi=0.7621, mu=1.3416, ll=-1276.84, converged=True
theta=4.15e+00: pi=0.7628, mu=1.3456, ll=-1277.02, converged=True
theta=4.25e+00: pi=0.7635, mu=1.3494, ll=-1277.20, converged=True
theta=4.35e+00: pi=0.7641, mu=1.3532, ll=-1277.38, converged=True
theta=4.45e+00: pi=0.7648, mu=1.3570, ll=-1277.57, converged=True
theta=4.56e+00: pi=0.7654, mu=1.3606, ll=-1277.75, converged=True
theta=4.66e+00: pi=0.7660, mu=1.3642, ll=-1277.93, converged=True
theta=4.77e+00: pi=0.7666, mu=1.3677, ll=-1278.11, converged=True
theta=4.89e+00: pi=0.7672, mu=1.3712, ll=-1278.29, converged=True
theta=5.00e+00: pi=0.7678, mu=1.3746, ll=-1278.48, converged=True

Best theta: 5.68e-01 with ll=-1268.48
Final parameters: pi=0.5658, mu=0.7351, theta=0.5679
    ERROR estimating window 8: name 'zero_fraction' is not defined
theta=5.00e-02: pi=0.0000, mu=1.2500, ll=-2715.19, converged=True
theta=5.12e-02: pi=0.0000, mu=1.2500, ll=-2707.66, converged=True
theta=5.24e-02: pi=0.0000, mu=1.2500, ll=-2700.24, converged=True
theta=5.36e-02: pi=0.0000, mu=1.2500, ll=-2692.92, converged=True
theta=5.48e-02: pi=0.0000, mu=1.2500, ll=-2685.70, converged=True
theta=5.61e-02: pi=0.0000, mu=1.2500, ll=-2678.59, converged=True
theta=5.74e-02: pi=0.0000, mu=1.2500, ll=-2671.58, converged=True
theta=5.88e-02: pi=0.0000, mu=1.2500, ll=-2664.68, converged=True
theta=6.02e-02: pi=0.0000, mu=1.2500, ll=-2657.90, converged=True
theta=6.16e-02: pi=0.0000, mu=1.2500, ll=-2651.22, converged=True
theta=6.30e-02: pi=0.0000, mu=1.2500, ll=-2644.65, converged=True
theta=6.45e-02: pi=0.0000, mu=1.2500, ll=-2638.20, converged=True
theta=6.60e-02: pi=0.0000, mu=1.2500, ll=-2631.86, converged=True
theta=6.75e-02: pi=0.0000, mu=1.2500, ll=-2625.63, converged=True
theta=6.91e-02: pi=0.0000, mu=1.2500, ll=-2619.53, converged=True
theta=7.07e-02: pi=0.0000, mu=1.2500, ll=-2613.54, converged=True
theta=7.24e-02: pi=0.0000, mu=1.2500, ll=-2607.67, converged=True
theta=7.41e-02: pi=0.0000, mu=1.2500, ll=-2601.92, converged=True
theta=7.58e-02: pi=0.0000, mu=1.2500, ll=-2596.29, converged=True
theta=7.76e-02: pi=0.0000, mu=1.2500, ll=-2590.79, converged=True
theta=7.94e-02: pi=0.0000, mu=1.2500, ll=-2585.41, converged=True
theta=8.13e-02: pi=0.0000, mu=1.2500, ll=-2580.16, converged=True
theta=8.32e-02: pi=0.0000, mu=1.2500, ll=-2575.03, converged=True
theta=8.51e-02: pi=0.0000, mu=1.2500, ll=-2570.04, converged=True
theta=8.71e-02: pi=0.0000, mu=1.2500, ll=-2565.17, converged=True
theta=8.92e-02: pi=0.0000, mu=1.2500, ll=-2560.44, converged=True
theta=9.13e-02: pi=0.0000, mu=1.2500, ll=-2555.83, converged=True
theta=9.34e-02: pi=0.0000, mu=1.2500, ll=-2551.36, converged=True
theta=9.56e-02: pi=0.0000, mu=1.2500, ll=-2547.03, converged=True
theta=9.78e-02: pi=0.0000, mu=1.2500, ll=-2542.84, converged=True
theta=1.00e-01: pi=0.0000, mu=1.2500, ll=-2538.78, converged=True
theta=1.02e-01: pi=0.0000, mu=1.2500, ll=-2534.86, converged=True
theta=1.05e-01: pi=0.0000, mu=1.2500, ll=-2531.08, converged=True
theta=1.07e-01: pi=0.0000, mu=1.2500, ll=-2527.44, converged=True
theta=1.10e-01: pi=0.0000, mu=1.2500, ll=-2523.94, converged=True
theta=1.12e-01: pi=0.0000, mu=1.2500, ll=-2520.59, converged=True
theta=1.15e-01: pi=0.0000, mu=1.2500, ll=-2517.39, converged=True
theta=1.18e-01: pi=0.0000, mu=1.2500, ll=-2514.33, converged=True
theta=1.20e-01: pi=0.0000, mu=1.2500, ll=-2511.42, converged=True
theta=1.23e-01: pi=0.0000, mu=1.2500, ll=-2508.66, converged=True
theta=1.26e-01: pi=0.0000, mu=1.2500, ll=-2506.05, converged=True
theta=1.29e-01: pi=0.0000, mu=1.2500, ll=-2503.59, converged=True
theta=1.32e-01: pi=0.0000, mu=1.2500, ll=-2501.28, converged=True
theta=1.35e-01: pi=0.0000, mu=1.2500, ll=-2499.13, converged=True
theta=1.38e-01: pi=0.0000, mu=1.2500, ll=-2497.13, converged=True
theta=1.42e-01: pi=0.0000, mu=1.2500, ll=-2495.29, converged=True
theta=1.45e-01: pi=0.0000, mu=1.2500, ll=-2493.60, converged=True
theta=1.48e-01: pi=0.0000, mu=1.2500, ll=-2492.07, converged=True
theta=1.52e-01: pi=0.0000, mu=1.2500, ll=-2490.71, converged=True
theta=1.55e-01: pi=0.0000, mu=1.2500, ll=-2489.50, converged=True
theta=1.59e-01: pi=0.0000, mu=1.2500, ll=-2488.46, converged=True
theta=1.63e-01: pi=0.0000, mu=1.2500, ll=-2487.57, converged=True
theta=1.67e-01: pi=0.0000, mu=1.2500, ll=-2486.85, converged=True
theta=1.70e-01: pi=0.0000, mu=1.2501, ll=-2486.30, converged=True
theta=1.74e-01: pi=0.0001, mu=1.2501, ll=-2485.91, converged=True
theta=1.79e-01: pi=0.0001, mu=1.2501, ll=-2485.68, converged=True
theta=1.83e-01: pi=0.0002, mu=1.2502, ll=-2485.63, converged=True
theta=1.87e-01: pi=0.0032, mu=1.2540, ll=-2485.74, converged=False
theta=1.91e-01: pi=0.0166, mu=1.2711, ll=-2485.94, converged=True
theta=1.96e-01: pi=0.0327, mu=1.2922, ll=-2486.15, converged=True
theta=2.00e-01: pi=0.0485, mu=1.3137, ll=-2486.36, converged=True
theta=2.05e-01: pi=0.0639, mu=1.3354, ll=-2486.59, converged=True
theta=2.10e-01: pi=0.0790, mu=1.3572, ll=-2486.82, converged=True
theta=2.15e-01: pi=0.0937, mu=1.3793, ll=-2487.06, converged=True
theta=2.20e-01: pi=0.1081, mu=1.4015, ll=-2487.31, converged=True
theta=2.25e-01: pi=0.1222, mu=1.4240, ll=-2487.56, converged=True
theta=2.30e-01: pi=0.1359, mu=1.4466, ll=-2487.83, converged=True
theta=2.36e-01: pi=0.1493, mu=1.4694, ll=-2488.10, converged=True
theta=2.41e-01: pi=0.1624, mu=1.4924, ll=-2488.39, converged=True
theta=2.47e-01: pi=0.1752, mu=1.5155, ll=-2488.68, converged=True
theta=2.53e-01: pi=0.1877, mu=1.5388, ll=-2488.99, converged=True
theta=2.59e-01: pi=0.1999, mu=1.5623, ll=-2489.30, converged=True
theta=2.65e-01: pi=0.2118, mu=1.5859, ll=-2489.63, converged=True
theta=2.71e-01: pi=0.2234, mu=1.6096, ll=-2489.96, converged=True
theta=2.77e-01: pi=0.2348, mu=1.6335, ll=-2490.31, converged=True
theta=2.84e-01: pi=0.2459, mu=1.6575, ll=-2490.67, converged=True
theta=2.90e-01: pi=0.2567, mu=1.6816, ll=-2491.05, converged=True
theta=2.97e-01: pi=0.2672, mu=1.7059, ll=-2491.43, converged=True
theta=3.04e-01: pi=0.2776, mu=1.7303, ll=-2491.83, converged=True
theta=3.11e-01: pi=0.2876, mu=1.7547, ll=-2492.25, converged=True
theta=3.18e-01: pi=0.2975, mu=1.7793, ll=-2492.67, converged=True
theta=3.26e-01: pi=0.3071, mu=1.8039, ll=-2493.11, converged=True
theta=3.33e-01: pi=0.3164, mu=1.8287, ll=-2493.57, converged=True
theta=3.41e-01: pi=0.3256, mu=1.8535, ll=-2494.04, converged=True
theta=3.49e-01: pi=0.3345, mu=1.8783, ll=-2494.53, converged=True
theta=3.57e-01: pi=0.3432, mu=1.9033, ll=-2495.03, converged=True
theta=3.66e-01: pi=0.3517, mu=1.9282, ll=-2495.55, converged=True
theta=3.74e-01: pi=0.3600, mu=1.9533, ll=-2496.09, converged=True
theta=3.83e-01: pi=0.3681, mu=1.9783, ll=-2496.64, converged=True
theta=3.92e-01: pi=0.3761, mu=2.0034, ll=-2497.22, converged=True
theta=4.01e-01: pi=0.3838, mu=2.0285, ll=-2497.81, converged=True
theta=4.11e-01: pi=0.3913, mu=2.0536, ll=-2498.42, converged=True
theta=4.20e-01: pi=0.3987, mu=2.0787, ll=-2499.05, converged=True
theta=4.30e-01: pi=0.4058, mu=2.1038, ll=-2499.70, converged=True
theta=4.40e-01: pi=0.4128, mu=2.1289, ll=-2500.37, converged=True
theta=4.51e-01: pi=0.4197, mu=2.1539, ll=-2501.07, converged=True
theta=4.61e-01: pi=0.4263, mu=2.1789, ll=-2501.78, converged=True
theta=4.72e-01: pi=0.4328, mu=2.2039, ll=-2502.52, converged=True
theta=4.83e-01: pi=0.4392, mu=2.2288, ll=-2503.28, converged=True
theta=4.94e-01: pi=0.4454, mu=2.2537, ll=-2504.06, converged=True
theta=5.06e-01: pi=0.4514, mu=2.2785, ll=-2504.87, converged=True
theta=5.18e-01: pi=0.4573, mu=2.3032, ll=-2505.71, converged=True
theta=5.30e-01: pi=0.4630, mu=2.3279, ll=-2506.57, converged=True
theta=5.42e-01: pi=0.4686, mu=2.3524, ll=-2507.45, converged=True
theta=5.55e-01: pi=0.4741, mu=2.3769, ll=-2508.36, converged=True
theta=5.68e-01: pi=0.4794, mu=2.4012, ll=-2509.30, converged=True
theta=5.81e-01: pi=0.4846, mu=2.4254, ll=-2510.27, converged=True
theta=5.95e-01: pi=0.4897, mu=2.4495, ll=-2511.27, converged=True
theta=6.09e-01: pi=0.4946, mu=2.4734, ll=-2512.29, converged=True
theta=6.23e-01: pi=0.4994, mu=2.4972, ll=-2513.35, converged=True
theta=6.38e-01: pi=0.5041, mu=2.5209, ll=-2514.43, converged=True
theta=6.52e-01: pi=0.5087, mu=2.5444, ll=-2515.55, converged=True
theta=6.68e-01: pi=0.5132, mu=2.5677, ll=-2516.70, converged=True
theta=6.83e-01: pi=0.5175, mu=2.5909, ll=-2517.88, converged=True
theta=6.99e-01: pi=0.5218, mu=2.6139, ll=-2519.09, converged=True
theta=7.16e-01: pi=0.5259, mu=2.6367, ll=-2520.34, converged=True
theta=7.32e-01: pi=0.5300, mu=2.6593, ll=-2521.62, converged=True
theta=7.50e-01: pi=0.5339, mu=2.6817, ll=-2522.94, converged=True
theta=7.67e-01: pi=0.5377, mu=2.7040, ll=-2524.29, converged=True
theta=7.85e-01: pi=0.5414, mu=2.7260, ll=-2525.68, converged=True
theta=8.04e-01: pi=0.5451, mu=2.7478, ll=-2527.11, converged=True
theta=8.22e-01: pi=0.5486, mu=2.7693, ll=-2528.57, converged=True
theta=8.42e-01: pi=0.5521, mu=2.7907, ll=-2530.08, converged=True
theta=8.61e-01: pi=0.5554, mu=2.8118, ll=-2531.62, converged=True
theta=8.81e-01: pi=0.5587, mu=2.8326, ll=-2533.20, converged=True
theta=9.02e-01: pi=0.5619, mu=2.8533, ll=-2534.82, converged=True
theta=9.23e-01: pi=0.5650, mu=2.8737, ll=-2536.48, converged=True
theta=9.45e-01: pi=0.5680, mu=2.8938, ll=-2538.18, converged=True
theta=9.67e-01: pi=0.5710, mu=2.9137, ll=-2539.93, converged=True
theta=9.90e-01: pi=0.5739, mu=2.9333, ll=-2541.71, converged=True
theta=1.01e+00: pi=0.5767, mu=2.9527, ll=-2543.54, converged=True
theta=1.04e+00: pi=0.5794, mu=2.9718, ll=-2545.42, converged=True
theta=1.06e+00: pi=0.5820, mu=2.9907, ll=-2547.33, converged=True
theta=1.09e+00: pi=0.5846, mu=3.0093, ll=-2549.29, converged=True
theta=1.11e+00: pi=0.5871, mu=3.0276, ll=-2551.30, converged=True
theta=1.14e+00: pi=0.5896, mu=3.0457, ll=-2553.35, converged=True
theta=1.16e+00: pi=0.5920, mu=3.0634, ll=-2555.45, converged=True
theta=1.19e+00: pi=0.5943, mu=3.0809, ll=-2557.59, converged=True
theta=1.22e+00: pi=0.5965, mu=3.0982, ll=-2559.78, converged=True
theta=1.25e+00: pi=0.5987, mu=3.1151, ll=-2562.02, converged=True
theta=1.28e+00: pi=0.6009, mu=3.1318, ll=-2564.30, converged=True
theta=1.31e+00: pi=0.6030, mu=3.1482, ll=-2566.64, converged=True
theta=1.34e+00: pi=0.6050, mu=3.1643, ll=-2569.02, converged=True
theta=1.37e+00: pi=0.6069, mu=3.1802, ll=-2571.45, converged=True
theta=1.40e+00: pi=0.6089, mu=3.1958, ll=-2573.92, converged=True
theta=1.43e+00: pi=0.6107, mu=3.2111, ll=-2576.45, converged=True
theta=1.47e+00: pi=0.6125, mu=3.2261, ll=-2579.02, converged=True
theta=1.50e+00: pi=0.6143, mu=3.2409, ll=-2581.65, converged=True
theta=1.54e+00: pi=0.6160, mu=3.2553, ll=-2584.32, converged=True
theta=1.57e+00: pi=0.6177, mu=3.2695, ll=-2587.04, converged=True
theta=1.61e+00: pi=0.6193, mu=3.2835, ll=-2589.81, converged=True
theta=1.65e+00: pi=0.6209, mu=3.2972, ll=-2592.64, converged=True
theta=1.69e+00: pi=0.6224, mu=3.3106, ll=-2595.51, converged=True
theta=1.72e+00: pi=0.6239, mu=3.3237, ll=-2598.43, converged=True
theta=1.76e+00: pi=0.6254, mu=3.3366, ll=-2601.40, converged=True
theta=1.81e+00: pi=0.6268, mu=3.3492, ll=-2604.42, converged=True
theta=1.85e+00: pi=0.6281, mu=3.3616, ll=-2607.48, converged=True
theta=1.89e+00: pi=0.6295, mu=3.3737, ll=-2610.60, converged=True
theta=1.94e+00: pi=0.6308, mu=3.3855, ll=-2613.77, converged=True
theta=1.98e+00: pi=0.6320, mu=3.3971, ll=-2616.98, converged=True
theta=2.03e+00: pi=0.6333, mu=3.4085, ll=-2620.25, converged=True
theta=2.08e+00: pi=0.6345, mu=3.4196, ll=-2623.56, converged=True
theta=2.12e+00: pi=0.6356, mu=3.4304, ll=-2626.92, converged=True
theta=2.17e+00: pi=0.6367, mu=3.4411, ll=-2630.32, converged=True
theta=2.22e+00: pi=0.6378, mu=3.4515, ll=-2633.78, converged=True
theta=2.28e+00: pi=0.6389, mu=3.4616, ll=-2637.28, converged=True
theta=2.33e+00: pi=0.6399, mu=3.4716, ll=-2640.83, converged=True
theta=2.38e+00: pi=0.6409, mu=3.4813, ll=-2644.42, converged=True
theta=2.44e+00: pi=0.6419, mu=3.4908, ll=-2648.05, converged=True
theta=2.50e+00: pi=0.6429, mu=3.5000, ll=-2651.74, converged=True
theta=2.56e+00: pi=0.6438, mu=3.5091, ll=-2655.46, converged=True
theta=2.62e+00: pi=0.6447, mu=3.5179, ll=-2659.23, converged=True
theta=2.68e+00: pi=0.6455, mu=3.5265, ll=-2663.04, converged=True
theta=2.74e+00: pi=0.6464, mu=3.5350, ll=-2666.90, converged=True
theta=2.80e+00: pi=0.6472, mu=3.5432, ll=-2670.79, converged=True
theta=2.87e+00: pi=0.6480, mu=3.5512, ll=-2674.72, converged=True
theta=2.94e+00: pi=0.6488, mu=3.5591, ll=-2678.70, converged=True
theta=3.01e+00: pi=0.6495, mu=3.5667, ll=-2682.71, converged=True
theta=3.08e+00: pi=0.6503, mu=3.5742, ll=-2686.76, converged=True
theta=3.15e+00: pi=0.6510, mu=3.5815, ll=-2690.85, converged=True
theta=3.22e+00: pi=0.6517, mu=3.5886, ll=-2694.97, converged=True
theta=3.30e+00: pi=0.6523, mu=3.5955, ll=-2699.13, converged=True
theta=3.37e+00: pi=0.6530, mu=3.6023, ll=-2703.32, converged=True
theta=3.45e+00: pi=0.6536, mu=3.6089, ll=-2707.54, converged=True
theta=3.53e+00: pi=0.6542, mu=3.6153, ll=-2711.80, converged=True
theta=3.62e+00: pi=0.6548, mu=3.6215, ll=-2716.09, converged=True
theta=3.70e+00: pi=0.6554, mu=3.6276, ll=-2720.41, converged=True
theta=3.79e+00: pi=0.6560, mu=3.6336, ll=-2724.75, converged=True
theta=3.88e+00: pi=0.6565, mu=3.6394, ll=-2729.12, converged=True
theta=3.97e+00: pi=0.6571, mu=3.6450, ll=-2733.52, converged=True
theta=4.06e+00: pi=0.6576, mu=3.6505, ll=-2737.95, converged=True
theta=4.15e+00: pi=0.6581, mu=3.6559, ll=-2742.39, converged=True
theta=4.25e+00: pi=0.6586, mu=3.6611, ll=-2746.87, converged=True
theta=4.35e+00: pi=0.6591, mu=3.6662, ll=-2751.36, converged=True
theta=4.45e+00: pi=0.6595, mu=3.6712, ll=-2755.87, converged=True
theta=4.56e+00: pi=0.6600, mu=3.6760, ll=-2760.40, converged=True
theta=4.66e+00: pi=0.6604, mu=3.6807, ll=-2764.95, converged=True
theta=4.77e+00: pi=0.6608, mu=3.6853, ll=-2769.52, converged=True
theta=4.89e+00: pi=0.6612, mu=3.6898, ll=-2774.10, converged=True
theta=5.00e+00: pi=0.6616, mu=3.6942, ll=-2778.69, converged=True

Best theta: 1.83e-01 with ll=-2485.63
Final parameters: pi=0.0002, mu=1.2502, theta=0.1827
    ERROR estimating window 9: name 'zero_fraction' is not defined
theta=5.00e-02: pi=0.0000, mu=0.4649, ll=-1791.34, converged=True
theta=5.12e-02: pi=0.0000, mu=0.4649, ll=-1786.41, converged=True
theta=5.24e-02: pi=0.0000, mu=0.4649, ll=-1781.54, converged=True
theta=5.36e-02: pi=0.0000, mu=0.4649, ll=-1776.75, converged=True
theta=5.48e-02: pi=0.0000, mu=0.4649, ll=-1772.01, converged=True
theta=5.61e-02: pi=0.0000, mu=0.4649, ll=-1767.35, converged=True
theta=5.74e-02: pi=0.0000, mu=0.4649, ll=-1762.75, converged=True
theta=5.88e-02: pi=0.0000, mu=0.4649, ll=-1758.22, converged=True
theta=6.02e-02: pi=0.0000, mu=0.4649, ll=-1753.77, converged=True
theta=6.16e-02: pi=0.0000, mu=0.4649, ll=-1749.38, converged=True
theta=6.30e-02: pi=0.0000, mu=0.4649, ll=-1745.06, converged=True
theta=6.45e-02: pi=0.0000, mu=0.4649, ll=-1740.81, converged=True
theta=6.60e-02: pi=0.0000, mu=0.4649, ll=-1736.63, converged=True
theta=6.75e-02: pi=0.0000, mu=0.4649, ll=-1732.53, converged=True
theta=6.91e-02: pi=0.0000, mu=0.4649, ll=-1728.49, converged=True
theta=7.07e-02: pi=0.0000, mu=0.4649, ll=-1724.53, converged=True
theta=7.24e-02: pi=0.0000, mu=0.4649, ll=-1720.64, converged=True
theta=7.41e-02: pi=0.0000, mu=0.4649, ll=-1716.83, converged=True
theta=7.58e-02: pi=0.0000, mu=0.4649, ll=-1713.09, converged=True
theta=7.76e-02: pi=0.0000, mu=0.4649, ll=-1709.42, converged=True
theta=7.94e-02: pi=0.0000, mu=0.4649, ll=-1705.83, converged=True
theta=8.13e-02: pi=0.0000, mu=0.4649, ll=-1702.32, converged=True
theta=8.32e-02: pi=0.0000, mu=0.4649, ll=-1698.88, converged=True
theta=8.51e-02: pi=0.0000, mu=0.4649, ll=-1695.51, converged=True
theta=8.71e-02: pi=0.0000, mu=0.4649, ll=-1692.22, converged=True
theta=8.92e-02: pi=0.0000, mu=0.4649, ll=-1689.01, converged=True
theta=9.13e-02: pi=0.0000, mu=0.4649, ll=-1685.88, converged=True
theta=9.34e-02: pi=0.0000, mu=0.4649, ll=-1682.82, converged=True
theta=9.56e-02: pi=0.0000, mu=0.4649, ll=-1679.84, converged=True
theta=9.78e-02: pi=0.0000, mu=0.4649, ll=-1676.94, converged=True
theta=1.00e-01: pi=0.0000, mu=0.4649, ll=-1674.12, converged=True
theta=1.02e-01: pi=0.0000, mu=0.4649, ll=-1671.37, converged=True
theta=1.05e-01: pi=0.0000, mu=0.4649, ll=-1668.71, converged=True
theta=1.07e-01: pi=0.0000, mu=0.4649, ll=-1666.12, converged=True
theta=1.10e-01: pi=0.0000, mu=0.4649, ll=-1663.61, converged=True
theta=1.12e-01: pi=0.0000, mu=0.4649, ll=-1661.19, converged=True
theta=1.15e-01: pi=0.0000, mu=0.4649, ll=-1658.84, converged=True
theta=1.18e-01: pi=0.0000, mu=0.4649, ll=-1656.57, converged=True
theta=1.20e-01: pi=0.0000, mu=0.4649, ll=-1654.38, converged=True
theta=1.23e-01: pi=0.0000, mu=0.4649, ll=-1652.27, converged=True
theta=1.26e-01: pi=0.0000, mu=0.4649, ll=-1650.25, converged=True
theta=1.29e-01: pi=0.0000, mu=0.4649, ll=-1648.30, converged=True
theta=1.32e-01: pi=0.0000, mu=0.4649, ll=-1646.43, converged=True
theta=1.35e-01: pi=0.0000, mu=0.4649, ll=-1644.65, converged=True
theta=1.38e-01: pi=0.0000, mu=0.4649, ll=-1642.94, converged=True
theta=1.42e-01: pi=0.0000, mu=0.4649, ll=-1641.32, converged=True
theta=1.45e-01: pi=0.0000, mu=0.4649, ll=-1639.77, converged=True
theta=1.48e-01: pi=0.0000, mu=0.4649, ll=-1638.31, converged=True
theta=1.52e-01: pi=0.0000, mu=0.4649, ll=-1636.92, converged=True
theta=1.55e-01: pi=0.0000, mu=0.4649, ll=-1635.62, converged=True
theta=1.59e-01: pi=0.0000, mu=0.4649, ll=-1634.40, converged=True
theta=1.63e-01: pi=0.0000, mu=0.4649, ll=-1633.25, converged=True
theta=1.67e-01: pi=0.0000, mu=0.4649, ll=-1632.19, converged=True
theta=1.70e-01: pi=0.0000, mu=0.4649, ll=-1631.21, converged=True
theta=1.74e-01: pi=0.0000, mu=0.4649, ll=-1630.31, converged=True
theta=1.79e-01: pi=0.0000, mu=0.4649, ll=-1629.48, converged=True
theta=1.83e-01: pi=0.0001, mu=0.4649, ll=-1628.74, converged=True
theta=1.87e-01: pi=0.0001, mu=0.4649, ll=-1628.07, converged=True
theta=1.91e-01: pi=0.0001, mu=0.4649, ll=-1627.49, converged=True
theta=1.96e-01: pi=0.0001, mu=0.4649, ll=-1626.98, converged=True
theta=2.00e-01: pi=0.0001, mu=0.4649, ll=-1626.55, converged=True
theta=2.05e-01: pi=0.0001, mu=0.4649, ll=-1626.20, converged=True
theta=2.10e-01: pi=0.0003, mu=0.4650, ll=-1625.93, converged=False
theta=2.15e-01: pi=0.0016, mu=0.4656, ll=-1625.73, converged=False
theta=2.20e-01: pi=0.0066, mu=0.4680, ll=-1625.61, converged=False
theta=2.25e-01: pi=0.0177, mu=0.4733, ll=-1625.53, converged=False
theta=2.30e-01: pi=0.0328, mu=0.4806, ll=-1625.45, converged=False
theta=2.36e-01: pi=0.0489, mu=0.4888, ll=-1625.37, converged=True
theta=2.41e-01: pi=0.0649, mu=0.4971, ll=-1625.30, converged=True
theta=2.47e-01: pi=0.0805, mu=0.5056, ll=-1625.22, converged=True
theta=2.53e-01: pi=0.0957, mu=0.5141, ll=-1625.14, converged=True
theta=2.59e-01: pi=0.1106, mu=0.5227, ll=-1625.06, converged=True
theta=2.65e-01: pi=0.1251, mu=0.5313, ll=-1624.98, converged=True
theta=2.71e-01: pi=0.1393, mu=0.5401, ll=-1624.90, converged=True
theta=2.77e-01: pi=0.1532, mu=0.5490, ll=-1624.82, converged=True
theta=2.84e-01: pi=0.1667, mu=0.5579, ll=-1624.74, converged=True
theta=2.90e-01: pi=0.1800, mu=0.5669, ll=-1624.66, converged=True
theta=2.97e-01: pi=0.1929, mu=0.5760, ll=-1624.58, converged=True
theta=3.04e-01: pi=0.2055, mu=0.5852, ll=-1624.50, converged=True
theta=3.11e-01: pi=0.2179, mu=0.5944, ll=-1624.42, converged=True
theta=3.18e-01: pi=0.2299, mu=0.6037, ll=-1624.34, converged=True
theta=3.26e-01: pi=0.2417, mu=0.6131, ll=-1624.26, converged=True
theta=3.33e-01: pi=0.2532, mu=0.6225, ll=-1624.18, converged=True
theta=3.41e-01: pi=0.2645, mu=0.6320, ll=-1624.10, converged=True
theta=3.49e-01: pi=0.2755, mu=0.6416, ll=-1624.02, converged=True
theta=3.57e-01: pi=0.2862, mu=0.6513, ll=-1623.94, converged=True
theta=3.66e-01: pi=0.2967, mu=0.6610, ll=-1623.86, converged=True
theta=3.74e-01: pi=0.3069, mu=0.6707, ll=-1623.78, converged=True
theta=3.83e-01: pi=0.3169, mu=0.6806, ll=-1623.70, converged=True
theta=3.92e-01: pi=0.3267, mu=0.6904, ll=-1623.62, converged=True
theta=4.01e-01: pi=0.3362, mu=0.7004, ll=-1623.55, converged=True
theta=4.11e-01: pi=0.3455, mu=0.7103, ll=-1623.47, converged=True
theta=4.20e-01: pi=0.3546, mu=0.7203, ll=-1623.39, converged=True
theta=4.30e-01: pi=0.3635, mu=0.7304, ll=-1623.32, converged=True
theta=4.40e-01: pi=0.3722, mu=0.7405, ll=-1623.25, converged=True
theta=4.51e-01: pi=0.3807, mu=0.7507, ll=-1623.17, converged=True
theta=4.61e-01: pi=0.3890, mu=0.7608, ll=-1623.10, converged=True
theta=4.72e-01: pi=0.3971, mu=0.7710, ll=-1623.03, converged=True
theta=4.83e-01: pi=0.4050, mu=0.7813, ll=-1622.96, converged=True
theta=4.94e-01: pi=0.4127, mu=0.7916, ll=-1622.89, converged=True
theta=5.06e-01: pi=0.4202, mu=0.8019, ll=-1622.83, converged=True
theta=5.18e-01: pi=0.4276, mu=0.8122, ll=-1622.76, converged=True
theta=5.30e-01: pi=0.4348, mu=0.8225, ll=-1622.70, converged=True
theta=5.42e-01: pi=0.4418, mu=0.8328, ll=-1622.64, converged=True
theta=5.55e-01: pi=0.4487, mu=0.8432, ll=-1622.58, converged=True
theta=5.68e-01: pi=0.4554, mu=0.8536, ll=-1622.52, converged=True
theta=5.81e-01: pi=0.4619, mu=0.8640, ll=-1622.47, converged=True
theta=5.95e-01: pi=0.4683, mu=0.8743, ll=-1622.41, converged=True
theta=6.09e-01: pi=0.4745, mu=0.8847, ll=-1622.36, converged=True
theta=6.23e-01: pi=0.4806, mu=0.8951, ll=-1622.31, converged=True
theta=6.38e-01: pi=0.4866, mu=0.9055, ll=-1622.26, converged=True
theta=6.52e-01: pi=0.4924, mu=0.9158, ll=-1622.22, converged=True
theta=6.68e-01: pi=0.4981, mu=0.9262, ll=-1622.18, converged=True
theta=6.83e-01: pi=0.5036, mu=0.9365, ll=-1622.14, converged=True
theta=6.99e-01: pi=0.5090, mu=0.9468, ll=-1622.10, converged=True
theta=7.16e-01: pi=0.5143, mu=0.9571, ll=-1622.07, converged=True
theta=7.32e-01: pi=0.5195, mu=0.9674, ll=-1622.04, converged=True
theta=7.50e-01: pi=0.5245, mu=0.9777, ll=-1622.01, converged=True
theta=7.67e-01: pi=0.5294, mu=0.9879, ll=-1621.98, converged=True
theta=7.85e-01: pi=0.5342, mu=0.9981, ll=-1621.96, converged=True
theta=8.04e-01: pi=0.5389, mu=1.0082, ll=-1621.94, converged=True
theta=8.22e-01: pi=0.5435, mu=1.0183, ll=-1621.93, converged=True
theta=8.42e-01: pi=0.5480, mu=1.0284, ll=-1621.92, converged=True
theta=8.61e-01: pi=0.5523, mu=1.0384, ll=-1621.91, converged=True
theta=8.81e-01: pi=0.5566, mu=1.0484, ll=-1621.90, converged=True
theta=9.02e-01: pi=0.5607, mu=1.0583, ll=-1621.90, converged=True
theta=9.23e-01: pi=0.5648, mu=1.0682, ll=-1621.91, converged=True
theta=9.45e-01: pi=0.5688, mu=1.0781, ll=-1621.91, converged=True
theta=9.67e-01: pi=0.5726, mu=1.0878, ll=-1621.92, converged=True
theta=9.90e-01: pi=0.5764, mu=1.0975, ll=-1621.94, converged=True
theta=1.01e+00: pi=0.5801, mu=1.1072, ll=-1621.96, converged=True
theta=1.04e+00: pi=0.5837, mu=1.1168, ll=-1621.98, converged=True
theta=1.06e+00: pi=0.5872, mu=1.1263, ll=-1622.01, converged=True
theta=1.09e+00: pi=0.5907, mu=1.1357, ll=-1622.04, converged=True
theta=1.11e+00: pi=0.5940, mu=1.1451, ll=-1622.08, converged=True
theta=1.14e+00: pi=0.5973, mu=1.1544, ll=-1622.12, converged=True
theta=1.16e+00: pi=0.6005, mu=1.1636, ll=-1622.16, converged=True
theta=1.19e+00: pi=0.6036, mu=1.1728, ll=-1622.21, converged=True
theta=1.22e+00: pi=0.6067, mu=1.1819, ll=-1622.27, converged=True
theta=1.25e+00: pi=0.6096, mu=1.1909, ll=-1622.32, converged=True
theta=1.28e+00: pi=0.6125, mu=1.1998, ll=-1622.39, converged=True
theta=1.31e+00: pi=0.6154, mu=1.2086, ll=-1622.46, converged=True
theta=1.34e+00: pi=0.6181, mu=1.2174, ll=-1622.53, converged=True
theta=1.37e+00: pi=0.6208, mu=1.2260, ll=-1622.61, converged=True
theta=1.40e+00: pi=0.6234, mu=1.2346, ll=-1622.69, converged=True
theta=1.43e+00: pi=0.6260, mu=1.2431, ll=-1622.78, converged=True
theta=1.47e+00: pi=0.6285, mu=1.2515, ll=-1622.87, converged=True
theta=1.50e+00: pi=0.6310, mu=1.2598, ll=-1622.97, converged=True
theta=1.54e+00: pi=0.6334, mu=1.2680, ll=-1623.07, converged=True
theta=1.57e+00: pi=0.6357, mu=1.2761, ll=-1623.17, converged=True
theta=1.61e+00: pi=0.6380, mu=1.2841, ll=-1623.29, converged=True
theta=1.65e+00: pi=0.6402, mu=1.2921, ll=-1623.40, converged=True
theta=1.69e+00: pi=0.6424, mu=1.2999, ll=-1623.52, converged=True
theta=1.72e+00: pi=0.6445, mu=1.3076, ll=-1623.65, converged=True
theta=1.76e+00: pi=0.6466, mu=1.3153, ll=-1623.78, converged=True
theta=1.81e+00: pi=0.6486, mu=1.3228, ll=-1623.92, converged=True
theta=1.85e+00: pi=0.6505, mu=1.3303, ll=-1624.06, converged=True
theta=1.89e+00: pi=0.6525, mu=1.3376, ll=-1624.20, converged=True
theta=1.94e+00: pi=0.6543, mu=1.3449, ll=-1624.35, converged=True
theta=1.98e+00: pi=0.6562, mu=1.3521, ll=-1624.51, converged=True
theta=2.03e+00: pi=0.6579, mu=1.3591, ll=-1624.66, converged=True
theta=2.08e+00: pi=0.6597, mu=1.3661, ll=-1624.83, converged=True
theta=2.12e+00: pi=0.6614, mu=1.3729, ll=-1625.00, converged=True
theta=2.17e+00: pi=0.6631, mu=1.3797, ll=-1625.17, converged=True
theta=2.22e+00: pi=0.6647, mu=1.3864, ll=-1625.34, converged=True
theta=2.28e+00: pi=0.6663, mu=1.3929, ll=-1625.53, converged=True
theta=2.33e+00: pi=0.6678, mu=1.3994, ll=-1625.71, converged=True
theta=2.38e+00: pi=0.6693, mu=1.4058, ll=-1625.90, converged=True
theta=2.44e+00: pi=0.6708, mu=1.4121, ll=-1626.09, converged=True
theta=2.50e+00: pi=0.6722, mu=1.4182, ll=-1626.29, converged=True
theta=2.56e+00: pi=0.6736, mu=1.4243, ll=-1626.49, converged=True
theta=2.62e+00: pi=0.6750, mu=1.4303, ll=-1626.70, converged=True
theta=2.68e+00: pi=0.6763, mu=1.4362, ll=-1626.90, converged=True
theta=2.74e+00: pi=0.6776, mu=1.4420, ll=-1627.12, converged=True
theta=2.80e+00: pi=0.6789, mu=1.4477, ll=-1627.33, converged=True
theta=2.87e+00: pi=0.6801, mu=1.4533, ll=-1627.55, converged=True
theta=2.94e+00: pi=0.6813, mu=1.4588, ll=-1627.77, converged=True
theta=3.01e+00: pi=0.6825, mu=1.4643, ll=-1628.00, converged=True
theta=3.08e+00: pi=0.6837, mu=1.4696, ll=-1628.23, converged=True
theta=3.15e+00: pi=0.6848, mu=1.4748, ll=-1628.46, converged=True
theta=3.22e+00: pi=0.6859, mu=1.4800, ll=-1628.69, converged=True
theta=3.30e+00: pi=0.6870, mu=1.4851, ll=-1628.93, converged=True
theta=3.37e+00: pi=0.6880, mu=1.4900, ll=-1629.17, converged=True
theta=3.45e+00: pi=0.6890, mu=1.4949, ll=-1629.41, converged=True
theta=3.53e+00: pi=0.6900, mu=1.4997, ll=-1629.66, converged=True
theta=3.62e+00: pi=0.6910, mu=1.5044, ll=-1629.90, converged=True
theta=3.70e+00: pi=0.6919, mu=1.5091, ll=-1630.15, converged=True
theta=3.79e+00: pi=0.6929, mu=1.5136, ll=-1630.40, converged=True
theta=3.88e+00: pi=0.6938, mu=1.5181, ll=-1630.66, converged=True
theta=3.97e+00: pi=0.6947, mu=1.5225, ll=-1630.91, converged=True
theta=4.06e+00: pi=0.6955, mu=1.5268, ll=-1631.17, converged=True
theta=4.15e+00: pi=0.6964, mu=1.5310, ll=-1631.42, converged=True
theta=4.25e+00: pi=0.6972, mu=1.5352, ll=-1631.68, converged=True
theta=4.35e+00: pi=0.6980, mu=1.5392, ll=-1631.94, converged=True
theta=4.45e+00: pi=0.6988, mu=1.5432, ll=-1632.20, converged=True
theta=4.56e+00: pi=0.6995, mu=1.5471, ll=-1632.47, converged=True
theta=4.66e+00: pi=0.7003, mu=1.5510, ll=-1632.73, converged=True
theta=4.77e+00: pi=0.7010, mu=1.5547, ll=-1632.99, converged=True
theta=4.89e+00: pi=0.7017, mu=1.5584, ll=-1633.26, converged=True
theta=5.00e+00: pi=0.7024, mu=1.5621, ll=-1633.53, converged=True

Best theta: 9.02e-01 with ll=-1621.90
Final parameters: pi=0.5607, mu=1.0583, theta=0.9021
    ERROR estimating window 10: name 'zero_fraction' is not defined
theta=5.00e-02: pi=0.0000, mu=0.2070, ll=-1007.32, converged=True
theta=5.12e-02: pi=0.0000, mu=0.2070, ll=-1005.60, converged=True
theta=5.24e-02: pi=0.0000, mu=0.2070, ll=-1003.93, converged=True
theta=5.36e-02: pi=0.0000, mu=0.2070, ll=-1002.29, converged=True
theta=5.48e-02: pi=0.0000, mu=0.2070, ll=-1000.70, converged=True
theta=5.61e-02: pi=0.0000, mu=0.2070, ll=-999.14, converged=True
theta=5.74e-02: pi=0.0000, mu=0.2070, ll=-997.63, converged=True
theta=5.88e-02: pi=0.0000, mu=0.2070, ll=-996.15, converged=True
theta=6.02e-02: pi=0.0000, mu=0.2070, ll=-994.72, converged=True
theta=6.16e-02: pi=0.0000, mu=0.2070, ll=-993.32, converged=True
theta=6.30e-02: pi=0.0000, mu=0.2070, ll=-991.97, converged=True
theta=6.45e-02: pi=0.0000, mu=0.2070, ll=-990.65, converged=True
theta=6.60e-02: pi=0.0000, mu=0.2070, ll=-989.38, converged=True
theta=6.75e-02: pi=0.0000, mu=0.2070, ll=-988.15, converged=True
theta=6.91e-02: pi=0.0000, mu=0.2070, ll=-986.95, converged=True
theta=7.07e-02: pi=0.0000, mu=0.2070, ll=-985.80, converged=True
theta=7.24e-02: pi=0.0000, mu=0.2070, ll=-984.69, converged=True
theta=7.41e-02: pi=0.0000, mu=0.2070, ll=-983.62, converged=True
theta=7.58e-02: pi=0.0000, mu=0.2070, ll=-982.59, converged=True
theta=7.76e-02: pi=0.0000, mu=0.2070, ll=-981.60, converged=True
theta=7.94e-02: pi=0.0000, mu=0.2070, ll=-980.65, converged=True
theta=8.13e-02: pi=0.0000, mu=0.2070, ll=-979.74, converged=True
theta=8.32e-02: pi=0.0000, mu=0.2070, ll=-978.87, converged=True
theta=8.51e-02: pi=0.0000, mu=0.2070, ll=-978.04, converged=True
theta=8.71e-02: pi=0.0001, mu=0.2070, ll=-977.25, converged=True
theta=8.92e-02: pi=0.0001, mu=0.2070, ll=-976.50, converged=True
theta=9.13e-02: pi=0.0001, mu=0.2070, ll=-975.80, converged=True
theta=9.34e-02: pi=0.0001, mu=0.2070, ll=-975.13, converged=True
theta=9.56e-02: pi=0.0001, mu=0.2070, ll=-974.50, converged=True
theta=9.78e-02: pi=0.0001, mu=0.2070, ll=-973.92, converged=True
theta=1.00e-01: pi=0.0001, mu=0.2070, ll=-973.37, converged=True
theta=1.02e-01: pi=0.0001, mu=0.2070, ll=-972.86, converged=True
theta=1.05e-01: pi=0.0001, mu=0.2070, ll=-972.39, converged=True
theta=1.07e-01: pi=0.0001, mu=0.2070, ll=-971.96, converged=True
theta=1.10e-01: pi=0.0001, mu=0.2070, ll=-971.58, converged=True
theta=1.12e-01: pi=0.0001, mu=0.2070, ll=-971.22, converged=True
theta=1.15e-01: pi=0.0001, mu=0.2070, ll=-970.91, converged=True
theta=1.18e-01: pi=0.0003, mu=0.2071, ll=-970.64, converged=False
theta=1.20e-01: pi=0.0007, mu=0.2072, ll=-970.41, converged=False
theta=1.23e-01: pi=0.0016, mu=0.2073, ll=-970.22, converged=False
theta=1.26e-01: pi=0.0035, mu=0.2077, ll=-970.07, converged=False
theta=1.29e-01: pi=0.0071, mu=0.2085, ll=-969.95, converged=False
theta=1.32e-01: pi=0.0133, mu=0.2098, ll=-969.87, converged=False
theta=1.35e-01: pi=0.0225, mu=0.2118, ll=-969.81, converged=False
theta=1.38e-01: pi=0.0349, mu=0.2145, ll=-969.76, converged=False
theta=1.42e-01: pi=0.0497, mu=0.2178, ll=-969.71, converged=False
theta=1.45e-01: pi=0.0659, mu=0.2216, ll=-969.67, converged=False
theta=1.48e-01: pi=0.0828, mu=0.2257, ll=-969.62, converged=False
theta=1.52e-01: pi=0.0999, mu=0.2300, ll=-969.57, converged=False
theta=1.55e-01: pi=0.1167, mu=0.2344, ll=-969.52, converged=True
theta=1.59e-01: pi=0.1333, mu=0.2389, ll=-969.48, converged=True
theta=1.63e-01: pi=0.1495, mu=0.2434, ll=-969.43, converged=True
theta=1.67e-01: pi=0.1654, mu=0.2480, ll=-969.38, converged=True
theta=1.70e-01: pi=0.1809, mu=0.2527, ll=-969.33, converged=True
theta=1.74e-01: pi=0.1960, mu=0.2575, ll=-969.28, converged=True
theta=1.79e-01: pi=0.2108, mu=0.2623, ll=-969.22, converged=True
theta=1.83e-01: pi=0.2252, mu=0.2672, ll=-969.17, converged=True
theta=1.87e-01: pi=0.2393, mu=0.2721, ll=-969.12, converged=True
theta=1.91e-01: pi=0.2531, mu=0.2772, ll=-969.06, converged=True
theta=1.96e-01: pi=0.2666, mu=0.2823, ll=-969.01, converged=True
theta=2.00e-01: pi=0.2798, mu=0.2874, ll=-968.95, converged=True
theta=2.05e-01: pi=0.2926, mu=0.2926, ll=-968.89, converged=True
theta=2.10e-01: pi=0.3052, mu=0.2979, ll=-968.84, converged=True
theta=2.15e-01: pi=0.3175, mu=0.3033, ll=-968.78, converged=True
theta=2.20e-01: pi=0.3295, mu=0.3087, ll=-968.72, converged=True
theta=2.25e-01: pi=0.3412, mu=0.3142, ll=-968.66, converged=True
theta=2.30e-01: pi=0.3527, mu=0.3198, ll=-968.60, converged=True
theta=2.36e-01: pi=0.3639, mu=0.3254, ll=-968.53, converged=True
theta=2.41e-01: pi=0.3748, mu=0.3311, ll=-968.47, converged=True
theta=2.47e-01: pi=0.3855, mu=0.3369, ll=-968.41, converged=True
theta=2.53e-01: pi=0.3959, mu=0.3427, ll=-968.34, converged=True
theta=2.59e-01: pi=0.4061, mu=0.3486, ll=-968.28, converged=True
theta=2.65e-01: pi=0.4161, mu=0.3545, ll=-968.21, converged=True
theta=2.71e-01: pi=0.4258, mu=0.3605, ll=-968.15, converged=True
theta=2.77e-01: pi=0.4353, mu=0.3666, ll=-968.08, converged=True
theta=2.84e-01: pi=0.4446, mu=0.3727, ll=-968.01, converged=True
theta=2.90e-01: pi=0.4537, mu=0.3789, ll=-967.94, converged=True
theta=2.97e-01: pi=0.4626, mu=0.3852, ll=-967.87, converged=True
theta=3.04e-01: pi=0.4712, mu=0.3915, ll=-967.80, converged=True
theta=3.11e-01: pi=0.4797, mu=0.3979, ll=-967.73, converged=True
theta=3.18e-01: pi=0.4880, mu=0.4043, ll=-967.66, converged=True
theta=3.26e-01: pi=0.4961, mu=0.4108, ll=-967.59, converged=True
theta=3.33e-01: pi=0.5040, mu=0.4173, ll=-967.51, converged=True
theta=3.41e-01: pi=0.5117, mu=0.4239, ll=-967.44, converged=True
theta=3.49e-01: pi=0.5192, mu=0.4305, ll=-967.36, converged=True
theta=3.57e-01: pi=0.5266, mu=0.4372, ll=-967.29, converged=True
theta=3.66e-01: pi=0.5338, mu=0.4440, ll=-967.21, converged=True
theta=3.74e-01: pi=0.5408, mu=0.4508, ll=-967.14, converged=True
theta=3.83e-01: pi=0.5477, mu=0.4576, ll=-967.06, converged=True
theta=3.92e-01: pi=0.5544, mu=0.4645, ll=-966.98, converged=True
theta=4.01e-01: pi=0.5609, mu=0.4714, ll=-966.90, converged=True
theta=4.11e-01: pi=0.5673, mu=0.4784, ll=-966.82, converged=True
theta=4.20e-01: pi=0.5736, mu=0.4854, ll=-966.74, converged=True
theta=4.30e-01: pi=0.5797, mu=0.4925, ll=-966.66, converged=True
theta=4.40e-01: pi=0.5856, mu=0.4996, ll=-966.58, converged=True
theta=4.51e-01: pi=0.5915, mu=0.5067, ll=-966.50, converged=True
theta=4.61e-01: pi=0.5972, mu=0.5139, ll=-966.42, converged=True
theta=4.72e-01: pi=0.6027, mu=0.5211, ll=-966.34, converged=True
theta=4.83e-01: pi=0.6082, mu=0.5283, ll=-966.25, converged=True
theta=4.94e-01: pi=0.6135, mu=0.5355, ll=-966.17, converged=True
theta=5.06e-01: pi=0.6187, mu=0.5428, ll=-966.09, converged=True
theta=5.18e-01: pi=0.6237, mu=0.5501, ll=-966.00, converged=True
theta=5.30e-01: pi=0.6287, mu=0.5575, ll=-965.92, converged=True
theta=5.42e-01: pi=0.6335, mu=0.5648, ll=-965.83, converged=True
theta=5.55e-01: pi=0.6382, mu=0.5722, ll=-965.75, converged=True
theta=5.68e-01: pi=0.6428, mu=0.5796, ll=-965.66, converged=True
theta=5.81e-01: pi=0.6473, mu=0.5870, ll=-965.58, converged=True
theta=5.95e-01: pi=0.6517, mu=0.5944, ll=-965.49, converged=True
theta=6.09e-01: pi=0.6560, mu=0.6018, ll=-965.41, converged=True
theta=6.23e-01: pi=0.6602, mu=0.6093, ll=-965.32, converged=True
theta=6.38e-01: pi=0.6643, mu=0.6167, ll=-965.23, converged=True
theta=6.52e-01: pi=0.6684, mu=0.6242, ll=-965.15, converged=True
theta=6.68e-01: pi=0.6723, mu=0.6316, ll=-965.06, converged=True
theta=6.83e-01: pi=0.6761, mu=0.6391, ll=-964.98, converged=True
theta=6.99e-01: pi=0.6798, mu=0.6465, ll=-964.89, converged=True
theta=7.16e-01: pi=0.6835, mu=0.6540, ll=-964.80, converged=True
theta=7.32e-01: pi=0.6870, mu=0.6614, ll=-964.72, converged=True
theta=7.50e-01: pi=0.6905, mu=0.6689, ll=-964.63, converged=True
theta=7.67e-01: pi=0.6939, mu=0.6763, ll=-964.55, converged=True
theta=7.85e-01: pi=0.6972, mu=0.6837, ll=-964.46, converged=True
theta=8.04e-01: pi=0.7005, mu=0.6911, ll=-964.37, converged=True
theta=8.22e-01: pi=0.7036, mu=0.6985, ll=-964.29, converged=True
theta=8.42e-01: pi=0.7067, mu=0.7059, ll=-964.20, converged=True
theta=8.61e-01: pi=0.7098, mu=0.7132, ll=-964.12, converged=True
theta=8.81e-01: pi=0.7127, mu=0.7205, ll=-964.04, converged=True
theta=9.02e-01: pi=0.7156, mu=0.7278, ll=-963.95, converged=True
theta=9.23e-01: pi=0.7184, mu=0.7351, ll=-963.87, converged=True
theta=9.45e-01: pi=0.7212, mu=0.7424, ll=-963.78, converged=True
theta=9.67e-01: pi=0.7238, mu=0.7496, ll=-963.70, converged=True
theta=9.90e-01: pi=0.7265, mu=0.7568, ll=-963.62, converged=True
theta=1.01e+00: pi=0.7290, mu=0.7639, ll=-963.54, converged=True
theta=1.04e+00: pi=0.7315, mu=0.7710, ll=-963.46, converged=True
theta=1.06e+00: pi=0.7340, mu=0.7781, ll=-963.38, converged=True
theta=1.09e+00: pi=0.7364, mu=0.7852, ll=-963.30, converged=True
theta=1.11e+00: pi=0.7387, mu=0.7922, ll=-963.22, converged=True
theta=1.14e+00: pi=0.7410, mu=0.7991, ll=-963.14, converged=True
theta=1.16e+00: pi=0.7432, mu=0.8060, ll=-963.06, converged=True
theta=1.19e+00: pi=0.7453, mu=0.8129, ll=-962.99, converged=True
theta=1.22e+00: pi=0.7475, mu=0.8197, ll=-962.91, converged=True
theta=1.25e+00: pi=0.7495, mu=0.8265, ll=-962.83, converged=True
theta=1.28e+00: pi=0.7516, mu=0.8332, ll=-962.76, converged=True
theta=1.31e+00: pi=0.7535, mu=0.8399, ll=-962.69, converged=True
theta=1.34e+00: pi=0.7555, mu=0.8465, ll=-962.61, converged=True
theta=1.37e+00: pi=0.7573, mu=0.8531, ll=-962.54, converged=True
theta=1.40e+00: pi=0.7592, mu=0.8596, ll=-962.47, converged=True
theta=1.43e+00: pi=0.7610, mu=0.8661, ll=-962.40, converged=True
theta=1.47e+00: pi=0.7627, mu=0.8725, ll=-962.33, converged=True
theta=1.50e+00: pi=0.7644, mu=0.8788, ll=-962.26, converged=True
theta=1.54e+00: pi=0.7661, mu=0.8851, ll=-962.19, converged=True
theta=1.57e+00: pi=0.7678, mu=0.8913, ll=-962.13, converged=True
theta=1.61e+00: pi=0.7693, mu=0.8975, ll=-962.06, converged=True
theta=1.65e+00: pi=0.7709, mu=0.9036, ll=-962.00, converged=True
theta=1.69e+00: pi=0.7724, mu=0.9096, ll=-961.94, converged=True
theta=1.72e+00: pi=0.7739, mu=0.9156, ll=-961.87, converged=True
theta=1.76e+00: pi=0.7754, mu=0.9215, ll=-961.81, converged=True
theta=1.81e+00: pi=0.7768, mu=0.9273, ll=-961.75, converged=True
theta=1.85e+00: pi=0.7782, mu=0.9331, ll=-961.69, converged=True
theta=1.89e+00: pi=0.7795, mu=0.9388, ll=-961.64, converged=True
theta=1.94e+00: pi=0.7808, mu=0.9445, ll=-961.58, converged=True
theta=1.98e+00: pi=0.7821, mu=0.9501, ll=-961.52, converged=True
theta=2.03e+00: pi=0.7834, mu=0.9556, ll=-961.47, converged=True
theta=2.08e+00: pi=0.7846, mu=0.9610, ll=-961.42, converged=True
theta=2.12e+00: pi=0.7858, mu=0.9664, ll=-961.37, converged=True
theta=2.17e+00: pi=0.7870, mu=0.9717, ll=-961.31, converged=True
theta=2.22e+00: pi=0.7881, mu=0.9770, ll=-961.26, converged=True
theta=2.28e+00: pi=0.7892, mu=0.9821, ll=-961.22, converged=True
theta=2.33e+00: pi=0.7903, mu=0.9872, ll=-961.17, converged=True
theta=2.38e+00: pi=0.7914, mu=0.9923, ll=-961.12, converged=True
theta=2.44e+00: pi=0.7924, mu=0.9972, ll=-961.08, converged=True
theta=2.50e+00: pi=0.7934, mu=1.0021, ll=-961.03, converged=True
theta=2.56e+00: pi=0.7944, mu=1.0070, ll=-960.99, converged=True
theta=2.62e+00: pi=0.7954, mu=1.0117, ll=-960.95, converged=True
theta=2.68e+00: pi=0.7963, mu=1.0164, ll=-960.91, converged=True
theta=2.74e+00: pi=0.7973, mu=1.0211, ll=-960.87, converged=True
theta=2.80e+00: pi=0.7982, mu=1.0256, ll=-960.83, converged=True
theta=2.87e+00: pi=0.7990, mu=1.0301, ll=-960.79, converged=True
theta=2.94e+00: pi=0.7999, mu=1.0345, ll=-960.76, converged=True
theta=3.01e+00: pi=0.8007, mu=1.0389, ll=-960.72, converged=True
theta=3.08e+00: pi=0.8016, mu=1.0432, ll=-960.69, converged=True
theta=3.15e+00: pi=0.8024, mu=1.0474, ll=-960.65, converged=True
theta=3.22e+00: pi=0.8031, mu=1.0516, ll=-960.62, converged=True
theta=3.30e+00: pi=0.8039, mu=1.0557, ll=-960.59, converged=True
theta=3.37e+00: pi=0.8047, mu=1.0597, ll=-960.56, converged=True
theta=3.45e+00: pi=0.8054, mu=1.0637, ll=-960.53, converged=True
theta=3.53e+00: pi=0.8061, mu=1.0676, ll=-960.50, converged=True
theta=3.62e+00: pi=0.8068, mu=1.0714, ll=-960.48, converged=True
theta=3.70e+00: pi=0.8075, mu=1.0752, ll=-960.45, converged=True
theta=3.79e+00: pi=0.8081, mu=1.0789, ll=-960.43, converged=True
theta=3.88e+00: pi=0.8088, mu=1.0825, ll=-960.40, converged=True
theta=3.97e+00: pi=0.8094, mu=1.0861, ll=-960.38, converged=True
theta=4.06e+00: pi=0.8100, mu=1.0896, ll=-960.36, converged=True
theta=4.15e+00: pi=0.8106, mu=1.0931, ll=-960.34, converged=True
theta=4.25e+00: pi=0.8112, mu=1.0965, ll=-960.31, converged=True
theta=4.35e+00: pi=0.8118, mu=1.0998, ll=-960.29, converged=True
theta=4.45e+00: pi=0.8123, mu=1.1031, ll=-960.28, converged=True
theta=4.56e+00: pi=0.8129, mu=1.1063, ll=-960.26, converged=True
theta=4.66e+00: pi=0.8134, mu=1.1095, ll=-960.24, converged=True
theta=4.77e+00: pi=0.8139, mu=1.1126, ll=-960.22, converged=True
theta=4.89e+00: pi=0.8145, mu=1.1157, ll=-960.21, converged=True
theta=5.00e+00: pi=0.8150, mu=1.1187, ll=-960.19, converged=True

Best theta: 5.00e+00 with ll=-960.19
Final parameters: pi=0.8150, mu=1.1187, theta=5.0000
    ERROR estimating window 11: name 'zero_fraction' is not defined
theta=5.00e-02: pi=0.0000, mu=1.8380, ll=-2991.40, converged=True
theta=5.12e-02: pi=0.0000, mu=1.8380, ll=-2983.60, converged=True
theta=5.24e-02: pi=0.0000, mu=1.8380, ll=-2975.92, converged=True
theta=5.36e-02: pi=0.0000, mu=1.8380, ll=-2968.35, converged=True
theta=5.48e-02: pi=0.0000, mu=1.8380, ll=-2960.91, converged=True
theta=5.61e-02: pi=0.0000, mu=1.8380, ll=-2953.58, converged=True
theta=5.74e-02: pi=0.0000, mu=1.8380, ll=-2946.38, converged=True
theta=5.88e-02: pi=0.0000, mu=1.8380, ll=-2939.30, converged=True
theta=6.02e-02: pi=0.0000, mu=1.8380, ll=-2932.34, converged=True
theta=6.16e-02: pi=0.0000, mu=1.8380, ll=-2925.51, converged=True
theta=6.30e-02: pi=0.0000, mu=1.8380, ll=-2918.81, converged=True
theta=6.45e-02: pi=0.0000, mu=1.8380, ll=-2912.24, converged=True
theta=6.60e-02: pi=0.0000, mu=1.8380, ll=-2905.80, converged=True
theta=6.75e-02: pi=0.0000, mu=1.8380, ll=-2899.50, converged=True
theta=6.91e-02: pi=0.0000, mu=1.8380, ll=-2893.33, converged=True
theta=7.07e-02: pi=0.0000, mu=1.8380, ll=-2887.30, converged=True
theta=7.24e-02: pi=0.0000, mu=1.8380, ll=-2881.41, converged=True
theta=7.41e-02: pi=0.0000, mu=1.8380, ll=-2875.66, converged=True
theta=7.58e-02: pi=0.0000, mu=1.8380, ll=-2870.05, converged=True
theta=7.76e-02: pi=0.0000, mu=1.8380, ll=-2864.58, converged=True
theta=7.94e-02: pi=0.0000, mu=1.8380, ll=-2859.26, converged=True
theta=8.13e-02: pi=0.0000, mu=1.8380, ll=-2854.09, converged=True
theta=8.32e-02: pi=0.0000, mu=1.8380, ll=-2849.07, converged=True
theta=8.51e-02: pi=0.0000, mu=1.8380, ll=-2844.19, converged=True
theta=8.71e-02: pi=0.0000, mu=1.8380, ll=-2839.48, converged=True
theta=8.92e-02: pi=0.0000, mu=1.8380, ll=-2834.91, converged=True
theta=9.13e-02: pi=0.0000, mu=1.8380, ll=-2830.50, converged=True
theta=9.34e-02: pi=0.0000, mu=1.8380, ll=-2826.25, converged=True
theta=9.56e-02: pi=0.0000, mu=1.8380, ll=-2822.16, converged=True
theta=9.78e-02: pi=0.0000, mu=1.8380, ll=-2818.23, converged=True
theta=1.00e-01: pi=0.0000, mu=1.8380, ll=-2814.47, converged=True
theta=1.02e-01: pi=0.0000, mu=1.8380, ll=-2810.87, converged=True
theta=1.05e-01: pi=0.0000, mu=1.8380, ll=-2807.44, converged=True
theta=1.07e-01: pi=0.0000, mu=1.8380, ll=-2804.18, converged=True
theta=1.10e-01: pi=0.0000, mu=1.8380, ll=-2801.08, converged=True
theta=1.12e-01: pi=0.0000, mu=1.8380, ll=-2798.17, converged=True
theta=1.15e-01: pi=0.0000, mu=1.8380, ll=-2795.42, converged=True
theta=1.18e-01: pi=0.0000, mu=1.8380, ll=-2792.85, converged=True
theta=1.20e-01: pi=0.0000, mu=1.8380, ll=-2790.46, converged=True
theta=1.23e-01: pi=0.0000, mu=1.8380, ll=-2788.25, converged=True
theta=1.26e-01: pi=0.0000, mu=1.8380, ll=-2786.22, converged=True
theta=1.29e-01: pi=0.0000, mu=1.8380, ll=-2784.38, converged=True
theta=1.32e-01: pi=0.0000, mu=1.8380, ll=-2782.72, converged=True
theta=1.35e-01: pi=0.0000, mu=1.8380, ll=-2781.24, converged=True
theta=1.38e-01: pi=0.0000, mu=1.8380, ll=-2779.96, converged=True
theta=1.42e-01: pi=0.0000, mu=1.8380, ll=-2778.87, converged=True
theta=1.45e-01: pi=0.0000, mu=1.8380, ll=-2777.97, converged=True
theta=1.48e-01: pi=0.0000, mu=1.8380, ll=-2777.26, converged=True
theta=1.52e-01: pi=0.0000, mu=1.8381, ll=-2776.75, converged=True
theta=1.55e-01: pi=0.0001, mu=1.8381, ll=-2776.44, converged=True
theta=1.59e-01: pi=0.0001, mu=1.8381, ll=-2776.32, converged=True
theta=1.63e-01: pi=0.0002, mu=1.8383, ll=-2776.41, converged=True
theta=1.67e-01: pi=0.0039, mu=1.8451, ll=-2776.70, converged=False
theta=1.70e-01: pi=0.0187, mu=1.8730, ll=-2777.07, converged=True
theta=1.74e-01: pi=0.0348, mu=1.9043, ll=-2777.46, converged=True
theta=1.79e-01: pi=0.0506, mu=1.9359, ll=-2777.86, converged=True
theta=1.83e-01: pi=0.0660, mu=1.9678, ll=-2778.27, converged=True
theta=1.87e-01: pi=0.0810, mu=2.0000, ll=-2778.69, converged=True
theta=1.91e-01: pi=0.0957, mu=2.0325, ll=-2779.13, converged=True
theta=1.96e-01: pi=0.1101, mu=2.0653, ll=-2779.58, converged=True
theta=2.00e-01: pi=0.1241, mu=2.0984, ll=-2780.04, converged=True
theta=2.05e-01: pi=0.1378, mu=2.1317, ll=-2780.52, converged=True
theta=2.10e-01: pi=0.1512, mu=2.1653, ll=-2781.01, converged=True
theta=2.15e-01: pi=0.1642, mu=2.1991, ll=-2781.52, converged=True
theta=2.20e-01: pi=0.1770, mu=2.2331, ll=-2782.04, converged=True
theta=2.25e-01: pi=0.1894, mu=2.2674, ll=-2782.59, converged=True
theta=2.30e-01: pi=0.2015, mu=2.3019, ll=-2783.14, converged=True
theta=2.36e-01: pi=0.2134, mu=2.3366, ll=-2783.72, converged=True
theta=2.41e-01: pi=0.2250, mu=2.3715, ll=-2784.31, converged=True
theta=2.47e-01: pi=0.2363, mu=2.4067, ll=-2784.92, converged=True
theta=2.53e-01: pi=0.2473, mu=2.4419, ll=-2785.55, converged=True
theta=2.59e-01: pi=0.2581, mu=2.4774, ll=-2786.20, converged=True
theta=2.65e-01: pi=0.2686, mu=2.5130, ll=-2786.87, converged=True
theta=2.71e-01: pi=0.2789, mu=2.5488, ll=-2787.56, converged=True
theta=2.77e-01: pi=0.2889, mu=2.5847, ll=-2788.27, converged=True
theta=2.84e-01: pi=0.2987, mu=2.6207, ll=-2789.01, converged=True
theta=2.90e-01: pi=0.3082, mu=2.6569, ll=-2789.76, converged=True
theta=2.97e-01: pi=0.3175, mu=2.6932, ll=-2790.54, converged=True
theta=3.04e-01: pi=0.3266, mu=2.7295, ll=-2791.35, converged=True
theta=3.11e-01: pi=0.3355, mu=2.7660, ll=-2792.17, converged=True
theta=3.18e-01: pi=0.3442, mu=2.8025, ll=-2793.03, converged=True
theta=3.26e-01: pi=0.3526, mu=2.8390, ll=-2793.91, converged=True
theta=3.33e-01: pi=0.3608, mu=2.8756, ll=-2794.81, converged=True
theta=3.41e-01: pi=0.3689, mu=2.9123, ll=-2795.75, converged=True
theta=3.49e-01: pi=0.3767, mu=2.9489, ll=-2796.71, converged=True
theta=3.57e-01: pi=0.3844, mu=2.9856, ll=-2797.70, converged=True
theta=3.66e-01: pi=0.3919, mu=3.0223, ll=-2798.73, converged=True
theta=3.74e-01: pi=0.3991, mu=3.0589, ll=-2799.78, converged=True
theta=3.83e-01: pi=0.4062, mu=3.0955, ll=-2800.86, converged=True
theta=3.92e-01: pi=0.4132, mu=3.1320, ll=-2801.98, converged=True
theta=4.01e-01: pi=0.4199, mu=3.1685, ll=-2803.13, converged=True
theta=4.11e-01: pi=0.4265, mu=3.2049, ll=-2804.32, converged=True
theta=4.20e-01: pi=0.4329, mu=3.2413, ll=-2805.54, converged=True
theta=4.30e-01: pi=0.4392, mu=3.2775, ll=-2806.80, converged=True
theta=4.40e-01: pi=0.4453, mu=3.3136, ll=-2808.09, converged=True
theta=4.51e-01: pi=0.4513, mu=3.3496, ll=-2809.42, converged=True
theta=4.61e-01: pi=0.4571, mu=3.3854, ll=-2810.80, converged=True
theta=4.72e-01: pi=0.4628, mu=3.4211, ll=-2812.21, converged=True
theta=4.83e-01: pi=0.4683, mu=3.4566, ll=-2813.66, converged=True
theta=4.94e-01: pi=0.4737, mu=3.4920, ll=-2815.16, converged=True
theta=5.06e-01: pi=0.4789, mu=3.5271, ll=-2816.70, converged=True
theta=5.18e-01: pi=0.4840, mu=3.5621, ll=-2818.28, converged=True
theta=5.30e-01: pi=0.4890, mu=3.5968, ll=-2819.91, converged=True
theta=5.42e-01: pi=0.4938, mu=3.6313, ll=-2821.58, converged=True
theta=5.55e-01: pi=0.4986, mu=3.6655, ll=-2823.31, converged=True
theta=5.68e-01: pi=0.5032, mu=3.6995, ll=-2825.08, converged=True
theta=5.81e-01: pi=0.5077, mu=3.7332, ll=-2826.90, converged=True
theta=5.95e-01: pi=0.5120, mu=3.7667, ll=-2828.77, converged=True
theta=6.09e-01: pi=0.5163, mu=3.7998, ll=-2830.70, converged=True
theta=6.23e-01: pi=0.5204, mu=3.8327, ll=-2832.67, converged=True
theta=6.38e-01: pi=0.5245, mu=3.8652, ll=-2834.71, converged=True
theta=6.52e-01: pi=0.5284, mu=3.8975, ll=-2836.79, converged=True
theta=6.68e-01: pi=0.5322, mu=3.9294, ll=-2838.94, converged=True
theta=6.83e-01: pi=0.5360, mu=3.9609, ll=-2841.14, converged=True
theta=6.99e-01: pi=0.5396, mu=3.9922, ll=-2843.40, converged=True
theta=7.16e-01: pi=0.5431, mu=4.0230, ll=-2845.72, converged=True
theta=7.32e-01: pi=0.5466, mu=4.0535, ll=-2848.11, converged=True
theta=7.50e-01: pi=0.5499, mu=4.0837, ll=-2850.55, converged=True
theta=7.67e-01: pi=0.5532, mu=4.1134, ll=-2853.06, converged=True
theta=7.85e-01: pi=0.5563, mu=4.1428, ll=-2855.64, converged=True
theta=8.04e-01: pi=0.5594, mu=4.1718, ll=-2858.28, converged=True
theta=8.22e-01: pi=0.5624, mu=4.2004, ll=-2860.99, converged=True
theta=8.42e-01: pi=0.5653, mu=4.2286, ll=-2863.77, converged=True
theta=8.61e-01: pi=0.5682, mu=4.2563, ll=-2866.61, converged=True
theta=8.81e-01: pi=0.5709, mu=4.2837, ll=-2869.53, converged=True
theta=9.02e-01: pi=0.5736, mu=4.3106, ll=-2872.52, converged=True
theta=9.23e-01: pi=0.5762, mu=4.3372, ll=-2875.59, converged=True
theta=9.45e-01: pi=0.5788, mu=4.3633, ll=-2878.73, converged=True
theta=9.67e-01: pi=0.5812, mu=4.3889, ll=-2881.94, converged=True
theta=9.90e-01: pi=0.5836, mu=4.4142, ll=-2885.23, converged=True
theta=1.01e+00: pi=0.5859, mu=4.4390, ll=-2888.60, converged=True
theta=1.04e+00: pi=0.5882, mu=4.4634, ll=-2892.05, converged=True
theta=1.06e+00: pi=0.5904, mu=4.4873, ll=-2895.58, converged=True
theta=1.09e+00: pi=0.5925, mu=4.5108, ll=-2899.19, converged=True
theta=1.11e+00: pi=0.5946, mu=4.5339, ll=-2902.88, converged=True
theta=1.14e+00: pi=0.5966, mu=4.5566, ll=-2906.65, converged=True
theta=1.16e+00: pi=0.5986, mu=4.5788, ll=-2910.51, converged=True
theta=1.19e+00: pi=0.6005, mu=4.6005, ll=-2914.45, converged=True
theta=1.22e+00: pi=0.6023, mu=4.6219, ll=-2918.48, converged=True
theta=1.25e+00: pi=0.6041, mu=4.6428, ll=-2922.60, converged=True
theta=1.28e+00: pi=0.6059, mu=4.6633, ll=-2926.80, converged=True
theta=1.31e+00: pi=0.6075, mu=4.6833, ll=-2931.09, converged=True
theta=1.34e+00: pi=0.6092, mu=4.7029, ll=-2935.48, converged=True
theta=1.37e+00: pi=0.6108, mu=4.7221, ll=-2939.95, converged=True
theta=1.40e+00: pi=0.6123, mu=4.7409, ll=-2944.51, converged=True
theta=1.43e+00: pi=0.6138, mu=4.7593, ll=-2949.16, converged=True
theta=1.47e+00: pi=0.6153, mu=4.7772, ll=-2953.91, converged=True
theta=1.50e+00: pi=0.6167, mu=4.7947, ll=-2958.75, converged=True
theta=1.54e+00: pi=0.6180, mu=4.8119, ll=-2963.68, converged=True
theta=1.57e+00: pi=0.6194, mu=4.8286, ll=-2968.71, converged=True
theta=1.61e+00: pi=0.6206, mu=4.8449, ll=-2973.83, converged=True
theta=1.65e+00: pi=0.6219, mu=4.8609, ll=-2979.04, converged=True
theta=1.69e+00: pi=0.6231, mu=4.8764, ll=-2984.35, converged=True
theta=1.72e+00: pi=0.6243, mu=4.8916, ll=-2989.76, converged=True
theta=1.76e+00: pi=0.6254, mu=4.9064, ll=-2995.26, converged=True
theta=1.81e+00: pi=0.6265, mu=4.9208, ll=-3000.86, converged=True
theta=1.85e+00: pi=0.6276, mu=4.9349, ll=-3006.55, converged=True
theta=1.89e+00: pi=0.6286, mu=4.9485, ll=-3012.34, converged=True
theta=1.94e+00: pi=0.6296, mu=4.9619, ll=-3018.22, converged=True
theta=1.98e+00: pi=0.6305, mu=4.9749, ll=-3024.20, converged=True
theta=2.03e+00: pi=0.6315, mu=4.9875, ll=-3030.28, converged=True
theta=2.08e+00: pi=0.6324, mu=4.9998, ll=-3036.45, converged=True
theta=2.12e+00: pi=0.6333, mu=5.0118, ll=-3042.72, converged=True
theta=2.17e+00: pi=0.6341, mu=5.0235, ll=-3049.09, converged=True
theta=2.22e+00: pi=0.6349, mu=5.0348, ll=-3055.55, converged=True
theta=2.28e+00: pi=0.6357, mu=5.0458, ll=-3062.10, converged=True
theta=2.33e+00: pi=0.6365, mu=5.0565, ll=-3068.75, converged=True
theta=2.38e+00: pi=0.6373, mu=5.0669, ll=-3075.49, converged=True
theta=2.44e+00: pi=0.6380, mu=5.0771, ll=-3082.33, converged=True
theta=2.50e+00: pi=0.6387, mu=5.0869, ll=-3089.26, converged=True
theta=2.56e+00: pi=0.6394, mu=5.0964, ll=-3096.28, converged=True
theta=2.62e+00: pi=0.6400, mu=5.1057, ll=-3103.39, converged=True
theta=2.68e+00: pi=0.6406, mu=5.1147, ll=-3110.59, converged=True
theta=2.74e+00: pi=0.6413, mu=5.1235, ll=-3117.88, converged=True
theta=2.80e+00: pi=0.6419, mu=5.1320, ll=-3125.26, converged=True
theta=2.87e+00: pi=0.6424, mu=5.1402, ll=-3132.73, converged=True
theta=2.94e+00: pi=0.6430, mu=5.1482, ll=-3140.28, converged=True
theta=3.01e+00: pi=0.6435, mu=5.1560, ll=-3147.92, converged=True
theta=3.08e+00: pi=0.6440, mu=5.1635, ll=-3155.64, converged=True
theta=3.15e+00: pi=0.6445, mu=5.1708, ll=-3163.45, converged=True
theta=3.22e+00: pi=0.6450, mu=5.1779, ll=-3171.33, converged=True
theta=3.30e+00: pi=0.6455, mu=5.1847, ll=-3179.30, converged=True
theta=3.37e+00: pi=0.6460, mu=5.1914, ll=-3187.34, converged=True
theta=3.45e+00: pi=0.6464, mu=5.1979, ll=-3195.47, converged=True
theta=3.53e+00: pi=0.6468, mu=5.2041, ll=-3203.67, converged=True
theta=3.62e+00: pi=0.6472, mu=5.2102, ll=-3211.94, converged=True
theta=3.70e+00: pi=0.6476, mu=5.2160, ll=-3220.28, converged=True
theta=3.79e+00: pi=0.6480, mu=5.2217, ll=-3228.70, converged=True
theta=3.88e+00: pi=0.6484, mu=5.2273, ll=-3237.18, converged=True
theta=3.97e+00: pi=0.6487, mu=5.2326, ll=-3245.73, converged=True
theta=4.06e+00: pi=0.6491, mu=5.2378, ll=-3254.35, converged=True
theta=4.15e+00: pi=0.6494, mu=5.2428, ll=-3263.03, converged=True
theta=4.25e+00: pi=0.6498, mu=5.2476, ll=-3271.77, converged=True
theta=4.35e+00: pi=0.6501, mu=5.2524, ll=-3280.57, converged=True
theta=4.45e+00: pi=0.6504, mu=5.2569, ll=-3289.43, converged=True
theta=4.56e+00: pi=0.6507, mu=5.2613, ll=-3298.34, converged=True
theta=4.66e+00: pi=0.6509, mu=5.2656, ll=-3307.31, converged=True
theta=4.77e+00: pi=0.6512, mu=5.2697, ll=-3316.32, converged=True
theta=4.89e+00: pi=0.6515, mu=5.2737, ll=-3325.39, converged=True
theta=5.00e+00: pi=0.6517, mu=5.2776, ll=-3334.50, converged=True

Best theta: 1.59e-01 with ll=-2776.32
Final parameters: pi=0.0001, mu=1.8381, theta=0.1590
    ERROR estimating window 12: name 'zero_fraction' is not defined
theta=5.00e-02: pi=0.0000, mu=2.5960, ll=-3643.23, converged=True
theta=5.12e-02: pi=0.0000, mu=2.5960, ll=-3632.96, converged=True
theta=5.24e-02: pi=0.0000, mu=2.5960, ll=-3622.81, converged=True
theta=5.36e-02: pi=0.0000, mu=2.5960, ll=-3612.79, converged=True
theta=5.48e-02: pi=0.0000, mu=2.5960, ll=-3602.90, converged=True
theta=5.61e-02: pi=0.0000, mu=2.5960, ll=-3593.14, converged=True
theta=5.74e-02: pi=0.0000, mu=2.5960, ll=-3583.51, converged=True
theta=5.88e-02: pi=0.0000, mu=2.5960, ll=-3574.01, converged=True
theta=6.02e-02: pi=0.0000, mu=2.5960, ll=-3564.65, converged=True
theta=6.16e-02: pi=0.0000, mu=2.5960, ll=-3555.42, converged=True
theta=6.30e-02: pi=0.0000, mu=2.5960, ll=-3546.33, converged=True
theta=6.45e-02: pi=0.0000, mu=2.5960, ll=-3537.39, converged=True
theta=6.60e-02: pi=0.0000, mu=2.5960, ll=-3528.59, converged=True
theta=6.75e-02: pi=0.0000, mu=2.5960, ll=-3519.93, converged=True
theta=6.91e-02: pi=0.0000, mu=2.5960, ll=-3511.42, converged=True
theta=7.07e-02: pi=0.0000, mu=2.5960, ll=-3503.05, converged=True
theta=7.24e-02: pi=0.0000, mu=2.5960, ll=-3494.84, converged=True
theta=7.41e-02: pi=0.0000, mu=2.5960, ll=-3486.78, converged=True
theta=7.58e-02: pi=0.0000, mu=2.5960, ll=-3478.88, converged=True
theta=7.76e-02: pi=0.0000, mu=2.5960, ll=-3471.13, converged=True
theta=7.94e-02: pi=0.0000, mu=2.5960, ll=-3463.54, converged=True
theta=8.13e-02: pi=0.0000, mu=2.5960, ll=-3456.11, converged=True
theta=8.32e-02: pi=0.0000, mu=2.5960, ll=-3448.84, converged=True
theta=8.51e-02: pi=0.0000, mu=2.5960, ll=-3441.74, converged=True
theta=8.71e-02: pi=0.0000, mu=2.5960, ll=-3434.81, converged=True
theta=8.92e-02: pi=0.0000, mu=2.5960, ll=-3428.04, converged=True
theta=9.13e-02: pi=0.0000, mu=2.5960, ll=-3421.44, converged=True
theta=9.34e-02: pi=0.0000, mu=2.5960, ll=-3415.02, converged=True
theta=9.56e-02: pi=0.0000, mu=2.5960, ll=-3408.77, converged=True
theta=9.78e-02: pi=0.0000, mu=2.5960, ll=-3402.71, converged=True
theta=1.00e-01: pi=0.0000, mu=2.5960, ll=-3396.82, converged=True
theta=1.02e-01: pi=0.0000, mu=2.5960, ll=-3391.11, converged=True
theta=1.05e-01: pi=0.0000, mu=2.5960, ll=-3385.58, converged=True
theta=1.07e-01: pi=0.0000, mu=2.5960, ll=-3380.24, converged=True
theta=1.10e-01: pi=0.0000, mu=2.5960, ll=-3375.09, converged=True
theta=1.12e-01: pi=0.0000, mu=2.5960, ll=-3370.13, converged=True
theta=1.15e-01: pi=0.0000, mu=2.5960, ll=-3365.37, converged=True
theta=1.18e-01: pi=0.0000, mu=2.5960, ll=-3360.79, converged=True
theta=1.20e-01: pi=0.0000, mu=2.5960, ll=-3356.42, converged=True
theta=1.23e-01: pi=0.0000, mu=2.5960, ll=-3352.24, converged=True
theta=1.26e-01: pi=0.0000, mu=2.5960, ll=-3348.27, converged=True
theta=1.29e-01: pi=0.0000, mu=2.5960, ll=-3344.50, converged=True
theta=1.32e-01: pi=0.0000, mu=2.5960, ll=-3340.93, converged=True
theta=1.35e-01: pi=0.0000, mu=2.5960, ll=-3337.57, converged=True
theta=1.38e-01: pi=0.0000, mu=2.5960, ll=-3334.43, converged=True
theta=1.42e-01: pi=0.0000, mu=2.5960, ll=-3331.49, converged=True
theta=1.45e-01: pi=0.0000, mu=2.5960, ll=-3328.77, converged=True
theta=1.48e-01: pi=0.0000, mu=2.5960, ll=-3326.27, converged=True
theta=1.52e-01: pi=0.0000, mu=2.5960, ll=-3323.98, converged=True
theta=1.55e-01: pi=0.0000, mu=2.5960, ll=-3321.92, converged=True
theta=1.59e-01: pi=0.0000, mu=2.5960, ll=-3320.08, converged=True
theta=1.63e-01: pi=0.0000, mu=2.5960, ll=-3318.47, converged=True
theta=1.67e-01: pi=0.0000, mu=2.5961, ll=-3317.08, converged=True
theta=1.70e-01: pi=0.0000, mu=2.5961, ll=-3315.93, converged=True
theta=1.74e-01: pi=0.0000, mu=2.5961, ll=-3315.01, converged=True
theta=1.79e-01: pi=0.0000, mu=2.5961, ll=-3314.32, converged=True
theta=1.83e-01: pi=0.0001, mu=2.5961, ll=-3313.87, converged=True
theta=1.87e-01: pi=0.0001, mu=2.5962, ll=-3313.65, converged=True
theta=1.91e-01: pi=0.0002, mu=2.5966, ll=-3313.68, converged=True
theta=1.96e-01: pi=0.0078, mu=2.6164, ll=-3313.93, converged=True
theta=2.00e-01: pi=0.0230, mu=2.6570, ll=-3314.21, converged=True
theta=2.05e-01: pi=0.0379, mu=2.6982, ll=-3314.51, converged=True
theta=2.10e-01: pi=0.0525, mu=2.7398, ll=-3314.83, converged=True
theta=2.15e-01: pi=0.0667, mu=2.7816, ll=-3315.16, converged=True
theta=2.20e-01: pi=0.0806, mu=2.8237, ll=-3315.50, converged=True
theta=2.25e-01: pi=0.0942, mu=2.8661, ll=-3315.86, converged=True
theta=2.30e-01: pi=0.1075, mu=2.9087, ll=-3316.23, converged=True
theta=2.36e-01: pi=0.1205, mu=2.9515, ll=-3316.62, converged=True
theta=2.41e-01: pi=0.1331, mu=2.9946, ll=-3317.03, converged=True
theta=2.47e-01: pi=0.1454, mu=3.0378, ll=-3317.45, converged=True
theta=2.53e-01: pi=0.1575, mu=3.0812, ll=-3317.89, converged=True
theta=2.59e-01: pi=0.1692, mu=3.1248, ll=-3318.35, converged=True
theta=2.65e-01: pi=0.1807, mu=3.1686, ll=-3318.83, converged=True
theta=2.71e-01: pi=0.1919, mu=3.2125, ll=-3319.33, converged=True
theta=2.77e-01: pi=0.2028, mu=3.2565, ll=-3319.85, converged=True
theta=2.84e-01: pi=0.2135, mu=3.3006, ll=-3320.39, converged=True
theta=2.90e-01: pi=0.2239, mu=3.3448, ll=-3320.96, converged=True
theta=2.97e-01: pi=0.2340, mu=3.3892, ll=-3321.55, converged=True
theta=3.04e-01: pi=0.2439, mu=3.4335, ll=-3322.16, converged=True
theta=3.11e-01: pi=0.2536, mu=3.4780, ll=-3322.80, converged=True
theta=3.18e-01: pi=0.2630, mu=3.5225, ll=-3323.46, converged=True
theta=3.26e-01: pi=0.2722, mu=3.5670, ll=-3324.15, converged=True
theta=3.33e-01: pi=0.2812, mu=3.6115, ll=-3324.87, converged=True
theta=3.41e-01: pi=0.2899, mu=3.6559, ll=-3325.61, converged=True
theta=3.49e-01: pi=0.2985, mu=3.7004, ll=-3326.39, converged=True
theta=3.57e-01: pi=0.3068, mu=3.7448, ll=-3327.20, converged=True
theta=3.66e-01: pi=0.3149, mu=3.7892, ll=-3328.03, converged=True
theta=3.74e-01: pi=0.3228, mu=3.8334, ll=-3328.90, converged=True
theta=3.83e-01: pi=0.3305, mu=3.8776, ll=-3329.81, converged=True
theta=3.92e-01: pi=0.3380, mu=3.9216, ll=-3330.75, converged=True
theta=4.01e-01: pi=0.3454, mu=3.9656, ll=-3331.72, converged=True
theta=4.11e-01: pi=0.3525, mu=4.0094, ll=-3332.73, converged=True
theta=4.20e-01: pi=0.3595, mu=4.0530, ll=-3333.78, converged=True
theta=4.30e-01: pi=0.3663, mu=4.0964, ll=-3334.87, converged=True
theta=4.40e-01: pi=0.3729, mu=4.1396, ll=-3336.00, converged=True
theta=4.51e-01: pi=0.3793, mu=4.1827, ll=-3337.18, converged=True
theta=4.61e-01: pi=0.3856, mu=4.2255, ll=-3338.39, converged=True
theta=4.72e-01: pi=0.3918, mu=4.2680, ll=-3339.65, converged=True
theta=4.83e-01: pi=0.3977, mu=4.3103, ll=-3340.96, converged=True
theta=4.94e-01: pi=0.4035, mu=4.3523, ll=-3342.31, converged=True
theta=5.06e-01: pi=0.4092, mu=4.3940, ll=-3343.71, converged=True
theta=5.18e-01: pi=0.4147, mu=4.4354, ll=-3345.16, converged=True
theta=5.30e-01: pi=0.4201, mu=4.4765, ll=-3346.67, converged=True
theta=5.42e-01: pi=0.4253, mu=4.5173, ll=-3348.22, converged=True
theta=5.55e-01: pi=0.4304, mu=4.5577, ll=-3349.83, converged=True
theta=5.68e-01: pi=0.4354, mu=4.5977, ll=-3351.50, converged=True
theta=5.81e-01: pi=0.4402, mu=4.6374, ll=-3353.22, converged=True
theta=5.95e-01: pi=0.4449, mu=4.6766, ll=-3355.00, converged=True
theta=6.09e-01: pi=0.4495, mu=4.7155, ll=-3356.84, converged=True
theta=6.23e-01: pi=0.4539, mu=4.7539, ll=-3358.75, converged=True
theta=6.38e-01: pi=0.4583, mu=4.7920, ll=-3360.71, converged=True
theta=6.52e-01: pi=0.4625, mu=4.8295, ll=-3362.75, converged=True
theta=6.68e-01: pi=0.4666, mu=4.8667, ll=-3364.85, converged=True
theta=6.83e-01: pi=0.4706, mu=4.9033, ll=-3367.01, converged=True
theta=6.99e-01: pi=0.4744, mu=4.9396, ll=-3369.25, converged=True
theta=7.16e-01: pi=0.4782, mu=4.9753, ll=-3371.56, converged=True
theta=7.32e-01: pi=0.4819, mu=5.0105, ll=-3373.94, converged=True
theta=7.50e-01: pi=0.4855, mu=5.0453, ll=-3376.40, converged=True
theta=7.67e-01: pi=0.4889, mu=5.0795, ll=-3378.93, converged=True
theta=7.85e-01: pi=0.4923, mu=5.1132, ll=-3381.54, converged=True
theta=8.04e-01: pi=0.4956, mu=5.1465, ll=-3384.23, converged=True
theta=8.22e-01: pi=0.4988, mu=5.1792, ll=-3387.00, converged=True
theta=8.42e-01: pi=0.5019, mu=5.2113, ll=-3389.86, converged=True
theta=8.61e-01: pi=0.5049, mu=5.2430, ll=-3392.80, converged=True
theta=8.81e-01: pi=0.5078, mu=5.2741, ll=-3395.83, converged=True
theta=9.02e-01: pi=0.5106, mu=5.3047, ll=-3398.94, converged=True
theta=9.23e-01: pi=0.5134, mu=5.3347, ll=-3402.15, converged=True
theta=9.45e-01: pi=0.5160, mu=5.3642, ll=-3405.45, converged=True
theta=9.67e-01: pi=0.5186, mu=5.3931, ll=-3408.84, converged=True
theta=9.90e-01: pi=0.5212, mu=5.4215, ll=-3412.32, converged=True
theta=1.01e+00: pi=0.5236, mu=5.4493, ll=-3415.90, converged=True
theta=1.04e+00: pi=0.5260, mu=5.4766, ll=-3419.58, converged=True
theta=1.06e+00: pi=0.5283, mu=5.5034, ll=-3423.37, converged=True
theta=1.09e+00: pi=0.5305, mu=5.5296, ll=-3427.25, converged=True
theta=1.11e+00: pi=0.5327, mu=5.5552, ll=-3431.23, converged=True
theta=1.14e+00: pi=0.5348, mu=5.5803, ll=-3435.32, converged=True
theta=1.16e+00: pi=0.5368, mu=5.6049, ll=-3439.52, converged=True
theta=1.19e+00: pi=0.5388, mu=5.6289, ll=-3443.82, converged=True
theta=1.22e+00: pi=0.5407, mu=5.6524, ll=-3448.23, converged=True
theta=1.25e+00: pi=0.5426, mu=5.6753, ll=-3452.76, converged=True
theta=1.28e+00: pi=0.5444, mu=5.6977, ll=-3457.39, converged=True
theta=1.31e+00: pi=0.5461, mu=5.7196, ll=-3462.14, converged=True
theta=1.34e+00: pi=0.5478, mu=5.7410, ll=-3467.00, converged=True
theta=1.37e+00: pi=0.5495, mu=5.7619, ll=-3471.98, converged=True
theta=1.40e+00: pi=0.5510, mu=5.7822, ll=-3477.08, converged=True
theta=1.43e+00: pi=0.5526, mu=5.8020, ll=-3482.29, converged=True
theta=1.47e+00: pi=0.5541, mu=5.8214, ll=-3487.63, converged=True
theta=1.50e+00: pi=0.5555, mu=5.8402, ll=-3493.08, converged=True
theta=1.54e+00: pi=0.5569, mu=5.8586, ll=-3498.66, converged=True
theta=1.57e+00: pi=0.5582, mu=5.8764, ll=-3504.36, converged=True
theta=1.61e+00: pi=0.5595, mu=5.8938, ll=-3510.18, converged=True
theta=1.65e+00: pi=0.5608, mu=5.9108, ll=-3516.13, converged=True
theta=1.69e+00: pi=0.5620, mu=5.9272, ll=-3522.20, converged=True
theta=1.72e+00: pi=0.5632, mu=5.9432, ll=-3528.40, converged=True
theta=1.76e+00: pi=0.5643, mu=5.9588, ll=-3534.73, converged=True
theta=1.81e+00: pi=0.5654, mu=5.9739, ll=-3541.18, converged=True
theta=1.85e+00: pi=0.5665, mu=5.9886, ll=-3547.76, converged=True
theta=1.89e+00: pi=0.5675, mu=6.0029, ll=-3554.47, converged=True
theta=1.94e+00: pi=0.5685, mu=6.0168, ll=-3561.31, converged=True
theta=1.98e+00: pi=0.5695, mu=6.0302, ll=-3568.28, converged=True
theta=2.03e+00: pi=0.5704, mu=6.0433, ll=-3575.38, converged=True
theta=2.08e+00: pi=0.5713, mu=6.0560, ll=-3582.60, converged=True
theta=2.12e+00: pi=0.5722, mu=6.0683, ll=-3589.96, converged=True
theta=2.17e+00: pi=0.5730, mu=6.0802, ll=-3597.45, converged=True
theta=2.22e+00: pi=0.5738, mu=6.0917, ll=-3605.07, converged=True
theta=2.28e+00: pi=0.5746, mu=6.1029, ll=-3612.81, converged=True
theta=2.33e+00: pi=0.5754, mu=6.1138, ll=-3620.69, converged=True
theta=2.38e+00: pi=0.5761, mu=6.1243, ll=-3628.70, converged=True
theta=2.44e+00: pi=0.5768, mu=6.1345, ll=-3636.83, converged=True
theta=2.50e+00: pi=0.5775, mu=6.1443, ll=-3645.10, converged=True
theta=2.56e+00: pi=0.5782, mu=6.1539, ll=-3653.49, converged=True
