Device: cuda

################################################################################
# Starting Bayesian Hyperparameter Optimization
# Optimizing metric: zinb_nll on VALIDATION set
# Number of trials: 150
# Initial random points: 20
# Random state: 42
# Parallel jobs: 1
# Checkpoint will be saved to: AE/results/bayesian_optimization/checkpoints/checkpoint_zinb_nll_20260215_125320.pkl
################################################################################

Iteration No: 1 started. Evaluating function at random point.

================================================================================
Trial with parameters:
  features: Nucl
  step_size: 0.3875760923996229
  bin_size: 39
  sample_fraction: 0.6976376184598654
  moving_average: True
  first_layer_size_factor: 19
  num_layers: 3
  use_conv: True
  conv_channel: 32
  pool_size: 6
  kernel_size: 3
  epochs: 117
  batch_size: 128
  pi_threshold: 0.30031150633640574
  learning_rate: 0.009476210031010525
  dropout_rate: 0.3087407548138583
  masked_recon_weight: 0.2796485951606247
  regularizer: l1
  regularization_weight: 1.4502303019631352e-05
================================================================================

Creating datasets with:
  features: ['Nucl']
  bin_size: 39
  moving_average: True
  data_point_length: 2000 (from 2000)
  step_size: 775 (from fraction 0.3875760923996229)
  layers: [np.int64(304), np.int64(152), np.int64(76)] (first=304, num=3)
  stride: 1 (fixed), padding: same (fixed)


Clipping outliers using 95th percentile * 1.5...
strain_yTW001: Clipping values above 134.25 (P95=89.50). Clipped 27529/1193409 values (2.31%)
strain_FD: Clipping values above 71.92 (P95=47.94). Clipped 95791/4127807 values (2.32%)
strain_dnrp: Clipping values above 243.00 (P95=162.00). Clipped 25649/1119454 values (2.29%)
strain_yEK19: Clipping values above 77.10 (P95=51.40). Clipped 83713/3893623 values (2.15%)
strain_yEK23: Clipping values above 72.00 (P95=48.00). Clipped 86381/3558407 values (2.43%)
strain_yWT03a: Clipping values above 15.00 (P95=10.00). Clipped 10602/347679 values (3.05%)
strain_yWT04a: Clipping values above 58.50 (P95=39.00). Clipped 21095/725406 values (2.91%)
strain_ylic137: Clipping values above 142.50 (P95=95.00). Clipped 28746/1112684 values (2.58%)
Standardizing features: ['Nucl']
Column order in final array (Dataset/Chrom split): ['Value', 'Nucleosome_Distance', 'Value_Raw', 'Size_Factor']
Removing 0 empty data points out of 70576
Column order in final array (Dataset/Chrom split): ['Value', 'Nucleosome_Distance', 'Value_Raw', 'Size_Factor']
Removing 0 empty data points out of 26592
Column order in final array (Dataset/Chrom split): ['Value', 'Nucleosome_Distance', 'Value_Raw', 'Size_Factor']
Removing 0 empty data points out of 27288
Datasets created:
  Train: (70576, 2000, 4), Val: (26592, 2000, 4), Test: (27288, 2000, 4)

Randomly sampled 49236/70576 samples (69.8%)
Applied denoising with 15.0% masking
Applied denoising with 15.0% masking
Applied denoising with 15.0% masking
Epoch [1/117], Total Loss: 2.9572, NLL: 1.9020, Masked: 2.6020, Reg: 0.327490
Epoch [2/117], Total Loss: 2.7039, NLL: 1.8195, Masked: 2.4064, Reg: 0.211469
Epoch [3/117], Total Loss: 2.7014, NLL: 1.8150, Masked: 2.4039, Reg: 0.214129
Epoch [4/117], Total Loss: 14.1886, NLL: 1.8173, Masked: 43.3834, Reg: 0.239164
Epoch [5/117], Total Loss: 2.7452, NLL: 1.8129, Masked: 2.5580, Reg: 0.216973
Epoch [6/117], Total Loss: 2.6880, NLL: 1.8090, Masked: 2.3914, Reg: 0.210243
Epoch [7/117], Total Loss: 2.7344, NLL: 1.8144, Masked: 2.4285, Reg: 0.240835
Epoch [8/117], Total Loss: 2.7005, NLL: 1.8079, Masked: 2.3885, Reg: 0.224598
Epoch [9/117], Total Loss: 2.6931, NLL: 1.8067, Masked: 2.3877, Reg: 0.218648
Epoch [10/117], Total Loss: 2.6877, NLL: 1.8066, Masked: 2.3859, Reg: 0.213952
Epoch [11/117], Total Loss: 2.6856, NLL: 1.8072, Masked: 2.3860, Reg: 0.211139
Epoch [12/117], Total Loss: 2.6710, NLL: 1.8042, Masked: 2.3836, Reg: 0.200210
Epoch [13/117], Total Loss: 2.7832, NLL: 1.8073, Masked: 2.6947, Reg: 0.222334
Epoch [14/117], Total Loss: 2.7211, NLL: 1.8110, Masked: 2.3937, Reg: 0.240735
Epoch [15/117], Total Loss: 41.1462, NLL: 1.8073, Masked: 139.8487, Reg: 0.230363
Epoch [16/117], Total Loss: 2.6891, NLL: 1.8066, Masked: 2.3858, Reg: 0.215372
Epoch [17/117], Total Loss: 2.6860, NLL: 1.8051, Masked: 2.3861, Reg: 0.213617
Epoch [18/117], Total Loss: 2.6815, NLL: 1.8031, Masked: 2.3856, Reg: 0.211276
Epoch [19/117], Total Loss: 2.6825, NLL: 1.8060, Masked: 2.3881, Reg: 0.208698
Epoch [20/117], Total Loss: 2.7824, NLL: 1.8049, Masked: 2.6188, Reg: 0.245179
Epoch [21/117], Total Loss: 2.6977, NLL: 1.8053, Masked: 2.3858, Reg: 0.225194
Epoch [22/117], Total Loss: 2.7011, NLL: 1.8064, Masked: 2.3856, Reg: 0.227526
Epoch [23/117], Total Loss: 2.6947, NLL: 1.8035, Masked: 2.3856, Reg: 0.224089
Epoch [24/117], Total Loss: 2.7397, NLL: 1.8079, Masked: 2.4085, Reg: 0.258353
Epoch [25/117], Total Loss: 2.7312, NLL: 1.8074, Masked: 2.3856, Reg: 0.256685
Epoch [26/117], Total Loss: 7.3853, NLL: 1.8090, Masked: 19.0983, Reg: 0.235445
Epoch [27/117], Total Loss: 2.7220, NLL: 1.8041, Masked: 2.3830, Reg: 0.251578
Epoch [28/117], Total Loss: 2.7011, NLL: 1.8051, Masked: 2.3876, Reg: 0.228253
Epoch [29/117], Total Loss: 2.6856, NLL: 1.8036, Masked: 2.3834, Reg: 0.215426
Epoch [30/117], Total Loss: 597.4187, NLL: 1.8139, Masked: 2128.9015, Reg: 0.260474
Epoch [31/117], Total Loss: 30.0997, NLL: 1.8185, Masked: 100.1227, Reg: 0.282067
Epoch [32/117], Total Loss: 2.7153, NLL: 1.8070, Masked: 2.3865, Reg: 0.240951
Epoch [33/117], Total Loss: 558.5903, NLL: 1.8201, Masked: 1989.8617, Reg: 0.308084
Epoch [34/117], Total Loss: 2.7459, NLL: 1.8089, Masked: 2.3927, Reg: 0.267807
Epoch [35/117], Total Loss: 2.7082, NLL: 1.8044, Masked: 2.3841, Reg: 0.237104
Epoch [36/117], Total Loss: 2.6939, NLL: 1.8027, Masked: 2.3833, Reg: 0.224680
Epoch [37/117], Total Loss: 637.7385, NLL: 1.8102, Masked: 2273.1758, Reg: 0.237897
Epoch [38/117], Total Loss: 2.7036, NLL: 1.8057, Masked: 2.3919, Reg: 0.228956
Epoch [39/117], Total Loss: 2.6960, NLL: 1.8027, Masked: 2.3820, Reg: 0.227136
Epoch [40/117], Total Loss: 2.7093, NLL: 1.8054, Masked: 2.3936, Reg: 0.234460
Epoch [41/117], Total Loss: 2.6906, NLL: 1.8045, Masked: 2.3859, Reg: 0.218890
Epoch [42/117], Total Loss: 14.3714, NLL: 1.8110, Masked: 43.9851, Reg: 0.260042
Epoch [43/117], Total Loss: 2.7006, NLL: 1.8040, Masked: 2.3814, Reg: 0.230644
Epoch [44/117], Total Loss: 2.7139, NLL: 1.8052, Masked: 2.3847, Reg: 0.241804
Epoch [45/117], Total Loss: 2.6890, NLL: 1.8043, Masked: 2.3868, Reg: 0.217214
Epoch [46/117], Total Loss: 2.8021, NLL: 1.8071, Masked: 2.6838, Reg: 0.244433
Epoch [47/117], Total Loss: 2.6992, NLL: 1.8057, Masked: 2.3841, Reg: 0.226742
Epoch [48/117], Total Loss: 2.6947, NLL: 1.8058, Masked: 2.3842, Reg: 0.222230
Epoch [49/117], Total Loss: 19.9925, NLL: 1.8062, Masked: 64.1065, Reg: 0.259044
Epoch [50/117], Total Loss: 2.6877, NLL: 1.8019, Masked: 2.3819, Reg: 0.219680
Epoch [51/117], Total Loss: 2.7138, NLL: 1.8058, Masked: 2.3877, Reg: 0.240315
Epoch [52/117], Total Loss: 2.6892, NLL: 1.8023, Masked: 2.3826, Reg: 0.220586
Epoch [53/117], Total Loss: 2.6881, NLL: 1.8029, Masked: 2.3818, Reg: 0.219195
Epoch [54/117], Total Loss: 2.6930, NLL: 1.8056, Masked: 2.3855, Reg: 0.220371
Epoch [55/117], Total Loss: 2.6736, NLL: 1.8021, Masked: 2.3840, Reg: 0.204821
Epoch [56/117], Total Loss: 2.6815, NLL: 1.8027, Masked: 2.3849, Reg: 0.211892
Epoch [57/117], Total Loss: 2.7119, NLL: 1.8067, Masked: 2.3926, Reg: 0.236162
Epoch [58/117], Total Loss: 2.7081, NLL: 1.8067, Masked: 2.3850, Reg: 0.234472
Epoch [59/117], Total Loss: 2.6998, NLL: 1.8040, Masked: 2.3820, Reg: 0.229724
Epoch [60/117], Total Loss: 2.6822, NLL: 1.8018, Masked: 2.3813, Reg: 0.214492
Epoch [61/117], Total Loss: 13.9034, NLL: 1.8049, Masked: 42.4536, Reg: 0.226448
Epoch [62/117], Total Loss: 2.6924, NLL: 1.8058, Masked: 2.3844, Reg: 0.219779
Epoch [63/117], Total Loss: 2.6885, NLL: 1.8044, Masked: 2.3834, Reg: 0.217535
Epoch [64/117], Total Loss: 2.9908, NLL: 1.8093, Masked: 3.3289, Reg: 0.250585
Epoch [65/117], Total Loss: 2.7336, NLL: 1.8105, Masked: 2.3883, Reg: 0.255240
Epoch [66/117], Total Loss: 2.6986, NLL: 1.8056, Masked: 2.3842, Reg: 0.226275
Epoch [67/117], Total Loss: 2.7137, NLL: 1.8059, Masked: 2.3866, Reg: 0.240399
Epoch [68/117], Total Loss: 2.7005, NLL: 1.8055, Masked: 2.3836, Reg: 0.228390
Epoch [69/117], Total Loss: 2.6965, NLL: 1.8046, Masked: 2.3863, Reg: 0.224563
Epoch [70/117], Total Loss: 2.7197, NLL: 1.8051, Masked: 2.3864, Reg: 0.247245
Epoch [71/117], Total Loss: 2.7642, NLL: 1.8073, Masked: 2.5393, Reg: 0.246802
Epoch [72/117], Total Loss: 2.7373, NLL: 1.8077, Masked: 2.4424, Reg: 0.246638
Epoch [73/117], Total Loss: 2.7136, NLL: 1.8043, Masked: 2.3877, Reg: 0.241494
Epoch [74/117], Total Loss: 2.7030, NLL: 1.8048, Masked: 2.3870, Reg: 0.230644
Epoch [75/117], Total Loss: 2.7213, NLL: 1.8060, Masked: 2.4044, Reg: 0.242879
Epoch [76/117], Total Loss: 2.6937, NLL: 1.8033, Masked: 2.3823, Reg: 0.224200
Epoch [77/117], Total Loss: 2.6878, NLL: 1.8034, Masked: 2.3810, Reg: 0.218574
Epoch [78/117], Total Loss: 2.6818, NLL: 1.8031, Masked: 2.3804, Reg: 0.213040
Epoch [79/117], Total Loss: 2.7058, NLL: 1.8034, Masked: 2.3881, Reg: 0.234579
Epoch [80/117], Total Loss: 2.7276, NLL: 1.8053, Masked: 2.4052, Reg: 0.249701
Epoch [81/117], Total Loss: 2.7018, NLL: 1.8042, Masked: 2.3797, Reg: 0.232105
Epoch [82/117], Total Loss: 2.6947, NLL: 1.8023, Masked: 2.3829, Reg: 0.225984
Epoch [83/117], Total Loss: 2.6881, NLL: 1.8036, Masked: 2.3817, Reg: 0.218438
Epoch [84/117], Total Loss: 2.7003, NLL: 1.8032, Masked: 2.3789, Reg: 0.231767
Epoch [85/117], Total Loss: 15.4523, NLL: 1.8076, Masked: 47.9286, Reg: 0.241529
Epoch [86/117], Total Loss: 52.3203, NLL: 1.8062, Masked: 179.7323, Reg: 0.252153
Epoch [87/117], Total Loss: 2.8324, NLL: 1.8037, Masked: 2.8038, Reg: 0.244619
Epoch [88/117], Total Loss: 2.7075, NLL: 1.8036, Masked: 2.3829, Reg: 0.237534
Epoch [89/117], Total Loss: 9.6322, NLL: 1.8115, Masked: 27.0614, Reg: 0.252946
Epoch [90/117], Total Loss: 2.7172, NLL: 1.8046, Masked: 2.3888, Reg: 0.244600
Epoch [91/117], Total Loss: 2.7432, NLL: 1.8072, Masked: 2.3906, Reg: 0.267454
Epoch [92/117], Total Loss: 2.7568, NLL: 1.8048, Masked: 2.4422, Reg: 0.269006
Epoch [93/117], Total Loss: 2.7057, NLL: 1.8029, Masked: 2.3848, Reg: 0.235872
Epoch [94/117], Total Loss: 2.6932, NLL: 1.8025, Masked: 2.3796, Reg: 0.225320
Epoch [95/117], Total Loss: 39.2944, NLL: 1.8085, Masked: 133.1073, Reg: 0.262641
Epoch [96/117], Total Loss: 2.7473, NLL: 1.8037, Masked: 2.4562, Reg: 0.256760
Epoch [97/117], Total Loss: 10.7373, NLL: 1.8075, Masked: 31.0116, Reg: 0.257453
Epoch [98/117], Total Loss: 266.2630, NLL: 1.8087, Masked: 944.7870, Reg: 0.245841
Epoch [99/117], Total Loss: 16.5038, NLL: 1.8039, Masked: 51.7196, Reg: 0.236538
Epoch [100/117], Total Loss: 2.6899, NLL: 1.8018, Masked: 2.3819, Reg: 0.221940
Epoch [101/117], Total Loss: 2.7777, NLL: 1.8077, Masked: 2.5233, Reg: 0.264364
Epoch [102/117], Total Loss: 86.4304, NLL: 1.8073, Masked: 301.6966, Reg: 0.254127
Epoch [103/117], Total Loss: 2.7099, NLL: 1.8057, Masked: 2.3835, Reg: 0.237653
Epoch [104/117], Total Loss: 2.6902, NLL: 1.8027, Masked: 2.3825, Reg: 0.221200
Epoch [105/117], Total Loss: 3.1159, NLL: 1.8034, Masked: 3.8657, Reg: 0.231553
Epoch [106/117], Total Loss: 2.7072, NLL: 1.8035, Masked: 2.3827, Reg: 0.237421
Epoch [107/117], Total Loss: 33.5158, NLL: 1.8096, Masked: 112.4975, Reg: 0.246397
Epoch [108/117], Total Loss: 2.7142, NLL: 1.8048, Masked: 2.3829, Reg: 0.243115
Epoch [109/117], Total Loss: 2.6908, NLL: 1.8025, Masked: 2.3820, Reg: 0.222085
Epoch [110/117], Total Loss: 2.6819, NLL: 1.8024, Masked: 2.3835, Reg: 0.213045
Epoch [111/117], Total Loss: 2.6831, NLL: 1.8009, Masked: 2.3809, Reg: 0.216402
Epoch [112/117], Total Loss: 3.8475, NLL: 1.8048, Masked: 6.4812, Reg: 0.230228
Epoch [113/117], Total Loss: 2.7123, NLL: 1.8045, Masked: 2.3869, Reg: 0.240278
Epoch [114/117], Total Loss: 2.7033, NLL: 1.8034, Masked: 2.3812, Reg: 0.234036
Epoch [115/117], Total Loss: 2.7137, NLL: 1.8035, Masked: 2.3844, Reg: 0.243379
Epoch [116/117], Total Loss: 2.6805, NLL: 1.8005, Masked: 2.3787, Reg: 0.214752
Epoch [117/117], Total Loss: 2.7130, NLL: 1.8074, Masked: 2.3862, Reg: 0.238328

==================================================
EVALUATING ON TRAINING DATA
==================================================

==================================================
TEST RESULTS
==================================================
Total Loss: 2.792331
  - ZINB NLL: 1.819558
Total number of masked values: 11917099
  - Number of values with pi >= 0.30031150633640574: 5961
  - Number of values with pi < 0.30031150633640574: 11911138
  - Masked Reconstruction: 2.694642
  - Regularization: 0.219220
Mean Absolute Error (MAE): 2.524943
R² Score: 0.149117
==================================================


==================================================
TEST RESULTS
==================================================
Total Loss: 2.727648
  - ZINB NLL: 1.808700
Total number of masked values: 6437011
  - Number of values with pi >= 0.30031150633640574: 0
  - Number of values with pi < 0.30031150633640574: 6437011
  - Masked Reconstruction: 2.502169
  - Regularization: 0.219220
Mean Absolute Error (MAE): 2.484238
R² Score: 0.170426
==================================================


>>> Optimizing zinb_nll on VALIDATION set: 1.808700
>>> Full validation metrics: {'total_loss': 2.727648057375287, 'zinb_nll': 1.8087002595552613, 'mae': 2.4842381477355957, 'r2': 0.17042648792266846, 'masked_loss': 2.502169070117597, 'reg_loss': 0.2192197582250491}

Iteration No: 1 ended. Evaluation done at random point.
Time taken: 1275.4139
Function value obtained: 1.8087
Current minimum: 1.8087
Iteration No: 2 started. Evaluating function at random point.

================================================================================
Trial with parameters:
  features: Centr
  step_size: 0.5498957287864417
  bin_size: 3
  sample_fraction: 0.9803166391310946
  moving_average: True
  first_layer_size_factor: 17
  num_layers: 3
  use_conv: True
  conv_channel: 126
  pool_size: 5
  kernel_size: 9
  epochs: 112
  batch_size: 64
  pi_threshold: 0.3053059844639466
  learning_rate: 0.006708188643346291
  dropout_rate: 0.2816441089227697
  masked_recon_weight: 0.034806953267852735
  regularizer: l1
  regularization_weight: 0.0004132917911457906
================================================================================

Creating datasets with:
  features: ['Centr']
  bin_size: 3
  moving_average: True
  data_point_length: 2000 (from 2000)
  step_size: 1099 (from fraction 0.5498957287864417)
  layers: [np.int64(272), np.int64(136), np.int64(68)] (first=272, num=3)
  stride: 1 (fixed), padding: same (fixed)


Clipping outliers using 95th percentile * 1.5...
strain_yTW001: Clipping values above 134.25 (P95=89.50). Clipped 27529/1193409 values (2.31%)
strain_FD: Clipping values above 71.92 (P95=47.94). Clipped 95791/4127807 values (2.32%)
strain_dnrp: Clipping values above 243.00 (P95=162.00). Clipped 25649/1119454 values (2.29%)
strain_yEK19: Clipping values above 77.10 (P95=51.40). Clipped 83713/3893623 values (2.15%)
strain_yEK23: Clipping values above 72.00 (P95=48.00). Clipped 86381/3558407 values (2.43%)
strain_yWT03a: Clipping values above 15.00 (P95=10.00). Clipped 10602/347679 values (3.05%)
strain_yWT04a: Clipping values above 58.50 (P95=39.00). Clipped 21095/725406 values (2.91%)
strain_ylic137: Clipping values above 142.50 (P95=95.00). Clipped 28746/1112684 values (2.58%)
Standardizing features: ['Centr']
Column order in final array (Dataset/Chrom split): ['Value', 'Centromere_Distance', 'Value_Raw', 'Size_Factor']
Removing 0 empty data points out of 49808
Column order in final array (Dataset/Chrom split): ['Value', 'Centromere_Distance', 'Value_Raw', 'Size_Factor']
Removing 0 empty data points out of 18760
Column order in final array (Dataset/Chrom split): ['Value', 'Centromere_Distance', 'Value_Raw', 'Size_Factor']
Removing 0 empty data points out of 19272
Datasets created:
  Train: (49808, 2000, 4), Val: (18760, 2000, 4), Test: (19272, 2000, 4)

Randomly sampled 48827/49808 samples (98.0%)
Applied denoising with 15.0% masking
Applied denoising with 15.0% masking
Applied denoising with 15.0% masking
Epoch [1/112], Total Loss: 8.4519, NLL: 1.9169, Masked: 9.8910, Reg: 6.190723
Epoch [2/112], Total Loss: 7.6262, NLL: 1.8678, Masked: 6.6409, Reg: 5.527314
Epoch [3/112], Total Loss: 7.5566, NLL: 1.7269, Masked: 6.6442, Reg: 5.598475
Epoch [4/112], Total Loss: 7.4853, NLL: 1.6519, Masked: 6.6463, Reg: 5.602137
Epoch [5/112], Total Loss: 7.4697, NLL: 1.6505, Masked: 6.6401, Reg: 5.588092
Epoch [6/112], Total Loss: 7.4621, NLL: 1.6502, Masked: 6.6454, Reg: 5.580677
Epoch [7/112], Total Loss: 7.4561, NLL: 1.6501, Masked: 6.6430, Reg: 5.574790
Epoch [8/112], Total Loss: 7.4512, NLL: 1.6489, Masked: 6.6435, Reg: 5.571016
Epoch [9/112], Total Loss: 7.4399, NLL: 1.6487, Masked: 6.6411, Reg: 5.560069
Epoch [10/112], Total Loss: 7.4335, NLL: 1.6477, Masked: 6.6448, Reg: 5.554475
Epoch [11/112], Total Loss: 7.4335, NLL: 1.6490, Masked: 6.6438, Reg: 5.553204
Epoch [12/112], Total Loss: 7.4286, NLL: 1.6490, Masked: 6.6482, Reg: 5.548180
Epoch [13/112], Total Loss: 7.4255, NLL: 1.6493, Masked: 6.6441, Reg: 5.544872
Epoch [14/112], Total Loss: 7.4202, NLL: 1.6493, Masked: 6.6413, Reg: 5.539737
Epoch [15/112], Total Loss: 7.4202, NLL: 1.6507, Masked: 6.6398, Reg: 5.538452
Epoch [16/112], Total Loss: 7.4218, NLL: 1.6503, Masked: 6.6460, Reg: 5.540183
Epoch [17/112], Total Loss: 7.4154, NLL: 1.6478, Masked: 6.6409, Reg: 5.536514
Epoch [18/112], Total Loss: 7.4123, NLL: 1.6500, Masked: 6.6427, Reg: 5.531169
Epoch [19/112], Total Loss: 7.4103, NLL: 1.6503, Masked: 6.6377, Reg: 5.528943
Epoch [20/112], Total Loss: 7.4049, NLL: 1.6480, Masked: 6.6457, Reg: 5.525658
Epoch [21/112], Total Loss: 7.4041, NLL: 1.6500, Masked: 6.6440, Reg: 5.522897
Epoch [22/112], Total Loss: 7.4018, NLL: 1.6486, Masked: 6.6425, Reg: 5.521992
Epoch [23/112], Total Loss: 7.4009, NLL: 1.6506, Masked: 6.6407, Reg: 5.519170
Epoch [24/112], Total Loss: 7.4043, NLL: 1.6506, Masked: 6.6409, Reg: 5.522523
Epoch [25/112], Total Loss: 7.3991, NLL: 1.6495, Masked: 6.6406, Reg: 5.518449
Epoch [26/112], Total Loss: 7.4005, NLL: 1.6508, Masked: 6.6438, Reg: 5.518361
Epoch [27/112], Total Loss: 7.4027, NLL: 1.6486, Masked: 6.6463, Reg: 5.522786
Epoch [28/112], Total Loss: 7.4087, NLL: 1.6505, Masked: 6.6468, Reg: 5.526840
Epoch [29/112], Total Loss: 7.4147, NLL: 1.6490, Masked: 6.6414, Reg: 5.534454
Epoch [30/112], Total Loss: 7.4147, NLL: 1.6502, Masked: 6.6438, Reg: 5.533282
Epoch [31/112], Total Loss: 7.4196, NLL: 1.6479, Masked: 6.6438, Reg: 5.540505
Epoch [32/112], Total Loss: 7.4242, NLL: 1.6490, Masked: 6.6431, Reg: 5.543967
Epoch [33/112], Total Loss: 7.4251, NLL: 1.6494, Masked: 6.6419, Reg: 5.544529
Epoch [34/112], Total Loss: 7.4318, NLL: 1.6505, Masked: 6.6447, Reg: 5.550010
Epoch [35/112], Total Loss: 7.4329, NLL: 1.6482, Masked: 6.6476, Reg: 5.553283
Epoch [36/112], Total Loss: 7.4491, NLL: 1.6491, Masked: 6.6432, Reg: 5.568791
Epoch [37/112], Total Loss: 7.4592, NLL: 1.6501, Masked: 6.6435, Reg: 5.577894
Epoch [38/112], Total Loss: 7.4616, NLL: 1.6491, Masked: 6.6416, Reg: 5.581257
Epoch [39/112], Total Loss: 7.4687, NLL: 1.6494, Masked: 6.6402, Reg: 5.588110
Epoch [40/112], Total Loss: 7.4741, NLL: 1.6489, Masked: 6.6423, Reg: 5.594003
Epoch [41/112], Total Loss: 7.4820, NLL: 1.6509, Masked: 6.6429, Reg: 5.599914
Epoch [42/112], Total Loss: 7.4795, NLL: 1.6489, Masked: 6.6435, Reg: 5.599400
Epoch [43/112], Total Loss: 7.4775, NLL: 1.6501, Masked: 6.6360, Reg: 5.596414
Epoch [44/112], Total Loss: 7.4763, NLL: 1.6493, Masked: 6.6436, Reg: 5.595741
Epoch [45/112], Total Loss: 7.4758, NLL: 1.6504, Masked: 6.6412, Reg: 5.594281
Epoch [46/112], Total Loss: 7.4709, NLL: 1.6509, Masked: 6.6457, Reg: 5.588677
Epoch [47/112], Total Loss: 7.4701, NLL: 1.6504, Masked: 6.6442, Reg: 5.588483
Epoch [48/112], Total Loss: 7.4675, NLL: 1.6521, Masked: 6.6413, Reg: 5.584203
Epoch [49/112], Total Loss: 7.4648, NLL: 1.6486, Masked: 6.6447, Reg: 5.584942
Epoch [50/112], Total Loss: 7.4655, NLL: 1.6520, Masked: 6.6447, Reg: 5.582141
Epoch [51/112], Total Loss: 7.4584, NLL: 1.6509, Masked: 6.6422, Reg: 5.576294
Epoch [52/112], Total Loss: 7.4600, NLL: 1.6516, Masked: 6.6361, Reg: 5.577372
Epoch [53/112], Total Loss: 7.4507, NLL: 1.6493, Masked: 6.6440, Reg: 5.570060
Epoch [54/112], Total Loss: 7.4476, NLL: 1.6500, Masked: 6.6399, Reg: 5.566466
Epoch [55/112], Total Loss: 7.4421, NLL: 1.6503, Masked: 6.6435, Reg: 5.560541
Epoch [56/112], Total Loss: 7.4366, NLL: 1.6489, Masked: 6.6451, Reg: 5.556442
Epoch [57/112], Total Loss: 7.4368, NLL: 1.6502, Masked: 6.6451, Reg: 5.555291
Epoch [58/112], Total Loss: 7.4312, NLL: 1.6495, Masked: 6.6425, Reg: 5.550470
Epoch [59/112], Total Loss: 7.4323, NLL: 1.6512, Masked: 6.6402, Reg: 5.549979
Epoch [60/112], Total Loss: 7.4334, NLL: 1.6509, Masked: 6.6417, Reg: 5.551310
Epoch [61/112], Total Loss: 7.4291, NLL: 1.6500, Masked: 6.6431, Reg: 5.547885
Epoch [62/112], Total Loss: 7.4267, NLL: 1.6507, Masked: 6.6438, Reg: 5.544745
Epoch [63/112], Total Loss: 7.4281, NLL: 1.6502, Masked: 6.6423, Reg: 5.546752
Epoch [64/112], Total Loss: 7.4265, NLL: 1.6490, Masked: 6.6427, Reg: 5.546331
Epoch [65/112], Total Loss: 7.4345, NLL: 1.6502, Masked: 6.6410, Reg: 5.553174
Epoch [66/112], Total Loss: 7.4327, NLL: 1.6486, Masked: 6.6441, Reg: 5.552836
Epoch [67/112], Total Loss: 7.4348, NLL: 1.6497, Masked: 6.6463, Reg: 5.553819
Epoch [68/112], Total Loss: 7.4435, NLL: 1.6508, Masked: 6.6392, Reg: 5.561666
Epoch [69/112], Total Loss: 7.4416, NLL: 1.6505, Masked: 6.6412, Reg: 5.559976
Epoch [70/112], Total Loss: 7.4499, NLL: 1.6494, Masked: 6.6444, Reg: 5.569293
Epoch [71/112], Total Loss: 7.4504, NLL: 1.6485, Masked: 6.6462, Reg: 5.570628
Epoch [72/112], Total Loss: 7.4586, NLL: 1.6480, Masked: 6.6430, Reg: 5.579429
Epoch [73/112], Total Loss: 7.4642, NLL: 1.6501, Masked: 6.6442, Reg: 5.582809
Epoch [74/112], Total Loss: 7.4585, NLL: 1.6496, Masked: 6.6418, Reg: 5.577790
Epoch [75/112], Total Loss: 7.4629, NLL: 1.6504, Masked: 6.6438, Reg: 5.581283
Epoch [76/112], Total Loss: 7.4555, NLL: 1.6495, Masked: 6.6403, Reg: 5.574858
Epoch [77/112], Total Loss: 7.4554, NLL: 1.6489, Masked: 6.6440, Reg: 5.575257
Epoch [78/112], Total Loss: 7.4509, NLL: 1.6486, Masked: 6.6426, Reg: 5.571062
Epoch [79/112], Total Loss: 7.4495, NLL: 1.6503, Masked: 6.6449, Reg: 5.567872
Epoch [80/112], Total Loss: 7.4483, NLL: 1.6475, Masked: 6.6429, Reg: 5.569542
Epoch [81/112], Total Loss: 7.4508, NLL: 1.6525, Masked: 6.6431, Reg: 5.567092
Epoch [82/112], Total Loss: 7.4449, NLL: 1.6496, Masked: 6.6399, Reg: 5.564176
Epoch [83/112], Total Loss: 7.4435, NLL: 1.6492, Masked: 6.6444, Reg: 5.563024
Epoch [84/112], Total Loss: 7.4439, NLL: 1.6497, Masked: 6.6379, Reg: 5.563186
Epoch [85/112], Total Loss: 7.4364, NLL: 1.6488, Masked: 6.6463, Reg: 5.556276
Epoch [86/112], Total Loss: 7.4322, NLL: 1.6513, Masked: 6.6461, Reg: 5.549556
Epoch [87/112], Total Loss: 7.4249, NLL: 1.6502, Masked: 6.6436, Reg: 5.543513
Epoch [88/112], Total Loss: 7.4244, NLL: 1.6502, Masked: 6.6424, Reg: 5.542942
Epoch [89/112], Total Loss: 7.4195, NLL: 1.6479, Masked: 6.6476, Reg: 5.540244
Epoch [90/112], Total Loss: 7.4170, NLL: 1.6495, Masked: 6.6421, Reg: 5.536365
Epoch [91/112], Total Loss: 7.4170, NLL: 1.6489, Masked: 6.6435, Reg: 5.536926
Epoch [92/112], Total Loss: 7.4164, NLL: 1.6508, Masked: 6.6408, Reg: 5.534499
Epoch [93/112], Total Loss: 7.4203, NLL: 1.6498, Masked: 6.6395, Reg: 5.539400
Epoch [94/112], Total Loss: 7.4180, NLL: 1.6495, Masked: 6.6418, Reg: 5.537276
Epoch [95/112], Total Loss: 7.4175, NLL: 1.6495, Masked: 6.6409, Reg: 5.536899
Epoch [96/112], Total Loss: 7.4204, NLL: 1.6491, Masked: 6.6400, Reg: 5.540146
Epoch [97/112], Total Loss: 7.4193, NLL: 1.6495, Masked: 6.6416, Reg: 5.538660
Epoch [98/112], Total Loss: 7.4192, NLL: 1.6503, Masked: 6.6420, Reg: 5.537709
Epoch [99/112], Total Loss: 7.4163, NLL: 1.6493, Masked: 6.6432, Reg: 5.535723
Epoch [100/112], Total Loss: 7.4185, NLL: 1.6491, Masked: 6.6413, Reg: 5.538287
Epoch [101/112], Total Loss: 7.4213, NLL: 1.6490, Masked: 6.6463, Reg: 5.540946
Epoch [102/112], Total Loss: 7.4208, NLL: 1.6492, Masked: 6.6415, Reg: 5.540450
Epoch [103/112], Total Loss: 7.4244, NLL: 1.6501, Masked: 6.6437, Reg: 5.542985
Epoch [104/112], Total Loss: 7.4265, NLL: 1.6501, Masked: 6.6434, Reg: 5.545231
Epoch [105/112], Total Loss: 7.4220, NLL: 1.6486, Masked: 6.6413, Reg: 5.542277
Epoch [106/112], Total Loss: 7.4249, NLL: 1.6496, Masked: 6.6475, Reg: 5.543949
Epoch [107/112], Total Loss: 7.4217, NLL: 1.6486, Masked: 6.6398, Reg: 5.541955
Epoch [108/112], Total Loss: 7.4241, NLL: 1.6484, Masked: 6.6432, Reg: 5.544393
Epoch [109/112], Total Loss: 7.4286, NLL: 1.6496, Masked: 6.6434, Reg: 5.547754
Epoch [110/112], Total Loss: 7.4219, NLL: 1.6487, Masked: 6.6418, Reg: 5.542031
Epoch [111/112], Total Loss: 7.4241, NLL: 1.6493, Masked: 6.6426, Reg: 5.543517
Epoch [112/112], Total Loss: 7.4269, NLL: 1.6506, Masked: 6.6457, Reg: 5.545001

==================================================
EVALUATING ON TRAINING DATA
==================================================

==================================================
TEST RESULTS
==================================================
Total Loss: 7.405749
  - ZINB NLL: 1.590974
Total number of masked values: 4906699
  - Number of values with pi >= 0.3053059844639466: 4906699
  - Number of values with pi < 0.3053059844639466: 0
  - Masked Reconstruction: 6.643155
  - Regularization: 5.583547
Mean Absolute Error (MAE): 2.235435
R² Score: -0.089688
==================================================


==================================================
TEST RESULTS
==================================================
Total Loss: 7.384823
  - ZINB NLL: 1.583059
Total number of masked values: 1880257
  - Number of values with pi >= 0.3053059844639466: 1880257
  - Number of values with pi < 0.3053059844639466: 0
  - Masked Reconstruction: 6.269346
  - Regularization: 5.583547
Mean Absolute Error (MAE): 2.191442
R² Score: -0.091443
==================================================


>>> Optimizing zinb_nll on VALIDATION set: 1.583059
>>> Full validation metrics: {'total_loss': 7.384823240959314, 'zinb_nll': 1.5830592843769455, 'mae': 2.1914424896240234, 'r2': -0.09144306182861328, 'masked_loss': 6.269346187363809, 'reg_loss': 5.583547074853191}

Iteration No: 2 ended. Evaluation done at random point.
Time taken: 1440.9791
Function value obtained: 1.5831
Current minimum: 1.5831
Iteration No: 3 started. Evaluating function at random point.

================================================================================
Trial with parameters:
  features: Centr_Nucl
  step_size: 0.7624476391190937
  bin_size: 31
  sample_fraction: 0.8748961838021234
  moving_average: True
  first_layer_size_factor: 61
  num_layers: 2
  use_conv: False
  conv_channel: 64
  pool_size: 3
  kernel_size: 7
  epochs: 34
  batch_size: 128
  pi_threshold: 0.47990165334790624
  learning_rate: 0.0001532677239138411
  dropout_rate: 0.4633294328968972
  masked_recon_weight: 0.8111253665497065
  regularizer: l1
  regularization_weight: 0.09842554332336143
================================================================================

Creating datasets with:
  features: ['Centr', 'Nucl']
  bin_size: 31
  moving_average: True
  data_point_length: 2000 (from 2000)
  step_size: 1524 (from fraction 0.7624476391190937)
  layers: [np.int64(976), np.int64(488)] (first=976, num=2)
  stride: 1 (fixed), padding: same (fixed)


Clipping outliers using 95th percentile * 1.5...
strain_yTW001: Clipping values above 134.25 (P95=89.50). Clipped 27529/1193409 values (2.31%)
strain_FD: Clipping values above 71.92 (P95=47.94). Clipped 95791/4127807 values (2.32%)
strain_dnrp: Clipping values above 243.00 (P95=162.00). Clipped 25649/1119454 values (2.29%)
strain_yEK19: Clipping values above 77.10 (P95=51.40). Clipped 83713/3893623 values (2.15%)
strain_yEK23: Clipping values above 72.00 (P95=48.00). Clipped 86381/3558407 values (2.43%)
strain_yWT03a: Clipping values above 15.00 (P95=10.00). Clipped 10602/347679 values (3.05%)
strain_yWT04a: Clipping values above 58.50 (P95=39.00). Clipped 21095/725406 values (2.91%)
strain_ylic137: Clipping values above 142.50 (P95=95.00). Clipped 28746/1112684 values (2.58%)
Standardizing features: ['Centr', 'Nucl']
Column order in final array (Dataset/Chrom split): ['Value', 'Nucleosome_Distance', 'Centromere_Distance', 'Value_Raw', 'Size_Factor']
Removing 0 empty data points out of 35944
Column order in final array (Dataset/Chrom split): ['Value', 'Nucleosome_Distance', 'Centromere_Distance', 'Value_Raw', 'Size_Factor']
Removing 0 empty data points out of 13536
Column order in final array (Dataset/Chrom split): ['Value', 'Nucleosome_Distance', 'Centromere_Distance', 'Value_Raw', 'Size_Factor']
Removing 0 empty data points out of 13912
Datasets created:
  Train: (35944, 2000, 5), Val: (13536, 2000, 5), Test: (13912, 2000, 5)

Randomly sampled 31447/35944 samples (87.5%)
Applied denoising with 15.0% masking
Applied denoising with 15.0% masking
Applied denoising with 15.0% masking
Epoch [1/34], Total Loss: 1588.2326, NLL: 3.0133, Masked: 28.5515, Reg: 1562.060434
Epoch [2/34], Total Loss: 434.8906, NLL: 3.0126, Masked: 28.5458, Reg: 408.723815
Epoch [3/34], Total Loss: 425.1638, NLL: 3.0121, Masked: 28.5405, Reg: 399.001708
Epoch [4/34], Total Loss: 417.7441, NLL: 3.0118, Masked: 28.5503, Reg: 391.574476
Epoch [5/34], Total Loss: 410.3139, NLL: 3.0115, Masked: 28.5486, Reg: 384.145872
Epoch [6/34], Total Loss: 402.8843, NLL: 3.0114, Masked: 28.5439, Reg: 376.720282
Epoch [7/34], Total Loss: 395.4603, NLL: 3.0114, Masked: 28.5485, Reg: 369.292501
Epoch [8/34], Total Loss: 388.0296, NLL: 3.0114, Masked: 28.5480, Reg: 361.862143
Epoch [9/34], Total Loss: 380.6068, NLL: 3.0117, Masked: 28.5484, Reg: 354.438750
Epoch [10/34], Total Loss: 373.1822, NLL: 3.0120, Masked: 28.5470, Reg: 347.015013
Epoch [11/34], Total Loss: 365.7574, NLL: 3.0125, Masked: 28.5482, Reg: 339.588769
Epoch [12/34], Total Loss: 358.3287, NLL: 3.0131, Masked: 28.5458, Reg: 332.161325
Epoch [13/34], Total Loss: 350.8982, NLL: 3.0139, Masked: 28.5458, Reg: 324.730091
Epoch [14/34], Total Loss: 343.4709, NLL: 3.0149, Masked: 28.5440, Reg: 317.303241
Epoch [15/34], Total Loss: 336.0513, NLL: 3.0159, Masked: 28.5437, Reg: 309.882787
Epoch [16/34], Total Loss: 328.6310, NLL: 3.0171, Masked: 28.5463, Reg: 302.459269
Epoch [17/34], Total Loss: 321.2012, NLL: 3.0186, Masked: 28.5488, Reg: 295.025924
Epoch [18/34], Total Loss: 313.7770, NLL: 3.0202, Masked: 28.5489, Reg: 287.600114
Epoch [19/34], Total Loss: 306.3547, NLL: 3.0219, Masked: 28.5441, Reg: 280.179852
Epoch [20/34], Total Loss: 298.9261, NLL: 3.0239, Masked: 28.5431, Reg: 272.750149
Epoch [21/34], Total Loss: 291.5015, NLL: 3.0260, Masked: 28.5430, Reg: 265.323536
Epoch [22/34], Total Loss: 284.0787, NLL: 3.0284, Masked: 28.5440, Reg: 257.897596
Epoch [23/34], Total Loss: 276.6602, NLL: 3.0309, Masked: 28.5448, Reg: 250.475865
Epoch [24/34], Total Loss: 269.2409, NLL: 3.0337, Masked: 28.5474, Reg: 243.051696
Epoch [25/34], Total Loss: 261.8122, NLL: 3.0367, Masked: 28.5456, Reg: 235.621491
Epoch [26/34], Total Loss: 254.3926, NLL: 3.0398, Masked: 28.5448, Reg: 228.199392
Epoch [27/34], Total Loss: 246.9719, NLL: 3.0432, Masked: 28.5444, Reg: 220.775530
Epoch [28/34], Total Loss: 239.5508, NLL: 3.0469, Masked: 28.5442, Reg: 213.350984
Epoch [29/34], Total Loss: 232.1334, NLL: 3.0508, Masked: 28.5464, Reg: 205.927853
Epoch [30/34], Total Loss: 224.7175, NLL: 3.0549, Masked: 28.5486, Reg: 198.506094
Epoch [31/34], Total Loss: 217.3015, NLL: 3.0592, Masked: 28.5482, Reg: 191.086091
Epoch [32/34], Total Loss: 209.8812, NLL: 3.0639, Masked: 28.5462, Reg: 183.662786
Epoch [33/34], Total Loss: 202.4654, NLL: 3.0687, Masked: 28.5495, Reg: 176.239455
Epoch [34/34], Total Loss: 195.0468, NLL: 3.0739, Masked: 28.5448, Reg: 168.819536

==================================================
EVALUATING ON TRAINING DATA
==================================================

==================================================
TEST RESULTS
==================================================
Total Loss: 191.214955
  - ZINB NLL: 3.076558
Total number of masked values: 7254800
  - Number of values with pi >= 0.47990165334790624: 0
  - Number of values with pi < 0.47990165334790624: 7254800
  - Masked Reconstruction: 28.544858
  - Regularization: 164.984940
Mean Absolute Error (MAE): 26.278954
R² Score: -38.603771
==================================================


==================================================
TEST RESULTS
==================================================
Total Loss: 189.101566
  - ZINB NLL: 3.076240
Total number of masked values: 3124447
  - Number of values with pi >= 0.47990165334790624: 0
  - Number of values with pi < 0.47990165334790624: 3124447
  - Masked Reconstruction: 25.939747
  - Regularization: 164.984940
Mean Absolute Error (MAE): 26.298454
R² Score: -43.330307
==================================================


>>> Optimizing zinb_nll on VALIDATION set: 3.076240
>>> Full validation metrics: {'total_loss': 189.1015659629876, 'zinb_nll': 3.0762398693860282, 'mae': 26.29845428466797, 'r2': -43.33030700683594, 'masked_loss': 25.939746607561766, 'reg_loss': 164.98493991269595}

Iteration No: 3 ended. Evaluation done at random point.
Time taken: 650.8875
Function value obtained: 3.0762
Current minimum: 1.5831
Iteration No: 4 started. Evaluating function at random point.

================================================================================
Trial with parameters:
  features: Centr
  step_size: 0.970879018262012
  bin_size: 42
  sample_fraction: 0.8104900826030357
  moving_average: False
  first_layer_size_factor: 90
  num_layers: 5
  use_conv: False
  conv_channel: 47
  pool_size: 4
  kernel_size: 3
  epochs: 32
  batch_size: 64
  pi_threshold: 0.4579526072702279
  learning_rate: 7.593893885357795e-05
  dropout_rate: 0.00703991135754223
  masked_recon_weight: 0.006242659053860573
  regularizer: none
  regularization_weight: 3.398042322726326
================================================================================

Creating datasets with:
  features: ['Centr']
  bin_size: 42
  moving_average: False
  data_point_length: 47 (from 2000)
  step_size: 45 (from fraction 0.970879018262012)
  layers: [np.int64(1440), np.int64(720), np.int64(360), np.int64(180), np.int64(90)] (first=1440, num=5)
  stride: 1 (fixed), padding: same (fixed)


Clipping outliers using 95th percentile * 1.5...
strain_yTW001: Clipping values above 134.25 (P95=89.50). Clipped 27529/1193409 values (2.31%)
strain_FD: Clipping values above 71.92 (P95=47.94). Clipped 95791/4127807 values (2.32%)
strain_dnrp: Clipping values above 243.00 (P95=162.00). Clipped 25649/1119454 values (2.29%)
strain_yEK19: Clipping values above 77.10 (P95=51.40). Clipped 83713/3893623 values (2.15%)
strain_yEK23: Clipping values above 72.00 (P95=48.00). Clipped 86381/3558407 values (2.43%)
strain_yWT03a: Clipping values above 15.00 (P95=10.00). Clipped 10602/347679 values (3.05%)
strain_yWT04a: Clipping values above 58.50 (P95=39.00). Clipped 21095/725406 values (2.91%)
strain_ylic137: Clipping values above 142.50 (P95=95.00). Clipped 28746/1112684 values (2.58%)
Standardizing features: ['Centr']
Column order in final array (Dataset/Chrom split): ['Value', 'Centromere_Distance', 'Value_Raw', 'Size_Factor']
Removing 0 empty data points out of 29000
Column order in final array (Dataset/Chrom split): ['Value', 'Centromere_Distance', 'Value_Raw', 'Size_Factor']
Removing 0 empty data points out of 10928
Column order in final array (Dataset/Chrom split): ['Value', 'Centromere_Distance', 'Value_Raw', 'Size_Factor']
Removing 0 empty data points out of 11224
Datasets created:
  Train: (29000, 47, 4), Val: (10928, 47, 4), Test: (11224, 47, 4)

Randomly sampled 23504/29000 samples (81.0%)
Applied denoising with 15.0% masking
Applied denoising with 15.0% masking
Applied denoising with 15.0% masking
Epoch [1/32], Total Loss: 2.0433, NLL: 2.0091, Masked: 5.4762
Epoch [2/32], Total Loss: 1.7575, NLL: 1.7424, Masked: 2.4129
Epoch [3/32], Total Loss: 1.7533, NLL: 1.7383, Masked: 2.4066
Epoch [4/32], Total Loss: 1.7526, NLL: 1.7376, Masked: 2.4057
Epoch [5/32], Total Loss: 1.7520, NLL: 1.7370, Masked: 2.4010
Epoch [6/32], Total Loss: 1.7512, NLL: 1.7362, Masked: 2.3980
Epoch [7/32], Total Loss: 1.7513, NLL: 1.7363, Masked: 2.3985
Epoch [8/32], Total Loss: 1.7510, NLL: 1.7361, Masked: 2.3968
Epoch [9/32], Total Loss: 1.7508, NLL: 1.7359, Masked: 2.3928
Epoch [10/32], Total Loss: 1.7504, NLL: 1.7354, Masked: 2.3920
Epoch [11/32], Total Loss: 1.7498, NLL: 1.7349, Masked: 2.3911
Epoch [12/32], Total Loss: 1.7219, NLL: 1.7073, Masked: 2.3477
Epoch [13/32], Total Loss: 1.7123, NLL: 1.6978, Masked: 2.3229
Epoch [14/32], Total Loss: 1.7096, NLL: 1.6951, Masked: 2.3156
Epoch [15/32], Total Loss: 1.7064, NLL: 1.6920, Masked: 2.2984
Epoch [16/32], Total Loss: 1.7030, NLL: 1.6887, Masked: 2.2829
Epoch [17/32], Total Loss: 1.6953, NLL: 1.6812, Masked: 2.2606
Epoch [18/32], Total Loss: 1.6698, NLL: 1.6560, Masked: 2.1962
Epoch [19/32], Total Loss: 1.6650, NLL: 1.6514, Masked: 2.1728
Epoch [20/32], Total Loss: 1.6635, NLL: 1.6500, Masked: 2.1699
Epoch [21/32], Total Loss: 1.6626, NLL: 1.6491, Masked: 2.1634
Epoch [22/32], Total Loss: 1.6621, NLL: 1.6486, Masked: 2.1629
Epoch [23/32], Total Loss: 1.6612, NLL: 1.6478, Masked: 2.1544
Epoch [24/32], Total Loss: 1.6607, NLL: 1.6472, Masked: 2.1567
Epoch [25/32], Total Loss: 1.6601, NLL: 1.6466, Masked: 2.1512
Epoch [26/32], Total Loss: 1.6593, NLL: 1.6459, Masked: 2.1525
Epoch [27/32], Total Loss: 1.6587, NLL: 1.6453, Masked: 2.1479
Epoch [28/32], Total Loss: 1.6581, NLL: 1.6448, Masked: 2.1439
Epoch [29/32], Total Loss: 1.6570, NLL: 1.6436, Masked: 2.1409
Epoch [30/32], Total Loss: 1.6565, NLL: 1.6432, Masked: 2.1401
Epoch [31/32], Total Loss: 1.6555, NLL: 1.6422, Masked: 2.1369
Epoch [32/32], Total Loss: 1.6551, NLL: 1.6418, Masked: 2.1357

==================================================
EVALUATING ON TRAINING DATA
==================================================

==================================================
TEST RESULTS
==================================================
Total Loss: 1.653002
  - ZINB NLL: 1.639716
Total number of masked values: 126482
  - Number of values with pi >= 0.4579526072702279: 0
  - Number of values with pi < 0.4579526072702279: 126482
  - Masked Reconstruction: 2.128274
Mean Absolute Error (MAE): 1.868375
R² Score: 0.486812
==================================================


==================================================
TEST RESULTS
==================================================
Total Loss: 1.650202
  - ZINB NLL: 1.637694
Total number of masked values: 58960
  - Number of values with pi >= 0.4579526072702279: 0
  - Number of values with pi < 0.4579526072702279: 58960
  - Masked Reconstruction: 2.003620
Mean Absolute Error (MAE): 1.850005
R² Score: 0.446365
==================================================


>>> Optimizing zinb_nll on VALIDATION set: 1.637694
>>> Full validation metrics: {'total_loss': 1.6502017107400853, 'zinb_nll': 1.6376937976867876, 'mae': 1.8500051498413086, 'r2': 0.4463648200035095, 'masked_loss': 2.003619536648383}

Iteration No: 4 ended. Evaluation done at random point.
Time taken: 110.4530
Function value obtained: 1.6377
Current minimum: 1.5831
Iteration No: 5 started. Evaluating function at random point.

================================================================================
Trial with parameters:
  features: Centr
  step_size: 0.9447256588850119
  bin_size: 33
  sample_fraction: 0.9362197566578357
  moving_average: False
  first_layer_size_factor: 70
  num_layers: 1
  use_conv: True
  conv_channel: 91
  pool_size: 6
  kernel_size: 7
  epochs: 63
  batch_size: 64
  pi_threshold: 0.45317074990151596
  learning_rate: 0.008225007188121396
  dropout_rate: 0.42445691213304204
  masked_recon_weight: 0.7707580772445937
  regularizer: l1
  regularization_weight: 0.0006201235996479077
================================================================================

Creating datasets with:
  features: ['Centr']
  bin_size: 33
  moving_average: False
  data_point_length: 60 (from 2000)
  step_size: 56 (from fraction 0.9447256588850119)
  layers: [np.int64(1120)] (first=1120, num=1)
  stride: 1 (fixed), padding: same (fixed)


Clipping outliers using 95th percentile * 1.5...
strain_yTW001: Clipping values above 134.25 (P95=89.50). Clipped 27529/1193409 values (2.31%)
strain_FD: Clipping values above 71.92 (P95=47.94). Clipped 95791/4127807 values (2.32%)
strain_dnrp: Clipping values above 243.00 (P95=162.00). Clipped 25649/1119454 values (2.29%)
strain_yEK19: Clipping values above 77.10 (P95=51.40). Clipped 83713/3893623 values (2.15%)
strain_yEK23: Clipping values above 72.00 (P95=48.00). Clipped 86381/3558407 values (2.43%)
strain_yWT03a: Clipping values above 15.00 (P95=10.00). Clipped 10602/347679 values (3.05%)
strain_yWT04a: Clipping values above 58.50 (P95=39.00). Clipped 21095/725406 values (2.91%)
strain_ylic137: Clipping values above 142.50 (P95=95.00). Clipped 28746/1112684 values (2.58%)
Standardizing features: ['Centr']
Column order in final array (Dataset/Chrom split): ['Value', 'Centromere_Distance', 'Value_Raw', 'Size_Factor']
Removing 0 empty data points out of 29664
Column order in final array (Dataset/Chrom split): ['Value', 'Centromere_Distance', 'Value_Raw', 'Size_Factor']
Removing 0 empty data points out of 11176
Column order in final array (Dataset/Chrom split): ['Value', 'Centromere_Distance', 'Value_Raw', 'Size_Factor']
Removing 0 empty data points out of 11472
Datasets created:
  Train: (29664, 60, 4), Val: (11176, 60, 4), Test: (11472, 60, 4)

Randomly sampled 27772/29664 samples (93.6%)
Applied denoising with 15.0% masking
Applied denoising with 15.0% masking
Applied denoising with 15.0% masking
Epoch [1/63], Total Loss: 5.2414, NLL: 1.8892, Masked: 2.5414, Reg: 1.393424
Epoch [2/63], Total Loss: 4.6490, NLL: 1.8107, Masked: 2.3948, Reg: 0.992482
Epoch [3/63], Total Loss: 4.6059, NLL: 1.7880, Masked: 2.3727, Reg: 0.989069
Epoch [4/63], Total Loss: 4.5567, NLL: 1.7724, Masked: 2.3494, Reg: 0.973511
Epoch [5/63], Total Loss: 4.5501, NLL: 1.7687, Masked: 2.3416, Reg: 0.976592
Epoch [6/63], Total Loss: 4.5395, NLL: 1.7639, Masked: 2.3390, Reg: 0.972899
Epoch [7/63], Total Loss: 4.5252, NLL: 1.7605, Masked: 2.3293, Reg: 0.969447
Epoch [8/63], Total Loss: 4.5246, NLL: 1.7578, Masked: 2.3297, Reg: 0.971201
Epoch [9/63], Total Loss: 4.5197, NLL: 1.7545, Masked: 2.3208, Reg: 0.976430
Epoch [10/63], Total Loss: 4.5212, NLL: 1.7539, Masked: 2.3232, Reg: 0.976683
Epoch [11/63], Total Loss: 4.5122, NLL: 1.7534, Masked: 2.3207, Reg: 0.970098
Epoch [12/63], Total Loss: 4.5212, NLL: 1.7535, Masked: 2.3213, Reg: 0.978558
Epoch [13/63], Total Loss: 4.5186, NLL: 1.7532, Masked: 2.3238, Reg: 0.974266
Epoch [14/63], Total Loss: 4.5305, NLL: 1.7548, Masked: 2.3228, Reg: 0.985359
Epoch [15/63], Total Loss: 4.5161, NLL: 1.7527, Masked: 2.3241, Reg: 0.972054
Epoch [16/63], Total Loss: 4.5157, NLL: 1.7516, Masked: 2.3192, Reg: 0.976571
Epoch [17/63], Total Loss: 4.5137, NLL: 1.7528, Masked: 2.3226, Reg: 0.970839
Epoch [18/63], Total Loss: 4.5179, NLL: 1.7522, Masked: 2.3226, Reg: 0.975503
Epoch [19/63], Total Loss: 4.5249, NLL: 1.7528, Masked: 2.3205, Reg: 0.983500
Epoch [20/63], Total Loss: 4.5223, NLL: 1.7540, Masked: 2.3228, Reg: 0.978035
Epoch [21/63], Total Loss: 4.5192, NLL: 1.7514, Masked: 2.3240, Reg: 0.976533
Epoch [22/63], Total Loss: 4.5193, NLL: 1.7527, Masked: 2.3225, Reg: 0.976476
Epoch [23/63], Total Loss: 4.5154, NLL: 1.7516, Masked: 2.3263, Reg: 0.970779
Epoch [24/63], Total Loss: 4.5237, NLL: 1.7540, Masked: 2.3215, Reg: 0.980434
Epoch [25/63], Total Loss: 4.5215, NLL: 1.7533, Masked: 2.3241, Reg: 0.976978
Epoch [26/63], Total Loss: 4.5340, NLL: 1.7539, Masked: 2.3299, Reg: 0.984271
Epoch [27/63], Total Loss: 4.5198, NLL: 1.7541, Masked: 2.3196, Reg: 0.977799
Epoch [28/63], Total Loss: 4.5270, NLL: 1.7534, Masked: 2.3242, Reg: 0.982159
Epoch [29/63], Total Loss: 4.5178, NLL: 1.7540, Masked: 2.3185, Reg: 0.976824
Epoch [30/63], Total Loss: 4.5210, NLL: 1.7548, Masked: 2.3224, Reg: 0.976134
Epoch [31/63], Total Loss: 4.5178, NLL: 1.7528, Masked: 2.3244, Reg: 0.973359
Epoch [32/63], Total Loss: 4.5226, NLL: 1.7531, Masked: 2.3215, Reg: 0.980165
Epoch [33/63], Total Loss: 4.5294, NLL: 1.7532, Masked: 2.3239, Reg: 0.985120
Epoch [34/63], Total Loss: 4.5218, NLL: 1.7544, Masked: 2.3256, Reg: 0.974989
Epoch [35/63], Total Loss: 4.5215, NLL: 1.7533, Masked: 2.3268, Reg: 0.974776
Epoch [36/63], Total Loss: 4.5250, NLL: 1.7542, Masked: 2.3275, Reg: 0.976877
Epoch [37/63], Total Loss: 4.5111, NLL: 1.7514, Masked: 2.3147, Reg: 0.975647
Epoch [38/63], Total Loss: 4.5271, NLL: 1.7536, Masked: 2.3245, Reg: 0.981828
Epoch [39/63], Total Loss: 4.5215, NLL: 1.7538, Masked: 2.3249, Reg: 0.975753
Epoch [40/63], Total Loss: 4.5158, NLL: 1.7519, Masked: 2.3215, Reg: 0.974637
Epoch [41/63], Total Loss: 4.5297, NLL: 1.7543, Masked: 2.3257, Reg: 0.982812
Epoch [42/63], Total Loss: 4.5118, NLL: 1.7512, Masked: 2.3204, Reg: 0.972143
Epoch [43/63], Total Loss: 4.5161, NLL: 1.7517, Masked: 2.3214, Reg: 0.975153
Epoch [44/63], Total Loss: 4.5137, NLL: 1.7522, Masked: 2.3213, Reg: 0.972283
Epoch [45/63], Total Loss: 4.5161, NLL: 1.7524, Masked: 2.3236, Reg: 0.972698
Epoch [46/63], Total Loss: 4.5299, NLL: 1.7525, Masked: 2.3260, Reg: 0.984598
Epoch [47/63], Total Loss: 4.5214, NLL: 1.7513, Masked: 2.3266, Reg: 0.976871
Epoch [48/63], Total Loss: 4.5292, NLL: 1.7540, Masked: 2.3239, Reg: 0.984115
Epoch [49/63], Total Loss: 4.5223, NLL: 1.7529, Masked: 2.3257, Reg: 0.976807
Epoch [50/63], Total Loss: 4.5199, NLL: 1.7528, Masked: 2.3255, Reg: 0.974761
Epoch [51/63], Total Loss: 4.5187, NLL: 1.7533, Masked: 2.3205, Reg: 0.976904
Epoch [52/63], Total Loss: 4.5255, NLL: 1.7525, Masked: 2.3228, Reg: 0.982638
Epoch [53/63], Total Loss: 4.5130, NLL: 1.7506, Masked: 2.3266, Reg: 0.969081
Epoch [54/63], Total Loss: 4.5127, NLL: 1.7496, Masked: 2.3225, Reg: 0.972960
Epoch [55/63], Total Loss: 4.5184, NLL: 1.7527, Masked: 2.3258, Reg: 0.973023
Epoch [56/63], Total Loss: 4.5224, NLL: 1.7533, Masked: 2.3244, Reg: 0.977586
Epoch [57/63], Total Loss: 4.5167, NLL: 1.7513, Masked: 2.3261, Reg: 0.972461
Epoch [58/63], Total Loss: 4.5183, NLL: 1.7506, Masked: 2.3254, Reg: 0.975389
Epoch [59/63], Total Loss: 4.5229, NLL: 1.7526, Masked: 2.3246, Reg: 0.978604
Epoch [60/63], Total Loss: 4.5243, NLL: 1.7542, Masked: 2.3258, Reg: 0.977442
Epoch [61/63], Total Loss: 4.5198, NLL: 1.7524, Masked: 2.3261, Reg: 0.974578
Epoch [62/63], Total Loss: 4.5123, NLL: 1.7511, Masked: 2.3180, Reg: 0.974541
Epoch [63/63], Total Loss: 4.5199, NLL: 1.7525, Masked: 2.3239, Reg: 0.976207

==================================================
EVALUATING ON TRAINING DATA
==================================================

==================================================
TEST RESULTS
==================================================
Total Loss: 4.387169
  - ZINB NLL: 1.709508
Total number of masked values: 183990
  - Number of values with pi >= 0.45317074990151596: 6
  - Number of values with pi < 0.45317074990151596: 183984
  - Masked Reconstruction: 2.220575
  - Regularization: 0.966134
Mean Absolute Error (MAE): 1.927383
R² Score: 0.270061
==================================================


==================================================
TEST RESULTS
==================================================
Total Loss: 4.275067
  - ZINB NLL: 1.698689
Total number of masked values: 74101
  - Number of values with pi >= 0.45317074990151596: 9
  - Number of values with pi < 0.45317074990151596: 74092
  - Masked Reconstruction: 2.089169
  - Regularization: 0.966134
Mean Absolute Error (MAE): 1.895168
R² Score: 0.293557
==================================================


>>> Optimizing zinb_nll on VALIDATION set: 1.698689
>>> Full validation metrics: {'total_loss': 4.275066890627807, 'zinb_nll': 1.6986885872071524, 'mae': 1.8951680660247803, 'r2': 0.29355698823928833, 'masked_loss': 2.0891689402594595, 'reg_loss': 0.966134400567855}

Iteration No: 5 ended. Evaluation done at random point.
Time taken: 176.5372
Function value obtained: 1.6987
Current minimum: 1.5831
Iteration No: 6 started. Evaluating function at random point.

================================================================================
Trial with parameters:
  features: Centr_Nucl
  step_size: 0.7829971672643407
  bin_size: 6
  sample_fraction: 0.5795023763993277
  moving_average: True
  first_layer_size_factor: 135
  num_layers: 3
  use_conv: False
  conv_channel: 94
  pool_size: 3
  kernel_size: 7
  epochs: 95
  batch_size: 32
  pi_threshold: 0.6771414282231925
  learning_rate: 0.0006260318075113794
  dropout_rate: 0.34739246651985234
  masked_recon_weight: 3.325610295975196
  regularizer: l2
  regularization_weight: 0.0011733722171268575
================================================================================

Creating datasets with:
  features: ['Centr', 'Nucl']
  bin_size: 6
  moving_average: True
  data_point_length: 2000 (from 2000)
  step_size: 1565 (from fraction 0.7829971672643407)
  layers: [np.int64(2160), np.int64(1080), np.int64(540)] (first=2160, num=3)
  stride: 1 (fixed), padding: same (fixed)


Clipping outliers using 95th percentile * 1.5...
strain_yTW001: Clipping values above 134.25 (P95=89.50). Clipped 27529/1193409 values (2.31%)
strain_FD: Clipping values above 71.92 (P95=47.94). Clipped 95791/4127807 values (2.32%)
strain_dnrp: Clipping values above 243.00 (P95=162.00). Clipped 25649/1119454 values (2.29%)
strain_yEK19: Clipping values above 77.10 (P95=51.40). Clipped 83713/3893623 values (2.15%)
strain_yEK23: Clipping values above 72.00 (P95=48.00). Clipped 86381/3558407 values (2.43%)
strain_yWT03a: Clipping values above 15.00 (P95=10.00). Clipped 10602/347679 values (3.05%)
strain_yWT04a: Clipping values above 58.50 (P95=39.00). Clipped 21095/725406 values (2.91%)
strain_ylic137: Clipping values above 142.50 (P95=95.00). Clipped 28746/1112684 values (2.58%)
Standardizing features: ['Centr', 'Nucl']
Column order in final array (Dataset/Chrom split): ['Value', 'Nucleosome_Distance', 'Centromere_Distance', 'Value_Raw', 'Size_Factor']
Removing 0 empty data points out of 35008
Column order in final array (Dataset/Chrom split): ['Value', 'Nucleosome_Distance', 'Centromere_Distance', 'Value_Raw', 'Size_Factor']
Removing 0 empty data points out of 13184
Column order in final array (Dataset/Chrom split): ['Value', 'Nucleosome_Distance', 'Centromere_Distance', 'Value_Raw', 'Size_Factor']
Removing 0 empty data points out of 13544
Datasets created:
  Train: (35008, 2000, 5), Val: (13184, 2000, 5), Test: (13544, 2000, 5)

Randomly sampled 20287/35008 samples (58.0%)
Applied denoising with 15.0% masking
Applied denoising with 15.0% masking
Applied denoising with 15.0% masking
Epoch [1/95], Total Loss: 343056.2620, NLL: 2.2867, Masked: 103155.1910, Reg: 8.465676
Epoch [2/95], Total Loss: 80330.5708, NLL: 2.2318, Masked: 24154.4647, Reg: 5.371015
Epoch [3/95], Total Loss: 22567.5349, NLL: 2.2177, Masked: 6785.3159, Reg: 3.431149
Epoch [4/95], Total Loss: 20500.1826, NLL: 2.2076, Masked: 6163.6730, Reg: 2.140995
Epoch [5/95], Total Loss: 5122.9106, NLL: 2.2074, Masked: 1539.7784, Reg: 1.346801
Epoch [6/95], Total Loss: 550.3932, NLL: 2.1768, Masked: 164.8468, Reg: 1.045543
Epoch [7/95], Total Loss: 501.8896, NLL: 2.1484, Masked: 150.2705, Reg: 0.862860
Epoch [8/95], Total Loss: 16.2155, NLL: 2.0476, Masked: 4.2603, Reg: 0.849616
Epoch [9/95], Total Loss: 15.9922, NLL: 1.9639, Masked: 4.2183, Reg: 0.804010
Epoch [10/95], Total Loss: 15.9295, NLL: 1.9262, Masked: 4.2107, Reg: 0.774056
Epoch [11/95], Total Loss: 15.8397, NLL: 1.8995, Masked: 4.1918, Reg: 0.775142
Epoch [12/95], Total Loss: 15.8100, NLL: 1.8898, Masked: 4.1857, Reg: 0.741024
Epoch [13/95], Total Loss: 15.7956, NLL: 1.8839, Masked: 4.1832, Reg: 0.714464
Epoch [14/95], Total Loss: 15.8025, NLL: 1.8794, Masked: 4.1866, Reg: 0.687594
Epoch [15/95], Total Loss: 15.7801, NLL: 1.8766, Masked: 4.1807, Reg: 0.688371
Epoch [16/95], Total Loss: 15.7639, NLL: 1.8708, Masked: 4.1776, Reg: 0.694419
Epoch [17/95], Total Loss: 15.7589, NLL: 1.8665, Masked: 4.1774, Reg: 0.694954
Epoch [18/95], Total Loss: 15.7268, NLL: 1.8673, Masked: 4.1675, Reg: 0.684536
Epoch [19/95], Total Loss: 15.7406, NLL: 1.8619, Masked: 4.1733, Reg: 0.696283
Epoch [20/95], Total Loss: 15.7463, NLL: 1.8572, Masked: 4.1764, Reg: 0.690298
Epoch [21/95], Total Loss: 15.7478, NLL: 1.8571, Masked: 4.1769, Reg: 0.699656
Epoch [22/95], Total Loss: 15.7184, NLL: 1.8538, Masked: 4.1690, Reg: 0.676095
Epoch [23/95], Total Loss: 15.7337, NLL: 1.8616, Masked: 4.1713, Reg: 0.676662
Epoch [24/95], Total Loss: 15.7359, NLL: 1.8583, Masked: 4.1729, Reg: 0.685905
Epoch [25/95], Total Loss: 15.7041, NLL: 1.8544, Masked: 4.1645, Reg: 0.696243
Epoch [26/95], Total Loss: 15.7217, NLL: 1.8538, Masked: 4.1701, Reg: 0.691018
Epoch [27/95], Total Loss: 15.7214, NLL: 1.8530, Masked: 4.1702, Reg: 0.680811
Epoch [28/95], Total Loss: 15.7082, NLL: 1.8506, Masked: 4.1669, Reg: 0.678181
Epoch [29/95], Total Loss: 15.6819, NLL: 1.8472, Masked: 4.1601, Reg: 0.664989
Epoch [30/95], Total Loss: 15.7265, NLL: 1.8516, Masked: 4.1721, Reg: 0.680482
Epoch [31/95], Total Loss: 15.7164, NLL: 1.8572, Masked: 4.1674, Reg: 0.674162
Epoch [32/95], Total Loss: 15.7249, NLL: 1.8538, Masked: 4.1710, Reg: 0.669291
Epoch [33/95], Total Loss: 15.7103, NLL: 1.8532, Masked: 4.1668, Reg: 0.666600
Epoch [34/95], Total Loss: 15.6921, NLL: 1.8511, Masked: 4.1619, Reg: 0.685473
Epoch [35/95], Total Loss: 15.6996, NLL: 1.8492, Masked: 4.1648, Reg: 0.699519
Epoch [36/95], Total Loss: 15.7273, NLL: 1.8522, Masked: 4.1722, Reg: 0.683859
Epoch [37/95], Total Loss: 15.7168, NLL: 1.8491, Masked: 4.1700, Reg: 0.684102
Epoch [38/95], Total Loss: 15.7285, NLL: 1.8514, Masked: 4.1728, Reg: 0.690609
Epoch [39/95], Total Loss: 15.6971, NLL: 1.8527, Masked: 4.1630, Reg: 0.671139
Epoch [40/95], Total Loss: 15.7312, NLL: 1.8572, Masked: 4.1719, Reg: 0.682128
Epoch [41/95], Total Loss: 15.7162, NLL: 1.8616, Masked: 4.1660, Reg: 0.660301
Epoch [42/95], Total Loss: 15.6749, NLL: 1.8461, Masked: 4.1583, Reg: 0.655545
Epoch [43/95], Total Loss: 15.7202, NLL: 1.8519, Masked: 4.1701, Reg: 0.655389
Epoch [44/95], Total Loss: 15.6854, NLL: 1.8521, Masked: 4.1596, Reg: 0.651898
Epoch [45/95], Total Loss: 15.7435, NLL: 1.8609, Masked: 4.1745, Reg: 0.686161
Epoch [46/95], Total Loss: 15.7349, NLL: 1.8584, Masked: 4.1726, Reg: 0.677429
Epoch [47/95], Total Loss: 15.6927, NLL: 1.8445, Masked: 4.1641, Reg: 0.681122
Epoch [48/95], Total Loss: 15.7074, NLL: 1.8561, Masked: 4.1650, Reg: 0.650524
Epoch [49/95], Total Loss: 15.7336, NLL: 1.8527, Masked: 4.1739, Reg: 0.670120
Epoch [50/95], Total Loss: 15.7018, NLL: 1.8524, Masked: 4.1645, Reg: 0.677376
Epoch [51/95], Total Loss: 15.7292, NLL: 1.8517, Masked: 4.1729, Reg: 0.668249
Epoch [52/95], Total Loss: 15.7021, NLL: 1.8513, Masked: 4.1649, Reg: 0.655384
Epoch [53/95], Total Loss: 15.7221, NLL: 1.8561, Masked: 4.1695, Reg: 0.666328
Epoch [54/95], Total Loss: 15.6958, NLL: 1.8518, Masked: 4.1628, Reg: 0.685021
Epoch [55/95], Total Loss: 15.6927, NLL: 1.8517, Masked: 4.1619, Reg: 0.676106
Epoch [56/95], Total Loss: 15.7063, NLL: 1.8531, Masked: 4.1656, Reg: 0.665565
Epoch [57/95], Total Loss: 15.7100, NLL: 1.8584, Masked: 4.1651, Reg: 0.659727
Epoch [58/95], Total Loss: 15.7049, NLL: 1.8525, Masked: 4.1654, Reg: 0.638011
Epoch [59/95], Total Loss: 15.7087, NLL: 1.8526, Masked: 4.1665, Reg: 0.664059
Epoch [60/95], Total Loss: 15.7265, NLL: 1.8503, Masked: 4.1725, Reg: 0.662428
Epoch [61/95], Total Loss: 15.7242, NLL: 1.8520, Masked: 4.1713, Reg: 0.663670
Epoch [62/95], Total Loss: 15.7159, NLL: 1.8510, Masked: 4.1691, Reg: 0.673465
Epoch [63/95], Total Loss: 15.7068, NLL: 1.8585, Masked: 4.1641, Reg: 0.672017
Epoch [64/95], Total Loss: 15.7172, NLL: 1.8536, Masked: 4.1687, Reg: 0.672184
Epoch [65/95], Total Loss: 15.6895, NLL: 1.8484, Masked: 4.1620, Reg: 0.677523
Epoch [66/95], Total Loss: 15.6950, NLL: 1.8507, Masked: 4.1629, Reg: 0.668339
Epoch [67/95], Total Loss: 15.6894, NLL: 1.8457, Masked: 4.1627, Reg: 0.671717
Epoch [68/95], Total Loss: 15.7156, NLL: 1.8510, Masked: 4.1690, Reg: 0.664361
Epoch [69/95], Total Loss: 15.7297, NLL: 1.8599, Masked: 4.1706, Reg: 0.670400
Epoch [70/95], Total Loss: 15.7083, NLL: 1.8562, Masked: 4.1653, Reg: 0.676379
Epoch [71/95], Total Loss: 15.7190, NLL: 1.8517, Masked: 4.1698, Reg: 0.670165
Epoch [72/95], Total Loss: 15.6925, NLL: 1.8450, Masked: 4.1639, Reg: 0.674043
Epoch [73/95], Total Loss: 15.7020, NLL: 1.8460, Masked: 4.1664, Reg: 0.659150
Epoch [74/95], Total Loss: 15.6944, NLL: 1.8448, Masked: 4.1645, Reg: 0.683906
Epoch [75/95], Total Loss: 15.7081, NLL: 1.8553, Masked: 4.1655, Reg: 0.664772
Epoch [76/95], Total Loss: 15.7034, NLL: 1.8483, Masked: 4.1662, Reg: 0.663792
Epoch [77/95], Total Loss: 15.7090, NLL: 1.8546, Masked: 4.1659, Reg: 0.641374
Epoch [78/95], Total Loss: 15.7186, NLL: 1.8530, Masked: 4.1693, Reg: 0.661429
Epoch [79/95], Total Loss: 15.7367, NLL: 1.8631, Masked: 4.1717, Reg: 0.654017
Epoch [80/95], Total Loss: 15.7027, NLL: 1.8529, Masked: 4.1646, Reg: 0.665894
Epoch [81/95], Total Loss: 15.7004, NLL: 1.8514, Masked: 4.1643, Reg: 0.654044
Epoch [82/95], Total Loss: 15.6988, NLL: 1.8538, Masked: 4.1631, Reg: 0.645816
Epoch [83/95], Total Loss: 15.7110, NLL: 1.8504, Masked: 4.1678, Reg: 0.661126
Epoch [84/95], Total Loss: 15.6828, NLL: 1.8475, Masked: 4.1602, Reg: 0.652311
Epoch [85/95], Total Loss: 15.7153, NLL: 1.8482, Masked: 4.1698, Reg: 0.646634
Epoch [86/95], Total Loss: 15.6885, NLL: 1.8506, Masked: 4.1610, Reg: 0.661254
Epoch [87/95], Total Loss: 15.6959, NLL: 1.8496, Masked: 4.1635, Reg: 0.648154
Epoch [88/95], Total Loss: 15.6874, NLL: 1.8481, Masked: 4.1614, Reg: 0.636986
Epoch [89/95], Total Loss: 15.7258, NLL: 1.8519, Masked: 4.1718, Reg: 0.644186
Epoch [90/95], Total Loss: 15.6976, NLL: 1.8494, Masked: 4.1641, Reg: 0.637061
Epoch [91/95], Total Loss: 15.7189, NLL: 1.8544, Masked: 4.1690, Reg: 0.654848
Epoch [92/95], Total Loss: 15.6926, NLL: 1.8490, Masked: 4.1627, Reg: 0.650987
Epoch [93/95], Total Loss: 15.7059, NLL: 1.8505, Masked: 4.1663, Reg: 0.651984
Epoch [94/95], Total Loss: 15.7039, NLL: 1.8488, Masked: 4.1662, Reg: 0.654582
Epoch [95/95], Total Loss: 15.6969, NLL: 1.8512, Masked: 4.1633, Reg: 0.632657

==================================================
EVALUATING ON TRAINING DATA
==================================================

==================================================
TEST RESULTS
==================================================
Total Loss: 15.627316
  - ZINB NLL: 1.811952
Total number of masked values: 2821141
  - Number of values with pi >= 0.6771414282231925: 0
  - Number of values with pi < 0.6771414282231925: 2821141
  - Masked Reconstruction: 4.154234
  - Regularization: 0.636443
Mean Absolute Error (MAE): 2.730553
R² Score: 0.063023
==================================================


==================================================
TEST RESULTS
==================================================
Total Loss: 14.633106
  - ZINB NLL: 1.812249
Total number of masked values: 1828721
  - Number of values with pi >= 0.6771414282231925: 0
  - Number of values with pi < 0.6771414282231925: 1828721
  - Masked Reconstruction: 3.855189
  - Regularization: 0.636443
Mean Absolute Error (MAE): 2.661190
R² Score: 0.063117
==================================================


>>> Optimizing zinb_nll on VALIDATION set: 1.812249
>>> Full validation metrics: {'total_loss': 14.633105593977623, 'zinb_nll': 1.8122490161252254, 'mae': 2.661189556121826, 'r2': 0.06311696767807007, 'masked_loss': 3.8551889928509886, 'reg_loss': 0.6364430634237918}

Iteration No: 6 ended. Evaluation done at random point.
Time taken: 1192.8325
Function value obtained: 1.8122
Current minimum: 1.5831
Iteration No: 7 started. Evaluating function at random point.

================================================================================
Trial with parameters:
  features: Centr_Nucl
  step_size: 0.5924009278621828
  bin_size: 12
  sample_fraction: 0.5623824609027748
  moving_average: False
  first_layer_size_factor: 51
  num_layers: 1
  use_conv: True
  conv_channel: 118
  pool_size: 4
  kernel_size: 7
  epochs: 30
  batch_size: 64
  pi_threshold: 0.4219125032632116
  learning_rate: 3.1186566205519816e-05
  dropout_rate: 0.26704470968772104
  masked_recon_weight: 0.08696007095406233
  regularizer: none
  regularization_weight: 0.0007689291700576299
================================================================================

Creating datasets with:
  features: ['Centr', 'Nucl']
  bin_size: 12
  moving_average: False
  data_point_length: 166 (from 2000)
  step_size: 98 (from fraction 0.5924009278621828)
  layers: [np.int64(816)] (first=816, num=1)
  stride: 1 (fixed), padding: same (fixed)


Clipping outliers using 95th percentile * 1.5...
strain_yTW001: Clipping values above 134.25 (P95=89.50). Clipped 27529/1193409 values (2.31%)
strain_FD: Clipping values above 71.92 (P95=47.94). Clipped 95791/4127807 values (2.32%)
strain_dnrp: Clipping values above 243.00 (P95=162.00). Clipped 25649/1119454 values (2.29%)
strain_yEK19: Clipping values above 77.10 (P95=51.40). Clipped 83713/3893623 values (2.15%)
strain_yEK23: Clipping values above 72.00 (P95=48.00). Clipped 86381/3558407 values (2.43%)
strain_yWT03a: Clipping values above 15.00 (P95=10.00). Clipped 10602/347679 values (3.05%)
strain_yWT04a: Clipping values above 58.50 (P95=39.00). Clipped 21095/725406 values (2.91%)
strain_ylic137: Clipping values above 142.50 (P95=95.00). Clipped 28746/1112684 values (2.58%)
Standardizing features: ['Centr', 'Nucl']
Column order in final array (Dataset/Chrom split): ['Value', 'Nucleosome_Distance', 'Centromere_Distance', 'Value_Raw', 'Size_Factor']
Removing 0 empty data points out of 46560
Column order in final array (Dataset/Chrom split): ['Value', 'Nucleosome_Distance', 'Centromere_Distance', 'Value_Raw', 'Size_Factor']
Removing 0 empty data points out of 17528
Column order in final array (Dataset/Chrom split): ['Value', 'Nucleosome_Distance', 'Centromere_Distance', 'Value_Raw', 'Size_Factor']
Removing 0 empty data points out of 18008
Datasets created:
  Train: (46560, 166, 5), Val: (17528, 166, 5), Test: (18008, 166, 5)

Randomly sampled 26184/46560 samples (56.2%)
Applied denoising with 15.0% masking
Applied denoising with 15.0% masking
Applied denoising with 15.0% masking
Epoch [1/30], Total Loss: 2.5456, NLL: 2.0019, Masked: 6.2530
Epoch [2/30], Total Loss: 2.1411, NLL: 1.8410, Masked: 3.4509
Epoch [3/30], Total Loss: 2.0942, NLL: 1.8020, Masked: 3.3599
Epoch [4/30], Total Loss: 2.0683, NLL: 1.7800, Masked: 3.3161
Epoch [5/30], Total Loss: 2.0482, NLL: 1.7622, Masked: 3.2889
Epoch [6/30], Total Loss: 2.0267, NLL: 1.7444, Masked: 3.2466
Epoch [7/30], Total Loss: 2.0053, NLL: 1.7257, Masked: 3.2158
Epoch [8/30], Total Loss: 1.9853, NLL: 1.7081, Masked: 3.1873
Epoch [9/30], Total Loss: 1.9683, NLL: 1.6916, Masked: 3.1811
Epoch [10/30], Total Loss: 1.9481, NLL: 1.6775, Masked: 3.1108
Epoch [11/30], Total Loss: 1.9337, NLL: 1.6651, Masked: 3.0891
Epoch [12/30], Total Loss: 1.9198, NLL: 1.6538, Masked: 3.0589
Epoch [13/30], Total Loss: 1.9066, NLL: 1.6437, Masked: 3.0229
Epoch [14/30], Total Loss: 1.8966, NLL: 1.6351, Masked: 3.0073
Epoch [15/30], Total Loss: 1.8862, NLL: 1.6271, Masked: 2.9794
Epoch [16/30], Total Loss: 1.8771, NLL: 1.6200, Masked: 2.9563
Epoch [17/30], Total Loss: 1.8695, NLL: 1.6135, Masked: 2.9435
Epoch [18/30], Total Loss: 1.8620, NLL: 1.6076, Masked: 2.9246
Epoch [19/30], Total Loss: 1.8555, NLL: 1.6026, Masked: 2.9082
Epoch [20/30], Total Loss: 1.8484, NLL: 1.5975, Masked: 2.8854
Epoch [21/30], Total Loss: 1.8432, NLL: 1.5932, Masked: 2.8743
Epoch [22/30], Total Loss: 1.8365, NLL: 1.5886, Masked: 2.8508
Epoch [23/30], Total Loss: 1.8305, NLL: 1.5841, Masked: 2.8338
Epoch [24/30], Total Loss: 1.8257, NLL: 1.5800, Masked: 2.8250
Epoch [25/30], Total Loss: 1.8195, NLL: 1.5760, Masked: 2.7997
Epoch [26/30], Total Loss: 1.8141, NLL: 1.5721, Masked: 2.7830
Epoch [27/30], Total Loss: 1.8092, NLL: 1.5684, Masked: 2.7686
Epoch [28/30], Total Loss: 1.8037, NLL: 1.5643, Masked: 2.7531
Epoch [29/30], Total Loss: 1.7985, NLL: 1.5607, Masked: 2.7344
Epoch [30/30], Total Loss: 1.7932, NLL: 1.5569, Masked: 2.7180

==================================================
EVALUATING ON TRAINING DATA
==================================================

==================================================
TEST RESULTS
==================================================
Total Loss: 1.781623
  - ZINB NLL: 1.549172
Total number of masked values: 375009
  - Number of values with pi >= 0.4219125032632116: 15717
  - Number of values with pi < 0.4219125032632116: 359292
  - Masked Reconstruction: 2.673074
Mean Absolute Error (MAE): 1.969066
R² Score: 0.535226
==================================================


==================================================
TEST RESULTS
==================================================
Total Loss: 1.773386
  - ZINB NLL: 1.549997
Total number of masked values: 251337
  - Number of values with pi >= 0.4219125032632116: 10593
  - Number of values with pi < 0.4219125032632116: 240744
  - Masked Reconstruction: 2.568869
Mean Absolute Error (MAE): 1.968431
R² Score: 0.495494
==================================================


>>> Optimizing zinb_nll on VALIDATION set: 1.549997
>>> Full validation metrics: {'total_loss': 1.773386166880306, 'zinb_nll': 1.549997177258957, 'mae': 1.9684313535690308, 'r2': 0.49549418687820435, 'masked_loss': 2.56886855819246}

Iteration No: 7 ended. Evaluation done at random point.
Time taken: 161.7035
Function value obtained: 1.5500
Current minimum: 1.5500
Iteration No: 8 started. Evaluating function at random point.

================================================================================
Trial with parameters:
  features: Centr_Nucl
  step_size: 0.37621828162969795
  bin_size: 12
  sample_fraction: 0.668576501513006
  moving_average: True
  first_layer_size_factor: 13
  num_layers: 2
  use_conv: True
  conv_channel: 94
  pool_size: 6
  kernel_size: 3
  epochs: 150
  batch_size: 32
  pi_threshold: 0.6906459823330612
  learning_rate: 0.0001710452585899055
  dropout_rate: 0.016525366450274196
  masked_recon_weight: 0.024004075943521636
  regularizer: l2
  regularization_weight: 0.5820203380944969
================================================================================

Creating datasets with:
  features: ['Centr', 'Nucl']
  bin_size: 12
  moving_average: True
  data_point_length: 2000 (from 2000)
  step_size: 752 (from fraction 0.37621828162969795)
  layers: [np.int64(208), np.int64(104)] (first=208, num=2)
  stride: 1 (fixed), padding: same (fixed)


Clipping outliers using 95th percentile * 1.5...
strain_yTW001: Clipping values above 134.25 (P95=89.50). Clipped 27529/1193409 values (2.31%)
strain_FD: Clipping values above 71.92 (P95=47.94). Clipped 95791/4127807 values (2.32%)
strain_dnrp: Clipping values above 243.00 (P95=162.00). Clipped 25649/1119454 values (2.29%)
strain_yEK19: Clipping values above 77.10 (P95=51.40). Clipped 83713/3893623 values (2.15%)
strain_yEK23: Clipping values above 72.00 (P95=48.00). Clipped 86381/3558407 values (2.43%)
strain_yWT03a: Clipping values above 15.00 (P95=10.00). Clipped 10602/347679 values (3.05%)
strain_yWT04a: Clipping values above 58.50 (P95=39.00). Clipped 21095/725406 values (2.91%)
strain_ylic137: Clipping values above 142.50 (P95=95.00). Clipped 28746/1112684 values (2.58%)
Standardizing features: ['Centr', 'Nucl']
Column order in final array (Dataset/Chrom split): ['Value', 'Nucleosome_Distance', 'Centromere_Distance', 'Value_Raw', 'Size_Factor']
Removing 0 empty data points out of 72752
Column order in final array (Dataset/Chrom split): ['Value', 'Nucleosome_Distance', 'Centromere_Distance', 'Value_Raw', 'Size_Factor']
Removing 0 empty data points out of 27400
Column order in final array (Dataset/Chrom split): ['Value', 'Nucleosome_Distance', 'Centromere_Distance', 'Value_Raw', 'Size_Factor']
Removing 0 empty data points out of 28136
Datasets created:
  Train: (72752, 2000, 5), Val: (27400, 2000, 5), Test: (28136, 2000, 5)

Randomly sampled 48640/72752 samples (66.9%)
Applied denoising with 15.0% masking
Applied denoising with 15.0% masking
Applied denoising with 15.0% masking
Epoch [1/150], Total Loss: 3.4891, NLL: 2.7690, Masked: 29.9997, Reg: 4101.201297
Epoch [2/150], Total Loss: 3.4590, NLL: 2.7386, Masked: 30.0108, Reg: 3081.277009
Epoch [3/150], Total Loss: 3.4331, NLL: 2.7130, Masked: 29.9978, Reg: 2244.593491
Epoch [4/150], Total Loss: 3.4138, NLL: 2.6935, Masked: 30.0047, Reg: 1557.634909
Epoch [5/150], Total Loss: 3.4013, NLL: 2.6809, Masked: 30.0101, Reg: 1009.421444
Epoch [6/150], Total Loss: 3.3958, NLL: 2.6758, Masked: 29.9920, Reg: 592.658811
Epoch [7/150], Total Loss: 3.3986, NLL: 2.6784, Masked: 30.0037, Reg: 299.413252
Epoch [8/150], Total Loss: 3.4084, NLL: 2.6879, Masked: 30.0141, Reg: 118.129997
Epoch [9/150], Total Loss: 3.4221, NLL: 2.7016, Masked: 30.0148, Reg: 29.774679
Epoch [10/150], Total Loss: 3.4343, NLL: 2.7139, Masked: 30.0112, Reg: 3.088566
Epoch [11/150], Total Loss: 3.4397, NLL: 2.7192, Masked: 30.0152, Reg: 0.052480
Epoch [12/150], Total Loss: 3.4401, NLL: 2.7199, Masked: 30.0050, Reg: 0.001565
Epoch [13/150], Total Loss: 3.4402, NLL: 2.7199, Masked: 30.0071, Reg: 0.001533
Epoch [14/150], Total Loss: 3.4403, NLL: 2.7199, Masked: 30.0094, Reg: 0.001533
Epoch [15/150], Total Loss: 3.4403, NLL: 2.7199, Masked: 30.0108, Reg: 0.001534
Epoch [16/150], Total Loss: 3.4401, NLL: 2.7199, Masked: 30.0038, Reg: 0.001533
Epoch [17/150], Total Loss: 3.4401, NLL: 2.7199, Masked: 30.0028, Reg: 0.001535
Epoch [18/150], Total Loss: 3.4403, NLL: 2.7199, Masked: 30.0102, Reg: 0.001534
Epoch [19/150], Total Loss: 3.4402, NLL: 2.7199, Masked: 30.0092, Reg: 0.001538
Epoch [20/150], Total Loss: 3.4403, NLL: 2.7199, Masked: 30.0112, Reg: 0.001538
Epoch [21/150], Total Loss: 3.4405, NLL: 2.7199, Masked: 30.0195, Reg: 0.001539
Epoch [22/150], Total Loss: 3.4402, NLL: 2.7199, Masked: 30.0080, Reg: 0.001538
Epoch [23/150], Total Loss: 3.4401, NLL: 2.7199, Masked: 30.0025, Reg: 0.001540
Epoch [24/150], Total Loss: 3.4402, NLL: 2.7199, Masked: 30.0087, Reg: 0.001538
Epoch [25/150], Total Loss: 3.4404, NLL: 2.7199, Masked: 30.0167, Reg: 0.001539
Epoch [26/150], Total Loss: 3.4404, NLL: 2.7199, Masked: 30.0152, Reg: 0.001539
Epoch [27/150], Total Loss: 3.4401, NLL: 2.7199, Masked: 30.0034, Reg: 0.001538
Epoch [28/150], Total Loss: 3.4402, NLL: 2.7199, Masked: 30.0070, Reg: 0.001539
Epoch [29/150], Total Loss: 3.4401, NLL: 2.7199, Masked: 30.0016, Reg: 0.001538
Epoch [30/150], Total Loss: 3.4403, NLL: 2.7199, Masked: 30.0106, Reg: 0.001538
Epoch [31/150], Total Loss: 3.4401, NLL: 2.7199, Masked: 30.0030, Reg: 0.001538
Epoch [32/150], Total Loss: 3.4401, NLL: 2.7199, Masked: 30.0050, Reg: 0.001538
Epoch [33/150], Total Loss: 3.4399, NLL: 2.7199, Masked: 29.9945, Reg: 0.001537
Epoch [34/150], Total Loss: 3.4401, NLL: 2.7199, Masked: 30.0046, Reg: 0.001539
Epoch [35/150], Total Loss: 3.4403, NLL: 2.7199, Masked: 30.0104, Reg: 0.001539
Epoch [36/150], Total Loss: 3.4402, NLL: 2.7199, Masked: 30.0055, Reg: 0.001538
Epoch [37/150], Total Loss: 3.4402, NLL: 2.7199, Masked: 30.0080, Reg: 0.001539
Epoch [38/150], Total Loss: 3.4402, NLL: 2.7199, Masked: 30.0072, Reg: 0.001538
Epoch [39/150], Total Loss: 3.4402, NLL: 2.7199, Masked: 30.0065, Reg: 0.001539
Epoch [40/150], Total Loss: 3.4400, NLL: 2.7199, Masked: 29.9975, Reg: 0.001539
Epoch [41/150], Total Loss: 3.4401, NLL: 2.7199, Masked: 30.0026, Reg: 0.001538
Epoch [42/150], Total Loss: 3.4399, NLL: 2.7199, Masked: 29.9927, Reg: 0.001538
Epoch [43/150], Total Loss: 3.4400, NLL: 2.7199, Masked: 29.9974, Reg: 0.001538
Epoch [44/150], Total Loss: 3.4400, NLL: 2.7199, Masked: 29.9990, Reg: 0.001539
Epoch [45/150], Total Loss: 3.4405, NLL: 2.7199, Masked: 30.0184, Reg: 0.001539
Epoch [46/150], Total Loss: 3.4404, NLL: 2.7199, Masked: 30.0160, Reg: 0.001539
Epoch [47/150], Total Loss: 3.4402, NLL: 2.7199, Masked: 30.0057, Reg: 0.001539
Epoch [48/150], Total Loss: 3.4401, NLL: 2.7199, Masked: 30.0044, Reg: 0.001539
Epoch [49/150], Total Loss: 3.4400, NLL: 2.7199, Masked: 29.9978, Reg: 0.001538
Epoch [50/150], Total Loss: 3.4403, NLL: 2.7199, Masked: 30.0104, Reg: 0.001538
Epoch [51/150], Total Loss: 3.4400, NLL: 2.7199, Masked: 30.0008, Reg: 0.001539
Epoch [52/150], Total Loss: 3.4404, NLL: 2.7199, Masked: 30.0151, Reg: 0.001539
Epoch [53/150], Total Loss: 3.4403, NLL: 2.7199, Masked: 30.0112, Reg: 0.001539
Epoch [54/150], Total Loss: 3.4402, NLL: 2.7199, Masked: 30.0053, Reg: 0.001538
Epoch [55/150], Total Loss: 3.4403, NLL: 2.7199, Masked: 30.0119, Reg: 0.001539
Epoch [56/150], Total Loss: 3.4402, NLL: 2.7199, Masked: 30.0091, Reg: 0.001539
Epoch [57/150], Total Loss: 3.4404, NLL: 2.7199, Masked: 30.0171, Reg: 0.001538
Epoch [58/150], Total Loss: 3.4401, NLL: 2.7199, Masked: 30.0047, Reg: 0.001538
Epoch [59/150], Total Loss: 3.4402, NLL: 2.7199, Masked: 30.0079, Reg: 0.001539
Epoch [60/150], Total Loss: 3.4401, NLL: 2.7199, Masked: 30.0023, Reg: 0.001539
Epoch [61/150], Total Loss: 3.4402, NLL: 2.7199, Masked: 30.0090, Reg: 0.001538
Epoch [62/150], Total Loss: 3.4403, NLL: 2.7199, Masked: 30.0126, Reg: 0.001538
Epoch [63/150], Total Loss: 3.4404, NLL: 2.7199, Masked: 30.0141, Reg: 0.001540
Epoch [64/150], Total Loss: 3.4402, NLL: 2.7199, Masked: 30.0053, Reg: 0.001539
Epoch [65/150], Total Loss: 3.4403, NLL: 2.7199, Masked: 30.0103, Reg: 0.001538
Epoch [66/150], Total Loss: 3.4404, NLL: 2.7199, Masked: 30.0147, Reg: 0.001539
Epoch [67/150], Total Loss: 3.4400, NLL: 2.7199, Masked: 29.9975, Reg: 0.001538
Epoch [68/150], Total Loss: 3.4401, NLL: 2.7199, Masked: 30.0029, Reg: 0.001538
Epoch [69/150], Total Loss: 3.4403, NLL: 2.7199, Masked: 30.0105, Reg: 0.001539
Epoch [70/150], Total Loss: 3.4402, NLL: 2.7199, Masked: 30.0084, Reg: 0.001538
Epoch [71/150], Total Loss: 3.4401, NLL: 2.7199, Masked: 30.0041, Reg: 0.001539
Epoch [72/150], Total Loss: 3.4401, NLL: 2.7199, Masked: 30.0041, Reg: 0.001538
Epoch [73/150], Total Loss: 3.4403, NLL: 2.7199, Masked: 30.0097, Reg: 0.001539
Epoch [74/150], Total Loss: 3.4400, NLL: 2.7199, Masked: 29.9972, Reg: 0.001539
Epoch [75/150], Total Loss: 3.4401, NLL: 2.7199, Masked: 30.0016, Reg: 0.001538
Epoch [76/150], Total Loss: 3.4404, NLL: 2.7199, Masked: 30.0161, Reg: 0.001540
Epoch [77/150], Total Loss: 3.4402, NLL: 2.7199, Masked: 30.0071, Reg: 0.001539
Epoch [78/150], Total Loss: 3.4403, NLL: 2.7199, Masked: 30.0120, Reg: 0.001538
Epoch [79/150], Total Loss: 3.4401, NLL: 2.7199, Masked: 30.0032, Reg: 0.001539
Epoch [80/150], Total Loss: 3.4397, NLL: 2.7199, Masked: 29.9883, Reg: 0.001538
Epoch [81/150], Total Loss: 3.4402, NLL: 2.7199, Masked: 30.0093, Reg: 0.001538
Epoch [82/150], Total Loss: 3.4402, NLL: 2.7199, Masked: 30.0074, Reg: 0.001539
Epoch [83/150], Total Loss: 3.4405, NLL: 2.7199, Masked: 30.0192, Reg: 0.001539
Epoch [84/150], Total Loss: 3.4400, NLL: 2.7199, Masked: 30.0006, Reg: 0.001538
Epoch [85/150], Total Loss: 3.4402, NLL: 2.7199, Masked: 30.0059, Reg: 0.001538
Epoch [86/150], Total Loss: 3.4400, NLL: 2.7199, Masked: 29.9990, Reg: 0.001538
Epoch [87/150], Total Loss: 3.4403, NLL: 2.7199, Masked: 30.0097, Reg: 0.001540
Epoch [88/150], Total Loss: 3.4402, NLL: 2.7199, Masked: 30.0068, Reg: 0.001538
Epoch [89/150], Total Loss: 3.4401, NLL: 2.7199, Masked: 30.0045, Reg: 0.001538
Epoch [90/150], Total Loss: 3.4405, NLL: 2.7199, Masked: 30.0193, Reg: 0.001539
Epoch [91/150], Total Loss: 3.4404, NLL: 2.7199, Masked: 30.0142, Reg: 0.001538
Epoch [92/150], Total Loss: 3.4402, NLL: 2.7199, Masked: 30.0059, Reg: 0.001539
Epoch [93/150], Total Loss: 3.4402, NLL: 2.7199, Masked: 30.0075, Reg: 0.001538
Epoch [94/150], Total Loss: 3.4400, NLL: 2.7199, Masked: 29.9995, Reg: 0.001538
Epoch [95/150], Total Loss: 3.4404, NLL: 2.7199, Masked: 30.0151, Reg: 0.001539
Epoch [96/150], Total Loss: 3.4402, NLL: 2.7199, Masked: 30.0078, Reg: 0.001539
Epoch [97/150], Total Loss: 3.4401, NLL: 2.7199, Masked: 30.0043, Reg: 0.001539
Epoch [98/150], Total Loss: 3.4401, NLL: 2.7199, Masked: 30.0050, Reg: 0.001539
Epoch [99/150], Total Loss: 3.4403, NLL: 2.7199, Masked: 30.0116, Reg: 0.001538
Epoch [100/150], Total Loss: 3.4405, NLL: 2.7199, Masked: 30.0191, Reg: 0.001539
Epoch [101/150], Total Loss: 3.4402, NLL: 2.7199, Masked: 30.0084, Reg: 0.001539
Epoch [102/150], Total Loss: 3.4401, NLL: 2.7199, Masked: 30.0033, Reg: 0.001538
Epoch [103/150], Total Loss: 3.4401, NLL: 2.7199, Masked: 30.0041, Reg: 0.001537
Epoch [104/150], Total Loss: 3.4404, NLL: 2.7199, Masked: 30.0151, Reg: 0.001539
Epoch [105/150], Total Loss: 3.4400, NLL: 2.7199, Masked: 29.9978, Reg: 0.001539
Epoch [106/150], Total Loss: 3.4399, NLL: 2.7199, Masked: 29.9962, Reg: 0.001539
Epoch [107/150], Total Loss: 3.4399, NLL: 2.7199, Masked: 29.9955, Reg: 0.001538
Epoch [108/150], Total Loss: 3.4403, NLL: 2.7199, Masked: 30.0099, Reg: 0.001538
Epoch [109/150], Total Loss: 3.4403, NLL: 2.7199, Masked: 30.0099, Reg: 0.001539
Epoch [110/150], Total Loss: 3.4402, NLL: 2.7199, Masked: 30.0091, Reg: 0.001539
Epoch [111/150], Total Loss: 3.4403, NLL: 2.7199, Masked: 30.0111, Reg: 0.001539
Epoch [112/150], Total Loss: 3.4400, NLL: 2.7199, Masked: 29.9993, Reg: 0.001539
Epoch [113/150], Total Loss: 3.4401, NLL: 2.7199, Masked: 30.0027, Reg: 0.001538
Epoch [114/150], Total Loss: 3.4402, NLL: 2.7199, Masked: 30.0070, Reg: 0.001540
Epoch [115/150], Total Loss: 3.4404, NLL: 2.7199, Masked: 30.0135, Reg: 0.001538
Epoch [116/150], Total Loss: 3.4402, NLL: 2.7199, Masked: 30.0056, Reg: 0.001539
Epoch [117/150], Total Loss: 3.4403, NLL: 2.7199, Masked: 30.0130, Reg: 0.001540
Epoch [118/150], Total Loss: 3.4400, NLL: 2.7199, Masked: 30.0002, Reg: 0.001538
Epoch [119/150], Total Loss: 3.4401, NLL: 2.7199, Masked: 30.0029, Reg: 0.001538
Epoch [120/150], Total Loss: 3.4402, NLL: 2.7199, Masked: 30.0069, Reg: 0.001540
Epoch [121/150], Total Loss: 3.4401, NLL: 2.7199, Masked: 30.0025, Reg: 0.001537
Epoch [122/150], Total Loss: 3.4401, NLL: 2.7199, Masked: 30.0032, Reg: 0.001538
Epoch [123/150], Total Loss: 3.4404, NLL: 2.7199, Masked: 30.0139, Reg: 0.001538
Epoch [124/150], Total Loss: 3.4399, NLL: 2.7199, Masked: 29.9951, Reg: 0.001538
Epoch [125/150], Total Loss: 3.4402, NLL: 2.7199, Masked: 30.0078, Reg: 0.001539
Epoch [126/150], Total Loss: 3.4400, NLL: 2.7199, Masked: 29.9982, Reg: 0.001538
Epoch [127/150], Total Loss: 3.4404, NLL: 2.7199, Masked: 30.0155, Reg: 0.001539
Epoch [128/150], Total Loss: 3.4400, NLL: 2.7199, Masked: 29.9972, Reg: 0.001538
Epoch [129/150], Total Loss: 3.4401, NLL: 2.7199, Masked: 30.0017, Reg: 0.001539
Epoch [130/150], Total Loss: 3.4402, NLL: 2.7199, Masked: 30.0091, Reg: 0.001538
Epoch [131/150], Total Loss: 3.4400, NLL: 2.7199, Masked: 29.9977, Reg: 0.001538
Epoch [132/150], Total Loss: 3.4402, NLL: 2.7199, Masked: 30.0066, Reg: 0.001539
Epoch [133/150], Total Loss: 3.4400, NLL: 2.7199, Masked: 30.0005, Reg: 0.001539
Epoch [134/150], Total Loss: 3.4402, NLL: 2.7199, Masked: 30.0060, Reg: 0.001538
Epoch [135/150], Total Loss: 3.4399, NLL: 2.7199, Masked: 29.9950, Reg: 0.001538
Epoch [136/150], Total Loss: 3.4400, NLL: 2.7199, Masked: 29.9999, Reg: 0.001538
Epoch [137/150], Total Loss: 3.4402, NLL: 2.7199, Masked: 30.0091, Reg: 0.001538
Epoch [138/150], Total Loss: 3.4400, NLL: 2.7199, Masked: 30.0004, Reg: 0.001539
Epoch [139/150], Total Loss: 3.4402, NLL: 2.7199, Masked: 30.0069, Reg: 0.001538
Epoch [140/150], Total Loss: 3.4401, NLL: 2.7199, Masked: 30.0046, Reg: 0.001539
Epoch [141/150], Total Loss: 3.4400, NLL: 2.7199, Masked: 29.9991, Reg: 0.001539
Epoch [142/150], Total Loss: 3.4402, NLL: 2.7199, Masked: 30.0051, Reg: 0.001537
Epoch [143/150], Total Loss: 3.4400, NLL: 2.7199, Masked: 29.9985, Reg: 0.001539
Epoch [144/150], Total Loss: 3.4400, NLL: 2.7199, Masked: 29.9996, Reg: 0.001539
Epoch [145/150], Total Loss: 3.4404, NLL: 2.7199, Masked: 30.0148, Reg: 0.001539
Epoch [146/150], Total Loss: 3.4403, NLL: 2.7199, Masked: 30.0107, Reg: 0.001539
Epoch [147/150], Total Loss: 3.4403, NLL: 2.7199, Masked: 30.0125, Reg: 0.001539
Epoch [148/150], Total Loss: 3.4398, NLL: 2.7199, Masked: 29.9911, Reg: 0.001538
Epoch [149/150], Total Loss: 3.4401, NLL: 2.7199, Masked: 30.0012, Reg: 0.001537
Epoch [150/150], Total Loss: 3.4402, NLL: 2.7199, Masked: 30.0071, Reg: 0.001539

==================================================
EVALUATING ON TRAINING DATA
==================================================

==================================================
TEST RESULTS
==================================================
Total Loss: 3.440145
  - ZINB NLL: 2.719925
Total number of masked values: 8663054
  - Number of values with pi >= 0.6906459823330612: 0
  - Number of values with pi < 0.6906459823330612: 8663054
  - Masked Reconstruction: 30.004058
  - Regularization: 0.001467
Mean Absolute Error (MAE): 26.325275
R² Score: -30.437332
==================================================


==================================================
TEST RESULTS
==================================================
Total Loss: 3.323967
  - ZINB NLL: 2.717051
Total number of masked values: 4878276
  - Number of values with pi >= 0.6906459823330612: 0
  - Number of values with pi < 0.6906459823330612: 4878276
  - Masked Reconstruction: 25.283893
  - Regularization: 0.001467
Mean Absolute Error (MAE): 26.318949
R² Score: -33.391148
==================================================


>>> Optimizing zinb_nll on VALIDATION set: 2.717051
>>> Full validation metrics: {'total_loss': 3.3239674522232834, 'zinb_nll': 2.717050974282035, 'mae': 26.31894874572754, 'r2': -33.39114761352539, 'masked_loss': 25.283893025669737, 'reg_loss': 0.0014669960749812013}

Iteration No: 8 ended. Evaluation done at random point.
Time taken: 1936.6223
Function value obtained: 2.7171
Current minimum: 1.5500
Iteration No: 9 started. Evaluating function at random point.

================================================================================
Trial with parameters:
  features: Centr
  step_size: 0.5858373734298188
  bin_size: 28
  sample_fraction: 0.6945225429095452
  moving_average: True
  first_layer_size_factor: 58
  num_layers: 2
  use_conv: False
  conv_channel: 69
  pool_size: 8
  kernel_size: 5
  epochs: 128
  batch_size: 128
  pi_threshold: 0.36028701758617176
  learning_rate: 0.0003346542387875272
  dropout_rate: 0.347906403395441
  masked_recon_weight: 2.7129089558470065
  regularizer: l1
  regularization_weight: 0.00034808662246265455
================================================================================

Creating datasets with:
  features: ['Centr']
  bin_size: 28
  moving_average: True
  data_point_length: 2000 (from 2000)
  step_size: 1171 (from fraction 0.5858373734298188)
  layers: [np.int64(928), np.int64(464)] (first=928, num=2)
  stride: 1 (fixed), padding: same (fixed)


Clipping outliers using 95th percentile * 1.5...
strain_yTW001: Clipping values above 134.25 (P95=89.50). Clipped 27529/1193409 values (2.31%)
strain_FD: Clipping values above 71.92 (P95=47.94). Clipped 95791/4127807 values (2.32%)
strain_dnrp: Clipping values above 243.00 (P95=162.00). Clipped 25649/1119454 values (2.29%)
strain_yEK19: Clipping values above 77.10 (P95=51.40). Clipped 83713/3893623 values (2.15%)
strain_yEK23: Clipping values above 72.00 (P95=48.00). Clipped 86381/3558407 values (2.43%)
strain_yWT03a: Clipping values above 15.00 (P95=10.00). Clipped 10602/347679 values (3.05%)
strain_yWT04a: Clipping values above 58.50 (P95=39.00). Clipped 21095/725406 values (2.91%)
strain_ylic137: Clipping values above 142.50 (P95=95.00). Clipped 28746/1112684 values (2.58%)
Standardizing features: ['Centr']
Column order in final array (Dataset/Chrom split): ['Value', 'Centromere_Distance', 'Value_Raw', 'Size_Factor']
Removing 0 empty data points out of 46744
Column order in final array (Dataset/Chrom split): ['Value', 'Centromere_Distance', 'Value_Raw', 'Size_Factor']
Removing 0 empty data points out of 17600
Column order in final array (Dataset/Chrom split): ['Value', 'Centromere_Distance', 'Value_Raw', 'Size_Factor']
Removing 0 empty data points out of 18072
Datasets created:
  Train: (46744, 2000, 4), Val: (17600, 2000, 4), Test: (18072, 2000, 4)

Randomly sampled 32464/46744 samples (69.5%)
Applied denoising with 15.0% masking
Applied denoising with 15.0% masking
Applied denoising with 15.0% masking
Epoch [1/128], Total Loss: 18.6989, NLL: 2.2319, Masked: 3.3164, Reg: 7.470014
Epoch [2/128], Total Loss: 12.4019, NLL: 2.1100, Masked: 2.6826, Reg: 3.014307
Epoch [3/128], Total Loss: 11.6665, NLL: 2.0271, Masked: 2.6292, Reg: 2.506593
Epoch [4/128], Total Loss: 11.3685, NLL: 2.0013, Masked: 2.6105, Reg: 2.285002
Epoch [5/128], Total Loss: 11.1828, NLL: 1.9947, Masked: 2.6027, Reg: 2.127324
Epoch [6/128], Total Loss: 11.0178, NLL: 1.9855, Masked: 2.5960, Reg: 1.989595
Epoch [7/128], Total Loss: 10.8589, NLL: 1.9728, Masked: 2.5866, Reg: 1.868959
Epoch [8/128], Total Loss: 10.8086, NLL: 1.9744, Masked: 2.5893, Reg: 1.809730
Epoch [9/128], Total Loss: 10.6890, NLL: 1.9664, Masked: 2.5833, Reg: 1.714388
Epoch [10/128], Total Loss: 10.5702, NLL: 1.9557, Masked: 2.5762, Reg: 1.625527
Epoch [11/128], Total Loss: 10.4984, NLL: 1.9566, Masked: 2.5762, Reg: 1.552771
Epoch [12/128], Total Loss: 10.3797, NLL: 1.9412, Masked: 2.5666, Reg: 1.475407
Epoch [13/128], Total Loss: 10.3409, NLL: 1.9478, Masked: 2.5718, Reg: 1.416085
Epoch [14/128], Total Loss: 10.2429, NLL: 1.9429, Masked: 2.5652, Reg: 1.340917
Epoch [15/128], Total Loss: 10.1727, NLL: 1.9414, Masked: 2.5637, Reg: 1.276232
Epoch [16/128], Total Loss: 10.1121, NLL: 1.9452, Masked: 2.5651, Reg: 1.207911
Epoch [17/128], Total Loss: 10.0520, NLL: 1.9408, Masked: 2.5648, Reg: 1.153233
Epoch [18/128], Total Loss: 9.9552, NLL: 1.9321, Masked: 2.5594, Reg: 1.079642
Epoch [19/128], Total Loss: 9.8856, NLL: 1.9213, Masked: 2.5598, Reg: 1.019824
Epoch [20/128], Total Loss: 9.8485, NLL: 1.9266, Masked: 2.5678, Reg: 0.955600
Epoch [21/128], Total Loss: 9.7685, NLL: 1.9199, Masked: 2.5671, Reg: 0.884259
Epoch [22/128], Total Loss: 9.7431, NLL: 1.9285, Masked: 2.5771, Reg: 0.823192
Epoch [23/128], Total Loss: 9.6778, NLL: 1.9293, Masked: 2.5730, Reg: 0.768334
Epoch [24/128], Total Loss: 9.6002, NLL: 1.9235, Masked: 2.5738, Reg: 0.694289
Epoch [25/128], Total Loss: 9.5648, NLL: 1.9231, Masked: 2.5705, Reg: 0.668060
Epoch [26/128], Total Loss: 9.5609, NLL: 1.9207, Masked: 2.5709, Reg: 0.665497
Epoch [27/128], Total Loss: 9.5682, NLL: 1.9239, Masked: 2.5748, Reg: 0.659133
Epoch [28/128], Total Loss: 9.5563, NLL: 1.9231, Masked: 2.5687, Reg: 0.664540
Epoch [29/128], Total Loss: 9.5502, NLL: 1.9192, Masked: 2.5729, Reg: 0.650874
Epoch [30/128], Total Loss: 9.5361, NLL: 1.9193, Masked: 2.5675, Reg: 0.651403
Epoch [31/128], Total Loss: 9.5378, NLL: 1.9210, Masked: 2.5714, Reg: 0.640805
Epoch [32/128], Total Loss: 9.5418, NLL: 1.9193, Masked: 2.5694, Reg: 0.651890
Epoch [33/128], Total Loss: 9.5466, NLL: 1.9219, Masked: 2.5729, Reg: 0.644748
Epoch [34/128], Total Loss: 9.5440, NLL: 1.9228, Masked: 2.5726, Reg: 0.641810
Epoch [35/128], Total Loss: 9.5290, NLL: 1.9173, Masked: 2.5672, Reg: 0.647173
Epoch [36/128], Total Loss: 9.5477, NLL: 1.9228, Masked: 2.5714, Reg: 0.649015
Epoch [37/128], Total Loss: 9.5217, NLL: 1.9185, Masked: 2.5670, Reg: 0.639221
Epoch [38/128], Total Loss: 9.5211, NLL: 1.9162, Masked: 2.5679, Reg: 0.638402
Epoch [39/128], Total Loss: 9.5153, NLL: 1.9173, Masked: 2.5648, Reg: 0.639954
Epoch [40/128], Total Loss: 9.5063, NLL: 1.9128, Masked: 2.5634, Reg: 0.639114
Epoch [41/128], Total Loss: 9.5277, NLL: 1.9183, Masked: 2.5693, Reg: 0.639120
Epoch [42/128], Total Loss: 9.5130, NLL: 1.9154, Masked: 2.5672, Reg: 0.633107
Epoch [43/128], Total Loss: 9.5141, NLL: 1.9147, Masked: 2.5678, Reg: 0.633385
Epoch [44/128], Total Loss: 9.5034, NLL: 1.9127, Masked: 2.5645, Reg: 0.633432
Epoch [45/128], Total Loss: 9.5099, NLL: 1.9137, Masked: 2.5660, Reg: 0.634902
Epoch [46/128], Total Loss: 9.4981, NLL: 1.9094, Masked: 2.5643, Reg: 0.631941
Epoch [47/128], Total Loss: 9.5128, NLL: 1.9149, Masked: 2.5679, Reg: 0.631354
Epoch [48/128], Total Loss: 9.4957, NLL: 1.9162, Masked: 2.5639, Reg: 0.623890
Epoch [49/128], Total Loss: 9.4942, NLL: 1.9136, Masked: 2.5645, Reg: 0.623372
Epoch [50/128], Total Loss: 9.5221, NLL: 1.9152, Masked: 2.5698, Reg: 0.635346
Epoch [51/128], Total Loss: 9.4939, NLL: 1.9115, Masked: 2.5615, Reg: 0.633292
Epoch [52/128], Total Loss: 9.5140, NLL: 1.9161, Masked: 2.5680, Reg: 0.630960
Epoch [53/128], Total Loss: 9.5032, NLL: 1.9135, Masked: 2.5659, Reg: 0.628537
Epoch [54/128], Total Loss: 9.4988, NLL: 1.9129, Masked: 2.5651, Reg: 0.626946
Epoch [55/128], Total Loss: 9.4823, NLL: 1.9094, Masked: 2.5601, Reg: 0.627668
Epoch [56/128], Total Loss: 9.4694, NLL: 1.9087, Masked: 2.5571, Reg: 0.623518
Epoch [57/128], Total Loss: 9.4779, NLL: 1.9121, Masked: 2.5596, Reg: 0.621741
Epoch [58/128], Total Loss: 9.5001, NLL: 1.9161, Masked: 2.5654, Reg: 0.624353
Epoch [59/128], Total Loss: 9.4998, NLL: 1.9150, Masked: 2.5662, Reg: 0.622896
Epoch [60/128], Total Loss: 9.4799, NLL: 1.9096, Masked: 2.5619, Reg: 0.620052
Epoch [61/128], Total Loss: 9.4792, NLL: 1.9112, Masked: 2.5614, Reg: 0.619294
Epoch [62/128], Total Loss: 9.4969, NLL: 1.9125, Masked: 2.5652, Reg: 0.625303
Epoch [63/128], Total Loss: 9.4959, NLL: 1.9129, Masked: 2.5663, Reg: 0.620727
Epoch [64/128], Total Loss: 9.4787, NLL: 1.9100, Masked: 2.5624, Reg: 0.617155
Epoch [65/128], Total Loss: 9.4832, NLL: 1.9124, Masked: 2.5618, Reg: 0.620887
Epoch [66/128], Total Loss: 9.4721, NLL: 1.9075, Masked: 2.5619, Reg: 0.614308
Epoch [67/128], Total Loss: 9.4929, NLL: 1.9133, Masked: 2.5643, Reg: 0.622994
Epoch [68/128], Total Loss: 9.4758, NLL: 1.9105, Masked: 2.5605, Reg: 0.618831
Epoch [69/128], Total Loss: 9.4632, NLL: 1.9055, Masked: 2.5589, Reg: 0.615626
Epoch [70/128], Total Loss: 9.4700, NLL: 1.9082, Masked: 2.5613, Reg: 0.613163
Epoch [71/128], Total Loss: 9.4590, NLL: 1.9073, Masked: 2.5593, Reg: 0.608424
Epoch [72/128], Total Loss: 9.4758, NLL: 1.9105, Masked: 2.5629, Reg: 0.612521
Epoch [73/128], Total Loss: 9.4726, NLL: 1.9095, Masked: 2.5624, Reg: 0.611610
Epoch [74/128], Total Loss: 9.4708, NLL: 1.9114, Masked: 2.5600, Reg: 0.614432
Epoch [75/128], Total Loss: 9.4906, NLL: 1.9133, Masked: 2.5657, Reg: 0.616886
Epoch [76/128], Total Loss: 9.4718, NLL: 1.9129, Masked: 2.5612, Reg: 0.610634
Epoch [77/128], Total Loss: 9.4797, NLL: 1.9115, Masked: 2.5639, Reg: 0.612700
Epoch [78/128], Total Loss: 9.4733, NLL: 1.9094, Masked: 2.5634, Reg: 0.609629
Epoch [79/128], Total Loss: 9.4780, NLL: 1.9116, Masked: 2.5617, Reg: 0.616663
Epoch [80/128], Total Loss: 9.4725, NLL: 1.9092, Masked: 2.5605, Reg: 0.616808
Epoch [81/128], Total Loss: 9.4838, NLL: 1.9145, Masked: 2.5652, Reg: 0.610050
Epoch [82/128], Total Loss: 9.4861, NLL: 1.9139, Masked: 2.5666, Reg: 0.609392
Epoch [83/128], Total Loss: 9.4624, NLL: 1.9074, Masked: 2.5608, Reg: 0.607803
Epoch [84/128], Total Loss: 9.4725, NLL: 1.9108, Masked: 2.5638, Reg: 0.606342
Epoch [85/128], Total Loss: 9.4598, NLL: 1.9075, Masked: 2.5599, Reg: 0.607355
Epoch [86/128], Total Loss: 9.4612, NLL: 1.9080, Masked: 2.5614, Reg: 0.604344
Epoch [87/128], Total Loss: 9.4760, NLL: 1.9116, Masked: 2.5638, Reg: 0.608963
Epoch [88/128], Total Loss: 9.4732, NLL: 1.9101, Masked: 2.5630, Reg: 0.609813
Epoch [89/128], Total Loss: 9.4531, NLL: 1.9080, Masked: 2.5578, Reg: 0.606033
Epoch [90/128], Total Loss: 9.4611, NLL: 1.9106, Masked: 2.5611, Reg: 0.602520
Epoch [91/128], Total Loss: 9.4631, NLL: 1.9103, Masked: 2.5607, Reg: 0.605886
Epoch [92/128], Total Loss: 9.4577, NLL: 1.9088, Masked: 2.5602, Reg: 0.603408
Epoch [93/128], Total Loss: 9.4708, NLL: 1.9125, Masked: 2.5631, Reg: 0.604953
Epoch [94/128], Total Loss: 9.4588, NLL: 1.9087, Masked: 2.5600, Reg: 0.605046
Epoch [95/128], Total Loss: 9.4567, NLL: 1.9096, Masked: 2.5593, Reg: 0.604020
Epoch [96/128], Total Loss: 9.4623, NLL: 1.9076, Masked: 2.5609, Reg: 0.607101
Epoch [97/128], Total Loss: 9.4438, NLL: 1.9043, Masked: 2.5565, Reg: 0.604041
Epoch [98/128], Total Loss: 9.4601, NLL: 1.9109, Masked: 2.5604, Reg: 0.603197
Epoch [99/128], Total Loss: 9.4561, NLL: 1.9107, Masked: 2.5588, Reg: 0.603487
Epoch [100/128], Total Loss: 9.4477, NLL: 1.9076, Masked: 2.5592, Reg: 0.597101
Epoch [101/128], Total Loss: 9.4651, NLL: 1.9093, Masked: 2.5632, Reg: 0.602095
Epoch [102/128], Total Loss: 9.4827, NLL: 1.9116, Masked: 2.5659, Reg: 0.609991
Epoch [103/128], Total Loss: 9.4653, NLL: 1.9130, Masked: 2.5631, Reg: 0.598818
Epoch [104/128], Total Loss: 9.4687, NLL: 1.9090, Masked: 2.5627, Reg: 0.607369
Epoch [105/128], Total Loss: 9.4659, NLL: 1.9124, Masked: 2.5619, Reg: 0.603284
Epoch [106/128], Total Loss: 9.4675, NLL: 1.9102, Masked: 2.5646, Reg: 0.599700
Epoch [107/128], Total Loss: 9.4425, NLL: 1.9072, Masked: 2.5569, Reg: 0.598774
Epoch [108/128], Total Loss: 9.4622, NLL: 1.9099, Masked: 2.5627, Reg: 0.600067
Epoch [109/128], Total Loss: 9.4452, NLL: 1.9064, Masked: 2.5573, Reg: 0.601134
Epoch [110/128], Total Loss: 9.4554, NLL: 1.9066, Masked: 2.5606, Reg: 0.602254
Epoch [111/128], Total Loss: 9.4536, NLL: 1.9096, Masked: 2.5596, Reg: 0.600068
Epoch [112/128], Total Loss: 9.4484, NLL: 1.9077, Masked: 2.5600, Reg: 0.595714
Epoch [113/128], Total Loss: 9.4450, NLL: 1.9061, Masked: 2.5578, Reg: 0.599675
Epoch [114/128], Total Loss: 9.4610, NLL: 1.9144, Masked: 2.5622, Reg: 0.595660
Epoch [115/128], Total Loss: 9.4738, NLL: 1.9148, Masked: 2.5655, Reg: 0.599105
Epoch [116/128], Total Loss: 9.4677, NLL: 1.9121, Masked: 2.5639, Reg: 0.599985
Epoch [117/128], Total Loss: 9.4518, NLL: 1.9096, Masked: 2.5608, Reg: 0.595131
Epoch [118/128], Total Loss: 9.4532, NLL: 1.9071, Masked: 2.5606, Reg: 0.599574
Epoch [119/128], Total Loss: 9.4499, NLL: 1.9077, Masked: 2.5603, Reg: 0.596416
Epoch [120/128], Total Loss: 9.4649, NLL: 1.9100, Masked: 2.5642, Reg: 0.598488
Epoch [121/128], Total Loss: 9.4467, NLL: 1.9059, Masked: 2.5593, Reg: 0.597711
Epoch [122/128], Total Loss: 9.4659, NLL: 1.9113, Masked: 2.5641, Reg: 0.598468
Epoch [123/128], Total Loss: 9.4555, NLL: 1.9086, Masked: 2.5612, Reg: 0.598416
Epoch [124/128], Total Loss: 9.4436, NLL: 1.9084, Masked: 2.5588, Reg: 0.593388
Epoch [125/128], Total Loss: 9.4461, NLL: 1.9056, Masked: 2.5601, Reg: 0.595271
Epoch [126/128], Total Loss: 9.4440, NLL: 1.9077, Masked: 2.5607, Reg: 0.589396
Epoch [127/128], Total Loss: 9.4501, NLL: 1.9083, Masked: 2.5611, Reg: 0.593799
Epoch [128/128], Total Loss: 9.4509, NLL: 1.9089, Masked: 2.5614, Reg: 0.593213

==================================================
EVALUATING ON TRAINING DATA
==================================================

==================================================
TEST RESULTS
==================================================
Total Loss: 9.228569
  - ZINB NLL: 1.888992
Total number of masked values: 7317161
  - Number of values with pi >= 0.36028701758617176: 0
  - Number of values with pi < 0.36028701758617176: 7317161
  - Masked Reconstruction: 2.488484
  - Regularization: 0.588548
Mean Absolute Error (MAE): 2.140780
R² Score: 0.112561
==================================================


==================================================
TEST RESULTS
==================================================
Total Loss: 8.682542
  - ZINB NLL: 1.857697
Total number of masked values: 3967310
  - Number of values with pi >= 0.36028701758617176: 0
  - Number of values with pi < 0.36028701758617176: 3967310
  - Masked Reconstruction: 2.298749
  - Regularization: 0.588548
Mean Absolute Error (MAE): 2.102964
R² Score: 0.129500
==================================================


>>> Optimizing zinb_nll on VALIDATION set: 1.857697
>>> Full validation metrics: {'total_loss': 8.682542005018755, 'zinb_nll': 1.857697033448653, 'mae': 2.10296368598938, 'r2': 0.12949985265731812, 'masked_loss': 2.2987491204521873, 'reg_loss': 0.5885479376113527}

Iteration No: 9 ended. Evaluation done at random point.
Time taken: 819.3415
Function value obtained: 1.8577
Current minimum: 1.5500
Iteration No: 10 started. Evaluating function at random point.

================================================================================
Trial with parameters:
  features: Nucl
  step_size: 0.8571257846047867
  bin_size: 18
  sample_fraction: 0.32213241331856557
  moving_average: False
  first_layer_size_factor: 62
  num_layers: 3
  use_conv: False
  conv_channel: 92
  pool_size: 6
  kernel_size: 3
  epochs: 95
  batch_size: 128
  pi_threshold: 0.39142000871891985
  learning_rate: 3.348611630346182e-05
  dropout_rate: 0.4910841716647179
  masked_recon_weight: 0.11655839673969261
  regularizer: l1
  regularization_weight: 94.14036944149231
================================================================================

Creating datasets with:
  features: ['Nucl']
  bin_size: 18
  moving_average: False
  data_point_length: 111 (from 2000)
  step_size: 95 (from fraction 0.8571257846047867)
  layers: [np.int64(992), np.int64(496), np.int64(248)] (first=992, num=3)
  stride: 1 (fixed), padding: same (fixed)


Clipping outliers using 95th percentile * 1.5...
strain_yTW001: Clipping values above 134.25 (P95=89.50). Clipped 27529/1193409 values (2.31%)
strain_FD: Clipping values above 71.92 (P95=47.94). Clipped 95791/4127807 values (2.32%)
strain_dnrp: Clipping values above 243.00 (P95=162.00). Clipped 25649/1119454 values (2.29%)
strain_yEK19: Clipping values above 77.10 (P95=51.40). Clipped 83713/3893623 values (2.15%)
strain_yEK23: Clipping values above 72.00 (P95=48.00). Clipped 86381/3558407 values (2.43%)
strain_yWT03a: Clipping values above 15.00 (P95=10.00). Clipped 10602/347679 values (3.05%)
strain_yWT04a: Clipping values above 58.50 (P95=39.00). Clipped 21095/725406 values (2.91%)
strain_ylic137: Clipping values above 142.50 (P95=95.00). Clipped 28746/1112684 values (2.58%)
Standardizing features: ['Nucl']
Column order in final array (Dataset/Chrom split): ['Value', 'Nucleosome_Distance', 'Value_Raw', 'Size_Factor']
Removing 0 empty data points out of 32048
Column order in final array (Dataset/Chrom split): ['Value', 'Nucleosome_Distance', 'Value_Raw', 'Size_Factor']
Removing 0 empty data points out of 12064
Column order in final array (Dataset/Chrom split): ['Value', 'Nucleosome_Distance', 'Value_Raw', 'Size_Factor']
Removing 0 empty data points out of 12400
Datasets created:
  Train: (32048, 111, 4), Val: (12064, 111, 4), Test: (12400, 111, 4)

Randomly sampled 10323/32048 samples (32.2%)
Applied denoising with 15.0% masking
Applied denoising with 15.0% masking
Applied denoising with 15.0% masking
Epoch [1/95], Total Loss: 3028812.4328, NLL: 2.8779, Masked: 29.4781, Reg: 3028805.990786
Epoch [2/95], Total Loss: 2627836.9342, NLL: 2.8769, Masked: 29.4680, Reg: 2627830.498800
Epoch [3/95], Total Loss: 2281620.6742, NLL: 2.8762, Masked: 29.4752, Reg: 2281614.277114
Epoch [4/95], Total Loss: 1979800.1888, NLL: 2.8759, Masked: 29.4673, Reg: 1979793.805445
Epoch [5/95], Total Loss: 1704022.0990, NLL: 2.8757, Masked: 29.4701, Reg: 1704015.717537
Epoch [6/95], Total Loss: 1452055.9988, NLL: 2.8755, Masked: 29.4765, Reg: 1452049.634078
Epoch [7/95], Total Loss: 1223902.5213, NLL: 2.8753, Masked: 29.4700, Reg: 1223896.150773
Epoch [8/95], Total Loss: 1019574.9476, NLL: 2.8750, Masked: 29.4627, Reg: 1019568.586361
Epoch [9/95], Total Loss: 839114.0391, NLL: 2.8748, Masked: 29.4705, Reg: 839107.691790
Epoch [10/95], Total Loss: 682454.4997, NLL: 2.8746, Masked: 29.4670, Reg: 682448.162337
Epoch [11/95], Total Loss: 549658.0897, NLL: 2.8744, Masked: 29.4614, Reg: 549651.763071
Epoch [12/95], Total Loss: 440757.6837, NLL: 2.8742, Masked: 29.4702, Reg: 440751.357505
Epoch [13/95], Total Loss: 352095.0678, NLL: 2.8739, Masked: 29.4710, Reg: 352088.743549
Epoch [14/95], Total Loss: 277282.2356, NLL: 2.8737, Masked: 29.4586, Reg: 277275.917131
Epoch [15/95], Total Loss: 215596.5011, NLL: 2.8735, Masked: 29.4647, Reg: 215590.184336
Epoch [16/95], Total Loss: 167097.3998, NLL: 2.8733, Masked: 29.4713, Reg: 167091.085253
Epoch [17/95], Total Loss: 131636.9119, NLL: 2.8731, Masked: 29.4607, Reg: 131630.599449
Epoch [18/95], Total Loss: 104963.7781, NLL: 2.8729, Masked: 29.4769, Reg: 104957.465207
Epoch [19/95], Total Loss: 82214.7430, NLL: 2.8726, Masked: 29.4714, Reg: 82208.431581
Epoch [20/95], Total Loss: 63092.5701, NLL: 2.8724, Masked: 29.4660, Reg: 63086.260632
Epoch [21/95], Total Loss: 47583.3235, NLL: 2.8722, Masked: 29.4768, Reg: 47577.013643
Epoch [22/95], Total Loss: 35712.7223, NLL: 2.8720, Masked: 29.4727, Reg: 35706.413370
Epoch [23/95], Total Loss: 27489.1879, NLL: 2.8718, Masked: 29.4781, Reg: 27482.879167
Epoch [24/95], Total Loss: 22858.8645, NLL: 2.8716, Masked: 29.4753, Reg: 22852.556433
Epoch [25/95], Total Loss: 21106.3072, NLL: 2.8714, Masked: 29.4622, Reg: 21100.000739
Epoch [26/95], Total Loss: 20907.1621, NLL: 2.8711, Masked: 29.4713, Reg: 20900.854886
Epoch [27/95], Total Loss: 20878.4166, NLL: 2.8709, Masked: 29.4790, Reg: 20872.108770
Epoch [28/95], Total Loss: 20850.0438, NLL: 2.8707, Masked: 29.4721, Reg: 20843.736865
Epoch [29/95], Total Loss: 20821.7238, NLL: 2.8705, Masked: 29.4682, Reg: 20815.417843
Epoch [30/95], Total Loss: 20793.3282, NLL: 2.8703, Masked: 29.4747, Reg: 20787.021503
Epoch [31/95], Total Loss: 20765.0245, NLL: 2.8701, Masked: 29.4760, Reg: 20758.717900
Epoch [32/95], Total Loss: 20736.6190, NLL: 2.8699, Masked: 29.4634, Reg: 20730.313984
Epoch [33/95], Total Loss: 20708.2909, NLL: 2.8697, Masked: 29.4716, Reg: 20701.985221
Epoch [34/95], Total Loss: 20679.9079, NLL: 2.8695, Masked: 29.4632, Reg: 20673.603532
Epoch [35/95], Total Loss: 20651.5985, NLL: 2.8692, Masked: 29.4781, Reg: 20645.292614
Epoch [36/95], Total Loss: 20623.1746, NLL: 2.8690, Masked: 29.4693, Reg: 20616.869810
Epoch [37/95], Total Loss: 20594.8638, NLL: 2.8688, Masked: 29.4687, Reg: 20588.559245
Epoch [38/95], Total Loss: 20566.4977, NLL: 2.8686, Masked: 29.4748, Reg: 20560.192727
Epoch [39/95], Total Loss: 20538.1333, NLL: 2.8684, Masked: 29.4660, Reg: 20531.829606
Epoch [40/95], Total Loss: 20509.8237, NLL: 2.8682, Masked: 29.4627, Reg: 20503.520646
Epoch [41/95], Total Loss: 20481.4627, NLL: 2.8680, Masked: 29.4636, Reg: 20475.159634
Epoch [42/95], Total Loss: 20453.0406, NLL: 2.8678, Masked: 29.4742, Reg: 20446.736389
Epoch [43/95], Total Loss: 20424.7026, NLL: 2.8676, Masked: 29.4529, Reg: 20418.401193
Epoch [44/95], Total Loss: 20396.3356, NLL: 2.8674, Masked: 29.4654, Reg: 20390.032793
Epoch [45/95], Total Loss: 20368.0211, NLL: 2.8672, Masked: 29.4577, Reg: 20361.719619
Epoch [46/95], Total Loss: 20339.6236, NLL: 2.8670, Masked: 29.4716, Reg: 20333.320658
Epoch [47/95], Total Loss: 20311.2965, NLL: 2.8668, Masked: 29.4687, Reg: 20304.993911
Epoch [48/95], Total Loss: 20282.9652, NLL: 2.8666, Masked: 29.4766, Reg: 20276.662152
Epoch [49/95], Total Loss: 20254.6217, NLL: 2.8664, Masked: 29.4628, Reg: 20248.320387
Epoch [50/95], Total Loss: 20226.2143, NLL: 2.8662, Masked: 29.4678, Reg: 20219.912444
Epoch [51/95], Total Loss: 20197.9146, NLL: 2.8660, Masked: 29.4736, Reg: 20191.612707
Epoch [52/95], Total Loss: 20169.5172, NLL: 2.8657, Masked: 29.4670, Reg: 20163.216018
Epoch [53/95], Total Loss: 20141.1952, NLL: 2.8655, Masked: 29.4830, Reg: 20134.892223
Epoch [54/95], Total Loss: 20112.8007, NLL: 2.8653, Masked: 29.4680, Reg: 20106.499915
Epoch [55/95], Total Loss: 20084.4664, NLL: 2.8651, Masked: 29.4642, Reg: 20078.166049
Epoch [56/95], Total Loss: 20056.0816, NLL: 2.8649, Masked: 29.4613, Reg: 20049.781703
Epoch [57/95], Total Loss: 20027.7499, NLL: 2.8647, Masked: 29.4584, Reg: 20021.450617
Epoch [58/95], Total Loss: 19999.3845, NLL: 2.8645, Masked: 29.4707, Reg: 19993.084020
Epoch [59/95], Total Loss: 19971.0408, NLL: 2.8643, Masked: 29.4739, Reg: 19964.740247
Epoch [60/95], Total Loss: 19942.6752, NLL: 2.8641, Masked: 29.4681, Reg: 19936.375511
Epoch [61/95], Total Loss: 19914.3495, NLL: 2.8639, Masked: 29.4712, Reg: 19908.049580
Epoch [62/95], Total Loss: 19885.9497, NLL: 2.8637, Masked: 29.4694, Reg: 19879.650234
Epoch [63/95], Total Loss: 19857.5585, NLL: 2.8635, Masked: 29.4603, Reg: 19851.260397
Epoch [64/95], Total Loss: 19829.2323, NLL: 2.8633, Masked: 29.4719, Reg: 19822.933064
Epoch [65/95], Total Loss: 19800.9258, NLL: 2.8632, Masked: 29.4573, Reg: 19794.628277
Epoch [66/95], Total Loss: 19772.4949, NLL: 2.8630, Masked: 29.4684, Reg: 19766.196491
Epoch [67/95], Total Loss: 19744.2164, NLL: 2.8628, Masked: 29.4721, Reg: 19737.917475
Epoch [68/95], Total Loss: 19715.8338, NLL: 2.8626, Masked: 29.4697, Reg: 19709.535413
Epoch [69/95], Total Loss: 19687.4845, NLL: 2.8624, Masked: 29.4740, Reg: 19681.185816
Epoch [70/95], Total Loss: 19659.0774, NLL: 2.8622, Masked: 29.4664, Reg: 19652.779986
Epoch [71/95], Total Loss: 19630.7854, NLL: 2.8620, Masked: 29.4687, Reg: 19624.487825
Epoch [72/95], Total Loss: 19602.4006, NLL: 2.8618, Masked: 29.4639, Reg: 19596.103907
Epoch [73/95], Total Loss: 19574.0399, NLL: 2.8616, Masked: 29.4813, Reg: 19567.741149
Epoch [74/95], Total Loss: 19545.6504, NLL: 2.8614, Masked: 29.4752, Reg: 19539.352580
Epoch [75/95], Total Loss: 19517.3584, NLL: 2.8612, Masked: 29.4613, Reg: 19511.062449
Epoch [76/95], Total Loss: 19488.9652, NLL: 2.8610, Masked: 29.4699, Reg: 19482.668442
Epoch [77/95], Total Loss: 19460.6545, NLL: 2.8608, Masked: 29.4589, Reg: 19454.359068
Epoch [78/95], Total Loss: 19432.3182, NLL: 2.8606, Masked: 29.4709, Reg: 19426.021514
Epoch [79/95], Total Loss: 19403.9103, NLL: 2.8604, Masked: 29.4708, Reg: 19397.613924
Epoch [80/95], Total Loss: 19375.5756, NLL: 2.8602, Masked: 29.4684, Reg: 19369.280044
Epoch [81/95], Total Loss: 19347.2266, NLL: 2.8601, Masked: 29.4632, Reg: 19340.931530
Epoch [82/95], Total Loss: 19318.8004, NLL: 2.8599, Masked: 29.4647, Reg: 19312.505445
Epoch [83/95], Total Loss: 19290.4944, NLL: 2.8597, Masked: 29.4645, Reg: 19284.199507
Epoch [84/95], Total Loss: 19262.1123, NLL: 2.8595, Masked: 29.4678, Reg: 19255.817296
Epoch [85/95], Total Loss: 19233.8533, NLL: 2.8593, Masked: 29.4642, Reg: 19227.559069
Epoch [86/95], Total Loss: 19205.3969, NLL: 2.8591, Masked: 29.4583, Reg: 19199.103356
Epoch [87/95], Total Loss: 19177.1054, NLL: 2.8589, Masked: 29.4725, Reg: 19170.810428
Epoch [88/95], Total Loss: 19148.7529, NLL: 2.8587, Masked: 29.4761, Reg: 19142.457702
Epoch [89/95], Total Loss: 19120.3524, NLL: 2.8586, Masked: 29.4571, Reg: 19114.059594
Epoch [90/95], Total Loss: 19091.9940, NLL: 2.8584, Masked: 29.4698, Reg: 19085.699740
Epoch [91/95], Total Loss: 19063.6757, NLL: 2.8582, Masked: 29.4629, Reg: 19057.382447
Epoch [92/95], Total Loss: 19035.2726, NLL: 2.8580, Masked: 29.4658, Reg: 19028.979280
Epoch [93/95], Total Loss: 19006.9453, NLL: 2.8578, Masked: 29.4747, Reg: 19000.651172
Epoch [94/95], Total Loss: 18978.5750, NLL: 2.8576, Masked: 29.4719, Reg: 18972.281378
Epoch [95/95], Total Loss: 18950.2344, NLL: 2.8575, Masked: 29.4641, Reg: 18943.941783

==================================================
EVALUATING ON TRAINING DATA
==================================================

==================================================
TEST RESULTS
==================================================
Total Loss: 18935.742956
  - ZINB NLL: 2.857364
Total number of masked values: 110203
  - Number of values with pi >= 0.39142000871891985: 0
  - Number of values with pi < 0.39142000871891985: 110203
  - Masked Reconstruction: 29.465516
  - Regularization: 18929.451184
Mean Absolute Error (MAE): 26.101994
R² Score: -33.808651
==================================================


==================================================
TEST RESULTS
==================================================
Total Loss: 18935.310360
  - ZINB NLL: 2.868447
Total number of masked values: 129303
  - Number of values with pi >= 0.39142000871891985: 0
  - Number of values with pi < 0.39142000871891985: 129303
  - Masked Reconstruction: 25.658766
  - Regularization: 18929.451184
Mean Absolute Error (MAE): 26.317568
R² Score: -37.542431
==================================================


>>> Optimizing zinb_nll on VALIDATION set: 2.868447
>>> Full validation metrics: {'total_loss': 18935.310360369695, 'zinb_nll': 2.868446893970277, 'mae': 26.317567825317383, 'r2': -37.54243087768555, 'masked_loss': 25.65876579790596, 'reg_loss': 18929.4511837233}


*** Checkpoint saved at iteration 10 ***

Iteration No: 10 ended. Evaluation done at random point.
Time taken: 120.6940
Function value obtained: 2.8684
Current minimum: 1.5500
Iteration No: 11 started. Evaluating function at random point.

================================================================================
Trial with parameters:
  features: Nucl
  step_size: 0.6687200902053233
  bin_size: 44
  sample_fraction: 0.3915303312560346
  moving_average: True
  first_layer_size_factor: 106
  num_layers: 4
  use_conv: False
  conv_channel: 61
  pool_size: 7
  kernel_size: 9
  epochs: 142
  batch_size: 128
  pi_threshold: 0.5675953018856914
  learning_rate: 0.000552153544352159
  dropout_rate: 0.18614138328087157
  masked_recon_weight: 5.761476168524977
  regularizer: none
  regularization_weight: 0.00097150898865914
================================================================================

Creating datasets with:
  features: ['Nucl']
  bin_size: 44
  moving_average: True
  data_point_length: 2000 (from 2000)
  step_size: 1337 (from fraction 0.6687200902053233)
  layers: [np.int64(1696), np.int64(848), np.int64(424), np.int64(212)] (first=1696, num=4)
  stride: 1 (fixed), padding: same (fixed)


Clipping outliers using 95th percentile * 1.5...
strain_yTW001: Clipping values above 134.25 (P95=89.50). Clipped 27529/1193409 values (2.31%)
strain_FD: Clipping values above 71.92 (P95=47.94). Clipped 95791/4127807 values (2.32%)
strain_dnrp: Clipping values above 243.00 (P95=162.00). Clipped 25649/1119454 values (2.29%)
strain_yEK19: Clipping values above 77.10 (P95=51.40). Clipped 83713/3893623 values (2.15%)
strain_yEK23: Clipping values above 72.00 (P95=48.00). Clipped 86381/3558407 values (2.43%)
strain_yWT03a: Clipping values above 15.00 (P95=10.00). Clipped 10602/347679 values (3.05%)
strain_yWT04a: Clipping values above 58.50 (P95=39.00). Clipped 21095/725406 values (2.91%)
strain_ylic137: Clipping values above 142.50 (P95=95.00). Clipped 28746/1112684 values (2.58%)
Standardizing features: ['Nucl']
Column order in final array (Dataset/Chrom split): ['Value', 'Nucleosome_Distance', 'Value_Raw', 'Size_Factor']
Removing 0 empty data points out of 40960
Column order in final array (Dataset/Chrom split): ['Value', 'Nucleosome_Distance', 'Value_Raw', 'Size_Factor']
Removing 0 empty data points out of 15424
Column order in final array (Dataset/Chrom split): ['Value', 'Nucleosome_Distance', 'Value_Raw', 'Size_Factor']
Removing 0 empty data points out of 15840
Datasets created:
  Train: (40960, 2000, 4), Val: (15424, 2000, 4), Test: (15840, 2000, 4)

Randomly sampled 16037/40960 samples (39.2%)
Applied denoising with 15.0% masking
Applied denoising with 15.0% masking
Applied denoising with 15.0% masking
Epoch [1/142], Total Loss: 22.5854, NLL: 2.2976, Masked: 3.5213
Epoch [2/142], Total Loss: 16.4751, NLL: 2.2613, Masked: 2.4670
Epoch [3/142], Total Loss: 16.4761, NLL: 2.2613, Masked: 2.4672
Epoch [4/142], Total Loss: 16.4818, NLL: 2.2613, Masked: 2.4682
Epoch [5/142], Total Loss: 16.4751, NLL: 2.2613, Masked: 2.4670
Epoch [6/142], Total Loss: 16.4762, NLL: 2.2615, Masked: 2.4672
Epoch [7/142], Total Loss: 16.4801, NLL: 2.2622, Masked: 2.4678
Epoch [8/142], Total Loss: 16.4715, NLL: 2.2622, Masked: 2.4663
Epoch [9/142], Total Loss: 16.4737, NLL: 2.2624, Masked: 2.4666
Epoch [10/142], Total Loss: 16.4717, NLL: 2.2631, Masked: 2.4661
Epoch [11/142], Total Loss: 16.4750, NLL: 2.2631, Masked: 2.4667
Epoch [12/142], Total Loss: 16.4767, NLL: 2.2631, Masked: 2.4670
Epoch [13/142], Total Loss: 16.4805, NLL: 2.2631, Masked: 2.4677
Epoch [14/142], Total Loss: 16.4738, NLL: 2.2631, Masked: 2.4665
Epoch [15/142], Total Loss: 16.4762, NLL: 2.2631, Masked: 2.4669
Epoch [16/142], Total Loss: 16.4721, NLL: 2.2631, Masked: 2.4662
Epoch [17/142], Total Loss: 16.4812, NLL: 2.2631, Masked: 2.4678
Epoch [18/142], Total Loss: 16.4790, NLL: 2.2631, Masked: 2.4674
Epoch [19/142], Total Loss: 16.4741, NLL: 2.2631, Masked: 2.4666
Epoch [20/142], Total Loss: 16.4711, NLL: 2.2631, Masked: 2.4660
Epoch [21/142], Total Loss: 16.4742, NLL: 2.2631, Masked: 2.4666
Epoch [22/142], Total Loss: 16.4788, NLL: 2.2631, Masked: 2.4674
Epoch [23/142], Total Loss: 16.4734, NLL: 2.2631, Masked: 2.4664
Epoch [24/142], Total Loss: 16.4764, NLL: 2.2631, Masked: 2.4670
Epoch [25/142], Total Loss: 16.4785, NLL: 2.2631, Masked: 2.4673
Epoch [26/142], Total Loss: 16.4725, NLL: 2.2631, Masked: 2.4663
Epoch [27/142], Total Loss: 16.4751, NLL: 2.2631, Masked: 2.4667
Epoch [28/142], Total Loss: 16.4726, NLL: 2.2631, Masked: 2.4663
Epoch [29/142], Total Loss: 16.4776, NLL: 2.2631, Masked: 2.4672
Epoch [30/142], Total Loss: 16.4772, NLL: 2.2631, Masked: 2.4671
Epoch [31/142], Total Loss: 16.4822, NLL: 2.2631, Masked: 2.4680
Epoch [32/142], Total Loss: 16.4747, NLL: 2.2631, Masked: 2.4667
Epoch [33/142], Total Loss: 16.4765, NLL: 2.2631, Masked: 2.4670
Epoch [34/142], Total Loss: 16.4741, NLL: 2.2631, Masked: 2.4666
Epoch [35/142], Total Loss: 16.4820, NLL: 2.2631, Masked: 2.4679
Epoch [36/142], Total Loss: 16.4785, NLL: 2.2631, Masked: 2.4673
Epoch [37/142], Total Loss: 16.4779, NLL: 2.2631, Masked: 2.4672
Epoch [38/142], Total Loss: 16.4746, NLL: 2.2631, Masked: 2.4666
Epoch [39/142], Total Loss: 16.4729, NLL: 2.2631, Masked: 2.4663
Epoch [40/142], Total Loss: 16.4778, NLL: 2.2631, Masked: 2.4672
Epoch [41/142], Total Loss: 16.4786, NLL: 2.2631, Masked: 2.4673
Epoch [42/142], Total Loss: 16.4743, NLL: 2.2631, Masked: 2.4666
Epoch [43/142], Total Loss: 16.4768, NLL: 2.2631, Masked: 2.4670
Epoch [44/142], Total Loss: 16.4746, NLL: 2.2631, Masked: 2.4666
Epoch [45/142], Total Loss: 16.4788, NLL: 2.2631, Masked: 2.4674
Epoch [46/142], Total Loss: 16.4757, NLL: 2.2631, Masked: 2.4668
Epoch [47/142], Total Loss: 16.4723, NLL: 2.2631, Masked: 2.4662
Epoch [48/142], Total Loss: 16.4756, NLL: 2.2631, Masked: 2.4668
Epoch [49/142], Total Loss: 16.4782, NLL: 2.2631, Masked: 2.4673
Epoch [50/142], Total Loss: 16.4767, NLL: 2.2631, Masked: 2.4670
Epoch [51/142], Total Loss: 16.4779, NLL: 2.2631, Masked: 2.4672
Epoch [52/142], Total Loss: 16.4732, NLL: 2.2631, Masked: 2.4664
Epoch [53/142], Total Loss: 16.4765, NLL: 2.2631, Masked: 2.4670
Epoch [54/142], Total Loss: 16.4741, NLL: 2.2631, Masked: 2.4666
Epoch [55/142], Total Loss: 16.4806, NLL: 2.2631, Masked: 2.4677
Epoch [56/142], Total Loss: 16.4820, NLL: 2.2631, Masked: 2.4679
Epoch [57/142], Total Loss: 16.4769, NLL: 2.2631, Masked: 2.4671
Epoch [58/142], Total Loss: 16.4805, NLL: 2.2631, Masked: 2.4677
Epoch [59/142], Total Loss: 16.4754, NLL: 2.2631, Masked: 2.4668
Epoch [60/142], Total Loss: 16.4769, NLL: 2.2631, Masked: 2.4671
Epoch [61/142], Total Loss: 16.4743, NLL: 2.2631, Masked: 2.4666
Epoch [62/142], Total Loss: 16.4749, NLL: 2.2631, Masked: 2.4667
Epoch [63/142], Total Loss: 16.4732, NLL: 2.2631, Masked: 2.4664
Epoch [64/142], Total Loss: 16.4818, NLL: 2.2631, Masked: 2.4679
Epoch [65/142], Total Loss: 16.4732, NLL: 2.2631, Masked: 2.4664
Epoch [66/142], Total Loss: 16.4745, NLL: 2.2631, Masked: 2.4666
Epoch [67/142], Total Loss: 16.4764, NLL: 2.2631, Masked: 2.4670
Epoch [68/142], Total Loss: 16.4727, NLL: 2.2631, Masked: 2.4663
Epoch [69/142], Total Loss: 16.4756, NLL: 2.2631, Masked: 2.4668
Epoch [70/142], Total Loss: 16.4704, NLL: 2.2631, Masked: 2.4659
Epoch [71/142], Total Loss: 16.4703, NLL: 2.2631, Masked: 2.4659
Epoch [72/142], Total Loss: 16.4717, NLL: 2.2631, Masked: 2.4661
Epoch [73/142], Total Loss: 16.4790, NLL: 2.2631, Masked: 2.4674
Epoch [74/142], Total Loss: 16.4734, NLL: 2.2631, Masked: 2.4664
Epoch [75/142], Total Loss: 16.4759, NLL: 2.2631, Masked: 2.4669
Epoch [76/142], Total Loss: 16.4787, NLL: 2.2631, Masked: 2.4674
Epoch [77/142], Total Loss: 16.4762, NLL: 2.2631, Masked: 2.4669
Epoch [78/142], Total Loss: 16.4741, NLL: 2.2631, Masked: 2.4666
Epoch [79/142], Total Loss: 16.4757, NLL: 2.2631, Masked: 2.4668
Epoch [80/142], Total Loss: 16.4775, NLL: 2.2631, Masked: 2.4671
Epoch [81/142], Total Loss: 16.4795, NLL: 2.2631, Masked: 2.4675
Epoch [82/142], Total Loss: 16.4765, NLL: 2.2631, Masked: 2.4670
Epoch [83/142], Total Loss: 16.4707, NLL: 2.2631, Masked: 2.4660
Epoch [84/142], Total Loss: 16.4751, NLL: 2.2631, Masked: 2.4667
Epoch [85/142], Total Loss: 16.4783, NLL: 2.2631, Masked: 2.4673
Epoch [86/142], Total Loss: 16.4745, NLL: 2.2631, Masked: 2.4666
Epoch [87/142], Total Loss: 16.4770, NLL: 2.2631, Masked: 2.4671
Epoch [88/142], Total Loss: 16.4754, NLL: 2.2631, Masked: 2.4668
Epoch [89/142], Total Loss: 16.4809, NLL: 2.2631, Masked: 2.4677
Epoch [90/142], Total Loss: 16.4746, NLL: 2.2631, Masked: 2.4666
Epoch [91/142], Total Loss: 16.4745, NLL: 2.2631, Masked: 2.4666
Epoch [92/142], Total Loss: 16.4794, NLL: 2.2631, Masked: 2.4675
Epoch [93/142], Total Loss: 16.4789, NLL: 2.2631, Masked: 2.4674
Epoch [94/142], Total Loss: 16.4761, NLL: 2.2631, Masked: 2.4669
Epoch [95/142], Total Loss: 16.4768, NLL: 2.2631, Masked: 2.4670
Epoch [96/142], Total Loss: 16.4782, NLL: 2.2631, Masked: 2.4673
Epoch [97/142], Total Loss: 16.4740, NLL: 2.2631, Masked: 2.4665
Epoch [98/142], Total Loss: 16.4772, NLL: 2.2631, Masked: 2.4671
Epoch [99/142], Total Loss: 16.4790, NLL: 2.2631, Masked: 2.4674
Epoch [100/142], Total Loss: 16.4709, NLL: 2.2631, Masked: 2.4660
Epoch [101/142], Total Loss: 16.4766, NLL: 2.2631, Masked: 2.4670
Epoch [102/142], Total Loss: 16.4767, NLL: 2.2631, Masked: 2.4670
Epoch [103/142], Total Loss: 16.4805, NLL: 2.2631, Masked: 2.4677
Epoch [104/142], Total Loss: 16.4807, NLL: 2.2631, Masked: 2.4677
Epoch [105/142], Total Loss: 16.4802, NLL: 2.2631, Masked: 2.4676
Epoch [106/142], Total Loss: 16.4794, NLL: 2.2631, Masked: 2.4675
Epoch [107/142], Total Loss: 16.4764, NLL: 2.2631, Masked: 2.4670
Epoch [108/142], Total Loss: 16.4791, NLL: 2.2631, Masked: 2.4674
Epoch [109/142], Total Loss: 16.4768, NLL: 2.2631, Masked: 2.4670
Epoch [110/142], Total Loss: 16.4714, NLL: 2.2631, Masked: 2.4661
Epoch [111/142], Total Loss: 16.4762, NLL: 2.2631, Masked: 2.4669
Epoch [112/142], Total Loss: 16.4764, NLL: 2.2631, Masked: 2.4670
Epoch [113/142], Total Loss: 16.4737, NLL: 2.2631, Masked: 2.4665
Epoch [114/142], Total Loss: 16.4788, NLL: 2.2631, Masked: 2.4674
Epoch [115/142], Total Loss: 16.4716, NLL: 2.2631, Masked: 2.4661
Epoch [116/142], Total Loss: 16.4777, NLL: 2.2631, Masked: 2.4672
Epoch [117/142], Total Loss: 16.4765, NLL: 2.2631, Masked: 2.4670
Epoch [118/142], Total Loss: 16.4764, NLL: 2.2631, Masked: 2.4670
Epoch [119/142], Total Loss: 16.4762, NLL: 2.2631, Masked: 2.4669
Epoch [120/142], Total Loss: 16.4776, NLL: 2.2631, Masked: 2.4672
Epoch [121/142], Total Loss: 16.4753, NLL: 2.2631, Masked: 2.4668
Epoch [122/142], Total Loss: 16.4811, NLL: 2.2631, Masked: 2.4678
Epoch [123/142], Total Loss: 16.4755, NLL: 2.2631, Masked: 2.4668
Epoch [124/142], Total Loss: 16.4734, NLL: 2.2631, Masked: 2.4664
Epoch [125/142], Total Loss: 16.4751, NLL: 2.2631, Masked: 2.4667
Epoch [126/142], Total Loss: 16.4778, NLL: 2.2631, Masked: 2.4672
Epoch [127/142], Total Loss: 16.4776, NLL: 2.2631, Masked: 2.4672
Epoch [128/142], Total Loss: 16.4775, NLL: 2.2631, Masked: 2.4671
Epoch [129/142], Total Loss: 16.4816, NLL: 2.2631, Masked: 2.4679
Epoch [130/142], Total Loss: 16.4740, NLL: 2.2631, Masked: 2.4665
Epoch [131/142], Total Loss: 16.4780, NLL: 2.2631, Masked: 2.4672
Epoch [132/142], Total Loss: 16.4721, NLL: 2.2631, Masked: 2.4662
Epoch [133/142], Total Loss: 16.4762, NLL: 2.2631, Masked: 2.4669
Epoch [134/142], Total Loss: 16.4779, NLL: 2.2631, Masked: 2.4672
Epoch [135/142], Total Loss: 16.4762, NLL: 2.2631, Masked: 2.4669
Epoch [136/142], Total Loss: 16.4734, NLL: 2.2631, Masked: 2.4664
Epoch [137/142], Total Loss: 16.4725, NLL: 2.2631, Masked: 2.4663
Epoch [138/142], Total Loss: 16.4752, NLL: 2.2631, Masked: 2.4668
Epoch [139/142], Total Loss: 16.4736, NLL: 2.2631, Masked: 2.4665
Epoch [140/142], Total Loss: 16.4755, NLL: 2.2631, Masked: 2.4668
Epoch [141/142], Total Loss: 16.4750, NLL: 2.2631, Masked: 2.4667
Epoch [142/142], Total Loss: 16.4786, NLL: 2.2631, Masked: 2.4673

==================================================
EVALUATING ON TRAINING DATA
==================================================

==================================================
TEST RESULTS
==================================================
Total Loss: 16.477977
  - ZINB NLL: 2.263071
Total number of masked values: 3968479
  - Number of values with pi >= 0.5675953018856914: 0
  - Number of values with pi < 0.5675953018856914: 3968479
  - Masked Reconstruction: 2.467233
Mean Absolute Error (MAE): 2.209769
R² Score: -0.066115
==================================================


==================================================
TEST RESULTS
==================================================
Total Loss: 15.226415
  - ZINB NLL: 2.210017
Total number of masked values: 3822575
  - Number of values with pi >= 0.5675953018856914: 0
  - Number of values with pi < 0.5675953018856914: 3822575
  - Masked Reconstruction: 2.259212
Mean Absolute Error (MAE): 2.134996
R² Score: -0.073646
==================================================


>>> Optimizing zinb_nll on VALIDATION set: 2.210017
>>> Full validation metrics: {'total_loss': 15.226415317582886, 'zinb_nll': 2.210017347731531, 'mae': 2.134995698928833, 'r2': -0.0736464262008667, 'masked_loss': 2.259212380622927}

Iteration No: 11 ended. Evaluation done at random point.
Time taken: 738.7289
Function value obtained: 2.2100
Current minimum: 1.5500
Iteration No: 12 started. Evaluating function at random point.

================================================================================
Trial with parameters:
  features: Centr_Nucl
  step_size: 0.6142103151896701
  bin_size: 23
  sample_fraction: 0.9958430969581157
  moving_average: True
  first_layer_size_factor: 7
  num_layers: 3
  use_conv: True
  conv_channel: 57
  pool_size: 6
  kernel_size: 7
  epochs: 67
  batch_size: 64
  pi_threshold: 0.503525630735504
  learning_rate: 0.0008109570516646228
  dropout_rate: 0.1252309093027921
  masked_recon_weight: 0.22881441989554124
  regularizer: none
  regularization_weight: 0.025538481491946197
================================================================================

Creating datasets with:
  features: ['Centr', 'Nucl']
  bin_size: 23
  moving_average: True
  data_point_length: 2000 (from 2000)
  step_size: 1228 (from fraction 0.6142103151896701)
  layers: [np.int64(112), np.int64(56), np.int64(28)] (first=112, num=3)
  stride: 1 (fixed), padding: same (fixed)


Clipping outliers using 95th percentile * 1.5...
strain_yTW001: Clipping values above 134.25 (P95=89.50). Clipped 27529/1193409 values (2.31%)
strain_FD: Clipping values above 71.92 (P95=47.94). Clipped 95791/4127807 values (2.32%)
strain_dnrp: Clipping values above 243.00 (P95=162.00). Clipped 25649/1119454 values (2.29%)
strain_yEK19: Clipping values above 77.10 (P95=51.40). Clipped 83713/3893623 values (2.15%)
strain_yEK23: Clipping values above 72.00 (P95=48.00). Clipped 86381/3558407 values (2.43%)
strain_yWT03a: Clipping values above 15.00 (P95=10.00). Clipped 10602/347679 values (3.05%)
strain_yWT04a: Clipping values above 58.50 (P95=39.00). Clipped 21095/725406 values (2.91%)
strain_ylic137: Clipping values above 142.50 (P95=95.00). Clipped 28746/1112684 values (2.58%)
Standardizing features: ['Centr', 'Nucl']
Column order in final array (Dataset/Chrom split): ['Value', 'Nucleosome_Distance', 'Centromere_Distance', 'Value_Raw', 'Size_Factor']
Removing 0 empty data points out of 44592
Column order in final array (Dataset/Chrom split): ['Value', 'Nucleosome_Distance', 'Centromere_Distance', 'Value_Raw', 'Size_Factor']
Removing 0 empty data points out of 16792
Column order in final array (Dataset/Chrom split): ['Value', 'Nucleosome_Distance', 'Centromere_Distance', 'Value_Raw', 'Size_Factor']
Removing 0 empty data points out of 17248
Datasets created:
  Train: (44592, 2000, 5), Val: (16792, 2000, 5), Test: (17248, 2000, 5)

Randomly sampled 44406/44592 samples (99.6%)
Applied denoising with 15.0% masking
Applied denoising with 15.0% masking
Applied denoising with 15.0% masking
Epoch [1/67], Total Loss: 2.6696, NLL: 1.9537, Masked: 3.1285
Epoch [2/67], Total Loss: 2.3685, NLL: 1.7602, Masked: 2.6584
Epoch [3/67], Total Loss: 2.2855, NLL: 1.7027, Masked: 2.5473
Epoch [4/67], Total Loss: 2.2469, NLL: 1.6776, Masked: 2.4881
Epoch [5/67], Total Loss: 2.2343, NLL: 1.6707, Masked: 2.4631
Epoch [6/67], Total Loss: 2.2213, NLL: 1.6629, Masked: 2.4405
Epoch [7/67], Total Loss: 2.2090, NLL: 1.6557, Masked: 2.4181
Epoch [8/67], Total Loss: 2.2008, NLL: 1.6512, Masked: 2.4022
Epoch [9/67], Total Loss: 2.1944, NLL: 1.6475, Masked: 2.3901
Epoch [10/67], Total Loss: 2.1890, NLL: 1.6450, Masked: 2.3773
Epoch [11/67], Total Loss: 2.1844, NLL: 1.6430, Masked: 2.3658
Epoch [12/67], Total Loss: 2.1813, NLL: 1.6414, Masked: 2.3598
Epoch [13/67], Total Loss: 2.1786, NLL: 1.6405, Masked: 2.3518
Epoch [14/67], Total Loss: 2.1763, NLL: 1.6393, Masked: 2.3468
Epoch [15/67], Total Loss: 2.1747, NLL: 1.6388, Masked: 2.3422
Epoch [16/67], Total Loss: 2.1722, NLL: 1.6381, Masked: 2.3344
Epoch [17/67], Total Loss: 2.1704, NLL: 1.6373, Masked: 2.3295
Epoch [18/67], Total Loss: 2.1686, NLL: 1.6367, Masked: 2.3246
Epoch [19/67], Total Loss: 2.1679, NLL: 1.6364, Masked: 2.3230
Epoch [20/67], Total Loss: 2.1660, NLL: 1.6359, Masked: 2.3165
Epoch [21/67], Total Loss: 2.1626, NLL: 1.6345, Masked: 2.3077
Epoch [22/67], Total Loss: 2.1627, NLL: 1.6345, Masked: 2.3085
Epoch [23/67], Total Loss: 2.1615, NLL: 1.6340, Masked: 2.3053
Epoch [24/67], Total Loss: 2.1597, NLL: 1.6335, Masked: 2.2996
Epoch [25/67], Total Loss: 2.1586, NLL: 1.6330, Masked: 2.2974
Epoch [26/67], Total Loss: 2.1583, NLL: 1.6331, Masked: 2.2955
Epoch [27/67], Total Loss: 2.1574, NLL: 1.6327, Masked: 2.2932
Epoch [28/67], Total Loss: 2.1563, NLL: 1.6322, Masked: 2.2904
Epoch [29/67], Total Loss: 2.1545, NLL: 1.6319, Masked: 2.2843
Epoch [30/67], Total Loss: 2.1534, NLL: 1.6311, Masked: 2.2829
Epoch [31/67], Total Loss: 2.1533, NLL: 1.6311, Masked: 2.2822
Epoch [32/67], Total Loss: 2.1538, NLL: 1.6318, Masked: 2.2814
Epoch [33/67], Total Loss: 2.1520, NLL: 1.6310, Masked: 2.2770
Epoch [34/67], Total Loss: 2.1515, NLL: 1.6310, Masked: 2.2751
Epoch [35/67], Total Loss: 2.1510, NLL: 1.6301, Masked: 2.2766
Epoch [36/67], Total Loss: 2.1499, NLL: 1.6299, Masked: 2.2726
Epoch [37/67], Total Loss: 2.1504, NLL: 1.6302, Masked: 2.2737
Epoch [38/67], Total Loss: 2.1482, NLL: 1.6292, Masked: 2.2679
Epoch [39/67], Total Loss: 2.1480, NLL: 1.6294, Masked: 2.2663
Epoch [40/67], Total Loss: 2.1460, NLL: 1.6285, Masked: 2.2617
Epoch [41/67], Total Loss: 2.1450, NLL: 1.6282, Masked: 2.2585
Epoch [42/67], Total Loss: 2.1465, NLL: 1.6287, Masked: 2.2627
Epoch [43/67], Total Loss: 2.1452, NLL: 1.6283, Masked: 2.2589
Epoch [44/67], Total Loss: 2.1444, NLL: 1.6281, Masked: 2.2565
Epoch [45/67], Total Loss: 2.1432, NLL: 1.6276, Masked: 2.2534
Epoch [46/67], Total Loss: 2.1430, NLL: 1.6277, Masked: 2.2523
Epoch [47/67], Total Loss: 2.1432, NLL: 1.6275, Masked: 2.2538
Epoch [48/67], Total Loss: 2.1431, NLL: 1.6275, Masked: 2.2535
Epoch [49/67], Total Loss: 2.1464, NLL: 1.6281, Masked: 2.2653
Epoch [50/67], Total Loss: 2.1411, NLL: 1.6271, Masked: 2.2463
Epoch [51/67], Total Loss: 2.1425, NLL: 1.6279, Masked: 2.2489
Epoch [52/67], Total Loss: 2.1402, NLL: 1.6265, Masked: 2.2454
Epoch [53/67], Total Loss: 2.1402, NLL: 1.6260, Masked: 2.2472
Epoch [54/67], Total Loss: 2.1403, NLL: 1.6262, Masked: 2.2465
Epoch [55/67], Total Loss: 2.1395, NLL: 1.6258, Masked: 2.2447
Epoch [56/67], Total Loss: 2.1393, NLL: 1.6259, Masked: 2.2439
Epoch [57/67], Total Loss: 2.1373, NLL: 1.6253, Masked: 2.2376
Epoch [58/67], Total Loss: 2.1387, NLL: 1.6259, Masked: 2.2413
Epoch [59/67], Total Loss: 2.1377, NLL: 1.6255, Masked: 2.2384
Epoch [60/67], Total Loss: 2.1371, NLL: 1.6251, Masked: 2.2376
Epoch [61/67], Total Loss: 2.1368, NLL: 1.6248, Masked: 2.2376
Epoch [62/67], Total Loss: 2.1388, NLL: 1.6256, Masked: 2.2427
Epoch [63/67], Total Loss: 2.1366, NLL: 1.6247, Masked: 2.2372
Epoch [64/67], Total Loss: 2.1355, NLL: 1.6244, Masked: 2.2336
Epoch [65/67], Total Loss: 2.1362, NLL: 1.6245, Masked: 2.2362
Epoch [66/67], Total Loss: 2.1358, NLL: 1.6246, Masked: 2.2342
Epoch [67/67], Total Loss: 2.1359, NLL: 1.6243, Masked: 2.2357

==================================================
EVALUATING ON TRAINING DATA
==================================================

==================================================
TEST RESULTS
==================================================
Total Loss: 2.089909
  - ZINB NLL: 1.600327
Total number of masked values: 9531570
  - Number of values with pi >= 0.503525630735504: 1
  - Number of values with pi < 0.503525630735504: 9531569
  - Masked Reconstruction: 2.139649
Mean Absolute Error (MAE): 1.901406
R² Score: 0.537304
==================================================


==================================================
TEST RESULTS
==================================================
Total Loss: 2.066747
  - ZINB NLL: 1.598582
Total number of masked values: 3605079
  - Number of values with pi >= 0.503525630735504: 0
  - Number of values with pi < 0.503525630735504: 3605079
  - Masked Reconstruction: 2.046043
Mean Absolute Error (MAE): 1.892187
R² Score: 0.509248
==================================================


>>> Optimizing zinb_nll on VALIDATION set: 1.598582
>>> Full validation metrics: {'total_loss': 2.0667465587296108, 'zinb_nll': 1.5985823392640868, 'mae': 1.8921866416931152, 'r2': 0.5092480182647705, 'masked_loss': 2.0460432867256446}

Iteration No: 12 ended. Evaluation done at random point.
Time taken: 850.9075
Function value obtained: 1.5986
Current minimum: 1.5500
Iteration No: 13 started. Evaluating function at random point.

================================================================================
Trial with parameters:
  features: Nucl
  step_size: 0.5757957741328216
  bin_size: 18
  sample_fraction: 0.7338275215229237
  moving_average: False
  first_layer_size_factor: 130
  num_layers: 2
  use_conv: True
  conv_channel: 80
  pool_size: 7
  kernel_size: 3
  epochs: 149
  batch_size: 64
  pi_threshold: 0.41182413671870344
  learning_rate: 0.004471796861411282
  dropout_rate: 0.373859386948707
  masked_recon_weight: 6.49063800056711
  regularizer: l1
  regularization_weight: 0.07402096929877426
================================================================================

Creating datasets with:
  features: ['Nucl']
  bin_size: 18
  moving_average: False
  data_point_length: 111 (from 2000)
  step_size: 63 (from fraction 0.5757957741328216)
  layers: [np.int64(2080), np.int64(1040)] (first=2080, num=2)
  stride: 1 (fixed), padding: same (fixed)


Clipping outliers using 95th percentile * 1.5...
strain_yTW001: Clipping values above 134.25 (P95=89.50). Clipped 27529/1193409 values (2.31%)
strain_FD: Clipping values above 71.92 (P95=47.94). Clipped 95791/4127807 values (2.32%)
strain_dnrp: Clipping values above 243.00 (P95=162.00). Clipped 25649/1119454 values (2.29%)
strain_yEK19: Clipping values above 77.10 (P95=51.40). Clipped 83713/3893623 values (2.15%)
strain_yEK23: Clipping values above 72.00 (P95=48.00). Clipped 86381/3558407 values (2.43%)
strain_yWT03a: Clipping values above 15.00 (P95=10.00). Clipped 10602/347679 values (3.05%)
strain_yWT04a: Clipping values above 58.50 (P95=39.00). Clipped 21095/725406 values (2.91%)
strain_ylic137: Clipping values above 142.50 (P95=95.00). Clipped 28746/1112684 values (2.58%)
Standardizing features: ['Nucl']
Column order in final array (Dataset/Chrom split): ['Value', 'Nucleosome_Distance', 'Value_Raw', 'Size_Factor']
Removing 0 empty data points out of 48272
Column order in final array (Dataset/Chrom split): ['Value', 'Nucleosome_Distance', 'Value_Raw', 'Size_Factor']
Removing 0 empty data points out of 18184
Column order in final array (Dataset/Chrom split): ['Value', 'Nucleosome_Distance', 'Value_Raw', 'Size_Factor']
Removing 0 empty data points out of 18680
Datasets created:
  Train: (48272, 111, 4), Val: (18184, 111, 4), Test: (18680, 111, 4)

Randomly sampled 35423/48272 samples (73.4%)
Applied denoising with 15.0% masking
Applied denoising with 15.0% masking
Applied denoising with 15.0% masking
Epoch [1/149], Total Loss: 391.0296, NLL: 2.3864, Masked: 3.4130, Reg: 366.490738
Epoch [2/149], Total Loss: 278.4932, NLL: 2.9517, Masked: 3.3393, Reg: 253.867146
Epoch [3/149], Total Loss: 278.2434, NLL: 2.9516, Masked: 3.3400, Reg: 253.613214
Epoch [4/149], Total Loss: 278.1655, NLL: 2.9516, Masked: 3.3399, Reg: 253.536056
Epoch [5/149], Total Loss: 278.3237, NLL: 2.9516, Masked: 3.3404, Reg: 253.690590
Epoch [6/149], Total Loss: 278.3603, NLL: 2.9516, Masked: 3.3387, Reg: 253.738604
Epoch [7/149], Total Loss: 278.4643, NLL: 2.9516, Masked: 3.3400, Reg: 253.834138
Epoch [8/149], Total Loss: 278.4728, NLL: 2.9516, Masked: 3.3424, Reg: 253.827133
Epoch [9/149], Total Loss: 278.5043, NLL: 2.9516, Masked: 3.3403, Reg: 253.872140
Epoch [10/149], Total Loss: 278.5087, NLL: 2.9516, Masked: 3.3414, Reg: 253.869375
Epoch [11/149], Total Loss: 278.5459, NLL: 2.9516, Masked: 3.3389, Reg: 253.922819
Epoch [12/149], Total Loss: 278.6722, NLL: 2.9516, Masked: 3.3405, Reg: 254.038706
Epoch [13/149], Total Loss: 278.6244, NLL: 2.9516, Masked: 3.3410, Reg: 253.987635
Epoch [14/149], Total Loss: 278.7822, NLL: 2.9516, Masked: 3.3417, Reg: 254.140575
Epoch [15/149], Total Loss: 278.7610, NLL: 2.9516, Masked: 3.3400, Reg: 254.130745
Epoch [16/149], Total Loss: 278.8632, NLL: 2.9516, Masked: 3.3400, Reg: 254.232868
Epoch [17/149], Total Loss: 278.9046, NLL: 2.9516, Masked: 3.3407, Reg: 254.269868
Epoch [18/149], Total Loss: 279.0173, NLL: 2.9516, Masked: 3.3401, Reg: 254.386217
Epoch [19/149], Total Loss: 278.9736, NLL: 2.9516, Masked: 3.3401, Reg: 254.342545
Epoch [20/149], Total Loss: 279.0571, NLL: 2.9516, Masked: 3.3415, Reg: 254.416957
Epoch [21/149], Total Loss: 279.0318, NLL: 2.9516, Masked: 3.3399, Reg: 254.402138
Epoch [22/149], Total Loss: 279.1387, NLL: 2.9516, Masked: 3.3419, Reg: 254.496113
Epoch [23/149], Total Loss: 279.0989, NLL: 2.9516, Masked: 3.3396, Reg: 254.471254
Epoch [24/149], Total Loss: 279.1792, NLL: 2.9516, Masked: 3.3404, Reg: 254.546017
Epoch [25/149], Total Loss: 279.1595, NLL: 2.9516, Masked: 3.3394, Reg: 254.533324
Epoch [26/149], Total Loss: 279.1914, NLL: 2.9516, Masked: 3.3409, Reg: 254.555442
Epoch [27/149], Total Loss: 279.1716, NLL: 2.9516, Masked: 3.3406, Reg: 254.537062
Epoch [28/149], Total Loss: 279.1836, NLL: 2.9516, Masked: 3.3399, Reg: 254.554012
Epoch [29/149], Total Loss: 279.2172, NLL: 2.9516, Masked: 3.3400, Reg: 254.586770
Epoch [30/149], Total Loss: 279.1786, NLL: 2.9516, Masked: 3.3411, Reg: 254.540808
Epoch [31/149], Total Loss: 279.2333, NLL: 2.9516, Masked: 3.3409, Reg: 254.596823
Epoch [32/149], Total Loss: 279.1814, NLL: 2.9516, Masked: 3.3409, Reg: 254.545181
Epoch [33/149], Total Loss: 279.1938, NLL: 2.9516, Masked: 3.3406, Reg: 254.559724
Epoch [34/149], Total Loss: 279.1245, NLL: 2.9516, Masked: 3.3389, Reg: 254.501129
Epoch [35/149], Total Loss: 279.2029, NLL: 2.9516, Masked: 3.3405, Reg: 254.569142
Epoch [36/149], Total Loss: 279.0932, NLL: 2.9516, Masked: 3.3414, Reg: 254.453936
Epoch [37/149], Total Loss: 279.0865, NLL: 2.9516, Masked: 3.3403, Reg: 254.454455
Epoch [38/149], Total Loss: 279.1089, NLL: 2.9516, Masked: 3.3404, Reg: 254.476053
Epoch [39/149], Total Loss: 279.0837, NLL: 2.9516, Masked: 3.3416, Reg: 254.443043
Epoch [40/149], Total Loss: 279.0812, NLL: 2.9516, Masked: 3.3403, Reg: 254.448922
Epoch [41/149], Total Loss: 279.0292, NLL: 2.9516, Masked: 3.3415, Reg: 254.389070
Epoch [42/149], Total Loss: 279.0213, NLL: 2.9516, Masked: 3.3387, Reg: 254.399252
Epoch [43/149], Total Loss: 278.9906, NLL: 2.9516, Masked: 3.3395, Reg: 254.363593
Epoch [44/149], Total Loss: 279.0599, NLL: 2.9516, Masked: 3.3420, Reg: 254.416475
Epoch [45/149], Total Loss: 279.0107, NLL: 2.9516, Masked: 3.3380, Reg: 254.393197
Epoch [46/149], Total Loss: 278.9715, NLL: 2.9516, Masked: 3.3410, Reg: 254.334934
Epoch [47/149], Total Loss: 278.8617, NLL: 2.9516, Masked: 3.3401, Reg: 254.230515
Epoch [48/149], Total Loss: 278.9890, NLL: 2.9516, Masked: 3.3411, Reg: 254.351501
Epoch [49/149], Total Loss: 278.9075, NLL: 2.9516, Masked: 3.3408, Reg: 254.271649
Epoch [50/149], Total Loss: 278.8754, NLL: 2.9516, Masked: 3.3385, Reg: 254.254890
Epoch [51/149], Total Loss: 278.7787, NLL: 2.9516, Masked: 3.3408, Reg: 254.143425
Epoch [52/149], Total Loss: 278.8384, NLL: 2.9516, Masked: 3.3393, Reg: 254.212273
Epoch [53/149], Total Loss: 278.7628, NLL: 2.9516, Masked: 3.3413, Reg: 254.124227
Epoch [54/149], Total Loss: 278.7692, NLL: 2.9516, Masked: 3.3398, Reg: 254.140284
Epoch [55/149], Total Loss: 278.7260, NLL: 2.9516, Masked: 3.3406, Reg: 254.091888
Epoch [56/149], Total Loss: 278.6545, NLL: 2.9516, Masked: 3.3412, Reg: 254.016422
Epoch [57/149], Total Loss: 278.6069, NLL: 2.9516, Masked: 3.3400, Reg: 253.976405
Epoch [58/149], Total Loss: 278.6411, NLL: 2.9516, Masked: 3.3380, Reg: 254.023462
Epoch [59/149], Total Loss: 278.6376, NLL: 2.9516, Masked: 3.3412, Reg: 253.999325
Epoch [60/149], Total Loss: 278.5364, NLL: 2.9516, Masked: 3.3400, Reg: 253.906181
Epoch [61/149], Total Loss: 278.5520, NLL: 2.9516, Masked: 3.3385, Reg: 253.931530
Epoch [62/149], Total Loss: 278.4911, NLL: 2.9516, Masked: 3.3413, Reg: 253.852458
Epoch [63/149], Total Loss: 278.5737, NLL: 2.9516, Masked: 3.3431, Reg: 253.923287
Epoch [64/149], Total Loss: 278.4300, NLL: 2.9516, Masked: 3.3414, Reg: 253.790640
Epoch [65/149], Total Loss: 278.5083, NLL: 2.9516, Masked: 3.3411, Reg: 253.870643
Epoch [66/149], Total Loss: 278.4532, NLL: 2.9516, Masked: 3.3400, Reg: 253.823193
Epoch [67/149], Total Loss: 278.4244, NLL: 2.9516, Masked: 3.3398, Reg: 253.795224
Epoch [68/149], Total Loss: 278.4609, NLL: 2.9516, Masked: 3.3402, Reg: 253.829053
Epoch [69/149], Total Loss: 278.4335, NLL: 2.9516, Masked: 3.3394, Reg: 253.806903
Epoch [70/149], Total Loss: 278.3638, NLL: 2.9516, Masked: 3.3410, Reg: 253.726988
Epoch [71/149], Total Loss: 278.3863, NLL: 2.9516, Masked: 3.3420, Reg: 253.743303
Epoch [72/149], Total Loss: 278.4311, NLL: 2.9516, Masked: 3.3388, Reg: 253.808616
Epoch [73/149], Total Loss: 278.3367, NLL: 2.9516, Masked: 3.3401, Reg: 253.705837
Epoch [74/149], Total Loss: 278.3517, NLL: 2.9516, Masked: 3.3402, Reg: 253.719912
Epoch [75/149], Total Loss: 278.3491, NLL: 2.9516, Masked: 3.3398, Reg: 253.719744
Epoch [76/149], Total Loss: 278.4089, NLL: 2.9516, Masked: 3.3403, Reg: 253.776410
Epoch [77/149], Total Loss: 278.3070, NLL: 2.9516, Masked: 3.3400, Reg: 253.676635
Epoch [78/149], Total Loss: 278.4175, NLL: 2.9516, Masked: 3.3409, Reg: 253.781228
Epoch [79/149], Total Loss: 278.3020, NLL: 2.9516, Masked: 3.3398, Reg: 253.672809
Epoch [80/149], Total Loss: 278.3869, NLL: 2.9516, Masked: 3.3393, Reg: 253.761384
Epoch [81/149], Total Loss: 278.3673, NLL: 2.9516, Masked: 3.3407, Reg: 253.732037
Epoch [82/149], Total Loss: 278.4399, NLL: 2.9516, Masked: 3.3405, Reg: 253.806134
Epoch [83/149], Total Loss: 278.3647, NLL: 2.9516, Masked: 3.3417, Reg: 253.723190
Epoch [84/149], Total Loss: 278.3924, NLL: 2.9516, Masked: 3.3414, Reg: 253.752657
Epoch [85/149], Total Loss: 278.4456, NLL: 2.9516, Masked: 3.3417, Reg: 253.804352
Epoch [86/149], Total Loss: 278.4545, NLL: 2.9516, Masked: 3.3380, Reg: 253.836970
Epoch [87/149], Total Loss: 278.4546, NLL: 2.9516, Masked: 3.3400, Reg: 253.824206
Epoch [88/149], Total Loss: 278.4298, NLL: 2.9516, Masked: 3.3413, Reg: 253.790842
Epoch [89/149], Total Loss: 278.5105, NLL: 2.9516, Masked: 3.3417, Reg: 253.869095
Epoch [90/149], Total Loss: 278.4760, NLL: 2.9516, Masked: 3.3428, Reg: 253.827403
Epoch [91/149], Total Loss: 278.5209, NLL: 2.9516, Masked: 3.3396, Reg: 253.892941
Epoch [92/149], Total Loss: 278.5326, NLL: 2.9516, Masked: 3.3426, Reg: 253.885673
Epoch [93/149], Total Loss: 278.4624, NLL: 2.9516, Masked: 3.3413, Reg: 253.823365
Epoch [94/149], Total Loss: 278.4542, NLL: 2.9516, Masked: 3.3404, Reg: 253.821045
Epoch [95/149], Total Loss: 278.5649, NLL: 2.9516, Masked: 3.3405, Reg: 253.931253
Epoch [96/149], Total Loss: 278.5159, NLL: 2.9516, Masked: 3.3407, Reg: 253.880918
Epoch [97/149], Total Loss: 278.5143, NLL: 2.9516, Masked: 3.3401, Reg: 253.883479
Epoch [98/149], Total Loss: 278.5273, NLL: 2.9516, Masked: 3.3413, Reg: 253.888781
Epoch [99/149], Total Loss: 278.6197, NLL: 2.9516, Masked: 3.3425, Reg: 253.972814
Epoch [100/149], Total Loss: 278.5166, NLL: 2.9516, Masked: 3.3395, Reg: 253.889216
Epoch [101/149], Total Loss: 278.5503, NLL: 2.9516, Masked: 3.3398, Reg: 253.921200
Epoch [102/149], Total Loss: 278.6461, NLL: 2.9516, Masked: 3.3405, Reg: 254.012785
Epoch [103/149], Total Loss: 278.5591, NLL: 2.9516, Masked: 3.3403, Reg: 253.926890
Epoch [104/149], Total Loss: 278.6372, NLL: 2.9516, Masked: 3.3393, Reg: 254.011145
Epoch [105/149], Total Loss: 278.6003, NLL: 2.9516, Masked: 3.3371, Reg: 253.988634
Epoch [106/149], Total Loss: 278.6686, NLL: 2.9516, Masked: 3.3425, Reg: 254.022132
Epoch [107/149], Total Loss: 278.6376, NLL: 2.9516, Masked: 3.3396, Reg: 254.009645
Epoch [108/149], Total Loss: 278.7268, NLL: 2.9516, Masked: 3.3403, Reg: 254.094663
Epoch [109/149], Total Loss: 278.7111, NLL: 2.9516, Masked: 3.3400, Reg: 254.081008
Epoch [110/149], Total Loss: 278.7331, NLL: 2.9516, Masked: 3.3403, Reg: 254.100780
Epoch [111/149], Total Loss: 278.6885, NLL: 2.9516, Masked: 3.3423, Reg: 254.043328
Epoch [112/149], Total Loss: 278.8786, NLL: 2.9516, Masked: 3.3417, Reg: 254.237418
Epoch [113/149], Total Loss: 278.7827, NLL: 2.9516, Masked: 3.3427, Reg: 254.135074
Epoch [114/149], Total Loss: 278.8607, NLL: 2.9516, Masked: 3.3407, Reg: 254.225980
Epoch [115/149], Total Loss: 278.8669, NLL: 2.9516, Masked: 3.3401, Reg: 254.236019
Epoch [116/149], Total Loss: 278.8736, NLL: 2.9516, Masked: 3.3402, Reg: 254.242197
Epoch [117/149], Total Loss: 278.9008, NLL: 2.9516, Masked: 3.3395, Reg: 254.273848
Epoch [118/149], Total Loss: 278.9608, NLL: 2.9516, Masked: 3.3408, Reg: 254.325446
Epoch [119/149], Total Loss: 279.0394, NLL: 2.9516, Masked: 3.3389, Reg: 254.416106
Epoch [120/149], Total Loss: 278.9358, NLL: 2.9516, Masked: 3.3414, Reg: 254.296108
Epoch [121/149], Total Loss: 279.0320, NLL: 2.9516, Masked: 3.3410, Reg: 254.394989
Epoch [122/149], Total Loss: 279.0750, NLL: 2.9516, Masked: 3.3397, Reg: 254.446312
Epoch [123/149], Total Loss: 279.1104, NLL: 2.9516, Masked: 3.3399, Reg: 254.480663
Epoch [124/149], Total Loss: 279.0502, NLL: 2.9516, Masked: 3.3385, Reg: 254.429266
Epoch [125/149], Total Loss: 279.1450, NLL: 2.9516, Masked: 3.3412, Reg: 254.506885
Epoch [126/149], Total Loss: 279.1316, NLL: 2.9516, Masked: 3.3416, Reg: 254.491041
Epoch [127/149], Total Loss: 279.1578, NLL: 2.9516, Masked: 3.3403, Reg: 254.525710
Epoch [128/149], Total Loss: 279.1880, NLL: 2.9516, Masked: 3.3400, Reg: 254.557571
Epoch [129/149], Total Loss: 279.2091, NLL: 2.9516, Masked: 3.3393, Reg: 254.583534
Epoch [130/149], Total Loss: 279.1725, NLL: 2.9516, Masked: 3.3407, Reg: 254.537530
Epoch [131/149], Total Loss: 279.1670, NLL: 2.9516, Masked: 3.3396, Reg: 254.539285
Epoch [132/149], Total Loss: 279.2803, NLL: 2.9516, Masked: 3.3416, Reg: 254.639445
Epoch [133/149], Total Loss: 279.2509, NLL: 2.9516, Masked: 3.3408, Reg: 254.615109
Epoch [134/149], Total Loss: 279.2486, NLL: 2.9516, Masked: 3.3399, Reg: 254.618997
Epoch [135/149], Total Loss: 279.2699, NLL: 2.9516, Masked: 3.3404, Reg: 254.636642
Epoch [136/149], Total Loss: 279.3270, NLL: 2.9516, Masked: 3.3411, Reg: 254.689355
Epoch [137/149], Total Loss: 279.2187, NLL: 2.9516, Masked: 3.3418, Reg: 254.576543
Epoch [138/149], Total Loss: 279.3755, NLL: 2.9516, Masked: 3.3397, Reg: 254.746891
Epoch [139/149], Total Loss: 279.2859, NLL: 2.9516, Masked: 3.3397, Reg: 254.657284
Epoch [140/149], Total Loss: 279.3193, NLL: 2.9516, Masked: 3.3385, Reg: 254.698945
Epoch [141/149], Total Loss: 279.3011, NLL: 2.9516, Masked: 3.3409, Reg: 254.665151
Epoch [142/149], Total Loss: 279.3842, NLL: 2.9516, Masked: 3.3408, Reg: 254.748433
Epoch [143/149], Total Loss: 279.3976, NLL: 2.9516, Masked: 3.3405, Reg: 254.763798
Epoch [144/149], Total Loss: 279.3979, NLL: 2.9516, Masked: 3.3424, Reg: 254.752005
Epoch [145/149], Total Loss: 279.4161, NLL: 2.9516, Masked: 3.3408, Reg: 254.780307
Epoch [146/149], Total Loss: 279.4442, NLL: 2.9516, Masked: 3.3409, Reg: 254.808097
Epoch [147/149], Total Loss: 279.3920, NLL: 2.9516, Masked: 3.3391, Reg: 254.767475
Epoch [148/149], Total Loss: 279.4460, NLL: 2.9516, Masked: 3.3412, Reg: 254.807864
Epoch [149/149], Total Loss: 279.4679, NLL: 2.9516, Masked: 3.3399, Reg: 254.838253

==================================================
EVALUATING ON TRAINING DATA
==================================================

==================================================
TEST RESULTS
==================================================
Total Loss: 283.568309
  - ZINB NLL: 2.951581
Total number of masked values: 379394
  - Number of values with pi >= 0.41182413671870344: 379394
  - Number of values with pi < 0.41182413671870344: 0
  - Masked Reconstruction: 3.341478
  - Regularization: 258.928405
Mean Absolute Error (MAE): 2.234410
R² Score: -0.180606
==================================================


==================================================
TEST RESULTS
==================================================
Total Loss: 280.945565
  - ZINB NLL: 2.946905
Total number of masked values: 194719
  - Number of values with pi >= 0.41182413671870344: 194719
  - Number of values with pi < 0.41182413671870344: 0
  - Masked Reconstruction: 2.938117
  - Regularization: 258.928405
Mean Absolute Error (MAE): 2.188891
R² Score: -0.196505
==================================================


>>> Optimizing zinb_nll on VALIDATION set: 2.946905
>>> Full validation metrics: {'total_loss': 280.9455648439863, 'zinb_nll': 2.9469049465692994, 'mae': 2.1888914108276367, 'r2': -0.19650518894195557, 'masked_loss': 2.938117160809706, 'reg_loss': 258.92840469495655}

Iteration No: 13 ended. Evaluation done at random point.
Time taken: 558.2682
Function value obtained: 2.9469
Current minimum: 1.5500
Iteration No: 14 started. Evaluating function at random point.

================================================================================
Trial with parameters:
  features: Centr
  step_size: 0.9852486877870344
  bin_size: 5
  sample_fraction: 0.4792727644653864
  moving_average: True
  first_layer_size_factor: 43
  num_layers: 3
  use_conv: True
  conv_channel: 60
  pool_size: 7
  kernel_size: 9
  epochs: 38
  batch_size: 32
  pi_threshold: 0.5684574067296202
  learning_rate: 0.00011910783863642014
  dropout_rate: 0.1270818245348694
  masked_recon_weight: 0.015176175972003892
  regularizer: l1
  regularization_weight: 8.723455790871194
================================================================================

Creating datasets with:
  features: ['Centr']
  bin_size: 5
  moving_average: True
  data_point_length: 2000 (from 2000)
  step_size: 1970 (from fraction 0.9852486877870344)
  layers: [np.int64(688), np.int64(344), np.int64(172)] (first=688, num=3)
  stride: 1 (fixed), padding: same (fixed)


Clipping outliers using 95th percentile * 1.5...
strain_yTW001: Clipping values above 134.25 (P95=89.50). Clipped 27529/1193409 values (2.31%)
strain_FD: Clipping values above 71.92 (P95=47.94). Clipped 95791/4127807 values (2.32%)
strain_dnrp: Clipping values above 243.00 (P95=162.00). Clipped 25649/1119454 values (2.29%)
strain_yEK19: Clipping values above 77.10 (P95=51.40). Clipped 83713/3893623 values (2.15%)
strain_yEK23: Clipping values above 72.00 (P95=48.00). Clipped 86381/3558407 values (2.43%)
strain_yWT03a: Clipping values above 15.00 (P95=10.00). Clipped 10602/347679 values (3.05%)
strain_yWT04a: Clipping values above 58.50 (P95=39.00). Clipped 21095/725406 values (2.91%)
strain_ylic137: Clipping values above 142.50 (P95=95.00). Clipped 28746/1112684 values (2.58%)
Standardizing features: ['Centr']
Column order in final array (Dataset/Chrom split): ['Value', 'Centromere_Distance', 'Value_Raw', 'Size_Factor']
Removing 0 empty data points out of 27832
Column order in final array (Dataset/Chrom split): ['Value', 'Centromere_Distance', 'Value_Raw', 'Size_Factor']
Removing 0 empty data points out of 10480
Column order in final array (Dataset/Chrom split): ['Value', 'Centromere_Distance', 'Value_Raw', 'Size_Factor']
Removing 0 empty data points out of 10768
Datasets created:
  Train: (27832, 2000, 4), Val: (10480, 2000, 4), Test: (10768, 2000, 4)

Randomly sampled 13339/27832 samples (47.9%)
Applied denoising with 15.0% masking
Applied denoising with 15.0% masking
Applied denoising with 15.0% masking
Epoch [1/38], Total Loss: 107348.8991, NLL: 2.5358, Masked: 30.9880, Reg: 107345.897531
Epoch [2/38], Total Loss: 36716.1969, NLL: 2.5231, Masked: 30.9848, Reg: 36713.205056
Epoch [3/38], Total Loss: 35119.7688, NLL: 2.5105, Masked: 30.9774, Reg: 35116.789640
Epoch [4/38], Total Loss: 34080.8721, NLL: 2.4979, Masked: 30.9954, Reg: 34077.905220
Epoch [5/38], Total Loss: 33135.1232, NLL: 2.4854, Masked: 30.9806, Reg: 33132.168998
Epoch [6/38], Total Loss: 32260.6835, NLL: 2.4729, Masked: 30.9941, Reg: 32257.741450
Epoch [7/38], Total Loss: 31394.4000, NLL: 2.4606, Masked: 30.9699, Reg: 31391.470733
Epoch [8/38], Total Loss: 30527.7977, NLL: 2.4483, Masked: 30.9970, Reg: 30524.880328
Epoch [9/38], Total Loss: 29661.3614, NLL: 2.4361, Masked: 30.9769, Reg: 29658.456438
Epoch [10/38], Total Loss: 28794.8654, NLL: 2.4241, Masked: 30.9668, Reg: 28791.972562
Epoch [11/38], Total Loss: 27928.4078, NLL: 2.4123, Masked: 30.9714, Reg: 27925.526535
Epoch [12/38], Total Loss: 27061.7953, NLL: 2.4005, Masked: 30.9952, Reg: 27058.925501
Epoch [13/38], Total Loss: 26195.3938, NLL: 2.3890, Masked: 30.9968, Reg: 26192.535501
Epoch [14/38], Total Loss: 25328.8717, NLL: 2.3776, Masked: 30.9886, Reg: 25326.024844
Epoch [15/38], Total Loss: 24462.4073, NLL: 2.3665, Masked: 30.9689, Reg: 24459.571823
Epoch [16/38], Total Loss: 23595.7662, NLL: 2.3555, Masked: 30.9895, Reg: 23592.941384
Epoch [17/38], Total Loss: 22729.3894, NLL: 2.3448, Masked: 30.9962, Reg: 22726.575053
Epoch [18/38], Total Loss: 21862.9119, NLL: 2.3344, Masked: 30.9938, Reg: 21860.108024
Epoch [19/38], Total Loss: 20996.5352, NLL: 2.3242, Masked: 30.9944, Reg: 20993.741549
Epoch [20/38], Total Loss: 20130.0078, NLL: 2.3143, Masked: 30.9771, Reg: 20127.224251
Epoch [21/38], Total Loss: 19263.7621, NLL: 2.3046, Masked: 30.9916, Reg: 19260.988022
Epoch [22/38], Total Loss: 18397.0359, NLL: 2.2954, Masked: 30.9729, Reg: 18394.271180
Epoch [23/38], Total Loss: 17530.5607, NLL: 2.2864, Masked: 30.9611, Reg: 17527.805239
Epoch [24/38], Total Loss: 16664.2274, NLL: 2.2777, Masked: 31.0097, Reg: 16661.479730
Epoch [25/38], Total Loss: 15797.7474, NLL: 2.2694, Masked: 30.9573, Reg: 15795.008808
Epoch [26/38], Total Loss: 14931.2876, NLL: 2.2615, Masked: 30.9812, Reg: 14928.556556
Epoch [27/38], Total Loss: 14064.6716, NLL: 2.2540, Masked: 30.9668, Reg: 14061.948271
Epoch [28/38], Total Loss: 13198.2591, NLL: 2.2469, Masked: 30.9516, Reg: 13195.543143
Epoch [29/38], Total Loss: 12331.9235, NLL: 2.2401, Masked: 30.9893, Reg: 12329.213643
Epoch [30/38], Total Loss: 11465.2740, NLL: 2.2338, Masked: 30.9935, Reg: 11462.570226
Epoch [31/38], Total Loss: 10598.9648, NLL: 2.2279, Masked: 30.9764, Reg: 10596.267207
Epoch [32/38], Total Loss: 9732.2881, NLL: 2.2225, Masked: 30.9547, Reg: 9729.596195
Epoch [33/38], Total Loss: 8865.7150, NLL: 2.2176, Masked: 30.9941, Reg: 8863.027431
Epoch [34/38], Total Loss: 7998.9226, NLL: 2.2130, Masked: 30.9937, Reg: 7996.239585
Epoch [35/38], Total Loss: 7132.2444, NLL: 2.2090, Masked: 30.9634, Reg: 7129.565848
Epoch [36/38], Total Loss: 6265.5400, NLL: 2.2054, Masked: 30.9809, Reg: 6262.864707
Epoch [37/38], Total Loss: 5398.9997, NLL: 2.2023, Masked: 30.9859, Reg: 5396.327307
Epoch [38/38], Total Loss: 4532.3818, NLL: 2.1997, Masked: 30.9824, Reg: 4529.712101

==================================================
EVALUATING ON TRAINING DATA
==================================================

==================================================
TEST RESULTS
==================================================
Total Loss: 4115.404956
  - ZINB NLL: 2.198589
Total number of masked values: 1715601
  - Number of values with pi >= 0.5684574067296202: 0
  - Number of values with pi < 0.5684574067296202: 1715601
  - Masked Reconstruction: 30.972517
  - Regularization: 4112.736433
Mean Absolute Error (MAE): 26.438213
R² Score: -22.451708
==================================================


==================================================
TEST RESULTS
==================================================
Total Loss: 4115.303067
  - ZINB NLL: 2.196112
Total number of masked values: 1346485
  - Number of values with pi >= 0.5684574067296202: 0
  - Number of values with pi < 0.5684574067296202: 1346485
  - Masked Reconstruction: 24.421760
  - Regularization: 4112.736433
Mean Absolute Error (MAE): 26.483011
R² Score: -23.439465
==================================================


>>> Optimizing zinb_nll on VALIDATION set: 2.196112
>>> Full validation metrics: {'total_loss': 4115.30306685353, 'zinb_nll': 2.1961117971944444, 'mae': 26.48301124572754, 'r2': -23.439464569091797, 'masked_loss': 24.421760330855392, 'reg_loss': 4112.736432935969}

Iteration No: 14 ended. Evaluation done at random point.
Time taken: 697.4477
Function value obtained: 2.1961
Current minimum: 1.5500
Iteration No: 15 started. Evaluating function at random point.

================================================================================
Trial with parameters:
  features: Centr_Nucl
  step_size: 0.781683247682589
  bin_size: 28
  sample_fraction: 0.4723826077358489
  moving_average: True
  first_layer_size_factor: 41
  num_layers: 3
  use_conv: True
  conv_channel: 17
  pool_size: 6
  kernel_size: 3
  epochs: 39
  batch_size: 64
  pi_threshold: 0.3203074124157588
  learning_rate: 0.004569318664735287
  dropout_rate: 0.013808385936852356
  masked_recon_weight: 0.20675669531624294
  regularizer: l2
  regularization_weight: 0.5060377861290914
================================================================================

Creating datasets with:
  features: ['Centr', 'Nucl']
  bin_size: 28
  moving_average: True
  data_point_length: 2000 (from 2000)
  step_size: 1563 (from fraction 0.781683247682589)
  layers: [np.int64(656), np.int64(328), np.int64(164)] (first=656, num=3)
  stride: 1 (fixed), padding: same (fixed)


Clipping outliers using 95th percentile * 1.5...
strain_yTW001: Clipping values above 134.25 (P95=89.50). Clipped 27529/1193409 values (2.31%)
strain_FD: Clipping values above 71.92 (P95=47.94). Clipped 95791/4127807 values (2.32%)
strain_dnrp: Clipping values above 243.00 (P95=162.00). Clipped 25649/1119454 values (2.29%)
strain_yEK19: Clipping values above 77.10 (P95=51.40). Clipped 83713/3893623 values (2.15%)
strain_yEK23: Clipping values above 72.00 (P95=48.00). Clipped 86381/3558407 values (2.43%)
strain_yWT03a: Clipping values above 15.00 (P95=10.00). Clipped 10602/347679 values (3.05%)
strain_yWT04a: Clipping values above 58.50 (P95=39.00). Clipped 21095/725406 values (2.91%)
strain_ylic137: Clipping values above 142.50 (P95=95.00). Clipped 28746/1112684 values (2.58%)
Standardizing features: ['Centr', 'Nucl']
Column order in final array (Dataset/Chrom split): ['Value', 'Nucleosome_Distance', 'Centromere_Distance', 'Value_Raw', 'Size_Factor']
Removing 0 empty data points out of 35040
Column order in final array (Dataset/Chrom split): ['Value', 'Nucleosome_Distance', 'Centromere_Distance', 'Value_Raw', 'Size_Factor']
Removing 0 empty data points out of 13200
Column order in final array (Dataset/Chrom split): ['Value', 'Nucleosome_Distance', 'Centromere_Distance', 'Value_Raw', 'Size_Factor']
Removing 0 empty data points out of 13560
Datasets created:
  Train: (35040, 2000, 5), Val: (13200, 2000, 5), Test: (13560, 2000, 5)

Randomly sampled 16552/35040 samples (47.2%)
Applied denoising with 15.0% masking
Applied denoising with 15.0% masking
Applied denoising with 15.0% masking
Epoch [1/39], Total Loss: 8.8762, NLL: 2.9864, Masked: 28.4867, Reg: 2258.242732
Epoch [2/39], Total Loss: 5.2908, NLL: 3.0481, Masked: 10.8469, Reg: 452.763788
Epoch [3/39], Total Loss: 3.7433, NLL: 3.1273, Masked: 2.9794, Reg: 52.047958
Epoch [4/39], Total Loss: 3.7842, NLL: 3.1676, Masked: 2.9820, Reg: 3.093618
Epoch [5/39], Total Loss: 3.7951, NLL: 3.1791, Masked: 2.9796, Reg: 0.095215
Epoch [6/39], Total Loss: 3.7971, NLL: 3.1811, Masked: 2.9793, Reg: 0.046872
Epoch [7/39], Total Loss: 3.7972, NLL: 3.1813, Masked: 2.9789, Reg: 0.034368
Epoch [8/39], Total Loss: 3.7978, NLL: 3.1813, Masked: 2.9818, Reg: 0.047036
Epoch [9/39], Total Loss: 3.7977, NLL: 3.1813, Masked: 2.9814, Reg: 0.051612
Epoch [10/39], Total Loss: 3.7976, NLL: 3.1813, Masked: 2.9806, Reg: 0.052671
Epoch [11/39], Total Loss: 3.7976, NLL: 3.1813, Masked: 2.9806, Reg: 0.053226
Epoch [12/39], Total Loss: 3.7972, NLL: 3.1813, Masked: 2.9788, Reg: 0.063584
Epoch [13/39], Total Loss: 3.7975, NLL: 3.1813, Masked: 2.9803, Reg: 0.065475
Epoch [14/39], Total Loss: 3.7979, NLL: 3.1813, Masked: 2.9821, Reg: 0.063955
Epoch [15/39], Total Loss: 3.7973, NLL: 3.1813, Masked: 2.9791, Reg: 0.075128
Epoch [16/39], Total Loss: 3.7974, NLL: 3.1813, Masked: 2.9796, Reg: 0.062297
Epoch [17/39], Total Loss: 3.7974, NLL: 3.1813, Masked: 2.9797, Reg: 0.062648
Epoch [18/39], Total Loss: 3.7969, NLL: 3.1813, Masked: 2.9773, Reg: 0.066478
Epoch [19/39], Total Loss: 3.7976, NLL: 3.1813, Masked: 2.9807, Reg: 0.068369
Epoch [20/39], Total Loss: 3.7976, NLL: 3.1813, Masked: 2.9807, Reg: 0.063163
Epoch [21/39], Total Loss: 3.7975, NLL: 3.1813, Masked: 2.9804, Reg: 0.065766
Epoch [22/39], Total Loss: 3.7970, NLL: 3.1813, Masked: 2.9777, Reg: 0.066060
Epoch [23/39], Total Loss: 3.7974, NLL: 3.1813, Masked: 2.9800, Reg: 0.066410
Epoch [24/39], Total Loss: 3.7976, NLL: 3.1813, Masked: 2.9805, Reg: 0.065662
Epoch [25/39], Total Loss: 3.7970, NLL: 3.1813, Masked: 2.9776, Reg: 0.068523
Epoch [26/39], Total Loss: 3.7972, NLL: 3.1813, Masked: 2.9789, Reg: 0.064205
Epoch [27/39], Total Loss: 3.7973, NLL: 3.1813, Masked: 2.9791, Reg: 0.068499
Epoch [28/39], Total Loss: 3.7972, NLL: 3.1813, Masked: 2.9789, Reg: 0.065456
Epoch [29/39], Total Loss: 3.7974, NLL: 3.1813, Masked: 2.9800, Reg: 0.068321
Epoch [30/39], Total Loss: 3.7973, NLL: 3.1813, Masked: 2.9793, Reg: 0.065658
Epoch [31/39], Total Loss: 3.7971, NLL: 3.1813, Masked: 2.9784, Reg: 0.067709
Epoch [32/39], Total Loss: 3.7973, NLL: 3.1813, Masked: 2.9794, Reg: 0.066275
Epoch [33/39], Total Loss: 3.7976, NLL: 3.1813, Masked: 2.9806, Reg: 0.067670
Epoch [34/39], Total Loss: 3.7974, NLL: 3.1813, Masked: 2.9797, Reg: 0.066285
Epoch [35/39], Total Loss: 3.7974, NLL: 3.1813, Masked: 2.9798, Reg: 0.067062
Epoch [36/39], Total Loss: 3.7974, NLL: 3.1813, Masked: 2.9796, Reg: 0.066696
Epoch [37/39], Total Loss: 3.7973, NLL: 3.1813, Masked: 2.9793, Reg: 0.067086
Epoch [38/39], Total Loss: 3.7970, NLL: 3.1813, Masked: 2.9780, Reg: 0.066653
Epoch [39/39], Total Loss: 3.7974, NLL: 3.1813, Masked: 2.9797, Reg: 0.066805

==================================================
EVALUATING ON TRAINING DATA
==================================================

==================================================
TEST RESULTS
==================================================
Total Loss: 3.797619
  - ZINB NLL: 3.181422
Total number of masked values: 3729626
  - Number of values with pi >= 0.3203074124157588: 3729626
  - Number of values with pi < 0.3203074124157588: 0
  - Masked Reconstruction: 2.980298
  - Regularization: 0.065520
Mean Absolute Error (MAE): 2.245246
R² Score: -0.212059
==================================================


==================================================
TEST RESULTS
==================================================
Total Loss: 3.730151
  - ZINB NLL: 3.180387
Total number of masked values: 2974216
  - Number of values with pi >= 0.3203074124157588: 2974216
  - Number of values with pi < 0.3203074124157588: 0
  - Masked Reconstruction: 2.658993
  - Regularization: 0.065520
Mean Absolute Error (MAE): 2.190443
R² Score: -0.219586
==================================================


>>> Optimizing zinb_nll on VALIDATION set: 3.180387
>>> Full validation metrics: {'total_loss': 3.7301514666008226, 'zinb_nll': 3.1803868221514153, 'mae': 2.1904428005218506, 'r2': -0.21958613395690918, 'masked_loss': 2.6589932012919224, 'reg_loss': 0.06552038726801082}

Iteration No: 15 ended. Evaluation done at random point.
Time taken: 646.0171
Function value obtained: 3.1804
Current minimum: 1.5500
Iteration No: 16 started. Evaluating function at random point.

================================================================================
Trial with parameters:
  features: Centr_Nucl
  step_size: 0.36628121254580814
  bin_size: 49
  sample_fraction: 0.8792001265520226
  moving_average: False
  first_layer_size_factor: 41
  num_layers: 1
  use_conv: True
  conv_channel: 76
  pool_size: 4
  kernel_size: 9
  epochs: 63
  batch_size: 128
  pi_threshold: 0.48290606464549146
  learning_rate: 0.003357911339209245
  dropout_rate: 0.09719001699743654
  masked_recon_weight: 0.04419932329566328
  regularizer: none
  regularization_weight: 9.299757989591069e-05
================================================================================

Creating datasets with:
  features: ['Centr', 'Nucl']
  bin_size: 49
  moving_average: False
  data_point_length: 40 (from 2000)
  step_size: 14 (from fraction 0.36628121254580814)
  layers: [np.int64(656)] (first=656, num=1)
  stride: 1 (fixed), padding: same (fixed)


Clipping outliers using 95th percentile * 1.5...
strain_yTW001: Clipping values above 134.25 (P95=89.50). Clipped 27529/1193409 values (2.31%)
strain_FD: Clipping values above 71.92 (P95=47.94). Clipped 95791/4127807 values (2.32%)
strain_dnrp: Clipping values above 243.00 (P95=162.00). Clipped 25649/1119454 values (2.29%)
strain_yEK19: Clipping values above 77.10 (P95=51.40). Clipped 83713/3893623 values (2.15%)
strain_yEK23: Clipping values above 72.00 (P95=48.00). Clipped 86381/3558407 values (2.43%)
strain_yWT03a: Clipping values above 15.00 (P95=10.00). Clipped 10602/347679 values (3.05%)
strain_yWT04a: Clipping values above 58.50 (P95=39.00). Clipped 21095/725406 values (2.91%)
strain_ylic137: Clipping values above 142.50 (P95=95.00). Clipped 28746/1112684 values (2.58%)
Standardizing features: ['Centr', 'Nucl']
Column order in final array (Dataset/Chrom split): ['Value', 'Nucleosome_Distance', 'Centromere_Distance', 'Value_Raw', 'Size_Factor']
Removing 0 empty data points out of 79752
Column order in final array (Dataset/Chrom split): ['Value', 'Nucleosome_Distance', 'Centromere_Distance', 'Value_Raw', 'Size_Factor']
Removing 0 empty data points out of 30032
Column order in final array (Dataset/Chrom split): ['Value', 'Nucleosome_Distance', 'Centromere_Distance', 'Value_Raw', 'Size_Factor']
Removing 0 empty data points out of 30832
Datasets created:
  Train: (79752, 40, 5), Val: (30032, 40, 5), Test: (30832, 40, 5)

Randomly sampled 70117/79752 samples (87.9%)
Applied denoising with 15.0% masking
Applied denoising with 15.0% masking
Applied denoising with 15.0% masking
Epoch [1/63], Total Loss: 1.8357, NLL: 1.7320, Masked: 2.3457
Epoch [2/63], Total Loss: 1.7158, NLL: 1.6164, Masked: 2.2479
Epoch [3/63], Total Loss: 1.6908, NLL: 1.6055, Masked: 1.9300
Epoch [4/63], Total Loss: 1.6833, NLL: 1.5993, Masked: 1.9010
Epoch [5/63], Total Loss: 1.6757, NLL: 1.5929, Masked: 1.8729
Epoch [6/63], Total Loss: 1.6846, NLL: 1.5907, Masked: 2.1243
Epoch [7/63], Total Loss: 1.6700, NLL: 1.5844, Masked: 1.9372
Epoch [8/63], Total Loss: 1.6618, NLL: 1.5807, Masked: 1.8351
Epoch [9/63], Total Loss: 1.6565, NLL: 1.5758, Masked: 1.8267
Epoch [10/63], Total Loss: 1.6453, NLL: 1.5652, Masked: 1.8123
Epoch [11/63], Total Loss: 1.6328, NLL: 1.5529, Masked: 1.8073
Epoch [12/63], Total Loss: 1.6257, NLL: 1.5456, Masked: 1.8140
Epoch [13/63], Total Loss: 1.6205, NLL: 1.5412, Masked: 1.7922
Epoch [14/63], Total Loss: 1.6175, NLL: 1.5386, Masked: 1.7847
Epoch [15/63], Total Loss: 1.6145, NLL: 1.5359, Masked: 1.7799
Epoch [16/63], Total Loss: 1.6108, NLL: 1.5326, Masked: 1.7696
Epoch [17/63], Total Loss: 1.6070, NLL: 1.5291, Masked: 1.7634
Epoch [18/63], Total Loss: 1.6048, NLL: 1.5270, Masked: 1.7599
Epoch [19/63], Total Loss: 1.6031, NLL: 1.5254, Masked: 1.7568
Epoch [20/63], Total Loss: 1.6000, NLL: 1.5231, Masked: 1.7406
Epoch [21/63], Total Loss: 1.5996, NLL: 1.5227, Masked: 1.7406
Epoch [22/63], Total Loss: 1.5985, NLL: 1.5217, Masked: 1.7370
Epoch [23/63], Total Loss: 1.5987, NLL: 1.5213, Masked: 1.7507
Epoch [24/63], Total Loss: 1.5970, NLL: 1.5202, Masked: 1.7375
Epoch [25/63], Total Loss: 1.5966, NLL: 1.5198, Masked: 1.7382
Epoch [26/63], Total Loss: 1.5942, NLL: 1.5180, Masked: 1.7227
Epoch [27/63], Total Loss: 1.5922, NLL: 1.5164, Masked: 1.7163
Epoch [28/63], Total Loss: 1.5884, NLL: 1.5126, Masked: 1.7140
Epoch [29/63], Total Loss: 1.5889, NLL: 1.5129, Masked: 1.7196
Epoch [30/63], Total Loss: 1.5879, NLL: 1.5121, Masked: 1.7152
Epoch [31/63], Total Loss: 1.5866, NLL: 1.5110, Masked: 1.7106
Epoch [32/63], Total Loss: 1.5850, NLL: 1.5098, Masked: 1.7025
Epoch [33/63], Total Loss: 1.5846, NLL: 1.5095, Masked: 1.6984
Epoch [34/63], Total Loss: 1.5866, NLL: 1.5107, Masked: 1.7168
Epoch [35/63], Total Loss: 1.5839, NLL: 1.5090, Masked: 1.6957
Epoch [36/63], Total Loss: 1.5847, NLL: 1.5095, Masked: 1.7003
Epoch [37/63], Total Loss: 1.5831, NLL: 1.5082, Masked: 1.6945
Epoch [38/63], Total Loss: 1.5822, NLL: 1.5076, Masked: 1.6878
Epoch [39/63], Total Loss: 1.5813, NLL: 1.5065, Masked: 1.6921
Epoch [40/63], Total Loss: 1.5787, NLL: 1.5037, Masked: 1.6970
Epoch [41/63], Total Loss: 1.5779, NLL: 1.5031, Masked: 1.6933
Epoch [42/63], Total Loss: 1.5756, NLL: 1.5012, Masked: 1.6822
Epoch [43/63], Total Loss: 1.5764, NLL: 1.5021, Masked: 1.6827
Epoch [44/63], Total Loss: 1.5767, NLL: 1.5016, Masked: 1.6989
Epoch [45/63], Total Loss: 1.5736, NLL: 1.4987, Masked: 1.6951
Epoch [46/63], Total Loss: 1.5676, NLL: 1.4932, Masked: 1.6843
Epoch [47/63], Total Loss: 1.5659, NLL: 1.4915, Masked: 1.6827
Epoch [48/63], Total Loss: 1.5641, NLL: 1.4895, Masked: 1.6861
Epoch [49/63], Total Loss: 1.5639, NLL: 1.4889, Masked: 1.6956
Epoch [50/63], Total Loss: 1.5615, NLL: 1.4874, Masked: 1.6761
Epoch [51/63], Total Loss: 1.5605, NLL: 1.4865, Masked: 1.6728
Epoch [52/63], Total Loss: 1.5612, NLL: 1.4871, Masked: 1.6772
Epoch [53/63], Total Loss: 1.5610, NLL: 1.4871, Masked: 1.6719
Epoch [54/63], Total Loss: 1.5629, NLL: 1.4886, Masked: 1.6821
Epoch [55/63], Total Loss: 1.5616, NLL: 1.4872, Masked: 1.6841
Epoch [56/63], Total Loss: 1.5600, NLL: 1.4860, Masked: 1.6752
Epoch [57/63], Total Loss: 1.5600, NLL: 1.4855, Masked: 1.6867
Epoch [58/63], Total Loss: 1.5607, NLL: 1.4865, Masked: 1.6792
Epoch [59/63], Total Loss: 1.5590, NLL: 1.4853, Masked: 1.6676
Epoch [60/63], Total Loss: 1.5590, NLL: 1.4851, Masked: 1.6705
Epoch [61/63], Total Loss: 1.5624, NLL: 1.4861, Masked: 1.7259
Epoch [62/63], Total Loss: 1.5589, NLL: 1.4851, Masked: 1.6699
Epoch [63/63], Total Loss: 1.5582, NLL: 1.4847, Masked: 1.6642

==================================================
EVALUATING ON TRAINING DATA
==================================================

==================================================
TEST RESULTS
==================================================
Total Loss: 1.550948
  - ZINB NLL: 1.476027
Total number of masked values: 328865
  - Number of values with pi >= 0.48290606464549146: 0
  - Number of values with pi < 0.48290606464549146: 328865
  - Masked Reconstruction: 1.695079
Mean Absolute Error (MAE): 1.255567
R² Score: -5.497316
==================================================


==================================================
TEST RESULTS
==================================================
Total Loss: 1.567151
  - ZINB NLL: 1.490664
Total number of masked values: 140849
  - Number of values with pi >= 0.48290606464549146: 0
  - Number of values with pi < 0.48290606464549146: 140849
  - Masked Reconstruction: 1.730502
Mean Absolute Error (MAE): 1.284636
R² Score: 0.724976
==================================================


>>> Optimizing zinb_nll on VALIDATION set: 1.490664
>>> Full validation metrics: {'total_loss': 1.5671508151543667, 'zinb_nll': 1.4906638187490757, 'mae': 1.2846359014511108, 'r2': 0.7249762415885925, 'masked_loss': 1.730501508293599}

Iteration No: 16 ended. Evaluation done at random point.
Time taken: 211.9929
Function value obtained: 1.4907
Current minimum: 1.4907
Iteration No: 17 started. Evaluating function at random point.

================================================================================
Trial with parameters:
  features: Centr_Nucl
  step_size: 0.9771526503356194
  bin_size: 36
  sample_fraction: 0.28080063757590684
  moving_average: True
  first_layer_size_factor: 67
  num_layers: 4
  use_conv: True
  conv_channel: 37
  pool_size: 2
  kernel_size: 5
  epochs: 113
  batch_size: 32
  pi_threshold: 0.6660854910505922
  learning_rate: 0.00021235216307804848
  dropout_rate: 0.11989367957870165
  masked_recon_weight: 0.0023740680334014054
  regularizer: l1
  regularization_weight: 34.85764008520797
================================================================================

Creating datasets with:
  features: ['Centr', 'Nucl']
  bin_size: 36
  moving_average: True
  data_point_length: 2000 (from 2000)
  step_size: 1954 (from fraction 0.9771526503356194)
  layers: [np.int64(1072), np.int64(536), np.int64(268), np.int64(134)] (first=1072, num=4)
  stride: 1 (fixed), padding: same (fixed)


Clipping outliers using 95th percentile * 1.5...
strain_yTW001: Clipping values above 134.25 (P95=89.50). Clipped 27529/1193409 values (2.31%)
strain_FD: Clipping values above 71.92 (P95=47.94). Clipped 95791/4127807 values (2.32%)
strain_dnrp: Clipping values above 243.00 (P95=162.00). Clipped 25649/1119454 values (2.29%)
strain_yEK19: Clipping values above 77.10 (P95=51.40). Clipped 83713/3893623 values (2.15%)
strain_yEK23: Clipping values above 72.00 (P95=48.00). Clipped 86381/3558407 values (2.43%)
strain_yWT03a: Clipping values above 15.00 (P95=10.00). Clipped 10602/347679 values (3.05%)
strain_yWT04a: Clipping values above 58.50 (P95=39.00). Clipped 21095/725406 values (2.91%)
strain_ylic137: Clipping values above 142.50 (P95=95.00). Clipped 28746/1112684 values (2.58%)
Standardizing features: ['Centr', 'Nucl']
Column order in final array (Dataset/Chrom split): ['Value', 'Nucleosome_Distance', 'Centromere_Distance', 'Value_Raw', 'Size_Factor']
Removing 0 empty data points out of 28064
Column order in final array (Dataset/Chrom split): ['Value', 'Nucleosome_Distance', 'Centromere_Distance', 'Value_Raw', 'Size_Factor']
Removing 0 empty data points out of 10568
Column order in final array (Dataset/Chrom split): ['Value', 'Nucleosome_Distance', 'Centromere_Distance', 'Value_Raw', 'Size_Factor']
Removing 0 empty data points out of 10856
Datasets created:
  Train: (28064, 2000, 5), Val: (10568, 2000, 5), Test: (10856, 2000, 5)

Randomly sampled 7880/28064 samples (28.1%)
Applied denoising with 15.0% masking
Applied denoising with 15.0% masking
Applied denoising with 15.0% masking
Epoch [1/113], Total Loss: 671424.7501, NLL: 3.0409, Masked: 28.3818, Reg: 671421.657380
Epoch [2/113], Total Loss: 182060.8446, NLL: 3.0410, Masked: 28.3746, Reg: 182057.739966
Epoch [3/113], Total Loss: 175627.5721, NLL: 3.0413, Masked: 28.3848, Reg: 175624.467146
Epoch [4/113], Total Loss: 171525.3510, NLL: 3.0419, Masked: 28.3711, Reg: 171522.246150
Epoch [5/113], Total Loss: 167666.8693, NLL: 3.0427, Masked: 28.3698, Reg: 167663.762494
Epoch [6/113], Total Loss: 163970.5652, NLL: 3.0437, Masked: 28.3712, Reg: 163967.457462
Epoch [7/113], Total Loss: 160316.0269, NLL: 3.0449, Masked: 28.3739, Reg: 160312.918631
Epoch [8/113], Total Loss: 156650.7622, NLL: 3.0465, Masked: 28.3918, Reg: 156647.653172
Epoch [9/113], Total Loss: 152978.7321, NLL: 3.0483, Masked: 28.3871, Reg: 152975.619185
Epoch [10/113], Total Loss: 149343.6317, NLL: 3.0504, Masked: 28.3759, Reg: 149340.516450
Epoch [11/113], Total Loss: 145679.2221, NLL: 3.0528, Masked: 28.3740, Reg: 145676.104548
Epoch [12/113], Total Loss: 142029.7029, NLL: 3.0556, Masked: 28.3840, Reg: 142026.582939
Epoch [13/113], Total Loss: 138379.9289, NLL: 3.0587, Masked: 28.3767, Reg: 138376.806285
Epoch [14/113], Total Loss: 134720.8379, NLL: 3.0621, Masked: 28.3752, Reg: 134717.711586
Epoch [15/113], Total Loss: 131055.4509, NLL: 3.0659, Masked: 28.3869, Reg: 131052.320108
Epoch [16/113], Total Loss: 127384.6071, NLL: 3.0701, Masked: 28.3875, Reg: 127381.471971
Epoch [17/113], Total Loss: 123750.7975, NLL: 3.0747, Masked: 28.3707, Reg: 123747.658246
Epoch [18/113], Total Loss: 120083.7623, NLL: 3.0797, Masked: 28.3828, Reg: 120080.618249
Epoch [19/113], Total Loss: 116431.5586, NLL: 3.0852, Masked: 28.3723, Reg: 116428.409000
Epoch [20/113], Total Loss: 112785.0420, NLL: 3.0911, Masked: 28.3865, Reg: 112781.886098
Epoch [21/113], Total Loss: 109116.1937, NLL: 3.0975, Masked: 28.3908, Reg: 109113.031206
Epoch [22/113], Total Loss: 105462.7615, NLL: 3.1042, Masked: 28.3743, Reg: 105459.592321
Epoch [23/113], Total Loss: 101807.8794, NLL: 3.1116, Masked: 28.3877, Reg: 101804.702586
Epoch [24/113], Total Loss: 98152.4902, NLL: 3.1194, Masked: 28.4025, Reg: 98149.305429
Epoch [25/113], Total Loss: 94485.2064, NLL: 3.1278, Masked: 28.3948, Reg: 94482.013272
Epoch [26/113], Total Loss: 90820.1273, NLL: 3.1366, Masked: 28.3745, Reg: 90816.924980
Epoch [27/113], Total Loss: 87173.5081, NLL: 3.1461, Masked: 28.3574, Reg: 87170.296889
Epoch [28/113], Total Loss: 83524.2185, NLL: 3.1560, Masked: 28.3795, Reg: 83520.996985
Epoch [29/113], Total Loss: 79861.0082, NLL: 3.1666, Masked: 28.3645, Reg: 79857.776031
Epoch [30/113], Total Loss: 76207.7413, NLL: 3.1776, Masked: 28.3743, Reg: 76204.497776
Epoch [31/113], Total Loss: 72555.1777, NLL: 3.1893, Masked: 28.3960, Reg: 72551.922651
Epoch [32/113], Total Loss: 68879.4965, NLL: 3.2016, Masked: 28.3816, Reg: 68876.229033
Epoch [33/113], Total Loss: 65229.2067, NLL: 3.2145, Masked: 28.3747, Reg: 65225.926217
Epoch [34/113], Total Loss: 61582.1677, NLL: 3.2280, Masked: 28.3820, Reg: 61578.873775
Epoch [35/113], Total Loss: 57917.3182, NLL: 3.2421, Masked: 28.3749, Reg: 57914.009927
Epoch [36/113], Total Loss: 54261.6000, NLL: 3.2568, Masked: 28.3914, Reg: 54258.276955
Epoch [37/113], Total Loss: 50614.7292, NLL: 3.2722, Masked: 28.3851, Reg: 50611.390608
Epoch [38/113], Total Loss: 46951.0173, NLL: 3.2882, Masked: 28.3913, Reg: 46947.662720
Epoch [39/113], Total Loss: 44646.2195, NLL: 3.2985, Masked: 28.3691, Reg: 44642.854695
Epoch [40/113], Total Loss: 44630.8975, NLL: 3.2986, Masked: 28.3929, Reg: 44627.532534
Epoch [41/113], Total Loss: 44633.1798, NLL: 3.2986, Masked: 28.3730, Reg: 44629.814744
Epoch [42/113], Total Loss: 44601.0533, NLL: 3.2986, Masked: 28.3985, Reg: 44597.688289
Epoch [43/113], Total Loss: 44611.4642, NLL: 3.2986, Masked: 28.3549, Reg: 44608.099246
Epoch [44/113], Total Loss: 44620.4785, NLL: 3.2986, Masked: 28.3835, Reg: 44617.113451
Epoch [45/113], Total Loss: 44627.4452, NLL: 3.2986, Masked: 28.3831, Reg: 44624.080305
Epoch [46/113], Total Loss: 44620.4392, NLL: 3.2986, Masked: 28.3845, Reg: 44617.074222
Epoch [47/113], Total Loss: 44613.6302, NLL: 3.2986, Masked: 28.3871, Reg: 44610.265109
Epoch [48/113], Total Loss: 44635.1312, NLL: 3.2986, Masked: 28.3774, Reg: 44631.766138
Epoch [49/113], Total Loss: 44612.7274, NLL: 3.2986, Masked: 28.3892, Reg: 44609.362180
Epoch [50/113], Total Loss: 44603.9552, NLL: 3.2986, Masked: 28.3765, Reg: 44600.590026
Epoch [51/113], Total Loss: 44624.9488, NLL: 3.2986, Masked: 28.3946, Reg: 44621.583807
Epoch [52/113], Total Loss: 44615.0427, NLL: 3.2986, Masked: 28.3887, Reg: 44611.677719
Epoch [53/113], Total Loss: 44610.9761, NLL: 3.2986, Masked: 28.3938, Reg: 44607.611112
Epoch [54/113], Total Loss: 44627.7078, NLL: 3.2986, Masked: 28.3933, Reg: 44624.342703
Epoch [55/113], Total Loss: 44614.1506, NLL: 3.2986, Masked: 28.3919, Reg: 44610.785249
Epoch [56/113], Total Loss: 44614.8517, NLL: 3.2986, Masked: 28.3744, Reg: 44611.486560
Epoch [57/113], Total Loss: 44625.4706, NLL: 3.2986, Masked: 28.3589, Reg: 44622.105661
Epoch [58/113], Total Loss: 44613.5932, NLL: 3.2986, Masked: 28.3949, Reg: 44610.228036
Epoch [59/113], Total Loss: 44608.2220, NLL: 3.2986, Masked: 28.3908, Reg: 44604.857084
Epoch [60/113], Total Loss: 44605.1102, NLL: 3.2986, Masked: 28.3792, Reg: 44601.744955
Epoch [61/113], Total Loss: 44618.5141, NLL: 3.2986, Masked: 28.3750, Reg: 44615.149024
Epoch [62/113], Total Loss: 44622.0326, NLL: 3.2986, Masked: 28.3900, Reg: 44618.667615
Epoch [63/113], Total Loss: 44620.3198, NLL: 3.2986, Masked: 28.3686, Reg: 44616.954726
Epoch [64/113], Total Loss: 44616.4382, NLL: 3.2986, Masked: 28.3826, Reg: 44613.073187
Epoch [65/113], Total Loss: 44613.5287, NLL: 3.2986, Masked: 28.3742, Reg: 44610.163911
Epoch [66/113], Total Loss: 44602.1097, NLL: 3.2986, Masked: 28.3823, Reg: 44598.744811
Epoch [67/113], Total Loss: 44603.1978, NLL: 3.2986, Masked: 28.3966, Reg: 44599.832751
Epoch [68/113], Total Loss: 44621.4024, NLL: 3.2986, Masked: 28.3801, Reg: 44618.037262
Epoch [69/113], Total Loss: 44607.8987, NLL: 3.2986, Masked: 28.3762, Reg: 44604.533771
Epoch [70/113], Total Loss: 44610.2179, NLL: 3.2986, Masked: 28.3931, Reg: 44606.852830
Epoch [71/113], Total Loss: 44621.7477, NLL: 3.2986, Masked: 28.3744, Reg: 44618.382775
Epoch [72/113], Total Loss: 44613.0499, NLL: 3.2986, Masked: 28.3666, Reg: 44609.684953
Epoch [73/113], Total Loss: 44600.3859, NLL: 3.2986, Masked: 28.3756, Reg: 44597.020824
Epoch [74/113], Total Loss: 44614.4439, NLL: 3.2986, Masked: 28.3814, Reg: 44611.078905
Epoch [75/113], Total Loss: 44620.1851, NLL: 3.2986, Masked: 28.3862, Reg: 44616.820153
Epoch [76/113], Total Loss: 44595.1476, NLL: 3.2986, Masked: 28.3667, Reg: 44591.782661
Epoch [77/113], Total Loss: 44607.5097, NLL: 3.2986, Masked: 28.3824, Reg: 44604.144723
Epoch [78/113], Total Loss: 44610.2078, NLL: 3.2986, Masked: 28.3902, Reg: 44606.842584
Epoch [79/113], Total Loss: 44618.7266, NLL: 3.2986, Masked: 28.3749, Reg: 44615.361441
Epoch [80/113], Total Loss: 44616.7644, NLL: 3.2986, Masked: 28.3918, Reg: 44613.399442
Epoch [81/113], Total Loss: 44598.0433, NLL: 3.2986, Masked: 28.3761, Reg: 44594.678204
Epoch [82/113], Total Loss: 44607.0394, NLL: 3.2986, Masked: 28.3898, Reg: 44603.674348
Epoch [83/113], Total Loss: 44602.4998, NLL: 3.2986, Masked: 28.3725, Reg: 44599.134905
Epoch [84/113], Total Loss: 44601.9626, NLL: 3.2986, Masked: 28.3867, Reg: 44598.597680
Epoch [85/113], Total Loss: 44621.2091, NLL: 3.2986, Masked: 28.3814, Reg: 44617.844220
Epoch [86/113], Total Loss: 44603.0120, NLL: 3.2986, Masked: 28.3723, Reg: 44599.647018
Epoch [87/113], Total Loss: 44603.9903, NLL: 3.2986, Masked: 28.3949, Reg: 44600.625156
Epoch [88/113], Total Loss: 44609.1027, NLL: 3.2986, Masked: 28.3754, Reg: 44605.737757
Epoch [89/113], Total Loss: 44604.6768, NLL: 3.2986, Masked: 28.3769, Reg: 44601.311624
Epoch [90/113], Total Loss: 44600.2482, NLL: 3.2986, Masked: 28.3735, Reg: 44596.883413
Epoch [91/113], Total Loss: 44611.1358, NLL: 3.2986, Masked: 28.3642, Reg: 44607.770870
Epoch [92/113], Total Loss: 44614.3356, NLL: 3.2986, Masked: 28.3771, Reg: 44610.970770
Epoch [93/113], Total Loss: 44597.2513, NLL: 3.2986, Masked: 28.3937, Reg: 44593.886309
Epoch [94/113], Total Loss: 44600.0849, NLL: 3.2986, Masked: 28.3785, Reg: 44596.719685
Epoch [95/113], Total Loss: 44599.7490, NLL: 3.2986, Masked: 28.3706, Reg: 44596.383857
Epoch [96/113], Total Loss: 44605.4048, NLL: 3.2986, Masked: 28.3894, Reg: 44602.039532
Epoch [97/113], Total Loss: 44613.3715, NLL: 3.2986, Masked: 28.3833, Reg: 44610.006365
Epoch [98/113], Total Loss: 44596.1925, NLL: 3.2986, Masked: 28.3806, Reg: 44592.827576
Epoch [99/113], Total Loss: 44597.8750, NLL: 3.2986, Masked: 28.3836, Reg: 44594.509953
Epoch [100/113], Total Loss: 44604.8226, NLL: 3.2986, Masked: 28.3868, Reg: 44601.457558
Epoch [101/113], Total Loss: 44600.0678, NLL: 3.2986, Masked: 28.3787, Reg: 44596.702855
Epoch [102/113], Total Loss: 44600.9205, NLL: 3.2986, Masked: 28.3827, Reg: 44597.555543
Epoch [103/113], Total Loss: 44607.8653, NLL: 3.2986, Masked: 28.3911, Reg: 44604.500184
Epoch [104/113], Total Loss: 44589.8178, NLL: 3.2986, Masked: 28.3731, Reg: 44586.452848
Epoch [105/113], Total Loss: 44603.7489, NLL: 3.2986, Masked: 28.3806, Reg: 44600.383856
Epoch [106/113], Total Loss: 44604.6054, NLL: 3.2986, Masked: 28.3763, Reg: 44601.240281
Epoch [107/113], Total Loss: 44594.5844, NLL: 3.2986, Masked: 28.3712, Reg: 44591.219172
Epoch [108/113], Total Loss: 44609.1478, NLL: 3.2986, Masked: 28.3759, Reg: 44605.782787
Epoch [109/113], Total Loss: 44595.3083, NLL: 3.2986, Masked: 28.3889, Reg: 44591.943344
Epoch [110/113], Total Loss: 44591.7117, NLL: 3.2986, Masked: 28.3890, Reg: 44588.346654
Epoch [111/113], Total Loss: 44597.2499, NLL: 3.2986, Masked: 28.3807, Reg: 44593.884905
Epoch [112/113], Total Loss: 44581.4744, NLL: 3.2986, Masked: 28.3685, Reg: 44578.109395
Epoch [113/113], Total Loss: 44608.6949, NLL: 3.2986, Masked: 28.3807, Reg: 44605.329701

==================================================
EVALUATING ON TRAINING DATA
==================================================

==================================================
TEST RESULTS
==================================================
Total Loss: 45459.483221
  - ZINB NLL: 3.298636
Total number of masked values: 1873387
  - Number of values with pi >= 0.6660854910505922: 0
  - Number of values with pi < 0.6660854910505922: 1873387
  - Masked Reconstruction: 28.377097
  - Regularization: 45456.120020
Mean Absolute Error (MAE): 26.317108
R² Score: -39.150303
==================================================


==================================================
TEST RESULTS
==================================================
Total Loss: 45459.480646
  - ZINB NLL: 3.301810
Total number of masked values: 2518517
  - Number of values with pi >= 0.6660854910505922: 0
  - Number of values with pi < 0.6660854910505922: 2518517
  - Masked Reconstruction: 25.983398
  - Regularization: 45456.120020
Mean Absolute Error (MAE): 26.302179
R² Score: -45.285595
==================================================


>>> Optimizing zinb_nll on VALIDATION set: 3.301810
>>> Full validation metrics: {'total_loss': 45459.48064617241, 'zinb_nll': 3.301810133736933, 'mae': 26.30217933654785, 'r2': -45.28559494018555, 'masked_loss': 25.983397925288095, 'reg_loss': 45456.120020397495}

Iteration No: 17 ended. Evaluation done at random point.
Time taken: 1029.3354
Function value obtained: 3.3018
Current minimum: 1.4907
Iteration No: 18 started. Evaluating function at random point.

================================================================================
Trial with parameters:
  features: Centr
  step_size: 0.6375221930699251
  bin_size: 33
  sample_fraction: 0.5767546740084184
  moving_average: False
  first_layer_size_factor: 11
  num_layers: 3
  use_conv: True
  conv_channel: 29
  pool_size: 4
  kernel_size: 3
  epochs: 41
  batch_size: 32
  pi_threshold: 0.6918042114486035
  learning_rate: 3.357305095994098e-05
  dropout_rate: 0.00858055091587512
  masked_recon_weight: 1.1309872057560046
  regularizer: none
  regularization_weight: 0.0026554018141470353
================================================================================

Creating datasets with:
  features: ['Centr']
  bin_size: 33
  moving_average: False
  data_point_length: 60 (from 2000)
  step_size: 38 (from fraction 0.6375221930699251)
  layers: [np.int64(176), np.int64(88), np.int64(44)] (first=176, num=3)
  stride: 1 (fixed), padding: same (fixed)


Clipping outliers using 95th percentile * 1.5...
strain_yTW001: Clipping values above 134.25 (P95=89.50). Clipped 27529/1193409 values (2.31%)
strain_FD: Clipping values above 71.92 (P95=47.94). Clipped 95791/4127807 values (2.32%)
strain_dnrp: Clipping values above 243.00 (P95=162.00). Clipped 25649/1119454 values (2.29%)
strain_yEK19: Clipping values above 77.10 (P95=51.40). Clipped 83713/3893623 values (2.15%)
strain_yEK23: Clipping values above 72.00 (P95=48.00). Clipped 86381/3558407 values (2.43%)
strain_yWT03a: Clipping values above 15.00 (P95=10.00). Clipped 10602/347679 values (3.05%)
strain_yWT04a: Clipping values above 58.50 (P95=39.00). Clipped 21095/725406 values (2.91%)
strain_ylic137: Clipping values above 142.50 (P95=95.00). Clipped 28746/1112684 values (2.58%)
Standardizing features: ['Centr']
Column order in final array (Dataset/Chrom split): ['Value', 'Centromere_Distance', 'Value_Raw', 'Size_Factor']
Removing 0 empty data points out of 43672
Column order in final array (Dataset/Chrom split): ['Value', 'Centromere_Distance', 'Value_Raw', 'Size_Factor']
Removing 0 empty data points out of 16448
Column order in final array (Dataset/Chrom split): ['Value', 'Centromere_Distance', 'Value_Raw', 'Size_Factor']
Removing 0 empty data points out of 16888
Datasets created:
  Train: (43672, 60, 4), Val: (16448, 60, 4), Test: (16888, 60, 4)

Randomly sampled 25188/43672 samples (57.7%)
Applied denoising with 15.0% masking
Applied denoising with 15.0% masking
Applied denoising with 15.0% masking
Epoch [1/41], Total Loss: 13.5219, NLL: 2.2974, Masked: 9.9245
Epoch [2/41], Total Loss: 4.8792, NLL: 1.9679, Masked: 2.5742
Epoch [3/41], Total Loss: 4.7820, NLL: 1.9000, Masked: 2.5482
Epoch [4/41], Total Loss: 4.6094, NLL: 1.8219, Masked: 2.4646
Epoch [5/41], Total Loss: 4.5747, NLL: 1.8114, Masked: 2.4432
Epoch [6/41], Total Loss: 4.5666, NLL: 1.8074, Masked: 2.4396
Epoch [7/41], Total Loss: 4.5533, NLL: 1.8047, Masked: 2.4302
Epoch [8/41], Total Loss: 4.5420, NLL: 1.8020, Masked: 2.4227
Epoch [9/41], Total Loss: 4.5309, NLL: 1.7983, Masked: 2.4161
Epoch [10/41], Total Loss: 4.5146, NLL: 1.7938, Masked: 2.4057
Epoch [11/41], Total Loss: 4.5062, NLL: 1.7904, Masked: 2.4013
Epoch [12/41], Total Loss: 4.4937, NLL: 1.7883, Masked: 2.3921
Epoch [13/41], Total Loss: 4.4863, NLL: 1.7857, Masked: 2.3878
Epoch [14/41], Total Loss: 4.4833, NLL: 1.7849, Masked: 2.3859
Epoch [15/41], Total Loss: 4.4823, NLL: 1.7838, Masked: 2.3859
Epoch [16/41], Total Loss: 4.4787, NLL: 1.7830, Masked: 2.3835
Epoch [17/41], Total Loss: 4.4782, NLL: 1.7831, Masked: 2.3829
Epoch [18/41], Total Loss: 4.4754, NLL: 1.7826, Masked: 2.3809
Epoch [19/41], Total Loss: 4.4744, NLL: 1.7816, Masked: 2.3809
Epoch [20/41], Total Loss: 4.4752, NLL: 1.7820, Masked: 2.3812
Epoch [21/41], Total Loss: 4.4719, NLL: 1.7813, Masked: 2.3790
Epoch [22/41], Total Loss: 4.4694, NLL: 1.7813, Masked: 2.3768
Epoch [23/41], Total Loss: 4.4681, NLL: 1.7804, Masked: 2.3764
Epoch [24/41], Total Loss: 4.4676, NLL: 1.7811, Masked: 2.3753
Epoch [25/41], Total Loss: 4.4677, NLL: 1.7805, Masked: 2.3760
Epoch [26/41], Total Loss: 4.4681, NLL: 1.7808, Masked: 2.3760
Epoch [27/41], Total Loss: 4.4657, NLL: 1.7804, Masked: 2.3743
Epoch [28/41], Total Loss: 4.4648, NLL: 1.7806, Masked: 2.3733
Epoch [29/41], Total Loss: 4.4660, NLL: 1.7808, Masked: 2.3743
Epoch [30/41], Total Loss: 4.4623, NLL: 1.7803, Masked: 2.3713
Epoch [31/41], Total Loss: 4.4595, NLL: 1.7796, Masked: 2.3695
Epoch [32/41], Total Loss: 4.4614, NLL: 1.7799, Masked: 2.3709
Epoch [33/41], Total Loss: 4.4598, NLL: 1.7798, Masked: 2.3696
Epoch [34/41], Total Loss: 4.4599, NLL: 1.7795, Masked: 2.3700
Epoch [35/41], Total Loss: 4.4582, NLL: 1.7799, Masked: 2.3681
Epoch [36/41], Total Loss: 4.4570, NLL: 1.7788, Masked: 2.3680
Epoch [37/41], Total Loss: 4.4561, NLL: 1.7789, Masked: 2.3671
Epoch [38/41], Total Loss: 4.4551, NLL: 1.7788, Masked: 2.3663
Epoch [39/41], Total Loss: 4.4552, NLL: 1.7796, Masked: 2.3657
Epoch [40/41], Total Loss: 4.4525, NLL: 1.7789, Masked: 2.3640
Epoch [41/41], Total Loss: 4.4529, NLL: 1.7797, Masked: 2.3636

==================================================
EVALUATING ON TRAINING DATA
==================================================

==================================================
TEST RESULTS
==================================================
Total Loss: 4.442521
  - ZINB NLL: 1.773944
Total number of masked values: 167360
  - Number of values with pi >= 0.6918042114486035: 0
  - Number of values with pi < 0.6918042114486035: 167360
  - Masked Reconstruction: 2.359512
Mean Absolute Error (MAE): 2.088723
R² Score: 0.217092
==================================================


==================================================
TEST RESULTS
==================================================
Total Loss: 4.226483
  - ZINB NLL: 1.757747
Total number of masked values: 109089
  - Number of values with pi >= 0.6918042114486035: 0
  - Number of values with pi < 0.6918042114486035: 109089
  - Masked Reconstruction: 2.182815
Mean Absolute Error (MAE): 2.042823
R² Score: 0.197945
==================================================


>>> Optimizing zinb_nll on VALIDATION set: 1.757747
>>> Full validation metrics: {'total_loss': 4.22648261933939, 'zinb_nll': 1.7577467491190721, 'mae': 2.042823076248169, 'r2': 0.19794505834579468, 'masked_loss': 2.1828151017079556}

Iteration No: 18 ended. Evaluation done at random point.
Time taken: 192.5731
Function value obtained: 1.7577
Current minimum: 1.4907
Iteration No: 19 started. Evaluating function at random point.

================================================================================
Trial with parameters:
  features: Centr
  step_size: 0.7373302619820726
  bin_size: 3
  sample_fraction: 0.9618592986935396
  moving_average: False
  first_layer_size_factor: 42
  num_layers: 1
  use_conv: False
  conv_channel: 72
  pool_size: 5
  kernel_size: 7
  epochs: 104
  batch_size: 128
  pi_threshold: 0.677700638850067
  learning_rate: 0.00399573613052625
  dropout_rate: 0.3182017987230057
  masked_recon_weight: 1.59881118825287
  regularizer: none
  regularization_weight: 0.10317376801000101
================================================================================

Creating datasets with:
  features: ['Centr']
  bin_size: 3
  moving_average: False
  data_point_length: 666 (from 2000)
  step_size: 491 (from fraction 0.7373302619820726)
  layers: [np.int64(672)] (first=672, num=1)
  stride: 1 (fixed), padding: same (fixed)


Clipping outliers using 95th percentile * 1.5...
strain_yTW001: Clipping values above 134.25 (P95=89.50). Clipped 27529/1193409 values (2.31%)
strain_FD: Clipping values above 71.92 (P95=47.94). Clipped 95791/4127807 values (2.32%)
strain_dnrp: Clipping values above 243.00 (P95=162.00). Clipped 25649/1119454 values (2.29%)
strain_yEK19: Clipping values above 77.10 (P95=51.40). Clipped 83713/3893623 values (2.15%)
strain_yEK23: Clipping values above 72.00 (P95=48.00). Clipped 86381/3558407 values (2.43%)
strain_yWT03a: Clipping values above 15.00 (P95=10.00). Clipped 10602/347679 values (3.05%)
strain_yWT04a: Clipping values above 58.50 (P95=39.00). Clipped 21095/725406 values (2.91%)
strain_ylic137: Clipping values above 142.50 (P95=95.00). Clipped 28746/1112684 values (2.58%)
Standardizing features: ['Centr']
Column order in final array (Dataset/Chrom split): ['Value', 'Centromere_Distance', 'Value_Raw', 'Size_Factor']
Removing 0 empty data points out of 37192
Column order in final array (Dataset/Chrom split): ['Value', 'Centromere_Distance', 'Value_Raw', 'Size_Factor']
Removing 0 empty data points out of 14008
Column order in final array (Dataset/Chrom split): ['Value', 'Centromere_Distance', 'Value_Raw', 'Size_Factor']
Removing 0 empty data points out of 14384
Datasets created:
  Train: (37192, 666, 4), Val: (14008, 666, 4), Test: (14384, 666, 4)

Randomly sampled 35773/37192 samples (96.2%)
Applied denoising with 15.0% masking
Applied denoising with 15.0% masking
Applied denoising with 15.0% masking
Epoch [1/104], Total Loss: 690.0359, NLL: 2.2441, Masked: 430.1895
Epoch [2/104], Total Loss: 36.5029, NLL: 2.2450, Masked: 21.4271
Epoch [3/104], Total Loss: 1415.5389, NLL: 2.2450, Masked: 883.9655
Epoch [4/104], Total Loss: 1522.9552, NLL: 2.2451, Masked: 951.1505
Epoch [5/104], Total Loss: 20828.8856, NLL: 2.2453, Masked: 13026.3294
Epoch [6/104], Total Loss: 3122.4932, NLL: 2.2449, Masked: 1951.6053
Epoch [7/104], Total Loss: 24029.7139, NLL: 2.2455, Masked: 15028.3344
Epoch [8/104], Total Loss: 11.8670, NLL: 2.2449, Masked: 6.0183
Epoch [9/104], Total Loss: 2086.0365, NLL: 2.2453, Masked: 1303.3379
Epoch [10/104], Total Loss: 46.2056, NLL: 2.2451, Masked: 27.4958
Epoch [11/104], Total Loss: 14.7198, NLL: 2.2449, Masked: 7.8026
Epoch [12/104], Total Loss: 395.6582, NLL: 2.2449, Masked: 246.0662
Epoch [13/104], Total Loss: 5154.5578, NLL: 2.2450, Masked: 3222.5899
Epoch [14/104], Total Loss: 1924.2894, NLL: 2.2452, Masked: 1202.1709
Epoch [15/104], Total Loss: 4120.4909, NLL: 2.2451, Masked: 2575.8176
Epoch [16/104], Total Loss: 11.8630, NLL: 2.2451, Masked: 6.0157
Epoch [17/104], Total Loss: 11.8586, NLL: 2.2449, Masked: 6.0130
Epoch [18/104], Total Loss: 41378.6276, NLL: 2.2471, Masked: 25879.4673
Epoch [19/104], Total Loss: 1993.5903, NLL: 2.2449, Masked: 1245.5164
Epoch [20/104], Total Loss: 664.0062, NLL: 2.2449, Masked: 413.9084
Epoch [21/104], Total Loss: 11.8714, NLL: 2.2449, Masked: 6.0211
Epoch [22/104], Total Loss: 11.8682, NLL: 2.2449, Masked: 6.0190
Epoch [23/104], Total Loss: 11.8650, NLL: 2.2449, Masked: 6.0170
Epoch [24/104], Total Loss: 11.8704, NLL: 2.2449, Masked: 6.0204
Epoch [25/104], Total Loss: 11.8667, NLL: 2.2450, Masked: 6.0181
Epoch [26/104], Total Loss: 81604.5007, NLL: 2.2462, Masked: 51039.3332
Epoch [27/104], Total Loss: 11.8724, NLL: 2.2450, Masked: 6.0216
Epoch [28/104], Total Loss: 11.8701, NLL: 2.2449, Masked: 6.0202
Epoch [29/104], Total Loss: 548.9237, NLL: 2.2450, Masked: 341.9282
Epoch [30/104], Total Loss: 11.8699, NLL: 2.2450, Masked: 6.0200
Epoch [31/104], Total Loss: 11.8660, NLL: 2.2461, Masked: 6.0169
Epoch [32/104], Total Loss: 11.8637, NLL: 2.2451, Masked: 6.0161
Epoch [33/104], Total Loss: 15.1374, NLL: 2.2452, Masked: 8.0636
Epoch [34/104], Total Loss: 11.8681, NLL: 2.2448, Masked: 6.0190
Epoch [35/104], Total Loss: 1372.5715, NLL: 2.2468, Masked: 857.0898
Epoch [36/104], Total Loss: 11.8647, NLL: 2.2450, Masked: 6.0168
Epoch [37/104], Total Loss: 11.8726, NLL: 2.2448, Masked: 6.0218
Epoch [38/104], Total Loss: 11.8756, NLL: 2.2508, Masked: 6.0200
Epoch [39/104], Total Loss: 11.8795, NLL: 2.2563, Masked: 6.0190
Epoch [40/104], Total Loss: 11.8814, NLL: 2.2560, Masked: 6.0204
Epoch [41/104], Total Loss: 11.8806, NLL: 2.2560, Masked: 6.0199
Epoch [42/104], Total Loss: 2775.6330, NLL: 2.2552, Masked: 1734.6500
Epoch [43/104], Total Loss: 11.8825, NLL: 2.2560, Masked: 6.0211
Epoch [44/104], Total Loss: 11.8732, NLL: 2.2551, Masked: 6.0158
Epoch [45/104], Total Loss: 1450.4475, NLL: 2.2601, Masked: 905.7901
Epoch [46/104], Total Loss: 11.8828, NLL: 2.2605, Masked: 6.0184
Epoch [47/104], Total Loss: 11.8816, NLL: 2.2604, Masked: 6.0177
Epoch [48/104], Total Loss: 11.8829, NLL: 2.2605, Masked: 6.0185
Epoch [49/104], Total Loss: 11.8881, NLL: 2.2607, Masked: 6.0216
Epoch [50/104], Total Loss: 11.8860, NLL: 2.2603, Masked: 6.0205
Epoch [51/104], Total Loss: 11.8853, NLL: 2.2611, Masked: 6.0196
Epoch [52/104], Total Loss: 11.8867, NLL: 2.2603, Masked: 6.0210
Epoch [53/104], Total Loss: 11.8839, NLL: 2.2603, Masked: 6.0192
Epoch [54/104], Total Loss: 11.8901, NLL: 2.2607, Masked: 6.0229
Epoch [55/104], Total Loss: 11.8832, NLL: 2.2609, Masked: 6.0184
Epoch [56/104], Total Loss: 11.8886, NLL: 2.2633, Masked: 6.0203
Epoch [57/104], Total Loss: 11.9030, NLL: 2.2708, Masked: 6.0246
Epoch [58/104], Total Loss: 11.9083, NLL: 2.2733, Masked: 6.0264
Epoch [59/104], Total Loss: 11.9055, NLL: 2.2756, Masked: 6.0232
Epoch [60/104], Total Loss: 11.9076, NLL: 2.2757, Masked: 6.0244
Epoch [61/104], Total Loss: 11.9057, NLL: 2.2756, Masked: 6.0233
Epoch [62/104], Total Loss: 11.9081, NLL: 2.2756, Masked: 6.0248
Epoch [63/104], Total Loss: 11.8996, NLL: 2.2756, Masked: 6.0195
Epoch [64/104], Total Loss: 11.9102, NLL: 2.2756, Masked: 6.0261
Epoch [65/104], Total Loss: 11.9017, NLL: 2.2756, Masked: 6.0208
Epoch [66/104], Total Loss: 11.9016, NLL: 2.2756, Masked: 6.0207
Epoch [67/104], Total Loss: 11.9063, NLL: 2.2756, Masked: 6.0237
Epoch [68/104], Total Loss: 11.9057, NLL: 2.2756, Masked: 6.0233
Epoch [69/104], Total Loss: 11.9042, NLL: 2.2756, Masked: 6.0223
Epoch [70/104], Total Loss: 11.9074, NLL: 2.2760, Masked: 6.0241
Epoch [71/104], Total Loss: 11.9084, NLL: 2.2756, Masked: 6.0250
Epoch [72/104], Total Loss: 11.9032, NLL: 2.2756, Masked: 6.0218
Epoch [73/104], Total Loss: 11.9047, NLL: 2.2756, Masked: 6.0227
Epoch [74/104], Total Loss: 11.9074, NLL: 2.2756, Masked: 6.0244
Epoch [75/104], Total Loss: 11.9091, NLL: 2.2756, Masked: 6.0255
Epoch [76/104], Total Loss: 11.9065, NLL: 2.2756, Masked: 6.0238
Epoch [77/104], Total Loss: 11.9035, NLL: 2.2756, Masked: 6.0219
Epoch [78/104], Total Loss: 596.2218, NLL: 2.2756, Masked: 371.4924
Epoch [79/104], Total Loss: 11.9083, NLL: 2.2762, Masked: 6.0246
Epoch [80/104], Total Loss: 11.9041, NLL: 2.2756, Masked: 6.0223
Epoch [81/104], Total Loss: 11.9025, NLL: 2.2756, Masked: 6.0213
Epoch [82/104], Total Loss: 11.9095, NLL: 2.2756, Masked: 6.0257
Epoch [83/104], Total Loss: 11.9073, NLL: 2.2756, Masked: 6.0243
Epoch [84/104], Total Loss: 11.9044, NLL: 2.2756, Masked: 6.0225
Epoch [85/104], Total Loss: 11.9080, NLL: 2.2756, Masked: 6.0248
Epoch [86/104], Total Loss: 11.9092, NLL: 2.2756, Masked: 6.0255
Epoch [87/104], Total Loss: 11.9080, NLL: 2.2756, Masked: 6.0248
Epoch [88/104], Total Loss: 11.9055, NLL: 2.2756, Masked: 6.0232
Epoch [89/104], Total Loss: 11.9013, NLL: 2.2756, Masked: 6.0206
Epoch [90/104], Total Loss: 11.9108, NLL: 2.2756, Masked: 6.0265
Epoch [91/104], Total Loss: 11.9037, NLL: 2.2756, Masked: 6.0221
Epoch [92/104], Total Loss: 11.9080, NLL: 2.2756, Masked: 6.0247
Epoch [93/104], Total Loss: 11.9118, NLL: 2.2756, Masked: 6.0271
Epoch [94/104], Total Loss: 11.9047, NLL: 2.2756, Masked: 6.0227
Epoch [95/104], Total Loss: 11.9104, NLL: 2.2756, Masked: 6.0263
Epoch [96/104], Total Loss: 11.9065, NLL: 2.2756, Masked: 6.0238
Epoch [97/104], Total Loss: 11.9072, NLL: 2.2756, Masked: 6.0242
Epoch [98/104], Total Loss: 11.9033, NLL: 2.2756, Masked: 6.0218
Epoch [99/104], Total Loss: 11.9070, NLL: 2.2756, Masked: 6.0241
Epoch [100/104], Total Loss: 11.9049, NLL: 2.2756, Masked: 6.0228
Epoch [101/104], Total Loss: 11.9075, NLL: 2.2756, Masked: 6.0244
Epoch [102/104], Total Loss: 11.9053, NLL: 2.2756, Masked: 6.0231
Epoch [103/104], Total Loss: 11.9101, NLL: 2.2756, Masked: 6.0261
Epoch [104/104], Total Loss: 11.9016, NLL: 2.2756, Masked: 6.0208

==================================================
EVALUATING ON TRAINING DATA
==================================================

==================================================
TEST RESULTS
==================================================
Total Loss: 11.906020
  - ZINB NLL: 2.275564
Total number of masked values: 1186082
  - Number of values with pi >= 0.677700638850067: 10648
  - Number of values with pi < 0.677700638850067: 1175434
  - Masked Reconstruction: 6.023511
Mean Absolute Error (MAE): 2.685862
R² Score: -0.028033
==================================================


==================================================
TEST RESULTS
==================================================
Total Loss: 11.427957
  - ZINB NLL: 2.251130
Total number of masked values: 464061
  - Number of values with pi >= 0.677700638850067: 4176
  - Number of values with pi < 0.677700638850067: 459885
  - Masked Reconstruction: 5.739782
Mean Absolute Error (MAE): 2.651560
R² Score: -0.027998
==================================================


>>> Optimizing zinb_nll on VALIDATION set: 2.251130
>>> Full validation metrics: {'total_loss': 11.427957253752947, 'zinb_nll': 2.251129510128995, 'mae': 2.6515603065490723, 'r2': -0.02799832820892334, 'masked_loss': 5.739782196940319}

Iteration No: 19 ended. Evaluation done at random point.
Time taken: 443.9782
Function value obtained: 2.2511
Current minimum: 1.4907
Iteration No: 20 started. Evaluating function at random point.

================================================================================
Trial with parameters:
  features: Centr_Nucl
  step_size: 0.8584031325520024
  bin_size: 41
  sample_fraction: 0.7194547525761796
  moving_average: False
  first_layer_size_factor: 99
  num_layers: 2
  use_conv: True
  conv_channel: 40
  pool_size: 4
  kernel_size: 3
  epochs: 104
  batch_size: 64
  pi_threshold: 0.5622890541522969
  learning_rate: 0.00014328141535811573
  dropout_rate: 0.3408068344863949
  masked_recon_weight: 0.023040838394677018
  regularizer: l1
  regularization_weight: 0.029666217745366992
================================================================================

Creating datasets with:
  features: ['Centr', 'Nucl']
  bin_size: 41
  moving_average: False
  data_point_length: 48 (from 2000)
  step_size: 41 (from fraction 0.8584031325520024)
  layers: [np.int64(1584), np.int64(792)] (first=1584, num=2)
  stride: 1 (fixed), padding: same (fixed)


Clipping outliers using 95th percentile * 1.5...
strain_yTW001: Clipping values above 134.25 (P95=89.50). Clipped 27529/1193409 values (2.31%)
strain_FD: Clipping values above 71.92 (P95=47.94). Clipped 95791/4127807 values (2.32%)
strain_dnrp: Clipping values above 243.00 (P95=162.00). Clipped 25649/1119454 values (2.29%)
strain_yEK19: Clipping values above 77.10 (P95=51.40). Clipped 83713/3893623 values (2.15%)
strain_yEK23: Clipping values above 72.00 (P95=48.00). Clipped 86381/3558407 values (2.43%)
strain_yWT03a: Clipping values above 15.00 (P95=10.00). Clipped 10602/347679 values (3.05%)
strain_yWT04a: Clipping values above 58.50 (P95=39.00). Clipped 21095/725406 values (2.91%)
strain_ylic137: Clipping values above 142.50 (P95=95.00). Clipped 28746/1112684 values (2.58%)
Standardizing features: ['Centr', 'Nucl']
Column order in final array (Dataset/Chrom split): ['Value', 'Nucleosome_Distance', 'Centromere_Distance', 'Value_Raw', 'Size_Factor']
Removing 0 empty data points out of 32608
Column order in final array (Dataset/Chrom split): ['Value', 'Nucleosome_Distance', 'Centromere_Distance', 'Value_Raw', 'Size_Factor']
Removing 0 empty data points out of 12272
Column order in final array (Dataset/Chrom split): ['Value', 'Nucleosome_Distance', 'Centromere_Distance', 'Value_Raw', 'Size_Factor']
Removing 0 empty data points out of 12616
Datasets created:
  Train: (32608, 48, 5), Val: (12272, 48, 5), Test: (12616, 48, 5)

Randomly sampled 23459/32608 samples (71.9%)
Applied denoising with 15.0% masking
Applied denoising with 15.0% masking
Applied denoising with 15.0% masking
Epoch [1/104], Total Loss: 387.4951, NLL: 3.0734, Masked: 28.4690, Reg: 383.765781
Epoch [2/104], Total Loss: 9.5038, NLL: 3.0741, Masked: 28.4696, Reg: 5.773749
Epoch [3/104], Total Loss: 9.0137, NLL: 3.0751, Masked: 28.4703, Reg: 5.282554
Epoch [4/104], Total Loss: 8.6184, NLL: 3.0764, Masked: 28.4640, Reg: 4.886178
Epoch [5/104], Total Loss: 8.3181, NLL: 3.0778, Masked: 28.4707, Reg: 4.584293
Epoch [6/104], Total Loss: 8.1087, NLL: 3.0796, Masked: 28.4720, Reg: 4.373093
Epoch [7/104], Total Loss: 7.9901, NLL: 3.0815, Masked: 28.4671, Reg: 4.252637
Epoch [8/104], Total Loss: 7.9169, NLL: 3.0838, Masked: 28.4714, Reg: 4.177093
Epoch [9/104], Total Loss: 7.8451, NLL: 3.0864, Masked: 28.4725, Reg: 4.102617
Epoch [10/104], Total Loss: 7.7734, NLL: 3.0892, Masked: 28.4684, Reg: 4.028264
Epoch [11/104], Total Loss: 7.7023, NLL: 3.0924, Masked: 28.4658, Reg: 3.953994
Epoch [12/104], Total Loss: 7.6317, NLL: 3.0959, Masked: 28.4737, Reg: 3.879708
Epoch [13/104], Total Loss: 7.5612, NLL: 3.0998, Masked: 28.4666, Reg: 3.805547
Epoch [14/104], Total Loss: 7.4915, NLL: 3.1040, Masked: 28.4687, Reg: 3.731533
Epoch [15/104], Total Loss: 7.4220, NLL: 3.1085, Masked: 28.4711, Reg: 3.657473
Epoch [16/104], Total Loss: 7.3529, NLL: 3.1135, Masked: 28.4731, Reg: 3.583417
Epoch [17/104], Total Loss: 7.2844, NLL: 3.1188, Masked: 28.4740, Reg: 3.509524
Epoch [18/104], Total Loss: 7.2163, NLL: 3.1246, Masked: 28.4722, Reg: 3.435671
Epoch [19/104], Total Loss: 7.1485, NLL: 3.1308, Masked: 28.4713, Reg: 3.361760
Epoch [20/104], Total Loss: 7.0816, NLL: 3.1374, Masked: 28.4754, Reg: 3.288057
Epoch [21/104], Total Loss: 7.0148, NLL: 3.1444, Masked: 28.4738, Reg: 3.214340
Epoch [22/104], Total Loss: 6.9487, NLL: 3.1520, Masked: 28.4712, Reg: 3.140718
Epoch [23/104], Total Loss: 6.8830, NLL: 3.1600, Masked: 28.4707, Reg: 3.066985
Epoch [24/104], Total Loss: 6.8181, NLL: 3.1685, Masked: 28.4781, Reg: 2.993479
Epoch [25/104], Total Loss: 6.7534, NLL: 3.1775, Masked: 28.4707, Reg: 2.919968
Epoch [26/104], Total Loss: 6.6894, NLL: 3.1870, Masked: 28.4689, Reg: 2.846489
Epoch [27/104], Total Loss: 6.6263, NLL: 3.1970, Masked: 28.4746, Reg: 2.773224
Epoch [28/104], Total Loss: 6.5635, NLL: 3.2075, Masked: 28.4764, Reg: 2.699877
Epoch [29/104], Total Loss: 6.5013, NLL: 3.2186, Masked: 28.4748, Reg: 2.626603
Epoch [30/104], Total Loss: 6.4397, NLL: 3.2302, Masked: 28.4750, Reg: 2.553409
Epoch [31/104], Total Loss: 6.3787, NLL: 3.2424, Masked: 28.4737, Reg: 2.480221
Epoch [32/104], Total Loss: 6.3184, NLL: 3.2551, Masked: 28.4772, Reg: 2.407146
Epoch [33/104], Total Loss: 6.2588, NLL: 3.2685, Masked: 28.4813, Reg: 2.334054
Epoch [34/104], Total Loss: 6.1993, NLL: 3.2824, Masked: 28.4692, Reg: 2.260991
Epoch [35/104], Total Loss: 6.1408, NLL: 3.2969, Masked: 28.4683, Reg: 2.187962
Epoch [36/104], Total Loss: 6.0829, NLL: 3.3119, Masked: 28.4678, Reg: 2.115057
Epoch [37/104], Total Loss: 6.0258, NLL: 3.3275, Masked: 28.4763, Reg: 2.042173
Epoch [38/104], Total Loss: 5.9690, NLL: 3.3438, Masked: 28.4684, Reg: 1.969286
Epoch [39/104], Total Loss: 5.9162, NLL: 3.3597, Masked: 28.4744, Reg: 1.900458
Epoch [40/104], Total Loss: 5.9034, NLL: 3.3636, Masked: 28.4673, Reg: 1.883881
Epoch [41/104], Total Loss: 5.9035, NLL: 3.3636, Masked: 28.4749, Reg: 1.883821
Epoch [42/104], Total Loss: 5.9032, NLL: 3.3636, Masked: 28.4744, Reg: 1.883599
Epoch [43/104], Total Loss: 5.9033, NLL: 3.3636, Masked: 28.4789, Reg: 1.883534
Epoch [44/104], Total Loss: 5.9030, NLL: 3.3636, Masked: 28.4720, Reg: 1.883447
Epoch [45/104], Total Loss: 5.9029, NLL: 3.3636, Masked: 28.4721, Reg: 1.883285
Epoch [46/104], Total Loss: 5.9031, NLL: 3.3636, Masked: 28.4816, Reg: 1.883240
Epoch [47/104], Total Loss: 5.9029, NLL: 3.3636, Masked: 28.4749, Reg: 1.883180
Epoch [48/104], Total Loss: 5.9028, NLL: 3.3636, Masked: 28.4711, Reg: 1.883232
Epoch [49/104], Total Loss: 5.9027, NLL: 3.3636, Masked: 28.4726, Reg: 1.883071
Epoch [50/104], Total Loss: 5.9026, NLL: 3.3636, Masked: 28.4735, Reg: 1.882922
Epoch [51/104], Total Loss: 5.9025, NLL: 3.3636, Masked: 28.4743, Reg: 1.882865
Epoch [52/104], Total Loss: 5.9024, NLL: 3.3636, Masked: 28.4707, Reg: 1.882783
Epoch [53/104], Total Loss: 5.9024, NLL: 3.3636, Masked: 28.4720, Reg: 1.882766
Epoch [54/104], Total Loss: 5.9022, NLL: 3.3636, Masked: 28.4695, Reg: 1.882678
Epoch [55/104], Total Loss: 5.9023, NLL: 3.3636, Masked: 28.4750, Reg: 1.882603
Epoch [56/104], Total Loss: 5.9022, NLL: 3.3636, Masked: 28.4735, Reg: 1.882574
Epoch [57/104], Total Loss: 5.9021, NLL: 3.3636, Masked: 28.4735, Reg: 1.882428
Epoch [58/104], Total Loss: 5.9019, NLL: 3.3636, Masked: 28.4711, Reg: 1.882353
Epoch [59/104], Total Loss: 5.9019, NLL: 3.3636, Masked: 28.4711, Reg: 1.882303
Epoch [60/104], Total Loss: 5.9019, NLL: 3.3636, Masked: 28.4744, Reg: 1.882219
Epoch [61/104], Total Loss: 5.9019, NLL: 3.3636, Masked: 28.4776, Reg: 1.882137
Epoch [62/104], Total Loss: 5.9017, NLL: 3.3636, Masked: 28.4698, Reg: 1.882133
Epoch [63/104], Total Loss: 5.9017, NLL: 3.3636, Masked: 28.4730, Reg: 1.882068
Epoch [64/104], Total Loss: 5.9016, NLL: 3.3636, Masked: 28.4752, Reg: 1.881965
Epoch [65/104], Total Loss: 5.9016, NLL: 3.3636, Masked: 28.4744, Reg: 1.881913
Epoch [66/104], Total Loss: 5.9016, NLL: 3.3636, Masked: 28.4780, Reg: 1.881870
Epoch [67/104], Total Loss: 5.9013, NLL: 3.3636, Masked: 28.4675, Reg: 1.881827
Epoch [68/104], Total Loss: 5.9012, NLL: 3.3636, Masked: 28.4656, Reg: 1.881792
Epoch [69/104], Total Loss: 5.9014, NLL: 3.3636, Masked: 28.4740, Reg: 1.881723
Epoch [70/104], Total Loss: 5.9012, NLL: 3.3636, Masked: 28.4694, Reg: 1.881649
Epoch [71/104], Total Loss: 5.9014, NLL: 3.3636, Masked: 28.4804, Reg: 1.881612
Epoch [72/104], Total Loss: 5.9011, NLL: 3.3636, Masked: 28.4737, Reg: 1.881482
Epoch [73/104], Total Loss: 5.9012, NLL: 3.3636, Masked: 28.4804, Reg: 1.881406
Epoch [74/104], Total Loss: 5.9011, NLL: 3.3636, Masked: 28.4743, Reg: 1.881407
Epoch [75/104], Total Loss: 5.9011, NLL: 3.3636, Masked: 28.4809, Reg: 1.881324
Epoch [76/104], Total Loss: 5.9008, NLL: 3.3636, Masked: 28.4708, Reg: 1.881223
Epoch [77/104], Total Loss: 5.9008, NLL: 3.3636, Masked: 28.4743, Reg: 1.881106
Epoch [78/104], Total Loss: 5.9006, NLL: 3.3636, Masked: 28.4720, Reg: 1.881045
Epoch [79/104], Total Loss: 5.9006, NLL: 3.3636, Masked: 28.4699, Reg: 1.881019
Epoch [80/104], Total Loss: 5.9005, NLL: 3.3636, Masked: 28.4772, Reg: 1.880825
Epoch [81/104], Total Loss: 5.9003, NLL: 3.3636, Masked: 28.4722, Reg: 1.880737
Epoch [82/104], Total Loss: 5.9004, NLL: 3.3636, Masked: 28.4739, Reg: 1.880764
Epoch [83/104], Total Loss: 5.9002, NLL: 3.3636, Masked: 28.4725, Reg: 1.880640
Epoch [84/104], Total Loss: 5.9002, NLL: 3.3636, Masked: 28.4713, Reg: 1.880590
Epoch [85/104], Total Loss: 5.9002, NLL: 3.3636, Masked: 28.4747, Reg: 1.880488
Epoch [86/104], Total Loss: 5.9001, NLL: 3.3636, Masked: 28.4751, Reg: 1.880431
Epoch [87/104], Total Loss: 5.9001, NLL: 3.3636, Masked: 28.4741, Reg: 1.880417
Epoch [88/104], Total Loss: 5.9001, NLL: 3.3636, Masked: 28.4815, Reg: 1.880285
Epoch [89/104], Total Loss: 5.8997, NLL: 3.3636, Masked: 28.4672, Reg: 1.880258
Epoch [90/104], Total Loss: 5.8999, NLL: 3.3636, Masked: 28.4749, Reg: 1.880232
Epoch [91/104], Total Loss: 5.8998, NLL: 3.3636, Masked: 28.4739, Reg: 1.880191
Epoch [92/104], Total Loss: 5.8998, NLL: 3.3636, Masked: 28.4743, Reg: 1.880121
Epoch [93/104], Total Loss: 5.8997, NLL: 3.3636, Masked: 28.4723, Reg: 1.880063
Epoch [94/104], Total Loss: 5.8998, NLL: 3.3636, Masked: 28.4779, Reg: 1.880106
Epoch [95/104], Total Loss: 5.8996, NLL: 3.3636, Masked: 28.4721, Reg: 1.879997
Epoch [96/104], Total Loss: 5.8996, NLL: 3.3636, Masked: 28.4756, Reg: 1.879906
Epoch [97/104], Total Loss: 5.8995, NLL: 3.3636, Masked: 28.4697, Reg: 1.879945
Epoch [98/104], Total Loss: 5.8994, NLL: 3.3636, Masked: 28.4745, Reg: 1.879788
Epoch [99/104], Total Loss: 5.8994, NLL: 3.3636, Masked: 28.4716, Reg: 1.879791
Epoch [100/104], Total Loss: 5.8992, NLL: 3.3636, Masked: 28.4657, Reg: 1.879769
Epoch [101/104], Total Loss: 5.8994, NLL: 3.3636, Masked: 28.4749, Reg: 1.879684
Epoch [102/104], Total Loss: 5.8990, NLL: 3.3636, Masked: 28.4623, Reg: 1.879672
Epoch [103/104], Total Loss: 5.8993, NLL: 3.3636, Masked: 28.4781, Reg: 1.879593
Epoch [104/104], Total Loss: 5.8993, NLL: 3.3636, Masked: 28.4781, Reg: 1.879596

==================================================
EVALUATING ON TRAINING DATA
==================================================

==================================================
TEST RESULTS
==================================================
Total Loss: 5.901591
  - ZINB NLL: 3.363589
Total number of masked values: 128619
  - Number of values with pi >= 0.5622890541522969: 0
  - Number of values with pi < 0.5622890541522969: 128619
  - Masked Reconstruction: 28.479030
  - Regularization: 1.881821
Mean Absolute Error (MAE): 26.358486
R² Score: -42.648247
==================================================


==================================================
TEST RESULTS
==================================================
Total Loss: 5.840993
  - ZINB NLL: 3.360081
Total number of masked values: 67407
  - Number of values with pi >= 0.5622890541522969: 0
  - Number of values with pi < 0.5622890541522969: 67407
  - Masked Reconstruction: 26.001271
  - Regularization: 1.881821
Mean Absolute Error (MAE): 26.287741
R² Score: -46.585487
==================================================


>>> Optimizing zinb_nll on VALIDATION set: 3.360081
>>> Full validation metrics: {'total_loss': 5.84099313333106, 'zinb_nll': 3.3600813229671513, 'mae': 26.28774070739746, 'r2': -46.585487365722656, 'masked_loss': 26.001271328683625, 'reg_loss': 1.8818208849389706}


*** Checkpoint saved at iteration 20 ***

Iteration No: 20 ended. Evaluation done at random point.
Time taken: 261.2713
Function value obtained: 3.3601
Current minimum: 1.4907
Iteration No: 21 started. Searching for the next optimal point.

================================================================================
Trial with parameters:
  features: Centr
  step_size: 1.0
  bin_size: 49
  sample_fraction: 1.0
  moving_average: False
  first_layer_size_factor: 42
  num_layers: 1
  use_conv: True
  conv_channel: 128
  pool_size: 2
  kernel_size: 7
  epochs: 78
  batch_size: 64
  pi_threshold: 0.3191279607029467
  learning_rate: 0.01
  dropout_rate: 0.5
  masked_recon_weight: 0.008389135433935591
  regularizer: l1
  regularization_weight: 1e-05
================================================================================

Creating datasets with:
  features: ['Centr']
  bin_size: 49
  moving_average: False
  data_point_length: 40 (from 2000)
  step_size: 40 (from fraction 1.0)
  layers: [np.int64(672)] (first=672, num=1)
  stride: 1 (fixed), padding: same (fixed)


Clipping outliers using 95th percentile * 1.5...
strain_yTW001: Clipping values above 134.25 (P95=89.50). Clipped 27529/1193409 values (2.31%)
strain_FD: Clipping values above 71.92 (P95=47.94). Clipped 95791/4127807 values (2.32%)
strain_dnrp: Clipping values above 243.00 (P95=162.00). Clipped 25649/1119454 values (2.29%)
strain_yEK19: Clipping values above 77.10 (P95=51.40). Clipped 83713/3893623 values (2.15%)
strain_yEK23: Clipping values above 72.00 (P95=48.00). Clipped 86381/3558407 values (2.43%)
strain_yWT03a: Clipping values above 15.00 (P95=10.00). Clipped 10602/347679 values (3.05%)
strain_yWT04a: Clipping values above 58.50 (P95=39.00). Clipped 21095/725406 values (2.91%)
strain_ylic137: Clipping values above 142.50 (P95=95.00). Clipped 28746/1112684 values (2.58%)
Standardizing features: ['Centr']
Column order in final array (Dataset/Chrom split): ['Value', 'Centromere_Distance', 'Value_Raw', 'Size_Factor']
Removing 0 empty data points out of 27976
Column order in final array (Dataset/Chrom split): ['Value', 'Centromere_Distance', 'Value_Raw', 'Size_Factor']
Removing 0 empty data points out of 10536
Column order in final array (Dataset/Chrom split): ['Value', 'Centromere_Distance', 'Value_Raw', 'Size_Factor']
Removing 0 empty data points out of 10824
Datasets created:
  Train: (27976, 40, 4), Val: (10536, 40, 4), Test: (10824, 40, 4)

Applied denoising with 15.0% masking
Applied denoising with 15.0% masking
Applied denoising with 15.0% masking
Epoch [1/78], Total Loss: 2.0404, NLL: 1.6811, Masked: 31.7730, Reg: 0.092780
Epoch [2/78], Total Loss: 1.7179, NLL: 1.6278, Masked: 2.1628, Reg: 0.072045
Epoch [3/78], Total Loss: 1.6864, NLL: 1.6019, Masked: 2.0851, Reg: 0.067011
Epoch [4/78], Total Loss: 1.6633, NLL: 1.5799, Masked: 2.0636, Reg: 0.066068
Epoch [5/78], Total Loss: 1.6732, NLL: 1.5732, Masked: 3.1420, Reg: 0.073560
Epoch [6/78], Total Loss: 1.6687, NLL: 1.5645, Masked: 3.0197, Reg: 0.078822
Epoch [7/78], Total Loss: 1.6481, NLL: 1.5536, Masked: 2.2603, Reg: 0.075527
Epoch [8/78], Total Loss: 1.7106, NLL: 1.5434, Masked: 10.1774, Reg: 0.081824
Epoch [9/78], Total Loss: 1.6329, NLL: 1.5329, Masked: 2.0907, Reg: 0.082483
Epoch [10/78], Total Loss: 1.6844, NLL: 1.5327, Masked: 8.2162, Reg: 0.082758
Epoch [11/78], Total Loss: 1.6280, NLL: 1.5257, Masked: 2.1709, Reg: 0.084075
Epoch [12/78], Total Loss: 3.2837, NLL: 1.5244, Masked: 199.5546, Reg: 0.085242
Epoch [13/78], Total Loss: 1.9872, NLL: 1.5287, Masked: 44.2959, Reg: 0.086822
Epoch [14/78], Total Loss: 1.6243, NLL: 1.5214, Masked: 2.2500, Reg: 0.084030
Epoch [15/78], Total Loss: 1.6347, NLL: 1.5261, Masked: 2.8335, Reg: 0.084888
Epoch [16/78], Total Loss: 1.6394, NLL: 1.5272, Masked: 2.5272, Reg: 0.090971
Epoch [17/78], Total Loss: 1.6251, NLL: 1.5183, Masked: 2.4470, Reg: 0.086324
Epoch [18/78], Total Loss: 1.6369, NLL: 1.5257, Masked: 2.4986, Reg: 0.090271
Epoch [19/78], Total Loss: 1.7520, NLL: 1.5177, Masked: 17.2408, Reg: 0.089645
Epoch [20/78], Total Loss: 3.8338, NLL: 1.5240, Masked: 264.4085, Reg: 0.091708
Epoch [21/78], Total Loss: 1.6378, NLL: 1.5214, Masked: 3.0937, Reg: 0.090474
Epoch [22/78], Total Loss: 1.7016, NLL: 1.5238, Masked: 10.2936, Reg: 0.091406
Epoch [23/78], Total Loss: 1.6372, NLL: 1.5245, Masked: 2.5385, Reg: 0.091356
Epoch [24/78], Total Loss: 1.7642, NLL: 1.5268, Masked: 17.1891, Reg: 0.093179
Epoch [25/78], Total Loss: 1.6340, NLL: 1.5226, Masked: 2.6322, Reg: 0.089234
Epoch [26/78], Total Loss: 1.6290, NLL: 1.5182, Masked: 2.4828, Reg: 0.089995
Epoch [27/78], Total Loss: 1.6410, NLL: 1.5253, Masked: 2.9535, Reg: 0.090851
Epoch [28/78], Total Loss: 1.6368, NLL: 1.5224, Masked: 2.4479, Reg: 0.093804
Epoch [29/78], Total Loss: 1.6263, NLL: 1.5152, Masked: 2.7099, Reg: 0.088356
Epoch [30/78], Total Loss: 1.6286, NLL: 1.5190, Masked: 2.2781, Reg: 0.090497
Epoch [31/78], Total Loss: 1.6335, NLL: 1.5174, Masked: 3.1147, Reg: 0.089979
Epoch [32/78], Total Loss: 1.8379, NLL: 1.5173, Masked: 28.0127, Reg: 0.085603
Epoch [33/78], Total Loss: 1.9691, NLL: 1.5431, Masked: 39.7374, Reg: 0.092648
Epoch [34/78], Total Loss: 1.6303, NLL: 1.5206, Masked: 2.3138, Reg: 0.090259
Epoch [35/78], Total Loss: 1.6262, NLL: 1.5161, Masked: 2.3418, Reg: 0.090482
Epoch [36/78], Total Loss: 1.6236, NLL: 1.5159, Masked: 2.1388, Reg: 0.089756
Epoch [37/78], Total Loss: 1.7120, NLL: 1.5128, Masked: 13.4908, Reg: 0.086018
Epoch [38/78], Total Loss: 43.1319, NLL: 1.5186, Masked: 4949.9936, Reg: 0.087122
Epoch [39/78], Total Loss: 1.6291, NLL: 1.5164, Masked: 2.9562, Reg: 0.087869
Epoch [40/78], Total Loss: 1.6252, NLL: 1.5161, Masked: 2.0932, Reg: 0.091546
Epoch [41/78], Total Loss: 2.4027, NLL: 1.5214, Masked: 94.2285, Reg: 0.090822
Epoch [42/78], Total Loss: 1.6199, NLL: 1.5147, Masked: 2.1970, Reg: 0.086778
Epoch [43/78], Total Loss: 1.6890, NLL: 1.5240, Masked: 9.2382, Reg: 0.087470
Epoch [44/78], Total Loss: 44.2057, NLL: 1.5197, Masked: 5077.8404, Reg: 0.087336
Epoch [45/78], Total Loss: 1.6322, NLL: 1.5183, Masked: 2.9783, Reg: 0.088854
Epoch [46/78], Total Loss: 1.6567, NLL: 1.5212, Masked: 5.3810, Reg: 0.090344
Epoch [47/78], Total Loss: 1.6577, NLL: 1.5259, Masked: 4.6624, Reg: 0.092650
Epoch [48/78], Total Loss: 1.6479, NLL: 1.5161, Masked: 4.9706, Reg: 0.090106
Epoch [49/78], Total Loss: 1.6248, NLL: 1.5187, Masked: 2.0984, Reg: 0.088475
Epoch [50/78], Total Loss: 1.6484, NLL: 1.5294, Masked: 3.7140, Reg: 0.087781
Epoch [51/78], Total Loss: 1.6365, NLL: 1.5233, Masked: 2.2450, Reg: 0.094353
Epoch [52/78], Total Loss: 1.6330, NLL: 1.5172, Masked: 3.0847, Reg: 0.089866
Epoch [53/78], Total Loss: 1.6894, NLL: 1.5267, Masked: 8.4722, Reg: 0.091602
Epoch [54/78], Total Loss: 83.3765, NLL: 1.5184, Masked: 9747.0307, Reg: 0.088983
Epoch [55/78], Total Loss: 1.6881, NLL: 1.5204, Masked: 8.8646, Reg: 0.093355
Epoch [56/78], Total Loss: 1.6293, NLL: 1.5184, Masked: 2.3894, Reg: 0.090901
Epoch [57/78], Total Loss: 1.6340, NLL: 1.5174, Masked: 2.8530, Reg: 0.092659
Epoch [58/78], Total Loss: 1.7256, NLL: 1.5788, Masked: 7.4366, Reg: 0.084493
Epoch [59/78], Total Loss: 1.6746, NLL: 1.5233, Masked: 7.5191, Reg: 0.088283
Epoch [60/78], Total Loss: 1.6400, NLL: 1.5147, Masked: 4.7395, Reg: 0.085506
Epoch [61/78], Total Loss: 1.6170, NLL: 1.5123, Masked: 2.1549, Reg: 0.086620
Epoch [62/78], Total Loss: 1.7156, NLL: 1.5152, Masked: 13.2492, Reg: 0.089202
Epoch [63/78], Total Loss: 1.6277, NLL: 1.5171, Masked: 2.2213, Reg: 0.092052
Epoch [64/78], Total Loss: 4.2336, NLL: 1.5160, Masked: 313.1997, Reg: 0.090183
Epoch [65/78], Total Loss: 1.8249, NLL: 1.5229, Masked: 25.0867, Reg: 0.091550
Epoch [66/78], Total Loss: 1.6887, NLL: 1.5265, Masked: 8.3187, Reg: 0.092462
Epoch [67/78], Total Loss: 1.6320, NLL: 1.5232, Masked: 2.4222, Reg: 0.088472
Epoch [68/78], Total Loss: 1.6158, NLL: 1.5125, Masked: 2.0815, Reg: 0.085818
Epoch [69/78], Total Loss: 1.6369, NLL: 1.5210, Masked: 2.9545, Reg: 0.091117
Epoch [70/78], Total Loss: 1.6365, NLL: 1.5241, Masked: 2.2014, Reg: 0.093936
Epoch [71/78], Total Loss: 1.6537, NLL: 1.5275, Masked: 3.3495, Reg: 0.098132
Epoch [72/78], Total Loss: 1.6532, NLL: 1.5227, Masked: 4.2220, Reg: 0.095043
Epoch [73/78], Total Loss: 1.6405, NLL: 1.5234, Masked: 3.0202, Reg: 0.091763
Epoch [74/78], Total Loss: 1.8638, NLL: 1.5184, Masked: 30.3946, Reg: 0.090447
Epoch [75/78], Total Loss: 1.6415, NLL: 1.5227, Masked: 3.1163, Reg: 0.092678
Epoch [76/78], Total Loss: 1.6658, NLL: 1.5172, Masked: 7.1028, Reg: 0.089008
Epoch [77/78], Total Loss: 1.6306, NLL: 1.5183, Masked: 3.0373, Reg: 0.086801
Epoch [78/78], Total Loss: 1.6195, NLL: 1.5139, Masked: 2.0001, Reg: 0.088851

==================================================
EVALUATING ON TRAINING DATA
==================================================

==================================================
TEST RESULTS
==================================================
Total Loss: 1.568716
  - ZINB NLL: 1.456270
Total number of masked values: 131188
  - Number of values with pi >= 0.3191279607029467: 0
  - Number of values with pi < 0.3191279607029467: 131188
  - Masked Reconstruction: 2.814493
  - Regularization: 0.088834
Mean Absolute Error (MAE): 1.822562
R² Score: -368.320435
==================================================


==================================================
TEST RESULTS
==================================================
Total Loss: 1.554157
  - ZINB NLL: 1.450487
Total number of masked values: 49447
  - Number of values with pi >= 0.3191279607029467: 0
  - Number of values with pi < 0.3191279607029467: 49447
  - Masked Reconstruction: 1.768460
  - Regularization: 0.088834
Mean Absolute Error (MAE): 1.312035
R² Score: 0.704177
==================================================


>>> Optimizing zinb_nll on VALIDATION set: 1.450487
>>> Full validation metrics: {'total_loss': 1.5541569568392175, 'zinb_nll': 1.4504866939470817, 'mae': 1.3120349645614624, 'r2': 0.7041769623756409, 'masked_loss': 1.7684596603171971, 'reg_loss': 0.08883442382812491}

Iteration No: 21 ended. Search finished for the next optimal point.
Time taken: 200.9634
Function value obtained: 1.4505
Current minimum: 1.4505
Iteration No: 22 started. Searching for the next optimal point.

================================================================================
Trial with parameters:
  features: Centr
  step_size: 0.5454763192933649
  bin_size: 50
  sample_fraction: 1.0
  moving_average: False
  first_layer_size_factor: 150
  num_layers: 1
  use_conv: False
  conv_channel: 128
  pool_size: 3
  kernel_size: 5
  epochs: 150
  batch_size: 64
  pi_threshold: 0.3
  learning_rate: 0.0015508753284233226
  dropout_rate: 0.5
  masked_recon_weight: 5.0371543867054065
  regularizer: l2
  regularization_weight: 1e-05
================================================================================

Creating datasets with:
  features: ['Centr']
  bin_size: 50
  moving_average: False
  data_point_length: 40 (from 2000)
  step_size: 21 (from fraction 0.5454763192933649)
  layers: [np.int64(2400)] (first=2400, num=1)
  stride: 1 (fixed), padding: same (fixed)


Clipping outliers using 95th percentile * 1.5...
strain_yTW001: Clipping values above 134.25 (P95=89.50). Clipped 27529/1193409 values (2.31%)
strain_FD: Clipping values above 71.92 (P95=47.94). Clipped 95791/4127807 values (2.32%)
strain_dnrp: Clipping values above 243.00 (P95=162.00). Clipped 25649/1119454 values (2.29%)
strain_yEK19: Clipping values above 77.10 (P95=51.40). Clipped 83713/3893623 values (2.15%)
strain_yEK23: Clipping values above 72.00 (P95=48.00). Clipped 86381/3558407 values (2.43%)
strain_yWT03a: Clipping values above 15.00 (P95=10.00). Clipped 10602/347679 values (3.05%)
strain_yWT04a: Clipping values above 58.50 (P95=39.00). Clipped 21095/725406 values (2.91%)
strain_ylic137: Clipping values above 142.50 (P95=95.00). Clipped 28746/1112684 values (2.58%)
Standardizing features: ['Centr']
Column order in final array (Dataset/Chrom split): ['Value', 'Centromere_Distance', 'Value_Raw', 'Size_Factor']
Removing 0 empty data points out of 52144
Column order in final array (Dataset/Chrom split): ['Value', 'Centromere_Distance', 'Value_Raw', 'Size_Factor']
Removing 0 empty data points out of 19632
Column order in final array (Dataset/Chrom split): ['Value', 'Centromere_Distance', 'Value_Raw', 'Size_Factor']
Removing 0 empty data points out of 20160
Datasets created:
  Train: (52144, 40, 4), Val: (19632, 40, 4), Test: (20160, 40, 4)

Applied denoising with 15.0% masking
Applied denoising with 15.0% masking
Applied denoising with 15.0% masking
Epoch [1/150], Total Loss: 14.5308, NLL: 2.0172, Masked: 2.4843, Reg: 0.013660
Epoch [2/150], Total Loss: 14.2519, NLL: 1.8706, Masked: 2.4580, Reg: 0.020013
Epoch [3/150], Total Loss: 12.9935, NLL: 1.8358, Masked: 2.2151, Reg: 0.024826
Epoch [4/150], Total Loss: 12.8220, NLL: 1.8246, Masked: 2.1833, Reg: 0.029043
Epoch [5/150], Total Loss: 12.8788, NLL: 1.8084, Masked: 2.1978, Reg: 0.032620
Epoch [6/150], Total Loss: 12.6535, NLL: 1.7949, Masked: 2.1557, Reg: 0.035513
Epoch [7/150], Total Loss: 12.5909, NLL: 1.7834, Masked: 2.1456, Reg: 0.038259
Epoch [8/150], Total Loss: 12.7045, NLL: 1.7831, Masked: 2.1682, Reg: 0.040719
Epoch [9/150], Total Loss: 12.9977, NLL: 1.7708, Masked: 2.2288, Reg: 0.043078
Epoch [10/150], Total Loss: 12.4982, NLL: 1.7635, Masked: 2.1311, Reg: 0.045299
Epoch [11/150], Total Loss: 12.4125, NLL: 1.7585, Masked: 2.1151, Reg: 0.047193
Epoch [12/150], Total Loss: 12.6074, NLL: 1.7556, Masked: 2.1543, Reg: 0.049003
Epoch [13/150], Total Loss: 12.6913, NLL: 1.7522, Masked: 2.1717, Reg: 0.050868
Epoch [14/150], Total Loss: 12.6278, NLL: 1.7435, Masked: 2.1608, Reg: 0.052749
Epoch [15/150], Total Loss: 13.1543, NLL: 1.7340, Masked: 2.2672, Reg: 0.054376
Epoch [16/150], Total Loss: 12.2642, NLL: 1.7339, Masked: 2.0905, Reg: 0.055676
Epoch [17/150], Total Loss: 12.5088, NLL: 1.7259, Masked: 2.1407, Reg: 0.056913
Epoch [18/150], Total Loss: 12.2046, NLL: 1.7256, Masked: 2.0803, Reg: 0.058121
Epoch [19/150], Total Loss: 12.2415, NLL: 1.7224, Masked: 2.0883, Reg: 0.058964
Epoch [20/150], Total Loss: 12.3914, NLL: 1.7267, Masked: 2.1172, Reg: 0.059920
Epoch [21/150], Total Loss: 14.6415, NLL: 1.7287, Masked: 2.5635, Reg: 0.061193
Epoch [22/150], Total Loss: 12.5991, NLL: 1.7258, Masked: 2.1586, Reg: 0.062368
Epoch [23/150], Total Loss: 12.2971, NLL: 1.7265, Masked: 2.0985, Reg: 0.063585
Epoch [24/150], Total Loss: 12.9583, NLL: 1.7253, Masked: 2.2300, Reg: 0.064564
Epoch [25/150], Total Loss: 12.4598, NLL: 1.7175, Masked: 2.1326, Reg: 0.065619
Epoch [26/150], Total Loss: 12.1917, NLL: 1.7072, Masked: 2.0814, Reg: 0.066559
Epoch [27/150], Total Loss: 14.0211, NLL: 1.7113, Masked: 2.4438, Reg: 0.067346
Epoch [28/150], Total Loss: 12.0643, NLL: 1.7045, Masked: 2.0567, Reg: 0.068254
Epoch [29/150], Total Loss: 12.0341, NLL: 1.7001, Masked: 2.0516, Reg: 0.068910
Epoch [30/150], Total Loss: 12.0577, NLL: 1.6968, Masked: 2.0569, Reg: 0.069232
Epoch [31/150], Total Loss: 12.2206, NLL: 1.6876, Masked: 2.0911, Reg: 0.069555
Epoch [32/150], Total Loss: 12.0601, NLL: 1.6920, Masked: 2.0583, Reg: 0.070022
Epoch [33/150], Total Loss: 12.0702, NLL: 1.6835, Masked: 2.0620, Reg: 0.070499
Epoch [34/150], Total Loss: 11.9292, NLL: 1.6809, Masked: 2.0345, Reg: 0.070659
Epoch [35/150], Total Loss: 12.1714, NLL: 1.6772, Masked: 2.0834, Reg: 0.070875
Epoch [36/150], Total Loss: 11.9058, NLL: 1.6745, Masked: 2.0312, Reg: 0.071085
Epoch [37/150], Total Loss: 11.8057, NLL: 1.6711, Masked: 2.0120, Reg: 0.071322
Epoch [38/150], Total Loss: 12.0124, NLL: 1.6721, Masked: 2.0528, Reg: 0.071444
Epoch [39/150], Total Loss: 11.8639, NLL: 1.6671, Masked: 2.0243, Reg: 0.071674
Epoch [40/150], Total Loss: 11.8877, NLL: 1.6686, Masked: 2.0287, Reg: 0.072000
Epoch [41/150], Total Loss: 12.0528, NLL: 1.6709, Masked: 2.0611, Reg: 0.072321
Epoch [42/150], Total Loss: 11.8741, NLL: 1.6669, Masked: 2.0264, Reg: 0.072875
Epoch [43/150], Total Loss: 11.8912, NLL: 1.6670, Masked: 2.0298, Reg: 0.073458
Epoch [44/150], Total Loss: 12.0397, NLL: 1.6737, Masked: 2.0579, Reg: 0.074003
Epoch [45/150], Total Loss: 12.1956, NLL: 1.6700, Masked: 2.0896, Reg: 0.074736
Epoch [46/150], Total Loss: 12.0219, NLL: 1.6697, Masked: 2.0552, Reg: 0.075526
Epoch [47/150], Total Loss: 11.9168, NLL: 1.6754, Masked: 2.0332, Reg: 0.076279
Epoch [48/150], Total Loss: 12.5737, NLL: 1.6720, Masked: 2.1642, Reg: 0.077277
Epoch [49/150], Total Loss: 12.1764, NLL: 1.6719, Masked: 2.0854, Reg: 0.078389
Epoch [50/150], Total Loss: 11.8539, NLL: 1.6695, Masked: 2.0219, Reg: 0.079545
Epoch [51/150], Total Loss: 11.9846, NLL: 1.6650, Masked: 2.0487, Reg: 0.080340
Epoch [52/150], Total Loss: 33.9479, NLL: 1.6701, Masked: 6.4079, Reg: 0.081010
Epoch [53/150], Total Loss: 11.8160, NLL: 1.6642, Masked: 2.0154, Reg: 0.081715
Epoch [54/150], Total Loss: 12.0491, NLL: 1.6616, Masked: 2.0622, Reg: 0.082452
Epoch [55/150], Total Loss: 12.1855, NLL: 1.6658, Masked: 2.0884, Reg: 0.082913
Epoch [56/150], Total Loss: 11.9249, NLL: 1.6608, Masked: 2.0377, Reg: 0.083551
Epoch [57/150], Total Loss: 11.8292, NLL: 1.6595, Masked: 2.0190, Reg: 0.084049
Epoch [58/150], Total Loss: 11.8973, NLL: 1.6623, Masked: 2.0319, Reg: 0.084447
Epoch [59/150], Total Loss: 12.0003, NLL: 1.6594, Masked: 2.0529, Reg: 0.084857
Epoch [60/150], Total Loss: 11.8263, NLL: 1.6595, Masked: 2.0184, Reg: 0.085277
Epoch [61/150], Total Loss: 11.7609, NLL: 1.6553, Masked: 2.0062, Reg: 0.085722
Epoch [62/150], Total Loss: 11.7916, NLL: 1.6535, Masked: 2.0127, Reg: 0.086317
Epoch [63/150], Total Loss: 11.8095, NLL: 1.6491, Masked: 2.0171, Reg: 0.086779
Epoch [64/150], Total Loss: 11.7200, NLL: 1.6528, Masked: 1.9986, Reg: 0.087250
Epoch [65/150], Total Loss: 11.7067, NLL: 1.6526, Masked: 1.9960, Reg: 0.087690
Epoch [66/150], Total Loss: 11.6968, NLL: 1.6556, Masked: 1.9934, Reg: 0.088315
Epoch [67/150], Total Loss: 11.8411, NLL: 1.6523, Masked: 2.0227, Reg: 0.088905
Epoch [68/150], Total Loss: 11.9352, NLL: 1.6545, Masked: 2.0410, Reg: 0.089489
Epoch [69/150], Total Loss: 12.4633, NLL: 1.6557, Masked: 2.1456, Reg: 0.090220
Epoch [70/150], Total Loss: 11.8967, NLL: 1.6559, Masked: 2.0331, Reg: 0.090831
Epoch [71/150], Total Loss: 12.0959, NLL: 1.6588, Masked: 2.0720, Reg: 0.091622
Epoch [72/150], Total Loss: 11.8480, NLL: 1.6614, Masked: 2.0223, Reg: 0.092612
Epoch [73/150], Total Loss: 11.7185, NLL: 1.6605, Masked: 1.9968, Reg: 0.093148
Epoch [74/150], Total Loss: 11.9091, NLL: 1.6571, Masked: 2.0353, Reg: 0.093742
Epoch [75/150], Total Loss: 12.0917, NLL: 1.6531, Masked: 2.0723, Reg: 0.094307
Epoch [76/150], Total Loss: 11.8090, NLL: 1.6570, Masked: 2.0154, Reg: 0.094812
Epoch [77/150], Total Loss: 11.7263, NLL: 1.6548, Masked: 1.9994, Reg: 0.095188
Epoch [78/150], Total Loss: 11.8646, NLL: 1.6554, Masked: 2.0268, Reg: 0.095944
Epoch [79/150], Total Loss: 11.7335, NLL: 1.6508, Masked: 2.0017, Reg: 0.096378
Epoch [80/150], Total Loss: 11.7921, NLL: 1.6492, Masked: 2.0136, Reg: 0.097018
Epoch [81/150], Total Loss: 11.9457, NLL: 1.6539, Masked: 2.0432, Reg: 0.097569
Epoch [82/150], Total Loss: 11.5996, NLL: 1.6454, Masked: 1.9762, Reg: 0.098102
Epoch [83/150], Total Loss: 11.6999, NLL: 1.6458, Masked: 1.9960, Reg: 0.098534
Epoch [84/150], Total Loss: 11.6997, NLL: 1.6479, Masked: 1.9955, Reg: 0.098942
Epoch [85/150], Total Loss: 11.6178, NLL: 1.6472, Masked: 1.9794, Reg: 0.099388
Epoch [86/150], Total Loss: 11.8495, NLL: 1.6517, Masked: 2.0245, Reg: 0.099872
Epoch [87/150], Total Loss: 11.6776, NLL: 1.6492, Masked: 1.9909, Reg: 0.100428
Epoch [88/150], Total Loss: 11.9631, NLL: 1.6484, Masked: 2.0477, Reg: 0.100881
Epoch [89/150], Total Loss: 11.8041, NLL: 1.6483, Masked: 2.0162, Reg: 0.101354
Epoch [90/150], Total Loss: 11.6712, NLL: 1.6516, Masked: 1.9891, Reg: 0.101887
Epoch [91/150], Total Loss: 11.6014, NLL: 1.6481, Masked: 1.9760, Reg: 0.102471
Epoch [92/150], Total Loss: 12.0633, NLL: 1.6499, Masked: 2.0673, Reg: 0.103144
Epoch [93/150], Total Loss: 11.7020, NLL: 1.6449, Masked: 1.9966, Reg: 0.103882
Epoch [94/150], Total Loss: 11.6883, NLL: 1.6485, Masked: 1.9931, Reg: 0.104557
Epoch [95/150], Total Loss: 11.7653, NLL: 1.6494, Masked: 2.0083, Reg: 0.105132
Epoch [96/150], Total Loss: 12.0925, NLL: 1.6459, Masked: 2.0739, Reg: 0.105676
Epoch [97/150], Total Loss: 11.6408, NLL: 1.6532, Masked: 1.9828, Reg: 0.106303
Epoch [98/150], Total Loss: 12.1145, NLL: 1.6471, Masked: 2.0780, Reg: 0.106893
Epoch [99/150], Total Loss: 11.9030, NLL: 1.6465, Masked: 2.0362, Reg: 0.107245
Epoch [100/150], Total Loss: 11.6889, NLL: 1.6459, Masked: 1.9938, Reg: 0.107776
Epoch [101/150], Total Loss: 11.8023, NLL: 1.6528, Masked: 2.0149, Reg: 0.108253
Epoch [102/150], Total Loss: 11.8749, NLL: 1.6522, Masked: 2.0295, Reg: 0.108594
Epoch [103/150], Total Loss: 11.6823, NLL: 1.6477, Masked: 1.9921, Reg: 0.109154
Epoch [104/150], Total Loss: 11.9051, NLL: 1.6493, Masked: 2.0360, Reg: 0.109802
Epoch [105/150], Total Loss: 13.3735, NLL: 1.6463, Masked: 2.3281, Reg: 0.110365
Epoch [106/150], Total Loss: 11.7337, NLL: 1.6481, Masked: 2.0022, Reg: 0.110728
Epoch [107/150], Total Loss: 12.0289, NLL: 1.6463, Masked: 2.0612, Reg: 0.110943
Epoch [108/150], Total Loss: 11.7752, NLL: 1.6406, Masked: 2.0120, Reg: 0.111213
Epoch [109/150], Total Loss: 11.6848, NLL: 1.6459, Masked: 1.9930, Reg: 0.111502
Epoch [110/150], Total Loss: 11.7170, NLL: 1.6452, Masked: 1.9995, Reg: 0.111930
Epoch [111/150], Total Loss: 11.6324, NLL: 1.6446, Masked: 1.9828, Reg: 0.112200
Epoch [112/150], Total Loss: 11.6420, NLL: 1.6443, Masked: 1.9848, Reg: 0.112711
Epoch [113/150], Total Loss: 11.6661, NLL: 1.6457, Masked: 1.9893, Reg: 0.113243
Epoch [114/150], Total Loss: 11.7811, NLL: 1.6442, Masked: 2.0124, Reg: 0.113618
Epoch [115/150], Total Loss: 11.6411, NLL: 1.6439, Masked: 1.9847, Reg: 0.114004
Epoch [116/150], Total Loss: 11.8354, NLL: 1.6406, Masked: 2.0239, Reg: 0.114333
Epoch [117/150], Total Loss: 11.6689, NLL: 1.6453, Masked: 1.9899, Reg: 0.114760
Epoch [118/150], Total Loss: 11.7651, NLL: 1.6434, Masked: 2.0094, Reg: 0.115129
Epoch [119/150], Total Loss: 11.7501, NLL: 1.6440, Masked: 2.0063, Reg: 0.115437
Epoch [120/150], Total Loss: 11.6268, NLL: 1.6440, Masked: 1.9818, Reg: 0.115858
Epoch [121/150], Total Loss: 11.8706, NLL: 1.6437, Masked: 2.0303, Reg: 0.116350
Epoch [122/150], Total Loss: 11.6571, NLL: 1.6470, Masked: 1.9873, Reg: 0.116646
Epoch [123/150], Total Loss: 11.8024, NLL: 1.6426, Masked: 2.0170, Reg: 0.117025
Epoch [124/150], Total Loss: 11.9126, NLL: 1.6454, Masked: 2.0383, Reg: 0.117313
Epoch [125/150], Total Loss: 12.6876, NLL: 1.6411, Masked: 2.1930, Reg: 0.117751
Epoch [126/150], Total Loss: 11.8060, NLL: 1.6415, Masked: 2.0179, Reg: 0.118046
Epoch [127/150], Total Loss: 11.7698, NLL: 1.6465, Masked: 2.0097, Reg: 0.118456
Epoch [128/150], Total Loss: 11.7014, NLL: 1.6402, Masked: 1.9974, Reg: 0.118817
Epoch [129/150], Total Loss: 11.6539, NLL: 1.6415, Masked: 1.9877, Reg: 0.119026
Epoch [130/150], Total Loss: 11.9532, NLL: 1.6416, Masked: 2.0471, Reg: 0.119606
Epoch [131/150], Total Loss: 11.7231, NLL: 1.6393, Masked: 2.0019, Reg: 0.120021
Epoch [132/150], Total Loss: 11.6376, NLL: 1.6370, Masked: 1.9854, Reg: 0.120323
Epoch [133/150], Total Loss: 12.5972, NLL: 1.6442, Masked: 2.1744, Reg: 0.120718
Epoch [134/150], Total Loss: 11.9230, NLL: 1.6452, Masked: 2.0404, Reg: 0.121136
Epoch [135/150], Total Loss: 11.6064, NLL: 1.6404, Masked: 1.9785, Reg: 0.121597
Epoch [136/150], Total Loss: 11.8638, NLL: 1.6360, Masked: 2.0305, Reg: 0.121955
Epoch [137/150], Total Loss: 11.6984, NLL: 1.6385, Masked: 1.9972, Reg: 0.122320
Epoch [138/150], Total Loss: 11.5599, NLL: 1.6399, Masked: 1.9694, Reg: 0.122612
Epoch [139/150], Total Loss: 11.7951, NLL: 1.6436, Masked: 2.0153, Reg: 0.123143
Epoch [140/150], Total Loss: 13.6169, NLL: 1.6362, Masked: 2.3785, Reg: 0.123613
Epoch [141/150], Total Loss: 11.8356, NLL: 1.6402, Masked: 2.0240, Reg: 0.123878
Epoch [142/150], Total Loss: 11.7659, NLL: 1.6439, Masked: 2.0095, Reg: 0.124137
Epoch [143/150], Total Loss: 11.6300, NLL: 1.6418, Masked: 1.9829, Reg: 0.124708
Epoch [144/150], Total Loss: 11.8355, NLL: 1.6388, Masked: 2.0243, Reg: 0.125089
Epoch [145/150], Total Loss: 11.6724, NLL: 1.6407, Masked: 1.9915, Reg: 0.125390
Epoch [146/150], Total Loss: 11.6265, NLL: 1.6374, Masked: 1.9831, Reg: 0.125784
Epoch [147/150], Total Loss: 11.7015, NLL: 1.6362, Masked: 1.9982, Reg: 0.126141
Epoch [148/150], Total Loss: 12.3136, NLL: 1.6383, Masked: 2.1193, Reg: 0.126472
Epoch [149/150], Total Loss: 11.5674, NLL: 1.6397, Masked: 1.9709, Reg: 0.126652
Epoch [150/150], Total Loss: 11.6480, NLL: 1.6349, Masked: 1.9878, Reg: 0.127035

==================================================
EVALUATING ON TRAINING DATA
==================================================

==================================================
TEST RESULTS
==================================================
Total Loss: 10.927374
  - ZINB NLL: 1.606457
Total number of masked values: 245274
  - Number of values with pi >= 0.3: 0
  - Number of values with pi < 0.3: 245274
  - Masked Reconstruction: 1.850433
  - Regularization: 0.127187
Mean Absolute Error (MAE): 2.195641
R² Score: -3210.284668
==================================================


==================================================
TEST RESULTS
==================================================
Total Loss: 10.910749
  - ZINB NLL: 1.604917
Total number of masked values: 92518
  - Number of values with pi >= 0.3: 0
  - Number of values with pi < 0.3: 92518
  - Masked Reconstruction: 1.847438
  - Regularization: 0.127187
Mean Absolute Error (MAE): 1.654811
R² Score: 0.094293
==================================================


>>> Optimizing zinb_nll on VALIDATION set: 1.604917
>>> Full validation metrics: {'total_loss': 10.910748564915242, 'zinb_nll': 1.6049169945153359, 'mae': 1.6548106670379639, 'r2': 0.09429275989532471, 'masked_loss': 1.8474382886871052, 'reg_loss': 0.12718724609375007}

Iteration No: 22 ended. Search finished for the next optimal point.
Time taken: 499.5333
Function value obtained: 1.6049
Current minimum: 1.4505
Iteration No: 23 started. Searching for the next optimal point.

================================================================================
Trial with parameters:
  features: Nucl
  step_size: 0.531851666187724
  bin_size: 40
  sample_fraction: 0.4940321053007999
  moving_average: False
  first_layer_size_factor: 150
  num_layers: 1
  use_conv: False
  conv_channel: 128
  pool_size: 5
  kernel_size: 7
  epochs: 66
  batch_size: 32
  pi_threshold: 0.6610972701932558
  learning_rate: 0.0023986569886121157
  dropout_rate: 0.2067075118278807
  masked_recon_weight: 6.704933731082619
  regularizer: l2
  regularization_weight: 1e-05
================================================================================

Creating datasets with:
  features: ['Nucl']
  bin_size: 40
  moving_average: False
  data_point_length: 50 (from 2000)
  step_size: 26 (from fraction 0.531851666187724)
  layers: [np.int64(2400)] (first=2400, num=1)
  stride: 1 (fixed), padding: same (fixed)


Clipping outliers using 95th percentile * 1.5...
strain_yTW001: Clipping values above 134.25 (P95=89.50). Clipped 27529/1193409 values (2.31%)
strain_FD: Clipping values above 71.92 (P95=47.94). Clipped 95791/4127807 values (2.32%)
strain_dnrp: Clipping values above 243.00 (P95=162.00). Clipped 25649/1119454 values (2.29%)
strain_yEK19: Clipping values above 77.10 (P95=51.40). Clipped 83713/3893623 values (2.15%)
strain_yEK23: Clipping values above 72.00 (P95=48.00). Clipped 86381/3558407 values (2.43%)
strain_yWT03a: Clipping values above 15.00 (P95=10.00). Clipped 10602/347679 values (3.05%)
strain_yWT04a: Clipping values above 58.50 (P95=39.00). Clipped 21095/725406 values (2.91%)
strain_ylic137: Clipping values above 142.50 (P95=95.00). Clipped 28746/1112684 values (2.58%)
Standardizing features: ['Nucl']
Column order in final array (Dataset/Chrom split): ['Value', 'Nucleosome_Distance', 'Value_Raw', 'Size_Factor']
Removing 0 empty data points out of 52632
Column order in final array (Dataset/Chrom split): ['Value', 'Nucleosome_Distance', 'Value_Raw', 'Size_Factor']
Removing 0 empty data points out of 19824
Column order in final array (Dataset/Chrom split): ['Value', 'Nucleosome_Distance', 'Value_Raw', 'Size_Factor']
Removing 0 empty data points out of 20360
Datasets created:
  Train: (52632, 50, 4), Val: (19824, 50, 4), Test: (20360, 50, 4)

Randomly sampled 26001/52632 samples (49.4%)
Applied denoising with 15.0% masking
Applied denoising with 15.0% masking
Applied denoising with 15.0% masking
Epoch [1/66], Total Loss: 65984.4475, NLL: 2.2437, Masked: 9840.8436, Reg: 0.016024
Epoch [2/66], Total Loss: 110.6639, NLL: 2.2477, Masked: 16.1696, Reg: 0.020082
Epoch [3/66], Total Loss: 19.5321, NLL: 2.2492, Masked: 2.5776, Reg: 0.022149
Epoch [4/66], Total Loss: 46169.8145, NLL: 2.2495, Masked: 6885.6109, Reg: 0.023554
Epoch [5/66], Total Loss: 65603.9419, NLL: 2.2497, Masked: 9784.0927, Reg: 0.023742
Epoch [6/66], Total Loss: 3200.2932, NLL: 2.2495, Masked: 476.9687, Reg: 0.022660
Epoch [7/66], Total Loss: 19.0108, NLL: 2.2495, Masked: 2.4999, Reg: 0.020691
Epoch [8/66], Total Loss: 19.2698, NLL: 2.2494, Masked: 2.5385, Reg: 0.018319
Epoch [9/66], Total Loss: 71762.3226, NLL: 2.2500, Masked: 10702.5780, Reg: 0.020323
Epoch [10/66], Total Loss: 20.8837, NLL: 2.2494, Masked: 2.7792, Reg: 0.021161
Epoch [11/66], Total Loss: 102.3496, NLL: 2.2494, Masked: 14.9293, Reg: 0.019096
Epoch [12/66], Total Loss: 43334.8419, NLL: 2.2499, Masked: 6462.7923, Reg: 0.021677
Epoch [13/66], Total Loss: 870.7050, NLL: 2.2497, Masked: 129.5248, Reg: 0.021764
Epoch [14/66], Total Loss: 61.9274, NLL: 2.2496, Masked: 8.9006, Reg: 0.023004
Epoch [15/66], Total Loss: 23.2122, NLL: 2.2496, Masked: 3.1264, Reg: 0.022618
Epoch [16/66], Total Loss: 24.3388, NLL: 2.2496, Masked: 3.2945, Reg: 0.019505
Epoch [17/66], Total Loss: 19.0020, NLL: 2.2494, Masked: 2.4986, Reg: 0.018148
Epoch [18/66], Total Loss: 19.0114, NLL: 2.2495, Masked: 2.4999, Reg: 0.016234
Epoch [19/66], Total Loss: 50266.1420, NLL: 2.2496, Masked: 7496.5533, Reg: 0.017033
Epoch [20/66], Total Loss: 19.0050, NLL: 2.2496, Masked: 2.4990, Reg: 0.017870
Epoch [21/66], Total Loss: 19.3422, NLL: 2.2495, Masked: 2.5493, Reg: 0.015656
Epoch [22/66], Total Loss: 44827.4795, NLL: 2.2495, Masked: 6685.4100, Reg: 0.014114
Epoch [23/66], Total Loss: 20341.6196, NLL: 2.2495, Masked: 3033.4931, Reg: 0.014242
Epoch [24/66], Total Loss: 649.9903, NLL: 2.2495, Masked: 96.6066, Reg: 0.015382
Epoch [25/66], Total Loss: 19.0229, NLL: 2.2496, Masked: 2.5016, Reg: 0.013986
Epoch [26/66], Total Loss: 178697.2710, NLL: 2.2502, Masked: 26651.2747, Reg: 0.015802
Epoch [27/66], Total Loss: 47965.5766, NLL: 2.2496, Masked: 7153.4376, Reg: 0.018606
Epoch [28/66], Total Loss: 27.6537, NLL: 2.2494, Masked: 3.7889, Reg: 0.016304
Epoch [29/66], Total Loss: 5298.4131, NLL: 2.2494, Masked: 789.8906, Reg: 0.015083
Epoch [30/66], Total Loss: 64406.3042, NLL: 2.2497, Masked: 9605.4723, Reg: 0.014954
Epoch [31/66], Total Loss: 19.0040, NLL: 2.2497, Masked: 2.4988, Reg: 0.016244
Epoch [32/66], Total Loss: 19.0072, NLL: 2.2494, Masked: 2.4993, Reg: 0.013738
Epoch [33/66], Total Loss: 45773.9857, NLL: 2.2495, Masked: 6826.5758, Reg: 0.012133
Epoch [34/66], Total Loss: 24286.4190, NLL: 2.2495, Masked: 3621.8358, Reg: 0.013146
Epoch [35/66], Total Loss: 18.9987, NLL: 2.2494, Masked: 2.4981, Reg: 0.013094
Epoch [36/66], Total Loss: 361902.3107, NLL: 2.2503, Masked: 53975.1903, Reg: 0.011843
Epoch [37/66], Total Loss: 19.1060, NLL: 2.2494, Masked: 2.5141, Reg: 0.016670
Epoch [38/66], Total Loss: 23708.6172, NLL: 2.2494, Masked: 3535.6604, Reg: 0.014162
Epoch [39/66], Total Loss: 68642.3454, NLL: 2.2496, Masked: 10237.2521, Reg: 0.013931
Epoch [40/66], Total Loss: 19.0050, NLL: 2.2496, Masked: 2.4990, Reg: 0.012974
Epoch [41/66], Total Loss: 21543.5644, NLL: 2.2495, Masked: 3212.7559, Reg: 0.015271
Epoch [42/66], Total Loss: 3314.3687, NLL: 2.2494, Masked: 493.9824, Reg: 0.013250
Epoch [43/66], Total Loss: 2108.1611, NLL: 2.2494, Masked: 314.0839, Reg: 0.011555
Epoch [44/66], Total Loss: 19.1227, NLL: 2.2491, Masked: 2.5166, Reg: 0.012141
Epoch [45/66], Total Loss: 45025.3640, NLL: 2.2491, Masked: 6714.9233, Reg: 0.013927
Epoch [46/66], Total Loss: 19.0025, NLL: 2.2493, Masked: 2.4986, Reg: 0.017023
Epoch [47/66], Total Loss: 19.5931, NLL: 2.2495, Masked: 2.5867, Reg: 0.014218
Epoch [48/66], Total Loss: 20657.6642, NLL: 2.2494, Masked: 3080.6293, Reg: 0.012569
Epoch [49/66], Total Loss: 22602.0925, NLL: 2.2495, Masked: 3370.6291, Reg: 0.012259
Epoch [50/66], Total Loss: 65294.9406, NLL: 2.2493, Masked: 9738.0075, Reg: 0.013732
Epoch [51/66], Total Loss: 18.9995, NLL: 2.2495, Masked: 2.4982, Reg: 0.012349
Epoch [52/66], Total Loss: 66459.9708, NLL: 2.2495, Masked: 9911.7639, Reg: 0.010684
Epoch [53/66], Total Loss: 19.0165, NLL: 2.2494, Masked: 2.5007, Reg: 0.012222
Epoch [54/66], Total Loss: 23569.4191, NLL: 2.2492, Masked: 3514.8998, Reg: 0.011240
Epoch [55/66], Total Loss: 19.0105, NLL: 2.2493, Masked: 2.4998, Reg: 0.012855
Epoch [56/66], Total Loss: 19.0104, NLL: 2.2494, Masked: 2.4998, Reg: 0.012736
Epoch [57/66], Total Loss: 1214.0583, NLL: 2.2494, Masked: 180.7339, Reg: 0.012488
Epoch [58/66], Total Loss: 19.0033, NLL: 2.2495, Masked: 2.4987, Reg: 0.010619
Epoch [59/66], Total Loss: 19.0162, NLL: 2.2494, Masked: 2.5007, Reg: 0.011308
Epoch [60/66], Total Loss: 22029.5429, NLL: 2.2491, Masked: 3285.2368, Reg: 0.011890
Epoch [61/66], Total Loss: 19.3628, NLL: 2.2493, Masked: 2.5524, Reg: 0.012182
Epoch [62/66], Total Loss: 18.9965, NLL: 2.2493, Masked: 2.4977, Reg: 0.011028
Epoch [63/66], Total Loss: 22641.2802, NLL: 2.2490, Masked: 3376.4735, Reg: 0.012650
Epoch [64/66], Total Loss: 18.9906, NLL: 2.2494, Masked: 2.4968, Reg: 0.012702
Epoch [65/66], Total Loss: 19.0799, NLL: 2.2494, Masked: 2.5102, Reg: 0.010860
Epoch [66/66], Total Loss: 158168.6122, NLL: 2.2500, Masked: 23589.5493, Reg: 0.017190

==================================================
EVALUATING ON TRAINING DATA
==================================================

==================================================
TEST RESULTS
==================================================
Total Loss: 19.002709
  - ZINB NLL: 2.249354
Total number of masked values: 146352
  - Number of values with pi >= 0.6610972701932558: 0
  - Number of values with pi < 0.6610972701932558: 146352
  - Masked Reconstruction: 2.498661
  - Regularization: 0.016407
Mean Absolute Error (MAE): 2.210479
R² Score: -0.068269
==================================================


==================================================
TEST RESULTS
==================================================
Total Loss: 17.584255
  - ZINB NLL: 2.214420
Total number of masked values: 111623
  - Number of values with pi >= 0.6610972701932558: 0
  - Number of values with pi < 0.6610972701932558: 111623
  - Masked Reconstruction: 2.292317
  - Regularization: 0.016407
Mean Absolute Error (MAE): 2.161555
R² Score: -0.071836
==================================================


>>> Optimizing zinb_nll on VALIDATION set: 2.214420
>>> Full validation metrics: {'total_loss': 17.58425503223533, 'zinb_nll': 2.214419828296381, 'mae': 2.161555290222168, 'r2': -0.07183623313903809, 'masked_loss': 2.2923172723871743, 'reg_loss': 0.016406749267578204}

Iteration No: 23 ended. Search finished for the next optimal point.
Time taken: 237.3326
Function value obtained: 2.2144
Current minimum: 1.4505
Iteration No: 24 started. Searching for the next optimal point.

================================================================================
Trial with parameters:
  features: Centr
  step_size: 0.631804863612059
  bin_size: 46
  sample_fraction: 0.9988726680596933
  moving_average: False
  first_layer_size_factor: 29
  num_layers: 2
  use_conv: True
  conv_channel: 128
  pool_size: 2
  kernel_size: 7
  epochs: 85
  batch_size: 64
  pi_threshold: 0.4761364795711115
  learning_rate: 0.01
  dropout_rate: 0.3763976953336496
  masked_recon_weight: 0.08691607536322307
  regularizer: l1
  regularization_weight: 1e-05
================================================================================

Creating datasets with:
  features: ['Centr']
  bin_size: 46
  moving_average: False
  data_point_length: 43 (from 2000)
  step_size: 27 (from fraction 0.631804863612059)
  layers: [np.int64(464), np.int64(232)] (first=464, num=2)
  stride: 1 (fixed), padding: same (fixed)


Clipping outliers using 95th percentile * 1.5...
strain_yTW001: Clipping values above 134.25 (P95=89.50). Clipped 27529/1193409 values (2.31%)
strain_FD: Clipping values above 71.92 (P95=47.94). Clipped 95791/4127807 values (2.32%)
strain_dnrp: Clipping values above 243.00 (P95=162.00). Clipped 25649/1119454 values (2.29%)
strain_yEK19: Clipping values above 77.10 (P95=51.40). Clipped 83713/3893623 values (2.15%)
strain_yEK23: Clipping values above 72.00 (P95=48.00). Clipped 86381/3558407 values (2.43%)
strain_yWT03a: Clipping values above 15.00 (P95=10.00). Clipped 10602/347679 values (3.05%)
strain_yWT04a: Clipping values above 58.50 (P95=39.00). Clipped 21095/725406 values (2.91%)
strain_ylic137: Clipping values above 142.50 (P95=95.00). Clipped 28746/1112684 values (2.58%)
Standardizing features: ['Centr']
Column order in final array (Dataset/Chrom split): ['Value', 'Centromere_Distance', 'Value_Raw', 'Size_Factor']
Removing 0 empty data points out of 44072
Column order in final array (Dataset/Chrom split): ['Value', 'Centromere_Distance', 'Value_Raw', 'Size_Factor']
Removing 0 empty data points out of 16600
Column order in final array (Dataset/Chrom split): ['Value', 'Centromere_Distance', 'Value_Raw', 'Size_Factor']
Removing 0 empty data points out of 17056
Datasets created:
  Train: (44072, 43, 4), Val: (16600, 43, 4), Test: (17056, 43, 4)

Randomly sampled 44022/44072 samples (99.9%)
Applied denoising with 15.0% masking
Applied denoising with 15.0% masking
Applied denoising with 15.0% masking
Epoch [1/85], Total Loss: 206.3014, NLL: 2.0714, Masked: 2347.8990, Reg: 0.159887
Epoch [2/85], Total Loss: 2.0013, NLL: 1.7168, Masked: 2.2557, Reg: 0.088349
Epoch [3/85], Total Loss: 1.9626, NLL: 1.6989, Masked: 2.2240, Reg: 0.070439
Epoch [4/85], Total Loss: 1.9556, NLL: 1.6902, Masked: 2.2027, Reg: 0.073891
Epoch [5/85], Total Loss: 1.9487, NLL: 1.6833, Masked: 2.1981, Reg: 0.074392
Epoch [6/85], Total Loss: 1.9538, NLL: 1.6816, Masked: 2.1877, Reg: 0.082100
Epoch [7/85], Total Loss: 1.9554, NLL: 1.6799, Masked: 2.1850, Reg: 0.085520
Epoch [8/85], Total Loss: 1.9568, NLL: 1.6816, Masked: 2.1926, Reg: 0.084640
Epoch [9/85], Total Loss: 1.9783, NLL: 1.6889, Masked: 2.2039, Reg: 0.097801
Epoch [10/85], Total Loss: 1.9689, NLL: 1.6837, Masked: 2.1929, Reg: 0.094631
Epoch [11/85], Total Loss: 1.9536, NLL: 1.6781, Masked: 2.1807, Reg: 0.085925
Epoch [12/85], Total Loss: 1.9531, NLL: 1.6789, Masked: 2.1883, Reg: 0.083948
Epoch [13/85], Total Loss: 1.9519, NLL: 1.6801, Masked: 2.1911, Reg: 0.081410
Epoch [14/85], Total Loss: 1.9526, NLL: 1.6796, Masked: 2.1838, Reg: 0.083215
Epoch [15/85], Total Loss: 1.9528, NLL: 1.6790, Masked: 2.1848, Reg: 0.083860
Epoch [16/85], Total Loss: 1.9543, NLL: 1.6796, Masked: 2.1851, Reg: 0.084775
Epoch [17/85], Total Loss: 1.9482, NLL: 1.6765, Masked: 2.1804, Reg: 0.082173
Epoch [18/85], Total Loss: 1.9589, NLL: 1.6809, Masked: 2.1941, Reg: 0.087330
Epoch [19/85], Total Loss: 1.9630, NLL: 1.6802, Masked: 2.2000, Reg: 0.091497
Epoch [20/85], Total Loss: 1.9795, NLL: 1.6833, Masked: 2.2659, Reg: 0.099269
Epoch [21/85], Total Loss: 1.9617, NLL: 1.6788, Masked: 2.1910, Reg: 0.092487
Epoch [22/85], Total Loss: 1.9584, NLL: 1.6783, Masked: 2.1852, Reg: 0.090114
Epoch [23/85], Total Loss: 1.9481, NLL: 1.6749, Masked: 2.1786, Reg: 0.083924
Epoch [24/85], Total Loss: 1.9490, NLL: 1.6746, Masked: 2.1773, Reg: 0.085085
Epoch [25/85], Total Loss: 1.9465, NLL: 1.6736, Masked: 2.1784, Reg: 0.083588
Epoch [26/85], Total Loss: 1.9497, NLL: 1.6758, Masked: 2.1807, Reg: 0.084436
Epoch [27/85], Total Loss: 1.9434, NLL: 1.6729, Masked: 2.1775, Reg: 0.081318
Epoch [28/85], Total Loss: 1.9432, NLL: 1.6730, Masked: 2.1706, Reg: 0.081500
Epoch [29/85], Total Loss: 1.9488, NLL: 1.6752, Masked: 2.1778, Reg: 0.084310
Epoch [30/85], Total Loss: 1.9565, NLL: 1.6767, Masked: 2.1881, Reg: 0.089636
Epoch [31/85], Total Loss: 1.9684, NLL: 1.6817, Masked: 2.1936, Reg: 0.096071
Epoch [32/85], Total Loss: 1.9539, NLL: 1.6747, Masked: 2.1809, Reg: 0.089650
Epoch [33/85], Total Loss: 1.9509, NLL: 1.6732, Masked: 2.1793, Reg: 0.088308
Epoch [34/85], Total Loss: 1.9569, NLL: 1.6766, Masked: 2.1861, Reg: 0.090246
Epoch [35/85], Total Loss: 1.9622, NLL: 1.6799, Masked: 2.1949, Reg: 0.091579
Epoch [36/85], Total Loss: 1.9597, NLL: 1.6787, Masked: 2.1876, Reg: 0.090905
Epoch [37/85], Total Loss: 1.9421, NLL: 1.6716, Masked: 2.1701, Reg: 0.081857
Epoch [38/85], Total Loss: 1.9492, NLL: 1.6761, Masked: 2.1792, Reg: 0.083673
Epoch [39/85], Total Loss: 1.9484, NLL: 1.6749, Masked: 2.1808, Reg: 0.083953
Epoch [40/85], Total Loss: 1.9471, NLL: 1.6732, Masked: 2.1749, Reg: 0.084796
Epoch [41/85], Total Loss: 1.9413, NLL: 1.6720, Masked: 2.1808, Reg: 0.079750
Epoch [42/85], Total Loss: 1.9677, NLL: 1.6785, Masked: 2.2712, Reg: 0.091722
Epoch [43/85], Total Loss: 1.9691, NLL: 1.6805, Masked: 2.1941, Reg: 0.097853
Epoch [44/85], Total Loss: 1.9674, NLL: 1.6809, Masked: 2.1954, Reg: 0.095679
Epoch [45/85], Total Loss: 1.9575, NLL: 1.6768, Masked: 2.1851, Reg: 0.090776
Epoch [46/85], Total Loss: 1.9430, NLL: 1.6727, Masked: 2.1777, Reg: 0.080975
Epoch [47/85], Total Loss: 1.9598, NLL: 1.6814, Masked: 2.1924, Reg: 0.087879
Epoch [48/85], Total Loss: 1.9777, NLL: 1.6854, Masked: 2.2853, Reg: 0.093700
Epoch [49/85], Total Loss: 1.9529, NLL: 1.6761, Masked: 2.1869, Reg: 0.086733
Epoch [50/85], Total Loss: 1.9605, NLL: 1.6797, Masked: 2.1900, Reg: 0.090549
Epoch [51/85], Total Loss: 1.9630, NLL: 1.6795, Masked: 2.1876, Reg: 0.093302
Epoch [52/85], Total Loss: 1.9525, NLL: 1.6746, Masked: 2.1832, Reg: 0.088088
Epoch [53/85], Total Loss: 1.9509, NLL: 1.6749, Masked: 2.1776, Reg: 0.086733
Epoch [54/85], Total Loss: 1.9546, NLL: 1.6778, Masked: 2.1875, Reg: 0.086599
Epoch [55/85], Total Loss: 1.9558, NLL: 1.6755, Masked: 2.2123, Reg: 0.088072
Epoch [56/85], Total Loss: 1.9841, NLL: 1.6771, Masked: 2.5312, Reg: 0.087000
Epoch [57/85], Total Loss: 1.9536, NLL: 1.6757, Masked: 2.1857, Reg: 0.087883
Epoch [58/85], Total Loss: 1.9704, NLL: 1.6795, Masked: 2.2999, Reg: 0.091057
Epoch [59/85], Total Loss: 1.9650, NLL: 1.6833, Masked: 2.1911, Reg: 0.091249
Epoch [60/85], Total Loss: 1.9605, NLL: 1.6781, Masked: 2.1902, Reg: 0.091987
Epoch [61/85], Total Loss: 1.9552, NLL: 1.6782, Masked: 2.1860, Reg: 0.086987
Epoch [62/85], Total Loss: 1.9484, NLL: 1.6745, Masked: 2.1803, Reg: 0.084419
Epoch [63/85], Total Loss: 1.9460, NLL: 1.6735, Masked: 2.1760, Reg: 0.083314
Epoch [64/85], Total Loss: 1.9514, NLL: 1.6768, Masked: 2.1861, Reg: 0.084541
Epoch [65/85], Total Loss: 1.9699, NLL: 1.6826, Masked: 2.2116, Reg: 0.095109
Epoch [66/85], Total Loss: 1.9564, NLL: 1.6776, Masked: 2.1886, Reg: 0.088606
Epoch [67/85], Total Loss: 1.9488, NLL: 1.6736, Masked: 2.1809, Reg: 0.085638
Epoch [68/85], Total Loss: 1.9501, NLL: 1.6745, Masked: 2.1838, Reg: 0.085723
Epoch [69/85], Total Loss: 2.1561, NLL: 1.6761, Masked: 4.5044, Reg: 0.088540
Epoch [70/85], Total Loss: 1.9547, NLL: 1.6759, Masked: 2.1877, Reg: 0.088681
Epoch [71/85], Total Loss: 2.6912, NLL: 1.6802, Masked: 10.5660, Reg: 0.092579
Epoch [72/85], Total Loss: 1.9598, NLL: 1.6782, Masked: 2.1891, Reg: 0.091389
Epoch [73/85], Total Loss: 1.9595, NLL: 1.6784, Masked: 2.1874, Reg: 0.091003
Epoch [74/85], Total Loss: 1.9573, NLL: 1.6804, Masked: 2.1909, Reg: 0.086548
Epoch [75/85], Total Loss: 1.9537, NLL: 1.6763, Masked: 2.1875, Reg: 0.087192
Epoch [76/85], Total Loss: 1.9483, NLL: 1.6744, Masked: 2.1782, Reg: 0.084593
Epoch [77/85], Total Loss: 1.9447, NLL: 1.6721, Masked: 2.1772, Reg: 0.083314
Epoch [78/85], Total Loss: 1.9535, NLL: 1.6784, Masked: 2.1903, Reg: 0.084737
Epoch [79/85], Total Loss: 1.9507, NLL: 1.6744, Masked: 2.1784, Reg: 0.086973
Epoch [80/85], Total Loss: 1.9499, NLL: 1.6752, Masked: 2.1860, Reg: 0.084692
Epoch [81/85], Total Loss: 1.9505, NLL: 1.6759, Masked: 2.1888, Reg: 0.084429
Epoch [82/85], Total Loss: 1.9602, NLL: 1.6801, Masked: 2.1930, Reg: 0.089528
Epoch [83/85], Total Loss: 1.9678, NLL: 1.6816, Masked: 2.2003, Reg: 0.094971
Epoch [84/85], Total Loss: 1.9644, NLL: 1.6804, Masked: 2.1957, Reg: 0.093126
Epoch [85/85], Total Loss: 1.9538, NLL: 1.6760, Masked: 2.1829, Reg: 0.088064

==================================================
EVALUATING ON TRAINING DATA
==================================================

==================================================
TEST RESULTS
==================================================
Total Loss: 1.911872
  - ZINB NLL: 1.640394
Total number of masked values: 216889
  - Number of values with pi >= 0.4761364795711115: 0
  - Number of values with pi < 0.4761364795711115: 216889
  - Masked Reconstruction: 2.118431
  - Regularization: 0.087353
Mean Absolute Error (MAE): 1.901881
R² Score: 0.343916
==================================================


==================================================
TEST RESULTS
==================================================
Total Loss: 1.890363
  - ZINB NLL: 1.630422
Total number of masked values: 81977
  - Number of values with pi >= 0.4761364795711115: 0
  - Number of values with pi < 0.4761364795711115: 81977
  - Masked Reconstruction: 1.985687
  - Regularization: 0.087353
Mean Absolute Error (MAE): 1.860374
R² Score: 0.377688
==================================================


>>> Optimizing zinb_nll on VALIDATION set: 1.630422
>>> Full validation metrics: {'total_loss': 1.8903631590073366, 'zinb_nll': 1.6304220077215907, 'mae': 1.8603744506835938, 'r2': 0.377687931060791, 'masked_loss': 1.9856874138475902, 'reg_loss': 0.08735300781249963}

Iteration No: 24 ended. Search finished for the next optimal point.
Time taken: 342.4151
Function value obtained: 1.6304
Current minimum: 1.4505
Iteration No: 25 started. Searching for the next optimal point.

================================================================================
Trial with parameters:
  features: Centr
  step_size: 1.0
  bin_size: 50
  sample_fraction: 1.0
  moving_average: False
  first_layer_size_factor: 138
  num_layers: 1
  use_conv: True
  conv_channel: 128
  pool_size: 2
  kernel_size: 7
  epochs: 30
  batch_size: 64
  pi_threshold: 0.37346902970859575
  learning_rate: 0.01
  dropout_rate: 0.4349951902526529
  masked_recon_weight: 0.001
  regularizer: l2
  regularization_weight: 4.2981538226307877e-05
================================================================================

Creating datasets with:
  features: ['Centr']
  bin_size: 50
  moving_average: False
  data_point_length: 40 (from 2000)
  step_size: 40 (from fraction 1.0)
  layers: [np.int64(2208)] (first=2208, num=1)
  stride: 1 (fixed), padding: same (fixed)


Clipping outliers using 95th percentile * 1.5...
strain_yTW001: Clipping values above 134.25 (P95=89.50). Clipped 27529/1193409 values (2.31%)
strain_FD: Clipping values above 71.92 (P95=47.94). Clipped 95791/4127807 values (2.32%)
strain_dnrp: Clipping values above 243.00 (P95=162.00). Clipped 25649/1119454 values (2.29%)
strain_yEK19: Clipping values above 77.10 (P95=51.40). Clipped 83713/3893623 values (2.15%)
strain_yEK23: Clipping values above 72.00 (P95=48.00). Clipped 86381/3558407 values (2.43%)
strain_yWT03a: Clipping values above 15.00 (P95=10.00). Clipped 10602/347679 values (3.05%)
strain_yWT04a: Clipping values above 58.50 (P95=39.00). Clipped 21095/725406 values (2.91%)
strain_ylic137: Clipping values above 142.50 (P95=95.00). Clipped 28746/1112684 values (2.58%)
Standardizing features: ['Centr']
Column order in final array (Dataset/Chrom split): ['Value', 'Centromere_Distance', 'Value_Raw', 'Size_Factor']
Removing 0 empty data points out of 27424
Column order in final array (Dataset/Chrom split): ['Value', 'Centromere_Distance', 'Value_Raw', 'Size_Factor']
Removing 0 empty data points out of 10328
Column order in final array (Dataset/Chrom split): ['Value', 'Centromere_Distance', 'Value_Raw', 'Size_Factor']
Removing 0 empty data points out of 10608
Datasets created:
  Train: (27424, 40, 4), Val: (10328, 40, 4), Test: (10608, 40, 4)

Applied denoising with 15.0% masking
Applied denoising with 15.0% masking
Applied denoising with 15.0% masking
Epoch [1/30], Total Loss: 5.7628, NLL: 1.8012, Masked: 3961.6742, Reg: 0.095386
Epoch [2/30], Total Loss: 1.6181, NLL: 1.6159, Masked: 2.2449, Reg: 0.048107
Epoch [3/30], Total Loss: 1.6178, NLL: 1.6129, Masked: 4.9125, Reg: 0.049847
Epoch [4/30], Total Loss: 1.9506, NLL: 1.6224, Masked: 328.2170, Reg: 0.052355
Epoch [5/30], Total Loss: 2.1178, NLL: 1.6058, Masked: 511.9749, Reg: 0.052906
Epoch [6/30], Total Loss: 1.6218, NLL: 1.6059, Masked: 15.8658, Reg: 0.059501
Epoch [7/30], Total Loss: 1.6154, NLL: 1.5988, Masked: 16.6652, Reg: 0.063355
Epoch [8/30], Total Loss: 1.5961, NLL: 1.5931, Masked: 2.9739, Reg: 0.065708
Epoch [9/30], Total Loss: 1.5846, NLL: 1.5826, Masked: 1.9916, Reg: 0.070564
Epoch [10/30], Total Loss: 1.5715, NLL: 1.5693, Masked: 2.1811, Reg: 0.084153
Epoch [11/30], Total Loss: 1.5600, NLL: 1.5567, Masked: 3.2561, Reg: 0.089966
Epoch [12/30], Total Loss: 5.3873, NLL: 1.7974, Masked: 3589.8998, Reg: 0.102703
Epoch [13/30], Total Loss: 1.5433, NLL: 1.5350, Masked: 8.3037, Reg: 0.104461
Epoch [14/30], Total Loss: 1.5588, NLL: 1.5501, Masked: 8.6842, Reg: 0.107105
Epoch [15/30], Total Loss: 1.5246, NLL: 1.5223, Masked: 2.2393, Reg: 0.109989
Epoch [16/30], Total Loss: 1.5234, NLL: 1.5209, Masked: 2.5060, Reg: 0.105775
Epoch [17/30], Total Loss: 1.5152, NLL: 1.5131, Masked: 2.1368, Reg: 0.101822
Epoch [18/30], Total Loss: 1.5619, NLL: 1.5597, Masked: 2.2291, Reg: 0.111822
Epoch [19/30], Total Loss: 1.5178, NLL: 1.5156, Masked: 2.2512, Reg: 0.100738
Epoch [20/30], Total Loss: 1.5168, NLL: 1.5147, Masked: 2.1149, Reg: 0.105462
Epoch [21/30], Total Loss: 1.5202, NLL: 1.5164, Masked: 3.8447, Reg: 0.107699
Epoch [22/30], Total Loss: 1.5122, NLL: 1.5094, Masked: 2.7882, Reg: 0.105144
Epoch [23/30], Total Loss: 1.5107, NLL: 1.5088, Masked: 1.9765, Reg: 0.107611
Epoch [24/30], Total Loss: 1.5160, NLL: 1.5128, Masked: 3.2587, Reg: 0.100078
Epoch [25/30], Total Loss: 1.5172, NLL: 1.5151, Masked: 2.1431, Reg: 0.108539
Epoch [26/30], Total Loss: 1.5152, NLL: 1.5130, Masked: 2.2199, Reg: 0.102821
Epoch [27/30], Total Loss: 1.5172, NLL: 1.5150, Masked: 2.1541, Reg: 0.106112
Epoch [28/30], Total Loss: 1.5184, NLL: 1.5162, Masked: 2.1746, Reg: 0.111819
Epoch [29/30], Total Loss: 1.5176, NLL: 1.5153, Masked: 2.3354, Reg: 0.106566
Epoch [30/30], Total Loss: 1.5198, NLL: 1.5175, Masked: 2.2544, Reg: 0.105238

==================================================
EVALUATING ON TRAINING DATA
==================================================

==================================================
TEST RESULTS
==================================================
Total Loss: 1.455320
  - ZINB NLL: 1.453288
Total number of masked values: 128983
  - Number of values with pi >= 0.37346902970859575: 0
  - Number of values with pi < 0.37346902970859575: 128983
  - Masked Reconstruction: 2.031660
  - Regularization: 0.091805
Mean Absolute Error (MAE): 1.882631
R² Score: -4558.685059
==================================================


==================================================
TEST RESULTS
==================================================
Total Loss: 1.458177
  - ZINB NLL: 1.456400
Total number of masked values: 48628
  - Number of values with pi >= 0.37346902970859575: 0
  - Number of values with pi < 0.37346902970859575: 48628
  - Masked Reconstruction: 1.776972
  - Regularization: 0.091805
Mean Absolute Error (MAE): 1.322094
R² Score: 0.714258
==================================================


>>> Optimizing zinb_nll on VALIDATION set: 1.456400
>>> Full validation metrics: {'total_loss': 1.4581770245000247, 'zinb_nll': 1.4564000503856207, 'mae': 1.3220943212509155, 'r2': 0.7142575979232788, 'masked_loss': 1.7769716432351275, 'reg_loss': 0.09180453613218514}

Iteration No: 25 ended. Search finished for the next optimal point.
Time taken: 110.9370
Function value obtained: 1.4564
Current minimum: 1.4505
Iteration No: 26 started. Searching for the next optimal point.

================================================================================
Trial with parameters:
  features: Centr_Nucl
  step_size: 0.9491358372053194
  bin_size: 23
  sample_fraction: 0.3740817140348838
  moving_average: False
  first_layer_size_factor: 129
  num_layers: 3
  use_conv: True
  conv_channel: 36
  pool_size: 7
  kernel_size: 5
  epochs: 34
  batch_size: 64
  pi_threshold: 0.3
  learning_rate: 3.1040427555437236e-05
  dropout_rate: 0.46252517357325446
  masked_recon_weight: 0.0018860989338409118
  regularizer: none
  regularization_weight: 0.0001364563630974065
================================================================================

Creating datasets with:
  features: ['Centr', 'Nucl']
  bin_size: 23
  moving_average: False
  data_point_length: 86 (from 2000)
  step_size: 81 (from fraction 0.9491358372053194)
  layers: [np.int64(2064), np.int64(1032), np.int64(516)] (first=2064, num=3)
  stride: 1 (fixed), padding: same (fixed)


Clipping outliers using 95th percentile * 1.5...
strain_yTW001: Clipping values above 134.25 (P95=89.50). Clipped 27529/1193409 values (2.31%)
strain_FD: Clipping values above 71.92 (P95=47.94). Clipped 95791/4127807 values (2.32%)
strain_dnrp: Clipping values above 243.00 (P95=162.00). Clipped 25649/1119454 values (2.29%)
strain_yEK19: Clipping values above 77.10 (P95=51.40). Clipped 83713/3893623 values (2.15%)
strain_yEK23: Clipping values above 72.00 (P95=48.00). Clipped 86381/3558407 values (2.43%)
strain_yWT03a: Clipping values above 15.00 (P95=10.00). Clipped 10602/347679 values (3.05%)
strain_yWT04a: Clipping values above 58.50 (P95=39.00). Clipped 21095/725406 values (2.91%)
strain_ylic137: Clipping values above 142.50 (P95=95.00). Clipped 28746/1112684 values (2.58%)
Standardizing features: ['Centr', 'Nucl']
Column order in final array (Dataset/Chrom split): ['Value', 'Nucleosome_Distance', 'Centromere_Distance', 'Value_Raw', 'Size_Factor']
Removing 0 empty data points out of 29416
Column order in final array (Dataset/Chrom split): ['Value', 'Nucleosome_Distance', 'Centromere_Distance', 'Value_Raw', 'Size_Factor']
Removing 0 empty data points out of 11080
Column order in final array (Dataset/Chrom split): ['Value', 'Nucleosome_Distance', 'Centromere_Distance', 'Value_Raw', 'Size_Factor']
Removing 0 empty data points out of 11384
Datasets created:
  Train: (29416, 86, 5), Val: (11080, 86, 5), Test: (11384, 86, 5)

Randomly sampled 11003/29416 samples (37.4%)
Applied denoising with 15.0% masking
Applied denoising with 15.0% masking
Applied denoising with 15.0% masking
Epoch [1/34], Total Loss: 2.2219, NLL: 2.2041, Masked: 9.4252
Epoch [2/34], Total Loss: 1.8563, NLL: 1.8508, Masked: 2.9204
Epoch [3/34], Total Loss: 1.8121, NLL: 1.8067, Masked: 2.8417
Epoch [4/34], Total Loss: 1.7878, NLL: 1.7824, Masked: 2.8345
Epoch [5/34], Total Loss: 1.7762, NLL: 1.7708, Masked: 2.8603
Epoch [6/34], Total Loss: 1.7688, NLL: 1.7634, Masked: 2.8505
Epoch [7/34], Total Loss: 1.7629, NLL: 1.7576, Masked: 2.8339
Epoch [8/34], Total Loss: 1.7591, NLL: 1.7538, Masked: 2.8285
Epoch [9/34], Total Loss: 1.7556, NLL: 1.7503, Masked: 2.8154
Epoch [10/34], Total Loss: 1.7556, NLL: 1.7503, Masked: 2.8193
Epoch [11/34], Total Loss: 1.7533, NLL: 1.7480, Masked: 2.8185
Epoch [12/34], Total Loss: 1.7524, NLL: 1.7471, Masked: 2.8107
Epoch [13/34], Total Loss: 1.7512, NLL: 1.7459, Masked: 2.8149
Epoch [14/34], Total Loss: 1.7502, NLL: 1.7449, Masked: 2.8094
Epoch [15/34], Total Loss: 1.7499, NLL: 1.7446, Masked: 2.8056
Epoch [16/34], Total Loss: 1.7490, NLL: 1.7437, Masked: 2.8071
Epoch [17/34], Total Loss: 1.7486, NLL: 1.7433, Masked: 2.8010
Epoch [18/34], Total Loss: 1.7482, NLL: 1.7429, Masked: 2.8039
Epoch [19/34], Total Loss: 1.7478, NLL: 1.7425, Masked: 2.8040
Epoch [20/34], Total Loss: 1.7474, NLL: 1.7422, Masked: 2.7948
Epoch [21/34], Total Loss: 1.7469, NLL: 1.7416, Masked: 2.7981
Epoch [22/34], Total Loss: 1.7468, NLL: 1.7415, Masked: 2.7925
Epoch [23/34], Total Loss: 1.7458, NLL: 1.7405, Masked: 2.7907
Epoch [24/34], Total Loss: 1.7460, NLL: 1.7408, Masked: 2.7908
Epoch [25/34], Total Loss: 1.7458, NLL: 1.7405, Masked: 2.7930
Epoch [26/34], Total Loss: 1.7453, NLL: 1.7401, Masked: 2.7868
Epoch [27/34], Total Loss: 1.7457, NLL: 1.7405, Masked: 2.7872
Epoch [28/34], Total Loss: 1.7448, NLL: 1.7395, Masked: 2.7868
Epoch [29/34], Total Loss: 1.7446, NLL: 1.7394, Masked: 2.7874
Epoch [30/34], Total Loss: 1.7447, NLL: 1.7394, Masked: 2.7851
Epoch [31/34], Total Loss: 1.7444, NLL: 1.7392, Masked: 2.7847
Epoch [32/34], Total Loss: 1.7445, NLL: 1.7393, Masked: 2.7857
Epoch [33/34], Total Loss: 1.7441, NLL: 1.7389, Masked: 2.7818
Epoch [34/34], Total Loss: 1.7440, NLL: 1.7388, Masked: 2.7827

==================================================
EVALUATING ON TRAINING DATA
==================================================

==================================================
TEST RESULTS
==================================================
Total Loss: 1.740995
  - ZINB NLL: 1.735645
Total number of masked values: 95747
  - Number of values with pi >= 0.3: 0
  - Number of values with pi < 0.3: 95747
  - Masked Reconstruction: 2.836714
Mean Absolute Error (MAE): 2.451725
R² Score: 0.236376
==================================================


==================================================
TEST RESULTS
==================================================
Total Loss: 1.740363
  - ZINB NLL: 1.735435
Total number of masked values: 96560
  - Number of values with pi >= 0.3: 0
  - Number of values with pi < 0.3: 96560
  - Masked Reconstruction: 2.612801
Mean Absolute Error (MAE): 2.428335
R² Score: 0.208190
==================================================


>>> Optimizing zinb_nll on VALIDATION set: 1.735435
>>> Full validation metrics: {'total_loss': 1.7403625268798442, 'zinb_nll': 1.7354345241608602, 'mae': 2.4283347129821777, 'r2': 0.20819002389907837, 'masked_loss': 2.6128011907481112}

Iteration No: 26 ended. Search finished for the next optimal point.
Time taken: 105.5350
Function value obtained: 1.7354
Current minimum: 1.4505
Iteration No: 27 started. Searching for the next optimal point.

================================================================================
Trial with parameters:
  features: Centr_Nucl
  step_size: 0.25
  bin_size: 50
  sample_fraction: 1.0
  moving_average: True
  first_layer_size_factor: 4
  num_layers: 1
  use_conv: True
  conv_channel: 94
  pool_size: 2
  kernel_size: 9
  epochs: 148
  batch_size: 128
  pi_threshold: 0.7
  learning_rate: 0.01
  dropout_rate: 0.0
  masked_recon_weight: 9.999815202726536
  regularizer: none
  regularization_weight: 0.0001582804330405526
================================================================================

Creating datasets with:
  features: ['Centr', 'Nucl']
  bin_size: 50
  moving_average: True
  data_point_length: 2000 (from 2000)
  step_size: 500 (from fraction 0.25)
  layers: [np.int64(64)] (first=64, num=1)
  stride: 1 (fixed), padding: same (fixed)


Clipping outliers using 95th percentile * 1.5...
strain_yTW001: Clipping values above 134.25 (P95=89.50). Clipped 27529/1193409 values (2.31%)
strain_FD: Clipping values above 71.92 (P95=47.94). Clipped 95791/4127807 values (2.32%)
strain_dnrp: Clipping values above 243.00 (P95=162.00). Clipped 25649/1119454 values (2.29%)
strain_yEK19: Clipping values above 77.10 (P95=51.40). Clipped 83713/3893623 values (2.15%)
strain_yEK23: Clipping values above 72.00 (P95=48.00). Clipped 86381/3558407 values (2.43%)
strain_yWT03a: Clipping values above 15.00 (P95=10.00). Clipped 10602/347679 values (3.05%)
strain_yWT04a: Clipping values above 58.50 (P95=39.00). Clipped 21095/725406 values (2.91%)
strain_ylic137: Clipping values above 142.50 (P95=95.00). Clipped 28746/1112684 values (2.58%)
Standardizing features: ['Centr', 'Nucl']
Column order in final array (Dataset/Chrom split): ['Value', 'Nucleosome_Distance', 'Centromere_Distance', 'Value_Raw', 'Size_Factor']
Removing 0 empty data points out of 109344
Column order in final array (Dataset/Chrom split): ['Value', 'Nucleosome_Distance', 'Centromere_Distance', 'Value_Raw', 'Size_Factor']
Removing 0 empty data points out of 41184
Column order in final array (Dataset/Chrom split): ['Value', 'Nucleosome_Distance', 'Centromere_Distance', 'Value_Raw', 'Size_Factor']
Removing 0 empty data points out of 42288
Datasets created:
  Train: (109344, 2000, 5), Val: (41184, 2000, 5), Test: (42288, 2000, 5)

Applied denoising with 15.0% masking
Applied denoising with 15.0% masking
Applied denoising with 15.0% masking
Epoch [1/148], Total Loss: 26.3455, NLL: 2.2459, Masked: 2.4100
Epoch [2/148], Total Loss: 26.0551, NLL: 2.2450, Masked: 2.3811
Epoch [3/148], Total Loss: 26.0525, NLL: 2.2450, Masked: 2.3808
Epoch [4/148], Total Loss: 26.0531, NLL: 2.2450, Masked: 2.3809
Epoch [5/148], Total Loss: 26.0514, NLL: 2.2450, Masked: 2.3807
Epoch [6/148], Total Loss: 26.0519, NLL: 2.2450, Masked: 2.3807
Epoch [7/148], Total Loss: 26.0512, NLL: 2.2450, Masked: 2.3807
Epoch [8/148], Total Loss: 26.0529, NLL: 2.2450, Masked: 2.3808
Epoch [9/148], Total Loss: 26.0548, NLL: 2.2450, Masked: 2.3810
Epoch [10/148], Total Loss: 26.0497, NLL: 2.2450, Masked: 2.3805
Epoch [11/148], Total Loss: 26.0532, NLL: 2.2450, Masked: 2.3809
Epoch [12/148], Total Loss: 26.0534, NLL: 2.2450, Masked: 2.3809
Epoch [13/148], Total Loss: 26.0531, NLL: 2.2450, Masked: 2.3809
Epoch [14/148], Total Loss: 26.0524, NLL: 2.2450, Masked: 2.3808
Epoch [15/148], Total Loss: 26.0508, NLL: 2.2450, Masked: 2.3806
Epoch [16/148], Total Loss: 26.0525, NLL: 2.2450, Masked: 2.3808
Epoch [17/148], Total Loss: 26.0542, NLL: 2.2450, Masked: 2.3810
Epoch [18/148], Total Loss: 26.0520, NLL: 2.2450, Masked: 2.3807
Epoch [19/148], Total Loss: 26.0546, NLL: 2.2450, Masked: 2.3810
Epoch [20/148], Total Loss: 26.0513, NLL: 2.2450, Masked: 2.3807
Epoch [21/148], Total Loss: 26.0525, NLL: 2.2450, Masked: 2.3808
Epoch [22/148], Total Loss: 26.0542, NLL: 2.2450, Masked: 2.3810
Epoch [23/148], Total Loss: 26.0507, NLL: 2.2450, Masked: 2.3806
Epoch [24/148], Total Loss: 26.0511, NLL: 2.2450, Masked: 2.3807
Epoch [25/148], Total Loss: 26.0539, NLL: 2.2450, Masked: 2.3809
Epoch [26/148], Total Loss: 26.0495, NLL: 2.2450, Masked: 2.3805
Epoch [27/148], Total Loss: 26.0536, NLL: 2.2450, Masked: 2.3809
Epoch [28/148], Total Loss: 26.0525, NLL: 2.2450, Masked: 2.3808
Epoch [29/148], Total Loss: 26.0505, NLL: 2.2450, Masked: 2.3806
Epoch [30/148], Total Loss: 26.0504, NLL: 2.2450, Masked: 2.3806
Epoch [31/148], Total Loss: 26.0501, NLL: 2.2450, Masked: 2.3806
Epoch [32/148], Total Loss: 26.0541, NLL: 2.2450, Masked: 2.3810
Epoch [33/148], Total Loss: 26.0499, NLL: 2.2450, Masked: 2.3805
Epoch [34/148], Total Loss: 26.0515, NLL: 2.2450, Masked: 2.3807
Epoch [35/148], Total Loss: 26.0550, NLL: 2.2450, Masked: 2.3810
Epoch [36/148], Total Loss: 26.0505, NLL: 2.2450, Masked: 2.3806
Epoch [37/148], Total Loss: 26.0543, NLL: 2.2450, Masked: 2.3810
Epoch [38/148], Total Loss: 26.0530, NLL: 2.2450, Masked: 2.3808
Epoch [39/148], Total Loss: 26.0519, NLL: 2.2450, Masked: 2.3807
Epoch [40/148], Total Loss: 26.0523, NLL: 2.2450, Masked: 2.3808
Epoch [41/148], Total Loss: 26.0508, NLL: 2.2450, Masked: 2.3806
Epoch [42/148], Total Loss: 26.0549, NLL: 2.2450, Masked: 2.3810
Epoch [43/148], Total Loss: 26.0530, NLL: 2.2450, Masked: 2.3809
Epoch [44/148], Total Loss: 26.0512, NLL: 2.2450, Masked: 2.3807
Epoch [45/148], Total Loss: 26.0530, NLL: 2.2450, Masked: 2.3808
Epoch [46/148], Total Loss: 26.0516, NLL: 2.2450, Masked: 2.3807
Epoch [47/148], Total Loss: 26.0533, NLL: 2.2450, Masked: 2.3809
Epoch [48/148], Total Loss: 26.0524, NLL: 2.2450, Masked: 2.3808
Epoch [49/148], Total Loss: 26.0514, NLL: 2.2450, Masked: 2.3807
Epoch [50/148], Total Loss: 26.0524, NLL: 2.2450, Masked: 2.3808
Epoch [51/148], Total Loss: 26.0496, NLL: 2.2450, Masked: 2.3805
Epoch [52/148], Total Loss: 26.0525, NLL: 2.2450, Masked: 2.3808
Epoch [53/148], Total Loss: 26.0534, NLL: 2.2450, Masked: 2.3809
Epoch [54/148], Total Loss: 26.0517, NLL: 2.2450, Masked: 2.3807
Epoch [55/148], Total Loss: 26.0516, NLL: 2.2450, Masked: 2.3807
Epoch [56/148], Total Loss: 26.0497, NLL: 2.2450, Masked: 2.3805
Epoch [57/148], Total Loss: 26.0518, NLL: 2.2450, Masked: 2.3807
Epoch [58/148], Total Loss: 26.0538, NLL: 2.2450, Masked: 2.3809
Epoch [59/148], Total Loss: 26.0532, NLL: 2.2450, Masked: 2.3809
Epoch [60/148], Total Loss: 26.0539, NLL: 2.2450, Masked: 2.3809
Epoch [61/148], Total Loss: 26.0542, NLL: 2.2450, Masked: 2.3810
Epoch [62/148], Total Loss: 26.0525, NLL: 2.2450, Masked: 2.3808
Epoch [63/148], Total Loss: 26.0527, NLL: 2.2450, Masked: 2.3808
Epoch [64/148], Total Loss: 26.0515, NLL: 2.2450, Masked: 2.3807
Epoch [65/148], Total Loss: 26.0511, NLL: 2.2450, Masked: 2.3807
Epoch [66/148], Total Loss: 26.0529, NLL: 2.2450, Masked: 2.3808
Epoch [67/148], Total Loss: 26.0518, NLL: 2.2450, Masked: 2.3807
Epoch [68/148], Total Loss: 26.0525, NLL: 2.2450, Masked: 2.3808
Epoch [69/148], Total Loss: 26.0535, NLL: 2.2450, Masked: 2.3809
Epoch [70/148], Total Loss: 26.0532, NLL: 2.2450, Masked: 2.3809
Epoch [71/148], Total Loss: 26.0498, NLL: 2.2450, Masked: 2.3805
Epoch [72/148], Total Loss: 26.0518, NLL: 2.2450, Masked: 2.3807
Epoch [73/148], Total Loss: 26.0529, NLL: 2.2450, Masked: 2.3808
Epoch [74/148], Total Loss: 26.0509, NLL: 2.2450, Masked: 2.3806
Epoch [75/148], Total Loss: 26.0502, NLL: 2.2450, Masked: 2.3806
Epoch [76/148], Total Loss: 26.0506, NLL: 2.2450, Masked: 2.3806
Epoch [77/148], Total Loss: 26.0514, NLL: 2.2450, Masked: 2.3807
Epoch [78/148], Total Loss: 26.0561, NLL: 2.2450, Masked: 2.3812
Epoch [79/148], Total Loss: 26.0519, NLL: 2.2450, Masked: 2.3807
Epoch [80/148], Total Loss: 26.0531, NLL: 2.2450, Masked: 2.3809
Epoch [81/148], Total Loss: 26.0524, NLL: 2.2450, Masked: 2.3808
Epoch [82/148], Total Loss: 26.0539, NLL: 2.2450, Masked: 2.3809
Epoch [83/148], Total Loss: 26.0498, NLL: 2.2450, Masked: 2.3805
Epoch [84/148], Total Loss: 26.0532, NLL: 2.2450, Masked: 2.3809
Epoch [85/148], Total Loss: 26.0501, NLL: 2.2450, Masked: 2.3806
Epoch [86/148], Total Loss: 26.0513, NLL: 2.2450, Masked: 2.3807
Epoch [87/148], Total Loss: 26.0523, NLL: 2.2450, Masked: 2.3808
Epoch [88/148], Total Loss: 26.0513, NLL: 2.2450, Masked: 2.3807
Epoch [89/148], Total Loss: 26.0524, NLL: 2.2450, Masked: 2.3808
Epoch [90/148], Total Loss: 26.0537, NLL: 2.2450, Masked: 2.3809
Epoch [91/148], Total Loss: 26.0530, NLL: 2.2450, Masked: 2.3808
Epoch [92/148], Total Loss: 26.0515, NLL: 2.2450, Masked: 2.3807
Epoch [93/148], Total Loss: 26.0535, NLL: 2.2450, Masked: 2.3809
Epoch [94/148], Total Loss: 26.0533, NLL: 2.2450, Masked: 2.3809
Epoch [95/148], Total Loss: 26.0538, NLL: 2.2450, Masked: 2.3809
Epoch [96/148], Total Loss: 26.0514, NLL: 2.2450, Masked: 2.3807
Epoch [97/148], Total Loss: 26.0512, NLL: 2.2450, Masked: 2.3807
Epoch [98/148], Total Loss: 26.0538, NLL: 2.2450, Masked: 2.3809
Epoch [99/148], Total Loss: 26.0513, NLL: 2.2450, Masked: 2.3807
Epoch [100/148], Total Loss: 26.0527, NLL: 2.2450, Masked: 2.3808
Epoch [101/148], Total Loss: 26.0530, NLL: 2.2450, Masked: 2.3808
Epoch [102/148], Total Loss: 26.0531, NLL: 2.2450, Masked: 2.3809
Epoch [103/148], Total Loss: 26.0535, NLL: 2.2450, Masked: 2.3809
Epoch [104/148], Total Loss: 26.0538, NLL: 2.2450, Masked: 2.3809
Epoch [105/148], Total Loss: 26.0531, NLL: 2.2450, Masked: 2.3809
Epoch [106/148], Total Loss: 26.0542, NLL: 2.2450, Masked: 2.3810
Epoch [107/148], Total Loss: 26.0547, NLL: 2.2450, Masked: 2.3810
Epoch [108/148], Total Loss: 26.0558, NLL: 2.2450, Masked: 2.3811
Epoch [109/148], Total Loss: 26.0540, NLL: 2.2450, Masked: 2.3810
Epoch [110/148], Total Loss: 26.0535, NLL: 2.2450, Masked: 2.3809
Epoch [111/148], Total Loss: 26.0513, NLL: 2.2450, Masked: 2.3807
Epoch [112/148], Total Loss: 26.0530, NLL: 2.2450, Masked: 2.3808
Epoch [113/148], Total Loss: 26.0530, NLL: 2.2450, Masked: 2.3808
Epoch [114/148], Total Loss: 26.0542, NLL: 2.2450, Masked: 2.3810
Epoch [115/148], Total Loss: 26.0530, NLL: 2.2450, Masked: 2.3808
Epoch [116/148], Total Loss: 26.0514, NLL: 2.2450, Masked: 2.3807
Epoch [117/148], Total Loss: 26.0536, NLL: 2.2450, Masked: 2.3809
Epoch [118/148], Total Loss: 26.0541, NLL: 2.2450, Masked: 2.3810
Epoch [119/148], Total Loss: 26.0542, NLL: 2.2450, Masked: 2.3810
Epoch [120/148], Total Loss: 26.0524, NLL: 2.2450, Masked: 2.3808
Epoch [121/148], Total Loss: 26.0519, NLL: 2.2450, Masked: 2.3807
Epoch [122/148], Total Loss: 26.0505, NLL: 2.2450, Masked: 2.3806
Epoch [123/148], Total Loss: 26.0521, NLL: 2.2450, Masked: 2.3808
Epoch [124/148], Total Loss: 26.0505, NLL: 2.2450, Masked: 2.3806
Epoch [125/148], Total Loss: 26.0524, NLL: 2.2450, Masked: 2.3808
Epoch [126/148], Total Loss: 26.0537, NLL: 2.2450, Masked: 2.3809
Epoch [127/148], Total Loss: 26.0531, NLL: 2.2450, Masked: 2.3809
Epoch [128/148], Total Loss: 26.0546, NLL: 2.2450, Masked: 2.3810
Epoch [129/148], Total Loss: 26.0504, NLL: 2.2450, Masked: 2.3806
Epoch [130/148], Total Loss: 26.0510, NLL: 2.2450, Masked: 2.3806
Epoch [131/148], Total Loss: 26.0552, NLL: 2.2450, Masked: 2.3811
Epoch [132/148], Total Loss: 26.0523, NLL: 2.2450, Masked: 2.3808
Epoch [133/148], Total Loss: 26.0538, NLL: 2.2450, Masked: 2.3809
Epoch [134/148], Total Loss: 26.0509, NLL: 2.2450, Masked: 2.3806
Epoch [135/148], Total Loss: 26.0530, NLL: 2.2450, Masked: 2.3808
Epoch [136/148], Total Loss: 26.0497, NLL: 2.2450, Masked: 2.3805
Epoch [137/148], Total Loss: 26.0529, NLL: 2.2450, Masked: 2.3808
Epoch [138/148], Total Loss: 26.0533, NLL: 2.2450, Masked: 2.3809
Epoch [139/148], Total Loss: 26.0516, NLL: 2.2450, Masked: 2.3807
Epoch [140/148], Total Loss: 26.0513, NLL: 2.2450, Masked: 2.3807
Epoch [141/148], Total Loss: 26.0534, NLL: 2.2450, Masked: 2.3809
Epoch [142/148], Total Loss: 26.0545, NLL: 2.2450, Masked: 2.3810
Epoch [143/148], Total Loss: 26.0495, NLL: 2.2450, Masked: 2.3805
Epoch [144/148], Total Loss: 26.0521, NLL: 2.2450, Masked: 2.3808
Epoch [145/148], Total Loss: 26.0532, NLL: 2.2450, Masked: 2.3809
Epoch [146/148], Total Loss: 26.0552, NLL: 2.2450, Masked: 2.3811
Epoch [147/148], Total Loss: 26.0527, NLL: 2.2450, Masked: 2.3808
Epoch [148/148], Total Loss: 26.0520, NLL: 2.2450, Masked: 2.3807

==================================================
EVALUATING ON TRAINING DATA
==================================================

==================================================
TEST RESULTS
==================================================
Total Loss: 26.054584
  - ZINB NLL: 2.244958
Total number of masked values: 27649108
  - Number of values with pi >= 0.7: 0
  - Number of values with pi < 0.7: 27649108
  - Masked Reconstruction: 2.381007
Mean Absolute Error (MAE): 2.164205
R² Score: -0.071800
==================================================


==================================================
TEST RESULTS
==================================================
Total Loss: 24.441213
  - ZINB NLL: 2.215646
Total number of masked values: 10424240
  - Number of values with pi >= 0.7: 0
  - Number of values with pi < 0.7: 10424240
  - Masked Reconstruction: 2.222598
Mean Absolute Error (MAE): 2.122668
R² Score: -0.076136
==================================================


>>> Optimizing zinb_nll on VALIDATION set: 2.215646
>>> Full validation metrics: {'total_loss': 24.44121323283921, 'zinb_nll': 2.21564591162503, 'mae': 2.1226677894592285, 'r2': -0.07613646984100342, 'masked_loss': 2.2225978594930393}

Iteration No: 27 ended. Search finished for the next optimal point.
Time taken: 1914.9791
Function value obtained: 2.2156
Current minimum: 1.4505
Iteration No: 28 started. Searching for the next optimal point.

================================================================================
Trial with parameters:
  features: Nucl
  step_size: 0.5201252030199426
  bin_size: 1
  sample_fraction: 0.6617629152179055
  moving_average: True
  first_layer_size_factor: 119
  num_layers: 3
  use_conv: False
  conv_channel: 128
  pool_size: 2
  kernel_size: 7
  epochs: 135
  batch_size: 32
  pi_threshold: 0.7
  learning_rate: 0.0005925913305226823
  dropout_rate: 0.5
  masked_recon_weight: 10.0
  regularizer: l2
  regularization_weight: 1e-05
================================================================================

Creating datasets with:
  features: ['Nucl']
  bin_size: 1
  moving_average: True
  data_point_length: 2000 (from 2000)
  step_size: 1040 (from fraction 0.5201252030199426)
  layers: [np.int64(1904), np.int64(952), np.int64(476)] (first=1904, num=3)
  stride: 1 (fixed), padding: same (fixed)


Clipping outliers using 95th percentile * 1.5...
strain_yTW001: Clipping values above 134.25 (P95=89.50). Clipped 27529/1193409 values (2.31%)
strain_FD: Clipping values above 71.92 (P95=47.94). Clipped 95791/4127807 values (2.32%)
strain_dnrp: Clipping values above 243.00 (P95=162.00). Clipped 25649/1119454 values (2.29%)
strain_yEK19: Clipping values above 77.10 (P95=51.40). Clipped 83713/3893623 values (2.15%)
strain_yEK23: Clipping values above 72.00 (P95=48.00). Clipped 86381/3558407 values (2.43%)
strain_yWT03a: Clipping values above 15.00 (P95=10.00). Clipped 10602/347679 values (3.05%)
strain_yWT04a: Clipping values above 58.50 (P95=39.00). Clipped 21095/725406 values (2.91%)
strain_ylic137: Clipping values above 142.50 (P95=95.00). Clipped 28746/1112684 values (2.58%)
Standardizing features: ['Nucl']
Column order in final array (Dataset/Chrom split): ['Value', 'Nucleosome_Distance', 'Value_Raw', 'Size_Factor']
Removing 0 empty data points out of 52632
Column order in final array (Dataset/Chrom split): ['Value', 'Nucleosome_Distance', 'Value_Raw', 'Size_Factor']
Removing 0 empty data points out of 19824
Column order in final array (Dataset/Chrom split): ['Value', 'Nucleosome_Distance', 'Value_Raw', 'Size_Factor']
Removing 0 empty data points out of 20352
Datasets created:
  Train: (52632, 2000, 4), Val: (19824, 2000, 4), Test: (20352, 2000, 4)

Randomly sampled 34829/52632 samples (66.2%)
Applied denoising with 15.0% masking
Applied denoising with 15.0% masking
Applied denoising with 15.0% masking
Epoch [1/135], Total Loss: 135.0191, NLL: 1.4908, Masked: 13.3528, Reg: 0.099652
Epoch [2/135], Total Loss: 2346.2430, NLL: 1.2846, Masked: 234.4958, Reg: 0.101621
Epoch [3/135], Total Loss: 3105.4649, NLL: 1.2271, Masked: 310.4238, Reg: 0.115954
Epoch [4/135], Total Loss: 3426.7406, NLL: 1.1912, Masked: 342.5550, Reg: 0.135957
Epoch [5/135], Total Loss: 26275.8748, NLL: 1.1739, Masked: 2627.4701, Reg: 0.156172
Epoch [6/135], Total Loss: 8303.8492, NLL: 1.1151, Masked: 830.2734, Reg: 0.171178
Epoch [7/135], Total Loss: 136.7316, NLL: 1.0647, Masked: 13.5667, Reg: 0.170954
Epoch [8/135], Total Loss: 136.4800, NLL: 1.0607, Masked: 13.5419, Reg: 0.166792
Epoch [9/135], Total Loss: 2539.4358, NLL: 1.0825, Masked: 253.8353, Reg: 0.167782
Epoch [10/135], Total Loss: 30367.4597, NLL: 1.0695, Masked: 3036.6391, Reg: 0.173397
Epoch [11/135], Total Loss: 128156.1881, NLL: 1.0719, Masked: 12815.5120, Reg: 0.169699
Epoch [12/135], Total Loss: 139.3976, NLL: 1.0811, Masked: 13.8316, Reg: 0.165030
Epoch [13/135], Total Loss: 481.2894, NLL: 1.0651, Masked: 48.0224, Reg: 0.162782
Epoch [14/135], Total Loss: 138.1533, NLL: 1.0693, Masked: 13.7084, Reg: 0.157405
Epoch [15/135], Total Loss: 37679.6622, NLL: 1.0820, Masked: 3767.8580, Reg: 0.158019
Epoch [16/135], Total Loss: 2789.8218, NLL: 1.0661, Masked: 278.8756, Reg: 0.154797
Epoch [17/135], Total Loss: 190205.5459, NLL: 1.0661, Masked: 19020.4479, Reg: 0.148879
Epoch [18/135], Total Loss: 2977.3226, NLL: 1.0848, Masked: 297.6238, Reg: 0.152477
Epoch [19/135], Total Loss: 38234.1912, NLL: 1.0824, Masked: 3823.3109, Reg: 0.152383
Epoch [20/135], Total Loss: 100504.0245, NLL: 1.0824, Masked: 10050.2947, Reg: 0.156799
Epoch [21/135], Total Loss: 89789.6248, NLL: 1.0764, Masked: 8978.8544, Reg: 0.158053
Epoch [22/135], Total Loss: 39059.1495, NLL: 1.0589, Masked: 3905.8090, Reg: 0.151708
Epoch [23/135], Total Loss: 2977.0568, NLL: 1.0791, Masked: 297.5978, Reg: 0.150511
Epoch [24/135], Total Loss: 19827.7161, NLL: 1.0759, Masked: 1982.6641, Reg: 0.156827
Epoch [25/135], Total Loss: 161421.6788, NLL: 1.0687, Masked: 16142.0609, Reg: 0.158125
Epoch [26/135], Total Loss: 139.7973, NLL: 1.0612, Masked: 13.8736, Reg: 0.156760
Epoch [27/135], Total Loss: 2452.9582, NLL: 1.0626, Masked: 245.1896, Reg: 0.149650
Epoch [28/135], Total Loss: 11480.6395, NLL: 1.0655, Masked: 1147.9574, Reg: 0.145282
Epoch [29/135], Total Loss: 11071.0627, NLL: 1.0688, Masked: 1106.9994, Reg: 0.147738
Epoch [30/135], Total Loss: 142.3561, NLL: 1.0593, Masked: 14.1297, Reg: 0.142076
Epoch [31/135], Total Loss: 136.1040, NLL: 1.0645, Masked: 13.5040, Reg: 0.138388
Epoch [32/135], Total Loss: 136.6359, NLL: 1.0545, Masked: 13.5581, Reg: 0.131756
Epoch [33/135], Total Loss: 136.6228, NLL: 1.0605, Masked: 13.5562, Reg: 0.129340
Epoch [34/135], Total Loss: 136.4929, NLL: 1.0618, Masked: 13.5431, Reg: 0.127598
Epoch [35/135], Total Loss: 136.3677, NLL: 1.0524, Masked: 13.5315, Reg: 0.126619
Epoch [36/135], Total Loss: 224.5103, NLL: 1.0511, Masked: 22.3459, Reg: 0.123552
Epoch [37/135], Total Loss: 139.4362, NLL: 1.0689, Masked: 13.8367, Reg: 0.130868
Epoch [38/135], Total Loss: 81686.5964, NLL: 1.0821, Masked: 8168.5515, Reg: 0.135254
Epoch [39/135], Total Loss: 9196.0618, NLL: 1.0651, Masked: 919.4997, Reg: 0.129569
Epoch [40/135], Total Loss: 136.5998, NLL: 1.0533, Masked: 13.5546, Reg: 0.122791
Epoch [41/135], Total Loss: 5455.7523, NLL: 1.0566, Masked: 545.4695, Reg: 0.121488
Epoch [42/135], Total Loss: 6175.1662, NLL: 1.0546, Masked: 617.4112, Reg: 0.122882
Epoch [43/135], Total Loss: 136.4488, NLL: 1.0573, Masked: 13.5392, Reg: 0.126923
Epoch [44/135], Total Loss: 22555.6697, NLL: 1.0477, Masked: 2255.4622, Reg: 0.120882
Epoch [45/135], Total Loss: 93885.7827, NLL: 1.0622, Masked: 9388.4726, Reg: 0.120328
Epoch [46/135], Total Loss: 1899.9521, NLL: 1.0589, Masked: 189.8893, Reg: 0.125931
Epoch [47/135], Total Loss: 137.9847, NLL: 1.0496, Masked: 13.6935, Reg: 0.127036
Epoch [48/135], Total Loss: 3475.7832, NLL: 1.0495, Masked: 347.4734, Reg: 0.125951
Epoch [49/135], Total Loss: 3940.0224, NLL: 1.0450, Masked: 393.8977, Reg: 0.121803
Epoch [50/135], Total Loss: 71685.8721, NLL: 1.0534, Masked: 7168.4818, Reg: 0.123851
Epoch [51/135], Total Loss: 7691.7143, NLL: 1.0531, Masked: 769.0661, Reg: 0.124785
Epoch [52/135], Total Loss: 136.5109, NLL: 1.0532, Masked: 13.5458, Reg: 0.124036
Epoch [53/135], Total Loss: 136.6619, NLL: 1.0471, Masked: 13.5615, Reg: 0.120294
Epoch [54/135], Total Loss: 158.3351, NLL: 1.0473, Masked: 15.7288, Reg: 0.114538
Epoch [55/135], Total Loss: 91605.1238, NLL: 1.0599, Masked: 9160.4066, Reg: 0.126191
Epoch [56/135], Total Loss: 34213.8382, NLL: 1.0618, Masked: 3421.2777, Reg: 0.127307
Epoch [57/135], Total Loss: 4865.9362, NLL: 1.0579, Masked: 486.4878, Reg: 0.128916
Epoch [58/135], Total Loss: 136.7301, NLL: 1.0519, Masked: 13.5678, Reg: 0.127166
Epoch [59/135], Total Loss: 16846.8030, NLL: 1.0569, Masked: 1684.5746, Reg: 0.128450
Epoch [60/135], Total Loss: 136.4091, NLL: 1.0467, Masked: 13.5362, Reg: 0.125053
Epoch [61/135], Total Loss: 136.3207, NLL: 1.0494, Masked: 13.5271, Reg: 0.121794
Epoch [62/135], Total Loss: 9912.0272, NLL: 1.0550, Masked: 991.0972, Reg: 0.125125
Epoch [63/135], Total Loss: 36574.9581, NLL: 1.0539, Masked: 3657.3906, Reg: 0.122193
Epoch [64/135], Total Loss: 11220.7081, NLL: 1.0520, Masked: 1121.9656, Reg: 0.122599
Epoch [65/135], Total Loss: 32500.1174, NLL: 1.0503, Masked: 3249.9067, Reg: 0.123666
Epoch [66/135], Total Loss: 136.4765, NLL: 1.0475, Masked: 13.5429, Reg: 0.120742
Epoch [67/135], Total Loss: 53513.7499, NLL: 1.0480, Masked: 5351.2703, Reg: 0.116222
Epoch [68/135], Total Loss: 27576.5094, NLL: 1.0527, Masked: 2757.5456, Reg: 0.123975
Epoch [69/135], Total Loss: 136.5850, NLL: 1.0459, Masked: 13.5539, Reg: 0.125172
Epoch [70/135], Total Loss: 136.5489, NLL: 1.0501, Masked: 13.5499, Reg: 0.124638
Epoch [71/135], Total Loss: 6477.3607, NLL: 1.0466, Masked: 647.6314, Reg: 0.122725
Epoch [72/135], Total Loss: 2371.0639, NLL: 1.0405, Masked: 237.0024, Reg: 0.114914
Epoch [73/135], Total Loss: 136.1977, NLL: 1.0498, Masked: 13.5148, Reg: 0.117578
Epoch [74/135], Total Loss: 5674.7842, NLL: 1.0506, Masked: 567.3733, Reg: 0.125610
Epoch [75/135], Total Loss: 3421.4146, NLL: 1.0438, Masked: 342.0371, Reg: 0.118184
Epoch [76/135], Total Loss: 136.2792, NLL: 1.0490, Masked: 13.5230, Reg: 0.120208
Epoch [77/135], Total Loss: 87226.8097, NLL: 1.0518, Masked: 8722.5757, Reg: 0.120428
Epoch [78/135], Total Loss: 75906.2357, NLL: 1.0527, Masked: 7590.5183, Reg: 0.124035
Epoch [79/135], Total Loss: 32901.0863, NLL: 1.0596, Masked: 3290.0026, Reg: 0.120723
Epoch [80/135], Total Loss: 137.4916, NLL: 1.0546, Masked: 13.6437, Reg: 0.122954
Epoch [81/135], Total Loss: 13437.0333, NLL: 1.0633, Masked: 1343.5970, Reg: 0.130602
Epoch [82/135], Total Loss: 138.3818, NLL: 1.0440, Masked: 13.7338, Reg: 0.125277
Epoch [83/135], Total Loss: 145.9300, NLL: 1.0680, Masked: 14.4862, Reg: 0.129091
Epoch [84/135], Total Loss: 14595.1120, NLL: 1.0580, Masked: 1459.4054, Reg: 0.125770
Epoch [85/135], Total Loss: 8272.4342, NLL: 1.0682, Masked: 827.1366, Reg: 0.141839
Epoch [86/135], Total Loss: 136.5509, NLL: 1.0500, Masked: 13.5501, Reg: 0.137501
Epoch [87/135], Total Loss: 2741.5646, NLL: 1.0493, Masked: 274.0515, Reg: 0.133485
Epoch [88/135], Total Loss: 136.5685, NLL: 1.0643, Masked: 13.5504, Reg: 0.135808
Epoch [89/135], Total Loss: 33350.6883, NLL: 1.0669, Masked: 3334.9621, Reg: 0.132574
Epoch [90/135], Total Loss: 48523.7064, NLL: 1.0632, Masked: 4852.2644, Reg: 0.134581
Epoch [91/135], Total Loss: 54504.6106, NLL: 1.0625, Masked: 5450.3546, Reg: 0.131821
Epoch [92/135], Total Loss: 140.0276, NLL: 1.0548, Masked: 13.8973, Reg: 0.132165
Epoch [93/135], Total Loss: 150.5780, NLL: 1.0518, Masked: 14.9526, Reg: 0.125833
Epoch [94/135], Total Loss: 136.7217, NLL: 1.0476, Masked: 13.5674, Reg: 0.124937
Epoch [95/135], Total Loss: 136.3897, NLL: 1.0547, Masked: 13.5335, Reg: 0.129889
Epoch [96/135], Total Loss: 135.7556, NLL: 1.0522, Masked: 13.4703, Reg: 0.127302
Epoch [97/135], Total Loss: 5861.9887, NLL: 1.0586, Masked: 586.0930, Reg: 0.131407
Epoch [98/135], Total Loss: 5470.4328, NLL: 1.0479, Masked: 546.9385, Reg: 0.125876
Epoch [99/135], Total Loss: 2840.3206, NLL: 1.0473, Masked: 283.9273, Reg: 0.123708
Epoch [100/135], Total Loss: 108710.2191, NLL: 1.0791, Masked: 10870.9139, Reg: 0.139637
Epoch [101/135], Total Loss: 1455.6258, NLL: 1.0559, Masked: 145.4570, Reg: 0.138130
Epoch [102/135], Total Loss: 5601.9794, NLL: 1.0494, Masked: 560.0930, Reg: 0.134649
Epoch [103/135], Total Loss: 8743.6197, NLL: 1.0503, Masked: 874.2570, Reg: 0.128983
Epoch [104/135], Total Loss: 3200.3187, NLL: 1.0432, Masked: 319.9276, Reg: 0.122984
Epoch [105/135], Total Loss: 54904.5005, NLL: 1.0691, Masked: 5490.3431, Reg: 0.139409
Epoch [106/135], Total Loss: 1404.6770, NLL: 1.0761, Masked: 140.3601, Reg: 0.150576
Epoch [107/135], Total Loss: 146.2054, NLL: 1.0580, Masked: 14.5147, Reg: 0.143071
Epoch [108/135], Total Loss: 7082.1881, NLL: 1.0700, Masked: 708.1118, Reg: 0.140057
Epoch [109/135], Total Loss: 25546.1049, NLL: 1.0630, Masked: 2554.5041, Reg: 0.145684
Epoch [110/135], Total Loss: 136.2033, NLL: 1.0555, Masked: 13.5148, Reg: 0.137420
Epoch [111/135], Total Loss: 30140.1863, NLL: 1.0596, Masked: 3013.9127, Reg: 0.138947
Epoch [112/135], Total Loss: 11424.3042, NLL: 1.0795, Masked: 1142.3225, Reg: 0.149295
Epoch [113/135], Total Loss: 8889.4677, NLL: 1.0769, Masked: 888.8391, Reg: 0.148231
Epoch [114/135], Total Loss: 33789.5534, NLL: 1.0674, Masked: 3378.8486, Reg: 0.153804
Epoch [115/135], Total Loss: 136.0923, NLL: 1.0540, Masked: 13.5038, Reg: 0.139756
Epoch [116/135], Total Loss: 4757.6942, NLL: 1.0639, Masked: 475.6630, Reg: 0.141564
Epoch [117/135], Total Loss: 154000.0794, NLL: 1.0592, Masked: 15399.9020, Reg: 0.139635
Epoch [118/135], Total Loss: 136.0076, NLL: 1.0590, Masked: 13.4949, Reg: 0.143263
Epoch [119/135], Total Loss: 136.6027, NLL: 1.0580, Masked: 13.5545, Reg: 0.148111
Epoch [120/135], Total Loss: 1160.0748, NLL: 1.0623, Masked: 115.9013, Reg: 0.144256
Epoch [121/135], Total Loss: 136136.6818, NLL: 1.0659, Masked: 13613.5620, Reg: 0.142506
Epoch [122/135], Total Loss: 44087.9754, NLL: 1.0601, Masked: 4408.6915, Reg: 0.141864
Epoch [123/135], Total Loss: 142883.7701, NLL: 1.0592, Masked: 14288.2705, Reg: 0.138450
Epoch [124/135], Total Loss: 64239.6391, NLL: 1.0617, Masked: 6423.8579, Reg: 0.142844
Epoch [125/135], Total Loss: 3105.6100, NLL: 1.0581, Masked: 310.4552, Reg: 0.137822
Epoch [126/135], Total Loss: 34246.8824, NLL: 1.0649, Masked: 3424.5817, Reg: 0.144381
Epoch [127/135], Total Loss: 136813.6643, NLL: 1.0583, Masked: 13681.2610, Reg: 0.135621
Epoch [128/135], Total Loss: 2349.1206, NLL: 1.0590, Masked: 234.8062, Reg: 0.133440
Epoch [129/135], Total Loss: 73030.7847, NLL: 1.0536, Masked: 7302.9732, Reg: 0.135385
Epoch [130/135], Total Loss: 137.9796, NLL: 1.0449, Masked: 13.6935, Reg: 0.132879
Epoch [131/135], Total Loss: 97366.0280, NLL: 1.0528, Masked: 9736.4970, Reg: 0.131627
Epoch [132/135], Total Loss: 446833.6466, NLL: 1.0673, Masked: 44683.2582, Reg: 0.149240
Epoch [133/135], Total Loss: 305690.1980, NLL: 1.0617, Masked: 30568.9150, Reg: 0.150966
Epoch [134/135], Total Loss: 120855.0677, NLL: 1.0633, Masked: 12085.4007, Reg: 0.148762
Epoch [135/135], Total Loss: 148274.3294, NLL: 1.0524, Masked: 14827.3275, Reg: 0.143021

==================================================
EVALUATING ON TRAINING DATA
==================================================

==================================================
TEST RESULTS
==================================================
Total Loss: 134.695586
  - ZINB NLL: 1.053463
Total number of masked values: 1701539
  - Number of values with pi >= 0.7: 1485533
  - Number of values with pi < 0.7: 216006
  - Masked Reconstruction: 13.364212
  - Regularization: 0.147491
Mean Absolute Error (MAE): 2.449298
R² Score: -0.033705
==================================================


==================================================
TEST RESULTS
==================================================
Total Loss: 141.405227
  - ZINB NLL: 1.049992
Total number of masked values: 971731
  - Number of values with pi >= 0.7: 851401
  - Number of values with pi < 0.7: 120330
  - Masked Reconstruction: 14.035524
  - Regularization: 0.147491
Mean Absolute Error (MAE): 2.414073
R² Score: -0.033834
==================================================


>>> Optimizing zinb_nll on VALIDATION set: 1.049992
>>> Full validation metrics: {'total_loss': 141.4052269345238, 'zinb_nll': 1.0499921833872314, 'mae': 2.4140729904174805, 'r2': -0.03383445739746094, 'masked_loss': 14.035523501974234, 'reg_loss': 0.14749079101562657}

Iteration No: 28 ended. Search finished for the next optimal point.
Time taken: 1806.0638
Function value obtained: 1.0500
Current minimum: 1.0500
Iteration No: 29 started. Searching for the next optimal point.

================================================================================
Trial with parameters:
  features: Centr
  step_size: 1.0
  bin_size: 50
  sample_fraction: 0.5470337101410218
  moving_average: False
  first_layer_size_factor: 150
  num_layers: 1
  use_conv: False
  conv_channel: 66
  pool_size: 4
  kernel_size: 5
  epochs: 150
  batch_size: 32
  pi_threshold: 0.3
  learning_rate: 1e-05
  dropout_rate: 0.5
  masked_recon_weight: 1.3692886436872056
  regularizer: l2
  regularization_weight: 1e-05
================================================================================

Creating datasets with:
  features: ['Centr']
  bin_size: 50
  moving_average: False
  data_point_length: 40 (from 2000)
  step_size: 40 (from fraction 1.0)
  layers: [np.int64(2400)] (first=2400, num=1)
  stride: 1 (fixed), padding: same (fixed)


Clipping outliers using 95th percentile * 1.5...
strain_yTW001: Clipping values above 134.25 (P95=89.50). Clipped 27529/1193409 values (2.31%)
strain_FD: Clipping values above 71.92 (P95=47.94). Clipped 95791/4127807 values (2.32%)
strain_dnrp: Clipping values above 243.00 (P95=162.00). Clipped 25649/1119454 values (2.29%)
strain_yEK19: Clipping values above 77.10 (P95=51.40). Clipped 83713/3893623 values (2.15%)
strain_yEK23: Clipping values above 72.00 (P95=48.00). Clipped 86381/3558407 values (2.43%)
strain_yWT03a: Clipping values above 15.00 (P95=10.00). Clipped 10602/347679 values (3.05%)
strain_yWT04a: Clipping values above 58.50 (P95=39.00). Clipped 21095/725406 values (2.91%)
strain_ylic137: Clipping values above 142.50 (P95=95.00). Clipped 28746/1112684 values (2.58%)
Standardizing features: ['Centr']
Column order in final array (Dataset/Chrom split): ['Value', 'Centromere_Distance', 'Value_Raw', 'Size_Factor']
Removing 0 empty data points out of 27424
Column order in final array (Dataset/Chrom split): ['Value', 'Centromere_Distance', 'Value_Raw', 'Size_Factor']
Removing 0 empty data points out of 10328
Column order in final array (Dataset/Chrom split): ['Value', 'Centromere_Distance', 'Value_Raw', 'Size_Factor']
Removing 0 empty data points out of 10608
Datasets created:
  Train: (27424, 40, 4), Val: (10328, 40, 4), Test: (10608, 40, 4)

Randomly sampled 15001/27424 samples (54.7%)
Applied denoising with 15.0% masking
Applied denoising with 15.0% masking
Applied denoising with 15.0% masking
Epoch [1/150], Total Loss: 26.8742, NLL: 2.7307, Masked: 17.6321, Reg: 0.009755
Epoch [2/150], Total Loss: 10.8813, NLL: 2.1738, Masked: 6.3592, Reg: 0.009936
Epoch [3/150], Total Loss: 7.1853, NLL: 2.0642, Masked: 3.7400, Reg: 0.010161
Epoch [4/150], Total Loss: 6.2356, NLL: 2.0595, Masked: 3.0498, Reg: 0.010338
Epoch [5/150], Total Loss: 5.9115, NLL: 2.0690, Masked: 2.8062, Reg: 0.010462
Epoch [6/150], Total Loss: 5.7659, NLL: 2.0796, Masked: 2.6921, Reg: 0.010555
Epoch [7/150], Total Loss: 5.6824, NLL: 2.0885, Masked: 2.6247, Reg: 0.010626
Epoch [8/150], Total Loss: 5.6245, NLL: 2.0960, Masked: 2.5769, Reg: 0.010684
Epoch [9/150], Total Loss: 5.5898, NLL: 2.1014, Masked: 2.5476, Reg: 0.010728
Epoch [10/150], Total Loss: 5.5660, NLL: 2.1041, Masked: 2.5282, Reg: 0.010760
Epoch [11/150], Total Loss: 5.5428, NLL: 2.1057, Masked: 2.5101, Reg: 0.010783
Epoch [12/150], Total Loss: 5.5267, NLL: 2.1055, Masked: 2.4986, Reg: 0.010800
Epoch [13/150], Total Loss: 5.5169, NLL: 2.1054, Masked: 2.4914, Reg: 0.010809
Epoch [14/150], Total Loss: 5.5004, NLL: 2.1015, Masked: 2.4823, Reg: 0.010810
Epoch [15/150], Total Loss: 5.4921, NLL: 2.0984, Masked: 2.4784, Reg: 0.010809
Epoch [16/150], Total Loss: 5.4752, NLL: 2.0936, Masked: 2.4696, Reg: 0.010802
Epoch [17/150], Total Loss: 5.4635, NLL: 2.0882, Masked: 2.4650, Reg: 0.010794
Epoch [18/150], Total Loss: 5.4553, NLL: 2.0831, Masked: 2.4627, Reg: 0.010782
Epoch [19/150], Total Loss: 5.4408, NLL: 2.0778, Masked: 2.4560, Reg: 0.010770
Epoch [20/150], Total Loss: 5.4280, NLL: 2.0712, Masked: 2.4515, Reg: 0.010754
Epoch [21/150], Total Loss: 5.4146, NLL: 2.0646, Masked: 2.4465, Reg: 0.010737
Epoch [22/150], Total Loss: 5.4011, NLL: 2.0569, Masked: 2.4422, Reg: 0.010721
Epoch [23/150], Total Loss: 5.3861, NLL: 2.0497, Masked: 2.4366, Reg: 0.010702
Epoch [24/150], Total Loss: 5.3719, NLL: 2.0423, Masked: 2.4316, Reg: 0.010686
Epoch [25/150], Total Loss: 5.3568, NLL: 2.0344, Masked: 2.4264, Reg: 0.010673
Epoch [26/150], Total Loss: 5.3382, NLL: 2.0252, Masked: 2.4195, Reg: 0.010655
Epoch [27/150], Total Loss: 5.3251, NLL: 2.0165, Masked: 2.4163, Reg: 0.010644
Epoch [28/150], Total Loss: 5.3064, NLL: 2.0088, Masked: 2.4083, Reg: 0.010634
Epoch [29/150], Total Loss: 5.2883, NLL: 1.9994, Masked: 2.4019, Reg: 0.010628
Epoch [30/150], Total Loss: 5.2690, NLL: 1.9885, Masked: 2.3958, Reg: 0.010621
Epoch [31/150], Total Loss: 5.2517, NLL: 1.9797, Masked: 2.3896, Reg: 0.010620
Epoch [32/150], Total Loss: 5.2310, NLL: 1.9686, Masked: 2.3825, Reg: 0.010618
Epoch [33/150], Total Loss: 5.2078, NLL: 1.9577, Masked: 2.3736, Reg: 0.010624
Epoch [34/150], Total Loss: 5.1856, NLL: 1.9479, Masked: 2.3645, Reg: 0.010627
Epoch [35/150], Total Loss: 5.1653, NLL: 1.9342, Masked: 2.3597, Reg: 0.010637
Epoch [36/150], Total Loss: 5.1419, NLL: 1.9213, Masked: 2.3520, Reg: 0.010644
Epoch [37/150], Total Loss: 5.1161, NLL: 1.9101, Masked: 2.3413, Reg: 0.010655
Epoch [38/150], Total Loss: 5.0911, NLL: 1.8957, Masked: 2.3336, Reg: 0.010670
Epoch [39/150], Total Loss: 5.0699, NLL: 1.8854, Masked: 2.3257, Reg: 0.010685
Epoch [40/150], Total Loss: 5.0419, NLL: 1.8716, Masked: 2.3153, Reg: 0.010702
Epoch [41/150], Total Loss: 5.0178, NLL: 1.8618, Masked: 2.3048, Reg: 0.010720
Epoch [42/150], Total Loss: 4.9935, NLL: 1.8507, Masked: 2.2951, Reg: 0.010739
Epoch [43/150], Total Loss: 4.9714, NLL: 1.8400, Masked: 2.2868, Reg: 0.010758
Epoch [44/150], Total Loss: 4.9474, NLL: 1.8304, Masked: 2.2764, Reg: 0.010781
Epoch [45/150], Total Loss: 4.9234, NLL: 1.8222, Masked: 2.2648, Reg: 0.010803
Epoch [46/150], Total Loss: 4.9019, NLL: 1.8135, Masked: 2.2555, Reg: 0.010825
Epoch [47/150], Total Loss: 4.8828, NLL: 1.8065, Masked: 2.2466, Reg: 0.010849
Epoch [48/150], Total Loss: 4.8697, NLL: 1.8010, Masked: 2.2410, Reg: 0.010872
Epoch [49/150], Total Loss: 4.8531, NLL: 1.7968, Masked: 2.2320, Reg: 0.010894
Epoch [50/150], Total Loss: 4.8441, NLL: 1.7921, Masked: 2.2288, Reg: 0.010917
Epoch [51/150], Total Loss: 4.8291, NLL: 1.7895, Masked: 2.2198, Reg: 0.010940
Epoch [52/150], Total Loss: 4.8134, NLL: 1.7856, Masked: 2.2112, Reg: 0.010962
Epoch [53/150], Total Loss: 4.8086, NLL: 1.7839, Masked: 2.2090, Reg: 0.010982
Epoch [54/150], Total Loss: 4.7957, NLL: 1.7805, Masked: 2.2020, Reg: 0.011002
Epoch [55/150], Total Loss: 4.7890, NLL: 1.7799, Masked: 2.1976, Reg: 0.011024
Epoch [56/150], Total Loss: 4.7742, NLL: 1.7767, Masked: 2.1891, Reg: 0.011041
Epoch [57/150], Total Loss: 4.7740, NLL: 1.7749, Masked: 2.1903, Reg: 0.011063
Epoch [58/150], Total Loss: 4.7625, NLL: 1.7726, Masked: 2.1835, Reg: 0.011082
Epoch [59/150], Total Loss: 4.7590, NLL: 1.7716, Masked: 2.1817, Reg: 0.011103
Epoch [60/150], Total Loss: 4.7435, NLL: 1.7692, Masked: 2.1721, Reg: 0.011123
Epoch [61/150], Total Loss: 4.7421, NLL: 1.7679, Masked: 2.1720, Reg: 0.011140
Epoch [62/150], Total Loss: 4.7293, NLL: 1.7668, Masked: 2.1635, Reg: 0.011159
Epoch [63/150], Total Loss: 4.7271, NLL: 1.7648, Masked: 2.1634, Reg: 0.011180
Epoch [64/150], Total Loss: 4.7212, NLL: 1.7639, Masked: 2.1597, Reg: 0.011198
Epoch [65/150], Total Loss: 4.7117, NLL: 1.7612, Masked: 2.1547, Reg: 0.011219
Epoch [66/150], Total Loss: 4.7066, NLL: 1.7606, Masked: 2.1515, Reg: 0.011235
Epoch [67/150], Total Loss: 4.6982, NLL: 1.7588, Masked: 2.1467, Reg: 0.011256
Epoch [68/150], Total Loss: 4.6929, NLL: 1.7578, Masked: 2.1436, Reg: 0.011272
Epoch [69/150], Total Loss: 4.6876, NLL: 1.7562, Masked: 2.1408, Reg: 0.011294
Epoch [70/150], Total Loss: 4.6827, NLL: 1.7558, Masked: 2.1376, Reg: 0.011312
Epoch [71/150], Total Loss: 4.6754, NLL: 1.7538, Masked: 2.1336, Reg: 0.011333
Epoch [72/150], Total Loss: 4.6707, NLL: 1.7538, Masked: 2.1303, Reg: 0.011352
Epoch [73/150], Total Loss: 4.6627, NLL: 1.7512, Masked: 2.1263, Reg: 0.011368
Epoch [74/150], Total Loss: 4.6547, NLL: 1.7499, Masked: 2.1214, Reg: 0.011387
Epoch [75/150], Total Loss: 4.6585, NLL: 1.7490, Masked: 2.1248, Reg: 0.011407
Epoch [76/150], Total Loss: 4.6480, NLL: 1.7476, Masked: 2.1182, Reg: 0.011425
Epoch [77/150], Total Loss: 4.6397, NLL: 1.7466, Masked: 2.1128, Reg: 0.011444
Epoch [78/150], Total Loss: 4.6388, NLL: 1.7456, Masked: 2.1129, Reg: 0.011462
Epoch [79/150], Total Loss: 4.6323, NLL: 1.7445, Masked: 2.1089, Reg: 0.011482
Epoch [80/150], Total Loss: 4.6301, NLL: 1.7438, Masked: 2.1078, Reg: 0.011497
Epoch [81/150], Total Loss: 4.6309, NLL: 1.7429, Masked: 2.1092, Reg: 0.011513
Epoch [82/150], Total Loss: 4.6191, NLL: 1.7413, Masked: 2.1017, Reg: 0.011532
Epoch [83/150], Total Loss: 4.6157, NLL: 1.7406, Masked: 2.0997, Reg: 0.011549
Epoch [84/150], Total Loss: 4.6096, NLL: 1.7389, Masked: 2.0965, Reg: 0.011567
Epoch [85/150], Total Loss: 4.6064, NLL: 1.7381, Masked: 2.0947, Reg: 0.011585
Epoch [86/150], Total Loss: 4.6052, NLL: 1.7375, Masked: 2.0943, Reg: 0.011604
Epoch [87/150], Total Loss: 4.6006, NLL: 1.7363, Masked: 2.0918, Reg: 0.011620
Epoch [88/150], Total Loss: 4.5938, NLL: 1.7353, Masked: 2.0876, Reg: 0.011635
Epoch [89/150], Total Loss: 4.5933, NLL: 1.7353, Masked: 2.0872, Reg: 0.011652
Epoch [90/150], Total Loss: 4.5891, NLL: 1.7339, Masked: 2.0851, Reg: 0.011668
Epoch [91/150], Total Loss: 4.5837, NLL: 1.7326, Masked: 2.0822, Reg: 0.011685
Epoch [92/150], Total Loss: 4.5795, NLL: 1.7314, Masked: 2.0799, Reg: 0.011702
Epoch [93/150], Total Loss: 4.5748, NLL: 1.7301, Masked: 2.0775, Reg: 0.011723
Epoch [94/150], Total Loss: 4.5767, NLL: 1.7296, Masked: 2.0792, Reg: 0.011736
Epoch [95/150], Total Loss: 4.5684, NLL: 1.7290, Masked: 2.0737, Reg: 0.011752
Epoch [96/150], Total Loss: 4.5638, NLL: 1.7277, Masked: 2.0713, Reg: 0.011768
Epoch [97/150], Total Loss: 4.5641, NLL: 1.7266, Masked: 2.0723, Reg: 0.011785
Epoch [98/150], Total Loss: 4.5643, NLL: 1.7263, Masked: 2.0726, Reg: 0.011801
Epoch [99/150], Total Loss: 4.5550, NLL: 1.7252, Masked: 2.0666, Reg: 0.011819
Epoch [100/150], Total Loss: 4.5516, NLL: 1.7235, Masked: 2.0654, Reg: 0.011835
Epoch [101/150], Total Loss: 4.5459, NLL: 1.7231, Masked: 2.0615, Reg: 0.011851
Epoch [102/150], Total Loss: 4.5418, NLL: 1.7225, Masked: 2.0590, Reg: 0.011866
Epoch [103/150], Total Loss: 4.5430, NLL: 1.7216, Masked: 2.0605, Reg: 0.011883
Epoch [104/150], Total Loss: 4.5407, NLL: 1.7204, Masked: 2.0597, Reg: 0.011899
Epoch [105/150], Total Loss: 4.5371, NLL: 1.7202, Masked: 2.0571, Reg: 0.011915
Epoch [106/150], Total Loss: 4.5321, NLL: 1.7189, Masked: 2.0545, Reg: 0.011931
Epoch [107/150], Total Loss: 4.5282, NLL: 1.7177, Masked: 2.0525, Reg: 0.011948
Epoch [108/150], Total Loss: 4.5306, NLL: 1.7172, Masked: 2.0547, Reg: 0.011965
Epoch [109/150], Total Loss: 4.5278, NLL: 1.7167, Masked: 2.0530, Reg: 0.011979
Epoch [110/150], Total Loss: 4.5224, NLL: 1.7157, Masked: 2.0497, Reg: 0.011994
Epoch [111/150], Total Loss: 4.5202, NLL: 1.7147, Masked: 2.0489, Reg: 0.012013
Epoch [112/150], Total Loss: 4.5170, NLL: 1.7145, Masked: 2.0467, Reg: 0.012027
Epoch [113/150], Total Loss: 4.5128, NLL: 1.7125, Masked: 2.0451, Reg: 0.012046
Epoch [114/150], Total Loss: 4.5151, NLL: 1.7127, Masked: 2.0467, Reg: 0.012061
Epoch [115/150], Total Loss: 4.5120, NLL: 1.7111, Masked: 2.0455, Reg: 0.012077
Epoch [116/150], Total Loss: 4.5055, NLL: 1.7104, Masked: 2.0413, Reg: 0.012091
Epoch [117/150], Total Loss: 4.5017, NLL: 1.7101, Masked: 2.0387, Reg: 0.012110
Epoch [118/150], Total Loss: 4.5007, NLL: 1.7094, Masked: 2.0385, Reg: 0.012124
Epoch [119/150], Total Loss: 4.4990, NLL: 1.7087, Masked: 2.0378, Reg: 0.012140
Epoch [120/150], Total Loss: 4.4929, NLL: 1.7077, Masked: 2.0340, Reg: 0.012157
Epoch [121/150], Total Loss: 4.4924, NLL: 1.7069, Masked: 2.0343, Reg: 0.012171
Epoch [122/150], Total Loss: 4.4915, NLL: 1.7066, Masked: 2.0338, Reg: 0.012189
Epoch [123/150], Total Loss: 4.4893, NLL: 1.7058, Masked: 2.0328, Reg: 0.012204
Epoch [124/150], Total Loss: 4.4878, NLL: 1.7046, Masked: 2.0326, Reg: 0.012220
Epoch [125/150], Total Loss: 4.4779, NLL: 1.7037, Masked: 2.0260, Reg: 0.012234
Epoch [126/150], Total Loss: 4.4770, NLL: 1.7031, Masked: 2.0258, Reg: 0.012249
Epoch [127/150], Total Loss: 4.4773, NLL: 1.7026, Masked: 2.0264, Reg: 0.012269
Epoch [128/150], Total Loss: 4.4770, NLL: 1.7014, Masked: 2.0270, Reg: 0.012281
Epoch [129/150], Total Loss: 4.4721, NLL: 1.7012, Masked: 2.0236, Reg: 0.012297
Epoch [130/150], Total Loss: 4.4690, NLL: 1.7000, Masked: 2.0222, Reg: 0.012313
Epoch [131/150], Total Loss: 4.4731, NLL: 1.6991, Masked: 2.0258, Reg: 0.012328
Epoch [132/150], Total Loss: 4.4692, NLL: 1.6988, Masked: 2.0233, Reg: 0.012343
Epoch [133/150], Total Loss: 4.4603, NLL: 1.6974, Masked: 2.0178, Reg: 0.012362
Epoch [134/150], Total Loss: 4.4670, NLL: 1.6973, Masked: 2.0228, Reg: 0.012380
Epoch [135/150], Total Loss: 4.4602, NLL: 1.6971, Masked: 2.0179, Reg: 0.012393
Epoch [136/150], Total Loss: 4.4573, NLL: 1.6955, Masked: 2.0169, Reg: 0.012408
Epoch [137/150], Total Loss: 4.4473, NLL: 1.6941, Masked: 2.0107, Reg: 0.012424
Epoch [138/150], Total Loss: 4.4557, NLL: 1.6947, Masked: 2.0163, Reg: 0.012439
Epoch [139/150], Total Loss: 4.4522, NLL: 1.6939, Masked: 2.0144, Reg: 0.012456
Epoch [140/150], Total Loss: 4.4503, NLL: 1.6931, Masked: 2.0136, Reg: 0.012474
Epoch [141/150], Total Loss: 4.4424, NLL: 1.6923, Masked: 2.0084, Reg: 0.012489
Epoch [142/150], Total Loss: 4.4439, NLL: 1.6911, Masked: 2.0104, Reg: 0.012507
Epoch [143/150], Total Loss: 4.4447, NLL: 1.6908, Masked: 2.0112, Reg: 0.012520
Epoch [144/150], Total Loss: 4.4363, NLL: 1.6898, Masked: 2.0058, Reg: 0.012533
Epoch [145/150], Total Loss: 4.4419, NLL: 1.6890, Masked: 2.0104, Reg: 0.012550
Epoch [146/150], Total Loss: 4.4344, NLL: 1.6878, Masked: 2.0058, Reg: 0.012565
Epoch [147/150], Total Loss: 4.4294, NLL: 1.6877, Masked: 2.0022, Reg: 0.012586
Epoch [148/150], Total Loss: 4.4297, NLL: 1.6875, Masked: 2.0027, Reg: 0.012601
Epoch [149/150], Total Loss: 4.4269, NLL: 1.6857, Masked: 2.0020, Reg: 0.012615
Epoch [150/150], Total Loss: 4.4248, NLL: 1.6855, Masked: 2.0005, Reg: 0.012631

==================================================
EVALUATING ON TRAINING DATA
==================================================

==================================================
TEST RESULTS
==================================================
Total Loss: 4.400500
  - ZINB NLL: 1.682142
Total number of masked values: 70532
  - Number of values with pi >= 0.3: 0
  - Number of values with pi < 0.3: 70532
  - Masked Reconstruction: 1.985233
  - Regularization: 0.012639
Mean Absolute Error (MAE): 1.810304
R² Score: 0.379707
==================================================


==================================================
TEST RESULTS
==================================================
Total Loss: 4.285227
  - ZINB NLL: 1.671116
Total number of masked values: 48628
  - Number of values with pi >= 0.3: 0
  - Number of values with pi < 0.3: 48628
  - Masked Reconstruction: 1.909101
  - Regularization: 0.012639
Mean Absolute Error (MAE): 1.780314
R² Score: 0.416298
==================================================


>>> Optimizing zinb_nll on VALIDATION set: 1.671116
>>> Full validation metrics: {'total_loss': 4.28522730612367, 'zinb_nll': 1.6711163209631497, 'mae': 1.7803138494491577, 'r2': 0.4162983298301697, 'masked_loss': 1.9091014260012082, 'reg_loss': 0.012639082031249952}

Iteration No: 29 ended. Search finished for the next optimal point.
Time taken: 283.7262
Function value obtained: 1.6711
Current minimum: 1.0500
Iteration No: 30 started. Searching for the next optimal point.

================================================================================
Trial with parameters:
  features: Nucl
  step_size: 0.9901610260423042
  bin_size: 1
  sample_fraction: 0.826166519218265
  moving_average: True
  first_layer_size_factor: 114
  num_layers: 3
  use_conv: False
  conv_channel: 75
  pool_size: 4
  kernel_size: 7
  epochs: 49
  batch_size: 32
  pi_threshold: 0.3262102414589295
  learning_rate: 1e-05
  dropout_rate: 0.3690368148736232
  masked_recon_weight: 10.0
  regularizer: l1
  regularization_weight: 1e-05
================================================================================

Creating datasets with:
  features: ['Nucl']
  bin_size: 1
  moving_average: True
  data_point_length: 2000 (from 2000)
  step_size: 1980 (from fraction 0.9901610260423042)
  layers: [np.int64(1824), np.int64(912), np.int64(456)] (first=1824, num=3)
  stride: 1 (fixed), padding: same (fixed)


Clipping outliers using 95th percentile * 1.5...
strain_yTW001: Clipping values above 134.25 (P95=89.50). Clipped 27529/1193409 values (2.31%)
strain_FD: Clipping values above 71.92 (P95=47.94). Clipped 95791/4127807 values (2.32%)
strain_dnrp: Clipping values above 243.00 (P95=162.00). Clipped 25649/1119454 values (2.29%)
strain_yEK19: Clipping values above 77.10 (P95=51.40). Clipped 83713/3893623 values (2.15%)
strain_yEK23: Clipping values above 72.00 (P95=48.00). Clipped 86381/3558407 values (2.43%)
strain_yWT03a: Clipping values above 15.00 (P95=10.00). Clipped 10602/347679 values (3.05%)
strain_yWT04a: Clipping values above 58.50 (P95=39.00). Clipped 21095/725406 values (2.91%)
strain_ylic137: Clipping values above 142.50 (P95=95.00). Clipped 28746/1112684 values (2.58%)
Standardizing features: ['Nucl']
Column order in final array (Dataset/Chrom split): ['Value', 'Nucleosome_Distance', 'Value_Raw', 'Size_Factor']
Removing 0 empty data points out of 27696
Column order in final array (Dataset/Chrom split): ['Value', 'Nucleosome_Distance', 'Value_Raw', 'Size_Factor']
Removing 0 empty data points out of 10424
Column order in final array (Dataset/Chrom split): ['Value', 'Nucleosome_Distance', 'Value_Raw', 'Size_Factor']
Removing 0 empty data points out of 10712
Datasets created:
  Train: (27696, 2000, 4), Val: (10424, 2000, 4), Test: (10712, 2000, 4)

Randomly sampled 22881/27696 samples (82.6%)
Applied denoising with 15.0% masking
Applied denoising with 15.0% masking
Applied denoising with 15.0% masking
Epoch [1/49], Total Loss: 179.5824, NLL: 1.4504, Masked: 17.6756, Reg: 1.376027
Epoch [2/49], Total Loss: 137.7700, NLL: 1.0986, Masked: 13.5368, Reg: 1.303239
Epoch [3/49], Total Loss: 137.8629, NLL: 1.0329, Masked: 13.5603, Reg: 1.226569
Epoch [4/49], Total Loss: 137.5458, NLL: 1.0056, Masked: 13.5400, Reg: 1.140324
Epoch [5/49], Total Loss: 137.5154, NLL: 0.9993, Masked: 13.5469, Reg: 1.046765
Epoch [6/49], Total Loss: 137.1113, NLL: 0.9972, Masked: 13.5162, Reg: 0.951965
Epoch [7/49], Total Loss: 137.1338, NLL: 0.9959, Masked: 13.5279, Reg: 0.858978
Epoch [8/49], Total Loss: 136.9877, NLL: 0.9960, Masked: 13.5223, Reg: 0.768788
Epoch [9/49], Total Loss: 136.8332, NLL: 0.9951, Masked: 13.5155, Reg: 0.683226
Epoch [10/49], Total Loss: 136.8451, NLL: 0.9957, Masked: 13.5244, Reg: 0.605383
Epoch [11/49], Total Loss: 136.6877, NLL: 0.9960, Masked: 13.5155, Reg: 0.536442
Epoch [12/49], Total Loss: 136.6238, NLL: 0.9957, Masked: 13.5152, Reg: 0.476555
Epoch [13/49], Total Loss: 136.4914, NLL: 0.9960, Masked: 13.5070, Reg: 0.425341
Epoch [14/49], Total Loss: 136.4020, NLL: 0.9960, Masked: 13.5024, Reg: 0.382188
Epoch [15/49], Total Loss: 136.3992, NLL: 0.9962, Masked: 13.5058, Reg: 0.345164
Epoch [16/49], Total Loss: 136.4255, NLL: 0.9966, Masked: 13.5115, Reg: 0.314211
Epoch [17/49], Total Loss: 136.5055, NLL: 0.9968, Masked: 13.5220, Reg: 0.288231
Epoch [18/49], Total Loss: 136.3824, NLL: 0.9967, Masked: 13.5120, Reg: 0.265898
Epoch [19/49], Total Loss: 136.5873, NLL: 0.9976, Masked: 13.5342, Reg: 0.247504
Epoch [20/49], Total Loss: 136.1166, NLL: 0.9972, Masked: 13.4888, Reg: 0.231484
Epoch [21/49], Total Loss: 136.4401, NLL: 0.9975, Masked: 13.5224, Reg: 0.218163
Epoch [22/49], Total Loss: 136.2623, NLL: 0.9979, Masked: 13.5058, Reg: 0.206198
Epoch [23/49], Total Loss: 136.2790, NLL: 0.9983, Masked: 13.5084, Reg: 0.196796
Epoch [24/49], Total Loss: 136.3712, NLL: 0.9982, Masked: 13.5185, Reg: 0.188350
Epoch [25/49], Total Loss: 136.4685, NLL: 0.9986, Masked: 13.5289, Reg: 0.181044
Epoch [26/49], Total Loss: 136.3400, NLL: 0.9988, Masked: 13.5167, Reg: 0.174589
Epoch [27/49], Total Loss: 136.2518, NLL: 0.9993, Masked: 13.5084, Reg: 0.168600
Epoch [28/49], Total Loss: 136.3923, NLL: 0.9988, Masked: 13.5230, Reg: 0.163164
Epoch [29/49], Total Loss: 136.1868, NLL: 0.9991, Masked: 13.5029, Reg: 0.158242
Epoch [30/49], Total Loss: 136.3736, NLL: 0.9995, Masked: 13.5220, Reg: 0.154411
Epoch [31/49], Total Loss: 136.2407, NLL: 0.9994, Masked: 13.5091, Reg: 0.150085
Epoch [32/49], Total Loss: 136.1505, NLL: 0.9997, Masked: 13.5005, Reg: 0.146193
Epoch [33/49], Total Loss: 136.1920, NLL: 0.9997, Masked: 13.5049, Reg: 0.142930
Epoch [34/49], Total Loss: 136.1871, NLL: 0.9997, Masked: 13.5048, Reg: 0.139344
Epoch [35/49], Total Loss: 136.4050, NLL: 0.9995, Masked: 13.5269, Reg: 0.136476
Epoch [36/49], Total Loss: 136.3364, NLL: 0.9997, Masked: 13.5203, Reg: 0.133246
Epoch [37/49], Total Loss: 136.3487, NLL: 1.0000, Masked: 13.5218, Reg: 0.130707
Epoch [38/49], Total Loss: 135.9864, NLL: 0.9997, Masked: 13.4858, Reg: 0.128244
Epoch [39/49], Total Loss: 136.1549, NLL: 1.0003, Masked: 13.5029, Reg: 0.125928
Epoch [40/49], Total Loss: 136.1674, NLL: 1.0002, Masked: 13.5044, Reg: 0.123567
Epoch [41/49], Total Loss: 136.3123, NLL: 1.0001, Masked: 13.5191, Reg: 0.121591
Epoch [42/49], Total Loss: 136.1406, NLL: 1.0007, Masked: 13.5020, Reg: 0.119606
Epoch [43/49], Total Loss: 136.0870, NLL: 1.0003, Masked: 13.4969, Reg: 0.117895
Epoch [44/49], Total Loss: 136.2108, NLL: 1.0003, Masked: 13.5094, Reg: 0.116199
Epoch [45/49], Total Loss: 136.0899, NLL: 1.0002, Masked: 13.4975, Reg: 0.114275
Epoch [46/49], Total Loss: 136.2063, NLL: 1.0005, Masked: 13.5093, Reg: 0.113033
Epoch [47/49], Total Loss: 136.1564, NLL: 1.0008, Masked: 13.5044, Reg: 0.111400
Epoch [48/49], Total Loss: 136.2150, NLL: 1.0006, Masked: 13.5104, Reg: 0.110012
Epoch [49/49], Total Loss: 136.2702, NLL: 1.0008, Masked: 13.5161, Reg: 0.108635

==================================================
EVALUATING ON TRAINING DATA
==================================================

==================================================
TEST RESULTS
==================================================
Total Loss: 136.145959
  - ZINB NLL: 0.989852
Total number of masked values: 1123492
  - Number of values with pi >= 0.3262102414589295: 1120753
  - Number of values with pi < 0.3262102414589295: 2739
  - Masked Reconstruction: 13.504837
  - Regularization: 0.107743
Mean Absolute Error (MAE): 2.230545
R² Score: -0.034382
==================================================


==================================================
TEST RESULTS
==================================================
Total Loss: 143.013283
  - ZINB NLL: 0.989580
Total number of masked values: 511449
  - Number of values with pi >= 0.3262102414589295: 510839
  - Number of values with pi < 0.3262102414589295: 610
  - Masked Reconstruction: 14.191596
  - Regularization: 0.107743
Mean Absolute Error (MAE): 2.198146
R² Score: -0.041569
==================================================


>>> Optimizing zinb_nll on VALIDATION set: 0.989580
>>> Full validation metrics: {'total_loss': 143.01328257094505, 'zinb_nll': 0.989579846743703, 'mae': 2.198145627975464, 'r2': -0.041568636894226074, 'masked_loss': 14.191595867241883, 'reg_loss': 0.10774298828124979}


*** Checkpoint saved at iteration 30 ***

Iteration No: 30 ended. Search finished for the next optimal point.
Time taken: 857.0818
Function value obtained: 0.9896
Current minimum: 0.9896
Iteration No: 31 started. Searching for the next optimal point.

================================================================================
Trial with parameters:
  features: Centr_Nucl
  step_size: 0.25
  bin_size: 22
  sample_fraction: 1.0
  moving_average: False
  first_layer_size_factor: 4
  num_layers: 1
  use_conv: True
  conv_channel: 58
  pool_size: 5
  kernel_size: 7
  epochs: 30
  batch_size: 64
  pi_threshold: 0.3
  learning_rate: 0.01
  dropout_rate: 0.0
  masked_recon_weight: 0.001
  regularizer: none
  regularization_weight: 100.0
================================================================================

Creating datasets with:
  features: ['Centr', 'Nucl']
  bin_size: 22
  moving_average: False
  data_point_length: 90 (from 2000)
  step_size: 22 (from fraction 0.25)
  layers: [np.int64(64)] (first=64, num=1)
  stride: 1 (fixed), padding: same (fixed)


Clipping outliers using 95th percentile * 1.5...
strain_yTW001: Clipping values above 134.25 (P95=89.50). Clipped 27529/1193409 values (2.31%)
strain_FD: Clipping values above 71.92 (P95=47.94). Clipped 95791/4127807 values (2.32%)
strain_dnrp: Clipping values above 243.00 (P95=162.00). Clipped 25649/1119454 values (2.29%)
strain_yEK19: Clipping values above 77.10 (P95=51.40). Clipped 83713/3893623 values (2.15%)
strain_yEK23: Clipping values above 72.00 (P95=48.00). Clipped 86381/3558407 values (2.43%)
strain_yWT03a: Clipping values above 15.00 (P95=10.00). Clipped 10602/347679 values (3.05%)
strain_yWT04a: Clipping values above 58.50 (P95=39.00). Clipped 21095/725406 values (2.91%)
strain_ylic137: Clipping values above 142.50 (P95=95.00). Clipped 28746/1112684 values (2.58%)
Standardizing features: ['Centr', 'Nucl']
Column order in final array (Dataset/Chrom split): ['Value', 'Nucleosome_Distance', 'Centromere_Distance', 'Value_Raw', 'Size_Factor']
Removing 0 empty data points out of 112960
Column order in final array (Dataset/Chrom split): ['Value', 'Nucleosome_Distance', 'Centromere_Distance', 'Value_Raw', 'Size_Factor']
Removing 0 empty data points out of 42544
Column order in final array (Dataset/Chrom split): ['Value', 'Nucleosome_Distance', 'Centromere_Distance', 'Value_Raw', 'Size_Factor']
Removing 0 empty data points out of 43688
Datasets created:
  Train: (112960, 90, 5), Val: (42544, 90, 5), Test: (43688, 90, 5)

Applied denoising with 15.0% masking
Applied denoising with 15.0% masking
Applied denoising with 15.0% masking
Epoch [1/30], Total Loss: 2.5048, NLL: 1.6153, Masked: 889.5321
Epoch [2/30], Total Loss: 7.0633, NLL: 1.5833, Masked: 5479.9411
Epoch [3/30], Total Loss: 1.5635, NLL: 1.5611, Masked: 2.4217
Epoch [4/30], Total Loss: 1.5585, NLL: 1.5560, Masked: 2.4354
Epoch [5/30], Total Loss: 3.6949, NLL: 1.5617, Masked: 2133.2653
Epoch [6/30], Total Loss: 1.5578, NLL: 1.5554, Masked: 2.3628
Epoch [7/30], Total Loss: 4.3280, NLL: 1.5587, Masked: 2769.3566
Epoch [8/30], Total Loss: 1.5654, NLL: 1.5609, Masked: 4.4936
Epoch [9/30], Total Loss: 1.5666, NLL: 1.5622, Masked: 4.4185
Epoch [10/30], Total Loss: 4.2630, NLL: 1.5578, Masked: 2705.1825
Epoch [11/30], Total Loss: 1.5613, NLL: 1.5589, Masked: 2.3970
Epoch [12/30], Total Loss: 8.6738, NLL: 1.5606, Masked: 7113.1556
Epoch [13/30], Total Loss: 1.5610, NLL: 1.5585, Masked: 2.5016
Epoch [14/30], Total Loss: 1.5583, NLL: 1.5559, Masked: 2.3757
Epoch [15/30], Total Loss: 2.1855, NLL: 1.5640, Masked: 621.5463
Epoch [16/30], Total Loss: 2.0492, NLL: 1.5592, Masked: 490.0431
Epoch [17/30], Total Loss: 1.5586, NLL: 1.5563, Masked: 2.3766
Epoch [18/30], Total Loss: 4.8495, NLL: 1.5604, Masked: 3289.1080
Epoch [19/30], Total Loss: 1.5595, NLL: 1.5572, Masked: 2.3704
Epoch [20/30], Total Loss: 1.5599, NLL: 1.5575, Masked: 2.3784
Epoch [21/30], Total Loss: 1.5608, NLL: 1.5584, Masked: 2.3892
Epoch [22/30], Total Loss: 1.5590, NLL: 1.5566, Masked: 2.3628
Epoch [23/30], Total Loss: 1.5594, NLL: 1.5570, Masked: 2.3619
Epoch [24/30], Total Loss: 1.5590, NLL: 1.5566, Masked: 2.3577
Epoch [25/30], Total Loss: 1.5595, NLL: 1.5571, Masked: 2.3904
Epoch [26/30], Total Loss: 1.5600, NLL: 1.5576, Masked: 2.3624
Epoch [27/30], Total Loss: 1.5587, NLL: 1.5563, Masked: 2.3478
Epoch [28/30], Total Loss: 1.5589, NLL: 1.5566, Masked: 2.3502
Epoch [29/30], Total Loss: 1.5591, NLL: 1.5567, Masked: 2.3496
Epoch [30/30], Total Loss: 1.5592, NLL: 1.5568, Masked: 2.3733

==================================================
EVALUATING ON TRAINING DATA
==================================================

==================================================
TEST RESULTS
==================================================
Total Loss: 1.562001
  - ZINB NLL: 1.559605
Total number of masked values: 1028793
  - Number of values with pi >= 0.3: 1
  - Number of values with pi < 0.3: 1028792
  - Masked Reconstruction: 2.395974
Mean Absolute Error (MAE): 1.918136
R² Score: -1.051081
==================================================


==================================================
TEST RESULTS
==================================================
Total Loss: 1.555612
  - ZINB NLL: 1.553403
Total number of masked values: 387745
  - Number of values with pi >= 0.3: 0
  - Number of values with pi < 0.3: 387745
  - Masked Reconstruction: 2.208872
Mean Absolute Error (MAE): 1.851089
R² Score: -0.048705
==================================================


>>> Optimizing zinb_nll on VALIDATION set: 1.553403
>>> Full validation metrics: {'total_loss': 1.5556123568268367, 'zinb_nll': 1.5534034840995183, 'mae': 1.8510886430740356, 'r2': -0.048705101013183594, 'masked_loss': 2.2088721991033653}

Iteration No: 31 ended. Search finished for the next optimal point.
Time taken: 282.0608
Function value obtained: 1.5534
Current minimum: 0.9896
Iteration No: 32 started. Searching for the next optimal point.

================================================================================
Trial with parameters:
  features: Nucl
  step_size: 1.0
  bin_size: 1
  sample_fraction: 1.0
  moving_average: True
  first_layer_size_factor: 7
  num_layers: 4
  use_conv: False
  conv_channel: 17
  pool_size: 8
  kernel_size: 7
  epochs: 30
  batch_size: 32
  pi_threshold: 0.3
  learning_rate: 1e-05
  dropout_rate: 0.09934820924033905
  masked_recon_weight: 10.0
  regularizer: l1
  regularization_weight: 1e-05
================================================================================

Creating datasets with:
  features: ['Nucl']
  bin_size: 1
  moving_average: True
  data_point_length: 2000 (from 2000)
  step_size: 2000 (from fraction 1.0)
  layers: [np.int64(112), np.int64(56), np.int64(28), np.int64(14)] (first=112, num=4)
  stride: 1 (fixed), padding: same (fixed)


Clipping outliers using 95th percentile * 1.5...
strain_yTW001: Clipping values above 134.25 (P95=89.50). Clipped 27529/1193409 values (2.31%)
strain_FD: Clipping values above 71.92 (P95=47.94). Clipped 95791/4127807 values (2.32%)
strain_dnrp: Clipping values above 243.00 (P95=162.00). Clipped 25649/1119454 values (2.29%)
strain_yEK19: Clipping values above 77.10 (P95=51.40). Clipped 83713/3893623 values (2.15%)
strain_yEK23: Clipping values above 72.00 (P95=48.00). Clipped 86381/3558407 values (2.43%)
strain_yWT03a: Clipping values above 15.00 (P95=10.00). Clipped 10602/347679 values (3.05%)
strain_yWT04a: Clipping values above 58.50 (P95=39.00). Clipped 21095/725406 values (2.91%)
strain_ylic137: Clipping values above 142.50 (P95=95.00). Clipped 28746/1112684 values (2.58%)
Standardizing features: ['Nucl']
Column order in final array (Dataset/Chrom split): ['Value', 'Nucleosome_Distance', 'Value_Raw', 'Size_Factor']
Removing 0 empty data points out of 27424
Column order in final array (Dataset/Chrom split): ['Value', 'Nucleosome_Distance', 'Value_Raw', 'Size_Factor']
Removing 0 empty data points out of 10328
Column order in final array (Dataset/Chrom split): ['Value', 'Nucleosome_Distance', 'Value_Raw', 'Size_Factor']
Removing 0 empty data points out of 10608
Datasets created:
  Train: (27424, 2000, 4), Val: (10328, 2000, 4), Test: (10608, 2000, 4)

Applied denoising with 15.0% masking
Applied denoising with 15.0% masking
Applied denoising with 15.0% masking
Epoch [1/30], Total Loss: 313.2878, NLL: 2.0830, Masked: 31.1109, Reg: 0.095593
Epoch [2/30], Total Loss: 253.2500, NLL: 1.8822, Masked: 25.1254, Reg: 0.113616
Epoch [3/30], Total Loss: 150.8862, NLL: 1.3683, Masked: 14.9374, Reg: 0.143822
Epoch [4/30], Total Loss: 140.3389, NLL: 1.4111, Masked: 13.8784, Reg: 0.143577
Epoch [5/30], Total Loss: 138.3832, NLL: 1.4657, Masked: 13.6778, Reg: 0.139016
Epoch [6/30], Total Loss: 138.1827, NLL: 1.4890, Masked: 13.6557, Reg: 0.136422
Epoch [7/30], Total Loss: 137.7551, NLL: 1.4594, Masked: 13.6161, Reg: 0.135035
Epoch [8/30], Total Loss: 137.3286, NLL: 1.4026, Masked: 13.5791, Reg: 0.135065
Epoch [9/30], Total Loss: 137.1146, NLL: 1.3480, Masked: 13.5631, Reg: 0.135661
Epoch [10/30], Total Loss: 136.9874, NLL: 1.2920, Masked: 13.5559, Reg: 0.136413
Epoch [11/30], Total Loss: 136.9315, NLL: 1.2452, Masked: 13.5549, Reg: 0.137286
Epoch [12/30], Total Loss: 136.8268, NLL: 1.2161, Masked: 13.5473, Reg: 0.137922
Epoch [13/30], Total Loss: 136.6497, NLL: 1.1906, Masked: 13.5321, Reg: 0.138186
Epoch [14/30], Total Loss: 136.7790, NLL: 1.1677, Masked: 13.5473, Reg: 0.138223
Epoch [15/30], Total Loss: 136.8160, NLL: 1.1456, Masked: 13.5533, Reg: 0.137813
Epoch [16/30], Total Loss: 136.6268, NLL: 1.1322, Masked: 13.5357, Reg: 0.137288
Epoch [17/30], Total Loss: 136.6328, NLL: 1.1167, Masked: 13.5380, Reg: 0.136339
Epoch [18/30], Total Loss: 136.6169, NLL: 1.1040, Masked: 13.5378, Reg: 0.135142
Epoch [19/30], Total Loss: 136.3795, NLL: 1.0917, Masked: 13.5154, Reg: 0.133646
Epoch [20/30], Total Loss: 136.4360, NLL: 1.0795, Masked: 13.5225, Reg: 0.131759
Epoch [21/30], Total Loss: 136.3149, NLL: 1.0680, Masked: 13.5117, Reg: 0.129491
Epoch [22/30], Total Loss: 136.4684, NLL: 1.0449, Masked: 13.5296, Reg: 0.127093
Epoch [23/30], Total Loss: 136.3201, NLL: 1.0360, Masked: 13.5160, Reg: 0.124170
Epoch [24/30], Total Loss: 136.4087, NLL: 1.0292, Masked: 13.5259, Reg: 0.120861
Epoch [25/30], Total Loss: 136.3912, NLL: 1.0250, Masked: 13.5249, Reg: 0.117318
Epoch [26/30], Total Loss: 136.3678, NLL: 1.0211, Masked: 13.5233, Reg: 0.113734
Epoch [27/30], Total Loss: 136.3290, NLL: 1.0183, Masked: 13.5201, Reg: 0.110161
Epoch [28/30], Total Loss: 136.5685, NLL: 1.0158, Masked: 13.5446, Reg: 0.106675
Epoch [29/30], Total Loss: 136.4679, NLL: 1.0144, Masked: 13.5350, Reg: 0.103315
Epoch [30/30], Total Loss: 136.3965, NLL: 1.0126, Masked: 13.5284, Reg: 0.100137

==================================================
EVALUATING ON TRAINING DATA
==================================================

==================================================
TEST RESULTS
==================================================
Total Loss: 136.282134
  - ZINB NLL: 1.003756
Total number of masked values: 1349841
  - Number of values with pi >= 0.3: 1349841
  - Number of values with pi < 0.3: 0
  - Masked Reconstruction: 13.517977
  - Regularization: 0.098608
Mean Absolute Error (MAE): 2.236392
R² Score: -0.042026
==================================================


==================================================
TEST RESULTS
==================================================
Total Loss: 143.274931
  - ZINB NLL: 0.999393
Total number of masked values: 506645
  - Number of values with pi >= 0.3: 506645
  - Number of values with pi < 0.3: 0
  - Masked Reconstruction: 14.217693
  - Regularization: 0.098608
Mean Absolute Error (MAE): 2.193581
R² Score: -0.041837
==================================================


>>> Optimizing zinb_nll on VALIDATION set: 0.999393
>>> Full validation metrics: {'total_loss': 143.27493052109557, 'zinb_nll': 0.9993925157394823, 'mae': 2.1935808658599854, 'r2': -0.04183697700500488, 'masked_loss': 14.21769318887192, 'reg_loss': 0.0986079980468757}

Iteration No: 32 ended. Search finished for the next optimal point.
Time taken: 695.3357
Function value obtained: 0.9994
Current minimum: 0.9896
Iteration No: 33 started. Searching for the next optimal point.

================================================================================
Trial with parameters:
  features: Centr_Nucl
  step_size: 0.5969253749001977
  bin_size: 1
  sample_fraction: 0.9553891895793153
  moving_average: True
  first_layer_size_factor: 9
  num_layers: 3
  use_conv: False
  conv_channel: 51
  pool_size: 8
  kernel_size: 7
  epochs: 125
  batch_size: 64
  pi_threshold: 0.6343715185713052
  learning_rate: 1e-05
  dropout_rate: 0.35869247990614994
  masked_recon_weight: 10.0
  regularizer: l1
  regularization_weight: 1e-05
================================================================================

Creating datasets with:
  features: ['Centr', 'Nucl']
  bin_size: 1
  moving_average: True
  data_point_length: 2000 (from 2000)
  step_size: 1193 (from fraction 0.5969253749001977)
  layers: [np.int64(144), np.int64(72), np.int64(36)] (first=144, num=3)
  stride: 1 (fixed), padding: same (fixed)


Clipping outliers using 95th percentile * 1.5...
strain_yTW001: Clipping values above 134.25 (P95=89.50). Clipped 27529/1193409 values (2.31%)
strain_FD: Clipping values above 71.92 (P95=47.94). Clipped 95791/4127807 values (2.32%)
strain_dnrp: Clipping values above 243.00 (P95=162.00). Clipped 25649/1119454 values (2.29%)
strain_yEK19: Clipping values above 77.10 (P95=51.40). Clipped 83713/3893623 values (2.15%)
strain_yEK23: Clipping values above 72.00 (P95=48.00). Clipped 86381/3558407 values (2.43%)
strain_yWT03a: Clipping values above 15.00 (P95=10.00). Clipped 10602/347679 values (3.05%)
strain_yWT04a: Clipping values above 58.50 (P95=39.00). Clipped 21095/725406 values (2.91%)
strain_ylic137: Clipping values above 142.50 (P95=95.00). Clipped 28746/1112684 values (2.58%)
Standardizing features: ['Centr', 'Nucl']
Column order in final array (Dataset/Chrom split): ['Value', 'Nucleosome_Distance', 'Centromere_Distance', 'Value_Raw', 'Size_Factor']
Removing 0 empty data points out of 45896
Column order in final array (Dataset/Chrom split): ['Value', 'Nucleosome_Distance', 'Centromere_Distance', 'Value_Raw', 'Size_Factor']
Removing 0 empty data points out of 17280
Column order in final array (Dataset/Chrom split): ['Value', 'Nucleosome_Distance', 'Centromere_Distance', 'Value_Raw', 'Size_Factor']
Removing 0 empty data points out of 17752
Datasets created:
  Train: (45896, 2000, 5), Val: (17280, 2000, 5), Test: (17752, 2000, 5)

Randomly sampled 43848/45896 samples (95.5%)
Applied denoising with 15.0% masking
Applied denoising with 15.0% masking
Applied denoising with 15.0% masking
Epoch [1/125], Total Loss: 271.6822, NLL: 1.8625, Masked: 26.9688, Reg: 0.131520
Epoch [2/125], Total Loss: 148.5930, NLL: 1.5932, Masked: 14.6860, Reg: 0.139559
Epoch [3/125], Total Loss: 128.8484, NLL: 1.7888, Masked: 12.6920, Reg: 0.140025
Epoch [4/125], Total Loss: 127.5323, NLL: 1.7966, Masked: 12.5595, Reg: 0.140120
Epoch [5/125], Total Loss: 127.0482, NLL: 1.7637, Masked: 12.5145, Reg: 0.139790
Epoch [6/125], Total Loss: 126.8575, NLL: 1.7334, Masked: 12.4984, Reg: 0.139713
Epoch [7/125], Total Loss: 126.8601, NLL: 1.7019, Masked: 12.5018, Reg: 0.139974
Epoch [8/125], Total Loss: 127.2362, NLL: 1.6698, Masked: 12.5426, Reg: 0.140345
Epoch [9/125], Total Loss: 127.4632, NLL: 1.6487, Masked: 12.5674, Reg: 0.140662
Epoch [10/125], Total Loss: 127.6413, NLL: 1.6289, Masked: 12.5872, Reg: 0.140733
Epoch [11/125], Total Loss: 127.7800, NLL: 1.6276, Masked: 12.6012, Reg: 0.140704
Epoch [12/125], Total Loss: 127.5772, NLL: 1.6094, Masked: 12.5827, Reg: 0.140558
Epoch [13/125], Total Loss: 128.0150, NLL: 1.6002, Masked: 12.6274, Reg: 0.140503
Epoch [14/125], Total Loss: 127.6804, NLL: 1.5921, Masked: 12.5948, Reg: 0.140329
Epoch [15/125], Total Loss: 127.8668, NLL: 1.5854, Masked: 12.6141, Reg: 0.140190
Epoch [16/125], Total Loss: 127.5748, NLL: 1.5764, Masked: 12.5858, Reg: 0.140035
Epoch [17/125], Total Loss: 127.5048, NLL: 1.5688, Masked: 12.5796, Reg: 0.139868
Epoch [18/125], Total Loss: 127.7092, NLL: 1.5624, Masked: 12.6007, Reg: 0.139904
Epoch [19/125], Total Loss: 127.5743, NLL: 1.5528, Masked: 12.5882, Reg: 0.139799
Epoch [20/125], Total Loss: 127.5129, NLL: 1.5468, Masked: 12.5826, Reg: 0.139804
Epoch [21/125], Total Loss: 127.3974, NLL: 1.5456, Masked: 12.5712, Reg: 0.139546
Epoch [22/125], Total Loss: 127.4606, NLL: 1.5294, Masked: 12.5792, Reg: 0.139728
Epoch [23/125], Total Loss: 127.4657, NLL: 1.5276, Masked: 12.5798, Reg: 0.139606
Epoch [24/125], Total Loss: 127.4633, NLL: 1.5221, Masked: 12.5802, Reg: 0.139574
Epoch [25/125], Total Loss: 127.2649, NLL: 1.5089, Masked: 12.5616, Reg: 0.139515
Epoch [26/125], Total Loss: 127.3036, NLL: 1.5106, Masked: 12.5654, Reg: 0.139413
Epoch [27/125], Total Loss: 127.2244, NLL: 1.4963, Masked: 12.5589, Reg: 0.139487
Epoch [28/125], Total Loss: 127.0374, NLL: 1.4950, Masked: 12.5403, Reg: 0.139383
Epoch [29/125], Total Loss: 127.1574, NLL: 1.4858, Masked: 12.5532, Reg: 0.139452
Epoch [30/125], Total Loss: 126.9553, NLL: 1.4791, Masked: 12.5337, Reg: 0.139402
Epoch [31/125], Total Loss: 127.2351, NLL: 1.4759, Masked: 12.5620, Reg: 0.139367
Epoch [32/125], Total Loss: 127.1249, NLL: 1.4622, Masked: 12.5523, Reg: 0.139365
Epoch [33/125], Total Loss: 126.9579, NLL: 1.4599, Masked: 12.5359, Reg: 0.139374
Epoch [34/125], Total Loss: 127.0032, NLL: 1.4574, Masked: 12.5406, Reg: 0.139333
Epoch [35/125], Total Loss: 126.9372, NLL: 1.4500, Masked: 12.5348, Reg: 0.139301
Epoch [36/125], Total Loss: 126.8442, NLL: 1.4350, Masked: 12.5270, Reg: 0.139386
Epoch [37/125], Total Loss: 126.8067, NLL: 1.4359, Masked: 12.5232, Reg: 0.139345
Epoch [38/125], Total Loss: 127.0146, NLL: 1.4269, Masked: 12.5448, Reg: 0.139392
Epoch [39/125], Total Loss: 126.9240, NLL: 1.4188, Masked: 12.5366, Reg: 0.139454
Epoch [40/125], Total Loss: 126.8083, NLL: 1.4170, Masked: 12.5252, Reg: 0.139376
Epoch [41/125], Total Loss: 126.9777, NLL: 1.4105, Masked: 12.5428, Reg: 0.139442
Epoch [42/125], Total Loss: 126.8069, NLL: 1.4122, Masked: 12.5255, Reg: 0.139327
Epoch [43/125], Total Loss: 126.8918, NLL: 1.4023, Masked: 12.5350, Reg: 0.139399
Epoch [44/125], Total Loss: 126.7604, NLL: 1.3963, Masked: 12.5225, Reg: 0.139469
Epoch [45/125], Total Loss: 126.7498, NLL: 1.3853, Masked: 12.5225, Reg: 0.139553
Epoch [46/125], Total Loss: 126.8241, NLL: 1.3890, Masked: 12.5296, Reg: 0.139387
Epoch [47/125], Total Loss: 126.7787, NLL: 1.3843, Masked: 12.5255, Reg: 0.139417
Epoch [48/125], Total Loss: 126.7368, NLL: 1.3745, Masked: 12.5223, Reg: 0.139522
Epoch [49/125], Total Loss: 126.7117, NLL: 1.3727, Masked: 12.5200, Reg: 0.139480
Epoch [50/125], Total Loss: 126.7824, NLL: 1.3700, Masked: 12.5273, Reg: 0.139506
Epoch [51/125], Total Loss: 126.5194, NLL: 1.3672, Masked: 12.5013, Reg: 0.139376
Epoch [52/125], Total Loss: 126.6391, NLL: 1.3596, Masked: 12.5140, Reg: 0.139490
Epoch [53/125], Total Loss: 126.5191, NLL: 1.3532, Masked: 12.5026, Reg: 0.139502
Epoch [54/125], Total Loss: 126.5026, NLL: 1.3541, Masked: 12.5009, Reg: 0.139425
Epoch [55/125], Total Loss: 126.4592, NLL: 1.3485, Masked: 12.4971, Reg: 0.139473
Epoch [56/125], Total Loss: 126.5387, NLL: 1.3444, Masked: 12.5055, Reg: 0.139487
Epoch [57/125], Total Loss: 126.4329, NLL: 1.3388, Masked: 12.4955, Reg: 0.139553
Epoch [58/125], Total Loss: 126.5133, NLL: 1.3396, Masked: 12.5034, Reg: 0.139512
Epoch [59/125], Total Loss: 126.2970, NLL: 1.3359, Masked: 12.4822, Reg: 0.139488
Epoch [60/125], Total Loss: 126.3267, NLL: 1.3382, Masked: 12.4849, Reg: 0.139369
Epoch [61/125], Total Loss: 126.3667, NLL: 1.3361, Masked: 12.4891, Reg: 0.139272
Epoch [62/125], Total Loss: 126.2793, NLL: 1.3289, Masked: 12.4811, Reg: 0.139365
Epoch [63/125], Total Loss: 126.1885, NLL: 1.3308, Masked: 12.4718, Reg: 0.139268
Epoch [64/125], Total Loss: 126.2533, NLL: 1.3279, Masked: 12.4786, Reg: 0.139270
Epoch [65/125], Total Loss: 126.0302, NLL: 1.3269, Masked: 12.4564, Reg: 0.139179
Epoch [66/125], Total Loss: 126.2640, NLL: 1.3254, Masked: 12.4800, Reg: 0.139125
Epoch [67/125], Total Loss: 126.0836, NLL: 1.3238, Masked: 12.4621, Reg: 0.139063
Epoch [68/125], Total Loss: 126.1069, NLL: 1.3138, Masked: 12.4654, Reg: 0.139164
Epoch [69/125], Total Loss: 126.1973, NLL: 1.3174, Masked: 12.4741, Reg: 0.139113
Epoch [70/125], Total Loss: 126.2274, NLL: 1.3151, Masked: 12.4773, Reg: 0.139031
Epoch [71/125], Total Loss: 126.3332, NLL: 1.3117, Masked: 12.4883, Reg: 0.139030
Epoch [72/125], Total Loss: 126.3188, NLL: 1.3131, Masked: 12.4867, Reg: 0.138942
Epoch [73/125], Total Loss: 126.2550, NLL: 1.3145, Masked: 12.4802, Reg: 0.138826
Epoch [74/125], Total Loss: 126.2948, NLL: 1.3136, Masked: 12.4842, Reg: 0.138775
Epoch [75/125], Total Loss: 126.2868, NLL: 1.3078, Masked: 12.4840, Reg: 0.138778
Epoch [76/125], Total Loss: 126.2356, NLL: 1.3085, Masked: 12.4788, Reg: 0.138689
Epoch [77/125], Total Loss: 126.1318, NLL: 1.3086, Masked: 12.4685, Reg: 0.138621
Epoch [78/125], Total Loss: 126.2932, NLL: 1.3097, Masked: 12.4845, Reg: 0.138538
Epoch [79/125], Total Loss: 126.1589, NLL: 1.3029, Masked: 12.4717, Reg: 0.138567
Epoch [80/125], Total Loss: 126.2431, NLL: 1.3076, Masked: 12.4797, Reg: 0.138405
Epoch [81/125], Total Loss: 126.2008, NLL: 1.3072, Masked: 12.4755, Reg: 0.138308
Epoch [82/125], Total Loss: 126.3084, NLL: 1.3036, Masked: 12.4866, Reg: 0.138323
Epoch [83/125], Total Loss: 126.1901, NLL: 1.3030, Masked: 12.4749, Reg: 0.138249
Epoch [84/125], Total Loss: 126.1917, NLL: 1.3015, Masked: 12.4752, Reg: 0.138183
Epoch [85/125], Total Loss: 126.2184, NLL: 1.3035, Masked: 12.4777, Reg: 0.138048
Epoch [86/125], Total Loss: 126.1630, NLL: 1.2982, Masked: 12.4727, Reg: 0.138087
Epoch [87/125], Total Loss: 126.2710, NLL: 1.3027, Masked: 12.4830, Reg: 0.137922
Epoch [88/125], Total Loss: 126.2880, NLL: 1.3003, Masked: 12.4850, Reg: 0.137866
Epoch [89/125], Total Loss: 126.1316, NLL: 1.2998, Masked: 12.4694, Reg: 0.137737
Epoch [90/125], Total Loss: 126.3476, NLL: 1.2965, Masked: 12.4913, Reg: 0.137770
Epoch [91/125], Total Loss: 126.1757, NLL: 1.2989, Masked: 12.4739, Reg: 0.137588
Epoch [92/125], Total Loss: 126.2133, NLL: 1.2994, Masked: 12.4776, Reg: 0.137530
Epoch [93/125], Total Loss: 126.1631, NLL: 1.2972, Masked: 12.4728, Reg: 0.137446
Epoch [94/125], Total Loss: 126.1787, NLL: 1.2954, Masked: 12.4746, Reg: 0.137480
Epoch [95/125], Total Loss: 126.1035, NLL: 1.2980, Masked: 12.4668, Reg: 0.137257
Epoch [96/125], Total Loss: 126.2849, NLL: 1.2933, Masked: 12.4854, Reg: 0.137328
Epoch [97/125], Total Loss: 126.3898, NLL: 1.2925, Masked: 12.4960, Reg: 0.137215
Epoch [98/125], Total Loss: 126.0801, NLL: 1.2943, Masked: 12.4649, Reg: 0.137060
Epoch [99/125], Total Loss: 126.1978, NLL: 1.2936, Masked: 12.4767, Reg: 0.137052
Epoch [100/125], Total Loss: 126.2598, NLL: 1.2956, Masked: 12.4827, Reg: 0.136867
Epoch [101/125], Total Loss: 126.3966, NLL: 1.2944, Masked: 12.4965, Reg: 0.136865
Epoch [102/125], Total Loss: 126.1330, NLL: 1.2913, Masked: 12.4705, Reg: 0.136737
Epoch [103/125], Total Loss: 126.2715, NLL: 1.2926, Masked: 12.4842, Reg: 0.136667
Epoch [104/125], Total Loss: 126.1813, NLL: 1.2907, Masked: 12.4754, Reg: 0.136589
Epoch [105/125], Total Loss: 126.2616, NLL: 1.2935, Masked: 12.4832, Reg: 0.136434
Epoch [106/125], Total Loss: 126.2679, NLL: 1.2945, Masked: 12.4837, Reg: 0.136409
Epoch [107/125], Total Loss: 126.1872, NLL: 1.2845, Masked: 12.4766, Reg: 0.136394
Epoch [108/125], Total Loss: 126.2604, NLL: 1.2901, Masked: 12.4834, Reg: 0.136277
Epoch [109/125], Total Loss: 126.3142, NLL: 1.2892, Masked: 12.4889, Reg: 0.136198
Epoch [110/125], Total Loss: 126.1767, NLL: 1.2895, Masked: 12.4751, Reg: 0.136032
Epoch [111/125], Total Loss: 126.3283, NLL: 1.2901, Masked: 12.4902, Reg: 0.135985
Epoch [112/125], Total Loss: 126.0453, NLL: 1.2937, Masked: 12.4616, Reg: 0.135785
Epoch [113/125], Total Loss: 126.2883, NLL: 1.2903, Masked: 12.4862, Reg: 0.135747
Epoch [114/125], Total Loss: 126.1923, NLL: 1.2881, Masked: 12.4769, Reg: 0.135650
Epoch [115/125], Total Loss: 126.3034, NLL: 1.2886, Masked: 12.4879, Reg: 0.135636
Epoch [116/125], Total Loss: 126.2853, NLL: 1.2833, Masked: 12.4866, Reg: 0.135612
Epoch [117/125], Total Loss: 126.3674, NLL: 1.2906, Masked: 12.4941, Reg: 0.135382
Epoch [118/125], Total Loss: 126.2865, NLL: 1.2854, Masked: 12.4866, Reg: 0.135381
Epoch [119/125], Total Loss: 126.4706, NLL: 1.2872, Masked: 12.5048, Reg: 0.135280
Epoch [120/125], Total Loss: 126.1979, NLL: 1.2871, Masked: 12.4776, Reg: 0.135167
Epoch [121/125], Total Loss: 126.2544, NLL: 1.2913, Masked: 12.4828, Reg: 0.135022
Epoch [122/125], Total Loss: 126.3735, NLL: 1.2873, Masked: 12.4951, Reg: 0.135019
Epoch [123/125], Total Loss: 126.2866, NLL: 1.2846, Masked: 12.4867, Reg: 0.134914
Epoch [124/125], Total Loss: 126.2745, NLL: 1.2859, Masked: 12.4854, Reg: 0.134821
Epoch [125/125], Total Loss: 126.3944, NLL: 1.2865, Masked: 12.4973, Reg: 0.134753

==================================================
EVALUATING ON TRAINING DATA
==================================================

==================================================
TEST RESULTS
==================================================
Total Loss: 125.714621
  - ZINB NLL: 1.239822
Total number of masked values: 2156282
  - Number of values with pi >= 0.6343715185713052: 1219575
  - Number of values with pi < 0.6343715185713052: 936707
  - Masked Reconstruction: 12.434010
  - Regularization: 0.134700
Mean Absolute Error (MAE): 2.905232
R² Score: 0.018629
==================================================


==================================================
TEST RESULTS
==================================================
Total Loss: 135.661974
  - ZINB NLL: 1.240632
Total number of masked values: 846673
  - Number of values with pi >= 0.6343715185713052: 465713
  - Number of values with pi < 0.6343715185713052: 380960
  - Masked Reconstruction: 13.428664
  - Regularization: 0.134700
Mean Absolute Error (MAE): 2.838821
R² Score: 0.012252
==================================================


>>> Optimizing zinb_nll on VALIDATION set: 1.240632
>>> Full validation metrics: {'total_loss': 135.66197449719465, 'zinb_nll': 1.2406323836357505, 'mae': 2.8388211727142334, 'r2': 0.01225191354751587, 'masked_loss': 13.428664148736884, 'reg_loss': 0.1347002929687496}

Iteration No: 33 ended. Search finished for the next optimal point.
Time taken: 1058.1209
Function value obtained: 1.2406
Current minimum: 0.9896
Iteration No: 34 started. Searching for the next optimal point.

================================================================================
Trial with parameters:
  features: Nucl
  step_size: 1.0
  bin_size: 1
  sample_fraction: 0.6152623690283492
  moving_average: True
  first_layer_size_factor: 150
  num_layers: 3
  use_conv: False
  conv_channel: 103
  pool_size: 2
  kernel_size: 3
  epochs: 116
  batch_size: 128
  pi_threshold: 0.43125875419817516
  learning_rate: 3.516899114487863e-05
  dropout_rate: 0.5
  masked_recon_weight: 0.0013422081402609688
  regularizer: l1
  regularization_weight: 1e-05
================================================================================

Creating datasets with:
  features: ['Nucl']
  bin_size: 1
  moving_average: True
  data_point_length: 2000 (from 2000)
  step_size: 2000 (from fraction 1.0)
  layers: [np.int64(2400), np.int64(1200), np.int64(600)] (first=2400, num=3)
  stride: 1 (fixed), padding: same (fixed)


Clipping outliers using 95th percentile * 1.5...
strain_yTW001: Clipping values above 134.25 (P95=89.50). Clipped 27529/1193409 values (2.31%)
strain_FD: Clipping values above 71.92 (P95=47.94). Clipped 95791/4127807 values (2.32%)
strain_dnrp: Clipping values above 243.00 (P95=162.00). Clipped 25649/1119454 values (2.29%)
strain_yEK19: Clipping values above 77.10 (P95=51.40). Clipped 83713/3893623 values (2.15%)
strain_yEK23: Clipping values above 72.00 (P95=48.00). Clipped 86381/3558407 values (2.43%)
strain_yWT03a: Clipping values above 15.00 (P95=10.00). Clipped 10602/347679 values (3.05%)
strain_yWT04a: Clipping values above 58.50 (P95=39.00). Clipped 21095/725406 values (2.91%)
strain_ylic137: Clipping values above 142.50 (P95=95.00). Clipped 28746/1112684 values (2.58%)
Standardizing features: ['Nucl']
Column order in final array (Dataset/Chrom split): ['Value', 'Nucleosome_Distance', 'Value_Raw', 'Size_Factor']
Removing 0 empty data points out of 27424
Column order in final array (Dataset/Chrom split): ['Value', 'Nucleosome_Distance', 'Value_Raw', 'Size_Factor']
Removing 0 empty data points out of 10328
Column order in final array (Dataset/Chrom split): ['Value', 'Nucleosome_Distance', 'Value_Raw', 'Size_Factor']
Removing 0 empty data points out of 10608
Datasets created:
  Train: (27424, 2000, 4), Val: (10328, 2000, 4), Test: (10608, 2000, 4)

Randomly sampled 16872/27424 samples (61.5%)
Applied denoising with 15.0% masking
Applied denoising with 15.0% masking
Applied denoising with 15.0% masking
Epoch [1/116], Total Loss: 3.6193, NLL: 2.0936, Masked: 31.6985, Reg: 1.483120
Epoch [2/116], Total Loss: 2.3132, NLL: 1.3446, Masked: 18.1615, Reg: 0.944170
Epoch [3/116], Total Loss: 1.7916, NLL: 1.0385, Masked: 13.8143, Reg: 0.734551
Epoch [4/116], Total Loss: 1.6084, NLL: 1.0164, Masked: 13.6693, Reg: 0.573644
Epoch [5/116], Total Loss: 1.4790, NLL: 1.0086, Masked: 13.6612, Reg: 0.452074
Epoch [6/116], Total Loss: 1.3910, NLL: 1.0065, Masked: 13.6296, Reg: 0.366245
Epoch [7/116], Total Loss: 1.3370, NLL: 1.0074, Masked: 13.6482, Reg: 0.311331
Epoch [8/116], Total Loss: 1.3000, NLL: 1.0080, Masked: 13.6701, Reg: 0.273722
Epoch [9/116], Total Loss: 1.2713, NLL: 1.0074, Masked: 13.6486, Reg: 0.245573
Epoch [10/116], Total Loss: 1.2469, NLL: 1.0054, Masked: 13.6047, Reg: 0.223290
Epoch [11/116], Total Loss: 1.2290, NLL: 1.0052, Masked: 13.6165, Reg: 0.205548
Epoch [12/116], Total Loss: 1.2139, NLL: 1.0045, Masked: 13.6064, Reg: 0.191190
Epoch [13/116], Total Loss: 1.2022, NLL: 1.0047, Masked: 13.5838, Reg: 0.179288
Epoch [14/116], Total Loss: 1.1926, NLL: 1.0050, Masked: 13.5946, Reg: 0.169375
Epoch [15/116], Total Loss: 1.1866, NLL: 1.0053, Masked: 13.6136, Reg: 0.163078
Epoch [16/116], Total Loss: 1.1803, NLL: 1.0063, Masked: 13.6267, Reg: 0.155659
Epoch [17/116], Total Loss: 1.1726, NLL: 1.0057, Masked: 13.6149, Reg: 0.148636
Epoch [18/116], Total Loss: 1.1657, NLL: 1.0047, Masked: 13.5965, Reg: 0.142706
Epoch [19/116], Total Loss: 1.1589, NLL: 1.0041, Masked: 13.5911, Reg: 0.136570
Epoch [20/116], Total Loss: 1.1543, NLL: 1.0035, Masked: 13.5935, Reg: 0.132492
Epoch [21/116], Total Loss: 1.1496, NLL: 1.0030, Masked: 13.5825, Reg: 0.128383
Epoch [22/116], Total Loss: 1.1458, NLL: 1.0030, Masked: 13.5917, Reg: 0.124503
Epoch [23/116], Total Loss: 1.1429, NLL: 1.0031, Masked: 13.5587, Reg: 0.121604
Epoch [24/116], Total Loss: 1.1401, NLL: 1.0025, Masked: 13.5962, Reg: 0.119340
Epoch [25/116], Total Loss: 1.1381, NLL: 1.0033, Masked: 13.5676, Reg: 0.116543
Epoch [26/116], Total Loss: 1.1353, NLL: 1.0030, Masked: 13.5938, Reg: 0.114042
Epoch [27/116], Total Loss: 1.1327, NLL: 1.0026, Masked: 13.5916, Reg: 0.111821
Epoch [28/116], Total Loss: 1.1314, NLL: 1.0030, Masked: 13.6009, Reg: 0.110064
Epoch [29/116], Total Loss: 1.1291, NLL: 1.0024, Masked: 13.5945, Reg: 0.108383
Epoch [30/116], Total Loss: 1.1289, NLL: 1.0032, Masked: 13.5941, Reg: 0.107376
Epoch [31/116], Total Loss: 1.1260, NLL: 1.0022, Masked: 13.5836, Reg: 0.105556
Epoch [32/116], Total Loss: 1.1250, NLL: 1.0025, Masked: 13.5986, Reg: 0.104300
Epoch [33/116], Total Loss: 1.1234, NLL: 1.0023, Masked: 13.5859, Reg: 0.102870
Epoch [34/116], Total Loss: 1.1224, NLL: 1.0024, Masked: 13.5717, Reg: 0.101830
Epoch [35/116], Total Loss: 1.1210, NLL: 1.0019, Masked: 13.5902, Reg: 0.100871
Epoch [36/116], Total Loss: 1.1198, NLL: 1.0017, Masked: 13.5774, Reg: 0.099852
Epoch [37/116], Total Loss: 1.1192, NLL: 1.0022, Masked: 13.5704, Reg: 0.098813
Epoch [38/116], Total Loss: 1.1197, NLL: 1.0025, Masked: 13.5713, Reg: 0.098956
Epoch [39/116], Total Loss: 1.1183, NLL: 1.0023, Masked: 13.5670, Reg: 0.097822
Epoch [40/116], Total Loss: 1.1168, NLL: 1.0020, Masked: 13.5761, Reg: 0.096545
Epoch [41/116], Total Loss: 1.1159, NLL: 1.0018, Masked: 13.5942, Reg: 0.095833
Epoch [42/116], Total Loss: 1.1157, NLL: 1.0024, Masked: 13.5804, Reg: 0.095047
Epoch [43/116], Total Loss: 1.1146, NLL: 1.0018, Masked: 13.5778, Reg: 0.094526
Epoch [44/116], Total Loss: 1.1149, NLL: 1.0025, Masked: 13.5766, Reg: 0.094155
Epoch [45/116], Total Loss: 1.1134, NLL: 1.0018, Masked: 13.5811, Reg: 0.093401
Epoch [46/116], Total Loss: 1.1128, NLL: 1.0017, Masked: 13.5761, Reg: 0.092858
Epoch [47/116], Total Loss: 1.1123, NLL: 1.0017, Masked: 13.5851, Reg: 0.092343
Epoch [48/116], Total Loss: 1.1119, NLL: 1.0019, Masked: 13.5916, Reg: 0.091743
Epoch [49/116], Total Loss: 1.1111, NLL: 1.0015, Masked: 13.5915, Reg: 0.091342
Epoch [50/116], Total Loss: 1.1111, NLL: 1.0018, Masked: 13.5617, Reg: 0.091087
Epoch [51/116], Total Loss: 1.1101, NLL: 1.0015, Masked: 13.5979, Reg: 0.090400
Epoch [52/116], Total Loss: 1.1099, NLL: 1.0016, Masked: 13.5785, Reg: 0.090037
Epoch [53/116], Total Loss: 1.1098, NLL: 1.0020, Masked: 13.5746, Reg: 0.089519
Epoch [54/116], Total Loss: 1.1085, NLL: 1.0013, Masked: 13.5625, Reg: 0.089003
Epoch [55/116], Total Loss: 1.1082, NLL: 1.0014, Masked: 13.5639, Reg: 0.088621
Epoch [56/116], Total Loss: 1.1078, NLL: 1.0013, Masked: 13.5841, Reg: 0.088295
Epoch [57/116], Total Loss: 1.1075, NLL: 1.0014, Masked: 13.5893, Reg: 0.087901
Epoch [58/116], Total Loss: 1.1073, NLL: 1.0014, Masked: 13.5817, Reg: 0.087644
Epoch [59/116], Total Loss: 1.1070, NLL: 1.0015, Masked: 13.5726, Reg: 0.087287
Epoch [60/116], Total Loss: 1.1070, NLL: 1.0018, Masked: 13.5665, Reg: 0.086949
Epoch [61/116], Total Loss: 1.1069, NLL: 1.0018, Masked: 13.5773, Reg: 0.086849
Epoch [62/116], Total Loss: 1.1058, NLL: 1.0012, Masked: 13.5830, Reg: 0.086326
Epoch [63/116], Total Loss: 1.1055, NLL: 1.0013, Masked: 13.5681, Reg: 0.085997
Epoch [64/116], Total Loss: 1.1052, NLL: 1.0013, Masked: 13.5742, Reg: 0.085656
Epoch [65/116], Total Loss: 1.1049, NLL: 1.0014, Masked: 13.5637, Reg: 0.085280
Epoch [66/116], Total Loss: 1.1050, NLL: 1.0018, Masked: 13.5540, Reg: 0.085085
Epoch [67/116], Total Loss: 1.1043, NLL: 1.0012, Masked: 13.5814, Reg: 0.084925
Epoch [68/116], Total Loss: 1.1050, NLL: 1.0018, Masked: 13.5739, Reg: 0.084937
Epoch [69/116], Total Loss: 1.1039, NLL: 1.0013, Masked: 13.5965, Reg: 0.084421
Epoch [70/116], Total Loss: 1.1033, NLL: 1.0012, Masked: 13.5778, Reg: 0.083946
Epoch [71/116], Total Loss: 1.1032, NLL: 1.0013, Masked: 13.5746, Reg: 0.083733
Epoch [72/116], Total Loss: 1.1033, NLL: 1.0016, Masked: 13.5742, Reg: 0.083539
Epoch [73/116], Total Loss: 1.1028, NLL: 1.0012, Masked: 13.5754, Reg: 0.083295
Epoch [74/116], Total Loss: 1.1021, NLL: 1.0009, Masked: 13.5591, Reg: 0.082967
Epoch [75/116], Total Loss: 1.1019, NLL: 1.0010, Masked: 13.5814, Reg: 0.082656
Epoch [76/116], Total Loss: 1.1021, NLL: 1.0015, Masked: 13.5543, Reg: 0.082426
Epoch [77/116], Total Loss: 1.1015, NLL: 1.0012, Masked: 13.5540, Reg: 0.082187
Epoch [78/116], Total Loss: 1.1012, NLL: 1.0009, Masked: 13.5788, Reg: 0.082063
Epoch [79/116], Total Loss: 1.1014, NLL: 1.0013, Masked: 13.5819, Reg: 0.081854
Epoch [80/116], Total Loss: 1.1011, NLL: 1.0013, Masked: 13.5746, Reg: 0.081623
Epoch [81/116], Total Loss: 1.1004, NLL: 1.0006, Masked: 13.5627, Reg: 0.081535
Epoch [82/116], Total Loss: 1.1007, NLL: 1.0013, Masked: 13.5701, Reg: 0.081188
Epoch [83/116], Total Loss: 1.1006, NLL: 1.0013, Masked: 13.5766, Reg: 0.081047
Epoch [84/116], Total Loss: 1.1001, NLL: 1.0009, Masked: 13.5939, Reg: 0.081002
Epoch [85/116], Total Loss: 1.1004, NLL: 1.0013, Masked: 13.5922, Reg: 0.080860
Epoch [86/116], Total Loss: 1.1004, NLL: 1.0014, Masked: 13.5964, Reg: 0.080795
Epoch [87/116], Total Loss: 1.0996, NLL: 1.0010, Masked: 13.5783, Reg: 0.080426
Epoch [88/116], Total Loss: 1.0993, NLL: 1.0009, Masked: 13.5648, Reg: 0.080101
Epoch [89/116], Total Loss: 1.0993, NLL: 1.0011, Masked: 13.5775, Reg: 0.079992
Epoch [90/116], Total Loss: 1.0990, NLL: 1.0010, Masked: 13.5939, Reg: 0.079706
Epoch [91/116], Total Loss: 1.0991, NLL: 1.0013, Masked: 13.5547, Reg: 0.079517
Epoch [92/116], Total Loss: 1.0986, NLL: 1.0009, Masked: 13.5883, Reg: 0.079399
Epoch [93/116], Total Loss: 1.0987, NLL: 1.0012, Masked: 13.5818, Reg: 0.079267
Epoch [94/116], Total Loss: 1.0981, NLL: 1.0009, Masked: 13.5715, Reg: 0.079060
Epoch [95/116], Total Loss: 1.0978, NLL: 1.0008, Masked: 13.5730, Reg: 0.078835
Epoch [96/116], Total Loss: 1.0974, NLL: 1.0005, Masked: 13.5495, Reg: 0.078717
Epoch [97/116], Total Loss: 1.0975, NLL: 1.0006, Masked: 13.5722, Reg: 0.078670
Epoch [98/116], Total Loss: 1.0978, NLL: 1.0011, Masked: 13.5980, Reg: 0.078451
Epoch [99/116], Total Loss: 1.0969, NLL: 1.0004, Masked: 13.5895, Reg: 0.078239
Epoch [100/116], Total Loss: 1.0969, NLL: 1.0006, Masked: 13.5735, Reg: 0.078099
Epoch [101/116], Total Loss: 1.0967, NLL: 1.0006, Masked: 13.5553, Reg: 0.077936
Epoch [102/116], Total Loss: 1.0963, NLL: 1.0004, Masked: 13.5638, Reg: 0.077729
Epoch [103/116], Total Loss: 1.0965, NLL: 1.0007, Masked: 13.5709, Reg: 0.077528
Epoch [104/116], Total Loss: 1.0964, NLL: 1.0006, Masked: 13.5595, Reg: 0.077593
Epoch [105/116], Total Loss: 1.0960, NLL: 1.0004, Masked: 13.5750, Reg: 0.077334
Epoch [106/116], Total Loss: 1.0956, NLL: 1.0004, Masked: 13.5576, Reg: 0.077080
Epoch [107/116], Total Loss: 1.0960, NLL: 1.0009, Masked: 13.5635, Reg: 0.076925
Epoch [108/116], Total Loss: 1.0961, NLL: 1.0010, Masked: 13.5950, Reg: 0.076874
Epoch [109/116], Total Loss: 1.0954, NLL: 1.0004, Masked: 13.5751, Reg: 0.076739
Epoch [110/116], Total Loss: 1.0954, NLL: 1.0006, Masked: 13.5504, Reg: 0.076597
Epoch [111/116], Total Loss: 1.0961, NLL: 1.0013, Masked: 13.5868, Reg: 0.076468
Epoch [112/116], Total Loss: 1.0957, NLL: 1.0011, Masked: 13.5783, Reg: 0.076328
Epoch [113/116], Total Loss: 1.0960, NLL: 1.0016, Masked: 13.5736, Reg: 0.076211
Epoch [114/116], Total Loss: 1.0955, NLL: 1.0013, Masked: 13.5788, Reg: 0.076061
Epoch [115/116], Total Loss: 1.0951, NLL: 1.0010, Masked: 13.5690, Reg: 0.075842
Epoch [116/116], Total Loss: 1.0950, NLL: 1.0011, Masked: 13.5560, Reg: 0.075708

==================================================
EVALUATING ON TRAINING DATA
==================================================

==================================================
TEST RESULTS
==================================================
Total Loss: 1.081275
  - ZINB NLL: 0.987384
Total number of masked values: 825484
  - Number of values with pi >= 0.43125875419817516: 817975
  - Number of values with pi < 0.43125875419817516: 7509
  - Masked Reconstruction: 13.539613
  - Regularization: 0.075718
Mean Absolute Error (MAE): 2.252432
R² Score: -0.032909
==================================================


==================================================
TEST RESULTS
==================================================
Total Loss: 1.084221
  - ZINB NLL: 0.989485
Total number of masked values: 506645
  - Number of values with pi >= 0.43125875419817516: 502601
  - Number of values with pi < 0.43125875419817516: 4044
  - Masked Reconstruction: 14.168900
  - Regularization: 0.075718
Mean Absolute Error (MAE): 2.207285
R² Score: -0.038719
==================================================


>>> Optimizing zinb_nll on VALIDATION set: 0.989485
>>> Full validation metrics: {'total_loss': 1.0842206241731769, 'zinb_nll': 0.9894845180507781, 'mae': 2.207285165786743, 'r2': -0.03871941566467285, 'masked_loss': 14.168900348713562, 'reg_loss': 0.07571849609375003}

Iteration No: 34 ended. Search finished for the next optimal point.
Time taken: 748.1960
Function value obtained: 0.9895
Current minimum: 0.9895
Iteration No: 35 started. Searching for the next optimal point.

================================================================================
Trial with parameters:
  features: Nucl
  step_size: 1.0
  bin_size: 1
  sample_fraction: 0.25
  moving_average: True
  first_layer_size_factor: 150
  num_layers: 1
  use_conv: False
  conv_channel: 128
  pool_size: 2
  kernel_size: 9
  epochs: 30
  batch_size: 32
  pi_threshold: 0.3
  learning_rate: 1e-05
  dropout_rate: 0.5
  masked_recon_weight: 10.0
  regularizer: l1
  regularization_weight: 1e-05
================================================================================

Creating datasets with:
  features: ['Nucl']
  bin_size: 1
  moving_average: True
  data_point_length: 2000 (from 2000)
  step_size: 2000 (from fraction 1.0)
  layers: [np.int64(2400)] (first=2400, num=1)
  stride: 1 (fixed), padding: same (fixed)


Clipping outliers using 95th percentile * 1.5...
strain_yTW001: Clipping values above 134.25 (P95=89.50). Clipped 27529/1193409 values (2.31%)
strain_FD: Clipping values above 71.92 (P95=47.94). Clipped 95791/4127807 values (2.32%)
strain_dnrp: Clipping values above 243.00 (P95=162.00). Clipped 25649/1119454 values (2.29%)
strain_yEK19: Clipping values above 77.10 (P95=51.40). Clipped 83713/3893623 values (2.15%)
strain_yEK23: Clipping values above 72.00 (P95=48.00). Clipped 86381/3558407 values (2.43%)
strain_yWT03a: Clipping values above 15.00 (P95=10.00). Clipped 10602/347679 values (3.05%)
strain_yWT04a: Clipping values above 58.50 (P95=39.00). Clipped 21095/725406 values (2.91%)
strain_ylic137: Clipping values above 142.50 (P95=95.00). Clipped 28746/1112684 values (2.58%)
Standardizing features: ['Nucl']
Column order in final array (Dataset/Chrom split): ['Value', 'Nucleosome_Distance', 'Value_Raw', 'Size_Factor']
Removing 0 empty data points out of 27424
Column order in final array (Dataset/Chrom split): ['Value', 'Nucleosome_Distance', 'Value_Raw', 'Size_Factor']
Removing 0 empty data points out of 10328
Column order in final array (Dataset/Chrom split): ['Value', 'Nucleosome_Distance', 'Value_Raw', 'Size_Factor']
Removing 0 empty data points out of 10608
Datasets created:
  Train: (27424, 2000, 4), Val: (10328, 2000, 4), Test: (10608, 2000, 4)

Randomly sampled 6856/27424 samples (25.0%)
Applied denoising with 15.0% masking
Applied denoising with 15.0% masking
Applied denoising with 15.0% masking
Epoch [1/30], Total Loss: 293.6804, NLL: 2.0067, Masked: 29.0653, Reg: 1.020535
Epoch [2/30], Total Loss: 164.0839, NLL: 1.4418, Masked: 16.1608, Reg: 1.034265
Epoch [3/30], Total Loss: 142.7428, NLL: 1.2620, Masked: 14.0411, Reg: 1.069769
Epoch [4/30], Total Loss: 140.7312, NLL: 1.2448, Masked: 13.8420, Reg: 1.066479
Epoch [5/30], Total Loss: 139.7869, NLL: 1.2354, Masked: 13.7492, Reg: 1.059079
Epoch [6/30], Total Loss: 139.5854, NLL: 1.2280, Masked: 13.7306, Reg: 1.051570
Epoch [7/30], Total Loss: 138.8348, NLL: 1.2240, Masked: 13.6568, Reg: 1.043133
Epoch [8/30], Total Loss: 139.2231, NLL: 1.2205, Masked: 13.6967, Reg: 1.035284
Epoch [9/30], Total Loss: 145.9005, NLL: 1.2173, Masked: 14.3655, Reg: 1.027964
Epoch [10/30], Total Loss: 138.8778, NLL: 1.2154, Masked: 13.6642, Reg: 1.020432
Epoch [11/30], Total Loss: 141.3874, NLL: 1.2146, Masked: 13.9159, Reg: 1.014190
Epoch [12/30], Total Loss: 137.6352, NLL: 1.2118, Masked: 13.5416, Reg: 1.007468
Epoch [13/30], Total Loss: 18533.5487, NLL: 1.2099, Masked: 1853.1337, Reg: 1.001498
Epoch [14/30], Total Loss: 193.7462, NLL: 1.2079, Masked: 19.1542, Reg: 0.996643
Epoch [15/30], Total Loss: 137.3611, NLL: 1.2058, Masked: 13.5164, Reg: 0.991040
Epoch [16/30], Total Loss: 137.3721, NLL: 1.2034, Masked: 13.5183, Reg: 0.985497
Epoch [17/30], Total Loss: 138.9488, NLL: 1.2002, Masked: 13.6769, Reg: 0.979440
Epoch [18/30], Total Loss: 137.5532, NLL: 1.1978, Masked: 13.5381, Reg: 0.973972
Epoch [19/30], Total Loss: 502.3805, NLL: 1.1956, Masked: 50.0216, Reg: 0.968514
Epoch [20/30], Total Loss: 137.6996, NLL: 1.1945, Masked: 13.5542, Reg: 0.963438
Epoch [21/30], Total Loss: 136.6437, NLL: 1.1925, Masked: 13.4493, Reg: 0.958241
Epoch [22/30], Total Loss: 534.0692, NLL: 1.1907, Masked: 53.1925, Reg: 0.953529
Epoch [23/30], Total Loss: 136.2808, NLL: 1.1877, Masked: 13.4146, Reg: 0.947551
Epoch [24/30], Total Loss: 136.7006, NLL: 1.1835, Masked: 13.4574, Reg: 0.942635
Epoch [25/30], Total Loss: 136.0325, NLL: 1.1805, Masked: 13.3913, Reg: 0.938871
Epoch [26/30], Total Loss: 3653.6262, NLL: 1.1780, Masked: 365.1515, Reg: 0.933258
Epoch [27/30], Total Loss: 135.9785, NLL: 1.1749, Masked: 13.3875, Reg: 0.928123
Epoch [28/30], Total Loss: 6545.0786, NLL: 1.1727, Masked: 654.2983, Reg: 0.923467
Epoch [29/30], Total Loss: 135.5372, NLL: 1.1696, Masked: 13.3450, Reg: 0.917838
Epoch [30/30], Total Loss: 136.9351, NLL: 1.1672, Masked: 13.4853, Reg: 0.915136

==================================================
EVALUATING ON TRAINING DATA
==================================================

==================================================
TEST RESULTS
==================================================
Total Loss: 816.601214
  - ZINB NLL: 1.163771
Total number of masked values: 341899
  - Number of values with pi >= 0.3: 314257
  - Number of values with pi < 0.3: 27642
  - Masked Reconstruction: 81.452491
  - Regularization: 0.912511
Mean Absolute Error (MAE): 8.840060
R² Score: -547944.125000
==================================================


==================================================
TEST RESULTS
==================================================
Total Loss: 142.662850
  - ZINB NLL: 1.149921
Total number of masked values: 506645
  - Number of values with pi >= 0.3: 461263
  - Number of values with pi < 0.3: 45382
  - Masked Reconstruction: 14.060042
  - Regularization: 0.912511
Mean Absolute Error (MAE): 2.636611
R² Score: -0.115602
==================================================


>>> Optimizing zinb_nll on VALIDATION set: 1.149921
>>> Full validation metrics: {'total_loss': 142.66285013543092, 'zinb_nll': 1.1499207226644645, 'mae': 2.636610746383667, 'r2': -0.11560189723968506, 'masked_loss': 14.060041908881722, 'reg_loss': 0.9125109374999981}

Iteration No: 35 ended. Search finished for the next optimal point.
Time taken: 603.6623
Function value obtained: 1.1499
Current minimum: 0.9895
Iteration No: 36 started. Searching for the next optimal point.

================================================================================
Trial with parameters:
  features: Nucl
  step_size: 0.25027748070367006
  bin_size: 1
  sample_fraction: 0.3336047187118886
  moving_average: True
  first_layer_size_factor: 150
  num_layers: 1
  use_conv: True
  conv_channel: 128
  pool_size: 2
  kernel_size: 7
  epochs: 150
  batch_size: 32
  pi_threshold: 0.3727230821752892
  learning_rate: 0.009993020054937239
  dropout_rate: 0.5
  masked_recon_weight: 0.0010430969656138002
  regularizer: l2
  regularization_weight: 1e-05
================================================================================

Creating datasets with:
  features: ['Nucl']
  bin_size: 1
  moving_average: True
  data_point_length: 2000 (from 2000)
  step_size: 500 (from fraction 0.25027748070367006)
  layers: [np.int64(2400)] (first=2400, num=1)
  stride: 1 (fixed), padding: same (fixed)


Clipping outliers using 95th percentile * 1.5...
strain_yTW001: Clipping values above 134.25 (P95=89.50). Clipped 27529/1193409 values (2.31%)
strain_FD: Clipping values above 71.92 (P95=47.94). Clipped 95791/4127807 values (2.32%)
strain_dnrp: Clipping values above 243.00 (P95=162.00). Clipped 25649/1119454 values (2.29%)
strain_yEK19: Clipping values above 77.10 (P95=51.40). Clipped 83713/3893623 values (2.15%)
strain_yEK23: Clipping values above 72.00 (P95=48.00). Clipped 86381/3558407 values (2.43%)
strain_yWT03a: Clipping values above 15.00 (P95=10.00). Clipped 10602/347679 values (3.05%)
strain_yWT04a: Clipping values above 58.50 (P95=39.00). Clipped 21095/725406 values (2.91%)
strain_ylic137: Clipping values above 142.50 (P95=95.00). Clipped 28746/1112684 values (2.58%)
Standardizing features: ['Nucl']
Column order in final array (Dataset/Chrom split): ['Value', 'Nucleosome_Distance', 'Value_Raw', 'Size_Factor']
Removing 0 empty data points out of 109344
Column order in final array (Dataset/Chrom split): ['Value', 'Nucleosome_Distance', 'Value_Raw', 'Size_Factor']
Removing 0 empty data points out of 41184
Column order in final array (Dataset/Chrom split): ['Value', 'Nucleosome_Distance', 'Value_Raw', 'Size_Factor']
Removing 0 empty data points out of 42288
Datasets created:
  Train: (109344, 2000, 4), Val: (41184, 2000, 4), Test: (42288, 2000, 4)

Randomly sampled 36477/109344 samples (33.4%)
Applied denoising with 15.0% masking
Applied denoising with 15.0% masking
Applied denoising with 15.0% masking
Epoch [1/150], Total Loss: 20.3657, NLL: 1.9255, Masked: 17678.3168, Reg: 0.180686
Epoch [2/150], Total Loss: 10.0402, NLL: 0.9673, Masked: 8698.0687, Reg: 0.099165
Epoch [3/150], Total Loss: 1.1004, NLL: 0.9633, Masked: 131.4432, Reg: 0.103837
Epoch [4/150], Total Loss: 0.9660, NLL: 0.9516, Masked: 13.7948, Reg: 0.092460
Epoch [5/150], Total Loss: 10.5070, NLL: 1.0481, Masked: 9068.1577, Reg: 0.098547
Epoch [6/150], Total Loss: 10.8356, NLL: 0.9512, Masked: 9476.0604, Reg: 0.102475
Epoch [7/150], Total Loss: 2.4991, NLL: 0.9528, Masked: 1482.4102, Reg: 0.102634
Epoch [8/150], Total Loss: 2.7042, NLL: 0.9576, Masked: 1674.3713, Reg: 0.108110
Epoch [9/150], Total Loss: 0.9717, NLL: 0.9571, Masked: 13.9847, Reg: 0.087282
Epoch [10/150], Total Loss: 0.9649, NLL: 0.9508, Masked: 13.5732, Reg: 0.091074
Epoch [11/150], Total Loss: 2.3734, NLL: 0.9905, Masked: 1325.8295, Reg: 0.092958
Epoch [12/150], Total Loss: 1.2946, NLL: 0.9564, Masked: 324.2519, Reg: 0.094521
Epoch [13/150], Total Loss: 1.2576, NLL: 0.9706, Masked: 275.1186, Reg: 0.090825
Epoch [14/150], Total Loss: 0.9659, NLL: 0.9517, Masked: 13.5986, Reg: 0.081311
Epoch [15/150], Total Loss: 4.1664, NLL: 0.9577, Masked: 3076.0822, Reg: 0.086948
Epoch [16/150], Total Loss: 1.8034, NLL: 0.9734, Masked: 795.6434, Reg: 0.100022
Epoch [17/150], Total Loss: 1.8673, NLL: 0.9762, Masked: 854.2797, Reg: 0.083282
Epoch [18/150], Total Loss: 0.9742, NLL: 0.9601, Masked: 13.5714, Reg: 0.081627
Epoch [19/150], Total Loss: 2.7023, NLL: 0.9549, Masked: 1675.2195, Reg: 0.079720
Epoch [20/150], Total Loss: 2.0263, NLL: 0.9569, Masked: 1025.1944, Reg: 0.085558
Epoch [21/150], Total Loss: 2.1282, NLL: 0.9585, Masked: 1121.3801, Reg: 0.078392
Epoch [22/150], Total Loss: 3.2465, NLL: 0.9650, Masked: 2187.2608, Reg: 0.081842
Epoch [23/150], Total Loss: 0.9699, NLL: 0.9558, Masked: 13.5577, Reg: 0.077334
Epoch [24/150], Total Loss: 0.9921, NLL: 0.9627, Masked: 28.1891, Reg: 0.087525
Epoch [25/150], Total Loss: 6.8342, NLL: 0.9612, Masked: 5630.3701, Reg: 0.087476
Epoch [26/150], Total Loss: 8.0255, NLL: 0.9761, Masked: 6758.1631, Reg: 0.087009
Epoch [27/150], Total Loss: 33.8901, NLL: 1.1028, Masked: 31432.6366, Reg: 0.083289
Epoch [28/150], Total Loss: 0.9968, NLL: 0.9827, Masked: 13.5790, Reg: 0.091579
Epoch [29/150], Total Loss: 4.3618, NLL: 0.9562, Masked: 3264.9052, Reg: 0.077860
Epoch [30/150], Total Loss: 0.9695, NLL: 0.9554, Masked: 13.5571, Reg: 0.076151
Epoch [31/150], Total Loss: 0.9741, NLL: 0.9599, Masked: 13.5834, Reg: 0.078051
Epoch [32/150], Total Loss: 2.0012, NLL: 0.9746, Masked: 984.1995, Reg: 0.081177
Epoch [33/150], Total Loss: 0.9707, NLL: 0.9565, Masked: 13.5854, Reg: 0.084922
Epoch [34/150], Total Loss: 3.7107, NLL: 0.9618, Masked: 2635.2984, Reg: 0.076853
Epoch [35/150], Total Loss: 1.2518, NLL: 0.9600, Masked: 279.7422, Reg: 0.083978
Epoch [36/150], Total Loss: 1.4622, NLL: 0.9622, Masked: 479.2894, Reg: 0.083071
Epoch [37/150], Total Loss: 0.9909, NLL: 0.9700, Masked: 19.9471, Reg: 0.095242
Epoch [38/150], Total Loss: 8.5634, NLL: 0.9726, Masked: 7277.1813, Reg: 0.086224
Epoch [39/150], Total Loss: 0.9706, NLL: 0.9565, Masked: 13.5827, Reg: 0.081708
Epoch [40/150], Total Loss: 8.2275, NLL: 0.9745, Masked: 6953.2900, Reg: 0.084744
Epoch [41/150], Total Loss: 0.9743, NLL: 0.9601, Masked: 13.6578, Reg: 0.076388
Epoch [42/150], Total Loss: 17.2359, NLL: 1.0030, Masked: 15562.2647, Reg: 0.087583
Epoch [43/150], Total Loss: 1.2110, NLL: 0.9575, Masked: 243.0732, Reg: 0.076887
Epoch [44/150], Total Loss: 17.6479, NLL: 1.0371, Masked: 15924.4569, Reg: 0.079930
Epoch [45/150], Total Loss: 1.9257, NLL: 0.9793, Masked: 907.2831, Reg: 0.095844
Epoch [46/150], Total Loss: 9.6469, NLL: 0.9916, Masked: 8297.6949, Reg: 0.086097
Epoch [47/150], Total Loss: 2.1003, NLL: 0.9592, Masked: 1093.9557, Reg: 0.084344
Epoch [48/150], Total Loss: 2.9197, NLL: 0.9593, Masked: 1879.3763, Reg: 0.083584
Epoch [49/150], Total Loss: 10.8222, NLL: 1.0137, Masked: 9403.2710, Reg: 0.090031
Epoch [50/150], Total Loss: 1.2486, NLL: 0.9671, Masked: 269.9132, Reg: 0.075192
Epoch [51/150], Total Loss: 4.5153, NLL: 0.9834, Masked: 3386.0418, Reg: 0.078937
Epoch [52/150], Total Loss: 1.6597, NLL: 0.9748, Masked: 656.5801, Reg: 0.090772
Epoch [53/150], Total Loss: 2.7084, NLL: 0.9795, Masked: 1657.4451, Reg: 0.088549
Epoch [54/150], Total Loss: 1.3524, NLL: 0.9591, Masked: 377.0716, Reg: 0.080507
Epoch [55/150], Total Loss: 1.6799, NLL: 0.9779, Masked: 672.9709, Reg: 0.082402
Epoch [56/150], Total Loss: 2.8114, NLL: 0.9631, Masked: 1771.9650, Reg: 0.087620
Epoch [57/150], Total Loss: 0.9700, NLL: 0.9549, Masked: 14.4307, Reg: 0.081033
Epoch [58/150], Total Loss: 3.3542, NLL: 0.9628, Masked: 2292.6513, Reg: 0.085568
Epoch [59/150], Total Loss: 1.7553, NLL: 0.9570, Masked: 765.3600, Reg: 0.081028
Epoch [60/150], Total Loss: 1.6777, NLL: 0.9739, Masked: 674.8036, Reg: 0.080800
Epoch [61/150], Total Loss: 0.9973, NLL: 0.9805, Masked: 16.1582, Reg: 0.084846
Epoch [62/150], Total Loss: 1.5385, NLL: 0.9584, Masked: 556.1170, Reg: 0.082163
Epoch [63/150], Total Loss: 6.2495, NLL: 0.9773, Masked: 5054.3858, Reg: 0.088985
Epoch [64/150], Total Loss: 0.9787, NLL: 0.9645, Masked: 13.6011, Reg: 0.078443
Epoch [65/150], Total Loss: 1.2312, NLL: 0.9572, Masked: 262.7660, Reg: 0.075218
Epoch [66/150], Total Loss: 10.3185, NLL: 0.9705, Masked: 8961.7491, Reg: 0.079195
Epoch [67/150], Total Loss: 1.4848, NLL: 0.9607, Masked: 502.5159, Reg: 0.077724
Epoch [68/150], Total Loss: 1.5840, NLL: 0.9617, Masked: 596.6333, Reg: 0.084802
Epoch [69/150], Total Loss: 0.9859, NLL: 0.9715, Masked: 13.7965, Reg: 0.077539
Epoch [70/150], Total Loss: 1.2573, NLL: 0.9651, Masked: 280.1458, Reg: 0.078800
Epoch [71/150], Total Loss: 3.1274, NLL: 0.9577, Masked: 2080.0251, Reg: 0.085534
Epoch [72/150], Total Loss: 0.9744, NLL: 0.9582, Masked: 15.5347, Reg: 0.095776
Epoch [73/150], Total Loss: 43.2225, NLL: 0.9909, Masked: 40486.7008, Reg: 0.078477
Epoch [74/150], Total Loss: 1.9022, NLL: 0.9645, Masked: 898.9188, Reg: 0.081002
Epoch [75/150], Total Loss: 4.8941, NLL: 0.9970, Masked: 3736.0404, Reg: 0.086618
Epoch [76/150], Total Loss: 2.3746, NLL: 0.9623, Masked: 1354.0036, Reg: 0.084148
Epoch [77/150], Total Loss: 2.2677, NLL: 0.9600, Masked: 1253.7184, Reg: 0.084166
Epoch [78/150], Total Loss: 5.5285, NLL: 0.9765, Masked: 4363.9619, Reg: 0.085269
Epoch [79/150], Total Loss: 2.6179, NLL: 0.9565, Masked: 1592.7148, Reg: 0.079232
Epoch [80/150], Total Loss: 2.2930, NLL: 0.9658, Masked: 1272.4036, Reg: 0.083578
Epoch [81/150], Total Loss: 3.2763, NLL: 0.9796, Masked: 2201.7745, Reg: 0.088374
Epoch [82/150], Total Loss: 0.9696, NLL: 0.9553, Masked: 13.6642, Reg: 0.077211
Epoch [83/150], Total Loss: 4.4319, NLL: 0.9608, Masked: 3327.6412, Reg: 0.077639
Epoch [84/150], Total Loss: 3.7149, NLL: 0.9646, Masked: 2636.6580, Reg: 0.082742
Epoch [85/150], Total Loss: 0.9756, NLL: 0.9614, Masked: 13.6101, Reg: 0.080500
Epoch [86/150], Total Loss: 1.4454, NLL: 0.9750, Masked: 451.0359, Reg: 0.083325
Epoch [87/150], Total Loss: 1.0583, NLL: 0.9593, Masked: 94.8834, Reg: 0.081634
Epoch [88/150], Total Loss: 0.9814, NLL: 0.9658, Masked: 14.9716, Reg: 0.076612
Epoch [89/150], Total Loss: 0.9723, NLL: 0.9581, Masked: 13.5746, Reg: 0.074621
Epoch [90/150], Total Loss: 4.4477, NLL: 0.9791, Masked: 3325.2912, Reg: 0.074380
Epoch [91/150], Total Loss: 1.6074, NLL: 0.9611, Masked: 619.5933, Reg: 0.078269
Epoch [92/150], Total Loss: 0.9732, NLL: 0.9587, Masked: 13.9923, Reg: 0.075432
Epoch [93/150], Total Loss: 1.7603, NLL: 0.9756, Masked: 752.3175, Reg: 0.077795
Epoch [94/150], Total Loss: 5.8320, NLL: 1.0578, Masked: 4576.9757, Reg: 0.080329
Epoch [95/150], Total Loss: 7.6115, NLL: 1.0381, Masked: 6301.7735, Reg: 0.094905
Epoch [96/150], Total Loss: 2.2906, NLL: 0.9829, Masked: 1253.6506, Reg: 0.085434
Epoch [97/150], Total Loss: 3.0748, NLL: 0.9637, Masked: 2023.9074, Reg: 0.088192
Epoch [98/150], Total Loss: 1.9790, NLL: 0.9594, Masked: 977.5414, Reg: 0.084041
Epoch [99/150], Total Loss: 3.4887, NLL: 0.9610, Masked: 2423.3144, Reg: 0.082795
Epoch [100/150], Total Loss: 6.9240, NLL: 0.9778, Masked: 5700.5264, Reg: 0.087491
Epoch [101/150], Total Loss: 0.9738, NLL: 0.9597, Masked: 13.5575, Reg: 0.080810
Epoch [102/150], Total Loss: 0.9699, NLL: 0.9557, Masked: 13.5839, Reg: 0.075943
Epoch [103/150], Total Loss: 0.9736, NLL: 0.9568, Masked: 16.0662, Reg: 0.076327
Epoch [104/150], Total Loss: 0.9738, NLL: 0.9596, Masked: 13.5913, Reg: 0.075711
Epoch [105/150], Total Loss: 0.9719, NLL: 0.9577, Masked: 13.5959, Reg: 0.087978
Epoch [106/150], Total Loss: 14.2560, NLL: 0.9634, Masked: 12743.3411, Reg: 0.086931
Epoch [107/150], Total Loss: 1.9744, NLL: 0.9549, Masked: 977.3782, Reg: 0.076904
Epoch [108/150], Total Loss: 1.2396, NLL: 0.9562, Masked: 271.7655, Reg: 0.072602
Epoch [109/150], Total Loss: 0.9739, NLL: 0.9597, Masked: 13.5750, Reg: 0.075506
Epoch [110/150], Total Loss: 23.4706, NLL: 1.0179, Masked: 21524.9910, Reg: 0.081986
Epoch [111/150], Total Loss: 3.1320, NLL: 0.9914, Masked: 2052.1442, Reg: 0.088960
Epoch [112/150], Total Loss: 0.9809, NLL: 0.9668, Masked: 13.5855, Reg: 0.083073
Epoch [113/150], Total Loss: 1.1972, NLL: 0.9776, Masked: 210.4445, Reg: 0.081778
Epoch [114/150], Total Loss: 1.8463, NLL: 0.9735, Masked: 836.6850, Reg: 0.087099
Epoch [115/150], Total Loss: 6.2270, NLL: 0.9627, Masked: 5046.7738, Reg: 0.083456
Epoch [116/150], Total Loss: 4.5596, NLL: 1.0304, Masked: 3383.3242, Reg: 0.082907
Epoch [117/150], Total Loss: 1.0150, NLL: 0.9622, Masked: 50.6111, Reg: 0.082839
Epoch [118/150], Total Loss: 0.9727, NLL: 0.9585, Masked: 13.6635, Reg: 0.095011
Epoch [119/150], Total Loss: 0.9720, NLL: 0.9579, Masked: 13.5606, Reg: 0.082270
Epoch [120/150], Total Loss: 0.9768, NLL: 0.9555, Masked: 20.4215, Reg: 0.084657
Epoch [121/150], Total Loss: 2.0515, NLL: 0.9571, Masked: 1049.1569, Reg: 0.080843
Epoch [122/150], Total Loss: 1.1778, NLL: 0.9645, Masked: 204.4740, Reg: 0.085752
Epoch [123/150], Total Loss: 1.6992, NLL: 0.9783, Masked: 691.1418, Reg: 0.082346
Epoch [124/150], Total Loss: 0.9686, NLL: 0.9544, Masked: 13.5912, Reg: 0.075243
Epoch [125/150], Total Loss: 6.1136, NLL: 0.9601, Masked: 4940.6071, Reg: 0.079560
Epoch [126/150], Total Loss: 0.9692, NLL: 0.9549, Masked: 13.7275, Reg: 0.076536
Epoch [127/150], Total Loss: 21.7880, NLL: 1.0083, Masked: 19921.2019, Reg: 0.082782
Epoch [128/150], Total Loss: 34.5333, NLL: 1.0149, Masked: 32133.5738, Reg: 0.081886
Epoch [129/150], Total Loss: 1.7964, NLL: 0.9842, Masked: 778.6942, Reg: 0.088716
Epoch [130/150], Total Loss: 5.6396, NLL: 0.9674, Masked: 4479.1295, Reg: 0.083958
Epoch [131/150], Total Loss: 1.0054, NLL: 0.9886, Masked: 16.0521, Reg: 0.082558
Epoch [132/150], Total Loss: 1.2535, NLL: 0.9642, Masked: 277.3684, Reg: 0.079164
Epoch [133/150], Total Loss: 4.6091, NLL: 0.9847, Masked: 3474.7191, Reg: 0.081905
Epoch [134/150], Total Loss: 0.9713, NLL: 0.9571, Masked: 13.6035, Reg: 0.077429
Epoch [135/150], Total Loss: 36.6561, NLL: 0.9896, Masked: 34192.8495, Reg: 0.081141
Epoch [136/150], Total Loss: 7.6048, NLL: 1.0535, Masked: 6280.6023, Reg: 0.082901
Epoch [137/150], Total Loss: 1.6493, NLL: 1.0587, Masked: 566.2393, Reg: 0.084418
Epoch [138/150], Total Loss: 2.4436, NLL: 0.9580, Masked: 1424.2128, Reg: 0.090343
Epoch [139/150], Total Loss: 1.3040, NLL: 1.0126, Masked: 279.4111, Reg: 0.079230
Epoch [140/150], Total Loss: 2.7612, NLL: 0.9647, Masked: 1722.2844, Reg: 0.089009
Epoch [141/150], Total Loss: 4.3020, NLL: 0.9549, Masked: 3208.8755, Reg: 0.077806
Epoch [142/150], Total Loss: 2.8044, NLL: 0.9650, Masked: 1763.4351, Reg: 0.086324
Epoch [143/150], Total Loss: 1.0505, NLL: 0.9665, Masked: 80.5161, Reg: 0.081808
Epoch [144/150], Total Loss: 0.9752, NLL: 0.9553, Masked: 19.0236, Reg: 0.078767
Epoch [145/150], Total Loss: 1.2653, NLL: 0.9564, Masked: 296.1785, Reg: 0.077986
Epoch [146/150], Total Loss: 1.4566, NLL: 0.9569, Masked: 478.9896, Reg: 0.083879
Epoch [147/150], Total Loss: 0.9715, NLL: 0.9568, Masked: 14.0222, Reg: 0.079162
Epoch [148/150], Total Loss: 9.5056, NLL: 0.9758, Masked: 8177.3246, Reg: 0.092952
Epoch [149/150], Total Loss: 1.0040, NLL: 0.9587, Masked: 43.4373, Reg: 0.084636
Epoch [150/150], Total Loss: 0.9735, NLL: 0.9592, Masked: 13.6791, Reg: 0.075106

==================================================
EVALUATING ON TRAINING DATA
==================================================

==================================================
TEST RESULTS
==================================================
Total Loss: 0.949143
  - ZINB NLL: 0.934959
Total number of masked values: 1784445
  - Number of values with pi >= 0.3727230821752892: 1770169
  - Number of values with pi < 0.3727230821752892: 14276
  - Masked Reconstruction: 13.597329
  - Regularization: 0.068883
Mean Absolute Error (MAE): 2.237720
R² Score: -0.558389
==================================================


==================================================
TEST RESULTS
==================================================
Total Loss: 0.948640
  - ZINB NLL: 0.933853
Total number of masked values: 2016241
  - Number of values with pi >= 0.3727230821752892: 2002334
  - Number of values with pi < 0.3727230821752892: 13907
  - Masked Reconstruction: 14.176517
  - Regularization: 0.068883
Mean Absolute Error (MAE): 2.197748
R² Score: -0.041348
==================================================


>>> Optimizing zinb_nll on VALIDATION set: 0.933853
>>> Full validation metrics: {'total_loss': 0.9486403962092151, 'zinb_nll': 0.9338529145094713, 'mae': 2.1977481842041016, 'r2': -0.04134845733642578, 'masked_loss': 14.17651680799631, 'reg_loss': 0.06888297363281129}

Iteration No: 36 ended. Search finished for the next optimal point.
Time taken: 13283.0772
Function value obtained: 0.9339
Current minimum: 0.9339
Iteration No: 37 started. Searching for the next optimal point.

================================================================================
Trial with parameters:
  features: Nucl
  step_size: 0.616302673026481
  bin_size: 1
  sample_fraction: 0.25
  moving_average: True
  first_layer_size_factor: 105
  num_layers: 4
  use_conv: True
  conv_channel: 47
  pool_size: 2
  kernel_size: 7
  epochs: 129
  batch_size: 32
  pi_threshold: 0.3
  learning_rate: 0.01
  dropout_rate: 0.5
  masked_recon_weight: 0.15611619778433222
  regularizer: l2
  regularization_weight: 1e-05
================================================================================

Creating datasets with:
  features: ['Nucl']
  bin_size: 1
  moving_average: True
  data_point_length: 2000 (from 2000)
  step_size: 1232 (from fraction 0.616302673026481)
  layers: [np.int64(1680), np.int64(840), np.int64(420), np.int64(210)] (first=1680, num=4)
  stride: 1 (fixed), padding: same (fixed)


Clipping outliers using 95th percentile * 1.5...
strain_yTW001: Clipping values above 134.25 (P95=89.50). Clipped 27529/1193409 values (2.31%)
strain_FD: Clipping values above 71.92 (P95=47.94). Clipped 95791/4127807 values (2.32%)
strain_dnrp: Clipping values above 243.00 (P95=162.00). Clipped 25649/1119454 values (2.29%)
strain_yEK19: Clipping values above 77.10 (P95=51.40). Clipped 83713/3893623 values (2.15%)
strain_yEK23: Clipping values above 72.00 (P95=48.00). Clipped 86381/3558407 values (2.43%)
strain_yWT03a: Clipping values above 15.00 (P95=10.00). Clipped 10602/347679 values (3.05%)
strain_yWT04a: Clipping values above 58.50 (P95=39.00). Clipped 21095/725406 values (2.91%)
strain_ylic137: Clipping values above 142.50 (P95=95.00). Clipped 28746/1112684 values (2.58%)
Standardizing features: ['Nucl']
Column order in final array (Dataset/Chrom split): ['Value', 'Nucleosome_Distance', 'Value_Raw', 'Size_Factor']
Removing 0 empty data points out of 44440
Column order in final array (Dataset/Chrom split): ['Value', 'Nucleosome_Distance', 'Value_Raw', 'Size_Factor']
Removing 0 empty data points out of 16736
Column order in final array (Dataset/Chrom split): ['Value', 'Nucleosome_Distance', 'Value_Raw', 'Size_Factor']
Removing 0 empty data points out of 17192
Datasets created:
  Train: (44440, 2000, 4), Val: (16736, 2000, 4), Test: (17192, 2000, 4)

Randomly sampled 11110/44440 samples (25.0%)
Applied denoising with 15.0% masking
Applied denoising with 15.0% masking
Applied denoising with 15.0% masking
Epoch [1/129], Total Loss: 12074.6059, NLL: 153.9749, Masked: 76357.4240, Reg: 0.198445
Epoch [2/129], Total Loss: 3.1465, NLL: 1.0479, Masked: 13.4429, Reg: 0.061439
Epoch [3/129], Total Loss: 3.1618, NLL: 1.0624, Masked: 13.4477, Reg: 0.056911
Epoch [4/129], Total Loss: 3.1484, NLL: 1.0458, Masked: 13.4683, Reg: 0.047123
Epoch [5/129], Total Loss: 3.1439, NLL: 1.0448, Masked: 13.4455, Reg: 0.037937
Epoch [6/129], Total Loss: 3.1410, NLL: 1.0443, Masked: 13.4304, Reg: 0.034529
Epoch [7/129], Total Loss: 3.1381, NLL: 1.0444, Masked: 13.4115, Reg: 0.031845
Epoch [8/129], Total Loss: 3.1480, NLL: 1.0445, Masked: 13.4740, Reg: 0.031222
Epoch [9/129], Total Loss: 3.1466, NLL: 1.0444, Masked: 13.4655, Reg: 0.030533
Epoch [10/129], Total Loss: 3.1416, NLL: 1.0442, Masked: 13.4345, Reg: 0.029927
Epoch [11/129], Total Loss: 3.1451, NLL: 1.0444, Masked: 13.4559, Reg: 0.030207
Epoch [12/129], Total Loss: 3.1454, NLL: 1.0446, Masked: 13.4562, Reg: 0.029093
Epoch [13/129], Total Loss: 318.4389, NLL: 1.0937, Masked: 2032.7501, Reg: 0.087127
Epoch [14/129], Total Loss: 3.1449, NLL: 1.0440, Masked: 13.4573, Reg: 0.060145
Epoch [15/129], Total Loss: 3.1442, NLL: 1.0441, Masked: 13.4527, Reg: 0.044789
Epoch [16/129], Total Loss: 3.1428, NLL: 1.0445, Masked: 13.4408, Reg: 0.038681
Epoch [17/129], Total Loss: 3.1452, NLL: 1.0445, Masked: 13.4557, Reg: 0.036419
Epoch [18/129], Total Loss: 3.1402, NLL: 1.0445, Masked: 13.4239, Reg: 0.033037
Epoch [19/129], Total Loss: 3.1418, NLL: 1.0448, Masked: 13.4322, Reg: 0.033589
Epoch [20/129], Total Loss: 3.1469, NLL: 1.0443, Masked: 13.4680, Reg: 0.030302
Epoch [21/129], Total Loss: 3.1461, NLL: 1.0445, Masked: 13.4620, Reg: 0.029118
Epoch [22/129], Total Loss: 3.1464, NLL: 1.0444, Masked: 13.4639, Reg: 0.029094
Epoch [23/129], Total Loss: 3.1428, NLL: 1.0444, Masked: 13.4413, Reg: 0.028509
Epoch [24/129], Total Loss: 3.1451, NLL: 1.0460, Masked: 13.4456, Reg: 0.038955
Epoch [25/129], Total Loss: 3.1443, NLL: 1.0442, Masked: 13.4522, Reg: 0.034497
Epoch [26/129], Total Loss: 3.1406, NLL: 1.0444, Masked: 13.4269, Reg: 0.030583
Epoch [27/129], Total Loss: 3.1452, NLL: 1.0444, Masked: 13.4560, Reg: 0.029267
Epoch [28/129], Total Loss: 3.1424, NLL: 1.0447, Masked: 13.4367, Reg: 0.029940
Epoch [29/129], Total Loss: 117.0646, NLL: 1.0476, Masked: 743.1445, Reg: 0.055591
Epoch [30/129], Total Loss: 3.1433, NLL: 1.0443, Masked: 13.4449, Reg: 0.038574
Epoch [31/129], Total Loss: 3.1450, NLL: 1.0455, Masked: 13.4481, Reg: 0.036764
Epoch [32/129], Total Loss: 3.1466, NLL: 1.0447, Masked: 13.4637, Reg: 0.033404
Epoch [33/129], Total Loss: 3.1450, NLL: 1.0448, Masked: 13.4526, Reg: 0.032531
Epoch [34/129], Total Loss: 3.1425, NLL: 1.0445, Masked: 13.4389, Reg: 0.030115
Epoch [35/129], Total Loss: 3.1376, NLL: 1.0447, Masked: 13.4064, Reg: 0.030615
Epoch [36/129], Total Loss: 3.1447, NLL: 1.0445, Masked: 13.4530, Reg: 0.028990
Epoch [37/129], Total Loss: 3.1450, NLL: 1.0446, Masked: 13.4540, Reg: 0.030454
Epoch [38/129], Total Loss: 3.1374, NLL: 1.0444, Masked: 13.4069, Reg: 0.028460
Epoch [39/129], Total Loss: 3.1415, NLL: 1.0447, Masked: 13.4313, Reg: 0.030048
Epoch [40/129], Total Loss: 3.1397, NLL: 1.0446, Masked: 13.4199, Reg: 0.028335
Epoch [41/129], Total Loss: 3.1462, NLL: 1.0445, Masked: 13.4628, Reg: 0.026601
Epoch [42/129], Total Loss: 3.1428, NLL: 1.0443, Masked: 13.4420, Reg: 0.028644
Epoch [43/129], Total Loss: 3.1399, NLL: 1.0444, Masked: 13.4223, Reg: 0.027864
Epoch [44/129], Total Loss: 3.1406, NLL: 1.0444, Masked: 13.4274, Reg: 0.027784
Epoch [45/129], Total Loss: 3.1475, NLL: 1.0449, Masked: 13.4678, Reg: 0.028655
Epoch [46/129], Total Loss: 3.1405, NLL: 1.0450, Masked: 13.4223, Reg: 0.029138
Epoch [47/129], Total Loss: 3.1443, NLL: 1.0444, Masked: 13.4505, Reg: 0.027913
Epoch [48/129], Total Loss: 3.1436, NLL: 1.0445, Masked: 13.4457, Reg: 0.025262
Epoch [49/129], Total Loss: 3.1455, NLL: 1.0442, Masked: 13.4600, Reg: 0.025626
Epoch [50/129], Total Loss: 3.1466, NLL: 1.0441, Masked: 13.4679, Reg: 0.024843
Epoch [51/129], Total Loss: 3.1433, NLL: 1.0441, Masked: 13.4463, Reg: 0.025916
Epoch [52/129], Total Loss: 3.1406, NLL: 1.0448, Masked: 13.4243, Reg: 0.026664
Epoch [53/129], Total Loss: 3.1458, NLL: 1.0443, Masked: 13.4608, Reg: 0.028838
Epoch [54/129], Total Loss: 3.1431, NLL: 1.0444, Masked: 13.4437, Reg: 0.028881
Epoch [55/129], Total Loss: 3.1432, NLL: 1.0445, Masked: 13.4432, Reg: 0.027172
Epoch [56/129], Total Loss: 3.1440, NLL: 1.0445, Masked: 13.4484, Reg: 0.026513
Epoch [57/129], Total Loss: 3.1455, NLL: 1.0441, Masked: 13.4603, Reg: 0.026312
Epoch [58/129], Total Loss: 3.1420, NLL: 1.0447, Masked: 13.4343, Reg: 0.026200
Epoch [59/129], Total Loss: 3.1433, NLL: 1.0444, Masked: 13.4445, Reg: 0.027532
Epoch [60/129], Total Loss: 3.1478, NLL: 1.0448, Masked: 13.4707, Reg: 0.028895
Epoch [61/129], Total Loss: 3.1410, NLL: 1.0445, Masked: 13.4286, Reg: 0.029092
Epoch [62/129], Total Loss: 3.1425, NLL: 1.0446, Masked: 13.4383, Reg: 0.027673
Epoch [63/129], Total Loss: 3.1425, NLL: 1.0446, Masked: 13.4378, Reg: 0.028911
Epoch [64/129], Total Loss: 3.1436, NLL: 1.0445, Masked: 13.4459, Reg: 0.027818
Epoch [65/129], Total Loss: 3.1409, NLL: 1.0444, Masked: 13.4296, Reg: 0.027330
Epoch [66/129], Total Loss: 3.1487, NLL: 1.0449, Masked: 13.4763, Reg: 0.026719
Epoch [67/129], Total Loss: 3.1410, NLL: 1.0445, Masked: 13.4291, Reg: 0.027911
Epoch [68/129], Total Loss: 3.1493, NLL: 1.0448, Masked: 13.4805, Reg: 0.029566
Epoch [69/129], Total Loss: 3.1415, NLL: 1.0445, Masked: 13.4325, Reg: 0.029493
Epoch [70/129], Total Loss: 3.1444, NLL: 1.0451, Masked: 13.4470, Reg: 0.031085
Epoch [71/129], Total Loss: 45441.6721, NLL: 6.3241, Masked: 291035.4408, Reg: 0.484755
Epoch [72/129], Total Loss: 28748.7218, NLL: 3.1026, Masked: 184129.6340, Reg: 0.321051
Epoch [73/129], Total Loss: 9913.2450, NLL: 1.2370, Masked: 63491.2179, Reg: 0.217841
Epoch [74/129], Total Loss: 66023.6877, NLL: 13.7720, Masked: 422825.5256, Reg: 0.281425
Epoch [75/129], Total Loss: 1725.8555, NLL: 1.1498, Masked: 11047.5764, Reg: 0.229151
Epoch [76/129], Total Loss: 633.9583, NLL: 1.1574, Masked: 4053.3965, Reg: 0.194660
Epoch [77/129], Total Loss: 18324.1596, NLL: 1.6935, Masked: 117364.2836, Reg: 0.209306
Epoch [78/129], Total Loss: 925.4288, NLL: 1.1081, Masked: 5920.7229, Reg: 0.188419
Epoch [79/129], Total Loss: 51.1163, NLL: 1.0577, Masked: 320.6499, Reg: 0.180871
Epoch [80/129], Total Loss: 2512.7838, NLL: 1.1627, Masked: 16088.1515, Reg: 0.202635
Epoch [81/129], Total Loss: 571.5191, NLL: 1.0866, Masked: 3653.8967, Reg: 0.193688
Epoch [82/129], Total Loss: 2236.2186, NLL: 1.1262, Masked: 14316.8506, Reg: 0.178573
Epoch [83/129], Total Loss: 182.0923, NLL: 1.0485, Masked: 1159.6730, Reg: 0.153030
Epoch [84/129], Total Loss: 462.8861, NLL: 1.0583, Masked: 2958.2315, Reg: 0.136157
Epoch [85/129], Total Loss: 3.6268, NLL: 1.0530, Masked: 16.4862, Reg: 0.140346
Epoch [86/129], Total Loss: 175.0976, NLL: 1.0492, Masked: 1114.8642, Reg: 0.130022
Epoch [87/129], Total Loss: 3.1487, NLL: 1.0494, Masked: 13.4469, Reg: 0.106300
Epoch [88/129], Total Loss: 3.1492, NLL: 1.0467, Masked: 13.4677, Reg: 0.107023
Epoch [89/129], Total Loss: 147.3326, NLL: 1.0457, Masked: 937.0388, Reg: 0.093042
Epoch [90/129], Total Loss: 3.1443, NLL: 1.0462, Masked: 13.4396, Reg: 0.085591
Epoch [91/129], Total Loss: 137.9853, NLL: 1.0511, Masked: 877.1297, Reg: 0.089713
Epoch [92/129], Total Loss: 3.1458, NLL: 1.0468, Masked: 13.4447, Reg: 0.084480
Epoch [93/129], Total Loss: 3.1472, NLL: 1.0459, Masked: 13.4594, Reg: 0.077471
Epoch [94/129], Total Loss: 3.1437, NLL: 1.0450, Masked: 13.4436, Reg: 0.061378
Epoch [95/129], Total Loss: 3.1518, NLL: 1.0462, Masked: 13.4879, Reg: 0.059820
Epoch [96/129], Total Loss: 3.1429, NLL: 1.0452, Masked: 13.4372, Reg: 0.055067
Epoch [97/129], Total Loss: 3.1456, NLL: 1.0455, Masked: 13.4524, Reg: 0.050962
Epoch [98/129], Total Loss: 3.1448, NLL: 1.0448, Masked: 13.4513, Reg: 0.045113
Epoch [99/129], Total Loss: 3.1510, NLL: 1.0465, Masked: 13.4799, Reg: 0.050803
Epoch [100/129], Total Loss: 3.1439, NLL: 1.0465, Masked: 13.4354, Reg: 0.046820
Epoch [101/129], Total Loss: 3.1410, NLL: 1.0455, Masked: 13.4224, Reg: 0.041117
Epoch [102/129], Total Loss: 3.1424, NLL: 1.0447, Masked: 13.4370, Reg: 0.035586
Epoch [103/129], Total Loss: 3.1501, NLL: 1.0463, Masked: 13.4758, Reg: 0.035711
Epoch [104/129], Total Loss: 3.1451, NLL: 1.0447, Masked: 13.4544, Reg: 0.033787
Epoch [105/129], Total Loss: 3.1430, NLL: 1.0446, Masked: 13.4417, Reg: 0.029740
Epoch [106/129], Total Loss: 3.1418, NLL: 1.0452, Masked: 13.4297, Reg: 0.031560
Epoch [107/129], Total Loss: 3.1423, NLL: 1.0452, Masked: 13.4328, Reg: 0.033713
Epoch [108/129], Total Loss: 3.1413, NLL: 1.0447, Masked: 13.4296, Reg: 0.027243
Epoch [109/129], Total Loss: 3.1424, NLL: 1.0452, Masked: 13.4335, Reg: 0.029151
Epoch [110/129], Total Loss: 3.1459, NLL: 1.0449, Masked: 13.4578, Reg: 0.030234
Epoch [111/129], Total Loss: 3.1420, NLL: 1.0447, Masked: 13.4344, Reg: 0.025717
Epoch [112/129], Total Loss: 3.1435, NLL: 1.0446, Masked: 13.4446, Reg: 0.024571
Epoch [113/129], Total Loss: 3.1441, NLL: 1.0449, Masked: 13.4465, Reg: 0.024535
Epoch [114/129], Total Loss: 3.1399, NLL: 1.0450, Masked: 13.4187, Reg: 0.025136
Epoch [115/129], Total Loss: 3.1393, NLL: 1.0444, Masked: 13.4190, Reg: 0.024763
Epoch [116/129], Total Loss: 3.1437, NLL: 1.0447, Masked: 13.4454, Reg: 0.026735
Epoch [117/129], Total Loss: 3.1450, NLL: 1.0448, Masked: 13.4523, Reg: 0.025852
Epoch [118/129], Total Loss: 3.1481, NLL: 1.0442, Masked: 13.4765, Reg: 0.023507
Epoch [119/129], Total Loss: 3.1416, NLL: 1.0447, Masked: 13.4312, Reg: 0.026053
Epoch [120/129], Total Loss: 3.1447, NLL: 1.0447, Masked: 13.4512, Reg: 0.024677
Epoch [121/129], Total Loss: 3.1434, NLL: 1.0449, Masked: 13.4424, Reg: 0.027708
Epoch [122/129], Total Loss: 3.1442, NLL: 1.0448, Masked: 13.4478, Reg: 0.025406
Epoch [123/129], Total Loss: 3.1451, NLL: 1.0447, Masked: 13.4541, Reg: 0.025314
Epoch [124/129], Total Loss: 3.1434, NLL: 1.0446, Masked: 13.4439, Reg: 0.028503
Epoch [125/129], Total Loss: 3.1450, NLL: 1.0453, Masked: 13.4496, Reg: 0.025790
Epoch [126/129], Total Loss: 3.1446, NLL: 1.0449, Masked: 13.4495, Reg: 0.023978
Epoch [127/129], Total Loss: 3.1438, NLL: 1.0445, Masked: 13.4466, Reg: 0.024551
Epoch [128/129], Total Loss: 3.1423, NLL: 1.0449, Masked: 13.4353, Reg: 0.024671
Epoch [129/129], Total Loss: 3.1439, NLL: 1.0449, Masked: 13.4451, Reg: 0.026421

==================================================
EVALUATING ON TRAINING DATA
==================================================

==================================================
TEST RESULTS
==================================================
Total Loss: 3.139313
  - ZINB NLL: 1.039519
Total number of masked values: 548997
  - Number of values with pi >= 0.3: 548997
  - Number of values with pi < 0.3: 0
  - Masked Reconstruction: 13.450197
  - Regularization: 0.032444
Mean Absolute Error (MAE): 2.226789
R² Score: -0.041748
==================================================


==================================================
TEST RESULTS
==================================================
Total Loss: 3.243428
  - ZINB NLL: 1.029710
Total number of masked values: 819230
  - Number of values with pi >= 0.3: 819230
  - Number of values with pi < 0.3: 0
  - Masked Reconstruction: 14.179935
  - Regularization: 0.032444
Mean Absolute Error (MAE): 2.191644
R² Score: -0.041704
==================================================


>>> Optimizing zinb_nll on VALIDATION set: 1.029710
>>> Full validation metrics: {'total_loss': 3.2434280350604885, 'zinb_nll': 1.029710376952164, 'mae': 2.1916441917419434, 'r2': -0.04170393943786621, 'masked_loss': 14.179935358450471, 'reg_loss': 0.03244371093749984}

Iteration No: 37 ended. Search finished for the next optimal point.
Time taken: 1634.2101
Function value obtained: 1.0297
Current minimum: 0.9339
Iteration No: 38 started. Searching for the next optimal point.

================================================================================
Trial with parameters:
  features: Centr_Nucl
  step_size: 0.5627991515946191
  bin_size: 1
  sample_fraction: 0.6803433153398668
  moving_average: True
  first_layer_size_factor: 107
  num_layers: 3
  use_conv: True
  conv_channel: 57
  pool_size: 5
  kernel_size: 9
  epochs: 50
  batch_size: 32
  pi_threshold: 0.47521742271494766
  learning_rate: 0.0012118726598901142
  dropout_rate: 0.14955796577451236
  masked_recon_weight: 10.0
  regularizer: none
  regularization_weight: 100.0
================================================================================

Creating datasets with:
  features: ['Centr', 'Nucl']
  bin_size: 1
  moving_average: True
  data_point_length: 2000 (from 2000)
  step_size: 1125 (from fraction 0.5627991515946191)
  layers: [np.int64(1712), np.int64(856), np.int64(428)] (first=1712, num=3)
  stride: 1 (fixed), padding: same (fixed)


Clipping outliers using 95th percentile * 1.5...
strain_yTW001: Clipping values above 134.25 (P95=89.50). Clipped 27529/1193409 values (2.31%)
strain_FD: Clipping values above 71.92 (P95=47.94). Clipped 95791/4127807 values (2.32%)
strain_dnrp: Clipping values above 243.00 (P95=162.00). Clipped 25649/1119454 values (2.29%)
strain_yEK19: Clipping values above 77.10 (P95=51.40). Clipped 83713/3893623 values (2.15%)
strain_yEK23: Clipping values above 72.00 (P95=48.00). Clipped 86381/3558407 values (2.43%)
strain_yWT03a: Clipping values above 15.00 (P95=10.00). Clipped 10602/347679 values (3.05%)
strain_yWT04a: Clipping values above 58.50 (P95=39.00). Clipped 21095/725406 values (2.91%)
strain_ylic137: Clipping values above 142.50 (P95=95.00). Clipped 28746/1112684 values (2.58%)
Standardizing features: ['Centr', 'Nucl']
Column order in final array (Dataset/Chrom split): ['Value', 'Nucleosome_Distance', 'Centromere_Distance', 'Value_Raw', 'Size_Factor']
Removing 0 empty data points out of 48648
Column order in final array (Dataset/Chrom split): ['Value', 'Nucleosome_Distance', 'Centromere_Distance', 'Value_Raw', 'Size_Factor']
Removing 0 empty data points out of 18320
Column order in final array (Dataset/Chrom split): ['Value', 'Nucleosome_Distance', 'Centromere_Distance', 'Value_Raw', 'Size_Factor']
Removing 0 empty data points out of 18824
Datasets created:
  Train: (48648, 2000, 5), Val: (18320, 2000, 5), Test: (18824, 2000, 5)

Randomly sampled 33097/48648 samples (68.0%)
Applied denoising with 15.0% masking
Applied denoising with 15.0% masking
Applied denoising with 15.0% masking
Epoch [1/50], Total Loss: 7292.5650, NLL: 1.2195, Masked: 729.1345
Epoch [2/50], Total Loss: 136.6050, NLL: 1.0468, Masked: 13.5558
Epoch [3/50], Total Loss: 137.7545, NLL: 1.0174, Masked: 13.6737
Epoch [4/50], Total Loss: 8360.2461, NLL: 1.0089, Masked: 835.9238
Epoch [5/50], Total Loss: 3212.7933, NLL: 1.0120, Masked: 321.1781
Epoch [6/50], Total Loss: 28097.1511, NLL: 1.0093, Masked: 2809.6142
Epoch [7/50], Total Loss: 596.2607, NLL: 1.0035, Masked: 59.5257
Epoch [8/50], Total Loss: 86297.7241, NLL: 1.0036, Masked: 8629.6722
Epoch [9/50], Total Loss: 41626.5329, NLL: 1.0062, Masked: 4162.5525
Epoch [10/50], Total Loss: 18114.0237, NLL: 0.9999, Masked: 1811.3024
Epoch [11/50], Total Loss: 18556.8845, NLL: 0.9987, Masked: 1855.5886
Epoch [12/50], Total Loss: 90067.3836, NLL: 1.0047, Masked: 9006.6379
Epoch [13/50], Total Loss: 7913.9067, NLL: 0.9958, Masked: 791.2911
Epoch [14/50], Total Loss: 436628.1840, NLL: 0.9990, Masked: 43662.7195
Epoch [15/50], Total Loss: 6668.7893, NLL: 0.9932, Masked: 666.7796
Epoch [16/50], Total Loss: 809.2552, NLL: 0.9928, Masked: 80.8262
Epoch [17/50], Total Loss: 101811.9631, NLL: 0.9938, Masked: 10181.0968
Epoch [18/50], Total Loss: 16187.3203, NLL: 0.9919, Masked: 1618.6329
Epoch [19/50], Total Loss: 29473.5191, NLL: 0.9951, Masked: 2947.2525
Epoch [20/50], Total Loss: 19000.0909, NLL: 0.9984, Masked: 1899.9093
Epoch [21/50], Total Loss: 8484.2384, NLL: 0.9880, Masked: 848.3250
Epoch [22/50], Total Loss: 20703.2317, NLL: 0.9929, Masked: 2070.2239
Epoch [23/50], Total Loss: 83891.1972, NLL: 0.9983, Masked: 8389.0200
Epoch [24/50], Total Loss: 39546.1846, NLL: 0.9907, Masked: 3954.5194
Epoch [25/50], Total Loss: 48979.7022, NLL: 0.9966, Masked: 4897.8705
Epoch [26/50], Total Loss: 40737.1634, NLL: 0.9908, Masked: 4073.6173
Epoch [27/50], Total Loss: 108200.1389, NLL: 0.9921, Masked: 10819.9146
Epoch [28/50], Total Loss: 96067.8428, NLL: 0.9885, Masked: 9606.6855
Epoch [29/50], Total Loss: 110310.6351, NLL: 0.9934, Masked: 11030.9643
Epoch [30/50], Total Loss: 163443.1799, NLL: 0.9891, Masked: 16344.2195
Epoch [31/50], Total Loss: 124834.2625, NLL: 0.9851, Masked: 12483.3281
Epoch [32/50], Total Loss: 43185.7247, NLL: 0.9919, Masked: 4318.4733
Epoch [33/50], Total Loss: 32839.7329, NLL: 0.9828, Masked: 3283.8751
Epoch [34/50], Total Loss: 7711.0485, NLL: 0.9877, Masked: 771.0061
Epoch [35/50], Total Loss: 4560.2199, NLL: 0.9816, Masked: 455.9238
Epoch [36/50], Total Loss: 44656.0702, NLL: 0.9789, Masked: 4465.5091
Epoch [37/50], Total Loss: 18970.5339, NLL: 0.9830, Masked: 1896.9551
Epoch [38/50], Total Loss: 143.6401, NLL: 0.9845, Masked: 14.2656
Epoch [39/50], Total Loss: 63501.7640, NLL: 0.9788, Masked: 6350.0786
Epoch [40/50], Total Loss: 10356.8658, NLL: 0.9793, Masked: 1035.5886
Epoch [41/50], Total Loss: 30982.7485, NLL: 0.9804, Masked: 3098.1767
Epoch [42/50], Total Loss: 14844.6293, NLL: 0.9850, Masked: 1484.3644
Epoch [43/50], Total Loss: 14109.6179, NLL: 0.9845, Masked: 1410.8634
Epoch [44/50], Total Loss: 5951.7656, NLL: 0.9758, Masked: 595.0789
Epoch [45/50], Total Loss: 3825.5279, NLL: 0.9823, Masked: 382.4546
Epoch [46/50], Total Loss: 45352.0157, NLL: 1.0018, Masked: 4535.1015
Epoch [47/50], Total Loss: 16534.4305, NLL: 0.9812, Masked: 1653.3450
Epoch [48/50], Total Loss: 135.7029, NLL: 0.9868, Masked: 13.4716
Epoch [49/50], Total Loss: 37825.1211, NLL: 0.9858, Masked: 3782.4137
Epoch [50/50], Total Loss: 30732.8220, NLL: 0.9902, Masked: 3073.1832

==================================================
EVALUATING ON TRAINING DATA
==================================================

==================================================
TEST RESULTS
==================================================
Total Loss: 135.715930
  - ZINB NLL: 0.984156
Total number of masked values: 1629752
  - Number of values with pi >= 0.47521742271494766: 1535384
  - Number of values with pi < 0.47521742271494766: 94368
  - Masked Reconstruction: 13.473177
Mean Absolute Error (MAE): 2.295563
R² Score: -0.230015
==================================================


==================================================
TEST RESULTS
==================================================
Total Loss: 142.031713
  - ZINB NLL: 0.979466
Total number of masked values: 898718
  - Number of values with pi >= 0.47521742271494766: 861461
  - Number of values with pi < 0.47521742271494766: 37257
  - Masked Reconstruction: 14.105225
Mean Absolute Error (MAE): 2.233654
R² Score: -0.037753
==================================================


>>> Optimizing zinb_nll on VALIDATION set: 0.979466
>>> Full validation metrics: {'total_loss': 142.0317129943048, 'zinb_nll': 0.9794659590096453, 'mae': 2.233654499053955, 'r2': -0.03775346279144287, 'masked_loss': 14.105224721816949}

Iteration No: 38 ended. Search finished for the next optimal point.
Time taken: 1235.6233
Function value obtained: 0.9795
Current minimum: 0.9339
Iteration No: 39 started. Searching for the next optimal point.

================================================================================
Trial with parameters:
  features: Centr_Nucl
  step_size: 0.36106622501439145
  bin_size: 1
  sample_fraction: 1.0
  moving_average: True
  first_layer_size_factor: 38
  num_layers: 5
  use_conv: False
  conv_channel: 101
  pool_size: 2
  kernel_size: 3
  epochs: 48
  batch_size: 64
  pi_threshold: 0.7
  learning_rate: 1.3706959308024874e-05
  dropout_rate: 0.0
  masked_recon_weight: 10.0
  regularizer: none
  regularization_weight: 100.0
================================================================================

Creating datasets with:
  features: ['Centr', 'Nucl']
  bin_size: 1
  moving_average: True
  data_point_length: 2000 (from 2000)
  step_size: 722 (from fraction 0.36106622501439145)
  layers: [np.int64(608), np.int64(304), np.int64(152), np.int64(76), np.int64(38)] (first=608, num=5)
  stride: 1 (fixed), padding: same (fixed)


Clipping outliers using 95th percentile * 1.5...
strain_yTW001: Clipping values above 134.25 (P95=89.50). Clipped 27529/1193409 values (2.31%)
strain_FD: Clipping values above 71.92 (P95=47.94). Clipped 95791/4127807 values (2.32%)
strain_dnrp: Clipping values above 243.00 (P95=162.00). Clipped 25649/1119454 values (2.29%)
strain_yEK19: Clipping values above 77.10 (P95=51.40). Clipped 83713/3893623 values (2.15%)
strain_yEK23: Clipping values above 72.00 (P95=48.00). Clipped 86381/3558407 values (2.43%)
strain_yWT03a: Clipping values above 15.00 (P95=10.00). Clipped 10602/347679 values (3.05%)
strain_yWT04a: Clipping values above 58.50 (P95=39.00). Clipped 21095/725406 values (2.91%)
strain_ylic137: Clipping values above 142.50 (P95=95.00). Clipped 28746/1112684 values (2.58%)
Standardizing features: ['Centr', 'Nucl']
Column order in final array (Dataset/Chrom split): ['Value', 'Nucleosome_Distance', 'Centromere_Distance', 'Value_Raw', 'Size_Factor']
Removing 0 empty data points out of 75768
Column order in final array (Dataset/Chrom split): ['Value', 'Nucleosome_Distance', 'Centromere_Distance', 'Value_Raw', 'Size_Factor']
Removing 0 empty data points out of 28536
Column order in final array (Dataset/Chrom split): ['Value', 'Nucleosome_Distance', 'Centromere_Distance', 'Value_Raw', 'Size_Factor']
Removing 0 empty data points out of 29296
Datasets created:
  Train: (75768, 2000, 5), Val: (28536, 2000, 5), Test: (29296, 2000, 5)

Applied denoising with 15.0% masking
Applied denoising with 15.0% masking
Applied denoising with 15.0% masking
Epoch [1/48], Total Loss: 161.0785, NLL: 1.7379, Masked: 15.9341
Epoch [2/48], Total Loss: 127.0569, NLL: 1.5114, Masked: 12.5546
Epoch [3/48], Total Loss: 127.1081, NLL: 1.4300, Masked: 12.5678
Epoch [4/48], Total Loss: 127.2282, NLL: 1.3592, Masked: 12.5869
Epoch [5/48], Total Loss: 126.9630, NLL: 1.2869, Masked: 12.5676
Epoch [6/48], Total Loss: 126.3974, NLL: 1.2129, Masked: 12.5185
Epoch [7/48], Total Loss: 127.2522, NLL: 1.1632, Masked: 12.6089
Epoch [8/48], Total Loss: 129.7815, NLL: 1.1151, Masked: 12.8666
Epoch [9/48], Total Loss: 133.2817, NLL: 1.0620, Masked: 13.2220
Epoch [10/48], Total Loss: 133.7350, NLL: 1.0470, Masked: 13.2688
Epoch [11/48], Total Loss: 133.5968, NLL: 1.0431, Masked: 13.2554
Epoch [12/48], Total Loss: 133.3407, NLL: 1.0445, Masked: 13.2296
Epoch [13/48], Total Loss: 133.0482, NLL: 1.0461, Masked: 13.2002
Epoch [14/48], Total Loss: 132.7365, NLL: 1.0513, Masked: 13.1685
Epoch [15/48], Total Loss: 132.4243, NLL: 1.0561, Masked: 13.1368
Epoch [16/48], Total Loss: 132.3081, NLL: 1.0574, Masked: 13.1251
Epoch [17/48], Total Loss: 131.9061, NLL: 1.0618, Masked: 13.0844
Epoch [18/48], Total Loss: 131.5102, NLL: 1.0694, Masked: 13.0441
Epoch [19/48], Total Loss: 131.1234, NLL: 1.0695, Masked: 13.0054
Epoch [20/48], Total Loss: 130.4415, NLL: 1.0750, Masked: 12.9367
Epoch [21/48], Total Loss: 130.0251, NLL: 1.0782, Masked: 12.8947
Epoch [22/48], Total Loss: 129.7400, NLL: 1.0793, Masked: 12.8661
Epoch [23/48], Total Loss: 129.2544, NLL: 1.0824, Masked: 12.8172
Epoch [24/48], Total Loss: 129.0970, NLL: 1.0830, Masked: 12.8014
Epoch [25/48], Total Loss: 128.5362, NLL: 1.0860, Masked: 12.7450
Epoch [26/48], Total Loss: 128.0993, NLL: 1.0872, Masked: 12.7012
Epoch [27/48], Total Loss: 127.9428, NLL: 1.0888, Masked: 12.6854
Epoch [28/48], Total Loss: 127.8516, NLL: 1.0894, Masked: 12.6762
Epoch [29/48], Total Loss: 127.7476, NLL: 1.0889, Masked: 12.6659
Epoch [30/48], Total Loss: 127.6309, NLL: 1.0898, Masked: 12.6541
Epoch [31/48], Total Loss: 127.6716, NLL: 1.0889, Masked: 12.6583
Epoch [32/48], Total Loss: 127.4974, NLL: 1.0901, Masked: 12.6407
Epoch [33/48], Total Loss: 127.4065, NLL: 1.0896, Masked: 12.6317
Epoch [34/48], Total Loss: 127.3766, NLL: 1.0906, Masked: 12.6286
Epoch [35/48], Total Loss: 127.3156, NLL: 1.0873, Masked: 12.6228
Epoch [36/48], Total Loss: 127.3280, NLL: 1.0873, Masked: 12.6241
Epoch [37/48], Total Loss: 127.3348, NLL: 1.0856, Masked: 12.6249
Epoch [38/48], Total Loss: 127.2587, NLL: 1.0855, Masked: 12.6173
Epoch [39/48], Total Loss: 127.1741, NLL: 1.0847, Masked: 12.6089
Epoch [40/48], Total Loss: 127.2876, NLL: 1.0831, Masked: 12.6204
Epoch [41/48], Total Loss: 127.2928, NLL: 1.0809, Masked: 12.6212
Epoch [42/48], Total Loss: 127.2625, NLL: 1.0793, Masked: 12.6183
Epoch [43/48], Total Loss: 127.2899, NLL: 1.0801, Masked: 12.6210
Epoch [44/48], Total Loss: 127.4157, NLL: 1.0768, Masked: 12.6339
Epoch [45/48], Total Loss: 127.3019, NLL: 1.0752, Masked: 12.6227
Epoch [46/48], Total Loss: 127.5870, NLL: 1.0733, Masked: 12.6514
Epoch [47/48], Total Loss: 127.6831, NLL: 1.0720, Masked: 12.6611
Epoch [48/48], Total Loss: 128.1409, NLL: 1.0699, Masked: 12.7071

==================================================
EVALUATING ON TRAINING DATA
==================================================

==================================================
TEST RESULTS
==================================================
Total Loss: 128.458828
  - ZINB NLL: 1.059414
Total number of masked values: 3724150
  - Number of values with pi >= 0.7: 2490732
  - Number of values with pi < 0.7: 1233418
  - Masked Reconstruction: 12.739941
Mean Absolute Error (MAE): 2.806272
R² Score: -0.016414
==================================================


==================================================
TEST RESULTS
==================================================
Total Loss: 137.491288
  - ZINB NLL: 1.054542
Total number of masked values: 1396962
  - Number of values with pi >= 0.7: 948878
  - Number of values with pi < 0.7: 448084
  - Masked Reconstruction: 13.643675
Mean Absolute Error (MAE): 2.671461
R² Score: -0.003813
==================================================


>>> Optimizing zinb_nll on VALIDATION set: 1.054542
>>> Full validation metrics: {'total_loss': 137.4912880613318, 'zinb_nll': 1.0545415689973963, 'mae': 2.6714611053466797, 'r2': -0.0038132667541503906, 'masked_loss': 13.643674630693672}

Iteration No: 39 ended. Search finished for the next optimal point.
Time taken: 904.6360
Function value obtained: 1.0545
Current minimum: 0.9339
Iteration No: 40 started. Searching for the next optimal point.

================================================================================
Trial with parameters:
  features: Centr_Nucl
  step_size: 0.3817671685013238
  bin_size: 1
  sample_fraction: 1.0
  moving_average: True
  first_layer_size_factor: 68
  num_layers: 1
  use_conv: True
  conv_channel: 55
  pool_size: 3
  kernel_size: 7
  epochs: 37
  batch_size: 32
  pi_threshold: 0.3624741835411995
  learning_rate: 7.976818147098677e-05
  dropout_rate: 0.45287893315586397
  masked_recon_weight: 10.0
  regularizer: none
  regularization_weight: 100.0
================================================================================

Creating datasets with:
  features: ['Centr', 'Nucl']
  bin_size: 1
  moving_average: True
  data_point_length: 2000 (from 2000)
  step_size: 763 (from fraction 0.3817671685013238)
  layers: [np.int64(1088)] (first=1088, num=1)
  stride: 1 (fixed), padding: same (fixed)


Clipping outliers using 95th percentile * 1.5...
strain_yTW001: Clipping values above 134.25 (P95=89.50). Clipped 27529/1193409 values (2.31%)
strain_FD: Clipping values above 71.92 (P95=47.94). Clipped 95791/4127807 values (2.32%)
strain_dnrp: Clipping values above 243.00 (P95=162.00). Clipped 25649/1119454 values (2.29%)
strain_yEK19: Clipping values above 77.10 (P95=51.40). Clipped 83713/3893623 values (2.15%)
strain_yEK23: Clipping values above 72.00 (P95=48.00). Clipped 86381/3558407 values (2.43%)
strain_yWT03a: Clipping values above 15.00 (P95=10.00). Clipped 10602/347679 values (3.05%)
strain_yWT04a: Clipping values above 58.50 (P95=39.00). Clipped 21095/725406 values (2.91%)
strain_ylic137: Clipping values above 142.50 (P95=95.00). Clipped 28746/1112684 values (2.58%)
Standardizing features: ['Centr', 'Nucl']
Column order in final array (Dataset/Chrom split): ['Value', 'Nucleosome_Distance', 'Centromere_Distance', 'Value_Raw', 'Size_Factor']
Removing 0 empty data points out of 71696
Column order in final array (Dataset/Chrom split): ['Value', 'Nucleosome_Distance', 'Centromere_Distance', 'Value_Raw', 'Size_Factor']
Removing 0 empty data points out of 27000
Column order in final array (Dataset/Chrom split): ['Value', 'Nucleosome_Distance', 'Centromere_Distance', 'Value_Raw', 'Size_Factor']
Removing 0 empty data points out of 27728
Datasets created:
  Train: (71696, 2000, 5), Val: (27000, 2000, 5), Test: (27728, 2000, 5)

Applied denoising with 15.0% masking
Applied denoising with 15.0% masking
Applied denoising with 15.0% masking
Epoch [1/37], Total Loss: 137.1498, NLL: 1.0401, Masked: 13.6110
Epoch [2/37], Total Loss: 138.7024, NLL: 1.0134, Masked: 13.7689
Epoch [3/37], Total Loss: 133.4641, NLL: 1.0063, Masked: 13.2458
Epoch [4/37], Total Loss: 132.0673, NLL: 0.9867, Masked: 13.1081
Epoch [5/37], Total Loss: 131.4051, NLL: 0.9659, Masked: 13.0439
Epoch [6/37], Total Loss: 130.9320, NLL: 0.9532, Masked: 12.9979
Epoch [7/37], Total Loss: 130.3187, NLL: 0.9468, Masked: 12.9372
Epoch [8/37], Total Loss: 129.2822, NLL: 0.9431, Masked: 12.8339
Epoch [9/37], Total Loss: 128.3212, NLL: 0.9408, Masked: 12.7380
Epoch [10/37], Total Loss: 127.5169, NLL: 0.9391, Masked: 12.6578
Epoch [11/37], Total Loss: 126.5633, NLL: 0.9379, Masked: 12.5625
Epoch [12/37], Total Loss: 126.1028, NLL: 0.9363, Masked: 12.5166
Epoch [13/37], Total Loss: 125.6709, NLL: 0.9356, Masked: 12.4735
Epoch [14/37], Total Loss: 125.2424, NLL: 0.9352, Masked: 12.4307
Epoch [15/37], Total Loss: 124.8107, NLL: 0.9345, Masked: 12.3876
Epoch [16/37], Total Loss: 124.4643, NLL: 0.9350, Masked: 12.3529
Epoch [17/37], Total Loss: 124.2371, NLL: 0.9348, Masked: 12.3302
Epoch [18/37], Total Loss: 124.0854, NLL: 0.9348, Masked: 12.3151
Epoch [19/37], Total Loss: 123.6475, NLL: 0.9350, Masked: 12.2712
Epoch [20/37], Total Loss: 123.3934, NLL: 0.9347, Masked: 12.2459
Epoch [21/37], Total Loss: 123.4333, NLL: 0.9352, Masked: 12.2498
Epoch [22/37], Total Loss: 123.1812, NLL: 0.9356, Masked: 12.2246
Epoch [23/37], Total Loss: 123.0455, NLL: 0.9359, Masked: 12.2110
Epoch [24/37], Total Loss: 122.9244, NLL: 0.9356, Masked: 12.1989
Epoch [25/37], Total Loss: 122.8493, NLL: 0.9364, Masked: 12.1913
Epoch [26/37], Total Loss: 122.7260, NLL: 0.9371, Masked: 12.1789
Epoch [27/37], Total Loss: 122.8265, NLL: 0.9368, Masked: 12.1890
Epoch [28/37], Total Loss: 122.6804, NLL: 0.9371, Masked: 12.1743
Epoch [29/37], Total Loss: 122.5788, NLL: 0.9380, Masked: 12.1641
Epoch [30/37], Total Loss: 122.3758, NLL: 0.9379, Masked: 12.1438
Epoch [31/37], Total Loss: 122.4729, NLL: 0.9379, Masked: 12.1535
Epoch [32/37], Total Loss: 122.3318, NLL: 0.9385, Masked: 12.1393
Epoch [33/37], Total Loss: 122.7798, NLL: 0.9386, Masked: 12.1841
Epoch [34/37], Total Loss: 122.4246, NLL: 0.9385, Masked: 12.1486
Epoch [35/37], Total Loss: 122.3009, NLL: 0.9390, Masked: 12.1362
Epoch [36/37], Total Loss: 122.3981, NLL: 0.9391, Masked: 12.1459
Epoch [37/37], Total Loss: 123.2516, NLL: 0.9386, Masked: 12.2313

==================================================
EVALUATING ON TRAINING DATA
==================================================

==================================================
TEST RESULTS
==================================================
Total Loss: 119.511201
  - ZINB NLL: 0.913074
Total number of masked values: 3522046
  - Number of values with pi >= 0.3624741835411995: 3014919
  - Number of values with pi < 0.3624741835411995: 507127
  - Masked Reconstruction: 11.859813
Mean Absolute Error (MAE): 2.162506
R² Score: 0.073081
==================================================


==================================================
TEST RESULTS
==================================================
Total Loss: 138.989246
  - ZINB NLL: 0.912256
Total number of masked values: 1321892
  - Number of values with pi >= 0.3624741835411995: 1112650
  - Number of values with pi < 0.3624741835411995: 209242
  - Masked Reconstruction: 13.807699
Mean Absolute Error (MAE): 2.206163
R² Score: 0.053890
==================================================


>>> Optimizing zinb_nll on VALIDATION set: 0.912256
>>> Full validation metrics: {'total_loss': 138.98924586317275, 'zinb_nll': 0.9122562708942978, 'mae': 2.206162691116333, 'r2': 0.05389004945755005, 'masked_loss': 13.807699015582049}


*** Checkpoint saved at iteration 40 ***

Iteration No: 40 ended. Search finished for the next optimal point.
Time taken: 1519.4026
Function value obtained: 0.9123
Current minimum: 0.9123
Iteration No: 41 started. Searching for the next optimal point.

================================================================================
Trial with parameters:
  features: Nucl
  step_size: 1.0
  bin_size: 1
  sample_fraction: 0.25
  moving_average: True
  first_layer_size_factor: 150
  num_layers: 5
  use_conv: False
  conv_channel: 128
  pool_size: 5
  kernel_size: 3
  epochs: 30
  batch_size: 32
  pi_threshold: 0.7
  learning_rate: 1e-05
  dropout_rate: 0.5
  masked_recon_weight: 0.001
  regularizer: none
  regularization_weight: 100.0
================================================================================

Creating datasets with:
  features: ['Nucl']
  bin_size: 1
  moving_average: True
  data_point_length: 2000 (from 2000)
  step_size: 2000 (from fraction 1.0)
  layers: [np.int64(2400), np.int64(1200), np.int64(600), np.int64(300), np.int64(150)] (first=2400, num=5)
  stride: 1 (fixed), padding: same (fixed)


Clipping outliers using 95th percentile * 1.5...
strain_yTW001: Clipping values above 134.25 (P95=89.50). Clipped 27529/1193409 values (2.31%)
strain_FD: Clipping values above 71.92 (P95=47.94). Clipped 95791/4127807 values (2.32%)
strain_dnrp: Clipping values above 243.00 (P95=162.00). Clipped 25649/1119454 values (2.29%)
strain_yEK19: Clipping values above 77.10 (P95=51.40). Clipped 83713/3893623 values (2.15%)
strain_yEK23: Clipping values above 72.00 (P95=48.00). Clipped 86381/3558407 values (2.43%)
strain_yWT03a: Clipping values above 15.00 (P95=10.00). Clipped 10602/347679 values (3.05%)
strain_yWT04a: Clipping values above 58.50 (P95=39.00). Clipped 21095/725406 values (2.91%)
strain_ylic137: Clipping values above 142.50 (P95=95.00). Clipped 28746/1112684 values (2.58%)
Standardizing features: ['Nucl']
Column order in final array (Dataset/Chrom split): ['Value', 'Nucleosome_Distance', 'Value_Raw', 'Size_Factor']
Removing 0 empty data points out of 27424
Column order in final array (Dataset/Chrom split): ['Value', 'Nucleosome_Distance', 'Value_Raw', 'Size_Factor']
Removing 0 empty data points out of 10328
Column order in final array (Dataset/Chrom split): ['Value', 'Nucleosome_Distance', 'Value_Raw', 'Size_Factor']
Removing 0 empty data points out of 10608
Datasets created:
  Train: (27424, 2000, 4), Val: (10328, 2000, 4), Test: (10608, 2000, 4)

Randomly sampled 6856/27424 samples (25.0%)
Applied denoising with 15.0% masking
Applied denoising with 15.0% masking
Applied denoising with 15.0% masking
Epoch [1/30], Total Loss: 1.7921, NLL: 1.7681, Masked: 23.9789
Epoch [2/30], Total Loss: 1.1306, NLL: 1.1161, Masked: 14.5172
Epoch [3/30], Total Loss: 1.0819, NLL: 1.0671, Masked: 14.8432
Epoch [4/30], Total Loss: 1.0544, NLL: 1.0397, Masked: 14.6911
Epoch [5/30], Total Loss: 1.0364, NLL: 1.0216, Masked: 14.8052
Epoch [6/30], Total Loss: 1.0301, NLL: 1.0152, Masked: 14.8871
Epoch [7/30], Total Loss: 1.0262, NLL: 1.0113, Masked: 14.9718
Epoch [8/30], Total Loss: 1.0245, NLL: 1.0096, Masked: 14.9085
Epoch [9/30], Total Loss: 1.0221, NLL: 1.0070, Masked: 15.0143
Epoch [10/30], Total Loss: 1.0206, NLL: 1.0055, Masked: 15.1045
Epoch [11/30], Total Loss: 1.0207, NLL: 1.0057, Masked: 15.0043
Epoch [12/30], Total Loss: 1.0196, NLL: 1.0045, Masked: 15.0985
Epoch [13/30], Total Loss: 1.0189, NLL: 1.0038, Masked: 15.1363
Epoch [14/30], Total Loss: 1.0192, NLL: 1.0040, Masked: 15.1674
Epoch [15/30], Total Loss: 1.0189, NLL: 1.0037, Masked: 15.2146
Epoch [16/30], Total Loss: 1.0186, NLL: 1.0034, Masked: 15.1990
Epoch [17/30], Total Loss: 1.0181, NLL: 1.0028, Masked: 15.2734
Epoch [18/30], Total Loss: 1.0169, NLL: 1.0016, Masked: 15.2463
Epoch [19/30], Total Loss: 1.0173, NLL: 1.0021, Masked: 15.2618
Epoch [20/30], Total Loss: 1.0168, NLL: 1.0016, Masked: 15.2620
Epoch [21/30], Total Loss: 1.0161, NLL: 1.0008, Masked: 15.2838
Epoch [22/30], Total Loss: 1.0164, NLL: 1.0011, Masked: 15.3361
Epoch [23/30], Total Loss: 1.0160, NLL: 1.0007, Masked: 15.3653
Epoch [24/30], Total Loss: 1.0155, NLL: 1.0002, Masked: 15.3331
Epoch [25/30], Total Loss: 1.0161, NLL: 1.0007, Masked: 15.3806
Epoch [26/30], Total Loss: 1.0153, NLL: 0.9999, Masked: 15.3346
Epoch [27/30], Total Loss: 1.0156, NLL: 1.0003, Masked: 15.3267
Epoch [28/30], Total Loss: 1.0151, NLL: 0.9998, Masked: 15.3106
Epoch [29/30], Total Loss: 1.0149, NLL: 0.9996, Masked: 15.3272
Epoch [30/30], Total Loss: 1.0146, NLL: 0.9993, Masked: 15.3433

==================================================
EVALUATING ON TRAINING DATA
==================================================

==================================================
TEST RESULTS
==================================================
Total Loss: 1.110360
  - ZINB NLL: 1.092812
Total number of masked values: 338501
  - Number of values with pi >= 0.7: 6083
  - Number of values with pi < 0.7: 332418
  - Masked Reconstruction: 17.548085
Mean Absolute Error (MAE): 12.678994
R² Score: -1.288721
==================================================


==================================================
TEST RESULTS
==================================================
Total Loss: 1.100338
  - ZINB NLL: 1.084873
Total number of masked values: 506645
  - Number of values with pi >= 0.7: 9631
  - Number of values with pi < 0.7: 497014
  - Masked Reconstruction: 15.465682
Mean Absolute Error (MAE): 12.524026
R² Score: -1.374193
==================================================


>>> Optimizing zinb_nll on VALIDATION set: 1.084873
>>> Full validation metrics: {'total_loss': 1.1003382907737418, 'zinb_nll': 1.0848726060480964, 'mae': 12.524025917053223, 'r2': -1.3741934299468994, 'masked_loss': 15.465681823624095}

Iteration No: 41 ended. Search finished for the next optimal point.
Time taken: 604.9596
Function value obtained: 1.0849
Current minimum: 0.9123
Iteration No: 42 started. Searching for the next optimal point.

================================================================================
Trial with parameters:
  features: Nucl
  step_size: 0.8839468314743735
  bin_size: 1
  sample_fraction: 1.0
  moving_average: True
  first_layer_size_factor: 46
  num_layers: 3
  use_conv: True
  conv_channel: 25
  pool_size: 4
  kernel_size: 7
  epochs: 43
  batch_size: 32
  pi_threshold: 0.3670993761125226
  learning_rate: 1.2089943050165708e-05
  dropout_rate: 0.3686590521953936
  masked_recon_weight: 0.001
  regularizer: l1
  regularization_weight: 1e-05
================================================================================

Creating datasets with:
  features: ['Nucl']
  bin_size: 1
  moving_average: True
  data_point_length: 2000 (from 2000)
  step_size: 1767 (from fraction 0.8839468314743735)
  layers: [np.int64(736), np.int64(368), np.int64(184)] (first=736, num=3)
  stride: 1 (fixed), padding: same (fixed)


Clipping outliers using 95th percentile * 1.5...
strain_yTW001: Clipping values above 134.25 (P95=89.50). Clipped 27529/1193409 values (2.31%)
strain_FD: Clipping values above 71.92 (P95=47.94). Clipped 95791/4127807 values (2.32%)
strain_dnrp: Clipping values above 243.00 (P95=162.00). Clipped 25649/1119454 values (2.29%)
strain_yEK19: Clipping values above 77.10 (P95=51.40). Clipped 83713/3893623 values (2.15%)
strain_yEK23: Clipping values above 72.00 (P95=48.00). Clipped 86381/3558407 values (2.43%)
strain_yWT03a: Clipping values above 15.00 (P95=10.00). Clipped 10602/347679 values (3.05%)
strain_yWT04a: Clipping values above 58.50 (P95=39.00). Clipped 21095/725406 values (2.91%)
strain_ylic137: Clipping values above 142.50 (P95=95.00). Clipped 28746/1112684 values (2.58%)
Standardizing features: ['Nucl']
Column order in final array (Dataset/Chrom split): ['Value', 'Nucleosome_Distance', 'Value_Raw', 'Size_Factor']
Removing 0 empty data points out of 31016
Column order in final array (Dataset/Chrom split): ['Value', 'Nucleosome_Distance', 'Value_Raw', 'Size_Factor']
Removing 0 empty data points out of 11688
Column order in final array (Dataset/Chrom split): ['Value', 'Nucleosome_Distance', 'Value_Raw', 'Size_Factor']
Removing 0 empty data points out of 12008
Datasets created:
  Train: (31016, 2000, 4), Val: (11688, 2000, 4), Test: (12008, 2000, 4)

Applied denoising with 15.0% masking
Applied denoising with 15.0% masking
Applied denoising with 15.0% masking
Epoch [1/43], Total Loss: 1.7339, NLL: 1.3363, Masked: 18.0881, Reg: 0.379594
Epoch [2/43], Total Loss: 1.2798, NLL: 1.0221, Masked: 13.5781, Reg: 0.244127
Epoch [3/43], Total Loss: 1.2299, NLL: 1.0107, Masked: 13.5925, Reg: 0.205582
Epoch [4/43], Total Loss: 1.2027, NLL: 1.0085, Masked: 13.6047, Reg: 0.180573
Epoch [5/43], Total Loss: 1.1834, NLL: 1.0065, Masked: 13.5883, Reg: 0.163253
Epoch [6/43], Total Loss: 1.1693, NLL: 1.0052, Masked: 13.5884, Reg: 0.150468
Epoch [7/43], Total Loss: 1.1585, NLL: 1.0044, Masked: 13.5871, Reg: 0.140468
Epoch [8/43], Total Loss: 1.1496, NLL: 1.0035, Masked: 13.5909, Reg: 0.132503
Epoch [9/43], Total Loss: 1.1421, NLL: 1.0027, Masked: 13.5935, Reg: 0.125765
Epoch [10/43], Total Loss: 1.1358, NLL: 1.0019, Masked: 13.6177, Reg: 0.120287
Epoch [11/43], Total Loss: 1.1316, NLL: 1.0019, Masked: 13.6030, Reg: 0.116178
Epoch [12/43], Total Loss: 1.1271, NLL: 1.0013, Masked: 13.5818, Reg: 0.112228
Epoch [13/43], Total Loss: 1.1231, NLL: 1.0007, Masked: 13.6089, Reg: 0.108790
Epoch [14/43], Total Loss: 1.1198, NLL: 1.0004, Masked: 13.5699, Reg: 0.105821
Epoch [15/43], Total Loss: 1.1169, NLL: 1.0001, Masked: 13.5841, Reg: 0.103198
Epoch [16/43], Total Loss: 1.1147, NLL: 1.0003, Masked: 13.5924, Reg: 0.100809
Epoch [17/43], Total Loss: 1.1113, NLL: 0.9995, Masked: 13.5821, Reg: 0.098221
Epoch [18/43], Total Loss: 1.1093, NLL: 0.9996, Masked: 13.5744, Reg: 0.096089
Epoch [19/43], Total Loss: 1.1072, NLL: 0.9994, Masked: 13.6040, Reg: 0.094188
Epoch [20/43], Total Loss: 1.1049, NLL: 0.9991, Masked: 13.5845, Reg: 0.092229
Epoch [21/43], Total Loss: 1.1037, NLL: 0.9995, Masked: 13.5681, Reg: 0.090615
Epoch [22/43], Total Loss: 1.1021, NLL: 0.9994, Masked: 13.5914, Reg: 0.089132
Epoch [23/43], Total Loss: 1.1002, NLL: 0.9991, Masked: 13.5795, Reg: 0.087539
Epoch [24/43], Total Loss: 1.0990, NLL: 0.9992, Masked: 13.5698, Reg: 0.086264
Epoch [25/43], Total Loss: 1.0975, NLL: 0.9990, Masked: 13.5693, Reg: 0.084921
Epoch [26/43], Total Loss: 1.0961, NLL: 0.9989, Masked: 13.5830, Reg: 0.083626
Epoch [27/43], Total Loss: 1.0957, NLL: 0.9994, Masked: 13.5636, Reg: 0.082695
Epoch [28/43], Total Loss: 1.0940, NLL: 0.9990, Masked: 13.5700, Reg: 0.081499
Epoch [29/43], Total Loss: 1.0935, NLL: 0.9990, Masked: 13.5842, Reg: 0.080881
Epoch [30/43], Total Loss: 1.0920, NLL: 0.9986, Masked: 13.5765, Reg: 0.079784
Epoch [31/43], Total Loss: 1.0921, NLL: 0.9992, Masked: 13.5661, Reg: 0.079264
Epoch [32/43], Total Loss: 1.0911, NLL: 0.9990, Masked: 13.5724, Reg: 0.078473
Epoch [33/43], Total Loss: 1.0903, NLL: 0.9988, Masked: 13.5643, Reg: 0.077938
Epoch [34/43], Total Loss: 1.0896, NLL: 0.9987, Masked: 13.5640, Reg: 0.077317
Epoch [35/43], Total Loss: 1.0897, NLL: 0.9993, Masked: 13.5486, Reg: 0.076853
Epoch [36/43], Total Loss: 1.0886, NLL: 0.9986, Masked: 13.5484, Reg: 0.076421
Epoch [37/43], Total Loss: 1.0884, NLL: 0.9990, Masked: 13.5599, Reg: 0.075927
Epoch [38/43], Total Loss: 1.0873, NLL: 0.9983, Masked: 13.5502, Reg: 0.075421
Epoch [39/43], Total Loss: 1.0873, NLL: 0.9987, Masked: 13.5687, Reg: 0.075104
Epoch [40/43], Total Loss: 1.0869, NLL: 0.9986, Masked: 13.5639, Reg: 0.074678
Epoch [41/43], Total Loss: 1.0867, NLL: 0.9987, Masked: 13.5473, Reg: 0.074506
Epoch [42/43], Total Loss: 1.0859, NLL: 0.9984, Masked: 13.5785, Reg: 0.073944
Epoch [43/43], Total Loss: 1.0860, NLL: 0.9987, Masked: 13.5603, Reg: 0.073700

==================================================
EVALUATING ON TRAINING DATA
==================================================

==================================================
TEST RESULTS
==================================================
Total Loss: 1.074753
  - ZINB NLL: 0.987269
Total number of masked values: 1526813
  - Number of values with pi >= 0.3670993761125226: 1510318
  - Number of values with pi < 0.3670993761125226: 16495
  - Masked Reconstruction: 13.553072
  - Regularization: 0.073931
Mean Absolute Error (MAE): 2.258825
R² Score: -0.035172
==================================================


==================================================
TEST RESULTS
==================================================
Total Loss: 1.070914
  - ZINB NLL: 0.982888
Total number of masked values: 574322
  - Number of values with pi >= 0.3670993761125226: 567208
  - Number of values with pi < 0.3670993761125226: 7114
  - Masked Reconstruction: 14.095464
  - Regularization: 0.073931
Mean Absolute Error (MAE): 2.223221
R² Score: -0.042676
==================================================


>>> Optimizing zinb_nll on VALIDATION set: 0.982888
>>> Full validation metrics: {'total_loss': 1.0709141829828135, 'zinb_nll': 0.9828881289679902, 'mae': 2.2232208251953125, 'r2': -0.042676329612731934, 'masked_loss': 14.095463503720742, 'reg_loss': 0.07393059570312491}

Iteration No: 42 ended. Search finished for the next optimal point.
Time taken: 867.5195
Function value obtained: 0.9829
Current minimum: 0.9123
Iteration No: 43 started. Searching for the next optimal point.

================================================================================
Trial with parameters:
  features: Centr_Nucl
  step_size: 0.7891427877038608
  bin_size: 1
  sample_fraction: 0.6359378033741252
  moving_average: True
  first_layer_size_factor: 133
  num_layers: 1
  use_conv: True
  conv_channel: 91
  pool_size: 6
  kernel_size: 7
  epochs: 135
  batch_size: 128
  pi_threshold: 0.3
  learning_rate: 4.2626850255241446e-05
  dropout_rate: 0.5
  masked_recon_weight: 0.04191319515108371
  regularizer: none
  regularization_weight: 69.22384881961423
================================================================================

Creating datasets with:
  features: ['Centr', 'Nucl']
  bin_size: 1
  moving_average: True
  data_point_length: 2000 (from 2000)
  step_size: 1578 (from fraction 0.7891427877038608)
  layers: [np.int64(2128)] (first=2128, num=1)
  stride: 1 (fixed), padding: same (fixed)


Clipping outliers using 95th percentile * 1.5...
strain_yTW001: Clipping values above 134.25 (P95=89.50). Clipped 27529/1193409 values (2.31%)
strain_FD: Clipping values above 71.92 (P95=47.94). Clipped 95791/4127807 values (2.32%)
strain_dnrp: Clipping values above 243.00 (P95=162.00). Clipped 25649/1119454 values (2.29%)
strain_yEK19: Clipping values above 77.10 (P95=51.40). Clipped 83713/3893623 values (2.15%)
strain_yEK23: Clipping values above 72.00 (P95=48.00). Clipped 86381/3558407 values (2.43%)
strain_yWT03a: Clipping values above 15.00 (P95=10.00). Clipped 10602/347679 values (3.05%)
strain_yWT04a: Clipping values above 58.50 (P95=39.00). Clipped 21095/725406 values (2.91%)
strain_ylic137: Clipping values above 142.50 (P95=95.00). Clipped 28746/1112684 values (2.58%)
Standardizing features: ['Centr', 'Nucl']
Column order in final array (Dataset/Chrom split): ['Value', 'Nucleosome_Distance', 'Centromere_Distance', 'Value_Raw', 'Size_Factor']
Removing 0 empty data points out of 34720
Column order in final array (Dataset/Chrom split): ['Value', 'Nucleosome_Distance', 'Centromere_Distance', 'Value_Raw', 'Size_Factor']
Removing 0 empty data points out of 13080
Column order in final array (Dataset/Chrom split): ['Value', 'Nucleosome_Distance', 'Centromere_Distance', 'Value_Raw', 'Size_Factor']
Removing 0 empty data points out of 13432
Datasets created:
  Train: (34720, 2000, 5), Val: (13080, 2000, 5), Test: (13432, 2000, 5)

Randomly sampled 22079/34720 samples (63.6%)
Applied denoising with 15.0% masking
Applied denoising with 15.0% masking
Applied denoising with 15.0% masking
Epoch [1/135], Total Loss: 1.7621, NLL: 1.1611, Masked: 14.3388
Epoch [2/135], Total Loss: 1.5868, NLL: 1.0239, Masked: 13.4303
Epoch [3/135], Total Loss: 1.5658, NLL: 1.0052, Masked: 13.3768
Epoch [4/135], Total Loss: 1.5572, NLL: 0.9963, Masked: 13.3822
Epoch [5/135], Total Loss: 1.5477, NLL: 0.9873, Masked: 13.3716
Epoch [6/135], Total Loss: 1.5363, NLL: 0.9771, Masked: 13.3415
Epoch [7/135], Total Loss: 1.5261, NLL: 0.9674, Masked: 13.3294
Epoch [8/135], Total Loss: 1.5138, NLL: 0.9571, Masked: 13.2836
Epoch [9/135], Total Loss: 1.5017, NLL: 0.9464, Masked: 13.2482
Epoch [10/135], Total Loss: 1.4897, NLL: 0.9365, Masked: 13.1976
Epoch [11/135], Total Loss: 1.4801, NLL: 0.9293, Masked: 13.1409
Epoch [12/135], Total Loss: 1.4741, NLL: 0.9246, Masked: 13.1113
Epoch [13/135], Total Loss: 1.4701, NLL: 0.9209, Masked: 13.1044
Epoch [14/135], Total Loss: 1.4649, NLL: 0.9182, Masked: 13.0436
Epoch [15/135], Total Loss: 1.4610, NLL: 0.9152, Masked: 13.0217
Epoch [16/135], Total Loss: 1.4606, NLL: 0.9137, Masked: 13.0480
Epoch [17/135], Total Loss: 1.4551, NLL: 0.9112, Masked: 12.9771
Epoch [18/135], Total Loss: 1.4526, NLL: 0.9095, Masked: 12.9586
Epoch [19/135], Total Loss: 1.4503, NLL: 0.9074, Masked: 12.9530
Epoch [20/135], Total Loss: 1.4471, NLL: 0.9059, Masked: 12.9130
Epoch [21/135], Total Loss: 1.4429, NLL: 0.9036, Masked: 12.8678
Epoch [22/135], Total Loss: 1.4419, NLL: 0.9022, Masked: 12.8783
Epoch [23/135], Total Loss: 1.4359, NLL: 0.9001, Masked: 12.7838
Epoch [24/135], Total Loss: 1.4348, NLL: 0.8990, Masked: 12.7816
Epoch [25/135], Total Loss: 1.4314, NLL: 0.8974, Masked: 12.7398
Epoch [26/135], Total Loss: 1.4283, NLL: 0.8957, Masked: 12.7062
Epoch [27/135], Total Loss: 1.4247, NLL: 0.8944, Masked: 12.6522
Epoch [28/135], Total Loss: 1.4234, NLL: 0.8935, Masked: 12.6444
Epoch [29/135], Total Loss: 1.4214, NLL: 0.8925, Masked: 12.6189
Epoch [30/135], Total Loss: 1.4188, NLL: 0.8911, Masked: 12.5898
Epoch [31/135], Total Loss: 1.4163, NLL: 0.8904, Masked: 12.5487
Epoch [32/135], Total Loss: 1.4157, NLL: 0.8896, Masked: 12.5507
Epoch [33/135], Total Loss: 1.4132, NLL: 0.8890, Masked: 12.5076
Epoch [34/135], Total Loss: 1.4110, NLL: 0.8880, Masked: 12.4778
Epoch [35/135], Total Loss: 1.4104, NLL: 0.8878, Masked: 12.4676
Epoch [36/135], Total Loss: 1.4083, NLL: 0.8869, Masked: 12.4385
Epoch [37/135], Total Loss: 1.4057, NLL: 0.8858, Masked: 12.4027
Epoch [38/135], Total Loss: 1.4057, NLL: 0.8854, Masked: 12.4134
Epoch [39/135], Total Loss: 1.4046, NLL: 0.8849, Masked: 12.3981
Epoch [40/135], Total Loss: 1.4028, NLL: 0.8845, Masked: 12.3677
Epoch [41/135], Total Loss: 1.4024, NLL: 0.8836, Masked: 12.3789
Epoch [42/135], Total Loss: 1.4013, NLL: 0.8831, Masked: 12.3636
Epoch [43/135], Total Loss: 1.3998, NLL: 0.8829, Masked: 12.3338
Epoch [44/135], Total Loss: 1.3989, NLL: 0.8824, Masked: 12.3231
Epoch [45/135], Total Loss: 1.3986, NLL: 0.8818, Masked: 12.3299
Epoch [46/135], Total Loss: 1.3964, NLL: 0.8812, Masked: 12.2913
Epoch [47/135], Total Loss: 1.3958, NLL: 0.8807, Masked: 12.2910
Epoch [48/135], Total Loss: 1.3939, NLL: 0.8802, Masked: 12.2566
Epoch [49/135], Total Loss: 1.3940, NLL: 0.8798, Masked: 12.2665
Epoch [50/135], Total Loss: 1.3922, NLL: 0.8793, Masked: 12.2395
Epoch [51/135], Total Loss: 1.3899, NLL: 0.8786, Masked: 12.1988
Epoch [52/135], Total Loss: 1.3891, NLL: 0.8783, Masked: 12.1885
Epoch [53/135], Total Loss: 1.3902, NLL: 0.8779, Masked: 12.2223
Epoch [54/135], Total Loss: 1.3875, NLL: 0.8773, Masked: 12.1738
Epoch [55/135], Total Loss: 1.3860, NLL: 0.8768, Masked: 12.1488
Epoch [56/135], Total Loss: 1.3884, NLL: 0.8762, Masked: 12.2219
Epoch [57/135], Total Loss: 1.3837, NLL: 0.8756, Masked: 12.1238
Epoch [58/135], Total Loss: 1.3827, NLL: 0.8753, Masked: 12.1064
Epoch [59/135], Total Loss: 1.3821, NLL: 0.8747, Masked: 12.1037
Epoch [60/135], Total Loss: 1.3810, NLL: 0.8744, Masked: 12.0870
Epoch [61/135], Total Loss: 1.3812, NLL: 0.8741, Masked: 12.0999
Epoch [62/135], Total Loss: 1.3791, NLL: 0.8736, Masked: 12.0601
Epoch [63/135], Total Loss: 1.3801, NLL: 0.8731, Masked: 12.0970
Epoch [64/135], Total Loss: 1.3775, NLL: 0.8724, Masked: 12.0519
Epoch [65/135], Total Loss: 1.3766, NLL: 0.8719, Masked: 12.0409
Epoch [66/135], Total Loss: 1.3748, NLL: 0.8715, Masked: 12.0072
Epoch [67/135], Total Loss: 1.3788, NLL: 0.8713, Masked: 12.1095
Epoch [68/135], Total Loss: 1.3741, NLL: 0.8706, Masked: 12.0139
Epoch [69/135], Total Loss: 1.3718, NLL: 0.8699, Masked: 11.9743
Epoch [70/135], Total Loss: 1.3728, NLL: 0.8700, Masked: 11.9961
Epoch [71/135], Total Loss: 1.3744, NLL: 0.8700, Masked: 12.0354
Epoch [72/135], Total Loss: 1.3694, NLL: 0.8688, Masked: 11.9446
Epoch [73/135], Total Loss: 1.3679, NLL: 0.8681, Masked: 11.9250
Epoch [74/135], Total Loss: 1.3673, NLL: 0.8678, Masked: 11.9172
Epoch [75/135], Total Loss: 1.3673, NLL: 0.8674, Masked: 11.9255
Epoch [76/135], Total Loss: 1.3660, NLL: 0.8669, Masked: 11.9077
Epoch [77/135], Total Loss: 1.3658, NLL: 0.8666, Masked: 11.9090
Epoch [78/135], Total Loss: 1.3647, NLL: 0.8661, Masked: 11.8956
Epoch [79/135], Total Loss: 1.3647, NLL: 0.8661, Masked: 11.8961
Epoch [80/135], Total Loss: 1.3625, NLL: 0.8653, Masked: 11.8645
Epoch [81/135], Total Loss: 1.3611, NLL: 0.8648, Masked: 11.8435
Epoch [82/135], Total Loss: 1.3616, NLL: 0.8645, Masked: 11.8609
Epoch [83/135], Total Loss: 1.3604, NLL: 0.8638, Masked: 11.8483
Epoch [84/135], Total Loss: 1.3582, NLL: 0.8633, Masked: 11.8076
Epoch [85/135], Total Loss: 1.3592, NLL: 0.8631, Masked: 11.8359
Epoch [86/135], Total Loss: 1.3590, NLL: 0.8629, Masked: 11.8342
Epoch [87/135], Total Loss: 1.3562, NLL: 0.8621, Masked: 11.7883
Epoch [88/135], Total Loss: 1.3556, NLL: 0.8617, Masked: 11.7839
Epoch [89/135], Total Loss: 1.3552, NLL: 0.8616, Masked: 11.7760
Epoch [90/135], Total Loss: 1.3549, NLL: 0.8613, Masked: 11.7786
Epoch [91/135], Total Loss: 1.3551, NLL: 0.8610, Masked: 11.7889
Epoch [92/135], Total Loss: 1.3538, NLL: 0.8607, Masked: 11.7645
Epoch [93/135], Total Loss: 1.3533, NLL: 0.8604, Masked: 11.7608
Epoch [94/135], Total Loss: 1.3517, NLL: 0.8598, Masked: 11.7359
Epoch [95/135], Total Loss: 1.3503, NLL: 0.8592, Masked: 11.7174
Epoch [96/135], Total Loss: 1.3502, NLL: 0.8590, Masked: 11.7196
Epoch [97/135], Total Loss: 1.3539, NLL: 0.8586, Masked: 11.8166
Epoch [98/135], Total Loss: 1.3491, NLL: 0.8583, Masked: 11.7089
Epoch [99/135], Total Loss: 1.3500, NLL: 0.8584, Masked: 11.7287
Epoch [100/135], Total Loss: 1.3488, NLL: 0.8578, Masked: 11.7139
Epoch [101/135], Total Loss: 1.3490, NLL: 0.8574, Masked: 11.7278
Epoch [102/135], Total Loss: 1.3476, NLL: 0.8573, Masked: 11.6982
Epoch [103/135], Total Loss: 1.3460, NLL: 0.8570, Masked: 11.6683
Epoch [104/135], Total Loss: 1.3451, NLL: 0.8565, Masked: 11.6575
Epoch [105/135], Total Loss: 1.3465, NLL: 0.8563, Masked: 11.6946
Epoch [106/135], Total Loss: 1.3450, NLL: 0.8560, Masked: 11.6689
Epoch [107/135], Total Loss: 1.3442, NLL: 0.8557, Masked: 11.6549
Epoch [108/135], Total Loss: 1.3440, NLL: 0.8554, Masked: 11.6562
Epoch [109/135], Total Loss: 1.3428, NLL: 0.8551, Masked: 11.6349
Epoch [110/135], Total Loss: 1.3424, NLL: 0.8546, Masked: 11.6377
Epoch [111/135], Total Loss: 1.3437, NLL: 0.8543, Masked: 11.6770
Epoch [112/135], Total Loss: 1.3411, NLL: 0.8540, Masked: 11.6228
Epoch [113/135], Total Loss: 1.3424, NLL: 0.8539, Masked: 11.6567
Epoch [114/135], Total Loss: 1.3402, NLL: 0.8535, Masked: 11.6111
Epoch [115/135], Total Loss: 1.3395, NLL: 0.8531, Masked: 11.6039
Epoch [116/135], Total Loss: 1.3393, NLL: 0.8529, Masked: 11.6058
Epoch [117/135], Total Loss: 1.3373, NLL: 0.8525, Masked: 11.5682
Epoch [118/135], Total Loss: 1.3387, NLL: 0.8523, Masked: 11.6045
Epoch [119/135], Total Loss: 1.3381, NLL: 0.8521, Masked: 11.5952
Epoch [120/135], Total Loss: 1.3363, NLL: 0.8516, Masked: 11.5641
Epoch [121/135], Total Loss: 1.3369, NLL: 0.8516, Masked: 11.5788
Epoch [122/135], Total Loss: 1.3355, NLL: 0.8513, Masked: 11.5522
Epoch [123/135], Total Loss: 1.3365, NLL: 0.8511, Masked: 11.5806
Epoch [124/135], Total Loss: 1.3350, NLL: 0.8509, Masked: 11.5516
Epoch [125/135], Total Loss: 1.3351, NLL: 0.8507, Masked: 11.5592
Epoch [126/135], Total Loss: 1.3327, NLL: 0.8501, Masked: 11.5153
Epoch [127/135], Total Loss: 1.3387, NLL: 0.8502, Masked: 11.6573
Epoch [128/135], Total Loss: 1.3339, NLL: 0.8501, Masked: 11.5449
Epoch [129/135], Total Loss: 1.3338, NLL: 0.8496, Masked: 11.5533
Epoch [130/135], Total Loss: 1.3321, NLL: 0.8493, Masked: 11.5181
Epoch [131/135], Total Loss: 1.3314, NLL: 0.8490, Masked: 11.5108
Epoch [132/135], Total Loss: 1.3311, NLL: 0.8487, Masked: 11.5087
Epoch [133/135], Total Loss: 1.3305, NLL: 0.8483, Masked: 11.5042
Epoch [134/135], Total Loss: 1.3326, NLL: 0.8487, Masked: 11.5465
Epoch [135/135], Total Loss: 1.3310, NLL: 0.8483, Masked: 11.5177

==================================================
EVALUATING ON TRAINING DATA
==================================================

==================================================
TEST RESULTS
==================================================
Total Loss: 1.300019
  - ZINB NLL: 0.830626
Total number of masked values: 1080488
  - Number of values with pi >= 0.3: 898660
  - Number of values with pi < 0.3: 181828
  - Masked Reconstruction: 11.199175
Mean Absolute Error (MAE): 2.082422
R² Score: 0.108788
==================================================


==================================================
TEST RESULTS
==================================================
Total Loss: 1.425756
  - ZINB NLL: 0.860767
Total number of masked values: 640771
  - Number of values with pi >= 0.3: 533307
  - Number of values with pi < 0.3: 107464
  - Masked Reconstruction: 13.479974
Mean Absolute Error (MAE): 2.169972
R² Score: 0.057286
==================================================


>>> Optimizing zinb_nll on VALIDATION set: 0.860767
>>> Full validation metrics: {'total_loss': 1.4257556781127183, 'zinb_nll': 0.8607668903989529, 'mae': 2.1699721813201904, 'r2': 0.057285845279693604, 'masked_loss': 13.479973839109462}

Iteration No: 43 ended. Search finished for the next optimal point.
Time taken: 1092.5780
Function value obtained: 0.8608
Current minimum: 0.8608
Iteration No: 44 started. Searching for the next optimal point.

================================================================================
Trial with parameters:
  features: Centr_Nucl
  step_size: 1.0
  bin_size: 1
  sample_fraction: 0.25
  moving_average: True
  first_layer_size_factor: 150
  num_layers: 2
  use_conv: True
  conv_channel: 128
  pool_size: 8
  kernel_size: 7
  epochs: 150
  batch_size: 128
  pi_threshold: 0.3
  learning_rate: 1e-05
  dropout_rate: 0.5
  masked_recon_weight: 0.001
  regularizer: none
  regularization_weight: 28.02066609826718
================================================================================

Creating datasets with:
  features: ['Centr', 'Nucl']
  bin_size: 1
  moving_average: True
  data_point_length: 2000 (from 2000)
  step_size: 2000 (from fraction 1.0)
  layers: [np.int64(2400), np.int64(1200)] (first=2400, num=2)
  stride: 1 (fixed), padding: same (fixed)


Clipping outliers using 95th percentile * 1.5...
strain_yTW001: Clipping values above 134.25 (P95=89.50). Clipped 27529/1193409 values (2.31%)
strain_FD: Clipping values above 71.92 (P95=47.94). Clipped 95791/4127807 values (2.32%)
strain_dnrp: Clipping values above 243.00 (P95=162.00). Clipped 25649/1119454 values (2.29%)
strain_yEK19: Clipping values above 77.10 (P95=51.40). Clipped 83713/3893623 values (2.15%)
strain_yEK23: Clipping values above 72.00 (P95=48.00). Clipped 86381/3558407 values (2.43%)
strain_yWT03a: Clipping values above 15.00 (P95=10.00). Clipped 10602/347679 values (3.05%)
strain_yWT04a: Clipping values above 58.50 (P95=39.00). Clipped 21095/725406 values (2.91%)
strain_ylic137: Clipping values above 142.50 (P95=95.00). Clipped 28746/1112684 values (2.58%)
Standardizing features: ['Centr', 'Nucl']
Column order in final array (Dataset/Chrom split): ['Value', 'Nucleosome_Distance', 'Centromere_Distance', 'Value_Raw', 'Size_Factor']
Removing 0 empty data points out of 27424
Column order in final array (Dataset/Chrom split): ['Value', 'Nucleosome_Distance', 'Centromere_Distance', 'Value_Raw', 'Size_Factor']
Removing 0 empty data points out of 10328
Column order in final array (Dataset/Chrom split): ['Value', 'Nucleosome_Distance', 'Centromere_Distance', 'Value_Raw', 'Size_Factor']
Removing 0 empty data points out of 10608
Datasets created:
  Train: (27424, 2000, 5), Val: (10328, 2000, 5), Test: (10608, 2000, 5)

Randomly sampled 6856/27424 samples (25.0%)
Applied denoising with 15.0% masking
Applied denoising with 15.0% masking
Applied denoising with 15.0% masking
Epoch [1/150], Total Loss: 1.8952, NLL: 1.8697, Masked: 25.5041
Epoch [2/150], Total Loss: 1.2104, NLL: 1.1965, Masked: 13.8554
Epoch [3/150], Total Loss: 1.1212, NLL: 1.1074, Masked: 13.8184
Epoch [4/150], Total Loss: 1.0895, NLL: 1.0757, Masked: 13.8087
Epoch [5/150], Total Loss: 1.0601, NLL: 1.0463, Masked: 13.8250
Epoch [6/150], Total Loss: 1.0473, NLL: 1.0334, Masked: 13.8336
Epoch [7/150], Total Loss: 1.0377, NLL: 1.0239, Masked: 13.8539
Epoch [8/150], Total Loss: 1.0301, NLL: 1.0163, Masked: 13.8134
Epoch [9/150], Total Loss: 1.0231, NLL: 1.0094, Masked: 13.7643
Epoch [10/150], Total Loss: 1.0180, NLL: 1.0042, Masked: 13.7515
Epoch [11/150], Total Loss: 1.0145, NLL: 1.0008, Masked: 13.7466
Epoch [12/150], Total Loss: 1.0113, NLL: 0.9975, Masked: 13.7374
Epoch [13/150], Total Loss: 1.0098, NLL: 0.9961, Masked: 13.7472
Epoch [14/150], Total Loss: 1.0080, NLL: 0.9943, Masked: 13.7384
Epoch [15/150], Total Loss: 1.0072, NLL: 0.9934, Masked: 13.7598
Epoch [16/150], Total Loss: 1.0050, NLL: 0.9912, Masked: 13.7644
Epoch [17/150], Total Loss: 1.0044, NLL: 0.9906, Masked: 13.7545
Epoch [18/150], Total Loss: 1.0034, NLL: 0.9896, Masked: 13.7576
Epoch [19/150], Total Loss: 1.0021, NLL: 0.9883, Masked: 13.7538
Epoch [20/150], Total Loss: 1.0010, NLL: 0.9872, Masked: 13.7444
Epoch [21/150], Total Loss: 1.0000, NLL: 0.9863, Masked: 13.7560
Epoch [22/150], Total Loss: 0.9993, NLL: 0.9855, Masked: 13.7472
Epoch [23/150], Total Loss: 0.9984, NLL: 0.9846, Masked: 13.7718
Epoch [24/150], Total Loss: 0.9974, NLL: 0.9836, Masked: 13.7594
Epoch [25/150], Total Loss: 0.9968, NLL: 0.9830, Masked: 13.7828
Epoch [26/150], Total Loss: 0.9959, NLL: 0.9821, Masked: 13.7604
Epoch [27/150], Total Loss: 0.9954, NLL: 0.9817, Masked: 13.7595
Epoch [28/150], Total Loss: 0.9951, NLL: 0.9813, Masked: 13.7451
Epoch [29/150], Total Loss: 0.9946, NLL: 0.9808, Masked: 13.7649
Epoch [30/150], Total Loss: 0.9945, NLL: 0.9807, Masked: 13.7513
Epoch [31/150], Total Loss: 0.9940, NLL: 0.9803, Masked: 13.7481
Epoch [32/150], Total Loss: 0.9934, NLL: 0.9797, Masked: 13.7650
Epoch [33/150], Total Loss: 0.9933, NLL: 0.9795, Masked: 13.7482
Epoch [34/150], Total Loss: 0.9932, NLL: 0.9795, Masked: 13.7744
Epoch [35/150], Total Loss: 0.9930, NLL: 0.9792, Masked: 13.7641
Epoch [36/150], Total Loss: 0.9931, NLL: 0.9793, Masked: 13.7501
Epoch [37/150], Total Loss: 0.9929, NLL: 0.9791, Masked: 13.7570
Epoch [38/150], Total Loss: 0.9921, NLL: 0.9784, Masked: 13.7426
Epoch [39/150], Total Loss: 0.9920, NLL: 0.9782, Masked: 13.7536
Epoch [40/150], Total Loss: 0.9916, NLL: 0.9779, Masked: 13.7548
Epoch [41/150], Total Loss: 0.9914, NLL: 0.9776, Masked: 13.7644
Epoch [42/150], Total Loss: 0.9913, NLL: 0.9775, Masked: 13.7390
Epoch [43/150], Total Loss: 0.9911, NLL: 0.9773, Masked: 13.7446
Epoch [44/150], Total Loss: 0.9913, NLL: 0.9775, Masked: 13.7777
Epoch [45/150], Total Loss: 0.9909, NLL: 0.9772, Masked: 13.7617
Epoch [46/150], Total Loss: 0.9904, NLL: 0.9767, Masked: 13.7739
Epoch [47/150], Total Loss: 0.9898, NLL: 0.9760, Masked: 13.7447
Epoch [48/150], Total Loss: 0.9896, NLL: 0.9758, Masked: 13.7398
Epoch [49/150], Total Loss: 0.9890, NLL: 0.9753, Masked: 13.7564
Epoch [50/150], Total Loss: 0.9886, NLL: 0.9748, Masked: 13.8052
Epoch [51/150], Total Loss: 0.9880, NLL: 0.9742, Masked: 13.7644
Epoch [52/150], Total Loss: 0.9875, NLL: 0.9737, Masked: 13.7667
Epoch [53/150], Total Loss: 0.9868, NLL: 0.9730, Masked: 13.7643
Epoch [54/150], Total Loss: 0.9859, NLL: 0.9721, Masked: 13.7598
Epoch [55/150], Total Loss: 0.9843, NLL: 0.9706, Masked: 13.7549
Epoch [56/150], Total Loss: 0.9828, NLL: 0.9690, Masked: 13.7558
Epoch [57/150], Total Loss: 0.9803, NLL: 0.9665, Masked: 13.7688
Epoch [58/150], Total Loss: 0.9765, NLL: 0.9628, Masked: 13.7494
Epoch [59/150], Total Loss: 0.9729, NLL: 0.9592, Masked: 13.7491
Epoch [60/150], Total Loss: 0.9683, NLL: 0.9546, Masked: 13.7318
Epoch [61/150], Total Loss: 0.9635, NLL: 0.9498, Masked: 13.7246
Epoch [62/150], Total Loss: 0.9587, NLL: 0.9450, Masked: 13.7166
Epoch [63/150], Total Loss: 0.9545, NLL: 0.9408, Masked: 13.7288
Epoch [64/150], Total Loss: 0.9508, NLL: 0.9371, Masked: 13.7131
Epoch [65/150], Total Loss: 0.9481, NLL: 0.9343, Masked: 13.7253
Epoch [66/150], Total Loss: 0.9461, NLL: 0.9323, Masked: 13.7330
Epoch [67/150], Total Loss: 0.9443, NLL: 0.9305, Masked: 13.7162
Epoch [68/150], Total Loss: 0.9423, NLL: 0.9286, Masked: 13.7011
Epoch [69/150], Total Loss: 0.9419, NLL: 0.9282, Masked: 13.7160
Epoch [70/150], Total Loss: 0.9405, NLL: 0.9268, Masked: 13.7160
Epoch [71/150], Total Loss: 0.9393, NLL: 0.9256, Masked: 13.7267
Epoch [72/150], Total Loss: 0.9386, NLL: 0.9248, Masked: 13.7335
Epoch [73/150], Total Loss: 0.9381, NLL: 0.9244, Masked: 13.7056
Epoch [74/150], Total Loss: 0.9375, NLL: 0.9238, Masked: 13.7314
Epoch [75/150], Total Loss: 0.9372, NLL: 0.9235, Masked: 13.7427
Epoch [76/150], Total Loss: 0.9367, NLL: 0.9229, Masked: 13.7271
Epoch [77/150], Total Loss: 0.9364, NLL: 0.9226, Masked: 13.7435
Epoch [78/150], Total Loss: 0.9359, NLL: 0.9222, Masked: 13.7650
Epoch [79/150], Total Loss: 0.9353, NLL: 0.9216, Masked: 13.7315
Epoch [80/150], Total Loss: 0.9352, NLL: 0.9215, Masked: 13.7048
Epoch [81/150], Total Loss: 0.9349, NLL: 0.9212, Masked: 13.7098
Epoch [82/150], Total Loss: 0.9342, NLL: 0.9204, Masked: 13.7215
Epoch [83/150], Total Loss: 0.9333, NLL: 0.9196, Masked: 13.7297
Epoch [84/150], Total Loss: 0.9336, NLL: 0.9199, Masked: 13.7196
Epoch [85/150], Total Loss: 0.9334, NLL: 0.9197, Masked: 13.6983
Epoch [86/150], Total Loss: 0.9324, NLL: 0.9186, Masked: 13.7099
Epoch [87/150], Total Loss: 0.9320, NLL: 0.9183, Masked: 13.7003
Epoch [88/150], Total Loss: 0.9313, NLL: 0.9176, Masked: 13.7150
Epoch [89/150], Total Loss: 0.9310, NLL: 0.9173, Masked: 13.7125
Epoch [90/150], Total Loss: 0.9303, NLL: 0.9166, Masked: 13.6816
Epoch [91/150], Total Loss: 0.9299, NLL: 0.9162, Masked: 13.6931
Epoch [92/150], Total Loss: 0.9292, NLL: 0.9154, Masked: 13.7182
Epoch [93/150], Total Loss: 0.9285, NLL: 0.9147, Masked: 13.7309
Epoch [94/150], Total Loss: 0.9279, NLL: 0.9142, Masked: 13.6658
Epoch [95/150], Total Loss: 0.9278, NLL: 0.9141, Masked: 13.7063
Epoch [96/150], Total Loss: 0.9271, NLL: 0.9134, Masked: 13.7113
Epoch [97/150], Total Loss: 0.9272, NLL: 0.9134, Masked: 13.7096
Epoch [98/150], Total Loss: 0.9262, NLL: 0.9125, Masked: 13.6774
Epoch [99/150], Total Loss: 0.9257, NLL: 0.9119, Masked: 13.7072
Epoch [100/150], Total Loss: 0.9253, NLL: 0.9116, Masked: 13.6595
Epoch [101/150], Total Loss: 0.9253, NLL: 0.9117, Masked: 13.6328
Epoch [102/150], Total Loss: 0.9252, NLL: 0.9116, Masked: 13.6542
Epoch [103/150], Total Loss: 0.9249, NLL: 0.9112, Masked: 13.6705
Epoch [104/150], Total Loss: 0.9246, NLL: 0.9110, Masked: 13.6590
Epoch [105/150], Total Loss: 0.9247, NLL: 0.9110, Masked: 13.6627
Epoch [106/150], Total Loss: 0.9242, NLL: 0.9105, Masked: 13.6349
Epoch [107/150], Total Loss: 0.9241, NLL: 0.9105, Masked: 13.6495
Epoch [108/150], Total Loss: 0.9238, NLL: 0.9102, Masked: 13.6706
Epoch [109/150], Total Loss: 0.9237, NLL: 0.9100, Masked: 13.6727
Epoch [110/150], Total Loss: 0.9232, NLL: 0.9095, Masked: 13.6896
Epoch [111/150], Total Loss: 0.9232, NLL: 0.9095, Masked: 13.6698
Epoch [112/150], Total Loss: 0.9231, NLL: 0.9094, Masked: 13.6423
Epoch [113/150], Total Loss: 0.9229, NLL: 0.9092, Masked: 13.7029
Epoch [114/150], Total Loss: 0.9229, NLL: 0.9093, Masked: 13.6673
Epoch [115/150], Total Loss: 0.9238, NLL: 0.9101, Masked: 13.6523
Epoch [116/150], Total Loss: 0.9230, NLL: 0.9093, Masked: 13.6707
Epoch [117/150], Total Loss: 0.9225, NLL: 0.9088, Masked: 13.6315
Epoch [118/150], Total Loss: 0.9219, NLL: 0.9083, Masked: 13.6559
Epoch [119/150], Total Loss: 0.9225, NLL: 0.9088, Masked: 13.6591
Epoch [120/150], Total Loss: 0.9222, NLL: 0.9085, Masked: 13.6474
Epoch [121/150], Total Loss: 0.9215, NLL: 0.9078, Masked: 13.6780
Epoch [122/150], Total Loss: 0.9219, NLL: 0.9082, Masked: 13.6381
Epoch [123/150], Total Loss: 0.9222, NLL: 0.9086, Masked: 13.6575
Epoch [124/150], Total Loss: 0.9214, NLL: 0.9077, Masked: 13.6529
Epoch [125/150], Total Loss: 0.9211, NLL: 0.9075, Masked: 13.6481
Epoch [126/150], Total Loss: 0.9214, NLL: 0.9077, Masked: 13.6439
Epoch [127/150], Total Loss: 0.9214, NLL: 0.9077, Masked: 13.6363
Epoch [128/150], Total Loss: 0.9208, NLL: 0.9071, Masked: 13.6481
Epoch [129/150], Total Loss: 0.9208, NLL: 0.9071, Masked: 13.6500
Epoch [130/150], Total Loss: 0.9207, NLL: 0.9070, Masked: 13.6502
Epoch [131/150], Total Loss: 0.9211, NLL: 0.9074, Masked: 13.6373
Epoch [132/150], Total Loss: 0.9208, NLL: 0.9072, Masked: 13.6399
Epoch [133/150], Total Loss: 0.9202, NLL: 0.9065, Masked: 13.6459
Epoch [134/150], Total Loss: 0.9203, NLL: 0.9067, Masked: 13.6318
Epoch [135/150], Total Loss: 0.9201, NLL: 0.9064, Masked: 13.6402
Epoch [136/150], Total Loss: 0.9199, NLL: 0.9063, Masked: 13.6451
Epoch [137/150], Total Loss: 0.9200, NLL: 0.9064, Masked: 13.6182
Epoch [138/150], Total Loss: 0.9198, NLL: 0.9062, Masked: 13.6323
Epoch [139/150], Total Loss: 0.9193, NLL: 0.9057, Masked: 13.6281
Epoch [140/150], Total Loss: 0.9193, NLL: 0.9057, Masked: 13.6407
Epoch [141/150], Total Loss: 0.9196, NLL: 0.9059, Masked: 13.6472
Epoch [142/150], Total Loss: 0.9193, NLL: 0.9057, Masked: 13.6195
Epoch [143/150], Total Loss: 0.9190, NLL: 0.9054, Masked: 13.6276
Epoch [144/150], Total Loss: 0.9190, NLL: 0.9054, Masked: 13.6689
Epoch [145/150], Total Loss: 0.9187, NLL: 0.9051, Masked: 13.6336
Epoch [146/150], Total Loss: 0.9189, NLL: 0.9052, Masked: 13.6365
Epoch [147/150], Total Loss: 0.9190, NLL: 0.9054, Masked: 13.6078
Epoch [148/150], Total Loss: 0.9182, NLL: 0.9046, Masked: 13.6217
Epoch [149/150], Total Loss: 0.9180, NLL: 0.9044, Masked: 13.6184
Epoch [150/150], Total Loss: 0.9177, NLL: 0.9041, Masked: 13.6052

==================================================
EVALUATING ON TRAINING DATA
==================================================

==================================================
TEST RESULTS
==================================================
Total Loss: 0.911040
  - ZINB NLL: 0.897511
Total number of masked values: 330608
  - Number of values with pi >= 0.3: 306739
  - Number of values with pi < 0.3: 23869
  - Masked Reconstruction: 13.528806
Mean Absolute Error (MAE): 2.282535
R² Score: -0.003396
==================================================


==================================================
TEST RESULTS
==================================================
Total Loss: 0.925142
  - ZINB NLL: 0.911258
Total number of masked values: 506645
  - Number of values with pi >= 0.3: 473098
  - Number of values with pi < 0.3: 33547
  - Masked Reconstruction: 13.884608
Mean Absolute Error (MAE): 2.228029
R² Score: -0.015550
==================================================


>>> Optimizing zinb_nll on VALIDATION set: 0.911258
>>> Full validation metrics: {'total_loss': 0.9251423136011563, 'zinb_nll': 0.9112576984047982, 'mae': 2.228029489517212, 'r2': -0.015550374984741211, 'masked_loss': 13.884608257657147}

Iteration No: 44 ended. Search finished for the next optimal point.
Time taken: 777.9576
Function value obtained: 0.9113
Current minimum: 0.8608
Iteration No: 45 started. Searching for the next optimal point.

================================================================================
Trial with parameters:
  features: Centr_Nucl
  step_size: 1.0
  bin_size: 1
  sample_fraction: 0.7957425034888488
  moving_average: True
  first_layer_size_factor: 150
  num_layers: 1
  use_conv: True
  conv_channel: 94
  pool_size: 6
  kernel_size: 7
  epochs: 150
  batch_size: 128
  pi_threshold: 0.3
  learning_rate: 0.0004750761705448346
  dropout_rate: 0.5
  masked_recon_weight: 0.0010612880153190209
  regularizer: none
  regularization_weight: 100.0
================================================================================

Creating datasets with:
  features: ['Centr', 'Nucl']
  bin_size: 1
  moving_average: True
  data_point_length: 2000 (from 2000)
  step_size: 2000 (from fraction 1.0)
  layers: [np.int64(2400)] (first=2400, num=1)
  stride: 1 (fixed), padding: same (fixed)


Clipping outliers using 95th percentile * 1.5...
strain_yTW001: Clipping values above 134.25 (P95=89.50). Clipped 27529/1193409 values (2.31%)
strain_FD: Clipping values above 71.92 (P95=47.94). Clipped 95791/4127807 values (2.32%)
strain_dnrp: Clipping values above 243.00 (P95=162.00). Clipped 25649/1119454 values (2.29%)
strain_yEK19: Clipping values above 77.10 (P95=51.40). Clipped 83713/3893623 values (2.15%)
strain_yEK23: Clipping values above 72.00 (P95=48.00). Clipped 86381/3558407 values (2.43%)
strain_yWT03a: Clipping values above 15.00 (P95=10.00). Clipped 10602/347679 values (3.05%)
strain_yWT04a: Clipping values above 58.50 (P95=39.00). Clipped 21095/725406 values (2.91%)
strain_ylic137: Clipping values above 142.50 (P95=95.00). Clipped 28746/1112684 values (2.58%)
Standardizing features: ['Centr', 'Nucl']
Column order in final array (Dataset/Chrom split): ['Value', 'Nucleosome_Distance', 'Centromere_Distance', 'Value_Raw', 'Size_Factor']
Removing 0 empty data points out of 27424
Column order in final array (Dataset/Chrom split): ['Value', 'Nucleosome_Distance', 'Centromere_Distance', 'Value_Raw', 'Size_Factor']
Removing 0 empty data points out of 10328
Column order in final array (Dataset/Chrom split): ['Value', 'Nucleosome_Distance', 'Centromere_Distance', 'Value_Raw', 'Size_Factor']
Removing 0 empty data points out of 10608
Datasets created:
  Train: (27424, 2000, 5), Val: (10328, 2000, 5), Test: (10608, 2000, 5)

Randomly sampled 21822/27424 samples (79.6%)
Applied denoising with 15.0% masking
Applied denoising with 15.0% masking
Applied denoising with 15.0% masking
Epoch [1/150], Total Loss: 1.0582, NLL: 1.0438, Masked: 13.6348
Epoch [2/150], Total Loss: 0.9690, NLL: 0.9548, Masked: 13.4092
Epoch [3/150], Total Loss: 0.9463, NLL: 0.9323, Masked: 13.2722
Epoch [4/150], Total Loss: 0.9368, NLL: 0.9228, Masked: 13.1987
Epoch [5/150], Total Loss: 0.9264, NLL: 0.9125, Masked: 13.0597
Epoch [6/150], Total Loss: 0.9202, NLL: 0.9064, Masked: 13.0060
Epoch [7/150], Total Loss: 0.9162, NLL: 0.9025, Masked: 12.9456
Epoch [8/150], Total Loss: 0.9130, NLL: 0.8993, Masked: 12.9091
Epoch [9/150], Total Loss: 0.9092, NLL: 0.8955, Masked: 12.8868
Epoch [10/150], Total Loss: 0.9068, NLL: 0.8931, Masked: 12.8679
Epoch [11/150], Total Loss: 0.9027, NLL: 0.8891, Masked: 12.8159
Epoch [12/150], Total Loss: 0.9005, NLL: 0.8869, Masked: 12.8164
Epoch [13/150], Total Loss: 0.8987, NLL: 0.8851, Masked: 12.8340
Epoch [14/150], Total Loss: 0.8978, NLL: 0.8841, Masked: 12.8566
Epoch [15/150], Total Loss: 0.8952, NLL: 0.8816, Masked: 12.7976
Epoch [16/150], Total Loss: 0.8944, NLL: 0.8808, Masked: 12.7868
Epoch [17/150], Total Loss: 0.8928, NLL: 0.8792, Masked: 12.7824
Epoch [18/150], Total Loss: 0.8912, NLL: 0.8777, Masked: 12.7614
Epoch [19/150], Total Loss: 0.8902, NLL: 0.8766, Masked: 12.7542
Epoch [20/150], Total Loss: 0.8893, NLL: 0.8756, Masked: 12.8590
Epoch [21/150], Total Loss: 0.8891, NLL: 0.8756, Masked: 12.7732
Epoch [22/150], Total Loss: 0.8871, NLL: 0.8736, Masked: 12.7312
Epoch [23/150], Total Loss: 0.8867, NLL: 0.8732, Masked: 12.7548
Epoch [24/150], Total Loss: 0.8862, NLL: 0.8727, Masked: 12.7507
Epoch [25/150], Total Loss: 0.8852, NLL: 0.8717, Masked: 12.7587
Epoch [26/150], Total Loss: 0.8845, NLL: 0.8710, Masked: 12.7425
Epoch [27/150], Total Loss: 0.8843, NLL: 0.8708, Masked: 12.7310
Epoch [28/150], Total Loss: 0.8829, NLL: 0.8694, Masked: 12.7257
Epoch [29/150], Total Loss: 0.8826, NLL: 0.8691, Masked: 12.7188
Epoch [30/150], Total Loss: 0.8823, NLL: 0.8687, Masked: 12.7445
Epoch [31/150], Total Loss: 0.8810, NLL: 0.8674, Masked: 12.7359
Epoch [32/150], Total Loss: 0.8805, NLL: 0.8670, Masked: 12.7197
Epoch [33/150], Total Loss: 0.8796, NLL: 0.8661, Masked: 12.7123
Epoch [34/150], Total Loss: 0.8795, NLL: 0.8660, Masked: 12.7228
Epoch [35/150], Total Loss: 0.8789, NLL: 0.8654, Masked: 12.6970
Epoch [36/150], Total Loss: 0.8784, NLL: 0.8649, Masked: 12.6907
Epoch [37/150], Total Loss: 0.8776, NLL: 0.8642, Masked: 12.6861
Epoch [38/150], Total Loss: 0.8770, NLL: 0.8635, Masked: 12.6949
Epoch [39/150], Total Loss: 0.8770, NLL: 0.8634, Masked: 12.8152
Epoch [40/150], Total Loss: 0.8761, NLL: 0.8626, Masked: 12.6831
Epoch [41/150], Total Loss: 0.8755, NLL: 0.8621, Masked: 12.6861
Epoch [42/150], Total Loss: 0.8752, NLL: 0.8617, Masked: 12.6747
Epoch [43/150], Total Loss: 0.8742, NLL: 0.8607, Masked: 12.6764
Epoch [44/150], Total Loss: 0.8740, NLL: 0.8606, Masked: 12.6583
Epoch [45/150], Total Loss: 0.8737, NLL: 0.8602, Masked: 12.6889
Epoch [46/150], Total Loss: 0.8730, NLL: 0.8595, Masked: 12.6643
Epoch [47/150], Total Loss: 0.8722, NLL: 0.8588, Masked: 12.6349
Epoch [48/150], Total Loss: 0.8733, NLL: 0.8598, Masked: 12.6812
Epoch [49/150], Total Loss: 0.8733, NLL: 0.8598, Masked: 12.6855
Epoch [50/150], Total Loss: 0.8711, NLL: 0.8576, Masked: 12.6433
Epoch [51/150], Total Loss: 0.8709, NLL: 0.8575, Masked: 12.6567
Epoch [52/150], Total Loss: 0.8710, NLL: 0.8576, Masked: 12.6482
Epoch [53/150], Total Loss: 0.8702, NLL: 0.8568, Masked: 12.6293
Epoch [54/150], Total Loss: 0.8695, NLL: 0.8561, Masked: 12.6217
Epoch [55/150], Total Loss: 0.8692, NLL: 0.8558, Masked: 12.6352
Epoch [56/150], Total Loss: 0.8688, NLL: 0.8554, Masked: 12.6182
Epoch [57/150], Total Loss: 0.8684, NLL: 0.8550, Masked: 12.6307
Epoch [58/150], Total Loss: 0.8679, NLL: 0.8545, Masked: 12.6065
Epoch [59/150], Total Loss: 0.8672, NLL: 0.8539, Masked: 12.5966
Epoch [60/150], Total Loss: 0.8664, NLL: 0.8530, Masked: 12.5848
Epoch [61/150], Total Loss: 0.8666, NLL: 0.8532, Masked: 12.6054
Epoch [62/150], Total Loss: 0.8662, NLL: 0.8528, Masked: 12.5829
Epoch [63/150], Total Loss: 0.8658, NLL: 0.8524, Masked: 12.6060
Epoch [64/150], Total Loss: 0.8653, NLL: 0.8520, Masked: 12.5718
Epoch [65/150], Total Loss: 0.8652, NLL: 0.8518, Masked: 12.6100
Epoch [66/150], Total Loss: 0.8650, NLL: 0.8517, Masked: 12.5783
Epoch [67/150], Total Loss: 0.8647, NLL: 0.8513, Masked: 12.5740
Epoch [68/150], Total Loss: 0.8641, NLL: 0.8508, Masked: 12.5820
Epoch [69/150], Total Loss: 0.8635, NLL: 0.8502, Masked: 12.5759
Epoch [70/150], Total Loss: 0.8632, NLL: 0.8499, Masked: 12.5487
Epoch [71/150], Total Loss: 0.8635, NLL: 0.8502, Masked: 12.5849
Epoch [72/150], Total Loss: 0.8628, NLL: 0.8494, Masked: 12.5645
Epoch [73/150], Total Loss: 0.8625, NLL: 0.8492, Masked: 12.5757
Epoch [74/150], Total Loss: 0.8622, NLL: 0.8489, Masked: 12.5557
Epoch [75/150], Total Loss: 0.8623, NLL: 0.8490, Masked: 12.5409
Epoch [76/150], Total Loss: 0.8620, NLL: 0.8487, Masked: 12.5736
Epoch [77/150], Total Loss: 0.8610, NLL: 0.8477, Masked: 12.5487
Epoch [78/150], Total Loss: 0.8612, NLL: 0.8479, Masked: 12.5424
Epoch [79/150], Total Loss: 0.8611, NLL: 0.8477, Masked: 12.5702
Epoch [80/150], Total Loss: 0.8604, NLL: 0.8471, Masked: 12.5721
Epoch [81/150], Total Loss: 0.8598, NLL: 0.8465, Masked: 12.5409
Epoch [82/150], Total Loss: 0.8594, NLL: 0.8461, Masked: 12.5281
Epoch [83/150], Total Loss: 0.8594, NLL: 0.8461, Masked: 12.5384
Epoch [84/150], Total Loss: 0.8595, NLL: 0.8462, Masked: 12.5670
Epoch [85/150], Total Loss: 0.8589, NLL: 0.8456, Masked: 12.5309
Epoch [86/150], Total Loss: 0.8588, NLL: 0.8455, Masked: 12.5395
Epoch [87/150], Total Loss: 0.8590, NLL: 0.8457, Masked: 12.5114
Epoch [88/150], Total Loss: 0.8595, NLL: 0.8461, Masked: 12.6260
Epoch [89/150], Total Loss: 0.8583, NLL: 0.8450, Masked: 12.5207
Epoch [90/150], Total Loss: 0.8576, NLL: 0.8443, Masked: 12.5293
Epoch [91/150], Total Loss: 0.8578, NLL: 0.8445, Masked: 12.5090
Epoch [92/150], Total Loss: 0.8573, NLL: 0.8440, Masked: 12.5099
Epoch [93/150], Total Loss: 0.8567, NLL: 0.8434, Masked: 12.4818
Epoch [94/150], Total Loss: 0.8566, NLL: 0.8434, Masked: 12.4965
Epoch [95/150], Total Loss: 0.8568, NLL: 0.8435, Masked: 12.5244
Epoch [96/150], Total Loss: 0.8563, NLL: 0.8430, Masked: 12.5175
Epoch [97/150], Total Loss: 0.8558, NLL: 0.8425, Masked: 12.5476
Epoch [98/150], Total Loss: 0.8558, NLL: 0.8426, Masked: 12.4934
Epoch [99/150], Total Loss: 0.8560, NLL: 0.8427, Masked: 12.5224
Epoch [100/150], Total Loss: 0.8554, NLL: 0.8422, Masked: 12.5090
Epoch [101/150], Total Loss: 0.8548, NLL: 0.8416, Masked: 12.4955
Epoch [102/150], Total Loss: 0.8548, NLL: 0.8415, Masked: 12.5119
Epoch [103/150], Total Loss: 0.8547, NLL: 0.8414, Masked: 12.5069
Epoch [104/150], Total Loss: 0.8544, NLL: 0.8411, Masked: 12.4923
Epoch [105/150], Total Loss: 0.8541, NLL: 0.8408, Masked: 12.4976
Epoch [106/150], Total Loss: 0.8539, NLL: 0.8407, Masked: 12.4926
Epoch [107/150], Total Loss: 0.8539, NLL: 0.8407, Masked: 12.4865
Epoch [108/150], Total Loss: 0.8544, NLL: 0.8411, Masked: 12.5038
Epoch [109/150], Total Loss: 0.8530, NLL: 0.8397, Masked: 12.4825
Epoch [110/150], Total Loss: 0.8530, NLL: 0.8397, Masked: 12.5076
Epoch [111/150], Total Loss: 0.8525, NLL: 0.8392, Masked: 12.4873
Epoch [112/150], Total Loss: 0.8526, NLL: 0.8393, Masked: 12.4881
Epoch [113/150], Total Loss: 0.8524, NLL: 0.8391, Masked: 12.4802
Epoch [114/150], Total Loss: 0.8523, NLL: 0.8391, Masked: 12.4746
Epoch [115/150], Total Loss: 0.8520, NLL: 0.8387, Masked: 12.4905
Epoch [116/150], Total Loss: 0.8526, NLL: 0.8393, Masked: 12.4670
Epoch [117/150], Total Loss: 0.8513, NLL: 0.8381, Masked: 12.4703
Epoch [118/150], Total Loss: 0.8516, NLL: 0.8384, Masked: 12.4678
Epoch [119/150], Total Loss: 0.8511, NLL: 0.8379, Masked: 12.4781
Epoch [120/150], Total Loss: 0.8513, NLL: 0.8381, Masked: 12.4676
Epoch [121/150], Total Loss: 0.8513, NLL: 0.8380, Masked: 12.4724
Epoch [122/150], Total Loss: 0.8509, NLL: 0.8377, Masked: 12.4666
Epoch [123/150], Total Loss: 0.8505, NLL: 0.8373, Masked: 12.4573
Epoch [124/150], Total Loss: 0.8500, NLL: 0.8368, Masked: 12.4318
Epoch [125/150], Total Loss: 0.8502, NLL: 0.8370, Masked: 12.4570
Epoch [126/150], Total Loss: 0.8499, NLL: 0.8366, Masked: 12.5539
Epoch [127/150], Total Loss: 0.8498, NLL: 0.8366, Masked: 12.4704
Epoch [128/150], Total Loss: 0.8496, NLL: 0.8364, Masked: 12.4605
Epoch [129/150], Total Loss: 0.8495, NLL: 0.8363, Masked: 12.4607
Epoch [130/150], Total Loss: 0.8492, NLL: 0.8360, Masked: 12.4552
Epoch [131/150], Total Loss: 0.8492, NLL: 0.8360, Masked: 12.4612
Epoch [132/150], Total Loss: 0.8489, NLL: 0.8357, Masked: 12.4391
Epoch [133/150], Total Loss: 0.8487, NLL: 0.8355, Masked: 12.4488
Epoch [134/150], Total Loss: 0.8486, NLL: 0.8353, Masked: 12.4904
Epoch [135/150], Total Loss: 0.8487, NLL: 0.8355, Masked: 12.4577
Epoch [136/150], Total Loss: 0.8485, NLL: 0.8353, Masked: 12.4625
Epoch [137/150], Total Loss: 0.8482, NLL: 0.8350, Masked: 12.4384
Epoch [138/150], Total Loss: 0.8478, NLL: 0.8346, Masked: 12.4371
Epoch [139/150], Total Loss: 0.8481, NLL: 0.8348, Masked: 12.4551
Epoch [140/150], Total Loss: 0.8478, NLL: 0.8346, Masked: 12.4587
Epoch [141/150], Total Loss: 0.8473, NLL: 0.8341, Masked: 12.4260
Epoch [142/150], Total Loss: 0.8471, NLL: 0.8339, Masked: 12.4497
Epoch [143/150], Total Loss: 0.8473, NLL: 0.8341, Masked: 12.4337
Epoch [144/150], Total Loss: 0.8468, NLL: 0.8336, Masked: 12.4258
Epoch [145/150], Total Loss: 0.8466, NLL: 0.8334, Masked: 12.4529
Epoch [146/150], Total Loss: 0.8469, NLL: 0.8337, Masked: 12.4343
Epoch [147/150], Total Loss: 0.8467, NLL: 0.8335, Masked: 12.4363
Epoch [148/150], Total Loss: 0.8465, NLL: 0.8333, Masked: 12.4388
Epoch [149/150], Total Loss: 0.8460, NLL: 0.8328, Masked: 12.4118
Epoch [150/150], Total Loss: 0.8461, NLL: 0.8329, Masked: 12.4503

==================================================
EVALUATING ON TRAINING DATA
==================================================

==================================================
TEST RESULTS
==================================================
Total Loss: 0.805878
  - ZINB NLL: 0.793013
Total number of masked values: 1076189
  - Number of values with pi >= 0.3: 895461
  - Number of values with pi < 0.3: 180728
  - Masked Reconstruction: 12.122419
Mean Absolute Error (MAE): 2.095828
R² Score: 0.089105
==================================================


==================================================
TEST RESULTS
==================================================
Total Loss: 0.869633
  - ZINB NLL: 0.855122
Total number of masked values: 506645
  - Number of values with pi >= 0.3: 426197
  - Number of values with pi < 0.3: 80448
  - Masked Reconstruction: 13.672464
Mean Absolute Error (MAE): 2.169655
R² Score: 0.043415
==================================================


>>> Optimizing zinb_nll on VALIDATION set: 0.855122
>>> Full validation metrics: {'total_loss': 0.8696326686835492, 'zinb_nll': 0.855122245207579, 'mae': 2.1696550846099854, 'r2': 0.043414533138275146, 'masked_loss': 13.672463933411354}

Iteration No: 45 ended. Search finished for the next optimal point.
Time taken: 1204.5115
Function value obtained: 0.8551
Current minimum: 0.8551
Iteration No: 46 started. Searching for the next optimal point.

================================================================================
Trial with parameters:
  features: Centr_Nucl
  step_size: 0.25
  bin_size: 1
  sample_fraction: 0.25
  moving_average: True
  first_layer_size_factor: 150
  num_layers: 1
  use_conv: False
  conv_channel: 26
  pool_size: 8
  kernel_size: 3
  epochs: 150
  batch_size: 128
  pi_threshold: 0.3
  learning_rate: 1e-05
  dropout_rate: 0.5
  masked_recon_weight: 10.0
  regularizer: none
  regularization_weight: 100.0
================================================================================

Creating datasets with:
  features: ['Centr', 'Nucl']
  bin_size: 1
  moving_average: True
  data_point_length: 2000 (from 2000)
  step_size: 500 (from fraction 0.25)
  layers: [np.int64(2400)] (first=2400, num=1)
  stride: 1 (fixed), padding: same (fixed)


Clipping outliers using 95th percentile * 1.5...
strain_yTW001: Clipping values above 134.25 (P95=89.50). Clipped 27529/1193409 values (2.31%)
strain_FD: Clipping values above 71.92 (P95=47.94). Clipped 95791/4127807 values (2.32%)
strain_dnrp: Clipping values above 243.00 (P95=162.00). Clipped 25649/1119454 values (2.29%)
strain_yEK19: Clipping values above 77.10 (P95=51.40). Clipped 83713/3893623 values (2.15%)
strain_yEK23: Clipping values above 72.00 (P95=48.00). Clipped 86381/3558407 values (2.43%)
strain_yWT03a: Clipping values above 15.00 (P95=10.00). Clipped 10602/347679 values (3.05%)
strain_yWT04a: Clipping values above 58.50 (P95=39.00). Clipped 21095/725406 values (2.91%)
strain_ylic137: Clipping values above 142.50 (P95=95.00). Clipped 28746/1112684 values (2.58%)
Standardizing features: ['Centr', 'Nucl']
Column order in final array (Dataset/Chrom split): ['Value', 'Nucleosome_Distance', 'Centromere_Distance', 'Value_Raw', 'Size_Factor']
Removing 0 empty data points out of 109344
Column order in final array (Dataset/Chrom split): ['Value', 'Nucleosome_Distance', 'Centromere_Distance', 'Value_Raw', 'Size_Factor']
Removing 0 empty data points out of 41184
Column order in final array (Dataset/Chrom split): ['Value', 'Nucleosome_Distance', 'Centromere_Distance', 'Value_Raw', 'Size_Factor']
Removing 0 empty data points out of 42288
Datasets created:
  Train: (109344, 2000, 5), Val: (41184, 2000, 5), Test: (42288, 2000, 5)

Randomly sampled 27336/109344 samples (25.0%)
Applied denoising with 15.0% masking
Applied denoising with 15.0% masking
Applied denoising with 15.0% masking
Epoch [1/150], Total Loss: 205.0607, NLL: 1.5839, Masked: 20.3477
Epoch [2/150], Total Loss: 140.1695, NLL: 1.5080, Masked: 13.8661
Epoch [3/150], Total Loss: 134.5962, NLL: 1.6501, Masked: 13.2946
Epoch [4/150], Total Loss: 134.0486, NLL: 1.7177, Masked: 13.2331
Epoch [5/150], Total Loss: 134.5011, NLL: 1.7192, Masked: 13.2782
Epoch [6/150], Total Loss: 134.5627, NLL: 1.7028, Masked: 13.2860
Epoch [7/150], Total Loss: 134.6241, NLL: 1.6635, Masked: 13.2961
Epoch [8/150], Total Loss: 134.6027, NLL: 1.6206, Masked: 13.2982
Epoch [9/150], Total Loss: 134.6914, NLL: 1.5961, Masked: 13.3095
Epoch [10/150], Total Loss: 134.5455, NLL: 1.5644, Masked: 13.2981
Epoch [11/150], Total Loss: 134.5432, NLL: 1.5350, Masked: 13.3008
Epoch [12/150], Total Loss: 134.6129, NLL: 1.5125, Masked: 13.3100
Epoch [13/150], Total Loss: 134.4976, NLL: 1.4822, Masked: 13.3015
Epoch [14/150], Total Loss: 134.4372, NLL: 1.4528, Masked: 13.2984
Epoch [15/150], Total Loss: 134.5392, NLL: 1.4232, Masked: 13.3116
Epoch [16/150], Total Loss: 134.4490, NLL: 1.4049, Masked: 13.3044
Epoch [17/150], Total Loss: 134.3869, NLL: 1.3782, Masked: 13.3009
Epoch [18/150], Total Loss: 134.2560, NLL: 1.3593, Masked: 13.2897
Epoch [19/150], Total Loss: 134.3175, NLL: 1.3454, Masked: 13.2972
Epoch [20/150], Total Loss: 134.0890, NLL: 1.3280, Masked: 13.2761
Epoch [21/150], Total Loss: 134.0420, NLL: 1.3137, Masked: 13.2728
Epoch [22/150], Total Loss: 134.0098, NLL: 1.3004, Masked: 13.2709
Epoch [23/150], Total Loss: 133.9040, NLL: 1.2862, Masked: 13.2618
Epoch [24/150], Total Loss: 133.8510, NLL: 1.2705, Masked: 13.2581
Epoch [25/150], Total Loss: 133.8869, NLL: 1.2582, Masked: 13.2629
Epoch [26/150], Total Loss: 133.7438, NLL: 1.2514, Masked: 13.2492
Epoch [27/150], Total Loss: 133.8054, NLL: 1.2377, Masked: 13.2568
Epoch [28/150], Total Loss: 133.8868, NLL: 1.2249, Masked: 13.2662
Epoch [29/150], Total Loss: 133.8857, NLL: 1.2121, Masked: 13.2674
Epoch [30/150], Total Loss: 133.8412, NLL: 1.2046, Masked: 13.2637
Epoch [31/150], Total Loss: 133.9012, NLL: 1.1903, Masked: 13.2711
Epoch [32/150], Total Loss: 134.0844, NLL: 1.1811, Masked: 13.2903
Epoch [33/150], Total Loss: 134.0589, NLL: 1.1699, Masked: 13.2889
Epoch [34/150], Total Loss: 134.3416, NLL: 1.1565, Masked: 13.3185
Epoch [35/150], Total Loss: 134.4185, NLL: 1.1427, Masked: 13.3276
Epoch [36/150], Total Loss: 134.6662, NLL: 1.1304, Masked: 13.3536
Epoch [37/150], Total Loss: 134.5783, NLL: 1.1175, Masked: 13.3461
Epoch [38/150], Total Loss: 134.8730, NLL: 1.1067, Masked: 13.3766
Epoch [39/150], Total Loss: 134.7377, NLL: 1.0949, Masked: 13.3643
Epoch [40/150], Total Loss: 135.0085, NLL: 1.0853, Masked: 13.3923
Epoch [41/150], Total Loss: 134.9125, NLL: 1.0786, Masked: 13.3834
Epoch [42/150], Total Loss: 134.9164, NLL: 1.0737, Masked: 13.3843
Epoch [43/150], Total Loss: 134.9753, NLL: 1.0684, Masked: 13.3907
Epoch [44/150], Total Loss: 135.0624, NLL: 1.0634, Masked: 13.3999
Epoch [45/150], Total Loss: 134.9406, NLL: 1.0585, Masked: 13.3882
Epoch [46/150], Total Loss: 134.9816, NLL: 1.0565, Masked: 13.3925
Epoch [47/150], Total Loss: 134.9848, NLL: 1.0529, Masked: 13.3932
Epoch [48/150], Total Loss: 134.9070, NLL: 1.0504, Masked: 13.3857
Epoch [49/150], Total Loss: 134.8997, NLL: 1.0481, Masked: 13.3852
Epoch [50/150], Total Loss: 134.7852, NLL: 1.0463, Masked: 13.3739
Epoch [51/150], Total Loss: 134.8405, NLL: 1.0442, Masked: 13.3796
Epoch [52/150], Total Loss: 134.7917, NLL: 1.0419, Masked: 13.3750
Epoch [53/150], Total Loss: 134.8461, NLL: 1.0403, Masked: 13.3806
Epoch [54/150], Total Loss: 134.7387, NLL: 1.0387, Masked: 13.3700
Epoch [55/150], Total Loss: 134.8343, NLL: 1.0374, Masked: 13.3797
Epoch [56/150], Total Loss: 134.6220, NLL: 1.0353, Masked: 13.3587
Epoch [57/150], Total Loss: 134.6547, NLL: 1.0343, Masked: 13.3620
Epoch [58/150], Total Loss: 134.4382, NLL: 1.0330, Masked: 13.3405
Epoch [59/150], Total Loss: 134.5049, NLL: 1.0319, Masked: 13.3473
Epoch [60/150], Total Loss: 134.5536, NLL: 1.0312, Masked: 13.3522
Epoch [61/150], Total Loss: 134.5526, NLL: 1.0296, Masked: 13.3523
Epoch [62/150], Total Loss: 134.4631, NLL: 1.0288, Masked: 13.3434
Epoch [63/150], Total Loss: 134.4412, NLL: 1.0280, Masked: 13.3413
Epoch [64/150], Total Loss: 134.4295, NLL: 1.0272, Masked: 13.3402
Epoch [65/150], Total Loss: 134.3337, NLL: 1.0259, Masked: 13.3308
Epoch [66/150], Total Loss: 134.1931, NLL: 1.0250, Masked: 13.3168
Epoch [67/150], Total Loss: 134.1603, NLL: 1.0245, Masked: 13.3136
Epoch [68/150], Total Loss: 134.1746, NLL: 1.0240, Masked: 13.3151
Epoch [69/150], Total Loss: 134.0665, NLL: 1.0231, Masked: 13.3043
Epoch [70/150], Total Loss: 134.0074, NLL: 1.0227, Masked: 13.2985
Epoch [71/150], Total Loss: 134.0488, NLL: 1.0216, Masked: 13.3027
Epoch [72/150], Total Loss: 134.0894, NLL: 1.0208, Masked: 13.3069
Epoch [73/150], Total Loss: 133.8907, NLL: 1.0208, Masked: 13.2870
Epoch [74/150], Total Loss: 133.8830, NLL: 1.0200, Masked: 13.2863
Epoch [75/150], Total Loss: 133.7799, NLL: 1.0191, Masked: 13.2761
Epoch [76/150], Total Loss: 133.8603, NLL: 1.0197, Masked: 13.2841
Epoch [77/150], Total Loss: 133.7445, NLL: 1.0188, Masked: 13.2726
Epoch [78/150], Total Loss: 133.7192, NLL: 1.0185, Masked: 13.2701
Epoch [79/150], Total Loss: 133.5339, NLL: 1.0183, Masked: 13.2516
Epoch [80/150], Total Loss: 133.5393, NLL: 1.0172, Masked: 13.2522
Epoch [81/150], Total Loss: 133.4464, NLL: 1.0177, Masked: 13.2429
Epoch [82/150], Total Loss: 133.3539, NLL: 1.0174, Masked: 13.2336
Epoch [83/150], Total Loss: 133.4058, NLL: 1.0169, Masked: 13.2389
Epoch [84/150], Total Loss: 133.2976, NLL: 1.0165, Masked: 13.2281
Epoch [85/150], Total Loss: 133.2586, NLL: 1.0165, Masked: 13.2242
Epoch [86/150], Total Loss: 133.2225, NLL: 1.0167, Masked: 13.2206
Epoch [87/150], Total Loss: 133.1572, NLL: 1.0162, Masked: 13.2141
Epoch [88/150], Total Loss: 133.1587, NLL: 1.0167, Masked: 13.2142
Epoch [89/150], Total Loss: 132.9759, NLL: 1.0168, Masked: 13.1959
Epoch [90/150], Total Loss: 133.0242, NLL: 1.0159, Masked: 13.2008
Epoch [91/150], Total Loss: 132.8072, NLL: 1.0168, Masked: 13.1790
Epoch [92/150], Total Loss: 132.7665, NLL: 1.0155, Masked: 13.1751
Epoch [93/150], Total Loss: 132.7143, NLL: 1.0156, Masked: 13.1699
Epoch [94/150], Total Loss: 132.6991, NLL: 1.0152, Masked: 13.1684
Epoch [95/150], Total Loss: 132.7268, NLL: 1.0154, Masked: 13.1711
Epoch [96/150], Total Loss: 132.5764, NLL: 1.0162, Masked: 13.1560
Epoch [97/150], Total Loss: 132.5960, NLL: 1.0154, Masked: 13.1581
Epoch [98/150], Total Loss: 132.4727, NLL: 1.0155, Masked: 13.1457
Epoch [99/150], Total Loss: 132.3108, NLL: 1.0165, Masked: 13.1294
Epoch [100/150], Total Loss: 132.2551, NLL: 1.0156, Masked: 13.1239
Epoch [101/150], Total Loss: 132.2340, NLL: 1.0152, Masked: 13.1219
Epoch [102/150], Total Loss: 132.3459, NLL: 1.0154, Masked: 13.1330
Epoch [103/150], Total Loss: 132.1712, NLL: 1.0153, Masked: 13.1156
Epoch [104/150], Total Loss: 132.1642, NLL: 1.0163, Masked: 13.1148
Epoch [105/150], Total Loss: 132.0927, NLL: 1.0155, Masked: 13.1077
Epoch [106/150], Total Loss: 131.9813, NLL: 1.0156, Masked: 13.0966
Epoch [107/150], Total Loss: 131.9948, NLL: 1.0156, Masked: 13.0979
Epoch [108/150], Total Loss: 132.0687, NLL: 1.0162, Masked: 13.1053
Epoch [109/150], Total Loss: 131.8617, NLL: 1.0156, Masked: 13.0846
Epoch [110/150], Total Loss: 131.8543, NLL: 1.0154, Masked: 13.0839
Epoch [111/150], Total Loss: 131.6605, NLL: 1.0163, Masked: 13.0644
Epoch [112/150], Total Loss: 131.6490, NLL: 1.0161, Masked: 13.0633
Epoch [113/150], Total Loss: 131.5669, NLL: 1.0165, Masked: 13.0550
Epoch [114/150], Total Loss: 131.5416, NLL: 1.0162, Masked: 13.0525
Epoch [115/150], Total Loss: 131.3910, NLL: 1.0158, Masked: 13.0375
Epoch [116/150], Total Loss: 131.3035, NLL: 1.0159, Masked: 13.0288
Epoch [117/150], Total Loss: 131.3635, NLL: 1.0169, Masked: 13.0347
Epoch [118/150], Total Loss: 131.2684, NLL: 1.0163, Masked: 13.0252
Epoch [119/150], Total Loss: 131.1233, NLL: 1.0167, Masked: 13.0107
Epoch [120/150], Total Loss: 131.1071, NLL: 1.0162, Masked: 13.0091
Epoch [121/150], Total Loss: 131.0787, NLL: 1.0168, Masked: 13.0062
Epoch [122/150], Total Loss: 131.1845, NLL: 1.0160, Masked: 13.0168
Epoch [123/150], Total Loss: 130.8991, NLL: 1.0169, Masked: 12.9882
Epoch [124/150], Total Loss: 130.9431, NLL: 1.0169, Masked: 12.9926
Epoch [125/150], Total Loss: 130.8232, NLL: 1.0175, Masked: 12.9806
Epoch [126/150], Total Loss: 130.8162, NLL: 1.0168, Masked: 12.9799
Epoch [127/150], Total Loss: 130.8036, NLL: 1.0176, Masked: 12.9786
Epoch [128/150], Total Loss: 130.6104, NLL: 1.0172, Masked: 12.9593
Epoch [129/150], Total Loss: 130.6386, NLL: 1.0173, Masked: 12.9621
Epoch [130/150], Total Loss: 130.4937, NLL: 1.0173, Masked: 12.9476
Epoch [131/150], Total Loss: 130.4708, NLL: 1.0175, Masked: 12.9453
Epoch [132/150], Total Loss: 130.4160, NLL: 1.0183, Masked: 12.9398
Epoch [133/150], Total Loss: 130.3332, NLL: 1.0183, Masked: 12.9315
Epoch [134/150], Total Loss: 130.4661, NLL: 1.0170, Masked: 12.9449
Epoch [135/150], Total Loss: 130.2667, NLL: 1.0172, Masked: 12.9249
Epoch [136/150], Total Loss: 130.3628, NLL: 1.0177, Masked: 12.9345
Epoch [137/150], Total Loss: 130.1772, NLL: 1.0177, Masked: 12.9159
Epoch [138/150], Total Loss: 130.0420, NLL: 1.0172, Masked: 12.9025
Epoch [139/150], Total Loss: 130.1087, NLL: 1.0167, Masked: 12.9092
Epoch [140/150], Total Loss: 130.1352, NLL: 1.0166, Masked: 12.9119
Epoch [141/150], Total Loss: 129.9226, NLL: 1.0173, Masked: 12.8905
Epoch [142/150], Total Loss: 129.9852, NLL: 1.0174, Masked: 12.8968
Epoch [143/150], Total Loss: 129.9209, NLL: 1.0165, Masked: 12.8904
Epoch [144/150], Total Loss: 129.9073, NLL: 1.0169, Masked: 12.8890
Epoch [145/150], Total Loss: 129.9359, NLL: 1.0173, Masked: 12.8919
Epoch [146/150], Total Loss: 129.7613, NLL: 1.0163, Masked: 12.8745
Epoch [147/150], Total Loss: 129.6207, NLL: 1.0157, Masked: 12.8605
Epoch [148/150], Total Loss: 129.6060, NLL: 1.0176, Masked: 12.8588
Epoch [149/150], Total Loss: 129.5807, NLL: 1.0171, Masked: 12.8564
Epoch [150/150], Total Loss: 129.5576, NLL: 1.0177, Masked: 12.8540

==================================================
EVALUATING ON TRAINING DATA
==================================================

==================================================
TEST RESULTS
==================================================
Total Loss: 129.229284
  - ZINB NLL: 1.006425
Total number of masked values: 1339647
  - Number of values with pi >= 0.3: 1274935
  - Number of values with pi < 0.3: 64712
  - Masked Reconstruction: 12.822286
Mean Absolute Error (MAE): 2.227009
R² Score: -0.005169
==================================================


==================================================
TEST RESULTS
==================================================
Total Loss: 140.695720
  - ZINB NLL: 1.001143
Total number of masked values: 2016241
  - Number of values with pi >= 0.3: 1915047
  - Number of values with pi < 0.3: 101194
  - Masked Reconstruction: 13.969458
Mean Absolute Error (MAE): 2.218831
R² Score: -0.015051
==================================================


>>> Optimizing zinb_nll on VALIDATION set: 1.001143
>>> Full validation metrics: {'total_loss': 140.6957202902485, 'zinb_nll': 1.001143083335266, 'mae': 2.2188305854797363, 'r2': -0.01505136489868164, 'masked_loss': 13.969457668580098}

Iteration No: 46 ended. Search finished for the next optimal point.
Time taken: 882.2558
Function value obtained: 1.0011
Current minimum: 0.8551
Iteration No: 47 started. Searching for the next optimal point.

================================================================================
Trial with parameters:
  features: Nucl
  step_size: 0.5962511648140785
  bin_size: 1
  sample_fraction: 1.0
  moving_average: True
  first_layer_size_factor: 132
  num_layers: 1
  use_conv: True
  conv_channel: 128
  pool_size: 2
  kernel_size: 5
  epochs: 150
  batch_size: 64
  pi_threshold: 0.5823827677887679
  learning_rate: 0.0002772326354380632
  dropout_rate: 0.0
  masked_recon_weight: 10.0
  regularizer: none
  regularization_weight: 100.0
================================================================================

Creating datasets with:
  features: ['Nucl']
  bin_size: 1
  moving_average: True
  data_point_length: 2000 (from 2000)
  step_size: 1192 (from fraction 0.5962511648140785)
  layers: [np.int64(2112)] (first=2112, num=1)
  stride: 1 (fixed), padding: same (fixed)


Clipping outliers using 95th percentile * 1.5...
strain_yTW001: Clipping values above 134.25 (P95=89.50). Clipped 27529/1193409 values (2.31%)
strain_FD: Clipping values above 71.92 (P95=47.94). Clipped 95791/4127807 values (2.32%)
strain_dnrp: Clipping values above 243.00 (P95=162.00). Clipped 25649/1119454 values (2.29%)
strain_yEK19: Clipping values above 77.10 (P95=51.40). Clipped 83713/3893623 values (2.15%)
strain_yEK23: Clipping values above 72.00 (P95=48.00). Clipped 86381/3558407 values (2.43%)
strain_yWT03a: Clipping values above 15.00 (P95=10.00). Clipped 10602/347679 values (3.05%)
strain_yWT04a: Clipping values above 58.50 (P95=39.00). Clipped 21095/725406 values (2.91%)
strain_ylic137: Clipping values above 142.50 (P95=95.00). Clipped 28746/1112684 values (2.58%)
Standardizing features: ['Nucl']
Column order in final array (Dataset/Chrom split): ['Value', 'Nucleosome_Distance', 'Value_Raw', 'Size_Factor']
Removing 0 empty data points out of 45920
Column order in final array (Dataset/Chrom split): ['Value', 'Nucleosome_Distance', 'Value_Raw', 'Size_Factor']
Removing 0 empty data points out of 17296
Column order in final array (Dataset/Chrom split): ['Value', 'Nucleosome_Distance', 'Value_Raw', 'Size_Factor']
Removing 0 empty data points out of 17760
Datasets created:
  Train: (45920, 2000, 4), Val: (17296, 2000, 4), Test: (17760, 2000, 4)

Applied denoising with 15.0% masking
Applied denoising with 15.0% masking
Applied denoising with 15.0% masking
Epoch [1/150], Total Loss: 25442.9720, NLL: 1.3060, Masked: 2544.1666
Epoch [2/150], Total Loss: 132.0400, NLL: 1.0655, Masked: 13.0974
Epoch [3/150], Total Loss: 127.5889, NLL: 1.0277, Masked: 12.6561
Epoch [4/150], Total Loss: 125.3543, NLL: 1.0030, Masked: 12.4351
Epoch [5/150], Total Loss: 124.2790, NLL: 0.9926, Masked: 12.3286
Epoch [6/150], Total Loss: 123.5955, NLL: 0.9846, Masked: 12.2611
Epoch [7/150], Total Loss: 123.2853, NLL: 0.9826, Masked: 12.2303
Epoch [8/150], Total Loss: 122.8749, NLL: 0.9798, Masked: 12.1895
Epoch [9/150], Total Loss: 122.0772, NLL: 0.9816, Masked: 12.1096
Epoch [10/150], Total Loss: 121.9854, NLL: 0.9827, Masked: 12.1003
Epoch [11/150], Total Loss: 121.7070, NLL: 0.9840, Masked: 12.0723
Epoch [12/150], Total Loss: 121.4232, NLL: 0.9865, Masked: 12.0437
Epoch [13/150], Total Loss: 121.3919, NLL: 0.9882, Masked: 12.0404
Epoch [14/150], Total Loss: 121.1122, NLL: 0.9902, Masked: 12.0122
Epoch [15/150], Total Loss: 121.0367, NLL: 0.9928, Masked: 12.0044
Epoch [16/150], Total Loss: 120.9380, NLL: 0.9927, Masked: 11.9945
Epoch [17/150], Total Loss: 120.8085, NLL: 0.9964, Masked: 11.9812
Epoch [18/150], Total Loss: 121.0395, NLL: 0.9974, Masked: 12.0042
Epoch [19/150], Total Loss: 120.5254, NLL: 1.0002, Masked: 11.9525
Epoch [20/150], Total Loss: 120.6400, NLL: 1.0011, Masked: 11.9639
Epoch [21/150], Total Loss: 120.1636, NLL: 1.0040, Masked: 11.9160
Epoch [22/150], Total Loss: 119.9573, NLL: 1.0051, Masked: 11.8952
Epoch [23/150], Total Loss: 119.7968, NLL: 1.0067, Masked: 11.8790
Epoch [24/150], Total Loss: 119.5804, NLL: 1.0087, Masked: 11.8572
Epoch [25/150], Total Loss: 119.7266, NLL: 1.0095, Masked: 11.8717
Epoch [26/150], Total Loss: 119.6116, NLL: 1.0106, Masked: 11.8601
Epoch [27/150], Total Loss: 119.2194, NLL: 1.0124, Masked: 11.8207
Epoch [28/150], Total Loss: 119.1999, NLL: 1.0134, Masked: 11.8187
Epoch [29/150], Total Loss: 118.6889, NLL: 1.0142, Masked: 11.7675
Epoch [30/150], Total Loss: 118.9381, NLL: 1.0158, Masked: 11.7922
Epoch [31/150], Total Loss: 119.2178, NLL: 1.0168, Masked: 11.8201
Epoch [32/150], Total Loss: 118.4872, NLL: 1.0181, Masked: 11.7469
Epoch [33/150], Total Loss: 122.2626, NLL: 1.0180, Masked: 12.1245
Epoch [34/150], Total Loss: 118.5097, NLL: 1.0187, Masked: 11.7491
Epoch [35/150], Total Loss: 118.3713, NLL: 1.0191, Masked: 11.7352
Epoch [36/150], Total Loss: 118.6176, NLL: 1.0184, Masked: 11.7599
Epoch [37/150], Total Loss: 117.9782, NLL: 1.0200, Masked: 11.6958
Epoch [38/150], Total Loss: 118.3066, NLL: 1.0211, Masked: 11.7285
Epoch [39/150], Total Loss: 118.4112, NLL: 1.0210, Masked: 11.7390
Epoch [40/150], Total Loss: 118.1400, NLL: 1.0217, Masked: 11.7118
Epoch [41/150], Total Loss: 117.9672, NLL: 1.0219, Masked: 11.6945
Epoch [42/150], Total Loss: 117.8083, NLL: 1.0225, Masked: 11.6786
Epoch [43/150], Total Loss: 118.7698, NLL: 1.0228, Masked: 11.7747
Epoch [44/150], Total Loss: 117.6847, NLL: 1.0228, Masked: 11.6662
Epoch [45/150], Total Loss: 117.7374, NLL: 1.0237, Masked: 11.6714
Epoch [46/150], Total Loss: 117.4352, NLL: 1.0230, Masked: 11.6412
Epoch [47/150], Total Loss: 205.1012, NLL: 1.0240, Masked: 20.4077
Epoch [48/150], Total Loss: 117.2536, NLL: 1.0230, Masked: 11.6231
Epoch [49/150], Total Loss: 117.1537, NLL: 1.0250, Masked: 11.6129
Epoch [50/150], Total Loss: 117.0487, NLL: 1.0241, Masked: 11.6025
Epoch [51/150], Total Loss: 116.8227, NLL: 1.0245, Masked: 11.5798
Epoch [52/150], Total Loss: 116.9489, NLL: 1.0243, Masked: 11.5925
Epoch [53/150], Total Loss: 116.4981, NLL: 1.0247, Masked: 11.5473
Epoch [54/150], Total Loss: 116.5985, NLL: 1.0255, Masked: 11.5573
Epoch [55/150], Total Loss: 116.3157, NLL: 1.0251, Masked: 11.5291
Epoch [56/150], Total Loss: 116.1873, NLL: 1.0253, Masked: 11.5162
Epoch [57/150], Total Loss: 116.1931, NLL: 1.0253, Masked: 11.5168
Epoch [58/150], Total Loss: 116.1512, NLL: 1.0251, Masked: 11.5126
Epoch [59/150], Total Loss: 115.9856, NLL: 1.0258, Masked: 11.4960
Epoch [60/150], Total Loss: 115.7169, NLL: 1.0256, Masked: 11.4691
Epoch [61/150], Total Loss: 115.6139, NLL: 1.0256, Masked: 11.4588
Epoch [62/150], Total Loss: 115.6203, NLL: 1.0247, Masked: 11.4596
Epoch [63/150], Total Loss: 115.2326, NLL: 1.0259, Masked: 11.4207
Epoch [64/150], Total Loss: 115.0995, NLL: 1.0264, Masked: 11.4073
Epoch [65/150], Total Loss: 115.0758, NLL: 1.0267, Masked: 11.4049
Epoch [66/150], Total Loss: 115.0582, NLL: 1.0263, Masked: 11.4032
Epoch [67/150], Total Loss: 114.6856, NLL: 1.0255, Masked: 11.3660
Epoch [68/150], Total Loss: 114.5925, NLL: 1.0256, Masked: 11.3567
Epoch [69/150], Total Loss: 114.5329, NLL: 1.0259, Masked: 11.3507
Epoch [70/150], Total Loss: 114.3898, NLL: 1.0253, Masked: 11.3365
Epoch [71/150], Total Loss: 114.2231, NLL: 1.0263, Masked: 11.3197
Epoch [72/150], Total Loss: 113.9377, NLL: 1.0260, Masked: 11.2912
Epoch [73/150], Total Loss: 114.0467, NLL: 1.0257, Masked: 11.3021
Epoch [74/150], Total Loss: 113.6422, NLL: 1.0259, Masked: 11.2616
Epoch [75/150], Total Loss: 113.8508, NLL: 1.0262, Masked: 11.2825
Epoch [76/150], Total Loss: 113.6355, NLL: 1.0260, Masked: 11.2609
Epoch [77/150], Total Loss: 113.6454, NLL: 1.0260, Masked: 11.2619
Epoch [78/150], Total Loss: 113.0938, NLL: 1.0260, Masked: 11.2068
Epoch [79/150], Total Loss: 113.2322, NLL: 1.0256, Masked: 11.2207
Epoch [80/150], Total Loss: 112.9006, NLL: 1.0267, Masked: 11.1874
Epoch [81/150], Total Loss: 112.9860, NLL: 1.0263, Masked: 11.1960
Epoch [82/150], Total Loss: 112.9612, NLL: 1.0261, Masked: 11.1935
Epoch [83/150], Total Loss: 123.7746, NLL: 1.0259, Masked: 12.2749
Epoch [84/150], Total Loss: 112.6553, NLL: 1.0254, Masked: 11.1630
Epoch [85/150], Total Loss: 112.4625, NLL: 1.0263, Masked: 11.1436
Epoch [86/150], Total Loss: 113.1125, NLL: 1.0260, Masked: 11.2087
Epoch [87/150], Total Loss: 115.3950, NLL: 1.0260, Masked: 11.4369
Epoch [88/150], Total Loss: 111.9155, NLL: 1.0267, Masked: 11.0889
Epoch [89/150], Total Loss: 112.2300, NLL: 1.0258, Masked: 11.1204
Epoch [90/150], Total Loss: 111.7551, NLL: 1.0259, Masked: 11.0729
Epoch [91/150], Total Loss: 112.1370, NLL: 1.0250, Masked: 11.1112
Epoch [92/150], Total Loss: 111.7619, NLL: 1.0247, Masked: 11.0737
Epoch [93/150], Total Loss: 111.6459, NLL: 1.0251, Masked: 11.0621
Epoch [94/150], Total Loss: 111.3015, NLL: 1.0245, Masked: 11.0277
Epoch [95/150], Total Loss: 111.4247, NLL: 1.0246, Masked: 11.0400
Epoch [96/150], Total Loss: 111.2324, NLL: 1.0239, Masked: 11.0208
Epoch [97/150], Total Loss: 111.3712, NLL: 1.0237, Masked: 11.0348
Epoch [98/150], Total Loss: 110.8344, NLL: 1.0246, Masked: 10.9810
Epoch [99/150], Total Loss: 110.7517, NLL: 1.0247, Masked: 10.9727
Epoch [100/150], Total Loss: 110.7985, NLL: 1.0249, Masked: 10.9774
Epoch [101/150], Total Loss: 110.6697, NLL: 1.0240, Masked: 10.9646
Epoch [102/150], Total Loss: 118.9749, NLL: 1.0242, Masked: 11.7951
Epoch [103/150], Total Loss: 110.3451, NLL: 1.0241, Masked: 10.9321
Epoch [104/150], Total Loss: 110.2594, NLL: 1.0242, Masked: 10.9235
Epoch [105/150], Total Loss: 110.4201, NLL: 1.0253, Masked: 10.9395
Epoch [106/150], Total Loss: 110.4040, NLL: 1.0235, Masked: 10.9381
Epoch [107/150], Total Loss: 110.0247, NLL: 1.0246, Masked: 10.9000
Epoch [108/150], Total Loss: 111.2735, NLL: 1.0240, Masked: 11.0250
Epoch [109/150], Total Loss: 110.5294, NLL: 1.0242, Masked: 10.9505
Epoch [110/150], Total Loss: 110.0731, NLL: 1.0246, Masked: 10.9048
Epoch [111/150], Total Loss: 109.7187, NLL: 1.0242, Masked: 10.8695
Epoch [112/150], Total Loss: 110.0222, NLL: 1.0236, Masked: 10.8999
Epoch [113/150], Total Loss: 109.4947, NLL: 1.0239, Masked: 10.8471
Epoch [114/150], Total Loss: 109.1981, NLL: 1.0241, Masked: 10.8174
Epoch [115/150], Total Loss: 109.6557, NLL: 1.0243, Masked: 10.8631
Epoch [116/150], Total Loss: 109.0558, NLL: 1.0237, Masked: 10.8032
Epoch [117/150], Total Loss: 109.2083, NLL: 1.0239, Masked: 10.8184
Epoch [118/150], Total Loss: 108.9653, NLL: 1.0236, Masked: 10.7942
Epoch [119/150], Total Loss: 109.0108, NLL: 1.0228, Masked: 10.7988
Epoch [120/150], Total Loss: 109.0109, NLL: 1.0233, Masked: 10.7988
Epoch [121/150], Total Loss: 108.5046, NLL: 1.0231, Masked: 10.7482
Epoch [122/150], Total Loss: 108.4340, NLL: 1.0236, Masked: 10.7410
Epoch [123/150], Total Loss: 108.5398, NLL: 1.0238, Masked: 10.7516
Epoch [124/150], Total Loss: 108.4512, NLL: 1.0235, Masked: 10.7428
Epoch [125/150], Total Loss: 108.3649, NLL: 1.0236, Masked: 10.7341
Epoch [126/150], Total Loss: 108.0856, NLL: 1.0230, Masked: 10.7063
Epoch [127/150], Total Loss: 107.9790, NLL: 1.0239, Masked: 10.6955
Epoch [128/150], Total Loss: 108.1465, NLL: 1.0234, Masked: 10.7123
Epoch [129/150], Total Loss: 107.7803, NLL: 1.0229, Masked: 10.6757
Epoch [130/150], Total Loss: 107.4869, NLL: 1.0232, Masked: 10.6464
Epoch [131/150], Total Loss: 107.6155, NLL: 1.0234, Masked: 10.6592
Epoch [132/150], Total Loss: 107.5765, NLL: 1.0234, Masked: 10.6553
Epoch [133/150], Total Loss: 107.7310, NLL: 1.0240, Masked: 10.6707
Epoch [134/150], Total Loss: 107.1535, NLL: 1.0231, Masked: 10.6130
Epoch [135/150], Total Loss: 106.9265, NLL: 1.0236, Masked: 10.5903
Epoch [136/150], Total Loss: 107.3330, NLL: 1.0244, Masked: 10.6309
Epoch [137/150], Total Loss: 107.1044, NLL: 1.0236, Masked: 10.6081
Epoch [138/150], Total Loss: 107.1103, NLL: 1.0238, Masked: 10.6087
Epoch [139/150], Total Loss: 107.1604, NLL: 1.0238, Masked: 10.6137
Epoch [140/150], Total Loss: 106.9431, NLL: 1.0233, Masked: 10.5920
Epoch [141/150], Total Loss: 107.0159, NLL: 1.0243, Masked: 10.5992
Epoch [142/150], Total Loss: 107.1320, NLL: 1.0249, Masked: 10.6107
Epoch [143/150], Total Loss: 106.6006, NLL: 1.0240, Masked: 10.5577
Epoch [144/150], Total Loss: 106.5356, NLL: 1.0243, Masked: 10.5511
Epoch [145/150], Total Loss: 106.2225, NLL: 1.0239, Masked: 10.5199
Epoch [146/150], Total Loss: 106.2655, NLL: 1.0243, Masked: 10.5241
Epoch [147/150], Total Loss: 106.4447, NLL: 1.0236, Masked: 10.5421
Epoch [148/150], Total Loss: 106.5526, NLL: 1.0239, Masked: 10.5529
Epoch [149/150], Total Loss: 106.3265, NLL: 1.0241, Masked: 10.5302
Epoch [150/150], Total Loss: 106.3356, NLL: 1.0239, Masked: 10.5312

==================================================
EVALUATING ON TRAINING DATA
==================================================

==================================================
TEST RESULTS
==================================================
Total Loss: 104.534457
  - ZINB NLL: 1.029399
Total number of masked values: 2257607
  - Number of values with pi >= 0.5823827677887679: 1256718
  - Number of values with pi < 0.5823827677887679: 1000889
  - Masked Reconstruction: 10.350506
Mean Absolute Error (MAE): 3.112645
R² Score: -5940.184082
==================================================


==================================================
TEST RESULTS
==================================================
Total Loss: 137.596402
  - ZINB NLL: 1.006756
Total number of masked values: 847571
  - Number of values with pi >= 0.5823827677887679: 461110
  - Number of values with pi < 0.5823827677887679: 386461
  - Masked Reconstruction: 13.658965
Mean Absolute Error (MAE): 2.674736
R² Score: -0.046283
==================================================


>>> Optimizing zinb_nll on VALIDATION set: 1.006756
>>> Full validation metrics: {'total_loss': 137.5964023967676, 'zinb_nll': 1.0067555516213869, 'mae': 2.6747360229492188, 'r2': -0.04628324508666992, 'masked_loss': 13.658964690844511}

Iteration No: 47 ended. Search finished for the next optimal point.
Time taken: 6615.6816
Function value obtained: 1.0068
Current minimum: 0.8551
Iteration No: 48 started. Searching for the next optimal point.

================================================================================
Trial with parameters:
  features: Centr_Nucl
  step_size: 1.0
  bin_size: 1
  sample_fraction: 1.0
  moving_average: True
  first_layer_size_factor: 150
  num_layers: 1
  use_conv: True
  conv_channel: 128
  pool_size: 8
  kernel_size: 5
  epochs: 150
  batch_size: 64
  pi_threshold: 0.3
  learning_rate: 0.01
  dropout_rate: 0.0
  masked_recon_weight: 0.001
  regularizer: none
  regularization_weight: 100.0
================================================================================

Creating datasets with:
  features: ['Centr', 'Nucl']
  bin_size: 1
  moving_average: True
  data_point_length: 2000 (from 2000)
  step_size: 2000 (from fraction 1.0)
  layers: [np.int64(2400)] (first=2400, num=1)
  stride: 1 (fixed), padding: same (fixed)


Clipping outliers using 95th percentile * 1.5...
strain_yTW001: Clipping values above 134.25 (P95=89.50). Clipped 27529/1193409 values (2.31%)
strain_FD: Clipping values above 71.92 (P95=47.94). Clipped 95791/4127807 values (2.32%)
strain_dnrp: Clipping values above 243.00 (P95=162.00). Clipped 25649/1119454 values (2.29%)
strain_yEK19: Clipping values above 77.10 (P95=51.40). Clipped 83713/3893623 values (2.15%)
strain_yEK23: Clipping values above 72.00 (P95=48.00). Clipped 86381/3558407 values (2.43%)
strain_yWT03a: Clipping values above 15.00 (P95=10.00). Clipped 10602/347679 values (3.05%)
strain_yWT04a: Clipping values above 58.50 (P95=39.00). Clipped 21095/725406 values (2.91%)
strain_ylic137: Clipping values above 142.50 (P95=95.00). Clipped 28746/1112684 values (2.58%)
Standardizing features: ['Centr', 'Nucl']
Column order in final array (Dataset/Chrom split): ['Value', 'Nucleosome_Distance', 'Centromere_Distance', 'Value_Raw', 'Size_Factor']
Removing 0 empty data points out of 27424
Column order in final array (Dataset/Chrom split): ['Value', 'Nucleosome_Distance', 'Centromere_Distance', 'Value_Raw', 'Size_Factor']
Removing 0 empty data points out of 10328
Column order in final array (Dataset/Chrom split): ['Value', 'Nucleosome_Distance', 'Centromere_Distance', 'Value_Raw', 'Size_Factor']
Removing 0 empty data points out of 10608
Datasets created:
  Train: (27424, 2000, 5), Val: (10328, 2000, 5), Test: (10608, 2000, 5)

Applied denoising with 15.0% masking
Applied denoising with 15.0% masking
Applied denoising with 15.0% masking
Epoch [1/150], Total Loss: 3.6299, NLL: 3.6163, Masked: 13.5846
Epoch [2/150], Total Loss: 3.6348, NLL: 3.6212, Masked: 13.5502
Epoch [3/150], Total Loss: 3.6348, NLL: 3.6212, Masked: 13.5546
Epoch [4/150], Total Loss: 3.6348, NLL: 3.6212, Masked: 13.5382
Epoch [5/150], Total Loss: 3.6348, NLL: 3.6212, Masked: 13.5368
Epoch [6/150], Total Loss: 3.6348, NLL: 3.6212, Masked: 13.5354
Epoch [7/150], Total Loss: 3.6348, NLL: 3.6212, Masked: 13.5533
Epoch [8/150], Total Loss: 3.6348, NLL: 3.6212, Masked: 13.5451
Epoch [9/150], Total Loss: 3.6348, NLL: 3.6212, Masked: 13.5398
Epoch [10/150], Total Loss: 3.6348, NLL: 3.6212, Masked: 13.5506
Epoch [11/150], Total Loss: 3.6348, NLL: 3.6212, Masked: 13.5544
Epoch [12/150], Total Loss: 3.6348, NLL: 3.6212, Masked: 13.5453
Epoch [13/150], Total Loss: 3.6348, NLL: 3.6212, Masked: 13.5372
Epoch [14/150], Total Loss: 3.6348, NLL: 3.6212, Masked: 13.5557
Epoch [15/150], Total Loss: 3.6348, NLL: 3.6212, Masked: 13.5431
Epoch [16/150], Total Loss: 3.6348, NLL: 3.6212, Masked: 13.5425
Epoch [17/150], Total Loss: 3.6348, NLL: 3.6212, Masked: 13.5593
Epoch [18/150], Total Loss: 3.6348, NLL: 3.6212, Masked: 13.5467
Epoch [19/150], Total Loss: 3.6348, NLL: 3.6212, Masked: 13.5534
Epoch [20/150], Total Loss: 3.6348, NLL: 3.6212, Masked: 13.5374
Epoch [21/150], Total Loss: 3.6348, NLL: 3.6212, Masked: 13.5337
Epoch [22/150], Total Loss: 3.6348, NLL: 3.6212, Masked: 13.5400
Epoch [23/150], Total Loss: 3.6348, NLL: 3.6212, Masked: 13.5525
Epoch [24/150], Total Loss: 3.6348, NLL: 3.6212, Masked: 13.5460
Epoch [25/150], Total Loss: 3.6348, NLL: 3.6212, Masked: 13.5560
Epoch [26/150], Total Loss: 3.6348, NLL: 3.6212, Masked: 13.5492
Epoch [27/150], Total Loss: 3.6348, NLL: 3.6212, Masked: 13.5409
Epoch [28/150], Total Loss: 3.6348, NLL: 3.6212, Masked: 13.5381
Epoch [29/150], Total Loss: 3.6348, NLL: 3.6212, Masked: 13.5513
Epoch [30/150], Total Loss: 3.6348, NLL: 3.6212, Masked: 13.5549
Epoch [31/150], Total Loss: 3.6348, NLL: 3.6212, Masked: 13.5607
Epoch [32/150], Total Loss: 3.6348, NLL: 3.6212, Masked: 13.5246
Epoch [33/150], Total Loss: 3.6348, NLL: 3.6212, Masked: 13.5441
Epoch [34/150], Total Loss: 3.6348, NLL: 3.6212, Masked: 13.5485
Epoch [35/150], Total Loss: 3.6348, NLL: 3.6212, Masked: 13.5538
Epoch [36/150], Total Loss: 3.6348, NLL: 3.6212, Masked: 13.5327
Epoch [37/150], Total Loss: 3.6348, NLL: 3.6212, Masked: 13.5428
Epoch [38/150], Total Loss: 3.6348, NLL: 3.6212, Masked: 13.5517
Epoch [39/150], Total Loss: 3.6348, NLL: 3.6212, Masked: 13.5550
Epoch [40/150], Total Loss: 3.6348, NLL: 3.6212, Masked: 13.5587
Epoch [41/150], Total Loss: 3.6348, NLL: 3.6212, Masked: 13.5472
Epoch [42/150], Total Loss: 3.6348, NLL: 3.6212, Masked: 13.5378
Epoch [43/150], Total Loss: 3.6348, NLL: 3.6212, Masked: 13.5433
Epoch [44/150], Total Loss: 3.6348, NLL: 3.6212, Masked: 13.5310
Epoch [45/150], Total Loss: 3.6348, NLL: 3.6212, Masked: 13.5384
Epoch [46/150], Total Loss: 3.6348, NLL: 3.6212, Masked: 13.5494
Epoch [47/150], Total Loss: 3.6348, NLL: 3.6212, Masked: 13.5486
Epoch [48/150], Total Loss: 3.6348, NLL: 3.6212, Masked: 13.5465
Epoch [49/150], Total Loss: 3.6348, NLL: 3.6212, Masked: 13.5423
Epoch [50/150], Total Loss: 3.6348, NLL: 3.6212, Masked: 13.5379
Epoch [51/150], Total Loss: 3.6348, NLL: 3.6212, Masked: 13.5587
Epoch [52/150], Total Loss: 3.6348, NLL: 3.6212, Masked: 13.5471
Epoch [53/150], Total Loss: 3.6348, NLL: 3.6212, Masked: 13.5462
Epoch [54/150], Total Loss: 3.6348, NLL: 3.6212, Masked: 13.5313
Epoch [55/150], Total Loss: 3.6348, NLL: 3.6212, Masked: 13.5536
Epoch [56/150], Total Loss: 3.6348, NLL: 3.6212, Masked: 13.5332
Epoch [57/150], Total Loss: 3.6348, NLL: 3.6212, Masked: 13.5268
Epoch [58/150], Total Loss: 3.6348, NLL: 3.6212, Masked: 13.5467
Epoch [59/150], Total Loss: 3.6348, NLL: 3.6212, Masked: 13.5432
Epoch [60/150], Total Loss: 3.6348, NLL: 3.6212, Masked: 13.5487
Epoch [61/150], Total Loss: 3.6348, NLL: 3.6212, Masked: 13.5600
Epoch [62/150], Total Loss: 3.6348, NLL: 3.6212, Masked: 13.5458
Epoch [63/150], Total Loss: 3.6348, NLL: 3.6212, Masked: 13.5447
Epoch [64/150], Total Loss: 3.6348, NLL: 3.6212, Masked: 13.5407
Epoch [65/150], Total Loss: 3.6348, NLL: 3.6212, Masked: 13.5412
Epoch [66/150], Total Loss: 3.6348, NLL: 3.6212, Masked: 13.5487
Epoch [67/150], Total Loss: 3.6348, NLL: 3.6212, Masked: 13.5534
Epoch [68/150], Total Loss: 3.6348, NLL: 3.6212, Masked: 13.5301
Epoch [69/150], Total Loss: 3.6348, NLL: 3.6212, Masked: 13.5340
Epoch [70/150], Total Loss: 3.6348, NLL: 3.6212, Masked: 13.5555
Epoch [71/150], Total Loss: 3.6348, NLL: 3.6212, Masked: 13.5546
Epoch [72/150], Total Loss: 3.6348, NLL: 3.6212, Masked: 13.5402
Epoch [73/150], Total Loss: 3.6348, NLL: 3.6212, Masked: 13.5309
Epoch [74/150], Total Loss: 3.6348, NLL: 3.6212, Masked: 13.5474
Epoch [75/150], Total Loss: 3.6348, NLL: 3.6212, Masked: 13.5351
Epoch [76/150], Total Loss: 3.6348, NLL: 3.6212, Masked: 13.5431
Epoch [77/150], Total Loss: 3.6348, NLL: 3.6212, Masked: 13.5496
Epoch [78/150], Total Loss: 3.6348, NLL: 3.6212, Masked: 13.5390
Epoch [79/150], Total Loss: 3.6348, NLL: 3.6212, Masked: 13.5367
Epoch [80/150], Total Loss: 3.6348, NLL: 3.6212, Masked: 13.5425
Epoch [81/150], Total Loss: 3.6348, NLL: 3.6212, Masked: 13.5348
Epoch [82/150], Total Loss: 3.6348, NLL: 3.6212, Masked: 13.5371
Epoch [83/150], Total Loss: 3.6348, NLL: 3.6212, Masked: 13.5537
Epoch [84/150], Total Loss: 3.6348, NLL: 3.6212, Masked: 13.5352
Epoch [85/150], Total Loss: 3.6348, NLL: 3.6212, Masked: 13.5469
Epoch [86/150], Total Loss: 3.6348, NLL: 3.6212, Masked: 13.5415
Epoch [87/150], Total Loss: 3.6348, NLL: 3.6212, Masked: 13.5274
Epoch [88/150], Total Loss: 3.6348, NLL: 3.6212, Masked: 13.5583
Epoch [89/150], Total Loss: 3.6348, NLL: 3.6212, Masked: 13.5491
Epoch [90/150], Total Loss: 3.6348, NLL: 3.6212, Masked: 13.5560
Epoch [91/150], Total Loss: 3.6348, NLL: 3.6212, Masked: 13.5567
Epoch [92/150], Total Loss: 3.6348, NLL: 3.6212, Masked: 13.5384
Epoch [93/150], Total Loss: 3.6348, NLL: 3.6212, Masked: 13.5390
Epoch [94/150], Total Loss: 3.6348, NLL: 3.6212, Masked: 13.5516
Epoch [95/150], Total Loss: 3.6348, NLL: 3.6212, Masked: 13.5425
Epoch [96/150], Total Loss: 3.6348, NLL: 3.6212, Masked: 13.5484
Epoch [97/150], Total Loss: 3.6348, NLL: 3.6212, Masked: 13.5371
Epoch [98/150], Total Loss: 3.6348, NLL: 3.6212, Masked: 13.5298
Epoch [99/150], Total Loss: 3.6348, NLL: 3.6212, Masked: 13.5417
Epoch [100/150], Total Loss: 3.6348, NLL: 3.6212, Masked: 13.5543
Epoch [101/150], Total Loss: 3.6348, NLL: 3.6212, Masked: 13.5472
Epoch [102/150], Total Loss: 3.6348, NLL: 3.6212, Masked: 13.5430
Epoch [103/150], Total Loss: 3.6348, NLL: 3.6212, Masked: 13.5462
Epoch [104/150], Total Loss: 3.6348, NLL: 3.6212, Masked: 13.5390
Epoch [105/150], Total Loss: 3.6348, NLL: 3.6212, Masked: 13.5484
Epoch [106/150], Total Loss: 3.6348, NLL: 3.6212, Masked: 13.5448
Epoch [107/150], Total Loss: 3.6348, NLL: 3.6212, Masked: 13.5382
Epoch [108/150], Total Loss: 3.6348, NLL: 3.6212, Masked: 13.5402
Epoch [109/150], Total Loss: 3.6348, NLL: 3.6212, Masked: 13.5441
Epoch [110/150], Total Loss: 3.6348, NLL: 3.6212, Masked: 13.5372
Epoch [111/150], Total Loss: 3.6348, NLL: 3.6212, Masked: 13.5478
Epoch [112/150], Total Loss: 3.6348, NLL: 3.6212, Masked: 13.5359
Epoch [113/150], Total Loss: 3.6348, NLL: 3.6212, Masked: 13.5424
Epoch [114/150], Total Loss: 3.6348, NLL: 3.6212, Masked: 13.5580
Epoch [115/150], Total Loss: 3.6348, NLL: 3.6212, Masked: 13.5503
Epoch [116/150], Total Loss: 3.6348, NLL: 3.6212, Masked: 13.5494
Epoch [117/150], Total Loss: 3.6348, NLL: 3.6212, Masked: 13.5566
Epoch [118/150], Total Loss: 3.6348, NLL: 3.6212, Masked: 13.5399
Epoch [119/150], Total Loss: 3.6348, NLL: 3.6212, Masked: 13.5616
Epoch [120/150], Total Loss: 3.6348, NLL: 3.6212, Masked: 13.5345
Epoch [121/150], Total Loss: 3.6348, NLL: 3.6212, Masked: 13.5306
Epoch [122/150], Total Loss: 3.6348, NLL: 3.6212, Masked: 13.5535
Epoch [123/150], Total Loss: 3.6348, NLL: 3.6212, Masked: 13.5396
Epoch [124/150], Total Loss: 3.6348, NLL: 3.6212, Masked: 13.5493
Epoch [125/150], Total Loss: 3.6348, NLL: 3.6212, Masked: 13.5398
Epoch [126/150], Total Loss: 3.6348, NLL: 3.6212, Masked: 13.5493
Epoch [127/150], Total Loss: 3.6348, NLL: 3.6212, Masked: 13.5444
Epoch [128/150], Total Loss: 3.6348, NLL: 3.6212, Masked: 13.5488
Epoch [129/150], Total Loss: 3.6348, NLL: 3.6212, Masked: 13.5437
Epoch [130/150], Total Loss: 3.6348, NLL: 3.6212, Masked: 13.5477
Epoch [131/150], Total Loss: 3.6348, NLL: 3.6212, Masked: 13.5270
Epoch [132/150], Total Loss: 3.6348, NLL: 3.6212, Masked: 13.5471
Epoch [133/150], Total Loss: 3.6348, NLL: 3.6212, Masked: 13.5387
Epoch [134/150], Total Loss: 3.6348, NLL: 3.6212, Masked: 13.5474
Epoch [135/150], Total Loss: 3.6348, NLL: 3.6212, Masked: 13.5374
Epoch [136/150], Total Loss: 3.6348, NLL: 3.6212, Masked: 13.5540
Epoch [137/150], Total Loss: 3.6348, NLL: 3.6212, Masked: 13.5576
Epoch [138/150], Total Loss: 3.6348, NLL: 3.6212, Masked: 13.5594
Epoch [139/150], Total Loss: 3.6348, NLL: 3.6212, Masked: 13.5603
Epoch [140/150], Total Loss: 3.6348, NLL: 3.6212, Masked: 13.5513
Epoch [141/150], Total Loss: 3.6348, NLL: 3.6212, Masked: 13.5392
Epoch [142/150], Total Loss: 3.6348, NLL: 3.6212, Masked: 13.5389
Epoch [143/150], Total Loss: 3.6348, NLL: 3.6212, Masked: 13.5362
Epoch [144/150], Total Loss: 3.6348, NLL: 3.6212, Masked: 13.5510
Epoch [145/150], Total Loss: 3.6348, NLL: 3.6212, Masked: 13.5355
Epoch [146/150], Total Loss: 3.6348, NLL: 3.6212, Masked: 13.5419
Epoch [147/150], Total Loss: 3.6348, NLL: 3.6212, Masked: 13.5494
Epoch [148/150], Total Loss: 3.6348, NLL: 3.6212, Masked: 13.5501
Epoch [149/150], Total Loss: 3.6348, NLL: 3.6212, Masked: 13.5297
Epoch [150/150], Total Loss: 3.6348, NLL: 3.6212, Masked: 13.5491

==================================================
EVALUATING ON TRAINING DATA
==================================================

==================================================
TEST RESULTS
==================================================
Total Loss: 3.634780
  - ZINB NLL: 3.621240
Total number of masked values: 1349841
  - Number of values with pi >= 0.3: 1349841
  - Number of values with pi < 0.3: 0
  - Masked Reconstruction: 13.540733
Mean Absolute Error (MAE): 2.236392
R² Score: -0.042027
==================================================


==================================================
TEST RESULTS
==================================================
Total Loss: 3.597622
  - ZINB NLL: 3.583573
Total number of masked values: 506645
  - Number of values with pi >= 0.3: 506645
  - Number of values with pi < 0.3: 0
  - Masked Reconstruction: 14.048632
Mean Absolute Error (MAE): 2.193581
R² Score: -0.041837
==================================================


>>> Optimizing zinb_nll on VALIDATION set: 3.583573
>>> Full validation metrics: {'total_loss': 3.5976218984258166, 'zinb_nll': 3.583573287628493, 'mae': 2.1935808658599854, 'r2': -0.04183697700500488, 'masked_loss': 14.048631755258574}

Iteration No: 48 ended. Search finished for the next optimal point.
Time taken: 1942.4278
Function value obtained: 3.5836
Current minimum: 0.8551
Iteration No: 49 started. Searching for the next optimal point.

================================================================================
Trial with parameters:
  features: Nucl
  step_size: 0.8745883220358788
  bin_size: 1
  sample_fraction: 0.6716667371748231
  moving_average: True
  first_layer_size_factor: 81
  num_layers: 1
  use_conv: True
  conv_channel: 61
  pool_size: 2
  kernel_size: 5
  epochs: 39
  batch_size: 64
  pi_threshold: 0.7
  learning_rate: 2.1791922501499247e-05
  dropout_rate: 0.12916106749904874
  masked_recon_weight: 0.07499253320129567
  regularizer: none
  regularization_weight: 100.0
================================================================================

Creating datasets with:
  features: ['Nucl']
  bin_size: 1
  moving_average: True
  data_point_length: 2000 (from 2000)
  step_size: 1749 (from fraction 0.8745883220358788)
  layers: [np.int64(1296)] (first=1296, num=1)
  stride: 1 (fixed), padding: same (fixed)


Clipping outliers using 95th percentile * 1.5...
strain_yTW001: Clipping values above 134.25 (P95=89.50). Clipped 27529/1193409 values (2.31%)
strain_FD: Clipping values above 71.92 (P95=47.94). Clipped 95791/4127807 values (2.32%)
strain_dnrp: Clipping values above 243.00 (P95=162.00). Clipped 25649/1119454 values (2.29%)
strain_yEK19: Clipping values above 77.10 (P95=51.40). Clipped 83713/3893623 values (2.15%)
strain_yEK23: Clipping values above 72.00 (P95=48.00). Clipped 86381/3558407 values (2.43%)
strain_yWT03a: Clipping values above 15.00 (P95=10.00). Clipped 10602/347679 values (3.05%)
strain_yWT04a: Clipping values above 58.50 (P95=39.00). Clipped 21095/725406 values (2.91%)
strain_ylic137: Clipping values above 142.50 (P95=95.00). Clipped 28746/1112684 values (2.58%)
Standardizing features: ['Nucl']
Column order in final array (Dataset/Chrom split): ['Value', 'Nucleosome_Distance', 'Value_Raw', 'Size_Factor']
Removing 0 empty data points out of 31336
Column order in final array (Dataset/Chrom split): ['Value', 'Nucleosome_Distance', 'Value_Raw', 'Size_Factor']
Removing 0 empty data points out of 11800
Column order in final array (Dataset/Chrom split): ['Value', 'Nucleosome_Distance', 'Value_Raw', 'Size_Factor']
Removing 0 empty data points out of 12120
Datasets created:
  Train: (31336, 2000, 4), Val: (11800, 2000, 4), Test: (12120, 2000, 4)

Randomly sampled 21047/31336 samples (67.2%)
Applied denoising with 15.0% masking
Applied denoising with 15.0% masking
Applied denoising with 15.0% masking
Epoch [1/39], Total Loss: 2.2343, NLL: 1.1352, Masked: 14.6563
Epoch [2/39], Total Loss: 2.0191, NLL: 1.0189, Masked: 13.3377
Epoch [3/39], Total Loss: 1.9914, NLL: 1.0092, Masked: 13.0975
Epoch [4/39], Total Loss: 1.9674, NLL: 0.9987, Masked: 12.9172
Epoch [5/39], Total Loss: 1.9432, NLL: 0.9839, Masked: 12.7922
Epoch [6/39], Total Loss: 1.9139, NLL: 0.9668, Masked: 12.6286
Epoch [7/39], Total Loss: 1.8893, NLL: 0.9543, Masked: 12.4685
Epoch [8/39], Total Loss: 1.8743, NLL: 0.9458, Masked: 12.3813
Epoch [9/39], Total Loss: 1.8601, NLL: 0.9396, Masked: 12.2747
Epoch [10/39], Total Loss: 1.8492, NLL: 0.9350, Masked: 12.1899
Epoch [11/39], Total Loss: 1.8404, NLL: 0.9315, Masked: 12.1205
Epoch [12/39], Total Loss: 1.8321, NLL: 0.9279, Masked: 12.0569
Epoch [13/39], Total Loss: 1.8247, NLL: 0.9252, Masked: 11.9942
Epoch [14/39], Total Loss: 1.8167, NLL: 0.9227, Masked: 11.9214
Epoch [15/39], Total Loss: 1.8101, NLL: 0.9203, Masked: 11.8650
Epoch [16/39], Total Loss: 1.8019, NLL: 0.9180, Masked: 11.7871
Epoch [17/39], Total Loss: 1.7954, NLL: 0.9159, Masked: 11.7276
Epoch [18/39], Total Loss: 1.7871, NLL: 0.9137, Masked: 11.6456
Epoch [19/39], Total Loss: 1.7787, NLL: 0.9113, Masked: 11.5661
Epoch [20/39], Total Loss: 1.7720, NLL: 0.9097, Masked: 11.4974
Epoch [21/39], Total Loss: 1.7644, NLL: 0.9078, Masked: 11.4219
Epoch [22/39], Total Loss: 1.7571, NLL: 0.9060, Masked: 11.3487
Epoch [23/39], Total Loss: 1.7510, NLL: 0.9044, Masked: 11.2900
Epoch [24/39], Total Loss: 1.7453, NLL: 0.9029, Masked: 11.2320
Epoch [25/39], Total Loss: 1.7417, NLL: 0.9019, Masked: 11.1990
Epoch [26/39], Total Loss: 1.7359, NLL: 0.9008, Masked: 11.1350
Epoch [27/39], Total Loss: 1.7303, NLL: 0.8996, Masked: 11.0766
Epoch [28/39], Total Loss: 1.7243, NLL: 0.8989, Masked: 11.0060
Epoch [29/39], Total Loss: 1.7208, NLL: 0.8979, Masked: 10.9739
Epoch [30/39], Total Loss: 1.7151, NLL: 0.8971, Masked: 10.9080
Epoch [31/39], Total Loss: 1.7098, NLL: 0.8962, Masked: 10.8486
Epoch [32/39], Total Loss: 1.7066, NLL: 0.8957, Masked: 10.8129
Epoch [33/39], Total Loss: 1.7012, NLL: 0.8948, Masked: 10.7528
Epoch [34/39], Total Loss: 1.6970, NLL: 0.8942, Masked: 10.7044
Epoch [35/39], Total Loss: 1.6951, NLL: 0.8937, Masked: 10.6868
Epoch [36/39], Total Loss: 1.6907, NLL: 0.8930, Masked: 10.6369
Epoch [37/39], Total Loss: 1.6865, NLL: 0.8926, Masked: 10.5873
Epoch [38/39], Total Loss: 1.6850, NLL: 0.8918, Masked: 10.5765
Epoch [39/39], Total Loss: 1.6802, NLL: 0.8913, Masked: 10.5193

==================================================
EVALUATING ON TRAINING DATA
==================================================

==================================================
TEST RESULTS
==================================================
Total Loss: 1.662945
  - ZINB NLL: 0.887572
Total number of masked values: 1036560
  - Number of values with pi >= 0.7: 366376
  - Number of values with pi < 0.7: 670184
  - Masked Reconstruction: 10.339339
Mean Absolute Error (MAE): 3.068639
R² Score: 0.054433
==================================================


==================================================
TEST RESULTS
==================================================
Total Loss: 1.868697
  - ZINB NLL: 0.893098
Total number of masked values: 578928
  - Number of values with pi >= 0.7: 209251
  - Number of values with pi < 0.7: 369677
  - Masked Reconstruction: 13.009282
Mean Absolute Error (MAE): 3.109441
R² Score: 0.008433
==================================================


>>> Optimizing zinb_nll on VALIDATION set: 0.893098
>>> Full validation metrics: {'total_loss': 1.868696673118462, 'zinb_nll': 0.8930976969104703, 'mae': 3.1094412803649902, 'r2': 0.008433163166046143, 'masked_loss': 13.009282037767314}

Iteration No: 49 ended. Search finished for the next optimal point.
Time taken: 803.3294
Function value obtained: 0.8931
Current minimum: 0.8551
Iteration No: 50 started. Searching for the next optimal point.

================================================================================
Trial with parameters:
  features: Nucl
  step_size: 0.9295382525937486
  bin_size: 1
  sample_fraction: 0.42616824025741434
  moving_average: True
  first_layer_size_factor: 4
  num_layers: 1
  use_conv: True
  conv_channel: 44
  pool_size: 3
  kernel_size: 5
  epochs: 30
  batch_size: 64
  pi_threshold: 0.7
  learning_rate: 1e-05
  dropout_rate: 0.31282790744798944
  masked_recon_weight: 0.001
  regularizer: none
  regularization_weight: 100.0
================================================================================

Creating datasets with:
  features: ['Nucl']
  bin_size: 1
  moving_average: True
  data_point_length: 2000 (from 2000)
  step_size: 1859 (from fraction 0.9295382525937486)
  layers: [np.int64(64)] (first=64, num=1)
  stride: 1 (fixed), padding: same (fixed)


Clipping outliers using 95th percentile * 1.5...
strain_yTW001: Clipping values above 134.25 (P95=89.50). Clipped 27529/1193409 values (2.31%)
strain_FD: Clipping values above 71.92 (P95=47.94). Clipped 95791/4127807 values (2.32%)
strain_dnrp: Clipping values above 243.00 (P95=162.00). Clipped 25649/1119454 values (2.29%)
strain_yEK19: Clipping values above 77.10 (P95=51.40). Clipped 83713/3893623 values (2.15%)
strain_yEK23: Clipping values above 72.00 (P95=48.00). Clipped 86381/3558407 values (2.43%)
strain_yWT03a: Clipping values above 15.00 (P95=10.00). Clipped 10602/347679 values (3.05%)
strain_yWT04a: Clipping values above 58.50 (P95=39.00). Clipped 21095/725406 values (2.91%)
strain_ylic137: Clipping values above 142.50 (P95=95.00). Clipped 28746/1112684 values (2.58%)
Standardizing features: ['Nucl']
Column order in final array (Dataset/Chrom split): ['Value', 'Nucleosome_Distance', 'Value_Raw', 'Size_Factor']
Removing 0 empty data points out of 29480
Column order in final array (Dataset/Chrom split): ['Value', 'Nucleosome_Distance', 'Value_Raw', 'Size_Factor']
Removing 0 empty data points out of 11104
Column order in final array (Dataset/Chrom split): ['Value', 'Nucleosome_Distance', 'Value_Raw', 'Size_Factor']
Removing 0 empty data points out of 11408
Datasets created:
  Train: (29480, 2000, 4), Val: (11104, 2000, 4), Test: (11408, 2000, 4)

Randomly sampled 12563/29480 samples (42.6%)
Applied denoising with 15.0% masking
Applied denoising with 15.0% masking
Applied denoising with 15.0% masking
Epoch [1/30], Total Loss: 2.1328, NLL: 2.1010, Masked: 31.7977
Epoch [2/30], Total Loss: 2.1314, NLL: 2.0996, Masked: 31.7486
Epoch [3/30], Total Loss: 2.1299, NLL: 2.0982, Masked: 31.6927
Epoch [4/30], Total Loss: 2.1284, NLL: 2.0968, Masked: 31.6362
Epoch [5/30], Total Loss: 2.1270, NLL: 2.0954, Masked: 31.5707
Epoch [6/30], Total Loss: 2.1255, NLL: 2.0940, Masked: 31.5111
Epoch [7/30], Total Loss: 2.1241, NLL: 2.0926, Masked: 31.4628
Epoch [8/30], Total Loss: 2.1226, NLL: 2.0912, Masked: 31.3889
Epoch [9/30], Total Loss: 2.1211, NLL: 2.0898, Masked: 31.3308
Epoch [10/30], Total Loss: 2.1197, NLL: 2.0884, Masked: 31.2898
Epoch [11/30], Total Loss: 2.1182, NLL: 2.0870, Masked: 31.2404
Epoch [12/30], Total Loss: 2.1168, NLL: 2.0856, Masked: 31.1692
Epoch [13/30], Total Loss: 2.1153, NLL: 2.0842, Masked: 31.1217
Epoch [14/30], Total Loss: 2.1139, NLL: 2.0828, Masked: 31.0558
Epoch [15/30], Total Loss: 2.1124, NLL: 2.0814, Masked: 30.9878
Epoch [16/30], Total Loss: 2.1110, NLL: 2.0800, Masked: 30.9291
Epoch [17/30], Total Loss: 2.1095, NLL: 2.0786, Masked: 30.8830
Epoch [18/30], Total Loss: 2.1081, NLL: 2.0772, Masked: 30.8274
Epoch [19/30], Total Loss: 2.1066, NLL: 2.0758, Masked: 30.7842
Epoch [20/30], Total Loss: 2.1052, NLL: 2.0745, Masked: 30.7123
Epoch [21/30], Total Loss: 2.1037, NLL: 2.0731, Masked: 30.6521
Epoch [22/30], Total Loss: 2.1023, NLL: 2.0717, Masked: 30.5935
Epoch [23/30], Total Loss: 2.1009, NLL: 2.0703, Masked: 30.5665
Epoch [24/30], Total Loss: 2.0994, NLL: 2.0689, Masked: 30.4946
Epoch [25/30], Total Loss: 2.0980, NLL: 2.0675, Masked: 30.4342
Epoch [26/30], Total Loss: 2.0965, NLL: 2.0661, Masked: 30.3818
Epoch [27/30], Total Loss: 2.0951, NLL: 2.0647, Masked: 30.3394
Epoch [28/30], Total Loss: 2.0936, NLL: 2.0634, Masked: 30.2690
Epoch [29/30], Total Loss: 2.0922, NLL: 2.0620, Masked: 30.2027
Epoch [30/30], Total Loss: 2.0908, NLL: 2.0606, Masked: 30.1577

==================================================
EVALUATING ON TRAINING DATA
==================================================

==================================================
TEST RESULTS
==================================================
Total Loss: 2.090033
  - ZINB NLL: 2.059902
Total number of masked values: 618461
  - Number of values with pi >= 0.7: 0
  - Number of values with pi < 0.7: 618461
  - Masked Reconstruction: 30.130494
Mean Absolute Error (MAE): 25.895704
R² Score: -6.936686
==================================================


==================================================
TEST RESULTS
==================================================
Total Loss: 2.081454
  - ZINB NLL: 2.057722
Total number of masked values: 544655
  - Number of values with pi >= 0.7: 0
  - Number of values with pi < 0.7: 544655
  - Masked Reconstruction: 23.732062
Mean Absolute Error (MAE): 25.891211
R² Score: -7.107660
==================================================


>>> Optimizing zinb_nll on VALIDATION set: 2.057722
>>> Full validation metrics: {'total_loss': 2.081453713972218, 'zinb_nll': 2.057721650566079, 'mae': 25.891210556030273, 'r2': -7.107660293579102, 'masked_loss': 23.732061502225804}


*** Checkpoint saved at iteration 50 ***

Iteration No: 50 ended. Search finished for the next optimal point.
Time taken: 573.1726
Function value obtained: 2.0577
Current minimum: 0.8551
Iteration No: 51 started. Searching for the next optimal point.

================================================================================
Trial with parameters:
  features: Centr_Nucl
  step_size: 1.0
  bin_size: 1
  sample_fraction: 1.0
  moving_average: True
  first_layer_size_factor: 133
  num_layers: 2
  use_conv: True
  conv_channel: 100
  pool_size: 2
  kernel_size: 7
  epochs: 89
  batch_size: 128
  pi_threshold: 0.4481446073964529
  learning_rate: 9.778262915972424e-05
  dropout_rate: 0.5
  masked_recon_weight: 0.001
  regularizer: none
  regularization_weight: 100.0
================================================================================

Creating datasets with:
  features: ['Centr', 'Nucl']
  bin_size: 1
  moving_average: True
  data_point_length: 2000 (from 2000)
  step_size: 2000 (from fraction 1.0)
  layers: [np.int64(2128), np.int64(1064)] (first=2128, num=2)
  stride: 1 (fixed), padding: same (fixed)


Clipping outliers using 95th percentile * 1.5...
strain_yTW001: Clipping values above 134.25 (P95=89.50). Clipped 27529/1193409 values (2.31%)
strain_FD: Clipping values above 71.92 (P95=47.94). Clipped 95791/4127807 values (2.32%)
strain_dnrp: Clipping values above 243.00 (P95=162.00). Clipped 25649/1119454 values (2.29%)
strain_yEK19: Clipping values above 77.10 (P95=51.40). Clipped 83713/3893623 values (2.15%)
strain_yEK23: Clipping values above 72.00 (P95=48.00). Clipped 86381/3558407 values (2.43%)
strain_yWT03a: Clipping values above 15.00 (P95=10.00). Clipped 10602/347679 values (3.05%)
strain_yWT04a: Clipping values above 58.50 (P95=39.00). Clipped 21095/725406 values (2.91%)
strain_ylic137: Clipping values above 142.50 (P95=95.00). Clipped 28746/1112684 values (2.58%)
Standardizing features: ['Centr', 'Nucl']
Column order in final array (Dataset/Chrom split): ['Value', 'Nucleosome_Distance', 'Centromere_Distance', 'Value_Raw', 'Size_Factor']
Removing 0 empty data points out of 27424
Column order in final array (Dataset/Chrom split): ['Value', 'Nucleosome_Distance', 'Centromere_Distance', 'Value_Raw', 'Size_Factor']
Removing 0 empty data points out of 10328
Column order in final array (Dataset/Chrom split): ['Value', 'Nucleosome_Distance', 'Centromere_Distance', 'Value_Raw', 'Size_Factor']
Removing 0 empty data points out of 10608
Datasets created:
  Train: (27424, 2000, 5), Val: (10328, 2000, 5), Test: (10608, 2000, 5)

Applied denoising with 15.0% masking
Applied denoising with 15.0% masking
Applied denoising with 15.0% masking
Epoch [1/89], Total Loss: 1.1008, NLL: 1.0869, Masked: 13.9517
Epoch [2/89], Total Loss: 1.0242, NLL: 1.0106, Masked: 13.5604
Epoch [3/89], Total Loss: 1.0006, NLL: 0.9871, Masked: 13.4936
Epoch [4/89], Total Loss: 0.9750, NLL: 0.9616, Masked: 13.3665
Epoch [5/89], Total Loss: 0.9646, NLL: 0.9513, Masked: 13.2719
Epoch [6/89], Total Loss: 0.9538, NLL: 0.9406, Masked: 13.2100
Epoch [7/89], Total Loss: 0.9495, NLL: 0.9364, Masked: 13.1552
Epoch [8/89], Total Loss: 0.9468, NLL: 0.9336, Masked: 13.1131
Epoch [9/89], Total Loss: 0.9443, NLL: 0.9312, Masked: 13.0860
Epoch [10/89], Total Loss: 0.9400, NLL: 0.9269, Masked: 13.0541
Epoch [11/89], Total Loss: 0.9383, NLL: 0.9253, Masked: 13.0153
Epoch [12/89], Total Loss: 0.9366, NLL: 0.9236, Masked: 13.0150
Epoch [13/89], Total Loss: 0.9350, NLL: 0.9220, Masked: 12.9916
Epoch [14/89], Total Loss: 0.9332, NLL: 0.9202, Masked: 12.9657
Epoch [15/89], Total Loss: 0.9313, NLL: 0.9184, Masked: 12.9353
Epoch [16/89], Total Loss: 0.9302, NLL: 0.9172, Masked: 12.9532
Epoch [17/89], Total Loss: 0.9291, NLL: 0.9162, Masked: 12.9292
Epoch [18/89], Total Loss: 0.9280, NLL: 0.9151, Masked: 12.8997
Epoch [19/89], Total Loss: 0.9261, NLL: 0.9132, Masked: 12.8746
Epoch [20/89], Total Loss: 0.9255, NLL: 0.9125, Masked: 12.9352
Epoch [21/89], Total Loss: 0.9242, NLL: 0.9113, Masked: 12.8630
Epoch [22/89], Total Loss: 0.9234, NLL: 0.9106, Masked: 12.8347
Epoch [23/89], Total Loss: 0.9221, NLL: 0.9092, Masked: 12.8378
Epoch [24/89], Total Loss: 0.9211, NLL: 0.9083, Masked: 12.8085
Epoch [25/89], Total Loss: 0.9199, NLL: 0.9071, Masked: 12.7838
Epoch [26/89], Total Loss: 0.9188, NLL: 0.9060, Masked: 12.7502
Epoch [27/89], Total Loss: 0.9175, NLL: 0.9048, Masked: 12.7437
Epoch [28/89], Total Loss: 0.9164, NLL: 0.9036, Masked: 12.7561
Epoch [29/89], Total Loss: 0.9156, NLL: 0.9028, Masked: 12.7044
Epoch [30/89], Total Loss: 0.9141, NLL: 0.9014, Masked: 12.6953
Epoch [31/89], Total Loss: 0.9130, NLL: 0.9003, Masked: 12.6993
Epoch [32/89], Total Loss: 0.9120, NLL: 0.8994, Masked: 12.6690
Epoch [33/89], Total Loss: 0.9111, NLL: 0.8985, Masked: 12.6328
Epoch [34/89], Total Loss: 0.9100, NLL: 0.8974, Masked: 12.6206
Epoch [35/89], Total Loss: 0.9091, NLL: 0.8965, Masked: 12.6039
Epoch [36/89], Total Loss: 0.9079, NLL: 0.8953, Masked: 12.5792
Epoch [37/89], Total Loss: 0.9069, NLL: 0.8944, Masked: 12.5777
Epoch [38/89], Total Loss: 0.9064, NLL: 0.8938, Masked: 12.5776
Epoch [39/89], Total Loss: 0.9055, NLL: 0.8929, Masked: 12.5705
Epoch [40/89], Total Loss: 0.9048, NLL: 0.8922, Masked: 12.5593
Epoch [41/89], Total Loss: 0.9040, NLL: 0.8914, Masked: 12.5697
Epoch [42/89], Total Loss: 0.9034, NLL: 0.8908, Masked: 12.5255
Epoch [43/89], Total Loss: 0.9026, NLL: 0.8901, Masked: 12.5317
Epoch [44/89], Total Loss: 0.9022, NLL: 0.8896, Masked: 12.5337
Epoch [45/89], Total Loss: 0.9014, NLL: 0.8889, Masked: 12.4991
Epoch [46/89], Total Loss: 0.9009, NLL: 0.8884, Masked: 12.5205
Epoch [47/89], Total Loss: 0.9006, NLL: 0.8881, Masked: 12.5477
Epoch [48/89], Total Loss: 0.9005, NLL: 0.8880, Masked: 12.5274
Epoch [49/89], Total Loss: 0.8994, NLL: 0.8870, Masked: 12.4832
Epoch [50/89], Total Loss: 0.8990, NLL: 0.8865, Masked: 12.5055
Epoch [51/89], Total Loss: 0.8984, NLL: 0.8859, Masked: 12.4715
Epoch [52/89], Total Loss: 0.8980, NLL: 0.8856, Masked: 12.4787
Epoch [53/89], Total Loss: 0.8974, NLL: 0.8849, Masked: 12.4821
Epoch [54/89], Total Loss: 0.8969, NLL: 0.8844, Masked: 12.4697
Epoch [55/89], Total Loss: 0.8963, NLL: 0.8839, Masked: 12.4450
Epoch [56/89], Total Loss: 0.8965, NLL: 0.8840, Masked: 12.4579
Epoch [57/89], Total Loss: 0.8959, NLL: 0.8834, Masked: 12.4460
Epoch [58/89], Total Loss: 0.8954, NLL: 0.8830, Masked: 12.4353
Epoch [59/89], Total Loss: 0.8950, NLL: 0.8825, Masked: 12.4619
Epoch [60/89], Total Loss: 0.8946, NLL: 0.8822, Masked: 12.4300
Epoch [61/89], Total Loss: 0.8943, NLL: 0.8818, Masked: 12.4395
Epoch [62/89], Total Loss: 0.8940, NLL: 0.8816, Masked: 12.4291
Epoch [63/89], Total Loss: 0.8937, NLL: 0.8813, Masked: 12.4206
Epoch [64/89], Total Loss: 0.8935, NLL: 0.8811, Masked: 12.4257
Epoch [65/89], Total Loss: 0.8928, NLL: 0.8804, Masked: 12.4048
Epoch [66/89], Total Loss: 0.8925, NLL: 0.8801, Masked: 12.3989
Epoch [67/89], Total Loss: 0.8923, NLL: 0.8799, Masked: 12.3884
Epoch [68/89], Total Loss: 0.8920, NLL: 0.8796, Masked: 12.3991
Epoch [69/89], Total Loss: 0.8918, NLL: 0.8794, Masked: 12.4100
Epoch [70/89], Total Loss: 0.8913, NLL: 0.8789, Masked: 12.3812
Epoch [71/89], Total Loss: 0.8914, NLL: 0.8791, Masked: 12.3779
Epoch [72/89], Total Loss: 0.8910, NLL: 0.8786, Masked: 12.3745
Epoch [73/89], Total Loss: 0.8906, NLL: 0.8782, Masked: 12.3913
Epoch [74/89], Total Loss: 0.8902, NLL: 0.8778, Masked: 12.3978
Epoch [75/89], Total Loss: 0.8900, NLL: 0.8776, Masked: 12.3696
Epoch [76/89], Total Loss: 0.8895, NLL: 0.8772, Masked: 12.3354
Epoch [77/89], Total Loss: 0.8893, NLL: 0.8770, Masked: 12.3577
Epoch [78/89], Total Loss: 0.8890, NLL: 0.8767, Masked: 12.3337
Epoch [79/89], Total Loss: 0.8888, NLL: 0.8764, Masked: 12.3360
Epoch [80/89], Total Loss: 0.8887, NLL: 0.8763, Masked: 12.4204
Epoch [81/89], Total Loss: 0.8884, NLL: 0.8760, Masked: 12.3327
Epoch [82/89], Total Loss: 0.8883, NLL: 0.8759, Masked: 12.3556
Epoch [83/89], Total Loss: 0.8876, NLL: 0.8753, Masked: 12.3165
Epoch [84/89], Total Loss: 0.8875, NLL: 0.8752, Masked: 12.3111
Epoch [85/89], Total Loss: 0.8872, NLL: 0.8749, Masked: 12.3367
Epoch [86/89], Total Loss: 0.8874, NLL: 0.8750, Masked: 12.3420
Epoch [87/89], Total Loss: 0.8867, NLL: 0.8744, Masked: 12.3100
Epoch [88/89], Total Loss: 0.8866, NLL: 0.8742, Masked: 12.3403
Epoch [89/89], Total Loss: 0.8864, NLL: 0.8741, Masked: 12.3180

==================================================
EVALUATING ON TRAINING DATA
==================================================

==================================================
TEST RESULTS
==================================================
Total Loss: 0.873410
  - ZINB NLL: 0.861439
Total number of masked values: 1349841
  - Number of values with pi >= 0.4481446073964529: 861194
  - Number of values with pi < 0.4481446073964529: 488647
  - Masked Reconstruction: 11.971109
Mean Absolute Error (MAE): 2.462118
R² Score: 0.089490
==================================================


==================================================
TEST RESULTS
==================================================
Total Loss: 0.891289
  - ZINB NLL: 0.877787
Total number of masked values: 506645
  - Number of values with pi >= 0.4481446073964529: 336561
  - Number of values with pi < 0.4481446073964529: 170084
  - Masked Reconstruction: 13.502042
Mean Absolute Error (MAE): 2.483335
R² Score: 0.040484
==================================================


>>> Optimizing zinb_nll on VALIDATION set: 0.877787
>>> Full validation metrics: {'total_loss': 0.8912886919945733, 'zinb_nll': 0.8777866533890332, 'mae': 2.483335256576538, 'r2': 0.04048353433609009, 'masked_loss': 13.502041699256573}

Iteration No: 51 ended. Search finished for the next optimal point.
Time taken: 1581.1202
Function value obtained: 0.8778
Current minimum: 0.8551
Iteration No: 52 started. Searching for the next optimal point.

================================================================================
Trial with parameters:
  features: Nucl
  step_size: 0.6043272029216871
  bin_size: 1
  sample_fraction: 0.5328822587735256
  moving_average: True
  first_layer_size_factor: 98
  num_layers: 3
  use_conv: True
  conv_channel: 60
  pool_size: 6
  kernel_size: 5
  epochs: 30
  batch_size: 128
  pi_threshold: 0.7
  learning_rate: 0.004510285983862286
  dropout_rate: 0.40788745166149454
  masked_recon_weight: 0.004780051814521662
  regularizer: none
  regularization_weight: 100.0
================================================================================

Creating datasets with:
  features: ['Nucl']
  bin_size: 1
  moving_average: True
  data_point_length: 2000 (from 2000)
  step_size: 1208 (from fraction 0.6043272029216871)
  layers: [np.int64(1568), np.int64(784), np.int64(392)] (first=1568, num=3)
  stride: 1 (fixed), padding: same (fixed)


Clipping outliers using 95th percentile * 1.5...
strain_yTW001: Clipping values above 134.25 (P95=89.50). Clipped 27529/1193409 values (2.31%)
strain_FD: Clipping values above 71.92 (P95=47.94). Clipped 95791/4127807 values (2.32%)
strain_dnrp: Clipping values above 243.00 (P95=162.00). Clipped 25649/1119454 values (2.29%)
strain_yEK19: Clipping values above 77.10 (P95=51.40). Clipped 83713/3893623 values (2.15%)
strain_yEK23: Clipping values above 72.00 (P95=48.00). Clipped 86381/3558407 values (2.43%)
strain_yWT03a: Clipping values above 15.00 (P95=10.00). Clipped 10602/347679 values (3.05%)
strain_yWT04a: Clipping values above 58.50 (P95=39.00). Clipped 21095/725406 values (2.91%)
strain_ylic137: Clipping values above 142.50 (P95=95.00). Clipped 28746/1112684 values (2.58%)
Standardizing features: ['Nucl']
Column order in final array (Dataset/Chrom split): ['Value', 'Nucleosome_Distance', 'Value_Raw', 'Size_Factor']
Removing 0 empty data points out of 45312
Column order in final array (Dataset/Chrom split): ['Value', 'Nucleosome_Distance', 'Value_Raw', 'Size_Factor']
Removing 0 empty data points out of 17072
Column order in final array (Dataset/Chrom split): ['Value', 'Nucleosome_Distance', 'Value_Raw', 'Size_Factor']
Removing 0 empty data points out of 17528
Datasets created:
  Train: (45312, 2000, 4), Val: (17072, 2000, 4), Test: (17528, 2000, 4)

Randomly sampled 24145/45312 samples (53.3%)
Applied denoising with 15.0% masking
Applied denoising with 15.0% masking
Applied denoising with 15.0% masking
Epoch [1/30], Total Loss: 1.1748, NLL: 1.1051, Masked: 14.5848
Epoch [2/30], Total Loss: 1.0389, NLL: 0.9758, Masked: 13.1931
Epoch [3/30], Total Loss: 1.0380, NLL: 0.9748, Masked: 13.2268
Epoch [4/30], Total Loss: 100.3474, NLL: 0.9710, Masked: 20789.8140
Epoch [5/30], Total Loss: 1.0297, NLL: 0.9668, Masked: 13.1602
Epoch [6/30], Total Loss: 1.0281, NLL: 0.9652, Masked: 13.1526
Epoch [7/30], Total Loss: 1.0251, NLL: 0.9623, Masked: 13.1437
Epoch [8/30], Total Loss: 1.0241, NLL: 0.9613, Masked: 13.1433
Epoch [9/30], Total Loss: 1.0299, NLL: 0.9670, Masked: 13.1701
Epoch [10/30], Total Loss: 29.0748, NLL: 0.9610, Masked: 5881.4903
Epoch [11/30], Total Loss: 1.0234, NLL: 0.9607, Masked: 13.1278
Epoch [12/30], Total Loss: 1.0236, NLL: 0.9609, Masked: 13.1223
Epoch [13/30], Total Loss: 1.0224, NLL: 0.9597, Masked: 13.1221
Epoch [14/30], Total Loss: 1.0227, NLL: 0.9600, Masked: 13.1092
Epoch [15/30], Total Loss: 1.0215, NLL: 0.9589, Masked: 13.1060
Epoch [16/30], Total Loss: 1.0222, NLL: 0.9595, Masked: 13.1094
Epoch [17/30], Total Loss: 24.5605, NLL: 0.9609, Masked: 4937.0972
Epoch [18/30], Total Loss: 1.0235, NLL: 0.9608, Masked: 13.1188
Epoch [19/30], Total Loss: 1.0233, NLL: 0.9606, Masked: 13.1192
Epoch [20/30], Total Loss: 1.0261, NLL: 0.9633, Masked: 13.1306
Epoch [21/30], Total Loss: 12.4203, NLL: 0.9652, Masked: 2396.4352
Epoch [22/30], Total Loss: 3.1713, NLL: 0.9675, Masked: 461.0278
Epoch [23/30], Total Loss: 1.0266, NLL: 0.9639, Masked: 13.1197
Epoch [24/30], Total Loss: 117.3119, NLL: 0.9664, Masked: 24339.8060
Epoch [25/30], Total Loss: 6.1830, NLL: 0.9664, Masked: 1091.3273
Epoch [26/30], Total Loss: 1.0301, NLL: 0.9672, Masked: 13.1421
Epoch [27/30], Total Loss: 49.8778, NLL: 0.9635, Masked: 10233.0072
Epoch [28/30], Total Loss: 1.0268, NLL: 0.9623, Masked: 13.4958
Epoch [29/30], Total Loss: 1.0259, NLL: 0.9631, Masked: 13.1401
Epoch [30/30], Total Loss: 1.0295, NLL: 0.9669, Masked: 13.1129

==================================================
EVALUATING ON TRAINING DATA
==================================================

==================================================
TEST RESULTS
==================================================
Total Loss: 1.021237
  - ZINB NLL: 0.957811
Total number of masked values: 1190611
  - Number of values with pi >= 0.7: 395231
  - Number of values with pi < 0.7: 795380
  - Masked Reconstruction: 13.268838
Mean Absolute Error (MAE): 4.251300
R² Score: -0.098980
==================================================


==================================================
TEST RESULTS
==================================================
Total Loss: 1.016047
  - ZINB NLL: 0.949422
Total number of masked values: 835770
  - Number of values with pi >= 0.7: 280213
  - Number of values with pi < 0.7: 555557
  - Masked Reconstruction: 13.938149
Mean Absolute Error (MAE): 4.208817
R² Score: -0.105272
==================================================


>>> Optimizing zinb_nll on VALIDATION set: 0.949422
>>> Full validation metrics: {'total_loss': 1.0160465916966095, 'zinb_nll': 0.9494215212587788, 'mae': 4.2088165283203125, 'r2': -0.10527217388153076, 'masked_loss': 13.938148949005498}

Iteration No: 52 ended. Search finished for the next optimal point.
Time taken: 636.2298
Function value obtained: 0.9494
Current minimum: 0.8551
Iteration No: 53 started. Searching for the next optimal point.

================================================================================
Trial with parameters:
  features: Centr
  step_size: 1.0
  bin_size: 1
  sample_fraction: 0.8897361266698895
  moving_average: True
  first_layer_size_factor: 150
  num_layers: 1
  use_conv: True
  conv_channel: 48
  pool_size: 8
  kernel_size: 7
  epochs: 30
  batch_size: 32
  pi_threshold: 0.3
  learning_rate: 1e-05
  dropout_rate: 0.30881300833598885
  masked_recon_weight: 0.001
  regularizer: l1
  regularization_weight: 1e-05
================================================================================

Creating datasets with:
  features: ['Centr']
  bin_size: 1
  moving_average: True
  data_point_length: 2000 (from 2000)
  step_size: 2000 (from fraction 1.0)
  layers: [np.int64(2400)] (first=2400, num=1)
  stride: 1 (fixed), padding: same (fixed)


Clipping outliers using 95th percentile * 1.5...
strain_yTW001: Clipping values above 134.25 (P95=89.50). Clipped 27529/1193409 values (2.31%)
strain_FD: Clipping values above 71.92 (P95=47.94). Clipped 95791/4127807 values (2.32%)
strain_dnrp: Clipping values above 243.00 (P95=162.00). Clipped 25649/1119454 values (2.29%)
strain_yEK19: Clipping values above 77.10 (P95=51.40). Clipped 83713/3893623 values (2.15%)
strain_yEK23: Clipping values above 72.00 (P95=48.00). Clipped 86381/3558407 values (2.43%)
strain_yWT03a: Clipping values above 15.00 (P95=10.00). Clipped 10602/347679 values (3.05%)
strain_yWT04a: Clipping values above 58.50 (P95=39.00). Clipped 21095/725406 values (2.91%)
strain_ylic137: Clipping values above 142.50 (P95=95.00). Clipped 28746/1112684 values (2.58%)
Standardizing features: ['Centr']
Column order in final array (Dataset/Chrom split): ['Value', 'Centromere_Distance', 'Value_Raw', 'Size_Factor']
Removing 0 empty data points out of 27424
Column order in final array (Dataset/Chrom split): ['Value', 'Centromere_Distance', 'Value_Raw', 'Size_Factor']
Removing 0 empty data points out of 10328
Column order in final array (Dataset/Chrom split): ['Value', 'Centromere_Distance', 'Value_Raw', 'Size_Factor']
Removing 0 empty data points out of 10608
Datasets created:
  Train: (27424, 2000, 4), Val: (10328, 2000, 4), Test: (10608, 2000, 4)

Randomly sampled 24400/27424 samples (89.0%)
Applied denoising with 15.0% masking
Applied denoising with 15.0% masking
Applied denoising with 15.0% masking
Epoch [1/30], Total Loss: 2.1352, NLL: 1.1658, Masked: 14.6686, Reg: 0.954780
Epoch [2/30], Total Loss: 1.4269, NLL: 1.0501, Masked: 13.5174, Reg: 0.363321
Epoch [3/30], Total Loss: 1.2831, NLL: 1.0524, Masked: 13.5363, Reg: 0.217118
Epoch [4/30], Total Loss: 1.2402, NLL: 1.0528, Masked: 13.5158, Reg: 0.173908
Epoch [5/30], Total Loss: 1.2140, NLL: 1.0497, Masked: 13.5262, Reg: 0.150825
Epoch [6/30], Total Loss: 1.1883, NLL: 1.0454, Masked: 13.5158, Reg: 0.129346
Epoch [7/30], Total Loss: 1.1673, NLL: 1.0399, Masked: 13.5157, Reg: 0.113946
Epoch [8/30], Total Loss: 1.1534, NLL: 1.0334, Masked: 13.4935, Reg: 0.106570
Epoch [9/30], Total Loss: 1.1434, NLL: 1.0271, Masked: 13.4821, Reg: 0.102897
Epoch [10/30], Total Loss: 1.1356, NLL: 1.0213, Masked: 13.4818, Reg: 0.100912
Epoch [11/30], Total Loss: 1.1296, NLL: 1.0170, Masked: 13.4623, Reg: 0.099150
Epoch [12/30], Total Loss: 1.1246, NLL: 1.0138, Masked: 13.4743, Reg: 0.097299
Epoch [13/30], Total Loss: 1.1206, NLL: 1.0118, Masked: 13.4592, Reg: 0.095327
Epoch [14/30], Total Loss: 1.1172, NLL: 1.0103, Masked: 13.4699, Reg: 0.093431
Epoch [15/30], Total Loss: 1.1138, NLL: 1.0089, Masked: 13.4740, Reg: 0.091420
Epoch [16/30], Total Loss: 1.1116, NLL: 1.0085, Masked: 13.4707, Reg: 0.089576
Epoch [17/30], Total Loss: 1.1090, NLL: 1.0076, Masked: 13.4623, Reg: 0.087911
Epoch [18/30], Total Loss: 1.1070, NLL: 1.0071, Masked: 13.4575, Reg: 0.086459
Epoch [19/30], Total Loss: 1.1050, NLL: 1.0064, Masked: 13.4438, Reg: 0.085194
Epoch [20/30], Total Loss: 1.1035, NLL: 1.0060, Masked: 13.4545, Reg: 0.084069
Epoch [21/30], Total Loss: 1.1019, NLL: 1.0054, Masked: 13.4564, Reg: 0.083059
Epoch [22/30], Total Loss: 1.1005, NLL: 1.0049, Masked: 13.4732, Reg: 0.082105
Epoch [23/30], Total Loss: 1.0992, NLL: 1.0043, Masked: 13.4782, Reg: 0.081404
Epoch [24/30], Total Loss: 1.0980, NLL: 1.0038, Masked: 13.4577, Reg: 0.080735
Epoch [25/30], Total Loss: 1.0971, NLL: 1.0035, Masked: 13.4520, Reg: 0.080146
Epoch [26/30], Total Loss: 1.0959, NLL: 1.0028, Masked: 13.4571, Reg: 0.079636
Epoch [27/30], Total Loss: 1.0948, NLL: 1.0022, Masked: 13.4445, Reg: 0.079121
Epoch [28/30], Total Loss: 1.0939, NLL: 1.0018, Masked: 13.4810, Reg: 0.078662
Epoch [29/30], Total Loss: 1.0930, NLL: 1.0013, Masked: 13.4570, Reg: 0.078240
Epoch [30/30], Total Loss: 1.0920, NLL: 1.0007, Masked: 13.4662, Reg: 0.077813

==================================================
EVALUATING ON TRAINING DATA
==================================================

==================================================
TEST RESULTS
==================================================
Total Loss: 1.085859
  - ZINB NLL: 0.994794
Total number of masked values: 1202630
  - Number of values with pi >= 0.3: 1195148
  - Number of values with pi < 0.3: 7482
  - Masked Reconstruction: 13.469350
  - Regularization: 0.077596
Mean Absolute Error (MAE): 2.236790
R² Score: -0.030004
==================================================


==================================================
TEST RESULTS
==================================================
Total Loss: 1.080533
  - ZINB NLL: 0.988784
Total number of masked values: 506645
  - Number of values with pi >= 0.3: 503535
  - Number of values with pi < 0.3: 3110
  - Masked Reconstruction: 14.153083
  - Regularization: 0.077596
Mean Absolute Error (MAE): 2.200888
R² Score: -0.039530
==================================================


>>> Optimizing zinb_nll on VALIDATION set: 0.988784
>>> Full validation metrics: {'total_loss': 1.0805329830031538, 'zinb_nll': 0.9887841918688242, 'mae': 2.200887680053711, 'r2': -0.039530038833618164, 'masked_loss': 14.153083360998506, 'reg_loss': 0.07759569824218791}

Iteration No: 53 ended. Search finished for the next optimal point.
Time taken: 867.7486
Function value obtained: 0.9888
Current minimum: 0.8551
Iteration No: 54 started. Searching for the next optimal point.

================================================================================
Trial with parameters:
  features: Nucl
  step_size: 1.0
  bin_size: 50
  sample_fraction: 0.7554598918376378
  moving_average: False
  first_layer_size_factor: 139
  num_layers: 1
  use_conv: False
  conv_channel: 111
  pool_size: 3
  kernel_size: 5
  epochs: 49
  batch_size: 32
  pi_threshold: 0.5691165262842135
  learning_rate: 1e-05
  dropout_rate: 0.0
  masked_recon_weight: 10.0
  regularizer: none
  regularization_weight: 100.0
================================================================================

Creating datasets with:
  features: ['Nucl']
  bin_size: 50
  moving_average: False
  data_point_length: 40 (from 2000)
  step_size: 40 (from fraction 1.0)
  layers: [np.int64(2224)] (first=2224, num=1)
  stride: 1 (fixed), padding: same (fixed)


Clipping outliers using 95th percentile * 1.5...
strain_yTW001: Clipping values above 134.25 (P95=89.50). Clipped 27529/1193409 values (2.31%)
strain_FD: Clipping values above 71.92 (P95=47.94). Clipped 95791/4127807 values (2.32%)
strain_dnrp: Clipping values above 243.00 (P95=162.00). Clipped 25649/1119454 values (2.29%)
strain_yEK19: Clipping values above 77.10 (P95=51.40). Clipped 83713/3893623 values (2.15%)
strain_yEK23: Clipping values above 72.00 (P95=48.00). Clipped 86381/3558407 values (2.43%)
strain_yWT03a: Clipping values above 15.00 (P95=10.00). Clipped 10602/347679 values (3.05%)
strain_yWT04a: Clipping values above 58.50 (P95=39.00). Clipped 21095/725406 values (2.91%)
strain_ylic137: Clipping values above 142.50 (P95=95.00). Clipped 28746/1112684 values (2.58%)
Standardizing features: ['Nucl']
Column order in final array (Dataset/Chrom split): ['Value', 'Nucleosome_Distance', 'Value_Raw', 'Size_Factor']
Removing 0 empty data points out of 27424
Column order in final array (Dataset/Chrom split): ['Value', 'Nucleosome_Distance', 'Value_Raw', 'Size_Factor']
Removing 0 empty data points out of 10328
Column order in final array (Dataset/Chrom split): ['Value', 'Nucleosome_Distance', 'Value_Raw', 'Size_Factor']
Removing 0 empty data points out of 10608
Datasets created:
  Train: (27424, 40, 4), Val: (10328, 40, 4), Test: (10608, 40, 4)

Randomly sampled 20717/27424 samples (75.5%)
Applied denoising with 15.0% masking
Applied denoising with 15.0% masking
Applied denoising with 15.0% masking
Epoch [1/49], Total Loss: 212.9968, NLL: 2.8962, Masked: 21.0101
Epoch [2/49], Total Loss: 82.4143, NLL: 2.3573, Masked: 8.0057
Epoch [3/49], Total Loss: 33.8230, NLL: 2.0127, Masked: 3.1810
Epoch [4/49], Total Loss: 27.4358, NLL: 2.0117, Masked: 2.5424
Epoch [5/49], Total Loss: 26.5681, NLL: 2.0438, Masked: 2.4524
Epoch [6/49], Total Loss: 26.3156, NLL: 2.0563, Masked: 2.4259
Epoch [7/49], Total Loss: 26.1418, NLL: 2.0587, Masked: 2.4083
Epoch [8/49], Total Loss: 26.0317, NLL: 2.0529, Masked: 2.3979
Epoch [9/49], Total Loss: 25.8809, NLL: 2.0382, Masked: 2.3843
Epoch [10/49], Total Loss: 25.7394, NLL: 2.0194, Masked: 2.3720
Epoch [11/49], Total Loss: 25.5763, NLL: 1.9957, Masked: 2.3581
Epoch [12/49], Total Loss: 25.4272, NLL: 1.9712, Masked: 2.3456
Epoch [13/49], Total Loss: 25.2294, NLL: 1.9422, Masked: 2.3287
Epoch [14/49], Total Loss: 25.0272, NLL: 1.9164, Masked: 2.3111
Epoch [15/49], Total Loss: 24.8426, NLL: 1.8908, Masked: 2.2952
Epoch [16/49], Total Loss: 24.6711, NLL: 1.8684, Masked: 2.2803
Epoch [17/49], Total Loss: 24.4726, NLL: 1.8493, Masked: 2.2623
Epoch [18/49], Total Loss: 24.3101, NLL: 1.8340, Masked: 2.2476
Epoch [19/49], Total Loss: 24.1533, NLL: 1.8234, Masked: 2.2330
Epoch [20/49], Total Loss: 24.0014, NLL: 1.8139, Masked: 2.2188
Epoch [21/49], Total Loss: 23.8561, NLL: 1.8083, Masked: 2.2048
Epoch [22/49], Total Loss: 23.7707, NLL: 1.8016, Masked: 2.1969
Epoch [23/49], Total Loss: 23.6647, NLL: 1.7957, Masked: 2.1869
Epoch [24/49], Total Loss: 23.5582, NLL: 1.7925, Masked: 2.1766
Epoch [25/49], Total Loss: 23.4800, NLL: 1.7879, Masked: 2.1692
Epoch [26/49], Total Loss: 23.3961, NLL: 1.7860, Masked: 2.1610
Epoch [27/49], Total Loss: 23.3366, NLL: 1.7819, Masked: 2.1555
Epoch [28/49], Total Loss: 23.2538, NLL: 1.7796, Masked: 2.1474
Epoch [29/49], Total Loss: 23.1892, NLL: 1.7762, Masked: 2.1413
Epoch [30/49], Total Loss: 23.1231, NLL: 1.7749, Masked: 2.1348
Epoch [31/49], Total Loss: 23.0619, NLL: 1.7722, Masked: 2.1290
Epoch [32/49], Total Loss: 23.0151, NLL: 1.7689, Masked: 2.1246
Epoch [33/49], Total Loss: 22.9501, NLL: 1.7669, Masked: 2.1183
Epoch [34/49], Total Loss: 22.8989, NLL: 1.7643, Masked: 2.1135
Epoch [35/49], Total Loss: 22.8502, NLL: 1.7622, Masked: 2.1088
Epoch [36/49], Total Loss: 22.8047, NLL: 1.7598, Masked: 2.1045
Epoch [37/49], Total Loss: 22.7341, NLL: 1.7583, Masked: 2.0976
Epoch [38/49], Total Loss: 22.6989, NLL: 1.7563, Masked: 2.0943
Epoch [39/49], Total Loss: 22.6516, NLL: 1.7539, Masked: 2.0898
Epoch [40/49], Total Loss: 22.6067, NLL: 1.7521, Masked: 2.0855
Epoch [41/49], Total Loss: 22.5540, NLL: 1.7505, Masked: 2.0804
Epoch [42/49], Total Loss: 22.4953, NLL: 1.7480, Masked: 2.0747
Epoch [43/49], Total Loss: 22.4768, NLL: 1.7464, Masked: 2.0730
Epoch [44/49], Total Loss: 22.4142, NLL: 1.7444, Masked: 2.0670
Epoch [45/49], Total Loss: 22.3849, NLL: 1.7427, Masked: 2.0642
Epoch [46/49], Total Loss: 22.3281, NLL: 1.7411, Masked: 2.0587
Epoch [47/49], Total Loss: 22.2854, NLL: 1.7395, Masked: 2.0546
Epoch [48/49], Total Loss: 22.2458, NLL: 1.7375, Masked: 2.0508
Epoch [49/49], Total Loss: 22.2129, NLL: 1.7368, Masked: 2.0476

==================================================
EVALUATING ON TRAINING DATA
==================================================

==================================================
TEST RESULTS
==================================================
Total Loss: 22.170978
  - ZINB NLL: 1.734476
Total number of masked values: 97414
  - Number of values with pi >= 0.5691165262842135: 0
  - Number of values with pi < 0.5691165262842135: 97414
  - Masked Reconstruction: 2.043650
Mean Absolute Error (MAE): 1.888506
R² Score: 0.314545
==================================================


==================================================
TEST RESULTS
==================================================
Total Loss: 21.355043
  - ZINB NLL: 1.724704
Total number of masked values: 48628
  - Number of values with pi >= 0.5691165262842135: 0
  - Number of values with pi < 0.5691165262842135: 48628
  - Masked Reconstruction: 1.963034
Mean Absolute Error (MAE): 1.868831
R² Score: 0.314134
==================================================


>>> Optimizing zinb_nll on VALIDATION set: 1.724704
>>> Full validation metrics: {'total_loss': 21.35504348660328, 'zinb_nll': 1.7247036381528693, 'mae': 1.8688313961029053, 'r2': 0.314134418964386, 'masked_loss': 1.9630339841894362}

Iteration No: 54 ended. Search finished for the next optimal point.
Time taken: 144.8796
Function value obtained: 1.7247
Current minimum: 0.8551
Iteration No: 55 started. Searching for the next optimal point.

================================================================================
Trial with parameters:
  features: Centr_Nucl
  step_size: 1.0
  bin_size: 1
  sample_fraction: 0.7127125885179335
  moving_average: True
  first_layer_size_factor: 135
  num_layers: 3
  use_conv: False
  conv_channel: 102
  pool_size: 8
  kernel_size: 7
  epochs: 70
  batch_size: 64
  pi_threshold: 0.3
  learning_rate: 5.686011195407656e-05
  dropout_rate: 0.2814213153673969
  masked_recon_weight: 0.07357789012165801
  regularizer: none
  regularization_weight: 100.0
================================================================================

Creating datasets with:
  features: ['Centr', 'Nucl']
  bin_size: 1
  moving_average: True
  data_point_length: 2000 (from 2000)
  step_size: 2000 (from fraction 1.0)
  layers: [np.int64(2160), np.int64(1080), np.int64(540)] (first=2160, num=3)
  stride: 1 (fixed), padding: same (fixed)


Clipping outliers using 95th percentile * 1.5...
strain_yTW001: Clipping values above 134.25 (P95=89.50). Clipped 27529/1193409 values (2.31%)
strain_FD: Clipping values above 71.92 (P95=47.94). Clipped 95791/4127807 values (2.32%)
strain_dnrp: Clipping values above 243.00 (P95=162.00). Clipped 25649/1119454 values (2.29%)
strain_yEK19: Clipping values above 77.10 (P95=51.40). Clipped 83713/3893623 values (2.15%)
strain_yEK23: Clipping values above 72.00 (P95=48.00). Clipped 86381/3558407 values (2.43%)
strain_yWT03a: Clipping values above 15.00 (P95=10.00). Clipped 10602/347679 values (3.05%)
strain_yWT04a: Clipping values above 58.50 (P95=39.00). Clipped 21095/725406 values (2.91%)
strain_ylic137: Clipping values above 142.50 (P95=95.00). Clipped 28746/1112684 values (2.58%)
Standardizing features: ['Centr', 'Nucl']
Column order in final array (Dataset/Chrom split): ['Value', 'Nucleosome_Distance', 'Centromere_Distance', 'Value_Raw', 'Size_Factor']
Removing 0 empty data points out of 27424
Column order in final array (Dataset/Chrom split): ['Value', 'Nucleosome_Distance', 'Centromere_Distance', 'Value_Raw', 'Size_Factor']
Removing 0 empty data points out of 10328
Column order in final array (Dataset/Chrom split): ['Value', 'Nucleosome_Distance', 'Centromere_Distance', 'Value_Raw', 'Size_Factor']
Removing 0 empty data points out of 10608
Datasets created:
  Train: (27424, 2000, 5), Val: (10328, 2000, 5), Test: (10608, 2000, 5)

Randomly sampled 19545/27424 samples (71.3%)
Applied denoising with 15.0% masking
Applied denoising with 15.0% masking
Applied denoising with 15.0% masking
Epoch [1/70], Total Loss: 2.3058, NLL: 1.2133, Masked: 14.8482
Epoch [2/70], Total Loss: 2.0384, NLL: 1.0419, Masked: 13.5437
Epoch [3/70], Total Loss: 2.0104, NLL: 1.0165, Masked: 13.5083
Epoch [4/70], Total Loss: 2.0016, NLL: 1.0078, Masked: 13.5066
Epoch [5/70], Total Loss: 1.9990, NLL: 1.0049, Masked: 13.5104
Epoch [6/70], Total Loss: 1.9955, NLL: 1.0024, Masked: 13.4971
Epoch [7/70], Total Loss: 1.9917, NLL: 0.9988, Masked: 13.4945
Epoch [8/70], Total Loss: 1.9869, NLL: 0.9940, Masked: 13.4946
Epoch [9/70], Total Loss: 1.9786, NLL: 0.9869, Masked: 13.4783
Epoch [10/70], Total Loss: 1.9738, NLL: 0.9829, Masked: 13.4680
Epoch [11/70], Total Loss: 1.9705, NLL: 0.9787, Masked: 13.4802
Epoch [12/70], Total Loss: 1.9631, NLL: 0.9738, Masked: 13.4448
Epoch [13/70], Total Loss: 1.9555, NLL: 0.9684, Masked: 13.4155
Epoch [14/70], Total Loss: 1.9502, NLL: 0.9644, Masked: 13.3987
Epoch [15/70], Total Loss: 1.9477, NLL: 0.9618, Masked: 13.4002
Epoch [16/70], Total Loss: 1.9427, NLL: 0.9584, Masked: 13.3780
Epoch [17/70], Total Loss: 1.9396, NLL: 0.9548, Masked: 13.3846
Epoch [18/70], Total Loss: 1.9379, NLL: 0.9536, Masked: 13.3777
Epoch [19/70], Total Loss: 1.9336, NLL: 0.9518, Masked: 13.3430
Epoch [20/70], Total Loss: 1.9331, NLL: 0.9506, Masked: 13.3524
Epoch [21/70], Total Loss: 1.9297, NLL: 0.9482, Masked: 13.3393
Epoch [22/70], Total Loss: 1.9286, NLL: 0.9480, Masked: 13.3277
Epoch [23/70], Total Loss: 1.9255, NLL: 0.9459, Masked: 13.3134
Epoch [24/70], Total Loss: 1.9251, NLL: 0.9456, Masked: 13.3125
Epoch [25/70], Total Loss: 1.9228, NLL: 0.9447, Masked: 13.2934
Epoch [26/70], Total Loss: 1.9208, NLL: 0.9431, Masked: 13.2882
Epoch [27/70], Total Loss: 1.9198, NLL: 0.9425, Masked: 13.2818
Epoch [28/70], Total Loss: 1.9190, NLL: 0.9406, Masked: 13.2973
Epoch [29/70], Total Loss: 1.9172, NLL: 0.9405, Masked: 13.2747
Epoch [30/70], Total Loss: 1.9164, NLL: 0.9401, Masked: 13.2692
Epoch [31/70], Total Loss: 1.9152, NLL: 0.9394, Masked: 13.2612
Epoch [32/70], Total Loss: 1.9166, NLL: 0.9386, Masked: 13.2920
Epoch [33/70], Total Loss: 1.9124, NLL: 0.9380, Masked: 13.2440
Epoch [34/70], Total Loss: 1.9157, NLL: 0.9384, Masked: 13.2816
Epoch [35/70], Total Loss: 1.9094, NLL: 0.9368, Masked: 13.2178
Epoch [36/70], Total Loss: 1.9088, NLL: 0.9363, Masked: 13.2174
Epoch [37/70], Total Loss: 1.9086, NLL: 0.9353, Masked: 13.2291
Epoch [38/70], Total Loss: 1.9060, NLL: 0.9347, Masked: 13.2009
Epoch [39/70], Total Loss: 1.9069, NLL: 0.9346, Masked: 13.2141
Epoch [40/70], Total Loss: 1.9055, NLL: 0.9341, Masked: 13.2031
Epoch [41/70], Total Loss: 1.9029, NLL: 0.9318, Masked: 13.1983
Epoch [42/70], Total Loss: 1.9003, NLL: 0.9316, Masked: 13.1648
Epoch [43/70], Total Loss: 1.9068, NLL: 0.9309, Masked: 13.2640
Epoch [44/70], Total Loss: 1.9013, NLL: 0.9298, Masked: 13.2043
Epoch [45/70], Total Loss: 1.8971, NLL: 0.9300, Masked: 13.1446
Epoch [46/70], Total Loss: 1.8966, NLL: 0.9289, Masked: 13.1513
Epoch [47/70], Total Loss: 1.8982, NLL: 0.9291, Masked: 13.1706
Epoch [48/70], Total Loss: 1.8952, NLL: 0.9282, Masked: 13.1419
Epoch [49/70], Total Loss: 1.8959, NLL: 0.9283, Masked: 13.1510
Epoch [50/70], Total Loss: 1.8956, NLL: 0.9275, Masked: 13.1570
Epoch [51/70], Total Loss: 1.8930, NLL: 0.9280, Masked: 13.1156
Epoch [52/70], Total Loss: 1.8932, NLL: 0.9262, Masked: 13.1417
Epoch [53/70], Total Loss: 1.8885, NLL: 0.9249, Masked: 13.0954
Epoch [54/70], Total Loss: 1.8889, NLL: 0.9255, Masked: 13.0931
Epoch [55/70], Total Loss: 1.8914, NLL: 0.9258, Masked: 13.1240
Epoch [56/70], Total Loss: 1.8899, NLL: 0.9253, Masked: 13.1105
Epoch [57/70], Total Loss: 1.8883, NLL: 0.9244, Masked: 13.1006
Epoch [58/70], Total Loss: 1.8887, NLL: 0.9241, Masked: 13.1096
Epoch [59/70], Total Loss: 1.8873, NLL: 0.9243, Masked: 13.0878
Epoch [60/70], Total Loss: 1.8854, NLL: 0.9236, Masked: 13.0721
Epoch [61/70], Total Loss: 1.8857, NLL: 0.9241, Masked: 13.0701
Epoch [62/70], Total Loss: 1.8845, NLL: 0.9227, Masked: 13.0725
Epoch [63/70], Total Loss: 1.8846, NLL: 0.9232, Masked: 13.0674
Epoch [64/70], Total Loss: 1.8833, NLL: 0.9233, Masked: 13.0470
Epoch [65/70], Total Loss: 1.8816, NLL: 0.9223, Masked: 13.0386
Epoch [66/70], Total Loss: 1.8797, NLL: 0.9215, Masked: 13.0229
Epoch [67/70], Total Loss: 1.8798, NLL: 0.9213, Masked: 13.0276
Epoch [68/70], Total Loss: 1.8807, NLL: 0.9209, Masked: 13.0450
Epoch [69/70], Total Loss: 1.8812, NLL: 0.9208, Masked: 13.0519
Epoch [70/70], Total Loss: 1.8771, NLL: 0.9213, Masked: 12.9902

==================================================
EVALUATING ON TRAINING DATA
==================================================

==================================================
TEST RESULTS
==================================================
Total Loss: 1.863943
  - ZINB NLL: 0.914432
Total number of masked values: 965397
  - Number of values with pi >= 0.3: 864526
  - Number of values with pi < 0.3: 100871
  - Masked Reconstruction: 12.904839
Mean Absolute Error (MAE): 2.241877
R² Score: -0.005470
==================================================


==================================================
TEST RESULTS
==================================================
Total Loss: 1.991132
  - ZINB NLL: 0.978589
Total number of masked values: 506645
  - Number of values with pi >= 0.3: 458361
  - Number of values with pi < 0.3: 48284
  - Masked Reconstruction: 13.761505
Mean Absolute Error (MAE): 2.245192
R² Score: 0.002678
==================================================


>>> Optimizing zinb_nll on VALIDATION set: 0.978589
>>> Full validation metrics: {'total_loss': 1.99113197238015, 'zinb_nll': 0.9785894587185843, 'mae': 2.2451915740966797, 'r2': 0.002678215503692627, 'masked_loss': 13.76150549852414}

Iteration No: 55 ended. Search finished for the next optimal point.
Time taken: 754.4771
Function value obtained: 0.9786
Current minimum: 0.8551
Iteration No: 56 started. Searching for the next optimal point.

================================================================================
Trial with parameters:
  features: Centr_Nucl
  step_size: 1.0
  bin_size: 1
  sample_fraction: 0.9765424438760754
  moving_average: True
  first_layer_size_factor: 138
  num_layers: 1
  use_conv: True
  conv_channel: 128
  pool_size: 8
  kernel_size: 7
  epochs: 150
  batch_size: 128
  pi_threshold: 0.3
  learning_rate: 0.01
  dropout_rate: 0.025613187973681808
  masked_recon_weight: 0.0011508816146666384
  regularizer: none
  regularization_weight: 100.0
================================================================================

Creating datasets with:
  features: ['Centr', 'Nucl']
  bin_size: 1
  moving_average: True
  data_point_length: 2000 (from 2000)
  step_size: 2000 (from fraction 1.0)
  layers: [np.int64(2208)] (first=2208, num=1)
  stride: 1 (fixed), padding: same (fixed)


Clipping outliers using 95th percentile * 1.5...
strain_yTW001: Clipping values above 134.25 (P95=89.50). Clipped 27529/1193409 values (2.31%)
strain_FD: Clipping values above 71.92 (P95=47.94). Clipped 95791/4127807 values (2.32%)
strain_dnrp: Clipping values above 243.00 (P95=162.00). Clipped 25649/1119454 values (2.29%)
strain_yEK19: Clipping values above 77.10 (P95=51.40). Clipped 83713/3893623 values (2.15%)
strain_yEK23: Clipping values above 72.00 (P95=48.00). Clipped 86381/3558407 values (2.43%)
strain_yWT03a: Clipping values above 15.00 (P95=10.00). Clipped 10602/347679 values (3.05%)
strain_yWT04a: Clipping values above 58.50 (P95=39.00). Clipped 21095/725406 values (2.91%)
strain_ylic137: Clipping values above 142.50 (P95=95.00). Clipped 28746/1112684 values (2.58%)
Standardizing features: ['Centr', 'Nucl']
Column order in final array (Dataset/Chrom split): ['Value', 'Nucleosome_Distance', 'Centromere_Distance', 'Value_Raw', 'Size_Factor']
Removing 0 empty data points out of 27424
Column order in final array (Dataset/Chrom split): ['Value', 'Nucleosome_Distance', 'Centromere_Distance', 'Value_Raw', 'Size_Factor']
Removing 0 empty data points out of 10328
Column order in final array (Dataset/Chrom split): ['Value', 'Nucleosome_Distance', 'Centromere_Distance', 'Value_Raw', 'Size_Factor']
Removing 0 empty data points out of 10608
Datasets created:
  Train: (27424, 2000, 5), Val: (10328, 2000, 5), Test: (10608, 2000, 5)

Randomly sampled 26780/27424 samples (97.7%)
Applied denoising with 15.0% masking
Applied denoising with 15.0% masking
Applied denoising with 15.0% masking
Epoch [1/150], Total Loss: 3.5909, NLL: 3.5752, Masked: 13.6364
Epoch [2/150], Total Loss: 3.5983, NLL: 3.5828, Masked: 13.5208
Epoch [3/150], Total Loss: 3.5983, NLL: 3.5828, Masked: 13.5219
Epoch [4/150], Total Loss: 3.5984, NLL: 3.5828, Masked: 13.5316
Epoch [5/150], Total Loss: 3.5984, NLL: 3.5828, Masked: 13.5393
Epoch [6/150], Total Loss: 3.5984, NLL: 3.5828, Masked: 13.5320
Epoch [7/150], Total Loss: 3.5984, NLL: 3.5828, Masked: 13.5387
Epoch [8/150], Total Loss: 3.5984, NLL: 3.5828, Masked: 13.5255
Epoch [9/150], Total Loss: 3.5984, NLL: 3.5828, Masked: 13.5324
Epoch [10/150], Total Loss: 3.5984, NLL: 3.5828, Masked: 13.5275
Epoch [11/150], Total Loss: 3.5984, NLL: 3.5828, Masked: 13.5248
Epoch [12/150], Total Loss: 3.5984, NLL: 3.5828, Masked: 13.5260
Epoch [13/150], Total Loss: 3.5984, NLL: 3.5828, Masked: 13.5369
Epoch [14/150], Total Loss: 3.5984, NLL: 3.5828, Masked: 13.5310
Epoch [15/150], Total Loss: 3.5984, NLL: 3.5828, Masked: 13.5359
Epoch [16/150], Total Loss: 3.5984, NLL: 3.5828, Masked: 13.5367
Epoch [17/150], Total Loss: 3.5984, NLL: 3.5828, Masked: 13.5236
Epoch [18/150], Total Loss: 3.5984, NLL: 3.5828, Masked: 13.5253
Epoch [19/150], Total Loss: 3.5984, NLL: 3.5828, Masked: 13.5325
Epoch [20/150], Total Loss: 3.5984, NLL: 3.5828, Masked: 13.5271
Epoch [21/150], Total Loss: 3.5987, NLL: 3.5831, Masked: 13.5287
Epoch [22/150], Total Loss: 3.6006, NLL: 3.5850, Masked: 13.5248
Epoch [23/150], Total Loss: 3.6006, NLL: 3.5850, Masked: 13.5345
Epoch [24/150], Total Loss: 3.6006, NLL: 3.5850, Masked: 13.5272
Epoch [25/150], Total Loss: 3.6006, NLL: 3.5850, Masked: 13.5284
Epoch [26/150], Total Loss: 3.6006, NLL: 3.5850, Masked: 13.5241
Epoch [27/150], Total Loss: 3.6006, NLL: 3.5850, Masked: 13.5309
Epoch [28/150], Total Loss: 3.6006, NLL: 3.5850, Masked: 13.5340
Epoch [29/150], Total Loss: 3.6006, NLL: 3.5850, Masked: 13.5265
Epoch [30/150], Total Loss: 3.6006, NLL: 3.5850, Masked: 13.5273
Epoch [31/150], Total Loss: 3.6006, NLL: 3.5850, Masked: 13.5278
Epoch [32/150], Total Loss: 3.6006, NLL: 3.5850, Masked: 13.5419
Epoch [33/150], Total Loss: 3.6006, NLL: 3.5850, Masked: 13.5342
Epoch [34/150], Total Loss: 3.6006, NLL: 3.5850, Masked: 13.5340
Epoch [35/150], Total Loss: 3.6006, NLL: 3.5850, Masked: 13.5339
Epoch [36/150], Total Loss: 3.6006, NLL: 3.5850, Masked: 13.5312
Epoch [37/150], Total Loss: 3.6006, NLL: 3.5850, Masked: 13.5354
Epoch [38/150], Total Loss: 3.6006, NLL: 3.5850, Masked: 13.5350
Epoch [39/150], Total Loss: 3.6006, NLL: 3.5850, Masked: 13.5229
Epoch [40/150], Total Loss: 3.6006, NLL: 3.5850, Masked: 13.5331
Epoch [41/150], Total Loss: 3.6006, NLL: 3.5850, Masked: 13.5353
Epoch [42/150], Total Loss: 3.6006, NLL: 3.5850, Masked: 13.5278
Epoch [43/150], Total Loss: 3.6006, NLL: 3.5850, Masked: 13.5323
Epoch [44/150], Total Loss: 3.6006, NLL: 3.5850, Masked: 13.5283
Epoch [45/150], Total Loss: 3.6006, NLL: 3.5850, Masked: 13.5247
Epoch [46/150], Total Loss: 3.6006, NLL: 3.5850, Masked: 13.5178
Epoch [47/150], Total Loss: 3.6006, NLL: 3.5850, Masked: 13.5240
Epoch [48/150], Total Loss: 3.6006, NLL: 3.5850, Masked: 13.5376
Epoch [49/150], Total Loss: 3.6006, NLL: 3.5850, Masked: 13.5286
Epoch [50/150], Total Loss: 3.6006, NLL: 3.5850, Masked: 13.5304
Epoch [51/150], Total Loss: 3.6006, NLL: 3.5850, Masked: 13.5314
Epoch [52/150], Total Loss: 3.6006, NLL: 3.5850, Masked: 13.5353
Epoch [53/150], Total Loss: 3.6006, NLL: 3.5850, Masked: 13.5359
Epoch [54/150], Total Loss: 3.6006, NLL: 3.5850, Masked: 13.5312
Epoch [55/150], Total Loss: 3.6006, NLL: 3.5850, Masked: 13.5326
Epoch [56/150], Total Loss: 3.6006, NLL: 3.5850, Masked: 13.5316
Epoch [57/150], Total Loss: 3.6006, NLL: 3.5850, Masked: 13.5380
Epoch [58/150], Total Loss: 3.6006, NLL: 3.5850, Masked: 13.5285
Epoch [59/150], Total Loss: 3.6006, NLL: 3.5850, Masked: 13.5270
Epoch [60/150], Total Loss: 3.6006, NLL: 3.5850, Masked: 13.5296
Epoch [61/150], Total Loss: 3.6006, NLL: 3.5850, Masked: 13.5295
Epoch [62/150], Total Loss: 3.6006, NLL: 3.5850, Masked: 13.5349
Epoch [63/150], Total Loss: 3.6006, NLL: 3.5850, Masked: 13.5303
Epoch [64/150], Total Loss: 3.6006, NLL: 3.5850, Masked: 13.5310
Epoch [65/150], Total Loss: 3.6006, NLL: 3.5850, Masked: 13.5282
Epoch [66/150], Total Loss: 3.6006, NLL: 3.5850, Masked: 13.5241
Epoch [67/150], Total Loss: 3.6006, NLL: 3.5850, Masked: 13.5320
Epoch [68/150], Total Loss: 3.6006, NLL: 3.5850, Masked: 13.5300
Epoch [69/150], Total Loss: 3.6006, NLL: 3.5850, Masked: 13.5312
Epoch [70/150], Total Loss: 3.6006, NLL: 3.5850, Masked: 13.5291
Epoch [71/150], Total Loss: 3.6006, NLL: 3.5850, Masked: 13.5307
Epoch [72/150], Total Loss: 3.6006, NLL: 3.5850, Masked: 13.5346
Epoch [73/150], Total Loss: 3.6006, NLL: 3.5850, Masked: 13.5329
Epoch [74/150], Total Loss: 3.6006, NLL: 3.5850, Masked: 13.5361
Epoch [75/150], Total Loss: 3.6006, NLL: 3.5850, Masked: 13.5355
Epoch [76/150], Total Loss: 3.6006, NLL: 3.5850, Masked: 13.5306
Epoch [77/150], Total Loss: 3.6006, NLL: 3.5850, Masked: 13.5314
Epoch [78/150], Total Loss: 3.6006, NLL: 3.5850, Masked: 13.5383
Epoch [79/150], Total Loss: 3.6006, NLL: 3.5850, Masked: 13.5334
Epoch [80/150], Total Loss: 3.6006, NLL: 3.5850, Masked: 13.5283
Epoch [81/150], Total Loss: 3.6006, NLL: 3.5850, Masked: 13.5347
Epoch [82/150], Total Loss: 3.6006, NLL: 3.5850, Masked: 13.5301
Epoch [83/150], Total Loss: 3.6006, NLL: 3.5850, Masked: 13.5296
Epoch [84/150], Total Loss: 3.6006, NLL: 3.5850, Masked: 13.5278
Epoch [85/150], Total Loss: 3.6006, NLL: 3.5850, Masked: 13.5335
Epoch [86/150], Total Loss: 3.6006, NLL: 3.5850, Masked: 13.5328
Epoch [87/150], Total Loss: 3.6006, NLL: 3.5850, Masked: 13.5230
Epoch [88/150], Total Loss: 3.6006, NLL: 3.5850, Masked: 13.5357
Epoch [89/150], Total Loss: 3.6006, NLL: 3.5850, Masked: 13.5296
Epoch [90/150], Total Loss: 3.6006, NLL: 3.5850, Masked: 13.5282
Epoch [91/150], Total Loss: 3.6006, NLL: 3.5850, Masked: 13.5216
Epoch [92/150], Total Loss: 3.6006, NLL: 3.5850, Masked: 13.5282
Epoch [93/150], Total Loss: 3.6006, NLL: 3.5850, Masked: 13.5280
Epoch [94/150], Total Loss: 3.6006, NLL: 3.5850, Masked: 13.5294
Epoch [95/150], Total Loss: 3.6006, NLL: 3.5850, Masked: 13.5306
Epoch [96/150], Total Loss: 3.6006, NLL: 3.5850, Masked: 13.5380
Epoch [97/150], Total Loss: 3.6006, NLL: 3.5850, Masked: 13.5468
Epoch [98/150], Total Loss: 3.6006, NLL: 3.5850, Masked: 13.5174
Epoch [99/150], Total Loss: 3.6006, NLL: 3.5850, Masked: 13.5304
Epoch [100/150], Total Loss: 3.6006, NLL: 3.5850, Masked: 13.5312
Epoch [101/150], Total Loss: 3.6006, NLL: 3.5850, Masked: 13.5363
Epoch [102/150], Total Loss: 3.6006, NLL: 3.5850, Masked: 13.5314
Epoch [103/150], Total Loss: 3.6006, NLL: 3.5850, Masked: 13.5181
Epoch [104/150], Total Loss: 3.6006, NLL: 3.5850, Masked: 13.5282
Epoch [105/150], Total Loss: 3.6006, NLL: 3.5850, Masked: 13.5335
Epoch [106/150], Total Loss: 3.6006, NLL: 3.5850, Masked: 13.5386
Epoch [107/150], Total Loss: 3.6006, NLL: 3.5850, Masked: 13.5290
Epoch [108/150], Total Loss: 3.6006, NLL: 3.5850, Masked: 13.5336
Epoch [109/150], Total Loss: 3.6006, NLL: 3.5850, Masked: 13.5214
Epoch [110/150], Total Loss: 3.6006, NLL: 3.5850, Masked: 13.5279
Epoch [111/150], Total Loss: 3.6006, NLL: 3.5850, Masked: 13.5266
Epoch [112/150], Total Loss: 3.6006, NLL: 3.5850, Masked: 13.5296
Epoch [113/150], Total Loss: 3.6006, NLL: 3.5850, Masked: 13.5320
Epoch [114/150], Total Loss: 3.6006, NLL: 3.5850, Masked: 13.5336
Epoch [115/150], Total Loss: 3.6006, NLL: 3.5850, Masked: 13.5284
Epoch [116/150], Total Loss: 3.6006, NLL: 3.5850, Masked: 13.5339
Epoch [117/150], Total Loss: 3.6006, NLL: 3.5850, Masked: 13.5270
Epoch [118/150], Total Loss: 3.6006, NLL: 3.5850, Masked: 13.5336
Epoch [119/150], Total Loss: 3.6006, NLL: 3.5850, Masked: 13.5405
Epoch [120/150], Total Loss: 3.6006, NLL: 3.5850, Masked: 13.5372
Epoch [121/150], Total Loss: 3.6006, NLL: 3.5850, Masked: 13.5376
Epoch [122/150], Total Loss: 3.6006, NLL: 3.5850, Masked: 13.5340
Epoch [123/150], Total Loss: 3.6006, NLL: 3.5850, Masked: 13.5389
Epoch [124/150], Total Loss: 3.6006, NLL: 3.5850, Masked: 13.5246
Epoch [125/150], Total Loss: 3.6006, NLL: 3.5850, Masked: 13.5326
Epoch [126/150], Total Loss: 3.6006, NLL: 3.5850, Masked: 13.5247
Epoch [127/150], Total Loss: 3.6006, NLL: 3.5850, Masked: 13.5340
Epoch [128/150], Total Loss: 3.6006, NLL: 3.5850, Masked: 13.5329
Epoch [129/150], Total Loss: 3.6006, NLL: 3.5850, Masked: 13.5294
Epoch [130/150], Total Loss: 3.6006, NLL: 3.5850, Masked: 13.5225
Epoch [131/150], Total Loss: 3.6006, NLL: 3.5850, Masked: 13.5273
Epoch [132/150], Total Loss: 3.6006, NLL: 3.5850, Masked: 13.5363
Epoch [133/150], Total Loss: 3.6006, NLL: 3.5850, Masked: 13.5281
Epoch [134/150], Total Loss: 3.6006, NLL: 3.5850, Masked: 13.5391
Epoch [135/150], Total Loss: 3.6006, NLL: 3.5850, Masked: 13.5276
Epoch [136/150], Total Loss: 3.6006, NLL: 3.5850, Masked: 13.5280
Epoch [137/150], Total Loss: 3.6006, NLL: 3.5850, Masked: 13.5240
Epoch [138/150], Total Loss: 3.6006, NLL: 3.5850, Masked: 13.5289
Epoch [139/150], Total Loss: 3.6006, NLL: 3.5850, Masked: 13.5243
Epoch [140/150], Total Loss: 3.6006, NLL: 3.5850, Masked: 13.5293
Epoch [141/150], Total Loss: 3.6006, NLL: 3.5850, Masked: 13.5288
Epoch [142/150], Total Loss: 3.6006, NLL: 3.5850, Masked: 13.5226
Epoch [143/150], Total Loss: 3.6006, NLL: 3.5850, Masked: 13.5249
Epoch [144/150], Total Loss: 3.6006, NLL: 3.5850, Masked: 13.5178
Epoch [145/150], Total Loss: 3.6006, NLL: 3.5850, Masked: 13.5326
Epoch [146/150], Total Loss: 3.6006, NLL: 3.5850, Masked: 13.5240
Epoch [147/150], Total Loss: 3.6006, NLL: 3.5850, Masked: 13.5339
Epoch [148/150], Total Loss: 3.6006, NLL: 3.5850, Masked: 13.5241
Epoch [149/150], Total Loss: 3.6006, NLL: 3.5850, Masked: 13.5385
Epoch [150/150], Total Loss: 3.6006, NLL: 3.5850, Masked: 13.5284

==================================================
EVALUATING ON TRAINING DATA
==================================================

==================================================
TEST RESULTS
==================================================
Total Loss: 3.600589
  - ZINB NLL: 3.585000
Total number of masked values: 1318817
  - Number of values with pi >= 0.3: 1318817
  - Number of values with pi < 0.3: 0
  - Masked Reconstruction: 13.545310
Mean Absolute Error (MAE): 2.237837
R² Score: -0.042027
==================================================


==================================================
TEST RESULTS
==================================================
Total Loss: 3.561811
  - ZINB NLL: 3.545623
Total number of masked values: 506645
  - Number of values with pi >= 0.3: 506645
  - Number of values with pi < 0.3: 0
  - Masked Reconstruction: 14.065486
Mean Absolute Error (MAE): 2.193581
R² Score: -0.041837
==================================================


>>> Optimizing zinb_nll on VALIDATION set: 3.545623
>>> Full validation metrics: {'total_loss': 3.561810847403558, 'zinb_nll': 3.5456231359730017, 'mae': 2.1935808658599854, 'r2': -0.04183697700500488, 'masked_loss': 14.065485853081428}

Iteration No: 56 ended. Search finished for the next optimal point.
Time taken: 1347.9820
Function value obtained: 3.5456
Current minimum: 0.8551
Iteration No: 57 started. Searching for the next optimal point.

================================================================================
Trial with parameters:
  features: Centr
  step_size: 0.6204765472400613
  bin_size: 1
  sample_fraction: 0.6420221761748547
  moving_average: True
  first_layer_size_factor: 115
  num_layers: 2
  use_conv: True
  conv_channel: 94
  pool_size: 2
  kernel_size: 5
  epochs: 35
  batch_size: 128
  pi_threshold: 0.4866663959797009
  learning_rate: 4.411916489451374e-05
  dropout_rate: 0.10179688184203738
  masked_recon_weight: 1.354420986326666
  regularizer: none
  regularization_weight: 96.33789010240059
================================================================================

Creating datasets with:
  features: ['Centr']
  bin_size: 1
  moving_average: True
  data_point_length: 2000 (from 2000)
  step_size: 1240 (from fraction 0.6204765472400613)
  layers: [np.int64(1840), np.int64(920)] (first=1840, num=2)
  stride: 1 (fixed), padding: same (fixed)


Clipping outliers using 95th percentile * 1.5...
strain_yTW001: Clipping values above 134.25 (P95=89.50). Clipped 27529/1193409 values (2.31%)
strain_FD: Clipping values above 71.92 (P95=47.94). Clipped 95791/4127807 values (2.32%)
strain_dnrp: Clipping values above 243.00 (P95=162.00). Clipped 25649/1119454 values (2.29%)
strain_yEK19: Clipping values above 77.10 (P95=51.40). Clipped 83713/3893623 values (2.15%)
strain_yEK23: Clipping values above 72.00 (P95=48.00). Clipped 86381/3558407 values (2.43%)
strain_yWT03a: Clipping values above 15.00 (P95=10.00). Clipped 10602/347679 values (3.05%)
strain_yWT04a: Clipping values above 58.50 (P95=39.00). Clipped 21095/725406 values (2.91%)
strain_ylic137: Clipping values above 142.50 (P95=95.00). Clipped 28746/1112684 values (2.58%)
Standardizing features: ['Centr']
Column order in final array (Dataset/Chrom split): ['Value', 'Centromere_Distance', 'Value_Raw', 'Size_Factor']
Removing 0 empty data points out of 44152
Column order in final array (Dataset/Chrom split): ['Value', 'Centromere_Distance', 'Value_Raw', 'Size_Factor']
Removing 0 empty data points out of 16632
Column order in final array (Dataset/Chrom split): ['Value', 'Centromere_Distance', 'Value_Raw', 'Size_Factor']
Removing 0 empty data points out of 17080
Datasets created:
  Train: (44152, 2000, 4), Val: (16632, 2000, 4), Test: (17080, 2000, 4)

Randomly sampled 28346/44152 samples (64.2%)
Applied denoising with 15.0% masking
Applied denoising with 15.0% masking
Applied denoising with 15.0% masking
Epoch [1/35], Total Loss: 20.3867, NLL: 1.1875, Masked: 14.1752
Epoch [2/35], Total Loss: 19.3143, NLL: 1.0240, Masked: 13.5041
Epoch [3/35], Total Loss: 19.2963, NLL: 1.0246, Masked: 13.4905
Epoch [4/35], Total Loss: 19.2503, NLL: 1.0184, Masked: 13.4611
Epoch [5/35], Total Loss: 19.1706, NLL: 1.0161, Masked: 13.4039
Epoch [6/35], Total Loss: 18.8976, NLL: 1.0292, Masked: 13.1926
Epoch [7/35], Total Loss: 18.7655, NLL: 1.0228, Masked: 13.0998
Epoch [8/35], Total Loss: 18.6392, NLL: 0.9994, Masked: 13.0238
Epoch [9/35], Total Loss: 18.5889, NLL: 0.9852, Masked: 12.9972
Epoch [10/35], Total Loss: 18.5388, NLL: 0.9861, Masked: 12.9596
Epoch [11/35], Total Loss: 18.4276, NLL: 0.9752, Masked: 12.8855
Epoch [12/35], Total Loss: 18.3580, NLL: 0.9701, Masked: 12.8379
Epoch [13/35], Total Loss: 18.2918, NLL: 0.9708, Masked: 12.7885
Epoch [14/35], Total Loss: 18.2223, NLL: 0.9637, Masked: 12.7424
Epoch [15/35], Total Loss: 18.1517, NLL: 0.9644, Masked: 12.6897
Epoch [16/35], Total Loss: 18.1084, NLL: 0.9594, Masked: 12.6615
Epoch [17/35], Total Loss: 18.0444, NLL: 0.9626, Masked: 12.6119
Epoch [18/35], Total Loss: 18.0175, NLL: 0.9610, Masked: 12.5932
Epoch [19/35], Total Loss: 17.9692, NLL: 0.9560, Masked: 12.5612
Epoch [20/35], Total Loss: 17.9248, NLL: 0.9558, Masked: 12.5286
Epoch [21/35], Total Loss: 17.8799, NLL: 0.9525, Masked: 12.4979
Epoch [22/35], Total Loss: 17.8368, NLL: 0.9540, Masked: 12.4650
Epoch [23/35], Total Loss: 17.7836, NLL: 0.9518, Masked: 12.4272
Epoch [24/35], Total Loss: 17.7365, NLL: 0.9525, Masked: 12.3920
Epoch [25/35], Total Loss: 17.7191, NLL: 0.9518, Masked: 12.3797
Epoch [26/35], Total Loss: 17.6781, NLL: 0.9508, Masked: 12.3501
Epoch [27/35], Total Loss: 17.6199, NLL: 0.9503, Masked: 12.3075
Epoch [28/35], Total Loss: 17.5641, NLL: 0.9496, Masked: 12.2668
Epoch [29/35], Total Loss: 17.5115, NLL: 0.9479, Masked: 12.2293
Epoch [30/35], Total Loss: 17.4555, NLL: 0.9476, Masked: 12.1881
Epoch [31/35], Total Loss: 17.4406, NLL: 0.9500, Masked: 12.1754
Epoch [32/35], Total Loss: 17.3959, NLL: 0.9474, Masked: 12.1443
Epoch [33/35], Total Loss: 17.3740, NLL: 0.9472, Masked: 12.1283
Epoch [34/35], Total Loss: 17.2984, NLL: 0.9474, Masked: 12.0723
Epoch [35/35], Total Loss: 17.2539, NLL: 0.9466, Masked: 12.0401

==================================================
EVALUATING ON TRAINING DATA
==================================================

==================================================
TEST RESULTS
==================================================
Total Loss: 17.080711
  - ZINB NLL: 0.931077
Total number of masked values: 1395114
  - Number of values with pi >= 0.4866663959797009: 919849
  - Number of values with pi < 0.4866663959797009: 475265
  - Masked Reconstruction: 11.923644
Mean Absolute Error (MAE): 2.480961
R² Score: 0.027335
==================================================


==================================================
TEST RESULTS
==================================================
Total Loss: 19.317375
  - ZINB NLL: 0.928631
Total number of masked values: 815632
  - Number of values with pi >= 0.4866663959797009: 539446
  - Number of values with pi < 0.4866663959797009: 276186
  - Masked Reconstruction: 13.576830
Mean Absolute Error (MAE): 2.502491
R² Score: 0.000639
==================================================


>>> Optimizing zinb_nll on VALIDATION set: 0.928631
>>> Full validation metrics: {'total_loss': 19.317374629891795, 'zinb_nll': 0.9286311675058414, 'mae': 2.5024912357330322, 'r2': 0.0006390810012817383, 'masked_loss': 13.576829656148657}

Iteration No: 57 ended. Search finished for the next optimal point.
Time taken: 897.6347
Function value obtained: 0.9286
Current minimum: 0.8551
Iteration No: 58 started. Searching for the next optimal point.

================================================================================
Trial with parameters:
  features: Centr_Nucl
  step_size: 0.5896585129819294
  bin_size: 1
  sample_fraction: 0.6822817906625782
  moving_average: True
  first_layer_size_factor: 150
  num_layers: 3
  use_conv: True
  conv_channel: 112
  pool_size: 4
  kernel_size: 7
  epochs: 74
  batch_size: 32
  pi_threshold: 0.7
  learning_rate: 2.4598617318615978e-05
  dropout_rate: 0.47293666888612484
  masked_recon_weight: 8.073068490604438
  regularizer: none
  regularization_weight: 16.023931411811482
================================================================================

Creating datasets with:
  features: ['Centr', 'Nucl']
  bin_size: 1
  moving_average: True
  data_point_length: 2000 (from 2000)
  step_size: 1179 (from fraction 0.5896585129819294)
  layers: [np.int64(2400), np.int64(1200), np.int64(600)] (first=2400, num=3)
  stride: 1 (fixed), padding: same (fixed)


Clipping outliers using 95th percentile * 1.5...
strain_yTW001: Clipping values above 134.25 (P95=89.50). Clipped 27529/1193409 values (2.31%)
strain_FD: Clipping values above 71.92 (P95=47.94). Clipped 95791/4127807 values (2.32%)
strain_dnrp: Clipping values above 243.00 (P95=162.00). Clipped 25649/1119454 values (2.29%)
strain_yEK19: Clipping values above 77.10 (P95=51.40). Clipped 83713/3893623 values (2.15%)
strain_yEK23: Clipping values above 72.00 (P95=48.00). Clipped 86381/3558407 values (2.43%)
strain_yWT03a: Clipping values above 15.00 (P95=10.00). Clipped 10602/347679 values (3.05%)
strain_yWT04a: Clipping values above 58.50 (P95=39.00). Clipped 21095/725406 values (2.91%)
strain_ylic137: Clipping values above 142.50 (P95=95.00). Clipped 28746/1112684 values (2.58%)
Standardizing features: ['Centr', 'Nucl']
Column order in final array (Dataset/Chrom split): ['Value', 'Nucleosome_Distance', 'Centromere_Distance', 'Value_Raw', 'Size_Factor']
Removing 0 empty data points out of 46424
Column order in final array (Dataset/Chrom split): ['Value', 'Nucleosome_Distance', 'Centromere_Distance', 'Value_Raw', 'Size_Factor']
Removing 0 empty data points out of 17488
Column order in final array (Dataset/Chrom split): ['Value', 'Nucleosome_Distance', 'Centromere_Distance', 'Value_Raw', 'Size_Factor']
Removing 0 empty data points out of 17960
Datasets created:
  Train: (46424, 2000, 5), Val: (17488, 2000, 5), Test: (17960, 2000, 5)

Randomly sampled 31674/46424 samples (68.2%)
Applied denoising with 15.0% masking
Applied denoising with 15.0% masking
Applied denoising with 15.0% masking
Epoch [1/74], Total Loss: 109.5022, NLL: 1.3661, Masked: 13.3947
Epoch [2/74], Total Loss: 103.4483, NLL: 1.2006, Masked: 12.6653
Epoch [3/74], Total Loss: 103.3555, NLL: 1.1895, Masked: 12.6552
Epoch [4/74], Total Loss: 103.3131, NLL: 1.1871, Masked: 12.6502
Epoch [5/74], Total Loss: 103.4034, NLL: 1.1836, Masked: 12.6618
Epoch [6/74], Total Loss: 103.3552, NLL: 1.1788, Masked: 12.6565
Epoch [7/74], Total Loss: 103.4230, NLL: 1.1795, Masked: 12.6648
Epoch [8/74], Total Loss: 103.4426, NLL: 1.1772, Masked: 12.6675
Epoch [9/74], Total Loss: 103.6211, NLL: 1.1763, Masked: 12.6897
Epoch [10/74], Total Loss: 103.6606, NLL: 1.1735, Masked: 12.6949
Epoch [11/74], Total Loss: 103.7772, NLL: 1.1705, Masked: 12.7097
Epoch [12/74], Total Loss: 103.6006, NLL: 1.1777, Masked: 12.6870
Epoch [13/74], Total Loss: 103.7924, NLL: 1.1716, Masked: 12.7115
Epoch [14/74], Total Loss: 104.0305, NLL: 1.1681, Masked: 12.7414
Epoch [15/74], Total Loss: 103.8656, NLL: 1.1668, Masked: 12.7212
Epoch [16/74], Total Loss: 103.8828, NLL: 1.1716, Masked: 12.7227
Epoch [17/74], Total Loss: 103.7994, NLL: 1.1695, Masked: 12.7126
Epoch [18/74], Total Loss: 103.8042, NLL: 1.1665, Masked: 12.7136
Epoch [19/74], Total Loss: 103.7704, NLL: 1.1538, Masked: 12.7110
Epoch [20/74], Total Loss: 103.9417, NLL: 1.1485, Masked: 12.7329
Epoch [21/74], Total Loss: 103.8388, NLL: 1.1372, Masked: 12.7215
Epoch [22/74], Total Loss: 103.8937, NLL: 1.1307, Masked: 12.7291
Epoch [23/74], Total Loss: 103.8371, NLL: 1.1278, Masked: 12.7225
Epoch [24/74], Total Loss: 103.6147, NLL: 1.1273, Masked: 12.6950
Epoch [25/74], Total Loss: 103.5056, NLL: 1.1208, Masked: 12.6823
Epoch [26/74], Total Loss: 103.3171, NLL: 1.1235, Masked: 12.6586
Epoch [27/74], Total Loss: 103.0116, NLL: 1.1185, Masked: 12.6214
Epoch [28/74], Total Loss: 102.9692, NLL: 1.1137, Masked: 12.6167
Epoch [29/74], Total Loss: 102.7986, NLL: 1.1084, Masked: 12.5962
Epoch [30/74], Total Loss: 102.4344, NLL: 1.1121, Masked: 12.5506
Epoch [31/74], Total Loss: 102.6065, NLL: 1.1039, Masked: 12.5730
Epoch [32/74], Total Loss: 102.0907, NLL: 1.0982, Masked: 12.5098
Epoch [33/74], Total Loss: 101.9363, NLL: 1.0960, Masked: 12.4909
Epoch [34/74], Total Loss: 101.9734, NLL: 1.0908, Masked: 12.4962
Epoch [35/74], Total Loss: 101.7482, NLL: 1.0837, Masked: 12.4692
Epoch [36/74], Total Loss: 101.5913, NLL: 1.0810, Masked: 12.4501
Epoch [37/74], Total Loss: 100.8643, NLL: 1.0755, Masked: 12.3607
Epoch [38/74], Total Loss: 101.7390, NLL: 1.0739, Masked: 12.4693
Epoch [39/74], Total Loss: 100.7554, NLL: 1.0677, Masked: 12.3482
Epoch [40/74], Total Loss: 100.8199, NLL: 1.0667, Masked: 12.3563
Epoch [41/74], Total Loss: 100.3620, NLL: 1.0648, Masked: 12.2998
Epoch [42/74], Total Loss: 100.2414, NLL: 1.0611, Masked: 12.2853
Epoch [43/74], Total Loss: 101.2141, NLL: 1.0601, Masked: 12.4059
Epoch [44/74], Total Loss: 100.3150, NLL: 1.0575, Masked: 12.2949
Epoch [45/74], Total Loss: 100.6192, NLL: 1.0557, Masked: 12.3328
Epoch [46/74], Total Loss: 100.0007, NLL: 1.0535, Masked: 12.2565
Epoch [47/74], Total Loss: 100.0292, NLL: 1.0491, Masked: 12.2605
Epoch [48/74], Total Loss: 99.9234, NLL: 1.0478, Masked: 12.2476
Epoch [49/74], Total Loss: 99.7142, NLL: 1.0446, Masked: 12.2221
Epoch [50/74], Total Loss: 99.8081, NLL: 1.0424, Masked: 12.2340
Epoch [51/74], Total Loss: 99.6250, NLL: 1.0399, Masked: 12.2116
Epoch [52/74], Total Loss: 99.6669, NLL: 1.0386, Masked: 12.2169
Epoch [53/74], Total Loss: 99.4069, NLL: 1.0375, Masked: 12.1849
Epoch [54/74], Total Loss: 99.5572, NLL: 1.0354, Masked: 12.2038
Epoch [55/74], Total Loss: 99.3391, NLL: 1.0319, Masked: 12.1772
Epoch [56/74], Total Loss: 99.3541, NLL: 1.0295, Masked: 12.1793
Epoch [57/74], Total Loss: 99.5868, NLL: 1.0310, Masked: 12.2080
Epoch [58/74], Total Loss: 99.2346, NLL: 1.0294, Masked: 12.1646
Epoch [59/74], Total Loss: 99.3388, NLL: 1.0280, Masked: 12.1776
Epoch [60/74], Total Loss: 99.2545, NLL: 1.0231, Masked: 12.1678
Epoch [61/74], Total Loss: 99.0744, NLL: 1.0220, Masked: 12.1456
Epoch [62/74], Total Loss: 99.0020, NLL: 1.0200, Masked: 12.1369
Epoch [63/74], Total Loss: 98.9491, NLL: 1.0182, Masked: 12.1306
Epoch [64/74], Total Loss: 98.9131, NLL: 1.0197, Masked: 12.1259
Epoch [65/74], Total Loss: 98.6932, NLL: 1.0147, Masked: 12.0993
Epoch [66/74], Total Loss: 98.6667, NLL: 1.0146, Masked: 12.0960
Epoch [67/74], Total Loss: 98.5996, NLL: 1.0125, Masked: 12.0880
Epoch [68/74], Total Loss: 98.5980, NLL: 1.0117, Masked: 12.0879
Epoch [69/74], Total Loss: 98.3919, NLL: 1.0102, Masked: 12.0625
Epoch [70/74], Total Loss: 98.2733, NLL: 1.0113, Masked: 12.0477
Epoch [71/74], Total Loss: 98.4000, NLL: 1.0092, Masked: 12.0637
Epoch [72/74], Total Loss: 98.3203, NLL: 1.0100, Masked: 12.0537
Epoch [73/74], Total Loss: 98.1912, NLL: 1.0069, Masked: 12.0381
Epoch [74/74], Total Loss: 98.1691, NLL: 1.0073, Masked: 12.0353

==================================================
EVALUATING ON TRAINING DATA
==================================================

==================================================
TEST RESULTS
==================================================
Total Loss: 95.781645
  - ZINB NLL: 0.970083
Total number of masked values: 1548357
  - Number of values with pi >= 0.7: 327263
  - Number of values with pi < 0.7: 1221094
  - Masked Reconstruction: 11.744179
Mean Absolute Error (MAE): 4.056538
R² Score: -0.065029
==================================================


==================================================
TEST RESULTS
==================================================
Total Loss: 106.967863
  - ZINB NLL: 0.965296
Total number of masked values: 855802
  - Number of values with pi >= 0.7: 178272
  - Number of values with pi < 0.7: 677530
  - Masked Reconstruction: 13.130394
Mean Absolute Error (MAE): 4.017057
R² Score: -0.048169
==================================================


>>> Optimizing zinb_nll on VALIDATION set: 0.965296
>>> Full validation metrics: {'total_loss': 106.9678634441128, 'zinb_nll': 0.9652956883403433, 'mae': 4.017056941986084, 'r2': -0.04816901683807373, 'masked_loss': 13.130393558756976}

Iteration No: 58 ended. Search finished for the next optimal point.
Time taken: 2868.7045
Function value obtained: 0.9653
Current minimum: 0.8551
Iteration No: 59 started. Searching for the next optimal point.

================================================================================
Trial with parameters:
  features: Nucl
  step_size: 0.25
  bin_size: 1
  sample_fraction: 0.7106328270061772
  moving_average: True
  first_layer_size_factor: 50
  num_layers: 2
  use_conv: True
  conv_channel: 62
  pool_size: 2
  kernel_size: 5
  epochs: 30
  batch_size: 32
  pi_threshold: 0.7
  learning_rate: 0.0008627201281197353
  dropout_rate: 0.5
  masked_recon_weight: 0.91883995187523
  regularizer: none
  regularization_weight: 100.0
================================================================================

Creating datasets with:
  features: ['Nucl']
  bin_size: 1
  moving_average: True
  data_point_length: 2000 (from 2000)
  step_size: 500 (from fraction 0.25)
  layers: [np.int64(800), np.int64(400)] (first=800, num=2)
  stride: 1 (fixed), padding: same (fixed)


Clipping outliers using 95th percentile * 1.5...
strain_yTW001: Clipping values above 134.25 (P95=89.50). Clipped 27529/1193409 values (2.31%)
strain_FD: Clipping values above 71.92 (P95=47.94). Clipped 95791/4127807 values (2.32%)
strain_dnrp: Clipping values above 243.00 (P95=162.00). Clipped 25649/1119454 values (2.29%)
strain_yEK19: Clipping values above 77.10 (P95=51.40). Clipped 83713/3893623 values (2.15%)
strain_yEK23: Clipping values above 72.00 (P95=48.00). Clipped 86381/3558407 values (2.43%)
strain_yWT03a: Clipping values above 15.00 (P95=10.00). Clipped 10602/347679 values (3.05%)
strain_yWT04a: Clipping values above 58.50 (P95=39.00). Clipped 21095/725406 values (2.91%)
strain_ylic137: Clipping values above 142.50 (P95=95.00). Clipped 28746/1112684 values (2.58%)
Standardizing features: ['Nucl']
Column order in final array (Dataset/Chrom split): ['Value', 'Nucleosome_Distance', 'Value_Raw', 'Size_Factor']
Removing 0 empty data points out of 109344
Column order in final array (Dataset/Chrom split): ['Value', 'Nucleosome_Distance', 'Value_Raw', 'Size_Factor']
Removing 0 empty data points out of 41184
Column order in final array (Dataset/Chrom split): ['Value', 'Nucleosome_Distance', 'Value_Raw', 'Size_Factor']
Removing 0 empty data points out of 42288
Datasets created:
  Train: (109344, 2000, 4), Val: (41184, 2000, 4), Test: (42288, 2000, 4)

Randomly sampled 77703/109344 samples (71.1%)
Applied denoising with 15.0% masking
Applied denoising with 15.0% masking
Applied denoising with 15.0% masking
Epoch [1/30], Total Loss: 13.1503, NLL: 1.1436, Masked: 13.0672
Epoch [2/30], Total Loss: 13.4964, NLL: 1.0296, Masked: 13.5680
Epoch [3/30], Total Loss: 12.5227, NLL: 1.0219, Masked: 12.5167
Epoch [4/30], Total Loss: 12.4363, NLL: 1.0139, Masked: 12.4313
Epoch [5/30], Total Loss: 12.4384, NLL: 1.0083, Masked: 12.4398
Epoch [6/30], Total Loss: 12.4934, NLL: 1.0062, Masked: 12.5018
Epoch [7/30], Total Loss: 12.4190, NLL: 1.0024, Masked: 12.4250
Epoch [8/30], Total Loss: 12.5060, NLL: 1.0006, Masked: 12.5217
Epoch [9/30], Total Loss: 12.3750, NLL: 0.9980, Masked: 12.3819
Epoch [10/30], Total Loss: 12.4088, NLL: 0.9959, Masked: 12.4210
Epoch [11/30], Total Loss: 12.5335, NLL: 0.9920, Masked: 12.5609
Epoch [12/30], Total Loss: 12.4193, NLL: 0.9905, Masked: 12.4383
Epoch [13/30], Total Loss: 12.4463, NLL: 0.9892, Masked: 12.4690
Epoch [14/30], Total Loss: 12.3438, NLL: 0.9880, Masked: 12.3588
Epoch [15/30], Total Loss: 132.9982, NLL: 0.9871, Masked: 143.6715
Epoch [16/30], Total Loss: 3763.6413, NLL: 0.9864, Masked: 4095.0057
Epoch [17/30], Total Loss: 12.4026, NLL: 0.9853, Masked: 12.4258
Epoch [18/30], Total Loss: 1136.5529, NLL: 0.9845, Masked: 1235.8719
Epoch [19/30], Total Loss: 27.2442, NLL: 0.9842, Masked: 28.5795
Epoch [20/30], Total Loss: 13.0282, NLL: 0.9834, Masked: 13.1087
Epoch [21/30], Total Loss: 12.4835, NLL: 0.9823, Masked: 12.5171
Epoch [22/30], Total Loss: 22.4860, NLL: 0.9834, Masked: 23.4020
Epoch [23/30], Total Loss: 12.5566, NLL: 0.9819, Masked: 12.5971
Epoch [24/30], Total Loss: 144.0040, NLL: 0.9818, Masked: 155.6552
Epoch [25/30], Total Loss: 12.8265, NLL: 0.9824, Masked: 12.8904
Epoch [26/30], Total Loss: 24.7852, NLL: 0.9810, Masked: 25.9067
Epoch [27/30], Total Loss: 1370.4747, NLL: 0.9805, Masked: 1490.4600
Epoch [28/30], Total Loss: 288.8118, NLL: 0.9802, Masked: 313.2555
Epoch [29/30], Total Loss: 13.5020, NLL: 0.9793, Masked: 13.6289
Epoch [30/30], Total Loss: 507.4798, NLL: 0.9797, Masked: 551.2386

==================================================
EVALUATING ON TRAINING DATA
==================================================

==================================================
TEST RESULTS
==================================================
Total Loss: 12.110633
  - ZINB NLL: 0.957227
Total number of masked values: 3819376
  - Number of values with pi >= 0.7: 1418296
  - Number of values with pi < 0.7: 2401080
  - Masked Reconstruction: 12.138574
Mean Absolute Error (MAE): 2.750941
R² Score: 0.039380
==================================================


==================================================
TEST RESULTS
==================================================
Total Loss: 13.336016
  - ZINB NLL: 0.949320
Total number of masked values: 2016241
  - Number of values with pi >= 0.7: 752361
  - Number of values with pi < 0.7: 1263880
  - Masked Reconstruction: 13.480799
Mean Absolute Error (MAE): 2.718583
R² Score: 0.032958
==================================================


>>> Optimizing zinb_nll on VALIDATION set: 0.949320
>>> Full validation metrics: {'total_loss': 13.336016182669763, 'zinb_nll': 0.9493197001337357, 'mae': 2.71858286857605, 'r2': 0.03295820951461792, 'masked_loss': 13.480799063009723}

Iteration No: 59 ended. Search finished for the next optimal point.
Time taken: 1527.0661
Function value obtained: 0.9493
Current minimum: 0.8551
Iteration No: 60 started. Searching for the next optimal point.

================================================================================
Trial with parameters:
  features: Centr_Nucl
  step_size: 0.402170671426084
  bin_size: 1
  sample_fraction: 0.5058956340220471
  moving_average: True
  first_layer_size_factor: 120
  num_layers: 3
  use_conv: True
  conv_channel: 34
  pool_size: 6
  kernel_size: 5
  epochs: 125
  batch_size: 64
  pi_threshold: 0.43236205592872984
  learning_rate: 0.0004597410706896302
  dropout_rate: 0.18390116595337266
  masked_recon_weight: 0.9060245636173324
  regularizer: none
  regularization_weight: 100.0
================================================================================

Creating datasets with:
  features: ['Centr', 'Nucl']
  bin_size: 1
  moving_average: True
  data_point_length: 2000 (from 2000)
  step_size: 804 (from fraction 0.402170671426084)
  layers: [np.int64(1920), np.int64(960), np.int64(480)] (first=1920, num=3)
  stride: 1 (fixed), padding: same (fixed)


Clipping outliers using 95th percentile * 1.5...
strain_yTW001: Clipping values above 134.25 (P95=89.50). Clipped 27529/1193409 values (2.31%)
strain_FD: Clipping values above 71.92 (P95=47.94). Clipped 95791/4127807 values (2.32%)
strain_dnrp: Clipping values above 243.00 (P95=162.00). Clipped 25649/1119454 values (2.29%)
strain_yEK19: Clipping values above 77.10 (P95=51.40). Clipped 83713/3893623 values (2.15%)
strain_yEK23: Clipping values above 72.00 (P95=48.00). Clipped 86381/3558407 values (2.43%)
strain_yWT03a: Clipping values above 15.00 (P95=10.00). Clipped 10602/347679 values (3.05%)
strain_yWT04a: Clipping values above 58.50 (P95=39.00). Clipped 21095/725406 values (2.91%)
strain_ylic137: Clipping values above 142.50 (P95=95.00). Clipped 28746/1112684 values (2.58%)
Standardizing features: ['Centr', 'Nucl']
Column order in final array (Dataset/Chrom split): ['Value', 'Nucleosome_Distance', 'Centromere_Distance', 'Value_Raw', 'Size_Factor']
Removing 0 empty data points out of 68040
Column order in final array (Dataset/Chrom split): ['Value', 'Nucleosome_Distance', 'Centromere_Distance', 'Value_Raw', 'Size_Factor']
Removing 0 empty data points out of 25632
Column order in final array (Dataset/Chrom split): ['Value', 'Nucleosome_Distance', 'Centromere_Distance', 'Value_Raw', 'Size_Factor']
Removing 0 empty data points out of 26312
Datasets created:
  Train: (68040, 2000, 5), Val: (25632, 2000, 5), Test: (26312, 2000, 5)

Randomly sampled 34421/68040 samples (50.6%)
Applied denoising with 15.0% masking
Applied denoising with 15.0% masking
Applied denoising with 15.0% masking
Epoch [1/125], Total Loss: 13.4305, NLL: 1.1321, Masked: 13.5741
Epoch [2/125], Total Loss: 14.0440, NLL: 1.0320, Masked: 14.3617
Epoch [3/125], Total Loss: 78.9235, NLL: 1.0174, Masked: 85.9867
Epoch [4/125], Total Loss: 13.0327, NLL: 0.9750, Masked: 13.3083
Epoch [5/125], Total Loss: 13.0158, NLL: 0.9686, Masked: 13.2968
Epoch [6/125], Total Loss: 13.2244, NLL: 0.9655, Masked: 13.5304
Epoch [7/125], Total Loss: 13.0271, NLL: 0.9610, Masked: 13.3176
Epoch [8/125], Total Loss: 12.9339, NLL: 0.9606, Masked: 13.2153
Epoch [9/125], Total Loss: 13.0534, NLL: 0.9591, Masked: 13.3487
Epoch [10/125], Total Loss: 12.9066, NLL: 0.9566, Masked: 13.1895
Epoch [11/125], Total Loss: 12.8714, NLL: 0.9518, Masked: 13.1560
Epoch [12/125], Total Loss: 12.8495, NLL: 0.9491, Masked: 13.1348
Epoch [13/125], Total Loss: 13.4639, NLL: 0.9461, Masked: 13.8162
Epoch [14/125], Total Loss: 15.3275, NLL: 0.9436, Masked: 15.8758
Epoch [15/125], Total Loss: 12.7692, NLL: 0.9429, Masked: 13.0529
Epoch [16/125], Total Loss: 12.7236, NLL: 0.9414, Masked: 13.0043
Epoch [17/125], Total Loss: 12.6808, NLL: 0.9394, Masked: 12.9593
Epoch [18/125], Total Loss: 12.6740, NLL: 0.9396, Masked: 12.9515
Epoch [19/125], Total Loss: 12.6604, NLL: 0.9395, Masked: 12.9366
Epoch [20/125], Total Loss: 12.6601, NLL: 0.9393, Masked: 12.9365
Epoch [21/125], Total Loss: 12.9669, NLL: 0.9387, Masked: 13.2758
Epoch [22/125], Total Loss: 12.6336, NLL: 0.9382, Masked: 12.9085
Epoch [23/125], Total Loss: 12.6273, NLL: 0.9383, Masked: 12.9014
Epoch [24/125], Total Loss: 12.6611, NLL: 0.9374, Masked: 12.9398
Epoch [25/125], Total Loss: 12.6600, NLL: 0.9375, Masked: 12.9385
Epoch [26/125], Total Loss: 76.4909, NLL: 0.9370, Masked: 83.3905
Epoch [27/125], Total Loss: 12.5999, NLL: 0.9372, Masked: 12.8724
Epoch [28/125], Total Loss: 12.6018, NLL: 0.9371, Masked: 12.8746
Epoch [29/125], Total Loss: 12.6022, NLL: 0.9368, Masked: 12.8753
Epoch [30/125], Total Loss: 12.5478, NLL: 0.9366, Masked: 12.8155
Epoch [31/125], Total Loss: 12.5322, NLL: 0.9367, Masked: 12.7982
Epoch [32/125], Total Loss: 12.5433, NLL: 0.9364, Masked: 12.8107
Epoch [33/125], Total Loss: 12.4825, NLL: 0.9358, Masked: 12.7443
Epoch [34/125], Total Loss: 12.5933, NLL: 0.9360, Masked: 12.8664
Epoch [35/125], Total Loss: 12.4592, NLL: 0.9362, Masked: 12.7182
Epoch [36/125], Total Loss: 12.4570, NLL: 0.9360, Masked: 12.7159
Epoch [37/125], Total Loss: 12.4850, NLL: 0.9356, Masked: 12.7474
Epoch [38/125], Total Loss: 12.4325, NLL: 0.9361, Masked: 12.6889
Epoch [39/125], Total Loss: 12.4175, NLL: 0.9362, Masked: 12.6722
Epoch [40/125], Total Loss: 12.4011, NLL: 0.9360, Masked: 12.6543
Epoch [41/125], Total Loss: 12.3847, NLL: 0.9359, Masked: 12.6364
Epoch [42/125], Total Loss: 12.5348, NLL: 0.9361, Masked: 12.8017
Epoch [43/125], Total Loss: 12.4156, NLL: 0.9356, Masked: 12.6707
Epoch [44/125], Total Loss: 12.3945, NLL: 0.9358, Masked: 12.6473
Epoch [45/125], Total Loss: 12.3922, NLL: 0.9361, Masked: 12.6443
Epoch [46/125], Total Loss: 12.3434, NLL: 0.9361, Masked: 12.5905
Epoch [47/125], Total Loss: 12.3024, NLL: 0.9358, Masked: 12.5457
Epoch [48/125], Total Loss: 12.4790, NLL: 0.9360, Masked: 12.7402
Epoch [49/125], Total Loss: 12.3653, NLL: 0.9363, Masked: 12.6145
Epoch [50/125], Total Loss: 13.2829, NLL: 0.9363, Masked: 13.6273
Epoch [51/125], Total Loss: 12.3197, NLL: 0.9370, Masked: 12.5633
Epoch [52/125], Total Loss: 12.3205, NLL: 0.9363, Masked: 12.5649
Epoch [53/125], Total Loss: 12.3241, NLL: 0.9361, Masked: 12.5692
Epoch [54/125], Total Loss: 12.2544, NLL: 0.9366, Masked: 12.4917
Epoch [55/125], Total Loss: 12.3890, NLL: 0.9363, Masked: 12.6406
Epoch [56/125], Total Loss: 12.2402, NLL: 0.9365, Masked: 12.4762
Epoch [57/125], Total Loss: 12.2217, NLL: 0.9362, Masked: 12.4560
Epoch [58/125], Total Loss: 12.1821, NLL: 0.9360, Masked: 12.4126
Epoch [59/125], Total Loss: 12.2278, NLL: 0.9366, Masked: 12.4623
Epoch [60/125], Total Loss: 12.1803, NLL: 0.9363, Masked: 12.4102
Epoch [61/125], Total Loss: 12.1844, NLL: 0.9364, Masked: 12.4147
Epoch [62/125], Total Loss: 12.1659, NLL: 0.9362, Masked: 12.3945
Epoch [63/125], Total Loss: 12.2727, NLL: 0.9365, Masked: 12.5119
Epoch [64/125], Total Loss: 12.3254, NLL: 0.9364, Masked: 12.5704
Epoch [65/125], Total Loss: 12.1543, NLL: 0.9367, Masked: 12.3812
Epoch [66/125], Total Loss: 12.1213, NLL: 0.9360, Masked: 12.3454
Epoch [67/125], Total Loss: 12.1174, NLL: 0.9364, Masked: 12.3408
Epoch [68/125], Total Loss: 12.1125, NLL: 0.9363, Masked: 12.3354
Epoch [69/125], Total Loss: 12.1723, NLL: 0.9369, Masked: 12.4008
Epoch [70/125], Total Loss: 12.0938, NLL: 0.9359, Masked: 12.3151
Epoch [71/125], Total Loss: 12.1717, NLL: 0.9369, Masked: 12.4002
Epoch [72/125], Total Loss: 12.0947, NLL: 0.9366, Masked: 12.3155
Epoch [73/125], Total Loss: 12.0331, NLL: 0.9365, Masked: 12.2475
Epoch [74/125], Total Loss: 12.0406, NLL: 0.9365, Masked: 12.2558
Epoch [75/125], Total Loss: 12.0938, NLL: 0.9360, Masked: 12.3151
Epoch [76/125], Total Loss: 12.1971, NLL: 0.9360, Masked: 12.4291
Epoch [77/125], Total Loss: 12.0157, NLL: 0.9361, Masked: 12.2288
Epoch [78/125], Total Loss: 11.9969, NLL: 0.9359, Masked: 12.2082
Epoch [79/125], Total Loss: 12.0402, NLL: 0.9361, Masked: 12.2559
Epoch [80/125], Total Loss: 12.0125, NLL: 0.9359, Masked: 12.2255
Epoch [81/125], Total Loss: 11.9990, NLL: 0.9363, Masked: 12.2102
Epoch [82/125], Total Loss: 11.9849, NLL: 0.9362, Masked: 12.1947
Epoch [83/125], Total Loss: 11.9676, NLL: 0.9359, Masked: 12.1759
Epoch [84/125], Total Loss: 11.9487, NLL: 0.9362, Masked: 12.1547
Epoch [85/125], Total Loss: 15.5191, NLL: 0.9366, Masked: 16.0951
Epoch [86/125], Total Loss: 11.9563, NLL: 0.9362, Masked: 12.1632
Epoch [87/125], Total Loss: 11.9624, NLL: 0.9362, Masked: 12.1698
Epoch [88/125], Total Loss: 11.9971, NLL: 0.9361, Masked: 12.2083
Epoch [89/125], Total Loss: 11.9385, NLL: 0.9361, Masked: 12.1437
Epoch [90/125], Total Loss: 11.9642, NLL: 0.9363, Masked: 12.1717
Epoch [91/125], Total Loss: 11.9128, NLL: 0.9363, Masked: 12.1150
Epoch [92/125], Total Loss: 11.9158, NLL: 0.9358, Masked: 12.1189
Epoch [93/125], Total Loss: 11.9108, NLL: 0.9363, Masked: 12.1127
Epoch [94/125], Total Loss: 11.9039, NLL: 0.9363, Masked: 12.1051
Epoch [95/125], Total Loss: 11.8883, NLL: 0.9365, Masked: 12.0878
Epoch [96/125], Total Loss: 12.0762, NLL: 0.9362, Masked: 12.2955
Epoch [97/125], Total Loss: 11.8510, NLL: 0.9361, Masked: 12.0470
Epoch [98/125], Total Loss: 11.8763, NLL: 0.9363, Masked: 12.0747
Epoch [99/125], Total Loss: 11.8673, NLL: 0.9358, Masked: 12.0653
Epoch [100/125], Total Loss: 11.8507, NLL: 0.9363, Masked: 12.0465
Epoch [101/125], Total Loss: 11.8482, NLL: 0.9358, Masked: 12.0442
Epoch [102/125], Total Loss: 11.8799, NLL: 0.9358, Masked: 12.0792
Epoch [103/125], Total Loss: 11.8466, NLL: 0.9359, Masked: 12.0423
Epoch [104/125], Total Loss: 11.8464, NLL: 0.9357, Masked: 12.0424
Epoch [105/125], Total Loss: 11.8323, NLL: 0.9362, Masked: 12.0263
Epoch [106/125], Total Loss: 11.8258, NLL: 0.9360, Masked: 12.0193
Epoch [107/125], Total Loss: 11.8462, NLL: 0.9362, Masked: 12.0416
Epoch [108/125], Total Loss: 11.8079, NLL: 0.9359, Masked: 11.9997
Epoch [109/125], Total Loss: 11.9621, NLL: 0.9361, Masked: 12.1696
Epoch [110/125], Total Loss: 11.8061, NLL: 0.9357, Masked: 11.9979
Epoch [111/125], Total Loss: 11.8015, NLL: 0.9359, Masked: 11.9926
Epoch [112/125], Total Loss: 11.7912, NLL: 0.9360, Masked: 11.9811
Epoch [113/125], Total Loss: 11.7831, NLL: 0.9353, Masked: 11.9729
Epoch [114/125], Total Loss: 11.8120, NLL: 0.9360, Masked: 12.0041
Epoch [115/125], Total Loss: 11.7707, NLL: 0.9359, Masked: 11.9586
Epoch [116/125], Total Loss: 11.7680, NLL: 0.9363, Masked: 11.9553
Epoch [117/125], Total Loss: 11.7970, NLL: 0.9355, Masked: 11.9881
Epoch [118/125], Total Loss: 11.7556, NLL: 0.9358, Masked: 11.9421
Epoch [119/125], Total Loss: 11.7634, NLL: 0.9357, Masked: 11.9508
Epoch [120/125], Total Loss: 11.7700, NLL: 0.9357, Masked: 11.9581
Epoch [121/125], Total Loss: 11.7586, NLL: 0.9359, Masked: 11.9453
Epoch [122/125], Total Loss: 11.7635, NLL: 0.9359, Masked: 11.9507
Epoch [123/125], Total Loss: 11.7323, NLL: 0.9355, Masked: 11.9167
Epoch [124/125], Total Loss: 11.7360, NLL: 0.9358, Masked: 11.9205
Epoch [125/125], Total Loss: 11.8355, NLL: 0.9353, Masked: 12.0307

==================================================
EVALUATING ON TRAINING DATA
==================================================

==================================================
TEST RESULTS
==================================================
Total Loss: 11.372733
  - ZINB NLL: 0.923955
Total number of masked values: 1704509
  - Number of values with pi >= 0.43236205592872984: 1266639
  - Number of values with pi < 0.43236205592872984: 437870
  - Masked Reconstruction: 11.532555
Mean Absolute Error (MAE): 2.341788
R² Score: 0.005364
==================================================


==================================================
TEST RESULTS
==================================================
Total Loss: 13.501886
  - ZINB NLL: 0.928047
Total number of masked values: 1255031
  - Number of values with pi >= 0.43236205592872984: 951787
  - Number of values with pi < 0.43236205592872984: 303244
  - Masked Reconstruction: 13.878033
Mean Absolute Error (MAE): 2.339808
R² Score: -0.002213
==================================================


>>> Optimizing zinb_nll on VALIDATION set: 0.928047
>>> Full validation metrics: {'total_loss': 13.501885932036554, 'zinb_nll': 0.9280466357346033, 'mae': 2.3398079872131348, 'r2': -0.0022134780883789062, 'masked_loss': 13.878033373983909}


*** Checkpoint saved at iteration 60 ***

Iteration No: 60 ended. Search finished for the next optimal point.
Time taken: 1319.8422
Function value obtained: 0.9280
Current minimum: 0.8551
Iteration No: 61 started. Searching for the next optimal point.

================================================================================
Trial with parameters:
  features: Centr_Nucl
  step_size: 0.37721288177304857
  bin_size: 1
  sample_fraction: 0.822684276821622
  moving_average: True
  first_layer_size_factor: 147
  num_layers: 1
  use_conv: False
  conv_channel: 117
  pool_size: 8
  kernel_size: 9
  epochs: 73
  batch_size: 64
  pi_threshold: 0.5532659803612918
  learning_rate: 0.00016063716051716427
  dropout_rate: 0.1640686905208122
  masked_recon_weight: 0.061773856538905124
  regularizer: none
  regularization_weight: 100.0
================================================================================

Creating datasets with:
  features: ['Centr', 'Nucl']
  bin_size: 1
  moving_average: True
  data_point_length: 2000 (from 2000)
  step_size: 754 (from fraction 0.37721288177304857)
  layers: [np.int64(2352)] (first=2352, num=1)
  stride: 1 (fixed), padding: same (fixed)


Clipping outliers using 95th percentile * 1.5...
strain_yTW001: Clipping values above 134.25 (P95=89.50). Clipped 27529/1193409 values (2.31%)
strain_FD: Clipping values above 71.92 (P95=47.94). Clipped 95791/4127807 values (2.32%)
strain_dnrp: Clipping values above 243.00 (P95=162.00). Clipped 25649/1119454 values (2.29%)
strain_yEK19: Clipping values above 77.10 (P95=51.40). Clipped 83713/3893623 values (2.15%)
strain_yEK23: Clipping values above 72.00 (P95=48.00). Clipped 86381/3558407 values (2.43%)
strain_yWT03a: Clipping values above 15.00 (P95=10.00). Clipped 10602/347679 values (3.05%)
strain_yWT04a: Clipping values above 58.50 (P95=39.00). Clipped 21095/725406 values (2.91%)
strain_ylic137: Clipping values above 142.50 (P95=95.00). Clipped 28746/1112684 values (2.58%)
Standardizing features: ['Centr', 'Nucl']
Column order in final array (Dataset/Chrom split): ['Value', 'Nucleosome_Distance', 'Centromere_Distance', 'Value_Raw', 'Size_Factor']
Removing 0 empty data points out of 72544
Column order in final array (Dataset/Chrom split): ['Value', 'Nucleosome_Distance', 'Centromere_Distance', 'Value_Raw', 'Size_Factor']
Removing 0 empty data points out of 27328
Column order in final array (Dataset/Chrom split): ['Value', 'Nucleosome_Distance', 'Centromere_Distance', 'Value_Raw', 'Size_Factor']
Removing 0 empty data points out of 28056
Datasets created:
  Train: (72544, 2000, 5), Val: (27328, 2000, 5), Test: (28056, 2000, 5)

Randomly sampled 59680/72544 samples (82.3%)
Applied denoising with 15.0% masking
Applied denoising with 15.0% masking
Applied denoising with 15.0% masking
Epoch [1/73], Total Loss: 1.9087, NLL: 1.0715, Masked: 13.5515
Epoch [2/73], Total Loss: 23.0910, NLL: 0.9852, Masked: 357.8510
Epoch [3/73], Total Loss: 130.5008, NLL: 0.9741, Masked: 2096.7876
Epoch [4/73], Total Loss: 190.9534, NLL: 0.9676, Masked: 3075.5048
Epoch [5/73], Total Loss: 147.5347, NLL: 0.9601, Masked: 2372.7623
Epoch [6/73], Total Loss: 102.5053, NLL: 0.9573, Masked: 1643.8679
Epoch [7/73], Total Loss: 169.1740, NLL: 0.9558, Masked: 2723.1307
Epoch [8/73], Total Loss: 130.9334, NLL: 0.9480, Masked: 2104.2138
Epoch [9/73], Total Loss: 125.4807, NLL: 0.9460, Masked: 2015.9760
Epoch [10/73], Total Loss: 98.4996, NLL: 0.9438, Masked: 1579.2412
Epoch [11/73], Total Loss: 144.7559, NLL: 0.9382, Masked: 2328.1316
Epoch [12/73], Total Loss: 52.2080, NLL: 0.9349, Masked: 830.0139
Epoch [13/73], Total Loss: 112.0267, NLL: 0.9429, Masked: 1798.2329
Epoch [14/73], Total Loss: 136.5821, NLL: 0.9303, Masked: 2195.9419
Epoch [15/73], Total Loss: 144.3148, NLL: 0.9253, Masked: 2321.2006
Epoch [16/73], Total Loss: 180.5271, NLL: 0.9510, Masked: 2906.9918
Epoch [17/73], Total Loss: 68.7261, NLL: 0.9199, Masked: 1097.6513
Epoch [18/73], Total Loss: 47.8795, NLL: 0.9162, Masked: 760.2456
Epoch [19/73], Total Loss: 118.9443, NLL: 0.9188, Masked: 1910.6053
Epoch [20/73], Total Loss: 194.7229, NLL: 0.9404, Masked: 3136.9664
Epoch [21/73], Total Loss: 138.3480, NLL: 0.9096, Masked: 2224.8646
Epoch [22/73], Total Loss: 34.2632, NLL: 0.9102, Masked: 539.9205
Epoch [23/73], Total Loss: 112.7093, NLL: 0.9229, Masked: 1809.6072
Epoch [24/73], Total Loss: 160.3633, NLL: 0.9243, Masked: 2581.0106
Epoch [25/73], Total Loss: 73.4383, NLL: 0.9045, Masked: 1174.1824
Epoch [26/73], Total Loss: 128.4006, NLL: 0.9339, Masked: 2063.4405
Epoch [27/73], Total Loss: 83.2588, NLL: 0.8944, Masked: 1333.3214
Epoch [28/73], Total Loss: 83.8141, NLL: 0.8952, Masked: 1342.2974
Epoch [29/73], Total Loss: 236.3792, NLL: 0.9604, Masked: 3810.9781
Epoch [30/73], Total Loss: 33.6318, NLL: 0.8876, Masked: 530.0646
Epoch [31/73], Total Loss: 98.1343, NLL: 0.9338, Masked: 1573.4905
Epoch [32/73], Total Loss: 63.7644, NLL: 0.8909, Masked: 1017.8003
Epoch [33/73], Total Loss: 116.8015, NLL: 0.9346, Masked: 1875.6627
Epoch [34/73], Total Loss: 72.9482, NLL: 0.8963, Masked: 1166.3822
Epoch [35/73], Total Loss: 124.9742, NLL: 0.9255, Masked: 2008.1093
Epoch [36/73], Total Loss: 52.6370, NLL: 0.8829, Masked: 837.7993
Epoch [37/73], Total Loss: 141.7247, NLL: 0.9186, Masked: 2279.3807
Epoch [38/73], Total Loss: 34.2166, NLL: 0.8787, Masked: 539.6775
Epoch [39/73], Total Loss: 375.4789, NLL: 0.9575, Masked: 6062.7812
Epoch [40/73], Total Loss: 37.4427, NLL: 0.8882, Masked: 591.7466
Epoch [41/73], Total Loss: 106.6067, NLL: 0.8981, Masked: 1711.2177
Epoch [42/73], Total Loss: 107.0800, NLL: 0.9281, Masked: 1718.3963
Epoch [43/73], Total Loss: 109.0144, NLL: 0.9370, Masked: 1749.5662
Epoch [44/73], Total Loss: 88.8935, NLL: 0.8788, Masked: 1424.7889
Epoch [45/73], Total Loss: 206.9955, NLL: 0.9128, Masked: 3336.0828
Epoch [46/73], Total Loss: 93.6060, NLL: 0.8896, Masked: 1500.8999
Epoch [47/73], Total Loss: 334.0975, NLL: 0.9295, Masked: 5393.3488
Epoch [48/73], Total Loss: 161.6346, NLL: 0.9221, Masked: 2601.6279
Epoch [49/73], Total Loss: 135.6018, NLL: 0.9076, Masked: 2180.4396
Epoch [50/73], Total Loss: 180.6778, NLL: 0.9198, Masked: 2909.9359
Epoch [51/73], Total Loss: 76.3901, NLL: 0.8701, Masked: 1222.5235
Epoch [52/73], Total Loss: 162.9742, NLL: 0.9274, Masked: 2623.2259
Epoch [53/73], Total Loss: 247.5810, NLL: 0.9078, Masked: 3993.1643
Epoch [54/73], Total Loss: 134.0100, NLL: 0.9094, Masked: 2154.6428
Epoch [55/73], Total Loss: 107.2968, NLL: 0.9063, Masked: 1722.2590
Epoch [56/73], Total Loss: 94.3381, NLL: 0.8937, Masked: 1512.6853
Epoch [57/73], Total Loss: 143.8386, NLL: 0.9238, Masked: 2313.5155
Epoch [58/73], Total Loss: 129.9589, NLL: 0.8873, Masked: 2089.4212
Epoch [59/73], Total Loss: 65.4084, NLL: 0.8709, Masked: 1044.7383
Epoch [60/73], Total Loss: 223.5638, NLL: 0.9319, Masked: 3603.9830
Epoch [61/73], Total Loss: 162.3452, NLL: 0.9130, Masked: 2613.2771
Epoch [62/73], Total Loss: 288.7144, NLL: 0.9004, Masked: 4659.1553
Epoch [63/73], Total Loss: 95.8024, NLL: 0.8658, Masked: 1536.8405
Epoch [64/73], Total Loss: 166.1833, NLL: 0.9215, Masked: 2675.2707
Epoch [65/73], Total Loss: 451.9824, NLL: 0.9510, Masked: 7301.3316
Epoch [66/73], Total Loss: 150.6643, NLL: 0.8781, Masked: 2424.7503
Epoch [67/73], Total Loss: 280.3100, NLL: 0.9212, Masked: 4522.7687
Epoch [68/73], Total Loss: 234.3007, NLL: 0.8982, Masked: 3778.3387
Epoch [69/73], Total Loss: 381.1572, NLL: 0.9131, Masked: 6155.4204
Epoch [70/73], Total Loss: 132.9749, NLL: 0.8971, Masked: 2138.0864
Epoch [71/73], Total Loss: 182.8147, NLL: 0.9126, Masked: 2944.6456
Epoch [72/73], Total Loss: 124.6860, NLL: 0.8661, Masked: 2004.4066
Epoch [73/73], Total Loss: 276.9530, NLL: 0.9385, Masked: 4468.1434

==================================================
EVALUATING ON TRAINING DATA
==================================================

==================================================
TEST RESULTS
==================================================
Total Loss: 43.520633
  - ZINB NLL: 0.989058
Total number of masked values: 2936837
  - Number of values with pi >= 0.5532659803612918: 1368563
  - Number of values with pi < 0.5532659803612918: 1568274
  - Masked Reconstruction: 688.504479
Mean Absolute Error (MAE): 227.187485
R² Score: -835813824.000000
==================================================


==================================================
TEST RESULTS
==================================================
Total Loss: 1.858119
  - ZINB NLL: 1.037729
Total number of masked values: 1338391
  - Number of values with pi >= 0.5532659803612918: 624427
  - Number of values with pi < 0.5532659803612918: 713964
  - Masked Reconstruction: 13.280535
Mean Absolute Error (MAE): 2.674291
R² Score: -0.225560
==================================================


>>> Optimizing zinb_nll on VALIDATION set: 1.037729
>>> Full validation metrics: {'total_loss': 1.858119141092345, 'zinb_nll': 1.037729271366948, 'mae': 2.674290895462036, 'r2': -0.22555994987487793, 'masked_loss': 13.280535415408204}

Iteration No: 61 ended. Search finished for the next optimal point.
Time taken: 1118.9615
Function value obtained: 1.0377
Current minimum: 0.8551
Iteration No: 62 started. Searching for the next optimal point.

================================================================================
Trial with parameters:
  features: Nucl
  step_size: 0.7875499451481869
  bin_size: 1
  sample_fraction: 1.0
  moving_average: True
  first_layer_size_factor: 130
  num_layers: 4
  use_conv: True
  conv_channel: 90
  pool_size: 2
  kernel_size: 3
  epochs: 138
  batch_size: 64
  pi_threshold: 0.4387070966159151
  learning_rate: 1.0795960726873416e-05
  dropout_rate: 0.0
  masked_recon_weight: 0.0019643367764347703
  regularizer: none
  regularization_weight: 8.333841312259265
================================================================================

Creating datasets with:
  features: ['Nucl']
  bin_size: 1
  moving_average: True
  data_point_length: 2000 (from 2000)
  step_size: 1575 (from fraction 0.7875499451481869)
  layers: [np.int64(2080), np.int64(1040), np.int64(520), np.int64(260)] (first=2080, num=4)
  stride: 1 (fixed), padding: same (fixed)


Clipping outliers using 95th percentile * 1.5...
strain_yTW001: Clipping values above 134.25 (P95=89.50). Clipped 27529/1193409 values (2.31%)
strain_FD: Clipping values above 71.92 (P95=47.94). Clipped 95791/4127807 values (2.32%)
strain_dnrp: Clipping values above 243.00 (P95=162.00). Clipped 25649/1119454 values (2.29%)
strain_yEK19: Clipping values above 77.10 (P95=51.40). Clipped 83713/3893623 values (2.15%)
strain_yEK23: Clipping values above 72.00 (P95=48.00). Clipped 86381/3558407 values (2.43%)
strain_yWT03a: Clipping values above 15.00 (P95=10.00). Clipped 10602/347679 values (3.05%)
strain_yWT04a: Clipping values above 58.50 (P95=39.00). Clipped 21095/725406 values (2.91%)
strain_ylic137: Clipping values above 142.50 (P95=95.00). Clipped 28746/1112684 values (2.58%)
Standardizing features: ['Nucl']
Column order in final array (Dataset/Chrom split): ['Value', 'Nucleosome_Distance', 'Value_Raw', 'Size_Factor']
Removing 0 empty data points out of 34784
Column order in final array (Dataset/Chrom split): ['Value', 'Nucleosome_Distance', 'Value_Raw', 'Size_Factor']
Removing 0 empty data points out of 13096
Column order in final array (Dataset/Chrom split): ['Value', 'Nucleosome_Distance', 'Value_Raw', 'Size_Factor']
Removing 0 empty data points out of 13464
Datasets created:
  Train: (34784, 2000, 4), Val: (13096, 2000, 4), Test: (13464, 2000, 4)

Applied denoising with 15.0% masking
Applied denoising with 15.0% masking
Applied denoising with 15.0% masking
Epoch [1/138], Total Loss: 1.1879, NLL: 1.1579, Masked: 15.2877
Epoch [2/138], Total Loss: 1.0220, NLL: 0.9954, Masked: 13.5164
Epoch [3/138], Total Loss: 0.9941, NLL: 0.9677, Masked: 13.3907
Epoch [4/138], Total Loss: 0.9682, NLL: 0.9420, Masked: 13.3382
Epoch [5/138], Total Loss: 0.9647, NLL: 0.9386, Masked: 13.2954
Epoch [6/138], Total Loss: 0.9634, NLL: 0.9373, Masked: 13.2903
Epoch [7/138], Total Loss: 0.9625, NLL: 0.9364, Masked: 13.2748
Epoch [8/138], Total Loss: 0.9621, NLL: 0.9360, Masked: 13.2724
Epoch [9/138], Total Loss: 0.9616, NLL: 0.9355, Masked: 13.2568
Epoch [10/138], Total Loss: 0.9612, NLL: 0.9352, Masked: 13.2494
Epoch [11/138], Total Loss: 0.9610, NLL: 0.9350, Masked: 13.2530
Epoch [12/138], Total Loss: 0.9608, NLL: 0.9347, Masked: 13.2555
Epoch [13/138], Total Loss: 0.9605, NLL: 0.9345, Masked: 13.2437
Epoch [14/138], Total Loss: 0.9605, NLL: 0.9345, Masked: 13.2520
Epoch [15/138], Total Loss: 0.9605, NLL: 0.9345, Masked: 13.2452
Epoch [16/138], Total Loss: 0.9601, NLL: 0.9341, Masked: 13.2472
Epoch [17/138], Total Loss: 0.9597, NLL: 0.9337, Masked: 13.2397
Epoch [18/138], Total Loss: 0.9593, NLL: 0.9333, Masked: 13.2304
Epoch [19/138], Total Loss: 0.9575, NLL: 0.9316, Masked: 13.2121
Epoch [20/138], Total Loss: 0.9528, NLL: 0.9269, Masked: 13.1881
Epoch [21/138], Total Loss: 0.9512, NLL: 0.9253, Masked: 13.1769
Epoch [22/138], Total Loss: 0.9502, NLL: 0.9244, Masked: 13.1547
Epoch [23/138], Total Loss: 0.9496, NLL: 0.9238, Masked: 13.1482
Epoch [24/138], Total Loss: 0.9491, NLL: 0.9233, Masked: 13.1371
Epoch [25/138], Total Loss: 0.9482, NLL: 0.9224, Masked: 13.1288
Epoch [26/138], Total Loss: 0.9477, NLL: 0.9219, Masked: 13.1179
Epoch [27/138], Total Loss: 0.9468, NLL: 0.9211, Masked: 13.1071
Epoch [28/138], Total Loss: 0.9460, NLL: 0.9203, Masked: 13.1037
Epoch [29/138], Total Loss: 0.9438, NLL: 0.9181, Masked: 13.0525
Epoch [30/138], Total Loss: 0.9395, NLL: 0.9140, Masked: 12.9945
Epoch [31/138], Total Loss: 0.9381, NLL: 0.9126, Masked: 12.9859
Epoch [32/138], Total Loss: 0.9376, NLL: 0.9121, Masked: 12.9862
Epoch [33/138], Total Loss: 0.9373, NLL: 0.9118, Masked: 12.9815
Epoch [34/138], Total Loss: 0.9370, NLL: 0.9115, Masked: 12.9695
Epoch [35/138], Total Loss: 0.9367, NLL: 0.9113, Masked: 12.9724
Epoch [36/138], Total Loss: 0.9365, NLL: 0.9111, Masked: 12.9703
Epoch [37/138], Total Loss: 0.9363, NLL: 0.9108, Masked: 12.9724
Epoch [38/138], Total Loss: 0.9362, NLL: 0.9107, Masked: 12.9711
Epoch [39/138], Total Loss: 0.9359, NLL: 0.9104, Masked: 12.9590
Epoch [40/138], Total Loss: 0.9357, NLL: 0.9103, Masked: 12.9614
Epoch [41/138], Total Loss: 0.9355, NLL: 0.9101, Masked: 12.9705
Epoch [42/138], Total Loss: 0.9355, NLL: 0.9100, Masked: 12.9524
Epoch [43/138], Total Loss: 0.9352, NLL: 0.9098, Masked: 12.9701
Epoch [44/138], Total Loss: 0.9351, NLL: 0.9097, Masked: 12.9567
Epoch [45/138], Total Loss: 0.9349, NLL: 0.9094, Masked: 12.9517
Epoch [46/138], Total Loss: 0.9347, NLL: 0.9093, Masked: 12.9544
Epoch [47/138], Total Loss: 0.9346, NLL: 0.9092, Masked: 12.9495
Epoch [48/138], Total Loss: 0.9342, NLL: 0.9088, Masked: 12.9460
Epoch [49/138], Total Loss: 0.9337, NLL: 0.9083, Masked: 12.9412
Epoch [50/138], Total Loss: 0.9327, NLL: 0.9074, Masked: 12.9052
Epoch [51/138], Total Loss: 0.9315, NLL: 0.9062, Masked: 12.8878
Epoch [52/138], Total Loss: 0.9308, NLL: 0.9055, Masked: 12.8765
Epoch [53/138], Total Loss: 0.9303, NLL: 0.9050, Masked: 12.8774
Epoch [54/138], Total Loss: 0.9299, NLL: 0.9046, Masked: 12.8624
Epoch [55/138], Total Loss: 0.9295, NLL: 0.9043, Masked: 12.8682
Epoch [56/138], Total Loss: 0.9290, NLL: 0.9038, Masked: 12.8526
Epoch [57/138], Total Loss: 0.9286, NLL: 0.9034, Masked: 12.8477
Epoch [58/138], Total Loss: 0.9276, NLL: 0.9024, Masked: 12.8414
Epoch [59/138], Total Loss: 0.9267, NLL: 0.9015, Masked: 12.8101
Epoch [60/138], Total Loss: 0.9262, NLL: 0.9010, Masked: 12.8167
Epoch [61/138], Total Loss: 0.9256, NLL: 0.9005, Masked: 12.8016
Epoch [62/138], Total Loss: 0.9252, NLL: 0.9000, Masked: 12.8037
Epoch [63/138], Total Loss: 0.9249, NLL: 0.8998, Masked: 12.7833
Epoch [64/138], Total Loss: 0.9246, NLL: 0.8995, Masked: 12.7731
Epoch [65/138], Total Loss: 0.9243, NLL: 0.8992, Masked: 12.7863
Epoch [66/138], Total Loss: 0.9241, NLL: 0.8990, Masked: 12.7900
Epoch [67/138], Total Loss: 0.9239, NLL: 0.8988, Masked: 12.7675
Epoch [68/138], Total Loss: 0.9237, NLL: 0.8986, Masked: 12.7732
Epoch [69/138], Total Loss: 0.9235, NLL: 0.8984, Masked: 12.7751
Epoch [70/138], Total Loss: 0.9232, NLL: 0.8982, Masked: 12.7595
Epoch [71/138], Total Loss: 0.9231, NLL: 0.8980, Masked: 12.7538
Epoch [72/138], Total Loss: 0.9228, NLL: 0.8978, Masked: 12.7496
Epoch [73/138], Total Loss: 0.9227, NLL: 0.8977, Masked: 12.7465
Epoch [74/138], Total Loss: 0.9225, NLL: 0.8974, Masked: 12.7552
Epoch [75/138], Total Loss: 0.9223, NLL: 0.8973, Masked: 12.7309
Epoch [76/138], Total Loss: 0.9223, NLL: 0.8972, Masked: 12.7447
Epoch [77/138], Total Loss: 0.9222, NLL: 0.8972, Masked: 12.7308
Epoch [78/138], Total Loss: 0.9218, NLL: 0.8968, Masked: 12.7233
Epoch [79/138], Total Loss: 0.9217, NLL: 0.8967, Masked: 12.7436
Epoch [80/138], Total Loss: 0.9215, NLL: 0.8965, Masked: 12.7228
Epoch [81/138], Total Loss: 0.9215, NLL: 0.8965, Masked: 12.7235
Epoch [82/138], Total Loss: 0.9212, NLL: 0.8962, Masked: 12.7298
Epoch [83/138], Total Loss: 0.9213, NLL: 0.8964, Masked: 12.7167
Epoch [84/138], Total Loss: 0.9208, NLL: 0.8958, Masked: 12.7064
Epoch [85/138], Total Loss: 0.9207, NLL: 0.8958, Masked: 12.7005
Epoch [86/138], Total Loss: 0.9207, NLL: 0.8957, Masked: 12.7119
Epoch [87/138], Total Loss: 0.9204, NLL: 0.8955, Masked: 12.6961
Epoch [88/138], Total Loss: 0.9205, NLL: 0.8955, Masked: 12.6965
Epoch [89/138], Total Loss: 0.9201, NLL: 0.8952, Masked: 12.6916
Epoch [90/138], Total Loss: 0.9200, NLL: 0.8951, Masked: 12.6772
Epoch [91/138], Total Loss: 0.9198, NLL: 0.8949, Masked: 12.6862
Epoch [92/138], Total Loss: 0.9197, NLL: 0.8948, Masked: 12.6790
Epoch [93/138], Total Loss: 0.9196, NLL: 0.8947, Masked: 12.6832
Epoch [94/138], Total Loss: 0.9194, NLL: 0.8945, Masked: 12.6778
Epoch [95/138], Total Loss: 0.9193, NLL: 0.8944, Masked: 12.6726
Epoch [96/138], Total Loss: 0.9191, NLL: 0.8942, Masked: 12.6693
Epoch [97/138], Total Loss: 0.9190, NLL: 0.8942, Masked: 12.6652
Epoch [98/138], Total Loss: 0.9188, NLL: 0.8940, Masked: 12.6649
Epoch [99/138], Total Loss: 0.9187, NLL: 0.8938, Masked: 12.6573
Epoch [100/138], Total Loss: 0.9186, NLL: 0.8937, Masked: 12.6552
Epoch [101/138], Total Loss: 0.9183, NLL: 0.8935, Masked: 12.6461
Epoch [102/138], Total Loss: 0.9182, NLL: 0.8933, Masked: 12.6537
Epoch [103/138], Total Loss: 0.9180, NLL: 0.8932, Masked: 12.6473
Epoch [104/138], Total Loss: 0.9179, NLL: 0.8930, Masked: 12.6396
Epoch [105/138], Total Loss: 0.9177, NLL: 0.8929, Masked: 12.6267
Epoch [106/138], Total Loss: 0.9176, NLL: 0.8928, Masked: 12.6330
Epoch [107/138], Total Loss: 0.9174, NLL: 0.8926, Masked: 12.6152
Epoch [108/138], Total Loss: 0.9172, NLL: 0.8924, Masked: 12.6198
Epoch [109/138], Total Loss: 0.9171, NLL: 0.8923, Masked: 12.6269
Epoch [110/138], Total Loss: 0.9169, NLL: 0.8921, Masked: 12.5962
Epoch [111/138], Total Loss: 0.9166, NLL: 0.8919, Masked: 12.5937
Epoch [112/138], Total Loss: 0.9164, NLL: 0.8917, Masked: 12.6053
Epoch [113/138], Total Loss: 0.9162, NLL: 0.8915, Masked: 12.6032
Epoch [114/138], Total Loss: 0.9161, NLL: 0.8913, Masked: 12.5981
Epoch [115/138], Total Loss: 0.9158, NLL: 0.8911, Masked: 12.5822
Epoch [116/138], Total Loss: 0.9157, NLL: 0.8910, Masked: 12.5838
Epoch [117/138], Total Loss: 0.9153, NLL: 0.8905, Masked: 12.5942
Epoch [118/138], Total Loss: 0.9149, NLL: 0.8902, Masked: 12.5728
Epoch [119/138], Total Loss: 0.9148, NLL: 0.8901, Masked: 12.5848
Epoch [120/138], Total Loss: 0.9143, NLL: 0.8897, Masked: 12.5509
Epoch [121/138], Total Loss: 0.9140, NLL: 0.8893, Masked: 12.5541
Epoch [122/138], Total Loss: 0.9137, NLL: 0.8891, Masked: 12.5372
Epoch [123/138], Total Loss: 0.9133, NLL: 0.8887, Masked: 12.5348
Epoch [124/138], Total Loss: 0.9130, NLL: 0.8884, Masked: 12.5284
Epoch [125/138], Total Loss: 0.9127, NLL: 0.8881, Masked: 12.5143
Epoch [126/138], Total Loss: 0.9123, NLL: 0.8877, Masked: 12.5093
Epoch [127/138], Total Loss: 0.9119, NLL: 0.8874, Masked: 12.5015
Epoch [128/138], Total Loss: 0.9116, NLL: 0.8871, Masked: 12.4953
Epoch [129/138], Total Loss: 0.9112, NLL: 0.8866, Masked: 12.4865
Epoch [130/138], Total Loss: 0.9110, NLL: 0.8865, Masked: 12.4902
Epoch [131/138], Total Loss: 0.9106, NLL: 0.8861, Masked: 12.4745
Epoch [132/138], Total Loss: 0.9102, NLL: 0.8857, Masked: 12.4525
Epoch [133/138], Total Loss: 0.9100, NLL: 0.8855, Masked: 12.4500
Epoch [134/138], Total Loss: 0.9097, NLL: 0.8852, Masked: 12.4539
Epoch [135/138], Total Loss: 0.9093, NLL: 0.8849, Masked: 12.4330
Epoch [136/138], Total Loss: 0.9091, NLL: 0.8847, Masked: 12.4259
Epoch [137/138], Total Loss: 0.9089, NLL: 0.8844, Masked: 12.4415
Epoch [138/138], Total Loss: 0.9086, NLL: 0.8842, Masked: 12.4291

==================================================
EVALUATING ON TRAINING DATA
==================================================

==================================================
TEST RESULTS
==================================================
Total Loss: 0.907462
  - ZINB NLL: 0.883061
Total number of masked values: 1714960
  - Number of values with pi >= 0.4387070966159151: 1253667
  - Number of values with pi < 0.4387070966159151: 461293
  - Masked Reconstruction: 12.421735
Mean Absolute Error (MAE): 2.387688
R² Score: 0.054701
==================================================


==================================================
TEST RESULTS
==================================================
Total Loss: 0.922969
  - ZINB NLL: 0.896146
Total number of masked values: 642510
  - Number of values with pi >= 0.4387070966159151: 482272
  - Number of values with pi < 0.4387070966159151: 160238
  - Masked Reconstruction: 13.655438
Mean Absolute Error (MAE): 2.389134
R² Score: 0.014575
==================================================


>>> Optimizing zinb_nll on VALIDATION set: 0.896146
>>> Full validation metrics: {'total_loss': 0.9229694915094533, 'zinb_nll': 0.8961456096711214, 'mae': 2.389134168624878, 'r2': 0.014574646949768066, 'masked_loss': 13.65543846160665}

Iteration No: 62 ended. Search finished for the next optimal point.
Time taken: 3731.4054
Function value obtained: 0.8961
Current minimum: 0.8551
Iteration No: 63 started. Searching for the next optimal point.

================================================================================
Trial with parameters:
  features: Centr_Nucl
  step_size: 0.44236246857431705
  bin_size: 1
  sample_fraction: 0.339056206793954
  moving_average: True
  first_layer_size_factor: 136
  num_layers: 5
  use_conv: False
  conv_channel: 16
  pool_size: 4
  kernel_size: 3
  epochs: 30
  batch_size: 64
  pi_threshold: 0.3477386204426089
  learning_rate: 0.0002353635678614162
  dropout_rate: 0.2756364832613991
  masked_recon_weight: 0.07005591704040592
  regularizer: none
  regularization_weight: 100.0
================================================================================

Creating datasets with:
  features: ['Centr', 'Nucl']
  bin_size: 1
  moving_average: True
  data_point_length: 2000 (from 2000)
  step_size: 884 (from fraction 0.44236246857431705)
  layers: [np.int64(2176), np.int64(1088), np.int64(544), np.int64(272), np.int64(136)] (first=2176, num=5)
  stride: 1 (fixed), padding: same (fixed)


Clipping outliers using 95th percentile * 1.5...
strain_yTW001: Clipping values above 134.25 (P95=89.50). Clipped 27529/1193409 values (2.31%)
strain_FD: Clipping values above 71.92 (P95=47.94). Clipped 95791/4127807 values (2.32%)
strain_dnrp: Clipping values above 243.00 (P95=162.00). Clipped 25649/1119454 values (2.29%)
strain_yEK19: Clipping values above 77.10 (P95=51.40). Clipped 83713/3893623 values (2.15%)
strain_yEK23: Clipping values above 72.00 (P95=48.00). Clipped 86381/3558407 values (2.43%)
strain_yWT03a: Clipping values above 15.00 (P95=10.00). Clipped 10602/347679 values (3.05%)
strain_yWT04a: Clipping values above 58.50 (P95=39.00). Clipped 21095/725406 values (2.91%)
strain_ylic137: Clipping values above 142.50 (P95=95.00). Clipped 28746/1112684 values (2.58%)
Standardizing features: ['Centr', 'Nucl']
Column order in final array (Dataset/Chrom split): ['Value', 'Nucleosome_Distance', 'Centromere_Distance', 'Value_Raw', 'Size_Factor']
Removing 0 empty data points out of 61904
Column order in final array (Dataset/Chrom split): ['Value', 'Nucleosome_Distance', 'Centromere_Distance', 'Value_Raw', 'Size_Factor']
Removing 0 empty data points out of 23312
Column order in final array (Dataset/Chrom split): ['Value', 'Nucleosome_Distance', 'Centromere_Distance', 'Value_Raw', 'Size_Factor']
Removing 0 empty data points out of 23936
Datasets created:
  Train: (61904, 2000, 5), Val: (23312, 2000, 5), Test: (23936, 2000, 5)

Randomly sampled 20988/61904 samples (33.9%)
Applied denoising with 15.0% masking
Applied denoising with 15.0% masking
Applied denoising with 15.0% masking
Epoch [1/30], Total Loss: 2.0679, NLL: 1.0870, Masked: 14.0023
Epoch [2/30], Total Loss: 1.9434, NLL: 0.9996, Masked: 13.4730
Epoch [3/30], Total Loss: 1.9403, NLL: 0.9965, Masked: 13.4722
Epoch [4/30], Total Loss: 1.9387, NLL: 0.9963, Masked: 13.4507
Epoch [5/30], Total Loss: 1.9360, NLL: 0.9941, Masked: 13.4451
Epoch [6/30], Total Loss: 1.9345, NLL: 0.9938, Masked: 13.4285
Epoch [7/30], Total Loss: 1.9329, NLL: 0.9919, Masked: 13.4325
Epoch [8/30], Total Loss: 1.9333, NLL: 0.9917, Masked: 13.4402
Epoch [9/30], Total Loss: 1.9323, NLL: 0.9906, Masked: 13.4423
Epoch [10/30], Total Loss: 1.9293, NLL: 0.9876, Masked: 13.4430
Epoch [11/30], Total Loss: 1.9288, NLL: 0.9863, Masked: 13.4525
Epoch [12/30], Total Loss: 1.9258, NLL: 0.9840, Masked: 13.4445
Epoch [13/30], Total Loss: 1.9244, NLL: 0.9827, Masked: 13.4430
Epoch [14/30], Total Loss: 1.9215, NLL: 0.9794, Masked: 13.4490
Epoch [15/30], Total Loss: 1.9199, NLL: 0.9772, Masked: 13.4556
Epoch [16/30], Total Loss: 1.9174, NLL: 0.9758, Masked: 13.4403
Epoch [17/30], Total Loss: 1.9175, NLL: 0.9751, Masked: 13.4532
Epoch [18/30], Total Loss: 1.9147, NLL: 0.9728, Masked: 13.4461
Epoch [19/30], Total Loss: 1.9136, NLL: 0.9725, Masked: 13.4340
Epoch [20/30], Total Loss: 1.9140, NLL: 0.9710, Masked: 13.4605
Epoch [21/30], Total Loss: 1.9129, NLL: 0.9696, Masked: 13.4659
Epoch [22/30], Total Loss: 1.9136, NLL: 0.9697, Masked: 13.4736
Epoch [23/30], Total Loss: 1.9102, NLL: 0.9694, Masked: 13.4294
Epoch [24/30], Total Loss: 1.9099, NLL: 0.9673, Masked: 13.4547
Epoch [25/30], Total Loss: 1.9094, NLL: 0.9670, Masked: 13.4518
Epoch [26/30], Total Loss: 1.9068, NLL: 0.9656, Masked: 13.4350
Epoch [27/30], Total Loss: 1.9066, NLL: 0.9655, Masked: 13.4331
Epoch [28/30], Total Loss: 1.9056, NLL: 0.9643, Masked: 13.4357
Epoch [29/30], Total Loss: 1.9050, NLL: 0.9643, Masked: 13.4276
Epoch [30/30], Total Loss: 1.9080, NLL: 0.9637, Masked: 13.4799

==================================================
EVALUATING ON TRAINING DATA
==================================================

==================================================
TEST RESULTS
==================================================
Total Loss: 1.899568
  - ZINB NLL: 0.957067
Total number of masked values: 1026348
  - Number of values with pi >= 0.3477386204426089: 1023476
  - Number of values with pi < 0.3477386204426089: 2872
  - Masked Reconstruction: 13.453557
Mean Absolute Error (MAE): 2.214854
R² Score: -0.041439
==================================================


==================================================
TEST RESULTS
==================================================
Total Loss: 1.988136
  - ZINB NLL: 0.997805
Total number of masked values: 1143556
  - Number of values with pi >= 0.3477386204426089: 1143420
  - Number of values with pi < 0.3477386204426089: 136
  - Masked Reconstruction: 14.136302
Mean Absolute Error (MAE): 2.198764
R² Score: -0.041873
==================================================


>>> Optimizing zinb_nll on VALIDATION set: 0.997805
>>> Full validation metrics: {'total_loss': 1.9881364514587183, 'zinb_nll': 0.9978048195966565, 'mae': 2.1987640857696533, 'r2': -0.04187345504760742, 'masked_loss': 14.136302392942577}

Iteration No: 63 ended. Search finished for the next optimal point.
Time taken: 657.4569
Function value obtained: 0.9978
Current minimum: 0.8551
Iteration No: 64 started. Searching for the next optimal point.

================================================================================
Trial with parameters:
  features: Centr_Nucl
  step_size: 0.25
  bin_size: 1
  sample_fraction: 0.6361037461645234
  moving_average: True
  first_layer_size_factor: 95
  num_layers: 2
  use_conv: True
  conv_channel: 20
  pool_size: 4
  kernel_size: 9
  epochs: 37
  batch_size: 32
  pi_threshold: 0.462217359656081
  learning_rate: 0.0006408942908038773
  dropout_rate: 0.20444620296964836
  masked_recon_weight: 10.0
  regularizer: none
  regularization_weight: 100.0
================================================================================

Creating datasets with:
  features: ['Centr', 'Nucl']
  bin_size: 1
  moving_average: True
  data_point_length: 2000 (from 2000)
  step_size: 500 (from fraction 0.25)
  layers: [np.int64(1520), np.int64(760)] (first=1520, num=2)
  stride: 1 (fixed), padding: same (fixed)


Clipping outliers using 95th percentile * 1.5...
strain_yTW001: Clipping values above 134.25 (P95=89.50). Clipped 27529/1193409 values (2.31%)
strain_FD: Clipping values above 71.92 (P95=47.94). Clipped 95791/4127807 values (2.32%)
strain_dnrp: Clipping values above 243.00 (P95=162.00). Clipped 25649/1119454 values (2.29%)
strain_yEK19: Clipping values above 77.10 (P95=51.40). Clipped 83713/3893623 values (2.15%)
strain_yEK23: Clipping values above 72.00 (P95=48.00). Clipped 86381/3558407 values (2.43%)
strain_yWT03a: Clipping values above 15.00 (P95=10.00). Clipped 10602/347679 values (3.05%)
strain_yWT04a: Clipping values above 58.50 (P95=39.00). Clipped 21095/725406 values (2.91%)
strain_ylic137: Clipping values above 142.50 (P95=95.00). Clipped 28746/1112684 values (2.58%)
Standardizing features: ['Centr', 'Nucl']
Column order in final array (Dataset/Chrom split): ['Value', 'Nucleosome_Distance', 'Centromere_Distance', 'Value_Raw', 'Size_Factor']
Removing 0 empty data points out of 109344
Column order in final array (Dataset/Chrom split): ['Value', 'Nucleosome_Distance', 'Centromere_Distance', 'Value_Raw', 'Size_Factor']
Removing 0 empty data points out of 41184
Column order in final array (Dataset/Chrom split): ['Value', 'Nucleosome_Distance', 'Centromere_Distance', 'Value_Raw', 'Size_Factor']
Removing 0 empty data points out of 42288
Datasets created:
  Train: (109344, 2000, 5), Val: (41184, 2000, 5), Test: (42288, 2000, 5)

Randomly sampled 69554/109344 samples (63.6%)
Applied denoising with 15.0% masking
Applied denoising with 15.0% masking
Applied denoising with 15.0% masking
Epoch [1/37], Total Loss: 46322.7404, NLL: 1.1523, Masked: 4632.1587
Epoch [2/37], Total Loss: 134.8043, NLL: 0.9908, Masked: 13.3813
Epoch [3/37], Total Loss: 135.8677, NLL: 0.9840, Masked: 13.4884
Epoch [4/37], Total Loss: 132.2528, NLL: 0.9779, Masked: 13.1275
Epoch [5/37], Total Loss: 131.7087, NLL: 0.9762, Masked: 13.0732
Epoch [6/37], Total Loss: 131.8696, NLL: 0.9721, Masked: 13.0898
Epoch [7/37], Total Loss: 130.8871, NLL: 0.9677, Masked: 12.9919
Epoch [8/37], Total Loss: 4688.4065, NLL: 0.9688, Masked: 468.7438
Epoch [9/37], Total Loss: 2535.4913, NLL: 0.9646, Masked: 253.4527
Epoch [10/37], Total Loss: 129.6683, NLL: 0.9652, Masked: 12.8703
Epoch [11/37], Total Loss: 129.4235, NLL: 0.9651, Masked: 12.8458
Epoch [12/37], Total Loss: 128.9579, NLL: 0.9644, Masked: 12.7994
Epoch [13/37], Total Loss: 6096.5208, NLL: 0.9616, Masked: 609.5559
Epoch [14/37], Total Loss: 128.1497, NLL: 0.9636, Masked: 12.7186
Epoch [15/37], Total Loss: 132.5815, NLL: 0.9614, Masked: 13.1620
Epoch [16/37], Total Loss: 127.1621, NLL: 0.9625, Masked: 12.6200
Epoch [17/37], Total Loss: 127.2832, NLL: 0.9629, Masked: 12.6320
Epoch [18/37], Total Loss: 126.8914, NLL: 0.9632, Masked: 12.5928
Epoch [19/37], Total Loss: 126.7689, NLL: 0.9632, Masked: 12.5806
Epoch [20/37], Total Loss: 5505.3578, NLL: 0.9622, Masked: 550.4396
Epoch [21/37], Total Loss: 126.2968, NLL: 0.9637, Masked: 12.5333
Epoch [22/37], Total Loss: 6219.3139, NLL: 0.9635, Masked: 621.8351
Epoch [23/37], Total Loss: 1589.9480, NLL: 0.9634, Masked: 158.8985
Epoch [24/37], Total Loss: 125.8280, NLL: 0.9640, Masked: 12.4864
Epoch [25/37], Total Loss: 125.7882, NLL: 0.9625, Masked: 12.4826
Epoch [26/37], Total Loss: 549.9270, NLL: 0.9623, Masked: 54.8965
Epoch [27/37], Total Loss: 1413.5579, NLL: 0.9640, Masked: 141.2594
Epoch [28/37], Total Loss: 125.8932, NLL: 0.9618, Masked: 12.4931
Epoch [29/37], Total Loss: 127.4234, NLL: 0.9625, Masked: 12.6461
Epoch [30/37], Total Loss: 126.7178, NLL: 0.9627, Masked: 12.5755
Epoch [31/37], Total Loss: 2276.7313, NLL: 0.9628, Masked: 227.5769
Epoch [32/37], Total Loss: 8086.2611, NLL: 0.9624, Masked: 808.5299
Epoch [33/37], Total Loss: 125.9604, NLL: 0.9622, Masked: 12.4998
Epoch [34/37], Total Loss: 125.2612, NLL: 0.9629, Masked: 12.4298
Epoch [35/37], Total Loss: 125.1154, NLL: 0.9620, Masked: 12.4153
Epoch [36/37], Total Loss: 125.7510, NLL: 0.9620, Masked: 12.4789
Epoch [37/37], Total Loss: 1216.8864, NLL: 0.9632, Masked: 121.5923

==================================================
EVALUATING ON TRAINING DATA
==================================================

==================================================
TEST RESULTS
==================================================
Total Loss: 123.428987
  - ZINB NLL: 0.950635
Total number of masked values: 3427190
  - Number of values with pi >= 0.462217359656081: 2794932
  - Number of values with pi < 0.462217359656081: 632258
  - Masked Reconstruction: 12.247835
Mean Absolute Error (MAE): 2.278636
R² Score: -0.166229
==================================================


==================================================
TEST RESULTS
==================================================
Total Loss: 140.147441
  - ZINB NLL: 0.948765
Total number of masked values: 2016241
  - Number of values with pi >= 0.462217359656081: 1715034
  - Number of values with pi < 0.462217359656081: 301207
  - Masked Reconstruction: 13.919868
Mean Absolute Error (MAE): 2.202393
R² Score: 0.013758
==================================================


>>> Optimizing zinb_nll on VALIDATION set: 0.948765
>>> Full validation metrics: {'total_loss': 140.1474406532104, 'zinb_nll': 0.9487651052140134, 'mae': 2.202392578125, 'r2': 0.013758361339569092, 'masked_loss': 13.919867595870455}

Iteration No: 64 ended. Search finished for the next optimal point.
Time taken: 1219.9778
Function value obtained: 0.9488
Current minimum: 0.8551
Iteration No: 65 started. Searching for the next optimal point.

================================================================================
Trial with parameters:
  features: Centr_Nucl
  step_size: 0.9328327493912306
  bin_size: 2
  sample_fraction: 0.9705955452273362
  moving_average: True
  first_layer_size_factor: 91
  num_layers: 4
  use_conv: True
  conv_channel: 81
  pool_size: 4
  kernel_size: 5
  epochs: 30
  batch_size: 128
  pi_threshold: 0.6486813826719001
  learning_rate: 0.003053233012839369
  dropout_rate: 0.4763388872996692
  masked_recon_weight: 3.548696585301985
  regularizer: none
  regularization_weight: 100.0
================================================================================

Creating datasets with:
  features: ['Centr', 'Nucl']
  bin_size: 2
  moving_average: True
  data_point_length: 2000 (from 2000)
  step_size: 1865 (from fraction 0.9328327493912306)
  layers: [np.int64(1456), np.int64(728), np.int64(364), np.int64(182)] (first=1456, num=4)
  stride: 1 (fixed), padding: same (fixed)


Clipping outliers using 95th percentile * 1.5...
strain_yTW001: Clipping values above 134.25 (P95=89.50). Clipped 27529/1193409 values (2.31%)
strain_FD: Clipping values above 71.92 (P95=47.94). Clipped 95791/4127807 values (2.32%)
strain_dnrp: Clipping values above 243.00 (P95=162.00). Clipped 25649/1119454 values (2.29%)
strain_yEK19: Clipping values above 77.10 (P95=51.40). Clipped 83713/3893623 values (2.15%)
strain_yEK23: Clipping values above 72.00 (P95=48.00). Clipped 86381/3558407 values (2.43%)
strain_yWT03a: Clipping values above 15.00 (P95=10.00). Clipped 10602/347679 values (3.05%)
strain_yWT04a: Clipping values above 58.50 (P95=39.00). Clipped 21095/725406 values (2.91%)
strain_ylic137: Clipping values above 142.50 (P95=95.00). Clipped 28746/1112684 values (2.58%)
Standardizing features: ['Centr', 'Nucl']
Column order in final array (Dataset/Chrom split): ['Value', 'Nucleosome_Distance', 'Centromere_Distance', 'Value_Raw', 'Size_Factor']
Removing 0 empty data points out of 29400
Column order in final array (Dataset/Chrom split): ['Value', 'Nucleosome_Distance', 'Centromere_Distance', 'Value_Raw', 'Size_Factor']
Removing 0 empty data points out of 11064
Column order in final array (Dataset/Chrom split): ['Value', 'Nucleosome_Distance', 'Centromere_Distance', 'Value_Raw', 'Size_Factor']
Removing 0 empty data points out of 11368
Datasets created:
  Train: (29400, 2000, 5), Val: (11064, 2000, 5), Test: (11368, 2000, 5)

Randomly sampled 28535/29400 samples (97.1%)
Applied denoising with 15.0% masking
Applied denoising with 15.0% masking
Applied denoising with 15.0% masking
Epoch [1/30], Total Loss: 16847280.4546, NLL: 3.3947, Masked: 4747454.9520
Epoch [2/30], Total Loss: 1721109.9874, NLL: 3.9016, Masked: 484996.6980
Epoch [3/30], Total Loss: 676560.6995, NLL: 4.2500, Masked: 190649.2837
Epoch [4/30], Total Loss: 125862.1308, NLL: 4.4827, Masked: 35465.8808
Epoch [5/30], Total Loss: 18939.3825, NLL: 4.5439, Masked: 5335.7165
Epoch [6/30], Total Loss: 34.4103, NLL: 4.6514, Masked: 8.3859
Epoch [7/30], Total Loss: 34.5528, NLL: 4.7186, Masked: 8.4071
Epoch [8/30], Total Loss: 34.5846, NLL: 4.7374, Masked: 8.4108
Epoch [9/30], Total Loss: 34.5465, NLL: 4.7262, Masked: 8.4032
Epoch [10/30], Total Loss: 34.5646, NLL: 4.7292, Masked: 8.4074
Epoch [11/30], Total Loss: 34.6042, NLL: 4.7465, Masked: 8.4137
Epoch [12/30], Total Loss: 34.6483, NLL: 4.7584, Masked: 8.4228
Epoch [13/30], Total Loss: 34.6292, NLL: 4.7582, Masked: 8.4174
Epoch [14/30], Total Loss: 34.6329, NLL: 4.7599, Masked: 8.4180
Epoch [15/30], Total Loss: 34.6570, NLL: 4.7676, Masked: 8.4226
Epoch [16/30], Total Loss: 34.6478, NLL: 4.7688, Masked: 8.4197
Epoch [17/30], Total Loss: 34.6515, NLL: 4.7686, Masked: 8.4208
Epoch [18/30], Total Loss: 34.6657, NLL: 4.7658, Masked: 8.4256
Epoch [19/30], Total Loss: 34.6665, NLL: 4.7659, Masked: 8.4258
Epoch [20/30], Total Loss: 34.6363, NLL: 4.7659, Masked: 8.4173
Epoch [21/30], Total Loss: 34.6430, NLL: 4.7674, Masked: 8.4187
Epoch [22/30], Total Loss: 34.6618, NLL: 4.7700, Masked: 8.4233
Epoch [23/30], Total Loss: 34.6792, NLL: 4.7748, Masked: 8.4269
Epoch [24/30], Total Loss: 34.6631, NLL: 4.7756, Masked: 8.4221
Epoch [25/30], Total Loss: 34.6592, NLL: 4.7783, Masked: 8.4203
Epoch [26/30], Total Loss: 34.6737, NLL: 4.7814, Masked: 8.4234
Epoch [27/30], Total Loss: 34.6763, NLL: 4.7832, Masked: 8.4237
Epoch [28/30], Total Loss: 34.7057, NLL: 4.7842, Masked: 8.4317
Epoch [29/30], Total Loss: 34.6952, NLL: 4.7842, Masked: 8.4287
Epoch [30/30], Total Loss: 34.6772, NLL: 4.7842, Masked: 8.4237

==================================================
EVALUATING ON TRAINING DATA
==================================================

==================================================
TEST RESULTS
==================================================
Total Loss: 34.669609
  - ZINB NLL: 4.784402
Total number of masked values: 2262471
  - Number of values with pi >= 0.6486813826719001: 2251149
  - Number of values with pi < 0.6486813826719001: 11322
  - Masked Reconstruction: 8.421460
Mean Absolute Error (MAE): 2.242327
R² Score: -0.069262
==================================================


==================================================
TEST RESULTS
==================================================
Total Loss: 33.989304
  - ZINB NLL: 4.736015
Total number of masked values: 872770
  - Number of values with pi >= 0.6486813826719001: 868354
  - Number of values with pi < 0.6486813826719001: 4416
  - Masked Reconstruction: 8.243390
Mean Absolute Error (MAE): 2.195790
R² Score: -0.069791
==================================================


>>> Optimizing zinb_nll on VALIDATION set: 4.736015
>>> Full validation metrics: {'total_loss': 33.989303757122094, 'zinb_nll': 4.736015062959662, 'mae': 2.1957895755767822, 'r2': -0.06979143619537354, 'masked_loss': 8.243389772317242}

Iteration No: 65 ended. Search finished for the next optimal point.
Time taken: 717.2119
Function value obtained: 4.7360
Current minimum: 0.8551
Iteration No: 66 started. Searching for the next optimal point.

================================================================================
Trial with parameters:
  features: Centr
  step_size: 0.7110808490925504
  bin_size: 1
  sample_fraction: 0.994306427881709
  moving_average: True
  first_layer_size_factor: 150
  num_layers: 3
  use_conv: False
  conv_channel: 96
  pool_size: 7
  kernel_size: 3
  epochs: 101
  batch_size: 32
  pi_threshold: 0.3
  learning_rate: 1.7359277226069423e-05
  dropout_rate: 0.26888850136543685
  masked_recon_weight: 0.1465178392331821
  regularizer: none
  regularization_weight: 0.014426939967203567
================================================================================

Creating datasets with:
  features: ['Centr']
  bin_size: 1
  moving_average: True
  data_point_length: 2000 (from 2000)
  step_size: 1422 (from fraction 0.7110808490925504)
  layers: [np.int64(2400), np.int64(1200), np.int64(600)] (first=2400, num=3)
  stride: 1 (fixed), padding: same (fixed)


Clipping outliers using 95th percentile * 1.5...
strain_yTW001: Clipping values above 134.25 (P95=89.50). Clipped 27529/1193409 values (2.31%)
strain_FD: Clipping values above 71.92 (P95=47.94). Clipped 95791/4127807 values (2.32%)
strain_dnrp: Clipping values above 243.00 (P95=162.00). Clipped 25649/1119454 values (2.29%)
strain_yEK19: Clipping values above 77.10 (P95=51.40). Clipped 83713/3893623 values (2.15%)
strain_yEK23: Clipping values above 72.00 (P95=48.00). Clipped 86381/3558407 values (2.43%)
strain_yWT03a: Clipping values above 15.00 (P95=10.00). Clipped 10602/347679 values (3.05%)
strain_yWT04a: Clipping values above 58.50 (P95=39.00). Clipped 21095/725406 values (2.91%)
strain_ylic137: Clipping values above 142.50 (P95=95.00). Clipped 28746/1112684 values (2.58%)
Standardizing features: ['Centr']
Column order in final array (Dataset/Chrom split): ['Value', 'Centromere_Distance', 'Value_Raw', 'Size_Factor']
Removing 0 empty data points out of 38528
Column order in final array (Dataset/Chrom split): ['Value', 'Centromere_Distance', 'Value_Raw', 'Size_Factor']
Removing 0 empty data points out of 14504
Column order in final array (Dataset/Chrom split): ['Value', 'Centromere_Distance', 'Value_Raw', 'Size_Factor']
Removing 0 empty data points out of 14896
Datasets created:
  Train: (38528, 2000, 4), Val: (14504, 2000, 4), Test: (14896, 2000, 4)

Randomly sampled 38308/38528 samples (99.4%)
Applied denoising with 15.0% masking
Applied denoising with 15.0% masking
Applied denoising with 15.0% masking
Epoch [1/101], Total Loss: 3.3982, NLL: 1.2615, Masked: 14.5836
Epoch [2/101], Total Loss: 2.9885, NLL: 1.0043, Masked: 13.5418
Epoch [3/101], Total Loss: 2.9745, NLL: 0.9929, Masked: 13.5246
Epoch [4/101], Total Loss: 2.9713, NLL: 0.9920, Masked: 13.5090
Epoch [5/101], Total Loss: 2.9660, NLL: 0.9901, Masked: 13.4861
Epoch [6/101], Total Loss: 2.9567, NLL: 0.9801, Masked: 13.4910
Epoch [7/101], Total Loss: 2.9409, NLL: 0.9663, Masked: 13.4767
Epoch [8/101], Total Loss: 2.9387, NLL: 0.9575, Masked: 13.5218
Epoch [9/101], Total Loss: 2.9325, NLL: 0.9529, Masked: 13.5116
Epoch [10/101], Total Loss: 2.9306, NLL: 0.9508, Masked: 13.5123
Epoch [11/101], Total Loss: 2.9287, NLL: 0.9493, Masked: 13.5099
Epoch [12/101], Total Loss: 2.9258, NLL: 0.9483, Masked: 13.4964
Epoch [13/101], Total Loss: 2.9210, NLL: 0.9469, Masked: 13.4735
Epoch [14/101], Total Loss: 2.9256, NLL: 0.9474, Masked: 13.5012
Epoch [15/101], Total Loss: 2.9250, NLL: 0.9459, Masked: 13.5078
Epoch [16/101], Total Loss: 2.9200, NLL: 0.9455, Masked: 13.4763
Epoch [17/101], Total Loss: 2.9202, NLL: 0.9448, Masked: 13.4823
Epoch [18/101], Total Loss: 2.9168, NLL: 0.9440, Masked: 13.4648
Epoch [19/101], Total Loss: 2.9120, NLL: 0.9400, Masked: 13.4589
Epoch [20/101], Total Loss: 2.9050, NLL: 0.9363, Masked: 13.4366
Epoch [21/101], Total Loss: 2.8974, NLL: 0.9341, Masked: 13.3999
Epoch [22/101], Total Loss: 2.8939, NLL: 0.9326, Masked: 13.3861
Epoch [23/101], Total Loss: 2.8913, NLL: 0.9328, Masked: 13.3667
Epoch [24/101], Total Loss: 2.8902, NLL: 0.9319, Masked: 13.3657
Epoch [25/101], Total Loss: 2.8916, NLL: 0.9316, Masked: 13.3775
Epoch [26/101], Total Loss: 2.8886, NLL: 0.9311, Masked: 13.3606
Epoch [27/101], Total Loss: 2.8810, NLL: 0.9290, Masked: 13.3228
Epoch [28/101], Total Loss: 2.8787, NLL: 0.9269, Masked: 13.3217
Epoch [29/101], Total Loss: 2.8724, NLL: 0.9257, Masked: 13.2860
Epoch [30/101], Total Loss: 2.8702, NLL: 0.9247, Masked: 13.2786
Epoch [31/101], Total Loss: 2.8648, NLL: 0.9243, Masked: 13.2436
Epoch [32/101], Total Loss: 2.8662, NLL: 0.9246, Masked: 13.2515
Epoch [33/101], Total Loss: 2.8640, NLL: 0.9240, Masked: 13.2408
Epoch [34/101], Total Loss: 2.8631, NLL: 0.9237, Masked: 13.2363
Epoch [35/101], Total Loss: 2.8593, NLL: 0.9241, Masked: 13.2076
Epoch [36/101], Total Loss: 2.8605, NLL: 0.9233, Masked: 13.2216
Epoch [37/101], Total Loss: 2.8592, NLL: 0.9232, Masked: 13.2134
Epoch [38/101], Total Loss: 2.8604, NLL: 0.9235, Masked: 13.2192
Epoch [39/101], Total Loss: 2.8571, NLL: 0.9226, Masked: 13.2034
Epoch [40/101], Total Loss: 2.8575, NLL: 0.9224, Masked: 13.2071
Epoch [41/101], Total Loss: 2.8613, NLL: 0.9227, Masked: 13.2315
Epoch [42/101], Total Loss: 2.8553, NLL: 0.9226, Masked: 13.1909
Epoch [43/101], Total Loss: 2.8616, NLL: 0.9223, Masked: 13.2361
Epoch [44/101], Total Loss: 2.8538, NLL: 0.9223, Masked: 13.1826
Epoch [45/101], Total Loss: 2.8515, NLL: 0.9221, Masked: 13.1682
Epoch [46/101], Total Loss: 2.8552, NLL: 0.9219, Masked: 13.1950
Epoch [47/101], Total Loss: 2.8533, NLL: 0.9219, Masked: 13.1825
Epoch [48/101], Total Loss: 2.8514, NLL: 0.9216, Masked: 13.1711
Epoch [49/101], Total Loss: 2.8526, NLL: 0.9216, Masked: 13.1793
Epoch [50/101], Total Loss: 2.8497, NLL: 0.9219, Masked: 13.1576
Epoch [51/101], Total Loss: 2.8541, NLL: 0.9214, Masked: 13.1903
Epoch [52/101], Total Loss: 2.8505, NLL: 0.9216, Masked: 13.1650
Epoch [53/101], Total Loss: 2.8509, NLL: 0.9211, Masked: 13.1713
Epoch [54/101], Total Loss: 2.8482, NLL: 0.9213, Masked: 13.1516
Epoch [55/101], Total Loss: 2.8476, NLL: 0.9209, Masked: 13.1503
Epoch [56/101], Total Loss: 2.8499, NLL: 0.9210, Masked: 13.1653
Epoch [57/101], Total Loss: 2.8491, NLL: 0.9205, Masked: 13.1634
Epoch [58/101], Total Loss: 2.8470, NLL: 0.9206, Masked: 13.1479
Epoch [59/101], Total Loss: 2.8485, NLL: 0.9205, Masked: 13.1587
Epoch [60/101], Total Loss: 2.8504, NLL: 0.9202, Masked: 13.1737
Epoch [61/101], Total Loss: 2.8457, NLL: 0.9204, Masked: 13.1409
Epoch [62/101], Total Loss: 2.8463, NLL: 0.9204, Masked: 13.1442
Epoch [63/101], Total Loss: 2.8460, NLL: 0.9205, Masked: 13.1416
Epoch [64/101], Total Loss: 2.8481, NLL: 0.9198, Masked: 13.1606
Epoch [65/101], Total Loss: 2.8442, NLL: 0.9198, Masked: 13.1343
Epoch [66/101], Total Loss: 2.8457, NLL: 0.9198, Masked: 13.1440
Epoch [67/101], Total Loss: 2.8437, NLL: 0.9199, Masked: 13.1302
Epoch [68/101], Total Loss: 2.8443, NLL: 0.9197, Masked: 13.1349
Epoch [69/101], Total Loss: 2.8436, NLL: 0.9194, Masked: 13.1323
Epoch [70/101], Total Loss: 2.8406, NLL: 0.9196, Masked: 13.1104
Epoch [71/101], Total Loss: 2.8386, NLL: 0.9192, Masked: 13.1003
Epoch [72/101], Total Loss: 2.8402, NLL: 0.9186, Masked: 13.1154
Epoch [73/101], Total Loss: 2.8403, NLL: 0.9188, Masked: 13.1149
Epoch [74/101], Total Loss: 2.8382, NLL: 0.9181, Masked: 13.1046
Epoch [75/101], Total Loss: 2.8352, NLL: 0.9169, Masked: 13.0925
Epoch [76/101], Total Loss: 2.8339, NLL: 0.9167, Masked: 13.0855
Epoch [77/101], Total Loss: 2.8312, NLL: 0.9161, Masked: 13.0709
Epoch [78/101], Total Loss: 2.8316, NLL: 0.9158, Masked: 13.0760
Epoch [79/101], Total Loss: 2.8315, NLL: 0.9158, Masked: 13.0753
Epoch [80/101], Total Loss: 2.8287, NLL: 0.9149, Masked: 13.0625
Epoch [81/101], Total Loss: 2.8299, NLL: 0.9150, Masked: 13.0694
Epoch [82/101], Total Loss: 2.8282, NLL: 0.9146, Masked: 13.0602
Epoch [83/101], Total Loss: 2.8273, NLL: 0.9143, Masked: 13.0566
Epoch [84/101], Total Loss: 2.8300, NLL: 0.9140, Masked: 13.0770
Epoch [85/101], Total Loss: 2.8240, NLL: 0.9138, Masked: 13.0376
Epoch [86/101], Total Loss: 2.8243, NLL: 0.9131, Masked: 13.0442
Epoch [87/101], Total Loss: 2.8253, NLL: 0.9131, Masked: 13.0513
Epoch [88/101], Total Loss: 2.8224, NLL: 0.9132, Masked: 13.0308
Epoch [89/101], Total Loss: 2.8221, NLL: 0.9126, Masked: 13.0325
Epoch [90/101], Total Loss: 2.8186, NLL: 0.9124, Masked: 13.0099
Epoch [91/101], Total Loss: 2.8210, NLL: 0.9130, Masked: 13.0222
Epoch [92/101], Total Loss: 2.8178, NLL: 0.9119, Masked: 13.0079
Epoch [93/101], Total Loss: 2.8196, NLL: 0.9122, Masked: 13.0180
Epoch [94/101], Total Loss: 2.8200, NLL: 0.9118, Masked: 13.0242
Epoch [95/101], Total Loss: 2.8191, NLL: 0.9120, Masked: 13.0160
Epoch [96/101], Total Loss: 2.8185, NLL: 0.9122, Masked: 13.0103
Epoch [97/101], Total Loss: 2.8152, NLL: 0.9111, Masked: 12.9954
Epoch [98/101], Total Loss: 2.8162, NLL: 0.9113, Masked: 13.0011
Epoch [99/101], Total Loss: 2.8165, NLL: 0.9112, Masked: 13.0039
Epoch [100/101], Total Loss: 2.8182, NLL: 0.9115, Masked: 13.0133
Epoch [101/101], Total Loss: 2.8140, NLL: 0.9114, Masked: 12.9857

==================================================
EVALUATING ON TRAINING DATA
==================================================

==================================================
TEST RESULTS
==================================================
Total Loss: 2.802287
  - ZINB NLL: 0.904433
Total number of masked values: 1885589
  - Number of values with pi >= 0.3: 1712100
  - Number of values with pi < 0.3: 173489
  - Masked Reconstruction: 12.953057
Mean Absolute Error (MAE): 2.213737
R² Score: 0.009001
==================================================


==================================================
TEST RESULTS
==================================================
Total Loss: 2.962316
  - ZINB NLL: 0.911730
Total number of masked values: 711127
  - Number of values with pi >= 0.3: 642965
  - Number of values with pi < 0.3: 68162
  - Masked Reconstruction: 13.995469
Mean Absolute Error (MAE): 2.200523
R² Score: -0.002094
==================================================


>>> Optimizing zinb_nll on VALIDATION set: 0.911730
>>> Full validation metrics: {'total_loss': 2.9623156337532888, 'zinb_nll': 0.9117297046893352, 'mae': 2.2005228996276855, 'r2': -0.0020940303802490234, 'masked_loss': 13.995469048874062}

Iteration No: 66 ended. Search finished for the next optimal point.
Time taken: 1573.8123
Function value obtained: 0.9117
Current minimum: 0.8551
Iteration No: 67 started. Searching for the next optimal point.

================================================================================
Trial with parameters:
  features: Nucl
  step_size: 1.0
  bin_size: 1
  sample_fraction: 1.0
  moving_average: True
  first_layer_size_factor: 150
  num_layers: 5
  use_conv: True
  conv_channel: 128
  pool_size: 2
  kernel_size: 3
  epochs: 150
  batch_size: 128
  pi_threshold: 0.3
  learning_rate: 1.724233274930171e-05
  dropout_rate: 0.0
  masked_recon_weight: 0.001
  regularizer: none
  regularization_weight: 3.112593739681889
================================================================================

Creating datasets with:
  features: ['Nucl']
  bin_size: 1
  moving_average: True
  data_point_length: 2000 (from 2000)
  step_size: 2000 (from fraction 1.0)
  layers: [np.int64(2400), np.int64(1200), np.int64(600), np.int64(300), np.int64(150)] (first=2400, num=5)
  stride: 1 (fixed), padding: same (fixed)


Clipping outliers using 95th percentile * 1.5...
strain_yTW001: Clipping values above 134.25 (P95=89.50). Clipped 27529/1193409 values (2.31%)
strain_FD: Clipping values above 71.92 (P95=47.94). Clipped 95791/4127807 values (2.32%)
strain_dnrp: Clipping values above 243.00 (P95=162.00). Clipped 25649/1119454 values (2.29%)
strain_yEK19: Clipping values above 77.10 (P95=51.40). Clipped 83713/3893623 values (2.15%)
strain_yEK23: Clipping values above 72.00 (P95=48.00). Clipped 86381/3558407 values (2.43%)
strain_yWT03a: Clipping values above 15.00 (P95=10.00). Clipped 10602/347679 values (3.05%)
strain_yWT04a: Clipping values above 58.50 (P95=39.00). Clipped 21095/725406 values (2.91%)
strain_ylic137: Clipping values above 142.50 (P95=95.00). Clipped 28746/1112684 values (2.58%)
Standardizing features: ['Nucl']
Column order in final array (Dataset/Chrom split): ['Value', 'Nucleosome_Distance', 'Value_Raw', 'Size_Factor']
Removing 0 empty data points out of 27424
Column order in final array (Dataset/Chrom split): ['Value', 'Nucleosome_Distance', 'Value_Raw', 'Size_Factor']
Removing 0 empty data points out of 10328
Column order in final array (Dataset/Chrom split): ['Value', 'Nucleosome_Distance', 'Value_Raw', 'Size_Factor']
Removing 0 empty data points out of 10608
Datasets created:
  Train: (27424, 2000, 4), Val: (10328, 2000, 4), Test: (10608, 2000, 4)

Applied denoising with 15.0% masking
Applied denoising with 15.0% masking
Applied denoising with 15.0% masking
Epoch [1/150], Total Loss: 1.3173, NLL: 1.3001, Masked: 17.2059
Epoch [2/150], Total Loss: 1.0307, NLL: 1.0173, Masked: 13.4780
Epoch [3/150], Total Loss: 1.0076, NLL: 0.9941, Masked: 13.4528
Epoch [4/150], Total Loss: 0.9933, NLL: 0.9798, Masked: 13.4298
Epoch [5/150], Total Loss: 0.9641, NLL: 0.9507, Masked: 13.4084
Epoch [6/150], Total Loss: 0.9533, NLL: 0.9399, Masked: 13.4058
Epoch [7/150], Total Loss: 0.9510, NLL: 0.9376, Masked: 13.4121
Epoch [8/150], Total Loss: 0.9495, NLL: 0.9361, Masked: 13.3990
Epoch [9/150], Total Loss: 0.9489, NLL: 0.9355, Masked: 13.3987
Epoch [10/150], Total Loss: 0.9487, NLL: 0.9353, Masked: 13.3828
Epoch [11/150], Total Loss: 0.9480, NLL: 0.9347, Masked: 13.3750
Epoch [12/150], Total Loss: 0.9476, NLL: 0.9342, Masked: 13.3704
Epoch [13/150], Total Loss: 0.9473, NLL: 0.9340, Masked: 13.3691
Epoch [14/150], Total Loss: 0.9470, NLL: 0.9336, Masked: 13.3483
Epoch [15/150], Total Loss: 0.9470, NLL: 0.9337, Masked: 13.3393
Epoch [16/150], Total Loss: 0.9470, NLL: 0.9336, Masked: 13.3414
Epoch [17/150], Total Loss: 0.9466, NLL: 0.9332, Masked: 13.3435
Epoch [18/150], Total Loss: 0.9463, NLL: 0.9330, Masked: 13.3268
Epoch [19/150], Total Loss: 0.9463, NLL: 0.9329, Masked: 13.3285
Epoch [20/150], Total Loss: 0.9462, NLL: 0.9329, Masked: 13.3251
Epoch [21/150], Total Loss: 0.9462, NLL: 0.9329, Masked: 13.3216
Epoch [22/150], Total Loss: 0.9461, NLL: 0.9328, Masked: 13.3232
Epoch [23/150], Total Loss: 0.9458, NLL: 0.9325, Masked: 13.3170
Epoch [24/150], Total Loss: 0.9456, NLL: 0.9322, Masked: 13.3176
Epoch [25/150], Total Loss: 0.9459, NLL: 0.9326, Masked: 13.3166
Epoch [26/150], Total Loss: 0.9460, NLL: 0.9327, Masked: 13.3198
Epoch [27/150], Total Loss: 0.9454, NLL: 0.9321, Masked: 13.3155
Epoch [28/150], Total Loss: 0.9452, NLL: 0.9318, Masked: 13.3082
Epoch [29/150], Total Loss: 0.9451, NLL: 0.9317, Masked: 13.3277
Epoch [30/150], Total Loss: 0.9440, NLL: 0.9307, Masked: 13.3149
Epoch [31/150], Total Loss: 0.9413, NLL: 0.9280, Masked: 13.3007
Epoch [32/150], Total Loss: 0.9383, NLL: 0.9250, Masked: 13.3049
Epoch [33/150], Total Loss: 0.9365, NLL: 0.9232, Masked: 13.2835
Epoch [34/150], Total Loss: 0.9357, NLL: 0.9224, Masked: 13.2813
Epoch [35/150], Total Loss: 0.9348, NLL: 0.9215, Masked: 13.2666
Epoch [36/150], Total Loss: 0.9341, NLL: 0.9208, Masked: 13.2570
Epoch [37/150], Total Loss: 0.9332, NLL: 0.9199, Masked: 13.2587
Epoch [38/150], Total Loss: 0.9325, NLL: 0.9192, Masked: 13.2487
Epoch [39/150], Total Loss: 0.9320, NLL: 0.9187, Masked: 13.2353
Epoch [40/150], Total Loss: 0.9317, NLL: 0.9184, Masked: 13.2332
Epoch [41/150], Total Loss: 0.9316, NLL: 0.9184, Masked: 13.2322
Epoch [42/150], Total Loss: 0.9312, NLL: 0.9180, Masked: 13.2282
Epoch [43/150], Total Loss: 0.9307, NLL: 0.9175, Masked: 13.2135
Epoch [44/150], Total Loss: 0.9292, NLL: 0.9160, Masked: 13.2166
Epoch [45/150], Total Loss: 0.9259, NLL: 0.9127, Masked: 13.1987
Epoch [46/150], Total Loss: 0.9241, NLL: 0.9109, Masked: 13.1736
Epoch [47/150], Total Loss: 0.9237, NLL: 0.9105, Masked: 13.1763
Epoch [48/150], Total Loss: 0.9231, NLL: 0.9099, Masked: 13.1688
Epoch [49/150], Total Loss: 0.9227, NLL: 0.9096, Masked: 13.1594
Epoch [50/150], Total Loss: 0.9226, NLL: 0.9094, Masked: 13.1622
Epoch [51/150], Total Loss: 0.9223, NLL: 0.9091, Masked: 13.1663
Epoch [52/150], Total Loss: 0.9221, NLL: 0.9090, Masked: 13.1620
Epoch [53/150], Total Loss: 0.9221, NLL: 0.9089, Masked: 13.1464
Epoch [54/150], Total Loss: 0.9218, NLL: 0.9086, Masked: 13.1538
Epoch [55/150], Total Loss: 0.9218, NLL: 0.9086, Masked: 13.1506
Epoch [56/150], Total Loss: 0.9215, NLL: 0.9083, Masked: 13.1473
Epoch [57/150], Total Loss: 0.9213, NLL: 0.9082, Masked: 13.1464
Epoch [58/150], Total Loss: 0.9212, NLL: 0.9080, Masked: 13.1356
Epoch [59/150], Total Loss: 0.9209, NLL: 0.9078, Masked: 13.1449
Epoch [60/150], Total Loss: 0.9208, NLL: 0.9077, Masked: 13.1292
Epoch [61/150], Total Loss: 0.9207, NLL: 0.9075, Masked: 13.1239
Epoch [62/150], Total Loss: 0.9208, NLL: 0.9077, Masked: 13.1278
Epoch [63/150], Total Loss: 0.9204, NLL: 0.9073, Masked: 13.1340
Epoch [64/150], Total Loss: 0.9205, NLL: 0.9073, Masked: 13.1223
Epoch [65/150], Total Loss: 0.9205, NLL: 0.9074, Masked: 13.1299
Epoch [66/150], Total Loss: 0.9203, NLL: 0.9072, Masked: 13.1227
Epoch [67/150], Total Loss: 0.9204, NLL: 0.9072, Masked: 13.1211
Epoch [68/150], Total Loss: 0.9200, NLL: 0.9068, Masked: 13.1168
Epoch [69/150], Total Loss: 0.9199, NLL: 0.9067, Masked: 13.1129
Epoch [70/150], Total Loss: 0.9196, NLL: 0.9065, Masked: 13.1059
Epoch [71/150], Total Loss: 0.9196, NLL: 0.9065, Masked: 13.1120
Epoch [72/150], Total Loss: 0.9195, NLL: 0.9064, Masked: 13.1113
Epoch [73/150], Total Loss: 0.9193, NLL: 0.9062, Masked: 13.1078
Epoch [74/150], Total Loss: 0.9194, NLL: 0.9063, Masked: 13.1036
Epoch [75/150], Total Loss: 0.9192, NLL: 0.9061, Masked: 13.1126
Epoch [76/150], Total Loss: 0.9192, NLL: 0.9061, Masked: 13.1054
Epoch [77/150], Total Loss: 0.9190, NLL: 0.9059, Masked: 13.0991
Epoch [78/150], Total Loss: 0.9189, NLL: 0.9058, Masked: 13.1059
Epoch [79/150], Total Loss: 0.9186, NLL: 0.9055, Masked: 13.1016
Epoch [80/150], Total Loss: 0.9185, NLL: 0.9054, Masked: 13.0945
Epoch [81/150], Total Loss: 0.9184, NLL: 0.9053, Masked: 13.0913
Epoch [82/150], Total Loss: 0.9184, NLL: 0.9053, Masked: 13.0915
Epoch [83/150], Total Loss: 0.9181, NLL: 0.9050, Masked: 13.0959
Epoch [84/150], Total Loss: 0.9179, NLL: 0.9048, Masked: 13.0917
Epoch [85/150], Total Loss: 0.9175, NLL: 0.9044, Masked: 13.0818
Epoch [86/150], Total Loss: 0.9176, NLL: 0.9045, Masked: 13.0794
Epoch [87/150], Total Loss: 0.9166, NLL: 0.9036, Masked: 13.0711
Epoch [88/150], Total Loss: 0.9161, NLL: 0.9030, Masked: 13.0645
Epoch [89/150], Total Loss: 0.9156, NLL: 0.9025, Masked: 13.0641
Epoch [90/150], Total Loss: 0.9152, NLL: 0.9022, Masked: 13.0602
Epoch [91/150], Total Loss: 0.9148, NLL: 0.9018, Masked: 13.0535
Epoch [92/150], Total Loss: 0.9147, NLL: 0.9017, Masked: 13.0614
Epoch [93/150], Total Loss: 0.9144, NLL: 0.9014, Masked: 13.0615
Epoch [94/150], Total Loss: 0.9142, NLL: 0.9011, Masked: 13.0452
Epoch [95/150], Total Loss: 0.9139, NLL: 0.9009, Masked: 13.0395
Epoch [96/150], Total Loss: 0.9137, NLL: 0.9007, Masked: 13.0328
Epoch [97/150], Total Loss: 0.9135, NLL: 0.9004, Masked: 13.0389
Epoch [98/150], Total Loss: 0.9134, NLL: 0.9003, Masked: 13.0527
Epoch [99/150], Total Loss: 0.9132, NLL: 0.9002, Masked: 13.0302
Epoch [100/150], Total Loss: 0.9129, NLL: 0.8999, Masked: 13.0303
Epoch [101/150], Total Loss: 0.9127, NLL: 0.8997, Masked: 13.0235
Epoch [102/150], Total Loss: 0.9128, NLL: 0.8998, Masked: 13.0295
Epoch [103/150], Total Loss: 0.9123, NLL: 0.8993, Masked: 13.0243
Epoch [104/150], Total Loss: 0.9117, NLL: 0.8987, Masked: 13.0184
Epoch [105/150], Total Loss: 0.9111, NLL: 0.8981, Masked: 13.0064
Epoch [106/150], Total Loss: 0.9102, NLL: 0.8972, Masked: 13.0166
Epoch [107/150], Total Loss: 0.9096, NLL: 0.8966, Masked: 12.9934
Epoch [108/150], Total Loss: 0.9092, NLL: 0.8962, Masked: 12.9928
Epoch [109/150], Total Loss: 0.9090, NLL: 0.8960, Masked: 12.9896
Epoch [110/150], Total Loss: 0.9087, NLL: 0.8957, Masked: 13.0081
Epoch [111/150], Total Loss: 0.9082, NLL: 0.8952, Masked: 13.0024
Epoch [112/150], Total Loss: 0.9082, NLL: 0.8952, Masked: 12.9754
Epoch [113/150], Total Loss: 0.9076, NLL: 0.8946, Masked: 12.9686
Epoch [114/150], Total Loss: 0.9075, NLL: 0.8945, Masked: 12.9766
Epoch [115/150], Total Loss: 0.9074, NLL: 0.8944, Masked: 12.9752
Epoch [116/150], Total Loss: 0.9070, NLL: 0.8940, Masked: 12.9731
Epoch [117/150], Total Loss: 0.9068, NLL: 0.8939, Masked: 12.9569
Epoch [118/150], Total Loss: 0.9065, NLL: 0.8936, Masked: 12.9558
Epoch [119/150], Total Loss: 0.9066, NLL: 0.8936, Masked: 12.9569
Epoch [120/150], Total Loss: 0.9062, NLL: 0.8933, Masked: 12.9454
Epoch [121/150], Total Loss: 0.9060, NLL: 0.8931, Masked: 12.9393
Epoch [122/150], Total Loss: 0.9058, NLL: 0.8928, Masked: 12.9436
Epoch [123/150], Total Loss: 0.9057, NLL: 0.8928, Masked: 12.9454
Epoch [124/150], Total Loss: 0.9057, NLL: 0.8927, Masked: 12.9493
Epoch [125/150], Total Loss: 0.9053, NLL: 0.8924, Masked: 12.9374
Epoch [126/150], Total Loss: 0.9051, NLL: 0.8921, Masked: 12.9307
Epoch [127/150], Total Loss: 0.9049, NLL: 0.8920, Masked: 12.9268
Epoch [128/150], Total Loss: 0.9048, NLL: 0.8919, Masked: 12.9301
Epoch [129/150], Total Loss: 0.9045, NLL: 0.8916, Masked: 12.9176
Epoch [130/150], Total Loss: 0.9046, NLL: 0.8916, Masked: 12.9238
Epoch [131/150], Total Loss: 0.9041, NLL: 0.8912, Masked: 12.9063
Epoch [132/150], Total Loss: 0.9041, NLL: 0.8912, Masked: 12.9005
Epoch [133/150], Total Loss: 0.9038, NLL: 0.8909, Masked: 12.9088
Epoch [134/150], Total Loss: 0.9038, NLL: 0.8909, Masked: 12.9037
Epoch [135/150], Total Loss: 0.9036, NLL: 0.8907, Masked: 12.8997
Epoch [136/150], Total Loss: 0.9035, NLL: 0.8906, Masked: 12.9060
Epoch [137/150], Total Loss: 0.9031, NLL: 0.8903, Masked: 12.8952
Epoch [138/150], Total Loss: 0.9032, NLL: 0.8903, Masked: 12.8896
Epoch [139/150], Total Loss: 0.9029, NLL: 0.8900, Masked: 12.8815
Epoch [140/150], Total Loss: 0.9027, NLL: 0.8898, Masked: 12.8885
Epoch [141/150], Total Loss: 0.9025, NLL: 0.8896, Masked: 12.8780
Epoch [142/150], Total Loss: 0.9022, NLL: 0.8894, Masked: 12.8785
Epoch [143/150], Total Loss: 0.9021, NLL: 0.8892, Masked: 12.8650
Epoch [144/150], Total Loss: 0.9021, NLL: 0.8892, Masked: 12.8781
Epoch [145/150], Total Loss: 0.9018, NLL: 0.8889, Masked: 12.8664
Epoch [146/150], Total Loss: 0.9017, NLL: 0.8888, Masked: 12.8687
Epoch [147/150], Total Loss: 0.9015, NLL: 0.8886, Masked: 12.8581
Epoch [148/150], Total Loss: 0.9014, NLL: 0.8885, Masked: 12.8514
Epoch [149/150], Total Loss: 0.9013, NLL: 0.8884, Masked: 12.8644
Epoch [150/150], Total Loss: 0.9010, NLL: 0.8881, Masked: 12.8438

==================================================
EVALUATING ON TRAINING DATA
==================================================

==================================================
TEST RESULTS
==================================================
Total Loss: 0.899954
  - ZINB NLL: 0.887102
Total number of masked values: 1349841
  - Number of values with pi >= 0.3: 1186945
  - Number of values with pi < 0.3: 162896
  - Masked Reconstruction: 12.851983
Mean Absolute Error (MAE): 2.227541
R² Score: 0.028092
==================================================


==================================================
TEST RESULTS
==================================================
Total Loss: 0.913565
  - ZINB NLL: 0.899707
Total number of masked values: 506645
  - Number of values with pi >= 0.3: 448399
  - Number of values with pi < 0.3: 58246
  - Masked Reconstruction: 13.858367
Mean Absolute Error (MAE): 2.225760
R² Score: -0.004197
==================================================


>>> Optimizing zinb_nll on VALIDATION set: 0.899707
>>> Full validation metrics: {'total_loss': 0.9135651634609302, 'zinb_nll': 0.8997067970235989, 'mae': 2.2257604598999023, 'r2': -0.004197359085083008, 'masked_loss': 13.858366742418497}

Iteration No: 67 ended. Search finished for the next optimal point.
Time taken: 2916.9323
Function value obtained: 0.8997
Current minimum: 0.8551
Iteration No: 68 started. Searching for the next optimal point.

================================================================================
Trial with parameters:
  features: Nucl
  step_size: 1.0
  bin_size: 1
  sample_fraction: 0.25
  moving_average: True
  first_layer_size_factor: 150
  num_layers: 1
  use_conv: True
  conv_channel: 128
  pool_size: 2
  kernel_size: 3
  epochs: 150
  batch_size: 128
  pi_threshold: 0.3
  learning_rate: 1e-05
  dropout_rate: 0.47765070952132377
  masked_recon_weight: 0.009702708463218137
  regularizer: l1
  regularization_weight: 0.6776952859636171
================================================================================

Creating datasets with:
  features: ['Nucl']
  bin_size: 1
  moving_average: True
  data_point_length: 2000 (from 2000)
  step_size: 2000 (from fraction 1.0)
  layers: [np.int64(2400)] (first=2400, num=1)
  stride: 1 (fixed), padding: same (fixed)


Clipping outliers using 95th percentile * 1.5...
strain_yTW001: Clipping values above 134.25 (P95=89.50). Clipped 27529/1193409 values (2.31%)
strain_FD: Clipping values above 71.92 (P95=47.94). Clipped 95791/4127807 values (2.32%)
strain_dnrp: Clipping values above 243.00 (P95=162.00). Clipped 25649/1119454 values (2.29%)
strain_yEK19: Clipping values above 77.10 (P95=51.40). Clipped 83713/3893623 values (2.15%)
strain_yEK23: Clipping values above 72.00 (P95=48.00). Clipped 86381/3558407 values (2.43%)
strain_yWT03a: Clipping values above 15.00 (P95=10.00). Clipped 10602/347679 values (3.05%)
strain_yWT04a: Clipping values above 58.50 (P95=39.00). Clipped 21095/725406 values (2.91%)
strain_ylic137: Clipping values above 142.50 (P95=95.00). Clipped 28746/1112684 values (2.58%)
Standardizing features: ['Nucl']
Column order in final array (Dataset/Chrom split): ['Value', 'Nucleosome_Distance', 'Value_Raw', 'Size_Factor']
Removing 0 empty data points out of 27424
Column order in final array (Dataset/Chrom split): ['Value', 'Nucleosome_Distance', 'Value_Raw', 'Size_Factor']
Removing 0 empty data points out of 10328
Column order in final array (Dataset/Chrom split): ['Value', 'Nucleosome_Distance', 'Value_Raw', 'Size_Factor']
Removing 0 empty data points out of 10608
Datasets created:
  Train: (27424, 2000, 4), Val: (10328, 2000, 4), Test: (10608, 2000, 4)

Randomly sampled 6856/27424 samples (25.0%)
Applied denoising with 15.0% masking
Applied denoising with 15.0% masking
Applied denoising with 15.0% masking
Epoch [1/150], Total Loss: 258317.0938, NLL: 2.1018, Masked: 31.8293, Reg: 258314.688644
Epoch [2/150], Total Loss: 163001.2645, NLL: 2.1008, Masked: 31.8211, Reg: 162998.856802
Epoch [3/150], Total Loss: 90048.5522, NLL: 2.1000, Masked: 31.8449, Reg: 90046.144901
Epoch [4/150], Total Loss: 39579.2095, NLL: 2.0995, Masked: 31.8265, Reg: 39576.801905
Epoch [5/150], Total Loss: 11597.3230, NLL: 2.0991, Masked: 31.8304, Reg: 11594.915296
Epoch [6/150], Total Loss: 4004.7411, NLL: 2.0988, Masked: 31.8277, Reg: 4002.333561
Epoch [7/150], Total Loss: 3196.4686, NLL: 2.0986, Masked: 31.8312, Reg: 3194.061233
Epoch [8/150], Total Loss: 3105.9962, NLL: 2.0983, Masked: 31.8165, Reg: 3103.589282
Epoch [9/150], Total Loss: 3103.5715, NLL: 2.0981, Masked: 31.8244, Reg: 3101.164677
Epoch [10/150], Total Loss: 3102.5847, NLL: 2.0978, Masked: 31.8311, Reg: 3100.178060
Epoch [11/150], Total Loss: 3101.5296, NLL: 2.0976, Masked: 31.8259, Reg: 3099.123305
Epoch [12/150], Total Loss: 3100.4156, NLL: 2.0973, Masked: 31.8161, Reg: 3098.009689
Epoch [13/150], Total Loss: 3099.3513, NLL: 2.0971, Masked: 31.8262, Reg: 3096.945485
Epoch [14/150], Total Loss: 3098.3509, NLL: 2.0968, Masked: 31.8285, Reg: 3095.945331
Epoch [15/150], Total Loss: 3097.3231, NLL: 2.0966, Masked: 31.8302, Reg: 3094.917788
Epoch [16/150], Total Loss: 3096.2311, NLL: 2.0963, Masked: 31.8307, Reg: 3093.825954
Epoch [17/150], Total Loss: 3095.1672, NLL: 2.0961, Masked: 31.8279, Reg: 3092.762370
Epoch [18/150], Total Loss: 3094.1171, NLL: 2.0958, Masked: 31.8368, Reg: 3091.712460
Epoch [19/150], Total Loss: 3093.0673, NLL: 2.0956, Masked: 31.8510, Reg: 3090.662737
Epoch [20/150], Total Loss: 3092.0448, NLL: 2.0953, Masked: 31.8179, Reg: 3089.640752
Epoch [21/150], Total Loss: 3090.9324, NLL: 2.0951, Masked: 31.8349, Reg: 3088.528449
Epoch [22/150], Total Loss: 3089.9157, NLL: 2.0948, Masked: 31.8408, Reg: 3087.511937
Epoch [23/150], Total Loss: 3088.8179, NLL: 2.0946, Masked: 31.8326, Reg: 3086.414477
Epoch [24/150], Total Loss: 3087.8250, NLL: 2.0943, Masked: 31.8332, Reg: 3085.421861
Epoch [25/150], Total Loss: 3086.7433, NLL: 2.0941, Masked: 31.8139, Reg: 3084.340607
Epoch [26/150], Total Loss: 3085.7142, NLL: 2.0938, Masked: 31.8279, Reg: 3083.311580
Epoch [27/150], Total Loss: 3084.6772, NLL: 2.0936, Masked: 31.8318, Reg: 3082.274808
Epoch [28/150], Total Loss: 3083.5985, NLL: 2.0933, Masked: 31.8302, Reg: 3081.196355
Epoch [29/150], Total Loss: 3082.5967, NLL: 2.0931, Masked: 31.8214, Reg: 3080.194915
Epoch [30/150], Total Loss: 3081.5232, NLL: 2.0928, Masked: 31.8303, Reg: 3079.121580
Epoch [31/150], Total Loss: 3080.5093, NLL: 2.0926, Masked: 31.8408, Reg: 3078.107855
Epoch [32/150], Total Loss: 3079.4629, NLL: 2.0923, Masked: 31.8266, Reg: 3077.061809
Epoch [33/150], Total Loss: 3078.3824, NLL: 2.0921, Masked: 31.8065, Reg: 3075.981768
Epoch [34/150], Total Loss: 3077.3352, NLL: 2.0918, Masked: 31.8249, Reg: 3074.934688
Epoch [35/150], Total Loss: 3076.3000, NLL: 2.0916, Masked: 31.8268, Reg: 3073.899635
Epoch [36/150], Total Loss: 3075.2833, NLL: 2.0913, Masked: 31.8497, Reg: 3072.882964
Epoch [37/150], Total Loss: 3074.1918, NLL: 2.0911, Masked: 31.8322, Reg: 3071.791888
Epoch [38/150], Total Loss: 3073.1448, NLL: 2.0908, Masked: 31.8418, Reg: 3070.745052
Epoch [39/150], Total Loss: 3072.1350, NLL: 2.0906, Masked: 31.8278, Reg: 3069.735712
Epoch [40/150], Total Loss: 3071.1001, NLL: 2.0903, Masked: 31.8288, Reg: 3068.700968
Epoch [41/150], Total Loss: 3070.0431, NLL: 2.0901, Masked: 31.8263, Reg: 3067.644227
Epoch [42/150], Total Loss: 3069.0113, NLL: 2.0898, Masked: 31.8203, Reg: 3066.612810
Epoch [43/150], Total Loss: 3067.9722, NLL: 2.0896, Masked: 31.8326, Reg: 3065.573853
Epoch [44/150], Total Loss: 3066.9298, NLL: 2.0893, Masked: 31.8161, Reg: 3064.531797
Epoch [45/150], Total Loss: 3065.8515, NLL: 2.0891, Masked: 31.8138, Reg: 3063.453752
Epoch [46/150], Total Loss: 3064.9148, NLL: 2.0888, Masked: 31.8363, Reg: 3062.517117
Epoch [47/150], Total Loss: 3063.8175, NLL: 2.0886, Masked: 31.8130, Reg: 3061.420275
Epoch [48/150], Total Loss: 3062.7207, NLL: 2.0883, Masked: 31.8144, Reg: 3060.323740
Epoch [49/150], Total Loss: 3061.7207, NLL: 2.0881, Masked: 31.8301, Reg: 3059.323865
Epoch [50/150], Total Loss: 3060.7323, NLL: 2.0878, Masked: 31.8378, Reg: 3058.335589
Epoch [51/150], Total Loss: 3059.6535, NLL: 2.0876, Masked: 31.8253, Reg: 3057.257247
Epoch [52/150], Total Loss: 3058.5963, NLL: 2.0873, Masked: 31.8265, Reg: 3056.200260
Epoch [53/150], Total Loss: 3057.6003, NLL: 2.0871, Masked: 31.8367, Reg: 3055.204325
Epoch [54/150], Total Loss: 3056.5467, NLL: 2.0868, Masked: 31.8457, Reg: 3054.150891
Epoch [55/150], Total Loss: 3055.5268, NLL: 2.0866, Masked: 31.8146, Reg: 3053.131560
Epoch [56/150], Total Loss: 3054.5101, NLL: 2.0863, Masked: 31.8169, Reg: 3052.115091
Epoch [57/150], Total Loss: 3053.4753, NLL: 2.0861, Masked: 31.8180, Reg: 3051.080483
Epoch [58/150], Total Loss: 3052.4061, NLL: 2.0858, Masked: 31.8313, Reg: 3050.011474
Epoch [59/150], Total Loss: 3051.3949, NLL: 2.0856, Masked: 31.8310, Reg: 3049.000513
Epoch [60/150], Total Loss: 3050.4094, NLL: 2.0853, Masked: 31.8285, Reg: 3048.015257
Epoch [61/150], Total Loss: 3049.3114, NLL: 2.0851, Masked: 31.8409, Reg: 3046.917398
Epoch [62/150], Total Loss: 3048.2754, NLL: 2.0848, Masked: 31.8446, Reg: 3045.881582
Epoch [63/150], Total Loss: 3047.2803, NLL: 2.0846, Masked: 31.8527, Reg: 3044.886670
Epoch [64/150], Total Loss: 3046.2673, NLL: 2.0843, Masked: 31.8065, Reg: 3043.874368
Epoch [65/150], Total Loss: 3045.1318, NLL: 2.0841, Masked: 31.8253, Reg: 3042.739029
Epoch [66/150], Total Loss: 3044.1875, NLL: 2.0838, Masked: 31.7897, Reg: 3041.795268
Epoch [67/150], Total Loss: 3043.1777, NLL: 2.0836, Masked: 31.8189, Reg: 3040.785422
Epoch [68/150], Total Loss: 3042.0880, NLL: 2.0833, Masked: 31.8354, Reg: 3039.695807
Epoch [69/150], Total Loss: 3041.0542, NLL: 2.0831, Masked: 31.8202, Reg: 3038.662409
Epoch [70/150], Total Loss: 3040.0801, NLL: 2.0828, Masked: 31.8280, Reg: 3037.688500
Epoch [71/150], Total Loss: 3039.0679, NLL: 2.0826, Masked: 31.8063, Reg: 3036.676745
Epoch [72/150], Total Loss: 3038.0169, NLL: 2.0823, Masked: 31.8172, Reg: 3035.625920
Epoch [73/150], Total Loss: 3036.9706, NLL: 2.0821, Masked: 31.8388, Reg: 3034.579585
Epoch [74/150], Total Loss: 3035.9658, NLL: 2.0818, Masked: 31.8435, Reg: 3033.575030
Epoch [75/150], Total Loss: 3034.9254, NLL: 2.0816, Masked: 31.8196, Reg: 3032.535100
Epoch [76/150], Total Loss: 3033.9157, NLL: 2.0813, Masked: 31.8181, Reg: 3031.525710
Epoch [77/150], Total Loss: 3032.8950, NLL: 2.0811, Masked: 31.8277, Reg: 3030.505134
Epoch [78/150], Total Loss: 3031.8363, NLL: 2.0808, Masked: 31.8390, Reg: 3029.446621
Epoch [79/150], Total Loss: 3030.8050, NLL: 2.0806, Masked: 31.8126, Reg: 3028.415849
Epoch [80/150], Total Loss: 3029.8104, NLL: 2.0803, Masked: 31.8345, Reg: 3027.421245
Epoch [81/150], Total Loss: 3028.8186, NLL: 2.0801, Masked: 31.8339, Reg: 3026.429715
Epoch [82/150], Total Loss: 3027.7368, NLL: 2.0798, Masked: 31.8371, Reg: 3025.348130
Epoch [83/150], Total Loss: 3026.7299, NLL: 2.0796, Masked: 31.8276, Reg: 3024.341570
Epoch [84/150], Total Loss: 3025.7406, NLL: 2.0793, Masked: 31.8446, Reg: 3023.352278
Epoch [85/150], Total Loss: 3024.7038, NLL: 2.0791, Masked: 31.8245, Reg: 3022.316035
Epoch [86/150], Total Loss: 3023.7286, NLL: 2.0788, Masked: 31.8024, Reg: 3021.341205
Epoch [87/150], Total Loss: 3022.6718, NLL: 2.0786, Masked: 31.8239, Reg: 3020.284475
Epoch [88/150], Total Loss: 3021.6705, NLL: 2.0783, Masked: 31.8231, Reg: 3019.283435
Epoch [89/150], Total Loss: 3020.6038, NLL: 2.0781, Masked: 31.8425, Reg: 3018.216778
Epoch [90/150], Total Loss: 3019.6428, NLL: 2.0778, Masked: 31.8460, Reg: 3017.256061
Epoch [91/150], Total Loss: 3018.6154, NLL: 2.0776, Masked: 31.8282, Reg: 3016.229095
Epoch [92/150], Total Loss: 3017.5846, NLL: 2.0773, Masked: 31.8093, Reg: 3015.198710
Epoch [93/150], Total Loss: 3016.5278, NLL: 2.0771, Masked: 31.8213, Reg: 3014.142036
Epoch [94/150], Total Loss: 3015.5365, NLL: 2.0768, Masked: 31.8317, Reg: 3013.150827
Epoch [95/150], Total Loss: 3014.5673, NLL: 2.0766, Masked: 31.8124, Reg: 3012.182076
Epoch [96/150], Total Loss: 3013.5087, NLL: 2.0763, Masked: 31.8400, Reg: 3011.123451
Epoch [97/150], Total Loss: 3012.5073, NLL: 2.0761, Masked: 31.8405, Reg: 3010.122305
Epoch [98/150], Total Loss: 3011.4925, NLL: 2.0758, Masked: 31.8341, Reg: 3009.107856
Epoch [99/150], Total Loss: 3010.4967, NLL: 2.0756, Masked: 31.8152, Reg: 3008.112490
Epoch [100/150], Total Loss: 3009.4902, NLL: 2.0753, Masked: 31.8157, Reg: 3007.106256
Epoch [101/150], Total Loss: 3008.4545, NLL: 2.0751, Masked: 31.8324, Reg: 3006.070568
Epoch [102/150], Total Loss: 3007.4944, NLL: 2.0748, Masked: 31.8338, Reg: 3005.110774
Epoch [103/150], Total Loss: 3006.4627, NLL: 2.0746, Masked: 31.8182, Reg: 3004.079456
Epoch [104/150], Total Loss: 3005.4217, NLL: 2.0743, Masked: 31.8445, Reg: 3003.038382
Epoch [105/150], Total Loss: 3004.3955, NLL: 2.0741, Masked: 31.8063, Reg: 3002.012876
Epoch [106/150], Total Loss: 3003.4496, NLL: 2.0738, Masked: 31.8254, Reg: 3001.066950
Epoch [107/150], Total Loss: 3002.4210, NLL: 2.0736, Masked: 31.8275, Reg: 3000.038641
Epoch [108/150], Total Loss: 3001.3703, NLL: 2.0733, Masked: 31.8187, Reg: 2998.988277
Epoch [109/150], Total Loss: 3000.3685, NLL: 2.0731, Masked: 31.8161, Reg: 2997.986696
Epoch [110/150], Total Loss: 2999.3904, NLL: 2.0728, Masked: 31.8213, Reg: 2997.008867
Epoch [111/150], Total Loss: 2998.3782, NLL: 2.0726, Masked: 31.8343, Reg: 2995.996792
Epoch [112/150], Total Loss: 2997.4034, NLL: 2.0723, Masked: 31.8261, Reg: 2995.022313
Epoch [113/150], Total Loss: 2996.3456, NLL: 2.0721, Masked: 31.8112, Reg: 2993.964850
Epoch [114/150], Total Loss: 2995.3492, NLL: 2.0718, Masked: 31.8397, Reg: 2992.968533
Epoch [115/150], Total Loss: 2994.3418, NLL: 2.0716, Masked: 31.8324, Reg: 2991.961351
Epoch [116/150], Total Loss: 2993.4049, NLL: 2.0713, Masked: 31.8374, Reg: 2991.024655
Epoch [117/150], Total Loss: 2992.3655, NLL: 2.0711, Masked: 31.8293, Reg: 2989.985608
Epoch [118/150], Total Loss: 2991.2752, NLL: 2.0708, Masked: 31.8229, Reg: 2988.895649
Epoch [119/150], Total Loss: 2990.3426, NLL: 2.0706, Masked: 31.8256, Reg: 2987.963258
Epoch [120/150], Total Loss: 2989.3599, NLL: 2.0703, Masked: 31.8142, Reg: 2986.980883
Epoch [121/150], Total Loss: 2988.3118, NLL: 2.0701, Masked: 31.8515, Reg: 2985.932665
Epoch [122/150], Total Loss: 2987.2909, NLL: 2.0698, Masked: 31.8264, Reg: 2984.912280
Epoch [123/150], Total Loss: 2986.3208, NLL: 2.0696, Masked: 31.8432, Reg: 2983.942231
Epoch [124/150], Total Loss: 2985.2966, NLL: 2.0693, Masked: 31.8266, Reg: 2982.918527
Epoch [125/150], Total Loss: 2984.2728, NLL: 2.0691, Masked: 31.8326, Reg: 2981.894950
Epoch [126/150], Total Loss: 2983.3540, NLL: 2.0688, Masked: 31.8199, Reg: 2980.976490
Epoch [127/150], Total Loss: 2982.3322, NLL: 2.0686, Masked: 31.8261, Reg: 2979.954901
Epoch [128/150], Total Loss: 2981.2703, NLL: 2.0683, Masked: 31.7908, Reg: 2978.893585
Epoch [129/150], Total Loss: 2980.2873, NLL: 2.0681, Masked: 31.8152, Reg: 2977.910539
Epoch [130/150], Total Loss: 2979.3641, NLL: 2.0678, Masked: 31.8446, Reg: 2976.987302
Epoch [131/150], Total Loss: 2978.3239, NLL: 2.0676, Masked: 31.8377, Reg: 2975.947463
Epoch [132/150], Total Loss: 2977.2846, NLL: 2.0673, Masked: 31.8120, Reg: 2974.908633
Epoch [133/150], Total Loss: 2976.2908, NLL: 2.0671, Masked: 31.8205, Reg: 2973.915045
Epoch [134/150], Total Loss: 2975.3335, NLL: 2.0668, Masked: 31.8384, Reg: 2972.957816
Epoch [135/150], Total Loss: 2974.2734, NLL: 2.0666, Masked: 31.8341, Reg: 2971.897950
Epoch [136/150], Total Loss: 2973.3275, NLL: 2.0663, Masked: 31.8139, Reg: 2970.952585
Epoch [137/150], Total Loss: 2972.3187, NLL: 2.0661, Masked: 31.8425, Reg: 2969.943730
Epoch [138/150], Total Loss: 2971.2816, NLL: 2.0658, Masked: 31.8246, Reg: 2968.907029
Epoch [139/150], Total Loss: 2970.2973, NLL: 2.0656, Masked: 31.8305, Reg: 2967.922947
Epoch [140/150], Total Loss: 2969.3420, NLL: 2.0653, Masked: 31.7984, Reg: 2966.968207
Epoch [141/150], Total Loss: 2968.3629, NLL: 2.0651, Masked: 31.8207, Reg: 2965.989129
Epoch [142/150], Total Loss: 2967.3240, NLL: 2.0648, Masked: 31.8104, Reg: 2964.950548
Epoch [143/150], Total Loss: 2966.3552, NLL: 2.0646, Masked: 31.8207, Reg: 2963.981932
Epoch [144/150], Total Loss: 2965.3526, NLL: 2.0643, Masked: 31.8315, Reg: 2962.979457
Epoch [145/150], Total Loss: 2964.3285, NLL: 2.0641, Masked: 31.8231, Reg: 2961.955658
Epoch [146/150], Total Loss: 2963.3668, NLL: 2.0638, Masked: 31.8343, Reg: 2960.994178
Epoch [147/150], Total Loss: 2962.3920, NLL: 2.0636, Masked: 31.8303, Reg: 2960.019622
Epoch [148/150], Total Loss: 2961.3449, NLL: 2.0633, Masked: 31.8435, Reg: 2958.972708
Epoch [149/150], Total Loss: 2960.3005, NLL: 2.0631, Masked: 31.8111, Reg: 2957.928783
Epoch [150/150], Total Loss: 2959.3966, NLL: 2.0628, Masked: 31.7919, Reg: 2957.025405

==================================================
EVALUATING ON TRAINING DATA
==================================================

==================================================
TEST RESULTS
==================================================
Total Loss: 2959.013676
  - ZINB NLL: 2.062707
Total number of masked values: 337480
  - Number of values with pi >= 0.3: 0
  - Number of values with pi < 0.3: 337480
  - Masked Reconstruction: 31.833634
  - Regularization: 2956.642243
Mean Absolute Error (MAE): 27.328135
R² Score: -7.593853
==================================================


==================================================
TEST RESULTS
==================================================
Total Loss: 2958.946261
  - ZINB NLL: 2.061995
Total number of masked values: 506645
  - Number of values with pi >= 0.3: 0
  - Number of values with pi < 0.3: 506645
  - Masked Reconstruction: 24.958583
  - Regularization: 2956.642243
Mean Absolute Error (MAE): 27.367981
R² Score: -8.037709
==================================================


>>> Optimizing zinb_nll on VALIDATION set: 2.061995
>>> Full validation metrics: {'total_loss': 2958.9462614524837, 'zinb_nll': 2.061994668959094, 'mae': 27.36798095703125, 'r2': -8.03770923614502, 'masked_loss': 24.9585829468128, 'reg_loss': 2956.6422431216847}

Iteration No: 68 ended. Search finished for the next optimal point.
Time taken: 1312.5138
Function value obtained: 2.0620
Current minimum: 0.8551
Iteration No: 69 started. Searching for the next optimal point.

================================================================================
Trial with parameters:
  features: Centr
  step_size: 0.4358622196090613
  bin_size: 1
  sample_fraction: 1.0
  moving_average: True
  first_layer_size_factor: 150
  num_layers: 5
  use_conv: False
  conv_channel: 128
  pool_size: 5
  kernel_size: 3
  epochs: 150
  batch_size: 64
  pi_threshold: 0.40799173726497395
  learning_rate: 1e-05
  dropout_rate: 0.036808713052855796
  masked_recon_weight: 0.03962466715064642
  regularizer: none
  regularization_weight: 0.0648104682680167
================================================================================

Creating datasets with:
  features: ['Centr']
  bin_size: 1
  moving_average: True
  data_point_length: 2000 (from 2000)
  step_size: 871 (from fraction 0.4358622196090613)
  layers: [np.int64(2400), np.int64(1200), np.int64(600), np.int64(300), np.int64(150)] (first=2400, num=5)
  stride: 1 (fixed), padding: same (fixed)


Clipping outliers using 95th percentile * 1.5...
strain_yTW001: Clipping values above 134.25 (P95=89.50). Clipped 27529/1193409 values (2.31%)
strain_FD: Clipping values above 71.92 (P95=47.94). Clipped 95791/4127807 values (2.32%)
strain_dnrp: Clipping values above 243.00 (P95=162.00). Clipped 25649/1119454 values (2.29%)
strain_yEK19: Clipping values above 77.10 (P95=51.40). Clipped 83713/3893623 values (2.15%)
strain_yEK23: Clipping values above 72.00 (P95=48.00). Clipped 86381/3558407 values (2.43%)
strain_yWT03a: Clipping values above 15.00 (P95=10.00). Clipped 10602/347679 values (3.05%)
strain_yWT04a: Clipping values above 58.50 (P95=39.00). Clipped 21095/725406 values (2.91%)
strain_ylic137: Clipping values above 142.50 (P95=95.00). Clipped 28746/1112684 values (2.58%)
Standardizing features: ['Centr']
Column order in final array (Dataset/Chrom split): ['Value', 'Centromere_Distance', 'Value_Raw', 'Size_Factor']
Removing 0 empty data points out of 62824
Column order in final array (Dataset/Chrom split): ['Value', 'Centromere_Distance', 'Value_Raw', 'Size_Factor']
Removing 0 empty data points out of 23664
Column order in final array (Dataset/Chrom split): ['Value', 'Centromere_Distance', 'Value_Raw', 'Size_Factor']
Removing 0 empty data points out of 24296
Datasets created:
  Train: (62824, 2000, 4), Val: (23664, 2000, 4), Test: (24296, 2000, 4)

Applied denoising with 15.0% masking
Applied denoising with 15.0% masking
Applied denoising with 15.0% masking
Epoch [1/150], Total Loss: 1.8663, NLL: 1.2407, Masked: 15.7869
Epoch [2/150], Total Loss: 1.5307, NLL: 0.9960, Masked: 13.4933
Epoch [3/150], Total Loss: 1.5280, NLL: 0.9934, Masked: 13.4913
Epoch [4/150], Total Loss: 1.5253, NLL: 0.9911, Masked: 13.4820
Epoch [5/150], Total Loss: 1.5188, NLL: 0.9855, Masked: 13.4578
Epoch [6/150], Total Loss: 1.4973, NLL: 0.9659, Masked: 13.4125
Epoch [7/150], Total Loss: 1.4736, NLL: 0.9452, Masked: 13.3350
Epoch [8/150], Total Loss: 1.4698, NLL: 0.9415, Masked: 13.3333
Epoch [9/150], Total Loss: 1.4677, NLL: 0.9401, Masked: 13.3169
Epoch [10/150], Total Loss: 1.4663, NLL: 0.9390, Masked: 13.3089
Epoch [11/150], Total Loss: 1.4655, NLL: 0.9386, Masked: 13.2988
Epoch [12/150], Total Loss: 1.4645, NLL: 0.9377, Masked: 13.2952
Epoch [13/150], Total Loss: 1.4641, NLL: 0.9375, Masked: 13.2892
Epoch [14/150], Total Loss: 1.4632, NLL: 0.9370, Masked: 13.2800
Epoch [15/150], Total Loss: 1.4620, NLL: 0.9364, Masked: 13.2668
Epoch [16/150], Total Loss: 1.4609, NLL: 0.9357, Masked: 13.2536
Epoch [17/150], Total Loss: 1.4615, NLL: 0.9357, Masked: 13.2709
Epoch [18/150], Total Loss: 1.4605, NLL: 0.9354, Masked: 13.2519
Epoch [19/150], Total Loss: 1.4607, NLL: 0.9350, Masked: 13.2676
Epoch [20/150], Total Loss: 1.4603, NLL: 0.9349, Masked: 13.2597
Epoch [21/150], Total Loss: 1.4587, NLL: 0.9337, Masked: 13.2490
Epoch [22/150], Total Loss: 1.4552, NLL: 0.9316, Masked: 13.2141
Epoch [23/150], Total Loss: 1.4515, NLL: 0.9293, Masked: 13.1783
Epoch [24/150], Total Loss: 1.4498, NLL: 0.9277, Masked: 13.1757
Epoch [25/150], Total Loss: 1.4489, NLL: 0.9271, Masked: 13.1679
Epoch [26/150], Total Loss: 1.4489, NLL: 0.9268, Masked: 13.1773
Epoch [27/150], Total Loss: 1.4475, NLL: 0.9260, Masked: 13.1590
Epoch [28/150], Total Loss: 1.4463, NLL: 0.9251, Masked: 13.1527
Epoch [29/150], Total Loss: 1.4450, NLL: 0.9247, Masked: 13.1312
Epoch [30/150], Total Loss: 1.4453, NLL: 0.9245, Masked: 13.1425
Epoch [31/150], Total Loss: 1.4444, NLL: 0.9242, Masked: 13.1281
Epoch [32/150], Total Loss: 1.4440, NLL: 0.9238, Masked: 13.1284
Epoch [33/150], Total Loss: 1.4435, NLL: 0.9234, Masked: 13.1261
Epoch [34/150], Total Loss: 1.4432, NLL: 0.9231, Masked: 13.1242
Epoch [35/150], Total Loss: 1.4427, NLL: 0.9228, Masked: 13.1198
Epoch [36/150], Total Loss: 1.4423, NLL: 0.9225, Masked: 13.1182
Epoch [37/150], Total Loss: 1.4411, NLL: 0.9216, Masked: 13.1104
Epoch [38/150], Total Loss: 1.4417, NLL: 0.9222, Masked: 13.1119
Epoch [39/150], Total Loss: 1.4417, NLL: 0.9219, Masked: 13.1191
Epoch [40/150], Total Loss: 1.4409, NLL: 0.9214, Masked: 13.1119
Epoch [41/150], Total Loss: 1.4410, NLL: 0.9212, Masked: 13.1168
Epoch [42/150], Total Loss: 1.4403, NLL: 0.9211, Masked: 13.1036
Epoch [43/150], Total Loss: 1.4408, NLL: 0.9213, Masked: 13.1097
Epoch [44/150], Total Loss: 1.4402, NLL: 0.9211, Masked: 13.1017
Epoch [45/150], Total Loss: 1.4396, NLL: 0.9206, Masked: 13.0978
Epoch [46/150], Total Loss: 1.4392, NLL: 0.9203, Masked: 13.0951
Epoch [47/150], Total Loss: 1.4386, NLL: 0.9200, Masked: 13.0892
Epoch [48/150], Total Loss: 1.4369, NLL: 0.9189, Masked: 13.0743
Epoch [49/150], Total Loss: 1.4332, NLL: 0.9168, Masked: 13.0310
Epoch [50/150], Total Loss: 1.4302, NLL: 0.9146, Masked: 13.0116
Epoch [51/150], Total Loss: 1.4285, NLL: 0.9142, Masked: 12.9786
Epoch [52/150], Total Loss: 1.4280, NLL: 0.9136, Masked: 12.9813
Epoch [53/150], Total Loss: 1.4271, NLL: 0.9129, Masked: 12.9774
Epoch [54/150], Total Loss: 1.4270, NLL: 0.9131, Masked: 12.9684
Epoch [55/150], Total Loss: 1.4261, NLL: 0.9126, Masked: 12.9593
Epoch [56/150], Total Loss: 1.4262, NLL: 0.9126, Masked: 12.9621
Epoch [57/150], Total Loss: 1.4254, NLL: 0.9123, Masked: 12.9497
Epoch [58/150], Total Loss: 1.4255, NLL: 0.9119, Masked: 12.9627
Epoch [59/150], Total Loss: 1.4255, NLL: 0.9122, Masked: 12.9529
Epoch [60/150], Total Loss: 1.4247, NLL: 0.9115, Masked: 12.9518
Epoch [61/150], Total Loss: 1.4248, NLL: 0.9116, Masked: 12.9499
Epoch [62/150], Total Loss: 1.4255, NLL: 0.9122, Masked: 12.9543
Epoch [63/150], Total Loss: 1.4244, NLL: 0.9117, Masked: 12.9390
Epoch [64/150], Total Loss: 1.4241, NLL: 0.9113, Masked: 12.9416
Epoch [65/150], Total Loss: 1.4243, NLL: 0.9116, Masked: 12.9389
Epoch [66/150], Total Loss: 1.4240, NLL: 0.9112, Masked: 12.9408
Epoch [67/150], Total Loss: 1.4241, NLL: 0.9113, Masked: 12.9409
Epoch [68/150], Total Loss: 1.4238, NLL: 0.9111, Masked: 12.9373
Epoch [69/150], Total Loss: 1.4231, NLL: 0.9109, Masked: 12.9252
Epoch [70/150], Total Loss: 1.4239, NLL: 0.9113, Masked: 12.9368
Epoch [71/150], Total Loss: 1.4240, NLL: 0.9113, Masked: 12.9375
Epoch [72/150], Total Loss: 1.4232, NLL: 0.9108, Masked: 12.9300
Epoch [73/150], Total Loss: 1.4229, NLL: 0.9109, Masked: 12.9235
Epoch [74/150], Total Loss: 1.4229, NLL: 0.9107, Masked: 12.9251
Epoch [75/150], Total Loss: 1.4224, NLL: 0.9106, Masked: 12.9168
Epoch [76/150], Total Loss: 1.4229, NLL: 0.9106, Masked: 12.9281
Epoch [77/150], Total Loss: 1.4225, NLL: 0.9108, Masked: 12.9142
Epoch [78/150], Total Loss: 1.4226, NLL: 0.9107, Masked: 12.9178
Epoch [79/150], Total Loss: 1.4224, NLL: 0.9106, Masked: 12.9157
Epoch [80/150], Total Loss: 1.4221, NLL: 0.9104, Masked: 12.9141
Epoch [81/150], Total Loss: 1.4212, NLL: 0.9100, Masked: 12.9019
Epoch [82/150], Total Loss: 1.4216, NLL: 0.9103, Masked: 12.9035
Epoch [83/150], Total Loss: 1.4218, NLL: 0.9104, Masked: 12.9063
Epoch [84/150], Total Loss: 1.4212, NLL: 0.9101, Masked: 12.8987
Epoch [85/150], Total Loss: 1.4218, NLL: 0.9105, Masked: 12.9014
Epoch [86/150], Total Loss: 1.4206, NLL: 0.9099, Masked: 12.8886
Epoch [87/150], Total Loss: 1.4213, NLL: 0.9100, Masked: 12.9041
Epoch [88/150], Total Loss: 1.4206, NLL: 0.9102, Masked: 12.8820
Epoch [89/150], Total Loss: 1.4208, NLL: 0.9098, Masked: 12.8965
Epoch [90/150], Total Loss: 1.4209, NLL: 0.9100, Masked: 12.8935
Epoch [91/150], Total Loss: 1.4206, NLL: 0.9099, Masked: 12.8881
Epoch [92/150], Total Loss: 1.4203, NLL: 0.9096, Masked: 12.8887
Epoch [93/150], Total Loss: 1.4205, NLL: 0.9101, Masked: 12.8796
Epoch [94/150], Total Loss: 1.4197, NLL: 0.9095, Masked: 12.8769
Epoch [95/150], Total Loss: 1.4207, NLL: 0.9101, Masked: 12.8866
Epoch [96/150], Total Loss: 1.4199, NLL: 0.9095, Masked: 12.8812
Epoch [97/150], Total Loss: 1.4196, NLL: 0.9095, Masked: 12.8743
Epoch [98/150], Total Loss: 1.4193, NLL: 0.9098, Masked: 12.8576
Epoch [99/150], Total Loss: 1.4194, NLL: 0.9093, Masked: 12.8738
Epoch [100/150], Total Loss: 1.4195, NLL: 0.9097, Masked: 12.8649
Epoch [101/150], Total Loss: 1.4187, NLL: 0.9092, Masked: 12.8573
Epoch [102/150], Total Loss: 1.4189, NLL: 0.9091, Masked: 12.8658
Epoch [103/150], Total Loss: 1.4200, NLL: 0.9099, Masked: 12.8719
Epoch [104/150], Total Loss: 1.4182, NLL: 0.9089, Masked: 12.8538
Epoch [105/150], Total Loss: 1.4187, NLL: 0.9091, Masked: 12.8592
Epoch [106/150], Total Loss: 1.4183, NLL: 0.9093, Masked: 12.8437
Epoch [107/150], Total Loss: 1.4188, NLL: 0.9091, Masked: 12.8643
Epoch [108/150], Total Loss: 1.4183, NLL: 0.9091, Masked: 12.8498
Epoch [109/150], Total Loss: 1.4179, NLL: 0.9088, Masked: 12.8465
Epoch [110/150], Total Loss: 1.4178, NLL: 0.9089, Masked: 12.8435
Epoch [111/150], Total Loss: 1.4184, NLL: 0.9091, Masked: 12.8530
Epoch [112/150], Total Loss: 1.4176, NLL: 0.9089, Masked: 12.8372
Epoch [113/150], Total Loss: 1.4177, NLL: 0.9089, Masked: 12.8404
Epoch [114/150], Total Loss: 1.4173, NLL: 0.9086, Masked: 12.8393
Epoch [115/150], Total Loss: 1.4177, NLL: 0.9088, Masked: 12.8437
Epoch [116/150], Total Loss: 1.4173, NLL: 0.9088, Masked: 12.8337
Epoch [117/150], Total Loss: 1.4173, NLL: 0.9088, Masked: 12.8324
Epoch [118/150], Total Loss: 1.4171, NLL: 0.9084, Masked: 12.8360
Epoch [119/150], Total Loss: 1.4169, NLL: 0.9085, Masked: 12.8289
Epoch [120/150], Total Loss: 1.4166, NLL: 0.9085, Masked: 12.8244
Epoch [121/150], Total Loss: 1.4163, NLL: 0.9085, Masked: 12.8137
Epoch [122/150], Total Loss: 1.4165, NLL: 0.9083, Masked: 12.8253
Epoch [123/150], Total Loss: 1.4169, NLL: 0.9086, Masked: 12.8259
Epoch [124/150], Total Loss: 1.4160, NLL: 0.9083, Masked: 12.8130
Epoch [125/150], Total Loss: 1.4166, NLL: 0.9087, Masked: 12.8182
Epoch [126/150], Total Loss: 1.4164, NLL: 0.9081, Masked: 12.8286
Epoch [127/150], Total Loss: 1.4158, NLL: 0.9081, Masked: 12.8108
Epoch [128/150], Total Loss: 1.4164, NLL: 0.9087, Masked: 12.8111
Epoch [129/150], Total Loss: 1.4152, NLL: 0.9079, Masked: 12.8018
Epoch [130/150], Total Loss: 1.4166, NLL: 0.9085, Masked: 12.8215
Epoch [131/150], Total Loss: 1.4150, NLL: 0.9079, Masked: 12.7990
Epoch [132/150], Total Loss: 1.4149, NLL: 0.9082, Masked: 12.7888
Epoch [133/150], Total Loss: 1.4148, NLL: 0.9079, Masked: 12.7931
Epoch [134/150], Total Loss: 1.4149, NLL: 0.9079, Masked: 12.7942
Epoch [135/150], Total Loss: 1.4151, NLL: 0.9081, Masked: 12.7956
Epoch [136/150], Total Loss: 1.4146, NLL: 0.9078, Masked: 12.7915
Epoch [137/150], Total Loss: 1.4147, NLL: 0.9076, Masked: 12.7957
Epoch [138/150], Total Loss: 1.4142, NLL: 0.9075, Masked: 12.7868
Epoch [139/150], Total Loss: 1.4145, NLL: 0.9077, Masked: 12.7899
Epoch [140/150], Total Loss: 1.4133, NLL: 0.9072, Masked: 12.7736
Epoch [141/150], Total Loss: 1.4133, NLL: 0.9073, Masked: 12.7700
Epoch [142/150], Total Loss: 1.4129, NLL: 0.9068, Masked: 12.7727
Epoch [143/150], Total Loss: 1.4123, NLL: 0.9066, Masked: 12.7615
Epoch [144/150], Total Loss: 1.4116, NLL: 0.9058, Masked: 12.7651
Epoch [145/150], Total Loss: 1.4114, NLL: 0.9059, Masked: 12.7550
Epoch [146/150], Total Loss: 1.4109, NLL: 0.9055, Masked: 12.7542
Epoch [147/150], Total Loss: 1.4114, NLL: 0.9056, Masked: 12.7652
Epoch [148/150], Total Loss: 1.4103, NLL: 0.9051, Masked: 12.7500
Epoch [149/150], Total Loss: 1.4106, NLL: 0.9051, Masked: 12.7565
Epoch [150/150], Total Loss: 1.4099, NLL: 0.9045, Masked: 12.7523

==================================================
EVALUATING ON TRAINING DATA
==================================================

==================================================
TEST RESULTS
==================================================
Total Loss: 1.408118
  - ZINB NLL: 0.902917
Total number of masked values: 3088580
  - Number of values with pi >= 0.40799173726497395: 2521863
  - Number of values with pi < 0.40799173726497395: 566717
  - Masked Reconstruction: 12.749665
Mean Absolute Error (MAE): 2.281811
R² Score: 0.029893
==================================================


==================================================
TEST RESULTS
==================================================
Total Loss: 1.450741
  - ZINB NLL: 0.904007
Total number of masked values: 1158780
  - Number of values with pi >= 0.40799173726497395: 955491
  - Number of values with pi < 0.40799173726497395: 203289
  - Masked Reconstruction: 13.797829
Mean Absolute Error (MAE): 2.258522
R² Score: 0.016523
==================================================


>>> Optimizing zinb_nll on VALIDATION set: 0.904007
>>> Full validation metrics: {'total_loss': 1.4507410862382963, 'zinb_nll': 0.9040066798125029, 'mae': 2.2585220336914062, 'r2': 0.01652348041534424, 'masked_loss': 13.797829105694444}

Iteration No: 69 ended. Search finished for the next optimal point.
Time taken: 1990.2852
Function value obtained: 0.9040
Current minimum: 0.8551
Iteration No: 70 started. Searching for the next optimal point.

================================================================================
Trial with parameters:
  features: Centr_Nucl
  step_size: 0.7995857506058224
  bin_size: 1
  sample_fraction: 0.6406507908593779
  moving_average: False
  first_layer_size_factor: 150
  num_layers: 4
  use_conv: False
  conv_channel: 107
  pool_size: 4
  kernel_size: 7
  epochs: 98
  batch_size: 32
  pi_threshold: 0.38756101838018775
  learning_rate: 0.0007684951474718263
  dropout_rate: 0.4742820033079562
  masked_recon_weight: 0.43538104534332545
  regularizer: none
  regularization_weight: 100.0
================================================================================

Creating datasets with:
  features: ['Centr', 'Nucl']
  bin_size: 1
  moving_average: False
  data_point_length: 2000 (from 2000)
  step_size: 1599 (from fraction 0.7995857506058224)
  layers: [np.int64(2400), np.int64(1200), np.int64(600), np.int64(300)] (first=2400, num=4)
  stride: 1 (fixed), padding: same (fixed)


Clipping outliers using 95th percentile * 1.5...
strain_yTW001: Clipping values above 134.25 (P95=89.50). Clipped 27529/1193409 values (2.31%)
strain_FD: Clipping values above 71.92 (P95=47.94). Clipped 95791/4127807 values (2.32%)
strain_dnrp: Clipping values above 243.00 (P95=162.00). Clipped 25649/1119454 values (2.29%)
strain_yEK19: Clipping values above 77.10 (P95=51.40). Clipped 83713/3893623 values (2.15%)
strain_yEK23: Clipping values above 72.00 (P95=48.00). Clipped 86381/3558407 values (2.43%)
strain_yWT03a: Clipping values above 15.00 (P95=10.00). Clipped 10602/347679 values (3.05%)
strain_yWT04a: Clipping values above 58.50 (P95=39.00). Clipped 21095/725406 values (2.91%)
strain_ylic137: Clipping values above 142.50 (P95=95.00). Clipped 28746/1112684 values (2.58%)
Standardizing features: ['Centr', 'Nucl']
Column order in final array (Dataset/Chrom split): ['Value', 'Nucleosome_Distance', 'Centromere_Distance', 'Value_Raw', 'Size_Factor']
Removing 0 empty data points out of 34264
Column order in final array (Dataset/Chrom split): ['Value', 'Nucleosome_Distance', 'Centromere_Distance', 'Value_Raw', 'Size_Factor']
Removing 0 empty data points out of 12904
Column order in final array (Dataset/Chrom split): ['Value', 'Nucleosome_Distance', 'Centromere_Distance', 'Value_Raw', 'Size_Factor']
Removing 0 empty data points out of 13256
Datasets created:
  Train: (34264, 2000, 5), Val: (12904, 2000, 5), Test: (13256, 2000, 5)

Randomly sampled 21951/34264 samples (64.1%)
Applied denoising with 15.0% masking
Applied denoising with 15.0% masking
Applied denoising with 15.0% masking
Epoch [1/98], Total Loss: 7.0565, NLL: 1.1405, Masked: 13.5881
Epoch [2/98], Total Loss: 6.9763, NLL: 1.0428, Masked: 13.6282
Epoch [3/98], Total Loss: 6.9105, NLL: 1.0354, Masked: 13.4943
Epoch [4/98], Total Loss: 192.5157, NLL: 1.0325, Masked: 439.8059
Epoch [5/98], Total Loss: 6.9142, NLL: 1.0390, Masked: 13.4944
Epoch [6/98], Total Loss: 6.9196, NLL: 1.0386, Masked: 13.5077
Epoch [7/98], Total Loss: 6.9475, NLL: 1.0407, Masked: 13.5669
Epoch [8/98], Total Loss: 6.9629, NLL: 1.0400, Masked: 13.6038
Epoch [9/98], Total Loss: 6.9287, NLL: 1.0408, Masked: 13.5236
Epoch [10/98], Total Loss: 6.9278, NLL: 1.0401, Masked: 13.5232
Epoch [11/98], Total Loss: 6.9222, NLL: 1.0394, Masked: 13.5118
Epoch [12/98], Total Loss: 6.9151, NLL: 1.0402, Masked: 13.4937
Epoch [13/98], Total Loss: 6.9160, NLL: 1.0395, Masked: 13.4972
Epoch [14/98], Total Loss: 6.9265, NLL: 1.0388, Masked: 13.5230
Epoch [15/98], Total Loss: 6.9237, NLL: 1.0386, Masked: 13.5173
Epoch [16/98], Total Loss: 6.9120, NLL: 1.0389, Masked: 13.4895
Epoch [17/98], Total Loss: 6.9175, NLL: 1.0383, Masked: 13.5035
Epoch [18/98], Total Loss: 6.9298, NLL: 1.0382, Masked: 13.5320
Epoch [19/98], Total Loss: 6.9234, NLL: 1.0389, Masked: 13.5157
Epoch [20/98], Total Loss: 6.9299, NLL: 1.0383, Masked: 13.5321
Epoch [21/98], Total Loss: 7.0853, NLL: 1.0383, Masked: 13.8889
Epoch [22/98], Total Loss: 6.9264, NLL: 1.0380, Masked: 13.5247
Epoch [23/98], Total Loss: 6.9170, NLL: 1.0379, Masked: 13.5034
Epoch [24/98], Total Loss: 6.9266, NLL: 1.0380, Masked: 13.5252
Epoch [25/98], Total Loss: 6.9199, NLL: 1.0377, Masked: 13.5105
Epoch [26/98], Total Loss: 6.9187, NLL: 1.0378, Masked: 13.5075
Epoch [27/98], Total Loss: 6.9139, NLL: 1.0380, Masked: 13.4960
Epoch [28/98], Total Loss: 6.9271, NLL: 1.0381, Masked: 13.5262
Epoch [29/98], Total Loss: 6.9079, NLL: 1.0378, Masked: 13.4827
Epoch [30/98], Total Loss: 6.9341, NLL: 1.0380, Masked: 13.5425
Epoch [31/98], Total Loss: 6.9208, NLL: 1.0381, Masked: 13.5115
Epoch [32/98], Total Loss: 6.9220, NLL: 1.0378, Masked: 13.5150
Epoch [33/98], Total Loss: 6.9228, NLL: 1.0377, Masked: 13.5172
Epoch [34/98], Total Loss: 6.9208, NLL: 1.0375, Masked: 13.5130
Epoch [35/98], Total Loss: 6.9220, NLL: 1.0374, Masked: 13.5160
Epoch [36/98], Total Loss: 6.9221, NLL: 1.0376, Masked: 13.5157
Epoch [37/98], Total Loss: 453.9448, NLL: 1.0378, Masked: 1040.2543
Epoch [38/98], Total Loss: 6.9308, NLL: 1.0376, Masked: 13.5359
Epoch [39/98], Total Loss: 6.9253, NLL: 1.0375, Masked: 13.5233
Epoch [40/98], Total Loss: 6.9107, NLL: 1.0376, Masked: 13.4895
Epoch [41/98], Total Loss: 6.9254, NLL: 1.0375, Masked: 13.5236
Epoch [42/98], Total Loss: 6.9222, NLL: 1.0375, Masked: 13.5162
Epoch [43/98], Total Loss: 6.9163, NLL: 1.0374, Masked: 13.5028
Epoch [44/98], Total Loss: 6.9208, NLL: 1.0373, Masked: 13.5135
Epoch [45/98], Total Loss: 6.9150, NLL: 1.0376, Masked: 13.4996
Epoch [46/98], Total Loss: 6.9297, NLL: 1.0377, Masked: 13.5330
Epoch [47/98], Total Loss: 6.9153, NLL: 1.0377, Masked: 13.5000
Epoch [48/98], Total Loss: 6.9243, NLL: 1.0375, Masked: 13.5212
Epoch [49/98], Total Loss: 6.9072, NLL: 1.0377, Masked: 13.4812
Epoch [50/98], Total Loss: 6.9253, NLL: 1.0375, Masked: 13.5234
Epoch [51/98], Total Loss: 6.9173, NLL: 1.0376, Masked: 13.5045
Epoch [52/98], Total Loss: 6.9239, NLL: 1.0375, Masked: 13.5201
Epoch [53/98], Total Loss: 6.9273, NLL: 1.0375, Masked: 13.5279
Epoch [54/98], Total Loss: 6.9175, NLL: 1.0375, Masked: 13.5053
Epoch [55/98], Total Loss: 6.9168, NLL: 1.0376, Masked: 13.5036
Epoch [56/98], Total Loss: 6.9223, NLL: 1.0374, Masked: 13.5167
Epoch [57/98], Total Loss: 6.9231, NLL: 1.0376, Masked: 13.5179
Epoch [58/98], Total Loss: 6.9279, NLL: 1.0376, Masked: 13.5292
Epoch [59/98], Total Loss: 6.9172, NLL: 1.0377, Masked: 13.5043
Epoch [60/98], Total Loss: 6.9156, NLL: 1.0376, Masked: 13.5009
Epoch [61/98], Total Loss: 6.9232, NLL: 1.0373, Masked: 13.5191
Epoch [62/98], Total Loss: 6.9266, NLL: 1.0376, Masked: 13.5260
Epoch [63/98], Total Loss: 6.9252, NLL: 1.0376, Masked: 13.5227
Epoch [64/98], Total Loss: 6.9235, NLL: 1.0375, Masked: 13.5192
Epoch [65/98], Total Loss: 6.9174, NLL: 1.0375, Masked: 13.5053
Epoch [66/98], Total Loss: 6.9195, NLL: 1.0377, Masked: 13.5096
Epoch [67/98], Total Loss: 6.9172, NLL: 1.0374, Masked: 13.5049
Epoch [68/98], Total Loss: 6.9260, NLL: 1.0374, Masked: 13.5251
Epoch [69/98], Total Loss: 6.9236, NLL: 1.0377, Masked: 13.5189
Epoch [70/98], Total Loss: 6.9134, NLL: 1.0375, Masked: 13.4961
Epoch [71/98], Total Loss: 6.9159, NLL: 1.0376, Masked: 13.5015
Epoch [72/98], Total Loss: 6.9065, NLL: 1.0376, Masked: 13.4801
Epoch [73/98], Total Loss: 6.9189, NLL: 1.0375, Masked: 13.5087
Epoch [74/98], Total Loss: 6.9178, NLL: 1.0374, Masked: 13.5065
Epoch [75/98], Total Loss: 6.9266, NLL: 1.0374, Masked: 13.5265
Epoch [76/98], Total Loss: 6.9200, NLL: 1.0374, Masked: 13.5112
Epoch [77/98], Total Loss: 6.9261, NLL: 1.0373, Masked: 13.5256
Epoch [78/98], Total Loss: 6.9192, NLL: 1.0378, Masked: 13.5085
Epoch [79/98], Total Loss: 6.9248, NLL: 1.0374, Masked: 13.5224
Epoch [80/98], Total Loss: 6.9164, NLL: 1.0376, Masked: 13.5027
Epoch [81/98], Total Loss: 6.9237, NLL: 1.0376, Masked: 13.5194
Epoch [82/98], Total Loss: 6.9256, NLL: 1.0373, Masked: 13.5246
Epoch [83/98], Total Loss: 6.9112, NLL: 1.0376, Masked: 13.4907
Epoch [84/98], Total Loss: 6.9165, NLL: 1.0371, Masked: 13.5042
Epoch [85/98], Total Loss: 6.9142, NLL: 1.0378, Masked: 13.4971
Epoch [86/98], Total Loss: 6.9242, NLL: 1.0385, Masked: 13.5187
Epoch [87/98], Total Loss: 6.9235, NLL: 1.0378, Masked: 13.5185
Epoch [88/98], Total Loss: 6.9210, NLL: 1.0378, Masked: 13.5129
Epoch [89/98], Total Loss: 6.9191, NLL: 1.0374, Masked: 13.5093
Epoch [90/98], Total Loss: 6.9264, NLL: 1.0376, Masked: 13.5257
Epoch [91/98], Total Loss: 6.9212, NLL: 1.0373, Masked: 13.5145
Epoch [92/98], Total Loss: 6.9173, NLL: 1.0376, Masked: 13.5046
Epoch [93/98], Total Loss: 6.9201, NLL: 1.0374, Masked: 13.5115
Epoch [94/98], Total Loss: 6.9217, NLL: 1.0374, Masked: 13.5152
Epoch [95/98], Total Loss: 6.9210, NLL: 1.0371, Masked: 13.5143
Epoch [96/98], Total Loss: 6.9206, NLL: 1.0374, Masked: 13.5126
Epoch [97/98], Total Loss: 6.9222, NLL: 1.0375, Masked: 13.5162
Epoch [98/98], Total Loss: 6.9234, NLL: 1.0374, Masked: 13.5191

==================================================
EVALUATING ON TRAINING DATA
==================================================

==================================================
TEST RESULTS
==================================================
Total Loss: 6.922821
  - ZINB NLL: 1.035537
Total number of masked values: 1081705
  - Number of values with pi >= 0.38756101838018775: 1081705
  - Number of values with pi < 0.38756101838018775: 0
  - Masked Reconstruction: 13.522141
Mean Absolute Error (MAE): 2.235678
R² Score: -0.042200
==================================================


==================================================
TEST RESULTS
==================================================
Total Loss: 7.184363
  - ZINB NLL: 1.027707
Total number of masked values: 632168
  - Number of values with pi >= 0.38756101838018775: 632168
  - Number of values with pi < 0.38756101838018775: 0
  - Masked Reconstruction: 14.140847
Mean Absolute Error (MAE): 2.194561
R² Score: -0.041802
==================================================


>>> Optimizing zinb_nll on VALIDATION set: 1.027707
>>> Full validation metrics: {'total_loss': 7.184363335906831, 'zinb_nll': 1.0277066046380139, 'mae': 2.1945605278015137, 'r2': -0.041802406311035156, 'masked_loss': 14.140846641183417}


*** Checkpoint saved at iteration 70 ***

Iteration No: 70 ended. Search finished for the next optimal point.
Time taken: 1487.5429
Function value obtained: 1.0277
Current minimum: 0.8551
Iteration No: 71 started. Searching for the next optimal point.

================================================================================
Trial with parameters:
  features: Centr_Nucl
  step_size: 0.7580163258545951
  bin_size: 1
  sample_fraction: 0.9074964166874351
  moving_average: False
  first_layer_size_factor: 150
  num_layers: 2
  use_conv: False
  conv_channel: 97
  pool_size: 8
  kernel_size: 7
  epochs: 130
  batch_size: 128
  pi_threshold: 0.3608026119438612
  learning_rate: 0.0005370731422881137
  dropout_rate: 0.017345266702384444
  masked_recon_weight: 3.101671362016803
  regularizer: none
  regularization_weight: 100.0
================================================================================

Creating datasets with:
  features: ['Centr', 'Nucl']
  bin_size: 1
  moving_average: False
  data_point_length: 2000 (from 2000)
  step_size: 1516 (from fraction 0.7580163258545951)
  layers: [np.int64(2400), np.int64(1200)] (first=2400, num=2)
  stride: 1 (fixed), padding: same (fixed)


Clipping outliers using 95th percentile * 1.5...
strain_yTW001: Clipping values above 134.25 (P95=89.50). Clipped 27529/1193409 values (2.31%)
strain_FD: Clipping values above 71.92 (P95=47.94). Clipped 95791/4127807 values (2.32%)
strain_dnrp: Clipping values above 243.00 (P95=162.00). Clipped 25649/1119454 values (2.29%)
strain_yEK19: Clipping values above 77.10 (P95=51.40). Clipped 83713/3893623 values (2.15%)
strain_yEK23: Clipping values above 72.00 (P95=48.00). Clipped 86381/3558407 values (2.43%)
strain_yWT03a: Clipping values above 15.00 (P95=10.00). Clipped 10602/347679 values (3.05%)
strain_yWT04a: Clipping values above 58.50 (P95=39.00). Clipped 21095/725406 values (2.91%)
strain_ylic137: Clipping values above 142.50 (P95=95.00). Clipped 28746/1112684 values (2.58%)
Standardizing features: ['Centr', 'Nucl']
Column order in final array (Dataset/Chrom split): ['Value', 'Nucleosome_Distance', 'Centromere_Distance', 'Value_Raw', 'Size_Factor']
Removing 0 empty data points out of 36144
Column order in final array (Dataset/Chrom split): ['Value', 'Nucleosome_Distance', 'Centromere_Distance', 'Value_Raw', 'Size_Factor']
Removing 0 empty data points out of 13608
Column order in final array (Dataset/Chrom split): ['Value', 'Nucleosome_Distance', 'Centromere_Distance', 'Value_Raw', 'Size_Factor']
Removing 0 empty data points out of 13976
Datasets created:
  Train: (36144, 2000, 5), Val: (13608, 2000, 5), Test: (13976, 2000, 5)

Randomly sampled 32800/36144 samples (90.7%)
Applied denoising with 15.0% masking
Applied denoising with 15.0% masking
Applied denoising with 15.0% masking
Epoch [1/130], Total Loss: 702224.6535, NLL: 2.2455, Masked: 226401.2866
Epoch [2/130], Total Loss: 14291.0186, NLL: 1.6165, Masked: 4607.0006
Epoch [3/130], Total Loss: 42.9036, NLL: 1.0719, Masked: 13.4868
Epoch [4/130], Total Loss: 42.8219, NLL: 1.0116, Masked: 13.4799
Epoch [5/130], Total Loss: 42.7736, NLL: 1.0093, Masked: 13.4651
Epoch [6/130], Total Loss: 42.7912, NLL: 1.0072, Masked: 13.4714
Epoch [7/130], Total Loss: 42.8105, NLL: 1.0022, Masked: 13.4793
Epoch [8/130], Total Loss: 42.8329, NLL: 1.0012, Masked: 13.4868
Epoch [9/130], Total Loss: 42.8132, NLL: 1.0137, Masked: 13.4764
Epoch [10/130], Total Loss: 42.8196, NLL: 1.0370, Masked: 13.4710
Epoch [11/130], Total Loss: 44.1685, NLL: 1.0232, Masked: 13.9103
Epoch [12/130], Total Loss: 42.7817, NLL: 1.0219, Masked: 13.4636
Epoch [13/130], Total Loss: 42.8012, NLL: 1.0259, Masked: 13.4686
Epoch [14/130], Total Loss: 42.8407, NLL: 1.0208, Masked: 13.4830
Epoch [15/130], Total Loss: 1769.3195, NLL: 1.0495, Masked: 570.1023
Epoch [16/130], Total Loss: 42.7256, NLL: 1.0103, Masked: 13.4493
Epoch [17/130], Total Loss: 42.8118, NLL: 1.0191, Masked: 13.4742
Epoch [18/130], Total Loss: 43.0488, NLL: 1.0067, Masked: 13.5547
Epoch [19/130], Total Loss: 42.7619, NLL: 1.0087, Masked: 13.4615
Epoch [20/130], Total Loss: 42.7658, NLL: 1.0089, Masked: 13.4627
Epoch [21/130], Total Loss: 42.7424, NLL: 1.0108, Masked: 13.4546
Epoch [22/130], Total Loss: 46.3758, NLL: 1.0328, Masked: 14.6189
Epoch [23/130], Total Loss: 43.1106, NLL: 1.0250, Masked: 13.5687
Epoch [24/130], Total Loss: 182.1028, NLL: 1.0310, Masked: 58.3788
Epoch [25/130], Total Loss: 42.9901, NLL: 1.0163, Masked: 13.5326
Epoch [26/130], Total Loss: 15572.2201, NLL: 1.0624, Masked: 5020.2472
Epoch [27/130], Total Loss: 42.6986, NLL: 1.0203, Masked: 13.4373
Epoch [28/130], Total Loss: 42.9864, NLL: 1.0111, Masked: 13.5331
Epoch [29/130], Total Loss: 42.5973, NLL: 1.0215, Masked: 13.4043
Epoch [30/130], Total Loss: 42.5377, NLL: 1.0106, Masked: 13.3886
Epoch [31/130], Total Loss: 42.6834, NLL: 1.0001, Masked: 13.4390
Epoch [32/130], Total Loss: 46.5925, NLL: 1.0092, Masked: 14.6964
Epoch [33/130], Total Loss: 43.1439, NLL: 1.0335, Masked: 13.5767
Epoch [34/130], Total Loss: 42.5318, NLL: 1.0229, Masked: 13.3828
Epoch [35/130], Total Loss: 43.0113, NLL: 1.0157, Masked: 13.5397
Epoch [36/130], Total Loss: 42.5105, NLL: 1.0075, Masked: 13.3809
Epoch [37/130], Total Loss: 42.4254, NLL: 1.0094, Masked: 13.3528
Epoch [38/130], Total Loss: 42.5181, NLL: 1.0119, Masked: 13.3819
Epoch [39/130], Total Loss: 43.2183, NLL: 0.9999, Masked: 13.6115
Epoch [40/130], Total Loss: 42.3732, NLL: 1.0015, Masked: 13.3385
Epoch [41/130], Total Loss: 42.4703, NLL: 0.9975, Masked: 13.3711
Epoch [42/130], Total Loss: 3306.5735, NLL: 1.0230, Masked: 1065.7320
Epoch [43/130], Total Loss: 42.5210, NLL: 1.0116, Masked: 13.3829
Epoch [44/130], Total Loss: 42.5110, NLL: 1.0007, Masked: 13.3832
Epoch [45/130], Total Loss: 42.3947, NLL: 0.9998, Masked: 13.3460
Epoch [46/130], Total Loss: 42.3868, NLL: 0.9993, Masked: 13.3436
Epoch [47/130], Total Loss: 42.2687, NLL: 0.9948, Masked: 13.3070
Epoch [48/130], Total Loss: 42.5652, NLL: 1.0046, Masked: 13.3994
Epoch [49/130], Total Loss: 42.2726, NLL: 0.9952, Masked: 13.3081
Epoch [50/130], Total Loss: 42.3109, NLL: 0.9963, Masked: 13.3201
Epoch [51/130], Total Loss: 42.3556, NLL: 0.9923, Masked: 13.3358
Epoch [52/130], Total Loss: 42.3094, NLL: 0.9960, Masked: 13.3197
Epoch [53/130], Total Loss: 42.3701, NLL: 0.9927, Masked: 13.3403
Epoch [54/130], Total Loss: 826.1866, NLL: 1.0043, Masked: 266.0444
Epoch [55/130], Total Loss: 42.3851, NLL: 0.9940, Masked: 13.3448
Epoch [56/130], Total Loss: 42.2145, NLL: 0.9958, Masked: 13.2892
Epoch [57/130], Total Loss: 42.2359, NLL: 0.9900, Masked: 13.2979
Epoch [58/130], Total Loss: 42.1351, NLL: 0.9917, Masked: 13.2649
Epoch [59/130], Total Loss: 42.1732, NLL: 0.9923, Masked: 13.2770
Epoch [60/130], Total Loss: 42.0858, NLL: 0.9889, Masked: 13.2499
Epoch [61/130], Total Loss: 42.0981, NLL: 0.9903, Masked: 13.2534
Epoch [62/130], Total Loss: 42.0746, NLL: 0.9887, Masked: 13.2464
Epoch [63/130], Total Loss: 42.0431, NLL: 0.9888, Masked: 13.2362
Epoch [64/130], Total Loss: 42.2036, NLL: 0.9912, Masked: 13.2872
Epoch [65/130], Total Loss: 42.0973, NLL: 0.9912, Masked: 13.2529
Epoch [66/130], Total Loss: 41.9831, NLL: 0.9880, Masked: 13.2171
Epoch [67/130], Total Loss: 42.9847, NLL: 0.9940, Masked: 13.5381
Epoch [68/130], Total Loss: 42.1883, NLL: 0.9871, Masked: 13.2835
Epoch [69/130], Total Loss: 42.0261, NLL: 0.9863, Masked: 13.2315
Epoch [70/130], Total Loss: 42.2083, NLL: 0.9878, Masked: 13.2898
Epoch [71/130], Total Loss: 41.9012, NLL: 0.9859, Masked: 13.1914
Epoch [72/130], Total Loss: 41.9465, NLL: 0.9861, Masked: 13.2059
Epoch [73/130], Total Loss: 42.0173, NLL: 1.0107, Masked: 13.2208
Epoch [74/130], Total Loss: 42.0706, NLL: 0.9979, Masked: 13.2421
Epoch [75/130], Total Loss: 939.2900, NLL: 0.9895, Masked: 302.5145
Epoch [76/130], Total Loss: 41.9085, NLL: 0.9914, Masked: 13.1920
Epoch [77/130], Total Loss: 290.1994, NLL: 0.9900, Masked: 93.2431
Epoch [78/130], Total Loss: 41.8191, NLL: 0.9858, Masked: 13.1649
Epoch [79/130], Total Loss: 41.8640, NLL: 0.9845, Masked: 13.1798
Epoch [80/130], Total Loss: 41.7626, NLL: 0.9871, Masked: 13.1463
Epoch [81/130], Total Loss: 42.9328, NLL: 1.0096, Masked: 13.5163
Epoch [82/130], Total Loss: 41.7822, NLL: 0.9854, Masked: 13.1532
Epoch [83/130], Total Loss: 41.8258, NLL: 0.9863, Masked: 13.1669
Epoch [84/130], Total Loss: 41.7103, NLL: 0.9858, Masked: 13.1299
Epoch [85/130], Total Loss: 41.6614, NLL: 0.9851, Masked: 13.1143
Epoch [86/130], Total Loss: 41.8418, NLL: 0.9847, Masked: 13.1726
Epoch [87/130], Total Loss: 41.6173, NLL: 0.9842, Masked: 13.1004
Epoch [88/130], Total Loss: 41.6161, NLL: 0.9833, Masked: 13.1003
Epoch [89/130], Total Loss: 41.5302, NLL: 0.9827, Masked: 13.0728
Epoch [90/130], Total Loss: 41.7803, NLL: 0.9839, Masked: 13.1530
Epoch [91/130], Total Loss: 41.7402, NLL: 0.9843, Masked: 13.1400
Epoch [92/130], Total Loss: 41.5374, NLL: 0.9841, Masked: 13.0747
Epoch [93/130], Total Loss: 41.4954, NLL: 0.9826, Masked: 13.0616
Epoch [94/130], Total Loss: 41.4479, NLL: 0.9822, Masked: 13.0464
Epoch [95/130], Total Loss: 41.5053, NLL: 0.9814, Masked: 13.0652
Epoch [96/130], Total Loss: 41.4762, NLL: 0.9845, Masked: 13.0548
Epoch [97/130], Total Loss: 41.3850, NLL: 0.9809, Masked: 13.0265
Epoch [98/130], Total Loss: 41.3854, NLL: 0.9823, Masked: 13.0262
Epoch [99/130], Total Loss: 41.3741, NLL: 0.9821, Masked: 13.0227
Epoch [100/130], Total Loss: 41.4126, NLL: 0.9852, Masked: 13.0341
Epoch [101/130], Total Loss: 41.3061, NLL: 0.9812, Masked: 13.0010
Epoch [102/130], Total Loss: 41.2728, NLL: 0.9805, Masked: 12.9905
Epoch [103/130], Total Loss: 41.2608, NLL: 0.9813, Masked: 12.9864
Epoch [104/130], Total Loss: 41.3218, NLL: 0.9811, Masked: 13.0061
Epoch [105/130], Total Loss: 41.2173, NLL: 0.9814, Masked: 12.9723
Epoch [106/130], Total Loss: 41.3838, NLL: 0.9812, Masked: 13.0261
Epoch [107/130], Total Loss: 41.1701, NLL: 0.9870, Masked: 12.9553
Epoch [108/130], Total Loss: 41.2191, NLL: 0.9827, Masked: 12.9725
Epoch [109/130], Total Loss: 41.1836, NLL: 0.9823, Masked: 12.9612
Epoch [110/130], Total Loss: 41.1862, NLL: 0.9819, Masked: 12.9621
Epoch [111/130], Total Loss: 41.2111, NLL: 0.9844, Masked: 12.9694
Epoch [112/130], Total Loss: 54.1876, NLL: 0.9786, Masked: 17.1549
Epoch [113/130], Total Loss: 41.1902, NLL: 0.9782, Masked: 12.9646
Epoch [114/130], Total Loss: 41.1232, NLL: 0.9797, Masked: 12.9426
Epoch [115/130], Total Loss: 41.0120, NLL: 0.9774, Masked: 12.9074
Epoch [116/130], Total Loss: 16497.7366, NLL: 0.9914, Masked: 5318.6626
Epoch [117/130], Total Loss: 41.1845, NLL: 0.9880, Masked: 12.9596
Epoch [118/130], Total Loss: 40.9851, NLL: 0.9835, Masked: 12.8968
Epoch [119/130], Total Loss: 41.0211, NLL: 0.9806, Masked: 12.9093
Epoch [120/130], Total Loss: 41.0569, NLL: 0.9885, Masked: 12.9183
Epoch [121/130], Total Loss: 41.0163, NLL: 0.9901, Masked: 12.9047
Epoch [122/130], Total Loss: 40.9993, NLL: 0.9857, Masked: 12.9007
Epoch [123/130], Total Loss: 40.9698, NLL: 0.9786, Masked: 12.8934
Epoch [124/130], Total Loss: 40.8960, NLL: 0.9813, Masked: 12.8688
Epoch [125/130], Total Loss: 41.1102, NLL: 0.9785, Masked: 12.9388
Epoch [126/130], Total Loss: 41.0962, NLL: 0.9817, Masked: 12.9332
Epoch [127/130], Total Loss: 40.8863, NLL: 0.9883, Masked: 12.8634
Epoch [128/130], Total Loss: 40.8976, NLL: 0.9830, Masked: 12.8687
Epoch [129/130], Total Loss: 40.8693, NLL: 0.9799, Masked: 12.8606
Epoch [130/130], Total Loss: 40.9053, NLL: 0.9817, Masked: 12.8716

==================================================
EVALUATING ON TRAINING DATA
==================================================

==================================================
TEST RESULTS
==================================================
Total Loss: 40.771188
  - ZINB NLL: 0.972773
Total number of masked values: 1620114
  - Number of values with pi >= 0.3608026119438612: 1531236
  - Number of values with pi < 0.3608026119438612: 88878
  - Masked Reconstruction: 12.831280
Mean Absolute Error (MAE): 2.219024
R² Score: -0.010950
==================================================


==================================================
TEST RESULTS
==================================================
Total Loss: 44.274378
  - ZINB NLL: 0.995435
Total number of masked values: 665033
  - Number of values with pi >= 0.3608026119438612: 653208
  - Number of values with pi < 0.3608026119438612: 11825
  - Masked Reconstruction: 13.953426
Mean Absolute Error (MAE): 2.207997
R² Score: -0.043063
==================================================


>>> Optimizing zinb_nll on VALIDATION set: 0.995435
>>> Full validation metrics: {'total_loss': 44.274378075170766, 'zinb_nll': 0.9954351069365159, 'mae': 2.2079968452453613, 'r2': -0.04306292533874512, 'masked_loss': 13.953425860979639}

Iteration No: 71 ended. Search finished for the next optimal point.
Time taken: 1216.7944
Function value obtained: 0.9954
Current minimum: 0.8551
Iteration No: 72 started. Searching for the next optimal point.

================================================================================
Trial with parameters:
  features: Centr_Nucl
  step_size: 0.6819065556049118
  bin_size: 1
  sample_fraction: 0.3671570296299706
  moving_average: True
  first_layer_size_factor: 150
  num_layers: 1
  use_conv: False
  conv_channel: 53
  pool_size: 7
  kernel_size: 5
  epochs: 36
  batch_size: 128
  pi_threshold: 0.5114683872922667
  learning_rate: 2.910656718102311e-05
  dropout_rate: 0.5
  masked_recon_weight: 0.014098588285757656
  regularizer: none
  regularization_weight: 100.0
================================================================================

Creating datasets with:
  features: ['Centr', 'Nucl']
  bin_size: 1
  moving_average: True
  data_point_length: 2000 (from 2000)
  step_size: 1363 (from fraction 0.6819065556049118)
  layers: [np.int64(2400)] (first=2400, num=1)
  stride: 1 (fixed), padding: same (fixed)


Clipping outliers using 95th percentile * 1.5...
strain_yTW001: Clipping values above 134.25 (P95=89.50). Clipped 27529/1193409 values (2.31%)
strain_FD: Clipping values above 71.92 (P95=47.94). Clipped 95791/4127807 values (2.32%)
strain_dnrp: Clipping values above 243.00 (P95=162.00). Clipped 25649/1119454 values (2.29%)
strain_yEK19: Clipping values above 77.10 (P95=51.40). Clipped 83713/3893623 values (2.15%)
strain_yEK23: Clipping values above 72.00 (P95=48.00). Clipped 86381/3558407 values (2.43%)
strain_yWT03a: Clipping values above 15.00 (P95=10.00). Clipped 10602/347679 values (3.05%)
strain_yWT04a: Clipping values above 58.50 (P95=39.00). Clipped 21095/725406 values (2.91%)
strain_ylic137: Clipping values above 142.50 (P95=95.00). Clipped 28746/1112684 values (2.58%)
Standardizing features: ['Centr', 'Nucl']
Column order in final array (Dataset/Chrom split): ['Value', 'Nucleosome_Distance', 'Centromere_Distance', 'Value_Raw', 'Size_Factor']
Removing 0 empty data points out of 40176
Column order in final array (Dataset/Chrom split): ['Value', 'Nucleosome_Distance', 'Centromere_Distance', 'Value_Raw', 'Size_Factor']
Removing 0 empty data points out of 15128
Column order in final array (Dataset/Chrom split): ['Value', 'Nucleosome_Distance', 'Centromere_Distance', 'Value_Raw', 'Size_Factor']
Removing 0 empty data points out of 15544
Datasets created:
  Train: (40176, 2000, 5), Val: (15128, 2000, 5), Test: (15544, 2000, 5)

Randomly sampled 14750/40176 samples (36.7%)
Applied denoising with 15.0% masking
Applied denoising with 15.0% masking
Applied denoising with 15.0% masking
Epoch [1/36], Total Loss: 1.7196, NLL: 1.4563, Masked: 18.6726
Epoch [2/36], Total Loss: 1.3822, NLL: 1.1739, Masked: 14.7683
Epoch [3/36], Total Loss: 1.3492, NLL: 1.1439, Masked: 14.5590
Epoch [4/36], Total Loss: 1.3336, NLL: 1.1293, Masked: 14.4920
Epoch [5/36], Total Loss: 1.3195, NLL: 1.1169, Masked: 14.3700
Epoch [6/36], Total Loss: 1.3007, NLL: 1.1002, Masked: 14.2180
Epoch [7/36], Total Loss: 1.2827, NLL: 1.0846, Masked: 14.0523
Epoch [8/36], Total Loss: 1.2684, NLL: 1.0717, Masked: 13.9481
Epoch [9/36], Total Loss: 1.2575, NLL: 1.0620, Masked: 13.8655
Epoch [10/36], Total Loss: 1.2474, NLL: 1.0531, Masked: 13.7829
Epoch [11/36], Total Loss: 1.2414, NLL: 1.0480, Masked: 13.7182
Epoch [12/36], Total Loss: 1.2329, NLL: 1.0403, Masked: 13.6622
Epoch [13/36], Total Loss: 1.2256, NLL: 1.0342, Masked: 13.5766
Epoch [14/36], Total Loss: 1.2196, NLL: 1.0287, Masked: 13.5385
Epoch [15/36], Total Loss: 1.2131, NLL: 1.0228, Masked: 13.4993
Epoch [16/36], Total Loss: 1.2078, NLL: 1.0183, Masked: 13.4459
Epoch [17/36], Total Loss: 1.2021, NLL: 1.0130, Masked: 13.4130
Epoch [18/36], Total Loss: 1.1969, NLL: 1.0086, Masked: 13.3540
Epoch [19/36], Total Loss: 1.1923, NLL: 1.0045, Masked: 13.3144
Epoch [20/36], Total Loss: 1.1884, NLL: 1.0011, Masked: 13.2895
Epoch [21/36], Total Loss: 1.1840, NLL: 0.9973, Masked: 13.2415
Epoch [22/36], Total Loss: 1.1802, NLL: 0.9940, Masked: 13.2038
Epoch [23/36], Total Loss: 1.1765, NLL: 0.9910, Masked: 13.1583
Epoch [24/36], Total Loss: 1.1728, NLL: 0.9880, Masked: 13.1066
Epoch [25/36], Total Loss: 1.1706, NLL: 0.9862, Masked: 13.0820
Epoch [26/36], Total Loss: 1.1668, NLL: 0.9829, Masked: 13.0435
Epoch [27/36], Total Loss: 1.1642, NLL: 0.9809, Masked: 13.0018
Epoch [28/36], Total Loss: 1.1614, NLL: 0.9786, Masked: 12.9685
Epoch [29/36], Total Loss: 1.1584, NLL: 0.9763, Masked: 12.9145
Epoch [30/36], Total Loss: 1.1560, NLL: 0.9741, Masked: 12.8981
Epoch [31/36], Total Loss: 1.1538, NLL: 0.9727, Masked: 12.8465
Epoch [32/36], Total Loss: 1.1511, NLL: 0.9704, Masked: 12.8170
Epoch [33/36], Total Loss: 1.1495, NLL: 0.9690, Masked: 12.8049
Epoch [34/36], Total Loss: 1.1469, NLL: 0.9671, Masked: 12.7513
Epoch [35/36], Total Loss: 1.1451, NLL: 0.9658, Masked: 12.7177
Epoch [36/36], Total Loss: 1.1437, NLL: 0.9648, Masked: 12.6895

==================================================
EVALUATING ON TRAINING DATA
==================================================

==================================================
TEST RESULTS
==================================================
Total Loss: 1.136823
  - ZINB NLL: 0.959346
Total number of masked values: 731680
  - Number of values with pi >= 0.5114683872922667: 579988
  - Number of values with pi < 0.5114683872922667: 151692
  - Masked Reconstruction: 12.588245
Mean Absolute Error (MAE): 2.495883
R² Score: 0.042769
==================================================


==================================================
TEST RESULTS
==================================================
Total Loss: 1.160184
  - ZINB NLL: 0.968566
Total number of masked values: 740663
  - Number of values with pi >= 0.5114683872922667: 592736
  - Number of values with pi < 0.5114683872922667: 147927
  - Masked Reconstruction: 13.591338
Mean Absolute Error (MAE): 2.540233
R² Score: 0.004106
==================================================


>>> Optimizing zinb_nll on VALIDATION set: 0.968566
>>> Full validation metrics: {'total_loss': 1.160184429285704, 'zinb_nll': 0.9685657392539151, 'mae': 2.5402331352233887, 'r2': 0.004105627536773682, 'masked_loss': 13.591338322063024}

Iteration No: 72 ended. Search finished for the next optimal point.
Time taken: 597.3492
Function value obtained: 0.9686
Current minimum: 0.8551
Iteration No: 73 started. Searching for the next optimal point.

================================================================================
Trial with parameters:
  features: Centr_Nucl
  step_size: 0.6391875524237643
  bin_size: 1
  sample_fraction: 0.9799831428156803
  moving_average: True
  first_layer_size_factor: 150
  num_layers: 2
  use_conv: False
  conv_channel: 107
  pool_size: 6
  kernel_size: 9
  epochs: 126
  batch_size: 32
  pi_threshold: 0.30026119661304385
  learning_rate: 0.00059960640085083
  dropout_rate: 0.5
  masked_recon_weight: 0.001
  regularizer: none
  regularization_weight: 100.0
================================================================================

Creating datasets with:
  features: ['Centr', 'Nucl']
  bin_size: 1
  moving_average: True
  data_point_length: 2000 (from 2000)
  step_size: 1278 (from fraction 0.6391875524237643)
  layers: [np.int64(2400), np.int64(1200)] (first=2400, num=2)
  stride: 1 (fixed), padding: same (fixed)


Clipping outliers using 95th percentile * 1.5...
strain_yTW001: Clipping values above 134.25 (P95=89.50). Clipped 27529/1193409 values (2.31%)
strain_FD: Clipping values above 71.92 (P95=47.94). Clipped 95791/4127807 values (2.32%)
strain_dnrp: Clipping values above 243.00 (P95=162.00). Clipped 25649/1119454 values (2.29%)
strain_yEK19: Clipping values above 77.10 (P95=51.40). Clipped 83713/3893623 values (2.15%)
strain_yEK23: Clipping values above 72.00 (P95=48.00). Clipped 86381/3558407 values (2.43%)
strain_yWT03a: Clipping values above 15.00 (P95=10.00). Clipped 10602/347679 values (3.05%)
strain_yWT04a: Clipping values above 58.50 (P95=39.00). Clipped 21095/725406 values (2.91%)
strain_ylic137: Clipping values above 142.50 (P95=95.00). Clipped 28746/1112684 values (2.58%)
Standardizing features: ['Centr', 'Nucl']
Column order in final array (Dataset/Chrom split): ['Value', 'Nucleosome_Distance', 'Centromere_Distance', 'Value_Raw', 'Size_Factor']
Removing 0 empty data points out of 42848
Column order in final array (Dataset/Chrom split): ['Value', 'Nucleosome_Distance', 'Centromere_Distance', 'Value_Raw', 'Size_Factor']
Removing 0 empty data points out of 16136
Column order in final array (Dataset/Chrom split): ['Value', 'Nucleosome_Distance', 'Centromere_Distance', 'Value_Raw', 'Size_Factor']
Removing 0 empty data points out of 16576
Datasets created:
  Train: (42848, 2000, 5), Val: (16136, 2000, 5), Test: (16576, 2000, 5)

Randomly sampled 41990/42848 samples (98.0%)
Applied denoising with 15.0% masking
Applied denoising with 15.0% masking
Applied denoising with 15.0% masking
Epoch [1/126], Total Loss: 4.3229, NLL: 1.1020, Masked: 3220.8452
Epoch [2/126], Total Loss: 13.4566, NLL: 1.0265, Masked: 12430.0719
Epoch [3/126], Total Loss: 4.5375, NLL: 1.0218, Masked: 3515.6634
Epoch [4/126], Total Loss: 1.0395, NLL: 1.0251, Masked: 14.3753
Epoch [5/126], Total Loss: 3.7054, NLL: 1.0277, Masked: 2677.6513
Epoch [6/126], Total Loss: 22.0428, NLL: 1.0290, Masked: 21013.8125
Epoch [7/126], Total Loss: 8.2466, NLL: 1.0305, Masked: 7216.0073
Epoch [8/126], Total Loss: 1.3595, NLL: 1.0318, Masked: 327.7042
Epoch [9/126], Total Loss: 1.0452, NLL: 1.0315, Masked: 13.6807
Epoch [10/126], Total Loss: 1.3211, NLL: 1.0343, Masked: 286.8499
Epoch [11/126], Total Loss: 1.0488, NLL: 1.0345, Masked: 14.2812
Epoch [12/126], Total Loss: 1.0511, NLL: 1.0342, Masked: 16.8747
Epoch [13/126], Total Loss: 1.0496, NLL: 1.0359, Masked: 13.7681
Epoch [14/126], Total Loss: 1.3453, NLL: 1.0355, Masked: 309.7443
Epoch [15/126], Total Loss: 1.6233, NLL: 1.0364, Masked: 586.8965
Epoch [16/126], Total Loss: 1.0516, NLL: 1.0381, Masked: 13.5555
Epoch [17/126], Total Loss: 1.5378, NLL: 1.0367, Masked: 501.0719
Epoch [18/126], Total Loss: 1.0513, NLL: 1.0377, Masked: 13.6153
Epoch [19/126], Total Loss: 1.0500, NLL: 1.0365, Masked: 13.5770
Epoch [20/126], Total Loss: 1.0504, NLL: 1.0368, Masked: 13.5782
Epoch [21/126], Total Loss: 1.0504, NLL: 1.0369, Masked: 13.5725
Epoch [22/126], Total Loss: 1.0502, NLL: 1.0367, Masked: 13.5588
Epoch [23/126], Total Loss: 1.0502, NLL: 1.0366, Masked: 13.5637
Epoch [24/126], Total Loss: 1.0507, NLL: 1.0371, Masked: 13.5673
Epoch [25/126], Total Loss: 1.0498, NLL: 1.0362, Masked: 13.5443
Epoch [26/126], Total Loss: 1.0499, NLL: 1.0363, Masked: 13.5485
Epoch [27/126], Total Loss: 1.0497, NLL: 1.0362, Masked: 13.5595
Epoch [28/126], Total Loss: 1.0500, NLL: 1.0364, Masked: 13.5498
Epoch [29/126], Total Loss: 1.0496, NLL: 1.0360, Masked: 13.5497
Epoch [30/126], Total Loss: 1.0496, NLL: 1.0360, Masked: 13.5458
Epoch [31/126], Total Loss: 1.0495, NLL: 1.0360, Masked: 13.5588
Epoch [32/126], Total Loss: 1.0492, NLL: 1.0357, Masked: 13.5508
Epoch [33/126], Total Loss: 1.0492, NLL: 1.0356, Masked: 13.5582
Epoch [34/126], Total Loss: 1.0492, NLL: 1.0357, Masked: 13.5382
Epoch [35/126], Total Loss: 1.0492, NLL: 1.0356, Masked: 13.5557
Epoch [36/126], Total Loss: 1.0494, NLL: 1.0358, Masked: 13.5508
Epoch [37/126], Total Loss: 1.0491, NLL: 1.0356, Masked: 13.5524
Epoch [38/126], Total Loss: 1.0490, NLL: 1.0355, Masked: 13.5515
Epoch [39/126], Total Loss: 1.0493, NLL: 1.0358, Masked: 13.5423
Epoch [40/126], Total Loss: 1.0488, NLL: 1.0353, Masked: 13.5487
Epoch [41/126], Total Loss: 1.0491, NLL: 1.0355, Masked: 13.5499
Epoch [42/126], Total Loss: 1.0491, NLL: 1.0356, Masked: 13.5456
Epoch [43/126], Total Loss: 1.0490, NLL: 1.0355, Masked: 13.5516
Epoch [44/126], Total Loss: 1.0491, NLL: 1.0356, Masked: 13.5459
Epoch [45/126], Total Loss: 1.0490, NLL: 1.0354, Masked: 13.5514
Epoch [46/126], Total Loss: 1.0490, NLL: 1.0355, Masked: 13.5410
Epoch [47/126], Total Loss: 1.0490, NLL: 1.0355, Masked: 13.5479
Epoch [48/126], Total Loss: 1.0487, NLL: 1.0352, Masked: 13.5532
Epoch [49/126], Total Loss: 1.0490, NLL: 1.0354, Masked: 13.5443
Epoch [50/126], Total Loss: 1.0487, NLL: 1.0352, Masked: 13.5491
Epoch [51/126], Total Loss: 1.0490, NLL: 1.0354, Masked: 13.5551
Epoch [52/126], Total Loss: 1.0488, NLL: 1.0352, Masked: 13.5580
Epoch [53/126], Total Loss: 1.0489, NLL: 1.0353, Masked: 13.5485
Epoch [54/126], Total Loss: 1.0488, NLL: 1.0352, Masked: 13.5377
Epoch [55/126], Total Loss: 1.0490, NLL: 1.0355, Masked: 13.5563
Epoch [56/126], Total Loss: 1.0488, NLL: 1.0353, Masked: 13.5437
Epoch [57/126], Total Loss: 1.0488, NLL: 1.0352, Masked: 13.5590
Epoch [58/126], Total Loss: 1.0487, NLL: 1.0352, Masked: 13.5530
Epoch [59/126], Total Loss: 1.0487, NLL: 1.0351, Masked: 13.5603
Epoch [60/126], Total Loss: 1.0487, NLL: 1.0351, Masked: 13.5657
Epoch [61/126], Total Loss: 1.0488, NLL: 1.0352, Masked: 13.5457
Epoch [62/126], Total Loss: 1.0489, NLL: 1.0353, Masked: 13.5441
Epoch [63/126], Total Loss: 1.0487, NLL: 1.0351, Masked: 13.5575
Epoch [64/126], Total Loss: 1.0488, NLL: 1.0353, Masked: 13.5568
Epoch [65/126], Total Loss: 1.0487, NLL: 1.0351, Masked: 13.5539
Epoch [66/126], Total Loss: 1.0487, NLL: 1.0351, Masked: 13.5394
Epoch [67/126], Total Loss: 1.0486, NLL: 1.0350, Masked: 13.5566
Epoch [68/126], Total Loss: 1.0486, NLL: 1.0350, Masked: 13.5679
Epoch [69/126], Total Loss: 1.0487, NLL: 1.0351, Masked: 13.5612
Epoch [70/126], Total Loss: 1.0487, NLL: 1.0352, Masked: 13.5564
Epoch [71/126], Total Loss: 1.0486, NLL: 1.0350, Masked: 13.5487
Epoch [72/126], Total Loss: 1.0485, NLL: 1.0350, Masked: 13.5477
Epoch [73/126], Total Loss: 1.0487, NLL: 1.0352, Masked: 13.5590
Epoch [74/126], Total Loss: 1.0487, NLL: 1.0352, Masked: 13.5513
Epoch [75/126], Total Loss: 1.0486, NLL: 1.0350, Masked: 13.5539
Epoch [76/126], Total Loss: 1.0487, NLL: 1.0351, Masked: 13.5405
Epoch [77/126], Total Loss: 1.0486, NLL: 1.0350, Masked: 13.5456
Epoch [78/126], Total Loss: 1.0487, NLL: 1.0352, Masked: 13.5530
Epoch [79/126], Total Loss: 1.0487, NLL: 1.0352, Masked: 13.5535
Epoch [80/126], Total Loss: 1.0486, NLL: 1.0351, Masked: 13.5595
Epoch [81/126], Total Loss: 1.0485, NLL: 1.0350, Masked: 13.5672
Epoch [82/126], Total Loss: 1.0484, NLL: 1.0348, Masked: 13.5395
Epoch [83/126], Total Loss: 1.0485, NLL: 1.0349, Masked: 13.5479
Epoch [84/126], Total Loss: 1.0485, NLL: 1.0349, Masked: 13.5545
Epoch [85/126], Total Loss: 1.0486, NLL: 1.0351, Masked: 13.5446
Epoch [86/126], Total Loss: 1.0487, NLL: 1.0351, Masked: 13.5468
Epoch [87/126], Total Loss: 1.0484, NLL: 1.0348, Masked: 13.5550
Epoch [88/126], Total Loss: 1.0485, NLL: 1.0349, Masked: 13.5551
Epoch [89/126], Total Loss: 1.0485, NLL: 1.0349, Masked: 13.5624
Epoch [90/126], Total Loss: 1.0484, NLL: 1.0349, Masked: 13.5607
Epoch [91/126], Total Loss: 1.0485, NLL: 1.0350, Masked: 13.5509
Epoch [92/126], Total Loss: 1.0485, NLL: 1.0349, Masked: 13.5660
Epoch [93/126], Total Loss: 1.0485, NLL: 1.0350, Masked: 13.5405
Epoch [94/126], Total Loss: 1.0484, NLL: 1.0348, Masked: 13.5593
Epoch [95/126], Total Loss: 1.0485, NLL: 1.0350, Masked: 13.5535
Epoch [96/126], Total Loss: 1.0484, NLL: 1.0348, Masked: 13.5788
Epoch [97/126], Total Loss: 1.0483, NLL: 1.0348, Masked: 13.5478
Epoch [98/126], Total Loss: 1.0484, NLL: 1.0349, Masked: 13.5359
Epoch [99/126], Total Loss: 1.0484, NLL: 1.0349, Masked: 13.5607
Epoch [100/126], Total Loss: 1.0483, NLL: 1.0347, Masked: 13.5478
Epoch [101/126], Total Loss: 1.0483, NLL: 1.0348, Masked: 13.5574
Epoch [102/126], Total Loss: 1.0483, NLL: 1.0348, Masked: 13.5587
Epoch [103/126], Total Loss: 1.0485, NLL: 1.0349, Masked: 13.5532
Epoch [104/126], Total Loss: 1.0484, NLL: 1.0348, Masked: 13.5642
Epoch [105/126], Total Loss: 1.0483, NLL: 1.0348, Masked: 13.5488
Epoch [106/126], Total Loss: 1.0481, NLL: 1.0346, Masked: 13.5421
Epoch [107/126], Total Loss: 1.0483, NLL: 1.0348, Masked: 13.5622
Epoch [108/126], Total Loss: 1.0483, NLL: 1.0347, Masked: 13.5490
Epoch [109/126], Total Loss: 1.0483, NLL: 1.0347, Masked: 13.5562
Epoch [110/126], Total Loss: 1.0483, NLL: 1.0347, Masked: 13.5593
Epoch [111/126], Total Loss: 1.0483, NLL: 1.0347, Masked: 13.5558
Epoch [112/126], Total Loss: 1.0482, NLL: 1.0347, Masked: 13.5617
Epoch [113/126], Total Loss: 1.0483, NLL: 1.0348, Masked: 13.5536
Epoch [114/126], Total Loss: 1.0482, NLL: 1.0346, Masked: 13.5558
Epoch [115/126], Total Loss: 1.0482, NLL: 1.0346, Masked: 13.5470
Epoch [116/126], Total Loss: 1.0482, NLL: 1.0346, Masked: 13.5508
Epoch [117/126], Total Loss: 1.0483, NLL: 1.0347, Masked: 13.5544
Epoch [118/126], Total Loss: 1.0482, NLL: 1.0346, Masked: 13.5603
Epoch [119/126], Total Loss: 1.0482, NLL: 1.0347, Masked: 13.5413
Epoch [120/126], Total Loss: 1.0482, NLL: 1.0346, Masked: 13.5605
Epoch [121/126], Total Loss: 1.0482, NLL: 1.0346, Masked: 13.5520
Epoch [122/126], Total Loss: 1.0482, NLL: 1.0346, Masked: 13.5541
Epoch [123/126], Total Loss: 1.0482, NLL: 1.0346, Masked: 13.5650
Epoch [124/126], Total Loss: 1.0480, NLL: 1.0345, Masked: 13.5593
Epoch [125/126], Total Loss: 1.0481, NLL: 1.0345, Masked: 13.5507
Epoch [126/126], Total Loss: 1.0481, NLL: 1.0345, Masked: 13.5694

==================================================
EVALUATING ON TRAINING DATA
==================================================

==================================================
TEST RESULTS
==================================================
Total Loss: 1.047163
  - ZINB NLL: 1.033627
Total number of masked values: 2063904
  - Number of values with pi >= 0.30026119661304385: 2063904
  - Number of values with pi < 0.30026119661304385: 0
  - Masked Reconstruction: 13.535640
Mean Absolute Error (MAE): 2.235878
R² Score: -0.041939
==================================================


==================================================
TEST RESULTS
==================================================
Total Loss: 1.039497
  - ZINB NLL: 1.025292
Total number of masked values: 789475
  - Number of values with pi >= 0.30026119661304385: 789475
  - Number of values with pi < 0.30026119661304385: 0
  - Masked Reconstruction: 14.205182
Mean Absolute Error (MAE): 2.184114
R² Score: -0.041741
==================================================


>>> Optimizing zinb_nll on VALIDATION set: 1.025292
>>> Full validation metrics: {'total_loss': 1.0394969916190022, 'zinb_nll': 1.0252918103394912, 'mae': 2.1841139793395996, 'r2': -0.04174149036407471, 'masked_loss': 14.205182299379908}

Iteration No: 73 ended. Search finished for the next optimal point.
Time taken: 2011.0522
Function value obtained: 1.0253
Current minimum: 0.8551
Iteration No: 74 started. Searching for the next optimal point.

================================================================================
Trial with parameters:
  features: Centr_Nucl
  step_size: 0.2721933033147535
  bin_size: 1
  sample_fraction: 1.0
  moving_average: True
  first_layer_size_factor: 150
  num_layers: 2
  use_conv: True
  conv_channel: 111
  pool_size: 8
  kernel_size: 7
  epochs: 117
  batch_size: 32
  pi_threshold: 0.5071621180442719
  learning_rate: 1.2988600375125537e-05
  dropout_rate: 0.19470417585152422
  masked_recon_weight: 0.017340121006826234
  regularizer: none
  regularization_weight: 0.5029545263537568
================================================================================

Creating datasets with:
  features: ['Centr', 'Nucl']
  bin_size: 1
  moving_average: True
  data_point_length: 2000 (from 2000)
  step_size: 544 (from fraction 0.2721933033147535)
  layers: [np.int64(2400), np.int64(1200)] (first=2400, num=2)
  stride: 1 (fixed), padding: same (fixed)


Clipping outliers using 95th percentile * 1.5...
strain_yTW001: Clipping values above 134.25 (P95=89.50). Clipped 27529/1193409 values (2.31%)
strain_FD: Clipping values above 71.92 (P95=47.94). Clipped 95791/4127807 values (2.32%)
strain_dnrp: Clipping values above 243.00 (P95=162.00). Clipped 25649/1119454 values (2.29%)
strain_yEK19: Clipping values above 77.10 (P95=51.40). Clipped 83713/3893623 values (2.15%)
strain_yEK23: Clipping values above 72.00 (P95=48.00). Clipped 86381/3558407 values (2.43%)
strain_yWT03a: Clipping values above 15.00 (P95=10.00). Clipped 10602/347679 values (3.05%)
strain_yWT04a: Clipping values above 58.50 (P95=39.00). Clipped 21095/725406 values (2.91%)
strain_ylic137: Clipping values above 142.50 (P95=95.00). Clipped 28746/1112684 values (2.58%)
Standardizing features: ['Centr', 'Nucl']
Column order in final array (Dataset/Chrom split): ['Value', 'Nucleosome_Distance', 'Centromere_Distance', 'Value_Raw', 'Size_Factor']
Removing 0 empty data points out of 100520
Column order in final array (Dataset/Chrom split): ['Value', 'Nucleosome_Distance', 'Centromere_Distance', 'Value_Raw', 'Size_Factor']
Removing 0 empty data points out of 37856
Column order in final array (Dataset/Chrom split): ['Value', 'Nucleosome_Distance', 'Centromere_Distance', 'Value_Raw', 'Size_Factor']
Removing 0 empty data points out of 38872
Datasets created:
  Train: (100520, 2000, 5), Val: (37856, 2000, 5), Test: (38872, 2000, 5)

Applied denoising with 15.0% masking
Applied denoising with 15.0% masking
Applied denoising with 15.0% masking
Epoch [1/117], Total Loss: 1.2563, NLL: 1.0190, Masked: 13.6894
Epoch [2/117], Total Loss: 1.1632, NLL: 0.9378, Masked: 12.9993
Epoch [3/117], Total Loss: 1.1450, NLL: 0.9223, Masked: 12.8390
Epoch [4/117], Total Loss: 1.1364, NLL: 0.9154, Masked: 12.7451
Epoch [5/117], Total Loss: 1.1302, NLL: 0.9104, Masked: 12.6748
Epoch [6/117], Total Loss: 1.1272, NLL: 0.9079, Masked: 12.6473
Epoch [7/117], Total Loss: 1.1236, NLL: 0.9050, Masked: 12.6079
Epoch [8/117], Total Loss: 1.1204, NLL: 0.9025, Masked: 12.5661
Epoch [9/117], Total Loss: 1.1174, NLL: 0.9002, Masked: 12.5258
Epoch [10/117], Total Loss: 1.1144, NLL: 0.8980, Masked: 12.4757
Epoch [11/117], Total Loss: 1.1091, NLL: 0.8943, Masked: 12.3888
Epoch [12/117], Total Loss: 1.1040, NLL: 0.8904, Masked: 12.3137
Epoch [13/117], Total Loss: 1.1008, NLL: 0.8882, Masked: 12.2619
Epoch [14/117], Total Loss: 1.0976, NLL: 0.8859, Masked: 12.2094
Epoch [15/117], Total Loss: 1.0948, NLL: 0.8838, Masked: 12.1668
Epoch [16/117], Total Loss: 1.0926, NLL: 0.8822, Masked: 12.1355
Epoch [17/117], Total Loss: 1.0908, NLL: 0.8809, Masked: 12.1063
Epoch [18/117], Total Loss: 1.0896, NLL: 0.8800, Masked: 12.0929
Epoch [19/117], Total Loss: 1.0884, NLL: 0.8792, Masked: 12.0688
Epoch [20/117], Total Loss: 1.0874, NLL: 0.8782, Masked: 12.0617
Epoch [21/117], Total Loss: 1.0862, NLL: 0.8775, Masked: 12.0360
Epoch [22/117], Total Loss: 1.0855, NLL: 0.8768, Masked: 12.0335
Epoch [23/117], Total Loss: 1.0844, NLL: 0.8762, Masked: 12.0089
Epoch [24/117], Total Loss: 1.0837, NLL: 0.8756, Masked: 11.9984
Epoch [25/117], Total Loss: 1.0829, NLL: 0.8751, Masked: 11.9795
Epoch [26/117], Total Loss: 1.0820, NLL: 0.8745, Masked: 11.9660
Epoch [27/117], Total Loss: 1.0812, NLL: 0.8741, Masked: 11.9434
Epoch [28/117], Total Loss: 1.0803, NLL: 0.8735, Masked: 11.9277
Epoch [29/117], Total Loss: 1.0797, NLL: 0.8730, Masked: 11.9212
Epoch [30/117], Total Loss: 1.0789, NLL: 0.8725, Masked: 11.9015
Epoch [31/117], Total Loss: 1.0781, NLL: 0.8721, Masked: 11.8831
Epoch [32/117], Total Loss: 1.0776, NLL: 0.8716, Masked: 11.8794
Epoch [33/117], Total Loss: 1.0767, NLL: 0.8712, Masked: 11.8536
Epoch [34/117], Total Loss: 1.0759, NLL: 0.8707, Masked: 11.8377
Epoch [35/117], Total Loss: 1.0752, NLL: 0.8702, Masked: 11.8180
Epoch [36/117], Total Loss: 1.0746, NLL: 0.8698, Masked: 11.8125
Epoch [37/117], Total Loss: 1.0737, NLL: 0.8693, Masked: 11.7898
Epoch [38/117], Total Loss: 1.0731, NLL: 0.8688, Masked: 11.7820
Epoch [39/117], Total Loss: 1.0722, NLL: 0.8684, Masked: 11.7556
Epoch [40/117], Total Loss: 1.0716, NLL: 0.8679, Masked: 11.7467
Epoch [41/117], Total Loss: 1.0707, NLL: 0.8674, Masked: 11.7243
Epoch [42/117], Total Loss: 1.0701, NLL: 0.8669, Masked: 11.7130
Epoch [43/117], Total Loss: 1.0691, NLL: 0.8664, Masked: 11.6911
Epoch [44/117], Total Loss: 1.0686, NLL: 0.8660, Masked: 11.6863
Epoch [45/117], Total Loss: 1.0675, NLL: 0.8655, Masked: 11.6473
Epoch [46/117], Total Loss: 1.0668, NLL: 0.8651, Masked: 11.6330
Epoch [47/117], Total Loss: 1.0661, NLL: 0.8646, Masked: 11.6217
Epoch [48/117], Total Loss: 1.0655, NLL: 0.8642, Masked: 11.6092
Epoch [49/117], Total Loss: 1.0648, NLL: 0.8638, Masked: 11.5937
Epoch [50/117], Total Loss: 1.0641, NLL: 0.8634, Masked: 11.5780
Epoch [51/117], Total Loss: 1.0633, NLL: 0.8629, Masked: 11.5542
Epoch [52/117], Total Loss: 1.0628, NLL: 0.8625, Masked: 11.5491
Epoch [53/117], Total Loss: 1.0619, NLL: 0.8621, Masked: 11.5220
Epoch [54/117], Total Loss: 1.0615, NLL: 0.8617, Masked: 11.5231
Epoch [55/117], Total Loss: 1.0607, NLL: 0.8613, Masked: 11.5006
Epoch [56/117], Total Loss: 1.0602, NLL: 0.8609, Masked: 11.4912
Epoch [57/117], Total Loss: 1.0596, NLL: 0.8605, Masked: 11.4795
Epoch [58/117], Total Loss: 1.0590, NLL: 0.8601, Masked: 11.4680
Epoch [59/117], Total Loss: 1.0583, NLL: 0.8598, Masked: 11.4460
Epoch [60/117], Total Loss: 1.0578, NLL: 0.8594, Masked: 11.4396
Epoch [61/117], Total Loss: 1.0568, NLL: 0.8590, Masked: 11.4073
Epoch [62/117], Total Loss: 1.0565, NLL: 0.8587, Masked: 11.4074
Epoch [63/117], Total Loss: 1.0562, NLL: 0.8584, Masked: 11.4039
Epoch [64/117], Total Loss: 1.0555, NLL: 0.8580, Masked: 11.3870
Epoch [65/117], Total Loss: 1.0547, NLL: 0.8577, Masked: 11.3655
Epoch [66/117], Total Loss: 1.0542, NLL: 0.8573, Masked: 11.3558
Epoch [67/117], Total Loss: 1.0533, NLL: 0.8569, Masked: 11.3281
Epoch [68/117], Total Loss: 1.0531, NLL: 0.8566, Masked: 11.3332
Epoch [69/117], Total Loss: 1.0528, NLL: 0.8564, Masked: 11.3274
Epoch [70/117], Total Loss: 1.0521, NLL: 0.8560, Masked: 11.3057
Epoch [71/117], Total Loss: 1.0514, NLL: 0.8557, Masked: 11.2841
Epoch [72/117], Total Loss: 1.0512, NLL: 0.8554, Masked: 11.2894
Epoch [73/117], Total Loss: 1.0506, NLL: 0.8551, Masked: 11.2725
Epoch [74/117], Total Loss: 1.0499, NLL: 0.8548, Masked: 11.2504
Epoch [75/117], Total Loss: 1.0494, NLL: 0.8545, Masked: 11.2434
Epoch [76/117], Total Loss: 1.0493, NLL: 0.8542, Masked: 11.2501
Epoch [77/117], Total Loss: 1.0489, NLL: 0.8540, Masked: 11.2383
Epoch [78/117], Total Loss: 1.0482, NLL: 0.8537, Masked: 11.2209
Epoch [79/117], Total Loss: 1.0481, NLL: 0.8534, Masked: 11.2252
Epoch [80/117], Total Loss: 1.0474, NLL: 0.8532, Masked: 11.2027
Epoch [81/117], Total Loss: 1.0467, NLL: 0.8528, Masked: 11.1815
Epoch [82/117], Total Loss: 1.0468, NLL: 0.8526, Masked: 11.1973
Epoch [83/117], Total Loss: 1.0459, NLL: 0.8523, Masked: 11.1648
Epoch [84/117], Total Loss: 1.0456, NLL: 0.8521, Masked: 11.1626
Epoch [85/117], Total Loss: 1.0451, NLL: 0.8518, Masked: 11.1481
Epoch [86/117], Total Loss: 1.0449, NLL: 0.8516, Masked: 11.1490
Epoch [87/117], Total Loss: 1.0445, NLL: 0.8514, Masked: 11.1375
Epoch [88/117], Total Loss: 1.0441, NLL: 0.8511, Masked: 11.1313
Epoch [89/117], Total Loss: 1.0436, NLL: 0.8509, Masked: 11.1140
Epoch [90/117], Total Loss: 1.0433, NLL: 0.8506, Masked: 11.1115
Epoch [91/117], Total Loss: 1.0429, NLL: 0.8504, Masked: 11.0977
Epoch [92/117], Total Loss: 1.0425, NLL: 0.8502, Masked: 11.0931
Epoch [93/117], Total Loss: 1.0421, NLL: 0.8500, Masked: 11.0806
Epoch [94/117], Total Loss: 1.0417, NLL: 0.8498, Masked: 11.0687
Epoch [95/117], Total Loss: 1.0416, NLL: 0.8496, Masked: 11.0733
Epoch [96/117], Total Loss: 1.0409, NLL: 0.8493, Masked: 11.0503
Epoch [97/117], Total Loss: 1.0406, NLL: 0.8491, Masked: 11.0451
Epoch [98/117], Total Loss: 1.0405, NLL: 0.8489, Masked: 11.0454
Epoch [99/117], Total Loss: 1.0400, NLL: 0.8487, Masked: 11.0332
Epoch [100/117], Total Loss: 1.0397, NLL: 0.8485, Masked: 11.0250
Epoch [101/117], Total Loss: 1.0394, NLL: 0.8483, Masked: 11.0208
Epoch [102/117], Total Loss: 1.0387, NLL: 0.8481, Masked: 10.9943
Epoch [103/117], Total Loss: 1.0386, NLL: 0.8479, Masked: 10.9964
Epoch [104/117], Total Loss: 1.0383, NLL: 0.8478, Masked: 10.9895
Epoch [105/117], Total Loss: 1.0379, NLL: 0.8476, Masked: 10.9792
Epoch [106/117], Total Loss: 1.0378, NLL: 0.8474, Masked: 10.9783
Epoch [107/117], Total Loss: 1.0374, NLL: 0.8472, Masked: 10.9663
Epoch [108/117], Total Loss: 1.0370, NLL: 0.8470, Masked: 10.9581
Epoch [109/117], Total Loss: 1.0368, NLL: 0.8468, Masked: 10.9537
Epoch [110/117], Total Loss: 1.0365, NLL: 0.8467, Masked: 10.9462
Epoch [111/117], Total Loss: 1.0362, NLL: 0.8465, Masked: 10.9386
Epoch [112/117], Total Loss: 1.0362, NLL: 0.8464, Masked: 10.9456
Epoch [113/117], Total Loss: 1.0355, NLL: 0.8462, Masked: 10.9189
Epoch [114/117], Total Loss: 1.0355, NLL: 0.8460, Masked: 10.9283
Epoch [115/117], Total Loss: 1.0353, NLL: 0.8459, Masked: 10.9227
Epoch [116/117], Total Loss: 1.0348, NLL: 0.8457, Masked: 10.9069
Epoch [117/117], Total Loss: 1.0346, NLL: 0.8455, Masked: 10.9026

==================================================
EVALUATING ON TRAINING DATA
==================================================

==================================================
TEST RESULTS
==================================================
Total Loss: 1.011739
  - ZINB NLL: 0.833398
Total number of masked values: 4939980
  - Number of values with pi >= 0.5071621180442719: 2693118
  - Number of values with pi < 0.5071621180442719: 2246862
  - Masked Reconstruction: 10.284847
Mean Absolute Error (MAE): 2.474777
R² Score: 0.130618
==================================================


==================================================
TEST RESULTS
==================================================
Total Loss: 1.089175
  - ZINB NLL: 0.854728
Total number of masked values: 1853748
  - Number of values with pi >= 0.5071621180442719: 1046134
  - Number of values with pi < 0.5071621180442719: 807614
  - Masked Reconstruction: 13.520496
Mean Absolute Error (MAE): 2.601186
R² Score: 0.053085
==================================================


>>> Optimizing zinb_nll on VALIDATION set: 0.854728
>>> Full validation metrics: {'total_loss': 1.0891746694721212, 'zinb_nll': 0.8547276206005959, 'mae': 2.6011860370635986, 'r2': 0.0530848503112793, 'masked_loss': 13.520496085349121}

Iteration No: 74 ended. Search finished for the next optimal point.
Time taken: 7578.6835
Function value obtained: 0.8547
Current minimum: 0.8547
Iteration No: 75 started. Searching for the next optimal point.

================================================================================
Trial with parameters:
  features: Centr_Nucl
  step_size: 0.6245654121573946
  bin_size: 1
  sample_fraction: 1.0
  moving_average: True
  first_layer_size_factor: 150
  num_layers: 1
  use_conv: True
  conv_channel: 105
  pool_size: 2
  kernel_size: 7
  epochs: 73
  batch_size: 64
  pi_threshold: 0.5214793134703185
  learning_rate: 0.00040407867562437143
  dropout_rate: 0.22347618855966436
  masked_recon_weight: 0.01006682698507943
  regularizer: none
  regularization_weight: 100.0
================================================================================

Creating datasets with:
  features: ['Centr', 'Nucl']
  bin_size: 1
  moving_average: True
  data_point_length: 2000 (from 2000)
  step_size: 1249 (from fraction 0.6245654121573946)
  layers: [np.int64(2400)] (first=2400, num=1)
  stride: 1 (fixed), padding: same (fixed)


Clipping outliers using 95th percentile * 1.5...
strain_yTW001: Clipping values above 134.25 (P95=89.50). Clipped 27529/1193409 values (2.31%)
strain_FD: Clipping values above 71.92 (P95=47.94). Clipped 95791/4127807 values (2.32%)
strain_dnrp: Clipping values above 243.00 (P95=162.00). Clipped 25649/1119454 values (2.29%)
strain_yEK19: Clipping values above 77.10 (P95=51.40). Clipped 83713/3893623 values (2.15%)
strain_yEK23: Clipping values above 72.00 (P95=48.00). Clipped 86381/3558407 values (2.43%)
strain_yWT03a: Clipping values above 15.00 (P95=10.00). Clipped 10602/347679 values (3.05%)
strain_yWT04a: Clipping values above 58.50 (P95=39.00). Clipped 21095/725406 values (2.91%)
strain_ylic137: Clipping values above 142.50 (P95=95.00). Clipped 28746/1112684 values (2.58%)
Standardizing features: ['Centr', 'Nucl']
Column order in final array (Dataset/Chrom split): ['Value', 'Nucleosome_Distance', 'Centromere_Distance', 'Value_Raw', 'Size_Factor']
Removing 0 empty data points out of 43840
Column order in final array (Dataset/Chrom split): ['Value', 'Nucleosome_Distance', 'Centromere_Distance', 'Value_Raw', 'Size_Factor']
Removing 0 empty data points out of 16504
Column order in final array (Dataset/Chrom split): ['Value', 'Nucleosome_Distance', 'Centromere_Distance', 'Value_Raw', 'Size_Factor']
Removing 0 empty data points out of 16952
Datasets created:
  Train: (43840, 2000, 5), Val: (16504, 2000, 5), Test: (16952, 2000, 5)

Applied denoising with 15.0% masking
Applied denoising with 15.0% masking
Applied denoising with 15.0% masking
Epoch [1/73], Total Loss: 1.1111, NLL: 0.9767, Masked: 13.3511
Epoch [2/73], Total Loss: 1.0507, NLL: 0.9222, Masked: 12.7650
Epoch [3/73], Total Loss: 1.0321, NLL: 0.9063, Masked: 12.5023
Epoch [4/73], Total Loss: 1.0221, NLL: 0.8976, Masked: 12.3690
Epoch [5/73], Total Loss: 1.0163, NLL: 0.8927, Masked: 12.2783
Epoch [6/73], Total Loss: 1.0108, NLL: 0.8878, Masked: 12.2247
Epoch [7/73], Total Loss: 1.0074, NLL: 0.8848, Masked: 12.1798
Epoch [8/73], Total Loss: 1.0037, NLL: 0.8814, Masked: 12.1558
Epoch [9/73], Total Loss: 1.0001, NLL: 0.8785, Masked: 12.0832
Epoch [10/73], Total Loss: 0.9977, NLL: 0.8764, Masked: 12.0477
Epoch [11/73], Total Loss: 0.9954, NLL: 0.8743, Masked: 12.0254
Epoch [12/73], Total Loss: 0.9928, NLL: 0.8724, Masked: 11.9638
Epoch [13/73], Total Loss: 0.9906, NLL: 0.8704, Masked: 11.9348
Epoch [14/73], Total Loss: 0.9886, NLL: 0.8688, Masked: 11.8968
Epoch [15/73], Total Loss: 0.9874, NLL: 0.8679, Masked: 11.8708
Epoch [16/73], Total Loss: 0.9855, NLL: 0.8664, Masked: 11.8332
Epoch [17/73], Total Loss: 0.9829, NLL: 0.8644, Masked: 11.7725
Epoch [18/73], Total Loss: 0.9810, NLL: 0.8627, Masked: 11.7514
Epoch [19/73], Total Loss: 0.9805, NLL: 0.8623, Masked: 11.7422
Epoch [20/73], Total Loss: 0.9777, NLL: 0.8600, Masked: 11.6891
Epoch [21/73], Total Loss: 0.9753, NLL: 0.8582, Masked: 11.6311
Epoch [22/73], Total Loss: 0.9736, NLL: 0.8567, Masked: 11.6136
Epoch [23/73], Total Loss: 0.9722, NLL: 0.8558, Masked: 11.5693
Epoch [24/73], Total Loss: 0.9710, NLL: 0.8549, Masked: 11.5324
Epoch [25/73], Total Loss: 0.9684, NLL: 0.8529, Masked: 11.4767
Epoch [26/73], Total Loss: 0.9665, NLL: 0.8515, Masked: 11.4309
Epoch [27/73], Total Loss: 0.9654, NLL: 0.8506, Masked: 11.4079
Epoch [28/73], Total Loss: 0.9646, NLL: 0.8501, Masked: 11.3739
Epoch [29/73], Total Loss: 0.9632, NLL: 0.8487, Masked: 11.3772
Epoch [30/73], Total Loss: 0.9612, NLL: 0.8473, Masked: 11.3111
Epoch [31/73], Total Loss: 0.9593, NLL: 0.8461, Masked: 11.2469
Epoch [32/73], Total Loss: 0.9585, NLL: 0.8455, Masked: 11.2284
Epoch [33/73], Total Loss: 0.9580, NLL: 0.8451, Masked: 11.2151
Epoch [34/73], Total Loss: 0.9579, NLL: 0.8447, Masked: 11.2461
Epoch [35/73], Total Loss: 0.9551, NLL: 0.8430, Masked: 11.1333
Epoch [36/73], Total Loss: 0.9544, NLL: 0.8426, Masked: 11.1081
Epoch [37/73], Total Loss: 0.9533, NLL: 0.8419, Masked: 11.0653
Epoch [38/73], Total Loss: 0.9528, NLL: 0.8414, Masked: 11.0656
Epoch [39/73], Total Loss: 0.9519, NLL: 0.8408, Masked: 11.0402
Epoch [40/73], Total Loss: 0.9510, NLL: 0.8402, Masked: 10.9998
Epoch [41/73], Total Loss: 0.9506, NLL: 0.8399, Masked: 10.9992
Epoch [42/73], Total Loss: 0.9493, NLL: 0.8389, Masked: 10.9619
Epoch [43/73], Total Loss: 0.9485, NLL: 0.8384, Masked: 10.9342
Epoch [44/73], Total Loss: 0.9476, NLL: 0.8379, Masked: 10.8948
Epoch [45/73], Total Loss: 0.9470, NLL: 0.8374, Masked: 10.8891
Epoch [46/73], Total Loss: 0.9462, NLL: 0.8368, Masked: 10.8584
Epoch [47/73], Total Loss: 0.9458, NLL: 0.8366, Masked: 10.8488
Epoch [48/73], Total Loss: 0.9456, NLL: 0.8367, Masked: 10.8240
Epoch [49/73], Total Loss: 0.9449, NLL: 0.8358, Masked: 10.8377
Epoch [50/73], Total Loss: 0.9437, NLL: 0.8353, Masked: 10.7649
Epoch [51/73], Total Loss: 0.9437, NLL: 0.8351, Masked: 10.7830
Epoch [52/73], Total Loss: 0.9426, NLL: 0.8345, Masked: 10.7409
Epoch [53/73], Total Loss: 0.9423, NLL: 0.8342, Masked: 10.7382
Epoch [54/73], Total Loss: 0.9428, NLL: 0.8348, Masked: 10.7273
Epoch [55/73], Total Loss: 0.9413, NLL: 0.8335, Masked: 10.7021
Epoch [56/73], Total Loss: 0.9406, NLL: 0.8330, Masked: 10.6847
Epoch [57/73], Total Loss: 0.9406, NLL: 0.8330, Masked: 10.6907
Epoch [58/73], Total Loss: 0.9402, NLL: 0.8328, Masked: 10.6702
Epoch [59/73], Total Loss: 0.9391, NLL: 0.8321, Masked: 10.6346
Epoch [60/73], Total Loss: 0.9388, NLL: 0.8319, Masked: 10.6225
Epoch [61/73], Total Loss: 0.9380, NLL: 0.8314, Masked: 10.5894
Epoch [62/73], Total Loss: 0.9384, NLL: 0.8315, Masked: 10.6225
Epoch [63/73], Total Loss: 0.9376, NLL: 0.8310, Masked: 10.5950
Epoch [64/73], Total Loss: 0.9373, NLL: 0.8310, Masked: 10.5580
Epoch [65/73], Total Loss: 0.9370, NLL: 0.8306, Masked: 10.5679
Epoch [66/73], Total Loss: 0.9363, NLL: 0.8303, Masked: 10.5357
Epoch [67/73], Total Loss: 0.9358, NLL: 0.8297, Masked: 10.5370
Epoch [68/73], Total Loss: 0.9352, NLL: 0.8294, Masked: 10.5066
Epoch [69/73], Total Loss: 0.9348, NLL: 0.8290, Masked: 10.5041
Epoch [70/73], Total Loss: 0.9347, NLL: 0.8291, Masked: 10.4897
Epoch [71/73], Total Loss: 0.9348, NLL: 0.8291, Masked: 10.4917
Epoch [72/73], Total Loss: 0.9340, NLL: 0.8285, Masked: 10.4806
Epoch [73/73], Total Loss: 0.9340, NLL: 0.8284, Masked: 10.4910

==================================================
EVALUATING ON TRAINING DATA
==================================================

==================================================
TEST RESULTS
==================================================
Total Loss: 0.905062
  - ZINB NLL: 0.804841
Total number of masked values: 2155766
  - Number of values with pi >= 0.5214793134703185: 1200210
  - Number of values with pi < 0.5214793134703185: 955556
  - Masked Reconstruction: 9.955621
Mean Absolute Error (MAE): 2.305721
R² Score: 0.184566
==================================================


==================================================
TEST RESULTS
==================================================
Total Loss: 0.981478
  - ZINB NLL: 0.846493
Total number of masked values: 807982
  - Number of values with pi >= 0.5214793134703185: 446378
  - Number of values with pi < 0.5214793134703185: 361604
  - Masked Reconstruction: 13.408953
Mean Absolute Error (MAE): 2.547363
R² Score: 0.115434
==================================================


>>> Optimizing zinb_nll on VALIDATION set: 0.846493
>>> Full validation metrics: {'total_loss': 0.9814783646479083, 'zinb_nll': 0.8464927575828609, 'mae': 2.547363042831421, 'r2': 0.11543428897857666, 'masked_loss': 13.408953017189962}

Iteration No: 75 ended. Search finished for the next optimal point.
Time taken: 3226.5733
Function value obtained: 0.8465
Current minimum: 0.8465
Iteration No: 76 started. Searching for the next optimal point.

================================================================================
Trial with parameters:
  features: Centr
  step_size: 0.3041268473112111
  bin_size: 1
  sample_fraction: 1.0
  moving_average: False
  first_layer_size_factor: 150
  num_layers: 1
  use_conv: True
  conv_channel: 59
  pool_size: 7
  kernel_size: 3
  epochs: 82
  batch_size: 64
  pi_threshold: 0.6500997495265788
  learning_rate: 2.8715181047669138e-05
  dropout_rate: 0.1404376887388801
  masked_recon_weight: 0.0010071887796489244
  regularizer: none
  regularization_weight: 100.0
================================================================================

Creating datasets with:
  features: ['Centr']
  bin_size: 1
  moving_average: False
  data_point_length: 2000 (from 2000)
  step_size: 608 (from fraction 0.3041268473112111)
  layers: [np.int64(2400)] (first=2400, num=1)
  stride: 1 (fixed), padding: same (fixed)


Clipping outliers using 95th percentile * 1.5...
strain_yTW001: Clipping values above 134.25 (P95=89.50). Clipped 27529/1193409 values (2.31%)
strain_FD: Clipping values above 71.92 (P95=47.94). Clipped 95791/4127807 values (2.32%)
strain_dnrp: Clipping values above 243.00 (P95=162.00). Clipped 25649/1119454 values (2.29%)
strain_yEK19: Clipping values above 77.10 (P95=51.40). Clipped 83713/3893623 values (2.15%)
strain_yEK23: Clipping values above 72.00 (P95=48.00). Clipped 86381/3558407 values (2.43%)
strain_yWT03a: Clipping values above 15.00 (P95=10.00). Clipped 10602/347679 values (3.05%)
strain_yWT04a: Clipping values above 58.50 (P95=39.00). Clipped 21095/725406 values (2.91%)
strain_ylic137: Clipping values above 142.50 (P95=95.00). Clipped 28746/1112684 values (2.58%)
Standardizing features: ['Centr']
Column order in final array (Dataset/Chrom split): ['Value', 'Centromere_Distance', 'Value_Raw', 'Size_Factor']
Removing 0 empty data points out of 89952
Column order in final array (Dataset/Chrom split): ['Value', 'Centromere_Distance', 'Value_Raw', 'Size_Factor']
Removing 0 empty data points out of 33888
Column order in final array (Dataset/Chrom split): ['Value', 'Centromere_Distance', 'Value_Raw', 'Size_Factor']
Removing 0 empty data points out of 34792
Datasets created:
  Train: (89952, 2000, 4), Val: (33888, 2000, 4), Test: (34792, 2000, 4)

Applied denoising with 15.0% masking
Applied denoising with 15.0% masking
Applied denoising with 15.0% masking
Epoch [1/82], Total Loss: 1.0286, NLL: 1.0148, Masked: 13.6651
Epoch [2/82], Total Loss: 0.9455, NLL: 0.9324, Masked: 13.0422
Epoch [3/82], Total Loss: 0.9260, NLL: 0.9133, Masked: 12.5986
Epoch [4/82], Total Loss: 0.9113, NLL: 0.8989, Masked: 12.3625
Epoch [5/82], Total Loss: 0.9002, NLL: 0.8879, Masked: 12.2535
Epoch [6/82], Total Loss: 0.8939, NLL: 0.8816, Masked: 12.2083
Epoch [7/82], Total Loss: 0.8888, NLL: 0.8766, Masked: 12.1322
Epoch [8/82], Total Loss: 0.8835, NLL: 0.8714, Masked: 12.0582
Epoch [9/82], Total Loss: 0.8781, NLL: 0.8660, Masked: 11.9988
Epoch [10/82], Total Loss: 0.8727, NLL: 0.8606, Masked: 11.9568
Epoch [11/82], Total Loss: 0.8678, NLL: 0.8557, Masked: 11.9480
Epoch [12/82], Total Loss: 0.8633, NLL: 0.8513, Masked: 11.9539
Epoch [13/82], Total Loss: 0.8596, NLL: 0.8475, Masked: 11.9548
Epoch [14/82], Total Loss: 0.8563, NLL: 0.8443, Masked: 11.9652
Epoch [15/82], Total Loss: 0.8536, NLL: 0.8415, Masked: 11.9874
Epoch [16/82], Total Loss: 0.8512, NLL: 0.8391, Masked: 11.9873
Epoch [17/82], Total Loss: 0.8491, NLL: 0.8370, Masked: 11.9818
Epoch [18/82], Total Loss: 0.8474, NLL: 0.8353, Masked: 11.9903
Epoch [19/82], Total Loss: 0.8458, NLL: 0.8337, Masked: 11.9882
Epoch [20/82], Total Loss: 0.8446, NLL: 0.8325, Masked: 11.9792
Epoch [21/82], Total Loss: 0.8433, NLL: 0.8313, Masked: 11.9656
Epoch [22/82], Total Loss: 0.8423, NLL: 0.8302, Masked: 11.9610
Epoch [23/82], Total Loss: 0.8413, NLL: 0.8293, Masked: 11.9522
Epoch [24/82], Total Loss: 0.8404, NLL: 0.8284, Masked: 11.9367
Epoch [25/82], Total Loss: 0.8396, NLL: 0.8276, Masked: 11.9166
Epoch [26/82], Total Loss: 0.8387, NLL: 0.8268, Masked: 11.9042
Epoch [27/82], Total Loss: 0.8379, NLL: 0.8260, Masked: 11.8794
Epoch [28/82], Total Loss: 0.8372, NLL: 0.8253, Masked: 11.8690
Epoch [29/82], Total Loss: 0.8365, NLL: 0.8245, Masked: 11.8429
Epoch [30/82], Total Loss: 0.8358, NLL: 0.8239, Masked: 11.8248
Epoch [31/82], Total Loss: 0.8351, NLL: 0.8232, Masked: 11.8049
Epoch [32/82], Total Loss: 0.8345, NLL: 0.8226, Masked: 11.7843
Epoch [33/82], Total Loss: 0.8338, NLL: 0.8220, Masked: 11.7639
Epoch [34/82], Total Loss: 0.8332, NLL: 0.8213, Masked: 11.7518
Epoch [35/82], Total Loss: 0.8326, NLL: 0.8208, Masked: 11.7340
Epoch [36/82], Total Loss: 0.8319, NLL: 0.8201, Masked: 11.6974
Epoch [37/82], Total Loss: 0.8313, NLL: 0.8196, Masked: 11.6903
Epoch [38/82], Total Loss: 0.8307, NLL: 0.8190, Masked: 11.6558
Epoch [39/82], Total Loss: 0.8301, NLL: 0.8184, Masked: 11.6477
Epoch [40/82], Total Loss: 0.8295, NLL: 0.8178, Masked: 11.6247
Epoch [41/82], Total Loss: 0.8290, NLL: 0.8173, Masked: 11.6045
Epoch [42/82], Total Loss: 0.8284, NLL: 0.8167, Masked: 11.5847
Epoch [43/82], Total Loss: 0.8278, NLL: 0.8161, Masked: 11.5757
Epoch [44/82], Total Loss: 0.8272, NLL: 0.8156, Masked: 11.5523
Epoch [45/82], Total Loss: 0.8266, NLL: 0.8150, Masked: 11.5322
Epoch [46/82], Total Loss: 0.8261, NLL: 0.8145, Masked: 11.5142
Epoch [47/82], Total Loss: 0.8255, NLL: 0.8139, Masked: 11.4986
Epoch [48/82], Total Loss: 0.8249, NLL: 0.8133, Masked: 11.4765
Epoch [49/82], Total Loss: 0.8243, NLL: 0.8128, Masked: 11.4615
Epoch [50/82], Total Loss: 0.8238, NLL: 0.8123, Masked: 11.4411
Epoch [51/82], Total Loss: 0.8233, NLL: 0.8118, Masked: 11.4413
Epoch [52/82], Total Loss: 0.8227, NLL: 0.8112, Masked: 11.4132
Epoch [53/82], Total Loss: 0.8221, NLL: 0.8106, Masked: 11.3907
Epoch [54/82], Total Loss: 0.8217, NLL: 0.8102, Masked: 11.3923
Epoch [55/82], Total Loss: 0.8211, NLL: 0.8097, Masked: 11.3693
Epoch [56/82], Total Loss: 0.8206, NLL: 0.8092, Masked: 11.3562
Epoch [57/82], Total Loss: 0.8201, NLL: 0.8086, Masked: 11.3367
Epoch [58/82], Total Loss: 0.8195, NLL: 0.8081, Masked: 11.3253
Epoch [59/82], Total Loss: 0.8191, NLL: 0.8077, Masked: 11.3136
Epoch [60/82], Total Loss: 0.8186, NLL: 0.8072, Masked: 11.3085
Epoch [61/82], Total Loss: 0.8181, NLL: 0.8067, Masked: 11.2850
Epoch [62/82], Total Loss: 0.8176, NLL: 0.8063, Masked: 11.2684
Epoch [63/82], Total Loss: 0.8171, NLL: 0.8058, Masked: 11.2585
Epoch [64/82], Total Loss: 0.8167, NLL: 0.8054, Masked: 11.2471
Epoch [65/82], Total Loss: 0.8163, NLL: 0.8049, Masked: 11.2452
Epoch [66/82], Total Loss: 0.8158, NLL: 0.8045, Masked: 11.2231
Epoch [67/82], Total Loss: 0.8154, NLL: 0.8041, Masked: 11.2174
Epoch [68/82], Total Loss: 0.8149, NLL: 0.8036, Masked: 11.1957
Epoch [69/82], Total Loss: 0.8145, NLL: 0.8032, Masked: 11.1891
Epoch [70/82], Total Loss: 0.8141, NLL: 0.8028, Masked: 11.1848
Epoch [71/82], Total Loss: 0.8137, NLL: 0.8024, Masked: 11.1718
Epoch [72/82], Total Loss: 0.8132, NLL: 0.8020, Masked: 11.1492
Epoch [73/82], Total Loss: 0.8129, NLL: 0.8016, Masked: 11.1528
Epoch [74/82], Total Loss: 0.8125, NLL: 0.8013, Masked: 11.1439
Epoch [75/82], Total Loss: 0.8121, NLL: 0.8009, Masked: 11.1345
Epoch [76/82], Total Loss: 0.8117, NLL: 0.8005, Masked: 11.1205
Epoch [77/82], Total Loss: 0.8113, NLL: 0.8001, Masked: 11.1094
Epoch [78/82], Total Loss: 0.8110, NLL: 0.7998, Masked: 11.0963
Epoch [79/82], Total Loss: 0.8106, NLL: 0.7994, Masked: 11.0850
Epoch [80/82], Total Loss: 0.8102, NLL: 0.7991, Masked: 11.0811
Epoch [81/82], Total Loss: 0.8099, NLL: 0.7987, Masked: 11.0810
Epoch [82/82], Total Loss: 0.8095, NLL: 0.7983, Masked: 11.0585

==================================================
EVALUATING ON TRAINING DATA
==================================================

==================================================
TEST RESULTS
==================================================
Total Loss: 0.798524
  - ZINB NLL: 0.787715
Total number of masked values: 4422366
  - Number of values with pi >= 0.6500997495265788: 1785654
  - Number of values with pi < 0.6500997495265788: 2636712
  - Masked Reconstruction: 10.731336
Mean Absolute Error (MAE): 2.842574
R² Score: -0.245322
==================================================


==================================================
TEST RESULTS
==================================================
Total Loss: 0.840626
  - ZINB NLL: 0.826604
Total number of masked values: 1659608
  - Number of values with pi >= 0.6500997495265788: 728371
  - Number of values with pi < 0.6500997495265788: 931237
  - Masked Reconstruction: 13.921907
Mean Absolute Error (MAE): 3.095633
R² Score: -0.480500
==================================================


>>> Optimizing zinb_nll on VALIDATION set: 0.826604
>>> Full validation metrics: {'total_loss': 0.8406262757983041, 'zinb_nll': 0.8266042856335978, 'mae': 3.0956332683563232, 'r2': -0.48050034046173096, 'masked_loss': 13.921907350857152}

Iteration No: 76 ended. Search finished for the next optimal point.
Time taken: 2448.2568
Function value obtained: 0.8266
Current minimum: 0.8266
Iteration No: 77 started. Searching for the next optimal point.

================================================================================
Trial with parameters:
  features: Nucl
  step_size: 0.77318108801624
  bin_size: 1
  sample_fraction: 0.5496473289885112
  moving_average: True
  first_layer_size_factor: 150
  num_layers: 1
  use_conv: True
  conv_channel: 124
  pool_size: 4
  kernel_size: 9
  epochs: 108
  batch_size: 128
  pi_threshold: 0.3684271497760593
  learning_rate: 0.0005340326297862528
  dropout_rate: 0.24189840596475337
  masked_recon_weight: 0.45765329866869514
  regularizer: none
  regularization_weight: 100.0
================================================================================

Creating datasets with:
  features: ['Nucl']
  bin_size: 1
  moving_average: True
  data_point_length: 2000 (from 2000)
  step_size: 1546 (from fraction 0.77318108801624)
  layers: [np.int64(2400)] (first=2400, num=1)
  stride: 1 (fixed), padding: same (fixed)


Clipping outliers using 95th percentile * 1.5...
strain_yTW001: Clipping values above 134.25 (P95=89.50). Clipped 27529/1193409 values (2.31%)
strain_FD: Clipping values above 71.92 (P95=47.94). Clipped 95791/4127807 values (2.32%)
strain_dnrp: Clipping values above 243.00 (P95=162.00). Clipped 25649/1119454 values (2.29%)
strain_yEK19: Clipping values above 77.10 (P95=51.40). Clipped 83713/3893623 values (2.15%)
strain_yEK23: Clipping values above 72.00 (P95=48.00). Clipped 86381/3558407 values (2.43%)
strain_yWT03a: Clipping values above 15.00 (P95=10.00). Clipped 10602/347679 values (3.05%)
strain_yWT04a: Clipping values above 58.50 (P95=39.00). Clipped 21095/725406 values (2.91%)
strain_ylic137: Clipping values above 142.50 (P95=95.00). Clipped 28746/1112684 values (2.58%)
Standardizing features: ['Nucl']
Column order in final array (Dataset/Chrom split): ['Value', 'Nucleosome_Distance', 'Value_Raw', 'Size_Factor']
Removing 0 empty data points out of 35440
Column order in final array (Dataset/Chrom split): ['Value', 'Nucleosome_Distance', 'Value_Raw', 'Size_Factor']
Removing 0 empty data points out of 13344
Column order in final array (Dataset/Chrom split): ['Value', 'Nucleosome_Distance', 'Value_Raw', 'Size_Factor']
Removing 0 empty data points out of 13712
Datasets created:
  Train: (35440, 2000, 4), Val: (13344, 2000, 4), Test: (13712, 2000, 4)

Randomly sampled 19479/35440 samples (55.0%)
Applied denoising with 15.0% masking
Applied denoising with 15.0% masking
Applied denoising with 15.0% masking
Epoch [1/108], Total Loss: 3126.2826, NLL: 1.4428, Masked: 6827.9631
Epoch [2/108], Total Loss: 568.8468, NLL: 0.9937, Masked: 1240.7932
Epoch [3/108], Total Loss: 6.9984, NLL: 0.9649, Masked: 13.1835
Epoch [4/108], Total Loss: 6.9609, NLL: 0.9584, Masked: 13.1158
Epoch [5/108], Total Loss: 6.9110, NLL: 0.9548, Masked: 13.0146
Epoch [6/108], Total Loss: 6.9007, NLL: 0.9529, Masked: 12.9963
Epoch [7/108], Total Loss: 6.9037, NLL: 0.9500, Masked: 13.0093
Epoch [8/108], Total Loss: 6.8496, NLL: 0.9470, Masked: 12.8976
Epoch [9/108], Total Loss: 6.8475, NLL: 0.9457, Masked: 12.8958
Epoch [10/108], Total Loss: 6.8056, NLL: 0.9421, Masked: 12.8120
Epoch [11/108], Total Loss: 6.7938, NLL: 0.9434, Masked: 12.7835
Epoch [12/108], Total Loss: 6.7799, NLL: 0.9415, Masked: 12.7571
Epoch [13/108], Total Loss: 6.9196, NLL: 0.9416, Masked: 13.0622
Epoch [14/108], Total Loss: 6.7786, NLL: 0.9412, Masked: 12.7550
Epoch [15/108], Total Loss: 6.7726, NLL: 0.9382, Masked: 12.7484
Epoch [16/108], Total Loss: 6.7444, NLL: 0.9381, Masked: 12.6872
Epoch [17/108], Total Loss: 6.7154, NLL: 0.9360, Masked: 12.6285
Epoch [18/108], Total Loss: 6.7314, NLL: 0.9359, Masked: 12.6634
Epoch [19/108], Total Loss: 6.7053, NLL: 0.9352, Masked: 12.6081
Epoch [20/108], Total Loss: 6.7094, NLL: 0.9345, Masked: 12.6183
Epoch [21/108], Total Loss: 6.6877, NLL: 0.9331, Masked: 12.5741
Epoch [22/108], Total Loss: 6.6841, NLL: 0.9348, Masked: 12.5627
Epoch [23/108], Total Loss: 6.6790, NLL: 0.9336, Masked: 12.5540
Epoch [24/108], Total Loss: 6.6719, NLL: 0.9330, Masked: 12.5397
Epoch [25/108], Total Loss: 6.7503, NLL: 0.9343, Masked: 12.7083
Epoch [26/108], Total Loss: 6.6615, NLL: 0.9343, Masked: 12.5143
Epoch [27/108], Total Loss: 6.6523, NLL: 0.9328, Masked: 12.4974
Epoch [28/108], Total Loss: 6.7040, NLL: 0.9313, Masked: 12.6135
Epoch [29/108], Total Loss: 6.6510, NLL: 0.9325, Masked: 12.4951
Epoch [30/108], Total Loss: 6.7896, NLL: 0.9334, Masked: 12.7961
Epoch [31/108], Total Loss: 49.2962, NLL: 0.9333, Masked: 105.6757
Epoch [32/108], Total Loss: 6.6762, NLL: 0.9324, Masked: 12.5506
Epoch [33/108], Total Loss: 6.6576, NLL: 0.9320, Masked: 12.5108
Epoch [34/108], Total Loss: 6.6208, NLL: 0.9324, Masked: 12.4296
Epoch [35/108], Total Loss: 6.6333, NLL: 0.9322, Masked: 12.4573
Epoch [36/108], Total Loss: 6.8439, NLL: 0.9315, Masked: 12.9188
Epoch [37/108], Total Loss: 6.6158, NLL: 0.9318, Masked: 12.4200
Epoch [38/108], Total Loss: 6.6055, NLL: 0.9319, Masked: 12.3971
Epoch [39/108], Total Loss: 6.6113, NLL: 0.9319, Masked: 12.4099
Epoch [40/108], Total Loss: 7.1185, NLL: 0.9310, Masked: 13.5200
Epoch [41/108], Total Loss: 6.6292, NLL: 0.9305, Masked: 12.4519
Epoch [42/108], Total Loss: 6.5977, NLL: 0.9292, Masked: 12.3858
Epoch [43/108], Total Loss: 6.5873, NLL: 0.9304, Masked: 12.3606
Epoch [44/108], Total Loss: 6.5879, NLL: 0.9294, Masked: 12.3643
Epoch [45/108], Total Loss: 6.5821, NLL: 0.9301, Masked: 12.3500
Epoch [46/108], Total Loss: 6.5884, NLL: 0.9296, Masked: 12.3648
Epoch [47/108], Total Loss: 6.5719, NLL: 0.9295, Masked: 12.3291
Epoch [48/108], Total Loss: 6.5717, NLL: 0.9284, Masked: 12.3310
Epoch [49/108], Total Loss: 6.5695, NLL: 0.9288, Masked: 12.3252
Epoch [50/108], Total Loss: 6.5636, NLL: 0.9284, Masked: 12.3133
Epoch [51/108], Total Loss: 6.5620, NLL: 0.9285, Masked: 12.3096
Epoch [52/108], Total Loss: 6.5640, NLL: 0.9270, Masked: 12.3171
Epoch [53/108], Total Loss: 6.5632, NLL: 0.9262, Masked: 12.3171
Epoch [54/108], Total Loss: 6.5334, NLL: 0.9272, Masked: 12.2500
Epoch [55/108], Total Loss: 6.5481, NLL: 0.9264, Masked: 12.2837
Epoch [56/108], Total Loss: 6.6380, NLL: 0.9259, Masked: 12.4813
Epoch [57/108], Total Loss: 6.5421, NLL: 0.9260, Masked: 12.2716
Epoch [58/108], Total Loss: 6.5207, NLL: 0.9262, Masked: 12.2245
Epoch [59/108], Total Loss: 6.5238, NLL: 0.9262, Masked: 12.2310
Epoch [60/108], Total Loss: 6.5276, NLL: 0.9253, Masked: 12.2414
Epoch [61/108], Total Loss: 6.5052, NLL: 0.9248, Masked: 12.1936
Epoch [62/108], Total Loss: 6.5147, NLL: 0.9236, Masked: 12.2170
Epoch [63/108], Total Loss: 6.5095, NLL: 0.9236, Masked: 12.2056
Epoch [64/108], Total Loss: 6.5064, NLL: 0.9230, Masked: 12.2000
Epoch [65/108], Total Loss: 6.5171, NLL: 0.9219, Masked: 12.2259
Epoch [66/108], Total Loss: 6.5072, NLL: 0.9212, Masked: 12.2056
Epoch [67/108], Total Loss: 6.4872, NLL: 0.9222, Masked: 12.1599
Epoch [68/108], Total Loss: 6.4827, NLL: 0.9205, Masked: 12.1537
Epoch [69/108], Total Loss: 6.4714, NLL: 0.9211, Masked: 12.1277
Epoch [70/108], Total Loss: 6.6338, NLL: 0.9205, Masked: 12.4838
Epoch [71/108], Total Loss: 6.4813, NLL: 0.9204, Masked: 12.1508
Epoch [72/108], Total Loss: 6.4688, NLL: 0.9205, Masked: 12.1233
Epoch [73/108], Total Loss: 6.4567, NLL: 0.9202, Masked: 12.0977
Epoch [74/108], Total Loss: 6.4726, NLL: 0.9192, Masked: 12.1346
Epoch [75/108], Total Loss: 6.4447, NLL: 0.9185, Masked: 12.0750
Epoch [76/108], Total Loss: 6.4426, NLL: 0.9190, Masked: 12.0694
Epoch [77/108], Total Loss: 6.4454, NLL: 0.9183, Masked: 12.0770
Epoch [78/108], Total Loss: 7.1088, NLL: 0.9198, Masked: 13.5234
Epoch [79/108], Total Loss: 6.4563, NLL: 0.9173, Masked: 12.1031
Epoch [80/108], Total Loss: 6.4510, NLL: 0.9180, Masked: 12.0900
Epoch [81/108], Total Loss: 6.4177, NLL: 0.9179, Masked: 12.0174
Epoch [82/108], Total Loss: 6.4293, NLL: 0.9167, Masked: 12.0453
Epoch [83/108], Total Loss: 6.4285, NLL: 0.9160, Masked: 12.0452
Epoch [84/108], Total Loss: 6.4020, NLL: 0.9160, Masked: 11.9873
Epoch [85/108], Total Loss: 6.4033, NLL: 0.9160, Masked: 11.9900
Epoch [86/108], Total Loss: 6.3976, NLL: 0.9151, Masked: 11.9795
Epoch [87/108], Total Loss: 6.4134, NLL: 0.9148, Masked: 12.0149
Epoch [88/108], Total Loss: 6.3931, NLL: 0.9144, Masked: 11.9714
Epoch [89/108], Total Loss: 6.3854, NLL: 0.9141, Masked: 11.9552
Epoch [90/108], Total Loss: 6.3794, NLL: 0.9138, Masked: 11.9425
Epoch [91/108], Total Loss: 6.4146, NLL: 0.9139, Masked: 12.0194
Epoch [92/108], Total Loss: 6.3675, NLL: 0.9135, Masked: 11.9175
Epoch [93/108], Total Loss: 6.4059, NLL: 0.9132, Masked: 12.0018
Epoch [94/108], Total Loss: 6.3614, NLL: 0.9129, Masked: 11.9052
Epoch [95/108], Total Loss: 6.3669, NLL: 0.9129, Masked: 11.9173
Epoch [96/108], Total Loss: 6.3840, NLL: 0.9117, Masked: 11.9574
Epoch [97/108], Total Loss: 6.3628, NLL: 0.9115, Masked: 11.9116
Epoch [98/108], Total Loss: 6.3395, NLL: 0.9104, Masked: 11.8629
Epoch [99/108], Total Loss: 6.3680, NLL: 0.9109, Masked: 11.9242
Epoch [100/108], Total Loss: 6.3312, NLL: 0.9111, Masked: 11.8431
Epoch [101/108], Total Loss: 6.3422, NLL: 0.9104, Masked: 11.8689
Epoch [102/108], Total Loss: 6.3358, NLL: 0.9100, Masked: 11.8557
Epoch [103/108], Total Loss: 6.3180, NLL: 0.9097, Masked: 11.8175
Epoch [104/108], Total Loss: 6.3337, NLL: 0.9099, Masked: 11.8512
Epoch [105/108], Total Loss: 6.3235, NLL: 0.9085, Masked: 11.8321
Epoch [106/108], Total Loss: 6.3115, NLL: 0.9086, Masked: 11.8057
Epoch [107/108], Total Loss: 6.3061, NLL: 0.9082, Masked: 11.7949
Epoch [108/108], Total Loss: 6.3249, NLL: 0.9094, Masked: 11.8333

==================================================
EVALUATING ON TRAINING DATA
==================================================

==================================================
TEST RESULTS
==================================================
Total Loss: 6.129209
  - ZINB NLL: 0.890619
Total number of masked values: 959781
  - Number of values with pi >= 0.3684271497760593: 783487
  - Number of values with pi < 0.3684271497760593: 176294
  - Masked Reconstruction: 11.446636
Mean Absolute Error (MAE): 2.201809
R² Score: 0.044537
==================================================


==================================================
TEST RESULTS
==================================================
Total Loss: 7.212957
  - ZINB NLL: 0.906425
Total number of masked values: 656136
  - Number of values with pi >= 0.3684271497760593: 534154
  - Number of values with pi < 0.3684271497760593: 121982
  - Masked Reconstruction: 13.780152
Mean Absolute Error (MAE): 2.312520
R² Score: 0.021435
==================================================


>>> Optimizing zinb_nll on VALIDATION set: 0.906425
>>> Full validation metrics: {'total_loss': 7.212956765858675, 'zinb_nll': 0.9064249870874327, 'mae': 2.3125195503234863, 'r2': 0.021435320377349854, 'masked_loss': 13.78015192521276}

Iteration No: 77 ended. Search finished for the next optimal point.
Time taken: 1213.9824
Function value obtained: 0.9064
Current minimum: 0.8266
Iteration No: 78 started. Searching for the next optimal point.

================================================================================
Trial with parameters:
  features: Centr_Nucl
  step_size: 1.0
  bin_size: 1
  sample_fraction: 0.9126259430799661
  moving_average: True
  first_layer_size_factor: 4
  num_layers: 3
  use_conv: True
  conv_channel: 51
  pool_size: 6
  kernel_size: 9
  epochs: 138
  batch_size: 32
  pi_threshold: 0.33711416849917686
  learning_rate: 0.0007720726220051631
  dropout_rate: 0.49145809361434833
  masked_recon_weight: 0.01670707310313487
  regularizer: none
  regularization_weight: 100.0
================================================================================

Creating datasets with:
  features: ['Centr', 'Nucl']
  bin_size: 1
  moving_average: True
  data_point_length: 2000 (from 2000)
  step_size: 2000 (from fraction 1.0)
  layers: [np.int64(64), np.int64(32), np.int64(16)] (first=64, num=3)
  stride: 1 (fixed), padding: same (fixed)


Clipping outliers using 95th percentile * 1.5...
strain_yTW001: Clipping values above 134.25 (P95=89.50). Clipped 27529/1193409 values (2.31%)
strain_FD: Clipping values above 71.92 (P95=47.94). Clipped 95791/4127807 values (2.32%)
strain_dnrp: Clipping values above 243.00 (P95=162.00). Clipped 25649/1119454 values (2.29%)
strain_yEK19: Clipping values above 77.10 (P95=51.40). Clipped 83713/3893623 values (2.15%)
strain_yEK23: Clipping values above 72.00 (P95=48.00). Clipped 86381/3558407 values (2.43%)
strain_yWT03a: Clipping values above 15.00 (P95=10.00). Clipped 10602/347679 values (3.05%)
strain_yWT04a: Clipping values above 58.50 (P95=39.00). Clipped 21095/725406 values (2.91%)
strain_ylic137: Clipping values above 142.50 (P95=95.00). Clipped 28746/1112684 values (2.58%)
Standardizing features: ['Centr', 'Nucl']
Column order in final array (Dataset/Chrom split): ['Value', 'Nucleosome_Distance', 'Centromere_Distance', 'Value_Raw', 'Size_Factor']
Removing 0 empty data points out of 27424
Column order in final array (Dataset/Chrom split): ['Value', 'Nucleosome_Distance', 'Centromere_Distance', 'Value_Raw', 'Size_Factor']
Removing 0 empty data points out of 10328
Column order in final array (Dataset/Chrom split): ['Value', 'Nucleosome_Distance', 'Centromere_Distance', 'Value_Raw', 'Size_Factor']
Removing 0 empty data points out of 10608
Datasets created:
  Train: (27424, 2000, 5), Val: (10328, 2000, 5), Test: (10608, 2000, 5)

Randomly sampled 25027/27424 samples (91.3%)
Applied denoising with 15.0% masking
Applied denoising with 15.0% masking
Applied denoising with 15.0% masking
Epoch [1/138], Total Loss: 1.3902, NLL: 1.1502, Masked: 14.3706
Epoch [2/138], Total Loss: 1.2509, NLL: 1.0245, Masked: 13.5556
Epoch [3/138], Total Loss: 1.2410, NLL: 1.0146, Masked: 13.5536
Epoch [4/138], Total Loss: 1.2301, NLL: 1.0036, Masked: 13.5587
Epoch [5/138], Total Loss: 1.2216, NLL: 0.9952, Masked: 13.5500
Epoch [6/138], Total Loss: 1.2163, NLL: 0.9898, Masked: 13.5539
Epoch [7/138], Total Loss: 1.2130, NLL: 0.9864, Masked: 13.5610
Epoch [8/138], Total Loss: 1.2104, NLL: 0.9840, Masked: 13.5492
Epoch [9/138], Total Loss: 1.2095, NLL: 0.9829, Masked: 13.5627
Epoch [10/138], Total Loss: 1.2083, NLL: 0.9817, Masked: 13.5648
Epoch [11/138], Total Loss: 1.2055, NLL: 0.9791, Masked: 13.5498
Epoch [12/138], Total Loss: 1.2039, NLL: 0.9777, Masked: 13.5402
Epoch [13/138], Total Loss: 1.2052, NLL: 0.9791, Masked: 13.5339
Epoch [14/138], Total Loss: 1.2021, NLL: 0.9754, Masked: 13.5724
Epoch [15/138], Total Loss: 1.2010, NLL: 0.9746, Masked: 13.5483
Epoch [16/138], Total Loss: 1.1991, NLL: 0.9732, Masked: 13.5195
Epoch [17/138], Total Loss: 1.1987, NLL: 0.9725, Masked: 13.5376
Epoch [18/138], Total Loss: 1.1980, NLL: 0.9717, Masked: 13.5422
Epoch [19/138], Total Loss: 1.1977, NLL: 0.9711, Masked: 13.5603
Epoch [20/138], Total Loss: 1.1951, NLL: 0.9691, Masked: 13.5255
Epoch [21/138], Total Loss: 1.1954, NLL: 0.9691, Masked: 13.5451
Epoch [22/138], Total Loss: 1.1953, NLL: 0.9687, Masked: 13.5610
Epoch [23/138], Total Loss: 1.1943, NLL: 0.9680, Masked: 13.5434
Epoch [24/138], Total Loss: 1.1942, NLL: 0.9679, Masked: 13.5464
Epoch [25/138], Total Loss: 1.1929, NLL: 0.9663, Masked: 13.5597
Epoch [26/138], Total Loss: 1.1925, NLL: 0.9662, Masked: 13.5461
Epoch [27/138], Total Loss: 1.1916, NLL: 0.9653, Masked: 13.5472
Epoch [28/138], Total Loss: 1.1923, NLL: 0.9658, Masked: 13.5513
Epoch [29/138], Total Loss: 1.1927, NLL: 0.9662, Masked: 13.5600
Epoch [30/138], Total Loss: 1.1910, NLL: 0.9646, Masked: 13.5502
Epoch [31/138], Total Loss: 1.1909, NLL: 0.9650, Masked: 13.5186
Epoch [32/138], Total Loss: 1.1907, NLL: 0.9641, Masked: 13.5632
Epoch [33/138], Total Loss: 1.1910, NLL: 0.9646, Masked: 13.5536
Epoch [34/138], Total Loss: 1.1903, NLL: 0.9637, Masked: 13.5650
Epoch [35/138], Total Loss: 1.1899, NLL: 0.9634, Masked: 13.5571
Epoch [36/138], Total Loss: 1.1890, NLL: 0.9626, Masked: 13.5487
Epoch [37/138], Total Loss: 1.1883, NLL: 0.9618, Masked: 13.5567
Epoch [38/138], Total Loss: 1.1882, NLL: 0.9619, Masked: 13.5444
Epoch [39/138], Total Loss: 1.1870, NLL: 0.9607, Masked: 13.5477
Epoch [40/138], Total Loss: 1.1877, NLL: 0.9614, Masked: 13.5457
Epoch [41/138], Total Loss: 1.1879, NLL: 0.9614, Masked: 13.5576
Epoch [42/138], Total Loss: 1.1871, NLL: 0.9607, Masked: 13.5563
Epoch [43/138], Total Loss: 1.1885, NLL: 0.9617, Masked: 13.5732
Epoch [44/138], Total Loss: 1.1871, NLL: 0.9606, Masked: 13.5546
Epoch [45/138], Total Loss: 1.1865, NLL: 0.9602, Masked: 13.5421
Epoch [46/138], Total Loss: 1.1863, NLL: 0.9600, Masked: 13.5451
Epoch [47/138], Total Loss: 1.1863, NLL: 0.9601, Masked: 13.5390
Epoch [48/138], Total Loss: 1.1854, NLL: 0.9590, Masked: 13.5526
Epoch [49/138], Total Loss: 1.1852, NLL: 0.9589, Masked: 13.5433
Epoch [50/138], Total Loss: 1.1851, NLL: 0.9588, Masked: 13.5453
Epoch [51/138], Total Loss: 1.1855, NLL: 0.9594, Masked: 13.5327
Epoch [52/138], Total Loss: 1.1846, NLL: 0.9584, Masked: 13.5364
Epoch [53/138], Total Loss: 1.1855, NLL: 0.9590, Masked: 13.5566
Epoch [54/138], Total Loss: 1.1846, NLL: 0.9585, Masked: 13.5334
Epoch [55/138], Total Loss: 1.1850, NLL: 0.9586, Masked: 13.5493
Epoch [56/138], Total Loss: 1.1846, NLL: 0.9581, Masked: 13.5566
Epoch [57/138], Total Loss: 1.1840, NLL: 0.9575, Masked: 13.5611
Epoch [58/138], Total Loss: 1.1849, NLL: 0.9586, Masked: 13.5440
Epoch [59/138], Total Loss: 1.1843, NLL: 0.9579, Masked: 13.5517
Epoch [60/138], Total Loss: 1.1843, NLL: 0.9582, Masked: 13.5305
Epoch [61/138], Total Loss: 1.1829, NLL: 0.9568, Masked: 13.5359
Epoch [62/138], Total Loss: 1.1838, NLL: 0.9572, Masked: 13.5636
Epoch [63/138], Total Loss: 1.1829, NLL: 0.9568, Masked: 13.5341
Epoch [64/138], Total Loss: 1.1832, NLL: 0.9569, Masked: 13.5449
Epoch [65/138], Total Loss: 1.1833, NLL: 0.9569, Masked: 13.5519
Epoch [66/138], Total Loss: 1.1838, NLL: 0.9572, Masked: 13.5606
Epoch [67/138], Total Loss: 1.1844, NLL: 0.9579, Masked: 13.5582
Epoch [68/138], Total Loss: 1.1837, NLL: 0.9575, Masked: 13.5394
Epoch [69/138], Total Loss: 1.1822, NLL: 0.9562, Masked: 13.5245
Epoch [70/138], Total Loss: 1.1829, NLL: 0.9567, Masked: 13.5374
Epoch [71/138], Total Loss: 1.1828, NLL: 0.9566, Masked: 13.5359
Epoch [72/138], Total Loss: 1.1841, NLL: 0.9574, Masked: 13.5693
Epoch [73/138], Total Loss: 1.1827, NLL: 0.9564, Masked: 13.5478
Epoch [74/138], Total Loss: 1.1824, NLL: 0.9561, Masked: 13.5436
Epoch [75/138], Total Loss: 1.1828, NLL: 0.9565, Masked: 13.5436
Epoch [76/138], Total Loss: 1.1835, NLL: 0.9569, Masked: 13.5628
Epoch [77/138], Total Loss: 1.1827, NLL: 0.9565, Masked: 13.5414
Epoch [78/138], Total Loss: 1.1826, NLL: 0.9563, Masked: 13.5434
Epoch [79/138], Total Loss: 1.1830, NLL: 0.9565, Masked: 13.5569
Epoch [80/138], Total Loss: 1.1832, NLL: 0.9570, Masked: 13.5378
Epoch [81/138], Total Loss: 27.5886, NLL: 0.9588, Masked: 1593.9221
Epoch [82/138], Total Loss: 1.1826, NLL: 0.9563, Masked: 13.5443
Epoch [83/138], Total Loss: 1.1823, NLL: 0.9563, Masked: 13.5285
Epoch [84/138], Total Loss: 1.1829, NLL: 0.9568, Masked: 13.5341
Epoch [85/138], Total Loss: 1.1819, NLL: 0.9558, Masked: 13.5334
Epoch [86/138], Total Loss: 1.1828, NLL: 0.9562, Masked: 13.5611
Epoch [87/138], Total Loss: 1.1818, NLL: 0.9557, Masked: 13.5303
Epoch [88/138], Total Loss: 1.1826, NLL: 0.9561, Masked: 13.5535
Epoch [89/138], Total Loss: 1.1822, NLL: 0.9557, Masked: 13.5596
Epoch [90/138], Total Loss: 1.1824, NLL: 0.9561, Masked: 13.5439
Epoch [91/138], Total Loss: 1.1825, NLL: 0.9562, Masked: 13.5504
Epoch [92/138], Total Loss: 1.1817, NLL: 0.9555, Masked: 13.5416
Epoch [93/138], Total Loss: 1.1823, NLL: 0.9561, Masked: 13.5387
Epoch [94/138], Total Loss: 1.1829, NLL: 0.9562, Masked: 13.5677
Epoch [95/138], Total Loss: 1.1823, NLL: 0.9559, Masked: 13.5503
Epoch [96/138], Total Loss: 1.1822, NLL: 0.9561, Masked: 13.5381
Epoch [97/138], Total Loss: 1.1824, NLL: 0.9559, Masked: 13.5572
Epoch [98/138], Total Loss: 1.1822, NLL: 0.9560, Masked: 13.5438
Epoch [99/138], Total Loss: 1.1820, NLL: 0.9555, Masked: 13.5550
Epoch [100/138], Total Loss: 1.1820, NLL: 0.9556, Masked: 13.5515
Epoch [101/138], Total Loss: 1.1819, NLL: 0.9552, Masked: 13.5657
Epoch [102/138], Total Loss: 1.1819, NLL: 0.9555, Masked: 13.5468
Epoch [103/138], Total Loss: 1.1824, NLL: 0.9557, Masked: 13.5708
Epoch [104/138], Total Loss: 1.1938, NLL: 0.9561, Masked: 14.2287
Epoch [105/138], Total Loss: 1.1814, NLL: 0.9553, Masked: 13.5362
Epoch [106/138], Total Loss: 1.1821, NLL: 0.9554, Masked: 13.5647
Epoch [107/138], Total Loss: 1.1823, NLL: 0.9562, Masked: 13.5318
Epoch [108/138], Total Loss: 1.1817, NLL: 0.9554, Masked: 13.5460
Epoch [109/138], Total Loss: 1.1816, NLL: 0.9552, Masked: 13.5479
Epoch [110/138], Total Loss: 1.1821, NLL: 0.9555, Masked: 13.5655
Epoch [111/138], Total Loss: 1.1820, NLL: 0.9555, Masked: 13.5582
Epoch [112/138], Total Loss: 1.1824, NLL: 0.9562, Masked: 13.5409
Epoch [113/138], Total Loss: 1.1818, NLL: 0.9556, Masked: 13.5384
Epoch [114/138], Total Loss: 1.1823, NLL: 0.9558, Masked: 13.5567
Epoch [115/138], Total Loss: 1.1816, NLL: 0.9553, Masked: 13.5470
Epoch [116/138], Total Loss: 1.1809, NLL: 0.9549, Masked: 13.5314
Epoch [117/138], Total Loss: 1.1816, NLL: 0.9555, Masked: 13.5369
Epoch [118/138], Total Loss: 1.2204, NLL: 0.9558, Masked: 15.8418
Epoch [119/138], Total Loss: 1.1814, NLL: 0.9552, Masked: 13.5410
Epoch [120/138], Total Loss: 1.1818, NLL: 0.9555, Masked: 13.5473
Epoch [121/138], Total Loss: 1.1823, NLL: 0.9560, Masked: 13.5411
Epoch [122/138], Total Loss: 1.1814, NLL: 0.9554, Masked: 13.5318
Epoch [123/138], Total Loss: 1.1821, NLL: 0.9557, Masked: 13.5493
Epoch [124/138], Total Loss: 1.1817, NLL: 0.9554, Masked: 13.5494
Epoch [125/138], Total Loss: 1.1815, NLL: 0.9549, Masked: 13.5622
Epoch [126/138], Total Loss: 1.1820, NLL: 0.9558, Masked: 13.5393
Epoch [127/138], Total Loss: 1.1813, NLL: 0.9546, Masked: 13.5683
Epoch [128/138], Total Loss: 1.1812, NLL: 0.9548, Masked: 13.5490
Epoch [129/138], Total Loss: 1.1814, NLL: 0.9549, Masked: 13.5551
Epoch [130/138], Total Loss: 1.1811, NLL: 0.9551, Masked: 13.5312
Epoch [131/138], Total Loss: 1.1812, NLL: 0.9548, Masked: 13.5521
Epoch [132/138], Total Loss: 1.1819, NLL: 0.9552, Masked: 13.5667
Epoch [133/138], Total Loss: 1.1824, NLL: 0.9557, Masked: 13.5701
Epoch [134/138], Total Loss: 1.2039, NLL: 0.9554, Masked: 14.8779
Epoch [135/138], Total Loss: 1.1949, NLL: 0.9547, Masked: 14.3784
Epoch [136/138], Total Loss: 1.1816, NLL: 0.9552, Masked: 13.5509
Epoch [137/138], Total Loss: 1.1808, NLL: 0.9546, Masked: 13.5378
Epoch [138/138], Total Loss: 1.1819, NLL: 0.9554, Masked: 13.5549

==================================================
EVALUATING ON TRAINING DATA
==================================================

==================================================
TEST RESULTS
==================================================
Total Loss: 1.175381
  - ZINB NLL: 0.949012
Total number of masked values: 1230816
  - Number of values with pi >= 0.33711416849917686: 1230816
  - Number of values with pi < 0.33711416849917686: 0
  - Masked Reconstruction: 13.549303
Mean Absolute Error (MAE): 2.234775
R² Score: -0.041959
==================================================


==================================================
TEST RESULTS
==================================================
Total Loss: 1.177984
  - ZINB NLL: 0.942616
Total number of masked values: 506645
  - Number of values with pi >= 0.33711416849917686: 506645
  - Number of values with pi < 0.33711416849917686: 0
  - Masked Reconstruction: 14.087927
Mean Absolute Error (MAE): 2.193581
R² Score: -0.041837
==================================================


>>> Optimizing zinb_nll on VALIDATION set: 0.942616
>>> Full validation metrics: {'total_loss': 1.1779838910313376, 'zinb_nll': 0.9426158618363736, 'mae': 2.1935808658599854, 'r2': -0.04183697700500488, 'masked_loss': 14.087926594625602}

Iteration No: 78 ended. Search finished for the next optimal point.
Time taken: 1049.3883
Function value obtained: 0.9426
Current minimum: 0.8266
Iteration No: 79 started. Searching for the next optimal point.

================================================================================
Trial with parameters:
  features: Centr_Nucl
  step_size: 0.9881511035962647
  bin_size: 1
  sample_fraction: 0.818506394285489
  moving_average: True
  first_layer_size_factor: 150
  num_layers: 1
  use_conv: True
  conv_channel: 73
  pool_size: 2
  kernel_size: 9
  epochs: 128
  batch_size: 128
  pi_threshold: 0.5016634362678967
  learning_rate: 0.0006585166531049157
  dropout_rate: 0.3417405470392437
  masked_recon_weight: 0.010276642729744562
  regularizer: none
  regularization_weight: 100.0
================================================================================

Creating datasets with:
  features: ['Centr', 'Nucl']
  bin_size: 1
  moving_average: True
  data_point_length: 2000 (from 2000)
  step_size: 1976 (from fraction 0.9881511035962647)
  layers: [np.int64(2400)] (first=2400, num=1)
  stride: 1 (fixed), padding: same (fixed)


Clipping outliers using 95th percentile * 1.5...
strain_yTW001: Clipping values above 134.25 (P95=89.50). Clipped 27529/1193409 values (2.31%)
strain_FD: Clipping values above 71.92 (P95=47.94). Clipped 95791/4127807 values (2.32%)
strain_dnrp: Clipping values above 243.00 (P95=162.00). Clipped 25649/1119454 values (2.29%)
strain_yEK19: Clipping values above 77.10 (P95=51.40). Clipped 83713/3893623 values (2.15%)
strain_yEK23: Clipping values above 72.00 (P95=48.00). Clipped 86381/3558407 values (2.43%)
strain_yWT03a: Clipping values above 15.00 (P95=10.00). Clipped 10602/347679 values (3.05%)
strain_yWT04a: Clipping values above 58.50 (P95=39.00). Clipped 21095/725406 values (2.91%)
strain_ylic137: Clipping values above 142.50 (P95=95.00). Clipped 28746/1112684 values (2.58%)
Standardizing features: ['Centr', 'Nucl']
Column order in final array (Dataset/Chrom split): ['Value', 'Nucleosome_Distance', 'Centromere_Distance', 'Value_Raw', 'Size_Factor']
Removing 0 empty data points out of 27744
Column order in final array (Dataset/Chrom split): ['Value', 'Nucleosome_Distance', 'Centromere_Distance', 'Value_Raw', 'Size_Factor']
Removing 0 empty data points out of 10448
Column order in final array (Dataset/Chrom split): ['Value', 'Nucleosome_Distance', 'Centromere_Distance', 'Value_Raw', 'Size_Factor']
Removing 0 empty data points out of 10736
Datasets created:
  Train: (27744, 2000, 5), Val: (10448, 2000, 5), Test: (10736, 2000, 5)

Randomly sampled 22708/27744 samples (81.9%)
Applied denoising with 15.0% masking
Applied denoising with 15.0% masking
Applied denoising with 15.0% masking
Epoch [1/128], Total Loss: 1.1652, NLL: 1.0238, Masked: 13.7634
Epoch [2/128], Total Loss: 1.0843, NLL: 0.9492, Masked: 13.1415
Epoch [3/128], Total Loss: 1.0666, NLL: 0.9334, Masked: 12.9627
Epoch [4/128], Total Loss: 1.0556, NLL: 0.9244, Masked: 12.7682
Epoch [5/128], Total Loss: 1.0454, NLL: 0.9158, Masked: 12.6045
Epoch [6/128], Total Loss: 1.0387, NLL: 0.9100, Masked: 12.5306
Epoch [7/128], Total Loss: 1.0347, NLL: 0.9066, Masked: 12.4603
Epoch [8/128], Total Loss: 1.0329, NLL: 0.9045, Masked: 12.4932
Epoch [9/128], Total Loss: 1.0310, NLL: 0.9035, Masked: 12.4034
Epoch [10/128], Total Loss: 1.0270, NLL: 0.8998, Masked: 12.3771
Epoch [11/128], Total Loss: 1.0254, NLL: 0.8986, Masked: 12.3343
Epoch [12/128], Total Loss: 1.0240, NLL: 0.8974, Masked: 12.3172
Epoch [13/128], Total Loss: 1.0233, NLL: 0.8970, Masked: 12.2887
Epoch [14/128], Total Loss: 1.0206, NLL: 0.8947, Masked: 12.2506
Epoch [15/128], Total Loss: 1.0219, NLL: 0.8953, Masked: 12.3218
Epoch [16/128], Total Loss: 1.0202, NLL: 0.8941, Masked: 12.2674
Epoch [17/128], Total Loss: 1.0180, NLL: 0.8925, Masked: 12.2134
Epoch [18/128], Total Loss: 1.0180, NLL: 0.8918, Masked: 12.2848
Epoch [19/128], Total Loss: 1.0163, NLL: 0.8910, Masked: 12.1899
Epoch [20/128], Total Loss: 1.0144, NLL: 0.8894, Masked: 12.1655
Epoch [21/128], Total Loss: 1.0128, NLL: 0.8882, Masked: 12.1245
Epoch [22/128], Total Loss: 1.0138, NLL: 0.8883, Masked: 12.2108
Epoch [23/128], Total Loss: 1.0143, NLL: 0.8885, Masked: 12.2358
Epoch [24/128], Total Loss: 1.0128, NLL: 0.8880, Masked: 12.1375
Epoch [25/128], Total Loss: 1.0119, NLL: 0.8874, Masked: 12.1201
Epoch [26/128], Total Loss: 1.0105, NLL: 0.8862, Masked: 12.0880
Epoch [27/128], Total Loss: 1.0086, NLL: 0.8849, Masked: 12.0439
Epoch [28/128], Total Loss: 1.0080, NLL: 0.8840, Masked: 12.0740
Epoch [29/128], Total Loss: 1.0084, NLL: 0.8837, Masked: 12.1303
Epoch [30/128], Total Loss: 1.0073, NLL: 0.8825, Masked: 12.1429
Epoch [31/128], Total Loss: 1.0052, NLL: 0.8817, Masked: 12.0169
Epoch [32/128], Total Loss: 1.0038, NLL: 0.8807, Masked: 11.9760
Epoch [33/128], Total Loss: 1.0032, NLL: 0.8802, Masked: 11.9629
Epoch [34/128], Total Loss: 1.0018, NLL: 0.8792, Masked: 11.9380
Epoch [35/128], Total Loss: 1.0050, NLL: 0.8800, Masked: 12.1610
Epoch [36/128], Total Loss: 1.0010, NLL: 0.8782, Masked: 11.9477
Epoch [37/128], Total Loss: 1.0008, NLL: 0.8785, Masked: 11.8995
Epoch [38/128], Total Loss: 0.9997, NLL: 0.8776, Masked: 11.8873
Epoch [39/128], Total Loss: 0.9988, NLL: 0.8769, Masked: 11.8607
Epoch [40/128], Total Loss: 0.9985, NLL: 0.8764, Masked: 11.8880
Epoch [41/128], Total Loss: 0.9973, NLL: 0.8757, Masked: 11.8374
Epoch [42/128], Total Loss: 0.9975, NLL: 0.8755, Masked: 11.8706
Epoch [43/128], Total Loss: 0.9962, NLL: 0.8749, Masked: 11.8038
Epoch [44/128], Total Loss: 0.9955, NLL: 0.8739, Masked: 11.8315
Epoch [45/128], Total Loss: 0.9944, NLL: 0.8733, Masked: 11.7821
Epoch [46/128], Total Loss: 0.9942, NLL: 0.8730, Masked: 11.7923
Epoch [47/128], Total Loss: 0.9935, NLL: 0.8728, Masked: 11.7449
Epoch [48/128], Total Loss: 0.9926, NLL: 0.8718, Masked: 11.7573
Epoch [49/128], Total Loss: 0.9918, NLL: 0.8714, Masked: 11.7155
Epoch [50/128], Total Loss: 0.9909, NLL: 0.8707, Masked: 11.6940
Epoch [51/128], Total Loss: 0.9909, NLL: 0.8703, Masked: 11.7371
Epoch [52/128], Total Loss: 0.9904, NLL: 0.8703, Masked: 11.6924
Epoch [53/128], Total Loss: 0.9905, NLL: 0.8703, Masked: 11.6962
Epoch [54/128], Total Loss: 0.9895, NLL: 0.8696, Masked: 11.6601
Epoch [55/128], Total Loss: 0.9887, NLL: 0.8690, Masked: 11.6406
Epoch [56/128], Total Loss: 0.9881, NLL: 0.8685, Masked: 11.6378
Epoch [57/128], Total Loss: 0.9876, NLL: 0.8680, Masked: 11.6442
Epoch [58/128], Total Loss: 0.9865, NLL: 0.8673, Masked: 11.5976
Epoch [59/128], Total Loss: 0.9855, NLL: 0.8666, Masked: 11.5696
Epoch [60/128], Total Loss: 0.9863, NLL: 0.8670, Masked: 11.6141
Epoch [61/128], Total Loss: 0.9860, NLL: 0.8669, Masked: 11.5843
Epoch [62/128], Total Loss: 0.9845, NLL: 0.8657, Masked: 11.5516
Epoch [63/128], Total Loss: 0.9834, NLL: 0.8651, Masked: 11.5184
Epoch [64/128], Total Loss: 0.9843, NLL: 0.8659, Masked: 11.5197
Epoch [65/128], Total Loss: 0.9827, NLL: 0.8644, Masked: 11.5120
Epoch [66/128], Total Loss: 0.9829, NLL: 0.8647, Masked: 11.5002
Epoch [67/128], Total Loss: 0.9822, NLL: 0.8638, Masked: 11.5256
Epoch [68/128], Total Loss: 0.9817, NLL: 0.8637, Masked: 11.4859
Epoch [69/128], Total Loss: 0.9811, NLL: 0.8634, Masked: 11.4514
Epoch [70/128], Total Loss: 0.9806, NLL: 0.8628, Masked: 11.4602
Epoch [71/128], Total Loss: 0.9803, NLL: 0.8627, Masked: 11.4436
Epoch [72/128], Total Loss: 0.9796, NLL: 0.8621, Masked: 11.4288
Epoch [73/128], Total Loss: 0.9791, NLL: 0.8618, Masked: 11.4121
Epoch [74/128], Total Loss: 0.9794, NLL: 0.8620, Masked: 11.4218
Epoch [75/128], Total Loss: 0.9792, NLL: 0.8620, Masked: 11.3987
Epoch [76/128], Total Loss: 0.9785, NLL: 0.8616, Masked: 11.3715
Epoch [77/128], Total Loss: 0.9785, NLL: 0.8614, Masked: 11.3901
Epoch [78/128], Total Loss: 0.9782, NLL: 0.8609, Masked: 11.4202
Epoch [79/128], Total Loss: 0.9773, NLL: 0.8606, Masked: 11.3547
Epoch [80/128], Total Loss: 0.9764, NLL: 0.8600, Masked: 11.3285
Epoch [81/128], Total Loss: 0.9758, NLL: 0.8596, Masked: 11.3132
Epoch [82/128], Total Loss: 0.9759, NLL: 0.8595, Masked: 11.3303
Epoch [83/128], Total Loss: 0.9790, NLL: 0.8603, Masked: 11.5491
Epoch [84/128], Total Loss: 0.9756, NLL: 0.8590, Masked: 11.3462
Epoch [85/128], Total Loss: 0.9749, NLL: 0.8586, Masked: 11.3167
Epoch [86/128], Total Loss: 0.9750, NLL: 0.8587, Masked: 11.3208
Epoch [87/128], Total Loss: 0.9748, NLL: 0.8586, Masked: 11.3087
Epoch [88/128], Total Loss: 0.9738, NLL: 0.8580, Masked: 11.2713
Epoch [89/128], Total Loss: 0.9732, NLL: 0.8575, Masked: 11.2556
Epoch [90/128], Total Loss: 0.9729, NLL: 0.8574, Masked: 11.2378
Epoch [91/128], Total Loss: 0.9726, NLL: 0.8573, Masked: 11.2258
Epoch [92/128], Total Loss: 0.9730, NLL: 0.8574, Masked: 11.2457
Epoch [93/128], Total Loss: 0.9718, NLL: 0.8565, Masked: 11.2155
Epoch [94/128], Total Loss: 0.9712, NLL: 0.8561, Masked: 11.1951
Epoch [95/128], Total Loss: 0.9702, NLL: 0.8554, Masked: 11.1704
Epoch [96/128], Total Loss: 0.9707, NLL: 0.8557, Masked: 11.1870
Epoch [97/128], Total Loss: 0.9699, NLL: 0.8550, Masked: 11.1773
Epoch [98/128], Total Loss: 0.9696, NLL: 0.8547, Masked: 11.1737
Epoch [99/128], Total Loss: 0.9691, NLL: 0.8544, Masked: 11.1603
Epoch [100/128], Total Loss: 0.9692, NLL: 0.8546, Masked: 11.1603
Epoch [101/128], Total Loss: 0.9679, NLL: 0.8536, Masked: 11.1281
Epoch [102/128], Total Loss: 0.9692, NLL: 0.8538, Masked: 11.2287
Epoch [103/128], Total Loss: 0.9673, NLL: 0.8530, Masked: 11.1317
Epoch [104/128], Total Loss: 0.9675, NLL: 0.8533, Masked: 11.1165
Epoch [105/128], Total Loss: 0.9669, NLL: 0.8527, Masked: 11.1124
Epoch [106/128], Total Loss: 0.9725, NLL: 0.8532, Masked: 11.6051
Epoch [107/128], Total Loss: 0.9695, NLL: 0.8539, Masked: 11.2513
Epoch [108/128], Total Loss: 0.9659, NLL: 0.8518, Masked: 11.0953
Epoch [109/128], Total Loss: 0.9660, NLL: 0.8518, Masked: 11.1130
Epoch [110/128], Total Loss: 0.9650, NLL: 0.8513, Masked: 11.0631
Epoch [111/128], Total Loss: 0.9643, NLL: 0.8507, Masked: 11.0610
Epoch [112/128], Total Loss: 0.9637, NLL: 0.8503, Masked: 11.0351
Epoch [113/128], Total Loss: 0.9634, NLL: 0.8500, Masked: 11.0290
Epoch [114/128], Total Loss: 0.9635, NLL: 0.8500, Masked: 11.0412
Epoch [115/128], Total Loss: 0.9632, NLL: 0.8498, Masked: 11.0308
Epoch [116/128], Total Loss: 0.9635, NLL: 0.8500, Masked: 11.0416
Epoch [117/128], Total Loss: 0.9619, NLL: 0.8489, Masked: 10.9940
Epoch [118/128], Total Loss: 0.9619, NLL: 0.8488, Masked: 11.0062
Epoch [119/128], Total Loss: 0.9618, NLL: 0.8485, Masked: 11.0182
Epoch [120/128], Total Loss: 0.9608, NLL: 0.8481, Masked: 10.9617
Epoch [121/128], Total Loss: 0.9606, NLL: 0.8477, Masked: 10.9894
Epoch [122/128], Total Loss: 0.9601, NLL: 0.8476, Masked: 10.9528
Epoch [123/128], Total Loss: 0.9610, NLL: 0.8482, Masked: 10.9771
Epoch [124/128], Total Loss: 0.9616, NLL: 0.8487, Masked: 10.9769
Epoch [125/128], Total Loss: 0.9600, NLL: 0.8473, Masked: 10.9653
Epoch [126/128], Total Loss: 0.9591, NLL: 0.8466, Masked: 10.9437
Epoch [127/128], Total Loss: 0.9589, NLL: 0.8465, Masked: 10.9385
Epoch [128/128], Total Loss: 0.9583, NLL: 0.8459, Masked: 10.9346

==================================================
EVALUATING ON TRAINING DATA
==================================================

==================================================
TEST RESULTS
==================================================
Total Loss: 0.923381
  - ZINB NLL: 0.816932
Total number of masked values: 1116780
  - Number of values with pi >= 0.5016634362678967: 676664
  - Number of values with pi < 0.5016634362678967: 440116
  - Masked Reconstruction: 10.358324
Mean Absolute Error (MAE): 2.280033
R² Score: 0.145028
==================================================


==================================================
TEST RESULTS
==================================================
Total Loss: 0.999065
  - ZINB NLL: 0.862988
Total number of masked values: 512836
  - Number of values with pi >= 0.5016634362678967: 305676
  - Number of values with pi < 0.5016634362678967: 207160
  - Masked Reconstruction: 13.241449
Mean Absolute Error (MAE): 2.547518
R² Score: 0.068851
==================================================


>>> Optimizing zinb_nll on VALIDATION set: 0.862988
>>> Full validation metrics: {'total_loss': 0.9990654011780417, 'zinb_nll': 0.862987762707846, 'mae': 2.5475175380706787, 'r2': 0.06885093450546265, 'masked_loss': 13.241449172062312}

Iteration No: 79 ended. Search finished for the next optimal point.
Time taken: 1566.5028
Function value obtained: 0.8630
Current minimum: 0.8266
Iteration No: 80 started. Searching for the next optimal point.

================================================================================
Trial with parameters:
  features: Centr_Nucl
  step_size: 0.3069409379873983
  bin_size: 1
  sample_fraction: 0.9732593940010813
  moving_average: True
  first_layer_size_factor: 150
  num_layers: 1
  use_conv: True
  conv_channel: 63
  pool_size: 7
  kernel_size: 9
  epochs: 97
  batch_size: 128
  pi_threshold: 0.5144926080348476
  learning_rate: 0.0006792136956733781
  dropout_rate: 0.29912870825847365
  masked_recon_weight: 7.138307304732857
  regularizer: none
  regularization_weight: 100.0
================================================================================

Creating datasets with:
  features: ['Centr', 'Nucl']
  bin_size: 1
  moving_average: True
  data_point_length: 2000 (from 2000)
  step_size: 613 (from fraction 0.3069409379873983)
  layers: [np.int64(2400)] (first=2400, num=1)
  stride: 1 (fixed), padding: same (fixed)


Clipping outliers using 95th percentile * 1.5...
strain_yTW001: Clipping values above 134.25 (P95=89.50). Clipped 27529/1193409 values (2.31%)
strain_FD: Clipping values above 71.92 (P95=47.94). Clipped 95791/4127807 values (2.32%)
strain_dnrp: Clipping values above 243.00 (P95=162.00). Clipped 25649/1119454 values (2.29%)
strain_yEK19: Clipping values above 77.10 (P95=51.40). Clipped 83713/3893623 values (2.15%)
strain_yEK23: Clipping values above 72.00 (P95=48.00). Clipped 86381/3558407 values (2.43%)
strain_yWT03a: Clipping values above 15.00 (P95=10.00). Clipped 10602/347679 values (3.05%)
strain_yWT04a: Clipping values above 58.50 (P95=39.00). Clipped 21095/725406 values (2.91%)
strain_ylic137: Clipping values above 142.50 (P95=95.00). Clipped 28746/1112684 values (2.58%)
Standardizing features: ['Centr', 'Nucl']
Column order in final array (Dataset/Chrom split): ['Value', 'Nucleosome_Distance', 'Centromere_Distance', 'Value_Raw', 'Size_Factor']
Removing 0 empty data points out of 89208
Column order in final array (Dataset/Chrom split): ['Value', 'Nucleosome_Distance', 'Centromere_Distance', 'Value_Raw', 'Size_Factor']
Removing 0 empty data points out of 33600
Column order in final array (Dataset/Chrom split): ['Value', 'Nucleosome_Distance', 'Centromere_Distance', 'Value_Raw', 'Size_Factor']
Removing 0 empty data points out of 34504
Datasets created:
  Train: (89208, 2000, 5), Val: (33600, 2000, 5), Test: (34504, 2000, 5)

Randomly sampled 86822/89208 samples (97.3%)
Applied denoising with 15.0% masking
Applied denoising with 15.0% masking
Applied denoising with 15.0% masking
Epoch [1/97], Total Loss: 90086.6012, NLL: 1.6347, Masked: 12619.9342
Epoch [2/97], Total Loss: 93.3248, NLL: 1.0125, Masked: 12.9320
Epoch [3/97], Total Loss: 91.4667, NLL: 0.9817, Masked: 12.6760
Epoch [4/97], Total Loss: 90.5232, NLL: 0.9708, Masked: 12.5453
Epoch [5/97], Total Loss: 89.5751, NLL: 0.9618, Masked: 12.4138
Epoch [6/97], Total Loss: 88.5018, NLL: 0.9527, Masked: 12.2647
Epoch [7/97], Total Loss: 87.7291, NLL: 0.9504, Masked: 12.1568
Epoch [8/97], Total Loss: 87.3108, NLL: 0.9497, Masked: 12.0983
Epoch [9/97], Total Loss: 86.9322, NLL: 0.9499, Masked: 12.0452
Epoch [10/97], Total Loss: 86.5526, NLL: 0.9516, Masked: 11.9918
Epoch [11/97], Total Loss: 86.3884, NLL: 0.9520, Masked: 11.9687
Epoch [12/97], Total Loss: 86.0300, NLL: 0.9535, Masked: 11.9183
Epoch [13/97], Total Loss: 85.9370, NLL: 0.9541, Masked: 11.9052
Epoch [14/97], Total Loss: 85.6361, NLL: 0.9554, Masked: 11.8629
Epoch [15/97], Total Loss: 85.8208, NLL: 0.9558, Masked: 11.8887
Epoch [16/97], Total Loss: 85.6362, NLL: 0.9560, Masked: 11.8628
Epoch [17/97], Total Loss: 85.1536, NLL: 0.9566, Masked: 11.7951
Epoch [18/97], Total Loss: 85.1779, NLL: 0.9563, Masked: 11.7985
Epoch [19/97], Total Loss: 85.2744, NLL: 0.9581, Masked: 11.8118
Epoch [20/97], Total Loss: 84.6470, NLL: 0.9571, Masked: 11.7241
Epoch [21/97], Total Loss: 84.9415, NLL: 0.9574, Masked: 11.7653
Epoch [22/97], Total Loss: 84.5097, NLL: 0.9563, Masked: 11.7049
Epoch [23/97], Total Loss: 84.5149, NLL: 0.9563, Masked: 11.7057
Epoch [24/97], Total Loss: 84.4909, NLL: 0.9556, Masked: 11.7024
Epoch [25/97], Total Loss: 84.1821, NLL: 0.9562, Masked: 11.6591
Epoch [26/97], Total Loss: 84.0321, NLL: 0.9550, Masked: 11.6382
Epoch [27/97], Total Loss: 83.9814, NLL: 0.9547, Masked: 11.6311
Epoch [28/97], Total Loss: 83.9660, NLL: 0.9531, Masked: 11.6292
Epoch [29/97], Total Loss: 83.9674, NLL: 0.9534, Masked: 11.6294
Epoch [30/97], Total Loss: 84.2373, NLL: 0.9534, Masked: 11.6672
Epoch [31/97], Total Loss: 83.7637, NLL: 0.9519, Masked: 11.6010
Epoch [32/97], Total Loss: 83.8088, NLL: 0.9505, Masked: 11.6076
Epoch [33/97], Total Loss: 83.7086, NLL: 0.9516, Masked: 11.5934
Epoch [34/97], Total Loss: 83.8807, NLL: 0.9504, Masked: 11.6176
Epoch [35/97], Total Loss: 83.8043, NLL: 0.9492, Masked: 11.6071
Epoch [36/97], Total Loss: 935.7978, NLL: 0.9487, Masked: 130.9623
Epoch [37/97], Total Loss: 83.6338, NLL: 0.9486, Masked: 11.5833
Epoch [38/97], Total Loss: 83.5246, NLL: 0.9476, Masked: 11.5682
Epoch [39/97], Total Loss: 83.4103, NLL: 0.9476, Masked: 11.5521
Epoch [40/97], Total Loss: 83.2643, NLL: 0.9461, Masked: 11.5319
Epoch [41/97], Total Loss: 83.1559, NLL: 0.9453, Masked: 11.5168
Epoch [42/97], Total Loss: 83.1982, NLL: 0.9462, Masked: 11.5226
Epoch [43/97], Total Loss: 83.5988, NLL: 0.9451, Masked: 11.5789
Epoch [44/97], Total Loss: 83.3250, NLL: 0.9456, Masked: 11.5405
Epoch [45/97], Total Loss: 82.8950, NLL: 0.9448, Masked: 11.4803
Epoch [46/97], Total Loss: 82.9067, NLL: 0.9440, Masked: 11.4821
Epoch [47/97], Total Loss: 82.8253, NLL: 0.9432, Masked: 11.4708
Epoch [48/97], Total Loss: 82.8437, NLL: 0.9440, Masked: 11.4733
Epoch [49/97], Total Loss: 82.7716, NLL: 0.9434, Masked: 11.4632
Epoch [50/97], Total Loss: 82.4317, NLL: 0.9426, Masked: 11.4157
Epoch [51/97], Total Loss: 82.4629, NLL: 0.9416, Masked: 11.4203
Epoch [52/97], Total Loss: 82.3077, NLL: 0.9414, Masked: 11.3985
Epoch [53/97], Total Loss: 82.1903, NLL: 0.9412, Masked: 11.3821
Epoch [54/97], Total Loss: 82.3330, NLL: 0.9411, Masked: 11.4021
Epoch [55/97], Total Loss: 82.0848, NLL: 0.9418, Masked: 11.3673
Epoch [56/97], Total Loss: 82.0014, NLL: 0.9401, Masked: 11.3558
Epoch [57/97], Total Loss: 82.0476, NLL: 0.9405, Masked: 11.3622
Epoch [58/97], Total Loss: 81.9951, NLL: 0.9407, Masked: 11.3549
Epoch [59/97], Total Loss: 81.7871, NLL: 0.9405, Masked: 11.3257
Epoch [60/97], Total Loss: 81.8272, NLL: 0.9400, Masked: 11.3314
Epoch [61/97], Total Loss: 81.5004, NLL: 0.9403, Masked: 11.2856
Epoch [62/97], Total Loss: 81.9554, NLL: 0.9394, Masked: 11.3495
Epoch [63/97], Total Loss: 81.4265, NLL: 0.9388, Masked: 11.2755
Epoch [64/97], Total Loss: 81.4072, NLL: 0.9394, Masked: 11.2727
Epoch [65/97], Total Loss: 81.4606, NLL: 0.9397, Masked: 11.2801
Epoch [66/97], Total Loss: 81.2749, NLL: 0.9396, Masked: 11.2541
Epoch [67/97], Total Loss: 81.3078, NLL: 0.9395, Masked: 11.2587
Epoch [68/97], Total Loss: 81.3818, NLL: 0.9395, Masked: 11.2691
Epoch [69/97], Total Loss: 81.2065, NLL: 0.9394, Masked: 11.2446
Epoch [70/97], Total Loss: 81.1728, NLL: 0.9395, Masked: 11.2398
Epoch [71/97], Total Loss: 81.1356, NLL: 0.9391, Masked: 11.2347
Epoch [72/97], Total Loss: 81.0152, NLL: 0.9383, Masked: 11.2179
Epoch [73/97], Total Loss: 81.0683, NLL: 0.9391, Masked: 11.2252
Epoch [74/97], Total Loss: 80.7406, NLL: 0.9386, Masked: 11.1794
Epoch [75/97], Total Loss: 81.5455, NLL: 0.9391, Masked: 11.2921
Epoch [76/97], Total Loss: 80.7656, NLL: 0.9386, Masked: 11.1829
Epoch [77/97], Total Loss: 80.8685, NLL: 0.9391, Masked: 11.1973
Epoch [78/97], Total Loss: 80.6925, NLL: 0.9387, Masked: 11.1726
Epoch [79/97], Total Loss: 80.5598, NLL: 0.9385, Masked: 11.1541
Epoch [80/97], Total Loss: 80.5763, NLL: 0.9387, Masked: 11.1564
Epoch [81/97], Total Loss: 82.7204, NLL: 0.9392, Masked: 11.4567
Epoch [82/97], Total Loss: 80.5910, NLL: 0.9386, Masked: 11.1584
Epoch [83/97], Total Loss: 80.5609, NLL: 0.9396, Masked: 11.1541
Epoch [84/97], Total Loss: 80.6142, NLL: 0.9390, Masked: 11.1616
Epoch [85/97], Total Loss: 80.4183, NLL: 0.9390, Masked: 11.1342
Epoch [86/97], Total Loss: 81.0600, NLL: 0.9389, Masked: 11.2241
Epoch [87/97], Total Loss: 80.3925, NLL: 0.9395, Masked: 11.1305
Epoch [88/97], Total Loss: 80.3791, NLL: 0.9394, Masked: 11.1287
Epoch [89/97], Total Loss: 80.4286, NLL: 0.9385, Masked: 11.1357
Epoch [90/97], Total Loss: 80.2745, NLL: 0.9385, Masked: 11.1141
Epoch [91/97], Total Loss: 80.1069, NLL: 0.9385, Masked: 11.0906
Epoch [92/97], Total Loss: 80.4332, NLL: 0.9383, Masked: 11.1364
Epoch [93/97], Total Loss: 79.9119, NLL: 0.9388, Masked: 11.0633
Epoch [94/97], Total Loss: 80.1105, NLL: 0.9391, Masked: 11.0911
Epoch [95/97], Total Loss: 851.4230, NLL: 0.9406, Masked: 119.1434
Epoch [96/97], Total Loss: 80.0943, NLL: 0.9386, Masked: 11.0889
Epoch [97/97], Total Loss: 82.0462, NLL: 0.9386, Masked: 11.3623

==================================================
EVALUATING ON TRAINING DATA
==================================================

==================================================
TEST RESULTS
==================================================
Total Loss: 77.156973
  - ZINB NLL: 0.923757
Total number of masked values: 4271012
  - Number of values with pi >= 0.5144926080348476: 2891955
  - Number of values with pi < 0.5144926080348476: 1379057
  - Masked Reconstruction: 10.679453
Mean Absolute Error (MAE): 2.290708
R² Score: -0.027704
==================================================


==================================================
TEST RESULTS
==================================================
Total Loss: 99.074055
  - ZINB NLL: 0.926305
Total number of masked values: 1644549
  - Number of values with pi >= 0.5144926080348476: 1338064
  - Number of values with pi < 0.5144926080348476: 306485
  - Masked Reconstruction: 13.749444
Mean Absolute Error (MAE): 2.233666
R² Score: 0.012677
==================================================


>>> Optimizing zinb_nll on VALIDATION set: 0.926305
>>> Full validation metrics: {'total_loss': 99.07405493600028, 'zinb_nll': 0.9263046003523328, 'mae': 2.233665704727173, 'r2': 0.012676835060119629, 'masked_loss': 13.749443552834647}


*** Checkpoint saved at iteration 80 ***

Iteration No: 80 ended. Search finished for the next optimal point.
Time taken: 1753.6142
Function value obtained: 0.9263
Current minimum: 0.8266
Iteration No: 81 started. Searching for the next optimal point.

================================================================================
Trial with parameters:
  features: Centr_Nucl
  step_size: 1.0
  bin_size: 1
  sample_fraction: 0.291680364795734
  moving_average: True
  first_layer_size_factor: 104
  num_layers: 1
  use_conv: True
  conv_channel: 82
  pool_size: 2
  kernel_size: 5
  epochs: 114
  batch_size: 64
  pi_threshold: 0.6710260852123605
  learning_rate: 0.0009764623305824611
  dropout_rate: 0.48616651218158924
  masked_recon_weight: 0.3696830344997676
  regularizer: none
  regularization_weight: 100.0
================================================================================

Creating datasets with:
  features: ['Centr', 'Nucl']
  bin_size: 1
  moving_average: True
  data_point_length: 2000 (from 2000)
  step_size: 2000 (from fraction 1.0)
  layers: [np.int64(1664)] (first=1664, num=1)
  stride: 1 (fixed), padding: same (fixed)


Clipping outliers using 95th percentile * 1.5...
strain_yTW001: Clipping values above 134.25 (P95=89.50). Clipped 27529/1193409 values (2.31%)
strain_FD: Clipping values above 71.92 (P95=47.94). Clipped 95791/4127807 values (2.32%)
strain_dnrp: Clipping values above 243.00 (P95=162.00). Clipped 25649/1119454 values (2.29%)
strain_yEK19: Clipping values above 77.10 (P95=51.40). Clipped 83713/3893623 values (2.15%)
strain_yEK23: Clipping values above 72.00 (P95=48.00). Clipped 86381/3558407 values (2.43%)
strain_yWT03a: Clipping values above 15.00 (P95=10.00). Clipped 10602/347679 values (3.05%)
strain_yWT04a: Clipping values above 58.50 (P95=39.00). Clipped 21095/725406 values (2.91%)
strain_ylic137: Clipping values above 142.50 (P95=95.00). Clipped 28746/1112684 values (2.58%)
Standardizing features: ['Centr', 'Nucl']
Column order in final array (Dataset/Chrom split): ['Value', 'Nucleosome_Distance', 'Centromere_Distance', 'Value_Raw', 'Size_Factor']
Removing 0 empty data points out of 27424
Column order in final array (Dataset/Chrom split): ['Value', 'Nucleosome_Distance', 'Centromere_Distance', 'Value_Raw', 'Size_Factor']
Removing 0 empty data points out of 10328
Column order in final array (Dataset/Chrom split): ['Value', 'Nucleosome_Distance', 'Centromere_Distance', 'Value_Raw', 'Size_Factor']
Removing 0 empty data points out of 10608
Datasets created:
  Train: (27424, 2000, 5), Val: (10328, 2000, 5), Test: (10608, 2000, 5)

Randomly sampled 7999/27424 samples (29.2%)
Applied denoising with 15.0% masking
Applied denoising with 15.0% masking
Applied denoising with 15.0% masking
Epoch [1/114], Total Loss: 386554.2587, NLL: 2.3944, Masked: 1045630.5331
Epoch [2/114], Total Loss: 42010.3067, NLL: 1.7710, Masked: 113633.9337
Epoch [3/114], Total Loss: 921.3749, NLL: 1.1030, Masked: 2489.3540
Epoch [4/114], Total Loss: 5.7389, NLL: 1.0396, Masked: 12.7117
Epoch [5/114], Total Loss: 5.6936, NLL: 1.0217, Masked: 12.6376
Epoch [6/114], Total Loss: 5.5903, NLL: 1.0165, Masked: 12.3722
Epoch [7/114], Total Loss: 5.5327, NLL: 1.0054, Masked: 12.2462
Epoch [8/114], Total Loss: 17.8290, NLL: 1.0033, Masked: 45.5138
Epoch [9/114], Total Loss: 5.5106, NLL: 1.0010, Masked: 12.1985
Epoch [10/114], Total Loss: 5.5924, NLL: 0.9996, Masked: 12.4235
Epoch [11/114], Total Loss: 5.4937, NLL: 0.9922, Masked: 12.1766
Epoch [12/114], Total Loss: 5.5113, NLL: 0.9903, Masked: 12.2294
Epoch [13/114], Total Loss: 5.9065, NLL: 0.9884, Masked: 13.3035
Epoch [14/114], Total Loss: 5.3916, NLL: 0.9896, Masked: 11.9076
Epoch [15/114], Total Loss: 5.4346, NLL: 0.9865, Masked: 12.0322
Epoch [16/114], Total Loss: 5.3845, NLL: 0.9856, Masked: 11.8993
Epoch [17/114], Total Loss: 5.4215, NLL: 0.9832, Masked: 12.0057
Epoch [18/114], Total Loss: 71.8458, NLL: 0.9822, Masked: 191.6874
Epoch [19/114], Total Loss: 5.3303, NLL: 0.9823, Masked: 11.7616
Epoch [20/114], Total Loss: 5.3058, NLL: 0.9794, Masked: 11.7030
Epoch [21/114], Total Loss: 5.2945, NLL: 0.9805, Masked: 11.6695
Epoch [22/114], Total Loss: 5.2602, NLL: 0.9790, Masked: 11.5806
Epoch [23/114], Total Loss: 5.3295, NLL: 0.9751, Masked: 11.7786
Epoch [24/114], Total Loss: 5.2202, NLL: 0.9762, Masked: 11.4801
Epoch [25/114], Total Loss: 5.2338, NLL: 0.9738, Masked: 11.5234
Epoch [26/114], Total Loss: 5.2139, NLL: 0.9723, Masked: 11.4735
Epoch [27/114], Total Loss: 5.2124, NLL: 0.9742, Masked: 11.4643
Epoch [28/114], Total Loss: 5.1681, NLL: 0.9716, Masked: 11.3515
Epoch [29/114], Total Loss: 5.1535, NLL: 0.9725, Masked: 11.3099
Epoch [30/114], Total Loss: 5.1263, NLL: 0.9691, Masked: 11.2453
Epoch [31/114], Total Loss: 5.1340, NLL: 0.9699, Masked: 11.2640
Epoch [32/114], Total Loss: 5.3833, NLL: 0.9685, Masked: 11.9420
Epoch [33/114], Total Loss: 801.1477, NLL: 0.9729, Masked: 2164.4888
Epoch [34/114], Total Loss: 5.0941, NLL: 0.9676, Masked: 11.1622
Epoch [35/114], Total Loss: 5.1006, NLL: 0.9669, Masked: 11.1816
Epoch [36/114], Total Loss: 5.1731, NLL: 0.9656, Masked: 11.3816
Epoch [37/114], Total Loss: 5.0908, NLL: 0.9672, Masked: 11.1544
Epoch [38/114], Total Loss: 5.0829, NLL: 0.9653, Masked: 11.1382
Epoch [39/114], Total Loss: 5.0594, NLL: 0.9632, Masked: 11.0802
Epoch [40/114], Total Loss: 5.0516, NLL: 0.9659, Masked: 11.0519
Epoch [41/114], Total Loss: 5.0367, NLL: 0.9650, Masked: 11.0141
Epoch [42/114], Total Loss: 5.0220, NLL: 0.9640, Masked: 10.9768
Epoch [43/114], Total Loss: 5.0318, NLL: 0.9635, Masked: 11.0047
Epoch [44/114], Total Loss: 5.0164, NLL: 0.9642, Masked: 10.9613
Epoch [45/114], Total Loss: 5.0049, NLL: 0.9633, Masked: 10.9326
Epoch [46/114], Total Loss: 4.9553, NLL: 0.9594, Masked: 10.8089
Epoch [47/114], Total Loss: 4.9872, NLL: 0.9634, Masked: 10.8844
Epoch [48/114], Total Loss: 4.9713, NLL: 0.9613, Masked: 10.8471
Epoch [49/114], Total Loss: 5.0049, NLL: 0.9593, Masked: 10.9433
Epoch [50/114], Total Loss: 4.9785, NLL: 0.9599, Masked: 10.8705
Epoch [51/114], Total Loss: 5.1455, NLL: 0.9594, Masked: 11.3235
Epoch [52/114], Total Loss: 4.9343, NLL: 0.9583, Masked: 10.7554
Epoch [53/114], Total Loss: 4.9530, NLL: 0.9583, Masked: 10.8059
Epoch [54/114], Total Loss: 4.9194, NLL: 0.9596, Masked: 10.7115
Epoch [55/114], Total Loss: 4.9108, NLL: 0.9576, Masked: 10.6934
Epoch [56/114], Total Loss: 4.9143, NLL: 0.9573, Masked: 10.7039
Epoch [57/114], Total Loss: 4.9082, NLL: 0.9571, Masked: 10.6877
Epoch [58/114], Total Loss: 4.9157, NLL: 0.9569, Masked: 10.7085
Epoch [59/114], Total Loss: 4.8944, NLL: 0.9580, Masked: 10.6479
Epoch [60/114], Total Loss: 4.9085, NLL: 0.9596, Masked: 10.6818
Epoch [61/114], Total Loss: 4.8831, NLL: 0.9570, Masked: 10.6202
Epoch [62/114], Total Loss: 4.8611, NLL: 0.9555, Masked: 10.5649
Epoch [63/114], Total Loss: 4.8686, NLL: 0.9553, Masked: 10.5855
Epoch [64/114], Total Loss: 4.8600, NLL: 0.9536, Masked: 10.5668
Epoch [65/114], Total Loss: 4.8668, NLL: 0.9583, Masked: 10.5728
Epoch [66/114], Total Loss: 4.8624, NLL: 0.9551, Masked: 10.5692
Epoch [67/114], Total Loss: 4.8685, NLL: 0.9558, Masked: 10.5838
Epoch [68/114], Total Loss: 4.8405, NLL: 0.9531, Masked: 10.5153
Epoch [69/114], Total Loss: 4.8490, NLL: 0.9533, Masked: 10.5380
Epoch [70/114], Total Loss: 4.8683, NLL: 0.9535, Masked: 10.5897
Epoch [71/114], Total Loss: 4.8304, NLL: 0.9526, Masked: 10.4895
Epoch [72/114], Total Loss: 4.8298, NLL: 0.9521, Masked: 10.4892
Epoch [73/114], Total Loss: 4.7859, NLL: 0.9504, Masked: 10.3751
Epoch [74/114], Total Loss: 4.9240, NLL: 0.9554, Masked: 10.7351
Epoch [75/114], Total Loss: 4.8388, NLL: 0.9521, Masked: 10.5136
Epoch [76/114], Total Loss: 1412.9771, NLL: 0.9495, Masked: 3819.5630
Epoch [77/114], Total Loss: 6329.9211, NLL: 0.9513, Masked: 17119.9903
Epoch [78/114], Total Loss: 4.7621, NLL: 0.9496, Masked: 10.3130
Epoch [79/114], Total Loss: 4.7730, NLL: 0.9487, Masked: 10.3449
Epoch [80/114], Total Loss: 4.7867, NLL: 0.9510, Masked: 10.3755
Epoch [81/114], Total Loss: 4.7947, NLL: 0.9511, Masked: 10.3970
Epoch [82/114], Total Loss: 4.7549, NLL: 0.9490, Masked: 10.2951
Epoch [83/114], Total Loss: 4.8456, NLL: 0.9480, Masked: 10.5431
Epoch [84/114], Total Loss: 4.7661, NLL: 0.9481, Masked: 10.3277
Epoch [85/114], Total Loss: 5.2572, NLL: 0.9488, Masked: 11.6544
Epoch [86/114], Total Loss: 4.7716, NLL: 0.9477, Masked: 10.3435
Epoch [87/114], Total Loss: 4.7157, NLL: 0.9466, Masked: 10.1955
Epoch [88/114], Total Loss: 4.7650, NLL: 0.9472, Masked: 10.3271
Epoch [89/114], Total Loss: 4.7397, NLL: 0.9452, Masked: 10.2642
Epoch [90/114], Total Loss: 4.7249, NLL: 0.9457, Masked: 10.2229
Epoch [91/114], Total Loss: 4.7268, NLL: 0.9481, Masked: 10.2216
Epoch [92/114], Total Loss: 4.7154, NLL: 0.9456, Masked: 10.1975
Epoch [93/114], Total Loss: 4.7067, NLL: 0.9455, Masked: 10.1741
Epoch [94/114], Total Loss: 4.6943, NLL: 0.9451, Masked: 10.1415
Epoch [95/114], Total Loss: 4.7114, NLL: 0.9455, Masked: 10.1869
Epoch [96/114], Total Loss: 4.6870, NLL: 0.9435, Masked: 10.1263
Epoch [97/114], Total Loss: 4.7336, NLL: 0.9441, Masked: 10.2506
Epoch [98/114], Total Loss: 4.6731, NLL: 0.9426, Masked: 10.0912
Epoch [99/114], Total Loss: 4.6788, NLL: 0.9441, Masked: 10.1025
Epoch [100/114], Total Loss: 4.6942, NLL: 0.9420, Masked: 10.1498
Epoch [101/114], Total Loss: 4.6564, NLL: 0.9421, Masked: 10.0471
Epoch [102/114], Total Loss: 4.6533, NLL: 0.9429, Masked: 10.0366
Epoch [103/114], Total Loss: 4.6720, NLL: 0.9421, Masked: 10.0895
Epoch [104/114], Total Loss: 4.6750, NLL: 0.9428, Masked: 10.0955
Epoch [105/114], Total Loss: 371.8882, NLL: 0.9422, Masked: 1003.4162
Epoch [106/114], Total Loss: 4.6650, NLL: 0.9418, Masked: 10.0712
Epoch [107/114], Total Loss: 4.6652, NLL: 0.9416, Masked: 10.0724
Epoch [108/114], Total Loss: 4.6612, NLL: 0.9414, Masked: 10.0622
Epoch [109/114], Total Loss: 4.7074, NLL: 0.9408, Masked: 10.1887
Epoch [110/114], Total Loss: 4.6648, NLL: 0.9406, Masked: 10.0742
Epoch [111/114], Total Loss: 4.6244, NLL: 0.9406, Masked: 9.9646
Epoch [112/114], Total Loss: 4.6216, NLL: 0.9405, Masked: 9.9575
Epoch [113/114], Total Loss: 4.6348, NLL: 0.9403, Masked: 9.9937
Epoch [114/114], Total Loss: 4.8183, NLL: 0.9394, Masked: 10.4924

==================================================
EVALUATING ON TRAINING DATA
==================================================

==================================================
TEST RESULTS
==================================================
Total Loss: 4.178241
  - ZINB NLL: 0.901306
Total number of masked values: 398885
  - Number of values with pi >= 0.6710260852123605: 153025
  - Number of values with pi < 0.6710260852123605: 245860
  - Masked Reconstruction: 8.864176
Mean Absolute Error (MAE): 2.706246
R² Score: 0.113374
==================================================


==================================================
TEST RESULTS
==================================================
Total Loss: 5.843739
  - ZINB NLL: 0.915260
Total number of masked values: 506645
  - Number of values with pi >= 0.6710260852123605: 201088
  - Number of values with pi < 0.6710260852123605: 305557
  - Masked Reconstruction: 13.331635
Mean Absolute Error (MAE): 3.349137
R² Score: -0.005309
==================================================


>>> Optimizing zinb_nll on VALIDATION set: 0.915260
>>> Full validation metrics: {'total_loss': 5.843739171253444, 'zinb_nll': 0.9152601015004513, 'mae': 3.3491368293762207, 'r2': -0.005308985710144043, 'masked_loss': 13.331634695819881}

Iteration No: 81 ended. Search finished for the next optimal point.
Time taken: 1007.4349
Function value obtained: 0.9153
Current minimum: 0.8266
Iteration No: 82 started. Searching for the next optimal point.

================================================================================
Trial with parameters:
  features: Centr_Nucl
  step_size: 1.0
  bin_size: 1
  sample_fraction: 0.7363024171540181
  moving_average: True
  first_layer_size_factor: 150
  num_layers: 1
  use_conv: True
  conv_channel: 93
  pool_size: 2
  kernel_size: 5
  epochs: 103
  batch_size: 128
  pi_threshold: 0.6152367476809087
  learning_rate: 0.000550769813721702
  dropout_rate: 0.43239270735598023
  masked_recon_weight: 0.007091940844129311
  regularizer: none
  regularization_weight: 100.0
================================================================================

Creating datasets with:
  features: ['Centr', 'Nucl']
  bin_size: 1
  moving_average: True
  data_point_length: 2000 (from 2000)
  step_size: 2000 (from fraction 1.0)
  layers: [np.int64(2400)] (first=2400, num=1)
  stride: 1 (fixed), padding: same (fixed)


Clipping outliers using 95th percentile * 1.5...
strain_yTW001: Clipping values above 134.25 (P95=89.50). Clipped 27529/1193409 values (2.31%)
strain_FD: Clipping values above 71.92 (P95=47.94). Clipped 95791/4127807 values (2.32%)
strain_dnrp: Clipping values above 243.00 (P95=162.00). Clipped 25649/1119454 values (2.29%)
strain_yEK19: Clipping values above 77.10 (P95=51.40). Clipped 83713/3893623 values (2.15%)
strain_yEK23: Clipping values above 72.00 (P95=48.00). Clipped 86381/3558407 values (2.43%)
strain_yWT03a: Clipping values above 15.00 (P95=10.00). Clipped 10602/347679 values (3.05%)
strain_yWT04a: Clipping values above 58.50 (P95=39.00). Clipped 21095/725406 values (2.91%)
strain_ylic137: Clipping values above 142.50 (P95=95.00). Clipped 28746/1112684 values (2.58%)
Standardizing features: ['Centr', 'Nucl']
Column order in final array (Dataset/Chrom split): ['Value', 'Nucleosome_Distance', 'Centromere_Distance', 'Value_Raw', 'Size_Factor']
Removing 0 empty data points out of 27424
Column order in final array (Dataset/Chrom split): ['Value', 'Nucleosome_Distance', 'Centromere_Distance', 'Value_Raw', 'Size_Factor']
Removing 0 empty data points out of 10328
Column order in final array (Dataset/Chrom split): ['Value', 'Nucleosome_Distance', 'Centromere_Distance', 'Value_Raw', 'Size_Factor']
Removing 0 empty data points out of 10608
Datasets created:
  Train: (27424, 2000, 5), Val: (10328, 2000, 5), Test: (10608, 2000, 5)

Randomly sampled 20192/27424 samples (73.6%)
Applied denoising with 15.0% masking
Applied denoising with 15.0% masking
Applied denoising with 15.0% masking
Epoch [1/103], Total Loss: 1.1427, NLL: 1.0432, Masked: 14.0331
Epoch [2/103], Total Loss: 1.0586, NLL: 0.9638, Masked: 13.3704
Epoch [3/103], Total Loss: 1.0397, NLL: 0.9471, Masked: 13.0568
Epoch [4/103], Total Loss: 1.0285, NLL: 0.9370, Masked: 12.9101
Epoch [5/103], Total Loss: 1.0213, NLL: 0.9307, Masked: 12.7679
Epoch [6/103], Total Loss: 1.0188, NLL: 0.9285, Masked: 12.7303
Epoch [7/103], Total Loss: 1.0132, NLL: 0.9233, Masked: 12.6714
Epoch [8/103], Total Loss: 1.0097, NLL: 0.9206, Masked: 12.5668
Epoch [9/103], Total Loss: 1.0049, NLL: 0.9164, Masked: 12.4862
Epoch [10/103], Total Loss: 1.0025, NLL: 0.9142, Masked: 12.4458
Epoch [11/103], Total Loss: 1.0009, NLL: 0.9129, Masked: 12.4191
Epoch [12/103], Total Loss: 0.9981, NLL: 0.9103, Masked: 12.3933
Epoch [13/103], Total Loss: 0.9968, NLL: 0.9091, Masked: 12.3704
Epoch [14/103], Total Loss: 0.9951, NLL: 0.9075, Masked: 12.3566
Epoch [15/103], Total Loss: 0.9938, NLL: 0.9065, Masked: 12.3081
Epoch [16/103], Total Loss: 0.9929, NLL: 0.9057, Masked: 12.2985
Epoch [17/103], Total Loss: 0.9909, NLL: 0.9039, Masked: 12.2745
Epoch [18/103], Total Loss: 0.9900, NLL: 0.9029, Masked: 12.2750
Epoch [19/103], Total Loss: 0.9884, NLL: 0.9016, Masked: 12.2440
Epoch [20/103], Total Loss: 0.9884, NLL: 0.9016, Masked: 12.2485
Epoch [21/103], Total Loss: 0.9881, NLL: 0.9014, Masked: 12.2275
Epoch [22/103], Total Loss: 0.9864, NLL: 0.8998, Masked: 12.2171
Epoch [23/103], Total Loss: 0.9858, NLL: 0.8994, Masked: 12.1890
Epoch [24/103], Total Loss: 0.9853, NLL: 0.8990, Masked: 12.1655
Epoch [25/103], Total Loss: 0.9846, NLL: 0.8983, Masked: 12.1737
Epoch [26/103], Total Loss: 0.9834, NLL: 0.8971, Masked: 12.1599
Epoch [27/103], Total Loss: 0.9818, NLL: 0.8957, Masked: 12.1337
Epoch [28/103], Total Loss: 0.9834, NLL: 0.8973, Masked: 12.1408
Epoch [29/103], Total Loss: 0.9814, NLL: 0.8955, Masked: 12.1230
Epoch [30/103], Total Loss: 0.9800, NLL: 0.8941, Masked: 12.1129
Epoch [31/103], Total Loss: 0.9801, NLL: 0.8943, Masked: 12.1030
Epoch [32/103], Total Loss: 0.9788, NLL: 0.8931, Masked: 12.0812
Epoch [33/103], Total Loss: 0.9782, NLL: 0.8926, Masked: 12.0718
Epoch [34/103], Total Loss: 0.9772, NLL: 0.8916, Masked: 12.0664
Epoch [35/103], Total Loss: 0.9761, NLL: 0.8908, Masked: 12.0396
Epoch [36/103], Total Loss: 0.9761, NLL: 0.8906, Masked: 12.0464
Epoch [37/103], Total Loss: 0.9757, NLL: 0.8900, Masked: 12.0888
Epoch [38/103], Total Loss: 0.9755, NLL: 0.8901, Masked: 12.0342
Epoch [39/103], Total Loss: 0.9746, NLL: 0.8894, Masked: 12.0181
Epoch [40/103], Total Loss: 0.9739, NLL: 0.8888, Masked: 11.9918
Epoch [41/103], Total Loss: 0.9728, NLL: 0.8879, Masked: 11.9696
Epoch [42/103], Total Loss: 0.9721, NLL: 0.8872, Masked: 11.9649
Epoch [43/103], Total Loss: 0.9714, NLL: 0.8867, Masked: 11.9414
Epoch [44/103], Total Loss: 0.9712, NLL: 0.8863, Masked: 11.9701
Epoch [45/103], Total Loss: 0.9706, NLL: 0.8860, Masked: 11.9306
Epoch [46/103], Total Loss: 0.9698, NLL: 0.8852, Masked: 11.9270
Epoch [47/103], Total Loss: 0.9690, NLL: 0.8846, Masked: 11.9051
Epoch [48/103], Total Loss: 0.9689, NLL: 0.8846, Masked: 11.8875
Epoch [49/103], Total Loss: 0.9687, NLL: 0.8844, Masked: 11.8842
Epoch [50/103], Total Loss: 0.9690, NLL: 0.8844, Masked: 11.9310
Epoch [51/103], Total Loss: 0.9721, NLL: 0.8842, Masked: 12.4030
Epoch [52/103], Total Loss: 0.9676, NLL: 0.8834, Masked: 11.8628
Epoch [53/103], Total Loss: 0.9676, NLL: 0.8833, Masked: 11.8773
Epoch [54/103], Total Loss: 0.9670, NLL: 0.8829, Masked: 11.8628
Epoch [55/103], Total Loss: 0.9658, NLL: 0.8820, Masked: 11.8232
Epoch [56/103], Total Loss: 0.9654, NLL: 0.8816, Masked: 11.8171
Epoch [57/103], Total Loss: 0.9648, NLL: 0.8812, Masked: 11.7923
Epoch [58/103], Total Loss: 0.9650, NLL: 0.8813, Masked: 11.8136
Epoch [59/103], Total Loss: 0.9643, NLL: 0.8807, Masked: 11.7837
Epoch [60/103], Total Loss: 0.9636, NLL: 0.8802, Masked: 11.7607
Epoch [61/103], Total Loss: 0.9624, NLL: 0.8793, Masked: 11.7309
Epoch [62/103], Total Loss: 0.9629, NLL: 0.8794, Masked: 11.7680
Epoch [63/103], Total Loss: 0.9616, NLL: 0.8784, Masked: 11.7284
Epoch [64/103], Total Loss: 0.9612, NLL: 0.8780, Masked: 11.7304
Epoch [65/103], Total Loss: 0.9603, NLL: 0.8772, Masked: 11.7147
Epoch [66/103], Total Loss: 0.9602, NLL: 0.8773, Masked: 11.6871
Epoch [67/103], Total Loss: 0.9599, NLL: 0.8768, Masked: 11.7185
Epoch [68/103], Total Loss: 0.9591, NLL: 0.8762, Masked: 11.6893
Epoch [69/103], Total Loss: 0.9582, NLL: 0.8757, Masked: 11.6341
Epoch [70/103], Total Loss: 0.9577, NLL: 0.8752, Masked: 11.6291
Epoch [71/103], Total Loss: 0.9568, NLL: 0.8744, Masked: 11.6141
Epoch [72/103], Total Loss: 0.9564, NLL: 0.8742, Masked: 11.5937
Epoch [73/103], Total Loss: 0.9564, NLL: 0.8742, Masked: 11.5937
Epoch [74/103], Total Loss: 0.9554, NLL: 0.8734, Masked: 11.5559
Epoch [75/103], Total Loss: 0.9543, NLL: 0.8724, Masked: 11.5419
Epoch [76/103], Total Loss: 0.9544, NLL: 0.8726, Masked: 11.5360
Epoch [77/103], Total Loss: 0.9549, NLL: 0.8731, Masked: 11.5432
Epoch [78/103], Total Loss: 0.9530, NLL: 0.8713, Masked: 11.5180
Epoch [79/103], Total Loss: 0.9530, NLL: 0.8715, Masked: 11.4807
Epoch [80/103], Total Loss: 0.9525, NLL: 0.8711, Masked: 11.4907
Epoch [81/103], Total Loss: 0.9518, NLL: 0.8705, Masked: 11.4625
Epoch [82/103], Total Loss: 0.9509, NLL: 0.8697, Masked: 11.4529
Epoch [83/103], Total Loss: 0.9504, NLL: 0.8694, Masked: 11.4337
Epoch [84/103], Total Loss: 0.9501, NLL: 0.8690, Masked: 11.4355
Epoch [85/103], Total Loss: 0.9505, NLL: 0.8688, Masked: 11.5233
Epoch [86/103], Total Loss: 0.9497, NLL: 0.8686, Masked: 11.4301
Epoch [87/103], Total Loss: 0.9485, NLL: 0.8678, Masked: 11.3851
Epoch [88/103], Total Loss: 0.9478, NLL: 0.8672, Masked: 11.3724
Epoch [89/103], Total Loss: 0.9472, NLL: 0.8666, Masked: 11.3609
Epoch [90/103], Total Loss: 0.9467, NLL: 0.8663, Masked: 11.3425
Epoch [91/103], Total Loss: 0.9466, NLL: 0.8662, Masked: 11.3371
Epoch [92/103], Total Loss: 0.9458, NLL: 0.8655, Masked: 11.3240
Epoch [93/103], Total Loss: 0.9451, NLL: 0.8650, Masked: 11.2998
Epoch [94/103], Total Loss: 0.9446, NLL: 0.8646, Masked: 11.2807
Epoch [95/103], Total Loss: 0.9443, NLL: 0.8642, Masked: 11.2868
Epoch [96/103], Total Loss: 0.9435, NLL: 0.8637, Masked: 11.2635
Epoch [97/103], Total Loss: 0.9431, NLL: 0.8633, Masked: 11.2460
Epoch [98/103], Total Loss: 0.9428, NLL: 0.8632, Masked: 11.2328
Epoch [99/103], Total Loss: 0.9429, NLL: 0.8631, Masked: 11.2547
Epoch [100/103], Total Loss: 0.9426, NLL: 0.8631, Masked: 11.2046
Epoch [101/103], Total Loss: 0.9415, NLL: 0.8621, Masked: 11.1932
Epoch [102/103], Total Loss: 0.9414, NLL: 0.8619, Masked: 11.2076
Epoch [103/103], Total Loss: 0.9414, NLL: 0.8621, Masked: 11.1906

==================================================
EVALUATING ON TRAINING DATA
==================================================

==================================================
TEST RESULTS
==================================================
Total Loss: 0.907573
  - ZINB NLL: 0.832586
Total number of masked values: 990456
  - Number of values with pi >= 0.6152367476809087: 458997
  - Number of values with pi < 0.6152367476809087: 531459
  - Masked Reconstruction: 10.573538
Mean Absolute Error (MAE): 2.584467
R² Score: 0.150050
==================================================


==================================================
TEST RESULTS
==================================================
Total Loss: 0.959002
  - ZINB NLL: 0.865291
Total number of masked values: 506645
  - Number of values with pi >= 0.6152367476809087: 227616
  - Number of values with pi < 0.6152367476809087: 279029
  - Masked Reconstruction: 13.213792
Mean Absolute Error (MAE): 2.925813
R² Score: 0.073583
==================================================


>>> Optimizing zinb_nll on VALIDATION set: 0.865291
>>> Full validation metrics: {'total_loss': 0.9590019574929909, 'zinb_nll': 0.8652905280695323, 'mae': 2.9258129596710205, 'r2': 0.07358324527740479, 'masked_loss': 13.213791830238678}

Iteration No: 82 ended. Search finished for the next optimal point.
Time taken: 1448.9385
Function value obtained: 0.8653
Current minimum: 0.8266
Iteration No: 83 started. Searching for the next optimal point.

================================================================================
Trial with parameters:
  features: Nucl
  step_size: 0.5713745277466404
  bin_size: 1
  sample_fraction: 0.3473218436220612
  moving_average: True
  first_layer_size_factor: 62
  num_layers: 1
  use_conv: True
  conv_channel: 77
  pool_size: 8
  kernel_size: 3
  epochs: 91
  batch_size: 32
  pi_threshold: 0.6760962355027201
  learning_rate: 0.003415969143779564
  dropout_rate: 0.2300861322950103
  masked_recon_weight: 0.22715442408815886
  regularizer: none
  regularization_weight: 27.180722253127737
================================================================================

Creating datasets with:
  features: ['Nucl']
  bin_size: 1
  moving_average: True
  data_point_length: 2000 (from 2000)
  step_size: 1142 (from fraction 0.5713745277466404)
  layers: [np.int64(992)] (first=992, num=1)
  stride: 1 (fixed), padding: same (fixed)


Clipping outliers using 95th percentile * 1.5...
strain_yTW001: Clipping values above 134.25 (P95=89.50). Clipped 27529/1193409 values (2.31%)
strain_FD: Clipping values above 71.92 (P95=47.94). Clipped 95791/4127807 values (2.32%)
strain_dnrp: Clipping values above 243.00 (P95=162.00). Clipped 25649/1119454 values (2.29%)
strain_yEK19: Clipping values above 77.10 (P95=51.40). Clipped 83713/3893623 values (2.15%)
strain_yEK23: Clipping values above 72.00 (P95=48.00). Clipped 86381/3558407 values (2.43%)
strain_yWT03a: Clipping values above 15.00 (P95=10.00). Clipped 10602/347679 values (3.05%)
strain_yWT04a: Clipping values above 58.50 (P95=39.00). Clipped 21095/725406 values (2.91%)
strain_ylic137: Clipping values above 142.50 (P95=95.00). Clipped 28746/1112684 values (2.58%)
Standardizing features: ['Nucl']
Column order in final array (Dataset/Chrom split): ['Value', 'Nucleosome_Distance', 'Value_Raw', 'Size_Factor']
Removing 0 empty data points out of 47936
Column order in final array (Dataset/Chrom split): ['Value', 'Nucleosome_Distance', 'Value_Raw', 'Size_Factor']
Removing 0 empty data points out of 18048
Column order in final array (Dataset/Chrom split): ['Value', 'Nucleosome_Distance', 'Value_Raw', 'Size_Factor']
Removing 0 empty data points out of 18544
Datasets created:
  Train: (47936, 2000, 4), Val: (18048, 2000, 4), Test: (18544, 2000, 4)

Randomly sampled 16649/47936 samples (34.7%)
Applied denoising with 15.0% masking
Applied denoising with 15.0% masking
Applied denoising with 15.0% masking
Epoch [1/91], Total Loss: 4.8898, NLL: 1.1151, Masked: 16.6175
Epoch [2/91], Total Loss: 3.8946, NLL: 1.0287, Masked: 12.6168
Epoch [3/91], Total Loss: 3.8445, NLL: 1.0065, Masked: 12.4939
Epoch [4/91], Total Loss: 401.5756, NLL: 0.9972, Masked: 1763.4628
Epoch [5/91], Total Loss: 25.9956, NLL: 0.9831, Masked: 110.1123
Epoch [6/91], Total Loss: 3.7906, NLL: 0.9759, Masked: 12.3914
Epoch [7/91], Total Loss: 14.3996, NLL: 0.9703, Masked: 59.1197
Epoch [8/91], Total Loss: 3.7662, NLL: 0.9668, Masked: 12.3236
Epoch [9/91], Total Loss: 4.9215, NLL: 0.9622, Masked: 17.4302
Epoch [10/91], Total Loss: 3.7533, NLL: 0.9606, Masked: 12.2945
Epoch [11/91], Total Loss: 4.0615, NLL: 0.9584, Masked: 13.6607
Epoch [12/91], Total Loss: 112.7609, NLL: 0.9587, Masked: 492.1863
Epoch [13/91], Total Loss: 3.7340, NLL: 0.9549, Masked: 12.2344
Epoch [14/91], Total Loss: 4.4644, NLL: 0.9562, Masked: 15.4443
Epoch [15/91], Total Loss: 3.8260, NLL: 0.9558, Masked: 12.6356
Epoch [16/91], Total Loss: 1283.4395, NLL: 0.9542, Masked: 5645.8748
Epoch [17/91], Total Loss: 3.7351, NLL: 0.9542, Masked: 12.2425
Epoch [18/91], Total Loss: 4.3586, NLL: 0.9534, Masked: 14.9910
Epoch [19/91], Total Loss: 3.7479, NLL: 0.9538, Masked: 12.3004
Epoch [20/91], Total Loss: 3.7488, NLL: 0.9530, Masked: 12.3080
Epoch [21/91], Total Loss: 3.7280, NLL: 0.9514, Masked: 12.2235
Epoch [22/91], Total Loss: 365.7628, NLL: 0.9523, Masked: 1606.0024
Epoch [23/91], Total Loss: 3.7050, NLL: 0.9506, Masked: 12.1258
Epoch [24/91], Total Loss: 3.7517, NLL: 0.9497, Masked: 12.3353
Epoch [25/91], Total Loss: 8.9962, NLL: 0.9499, Masked: 35.4220
Epoch [26/91], Total Loss: 3.7250, NLL: 0.9466, Masked: 12.2314
Epoch [27/91], Total Loss: 4.0596, NLL: 0.9449, Masked: 13.7118
Epoch [28/91], Total Loss: 3.7054, NLL: 0.9426, Masked: 12.1627
Epoch [29/91], Total Loss: 4.2278, NLL: 0.9423, Masked: 14.4637
Epoch [30/91], Total Loss: 3.9218, NLL: 0.9408, Masked: 13.1235
Epoch [31/91], Total Loss: 3.7415, NLL: 0.9383, Masked: 12.3406
Epoch [32/91], Total Loss: 3.9295, NLL: 0.9360, Masked: 13.1784
Epoch [33/91], Total Loss: 3.8398, NLL: 0.9337, Masked: 12.7935
Epoch [34/91], Total Loss: 40.6079, NLL: 0.9333, Masked: 174.6592
Epoch [35/91], Total Loss: 3.5879, NLL: 0.9334, Masked: 11.6860
Epoch [36/91], Total Loss: 3.5915, NLL: 0.9311, Masked: 11.7120
Epoch [37/91], Total Loss: 3.7148, NLL: 0.9308, Masked: 12.2562
Epoch [38/91], Total Loss: 3.5599, NLL: 0.9301, Masked: 11.5771
Epoch [39/91], Total Loss: 3.5402, NLL: 0.9285, Masked: 11.4977
Epoch [40/91], Total Loss: 3.5869, NLL: 0.9293, Masked: 11.6996
Epoch [41/91], Total Loss: 4.0039, NLL: 0.9287, Masked: 13.5378
Epoch [42/91], Total Loss: 3.5928, NLL: 0.9273, Masked: 11.7345
Epoch [43/91], Total Loss: 3.5201, NLL: 0.9285, Masked: 11.4091
Epoch [44/91], Total Loss: 21.1929, NLL: 0.9279, Masked: 89.2128
Epoch [45/91], Total Loss: 3.5007, NLL: 0.9279, Masked: 11.3262
Epoch [46/91], Total Loss: 3.8423, NLL: 0.9272, Masked: 12.8330
Epoch [47/91], Total Loss: 3.5385, NLL: 0.9269, Masked: 11.4971
Epoch [48/91], Total Loss: 3.4886, NLL: 0.9276, Masked: 11.2745
Epoch [49/91], Total Loss: 4.2163, NLL: 0.9276, Masked: 14.4779
Epoch [50/91], Total Loss: 4.6659, NLL: 0.9283, Masked: 16.4542
Epoch [51/91], Total Loss: 3.4777, NLL: 0.9273, Masked: 11.2278
Epoch [52/91], Total Loss: 3.4639, NLL: 0.9281, Masked: 11.1634
Epoch [53/91], Total Loss: 3.4593, NLL: 0.9282, Masked: 11.1426
Epoch [54/91], Total Loss: 3.4571, NLL: 0.9280, Masked: 11.1339
Epoch [55/91], Total Loss: 3.5294, NLL: 0.9269, Masked: 11.4567
Epoch [56/91], Total Loss: 3.4513, NLL: 0.9275, Masked: 11.1106
Epoch [57/91], Total Loss: 3.4376, NLL: 0.9280, Masked: 11.0478
Epoch [58/91], Total Loss: 3.5383, NLL: 0.9277, Masked: 11.4924
Epoch [59/91], Total Loss: 3.4400, NLL: 0.9283, Masked: 11.0571
Epoch [60/91], Total Loss: 3.4391, NLL: 0.9274, Masked: 11.0572
Epoch [61/91], Total Loss: 363.1260, NLL: 0.9294, Masked: 1594.4951
Epoch [62/91], Total Loss: 3.4573, NLL: 0.9286, Masked: 11.1319
Epoch [63/91], Total Loss: 3.4666, NLL: 0.9272, Masked: 11.1793
Epoch [64/91], Total Loss: 3.4183, NLL: 0.9269, Masked: 10.9678
Epoch [65/91], Total Loss: 3.4774, NLL: 0.9268, Masked: 11.2282
Epoch [66/91], Total Loss: 3.4190, NLL: 0.9273, Masked: 10.9691
Epoch [67/91], Total Loss: 3.4075, NLL: 0.9282, Masked: 10.9145
Epoch [68/91], Total Loss: 6.9304, NLL: 0.9274, Masked: 26.4267
Epoch [69/91], Total Loss: 3.4100, NLL: 0.9273, Masked: 10.9298
Epoch [70/91], Total Loss: 3.3949, NLL: 0.9278, Masked: 10.8609
Epoch [71/91], Total Loss: 3.3939, NLL: 0.9262, Masked: 10.8637
Epoch [72/91], Total Loss: 142.3741, NLL: 0.9263, Masked: 622.6948
Epoch [73/91], Total Loss: 3.5772, NLL: 0.9268, Masked: 11.6677
Epoch [74/91], Total Loss: 3.7871, NLL: 0.9273, Masked: 12.5895
Epoch [75/91], Total Loss: 3.3915, NLL: 0.9266, Masked: 10.8509
Epoch [76/91], Total Loss: 3.3753, NLL: 0.9264, Masked: 10.7809
Epoch [77/91], Total Loss: 3.4812, NLL: 0.9274, Masked: 11.2426
Epoch [78/91], Total Loss: 3.3939, NLL: 0.9271, Masked: 10.8594
Epoch [79/91], Total Loss: 3.3943, NLL: 0.9264, Masked: 10.8645
Epoch [80/91], Total Loss: 3.3599, NLL: 0.9260, Masked: 10.7147
Epoch [81/91], Total Loss: 3.3625, NLL: 0.9274, Masked: 10.7202
Epoch [82/91], Total Loss: 3.3612, NLL: 0.9267, Masked: 10.7174
Epoch [83/91], Total Loss: 3.3649, NLL: 0.9275, Masked: 10.7304
Epoch [84/91], Total Loss: 3.3761, NLL: 0.9271, Masked: 10.7812
Epoch [85/91], Total Loss: 3.3709, NLL: 0.9276, Masked: 10.7561
Epoch [86/91], Total Loss: 3.3660, NLL: 0.9273, Masked: 10.7363
Epoch [87/91], Total Loss: 3.3499, NLL: 0.9266, Masked: 10.6678
Epoch [88/91], Total Loss: 3.3612, NLL: 0.9273, Masked: 10.7148
Epoch [89/91], Total Loss: 3.3368, NLL: 0.9268, Masked: 10.6095
Epoch [90/91], Total Loss: 3.3409, NLL: 0.9266, Masked: 10.6282
Epoch [91/91], Total Loss: 3.3508, NLL: 0.9285, Masked: 10.6641

==================================================
EVALUATING ON TRAINING DATA
==================================================

==================================================
TEST RESULTS
==================================================
Total Loss: 3.264192
  - ZINB NLL: 0.915767
Total number of masked values: 817909
  - Number of values with pi >= 0.6760962355027201: 421169
  - Number of values with pi < 0.6760962355027201: 396740
  - Masked Reconstruction: 10.338453
Mean Absolute Error (MAE): 2.560711
R² Score: -0.135399
==================================================


==================================================
TEST RESULTS
==================================================
Total Loss: 4.040280
  - ZINB NLL: 0.946192
Total number of masked values: 885517
  - Number of values with pi >= 0.6760962355027201: 492387
  - Number of values with pi < 0.6760962355027201: 393130
  - Masked Reconstruction: 13.621074
Mean Absolute Error (MAE): 2.577952
R² Score: 0.020466
==================================================


>>> Optimizing zinb_nll on VALIDATION set: 0.946192
>>> Full validation metrics: {'total_loss': 4.040279523595005, 'zinb_nll': 0.9461923995656325, 'mae': 2.5779521465301514, 'r2': 0.020466268062591553, 'masked_loss': 13.621073914969221}

Iteration No: 83 ended. Search finished for the next optimal point.
Time taken: 916.0703
Function value obtained: 0.9462
Current minimum: 0.8266
Iteration No: 84 started. Searching for the next optimal point.

================================================================================
Trial with parameters:
  features: Nucl
  step_size: 0.6135058192568841
  bin_size: 1
  sample_fraction: 0.5367042259824218
  moving_average: True
  first_layer_size_factor: 123
  num_layers: 3
  use_conv: True
  conv_channel: 79
  pool_size: 4
  kernel_size: 9
  epochs: 150
  batch_size: 128
  pi_threshold: 0.4734967495769446
  learning_rate: 0.0011989896936319528
  dropout_rate: 0.2065654481249347
  masked_recon_weight: 0.0018903273601875367
  regularizer: none
  regularization_weight: 0.3175818506045424
================================================================================

Creating datasets with:
  features: ['Nucl']
  bin_size: 1
  moving_average: True
  data_point_length: 2000 (from 2000)
  step_size: 1227 (from fraction 0.6135058192568841)
  layers: [np.int64(1968), np.int64(984), np.int64(492)] (first=1968, num=3)
  stride: 1 (fixed), padding: same (fixed)


Clipping outliers using 95th percentile * 1.5...
strain_yTW001: Clipping values above 134.25 (P95=89.50). Clipped 27529/1193409 values (2.31%)
strain_FD: Clipping values above 71.92 (P95=47.94). Clipped 95791/4127807 values (2.32%)
strain_dnrp: Clipping values above 243.00 (P95=162.00). Clipped 25649/1119454 values (2.29%)
strain_yEK19: Clipping values above 77.10 (P95=51.40). Clipped 83713/3893623 values (2.15%)
strain_yEK23: Clipping values above 72.00 (P95=48.00). Clipped 86381/3558407 values (2.43%)
strain_yWT03a: Clipping values above 15.00 (P95=10.00). Clipped 10602/347679 values (3.05%)
strain_yWT04a: Clipping values above 58.50 (P95=39.00). Clipped 21095/725406 values (2.91%)
strain_ylic137: Clipping values above 142.50 (P95=95.00). Clipped 28746/1112684 values (2.58%)
Standardizing features: ['Nucl']
Column order in final array (Dataset/Chrom split): ['Value', 'Nucleosome_Distance', 'Value_Raw', 'Size_Factor']
Removing 0 empty data points out of 44616
Column order in final array (Dataset/Chrom split): ['Value', 'Nucleosome_Distance', 'Value_Raw', 'Size_Factor']
Removing 0 empty data points out of 16800
Column order in final array (Dataset/Chrom split): ['Value', 'Nucleosome_Distance', 'Value_Raw', 'Size_Factor']
Removing 0 empty data points out of 17264
Datasets created:
  Train: (44616, 2000, 4), Val: (16800, 2000, 4), Test: (17264, 2000, 4)

Randomly sampled 23945/44616 samples (53.7%)
Applied denoising with 15.0% masking
Applied denoising with 15.0% masking
Applied denoising with 15.0% masking
Epoch [1/150], Total Loss: 1.0787, NLL: 1.0524, Masked: 13.9178
Epoch [2/150], Total Loss: 0.9798, NLL: 0.9544, Masked: 13.4348
Epoch [3/150], Total Loss: 0.9687, NLL: 0.9437, Masked: 13.2748
Epoch [4/150], Total Loss: 0.9596, NLL: 0.9346, Masked: 13.2251
Epoch [5/150], Total Loss: 0.9473, NLL: 0.9225, Masked: 13.1104
Epoch [6/150], Total Loss: 0.9435, NLL: 0.9188, Masked: 13.0537
Epoch [7/150], Total Loss: 0.9477, NLL: 0.9228, Masked: 13.2015
Epoch [8/150], Total Loss: 0.9430, NLL: 0.9182, Masked: 13.1093
Epoch [9/150], Total Loss: 0.9406, NLL: 0.9159, Masked: 13.0513
Epoch [10/150], Total Loss: 0.9405, NLL: 0.9158, Masked: 13.0757
Epoch [11/150], Total Loss: 0.9383, NLL: 0.9133, Masked: 13.2235
Epoch [12/150], Total Loss: 0.9366, NLL: 0.9120, Masked: 13.0009
Epoch [13/150], Total Loss: 0.9368, NLL: 0.9121, Masked: 13.0416
Epoch [14/150], Total Loss: 0.9364, NLL: 0.9119, Masked: 12.9818
Epoch [15/150], Total Loss: 0.9336, NLL: 0.9091, Masked: 12.9829
Epoch [16/150], Total Loss: 0.9429, NLL: 0.9097, Masked: 17.5772
Epoch [17/150], Total Loss: 0.9391, NLL: 0.9144, Masked: 13.1115
Epoch [18/150], Total Loss: 0.9343, NLL: 0.9097, Masked: 13.0271
Epoch [19/150], Total Loss: 0.9343, NLL: 0.9097, Masked: 12.9912
Epoch [20/150], Total Loss: 0.9347, NLL: 0.9081, Masked: 14.0459
Epoch [21/150], Total Loss: 0.9326, NLL: 0.9080, Masked: 12.9939
Epoch [22/150], Total Loss: 0.9305, NLL: 0.9061, Masked: 12.9344
Epoch [23/150], Total Loss: 0.9293, NLL: 0.9048, Masked: 12.9514
Epoch [24/150], Total Loss: 0.9300, NLL: 0.9051, Masked: 13.2051
Epoch [25/150], Total Loss: 1.5999, NLL: 0.9096, Masked: 365.2098
Epoch [26/150], Total Loss: 0.9290, NLL: 0.9046, Masked: 12.9167
Epoch [27/150], Total Loss: 1.0497, NLL: 0.9036, Masked: 77.3122
Epoch [28/150], Total Loss: 0.9280, NLL: 0.9036, Masked: 12.9175
Epoch [29/150], Total Loss: 0.9295, NLL: 0.9051, Masked: 12.9186
Epoch [30/150], Total Loss: 0.9279, NLL: 0.9036, Masked: 12.8615
Epoch [31/150], Total Loss: 0.9299, NLL: 0.9048, Masked: 13.2477
Epoch [32/150], Total Loss: 1.1395, NLL: 0.9044, Masked: 124.3882
Epoch [33/150], Total Loss: 0.9316, NLL: 0.9058, Masked: 13.6606
Epoch [34/150], Total Loss: 0.9269, NLL: 0.9026, Masked: 12.8911
Epoch [35/150], Total Loss: 0.9257, NLL: 0.9014, Masked: 12.8526
Epoch [36/150], Total Loss: 0.9385, NLL: 0.9033, Masked: 18.6585
Epoch [37/150], Total Loss: 0.9250, NLL: 0.9008, Masked: 12.8380
Epoch [38/150], Total Loss: 0.9242, NLL: 0.8999, Masked: 12.8509
Epoch [39/150], Total Loss: 1.9846, NLL: 0.8995, Masked: 574.0672
Epoch [40/150], Total Loss: 0.9259, NLL: 0.9011, Masked: 13.1393
Epoch [41/150], Total Loss: 0.9241, NLL: 0.8999, Masked: 12.8420
Epoch [42/150], Total Loss: 0.9230, NLL: 0.8987, Masked: 12.8834
Epoch [43/150], Total Loss: 0.9251, NLL: 0.8991, Masked: 13.7795
Epoch [44/150], Total Loss: 0.9245, NLL: 0.8990, Masked: 13.4764
Epoch [45/150], Total Loss: 0.9224, NLL: 0.8982, Masked: 12.8292
Epoch [46/150], Total Loss: 0.9382, NLL: 0.8974, Masked: 21.5972
Epoch [47/150], Total Loss: 0.9219, NLL: 0.8972, Masked: 13.0821
Epoch [48/150], Total Loss: 0.9222, NLL: 0.8978, Masked: 12.9333
Epoch [49/150], Total Loss: 0.9231, NLL: 0.8988, Masked: 12.8427
Epoch [50/150], Total Loss: 0.9199, NLL: 0.8958, Masked: 12.7632
Epoch [51/150], Total Loss: 0.9259, NLL: 0.8963, Masked: 15.6451
Epoch [52/150], Total Loss: 1.1632, NLL: 0.8972, Masked: 140.7056
Epoch [53/150], Total Loss: 0.9188, NLL: 0.8947, Masked: 12.7519
Epoch [54/150], Total Loss: 0.9186, NLL: 0.8945, Masked: 12.7477
Epoch [55/150], Total Loss: 0.9180, NLL: 0.8938, Masked: 12.7986
Epoch [56/150], Total Loss: 0.9174, NLL: 0.8933, Masked: 12.7404
Epoch [57/150], Total Loss: 0.9173, NLL: 0.8932, Masked: 12.7463
Epoch [58/150], Total Loss: 0.9165, NLL: 0.8924, Masked: 12.7172
Epoch [59/150], Total Loss: 0.9170, NLL: 0.8929, Masked: 12.7242
Epoch [60/150], Total Loss: 0.9160, NLL: 0.8920, Masked: 12.7075
Epoch [61/150], Total Loss: 0.9165, NLL: 0.8924, Masked: 12.8006
Epoch [62/150], Total Loss: 0.9153, NLL: 0.8913, Masked: 12.6773
Epoch [63/150], Total Loss: 0.9154, NLL: 0.8913, Masked: 12.7446
Epoch [64/150], Total Loss: 0.9145, NLL: 0.8905, Masked: 12.6734
Epoch [65/150], Total Loss: 0.9149, NLL: 0.8909, Masked: 12.6656
Epoch [66/150], Total Loss: 0.9155, NLL: 0.8913, Masked: 12.8325
Epoch [67/150], Total Loss: 0.9157, NLL: 0.8917, Masked: 12.6956
Epoch [68/150], Total Loss: 0.9150, NLL: 0.8910, Masked: 12.6657
Epoch [69/150], Total Loss: 0.9154, NLL: 0.8913, Masked: 12.7780
Epoch [70/150], Total Loss: 0.9132, NLL: 0.8893, Masked: 12.6719
Epoch [71/150], Total Loss: 0.9124, NLL: 0.8886, Masked: 12.6079
Epoch [72/150], Total Loss: 0.9147, NLL: 0.8906, Masked: 12.7620
Epoch [73/150], Total Loss: 0.9159, NLL: 0.8908, Masked: 13.2708
Epoch [74/150], Total Loss: 0.9127, NLL: 0.8888, Masked: 12.6698
Epoch [75/150], Total Loss: 0.9133, NLL: 0.8894, Masked: 12.6729
Epoch [76/150], Total Loss: 0.9144, NLL: 0.8891, Masked: 13.3609
Epoch [77/150], Total Loss: 0.9135, NLL: 0.8894, Masked: 12.7573
Epoch [78/150], Total Loss: 0.9136, NLL: 0.8896, Masked: 12.6638
Epoch [79/150], Total Loss: 0.9110, NLL: 0.8871, Masked: 12.6058
Epoch [80/150], Total Loss: 0.9122, NLL: 0.8883, Masked: 12.6296
Epoch [81/150], Total Loss: 0.9138, NLL: 0.8871, Masked: 14.0907
Epoch [82/150], Total Loss: 0.9101, NLL: 0.8862, Masked: 12.6364
Epoch [83/150], Total Loss: 0.9095, NLL: 0.8857, Masked: 12.5822
Epoch [84/150], Total Loss: 0.9089, NLL: 0.8851, Masked: 12.5701
Epoch [85/150], Total Loss: 0.9167, NLL: 0.8898, Masked: 14.2549
Epoch [86/150], Total Loss: 0.9101, NLL: 0.8863, Masked: 12.5782
Epoch [87/150], Total Loss: 5.0337, NLL: 0.8906, Masked: 2191.7492
Epoch [88/150], Total Loss: 0.9100, NLL: 0.8859, Masked: 12.7564
Epoch [89/150], Total Loss: 0.9088, NLL: 0.8850, Masked: 12.6057
Epoch [90/150], Total Loss: 0.9085, NLL: 0.8847, Masked: 12.5672
Epoch [91/150], Total Loss: 0.9077, NLL: 0.8840, Masked: 12.5402
Epoch [92/150], Total Loss: 0.9075, NLL: 0.8838, Masked: 12.5382
Epoch [93/150], Total Loss: 0.9110, NLL: 0.8862, Masked: 13.1254
Epoch [94/150], Total Loss: 1.8902, NLL: 0.8865, Masked: 530.9830
Epoch [95/150], Total Loss: 0.9071, NLL: 0.8833, Masked: 12.5465
Epoch [96/150], Total Loss: 0.9076, NLL: 0.8839, Masked: 12.5453
Epoch [97/150], Total Loss: 0.9070, NLL: 0.8831, Masked: 12.6086
Epoch [98/150], Total Loss: 0.9061, NLL: 0.8824, Masked: 12.5166
Epoch [99/150], Total Loss: 0.9056, NLL: 0.8819, Masked: 12.5328
Epoch [100/150], Total Loss: 0.9076, NLL: 0.8839, Masked: 12.5563
Epoch [101/150], Total Loss: 0.9054, NLL: 0.8818, Masked: 12.4707
Epoch [102/150], Total Loss: 1.1067, NLL: 0.8820, Masked: 118.8727
Epoch [103/150], Total Loss: 0.9048, NLL: 0.8811, Masked: 12.4931
Epoch [104/150], Total Loss: 0.9053, NLL: 0.8816, Masked: 12.5217
Epoch [105/150], Total Loss: 0.9072, NLL: 0.8836, Masked: 12.5301
Epoch [106/150], Total Loss: 0.9044, NLL: 0.8808, Masked: 12.4771
Epoch [107/150], Total Loss: 1.5516, NLL: 0.8812, Masked: 354.6485
Epoch [108/150], Total Loss: 0.9043, NLL: 0.8806, Masked: 12.5357
Epoch [109/150], Total Loss: 0.9032, NLL: 0.8796, Masked: 12.4781
Epoch [110/150], Total Loss: 0.9030, NLL: 0.8795, Masked: 12.4617
Epoch [111/150], Total Loss: 0.9100, NLL: 0.8826, Masked: 14.5032
Epoch [112/150], Total Loss: 0.9037, NLL: 0.8798, Masked: 12.6218
Epoch [113/150], Total Loss: 0.9025, NLL: 0.8790, Masked: 12.4388
Epoch [114/150], Total Loss: 0.9035, NLL: 0.8800, Masked: 12.4485
Epoch [115/150], Total Loss: 0.9027, NLL: 0.8789, Masked: 12.5681
Epoch [116/150], Total Loss: 0.9018, NLL: 0.8783, Masked: 12.4746
Epoch [117/150], Total Loss: 0.9014, NLL: 0.8779, Masked: 12.4322
Epoch [118/150], Total Loss: 0.9009, NLL: 0.8774, Masked: 12.4210
Epoch [119/150], Total Loss: 0.9057, NLL: 0.8785, Masked: 14.3633
Epoch [120/150], Total Loss: 0.9026, NLL: 0.8790, Masked: 12.4905
Epoch [121/150], Total Loss: 0.9008, NLL: 0.8773, Masked: 12.4196
Epoch [122/150], Total Loss: 0.9005, NLL: 0.8769, Masked: 12.4406
Epoch [123/150], Total Loss: 0.9021, NLL: 0.8785, Masked: 12.5080
Epoch [124/150], Total Loss: 0.9032, NLL: 0.8795, Masked: 12.5269
Epoch [125/150], Total Loss: 0.9002, NLL: 0.8767, Masked: 12.4156
Epoch [126/150], Total Loss: 0.8995, NLL: 0.8761, Masked: 12.3908
Epoch [127/150], Total Loss: 0.8993, NLL: 0.8759, Masked: 12.3563
Epoch [128/150], Total Loss: 0.9038, NLL: 0.8786, Masked: 13.3693
Epoch [129/150], Total Loss: 0.9308, NLL: 0.8770, Masked: 28.4984
Epoch [130/150], Total Loss: 0.8995, NLL: 0.8759, Masked: 12.4959
Epoch [131/150], Total Loss: 0.8995, NLL: 0.8761, Masked: 12.3948
Epoch [132/150], Total Loss: 0.8984, NLL: 0.8750, Masked: 12.3692
Epoch [133/150], Total Loss: 0.9000, NLL: 0.8766, Masked: 12.4082
Epoch [134/150], Total Loss: 0.9001, NLL: 0.8764, Masked: 12.5417
Epoch [135/150], Total Loss: 0.8976, NLL: 0.8742, Masked: 12.3835
Epoch [136/150], Total Loss: 0.8975, NLL: 0.8741, Masked: 12.3500
Epoch [137/150], Total Loss: 0.8984, NLL: 0.8749, Masked: 12.3950
Epoch [138/150], Total Loss: 0.8985, NLL: 0.8752, Masked: 12.3537
Epoch [139/150], Total Loss: 0.8993, NLL: 0.8758, Masked: 12.4419
Epoch [140/150], Total Loss: 0.8990, NLL: 0.8753, Masked: 12.5200
Epoch [141/150], Total Loss: 0.8982, NLL: 0.8748, Masked: 12.3691
Epoch [142/150], Total Loss: 0.8983, NLL: 0.8736, Masked: 13.0364
Epoch [143/150], Total Loss: 0.8970, NLL: 0.8737, Masked: 12.3511
Epoch [144/150], Total Loss: 0.8965, NLL: 0.8732, Masked: 12.3635
Epoch [145/150], Total Loss: 0.8964, NLL: 0.8731, Masked: 12.3173
Epoch [146/150], Total Loss: 0.8987, NLL: 0.8753, Masked: 12.3841
Epoch [147/150], Total Loss: 0.8956, NLL: 0.8723, Masked: 12.3061
Epoch [148/150], Total Loss: 3.2422, NLL: 0.8747, Masked: 1252.4079
Epoch [149/150], Total Loss: 0.8946, NLL: 0.8714, Masked: 12.2925
Epoch [150/150], Total Loss: 0.8947, NLL: 0.8714, Masked: 12.2897

==================================================
EVALUATING ON TRAINING DATA
==================================================

==================================================
TEST RESULTS
==================================================
Total Loss: 0.874902
  - ZINB NLL: 0.852534
Total number of masked values: 1171057
  - Number of values with pi >= 0.4734967495769446: 756275
  - Number of values with pi < 0.4734967495769446: 414782
  - Masked Reconstruction: 11.832675
Mean Absolute Error (MAE): 2.373100
R² Score: 0.073591
==================================================


==================================================
TEST RESULTS
==================================================
Total Loss: 0.936696
  - ZINB NLL: 0.910701
Total number of masked values: 824803
  - Number of values with pi >= 0.4734967495769446: 577201
  - Number of values with pi < 0.4734967495769446: 247602
  - Masked Reconstruction: 13.751701
Mean Absolute Error (MAE): 2.502667
R² Score: 0.012466
==================================================


>>> Optimizing zinb_nll on VALIDATION set: 0.910701
>>> Full validation metrics: {'total_loss': 0.9366962172871545, 'zinb_nll': 0.9107009975683121, 'mae': 2.50266695022583, 'r2': 0.012465953826904297, 'masked_loss': 13.751700917198544}

Iteration No: 84 ended. Search finished for the next optimal point.
Time taken: 1268.7366
Function value obtained: 0.9107
Current minimum: 0.8266
Iteration No: 85 started. Searching for the next optimal point.

================================================================================
Trial with parameters:
  features: Centr_Nucl
  step_size: 0.5910843722042584
  bin_size: 1
  sample_fraction: 0.25
  moving_average: True
  first_layer_size_factor: 150
  num_layers: 1
  use_conv: False
  conv_channel: 102
  pool_size: 8
  kernel_size: 5
  epochs: 150
  batch_size: 128
  pi_threshold: 0.3
  learning_rate: 2.6632966190974895e-05
  dropout_rate: 0.4006144918059463
  masked_recon_weight: 0.005887913906875699
  regularizer: none
  regularization_weight: 2.912295088143759
================================================================================

Creating datasets with:
  features: ['Centr', 'Nucl']
  bin_size: 1
  moving_average: True
  data_point_length: 2000 (from 2000)
  step_size: 1182 (from fraction 0.5910843722042584)
  layers: [np.int64(2400)] (first=2400, num=1)
  stride: 1 (fixed), padding: same (fixed)


Clipping outliers using 95th percentile * 1.5...
strain_yTW001: Clipping values above 134.25 (P95=89.50). Clipped 27529/1193409 values (2.31%)
strain_FD: Clipping values above 71.92 (P95=47.94). Clipped 95791/4127807 values (2.32%)
strain_dnrp: Clipping values above 243.00 (P95=162.00). Clipped 25649/1119454 values (2.29%)
strain_yEK19: Clipping values above 77.10 (P95=51.40). Clipped 83713/3893623 values (2.15%)
strain_yEK23: Clipping values above 72.00 (P95=48.00). Clipped 86381/3558407 values (2.43%)
strain_yWT03a: Clipping values above 15.00 (P95=10.00). Clipped 10602/347679 values (3.05%)
strain_yWT04a: Clipping values above 58.50 (P95=39.00). Clipped 21095/725406 values (2.91%)
strain_ylic137: Clipping values above 142.50 (P95=95.00). Clipped 28746/1112684 values (2.58%)
Standardizing features: ['Centr', 'Nucl']
Column order in final array (Dataset/Chrom split): ['Value', 'Nucleosome_Distance', 'Centromere_Distance', 'Value_Raw', 'Size_Factor']
Removing 0 empty data points out of 46320
Column order in final array (Dataset/Chrom split): ['Value', 'Nucleosome_Distance', 'Centromere_Distance', 'Value_Raw', 'Size_Factor']
Removing 0 empty data points out of 17448
Column order in final array (Dataset/Chrom split): ['Value', 'Nucleosome_Distance', 'Centromere_Distance', 'Value_Raw', 'Size_Factor']
Removing 0 empty data points out of 17920
Datasets created:
  Train: (46320, 2000, 5), Val: (17448, 2000, 5), Test: (17920, 2000, 5)

Randomly sampled 11580/46320 samples (25.0%)
Applied denoising with 15.0% masking
Applied denoising with 15.0% masking
Applied denoising with 15.0% masking
Epoch [1/150], Total Loss: 1.6252, NLL: 1.5158, Masked: 18.5771
Epoch [2/150], Total Loss: 1.2874, NLL: 1.2030, Masked: 14.3288
Epoch [3/150], Total Loss: 1.2382, NLL: 1.1545, Masked: 14.2228
Epoch [4/150], Total Loss: 1.2226, NLL: 1.1390, Masked: 14.1956
Epoch [5/150], Total Loss: 1.2120, NLL: 1.1288, Masked: 14.1276
Epoch [6/150], Total Loss: 1.2003, NLL: 1.1179, Masked: 14.0079
Epoch [7/150], Total Loss: 1.1887, NLL: 1.1069, Masked: 13.8871
Epoch [8/150], Total Loss: 1.1772, NLL: 1.0961, Masked: 13.7793
Epoch [9/150], Total Loss: 1.1659, NLL: 1.0853, Masked: 13.6978
Epoch [10/150], Total Loss: 1.1561, NLL: 1.0758, Masked: 13.6263
Epoch [11/150], Total Loss: 1.1475, NLL: 1.0675, Masked: 13.5916
Epoch [12/150], Total Loss: 1.1401, NLL: 1.0602, Masked: 13.5662
Epoch [13/150], Total Loss: 1.1340, NLL: 1.0542, Masked: 13.5423
Epoch [14/150], Total Loss: 1.1278, NLL: 1.0482, Masked: 13.5153
Epoch [15/150], Total Loss: 1.1228, NLL: 1.0433, Masked: 13.5128
Epoch [16/150], Total Loss: 1.1176, NLL: 1.0381, Masked: 13.5105
Epoch [17/150], Total Loss: 1.1129, NLL: 1.0334, Masked: 13.5001
Epoch [18/150], Total Loss: 1.1079, NLL: 1.0285, Masked: 13.4771
Epoch [19/150], Total Loss: 1.1040, NLL: 1.0246, Masked: 13.4941
Epoch [20/150], Total Loss: 1.0999, NLL: 1.0207, Masked: 13.4646
Epoch [21/150], Total Loss: 1.0958, NLL: 1.0165, Masked: 13.4667
Epoch [22/150], Total Loss: 1.0921, NLL: 1.0130, Masked: 13.4371
Epoch [23/150], Total Loss: 1.0887, NLL: 1.0095, Masked: 13.4471
Epoch [24/150], Total Loss: 1.0852, NLL: 1.0061, Masked: 13.4366
Epoch [25/150], Total Loss: 1.0822, NLL: 1.0032, Masked: 13.4154
Epoch [26/150], Total Loss: 1.0790, NLL: 1.0002, Masked: 13.3925
Epoch [27/150], Total Loss: 1.0764, NLL: 0.9976, Masked: 13.3869
Epoch [28/150], Total Loss: 1.0740, NLL: 0.9953, Masked: 13.3768
Epoch [29/150], Total Loss: 1.0709, NLL: 0.9922, Masked: 13.3584
Epoch [30/150], Total Loss: 1.0684, NLL: 0.9898, Masked: 13.3451
Epoch [31/150], Total Loss: 1.0662, NLL: 0.9876, Masked: 13.3395
Epoch [32/150], Total Loss: 1.0642, NLL: 0.9858, Masked: 13.3241
Epoch [33/150], Total Loss: 1.0618, NLL: 0.9835, Masked: 13.3013
Epoch [34/150], Total Loss: 1.0597, NLL: 0.9815, Masked: 13.2812
Epoch [35/150], Total Loss: 1.0574, NLL: 0.9793, Masked: 13.2622
Epoch [36/150], Total Loss: 1.0555, NLL: 0.9774, Masked: 13.2692
Epoch [37/150], Total Loss: 1.0541, NLL: 0.9760, Masked: 13.2519
Epoch [38/150], Total Loss: 1.0523, NLL: 0.9743, Masked: 13.2407
Epoch [39/150], Total Loss: 1.0501, NLL: 0.9723, Masked: 13.2068
Epoch [40/150], Total Loss: 1.0484, NLL: 0.9706, Masked: 13.2025
Epoch [41/150], Total Loss: 1.0467, NLL: 0.9691, Masked: 13.1740
Epoch [42/150], Total Loss: 1.0452, NLL: 0.9677, Masked: 13.1694
Epoch [43/150], Total Loss: 1.0436, NLL: 0.9662, Masked: 13.1586
Epoch [44/150], Total Loss: 1.0421, NLL: 0.9647, Masked: 13.1408
Epoch [45/150], Total Loss: 1.0412, NLL: 0.9639, Masked: 13.1236
Epoch [46/150], Total Loss: 1.0393, NLL: 0.9622, Masked: 13.1047
Epoch [47/150], Total Loss: 1.0380, NLL: 0.9608, Masked: 13.1136
Epoch [48/150], Total Loss: 1.0370, NLL: 0.9599, Masked: 13.1009
Epoch [49/150], Total Loss: 1.0356, NLL: 0.9586, Masked: 13.0738
Epoch [50/150], Total Loss: 1.0338, NLL: 0.9571, Masked: 13.0392
Epoch [51/150], Total Loss: 1.0327, NLL: 0.9560, Masked: 13.0328
Epoch [52/150], Total Loss: 1.0317, NLL: 0.9551, Masked: 13.0168
Epoch [53/150], Total Loss: 1.0303, NLL: 0.9536, Masked: 13.0261
Epoch [54/150], Total Loss: 1.0288, NLL: 0.9524, Masked: 12.9772
Epoch [55/150], Total Loss: 1.0277, NLL: 0.9514, Masked: 12.9569
Epoch [56/150], Total Loss: 1.0268, NLL: 0.9504, Masked: 12.9649
Epoch [57/150], Total Loss: 1.0255, NLL: 0.9492, Masked: 12.9455
Epoch [58/150], Total Loss: 1.0239, NLL: 0.9478, Masked: 12.9238
Epoch [59/150], Total Loss: 1.0232, NLL: 0.9472, Masked: 12.9104
Epoch [60/150], Total Loss: 1.0218, NLL: 0.9459, Masked: 12.8843
Epoch [61/150], Total Loss: 1.0206, NLL: 0.9450, Masked: 12.8547
Epoch [62/150], Total Loss: 1.0198, NLL: 0.9440, Masked: 12.8688
Epoch [63/150], Total Loss: 1.0189, NLL: 0.9432, Masked: 12.8647
Epoch [64/150], Total Loss: 1.0172, NLL: 0.9417, Masked: 12.8171
Epoch [65/150], Total Loss: 1.0164, NLL: 0.9409, Masked: 12.8186
Epoch [66/150], Total Loss: 1.0151, NLL: 0.9397, Masked: 12.8074
Epoch [67/150], Total Loss: 1.0141, NLL: 0.9388, Masked: 12.7947
Epoch [68/150], Total Loss: 1.0131, NLL: 0.9379, Masked: 12.7804
Epoch [69/150], Total Loss: 1.0122, NLL: 0.9372, Masked: 12.7434
Epoch [70/150], Total Loss: 1.0107, NLL: 0.9358, Masked: 12.7194
Epoch [71/150], Total Loss: 1.0098, NLL: 0.9350, Masked: 12.7037
Epoch [72/150], Total Loss: 1.0086, NLL: 0.9338, Masked: 12.6917
Epoch [73/150], Total Loss: 1.0076, NLL: 0.9330, Masked: 12.6633
Epoch [74/150], Total Loss: 1.0065, NLL: 0.9320, Masked: 12.6617
Epoch [75/150], Total Loss: 1.0057, NLL: 0.9312, Masked: 12.6560
Epoch [76/150], Total Loss: 1.0046, NLL: 0.9301, Masked: 12.6510
Epoch [77/150], Total Loss: 1.0036, NLL: 0.9293, Masked: 12.6171
Epoch [78/150], Total Loss: 1.0025, NLL: 0.9283, Masked: 12.6046
Epoch [79/150], Total Loss: 1.0013, NLL: 0.9273, Masked: 12.5734
Epoch [80/150], Total Loss: 1.0005, NLL: 0.9264, Masked: 12.5906
Epoch [81/150], Total Loss: 1.0000, NLL: 0.9260, Masked: 12.5646
Epoch [82/150], Total Loss: 0.9983, NLL: 0.9245, Masked: 12.5342
Epoch [83/150], Total Loss: 0.9976, NLL: 0.9237, Masked: 12.5498
Epoch [84/150], Total Loss: 0.9966, NLL: 0.9229, Masked: 12.5129
Epoch [85/150], Total Loss: 0.9954, NLL: 0.9218, Masked: 12.5027
Epoch [86/150], Total Loss: 0.9943, NLL: 0.9209, Masked: 12.4693
Epoch [87/150], Total Loss: 0.9940, NLL: 0.9206, Masked: 12.4768
Epoch [88/150], Total Loss: 0.9928, NLL: 0.9195, Masked: 12.4485
Epoch [89/150], Total Loss: 0.9919, NLL: 0.9186, Masked: 12.4605
Epoch [90/150], Total Loss: 0.9910, NLL: 0.9177, Masked: 12.4408
Epoch [91/150], Total Loss: 0.9900, NLL: 0.9169, Masked: 12.4088
Epoch [92/150], Total Loss: 0.9891, NLL: 0.9161, Masked: 12.3963
Epoch [93/150], Total Loss: 0.9885, NLL: 0.9156, Masked: 12.3742
Epoch [94/150], Total Loss: 0.9871, NLL: 0.9144, Masked: 12.3409
Epoch [95/150], Total Loss: 0.9861, NLL: 0.9133, Masked: 12.3532
Epoch [96/150], Total Loss: 0.9854, NLL: 0.9128, Masked: 12.3401
Epoch [97/150], Total Loss: 0.9844, NLL: 0.9118, Masked: 12.3192
Epoch [98/150], Total Loss: 0.9837, NLL: 0.9110, Masked: 12.3343
Epoch [99/150], Total Loss: 0.9833, NLL: 0.9108, Masked: 12.3045
Epoch [100/150], Total Loss: 0.9819, NLL: 0.9096, Masked: 12.2828
Epoch [101/150], Total Loss: 0.9815, NLL: 0.9092, Masked: 12.2826
Epoch [102/150], Total Loss: 0.9807, NLL: 0.9083, Masked: 12.2888
Epoch [103/150], Total Loss: 0.9800, NLL: 0.9076, Masked: 12.2857
Epoch [104/150], Total Loss: 0.9789, NLL: 0.9069, Masked: 12.2323
Epoch [105/150], Total Loss: 0.9783, NLL: 0.9060, Masked: 12.2817
Epoch [106/150], Total Loss: 0.9773, NLL: 0.9053, Masked: 12.2323
Epoch [107/150], Total Loss: 0.9762, NLL: 0.9043, Masked: 12.2164
Epoch [108/150], Total Loss: 0.9760, NLL: 0.9041, Masked: 12.2182
Epoch [109/150], Total Loss: 0.9751, NLL: 0.9033, Masked: 12.1843
Epoch [110/150], Total Loss: 0.9741, NLL: 0.9025, Masked: 12.1659
Epoch [111/150], Total Loss: 0.9735, NLL: 0.9019, Masked: 12.1527
Epoch [112/150], Total Loss: 0.9726, NLL: 0.9012, Masked: 12.1335
Epoch [113/150], Total Loss: 0.9719, NLL: 0.9003, Masked: 12.1592
Epoch [114/150], Total Loss: 0.9716, NLL: 0.9000, Masked: 12.1503
Epoch [115/150], Total Loss: 0.9703, NLL: 0.8988, Masked: 12.1315
Epoch [116/150], Total Loss: 0.9696, NLL: 0.8982, Masked: 12.1199
Epoch [117/150], Total Loss: 0.9692, NLL: 0.8980, Masked: 12.0876
Epoch [118/150], Total Loss: 0.9681, NLL: 0.8970, Masked: 12.0816
Epoch [119/150], Total Loss: 0.9672, NLL: 0.8961, Masked: 12.0767
Epoch [120/150], Total Loss: 0.9666, NLL: 0.8956, Masked: 12.0702
Epoch [121/150], Total Loss: 0.9663, NLL: 0.8953, Masked: 12.0466
Epoch [122/150], Total Loss: 0.9656, NLL: 0.8946, Masked: 12.0499
Epoch [123/150], Total Loss: 0.9650, NLL: 0.8939, Masked: 12.0628
Epoch [124/150], Total Loss: 0.9639, NLL: 0.8930, Masked: 12.0335
Epoch [125/150], Total Loss: 0.9631, NLL: 0.8924, Masked: 12.0183
Epoch [126/150], Total Loss: 0.9624, NLL: 0.8917, Masked: 12.0055
Epoch [127/150], Total Loss: 0.9621, NLL: 0.8914, Masked: 12.0056
Epoch [128/150], Total Loss: 0.9611, NLL: 0.8906, Masked: 11.9807
Epoch [129/150], Total Loss: 0.9608, NLL: 0.8903, Masked: 11.9781
Epoch [130/150], Total Loss: 0.9597, NLL: 0.8893, Masked: 11.9607
Epoch [131/150], Total Loss: 0.9591, NLL: 0.8888, Masked: 11.9521
Epoch [132/150], Total Loss: 0.9584, NLL: 0.8881, Masked: 11.9421
Epoch [133/150], Total Loss: 0.9580, NLL: 0.8878, Masked: 11.9224
Epoch [134/150], Total Loss: 0.9576, NLL: 0.8873, Masked: 11.9325
Epoch [135/150], Total Loss: 0.9567, NLL: 0.8865, Masked: 11.9355
Epoch [136/150], Total Loss: 0.9560, NLL: 0.8860, Masked: 11.9028
Epoch [137/150], Total Loss: 0.9553, NLL: 0.8853, Masked: 11.8952
Epoch [138/150], Total Loss: 0.9546, NLL: 0.8846, Masked: 11.8778
Epoch [139/150], Total Loss: 0.9541, NLL: 0.8841, Masked: 11.8853
Epoch [140/150], Total Loss: 0.9538, NLL: 0.8837, Masked: 11.9047
Epoch [141/150], Total Loss: 0.9527, NLL: 0.8829, Masked: 11.8645
Epoch [142/150], Total Loss: 0.9523, NLL: 0.8825, Masked: 11.8553
Epoch [143/150], Total Loss: 0.9516, NLL: 0.8819, Masked: 11.8434
Epoch [144/150], Total Loss: 0.9514, NLL: 0.8816, Masked: 11.8633
Epoch [145/150], Total Loss: 0.9507, NLL: 0.8810, Masked: 11.8416
Epoch [146/150], Total Loss: 0.9499, NLL: 0.8804, Masked: 11.8137
Epoch [147/150], Total Loss: 0.9492, NLL: 0.8797, Masked: 11.8126
Epoch [148/150], Total Loss: 0.9484, NLL: 0.8791, Masked: 11.7823
Epoch [149/150], Total Loss: 0.9480, NLL: 0.8785, Masked: 11.7984
Epoch [150/150], Total Loss: 0.9475, NLL: 0.8781, Masked: 11.7841

==================================================
EVALUATING ON TRAINING DATA
==================================================

==================================================
TEST RESULTS
==================================================
Total Loss: 0.937390
  - ZINB NLL: 0.869297
Total number of masked values: 580916
  - Number of values with pi >= 0.3: 492509
  - Number of values with pi < 0.3: 88407
  - Masked Reconstruction: 11.564767
Mean Absolute Error (MAE): 2.157306
R² Score: 0.103674
==================================================


==================================================
TEST RESULTS
==================================================
Total Loss: 1.027537
  - ZINB NLL: 0.946920
Total number of masked values: 854863
  - Number of values with pi >= 0.3: 746890
  - Number of values with pi < 0.3: 107973
  - Masked Reconstruction: 13.691858
Mean Absolute Error (MAE): 2.226573
R² Score: 0.045278
==================================================


>>> Optimizing zinb_nll on VALIDATION set: 0.946920
>>> Full validation metrics: {'total_loss': 1.0275367678769518, 'zinb_nll': 0.9469202849527173, 'mae': 2.2265727519989014, 'r2': 0.04527848958969116, 'masked_loss': 13.691858036700655}

Iteration No: 85 ended. Search finished for the next optimal point.
Time taken: 692.9886
Function value obtained: 0.9469
Current minimum: 0.8266
Iteration No: 86 started. Searching for the next optimal point.

================================================================================
Trial with parameters:
  features: Nucl
  step_size: 0.49811172331474163
  bin_size: 15
  sample_fraction: 0.38294808679480247
  moving_average: False
  first_layer_size_factor: 71
  num_layers: 2
  use_conv: True
  conv_channel: 42
  pool_size: 6
  kernel_size: 7
  epochs: 30
  batch_size: 64
  pi_threshold: 0.37705742499494393
  learning_rate: 0.0093780546313774
  dropout_rate: 0.2215686540991225
  masked_recon_weight: 0.00492678738256027
  regularizer: none
  regularization_weight: 100.0
================================================================================

Creating datasets with:
  features: ['Nucl']
  bin_size: 15
  moving_average: False
  data_point_length: 133 (from 2000)
  step_size: 66 (from fraction 0.49811172331474163)
  layers: [np.int64(1136), np.int64(568)] (first=1136, num=2)
  stride: 1 (fixed), padding: same (fixed)


Clipping outliers using 95th percentile * 1.5...
strain_yTW001: Clipping values above 134.25 (P95=89.50). Clipped 27529/1193409 values (2.31%)
strain_FD: Clipping values above 71.92 (P95=47.94). Clipped 95791/4127807 values (2.32%)
strain_dnrp: Clipping values above 243.00 (P95=162.00). Clipped 25649/1119454 values (2.29%)
strain_yEK19: Clipping values above 77.10 (P95=51.40). Clipped 83713/3893623 values (2.15%)
strain_yEK23: Clipping values above 72.00 (P95=48.00). Clipped 86381/3558407 values (2.43%)
strain_yWT03a: Clipping values above 15.00 (P95=10.00). Clipped 10602/347679 values (3.05%)
strain_yWT04a: Clipping values above 58.50 (P95=39.00). Clipped 21095/725406 values (2.91%)
strain_ylic137: Clipping values above 142.50 (P95=95.00). Clipped 28746/1112684 values (2.58%)
Standardizing features: ['Nucl']
Column order in final array (Dataset/Chrom split): ['Value', 'Nucleosome_Distance', 'Value_Raw', 'Size_Factor']
Removing 0 empty data points out of 55280
Column order in final array (Dataset/Chrom split): ['Value', 'Nucleosome_Distance', 'Value_Raw', 'Size_Factor']
Removing 0 empty data points out of 20816
Column order in final array (Dataset/Chrom split): ['Value', 'Nucleosome_Distance', 'Value_Raw', 'Size_Factor']
Removing 0 empty data points out of 21384
Datasets created:
  Train: (55280, 133, 4), Val: (20816, 133, 4), Test: (21384, 133, 4)

Randomly sampled 21169/55280 samples (38.3%)
Applied denoising with 15.0% masking
Applied denoising with 15.0% masking
Applied denoising with 15.0% masking
Epoch [1/30], Total Loss: 2.2902, NLL: 2.2736, Masked: 3.3667
Epoch [2/30], Total Loss: 2.2705, NLL: 2.2548, Masked: 3.1879
Epoch [3/30], Total Loss: 2.2705, NLL: 2.2548, Masked: 3.1885
Epoch [4/30], Total Loss: 2.2705, NLL: 2.2548, Masked: 3.1894
Epoch [5/30], Total Loss: 2.2705, NLL: 2.2548, Masked: 3.1873
Epoch [6/30], Total Loss: 2.2705, NLL: 2.2548, Masked: 3.1868
Epoch [7/30], Total Loss: 2.2705, NLL: 2.2548, Masked: 3.1881
Epoch [8/30], Total Loss: 2.2705, NLL: 2.2548, Masked: 3.1881
Epoch [9/30], Total Loss: 2.2705, NLL: 2.2548, Masked: 3.1879
Epoch [10/30], Total Loss: 2.2705, NLL: 2.2548, Masked: 3.1901
Epoch [11/30], Total Loss: 2.2705, NLL: 2.2548, Masked: 3.1868
Epoch [12/30], Total Loss: 2.2705, NLL: 2.2548, Masked: 3.1886
Epoch [13/30], Total Loss: 2.2705, NLL: 2.2548, Masked: 3.1896
Epoch [14/30], Total Loss: 2.2705, NLL: 2.2548, Masked: 3.1896
Epoch [15/30], Total Loss: 2.2705, NLL: 2.2548, Masked: 3.1881
Epoch [16/30], Total Loss: 2.2705, NLL: 2.2548, Masked: 3.1885
Epoch [17/30], Total Loss: 2.2705, NLL: 2.2548, Masked: 3.1883
Epoch [18/30], Total Loss: 2.2705, NLL: 2.2548, Masked: 3.1874
Epoch [19/30], Total Loss: 2.2705, NLL: 2.2548, Masked: 3.1866
Epoch [20/30], Total Loss: 2.2705, NLL: 2.2548, Masked: 3.1897
Epoch [21/30], Total Loss: 2.2705, NLL: 2.2548, Masked: 3.1876
Epoch [22/30], Total Loss: 2.2705, NLL: 2.2548, Masked: 3.1874
Epoch [23/30], Total Loss: 2.2705, NLL: 2.2548, Masked: 3.1880
Epoch [24/30], Total Loss: 2.2705, NLL: 2.2548, Masked: 3.1882
Epoch [25/30], Total Loss: 2.2705, NLL: 2.2548, Masked: 3.1864
Epoch [26/30], Total Loss: 2.2705, NLL: 2.2548, Masked: 3.1894
Epoch [27/30], Total Loss: 2.2705, NLL: 2.2548, Masked: 3.1876
Epoch [28/30], Total Loss: 2.2705, NLL: 2.2548, Masked: 3.1869
Epoch [29/30], Total Loss: 2.2705, NLL: 2.2548, Masked: 3.1859
Epoch [30/30], Total Loss: 2.2705, NLL: 2.2548, Masked: 3.1888

==================================================
EVALUATING ON TRAINING DATA
==================================================

==================================================
TEST RESULTS
==================================================
Total Loss: 2.270527
  - ZINB NLL: 2.254814
Total number of masked values: 258585
  - Number of values with pi >= 0.37705742499494393: 0
  - Number of values with pi < 0.37705742499494393: 258585
  - Masked Reconstruction: 3.189384
Mean Absolute Error (MAE): 2.394530
R² Score: -0.054998
==================================================


==================================================
TEST RESULTS
==================================================
Total Loss: 2.227604
  - ZINB NLL: 2.213519
Total number of masked values: 254090
  - Number of values with pi >= 0.37705742499494393: 0
  - Number of values with pi < 0.37705742499494393: 254090
  - Masked Reconstruction: 2.858856
Mean Absolute Error (MAE): 2.339570
R² Score: -0.055181
==================================================


>>> Optimizing zinb_nll on VALIDATION set: 2.213519
>>> Full validation metrics: {'total_loss': 2.2276039966521677, 'zinb_nll': 2.213519026003463, 'mae': 2.339569568634033, 'r2': -0.055181264877319336, 'masked_loss': 2.858856277040662}

Iteration No: 86 ended. Search finished for the next optimal point.
Time taken: 132.5865
Function value obtained: 2.2135
Current minimum: 0.8266
Iteration No: 87 started. Searching for the next optimal point.

================================================================================
Trial with parameters:
  features: Nucl
  step_size: 0.291013626108516
  bin_size: 1
  sample_fraction: 0.46174112454184846
  moving_average: True
  first_layer_size_factor: 143
  num_layers: 3
  use_conv: True
  conv_channel: 101
  pool_size: 4
  kernel_size: 9
  epochs: 101
  batch_size: 64
  pi_threshold: 0.5422064955441358
  learning_rate: 0.002996707492698556
  dropout_rate: 0.02294147295342085
  masked_recon_weight: 0.04147853900151957
  regularizer: none
  regularization_weight: 66.38146408106311
================================================================================

Creating datasets with:
  features: ['Nucl']
  bin_size: 1
  moving_average: True
  data_point_length: 2000 (from 2000)
  step_size: 582 (from fraction 0.291013626108516)
  layers: [np.int64(2288), np.int64(1144), np.int64(572)] (first=2288, num=3)
  stride: 1 (fixed), padding: same (fixed)


Clipping outliers using 95th percentile * 1.5...
strain_yTW001: Clipping values above 134.25 (P95=89.50). Clipped 27529/1193409 values (2.31%)
strain_FD: Clipping values above 71.92 (P95=47.94). Clipped 95791/4127807 values (2.32%)
strain_dnrp: Clipping values above 243.00 (P95=162.00). Clipped 25649/1119454 values (2.29%)
strain_yEK19: Clipping values above 77.10 (P95=51.40). Clipped 83713/3893623 values (2.15%)
strain_yEK23: Clipping values above 72.00 (P95=48.00). Clipped 86381/3558407 values (2.43%)
strain_yWT03a: Clipping values above 15.00 (P95=10.00). Clipped 10602/347679 values (3.05%)
strain_yWT04a: Clipping values above 58.50 (P95=39.00). Clipped 21095/725406 values (2.91%)
strain_ylic137: Clipping values above 142.50 (P95=95.00). Clipped 28746/1112684 values (2.58%)
Standardizing features: ['Nucl']
Column order in final array (Dataset/Chrom split): ['Value', 'Nucleosome_Distance', 'Value_Raw', 'Size_Factor']
Removing 0 empty data points out of 93952
Column order in final array (Dataset/Chrom split): ['Value', 'Nucleosome_Distance', 'Value_Raw', 'Size_Factor']
Removing 0 empty data points out of 35392
Column order in final array (Dataset/Chrom split): ['Value', 'Nucleosome_Distance', 'Value_Raw', 'Size_Factor']
Removing 0 empty data points out of 36336
Datasets created:
  Train: (93952, 2000, 4), Val: (35392, 2000, 4), Test: (36336, 2000, 4)

Randomly sampled 43381/93952 samples (46.2%)
Applied denoising with 15.0% masking
Applied denoising with 15.0% masking
Applied denoising with 15.0% masking
Epoch [1/101], Total Loss: 21.8121, NLL: 21.2476, Masked: 13.6091
Epoch [2/101], Total Loss: 22.0452, NLL: 21.4827, Masked: 13.5602
Epoch [3/101], Total Loss: 22.0451, NLL: 21.4822, Masked: 13.5715
Epoch [4/101], Total Loss: 22.0449, NLL: 21.4822, Masked: 13.5669
Epoch [5/101], Total Loss: 22.0454, NLL: 21.4822, Masked: 13.5782
Epoch [6/101], Total Loss: 22.0450, NLL: 21.4822, Masked: 13.5699
Epoch [7/101], Total Loss: 22.0450, NLL: 21.4822, Masked: 13.5680
Epoch [8/101], Total Loss: 22.0452, NLL: 21.4822, Masked: 13.5726
Epoch [9/101], Total Loss: 22.0454, NLL: 21.4822, Masked: 13.5782
Epoch [10/101], Total Loss: 22.0451, NLL: 21.4822, Masked: 13.5719
Epoch [11/101], Total Loss: 22.0453, NLL: 21.4822, Masked: 13.5763
Epoch [12/101], Total Loss: 22.0451, NLL: 21.4822, Masked: 13.5707
Epoch [13/101], Total Loss: 22.0454, NLL: 21.4822, Masked: 13.5783
Epoch [14/101], Total Loss: 22.0447, NLL: 21.4822, Masked: 13.5612
Epoch [15/101], Total Loss: 22.0450, NLL: 21.4822, Masked: 13.5690
Epoch [16/101], Total Loss: 22.0452, NLL: 21.4822, Masked: 13.5737
Epoch [17/101], Total Loss: 22.0447, NLL: 21.4822, Masked: 13.5627
Epoch [18/101], Total Loss: 22.0457, NLL: 21.4822, Masked: 13.5866
Epoch [19/101], Total Loss: 22.0452, NLL: 21.4822, Masked: 13.5741
Epoch [20/101], Total Loss: 22.0451, NLL: 21.4822, Masked: 13.5710
Epoch [21/101], Total Loss: 22.0454, NLL: 21.4822, Masked: 13.5780
Epoch [22/101], Total Loss: 22.0447, NLL: 21.4822, Masked: 13.5617
Epoch [23/101], Total Loss: 22.0452, NLL: 21.4822, Masked: 13.5728
Epoch [24/101], Total Loss: 22.0450, NLL: 21.4822, Masked: 13.5683
Epoch [25/101], Total Loss: 22.1270, NLL: 21.5643, Masked: 13.5668
Epoch [26/101], Total Loss: 22.0458, NLL: 21.4830, Masked: 13.5688
Epoch [27/101], Total Loss: 22.0458, NLL: 21.4830, Masked: 13.5677
Epoch [28/101], Total Loss: 22.0482, NLL: 21.4855, Masked: 13.5654
Epoch [29/101], Total Loss: 12.2297, NLL: 11.6666, Masked: 13.5754
Epoch [30/101], Total Loss: 4.2786, NLL: 3.7154, Masked: 13.5787
Epoch [31/101], Total Loss: 4.2759, NLL: 3.7128, Masked: 13.5747
Epoch [32/101], Total Loss: 4.2625, NLL: 3.6998, Masked: 13.5657
Epoch [33/101], Total Loss: 4.3002, NLL: 3.7374, Masked: 13.5693
Epoch [34/101], Total Loss: 4.2952, NLL: 3.7323, Masked: 13.5722
Epoch [35/101], Total Loss: 4.2929, NLL: 3.7297, Masked: 13.5766
Epoch [36/101], Total Loss: 4.2774, NLL: 3.7145, Masked: 13.5702
Epoch [37/101], Total Loss: 4.4093, NLL: 3.8467, Masked: 13.5634
Epoch [38/101], Total Loss: 4.3677, NLL: 3.8051, Masked: 13.5642
Epoch [39/101], Total Loss: 4.3795, NLL: 3.8163, Masked: 13.5781
Epoch [40/101], Total Loss: 4.3540, NLL: 3.7909, Masked: 13.5750
Epoch [41/101], Total Loss: 4.4912, NLL: 3.9279, Masked: 13.5806
Epoch [42/101], Total Loss: 4.8661, NLL: 4.3034, Masked: 13.5646
Epoch [43/101], Total Loss: 4.8990, NLL: 4.3362, Masked: 13.5682
Epoch [44/101], Total Loss: 4.9392, NLL: 4.3760, Masked: 13.5763
Epoch [45/101], Total Loss: 4.9472, NLL: 4.3840, Masked: 13.5766
Epoch [46/101], Total Loss: 4.9011, NLL: 4.3384, Masked: 13.5673
Epoch [47/101], Total Loss: 4.9238, NLL: 4.3612, Masked: 13.5651
Epoch [48/101], Total Loss: 4.9647, NLL: 4.4018, Masked: 13.5714
Epoch [49/101], Total Loss: 4.7846, NLL: 4.2217, Masked: 13.5701
Epoch [50/101], Total Loss: 4.7341, NLL: 4.1709, Masked: 13.5769
Epoch [51/101], Total Loss: 4.8754, NLL: 4.3123, Masked: 13.5756
Epoch [52/101], Total Loss: 4.8728, NLL: 4.3101, Masked: 13.5659
Epoch [53/101], Total Loss: 4.7468, NLL: 4.1839, Masked: 13.5694
Epoch [54/101], Total Loss: 9.3164, NLL: 8.7538, Masked: 13.5634
Epoch [55/101], Total Loss: 572.9720, NLL: 1.0624, Masked: 13788.0844
Epoch [56/101], Total Loss: 1.5395, NLL: 0.9522, Masked: 14.1591
Epoch [57/101], Total Loss: 1.4923, NLL: 0.9478, Masked: 13.1291
Epoch [58/101], Total Loss: 1.4886, NLL: 0.9449, Masked: 13.1087
Epoch [59/101], Total Loss: 1.4910, NLL: 0.9444, Masked: 13.1785
Epoch [60/101], Total Loss: 1.4807, NLL: 0.9383, Masked: 13.0761
Epoch [61/101], Total Loss: 1.4732, NLL: 0.9349, Masked: 12.9785
Epoch [62/101], Total Loss: 1.4741, NLL: 0.9328, Masked: 13.0499
Epoch [63/101], Total Loss: 1.4645, NLL: 0.9299, Masked: 12.8878
Epoch [64/101], Total Loss: 1.4614, NLL: 0.9282, Masked: 12.8546
Epoch [65/101], Total Loss: 1.4627, NLL: 0.9270, Masked: 12.9156
Epoch [66/101], Total Loss: 1.4575, NLL: 0.9254, Masked: 12.8267
Epoch [67/101], Total Loss: 27.3951, NLL: 0.9266, Masked: 638.1242
Epoch [68/101], Total Loss: 1.4558, NLL: 0.9244, Masked: 12.8095
Epoch [69/101], Total Loss: 1.5034, NLL: 0.9233, Masked: 13.9849
Epoch [70/101], Total Loss: 1.4544, NLL: 0.9236, Masked: 12.7982
Epoch [71/101], Total Loss: 1.4955, NLL: 0.9223, Masked: 13.8191
Epoch [72/101], Total Loss: 1.4507, NLL: 0.9219, Masked: 12.7491
Epoch [73/101], Total Loss: 1.4766, NLL: 0.9229, Masked: 13.3505
Epoch [74/101], Total Loss: 1.4483, NLL: 0.9206, Masked: 12.7216
Epoch [75/101], Total Loss: 1.4503, NLL: 0.9217, Masked: 12.7425
Epoch [76/101], Total Loss: 1.4490, NLL: 0.9211, Masked: 12.7287
Epoch [77/101], Total Loss: 1.4492, NLL: 0.9206, Masked: 12.7431
Epoch [78/101], Total Loss: 29.0824, NLL: 0.9240, Masked: 678.8669
Epoch [79/101], Total Loss: 205.2380, NLL: 0.9241, Masked: 4925.7748
Epoch [80/101], Total Loss: 1.4500, NLL: 0.9209, Masked: 12.7549
Epoch [81/101], Total Loss: 1.4466, NLL: 0.9195, Masked: 12.7076
Epoch [82/101], Total Loss: 1.4488, NLL: 0.9201, Masked: 12.7452
Epoch [83/101], Total Loss: 1.4459, NLL: 0.9199, Masked: 12.6825
Epoch [84/101], Total Loss: 1.4452, NLL: 0.9189, Masked: 12.6904
Epoch [85/101], Total Loss: 38.4483, NLL: 0.9210, Masked: 904.7408
Epoch [86/101], Total Loss: 1.4431, NLL: 0.9182, Masked: 12.6558
Epoch [87/101], Total Loss: 1.4921, NLL: 0.9174, Masked: 13.8545
Epoch [88/101], Total Loss: 1.4408, NLL: 0.9161, Masked: 12.6490
Epoch [89/101], Total Loss: 208.7997, NLL: 0.9207, Masked: 5011.7242
Epoch [90/101], Total Loss: 1.4585, NLL: 0.9186, Masked: 13.0168
Epoch [91/101], Total Loss: 58.8985, NLL: 0.9177, Masked: 1397.8501
Epoch [92/101], Total Loss: 1.4475, NLL: 0.9168, Masked: 12.7960
Epoch [93/101], Total Loss: 1.4432, NLL: 0.9172, Masked: 12.6797
Epoch [94/101], Total Loss: 1.4421, NLL: 0.9177, Masked: 12.6418
Epoch [95/101], Total Loss: 16.7658, NLL: 0.9172, Masked: 382.0926
Epoch [96/101], Total Loss: 1.4404, NLL: 0.9168, Masked: 12.6244
Epoch [97/101], Total Loss: 2.0858, NLL: 0.9164, Masked: 28.1941
Epoch [98/101], Total Loss: 1.4503, NLL: 0.9184, Masked: 12.8234
Epoch [99/101], Total Loss: 1.4436, NLL: 0.9176, Masked: 12.6814
Epoch [100/101], Total Loss: 1.4366, NLL: 0.9152, Masked: 12.5706
Epoch [101/101], Total Loss: 1.4416, NLL: 0.9152, Masked: 12.6916

==================================================
EVALUATING ON TRAINING DATA
==================================================

==================================================
TEST RESULTS
==================================================
Total Loss: 1.432072
  - ZINB NLL: 0.911543
Total number of masked values: 2134300
  - Number of values with pi >= 0.5422064955441358: 1384086
  - Number of values with pi < 0.5422064955441358: 750214
  - Masked Reconstruction: 12.549371
Mean Absolute Error (MAE): 2.535457
R² Score: -3.586653
==================================================


==================================================
TEST RESULTS
==================================================
Total Loss: 1.486355
  - ZINB NLL: 0.913127
Total number of masked values: 1733150
  - Number of values with pi >= 0.5422064955441358: 1157236
  - Number of values with pi < 0.5422064955441358: 575914
  - Masked Reconstruction: 13.819859
Mean Absolute Error (MAE): 2.485470
R² Score: 0.015637
==================================================


>>> Optimizing zinb_nll on VALIDATION set: 0.913127
>>> Full validation metrics: {'total_loss': 1.4863548638268793, 'zinb_nll': 0.9131273021264705, 'mae': 2.4854695796966553, 'r2': 0.015637457370758057, 'masked_loss': 13.819858510714113}

Iteration No: 87 ended. Search finished for the next optimal point.
Time taken: 2594.0203
Function value obtained: 0.9131
Current minimum: 0.8266
Iteration No: 88 started. Searching for the next optimal point.

================================================================================
Trial with parameters:
  features: Centr_Nucl
  step_size: 1.0
  bin_size: 1
  sample_fraction: 0.3462225345344697
  moving_average: True
  first_layer_size_factor: 118
  num_layers: 1
  use_conv: True
  conv_channel: 51
  pool_size: 2
  kernel_size: 9
  epochs: 96
  batch_size: 128
  pi_threshold: 0.7
  learning_rate: 0.000960668682541024
  dropout_rate: 0.0
  masked_recon_weight: 0.12015370030084377
  regularizer: none
  regularization_weight: 100.0
================================================================================

Creating datasets with:
  features: ['Centr', 'Nucl']
  bin_size: 1
  moving_average: True
  data_point_length: 2000 (from 2000)
  step_size: 2000 (from fraction 1.0)
  layers: [np.int64(1888)] (first=1888, num=1)
  stride: 1 (fixed), padding: same (fixed)


Clipping outliers using 95th percentile * 1.5...
strain_yTW001: Clipping values above 134.25 (P95=89.50). Clipped 27529/1193409 values (2.31%)
strain_FD: Clipping values above 71.92 (P95=47.94). Clipped 95791/4127807 values (2.32%)
strain_dnrp: Clipping values above 243.00 (P95=162.00). Clipped 25649/1119454 values (2.29%)
strain_yEK19: Clipping values above 77.10 (P95=51.40). Clipped 83713/3893623 values (2.15%)
strain_yEK23: Clipping values above 72.00 (P95=48.00). Clipped 86381/3558407 values (2.43%)
strain_yWT03a: Clipping values above 15.00 (P95=10.00). Clipped 10602/347679 values (3.05%)
strain_yWT04a: Clipping values above 58.50 (P95=39.00). Clipped 21095/725406 values (2.91%)
strain_ylic137: Clipping values above 142.50 (P95=95.00). Clipped 28746/1112684 values (2.58%)
Standardizing features: ['Centr', 'Nucl']
Column order in final array (Dataset/Chrom split): ['Value', 'Nucleosome_Distance', 'Centromere_Distance', 'Value_Raw', 'Size_Factor']
Removing 0 empty data points out of 27424
Column order in final array (Dataset/Chrom split): ['Value', 'Nucleosome_Distance', 'Centromere_Distance', 'Value_Raw', 'Size_Factor']
Removing 0 empty data points out of 10328
Column order in final array (Dataset/Chrom split): ['Value', 'Nucleosome_Distance', 'Centromere_Distance', 'Value_Raw', 'Size_Factor']
Removing 0 empty data points out of 10608
Datasets created:
  Train: (27424, 2000, 5), Val: (10328, 2000, 5), Test: (10608, 2000, 5)

Randomly sampled 9494/27424 samples (34.6%)
Applied denoising with 15.0% masking
Applied denoising with 15.0% masking
Applied denoising with 15.0% masking
Epoch [1/96], Total Loss: 3.0332, NLL: 1.1789, Masked: 15.4321
Epoch [2/96], Total Loss: 2.5820, NLL: 1.0261, Masked: 12.9490
Epoch [3/96], Total Loss: 2.5010, NLL: 0.9998, Masked: 12.4943
Epoch [4/96], Total Loss: 2.4704, NLL: 0.9657, Masked: 12.5229
Epoch [5/96], Total Loss: 2.4073, NLL: 0.9542, Masked: 12.0933
Epoch [6/96], Total Loss: 2.3861, NLL: 0.9469, Masked: 11.9784
Epoch [7/96], Total Loss: 2.3663, NLL: 0.9407, Masked: 11.8649
Epoch [8/96], Total Loss: 2.3530, NLL: 0.9381, Masked: 11.7752
Epoch [9/96], Total Loss: 2.3415, NLL: 0.9347, Masked: 11.7085
Epoch [10/96], Total Loss: 2.3264, NLL: 0.9330, Masked: 11.5972
Epoch [11/96], Total Loss: 2.3196, NLL: 0.9322, Masked: 11.5468
Epoch [12/96], Total Loss: 2.3166, NLL: 0.9295, Masked: 11.5441
Epoch [13/96], Total Loss: 2.3028, NLL: 0.9285, Masked: 11.4381
Epoch [14/96], Total Loss: 2.2909, NLL: 0.9266, Masked: 11.3546
Epoch [15/96], Total Loss: 2.2820, NLL: 0.9260, Masked: 11.2853
Epoch [16/96], Total Loss: 2.2755, NLL: 0.9250, Masked: 11.2401
Epoch [17/96], Total Loss: 2.2624, NLL: 0.9224, Masked: 11.1530
Epoch [18/96], Total Loss: 2.2540, NLL: 0.9222, Masked: 11.0843
Epoch [19/96], Total Loss: 2.2454, NLL: 0.9208, Masked: 11.0240
Epoch [20/96], Total Loss: 2.2402, NLL: 0.9210, Masked: 10.9793
Epoch [21/96], Total Loss: 2.2328, NLL: 0.9209, Masked: 10.9185
Epoch [22/96], Total Loss: 2.2265, NLL: 0.9199, Masked: 10.8746
Epoch [23/96], Total Loss: 2.2240, NLL: 0.9203, Masked: 10.8510
Epoch [24/96], Total Loss: 2.2156, NLL: 0.9194, Masked: 10.7872
Epoch [25/96], Total Loss: 2.2062, NLL: 0.9187, Masked: 10.7156
Epoch [26/96], Total Loss: 2.2024, NLL: 0.9199, Masked: 10.6740
Epoch [27/96], Total Loss: 2.2054, NLL: 0.9205, Masked: 10.6935
Epoch [28/96], Total Loss: 2.1960, NLL: 0.9188, Masked: 10.6295
Epoch [29/96], Total Loss: 2.1914, NLL: 0.9191, Masked: 10.5891
Epoch [30/96], Total Loss: 2.1864, NLL: 0.9187, Masked: 10.5508
Epoch [31/96], Total Loss: 2.1980, NLL: 0.9197, Masked: 10.6389
Epoch [32/96], Total Loss: 2.1774, NLL: 0.9186, Masked: 10.4767
Epoch [33/96], Total Loss: 2.1754, NLL: 0.9186, Masked: 10.4602
Epoch [34/96], Total Loss: 2.1734, NLL: 0.9192, Masked: 10.4383
Epoch [35/96], Total Loss: 2.1668, NLL: 0.9186, Masked: 10.3878
Epoch [36/96], Total Loss: 2.1673, NLL: 0.9196, Masked: 10.3842
Epoch [37/96], Total Loss: 2.1642, NLL: 0.9194, Masked: 10.3602
Epoch [38/96], Total Loss: 2.1609, NLL: 0.9196, Masked: 10.3307
Epoch [39/96], Total Loss: 2.1565, NLL: 0.9184, Masked: 10.3040
Epoch [40/96], Total Loss: 2.1496, NLL: 0.9188, Masked: 10.2431
Epoch [41/96], Total Loss: 2.1529, NLL: 0.9200, Masked: 10.2613
Epoch [42/96], Total Loss: 2.1441, NLL: 0.9192, Masked: 10.1947
Epoch [43/96], Total Loss: 2.1433, NLL: 0.9194, Masked: 10.1861
Epoch [44/96], Total Loss: 2.1399, NLL: 0.9193, Masked: 10.1582
Epoch [45/96], Total Loss: 2.1411, NLL: 0.9216, Masked: 10.1497
Epoch [46/96], Total Loss: 2.1459, NLL: 0.9216, Masked: 10.1892
Epoch [47/96], Total Loss: 2.1402, NLL: 0.9198, Masked: 10.1571
Epoch [48/96], Total Loss: 2.1316, NLL: 0.9199, Masked: 10.0842
Epoch [49/96], Total Loss: 2.1276, NLL: 0.9199, Masked: 10.0512
Epoch [50/96], Total Loss: 2.1227, NLL: 0.9199, Masked: 10.0106
Epoch [51/96], Total Loss: 2.1239, NLL: 0.9204, Masked: 10.0161
Epoch [52/96], Total Loss: 2.1227, NLL: 0.9199, Masked: 10.0109
Epoch [53/96], Total Loss: 2.1193, NLL: 0.9206, Masked: 9.9764
Epoch [54/96], Total Loss: 2.1155, NLL: 0.9203, Masked: 9.9473
Epoch [55/96], Total Loss: 2.1101, NLL: 0.9201, Masked: 9.9040
Epoch [56/96], Total Loss: 2.1118, NLL: 0.9207, Masked: 9.9127
Epoch [57/96], Total Loss: 2.1164, NLL: 0.9215, Masked: 9.9445
Epoch [58/96], Total Loss: 2.1127, NLL: 0.9211, Masked: 9.9170
Epoch [59/96], Total Loss: 2.1105, NLL: 0.9207, Masked: 9.9022
Epoch [60/96], Total Loss: 2.1053, NLL: 0.9210, Masked: 9.8564
Epoch [61/96], Total Loss: 2.1058, NLL: 0.9215, Masked: 9.8564
Epoch [62/96], Total Loss: 2.1081, NLL: 0.9214, Masked: 9.8763
Epoch [63/96], Total Loss: 2.1036, NLL: 0.9209, Masked: 9.8431
Epoch [64/96], Total Loss: 2.1001, NLL: 0.9217, Masked: 9.8069
Epoch [65/96], Total Loss: 2.1004, NLL: 0.9216, Masked: 9.8112
Epoch [66/96], Total Loss: 2.0977, NLL: 0.9213, Masked: 9.7914
Epoch [67/96], Total Loss: 2.1032, NLL: 0.9228, Masked: 9.8244
Epoch [68/96], Total Loss: 2.0938, NLL: 0.9220, Masked: 9.7517
Epoch [69/96], Total Loss: 2.0920, NLL: 0.9217, Masked: 9.7399
Epoch [70/96], Total Loss: 2.0954, NLL: 0.9219, Masked: 9.7664
Epoch [71/96], Total Loss: 2.0920, NLL: 0.9222, Masked: 9.7362
Epoch [72/96], Total Loss: 2.1057, NLL: 0.9235, Masked: 9.8393
Epoch [73/96], Total Loss: 2.0942, NLL: 0.9222, Masked: 9.7543
Epoch [74/96], Total Loss: 2.1036, NLL: 0.9223, Masked: 9.8318
Epoch [75/96], Total Loss: 2.0923, NLL: 0.9223, Masked: 9.7375
Epoch [76/96], Total Loss: 2.0858, NLL: 0.9225, Masked: 9.6824
Epoch [77/96], Total Loss: 2.0840, NLL: 0.9226, Masked: 9.6666
Epoch [78/96], Total Loss: 2.0829, NLL: 0.9231, Masked: 9.6527
Epoch [79/96], Total Loss: 2.0798, NLL: 0.9225, Masked: 9.6314
Epoch [80/96], Total Loss: 2.0796, NLL: 0.9229, Masked: 9.6264
Epoch [81/96], Total Loss: 2.0801, NLL: 0.9229, Masked: 9.6311
Epoch [82/96], Total Loss: 2.0818, NLL: 0.9230, Masked: 9.6440
Epoch [83/96], Total Loss: 2.0797, NLL: 0.9237, Masked: 9.6210
Epoch [84/96], Total Loss: 2.0779, NLL: 0.9231, Masked: 9.6112
Epoch [85/96], Total Loss: 2.0758, NLL: 0.9232, Masked: 9.5922
Epoch [86/96], Total Loss: 2.0734, NLL: 0.9230, Masked: 9.5745
Epoch [87/96], Total Loss: 2.0709, NLL: 0.9235, Masked: 9.5493
Epoch [88/96], Total Loss: 2.0755, NLL: 0.9237, Masked: 9.5856
Epoch [89/96], Total Loss: 2.0716, NLL: 0.9238, Masked: 9.5526
Epoch [90/96], Total Loss: 2.0714, NLL: 0.9235, Masked: 9.5538
Epoch [91/96], Total Loss: 2.0685, NLL: 0.9237, Masked: 9.5275
Epoch [92/96], Total Loss: 2.0734, NLL: 0.9243, Masked: 9.5641
Epoch [93/96], Total Loss: 2.0702, NLL: 0.9236, Masked: 9.5427
Epoch [94/96], Total Loss: 2.0686, NLL: 0.9242, Masked: 9.5243
Epoch [95/96], Total Loss: 2.0646, NLL: 0.9235, Masked: 9.4966
Epoch [96/96], Total Loss: 2.0683, NLL: 0.9242, Masked: 9.5219

==================================================
EVALUATING ON TRAINING DATA
==================================================

==================================================
TEST RESULTS
==================================================
Total Loss: 2.060538
  - ZINB NLL: 0.920545
Total number of masked values: 470892
  - Number of values with pi >= 0.7: 174764
  - Number of values with pi < 0.7: 296128
  - Masked Reconstruction: 9.487782
Mean Absolute Error (MAE): 3.428249
R² Score: -1.414092
==================================================


==================================================
TEST RESULTS
==================================================
Total Loss: 2.579696
  - ZINB NLL: 0.921227
Total number of masked values: 506645
  - Number of values with pi >= 0.7: 179644
  - Number of values with pi < 0.7: 327001
  - Masked Reconstruction: 13.802893
Mean Absolute Error (MAE): 3.656315
R² Score: -0.302987
==================================================


>>> Optimizing zinb_nll on VALIDATION set: 0.921227
>>> Full validation metrics: {'total_loss': 2.579695555149909, 'zinb_nll': 0.9212268644021889, 'mae': 3.656315326690674, 'r2': -0.3029874563217163, 'masked_loss': 13.80289286222687}

Iteration No: 88 ended. Search finished for the next optimal point.
Time taken: 753.0259
Function value obtained: 0.9212
Current minimum: 0.8266
Iteration No: 89 started. Searching for the next optimal point.

================================================================================
Trial with parameters:
  features: Nucl
  step_size: 1.0
  bin_size: 1
  sample_fraction: 0.8985275231544573
  moving_average: True
  first_layer_size_factor: 150
  num_layers: 2
  use_conv: True
  conv_channel: 29
  pool_size: 4
  kernel_size: 7
  epochs: 104
  batch_size: 64
  pi_threshold: 0.30717073716680626
  learning_rate: 0.0005533493053942802
  dropout_rate: 0.41074135161310554
  masked_recon_weight: 0.010180053056588236
  regularizer: none
  regularization_weight: 1.1444208506658058
================================================================================

Creating datasets with:
  features: ['Nucl']
  bin_size: 1
  moving_average: True
  data_point_length: 2000 (from 2000)
  step_size: 2000 (from fraction 1.0)
  layers: [np.int64(2400), np.int64(1200)] (first=2400, num=2)
  stride: 1 (fixed), padding: same (fixed)


Clipping outliers using 95th percentile * 1.5...
strain_yTW001: Clipping values above 134.25 (P95=89.50). Clipped 27529/1193409 values (2.31%)
strain_FD: Clipping values above 71.92 (P95=47.94). Clipped 95791/4127807 values (2.32%)
strain_dnrp: Clipping values above 243.00 (P95=162.00). Clipped 25649/1119454 values (2.29%)
strain_yEK19: Clipping values above 77.10 (P95=51.40). Clipped 83713/3893623 values (2.15%)
strain_yEK23: Clipping values above 72.00 (P95=48.00). Clipped 86381/3558407 values (2.43%)
strain_yWT03a: Clipping values above 15.00 (P95=10.00). Clipped 10602/347679 values (3.05%)
strain_yWT04a: Clipping values above 58.50 (P95=39.00). Clipped 21095/725406 values (2.91%)
strain_ylic137: Clipping values above 142.50 (P95=95.00). Clipped 28746/1112684 values (2.58%)
Standardizing features: ['Nucl']
Column order in final array (Dataset/Chrom split): ['Value', 'Nucleosome_Distance', 'Value_Raw', 'Size_Factor']
Removing 0 empty data points out of 27424
Column order in final array (Dataset/Chrom split): ['Value', 'Nucleosome_Distance', 'Value_Raw', 'Size_Factor']
Removing 0 empty data points out of 10328
Column order in final array (Dataset/Chrom split): ['Value', 'Nucleosome_Distance', 'Value_Raw', 'Size_Factor']
Removing 0 empty data points out of 10608
Datasets created:
  Train: (27424, 2000, 4), Val: (10328, 2000, 4), Test: (10608, 2000, 4)

Randomly sampled 24641/27424 samples (89.9%)
Applied denoising with 15.0% masking
Applied denoising with 15.0% masking
Applied denoising with 15.0% masking
Epoch [1/104], Total Loss: 1.1476, NLL: 1.0089, Masked: 13.6179
Epoch [2/104], Total Loss: 1.0769, NLL: 0.9404, Masked: 13.4034
Epoch [3/104], Total Loss: 1.0665, NLL: 0.9301, Masked: 13.4017
Epoch [4/104], Total Loss: 1.0598, NLL: 0.9230, Masked: 13.4315
Epoch [5/104], Total Loss: 1.0557, NLL: 0.9202, Masked: 13.3158
Epoch [6/104], Total Loss: 1.0521, NLL: 0.9164, Masked: 13.3330
Epoch [7/104], Total Loss: 1.0490, NLL: 0.9142, Masked: 13.2406
Epoch [8/104], Total Loss: 1.0571, NLL: 0.9151, Masked: 13.9408
Epoch [9/104], Total Loss: 1.0470, NLL: 0.9124, Masked: 13.2185
Epoch [10/104], Total Loss: 1.0444, NLL: 0.9102, Masked: 13.1872
Epoch [11/104], Total Loss: 1.0424, NLL: 0.9084, Masked: 13.1669
Epoch [12/104], Total Loss: 1.0982, NLL: 0.9083, Masked: 18.6571
Epoch [13/104], Total Loss: 1.0406, NLL: 0.9070, Masked: 13.1217
Epoch [14/104], Total Loss: 1.1412, NLL: 0.9060, Masked: 23.1068
Epoch [15/104], Total Loss: 1.0368, NLL: 0.9034, Masked: 13.1063
Epoch [16/104], Total Loss: 1.0349, NLL: 0.9021, Masked: 13.0461
Epoch [17/104], Total Loss: 1.0333, NLL: 0.9005, Masked: 13.0510
Epoch [18/104], Total Loss: 1.0316, NLL: 0.8994, Masked: 12.9897
Epoch [19/104], Total Loss: 1.0330, NLL: 0.8975, Masked: 13.3069
Epoch [20/104], Total Loss: 1.0282, NLL: 0.8970, Masked: 12.8854
Epoch [21/104], Total Loss: 1.0274, NLL: 0.8957, Masked: 12.9398
Epoch [22/104], Total Loss: 1.0328, NLL: 0.8945, Masked: 13.5853
Epoch [23/104], Total Loss: 1.0256, NLL: 0.8942, Masked: 12.9018
Epoch [24/104], Total Loss: 1.0245, NLL: 0.8924, Masked: 12.9691
Epoch [25/104], Total Loss: 1.0231, NLL: 0.8914, Masked: 12.9360
Epoch [26/104], Total Loss: 1.0310, NLL: 0.8907, Masked: 13.7857
Epoch [27/104], Total Loss: 1.0190, NLL: 0.8892, Masked: 12.7444
Epoch [28/104], Total Loss: 1.0179, NLL: 0.8885, Masked: 12.7145
Epoch [29/104], Total Loss: 1.0179, NLL: 0.8874, Masked: 12.8228
Epoch [30/104], Total Loss: 1.0164, NLL: 0.8874, Masked: 12.6735
Epoch [31/104], Total Loss: 1.0455, NLL: 0.8875, Masked: 15.5242
Epoch [32/104], Total Loss: 1.0138, NLL: 0.8854, Masked: 12.6073
Epoch [33/104], Total Loss: 1.0134, NLL: 0.8846, Masked: 12.6485
Epoch [34/104], Total Loss: 1.0121, NLL: 0.8838, Masked: 12.6024
Epoch [35/104], Total Loss: 1.0119, NLL: 0.8836, Masked: 12.5987
Epoch [36/104], Total Loss: 1.0098, NLL: 0.8823, Masked: 12.5249
Epoch [37/104], Total Loss: 1.0113, NLL: 0.8819, Masked: 12.7038
Epoch [38/104], Total Loss: 1.0099, NLL: 0.8822, Masked: 12.5425
Epoch [39/104], Total Loss: 1.0087, NLL: 0.8809, Masked: 12.5611
Epoch [40/104], Total Loss: 1.0072, NLL: 0.8798, Masked: 12.5152
Epoch [41/104], Total Loss: 1.0068, NLL: 0.8796, Masked: 12.4981
Epoch [42/104], Total Loss: 1.0058, NLL: 0.8786, Masked: 12.4914
Epoch [43/104], Total Loss: 1.0110, NLL: 0.8782, Masked: 13.0376
Epoch [44/104], Total Loss: 1.0036, NLL: 0.8771, Masked: 12.4306
Epoch [45/104], Total Loss: 1.0033, NLL: 0.8768, Masked: 12.4211
Epoch [46/104], Total Loss: 1.0022, NLL: 0.8757, Masked: 12.4238
Epoch [47/104], Total Loss: 1.0016, NLL: 0.8751, Masked: 12.4253
Epoch [48/104], Total Loss: 1.0004, NLL: 0.8746, Masked: 12.3647
Epoch [49/104], Total Loss: 1.0004, NLL: 0.8741, Masked: 12.4133
Epoch [50/104], Total Loss: 0.9997, NLL: 0.8733, Masked: 12.4146
Epoch [51/104], Total Loss: 0.9983, NLL: 0.8728, Masked: 12.3279
Epoch [52/104], Total Loss: 0.9976, NLL: 0.8722, Masked: 12.3123
Epoch [53/104], Total Loss: 0.9969, NLL: 0.8717, Masked: 12.2978
Epoch [54/104], Total Loss: 0.9972, NLL: 0.8717, Masked: 12.3253
Epoch [55/104], Total Loss: 0.9968, NLL: 0.8718, Masked: 12.2783
Epoch [56/104], Total Loss: 0.9953, NLL: 0.8703, Masked: 12.2719
Epoch [57/104], Total Loss: 0.9967, NLL: 0.8703, Masked: 12.4219
Epoch [58/104], Total Loss: 0.9950, NLL: 0.8699, Masked: 12.2907
Epoch [59/104], Total Loss: 0.9942, NLL: 0.8690, Masked: 12.2985
Epoch [60/104], Total Loss: 0.9925, NLL: 0.8679, Masked: 12.2345
Epoch [61/104], Total Loss: 0.9933, NLL: 0.8677, Masked: 12.3425
Epoch [62/104], Total Loss: 0.9924, NLL: 0.8675, Masked: 12.2715
Epoch [63/104], Total Loss: 0.9918, NLL: 0.8672, Masked: 12.2446
Epoch [64/104], Total Loss: 0.9907, NLL: 0.8667, Masked: 12.1833
Epoch [65/104], Total Loss: 0.9908, NLL: 0.8665, Masked: 12.2096
Epoch [66/104], Total Loss: 0.9946, NLL: 0.8663, Masked: 12.6034
Epoch [67/104], Total Loss: 0.9885, NLL: 0.8650, Masked: 12.1327
Epoch [68/104], Total Loss: 0.9884, NLL: 0.8647, Masked: 12.1566
Epoch [69/104], Total Loss: 0.9881, NLL: 0.8643, Masked: 12.1652
Epoch [70/104], Total Loss: 0.9882, NLL: 0.8646, Masked: 12.1483
Epoch [71/104], Total Loss: 0.9878, NLL: 0.8644, Masked: 12.1221
Epoch [72/104], Total Loss: 0.9871, NLL: 0.8634, Masked: 12.1495
Epoch [73/104], Total Loss: 0.9875, NLL: 0.8635, Masked: 12.1726
Epoch [74/104], Total Loss: 0.9872, NLL: 0.8627, Masked: 12.2242
Epoch [75/104], Total Loss: 0.9856, NLL: 0.8625, Masked: 12.0895
Epoch [76/104], Total Loss: 0.9855, NLL: 0.8623, Masked: 12.1108
Epoch [77/104], Total Loss: 0.9848, NLL: 0.8613, Masked: 12.1278
Epoch [78/104], Total Loss: 0.9844, NLL: 0.8616, Masked: 12.0615
Epoch [79/104], Total Loss: 0.9846, NLL: 0.8616, Masked: 12.0825
Epoch [80/104], Total Loss: 0.9830, NLL: 0.8605, Masked: 12.0329
Epoch [81/104], Total Loss: 0.9828, NLL: 0.8601, Masked: 12.0497
Epoch [82/104], Total Loss: 0.9822, NLL: 0.8598, Masked: 12.0218
Epoch [83/104], Total Loss: 0.9835, NLL: 0.8598, Masked: 12.1489
Epoch [84/104], Total Loss: 0.9815, NLL: 0.8589, Masked: 12.0460
Epoch [85/104], Total Loss: 0.9812, NLL: 0.8589, Masked: 12.0127
Epoch [86/104], Total Loss: 1.0156, NLL: 0.8591, Masked: 15.3674
Epoch [87/104], Total Loss: 0.9805, NLL: 0.8584, Masked: 11.9945
Epoch [88/104], Total Loss: 0.9802, NLL: 0.8578, Masked: 12.0256
Epoch [89/104], Total Loss: 0.9799, NLL: 0.8578, Masked: 11.9940
Epoch [90/104], Total Loss: 0.9787, NLL: 0.8568, Masked: 11.9673
Epoch [91/104], Total Loss: 0.9791, NLL: 0.8571, Masked: 11.9825
Epoch [92/104], Total Loss: 0.9783, NLL: 0.8563, Masked: 11.9795
Epoch [93/104], Total Loss: 0.9784, NLL: 0.8565, Masked: 11.9817
Epoch [94/104], Total Loss: 0.9777, NLL: 0.8559, Masked: 11.9638
Epoch [95/104], Total Loss: 0.9774, NLL: 0.8558, Masked: 11.9430
Epoch [96/104], Total Loss: 0.9772, NLL: 0.8554, Masked: 11.9566
Epoch [97/104], Total Loss: 0.9769, NLL: 0.8551, Masked: 11.9701
Epoch [98/104], Total Loss: 0.9767, NLL: 0.8550, Masked: 11.9510
Epoch [99/104], Total Loss: 0.9764, NLL: 0.8548, Masked: 11.9481
Epoch [100/104], Total Loss: 0.9797, NLL: 0.8579, Masked: 11.9655
Epoch [101/104], Total Loss: 0.9754, NLL: 0.8542, Masked: 11.8986
Epoch [102/104], Total Loss: 0.9755, NLL: 0.8542, Masked: 11.9210
Epoch [103/104], Total Loss: 0.9751, NLL: 0.8537, Masked: 11.9282
Epoch [104/104], Total Loss: 0.9748, NLL: 0.8535, Masked: 11.9187

==================================================
EVALUATING ON TRAINING DATA
==================================================

==================================================
TEST RESULTS
==================================================
Total Loss: 0.938421
  - ZINB NLL: 0.823309
Total number of masked values: 1217889
  - Number of values with pi >= 0.30717073716680626: 951942
  - Number of values with pi < 0.30717073716680626: 265947
  - Masked Reconstruction: 11.307611
Mean Absolute Error (MAE): 2.083273
R² Score: 0.110122
==================================================


==================================================
TEST RESULTS
==================================================
Total Loss: 1.025558
  - ZINB NLL: 0.886702
Total number of masked values: 506645
  - Number of values with pi >= 0.30717073716680626: 438294
  - Number of values with pi < 0.30717073716680626: 68351
  - Masked Reconstruction: 13.639982
Mean Absolute Error (MAE): 2.176945
R² Score: 0.018695
==================================================


>>> Optimizing zinb_nll on VALIDATION set: 0.886702
>>> Full validation metrics: {'total_loss': 1.0255580364411234, 'zinb_nll': 0.8867022957476787, 'mae': 2.1769447326660156, 'r2': 0.018694818019866943, 'masked_loss': 13.639981928026833}

Iteration No: 89 ended. Search finished for the next optimal point.
Time taken: 1094.0292
Function value obtained: 0.8867
Current minimum: 0.8266
Iteration No: 90 started. Searching for the next optimal point.

================================================================================
Trial with parameters:
  features: Centr_Nucl
  step_size: 0.9948355427889023
  bin_size: 1
  sample_fraction: 0.7106837350500287
  moving_average: False
  first_layer_size_factor: 139
  num_layers: 1
  use_conv: True
  conv_channel: 55
  pool_size: 8
  kernel_size: 3
  epochs: 144
  batch_size: 128
  pi_threshold: 0.538182022867999
  learning_rate: 2.792525870687268e-05
  dropout_rate: 0.5
  masked_recon_weight: 0.001
  regularizer: none
  regularization_weight: 100.0
================================================================================

Creating datasets with:
  features: ['Centr', 'Nucl']
  bin_size: 1
  moving_average: False
  data_point_length: 2000 (from 2000)
  step_size: 1989 (from fraction 0.9948355427889023)
  layers: [np.int64(2224)] (first=2224, num=1)
  stride: 1 (fixed), padding: same (fixed)


Clipping outliers using 95th percentile * 1.5...
strain_yTW001: Clipping values above 134.25 (P95=89.50). Clipped 27529/1193409 values (2.31%)
strain_FD: Clipping values above 71.92 (P95=47.94). Clipped 95791/4127807 values (2.32%)
strain_dnrp: Clipping values above 243.00 (P95=162.00). Clipped 25649/1119454 values (2.29%)
strain_yEK19: Clipping values above 77.10 (P95=51.40). Clipped 83713/3893623 values (2.15%)
strain_yEK23: Clipping values above 72.00 (P95=48.00). Clipped 86381/3558407 values (2.43%)
strain_yWT03a: Clipping values above 15.00 (P95=10.00). Clipped 10602/347679 values (3.05%)
strain_yWT04a: Clipping values above 58.50 (P95=39.00). Clipped 21095/725406 values (2.91%)
strain_ylic137: Clipping values above 142.50 (P95=95.00). Clipped 28746/1112684 values (2.58%)
Standardizing features: ['Centr', 'Nucl']
Column order in final array (Dataset/Chrom split): ['Value', 'Nucleosome_Distance', 'Centromere_Distance', 'Value_Raw', 'Size_Factor']
Removing 0 empty data points out of 27568
Column order in final array (Dataset/Chrom split): ['Value', 'Nucleosome_Distance', 'Centromere_Distance', 'Value_Raw', 'Size_Factor']
Removing 0 empty data points out of 10376
Column order in final array (Dataset/Chrom split): ['Value', 'Nucleosome_Distance', 'Centromere_Distance', 'Value_Raw', 'Size_Factor']
Removing 0 empty data points out of 10672
Datasets created:
  Train: (27568, 2000, 5), Val: (10376, 2000, 5), Test: (10672, 2000, 5)

Randomly sampled 19592/27568 samples (71.1%)
Applied denoising with 15.0% masking
Applied denoising with 15.0% masking
Applied denoising with 15.0% masking
Epoch [1/144], Total Loss: 1.2313, NLL: 1.2160, Masked: 15.2281
Epoch [2/144], Total Loss: 1.0580, NLL: 1.0444, Masked: 13.6035
Epoch [3/144], Total Loss: 1.0421, NLL: 1.0285, Masked: 13.5684
Epoch [4/144], Total Loss: 1.0318, NLL: 1.0183, Masked: 13.4959
Epoch [5/144], Total Loss: 1.0239, NLL: 1.0104, Masked: 13.4664
Epoch [6/144], Total Loss: 1.0162, NLL: 1.0027, Masked: 13.4650
Epoch [7/144], Total Loss: 1.0083, NLL: 0.9949, Masked: 13.4774
Epoch [8/144], Total Loss: 1.0002, NLL: 0.9867, Masked: 13.5393
Epoch [9/144], Total Loss: 0.9918, NLL: 0.9782, Masked: 13.5558
Epoch [10/144], Total Loss: 0.9838, NLL: 0.9703, Masked: 13.5558
Epoch [11/144], Total Loss: 0.9753, NLL: 0.9618, Masked: 13.5090
Epoch [12/144], Total Loss: 0.9676, NLL: 0.9542, Masked: 13.4289
Epoch [13/144], Total Loss: 0.9610, NLL: 0.9476, Masked: 13.3351
Epoch [14/144], Total Loss: 0.9553, NLL: 0.9421, Masked: 13.2256
Epoch [15/144], Total Loss: 0.9512, NLL: 0.9380, Masked: 13.1772
Epoch [16/144], Total Loss: 0.9475, NLL: 0.9344, Masked: 13.0862
Epoch [17/144], Total Loss: 0.9442, NLL: 0.9312, Masked: 13.0353
Epoch [18/144], Total Loss: 0.9418, NLL: 0.9288, Masked: 13.0357
Epoch [19/144], Total Loss: 0.9399, NLL: 0.9269, Masked: 12.9780
Epoch [20/144], Total Loss: 0.9382, NLL: 0.9253, Masked: 12.9309
Epoch [21/144], Total Loss: 0.9359, NLL: 0.9230, Masked: 12.8703
Epoch [22/144], Total Loss: 0.9343, NLL: 0.9214, Masked: 12.8373
Epoch [23/144], Total Loss: 0.9327, NLL: 0.9199, Masked: 12.8030
Epoch [24/144], Total Loss: 0.9312, NLL: 0.9185, Masked: 12.7890
Epoch [25/144], Total Loss: 0.9295, NLL: 0.9167, Masked: 12.7407
Epoch [26/144], Total Loss: 0.9278, NLL: 0.9151, Masked: 12.7111
Epoch [27/144], Total Loss: 0.9264, NLL: 0.9137, Masked: 12.7062
Epoch [28/144], Total Loss: 0.9249, NLL: 0.9123, Masked: 12.6847
Epoch [29/144], Total Loss: 0.9235, NLL: 0.9108, Masked: 12.6409
Epoch [30/144], Total Loss: 0.9221, NLL: 0.9095, Masked: 12.6117
Epoch [31/144], Total Loss: 0.9208, NLL: 0.9082, Masked: 12.5900
Epoch [32/144], Total Loss: 0.9195, NLL: 0.9069, Masked: 12.5712
Epoch [33/144], Total Loss: 0.9175, NLL: 0.9050, Masked: 12.5187
Epoch [34/144], Total Loss: 0.9163, NLL: 0.9038, Masked: 12.5199
Epoch [35/144], Total Loss: 0.9148, NLL: 0.9023, Masked: 12.4805
Epoch [36/144], Total Loss: 0.9135, NLL: 0.9011, Masked: 12.4509
Epoch [37/144], Total Loss: 0.9118, NLL: 0.8994, Masked: 12.4355
Epoch [38/144], Total Loss: 0.9107, NLL: 0.8983, Masked: 12.4205
Epoch [39/144], Total Loss: 0.9095, NLL: 0.8971, Masked: 12.3830
Epoch [40/144], Total Loss: 0.9081, NLL: 0.8957, Masked: 12.3824
Epoch [41/144], Total Loss: 0.9068, NLL: 0.8944, Masked: 12.3932
Epoch [42/144], Total Loss: 0.9056, NLL: 0.8933, Masked: 12.3246
Epoch [43/144], Total Loss: 0.9046, NLL: 0.8923, Masked: 12.3160
Epoch [44/144], Total Loss: 0.9035, NLL: 0.8912, Masked: 12.3017
Epoch [45/144], Total Loss: 0.9027, NLL: 0.8904, Masked: 12.2825
Epoch [46/144], Total Loss: 0.9020, NLL: 0.8897, Masked: 12.2773
Epoch [47/144], Total Loss: 0.9011, NLL: 0.8888, Masked: 12.3024
Epoch [48/144], Total Loss: 0.9004, NLL: 0.8881, Masked: 12.2894
Epoch [49/144], Total Loss: 0.8995, NLL: 0.8872, Masked: 12.2591
Epoch [50/144], Total Loss: 0.8988, NLL: 0.8865, Masked: 12.2494
Epoch [51/144], Total Loss: 0.8979, NLL: 0.8856, Masked: 12.2557
Epoch [52/144], Total Loss: 0.8973, NLL: 0.8851, Masked: 12.2278
Epoch [53/144], Total Loss: 0.8968, NLL: 0.8845, Masked: 12.2358
Epoch [54/144], Total Loss: 0.8960, NLL: 0.8838, Masked: 12.2328
Epoch [55/144], Total Loss: 0.8954, NLL: 0.8832, Masked: 12.2002
Epoch [56/144], Total Loss: 0.8946, NLL: 0.8824, Masked: 12.1990
Epoch [57/144], Total Loss: 0.8942, NLL: 0.8820, Masked: 12.2249
Epoch [58/144], Total Loss: 0.8935, NLL: 0.8813, Masked: 12.1912
Epoch [59/144], Total Loss: 0.8930, NLL: 0.8809, Masked: 12.1729
Epoch [60/144], Total Loss: 0.8924, NLL: 0.8802, Masked: 12.1821
Epoch [61/144], Total Loss: 0.8919, NLL: 0.8797, Masked: 12.1630
Epoch [62/144], Total Loss: 0.8913, NLL: 0.8791, Masked: 12.1624
Epoch [63/144], Total Loss: 0.8907, NLL: 0.8786, Masked: 12.1618
Epoch [64/144], Total Loss: 0.8904, NLL: 0.8782, Masked: 12.1532
Epoch [65/144], Total Loss: 0.8896, NLL: 0.8775, Masked: 12.1280
Epoch [66/144], Total Loss: 0.8891, NLL: 0.8770, Masked: 12.1294
Epoch [67/144], Total Loss: 0.8885, NLL: 0.8764, Masked: 12.1373
Epoch [68/144], Total Loss: 0.8880, NLL: 0.8759, Masked: 12.1153
Epoch [69/144], Total Loss: 0.8872, NLL: 0.8751, Masked: 12.0995
Epoch [70/144], Total Loss: 0.8868, NLL: 0.8746, Masked: 12.1137
Epoch [71/144], Total Loss: 0.8862, NLL: 0.8741, Masked: 12.0882
Epoch [72/144], Total Loss: 0.8857, NLL: 0.8735, Masked: 12.1116
Epoch [73/144], Total Loss: 0.8850, NLL: 0.8730, Masked: 12.0684
Epoch [74/144], Total Loss: 0.8845, NLL: 0.8724, Masked: 12.0589
Epoch [75/144], Total Loss: 0.8838, NLL: 0.8717, Masked: 12.0613
Epoch [76/144], Total Loss: 0.8830, NLL: 0.8710, Masked: 12.0418
Epoch [77/144], Total Loss: 0.8824, NLL: 0.8704, Masked: 12.0341
Epoch [78/144], Total Loss: 0.8820, NLL: 0.8699, Masked: 12.0407
Epoch [79/144], Total Loss: 0.8815, NLL: 0.8695, Masked: 12.0180
Epoch [80/144], Total Loss: 0.8809, NLL: 0.8688, Masked: 12.0309
Epoch [81/144], Total Loss: 0.8800, NLL: 0.8680, Masked: 11.9957
Epoch [82/144], Total Loss: 0.8795, NLL: 0.8675, Masked: 11.9971
Epoch [83/144], Total Loss: 0.8789, NLL: 0.8669, Masked: 11.9898
Epoch [84/144], Total Loss: 0.8784, NLL: 0.8664, Masked: 11.9896
Epoch [85/144], Total Loss: 0.8776, NLL: 0.8656, Masked: 11.9702
Epoch [86/144], Total Loss: 0.8771, NLL: 0.8651, Masked: 11.9720
Epoch [87/144], Total Loss: 0.8763, NLL: 0.8643, Masked: 11.9311
Epoch [88/144], Total Loss: 0.8758, NLL: 0.8638, Masked: 11.9542
Epoch [89/144], Total Loss: 0.8755, NLL: 0.8635, Masked: 11.9643
Epoch [90/144], Total Loss: 0.8745, NLL: 0.8626, Masked: 11.9292
Epoch [91/144], Total Loss: 0.8740, NLL: 0.8620, Masked: 11.9454
Epoch [92/144], Total Loss: 0.8734, NLL: 0.8615, Masked: 11.9384
Epoch [93/144], Total Loss: 0.8727, NLL: 0.8608, Masked: 11.9109
Epoch [94/144], Total Loss: 0.8722, NLL: 0.8603, Masked: 11.9091
Epoch [95/144], Total Loss: 0.8718, NLL: 0.8598, Masked: 11.9244
Epoch [96/144], Total Loss: 0.8712, NLL: 0.8593, Masked: 11.9164
Epoch [97/144], Total Loss: 0.8704, NLL: 0.8585, Masked: 11.8960
Epoch [98/144], Total Loss: 0.8697, NLL: 0.8578, Masked: 11.8882
Epoch [99/144], Total Loss: 0.8694, NLL: 0.8575, Masked: 11.8962
Epoch [100/144], Total Loss: 0.8687, NLL: 0.8568, Masked: 11.8953
Epoch [101/144], Total Loss: 0.8683, NLL: 0.8564, Masked: 11.8777
Epoch [102/144], Total Loss: 0.8676, NLL: 0.8557, Masked: 11.8730
Epoch [103/144], Total Loss: 0.8672, NLL: 0.8554, Masked: 11.8459
Epoch [104/144], Total Loss: 0.8666, NLL: 0.8547, Masked: 11.8649
Epoch [105/144], Total Loss: 0.8661, NLL: 0.8542, Masked: 11.8554
Epoch [106/144], Total Loss: 0.8656, NLL: 0.8537, Masked: 11.8443
Epoch [107/144], Total Loss: 0.8651, NLL: 0.8532, Masked: 11.8638
Epoch [108/144], Total Loss: 0.8646, NLL: 0.8528, Masked: 11.8544
Epoch [109/144], Total Loss: 0.8640, NLL: 0.8521, Masked: 11.8460
Epoch [110/144], Total Loss: 0.8636, NLL: 0.8518, Masked: 11.8306
Epoch [111/144], Total Loss: 0.8632, NLL: 0.8513, Masked: 11.8607
Epoch [112/144], Total Loss: 0.8626, NLL: 0.8507, Masked: 11.8405
Epoch [113/144], Total Loss: 0.8623, NLL: 0.8505, Masked: 11.8258
Epoch [114/144], Total Loss: 0.8615, NLL: 0.8497, Masked: 11.8068
Epoch [115/144], Total Loss: 0.8614, NLL: 0.8495, Masked: 11.8489
Epoch [116/144], Total Loss: 0.8608, NLL: 0.8490, Masked: 11.8060
Epoch [117/144], Total Loss: 0.8605, NLL: 0.8487, Masked: 11.8137
Epoch [118/144], Total Loss: 0.8600, NLL: 0.8482, Masked: 11.7954
Epoch [119/144], Total Loss: 0.8595, NLL: 0.8477, Masked: 11.8068
Epoch [120/144], Total Loss: 0.8591, NLL: 0.8473, Masked: 11.7967
Epoch [121/144], Total Loss: 0.8587, NLL: 0.8470, Masked: 11.7889
Epoch [122/144], Total Loss: 0.8583, NLL: 0.8465, Masked: 11.7933
Epoch [123/144], Total Loss: 0.8578, NLL: 0.8460, Masked: 11.7904
Epoch [124/144], Total Loss: 0.8573, NLL: 0.8455, Masked: 11.7804
Epoch [125/144], Total Loss: 0.8568, NLL: 0.8451, Masked: 11.7626
Epoch [126/144], Total Loss: 0.8566, NLL: 0.8449, Masked: 11.7697
Epoch [127/144], Total Loss: 0.8562, NLL: 0.8445, Masked: 11.7839
Epoch [128/144], Total Loss: 0.8556, NLL: 0.8439, Masked: 11.7575
Epoch [129/144], Total Loss: 0.8556, NLL: 0.8438, Masked: 11.7645
Epoch [130/144], Total Loss: 0.8550, NLL: 0.8433, Masked: 11.7457
Epoch [131/144], Total Loss: 0.8546, NLL: 0.8429, Masked: 11.7238
Epoch [132/144], Total Loss: 0.8544, NLL: 0.8426, Masked: 11.7393
Epoch [133/144], Total Loss: 0.8539, NLL: 0.8422, Masked: 11.7333
Epoch [134/144], Total Loss: 0.8537, NLL: 0.8419, Masked: 11.7581
Epoch [135/144], Total Loss: 0.8535, NLL: 0.8417, Masked: 11.7559
Epoch [136/144], Total Loss: 0.8529, NLL: 0.8412, Masked: 11.7234
Epoch [137/144], Total Loss: 0.8525, NLL: 0.8408, Masked: 11.7192
Epoch [138/144], Total Loss: 0.8525, NLL: 0.8407, Masked: 11.7691
Epoch [139/144], Total Loss: 0.8519, NLL: 0.8401, Masked: 11.7184
Epoch [140/144], Total Loss: 0.8514, NLL: 0.8397, Masked: 11.7096
Epoch [141/144], Total Loss: 0.8512, NLL: 0.8395, Masked: 11.7130
Epoch [142/144], Total Loss: 0.8508, NLL: 0.8391, Masked: 11.7114
Epoch [143/144], Total Loss: 0.8507, NLL: 0.8390, Masked: 11.6949
Epoch [144/144], Total Loss: 0.8502, NLL: 0.8385, Masked: 11.6906

==================================================
EVALUATING ON TRAINING DATA
==================================================

==================================================
TEST RESULTS
==================================================
Total Loss: 0.835815
  - ZINB NLL: 0.824487
Total number of masked values: 964474
  - Number of values with pi >= 0.538182022867999: 544711
  - Number of values with pi < 0.538182022867999: 419763
  - Masked Reconstruction: 11.328845
Mean Absolute Error (MAE): 2.472092
R² Score: 0.071044
==================================================


==================================================
TEST RESULTS
==================================================
Total Loss: 0.868755
  - ZINB NLL: 0.855305
Total number of masked values: 508920
  - Number of values with pi >= 0.538182022867999: 297452
  - Number of values with pi < 0.538182022867999: 211468
  - Masked Reconstruction: 13.449859
Mean Absolute Error (MAE): 2.632875
R² Score: -0.048760
==================================================


>>> Optimizing zinb_nll on VALIDATION set: 0.855305
>>> Full validation metrics: {'total_loss': 0.8687552962288456, 'zinb_nll': 0.8553054395003235, 'mae': 2.6328749656677246, 'r2': -0.04875993728637695, 'masked_loss': 13.449858739730846}


*** Checkpoint saved at iteration 90 ***

Iteration No: 90 ended. Search finished for the next optimal point.
Time taken: 1173.6610
Function value obtained: 0.8553
Current minimum: 0.8266
Iteration No: 91 started. Searching for the next optimal point.

================================================================================
Trial with parameters:
  features: Centr
  step_size: 1.0
  bin_size: 1
  sample_fraction: 0.6449644268128149
  moving_average: True
  first_layer_size_factor: 4
  num_layers: 1
  use_conv: True
  conv_channel: 56
  pool_size: 8
  kernel_size: 5
  epochs: 150
  batch_size: 128
  pi_threshold: 0.6893717035612563
  learning_rate: 0.0034080519813198384
  dropout_rate: 0.5
  masked_recon_weight: 0.001
  regularizer: none
  regularization_weight: 5.32598402542863e-05
================================================================================

Creating datasets with:
  features: ['Centr']
  bin_size: 1
  moving_average: True
  data_point_length: 2000 (from 2000)
  step_size: 2000 (from fraction 1.0)
  layers: [np.int64(64)] (first=64, num=1)
  stride: 1 (fixed), padding: same (fixed)


Clipping outliers using 95th percentile * 1.5...
strain_yTW001: Clipping values above 134.25 (P95=89.50). Clipped 27529/1193409 values (2.31%)
strain_FD: Clipping values above 71.92 (P95=47.94). Clipped 95791/4127807 values (2.32%)
strain_dnrp: Clipping values above 243.00 (P95=162.00). Clipped 25649/1119454 values (2.29%)
strain_yEK19: Clipping values above 77.10 (P95=51.40). Clipped 83713/3893623 values (2.15%)
strain_yEK23: Clipping values above 72.00 (P95=48.00). Clipped 86381/3558407 values (2.43%)
strain_yWT03a: Clipping values above 15.00 (P95=10.00). Clipped 10602/347679 values (3.05%)
strain_yWT04a: Clipping values above 58.50 (P95=39.00). Clipped 21095/725406 values (2.91%)
strain_ylic137: Clipping values above 142.50 (P95=95.00). Clipped 28746/1112684 values (2.58%)
Standardizing features: ['Centr']
Column order in final array (Dataset/Chrom split): ['Value', 'Centromere_Distance', 'Value_Raw', 'Size_Factor']
Removing 0 empty data points out of 27424
Column order in final array (Dataset/Chrom split): ['Value', 'Centromere_Distance', 'Value_Raw', 'Size_Factor']
Removing 0 empty data points out of 10328
Column order in final array (Dataset/Chrom split): ['Value', 'Centromere_Distance', 'Value_Raw', 'Size_Factor']
Removing 0 empty data points out of 10608
Datasets created:
  Train: (27424, 2000, 4), Val: (10328, 2000, 4), Test: (10608, 2000, 4)

Randomly sampled 17687/27424 samples (64.5%)
Applied denoising with 15.0% masking
Applied denoising with 15.0% masking
Applied denoising with 15.0% masking
Epoch [1/150], Total Loss: 1.2007, NLL: 1.1841, Masked: 16.6125
Epoch [2/150], Total Loss: 1.1030, NLL: 1.0869, Masked: 16.1611
Epoch [3/150], Total Loss: 1.0736, NLL: 1.0582, Masked: 15.4372
Epoch [4/150], Total Loss: 1.0494, NLL: 1.0349, Masked: 14.5788
Epoch [5/150], Total Loss: 1.0315, NLL: 1.0174, Masked: 14.0742
Epoch [6/150], Total Loss: 1.0204, NLL: 1.0065, Masked: 13.8901
Epoch [7/150], Total Loss: 1.0073, NLL: 0.9937, Masked: 13.6690
Epoch [8/150], Total Loss: 0.9988, NLL: 0.9854, Masked: 13.4894
Epoch [9/150], Total Loss: 0.9942, NLL: 0.9808, Masked: 13.3830
Epoch [10/150], Total Loss: 0.9915, NLL: 0.9783, Masked: 13.2834
Epoch [11/150], Total Loss: 0.9897, NLL: 0.9764, Masked: 13.2498
Epoch [12/150], Total Loss: 0.9887, NLL: 0.9754, Masked: 13.2285
Epoch [13/150], Total Loss: 0.9866, NLL: 0.9734, Masked: 13.2013
Epoch [14/150], Total Loss: 0.9870, NLL: 0.9739, Masked: 13.1702
Epoch [15/150], Total Loss: 0.9865, NLL: 0.9733, Masked: 13.1451
Epoch [16/150], Total Loss: 0.9864, NLL: 0.9733, Masked: 13.1448
Epoch [17/150], Total Loss: 0.9865, NLL: 0.9733, Masked: 13.1512
Epoch [18/150], Total Loss: 0.9858, NLL: 0.9727, Masked: 13.1209
Epoch [19/150], Total Loss: 0.9856, NLL: 0.9724, Masked: 13.1434
Epoch [20/150], Total Loss: 0.9864, NLL: 0.9733, Masked: 13.1387
Epoch [21/150], Total Loss: 0.9861, NLL: 0.9730, Masked: 13.1248
Epoch [22/150], Total Loss: 0.9871, NLL: 0.9740, Masked: 13.1708
Epoch [23/150], Total Loss: 0.9860, NLL: 0.9729, Masked: 13.1401
Epoch [24/150], Total Loss: 0.9864, NLL: 0.9733, Masked: 13.1273
Epoch [25/150], Total Loss: 0.9861, NLL: 0.9730, Masked: 13.1293
Epoch [26/150], Total Loss: 0.9858, NLL: 0.9727, Masked: 13.1470
Epoch [27/150], Total Loss: 0.9858, NLL: 0.9727, Masked: 13.1352
Epoch [28/150], Total Loss: 0.9854, NLL: 0.9723, Masked: 13.1368
Epoch [29/150], Total Loss: 0.9859, NLL: 0.9728, Masked: 13.1462
Epoch [30/150], Total Loss: 0.9851, NLL: 0.9720, Masked: 13.1247
Epoch [31/150], Total Loss: 0.9854, NLL: 0.9723, Masked: 13.1274
Epoch [32/150], Total Loss: 0.9861, NLL: 0.9729, Masked: 13.1281
Epoch [33/150], Total Loss: 0.9854, NLL: 0.9723, Masked: 13.1510
Epoch [34/150], Total Loss: 0.9849, NLL: 0.9718, Masked: 13.1524
Epoch [35/150], Total Loss: 0.9848, NLL: 0.9717, Masked: 13.1333
Epoch [36/150], Total Loss: 0.9847, NLL: 0.9716, Masked: 13.1470
Epoch [37/150], Total Loss: 0.9845, NLL: 0.9714, Masked: 13.1140
Epoch [38/150], Total Loss: 0.9855, NLL: 0.9723, Masked: 13.1327
Epoch [39/150], Total Loss: 0.9847, NLL: 0.9715, Masked: 13.1592
Epoch [40/150], Total Loss: 0.9852, NLL: 0.9721, Masked: 13.1467
Epoch [41/150], Total Loss: 0.9847, NLL: 0.9716, Masked: 13.1527
Epoch [42/150], Total Loss: 0.9857, NLL: 0.9726, Masked: 13.1237
Epoch [43/150], Total Loss: 0.9847, NLL: 0.9716, Masked: 13.1107
Epoch [44/150], Total Loss: 0.9844, NLL: 0.9713, Masked: 13.1330
Epoch [45/150], Total Loss: 0.9849, NLL: 0.9718, Masked: 13.1493
Epoch [46/150], Total Loss: 0.9846, NLL: 0.9714, Masked: 13.1278
Epoch [47/150], Total Loss: 0.9848, NLL: 0.9717, Masked: 13.1392
Epoch [48/150], Total Loss: 0.9845, NLL: 0.9713, Masked: 13.1361
Epoch [49/150], Total Loss: 0.9852, NLL: 0.9720, Masked: 13.1309
Epoch [50/150], Total Loss: 0.9840, NLL: 0.9709, Masked: 13.1246
Epoch [51/150], Total Loss: 0.9838, NLL: 0.9707, Masked: 13.1059
Epoch [52/150], Total Loss: 0.9842, NLL: 0.9710, Masked: 13.1245
Epoch [53/150], Total Loss: 0.9833, NLL: 0.9701, Masked: 13.1176
Epoch [54/150], Total Loss: 0.9840, NLL: 0.9708, Masked: 13.1314
Epoch [55/150], Total Loss: 0.9849, NLL: 0.9718, Masked: 13.1377
Epoch [56/150], Total Loss: 0.9839, NLL: 0.9708, Masked: 13.1378
Epoch [57/150], Total Loss: 0.9838, NLL: 0.9707, Masked: 13.1209
Epoch [58/150], Total Loss: 0.9838, NLL: 0.9707, Masked: 13.1101
Epoch [59/150], Total Loss: 0.9833, NLL: 0.9702, Masked: 13.1355
Epoch [60/150], Total Loss: 0.9843, NLL: 0.9712, Masked: 13.1142
Epoch [61/150], Total Loss: 0.9836, NLL: 0.9705, Masked: 13.1153
Epoch [62/150], Total Loss: 0.9849, NLL: 0.9718, Masked: 13.1275
Epoch [63/150], Total Loss: 0.9836, NLL: 0.9704, Masked: 13.1328
Epoch [64/150], Total Loss: 0.9839, NLL: 0.9708, Masked: 13.1384
Epoch [65/150], Total Loss: 0.9825, NLL: 0.9694, Masked: 13.1199
Epoch [66/150], Total Loss: 0.9835, NLL: 0.9704, Masked: 13.1160
Epoch [67/150], Total Loss: 0.9829, NLL: 0.9698, Masked: 13.1048
Epoch [68/150], Total Loss: 0.9846, NLL: 0.9714, Masked: 13.1185
Epoch [69/150], Total Loss: 0.9840, NLL: 0.9709, Masked: 13.0952
Epoch [70/150], Total Loss: 0.9841, NLL: 0.9710, Masked: 13.0947
Epoch [71/150], Total Loss: 0.9825, NLL: 0.9694, Masked: 13.0861
Epoch [72/150], Total Loss: 0.9834, NLL: 0.9703, Masked: 13.1212
Epoch [73/150], Total Loss: 0.9823, NLL: 0.9693, Masked: 13.0813
Epoch [74/150], Total Loss: 0.9833, NLL: 0.9702, Masked: 13.1015
Epoch [75/150], Total Loss: 0.9820, NLL: 0.9689, Masked: 13.1129
Epoch [76/150], Total Loss: 0.9821, NLL: 0.9690, Masked: 13.1065
Epoch [77/150], Total Loss: 0.9818, NLL: 0.9687, Masked: 13.1176
Epoch [78/150], Total Loss: 0.9826, NLL: 0.9695, Masked: 13.1413
Epoch [79/150], Total Loss: 0.9823, NLL: 0.9692, Masked: 13.1266
Epoch [80/150], Total Loss: 0.9807, NLL: 0.9676, Masked: 13.1055
Epoch [81/150], Total Loss: 0.9816, NLL: 0.9685, Masked: 13.1428
Epoch [82/150], Total Loss: 0.9807, NLL: 0.9675, Masked: 13.1163
Epoch [83/150], Total Loss: 0.9823, NLL: 0.9692, Masked: 13.1278
Epoch [84/150], Total Loss: 0.9825, NLL: 0.9693, Masked: 13.1229
Epoch [85/150], Total Loss: 0.9813, NLL: 0.9682, Masked: 13.1404
Epoch [86/150], Total Loss: 0.9807, NLL: 0.9676, Masked: 13.1092
Epoch [87/150], Total Loss: 0.9821, NLL: 0.9689, Masked: 13.1353
Epoch [88/150], Total Loss: 0.9814, NLL: 0.9683, Masked: 13.1211
Epoch [89/150], Total Loss: 0.9811, NLL: 0.9680, Masked: 13.1355
Epoch [90/150], Total Loss: 0.9809, NLL: 0.9678, Masked: 13.1452
Epoch [91/150], Total Loss: 0.9816, NLL: 0.9685, Masked: 13.1363
Epoch [92/150], Total Loss: 0.9811, NLL: 0.9680, Masked: 13.1603
Epoch [93/150], Total Loss: 0.9812, NLL: 0.9681, Masked: 13.1333
Epoch [94/150], Total Loss: 0.9831, NLL: 0.9700, Masked: 13.1474
Epoch [95/150], Total Loss: 0.9814, NLL: 0.9683, Masked: 13.1310
Epoch [96/150], Total Loss: 0.9811, NLL: 0.9679, Masked: 13.1586
Epoch [97/150], Total Loss: 0.9812, NLL: 0.9681, Masked: 13.1495
Epoch [98/150], Total Loss: 0.9808, NLL: 0.9676, Masked: 13.1622
Epoch [99/150], Total Loss: 0.9812, NLL: 0.9680, Masked: 13.1670
Epoch [100/150], Total Loss: 0.9803, NLL: 0.9672, Masked: 13.1450
Epoch [101/150], Total Loss: 0.9805, NLL: 0.9673, Masked: 13.1288
Epoch [102/150], Total Loss: 0.9813, NLL: 0.9682, Masked: 13.1478
Epoch [103/150], Total Loss: 0.9808, NLL: 0.9676, Masked: 13.1419
Epoch [104/150], Total Loss: 0.9797, NLL: 0.9666, Masked: 13.1341
Epoch [105/150], Total Loss: 0.9804, NLL: 0.9673, Masked: 13.1612
Epoch [106/150], Total Loss: 0.9819, NLL: 0.9687, Masked: 13.1541
Epoch [107/150], Total Loss: 0.9811, NLL: 0.9680, Masked: 13.1536
Epoch [108/150], Total Loss: 0.9798, NLL: 0.9667, Masked: 13.1394
Epoch [109/150], Total Loss: 0.9807, NLL: 0.9676, Masked: 13.1455
Epoch [110/150], Total Loss: 0.9801, NLL: 0.9669, Masked: 13.1554
Epoch [111/150], Total Loss: 0.9808, NLL: 0.9677, Masked: 13.1387
Epoch [112/150], Total Loss: 0.9820, NLL: 0.9689, Masked: 13.1776
Epoch [113/150], Total Loss: 0.9821, NLL: 0.9689, Masked: 13.1560
Epoch [114/150], Total Loss: 0.9803, NLL: 0.9672, Masked: 13.1466
Epoch [115/150], Total Loss: 0.9810, NLL: 0.9678, Masked: 13.1512
Epoch [116/150], Total Loss: 0.9808, NLL: 0.9677, Masked: 13.1594
Epoch [117/150], Total Loss: 0.9810, NLL: 0.9678, Masked: 13.1614
Epoch [118/150], Total Loss: 0.9804, NLL: 0.9673, Masked: 13.1535
Epoch [119/150], Total Loss: 0.9817, NLL: 0.9685, Masked: 13.1678
Epoch [120/150], Total Loss: 0.9805, NLL: 0.9674, Masked: 13.1489
Epoch [121/150], Total Loss: 0.9797, NLL: 0.9665, Masked: 13.1584
Epoch [122/150], Total Loss: 0.9809, NLL: 0.9677, Masked: 13.1618
Epoch [123/150], Total Loss: 0.9813, NLL: 0.9681, Masked: 13.1674
Epoch [124/150], Total Loss: 0.9810, NLL: 0.9679, Masked: 13.1654
Epoch [125/150], Total Loss: 0.9812, NLL: 0.9681, Masked: 13.1623
Epoch [126/150], Total Loss: 0.9811, NLL: 0.9679, Masked: 13.1493
Epoch [127/150], Total Loss: 0.9812, NLL: 0.9680, Masked: 13.1553
Epoch [128/150], Total Loss: 0.9805, NLL: 0.9674, Masked: 13.1450
Epoch [129/150], Total Loss: 0.9814, NLL: 0.9683, Masked: 13.1544
Epoch [130/150], Total Loss: 0.9805, NLL: 0.9674, Masked: 13.1362
Epoch [131/150], Total Loss: 0.9820, NLL: 0.9688, Masked: 13.1872
Epoch [132/150], Total Loss: 0.9813, NLL: 0.9681, Masked: 13.1472
Epoch [133/150], Total Loss: 0.9808, NLL: 0.9676, Masked: 13.1526
Epoch [134/150], Total Loss: 0.9809, NLL: 0.9678, Masked: 13.1668
Epoch [135/150], Total Loss: 0.9810, NLL: 0.9679, Masked: 13.1684
Epoch [136/150], Total Loss: 0.9810, NLL: 0.9678, Masked: 13.1662
Epoch [137/150], Total Loss: 0.9810, NLL: 0.9678, Masked: 13.1703
Epoch [138/150], Total Loss: 0.9810, NLL: 0.9679, Masked: 13.1528
Epoch [139/150], Total Loss: 0.9811, NLL: 0.9680, Masked: 13.1570
Epoch [140/150], Total Loss: 0.9805, NLL: 0.9674, Masked: 13.1489
Epoch [141/150], Total Loss: 0.9800, NLL: 0.9668, Masked: 13.1411
Epoch [142/150], Total Loss: 0.9806, NLL: 0.9674, Masked: 13.1827
Epoch [143/150], Total Loss: 0.9800, NLL: 0.9669, Masked: 13.1442
Epoch [144/150], Total Loss: 0.9806, NLL: 0.9674, Masked: 13.1761
Epoch [145/150], Total Loss: 0.9806, NLL: 0.9674, Masked: 13.1549
Epoch [146/150], Total Loss: 0.9811, NLL: 0.9679, Masked: 13.1657
Epoch [147/150], Total Loss: 0.9804, NLL: 0.9673, Masked: 13.1570
Epoch [148/150], Total Loss: 0.9804, NLL: 0.9672, Masked: 13.1353
Epoch [149/150], Total Loss: 0.9803, NLL: 0.9672, Masked: 13.1509
Epoch [150/150], Total Loss: 0.9813, NLL: 0.9682, Masked: 13.1531

==================================================
EVALUATING ON TRAINING DATA
==================================================

==================================================
TEST RESULTS
==================================================
Total Loss: 0.954817
  - ZINB NLL: 0.941897
Total number of masked values: 876759
  - Number of values with pi >= 0.6893717035612563: 407135
  - Number of values with pi < 0.6893717035612563: 469624
  - Masked Reconstruction: 12.919956
Mean Absolute Error (MAE): 3.461311
R² Score: -0.054830
==================================================


==================================================
TEST RESULTS
==================================================
Total Loss: 0.947257
  - ZINB NLL: 0.933496
Total number of masked values: 506645
  - Number of values with pi >= 0.6893717035612563: 240036
  - Number of values with pi < 0.6893717035612563: 266609
  - Masked Reconstruction: 13.760846
Mean Absolute Error (MAE): 3.409841
R² Score: -0.055809
==================================================


>>> Optimizing zinb_nll on VALIDATION set: 0.933496
>>> Full validation metrics: {'total_loss': 0.9472566385032778, 'zinb_nll': 0.9334957909897997, 'mae': 3.409841299057007, 'r2': -0.05580902099609375, 'masked_loss': 13.760845769384312}

Iteration No: 91 ended. Search finished for the next optimal point.
Time taken: 685.0387
Function value obtained: 0.9335
Current minimum: 0.8266
Iteration No: 92 started. Searching for the next optimal point.

================================================================================
Trial with parameters:
  features: Centr_Nucl
  step_size: 0.4284634108351755
  bin_size: 1
  sample_fraction: 0.690742407328084
  moving_average: False
  first_layer_size_factor: 53
  num_layers: 5
  use_conv: True
  conv_channel: 16
  pool_size: 6
  kernel_size: 3
  epochs: 150
  batch_size: 64
  pi_threshold: 0.5272371664941445
  learning_rate: 2.7646004961443246e-05
  dropout_rate: 0.4614998519416261
  masked_recon_weight: 1.8030540036639988
  regularizer: none
  regularization_weight: 100.0
================================================================================

Creating datasets with:
  features: ['Centr', 'Nucl']
  bin_size: 1
  moving_average: False
  data_point_length: 2000 (from 2000)
  step_size: 856 (from fraction 0.4284634108351755)
  layers: [np.int64(848), np.int64(424), np.int64(212), np.int64(106), np.int64(53)] (first=848, num=5)
  stride: 1 (fixed), padding: same (fixed)


Clipping outliers using 95th percentile * 1.5...
strain_yTW001: Clipping values above 134.25 (P95=89.50). Clipped 27529/1193409 values (2.31%)
strain_FD: Clipping values above 71.92 (P95=47.94). Clipped 95791/4127807 values (2.32%)
strain_dnrp: Clipping values above 243.00 (P95=162.00). Clipped 25649/1119454 values (2.29%)
strain_yEK19: Clipping values above 77.10 (P95=51.40). Clipped 83713/3893623 values (2.15%)
strain_yEK23: Clipping values above 72.00 (P95=48.00). Clipped 86381/3558407 values (2.43%)
strain_yWT03a: Clipping values above 15.00 (P95=10.00). Clipped 10602/347679 values (3.05%)
strain_yWT04a: Clipping values above 58.50 (P95=39.00). Clipped 21095/725406 values (2.91%)
strain_ylic137: Clipping values above 142.50 (P95=95.00). Clipped 28746/1112684 values (2.58%)
Standardizing features: ['Centr', 'Nucl']
Column order in final array (Dataset/Chrom split): ['Value', 'Nucleosome_Distance', 'Centromere_Distance', 'Value_Raw', 'Size_Factor']
Removing 0 empty data points out of 63912
Column order in final array (Dataset/Chrom split): ['Value', 'Nucleosome_Distance', 'Centromere_Distance', 'Value_Raw', 'Size_Factor']
Removing 0 empty data points out of 24072
Column order in final array (Dataset/Chrom split): ['Value', 'Nucleosome_Distance', 'Centromere_Distance', 'Value_Raw', 'Size_Factor']
Removing 0 empty data points out of 24720
Datasets created:
  Train: (63912, 2000, 5), Val: (24072, 2000, 5), Test: (24720, 2000, 5)

Randomly sampled 44146/63912 samples (69.1%)
Applied denoising with 15.0% masking
Applied denoising with 15.0% masking
Applied denoising with 15.0% masking
Epoch [1/150], Total Loss: 30.3503, NLL: 1.5381, Masked: 15.9797
Epoch [2/150], Total Loss: 25.3315, NLL: 1.3056, Masked: 13.3251
Epoch [3/150], Total Loss: 24.9933, NLL: 1.2192, Masked: 13.1855
Epoch [4/150], Total Loss: 24.9951, NLL: 1.1877, Masked: 13.2039
Epoch [5/150], Total Loss: 24.9989, NLL: 1.1675, Masked: 13.2172
Epoch [6/150], Total Loss: 25.0543, NLL: 1.1431, Masked: 13.2615
Epoch [7/150], Total Loss: 25.0932, NLL: 1.1215, Masked: 13.2950
Epoch [8/150], Total Loss: 25.1483, NLL: 1.1023, Masked: 13.3363
Epoch [9/150], Total Loss: 25.1609, NLL: 1.0925, Masked: 13.3487
Epoch [10/150], Total Loss: 25.1942, NLL: 1.0712, Masked: 13.3790
Epoch [11/150], Total Loss: 25.2019, NLL: 1.0559, Masked: 13.3917
Epoch [12/150], Total Loss: 25.2461, NLL: 1.0413, Masked: 13.4244
Epoch [13/150], Total Loss: 25.2686, NLL: 1.0305, Masked: 13.4428
Epoch [14/150], Total Loss: 25.3146, NLL: 1.0221, Masked: 13.4730
Epoch [15/150], Total Loss: 25.3026, NLL: 1.0176, Masked: 13.4688
Epoch [16/150], Total Loss: 25.2900, NLL: 1.0145, Masked: 13.4635
Epoch [17/150], Total Loss: 25.3119, NLL: 1.0112, Masked: 13.4775
Epoch [18/150], Total Loss: 25.3003, NLL: 1.0075, Masked: 13.4731
Epoch [19/150], Total Loss: 25.3080, NLL: 1.0043, Masked: 13.4792
Epoch [20/150], Total Loss: 25.2964, NLL: 1.0026, Masked: 13.4737
Epoch [21/150], Total Loss: 25.2795, NLL: 1.0015, Masked: 13.4650
Epoch [22/150], Total Loss: 25.2973, NLL: 1.0004, Masked: 13.4754
Epoch [23/150], Total Loss: 25.2871, NLL: 0.9997, Masked: 13.4702
Epoch [24/150], Total Loss: 25.2827, NLL: 0.9988, Masked: 13.4682
Epoch [25/150], Total Loss: 25.2934, NLL: 0.9988, Masked: 13.4741
Epoch [26/150], Total Loss: 25.2902, NLL: 0.9978, Masked: 13.4729
Epoch [27/150], Total Loss: 25.2995, NLL: 0.9973, Masked: 13.4784
Epoch [28/150], Total Loss: 25.2949, NLL: 0.9963, Masked: 13.4764
Epoch [29/150], Total Loss: 25.2722, NLL: 0.9949, Masked: 13.4645
Epoch [30/150], Total Loss: 25.2831, NLL: 0.9918, Masked: 13.4723
Epoch [31/150], Total Loss: 25.2759, NLL: 0.9842, Masked: 13.4725
Epoch [32/150], Total Loss: 25.2787, NLL: 0.9805, Masked: 13.4761
Epoch [33/150], Total Loss: 25.2520, NLL: 0.9796, Masked: 13.4618
Epoch [34/150], Total Loss: 25.2433, NLL: 0.9787, Masked: 13.4575
Epoch [35/150], Total Loss: 25.2592, NLL: 0.9783, Masked: 13.4665
Epoch [36/150], Total Loss: 25.2608, NLL: 0.9785, Masked: 13.4673
Epoch [37/150], Total Loss: 25.2535, NLL: 0.9777, Masked: 13.4637
Epoch [38/150], Total Loss: 25.2502, NLL: 0.9778, Masked: 13.4618
Epoch [39/150], Total Loss: 25.2657, NLL: 0.9766, Masked: 13.4711
Epoch [40/150], Total Loss: 25.2380, NLL: 0.9765, Masked: 13.4558
Epoch [41/150], Total Loss: 25.2282, NLL: 0.9763, Masked: 13.4505
Epoch [42/150], Total Loss: 25.1947, NLL: 0.9795, Masked: 13.4301
Epoch [43/150], Total Loss: 25.1666, NLL: 0.9818, Masked: 13.4133
Epoch [44/150], Total Loss: 25.1059, NLL: 0.9868, Masked: 13.3768
Epoch [45/150], Total Loss: 25.0207, NLL: 0.9873, Masked: 13.3293
Epoch [46/150], Total Loss: 25.0081, NLL: 0.9878, Masked: 13.3220
Epoch [47/150], Total Loss: 24.9739, NLL: 0.9872, Masked: 13.3034
Epoch [48/150], Total Loss: 24.9419, NLL: 0.9869, Masked: 13.2858
Epoch [49/150], Total Loss: 24.8930, NLL: 0.9885, Masked: 13.2578
Epoch [50/150], Total Loss: 24.8686, NLL: 0.9871, Masked: 13.2450
Epoch [51/150], Total Loss: 24.8728, NLL: 0.9866, Masked: 13.2476
Epoch [52/150], Total Loss: 24.8416, NLL: 0.9864, Masked: 13.2305
Epoch [53/150], Total Loss: 24.7742, NLL: 0.9859, Masked: 13.1933
Epoch [54/150], Total Loss: 24.7916, NLL: 0.9861, Masked: 13.2029
Epoch [55/150], Total Loss: 24.7559, NLL: 0.9863, Masked: 13.1830
Epoch [56/150], Total Loss: 24.7717, NLL: 0.9854, Masked: 13.1922
Epoch [57/150], Total Loss: 24.7209, NLL: 0.9848, Masked: 13.1644
Epoch [58/150], Total Loss: 24.6713, NLL: 0.9852, Masked: 13.1367
Epoch [59/150], Total Loss: 24.6319, NLL: 0.9863, Masked: 13.1142
Epoch [60/150], Total Loss: 24.6513, NLL: 0.9855, Masked: 13.1254
Epoch [61/150], Total Loss: 24.6398, NLL: 0.9839, Masked: 13.1199
Epoch [62/150], Total Loss: 24.6023, NLL: 0.9850, Masked: 13.0985
Epoch [63/150], Total Loss: 24.5877, NLL: 0.9844, Masked: 13.0907
Epoch [64/150], Total Loss: 24.5959, NLL: 0.9844, Masked: 13.0953
Epoch [65/150], Total Loss: 24.5416, NLL: 0.9835, Masked: 13.0656
Epoch [66/150], Total Loss: 24.5478, NLL: 0.9832, Masked: 13.0692
Epoch [67/150], Total Loss: 24.5545, NLL: 0.9822, Masked: 13.0735
Epoch [68/150], Total Loss: 24.5100, NLL: 0.9825, Masked: 13.0487
Epoch [69/150], Total Loss: 24.4970, NLL: 0.9833, Masked: 13.0411
Epoch [70/150], Total Loss: 24.4921, NLL: 0.9815, Masked: 13.0393
Epoch [71/150], Total Loss: 24.4833, NLL: 0.9813, Masked: 13.0346
Epoch [72/150], Total Loss: 24.4781, NLL: 0.9808, Masked: 13.0319
Epoch [73/150], Total Loss: 24.4423, NLL: 0.9811, Masked: 13.0119
Epoch [74/150], Total Loss: 24.4457, NLL: 0.9805, Masked: 13.0142
Epoch [75/150], Total Loss: 24.4456, NLL: 0.9807, Masked: 13.0140
Epoch [76/150], Total Loss: 24.4217, NLL: 0.9814, Masked: 13.0004
Epoch [77/150], Total Loss: 24.4183, NLL: 0.9800, Masked: 12.9992
Epoch [78/150], Total Loss: 24.4465, NLL: 0.9796, Masked: 13.0151
Epoch [79/150], Total Loss: 24.3981, NLL: 0.9790, Masked: 12.9885
Epoch [80/150], Total Loss: 24.3777, NLL: 0.9795, Masked: 12.9770
Epoch [81/150], Total Loss: 24.3798, NLL: 0.9788, Masked: 12.9785
Epoch [82/150], Total Loss: 24.3861, NLL: 0.9778, Masked: 12.9826
Epoch [83/150], Total Loss: 24.3518, NLL: 0.9793, Masked: 12.9628
Epoch [84/150], Total Loss: 24.3439, NLL: 0.9781, Masked: 12.9590
Epoch [85/150], Total Loss: 24.3513, NLL: 0.9776, Masked: 12.9634
Epoch [86/150], Total Loss: 24.3386, NLL: 0.9777, Masked: 12.9563
Epoch [87/150], Total Loss: 24.4042, NLL: 0.9770, Masked: 12.9931
Epoch [88/150], Total Loss: 24.3554, NLL: 0.9766, Masked: 12.9663
Epoch [89/150], Total Loss: 24.3296, NLL: 0.9776, Masked: 12.9514
Epoch [90/150], Total Loss: 24.3439, NLL: 0.9770, Masked: 12.9596
Epoch [91/150], Total Loss: 24.3215, NLL: 0.9758, Masked: 12.9478
Epoch [92/150], Total Loss: 24.3300, NLL: 0.9768, Masked: 12.9520
Epoch [93/150], Total Loss: 24.2999, NLL: 0.9764, Masked: 12.9356
Epoch [94/150], Total Loss: 24.3048, NLL: 0.9761, Masked: 12.9384
Epoch [95/150], Total Loss: 24.3104, NLL: 0.9765, Masked: 12.9413
Epoch [96/150], Total Loss: 24.3502, NLL: 0.9752, Masked: 12.9641
Epoch [97/150], Total Loss: 24.2997, NLL: 0.9757, Masked: 12.9358
Epoch [98/150], Total Loss: 24.3220, NLL: 0.9749, Masked: 12.9486
Epoch [99/150], Total Loss: 24.2852, NLL: 0.9756, Masked: 12.9279
Epoch [100/150], Total Loss: 24.3290, NLL: 0.9756, Masked: 12.9521
Epoch [101/150], Total Loss: 24.3320, NLL: 0.9747, Masked: 12.9543
Epoch [102/150], Total Loss: 24.2734, NLL: 0.9748, Masked: 12.9218
Epoch [103/150], Total Loss: 24.3106, NLL: 0.9745, Masked: 12.9425
Epoch [104/150], Total Loss: 24.2943, NLL: 0.9748, Masked: 12.9334
Epoch [105/150], Total Loss: 24.2966, NLL: 0.9741, Masked: 12.9350
Epoch [106/150], Total Loss: 24.3064, NLL: 0.9743, Masked: 12.9403
Epoch [107/150], Total Loss: 24.2977, NLL: 0.9742, Masked: 12.9356
Epoch [108/150], Total Loss: 24.3062, NLL: 0.9749, Masked: 12.9399
Epoch [109/150], Total Loss: 24.3052, NLL: 0.9747, Masked: 12.9395
Epoch [110/150], Total Loss: 24.3057, NLL: 0.9737, Masked: 12.9403
Epoch [111/150], Total Loss: 24.2825, NLL: 0.9735, Masked: 12.9275
Epoch [112/150], Total Loss: 24.2794, NLL: 0.9738, Masked: 12.9256
Epoch [113/150], Total Loss: 24.2815, NLL: 0.9736, Masked: 12.9269
Epoch [114/150], Total Loss: 24.3214, NLL: 0.9729, Masked: 12.9494
Epoch [115/150], Total Loss: 24.2764, NLL: 0.9730, Masked: 12.9244
Epoch [116/150], Total Loss: 24.2485, NLL: 0.9730, Masked: 12.9090
Epoch [117/150], Total Loss: 24.2878, NLL: 0.9735, Masked: 12.9304
Epoch [118/150], Total Loss: 24.2489, NLL: 0.9736, Masked: 12.9088
Epoch [119/150], Total Loss: 24.2659, NLL: 0.9740, Masked: 12.9180
Epoch [120/150], Total Loss: 24.2787, NLL: 0.9730, Masked: 12.9257
Epoch [121/150], Total Loss: 24.2589, NLL: 0.9734, Masked: 12.9145
Epoch [122/150], Total Loss: 24.2684, NLL: 0.9728, Masked: 12.9201
Epoch [123/150], Total Loss: 24.2528, NLL: 0.9736, Masked: 12.9109
Epoch [124/150], Total Loss: 24.2668, NLL: 0.9730, Masked: 12.9190
Epoch [125/150], Total Loss: 24.2193, NLL: 0.9734, Masked: 12.8925
Epoch [126/150], Total Loss: 24.2400, NLL: 0.9730, Masked: 12.9042
Epoch [127/150], Total Loss: 24.2512, NLL: 0.9735, Masked: 12.9101
Epoch [128/150], Total Loss: 24.2523, NLL: 0.9723, Masked: 12.9114
Epoch [129/150], Total Loss: 24.2373, NLL: 0.9731, Masked: 12.9026
Epoch [130/150], Total Loss: 24.1897, NLL: 0.9734, Masked: 12.8761
Epoch [131/150], Total Loss: 24.2646, NLL: 0.9722, Masked: 12.9183
Epoch [132/150], Total Loss: 24.2254, NLL: 0.9724, Masked: 12.8965
Epoch [133/150], Total Loss: 24.2405, NLL: 0.9726, Masked: 12.9047
Epoch [134/150], Total Loss: 24.2324, NLL: 0.9724, Masked: 12.9003
Epoch [135/150], Total Loss: 24.2611, NLL: 0.9715, Masked: 12.9168
Epoch [136/150], Total Loss: 24.2293, NLL: 0.9723, Masked: 12.8987
Epoch [137/150], Total Loss: 24.2364, NLL: 0.9719, Masked: 12.9028
Epoch [138/150], Total Loss: 24.2009, NLL: 0.9723, Masked: 12.8829
Epoch [139/150], Total Loss: 24.2261, NLL: 0.9720, Masked: 12.8971
Epoch [140/150], Total Loss: 24.1889, NLL: 0.9721, Masked: 12.8764
Epoch [141/150], Total Loss: 24.2201, NLL: 0.9715, Masked: 12.8940
Epoch [142/150], Total Loss: 24.2259, NLL: 0.9725, Masked: 12.8967
Epoch [143/150], Total Loss: 24.2056, NLL: 0.9713, Masked: 12.8861
Epoch [144/150], Total Loss: 24.1884, NLL: 0.9715, Masked: 12.8764
Epoch [145/150], Total Loss: 24.1785, NLL: 0.9718, Masked: 12.8708
Epoch [146/150], Total Loss: 24.1969, NLL: 0.9722, Masked: 12.8807
Epoch [147/150], Total Loss: 24.2033, NLL: 0.9713, Masked: 12.8848
Epoch [148/150], Total Loss: 24.1830, NLL: 0.9710, Masked: 12.8737
Epoch [149/150], Total Loss: 24.1701, NLL: 0.9716, Masked: 12.8663
Epoch [150/150], Total Loss: 24.2279, NLL: 0.9711, Masked: 12.8985

==================================================
EVALUATING ON TRAINING DATA
==================================================

==================================================
TEST RESULTS
==================================================
Total Loss: 23.988767
  - ZINB NLL: 0.989283
Total number of masked values: 2171862
  - Number of values with pi >= 0.5272371664941445: 1519795
  - Number of values with pi < 0.5272371664941445: 652067
  - Masked Reconstruction: 12.755849
Mean Absolute Error (MAE): 2.395182
R² Score: 0.001628
==================================================


==================================================
TEST RESULTS
==================================================
Total Loss: 25.851905
  - ZINB NLL: 0.984696
Total number of masked values: 1179624
  - Number of values with pi >= 0.5272371664941445: 813310
  - Number of values with pi < 0.5272371664941445: 366314
  - Masked Reconstruction: 13.791716
Mean Absolute Error (MAE): 2.380108
R² Score: 0.000805
==================================================


>>> Optimizing zinb_nll on VALIDATION set: 0.984696
>>> Full validation metrics: {'total_loss': 25.851904795866307, 'zinb_nll': 0.9846958921830414, 'mae': 2.38010835647583, 'r2': 0.0008051395416259766, 'masked_loss': 13.791716246321258}

Iteration No: 92 ended. Search finished for the next optimal point.
Time taken: 1578.2689
Function value obtained: 0.9847
Current minimum: 0.8266
Iteration No: 93 started. Searching for the next optimal point.

================================================================================
Trial with parameters:
  features: Centr_Nucl
  step_size: 1.0
  bin_size: 1
  sample_fraction: 0.8978848641258971
  moving_average: True
  first_layer_size_factor: 96
  num_layers: 1
  use_conv: True
  conv_channel: 95
  pool_size: 3
  kernel_size: 3
  epochs: 57
  batch_size: 32
  pi_threshold: 0.6143938333687549
  learning_rate: 0.0005665337142466832
  dropout_rate: 0.2390269589191314
  masked_recon_weight: 0.05387853404162428
  regularizer: none
  regularization_weight: 13.743398093029866
================================================================================

Creating datasets with:
  features: ['Centr', 'Nucl']
  bin_size: 1
  moving_average: True
  data_point_length: 2000 (from 2000)
  step_size: 2000 (from fraction 1.0)
  layers: [np.int64(1536)] (first=1536, num=1)
  stride: 1 (fixed), padding: same (fixed)


Clipping outliers using 95th percentile * 1.5...
strain_yTW001: Clipping values above 134.25 (P95=89.50). Clipped 27529/1193409 values (2.31%)
strain_FD: Clipping values above 71.92 (P95=47.94). Clipped 95791/4127807 values (2.32%)
strain_dnrp: Clipping values above 243.00 (P95=162.00). Clipped 25649/1119454 values (2.29%)
strain_yEK19: Clipping values above 77.10 (P95=51.40). Clipped 83713/3893623 values (2.15%)
strain_yEK23: Clipping values above 72.00 (P95=48.00). Clipped 86381/3558407 values (2.43%)
strain_yWT03a: Clipping values above 15.00 (P95=10.00). Clipped 10602/347679 values (3.05%)
strain_yWT04a: Clipping values above 58.50 (P95=39.00). Clipped 21095/725406 values (2.91%)
strain_ylic137: Clipping values above 142.50 (P95=95.00). Clipped 28746/1112684 values (2.58%)
Standardizing features: ['Centr', 'Nucl']
Column order in final array (Dataset/Chrom split): ['Value', 'Nucleosome_Distance', 'Centromere_Distance', 'Value_Raw', 'Size_Factor']
Removing 0 empty data points out of 27424
Column order in final array (Dataset/Chrom split): ['Value', 'Nucleosome_Distance', 'Centromere_Distance', 'Value_Raw', 'Size_Factor']
Removing 0 empty data points out of 10328
Column order in final array (Dataset/Chrom split): ['Value', 'Nucleosome_Distance', 'Centromere_Distance', 'Value_Raw', 'Size_Factor']
Removing 0 empty data points out of 10608
Datasets created:
  Train: (27424, 2000, 5), Val: (10328, 2000, 5), Test: (10608, 2000, 5)

Randomly sampled 24623/27424 samples (89.8%)
Applied denoising with 15.0% masking
Applied denoising with 15.0% masking
Applied denoising with 15.0% masking
Epoch [1/57], Total Loss: 1.7728, NLL: 1.0225, Masked: 13.9242
Epoch [2/57], Total Loss: 1.6462, NLL: 0.9597, Masked: 12.7427
Epoch [3/57], Total Loss: 1.6230, NLL: 0.9462, Masked: 12.5616
Epoch [4/57], Total Loss: 1.6134, NLL: 0.9394, Masked: 12.5090
Epoch [5/57], Total Loss: 1.5997, NLL: 0.9323, Masked: 12.3862
Epoch [6/57], Total Loss: 1.5883, NLL: 0.9261, Masked: 12.2892
Epoch [7/57], Total Loss: 1.5844, NLL: 0.9235, Masked: 12.2663
Epoch [8/57], Total Loss: 1.5763, NLL: 0.9204, Masked: 12.1729
Epoch [9/57], Total Loss: 1.5710, NLL: 0.9178, Masked: 12.1247
Epoch [10/57], Total Loss: 1.5667, NLL: 0.9159, Masked: 12.0806
Epoch [11/57], Total Loss: 1.5621, NLL: 0.9139, Masked: 12.0293
Epoch [12/57], Total Loss: 1.5596, NLL: 0.9131, Masked: 11.9996
Epoch [13/57], Total Loss: 1.5580, NLL: 0.9119, Masked: 11.9912
Epoch [14/57], Total Loss: 1.5531, NLL: 0.9098, Masked: 11.9392
Epoch [15/57], Total Loss: 1.5514, NLL: 0.9085, Masked: 11.9328
Epoch [16/57], Total Loss: 1.5466, NLL: 0.9074, Masked: 11.8639
Epoch [17/57], Total Loss: 1.5437, NLL: 0.9065, Masked: 11.8254
Epoch [18/57], Total Loss: 1.5413, NLL: 0.9050, Masked: 11.8089
Epoch [19/57], Total Loss: 1.5388, NLL: 0.9036, Masked: 11.7908
Epoch [20/57], Total Loss: 1.5354, NLL: 0.9025, Masked: 11.7470
Epoch [21/57], Total Loss: 1.5310, NLL: 0.9009, Masked: 11.6934
Epoch [22/57], Total Loss: 1.5294, NLL: 0.8999, Masked: 11.6834
Epoch [23/57], Total Loss: 1.5260, NLL: 0.8996, Masked: 11.6259
Epoch [24/57], Total Loss: 1.5228, NLL: 0.8981, Masked: 11.5957
Epoch [25/57], Total Loss: 1.5202, NLL: 0.8967, Masked: 11.5708
Epoch [26/57], Total Loss: 1.5193, NLL: 0.8959, Masked: 11.5703
Epoch [27/57], Total Loss: 1.5144, NLL: 0.8949, Masked: 11.4987
Epoch [28/57], Total Loss: 1.5129, NLL: 0.8942, Masked: 11.4841
Epoch [29/57], Total Loss: 1.5086, NLL: 0.8934, Masked: 11.4183
Epoch [30/57], Total Loss: 1.5051, NLL: 0.8923, Masked: 11.3747
Epoch [31/57], Total Loss: 1.5066, NLL: 0.8919, Masked: 11.4088
Epoch [32/57], Total Loss: 1.5022, NLL: 0.8906, Masked: 11.3511
Epoch [33/57], Total Loss: 1.4992, NLL: 0.8910, Masked: 11.2886
Epoch [34/57], Total Loss: 1.4961, NLL: 0.8899, Masked: 11.2518
Epoch [35/57], Total Loss: 1.4940, NLL: 0.8894, Masked: 11.2215
Epoch [36/57], Total Loss: 1.4925, NLL: 0.8891, Masked: 11.1988
Epoch [37/57], Total Loss: 1.4912, NLL: 0.8887, Masked: 11.1840
Epoch [38/57], Total Loss: 1.4885, NLL: 0.8887, Masked: 11.1337
Epoch [39/57], Total Loss: 1.4880, NLL: 0.8884, Masked: 11.1290
Epoch [40/57], Total Loss: 1.4858, NLL: 0.8877, Masked: 11.1005
Epoch [41/57], Total Loss: 1.4836, NLL: 0.8874, Masked: 11.0658
Epoch [42/57], Total Loss: 1.4840, NLL: 0.8876, Masked: 11.0694
Epoch [43/57], Total Loss: 1.4810, NLL: 0.8869, Masked: 11.0265
Epoch [44/57], Total Loss: 1.4823, NLL: 0.8865, Masked: 11.0572
Epoch [45/57], Total Loss: 1.4793, NLL: 0.8868, Masked: 10.9963
Epoch [46/57], Total Loss: 1.4769, NLL: 0.8863, Masked: 10.9611
Epoch [47/57], Total Loss: 1.4758, NLL: 0.8861, Masked: 10.9461
Epoch [48/57], Total Loss: 1.4747, NLL: 0.8856, Masked: 10.9331
Epoch [49/57], Total Loss: 1.4733, NLL: 0.8853, Masked: 10.9134
Epoch [50/57], Total Loss: 1.4745, NLL: 0.8847, Masked: 10.9465
Epoch [51/57], Total Loss: 1.4719, NLL: 0.8852, Masked: 10.8880
Epoch [52/57], Total Loss: 1.4703, NLL: 0.8861, Masked: 10.8435
Epoch [53/57], Total Loss: 1.4677, NLL: 0.8841, Masked: 10.8316
Epoch [54/57], Total Loss: 1.4673, NLL: 0.8842, Masked: 10.8221
Epoch [55/57], Total Loss: 1.4650, NLL: 0.8840, Masked: 10.7839
Epoch [56/57], Total Loss: 1.4643, NLL: 0.8835, Masked: 10.7795
Epoch [57/57], Total Loss: 1.4631, NLL: 0.8832, Masked: 10.7627

==================================================
EVALUATING ON TRAINING DATA
==================================================

==================================================
TEST RESULTS
==================================================
Total Loss: 1.419216
  - ZINB NLL: 0.864793
Total number of masked values: 1208801
  - Number of values with pi >= 0.6143938333687549: 592024
  - Number of values with pi < 0.6143938333687549: 616777
  - Masked Reconstruction: 10.290234
Mean Absolute Error (MAE): 2.583657
R² Score: 0.076443
==================================================


==================================================
TEST RESULTS
==================================================
Total Loss: 1.599751
  - ZINB NLL: 0.881938
Total number of masked values: 506645
  - Number of values with pi >= 0.6143938333687549: 246164
  - Number of values with pi < 0.6143938333687549: 260481
  - Masked Reconstruction: 13.322807
Mean Absolute Error (MAE): 2.756175
R² Score: 0.054401
==================================================


>>> Optimizing zinb_nll on VALIDATION set: 0.881938
>>> Full validation metrics: {'total_loss': 1.5997509376472692, 'zinb_nll': 0.8819376113893079, 'mae': 2.7561750411987305, 'r2': 0.05440133810043335, 'masked_loss': 13.32280717535041}

Iteration No: 93 ended. Search finished for the next optimal point.
Time taken: 1544.9374
Function value obtained: 0.8819
Current minimum: 0.8266
Iteration No: 94 started. Searching for the next optimal point.

================================================================================
Trial with parameters:
  features: Centr_Nucl
  step_size: 0.26212809494345324
  bin_size: 1
  sample_fraction: 0.8037673199904874
  moving_average: True
  first_layer_size_factor: 108
  num_layers: 1
  use_conv: True
  conv_channel: 98
  pool_size: 8
  kernel_size: 9
  epochs: 100
  batch_size: 32
  pi_threshold: 0.5982992311074684
  learning_rate: 2.4613685733555645e-05
  dropout_rate: 0.3290394771161747
  masked_recon_weight: 0.01511335277185846
  regularizer: none
  regularization_weight: 100.0
================================================================================

Creating datasets with:
  features: ['Centr', 'Nucl']
  bin_size: 1
  moving_average: True
  data_point_length: 2000 (from 2000)
  step_size: 524 (from fraction 0.26212809494345324)
  layers: [np.int64(1728)] (first=1728, num=1)
  stride: 1 (fixed), padding: same (fixed)


Clipping outliers using 95th percentile * 1.5...
strain_yTW001: Clipping values above 134.25 (P95=89.50). Clipped 27529/1193409 values (2.31%)
strain_FD: Clipping values above 71.92 (P95=47.94). Clipped 95791/4127807 values (2.32%)
strain_dnrp: Clipping values above 243.00 (P95=162.00). Clipped 25649/1119454 values (2.29%)
strain_yEK19: Clipping values above 77.10 (P95=51.40). Clipped 83713/3893623 values (2.15%)
strain_yEK23: Clipping values above 72.00 (P95=48.00). Clipped 86381/3558407 values (2.43%)
strain_yWT03a: Clipping values above 15.00 (P95=10.00). Clipped 10602/347679 values (3.05%)
strain_yWT04a: Clipping values above 58.50 (P95=39.00). Clipped 21095/725406 values (2.91%)
strain_ylic137: Clipping values above 142.50 (P95=95.00). Clipped 28746/1112684 values (2.58%)
Standardizing features: ['Centr', 'Nucl']
Column order in final array (Dataset/Chrom split): ['Value', 'Nucleosome_Distance', 'Centromere_Distance', 'Value_Raw', 'Size_Factor']
Removing 0 empty data points out of 104344
Column order in final array (Dataset/Chrom split): ['Value', 'Nucleosome_Distance', 'Centromere_Distance', 'Value_Raw', 'Size_Factor']
Removing 0 empty data points out of 39304
Column order in final array (Dataset/Chrom split): ['Value', 'Nucleosome_Distance', 'Centromere_Distance', 'Value_Raw', 'Size_Factor']
Removing 0 empty data points out of 40352
Datasets created:
  Train: (104344, 2000, 5), Val: (39304, 2000, 5), Test: (40352, 2000, 5)

Randomly sampled 83868/104344 samples (80.4%)
Applied denoising with 15.0% masking
Applied denoising with 15.0% masking
Applied denoising with 15.0% masking
Epoch [1/100], Total Loss: 1.2167, NLL: 1.0116, Masked: 13.5700
Epoch [2/100], Total Loss: 1.1182, NLL: 0.9266, Masked: 12.6781
Epoch [3/100], Total Loss: 1.0962, NLL: 0.9093, Masked: 12.3658
Epoch [4/100], Total Loss: 1.0805, NLL: 0.8970, Masked: 12.1413
Epoch [5/100], Total Loss: 1.0710, NLL: 0.8895, Masked: 12.0051
Epoch [6/100], Total Loss: 1.0660, NLL: 0.8856, Masked: 11.9378
Epoch [7/100], Total Loss: 1.0614, NLL: 0.8820, Masked: 11.8722
Epoch [8/100], Total Loss: 1.0573, NLL: 0.8786, Masked: 11.8239
Epoch [9/100], Total Loss: 1.0531, NLL: 0.8752, Masked: 11.7677
Epoch [10/100], Total Loss: 1.0492, NLL: 0.8719, Masked: 11.7338
Epoch [11/100], Total Loss: 1.0453, NLL: 0.8689, Masked: 11.6727
Epoch [12/100], Total Loss: 1.0422, NLL: 0.8662, Masked: 11.6402
Epoch [13/100], Total Loss: 1.0391, NLL: 0.8637, Masked: 11.6080
Epoch [14/100], Total Loss: 1.0364, NLL: 0.8616, Masked: 11.5692
Epoch [15/100], Total Loss: 1.0342, NLL: 0.8598, Masked: 11.5391
Epoch [16/100], Total Loss: 1.0319, NLL: 0.8581, Masked: 11.4962
Epoch [17/100], Total Loss: 1.0300, NLL: 0.8567, Masked: 11.4632
Epoch [18/100], Total Loss: 1.0282, NLL: 0.8553, Masked: 11.4402
Epoch [19/100], Total Loss: 1.0268, NLL: 0.8542, Masked: 11.4196
Epoch [20/100], Total Loss: 1.0253, NLL: 0.8531, Masked: 11.3941
Epoch [21/100], Total Loss: 1.0241, NLL: 0.8522, Masked: 11.3745
Epoch [22/100], Total Loss: 1.0227, NLL: 0.8512, Masked: 11.3430
Epoch [23/100], Total Loss: 1.0214, NLL: 0.8504, Masked: 11.3186
Epoch [24/100], Total Loss: 1.0203, NLL: 0.8495, Masked: 11.2978
Epoch [25/100], Total Loss: 1.0191, NLL: 0.8487, Masked: 11.2722
Epoch [26/100], Total Loss: 1.0183, NLL: 0.8481, Masked: 11.2600
Epoch [27/100], Total Loss: 1.0172, NLL: 0.8474, Masked: 11.2338
Epoch [28/100], Total Loss: 1.0162, NLL: 0.8467, Masked: 11.2134
Epoch [29/100], Total Loss: 1.0151, NLL: 0.8461, Masked: 11.1863
Epoch [30/100], Total Loss: 1.0144, NLL: 0.8455, Masked: 11.1796
Epoch [31/100], Total Loss: 1.0134, NLL: 0.8448, Masked: 11.1542
Epoch [32/100], Total Loss: 1.0126, NLL: 0.8443, Masked: 11.1333
Epoch [33/100], Total Loss: 1.0117, NLL: 0.8438, Masked: 11.1148
Epoch [34/100], Total Loss: 1.0110, NLL: 0.8432, Masked: 11.1052
Epoch [35/100], Total Loss: 1.0102, NLL: 0.8427, Masked: 11.0860
Epoch [36/100], Total Loss: 1.0093, NLL: 0.8422, Masked: 11.0605
Epoch [37/100], Total Loss: 1.0087, NLL: 0.8417, Masked: 11.0489
Epoch [38/100], Total Loss: 1.0079, NLL: 0.8412, Masked: 11.0311
Epoch [39/100], Total Loss: 1.0074, NLL: 0.8408, Masked: 11.0213
Epoch [40/100], Total Loss: 1.0066, NLL: 0.8403, Masked: 11.0038
Epoch [41/100], Total Loss: 1.0058, NLL: 0.8398, Masked: 10.9828
Epoch [42/100], Total Loss: 1.0051, NLL: 0.8394, Masked: 10.9647
Epoch [43/100], Total Loss: 1.0047, NLL: 0.8390, Masked: 10.9603
Epoch [44/100], Total Loss: 1.0039, NLL: 0.8386, Masked: 10.9426
Epoch [45/100], Total Loss: 1.0036, NLL: 0.8382, Masked: 10.9452
Epoch [46/100], Total Loss: 1.0030, NLL: 0.8378, Masked: 10.9287
Epoch [47/100], Total Loss: 1.0023, NLL: 0.8374, Masked: 10.9116
Epoch [48/100], Total Loss: 1.0016, NLL: 0.8370, Masked: 10.8881
Epoch [49/100], Total Loss: 1.0010, NLL: 0.8366, Masked: 10.8769
Epoch [50/100], Total Loss: 1.0005, NLL: 0.8362, Masked: 10.8680
Epoch [51/100], Total Loss: 0.9998, NLL: 0.8359, Masked: 10.8499
Epoch [52/100], Total Loss: 0.9994, NLL: 0.8355, Masked: 10.8416
Epoch [53/100], Total Loss: 0.9991, NLL: 0.8352, Masked: 10.8405
Epoch [54/100], Total Loss: 0.9983, NLL: 0.8348, Masked: 10.8152
Epoch [55/100], Total Loss: 0.9976, NLL: 0.8344, Masked: 10.7973
Epoch [56/100], Total Loss: 0.9973, NLL: 0.8341, Masked: 10.7989
Epoch [57/100], Total Loss: 0.9969, NLL: 0.8338, Masked: 10.7884
Epoch [58/100], Total Loss: 0.9961, NLL: 0.8335, Masked: 10.7595
Epoch [59/100], Total Loss: 0.9958, NLL: 0.8332, Masked: 10.7613
Epoch [60/100], Total Loss: 0.9951, NLL: 0.8329, Masked: 10.7328
Epoch [61/100], Total Loss: 0.9944, NLL: 0.8325, Masked: 10.7155
Epoch [62/100], Total Loss: 0.9943, NLL: 0.8322, Masked: 10.7252
Epoch [63/100], Total Loss: 0.9935, NLL: 0.8318, Masked: 10.6993
Epoch [64/100], Total Loss: 0.9935, NLL: 0.8315, Masked: 10.7178
Epoch [65/100], Total Loss: 0.9925, NLL: 0.8312, Masked: 10.6740
Epoch [66/100], Total Loss: 0.9921, NLL: 0.8309, Masked: 10.6658
Epoch [67/100], Total Loss: 0.9918, NLL: 0.8306, Masked: 10.6640
Epoch [68/100], Total Loss: 0.9910, NLL: 0.8303, Masked: 10.6343
Epoch [69/100], Total Loss: 0.9908, NLL: 0.8300, Masked: 10.6381
Epoch [70/100], Total Loss: 0.9901, NLL: 0.8297, Masked: 10.6138
Epoch [71/100], Total Loss: 0.9897, NLL: 0.8294, Masked: 10.6027
Epoch [72/100], Total Loss: 0.9895, NLL: 0.8291, Masked: 10.6115
Epoch [73/100], Total Loss: 0.9891, NLL: 0.8289, Masked: 10.6003
Epoch [74/100], Total Loss: 0.9886, NLL: 0.8286, Masked: 10.5846
Epoch [75/100], Total Loss: 0.9880, NLL: 0.8283, Masked: 10.5651
Epoch [76/100], Total Loss: 0.9876, NLL: 0.8280, Masked: 10.5634
Epoch [77/100], Total Loss: 0.9876, NLL: 0.8278, Masked: 10.5731
Epoch [78/100], Total Loss: 0.9866, NLL: 0.8275, Masked: 10.5302
Epoch [79/100], Total Loss: 0.9862, NLL: 0.8271, Masked: 10.5256
Epoch [80/100], Total Loss: 0.9857, NLL: 0.8269, Masked: 10.5083
Epoch [81/100], Total Loss: 0.9853, NLL: 0.8266, Masked: 10.4994
Epoch [82/100], Total Loss: 0.9851, NLL: 0.8264, Masked: 10.4965
Epoch [83/100], Total Loss: 0.9845, NLL: 0.8261, Masked: 10.4774
Epoch [84/100], Total Loss: 0.9840, NLL: 0.8259, Masked: 10.4641
Epoch [85/100], Total Loss: 0.9838, NLL: 0.8256, Masked: 10.4682
Epoch [86/100], Total Loss: 0.9835, NLL: 0.8253, Masked: 10.4617
Epoch [87/100], Total Loss: 0.9830, NLL: 0.8251, Masked: 10.4452
Epoch [88/100], Total Loss: 0.9830, NLL: 0.8249, Masked: 10.4650
Epoch [89/100], Total Loss: 0.9821, NLL: 0.8246, Masked: 10.4220
Epoch [90/100], Total Loss: 0.9815, NLL: 0.8243, Masked: 10.4016
Epoch [91/100], Total Loss: 0.9813, NLL: 0.8241, Masked: 10.3987
Epoch [92/100], Total Loss: 0.9808, NLL: 0.8238, Masked: 10.3916
Epoch [93/100], Total Loss: 0.9804, NLL: 0.8235, Masked: 10.3792
Epoch [94/100], Total Loss: 0.9801, NLL: 0.8234, Masked: 10.3701
Epoch [95/100], Total Loss: 0.9795, NLL: 0.8231, Masked: 10.3504
Epoch [96/100], Total Loss: 0.9794, NLL: 0.8228, Masked: 10.3573
Epoch [97/100], Total Loss: 0.9787, NLL: 0.8226, Masked: 10.3288
Epoch [98/100], Total Loss: 0.9786, NLL: 0.8224, Masked: 10.3363
Epoch [99/100], Total Loss: 0.9783, NLL: 0.8221, Masked: 10.3332
Epoch [100/100], Total Loss: 0.9780, NLL: 0.8219, Masked: 10.3256

==================================================
EVALUATING ON TRAINING DATA
==================================================

==================================================
TEST RESULTS
==================================================
Total Loss: 0.952372
  - ZINB NLL: 0.804959
Total number of masked values: 4124607
  - Number of values with pi >= 0.5982992311074684: 1940632
  - Number of values with pi < 0.5982992311074684: 2183975
  - Masked Reconstruction: 9.753769
Mean Absolute Error (MAE): 2.517930
R² Score: 0.221608
==================================================


==================================================
TEST RESULTS
==================================================
Total Loss: 1.031067
  - ZINB NLL: 0.828915
Total number of masked values: 1924243
  - Number of values with pi >= 0.5982992311074684: 931212
  - Number of values with pi < 0.5982992311074684: 993031
  - Masked Reconstruction: 13.375725
Mean Absolute Error (MAE): 2.687222
R² Score: 0.124777
==================================================


>>> Optimizing zinb_nll on VALIDATION set: 0.828915
>>> Full validation metrics: {'total_loss': 1.0310667777726297, 'zinb_nll': 0.8289147345252516, 'mae': 2.6872217655181885, 'r2': 0.12477660179138184, 'masked_loss': 13.37572452819641}

Iteration No: 94 ended. Search finished for the next optimal point.
Time taken: 3982.3280
Function value obtained: 0.8289
Current minimum: 0.8266
Iteration No: 95 started. Searching for the next optimal point.

================================================================================
Trial with parameters:
  features: Nucl
  step_size: 0.505774838027907
  bin_size: 1
  sample_fraction: 0.8599343625933679
  moving_average: False
  first_layer_size_factor: 59
  num_layers: 1
  use_conv: True
  conv_channel: 83
  pool_size: 3
  kernel_size: 5
  epochs: 68
  batch_size: 64
  pi_threshold: 0.6401452205671803
  learning_rate: 2.4064247699223978e-05
  dropout_rate: 0.16247304989081152
  masked_recon_weight: 0.006558537858542402
  regularizer: none
  regularization_weight: 59.97363512455222
================================================================================

Creating datasets with:
  features: ['Nucl']
  bin_size: 1
  moving_average: False
  data_point_length: 2000 (from 2000)
  step_size: 1011 (from fraction 0.505774838027907)
  layers: [np.int64(944)] (first=944, num=1)
  stride: 1 (fixed), padding: same (fixed)


Clipping outliers using 95th percentile * 1.5...
strain_yTW001: Clipping values above 134.25 (P95=89.50). Clipped 27529/1193409 values (2.31%)
strain_FD: Clipping values above 71.92 (P95=47.94). Clipped 95791/4127807 values (2.32%)
strain_dnrp: Clipping values above 243.00 (P95=162.00). Clipped 25649/1119454 values (2.29%)
strain_yEK19: Clipping values above 77.10 (P95=51.40). Clipped 83713/3893623 values (2.15%)
strain_yEK23: Clipping values above 72.00 (P95=48.00). Clipped 86381/3558407 values (2.43%)
strain_yWT03a: Clipping values above 15.00 (P95=10.00). Clipped 10602/347679 values (3.05%)
strain_yWT04a: Clipping values above 58.50 (P95=39.00). Clipped 21095/725406 values (2.91%)
strain_ylic137: Clipping values above 142.50 (P95=95.00). Clipped 28746/1112684 values (2.58%)
Standardizing features: ['Nucl']
Column order in final array (Dataset/Chrom split): ['Value', 'Nucleosome_Distance', 'Value_Raw', 'Size_Factor']
Removing 0 empty data points out of 54128
Column order in final array (Dataset/Chrom split): ['Value', 'Nucleosome_Distance', 'Value_Raw', 'Size_Factor']
Removing 0 empty data points out of 20392
Column order in final array (Dataset/Chrom split): ['Value', 'Nucleosome_Distance', 'Value_Raw', 'Size_Factor']
Removing 0 empty data points out of 20944
Datasets created:
  Train: (54128, 2000, 4), Val: (20392, 2000, 4), Test: (20944, 2000, 4)

Randomly sampled 46546/54128 samples (86.0%)
Applied denoising with 15.0% masking
Applied denoising with 15.0% masking
Applied denoising with 15.0% masking
Epoch [1/68], Total Loss: 1.1613, NLL: 1.0694, Masked: 14.0130
Epoch [2/68], Total Loss: 1.0754, NLL: 0.9864, Masked: 13.5717
Epoch [3/68], Total Loss: 1.0329, NLL: 0.9470, Masked: 13.1026
Epoch [4/68], Total Loss: 1.0109, NLL: 0.9275, Masked: 12.7143
Epoch [5/68], Total Loss: 1.0018, NLL: 0.9194, Masked: 12.5685
Epoch [6/68], Total Loss: 0.9950, NLL: 0.9133, Masked: 12.4549
Epoch [7/68], Total Loss: 0.9885, NLL: 0.9075, Masked: 12.3457
Epoch [8/68], Total Loss: 0.9821, NLL: 0.9018, Masked: 12.2410
Epoch [9/68], Total Loss: 0.9757, NLL: 0.8963, Masked: 12.1111
Epoch [10/68], Total Loss: 0.9705, NLL: 0.8915, Masked: 12.0345
Epoch [11/68], Total Loss: 0.9662, NLL: 0.8879, Masked: 11.9514
Epoch [12/68], Total Loss: 0.9632, NLL: 0.8851, Masked: 11.9059
Epoch [13/68], Total Loss: 0.9607, NLL: 0.8829, Masked: 11.8637
Epoch [14/68], Total Loss: 0.9586, NLL: 0.8811, Masked: 11.8197
Epoch [15/68], Total Loss: 0.9566, NLL: 0.8793, Masked: 11.7867
