Device: cuda

================================================================================
Resuming from checkpoint: AE/results/bayesian_optimization/checkpoints/checkpoint_zinb_nll_20260213_115730.pkl
================================================================================

Loaded 109 previous trials
Best score so far: 0.604594

Adjusting n_calls: 150 total - 109 completed = 41 remaining


################################################################################
# Starting Bayesian Hyperparameter Optimization
# Optimizing metric: zinb_nll on VALIDATION set
# Resuming with 109 previous trials
# Running 41 additional trials
# Initial random points: 20
# Random state: 42
# Parallel jobs: 1
# Checkpoint will be saved to: AE/results/bayesian_optimization/checkpoints/checkpoint_zinb_nll_20260215_111545.pkl
################################################################################

Iteration No: 1 started. Evaluating function at random point.
Iteration No: 1 ended. Evaluation done at random point.
Time taken: 0.0021
Function value obtained: 0.6350
Current minimum: 0.6046
Iteration No: 2 started. Evaluating function at random point.

================================================================================
Trial with parameters:
  features: Nucl
  data_point_length: 1325
  step_size: 0.8347682502045771
  bin_size: 60
  sample_fraction: 0.5843745646401934
  moving_average: True
  first_layer_size_factor: 71
  num_layers: 2
  use_conv: True
  conv_channel: 89
  pool_size: 2
  kernel_size: 7
  epochs: 143
  batch_size: 32
  pi_threshold: 0.6968846237164871
  learning_rate: 0.0007119418600172992
  dropout_rate: 0.3058265802441405
  masked_recon_weight: 0.0010672476836323717
  regularizer: l1
  regularization_weight: 0.04714358681860233
================================================================================

Creating datasets with:
  features: ['Nucl']
  bin_size: 60
  moving_average: True
  data_point_length: 1325 (from 1325)
  step_size: 1106 (from fraction 0.8347682502045771)
  layers: [np.int64(1136), np.int64(568)] (first=1136, num=2)
  stride: 1 (fixed), padding: same (fixed)


Clipping outliers using 95th percentile * 1.5...
strain_yTW001: Clipping values above 134.25 (P95=89.50). Clipped 27529/1193409 values (2.31%)
strain_FD: Clipping values above 71.92 (P95=47.94). Clipped 95791/4127807 values (2.32%)
strain_dnrp: Clipping values above 243.00 (P95=162.00). Clipped 25649/1119454 values (2.29%)
strain_yEK19: Clipping values above 77.10 (P95=51.40). Clipped 83713/3893623 values (2.15%)
strain_yEK23: Clipping values above 72.00 (P95=48.00). Clipped 86381/3558407 values (2.43%)
strain_yWT03a: Clipping values above 15.00 (P95=10.00). Clipped 10602/347679 values (3.05%)
strain_yWT04a: Clipping values above 58.50 (P95=39.00). Clipped 21095/725406 values (2.91%)
strain_ylic137: Clipping values above 142.50 (P95=95.00). Clipped 28746/1112684 values (2.58%)
Standardizing features: ['Nucl']
Column order in final array (Dataset/Chrom split): ['Value', 'Nucleosome_Distance', 'Value_Raw', 'Size_Factor']
Removing 0 empty data points out of 52976
Column order in final array (Dataset/Chrom split): ['Value', 'Nucleosome_Distance', 'Value_Raw', 'Size_Factor']
Removing 0 empty data points out of 18296
Column order in final array (Dataset/Chrom split): ['Value', 'Nucleosome_Distance', 'Value_Raw', 'Size_Factor']
Removing 0 empty data points out of 16072
Datasets created:
  Train: (52976, 1325, 4), Val: (18296, 1325, 4), Test: (16072, 1325, 4)

Randomly sampled 30957/52976 samples (58.4%)
Applied denoising with 15.0% masking
Applied denoising with 15.0% masking
Applied denoising with 15.0% masking
Epoch [1/143], Total Loss: 492.2816, NLL: 3.1510, Masked: 27.5564, Reg: 489.101271
Epoch [2/143], Total Loss: 389.2236, NLL: 3.2376, Masked: 27.5565, Reg: 385.956615
Epoch [3/143], Total Loss: 346.5773, NLL: 3.4066, Masked: 27.5566, Reg: 343.141276
Epoch [4/143], Total Loss: 329.0351, NLL: 3.5020, Masked: 27.5538, Reg: 325.503720
Epoch [5/143], Total Loss: 328.9660, NLL: 3.5020, Masked: 27.5530, Reg: 325.434663
Epoch [6/143], Total Loss: 328.9732, NLL: 3.5020, Masked: 27.5594, Reg: 325.441765
Epoch [7/143], Total Loss: 328.9461, NLL: 3.5020, Masked: 27.5555, Reg: 325.414683
Epoch [8/143], Total Loss: 328.9145, NLL: 3.5020, Masked: 27.5543, Reg: 325.383165
Epoch [9/143], Total Loss: 328.8786, NLL: 3.5020, Masked: 27.5530, Reg: 325.347270
Epoch [10/143], Total Loss: 328.8406, NLL: 3.5020, Masked: 27.5559, Reg: 325.309227
Epoch [11/143], Total Loss: 328.8222, NLL: 3.5020, Masked: 27.5554, Reg: 325.290844
Epoch [12/143], Total Loss: 328.8496, NLL: 3.5020, Masked: 27.5473, Reg: 325.318229
Epoch [13/143], Total Loss: 328.7879, NLL: 3.5020, Masked: 27.5566, Reg: 325.256536
Epoch [14/143], Total Loss: 328.7402, NLL: 3.5020, Masked: 27.5582, Reg: 325.208845
Epoch [15/143], Total Loss: 328.7769, NLL: 3.5020, Masked: 27.5550, Reg: 325.245529
Epoch [16/143], Total Loss: 328.7226, NLL: 3.5020, Masked: 27.5584, Reg: 325.191260
Epoch [17/143], Total Loss: 328.7020, NLL: 3.5020, Masked: 27.5571, Reg: 325.170654
Epoch [18/143], Total Loss: 328.6660, NLL: 3.5020, Masked: 27.5551, Reg: 325.134594
Epoch [19/143], Total Loss: 328.6994, NLL: 3.5020, Masked: 27.5529, Reg: 325.168046
Epoch [20/143], Total Loss: 328.6231, NLL: 3.5020, Masked: 27.5578, Reg: 325.091726
Epoch [21/143], Total Loss: 328.6462, NLL: 3.5020, Masked: 27.5494, Reg: 325.114796
Epoch [22/143], Total Loss: 328.6473, NLL: 3.5020, Masked: 27.5607, Reg: 325.115866
Epoch [23/143], Total Loss: 328.5675, NLL: 3.5020, Masked: 27.5534, Reg: 325.036110
Epoch [24/143], Total Loss: 328.6166, NLL: 3.5020, Masked: 27.5552, Reg: 325.085172
Epoch [25/143], Total Loss: 328.5582, NLL: 3.5020, Masked: 27.5574, Reg: 325.026829
Epoch [26/143], Total Loss: 328.5237, NLL: 3.5020, Masked: 27.5569, Reg: 324.992344
Epoch [27/143], Total Loss: 328.5535, NLL: 3.5020, Masked: 27.5584, Reg: 325.022162
Epoch [28/143], Total Loss: 328.5319, NLL: 3.5020, Masked: 27.5592, Reg: 325.000465
Epoch [29/143], Total Loss: 328.5232, NLL: 3.5020, Masked: 27.5560, Reg: 324.991773
Epoch [30/143], Total Loss: 328.4539, NLL: 3.5020, Masked: 27.5556, Reg: 324.922530
Epoch [31/143], Total Loss: 328.4958, NLL: 3.5020, Masked: 27.5613, Reg: 324.964393
Epoch [32/143], Total Loss: 328.4663, NLL: 3.5020, Masked: 27.5492, Reg: 324.934884
Epoch [33/143], Total Loss: 328.4418, NLL: 3.5020, Masked: 27.5555, Reg: 324.910449
Epoch [34/143], Total Loss: 328.4488, NLL: 3.5020, Masked: 27.5615, Reg: 324.917451
Epoch [35/143], Total Loss: 328.3841, NLL: 3.5020, Masked: 27.5546, Reg: 324.852695
Epoch [36/143], Total Loss: 328.4429, NLL: 3.5020, Masked: 27.5564, Reg: 324.911563
Epoch [37/143], Total Loss: 328.3693, NLL: 3.5020, Masked: 27.5532, Reg: 324.837939
Epoch [38/143], Total Loss: 328.3954, NLL: 3.5020, Masked: 27.5538, Reg: 324.864014
Epoch [39/143], Total Loss: 328.3903, NLL: 3.5020, Masked: 27.5631, Reg: 324.858891
Epoch [40/143], Total Loss: 328.3369, NLL: 3.5020, Masked: 27.5557, Reg: 324.805488
Epoch [41/143], Total Loss: 328.3264, NLL: 3.5020, Masked: 27.5548, Reg: 324.795055
Epoch [42/143], Total Loss: 328.3685, NLL: 3.5020, Masked: 27.5561, Reg: 324.837145
Epoch [43/143], Total Loss: 328.3627, NLL: 3.5020, Masked: 27.5577, Reg: 324.831354
Epoch [44/143], Total Loss: 328.2713, NLL: 3.5020, Masked: 27.5591, Reg: 324.739919
Epoch [45/143], Total Loss: 328.2923, NLL: 3.5020, Masked: 27.5591, Reg: 324.760933
Epoch [46/143], Total Loss: 328.3182, NLL: 3.5020, Masked: 27.5605, Reg: 324.786856
Epoch [47/143], Total Loss: 328.2800, NLL: 3.5020, Masked: 27.5513, Reg: 324.748589
Epoch [48/143], Total Loss: 328.2693, NLL: 3.5020, Masked: 27.5532, Reg: 324.737878
Epoch [49/143], Total Loss: 328.2685, NLL: 3.5020, Masked: 27.5556, Reg: 324.737101
Epoch [50/143], Total Loss: 328.2542, NLL: 3.5020, Masked: 27.5548, Reg: 324.722809
Epoch [51/143], Total Loss: 328.2301, NLL: 3.5020, Masked: 27.5545, Reg: 324.698701
Epoch [52/143], Total Loss: 328.2433, NLL: 3.5020, Masked: 27.5543, Reg: 324.711887
Epoch [53/143], Total Loss: 328.2105, NLL: 3.5020, Masked: 27.5560, Reg: 324.679155
Epoch [54/143], Total Loss: 328.2325, NLL: 3.5020, Masked: 27.5545, Reg: 324.701123
Epoch [55/143], Total Loss: 328.1729, NLL: 3.5020, Masked: 27.5576, Reg: 324.641465
Epoch [56/143], Total Loss: 328.1609, NLL: 3.5020, Masked: 27.5612, Reg: 324.629543
Epoch [57/143], Total Loss: 328.2535, NLL: 3.5020, Masked: 27.5606, Reg: 324.722117
Epoch [58/143], Total Loss: 328.1421, NLL: 3.5020, Masked: 27.5565, Reg: 324.610714
Epoch [59/143], Total Loss: 328.1581, NLL: 3.5020, Masked: 27.5557, Reg: 324.626670
Epoch [60/143], Total Loss: 328.1310, NLL: 3.5020, Masked: 27.5602, Reg: 324.599610
Epoch [61/143], Total Loss: 328.1778, NLL: 3.5020, Masked: 27.5549, Reg: 324.646450
Epoch [62/143], Total Loss: 328.1178, NLL: 3.5020, Masked: 27.5562, Reg: 324.586418
Epoch [63/143], Total Loss: 328.1114, NLL: 3.5020, Masked: 27.5562, Reg: 324.580048
Epoch [64/143], Total Loss: 328.1649, NLL: 3.5020, Masked: 27.5520, Reg: 324.633552
Epoch [65/143], Total Loss: 328.0627, NLL: 3.5020, Masked: 27.5597, Reg: 324.531355
Epoch [66/143], Total Loss: 328.1188, NLL: 3.5020, Masked: 27.5610, Reg: 324.587376
Epoch [67/143], Total Loss: 328.1032, NLL: 3.5020, Masked: 27.5558, Reg: 324.571851
Epoch [68/143], Total Loss: 328.0631, NLL: 3.5020, Masked: 27.5530, Reg: 324.531713
Epoch [69/143], Total Loss: 328.0953, NLL: 3.5020, Masked: 27.5547, Reg: 324.563958
Epoch [70/143], Total Loss: 328.0422, NLL: 3.5020, Masked: 27.5541, Reg: 324.510792
Epoch [71/143], Total Loss: 328.0510, NLL: 3.5020, Masked: 27.5528, Reg: 324.519640
Epoch [72/143], Total Loss: 328.0474, NLL: 3.5020, Masked: 27.5567, Reg: 324.516002
Epoch [73/143], Total Loss: 328.0473, NLL: 3.5020, Masked: 27.5570, Reg: 324.515867
Epoch [74/143], Total Loss: 328.0337, NLL: 3.5020, Masked: 27.5526, Reg: 324.502335
Epoch [75/143], Total Loss: 328.0052, NLL: 3.5020, Masked: 27.5563, Reg: 324.473814
Epoch [76/143], Total Loss: 328.0285, NLL: 3.5020, Masked: 27.5535, Reg: 324.497149
Epoch [77/143], Total Loss: 327.9974, NLL: 3.5020, Masked: 27.5557, Reg: 324.466045
Epoch [78/143], Total Loss: 328.0263, NLL: 3.5020, Masked: 27.5619, Reg: 324.494871
Epoch [79/143], Total Loss: 327.9874, NLL: 3.5020, Masked: 27.5570, Reg: 324.455981
Epoch [80/143], Total Loss: 327.9706, NLL: 3.5020, Masked: 27.5538, Reg: 324.439208
Epoch [81/143], Total Loss: 327.9674, NLL: 3.5020, Masked: 27.5568, Reg: 324.435975
Epoch [82/143], Total Loss: 327.9865, NLL: 3.5020, Masked: 27.5511, Reg: 324.455137
Epoch [83/143], Total Loss: 327.9482, NLL: 3.5020, Masked: 27.5539, Reg: 324.416844
Epoch [84/143], Total Loss: 327.9893, NLL: 3.5020, Masked: 27.5581, Reg: 324.457902
Epoch [85/143], Total Loss: 327.9476, NLL: 3.5020, Masked: 27.5606, Reg: 324.416220
Epoch [86/143], Total Loss: 327.8919, NLL: 3.5020, Masked: 27.5619, Reg: 324.360478
Epoch [87/143], Total Loss: 327.9832, NLL: 3.5020, Masked: 27.5514, Reg: 324.451791
Epoch [88/143], Total Loss: 327.9434, NLL: 3.5020, Masked: 27.5577, Reg: 324.412059
Epoch [89/143], Total Loss: 327.9128, NLL: 3.5020, Masked: 27.5557, Reg: 324.381466
Epoch [90/143], Total Loss: 327.8928, NLL: 3.5020, Masked: 27.5590, Reg: 324.361443
Epoch [91/143], Total Loss: 327.9299, NLL: 3.5020, Masked: 27.5560, Reg: 324.398475
Epoch [92/143], Total Loss: 327.9353, NLL: 3.5020, Masked: 27.5559, Reg: 324.403879
Epoch [93/143], Total Loss: 327.8796, NLL: 3.5020, Masked: 27.5568, Reg: 324.348183
Epoch [94/143], Total Loss: 327.9033, NLL: 3.5020, Masked: 27.5602, Reg: 324.371946
Epoch [95/143], Total Loss: 327.8793, NLL: 3.5020, Masked: 27.5609, Reg: 324.347911
Epoch [96/143], Total Loss: 327.8871, NLL: 3.5020, Masked: 27.5609, Reg: 324.355674
Epoch [97/143], Total Loss: 327.8839, NLL: 3.5020, Masked: 27.5536, Reg: 324.352487
Epoch [98/143], Total Loss: 327.8477, NLL: 3.5020, Masked: 27.5555, Reg: 324.316364
Epoch [99/143], Total Loss: 327.9175, NLL: 3.5020, Masked: 27.5609, Reg: 324.386160
Epoch [100/143], Total Loss: 327.8058, NLL: 3.5020, Masked: 27.5574, Reg: 324.274407
Epoch [101/143], Total Loss: 327.8373, NLL: 3.5020, Masked: 27.5586, Reg: 324.305925
Epoch [102/143], Total Loss: 327.8900, NLL: 3.5020, Masked: 27.5521, Reg: 324.358642
Epoch [103/143], Total Loss: 327.8471, NLL: 3.5020, Masked: 27.5548, Reg: 324.315681
Epoch [104/143], Total Loss: 327.8195, NLL: 3.5020, Masked: 27.5493, Reg: 324.288138
Epoch [105/143], Total Loss: 327.8140, NLL: 3.5020, Masked: 27.5605, Reg: 324.282622
Epoch [106/143], Total Loss: 327.8784, NLL: 3.5020, Masked: 27.5567, Reg: 324.347055
Epoch [107/143], Total Loss: 327.7729, NLL: 3.5020, Masked: 27.5602, Reg: 324.241502
Epoch [108/143], Total Loss: 327.8185, NLL: 3.5020, Masked: 27.5584, Reg: 324.287108
Epoch [109/143], Total Loss: 327.8209, NLL: 3.5020, Masked: 27.5543, Reg: 324.289548
Epoch [110/143], Total Loss: 327.7873, NLL: 3.5020, Masked: 27.5575, Reg: 324.255951
Epoch [111/143], Total Loss: 327.8022, NLL: 3.5020, Masked: 27.5573, Reg: 324.270801
Epoch [112/143], Total Loss: 327.7910, NLL: 3.5020, Masked: 27.5603, Reg: 324.259625
Epoch [113/143], Total Loss: 327.7934, NLL: 3.5020, Masked: 27.5531, Reg: 324.262003
Epoch [114/143], Total Loss: 327.7909, NLL: 3.5020, Masked: 27.5581, Reg: 324.259519
Epoch [115/143], Total Loss: 327.7530, NLL: 3.5020, Masked: 27.5605, Reg: 324.221659
Epoch [116/143], Total Loss: 327.7429, NLL: 3.5020, Masked: 27.5565, Reg: 324.211488
Epoch [117/143], Total Loss: 327.7682, NLL: 3.5020, Masked: 27.5586, Reg: 324.236792
Epoch [118/143], Total Loss: 327.7740, NLL: 3.5020, Masked: 27.5589, Reg: 324.242602
Epoch [119/143], Total Loss: 327.7375, NLL: 3.5020, Masked: 27.5610, Reg: 324.206079
Epoch [120/143], Total Loss: 327.7520, NLL: 3.5020, Masked: 27.5592, Reg: 324.220565
Epoch [121/143], Total Loss: 327.7185, NLL: 3.5020, Masked: 27.5559, Reg: 324.187141
Epoch [122/143], Total Loss: 327.7199, NLL: 3.5020, Masked: 27.5568, Reg: 324.188481
Epoch [123/143], Total Loss: 327.7264, NLL: 3.5020, Masked: 27.5527, Reg: 324.195037
Epoch [124/143], Total Loss: 327.7274, NLL: 3.5020, Masked: 27.5507, Reg: 324.196061
Epoch [125/143], Total Loss: 327.6852, NLL: 3.5020, Masked: 27.5535, Reg: 324.153814
Epoch [126/143], Total Loss: 327.7135, NLL: 3.5020, Masked: 27.5594, Reg: 324.182092
Epoch [127/143], Total Loss: 327.7342, NLL: 3.5020, Masked: 27.5557, Reg: 324.202776
Epoch [128/143], Total Loss: 327.6660, NLL: 3.5020, Masked: 27.5553, Reg: 324.134633
Epoch [129/143], Total Loss: 327.7409, NLL: 3.5020, Masked: 27.5536, Reg: 324.209475
Epoch [130/143], Total Loss: 327.6518, NLL: 3.5020, Masked: 27.5559, Reg: 324.120433
Epoch [131/143], Total Loss: 327.6587, NLL: 3.5020, Masked: 27.5560, Reg: 324.127359
Epoch [132/143], Total Loss: 327.7060, NLL: 3.5020, Masked: 27.5621, Reg: 324.174604
Epoch [133/143], Total Loss: 327.6821, NLL: 3.5020, Masked: 27.5619, Reg: 324.150669
Epoch [134/143], Total Loss: 327.6771, NLL: 3.5020, Masked: 27.5606, Reg: 324.145670
Epoch [135/143], Total Loss: 327.6277, NLL: 3.5020, Masked: 27.5541, Reg: 324.096313
Epoch [136/143], Total Loss: 327.6823, NLL: 3.5020, Masked: 27.5585, Reg: 324.150960
Epoch [137/143], Total Loss: 327.6707, NLL: 3.5020, Masked: 27.5550, Reg: 324.139340
Epoch [138/143], Total Loss: 327.6568, NLL: 3.5020, Masked: 27.5534, Reg: 324.125372
Epoch [139/143], Total Loss: 327.6498, NLL: 3.5020, Masked: 27.5589, Reg: 324.118451
Epoch [140/143], Total Loss: 327.6161, NLL: 3.5020, Masked: 27.5558, Reg: 324.084678
Epoch [141/143], Total Loss: 327.6757, NLL: 3.5020, Masked: 27.5527, Reg: 324.144319
Epoch [142/143], Total Loss: 327.6354, NLL: 3.5020, Masked: 27.5618, Reg: 324.103966
Epoch [143/143], Total Loss: 327.6262, NLL: 3.5020, Masked: 27.5573, Reg: 324.094803

==================================================
EVALUATING ON TRAINING DATA
==================================================

==================================================
TEST RESULTS
==================================================
Total Loss: 340.924670
  - ZINB NLL: 3.501986
Total number of masked values: 5330494
  - Number of values with pi >= 0.6968846237164871: 0
  - Number of values with pi < 0.6968846237164871: 5330494
  - Masked Reconstruction: 27.551233
  - Regularization: 337.393277
Mean Absolute Error (MAE): 26.230629
R² Score: -44.567265
==================================================


==================================================
TEST RESULTS
==================================================
Total Loss: 340.887875
  - ZINB NLL: 3.466657
Total number of masked values: 3102414
  - Number of values with pi >= 0.6968846237164871: 0
  - Number of values with pi < 0.6968846237164871: 3102414
  - Masked Reconstruction: 26.177247
  - Regularization: 337.393277
Mean Absolute Error (MAE): 26.362267
R² Score: -31.599113
==================================================


>>> Optimizing zinb_nll on VALIDATION set: 3.466657
>>> Full validation metrics: {'total_loss': 340.8878746416353, 'zinb_nll': 3.466657333411553, 'mae': 26.362266540527344, 'r2': -31.59911346435547, 'masked_loss': 26.177246871868178, 'reg_loss': 337.3932766302921}

Iteration No: 2 ended. Evaluation done at random point.
Time taken: 3860.9005
Function value obtained: 3.4667
Current minimum: 0.6046
Iteration No: 3 started. Evaluating function at random point.

================================================================================
Trial with parameters:
  features: Centr
  data_point_length: 710
  step_size: 0.9803166391310946
  bin_size: 24
  sample_fraction: 0.3179548258996156
  moving_average: False
  first_layer_size_factor: 60
  num_layers: 5
  use_conv: True
  conv_channel: 112
  pool_size: 6
  kernel_size: 5
  epochs: 32
  batch_size: 128
  pi_threshold: 0.5253152871382157
  learning_rate: 0.000143301094556357
  dropout_rate: 0.007983126110107099
  masked_recon_weight: 0.008386394780402564
  regularizer: l1
  regularization_weight: 0.6065193093671492
================================================================================

Creating datasets with:
  features: ['Centr']
  bin_size: 24
  moving_average: False
  data_point_length: 29 (from 710)
  step_size: 28 (from fraction 0.9803166391310946)
  layers: [np.int64(960), np.int64(480), np.int64(240), np.int64(120), np.int64(60)] (first=960, num=5)
  stride: 1 (fixed), padding: same (fixed)


Clipping outliers using 95th percentile * 1.5...
strain_yTW001: Clipping values above 134.25 (P95=89.50). Clipped 27529/1193409 values (2.31%)
strain_FD: Clipping values above 71.92 (P95=47.94). Clipped 95791/4127807 values (2.32%)
strain_dnrp: Clipping values above 243.00 (P95=162.00). Clipped 25649/1119454 values (2.29%)
strain_yEK19: Clipping values above 77.10 (P95=51.40). Clipped 83713/3893623 values (2.15%)
strain_yEK23: Clipping values above 72.00 (P95=48.00). Clipped 86381/3558407 values (2.43%)
strain_yWT03a: Clipping values above 15.00 (P95=10.00). Clipped 10602/347679 values (3.05%)
strain_yWT04a: Clipping values above 58.50 (P95=39.00). Clipped 21095/725406 values (2.91%)
strain_ylic137: Clipping values above 142.50 (P95=95.00). Clipped 28746/1112684 values (2.58%)
Standardizing features: ['Centr']
Column order in final array (Dataset/Chrom split): ['Value', 'Centromere_Distance', 'Value_Raw', 'Size_Factor']
Removing 0 empty data points out of 87192
Column order in final array (Dataset/Chrom split): ['Value', 'Centromere_Distance', 'Value_Raw', 'Size_Factor']
Removing 0 empty data points out of 30128
Column order in final array (Dataset/Chrom split): ['Value', 'Centromere_Distance', 'Value_Raw', 'Size_Factor']
Removing 0 empty data points out of 26456
Datasets created:
  Train: (87192, 29, 4), Val: (30128, 29, 4), Test: (26456, 29, 4)

Randomly sampled 27723/87192 samples (31.8%)
Applied denoising with 15.0% masking
Applied denoising with 15.0% masking
Applied denoising with 15.0% masking
Epoch [1/32], Total Loss: 11196.4949, NLL: 2.9523, Masked: 29.6705, Reg: 11193.294356
Epoch [2/32], Total Loss: 1044.8206, NLL: 2.9507, Masked: 29.6682, Reg: 1041.621184
Epoch [3/32], Total Loss: 200.9861, NLL: 2.9493, Masked: 29.6579, Reg: 197.788094
Epoch [4/32], Total Loss: 113.8716, NLL: 2.9480, Masked: 29.6639, Reg: 110.674873
Epoch [5/32], Total Loss: 91.1448, NLL: 2.9467, Masked: 29.6612, Reg: 87.949292
Epoch [6/32], Total Loss: 79.2222, NLL: 2.9455, Masked: 29.6539, Reg: 76.027951
Epoch [7/32], Total Loss: 69.4026, NLL: 2.9444, Masked: 29.6615, Reg: 66.209446
Epoch [8/32], Total Loss: 61.7566, NLL: 2.9433, Masked: 29.6623, Reg: 58.564511
Epoch [9/32], Total Loss: 56.2794, NLL: 2.9424, Masked: 29.6621, Reg: 53.088311
Epoch [10/32], Total Loss: 53.1156, NLL: 2.9414, Masked: 29.6614, Reg: 49.925420
Epoch [11/32], Total Loss: 51.9767, NLL: 2.9406, Masked: 29.6610, Reg: 48.787306
Epoch [12/32], Total Loss: 51.4276, NLL: 2.9399, Masked: 29.6670, Reg: 48.238871
Epoch [13/32], Total Loss: 50.8801, NLL: 2.9392, Masked: 29.6615, Reg: 47.692201
Epoch [14/32], Total Loss: 50.3322, NLL: 2.9386, Masked: 29.6660, Reg: 47.144738
Epoch [15/32], Total Loss: 49.7850, NLL: 2.9382, Masked: 29.6686, Reg: 46.598033
Epoch [16/32], Total Loss: 49.2371, NLL: 2.9378, Masked: 29.6674, Reg: 46.050478
Epoch [17/32], Total Loss: 48.6906, NLL: 2.9375, Masked: 29.6685, Reg: 45.504281
Epoch [18/32], Total Loss: 48.1439, NLL: 2.9373, Masked: 29.6643, Reg: 44.957852
Epoch [19/32], Total Loss: 47.5971, NLL: 2.9372, Masked: 29.6679, Reg: 44.411128
Epoch [20/32], Total Loss: 47.0508, NLL: 2.9372, Masked: 29.6686, Reg: 43.864738
Epoch [21/32], Total Loss: 46.5037, NLL: 2.9374, Masked: 29.6623, Reg: 43.317630
Epoch [22/32], Total Loss: 45.9564, NLL: 2.9376, Masked: 29.6625, Reg: 42.770074
Epoch [23/32], Total Loss: 45.4109, NLL: 2.9379, Masked: 29.6692, Reg: 42.224133
Epoch [24/32], Total Loss: 44.8651, NLL: 2.9384, Masked: 29.6639, Reg: 41.677848
Epoch [25/32], Total Loss: 44.3193, NLL: 2.9391, Masked: 29.6686, Reg: 41.131476
Epoch [26/32], Total Loss: 43.7728, NLL: 2.9398, Masked: 29.6678, Reg: 40.584196
Epoch [27/32], Total Loss: 43.2271, NLL: 2.9406, Masked: 29.6643, Reg: 40.037728
Epoch [28/32], Total Loss: 42.6814, NLL: 2.9416, Masked: 29.6615, Reg: 39.490999
Epoch [29/32], Total Loss: 42.1359, NLL: 2.9427, Masked: 29.6669, Reg: 38.944422
Epoch [30/32], Total Loss: 41.5908, NLL: 2.9440, Masked: 29.6690, Reg: 38.397963
Epoch [31/32], Total Loss: 41.0462, NLL: 2.9454, Masked: 29.6588, Reg: 37.852105
Epoch [32/32], Total Loss: 40.5010, NLL: 2.9469, Masked: 29.6645, Reg: 37.305328

==================================================
EVALUATING ON TRAINING DATA
==================================================

==================================================
TEST RESULTS
==================================================
Total Loss: 40.238502
  - ZINB NLL: 2.947789
Total number of masked values: 75574
  - Number of values with pi >= 0.5253152871382157: 0
  - Number of values with pi < 0.5253152871382157: 75574
  - Masked Reconstruction: 29.660421
  - Regularization: 37.041971
Mean Absolute Error (MAE): 26.342524
R² Score: -37.665150
==================================================


==================================================
TEST RESULTS
==================================================
Total Loss: 40.178244
  - ZINB NLL: 2.919783
Total number of masked values: 80306
  - Number of values with pi >= 0.5253152871382157: 0
  - Number of values with pi < 0.5253152871382157: 80306
  - Masked Reconstruction: 25.814578
  - Regularization: 37.041971
Mean Absolute Error (MAE): 26.396637
R² Score: -26.794399
==================================================


>>> Optimizing zinb_nll on VALIDATION set: 2.919783
>>> Full validation metrics: {'total_loss': 40.17824384068405, 'zinb_nll': 2.9197832921433817, 'mae': 26.396636962890625, 'r2': -26.79439926147461, 'masked_loss': 25.81457811356604, 'reg_loss': 37.041971105872214}

Iteration No: 3 ended. Evaluation done at random point.
Time taken: 121.1408
Function value obtained: 2.9198
Current minimum: 0.6046
Iteration No: 4 started. Evaluating function at random point.

================================================================================
Trial with parameters:
  features: Centr
  data_point_length: 4249
  step_size: 0.3800234901308291
  bin_size: 40
  sample_fraction: 0.3866770658410468
  moving_average: False
  first_layer_size_factor: 66
  num_layers: 2
  use_conv: False
  conv_channel: 20
  pool_size: 7
  kernel_size: 5
  epochs: 77
  batch_size: 128
  pi_threshold: 0.5909087983425684
  learning_rate: 9.541624171184559e-05
  dropout_rate: 0.28522198720269976
  masked_recon_weight: 0.12115379992469595
  regularizer: none
  regularization_weight: 8.160879038628487
================================================================================

Creating datasets with:
  features: ['Centr']
  bin_size: 40
  moving_average: False
  data_point_length: 106 (from 4249)
  step_size: 40 (from fraction 0.3800234901308291)
  layers: [np.int64(1056), np.int64(528)] (first=1056, num=2)
  stride: 1 (fixed), padding: same (fixed)


Clipping outliers using 95th percentile * 1.5...
strain_yTW001: Clipping values above 134.25 (P95=89.50). Clipped 27529/1193409 values (2.31%)
strain_FD: Clipping values above 71.92 (P95=47.94). Clipped 95791/4127807 values (2.32%)
strain_dnrp: Clipping values above 243.00 (P95=162.00). Clipped 25649/1119454 values (2.29%)
strain_yEK19: Clipping values above 77.10 (P95=51.40). Clipped 83713/3893623 values (2.15%)
strain_yEK23: Clipping values above 72.00 (P95=48.00). Clipped 86381/3558407 values (2.43%)
strain_yWT03a: Clipping values above 15.00 (P95=10.00). Clipped 10602/347679 values (3.05%)
strain_yWT04a: Clipping values above 58.50 (P95=39.00). Clipped 21095/725406 values (2.91%)
strain_ylic137: Clipping values above 142.50 (P95=95.00). Clipped 28746/1112684 values (2.58%)
Standardizing features: ['Centr']
Column order in final array (Dataset/Chrom split): ['Value', 'Centromere_Distance', 'Value_Raw', 'Size_Factor']
Removing 0 empty data points out of 36528
Column order in final array (Dataset/Chrom split): ['Value', 'Centromere_Distance', 'Value_Raw', 'Size_Factor']
Removing 0 empty data points out of 12624
Column order in final array (Dataset/Chrom split): ['Value', 'Centromere_Distance', 'Value_Raw', 'Size_Factor']
Removing 0 empty data points out of 11072
Datasets created:
  Train: (36528, 106, 4), Val: (12624, 106, 4), Test: (11072, 106, 4)

Randomly sampled 14124/36528 samples (38.7%)
Applied denoising with 15.0% masking
Applied denoising with 15.0% masking
Applied denoising with 15.0% masking
Epoch [1/77], Total Loss: 3.3053, NLL: 2.3231, Masked: 8.1067
Epoch [2/77], Total Loss: 2.3420, NLL: 2.0134, Masked: 2.7115
Epoch [3/77], Total Loss: 2.2194, NLL: 1.9139, Masked: 2.5215
Epoch [4/77], Total Loss: 2.1268, NLL: 1.8264, Masked: 2.4795
Epoch [5/77], Total Loss: 2.1094, NLL: 1.8117, Masked: 2.4573
Epoch [6/77], Total Loss: 2.1018, NLL: 1.8056, Masked: 2.4448
Epoch [7/77], Total Loss: 2.0981, NLL: 1.8022, Masked: 2.4420
Epoch [8/77], Total Loss: 2.0943, NLL: 1.7993, Masked: 2.4351
Epoch [9/77], Total Loss: 2.0918, NLL: 1.7973, Masked: 2.4310
Epoch [10/77], Total Loss: 2.0909, NLL: 1.7962, Masked: 2.4328
Epoch [11/77], Total Loss: 2.0897, NLL: 1.7953, Masked: 2.4295
Epoch [12/77], Total Loss: 2.0880, NLL: 1.7943, Masked: 2.4248
Epoch [13/77], Total Loss: 2.0861, NLL: 1.7925, Masked: 2.4231
Epoch [14/77], Total Loss: 2.0821, NLL: 1.7898, Masked: 2.4126
Epoch [15/77], Total Loss: 2.0725, NLL: 1.7828, Masked: 2.3914
Epoch [16/77], Total Loss: 2.0503, NLL: 1.7659, Masked: 2.3472
Epoch [17/77], Total Loss: 2.0313, NLL: 1.7507, Masked: 2.3159
Epoch [18/77], Total Loss: 2.0239, NLL: 1.7447, Masked: 2.3051
Epoch [19/77], Total Loss: 2.0189, NLL: 1.7402, Masked: 2.3010
Epoch [20/77], Total Loss: 2.0150, NLL: 1.7373, Masked: 2.2922
Epoch [21/77], Total Loss: 2.0113, NLL: 1.7348, Masked: 2.2823
Epoch [22/77], Total Loss: 2.0082, NLL: 1.7322, Masked: 2.2783
Epoch [23/77], Total Loss: 2.0004, NLL: 1.7262, Masked: 2.2627
Epoch [24/77], Total Loss: 1.9928, NLL: 1.7206, Masked: 2.2462
Epoch [25/77], Total Loss: 1.9855, NLL: 1.7146, Masked: 2.2363
Epoch [26/77], Total Loss: 1.9794, NLL: 1.7100, Masked: 2.2235
Epoch [27/77], Total Loss: 1.9743, NLL: 1.7057, Masked: 2.2174
Epoch [28/77], Total Loss: 1.9690, NLL: 1.7016, Masked: 2.2069
Epoch [29/77], Total Loss: 1.9663, NLL: 1.6988, Masked: 2.2085
Epoch [30/77], Total Loss: 1.9616, NLL: 1.6961, Masked: 2.1916
Epoch [31/77], Total Loss: 1.9583, NLL: 1.6936, Masked: 2.1847
Epoch [32/77], Total Loss: 1.9565, NLL: 1.6917, Masked: 2.1851
Epoch [33/77], Total Loss: 1.9531, NLL: 1.6896, Masked: 2.1746
Epoch [34/77], Total Loss: 1.9502, NLL: 1.6871, Masked: 2.1716
Epoch [35/77], Total Loss: 1.9467, NLL: 1.6848, Masked: 2.1615
Epoch [36/77], Total Loss: 1.9431, NLL: 1.6821, Masked: 2.1539
Epoch [37/77], Total Loss: 1.9399, NLL: 1.6795, Masked: 2.1494
Epoch [38/77], Total Loss: 1.9381, NLL: 1.6782, Masked: 2.1452
Epoch [39/77], Total Loss: 1.9364, NLL: 1.6767, Masked: 2.1431
Epoch [40/77], Total Loss: 1.9340, NLL: 1.6748, Masked: 2.1395
Epoch [41/77], Total Loss: 1.9327, NLL: 1.6740, Masked: 2.1349
Epoch [42/77], Total Loss: 1.9295, NLL: 1.6716, Masked: 2.1288
Epoch [43/77], Total Loss: 1.9277, NLL: 1.6702, Masked: 2.1254
Epoch [44/77], Total Loss: 1.9246, NLL: 1.6679, Masked: 2.1188
Epoch [45/77], Total Loss: 1.9230, NLL: 1.6670, Masked: 2.1130
Epoch [46/77], Total Loss: 1.9209, NLL: 1.6655, Masked: 2.1081
Epoch [47/77], Total Loss: 1.9192, NLL: 1.6640, Masked: 2.1063
Epoch [48/77], Total Loss: 1.9182, NLL: 1.6629, Masked: 2.1071
Epoch [49/77], Total Loss: 1.9150, NLL: 1.6612, Masked: 2.0948
Epoch [50/77], Total Loss: 1.9131, NLL: 1.6596, Masked: 2.0923
Epoch [51/77], Total Loss: 1.9120, NLL: 1.6585, Masked: 2.0925
Epoch [52/77], Total Loss: 1.9107, NLL: 1.6571, Masked: 2.0930
Epoch [53/77], Total Loss: 1.9089, NLL: 1.6561, Masked: 2.0860
Epoch [54/77], Total Loss: 1.9075, NLL: 1.6551, Masked: 2.0829
Epoch [55/77], Total Loss: 1.9057, NLL: 1.6539, Masked: 2.0786
Epoch [56/77], Total Loss: 1.9048, NLL: 1.6530, Masked: 2.0778
Epoch [57/77], Total Loss: 1.9035, NLL: 1.6523, Masked: 2.0732
Epoch [58/77], Total Loss: 1.9022, NLL: 1.6512, Masked: 2.0717
Epoch [59/77], Total Loss: 1.9012, NLL: 1.6505, Masked: 2.0692
Epoch [60/77], Total Loss: 1.8997, NLL: 1.6494, Masked: 2.0659
Epoch [61/77], Total Loss: 1.8982, NLL: 1.6487, Masked: 2.0592
Epoch [62/77], Total Loss: 1.8978, NLL: 1.6479, Masked: 2.0623
Epoch [63/77], Total Loss: 1.8969, NLL: 1.6473, Masked: 2.0608
Epoch [64/77], Total Loss: 1.8949, NLL: 1.6461, Masked: 2.0535
Epoch [65/77], Total Loss: 1.8926, NLL: 1.6447, Masked: 2.0461
Epoch [66/77], Total Loss: 1.8930, NLL: 1.6443, Masked: 2.0523
Epoch [67/77], Total Loss: 1.8918, NLL: 1.6437, Masked: 2.0480
Epoch [68/77], Total Loss: 1.8904, NLL: 1.6429, Masked: 2.0428
Epoch [69/77], Total Loss: 1.8890, NLL: 1.6419, Masked: 2.0396
Epoch [70/77], Total Loss: 1.8882, NLL: 1.6414, Masked: 2.0369
Epoch [71/77], Total Loss: 1.8886, NLL: 1.6410, Masked: 2.0435
Epoch [72/77], Total Loss: 1.8863, NLL: 1.6400, Masked: 2.0334
Epoch [73/77], Total Loss: 1.8853, NLL: 1.6395, Masked: 2.0286
Epoch [74/77], Total Loss: 1.8845, NLL: 1.6387, Masked: 2.0286
Epoch [75/77], Total Loss: 1.8830, NLL: 1.6381, Masked: 2.0213
Epoch [76/77], Total Loss: 1.8818, NLL: 1.6374, Masked: 2.0173
Epoch [77/77], Total Loss: 1.8809, NLL: 1.6364, Masked: 2.0178

==================================================
EVALUATING ON TRAINING DATA
==================================================

==================================================
TEST RESULTS
==================================================
Total Loss: 1.866767
  - ZINB NLL: 1.627470
Total number of masked values: 174633
  - Number of values with pi >= 0.5909087983425684: 0
  - Number of values with pi < 0.5909087983425684: 174633
  - Masked Reconstruction: 1.975151
Mean Absolute Error (MAE): 1.787551
R² Score: 0.533027
==================================================


==================================================
TEST RESULTS
==================================================
Total Loss: 1.840351
  - ZINB NLL: 1.593669
Total number of masked values: 153088
  - Number of values with pi >= 0.5909087983425684: 0
  - Number of values with pi < 0.5909087983425684: 153088
  - Masked Reconstruction: 2.036108
Mean Absolute Error (MAE): 1.828161
R² Score: 0.529849
==================================================


>>> Optimizing zinb_nll on VALIDATION set: 1.593669
>>> Full validation metrics: {'total_loss': 1.8403507992341945, 'zinb_nll': 1.5936685460601923, 'mae': 1.8281605243682861, 'r2': 0.5298488736152649, 'masked_loss': 2.0361082647538757}

Iteration No: 4 ended. Evaluation done at random point.
Time taken: 91.7755
Function value obtained: 1.5937
Current minimum: 0.6046
Iteration No: 5 started. Evaluating function at random point.

================================================================================
Trial with parameters:
  features: Nucl
  data_point_length: 2929
  step_size: 0.6900633742478862
  bin_size: 97
  sample_fraction: 0.7052756857650135
  moving_average: True
  first_layer_size_factor: 47
  num_layers: 2
  use_conv: True
  conv_channel: 63
  pool_size: 4
  kernel_size: 5
  epochs: 32
  batch_size: 32
  pi_threshold: 0.58453678109946
  learning_rate: 0.002347073130303155
  dropout_rate: 0.30297998739050575
  masked_recon_weight: 5.072283440670043
  regularizer: l2
  regularization_weight: 25.393217281795962
================================================================================

Creating datasets with:
  features: ['Nucl']
  bin_size: 97
  moving_average: True
  data_point_length: 2929 (from 2929)
  step_size: 2021 (from fraction 0.6900633742478862)
  layers: [np.int64(752), np.int64(376)] (first=752, num=2)
  stride: 1 (fixed), padding: same (fixed)


Clipping outliers using 95th percentile * 1.5...
strain_yTW001: Clipping values above 134.25 (P95=89.50). Clipped 27529/1193409 values (2.31%)
strain_FD: Clipping values above 71.92 (P95=47.94). Clipped 95791/4127807 values (2.32%)
strain_dnrp: Clipping values above 243.00 (P95=162.00). Clipped 25649/1119454 values (2.29%)
strain_yEK19: Clipping values above 77.10 (P95=51.40). Clipped 83713/3893623 values (2.15%)
strain_yEK23: Clipping values above 72.00 (P95=48.00). Clipped 86381/3558407 values (2.43%)
strain_yWT03a: Clipping values above 15.00 (P95=10.00). Clipped 10602/347679 values (3.05%)
strain_yWT04a: Clipping values above 58.50 (P95=39.00). Clipped 21095/725406 values (2.91%)
strain_ylic137: Clipping values above 142.50 (P95=95.00). Clipped 28746/1112684 values (2.58%)
Standardizing features: ['Nucl']
Column order in final array (Dataset/Chrom split): ['Value', 'Nucleosome_Distance', 'Value_Raw', 'Size_Factor']
Removing 0 empty data points out of 28976
Column order in final array (Dataset/Chrom split): ['Value', 'Nucleosome_Distance', 'Value_Raw', 'Size_Factor']
Removing 0 empty data points out of 10008
Column order in final array (Dataset/Chrom split): ['Value', 'Nucleosome_Distance', 'Value_Raw', 'Size_Factor']
Removing 0 empty data points out of 8792
Datasets created:
  Train: (28976, 2929, 4), Val: (10008, 2929, 4), Test: (8792, 2929, 4)

Randomly sampled 20436/28976 samples (70.5%)
Applied denoising with 15.0% masking
Applied denoising with 15.0% masking
Applied denoising with 15.0% masking
Epoch [1/32], Total Loss: 140.6377, NLL: 3.2660, Masked: 27.0828, Reg: 143402.358984
Epoch [2/32], Total Loss: 140.8470, NLL: 3.4732, Masked: 27.0832, Reg: 16368.895036
Epoch [3/32], Total Loss: 140.9775, NLL: 3.6020, Masked: 27.0836, Reg: 623.499075
Epoch [4/32], Total Loss: 140.9865, NLL: 3.6321, Masked: 27.0794, Reg: 8.952919
Epoch [5/32], Total Loss: 140.9969, NLL: 3.6347, Masked: 27.0810, Reg: 5.473797
Epoch [6/32], Total Loss: 141.0071, NLL: 3.6348, Masked: 27.0829, Reg: 4.833971
Epoch [7/32], Total Loss: 141.0110, NLL: 3.6348, Masked: 27.0837, Reg: 4.969093
Epoch [8/32], Total Loss: 141.0025, NLL: 3.6348, Masked: 27.0820, Reg: 4.942150
Epoch [9/32], Total Loss: 141.0239, NLL: 3.6348, Masked: 27.0862, Reg: 4.938587
Epoch [10/32], Total Loss: 140.9935, NLL: 3.6348, Masked: 27.0803, Reg: 5.058682
Epoch [11/32], Total Loss: 141.0235, NLL: 3.6348, Masked: 27.0862, Reg: 5.027048
Epoch [12/32], Total Loss: 141.0203, NLL: 3.6348, Masked: 27.0855, Reg: 4.929440
Epoch [13/32], Total Loss: 141.0113, NLL: 3.6348, Masked: 27.0838, Reg: 5.004210
Epoch [14/32], Total Loss: 140.9817, NLL: 3.6348, Masked: 27.0779, Reg: 5.051102
Epoch [15/32], Total Loss: 140.9954, NLL: 3.6348, Masked: 27.0806, Reg: 4.969060
Epoch [16/32], Total Loss: 141.0141, NLL: 3.6348, Masked: 27.0843, Reg: 4.998965
Epoch [17/32], Total Loss: 141.0208, NLL: 3.6348, Masked: 27.0856, Reg: 5.022725
Epoch [18/32], Total Loss: 141.0091, NLL: 3.6348, Masked: 27.0833, Reg: 4.984859
Epoch [19/32], Total Loss: 141.0120, NLL: 3.6348, Masked: 27.0839, Reg: 4.983626
Epoch [20/32], Total Loss: 140.9985, NLL: 3.6348, Masked: 27.0812, Reg: 5.012967
Epoch [21/32], Total Loss: 141.0207, NLL: 3.6348, Masked: 27.0856, Reg: 4.984334
Epoch [22/32], Total Loss: 141.0103, NLL: 3.6348, Masked: 27.0836, Reg: 4.981902
Epoch [23/32], Total Loss: 140.9997, NLL: 3.6348, Masked: 27.0815, Reg: 5.002262
Epoch [24/32], Total Loss: 141.0114, NLL: 3.6348, Masked: 27.0838, Reg: 4.979418
Epoch [25/32], Total Loss: 141.0211, NLL: 3.6348, Masked: 27.0857, Reg: 4.988938
Epoch [26/32], Total Loss: 141.0139, NLL: 3.6348, Masked: 27.0843, Reg: 4.996502
Epoch [27/32], Total Loss: 141.0266, NLL: 3.6348, Masked: 27.0868, Reg: 4.978132
Epoch [28/32], Total Loss: 141.0149, NLL: 3.6348, Masked: 27.0845, Reg: 5.000248
Epoch [29/32], Total Loss: 141.0095, NLL: 3.6348, Masked: 27.0834, Reg: 4.981097
Epoch [30/32], Total Loss: 141.0333, NLL: 3.6348, Masked: 27.0881, Reg: 4.987256
Epoch [31/32], Total Loss: 140.9978, NLL: 3.6348, Masked: 27.0811, Reg: 4.995923
Epoch [32/32], Total Loss: 141.0127, NLL: 3.6348, Masked: 27.0840, Reg: 4.987870

==================================================
EVALUATING ON TRAINING DATA
==================================================

==================================================
TEST RESULTS
==================================================
Total Loss: 141.006790
  - ZINB NLL: 3.634766
Total number of masked values: 8252130
  - Number of values with pi >= 0.58453678109946: 0
  - Number of values with pi < 0.58453678109946: 8252130
  - Masked Reconstruction: 27.082877
  - Regularization: 5.035343
Mean Absolute Error (MAE): 26.224119
R² Score: -50.455208
==================================================


==================================================
TEST RESULTS
==================================================
Total Loss: 136.454464
  - ZINB NLL: 3.609880
Total number of masked values: 3998162
  - Number of values with pi >= 0.58453678109946: 0
  - Number of values with pi < 0.58453678109946: 3998162
  - Masked Reconstruction: 26.190293
  - Regularization: 5.035343
Mean Absolute Error (MAE): 26.294575
R² Score: -34.726685
==================================================


>>> Optimizing zinb_nll on VALIDATION set: 3.609880
>>> Full validation metrics: {'total_loss': 136.4544644374832, 'zinb_nll': 3.6098796076816524, 'mae': 26.294574737548828, 'r2': -34.7266845703125, 'masked_loss': 26.190293094046492, 'reg_loss': 5.035343031130952}

Iteration No: 5 ended. Evaluation done at random point.
Time taken: 865.0358
Function value obtained: 3.6099
Current minimum: 0.6046
Iteration No: 6 started. Evaluating function at random point.

================================================================================
Trial with parameters:
  features: Nucl
  data_point_length: 2523
  step_size: 0.3215575873678085
  bin_size: 38
  sample_fraction: 0.7516309394977055
  moving_average: False
  first_layer_size_factor: 90
  num_layers: 2
  use_conv: False
  conv_channel: 59
  pool_size: 8
  kernel_size: 9
  epochs: 117
  batch_size: 32
  pi_threshold: 0.4024273291045296
  learning_rate: 1.3222110082400287e-05
  dropout_rate: 0.35533144484289375
  masked_recon_weight: 0.0027769194556163863
  regularizer: l2
  regularization_weight: 0.00025824648340043807
================================================================================

Creating datasets with:
  features: ['Nucl']
  bin_size: 38
  moving_average: False
  data_point_length: 66 (from 2523)
  step_size: 21 (from fraction 0.3215575873678085)
  layers: [np.int64(1440), np.int64(720)] (first=1440, num=2)
  stride: 1 (fixed), padding: same (fixed)


Clipping outliers using 95th percentile * 1.5...
strain_yTW001: Clipping values above 134.25 (P95=89.50). Clipped 27529/1193409 values (2.31%)
strain_FD: Clipping values above 71.92 (P95=47.94). Clipped 95791/4127807 values (2.32%)
strain_dnrp: Clipping values above 243.00 (P95=162.00). Clipped 25649/1119454 values (2.29%)
strain_yEK19: Clipping values above 77.10 (P95=51.40). Clipped 83713/3893623 values (2.15%)
strain_yEK23: Clipping values above 72.00 (P95=48.00). Clipped 86381/3558407 values (2.43%)
strain_yWT03a: Clipping values above 15.00 (P95=10.00). Clipped 10602/347679 values (3.05%)
strain_yWT04a: Clipping values above 58.50 (P95=39.00). Clipped 21095/725406 values (2.91%)
strain_ylic137: Clipping values above 142.50 (P95=95.00). Clipped 28746/1112684 values (2.58%)
Standardizing features: ['Nucl']
Column order in final array (Dataset/Chrom split): ['Value', 'Nucleosome_Distance', 'Value_Raw', 'Size_Factor']
Removing 0 empty data points out of 73272
Column order in final array (Dataset/Chrom split): ['Value', 'Nucleosome_Distance', 'Value_Raw', 'Size_Factor']
Removing 0 empty data points out of 25312
Column order in final array (Dataset/Chrom split): ['Value', 'Nucleosome_Distance', 'Value_Raw', 'Size_Factor']
Removing 0 empty data points out of 22208
Datasets created:
  Train: (73272, 66, 4), Val: (25312, 66, 4), Test: (22208, 66, 4)

Randomly sampled 55073/73272 samples (75.2%)
Applied denoising with 15.0% masking
Applied denoising with 15.0% masking
Applied denoising with 15.0% masking
Epoch [1/117], Total Loss: 1.9623, NLL: 1.9505, Masked: 4.2539, Reg: 0.360030
Epoch [2/117], Total Loss: 1.8009, NLL: 1.7940, Masked: 2.5078, Reg: 0.336455
Epoch [3/117], Total Loss: 1.7779, NLL: 1.7710, Masked: 2.4979, Reg: 0.313019
Epoch [4/117], Total Loss: 1.7680, NLL: 1.7611, Masked: 2.4792, Reg: 0.286895
Epoch [5/117], Total Loss: 1.7596, NLL: 1.7528, Masked: 2.4501, Reg: 0.262491
Epoch [6/117], Total Loss: 1.7499, NLL: 1.7432, Masked: 2.4169, Reg: 0.242547
Epoch [7/117], Total Loss: 1.7372, NLL: 1.7306, Masked: 2.3843, Reg: 0.227890
Epoch [8/117], Total Loss: 1.7260, NLL: 1.7194, Masked: 2.3624, Reg: 0.217081
Epoch [9/117], Total Loss: 1.7173, NLL: 1.7108, Masked: 2.3439, Reg: 0.208323
Epoch [10/117], Total Loss: 1.7097, NLL: 1.7032, Masked: 2.3259, Reg: 0.200809
Epoch [11/117], Total Loss: 1.7035, NLL: 1.6971, Masked: 2.3105, Reg: 0.194159
Epoch [12/117], Total Loss: 1.6987, NLL: 1.6923, Masked: 2.2977, Reg: 0.188149
Epoch [13/117], Total Loss: 1.6950, NLL: 1.6886, Masked: 2.2892, Reg: 0.182528
Epoch [14/117], Total Loss: 1.6912, NLL: 1.6848, Masked: 2.2776, Reg: 0.177376
Epoch [15/117], Total Loss: 1.6881, NLL: 1.6818, Masked: 2.2658, Reg: 0.172635
Epoch [16/117], Total Loss: 1.6846, NLL: 1.6784, Masked: 2.2575, Reg: 0.168277
Epoch [17/117], Total Loss: 1.6816, NLL: 1.6754, Masked: 2.2474, Reg: 0.164317
Epoch [18/117], Total Loss: 1.6787, NLL: 1.6724, Masked: 2.2398, Reg: 0.160729
Epoch [19/117], Total Loss: 1.6764, NLL: 1.6702, Masked: 2.2320, Reg: 0.157294
Epoch [20/117], Total Loss: 1.6738, NLL: 1.6676, Masked: 2.2265, Reg: 0.154129
Epoch [21/117], Total Loss: 1.6717, NLL: 1.6655, Masked: 2.2205, Reg: 0.151093
Epoch [22/117], Total Loss: 1.6696, NLL: 1.6635, Masked: 2.2141, Reg: 0.148305
Epoch [23/117], Total Loss: 1.6677, NLL: 1.6616, Masked: 2.2084, Reg: 0.145645
Epoch [24/117], Total Loss: 1.6660, NLL: 1.6598, Masked: 2.2006, Reg: 0.143127
Epoch [25/117], Total Loss: 1.6643, NLL: 1.6582, Masked: 2.1964, Reg: 0.140792
Epoch [26/117], Total Loss: 1.6625, NLL: 1.6565, Masked: 2.1923, Reg: 0.138516
Epoch [27/117], Total Loss: 1.6610, NLL: 1.6549, Masked: 2.1851, Reg: 0.136375
Epoch [28/117], Total Loss: 1.6591, NLL: 1.6530, Masked: 2.1799, Reg: 0.134377
Epoch [29/117], Total Loss: 1.6574, NLL: 1.6514, Masked: 2.1747, Reg: 0.132381
Epoch [30/117], Total Loss: 1.6561, NLL: 1.6500, Masked: 2.1758, Reg: 0.130504
Epoch [31/117], Total Loss: 1.6546, NLL: 1.6486, Masked: 2.1690, Reg: 0.128703
Epoch [32/117], Total Loss: 1.6535, NLL: 1.6475, Masked: 2.1680, Reg: 0.126976
Epoch [33/117], Total Loss: 1.6514, NLL: 1.6454, Masked: 2.1630, Reg: 0.125418
Epoch [34/117], Total Loss: 1.6503, NLL: 1.6443, Masked: 2.1619, Reg: 0.123866
Epoch [35/117], Total Loss: 1.6489, NLL: 1.6429, Masked: 2.1582, Reg: 0.122434
Epoch [36/117], Total Loss: 1.6468, NLL: 1.6408, Masked: 2.1552, Reg: 0.121130
Epoch [37/117], Total Loss: 1.6450, NLL: 1.6391, Masked: 2.1534, Reg: 0.119898
Epoch [38/117], Total Loss: 1.6431, NLL: 1.6371, Masked: 2.1506, Reg: 0.118755
Epoch [39/117], Total Loss: 1.6415, NLL: 1.6356, Masked: 2.1467, Reg: 0.117725
Epoch [40/117], Total Loss: 1.6404, NLL: 1.6345, Masked: 2.1462, Reg: 0.116688
Epoch [41/117], Total Loss: 1.6379, NLL: 1.6319, Masked: 2.1425, Reg: 0.115728
Epoch [42/117], Total Loss: 1.6364, NLL: 1.6305, Masked: 2.1399, Reg: 0.114834
Epoch [43/117], Total Loss: 1.6348, NLL: 1.6289, Masked: 2.1365, Reg: 0.113983
Epoch [44/117], Total Loss: 1.6337, NLL: 1.6277, Masked: 2.1372, Reg: 0.113110
Epoch [45/117], Total Loss: 1.6322, NLL: 1.6263, Masked: 2.1313, Reg: 0.112275
Epoch [46/117], Total Loss: 1.6311, NLL: 1.6252, Masked: 2.1289, Reg: 0.111462
Epoch [47/117], Total Loss: 1.6302, NLL: 1.6243, Masked: 2.1253, Reg: 0.110632
Epoch [48/117], Total Loss: 1.6292, NLL: 1.6233, Masked: 2.1248, Reg: 0.109795
Epoch [49/117], Total Loss: 1.6281, NLL: 1.6222, Masked: 2.1219, Reg: 0.109022
Epoch [50/117], Total Loss: 1.6271, NLL: 1.6212, Masked: 2.1203, Reg: 0.108204
Epoch [51/117], Total Loss: 1.6263, NLL: 1.6204, Masked: 2.1192, Reg: 0.107472
Epoch [52/117], Total Loss: 1.6253, NLL: 1.6194, Masked: 2.1173, Reg: 0.106641
Epoch [53/117], Total Loss: 1.6247, NLL: 1.6188, Masked: 2.1151, Reg: 0.105885
Epoch [54/117], Total Loss: 1.6238, NLL: 1.6179, Masked: 2.1151, Reg: 0.105150
Epoch [55/117], Total Loss: 1.6232, NLL: 1.6173, Masked: 2.1129, Reg: 0.104408
Epoch [56/117], Total Loss: 1.6222, NLL: 1.6164, Masked: 2.1102, Reg: 0.103667
Epoch [57/117], Total Loss: 1.6215, NLL: 1.6157, Masked: 2.1112, Reg: 0.102968
Epoch [58/117], Total Loss: 1.6208, NLL: 1.6150, Masked: 2.1078, Reg: 0.102338
Epoch [59/117], Total Loss: 1.6203, NLL: 1.6145, Masked: 2.1075, Reg: 0.101708
Epoch [60/117], Total Loss: 1.6196, NLL: 1.6137, Masked: 2.1038, Reg: 0.101090
Epoch [61/117], Total Loss: 1.6191, NLL: 1.6132, Masked: 2.1049, Reg: 0.100505
Epoch [62/117], Total Loss: 1.6186, NLL: 1.6128, Masked: 2.1033, Reg: 0.099905
Epoch [63/117], Total Loss: 1.6178, NLL: 1.6120, Masked: 2.1033, Reg: 0.099343
Epoch [64/117], Total Loss: 1.6172, NLL: 1.6113, Masked: 2.1011, Reg: 0.098797
Epoch [65/117], Total Loss: 1.6165, NLL: 1.6107, Masked: 2.1021, Reg: 0.098337
Epoch [66/117], Total Loss: 1.6159, NLL: 1.6101, Masked: 2.1002, Reg: 0.097837
Epoch [67/117], Total Loss: 1.6153, NLL: 1.6094, Masked: 2.0975, Reg: 0.097422
Epoch [68/117], Total Loss: 1.6151, NLL: 1.6093, Masked: 2.0971, Reg: 0.096976
Epoch [69/117], Total Loss: 1.6146, NLL: 1.6088, Masked: 2.0945, Reg: 0.096530
Epoch [70/117], Total Loss: 1.6140, NLL: 1.6081, Masked: 2.0970, Reg: 0.096159
Epoch [71/117], Total Loss: 1.6135, NLL: 1.6077, Masked: 2.0931, Reg: 0.095814
Epoch [72/117], Total Loss: 1.6128, NLL: 1.6070, Masked: 2.0911, Reg: 0.095512
Epoch [73/117], Total Loss: 1.6125, NLL: 1.6067, Masked: 2.0938, Reg: 0.095216
Epoch [74/117], Total Loss: 1.6121, NLL: 1.6063, Masked: 2.0904, Reg: 0.094923
Epoch [75/117], Total Loss: 1.6115, NLL: 1.6057, Masked: 2.0900, Reg: 0.094681
Epoch [76/117], Total Loss: 1.6110, NLL: 1.6052, Masked: 2.0870, Reg: 0.094470
Epoch [77/117], Total Loss: 1.6107, NLL: 1.6049, Masked: 2.0875, Reg: 0.094332
Epoch [78/117], Total Loss: 1.6101, NLL: 1.6043, Masked: 2.0858, Reg: 0.094147
Epoch [79/117], Total Loss: 1.6098, NLL: 1.6041, Masked: 2.0874, Reg: 0.094002
Epoch [80/117], Total Loss: 1.6095, NLL: 1.6037, Masked: 2.0869, Reg: 0.093835
Epoch [81/117], Total Loss: 1.6091, NLL: 1.6033, Masked: 2.0804, Reg: 0.093774
Epoch [82/117], Total Loss: 1.6085, NLL: 1.6027, Masked: 2.0819, Reg: 0.093728
Epoch [83/117], Total Loss: 1.6080, NLL: 1.6022, Masked: 2.0811, Reg: 0.093740
Epoch [84/117], Total Loss: 1.6074, NLL: 1.6016, Masked: 2.0803, Reg: 0.093776
Epoch [85/117], Total Loss: 1.6070, NLL: 1.6012, Masked: 2.0778, Reg: 0.093750
Epoch [86/117], Total Loss: 1.6064, NLL: 1.6007, Masked: 2.0768, Reg: 0.093771
Epoch [87/117], Total Loss: 1.6059, NLL: 1.6001, Masked: 2.0748, Reg: 0.093867
Epoch [88/117], Total Loss: 1.6057, NLL: 1.6000, Masked: 2.0743, Reg: 0.093887
Epoch [89/117], Total Loss: 1.6050, NLL: 1.5992, Masked: 2.0745, Reg: 0.094014
Epoch [90/117], Total Loss: 1.6046, NLL: 1.5989, Masked: 2.0714, Reg: 0.094065
Epoch [91/117], Total Loss: 1.6044, NLL: 1.5987, Masked: 2.0729, Reg: 0.094127
Epoch [92/117], Total Loss: 1.6039, NLL: 1.5982, Masked: 2.0694, Reg: 0.094218
Epoch [93/117], Total Loss: 1.6036, NLL: 1.5978, Masked: 2.0700, Reg: 0.094289
Epoch [94/117], Total Loss: 1.6033, NLL: 1.5975, Masked: 2.0696, Reg: 0.094310
Epoch [95/117], Total Loss: 1.6029, NLL: 1.5971, Masked: 2.0690, Reg: 0.094409
Epoch [96/117], Total Loss: 1.6026, NLL: 1.5968, Masked: 2.0666, Reg: 0.094442
Epoch [97/117], Total Loss: 1.6021, NLL: 1.5964, Masked: 2.0665, Reg: 0.094518
Epoch [98/117], Total Loss: 1.6019, NLL: 1.5962, Masked: 2.0654, Reg: 0.094630
Epoch [99/117], Total Loss: 1.6016, NLL: 1.5959, Masked: 2.0638, Reg: 0.094703
Epoch [100/117], Total Loss: 1.6011, NLL: 1.5953, Masked: 2.0629, Reg: 0.094812
Epoch [101/117], Total Loss: 1.6008, NLL: 1.5951, Masked: 2.0628, Reg: 0.094848
Epoch [102/117], Total Loss: 1.6005, NLL: 1.5948, Masked: 2.0648, Reg: 0.094998
Epoch [103/117], Total Loss: 1.6003, NLL: 1.5946, Masked: 2.0615, Reg: 0.095079
Epoch [104/117], Total Loss: 1.6000, NLL: 1.5943, Masked: 2.0625, Reg: 0.095172
Epoch [105/117], Total Loss: 1.5994, NLL: 1.5937, Masked: 2.0605, Reg: 0.095337
Epoch [106/117], Total Loss: 1.5993, NLL: 1.5936, Masked: 2.0596, Reg: 0.095409
Epoch [107/117], Total Loss: 1.5989, NLL: 1.5932, Masked: 2.0597, Reg: 0.095535
Epoch [108/117], Total Loss: 1.5985, NLL: 1.5927, Masked: 2.0588, Reg: 0.095688
Epoch [109/117], Total Loss: 1.5984, NLL: 1.5927, Masked: 2.0578, Reg: 0.095862
Epoch [110/117], Total Loss: 1.5980, NLL: 1.5923, Masked: 2.0573, Reg: 0.095987
Epoch [111/117], Total Loss: 1.5977, NLL: 1.5920, Masked: 2.0555, Reg: 0.096138
Epoch [112/117], Total Loss: 1.5975, NLL: 1.5918, Masked: 2.0551, Reg: 0.096296
Epoch [113/117], Total Loss: 1.5971, NLL: 1.5914, Masked: 2.0584, Reg: 0.096447
Epoch [114/117], Total Loss: 1.5969, NLL: 1.5912, Masked: 2.0561, Reg: 0.096584
Epoch [115/117], Total Loss: 1.5964, NLL: 1.5907, Masked: 2.0530, Reg: 0.096736
Epoch [116/117], Total Loss: 1.5962, NLL: 1.5905, Masked: 2.0536, Reg: 0.096902
Epoch [117/117], Total Loss: 1.5960, NLL: 1.5903, Masked: 2.0551, Reg: 0.097126

==================================================
EVALUATING ON TRAINING DATA
==================================================

==================================================
TEST RESULTS
==================================================
Total Loss: 1.581741
  - ZINB NLL: 1.576166
Total number of masked values: 406677
  - Number of values with pi >= 0.4024273291045296: 0
  - Number of values with pi < 0.4024273291045296: 406677
  - Masked Reconstruction: 2.007488
  - Regularization: 0.097196
Mean Absolute Error (MAE): 1.728589
R² Score: 0.583437
==================================================


==================================================
TEST RESULTS
==================================================
Total Loss: 1.993817
  - ZINB NLL: 1.988002
Total number of masked values: 183266
  - Number of values with pi >= 0.4024273291045296: 0
  - Number of values with pi < 0.4024273291045296: 183266
  - Masked Reconstruction: 2.094046
  - Regularization: 0.097196
Mean Absolute Error (MAE): 1.891766
R² Score: 0.322701
==================================================


>>> Optimizing zinb_nll on VALIDATION set: 1.988002
>>> Full validation metrics: {'total_loss': 1.9938172545806798, 'zinb_nll': 1.988002257009523, 'mae': 1.8917655944824219, 'r2': 0.3227007985115051, 'masked_loss': 2.094045730215861, 'reg_loss': 0.09719581000042006}

Iteration No: 6 ended. Evaluation done at random point.
Time taken: 907.8275
Function value obtained: 1.9880
Current minimum: 0.6046
Iteration No: 7 started. Evaluating function at random point.

================================================================================
Trial with parameters:
  features: Nucl
  data_point_length: 2639
  step_size: 0.6724566789822879
  bin_size: 70
  sample_fraction: 0.3544985908044068
  moving_average: False
  first_layer_size_factor: 83
  num_layers: 2
  use_conv: False
  conv_channel: 83
  pool_size: 6
  kernel_size: 9
  epochs: 105
  batch_size: 32
  pi_threshold: 0.34219770393210824
  learning_rate: 0.0002342090710043416
  dropout_rate: 0.10922021860841682
  masked_recon_weight: 0.046348938420483286
  regularizer: none
  regularization_weight: 0.001863867977972393
================================================================================

Creating datasets with:
  features: ['Nucl']
  bin_size: 70
  moving_average: False
  data_point_length: 37 (from 2639)
  step_size: 24 (from fraction 0.6724566789822879)
  layers: [np.int64(1328), np.int64(664)] (first=1328, num=2)
  stride: 1 (fixed), padding: same (fixed)


Clipping outliers using 95th percentile * 1.5...
strain_yTW001: Clipping values above 134.25 (P95=89.50). Clipped 27529/1193409 values (2.31%)
strain_FD: Clipping values above 71.92 (P95=47.94). Clipped 95791/4127807 values (2.32%)
strain_dnrp: Clipping values above 243.00 (P95=162.00). Clipped 25649/1119454 values (2.29%)
strain_yEK19: Clipping values above 77.10 (P95=51.40). Clipped 83713/3893623 values (2.15%)
strain_yEK23: Clipping values above 72.00 (P95=48.00). Clipped 86381/3558407 values (2.43%)
strain_yWT03a: Clipping values above 15.00 (P95=10.00). Clipped 10602/347679 values (3.05%)
strain_yWT04a: Clipping values above 58.50 (P95=39.00). Clipped 21095/725406 values (2.91%)
strain_ylic137: Clipping values above 142.50 (P95=95.00). Clipped 28746/1112684 values (2.58%)
Standardizing features: ['Nucl']
Column order in final array (Dataset/Chrom split): ['Value', 'Nucleosome_Distance', 'Value_Raw', 'Size_Factor']
Removing 0 empty data points out of 34856
Column order in final array (Dataset/Chrom split): ['Value', 'Nucleosome_Distance', 'Value_Raw', 'Size_Factor']
Removing 0 empty data points out of 12048
Column order in final array (Dataset/Chrom split): ['Value', 'Nucleosome_Distance', 'Value_Raw', 'Size_Factor']
Removing 0 empty data points out of 10576
Datasets created:
  Train: (34856, 37, 4), Val: (12048, 37, 4), Test: (10576, 37, 4)

Randomly sampled 12356/34856 samples (35.4%)
Applied denoising with 15.0% masking
Applied denoising with 15.0% masking
Applied denoising with 15.0% masking
Epoch [1/105], Total Loss: 2.0371, NLL: 1.9017, Masked: 2.9210
Epoch [2/105], Total Loss: 1.8349, NLL: 1.7399, Masked: 2.0487
Epoch [3/105], Total Loss: 1.7857, NLL: 1.6963, Masked: 1.9290
Epoch [4/105], Total Loss: 1.7599, NLL: 1.6741, Masked: 1.8530
Epoch [5/105], Total Loss: 1.7420, NLL: 1.6589, Masked: 1.7935
Epoch [6/105], Total Loss: 1.7300, NLL: 1.6491, Masked: 1.7470
Epoch [7/105], Total Loss: 1.7208, NLL: 1.6418, Masked: 1.7047
Epoch [8/105], Total Loss: 1.7129, NLL: 1.6357, Masked: 1.6647
Epoch [9/105], Total Loss: 1.7060, NLL: 1.6301, Masked: 1.6374
Epoch [10/105], Total Loss: 1.7013, NLL: 1.6264, Masked: 1.6170
Epoch [11/105], Total Loss: 1.6948, NLL: 1.6220, Masked: 1.5704
Epoch [12/105], Total Loss: 1.6901, NLL: 1.6186, Masked: 1.5426
Epoch [13/105], Total Loss: 1.6852, NLL: 1.6153, Masked: 1.5090
Epoch [14/105], Total Loss: 1.6833, NLL: 1.6135, Masked: 1.5067
Epoch [15/105], Total Loss: 1.6778, NLL: 1.6098, Masked: 1.4667
Epoch [16/105], Total Loss: 1.6747, NLL: 1.6078, Masked: 1.4447
Epoch [17/105], Total Loss: 1.6712, NLL: 1.6055, Masked: 1.4187
Epoch [18/105], Total Loss: 1.6680, NLL: 1.6034, Masked: 1.3928
Epoch [19/105], Total Loss: 1.6661, NLL: 1.6019, Masked: 1.3853
Epoch [20/105], Total Loss: 1.6637, NLL: 1.6000, Masked: 1.3755
Epoch [21/105], Total Loss: 1.6614, NLL: 1.5986, Masked: 1.3550
Epoch [22/105], Total Loss: 1.6581, NLL: 1.5963, Masked: 1.3340
Epoch [23/105], Total Loss: 1.6559, NLL: 1.5950, Masked: 1.3153
Epoch [24/105], Total Loss: 1.6544, NLL: 1.5935, Masked: 1.3133
Epoch [25/105], Total Loss: 1.6519, NLL: 1.5920, Masked: 1.2922
Epoch [26/105], Total Loss: 1.6504, NLL: 1.5911, Masked: 1.2792
Epoch [27/105], Total Loss: 1.6483, NLL: 1.5896, Masked: 1.2652
Epoch [28/105], Total Loss: 1.6436, NLL: 1.5854, Masked: 1.2570
Epoch [29/105], Total Loss: 1.6415, NLL: 1.5835, Masked: 1.2518
Epoch [30/105], Total Loss: 1.6389, NLL: 1.5818, Masked: 1.2316
Epoch [31/105], Total Loss: 1.6369, NLL: 1.5806, Masked: 1.2137
Epoch [32/105], Total Loss: 1.6358, NLL: 1.5795, Masked: 1.2141
Epoch [33/105], Total Loss: 1.6344, NLL: 1.5786, Masked: 1.2041
Epoch [34/105], Total Loss: 1.6326, NLL: 1.5771, Masked: 1.1980
Epoch [35/105], Total Loss: 1.6311, NLL: 1.5761, Masked: 1.1876
Epoch [36/105], Total Loss: 1.6294, NLL: 1.5749, Masked: 1.1759
Epoch [37/105], Total Loss: 1.6283, NLL: 1.5741, Masked: 1.1685
Epoch [38/105], Total Loss: 1.6268, NLL: 1.5730, Masked: 1.1605
Epoch [39/105], Total Loss: 1.6254, NLL: 1.5721, Masked: 1.1499
Epoch [40/105], Total Loss: 1.6240, NLL: 1.5711, Masked: 1.1426
Epoch [41/105], Total Loss: 1.6234, NLL: 1.5708, Masked: 1.1363
Epoch [42/105], Total Loss: 1.6219, NLL: 1.5695, Masked: 1.1288
Epoch [43/105], Total Loss: 1.6207, NLL: 1.5689, Masked: 1.1183
Epoch [44/105], Total Loss: 1.6196, NLL: 1.5679, Masked: 1.1155
Epoch [45/105], Total Loss: 1.6187, NLL: 1.5673, Masked: 1.1088
Epoch [46/105], Total Loss: 1.6179, NLL: 1.5666, Masked: 1.1068
Epoch [47/105], Total Loss: 1.6166, NLL: 1.5659, Masked: 1.0950
Epoch [48/105], Total Loss: 1.6156, NLL: 1.5651, Masked: 1.0878
Epoch [49/105], Total Loss: 1.6143, NLL: 1.5643, Masked: 1.0784
Epoch [50/105], Total Loss: 1.6142, NLL: 1.5639, Masked: 1.0846
Epoch [51/105], Total Loss: 1.6132, NLL: 1.5633, Masked: 1.0777
Epoch [52/105], Total Loss: 1.6116, NLL: 1.5623, Masked: 1.0640
Epoch [53/105], Total Loss: 1.6115, NLL: 1.5622, Masked: 1.0619
Epoch [54/105], Total Loss: 1.6106, NLL: 1.5612, Masked: 1.0664
Epoch [55/105], Total Loss: 1.6100, NLL: 1.5611, Masked: 1.0549
Epoch [56/105], Total Loss: 1.6089, NLL: 1.5604, Masked: 1.0455
Epoch [57/105], Total Loss: 1.6085, NLL: 1.5599, Masked: 1.0487
Epoch [58/105], Total Loss: 1.6073, NLL: 1.5592, Masked: 1.0374
Epoch [59/105], Total Loss: 1.6066, NLL: 1.5588, Masked: 1.0313
Epoch [60/105], Total Loss: 1.6063, NLL: 1.5584, Masked: 1.0349
Epoch [61/105], Total Loss: 1.6054, NLL: 1.5577, Masked: 1.0299
Epoch [62/105], Total Loss: 1.6055, NLL: 1.5578, Masked: 1.0307
Epoch [63/105], Total Loss: 1.6043, NLL: 1.5567, Masked: 1.0268
Epoch [64/105], Total Loss: 1.6037, NLL: 1.5565, Masked: 1.0187
Epoch [65/105], Total Loss: 1.6024, NLL: 1.5557, Masked: 1.0074
Epoch [66/105], Total Loss: 1.6024, NLL: 1.5555, Masked: 1.0130
Epoch [67/105], Total Loss: 1.6018, NLL: 1.5551, Masked: 1.0070
Epoch [68/105], Total Loss: 1.6011, NLL: 1.5546, Masked: 1.0035
Epoch [69/105], Total Loss: 1.6008, NLL: 1.5542, Masked: 1.0052
Epoch [70/105], Total Loss: 1.5999, NLL: 1.5537, Masked: 0.9965
Epoch [71/105], Total Loss: 1.5996, NLL: 1.5536, Masked: 0.9923
Epoch [72/105], Total Loss: 1.5989, NLL: 1.5531, Masked: 0.9868
Epoch [73/105], Total Loss: 1.5982, NLL: 1.5528, Masked: 0.9807
Epoch [74/105], Total Loss: 1.5983, NLL: 1.5523, Masked: 0.9918
Epoch [75/105], Total Loss: 1.5975, NLL: 1.5520, Masked: 0.9824
Epoch [76/105], Total Loss: 1.5966, NLL: 1.5513, Masked: 0.9770
Epoch [77/105], Total Loss: 1.5966, NLL: 1.5513, Masked: 0.9767
Epoch [78/105], Total Loss: 1.5960, NLL: 1.5509, Masked: 0.9727
Epoch [79/105], Total Loss: 1.5957, NLL: 1.5507, Masked: 0.9720
Epoch [80/105], Total Loss: 1.5910, NLL: 1.5463, Masked: 0.9641
Epoch [81/105], Total Loss: 1.5897, NLL: 1.5451, Masked: 0.9607
Epoch [82/105], Total Loss: 1.5893, NLL: 1.5447, Masked: 0.9623
Epoch [83/105], Total Loss: 1.5883, NLL: 1.5439, Masked: 0.9573
Epoch [84/105], Total Loss: 1.5880, NLL: 1.5437, Masked: 0.9560
Epoch [85/105], Total Loss: 1.5872, NLL: 1.5430, Masked: 0.9532
Epoch [86/105], Total Loss: 1.5867, NLL: 1.5428, Masked: 0.9467
Epoch [87/105], Total Loss: 1.5866, NLL: 1.5425, Masked: 0.9497
Epoch [88/105], Total Loss: 1.5860, NLL: 1.5421, Masked: 0.9474
Epoch [89/105], Total Loss: 1.5853, NLL: 1.5419, Masked: 0.9359
Epoch [90/105], Total Loss: 1.5852, NLL: 1.5414, Masked: 0.9451
Epoch [91/105], Total Loss: 1.5846, NLL: 1.5412, Masked: 0.9362
Epoch [92/105], Total Loss: 1.5838, NLL: 1.5407, Masked: 0.9299
Epoch [93/105], Total Loss: 1.5841, NLL: 1.5407, Masked: 0.9364
Epoch [94/105], Total Loss: 1.5835, NLL: 1.5403, Masked: 0.9317
Epoch [95/105], Total Loss: 1.5831, NLL: 1.5400, Masked: 0.9308
Epoch [96/105], Total Loss: 1.5833, NLL: 1.5400, Masked: 0.9357
Epoch [97/105], Total Loss: 1.5827, NLL: 1.5396, Masked: 0.9303
Epoch [98/105], Total Loss: 1.5818, NLL: 1.5390, Masked: 0.9245
Epoch [99/105], Total Loss: 1.5813, NLL: 1.5388, Masked: 0.9171
Epoch [100/105], Total Loss: 1.5814, NLL: 1.5388, Masked: 0.9201
Epoch [101/105], Total Loss: 1.5812, NLL: 1.5383, Masked: 0.9250
Epoch [102/105], Total Loss: 1.5805, NLL: 1.5379, Masked: 0.9191
Epoch [103/105], Total Loss: 1.5803, NLL: 1.5378, Masked: 0.9185
Epoch [104/105], Total Loss: 1.5801, NLL: 1.5378, Masked: 0.9132
Epoch [105/105], Total Loss: 1.5793, NLL: 1.5373, Masked: 0.9068

==================================================
EVALUATING ON TRAINING DATA
==================================================

==================================================
TEST RESULTS
==================================================
Total Loss: 1.564700
  - ZINB NLL: 1.527747
Total number of masked values: 54803
  - Number of values with pi >= 0.34219770393210824: 0
  - Number of values with pi < 0.34219770393210824: 54803
  - Masked Reconstruction: 0.797271
Mean Absolute Error (MAE): 0.941530
R² Score: 0.884406
==================================================


==================================================
TEST RESULTS
==================================================
Total Loss: 1.793021
  - ZINB NLL: 1.703711
Total number of masked values: 52580
  - Number of values with pi >= 0.34219770393210824: 0
  - Number of values with pi < 0.34219770393210824: 52580
  - Masked Reconstruction: 1.926902
Mean Absolute Error (MAE): 1.636173
R² Score: 0.343455
==================================================


>>> Optimizing zinb_nll on VALIDATION set: 1.703711
>>> Full validation metrics: {'total_loss': 1.7930205302092816, 'zinb_nll': 1.703710671598376, 'mae': 1.6361727714538574, 'r2': 0.34345513582229614, 'masked_loss': 1.9269020267691745}

Iteration No: 7 ended. Evaluation done at random point.
Time taken: 193.4545
Function value obtained: 1.7037
Current minimum: 0.6046
Iteration No: 8 started. Evaluating function at random point.

================================================================================
Trial with parameters:
  features: Centr_Nucl
  data_point_length: 2103
  step_size: 0.9301213311593157
  bin_size: 28
  sample_fraction: 0.7357675904060218
  moving_average: True
  first_layer_size_factor: 55
  num_layers: 2
  use_conv: True
  conv_channel: 76
  pool_size: 5
  kernel_size: 7
  epochs: 62
  batch_size: 32
  pi_threshold: 0.3673164168691722
  learning_rate: 4.532028775764877e-05
  dropout_rate: 0.27905100100867064
  masked_recon_weight: 0.0412424716207243
  regularizer: l1
  regularization_weight: 0.0005989738984998036
================================================================================

Creating datasets with:
  features: ['Centr', 'Nucl']
  bin_size: 28
  moving_average: True
  data_point_length: 2103 (from 2103)
  step_size: 1956 (from fraction 0.9301213311593157)
  layers: [np.int64(880), np.int64(440)] (first=880, num=2)
  stride: 1 (fixed), padding: same (fixed)


Clipping outliers using 95th percentile * 1.5...
strain_yTW001: Clipping values above 134.25 (P95=89.50). Clipped 27529/1193409 values (2.31%)
strain_FD: Clipping values above 71.92 (P95=47.94). Clipped 95791/4127807 values (2.32%)
strain_dnrp: Clipping values above 243.00 (P95=162.00). Clipped 25649/1119454 values (2.29%)
strain_yEK19: Clipping values above 77.10 (P95=51.40). Clipped 83713/3893623 values (2.15%)
strain_yEK23: Clipping values above 72.00 (P95=48.00). Clipped 86381/3558407 values (2.43%)
strain_yWT03a: Clipping values above 15.00 (P95=10.00). Clipped 10602/347679 values (3.05%)
strain_yWT04a: Clipping values above 58.50 (P95=39.00). Clipped 21095/725406 values (2.91%)
strain_ylic137: Clipping values above 142.50 (P95=95.00). Clipped 28746/1112684 values (2.58%)
Standardizing features: ['Centr', 'Nucl']
Column order in final array (Dataset/Chrom split): ['Value', 'Nucleosome_Distance', 'Centromere_Distance', 'Value_Raw', 'Size_Factor']
Removing 0 empty data points out of 29968
Column order in final array (Dataset/Chrom split): ['Value', 'Nucleosome_Distance', 'Centromere_Distance', 'Value_Raw', 'Size_Factor']
Removing 0 empty data points out of 10352
Column order in final array (Dataset/Chrom split): ['Value', 'Nucleosome_Distance', 'Centromere_Distance', 'Value_Raw', 'Size_Factor']
Removing 0 empty data points out of 9096
Datasets created:
  Train: (29968, 2103, 5), Val: (10352, 2103, 5), Test: (9096, 2103, 5)

Randomly sampled 22049/29968 samples (73.6%)
Applied denoising with 15.0% masking
Applied denoising with 15.0% masking
Applied denoising with 15.0% masking
Epoch [1/62], Total Loss: 14.2497, NLL: 2.9863, Masked: 28.4441, Reg: 10.090287
Epoch [2/62], Total Loss: 6.9203, NLL: 2.9723, Masked: 27.8420, Reg: 2.799737
Epoch [3/62], Total Loss: 6.7297, NLL: 2.9589, Masked: 27.2630, Reg: 2.646359
Epoch [4/62], Total Loss: 6.6610, NLL: 2.9460, Masked: 26.7253, Reg: 2.612771
Epoch [5/62], Total Loss: 6.5965, NLL: 2.9334, Masked: 26.1776, Reg: 2.583531
Epoch [6/62], Total Loss: 6.5392, NLL: 2.9212, Masked: 25.6939, Reg: 2.558250
Epoch [7/62], Total Loss: 6.4855, NLL: 2.9094, Masked: 25.1877, Reg: 2.537297
Epoch [8/62], Total Loss: 6.4370, NLL: 2.8980, Masked: 24.7160, Reg: 2.519694
Epoch [9/62], Total Loss: 6.3903, NLL: 2.8870, Masked: 24.2764, Reg: 2.502163
Epoch [10/62], Total Loss: 6.3440, NLL: 2.8763, Masked: 23.8466, Reg: 2.484204
Epoch [11/62], Total Loss: 6.2984, NLL: 2.8661, Masked: 23.4349, Reg: 2.465834
Epoch [12/62], Total Loss: 6.2531, NLL: 2.8562, Masked: 23.0336, Reg: 2.446983
Epoch [13/62], Total Loss: 6.2083, NLL: 2.8467, Masked: 22.6465, Reg: 2.427557
Epoch [14/62], Total Loss: 6.1641, NLL: 2.8378, Masked: 22.2814, Reg: 2.407408
Epoch [15/62], Total Loss: 6.1207, NLL: 2.8292, Masked: 21.9384, Reg: 2.386723
Epoch [16/62], Total Loss: 6.0776, NLL: 2.8211, Masked: 21.6067, Reg: 2.365355
Epoch [17/62], Total Loss: 6.0353, NLL: 2.8134, Masked: 21.2948, Reg: 2.343645
Epoch [18/62], Total Loss: 5.9935, NLL: 2.8060, Masked: 20.9982, Reg: 2.321419
Epoch [19/62], Total Loss: 5.9513, NLL: 2.7993, Masked: 20.7012, Reg: 2.298188
Epoch [20/62], Total Loss: 5.9102, NLL: 2.7929, Masked: 20.4333, Reg: 2.274565
Epoch [21/62], Total Loss: 5.8695, NLL: 2.7869, Masked: 20.1760, Reg: 2.250450
Epoch [22/62], Total Loss: 5.8293, NLL: 2.7813, Masked: 19.9329, Reg: 2.225920
Epoch [23/62], Total Loss: 5.7891, NLL: 2.7762, Masked: 19.6958, Reg: 2.200644
Epoch [24/62], Total Loss: 5.7496, NLL: 2.7714, Masked: 19.4781, Reg: 2.174799
Epoch [25/62], Total Loss: 5.7099, NLL: 2.7671, Masked: 19.2617, Reg: 2.148390
Epoch [26/62], Total Loss: 5.6712, NLL: 2.7633, Masked: 19.0737, Reg: 2.121215
Epoch [27/62], Total Loss: 5.6323, NLL: 2.7599, Masked: 18.8840, Reg: 2.093577
Epoch [28/62], Total Loss: 5.5940, NLL: 2.7569, Masked: 18.7101, Reg: 2.065429
Epoch [29/62], Total Loss: 5.5559, NLL: 2.7543, Masked: 18.5450, Reg: 2.036715
Epoch [30/62], Total Loss: 5.5177, NLL: 2.7521, Masked: 18.3820, Reg: 2.007454
Epoch [31/62], Total Loss: 5.4807, NLL: 2.7505, Masked: 18.2551, Reg: 1.977332
Epoch [32/62], Total Loss: 5.4433, NLL: 2.7491, Masked: 18.1161, Reg: 1.947075
Epoch [33/62], Total Loss: 5.4061, NLL: 2.7480, Masked: 17.9827, Reg: 1.916440
Epoch [34/62], Total Loss: 5.3691, NLL: 2.7474, Masked: 17.8599, Reg: 1.885095
Epoch [35/62], Total Loss: 5.3330, NLL: 2.7472, Masked: 17.7595, Reg: 1.853406
Epoch [36/62], Total Loss: 5.2968, NLL: 2.7473, Masked: 17.6583, Reg: 1.821246
Epoch [37/62], Total Loss: 5.2603, NLL: 2.7478, Masked: 17.5524, Reg: 1.788536
Epoch [38/62], Total Loss: 5.2244, NLL: 2.7488, Masked: 17.4654, Reg: 1.755363
Epoch [39/62], Total Loss: 5.1888, NLL: 2.7498, Masked: 17.3771, Reg: 1.722384
Epoch [40/62], Total Loss: 5.1536, NLL: 2.7514, Masked: 17.3039, Reg: 1.688565
Epoch [41/62], Total Loss: 5.1183, NLL: 2.7532, Masked: 17.2286, Reg: 1.654492
Epoch [42/62], Total Loss: 5.0833, NLL: 2.7555, Masked: 17.1625, Reg: 1.620020
Epoch [43/62], Total Loss: 5.0488, NLL: 2.7580, Masked: 17.1096, Reg: 1.585183
Epoch [44/62], Total Loss: 5.0138, NLL: 2.7609, Masked: 17.0424, Reg: 1.550050
Epoch [45/62], Total Loss: 4.9796, NLL: 2.7639, Masked: 16.9896, Reg: 1.515019
Epoch [46/62], Total Loss: 4.9454, NLL: 2.7674, Masked: 16.9379, Reg: 1.479464
Epoch [47/62], Total Loss: 4.8252, NLL: 2.7714, Masked: 14.8117, Reg: 1.442931
Epoch [48/62], Total Loss: 4.2841, NLL: 2.7912, Masked: 2.9509, Reg: 1.371167
Epoch [49/62], Total Loss: 4.2248, NLL: 2.8173, Masked: 2.9490, Reg: 1.285859
Epoch [50/62], Total Loss: 4.1682, NLL: 2.8417, Masked: 2.9502, Reg: 1.204858
Epoch [51/62], Total Loss: 4.1127, NLL: 2.8659, Masked: 2.9469, Reg: 1.125274
Epoch [52/62], Total Loss: 4.0582, NLL: 2.8898, Masked: 2.9502, Reg: 1.046734
Epoch [53/62], Total Loss: 4.0041, NLL: 2.9140, Masked: 2.9499, Reg: 0.968440
Epoch [54/62], Total Loss: 3.9504, NLL: 2.9384, Masked: 2.9501, Reg: 0.890362
Epoch [55/62], Total Loss: 3.8971, NLL: 2.9630, Masked: 2.9507, Reg: 0.812426
Epoch [56/62], Total Loss: 3.8441, NLL: 2.9879, Masked: 2.9506, Reg: 0.734458
Epoch [57/62], Total Loss: 3.7914, NLL: 3.0132, Masked: 2.9506, Reg: 0.656515
Epoch [58/62], Total Loss: 3.7389, NLL: 3.0387, Masked: 2.9475, Reg: 0.578647
Epoch [59/62], Total Loss: 3.6869, NLL: 3.0645, Masked: 2.9487, Reg: 0.500746
Epoch [60/62], Total Loss: 3.6352, NLL: 3.0906, Masked: 2.9490, Reg: 0.422938
Epoch [61/62], Total Loss: 3.5837, NLL: 3.1170, Masked: 2.9486, Reg: 0.345105
Epoch [62/62], Total Loss: 3.5328, NLL: 3.1435, Masked: 2.9483, Reg: 0.267688

==================================================
EVALUATING ON TRAINING DATA
==================================================

==================================================
TEST RESULTS
==================================================
Total Loss: 3.508036
  - ZINB NLL: 3.156282
Total number of masked values: 5230465
  - Number of values with pi >= 0.3673164168691722: 5230465
  - Number of values with pi < 0.3673164168691722: 0
  - Masked Reconstruction: 2.948123
  - Regularization: 0.230166
Mean Absolute Error (MAE): 2.227209
R² Score: -0.200549
==================================================


==================================================
TEST RESULTS
==================================================
Total Loss: 3.452931
  - ZINB NLL: 3.107941
Total number of masked values: 2403925
  - Number of values with pi >= 0.3673164168691722: 2403925
  - Number of values with pi < 0.3673164168691722: 0
  - Masked Reconstruction: 2.784114
  - Regularization: 0.230166
Mean Absolute Error (MAE): 2.267760
R² Score: -0.153337
==================================================


>>> Optimizing zinb_nll on VALIDATION set: 3.107941
>>> Full validation metrics: {'total_loss': 3.4529308513659047, 'zinb_nll': 3.107941168905963, 'mae': 2.2677597999572754, 'r2': -0.15333664417266846, 'masked_loss': 2.7841136911092255, 'reg_loss': 0.23016592031042035}

Iteration No: 8 ended. Evaluation done at random point.
Time taken: 1115.4002
Function value obtained: 3.1079
Current minimum: 0.6046
Iteration No: 9 started. Evaluating function at random point.

================================================================================
Trial with parameters:
  features: Centr_Nucl
  data_point_length: 3633
  step_size: 0.7842029424433317
  bin_size: 16
  sample_fraction: 0.9983053637867065
  moving_average: True
  first_layer_size_factor: 147
  num_layers: 3
  use_conv: True
  conv_channel: 55
  pool_size: 6
  kernel_size: 7
  epochs: 94
  batch_size: 64
  pi_threshold: 0.5211572356285312
  learning_rate: 0.0005999156225282401
  dropout_rate: 0.04042666316635763
  masked_recon_weight: 0.030103557686746284
  regularizer: l1
  regularization_weight: 4.187726350111482
================================================================================

Creating datasets with:
  features: ['Centr', 'Nucl']
  bin_size: 16
  moving_average: True
  data_point_length: 3633 (from 3633)
  step_size: 2849 (from fraction 0.7842029424433317)
  layers: [np.int64(2352), np.int64(1176), np.int64(588)] (first=2352, num=3)
  stride: 1 (fixed), padding: same (fixed)


Clipping outliers using 95th percentile * 1.5...
strain_yTW001: Clipping values above 134.25 (P95=89.50). Clipped 27529/1193409 values (2.31%)
strain_FD: Clipping values above 71.92 (P95=47.94). Clipped 95791/4127807 values (2.32%)
strain_dnrp: Clipping values above 243.00 (P95=162.00). Clipped 25649/1119454 values (2.29%)
strain_yEK19: Clipping values above 77.10 (P95=51.40). Clipped 83713/3893623 values (2.15%)
strain_yEK23: Clipping values above 72.00 (P95=48.00). Clipped 86381/3558407 values (2.43%)
strain_yWT03a: Clipping values above 15.00 (P95=10.00). Clipped 10602/347679 values (3.05%)
strain_yWT04a: Clipping values above 58.50 (P95=39.00). Clipped 21095/725406 values (2.91%)
strain_ylic137: Clipping values above 142.50 (P95=95.00). Clipped 28746/1112684 values (2.58%)
Standardizing features: ['Centr', 'Nucl']
Column order in final array (Dataset/Chrom split): ['Value', 'Nucleosome_Distance', 'Centromere_Distance', 'Value_Raw', 'Size_Factor']
Removing 0 empty data points out of 20576
Column order in final array (Dataset/Chrom split): ['Value', 'Nucleosome_Distance', 'Centromere_Distance', 'Value_Raw', 'Size_Factor']
Removing 0 empty data points out of 7112
Column order in final array (Dataset/Chrom split): ['Value', 'Nucleosome_Distance', 'Centromere_Distance', 'Value_Raw', 'Size_Factor']
Removing 0 empty data points out of 6248
Datasets created:
  Train: (20576, 3633, 5), Val: (7112, 3633, 5), Test: (6248, 3633, 5)

Randomly sampled 20541/20576 samples (99.8%)
Applied denoising with 15.0% masking
Applied denoising with 15.0% masking
Applied denoising with 15.0% masking
Epoch [1/94], Total Loss: 107065.8179, NLL: 2.8497, Masked: 29.7103, Reg: 107062.069823
Epoch [2/94], Total Loss: 62923.6405, NLL: 2.8328, Masked: 29.7203, Reg: 62919.910900
Epoch [3/94], Total Loss: 59966.7739, NLL: 2.8186, Masked: 29.7139, Reg: 59963.058822
Epoch [4/94], Total Loss: 57061.8338, NLL: 2.8076, Masked: 29.7123, Reg: 57058.129906
Epoch [5/94], Total Loss: 54125.7427, NLL: 2.8007, Masked: 29.7116, Reg: 54122.045503
Epoch [6/94], Total Loss: 51184.9609, NLL: 2.7987, Masked: 29.7081, Reg: 51181.266212
Epoch [7/94], Total Loss: 48259.0431, NLL: 2.8024, Masked: 29.7106, Reg: 48255.344621
Epoch [8/94], Total Loss: 45336.4093, NLL: 2.8124, Masked: 29.7113, Reg: 45332.700877
Epoch [9/94], Total Loss: 42393.4264, NLL: 2.8297, Masked: 29.7215, Reg: 42389.700703
Epoch [10/94], Total Loss: 39471.9492, NLL: 2.8545, Masked: 29.7136, Reg: 39468.198815
Epoch [11/94], Total Loss: 37089.0902, NLL: 2.8801, Masked: 29.7150, Reg: 37085.314278
Epoch [12/94], Total Loss: 36880.2258, NLL: 2.8827, Masked: 29.7106, Reg: 36876.447506
Epoch [13/94], Total Loss: 36850.0006, NLL: 2.8827, Masked: 29.7133, Reg: 36846.222137
Epoch [14/94], Total Loss: 36874.3430, NLL: 2.8827, Masked: 29.7146, Reg: 36870.564482
Epoch [15/94], Total Loss: 36866.9585, NLL: 2.8827, Masked: 29.7123, Reg: 36863.179980
Epoch [16/94], Total Loss: 36866.3209, NLL: 2.8827, Masked: 29.7131, Reg: 36862.542393
Epoch [17/94], Total Loss: 36856.4211, NLL: 2.8827, Masked: 29.7161, Reg: 36852.642567
Epoch [18/94], Total Loss: 36871.1714, NLL: 2.8827, Masked: 29.7134, Reg: 36867.392973
Epoch [19/94], Total Loss: 36860.1978, NLL: 2.8827, Masked: 29.7112, Reg: 36856.419610
Epoch [20/94], Total Loss: 36852.6671, NLL: 2.8827, Masked: 29.7098, Reg: 36848.888786
Epoch [21/94], Total Loss: 36873.6652, NLL: 2.8827, Masked: 29.7176, Reg: 36869.886642
Epoch [22/94], Total Loss: 36866.0547, NLL: 2.8827, Masked: 29.7159, Reg: 36862.276035
Epoch [23/94], Total Loss: 36845.4541, NLL: 2.8827, Masked: 29.7084, Reg: 36841.675738
Epoch [24/94], Total Loss: 36860.3775, NLL: 2.8827, Masked: 29.7118, Reg: 36856.599247
Epoch [25/94], Total Loss: 36868.4005, NLL: 2.8827, Masked: 29.7127, Reg: 36864.622078
Epoch [26/94], Total Loss: 36848.2528, NLL: 2.8827, Masked: 29.7176, Reg: 36844.474280
Epoch [27/94], Total Loss: 36859.8744, NLL: 2.8827, Masked: 29.7063, Reg: 36856.096235
Epoch [28/94], Total Loss: 36849.5413, NLL: 2.8827, Masked: 29.7198, Reg: 36845.762617
Epoch [29/94], Total Loss: 36856.3015, NLL: 2.8827, Masked: 29.7166, Reg: 36852.523055
Epoch [30/94], Total Loss: 36852.6183, NLL: 2.8827, Masked: 29.7164, Reg: 36848.839530
Epoch [31/94], Total Loss: 36858.3609, NLL: 2.8827, Masked: 29.7116, Reg: 36854.582448
Epoch [32/94], Total Loss: 36863.6429, NLL: 2.8827, Masked: 29.7149, Reg: 36859.864292
Epoch [33/94], Total Loss: 36839.2749, NLL: 2.8827, Masked: 29.7240, Reg: 36835.496117
Epoch [34/94], Total Loss: 36854.2291, NLL: 2.8827, Masked: 29.7198, Reg: 36850.450457
Epoch [35/94], Total Loss: 36853.0811, NLL: 2.8827, Masked: 29.7242, Reg: 36849.302324
Epoch [36/94], Total Loss: 36853.0866, NLL: 2.8827, Masked: 29.7185, Reg: 36849.308083
Epoch [37/94], Total Loss: 36834.6113, NLL: 2.8827, Masked: 29.7135, Reg: 36830.832801
Epoch [38/94], Total Loss: 36862.0919, NLL: 2.8827, Masked: 29.7235, Reg: 36858.312959
Epoch [39/94], Total Loss: 36842.0813, NLL: 2.8827, Masked: 29.7206, Reg: 36838.302532
Epoch [40/94], Total Loss: 36850.8262, NLL: 2.8827, Masked: 29.7195, Reg: 36847.047579
Epoch [41/94], Total Loss: 36845.4097, NLL: 2.8827, Masked: 29.7176, Reg: 36841.630943
Epoch [42/94], Total Loss: 36847.0514, NLL: 2.8827, Masked: 29.7060, Reg: 36843.273264
Epoch [43/94], Total Loss: 36829.2116, NLL: 2.8827, Masked: 29.7217, Reg: 36825.432789
Epoch [44/94], Total Loss: 36850.9248, NLL: 2.8827, Masked: 29.7020, Reg: 36847.146779
Epoch [45/94], Total Loss: 36848.3827, NLL: 2.8827, Masked: 29.7173, Reg: 36844.603935
Epoch [46/94], Total Loss: 36842.9163, NLL: 2.8827, Masked: 29.7213, Reg: 36839.137511
Epoch [47/94], Total Loss: 36836.0590, NLL: 2.8827, Masked: 29.7214, Reg: 36832.280257
Epoch [48/94], Total Loss: 36834.9005, NLL: 2.8827, Masked: 29.7015, Reg: 36831.122277
Epoch [49/94], Total Loss: 36845.6232, NLL: 2.8827, Masked: 29.7191, Reg: 36841.844536
Epoch [50/94], Total Loss: 36827.8510, NLL: 2.8827, Masked: 29.7093, Reg: 36824.072737
Epoch [51/94], Total Loss: 36845.5773, NLL: 2.8827, Masked: 29.7093, Reg: 36841.798999
Epoch [52/94], Total Loss: 36838.9783, NLL: 2.8827, Masked: 29.7217, Reg: 36835.199355
Epoch [53/94], Total Loss: 36825.5812, NLL: 2.8827, Masked: 29.7228, Reg: 36821.802280
Epoch [54/94], Total Loss: 36835.5046, NLL: 2.8827, Masked: 29.7163, Reg: 36831.725985
Epoch [55/94], Total Loss: 36844.4558, NLL: 2.8827, Masked: 29.7067, Reg: 36840.677429
Epoch [56/94], Total Loss: 36825.1093, NLL: 2.8827, Masked: 29.7151, Reg: 36821.330911
Epoch [57/94], Total Loss: 36830.8125, NLL: 2.8827, Masked: 29.7169, Reg: 36827.033878
Epoch [58/94], Total Loss: 36838.3950, NLL: 2.8827, Masked: 29.7176, Reg: 36834.616426
Epoch [59/94], Total Loss: 36826.2392, NLL: 2.8827, Masked: 29.7171, Reg: 36822.460570
Epoch [60/94], Total Loss: 36826.1242, NLL: 2.8827, Masked: 29.7151, Reg: 36822.345789
Epoch [61/94], Total Loss: 36835.8925, NLL: 2.8827, Masked: 29.7204, Reg: 36832.113670
Epoch [62/94], Total Loss: 36834.0404, NLL: 2.8827, Masked: 29.7102, Reg: 36830.262110
Epoch [63/94], Total Loss: 36818.1573, NLL: 2.8827, Masked: 29.7196, Reg: 36814.378625
Epoch [64/94], Total Loss: 36829.7370, NLL: 2.8827, Masked: 29.7150, Reg: 36825.958654
Epoch [65/94], Total Loss: 36828.6158, NLL: 2.8827, Masked: 29.7123, Reg: 36824.837276
Epoch [66/94], Total Loss: 36830.6963, NLL: 2.8827, Masked: 29.7136, Reg: 36826.917877
Epoch [67/94], Total Loss: 36813.9008, NLL: 2.8827, Masked: 29.7101, Reg: 36810.122540
Epoch [68/94], Total Loss: 36838.6514, NLL: 2.8827, Masked: 29.7203, Reg: 36834.872793
Epoch [69/94], Total Loss: 36816.6520, NLL: 2.8827, Masked: 29.7214, Reg: 36812.873374
Epoch [70/94], Total Loss: 36822.9378, NLL: 2.8827, Masked: 29.7145, Reg: 36819.159410
Epoch [71/94], Total Loss: 36821.0617, NLL: 2.8827, Masked: 29.7167, Reg: 36817.282994
Epoch [72/94], Total Loss: 36833.3250, NLL: 2.8827, Masked: 29.7230, Reg: 36829.545977
Epoch [73/94], Total Loss: 36807.7482, NLL: 2.8827, Masked: 29.7180, Reg: 36803.969564
Epoch [74/94], Total Loss: 36827.4852, NLL: 2.8827, Masked: 29.7228, Reg: 36823.706417
Epoch [75/94], Total Loss: 36826.3029, NLL: 2.8827, Masked: 29.7014, Reg: 36822.524742
Epoch [76/94], Total Loss: 36813.2392, NLL: 2.8827, Masked: 29.7160, Reg: 36809.460470
Epoch [77/94], Total Loss: 36818.7468, NLL: 2.8827, Masked: 29.7250, Reg: 36814.968077
Epoch [78/94], Total Loss: 36815.4054, NLL: 2.8827, Masked: 29.7059, Reg: 36811.627121
Epoch [79/94], Total Loss: 36822.2038, NLL: 2.8827, Masked: 29.7203, Reg: 36818.425112
Epoch [80/94], Total Loss: 36813.9292, NLL: 2.8827, Masked: 29.7188, Reg: 36810.150462
Epoch [81/94], Total Loss: 36825.1101, NLL: 2.8827, Masked: 29.7061, Reg: 36821.331773
Epoch [82/94], Total Loss: 36815.2797, NLL: 2.8827, Masked: 29.7233, Reg: 36811.500965
Epoch [83/94], Total Loss: 36813.6037, NLL: 2.8827, Masked: 29.7176, Reg: 36809.824972
Epoch [84/94], Total Loss: 36804.4171, NLL: 2.8827, Masked: 29.7077, Reg: 36800.638697
Epoch [85/94], Total Loss: 36823.3627, NLL: 2.8827, Masked: 29.7124, Reg: 36819.584300
Epoch [86/94], Total Loss: 36815.0728, NLL: 2.8827, Masked: 29.7188, Reg: 36811.294184
Epoch [87/94], Total Loss: 36803.4959, NLL: 2.8827, Masked: 29.7114, Reg: 36799.717549
Epoch [88/94], Total Loss: 36820.7376, NLL: 2.8827, Masked: 29.7151, Reg: 36816.959173
Epoch [89/94], Total Loss: 36805.4232, NLL: 2.8827, Masked: 29.7176, Reg: 36801.644545
Epoch [90/94], Total Loss: 36808.8241, NLL: 2.8827, Masked: 29.7111, Reg: 36805.045865
Epoch [91/94], Total Loss: 36810.5766, NLL: 2.8827, Masked: 29.7150, Reg: 36806.798157
Epoch [92/94], Total Loss: 36820.9430, NLL: 2.8827, Masked: 29.7091, Reg: 36817.164607
Epoch [93/94], Total Loss: 36791.1353, NLL: 2.8827, Masked: 29.7100, Reg: 36787.356947
Epoch [94/94], Total Loss: 36820.0897, NLL: 2.8827, Masked: 29.7180, Reg: 36816.311033

==================================================
EVALUATING ON TRAINING DATA
==================================================

==================================================
TEST RESULTS
==================================================
Total Loss: 37341.386542
  - ZINB NLL: 2.882710
Total number of masked values: 7257935
  - Number of values with pi >= 0.5211572356285312: 0
  - Number of values with pi < 0.5211572356285312: 7257935
  - Masked Reconstruction: 29.713760
  - Regularization: 37337.608644
Mean Absolute Error (MAE): 26.349165
R² Score: -33.655483
==================================================


==================================================
TEST RESULTS
==================================================
Total Loss: 37341.215534
  - ZINB NLL: 2.832924
Total number of masked values: 2452978
  - Number of values with pi >= 0.5211572356285312: 0
  - Number of values with pi < 0.5211572356285312: 2452978
  - Masked Reconstruction: 25.686683
  - Regularization: 37337.608644
Mean Absolute Error (MAE): 26.409430
R² Score: -24.882332
==================================================


>>> Optimizing zinb_nll on VALIDATION set: 2.832924
>>> Full validation metrics: {'total_loss': 37341.21553360517, 'zinb_nll': 2.832924048731646, 'mae': 26.4094295501709, 'r2': -24.88233184814453, 'masked_loss': 25.686683283613824, 'reg_loss': 37337.608644110034}

Iteration No: 9 ended. Evaluation done at random point.
Time taken: 1620.0769
Function value obtained: 2.8329
Current minimum: 0.6046
Iteration No: 10 started. Evaluating function at random point.

================================================================================
Trial with parameters:
  features: Centr
  data_point_length: 4925
  step_size: 0.5491183318334149
  bin_size: 82
  sample_fraction: 0.8487588437384135
  moving_average: True
  first_layer_size_factor: 78
  num_layers: 4
  use_conv: False
  conv_channel: 53
  pool_size: 3
  kernel_size: 7
  epochs: 127
  batch_size: 64
  pi_threshold: 0.3384706204365683
  learning_rate: 0.00663085900594094
  dropout_rate: 0.19878601054376122
  masked_recon_weight: 0.11776206216380247
  regularizer: none
  regularization_weight: 0.5368226347569787
================================================================================

Creating datasets with:
  features: ['Centr']
  bin_size: 82
  moving_average: True
  data_point_length: 4925 (from 4925)
  step_size: 2704 (from fraction 0.5491183318334149)
  layers: [np.int64(1248), np.int64(624), np.int64(312), np.int64(156)] (first=1248, num=4)
  stride: 1 (fixed), padding: same (fixed)


Clipping outliers using 95th percentile * 1.5...
strain_yTW001: Clipping values above 134.25 (P95=89.50). Clipped 27529/1193409 values (2.31%)
strain_FD: Clipping values above 71.92 (P95=47.94). Clipped 95791/4127807 values (2.32%)
strain_dnrp: Clipping values above 243.00 (P95=162.00). Clipped 25649/1119454 values (2.29%)
strain_yEK19: Clipping values above 77.10 (P95=51.40). Clipped 83713/3893623 values (2.15%)
strain_yEK23: Clipping values above 72.00 (P95=48.00). Clipped 86381/3558407 values (2.43%)
strain_yWT03a: Clipping values above 15.00 (P95=10.00). Clipped 10602/347679 values (3.05%)
strain_yWT04a: Clipping values above 58.50 (P95=39.00). Clipped 21095/725406 values (2.91%)
strain_ylic137: Clipping values above 142.50 (P95=95.00). Clipped 28746/1112684 values (2.58%)
Standardizing features: ['Centr']
Column order in final array (Dataset/Chrom split): ['Value', 'Centromere_Distance', 'Value_Raw', 'Size_Factor']
Removing 0 empty data points out of 21632
Column order in final array (Dataset/Chrom split): ['Value', 'Centromere_Distance', 'Value_Raw', 'Size_Factor']
Removing 0 empty data points out of 7472
Column order in final array (Dataset/Chrom split): ['Value', 'Centromere_Distance', 'Value_Raw', 'Size_Factor']
Removing 0 empty data points out of 6560
Datasets created:
  Train: (21632, 4925, 4), Val: (7472, 4925, 4), Test: (6560, 4925, 4)

Randomly sampled 18360/21632 samples (84.9%)
Applied denoising with 15.0% masking
Applied denoising with 15.0% masking
Applied denoising with 15.0% masking
Epoch [1/127], Total Loss: 46549.6241, NLL: 2.2615, Masked: 395266.2088
Epoch [2/127], Total Loss: 46268.6668, NLL: 2.2606, Masked: 392880.4095
Epoch [3/127], Total Loss: 10978.9011, NLL: 2.2502, Masked: 93210.4197
Epoch [4/127], Total Loss: 25.6231, NLL: 2.2472, Masked: 198.5013
Epoch [5/127], Total Loss: 25.8946, NLL: 2.2476, Masked: 200.8030
Epoch [6/127], Total Loss: 49.1065, NLL: 2.2477, Masked: 397.9113
Epoch [7/127], Total Loss: 11.8199, NLL: 2.2483, Masked: 81.2793
Epoch [8/127], Total Loss: 2.5053, NLL: 2.2489, Masked: 2.1779
Epoch [9/127], Total Loss: 2.5053, NLL: 2.2488, Masked: 2.1784
Epoch [10/127], Total Loss: 2.5052, NLL: 2.2487, Masked: 2.1782
Epoch [11/127], Total Loss: 2.5053, NLL: 2.2487, Masked: 2.1782
Epoch [12/127], Total Loss: 109.5322, NLL: 2.2486, Masked: 911.0200
Epoch [13/127], Total Loss: 17456.4380, NLL: 2.2533, Masked: 148215.6897
Epoch [14/127], Total Loss: 18168.4653, NLL: 2.2534, Masked: 154262.0104
Epoch [15/127], Total Loss: 2.5044, NLL: 2.2479, Masked: 2.1781
Epoch [16/127], Total Loss: 2.5045, NLL: 2.2479, Masked: 2.1785
Epoch [17/127], Total Loss: 2.5045, NLL: 2.2479, Masked: 2.1782
Epoch [18/127], Total Loss: 2.5044, NLL: 2.2479, Masked: 2.1782
Epoch [19/127], Total Loss: 2.5045, NLL: 2.2480, Masked: 2.1785
Epoch [20/127], Total Loss: 142.0708, NLL: 2.2482, Masked: 1187.3314
Epoch [21/127], Total Loss: 585.2427, NLL: 2.2488, Masked: 4950.6083
Epoch [22/127], Total Loss: 551.1573, NLL: 2.2489, Masked: 4661.1659
Epoch [23/127], Total Loss: 464.0583, NLL: 2.2488, Masked: 3921.5469
Epoch [24/127], Total Loss: 570.6194, NLL: 2.2488, Masked: 4826.4316
Epoch [25/127], Total Loss: 654.6673, NLL: 2.2489, Masked: 5540.1415
Epoch [26/127], Total Loss: 599.2719, NLL: 2.2489, Masked: 5069.7402
Epoch [27/127], Total Loss: 607.7054, NLL: 2.2489, Masked: 5141.3549
Epoch [28/127], Total Loss: 529.3433, NLL: 2.2488, Masked: 4475.9277
Epoch [29/127], Total Loss: 659.3230, NLL: 2.2489, Masked: 5579.6762
Epoch [30/127], Total Loss: 651.2655, NLL: 2.2488, Masked: 5511.2544
Epoch [31/127], Total Loss: 643.8367, NLL: 2.2488, Masked: 5448.1715
Epoch [32/127], Total Loss: 612.0835, NLL: 2.2488, Masked: 5178.5328
Epoch [33/127], Total Loss: 635.0072, NLL: 2.2488, Masked: 5373.1936
Epoch [34/127], Total Loss: 617.1960, NLL: 2.2488, Masked: 5221.9463
Epoch [35/127], Total Loss: 518.2815, NLL: 2.2489, Masked: 4381.9945
Epoch [36/127], Total Loss: 510.7741, NLL: 2.2488, Masked: 4318.2436
Epoch [37/127], Total Loss: 536.3891, NLL: 2.2488, Masked: 4535.7585
Epoch [38/127], Total Loss: 607.8600, NLL: 2.2489, Masked: 5142.6679
Epoch [39/127], Total Loss: 607.7305, NLL: 2.2489, Masked: 5141.5682
Epoch [40/127], Total Loss: 630.7316, NLL: 2.2489, Masked: 5336.8862
Epoch [41/127], Total Loss: 622.5233, NLL: 2.2489, Masked: 5267.1839
Epoch [42/127], Total Loss: 640.3655, NLL: 2.2488, Masked: 5418.6950
Epoch [43/127], Total Loss: 686.6326, NLL: 2.2489, Masked: 5811.5808
Epoch [44/127], Total Loss: 525.5601, NLL: 2.2488, Masked: 4443.8020
Epoch [45/127], Total Loss: 499.8485, NLL: 2.2488, Masked: 4225.4664
Epoch [46/127], Total Loss: 541.2415, NLL: 2.2488, Masked: 4576.9638
Epoch [47/127], Total Loss: 9281.2698, NLL: 2.2515, Masked: 78794.6334
Epoch [48/127], Total Loss: 14768.7453, NLL: 2.2533, Masked: 125392.6104
Epoch [49/127], Total Loss: 14704.7991, NLL: 2.2532, Masked: 124849.5994
Epoch [50/127], Total Loss: 14939.5838, NLL: 2.2532, Masked: 126843.3204
Epoch [51/127], Total Loss: 15876.9203, NLL: 2.2536, Masked: 134802.8972
Epoch [52/127], Total Loss: 23296.0966, NLL: 2.2562, Masked: 197804.2901
Epoch [53/127], Total Loss: 23282.1033, NLL: 2.2562, Masked: 197685.4625
Epoch [54/127], Total Loss: 23289.8491, NLL: 2.2562, Masked: 197751.2375
Epoch [55/127], Total Loss: 23279.0485, NLL: 2.2562, Masked: 197659.5210
Epoch [56/127], Total Loss: 23293.6740, NLL: 2.2562, Masked: 197783.7175
Epoch [57/127], Total Loss: 23290.9525, NLL: 2.2562, Masked: 197760.6068
Epoch [58/127], Total Loss: 23292.7919, NLL: 2.2562, Masked: 197776.2267
Epoch [59/127], Total Loss: 23274.6359, NLL: 2.2562, Masked: 197622.0517
Epoch [60/127], Total Loss: 23280.8334, NLL: 2.2562, Masked: 197674.6780
Epoch [61/127], Total Loss: 23296.2223, NLL: 2.2562, Masked: 197805.3571
Epoch [62/127], Total Loss: 23281.3342, NLL: 2.2562, Masked: 197678.9312
Epoch [63/127], Total Loss: 23288.2688, NLL: 2.2562, Masked: 197737.8186
Epoch [64/127], Total Loss: 23286.1867, NLL: 2.2562, Masked: 197720.1379
Epoch [65/127], Total Loss: 23296.0617, NLL: 2.2562, Masked: 197803.9929
Epoch [66/127], Total Loss: 23291.9142, NLL: 2.2562, Masked: 197768.7733
Epoch [67/127], Total Loss: 23285.4141, NLL: 2.2562, Masked: 197713.5776
Epoch [68/127], Total Loss: 23294.3738, NLL: 2.2562, Masked: 197789.6604
Epoch [69/127], Total Loss: 23300.8788, NLL: 2.2562, Masked: 197844.8987
Epoch [70/127], Total Loss: 23296.4378, NLL: 2.2562, Masked: 197807.1874
Epoch [71/127], Total Loss: 23397.1146, NLL: 2.2560, Masked: 198662.1055
Epoch [72/127], Total Loss: 23404.1376, NLL: 2.2560, Masked: 198721.7441
Epoch [73/127], Total Loss: 23421.9340, NLL: 2.2560, Masked: 198872.8649
Epoch [74/127], Total Loss: 23369.1258, NLL: 2.2560, Masked: 198424.4333
Epoch [75/127], Total Loss: 23445.7658, NLL: 2.2560, Masked: 199075.2382
Epoch [76/127], Total Loss: 23403.1708, NLL: 2.2560, Masked: 198713.5345
Epoch [77/127], Total Loss: 23353.6248, NLL: 2.2560, Masked: 198292.8034
Epoch [78/127], Total Loss: 23367.9660, NLL: 2.2561, Masked: 198414.5831
Epoch [79/127], Total Loss: 23302.6975, NLL: 2.2563, Masked: 197860.3415
Epoch [80/127], Total Loss: 23266.0857, NLL: 2.2563, Masked: 197549.4453
Epoch [81/127], Total Loss: 23316.9394, NLL: 2.2563, Masked: 197981.2798
Epoch [82/127], Total Loss: 23292.1485, NLL: 2.2563, Masked: 197770.7628
Epoch [83/127], Total Loss: 23312.1950, NLL: 2.2563, Masked: 197940.9915
Epoch [84/127], Total Loss: 23317.1324, NLL: 2.2563, Masked: 197982.9188
Epoch [85/127], Total Loss: 23290.3689, NLL: 2.2563, Masked: 197755.6514
Epoch [86/127], Total Loss: 23315.3102, NLL: 2.2563, Masked: 197967.4450
Epoch [87/127], Total Loss: 23274.5449, NLL: 2.2563, Masked: 197621.2782
Epoch [88/127], Total Loss: 23318.2382, NLL: 2.2564, Masked: 197992.3076
Epoch [89/127], Total Loss: 23434.3899, NLL: 2.2566, Masked: 198978.6328
Epoch [90/127], Total Loss: 23410.6343, NLL: 2.2566, Masked: 198776.9056
Epoch [91/127], Total Loss: 23392.0064, NLL: 2.2566, Masked: 198618.7247
Epoch [92/127], Total Loss: 23374.1493, NLL: 2.2566, Masked: 198467.0861
Epoch [93/127], Total Loss: 23357.7666, NLL: 2.2566, Masked: 198327.9696
Epoch [94/127], Total Loss: 23464.1827, NLL: 2.2566, Masked: 199231.6232
Epoch [95/127], Total Loss: 23366.8441, NLL: 2.2566, Masked: 198405.0526
Epoch [96/127], Total Loss: 23391.1289, NLL: 2.2566, Masked: 198611.2717
Epoch [97/127], Total Loss: 23430.4850, NLL: 2.2566, Masked: 198945.4718
Epoch [98/127], Total Loss: 23421.7004, NLL: 2.2566, Masked: 198870.8762
Epoch [99/127], Total Loss: 23378.1285, NLL: 2.2566, Masked: 198500.8761
Epoch [100/127], Total Loss: 23412.9660, NLL: 2.2566, Masked: 198796.7066
Epoch [101/127], Total Loss: 23388.2542, NLL: 2.2566, Masked: 198586.8612
Epoch [102/127], Total Loss: 23386.9866, NLL: 2.2566, Masked: 198576.0961
Epoch [103/127], Total Loss: 23375.1403, NLL: 2.2566, Masked: 198475.5009
Epoch [104/127], Total Loss: 23355.3363, NLL: 2.2566, Masked: 198307.3322
Epoch [105/127], Total Loss: 23420.4349, NLL: 2.2566, Masked: 198860.1298
Epoch [106/127], Total Loss: 23390.2503, NLL: 2.2566, Masked: 198603.8123
Epoch [107/127], Total Loss: 23390.4588, NLL: 2.2566, Masked: 198605.5818
Epoch [108/127], Total Loss: 23382.6508, NLL: 2.2566, Masked: 198539.2779
Epoch [109/127], Total Loss: 23373.5398, NLL: 2.2566, Masked: 198461.9109
Epoch [110/127], Total Loss: 23426.3081, NLL: 2.2566, Masked: 198910.0040
Epoch [111/127], Total Loss: 23400.2437, NLL: 2.2566, Masked: 198688.6712
Epoch [112/127], Total Loss: 23367.9205, NLL: 2.2566, Masked: 198414.1943
Epoch [113/127], Total Loss: 23378.8599, NLL: 2.2566, Masked: 198507.0872
Epoch [114/127], Total Loss: 23426.1041, NLL: 2.2566, Masked: 198908.2707
Epoch [115/127], Total Loss: 23426.4432, NLL: 2.2566, Masked: 198911.1502
Epoch [116/127], Total Loss: 23370.8437, NLL: 2.2566, Masked: 198439.0159
Epoch [117/127], Total Loss: 23392.1348, NLL: 2.2566, Masked: 198619.8141
Epoch [118/127], Total Loss: 23450.0535, NLL: 2.2566, Masked: 199111.6423
Epoch [119/127], Total Loss: 23446.9509, NLL: 2.2566, Masked: 199085.2953
Epoch [120/127], Total Loss: 23369.0646, NLL: 2.2566, Masked: 198423.9095
Epoch [121/127], Total Loss: 23391.5192, NLL: 2.2566, Masked: 198614.5868
Epoch [122/127], Total Loss: 23400.8520, NLL: 2.2566, Masked: 198693.8378
Epoch [123/127], Total Loss: 23376.8778, NLL: 2.2566, Masked: 198490.2559
Epoch [124/127], Total Loss: 23386.7119, NLL: 2.2566, Masked: 198573.7642
Epoch [125/127], Total Loss: 23390.7871, NLL: 2.2566, Masked: 198608.3703
Epoch [126/127], Total Loss: 23392.2307, NLL: 2.2566, Masked: 198620.6274
Epoch [127/127], Total Loss: 23359.1108, NLL: 2.2566, Masked: 198339.3846

==================================================
EVALUATING ON TRAINING DATA
==================================================

==================================================
TEST RESULTS
==================================================
Total Loss: 23290.770570
  - ZINB NLL: 2.256509
Total number of masked values: 12270050
  - Number of values with pi >= 0.3384706204365683: 0
  - Number of values with pi < 0.3384706204365683: 12270050
  - Masked Reconstruction: 197759.060253
Mean Absolute Error (MAE): 197023.468750
R² Score: -5119559073792.000000
==================================================


==================================================
TEST RESULTS
==================================================
Total Loss: 23559.924765
  - ZINB NLL: 2.297489
Total number of masked values: 4925954
  - Number of values with pi >= 0.3384706204365683: 0
  - Number of values with pi < 0.3384706204365683: 4925954
  - Masked Reconstruction: 200044.288377
Mean Absolute Error (MAE): 197023.562500
R² Score: -3420605382656.000000
==================================================


>>> Optimizing zinb_nll on VALIDATION set: 2.297489
>>> Full validation metrics: {'total_loss': 23559.924764955835, 'zinb_nll': 2.297489080745607, 'mae': 197023.5625, 'r2': -3420605382656.0, 'masked_loss': 200044.28837660598}


*** Checkpoint saved at iteration 10 ***

Iteration No: 10 ended. Evaluation done at random point.
Time taken: 980.1993
Function value obtained: 2.2975
Current minimum: 0.6046
Iteration No: 11 started. Evaluating function at random point.

================================================================================
Trial with parameters:
  features: Nucl
  data_point_length: 1441
  step_size: 0.6560859803706744
  bin_size: 70
  sample_fraction: 0.4214125163479748
  moving_average: True
  first_layer_size_factor: 147
  num_layers: 3
  use_conv: True
  conv_channel: 128
  pool_size: 8
  kernel_size: 7
  epochs: 136
  batch_size: 32
  pi_threshold: 0.4115485410368728
  learning_rate: 0.0012620410750629144
  dropout_rate: 0.42333057111915307
  masked_recon_weight: 2.6625462932128228
  regularizer: l2
  regularization_weight: 16.38289664131447
================================================================================

Creating datasets with:
  features: ['Nucl']
  bin_size: 70
  moving_average: True
  data_point_length: 1441 (from 1441)
  step_size: 945 (from fraction 0.6560859803706744)
  layers: [np.int64(2352), np.int64(1176), np.int64(588)] (first=2352, num=3)
  stride: 1 (fixed), padding: same (fixed)


Clipping outliers using 95th percentile * 1.5...
strain_yTW001: Clipping values above 134.25 (P95=89.50). Clipped 27529/1193409 values (2.31%)
strain_FD: Clipping values above 71.92 (P95=47.94). Clipped 95791/4127807 values (2.32%)
strain_dnrp: Clipping values above 243.00 (P95=162.00). Clipped 25649/1119454 values (2.29%)
strain_yEK19: Clipping values above 77.10 (P95=51.40). Clipped 83713/3893623 values (2.15%)
strain_yEK23: Clipping values above 72.00 (P95=48.00). Clipped 86381/3558407 values (2.43%)
strain_yWT03a: Clipping values above 15.00 (P95=10.00). Clipped 10602/347679 values (3.05%)
strain_yWT04a: Clipping values above 58.50 (P95=39.00). Clipped 21095/725406 values (2.91%)
strain_ylic137: Clipping values above 142.50 (P95=95.00). Clipped 28746/1112684 values (2.58%)
Standardizing features: ['Nucl']
Column order in final array (Dataset/Chrom split): ['Value', 'Nucleosome_Distance', 'Value_Raw', 'Size_Factor']
Removing 0 empty data points out of 61968
Column order in final array (Dataset/Chrom split): ['Value', 'Nucleosome_Distance', 'Value_Raw', 'Size_Factor']
Removing 0 empty data points out of 21416
Column order in final array (Dataset/Chrom split): ['Value', 'Nucleosome_Distance', 'Value_Raw', 'Size_Factor']
Removing 0 empty data points out of 18792
Datasets created:
  Train: (61968, 1441, 4), Val: (21416, 1441, 4), Test: (18792, 1441, 4)

Randomly sampled 26114/61968 samples (42.1%)
Applied denoising with 15.0% masking
Applied denoising with 15.0% masking
Applied denoising with 15.0% masking
Epoch [1/136], Total Loss: 76.1626, NLL: 3.1925, Masked: 27.4061, Reg: 57037.421179
Epoch [2/136], Total Loss: 76.2894, NLL: 3.3175, Masked: 27.4068, Reg: 14471.813491
Epoch [3/136], Total Loss: 27.5097, NLL: 3.4527, Masked: 9.0353, Reg: 2092.335988
Epoch [4/136], Total Loss: 10.2540, NLL: 3.5312, Masked: 2.5250, Reg: 120.829986
Epoch [5/136], Total Loss: 10.2762, NLL: 3.5534, Masked: 2.5250, Reg: 2.714097
Epoch [6/136], Total Loss: 10.2801, NLL: 3.5559, Masked: 2.5255, Reg: 1.461422
Epoch [7/136], Total Loss: 10.2806, NLL: 3.5560, Masked: 2.5256, Reg: 1.454965
Epoch [8/136], Total Loss: 10.2807, NLL: 3.5560, Masked: 2.5256, Reg: 1.481606
Epoch [9/136], Total Loss: 10.2793, NLL: 3.5560, Masked: 2.5251, Reg: 1.457322
Epoch [10/136], Total Loss: 10.2784, NLL: 3.5560, Masked: 2.5248, Reg: 1.466015
Epoch [11/136], Total Loss: 10.2820, NLL: 3.5560, Masked: 2.5262, Reg: 1.484126
Epoch [12/136], Total Loss: 10.2778, NLL: 3.5560, Masked: 2.5246, Reg: 1.493601
Epoch [13/136], Total Loss: 10.2807, NLL: 3.5560, Masked: 2.5257, Reg: 1.483372
Epoch [14/136], Total Loss: 10.2788, NLL: 3.5560, Masked: 2.5249, Reg: 1.483821
Epoch [15/136], Total Loss: 10.2816, NLL: 3.5560, Masked: 2.5260, Reg: 1.489236
Epoch [16/136], Total Loss: 10.2799, NLL: 3.5560, Masked: 2.5254, Reg: 1.482660
Epoch [17/136], Total Loss: 10.2790, NLL: 3.5560, Masked: 2.5250, Reg: 1.483690
Epoch [18/136], Total Loss: 10.2808, NLL: 3.5560, Masked: 2.5257, Reg: 1.486094
Epoch [19/136], Total Loss: 10.2819, NLL: 3.5560, Masked: 2.5261, Reg: 1.484234
Epoch [20/136], Total Loss: 10.2798, NLL: 3.5560, Masked: 2.5253, Reg: 1.484021
Epoch [21/136], Total Loss: 10.2787, NLL: 3.5560, Masked: 2.5249, Reg: 1.484795
Epoch [22/136], Total Loss: 10.2813, NLL: 3.5560, Masked: 2.5259, Reg: 1.484720
Epoch [23/136], Total Loss: 10.2826, NLL: 3.5560, Masked: 2.5264, Reg: 1.483935
Epoch [24/136], Total Loss: 10.2809, NLL: 3.5560, Masked: 2.5257, Reg: 1.484462
Epoch [25/136], Total Loss: 10.2754, NLL: 3.5560, Masked: 2.5237, Reg: 1.484734
Epoch [26/136], Total Loss: 10.2790, NLL: 3.5560, Masked: 2.5250, Reg: 1.484200
Epoch [27/136], Total Loss: 10.2848, NLL: 3.5560, Masked: 2.5272, Reg: 1.484289
Epoch [28/136], Total Loss: 10.2792, NLL: 3.5560, Masked: 2.5251, Reg: 1.484460
Epoch [29/136], Total Loss: 10.2793, NLL: 3.5560, Masked: 2.5251, Reg: 1.484666
Epoch [30/136], Total Loss: 10.2788, NLL: 3.5560, Masked: 2.5250, Reg: 1.484230
Epoch [31/136], Total Loss: 10.2818, NLL: 3.5560, Masked: 2.5261, Reg: 1.484380
Epoch [32/136], Total Loss: 10.2788, NLL: 3.5560, Masked: 2.5249, Reg: 1.484609
Epoch [33/136], Total Loss: 10.2791, NLL: 3.5560, Masked: 2.5250, Reg: 1.484190
Epoch [34/136], Total Loss: 10.2789, NLL: 3.5560, Masked: 2.5250, Reg: 1.484543
Epoch [35/136], Total Loss: 10.2795, NLL: 3.5560, Masked: 2.5252, Reg: 1.484397
Epoch [36/136], Total Loss: 10.2795, NLL: 3.5560, Masked: 2.5252, Reg: 1.484459
Epoch [37/136], Total Loss: 10.2785, NLL: 3.5560, Masked: 2.5248, Reg: 1.484456
Epoch [38/136], Total Loss: 10.2797, NLL: 3.5560, Masked: 2.5253, Reg: 1.484337
Epoch [39/136], Total Loss: 10.2790, NLL: 3.5560, Masked: 2.5250, Reg: 1.484458
Epoch [40/136], Total Loss: 10.2796, NLL: 3.5560, Masked: 2.5253, Reg: 1.484558
Epoch [41/136], Total Loss: 10.2796, NLL: 3.5560, Masked: 2.5252, Reg: 1.484254
Epoch [42/136], Total Loss: 10.2812, NLL: 3.5560, Masked: 2.5259, Reg: 1.484437
Epoch [43/136], Total Loss: 10.2800, NLL: 3.5560, Masked: 2.5254, Reg: 1.484562
Epoch [44/136], Total Loss: 10.2817, NLL: 3.5560, Masked: 2.5260, Reg: 1.484222
Epoch [45/136], Total Loss: 10.2791, NLL: 3.5560, Masked: 2.5250, Reg: 1.484418
Epoch [46/136], Total Loss: 10.2820, NLL: 3.5560, Masked: 2.5261, Reg: 1.484662
Epoch [47/136], Total Loss: 10.2803, NLL: 3.5560, Masked: 2.5255, Reg: 1.484329
Epoch [48/136], Total Loss: 10.2794, NLL: 3.5560, Masked: 2.5252, Reg: 1.484353
Epoch [49/136], Total Loss: 10.2771, NLL: 3.5560, Masked: 2.5243, Reg: 1.484459
Epoch [50/136], Total Loss: 10.2817, NLL: 3.5560, Masked: 2.5260, Reg: 1.484429
Epoch [51/136], Total Loss: 10.2790, NLL: 3.5560, Masked: 2.5250, Reg: 1.484311
Epoch [52/136], Total Loss: 10.2786, NLL: 3.5560, Masked: 2.5249, Reg: 1.484531
Epoch [53/136], Total Loss: 10.2824, NLL: 3.5560, Masked: 2.5263, Reg: 1.484601
Epoch [54/136], Total Loss: 10.2803, NLL: 3.5560, Masked: 2.5255, Reg: 1.484234
Epoch [55/136], Total Loss: 10.2814, NLL: 3.5560, Masked: 2.5259, Reg: 1.484607
Epoch [56/136], Total Loss: 10.2821, NLL: 3.5560, Masked: 2.5262, Reg: 1.484406
Epoch [57/136], Total Loss: 10.2790, NLL: 3.5560, Masked: 2.5250, Reg: 1.484378
Epoch [58/136], Total Loss: 10.2809, NLL: 3.5560, Masked: 2.5257, Reg: 1.484318
Epoch [59/136], Total Loss: 10.2794, NLL: 3.5560, Masked: 2.5252, Reg: 1.484354
Epoch [60/136], Total Loss: 10.2791, NLL: 3.5560, Masked: 2.5250, Reg: 1.484510
Epoch [61/136], Total Loss: 10.2802, NLL: 3.5560, Masked: 2.5255, Reg: 1.484450
Epoch [62/136], Total Loss: 10.2818, NLL: 3.5560, Masked: 2.5261, Reg: 1.484429
Epoch [63/136], Total Loss: 10.2810, NLL: 3.5560, Masked: 2.5258, Reg: 1.484624
Epoch [64/136], Total Loss: 10.2812, NLL: 3.5560, Masked: 2.5259, Reg: 1.484325
Epoch [65/136], Total Loss: 10.2821, NLL: 3.5560, Masked: 2.5262, Reg: 1.484250
Epoch [66/136], Total Loss: 10.2813, NLL: 3.5560, Masked: 2.5259, Reg: 1.484681
Epoch [67/136], Total Loss: 10.2811, NLL: 3.5560, Masked: 2.5258, Reg: 1.484340
Epoch [68/136], Total Loss: 10.2814, NLL: 3.5560, Masked: 2.5259, Reg: 1.484418
Epoch [69/136], Total Loss: 10.2809, NLL: 3.5560, Masked: 2.5257, Reg: 1.484240
Epoch [70/136], Total Loss: 10.2824, NLL: 3.5560, Masked: 2.5263, Reg: 1.484588
Epoch [71/136], Total Loss: 10.2796, NLL: 3.5560, Masked: 2.5252, Reg: 1.484322
Epoch [72/136], Total Loss: 10.2805, NLL: 3.5560, Masked: 2.5256, Reg: 1.484431
Epoch [73/136], Total Loss: 10.2824, NLL: 3.5560, Masked: 2.5263, Reg: 1.484506
Epoch [74/136], Total Loss: 10.2792, NLL: 3.5560, Masked: 2.5251, Reg: 1.484351
Epoch [75/136], Total Loss: 10.2805, NLL: 3.5560, Masked: 2.5256, Reg: 1.484511
Epoch [76/136], Total Loss: 10.2801, NLL: 3.5560, Masked: 2.5254, Reg: 1.484303
Epoch [77/136], Total Loss: 10.2811, NLL: 3.5560, Masked: 2.5258, Reg: 1.484302
Epoch [78/136], Total Loss: 10.2786, NLL: 3.5560, Masked: 2.5248, Reg: 1.484515
Epoch [79/136], Total Loss: 10.2805, NLL: 3.5560, Masked: 2.5256, Reg: 1.484261
Epoch [80/136], Total Loss: 10.2780, NLL: 3.5560, Masked: 2.5247, Reg: 1.484454
Epoch [81/136], Total Loss: 10.2820, NLL: 3.5560, Masked: 2.5261, Reg: 1.484451
Epoch [82/136], Total Loss: 10.2837, NLL: 3.5560, Masked: 2.5268, Reg: 1.484410
Epoch [83/136], Total Loss: 10.2833, NLL: 3.5560, Masked: 2.5266, Reg: 1.484512
Epoch [84/136], Total Loss: 10.2821, NLL: 3.5560, Masked: 2.5262, Reg: 1.484314
Epoch [85/136], Total Loss: 10.2792, NLL: 3.5560, Masked: 2.5251, Reg: 1.484457
Epoch [86/136], Total Loss: 10.2799, NLL: 3.5560, Masked: 2.5253, Reg: 1.484354
Epoch [87/136], Total Loss: 10.2824, NLL: 3.5560, Masked: 2.5263, Reg: 1.484526
Epoch [88/136], Total Loss: 10.2784, NLL: 3.5560, Masked: 2.5248, Reg: 1.484330
Epoch [89/136], Total Loss: 10.2804, NLL: 3.5560, Masked: 2.5256, Reg: 1.484556
Epoch [90/136], Total Loss: 10.2794, NLL: 3.5560, Masked: 2.5252, Reg: 1.484213
Epoch [91/136], Total Loss: 10.2806, NLL: 3.5560, Masked: 2.5256, Reg: 1.484646
Epoch [92/136], Total Loss: 10.2821, NLL: 3.5560, Masked: 2.5262, Reg: 1.484262
Epoch [93/136], Total Loss: 10.2808, NLL: 3.5560, Masked: 2.5257, Reg: 1.484585
Epoch [94/136], Total Loss: 10.2799, NLL: 3.5560, Masked: 2.5253, Reg: 1.484188
Epoch [95/136], Total Loss: 10.2782, NLL: 3.5560, Masked: 2.5247, Reg: 1.484400
Epoch [96/136], Total Loss: 10.2774, NLL: 3.5560, Masked: 2.5244, Reg: 1.484641
Epoch [97/136], Total Loss: 10.2812, NLL: 3.5560, Masked: 2.5259, Reg: 1.484293
Epoch [98/136], Total Loss: 10.2801, NLL: 3.5560, Masked: 2.5254, Reg: 1.484463
Epoch [99/136], Total Loss: 10.2792, NLL: 3.5560, Masked: 2.5251, Reg: 1.484463
Epoch [100/136], Total Loss: 10.2827, NLL: 3.5560, Masked: 2.5264, Reg: 1.484438
Epoch [101/136], Total Loss: 10.2813, NLL: 3.5560, Masked: 2.5259, Reg: 1.484288
Epoch [102/136], Total Loss: 10.2785, NLL: 3.5560, Masked: 2.5248, Reg: 1.484282
Epoch [103/136], Total Loss: 10.2775, NLL: 3.5560, Masked: 2.5244, Reg: 1.484508
Epoch [104/136], Total Loss: 10.2779, NLL: 3.5560, Masked: 2.5246, Reg: 1.484469
Epoch [105/136], Total Loss: 10.2814, NLL: 3.5560, Masked: 2.5259, Reg: 1.484456
Epoch [106/136], Total Loss: 10.2807, NLL: 3.5560, Masked: 2.5256, Reg: 1.484491
Epoch [107/136], Total Loss: 10.2808, NLL: 3.5560, Masked: 2.5257, Reg: 1.484406
Epoch [108/136], Total Loss: 10.2800, NLL: 3.5560, Masked: 2.5254, Reg: 1.484486
Epoch [109/136], Total Loss: 10.2807, NLL: 3.5560, Masked: 2.5257, Reg: 1.484303
Epoch [110/136], Total Loss: 10.2790, NLL: 3.5560, Masked: 2.5250, Reg: 1.484406
Epoch [111/136], Total Loss: 10.2811, NLL: 3.5560, Masked: 2.5258, Reg: 1.484616
Epoch [112/136], Total Loss: 10.2815, NLL: 3.5560, Masked: 2.5260, Reg: 1.484219
Epoch [113/136], Total Loss: 10.2821, NLL: 3.5560, Masked: 2.5262, Reg: 1.484321
Epoch [114/136], Total Loss: 10.2815, NLL: 3.5560, Masked: 2.5259, Reg: 1.484604
Epoch [115/136], Total Loss: 10.2810, NLL: 3.5560, Masked: 2.5258, Reg: 1.484270
Epoch [116/136], Total Loss: 10.2825, NLL: 3.5560, Masked: 2.5263, Reg: 1.484631
Epoch [117/136], Total Loss: 10.2823, NLL: 3.5560, Masked: 2.5263, Reg: 1.484277
Epoch [118/136], Total Loss: 10.2810, NLL: 3.5560, Masked: 2.5258, Reg: 1.484402
Epoch [119/136], Total Loss: 10.2798, NLL: 3.5560, Masked: 2.5253, Reg: 1.484377
Epoch [120/136], Total Loss: 10.2787, NLL: 3.5560, Masked: 2.5249, Reg: 1.484559
Epoch [121/136], Total Loss: 10.2796, NLL: 3.5560, Masked: 2.5252, Reg: 1.484388
Epoch [122/136], Total Loss: 10.2785, NLL: 3.5560, Masked: 2.5248, Reg: 1.484312
Epoch [123/136], Total Loss: 10.2786, NLL: 3.5560, Masked: 2.5249, Reg: 1.484582
Epoch [124/136], Total Loss: 10.2785, NLL: 3.5560, Masked: 2.5248, Reg: 1.484579
Epoch [125/136], Total Loss: 10.2806, NLL: 3.5560, Masked: 2.5256, Reg: 1.484305
Epoch [126/136], Total Loss: 10.2834, NLL: 3.5560, Masked: 2.5267, Reg: 1.484284
Epoch [127/136], Total Loss: 10.2788, NLL: 3.5560, Masked: 2.5249, Reg: 1.484327
Epoch [128/136], Total Loss: 10.2815, NLL: 3.5560, Masked: 2.5260, Reg: 1.484494
Epoch [129/136], Total Loss: 10.2837, NLL: 3.5560, Masked: 2.5268, Reg: 1.484463
Epoch [130/136], Total Loss: 10.2798, NLL: 3.5560, Masked: 2.5253, Reg: 1.484259
Epoch [131/136], Total Loss: 10.2796, NLL: 3.5560, Masked: 2.5253, Reg: 1.484548
Epoch [132/136], Total Loss: 10.2811, NLL: 3.5560, Masked: 2.5258, Reg: 1.484730
Epoch [133/136], Total Loss: 10.2801, NLL: 3.5560, Masked: 2.5254, Reg: 1.484326
Epoch [134/136], Total Loss: 10.2831, NLL: 3.5560, Masked: 2.5266, Reg: 1.484281
Epoch [135/136], Total Loss: 10.2740, NLL: 3.5560, Masked: 2.5231, Reg: 1.484310
Epoch [136/136], Total Loss: 10.2825, NLL: 3.5560, Masked: 2.5263, Reg: 1.484551

==================================================
EVALUATING ON TRAINING DATA
==================================================

==================================================
TEST RESULTS
==================================================
Total Loss: 10.280114
  - ZINB NLL: 3.555974
Total number of masked values: 5003155
  - Number of values with pi >= 0.4115485410368728: 5003155
  - Number of values with pi < 0.4115485410368728: 0
  - Masked Reconstruction: 2.525455
  - Regularization: 1.481967
Mean Absolute Error (MAE): 2.246944
R² Score: -0.244282
==================================================


==================================================
TEST RESULTS
==================================================
Total Loss: 9.986066
  - ZINB NLL: 3.518231
Total number of masked values: 4043853
  - Number of values with pi >= 0.4115485410368728: 4043853
  - Number of values with pi < 0.4115485410368728: 0
  - Masked Reconstruction: 2.429191
  - Regularization: 1.481967
Mean Absolute Error (MAE): 2.265563
R² Score: -0.183512
==================================================


>>> Optimizing zinb_nll on VALIDATION set: 3.518231
>>> Full validation metrics: {'total_loss': 9.98606603965859, 'zinb_nll': 3.518231362338203, 'mae': 2.265563488006592, 'r2': -0.18351233005523682, 'masked_loss': 2.4291913385517256, 'reg_loss': 1.4819670867077328}

Iteration No: 11 ended. Evaluation done at random point.
Time taken: 2743.6661
Function value obtained: 3.5182
Current minimum: 0.6046
Iteration No: 12 started. Evaluating function at random point.

================================================================================
Trial with parameters:
  features: Nucl
  data_point_length: 4710
  step_size: 0.8390054883354578
  bin_size: 67
  sample_fraction: 0.6855149660773411
  moving_average: True
  first_layer_size_factor: 141
  num_layers: 5
  use_conv: True
  conv_channel: 50
  pool_size: 5
  kernel_size: 5
  epochs: 149
  batch_size: 32
  pi_threshold: 0.30723014544620836
  learning_rate: 0.00030316645506200056
  dropout_rate: 0.08941135461066442
  masked_recon_weight: 0.029233117913767686
  regularizer: none
  regularization_weight: 1.1132160770068644
================================================================================

Creating datasets with:
  features: ['Nucl']
  bin_size: 67
  moving_average: True
  data_point_length: 4710 (from 4710)
  step_size: 3951 (from fraction 0.8390054883354578)
  layers: [np.int64(2256), np.int64(1128), np.int64(564), np.int64(282), np.int64(141)] (first=2256, num=5)
  stride: 1 (fixed), padding: same (fixed)


Clipping outliers using 95th percentile * 1.5...
strain_yTW001: Clipping values above 134.25 (P95=89.50). Clipped 27529/1193409 values (2.31%)
strain_FD: Clipping values above 71.92 (P95=47.94). Clipped 95791/4127807 values (2.32%)
strain_dnrp: Clipping values above 243.00 (P95=162.00). Clipped 25649/1119454 values (2.29%)
strain_yEK19: Clipping values above 77.10 (P95=51.40). Clipped 83713/3893623 values (2.15%)
strain_yEK23: Clipping values above 72.00 (P95=48.00). Clipped 86381/3558407 values (2.43%)
strain_yWT03a: Clipping values above 15.00 (P95=10.00). Clipped 10602/347679 values (3.05%)
strain_yWT04a: Clipping values above 58.50 (P95=39.00). Clipped 21095/725406 values (2.91%)
strain_ylic137: Clipping values above 142.50 (P95=95.00). Clipped 28746/1112684 values (2.58%)
Standardizing features: ['Nucl']
Column order in final array (Dataset/Chrom split): ['Value', 'Nucleosome_Distance', 'Value_Raw', 'Size_Factor']
Removing 0 empty data points out of 14832
Column order in final array (Dataset/Chrom split): ['Value', 'Nucleosome_Distance', 'Value_Raw', 'Size_Factor']
Removing 0 empty data points out of 5128
Column order in final array (Dataset/Chrom split): ['Value', 'Nucleosome_Distance', 'Value_Raw', 'Size_Factor']
Removing 0 empty data points out of 4512
Datasets created:
  Train: (14832, 4710, 4), Val: (5128, 4710, 4), Test: (4512, 4710, 4)

Randomly sampled 10167/14832 samples (68.6%)
Applied denoising with 15.0% masking
Applied denoising with 15.0% masking
Applied denoising with 15.0% masking
Epoch [1/149], Total Loss: 2.3356, NLL: 2.2561, Masked: 2.7215
Epoch [2/149], Total Loss: 2.3097, NLL: 2.2441, Masked: 2.2441
Epoch [3/149], Total Loss: 2.3105, NLL: 2.2448, Masked: 2.2444
Epoch [4/149], Total Loss: 2.3112, NLL: 2.2456, Masked: 2.2440
Epoch [5/149], Total Loss: 2.3120, NLL: 2.2464, Masked: 2.2435
Epoch [6/149], Total Loss: 2.3128, NLL: 2.2472, Masked: 2.2425
Epoch [7/149], Total Loss: 2.3144, NLL: 2.2488, Masked: 2.2441
Epoch [8/149], Total Loss: 2.3177, NLL: 2.2521, Masked: 2.2442
Epoch [9/149], Total Loss: 2.3200, NLL: 2.2543, Masked: 2.2452
Epoch [10/149], Total Loss: 2.3216, NLL: 2.2560, Masked: 2.2439
Epoch [11/149], Total Loss: 2.3216, NLL: 2.2560, Masked: 2.2438
Epoch [12/149], Total Loss: 2.3219, NLL: 2.2563, Masked: 2.2445
Epoch [13/149], Total Loss: 2.3225, NLL: 2.2569, Masked: 2.2454
Epoch [14/149], Total Loss: 2.3228, NLL: 2.2573, Masked: 2.2437
Epoch [15/149], Total Loss: 2.3230, NLL: 2.2574, Masked: 2.2449
Epoch [16/149], Total Loss: 2.3230, NLL: 2.2574, Masked: 2.2447
Epoch [17/149], Total Loss: 2.3230, NLL: 2.2574, Masked: 2.2436
Epoch [18/149], Total Loss: 2.3233, NLL: 2.2577, Masked: 2.2443
Epoch [19/149], Total Loss: 2.3233, NLL: 2.2577, Masked: 2.2446
Epoch [20/149], Total Loss: 2.3236, NLL: 2.2580, Masked: 2.2442
Epoch [21/149], Total Loss: 2.3239, NLL: 2.2583, Masked: 2.2435
Epoch [22/149], Total Loss: 2.3239, NLL: 2.2583, Masked: 2.2446
Epoch [23/149], Total Loss: 2.3240, NLL: 2.2584, Masked: 2.2446
Epoch [24/149], Total Loss: 2.3246, NLL: 2.2590, Masked: 2.2435
Epoch [25/149], Total Loss: 2.3251, NLL: 2.2594, Masked: 2.2449
Epoch [26/149], Total Loss: 2.3255, NLL: 2.2599, Masked: 2.2446
Epoch [27/149], Total Loss: 2.3256, NLL: 2.2600, Masked: 2.2447
Epoch [28/149], Total Loss: 2.3292, NLL: 2.2636, Masked: 2.2445
Epoch [29/149], Total Loss: 2.3320, NLL: 2.2664, Masked: 2.2443
Epoch [30/149], Total Loss: 2.3328, NLL: 2.2672, Masked: 2.2444
Epoch [31/149], Total Loss: 2.3334, NLL: 2.2678, Masked: 2.2448
Epoch [32/149], Total Loss: 2.3339, NLL: 2.2682, Masked: 2.2450
Epoch [33/149], Total Loss: 2.3342, NLL: 2.2686, Masked: 2.2436
Epoch [34/149], Total Loss: 2.3342, NLL: 2.2686, Masked: 2.2441
Epoch [35/149], Total Loss: 2.3343, NLL: 2.2687, Masked: 2.2439
Epoch [36/149], Total Loss: 2.3345, NLL: 2.2689, Masked: 2.2442
Epoch [37/149], Total Loss: 2.3347, NLL: 2.2691, Masked: 2.2437
Epoch [38/149], Total Loss: 2.3346, NLL: 2.2690, Masked: 2.2443
Epoch [39/149], Total Loss: 2.3346, NLL: 2.2690, Masked: 2.2456
Epoch [40/149], Total Loss: 2.3346, NLL: 2.2690, Masked: 2.2439
Epoch [41/149], Total Loss: 2.3349, NLL: 2.2693, Masked: 2.2450
Epoch [42/149], Total Loss: 2.3353, NLL: 2.2697, Masked: 2.2446
Epoch [43/149], Total Loss: 2.3355, NLL: 2.2699, Masked: 2.2435
Epoch [44/149], Total Loss: 2.3355, NLL: 2.2699, Masked: 2.2449
Epoch [45/149], Total Loss: 2.3355, NLL: 2.2699, Masked: 2.2457
Epoch [46/149], Total Loss: 2.3355, NLL: 2.2699, Masked: 2.2446
Epoch [47/149], Total Loss: 2.3355, NLL: 2.2699, Masked: 2.2456
Epoch [48/149], Total Loss: 2.3355, NLL: 2.2699, Masked: 2.2443
Epoch [49/149], Total Loss: 2.3355, NLL: 2.2699, Masked: 2.2452
Epoch [50/149], Total Loss: 2.3355, NLL: 2.2699, Masked: 2.2436
Epoch [51/149], Total Loss: 2.3355, NLL: 2.2699, Masked: 2.2445
Epoch [52/149], Total Loss: 2.3355, NLL: 2.2699, Masked: 2.2443
Epoch [53/149], Total Loss: 2.3355, NLL: 2.2699, Masked: 2.2439
Epoch [54/149], Total Loss: 2.3355, NLL: 2.2699, Masked: 2.2451
Epoch [55/149], Total Loss: 2.3355, NLL: 2.2699, Masked: 2.2435
Epoch [56/149], Total Loss: 2.3355, NLL: 2.2699, Masked: 2.2439
Epoch [57/149], Total Loss: 2.3355, NLL: 2.2699, Masked: 2.2445
Epoch [58/149], Total Loss: 2.3355, NLL: 2.2699, Masked: 2.2447
Epoch [59/149], Total Loss: 2.3355, NLL: 2.2699, Masked: 2.2438
Epoch [60/149], Total Loss: 2.3355, NLL: 2.2699, Masked: 2.2449
Epoch [61/149], Total Loss: 2.3355, NLL: 2.2699, Masked: 2.2440
Epoch [62/149], Total Loss: 2.3355, NLL: 2.2699, Masked: 2.2442
Epoch [63/149], Total Loss: 2.3355, NLL: 2.2699, Masked: 2.2449
Epoch [64/149], Total Loss: 2.3355, NLL: 2.2699, Masked: 2.2459
Epoch [65/149], Total Loss: 2.3355, NLL: 2.2699, Masked: 2.2449
Epoch [66/149], Total Loss: 2.3354, NLL: 2.2699, Masked: 2.2426
Epoch [67/149], Total Loss: 2.3355, NLL: 2.2699, Masked: 2.2443
Epoch [68/149], Total Loss: 2.3355, NLL: 2.2699, Masked: 2.2452
Epoch [69/149], Total Loss: 2.3355, NLL: 2.2699, Masked: 2.2441
Epoch [70/149], Total Loss: 2.3358, NLL: 2.2702, Masked: 2.2436
Epoch [71/149], Total Loss: 2.3358, NLL: 2.2702, Masked: 2.2432
Epoch [72/149], Total Loss: 2.3358, NLL: 2.2702, Masked: 2.2440
Epoch [73/149], Total Loss: 2.3358, NLL: 2.2702, Masked: 2.2447
Epoch [74/149], Total Loss: 2.3358, NLL: 2.2702, Masked: 2.2441
Epoch [75/149], Total Loss: 2.3359, NLL: 2.2702, Masked: 2.2449
Epoch [76/149], Total Loss: 2.3358, NLL: 2.2702, Masked: 2.2443
Epoch [77/149], Total Loss: 2.3358, NLL: 2.2702, Masked: 2.2441
Epoch [78/149], Total Loss: 2.3358, NLL: 2.2702, Masked: 2.2441
Epoch [79/149], Total Loss: 2.3358, NLL: 2.2702, Masked: 2.2443
Epoch [80/149], Total Loss: 2.3358, NLL: 2.2702, Masked: 2.2447
Epoch [81/149], Total Loss: 2.3358, NLL: 2.2702, Masked: 2.2441
Epoch [82/149], Total Loss: 2.3358, NLL: 2.2702, Masked: 2.2446
Epoch [83/149], Total Loss: 2.3358, NLL: 2.2702, Masked: 2.2445
Epoch [84/149], Total Loss: 2.3358, NLL: 2.2702, Masked: 2.2439
Epoch [85/149], Total Loss: 2.3358, NLL: 2.2702, Masked: 2.2445
Epoch [86/149], Total Loss: 2.3358, NLL: 2.2702, Masked: 2.2448
Epoch [87/149], Total Loss: 2.3358, NLL: 2.2702, Masked: 2.2432
Epoch [88/149], Total Loss: 2.3358, NLL: 2.2702, Masked: 2.2447
Epoch [89/149], Total Loss: 2.3358, NLL: 2.2702, Masked: 2.2442
Epoch [90/149], Total Loss: 2.3361, NLL: 2.2705, Masked: 2.2448
Epoch [91/149], Total Loss: 2.3362, NLL: 2.2706, Masked: 2.2448
Epoch [92/149], Total Loss: 2.3363, NLL: 2.2707, Masked: 2.2439
Epoch [93/149], Total Loss: 2.3365, NLL: 2.2709, Masked: 2.2445
Epoch [94/149], Total Loss: 2.3365, NLL: 2.2709, Masked: 2.2441
Epoch [95/149], Total Loss: 2.3365, NLL: 2.2709, Masked: 2.2445
Epoch [96/149], Total Loss: 2.3365, NLL: 2.2709, Masked: 2.2450
Epoch [97/149], Total Loss: 2.3365, NLL: 2.2709, Masked: 2.2442
Epoch [98/149], Total Loss: 2.3365, NLL: 2.2709, Masked: 2.2438
Epoch [99/149], Total Loss: 2.3365, NLL: 2.2709, Masked: 2.2449
Epoch [100/149], Total Loss: 2.3365, NLL: 2.2709, Masked: 2.2445
Epoch [101/149], Total Loss: 2.3365, NLL: 2.2709, Masked: 2.2442
Epoch [102/149], Total Loss: 2.3365, NLL: 2.2709, Masked: 2.2440
Epoch [103/149], Total Loss: 2.3365, NLL: 2.2709, Masked: 2.2443
Epoch [104/149], Total Loss: 2.3365, NLL: 2.2709, Masked: 2.2441
Epoch [105/149], Total Loss: 2.3365, NLL: 2.2709, Masked: 2.2451
Epoch [106/149], Total Loss: 2.3364, NLL: 2.2709, Masked: 2.2429
Epoch [107/149], Total Loss: 2.3365, NLL: 2.2709, Masked: 2.2441
Epoch [108/149], Total Loss: 2.3365, NLL: 2.2709, Masked: 2.2450
Epoch [109/149], Total Loss: 2.3367, NLL: 2.2711, Masked: 2.2447
Epoch [110/149], Total Loss: 2.3368, NLL: 2.2712, Masked: 2.2451
Epoch [111/149], Total Loss: 2.3368, NLL: 2.2712, Masked: 2.2449
Epoch [112/149], Total Loss: 2.3368, NLL: 2.2712, Masked: 2.2451
Epoch [113/149], Total Loss: 2.3368, NLL: 2.2712, Masked: 2.2440
Epoch [114/149], Total Loss: 2.3368, NLL: 2.2712, Masked: 2.2446
Epoch [115/149], Total Loss: 2.3368, NLL: 2.2712, Masked: 2.2448
Epoch [116/149], Total Loss: 2.3370, NLL: 2.2714, Masked: 2.2440
Epoch [117/149], Total Loss: 2.3371, NLL: 2.2715, Masked: 2.2433
Epoch [118/149], Total Loss: 2.3371, NLL: 2.2715, Masked: 2.2447
Epoch [119/149], Total Loss: 2.3373, NLL: 2.2716, Masked: 2.2452
Epoch [120/149], Total Loss: 2.3374, NLL: 2.2718, Masked: 2.2439
Epoch [121/149], Total Loss: 2.3374, NLL: 2.2718, Masked: 2.2446
Epoch [122/149], Total Loss: 2.3374, NLL: 2.2718, Masked: 2.2452
Epoch [123/149], Total Loss: 2.3376, NLL: 2.2720, Masked: 2.2448
Epoch [124/149], Total Loss: 2.3377, NLL: 2.2721, Masked: 2.2441
Epoch [125/149], Total Loss: 2.3378, NLL: 2.2721, Masked: 2.2451
Epoch [126/149], Total Loss: 2.3378, NLL: 2.2721, Masked: 2.2449
Epoch [127/149], Total Loss: 2.3377, NLL: 2.2721, Masked: 2.2438
Epoch [128/149], Total Loss: 2.3378, NLL: 2.2721, Masked: 2.2445
Epoch [129/149], Total Loss: 2.3377, NLL: 2.2721, Masked: 2.2442
Epoch [130/149], Total Loss: 2.3377, NLL: 2.2721, Masked: 2.2443
Epoch [131/149], Total Loss: 2.3379, NLL: 2.2723, Masked: 2.2440
Epoch [132/149], Total Loss: 2.3381, NLL: 2.2725, Masked: 2.2446
Epoch [133/149], Total Loss: 2.3381, NLL: 2.2725, Masked: 2.2449
Epoch [134/149], Total Loss: 2.3381, NLL: 2.2725, Masked: 2.2448
Epoch [135/149], Total Loss: 2.3380, NLL: 2.2725, Masked: 2.2433
Epoch [136/149], Total Loss: 2.3381, NLL: 2.2725, Masked: 2.2446
Epoch [137/149], Total Loss: 2.3381, NLL: 2.2725, Masked: 2.2455
Epoch [138/149], Total Loss: 2.3381, NLL: 2.2725, Masked: 2.2453
Epoch [139/149], Total Loss: 2.3380, NLL: 2.2725, Masked: 2.2435
Epoch [140/149], Total Loss: 2.3381, NLL: 2.2725, Masked: 2.2441
Epoch [141/149], Total Loss: 2.3381, NLL: 2.2725, Masked: 2.2450
Epoch [142/149], Total Loss: 2.3381, NLL: 2.2725, Masked: 2.2440
Epoch [143/149], Total Loss: 2.3381, NLL: 2.2725, Masked: 2.2443
Epoch [144/149], Total Loss: 2.3380, NLL: 2.2725, Masked: 2.2437
Epoch [145/149], Total Loss: 2.3381, NLL: 2.2725, Masked: 2.2449
Epoch [146/149], Total Loss: 2.3381, NLL: 2.2725, Masked: 2.2445
Epoch [147/149], Total Loss: 2.3381, NLL: 2.2725, Masked: 2.2442
Epoch [148/149], Total Loss: 2.3381, NLL: 2.2725, Masked: 2.2448
Epoch [149/149], Total Loss: 2.3381, NLL: 2.2725, Masked: 2.2447

==================================================
EVALUATING ON TRAINING DATA
==================================================

==================================================
TEST RESULTS
==================================================
Total Loss: 2.338047
  - ZINB NLL: 2.272455
Total number of masked values: 6339041
  - Number of values with pi >= 0.30723014544620836: 0
  - Number of values with pi < 0.30723014544620836: 6339041
  - Masked Reconstruction: 2.243739
Mean Absolute Error (MAE): 2.101699
R² Score: -0.072537
==================================================


==================================================
TEST RESULTS
==================================================
Total Loss: 2.383853
  - ZINB NLL: 2.317050
Total number of masked values: 3147610
  - Number of values with pi >= 0.30723014544620836: 0
  - Number of values with pi < 0.30723014544620836: 3147610
  - Masked Reconstruction: 2.285199
Mean Absolute Error (MAE): 2.194805
R² Score: -0.055625
==================================================


>>> Optimizing zinb_nll on VALIDATION set: 2.317050
>>> Full validation metrics: {'total_loss': 2.3838534163610428, 'zinb_nll': 2.3170499344139874, 'mae': 2.194805145263672, 'r2': -0.05562472343444824, 'masked_loss': 2.285198626391787}

Iteration No: 12 ended. Evaluation done at random point.
Time taken: 2013.9542
Function value obtained: 2.3170
Current minimum: 0.6046
Iteration No: 13 started. Evaluating function at random point.

================================================================================
Trial with parameters:
  features: Centr_Nucl
  data_point_length: 2941
  step_size: 0.63161055762907
  bin_size: 64
  sample_fraction: 0.43784636395418813
  moving_average: False
  first_layer_size_factor: 147
  num_layers: 3
  use_conv: False
  conv_channel: 65
  pool_size: 4
  kernel_size: 7
  epochs: 110
  batch_size: 128
  pi_threshold: 0.3920741072966221
  learning_rate: 0.0003144706654325597
  dropout_rate: 0.2860020996045916
  masked_recon_weight: 1.1863588031959953
  regularizer: l1
  regularization_weight: 91.59116341616374
================================================================================

Creating datasets with:
  features: ['Centr', 'Nucl']
  bin_size: 64
  moving_average: False
  data_point_length: 45 (from 2941)
  step_size: 28 (from fraction 0.63161055762907)
  layers: [np.int64(2352), np.int64(1176), np.int64(588)] (first=2352, num=3)
  stride: 1 (fixed), padding: same (fixed)


Clipping outliers using 95th percentile * 1.5...
strain_yTW001: Clipping values above 134.25 (P95=89.50). Clipped 27529/1193409 values (2.31%)
strain_FD: Clipping values above 71.92 (P95=47.94). Clipped 95791/4127807 values (2.32%)
strain_dnrp: Clipping values above 243.00 (P95=162.00). Clipped 25649/1119454 values (2.29%)
strain_yEK19: Clipping values above 77.10 (P95=51.40). Clipped 83713/3893623 values (2.15%)
strain_yEK23: Clipping values above 72.00 (P95=48.00). Clipped 86381/3558407 values (2.43%)
strain_yWT03a: Clipping values above 15.00 (P95=10.00). Clipped 10602/347679 values (3.05%)
strain_yWT04a: Clipping values above 58.50 (P95=39.00). Clipped 21095/725406 values (2.91%)
strain_ylic137: Clipping values above 142.50 (P95=95.00). Clipped 28746/1112684 values (2.58%)
Standardizing features: ['Centr', 'Nucl']
Column order in final array (Dataset/Chrom split): ['Value', 'Nucleosome_Distance', 'Centromere_Distance', 'Value_Raw', 'Size_Factor']
Removing 0 empty data points out of 32688
Column order in final array (Dataset/Chrom split): ['Value', 'Nucleosome_Distance', 'Centromere_Distance', 'Value_Raw', 'Size_Factor']
Removing 0 empty data points out of 11296
Column order in final array (Dataset/Chrom split): ['Value', 'Nucleosome_Distance', 'Centromere_Distance', 'Value_Raw', 'Size_Factor']
Removing 0 empty data points out of 9912
Datasets created:
  Train: (32688, 45, 5), Val: (11296, 45, 5), Test: (9912, 45, 5)

Randomly sampled 14312/32688 samples (43.8%)
Applied denoising with 15.0% masking
Applied denoising with 15.0% masking
Applied denoising with 15.0% masking
Epoch [1/110], Total Loss: 3247851.3908, NLL: 3.1391, Masked: 27.5197, Reg: 3247815.577198
Epoch [2/110], Total Loss: 249262.7806, NLL: 3.1409, Masked: 27.5186, Reg: 249226.992088
Epoch [3/110], Total Loss: 42267.7527, NLL: 3.1429, Masked: 27.5180, Reg: 42231.963641
Epoch [4/110], Total Loss: 35007.9648, NLL: 3.1450, Masked: 27.5160, Reg: 34972.175830
Epoch [5/110], Total Loss: 34872.5347, NLL: 3.1472, Masked: 27.5171, Reg: 34836.742060
Epoch [6/110], Total Loss: 34716.1926, NLL: 3.1496, Masked: 27.5191, Reg: 34680.395321
Epoch [7/110], Total Loss: 34569.7670, NLL: 3.1520, Masked: 27.5188, Reg: 34533.967915
Epoch [8/110], Total Loss: 34438.8802, NLL: 3.1546, Masked: 27.5176, Reg: 34403.079636
Epoch [9/110], Total Loss: 34284.0233, NLL: 3.1573, Masked: 27.5173, Reg: 34248.220589
Epoch [10/110], Total Loss: 34138.2420, NLL: 3.1602, Masked: 27.5160, Reg: 34102.438028
Epoch [11/110], Total Loss: 33994.7768, NLL: 3.1632, Masked: 27.5158, Reg: 33958.969632
Epoch [12/110], Total Loss: 33851.1388, NLL: 3.1663, Masked: 27.5160, Reg: 33815.328562
Epoch [13/110], Total Loss: 33705.7447, NLL: 3.1696, Masked: 27.5160, Reg: 33669.931038
Epoch [14/110], Total Loss: 33556.2402, NLL: 3.1730, Masked: 27.5120, Reg: 33520.428008
Epoch [15/110], Total Loss: 33409.9320, NLL: 3.1766, Masked: 27.5163, Reg: 33374.111078
Epoch [16/110], Total Loss: 33270.0218, NLL: 3.1804, Masked: 27.5127, Reg: 33234.201269
Epoch [17/110], Total Loss: 33129.3865, NLL: 3.1843, Masked: 27.5160, Reg: 33093.557978
Epoch [18/110], Total Loss: 32969.8467, NLL: 3.1884, Masked: 27.5137, Reg: 32934.017047
Epoch [19/110], Total Loss: 32828.6928, NLL: 3.1926, Masked: 27.5202, Reg: 32792.851197
Epoch [20/110], Total Loss: 32695.7735, NLL: 3.1970, Masked: 27.5197, Reg: 32659.928074
Epoch [21/110], Total Loss: 32538.1968, NLL: 3.2017, Masked: 27.5173, Reg: 32502.349713
Epoch [22/110], Total Loss: 32388.7407, NLL: 3.2064, Masked: 27.5171, Reg: 32352.889001
Epoch [23/110], Total Loss: 32261.6870, NLL: 3.2114, Masked: 27.5182, Reg: 32225.828847
Epoch [24/110], Total Loss: 32101.5099, NLL: 3.2166, Masked: 27.5157, Reg: 32065.649630
Epoch [25/110], Total Loss: 31955.1023, NLL: 3.2220, Masked: 27.5203, Reg: 31919.231287
Epoch [26/110], Total Loss: 31819.0445, NLL: 3.2276, Masked: 27.5151, Reg: 31783.174207
Epoch [27/110], Total Loss: 31667.5943, NLL: 3.2333, Masked: 27.5202, Reg: 31631.711919
Epoch [28/110], Total Loss: 31527.5756, NLL: 3.2394, Masked: 27.5143, Reg: 31491.694393
Epoch [29/110], Total Loss: 31377.5048, NLL: 3.2456, Masked: 27.5165, Reg: 31341.614745
Epoch [30/110], Total Loss: 31233.4227, NLL: 3.2520, Masked: 27.5160, Reg: 31197.526790
Epoch [31/110], Total Loss: 31088.2152, NLL: 3.2587, Masked: 27.5148, Reg: 31052.313969
Epoch [32/110], Total Loss: 30948.0239, NLL: 3.2656, Masked: 27.5177, Reg: 30912.112247
Epoch [33/110], Total Loss: 30790.8520, NLL: 3.2727, Masked: 27.5174, Reg: 30754.933758
Epoch [34/110], Total Loss: 30652.0975, NLL: 3.2800, Masked: 27.5207, Reg: 30616.167913
Epoch [35/110], Total Loss: 30514.2238, NLL: 3.2876, Masked: 27.5192, Reg: 30478.288556
Epoch [36/110], Total Loss: 30358.1758, NLL: 3.2955, Masked: 27.5182, Reg: 30322.233764
Epoch [37/110], Total Loss: 30212.1828, NLL: 3.3036, Masked: 27.5181, Reg: 30176.232777
Epoch [38/110], Total Loss: 30075.5144, NLL: 3.3119, Masked: 27.5192, Reg: 30039.554861
Epoch [39/110], Total Loss: 29924.3861, NLL: 3.3205, Masked: 27.5159, Reg: 29888.421729
Epoch [40/110], Total Loss: 29776.8620, NLL: 3.3294, Masked: 27.5173, Reg: 29740.887158
Epoch [41/110], Total Loss: 29636.9414, NLL: 3.3385, Masked: 27.5191, Reg: 29600.955316
Epoch [42/110], Total Loss: 29488.5276, NLL: 3.3479, Masked: 27.5143, Reg: 29452.537808
Epoch [43/110], Total Loss: 29351.8015, NLL: 3.3575, Masked: 27.5176, Reg: 29315.797990
Epoch [44/110], Total Loss: 29195.4033, NLL: 3.3675, Masked: 27.5172, Reg: 29159.390441
Epoch [45/110], Total Loss: 29031.9317, NLL: 3.3776, Masked: 11.0530, Reg: 29015.441143
Epoch [46/110], Total Loss: 28881.5343, NLL: 3.3881, Masked: 2.4993, Reg: 28875.181079
Epoch [47/110], Total Loss: 28737.6959, NLL: 3.3989, Masked: 2.4998, Reg: 28731.331377
Epoch [48/110], Total Loss: 28583.8031, NLL: 3.4099, Masked: 2.4994, Reg: 28577.428078
Epoch [49/110], Total Loss: 28440.2111, NLL: 3.4212, Masked: 2.4997, Reg: 28433.824406
Epoch [50/110], Total Loss: 28306.3672, NLL: 3.4328, Masked: 2.4999, Reg: 28299.968571
Epoch [51/110], Total Loss: 28146.6024, NLL: 3.4447, Masked: 2.4990, Reg: 28140.192920
Epoch [52/110], Total Loss: 28002.3189, NLL: 3.4569, Masked: 2.5000, Reg: 27995.896174
Epoch [53/110], Total Loss: 27870.2509, NLL: 3.4693, Masked: 2.4997, Reg: 27863.815945
Epoch [54/110], Total Loss: 27717.1105, NLL: 3.4821, Masked: 2.4993, Reg: 27710.663232
Epoch [55/110], Total Loss: 27567.7121, NLL: 3.4952, Masked: 2.4995, Reg: 27561.251519
Epoch [56/110], Total Loss: 27429.5514, NLL: 3.5085, Masked: 2.5002, Reg: 27423.076691
Epoch [57/110], Total Loss: 27285.7775, NLL: 3.5219, Masked: 2.4999, Reg: 27279.289629
Epoch [58/110], Total Loss: 27238.4305, NLL: 3.5262, Masked: 2.4999, Reg: 27231.938454
Epoch [59/110], Total Loss: 27236.6967, NLL: 3.5262, Masked: 2.5000, Reg: 27230.204584
Epoch [60/110], Total Loss: 27236.5608, NLL: 3.5262, Masked: 2.5003, Reg: 27230.068590
Epoch [61/110], Total Loss: 27241.6264, NLL: 3.5262, Masked: 2.5003, Reg: 27235.133859
Epoch [62/110], Total Loss: 27243.3521, NLL: 3.5262, Masked: 2.5001, Reg: 27236.859968
Epoch [63/110], Total Loss: 27233.9180, NLL: 3.5262, Masked: 2.4996, Reg: 27227.426437
Epoch [64/110], Total Loss: 27233.6029, NLL: 3.5262, Masked: 2.4993, Reg: 27227.111712
Epoch [65/110], Total Loss: 27248.2090, NLL: 3.5262, Masked: 2.4990, Reg: 27241.718071
Epoch [66/110], Total Loss: 27233.4075, NLL: 3.5262, Masked: 2.4999, Reg: 27226.915384
Epoch [67/110], Total Loss: 27233.9507, NLL: 3.5262, Masked: 2.5006, Reg: 27227.457836
Epoch [68/110], Total Loss: 27245.8387, NLL: 3.5262, Masked: 2.4997, Reg: 27239.346744
Epoch [69/110], Total Loss: 27236.9231, NLL: 3.5262, Masked: 2.5000, Reg: 27230.430897
Epoch [70/110], Total Loss: 27234.9650, NLL: 3.5262, Masked: 2.5000, Reg: 27228.472914
Epoch [71/110], Total Loss: 27238.4652, NLL: 3.5261, Masked: 2.4991, Reg: 27231.974274
Epoch [72/110], Total Loss: 27238.7005, NLL: 3.5261, Masked: 2.4986, Reg: 27232.210142
Epoch [73/110], Total Loss: 27238.1032, NLL: 3.5261, Masked: 2.5002, Reg: 27231.610927
Epoch [74/110], Total Loss: 27239.6699, NLL: 3.5261, Masked: 2.5000, Reg: 27233.177751
Epoch [75/110], Total Loss: 27234.5626, NLL: 3.5261, Masked: 2.4999, Reg: 27228.070578
Epoch [76/110], Total Loss: 27240.6131, NLL: 3.5261, Masked: 2.4995, Reg: 27234.121564
Epoch [77/110], Total Loss: 27240.0789, NLL: 3.5261, Masked: 2.5001, Reg: 27233.586667
Epoch [78/110], Total Loss: 27232.1694, NLL: 3.5261, Masked: 2.4996, Reg: 27225.677708
Epoch [79/110], Total Loss: 27231.9901, NLL: 3.5261, Masked: 2.4996, Reg: 27225.498396
Epoch [80/110], Total Loss: 27246.7654, NLL: 3.5262, Masked: 2.4997, Reg: 27240.273651
Epoch [81/110], Total Loss: 27231.8033, NLL: 3.5262, Masked: 2.4995, Reg: 27225.311773
Epoch [82/110], Total Loss: 27231.3233, NLL: 3.5262, Masked: 2.5001, Reg: 27224.831267
Epoch [83/110], Total Loss: 27244.9378, NLL: 3.5262, Masked: 2.4999, Reg: 27238.445732
Epoch [84/110], Total Loss: 27232.1688, NLL: 3.5262, Masked: 2.4993, Reg: 27225.677482
Epoch [85/110], Total Loss: 27236.1819, NLL: 3.5262, Masked: 2.4987, Reg: 27229.691302
Epoch [86/110], Total Loss: 27235.8718, NLL: 3.5262, Masked: 2.4994, Reg: 27229.380465
Epoch [87/110], Total Loss: 27239.9294, NLL: 3.5262, Masked: 2.4990, Reg: 27233.438517
Epoch [88/110], Total Loss: 27237.8094, NLL: 3.5262, Masked: 2.4999, Reg: 27231.317356
Epoch [89/110], Total Loss: 27236.6980, NLL: 3.5262, Masked: 2.4990, Reg: 27230.206984
Epoch [90/110], Total Loss: 27229.6075, NLL: 3.5261, Masked: 2.4995, Reg: 27223.115796
Epoch [91/110], Total Loss: 27240.7039, NLL: 3.5261, Masked: 2.4999, Reg: 27234.211908
Epoch [92/110], Total Loss: 27238.8326, NLL: 3.5261, Masked: 2.4988, Reg: 27232.341875
Epoch [93/110], Total Loss: 27228.4412, NLL: 3.5261, Masked: 2.4995, Reg: 27221.949652
Epoch [94/110], Total Loss: 27234.3969, NLL: 3.5262, Masked: 2.5002, Reg: 27227.904666
Epoch [95/110], Total Loss: 27241.8351, NLL: 3.5262, Masked: 2.4993, Reg: 27235.343770
Epoch [96/110], Total Loss: 27230.4120, NLL: 3.5262, Masked: 2.4999, Reg: 27223.919927
Epoch [97/110], Total Loss: 27229.9410, NLL: 3.5262, Masked: 2.5000, Reg: 27223.448900
Epoch [98/110], Total Loss: 27244.8313, NLL: 3.5262, Masked: 2.4999, Reg: 27238.339301
Epoch [99/110], Total Loss: 27231.9869, NLL: 3.5262, Masked: 2.5000, Reg: 27225.494726
Epoch [100/110], Total Loss: 27233.6269, NLL: 3.5262, Masked: 2.4990, Reg: 27227.135962
Epoch [101/110], Total Loss: 27235.8420, NLL: 3.5262, Masked: 2.4998, Reg: 27229.350190
Epoch [102/110], Total Loss: 27236.9370, NLL: 3.5261, Masked: 2.5000, Reg: 27230.444910
Epoch [103/110], Total Loss: 27234.9464, NLL: 3.5261, Masked: 2.4998, Reg: 27228.454512
Epoch [104/110], Total Loss: 27230.7322, NLL: 3.5261, Masked: 2.4995, Reg: 27224.240617
Epoch [105/110], Total Loss: 27233.8312, NLL: 3.5261, Masked: 2.4997, Reg: 27227.339486
Epoch [106/110], Total Loss: 27235.3378, NLL: 3.5261, Masked: 2.4993, Reg: 27228.846655
Epoch [107/110], Total Loss: 27239.6645, NLL: 3.5261, Masked: 2.5000, Reg: 27233.172458
Epoch [108/110], Total Loss: 27230.5407, NLL: 3.5261, Masked: 2.4991, Reg: 27224.049761
Epoch [109/110], Total Loss: 27229.3706, NLL: 3.5261, Masked: 2.4996, Reg: 27222.879084
Epoch [110/110], Total Loss: 27241.1105, NLL: 3.5262, Masked: 2.4992, Reg: 27234.619411

==================================================
EVALUATING ON TRAINING DATA
==================================================

==================================================
TEST RESULTS
==================================================
Total Loss: 27129.005753
  - ZINB NLL: 3.526151
Total number of masked values: 76848
  - Number of values with pi >= 0.3920741072966221: 76848
  - Number of values with pi < 0.3920741072966221: 0
  - Masked Reconstruction: 2.500148
  - Regularization: 27122.514326
Mean Absolute Error (MAE): 2.207103
R² Score: -0.232534
==================================================


==================================================
TEST RESULTS
==================================================
Total Loss: 27128.984441
  - ZINB NLL: 3.488577
Total number of masked values: 59623
  - Number of values with pi >= 0.3920741072966221: 59623
  - Number of values with pi < 0.3920741072966221: 0
  - Masked Reconstruction: 2.513780
  - Regularization: 27122.514326
Mean Absolute Error (MAE): 2.276206
R² Score: -0.179642
==================================================


>>> Optimizing zinb_nll on VALIDATION set: 3.488577
>>> Full validation metrics: {'total_loss': 27128.984441395183, 'zinb_nll': 3.4885769916999103, 'mae': 2.2762060165405273, 'r2': -0.1796417236328125, 'masked_loss': 2.513780256759681, 'reg_loss': 27122.514325685534}

Iteration No: 13 ended. Evaluation done at random point.
Time taken: 134.7262
Function value obtained: 3.4886
Current minimum: 0.6046
Iteration No: 14 started. Evaluating function at random point.

================================================================================
Trial with parameters:
  features: Centr
  data_point_length: 1758
  step_size: 0.9126205166996944
  bin_size: 75
  sample_fraction: 0.964803885267965
  moving_average: True
  first_layer_size_factor: 85
  num_layers: 3
  use_conv: False
  conv_channel: 24
  pool_size: 4
  kernel_size: 3
  epochs: 62
  batch_size: 64
  pi_threshold: 0.4490747468376197
  learning_rate: 0.0001527827773064012
  dropout_rate: 0.4221065703631558
  masked_recon_weight: 5.248888402320229
  regularizer: l1
  regularization_weight: 0.0002900220535444086
================================================================================

Creating datasets with:
  features: ['Centr']
  bin_size: 75
  moving_average: True
  data_point_length: 1758 (from 1758)
  step_size: 1604 (from fraction 0.9126205166996944)
  layers: [np.int64(1360), np.int64(680), np.int64(340)] (first=1360, num=3)
  stride: 1 (fixed), padding: same (fixed)


Clipping outliers using 95th percentile * 1.5...
strain_yTW001: Clipping values above 134.25 (P95=89.50). Clipped 27529/1193409 values (2.31%)
strain_FD: Clipping values above 71.92 (P95=47.94). Clipped 95791/4127807 values (2.32%)
strain_dnrp: Clipping values above 243.00 (P95=162.00). Clipped 25649/1119454 values (2.29%)
strain_yEK19: Clipping values above 77.10 (P95=51.40). Clipped 83713/3893623 values (2.15%)
strain_yEK23: Clipping values above 72.00 (P95=48.00). Clipped 86381/3558407 values (2.43%)
strain_yWT03a: Clipping values above 15.00 (P95=10.00). Clipped 10602/347679 values (3.05%)
strain_yWT04a: Clipping values above 58.50 (P95=39.00). Clipped 21095/725406 values (2.91%)
strain_ylic137: Clipping values above 142.50 (P95=95.00). Clipped 28746/1112684 values (2.58%)
Standardizing features: ['Centr']
Column order in final array (Dataset/Chrom split): ['Value', 'Centromere_Distance', 'Value_Raw', 'Size_Factor']
Removing 0 empty data points out of 36536
Column order in final array (Dataset/Chrom split): ['Value', 'Centromere_Distance', 'Value_Raw', 'Size_Factor']
Removing 0 empty data points out of 12624
Column order in final array (Dataset/Chrom split): ['Value', 'Centromere_Distance', 'Value_Raw', 'Size_Factor']
Removing 0 empty data points out of 11088
Datasets created:
  Train: (36536, 1758, 4), Val: (12624, 1758, 4), Test: (11088, 1758, 4)

Randomly sampled 35250/36536 samples (96.5%)
Applied denoising with 15.0% masking
Applied denoising with 15.0% masking
Applied denoising with 15.0% masking
Epoch [1/62], Total Loss: 72.7992, NLL: 2.2440, Masked: 11.8261, Reg: 8.481104
Epoch [2/62], Total Loss: 16.0076, NLL: 2.0282, Masked: 2.1330, Reg: 2.783443
Epoch [3/62], Total Loss: 15.2548, NLL: 1.9353, Masked: 2.0641, Reg: 2.485368
Epoch [4/62], Total Loss: 14.8695, NLL: 1.8974, Masked: 2.0306, Reg: 2.313583
Epoch [5/62], Total Loss: 14.5768, NLL: 1.8810, Masked: 2.0100, Reg: 2.145678
Epoch [6/62], Total Loss: 14.3944, NLL: 1.8721, Masked: 2.0020, Reg: 2.014158
Epoch [7/62], Total Loss: 14.2875, NLL: 1.8693, Masked: 2.0012, Reg: 1.914365
Epoch [8/62], Total Loss: 14.1932, NLL: 1.8683, Masked: 1.9994, Reg: 1.830295
Epoch [9/62], Total Loss: 14.0760, NLL: 1.8656, Masked: 1.9943, Reg: 1.742358
Epoch [10/62], Total Loss: 13.9962, NLL: 1.8662, Masked: 1.9921, Reg: 1.673510
Epoch [11/62], Total Loss: 13.9523, NLL: 1.8655, Masked: 1.9934, Reg: 1.623819
Epoch [12/62], Total Loss: 13.8985, NLL: 1.8643, Masked: 1.9922, Reg: 1.577499
Epoch [13/62], Total Loss: 13.8128, NLL: 1.8610, Masked: 1.9889, Reg: 1.512210
Epoch [14/62], Total Loss: 13.8119, NLL: 1.8665, Masked: 1.9929, Reg: 1.484836
Epoch [15/62], Total Loss: 13.7308, NLL: 1.8644, Masked: 1.9893, Reg: 1.424682
Epoch [16/62], Total Loss: 13.6932, NLL: 1.8634, Masked: 1.9890, Reg: 1.389608
Epoch [17/62], Total Loss: 13.6566, NLL: 1.8645, Masked: 1.9905, Reg: 1.344339
Epoch [18/62], Total Loss: 13.6259, NLL: 1.8653, Masked: 1.9906, Reg: 1.312296
Epoch [19/62], Total Loss: 13.5660, NLL: 1.8643, Masked: 1.9886, Reg: 1.263569
Epoch [20/62], Total Loss: 13.5267, NLL: 1.8657, Masked: 1.9892, Reg: 1.219698
Epoch [21/62], Total Loss: 13.4660, NLL: 1.8656, Masked: 1.9891, Reg: 1.159716
Epoch [22/62], Total Loss: 13.3780, NLL: 1.8637, Masked: 1.9842, Reg: 1.099485
Epoch [23/62], Total Loss: 13.3220, NLL: 1.8645, Masked: 1.9853, Reg: 1.036768
Epoch [24/62], Total Loss: 13.2663, NLL: 1.8644, Masked: 1.9835, Reg: 0.990601
Epoch [25/62], Total Loss: 13.2917, NLL: 1.8656, Masked: 1.9896, Reg: 0.982800
Epoch [26/62], Total Loss: 13.2193, NLL: 1.8643, Masked: 1.9886, Reg: 0.917253
Epoch [27/62], Total Loss: 13.1749, NLL: 1.8665, Masked: 1.9880, Reg: 0.873786
Epoch [28/62], Total Loss: 13.1695, NLL: 1.8652, Masked: 1.9911, Reg: 0.853034
Epoch [29/62], Total Loss: 13.1832, NLL: 1.8653, Masked: 1.9925, Reg: 0.859515
Epoch [30/62], Total Loss: 13.1845, NLL: 1.8636, Masked: 1.9909, Reg: 0.870923
Epoch [31/62], Total Loss: 13.1752, NLL: 1.8648, Masked: 1.9902, Reg: 0.863842
Epoch [32/62], Total Loss: 13.1431, NLL: 1.8617, Masked: 1.9872, Reg: 0.850872
Epoch [33/62], Total Loss: 13.1348, NLL: 1.8628, Masked: 1.9878, Reg: 0.838266
Epoch [34/62], Total Loss: 13.1654, NLL: 1.8657, Masked: 1.9922, Reg: 0.842752
Epoch [35/62], Total Loss: 13.1431, NLL: 1.8625, Masked: 1.9881, Reg: 0.845240
Epoch [36/62], Total Loss: 13.1552, NLL: 1.8633, Masked: 1.9895, Reg: 0.849351
Epoch [37/62], Total Loss: 13.1625, NLL: 1.8637, Masked: 1.9916, Reg: 0.845166
Epoch [38/62], Total Loss: 13.1345, NLL: 1.8621, Masked: 1.9895, Reg: 0.829601
Epoch [39/62], Total Loss: 13.1294, NLL: 1.8641, Masked: 1.9876, Reg: 0.832444
Epoch [40/62], Total Loss: 13.1197, NLL: 1.8594, Masked: 1.9874, Reg: 0.828642
Epoch [41/62], Total Loss: 13.1167, NLL: 1.8625, Masked: 1.9866, Reg: 0.826963
Epoch [42/62], Total Loss: 13.1025, NLL: 1.8606, Masked: 1.9865, Reg: 0.814873
Epoch [43/62], Total Loss: 13.1108, NLL: 1.8613, Masked: 1.9876, Reg: 0.816663
Epoch [44/62], Total Loss: 13.1240, NLL: 1.8627, Masked: 1.9871, Reg: 0.831249
Epoch [45/62], Total Loss: 13.1337, NLL: 1.8629, Masked: 1.9910, Reg: 0.820487
Epoch [46/62], Total Loss: 13.1014, NLL: 1.8611, Masked: 1.9870, Reg: 0.810814
Epoch [47/62], Total Loss: 13.0952, NLL: 1.8609, Masked: 1.9866, Reg: 0.806719
Epoch [48/62], Total Loss: 13.0960, NLL: 1.8606, Masked: 1.9864, Reg: 0.808857
Epoch [49/62], Total Loss: 13.0603, NLL: 1.8594, Masked: 1.9814, Reg: 0.800677
Epoch [50/62], Total Loss: 13.0694, NLL: 1.8583, Masked: 1.9843, Reg: 0.795632
Epoch [51/62], Total Loss: 13.0678, NLL: 1.8589, Masked: 1.9832, Reg: 0.799070
Epoch [52/62], Total Loss: 13.0742, NLL: 1.8607, Masked: 1.9845, Reg: 0.797088
Epoch [53/62], Total Loss: 13.1150, NLL: 1.8624, Masked: 1.9876, Reg: 0.819828
Epoch [54/62], Total Loss: 13.0921, NLL: 1.8600, Masked: 1.9859, Reg: 0.808390
Epoch [55/62], Total Loss: 13.0947, NLL: 1.8611, Masked: 1.9862, Reg: 0.808077
Epoch [56/62], Total Loss: 13.0882, NLL: 1.8600, Masked: 1.9859, Reg: 0.804390
Epoch [57/62], Total Loss: 13.0792, NLL: 1.8598, Masked: 1.9853, Reg: 0.799003
Epoch [58/62], Total Loss: 13.0704, NLL: 1.8596, Masked: 1.9858, Reg: 0.787621
Epoch [59/62], Total Loss: 13.0816, NLL: 1.8600, Masked: 1.9856, Reg: 0.799568
Epoch [60/62], Total Loss: 13.0632, NLL: 1.8589, Masked: 1.9845, Reg: 0.788091
Epoch [61/62], Total Loss: 13.0622, NLL: 1.8579, Masked: 1.9841, Reg: 0.790220
Epoch [62/62], Total Loss: 13.0517, NLL: 1.8585, Masked: 1.9826, Reg: 0.786887

==================================================
EVALUATING ON TRAINING DATA
==================================================

==================================================
TEST RESULTS
==================================================
Total Loss: 12.745813
  - ZINB NLL: 1.834311
Total number of masked values: 8301854
  - Number of values with pi >= 0.4490747468376197: 0
  - Number of values with pi < 0.4490747468376197: 8301854
  - Masked Reconstruction: 1.923399
  - Regularization: 0.815797
Mean Absolute Error (MAE): 1.833146
R² Score: 0.197561
==================================================


==================================================
TEST RESULTS
==================================================
Total Loss: 12.895826
  - ZINB NLL: 1.799944
Total number of masked values: 2932563
  - Number of values with pi >= 0.4490747468376197: 0
  - Number of values with pi < 0.4490747468376197: 2932563
  - Masked Reconstruction: 1.958526
  - Regularization: 0.815797
Mean Absolute Error (MAE): 1.899057
R² Score: 0.274930
==================================================


>>> Optimizing zinb_nll on VALIDATION set: 1.799944
>>> Full validation metrics: {'total_loss': 12.895826413453154, 'zinb_nll': 1.7999437515575472, 'mae': 1.8990569114685059, 'r2': 0.27492958307266235, 'masked_loss': 1.9585262919257953, 'reg_loss': 0.8157965627315489}

Iteration No: 14 ended. Evaluation done at random point.
Time taken: 844.6831
Function value obtained: 1.7999
Current minimum: 0.6046
Iteration No: 15 started. Evaluating function at random point.

================================================================================
Trial with parameters:
  features: Nucl
  data_point_length: 2114
  step_size: 0.4406227368023041
  bin_size: 30
  sample_fraction: 0.49191307317895044
  moving_average: False
  first_layer_size_factor: 24
  num_layers: 4
  use_conv: False
  conv_channel: 49
  pool_size: 5
  kernel_size: 5
  epochs: 103
  batch_size: 32
  pi_threshold: 0.3020739451095947
  learning_rate: 0.0007650384182489976
  dropout_rate: 0.09713697675602115
  masked_recon_weight: 0.001922045516038562
  regularizer: l2
  regularization_weight: 2.2666252229443243e-05
================================================================================

Creating datasets with:
  features: ['Nucl']
  bin_size: 30
  moving_average: False
  data_point_length: 70 (from 2114)
  step_size: 30 (from fraction 0.4406227368023041)
  layers: [np.int64(384), np.int64(192), np.int64(96), np.int64(48)] (first=384, num=4)
  stride: 1 (fixed), padding: same (fixed)


Clipping outliers using 95th percentile * 1.5...
strain_yTW001: Clipping values above 134.25 (P95=89.50). Clipped 27529/1193409 values (2.31%)
strain_FD: Clipping values above 71.92 (P95=47.94). Clipped 95791/4127807 values (2.32%)
strain_dnrp: Clipping values above 243.00 (P95=162.00). Clipped 25649/1119454 values (2.29%)
strain_yEK19: Clipping values above 77.10 (P95=51.40). Clipped 83713/3893623 values (2.15%)
strain_yEK23: Clipping values above 72.00 (P95=48.00). Clipped 86381/3558407 values (2.43%)
strain_yWT03a: Clipping values above 15.00 (P95=10.00). Clipped 10602/347679 values (3.05%)
strain_yWT04a: Clipping values above 58.50 (P95=39.00). Clipped 21095/725406 values (2.91%)
strain_ylic137: Clipping values above 142.50 (P95=95.00). Clipped 28746/1112684 values (2.58%)
Standardizing features: ['Nucl']
Column order in final array (Dataset/Chrom split): ['Value', 'Nucleosome_Distance', 'Value_Raw', 'Size_Factor']
Removing 0 empty data points out of 65016
Column order in final array (Dataset/Chrom split): ['Value', 'Nucleosome_Distance', 'Value_Raw', 'Size_Factor']
Removing 0 empty data points out of 22464
Column order in final array (Dataset/Chrom split): ['Value', 'Nucleosome_Distance', 'Value_Raw', 'Size_Factor']
Removing 0 empty data points out of 19712
Datasets created:
  Train: (65016, 70, 4), Val: (22464, 70, 4), Test: (19712, 70, 4)

Randomly sampled 31982/65016 samples (49.2%)
Applied denoising with 15.0% masking
Applied denoising with 15.0% masking
Applied denoising with 15.0% masking
Epoch [1/103], Total Loss: 1.7978, NLL: 1.7919, Masked: 3.0211, Reg: 0.015305
Epoch [2/103], Total Loss: 1.7529, NLL: 1.7479, Masked: 2.6152, Reg: 0.014283
Epoch [3/103], Total Loss: 1.7516, NLL: 1.7466, Masked: 2.6088, Reg: 0.012482
Epoch [4/103], Total Loss: 1.7513, NLL: 1.7462, Masked: 2.6056, Reg: 0.011318
Epoch [5/103], Total Loss: 1.7203, NLL: 1.7154, Masked: 2.5391, Reg: 0.012530
Epoch [6/103], Total Loss: 1.7055, NLL: 1.7007, Masked: 2.5063, Reg: 0.013780
Epoch [7/103], Total Loss: 1.6879, NLL: 1.6832, Masked: 2.4603, Reg: 0.015263
Epoch [8/103], Total Loss: 1.6724, NLL: 1.6678, Masked: 2.4095, Reg: 0.016034
Epoch [9/103], Total Loss: 1.6706, NLL: 1.6660, Masked: 2.4060, Reg: 0.016475
Epoch [10/103], Total Loss: 1.6682, NLL: 1.6636, Masked: 2.3994, Reg: 0.016800
Epoch [11/103], Total Loss: 1.6680, NLL: 1.6633, Masked: 2.4003, Reg: 0.017233
Epoch [12/103], Total Loss: 1.6660, NLL: 1.6614, Masked: 2.3969, Reg: 0.017582
Epoch [13/103], Total Loss: 1.6648, NLL: 1.6602, Masked: 2.3815, Reg: 0.017804
Epoch [14/103], Total Loss: 1.6644, NLL: 1.6598, Masked: 2.3915, Reg: 0.018041
Epoch [15/103], Total Loss: 1.6634, NLL: 1.6588, Masked: 2.3814, Reg: 0.018280
Epoch [16/103], Total Loss: 1.6630, NLL: 1.6584, Masked: 2.3819, Reg: 0.018524
Epoch [17/103], Total Loss: 1.6631, NLL: 1.6585, Masked: 2.4001, Reg: 0.018754
Epoch [18/103], Total Loss: 1.6619, NLL: 1.6574, Masked: 2.3818, Reg: 0.019164
Epoch [19/103], Total Loss: 1.6564, NLL: 1.6519, Masked: 2.3598, Reg: 0.019398
Epoch [20/103], Total Loss: 1.6516, NLL: 1.6471, Masked: 2.3484, Reg: 0.019407
Epoch [21/103], Total Loss: 1.6492, NLL: 1.6447, Masked: 2.3369, Reg: 0.019766
Epoch [22/103], Total Loss: 1.6476, NLL: 1.6431, Masked: 2.3381, Reg: 0.019805
Epoch [23/103], Total Loss: 1.6470, NLL: 1.6425, Masked: 2.3271, Reg: 0.019862
Epoch [24/103], Total Loss: 1.6464, NLL: 1.6419, Masked: 2.3327, Reg: 0.020269
Epoch [25/103], Total Loss: 1.6451, NLL: 1.6406, Masked: 2.3329, Reg: 0.020400
Epoch [26/103], Total Loss: 1.6423, NLL: 1.6378, Masked: 2.3273, Reg: 0.020705
Epoch [27/103], Total Loss: 1.6391, NLL: 1.6346, Masked: 2.3096, Reg: 0.021016
Epoch [28/103], Total Loss: 1.6372, NLL: 1.6328, Masked: 2.3107, Reg: 0.021315
Epoch [29/103], Total Loss: 1.6356, NLL: 1.6312, Masked: 2.3056, Reg: 0.021647
Epoch [30/103], Total Loss: 1.6346, NLL: 1.6302, Masked: 2.3053, Reg: 0.021995
Epoch [31/103], Total Loss: 1.6337, NLL: 1.6293, Masked: 2.2895, Reg: 0.022237
Epoch [32/103], Total Loss: 1.6322, NLL: 1.6278, Masked: 2.2850, Reg: 0.022342
Epoch [33/103], Total Loss: 1.6324, NLL: 1.6279, Masked: 2.2955, Reg: 0.022441
Epoch [34/103], Total Loss: 1.6315, NLL: 1.6271, Masked: 2.2829, Reg: 0.022598
Epoch [35/103], Total Loss: 1.6315, NLL: 1.6271, Masked: 2.2993, Reg: 0.022978
Epoch [36/103], Total Loss: 1.6307, NLL: 1.6263, Masked: 2.2895, Reg: 0.023168
Epoch [37/103], Total Loss: 1.6295, NLL: 1.6252, Masked: 2.2779, Reg: 0.023351
Epoch [38/103], Total Loss: 1.6294, NLL: 1.6250, Masked: 2.2820, Reg: 0.023527
Epoch [39/103], Total Loss: 1.6286, NLL: 1.6242, Masked: 2.2826, Reg: 0.023633
Epoch [40/103], Total Loss: 1.6281, NLL: 1.6237, Masked: 2.2749, Reg: 0.023871
Epoch [41/103], Total Loss: 1.6267, NLL: 1.6223, Masked: 2.2740, Reg: 0.024149
Epoch [42/103], Total Loss: 1.6268, NLL: 1.6224, Masked: 2.2858, Reg: 0.024197
Epoch [43/103], Total Loss: 1.6280, NLL: 1.6236, Masked: 2.2882, Reg: 0.024508
Epoch [44/103], Total Loss: 1.6274, NLL: 1.6230, Masked: 2.2882, Reg: 0.024744
Epoch [45/103], Total Loss: 1.6266, NLL: 1.6222, Masked: 2.2842, Reg: 0.025034
Epoch [46/103], Total Loss: 1.6258, NLL: 1.6215, Masked: 2.2804, Reg: 0.025227
Epoch [47/103], Total Loss: 1.6250, NLL: 1.6207, Masked: 2.2711, Reg: 0.025428
Epoch [48/103], Total Loss: 1.6251, NLL: 1.6208, Masked: 2.2776, Reg: 0.025678
Epoch [49/103], Total Loss: 1.6245, NLL: 1.6201, Masked: 2.2738, Reg: 0.025881
Epoch [50/103], Total Loss: 1.6235, NLL: 1.6191, Masked: 2.2812, Reg: 0.026115
Epoch [51/103], Total Loss: 1.6233, NLL: 1.6189, Masked: 2.2721, Reg: 0.026366
Epoch [52/103], Total Loss: 1.6230, NLL: 1.6186, Masked: 2.2661, Reg: 0.026537
Epoch [53/103], Total Loss: 1.6236, NLL: 1.6193, Masked: 2.2720, Reg: 0.026738
Epoch [54/103], Total Loss: 1.6232, NLL: 1.6188, Masked: 2.2772, Reg: 0.026979
Epoch [55/103], Total Loss: 1.6224, NLL: 1.6180, Masked: 2.2714, Reg: 0.027208
Epoch [56/103], Total Loss: 1.6228, NLL: 1.6184, Masked: 2.2766, Reg: 0.027532
Epoch [57/103], Total Loss: 1.6215, NLL: 1.6171, Masked: 2.2719, Reg: 0.027632
Epoch [58/103], Total Loss: 1.6215, NLL: 1.6172, Masked: 2.2715, Reg: 0.027909
Epoch [59/103], Total Loss: 1.6205, NLL: 1.6161, Masked: 2.2668, Reg: 0.027975
Epoch [60/103], Total Loss: 1.6209, NLL: 1.6166, Masked: 2.2679, Reg: 0.028205
Epoch [61/103], Total Loss: 1.6206, NLL: 1.6162, Masked: 2.2726, Reg: 0.028343
Epoch [62/103], Total Loss: 1.6207, NLL: 1.6163, Masked: 2.2651, Reg: 0.028472
Epoch [63/103], Total Loss: 1.6204, NLL: 1.6161, Masked: 2.2717, Reg: 0.028683
Epoch [64/103], Total Loss: 1.6200, NLL: 1.6156, Masked: 2.2660, Reg: 0.028745
Epoch [65/103], Total Loss: 1.6198, NLL: 1.6154, Masked: 2.2730, Reg: 0.028842
Epoch [66/103], Total Loss: 1.6207, NLL: 1.6164, Masked: 2.2766, Reg: 0.029005
Epoch [67/103], Total Loss: 1.6198, NLL: 1.6154, Masked: 2.2652, Reg: 0.029079
Epoch [68/103], Total Loss: 1.6193, NLL: 1.6150, Masked: 2.2599, Reg: 0.029172
Epoch [69/103], Total Loss: 1.6200, NLL: 1.6157, Masked: 2.2608, Reg: 0.029237
Epoch [70/103], Total Loss: 1.6189, NLL: 1.6145, Masked: 2.2701, Reg: 0.029386
Epoch [71/103], Total Loss: 1.6189, NLL: 1.6145, Masked: 2.2629, Reg: 0.029560
Epoch [72/103], Total Loss: 1.6193, NLL: 1.6149, Masked: 2.2646, Reg: 0.029697
Epoch [73/103], Total Loss: 1.6187, NLL: 1.6143, Masked: 2.2587, Reg: 0.029939
Epoch [74/103], Total Loss: 1.6181, NLL: 1.6138, Masked: 2.2600, Reg: 0.030019
Epoch [75/103], Total Loss: 1.6174, NLL: 1.6131, Masked: 2.2601, Reg: 0.030118
Epoch [76/103], Total Loss: 1.6179, NLL: 1.6136, Masked: 2.2600, Reg: 0.030311
Epoch [77/103], Total Loss: 1.6178, NLL: 1.6134, Masked: 2.2660, Reg: 0.030384
Epoch [78/103], Total Loss: 1.6161, NLL: 1.6117, Masked: 2.2490, Reg: 0.030511
Epoch [79/103], Total Loss: 1.6161, NLL: 1.6117, Masked: 2.2508, Reg: 0.030590
Epoch [80/103], Total Loss: 1.6156, NLL: 1.6113, Masked: 2.2555, Reg: 0.030727
Epoch [81/103], Total Loss: 1.6148, NLL: 1.6105, Masked: 2.2561, Reg: 0.030957
Epoch [82/103], Total Loss: 1.6155, NLL: 1.6111, Masked: 2.2512, Reg: 0.031203
Epoch [83/103], Total Loss: 1.6152, NLL: 1.6108, Masked: 2.2493, Reg: 0.031409
Epoch [84/103], Total Loss: 1.6128, NLL: 1.6085, Masked: 2.2493, Reg: 0.031531
Epoch [85/103], Total Loss: 1.6126, NLL: 1.6083, Masked: 2.2358, Reg: 0.031516
Epoch [86/103], Total Loss: 1.6146, NLL: 1.6103, Masked: 2.2552, Reg: 0.031731
Epoch [87/103], Total Loss: 1.6127, NLL: 1.6084, Masked: 2.2470, Reg: 0.031941
Epoch [88/103], Total Loss: 1.6122, NLL: 1.6079, Masked: 2.2471, Reg: 0.032017
Epoch [89/103], Total Loss: 1.6121, NLL: 1.6078, Masked: 2.2424, Reg: 0.031990
Epoch [90/103], Total Loss: 1.6126, NLL: 1.6083, Masked: 2.2483, Reg: 0.032065
Epoch [91/103], Total Loss: 1.6116, NLL: 1.6073, Masked: 2.2386, Reg: 0.032294
Epoch [92/103], Total Loss: 1.6106, NLL: 1.6063, Masked: 2.2329, Reg: 0.032226
Epoch [93/103], Total Loss: 1.6105, NLL: 1.6062, Masked: 2.2335, Reg: 0.032285
Epoch [94/103], Total Loss: 1.6108, NLL: 1.6066, Masked: 2.2331, Reg: 0.032312
Epoch [95/103], Total Loss: 1.6115, NLL: 1.6072, Masked: 2.2416, Reg: 0.032459
Epoch [96/103], Total Loss: 1.6104, NLL: 1.6061, Masked: 2.2319, Reg: 0.032562
Epoch [97/103], Total Loss: 1.6103, NLL: 1.6060, Masked: 2.2400, Reg: 0.032668
Epoch [98/103], Total Loss: 1.6108, NLL: 1.6065, Masked: 2.2356, Reg: 0.032719
Epoch [99/103], Total Loss: 1.6089, NLL: 1.6046, Masked: 2.2343, Reg: 0.032831
Epoch [100/103], Total Loss: 1.6092, NLL: 1.6049, Masked: 2.2362, Reg: 0.032824
Epoch [101/103], Total Loss: 1.6094, NLL: 1.6052, Masked: 2.2270, Reg: 0.032798
Epoch [102/103], Total Loss: 1.6092, NLL: 1.6049, Masked: 2.2274, Reg: 0.032999
Epoch [103/103], Total Loss: 1.6096, NLL: 1.6053, Masked: 2.2364, Reg: 0.033123

==================================================
EVALUATING ON TRAINING DATA
==================================================

==================================================
TEST RESULTS
==================================================
Total Loss: 1.592706
  - ZINB NLL: 1.588581
Total number of masked values: 242489
  - Number of values with pi >= 0.3020739451095947: 0
  - Number of values with pi < 0.3020739451095947: 242489
  - Masked Reconstruction: 2.145820
  - Regularization: 0.033253
Mean Absolute Error (MAE): 1.832389
R² Score: 0.544331
==================================================


==================================================
TEST RESULTS
==================================================
Total Loss: 1.604953
  - ZINB NLL: 1.600771
Total number of masked values: 166563
  - Number of values with pi >= 0.3020739451095947: 0
  - Number of values with pi < 0.3020739451095947: 166563
  - Masked Reconstruction: 2.175853
  - Regularization: 0.033253
Mean Absolute Error (MAE): 1.949906
R² Score: 0.228284
==================================================


>>> Optimizing zinb_nll on VALIDATION set: 1.600771
>>> Full validation metrics: {'total_loss': 1.6049532439464178, 'zinb_nll': 1.60077115672606, 'mae': 1.9499062299728394, 'r2': 0.22828412055969238, 'masked_loss': 2.175852707818023, 'reg_loss': 0.03325320432469659}

Iteration No: 15 ended. Evaluation done at random point.
Time taken: 569.4464
Function value obtained: 1.6008
Current minimum: 0.6046
Iteration No: 16 started. Evaluating function at random point.

================================================================================
Trial with parameters:
  features: Nucl
  data_point_length: 624
  step_size: 0.6841486716306691
  bin_size: 44
  sample_fraction: 0.7540196014713996
  moving_average: True
  first_layer_size_factor: 27
  num_layers: 5
  use_conv: False
  conv_channel: 112
  pool_size: 4
  kernel_size: 3
  epochs: 66
  batch_size: 64
  pi_threshold: 0.43066049671841633
  learning_rate: 0.003045138228078815
  dropout_rate: 0.13577145790987097
  masked_recon_weight: 7.261181986116003
  regularizer: l2
  regularization_weight: 7.83721074224163
================================================================================

Creating datasets with:
  features: ['Nucl']
  bin_size: 44
  moving_average: True
  data_point_length: 624 (from 624)
  step_size: 426 (from fraction 0.6841486716306691)
  layers: [np.int64(432), np.int64(216), np.int64(108), np.int64(54), np.int64(27)] (first=432, num=5)
  stride: 1 (fixed), padding: same (fixed)


Clipping outliers using 95th percentile * 1.5...
strain_yTW001: Clipping values above 134.25 (P95=89.50). Clipped 27529/1193409 values (2.31%)
strain_FD: Clipping values above 71.92 (P95=47.94). Clipped 95791/4127807 values (2.32%)
strain_dnrp: Clipping values above 243.00 (P95=162.00). Clipped 25649/1119454 values (2.29%)
strain_yEK19: Clipping values above 77.10 (P95=51.40). Clipped 83713/3893623 values (2.15%)
strain_yEK23: Clipping values above 72.00 (P95=48.00). Clipped 86381/3558407 values (2.43%)
strain_yWT03a: Clipping values above 15.00 (P95=10.00). Clipped 10602/347679 values (3.05%)
strain_yWT04a: Clipping values above 58.50 (P95=39.00). Clipped 21095/725406 values (2.91%)
strain_ylic137: Clipping values above 142.50 (P95=95.00). Clipped 28746/1112684 values (2.58%)
Standardizing features: ['Nucl']
Column order in final array (Dataset/Chrom split): ['Value', 'Nucleosome_Distance', 'Value_Raw', 'Size_Factor']
Removing 0 empty data points out of 137488
Column order in final array (Dataset/Chrom split): ['Value', 'Nucleosome_Distance', 'Value_Raw', 'Size_Factor']
Removing 0 empty data points out of 47496
Column order in final array (Dataset/Chrom split): ['Value', 'Nucleosome_Distance', 'Value_Raw', 'Size_Factor']
Removing 0 empty data points out of 41704
Datasets created:
  Train: (137488, 624, 4), Val: (47496, 624, 4), Test: (41704, 624, 4)

Randomly sampled 103668/137488 samples (75.4%)
Applied denoising with 15.0% masking
Applied denoising with 15.0% masking
Applied denoising with 15.0% masking
Epoch [1/66], Total Loss: 118.9147, NLL: 3.2517, Masked: 15.9290, Reg: 3224.695233
Epoch [2/66], Total Loss: 22.7981, NLL: 3.3895, Masked: 2.6729, Reg: 0.068080
Epoch [3/66], Total Loss: 22.7986, NLL: 3.3899, Masked: 2.6729, Reg: 0.063312
Epoch [4/66], Total Loss: 22.7999, NLL: 3.3899, Masked: 2.6731, Reg: 0.081429
Epoch [5/66], Total Loss: 22.7949, NLL: 3.3899, Masked: 2.6724, Reg: 0.086105
Epoch [6/66], Total Loss: 22.8017, NLL: 3.3899, Masked: 2.6734, Reg: 0.089263
Epoch [7/66], Total Loss: 22.7986, NLL: 3.3899, Masked: 2.6729, Reg: 0.089022
Epoch [8/66], Total Loss: 22.8026, NLL: 3.3899, Masked: 2.6735, Reg: 0.089132
Epoch [9/66], Total Loss: 22.7979, NLL: 3.3899, Masked: 2.6728, Reg: 0.089091
Epoch [10/66], Total Loss: 22.7996, NLL: 3.3899, Masked: 2.6731, Reg: 0.089105
Epoch [11/66], Total Loss: 22.7998, NLL: 3.3899, Masked: 2.6731, Reg: 0.089151
Epoch [12/66], Total Loss: 22.7965, NLL: 3.3899, Masked: 2.6727, Reg: 0.089125
Epoch [13/66], Total Loss: 22.7983, NLL: 3.3899, Masked: 2.6729, Reg: 0.089100
Epoch [14/66], Total Loss: 22.8037, NLL: 3.3899, Masked: 2.6736, Reg: 0.089134
Epoch [15/66], Total Loss: 22.8005, NLL: 3.3899, Masked: 2.6732, Reg: 0.089173
Epoch [16/66], Total Loss: 22.7977, NLL: 3.3899, Masked: 2.6728, Reg: 0.089147
Epoch [17/66], Total Loss: 22.7995, NLL: 3.3899, Masked: 2.6731, Reg: 0.089104
Epoch [18/66], Total Loss: 22.7981, NLL: 3.3899, Masked: 2.6729, Reg: 0.089179
Epoch [19/66], Total Loss: 22.7957, NLL: 3.3899, Masked: 2.6725, Reg: 0.089100
Epoch [20/66], Total Loss: 22.7973, NLL: 3.3899, Masked: 2.6728, Reg: 0.089145
Epoch [21/66], Total Loss: 22.7991, NLL: 3.3899, Masked: 2.6730, Reg: 0.089160
Epoch [22/66], Total Loss: 22.7982, NLL: 3.3899, Masked: 2.6729, Reg: 0.089157
Epoch [23/66], Total Loss: 22.8031, NLL: 3.3899, Masked: 2.6736, Reg: 0.089056
Epoch [24/66], Total Loss: 22.8003, NLL: 3.3899, Masked: 2.6732, Reg: 0.089213
Epoch [25/66], Total Loss: 22.8017, NLL: 3.3899, Masked: 2.6734, Reg: 0.089059
Epoch [26/66], Total Loss: 22.7982, NLL: 3.3899, Masked: 2.6729, Reg: 0.089179
Epoch [27/66], Total Loss: 22.7917, NLL: 3.3899, Masked: 2.6720, Reg: 0.089204
Epoch [28/66], Total Loss: 22.7979, NLL: 3.3899, Masked: 2.6728, Reg: 0.089133
Epoch [29/66], Total Loss: 22.8001, NLL: 3.3899, Masked: 2.6732, Reg: 0.089069
Epoch [30/66], Total Loss: 22.7972, NLL: 3.3899, Masked: 2.6727, Reg: 0.089151
Epoch [31/66], Total Loss: 22.8045, NLL: 3.3899, Masked: 2.6738, Reg: 0.089126
Epoch [32/66], Total Loss: 22.7982, NLL: 3.3899, Masked: 2.6729, Reg: 0.089140
Epoch [33/66], Total Loss: 22.8005, NLL: 3.3899, Masked: 2.6732, Reg: 0.089089
Epoch [34/66], Total Loss: 22.8023, NLL: 3.3899, Masked: 2.6734, Reg: 0.089202
Epoch [35/66], Total Loss: 22.7984, NLL: 3.3899, Masked: 2.6729, Reg: 0.089134
Epoch [36/66], Total Loss: 22.7996, NLL: 3.3899, Masked: 2.6731, Reg: 0.089142
Epoch [37/66], Total Loss: 22.7993, NLL: 3.3899, Masked: 2.6730, Reg: 0.089125
Epoch [38/66], Total Loss: 22.7997, NLL: 3.3899, Masked: 2.6731, Reg: 0.089196
Epoch [39/66], Total Loss: 22.8063, NLL: 3.3899, Masked: 2.6740, Reg: 0.089076
Epoch [40/66], Total Loss: 22.8017, NLL: 3.3899, Masked: 2.6734, Reg: 0.089112
Epoch [41/66], Total Loss: 22.7973, NLL: 3.3899, Masked: 2.6728, Reg: 0.089198
Epoch [42/66], Total Loss: 22.8001, NLL: 3.3899, Masked: 2.6732, Reg: 0.089053
Epoch [43/66], Total Loss: 22.7973, NLL: 3.3899, Masked: 2.6728, Reg: 0.089171
Epoch [44/66], Total Loss: 22.7992, NLL: 3.3899, Masked: 2.6730, Reg: 0.089121
Epoch [45/66], Total Loss: 22.8023, NLL: 3.3899, Masked: 2.6735, Reg: 0.089239
Epoch [46/66], Total Loss: 22.8007, NLL: 3.3899, Masked: 2.6732, Reg: 0.089109
Epoch [47/66], Total Loss: 22.8006, NLL: 3.3899, Masked: 2.6732, Reg: 0.089126
Epoch [48/66], Total Loss: 22.8011, NLL: 3.3899, Masked: 2.6733, Reg: 0.089107
Epoch [49/66], Total Loss: 22.7997, NLL: 3.3899, Masked: 2.6731, Reg: 0.089146
Epoch [50/66], Total Loss: 22.7989, NLL: 3.3899, Masked: 2.6730, Reg: 0.089107
Epoch [51/66], Total Loss: 22.8001, NLL: 3.3899, Masked: 2.6732, Reg: 0.089153
Epoch [52/66], Total Loss: 22.8012, NLL: 3.3899, Masked: 2.6733, Reg: 0.089123
Epoch [53/66], Total Loss: 22.7990, NLL: 3.3899, Masked: 2.6730, Reg: 0.089162
Epoch [54/66], Total Loss: 22.7988, NLL: 3.3899, Masked: 2.6730, Reg: 0.089121
Epoch [55/66], Total Loss: 22.7966, NLL: 3.3899, Masked: 2.6727, Reg: 0.089115
Epoch [56/66], Total Loss: 22.7993, NLL: 3.3899, Masked: 2.6730, Reg: 0.089169
Epoch [57/66], Total Loss: 22.8052, NLL: 3.3899, Masked: 2.6738, Reg: 0.089118
Epoch [58/66], Total Loss: 22.8051, NLL: 3.3899, Masked: 2.6738, Reg: 0.089183
Epoch [59/66], Total Loss: 22.7971, NLL: 3.3899, Masked: 2.6727, Reg: 0.089207
Epoch [60/66], Total Loss: 22.8030, NLL: 3.3899, Masked: 2.6736, Reg: 0.089080
Epoch [61/66], Total Loss: 22.8043, NLL: 3.3899, Masked: 2.6737, Reg: 0.089119
Epoch [62/66], Total Loss: 22.7983, NLL: 3.3899, Masked: 2.6729, Reg: 0.089124
Epoch [63/66], Total Loss: 22.8033, NLL: 3.3899, Masked: 2.6736, Reg: 0.089133
Epoch [64/66], Total Loss: 22.7961, NLL: 3.3899, Masked: 2.6726, Reg: 0.089102
Epoch [65/66], Total Loss: 22.8071, NLL: 3.3899, Masked: 2.6741, Reg: 0.089139
Epoch [66/66], Total Loss: 22.8022, NLL: 3.3899, Masked: 2.6734, Reg: 0.089170

==================================================
EVALUATING ON TRAINING DATA
==================================================

==================================================
TEST RESULTS
==================================================
Total Loss: 22.801084
  - ZINB NLL: 3.389834
Total number of masked values: 7972391
  - Number of values with pi >= 0.43066049671841633: 7972391
  - Number of values with pi < 0.43066049671841633: 0
  - Masked Reconstruction: 2.673291
  - Regularization: 0.091295
Mean Absolute Error (MAE): 2.212831
R² Score: -0.228894
==================================================


==================================================
TEST RESULTS
==================================================
Total Loss: 21.938278
  - ZINB NLL: 3.346647
Total number of masked values: 3587074
  - Number of values with pi >= 0.43066049671841633: 3587074
  - Number of values with pi < 0.43066049671841633: 0
  - Masked Reconstruction: 2.560414
  - Regularization: 0.091295
Mean Absolute Error (MAE): 2.272105
R² Score: -0.166332
==================================================


>>> Optimizing zinb_nll on VALIDATION set: 3.346647
>>> Full validation metrics: {'total_loss': 21.938277800998364, 'zinb_nll': 3.3466468316769387, 'mae': 2.2721054553985596, 'r2': -0.16633224487304688, 'masked_loss': 2.560413911685169, 'reg_loss': 0.09129470076592079}

Iteration No: 16 ended. Evaluation done at random point.
Time taken: 1218.5583
Function value obtained: 3.3466
Current minimum: 0.6046
Iteration No: 17 started. Evaluating function at random point.

================================================================================
Trial with parameters:
  features: Centr_Nucl
  data_point_length: 2351
  step_size: 0.7746341580753955
  bin_size: 15
  sample_fraction: 0.34955906668222736
  moving_average: False
  first_layer_size_factor: 108
  num_layers: 1
  use_conv: True
  conv_channel: 65
  pool_size: 6
  kernel_size: 5
  epochs: 52
  batch_size: 32
  pi_threshold: 0.47132578997604313
  learning_rate: 0.0011627857539267454
  dropout_rate: 0.02909679775422181
  masked_recon_weight: 4.57988855821619
  regularizer: l2
  regularization_weight: 0.0004769924600707108
================================================================================

Creating datasets with:
  features: ['Centr', 'Nucl']
  bin_size: 15
  moving_average: False
  data_point_length: 156 (from 2351)
  step_size: 120 (from fraction 0.7746341580753955)
  layers: [np.int64(1728)] (first=1728, num=1)
  stride: 1 (fixed), padding: same (fixed)


Clipping outliers using 95th percentile * 1.5...
strain_yTW001: Clipping values above 134.25 (P95=89.50). Clipped 27529/1193409 values (2.31%)
strain_FD: Clipping values above 71.92 (P95=47.94). Clipped 95791/4127807 values (2.32%)
strain_dnrp: Clipping values above 243.00 (P95=162.00). Clipped 25649/1119454 values (2.29%)
strain_yEK19: Clipping values above 77.10 (P95=51.40). Clipped 83713/3893623 values (2.15%)
strain_yEK23: Clipping values above 72.00 (P95=48.00). Clipped 86381/3558407 values (2.43%)
strain_yWT03a: Clipping values above 15.00 (P95=10.00). Clipped 10602/347679 values (3.05%)
strain_yWT04a: Clipping values above 58.50 (P95=39.00). Clipped 21095/725406 values (2.91%)
strain_ylic137: Clipping values above 142.50 (P95=95.00). Clipped 28746/1112684 values (2.58%)
Standardizing features: ['Centr', 'Nucl']
Column order in final array (Dataset/Chrom split): ['Value', 'Nucleosome_Distance', 'Centromere_Distance', 'Value_Raw', 'Size_Factor']
Removing 0 empty data points out of 32552
Column order in final array (Dataset/Chrom split): ['Value', 'Nucleosome_Distance', 'Centromere_Distance', 'Value_Raw', 'Size_Factor']
Removing 0 empty data points out of 11248
Column order in final array (Dataset/Chrom split): ['Value', 'Nucleosome_Distance', 'Centromere_Distance', 'Value_Raw', 'Size_Factor']
Removing 0 empty data points out of 9880
Datasets created:
  Train: (32552, 156, 5), Val: (11248, 156, 5), Test: (9880, 156, 5)

Randomly sampled 11378/32552 samples (35.0%)
Applied denoising with 15.0% masking
Applied denoising with 15.0% masking
Applied denoising with 15.0% masking
Epoch [1/52], Total Loss: 17.3365, NLL: 2.2272, Masked: 3.2990, Reg: 0.373933
Epoch [2/52], Total Loss: 17.2867, NLL: 2.2022, Masked: 3.2937, Reg: 0.240948
Epoch [3/52], Total Loss: 15.5295, NLL: 1.8872, Masked: 2.9787, Reg: 0.245941
Epoch [4/52], Total Loss: 14.8583, NLL: 1.7717, Masked: 2.8574, Reg: 0.241143
Epoch [5/52], Total Loss: 14.5099, NLL: 1.7335, Masked: 2.7897, Reg: 0.249002
Epoch [6/52], Total Loss: 14.3302, NLL: 1.7122, Masked: 2.7551, Reg: 0.264563
Epoch [7/52], Total Loss: 14.1010, NLL: 1.6971, Masked: 2.7083, Reg: 0.289586
Epoch [8/52], Total Loss: 13.9337, NLL: 1.6826, Masked: 2.6750, Reg: 0.313310
Epoch [9/52], Total Loss: 13.7432, NLL: 1.6735, Masked: 2.6354, Reg: 0.339319
Epoch [10/52], Total Loss: 13.5352, NLL: 1.6658, Masked: 2.5916, Reg: 0.366387
Epoch [11/52], Total Loss: 13.3613, NLL: 1.6577, Masked: 2.5554, Reg: 0.392461
Epoch [12/52], Total Loss: 13.2164, NLL: 1.6517, Masked: 2.5251, Reg: 0.415891
Epoch [13/52], Total Loss: 13.0704, NLL: 1.6450, Masked: 2.4947, Reg: 0.442265
Epoch [14/52], Total Loss: 12.9186, NLL: 1.6411, Masked: 2.4624, Reg: 0.465509
Epoch [15/52], Total Loss: 12.8571, NLL: 1.6388, Masked: 2.4495, Reg: 0.484657
Epoch [16/52], Total Loss: 12.6724, NLL: 1.6365, Masked: 2.4096, Reg: 0.499933
Epoch [17/52], Total Loss: 12.5892, NLL: 1.6347, Masked: 2.3919, Reg: 0.512928
Epoch [18/52], Total Loss: 12.5021, NLL: 1.6321, Masked: 2.3734, Reg: 0.529589
Epoch [19/52], Total Loss: 12.4401, NLL: 1.6315, Masked: 2.3600, Reg: 0.539411
Epoch [20/52], Total Loss: 12.3490, NLL: 1.6297, Masked: 2.3405, Reg: 0.555528
Epoch [21/52], Total Loss: 12.2621, NLL: 1.6297, Masked: 2.3215, Reg: 0.566890
Epoch [22/52], Total Loss: 12.2030, NLL: 1.6276, Masked: 2.3091, Reg: 0.579207
Epoch [23/52], Total Loss: 12.1409, NLL: 1.6271, Masked: 2.2956, Reg: 0.588546
Epoch [24/52], Total Loss: 12.0627, NLL: 1.6261, Masked: 2.2788, Reg: 0.595834
Epoch [25/52], Total Loss: 12.0597, NLL: 1.6263, Masked: 2.2781, Reg: 0.611585
Epoch [26/52], Total Loss: 11.9732, NLL: 1.6258, Masked: 2.2593, Reg: 0.623474
Epoch [27/52], Total Loss: 11.9208, NLL: 1.6253, Masked: 2.2480, Reg: 0.624839
Epoch [28/52], Total Loss: 11.8903, NLL: 1.6249, Masked: 2.2414, Reg: 0.631342
Epoch [29/52], Total Loss: 11.8451, NLL: 1.6237, Masked: 2.2318, Reg: 0.637419
Epoch [30/52], Total Loss: 11.7746, NLL: 1.6239, Masked: 2.2164, Reg: 0.648482
Epoch [31/52], Total Loss: 11.7298, NLL: 1.6233, Masked: 2.2067, Reg: 0.658553
Epoch [32/52], Total Loss: 11.7216, NLL: 1.6231, Masked: 2.2050, Reg: 0.665218
Epoch [33/52], Total Loss: 11.6510, NLL: 1.6220, Masked: 2.1898, Reg: 0.672061
Epoch [34/52], Total Loss: 11.5998, NLL: 1.6231, Masked: 2.1784, Reg: 0.678463
Epoch [35/52], Total Loss: 11.5931, NLL: 1.6219, Masked: 2.1772, Reg: 0.687782
Epoch [36/52], Total Loss: 11.5524, NLL: 1.6217, Masked: 2.1683, Reg: 0.698747
Epoch [37/52], Total Loss: 11.5470, NLL: 1.6211, Masked: 2.1673, Reg: 0.703137
Epoch [38/52], Total Loss: 11.4754, NLL: 1.6206, Masked: 2.1518, Reg: 0.714382
Epoch [39/52], Total Loss: 11.4461, NLL: 1.6211, Masked: 2.1453, Reg: 0.719486
Epoch [40/52], Total Loss: 11.4275, NLL: 1.6209, Masked: 2.1412, Reg: 0.720435
Epoch [41/52], Total Loss: 11.3747, NLL: 1.6203, Masked: 2.1298, Reg: 0.730239
Epoch [42/52], Total Loss: 11.3410, NLL: 1.6205, Masked: 2.1224, Reg: 0.731183
Epoch [43/52], Total Loss: 11.3635, NLL: 1.6196, Masked: 2.1275, Reg: 0.735754
Epoch [44/52], Total Loss: 11.3306, NLL: 1.6188, Masked: 2.1205, Reg: 0.746477
Epoch [45/52], Total Loss: 11.2676, NLL: 1.6195, Masked: 2.1066, Reg: 0.754501
Epoch [46/52], Total Loss: 11.2519, NLL: 1.6189, Masked: 2.1033, Reg: 0.764525
Epoch [47/52], Total Loss: 11.2364, NLL: 1.6190, Masked: 2.0999, Reg: 0.762670
Epoch [48/52], Total Loss: 11.2406, NLL: 1.6187, Masked: 2.1009, Reg: 0.765753
Epoch [49/52], Total Loss: 11.1602, NLL: 1.6191, Masked: 2.0833, Reg: 0.761355
Epoch [50/52], Total Loss: 11.1476, NLL: 1.6184, Masked: 2.0807, Reg: 0.766162
Epoch [51/52], Total Loss: 11.1187, NLL: 1.6186, Masked: 2.0743, Reg: 0.773421
Epoch [52/52], Total Loss: 11.1075, NLL: 1.6181, Masked: 2.0720, Reg: 0.770063

==================================================
EVALUATING ON TRAINING DATA
==================================================

==================================================
TEST RESULTS
==================================================
Total Loss: 11.029832
  - ZINB NLL: 1.615754
Total number of masked values: 164250
  - Number of values with pi >= 0.47132578997604313: 0
  - Number of values with pi < 0.47132578997604313: 164250
  - Masked Reconstruction: 2.055526
  - Regularization: 0.767715
Mean Absolute Error (MAE): 2.002913
R² Score: 0.438232
==================================================


==================================================
TEST RESULTS
==================================================
Total Loss: 122.583379
  - ZINB NLL: 1.712171
Total number of masked values: 157980
  - Number of values with pi >= 0.47132578997604313: 0
  - Number of values with pi < 0.47132578997604313: 157980
  - Masked Reconstruction: 26.391738
  - Regularization: 0.767715
Mean Absolute Error (MAE): 664.830933
R² Score: -6678868480.000000
==================================================


>>> Optimizing zinb_nll on VALIDATION set: 1.712171
>>> Full validation metrics: {'total_loss': 122.58337936021525, 'zinb_nll': 1.7121714680835838, 'mae': 664.8309326171875, 'r2': -6678868480.0, 'masked_loss': 26.391737588269272, 'reg_loss': 0.7677149974874117}

Iteration No: 17 ended. Evaluation done at random point.
Time taken: 179.0431
Function value obtained: 1.7122
Current minimum: 0.6046
Iteration No: 18 started. Evaluating function at random point.

================================================================================
Trial with parameters:
  features: Centr_Nucl
  data_point_length: 1323
  step_size: 0.9509604980047824
  bin_size: 64
  sample_fraction: 0.6375221930699251
  moving_average: False
  first_layer_size_factor: 68
  num_layers: 4
  use_conv: True
  conv_channel: 79
  pool_size: 3
  kernel_size: 3
  epochs: 71
  batch_size: 32
  pi_threshold: 0.33766279530742405
  learning_rate: 8.594882189642616e-05
  dropout_rate: 0.4897552643107544
  masked_recon_weight: 0.00502714115250473
  regularizer: l1
  regularization_weight: 2.205722945374619
================================================================================

Creating datasets with:
  features: ['Centr', 'Nucl']
  bin_size: 64
  moving_average: False
  data_point_length: 20 (from 1323)
  step_size: 19 (from fraction 0.9509604980047824)
  layers: [np.int64(1088), np.int64(544), np.int64(272), np.int64(136)] (first=1088, num=4)
  stride: 1 (fixed), padding: same (fixed)


Clipping outliers using 95th percentile * 1.5...
strain_yTW001: Clipping values above 134.25 (P95=89.50). Clipped 27529/1193409 values (2.31%)
strain_FD: Clipping values above 71.92 (P95=47.94). Clipped 95791/4127807 values (2.32%)
strain_dnrp: Clipping values above 243.00 (P95=162.00). Clipped 25649/1119454 values (2.29%)
strain_yEK19: Clipping values above 77.10 (P95=51.40). Clipped 83713/3893623 values (2.15%)
strain_yEK23: Clipping values above 72.00 (P95=48.00). Clipped 86381/3558407 values (2.43%)
strain_yWT03a: Clipping values above 15.00 (P95=10.00). Clipped 10602/347679 values (3.05%)
strain_yWT04a: Clipping values above 58.50 (P95=39.00). Clipped 21095/725406 values (2.91%)
strain_ylic137: Clipping values above 142.50 (P95=95.00). Clipped 28746/1112684 values (2.58%)
Standardizing features: ['Centr', 'Nucl']
Column order in final array (Dataset/Chrom split): ['Value', 'Nucleosome_Distance', 'Centromere_Distance', 'Value_Raw', 'Size_Factor']
Removing 0 empty data points out of 48208
Column order in final array (Dataset/Chrom split): ['Value', 'Nucleosome_Distance', 'Centromere_Distance', 'Value_Raw', 'Size_Factor']
Removing 0 empty data points out of 16656
Column order in final array (Dataset/Chrom split): ['Value', 'Nucleosome_Distance', 'Centromere_Distance', 'Value_Raw', 'Size_Factor']
Removing 0 empty data points out of 14624
Datasets created:
  Train: (48208, 20, 5), Val: (16656, 20, 5), Test: (14624, 20, 5)

Randomly sampled 30733/48208 samples (63.8%)
Applied denoising with 15.0% masking
Applied denoising with 15.0% masking
Applied denoising with 15.0% masking
Epoch [1/71], Total Loss: 18054.2027, NLL: 3.1425, Masked: 28.6186, Reg: 18050.915461
Epoch [2/71], Total Loss: 253.3499, NLL: 3.1472, Masked: 28.6185, Reg: 250.058802
Epoch [3/71], Total Loss: 177.7162, NLL: 3.1526, Masked: 28.6238, Reg: 174.419778
Epoch [4/71], Total Loss: 137.4458, NLL: 3.1586, Masked: 28.6307, Reg: 134.143303
Epoch [5/71], Total Loss: 127.1815, NLL: 3.1653, Masked: 28.6199, Reg: 123.872365
Epoch [6/71], Total Loss: 123.5441, NLL: 3.1728, Masked: 28.6173, Reg: 120.227362
Epoch [7/71], Total Loss: 119.9085, NLL: 3.1812, Masked: 28.6207, Reg: 116.583455
Epoch [8/71], Total Loss: 116.2730, NLL: 3.1905, Masked: 28.6230, Reg: 112.938667
Epoch [9/71], Total Loss: 112.6393, NLL: 3.2007, Masked: 28.6186, Reg: 109.294755
Epoch [10/71], Total Loss: 109.0066, NLL: 3.2119, Masked: 28.6230, Reg: 105.650834
Epoch [11/71], Total Loss: 105.3743, NLL: 3.2242, Masked: 28.6184, Reg: 102.006286
Epoch [12/71], Total Loss: 101.7446, NLL: 3.2376, Masked: 28.6300, Reg: 98.363131
Epoch [13/71], Total Loss: 98.1152, NLL: 3.2521, Masked: 28.6305, Reg: 94.719096
Epoch [14/71], Total Loss: 94.4884, NLL: 3.2679, Masked: 28.6223, Reg: 91.076588
Epoch [15/71], Total Loss: 90.8622, NLL: 3.2850, Masked: 28.6194, Reg: 87.433344
Epoch [16/71], Total Loss: 87.2379, NLL: 3.3034, Masked: 28.6271, Reg: 83.790577
Epoch [17/71], Total Loss: 83.4918, NLL: 3.3231, Masked: 4.2355, Reg: 80.147384
Epoch [18/71], Total Loss: 79.8626, NLL: 3.3444, Masked: 2.6685, Reg: 76.504777
Epoch [19/71], Total Loss: 76.2425, NLL: 3.3670, Masked: 2.6672, Reg: 72.862062
Epoch [20/71], Total Loss: 72.6238, NLL: 3.3912, Masked: 2.6675, Reg: 69.219168
Epoch [21/71], Total Loss: 69.0064, NLL: 3.4169, Masked: 2.6659, Reg: 65.576076
Epoch [22/71], Total Loss: 65.3909, NLL: 3.4442, Masked: 2.6690, Reg: 61.933281
Epoch [23/71], Total Loss: 61.7764, NLL: 3.4731, Masked: 2.6695, Reg: 58.289962
Epoch [24/71], Total Loss: 58.1638, NLL: 3.5035, Masked: 2.6665, Reg: 54.646816
Epoch [25/71], Total Loss: 55.6505, NLL: 3.5256, Masked: 2.6695, Reg: 52.111458
Epoch [26/71], Total Loss: 55.5623, NLL: 3.5264, Masked: 2.6657, Reg: 52.022515
Epoch [27/71], Total Loss: 55.5618, NLL: 3.5264, Masked: 2.6671, Reg: 52.021949
Epoch [28/71], Total Loss: 55.5617, NLL: 3.5264, Masked: 2.6669, Reg: 52.021892
Epoch [29/71], Total Loss: 55.5612, NLL: 3.5264, Masked: 2.6669, Reg: 52.021412
Epoch [30/71], Total Loss: 55.5612, NLL: 3.5264, Masked: 2.6683, Reg: 52.021342
Epoch [31/71], Total Loss: 55.5605, NLL: 3.5264, Masked: 2.6663, Reg: 52.020683
Epoch [32/71], Total Loss: 55.5607, NLL: 3.5264, Masked: 2.6680, Reg: 52.020849
Epoch [33/71], Total Loss: 55.5601, NLL: 3.5264, Masked: 2.6670, Reg: 52.020266
Epoch [34/71], Total Loss: 55.5596, NLL: 3.5264, Masked: 2.6659, Reg: 52.019757
Epoch [35/71], Total Loss: 55.5600, NLL: 3.5264, Masked: 2.6673, Reg: 52.020186
Epoch [36/71], Total Loss: 55.5591, NLL: 3.5264, Masked: 2.6657, Reg: 52.019303
Epoch [37/71], Total Loss: 55.5586, NLL: 3.5264, Masked: 2.6677, Reg: 52.018832
Epoch [38/71], Total Loss: 55.5583, NLL: 3.5264, Masked: 2.6647, Reg: 52.018524
Epoch [39/71], Total Loss: 55.5578, NLL: 3.5264, Masked: 2.6679, Reg: 52.017974
Epoch [40/71], Total Loss: 55.5575, NLL: 3.5264, Masked: 2.6674, Reg: 52.017675
Epoch [41/71], Total Loss: 55.5571, NLL: 3.5264, Masked: 2.6672, Reg: 52.017301
Epoch [42/71], Total Loss: 55.5562, NLL: 3.5264, Masked: 2.6643, Reg: 52.016359
Epoch [43/71], Total Loss: 55.5559, NLL: 3.5264, Masked: 2.6670, Reg: 52.016042
Epoch [44/71], Total Loss: 55.5553, NLL: 3.5264, Masked: 2.6668, Reg: 52.015508
Epoch [45/71], Total Loss: 55.5550, NLL: 3.5264, Masked: 2.6677, Reg: 52.015160
Epoch [46/71], Total Loss: 55.5540, NLL: 3.5264, Masked: 2.6671, Reg: 52.014181
Epoch [47/71], Total Loss: 55.5536, NLL: 3.5264, Masked: 2.6662, Reg: 52.013817
Epoch [48/71], Total Loss: 55.5530, NLL: 3.5264, Masked: 2.6683, Reg: 52.013150
Epoch [49/71], Total Loss: 55.5523, NLL: 3.5264, Masked: 2.6646, Reg: 52.012513
Epoch [50/71], Total Loss: 55.5519, NLL: 3.5264, Masked: 2.6673, Reg: 52.012121
Epoch [51/71], Total Loss: 55.5523, NLL: 3.5264, Masked: 2.6666, Reg: 52.012460
Epoch [52/71], Total Loss: 55.5515, NLL: 3.5264, Masked: 2.6674, Reg: 52.011661
Epoch [53/71], Total Loss: 55.5513, NLL: 3.5264, Masked: 2.6684, Reg: 52.011480
Epoch [54/71], Total Loss: 55.5505, NLL: 3.5264, Masked: 2.6655, Reg: 52.010728
Epoch [55/71], Total Loss: 55.5505, NLL: 3.5264, Masked: 2.6683, Reg: 52.010651
Epoch [56/71], Total Loss: 55.5500, NLL: 3.5264, Masked: 2.6653, Reg: 52.010205
Epoch [57/71], Total Loss: 55.5496, NLL: 3.5264, Masked: 2.6660, Reg: 52.009757
Epoch [58/71], Total Loss: 55.5490, NLL: 3.5264, Masked: 2.6684, Reg: 52.009201
Epoch [59/71], Total Loss: 55.5491, NLL: 3.5264, Masked: 2.6675, Reg: 52.009270
Epoch [60/71], Total Loss: 55.5487, NLL: 3.5264, Masked: 2.6707, Reg: 52.008901
Epoch [61/71], Total Loss: 55.5486, NLL: 3.5264, Masked: 2.6657, Reg: 52.008829
Epoch [62/71], Total Loss: 55.5480, NLL: 3.5264, Masked: 2.6682, Reg: 52.008166
Epoch [63/71], Total Loss: 55.5478, NLL: 3.5264, Masked: 2.6672, Reg: 52.007995
Epoch [64/71], Total Loss: 55.5470, NLL: 3.5264, Masked: 2.6651, Reg: 52.007242
Epoch [65/71], Total Loss: 55.5466, NLL: 3.5264, Masked: 2.6682, Reg: 52.006748
Epoch [66/71], Total Loss: 55.5466, NLL: 3.5264, Masked: 2.6681, Reg: 52.006789
Epoch [67/71], Total Loss: 55.5456, NLL: 3.5264, Masked: 2.6658, Reg: 52.005843
Epoch [68/71], Total Loss: 55.5458, NLL: 3.5264, Masked: 2.6688, Reg: 52.005972
Epoch [69/71], Total Loss: 55.5453, NLL: 3.5264, Masked: 2.6673, Reg: 52.005452
Epoch [70/71], Total Loss: 55.5450, NLL: 3.5264, Masked: 2.6684, Reg: 52.005164
Epoch [71/71], Total Loss: 55.5448, NLL: 3.5264, Masked: 2.6653, Reg: 52.005010

==================================================
EVALUATING ON TRAINING DATA
==================================================

==================================================
TEST RESULTS
==================================================
Total Loss: 55.603665
  - ZINB NLL: 3.526398
Total number of masked values: 71296
  - Number of values with pi >= 0.33766279530742405: 71296
  - Number of values with pi < 0.33766279530742405: 0
  - Masked Reconstruction: 2.665856
  - Regularization: 52.063864
Mean Absolute Error (MAE): 2.215586
R² Score: -0.244387
==================================================


==================================================
TEST RESULTS
==================================================
Total Loss: 55.564780
  - ZINB NLL: 3.488108
Total number of masked values: 37876
  - Number of values with pi >= 0.33766279530742405: 37876
  - Number of values with pi < 0.33766279530742405: 0
  - Masked Reconstruction: 2.547302
  - Regularization: 52.063864
Mean Absolute Error (MAE): 2.268323
R² Score: -0.178491
==================================================


>>> Optimizing zinb_nll on VALIDATION set: 3.488108
>>> Full validation metrics: {'total_loss': 55.564779723182994, 'zinb_nll': 3.48810842561676, 'mae': 2.2683234214782715, 'r2': -0.17849063873291016, 'masked_loss': 2.5473018017213693, 'reg_loss': 52.06386356914944}

Iteration No: 18 ended. Evaluation done at random point.
Time taken: 467.9544
Function value obtained: 3.4881
Current minimum: 0.6046
Iteration No: 19 started. Evaluating function at random point.

================================================================================
Trial with parameters:
  features: Nucl
  data_point_length: 2058
  step_size: 0.5985053597047086
  bin_size: 65
  sample_fraction: 0.2860441931477753
  moving_average: False
  first_layer_size_factor: 133
  num_layers: 2
  use_conv: True
  conv_channel: 121
  pool_size: 5
  kernel_size: 7
  epochs: 112
  batch_size: 64
  pi_threshold: 0.6775566418243029
  learning_rate: 0.006803850954616805
  dropout_rate: 0.433599466777502
  masked_recon_weight: 0.3512484284337133
  regularizer: none
  regularization_weight: 0.5497666570763757
================================================================================

Creating datasets with:
  features: ['Nucl']
  bin_size: 65
  moving_average: False
  data_point_length: 31 (from 2058)
  step_size: 18 (from fraction 0.5985053597047086)
  layers: [np.int64(2128), np.int64(1064)] (first=2128, num=2)
  stride: 1 (fixed), padding: same (fixed)


Clipping outliers using 95th percentile * 1.5...
strain_yTW001: Clipping values above 134.25 (P95=89.50). Clipped 27529/1193409 values (2.31%)
strain_FD: Clipping values above 71.92 (P95=47.94). Clipped 95791/4127807 values (2.32%)
strain_dnrp: Clipping values above 243.00 (P95=162.00). Clipped 25649/1119454 values (2.29%)
strain_yEK19: Clipping values above 77.10 (P95=51.40). Clipped 83713/3893623 values (2.15%)
strain_yEK23: Clipping values above 72.00 (P95=48.00). Clipped 86381/3558407 values (2.43%)
strain_yWT03a: Clipping values above 15.00 (P95=10.00). Clipped 10602/347679 values (3.05%)
strain_yWT04a: Clipping values above 58.50 (P95=39.00). Clipped 21095/725406 values (2.91%)
strain_ylic137: Clipping values above 142.50 (P95=95.00). Clipped 28746/1112684 values (2.58%)
Standardizing features: ['Nucl']
Column order in final array (Dataset/Chrom split): ['Value', 'Nucleosome_Distance', 'Value_Raw', 'Size_Factor']
Removing 0 empty data points out of 50048
Column order in final array (Dataset/Chrom split): ['Value', 'Nucleosome_Distance', 'Value_Raw', 'Size_Factor']
Removing 0 empty data points out of 17288
Column order in final array (Dataset/Chrom split): ['Value', 'Nucleosome_Distance', 'Value_Raw', 'Size_Factor']
Removing 0 empty data points out of 15184
Datasets created:
  Train: (50048, 31, 4), Val: (17288, 31, 4), Test: (15184, 31, 4)

Randomly sampled 14315/50048 samples (28.6%)
Applied denoising with 15.0% masking
Applied denoising with 15.0% masking
Applied denoising with 15.0% masking
Epoch [1/112], Total Loss: 3.0389, NLL: 2.2224, Masked: 2.3246
Epoch [2/112], Total Loss: 2.9971, NLL: 2.2172, Masked: 2.2203
Epoch [3/112], Total Loss: 2.9974, NLL: 2.2172, Masked: 2.2213
Epoch [4/112], Total Loss: 2.9973, NLL: 2.2172, Masked: 2.2210
Epoch [5/112], Total Loss: 2.9971, NLL: 2.2172, Masked: 2.2203
Epoch [6/112], Total Loss: 2.9969, NLL: 2.2172, Masked: 2.2200
Epoch [7/112], Total Loss: 2.9974, NLL: 2.2172, Masked: 2.2212
Epoch [8/112], Total Loss: 2.9973, NLL: 2.2172, Masked: 2.2212
Epoch [9/112], Total Loss: 2.9970, NLL: 2.2172, Masked: 2.2203
Epoch [10/112], Total Loss: 2.9975, NLL: 2.2172, Masked: 2.2217
Epoch [11/112], Total Loss: 2.9969, NLL: 2.2172, Masked: 2.2198
Epoch [12/112], Total Loss: 2.9972, NLL: 2.2172, Masked: 2.2208
Epoch [13/112], Total Loss: 2.9974, NLL: 2.2172, Masked: 2.2212
Epoch [14/112], Total Loss: 2.9972, NLL: 2.2172, Masked: 2.2207
Epoch [15/112], Total Loss: 2.9971, NLL: 2.2172, Masked: 2.2203
Epoch [16/112], Total Loss: 2.9977, NLL: 2.2172, Masked: 2.2222
Epoch [17/112], Total Loss: 2.9972, NLL: 2.2172, Masked: 2.2207
Epoch [18/112], Total Loss: 2.9968, NLL: 2.2172, Masked: 2.2197
Epoch [19/112], Total Loss: 2.9973, NLL: 2.2172, Masked: 2.2210
Epoch [20/112], Total Loss: 2.9972, NLL: 2.2172, Masked: 2.2209
Epoch [21/112], Total Loss: 2.9972, NLL: 2.2172, Masked: 2.2206
Epoch [22/112], Total Loss: 2.9974, NLL: 2.2172, Masked: 2.2215
Epoch [23/112], Total Loss: 2.9973, NLL: 2.2172, Masked: 2.2211
Epoch [24/112], Total Loss: 2.9971, NLL: 2.2172, Masked: 2.2205
Epoch [25/112], Total Loss: 2.9973, NLL: 2.2172, Masked: 2.2209
Epoch [26/112], Total Loss: 2.9975, NLL: 2.2172, Masked: 2.2215
Epoch [27/112], Total Loss: 2.9972, NLL: 2.2172, Masked: 2.2209
Epoch [28/112], Total Loss: 2.9972, NLL: 2.2172, Masked: 2.2209
Epoch [29/112], Total Loss: 2.9972, NLL: 2.2172, Masked: 2.2209
Epoch [30/112], Total Loss: 2.9970, NLL: 2.2172, Masked: 2.2201
Epoch [31/112], Total Loss: 2.9969, NLL: 2.2172, Masked: 2.2198
Epoch [32/112], Total Loss: 2.9972, NLL: 2.2172, Masked: 2.2207
Epoch [33/112], Total Loss: 2.9970, NLL: 2.2172, Masked: 2.2203
Epoch [34/112], Total Loss: 2.9976, NLL: 2.2172, Masked: 2.2219
Epoch [35/112], Total Loss: 2.9970, NLL: 2.2172, Masked: 2.2202
Epoch [36/112], Total Loss: 2.9975, NLL: 2.2172, Masked: 2.2215
Epoch [37/112], Total Loss: 2.9972, NLL: 2.2172, Masked: 2.2207
Epoch [38/112], Total Loss: 2.9971, NLL: 2.2172, Masked: 2.2205
Epoch [39/112], Total Loss: 2.9971, NLL: 2.2172, Masked: 2.2206
Epoch [40/112], Total Loss: 2.9975, NLL: 2.2172, Masked: 2.2216
Epoch [41/112], Total Loss: 2.9973, NLL: 2.2172, Masked: 2.2211
Epoch [42/112], Total Loss: 2.9972, NLL: 2.2172, Masked: 2.2206
Epoch [43/112], Total Loss: 2.9970, NLL: 2.2172, Masked: 2.2201
Epoch [44/112], Total Loss: 2.9977, NLL: 2.2172, Masked: 2.2220
Epoch [45/112], Total Loss: 2.9977, NLL: 2.2172, Masked: 2.2221
Epoch [46/112], Total Loss: 2.9967, NLL: 2.2172, Masked: 2.2195
Epoch [47/112], Total Loss: 2.9972, NLL: 2.2172, Masked: 2.2209
Epoch [48/112], Total Loss: 2.9973, NLL: 2.2172, Masked: 2.2209
Epoch [49/112], Total Loss: 2.9970, NLL: 2.2172, Masked: 2.2202
Epoch [50/112], Total Loss: 2.9974, NLL: 2.2172, Masked: 2.2212
Epoch [51/112], Total Loss: 2.9973, NLL: 2.2172, Masked: 2.2211
Epoch [52/112], Total Loss: 2.9973, NLL: 2.2172, Masked: 2.2210
Epoch [53/112], Total Loss: 2.9973, NLL: 2.2172, Masked: 2.2210
Epoch [54/112], Total Loss: 2.9972, NLL: 2.2172, Masked: 2.2206
Epoch [55/112], Total Loss: 2.9972, NLL: 2.2172, Masked: 2.2207
Epoch [56/112], Total Loss: 2.9973, NLL: 2.2172, Masked: 2.2211
Epoch [57/112], Total Loss: 2.9973, NLL: 2.2172, Masked: 2.2210
Epoch [58/112], Total Loss: 2.9971, NLL: 2.2172, Masked: 2.2204
Epoch [59/112], Total Loss: 2.9971, NLL: 2.2172, Masked: 2.2205
Epoch [60/112], Total Loss: 2.9969, NLL: 2.2172, Masked: 2.2200
Epoch [61/112], Total Loss: 2.9972, NLL: 2.2172, Masked: 2.2206
Epoch [62/112], Total Loss: 2.9974, NLL: 2.2172, Masked: 2.2213
Epoch [63/112], Total Loss: 2.9974, NLL: 2.2172, Masked: 2.2213
Epoch [64/112], Total Loss: 2.9973, NLL: 2.2172, Masked: 2.2211
Epoch [65/112], Total Loss: 2.9974, NLL: 2.2172, Masked: 2.2213
Epoch [66/112], Total Loss: 2.9969, NLL: 2.2172, Masked: 2.2200
Epoch [67/112], Total Loss: 2.9972, NLL: 2.2172, Masked: 2.2207
Epoch [68/112], Total Loss: 2.9969, NLL: 2.2172, Masked: 2.2200
Epoch [69/112], Total Loss: 2.9974, NLL: 2.2172, Masked: 2.2213
Epoch [70/112], Total Loss: 2.9973, NLL: 2.2172, Masked: 2.2211
Epoch [71/112], Total Loss: 2.9973, NLL: 2.2172, Masked: 2.2210
Epoch [72/112], Total Loss: 2.9974, NLL: 2.2172, Masked: 2.2213
Epoch [73/112], Total Loss: 2.9970, NLL: 2.2172, Masked: 2.2201
Epoch [74/112], Total Loss: 2.9974, NLL: 2.2172, Masked: 2.2213
Epoch [75/112], Total Loss: 2.9977, NLL: 2.2172, Masked: 2.2222
Epoch [76/112], Total Loss: 2.9974, NLL: 2.2172, Masked: 2.2212
Epoch [77/112], Total Loss: 2.9969, NLL: 2.2172, Masked: 2.2198
Epoch [78/112], Total Loss: 2.9972, NLL: 2.2172, Masked: 2.2208
Epoch [79/112], Total Loss: 2.9974, NLL: 2.2172, Masked: 2.2213
Epoch [80/112], Total Loss: 2.9972, NLL: 2.2172, Masked: 2.2209
Epoch [81/112], Total Loss: 2.9971, NLL: 2.2172, Masked: 2.2206
Epoch [82/112], Total Loss: 2.9970, NLL: 2.2172, Masked: 2.2203
Epoch [83/112], Total Loss: 2.9974, NLL: 2.2172, Masked: 2.2212
Epoch [84/112], Total Loss: 2.9971, NLL: 2.2172, Masked: 2.2205
Epoch [85/112], Total Loss: 2.9971, NLL: 2.2172, Masked: 2.2204
Epoch [86/112], Total Loss: 2.9973, NLL: 2.2172, Masked: 2.2209
Epoch [87/112], Total Loss: 2.9972, NLL: 2.2172, Masked: 2.2208
Epoch [88/112], Total Loss: 2.9974, NLL: 2.2172, Masked: 2.2214
Epoch [89/112], Total Loss: 2.9974, NLL: 2.2172, Masked: 2.2214
Epoch [90/112], Total Loss: 2.9972, NLL: 2.2172, Masked: 2.2206
Epoch [91/112], Total Loss: 2.9973, NLL: 2.2172, Masked: 2.2211
Epoch [92/112], Total Loss: 2.9973, NLL: 2.2172, Masked: 2.2211
Epoch [93/112], Total Loss: 2.9974, NLL: 2.2172, Masked: 2.2213
Epoch [94/112], Total Loss: 2.9969, NLL: 2.2172, Masked: 2.2199
Epoch [95/112], Total Loss: 2.9972, NLL: 2.2172, Masked: 2.2208
Epoch [96/112], Total Loss: 2.9971, NLL: 2.2172, Masked: 2.2205
Epoch [97/112], Total Loss: 2.9973, NLL: 2.2172, Masked: 2.2210
Epoch [98/112], Total Loss: 2.9975, NLL: 2.2172, Masked: 2.2217
Epoch [99/112], Total Loss: 2.9971, NLL: 2.2172, Masked: 2.2204
Epoch [100/112], Total Loss: 2.9972, NLL: 2.2172, Masked: 2.2209
Epoch [101/112], Total Loss: 2.9973, NLL: 2.2172, Masked: 2.2210
Epoch [102/112], Total Loss: 2.9971, NLL: 2.2172, Masked: 2.2205
Epoch [103/112], Total Loss: 2.9972, NLL: 2.2172, Masked: 2.2208
Epoch [104/112], Total Loss: 2.9971, NLL: 2.2172, Masked: 2.2204
Epoch [105/112], Total Loss: 2.9974, NLL: 2.2172, Masked: 2.2213
Epoch [106/112], Total Loss: 2.9973, NLL: 2.2172, Masked: 2.2210
Epoch [107/112], Total Loss: 2.9973, NLL: 2.2172, Masked: 2.2210
Epoch [108/112], Total Loss: 2.9971, NLL: 2.2172, Masked: 2.2204
Epoch [109/112], Total Loss: 2.9972, NLL: 2.2172, Masked: 2.2209
Epoch [110/112], Total Loss: 2.9975, NLL: 2.2172, Masked: 2.2216
Epoch [111/112], Total Loss: 2.9974, NLL: 2.2172, Masked: 2.2214
Epoch [112/112], Total Loss: 2.9974, NLL: 2.2172, Masked: 2.2214

==================================================
EVALUATING ON TRAINING DATA
==================================================

==================================================
TEST RESULTS
==================================================
Total Loss: 2.997559
  - ZINB NLL: 2.217165
Total number of masked values: 51019
  - Number of values with pi >= 0.6775566418243029: 0
  - Number of values with pi < 0.6775566418243029: 51019
  - Masked Reconstruction: 2.221772
Mean Absolute Error (MAE): 2.085895
R² Score: -0.070421
==================================================


==================================================
TEST RESULTS
==================================================
Total Loss: 3.059204
  - ZINB NLL: 2.263765
Total number of masked values: 60591
  - Number of values with pi >= 0.6775566418243029: 0
  - Number of values with pi < 0.6775566418243029: 60591
  - Masked Reconstruction: 2.264604
Mean Absolute Error (MAE): 2.193304
R² Score: -0.056469
==================================================


>>> Optimizing zinb_nll on VALIDATION set: 2.263765
>>> Full validation metrics: {'total_loss': 3.059203685957323, 'zinb_nll': 2.263764965374235, 'mae': 2.1933035850524902, 'r2': -0.056468844413757324, 'masked_loss': 2.26460428427679}

Iteration No: 19 ended. Evaluation done at random point.
Time taken: 165.9886
Function value obtained: 2.2638
Current minimum: 0.6046
Iteration No: 20 started. Evaluating function at random point.

================================================================================
Trial with parameters:
  features: Centr
  data_point_length: 1078
  step_size: 0.8584031325520024
  bin_size: 82
  sample_fraction: 0.7194547525761796
  moving_average: False
  first_layer_size_factor: 99
  num_layers: 2
  use_conv: True
  conv_channel: 40
  pool_size: 4
  kernel_size: 3
  epochs: 104
  batch_size: 64
  pi_threshold: 0.5622890541522969
  learning_rate: 0.00014328141535811573
  dropout_rate: 0.3408068344863949
  masked_recon_weight: 0.023040838394677018
  regularizer: l1
  regularization_weight: 0.029666217745366992
================================================================================

Creating datasets with:
  features: ['Centr']
  bin_size: 82
  moving_average: False
  data_point_length: 13 (from 1078)
  step_size: 11 (from fraction 0.8584031325520024)
  layers: [np.int64(1584), np.int64(792)] (first=1584, num=2)
  stride: 1 (fixed), padding: same (fixed)


Clipping outliers using 95th percentile * 1.5...
strain_yTW001: Clipping values above 134.25 (P95=89.50). Clipped 27529/1193409 values (2.31%)
strain_FD: Clipping values above 71.92 (P95=47.94). Clipped 95791/4127807 values (2.32%)
strain_dnrp: Clipping values above 243.00 (P95=162.00). Clipped 25649/1119454 values (2.29%)
strain_yEK19: Clipping values above 77.10 (P95=51.40). Clipped 83713/3893623 values (2.15%)
strain_yEK23: Clipping values above 72.00 (P95=48.00). Clipped 86381/3558407 values (2.43%)
strain_yWT03a: Clipping values above 15.00 (P95=10.00). Clipped 10602/347679 values (3.05%)
strain_yWT04a: Clipping values above 58.50 (P95=39.00). Clipped 21095/725406 values (2.91%)
strain_ylic137: Clipping values above 142.50 (P95=95.00). Clipped 28746/1112684 values (2.58%)
Standardizing features: ['Centr']
Column order in final array (Dataset/Chrom split): ['Value', 'Centromere_Distance', 'Value_Raw', 'Size_Factor']
Removing 0 empty data points out of 64960
Column order in final array (Dataset/Chrom split): ['Value', 'Centromere_Distance', 'Value_Raw', 'Size_Factor']
Removing 0 empty data points out of 22448
Column order in final array (Dataset/Chrom split): ['Value', 'Centromere_Distance', 'Value_Raw', 'Size_Factor']
Removing 0 empty data points out of 19704
Datasets created:
  Train: (64960, 13, 4), Val: (22448, 13, 4), Test: (19704, 13, 4)

Randomly sampled 46735/64960 samples (71.9%)
Applied denoising with 15.0% masking
Applied denoising with 15.0% masking
Applied denoising with 15.0% masking
Epoch [1/104], Total Loss: 196.2002, NLL: 3.1404, Masked: 25.4294, Reg: 192.473909
Epoch [2/104], Total Loss: 6.4639, NLL: 3.0796, Masked: 22.9970, Reg: 2.854488
Epoch [3/104], Total Loss: 5.9663, NLL: 3.0228, Masked: 20.8359, Reg: 2.463423
Epoch [4/104], Total Loss: 5.6867, NLL: 2.9697, Masked: 18.9166, Reg: 2.281190
Epoch [5/104], Total Loss: 5.5669, NLL: 2.9200, Masked: 17.1898, Reg: 2.250816
Epoch [6/104], Total Loss: 5.4809, NLL: 2.8735, Masked: 15.6338, Reg: 2.247164
Epoch [7/104], Total Loss: 5.4018, NLL: 2.8303, Masked: 14.2239, Reg: 2.243748
Epoch [8/104], Total Loss: 5.3293, NLL: 2.7903, Masked: 12.9518, Reg: 2.240549
Epoch [9/104], Total Loss: 5.2630, NLL: 2.7534, Masked: 11.7982, Reg: 2.237748
Epoch [10/104], Total Loss: 5.2030, NLL: 2.7200, Masked: 10.7654, Reg: 2.234939
Epoch [11/104], Total Loss: 5.1490, NLL: 2.6900, Masked: 9.8329, Reg: 2.232424
Epoch [12/104], Total Loss: 5.1009, NLL: 2.6635, Masked: 8.9981, Reg: 2.230073
Epoch [13/104], Total Loss: 5.0588, NLL: 2.6404, Masked: 8.2508, Reg: 2.228257
Epoch [14/104], Total Loss: 5.0221, NLL: 2.6208, Masked: 7.5847, Reg: 2.226539
Epoch [15/104], Total Loss: 4.9911, NLL: 2.6046, Masked: 6.9927, Reg: 2.225379
Epoch [16/104], Total Loss: 4.9653, NLL: 2.5915, Masked: 6.4699, Reg: 2.224730
Epoch [17/104], Total Loss: 4.9443, NLL: 2.5813, Masked: 6.0110, Reg: 2.224533
Epoch [18/104], Total Loss: 4.9282, NLL: 2.5735, Masked: 5.6114, Reg: 2.225398
Epoch [19/104], Total Loss: 4.9160, NLL: 2.5674, Masked: 5.2686, Reg: 2.227182
Epoch [20/104], Total Loss: 4.9075, NLL: 2.5624, Masked: 4.9756, Reg: 2.230499
Epoch [21/104], Total Loss: 4.9020, NLL: 2.5572, Masked: 4.7363, Reg: 2.235656
Epoch [22/104], Total Loss: 4.8986, NLL: 2.5515, Masked: 4.5429, Reg: 2.242380
Epoch [23/104], Total Loss: 4.8967, NLL: 2.5450, Masked: 4.3913, Reg: 2.250588
Epoch [24/104], Total Loss: 4.8957, NLL: 2.5392, Masked: 4.2861, Reg: 2.257817
Epoch [25/104], Total Loss: 4.8953, NLL: 2.5341, Masked: 4.2098, Reg: 2.264132
Epoch [26/104], Total Loss: 4.8951, NLL: 2.5300, Masked: 4.1592, Reg: 2.269253
Epoch [27/104], Total Loss: 4.8950, NLL: 2.5274, Masked: 4.1291, Reg: 2.272396
Epoch [28/104], Total Loss: 4.8949, NLL: 2.5255, Masked: 4.1040, Reg: 2.274884
Epoch [29/104], Total Loss: 4.8949, NLL: 2.5248, Masked: 4.0960, Reg: 2.275757
Epoch [30/104], Total Loss: 4.8949, NLL: 2.5237, Masked: 4.0881, Reg: 2.276968
Epoch [31/104], Total Loss: 4.8949, NLL: 2.5235, Masked: 4.0828, Reg: 2.277310
Epoch [32/104], Total Loss: 4.8949, NLL: 2.5233, Masked: 4.0812, Reg: 2.277561
Epoch [33/104], Total Loss: 4.8949, NLL: 2.5231, Masked: 4.0761, Reg: 2.277860
Epoch [34/104], Total Loss: 4.8949, NLL: 2.5227, Masked: 4.0793, Reg: 2.278131
Epoch [35/104], Total Loss: 4.8949, NLL: 2.5230, Masked: 4.0782, Reg: 2.277896
Epoch [36/104], Total Loss: 4.8949, NLL: 2.5221, Masked: 4.0747, Reg: 2.278850
Epoch [37/104], Total Loss: 4.8948, NLL: 2.5228, Masked: 4.0772, Reg: 2.278053
Epoch [38/104], Total Loss: 4.8948, NLL: 2.5229, Masked: 4.0762, Reg: 2.278058
Epoch [39/104], Total Loss: 4.8948, NLL: 2.5232, Masked: 4.0762, Reg: 2.277672
Epoch [40/104], Total Loss: 4.8948, NLL: 2.5225, Masked: 4.0788, Reg: 2.278355
Epoch [41/104], Total Loss: 4.8948, NLL: 2.5225, Masked: 4.0746, Reg: 2.278353
Epoch [42/104], Total Loss: 4.8948, NLL: 2.5229, Masked: 4.0748, Reg: 2.278017
Epoch [43/104], Total Loss: 4.8948, NLL: 2.5222, Masked: 4.0729, Reg: 2.278725
Epoch [44/104], Total Loss: 4.8948, NLL: 2.5226, Masked: 4.0749, Reg: 2.278323
Epoch [45/104], Total Loss: 4.8948, NLL: 2.5226, Masked: 4.0752, Reg: 2.278293
Epoch [46/104], Total Loss: 4.8948, NLL: 2.5229, Masked: 4.0774, Reg: 2.277932
Epoch [47/104], Total Loss: 4.8948, NLL: 2.5234, Masked: 4.0775, Reg: 2.277419
Epoch [48/104], Total Loss: 4.8948, NLL: 2.5223, Masked: 4.0751, Reg: 2.278586
Epoch [49/104], Total Loss: 4.8947, NLL: 2.5230, Masked: 4.0792, Reg: 2.277707
Epoch [50/104], Total Loss: 4.8947, NLL: 2.5223, Masked: 4.0749, Reg: 2.278597
Epoch [51/104], Total Loss: 4.8948, NLL: 2.5224, Masked: 4.0730, Reg: 2.278555
Epoch [52/104], Total Loss: 4.8948, NLL: 2.5228, Masked: 4.0743, Reg: 2.278088
Epoch [53/104], Total Loss: 4.8948, NLL: 2.5222, Masked: 4.0732, Reg: 2.278756
Epoch [54/104], Total Loss: 4.8948, NLL: 2.5230, Masked: 4.0796, Reg: 2.277758
Epoch [55/104], Total Loss: 4.8948, NLL: 2.5226, Masked: 4.0749, Reg: 2.278246
Epoch [56/104], Total Loss: 4.8948, NLL: 2.5229, Masked: 4.0766, Reg: 2.277927
Epoch [57/104], Total Loss: 4.8947, NLL: 2.5229, Masked: 4.0785, Reg: 2.277892
Epoch [58/104], Total Loss: 4.8947, NLL: 2.5227, Masked: 4.0763, Reg: 2.278136
Epoch [59/104], Total Loss: 4.8947, NLL: 2.5228, Masked: 4.0768, Reg: 2.278000
Epoch [60/104], Total Loss: 4.8947, NLL: 2.5227, Masked: 4.0747, Reg: 2.278160
Epoch [61/104], Total Loss: 4.8947, NLL: 2.5223, Masked: 4.0751, Reg: 2.278554
Epoch [62/104], Total Loss: 4.8947, NLL: 2.5228, Masked: 4.0744, Reg: 2.277997
Epoch [63/104], Total Loss: 4.8947, NLL: 2.5227, Masked: 4.0772, Reg: 2.278056
Epoch [64/104], Total Loss: 4.8947, NLL: 2.5226, Masked: 4.0751, Reg: 2.278208
Epoch [65/104], Total Loss: 4.8947, NLL: 2.5222, Masked: 4.0728, Reg: 2.278605
Epoch [66/104], Total Loss: 4.8947, NLL: 2.5229, Masked: 4.0773, Reg: 2.277889
Epoch [67/104], Total Loss: 4.8948, NLL: 2.5223, Masked: 4.0741, Reg: 2.278603
Epoch [68/104], Total Loss: 4.8947, NLL: 2.5225, Masked: 4.0745, Reg: 2.278341
Epoch [69/104], Total Loss: 4.8947, NLL: 2.5227, Masked: 4.0754, Reg: 2.278174
Epoch [70/104], Total Loss: 4.8947, NLL: 2.5218, Masked: 4.0714, Reg: 2.279066
Epoch [71/104], Total Loss: 4.8947, NLL: 2.5228, Masked: 4.0761, Reg: 2.277964
Epoch [72/104], Total Loss: 4.8947, NLL: 2.5230, Masked: 4.0767, Reg: 2.277756
Epoch [73/104], Total Loss: 4.8947, NLL: 2.5229, Masked: 4.0767, Reg: 2.277834
Epoch [74/104], Total Loss: 4.8947, NLL: 2.5230, Masked: 4.0780, Reg: 2.277731
Epoch [75/104], Total Loss: 4.8947, NLL: 2.5230, Masked: 4.0760, Reg: 2.277763
Epoch [76/104], Total Loss: 4.8947, NLL: 2.5222, Masked: 4.0737, Reg: 2.278586
Epoch [77/104], Total Loss: 4.8947, NLL: 2.5228, Masked: 4.0759, Reg: 2.277963
Epoch [78/104], Total Loss: 4.8947, NLL: 2.5223, Masked: 4.0756, Reg: 2.278450
Epoch [79/104], Total Loss: 4.8947, NLL: 2.5227, Masked: 4.0768, Reg: 2.278024
Epoch [80/104], Total Loss: 4.8947, NLL: 2.5225, Masked: 4.0725, Reg: 2.278317
Epoch [81/104], Total Loss: 4.8947, NLL: 2.5231, Masked: 4.0801, Reg: 2.277616
Epoch [82/104], Total Loss: 4.8947, NLL: 2.5233, Masked: 4.0769, Reg: 2.277418
Epoch [83/104], Total Loss: 4.8946, NLL: 2.5221, Masked: 4.0740, Reg: 2.278707
Epoch [84/104], Total Loss: 4.8946, NLL: 2.5227, Masked: 4.0749, Reg: 2.277981
Epoch [85/104], Total Loss: 4.8946, NLL: 2.5230, Masked: 4.0775, Reg: 2.277723
Epoch [86/104], Total Loss: 4.8946, NLL: 2.5221, Masked: 4.0743, Reg: 2.278561
Epoch [87/104], Total Loss: 4.8946, NLL: 2.5228, Masked: 4.0765, Reg: 2.277849
Epoch [88/104], Total Loss: 4.8946, NLL: 2.5229, Masked: 4.0777, Reg: 2.277825
Epoch [89/104], Total Loss: 4.8946, NLL: 2.5224, Masked: 4.0729, Reg: 2.278361
Epoch [90/104], Total Loss: 4.8946, NLL: 2.5229, Masked: 4.0775, Reg: 2.277791
Epoch [91/104], Total Loss: 4.8946, NLL: 2.5229, Masked: 4.0773, Reg: 2.277709
Epoch [92/104], Total Loss: 4.8946, NLL: 2.5221, Masked: 4.0738, Reg: 2.278620
Epoch [93/104], Total Loss: 4.8945, NLL: 2.5229, Masked: 4.0771, Reg: 2.277659
Epoch [94/104], Total Loss: 4.8945, NLL: 2.5227, Masked: 4.0746, Reg: 2.277928
Epoch [95/104], Total Loss: 4.8946, NLL: 2.5223, Masked: 4.0764, Reg: 2.278342
Epoch [96/104], Total Loss: 4.8945, NLL: 2.5226, Masked: 4.0734, Reg: 2.278065
Epoch [97/104], Total Loss: 4.8946, NLL: 2.5227, Masked: 4.0755, Reg: 2.277941
Epoch [98/104], Total Loss: 4.8946, NLL: 2.5225, Masked: 4.0756, Reg: 2.278189
Epoch [99/104], Total Loss: 4.8945, NLL: 2.5227, Masked: 4.0742, Reg: 2.277942
Epoch [100/104], Total Loss: 4.8946, NLL: 2.5233, Masked: 4.0767, Reg: 2.277293
Epoch [101/104], Total Loss: 4.8945, NLL: 2.5224, Masked: 4.0747, Reg: 2.278251
Epoch [102/104], Total Loss: 4.8946, NLL: 2.5224, Masked: 4.0772, Reg: 2.278182
Epoch [103/104], Total Loss: 4.8945, NLL: 2.5226, Masked: 4.0759, Reg: 2.277946
Epoch [104/104], Total Loss: 4.8945, NLL: 2.5227, Masked: 4.0756, Reg: 2.277882

==================================================
EVALUATING ON TRAINING DATA
==================================================

==================================================
TEST RESULTS
==================================================
Total Loss: 4.898224
  - ZINB NLL: 2.522476
Total number of masked values: 44813
  - Number of values with pi >= 0.5622890541522969: 0
  - Number of values with pi < 0.5622890541522969: 44813
  - Masked Reconstruction: 4.074968
  - Regularization: 2.281858
Mean Absolute Error (MAE): 4.066488
R² Score: -0.475052
==================================================


==================================================
TEST RESULTS
==================================================
Total Loss: 4.891851
  - ZINB NLL: 2.513467
Total number of masked values: 21317
  - Number of values with pi >= 0.5622890541522969: 0
  - Number of values with pi < 0.5622890541522969: 21317
  - Masked Reconstruction: 4.189374
  - Regularization: 2.281858
Mean Absolute Error (MAE): 4.270366
R² Score: -0.304876
==================================================


>>> Optimizing zinb_nll on VALIDATION set: 2.513467
>>> Full validation metrics: {'total_loss': 4.891850881379414, 'zinb_nll': 2.5134666990741015, 'mae': 4.2703657150268555, 'r2': -0.304876446723938, 'masked_loss': 4.1893744089734275, 'reg_loss': 2.2818575140693227}


*** Checkpoint saved at iteration 20 ***

Iteration No: 20 ended. Evaluation done at random point.
Time taken: 443.8106
Function value obtained: 2.5135
Current minimum: 0.6046
Iteration No: 21 started. Searching for the next optimal point.

================================================================================
Trial with parameters:
  features: Nucl
  data_point_length: 2068
  step_size: 0.9524861138917806
  bin_size: 5
  sample_fraction: 0.5634595237866842
  moving_average: False
  first_layer_size_factor: 84
  num_layers: 3
  use_conv: False
  conv_channel: 81
  pool_size: 6
  kernel_size: 3
  epochs: 60
  batch_size: 64
  pi_threshold: 0.6468466428838888
  learning_rate: 0.0004848418240355676
  dropout_rate: 0.11929842989517012
  masked_recon_weight: 0.5240577158421572
  regularizer: none
  regularization_weight: 0.0004652143117786279
================================================================================

Creating datasets with:
  features: ['Nucl']
  bin_size: 5
  moving_average: False
  data_point_length: 413 (from 2068)
  step_size: 393 (from fraction 0.9524861138917806)
  layers: [np.int64(1344), np.int64(672), np.int64(336)] (first=1344, num=3)
  stride: 1 (fixed), padding: same (fixed)


Clipping outliers using 95th percentile * 1.5...
strain_yTW001: Clipping values above 134.25 (P95=89.50). Clipped 27529/1193409 values (2.31%)
strain_FD: Clipping values above 71.92 (P95=47.94). Clipped 95791/4127807 values (2.32%)
strain_dnrp: Clipping values above 243.00 (P95=162.00). Clipped 25649/1119454 values (2.29%)
strain_yEK19: Clipping values above 77.10 (P95=51.40). Clipped 83713/3893623 values (2.15%)
strain_yEK23: Clipping values above 72.00 (P95=48.00). Clipped 86381/3558407 values (2.43%)
strain_yWT03a: Clipping values above 15.00 (P95=10.00). Clipped 10602/347679 values (3.05%)
strain_yWT04a: Clipping values above 58.50 (P95=39.00). Clipped 21095/725406 values (2.91%)
strain_ylic137: Clipping values above 142.50 (P95=95.00). Clipped 28746/1112684 values (2.58%)
Standardizing features: ['Nucl']
Column order in final array (Dataset/Chrom split): ['Value', 'Nucleosome_Distance', 'Value_Raw', 'Size_Factor']
Removing 0 empty data points out of 29848
Column order in final array (Dataset/Chrom split): ['Value', 'Nucleosome_Distance', 'Value_Raw', 'Size_Factor']
Removing 0 empty data points out of 10312
Column order in final array (Dataset/Chrom split): ['Value', 'Nucleosome_Distance', 'Value_Raw', 'Size_Factor']
Removing 0 empty data points out of 9056
Datasets created:
  Train: (29848, 413, 4), Val: (10312, 413, 4), Test: (9056, 413, 4)

Randomly sampled 16818/29848 samples (56.3%)
Applied denoising with 15.0% masking
Applied denoising with 15.0% masking
Applied denoising with 15.0% masking
Epoch [1/60], Total Loss: 4.5313, NLL: 1.8211, Masked: 5.1715
Epoch [2/60], Total Loss: 4.0435, NLL: 1.6822, Masked: 4.5058
Epoch [3/60], Total Loss: 4.0218, NLL: 1.6691, Masked: 4.4895
Epoch [4/60], Total Loss: 4.0013, NLL: 1.6614, Masked: 4.4651
Epoch [5/60], Total Loss: 3.9619, NLL: 1.6399, Masked: 4.4308
Epoch [6/60], Total Loss: 3.9385, NLL: 1.6277, Masked: 4.4095
Epoch [7/60], Total Loss: 3.8990, NLL: 1.6139, Masked: 4.3604
Epoch [8/60], Total Loss: 3.9488, NLL: 1.6024, Masked: 4.4774
Epoch [9/60], Total Loss: 3.8453, NLL: 1.5906, Masked: 4.3025
Epoch [10/60], Total Loss: 3.8316, NLL: 1.5821, Masked: 4.2925
Epoch [11/60], Total Loss: 3.8016, NLL: 1.5738, Masked: 4.2511
Epoch [12/60], Total Loss: 3.7856, NLL: 1.5679, Masked: 4.2317
Epoch [13/60], Total Loss: 3.7971, NLL: 1.5604, Masked: 4.2680
Epoch [14/60], Total Loss: 3.7483, NLL: 1.5569, Masked: 4.1818
Epoch [15/60], Total Loss: 3.7316, NLL: 1.5509, Masked: 4.1612
Epoch [16/60], Total Loss: 3.7369, NLL: 1.5486, Masked: 4.1757
Epoch [17/60], Total Loss: 3.6976, NLL: 1.5430, Masked: 4.1114
Epoch [18/60], Total Loss: 3.7017, NLL: 1.5400, Masked: 4.1250
Epoch [19/60], Total Loss: 3.6683, NLL: 1.5366, Masked: 4.0675
Epoch [20/60], Total Loss: 3.6974, NLL: 1.5333, Masked: 4.1295
Epoch [21/60], Total Loss: 3.6442, NLL: 1.5294, Masked: 4.0354
Epoch [22/60], Total Loss: 3.6233, NLL: 1.5262, Masked: 4.0016
Epoch [23/60], Total Loss: 3.6132, NLL: 1.5240, Masked: 3.9866
Epoch [24/60], Total Loss: 3.6053, NLL: 1.5212, Masked: 3.9768
Epoch [25/60], Total Loss: 3.5929, NLL: 1.5178, Masked: 3.9597
Epoch [26/60], Total Loss: 3.5731, NLL: 1.5151, Masked: 3.9270
Epoch [27/60], Total Loss: 3.5535, NLL: 1.5127, Masked: 3.8943
Epoch [28/60], Total Loss: 3.5617, NLL: 1.5102, Masked: 3.9145
Epoch [29/60], Total Loss: 3.5289, NLL: 1.5085, Masked: 3.8554
Epoch [30/60], Total Loss: 3.5236, NLL: 1.5068, Masked: 3.8484
Epoch [31/60], Total Loss: 3.5184, NLL: 1.5044, Masked: 3.8433
Epoch [32/60], Total Loss: 3.5008, NLL: 1.5021, Masked: 3.8140
Epoch [33/60], Total Loss: 3.4953, NLL: 1.5008, Masked: 3.8059
Epoch [34/60], Total Loss: 3.4724, NLL: 1.4978, Masked: 3.7679
Epoch [35/60], Total Loss: 3.4764, NLL: 1.4970, Masked: 3.7771
Epoch [36/60], Total Loss: 3.6193, NLL: 1.4966, Masked: 4.0506
Epoch [37/60], Total Loss: 3.4381, NLL: 1.4936, Masked: 3.7104
Epoch [38/60], Total Loss: 3.4334, NLL: 1.4909, Masked: 3.7067
Epoch [39/60], Total Loss: 3.4272, NLL: 1.4903, Masked: 3.6959
Epoch [40/60], Total Loss: 3.4172, NLL: 1.4890, Masked: 3.6793
Epoch [41/60], Total Loss: 3.4076, NLL: 1.4879, Masked: 3.6631
Epoch [42/60], Total Loss: 3.4305, NLL: 1.4860, Masked: 3.7105
Epoch [43/60], Total Loss: 3.3838, NLL: 1.4851, Masked: 3.6231
Epoch [44/60], Total Loss: 3.3685, NLL: 1.4850, Masked: 3.5941
Epoch [45/60], Total Loss: 3.3813, NLL: 1.4836, Masked: 3.6213
Epoch [46/60], Total Loss: 3.3776, NLL: 1.4830, Masked: 3.6153
Epoch [47/60], Total Loss: 3.3443, NLL: 1.4807, Masked: 3.5561
Epoch [48/60], Total Loss: 3.3402, NLL: 1.4800, Masked: 3.5496
Epoch [49/60], Total Loss: 3.3284, NLL: 1.4784, Masked: 3.5302
Epoch [50/60], Total Loss: 3.3166, NLL: 1.4783, Masked: 3.5078
Epoch [51/60], Total Loss: 3.3144, NLL: 1.4769, Masked: 3.5064
Epoch [52/60], Total Loss: 3.3012, NLL: 1.4770, Masked: 3.4808
Epoch [53/60], Total Loss: 3.3051, NLL: 1.4760, Masked: 3.4904
Epoch [54/60], Total Loss: 3.2941, NLL: 1.4743, Masked: 3.4725
Epoch [55/60], Total Loss: 3.2798, NLL: 1.4735, Masked: 3.4468
Epoch [56/60], Total Loss: 3.2755, NLL: 1.4727, Masked: 3.4401
Epoch [57/60], Total Loss: 3.2621, NLL: 1.4717, Masked: 3.4164
Epoch [58/60], Total Loss: 3.2581, NLL: 1.4716, Masked: 3.4090
Epoch [59/60], Total Loss: 3.2509, NLL: 1.4697, Masked: 3.3989
Epoch [60/60], Total Loss: 3.2397, NLL: 1.4695, Masked: 3.3780

==================================================
EVALUATING ON TRAINING DATA
==================================================

==================================================
TEST RESULTS
==================================================
Total Loss: 3.108157
  - ZINB NLL: 1.447882
Total number of masked values: 439908
  - Number of values with pi >= 0.6468466428838888: 17603
  - Number of values with pi < 0.6468466428838888: 422305
  - Masked Reconstruction: 3.168115
Mean Absolute Error (MAE): 2.471317
R² Score: 0.243886
==================================================


==================================================
TEST RESULTS
==================================================
Total Loss: 3.956666
  - ZINB NLL: 1.632122
Total number of masked values: 261291
  - Number of values with pi >= 0.6468466428838888: 21176
  - Number of values with pi < 0.6468466428838888: 240115
  - Masked Reconstruction: 4.435665
Mean Absolute Error (MAE): 2.677995
R² Score: 0.137134
==================================================


>>> Optimizing zinb_nll on VALIDATION set: 1.632122
>>> Full validation metrics: {'total_loss': 3.9566660731961507, 'zinb_nll': 1.6321219693236428, 'mae': 2.677995204925537, 'r2': 0.13713431358337402, 'masked_loss': 4.435664557411839}

Iteration No: 21 ended. Search finished for the next optimal point.
Time taken: 276.3823
Function value obtained: 1.6321
Current minimum: 0.6046
Iteration No: 22 started. Searching for the next optimal point.

================================================================================
Trial with parameters:
  features: Centr_Nucl
  data_point_length: 500
  step_size: 0.8022123352141701
  bin_size: 1
  sample_fraction: 1.0
  moving_average: False
  first_layer_size_factor: 106
  num_layers: 5
  use_conv: False
  conv_channel: 64
  pool_size: 2
  kernel_size: 7
  epochs: 51
  batch_size: 32
  pi_threshold: 0.3
  learning_rate: 1e-05
  dropout_rate: 0.0
  masked_recon_weight: 0.07292880901507585
  regularizer: none
  regularization_weight: 100.0
================================================================================

Creating datasets with:
  features: ['Centr', 'Nucl']
  bin_size: 1
  moving_average: False
  data_point_length: 500 (from 500)
  step_size: 401 (from fraction 0.8022123352141701)
  layers: [np.int64(1696), np.int64(848), np.int64(424), np.int64(212), np.int64(106)] (first=1696, num=5)
  stride: 1 (fixed), padding: same (fixed)


Clipping outliers using 95th percentile * 1.5...
strain_yTW001: Clipping values above 134.25 (P95=89.50). Clipped 27529/1193409 values (2.31%)
strain_FD: Clipping values above 71.92 (P95=47.94). Clipped 95791/4127807 values (2.32%)
strain_dnrp: Clipping values above 243.00 (P95=162.00). Clipped 25649/1119454 values (2.29%)
strain_yEK19: Clipping values above 77.10 (P95=51.40). Clipped 83713/3893623 values (2.15%)
strain_yEK23: Clipping values above 72.00 (P95=48.00). Clipped 86381/3558407 values (2.43%)
strain_yWT03a: Clipping values above 15.00 (P95=10.00). Clipped 10602/347679 values (3.05%)
strain_yWT04a: Clipping values above 58.50 (P95=39.00). Clipped 21095/725406 values (2.91%)
strain_ylic137: Clipping values above 142.50 (P95=95.00). Clipped 28746/1112684 values (2.58%)
Standardizing features: ['Centr', 'Nucl']
Column order in final array (Dataset/Chrom split): ['Value', 'Nucleosome_Distance', 'Centromere_Distance', 'Value_Raw', 'Size_Factor']
Removing 0 empty data points out of 146088
Column order in final array (Dataset/Chrom split): ['Value', 'Nucleosome_Distance', 'Centromere_Distance', 'Value_Raw', 'Size_Factor']
Removing 0 empty data points out of 50464
Column order in final array (Dataset/Chrom split): ['Value', 'Nucleosome_Distance', 'Centromere_Distance', 'Value_Raw', 'Size_Factor']
Removing 0 empty data points out of 44312
Datasets created:
  Train: (146088, 500, 5), Val: (50464, 500, 5), Test: (44312, 500, 5)

Applied denoising with 15.0% masking
Applied denoising with 15.0% masking
Applied denoising with 15.0% masking
Epoch [1/51], Total Loss: 2.0559, NLL: 1.0331, Masked: 14.0238
Epoch [2/51], Total Loss: 1.9463, NLL: 0.9692, Masked: 13.3980
Epoch [3/51], Total Loss: 1.9445, NLL: 0.9681, Masked: 13.3880
Epoch [4/51], Total Loss: 1.9427, NLL: 0.9658, Masked: 13.3952
Epoch [5/51], Total Loss: 1.9385, NLL: 0.9631, Masked: 13.3748
Epoch [6/51], Total Loss: 1.9352, NLL: 0.9596, Masked: 13.3770
Epoch [7/51], Total Loss: 1.8840, NLL: 0.9160, Masked: 13.2728
Epoch [8/51], Total Loss: 1.8708, NLL: 0.9100, Masked: 13.1745
Epoch [9/51], Total Loss: 1.8670, NLL: 0.9086, Masked: 13.1420
Epoch [10/51], Total Loss: 1.8651, NLL: 0.9076, Masked: 13.1295
Epoch [11/51], Total Loss: 1.8630, NLL: 0.9067, Masked: 13.1125
Epoch [12/51], Total Loss: 1.8629, NLL: 0.9064, Masked: 13.1159
Epoch [13/51], Total Loss: 1.8626, NLL: 0.9059, Masked: 13.1175
Epoch [14/51], Total Loss: 1.8625, NLL: 0.9054, Masked: 13.1237
Epoch [15/51], Total Loss: 1.8608, NLL: 0.9052, Masked: 13.1033
Epoch [16/51], Total Loss: 1.8614, NLL: 0.9050, Masked: 13.1147
Epoch [17/51], Total Loss: 1.8613, NLL: 0.9046, Masked: 13.1177
Epoch [18/51], Total Loss: 1.8604, NLL: 0.9042, Masked: 13.1108
Epoch [19/51], Total Loss: 1.8605, NLL: 0.9041, Masked: 13.1142
Epoch [20/51], Total Loss: 1.8599, NLL: 0.9038, Masked: 13.1102
Epoch [21/51], Total Loss: 1.8589, NLL: 0.9033, Masked: 13.1034
Epoch [22/51], Total Loss: 1.8562, NLL: 0.9020, Masked: 13.0832
Epoch [23/51], Total Loss: 1.8507, NLL: 0.8992, Masked: 13.0468
Epoch [24/51], Total Loss: 1.8500, NLL: 0.8980, Masked: 13.0538
Epoch [25/51], Total Loss: 1.8474, NLL: 0.8971, Masked: 13.0305
Epoch [26/51], Total Loss: 1.8452, NLL: 0.8963, Masked: 13.0121
Epoch [27/51], Total Loss: 1.8418, NLL: 0.8952, Masked: 12.9804
Epoch [28/51], Total Loss: 1.8391, NLL: 0.8939, Masked: 12.9606
Epoch [29/51], Total Loss: 1.8365, NLL: 0.8928, Masked: 12.9400
Epoch [30/51], Total Loss: 1.8359, NLL: 0.8922, Masked: 12.9395
Epoch [31/51], Total Loss: 1.8349, NLL: 0.8918, Masked: 12.9325
Epoch [32/51], Total Loss: 1.8351, NLL: 0.8915, Masked: 12.9386
Epoch [33/51], Total Loss: 1.8344, NLL: 0.8912, Masked: 12.9337
Epoch [34/51], Total Loss: 1.8326, NLL: 0.8910, Masked: 12.9114
Epoch [35/51], Total Loss: 1.8320, NLL: 0.8907, Masked: 12.9079
Epoch [36/51], Total Loss: 1.8317, NLL: 0.8903, Masked: 12.9085
Epoch [37/51], Total Loss: 1.8289, NLL: 0.8890, Masked: 12.8881
Epoch [38/51], Total Loss: 1.8223, NLL: 0.8871, Masked: 12.8235
Epoch [39/51], Total Loss: 1.8190, NLL: 0.8862, Masked: 12.7915
Epoch [40/51], Total Loss: 1.8159, NLL: 0.8856, Masked: 12.7565
Epoch [41/51], Total Loss: 1.8144, NLL: 0.8853, Masked: 12.7401
Epoch [42/51], Total Loss: 1.8150, NLL: 0.8850, Masked: 12.7514
Epoch [43/51], Total Loss: 1.8137, NLL: 0.8847, Masked: 12.7384
Epoch [44/51], Total Loss: 1.8122, NLL: 0.8845, Masked: 12.7201
Epoch [45/51], Total Loss: 1.8112, NLL: 0.8843, Masked: 12.7100
Epoch [46/51], Total Loss: 1.8115, NLL: 0.8841, Masked: 12.7154
Epoch [47/51], Total Loss: 1.8102, NLL: 0.8840, Masked: 12.7008
Epoch [48/51], Total Loss: 1.8098, NLL: 0.8838, Masked: 12.6970
Epoch [49/51], Total Loss: 1.8087, NLL: 0.8837, Masked: 12.6836
Epoch [50/51], Total Loss: 1.8091, NLL: 0.8836, Masked: 12.6894
Epoch [51/51], Total Loss: 1.8085, NLL: 0.8835, Masked: 12.6833

==================================================
EVALUATING ON TRAINING DATA
==================================================

==================================================
TEST RESULTS
==================================================
Total Loss: 1.807153
  - ZINB NLL: 0.883858
Total number of masked values: 1738174
  - Number of values with pi >= 0.3: 1473101
  - Number of values with pi < 0.3: 265073
  - Masked Reconstruction: 12.660230
Mean Absolute Error (MAE): 2.189317
R² Score: 0.032881
==================================================


==================================================
TEST RESULTS
==================================================
Total Loss: 1.903060
  - ZINB NLL: 0.893153
Total number of masked values: 585806
  - Number of values with pi >= 0.3: 499203
  - Number of values with pi < 0.3: 86603
  - Masked Reconstruction: 13.847840
Mean Absolute Error (MAE): 2.241027
R² Score: 0.041527
==================================================


>>> Optimizing zinb_nll on VALIDATION set: 0.893153
>>> Full validation metrics: {'total_loss': 1.9030599548004818, 'zinb_nll': 0.8931534760545988, 'mae': 2.2410266399383545, 'r2': 0.0415266752243042, 'masked_loss': 13.847840061351024}

Iteration No: 22 ended. Search finished for the next optimal point.
Time taken: 2118.2892
Function value obtained: 0.8932
Current minimum: 0.6046
Iteration No: 23 started. Searching for the next optimal point.

================================================================================
Trial with parameters:
  features: Nucl
  data_point_length: 500
  step_size: 0.7945539152002961
  bin_size: 1
  sample_fraction: 1.0
  moving_average: True
  first_layer_size_factor: 50
  num_layers: 1
  use_conv: False
  conv_channel: 59
  pool_size: 2
  kernel_size: 3
  epochs: 150
  batch_size: 32
  pi_threshold: 0.5315345136820552
  learning_rate: 1e-05
  dropout_rate: 0.0
  masked_recon_weight: 0.00665269768076315
  regularizer: none
  regularization_weight: 100.0
================================================================================

Creating datasets with:
  features: ['Nucl']
  bin_size: 1
  moving_average: True
  data_point_length: 500 (from 500)
  step_size: 397 (from fraction 0.7945539152002961)
  layers: [np.int64(800)] (first=800, num=1)
  stride: 1 (fixed), padding: same (fixed)


Clipping outliers using 95th percentile * 1.5...
strain_yTW001: Clipping values above 134.25 (P95=89.50). Clipped 27529/1193409 values (2.31%)
strain_FD: Clipping values above 71.92 (P95=47.94). Clipped 95791/4127807 values (2.32%)
strain_dnrp: Clipping values above 243.00 (P95=162.00). Clipped 25649/1119454 values (2.29%)
strain_yEK19: Clipping values above 77.10 (P95=51.40). Clipped 83713/3893623 values (2.15%)
strain_yEK23: Clipping values above 72.00 (P95=48.00). Clipped 86381/3558407 values (2.43%)
strain_yWT03a: Clipping values above 15.00 (P95=10.00). Clipped 10602/347679 values (3.05%)
strain_yWT04a: Clipping values above 58.50 (P95=39.00). Clipped 21095/725406 values (2.91%)
strain_ylic137: Clipping values above 142.50 (P95=95.00). Clipped 28746/1112684 values (2.58%)
Standardizing features: ['Nucl']
Column order in final array (Dataset/Chrom split): ['Value', 'Nucleosome_Distance', 'Value_Raw', 'Size_Factor']
Removing 0 empty data points out of 147552
Column order in final array (Dataset/Chrom split): ['Value', 'Nucleosome_Distance', 'Value_Raw', 'Size_Factor']
Removing 0 empty data points out of 50976
Column order in final array (Dataset/Chrom split): ['Value', 'Nucleosome_Distance', 'Value_Raw', 'Size_Factor']
Removing 0 empty data points out of 44752
Datasets created:
  Train: (147552, 500, 4), Val: (50976, 500, 4), Test: (44752, 500, 4)

Applied denoising with 15.0% masking
Applied denoising with 15.0% masking
Applied denoising with 15.0% masking
Epoch [1/150], Total Loss: 1.2143, NLL: 1.1158, Masked: 14.8007
Epoch [2/150], Total Loss: 1.0613, NLL: 0.9733, Masked: 13.2298
Epoch [3/150], Total Loss: 1.0537, NLL: 0.9661, Masked: 13.1707
Epoch [4/150], Total Loss: 1.0488, NLL: 0.9620, Masked: 13.0367
Epoch [5/150], Total Loss: 1.0435, NLL: 0.9575, Masked: 12.9255
Epoch [6/150], Total Loss: 1.0383, NLL: 0.9532, Masked: 12.8024
Epoch [7/150], Total Loss: 1.0344, NLL: 0.9497, Masked: 12.7380
Epoch [8/150], Total Loss: 1.0311, NLL: 0.9467, Masked: 12.6764
Epoch [9/150], Total Loss: 1.0279, NLL: 0.9440, Masked: 12.6165
Epoch [10/150], Total Loss: 1.0248, NLL: 0.9412, Masked: 12.5587
Epoch [11/150], Total Loss: 1.0217, NLL: 0.9385, Masked: 12.5112
Epoch [12/150], Total Loss: 1.0187, NLL: 0.9358, Masked: 12.4647
Epoch [13/150], Total Loss: 1.0158, NLL: 0.9331, Masked: 12.4302
Epoch [14/150], Total Loss: 1.0130, NLL: 0.9306, Masked: 12.3845
Epoch [15/150], Total Loss: 1.0104, NLL: 0.9281, Masked: 12.3698
Epoch [16/150], Total Loss: 1.0078, NLL: 0.9257, Masked: 12.3358
Epoch [17/150], Total Loss: 1.0053, NLL: 0.9234, Masked: 12.3088
Epoch [18/150], Total Loss: 1.0027, NLL: 0.9210, Masked: 12.2773
Epoch [19/150], Total Loss: 1.0003, NLL: 0.9187, Masked: 12.2645
Epoch [20/150], Total Loss: 0.9977, NLL: 0.9162, Masked: 12.2471
Epoch [21/150], Total Loss: 0.9949, NLL: 0.9136, Masked: 12.2180
Epoch [22/150], Total Loss: 0.9920, NLL: 0.9109, Masked: 12.1963
Epoch [23/150], Total Loss: 0.9891, NLL: 0.9081, Masked: 12.1767
Epoch [24/150], Total Loss: 0.9860, NLL: 0.9051, Masked: 12.1560
Epoch [25/150], Total Loss: 0.9826, NLL: 0.9020, Masked: 12.1237
Epoch [26/150], Total Loss: 0.9792, NLL: 0.8987, Masked: 12.0962
Epoch [27/150], Total Loss: 0.9756, NLL: 0.8953, Masked: 12.0779
Epoch [28/150], Total Loss: 0.9717, NLL: 0.8917, Masked: 12.0327
Epoch [29/150], Total Loss: 0.9679, NLL: 0.8879, Masked: 12.0154
Epoch [30/150], Total Loss: 0.9638, NLL: 0.8841, Masked: 11.9756
Epoch [31/150], Total Loss: 0.9597, NLL: 0.8801, Masked: 11.9514
Epoch [32/150], Total Loss: 0.9554, NLL: 0.8760, Masked: 11.9246
Epoch [33/150], Total Loss: 0.9511, NLL: 0.8719, Masked: 11.9069
Epoch [34/150], Total Loss: 0.9467, NLL: 0.8676, Masked: 11.8885
Epoch [35/150], Total Loss: 0.9423, NLL: 0.8634, Masked: 11.8643
Epoch [36/150], Total Loss: 0.9378, NLL: 0.8590, Masked: 11.8429
Epoch [37/150], Total Loss: 0.9334, NLL: 0.8547, Masked: 11.8251
Epoch [38/150], Total Loss: 0.9289, NLL: 0.8505, Masked: 11.7937
Epoch [39/150], Total Loss: 0.9248, NLL: 0.8463, Masked: 11.7958
Epoch [40/150], Total Loss: 0.9206, NLL: 0.8422, Masked: 11.7830
Epoch [41/150], Total Loss: 0.9166, NLL: 0.8382, Masked: 11.7751
Epoch [42/150], Total Loss: 0.9125, NLL: 0.8343, Masked: 11.7491
Epoch [43/150], Total Loss: 0.9087, NLL: 0.8306, Masked: 11.7399
Epoch [44/150], Total Loss: 0.9050, NLL: 0.8270, Masked: 11.7323
Epoch [45/150], Total Loss: 0.9015, NLL: 0.8235, Masked: 11.7216
Epoch [46/150], Total Loss: 0.8980, NLL: 0.8201, Masked: 11.7118
Epoch [47/150], Total Loss: 0.8948, NLL: 0.8169, Masked: 11.7152
Epoch [48/150], Total Loss: 0.8917, NLL: 0.8138, Masked: 11.7050
Epoch [49/150], Total Loss: 0.8888, NLL: 0.8109, Masked: 11.6983
Epoch [50/150], Total Loss: 0.8861, NLL: 0.8082, Masked: 11.7009
Epoch [51/150], Total Loss: 0.8834, NLL: 0.8056, Masked: 11.6891
Epoch [52/150], Total Loss: 0.8809, NLL: 0.8032, Masked: 11.6897
Epoch [53/150], Total Loss: 0.8786, NLL: 0.8008, Masked: 11.6867
Epoch [54/150], Total Loss: 0.8763, NLL: 0.7986, Masked: 11.6728
Epoch [55/150], Total Loss: 0.8742, NLL: 0.7965, Masked: 11.6759
Epoch [56/150], Total Loss: 0.8721, NLL: 0.7945, Masked: 11.6641
Epoch [57/150], Total Loss: 0.8704, NLL: 0.7927, Masked: 11.6868
Epoch [58/150], Total Loss: 0.8687, NLL: 0.7909, Masked: 11.6915
Epoch [59/150], Total Loss: 0.8669, NLL: 0.7893, Masked: 11.6639
Epoch [60/150], Total Loss: 0.8655, NLL: 0.7878, Masked: 11.6790
Epoch [61/150], Total Loss: 0.8639, NLL: 0.7863, Masked: 11.6739
Epoch [62/150], Total Loss: 0.8625, NLL: 0.7849, Masked: 11.6753
Epoch [63/150], Total Loss: 0.8612, NLL: 0.7836, Masked: 11.6759
Epoch [64/150], Total Loss: 0.8599, NLL: 0.7823, Masked: 11.6775
Epoch [65/150], Total Loss: 0.8587, NLL: 0.7810, Masked: 11.6712
Epoch [66/150], Total Loss: 0.8575, NLL: 0.7798, Masked: 11.6729
Epoch [67/150], Total Loss: 0.8564, NLL: 0.7787, Masked: 11.6745
Epoch [68/150], Total Loss: 0.8553, NLL: 0.7777, Masked: 11.6738
Epoch [69/150], Total Loss: 0.8543, NLL: 0.7766, Masked: 11.6763
Epoch [70/150], Total Loss: 0.8532, NLL: 0.7756, Masked: 11.6700
Epoch [71/150], Total Loss: 0.8522, NLL: 0.7746, Masked: 11.6729
Epoch [72/150], Total Loss: 0.8513, NLL: 0.7736, Masked: 11.6755
Epoch [73/150], Total Loss: 0.8504, NLL: 0.7727, Masked: 11.6870
Epoch [74/150], Total Loss: 0.8495, NLL: 0.7718, Masked: 11.6755
Epoch [75/150], Total Loss: 0.8486, NLL: 0.7709, Masked: 11.6819
Epoch [76/150], Total Loss: 0.8477, NLL: 0.7700, Masked: 11.6761
Epoch [77/150], Total Loss: 0.8469, NLL: 0.7692, Masked: 11.6843
Epoch [78/150], Total Loss: 0.8460, NLL: 0.7683, Masked: 11.6771
Epoch [79/150], Total Loss: 0.8452, NLL: 0.7675, Masked: 11.6821
Epoch [80/150], Total Loss: 0.8444, NLL: 0.7667, Masked: 11.6795
Epoch [81/150], Total Loss: 0.8437, NLL: 0.7659, Masked: 11.6855
Epoch [82/150], Total Loss: 0.8429, NLL: 0.7651, Masked: 11.6898
Epoch [83/150], Total Loss: 0.8422, NLL: 0.7643, Masked: 11.7012
Epoch [84/150], Total Loss: 0.8413, NLL: 0.7636, Masked: 11.6780
Epoch [85/150], Total Loss: 0.8406, NLL: 0.7629, Masked: 11.6832
Epoch [86/150], Total Loss: 0.8400, NLL: 0.7622, Masked: 11.6933
Epoch [87/150], Total Loss: 0.8393, NLL: 0.7615, Masked: 11.6951
Epoch [88/150], Total Loss: 0.8386, NLL: 0.7608, Masked: 11.6955
Epoch [89/150], Total Loss: 0.8379, NLL: 0.7600, Masked: 11.7021
Epoch [90/150], Total Loss: 0.8371, NLL: 0.7593, Masked: 11.6856
Epoch [91/150], Total Loss: 0.8365, NLL: 0.7587, Masked: 11.6942
Epoch [92/150], Total Loss: 0.8359, NLL: 0.7580, Masked: 11.7041
Epoch [93/150], Total Loss: 0.8352, NLL: 0.7574, Masked: 11.7008
Epoch [94/150], Total Loss: 0.8345, NLL: 0.7567, Masked: 11.6914
Epoch [95/150], Total Loss: 0.8339, NLL: 0.7561, Masked: 11.7011
Epoch [96/150], Total Loss: 0.8333, NLL: 0.7555, Masked: 11.7024
Epoch [97/150], Total Loss: 0.8326, NLL: 0.7548, Masked: 11.6956
Epoch [98/150], Total Loss: 0.8320, NLL: 0.7542, Masked: 11.7028
Epoch [99/150], Total Loss: 0.8315, NLL: 0.7536, Masked: 11.7153
Epoch [100/150], Total Loss: 0.8309, NLL: 0.7530, Masked: 11.7216
Epoch [101/150], Total Loss: 0.8303, NLL: 0.7524, Masked: 11.7081
Epoch [102/150], Total Loss: 0.8297, NLL: 0.7518, Masked: 11.7143
Epoch [103/150], Total Loss: 0.8291, NLL: 0.7512, Masked: 11.7079
Epoch [104/150], Total Loss: 0.8285, NLL: 0.7506, Masked: 11.7044
Epoch [105/150], Total Loss: 0.8279, NLL: 0.7500, Masked: 11.7078
Epoch [106/150], Total Loss: 0.8274, NLL: 0.7495, Masked: 11.7181
Epoch [107/150], Total Loss: 0.8269, NLL: 0.7489, Masked: 11.7252
Epoch [108/150], Total Loss: 0.8263, NLL: 0.7483, Masked: 11.7221
Epoch [109/150], Total Loss: 0.8257, NLL: 0.7477, Masked: 11.7245
Epoch [110/150], Total Loss: 0.8251, NLL: 0.7472, Masked: 11.7149
Epoch [111/150], Total Loss: 0.8247, NLL: 0.7466, Masked: 11.7270
Epoch [112/150], Total Loss: 0.8242, NLL: 0.7461, Masked: 11.7350
Epoch [113/150], Total Loss: 0.8237, NLL: 0.7456, Masked: 11.7367
Epoch [114/150], Total Loss: 0.8232, NLL: 0.7450, Masked: 11.7446
Epoch [115/150], Total Loss: 0.8227, NLL: 0.7445, Masked: 11.7489
Epoch [116/150], Total Loss: 0.8221, NLL: 0.7440, Masked: 11.7345
Epoch [117/150], Total Loss: 0.8215, NLL: 0.7434, Masked: 11.7370
Epoch [118/150], Total Loss: 0.8211, NLL: 0.7429, Masked: 11.7504
Epoch [119/150], Total Loss: 0.8206, NLL: 0.7424, Masked: 11.7401
Epoch [120/150], Total Loss: 0.8201, NLL: 0.7419, Masked: 11.7512
Epoch [121/150], Total Loss: 0.8195, NLL: 0.7414, Masked: 11.7420
Epoch [122/150], Total Loss: 0.8190, NLL: 0.7409, Masked: 11.7394
Epoch [123/150], Total Loss: 0.8186, NLL: 0.7404, Masked: 11.7503
Epoch [124/150], Total Loss: 0.8181, NLL: 0.7399, Masked: 11.7531
Epoch [125/150], Total Loss: 0.8177, NLL: 0.7394, Masked: 11.7620
Epoch [126/150], Total Loss: 0.8172, NLL: 0.7390, Masked: 11.7609
Epoch [127/150], Total Loss: 0.8167, NLL: 0.7385, Masked: 11.7642
Epoch [128/150], Total Loss: 0.8163, NLL: 0.7380, Masked: 11.7716
Epoch [129/150], Total Loss: 0.8158, NLL: 0.7375, Masked: 11.7665
Epoch [130/150], Total Loss: 0.8153, NLL: 0.7370, Masked: 11.7705
Epoch [131/150], Total Loss: 0.8149, NLL: 0.7365, Masked: 11.7751
Epoch [132/150], Total Loss: 0.8145, NLL: 0.7361, Masked: 11.7884
Epoch [133/150], Total Loss: 0.8140, NLL: 0.7356, Masked: 11.7844
Epoch [134/150], Total Loss: 0.8135, NLL: 0.7351, Masked: 11.7806
Epoch [135/150], Total Loss: 0.8131, NLL: 0.7347, Masked: 11.7917
Epoch [136/150], Total Loss: 0.8127, NLL: 0.7342, Masked: 11.7982
Epoch [137/150], Total Loss: 0.8122, NLL: 0.7338, Masked: 11.7939
Epoch [138/150], Total Loss: 0.8118, NLL: 0.7333, Masked: 11.7964
Epoch [139/150], Total Loss: 0.8114, NLL: 0.7329, Masked: 11.7989
Epoch [140/150], Total Loss: 0.8109, NLL: 0.7324, Masked: 11.8013
Epoch [141/150], Total Loss: 0.8106, NLL: 0.7320, Masked: 11.8095
Epoch [142/150], Total Loss: 0.8101, NLL: 0.7315, Masked: 11.8080
Epoch [143/150], Total Loss: 0.8097, NLL: 0.7311, Masked: 11.8165
Epoch [144/150], Total Loss: 0.8093, NLL: 0.7307, Masked: 11.8145
Epoch [145/150], Total Loss: 0.8088, NLL: 0.7302, Masked: 11.8101
Epoch [146/150], Total Loss: 0.8084, NLL: 0.7298, Masked: 11.8251
Epoch [147/150], Total Loss: 0.8080, NLL: 0.7294, Masked: 11.8236
Epoch [148/150], Total Loss: 0.8076, NLL: 0.7289, Masked: 11.8268
Epoch [149/150], Total Loss: 0.8073, NLL: 0.7285, Masked: 11.8386
Epoch [150/150], Total Loss: 0.8068, NLL: 0.7281, Masked: 11.8260

==================================================
EVALUATING ON TRAINING DATA
==================================================

==================================================
TEST RESULTS
==================================================
Total Loss: 0.806064
  - ZINB NLL: 0.727441
Total number of masked values: 1755740
  - Number of values with pi >= 0.5315345136820552: 1218206
  - Number of values with pi < 0.5315345136820552: 537534
  - Masked Reconstruction: 11.818294
Mean Absolute Error (MAE): 1.880211
R² Score: -116.187866
==================================================


==================================================
TEST RESULTS
==================================================
Total Loss: 1.104992
  - ZINB NLL: 1.014237
Total number of masked values: 590838
  - Number of values with pi >= 0.5315345136820552: 413228
  - Number of values with pi < 0.5315345136820552: 177610
  - Masked Reconstruction: 13.641887
Mean Absolute Error (MAE): 2.175796
R² Score: -176.958405
==================================================


>>> Optimizing zinb_nll on VALIDATION set: 1.014237
>>> Full validation metrics: {'total_loss': 1.1049922100231473, 'zinb_nll': 1.0142368586302477, 'mae': 2.1757960319519043, 'r2': -176.95840454101562, 'masked_loss': 13.641887085585944}

Iteration No: 23 ended. Search finished for the next optimal point.
Time taken: 2899.1107
Function value obtained: 1.0142
Current minimum: 0.6046
Iteration No: 24 started. Searching for the next optimal point.

================================================================================
Trial with parameters:
  features: Centr
  data_point_length: 500
  step_size: 0.3568168516080312
  bin_size: 1
  sample_fraction: 1.0
  moving_average: True
  first_layer_size_factor: 112
  num_layers: 1
  use_conv: False
  conv_channel: 128
  pool_size: 2
  kernel_size: 5
  epochs: 98
  batch_size: 32
  pi_threshold: 0.3941994147978613
  learning_rate: 1e-05
  dropout_rate: 0.0
  masked_recon_weight: 1.3601122867570459
  regularizer: none
  regularization_weight: 100.0
================================================================================

Creating datasets with:
  features: ['Centr']
  bin_size: 1
  moving_average: True
  data_point_length: 500 (from 500)
  step_size: 178 (from fraction 0.3568168516080312)
  layers: [np.int64(1792)] (first=1792, num=1)
  stride: 1 (fixed), padding: same (fixed)


Clipping outliers using 95th percentile * 1.5...
strain_yTW001: Clipping values above 134.25 (P95=89.50). Clipped 27529/1193409 values (2.31%)
strain_FD: Clipping values above 71.92 (P95=47.94). Clipped 95791/4127807 values (2.32%)
strain_dnrp: Clipping values above 243.00 (P95=162.00). Clipped 25649/1119454 values (2.29%)
strain_yEK19: Clipping values above 77.10 (P95=51.40). Clipped 83713/3893623 values (2.15%)
strain_yEK23: Clipping values above 72.00 (P95=48.00). Clipped 86381/3558407 values (2.43%)
strain_yWT03a: Clipping values above 15.00 (P95=10.00). Clipped 10602/347679 values (3.05%)
strain_yWT04a: Clipping values above 58.50 (P95=39.00). Clipped 21095/725406 values (2.91%)
strain_ylic137: Clipping values above 142.50 (P95=95.00). Clipped 28746/1112684 values (2.58%)
Standardizing features: ['Centr']
Column order in final array (Dataset/Chrom split): ['Value', 'Centromere_Distance', 'Value_Raw', 'Size_Factor']
Removing 0 empty data points out of 328952
Column order in final array (Dataset/Chrom split): ['Value', 'Centromere_Distance', 'Value_Raw', 'Size_Factor']
Removing 0 empty data points out of 113648
Column order in final array (Dataset/Chrom split): ['Value', 'Centromere_Distance', 'Value_Raw', 'Size_Factor']
Removing 0 empty data points out of 99768
Datasets created:
  Train: (328952, 500, 4), Val: (113648, 500, 4), Test: (99768, 500, 4)

Applied denoising with 15.0% masking
Applied denoising with 15.0% masking
Applied denoising with 15.0% masking
Epoch [1/98], Total Loss: 20.4385, NLL: 1.8588, Masked: 13.6604
Epoch [2/98], Total Loss: 19.8269, NLL: 1.7545, Masked: 13.2874
Epoch [3/98], Total Loss: 19.1380, NLL: 0.9984, Masked: 13.3368
Epoch [4/98], Total Loss: 18.8405, NLL: 0.9544, Masked: 13.1504
Epoch [5/98], Total Loss: 18.5823, NLL: 0.9442, Masked: 12.9681
Epoch [6/98], Total Loss: 18.3770, NLL: 0.9369, Masked: 12.8225
Epoch [7/98], Total Loss: 18.2221, NLL: 0.9313, Masked: 12.7128
Epoch [8/98], Total Loss: 18.0993, NLL: 0.9264, Masked: 12.6261
Epoch [9/98], Total Loss: 17.9940, NLL: 0.9222, Masked: 12.5517
Epoch [10/98], Total Loss: 17.9050, NLL: 0.9184, Masked: 12.4891
Epoch [11/98], Total Loss: 17.8198, NLL: 0.9148, Masked: 12.4292
Epoch [12/98], Total Loss: 17.7758, NLL: 0.9113, Masked: 12.3993
Epoch [13/98], Total Loss: 17.7412, NLL: 0.9082, Masked: 12.3762
Epoch [14/98], Total Loss: 17.7122, NLL: 0.9051, Masked: 12.3571
Epoch [15/98], Total Loss: 17.7032, NLL: 0.9021, Masked: 12.3527
Epoch [16/98], Total Loss: 17.6807, NLL: 0.8993, Masked: 12.3382
Epoch [17/98], Total Loss: 17.6713, NLL: 0.8965, Masked: 12.3334
Epoch [18/98], Total Loss: 17.6646, NLL: 0.8940, Masked: 12.3303
Epoch [19/98], Total Loss: 17.6490, NLL: 0.8916, Masked: 12.3206
Epoch [20/98], Total Loss: 17.6340, NLL: 0.8892, Masked: 12.3113
Epoch [21/98], Total Loss: 17.6226, NLL: 0.8868, Masked: 12.3047
Epoch [22/98], Total Loss: 17.6094, NLL: 0.8846, Masked: 12.2967
Epoch [23/98], Total Loss: 17.6048, NLL: 0.8824, Masked: 12.2949
Epoch [24/98], Total Loss: 17.6036, NLL: 0.8801, Masked: 12.2957
Epoch [25/98], Total Loss: 17.5783, NLL: 0.8780, Masked: 12.2786
Epoch [26/98], Total Loss: 17.5709, NLL: 0.8760, Masked: 12.2746
Epoch [27/98], Total Loss: 17.5622, NLL: 0.8739, Masked: 12.2698
Epoch [28/98], Total Loss: 17.5466, NLL: 0.8719, Masked: 12.2598
Epoch [29/98], Total Loss: 17.5423, NLL: 0.8699, Masked: 12.2581
Epoch [30/98], Total Loss: 17.5373, NLL: 0.8681, Masked: 12.2558
Epoch [31/98], Total Loss: 17.5128, NLL: 0.8664, Masked: 12.2390
Epoch [32/98], Total Loss: 17.5090, NLL: 0.8646, Masked: 12.2375
Epoch [33/98], Total Loss: 17.4957, NLL: 0.8628, Masked: 12.2290
Epoch [34/98], Total Loss: 17.4810, NLL: 0.8611, Masked: 12.2195
Epoch [35/98], Total Loss: 17.4696, NLL: 0.8594, Masked: 12.2123
Epoch [36/98], Total Loss: 17.4436, NLL: 0.8579, Masked: 12.1943
Epoch [37/98], Total Loss: 17.4394, NLL: 0.8562, Masked: 12.1926
Epoch [38/98], Total Loss: 17.4260, NLL: 0.8547, Masked: 12.1837
Epoch [39/98], Total Loss: 17.4128, NLL: 0.8533, Masked: 12.1751
Epoch [40/98], Total Loss: 17.4124, NLL: 0.8518, Masked: 12.1759
Epoch [41/98], Total Loss: 17.3885, NLL: 0.8504, Masked: 12.1594
Epoch [42/98], Total Loss: 17.3716, NLL: 0.8490, Masked: 12.1479
Epoch [43/98], Total Loss: 17.3643, NLL: 0.8476, Masked: 12.1436
Epoch [44/98], Total Loss: 17.3461, NLL: 0.8464, Masked: 12.1311
Epoch [45/98], Total Loss: 17.3347, NLL: 0.8450, Masked: 12.1238
Epoch [46/98], Total Loss: 17.3208, NLL: 0.8437, Masked: 12.1145
Epoch [47/98], Total Loss: 17.3048, NLL: 0.8425, Masked: 12.1036
Epoch [48/98], Total Loss: 17.2861, NLL: 0.8413, Masked: 12.0908
Epoch [49/98], Total Loss: 17.2788, NLL: 0.8401, Masked: 12.0863
Epoch [50/98], Total Loss: 17.2729, NLL: 0.8388, Masked: 12.0829
Epoch [51/98], Total Loss: 17.2548, NLL: 0.8377, Masked: 12.0704
Epoch [52/98], Total Loss: 17.2418, NLL: 0.8366, Masked: 12.0617
Epoch [53/98], Total Loss: 17.2288, NLL: 0.8355, Masked: 12.0529
Epoch [54/98], Total Loss: 17.2083, NLL: 0.8345, Masked: 12.0386
Epoch [55/98], Total Loss: 17.2125, NLL: 0.8333, Masked: 12.0425
Epoch [56/98], Total Loss: 17.1983, NLL: 0.8322, Masked: 12.0329
Epoch [57/98], Total Loss: 17.1799, NLL: 0.8312, Masked: 12.0201
Epoch [58/98], Total Loss: 17.1777, NLL: 0.8303, Masked: 12.0192
Epoch [59/98], Total Loss: 17.1566, NLL: 0.8293, Masked: 12.0044
Epoch [60/98], Total Loss: 17.1627, NLL: 0.8283, Masked: 12.0096
Epoch [61/98], Total Loss: 17.1395, NLL: 0.8274, Masked: 11.9933
Epoch [62/98], Total Loss: 17.1364, NLL: 0.8264, Masked: 11.9917
Epoch [63/98], Total Loss: 17.1168, NLL: 0.8254, Masked: 11.9780
Epoch [64/98], Total Loss: 17.1110, NLL: 0.8246, Masked: 11.9743
Epoch [65/98], Total Loss: 17.1019, NLL: 0.8236, Masked: 11.9684
Epoch [66/98], Total Loss: 17.0930, NLL: 0.8227, Masked: 11.9625
Epoch [67/98], Total Loss: 17.0795, NLL: 0.8217, Masked: 11.9533
Epoch [68/98], Total Loss: 17.0755, NLL: 0.8208, Masked: 11.9510
Epoch [69/98], Total Loss: 17.0711, NLL: 0.8200, Masked: 11.9484
Epoch [70/98], Total Loss: 17.0551, NLL: 0.8191, Masked: 11.9372
Epoch [71/98], Total Loss: 17.0453, NLL: 0.8182, Masked: 11.9307
Epoch [72/98], Total Loss: 17.0386, NLL: 0.8175, Masked: 11.9263
Epoch [73/98], Total Loss: 17.0363, NLL: 0.8166, Masked: 11.9252
Epoch [74/98], Total Loss: 17.0323, NLL: 0.8157, Masked: 11.9230
Epoch [75/98], Total Loss: 17.0153, NLL: 0.8149, Masked: 11.9111
Epoch [76/98], Total Loss: 17.0033, NLL: 0.8142, Masked: 11.9028
Epoch [77/98], Total Loss: 17.0000, NLL: 0.8134, Masked: 11.9009
Epoch [78/98], Total Loss: 16.9983, NLL: 0.8126, Masked: 11.9003
Epoch [79/98], Total Loss: 16.9884, NLL: 0.8117, Masked: 11.8937
Epoch [80/98], Total Loss: 16.9902, NLL: 0.8109, Masked: 11.8956
Epoch [81/98], Total Loss: 16.9656, NLL: 0.8101, Masked: 11.8780
Epoch [82/98], Total Loss: 16.9636, NLL: 0.8094, Masked: 11.8771
Epoch [83/98], Total Loss: 16.9611, NLL: 0.8086, Masked: 11.8759
Epoch [84/98], Total Loss: 16.9641, NLL: 0.8078, Masked: 11.8787
Epoch [85/98], Total Loss: 16.9431, NLL: 0.8072, Masked: 11.8637
Epoch [86/98], Total Loss: 16.9468, NLL: 0.8064, Masked: 11.8670
Epoch [87/98], Total Loss: 16.9379, NLL: 0.8057, Masked: 11.8609
Epoch [88/98], Total Loss: 16.9281, NLL: 0.8050, Masked: 11.8542
Epoch [89/98], Total Loss: 16.9298, NLL: 0.8044, Masked: 11.8559
Epoch [90/98], Total Loss: 16.9213, NLL: 0.8037, Masked: 11.8502
Epoch [91/98], Total Loss: 16.9015, NLL: 0.8029, Masked: 11.8362
Epoch [92/98], Total Loss: 16.9044, NLL: 0.8023, Masked: 11.8388
Epoch [93/98], Total Loss: 16.9087, NLL: 0.8015, Masked: 11.8425
Epoch [94/98], Total Loss: 16.8955, NLL: 0.8009, Masked: 11.8333
Epoch [95/98], Total Loss: 16.8847, NLL: 0.8003, Masked: 11.8258
Epoch [96/98], Total Loss: 16.8846, NLL: 0.7997, Masked: 11.8262
Epoch [97/98], Total Loss: 16.8870, NLL: 0.7990, Masked: 11.8284
Epoch [98/98], Total Loss: 16.8721, NLL: 0.7983, Masked: 11.8180

==================================================
EVALUATING ON TRAINING DATA
==================================================

==================================================
TEST RESULTS
==================================================
Total Loss: 16.850530
  - ZINB NLL: 0.797987
Total number of masked values: 3912593
  - Number of values with pi >= 0.3941994147978613: 3235116
  - Number of values with pi < 0.3941994147978613: 677477
  - Masked Reconstruction: 11.802366
Mean Absolute Error (MAE): 1.798456
R² Score: -0.011886
==================================================


==================================================
TEST RESULTS
==================================================
Total Loss: 19.358902
  - ZINB NLL: 0.788368
Total number of masked values: 1319092
  - Number of values with pi >= 0.3941994147978613: 1069791
  - Number of values with pi < 0.3941994147978613: 249301
  - Masked Reconstruction: 13.653677
Mean Absolute Error (MAE): 1.916810
R² Score: -0.571721
==================================================


>>> Optimizing zinb_nll on VALIDATION set: 0.788368
>>> Full validation metrics: {'total_loss': 19.3589023546855, 'zinb_nll': 0.7883681378462492, 'mae': 1.9168096780776978, 'r2': -0.5717208385467529, 'masked_loss': 13.653677053188382}

Iteration No: 24 ended. Search finished for the next optimal point.
Time taken: 4317.4905
Function value obtained: 0.7884
Current minimum: 0.6046
Iteration No: 25 started. Searching for the next optimal point.

================================================================================
Trial with parameters:
  features: Centr_Nucl
  data_point_length: 500
  step_size: 0.34076537124849415
  bin_size: 1
  sample_fraction: 1.0
  moving_average: True
  first_layer_size_factor: 150
  num_layers: 1
  use_conv: False
  conv_channel: 128
  pool_size: 2
  kernel_size: 7
  epochs: 114
  batch_size: 32
  pi_threshold: 0.5388840166442912
  learning_rate: 1e-05
  dropout_rate: 0.0
  masked_recon_weight: 0.001
  regularizer: none
  regularization_weight: 100.0
================================================================================

Creating datasets with:
  features: ['Centr', 'Nucl']
  bin_size: 1
  moving_average: True
  data_point_length: 500 (from 500)
  step_size: 170 (from fraction 0.34076537124849415)
  layers: [np.int64(2400)] (first=2400, num=1)
  stride: 1 (fixed), padding: same (fixed)


Clipping outliers using 95th percentile * 1.5...
strain_yTW001: Clipping values above 134.25 (P95=89.50). Clipped 27529/1193409 values (2.31%)
strain_FD: Clipping values above 71.92 (P95=47.94). Clipped 95791/4127807 values (2.32%)
strain_dnrp: Clipping values above 243.00 (P95=162.00). Clipped 25649/1119454 values (2.29%)
strain_yEK19: Clipping values above 77.10 (P95=51.40). Clipped 83713/3893623 values (2.15%)
strain_yEK23: Clipping values above 72.00 (P95=48.00). Clipped 86381/3558407 values (2.43%)
strain_yWT03a: Clipping values above 15.00 (P95=10.00). Clipped 10602/347679 values (3.05%)
strain_yWT04a: Clipping values above 58.50 (P95=39.00). Clipped 21095/725406 values (2.91%)
strain_ylic137: Clipping values above 142.50 (P95=95.00). Clipped 28746/1112684 values (2.58%)
Standardizing features: ['Centr', 'Nucl']
Column order in final array (Dataset/Chrom split): ['Value', 'Nucleosome_Distance', 'Centromere_Distance', 'Value_Raw', 'Size_Factor']
Removing 0 empty data points out of 344424
Column order in final array (Dataset/Chrom split): ['Value', 'Nucleosome_Distance', 'Centromere_Distance', 'Value_Raw', 'Size_Factor']
Removing 0 empty data points out of 118992
Column order in final array (Dataset/Chrom split): ['Value', 'Nucleosome_Distance', 'Centromere_Distance', 'Value_Raw', 'Size_Factor']
Removing 0 empty data points out of 104456
Datasets created:
  Train: (344424, 500, 5), Val: (118992, 500, 5), Test: (104456, 500, 5)

Applied denoising with 15.0% masking
Applied denoising with 15.0% masking
Applied denoising with 15.0% masking
Epoch [1/114], Total Loss: 1.0152, NLL: 1.0016, Masked: 13.5644
Epoch [2/114], Total Loss: 0.9623, NLL: 0.9495, Masked: 12.8904
Epoch [3/114], Total Loss: 0.9473, NLL: 0.9346, Masked: 12.6795
Epoch [4/114], Total Loss: 0.9338, NLL: 0.9212, Masked: 12.5546
Epoch [5/114], Total Loss: 0.9203, NLL: 0.9079, Masked: 12.4499
Epoch [6/114], Total Loss: 0.9040, NLL: 0.8917, Masked: 12.2750
Epoch [7/114], Total Loss: 0.8847, NLL: 0.8726, Masked: 12.1053
Epoch [8/114], Total Loss: 0.8639, NLL: 0.8519, Masked: 11.9975
Epoch [9/114], Total Loss: 0.8442, NLL: 0.8323, Masked: 11.9481
Epoch [10/114], Total Loss: 0.8272, NLL: 0.8153, Masked: 11.9517
Epoch [11/114], Total Loss: 0.8135, NLL: 0.8015, Masked: 11.9745
Epoch [12/114], Total Loss: 0.8028, NLL: 0.7908, Masked: 11.9932
Epoch [13/114], Total Loss: 0.7948, NLL: 0.7827, Masked: 12.0367
Epoch [14/114], Total Loss: 0.7885, NLL: 0.7764, Masked: 12.0619
Epoch [15/114], Total Loss: 0.7833, NLL: 0.7713, Masked: 12.0787
Epoch [16/114], Total Loss: 0.7790, NLL: 0.7669, Masked: 12.1070
Epoch [17/114], Total Loss: 0.7752, NLL: 0.7631, Masked: 12.1158
Epoch [18/114], Total Loss: 0.7718, NLL: 0.7597, Masked: 12.1454
Epoch [19/114], Total Loss: 0.7688, NLL: 0.7566, Masked: 12.1656
Epoch [20/114], Total Loss: 0.7659, NLL: 0.7537, Masked: 12.1689
Epoch [21/114], Total Loss: 0.7632, NLL: 0.7511, Masked: 12.1799
Epoch [22/114], Total Loss: 0.7608, NLL: 0.7486, Masked: 12.1991
Epoch [23/114], Total Loss: 0.7584, NLL: 0.7462, Masked: 12.2089
Epoch [24/114], Total Loss: 0.7562, NLL: 0.7440, Masked: 12.2288
Epoch [25/114], Total Loss: 0.7540, NLL: 0.7418, Masked: 12.2253
Epoch [26/114], Total Loss: 0.7520, NLL: 0.7398, Masked: 12.2462
Epoch [27/114], Total Loss: 0.7501, NLL: 0.7378, Masked: 12.2554
Epoch [28/114], Total Loss: 0.7482, NLL: 0.7360, Masked: 12.2634
Epoch [29/114], Total Loss: 0.7465, NLL: 0.7342, Masked: 12.2713
Epoch [30/114], Total Loss: 0.7448, NLL: 0.7325, Masked: 12.2815
Epoch [31/114], Total Loss: 0.7431, NLL: 0.7308, Masked: 12.2903
Epoch [32/114], Total Loss: 0.7415, NLL: 0.7292, Masked: 12.2962
Epoch [33/114], Total Loss: 0.7400, NLL: 0.7277, Masked: 12.3013
Epoch [34/114], Total Loss: 0.7385, NLL: 0.7262, Masked: 12.3186
Epoch [35/114], Total Loss: 0.7370, NLL: 0.7247, Masked: 12.3178
Epoch [36/114], Total Loss: 0.7357, NLL: 0.7234, Masked: 12.3312
Epoch [37/114], Total Loss: 0.7344, NLL: 0.7220, Masked: 12.3426
Epoch [38/114], Total Loss: 0.7330, NLL: 0.7207, Masked: 12.3349
Epoch [39/114], Total Loss: 0.7318, NLL: 0.7194, Masked: 12.3517
Epoch [40/114], Total Loss: 0.7306, NLL: 0.7182, Masked: 12.3650
Epoch [41/114], Total Loss: 0.7293, NLL: 0.7170, Masked: 12.3608
Epoch [42/114], Total Loss: 0.7282, NLL: 0.7158, Masked: 12.3700
Epoch [43/114], Total Loss: 0.7270, NLL: 0.7147, Masked: 12.3758
Epoch [44/114], Total Loss: 0.7259, NLL: 0.7135, Masked: 12.3756
Epoch [45/114], Total Loss: 0.7249, NLL: 0.7125, Masked: 12.3949
Epoch [46/114], Total Loss: 0.7238, NLL: 0.7114, Masked: 12.3993
Epoch [47/114], Total Loss: 0.7228, NLL: 0.7103, Masked: 12.4099
Epoch [48/114], Total Loss: 0.7218, NLL: 0.7093, Masked: 12.4112
Epoch [49/114], Total Loss: 0.7208, NLL: 0.7084, Masked: 12.4168
Epoch [50/114], Total Loss: 0.7197, NLL: 0.7073, Masked: 12.4252
Epoch [51/114], Total Loss: 0.7188, NLL: 0.7064, Masked: 12.4276
Epoch [52/114], Total Loss: 0.7179, NLL: 0.7054, Masked: 12.4294
Epoch [53/114], Total Loss: 0.7169, NLL: 0.7045, Masked: 12.4438
Epoch [54/114], Total Loss: 0.7160, NLL: 0.7036, Masked: 12.4490
Epoch [55/114], Total Loss: 0.7152, NLL: 0.7027, Masked: 12.4530
Epoch [56/114], Total Loss: 0.7142, NLL: 0.7018, Masked: 12.4568
Epoch [57/114], Total Loss: 0.7134, NLL: 0.7009, Masked: 12.4642
Epoch [58/114], Total Loss: 0.7126, NLL: 0.7001, Masked: 12.4732
Epoch [59/114], Total Loss: 0.7117, NLL: 0.6993, Masked: 12.4664
Epoch [60/114], Total Loss: 0.7109, NLL: 0.6984, Masked: 12.4754
Epoch [61/114], Total Loss: 0.7101, NLL: 0.6976, Masked: 12.4910
Epoch [62/114], Total Loss: 0.7093, NLL: 0.6968, Masked: 12.4897
Epoch [63/114], Total Loss: 0.7086, NLL: 0.6961, Masked: 12.4937
Epoch [64/114], Total Loss: 0.7078, NLL: 0.6953, Masked: 12.4995
Epoch [65/114], Total Loss: 0.7071, NLL: 0.6946, Masked: 12.5007
Epoch [66/114], Total Loss: 0.7063, NLL: 0.6938, Masked: 12.5045
Epoch [67/114], Total Loss: 0.7056, NLL: 0.6931, Masked: 12.5073
Epoch [68/114], Total Loss: 0.7049, NLL: 0.6923, Masked: 12.5092
Epoch [69/114], Total Loss: 0.7042, NLL: 0.6916, Masked: 12.5182
Epoch [70/114], Total Loss: 0.7035, NLL: 0.6910, Masked: 12.5235
Epoch [71/114], Total Loss: 0.7028, NLL: 0.6902, Masked: 12.5254
Epoch [72/114], Total Loss: 0.7022, NLL: 0.6896, Masked: 12.5439
Epoch [73/114], Total Loss: 0.7015, NLL: 0.6890, Masked: 12.5499
Epoch [74/114], Total Loss: 0.7008, NLL: 0.6883, Masked: 12.5421
Epoch [75/114], Total Loss: 0.7001, NLL: 0.6876, Masked: 12.5451
Epoch [76/114], Total Loss: 0.6995, NLL: 0.6870, Masked: 12.5548
Epoch [77/114], Total Loss: 0.6989, NLL: 0.6863, Masked: 12.5509
Epoch [78/114], Total Loss: 0.6983, NLL: 0.6857, Masked: 12.5531
Epoch [79/114], Total Loss: 0.6977, NLL: 0.6851, Masked: 12.5522
Epoch [80/114], Total Loss: 0.6970, NLL: 0.6845, Masked: 12.5628
Epoch [81/114], Total Loss: 0.6965, NLL: 0.6839, Masked: 12.5675
Epoch [82/114], Total Loss: 0.6959, NLL: 0.6833, Masked: 12.5683
Epoch [83/114], Total Loss: 0.6953, NLL: 0.6828, Masked: 12.5736
Epoch [84/114], Total Loss: 0.6948, NLL: 0.6822, Masked: 12.5806
Epoch [85/114], Total Loss: 0.6942, NLL: 0.6816, Masked: 12.5785
Epoch [86/114], Total Loss: 0.6936, NLL: 0.6810, Masked: 12.5902
Epoch [87/114], Total Loss: 0.6930, NLL: 0.6805, Masked: 12.5853
Epoch [88/114], Total Loss: 0.6926, NLL: 0.6800, Masked: 12.5809
Epoch [89/114], Total Loss: 0.6920, NLL: 0.6794, Masked: 12.5926
Epoch [90/114], Total Loss: 0.6914, NLL: 0.6789, Masked: 12.5826
Epoch [91/114], Total Loss: 0.6909, NLL: 0.6783, Masked: 12.5963
Epoch [92/114], Total Loss: 0.6904, NLL: 0.6778, Masked: 12.5984
Epoch [93/114], Total Loss: 0.6899, NLL: 0.6773, Masked: 12.6089
Epoch [94/114], Total Loss: 0.6894, NLL: 0.6768, Masked: 12.6030
Epoch [95/114], Total Loss: 0.6889, NLL: 0.6763, Masked: 12.6152
Epoch [96/114], Total Loss: 0.6884, NLL: 0.6758, Masked: 12.6080
Epoch [97/114], Total Loss: 0.6879, NLL: 0.6753, Masked: 12.6053
Epoch [98/114], Total Loss: 0.6874, NLL: 0.6748, Masked: 12.6222
Epoch [99/114], Total Loss: 0.6869, NLL: 0.6743, Masked: 12.6134
Epoch [100/114], Total Loss: 0.6865, NLL: 0.6739, Masked: 12.6169
Epoch [101/114], Total Loss: 0.6860, NLL: 0.6734, Masked: 12.6271
Epoch [102/114], Total Loss: 0.6856, NLL: 0.6729, Masked: 12.6247
Epoch [103/114], Total Loss: 0.6851, NLL: 0.6724, Masked: 12.6299
Epoch [104/114], Total Loss: 0.6846, NLL: 0.6720, Masked: 12.6288
Epoch [105/114], Total Loss: 0.6842, NLL: 0.6715, Masked: 12.6384
