Device: cuda

================================================================================
Determining chromosome split (will be consistent across all trials)...
================================================================================


Chromosome split determined:
  Train chromosomes: ['ChrIII', 'ChrIV', 'ChrIX', 'ChrVI', 'ChrVII', 'ChrX', 'ChrXI', 'ChrXIII', 'ChrXVI']
  Validation chromosomes: ['ChrVIII', 'ChrXIV', 'ChrXV']
  Test chromosomes: ['ChrI', 'ChrII', 'ChrV', 'ChrXII']

Chromosome split saved to: AE/results/bayesian_optimization/chromosome_split_20260219_165634.json


################################################################################
# Starting Bayesian Hyperparameter Optimization
# Optimizing metric: zinb_nll on VALIDATION set
# Number of trials: 150
# Initial random points: 20
# Random state: 42
# Parallel jobs: 1
# Checkpoint will be saved to: AE/results/bayesian_optimization/checkpoints/checkpoint_zinb_nll_20260219_165634.pkl
################################################################################

Iteration No: 1 started. Evaluating function at random point.

================================================================================
Trial with parameters:
  features: Nucl
  step_size: 0.3875760923996229
  bin_size: 39
  sample_fraction: 0.6976376184598654
  moving_average: True
  first_layer_size_factor: 14
  num_layers: 2
  use_conv: True
  conv_channel: 32
  pool_size: 6
  kernel_size: 3
  epochs: 117
  batch_size: 128
  pi_threshold: 0.30031150633640574
  learning_rate: 0.009476210031010525
  dropout_rate: 0.3087407548138583
  masked_recon_weight: 0.2796485951606247
  regularizer: l1
  regularization_weight: 1.4502303019631352e-05
================================================================================

len(layers): 2
Creating datasets with:
  features: ['Nucl']
  bin_size: 39
  moving_average: True
  data_point_length: 2000 (from 2000)
  step_size: 775 (from fraction 0.3875760923996229)
  layers: [np.int64(224), np.int64(112)] (first=224, num=2)
  stride: 1 (fixed), padding: same (fixed)
  Using pre-determined chromosome split


Clipping outliers using 95th percentile * 1.5...
strain_yTW001: Clipping values above 134.25 (P95=89.50). Clipped 27529/1193409 values (2.31%)
strain_FD: Clipping values above 71.92 (P95=47.94). Clipped 95791/4127807 values (2.32%)
strain_dnrp: Clipping values above 243.00 (P95=162.00). Clipped 25649/1119454 values (2.29%)
strain_yEK19: Clipping values above 77.10 (P95=51.40). Clipped 83713/3893623 values (2.15%)
strain_yEK23: Clipping values above 72.00 (P95=48.00). Clipped 86381/3558407 values (2.43%)
strain_yWT03a: Clipping values above 15.00 (P95=10.00). Clipped 10602/347679 values (3.05%)
strain_yWT04a: Clipping values above 58.50 (P95=39.00). Clipped 21095/725406 values (2.91%)
strain_ylic137: Clipping values above 142.50 (P95=95.00). Clipped 28746/1112684 values (2.58%)

Splitting data using pre-determined chromosomes...
Standardizing features: ['Nucl']
Column order in final array (Dataset/Chrom split): ['Value', 'Nucleosome_Distance', 'Value_Raw', 'Size_Factor']
Removing 0 empty data points out of 71496
Column order in final array (Dataset/Chrom split): ['Value', 'Nucleosome_Distance', 'Value_Raw', 'Size_Factor']
Removing 0 empty data points out of 25144
Column order in final array (Dataset/Chrom split): ['Value', 'Nucleosome_Distance', 'Value_Raw', 'Size_Factor']
Removing 0 empty data points out of 27816
Datasets created with shapes:
  Train: (71496, 2000, 4)
  Val: (25144, 2000, 4)
  Test: (27816, 2000, 4)
Datasets created:
  Train: (71496, 2000, 4), Val: (25144, 2000, 4), Test: (27816, 2000, 4)

Randomly sampled 49878/71496 samples (69.8%)
Applied denoising with 15.0% masking
Applied denoising with 15.0% masking
Applied denoising with 15.0% masking
Number of encoder layers: 2
Number of decoder layers (excluding heads): 2
Total number of layers including latent layer: 5
Epoch [1/117], Total Loss: 869.0996, NLL: 2.1959, Masked: 3098.3497, Reg: 0.454501
Epoch [2/117], Total Loss: 2.6843, NLL: 1.8101, Masked: 2.3560, Reg: 0.215439
Epoch [3/117], Total Loss: 2.6252, NLL: 1.8016, Masked: 2.3487, Reg: 0.166809
Epoch [4/117], Total Loss: 2.6089, NLL: 1.7978, Masked: 2.3453, Reg: 0.155298
Epoch [5/117], Total Loss: 2.6019, NLL: 1.7970, Masked: 2.3471, Reg: 0.148570
Epoch [6/117], Total Loss: 2.5971, NLL: 1.7948, Masked: 2.3424, Reg: 0.147179
Epoch [7/117], Total Loss: 2.5940, NLL: 1.7932, Masked: 2.3410, Reg: 0.146060
Epoch [8/117], Total Loss: 2.5997, NLL: 1.7935, Masked: 2.3419, Reg: 0.151270
Epoch [9/117], Total Loss: 2.5967, NLL: 1.7930, Masked: 2.3407, Reg: 0.149050
Epoch [10/117], Total Loss: 2.6085, NLL: 1.7930, Masked: 2.3410, Reg: 0.160826
Epoch [11/117], Total Loss: 2.6001, NLL: 1.7931, Masked: 2.3434, Reg: 0.151674
Epoch [12/117], Total Loss: 2.6091, NLL: 1.7932, Masked: 2.3430, Reg: 0.160625
Epoch [13/117], Total Loss: 2.6002, NLL: 1.7933, Masked: 2.3415, Reg: 0.152054
Epoch [14/117], Total Loss: 2.6115, NLL: 1.7930, Masked: 2.3421, Reg: 0.163519
Epoch [15/117], Total Loss: 2.6054, NLL: 1.7938, Masked: 2.3435, Reg: 0.156189
Epoch [16/117], Total Loss: 2.6049, NLL: 1.7921, Masked: 2.3408, Reg: 0.158225
Epoch [17/117], Total Loss: 2.6109, NLL: 1.7927, Masked: 2.3412, Reg: 0.163496
Epoch [18/117], Total Loss: 2.6041, NLL: 1.7924, Masked: 2.3415, Reg: 0.156869
Epoch [19/117], Total Loss: 2.6042, NLL: 1.7928, Masked: 2.3436, Reg: 0.156048
Epoch [20/117], Total Loss: 2.6186, NLL: 1.7939, Masked: 2.3445, Reg: 0.169030
Epoch [21/117], Total Loss: 2.6084, NLL: 1.7935, Masked: 2.3436, Reg: 0.159443
Epoch [22/117], Total Loss: 2.6034, NLL: 1.7930, Masked: 2.3433, Reg: 0.155105
Epoch [23/117], Total Loss: 2.6060, NLL: 1.7924, Masked: 2.3430, Reg: 0.158335
Epoch [24/117], Total Loss: 2.6172, NLL: 1.7953, Masked: 2.3487, Reg: 0.165125
Epoch [25/117], Total Loss: 2.6170, NLL: 1.7936, Masked: 2.3484, Reg: 0.166673
Epoch [26/117], Total Loss: 2.6011, NLL: 1.7914, Masked: 2.3421, Reg: 0.154766
Epoch [27/117], Total Loss: 2.6059, NLL: 1.7925, Masked: 2.3447, Reg: 0.157706
Epoch [28/117], Total Loss: 2.6005, NLL: 1.7917, Masked: 2.3418, Reg: 0.153918
Epoch [29/117], Total Loss: 2.5984, NLL: 1.7919, Masked: 2.3428, Reg: 0.151344
Epoch [30/117], Total Loss: 2.6018, NLL: 1.7922, Masked: 2.3432, Reg: 0.154312
Epoch [31/117], Total Loss: 2.6134, NLL: 1.7926, Masked: 2.3438, Reg: 0.165324
Epoch [32/117], Total Loss: 2.6155, NLL: 1.7927, Masked: 2.3461, Reg: 0.166671
Epoch [33/117], Total Loss: 2.6117, NLL: 1.7921, Masked: 2.3443, Reg: 0.163962
Epoch [34/117], Total Loss: 2.6008, NLL: 1.7916, Masked: 2.3426, Reg: 0.154095
Epoch [35/117], Total Loss: 2.6086, NLL: 1.7919, Masked: 2.3479, Reg: 0.160126
Epoch [36/117], Total Loss: 2.6060, NLL: 1.7920, Masked: 2.3436, Reg: 0.158609
Epoch [37/117], Total Loss: 2.6125, NLL: 1.7933, Masked: 2.3469, Reg: 0.162868
Epoch [38/117], Total Loss: 2.6195, NLL: 1.7940, Masked: 2.3490, Reg: 0.168539
Epoch [39/117], Total Loss: 2.6005, NLL: 1.7925, Masked: 2.3421, Reg: 0.153058
Epoch [40/117], Total Loss: 2.6015, NLL: 1.7918, Masked: 2.3410, Reg: 0.155098
Epoch [41/117], Total Loss: 2.6170, NLL: 1.7926, Masked: 2.3455, Reg: 0.168428
Epoch [42/117], Total Loss: 2.6203, NLL: 1.7939, Masked: 2.3493, Reg: 0.169373
Epoch [43/117], Total Loss: 2.6047, NLL: 1.7919, Masked: 2.3447, Reg: 0.157054
Epoch [44/117], Total Loss: 2.6123, NLL: 1.7928, Masked: 2.3481, Reg: 0.162848
Epoch [45/117], Total Loss: 2.6071, NLL: 1.7924, Masked: 2.3444, Reg: 0.159137
Epoch [46/117], Total Loss: 2.6031, NLL: 1.7931, Masked: 2.3445, Reg: 0.154311
Epoch [47/117], Total Loss: 2.6022, NLL: 1.7918, Masked: 2.3424, Reg: 0.155330
Epoch [48/117], Total Loss: 2.6096, NLL: 1.7923, Masked: 2.3427, Reg: 0.162151
Epoch [49/117], Total Loss: 2.6071, NLL: 1.7930, Masked: 2.3467, Reg: 0.157902
Epoch [50/117], Total Loss: 2.6015, NLL: 1.7923, Masked: 2.3441, Reg: 0.153593
Epoch [51/117], Total Loss: 2.6196, NLL: 1.7947, Masked: 2.3544, Reg: 0.166415
Epoch [52/117], Total Loss: 2.6145, NLL: 1.7928, Masked: 2.3447, Reg: 0.166036
Epoch [53/117], Total Loss: 2.6070, NLL: 1.7927, Masked: 2.3453, Reg: 0.158489
Epoch [54/117], Total Loss: 2.6085, NLL: 1.7921, Masked: 2.3416, Reg: 0.161509
Epoch [55/117], Total Loss: 2.6065, NLL: 1.7925, Masked: 2.3439, Reg: 0.158518
Epoch [56/117], Total Loss: 2.6335, NLL: 1.7954, Masked: 2.3536, Reg: 0.179951
Epoch [57/117], Total Loss: 2.6143, NLL: 1.7940, Masked: 2.3443, Reg: 0.164790
Epoch [58/117], Total Loss: 2.6042, NLL: 1.7934, Masked: 2.3447, Reg: 0.155063
Epoch [59/117], Total Loss: 2.6023, NLL: 1.7935, Masked: 2.3434, Reg: 0.153368
Epoch [60/117], Total Loss: 2.6026, NLL: 1.7919, Masked: 2.3449, Reg: 0.154969
Epoch [61/117], Total Loss: 2.6031, NLL: 1.7930, Masked: 2.3478, Reg: 0.153564
Epoch [62/117], Total Loss: 2.6131, NLL: 1.7932, Masked: 2.3447, Reg: 0.164185
Epoch [63/117], Total Loss: 2.5979, NLL: 1.7921, Masked: 2.3422, Reg: 0.150863
Epoch [64/117], Total Loss: 2.6095, NLL: 1.7929, Masked: 2.3450, Reg: 0.160868
Epoch [65/117], Total Loss: 2.6060, NLL: 1.7926, Masked: 2.3453, Reg: 0.157543
Epoch [66/117], Total Loss: 2.6143, NLL: 1.7940, Masked: 2.3462, Reg: 0.164168
Epoch [67/117], Total Loss: 2.6144, NLL: 1.7950, Masked: 2.3501, Reg: 0.162126
Epoch [68/117], Total Loss: 2.6132, NLL: 1.7930, Masked: 2.3473, Reg: 0.163789
Epoch [69/117], Total Loss: 2.6061, NLL: 1.7937, Masked: 2.3468, Reg: 0.156100
Epoch [70/117], Total Loss: 2.6019, NLL: 1.7921, Masked: 2.3422, Reg: 0.154867
Epoch [71/117], Total Loss: 2.6005, NLL: 1.7919, Masked: 2.3433, Reg: 0.153329
Epoch [72/117], Total Loss: 2.5991, NLL: 1.7922, Masked: 2.3443, Reg: 0.151343
Epoch [73/117], Total Loss: 2.6002, NLL: 1.7917, Masked: 2.3426, Reg: 0.153378
Epoch [74/117], Total Loss: 2.6095, NLL: 1.7938, Masked: 2.3481, Reg: 0.159027
Epoch [75/117], Total Loss: 2.6058, NLL: 1.7928, Masked: 2.3455, Reg: 0.157135
Epoch [76/117], Total Loss: 2.6061, NLL: 1.7927, Masked: 2.3445, Reg: 0.157787
Epoch [77/117], Total Loss: 2.6116, NLL: 1.7933, Masked: 2.3452, Reg: 0.162503
Epoch [78/117], Total Loss: 2.6050, NLL: 1.7933, Masked: 2.3487, Reg: 0.154848
Epoch [79/117], Total Loss: 2.6146, NLL: 1.7942, Masked: 2.3469, Reg: 0.164157
Epoch [80/117], Total Loss: 2.6046, NLL: 1.7926, Masked: 2.3444, Reg: 0.156388
Epoch [81/117], Total Loss: 2.6118, NLL: 1.7930, Masked: 2.3445, Reg: 0.163089
Epoch [82/117], Total Loss: 2.6037, NLL: 1.7920, Masked: 2.3446, Reg: 0.156009
Epoch [83/117], Total Loss: 2.6085, NLL: 1.7935, Masked: 2.3477, Reg: 0.158522
Epoch [84/117], Total Loss: 2.6094, NLL: 1.7938, Masked: 2.3480, Reg: 0.159073
Epoch [85/117], Total Loss: 2.6237, NLL: 1.7962, Masked: 2.3524, Reg: 0.169697
Epoch [86/117], Total Loss: 2.6178, NLL: 1.7945, Masked: 2.3495, Reg: 0.166282
Epoch [87/117], Total Loss: 2.6024, NLL: 1.7923, Masked: 2.3439, Reg: 0.154652
Epoch [88/117], Total Loss: 2.6047, NLL: 1.7932, Masked: 2.3473, Reg: 0.155105
Epoch [89/117], Total Loss: 2.6095, NLL: 1.7937, Masked: 2.3469, Reg: 0.159524
Epoch [90/117], Total Loss: 2.6056, NLL: 1.7928, Masked: 2.3472, Reg: 0.156392
Epoch [91/117], Total Loss: 2.6113, NLL: 1.7931, Masked: 2.3456, Reg: 0.162194
Epoch [92/117], Total Loss: 2.6064, NLL: 1.7928, Masked: 2.3443, Reg: 0.157993
Epoch [93/117], Total Loss: 2.6021, NLL: 1.7924, Masked: 2.3435, Reg: 0.154384
Epoch [94/117], Total Loss: 2.6111, NLL: 1.7933, Masked: 2.3488, Reg: 0.160955
Epoch [95/117], Total Loss: 2.6222, NLL: 1.7944, Masked: 2.3474, Reg: 0.171341
Epoch [96/117], Total Loss: 2.6088, NLL: 1.7919, Masked: 2.3451, Reg: 0.161157
Epoch [97/117], Total Loss: 2.6038, NLL: 1.7921, Masked: 2.3445, Reg: 0.156092
Epoch [98/117], Total Loss: 2.6067, NLL: 1.7929, Masked: 2.3478, Reg: 0.157224
Epoch [99/117], Total Loss: 2.6081, NLL: 1.7939, Masked: 2.3467, Reg: 0.157981
Epoch [100/117], Total Loss: 2.6151, NLL: 1.7943, Masked: 2.3494, Reg: 0.163734
Epoch [101/117], Total Loss: 2.6108, NLL: 1.7938, Masked: 2.3489, Reg: 0.160112
Epoch [102/117], Total Loss: 2.6099, NLL: 1.7927, Masked: 2.3475, Reg: 0.160716
Epoch [103/117], Total Loss: 2.6056, NLL: 1.7923, Masked: 2.3440, Reg: 0.157820
Epoch [104/117], Total Loss: 2.6047, NLL: 1.7922, Masked: 2.3452, Reg: 0.156713
Epoch [105/117], Total Loss: 2.6036, NLL: 1.7929, Masked: 2.3459, Reg: 0.154737
Epoch [106/117], Total Loss: 2.6046, NLL: 1.7929, Masked: 2.3465, Reg: 0.155550
Epoch [107/117], Total Loss: 2.6055, NLL: 1.7927, Masked: 2.3428, Reg: 0.157612
Epoch [108/117], Total Loss: 2.6284, NLL: 1.7964, Masked: 2.3515, Reg: 0.174379
Epoch [109/117], Total Loss: 2.6201, NLL: 1.7936, Masked: 2.3477, Reg: 0.169979
Epoch [110/117], Total Loss: 2.6349, NLL: 1.7955, Masked: 2.3502, Reg: 0.182117
Epoch [111/117], Total Loss: 2.6225, NLL: 1.7947, Masked: 2.3487, Reg: 0.171053
Epoch [112/117], Total Loss: 2.6114, NLL: 1.7944, Masked: 2.3492, Reg: 0.160122
Epoch [113/117], Total Loss: 2.6171, NLL: 1.7950, Masked: 2.3497, Reg: 0.164971
Epoch [114/117], Total Loss: 2.6106, NLL: 1.7938, Masked: 2.3456, Reg: 0.160855
Epoch [115/117], Total Loss: 2.6191, NLL: 1.7955, Masked: 2.3491, Reg: 0.166631
Epoch [116/117], Total Loss: 2.6220, NLL: 1.7964, Masked: 2.3536, Reg: 0.167421
Epoch [117/117], Total Loss: 2.6092, NLL: 1.7937, Masked: 2.3488, Reg: 0.158666

==================================================
EVALUATING ON TRAINING DATA
==================================================

==================================================
TEST RESULTS
==================================================
Total Loss: 2.569753
  - ZINB NLL: 1.768138
Total number of masked values: 12086513
  - Number of values with pi >= 0.30031150633640574: 0
  - Number of values with pi < 0.30031150633640574: 12086513
  - Masked Reconstruction: 2.294054
  - Regularization: 0.160086
Mean Absolute Error (MAE): 2.093017
R² Score: 0.182879
==================================================


==================================================
TEST RESULTS
==================================================
Total Loss: 2.573073
  - ZINB NLL: 1.781988
Total number of masked values: 6084526
  - Number of values with pi >= 0.30031150633640574: 0
  - Number of values with pi < 0.30031150633640574: 6084526
  - Masked Reconstruction: 2.256397
  - Regularization: 0.160086
Mean Absolute Error (MAE): 2.146457
R² Score: 0.173425
==================================================


>>> Optimizing zinb_nll on VALIDATION set: 1.781988
>>> Full validation metrics: {'total_loss': 2.5730730468514538, 'zinb_nll': 1.7819882976451271, 'mae': 2.1464574337005615, 'r2': 0.1734253168106079, 'masked_loss': 2.2563971495347688, 'reg_loss': 0.1600864902008539}

Iteration No: 1 ended. Evaluation done at random point.
Time taken: 944.3781
Function value obtained: 1.7820
Current minimum: 1.7820
Iteration No: 2 started. Evaluating function at random point.

================================================================================
Trial with parameters:
  features: Centr
  step_size: 0.5498957287864417
  bin_size: 3
  sample_fraction: 0.9803166391310946
  moving_average: True
  first_layer_size_factor: 13
  num_layers: 3
  use_conv: True
  conv_channel: 126
  pool_size: 5
  kernel_size: 9
  epochs: 112
  batch_size: 64
  pi_threshold: 0.3053059844639466
  learning_rate: 0.006708188643346291
  dropout_rate: 0.2816441089227697
  masked_recon_weight: 0.034806953267852735
  regularizer: l1
  regularization_weight: 0.0004132917911457906
================================================================================

len(layers): 3
Creating datasets with:
  features: ['Centr']
  bin_size: 3
  moving_average: True
  data_point_length: 2000 (from 2000)
  step_size: 1099 (from fraction 0.5498957287864417)
  layers: [np.int64(208), np.int64(104), np.int64(52)] (first=208, num=3)
  stride: 1 (fixed), padding: same (fixed)
  Using pre-determined chromosome split


Clipping outliers using 95th percentile * 1.5...
strain_yTW001: Clipping values above 134.25 (P95=89.50). Clipped 27529/1193409 values (2.31%)
strain_FD: Clipping values above 71.92 (P95=47.94). Clipped 95791/4127807 values (2.32%)
strain_dnrp: Clipping values above 243.00 (P95=162.00). Clipped 25649/1119454 values (2.29%)
strain_yEK19: Clipping values above 77.10 (P95=51.40). Clipped 83713/3893623 values (2.15%)
strain_yEK23: Clipping values above 72.00 (P95=48.00). Clipped 86381/3558407 values (2.43%)
strain_yWT03a: Clipping values above 15.00 (P95=10.00). Clipped 10602/347679 values (3.05%)
strain_yWT04a: Clipping values above 58.50 (P95=39.00). Clipped 21095/725406 values (2.91%)
strain_ylic137: Clipping values above 142.50 (P95=95.00). Clipped 28746/1112684 values (2.58%)

Splitting data using pre-determined chromosomes...
Standardizing features: ['Centr']
Column order in final array (Dataset/Chrom split): ['Value', 'Centromere_Distance', 'Value_Raw', 'Size_Factor']
Removing 0 empty data points out of 50456
Column order in final array (Dataset/Chrom split): ['Value', 'Centromere_Distance', 'Value_Raw', 'Size_Factor']
Removing 0 empty data points out of 17744
Column order in final array (Dataset/Chrom split): ['Value', 'Centromere_Distance', 'Value_Raw', 'Size_Factor']
Removing 0 empty data points out of 19640
Datasets created with shapes:
  Train: (50456, 2000, 4)
  Val: (17744, 2000, 4)
  Test: (19640, 2000, 4)
Datasets created:
  Train: (50456, 2000, 4), Val: (17744, 2000, 4), Test: (19640, 2000, 4)

Randomly sampled 49462/50456 samples (98.0%)
Applied denoising with 15.0% masking
Applied denoising with 15.0% masking
Applied denoising with 15.0% masking
Number of encoder layers: 3
Number of decoder layers (excluding heads): 3
Total number of layers including latent layer: 7
Epoch [1/112], Total Loss: 7.0837, NLL: 1.9096, Masked: 9.6834, Reg: 4.836996
Epoch [2/112], Total Loss: 6.3307, NLL: 1.8592, Masked: 6.5578, Reg: 4.243280
Epoch [3/112], Total Loss: 6.2378, NLL: 1.6780, Masked: 6.5562, Reg: 4.331551
Epoch [4/112], Total Loss: 6.1863, NLL: 1.6330, Masked: 6.5546, Reg: 4.325114
Epoch [5/112], Total Loss: 6.1596, NLL: 1.6142, Masked: 6.5577, Reg: 4.317112
Epoch [6/112], Total Loss: 6.1476, NLL: 1.6120, Masked: 6.5570, Reg: 4.307368
Epoch [7/112], Total Loss: 6.1441, NLL: 1.6113, Masked: 6.5591, Reg: 4.304528
Epoch [8/112], Total Loss: 6.1379, NLL: 1.6108, Masked: 6.5568, Reg: 4.298903
Epoch [9/112], Total Loss: 6.1398, NLL: 1.6118, Masked: 6.5571, Reg: 4.299708
Epoch [10/112], Total Loss: 6.1385, NLL: 1.6128, Masked: 6.5557, Reg: 4.297503
Epoch [11/112], Total Loss: 6.1335, NLL: 1.6108, Masked: 6.5575, Reg: 4.294382
Epoch [12/112], Total Loss: 6.1282, NLL: 1.6119, Masked: 6.5567, Reg: 4.288114
Epoch [13/112], Total Loss: 6.1258, NLL: 1.6122, Masked: 6.5564, Reg: 4.285380
Epoch [14/112], Total Loss: 6.1265, NLL: 1.6131, Masked: 6.5542, Reg: 4.285335
Epoch [15/112], Total Loss: 6.1241, NLL: 1.6117, Masked: 6.5569, Reg: 4.284152
Epoch [16/112], Total Loss: 6.1224, NLL: 1.6132, Masked: 6.5524, Reg: 4.281162
Epoch [17/112], Total Loss: 6.1179, NLL: 1.6118, Masked: 6.5526, Reg: 4.278017
Epoch [18/112], Total Loss: 6.1160, NLL: 1.6112, Masked: 6.5568, Reg: 4.276508
Epoch [19/112], Total Loss: 6.1131, NLL: 1.6113, Masked: 6.5545, Reg: 4.273639
Epoch [20/112], Total Loss: 6.1105, NLL: 1.6123, Masked: 6.5550, Reg: 4.270011
Epoch [21/112], Total Loss: 6.1088, NLL: 1.6118, Masked: 6.5570, Reg: 4.268824
Epoch [22/112], Total Loss: 6.1093, NLL: 1.6109, Masked: 6.5552, Reg: 4.270278
Epoch [23/112], Total Loss: 6.1083, NLL: 1.6118, Masked: 6.5593, Reg: 4.268184
Epoch [24/112], Total Loss: 6.1050, NLL: 1.6121, Masked: 6.5564, Reg: 4.264724
Epoch [25/112], Total Loss: 6.1028, NLL: 1.6124, Masked: 6.5588, Reg: 4.262122
Epoch [26/112], Total Loss: 6.1044, NLL: 1.6126, Masked: 6.5557, Reg: 4.263651
Epoch [27/112], Total Loss: 6.1005, NLL: 1.6117, Masked: 6.5565, Reg: 4.260609
Epoch [28/112], Total Loss: 6.1003, NLL: 1.6120, Masked: 6.5541, Reg: 4.260097
Epoch [29/112], Total Loss: 6.0970, NLL: 1.6127, Masked: 6.5539, Reg: 4.256109
Epoch [30/112], Total Loss: 6.0960, NLL: 1.6114, Masked: 6.5560, Reg: 4.256479
Epoch [31/112], Total Loss: 6.0973, NLL: 1.6134, Masked: 6.5591, Reg: 4.255579
Epoch [32/112], Total Loss: 6.0951, NLL: 1.6128, Masked: 6.5574, Reg: 4.253991
Epoch [33/112], Total Loss: 6.0972, NLL: 1.6112, Masked: 6.5580, Reg: 4.257776
Epoch [34/112], Total Loss: 6.0973, NLL: 1.6109, Masked: 6.5556, Reg: 4.258210
Epoch [35/112], Total Loss: 6.0993, NLL: 1.6112, Masked: 6.5588, Reg: 4.259788
Epoch [36/112], Total Loss: 6.0991, NLL: 1.6111, Masked: 6.5571, Reg: 4.259773
Epoch [37/112], Total Loss: 6.1032, NLL: 1.6132, Masked: 6.5556, Reg: 4.261864
Epoch [38/112], Total Loss: 6.1055, NLL: 1.6123, Masked: 6.5574, Reg: 4.264972
Epoch [39/112], Total Loss: 6.1061, NLL: 1.6120, Masked: 6.5570, Reg: 4.265926
Epoch [40/112], Total Loss: 6.1105, NLL: 1.6127, Masked: 6.5572, Reg: 4.269571
Epoch [41/112], Total Loss: 6.1120, NLL: 1.6119, Masked: 6.5539, Reg: 4.271920
Epoch [42/112], Total Loss: 6.1134, NLL: 1.6113, Masked: 6.5596, Reg: 4.273829
Epoch [43/112], Total Loss: 6.1196, NLL: 1.6112, Masked: 6.5588, Reg: 4.280057
Epoch [44/112], Total Loss: 6.1224, NLL: 1.6124, Masked: 6.5568, Reg: 4.281740
Epoch [45/112], Total Loss: 6.1312, NLL: 1.6120, Masked: 6.5582, Reg: 4.290904
Epoch [46/112], Total Loss: 6.1333, NLL: 1.6110, Masked: 6.5531, Reg: 4.294241
Epoch [47/112], Total Loss: 6.1370, NLL: 1.6119, Masked: 6.5553, Reg: 4.296934
Epoch [48/112], Total Loss: 6.1399, NLL: 1.6123, Masked: 6.5536, Reg: 4.299445
Epoch [49/112], Total Loss: 6.1421, NLL: 1.6118, Masked: 6.5514, Reg: 4.302286
Epoch [50/112], Total Loss: 6.1467, NLL: 1.6119, Masked: 6.5571, Reg: 4.306547
Epoch [51/112], Total Loss: 6.1482, NLL: 1.6113, Masked: 6.5580, Reg: 4.308590
Epoch [52/112], Total Loss: 6.1523, NLL: 1.6126, Masked: 6.5583, Reg: 4.311406
Epoch [53/112], Total Loss: 6.1517, NLL: 1.6112, Masked: 6.5552, Reg: 4.312321
Epoch [54/112], Total Loss: 6.1531, NLL: 1.6130, Masked: 6.5602, Reg: 4.311790
Epoch [55/112], Total Loss: 6.1513, NLL: 1.6116, Masked: 6.5564, Reg: 4.311523
Epoch [56/112], Total Loss: 6.1518, NLL: 1.6124, Masked: 6.5605, Reg: 4.311034
Epoch [57/112], Total Loss: 6.1518, NLL: 1.6119, Masked: 6.5587, Reg: 4.311595
Epoch [58/112], Total Loss: 6.1536, NLL: 1.6119, Masked: 6.5548, Reg: 4.313517
Epoch [59/112], Total Loss: 6.1509, NLL: 1.6114, Masked: 6.5551, Reg: 4.311369
Epoch [60/112], Total Loss: 6.1522, NLL: 1.6115, Masked: 6.5535, Reg: 4.312667
Epoch [61/112], Total Loss: 6.1530, NLL: 1.6113, Masked: 6.5561, Reg: 4.313460
Epoch [62/112], Total Loss: 6.1561, NLL: 1.6123, Masked: 6.5566, Reg: 4.315566
Epoch [63/112], Total Loss: 6.1568, NLL: 1.6119, Masked: 6.5554, Reg: 4.316681
Epoch [64/112], Total Loss: 6.1573, NLL: 1.6119, Masked: 6.5560, Reg: 4.317242
Epoch [65/112], Total Loss: 6.1576, NLL: 1.6124, Masked: 6.5584, Reg: 4.316880
Epoch [66/112], Total Loss: 6.1591, NLL: 1.6123, Masked: 6.5536, Reg: 4.318636
Epoch [67/112], Total Loss: 6.1579, NLL: 1.6125, Masked: 6.5569, Reg: 4.317151
Epoch [68/112], Total Loss: 6.1590, NLL: 1.6124, Masked: 6.5550, Reg: 4.318470
Epoch [69/112], Total Loss: 6.1588, NLL: 1.6125, Masked: 6.5531, Reg: 4.318225
Epoch [70/112], Total Loss: 6.1600, NLL: 1.6118, Masked: 6.5553, Reg: 4.320064
Epoch [71/112], Total Loss: 6.1590, NLL: 1.6118, Masked: 6.5550, Reg: 4.318985
Epoch [72/112], Total Loss: 6.1539, NLL: 1.6119, Masked: 6.5556, Reg: 4.313876
Epoch [73/112], Total Loss: 6.1560, NLL: 1.6127, Masked: 6.5566, Reg: 4.315070
Epoch [74/112], Total Loss: 6.1543, NLL: 1.6124, Masked: 6.5558, Reg: 4.313789
Epoch [75/112], Total Loss: 6.1561, NLL: 1.6127, Masked: 6.5537, Reg: 4.315255
Epoch [76/112], Total Loss: 6.1549, NLL: 1.6123, Masked: 6.5575, Reg: 4.314333
Epoch [77/112], Total Loss: 6.1525, NLL: 1.6118, Masked: 6.5569, Reg: 4.312485
Epoch [78/112], Total Loss: 6.1521, NLL: 1.6108, Masked: 6.5559, Reg: 4.313180
Epoch [79/112], Total Loss: 6.1517, NLL: 1.6110, Masked: 6.5581, Reg: 4.312370
Epoch [80/112], Total Loss: 6.1496, NLL: 1.6122, Masked: 6.5568, Reg: 4.309207
Epoch [81/112], Total Loss: 6.1526, NLL: 1.6131, Masked: 6.5556, Reg: 4.311252
Epoch [82/112], Total Loss: 6.1501, NLL: 1.6111, Masked: 6.5559, Reg: 4.310734
Epoch [83/112], Total Loss: 6.1525, NLL: 1.6115, Masked: 6.5601, Reg: 4.312679
Epoch [84/112], Total Loss: 6.1495, NLL: 1.6121, Masked: 6.5592, Reg: 4.309037
Epoch [85/112], Total Loss: 6.1495, NLL: 1.6129, Masked: 6.5598, Reg: 4.308352
Epoch [86/112], Total Loss: 6.1505, NLL: 1.6125, Masked: 6.5562, Reg: 4.309851
Epoch [87/112], Total Loss: 6.1482, NLL: 1.6126, Masked: 6.5558, Reg: 4.307392
Epoch [88/112], Total Loss: 6.1460, NLL: 1.6123, Masked: 6.5542, Reg: 4.305575
Epoch [89/112], Total Loss: 6.1407, NLL: 1.6116, Masked: 6.5544, Reg: 4.301011
Epoch [90/112], Total Loss: 6.1390, NLL: 1.6119, Masked: 6.5540, Reg: 4.298939
Epoch [91/112], Total Loss: 6.1364, NLL: 1.6120, Masked: 6.5558, Reg: 4.296261
Epoch [92/112], Total Loss: 6.1309, NLL: 1.6109, Masked: 6.5540, Reg: 4.291913
Epoch [93/112], Total Loss: 6.1306, NLL: 1.6121, Masked: 6.5561, Reg: 4.290285
Epoch [94/112], Total Loss: 6.1292, NLL: 1.6127, Masked: 6.5588, Reg: 4.288271
Epoch [95/112], Total Loss: 6.1238, NLL: 1.6120, Masked: 6.5583, Reg: 4.283531
Epoch [96/112], Total Loss: 6.1183, NLL: 1.6110, Masked: 6.5576, Reg: 4.279013
Epoch [97/112], Total Loss: 6.1159, NLL: 1.6122, Masked: 6.5571, Reg: 4.275461
Epoch [98/112], Total Loss: 6.1150, NLL: 1.6116, Masked: 6.5552, Reg: 4.275192
Epoch [99/112], Total Loss: 6.1105, NLL: 1.6109, Masked: 6.5575, Reg: 4.271364
Epoch [100/112], Total Loss: 6.1115, NLL: 1.6117, Masked: 6.5539, Reg: 4.271712
Epoch [101/112], Total Loss: 6.1075, NLL: 1.6121, Masked: 6.5569, Reg: 4.267231
Epoch [102/112], Total Loss: 6.1048, NLL: 1.6117, Masked: 6.5563, Reg: 4.264888
Epoch [103/112], Total Loss: 6.1016, NLL: 1.6116, Masked: 6.5546, Reg: 4.261850
Epoch [104/112], Total Loss: 6.0993, NLL: 1.6122, Masked: 6.5573, Reg: 4.258874
Epoch [105/112], Total Loss: 6.1008, NLL: 1.6129, Masked: 6.5570, Reg: 4.259734
Epoch [106/112], Total Loss: 6.0990, NLL: 1.6127, Masked: 6.5603, Reg: 4.257964
Epoch [107/112], Total Loss: 6.0978, NLL: 1.6118, Masked: 6.5562, Reg: 4.257838
Epoch [108/112], Total Loss: 6.0949, NLL: 1.6108, Masked: 6.5566, Reg: 4.255896
Epoch [109/112], Total Loss: 6.0967, NLL: 1.6114, Masked: 6.5583, Reg: 4.257018
Epoch [110/112], Total Loss: 6.0990, NLL: 1.6117, Masked: 6.5562, Reg: 4.259176
Epoch [111/112], Total Loss: 6.0993, NLL: 1.6117, Masked: 6.5589, Reg: 4.259315
Epoch [112/112], Total Loss: 6.1013, NLL: 1.6114, Masked: 6.5587, Reg: 4.261685

==================================================
EVALUATING ON TRAINING DATA
==================================================

==================================================
TEST RESULTS
==================================================
Total Loss: 5.243751
  - ZINB NLL: 1.568331
Total number of masked values: 4957501
  - Number of values with pi >= 0.3053059844639466: 4957501
  - Number of values with pi < 0.3053059844639466: 0
  - Masked Reconstruction: 6.556900
  - Regularization: 3.447194
Mean Absolute Error (MAE): 2.200479
R² Score: -0.091588
==================================================


==================================================
TEST RESULTS
==================================================
Total Loss: 5.258841
  - ZINB NLL: 1.583001
Total number of masked values: 1785511
  - Number of values with pi >= 0.3053059844639466: 1785511
  - Number of values with pi < 0.3053059844639466: 0
  - Masked Reconstruction: 6.568959
  - Regularization: 3.447194
Mean Absolute Error (MAE): 2.282773
R² Score: -0.087247
==================================================


>>> Optimizing zinb_nll on VALIDATION set: 1.583001
>>> Full validation metrics: {'total_loss': 5.258840733761181, 'zinb_nll': 1.5830009573746415, 'mae': 2.28277325630188, 'r2': -0.08724749088287354, 'masked_loss': 6.568959270972621, 'reg_loss': 3.447194180999393}

Iteration No: 2 ended. Evaluation done at random point.
Time taken: 1399.2088
Function value obtained: 1.5830
Current minimum: 1.5830
Iteration No: 3 started. Evaluating function at random point.

================================================================================
Trial with parameters:
  features: Centr_Nucl
  step_size: 0.7624476391190937
  bin_size: 31
  sample_fraction: 0.8748961838021234
  moving_average: True
  first_layer_size_factor: 42
  num_layers: 2
  use_conv: False
  conv_channel: 64
  pool_size: 3
  kernel_size: 7
  epochs: 34
  batch_size: 128
  pi_threshold: 0.47990165334790624
  learning_rate: 0.0001532677239138411
  dropout_rate: 0.4633294328968972
  masked_recon_weight: 0.8111253665497065
  regularizer: l1
  regularization_weight: 0.09842554332336143
================================================================================

len(layers): 2
Creating datasets with:
  features: ['Centr', 'Nucl']
  bin_size: 31
  moving_average: True
  data_point_length: 2000 (from 2000)
  step_size: 1524 (from fraction 0.7624476391190937)
  layers: [np.int64(672), np.int64(336)] (first=672, num=2)
  stride: 1 (fixed), padding: same (fixed)
  Using pre-determined chromosome split


Clipping outliers using 95th percentile * 1.5...
strain_yTW001: Clipping values above 134.25 (P95=89.50). Clipped 27529/1193409 values (2.31%)
strain_FD: Clipping values above 71.92 (P95=47.94). Clipped 95791/4127807 values (2.32%)
strain_dnrp: Clipping values above 243.00 (P95=162.00). Clipped 25649/1119454 values (2.29%)
strain_yEK19: Clipping values above 77.10 (P95=51.40). Clipped 83713/3893623 values (2.15%)
strain_yEK23: Clipping values above 72.00 (P95=48.00). Clipped 86381/3558407 values (2.43%)
strain_yWT03a: Clipping values above 15.00 (P95=10.00). Clipped 10602/347679 values (3.05%)
strain_yWT04a: Clipping values above 58.50 (P95=39.00). Clipped 21095/725406 values (2.91%)
strain_ylic137: Clipping values above 142.50 (P95=95.00). Clipped 28746/1112684 values (2.58%)

Splitting data using pre-determined chromosomes...
Standardizing features: ['Centr', 'Nucl']
Column order in final array (Dataset/Chrom split): ['Value', 'Nucleosome_Distance', 'Centromere_Distance', 'Value_Raw', 'Size_Factor']
Removing 0 empty data points out of 36416
Column order in final array (Dataset/Chrom split): ['Value', 'Nucleosome_Distance', 'Centromere_Distance', 'Value_Raw', 'Size_Factor']
Removing 0 empty data points out of 12800
Column order in final array (Dataset/Chrom split): ['Value', 'Nucleosome_Distance', 'Centromere_Distance', 'Value_Raw', 'Size_Factor']
Removing 0 empty data points out of 14176
Datasets created with shapes:
  Train: (36416, 2000, 5)
  Val: (12800, 2000, 5)
  Test: (14176, 2000, 5)
Datasets created:
  Train: (36416, 2000, 5), Val: (12800, 2000, 5), Test: (14176, 2000, 5)

Randomly sampled 31860/36416 samples (87.5%)
Applied denoising with 15.0% masking
Applied denoising with 15.0% masking
Applied denoising with 15.0% masking
Number of encoder layers: 2
Number of decoder layers (excluding heads): 2
Total number of layers including latent layer: 5
Epoch [1/34], Total Loss: 1406.8989, NLL: 3.0172, Masked: 28.6014, Reg: 1380.682323
Epoch [2/34], Total Loss: 453.8093, NLL: 3.0167, Masked: 28.5961, Reg: 427.597616
Epoch [3/34], Total Loss: 417.2818, NLL: 3.0162, Masked: 28.6033, Reg: 391.064717
Epoch [4/34], Total Loss: 409.7587, NLL: 3.0159, Masked: 28.6029, Reg: 383.542238
Epoch [5/34], Total Loss: 402.2409, NLL: 3.0157, Masked: 28.5974, Reg: 376.029175
Epoch [6/34], Total Loss: 394.7259, NLL: 3.0156, Masked: 28.6014, Reg: 368.511033
Epoch [7/34], Total Loss: 387.2104, NLL: 3.0156, Masked: 28.6031, Reg: 360.994045
Epoch [8/34], Total Loss: 379.6937, NLL: 3.0157, Masked: 28.5980, Reg: 353.481422
Epoch [9/34], Total Loss: 372.1772, NLL: 3.0160, Masked: 28.6000, Reg: 345.963087
Epoch [10/34], Total Loss: 364.6638, NLL: 3.0164, Masked: 28.6034, Reg: 338.446426
Epoch [11/34], Total Loss: 357.1510, NLL: 3.0169, Masked: 28.6024, Reg: 330.933937
Epoch [12/34], Total Loss: 349.6307, NLL: 3.0176, Masked: 28.6002, Reg: 323.414679
Epoch [13/34], Total Loss: 342.1192, NLL: 3.0185, Masked: 28.6020, Reg: 315.900928
Epoch [14/34], Total Loss: 334.5989, NLL: 3.0194, Masked: 28.5979, Reg: 308.383033
Epoch [15/34], Total Loss: 327.0927, NLL: 3.0206, Masked: 28.6045, Reg: 300.870341
Epoch [16/34], Total Loss: 319.5714, NLL: 3.0219, Masked: 28.5992, Reg: 293.351877
Epoch [17/34], Total Loss: 312.0608, NLL: 3.0234, Masked: 28.6016, Reg: 285.837817
Epoch [18/34], Total Loss: 304.5508, NLL: 3.0251, Masked: 28.6062, Reg: 278.322400
Epoch [19/34], Total Loss: 297.0312, NLL: 3.0270, Masked: 28.5977, Reg: 270.807908
Epoch [20/34], Total Loss: 289.5194, NLL: 3.0290, Masked: 28.6001, Reg: 263.292153
Epoch [21/34], Total Loss: 282.0058, NLL: 3.0313, Masked: 28.5989, Reg: 255.777152
Epoch [22/34], Total Loss: 274.4930, NLL: 3.0337, Masked: 28.5999, Reg: 248.261156
Epoch [23/34], Total Loss: 266.9825, NLL: 3.0364, Masked: 28.6029, Reg: 240.745557
Epoch [24/34], Total Loss: 259.4718, NLL: 3.0393, Masked: 28.6023, Reg: 233.232478
Epoch [25/34], Total Loss: 251.9557, NLL: 3.0424, Masked: 28.5985, Reg: 225.716406
Epoch [26/34], Total Loss: 244.4494, NLL: 3.0457, Masked: 28.6053, Reg: 218.201160
Epoch [27/34], Total Loss: 236.9347, NLL: 3.0493, Masked: 28.6008, Reg: 210.686518
Epoch [28/34], Total Loss: 229.4298, NLL: 3.0531, Masked: 28.6048, Reg: 203.174581
Epoch [29/34], Total Loss: 221.9217, NLL: 3.0571, Masked: 28.6005, Reg: 195.665939
Epoch [30/34], Total Loss: 214.4119, NLL: 3.0614, Masked: 28.6036, Reg: 188.149370
Epoch [31/34], Total Loss: 206.9033, NLL: 3.0660, Masked: 28.5973, Reg: 180.641341
Epoch [32/34], Total Loss: 199.3953, NLL: 3.0708, Masked: 28.6001, Reg: 173.126293
Epoch [33/34], Total Loss: 191.8906, NLL: 3.0758, Masked: 28.6029, Reg: 165.614240
Epoch [34/34], Total Loss: 184.3810, NLL: 3.0812, Masked: 28.5995, Reg: 158.101952

==================================================
EVALUATING ON TRAINING DATA
==================================================

==================================================
TEST RESULTS
==================================================
Total Loss: 180.728926
  - ZINB NLL: 3.083991
Total number of masked values: 7362845
  - Number of values with pi >= 0.47990165334790624: 0
  - Number of values with pi < 0.47990165334790624: 7362845
  - Masked Reconstruction: 28.600231
  - Regularization: 154.446558
Mean Absolute Error (MAE): 26.343084
R² Score: -43.496265
==================================================


==================================================
TEST RESULTS
==================================================
Total Loss: 178.572938
  - ZINB NLL: 3.081197
Total number of masked values: 2954718
  - Number of values with pi >= 0.47990165334790624: 0
  - Number of values with pi < 0.47990165334790624: 2954718
  - Masked Reconstruction: 25.945655
  - Regularization: 154.446558
Mean Absolute Error (MAE): 26.278770
R² Score: -33.466469
==================================================


>>> Optimizing zinb_nll on VALIDATION set: 3.081197
>>> Full validation metrics: {'total_loss': 178.572938079834, 'zinb_nll': 3.0811969369649885, 'mae': 26.278770446777344, 'r2': -33.466468811035156, 'masked_loss': 25.94565486907959, 'reg_loss': 154.44655832010213}

Iteration No: 3 ended. Evaluation done at random point.
Time taken: 638.9683
Function value obtained: 3.0812
Current minimum: 1.5830
Iteration No: 4 started. Evaluating function at random point.

================================================================================
Trial with parameters:
  features: Centr
  step_size: 0.970879018262012
  bin_size: 42
  sample_fraction: 0.8104900826030357
  moving_average: False
  first_layer_size_factor: 60
  num_layers: 4
  use_conv: False
  conv_channel: 47
  pool_size: 4
  kernel_size: 3
  epochs: 32
  batch_size: 64
  pi_threshold: 0.4579526072702279
  learning_rate: 7.593893885357795e-05
  dropout_rate: 0.00703991135754223
  masked_recon_weight: 0.006242659053860573
  regularizer: none
  regularization_weight: 3.398042322726326
================================================================================

len(layers): 4
Creating datasets with:
  features: ['Centr']
  bin_size: 42
  moving_average: False
  data_point_length: 2000 (from 2000)
  step_size: 1941 (from fraction 0.970879018262012)
  layers: [np.int64(960), np.int64(480), np.int64(240), np.int64(120)] (first=960, num=4)
  stride: 1 (fixed), padding: same (fixed)
  Using pre-determined chromosome split


Clipping outliers using 95th percentile * 1.5...
strain_yTW001: Clipping values above 134.25 (P95=89.50). Clipped 27529/1193409 values (2.31%)
strain_FD: Clipping values above 71.92 (P95=47.94). Clipped 95791/4127807 values (2.32%)
strain_dnrp: Clipping values above 243.00 (P95=162.00). Clipped 25649/1119454 values (2.29%)
strain_yEK19: Clipping values above 77.10 (P95=51.40). Clipped 83713/3893623 values (2.15%)
strain_yEK23: Clipping values above 72.00 (P95=48.00). Clipped 86381/3558407 values (2.43%)
strain_yWT03a: Clipping values above 15.00 (P95=10.00). Clipped 10602/347679 values (3.05%)
strain_yWT04a: Clipping values above 58.50 (P95=39.00). Clipped 21095/725406 values (2.91%)
strain_ylic137: Clipping values above 142.50 (P95=95.00). Clipped 28746/1112684 values (2.58%)

Splitting data using pre-determined chromosomes...
Standardizing features: ['Centr']
Column order in final array (Dataset/Chrom split): ['Value', 'Centromere_Distance', 'Value_Raw', 'Size_Factor']
Removing 0 empty data points out of 720
Column order in final array (Dataset/Chrom split): ['Value', 'Centromere_Distance', 'Value_Raw', 'Size_Factor']
Removing 0 empty data points out of 248
Column order in final array (Dataset/Chrom split): ['Value', 'Centromere_Distance', 'Value_Raw', 'Size_Factor']
Removing 0 empty data points out of 280
Datasets created with shapes:
  Train: (720, 2000, 4)
  Val: (248, 2000, 4)
  Test: (280, 2000, 4)
Datasets created:
  Train: (720, 2000, 4), Val: (248, 2000, 4), Test: (280, 2000, 4)

Randomly sampled 583/720 samples (81.0%)
Applied denoising with 15.0% masking
Applied denoising with 15.0% masking
Applied denoising with 15.0% masking
Number of encoder layers: 4
Number of decoder layers (excluding heads): 4
Total number of layers including latent layer: 9
Epoch [1/32], Total Loss: 3.2668, NLL: 3.0896, Masked: 28.3953
Epoch [2/32], Total Loss: 3.2521, NLL: 3.0778, Masked: 27.9145
Epoch [3/32], Total Loss: 3.2174, NLL: 3.0503, Masked: 26.7710
Epoch [4/32], Total Loss: 3.0656, NLL: 2.9262, Masked: 22.3346
Epoch [5/32], Total Loss: 2.4254, NLL: 2.3643, Masked: 9.7953
Epoch [6/32], Total Loss: 2.0745, NLL: 2.0549, Masked: 3.1423
Epoch [7/32], Total Loss: 2.0873, NLL: 2.0715, Masked: 2.5276
Epoch [8/32], Total Loss: 2.0377, NLL: 2.0214, Masked: 2.6102
Epoch [9/32], Total Loss: 2.0053, NLL: 1.9872, Masked: 2.9061
Epoch [10/32], Total Loss: 1.9921, NLL: 1.9742, Masked: 2.8740
Epoch [11/32], Total Loss: 1.9781, NLL: 1.9615, Masked: 2.6608
Epoch [12/32], Total Loss: 1.9688, NLL: 1.9513, Masked: 2.8047
Epoch [13/32], Total Loss: 1.9580, NLL: 1.9419, Masked: 2.5734
Epoch [14/32], Total Loss: 1.9456, NLL: 1.9286, Masked: 2.7197
Epoch [15/32], Total Loss: 1.9366, NLL: 1.9203, Masked: 2.6069
Epoch [16/32], Total Loss: 1.9308, NLL: 1.9138, Masked: 2.7238
Epoch [17/32], Total Loss: 1.9224, NLL: 1.9062, Masked: 2.5846
Epoch [18/32], Total Loss: 1.9161, NLL: 1.8997, Masked: 2.6229
Epoch [19/32], Total Loss: 1.9115, NLL: 1.8949, Masked: 2.6676
Epoch [20/32], Total Loss: 1.9085, NLL: 1.8923, Masked: 2.5817
Epoch [21/32], Total Loss: 1.9033, NLL: 1.8870, Masked: 2.5999
Epoch [22/32], Total Loss: 1.9001, NLL: 1.8837, Masked: 2.6200
Epoch [23/32], Total Loss: 1.9040, NLL: 1.8877, Masked: 2.6096
Epoch [24/32], Total Loss: 1.8994, NLL: 1.8834, Masked: 2.5679
Epoch [25/32], Total Loss: 1.8940, NLL: 1.8779, Masked: 2.5741
Epoch [26/32], Total Loss: 1.8891, NLL: 1.8731, Masked: 2.5719
Epoch [27/32], Total Loss: 1.8861, NLL: 1.8699, Masked: 2.5980
Epoch [28/32], Total Loss: 1.8871, NLL: 1.8711, Masked: 2.5512
Epoch [29/32], Total Loss: 1.8822, NLL: 1.8664, Masked: 2.5288
Epoch [30/32], Total Loss: 1.8822, NLL: 1.8663, Masked: 2.5367
Epoch [31/32], Total Loss: 1.8808, NLL: 1.8648, Masked: 2.5697
Epoch [32/32], Total Loss: 1.8800, NLL: 1.8640, Masked: 2.5649

==================================================
EVALUATING ON TRAINING DATA
==================================================

==================================================
TEST RESULTS
==================================================
Total Loss: 1.878604
  - ZINB NLL: 1.862858
Total number of masked values: 143783
  - Number of values with pi >= 0.4579526072702279: 0
  - Number of values with pi < 0.4579526072702279: 143783
  - Masked Reconstruction: 2.522314
Mean Absolute Error (MAE): 2.396421
R² Score: 0.093973
==================================================


==================================================
TEST RESULTS
==================================================
Total Loss: 1.927508
  - ZINB NLL: 1.911420
Total number of masked values: 60837
  - Number of values with pi >= 0.4579526072702279: 0
  - Number of values with pi < 0.4579526072702279: 60837
  - Masked Reconstruction: 2.577022
Mean Absolute Error (MAE): 2.470641
R² Score: 0.056351
==================================================


>>> Optimizing zinb_nll on VALIDATION set: 1.911420
>>> Full validation metrics: {'total_loss': 1.9275078158224783, 'zinb_nll': 1.911420383761006, 'mae': 2.4706411361694336, 'r2': 0.056350767612457275, 'masked_loss': 2.577021837234497}

Iteration No: 4 ended. Evaluation done at random point.
Time taken: 50.0132
Function value obtained: 1.9114
Current minimum: 1.5830
Iteration No: 5 started. Evaluating function at random point.

================================================================================
Trial with parameters:
  features: Centr
  step_size: 0.9447256588850119
  bin_size: 33
  sample_fraction: 0.9362197566578357
  moving_average: False
  first_layer_size_factor: 47
  num_layers: 1
  use_conv: True
  conv_channel: 91
  pool_size: 6
  kernel_size: 7
  epochs: 63
  batch_size: 64
  pi_threshold: 0.45317074990151596
  learning_rate: 0.008225007188121396
  dropout_rate: 0.42445691213304204
  masked_recon_weight: 0.7707580772445937
  regularizer: l1
  regularization_weight: 0.0006201235996479077
================================================================================

len(layers): 1
Creating datasets with:
  features: ['Centr']
  bin_size: 33
  moving_average: False
  data_point_length: 2000 (from 2000)
  step_size: 1889 (from fraction 0.9447256588850119)
  layers: [np.int64(752)] (first=752, num=1)
  stride: 1 (fixed), padding: same (fixed)
  Using pre-determined chromosome split


Clipping outliers using 95th percentile * 1.5...
strain_yTW001: Clipping values above 134.25 (P95=89.50). Clipped 27529/1193409 values (2.31%)
strain_FD: Clipping values above 71.92 (P95=47.94). Clipped 95791/4127807 values (2.32%)
strain_dnrp: Clipping values above 243.00 (P95=162.00). Clipped 25649/1119454 values (2.29%)
strain_yEK19: Clipping values above 77.10 (P95=51.40). Clipped 83713/3893623 values (2.15%)
strain_yEK23: Clipping values above 72.00 (P95=48.00). Clipped 86381/3558407 values (2.43%)
strain_yWT03a: Clipping values above 15.00 (P95=10.00). Clipped 10602/347679 values (3.05%)
strain_yWT04a: Clipping values above 58.50 (P95=39.00). Clipped 21095/725406 values (2.91%)
strain_ylic137: Clipping values above 142.50 (P95=95.00). Clipped 28746/1112684 values (2.58%)

Splitting data using pre-determined chromosomes...
Standardizing features: ['Centr']
Column order in final array (Dataset/Chrom split): ['Value', 'Centromere_Distance', 'Value_Raw', 'Size_Factor']
Removing 0 empty data points out of 920
Column order in final array (Dataset/Chrom split): ['Value', 'Centromere_Distance', 'Value_Raw', 'Size_Factor']
Removing 0 empty data points out of 320
Column order in final array (Dataset/Chrom split): ['Value', 'Centromere_Distance', 'Value_Raw', 'Size_Factor']
Removing 0 empty data points out of 360
Datasets created with shapes:
  Train: (920, 2000, 4)
  Val: (320, 2000, 4)
  Test: (360, 2000, 4)
Datasets created:
  Train: (920, 2000, 4), Val: (320, 2000, 4), Test: (360, 2000, 4)

Randomly sampled 861/920 samples (93.6%)
Applied denoising with 15.0% masking
Applied denoising with 15.0% masking
Applied denoising with 15.0% masking
Number of encoder layers: 1
Number of decoder layers (excluding heads): 1
Total number of layers including latent layer: 3
Epoch [1/63], Total Loss: 163227.2935, NLL: 7.5997, Masked: 211633.4567, Reg: 101.493550
Epoch [2/63], Total Loss: 75.5329, NLL: 2.1757, Masked: 2.5924, Reg: 71.359080
Epoch [3/63], Total Loss: 61864.7703, NLL: 6.5333, Masked: 80181.7407, Reg: 57.509772
Epoch [4/63], Total Loss: 20491.2617, NLL: 5.7146, Masked: 26423.9327, Reg: 119.087013
Epoch [5/63], Total Loss: 63.3636, NLL: 2.1873, Masked: 2.6753, Reg: 59.114298
Epoch [6/63], Total Loss: 415037.7030, NLL: 28.9828, Masked: 538323.0569, Reg: 91.868936
Epoch [7/63], Total Loss: 826636.2936, NLL: 121.0233, Masked: 1072133.9086, Reg: 159.408194
Epoch [8/63], Total Loss: 510770.0526, NLL: 51.3752, Masked: 662386.4387, Reg: 178.976071
Epoch [9/63], Total Loss: 249703.8115, NLL: 25.4933, Masked: 323700.8958, Reg: 183.229541
Epoch [10/63], Total Loss: 69399.1494, NLL: 8.8856, Masked: 89810.4750, Reg: 168.112865
Epoch [11/63], Total Loss: 413646.0549, NLL: 15.4160, Masked: 536493.7076, Reg: 123.763094
Epoch [12/63], Total Loss: 3884.6048, NLL: 2.2735, Masked: 4873.6290, Reg: 125.942431
Epoch [13/63], Total Loss: 816047.9630, NLL: 250.9920, Masked: 1058136.7902, Reg: 229.499676
Epoch [14/63], Total Loss: 2076039.2035, NLL: 1114.0658, Masked: 2691536.4440, Reg: 401.662435
Epoch [15/63], Total Loss: 595222.2867, NLL: 312.4896, Masked: 771273.2767, Reg: 444.684366
Epoch [16/63], Total Loss: 273814.8613, NLL: 96.6324, Masked: 354538.4920, Reg: 454.817105
Epoch [17/63], Total Loss: 37774.5251, NLL: 15.1922, Masked: 48408.3120, Reg: 448.235129
Epoch [18/63], Total Loss: 329.6574, NLL: 2.2484, Masked: 191.4332, Reg: 179.860304
Epoch [19/63], Total Loss: 134.1804, NLL: 2.2259, Masked: 3.7566, Reg: 129.059070
Epoch [20/63], Total Loss: 211.9995, NLL: 2.4766, Masked: 24.6474, Reg: 190.525626
Epoch [21/63], Total Loss: 18630.2918, NLL: 2.9016, Masked: 24008.9766, Reg: 122.277485
Epoch [22/63], Total Loss: 183703.4255, NLL: 20.7249, Masked: 238007.8045, Reg: 236.260811
Epoch [23/63], Total Loss: 38910.1946, NLL: 7.7097, Masked: 50100.0203, Reg: 287.489096
Epoch [24/63], Total Loss: 4443.2018, NLL: 2.3862, Masked: 5532.1505, Reg: 176.866037
Epoch [25/63], Total Loss: 1977.8400, NLL: 2.5895, Masked: 2393.4006, Reg: 130.517647
Epoch [26/63], Total Loss: 33066.9050, NLL: 3.7286, Masked: 42691.6989, Reg: 158.204071
Epoch [27/63], Total Loss: 97.3243, NLL: 2.2226, Masked: 2.6406, Reg: 93.066464
Epoch [28/63], Total Loss: 68.7032, NLL: 2.2341, Masked: 3.9600, Reg: 63.416956
Epoch [29/63], Total Loss: 2048.4371, NLL: 2.3172, Masked: 2585.9563, Reg: 52.973213
Epoch [30/63], Total Loss: 27540.9056, NLL: 5.9769, Masked: 35532.0795, Reg: 148.290786
Epoch [31/63], Total Loss: 5818.3427, NLL: 3.2130, Masked: 7338.8746, Reg: 158.632581
Epoch [32/63], Total Loss: 75.0692, NLL: 2.2522, Masked: 2.6131, Reg: 70.802919
Epoch [33/63], Total Loss: 5690.8437, NLL: 2.4013, Masked: 7254.7455, Reg: 96.788540
Epoch [34/63], Total Loss: 98.8820, NLL: 2.2546, Masked: 6.3399, Reg: 91.740929
Epoch [35/63], Total Loss: 56.4389, NLL: 2.2589, Masked: 2.6079, Reg: 52.170021
Epoch [36/63], Total Loss: 63542.5214, NLL: 2.7015, Masked: 82337.6129, Reg: 77.439461
Epoch [37/63], Total Loss: 163019.2633, NLL: 4.6528, Masked: 211382.6042, Reg: 89.759426
Epoch [38/63], Total Loss: 175364.2308, NLL: 3.1091, Masked: 227409.4623, Reg: 83.437398
Epoch [39/63], Total Loss: 200440.4187, NLL: 2.6108, Masked: 259956.3317, Reg: 74.361654
Epoch [40/63], Total Loss: 176899.7437, NLL: 2.2987, Masked: 229425.9058, Reg: 65.567577
Epoch [41/63], Total Loss: 141129.1664, NLL: 3.0638, Masked: 183007.1858, Reg: 71.832698
Epoch [42/63], Total Loss: 115.7827, NLL: 2.2178, Masked: 16.3655, Reg: 100.951020
Epoch [43/63], Total Loss: 59.2340, NLL: 2.2243, Masked: 2.6028, Reg: 55.003566
Epoch [44/63], Total Loss: 49.2319, NLL: 2.2417, Masked: 2.6016, Reg: 44.984940
Epoch [45/63], Total Loss: 53.9365, NLL: 2.2399, Masked: 4.2627, Reg: 48.411002
Epoch [46/63], Total Loss: 48.5568, NLL: 2.2419, Masked: 2.6723, Reg: 44.255186
Epoch [47/63], Total Loss: 30856.8989, NLL: 4.2573, Masked: 39879.5183, Reg: 115.179365
Epoch [48/63], Total Loss: 48237.1824, NLL: 6.8671, Masked: 62301.2132, Reg: 211.150691
Epoch [49/63], Total Loss: 124.4952, NLL: 2.2745, Masked: 2.6323, Reg: 120.191838
Epoch [50/63], Total Loss: 63.3866, NLL: 2.2551, Masked: 2.6605, Reg: 59.080930
Epoch [51/63], Total Loss: 5570.7284, NLL: 2.2935, Masked: 7121.5108, Reg: 79.473109
Epoch [52/63], Total Loss: 18211.6112, NLL: 2.5364, Masked: 23481.8988, Reg: 110.211693
Epoch [53/63], Total Loss: 235.6835, NLL: 2.2648, Masked: 207.5000, Reg: 73.486367
Epoch [54/63], Total Loss: 45.9467, NLL: 2.2282, Masked: 2.6399, Reg: 41.683835
Epoch [55/63], Total Loss: 42.5102, NLL: 2.2334, Masked: 2.5849, Reg: 38.284538
Epoch [56/63], Total Loss: 43.8761, NLL: 2.2412, Masked: 2.6776, Reg: 39.571130
Epoch [57/63], Total Loss: 41.9198, NLL: 2.2486, Masked: 2.7121, Reg: 37.580777
Epoch [58/63], Total Loss: 45.5606, NLL: 2.2506, Masked: 2.9442, Reg: 41.040741
Epoch [59/63], Total Loss: 42.5711, NLL: 2.2522, Masked: 2.6045, Reg: 38.311449
Epoch [60/63], Total Loss: 39.0611, NLL: 2.2518, Masked: 2.6250, Reg: 34.786018
Epoch [61/63], Total Loss: 37.3359, NLL: 2.2571, Masked: 2.5899, Reg: 33.082645
Epoch [62/63], Total Loss: 2099.9686, NLL: 2.2762, Masked: 2644.1438, Reg: 59.697251
Epoch [63/63], Total Loss: 84.8092, NLL: 2.2581, Masked: 4.6564, Reg: 78.962182

==================================================
EVALUATING ON TRAINING DATA
==================================================

==================================================
TEST RESULTS
==================================================
Total Loss: 48.073222
  - ZINB NLL: 2.239256
Total number of masked values: 201988
  - Number of values with pi >= 0.45317074990151596: 0
  - Number of values with pi < 0.45317074990151596: 201988
  - Masked Reconstruction: 2.519531
  - Regularization: 43.892019
Mean Absolute Error (MAE): 2.196296
R² Score: -0.069611
==================================================


==================================================
TEST RESULTS
==================================================
Total Loss: 48.133894
  - ZINB NLL: 2.298573
Total number of masked values: 74779
  - Number of values with pi >= 0.45317074990151596: 0
  - Number of values with pi < 0.45317074990151596: 74779
  - Masked Reconstruction: 2.521288
  - Regularization: 43.892019
Mean Absolute Error (MAE): 2.281232
R² Score: -0.060496
==================================================


>>> Optimizing zinb_nll on VALIDATION set: 2.298573
>>> Full validation metrics: {'total_loss': 48.13389358520508, 'zinb_nll': 2.298573350906372, 'mae': 2.2812323570251465, 'r2': -0.06049621105194092, 'masked_loss': 2.521287751197815, 'reg_loss': 43.89201894241659}

Iteration No: 5 ended. Evaluation done at random point.
Time taken: 64.0918
Function value obtained: 2.2986
Current minimum: 1.5830
Iteration No: 6 started. Evaluating function at random point.

================================================================================
Trial with parameters:
  features: Centr_Nucl
  step_size: 0.7829971672643407
  bin_size: 6
  sample_fraction: 0.5795023763993277
  moving_average: True
  first_layer_size_factor: 90
  num_layers: 2
  use_conv: False
  conv_channel: 94
  pool_size: 3
  kernel_size: 7
  epochs: 95
  batch_size: 32
  pi_threshold: 0.6771414282231925
  learning_rate: 0.0006260318075113794
  dropout_rate: 0.34739246651985234
  masked_recon_weight: 3.325610295975196
  regularizer: l2
  regularization_weight: 0.0011733722171268575
================================================================================

len(layers): 2
Creating datasets with:
  features: ['Centr', 'Nucl']
  bin_size: 6
  moving_average: True
  data_point_length: 2000 (from 2000)
  step_size: 1565 (from fraction 0.7829971672643407)
  layers: [np.int64(1440), np.int64(720)] (first=1440, num=2)
  stride: 1 (fixed), padding: same (fixed)
  Using pre-determined chromosome split


Clipping outliers using 95th percentile * 1.5...
strain_yTW001: Clipping values above 134.25 (P95=89.50). Clipped 27529/1193409 values (2.31%)
strain_FD: Clipping values above 71.92 (P95=47.94). Clipped 95791/4127807 values (2.32%)
strain_dnrp: Clipping values above 243.00 (P95=162.00). Clipped 25649/1119454 values (2.29%)
strain_yEK19: Clipping values above 77.10 (P95=51.40). Clipped 83713/3893623 values (2.15%)
strain_yEK23: Clipping values above 72.00 (P95=48.00). Clipped 86381/3558407 values (2.43%)
strain_yWT03a: Clipping values above 15.00 (P95=10.00). Clipped 10602/347679 values (3.05%)
strain_yWT04a: Clipping values above 58.50 (P95=39.00). Clipped 21095/725406 values (2.91%)
strain_ylic137: Clipping values above 142.50 (P95=95.00). Clipped 28746/1112684 values (2.58%)

Splitting data using pre-determined chromosomes...
Standardizing features: ['Centr', 'Nucl']
Column order in final array (Dataset/Chrom split): ['Value', 'Nucleosome_Distance', 'Centromere_Distance', 'Value_Raw', 'Size_Factor']
Removing 0 empty data points out of 35464
Column order in final array (Dataset/Chrom split): ['Value', 'Nucleosome_Distance', 'Centromere_Distance', 'Value_Raw', 'Size_Factor']
Removing 0 empty data points out of 12472
Column order in final array (Dataset/Chrom split): ['Value', 'Nucleosome_Distance', 'Centromere_Distance', 'Value_Raw', 'Size_Factor']
Removing 0 empty data points out of 13800
Datasets created with shapes:
  Train: (35464, 2000, 5)
  Val: (12472, 2000, 5)
  Test: (13800, 2000, 5)
Datasets created:
  Train: (35464, 2000, 5), Val: (12472, 2000, 5), Test: (13800, 2000, 5)

Randomly sampled 20551/35464 samples (58.0%)
Applied denoising with 15.0% masking
Applied denoising with 15.0% masking
Applied denoising with 15.0% masking
Number of encoder layers: 2
Number of decoder layers (excluding heads): 2
Total number of layers including latent layer: 5
Epoch [1/95], Total Loss: 162254.8642, NLL: 2.2238, Masked: 48788.8297, Reg: 8.319477
Epoch [2/95], Total Loss: 29728.2455, NLL: 2.1967, Masked: 8938.5241, Reg: 5.319386
Epoch [3/95], Total Loss: 5874.5291, NLL: 2.1513, Masked: 1765.8045, Reg: 3.485580
Epoch [4/95], Total Loss: 15.8054, NLL: 1.9078, Masked: 4.1789, Reg: 2.196267
Epoch [5/95], Total Loss: 15.6692, NLL: 1.8599, Masked: 4.1524, Reg: 1.323831
Epoch [6/95], Total Loss: 15.6186, NLL: 1.8525, Masked: 4.1394, Reg: 0.849221
Epoch [7/95], Total Loss: 15.5819, NLL: 1.8464, Masked: 4.1302, Reg: 0.642350
Epoch [8/95], Total Loss: 15.6013, NLL: 1.8498, Masked: 4.1350, Reg: 0.576259
Epoch [9/95], Total Loss: 15.5649, NLL: 1.8500, Masked: 4.1240, Reg: 0.534038
Epoch [10/95], Total Loss: 15.6022, NLL: 1.8496, Masked: 4.1354, Reg: 0.540781
Epoch [11/95], Total Loss: 15.5710, NLL: 1.8497, Masked: 4.1260, Reg: 0.538814
Epoch [12/95], Total Loss: 15.5451, NLL: 1.8443, Masked: 4.1198, Reg: 0.519329
Epoch [13/95], Total Loss: 15.5341, NLL: 1.8418, Masked: 4.1172, Reg: 0.531789
Epoch [14/95], Total Loss: 15.5263, NLL: 1.8347, Masked: 4.1170, Reg: 0.527310
Epoch [15/95], Total Loss: 15.5204, NLL: 1.8309, Masked: 4.1164, Reg: 0.538873
Epoch [16/95], Total Loss: 15.5416, NLL: 1.8313, Masked: 4.1227, Reg: 0.527808
Epoch [17/95], Total Loss: 15.5206, NLL: 1.8281, Masked: 4.1173, Reg: 0.534629
Epoch [18/95], Total Loss: 15.5293, NLL: 1.8245, Masked: 4.1210, Reg: 0.517369
Epoch [19/95], Total Loss: 15.5165, NLL: 1.8239, Masked: 4.1173, Reg: 0.529772
Epoch [20/95], Total Loss: 15.5030, NLL: 1.8239, Masked: 4.1133, Reg: 0.519739
Epoch [21/95], Total Loss: 15.5129, NLL: 1.8257, Masked: 4.1157, Reg: 0.525996
Epoch [22/95], Total Loss: 15.5104, NLL: 1.8249, Masked: 4.1152, Reg: 0.515988
Epoch [23/95], Total Loss: 15.5173, NLL: 1.8249, Masked: 4.1173, Reg: 0.516502
Epoch [24/95], Total Loss: 15.5083, NLL: 1.8241, Masked: 4.1148, Reg: 0.520978
Epoch [25/95], Total Loss: 15.5162, NLL: 1.8263, Masked: 4.1165, Reg: 0.529011
Epoch [26/95], Total Loss: 15.4883, NLL: 1.8189, Masked: 4.1103, Reg: 0.510967
Epoch [27/95], Total Loss: 15.5055, NLL: 1.8207, Masked: 4.1150, Reg: 0.508810
Epoch [28/95], Total Loss: 15.5141, NLL: 1.8217, Masked: 4.1173, Reg: 0.504881
Epoch [29/95], Total Loss: 15.5172, NLL: 1.8248, Masked: 4.1173, Reg: 0.504575
Epoch [30/95], Total Loss: 15.4968, NLL: 1.8242, Masked: 4.1113, Reg: 0.501645
Epoch [31/95], Total Loss: 15.5040, NLL: 1.8267, Masked: 4.1127, Reg: 0.502916
Epoch [32/95], Total Loss: 15.4957, NLL: 1.8201, Masked: 4.1122, Reg: 0.501582
Epoch [33/95], Total Loss: 15.4898, NLL: 1.8197, Masked: 4.1106, Reg: 0.500654
Epoch [34/95], Total Loss: 15.5259, NLL: 1.8243, Masked: 4.1200, Reg: 0.503386
Epoch [35/95], Total Loss: 15.5013, NLL: 1.8233, Masked: 4.1129, Reg: 0.505466
Epoch [36/95], Total Loss: 15.4900, NLL: 1.8219, Masked: 4.1099, Reg: 0.496455
Epoch [37/95], Total Loss: 15.4957, NLL: 1.8189, Masked: 4.1126, Reg: 0.490251
Epoch [38/95], Total Loss: 15.5230, NLL: 1.8271, Masked: 4.1183, Reg: 0.495236
Epoch [39/95], Total Loss: 15.5012, NLL: 1.8187, Masked: 4.1143, Reg: 0.490872
Epoch [40/95], Total Loss: 15.4906, NLL: 1.8209, Masked: 4.1104, Reg: 0.481097
Epoch [41/95], Total Loss: 15.4841, NLL: 1.8214, Masked: 4.1083, Reg: 0.487088
Epoch [42/95], Total Loss: 15.5112, NLL: 1.8257, Masked: 4.1152, Reg: 0.486096
Epoch [43/95], Total Loss: 15.4851, NLL: 1.8185, Masked: 4.1095, Reg: 0.487334
Epoch [44/95], Total Loss: 15.4875, NLL: 1.8171, Masked: 4.1107, Reg: 0.477280
Epoch [45/95], Total Loss: 15.4947, NLL: 1.8209, Masked: 4.1117, Reg: 0.483643
Epoch [46/95], Total Loss: 15.4918, NLL: 1.8200, Masked: 4.1111, Reg: 0.487080
Epoch [47/95], Total Loss: 15.4863, NLL: 1.8216, Masked: 4.1089, Reg: 0.483865
Epoch [48/95], Total Loss: 15.4933, NLL: 1.8177, Masked: 4.1122, Reg: 0.486727
Epoch [49/95], Total Loss: 15.4966, NLL: 1.8209, Masked: 4.1122, Reg: 0.487373
Epoch [50/95], Total Loss: 15.4972, NLL: 1.8188, Masked: 4.1130, Reg: 0.488273
Epoch [51/95], Total Loss: 15.4988, NLL: 1.8222, Masked: 4.1125, Reg: 0.485817
Epoch [52/95], Total Loss: 15.4890, NLL: 1.8197, Masked: 4.1103, Reg: 0.485934
Epoch [53/95], Total Loss: 15.4912, NLL: 1.8177, Masked: 4.1116, Reg: 0.480906
Epoch [54/95], Total Loss: 15.4891, NLL: 1.8186, Masked: 4.1107, Reg: 0.483449
Epoch [55/95], Total Loss: 15.4953, NLL: 1.8243, Masked: 4.1108, Reg: 0.494676
Epoch [56/95], Total Loss: 15.5088, NLL: 1.8207, Masked: 4.1160, Reg: 0.492881
Epoch [57/95], Total Loss: 15.4883, NLL: 1.8235, Masked: 4.1090, Reg: 0.483259
Epoch [58/95], Total Loss: 15.4988, NLL: 1.8211, Masked: 4.1128, Reg: 0.491762
Epoch [59/95], Total Loss: 15.4740, NLL: 1.8167, Masked: 4.1067, Reg: 0.492350
Epoch [60/95], Total Loss: 15.4807, NLL: 1.8180, Masked: 4.1083, Reg: 0.477119
Epoch [61/95], Total Loss: 15.4889, NLL: 1.8189, Masked: 4.1105, Reg: 0.478153
Epoch [62/95], Total Loss: 15.4864, NLL: 1.8212, Masked: 4.1091, Reg: 0.479068
Epoch [63/95], Total Loss: 15.5023, NLL: 1.8210, Masked: 4.1139, Reg: 0.478695
Epoch [64/95], Total Loss: 15.4934, NLL: 1.8213, Masked: 4.1112, Reg: 0.481992
Epoch [65/95], Total Loss: 15.4879, NLL: 1.8210, Masked: 4.1096, Reg: 0.485916
Epoch [66/95], Total Loss: 15.4933, NLL: 1.8212, Masked: 4.1112, Reg: 0.482871
Epoch [67/95], Total Loss: 15.4917, NLL: 1.8201, Masked: 4.1110, Reg: 0.479180
Epoch [68/95], Total Loss: 15.5003, NLL: 1.8238, Masked: 4.1125, Reg: 0.481042
Epoch [69/95], Total Loss: 15.4836, NLL: 1.8157, Masked: 4.1099, Reg: 0.475982
Epoch [70/95], Total Loss: 15.4974, NLL: 1.8205, Masked: 4.1126, Reg: 0.481513
Epoch [71/95], Total Loss: 15.4970, NLL: 1.8200, Masked: 4.1126, Reg: 0.485937
Epoch [72/95], Total Loss: 15.4848, NLL: 1.8172, Masked: 4.1098, Reg: 0.472032
Epoch [73/95], Total Loss: 15.5053, NLL: 1.8174, Masked: 4.1159, Reg: 0.471693
Epoch [74/95], Total Loss: 15.4818, NLL: 1.8182, Masked: 4.1086, Reg: 0.477021
Epoch [75/95], Total Loss: 15.5096, NLL: 1.8256, Masked: 4.1147, Reg: 0.477213
Epoch [76/95], Total Loss: 15.5050, NLL: 1.8235, Masked: 4.1140, Reg: 0.487053
Epoch [77/95], Total Loss: 15.4949, NLL: 1.8202, Masked: 4.1120, Reg: 0.481840
Epoch [78/95], Total Loss: 15.4964, NLL: 1.8204, Masked: 4.1123, Reg: 0.473005
Epoch [79/95], Total Loss: 15.4935, NLL: 1.8230, Masked: 4.1107, Reg: 0.480644
Epoch [80/95], Total Loss: 15.5008, NLL: 1.8218, Masked: 4.1132, Reg: 0.476556
Epoch [81/95], Total Loss: 15.4734, NLL: 1.8217, Masked: 4.1050, Reg: 0.478025
Epoch [82/95], Total Loss: 15.4953, NLL: 1.8166, Masked: 4.1131, Reg: 0.475140
Epoch [83/95], Total Loss: 15.4968, NLL: 1.8201, Masked: 4.1125, Reg: 0.474799
Epoch [84/95], Total Loss: 15.4724, NLL: 1.8212, Masked: 4.1049, Reg: 0.477953
Epoch [85/95], Total Loss: 15.4845, NLL: 1.8221, Masked: 4.1082, Reg: 0.480438
Epoch [86/95], Total Loss: 15.5255, NLL: 1.8258, Masked: 4.1194, Reg: 0.471194
Epoch [87/95], Total Loss: 15.4759, NLL: 1.8196, Masked: 4.1064, Reg: 0.477668
Epoch [88/95], Total Loss: 15.5075, NLL: 1.8247, Masked: 4.1144, Reg: 0.482779
Epoch [89/95], Total Loss: 15.4913, NLL: 1.8193, Masked: 4.1111, Reg: 0.484547
Epoch [90/95], Total Loss: 15.4955, NLL: 1.8219, Masked: 4.1116, Reg: 0.486203
Epoch [91/95], Total Loss: 15.4993, NLL: 1.8201, Masked: 4.1133, Reg: 0.477471
Epoch [92/95], Total Loss: 15.4956, NLL: 1.8261, Masked: 4.1104, Reg: 0.477037
Epoch [93/95], Total Loss: 15.5047, NLL: 1.8207, Masked: 4.1147, Reg: 0.475269
Epoch [94/95], Total Loss: 15.4942, NLL: 1.8214, Masked: 4.1113, Reg: 0.470785
Epoch [95/95], Total Loss: 15.5089, NLL: 1.8194, Masked: 4.1164, Reg: 0.480316

==================================================
EVALUATING ON TRAINING DATA
==================================================

==================================================
TEST RESULTS
==================================================
Total Loss: 15.414354
  - ZINB NLL: 1.827401
Total number of masked values: 2850536
  - Number of values with pi >= 0.6771414282231925: 40
  - Number of values with pi < 0.6771414282231925: 2850496
  - Masked Reconstruction: 4.085551
  - Regularization: 0.496612
Mean Absolute Error (MAE): 2.571495
R² Score: 0.057579
==================================================


==================================================
TEST RESULTS
==================================================
Total Loss: 15.190255
  - ZINB NLL: 1.853212
Total number of masked values: 1734537
  - Number of values with pi >= 0.6771414282231925: 33
  - Number of values with pi < 0.6771414282231925: 1734504
  - Masked Reconstruction: 4.010405
  - Regularization: 0.496612
Mean Absolute Error (MAE): 2.634496
R² Score: 0.056890
==================================================


>>> Optimizing zinb_nll on VALIDATION set: 1.853212
>>> Full validation metrics: {'total_loss': 15.190255207920625, 'zinb_nll': 1.853211842568124, 'mae': 2.634495735168457, 'r2': 0.05689030885696411, 'masked_loss': 4.0104046442938435, 'reg_loss': 0.49661170761740203}

Iteration No: 6 ended. Evaluation done at random point.
Time taken: 1044.7637
Function value obtained: 1.8532
Current minimum: 1.5830
Iteration No: 7 started. Evaluating function at random point.

================================================================================
Trial with parameters:
  features: Centr_Nucl
  step_size: 0.5924009278621828
  bin_size: 12
  sample_fraction: 0.5623824609027748
  moving_average: False
  first_layer_size_factor: 35
  num_layers: 1
  use_conv: True
  conv_channel: 118
  pool_size: 4
  kernel_size: 7
  epochs: 30
  batch_size: 64
  pi_threshold: 0.4219125032632116
  learning_rate: 3.1186566205519816e-05
  dropout_rate: 0.26704470968772104
  masked_recon_weight: 0.08696007095406233
  regularizer: none
  regularization_weight: 0.0007689291700576299
================================================================================

len(layers): 1
Creating datasets with:
  features: ['Centr', 'Nucl']
  bin_size: 12
  moving_average: False
  data_point_length: 2000 (from 2000)
  step_size: 1184 (from fraction 0.5924009278621828)
  layers: [np.int64(560)] (first=560, num=1)
  stride: 1 (fixed), padding: same (fixed)
  Using pre-determined chromosome split


Clipping outliers using 95th percentile * 1.5...
strain_yTW001: Clipping values above 134.25 (P95=89.50). Clipped 27529/1193409 values (2.31%)
strain_FD: Clipping values above 71.92 (P95=47.94). Clipped 95791/4127807 values (2.32%)
strain_dnrp: Clipping values above 243.00 (P95=162.00). Clipped 25649/1119454 values (2.29%)
strain_yEK19: Clipping values above 77.10 (P95=51.40). Clipped 83713/3893623 values (2.15%)
strain_yEK23: Clipping values above 72.00 (P95=48.00). Clipped 86381/3558407 values (2.43%)
strain_yWT03a: Clipping values above 15.00 (P95=10.00). Clipped 10602/347679 values (3.05%)
strain_yWT04a: Clipping values above 58.50 (P95=39.00). Clipped 21095/725406 values (2.91%)
strain_ylic137: Clipping values above 142.50 (P95=95.00). Clipped 28746/1112684 values (2.58%)

Splitting data using pre-determined chromosomes...
Standardizing features: ['Centr', 'Nucl']
Column order in final array (Dataset/Chrom split): ['Value', 'Nucleosome_Distance', 'Centromere_Distance', 'Value_Raw', 'Size_Factor']
Removing 0 empty data points out of 3904
Column order in final array (Dataset/Chrom split): ['Value', 'Nucleosome_Distance', 'Centromere_Distance', 'Value_Raw', 'Size_Factor']
Removing 0 empty data points out of 1368
Column order in final array (Dataset/Chrom split): ['Value', 'Nucleosome_Distance', 'Centromere_Distance', 'Value_Raw', 'Size_Factor']
Removing 0 empty data points out of 1512
Datasets created with shapes:
  Train: (3904, 2000, 5)
  Val: (1368, 2000, 5)
  Test: (1512, 2000, 5)
Datasets created:
  Train: (3904, 2000, 5), Val: (1368, 2000, 5), Test: (1512, 2000, 5)

Randomly sampled 2195/3904 samples (56.2%)
Applied denoising with 15.0% masking
Applied denoising with 15.0% masking
Applied denoising with 15.0% masking
Number of encoder layers: 1
Number of decoder layers (excluding heads): 1
Total number of layers including latent layer: 3
Epoch [1/30], Total Loss: 4.7419, NLL: 2.6304, Masked: 24.2817
Epoch [2/30], Total Loss: 2.4546, NLL: 2.0142, Masked: 5.0639
Epoch [3/30], Total Loss: 2.2088, NLL: 1.9125, Masked: 3.4072
Epoch [4/30], Total Loss: 2.1971, NLL: 1.8981, Masked: 3.4378
Epoch [5/30], Total Loss: 2.1883, NLL: 1.8914, Masked: 3.4137
Epoch [6/30], Total Loss: 2.1812, NLL: 1.8844, Masked: 3.4132
Epoch [7/30], Total Loss: 2.1715, NLL: 1.8772, Masked: 3.3851
Epoch [8/30], Total Loss: 2.1622, NLL: 1.8676, Masked: 3.3868
Epoch [9/30], Total Loss: 2.1537, NLL: 1.8601, Masked: 3.3757
Epoch [10/30], Total Loss: 2.1461, NLL: 1.8518, Masked: 3.3835
Epoch [11/30], Total Loss: 2.1426, NLL: 1.8491, Masked: 3.3754
Epoch [12/30], Total Loss: 2.1394, NLL: 1.8462, Masked: 3.3712
Epoch [13/30], Total Loss: 2.1369, NLL: 1.8437, Masked: 3.3718
Epoch [14/30], Total Loss: 2.1348, NLL: 1.8425, Masked: 3.3603
Epoch [15/30], Total Loss: 2.1318, NLL: 1.8394, Masked: 3.3630
Epoch [16/30], Total Loss: 2.1305, NLL: 1.8381, Masked: 3.3632
Epoch [17/30], Total Loss: 2.1281, NLL: 1.8360, Masked: 3.3582
Epoch [18/30], Total Loss: 2.1263, NLL: 1.8343, Masked: 3.3574
Epoch [19/30], Total Loss: 2.1239, NLL: 1.8317, Masked: 3.3599
Epoch [20/30], Total Loss: 2.1230, NLL: 1.8317, Masked: 3.3493
Epoch [21/30], Total Loss: 2.1199, NLL: 1.8296, Masked: 3.3392
Epoch [22/30], Total Loss: 2.1209, NLL: 1.8294, Masked: 3.3517
Epoch [23/30], Total Loss: 2.1177, NLL: 1.8271, Masked: 3.3412
Epoch [24/30], Total Loss: 2.1167, NLL: 1.8262, Masked: 3.3399
Epoch [25/30], Total Loss: 2.1161, NLL: 1.8251, Masked: 3.3457
Epoch [26/30], Total Loss: 2.1152, NLL: 1.8252, Masked: 3.3349
Epoch [27/30], Total Loss: 2.1127, NLL: 1.8228, Masked: 3.3344
Epoch [28/30], Total Loss: 2.1125, NLL: 1.8224, Masked: 3.3357
Epoch [29/30], Total Loss: 2.1115, NLL: 1.8216, Masked: 3.3337
Epoch [30/30], Total Loss: 2.1121, NLL: 1.8224, Masked: 3.3309

==================================================
EVALUATING ON TRAINING DATA
==================================================

==================================================
TEST RESULTS
==================================================
Total Loss: 2.103379
  - ZINB NLL: 1.814167
Total number of masked values: 392064
  - Number of values with pi >= 0.4219125032632116: 0
  - Number of values with pi < 0.4219125032632116: 392064
  - Masked Reconstruction: 3.325794
Mean Absolute Error (MAE): 2.730096
R² Score: 0.088458
==================================================


==================================================
TEST RESULTS
==================================================
Total Loss: 2.120600
  - ZINB NLL: 1.839463
Total number of masked values: 242595
  - Number of values with pi >= 0.4219125032632116: 0
  - Number of values with pi < 0.4219125032632116: 242595
  - Masked Reconstruction: 3.232944
Mean Absolute Error (MAE): 2.784983
R² Score: 0.073148
==================================================


>>> Optimizing zinb_nll on VALIDATION set: 1.839463
>>> Full validation metrics: {'total_loss': 2.1205999725743343, 'zinb_nll': 1.839462962066918, 'mae': 2.784982919692993, 'r2': 0.07314801216125488, 'masked_loss': 3.2329437579327855}

Iteration No: 7 ended. Evaluation done at random point.
Time taken: 118.3595
Function value obtained: 1.8395
Current minimum: 1.5830
Iteration No: 8 started. Evaluating function at random point.

================================================================================
Trial with parameters:
  features: Centr_Nucl
  step_size: 0.37621828162969795
  bin_size: 12
  sample_fraction: 0.668576501513006
  moving_average: True
  first_layer_size_factor: 10
  num_layers: 2
  use_conv: True
  conv_channel: 94
  pool_size: 6
  kernel_size: 3
  epochs: 150
  batch_size: 32
  pi_threshold: 0.6906459823330612
  learning_rate: 0.0001710452585899055
  dropout_rate: 0.016525366450274196
  masked_recon_weight: 0.024004075943521636
  regularizer: l2
  regularization_weight: 0.5820203380944969
================================================================================

len(layers): 2
Creating datasets with:
  features: ['Centr', 'Nucl']
  bin_size: 12
  moving_average: True
  data_point_length: 2000 (from 2000)
  step_size: 752 (from fraction 0.37621828162969795)
  layers: [np.int64(160), np.int64(80)] (first=160, num=2)
  stride: 1 (fixed), padding: same (fixed)
  Using pre-determined chromosome split


Clipping outliers using 95th percentile * 1.5...
strain_yTW001: Clipping values above 134.25 (P95=89.50). Clipped 27529/1193409 values (2.31%)
strain_FD: Clipping values above 71.92 (P95=47.94). Clipped 95791/4127807 values (2.32%)
strain_dnrp: Clipping values above 243.00 (P95=162.00). Clipped 25649/1119454 values (2.29%)
strain_yEK19: Clipping values above 77.10 (P95=51.40). Clipped 83713/3893623 values (2.15%)
strain_yEK23: Clipping values above 72.00 (P95=48.00). Clipped 86381/3558407 values (2.43%)
strain_yWT03a: Clipping values above 15.00 (P95=10.00). Clipped 10602/347679 values (3.05%)
strain_yWT04a: Clipping values above 58.50 (P95=39.00). Clipped 21095/725406 values (2.91%)
strain_ylic137: Clipping values above 142.50 (P95=95.00). Clipped 28746/1112684 values (2.58%)

Splitting data using pre-determined chromosomes...
Standardizing features: ['Centr', 'Nucl']
Column order in final array (Dataset/Chrom split): ['Value', 'Nucleosome_Distance', 'Centromere_Distance', 'Value_Raw', 'Size_Factor']
Removing 0 empty data points out of 73704
Column order in final array (Dataset/Chrom split): ['Value', 'Nucleosome_Distance', 'Centromere_Distance', 'Value_Raw', 'Size_Factor']
Removing 0 empty data points out of 25912
Column order in final array (Dataset/Chrom split): ['Value', 'Nucleosome_Distance', 'Centromere_Distance', 'Value_Raw', 'Size_Factor']
Removing 0 empty data points out of 28672
Datasets created with shapes:
  Train: (73704, 2000, 5)
  Val: (25912, 2000, 5)
  Test: (28672, 2000, 5)
Datasets created:
  Train: (73704, 2000, 5), Val: (25912, 2000, 5), Test: (28672, 2000, 5)

Randomly sampled 49276/73704 samples (66.9%)
Applied denoising with 15.0% masking
Applied denoising with 15.0% masking
Applied denoising with 15.0% masking
Number of encoder layers: 2
Number of decoder layers (excluding heads): 2
Total number of layers including latent layer: 5
Epoch [1/150], Total Loss: 3.4833, NLL: 2.7629, Masked: 30.0105, Reg: 4097.669324
Epoch [2/150], Total Loss: 3.4525, NLL: 2.7321, Masked: 30.0085, Reg: 3063.452349
Epoch [3/150], Total Loss: 3.4268, NLL: 2.7067, Masked: 30.0016, Reg: 2219.890149
Epoch [4/150], Total Loss: 3.4075, NLL: 2.6871, Masked: 30.0134, Reg: 1529.578395
Epoch [5/150], Total Loss: 3.3950, NLL: 2.6746, Masked: 30.0084, Reg: 981.316588
Epoch [6/150], Total Loss: 3.3905, NLL: 2.6701, Masked: 30.0104, Reg: 567.551118
Epoch [7/150], Total Loss: 3.3938, NLL: 2.6735, Masked: 30.0068, Reg: 279.867084
Epoch [8/150], Total Loss: 3.4041, NLL: 2.6838, Masked: 30.0100, Reg: 105.784921
Epoch [9/150], Total Loss: 3.4179, NLL: 2.6976, Masked: 30.0043, Reg: 24.501304
Epoch [10/150], Total Loss: 3.4295, NLL: 2.7094, Masked: 29.9992, Reg: 2.121964
Epoch [11/150], Total Loss: 3.4342, NLL: 2.7139, Masked: 30.0063, Reg: 0.025102
Epoch [12/150], Total Loss: 3.4346, NLL: 2.7143, Masked: 30.0059, Reg: 0.001719
Epoch [13/150], Total Loss: 3.4348, NLL: 2.7144, Masked: 30.0148, Reg: 0.001650
Epoch [14/150], Total Loss: 3.4351, NLL: 2.7144, Masked: 30.0274, Reg: 0.001505
Epoch [15/150], Total Loss: 3.4347, NLL: 2.7144, Masked: 30.0087, Reg: 0.001509
Epoch [16/150], Total Loss: 3.4345, NLL: 2.7144, Masked: 30.0024, Reg: 0.001514
Epoch [17/150], Total Loss: 3.4346, NLL: 2.7144, Masked: 30.0068, Reg: 0.001513
Epoch [18/150], Total Loss: 3.4346, NLL: 2.7144, Masked: 30.0045, Reg: 0.001513
Epoch [19/150], Total Loss: 3.4347, NLL: 2.7144, Masked: 30.0113, Reg: 0.001516
Epoch [20/150], Total Loss: 3.4346, NLL: 2.7144, Masked: 30.0072, Reg: 0.001516
Epoch [21/150], Total Loss: 3.4345, NLL: 2.7144, Masked: 30.0013, Reg: 0.001517
Epoch [22/150], Total Loss: 3.4345, NLL: 2.7144, Masked: 30.0012, Reg: 0.001517
Epoch [23/150], Total Loss: 3.4349, NLL: 2.7144, Masked: 30.0158, Reg: 0.001517
Epoch [24/150], Total Loss: 3.4346, NLL: 2.7144, Masked: 30.0073, Reg: 0.001517
Epoch [25/150], Total Loss: 3.4347, NLL: 2.7144, Masked: 30.0092, Reg: 0.001517
Epoch [26/150], Total Loss: 3.4346, NLL: 2.7144, Masked: 30.0050, Reg: 0.001517
Epoch [27/150], Total Loss: 3.4346, NLL: 2.7144, Masked: 30.0041, Reg: 0.001517
Epoch [28/150], Total Loss: 3.4347, NLL: 2.7144, Masked: 30.0088, Reg: 0.001517
Epoch [29/150], Total Loss: 3.4347, NLL: 2.7144, Masked: 30.0101, Reg: 0.001517
Epoch [30/150], Total Loss: 3.4347, NLL: 2.7144, Masked: 30.0093, Reg: 0.001516
Epoch [31/150], Total Loss: 3.4345, NLL: 2.7144, Masked: 29.9996, Reg: 0.001517
Epoch [32/150], Total Loss: 3.4344, NLL: 2.7144, Masked: 29.9984, Reg: 0.001517
Epoch [33/150], Total Loss: 3.4344, NLL: 2.7144, Masked: 29.9985, Reg: 0.001517
Epoch [34/150], Total Loss: 3.4347, NLL: 2.7144, Masked: 30.0095, Reg: 0.001517
Epoch [35/150], Total Loss: 3.4347, NLL: 2.7144, Masked: 30.0093, Reg: 0.001517
Epoch [36/150], Total Loss: 3.4347, NLL: 2.7144, Masked: 30.0090, Reg: 0.001518
Epoch [37/150], Total Loss: 3.4346, NLL: 2.7144, Masked: 30.0048, Reg: 0.001517
Epoch [38/150], Total Loss: 3.4347, NLL: 2.7144, Masked: 30.0088, Reg: 0.001517
Epoch [39/150], Total Loss: 3.4346, NLL: 2.7144, Masked: 30.0034, Reg: 0.001517
Epoch [40/150], Total Loss: 3.4346, NLL: 2.7144, Masked: 30.0063, Reg: 0.001517
Epoch [41/150], Total Loss: 3.4348, NLL: 2.7144, Masked: 30.0141, Reg: 0.001517
Epoch [42/150], Total Loss: 3.4347, NLL: 2.7144, Masked: 30.0102, Reg: 0.001517
Epoch [43/150], Total Loss: 3.4347, NLL: 2.7144, Masked: 30.0106, Reg: 0.001517
Epoch [44/150], Total Loss: 3.4346, NLL: 2.7144, Masked: 30.0067, Reg: 0.001517
Epoch [45/150], Total Loss: 3.4348, NLL: 2.7144, Masked: 30.0150, Reg: 0.001517
Epoch [46/150], Total Loss: 3.4347, NLL: 2.7144, Masked: 30.0112, Reg: 0.001517
Epoch [47/150], Total Loss: 3.4349, NLL: 2.7144, Masked: 30.0191, Reg: 0.001517
Epoch [48/150], Total Loss: 3.4347, NLL: 2.7144, Masked: 30.0076, Reg: 0.001517
Epoch [49/150], Total Loss: 3.4347, NLL: 2.7144, Masked: 30.0087, Reg: 0.001517
Epoch [50/150], Total Loss: 3.4346, NLL: 2.7144, Masked: 30.0050, Reg: 0.001517
Epoch [51/150], Total Loss: 3.4349, NLL: 2.7144, Masked: 30.0184, Reg: 0.001518
Epoch [52/150], Total Loss: 3.4346, NLL: 2.7144, Masked: 30.0069, Reg: 0.001517
Epoch [53/150], Total Loss: 3.4346, NLL: 2.7144, Masked: 30.0063, Reg: 0.001517
Epoch [54/150], Total Loss: 3.4346, NLL: 2.7144, Masked: 30.0064, Reg: 0.001517
Epoch [55/150], Total Loss: 3.4349, NLL: 2.7144, Masked: 30.0180, Reg: 0.001517
Epoch [56/150], Total Loss: 3.4347, NLL: 2.7144, Masked: 30.0090, Reg: 0.001517
Epoch [57/150], Total Loss: 3.4345, NLL: 2.7144, Masked: 30.0028, Reg: 0.001517
Epoch [58/150], Total Loss: 3.4347, NLL: 2.7144, Masked: 30.0094, Reg: 0.001517
Epoch [59/150], Total Loss: 3.4347, NLL: 2.7144, Masked: 30.0114, Reg: 0.001517
Epoch [60/150], Total Loss: 3.4349, NLL: 2.7144, Masked: 30.0171, Reg: 0.001517
Epoch [61/150], Total Loss: 3.4345, NLL: 2.7144, Masked: 30.0008, Reg: 0.001517
Epoch [62/150], Total Loss: 3.4347, NLL: 2.7144, Masked: 30.0098, Reg: 0.001517
Epoch [63/150], Total Loss: 3.4349, NLL: 2.7144, Masked: 30.0168, Reg: 0.001518
Epoch [64/150], Total Loss: 3.4348, NLL: 2.7144, Masked: 30.0145, Reg: 0.001518
Epoch [65/150], Total Loss: 3.4346, NLL: 2.7144, Masked: 30.0051, Reg: 0.001517
Epoch [66/150], Total Loss: 3.4346, NLL: 2.7144, Masked: 30.0052, Reg: 0.001517
Epoch [67/150], Total Loss: 3.4345, NLL: 2.7144, Masked: 30.0013, Reg: 0.001516
Epoch [68/150], Total Loss: 3.4349, NLL: 2.7144, Masked: 30.0159, Reg: 0.001518
Epoch [69/150], Total Loss: 3.4347, NLL: 2.7144, Masked: 30.0092, Reg: 0.001517
Epoch [70/150], Total Loss: 3.4345, NLL: 2.7144, Masked: 30.0022, Reg: 0.001518
Epoch [71/150], Total Loss: 3.4346, NLL: 2.7144, Masked: 30.0071, Reg: 0.001516
Epoch [72/150], Total Loss: 3.4344, NLL: 2.7144, Masked: 29.9984, Reg: 0.001517
Epoch [73/150], Total Loss: 3.4348, NLL: 2.7144, Masked: 30.0135, Reg: 0.001516
Epoch [74/150], Total Loss: 3.4345, NLL: 2.7144, Masked: 30.0028, Reg: 0.001518
Epoch [75/150], Total Loss: 3.4347, NLL: 2.7144, Masked: 30.0077, Reg: 0.001517
Epoch [76/150], Total Loss: 3.4349, NLL: 2.7144, Masked: 30.0170, Reg: 0.001518
Epoch [77/150], Total Loss: 3.4348, NLL: 2.7144, Masked: 30.0129, Reg: 0.001517
Epoch [78/150], Total Loss: 3.4346, NLL: 2.7144, Masked: 30.0069, Reg: 0.001517
Epoch [79/150], Total Loss: 3.4347, NLL: 2.7144, Masked: 30.0098, Reg: 0.001517
Epoch [80/150], Total Loss: 3.4348, NLL: 2.7144, Masked: 30.0118, Reg: 0.001517
Epoch [81/150], Total Loss: 3.4346, NLL: 2.7144, Masked: 30.0040, Reg: 0.001516
Epoch [82/150], Total Loss: 3.4348, NLL: 2.7144, Masked: 30.0141, Reg: 0.001517
Epoch [83/150], Total Loss: 3.4343, NLL: 2.7144, Masked: 29.9940, Reg: 0.001518
Epoch [84/150], Total Loss: 3.4347, NLL: 2.7144, Masked: 30.0080, Reg: 0.001517
Epoch [85/150], Total Loss: 3.4344, NLL: 2.7144, Masked: 29.9971, Reg: 0.001516
Epoch [86/150], Total Loss: 3.4347, NLL: 2.7144, Masked: 30.0075, Reg: 0.001517
Epoch [87/150], Total Loss: 3.4345, NLL: 2.7144, Masked: 30.0007, Reg: 0.001517
Epoch [88/150], Total Loss: 3.4345, NLL: 2.7144, Masked: 30.0031, Reg: 0.001516
Epoch [89/150], Total Loss: 3.4347, NLL: 2.7144, Masked: 30.0104, Reg: 0.001518
Epoch [90/150], Total Loss: 3.4346, NLL: 2.7144, Masked: 30.0062, Reg: 0.001517
Epoch [91/150], Total Loss: 3.4347, NLL: 2.7144, Masked: 30.0111, Reg: 0.001517
Epoch [92/150], Total Loss: 3.4349, NLL: 2.7144, Masked: 30.0171, Reg: 0.001518
Epoch [93/150], Total Loss: 3.4347, NLL: 2.7144, Masked: 30.0089, Reg: 0.001517
Epoch [94/150], Total Loss: 3.4347, NLL: 2.7144, Masked: 30.0080, Reg: 0.001517
Epoch [95/150], Total Loss: 3.4346, NLL: 2.7144, Masked: 30.0048, Reg: 0.001518
Epoch [96/150], Total Loss: 3.4347, NLL: 2.7144, Masked: 30.0095, Reg: 0.001517
Epoch [97/150], Total Loss: 3.4346, NLL: 2.7144, Masked: 30.0059, Reg: 0.001517
Epoch [98/150], Total Loss: 3.4347, NLL: 2.7144, Masked: 30.0103, Reg: 0.001517
Epoch [99/150], Total Loss: 3.4346, NLL: 2.7144, Masked: 30.0043, Reg: 0.001518
Epoch [100/150], Total Loss: 3.4347, NLL: 2.7144, Masked: 30.0092, Reg: 0.001517
Epoch [101/150], Total Loss: 3.4345, NLL: 2.7144, Masked: 30.0017, Reg: 0.001518
Epoch [102/150], Total Loss: 3.4347, NLL: 2.7144, Masked: 30.0112, Reg: 0.001517
Epoch [103/150], Total Loss: 3.4348, NLL: 2.7144, Masked: 30.0123, Reg: 0.001516
Epoch [104/150], Total Loss: 3.4346, NLL: 2.7144, Masked: 30.0072, Reg: 0.001517
Epoch [105/150], Total Loss: 3.4349, NLL: 2.7144, Masked: 30.0195, Reg: 0.001518
Epoch [106/150], Total Loss: 3.4346, NLL: 2.7144, Masked: 30.0065, Reg: 0.001517
Epoch [107/150], Total Loss: 3.4344, NLL: 2.7144, Masked: 29.9954, Reg: 0.001516
Epoch [108/150], Total Loss: 3.4348, NLL: 2.7144, Masked: 30.0149, Reg: 0.001518
Epoch [109/150], Total Loss: 3.4346, NLL: 2.7144, Masked: 30.0056, Reg: 0.001517
Epoch [110/150], Total Loss: 3.4348, NLL: 2.7144, Masked: 30.0134, Reg: 0.001518
Epoch [111/150], Total Loss: 3.4347, NLL: 2.7144, Masked: 30.0078, Reg: 0.001517
Epoch [112/150], Total Loss: 3.4347, NLL: 2.7144, Masked: 30.0086, Reg: 0.001517
Epoch [113/150], Total Loss: 3.4346, NLL: 2.7144, Masked: 30.0040, Reg: 0.001517
Epoch [114/150], Total Loss: 3.4345, NLL: 2.7144, Masked: 30.0013, Reg: 0.001518
Epoch [115/150], Total Loss: 3.4345, NLL: 2.7144, Masked: 30.0002, Reg: 0.001518
Epoch [116/150], Total Loss: 3.4343, NLL: 2.7144, Masked: 29.9942, Reg: 0.001517
Epoch [117/150], Total Loss: 3.4344, NLL: 2.7144, Masked: 29.9969, Reg: 0.001517
Epoch [118/150], Total Loss: 3.4348, NLL: 2.7144, Masked: 30.0146, Reg: 0.001517
Epoch [119/150], Total Loss: 3.4346, NLL: 2.7144, Masked: 30.0068, Reg: 0.001517
Epoch [120/150], Total Loss: 3.4348, NLL: 2.7144, Masked: 30.0141, Reg: 0.001518
Epoch [121/150], Total Loss: 3.4346, NLL: 2.7144, Masked: 30.0041, Reg: 0.001517
Epoch [122/150], Total Loss: 3.4346, NLL: 2.7144, Masked: 30.0062, Reg: 0.001517
Epoch [123/150], Total Loss: 3.4347, NLL: 2.7144, Masked: 30.0103, Reg: 0.001517
Epoch [124/150], Total Loss: 3.4347, NLL: 2.7144, Masked: 30.0115, Reg: 0.001517
Epoch [125/150], Total Loss: 3.4348, NLL: 2.7144, Masked: 30.0131, Reg: 0.001517
Epoch [126/150], Total Loss: 3.4347, NLL: 2.7144, Masked: 30.0093, Reg: 0.001517
Epoch [127/150], Total Loss: 3.4347, NLL: 2.7144, Masked: 30.0094, Reg: 0.001517
Epoch [128/150], Total Loss: 3.4345, NLL: 2.7144, Masked: 30.0025, Reg: 0.001518
Epoch [129/150], Total Loss: 3.4348, NLL: 2.7144, Masked: 30.0118, Reg: 0.001517
Epoch [130/150], Total Loss: 3.4345, NLL: 2.7144, Masked: 29.9999, Reg: 0.001517
Epoch [131/150], Total Loss: 3.4346, NLL: 2.7144, Masked: 30.0051, Reg: 0.001517
Epoch [132/150], Total Loss: 3.4347, NLL: 2.7144, Masked: 30.0083, Reg: 0.001516
Epoch [133/150], Total Loss: 3.4346, NLL: 2.7144, Masked: 30.0066, Reg: 0.001517
Epoch [134/150], Total Loss: 3.4347, NLL: 2.7144, Masked: 30.0107, Reg: 0.001517
Epoch [135/150], Total Loss: 3.4349, NLL: 2.7144, Masked: 30.0172, Reg: 0.001518
Epoch [136/150], Total Loss: 3.4346, NLL: 2.7144, Masked: 30.0039, Reg: 0.001517
Epoch [137/150], Total Loss: 3.4343, NLL: 2.7144, Masked: 29.9939, Reg: 0.001517
Epoch [138/150], Total Loss: 3.4347, NLL: 2.7144, Masked: 30.0075, Reg: 0.001517
Epoch [139/150], Total Loss: 3.4344, NLL: 2.7144, Masked: 29.9980, Reg: 0.001517
Epoch [140/150], Total Loss: 3.4347, NLL: 2.7144, Masked: 30.0077, Reg: 0.001517
Epoch [141/150], Total Loss: 3.4348, NLL: 2.7144, Masked: 30.0148, Reg: 0.001516
Epoch [142/150], Total Loss: 3.4347, NLL: 2.7144, Masked: 30.0106, Reg: 0.001517
Epoch [143/150], Total Loss: 3.4346, NLL: 2.7144, Masked: 30.0063, Reg: 0.001516
Epoch [144/150], Total Loss: 3.4346, NLL: 2.7144, Masked: 30.0037, Reg: 0.001517
Epoch [145/150], Total Loss: 3.4348, NLL: 2.7144, Masked: 30.0117, Reg: 0.001516
Epoch [146/150], Total Loss: 3.4349, NLL: 2.7144, Masked: 30.0184, Reg: 0.001518
Epoch [147/150], Total Loss: 3.4345, NLL: 2.7144, Masked: 30.0019, Reg: 0.001517
Epoch [148/150], Total Loss: 3.4347, NLL: 2.7144, Masked: 30.0082, Reg: 0.001517
Epoch [149/150], Total Loss: 3.4346, NLL: 2.7144, Masked: 30.0073, Reg: 0.001517
Epoch [150/150], Total Loss: 3.4349, NLL: 2.7144, Masked: 30.0158, Reg: 0.001518

==================================================
EVALUATING ON TRAINING DATA
==================================================

==================================================
TEST RESULTS
==================================================
Total Loss: 3.434711
  - ZINB NLL: 2.714362
Total number of masked values: 8768153
  - Number of values with pi >= 0.6906459823330612: 0
  - Number of values with pi < 0.6906459823330612: 8768153
  - Masked Reconstruction: 30.009432
  - Regularization: 0.001453
Mean Absolute Error (MAE): 26.259184
R² Score: -33.307716
==================================================


==================================================
TEST RESULTS
==================================================
Total Loss: 3.328026
  - ZINB NLL: 2.721290
Total number of masked values: 4616890
  - Number of values with pi >= 0.6906459823330612: 0
  - Number of values with pi < 0.6906459823330612: 4616890
  - Masked Reconstruction: 25.276402
  - Regularization: 0.001453
Mean Absolute Error (MAE): 26.297823
R² Score: -26.606333
==================================================


>>> Optimizing zinb_nll on VALIDATION set: 2.721290
>>> Full validation metrics: {'total_loss': 3.3280264452380433, 'zinb_nll': 2.7212897842038593, 'mae': 26.297822952270508, 'r2': -26.606332778930664, 'masked_loss': 25.276401823043233, 'reg_loss': 0.0014532708603611781}

Iteration No: 8 ended. Evaluation done at random point.
Time taken: 1950.1463
Function value obtained: 2.7213
Current minimum: 1.5830
Iteration No: 9 started. Evaluating function at random point.

================================================================================
Trial with parameters:
  features: Centr
  step_size: 0.5858373734298188
  bin_size: 28
  sample_fraction: 0.6945225429095452
  moving_average: True
  first_layer_size_factor: 39
  num_layers: 2
  use_conv: False
  conv_channel: 69
  pool_size: 8
  kernel_size: 5
  epochs: 128
  batch_size: 128
  pi_threshold: 0.36028701758617176
  learning_rate: 0.0003346542387875272
  dropout_rate: 0.347906403395441
  masked_recon_weight: 2.7129089558470065
  regularizer: l1
  regularization_weight: 0.00034808662246265455
================================================================================

len(layers): 2
Creating datasets with:
  features: ['Centr']
  bin_size: 28
  moving_average: True
  data_point_length: 2000 (from 2000)
  step_size: 1171 (from fraction 0.5858373734298188)
  layers: [np.int64(624), np.int64(312)] (first=624, num=2)
  stride: 1 (fixed), padding: same (fixed)
  Using pre-determined chromosome split


Clipping outliers using 95th percentile * 1.5...
strain_yTW001: Clipping values above 134.25 (P95=89.50). Clipped 27529/1193409 values (2.31%)
strain_FD: Clipping values above 71.92 (P95=47.94). Clipped 95791/4127807 values (2.32%)
strain_dnrp: Clipping values above 243.00 (P95=162.00). Clipped 25649/1119454 values (2.29%)
strain_yEK19: Clipping values above 77.10 (P95=51.40). Clipped 83713/3893623 values (2.15%)
strain_yEK23: Clipping values above 72.00 (P95=48.00). Clipped 86381/3558407 values (2.43%)
strain_yWT03a: Clipping values above 15.00 (P95=10.00). Clipped 10602/347679 values (3.05%)
strain_yWT04a: Clipping values above 58.50 (P95=39.00). Clipped 21095/725406 values (2.91%)
strain_ylic137: Clipping values above 142.50 (P95=95.00). Clipped 28746/1112684 values (2.58%)

Splitting data using pre-determined chromosomes...
Standardizing features: ['Centr']
Column order in final array (Dataset/Chrom split): ['Value', 'Centromere_Distance', 'Value_Raw', 'Size_Factor']
Removing 0 empty data points out of 47344
Column order in final array (Dataset/Chrom split): ['Value', 'Centromere_Distance', 'Value_Raw', 'Size_Factor']
Removing 0 empty data points out of 16656
Column order in final array (Dataset/Chrom split): ['Value', 'Centromere_Distance', 'Value_Raw', 'Size_Factor']
Removing 0 empty data points out of 18416
Datasets created with shapes:
  Train: (47344, 2000, 4)
  Val: (16656, 2000, 4)
  Test: (18416, 2000, 4)
Datasets created:
  Train: (47344, 2000, 4), Val: (16656, 2000, 4), Test: (18416, 2000, 4)

Randomly sampled 32881/47344 samples (69.5%)
Applied denoising with 15.0% masking
Applied denoising with 15.0% masking
Applied denoising with 15.0% masking
Number of encoder layers: 2
Number of decoder layers (excluding heads): 2
Total number of layers including latent layer: 5
Epoch [1/128], Total Loss: 18.0222, NLL: 2.2132, Masked: 3.6733, Reg: 5.843591
Epoch [2/128], Total Loss: 11.9435, NLL: 2.0413, Masked: 2.5983, Reg: 2.853206
Epoch [3/128], Total Loss: 11.3544, NLL: 1.9935, Masked: 2.5768, Reg: 2.370371
Epoch [4/128], Total Loss: 11.0635, NLL: 1.9713, Masked: 2.5622, Reg: 2.141187
Epoch [5/128], Total Loss: 10.8601, NLL: 1.9545, Masked: 2.5505, Reg: 1.986382
Epoch [6/128], Total Loss: 10.7114, NLL: 1.9453, Masked: 2.5440, Reg: 1.864559
Epoch [7/128], Total Loss: 10.5756, NLL: 1.9362, Masked: 2.5352, Reg: 1.761607
Epoch [8/128], Total Loss: 10.4671, NLL: 1.9312, Masked: 2.5318, Reg: 1.667266
Epoch [9/128], Total Loss: 10.3524, NLL: 1.9248, Masked: 2.5251, Reg: 1.577308
Epoch [10/128], Total Loss: 10.2623, NLL: 1.9177, Masked: 2.5232, Reg: 1.499328
Epoch [11/128], Total Loss: 10.1574, NLL: 1.9139, Masked: 2.5167, Reg: 1.415894
Epoch [12/128], Total Loss: 10.0851, NLL: 1.9133, Masked: 2.5168, Reg: 1.343977
Epoch [13/128], Total Loss: 10.0028, NLL: 1.9089, Masked: 2.5145, Reg: 1.272177
Epoch [14/128], Total Loss: 9.9206, NLL: 1.9052, Masked: 2.5108, Reg: 1.203867
Epoch [15/128], Total Loss: 9.8488, NLL: 1.9073, Masked: 2.5083, Reg: 1.136722
Epoch [16/128], Total Loss: 9.7953, NLL: 1.9079, Masked: 2.5106, Reg: 1.076477
Epoch [17/128], Total Loss: 9.7184, NLL: 1.9067, Masked: 2.5089, Reg: 1.005228
Epoch [18/128], Total Loss: 9.6646, NLL: 1.9049, Masked: 2.5117, Reg: 0.945810
Epoch [19/128], Total Loss: 9.5885, NLL: 1.8955, Masked: 2.5133, Reg: 0.874637
Epoch [20/128], Total Loss: 9.5368, NLL: 1.8961, Masked: 2.5203, Reg: 0.803255
Epoch [21/128], Total Loss: 9.5098, NLL: 1.9035, Masked: 2.5275, Reg: 0.749350
Epoch [22/128], Total Loss: 9.4331, NLL: 1.9023, Masked: 2.5244, Reg: 0.682285
Epoch [23/128], Total Loss: 9.3624, NLL: 1.9017, Masked: 2.5230, Reg: 0.616131
Epoch [24/128], Total Loss: 9.3201, NLL: 1.9056, Masked: 2.5253, Reg: 0.563703
Epoch [25/128], Total Loss: 9.3011, NLL: 1.9103, Masked: 2.5279, Reg: 0.532888
Epoch [26/128], Total Loss: 9.2566, NLL: 1.9002, Masked: 2.5233, Reg: 0.510905
Epoch [27/128], Total Loss: 9.2657, NLL: 1.9027, Masked: 2.5234, Reg: 0.517284
Epoch [28/128], Total Loss: 9.2502, NLL: 1.9001, Masked: 2.5236, Reg: 0.503856
Epoch [29/128], Total Loss: 9.2628, NLL: 1.9044, Masked: 2.5237, Reg: 0.511917
Epoch [30/128], Total Loss: 9.2712, NLL: 1.9053, Masked: 2.5278, Reg: 0.508213
Epoch [31/128], Total Loss: 9.2393, NLL: 1.9005, Masked: 2.5203, Reg: 0.501471
Epoch [32/128], Total Loss: 9.2623, NLL: 1.9021, Masked: 2.5265, Reg: 0.505964
Epoch [33/128], Total Loss: 9.2582, NLL: 1.9000, Masked: 2.5207, Reg: 0.519706
Epoch [34/128], Total Loss: 9.2526, NLL: 1.8984, Masked: 2.5209, Reg: 0.515122
Epoch [35/128], Total Loss: 9.2451, NLL: 1.8992, Masked: 2.5219, Reg: 0.504327
Epoch [36/128], Total Loss: 9.2337, NLL: 1.8959, Masked: 2.5198, Reg: 0.501686
Epoch [37/128], Total Loss: 9.2273, NLL: 1.8992, Masked: 2.5192, Reg: 0.493813
Epoch [38/128], Total Loss: 9.2155, NLL: 1.8956, Masked: 2.5160, Reg: 0.494268
Epoch [39/128], Total Loss: 9.2201, NLL: 1.8963, Masked: 2.5168, Reg: 0.495900
Epoch [40/128], Total Loss: 9.2323, NLL: 1.8963, Masked: 2.5202, Reg: 0.498831
Epoch [41/128], Total Loss: 9.2297, NLL: 1.8979, Masked: 2.5199, Reg: 0.495603
Epoch [42/128], Total Loss: 9.2286, NLL: 1.8973, Masked: 2.5201, Reg: 0.494514
Epoch [43/128], Total Loss: 9.2243, NLL: 1.8985, Masked: 2.5204, Reg: 0.488067
Epoch [44/128], Total Loss: 9.2146, NLL: 1.8936, Masked: 2.5149, Reg: 0.498380
Epoch [45/128], Total Loss: 9.2229, NLL: 1.8953, Masked: 2.5169, Reg: 0.499620
Epoch [46/128], Total Loss: 9.2349, NLL: 1.8982, Masked: 2.5207, Reg: 0.498279
Epoch [47/128], Total Loss: 9.2201, NLL: 1.8957, Masked: 2.5186, Reg: 0.491705
Epoch [48/128], Total Loss: 9.2102, NLL: 1.8938, Masked: 2.5170, Reg: 0.488046
Epoch [49/128], Total Loss: 9.2063, NLL: 1.8969, Masked: 2.5165, Reg: 0.482235
Epoch [50/128], Total Loss: 9.2405, NLL: 1.9016, Masked: 2.5215, Reg: 0.498491
Epoch [51/128], Total Loss: 9.2110, NLL: 1.8968, Masked: 2.5164, Reg: 0.487539
Epoch [52/128], Total Loss: 9.2409, NLL: 1.8964, Masked: 2.5232, Reg: 0.499422
Epoch [53/128], Total Loss: 9.2118, NLL: 1.8953, Masked: 2.5162, Reg: 0.490334
Epoch [54/128], Total Loss: 9.2110, NLL: 1.8949, Masked: 2.5178, Reg: 0.485627
Epoch [55/128], Total Loss: 9.2006, NLL: 1.8937, Masked: 2.5162, Reg: 0.480782
Epoch [56/128], Total Loss: 9.2193, NLL: 1.8981, Masked: 2.5198, Reg: 0.485190
Epoch [57/128], Total Loss: 9.2185, NLL: 1.8981, Masked: 2.5182, Reg: 0.488874
Epoch [58/128], Total Loss: 9.2220, NLL: 1.8949, Masked: 2.5194, Reg: 0.492200
Epoch [59/128], Total Loss: 9.2036, NLL: 1.8929, Masked: 2.5164, Reg: 0.483921
Epoch [60/128], Total Loss: 9.2022, NLL: 1.8946, Masked: 2.5170, Reg: 0.479336
Epoch [61/128], Total Loss: 9.2415, NLL: 1.9003, Masked: 2.5226, Reg: 0.497475
Epoch [62/128], Total Loss: 9.2156, NLL: 1.8967, Masked: 2.5169, Reg: 0.490823
Epoch [63/128], Total Loss: 9.2245, NLL: 1.8966, Masked: 2.5214, Reg: 0.487649
Epoch [64/128], Total Loss: 9.2009, NLL: 1.8926, Masked: 2.5171, Reg: 0.479580
Epoch [65/128], Total Loss: 9.2112, NLL: 1.8979, Masked: 2.5188, Reg: 0.480076
Epoch [66/128], Total Loss: 9.2043, NLL: 1.8946, Masked: 2.5170, Reg: 0.481382
Epoch [67/128], Total Loss: 9.2142, NLL: 1.8958, Masked: 2.5199, Reg: 0.482271
Epoch [68/128], Total Loss: 9.2015, NLL: 1.8956, Masked: 2.5177, Reg: 0.475652
Epoch [69/128], Total Loss: 9.1893, NLL: 1.8918, Masked: 2.5143, Reg: 0.476307
Epoch [70/128], Total Loss: 9.1957, NLL: 1.8932, Masked: 2.5156, Reg: 0.477907
Epoch [71/128], Total Loss: 9.1828, NLL: 1.8927, Masked: 2.5137, Reg: 0.470593
Epoch [72/128], Total Loss: 9.1912, NLL: 1.8935, Masked: 2.5155, Reg: 0.473458
Epoch [73/128], Total Loss: 9.2009, NLL: 1.8969, Masked: 2.5182, Reg: 0.472431
Epoch [74/128], Total Loss: 9.2079, NLL: 1.8968, Masked: 2.5197, Reg: 0.475520
Epoch [75/128], Total Loss: 9.2238, NLL: 1.8986, Masked: 2.5220, Reg: 0.483148
Epoch [76/128], Total Loss: 9.2131, NLL: 1.8953, Masked: 2.5195, Reg: 0.482572
Epoch [77/128], Total Loss: 9.2015, NLL: 1.8964, Masked: 2.5176, Reg: 0.475073
Epoch [78/128], Total Loss: 9.1953, NLL: 1.8947, Masked: 2.5162, Reg: 0.474320
Epoch [79/128], Total Loss: 9.1848, NLL: 1.8924, Masked: 2.5134, Reg: 0.473821
Epoch [80/128], Total Loss: 9.1912, NLL: 1.8944, Masked: 2.5150, Reg: 0.473855
Epoch [81/128], Total Loss: 9.1874, NLL: 1.8929, Masked: 2.5159, Reg: 0.469113
Epoch [82/128], Total Loss: 9.1994, NLL: 1.8953, Masked: 2.5191, Reg: 0.469937
Epoch [83/128], Total Loss: 9.2102, NLL: 1.8981, Masked: 2.5206, Reg: 0.473972
Epoch [84/128], Total Loss: 9.1835, NLL: 1.8919, Masked: 2.5126, Reg: 0.475128
Epoch [85/128], Total Loss: 9.2019, NLL: 1.8943, Masked: 2.5193, Reg: 0.472928
Epoch [86/128], Total Loss: 9.1928, NLL: 1.8951, Masked: 2.5136, Reg: 0.478557
Epoch [87/128], Total Loss: 9.1827, NLL: 1.8932, Masked: 2.5153, Reg: 0.465812
Epoch [88/128], Total Loss: 9.1810, NLL: 1.8938, Masked: 2.5133, Reg: 0.468787
Epoch [89/128], Total Loss: 9.1667, NLL: 1.8907, Masked: 2.5103, Reg: 0.465740
Epoch [90/128], Total Loss: 9.1697, NLL: 1.8923, Masked: 2.5135, Reg: 0.458451
Epoch [91/128], Total Loss: 9.1859, NLL: 1.8958, Masked: 2.5165, Reg: 0.463181
Epoch [92/128], Total Loss: 9.1953, NLL: 1.8956, Masked: 2.5181, Reg: 0.468323
Epoch [93/128], Total Loss: 9.1958, NLL: 1.8961, Masked: 2.5178, Reg: 0.469179
Epoch [94/128], Total Loss: 9.1756, NLL: 1.8920, Masked: 2.5150, Reg: 0.460760
Epoch [95/128], Total Loss: 9.1901, NLL: 1.8953, Masked: 2.5184, Reg: 0.462716
Epoch [96/128], Total Loss: 9.1874, NLL: 1.8941, Masked: 2.5144, Reg: 0.472042
Epoch [97/128], Total Loss: 9.1763, NLL: 1.8918, Masked: 2.5123, Reg: 0.468880
Epoch [98/128], Total Loss: 9.2083, NLL: 1.8955, Masked: 2.5185, Reg: 0.480313
Epoch [99/128], Total Loss: 9.2066, NLL: 1.8938, Masked: 2.5177, Reg: 0.482498
Epoch [100/128], Total Loss: 9.1922, NLL: 1.8942, Masked: 2.5170, Reg: 0.469692
Epoch [101/128], Total Loss: 9.1764, NLL: 1.8948, Masked: 2.5148, Reg: 0.459078
Epoch [102/128], Total Loss: 9.1727, NLL: 1.8949, Masked: 2.5146, Reg: 0.456036
Epoch [103/128], Total Loss: 9.1900, NLL: 1.8956, Masked: 2.5182, Reg: 0.462576
Epoch [104/128], Total Loss: 9.2063, NLL: 1.8960, Masked: 2.5195, Reg: 0.475276
Epoch [105/128], Total Loss: 9.1926, NLL: 1.8962, Masked: 2.5180, Reg: 0.465306
Epoch [106/128], Total Loss: 9.1955, NLL: 1.8977, Masked: 2.5196, Reg: 0.462385
Epoch [107/128], Total Loss: 9.1861, NLL: 1.8940, Masked: 2.5163, Reg: 0.465503
Epoch [108/128], Total Loss: 9.1783, NLL: 1.8929, Masked: 2.5149, Reg: 0.462641
Epoch [109/128], Total Loss: 9.1787, NLL: 1.8940, Masked: 2.5146, Reg: 0.462867
Epoch [110/128], Total Loss: 9.1628, NLL: 1.8878, Masked: 2.5118, Reg: 0.460695
Epoch [111/128], Total Loss: 9.1824, NLL: 1.8937, Masked: 2.5164, Reg: 0.462093
Epoch [112/128], Total Loss: 9.1789, NLL: 1.8941, Masked: 2.5144, Reg: 0.463386
Epoch [113/128], Total Loss: 9.1827, NLL: 1.8945, Masked: 2.5159, Reg: 0.462889
Epoch [114/128], Total Loss: 9.1787, NLL: 1.8912, Masked: 2.5128, Reg: 0.470587
Epoch [115/128], Total Loss: 9.1890, NLL: 1.8959, Masked: 2.5150, Reg: 0.469997
Epoch [116/128], Total Loss: 9.2086, NLL: 1.8976, Masked: 2.5180, Reg: 0.479821
Epoch [117/128], Total Loss: 9.1892, NLL: 1.8940, Masked: 2.5148, Reg: 0.472784
Epoch [118/128], Total Loss: 9.1835, NLL: 1.8941, Masked: 2.5153, Reg: 0.465654
Epoch [119/128], Total Loss: 9.1753, NLL: 1.8914, Masked: 2.5143, Reg: 0.462947
Epoch [120/128], Total Loss: 9.1709, NLL: 1.8921, Masked: 2.5131, Reg: 0.461161
Epoch [121/128], Total Loss: 9.1781, NLL: 1.8906, Masked: 2.5132, Reg: 0.469527
Epoch [122/128], Total Loss: 9.1744, NLL: 1.8915, Masked: 2.5125, Reg: 0.466637
Epoch [123/128], Total Loss: 9.1583, NLL: 1.8905, Masked: 2.5070, Reg: 0.466470
Epoch [124/128], Total Loss: 9.1493, NLL: 1.8901, Masked: 2.5040, Reg: 0.466178
Epoch [125/128], Total Loss: 9.1429, NLL: 1.8902, Masked: 2.5034, Reg: 0.461194
Epoch [126/128], Total Loss: 9.1562, NLL: 1.8933, Masked: 2.5050, Reg: 0.467178
Epoch [127/128], Total Loss: 9.1464, NLL: 1.8903, Masked: 2.5045, Reg: 0.461769
Epoch [128/128], Total Loss: 9.1535, NLL: 1.8903, Masked: 2.5044, Reg: 0.468834

==================================================
EVALUATING ON TRAINING DATA
==================================================

==================================================
TEST RESULTS
==================================================
Total Loss: 9.041929
  - ZINB NLL: 1.889493
Total number of masked values: 7423092
  - Number of values with pi >= 0.36028701758617176: 0
  - Number of values with pi < 0.36028701758617176: 7423092
  - Masked Reconstruction: 2.461006
  - Regularization: 0.475952
Mean Absolute Error (MAE): 2.119980
R² Score: 0.103807
==================================================


==================================================
TEST RESULTS
==================================================
Total Loss: 8.904373
  - ZINB NLL: 1.897665
Total number of masked values: 3754136
  - Number of values with pi >= 0.36028701758617176: 1618
  - Number of values with pi < 0.36028701758617176: 3752518
  - Masked Reconstruction: 2.407289
  - Regularization: 0.475952
Mean Absolute Error (MAE): 2.177495
R² Score: 0.122074
==================================================


>>> Optimizing zinb_nll on VALIDATION set: 1.897665
>>> Full validation metrics: {'total_loss': 8.904373236737722, 'zinb_nll': 1.897664746221273, 'mae': 2.177495002746582, 'r2': 0.12207412719726562, 'masked_loss': 2.4072891410787327, 'reg_loss': 0.47595211309495333}

Iteration No: 9 ended. Evaluation done at random point.
Time taken: 810.8010
Function value obtained: 1.8977
Current minimum: 1.5830
Iteration No: 10 started. Evaluating function at random point.

================================================================================
Trial with parameters:
  features: Nucl
  step_size: 0.8571257846047867
  bin_size: 18
  sample_fraction: 0.32213241331856557
  moving_average: False
  first_layer_size_factor: 42
  num_layers: 3
  use_conv: False
  conv_channel: 92
  pool_size: 6
  kernel_size: 3
  epochs: 95
  batch_size: 128
  pi_threshold: 0.39142000871891985
  learning_rate: 3.348611630346182e-05
  dropout_rate: 0.4910841716647179
  masked_recon_weight: 0.11655839673969261
  regularizer: l1
  regularization_weight: 94.14036944149231
================================================================================

len(layers): 3
Creating datasets with:
  features: ['Nucl']
  bin_size: 18
  moving_average: False
  data_point_length: 2000 (from 2000)
  step_size: 1714 (from fraction 0.8571257846047867)
  layers: [np.int64(672), np.int64(336), np.int64(168)] (first=672, num=3)
  stride: 1 (fixed), padding: same (fixed)
  Using pre-determined chromosome split


Clipping outliers using 95th percentile * 1.5...
strain_yTW001: Clipping values above 134.25 (P95=89.50). Clipped 27529/1193409 values (2.31%)
strain_FD: Clipping values above 71.92 (P95=47.94). Clipped 95791/4127807 values (2.32%)
strain_dnrp: Clipping values above 243.00 (P95=162.00). Clipped 25649/1119454 values (2.29%)
strain_yEK19: Clipping values above 77.10 (P95=51.40). Clipped 83713/3893623 values (2.15%)
strain_yEK23: Clipping values above 72.00 (P95=48.00). Clipped 86381/3558407 values (2.43%)
strain_yWT03a: Clipping values above 15.00 (P95=10.00). Clipped 10602/347679 values (3.05%)
strain_yWT04a: Clipping values above 58.50 (P95=39.00). Clipped 21095/725406 values (2.91%)
strain_ylic137: Clipping values above 142.50 (P95=95.00). Clipped 28746/1112684 values (2.58%)

Splitting data using pre-determined chromosomes...
Standardizing features: ['Nucl']
Column order in final array (Dataset/Chrom split): ['Value', 'Nucleosome_Distance', 'Value_Raw', 'Size_Factor']
Removing 0 empty data points out of 1832
Column order in final array (Dataset/Chrom split): ['Value', 'Nucleosome_Distance', 'Value_Raw', 'Size_Factor']
Removing 0 empty data points out of 648
Column order in final array (Dataset/Chrom split): ['Value', 'Nucleosome_Distance', 'Value_Raw', 'Size_Factor']
Removing 0 empty data points out of 712
Datasets created with shapes:
  Train: (1832, 2000, 4)
  Val: (648, 2000, 4)
  Test: (712, 2000, 4)
Datasets created:
  Train: (1832, 2000, 4), Val: (648, 2000, 4), Test: (712, 2000, 4)

Randomly sampled 590/1832 samples (32.2%)
Applied denoising with 15.0% masking
Applied denoising with 15.0% masking
Applied denoising with 15.0% masking
Number of encoder layers: 3
Number of decoder layers (excluding heads): 3
Total number of layers including latent layer: 7
Epoch [1/95], Total Loss: 4704232.5254, NLL: 2.8381, Masked: 28.3293, Reg: 4704226.171734
Epoch [2/95], Total Loss: 4591711.2881, NLL: 2.8380, Masked: 28.3261, Reg: 4591704.878954
Epoch [3/95], Total Loss: 4482120.7797, NLL: 2.8379, Masked: 28.3064, Reg: 4482114.501726
Epoch [4/95], Total Loss: 4375322.1983, NLL: 2.8379, Masked: 28.3143, Reg: 4375315.801557
Epoch [5/95], Total Loss: 4271209.0746, NLL: 2.8378, Masked: 28.2588, Reg: 4271202.688533
Epoch [6/95], Total Loss: 4169726.5102, NLL: 2.8377, Masked: 28.3182, Reg: 4169720.222924
Epoch [7/95], Total Loss: 4070864.2636, NLL: 2.8376, Masked: 28.3397, Reg: 4070857.896210
Epoch [8/95], Total Loss: 3974626.9110, NLL: 2.8375, Masked: 28.2884, Reg: 3974620.518875
Epoch [9/95], Total Loss: 3881047.8212, NLL: 2.8375, Masked: 28.2916, Reg: 3881041.532441
Epoch [10/95], Total Loss: 3790073.5398, NLL: 2.8374, Masked: 28.3238, Reg: 3790067.227532
Epoch [11/95], Total Loss: 3701821.6907, NLL: 2.8373, Masked: 28.3288, Reg: 3701815.410499
Epoch [12/95], Total Loss: 3616236.4839, NLL: 2.8373, Masked: 28.3226, Reg: 3616230.153089
Epoch [13/95], Total Loss: 3533370.8042, NLL: 2.8372, Masked: 28.3224, Reg: 3533364.490284
Epoch [14/95], Total Loss: 3453201.4212, NLL: 2.8371, Masked: 28.2930, Reg: 3453195.157497
Epoch [15/95], Total Loss: 3375756.7000, NLL: 2.8371, Masked: 28.3272, Reg: 3375750.447947
Epoch [16/95], Total Loss: 3301016.9551, NLL: 2.8370, Masked: 28.3275, Reg: 3301010.609858
Epoch [17/95], Total Loss: 3228999.5280, NLL: 2.8370, Masked: 28.3115, Reg: 3228993.287070
Epoch [18/95], Total Loss: 3159721.5017, NLL: 2.8369, Masked: 28.2886, Reg: 3159715.274515
Epoch [19/95], Total Loss: 3093153.5492, NLL: 2.8369, Masked: 28.2926, Reg: 3093147.323481
Epoch [20/95], Total Loss: 3029310.2966, NLL: 2.8368, Masked: 28.2980, Reg: 3029303.976987
Epoch [21/95], Total Loss: 2968202.7678, NLL: 2.8368, Masked: 28.3418, Reg: 2968196.499590
Epoch [22/95], Total Loss: 2909817.4517, NLL: 2.8367, Masked: 28.2704, Reg: 2909811.194066
Epoch [23/95], Total Loss: 2854163.2364, NLL: 2.8367, Masked: 28.3116, Reg: 2854157.022574
Epoch [24/95], Total Loss: 2801244.3636, NLL: 2.8366, Masked: 28.2831, Reg: 2801238.137411
Epoch [25/95], Total Loss: 2751052.5153, NLL: 2.8366, Masked: 28.3388, Reg: 2751046.228994
Epoch [26/95], Total Loss: 2703586.8441, NLL: 2.8366, Masked: 28.3206, Reg: 2703580.675913
Epoch [27/95], Total Loss: 2658842.9178, NLL: 2.8365, Masked: 28.2610, Reg: 2658836.715677
Epoch [28/95], Total Loss: 2616837.2110, NLL: 2.8365, Masked: 28.3142, Reg: 2616830.998617
Epoch [29/95], Total Loss: 2577441.7847, NLL: 2.8365, Masked: 28.3099, Reg: 2577435.491584
Epoch [30/95], Total Loss: 2538772.0322, NLL: 2.8365, Masked: 28.2817, Reg: 2538765.790969
Epoch [31/95], Total Loss: 2500234.2686, NLL: 2.8365, Masked: 28.3133, Reg: 2500228.052664
Epoch [32/95], Total Loss: 2462772.8585, NLL: 2.8365, Masked: 28.3381, Reg: 2462766.577373
Epoch [33/95], Total Loss: 2425993.6381, NLL: 2.8364, Masked: 28.3201, Reg: 2425987.351750
Epoch [34/95], Total Loss: 2389741.1661, NLL: 2.8364, Masked: 28.3391, Reg: 2389734.843489
Epoch [35/95], Total Loss: 2354107.4805, NLL: 2.8364, Masked: 28.3122, Reg: 2354101.253308
Epoch [36/95], Total Loss: 2318989.7966, NLL: 2.8364, Masked: 28.3400, Reg: 2318983.643225
Epoch [37/95], Total Loss: 2284401.1559, NLL: 2.8364, Masked: 28.3122, Reg: 2284394.951933
Epoch [38/95], Total Loss: 2250303.9339, NLL: 2.8364, Masked: 28.2804, Reg: 2250297.770103
Epoch [39/95], Total Loss: 2216709.8695, NLL: 2.8363, Masked: 28.3363, Reg: 2216703.704474
Epoch [40/95], Total Loss: 2183608.8305, NLL: 2.8363, Masked: 28.2860, Reg: 2183602.581230
Epoch [41/95], Total Loss: 2150989.3356, NLL: 2.8363, Masked: 28.3384, Reg: 2150983.034841
Epoch [42/95], Total Loss: 2118864.8161, NLL: 2.8363, Masked: 28.3262, Reg: 2118858.576170
Epoch [43/95], Total Loss: 2087226.4114, NLL: 2.8363, Masked: 28.2864, Reg: 2087220.160163
Epoch [44/95], Total Loss: 2056057.4326, NLL: 2.8363, Masked: 28.3225, Reg: 2056051.239330
Epoch [45/95], Total Loss: 2025386.2725, NLL: 2.8363, Masked: 28.3322, Reg: 2025380.076976
Epoch [46/95], Total Loss: 1995193.4653, NLL: 2.8362, Masked: 28.3096, Reg: 1995187.216134
Epoch [47/95], Total Loss: 1965495.0462, NLL: 2.8362, Masked: 28.2768, Reg: 1965488.815990
Epoch [48/95], Total Loss: 1936266.7725, NLL: 2.8362, Masked: 28.2704, Reg: 1936260.581048
Epoch [49/95], Total Loss: 1907518.4589, NLL: 2.8362, Masked: 28.2794, Reg: 1907512.252567
Epoch [50/95], Total Loss: 1879261.1280, NLL: 2.8362, Masked: 28.3092, Reg: 1879254.957362
Epoch [51/95], Total Loss: 1851483.9186, NLL: 2.8362, Masked: 28.3294, Reg: 1851477.673953
Epoch [52/95], Total Loss: 1824189.5500, NLL: 2.8362, Masked: 28.2880, Reg: 1824183.312439
Epoch [53/95], Total Loss: 1797376.2386, NLL: 2.8361, Masked: 28.3345, Reg: 1797370.037258
Epoch [54/95], Total Loss: 1771028.7352, NLL: 2.8361, Masked: 28.3181, Reg: 1771022.495128
Epoch [55/95], Total Loss: 1745168.5847, NLL: 2.8361, Masked: 28.3279, Reg: 1745162.329483
Epoch [56/95], Total Loss: 1719787.0869, NLL: 2.8361, Masked: 28.3294, Reg: 1719780.895415
Epoch [57/95], Total Loss: 1694891.5606, NLL: 2.8361, Masked: 28.3299, Reg: 1694885.312663
Epoch [58/95], Total Loss: 1670467.7597, NLL: 2.8361, Masked: 28.3200, Reg: 1670461.528733
Epoch [59/95], Total Loss: 1646529.8178, NLL: 2.8361, Masked: 28.3322, Reg: 1646523.594873
Epoch [60/95], Total Loss: 1623067.6640, NLL: 2.8360, Masked: 28.3058, Reg: 1623061.441977
Epoch [61/95], Total Loss: 1600091.3737, NLL: 2.8360, Masked: 28.3355, Reg: 1600085.194623
Epoch [62/95], Total Loss: 1577588.6347, NLL: 2.8360, Masked: 28.3292, Reg: 1577582.399032
Epoch [63/95], Total Loss: 1555571.5975, NLL: 2.8360, Masked: 28.3372, Reg: 1555565.365628
Epoch [64/95], Total Loss: 1534035.2462, NLL: 2.8360, Masked: 28.3293, Reg: 1534029.059548
Epoch [65/95], Total Loss: 1512972.3081, NLL: 2.8360, Masked: 28.3347, Reg: 1512966.139786
Epoch [66/95], Total Loss: 1492396.3508, NLL: 2.8360, Masked: 28.3247, Reg: 1492390.150239
Epoch [67/95], Total Loss: 1472303.4182, NLL: 2.8359, Masked: 28.3381, Reg: 1472297.239032
Epoch [68/95], Total Loss: 1452678.1004, NLL: 2.8359, Masked: 28.3082, Reg: 1452671.841589
Epoch [69/95], Total Loss: 1433537.0686, NLL: 2.8359, Masked: 28.3375, Reg: 1433530.909909
Epoch [70/95], Total Loss: 1414869.3373, NLL: 2.8359, Masked: 28.3341, Reg: 1414863.138920
Epoch [71/95], Total Loss: 1396695.7343, NLL: 2.8359, Masked: 28.3231, Reg: 1396689.528831
Epoch [72/95], Total Loss: 1378988.8373, NLL: 2.8359, Masked: 28.3128, Reg: 1378982.626603
Epoch [73/95], Total Loss: 1361759.7356, NLL: 2.8359, Masked: 28.3284, Reg: 1361753.505449
Epoch [74/95], Total Loss: 1345026.6805, NLL: 2.8358, Masked: 28.3285, Reg: 1345020.486714
Epoch [75/95], Total Loss: 1328766.2140, NLL: 2.8358, Masked: 28.3268, Reg: 1328760.091403
Epoch [76/95], Total Loss: 1312987.1335, NLL: 2.8358, Masked: 28.3195, Reg: 1312980.915182
Epoch [77/95], Total Loss: 1297688.7644, NLL: 2.8358, Masked: 28.3176, Reg: 1297682.542325
Epoch [78/95], Total Loss: 1282867.5547, NLL: 2.8358, Masked: 28.3324, Reg: 1282861.415767
Epoch [79/95], Total Loss: 1268536.6047, NLL: 2.8358, Masked: 28.3090, Reg: 1268530.446150
Epoch [80/95], Total Loss: 1254676.5492, NLL: 2.8357, Masked: 28.2745, Reg: 1254670.349782
Epoch [81/95], Total Loss: 1241297.9767, NLL: 2.8357, Masked: 28.3395, Reg: 1241291.777914
Epoch [82/95], Total Loss: 1228392.6809, NLL: 2.8357, Masked: 28.3189, Reg: 1228386.496691
Epoch [83/95], Total Loss: 1215976.5047, NLL: 2.8357, Masked: 28.3199, Reg: 1215970.290394
Epoch [84/95], Total Loss: 1204041.2784, NLL: 2.8357, Masked: 28.3256, Reg: 1204035.117139
Epoch [85/95], Total Loss: 1192594.7220, NLL: 2.8357, Masked: 28.3270, Reg: 1192588.564126
Epoch [86/95], Total Loss: 1181614.9381, NLL: 2.8357, Masked: 28.2959, Reg: 1181608.736428
Epoch [87/95], Total Loss: 1171120.9725, NLL: 2.8356, Masked: 28.3263, Reg: 1171114.789963
Epoch [88/95], Total Loss: 1161108.3407, NLL: 2.8356, Masked: 28.3040, Reg: 1161102.165431
Epoch [89/95], Total Loss: 1151569.6250, NLL: 2.8356, Masked: 28.2910, Reg: 1151563.440490
Epoch [90/95], Total Loss: 1142517.0852, NLL: 2.8356, Masked: 28.3128, Reg: 1142510.948314
Epoch [91/95], Total Loss: 1133953.2038, NLL: 2.8356, Masked: 28.3381, Reg: 1133947.010623
Epoch [92/95], Total Loss: 1125862.2148, NLL: 2.8356, Masked: 28.2985, Reg: 1125856.031992
Epoch [93/95], Total Loss: 1118253.9322, NLL: 2.8356, Masked: 28.3331, Reg: 1118247.748694
Epoch [94/95], Total Loss: 1111115.8335, NLL: 2.8355, Masked: 28.3214, Reg: 1111109.624365
Epoch [95/95], Total Loss: 1104468.2500, NLL: 2.8355, Masked: 28.3072, Reg: 1104462.078317

==================================================
EVALUATING ON TRAINING DATA
==================================================

==================================================
TEST RESULTS
==================================================
Total Loss: 1100366.983475
  - ZINB NLL: 2.835521
Total number of masked values: 116670
  - Number of values with pi >= 0.39142000871891985: 0
  - Number of values with pi < 0.39142000871891985: 116670
  - Masked Reconstruction: 28.337033
  - Regularization: 1100360.811424
Mean Absolute Error (MAE): 25.242262
R² Score: -32.686722
==================================================


==================================================
TEST RESULTS
==================================================
Total Loss: 1100366.935185
  - ZINB NLL: 2.886811
Total number of masked values: 130111
  - Number of values with pi >= 0.39142000871891985: 0
  - Number of values with pi < 0.39142000871891985: 130111
  - Masked Reconstruction: 27.275334
  - Regularization: 1100360.811424
Mean Absolute Error (MAE): 26.316141
R² Score: -31.150818
==================================================


>>> Optimizing zinb_nll on VALIDATION set: 2.886811
>>> Full validation metrics: {'total_loss': 1100366.9351851852, 'zinb_nll': 2.8868105264357578, 'mae': 26.31614112854004, 'r2': -31.15081787109375, 'masked_loss': 27.27533389903881, 'reg_loss': 1100360.8114243373}


*** Checkpoint saved at iteration 10 ***

Iteration No: 10 ended. Evaluation done at random point.
Time taken: 77.8057
Function value obtained: 2.8868
Current minimum: 1.5830
Iteration No: 11 started. Evaluating function at random point.

================================================================================
Trial with parameters:
  features: Nucl
  step_size: 0.6687200902053233
  bin_size: 44
  sample_fraction: 0.3915303312560346
  moving_average: True
  first_layer_size_factor: 71
  num_layers: 4
  use_conv: False
  conv_channel: 61
  pool_size: 7
  kernel_size: 9
  epochs: 142
  batch_size: 128
  pi_threshold: 0.5675953018856914
  learning_rate: 0.000552153544352159
  dropout_rate: 0.18614138328087157
  masked_recon_weight: 5.761476168524977
  regularizer: none
  regularization_weight: 0.00097150898865914
================================================================================

len(layers): 4
Creating datasets with:
  features: ['Nucl']
  bin_size: 44
  moving_average: True
  data_point_length: 2000 (from 2000)
  step_size: 1337 (from fraction 0.6687200902053233)
  layers: [np.int64(1136), np.int64(568), np.int64(284), np.int64(142)] (first=1136, num=4)
  stride: 1 (fixed), padding: same (fixed)
  Using pre-determined chromosome split


Clipping outliers using 95th percentile * 1.5...
strain_yTW001: Clipping values above 134.25 (P95=89.50). Clipped 27529/1193409 values (2.31%)
strain_FD: Clipping values above 71.92 (P95=47.94). Clipped 95791/4127807 values (2.32%)
strain_dnrp: Clipping values above 243.00 (P95=162.00). Clipped 25649/1119454 values (2.29%)
strain_yEK19: Clipping values above 77.10 (P95=51.40). Clipped 83713/3893623 values (2.15%)
strain_yEK23: Clipping values above 72.00 (P95=48.00). Clipped 86381/3558407 values (2.43%)
strain_yWT03a: Clipping values above 15.00 (P95=10.00). Clipped 10602/347679 values (3.05%)
strain_yWT04a: Clipping values above 58.50 (P95=39.00). Clipped 21095/725406 values (2.91%)
strain_ylic137: Clipping values above 142.50 (P95=95.00). Clipped 28746/1112684 values (2.58%)

Splitting data using pre-determined chromosomes...
Standardizing features: ['Nucl']
Column order in final array (Dataset/Chrom split): ['Value', 'Nucleosome_Distance', 'Value_Raw', 'Size_Factor']
Removing 0 empty data points out of 41496
Column order in final array (Dataset/Chrom split): ['Value', 'Nucleosome_Distance', 'Value_Raw', 'Size_Factor']
Removing 0 empty data points out of 14592
Column order in final array (Dataset/Chrom split): ['Value', 'Nucleosome_Distance', 'Value_Raw', 'Size_Factor']
Removing 0 empty data points out of 16136
Datasets created with shapes:
  Train: (41496, 2000, 4)
  Val: (14592, 2000, 4)
  Test: (16136, 2000, 4)
Datasets created:
  Train: (41496, 2000, 4), Val: (14592, 2000, 4), Test: (16136, 2000, 4)

Randomly sampled 16246/41496 samples (39.2%)
Applied denoising with 15.0% masking
Applied denoising with 15.0% masking
Applied denoising with 15.0% masking
Number of encoder layers: 4
Number of decoder layers (excluding heads): 4
Total number of layers including latent layer: 9
Epoch [1/142], Total Loss: 25.5735, NLL: 2.2774, Masked: 4.0434
Epoch [2/142], Total Loss: 16.0844, NLL: 2.2273, Masked: 2.4051
Epoch [3/142], Total Loss: 16.0850, NLL: 2.2273, Masked: 2.4052
Epoch [4/142], Total Loss: 16.0885, NLL: 2.2275, Masked: 2.4058
Epoch [5/142], Total Loss: 16.0872, NLL: 2.2281, Masked: 2.4055
Epoch [6/142], Total Loss: 16.0886, NLL: 2.2289, Masked: 2.4056
Epoch [7/142], Total Loss: 16.0882, NLL: 2.2296, Masked: 2.4054
Epoch [8/142], Total Loss: 16.0891, NLL: 2.2297, Masked: 2.4055
Epoch [9/142], Total Loss: 16.0911, NLL: 2.2297, Masked: 2.4059
Epoch [10/142], Total Loss: 16.0893, NLL: 2.2304, Masked: 2.4054
Epoch [11/142], Total Loss: 16.0916, NLL: 2.2305, Masked: 2.4058
Epoch [12/142], Total Loss: 16.0872, NLL: 2.2305, Masked: 2.4051
Epoch [13/142], Total Loss: 16.0880, NLL: 2.2305, Masked: 2.4052
Epoch [14/142], Total Loss: 16.0907, NLL: 2.2305, Masked: 2.4057
Epoch [15/142], Total Loss: 16.0855, NLL: 2.2305, Masked: 2.4048
Epoch [16/142], Total Loss: 16.0875, NLL: 2.2305, Masked: 2.4051
Epoch [17/142], Total Loss: 16.0891, NLL: 2.2305, Masked: 2.4054
Epoch [18/142], Total Loss: 16.0897, NLL: 2.2305, Masked: 2.4055
Epoch [19/142], Total Loss: 16.0870, NLL: 2.2305, Masked: 2.4050
Epoch [20/142], Total Loss: 16.0874, NLL: 2.2305, Masked: 2.4051
Epoch [21/142], Total Loss: 16.0883, NLL: 2.2305, Masked: 2.4053
Epoch [22/142], Total Loss: 16.0912, NLL: 2.2305, Masked: 2.4058
Epoch [23/142], Total Loss: 16.0934, NLL: 2.2305, Masked: 2.4061
Epoch [24/142], Total Loss: 16.0885, NLL: 2.2305, Masked: 2.4053
Epoch [25/142], Total Loss: 16.0914, NLL: 2.2305, Masked: 2.4058
Epoch [26/142], Total Loss: 16.0885, NLL: 2.2305, Masked: 2.4053
Epoch [27/142], Total Loss: 16.0921, NLL: 2.2305, Masked: 2.4059
Epoch [28/142], Total Loss: 16.0919, NLL: 2.2305, Masked: 2.4059
Epoch [29/142], Total Loss: 16.0915, NLL: 2.2305, Masked: 2.4058
Epoch [30/142], Total Loss: 16.0916, NLL: 2.2305, Masked: 2.4058
Epoch [31/142], Total Loss: 16.0894, NLL: 2.2305, Masked: 2.4055
Epoch [32/142], Total Loss: 16.0927, NLL: 2.2305, Masked: 2.4060
Epoch [33/142], Total Loss: 16.0865, NLL: 2.2305, Masked: 2.4049
Epoch [34/142], Total Loss: 16.0899, NLL: 2.2305, Masked: 2.4055
Epoch [35/142], Total Loss: 16.0878, NLL: 2.2305, Masked: 2.4052
Epoch [36/142], Total Loss: 16.0911, NLL: 2.2305, Masked: 2.4057
Epoch [37/142], Total Loss: 16.0882, NLL: 2.2305, Masked: 2.4052
Epoch [38/142], Total Loss: 16.0859, NLL: 2.2305, Masked: 2.4048
Epoch [39/142], Total Loss: 16.0870, NLL: 2.2305, Masked: 2.4050
Epoch [40/142], Total Loss: 16.0900, NLL: 2.2305, Masked: 2.4056
Epoch [41/142], Total Loss: 16.0894, NLL: 2.2305, Masked: 2.4054
Epoch [42/142], Total Loss: 16.0901, NLL: 2.2305, Masked: 2.4056
Epoch [43/142], Total Loss: 16.0915, NLL: 2.2305, Masked: 2.4058
Epoch [44/142], Total Loss: 16.0868, NLL: 2.2305, Masked: 2.4050
Epoch [45/142], Total Loss: 16.0839, NLL: 2.2305, Masked: 2.4045
Epoch [46/142], Total Loss: 16.0911, NLL: 2.2305, Masked: 2.4057
Epoch [47/142], Total Loss: 16.0875, NLL: 2.2305, Masked: 2.4051
Epoch [48/142], Total Loss: 16.0900, NLL: 2.2305, Masked: 2.4056
Epoch [49/142], Total Loss: 16.0884, NLL: 2.2305, Masked: 2.4053
Epoch [50/142], Total Loss: 16.0880, NLL: 2.2305, Masked: 2.4052
Epoch [51/142], Total Loss: 16.0903, NLL: 2.2305, Masked: 2.4056
Epoch [52/142], Total Loss: 16.0907, NLL: 2.2305, Masked: 2.4057
Epoch [53/142], Total Loss: 16.0909, NLL: 2.2305, Masked: 2.4057
Epoch [54/142], Total Loss: 16.0921, NLL: 2.2305, Masked: 2.4059
Epoch [55/142], Total Loss: 16.0868, NLL: 2.2305, Masked: 2.4050
Epoch [56/142], Total Loss: 16.0887, NLL: 2.2305, Masked: 2.4053
Epoch [57/142], Total Loss: 16.0895, NLL: 2.2305, Masked: 2.4055
Epoch [58/142], Total Loss: 16.0906, NLL: 2.2305, Masked: 2.4056
Epoch [59/142], Total Loss: 16.0901, NLL: 2.2305, Masked: 2.4056
Epoch [60/142], Total Loss: 16.0888, NLL: 2.2305, Masked: 2.4053
Epoch [61/142], Total Loss: 16.0892, NLL: 2.2305, Masked: 2.4054
Epoch [62/142], Total Loss: 16.0918, NLL: 2.2305, Masked: 2.4059
Epoch [63/142], Total Loss: 16.0911, NLL: 2.2305, Masked: 2.4057
Epoch [64/142], Total Loss: 16.0897, NLL: 2.2305, Masked: 2.4055
Epoch [65/142], Total Loss: 16.0864, NLL: 2.2305, Masked: 2.4049
Epoch [66/142], Total Loss: 16.0914, NLL: 2.2305, Masked: 2.4058
Epoch [67/142], Total Loss: 16.0884, NLL: 2.2305, Masked: 2.4053
Epoch [68/142], Total Loss: 16.0868, NLL: 2.2305, Masked: 2.4050
Epoch [69/142], Total Loss: 16.0903, NLL: 2.2305, Masked: 2.4056
Epoch [70/142], Total Loss: 16.0922, NLL: 2.2305, Masked: 2.4059
Epoch [71/142], Total Loss: 16.0930, NLL: 2.2305, Masked: 2.4061
Epoch [72/142], Total Loss: 16.0907, NLL: 2.2305, Masked: 2.4057
Epoch [73/142], Total Loss: 16.0885, NLL: 2.2305, Masked: 2.4053
Epoch [74/142], Total Loss: 16.0880, NLL: 2.2305, Masked: 2.4052
Epoch [75/142], Total Loss: 16.0861, NLL: 2.2305, Masked: 2.4049
Epoch [76/142], Total Loss: 16.0879, NLL: 2.2305, Masked: 2.4052
Epoch [77/142], Total Loss: 16.0867, NLL: 2.2305, Masked: 2.4050
Epoch [78/142], Total Loss: 16.0919, NLL: 2.2305, Masked: 2.4059
Epoch [79/142], Total Loss: 16.0907, NLL: 2.2305, Masked: 2.4057
Epoch [80/142], Total Loss: 16.0879, NLL: 2.2305, Masked: 2.4052
Epoch [81/142], Total Loss: 16.0930, NLL: 2.2305, Masked: 2.4061
Epoch [82/142], Total Loss: 16.0935, NLL: 2.2305, Masked: 2.4062
Epoch [83/142], Total Loss: 16.0888, NLL: 2.2305, Masked: 2.4053
Epoch [84/142], Total Loss: 16.0876, NLL: 2.2305, Masked: 2.4051
Epoch [85/142], Total Loss: 16.0920, NLL: 2.2305, Masked: 2.4059
Epoch [86/142], Total Loss: 16.0864, NLL: 2.2305, Masked: 2.4049
Epoch [87/142], Total Loss: 16.0929, NLL: 2.2305, Masked: 2.4060
Epoch [88/142], Total Loss: 16.0857, NLL: 2.2305, Masked: 2.4048
Epoch [89/142], Total Loss: 16.0855, NLL: 2.2305, Masked: 2.4048
Epoch [90/142], Total Loss: 16.0882, NLL: 2.2305, Masked: 2.4052
Epoch [91/142], Total Loss: 16.0869, NLL: 2.2305, Masked: 2.4050
Epoch [92/142], Total Loss: 16.0936, NLL: 2.2305, Masked: 2.4062
Epoch [93/142], Total Loss: 16.0842, NLL: 2.2305, Masked: 2.4045
Epoch [94/142], Total Loss: 16.0910, NLL: 2.2305, Masked: 2.4057
Epoch [95/142], Total Loss: 16.0904, NLL: 2.2305, Masked: 2.4056
Epoch [96/142], Total Loss: 16.0902, NLL: 2.2305, Masked: 2.4056
Epoch [97/142], Total Loss: 16.0929, NLL: 2.2305, Masked: 2.4061
Epoch [98/142], Total Loss: 16.0891, NLL: 2.2305, Masked: 2.4054
Epoch [99/142], Total Loss: 16.0912, NLL: 2.2305, Masked: 2.4058
Epoch [100/142], Total Loss: 16.0903, NLL: 2.2305, Masked: 2.4056
Epoch [101/142], Total Loss: 16.0898, NLL: 2.2305, Masked: 2.4055
Epoch [102/142], Total Loss: 16.0877, NLL: 2.2305, Masked: 2.4052
Epoch [103/142], Total Loss: 16.0897, NLL: 2.2305, Masked: 2.4055
Epoch [104/142], Total Loss: 16.0897, NLL: 2.2305, Masked: 2.4055
Epoch [105/142], Total Loss: 16.0903, NLL: 2.2305, Masked: 2.4056
Epoch [106/142], Total Loss: 16.0897, NLL: 2.2305, Masked: 2.4055
Epoch [107/142], Total Loss: 16.0879, NLL: 2.2305, Masked: 2.4052
Epoch [108/142], Total Loss: 16.0878, NLL: 2.2305, Masked: 2.4052
Epoch [109/142], Total Loss: 16.0862, NLL: 2.2305, Masked: 2.4049
Epoch [110/142], Total Loss: 16.0895, NLL: 2.2305, Masked: 2.4055
Epoch [111/142], Total Loss: 16.0940, NLL: 2.2305, Masked: 2.4062
Epoch [112/142], Total Loss: 16.0898, NLL: 2.2305, Masked: 2.4055
Epoch [113/142], Total Loss: 16.0930, NLL: 2.2305, Masked: 2.4061
Epoch [114/142], Total Loss: 16.0877, NLL: 2.2305, Masked: 2.4052
Epoch [115/142], Total Loss: 16.0906, NLL: 2.2305, Masked: 2.4057
Epoch [116/142], Total Loss: 16.0910, NLL: 2.2305, Masked: 2.4057
Epoch [117/142], Total Loss: 16.0904, NLL: 2.2305, Masked: 2.4056
Epoch [118/142], Total Loss: 16.0850, NLL: 2.2305, Masked: 2.4047
Epoch [119/142], Total Loss: 16.0906, NLL: 2.2305, Masked: 2.4056
Epoch [120/142], Total Loss: 16.0926, NLL: 2.2305, Masked: 2.4060
Epoch [121/142], Total Loss: 16.0864, NLL: 2.2305, Masked: 2.4049
Epoch [122/142], Total Loss: 16.0919, NLL: 2.2305, Masked: 2.4059
Epoch [123/142], Total Loss: 16.0896, NLL: 2.2305, Masked: 2.4055
Epoch [124/142], Total Loss: 16.0910, NLL: 2.2305, Masked: 2.4057
Epoch [125/142], Total Loss: 16.0891, NLL: 2.2305, Masked: 2.4054
Epoch [126/142], Total Loss: 16.0907, NLL: 2.2305, Masked: 2.4057
Epoch [127/142], Total Loss: 16.0861, NLL: 2.2305, Masked: 2.4049
Epoch [128/142], Total Loss: 16.0915, NLL: 2.2305, Masked: 2.4058
Epoch [129/142], Total Loss: 16.0851, NLL: 2.2305, Masked: 2.4047
Epoch [130/142], Total Loss: 16.0900, NLL: 2.2305, Masked: 2.4056
Epoch [131/142], Total Loss: 16.0884, NLL: 2.2305, Masked: 2.4053
Epoch [132/142], Total Loss: 16.0832, NLL: 2.2305, Masked: 2.4044
Epoch [133/142], Total Loss: 16.0910, NLL: 2.2305, Masked: 2.4057
Epoch [134/142], Total Loss: 16.0896, NLL: 2.2305, Masked: 2.4055
Epoch [135/142], Total Loss: 16.0902, NLL: 2.2305, Masked: 2.4056
Epoch [136/142], Total Loss: 16.0898, NLL: 2.2305, Masked: 2.4055
Epoch [137/142], Total Loss: 16.0917, NLL: 2.2305, Masked: 2.4058
Epoch [138/142], Total Loss: 16.0899, NLL: 2.2305, Masked: 2.4055
Epoch [139/142], Total Loss: 16.0942, NLL: 2.2305, Masked: 2.4063
Epoch [140/142], Total Loss: 16.0911, NLL: 2.2305, Masked: 2.4057
Epoch [141/142], Total Loss: 16.0906, NLL: 2.2305, Masked: 2.4057
Epoch [142/142], Total Loss: 16.0875, NLL: 2.2305, Masked: 2.4051

==================================================
EVALUATING ON TRAINING DATA
==================================================

==================================================
TEST RESULTS
==================================================
Total Loss: 16.087152
  - ZINB NLL: 2.230488
Total number of masked values: 4019637
  - Number of values with pi >= 0.5675953018856914: 0
  - Number of values with pi < 0.5675953018856914: 4019637
  - Masked Reconstruction: 2.405054
Mean Absolute Error (MAE): 2.160293
R² Score: -0.074891
==================================================


==================================================
TEST RESULTS
==================================================
Total Loss: 15.867172
  - ZINB NLL: 2.272432
Total number of masked values: 3613420
  - Number of values with pi >= 0.5675953018856914: 0
  - Number of values with pi < 0.5675953018856914: 3613420
  - Masked Reconstruction: 2.359593
Mean Absolute Error (MAE): 2.218381
R² Score: -0.064087
==================================================


>>> Optimizing zinb_nll on VALIDATION set: 2.272432
>>> Full validation metrics: {'total_loss': 15.867171638890317, 'zinb_nll': 2.2724322258380423, 'mae': 2.21838116645813, 'r2': -0.0640871524810791, 'masked_loss': 2.359593166071072}

Iteration No: 11 ended. Evaluation done at random point.
Time taken: 711.3120
Function value obtained: 2.2724
Current minimum: 1.5830
Iteration No: 12 started. Evaluating function at random point.

================================================================================
Trial with parameters:
  features: Centr_Nucl
  step_size: 0.6142103151896701
  bin_size: 23
  sample_fraction: 0.9958430969581157
  moving_average: True
  first_layer_size_factor: 6
  num_layers: 2
  use_conv: True
  conv_channel: 57
  pool_size: 6
  kernel_size: 7
  epochs: 67
  batch_size: 64
  pi_threshold: 0.503525630735504
  learning_rate: 0.0008109570516646228
  dropout_rate: 0.1252309093027921
  masked_recon_weight: 0.22881441989554124
  regularizer: none
  regularization_weight: 0.025538481491946197
================================================================================

len(layers): 2
Creating datasets with:
  features: ['Centr', 'Nucl']
  bin_size: 23
  moving_average: True
  data_point_length: 2000 (from 2000)
  step_size: 1228 (from fraction 0.6142103151896701)
  layers: [np.int64(96), np.int64(48)] (first=96, num=2)
  stride: 1 (fixed), padding: same (fixed)
  Using pre-determined chromosome split


Clipping outliers using 95th percentile * 1.5...
strain_yTW001: Clipping values above 134.25 (P95=89.50). Clipped 27529/1193409 values (2.31%)
strain_FD: Clipping values above 71.92 (P95=47.94). Clipped 95791/4127807 values (2.32%)
strain_dnrp: Clipping values above 243.00 (P95=162.00). Clipped 25649/1119454 values (2.29%)
strain_yEK19: Clipping values above 77.10 (P95=51.40). Clipped 83713/3893623 values (2.15%)
strain_yEK23: Clipping values above 72.00 (P95=48.00). Clipped 86381/3558407 values (2.43%)
strain_yWT03a: Clipping values above 15.00 (P95=10.00). Clipped 10602/347679 values (3.05%)
strain_yWT04a: Clipping values above 58.50 (P95=39.00). Clipped 21095/725406 values (2.91%)
strain_ylic137: Clipping values above 142.50 (P95=95.00). Clipped 28746/1112684 values (2.58%)

Splitting data using pre-determined chromosomes...
Standardizing features: ['Centr', 'Nucl']
Column order in final array (Dataset/Chrom split): ['Value', 'Nucleosome_Distance', 'Centromere_Distance', 'Value_Raw', 'Size_Factor']
Removing 0 empty data points out of 45168
Column order in final array (Dataset/Chrom split): ['Value', 'Nucleosome_Distance', 'Centromere_Distance', 'Value_Raw', 'Size_Factor']
Removing 0 empty data points out of 15888
Column order in final array (Dataset/Chrom split): ['Value', 'Nucleosome_Distance', 'Centromere_Distance', 'Value_Raw', 'Size_Factor']
Removing 0 empty data points out of 17576
Datasets created with shapes:
  Train: (45168, 2000, 5)
  Val: (15888, 2000, 5)
  Test: (17576, 2000, 5)
Datasets created:
  Train: (45168, 2000, 5), Val: (15888, 2000, 5), Test: (17576, 2000, 5)

Randomly sampled 44980/45168 samples (99.6%)
Applied denoising with 15.0% masking
Applied denoising with 15.0% masking
Applied denoising with 15.0% masking
Number of encoder layers: 2
Number of decoder layers (excluding heads): 2
Total number of layers including latent layer: 5
Epoch [1/67], Total Loss: 2.5499, NLL: 1.8525, Masked: 3.0478
Epoch [2/67], Total Loss: 2.3066, NLL: 1.7213, Masked: 2.5582
Epoch [3/67], Total Loss: 2.2338, NLL: 1.6730, Masked: 2.4507
Epoch [4/67], Total Loss: 2.2207, NLL: 1.6659, Masked: 2.4246
Epoch [5/67], Total Loss: 2.2064, NLL: 1.6579, Masked: 2.3973
Epoch [6/67], Total Loss: 2.1915, NLL: 1.6497, Masked: 2.3677
Epoch [7/67], Total Loss: 2.1768, NLL: 1.6413, Masked: 2.3404
Epoch [8/67], Total Loss: 2.1659, NLL: 1.6358, Masked: 2.3169
Epoch [9/67], Total Loss: 2.1582, NLL: 1.6321, Masked: 2.2994
Epoch [10/67], Total Loss: 2.1531, NLL: 1.6300, Masked: 2.2863
Epoch [11/67], Total Loss: 2.1501, NLL: 1.6289, Masked: 2.2780
Epoch [12/67], Total Loss: 2.1476, NLL: 1.6282, Masked: 2.2698
Epoch [13/67], Total Loss: 2.1448, NLL: 1.6269, Masked: 2.2631
Epoch [14/67], Total Loss: 2.1423, NLL: 1.6261, Masked: 2.2560
Epoch [15/67], Total Loss: 2.1400, NLL: 1.6254, Masked: 2.2489
Epoch [16/67], Total Loss: 2.1396, NLL: 1.6252, Masked: 2.2480
Epoch [17/67], Total Loss: 2.1374, NLL: 1.6246, Masked: 2.2414
Epoch [18/67], Total Loss: 2.1360, NLL: 1.6240, Masked: 2.2377
Epoch [19/67], Total Loss: 2.1347, NLL: 1.6237, Masked: 2.2333
Epoch [20/67], Total Loss: 2.1326, NLL: 1.6231, Masked: 2.2268
Epoch [21/67], Total Loss: 2.1318, NLL: 1.6228, Masked: 2.2246
Epoch [22/67], Total Loss: 2.1299, NLL: 1.6220, Masked: 2.2199
Epoch [23/67], Total Loss: 2.1279, NLL: 1.6213, Masked: 2.2137
Epoch [24/67], Total Loss: 2.1261, NLL: 1.6206, Masked: 2.2095
Epoch [25/67], Total Loss: 2.1248, NLL: 1.6201, Masked: 2.2055
Epoch [26/67], Total Loss: 2.1247, NLL: 1.6203, Masked: 2.2042
Epoch [27/67], Total Loss: 2.1220, NLL: 1.6192, Masked: 2.1973
Epoch [28/67], Total Loss: 2.1204, NLL: 1.6186, Masked: 2.1931
Epoch [29/67], Total Loss: 2.1194, NLL: 1.6181, Masked: 2.1909
Epoch [30/67], Total Loss: 2.1174, NLL: 1.6172, Masked: 2.1859
Epoch [31/67], Total Loss: 2.1166, NLL: 1.6171, Masked: 2.1831
Epoch [32/67], Total Loss: 2.1137, NLL: 1.6159, Masked: 2.1756
Epoch [33/67], Total Loss: 2.1127, NLL: 1.6155, Masked: 2.1730
Epoch [34/67], Total Loss: 2.1114, NLL: 1.6150, Masked: 2.1697
Epoch [35/67], Total Loss: 2.1097, NLL: 1.6143, Masked: 2.1654
Epoch [36/67], Total Loss: 2.1088, NLL: 1.6141, Masked: 2.1624
Epoch [37/67], Total Loss: 2.1075, NLL: 1.6136, Masked: 2.1586
Epoch [38/67], Total Loss: 2.1072, NLL: 1.6132, Masked: 2.1589
Epoch [39/67], Total Loss: 2.1061, NLL: 1.6129, Masked: 2.1556
Epoch [40/67], Total Loss: 2.1048, NLL: 1.6125, Masked: 2.1516
Epoch [41/67], Total Loss: 2.1040, NLL: 1.6123, Masked: 2.1488
Epoch [42/67], Total Loss: 2.1024, NLL: 1.6117, Masked: 2.1446
Epoch [43/67], Total Loss: 2.1009, NLL: 1.6108, Masked: 2.1420
Epoch [44/67], Total Loss: 2.1017, NLL: 1.6110, Masked: 2.1447
Epoch [45/67], Total Loss: 2.1007, NLL: 1.6106, Masked: 2.1419
Epoch [46/67], Total Loss: 2.0992, NLL: 1.6101, Masked: 2.1378
Epoch [47/67], Total Loss: 2.0988, NLL: 1.6101, Masked: 2.1359
Epoch [48/67], Total Loss: 2.0971, NLL: 1.6091, Masked: 2.1326
Epoch [49/67], Total Loss: 2.0978, NLL: 1.6094, Masked: 2.1344
Epoch [50/67], Total Loss: 2.0977, NLL: 1.6093, Masked: 2.1346
Epoch [51/67], Total Loss: 2.0962, NLL: 1.6090, Masked: 2.1292
Epoch [52/67], Total Loss: 2.0959, NLL: 1.6085, Masked: 2.1302
Epoch [53/67], Total Loss: 2.0947, NLL: 1.6081, Masked: 2.1264
Epoch [54/67], Total Loss: 2.0938, NLL: 1.6079, Masked: 2.1236
Epoch [55/67], Total Loss: 2.0944, NLL: 1.6080, Masked: 2.1258
Epoch [56/67], Total Loss: 2.0932, NLL: 1.6075, Masked: 2.1226
Epoch [57/67], Total Loss: 2.0925, NLL: 1.6073, Masked: 2.1205
Epoch [58/67], Total Loss: 2.0919, NLL: 1.6069, Masked: 2.1194
Epoch [59/67], Total Loss: 2.0922, NLL: 1.6071, Masked: 2.1199
Epoch [60/67], Total Loss: 2.0906, NLL: 1.6064, Masked: 2.1161
Epoch [61/67], Total Loss: 2.0899, NLL: 1.6060, Masked: 2.1146
Epoch [62/67], Total Loss: 2.0896, NLL: 1.6058, Masked: 2.1145
Epoch [63/67], Total Loss: 2.0891, NLL: 1.6057, Masked: 2.1128
Epoch [64/67], Total Loss: 2.0884, NLL: 1.6055, Masked: 2.1107
Epoch [65/67], Total Loss: 2.0887, NLL: 1.6056, Masked: 2.1117
Epoch [66/67], Total Loss: 2.0883, NLL: 1.6056, Masked: 2.1094
Epoch [67/67], Total Loss: 2.0875, NLL: 1.6051, Masked: 2.1082

==================================================
EVALUATING ON TRAINING DATA
==================================================

==================================================
TEST RESULTS
==================================================
Total Loss: 2.050122
  - ZINB NLL: 1.584241
Total number of masked values: 9665265
  - Number of values with pi >= 0.503525630735504: 0
  - Number of values with pi < 0.503525630735504: 9665265
  - Masked Reconstruction: 2.036067
Mean Absolute Error (MAE): 1.827035
R² Score: 0.566687
==================================================


==================================================
TEST RESULTS
==================================================
Total Loss: 2.070334
  - ZINB NLL: 1.599597
Total number of masked values: 3412154
  - Number of values with pi >= 0.503525630735504: 0
  - Number of values with pi < 0.503525630735504: 3412154
  - Masked Reconstruction: 2.057287
Mean Absolute Error (MAE): 1.891753
R² Score: 0.496458
==================================================


>>> Optimizing zinb_nll on VALIDATION set: 1.599597
>>> Full validation metrics: {'total_loss': 2.0703336753153727, 'zinb_nll': 1.5995966691865182, 'mae': 1.8917527198791504, 'r2': 0.4964575171470642, 'masked_loss': 2.057287302622262}

Iteration No: 12 ended. Evaluation done at random point.
Time taken: 839.7980
Function value obtained: 1.5996
Current minimum: 1.5830
Iteration No: 13 started. Evaluating function at random point.

================================================================================
Trial with parameters:
  features: Nucl
  step_size: 0.5757957741328216
  bin_size: 18
  sample_fraction: 0.7338275215229237
  moving_average: False
  first_layer_size_factor: 87
  num_layers: 2
  use_conv: True
  conv_channel: 80
  pool_size: 7
  kernel_size: 3
  epochs: 149
  batch_size: 64
  pi_threshold: 0.41182413671870344
  learning_rate: 0.004471796861411282
  dropout_rate: 0.373859386948707
  masked_recon_weight: 6.49063800056711
  regularizer: l1
  regularization_weight: 0.07402096929877426
================================================================================

len(layers): 2
Creating datasets with:
  features: ['Nucl']
  bin_size: 18
  moving_average: False
  data_point_length: 2000 (from 2000)
  step_size: 1151 (from fraction 0.5757957741328216)
  layers: [np.int64(1392), np.int64(696)] (first=1392, num=2)
  stride: 1 (fixed), padding: same (fixed)
  Using pre-determined chromosome split


Clipping outliers using 95th percentile * 1.5...
strain_yTW001: Clipping values above 134.25 (P95=89.50). Clipped 27529/1193409 values (2.31%)
strain_FD: Clipping values above 71.92 (P95=47.94). Clipped 95791/4127807 values (2.32%)
strain_dnrp: Clipping values above 243.00 (P95=162.00). Clipped 25649/1119454 values (2.29%)
strain_yEK19: Clipping values above 77.10 (P95=51.40). Clipped 83713/3893623 values (2.15%)
strain_yEK23: Clipping values above 72.00 (P95=48.00). Clipped 86381/3558407 values (2.43%)
strain_yWT03a: Clipping values above 15.00 (P95=10.00). Clipped 10602/347679 values (3.05%)
strain_yWT04a: Clipping values above 58.50 (P95=39.00). Clipped 21095/725406 values (2.91%)
strain_ylic137: Clipping values above 142.50 (P95=95.00). Clipped 28746/1112684 values (2.58%)

Splitting data using pre-determined chromosomes...
Standardizing features: ['Nucl']
Column order in final array (Dataset/Chrom split): ['Value', 'Nucleosome_Distance', 'Value_Raw', 'Size_Factor']
Removing 0 empty data points out of 2664
Column order in final array (Dataset/Chrom split): ['Value', 'Nucleosome_Distance', 'Value_Raw', 'Size_Factor']
Removing 0 empty data points out of 936
Column order in final array (Dataset/Chrom split): ['Value', 'Nucleosome_Distance', 'Value_Raw', 'Size_Factor']
Removing 0 empty data points out of 1040
Datasets created with shapes:
  Train: (2664, 2000, 4)
  Val: (936, 2000, 4)
  Test: (1040, 2000, 4)
Datasets created:
  Train: (2664, 2000, 4), Val: (936, 2000, 4), Test: (1040, 2000, 4)

Randomly sampled 1954/2664 samples (73.4%)
Applied denoising with 15.0% masking
Applied denoising with 15.0% masking
Applied denoising with 15.0% masking
Number of encoder layers: 2
Number of decoder layers (excluding heads): 2
Total number of layers including latent layer: 5
Epoch [1/149], Total Loss: 4658.0396, NLL: 2.8538, Masked: 28.3247, Reg: 4471.340509
Epoch [2/149], Total Loss: 2451.0147, NLL: 2.8060, Masked: 26.4839, Reg: 2276.311167
Epoch [3/149], Total Loss: 2318.1295, NLL: 2.7691, Masked: 25.0939, Reg: 2152.484764
Epoch [4/149], Total Loss: 2280.3361, NLL: 2.7393, Masked: 24.0270, Reg: 2121.646336
Epoch [5/149], Total Loss: 2274.9615, NLL: 2.7180, Masked: 23.2996, Reg: 2121.014119
Epoch [6/149], Total Loss: 2244.0767, NLL: 2.7034, Masked: 22.7441, Reg: 2093.749269
Epoch [7/149], Total Loss: 2219.1139, NLL: 2.6935, Masked: 22.3218, Reg: 2071.537867
Epoch [8/149], Total Loss: 2205.2602, NLL: 2.6878, Masked: 21.9761, Reg: 2059.933287
Epoch [9/149], Total Loss: 2183.3318, NLL: 2.6880, Masked: 21.7763, Reg: 2039.301626
Epoch [10/149], Total Loss: 2171.3204, NLL: 2.6936, Masked: 21.6267, Reg: 2028.255992
Epoch [11/149], Total Loss: 2136.3281, NLL: 2.7015, Masked: 21.4686, Reg: 1994.281549
Epoch [12/149], Total Loss: 2104.9155, NLL: 2.7143, Masked: 19.2454, Reg: 1977.286189
Epoch [13/149], Total Loss: 1966.9419, NLL: 2.7859, Masked: 3.2723, Reg: 1942.916835
Epoch [14/149], Total Loss: 1912.7715, NLL: 2.9055, Masked: 3.2712, Reg: 1888.634067
Epoch [15/149], Total Loss: 1900.5874, NLL: 2.9395, Masked: 3.2719, Reg: 1876.411454
Epoch [16/149], Total Loss: 1898.5594, NLL: 2.9414, Masked: 3.2708, Reg: 1874.388373
Epoch [17/149], Total Loss: 1907.8180, NLL: 2.9415, Masked: 3.2684, Reg: 1883.662497
Epoch [18/149], Total Loss: 1894.8203, NLL: 2.9414, Masked: 3.2690, Reg: 1870.660791
Epoch [19/149], Total Loss: 1892.7714, NLL: 2.9414, Masked: 3.2652, Reg: 1868.636856
Epoch [20/149], Total Loss: 1899.8680, NLL: 2.9414, Masked: 3.2721, Reg: 1875.688327
Epoch [21/149], Total Loss: 1892.0962, NLL: 2.9414, Masked: 3.2681, Reg: 1867.942685
Epoch [22/149], Total Loss: 1895.8716, NLL: 2.9415, Masked: 3.2687, Reg: 1871.714196
Epoch [23/149], Total Loss: 1901.6518, NLL: 2.9415, Masked: 3.2699, Reg: 1877.486662
Epoch [24/149], Total Loss: 1906.6437, NLL: 2.9415, Masked: 3.2684, Reg: 1882.488247
Epoch [25/149], Total Loss: 1888.5918, NLL: 2.9415, Masked: 3.2684, Reg: 1864.436284
Epoch [26/149], Total Loss: 1892.8110, NLL: 2.9415, Masked: 3.2693, Reg: 1868.649770
Epoch [27/149], Total Loss: 1901.2779, NLL: 2.9415, Masked: 3.2711, Reg: 1877.105036
Epoch [28/149], Total Loss: 1894.8145, NLL: 2.9415, Masked: 3.2705, Reg: 1870.645413
Epoch [29/149], Total Loss: 1896.6427, NLL: 2.9415, Masked: 3.2682, Reg: 1872.488745
Epoch [30/149], Total Loss: 1896.0482, NLL: 2.9414, Masked: 3.2691, Reg: 1871.888549
Epoch [31/149], Total Loss: 1904.0068, NLL: 2.9414, Masked: 3.2673, Reg: 1879.858692
Epoch [32/149], Total Loss: 1896.8168, NLL: 2.9414, Masked: 3.2685, Reg: 1872.660554
Epoch [33/149], Total Loss: 1886.2511, NLL: 2.9414, Masked: 3.2698, Reg: 1862.086365
Epoch [34/149], Total Loss: 1908.5678, NLL: 2.9415, Masked: 3.2696, Reg: 1884.404794
Epoch [35/149], Total Loss: 1900.0182, NLL: 2.9415, Masked: 3.2691, Reg: 1875.858297
Epoch [36/149], Total Loss: 1891.2398, NLL: 2.9415, Masked: 3.2695, Reg: 1867.077151
Epoch [37/149], Total Loss: 1896.5508, NLL: 2.9415, Masked: 3.2678, Reg: 1872.399512
Epoch [38/149], Total Loss: 1898.2194, NLL: 2.9415, Masked: 3.2710, Reg: 1874.046862
Epoch [39/149], Total Loss: 1901.7300, NLL: 2.9415, Masked: 3.2693, Reg: 1877.568454
Epoch [40/149], Total Loss: 1889.1356, NLL: 2.9415, Masked: 3.2664, Reg: 1864.993170
Epoch [41/149], Total Loss: 1904.2893, NLL: 2.9414, Masked: 3.2691, Reg: 1880.129534
Epoch [42/149], Total Loss: 1900.2988, NLL: 2.9414, Masked: 3.2690, Reg: 1876.139739
Epoch [43/149], Total Loss: 1892.9371, NLL: 2.9414, Masked: 3.2672, Reg: 1868.789248
Epoch [44/149], Total Loss: 1891.1601, NLL: 2.9414, Masked: 3.2667, Reg: 1867.015895
Epoch [45/149], Total Loss: 1897.8387, NLL: 2.9415, Masked: 3.2682, Reg: 1873.684887
Epoch [46/149], Total Loss: 1902.4747, NLL: 2.9415, Masked: 3.2694, Reg: 1878.312766
Epoch [47/149], Total Loss: 1896.5792, NLL: 2.9415, Masked: 3.2682, Reg: 1872.424753
Epoch [48/149], Total Loss: 1899.5223, NLL: 2.9415, Masked: 3.2696, Reg: 1875.359110
Epoch [49/149], Total Loss: 1897.5765, NLL: 2.9415, Masked: 3.2714, Reg: 1873.401521
Epoch [50/149], Total Loss: 1889.4947, NLL: 2.9415, Masked: 3.2703, Reg: 1865.326714
Epoch [51/149], Total Loss: 1896.7729, NLL: 2.9415, Masked: 3.2681, Reg: 1872.619249
Epoch [52/149], Total Loss: 1893.4728, NLL: 2.9415, Masked: 3.2700, Reg: 1869.306930
Epoch [53/149], Total Loss: 1903.1170, NLL: 2.9414, Masked: 3.2689, Reg: 1878.958525
Epoch [54/149], Total Loss: 1894.8162, NLL: 2.9414, Masked: 3.2687, Reg: 1870.658851
Epoch [55/149], Total Loss: 1897.3753, NLL: 2.9414, Masked: 3.2685, Reg: 1873.219080
Epoch [56/149], Total Loss: 1903.2412, NLL: 2.9414, Masked: 3.2673, Reg: 1879.093012
Epoch [57/149], Total Loss: 1889.8472, NLL: 2.9415, Masked: 3.2671, Reg: 1865.700588
Epoch [58/149], Total Loss: 1900.8236, NLL: 2.9415, Masked: 3.2687, Reg: 1876.666534
Epoch [59/149], Total Loss: 1901.5464, NLL: 2.9415, Masked: 3.2699, Reg: 1877.381123
Epoch [60/149], Total Loss: 1898.2549, NLL: 2.9415, Masked: 3.2662, Reg: 1874.113901
Epoch [61/149], Total Loss: 1888.5689, NLL: 2.9415, Masked: 3.2735, Reg: 1864.380080
Epoch [62/149], Total Loss: 1892.0627, NLL: 2.9415, Masked: 3.2695, Reg: 1867.899939
Epoch [63/149], Total Loss: 1902.9472, NLL: 2.9415, Masked: 3.2685, Reg: 1878.791149
Epoch [64/149], Total Loss: 1896.2596, NLL: 2.9414, Masked: 3.2689, Reg: 1872.101047
Epoch [65/149], Total Loss: 1898.8799, NLL: 2.9414, Masked: 3.2712, Reg: 1874.706384
Epoch [66/149], Total Loss: 1904.3379, NLL: 2.9414, Masked: 3.2692, Reg: 1880.177282
Epoch [67/149], Total Loss: 1896.8105, NLL: 2.9414, Masked: 3.2693, Reg: 1872.649370
Epoch [68/149], Total Loss: 1891.4195, NLL: 2.9415, Masked: 3.2692, Reg: 1867.258909
Epoch [69/149], Total Loss: 1887.1547, NLL: 2.9415, Masked: 3.2707, Reg: 1862.984391
Epoch [70/149], Total Loss: 1903.4378, NLL: 2.9415, Masked: 3.2716, Reg: 1879.261462
Epoch [71/149], Total Loss: 1903.7159, NLL: 2.9415, Masked: 3.2687, Reg: 1879.558816
Epoch [72/149], Total Loss: 1890.1726, NLL: 2.9415, Masked: 3.2727, Reg: 1865.989456
Epoch [73/149], Total Loss: 1900.3476, NLL: 2.9415, Masked: 3.2679, Reg: 1876.195559
Epoch [74/149], Total Loss: 1897.4155, NLL: 2.9415, Masked: 3.2701, Reg: 1873.248927
Epoch [75/149], Total Loss: 1900.6471, NLL: 2.9415, Masked: 3.2720, Reg: 1876.468391
Epoch [76/149], Total Loss: 1887.0819, NLL: 2.9415, Masked: 3.2715, Reg: 1862.906327
Epoch [77/149], Total Loss: 1899.7110, NLL: 2.9414, Masked: 3.2661, Reg: 1875.570843
Epoch [78/149], Total Loss: 1904.5628, NLL: 2.9414, Masked: 3.2720, Reg: 1880.384205
Epoch [79/149], Total Loss: 1889.3819, NLL: 2.9414, Masked: 3.2696, Reg: 1865.218919
Epoch [80/149], Total Loss: 1895.1277, NLL: 2.9415, Masked: 3.2710, Reg: 1870.955503
Epoch [81/149], Total Loss: 1901.4263, NLL: 2.9415, Masked: 3.2703, Reg: 1877.258407
Epoch [82/149], Total Loss: 1901.4522, NLL: 2.9415, Masked: 3.2725, Reg: 1877.270128
Epoch [83/149], Total Loss: 1896.7878, NLL: 2.9415, Masked: 3.2683, Reg: 1872.633166
Epoch [84/149], Total Loss: 1891.0716, NLL: 2.9415, Masked: 3.2688, Reg: 1866.913796
Epoch [85/149], Total Loss: 1899.6489, NLL: 2.9415, Masked: 3.2725, Reg: 1875.466751
Epoch [86/149], Total Loss: 1891.3608, NLL: 2.9415, Masked: 3.2687, Reg: 1867.203436
Epoch [87/149], Total Loss: 1891.3029, NLL: 2.9415, Masked: 3.2678, Reg: 1867.151474
Epoch [88/149], Total Loss: 1904.0661, NLL: 2.9414, Masked: 3.2693, Reg: 1879.904972
Epoch [89/149], Total Loss: 1905.6573, NLL: 2.9414, Masked: 3.2694, Reg: 1881.495523
Epoch [90/149], Total Loss: 1894.5672, NLL: 2.9414, Masked: 3.2720, Reg: 1870.388703
Epoch [91/149], Total Loss: 1893.6068, NLL: 2.9414, Masked: 3.2713, Reg: 1869.432404
Epoch [92/149], Total Loss: 1898.2971, NLL: 2.9415, Masked: 3.2684, Reg: 1874.141882
Epoch [93/149], Total Loss: 1891.2440, NLL: 2.9415, Masked: 3.2708, Reg: 1867.072892
Epoch [94/149], Total Loss: 1895.2869, NLL: 2.9415, Masked: 3.2686, Reg: 1871.130252
Epoch [95/149], Total Loss: 1904.1781, NLL: 2.9415, Masked: 3.2705, Reg: 1880.008866
Epoch [96/149], Total Loss: 1903.7841, NLL: 2.9415, Masked: 3.2690, Reg: 1879.624906
Epoch [97/149], Total Loss: 1890.1338, NLL: 2.9415, Masked: 3.2674, Reg: 1865.984695
Epoch [98/149], Total Loss: 1893.3733, NLL: 2.9415, Masked: 3.2694, Reg: 1869.211634
Epoch [99/149], Total Loss: 1899.1912, NLL: 2.9415, Masked: 3.2704, Reg: 1875.022818
Epoch [100/149], Total Loss: 1897.2631, NLL: 2.9414, Masked: 3.2713, Reg: 1873.089130
Epoch [101/149], Total Loss: 1893.9419, NLL: 2.9414, Masked: 3.2695, Reg: 1869.779376
Epoch [102/149], Total Loss: 1900.4640, NLL: 2.9415, Masked: 3.2719, Reg: 1876.286092
Epoch [103/149], Total Loss: 1903.6736, NLL: 2.9415, Masked: 3.2663, Reg: 1879.532161
Epoch [104/149], Total Loss: 1890.8506, NLL: 2.9415, Masked: 3.2708, Reg: 1866.679878
Epoch [105/149], Total Loss: 1895.3227, NLL: 2.9415, Masked: 3.2705, Reg: 1871.153858
Epoch [106/149], Total Loss: 1898.9074, NLL: 2.9415, Masked: 3.2685, Reg: 1874.751275
Epoch [107/149], Total Loss: 1897.5405, NLL: 2.9415, Masked: 3.2728, Reg: 1873.356826
Epoch [108/149], Total Loss: 1893.1504, NLL: 2.9415, Masked: 3.2698, Reg: 1868.986056
Epoch [109/149], Total Loss: 1889.7232, NLL: 2.9415, Masked: 3.2697, Reg: 1865.559081
Epoch [110/149], Total Loss: 1901.6469, NLL: 2.9415, Masked: 3.2696, Reg: 1877.483527
Epoch [111/149], Total Loss: 1898.8528, NLL: 2.9415, Masked: 3.2712, Reg: 1874.679029
Epoch [112/149], Total Loss: 1893.3253, NLL: 2.9414, Masked: 3.2695, Reg: 1869.162615
Epoch [113/149], Total Loss: 1907.3674, NLL: 2.9415, Masked: 3.2707, Reg: 1883.196831
Epoch [114/149], Total Loss: 1895.2953, NLL: 2.9414, Masked: 3.2719, Reg: 1871.117367
Epoch [115/149], Total Loss: 1893.6038, NLL: 2.9415, Masked: 3.2714, Reg: 1869.428916
Epoch [116/149], Total Loss: 1890.3122, NLL: 2.9415, Masked: 3.2676, Reg: 1866.161722
Epoch [117/149], Total Loss: 1894.2075, NLL: 2.9415, Masked: 3.2692, Reg: 1870.047099
Epoch [118/149], Total Loss: 1904.5455, NLL: 2.9415, Masked: 3.2691, Reg: 1880.385810
Epoch [119/149], Total Loss: 1891.8852, NLL: 2.9415, Masked: 3.2686, Reg: 1867.728401
Epoch [120/149], Total Loss: 1903.0931, NLL: 2.9415, Masked: 3.2696, Reg: 1878.930002
Epoch [121/149], Total Loss: 1897.4810, NLL: 2.9415, Masked: 3.2696, Reg: 1873.317540
Epoch [122/149], Total Loss: 1893.7220, NLL: 2.9415, Masked: 3.2711, Reg: 1869.548905
Epoch [123/149], Total Loss: 1896.0436, NLL: 2.9414, Masked: 3.2703, Reg: 1871.875859
Epoch [124/149], Total Loss: 1896.0258, NLL: 2.9415, Masked: 3.2686, Reg: 1871.869340
Epoch [125/149], Total Loss: 1904.8676, NLL: 2.9415, Masked: 3.2712, Reg: 1880.693963
Epoch [126/149], Total Loss: 1888.2673, NLL: 2.9415, Masked: 3.2709, Reg: 1864.095994
Epoch [127/149], Total Loss: 1902.1840, NLL: 2.9415, Masked: 3.2664, Reg: 1878.041606
Epoch [128/149], Total Loss: 1893.8833, NLL: 2.9415, Masked: 3.2701, Reg: 1869.716721
Epoch [129/149], Total Loss: 1893.1250, NLL: 2.9415, Masked: 3.2685, Reg: 1868.969134
Epoch [130/149], Total Loss: 1900.1278, NLL: 2.9415, Masked: 3.2698, Reg: 1875.963443
Epoch [131/149], Total Loss: 1897.1529, NLL: 2.9415, Masked: 3.2691, Reg: 1872.993202
Epoch [132/149], Total Loss: 1905.9601, NLL: 2.9415, Masked: 3.2701, Reg: 1881.793499
Epoch [133/149], Total Loss: 1886.1970, NLL: 2.9415, Masked: 3.2670, Reg: 1862.050574
Epoch [134/149], Total Loss: 1889.5674, NLL: 2.9415, Masked: 3.2699, Reg: 1865.402025
Epoch [135/149], Total Loss: 1908.4468, NLL: 2.9415, Masked: 3.2692, Reg: 1884.286227
Epoch [136/149], Total Loss: 1888.8229, NLL: 2.9415, Masked: 3.2701, Reg: 1864.656623
Epoch [137/149], Total Loss: 1901.5838, NLL: 2.9415, Masked: 3.2690, Reg: 1877.424714
Epoch [138/149], Total Loss: 1897.5402, NLL: 2.9415, Masked: 3.2685, Reg: 1873.383843
Epoch [139/149], Total Loss: 1900.5324, NLL: 2.9415, Masked: 3.2677, Reg: 1876.381320
Epoch [140/149], Total Loss: 1893.1783, NLL: 2.9415, Masked: 3.2674, Reg: 1869.029470
Epoch [141/149], Total Loss: 1882.8904, NLL: 2.9415, Masked: 3.2656, Reg: 1858.753240
Epoch [142/149], Total Loss: 1907.9847, NLL: 2.9415, Masked: 3.2710, Reg: 1883.812323
Epoch [143/149], Total Loss: 1899.5230, NLL: 2.9415, Masked: 3.2705, Reg: 1875.354106
Epoch [144/149], Total Loss: 1894.2983, NLL: 2.9415, Masked: 3.2670, Reg: 1870.152040
Epoch [145/149], Total Loss: 1894.9503, NLL: 2.9414, Masked: 3.2696, Reg: 1870.787256
Epoch [146/149], Total Loss: 1900.3577, NLL: 2.9415, Masked: 3.2685, Reg: 1876.201391
Epoch [147/149], Total Loss: 1899.2240, NLL: 2.9415, Masked: 3.2701, Reg: 1875.057391
Epoch [148/149], Total Loss: 1884.9676, NLL: 2.9415, Masked: 3.2694, Reg: 1860.805890
Epoch [149/149], Total Loss: 1902.2411, NLL: 2.9415, Masked: 3.2683, Reg: 1878.086278

==================================================
EVALUATING ON TRAINING DATA
==================================================

==================================================
TEST RESULTS
==================================================
Total Loss: 1981.316665
  - ZINB NLL: 2.941459
Total number of masked values: 392037
  - Number of values with pi >= 0.41182413671870344: 392037
  - Number of values with pi < 0.41182413671870344: 0
  - Masked Reconstruction: 3.267733
  - Regularization: 1957.165607
Mean Absolute Error (MAE): 2.184680
R² Score: -0.196903
==================================================


==================================================
TEST RESULTS
==================================================
Total Loss: 1980.471415
  - ZINB NLL: 2.943782
Total number of masked values: 187519
  - Number of values with pi >= 0.41182413671870344: 187519
  - Number of values with pi < 0.41182413671870344: 0
  - Masked Reconstruction: 3.137149
  - Regularization: 1957.165607
Mean Absolute Error (MAE): 2.289447
R² Score: -0.163769
==================================================


>>> Optimizing zinb_nll on VALIDATION set: 2.943782
>>> Full validation metrics: {'total_loss': 1980.471414680155, 'zinb_nll': 2.9437819057040744, 'mae': 2.289447069168091, 'r2': -0.16376924514770508, 'masked_loss': 3.1371489875337, 'reg_loss': 1957.1656068203956}

Iteration No: 13 ended. Evaluation done at random point.
Time taken: 146.6176
Function value obtained: 2.9438
Current minimum: 1.5830
Iteration No: 14 started. Evaluating function at random point.

================================================================================
Trial with parameters:
  features: Centr
  step_size: 0.9852486877870344
  bin_size: 5
  sample_fraction: 0.4792727644653864
  moving_average: True
  first_layer_size_factor: 30
  num_layers: 2
  use_conv: True
  conv_channel: 60
  pool_size: 7
  kernel_size: 9
  epochs: 38
  batch_size: 32
  pi_threshold: 0.5684574067296202
  learning_rate: 0.00011910783863642014
  dropout_rate: 0.1270818245348694
  masked_recon_weight: 0.015176175972003892
  regularizer: l1
  regularization_weight: 8.723455790871194
================================================================================

len(layers): 2
Creating datasets with:
  features: ['Centr']
  bin_size: 5
  moving_average: True
  data_point_length: 2000 (from 2000)
  step_size: 1970 (from fraction 0.9852486877870344)
  layers: [np.int64(480), np.int64(240)] (first=480, num=2)
  stride: 1 (fixed), padding: same (fixed)
  Using pre-determined chromosome split


Clipping outliers using 95th percentile * 1.5...
strain_yTW001: Clipping values above 134.25 (P95=89.50). Clipped 27529/1193409 values (2.31%)
strain_FD: Clipping values above 71.92 (P95=47.94). Clipped 95791/4127807 values (2.32%)
strain_dnrp: Clipping values above 243.00 (P95=162.00). Clipped 25649/1119454 values (2.29%)
strain_yEK19: Clipping values above 77.10 (P95=51.40). Clipped 83713/3893623 values (2.15%)
strain_yEK23: Clipping values above 72.00 (P95=48.00). Clipped 86381/3558407 values (2.43%)
strain_yWT03a: Clipping values above 15.00 (P95=10.00). Clipped 10602/347679 values (3.05%)
strain_yWT04a: Clipping values above 58.50 (P95=39.00). Clipped 21095/725406 values (2.91%)
strain_ylic137: Clipping values above 142.50 (P95=95.00). Clipped 28746/1112684 values (2.58%)

Splitting data using pre-determined chromosomes...
Standardizing features: ['Centr']
Column order in final array (Dataset/Chrom split): ['Value', 'Centromere_Distance', 'Value_Raw', 'Size_Factor']
Removing 0 empty data points out of 28200
Column order in final array (Dataset/Chrom split): ['Value', 'Centromere_Distance', 'Value_Raw', 'Size_Factor']
Removing 0 empty data points out of 9912
Column order in final array (Dataset/Chrom split): ['Value', 'Centromere_Distance', 'Value_Raw', 'Size_Factor']
Removing 0 empty data points out of 10968
Datasets created with shapes:
  Train: (28200, 2000, 4)
  Val: (9912, 2000, 4)
  Test: (10968, 2000, 4)
Datasets created:
  Train: (28200, 2000, 4), Val: (9912, 2000, 4), Test: (10968, 2000, 4)

Randomly sampled 13515/28200 samples (47.9%)
Applied denoising with 15.0% masking
Applied denoising with 15.0% masking
Applied denoising with 15.0% masking
Number of encoder layers: 2
Number of decoder layers (excluding heads): 2
Total number of layers including latent layer: 5
Epoch [1/38], Total Loss: 84577.6943, NLL: 2.5351, Masked: 31.0996, Reg: 84574.690694
Epoch [2/38], Total Loss: 36415.0333, NLL: 2.5223, Masked: 31.1159, Reg: 36412.040252
Epoch [3/38], Total Loss: 34427.3547, NLL: 2.5096, Masked: 31.1083, Reg: 34424.374359
Epoch [4/38], Total Loss: 33365.6636, NLL: 2.4968, Masked: 31.1219, Reg: 33362.695887
Epoch [5/38], Total Loss: 32415.9025, NLL: 2.4841, Masked: 31.0979, Reg: 32412.947821
Epoch [6/38], Total Loss: 31531.4057, NLL: 2.4715, Masked: 31.1062, Reg: 31528.463436
Epoch [7/38], Total Loss: 30652.4656, NLL: 2.4590, Masked: 31.1058, Reg: 30649.535796
Epoch [8/38], Total Loss: 29773.4136, NLL: 2.4466, Masked: 31.1028, Reg: 29770.496210
Epoch [9/38], Total Loss: 28894.5627, NLL: 2.4343, Masked: 31.1005, Reg: 28891.657554
Epoch [10/38], Total Loss: 28015.5163, NLL: 2.4221, Masked: 31.0843, Reg: 28012.623583
Epoch [11/38], Total Loss: 27136.7558, NLL: 2.4100, Masked: 31.1104, Reg: 27133.874766
Epoch [12/38], Total Loss: 26257.6406, NLL: 2.3982, Masked: 31.0831, Reg: 26254.771782
Epoch [13/38], Total Loss: 25378.8373, NLL: 2.3865, Masked: 31.1069, Reg: 25375.979738
Epoch [14/38], Total Loss: 24499.7169, NLL: 2.3750, Masked: 31.1096, Reg: 24496.870715
Epoch [15/38], Total Loss: 23620.9764, NLL: 2.3638, Masked: 31.0959, Reg: 23618.141687
Epoch [16/38], Total Loss: 22741.9312, NLL: 2.3527, Masked: 31.1109, Reg: 22739.107181
Epoch [17/38], Total Loss: 21862.9809, NLL: 2.3420, Masked: 31.1051, Reg: 21860.167743
Epoch [18/38], Total Loss: 20984.0530, NLL: 2.3314, Masked: 31.1125, Reg: 20981.250284
Epoch [19/38], Total Loss: 20105.2316, NLL: 2.3211, Masked: 31.1123, Reg: 20102.439140
Epoch [20/38], Total Loss: 19226.1745, NLL: 2.3112, Masked: 31.1124, Reg: 19223.391946
Epoch [21/38], Total Loss: 18347.2794, NLL: 2.3016, Masked: 31.0714, Reg: 18344.507132
Epoch [22/38], Total Loss: 17468.4225, NLL: 2.2922, Masked: 31.1060, Reg: 17465.658951
Epoch [23/38], Total Loss: 16589.5210, NLL: 2.2832, Masked: 31.0972, Reg: 16586.766503
Epoch [24/38], Total Loss: 15710.4723, NLL: 2.2746, Masked: 31.0965, Reg: 15707.726462
Epoch [25/38], Total Loss: 14831.6711, NLL: 2.2663, Masked: 31.1124, Reg: 14828.933288
Epoch [26/38], Total Loss: 13952.7373, NLL: 2.2585, Masked: 31.0874, Reg: 13950.007623
Epoch [27/38], Total Loss: 13073.9935, NLL: 2.2510, Masked: 31.1120, Reg: 13071.270920
Epoch [28/38], Total Loss: 12194.7407, NLL: 2.2439, Masked: 31.1037, Reg: 12192.025261
Epoch [29/38], Total Loss: 11316.0214, NLL: 2.2372, Masked: 31.0975, Reg: 11313.312691
Epoch [30/38], Total Loss: 10437.0771, NLL: 2.2310, Masked: 31.1126, Reg: 10434.374314
Epoch [31/38], Total Loss: 9558.0705, NLL: 2.2252, Masked: 31.0945, Reg: 9555.373820
Epoch [32/38], Total Loss: 8678.8677, NLL: 2.2199, Masked: 31.1048, Reg: 8676.176108
Epoch [33/38], Total Loss: 7799.7700, NLL: 2.2151, Masked: 31.1007, Reg: 7797.083177
Epoch [34/38], Total Loss: 6920.6396, NLL: 2.2108, Masked: 31.0994, Reg: 6917.957066
Epoch [35/38], Total Loss: 6041.6149, NLL: 2.2069, Masked: 31.0981, Reg: 6038.936319
Epoch [36/38], Total Loss: 5162.3586, NLL: 2.2035, Masked: 31.1121, Reg: 5159.683110
Epoch [37/38], Total Loss: 4283.3779, NLL: 2.2007, Masked: 31.1073, Reg: 4280.705269
Epoch [38/38], Total Loss: 3404.3639, NLL: 2.1983, Masked: 31.1110, Reg: 3401.693633

==================================================
EVALUATING ON TRAINING DATA
==================================================

==================================================
TEST RESULTS
==================================================
Total Loss: 2977.009687
  - ZINB NLL: 2.197284
Total number of masked values: 1737560
  - Number of values with pi >= 0.5684574067296202: 0
  - Number of values with pi < 0.5684574067296202: 1737560
  - Masked Reconstruction: 31.122195
  - Regularization: 2974.340094
Mean Absolute Error (MAE): 26.518953
R² Score: -23.021915
==================================================


==================================================
TEST RESULTS
==================================================
Total Loss: 2976.913771
  - ZINB NLL: 2.202460
Total number of masked values: 1277315
  - Number of values with pi >= 0.5684574067296202: 0
  - Number of values with pi < 0.5684574067296202: 1277315
  - Masked Reconstruction: 24.460713
  - Regularization: 2974.340094
Mean Absolute Error (MAE): 26.468794
R² Score: -19.754883
==================================================


>>> Optimizing zinb_nll on VALIDATION set: 2.202460
>>> Full validation metrics: {'total_loss': 2976.913771265259, 'zinb_nll': 2.202459795904121, 'mae': 26.468793869018555, 'r2': -19.7548828125, 'masked_loss': 24.46071260258303, 'reg_loss': 2974.3400942581857}

Iteration No: 14 ended. Evaluation done at random point.
Time taken: 672.0335
Function value obtained: 2.2025
Current minimum: 1.5830
Iteration No: 15 started. Evaluating function at random point.

================================================================================
Trial with parameters:
  features: Centr_Nucl
  step_size: 0.781683247682589
  bin_size: 28
  sample_fraction: 0.4723826077358489
  moving_average: True
  first_layer_size_factor: 29
  num_layers: 3
  use_conv: True
  conv_channel: 17
  pool_size: 6
  kernel_size: 3
  epochs: 39
  batch_size: 64
  pi_threshold: 0.3203074124157588
  learning_rate: 0.004569318664735287
  dropout_rate: 0.013808385936852356
  masked_recon_weight: 0.20675669531624294
  regularizer: l2
  regularization_weight: 0.5060377861290914
================================================================================

len(layers): 3
Creating datasets with:
  features: ['Centr', 'Nucl']
  bin_size: 28
  moving_average: True
  data_point_length: 2000 (from 2000)
  step_size: 1563 (from fraction 0.781683247682589)
  layers: [np.int64(464), np.int64(232), np.int64(116)] (first=464, num=3)
  stride: 1 (fixed), padding: same (fixed)
  Using pre-determined chromosome split


Clipping outliers using 95th percentile * 1.5...
strain_yTW001: Clipping values above 134.25 (P95=89.50). Clipped 27529/1193409 values (2.31%)
strain_FD: Clipping values above 71.92 (P95=47.94). Clipped 95791/4127807 values (2.32%)
strain_dnrp: Clipping values above 243.00 (P95=162.00). Clipped 25649/1119454 values (2.29%)
strain_yEK19: Clipping values above 77.10 (P95=51.40). Clipped 83713/3893623 values (2.15%)
strain_yEK23: Clipping values above 72.00 (P95=48.00). Clipped 86381/3558407 values (2.43%)
strain_yWT03a: Clipping values above 15.00 (P95=10.00). Clipped 10602/347679 values (3.05%)
strain_yWT04a: Clipping values above 58.50 (P95=39.00). Clipped 21095/725406 values (2.91%)
strain_ylic137: Clipping values above 142.50 (P95=95.00). Clipped 28746/1112684 values (2.58%)

Splitting data using pre-determined chromosomes...
Standardizing features: ['Centr', 'Nucl']
Column order in final array (Dataset/Chrom split): ['Value', 'Nucleosome_Distance', 'Centromere_Distance', 'Value_Raw', 'Size_Factor']
Removing 0 empty data points out of 35512
Column order in final array (Dataset/Chrom split): ['Value', 'Nucleosome_Distance', 'Centromere_Distance', 'Value_Raw', 'Size_Factor']
Removing 0 empty data points out of 12480
Column order in final array (Dataset/Chrom split): ['Value', 'Nucleosome_Distance', 'Centromere_Distance', 'Value_Raw', 'Size_Factor']
Removing 0 empty data points out of 13808
Datasets created with shapes:
  Train: (35512, 2000, 5)
  Val: (12480, 2000, 5)
  Test: (13808, 2000, 5)
Datasets created:
  Train: (35512, 2000, 5), Val: (12480, 2000, 5), Test: (13808, 2000, 5)

Randomly sampled 16775/35512 samples (47.2%)
Applied denoising with 15.0% masking
Applied denoising with 15.0% masking
Applied denoising with 15.0% masking
Number of encoder layers: 3
Number of decoder layers (excluding heads): 3
Total number of layers including latent layer: 7
Epoch [1/39], Total Loss: 8.9038, NLL: 2.9938, Masked: 28.5844, Reg: 2240.487318
Epoch [2/39], Total Loss: 5.1872, NLL: 3.0579, Masked: 10.2985, Reg: 435.813497
Epoch [3/39], Total Loss: 3.7393, NLL: 3.1378, Masked: 2.9093, Reg: 47.673843
Epoch [4/39], Total Loss: 3.7788, NLL: 3.1771, Masked: 2.9103, Reg: 2.637284
Epoch [5/39], Total Loss: 3.7893, NLL: 3.1877, Masked: 2.9099, Reg: 0.074833
Epoch [6/39], Total Loss: 3.7912, NLL: 3.1895, Masked: 2.9100, Reg: 0.033356
Epoch [7/39], Total Loss: 3.7913, NLL: 3.1897, Masked: 2.9096, Reg: 0.024508
Epoch [8/39], Total Loss: 3.7915, NLL: 3.1897, Masked: 2.9105, Reg: 0.033628
Epoch [9/39], Total Loss: 3.7914, NLL: 3.1897, Masked: 2.9101, Reg: 0.038259
Epoch [10/39], Total Loss: 3.7913, NLL: 3.1897, Masked: 2.9099, Reg: 0.038686
Epoch [11/39], Total Loss: 3.7916, NLL: 3.1897, Masked: 2.9110, Reg: 0.038661
Epoch [12/39], Total Loss: 3.7919, NLL: 3.1897, Masked: 2.9126, Reg: 0.045307
Epoch [13/39], Total Loss: 3.7913, NLL: 3.1897, Masked: 2.9099, Reg: 0.049798
Epoch [14/39], Total Loss: 3.7913, NLL: 3.1897, Masked: 2.9100, Reg: 0.044821
Epoch [15/39], Total Loss: 3.7918, NLL: 3.1897, Masked: 2.9120, Reg: 0.049929
Epoch [16/39], Total Loss: 3.7912, NLL: 3.1897, Masked: 2.9091, Reg: 0.077892
Epoch [17/39], Total Loss: 3.7916, NLL: 3.1897, Masked: 2.9112, Reg: 0.058250
Epoch [18/39], Total Loss: 3.7914, NLL: 3.1897, Masked: 2.9103, Reg: 0.043293
Epoch [19/39], Total Loss: 3.7911, NLL: 3.1897, Masked: 2.9089, Reg: 0.063824
Epoch [20/39], Total Loss: 3.7915, NLL: 3.1897, Masked: 2.9106, Reg: 0.066447
Epoch [21/39], Total Loss: 3.7912, NLL: 3.1897, Masked: 2.9091, Reg: 0.070782
Epoch [22/39], Total Loss: 3.7915, NLL: 3.1897, Masked: 2.9106, Reg: 0.072874
Epoch [23/39], Total Loss: 3.7912, NLL: 3.1897, Masked: 2.9093, Reg: 0.076999
Epoch [24/39], Total Loss: 3.7913, NLL: 3.1897, Masked: 2.9096, Reg: 0.042993
Epoch [25/39], Total Loss: 3.7916, NLL: 3.1897, Masked: 2.9113, Reg: 0.045488
Epoch [26/39], Total Loss: 3.7917, NLL: 3.1897, Masked: 2.9118, Reg: 0.044469
Epoch [27/39], Total Loss: 3.7916, NLL: 3.1897, Masked: 2.9111, Reg: 0.045039
Epoch [28/39], Total Loss: 3.7913, NLL: 3.1897, Masked: 2.9097, Reg: 0.045285
Epoch [29/39], Total Loss: 3.7915, NLL: 3.1897, Masked: 2.9108, Reg: 0.045754
Epoch [30/39], Total Loss: 3.7913, NLL: 3.1897, Masked: 2.9097, Reg: 0.045407
Epoch [31/39], Total Loss: 3.7913, NLL: 3.1897, Masked: 2.9099, Reg: 0.045513
Epoch [32/39], Total Loss: 3.7912, NLL: 3.1897, Masked: 2.9094, Reg: 0.046360
Epoch [33/39], Total Loss: 3.7910, NLL: 3.1897, Masked: 2.9085, Reg: 0.046208
Epoch [34/39], Total Loss: 3.7915, NLL: 3.1897, Masked: 2.9106, Reg: 0.046782
Epoch [35/39], Total Loss: 3.7913, NLL: 3.1897, Masked: 2.9099, Reg: 0.046222
Epoch [36/39], Total Loss: 3.7916, NLL: 3.1897, Masked: 2.9112, Reg: 0.047322
Epoch [37/39], Total Loss: 3.7912, NLL: 3.1897, Masked: 2.9094, Reg: 0.046515
Epoch [38/39], Total Loss: 3.7913, NLL: 3.1897, Masked: 2.9098, Reg: 0.047004
Epoch [39/39], Total Loss: 3.7916, NLL: 3.1897, Masked: 2.9111, Reg: 0.046388

==================================================
EVALUATING ON TRAINING DATA
==================================================

==================================================
TEST RESULTS
==================================================
Total Loss: 3.791235
  - ZINB NLL: 3.189674
Total number of masked values: 3787394
  - Number of values with pi >= 0.3203074124157588: 3787394
  - Number of values with pi < 0.3203074124157588: 0
  - Masked Reconstruction: 2.909510
  - Regularization: 0.047856
Mean Absolute Error (MAE): 2.198544
R² Score: -0.223317
==================================================


==================================================
TEST RESULTS
==================================================
Total Loss: 3.758820
  - ZINB NLL: 3.183670
Total number of masked values: 2812183
  - Number of values with pi >= 0.3203074124157588: 2812183
  - Number of values with pi < 0.3203074124157588: 0
  - Masked Reconstruction: 2.781775
  - Regularization: 0.047856
Mean Absolute Error (MAE): 2.287568
R² Score: -0.185048
==================================================


>>> Optimizing zinb_nll on VALIDATION set: 3.183670
>>> Full validation metrics: {'total_loss': 3.7588201590073416, 'zinb_nll': 3.1836695506022528, 'mae': 2.2875683307647705, 'r2': -0.18504822254180908, 'masked_loss': 2.7817749918271333, 'reg_loss': 0.047856428761677304}

Iteration No: 15 ended. Evaluation done at random point.
Time taken: 637.0195
Function value obtained: 3.1837
Current minimum: 1.5830
Iteration No: 16 started. Evaluating function at random point.

================================================================================
Trial with parameters:
  features: Centr_Nucl
  step_size: 0.36628121254580814
  bin_size: 49
  sample_fraction: 0.8792001265520226
  moving_average: False
  first_layer_size_factor: 28
  num_layers: 1
  use_conv: True
  conv_channel: 76
  pool_size: 4
  kernel_size: 9
  epochs: 63
  batch_size: 128
  pi_threshold: 0.48290606464549146
  learning_rate: 0.003357911339209245
  dropout_rate: 0.09719001699743654
  masked_recon_weight: 0.04419932329566328
  regularizer: none
  regularization_weight: 9.299757989591069e-05
================================================================================

len(layers): 1
Creating datasets with:
  features: ['Centr', 'Nucl']
  bin_size: 49
  moving_average: False
  data_point_length: 2000 (from 2000)
  step_size: 732 (from fraction 0.36628121254580814)
  layers: [np.int64(448)] (first=448, num=1)
  stride: 1 (fixed), padding: same (fixed)
  Using pre-determined chromosome split


Clipping outliers using 95th percentile * 1.5...
strain_yTW001: Clipping values above 134.25 (P95=89.50). Clipped 27529/1193409 values (2.31%)
strain_FD: Clipping values above 71.92 (P95=47.94). Clipped 95791/4127807 values (2.32%)
strain_dnrp: Clipping values above 243.00 (P95=162.00). Clipped 25649/1119454 values (2.29%)
strain_yEK19: Clipping values above 77.10 (P95=51.40). Clipped 83713/3893623 values (2.15%)
strain_yEK23: Clipping values above 72.00 (P95=48.00). Clipped 86381/3558407 values (2.43%)
strain_yWT03a: Clipping values above 15.00 (P95=10.00). Clipped 10602/347679 values (3.05%)
strain_yWT04a: Clipping values above 58.50 (P95=39.00). Clipped 21095/725406 values (2.91%)
strain_ylic137: Clipping values above 142.50 (P95=95.00). Clipped 28746/1112684 values (2.58%)

Splitting data using pre-determined chromosomes...
Standardizing features: ['Centr', 'Nucl']
Column order in final array (Dataset/Chrom split): ['Value', 'Nucleosome_Distance', 'Centromere_Distance', 'Value_Raw', 'Size_Factor']
Removing 0 empty data points out of 1456
Column order in final array (Dataset/Chrom split): ['Value', 'Nucleosome_Distance', 'Centromere_Distance', 'Value_Raw', 'Size_Factor']
Removing 0 empty data points out of 512
Column order in final array (Dataset/Chrom split): ['Value', 'Nucleosome_Distance', 'Centromere_Distance', 'Value_Raw', 'Size_Factor']
Removing 0 empty data points out of 560
Datasets created with shapes:
  Train: (1456, 2000, 5)
  Val: (512, 2000, 5)
  Test: (560, 2000, 5)
Datasets created:
  Train: (1456, 2000, 5), Val: (512, 2000, 5), Test: (560, 2000, 5)

Randomly sampled 1280/1456 samples (87.9%)
Applied denoising with 15.0% masking
Applied denoising with 15.0% masking
Applied denoising with 15.0% masking
Number of encoder layers: 1
Number of decoder layers (excluding heads): 1
Total number of layers including latent layer: 3
Epoch [1/63], Total Loss: 2.5583, NLL: 2.3185, Masked: 5.4247
Epoch [2/63], Total Loss: 2.3242, NLL: 2.2199, Masked: 2.3605
Epoch [3/63], Total Loss: 2.3242, NLL: 2.2199, Masked: 2.3598
Epoch [4/63], Total Loss: 2.3242, NLL: 2.2199, Masked: 2.3603
Epoch [5/63], Total Loss: 2.3242, NLL: 2.2199, Masked: 2.3606
Epoch [6/63], Total Loss: 2.3241, NLL: 2.2199, Masked: 2.3580
Epoch [7/63], Total Loss: 2.3242, NLL: 2.2199, Masked: 2.3604
Epoch [8/63], Total Loss: 2.3242, NLL: 2.2199, Masked: 2.3601
Epoch [9/63], Total Loss: 2.3242, NLL: 2.2199, Masked: 2.3590
Epoch [10/63], Total Loss: 2.3242, NLL: 2.2199, Masked: 2.3599
Epoch [11/63], Total Loss: 2.3242, NLL: 2.2199, Masked: 2.3601
Epoch [12/63], Total Loss: 2.3242, NLL: 2.2199, Masked: 2.3585
Epoch [13/63], Total Loss: 2.3243, NLL: 2.2200, Masked: 2.3605
Epoch [14/63], Total Loss: 2.3248, NLL: 2.2205, Masked: 2.3600
Epoch [15/63], Total Loss: 2.3248, NLL: 2.2205, Masked: 2.3600
Epoch [16/63], Total Loss: 2.3248, NLL: 2.2205, Masked: 2.3606
Epoch [17/63], Total Loss: 2.3248, NLL: 2.2205, Masked: 2.3602
Epoch [18/63], Total Loss: 2.3249, NLL: 2.2206, Masked: 2.3601
Epoch [19/63], Total Loss: 2.3257, NLL: 2.2214, Masked: 2.3604
Epoch [20/63], Total Loss: 2.3265, NLL: 2.2222, Masked: 2.3600
Epoch [21/63], Total Loss: 2.3269, NLL: 2.2225, Masked: 2.3604
Epoch [22/63], Total Loss: 2.3269, NLL: 2.2225, Masked: 2.3606
Epoch [23/63], Total Loss: 2.3268, NLL: 2.2225, Masked: 2.3599
Epoch [24/63], Total Loss: 2.3270, NLL: 2.2227, Masked: 2.3599
Epoch [25/63], Total Loss: 2.3273, NLL: 2.2230, Masked: 2.3597
Epoch [26/63], Total Loss: 2.3272, NLL: 2.2230, Masked: 2.3591
Epoch [27/63], Total Loss: 2.3273, NLL: 2.2230, Masked: 2.3605
Epoch [28/63], Total Loss: 2.3273, NLL: 2.2230, Masked: 2.3600
Epoch [29/63], Total Loss: 2.3273, NLL: 2.2230, Masked: 2.3600
Epoch [30/63], Total Loss: 2.3272, NLL: 2.2230, Masked: 2.3594
Epoch [31/63], Total Loss: 2.3272, NLL: 2.2230, Masked: 2.3586
Epoch [32/63], Total Loss: 2.3273, NLL: 2.2230, Masked: 2.3605
Epoch [33/63], Total Loss: 2.3273, NLL: 2.2230, Masked: 2.3601
Epoch [34/63], Total Loss: 2.3273, NLL: 2.2230, Masked: 2.3604
Epoch [35/63], Total Loss: 2.3273, NLL: 2.2230, Masked: 2.3606
Epoch [36/63], Total Loss: 2.3273, NLL: 2.2230, Masked: 2.3598
Epoch [37/63], Total Loss: 2.3273, NLL: 2.2230, Masked: 2.3605
Epoch [38/63], Total Loss: 2.3273, NLL: 2.2230, Masked: 2.3602
Epoch [39/63], Total Loss: 2.3273, NLL: 2.2230, Masked: 2.3603
Epoch [40/63], Total Loss: 2.3273, NLL: 2.2230, Masked: 2.3600
Epoch [41/63], Total Loss: 2.3273, NLL: 2.2230, Masked: 2.3604
Epoch [42/63], Total Loss: 2.3272, NLL: 2.2230, Masked: 2.3591
Epoch [43/63], Total Loss: 2.3273, NLL: 2.2230, Masked: 2.3599
Epoch [44/63], Total Loss: 2.3273, NLL: 2.2230, Masked: 2.3604
Epoch [45/63], Total Loss: 2.3273, NLL: 2.2230, Masked: 2.3601
Epoch [46/63], Total Loss: 2.3272, NLL: 2.2230, Masked: 2.3594
Epoch [47/63], Total Loss: 2.3273, NLL: 2.2230, Masked: 2.3599
Epoch [48/63], Total Loss: 2.3272, NLL: 2.2230, Masked: 2.3587
Epoch [49/63], Total Loss: 2.3272, NLL: 2.2230, Masked: 2.3592
Epoch [50/63], Total Loss: 2.3273, NLL: 2.2230, Masked: 2.3604
Epoch [51/63], Total Loss: 2.3273, NLL: 2.2230, Masked: 2.3599
Epoch [52/63], Total Loss: 2.3272, NLL: 2.2230, Masked: 2.3592
Epoch [53/63], Total Loss: 2.3272, NLL: 2.2230, Masked: 2.3594
Epoch [54/63], Total Loss: 2.3273, NLL: 2.2230, Masked: 2.3606
Epoch [55/63], Total Loss: 2.3273, NLL: 2.2230, Masked: 2.3600
Epoch [56/63], Total Loss: 2.3273, NLL: 2.2230, Masked: 2.3598
Epoch [57/63], Total Loss: 2.3273, NLL: 2.2230, Masked: 2.3600
Epoch [58/63], Total Loss: 2.3273, NLL: 2.2230, Masked: 2.3597
Epoch [59/63], Total Loss: 2.3272, NLL: 2.2230, Masked: 2.3587
Epoch [60/63], Total Loss: 2.3273, NLL: 2.2230, Masked: 2.3600
Epoch [61/63], Total Loss: 2.3272, NLL: 2.2230, Masked: 2.3588
Epoch [62/63], Total Loss: 2.3273, NLL: 2.2230, Masked: 2.3602
Epoch [63/63], Total Loss: 2.3273, NLL: 2.2230, Masked: 2.3604

==================================================
EVALUATING ON TRAINING DATA
==================================================

==================================================
TEST RESULTS
==================================================
Total Loss: 2.327284
  - ZINB NLL: 2.222956
Total number of masked values: 322734
  - Number of values with pi >= 0.48290606464549146: 0
  - Number of values with pi < 0.48290606464549146: 322734
  - Masked Reconstruction: 2.360392
Mean Absolute Error (MAE): 2.137475
R² Score: -0.076129
==================================================


==================================================
TEST RESULTS
==================================================
Total Loss: 2.370427
  - ZINB NLL: 2.264375
Total number of masked values: 128793
  - Number of values with pi >= 0.48290606464549146: 0
  - Number of values with pi < 0.48290606464549146: 128793
  - Masked Reconstruction: 2.399409
Mean Absolute Error (MAE): 2.198576
R² Score: -0.066774
==================================================


>>> Optimizing zinb_nll on VALIDATION set: 2.264375
>>> Full validation metrics: {'total_loss': 2.3704270720481873, 'zinb_nll': 2.264374852180481, 'mae': 2.198575735092163, 'r2': -0.06677448749542236, 'masked_loss': 2.399408757686615}

Iteration No: 16 ended. Evaluation done at random point.
Time taken: 59.7337
Function value obtained: 2.2644
Current minimum: 1.5830
Iteration No: 17 started. Evaluating function at random point.

================================================================================
Trial with parameters:
  features: Centr_Nucl
  step_size: 0.9771526503356194
  bin_size: 36
  sample_fraction: 0.28080063757590684
  moving_average: True
  first_layer_size_factor: 46
  num_layers: 3
  use_conv: True
  conv_channel: 37
  pool_size: 2
  kernel_size: 5
  epochs: 113
  batch_size: 32
  pi_threshold: 0.6660854910505922
  learning_rate: 0.00021235216307804848
  dropout_rate: 0.11989367957870165
  masked_recon_weight: 0.0023740680334014054
  regularizer: l1
  regularization_weight: 34.85764008520797
================================================================================

len(layers): 3
Creating datasets with:
  features: ['Centr', 'Nucl']
  bin_size: 36
  moving_average: True
  data_point_length: 2000 (from 2000)
  step_size: 1954 (from fraction 0.9771526503356194)
  layers: [np.int64(736), np.int64(368), np.int64(184)] (first=736, num=3)
  stride: 1 (fixed), padding: same (fixed)
  Using pre-determined chromosome split


Clipping outliers using 95th percentile * 1.5...
strain_yTW001: Clipping values above 134.25 (P95=89.50). Clipped 27529/1193409 values (2.31%)
strain_FD: Clipping values above 71.92 (P95=47.94). Clipped 95791/4127807 values (2.32%)
strain_dnrp: Clipping values above 243.00 (P95=162.00). Clipped 25649/1119454 values (2.29%)
strain_yEK19: Clipping values above 77.10 (P95=51.40). Clipped 83713/3893623 values (2.15%)
strain_yEK23: Clipping values above 72.00 (P95=48.00). Clipped 86381/3558407 values (2.43%)
strain_yWT03a: Clipping values above 15.00 (P95=10.00). Clipped 10602/347679 values (3.05%)
strain_yWT04a: Clipping values above 58.50 (P95=39.00). Clipped 21095/725406 values (2.91%)
strain_ylic137: Clipping values above 142.50 (P95=95.00). Clipped 28746/1112684 values (2.58%)

Splitting data using pre-determined chromosomes...
Standardizing features: ['Centr', 'Nucl']
Column order in final array (Dataset/Chrom split): ['Value', 'Nucleosome_Distance', 'Centromere_Distance', 'Value_Raw', 'Size_Factor']
Removing 0 empty data points out of 28432
Column order in final array (Dataset/Chrom split): ['Value', 'Nucleosome_Distance', 'Centromere_Distance', 'Value_Raw', 'Size_Factor']
Removing 0 empty data points out of 9992
Column order in final array (Dataset/Chrom split): ['Value', 'Nucleosome_Distance', 'Centromere_Distance', 'Value_Raw', 'Size_Factor']
Removing 0 empty data points out of 11064
Datasets created with shapes:
  Train: (28432, 2000, 5)
  Val: (9992, 2000, 5)
  Test: (11064, 2000, 5)
Datasets created:
  Train: (28432, 2000, 5), Val: (9992, 2000, 5), Test: (11064, 2000, 5)

Randomly sampled 7983/28432 samples (28.1%)
Applied denoising with 15.0% masking
Applied denoising with 15.0% masking
Applied denoising with 15.0% masking
Number of encoder layers: 3
Number of decoder layers (excluding heads): 3
Total number of layers including latent layer: 7
Epoch [1/113], Total Loss: 498753.1490, NLL: 3.0492, Masked: 28.3613, Reg: 498750.042090
Epoch [2/113], Total Loss: 169137.4498, NLL: 3.0493, Masked: 28.3495, Reg: 169134.337595
Epoch [3/113], Total Loss: 161196.4672, NLL: 3.0497, Masked: 28.3615, Reg: 161193.354231
Epoch [4/113], Total Loss: 157080.5058, NLL: 3.0502, Masked: 28.3662, Reg: 157077.391696
Epoch [5/113], Total Loss: 153176.5728, NLL: 3.0511, Masked: 28.3668, Reg: 153173.457739
Epoch [6/113], Total Loss: 149440.6488, NLL: 3.0521, Masked: 28.3622, Reg: 149437.532930
Epoch [7/113], Total Loss: 145739.2744, NLL: 3.0535, Masked: 28.3599, Reg: 145736.155760
Epoch [8/113], Total Loss: 142048.8558, NLL: 3.0551, Masked: 28.3630, Reg: 142045.736532
Epoch [9/113], Total Loss: 138334.4856, NLL: 3.0570, Masked: 28.3628, Reg: 138331.364282
Epoch [10/113], Total Loss: 134636.1943, NLL: 3.0591, Masked: 28.3507, Reg: 134633.070550
Epoch [11/113], Total Loss: 130944.4065, NLL: 3.0617, Masked: 28.3488, Reg: 130941.280410
Epoch [12/113], Total Loss: 127248.4739, NLL: 3.0646, Masked: 28.3668, Reg: 127245.344975
Epoch [13/113], Total Loss: 123528.0001, NLL: 3.0677, Masked: 28.3664, Reg: 123524.867580
Epoch [14/113], Total Loss: 119847.7711, NLL: 3.0713, Masked: 28.3592, Reg: 119844.634743
Epoch [15/113], Total Loss: 116130.8981, NLL: 3.0753, Masked: 28.3575, Reg: 116127.758160
Epoch [16/113], Total Loss: 112441.0610, NLL: 3.0797, Masked: 28.3539, Reg: 112437.916707
Epoch [17/113], Total Loss: 108735.6049, NLL: 3.0845, Masked: 28.3655, Reg: 108732.455564
Epoch [18/113], Total Loss: 105033.5557, NLL: 3.0897, Masked: 28.3643, Reg: 105030.400762
Epoch [19/113], Total Loss: 101332.0259, NLL: 3.0954, Masked: 28.3703, Reg: 101328.865236
Epoch [20/113], Total Loss: 97633.8740, NLL: 3.1015, Masked: 28.3696, Reg: 97630.707821
Epoch [21/113], Total Loss: 93920.7384, NLL: 3.1081, Masked: 28.3533, Reg: 93917.564786
Epoch [22/113], Total Loss: 90235.4475, NLL: 3.1152, Masked: 28.3495, Reg: 90232.266887
Epoch [23/113], Total Loss: 86518.1554, NLL: 3.1228, Masked: 28.3675, Reg: 86514.967133
Epoch [24/113], Total Loss: 82825.4198, NLL: 3.1310, Masked: 28.3519, Reg: 82822.223360
Epoch [25/113], Total Loss: 79121.8055, NLL: 3.1396, Masked: 28.3630, Reg: 79118.600195
Epoch [26/113], Total Loss: 75423.4858, NLL: 3.1488, Masked: 28.3684, Reg: 75420.271435
Epoch [27/113], Total Loss: 71711.4636, NLL: 3.1586, Masked: 28.3544, Reg: 71708.239333
Epoch [28/113], Total Loss: 68026.7643, NLL: 3.1689, Masked: 28.3610, Reg: 68023.529679
Epoch [29/113], Total Loss: 64313.0002, NLL: 3.1798, Masked: 28.3749, Reg: 64309.754371
Epoch [30/113], Total Loss: 60617.2447, NLL: 3.1914, Masked: 28.3641, Reg: 60613.987148
Epoch [31/113], Total Loss: 56918.2864, NLL: 3.2034, Masked: 28.3706, Reg: 56915.017002
Epoch [32/113], Total Loss: 53219.0927, NLL: 3.2162, Masked: 28.3719, Reg: 53215.810298
Epoch [33/113], Total Loss: 49506.7549, NLL: 3.2296, Masked: 28.3687, Reg: 49503.459155
Epoch [34/113], Total Loss: 45814.0701, NLL: 3.2435, Masked: 28.3632, Reg: 45810.760386
Epoch [35/113], Total Loss: 42101.0325, NLL: 3.2582, Masked: 28.3651, Reg: 42097.707818
Epoch [36/113], Total Loss: 38412.9553, NLL: 3.2735, Masked: 28.3788, Reg: 38409.615096
Epoch [37/113], Total Loss: 34700.8180, NLL: 3.2893, Masked: 28.3620, Reg: 34697.462022
Epoch [38/113], Total Loss: 31200.6036, NLL: 3.3050, Masked: 28.3492, Reg: 31197.231951
Epoch [39/113], Total Loss: 30337.0428, NLL: 3.3089, Masked: 28.3499, Reg: 30333.667265
Epoch [40/113], Total Loss: 30347.0125, NLL: 3.3089, Masked: 28.3514, Reg: 30343.636978
Epoch [41/113], Total Loss: 30342.7843, NLL: 3.3089, Masked: 28.3715, Reg: 30339.408706
Epoch [42/113], Total Loss: 30337.6273, NLL: 3.3089, Masked: 28.3545, Reg: 30334.251760
Epoch [43/113], Total Loss: 30349.6285, NLL: 3.3089, Masked: 28.3729, Reg: 30346.252960
Epoch [44/113], Total Loss: 30350.1292, NLL: 3.3089, Masked: 28.3746, Reg: 30346.753633
Epoch [45/113], Total Loss: 30327.8606, NLL: 3.3089, Masked: 28.3653, Reg: 30324.484993
Epoch [46/113], Total Loss: 30345.0951, NLL: 3.3089, Masked: 28.3479, Reg: 30341.719580
Epoch [47/113], Total Loss: 30338.1568, NLL: 3.3089, Masked: 28.3681, Reg: 30334.781266
Epoch [48/113], Total Loss: 30340.9553, NLL: 3.3089, Masked: 28.3719, Reg: 30337.579756
Epoch [49/113], Total Loss: 30332.1272, NLL: 3.3089, Masked: 28.3516, Reg: 30328.751626
Epoch [50/113], Total Loss: 30346.3656, NLL: 3.3089, Masked: 28.3745, Reg: 30342.990081
Epoch [51/113], Total Loss: 30323.2007, NLL: 3.3089, Masked: 28.3479, Reg: 30319.825159
Epoch [52/113], Total Loss: 30341.5623, NLL: 3.3089, Masked: 28.3587, Reg: 30338.186784
Epoch [53/113], Total Loss: 30341.9268, NLL: 3.3089, Masked: 28.3599, Reg: 30338.551375
Epoch [54/113], Total Loss: 30325.8704, NLL: 3.3089, Masked: 28.3669, Reg: 30322.494839
Epoch [55/113], Total Loss: 30334.2272, NLL: 3.3089, Masked: 28.3663, Reg: 30330.851745
Epoch [56/113], Total Loss: 30343.5018, NLL: 3.3089, Masked: 28.3557, Reg: 30340.126247
Epoch [57/113], Total Loss: 30327.0924, NLL: 3.3089, Masked: 28.3618, Reg: 30323.716755
Epoch [58/113], Total Loss: 30338.5014, NLL: 3.3089, Masked: 28.3888, Reg: 30335.125674
Epoch [59/113], Total Loss: 30332.8463, NLL: 3.3089, Masked: 28.3520, Reg: 30329.470831
Epoch [60/113], Total Loss: 30339.6513, NLL: 3.3089, Masked: 28.3633, Reg: 30336.275792
Epoch [61/113], Total Loss: 30325.0108, NLL: 3.3089, Masked: 28.3527, Reg: 30321.635347
Epoch [62/113], Total Loss: 30339.9445, NLL: 3.3089, Masked: 28.3600, Reg: 30336.568978
Epoch [63/113], Total Loss: 30320.1222, NLL: 3.3089, Masked: 28.3554, Reg: 30316.746816
Epoch [64/113], Total Loss: 30335.3176, NLL: 3.3089, Masked: 28.3519, Reg: 30331.942004
Epoch [65/113], Total Loss: 30329.8119, NLL: 3.3089, Masked: 28.3576, Reg: 30326.436392
Epoch [66/113], Total Loss: 30325.9522, NLL: 3.3089, Masked: 28.3603, Reg: 30322.576679
Epoch [67/113], Total Loss: 30331.6777, NLL: 3.3089, Masked: 28.3686, Reg: 30328.302076
Epoch [68/113], Total Loss: 30335.3339, NLL: 3.3089, Masked: 28.3548, Reg: 30331.958384
Epoch [69/113], Total Loss: 30320.8205, NLL: 3.3089, Masked: 28.3540, Reg: 30317.445009
Epoch [70/113], Total Loss: 30332.4733, NLL: 3.3089, Masked: 28.3725, Reg: 30329.097774
Epoch [71/113], Total Loss: 30328.9784, NLL: 3.3089, Masked: 28.3638, Reg: 30325.602917
Epoch [72/113], Total Loss: 30332.8568, NLL: 3.3089, Masked: 28.3519, Reg: 30329.481300
Epoch [73/113], Total Loss: 30323.1736, NLL: 3.3089, Masked: 28.3769, Reg: 30319.797969
Epoch [74/113], Total Loss: 30340.3115, NLL: 3.3089, Masked: 28.3694, Reg: 30336.935953
Epoch [75/113], Total Loss: 30318.4011, NLL: 3.3089, Masked: 28.3634, Reg: 30315.025506
Epoch [76/113], Total Loss: 30331.5726, NLL: 3.3089, Masked: 28.3718, Reg: 30328.197077
Epoch [77/113], Total Loss: 30326.2650, NLL: 3.3089, Masked: 28.3792, Reg: 30322.889403
Epoch [78/113], Total Loss: 30321.5957, NLL: 3.3089, Masked: 28.3382, Reg: 30318.220171
Epoch [79/113], Total Loss: 30327.9962, NLL: 3.3089, Masked: 28.3661, Reg: 30324.620738
Epoch [80/113], Total Loss: 30327.0436, NLL: 3.3089, Masked: 28.3699, Reg: 30323.668047
Epoch [81/113], Total Loss: 30316.6908, NLL: 3.3089, Masked: 28.3684, Reg: 30313.315278
Epoch [82/113], Total Loss: 30325.3589, NLL: 3.3089, Masked: 28.3662, Reg: 30321.983490
Epoch [83/113], Total Loss: 30317.0310, NLL: 3.3089, Masked: 28.3736, Reg: 30313.655327
Epoch [84/113], Total Loss: 30330.1879, NLL: 3.3089, Masked: 28.3689, Reg: 30326.812326
Epoch [85/113], Total Loss: 30318.3791, NLL: 3.3089, Masked: 28.3598, Reg: 30315.003522
Epoch [86/113], Total Loss: 30326.2965, NLL: 3.3089, Masked: 28.3556, Reg: 30322.920994
Epoch [87/113], Total Loss: 30312.1174, NLL: 3.3089, Masked: 28.3692, Reg: 30308.741908
Epoch [88/113], Total Loss: 30327.3624, NLL: 3.3089, Masked: 28.3566, Reg: 30323.986935
Epoch [89/113], Total Loss: 30320.0477, NLL: 3.3089, Masked: 28.3635, Reg: 30316.672174
Epoch [90/113], Total Loss: 30315.8987, NLL: 3.3089, Masked: 28.3700, Reg: 30312.523148
Epoch [91/113], Total Loss: 30315.7586, NLL: 3.3089, Masked: 28.3705, Reg: 30312.382995
Epoch [92/113], Total Loss: 30322.1764, NLL: 3.3089, Masked: 28.3709, Reg: 30318.800886
Epoch [93/113], Total Loss: 30310.2859, NLL: 3.3089, Masked: 28.3574, Reg: 30306.910333
Epoch [94/113], Total Loss: 30319.8094, NLL: 3.3089, Masked: 28.3760, Reg: 30316.433825
Epoch [95/113], Total Loss: 30316.9398, NLL: 3.3089, Masked: 28.3638, Reg: 30313.564167
Epoch [96/113], Total Loss: 30321.4851, NLL: 3.3089, Masked: 28.3639, Reg: 30318.109605
Epoch [97/113], Total Loss: 30309.6109, NLL: 3.3089, Masked: 28.3545, Reg: 30306.235354
Epoch [98/113], Total Loss: 30324.0948, NLL: 3.3089, Masked: 28.3508, Reg: 30320.719408
Epoch [99/113], Total Loss: 30308.8819, NLL: 3.3089, Masked: 28.3554, Reg: 30305.506507
Epoch [100/113], Total Loss: 30323.0995, NLL: 3.3089, Masked: 28.3697, Reg: 30319.723990
Epoch [101/113], Total Loss: 30314.2207, NLL: 3.3089, Masked: 28.3554, Reg: 30310.845210
Epoch [102/113], Total Loss: 30314.3606, NLL: 3.3089, Masked: 28.3679, Reg: 30310.984992
Epoch [103/113], Total Loss: 30314.9571, NLL: 3.3089, Masked: 28.3521, Reg: 30311.581674
Epoch [104/113], Total Loss: 30317.8253, NLL: 3.3089, Masked: 28.3723, Reg: 30314.449858
Epoch [105/113], Total Loss: 30303.6996, NLL: 3.3089, Masked: 28.3550, Reg: 30300.324105
Epoch [106/113], Total Loss: 30315.6428, NLL: 3.3089, Masked: 28.3646, Reg: 30312.267239
Epoch [107/113], Total Loss: 30306.4061, NLL: 3.3089, Masked: 28.3628, Reg: 30303.030596
Epoch [108/113], Total Loss: 30311.8025, NLL: 3.3089, Masked: 28.3569, Reg: 30308.426951
Epoch [109/113], Total Loss: 30305.7330, NLL: 3.3089, Masked: 28.3482, Reg: 30302.357550
Epoch [110/113], Total Loss: 30318.4871, NLL: 3.3089, Masked: 28.3514, Reg: 30315.111660
Epoch [111/113], Total Loss: 30298.9896, NLL: 3.3089, Masked: 28.3738, Reg: 30295.614127
Epoch [112/113], Total Loss: 30313.7478, NLL: 3.3089, Masked: 28.3468, Reg: 30310.372338
Epoch [113/113], Total Loss: 30312.6468, NLL: 3.3089, Masked: 28.3582, Reg: 30309.271358

==================================================
EVALUATING ON TRAINING DATA
==================================================

==================================================
TEST RESULTS
==================================================
Total Loss: 29705.120314
  - ZINB NLL: 3.308872
Total number of masked values: 1903525
  - Number of values with pi >= 0.6660854910505922: 0
  - Number of values with pi < 0.6660854910505922: 1903525
  - Masked Reconstruction: 28.354702
  - Regularization: 29701.745354
Mean Absolute Error (MAE): 26.392101
R² Score: -45.031105
==================================================


==================================================
TEST RESULTS
==================================================
Total Loss: 29705.110223
  - ZINB NLL: 3.304390
Total number of masked values: 2380909
  - Number of values with pi >= 0.6660854910505922: 0
  - Number of values with pi < 0.6660854910505922: 2380909
  - Masked Reconstruction: 25.959218
  - Regularization: 29701.745354
Mean Absolute Error (MAE): 26.280571
R² Score: -34.457207
==================================================


>>> Optimizing zinb_nll on VALIDATION set: 3.304390
>>> Full validation metrics: {'total_loss': 29705.11022255304, 'zinb_nll': 3.3043902130294933, 'mae': 26.28057098388672, 'r2': -34.45720672607422, 'masked_loss': 25.95921796755947, 'reg_loss': 29701.7453543308}

Iteration No: 17 ended. Evaluation done at random point.
Time taken: 926.6980
Function value obtained: 3.3044
Current minimum: 1.5830
Iteration No: 18 started. Evaluating function at random point.

================================================================================
Trial with parameters:
  features: Centr
  step_size: 0.6375221930699251
  bin_size: 33
  sample_fraction: 0.5767546740084184
  moving_average: False
  first_layer_size_factor: 9
  num_layers: 3
  use_conv: True
  conv_channel: 29
  pool_size: 4
  kernel_size: 3
  epochs: 41
  batch_size: 32
  pi_threshold: 0.6918042114486035
  learning_rate: 3.357305095994098e-05
  dropout_rate: 0.00858055091587512
  masked_recon_weight: 1.1309872057560046
  regularizer: none
  regularization_weight: 0.0026554018141470353
================================================================================

len(layers): 3
Creating datasets with:
  features: ['Centr']
  bin_size: 33
  moving_average: False
  data_point_length: 2000 (from 2000)
  step_size: 1275 (from fraction 0.6375221930699251)
  layers: [np.int64(144), np.int64(72), np.int64(36)] (first=144, num=3)
  stride: 1 (fixed), padding: same (fixed)
  Using pre-determined chromosome split


Clipping outliers using 95th percentile * 1.5...
strain_yTW001: Clipping values above 134.25 (P95=89.50). Clipped 27529/1193409 values (2.31%)
strain_FD: Clipping values above 71.92 (P95=47.94). Clipped 95791/4127807 values (2.32%)
strain_dnrp: Clipping values above 243.00 (P95=162.00). Clipped 25649/1119454 values (2.29%)
strain_yEK19: Clipping values above 77.10 (P95=51.40). Clipped 83713/3893623 values (2.15%)
strain_yEK23: Clipping values above 72.00 (P95=48.00). Clipped 86381/3558407 values (2.43%)
strain_yWT03a: Clipping values above 15.00 (P95=10.00). Clipped 10602/347679 values (3.05%)
strain_yWT04a: Clipping values above 58.50 (P95=39.00). Clipped 21095/725406 values (2.91%)
strain_ylic137: Clipping values above 142.50 (P95=95.00). Clipped 28746/1112684 values (2.58%)

Splitting data using pre-determined chromosomes...
Standardizing features: ['Centr']
Column order in final array (Dataset/Chrom split): ['Value', 'Centromere_Distance', 'Value_Raw', 'Size_Factor']
Removing 0 empty data points out of 1304
Column order in final array (Dataset/Chrom split): ['Value', 'Centromere_Distance', 'Value_Raw', 'Size_Factor']
Removing 0 empty data points out of 464
Column order in final array (Dataset/Chrom split): ['Value', 'Centromere_Distance', 'Value_Raw', 'Size_Factor']
Removing 0 empty data points out of 512
Datasets created with shapes:
  Train: (1304, 2000, 4)
  Val: (464, 2000, 4)
  Test: (512, 2000, 4)
Datasets created:
  Train: (1304, 2000, 4), Val: (464, 2000, 4), Test: (512, 2000, 4)

Randomly sampled 752/1304 samples (57.7%)
Applied denoising with 15.0% masking
Applied denoising with 15.0% masking
Applied denoising with 15.0% masking
Number of encoder layers: 3
Number of decoder layers (excluding heads): 3
Total number of layers including latent layer: 7
Epoch [1/41], Total Loss: 35.2695, NLL: 3.0321, Masked: 28.5037
Epoch [2/41], Total Loss: 35.0722, NLL: 3.0289, Masked: 28.3321
Epoch [3/41], Total Loss: 34.8099, NLL: 3.0235, Masked: 28.1050
Epoch [4/41], Total Loss: 34.0326, NLL: 3.0078, Masked: 27.4317
Epoch [5/41], Total Loss: 32.1127, NLL: 2.9673, Masked: 25.7700
Epoch [6/41], Total Loss: 28.9164, NLL: 2.8963, Masked: 23.0066
Epoch [7/41], Total Loss: 24.6395, NLL: 2.7850, Masked: 19.3233
Epoch [8/41], Total Loss: 19.6579, NLL: 2.6319, Masked: 15.0541
Epoch [9/41], Total Loss: 14.5697, NLL: 2.4304, Masked: 10.7333
Epoch [10/41], Total Loss: 10.0356, NLL: 2.2122, Masked: 6.9173
Epoch [11/41], Total Loss: 7.0318, NLL: 2.0392, Masked: 4.4143
Epoch [12/41], Total Loss: 5.3426, NLL: 1.9485, Masked: 3.0009
Epoch [13/41], Total Loss: 4.8817, NLL: 1.9589, Masked: 2.5843
Epoch [14/41], Total Loss: 4.8393, NLL: 1.9806, Masked: 2.5276
Epoch [15/41], Total Loss: 4.8273, NLL: 1.9714, Masked: 2.5251
Epoch [16/41], Total Loss: 4.8078, NLL: 1.9597, Masked: 2.5182
Epoch [17/41], Total Loss: 4.7992, NLL: 1.9532, Masked: 2.5164
Epoch [18/41], Total Loss: 4.7928, NLL: 1.9479, Masked: 2.5155
Epoch [19/41], Total Loss: 4.7851, NLL: 1.9406, Masked: 2.5150
Epoch [20/41], Total Loss: 4.7731, NLL: 1.9345, Masked: 2.5098
Epoch [21/41], Total Loss: 4.7672, NLL: 1.9323, Masked: 2.5066
Epoch [22/41], Total Loss: 4.7574, NLL: 1.9292, Masked: 2.5007
Epoch [23/41], Total Loss: 4.7595, NLL: 1.9273, Masked: 2.5042
Epoch [24/41], Total Loss: 4.7494, NLL: 1.9225, Masked: 2.4995
Epoch [25/41], Total Loss: 4.7496, NLL: 1.9189, Masked: 2.5028
Epoch [26/41], Total Loss: 4.7491, NLL: 1.9188, Masked: 2.5025
Epoch [27/41], Total Loss: 4.7337, NLL: 1.9178, Masked: 2.4898
Epoch [28/41], Total Loss: 4.7422, NLL: 1.9141, Masked: 2.5005
Epoch [29/41], Total Loss: 4.7390, NLL: 1.9130, Masked: 2.4987
Epoch [30/41], Total Loss: 4.7384, NLL: 1.9141, Masked: 2.4972
Epoch [31/41], Total Loss: 4.7336, NLL: 1.9146, Masked: 2.4925
Epoch [32/41], Total Loss: 4.7394, NLL: 1.9133, Masked: 2.4988
Epoch [33/41], Total Loss: 4.7333, NLL: 1.9110, Masked: 2.4954
Epoch [34/41], Total Loss: 4.7390, NLL: 1.9136, Masked: 2.4982
Epoch [35/41], Total Loss: 4.7311, NLL: 1.9101, Masked: 2.4942
Epoch [36/41], Total Loss: 4.7371, NLL: 1.9106, Masked: 2.4992
Epoch [37/41], Total Loss: 4.7311, NLL: 1.9110, Masked: 2.4935
Epoch [38/41], Total Loss: 4.7297, NLL: 1.9127, Masked: 2.4907
Epoch [39/41], Total Loss: 4.7389, NLL: 1.9098, Masked: 2.5014
Epoch [40/41], Total Loss: 4.7276, NLL: 1.9106, Masked: 2.4907
Epoch [41/41], Total Loss: 4.7304, NLL: 1.9140, Masked: 2.4902

==================================================
EVALUATING ON TRAINING DATA
==================================================

==================================================
TEST RESULTS
==================================================
Total Loss: 4.722167
  - ZINB NLL: 1.907905
Total number of masked values: 175602
  - Number of values with pi >= 0.6918042114486035: 0
  - Number of values with pi < 0.6918042114486035: 175602
  - Masked Reconstruction: 2.488324
Mean Absolute Error (MAE): 2.263195
R² Score: 0.046198
==================================================


==================================================
TEST RESULTS
==================================================
Total Loss: 4.805106
  - ZINB NLL: 1.970703
Total number of masked values: 108162
  - Number of values with pi >= 0.6918042114486035: 0
  - Number of values with pi < 0.6918042114486035: 108162
  - Masked Reconstruction: 2.506132
Mean Absolute Error (MAE): 2.364757
R² Score: 0.025060
==================================================


>>> Optimizing zinb_nll on VALIDATION set: 1.970703
>>> Full validation metrics: {'total_loss': 4.805105949270314, 'zinb_nll': 1.9707029112454117, 'mae': 2.3647570610046387, 'r2': 0.02506023645401001, 'masked_loss': 2.5061318915465782}

Iteration No: 18 ended. Evaluation done at random point.
Time taken: 58.6894
Function value obtained: 1.9707
Current minimum: 1.5830
Iteration No: 19 started. Evaluating function at random point.

================================================================================
Trial with parameters:
  features: Centr
  step_size: 0.7373302619820726
  bin_size: 3
  sample_fraction: 0.9618592986935396
  moving_average: False
  first_layer_size_factor: 29
  num_layers: 1
  use_conv: False
  conv_channel: 72
  pool_size: 5
  kernel_size: 7
  epochs: 104
  batch_size: 128
  pi_threshold: 0.677700638850067
  learning_rate: 0.00399573613052625
  dropout_rate: 0.3182017987230057
  masked_recon_weight: 1.59881118825287
  regularizer: none
  regularization_weight: 0.10317376801000101
================================================================================

len(layers): 1
Creating datasets with:
  features: ['Centr']
  bin_size: 3
  moving_average: False
  data_point_length: 2000 (from 2000)
  step_size: 1474 (from fraction 0.7373302619820726)
  layers: [np.int64(464)] (first=464, num=1)
  stride: 1 (fixed), padding: same (fixed)
  Using pre-determined chromosome split


Clipping outliers using 95th percentile * 1.5...
strain_yTW001: Clipping values above 134.25 (P95=89.50). Clipped 27529/1193409 values (2.31%)
strain_FD: Clipping values above 71.92 (P95=47.94). Clipped 95791/4127807 values (2.32%)
strain_dnrp: Clipping values above 243.00 (P95=162.00). Clipped 25649/1119454 values (2.29%)
strain_yEK19: Clipping values above 77.10 (P95=51.40). Clipped 83713/3893623 values (2.15%)
strain_yEK23: Clipping values above 72.00 (P95=48.00). Clipped 86381/3558407 values (2.43%)
strain_yWT03a: Clipping values above 15.00 (P95=10.00). Clipped 10602/347679 values (3.05%)
strain_yWT04a: Clipping values above 58.50 (P95=39.00). Clipped 21095/725406 values (2.91%)
strain_ylic137: Clipping values above 142.50 (P95=95.00). Clipped 28746/1112684 values (2.58%)

Splitting data using pre-determined chromosomes...
Standardizing features: ['Centr']
Column order in final array (Dataset/Chrom split): ['Value', 'Centromere_Distance', 'Value_Raw', 'Size_Factor']
Removing 0 empty data points out of 12568
Column order in final array (Dataset/Chrom split): ['Value', 'Centromere_Distance', 'Value_Raw', 'Size_Factor']
Removing 0 empty data points out of 4416
Column order in final array (Dataset/Chrom split): ['Value', 'Centromere_Distance', 'Value_Raw', 'Size_Factor']
Removing 0 empty data points out of 4888
Datasets created with shapes:
  Train: (12568, 2000, 4)
  Val: (4416, 2000, 4)
  Test: (4888, 2000, 4)
Datasets created:
  Train: (12568, 2000, 4), Val: (4416, 2000, 4), Test: (4888, 2000, 4)

Randomly sampled 12088/12568 samples (96.2%)
Applied denoising with 15.0% masking
Applied denoising with 15.0% masking
Applied denoising with 15.0% masking
Number of encoder layers: 1
Number of decoder layers (excluding heads): 1
Total number of layers including latent layer: 3
Epoch [1/104], Total Loss: 10691.4009, NLL: 2.2564, Masked: 6685.6832
Epoch [2/104], Total Loss: 11.6705, NLL: 2.2159, Masked: 5.9135
Epoch [3/104], Total Loss: 11.6689, NLL: 2.2159, Masked: 5.9125
Epoch [4/104], Total Loss: 11.6696, NLL: 2.2159, Masked: 5.9129
Epoch [5/104], Total Loss: 11.6660, NLL: 2.2159, Masked: 5.9107
Epoch [6/104], Total Loss: 11.6694, NLL: 2.2159, Masked: 5.9129
Epoch [7/104], Total Loss: 11.6764, NLL: 2.2159, Masked: 5.9172
Epoch [8/104], Total Loss: 11.6719, NLL: 2.2159, Masked: 5.9144
Epoch [9/104], Total Loss: 11.6669, NLL: 2.2159, Masked: 5.9113
Epoch [10/104], Total Loss: 11.6741, NLL: 2.2159, Masked: 5.9158
Epoch [11/104], Total Loss: 11.6727, NLL: 2.2159, Masked: 5.9149
Epoch [12/104], Total Loss: 11.6704, NLL: 2.2159, Masked: 5.9134
Epoch [13/104], Total Loss: 11.6696, NLL: 2.2159, Masked: 5.9129
Epoch [14/104], Total Loss: 11.6764, NLL: 2.2159, Masked: 5.9172
Epoch [15/104], Total Loss: 11.6699, NLL: 2.2159, Masked: 5.9132
Epoch [16/104], Total Loss: 11.6675, NLL: 2.2159, Masked: 5.9116
Epoch [17/104], Total Loss: 11.6671, NLL: 2.2159, Masked: 5.9114
Epoch [18/104], Total Loss: 11.6691, NLL: 2.2159, Masked: 5.9127
Epoch [19/104], Total Loss: 11.6708, NLL: 2.2159, Masked: 5.9137
Epoch [20/104], Total Loss: 11.6731, NLL: 2.2159, Masked: 5.9152
Epoch [21/104], Total Loss: 11.6693, NLL: 2.2159, Masked: 5.9128
Epoch [22/104], Total Loss: 11.6611, NLL: 2.2159, Masked: 5.9077
Epoch [23/104], Total Loss: 11.6655, NLL: 2.2159, Masked: 5.9104
Epoch [24/104], Total Loss: 11.6659, NLL: 2.2159, Masked: 5.9106
Epoch [25/104], Total Loss: 11.6654, NLL: 2.2159, Masked: 5.9103
Epoch [26/104], Total Loss: 11.6711, NLL: 2.2159, Masked: 5.9139
Epoch [27/104], Total Loss: 11.6682, NLL: 2.2159, Masked: 5.9121
Epoch [28/104], Total Loss: 11.6714, NLL: 2.2159, Masked: 5.9141
Epoch [29/104], Total Loss: 11.6663, NLL: 2.2159, Masked: 5.9109
Epoch [30/104], Total Loss: 11.6673, NLL: 2.2159, Masked: 5.9116
Epoch [31/104], Total Loss: 11.6711, NLL: 2.2159, Masked: 5.9139
Epoch [32/104], Total Loss: 621.2688, NLL: 2.2159, Masked: 387.1958
Epoch [33/104], Total Loss: 11.6748, NLL: 2.2159, Masked: 5.9162
Epoch [34/104], Total Loss: 11.6683, NLL: 2.2159, Masked: 5.9121
Epoch [35/104], Total Loss: 11.6681, NLL: 2.2159, Masked: 5.9120
Epoch [36/104], Total Loss: 11.6708, NLL: 2.2159, Masked: 5.9137
Epoch [37/104], Total Loss: 11.6710, NLL: 2.2159, Masked: 5.9138
Epoch [38/104], Total Loss: 11.6674, NLL: 2.2159, Masked: 5.9116
Epoch [39/104], Total Loss: 11.6679, NLL: 2.2159, Masked: 5.9119
Epoch [40/104], Total Loss: 11.6713, NLL: 2.2159, Masked: 5.9140
Epoch [41/104], Total Loss: 11.6711, NLL: 2.2159, Masked: 5.9139
Epoch [42/104], Total Loss: 11.6723, NLL: 2.2159, Masked: 5.9147
Epoch [43/104], Total Loss: 11.6722, NLL: 2.2159, Masked: 5.9146
Epoch [44/104], Total Loss: 11.6737, NLL: 2.2159, Masked: 5.9155
Epoch [45/104], Total Loss: 11.6675, NLL: 2.2159, Masked: 5.9117
Epoch [46/104], Total Loss: 11.6675, NLL: 2.2159, Masked: 5.9116
Epoch [47/104], Total Loss: 11.6660, NLL: 2.2159, Masked: 5.9107
Epoch [48/104], Total Loss: 11.6703, NLL: 2.2159, Masked: 5.9134
Epoch [49/104], Total Loss: 11.6712, NLL: 2.2159, Masked: 5.9140
Epoch [50/104], Total Loss: 11.6668, NLL: 2.2159, Masked: 5.9112
Epoch [51/104], Total Loss: 11.6713, NLL: 2.2159, Masked: 5.9140
Epoch [52/104], Total Loss: 11.6671, NLL: 2.2159, Masked: 5.9114
Epoch [53/104], Total Loss: 11.6725, NLL: 2.2159, Masked: 5.9148
Epoch [54/104], Total Loss: 11.6713, NLL: 2.2159, Masked: 5.9140
Epoch [55/104], Total Loss: 11.6674, NLL: 2.2159, Masked: 5.9116
Epoch [56/104], Total Loss: 11.6662, NLL: 2.2159, Masked: 5.9108
Epoch [57/104], Total Loss: 11.6633, NLL: 2.2159, Masked: 5.9090
Epoch [58/104], Total Loss: 11.6667, NLL: 2.2159, Masked: 5.9112
Epoch [59/104], Total Loss: 11.6738, NLL: 2.2159, Masked: 5.9156
Epoch [60/104], Total Loss: 11.6638, NLL: 2.2159, Masked: 5.9093
Epoch [61/104], Total Loss: 11.6720, NLL: 2.2159, Masked: 5.9144
Epoch [62/104], Total Loss: 11.6701, NLL: 2.2159, Masked: 5.9133
Epoch [63/104], Total Loss: 11.6672, NLL: 2.2159, Masked: 5.9114
Epoch [64/104], Total Loss: 11.6663, NLL: 2.2159, Masked: 5.9109
Epoch [65/104], Total Loss: 11.6733, NLL: 2.2159, Masked: 5.9153
Epoch [66/104], Total Loss: 11.6707, NLL: 2.2159, Masked: 5.9137
Epoch [67/104], Total Loss: 11.6657, NLL: 2.2159, Masked: 5.9105
Epoch [68/104], Total Loss: 11.6677, NLL: 2.2159, Masked: 5.9118
Epoch [69/104], Total Loss: 11.6675, NLL: 2.2159, Masked: 5.9117
Epoch [70/104], Total Loss: 11.6717, NLL: 2.2159, Masked: 5.9143
Epoch [71/104], Total Loss: 11.6680, NLL: 2.2159, Masked: 5.9120
Epoch [72/104], Total Loss: 11.6682, NLL: 2.2159, Masked: 5.9121
Epoch [73/104], Total Loss: 11.6716, NLL: 2.2159, Masked: 5.9142
Epoch [74/104], Total Loss: 11.6700, NLL: 2.2159, Masked: 5.9132
Epoch [75/104], Total Loss: 11.6699, NLL: 2.2159, Masked: 5.9132
Epoch [76/104], Total Loss: 11.6691, NLL: 2.2159, Masked: 5.9127
Epoch [77/104], Total Loss: 11.6696, NLL: 2.2159, Masked: 5.9129
Epoch [78/104], Total Loss: 11.6710, NLL: 2.2159, Masked: 5.9138
Epoch [79/104], Total Loss: 11.6632, NLL: 2.2159, Masked: 5.9090
Epoch [80/104], Total Loss: 11.6679, NLL: 2.2159, Masked: 5.9119
Epoch [81/104], Total Loss: 11.6703, NLL: 2.2159, Masked: 5.9134
Epoch [82/104], Total Loss: 11.6761, NLL: 2.2159, Masked: 5.9170
Epoch [83/104], Total Loss: 11.6737, NLL: 2.2159, Masked: 5.9155
Epoch [84/104], Total Loss: 11.6727, NLL: 2.2159, Masked: 5.9149
Epoch [85/104], Total Loss: 11.6657, NLL: 2.2159, Masked: 5.9105
Epoch [86/104], Total Loss: 11.6731, NLL: 2.2159, Masked: 5.9151
Epoch [87/104], Total Loss: 11.6723, NLL: 2.2159, Masked: 5.9147
Epoch [88/104], Total Loss: 11.6703, NLL: 2.2159, Masked: 5.9134
Epoch [89/104], Total Loss: 11.6740, NLL: 2.2159, Masked: 5.9157
Epoch [90/104], Total Loss: 11.6672, NLL: 2.2159, Masked: 5.9114
Epoch [91/104], Total Loss: 11.6668, NLL: 2.2159, Masked: 5.9112
Epoch [92/104], Total Loss: 11.6688, NLL: 2.2159, Masked: 5.9125
Epoch [93/104], Total Loss: 11.6682, NLL: 2.2159, Masked: 5.9121
Epoch [94/104], Total Loss: 11.6641, NLL: 2.2159, Masked: 5.9095
Epoch [95/104], Total Loss: 11.6700, NLL: 2.2159, Masked: 5.9132
Epoch [96/104], Total Loss: 11.6734, NLL: 2.2159, Masked: 5.9153
Epoch [97/104], Total Loss: 11.6700, NLL: 2.2159, Masked: 5.9132
Epoch [98/104], Total Loss: 11.6702, NLL: 2.2159, Masked: 5.9133
Epoch [99/104], Total Loss: 11.6721, NLL: 2.2159, Masked: 5.9145
Epoch [100/104], Total Loss: 11.6662, NLL: 2.2159, Masked: 5.9108
Epoch [101/104], Total Loss: 11.6726, NLL: 2.2159, Masked: 5.9149
Epoch [102/104], Total Loss: 11.6693, NLL: 2.2159, Masked: 5.9128
Epoch [103/104], Total Loss: 11.6716, NLL: 2.2159, Masked: 5.9142
Epoch [104/104], Total Loss: 11.6729, NLL: 2.2159, Masked: 5.9151

==================================================
EVALUATING ON TRAINING DATA
==================================================

==================================================
TEST RESULTS
==================================================
Total Loss: 11.667917
  - ZINB NLL: 2.215892
Total number of masked values: 1212166
  - Number of values with pi >= 0.677700638850067: 0
  - Number of values with pi < 0.677700638850067: 1212166
  - Masked Reconstruction: 5.911908
Mean Absolute Error (MAE): 2.650398
R² Score: -0.027230
==================================================


==================================================
TEST RESULTS
==================================================
Total Loss: 11.885013
  - ZINB NLL: 2.271481
Total number of masked values: 443412
  - Number of values with pi >= 0.677700638850067: 0
  - Number of values with pi < 0.677700638850067: 443412
  - Masked Reconstruction: 6.012926
Mean Absolute Error (MAE): 2.728951
R² Score: -0.027329
==================================================


>>> Optimizing zinb_nll on VALIDATION set: 2.271481
>>> Full validation metrics: {'total_loss': 11.88501302746759, 'zinb_nll': 2.2714805862177974, 'mae': 2.7289514541625977, 'r2': -0.0273287296295166, 'masked_loss': 6.012925586838653}

Iteration No: 19 ended. Evaluation done at random point.
Time taken: 358.3238
Function value obtained: 2.2715
Current minimum: 1.5830
Iteration No: 20 started. Evaluating function at random point.

================================================================================
Trial with parameters:
  features: Centr_Nucl
  step_size: 0.8584031325520024
  bin_size: 41
  sample_fraction: 0.7194547525761796
  moving_average: False
  first_layer_size_factor: 67
  num_layers: 2
  use_conv: True
  conv_channel: 40
  pool_size: 4
  kernel_size: 3
  epochs: 104
  batch_size: 64
  pi_threshold: 0.5622890541522969
  learning_rate: 0.00014328141535811573
  dropout_rate: 0.3408068344863949
  masked_recon_weight: 0.023040838394677018
  regularizer: l1
  regularization_weight: 0.029666217745366992
================================================================================

len(layers): 2
Creating datasets with:
  features: ['Centr', 'Nucl']
  bin_size: 41
  moving_average: False
  data_point_length: 2000 (from 2000)
  step_size: 1716 (from fraction 0.8584031325520024)
  layers: [np.int64(1072), np.int64(536)] (first=1072, num=2)
  stride: 1 (fixed), padding: same (fixed)
  Using pre-determined chromosome split


Clipping outliers using 95th percentile * 1.5...
strain_yTW001: Clipping values above 134.25 (P95=89.50). Clipped 27529/1193409 values (2.31%)
strain_FD: Clipping values above 71.92 (P95=47.94). Clipped 95791/4127807 values (2.32%)
strain_dnrp: Clipping values above 243.00 (P95=162.00). Clipped 25649/1119454 values (2.29%)
strain_yEK19: Clipping values above 77.10 (P95=51.40). Clipped 83713/3893623 values (2.15%)
strain_yEK23: Clipping values above 72.00 (P95=48.00). Clipped 86381/3558407 values (2.43%)
strain_yWT03a: Clipping values above 15.00 (P95=10.00). Clipped 10602/347679 values (3.05%)
strain_yWT04a: Clipping values above 58.50 (P95=39.00). Clipped 21095/725406 values (2.91%)
strain_ylic137: Clipping values above 142.50 (P95=95.00). Clipped 28746/1112684 values (2.58%)

Splitting data using pre-determined chromosomes...
Standardizing features: ['Centr', 'Nucl']
Column order in final array (Dataset/Chrom split): ['Value', 'Nucleosome_Distance', 'Centromere_Distance', 'Value_Raw', 'Size_Factor']
Removing 0 empty data points out of 816
Column order in final array (Dataset/Chrom split): ['Value', 'Nucleosome_Distance', 'Centromere_Distance', 'Value_Raw', 'Size_Factor']
Removing 0 empty data points out of 280
Column order in final array (Dataset/Chrom split): ['Value', 'Nucleosome_Distance', 'Centromere_Distance', 'Value_Raw', 'Size_Factor']
Removing 0 empty data points out of 328
Datasets created with shapes:
  Train: (816, 2000, 5)
  Val: (280, 2000, 5)
  Test: (328, 2000, 5)
Datasets created:
  Train: (816, 2000, 5), Val: (280, 2000, 5), Test: (328, 2000, 5)

Randomly sampled 587/816 samples (71.9%)
Applied denoising with 15.0% masking
Applied denoising with 15.0% masking
Applied denoising with 15.0% masking
Number of encoder layers: 2
Number of decoder layers (excluding heads): 2
Total number of layers including latent layer: 5
Epoch [1/104], Total Loss: 3177.6937, NLL: 3.0483, Masked: 27.9296, Reg: 3174.001879
Epoch [2/104], Total Loss: 2213.8250, NLL: 3.0479, Masked: 27.9006, Reg: 2210.134360
Epoch [3/104], Total Loss: 1527.8084, NLL: 3.0477, Masked: 27.9237, Reg: 1524.117347
Epoch [4/104], Total Loss: 1095.5453, NLL: 3.0476, Masked: 27.9373, Reg: 1091.853984
Epoch [5/104], Total Loss: 851.0887, NLL: 3.0476, Masked: 27.9014, Reg: 847.398273
Epoch [6/104], Total Loss: 753.8911, NLL: 3.0476, Masked: 27.9258, Reg: 750.200007
Epoch [7/104], Total Loss: 671.3088, NLL: 3.0477, Masked: 27.9043, Reg: 667.618250
Epoch [8/104], Total Loss: 612.7613, NLL: 3.0477, Masked: 27.9088, Reg: 609.070609
Epoch [9/104], Total Loss: 563.9087, NLL: 3.0477, Masked: 27.9386, Reg: 560.217331
Epoch [10/104], Total Loss: 520.6971, NLL: 3.0477, Masked: 27.9162, Reg: 517.006159
Epoch [11/104], Total Loss: 481.0358, NLL: 3.0477, Masked: 27.9183, Reg: 477.344793
Epoch [12/104], Total Loss: 444.5361, NLL: 3.0477, Masked: 27.9175, Reg: 440.845130
Epoch [13/104], Total Loss: 410.4717, NLL: 3.0478, Masked: 27.9438, Reg: 406.780127
Epoch [14/104], Total Loss: 378.9728, NLL: 3.0478, Masked: 27.9407, Reg: 375.281288
Epoch [15/104], Total Loss: 349.7286, NLL: 3.0478, Masked: 27.9188, Reg: 346.037521
Epoch [16/104], Total Loss: 322.8191, NLL: 3.0478, Masked: 27.9219, Reg: 319.127947
Epoch [17/104], Total Loss: 298.2067, NLL: 3.0479, Masked: 27.9011, Reg: 294.516011
Epoch [18/104], Total Loss: 276.0255, NLL: 3.0479, Masked: 27.8934, Reg: 272.334978
Epoch [19/104], Total Loss: 255.9987, NLL: 3.0479, Masked: 27.9190, Reg: 252.307505
Epoch [20/104], Total Loss: 238.3145, NLL: 3.0479, Masked: 27.9309, Reg: 234.623033
Epoch [21/104], Total Loss: 222.9082, NLL: 3.0479, Masked: 27.9121, Reg: 219.217136
Epoch [22/104], Total Loss: 209.8773, NLL: 3.0480, Masked: 27.9399, Reg: 206.185631
Epoch [23/104], Total Loss: 198.1888, NLL: 3.0480, Masked: 27.9027, Reg: 194.497927
Epoch [24/104], Total Loss: 187.7125, NLL: 3.0480, Masked: 27.9078, Reg: 184.021469
Epoch [25/104], Total Loss: 178.5193, NLL: 3.0480, Masked: 27.9417, Reg: 174.827515
Epoch [26/104], Total Loss: 170.6356, NLL: 3.0480, Masked: 27.9331, Reg: 166.943976
Epoch [27/104], Total Loss: 163.7713, NLL: 3.0481, Masked: 27.9178, Reg: 160.079985
Epoch [28/104], Total Loss: 158.0406, NLL: 3.0481, Masked: 27.9389, Reg: 154.348767
Epoch [29/104], Total Loss: 153.6453, NLL: 3.0481, Masked: 27.9185, Reg: 149.953907
Epoch [30/104], Total Loss: 150.2361, NLL: 3.0481, Masked: 27.9093, Reg: 146.544915
Epoch [31/104], Total Loss: 147.9674, NLL: 3.0482, Masked: 27.9202, Reg: 144.275915
Epoch [32/104], Total Loss: 146.0190, NLL: 3.0482, Masked: 27.9216, Reg: 142.327440
Epoch [33/104], Total Loss: 144.1379, NLL: 3.0482, Masked: 27.9296, Reg: 140.446177
Epoch [34/104], Total Loss: 142.7110, NLL: 3.0482, Masked: 27.9362, Reg: 139.019147
Epoch [35/104], Total Loss: 141.2745, NLL: 3.0483, Masked: 27.9329, Reg: 137.582645
Epoch [36/104], Total Loss: 140.0548, NLL: 3.0483, Masked: 27.8869, Reg: 136.363990
Epoch [37/104], Total Loss: 139.0196, NLL: 3.0483, Masked: 27.9256, Reg: 135.327859
Epoch [38/104], Total Loss: 138.0691, NLL: 3.0483, Masked: 27.8955, Reg: 134.378085
Epoch [39/104], Total Loss: 137.2455, NLL: 3.0483, Masked: 27.9138, Reg: 133.553989
Epoch [40/104], Total Loss: 136.6807, NLL: 3.0484, Masked: 27.9223, Reg: 132.988979
Epoch [41/104], Total Loss: 136.1608, NLL: 3.0484, Masked: 27.9197, Reg: 132.469089
Epoch [42/104], Total Loss: 135.7099, NLL: 3.0484, Masked: 27.9334, Reg: 132.017839
Epoch [43/104], Total Loss: 135.7232, NLL: 3.0484, Masked: 27.9350, Reg: 132.031149
Epoch [44/104], Total Loss: 135.4811, NLL: 3.0485, Masked: 27.8730, Reg: 131.790401
Epoch [45/104], Total Loss: 135.2817, NLL: 3.0485, Masked: 27.9201, Reg: 131.589858
Epoch [46/104], Total Loss: 135.3087, NLL: 3.0485, Masked: 27.9197, Reg: 131.616911
Epoch [47/104], Total Loss: 135.0969, NLL: 3.0485, Masked: 27.9252, Reg: 131.404918
Epoch [48/104], Total Loss: 135.0773, NLL: 3.0486, Masked: 27.8927, Reg: 131.386067
Epoch [49/104], Total Loss: 134.9214, NLL: 3.0486, Masked: 27.9118, Reg: 131.229697
Epoch [50/104], Total Loss: 134.8736, NLL: 3.0486, Masked: 27.9126, Reg: 131.181806
Epoch [51/104], Total Loss: 134.7674, NLL: 3.0486, Masked: 27.9001, Reg: 131.075906
Epoch [52/104], Total Loss: 134.6342, NLL: 3.0487, Masked: 27.9255, Reg: 130.942056
Epoch [53/104], Total Loss: 134.5373, NLL: 3.0487, Masked: 27.9191, Reg: 130.845277
Epoch [54/104], Total Loss: 134.4442, NLL: 3.0487, Masked: 27.9130, Reg: 130.752287
Epoch [55/104], Total Loss: 134.4054, NLL: 3.0488, Masked: 27.9300, Reg: 130.713114
Epoch [56/104], Total Loss: 134.2351, NLL: 3.0488, Masked: 27.8775, Reg: 130.544004
Epoch [57/104], Total Loss: 134.1764, NLL: 3.0488, Masked: 27.9263, Reg: 130.484188
Epoch [58/104], Total Loss: 134.0434, NLL: 3.0488, Masked: 27.9479, Reg: 130.350658
Epoch [59/104], Total Loss: 133.9378, NLL: 3.0489, Masked: 27.9098, Reg: 130.245835
Epoch [60/104], Total Loss: 133.9199, NLL: 3.0489, Masked: 27.9318, Reg: 130.227483
Epoch [61/104], Total Loss: 133.7308, NLL: 3.0489, Masked: 27.8798, Reg: 130.039538
Epoch [62/104], Total Loss: 133.6898, NLL: 3.0489, Masked: 27.9081, Reg: 129.997825
Epoch [63/104], Total Loss: 133.5542, NLL: 3.0490, Masked: 27.9193, Reg: 129.861987
Epoch [64/104], Total Loss: 133.4869, NLL: 3.0490, Masked: 27.9190, Reg: 129.794654
Epoch [65/104], Total Loss: 133.3826, NLL: 3.0490, Masked: 27.9229, Reg: 129.690222
Epoch [66/104], Total Loss: 133.2487, NLL: 3.0491, Masked: 27.9401, Reg: 129.555872
Epoch [67/104], Total Loss: 133.1689, NLL: 3.0491, Masked: 27.9072, Reg: 129.476787
Epoch [68/104], Total Loss: 133.1887, NLL: 3.0491, Masked: 27.8823, Reg: 129.497106
Epoch [69/104], Total Loss: 132.9380, NLL: 3.0491, Masked: 27.9061, Reg: 129.245920
Epoch [70/104], Total Loss: 132.8340, NLL: 3.0492, Masked: 27.9105, Reg: 129.141755
Epoch [71/104], Total Loss: 132.7954, NLL: 3.0492, Masked: 27.9204, Reg: 129.102895
Epoch [72/104], Total Loss: 132.7240, NLL: 3.0492, Masked: 27.9276, Reg: 129.031290
Epoch [73/104], Total Loss: 132.6096, NLL: 3.0493, Masked: 27.9169, Reg: 128.917127
Epoch [74/104], Total Loss: 132.5169, NLL: 3.0493, Masked: 27.9178, Reg: 128.824395
Epoch [75/104], Total Loss: 132.3277, NLL: 3.0493, Masked: 27.9133, Reg: 128.635202
Epoch [76/104], Total Loss: 132.3555, NLL: 3.0494, Masked: 27.9225, Reg: 128.662785
Epoch [77/104], Total Loss: 132.2898, NLL: 3.0494, Masked: 27.9294, Reg: 128.596949
Epoch [78/104], Total Loss: 131.9660, NLL: 3.0494, Masked: 27.9362, Reg: 128.272879
Epoch [79/104], Total Loss: 132.0718, NLL: 3.0494, Masked: 27.9264, Reg: 128.378943
Epoch [80/104], Total Loss: 131.9728, NLL: 3.0495, Masked: 27.8708, Reg: 128.281146
Epoch [81/104], Total Loss: 131.8059, NLL: 3.0495, Masked: 27.9402, Reg: 128.112623
Epoch [82/104], Total Loss: 131.7077, NLL: 3.0495, Masked: 27.9177, Reg: 128.014901
Epoch [83/104], Total Loss: 131.5486, NLL: 3.0496, Masked: 27.9200, Reg: 127.855739
Epoch [84/104], Total Loss: 131.5914, NLL: 3.0496, Masked: 27.9005, Reg: 127.898948
Epoch [85/104], Total Loss: 131.5112, NLL: 3.0496, Masked: 27.9111, Reg: 127.818494
Epoch [86/104], Total Loss: 131.3488, NLL: 3.0497, Masked: 27.9290, Reg: 127.655636
Epoch [87/104], Total Loss: 131.1425, NLL: 3.0497, Masked: 27.9057, Reg: 127.449877
Epoch [88/104], Total Loss: 131.1976, NLL: 3.0497, Masked: 27.9403, Reg: 127.504137
Epoch [89/104], Total Loss: 131.0231, NLL: 3.0498, Masked: 27.9155, Reg: 127.330179
Epoch [90/104], Total Loss: 130.9833, NLL: 3.0498, Masked: 27.9241, Reg: 127.290077
Epoch [91/104], Total Loss: 130.8947, NLL: 3.0498, Masked: 27.8850, Reg: 127.202396
Epoch [92/104], Total Loss: 130.7291, NLL: 3.0499, Masked: 27.8916, Reg: 127.036552
Epoch [93/104], Total Loss: 130.6782, NLL: 3.0499, Masked: 27.9114, Reg: 126.985187
Epoch [94/104], Total Loss: 130.6029, NLL: 3.0499, Masked: 27.9268, Reg: 126.909515
Epoch [95/104], Total Loss: 130.4259, NLL: 3.0500, Masked: 27.9203, Reg: 126.732622
Epoch [96/104], Total Loss: 130.3421, NLL: 3.0500, Masked: 27.9135, Reg: 126.649010
Epoch [97/104], Total Loss: 130.3748, NLL: 3.0500, Masked: 27.9163, Reg: 126.681521
Epoch [98/104], Total Loss: 130.2160, NLL: 3.0501, Masked: 27.9120, Reg: 126.522826
Epoch [99/104], Total Loss: 130.0881, NLL: 3.0501, Masked: 27.9035, Reg: 126.395077
Epoch [100/104], Total Loss: 129.9070, NLL: 3.0501, Masked: 27.9157, Reg: 126.213699
Epoch [101/104], Total Loss: 129.9287, NLL: 3.0502, Masked: 27.9037, Reg: 126.235671
Epoch [102/104], Total Loss: 129.9092, NLL: 3.0502, Masked: 27.9265, Reg: 126.215524
Epoch [103/104], Total Loss: 129.6870, NLL: 3.0502, Masked: 27.9293, Reg: 125.993262
Epoch [104/104], Total Loss: 129.6229, NLL: 3.0503, Masked: 27.9233, Reg: 125.929249

==================================================
EVALUATING ON TRAINING DATA
==================================================

==================================================
TEST RESULTS
==================================================
Total Loss: 129.569950
  - ZINB NLL: 3.050281
Total number of masked values: 143192
  - Number of values with pi >= 0.5622890541522969: 0
  - Number of values with pi < 0.5622890541522969: 143192
  - Masked Reconstruction: 27.927662
  - Regularization: 125.876195
Mean Absolute Error (MAE): 25.986614
R² Score: -47.854977
==================================================


==================================================
TEST RESULTS
==================================================
Total Loss: 129.577514
  - ZINB NLL: 3.073927
Total number of masked values: 68412
  - Number of values with pi >= 0.5622890541522969: 0
  - Number of values with pi < 0.5622890541522969: 68412
  - Masked Reconstruction: 27.229786
  - Regularization: 125.876195
Mean Absolute Error (MAE): 26.283503
R² Score: -30.263544
==================================================


>>> Optimizing zinb_nll on VALIDATION set: 3.073927
>>> Full validation metrics: {'total_loss': 129.5775142124721, 'zinb_nll': 3.0739266531808034, 'mae': 26.28350257873535, 'r2': -30.2635440826416, 'masked_loss': 27.229785592215404, 'reg_loss': 125.87619545051658}


*** Checkpoint saved at iteration 20 ***

Iteration No: 20 ended. Evaluation done at random point.
Time taken: 68.8058
Function value obtained: 3.0739
Current minimum: 1.5830
Iteration No: 21 started. Searching for the next optimal point.

================================================================================
Trial with parameters:
  features: Centr_Nucl
  step_size: 0.65251947201603
  bin_size: 41
  sample_fraction: 1.0
  moving_average: True
  first_layer_size_factor: 4
  num_layers: 4
  use_conv: True
  conv_channel: 16
  pool_size: 8
  kernel_size: 7
  epochs: 128
  batch_size: 64
  pi_threshold: 0.6396675335737462
  learning_rate: 0.01
  dropout_rate: 0.0
  masked_recon_weight: 0.9911844049465607
  regularizer: none
  regularization_weight: 12.225053154903485
================================================================================

len(layers): 4
Creating datasets with:
  features: ['Centr', 'Nucl']
  bin_size: 41
  moving_average: True
  data_point_length: 2000 (from 2000)
  step_size: 1305 (from fraction 0.65251947201603)
  layers: [np.int64(64), np.int64(32), np.int64(16), np.int64(8)] (first=64, num=4)
  stride: 1 (fixed), padding: same (fixed)
  Using pre-determined chromosome split


Clipping outliers using 95th percentile * 1.5...
strain_yTW001: Clipping values above 134.25 (P95=89.50). Clipped 27529/1193409 values (2.31%)
strain_FD: Clipping values above 71.92 (P95=47.94). Clipped 95791/4127807 values (2.32%)
strain_dnrp: Clipping values above 243.00 (P95=162.00). Clipped 25649/1119454 values (2.29%)
strain_yEK19: Clipping values above 77.10 (P95=51.40). Clipped 83713/3893623 values (2.15%)
strain_yEK23: Clipping values above 72.00 (P95=48.00). Clipped 86381/3558407 values (2.43%)
strain_yWT03a: Clipping values above 15.00 (P95=10.00). Clipped 10602/347679 values (3.05%)
strain_yWT04a: Clipping values above 58.50 (P95=39.00). Clipped 21095/725406 values (2.91%)
strain_ylic137: Clipping values above 142.50 (P95=95.00). Clipped 28746/1112684 values (2.58%)

Splitting data using pre-determined chromosomes...
Standardizing features: ['Centr', 'Nucl']
Column order in final array (Dataset/Chrom split): ['Value', 'Nucleosome_Distance', 'Centromere_Distance', 'Value_Raw', 'Size_Factor']
Removing 0 empty data points out of 42504
Column order in final array (Dataset/Chrom split): ['Value', 'Nucleosome_Distance', 'Centromere_Distance', 'Value_Raw', 'Size_Factor']
Removing 0 empty data points out of 14944
Column order in final array (Dataset/Chrom split): ['Value', 'Nucleosome_Distance', 'Centromere_Distance', 'Value_Raw', 'Size_Factor']
Removing 0 empty data points out of 16536
Datasets created with shapes:
  Train: (42504, 2000, 5)
  Val: (14944, 2000, 5)
  Test: (16536, 2000, 5)
Datasets created:
  Train: (42504, 2000, 5), Val: (14944, 2000, 5), Test: (16536, 2000, 5)

Applied denoising with 15.0% masking
Applied denoising with 15.0% masking
Applied denoising with 15.0% masking
Number of encoder layers: 4
Number of decoder layers (excluding heads): 4
Total number of layers including latent layer: 9
Epoch [1/128], Total Loss: 4.7694, NLL: 2.0621, Masked: 2.7314
Epoch [2/128], Total Loss: 4.2973, NLL: 1.9025, Masked: 2.4161
Epoch [3/128], Total Loss: 4.2978, NLL: 1.9028, Masked: 2.4163
Epoch [4/128], Total Loss: 4.2982, NLL: 1.9024, Masked: 2.4170
Epoch [5/128], Total Loss: 4.2960, NLL: 1.9017, Masked: 2.4156
Epoch [6/128], Total Loss: 4.2956, NLL: 1.9015, Masked: 2.4154
Epoch [7/128], Total Loss: 4.2953, NLL: 1.9013, Masked: 2.4154
Epoch [8/128], Total Loss: 4.2955, NLL: 1.9011, Masked: 2.4157
Epoch [9/128], Total Loss: 4.2950, NLL: 1.9012, Masked: 2.4151
Epoch [10/128], Total Loss: 4.2956, NLL: 1.9015, Masked: 2.4153
Epoch [11/128], Total Loss: 4.2955, NLL: 1.9018, Masked: 2.4149
Epoch [12/128], Total Loss: 4.2948, NLL: 1.9009, Masked: 2.4152
Epoch [13/128], Total Loss: 4.2947, NLL: 1.9011, Masked: 2.4150
Epoch [14/128], Total Loss: 4.2936, NLL: 1.9003, Masked: 2.4146
Epoch [15/128], Total Loss: 4.2940, NLL: 1.9011, Masked: 2.4141
Epoch [16/128], Total Loss: 4.2943, NLL: 1.9009, Masked: 2.4147
Epoch [17/128], Total Loss: 4.2944, NLL: 1.9006, Masked: 2.4152
Epoch [18/128], Total Loss: 4.2939, NLL: 1.9000, Masked: 2.4152
Epoch [19/128], Total Loss: 4.2937, NLL: 1.9002, Masked: 2.4148
Epoch [20/128], Total Loss: 4.2937, NLL: 1.9006, Masked: 2.4143
Epoch [21/128], Total Loss: 4.2935, NLL: 1.9001, Masked: 2.4147
Epoch [22/128], Total Loss: 4.2930, NLL: 1.9003, Masked: 2.4140
Epoch [23/128], Total Loss: 4.2928, NLL: 1.8998, Masked: 2.4143
Epoch [24/128], Total Loss: 4.2928, NLL: 1.8995, Masked: 2.4146
Epoch [25/128], Total Loss: 4.2915, NLL: 1.8992, Masked: 2.4136
Epoch [26/128], Total Loss: 4.2922, NLL: 1.8991, Masked: 2.4143
Epoch [27/128], Total Loss: 4.2920, NLL: 1.8996, Masked: 2.4137
Epoch [28/128], Total Loss: 4.2924, NLL: 1.8993, Masked: 2.4144
Epoch [29/128], Total Loss: 4.2911, NLL: 1.8990, Masked: 2.4133
Epoch [30/128], Total Loss: 4.2917, NLL: 1.8985, Masked: 2.4144
Epoch [31/128], Total Loss: 4.2914, NLL: 1.8989, Masked: 2.4138
Epoch [32/128], Total Loss: 4.2919, NLL: 1.8989, Masked: 2.4143
Epoch [33/128], Total Loss: 4.2912, NLL: 1.8989, Masked: 2.4135
Epoch [34/128], Total Loss: 4.2920, NLL: 1.8987, Masked: 2.4146
Epoch [35/128], Total Loss: 4.2915, NLL: 1.8986, Masked: 2.4142
Epoch [36/128], Total Loss: 4.2911, NLL: 1.8983, Masked: 2.4140
Epoch [37/128], Total Loss: 4.2912, NLL: 1.8988, Masked: 2.4137
Epoch [38/128], Total Loss: 4.2908, NLL: 1.8986, Masked: 2.4135
Epoch [39/128], Total Loss: 4.2912, NLL: 1.8986, Masked: 2.4139
Epoch [40/128], Total Loss: 4.2909, NLL: 1.8982, Masked: 2.4139
Epoch [41/128], Total Loss: 4.2905, NLL: 1.8982, Masked: 2.4136
Epoch [42/128], Total Loss: 4.2901, NLL: 1.8987, Masked: 2.4127
Epoch [43/128], Total Loss: 4.2900, NLL: 1.8981, Masked: 2.4131
Epoch [44/128], Total Loss: 4.2898, NLL: 1.8980, Masked: 2.4131
Epoch [45/128], Total Loss: 4.2900, NLL: 1.8980, Masked: 2.4133
Epoch [46/128], Total Loss: 4.2907, NLL: 1.8986, Masked: 2.4133
Epoch [47/128], Total Loss: 4.2902, NLL: 1.8978, Masked: 2.4136
Epoch [48/128], Total Loss: 4.2905, NLL: 1.8976, Masked: 2.4142
Epoch [49/128], Total Loss: 4.2902, NLL: 1.8980, Masked: 2.4134
Epoch [50/128], Total Loss: 4.2896, NLL: 1.8980, Masked: 2.4128
Epoch [51/128], Total Loss: 4.2905, NLL: 1.8978, Masked: 2.4141
Epoch [52/128], Total Loss: 4.2900, NLL: 1.8979, Masked: 2.4134
Epoch [53/128], Total Loss: 4.2893, NLL: 1.8974, Masked: 2.4132
Epoch [54/128], Total Loss: 4.2900, NLL: 1.8980, Masked: 2.4133
Epoch [55/128], Total Loss: 4.2901, NLL: 1.8974, Masked: 2.4139
Epoch [56/128], Total Loss: 4.2899, NLL: 1.8975, Masked: 2.4136
Epoch [57/128], Total Loss: 4.2898, NLL: 1.8977, Masked: 2.4134
Epoch [58/128], Total Loss: 4.2894, NLL: 1.8975, Masked: 2.4132
Epoch [59/128], Total Loss: 4.2899, NLL: 1.8976, Masked: 2.4136
Epoch [60/128], Total Loss: 4.2891, NLL: 1.8976, Masked: 2.4127
Epoch [61/128], Total Loss: 4.2893, NLL: 1.8971, Masked: 2.4135
Epoch [62/128], Total Loss: 4.2896, NLL: 1.8973, Masked: 2.4135
Epoch [63/128], Total Loss: 4.2892, NLL: 1.8974, Masked: 2.4131
Epoch [64/128], Total Loss: 4.2896, NLL: 1.8975, Masked: 2.4134
Epoch [65/128], Total Loss: 4.2891, NLL: 1.8973, Masked: 2.4131
Epoch [66/128], Total Loss: 4.2895, NLL: 1.8973, Masked: 2.4135
Epoch [67/128], Total Loss: 4.2897, NLL: 1.8975, Masked: 2.4134
Epoch [68/128], Total Loss: 4.2893, NLL: 1.8971, Masked: 2.4135
Epoch [69/128], Total Loss: 4.2895, NLL: 1.8977, Masked: 2.4131
Epoch [70/128], Total Loss: 4.2895, NLL: 1.8974, Masked: 2.4133
Epoch [71/128], Total Loss: 4.2891, NLL: 1.8971, Masked: 2.4133
Epoch [72/128], Total Loss: 4.2886, NLL: 1.8971, Masked: 2.4127
Epoch [73/128], Total Loss: 4.2892, NLL: 1.8972, Masked: 2.4133
Epoch [74/128], Total Loss: 4.2890, NLL: 1.8972, Masked: 2.4131
Epoch [75/128], Total Loss: 4.2894, NLL: 1.8969, Masked: 2.4137
Epoch [76/128], Total Loss: 4.2890, NLL: 1.8971, Masked: 2.4131
Epoch [77/128], Total Loss: 4.2887, NLL: 1.8971, Masked: 2.4128
Epoch [78/128], Total Loss: 4.2886, NLL: 1.8968, Masked: 2.4130
Epoch [79/128], Total Loss: 4.2897, NLL: 1.8971, Masked: 2.4138
Epoch [80/128], Total Loss: 4.2883, NLL: 1.8969, Masked: 2.4126
Epoch [81/128], Total Loss: 4.2890, NLL: 1.8970, Masked: 2.4132
Epoch [82/128], Total Loss: 4.2889, NLL: 1.8971, Masked: 2.4131
Epoch [83/128], Total Loss: 4.2889, NLL: 1.8969, Masked: 2.4133
Epoch [84/128], Total Loss: 4.2884, NLL: 1.8972, Masked: 2.4125
Epoch [85/128], Total Loss: 4.2891, NLL: 1.8970, Masked: 2.4134
Epoch [86/128], Total Loss: 4.2884, NLL: 1.8972, Masked: 2.4124
Epoch [87/128], Total Loss: 4.2886, NLL: 1.8970, Masked: 2.4128
Epoch [88/128], Total Loss: 4.2891, NLL: 1.8965, Masked: 2.4139
Epoch [89/128], Total Loss: 4.2887, NLL: 1.8971, Masked: 2.4129
Epoch [90/128], Total Loss: 4.2884, NLL: 1.8971, Masked: 2.4125
Epoch [91/128], Total Loss: 4.2888, NLL: 1.8967, Masked: 2.4134
Epoch [92/128], Total Loss: 4.2889, NLL: 1.8966, Masked: 2.4136
Epoch [93/128], Total Loss: 4.2885, NLL: 1.8969, Masked: 2.4129
Epoch [94/128], Total Loss: 4.2887, NLL: 1.8967, Masked: 2.4133
Epoch [95/128], Total Loss: 4.2884, NLL: 1.8968, Masked: 2.4129
Epoch [96/128], Total Loss: 4.2884, NLL: 1.8963, Masked: 2.4134
Epoch [97/128], Total Loss: 4.2882, NLL: 1.8971, Masked: 2.4124
Epoch [98/128], Total Loss: 4.2879, NLL: 1.8966, Masked: 2.4125
Epoch [99/128], Total Loss: 4.2883, NLL: 1.8968, Masked: 2.4128
Epoch [100/128], Total Loss: 4.2886, NLL: 1.8967, Masked: 2.4131
Epoch [101/128], Total Loss: 4.2881, NLL: 1.8964, Masked: 2.4129
Epoch [102/128], Total Loss: 4.2887, NLL: 1.8967, Masked: 2.4132
Epoch [103/128], Total Loss: 4.2885, NLL: 1.8965, Masked: 2.4133
Epoch [104/128], Total Loss: 4.2879, NLL: 1.8970, Masked: 2.4121
Epoch [105/128], Total Loss: 4.2883, NLL: 1.8964, Masked: 2.4132
Epoch [106/128], Total Loss: 4.2884, NLL: 1.8966, Masked: 2.4131
Epoch [107/128], Total Loss: 4.2889, NLL: 1.8967, Masked: 2.4134
Epoch [108/128], Total Loss: 4.2881, NLL: 1.8970, Masked: 2.4124
Epoch [109/128], Total Loss: 4.2880, NLL: 1.8962, Masked: 2.4131
Epoch [110/128], Total Loss: 4.2880, NLL: 1.8970, Masked: 2.4123
Epoch [111/128], Total Loss: 4.2889, NLL: 1.8963, Masked: 2.4139
Epoch [112/128], Total Loss: 4.2881, NLL: 1.8966, Masked: 2.4128
Epoch [113/128], Total Loss: 4.2885, NLL: 1.8968, Masked: 2.4130
Epoch [114/128], Total Loss: 4.2884, NLL: 1.8961, Masked: 2.4135
Epoch [115/128], Total Loss: 4.2881, NLL: 1.8969, Masked: 2.4125
Epoch [116/128], Total Loss: 4.2879, NLL: 1.8964, Masked: 2.4128
Epoch [117/128], Total Loss: 4.2883, NLL: 1.8963, Masked: 2.4133
Epoch [118/128], Total Loss: 4.2877, NLL: 1.8964, Masked: 2.4126
Epoch [119/128], Total Loss: 4.2885, NLL: 1.8967, Masked: 2.4132
Epoch [120/128], Total Loss: 4.2881, NLL: 1.8961, Masked: 2.4132
Epoch [121/128], Total Loss: 4.2882, NLL: 1.8963, Masked: 2.4132
Epoch [122/128], Total Loss: 4.2881, NLL: 1.8968, Masked: 2.4126
Epoch [123/128], Total Loss: 4.2879, NLL: 1.8962, Masked: 2.4130
Epoch [124/128], Total Loss: 4.2877, NLL: 1.8964, Masked: 2.4126
Epoch [125/128], Total Loss: 4.2879, NLL: 1.8961, Masked: 2.4131
Epoch [126/128], Total Loss: 4.2880, NLL: 1.8964, Masked: 2.4129
Epoch [127/128], Total Loss: 4.2874, NLL: 1.8958, Masked: 2.4129
Epoch [128/128], Total Loss: 4.2874, NLL: 1.8963, Masked: 2.4123

==================================================
EVALUATING ON TRAINING DATA
==================================================

==================================================
TEST RESULTS
==================================================
Total Loss: 4.287150
  - ZINB NLL: 1.896938
Total number of masked values: 10395095
  - Number of values with pi >= 0.6396675335737462: 0
  - Number of values with pi < 0.6396675335737462: 10395095
  - Masked Reconstruction: 2.411471
Mean Absolute Error (MAE): 2.236985
R² Score: 0.040670
==================================================


==================================================
TEST RESULTS
==================================================
Total Loss: 4.264414
  - ZINB NLL: 1.924281
Total number of masked values: 3649174
  - Number of values with pi >= 0.6396675335737462: 0
  - Number of values with pi < 0.6396675335737462: 3649174
  - Masked Reconstruction: 2.360946
Mean Absolute Error (MAE): 2.296823
R² Score: 0.029804
==================================================


>>> Optimizing zinb_nll on VALIDATION set: 1.924281
>>> Full validation metrics: {'total_loss': 4.2644143926510205, 'zinb_nll': 1.9242813436581696, 'mae': 2.296823263168335, 'r2': 0.029803872108459473, 'masked_loss': 2.3609461786915453}

Iteration No: 21 ended. Search finished for the next optimal point.
Time taken: 1048.5610
Function value obtained: 1.9243
Current minimum: 1.5830
Iteration No: 22 started. Searching for the next optimal point.

================================================================================
Trial with parameters:
  features: Centr
  step_size: 0.667444048068397
  bin_size: 50
  sample_fraction: 1.0
  moving_average: False
  first_layer_size_factor: 100
  num_layers: 4
  use_conv: False
  conv_channel: 128
  pool_size: 6
  kernel_size: 3
  epochs: 90
  batch_size: 64
  pi_threshold: 0.3
  learning_rate: 0.01
  dropout_rate: 0.4332394157259882
  masked_recon_weight: 0.051149688314322275
  regularizer: l1
  regularization_weight: 1e-05
================================================================================

len(layers): 4
Creating datasets with:
  features: ['Centr']
  bin_size: 50
  moving_average: False
  data_point_length: 2000 (from 2000)
  step_size: 1334 (from fraction 0.667444048068397)
  layers: [np.int64(1600), np.int64(800), np.int64(400), np.int64(200)] (first=1600, num=4)
  stride: 1 (fixed), padding: same (fixed)
  Using pre-determined chromosome split


Clipping outliers using 95th percentile * 1.5...
strain_yTW001: Clipping values above 134.25 (P95=89.50). Clipped 27529/1193409 values (2.31%)
strain_FD: Clipping values above 71.92 (P95=47.94). Clipped 95791/4127807 values (2.32%)
strain_dnrp: Clipping values above 243.00 (P95=162.00). Clipped 25649/1119454 values (2.29%)
strain_yEK19: Clipping values above 77.10 (P95=51.40). Clipped 83713/3893623 values (2.15%)
strain_yEK23: Clipping values above 72.00 (P95=48.00). Clipped 86381/3558407 values (2.43%)
strain_yWT03a: Clipping values above 15.00 (P95=10.00). Clipped 10602/347679 values (3.05%)
strain_yWT04a: Clipping values above 58.50 (P95=39.00). Clipped 21095/725406 values (2.91%)
strain_ylic137: Clipping values above 142.50 (P95=95.00). Clipped 28746/1112684 values (2.58%)

Splitting data using pre-determined chromosomes...
Standardizing features: ['Centr']
Column order in final array (Dataset/Chrom split): ['Value', 'Centromere_Distance', 'Value_Raw', 'Size_Factor']
Removing 0 empty data points out of 832
Column order in final array (Dataset/Chrom split): ['Value', 'Centromere_Distance', 'Value_Raw', 'Size_Factor']
Removing 0 empty data points out of 288
Column order in final array (Dataset/Chrom split): ['Value', 'Centromere_Distance', 'Value_Raw', 'Size_Factor']
Removing 0 empty data points out of 320
Datasets created with shapes:
  Train: (832, 2000, 4)
  Val: (288, 2000, 4)
  Test: (320, 2000, 4)
Datasets created:
  Train: (832, 2000, 4), Val: (288, 2000, 4), Test: (320, 2000, 4)

Applied denoising with 15.0% masking
Applied denoising with 15.0% masking
Applied denoising with 15.0% masking
Number of encoder layers: 4
Number of decoder layers (excluding heads): 4
Total number of layers including latent layer: 9
Epoch [1/90], Total Loss: 1728.9246, NLL: 22.4804, Masked: 33334.7507, Reg: 1.382243
Epoch [2/90], Total Loss: 3.8388, NLL: 2.0960, Masked: 2.7531, Reg: 1.602026
Epoch [3/90], Total Loss: 3.2748, NLL: 1.9380, Masked: 2.6024, Reg: 1.203674
Epoch [4/90], Total Loss: 2.9341, NLL: 1.9069, Masked: 2.5490, Reg: 0.896781
Epoch [5/90], Total Loss: 2.7687, NLL: 1.9062, Masked: 2.5668, Reg: 0.731192
Epoch [6/90], Total Loss: 2.6579, NLL: 1.9067, Masked: 2.5727, Reg: 0.619591
Epoch [7/90], Total Loss: 2.5763, NLL: 1.9067, Masked: 2.5702, Reg: 0.538205
Epoch [8/90], Total Loss: 2.5322, NLL: 1.9034, Masked: 2.5762, Reg: 0.497051
Epoch [9/90], Total Loss: 2.5129, NLL: 1.9042, Masked: 2.5696, Reg: 0.477240
Epoch [10/90], Total Loss: 2.4946, NLL: 1.8999, Masked: 2.5699, Reg: 0.463248
Epoch [11/90], Total Loss: 2.5095, NLL: 1.9110, Masked: 2.6001, Reg: 0.465500
Epoch [12/90], Total Loss: 2.4961, NLL: 1.9078, Masked: 2.5667, Reg: 0.457017
Epoch [13/90], Total Loss: 2.5002, NLL: 1.9127, Masked: 2.5825, Reg: 0.455389
Epoch [14/90], Total Loss: 2.5158, NLL: 1.9179, Masked: 2.5940, Reg: 0.465161
Epoch [15/90], Total Loss: 2.5461, NLL: 1.9137, Masked: 2.5910, Reg: 0.499870
Epoch [16/90], Total Loss: 2.5739, NLL: 1.9280, Masked: 2.5979, Reg: 0.512977
Epoch [17/90], Total Loss: 2.5880, NLL: 1.9278, Masked: 2.6308, Reg: 0.525659
Epoch [18/90], Total Loss: 2.6174, NLL: 1.9360, Masked: 2.5849, Reg: 0.549123
Epoch [19/90], Total Loss: 2.6604, NLL: 1.9411, Masked: 2.6886, Reg: 0.581769
Epoch [20/90], Total Loss: 2.5742, NLL: 1.9096, Masked: 2.5818, Reg: 0.532476
Epoch [21/90], Total Loss: 2.5657, NLL: 1.9235, Masked: 2.6298, Reg: 0.507678
Epoch [22/90], Total Loss: 2.5793, NLL: 1.9229, Masked: 2.6137, Reg: 0.522745
Epoch [23/90], Total Loss: 2.5283, NLL: 1.9190, Masked: 2.5835, Reg: 0.477147
Epoch [24/90], Total Loss: 2.5107, NLL: 1.9256, Masked: 2.5969, Reg: 0.452353
Epoch [25/90], Total Loss: 2.5635, NLL: 1.9314, Masked: 2.6291, Reg: 0.497630
Epoch [26/90], Total Loss: 2.5499, NLL: 1.9141, Masked: 2.5979, Reg: 0.502850
Epoch [27/90], Total Loss: 2.4872, NLL: 1.9066, Masked: 2.5957, Reg: 0.447888
Epoch [28/90], Total Loss: 2.4582, NLL: 1.9124, Masked: 2.5862, Reg: 0.413461
Epoch [29/90], Total Loss: 2.4561, NLL: 1.9122, Masked: 2.6006, Reg: 0.410834
Epoch [30/90], Total Loss: 2.4328, NLL: 1.9103, Masked: 2.5782, Reg: 0.390621
Epoch [31/90], Total Loss: 2.4103, NLL: 1.9038, Masked: 2.5820, Reg: 0.374511
Epoch [32/90], Total Loss: 2.4058, NLL: 1.9093, Masked: 2.5965, Reg: 0.363655
Epoch [33/90], Total Loss: 2.4136, NLL: 1.9120, Masked: 2.5872, Reg: 0.369238
Epoch [34/90], Total Loss: 2.4175, NLL: 1.9146, Masked: 2.5915, Reg: 0.370300
Epoch [35/90], Total Loss: 2.4217, NLL: 1.9144, Masked: 2.5936, Reg: 0.374688
Epoch [36/90], Total Loss: 2.4126, NLL: 1.9128, Masked: 2.6028, Reg: 0.366677
Epoch [37/90], Total Loss: 2.3981, NLL: 1.9061, Masked: 2.5747, Reg: 0.360217
Epoch [38/90], Total Loss: 2.3985, NLL: 1.9128, Masked: 2.6161, Reg: 0.351919
Epoch [39/90], Total Loss: 2.4225, NLL: 1.9070, Masked: 2.5669, Reg: 0.384239
Epoch [40/90], Total Loss: 2.4094, NLL: 1.9092, Masked: 2.5854, Reg: 0.367934
Epoch [41/90], Total Loss: 2.3980, NLL: 1.9091, Masked: 2.5757, Reg: 0.357144
Epoch [42/90], Total Loss: 2.3886, NLL: 1.9046, Masked: 2.5966, Reg: 0.351227
Epoch [43/90], Total Loss: 2.3872, NLL: 1.9135, Masked: 2.5902, Reg: 0.341163
Epoch [44/90], Total Loss: 2.3861, NLL: 1.9100, Masked: 2.5938, Reg: 0.343424
Epoch [45/90], Total Loss: 2.3815, NLL: 1.9084, Masked: 2.6017, Reg: 0.340042
Epoch [46/90], Total Loss: 2.3705, NLL: 1.9029, Masked: 2.5591, Reg: 0.336630
Epoch [47/90], Total Loss: 2.3664, NLL: 1.9049, Masked: 2.5788, Reg: 0.329581
Epoch [48/90], Total Loss: 2.3826, NLL: 1.9100, Masked: 2.5883, Reg: 0.340135
Epoch [49/90], Total Loss: 2.3911, NLL: 1.9088, Masked: 2.6013, Reg: 0.349267
Epoch [50/90], Total Loss: 2.3781, NLL: 1.9063, Masked: 2.5917, Reg: 0.339223
Epoch [51/90], Total Loss: 2.3619, NLL: 1.9026, Masked: 2.5679, Reg: 0.327929
Epoch [52/90], Total Loss: 2.3585, NLL: 1.9050, Masked: 2.5806, Reg: 0.321525
Epoch [53/90], Total Loss: 2.3639, NLL: 1.9049, Masked: 2.5919, Reg: 0.326440
Epoch [54/90], Total Loss: 2.3614, NLL: 1.9060, Masked: 2.5699, Reg: 0.324029
Epoch [55/90], Total Loss: 2.3815, NLL: 1.9114, Masked: 2.5977, Reg: 0.337214
Epoch [56/90], Total Loss: 2.3812, NLL: 1.9070, Masked: 2.5793, Reg: 0.342271
Epoch [57/90], Total Loss: 2.3802, NLL: 1.9004, Masked: 2.5669, Reg: 0.348434
Epoch [58/90], Total Loss: 2.3705, NLL: 1.9073, Masked: 2.5791, Reg: 0.331312
Epoch [59/90], Total Loss: 2.3619, NLL: 1.9052, Masked: 2.5849, Reg: 0.324424
Epoch [60/90], Total Loss: 2.3590, NLL: 1.9107, Masked: 2.6204, Reg: 0.314324
Epoch [61/90], Total Loss: 2.3598, NLL: 1.9070, Masked: 2.5715, Reg: 0.321258
Epoch [62/90], Total Loss: 2.3562, NLL: 1.9101, Masked: 2.5868, Reg: 0.313871
Epoch [63/90], Total Loss: 2.3608, NLL: 1.9065, Masked: 2.6062, Reg: 0.320960
Epoch [64/90], Total Loss: 2.3616, NLL: 1.9064, Masked: 2.5522, Reg: 0.324720
Epoch [65/90], Total Loss: 2.3578, NLL: 1.9064, Masked: 2.6153, Reg: 0.317674
Epoch [66/90], Total Loss: 2.3687, NLL: 1.9040, Masked: 2.5859, Reg: 0.332465
Epoch [67/90], Total Loss: 2.3779, NLL: 1.9107, Masked: 2.5854, Reg: 0.334872
Epoch [68/90], Total Loss: 2.4078, NLL: 1.9136, Masked: 2.5833, Reg: 0.362069
Epoch [69/90], Total Loss: 2.4043, NLL: 1.9101, Masked: 2.6101, Reg: 0.360658
Epoch [70/90], Total Loss: 2.3751, NLL: 1.9026, Masked: 2.5664, Reg: 0.341245
Epoch [71/90], Total Loss: 2.3666, NLL: 1.9049, Masked: 2.5752, Reg: 0.330035
Epoch [72/90], Total Loss: 2.3915, NLL: 1.9131, Masked: 2.5902, Reg: 0.345927
Epoch [73/90], Total Loss: 2.3889, NLL: 1.9006, Masked: 2.5681, Reg: 0.356936
Epoch [74/90], Total Loss: 2.3907, NLL: 1.9102, Masked: 2.5865, Reg: 0.348224
Epoch [75/90], Total Loss: 2.4054, NLL: 1.9098, Masked: 2.5953, Reg: 0.362852
Epoch [76/90], Total Loss: 2.4427, NLL: 1.9120, Masked: 2.5640, Reg: 0.399505
Epoch [77/90], Total Loss: 2.4475, NLL: 1.9124, Masked: 2.6121, Reg: 0.401524
Epoch [78/90], Total Loss: 2.4921, NLL: 1.9277, Masked: 2.5554, Reg: 0.433683
Epoch [79/90], Total Loss: 2.4505, NLL: 1.9094, Masked: 2.5795, Reg: 0.409169
Epoch [80/90], Total Loss: 2.4147, NLL: 1.9053, Masked: 2.5969, Reg: 0.376638
Epoch [81/90], Total Loss: 2.3918, NLL: 1.9042, Masked: 2.5661, Reg: 0.356335
Epoch [82/90], Total Loss: 2.3828, NLL: 1.9048, Masked: 2.5856, Reg: 0.345698
Epoch [83/90], Total Loss: 2.3659, NLL: 1.8984, Masked: 2.5643, Reg: 0.336335
Epoch [84/90], Total Loss: 2.3650, NLL: 1.9042, Masked: 2.5720, Reg: 0.329269
Epoch [85/90], Total Loss: 2.3700, NLL: 1.9039, Masked: 2.5889, Reg: 0.333703
Epoch [86/90], Total Loss: 2.3662, NLL: 1.9126, Masked: 2.5734, Reg: 0.321969
Epoch [87/90], Total Loss: 2.3581, NLL: 1.9072, Masked: 2.6063, Reg: 0.317599
Epoch [88/90], Total Loss: 2.3601, NLL: 1.9073, Masked: 2.5742, Reg: 0.321178
Epoch [89/90], Total Loss: 2.3769, NLL: 1.9045, Masked: 2.5603, Reg: 0.341408
Epoch [90/90], Total Loss: 2.3668, NLL: 1.9058, Masked: 2.5710, Reg: 0.329448

==================================================
EVALUATING ON TRAINING DATA
==================================================

==================================================
TEST RESULTS
==================================================
Total Loss: 2.323649
  - ZINB NLL: 1.870156
Total number of masked values: 210623
  - Number of values with pi >= 0.3: 0
  - Number of values with pi < 0.3: 210623
  - Masked Reconstruction: 2.531094
  - Regularization: 0.324028
Mean Absolute Error (MAE): 2.417863
R² Score: 0.075252
==================================================


==================================================
TEST RESULTS
==================================================
Total Loss: 2.370911
  - ZINB NLL: 1.914526
Total number of masked values: 72765
  - Number of values with pi >= 0.3: 0
  - Number of values with pi < 0.3: 72765
  - Masked Reconstruction: 2.587635
  - Regularization: 0.324028
Mean Absolute Error (MAE): 2.529122
R² Score: 0.042298
==================================================


>>> Optimizing zinb_nll on VALIDATION set: 1.914526
>>> Full validation metrics: {'total_loss': 2.3709109094407825, 'zinb_nll': 1.9145259857177734, 'mae': 2.5291216373443604, 'r2': 0.04229849576950073, 'masked_loss': 2.5876345899369984, 'reg_loss': 0.32402826171875004}

Iteration No: 22 ended. Search finished for the next optimal point.
Time taken: 57.0827
Function value obtained: 1.9145
Current minimum: 1.5830
Iteration No: 23 started. Searching for the next optimal point.

================================================================================
Trial with parameters:
  features: Centr
  step_size: 0.25
  bin_size: 1
  sample_fraction: 0.3709166097227103
  moving_average: True
  first_layer_size_factor: 76
  num_layers: 2
  use_conv: True
  conv_channel: 124
  pool_size: 3
  kernel_size: 9
  epochs: 132
  batch_size: 32
  pi_threshold: 0.39746677885362225
  learning_rate: 0.00032976190875559413
  dropout_rate: 0.4942114821984899
  masked_recon_weight: 0.49258151027140173
  regularizer: l2
  regularization_weight: 0.0012135168650640898
================================================================================

len(layers): 2
Creating datasets with:
  features: ['Centr']
  bin_size: 1
  moving_average: True
  data_point_length: 2000 (from 2000)
  step_size: 500 (from fraction 0.25)
  layers: [np.int64(1216), np.int64(608)] (first=1216, num=2)
  stride: 1 (fixed), padding: same (fixed)
  Using pre-determined chromosome split


Clipping outliers using 95th percentile * 1.5...
strain_yTW001: Clipping values above 134.25 (P95=89.50). Clipped 27529/1193409 values (2.31%)
strain_FD: Clipping values above 71.92 (P95=47.94). Clipped 95791/4127807 values (2.32%)
strain_dnrp: Clipping values above 243.00 (P95=162.00). Clipped 25649/1119454 values (2.29%)
strain_yEK19: Clipping values above 77.10 (P95=51.40). Clipped 83713/3893623 values (2.15%)
strain_yEK23: Clipping values above 72.00 (P95=48.00). Clipped 86381/3558407 values (2.43%)
strain_yWT03a: Clipping values above 15.00 (P95=10.00). Clipped 10602/347679 values (3.05%)
strain_yWT04a: Clipping values above 58.50 (P95=39.00). Clipped 21095/725406 values (2.91%)
strain_ylic137: Clipping values above 142.50 (P95=95.00). Clipped 28746/1112684 values (2.58%)

Splitting data using pre-determined chromosomes...
Standardizing features: ['Centr']
Column order in final array (Dataset/Chrom split): ['Value', 'Centromere_Distance', 'Value_Raw', 'Size_Factor']
Removing 0 empty data points out of 110768
Column order in final array (Dataset/Chrom split): ['Value', 'Centromere_Distance', 'Value_Raw', 'Size_Factor']
Removing 0 empty data points out of 38952
Column order in final array (Dataset/Chrom split): ['Value', 'Centromere_Distance', 'Value_Raw', 'Size_Factor']
Removing 0 empty data points out of 43096
Datasets created with shapes:
  Train: (110768, 2000, 4)
  Val: (38952, 2000, 4)
  Test: (43096, 2000, 4)
Datasets created:
  Train: (110768, 2000, 4), Val: (38952, 2000, 4), Test: (43096, 2000, 4)

Randomly sampled 41085/110768 samples (37.1%)
Applied denoising with 15.0% masking
Applied denoising with 15.0% masking
Applied denoising with 15.0% masking
Number of encoder layers: 2
Number of decoder layers (excluding heads): 2
Total number of layers including latent layer: 5
Epoch [1/132], Total Loss: 7.6882, NLL: 1.0595, Masked: 13.4571, Reg: 8.325145
Epoch [2/132], Total Loss: 7.6174, NLL: 1.0180, Masked: 13.3976, Reg: 5.003766
Epoch [3/132], Total Loss: 7.6050, NLL: 1.0080, Masked: 13.3928, Reg: 2.807965
Epoch [4/132], Total Loss: 7.6022, NLL: 1.0059, Masked: 13.3913, Reg: 1.370156
Epoch [5/132], Total Loss: 7.5952, NLL: 1.0059, Masked: 13.3770, Reg: 0.538467
Epoch [6/132], Total Loss: 7.5961, NLL: 1.0061, Masked: 13.3785, Reg: 0.161483
Epoch [7/132], Total Loss: 7.5936, NLL: 1.0065, Masked: 13.3726, Reg: 0.055331
Epoch [8/132], Total Loss: 7.6029, NLL: 1.0068, Masked: 13.3909, Reg: 0.043192
Epoch [9/132], Total Loss: 7.6011, NLL: 1.0066, Masked: 13.3877, Reg: 0.042198
Epoch [10/132], Total Loss: 7.5939, NLL: 1.0063, Masked: 13.3737, Reg: 0.041541
Epoch [11/132], Total Loss: 7.5994, NLL: 1.0062, Masked: 13.3850, Reg: 0.040619
Epoch [12/132], Total Loss: 7.6018, NLL: 1.0060, Masked: 13.3902, Reg: 0.039963
Epoch [13/132], Total Loss: 7.6050, NLL: 1.0059, Masked: 13.3970, Reg: 0.039841
Epoch [14/132], Total Loss: 7.5975, NLL: 1.0061, Masked: 13.3813, Reg: 0.039472
Epoch [15/132], Total Loss: 7.6047, NLL: 1.0059, Masked: 13.3963, Reg: 0.039487
Epoch [16/132], Total Loss: 7.5927, NLL: 1.0058, Masked: 13.3722, Reg: 0.038912
Epoch [17/132], Total Loss: 7.5998, NLL: 1.0058, Masked: 13.3867, Reg: 0.038812
Epoch [18/132], Total Loss: 7.6072, NLL: 1.0058, Masked: 13.4016, Reg: 0.038910
Epoch [19/132], Total Loss: 7.5963, NLL: 1.0055, Masked: 13.3800, Reg: 0.038498
Epoch [20/132], Total Loss: 7.5978, NLL: 1.0057, Masked: 13.3828, Reg: 0.038586
Epoch [21/132], Total Loss: 7.5983, NLL: 1.0058, Masked: 13.3836, Reg: 0.038502
Epoch [22/132], Total Loss: 7.5951, NLL: 1.0053, Masked: 13.3781, Reg: 0.038327
Epoch [23/132], Total Loss: 7.5964, NLL: 1.0056, Masked: 13.3801, Reg: 0.038428
Epoch [24/132], Total Loss: 7.5945, NLL: 1.0057, Masked: 13.3761, Reg: 0.038325
Epoch [25/132], Total Loss: 7.5924, NLL: 1.0053, Masked: 13.3726, Reg: 0.038191
Epoch [26/132], Total Loss: 7.5957, NLL: 1.0055, Masked: 13.3789, Reg: 0.038244
Epoch [27/132], Total Loss: 7.5993, NLL: 1.0056, Masked: 13.3860, Reg: 0.037985
Epoch [28/132], Total Loss: 7.5994, NLL: 1.0054, Masked: 13.3866, Reg: 0.038056
Epoch [29/132], Total Loss: 7.5943, NLL: 1.0054, Masked: 13.3763, Reg: 0.038139
Epoch [30/132], Total Loss: 7.5967, NLL: 1.0056, Masked: 13.3808, Reg: 0.037751
Epoch [31/132], Total Loss: 7.5954, NLL: 1.0055, Masked: 13.3784, Reg: 0.038147
Epoch [32/132], Total Loss: 7.5942, NLL: 1.0054, Masked: 13.3761, Reg: 0.037828
Epoch [33/132], Total Loss: 7.6001, NLL: 1.0053, Masked: 13.3883, Reg: 0.037863
Epoch [34/132], Total Loss: 7.5992, NLL: 1.0054, Masked: 13.3861, Reg: 0.038223
Epoch [35/132], Total Loss: 7.5933, NLL: 1.0054, Masked: 13.3743, Reg: 0.037791
Epoch [36/132], Total Loss: 7.5900, NLL: 1.0054, Masked: 13.3675, Reg: 0.038075
Epoch [37/132], Total Loss: 7.5956, NLL: 1.0055, Masked: 13.3787, Reg: 0.038028
Epoch [38/132], Total Loss: 7.5896, NLL: 1.0053, Masked: 13.3670, Reg: 0.037989
Epoch [39/132], Total Loss: 7.6003, NLL: 1.0055, Masked: 13.3882, Reg: 0.037758
Epoch [40/132], Total Loss: 7.5910, NLL: 1.0054, Masked: 13.3698, Reg: 0.037522
Epoch [41/132], Total Loss: 7.5939, NLL: 1.0054, Masked: 13.3754, Reg: 0.037715
Epoch [42/132], Total Loss: 7.5976, NLL: 1.0054, Masked: 13.3830, Reg: 0.037922
Epoch [43/132], Total Loss: 7.5902, NLL: 1.0052, Masked: 13.3682, Reg: 0.037881
Epoch [44/132], Total Loss: 7.5996, NLL: 1.0053, Masked: 13.3873, Reg: 0.037992
Epoch [45/132], Total Loss: 7.5948, NLL: 1.0053, Masked: 13.3774, Reg: 0.037922
Epoch [46/132], Total Loss: 7.5928, NLL: 1.0055, Masked: 13.3731, Reg: 0.037721
Epoch [47/132], Total Loss: 7.5999, NLL: 1.0052, Masked: 13.3879, Reg: 0.037777
Epoch [48/132], Total Loss: 7.5934, NLL: 1.0056, Masked: 13.3739, Reg: 0.037632
Epoch [49/132], Total Loss: 7.6004, NLL: 1.0053, Masked: 13.3889, Reg: 0.037998
Epoch [50/132], Total Loss: 7.5943, NLL: 1.0053, Masked: 13.3765, Reg: 0.037625
Epoch [51/132], Total Loss: 7.5943, NLL: 1.0053, Masked: 13.3764, Reg: 0.037586
Epoch [52/132], Total Loss: 7.5934, NLL: 1.0054, Masked: 13.3744, Reg: 0.037893
Epoch [53/132], Total Loss: 7.5981, NLL: 1.0052, Masked: 13.3843, Reg: 0.037673
Epoch [54/132], Total Loss: 7.5929, NLL: 1.0053, Masked: 13.3736, Reg: 0.037738
Epoch [55/132], Total Loss: 7.5916, NLL: 1.0051, Masked: 13.3713, Reg: 0.037829
Epoch [56/132], Total Loss: 7.6034, NLL: 1.0052, Masked: 13.3951, Reg: 0.037687
Epoch [57/132], Total Loss: 7.5908, NLL: 1.0052, Masked: 13.3695, Reg: 0.037816
Epoch [58/132], Total Loss: 7.5981, NLL: 1.0051, Masked: 13.3844, Reg: 0.037520
Epoch [59/132], Total Loss: 7.5988, NLL: 1.0050, Masked: 13.3861, Reg: 0.037675
Epoch [60/132], Total Loss: 7.5948, NLL: 1.0051, Masked: 13.3779, Reg: 0.037660
Epoch [61/132], Total Loss: 7.5913, NLL: 1.0053, Masked: 13.3704, Reg: 0.037840
Epoch [62/132], Total Loss: 7.6009, NLL: 1.0052, Masked: 13.3901, Reg: 0.037497
Epoch [63/132], Total Loss: 7.5905, NLL: 1.0053, Masked: 13.3689, Reg: 0.037829
Epoch [64/132], Total Loss: 7.5966, NLL: 1.0051, Masked: 13.3815, Reg: 0.037601
Epoch [65/132], Total Loss: 7.5901, NLL: 1.0052, Masked: 13.3683, Reg: 0.037359
Epoch [66/132], Total Loss: 7.5996, NLL: 1.0051, Masked: 13.3875, Reg: 0.037354
Epoch [67/132], Total Loss: 7.6001, NLL: 1.0053, Masked: 13.3882, Reg: 0.037585
Epoch [68/132], Total Loss: 7.5976, NLL: 1.0052, Masked: 13.3835, Reg: 0.037558
Epoch [69/132], Total Loss: 7.5901, NLL: 1.0052, Masked: 13.3681, Reg: 0.037388
Epoch [70/132], Total Loss: 7.5988, NLL: 1.0053, Masked: 13.3857, Reg: 0.037670
Epoch [71/132], Total Loss: 7.5963, NLL: 1.0052, Masked: 13.3807, Reg: 0.037576
Epoch [72/132], Total Loss: 7.6006, NLL: 1.0051, Masked: 13.3895, Reg: 0.037254
Epoch [73/132], Total Loss: 7.5980, NLL: 1.0052, Masked: 13.3842, Reg: 0.037671
Epoch [74/132], Total Loss: 7.5998, NLL: 1.0052, Masked: 13.3880, Reg: 0.037120
Epoch [75/132], Total Loss: 7.5938, NLL: 1.0050, Masked: 13.3760, Reg: 0.037313
Epoch [76/132], Total Loss: 7.5952, NLL: 1.0054, Masked: 13.3783, Reg: 0.037648
Epoch [77/132], Total Loss: 7.6011, NLL: 1.0053, Masked: 13.3904, Reg: 0.037303
Epoch [78/132], Total Loss: 7.5991, NLL: 1.0053, Masked: 13.3861, Reg: 0.037455
Epoch [79/132], Total Loss: 7.5978, NLL: 1.0052, Masked: 13.3837, Reg: 0.037211
Epoch [80/132], Total Loss: 7.5995, NLL: 1.0052, Masked: 13.3872, Reg: 0.037440
Epoch [81/132], Total Loss: 7.5951, NLL: 1.0052, Masked: 13.3782, Reg: 0.037471
Epoch [82/132], Total Loss: 7.5932, NLL: 1.0051, Masked: 13.3746, Reg: 0.037597
Epoch [83/132], Total Loss: 7.6011, NLL: 1.0052, Masked: 13.3906, Reg: 0.037631
Epoch [84/132], Total Loss: 7.5983, NLL: 1.0053, Masked: 13.3845, Reg: 0.037364
Epoch [85/132], Total Loss: 7.5970, NLL: 1.0051, Masked: 13.3822, Reg: 0.037578
Epoch [86/132], Total Loss: 7.5930, NLL: 1.0052, Masked: 13.3740, Reg: 0.037378
Epoch [87/132], Total Loss: 7.5948, NLL: 1.0052, Masked: 13.3776, Reg: 0.037349
Epoch [88/132], Total Loss: 7.5971, NLL: 1.0052, Masked: 13.3824, Reg: 0.037279
Epoch [89/132], Total Loss: 7.5885, NLL: 1.0053, Masked: 13.3647, Reg: 0.037498
Epoch [90/132], Total Loss: 7.6022, NLL: 1.0051, Masked: 13.3927, Reg: 0.037312
Epoch [91/132], Total Loss: 7.5981, NLL: 1.0051, Masked: 13.3845, Reg: 0.037497
Epoch [92/132], Total Loss: 7.5886, NLL: 1.0052, Masked: 13.3650, Reg: 0.037388
Epoch [93/132], Total Loss: 7.5992, NLL: 1.0052, Masked: 13.3866, Reg: 0.037307
Epoch [94/132], Total Loss: 7.5998, NLL: 1.0053, Masked: 13.3876, Reg: 0.037653
Epoch [95/132], Total Loss: 7.5935, NLL: 1.0053, Masked: 13.3749, Reg: 0.037196
Epoch [96/132], Total Loss: 7.5946, NLL: 1.0053, Masked: 13.3771, Reg: 0.037408
Epoch [97/132], Total Loss: 7.5989, NLL: 1.0052, Masked: 13.3858, Reg: 0.037460
Epoch [98/132], Total Loss: 7.6040, NLL: 1.0053, Masked: 13.3963, Reg: 0.037457
Epoch [99/132], Total Loss: 7.5934, NLL: 1.0052, Masked: 13.3748, Reg: 0.037375
Epoch [100/132], Total Loss: 7.5932, NLL: 1.0052, Masked: 13.3744, Reg: 0.037111
Epoch [101/132], Total Loss: 7.5931, NLL: 1.0054, Masked: 13.3739, Reg: 0.037387
Epoch [102/132], Total Loss: 7.5945, NLL: 1.0052, Masked: 13.3771, Reg: 0.037365
Epoch [103/132], Total Loss: 7.5919, NLL: 1.0052, Masked: 13.3719, Reg: 0.037249
Epoch [104/132], Total Loss: 7.6005, NLL: 1.0052, Masked: 13.3892, Reg: 0.037254
Epoch [105/132], Total Loss: 7.5940, NLL: 1.0052, Masked: 13.3761, Reg: 0.037396
Epoch [106/132], Total Loss: 7.5992, NLL: 1.0052, Masked: 13.3867, Reg: 0.037288
Epoch [107/132], Total Loss: 7.5926, NLL: 1.0051, Masked: 13.3734, Reg: 0.037318
Epoch [108/132], Total Loss: 7.5985, NLL: 1.0053, Masked: 13.3850, Reg: 0.037406
Epoch [109/132], Total Loss: 7.5924, NLL: 1.0053, Masked: 13.3727, Reg: 0.037245
Epoch [110/132], Total Loss: 7.5999, NLL: 1.0051, Masked: 13.3883, Reg: 0.037692
Epoch [111/132], Total Loss: 7.5987, NLL: 1.0052, Masked: 13.3856, Reg: 0.037386
Epoch [112/132], Total Loss: 7.5990, NLL: 1.0051, Masked: 13.3865, Reg: 0.037348
Epoch [113/132], Total Loss: 7.5984, NLL: 1.0051, Masked: 13.3852, Reg: 0.036992
Epoch [114/132], Total Loss: 7.6019, NLL: 1.0053, Masked: 13.3919, Reg: 0.037354
Epoch [115/132], Total Loss: 7.5997, NLL: 1.0053, Masked: 13.3873, Reg: 0.037768
Epoch [116/132], Total Loss: 7.5984, NLL: 1.0051, Masked: 13.3851, Reg: 0.037086
Epoch [117/132], Total Loss: 7.5980, NLL: 1.0054, Masked: 13.3839, Reg: 0.037445
Epoch [118/132], Total Loss: 7.6090, NLL: 1.0051, Masked: 13.4066, Reg: 0.037333
Epoch [119/132], Total Loss: 7.5955, NLL: 1.0052, Masked: 13.3791, Reg: 0.037132
Epoch [120/132], Total Loss: 7.6047, NLL: 1.0052, Masked: 13.3977, Reg: 0.037033
Epoch [121/132], Total Loss: 7.5907, NLL: 1.0050, Masked: 13.3698, Reg: 0.037279
Epoch [122/132], Total Loss: 7.5937, NLL: 1.0052, Masked: 13.3756, Reg: 0.037190
Epoch [123/132], Total Loss: 7.6081, NLL: 1.0053, Masked: 13.4046, Reg: 0.037342
Epoch [124/132], Total Loss: 7.6040, NLL: 1.0052, Masked: 13.3965, Reg: 0.037313
Epoch [125/132], Total Loss: 7.5958, NLL: 1.0054, Masked: 13.3793, Reg: 0.037472
Epoch [126/132], Total Loss: 7.6063, NLL: 1.0051, Masked: 13.4011, Reg: 0.037279
Epoch [127/132], Total Loss: 7.5947, NLL: 1.0052, Masked: 13.3775, Reg: 0.037173
Epoch [128/132], Total Loss: 7.5999, NLL: 1.0051, Masked: 13.3882, Reg: 0.037055
Epoch [129/132], Total Loss: 7.5903, NLL: 1.0054, Masked: 13.3681, Reg: 0.037459
Epoch [130/132], Total Loss: 7.5899, NLL: 1.0051, Masked: 13.3679, Reg: 0.036967
Epoch [131/132], Total Loss: 7.5945, NLL: 1.0052, Masked: 13.3772, Reg: 0.037220
Epoch [132/132], Total Loss: 7.5966, NLL: 1.0051, Masked: 13.3816, Reg: 0.037184

==================================================
EVALUATING ON TRAINING DATA
==================================================

==================================================
TEST RESULTS
==================================================
Total Loss: 7.591470
  - ZINB NLL: 1.002626
Total number of masked values: 2009397
  - Number of values with pi >= 0.39746677885362225: 2009397
  - Number of values with pi < 0.39746677885362225: 0
  - Masked Reconstruction: 13.376148
  - Regularization: 0.035513
Mean Absolute Error (MAE): 2.200262
R² Score: -0.041794
==================================================


==================================================
TEST RESULTS
==================================================
Total Loss: 8.206929
  - ZINB NLL: 1.010565
Total number of masked values: 1917787
  - Number of values with pi >= 0.39746677885362225: 1917787
  - Number of values with pi < 0.39746677885362225: 0
  - Masked Reconstruction: 14.609487
  - Regularization: 0.035513
Mean Absolute Error (MAE): 2.284748
R² Score: -0.042035
==================================================


>>> Optimizing zinb_nll on VALIDATION set: 1.010565
>>> Full validation metrics: {'total_loss': 8.20692858781186, 'zinb_nll': 1.0105654440466738, 'mae': 2.284748077392578, 'r2': -0.04203510284423828, 'masked_loss': 14.60948677468432, 'reg_loss': 0.03551318609187344}

Iteration No: 23 ended. Search finished for the next optimal point.
Time taken: 5353.6596
Function value obtained: 1.0106
Current minimum: 1.0106
Iteration No: 24 started. Searching for the next optimal point.

================================================================================
Trial with parameters:
  features: Centr
  step_size: 0.25
  bin_size: 1
  sample_fraction: 0.25
  moving_average: True
  first_layer_size_factor: 69
  num_layers: 2
  use_conv: True
  conv_channel: 125
  pool_size: 2
  kernel_size: 9
  epochs: 145
  batch_size: 32
  pi_threshold: 0.4485453549357027
  learning_rate: 0.00017522338330423377
  dropout_rate: 0.4596255515699172
  masked_recon_weight: 0.6001322424726471
  regularizer: l2
  regularization_weight: 0.002245780967753212
================================================================================

len(layers): 2
Creating datasets with:
  features: ['Centr']
  bin_size: 1
  moving_average: True
  data_point_length: 2000 (from 2000)
  step_size: 500 (from fraction 0.25)
  layers: [np.int64(1104), np.int64(552)] (first=1104, num=2)
  stride: 1 (fixed), padding: same (fixed)
  Using pre-determined chromosome split


Clipping outliers using 95th percentile * 1.5...
strain_yTW001: Clipping values above 134.25 (P95=89.50). Clipped 27529/1193409 values (2.31%)
strain_FD: Clipping values above 71.92 (P95=47.94). Clipped 95791/4127807 values (2.32%)
strain_dnrp: Clipping values above 243.00 (P95=162.00). Clipped 25649/1119454 values (2.29%)
strain_yEK19: Clipping values above 77.10 (P95=51.40). Clipped 83713/3893623 values (2.15%)
strain_yEK23: Clipping values above 72.00 (P95=48.00). Clipped 86381/3558407 values (2.43%)
strain_yWT03a: Clipping values above 15.00 (P95=10.00). Clipped 10602/347679 values (3.05%)
strain_yWT04a: Clipping values above 58.50 (P95=39.00). Clipped 21095/725406 values (2.91%)
strain_ylic137: Clipping values above 142.50 (P95=95.00). Clipped 28746/1112684 values (2.58%)

Splitting data using pre-determined chromosomes...
Standardizing features: ['Centr']
Column order in final array (Dataset/Chrom split): ['Value', 'Centromere_Distance', 'Value_Raw', 'Size_Factor']
Removing 0 empty data points out of 110768
Column order in final array (Dataset/Chrom split): ['Value', 'Centromere_Distance', 'Value_Raw', 'Size_Factor']
Removing 0 empty data points out of 38952
Column order in final array (Dataset/Chrom split): ['Value', 'Centromere_Distance', 'Value_Raw', 'Size_Factor']
Removing 0 empty data points out of 43096
Datasets created with shapes:
  Train: (110768, 2000, 4)
  Val: (38952, 2000, 4)
  Test: (43096, 2000, 4)
Datasets created:
  Train: (110768, 2000, 4), Val: (38952, 2000, 4), Test: (43096, 2000, 4)

Randomly sampled 27692/110768 samples (25.0%)
Applied denoising with 15.0% masking
Applied denoising with 15.0% masking
Applied denoising with 15.0% masking
Number of encoder layers: 2
Number of decoder layers (excluding heads): 2
Total number of layers including latent layer: 5
Epoch [1/145], Total Loss: 9.2085, NLL: 1.0658, Masked: 13.5682, Reg: 17.568339
Epoch [2/145], Total Loss: 9.0953, NLL: 1.0370, Masked: 13.4275, Reg: 14.552539
Epoch [3/145], Total Loss: 9.0800, NLL: 1.0300, Masked: 13.4139, Reg: 12.239656
Epoch [4/145], Total Loss: 9.0847, NLL: 1.0244, Masked: 13.4308, Reg: 10.221269
Epoch [5/145], Total Loss: 9.0864, NLL: 1.0172, Masked: 13.4458, Reg: 8.430158
Epoch [6/145], Total Loss: 9.0766, NLL: 1.0125, Masked: 13.4372, Reg: 6.839905
Epoch [7/145], Total Loss: 9.0681, NLL: 1.0080, Masked: 13.4305, Reg: 5.439510
Epoch [8/145], Total Loss: 9.0699, NLL: 1.0054, Masked: 13.4379, Reg: 4.216417
Epoch [9/145], Total Loss: 9.0673, NLL: 1.0044, Masked: 13.4351, Reg: 3.178661
Epoch [10/145], Total Loss: 9.0540, NLL: 1.0010, Masked: 13.4186, Reg: 2.301413
Epoch [11/145], Total Loss: 9.0629, NLL: 0.9998, Masked: 13.4355, Reg: 1.591109
Epoch [12/145], Total Loss: 9.0620, NLL: 0.9993, Masked: 13.4348, Reg: 1.035821
Epoch [13/145], Total Loss: 9.0530, NLL: 0.9990, Masked: 13.4203, Reg: 0.622510
Epoch [14/145], Total Loss: 9.0659, NLL: 0.9996, Masked: 13.4409, Reg: 0.343522
Epoch [15/145], Total Loss: 9.0600, NLL: 0.9996, Masked: 13.4310, Reg: 0.172685
Epoch [16/145], Total Loss: 9.0552, NLL: 0.9999, Masked: 13.4225, Reg: 0.087547
Epoch [17/145], Total Loss: 9.0632, NLL: 1.0003, Masked: 13.4352, Reg: 0.056371
Epoch [18/145], Total Loss: 9.0570, NLL: 1.0007, Masked: 13.4242, Reg: 0.049275
Epoch [19/145], Total Loss: 9.0627, NLL: 1.0008, Masked: 13.4336, Reg: 0.047775
Epoch [20/145], Total Loss: 9.0682, NLL: 1.0007, Masked: 13.4429, Reg: 0.047673
Epoch [21/145], Total Loss: 9.0784, NLL: 1.0007, Masked: 13.4599, Reg: 0.047535
Epoch [22/145], Total Loss: 9.0611, NLL: 1.0004, Masked: 13.4315, Reg: 0.047193
Epoch [23/145], Total Loss: 9.0574, NLL: 1.0005, Masked: 13.4251, Reg: 0.046857
Epoch [24/145], Total Loss: 9.0641, NLL: 1.0005, Masked: 13.4362, Reg: 0.046654
Epoch [25/145], Total Loss: 9.0728, NLL: 1.0005, Masked: 13.4509, Reg: 0.046671
Epoch [26/145], Total Loss: 9.0669, NLL: 1.0003, Masked: 13.4415, Reg: 0.046114
Epoch [27/145], Total Loss: 9.0694, NLL: 1.0001, Masked: 13.4458, Reg: 0.046331
Epoch [28/145], Total Loss: 9.0578, NLL: 1.0003, Masked: 13.4263, Reg: 0.046347
Epoch [29/145], Total Loss: 9.0587, NLL: 1.0002, Masked: 13.4278, Reg: 0.046170
Epoch [30/145], Total Loss: 9.0629, NLL: 1.0001, Masked: 13.4350, Reg: 0.045830
Epoch [31/145], Total Loss: 9.0708, NLL: 1.0001, Masked: 13.4482, Reg: 0.045810
Epoch [32/145], Total Loss: 9.0713, NLL: 1.0001, Masked: 13.4491, Reg: 0.045676
Epoch [33/145], Total Loss: 9.0572, NLL: 1.0005, Masked: 13.4249, Reg: 0.046029
Epoch [34/145], Total Loss: 9.0729, NLL: 1.0000, Masked: 13.4519, Reg: 0.045536
Epoch [35/145], Total Loss: 9.0637, NLL: 1.0002, Masked: 13.4363, Reg: 0.045539
Epoch [36/145], Total Loss: 9.0524, NLL: 1.0002, Masked: 13.4174, Reg: 0.045636
Epoch [37/145], Total Loss: 9.0635, NLL: 0.9999, Masked: 13.4363, Reg: 0.045168
Epoch [38/145], Total Loss: 9.0676, NLL: 1.0001, Masked: 13.4430, Reg: 0.045599
Epoch [39/145], Total Loss: 9.0570, NLL: 1.0000, Masked: 13.4254, Reg: 0.045222
Epoch [40/145], Total Loss: 9.0575, NLL: 0.9998, Masked: 13.4264, Reg: 0.045137
Epoch [41/145], Total Loss: 9.0723, NLL: 1.0003, Masked: 13.4503, Reg: 0.045407
Epoch [42/145], Total Loss: 9.0641, NLL: 1.0002, Masked: 13.4370, Reg: 0.044950
Epoch [43/145], Total Loss: 9.0722, NLL: 0.9999, Masked: 13.4508, Reg: 0.044866
Epoch [44/145], Total Loss: 9.0694, NLL: 0.9998, Masked: 13.4464, Reg: 0.045030
Epoch [45/145], Total Loss: 9.0691, NLL: 0.9997, Masked: 13.4460, Reg: 0.045268
Epoch [46/145], Total Loss: 9.0642, NLL: 0.9998, Masked: 13.4378, Reg: 0.044729
Epoch [47/145], Total Loss: 9.0739, NLL: 1.0000, Masked: 13.4535, Reg: 0.044784
Epoch [48/145], Total Loss: 9.0743, NLL: 0.9998, Masked: 13.4545, Reg: 0.044869
Epoch [49/145], Total Loss: 9.0613, NLL: 0.9999, Masked: 13.4328, Reg: 0.044846
Epoch [50/145], Total Loss: 9.0588, NLL: 0.9999, Masked: 13.4285, Reg: 0.044612
Epoch [51/145], Total Loss: 9.0635, NLL: 1.0000, Masked: 13.4363, Reg: 0.044862
Epoch [52/145], Total Loss: 9.0522, NLL: 0.9998, Masked: 13.4178, Reg: 0.044536
Epoch [53/145], Total Loss: 9.0700, NLL: 0.9996, Masked: 13.4476, Reg: 0.044833
Epoch [54/145], Total Loss: 9.0622, NLL: 0.9996, Masked: 13.4347, Reg: 0.044598
Epoch [55/145], Total Loss: 9.0566, NLL: 0.9996, Masked: 13.4254, Reg: 0.044711
Epoch [56/145], Total Loss: 9.0658, NLL: 0.9997, Masked: 13.4404, Reg: 0.044686
Epoch [57/145], Total Loss: 9.0551, NLL: 0.9996, Masked: 13.4228, Reg: 0.044701
Epoch [58/145], Total Loss: 9.0690, NLL: 0.9998, Masked: 13.4458, Reg: 0.044655
Epoch [59/145], Total Loss: 9.0578, NLL: 0.9995, Masked: 13.4275, Reg: 0.044377
Epoch [60/145], Total Loss: 9.0685, NLL: 0.9996, Masked: 13.4452, Reg: 0.044435
Epoch [61/145], Total Loss: 9.0603, NLL: 0.9997, Masked: 13.4313, Reg: 0.044741
Epoch [62/145], Total Loss: 9.0703, NLL: 0.9997, Masked: 13.4480, Reg: 0.044669
Epoch [63/145], Total Loss: 9.0619, NLL: 0.9996, Masked: 13.4342, Reg: 0.044217
Epoch [64/145], Total Loss: 9.0566, NLL: 0.9997, Masked: 13.4252, Reg: 0.044710
Epoch [65/145], Total Loss: 9.0605, NLL: 0.9998, Masked: 13.4315, Reg: 0.044585
Epoch [66/145], Total Loss: 9.0695, NLL: 0.9997, Masked: 13.4468, Reg: 0.044355
Epoch [67/145], Total Loss: 9.0654, NLL: 0.9996, Masked: 13.4400, Reg: 0.044450
Epoch [68/145], Total Loss: 9.0598, NLL: 0.9997, Masked: 13.4306, Reg: 0.044679
Epoch [69/145], Total Loss: 9.0525, NLL: 0.9996, Masked: 13.4185, Reg: 0.044299
Epoch [70/145], Total Loss: 9.0595, NLL: 0.9997, Masked: 13.4301, Reg: 0.044566
Epoch [71/145], Total Loss: 9.0649, NLL: 0.9995, Masked: 13.4393, Reg: 0.044348
Epoch [72/145], Total Loss: 9.0585, NLL: 0.9996, Masked: 13.4287, Reg: 0.044412
Epoch [73/145], Total Loss: 9.0581, NLL: 0.9996, Masked: 13.4279, Reg: 0.044324
Epoch [74/145], Total Loss: 9.0762, NLL: 0.9997, Masked: 13.4578, Reg: 0.044516
Epoch [75/145], Total Loss: 9.0552, NLL: 0.9997, Masked: 13.4230, Reg: 0.044342
Epoch [76/145], Total Loss: 9.0638, NLL: 0.9999, Masked: 13.4369, Reg: 0.044206
Epoch [77/145], Total Loss: 9.0663, NLL: 0.9994, Masked: 13.4418, Reg: 0.044091
Epoch [78/145], Total Loss: 9.0584, NLL: 0.9995, Masked: 13.4285, Reg: 0.044167
Epoch [79/145], Total Loss: 9.0654, NLL: 0.9996, Masked: 13.4400, Reg: 0.044354
Epoch [80/145], Total Loss: 9.0579, NLL: 0.9996, Masked: 13.4274, Reg: 0.044332
Epoch [81/145], Total Loss: 9.0602, NLL: 0.9994, Masked: 13.4318, Reg: 0.043969
Epoch [82/145], Total Loss: 9.0570, NLL: 0.9996, Masked: 13.4261, Reg: 0.044217
Epoch [83/145], Total Loss: 9.0573, NLL: 0.9996, Masked: 13.4266, Reg: 0.044369
Epoch [84/145], Total Loss: 9.0603, NLL: 0.9994, Masked: 13.4318, Reg: 0.043910
Epoch [85/145], Total Loss: 9.0632, NLL: 0.9995, Masked: 13.4366, Reg: 0.043931
Epoch [86/145], Total Loss: 9.0557, NLL: 0.9995, Masked: 13.4240, Reg: 0.044089
Epoch [87/145], Total Loss: 9.0560, NLL: 0.9994, Masked: 13.4247, Reg: 0.044128
Epoch [88/145], Total Loss: 9.0585, NLL: 0.9995, Masked: 13.4288, Reg: 0.044282
Epoch [89/145], Total Loss: 9.0617, NLL: 0.9996, Masked: 13.4338, Reg: 0.044179
Epoch [90/145], Total Loss: 9.0591, NLL: 0.9993, Masked: 13.4301, Reg: 0.043969
Epoch [91/145], Total Loss: 9.0630, NLL: 0.9994, Masked: 13.4363, Reg: 0.044157
Epoch [92/145], Total Loss: 9.0726, NLL: 0.9993, Masked: 13.4525, Reg: 0.044006
Epoch [93/145], Total Loss: 9.0692, NLL: 0.9994, Masked: 13.4466, Reg: 0.044266
Epoch [94/145], Total Loss: 9.0727, NLL: 0.9994, Masked: 13.4525, Reg: 0.044089
Epoch [95/145], Total Loss: 9.0598, NLL: 0.9995, Masked: 13.4310, Reg: 0.044012
Epoch [96/145], Total Loss: 9.0620, NLL: 0.9994, Masked: 13.4347, Reg: 0.043984
Epoch [97/145], Total Loss: 9.0639, NLL: 0.9994, Masked: 13.4378, Reg: 0.043761
Epoch [98/145], Total Loss: 9.0548, NLL: 0.9992, Masked: 13.4231, Reg: 0.044017
Epoch [99/145], Total Loss: 9.0585, NLL: 0.9994, Masked: 13.4290, Reg: 0.044009
Epoch [100/145], Total Loss: 9.0644, NLL: 0.9995, Masked: 13.4386, Reg: 0.043767
Epoch [101/145], Total Loss: 9.0736, NLL: 0.9992, Masked: 13.4543, Reg: 0.043790
Epoch [102/145], Total Loss: 9.0635, NLL: 0.9993, Masked: 13.4374, Reg: 0.043978
Epoch [103/145], Total Loss: 9.0631, NLL: 0.9995, Masked: 13.4364, Reg: 0.044064
Epoch [104/145], Total Loss: 9.0653, NLL: 0.9994, Masked: 13.4403, Reg: 0.043950
Epoch [105/145], Total Loss: 9.0664, NLL: 0.9994, Masked: 13.4421, Reg: 0.043905
Epoch [106/145], Total Loss: 9.0642, NLL: 0.9992, Masked: 13.4388, Reg: 0.043931
Epoch [107/145], Total Loss: 9.0676, NLL: 0.9994, Masked: 13.4439, Reg: 0.043841
Epoch [108/145], Total Loss: 9.0577, NLL: 0.9994, Masked: 13.4276, Reg: 0.043855
Epoch [109/145], Total Loss: 9.0613, NLL: 0.9994, Masked: 13.4337, Reg: 0.043697
Epoch [110/145], Total Loss: 9.0585, NLL: 0.9992, Masked: 13.4291, Reg: 0.043836
Epoch [111/145], Total Loss: 9.0613, NLL: 0.9991, Masked: 13.4340, Reg: 0.043813
Epoch [112/145], Total Loss: 9.0608, NLL: 0.9994, Masked: 13.4328, Reg: 0.043976
Epoch [113/145], Total Loss: 9.0633, NLL: 0.9995, Masked: 13.4368, Reg: 0.043759
Epoch [114/145], Total Loss: 9.0620, NLL: 0.9992, Masked: 13.4351, Reg: 0.043776
Epoch [115/145], Total Loss: 9.0632, NLL: 0.9994, Masked: 13.4367, Reg: 0.043670
Epoch [116/145], Total Loss: 9.0628, NLL: 0.9993, Masked: 13.4363, Reg: 0.043815
Epoch [117/145], Total Loss: 9.0599, NLL: 0.9993, Masked: 13.4314, Reg: 0.043741
Epoch [118/145], Total Loss: 9.0559, NLL: 0.9992, Masked: 13.4248, Reg: 0.043849
Epoch [119/145], Total Loss: 9.0627, NLL: 0.9993, Masked: 13.4360, Reg: 0.043666
Epoch [120/145], Total Loss: 9.0608, NLL: 0.9992, Masked: 13.4331, Reg: 0.043737
Epoch [121/145], Total Loss: 9.0644, NLL: 0.9991, Masked: 13.4391, Reg: 0.043693
Epoch [122/145], Total Loss: 9.0634, NLL: 0.9992, Masked: 13.4373, Reg: 0.043759
Epoch [123/145], Total Loss: 9.0581, NLL: 0.9993, Masked: 13.4285, Reg: 0.043535
Epoch [124/145], Total Loss: 9.0645, NLL: 0.9992, Masked: 13.4392, Reg: 0.043795
Epoch [125/145], Total Loss: 9.0547, NLL: 0.9992, Masked: 13.4230, Reg: 0.043649
Epoch [126/145], Total Loss: 9.0646, NLL: 0.9993, Masked: 13.4392, Reg: 0.043742
Epoch [127/145], Total Loss: 9.0629, NLL: 0.9992, Masked: 13.4366, Reg: 0.043803
Epoch [128/145], Total Loss: 9.0625, NLL: 0.9992, Masked: 13.4359, Reg: 0.043736
Epoch [129/145], Total Loss: 9.0689, NLL: 0.9992, Masked: 13.4466, Reg: 0.043727
Epoch [130/145], Total Loss: 9.0569, NLL: 0.9992, Masked: 13.4266, Reg: 0.043795
Epoch [131/145], Total Loss: 9.0573, NLL: 0.9992, Masked: 13.4272, Reg: 0.043720
Epoch [132/145], Total Loss: 9.0674, NLL: 0.9994, Masked: 13.4438, Reg: 0.043712
Epoch [133/145], Total Loss: 9.0588, NLL: 0.9993, Masked: 13.4296, Reg: 0.043493
Epoch [134/145], Total Loss: 9.0537, NLL: 0.9992, Masked: 13.4212, Reg: 0.043745
Epoch [135/145], Total Loss: 9.0608, NLL: 0.9993, Masked: 13.4328, Reg: 0.043395
Epoch [136/145], Total Loss: 9.0636, NLL: 0.9991, Masked: 13.4377, Reg: 0.043850
Epoch [137/145], Total Loss: 9.0720, NLL: 0.9991, Masked: 13.4520, Reg: 0.043651
Epoch [138/145], Total Loss: 9.0698, NLL: 0.9992, Masked: 13.4480, Reg: 0.043774
Epoch [139/145], Total Loss: 9.0604, NLL: 0.9993, Masked: 13.4323, Reg: 0.043741
Epoch [140/145], Total Loss: 9.0630, NLL: 0.9991, Masked: 13.4369, Reg: 0.043315
Epoch [141/145], Total Loss: 9.0662, NLL: 0.9992, Masked: 13.4420, Reg: 0.043653
Epoch [142/145], Total Loss: 9.0634, NLL: 0.9992, Masked: 13.4373, Reg: 0.043539
Epoch [143/145], Total Loss: 9.0599, NLL: 0.9993, Masked: 13.4314, Reg: 0.043544
Epoch [144/145], Total Loss: 9.0588, NLL: 0.9992, Masked: 13.4297, Reg: 0.043635
Epoch [145/145], Total Loss: 9.0539, NLL: 0.9994, Masked: 13.4213, Reg: 0.043604

==================================================
EVALUATING ON TRAINING DATA
==================================================

==================================================
TEST RESULTS
==================================================
Total Loss: 9.043750
  - ZINB NLL: 0.995125
Total number of masked values: 1347409
  - Number of values with pi >= 0.4485453549357027: 1347409
  - Number of values with pi < 0.4485453549357027: 0
  - Masked Reconstruction: 13.411420
  - Regularization: 0.044574
Mean Absolute Error (MAE): 2.189939
R² Score: -0.041679
==================================================


==================================================
TEST RESULTS
==================================================
Total Loss: 9.759071
  - ZINB NLL: 1.007731
Total number of masked values: 1917787
  - Number of values with pi >= 0.4485453549357027: 1917787
  - Number of values with pi < 0.4485453549357027: 0
  - Masked Reconstruction: 14.582353
  - Regularization: 0.044574
Mean Absolute Error (MAE): 2.284748
R² Score: -0.042035
==================================================


>>> Optimizing zinb_nll on VALIDATION set: 1.007731
>>> Full validation metrics: {'total_loss': 9.759070513845346, 'zinb_nll': 1.0077305236166816, 'mae': 2.284748077392578, 'r2': -0.04203510284423828, 'masked_loss': 14.58235304417809, 'reg_loss': 0.04457431109031309}

Iteration No: 24 ended. Search finished for the next optimal point.
Time taken: 5149.7671
Function value obtained: 1.0077
Current minimum: 1.0077
Iteration No: 25 started. Searching for the next optimal point.

================================================================================
Trial with parameters:
  features: Centr
  step_size: 0.25
  bin_size: 1
  sample_fraction: 0.8389391785101404
  moving_average: True
  first_layer_size_factor: 38
  num_layers: 3
  use_conv: False
  conv_channel: 128
  pool_size: 4
  kernel_size: 9
  epochs: 57
  batch_size: 32
  pi_threshold: 0.7
  learning_rate: 1e-05
  dropout_rate: 0.0005911094374843595
  masked_recon_weight: 0.6049717152099477
  regularizer: l2
  regularization_weight: 0.001649745886018398
================================================================================

len(layers): 3
Creating datasets with:
  features: ['Centr']
  bin_size: 1
  moving_average: True
  data_point_length: 2000 (from 2000)
  step_size: 500 (from fraction 0.25)
  layers: [np.int64(608), np.int64(304), np.int64(152)] (first=608, num=3)
  stride: 1 (fixed), padding: same (fixed)
  Using pre-determined chromosome split


Clipping outliers using 95th percentile * 1.5...
strain_yTW001: Clipping values above 134.25 (P95=89.50). Clipped 27529/1193409 values (2.31%)
strain_FD: Clipping values above 71.92 (P95=47.94). Clipped 95791/4127807 values (2.32%)
strain_dnrp: Clipping values above 243.00 (P95=162.00). Clipped 25649/1119454 values (2.29%)
strain_yEK19: Clipping values above 77.10 (P95=51.40). Clipped 83713/3893623 values (2.15%)
strain_yEK23: Clipping values above 72.00 (P95=48.00). Clipped 86381/3558407 values (2.43%)
strain_yWT03a: Clipping values above 15.00 (P95=10.00). Clipped 10602/347679 values (3.05%)
strain_yWT04a: Clipping values above 58.50 (P95=39.00). Clipped 21095/725406 values (2.91%)
strain_ylic137: Clipping values above 142.50 (P95=95.00). Clipped 28746/1112684 values (2.58%)

Splitting data using pre-determined chromosomes...
Standardizing features: ['Centr']
Column order in final array (Dataset/Chrom split): ['Value', 'Centromere_Distance', 'Value_Raw', 'Size_Factor']
Removing 0 empty data points out of 110768
Column order in final array (Dataset/Chrom split): ['Value', 'Centromere_Distance', 'Value_Raw', 'Size_Factor']
Removing 0 empty data points out of 38952
Column order in final array (Dataset/Chrom split): ['Value', 'Centromere_Distance', 'Value_Raw', 'Size_Factor']
Removing 0 empty data points out of 43096
Datasets created with shapes:
  Train: (110768, 2000, 4)
  Val: (38952, 2000, 4)
  Test: (43096, 2000, 4)
Datasets created:
  Train: (110768, 2000, 4), Val: (38952, 2000, 4), Test: (43096, 2000, 4)

Randomly sampled 92927/110768 samples (83.9%)
Applied denoising with 15.0% masking
Applied denoising with 15.0% masking
Applied denoising with 15.0% masking
Number of encoder layers: 3
Number of decoder layers (excluding heads): 3
Total number of layers including latent layer: 7
Epoch [1/57], Total Loss: 10.3613, NLL: 1.5870, Masked: 14.5037, Reg: 13.934328
Epoch [2/57], Total Loss: 9.1319, NLL: 1.2622, Masked: 13.0083, Reg: 13.301545
Epoch [3/57], Total Loss: 8.9644, NLL: 1.0367, Masked: 13.1041, Reg: 12.840372
Epoch [4/57], Total Loss: 8.9724, NLL: 1.0300, Masked: 13.1286, Reg: 12.376076
Epoch [5/57], Total Loss: 8.9655, NLL: 1.0281, Masked: 13.1203, Reg: 11.945300
Epoch [6/57], Total Loss: 8.9529, NLL: 1.0258, Masked: 13.1033, Reg: 11.543244
Epoch [7/57], Total Loss: 8.9456, NLL: 1.0244, Masked: 13.0935, Reg: 11.159794
Epoch [8/57], Total Loss: 8.9402, NLL: 1.0240, Masked: 13.0853, Reg: 10.789819
Epoch [9/57], Total Loss: 8.9336, NLL: 1.0234, Masked: 13.0753, Reg: 10.430641
Epoch [10/57], Total Loss: 8.9390, NLL: 1.0220, Masked: 13.0866, Reg: 10.080479
Epoch [11/57], Total Loss: 8.9341, NLL: 1.0219, Masked: 13.0787, Reg: 9.738259
Epoch [12/57], Total Loss: 8.9380, NLL: 1.0208, Masked: 13.0868, Reg: 9.403421
Epoch [13/57], Total Loss: 8.9463, NLL: 1.0197, Masked: 13.1024, Reg: 9.075462
Epoch [14/57], Total Loss: 8.9473, NLL: 1.0190, Masked: 13.1052, Reg: 8.754235
Epoch [15/57], Total Loss: 8.9469, NLL: 1.0188, Masked: 13.1049, Reg: 8.439649
Epoch [16/57], Total Loss: 8.9578, NLL: 1.0176, Masked: 13.1249, Reg: 8.131644
Epoch [17/57], Total Loss: 8.9547, NLL: 1.0169, Masked: 13.1209, Reg: 7.829864
Epoch [18/57], Total Loss: 8.9614, NLL: 1.0163, Masked: 13.1329, Reg: 7.534370
Epoch [19/57], Total Loss: 8.9599, NLL: 1.0154, Masked: 13.1319, Reg: 7.245010
Epoch [20/57], Total Loss: 8.9712, NLL: 1.0147, Masked: 13.1518, Reg: 6.961745
Epoch [21/57], Total Loss: 8.9725, NLL: 1.0146, Masked: 13.1542, Reg: 6.684478
Epoch [22/57], Total Loss: 8.9732, NLL: 1.0142, Masked: 13.1561, Reg: 6.413367
Epoch [23/57], Total Loss: 8.9712, NLL: 1.0135, Masked: 13.1539, Reg: 6.148151
Epoch [24/57], Total Loss: 8.9797, NLL: 1.0124, Masked: 13.1697, Reg: 5.888646
Epoch [25/57], Total Loss: 8.9837, NLL: 1.0125, Masked: 13.1762, Reg: 5.635041
Epoch [26/57], Total Loss: 8.9895, NLL: 1.0118, Masked: 13.1869, Reg: 5.387300
Epoch [27/57], Total Loss: 8.9887, NLL: 1.0114, Masked: 13.1863, Reg: 5.145388
Epoch [28/57], Total Loss: 8.9867, NLL: 1.0109, Masked: 13.1839, Reg: 4.909158
Epoch [29/57], Total Loss: 8.9920, NLL: 1.0107, Masked: 13.1930, Reg: 4.678835
Epoch [30/57], Total Loss: 8.9941, NLL: 1.0101, Masked: 13.1973, Reg: 4.454080
Epoch [31/57], Total Loss: 8.9951, NLL: 1.0093, Masked: 13.2002, Reg: 4.235204
Epoch [32/57], Total Loss: 8.9967, NLL: 1.0094, Masked: 13.2028, Reg: 4.022133
Epoch [33/57], Total Loss: 9.0031, NLL: 1.0084, Masked: 13.2151, Reg: 3.814644
Epoch [34/57], Total Loss: 9.0021, NLL: 1.0085, Masked: 13.2131, Reg: 3.612938
Epoch [35/57], Total Loss: 9.0006, NLL: 1.0080, Masked: 13.2115, Reg: 3.416852
Epoch [36/57], Total Loss: 9.0044, NLL: 1.0076, Masked: 13.2184, Reg: 3.226489
Epoch [37/57], Total Loss: 9.0047, NLL: 1.0073, Masked: 13.2193, Reg: 3.041674
Epoch [38/57], Total Loss: 9.0118, NLL: 1.0071, Masked: 13.2315, Reg: 2.862585
Epoch [39/57], Total Loss: 9.0135, NLL: 1.0064, Masked: 13.2356, Reg: 2.689115
Epoch [40/57], Total Loss: 9.0124, NLL: 1.0065, Masked: 13.2334, Reg: 2.521368
Epoch [41/57], Total Loss: 9.0070, NLL: 1.0062, Masked: 13.2250, Reg: 2.359216
Epoch [42/57], Total Loss: 9.0056, NLL: 1.0057, Masked: 13.2236, Reg: 2.202832
Epoch [43/57], Total Loss: 9.0158, NLL: 1.0058, Masked: 13.2404, Reg: 2.052075
Epoch [44/57], Total Loss: 9.0152, NLL: 1.0053, Masked: 13.2401, Reg: 1.906859
Epoch [45/57], Total Loss: 9.0171, NLL: 1.0051, Masked: 13.2436, Reg: 1.767248
Epoch [46/57], Total Loss: 9.0167, NLL: 1.0051, Masked: 13.2430, Reg: 1.633157
Epoch [47/57], Total Loss: 9.0157, NLL: 1.0048, Masked: 13.2419, Reg: 1.504810
Epoch [48/57], Total Loss: 9.0148, NLL: 1.0045, Masked: 13.2408, Reg: 1.381900
Epoch [49/57], Total Loss: 9.0278, NLL: 1.0043, Masked: 13.2626, Reg: 1.264593
Epoch [50/57], Total Loss: 9.0262, NLL: 1.0041, Masked: 13.2603, Reg: 1.152774
Epoch [51/57], Total Loss: 9.0316, NLL: 1.0040, Masked: 13.2694, Reg: 1.046421
Epoch [52/57], Total Loss: 9.0225, NLL: 1.0038, Masked: 13.2547, Reg: 0.945593
Epoch [53/57], Total Loss: 9.0272, NLL: 1.0036, Masked: 13.2626, Reg: 0.850352
Epoch [54/57], Total Loss: 9.0307, NLL: 1.0034, Masked: 13.2689, Reg: 0.760508
Epoch [55/57], Total Loss: 9.0323, NLL: 1.0033, Masked: 13.2716, Reg: 0.676146
Epoch [56/57], Total Loss: 9.0309, NLL: 1.0031, Masked: 13.2697, Reg: 0.597325
Epoch [57/57], Total Loss: 9.0300, NLL: 1.0030, Masked: 13.2684, Reg: 0.523841

==================================================
EVALUATING ON TRAINING DATA
==================================================

==================================================
TEST RESULTS
==================================================
Total Loss: 9.039037
  - ZINB NLL: 1.003084
Total number of masked values: 4545733
  - Number of values with pi >= 0.7: 4420922
  - Number of values with pi < 0.7: 124811
  - Masked Reconstruction: 13.283189
  - Regularization: 0.489029
Mean Absolute Error (MAE): 2.340719
R² Score: -0.042010
==================================================


==================================================
TEST RESULTS
==================================================
Total Loss: 9.775778
  - ZINB NLL: 1.012990
Total number of masked values: 1917787
  - Number of values with pi >= 0.7: 1840171
  - Number of values with pi < 0.7: 77616
  - Masked Reconstruction: 14.484624
  - Regularization: 0.489029
Mean Absolute Error (MAE): 2.385805
R² Score: -0.021897
==================================================


>>> Optimizing zinb_nll on VALIDATION set: 1.012990
>>> Full validation metrics: {'total_loss': 9.77577807267213, 'zinb_nll': 1.0129903594885403, 'mae': 2.385805368423462, 'r2': -0.021897196769714355, 'masked_loss': 14.484624014176928, 'reg_loss': 0.4890288242069491}

Iteration No: 25 ended. Search finished for the next optimal point.
Time taken: 1538.3746
Function value obtained: 1.0130
Current minimum: 1.0077
Iteration No: 26 started. Searching for the next optimal point.

================================================================================
Trial with parameters:
  features: Centr
  step_size: 0.25
  bin_size: 6
  sample_fraction: 0.25
  moving_average: True
  first_layer_size_factor: 100
  num_layers: 1
  use_conv: True
  conv_channel: 111
  pool_size: 5
  kernel_size: 9
  epochs: 150
  batch_size: 128
  pi_threshold: 0.34253229528389895
  learning_rate: 0.01
  dropout_rate: 0.5
  masked_recon_weight: 0.0033454214448542683
  regularizer: l2
  regularization_weight: 0.0019807984358097375
================================================================================

len(layers): 1
Creating datasets with:
  features: ['Centr']
  bin_size: 6
  moving_average: True
  data_point_length: 2000 (from 2000)
  step_size: 500 (from fraction 0.25)
  layers: [np.int64(1600)] (first=1600, num=1)
  stride: 1 (fixed), padding: same (fixed)
  Using pre-determined chromosome split


Clipping outliers using 95th percentile * 1.5...
strain_yTW001: Clipping values above 134.25 (P95=89.50). Clipped 27529/1193409 values (2.31%)
strain_FD: Clipping values above 71.92 (P95=47.94). Clipped 95791/4127807 values (2.32%)
strain_dnrp: Clipping values above 243.00 (P95=162.00). Clipped 25649/1119454 values (2.29%)
strain_yEK19: Clipping values above 77.10 (P95=51.40). Clipped 83713/3893623 values (2.15%)
strain_yEK23: Clipping values above 72.00 (P95=48.00). Clipped 86381/3558407 values (2.43%)
strain_yWT03a: Clipping values above 15.00 (P95=10.00). Clipped 10602/347679 values (3.05%)
strain_yWT04a: Clipping values above 58.50 (P95=39.00). Clipped 21095/725406 values (2.91%)
strain_ylic137: Clipping values above 142.50 (P95=95.00). Clipped 28746/1112684 values (2.58%)

Splitting data using pre-determined chromosomes...
Standardizing features: ['Centr']
Column order in final array (Dataset/Chrom split): ['Value', 'Centromere_Distance', 'Value_Raw', 'Size_Factor']
Removing 0 empty data points out of 110768
Column order in final array (Dataset/Chrom split): ['Value', 'Centromere_Distance', 'Value_Raw', 'Size_Factor']
Removing 0 empty data points out of 38952
Column order in final array (Dataset/Chrom split): ['Value', 'Centromere_Distance', 'Value_Raw', 'Size_Factor']
Removing 0 empty data points out of 43096
Datasets created with shapes:
  Train: (110768, 2000, 4)
  Val: (38952, 2000, 4)
  Test: (43096, 2000, 4)
Datasets created:
  Train: (110768, 2000, 4), Val: (38952, 2000, 4), Test: (43096, 2000, 4)

Randomly sampled 27692/110768 samples (25.0%)
Applied denoising with 15.0% masking
Applied denoising with 15.0% masking
Applied denoising with 15.0% masking
Number of encoder layers: 1
Number of decoder layers (excluding heads): 1
Total number of layers including latent layer: 3
Epoch [1/150], Total Loss: 43164.7426, NLL: 939.5085, Masked: 12621798.0605, Reg: 8.625635
Epoch [2/150], Total Loss: 1.7784, NLL: 1.7625, Masked: 4.7429, Reg: 0.449430
Epoch [3/150], Total Loss: 1.7914, NLL: 1.7755, Masked: 4.7427, Reg: 0.293258
Epoch [4/150], Total Loss: 1.7937, NLL: 1.7778, Masked: 4.7412, Reg: 0.286285
Epoch [5/150], Total Loss: 1.7853, NLL: 1.7695, Masked: 4.7267, Reg: 0.258461
Epoch [6/150], Total Loss: 1.7994, NLL: 1.7835, Masked: 4.7541, Reg: 0.356413
Epoch [7/150], Total Loss: 1.7897, NLL: 1.7739, Masked: 4.7342, Reg: 0.265159
Epoch [8/150], Total Loss: 1.8000, NLL: 1.7842, Masked: 4.7375, Reg: 0.359993
Epoch [9/150], Total Loss: 1.8065, NLL: 1.7906, Masked: 4.7721, Reg: 0.414373
Epoch [10/150], Total Loss: 1.7899, NLL: 1.7740, Masked: 4.7358, Reg: 0.254377
Epoch [11/150], Total Loss: 1.8153, NLL: 1.7994, Masked: 4.7561, Reg: 0.519410
Epoch [12/150], Total Loss: 1.8023, NLL: 1.7864, Masked: 4.7709, Reg: 0.416319
Epoch [13/150], Total Loss: 1.8068, NLL: 1.7910, Masked: 4.7470, Reg: 0.447167
Epoch [14/150], Total Loss: 1.8135, NLL: 1.7977, Masked: 4.7494, Reg: 0.541953
Epoch [15/150], Total Loss: 1.8015, NLL: 1.7856, Masked: 4.7489, Reg: 0.425783
Epoch [16/150], Total Loss: 1.8139, NLL: 1.7980, Masked: 4.7572, Reg: 0.517748
Epoch [17/150], Total Loss: 1.7940, NLL: 1.7781, Masked: 4.7430, Reg: 0.301274
Epoch [18/150], Total Loss: 1.7969, NLL: 1.7810, Masked: 4.7395, Reg: 0.299391
Epoch [19/150], Total Loss: 1.8094, NLL: 1.7935, Masked: 4.7499, Reg: 0.524549
Epoch [20/150], Total Loss: 1.8082, NLL: 1.7923, Masked: 4.7570, Reg: 0.553763
Epoch [21/150], Total Loss: 1.8075, NLL: 1.7916, Masked: 4.7498, Reg: 0.415965
Epoch [22/150], Total Loss: 1.7990, NLL: 1.7831, Masked: 4.7423, Reg: 0.366337
Epoch [23/150], Total Loss: 1.8122, NLL: 1.7963, Masked: 4.7652, Reg: 0.537590
Epoch [24/150], Total Loss: 1.7933, NLL: 1.7775, Masked: 4.7278, Reg: 0.304114
Epoch [25/150], Total Loss: 1.7998, NLL: 1.7839, Masked: 4.7511, Reg: 0.397072
Epoch [26/150], Total Loss: 1.7983, NLL: 1.7825, Masked: 4.7350, Reg: 0.394655
Epoch [27/150], Total Loss: 1.8207, NLL: 1.8048, Masked: 4.7695, Reg: 0.628627
Epoch [28/150], Total Loss: 3.4715, NLL: 1.7805, Masked: 505.4829, Reg: 0.395908
Epoch [29/150], Total Loss: 1.7884, NLL: 1.7725, Masked: 4.7325, Reg: 0.335410
Epoch [30/150], Total Loss: 1.7876, NLL: 1.7718, Masked: 4.7330, Reg: 0.252972
Epoch [31/150], Total Loss: 1.7901, NLL: 1.7742, Masked: 4.7380, Reg: 0.258316
Epoch [32/150], Total Loss: 1.7970, NLL: 1.7811, Masked: 4.7545, Reg: 0.440631
Epoch [33/150], Total Loss: 1.8048, NLL: 1.7889, Masked: 4.7557, Reg: 0.514305
Epoch [34/150], Total Loss: 1.7917, NLL: 1.7758, Masked: 4.7395, Reg: 0.338323
Epoch [35/150], Total Loss: 1.7881, NLL: 1.7723, Masked: 4.7351, Reg: 0.278226
Epoch [36/150], Total Loss: 1.7877, NLL: 1.7719, Masked: 4.7269, Reg: 0.286354
Epoch [37/150], Total Loss: 1.8011, NLL: 1.7853, Masked: 4.7444, Reg: 0.468209
Epoch [38/150], Total Loss: 1.8119, NLL: 1.7959, Masked: 4.7641, Reg: 0.564477
Epoch [39/150], Total Loss: 1.8203, NLL: 1.8044, Masked: 4.7671, Reg: 0.654534
Epoch [40/150], Total Loss: 1.7917, NLL: 1.7759, Masked: 4.7387, Reg: 0.333833
Epoch [41/150], Total Loss: 1.8164, NLL: 1.8004, Masked: 4.7641, Reg: 0.605989
Epoch [42/150], Total Loss: 1.8032, NLL: 1.7873, Masked: 4.7542, Reg: 0.426528
Epoch [43/150], Total Loss: 1.8053, NLL: 1.7894, Masked: 4.7434, Reg: 0.461281
Epoch [44/150], Total Loss: 1013.5834, NLL: 6.9226, Masked: 300906.9984, Reg: 5.622111
Epoch [45/150], Total Loss: 115.1648, NLL: 2.2963, Masked: 33738.1910, Reg: 4.216910
Epoch [46/150], Total Loss: 47.2235, NLL: 1.8710, Masked: 13556.5729, Reg: 1.759437
Epoch [47/150], Total Loss: 3.6297, NLL: 1.8115, Masked: 543.4710, Reg: 0.919182
Epoch [48/150], Total Loss: 3.0551, NLL: 1.8127, Masked: 371.3630, Reg: 0.749679
Epoch [49/150], Total Loss: 17.9890, NLL: 1.8687, Masked: 4818.6128, Reg: 1.212602
Epoch [50/150], Total Loss: 2.2182, NLL: 1.7921, Masked: 127.3629, Reg: 0.621253
Epoch [51/150], Total Loss: 17.6213, NLL: 1.8162, Masked: 4724.4019, Reg: 0.775352
Epoch [52/150], Total Loss: 1.8266, NLL: 1.8102, Masked: 4.9256, Reg: 0.715039
Epoch [53/150], Total Loss: 2.2097, NLL: 1.7959, Masked: 123.7055, Reg: 0.473936
Epoch [54/150], Total Loss: 2.8730, NLL: 1.8124, Masked: 317.0304, Reg: 0.635242
Epoch [55/150], Total Loss: 1.7946, NLL: 1.7788, Masked: 4.7361, Reg: 0.276993
Epoch [56/150], Total Loss: 1.7968, NLL: 1.7809, Masked: 4.7399, Reg: 0.239401
Epoch [57/150], Total Loss: 2.0382, NLL: 1.8172, Masked: 66.0665, Reg: 0.644547
Epoch [58/150], Total Loss: 2.6388, NLL: 1.7923, Masked: 253.0184, Reg: 0.296968
Epoch [59/150], Total Loss: 13.2552, NLL: 1.8508, Masked: 3408.9451, Reg: 1.201057
Epoch [60/150], Total Loss: 1.7965, NLL: 1.7807, Masked: 4.7373, Reg: 0.301388
Epoch [61/150], Total Loss: 1.7899, NLL: 1.7741, Masked: 4.7284, Reg: 0.207799
Epoch [62/150], Total Loss: 3.0972, NLL: 1.7977, Masked: 388.4462, Reg: 0.632533
Epoch [63/150], Total Loss: 2.2412, NLL: 1.7894, Masked: 135.0739, Reg: 0.603179
Epoch [64/150], Total Loss: 1.7904, NLL: 1.7745, Masked: 4.7303, Reg: 0.212805
Epoch [65/150], Total Loss: 1.8064, NLL: 1.7905, Masked: 4.7291, Reg: 0.350993
Epoch [66/150], Total Loss: 456.0505, NLL: 2.1574, Masked: 135675.9202, Reg: 1.349544
Epoch [67/150], Total Loss: 1.8180, NLL: 1.8021, Masked: 4.7462, Reg: 0.520439
Epoch [68/150], Total Loss: 1.7953, NLL: 1.7790, Masked: 4.8514, Reg: 0.272102
Epoch [69/150], Total Loss: 1.8045, NLL: 1.7886, Masked: 4.7365, Reg: 0.379095
Epoch [70/150], Total Loss: 2.7076, NLL: 1.8063, Masked: 269.4169, Reg: 1.010934
Epoch [71/150], Total Loss: 1.7921, NLL: 1.7763, Masked: 4.7294, Reg: 0.234224
Epoch [72/150], Total Loss: 1.8057, NLL: 1.7899, Masked: 4.7236, Reg: 0.378058
Epoch [73/150], Total Loss: 1.8018, NLL: 1.7859, Masked: 4.7350, Reg: 0.313532
Epoch [74/150], Total Loss: 1.8121, NLL: 1.7963, Masked: 4.7234, Reg: 0.434270
Epoch [75/150], Total Loss: 1.7976, NLL: 1.7818, Masked: 4.7349, Reg: 0.294774
Epoch [76/150], Total Loss: 138.8855, NLL: 2.2388, Masked: 40845.8927, Reg: 2.176122
Epoch [77/150], Total Loss: 1.8062, NLL: 1.7903, Masked: 4.7288, Reg: 0.549924
Epoch [78/150], Total Loss: 22.4401, NLL: 1.9268, Masked: 6131.7669, Reg: 0.669006
Epoch [79/150], Total Loss: 1.8023, NLL: 1.7865, Masked: 4.7307, Reg: 0.338994
Epoch [80/150], Total Loss: 1.8091, NLL: 1.7932, Masked: 4.7402, Reg: 0.332198
Epoch [81/150], Total Loss: 424.8881, NLL: 2.3802, Masked: 126294.3679, Reg: 2.057608
Epoch [82/150], Total Loss: 2.6746, NLL: 1.8147, Masked: 257.0367, Reg: 0.762822
Epoch [83/150], Total Loss: 1.8036, NLL: 1.7877, Masked: 4.7489, Reg: 0.541268
Epoch [84/150], Total Loss: 9.0141, NLL: 1.8327, Masked: 2146.6198, Reg: 0.629633
Epoch [85/150], Total Loss: 28.4979, NLL: 1.8402, Masked: 7968.4037, Reg: 1.697646
Epoch [86/150], Total Loss: 123.9877, NLL: 2.1780, Masked: 36410.8442, Reg: 2.209479
Epoch [87/150], Total Loss: 41.4340, NLL: 1.8627, Masked: 11828.5017, Reg: 1.069123
Epoch [88/150], Total Loss: 219.6762, NLL: 2.0419, Masked: 65054.3935, Reg: 1.652428
Epoch [89/150], Total Loss: 2.2137, NLL: 1.7945, Masked: 125.3035, Reg: 0.602486
Epoch [90/150], Total Loss: 4.6691, NLL: 1.7949, Masked: 859.1462, Reg: 0.565196
Epoch [91/150], Total Loss: 1.8012, NLL: 1.7854, Masked: 4.7367, Reg: 0.354270
Epoch [92/150], Total Loss: 3.9286, NLL: 1.7913, Masked: 638.8689, Reg: 0.350623
Epoch [93/150], Total Loss: 6.2813, NLL: 1.8359, Masked: 1328.8131, Reg: 1.152169
Epoch [94/150], Total Loss: 2.2752, NLL: 1.8071, Masked: 139.9288, Reg: 0.577865
Epoch [95/150], Total Loss: 1.8147, NLL: 1.7990, Masked: 4.7187, Reg: 0.372173
Epoch [96/150], Total Loss: 1.7955, NLL: 1.7796, Masked: 4.7349, Reg: 0.286637
Epoch [97/150], Total Loss: 1.8157, NLL: 1.7993, Masked: 4.8996, Reg: 0.384538
Epoch [98/150], Total Loss: 1.7907, NLL: 1.7749, Masked: 4.7349, Reg: 0.195157
Epoch [99/150], Total Loss: 3.1239, NLL: 1.8048, Masked: 394.3093, Reg: 0.947327
Epoch [100/150], Total Loss: 1.8148, NLL: 1.7990, Masked: 4.7296, Reg: 0.506512
Epoch [101/150], Total Loss: 100.4162, NLL: 1.9297, Masked: 29439.2051, Reg: 0.921980
Epoch [102/150], Total Loss: 2.2427, NLL: 1.7956, Masked: 133.6334, Reg: 0.488517
Epoch [103/150], Total Loss: 2.2299, NLL: 1.7998, Masked: 128.5491, Reg: 0.442156
Epoch [104/150], Total Loss: 1.7939, NLL: 1.7781, Masked: 4.7275, Reg: 0.254533
Epoch [105/150], Total Loss: 3.4641, NLL: 1.8269, Masked: 489.4040, Reg: 0.963265
Epoch [106/150], Total Loss: 3.4022, NLL: 1.7916, Masked: 481.4319, Reg: 0.408427
Epoch [107/150], Total Loss: 3.5246, NLL: 1.7906, Masked: 518.3225, Reg: 0.488614
Epoch [108/150], Total Loss: 343.0662, NLL: 4.9043, Masked: 101082.0016, Reg: 1.853797
Epoch [109/150], Total Loss: 4.2020, NLL: 1.8069, Masked: 715.9395, Reg: 1.059212
Epoch [110/150], Total Loss: 121.4484, NLL: 2.0818, Masked: 35680.5907, Reg: 1.920876
Epoch [111/150], Total Loss: 76.2794, NLL: 1.9049, Masked: 22231.7250, Reg: 1.659994
Epoch [112/150], Total Loss: 3.5993, NLL: 1.8081, Masked: 535.4234, Reg: 0.819475
Epoch [113/150], Total Loss: 149.2558, NLL: 2.0641, Masked: 43997.9545, Reg: 2.067550
Epoch [114/150], Total Loss: 2.7747, NLL: 1.8048, Masked: 289.9341, Reg: 0.775526
Epoch [115/150], Total Loss: 3.5986, NLL: 1.8143, Masked: 533.3589, Reg: 0.611990
Epoch [116/150], Total Loss: 1.7960, NLL: 1.7802, Masked: 4.7383, Reg: 0.254872
Epoch [117/150], Total Loss: 1.8009, NLL: 1.7850, Masked: 4.7582, Reg: 0.293193
Epoch [118/150], Total Loss: 8.8210, NLL: 1.8298, Masked: 2089.7816, Reg: 1.294477
Epoch [119/150], Total Loss: 21.6121, NLL: 1.9222, Masked: 5885.6154, Reg: 0.907932
Epoch [120/150], Total Loss: 4.4324, NLL: 1.8251, Masked: 779.3792, Reg: 0.970078
Epoch [121/150], Total Loss: 2.2980, NLL: 1.8111, Masked: 145.5324, Reg: 0.861393
Epoch [122/150], Total Loss: 1.8030, NLL: 1.7872, Masked: 4.7346, Reg: 0.325318
Epoch [123/150], Total Loss: 1.8274, NLL: 1.8113, Masked: 4.8128, Reg: 0.494251
Epoch [124/150], Total Loss: 84.7583, NLL: 2.1548, Masked: 24691.5140, Reg: 1.310288
Epoch [125/150], Total Loss: 1.7920, NLL: 1.7761, Masked: 4.7380, Reg: 0.266391
Epoch [126/150], Total Loss: 1.8041, NLL: 1.7883, Masked: 4.7285, Reg: 0.293190
Epoch [127/150], Total Loss: 7.0409, NLL: 1.8463, Masked: 1552.7462, Reg: 0.882857
Epoch [128/150], Total Loss: 13.8719, NLL: 1.8232, Masked: 3601.5621, Reg: 0.681223
Epoch [129/150], Total Loss: 1.7971, NLL: 1.7813, Masked: 4.7294, Reg: 0.303049
Epoch [130/150], Total Loss: 5.0011, NLL: 1.8390, Masked: 945.1881, Reg: 1.155561
Epoch [131/150], Total Loss: 1.8010, NLL: 1.7852, Masked: 4.7342, Reg: 0.422918
Epoch [132/150], Total Loss: 1.8096, NLL: 1.7938, Masked: 4.7237, Reg: 0.372917
Epoch [133/150], Total Loss: 3.2007, NLL: 1.8065, Masked: 416.7573, Reg: 0.688699
Epoch [134/150], Total Loss: 33.0109, NLL: 1.9695, Masked: 9278.7850, Reg: 0.535259
Epoch [135/150], Total Loss: 1.8002, NLL: 1.7843, Masked: 4.7305, Reg: 0.362093
Epoch [136/150], Total Loss: 1.8085, NLL: 1.7927, Masked: 4.7259, Reg: 0.425849
Epoch [137/150], Total Loss: 1.7896, NLL: 1.7738, Masked: 4.7352, Reg: 0.205868
Epoch [138/150], Total Loss: 1.7895, NLL: 1.7737, Masked: 4.7366, Reg: 0.189011
Epoch [139/150], Total Loss: 1.8008, NLL: 1.7849, Masked: 4.7397, Reg: 0.293144
Epoch [140/150], Total Loss: 1.8125, NLL: 1.7966, Masked: 4.7319, Reg: 0.470970
Epoch [141/150], Total Loss: 1.7989, NLL: 1.7830, Masked: 4.7523, Reg: 0.344778
Epoch [142/150], Total Loss: 1.8072, NLL: 1.7914, Masked: 4.7321, Reg: 0.435511
Epoch [143/150], Total Loss: 420.2276, NLL: 3.9549, Masked: 124430.5399, Reg: 2.588852
Epoch [144/150], Total Loss: 567.7566, NLL: 7.1496, Masked: 167574.4025, Reg: 3.586111
Epoch [145/150], Total Loss: 2.3114, NLL: 1.8127, Masked: 149.0729, Reg: 1.551614
Epoch [146/150], Total Loss: 2.2494, NLL: 1.8016, Masked: 133.8443, Reg: 0.885139
Epoch [147/150], Total Loss: 6.1856, NLL: 1.8082, Masked: 1308.4600, Reg: 0.730548
Epoch [148/150], Total Loss: 10.4821, NLL: 1.8415, Masked: 2582.8314, Reg: 0.691919
Epoch [149/150], Total Loss: 1.8103, NLL: 1.7944, Masked: 4.7545, Reg: 0.464919
Epoch [150/150], Total Loss: 1.8122, NLL: 1.7964, Masked: 4.7292, Reg: 0.384755

==================================================
EVALUATING ON TRAINING DATA
==================================================

==================================================
TEST RESULTS
==================================================
Total Loss: 1.774706
  - ZINB NLL: 1.758894
Total number of masked values: 3835311
  - Number of values with pi >= 0.34253229528389895: 2590345
  - Number of values with pi < 0.34253229528389895: 1244966
  - Masked Reconstruction: 4.726679
  - Regularization: 0.651492
Mean Absolute Error (MAE): 2.690509
R² Score: -0.103896
==================================================


==================================================
TEST RESULTS
==================================================
Total Loss: 1.798559
  - ZINB NLL: 1.783415
Total number of masked values: 5410360
  - Number of values with pi >= 0.34253229528389895: 3628253
  - Number of values with pi < 0.34253229528389895: 1782107
  - Masked Reconstruction: 4.526639
  - Regularization: 0.651492
Mean Absolute Error (MAE): 2.787981
R² Score: -0.090789
==================================================


>>> Optimizing zinb_nll on VALIDATION set: 1.783415
>>> Full validation metrics: {'total_loss': 1.798558744862232, 'zinb_nll': 1.7834152264574465, 'mae': 2.787980794906616, 'r2': -0.09078896045684814, 'masked_loss': 4.526638612925431, 'reg_loss': 0.6514919077976838}

Iteration No: 26 ended. Search finished for the next optimal point.
Time taken: 1479.6086
Function value obtained: 1.7834
Current minimum: 1.0077
Iteration No: 27 started. Searching for the next optimal point.

================================================================================
Trial with parameters:
  features: Centr
  step_size: 0.27683450697895096
  bin_size: 1
  sample_fraction: 0.25
  moving_average: False
  first_layer_size_factor: 100
  num_layers: 1
  use_conv: True
  conv_channel: 109
  pool_size: 2
  kernel_size: 9
  epochs: 150
  batch_size: 32
  pi_threshold: 0.3
  learning_rate: 0.01
  dropout_rate: 0.5
  masked_recon_weight: 2.6627474908333264
  regularizer: l1
  regularization_weight: 0.0017379764630387677
================================================================================

len(layers): 1
Creating datasets with:
  features: ['Centr']
  bin_size: 1
  moving_average: False
  data_point_length: 2000 (from 2000)
  step_size: 553 (from fraction 0.27683450697895096)
  layers: [np.int64(1600)] (first=1600, num=1)
  stride: 1 (fixed), padding: same (fixed)
  Using pre-determined chromosome split


Clipping outliers using 95th percentile * 1.5...
strain_yTW001: Clipping values above 134.25 (P95=89.50). Clipped 27529/1193409 values (2.31%)
strain_FD: Clipping values above 71.92 (P95=47.94). Clipped 95791/4127807 values (2.32%)
strain_dnrp: Clipping values above 243.00 (P95=162.00). Clipped 25649/1119454 values (2.29%)
strain_yEK19: Clipping values above 77.10 (P95=51.40). Clipped 83713/3893623 values (2.15%)
strain_yEK23: Clipping values above 72.00 (P95=48.00). Clipped 86381/3558407 values (2.43%)
strain_yWT03a: Clipping values above 15.00 (P95=10.00). Clipped 10602/347679 values (3.05%)
strain_yWT04a: Clipping values above 58.50 (P95=39.00). Clipped 21095/725406 values (2.91%)
strain_ylic137: Clipping values above 142.50 (P95=95.00). Clipped 28746/1112684 values (2.58%)

Splitting data using pre-determined chromosomes...
Standardizing features: ['Centr']
Column order in final array (Dataset/Chrom split): ['Value', 'Centromere_Distance', 'Value_Raw', 'Size_Factor']
Removing 0 empty data points out of 100160
Column order in final array (Dataset/Chrom split): ['Value', 'Centromere_Distance', 'Value_Raw', 'Size_Factor']
Removing 0 empty data points out of 35216
Column order in final array (Dataset/Chrom split): ['Value', 'Centromere_Distance', 'Value_Raw', 'Size_Factor']
Removing 0 empty data points out of 38968
Datasets created with shapes:
  Train: (100160, 2000, 4)
  Val: (35216, 2000, 4)
  Test: (38968, 2000, 4)
Datasets created:
  Train: (100160, 2000, 4), Val: (35216, 2000, 4), Test: (38968, 2000, 4)

Randomly sampled 25040/100160 samples (25.0%)
Applied denoising with 15.0% masking
Applied denoising with 15.0% masking
Applied denoising with 15.0% masking
Number of encoder layers: 1
Number of decoder layers (excluding heads): 1
Total number of layers including latent layer: 3
Epoch [1/150], Total Loss: 297921.6816, NLL: 8.1704, Masked: 111255.2122, Reg: 1668.986724
Epoch [2/150], Total Loss: 383.0170, NLL: 1.2864, Masked: 13.3325, Reg: 346.229424
Epoch [3/150], Total Loss: 374.6606, NLL: 1.2864, Masked: 13.3629, Reg: 337.792109
Epoch [4/150], Total Loss: 372.1527, NLL: 1.2864, Masked: 13.3456, Reg: 335.330315
Epoch [5/150], Total Loss: 371.3191, NLL: 1.2864, Masked: 13.3475, Reg: 334.491585
Epoch [6/150], Total Loss: 370.9349, NLL: 1.2864, Masked: 13.3171, Reg: 334.188496
Epoch [7/150], Total Loss: 370.6725, NLL: 1.2864, Masked: 13.3016, Reg: 333.967234
Epoch [8/150], Total Loss: 370.6820, NLL: 1.2864, Masked: 13.3622, Reg: 333.815569
Epoch [9/150], Total Loss: 370.4479, NLL: 1.2864, Masked: 13.3141, Reg: 333.709466
Epoch [10/150], Total Loss: 370.5494, NLL: 1.2864, Masked: 13.3301, Reg: 333.768426
Epoch [11/150], Total Loss: 370.6865, NLL: 1.2864, Masked: 13.3302, Reg: 333.905222
Epoch [12/150], Total Loss: 370.8623, NLL: 1.2864, Masked: 13.3193, Reg: 334.110142
Epoch [13/150], Total Loss: 371.1480, NLL: 1.2864, Masked: 13.3451, Reg: 334.326943
Epoch [14/150], Total Loss: 371.2354, NLL: 1.2864, Masked: 13.3406, Reg: 334.426262
Epoch [15/150], Total Loss: 371.2538, NLL: 1.2864, Masked: 13.3347, Reg: 334.460347
Epoch [16/150], Total Loss: 371.2478, NLL: 1.2864, Masked: 13.3369, Reg: 334.448743
Epoch [17/150], Total Loss: 371.0614, NLL: 1.2864, Masked: 13.3212, Reg: 334.304095
Epoch [18/150], Total Loss: 371.0305, NLL: 1.2864, Masked: 13.3396, Reg: 334.224265
Epoch [19/150], Total Loss: 371.1362, NLL: 1.2864, Masked: 13.3342, Reg: 334.344266
Epoch [20/150], Total Loss: 371.3346, NLL: 1.2864, Masked: 13.3467, Reg: 334.509301
Epoch [21/150], Total Loss: 371.3896, NLL: 1.2864, Masked: 13.3322, Reg: 334.602966
Epoch [22/150], Total Loss: 371.3732, NLL: 1.2864, Masked: 13.3332, Reg: 334.583905
Epoch [23/150], Total Loss: 371.2596, NLL: 1.2864, Masked: 13.3422, Reg: 334.446379
Epoch [24/150], Total Loss: 371.1410, NLL: 1.2864, Masked: 13.3281, Reg: 334.365357
Epoch [25/150], Total Loss: 371.0025, NLL: 1.2864, Masked: 13.3240, Reg: 334.237773
Epoch [26/150], Total Loss: 371.0092, NLL: 1.2864, Masked: 13.3289, Reg: 334.231269
Epoch [27/150], Total Loss: 371.1216, NLL: 1.2864, Masked: 13.3399, Reg: 334.314339
Epoch [28/150], Total Loss: 371.1621, NLL: 1.2864, Masked: 13.3302, Reg: 334.380709
Epoch [29/150], Total Loss: 371.1458, NLL: 1.2864, Masked: 13.3291, Reg: 334.367368
Epoch [30/150], Total Loss: 371.0746, NLL: 1.2864, Masked: 13.3354, Reg: 334.279355
Epoch [31/150], Total Loss: 370.9749, NLL: 1.2864, Masked: 13.3368, Reg: 334.176058
Epoch [32/150], Total Loss: 370.9228, NLL: 1.2864, Masked: 13.3183, Reg: 334.173293
Epoch [33/150], Total Loss: 370.9811, NLL: 1.2864, Masked: 13.3319, Reg: 334.195320
Epoch [34/150], Total Loss: 371.1751, NLL: 1.2864, Masked: 13.3390, Reg: 334.370406
Epoch [35/150], Total Loss: 371.3129, NLL: 1.2864, Masked: 13.3206, Reg: 334.557147
Epoch [36/150], Total Loss: 371.4473, NLL: 1.2864, Masked: 13.3407, Reg: 334.638008
Epoch [37/150], Total Loss: 371.4564, NLL: 1.2864, Masked: 13.3319, Reg: 334.670645
Epoch [38/150], Total Loss: 371.4023, NLL: 1.2864, Masked: 13.3460, Reg: 334.579071
Epoch [39/150], Total Loss: 371.3532, NLL: 1.2864, Masked: 13.3336, Reg: 334.562879
Epoch [40/150], Total Loss: 371.3728, NLL: 1.2864, Masked: 13.3161, Reg: 334.628931
Epoch [41/150], Total Loss: 371.4894, NLL: 1.2864, Masked: 13.3405, Reg: 334.680606
Epoch [42/150], Total Loss: 371.6711, NLL: 1.2864, Masked: 13.3368, Reg: 334.872171
Epoch [43/150], Total Loss: 371.6907, NLL: 1.2864, Masked: 13.3068, Reg: 334.971781
Epoch [44/150], Total Loss: 371.7772, NLL: 1.2864, Masked: 13.3215, Reg: 335.019081
Epoch [45/150], Total Loss: 371.7455, NLL: 1.2864, Masked: 13.3335, Reg: 334.955472
Epoch [46/150], Total Loss: 371.5666, NLL: 1.2864, Masked: 13.3324, Reg: 334.779332
Epoch [47/150], Total Loss: 371.5206, NLL: 1.2864, Masked: 13.3340, Reg: 334.729206
Epoch [48/150], Total Loss: 371.5471, NLL: 1.2864, Masked: 13.3209, Reg: 334.790577
Epoch [49/150], Total Loss: 371.6149, NLL: 1.2864, Masked: 13.3345, Reg: 334.822195
Epoch [50/150], Total Loss: 371.7246, NLL: 1.2864, Masked: 13.3295, Reg: 334.945296
Epoch [51/150], Total Loss: 371.7128, NLL: 1.2864, Masked: 13.3266, Reg: 334.941044
Epoch [52/150], Total Loss: 371.6905, NLL: 1.2864, Masked: 13.3286, Reg: 334.913394
Epoch [53/150], Total Loss: 371.7235, NLL: 1.2864, Masked: 13.3502, Reg: 334.888851
Epoch [54/150], Total Loss: 371.6273, NLL: 1.2864, Masked: 13.3219, Reg: 334.868161
Epoch [55/150], Total Loss: 371.7216, NLL: 1.2864, Masked: 13.3452, Reg: 334.900310
Epoch [56/150], Total Loss: 371.7762, NLL: 1.2864, Masked: 13.3241, Reg: 335.011270
Epoch [57/150], Total Loss: 371.9182, NLL: 1.2864, Masked: 13.3456, Reg: 335.095876
Epoch [58/150], Total Loss: 371.9033, NLL: 1.2864, Masked: 13.3353, Reg: 335.108464
Epoch [59/150], Total Loss: 371.8758, NLL: 1.2864, Masked: 13.3287, Reg: 335.098445
Epoch [60/150], Total Loss: 371.7677, NLL: 1.2864, Masked: 13.3173, Reg: 335.020556
Epoch [61/150], Total Loss: 371.7546, NLL: 1.2864, Masked: 13.3382, Reg: 334.952031
Epoch [62/150], Total Loss: 371.7646, NLL: 1.2864, Masked: 13.3352, Reg: 334.970034
Epoch [63/150], Total Loss: 371.7612, NLL: 1.2864, Masked: 13.3251, Reg: 334.993384
Epoch [64/150], Total Loss: 371.8595, NLL: 1.2864, Masked: 13.3176, Reg: 335.111651
Epoch [65/150], Total Loss: 371.8090, NLL: 1.2864, Masked: 13.3289, Reg: 335.031254
Epoch [66/150], Total Loss: 371.7543, NLL: 1.2864, Masked: 13.3312, Reg: 334.970365
Epoch [67/150], Total Loss: 371.7229, NLL: 1.2864, Masked: 13.3251, Reg: 334.955085
Epoch [68/150], Total Loss: 371.6809, NLL: 1.2864, Masked: 13.3418, Reg: 334.868646
Epoch [69/150], Total Loss: 371.7312, NLL: 1.2864, Masked: 13.3435, Reg: 334.914525
Epoch [70/150], Total Loss: 371.7936, NLL: 1.2864, Masked: 13.3347, Reg: 335.000211
Epoch [71/150], Total Loss: 371.8524, NLL: 1.2864, Masked: 13.3312, Reg: 335.068541
Epoch [72/150], Total Loss: 372.0353, NLL: 1.2864, Masked: 13.3363, Reg: 335.237680
Epoch [73/150], Total Loss: 371.9821, NLL: 1.2864, Masked: 13.3218, Reg: 335.223199
Epoch [74/150], Total Loss: 371.9904, NLL: 1.2864, Masked: 13.3276, Reg: 335.216047
Epoch [75/150], Total Loss: 371.9918, NLL: 1.2864, Masked: 13.3428, Reg: 335.176904
Epoch [76/150], Total Loss: 371.9191, NLL: 1.2864, Masked: 13.3345, Reg: 335.126282
Epoch [77/150], Total Loss: 371.9510, NLL: 1.2864, Masked: 13.3285, Reg: 335.174217
Epoch [78/150], Total Loss: 371.9475, NLL: 1.2864, Masked: 13.3357, Reg: 335.151477
Epoch [79/150], Total Loss: 371.9671, NLL: 1.2864, Masked: 13.3244, Reg: 335.201328
Epoch [80/150], Total Loss: 371.9951, NLL: 1.2864, Masked: 13.3217, Reg: 335.236359
Epoch [81/150], Total Loss: 371.9550, NLL: 1.2864, Masked: 13.3322, Reg: 335.168208
Epoch [82/150], Total Loss: 371.9321, NLL: 1.2864, Masked: 13.3165, Reg: 335.187172
Epoch [83/150], Total Loss: 371.9463, NLL: 1.2864, Masked: 13.3360, Reg: 335.149362
Epoch [84/150], Total Loss: 371.9824, NLL: 1.2864, Masked: 13.3431, Reg: 335.166623
Epoch [85/150], Total Loss: 371.9326, NLL: 1.2864, Masked: 13.3316, Reg: 335.147532
Epoch [86/150], Total Loss: 371.9750, NLL: 1.2864, Masked: 13.3533, Reg: 335.132185
Epoch [87/150], Total Loss: 371.9500, NLL: 1.2864, Masked: 13.3438, Reg: 335.132471
Epoch [88/150], Total Loss: 371.8769, NLL: 1.2864, Masked: 13.3378, Reg: 335.075246
Epoch [89/150], Total Loss: 371.7419, NLL: 1.2864, Masked: 13.3353, Reg: 334.946890
Epoch [90/150], Total Loss: 371.6488, NLL: 1.2864, Masked: 13.3312, Reg: 334.864850
Epoch [91/150], Total Loss: 371.5884, NLL: 1.2864, Masked: 13.3360, Reg: 334.791688
Epoch [92/150], Total Loss: 371.5824, NLL: 1.2864, Masked: 13.3298, Reg: 334.802090
Epoch [93/150], Total Loss: 371.5710, NLL: 1.2864, Masked: 13.3318, Reg: 334.785447
Epoch [94/150], Total Loss: 371.5417, NLL: 1.2864, Masked: 13.3288, Reg: 334.764089
Epoch [95/150], Total Loss: 371.5377, NLL: 1.2864, Masked: 13.3387, Reg: 334.733654
Epoch [96/150], Total Loss: 371.5122, NLL: 1.2864, Masked: 13.3351, Reg: 334.717702
Epoch [97/150], Total Loss: 371.4830, NLL: 1.2864, Masked: 13.3387, Reg: 334.679187
Epoch [98/150], Total Loss: 371.4313, NLL: 1.2864, Masked: 13.3297, Reg: 334.651261
Epoch [99/150], Total Loss: 371.4859, NLL: 1.2864, Masked: 13.3201, Reg: 334.731545
Epoch [100/150], Total Loss: 371.6176, NLL: 1.2864, Masked: 13.3368, Reg: 334.818667
Epoch [101/150], Total Loss: 371.7445, NLL: 1.2864, Masked: 13.3263, Reg: 334.973594
Epoch [102/150], Total Loss: 371.8924, NLL: 1.2864, Masked: 13.3417, Reg: 335.080582
Epoch [103/150], Total Loss: 371.9213, NLL: 1.2864, Masked: 13.3343, Reg: 335.129178
Epoch [104/150], Total Loss: 371.9892, NLL: 1.2864, Masked: 13.3184, Reg: 335.239339
Epoch [105/150], Total Loss: 371.9150, NLL: 1.2864, Masked: 13.3154, Reg: 335.173218
Epoch [106/150], Total Loss: 371.9704, NLL: 1.2864, Masked: 13.3111, Reg: 335.239870
Epoch [107/150], Total Loss: 372.0989, NLL: 1.2864, Masked: 13.3365, Reg: 335.300911
Epoch [108/150], Total Loss: 372.0570, NLL: 1.2864, Masked: 13.3264, Reg: 335.285882
Epoch [109/150], Total Loss: 372.0363, NLL: 1.2864, Masked: 13.3078, Reg: 335.314718
Epoch [110/150], Total Loss: 372.0421, NLL: 1.2864, Masked: 13.3348, Reg: 335.248495
Epoch [111/150], Total Loss: 371.9661, NLL: 1.2864, Masked: 13.3393, Reg: 335.160429
Epoch [112/150], Total Loss: 371.8785, NLL: 1.2864, Masked: 13.3185, Reg: 335.128296
Epoch [113/150], Total Loss: 371.7732, NLL: 1.2864, Masked: 13.3308, Reg: 334.990240
Epoch [114/150], Total Loss: 371.7521, NLL: 1.2864, Masked: 13.3269, Reg: 334.979623
Epoch [115/150], Total Loss: 371.7724, NLL: 1.2864, Masked: 13.3350, Reg: 334.978282
Epoch [116/150], Total Loss: 371.7654, NLL: 1.2864, Masked: 13.3358, Reg: 334.969072
Epoch [117/150], Total Loss: 371.7931, NLL: 1.2864, Masked: 13.3337, Reg: 335.002517
Epoch [118/150], Total Loss: 371.6621, NLL: 1.2864, Masked: 13.3166, Reg: 334.916931
Epoch [119/150], Total Loss: 371.6969, NLL: 1.2864, Masked: 13.3362, Reg: 334.899480
Epoch [120/150], Total Loss: 371.6944, NLL: 1.2864, Masked: 13.3179, Reg: 334.945929
Epoch [121/150], Total Loss: 371.6888, NLL: 1.2864, Masked: 13.3190, Reg: 334.937276
Epoch [122/150], Total Loss: 371.7543, NLL: 1.2864, Masked: 13.3188, Reg: 335.003267
Epoch [123/150], Total Loss: 371.8682, NLL: 1.2864, Masked: 13.3388, Reg: 335.064143
Epoch [124/150], Total Loss: 371.9079, NLL: 1.2864, Masked: 13.3429, Reg: 335.092645
Epoch [125/150], Total Loss: 371.8564, NLL: 1.2864, Masked: 13.3164, Reg: 335.111888
Epoch [126/150], Total Loss: 371.9363, NLL: 1.2864, Masked: 13.3334, Reg: 335.146342
Epoch [127/150], Total Loss: 371.9199, NLL: 1.2864, Masked: 13.3121, Reg: 335.186935
Epoch [128/150], Total Loss: 372.0378, NLL: 1.2864, Masked: 13.3172, Reg: 335.290993
Epoch [129/150], Total Loss: 372.1421, NLL: 1.2864, Masked: 13.3439, Reg: 335.324419
Epoch [130/150], Total Loss: 372.1982, NLL: 1.2864, Masked: 13.3295, Reg: 335.418763
Epoch [131/150], Total Loss: 372.2818, NLL: 1.2864, Masked: 13.3373, Reg: 335.481597
Epoch [132/150], Total Loss: 372.3352, NLL: 1.2864, Masked: 13.3383, Reg: 335.532317
Epoch [133/150], Total Loss: 372.3141, NLL: 1.2864, Masked: 13.3197, Reg: 335.560820
Epoch [134/150], Total Loss: 372.4123, NLL: 1.2864, Masked: 13.3459, Reg: 335.589212
Epoch [135/150], Total Loss: 372.4069, NLL: 1.2864, Masked: 13.3315, Reg: 335.622057
Epoch [136/150], Total Loss: 372.4326, NLL: 1.2864, Masked: 13.3199, Reg: 335.678626
Epoch [137/150], Total Loss: 372.4636, NLL: 1.2864, Masked: 13.3356, Reg: 335.667847
Epoch [138/150], Total Loss: 372.4111, NLL: 1.2864, Masked: 13.3360, Reg: 335.614249
Epoch [139/150], Total Loss: 372.4110, NLL: 1.2864, Masked: 13.3400, Reg: 335.603442
Epoch [140/150], Total Loss: 372.3221, NLL: 1.2864, Masked: 13.3180, Reg: 335.573210
Epoch [141/150], Total Loss: 372.3767, NLL: 1.2864, Masked: 13.3477, Reg: 335.548737
Epoch [142/150], Total Loss: 372.2634, NLL: 1.2864, Masked: 13.3153, Reg: 335.521637
Epoch [143/150], Total Loss: 372.2829, NLL: 1.2864, Masked: 13.3363, Reg: 335.485355
Epoch [144/150], Total Loss: 372.2943, NLL: 1.2864, Masked: 13.3346, Reg: 335.501246
Epoch [145/150], Total Loss: 372.2476, NLL: 1.2864, Masked: 13.3392, Reg: 335.442361
Epoch [146/150], Total Loss: 372.2397, NLL: 1.2864, Masked: 13.3355, Reg: 335.444263
Epoch [147/150], Total Loss: 372.2528, NLL: 1.2864, Masked: 13.3330, Reg: 335.464144
Epoch [148/150], Total Loss: 372.2786, NLL: 1.2864, Masked: 13.3304, Reg: 335.496808
Epoch [149/150], Total Loss: 372.2945, NLL: 1.2864, Masked: 13.3183, Reg: 335.544802
Epoch [150/150], Total Loss: 372.3751, NLL: 1.2864, Masked: 13.3327, Reg: 335.587189

==================================================
EVALUATING ON TRAINING DATA
==================================================

==================================================
TEST RESULTS
==================================================
Total Loss: 386.964179
  - ZINB NLL: 1.286363
Total number of masked values: 1232110
  - Number of values with pi >= 0.3: 1232110
  - Number of values with pi < 0.3: 0
  - Masked Reconstruction: 13.335632
  - Regularization: 350.168394
Mean Absolute Error (MAE): 2.206913
R² Score: -0.042186
==================================================


==================================================
TEST RESULTS
==================================================
Total Loss: 390.555996
  - ZINB NLL: 1.288123
Total number of masked values: 1733809
  - Number of values with pi >= 0.3: 1733809
  - Number of values with pi < 0.3: 0
  - Masked Reconstruction: 14.683885
  - Regularization: 350.168394
Mean Absolute Error (MAE): 2.285515
R² Score: -0.042006
==================================================


>>> Optimizing zinb_nll on VALIDATION set: 1.288123
>>> Full validation metrics: {'total_loss': 390.55599649750826, 'zinb_nll': 1.2881228667343274, 'mae': 2.2855148315429688, 'r2': -0.04200613498687744, 'masked_loss': 14.683885404490601, 'reg_loss': 350.1683939171638}

Iteration No: 27 ended. Search finished for the next optimal point.
Time taken: 6704.6305
Function value obtained: 1.2881
Current minimum: 1.0077
Iteration No: 28 started. Searching for the next optimal point.

================================================================================
Trial with parameters:
  features: Centr
  step_size: 0.9814339937462463
  bin_size: 1
  sample_fraction: 0.6478287838978778
  moving_average: False
  first_layer_size_factor: 100
  num_layers: 4
  use_conv: True
  conv_channel: 45
  pool_size: 6
  kernel_size: 9
  epochs: 149
  batch_size: 32
  pi_threshold: 0.48185017068941416
  learning_rate: 0.00043662187846040624
  dropout_rate: 0.4280814564107801
  masked_recon_weight: 0.0036168736896651475
  regularizer: l2
  regularization_weight: 0.0017619897863622228
================================================================================

len(layers): 4
Creating datasets with:
  features: ['Centr']
  bin_size: 1
  moving_average: False
  data_point_length: 2000 (from 2000)
  step_size: 1962 (from fraction 0.9814339937462463)
  layers: [np.int64(1600), np.int64(800), np.int64(400), np.int64(200)] (first=1600, num=4)
  stride: 1 (fixed), padding: same (fixed)
  Using pre-determined chromosome split


Clipping outliers using 95th percentile * 1.5...
strain_yTW001: Clipping values above 134.25 (P95=89.50). Clipped 27529/1193409 values (2.31%)
strain_FD: Clipping values above 71.92 (P95=47.94). Clipped 95791/4127807 values (2.32%)
strain_dnrp: Clipping values above 243.00 (P95=162.00). Clipped 25649/1119454 values (2.29%)
strain_yEK19: Clipping values above 77.10 (P95=51.40). Clipped 83713/3893623 values (2.15%)
strain_yEK23: Clipping values above 72.00 (P95=48.00). Clipped 86381/3558407 values (2.43%)
strain_yWT03a: Clipping values above 15.00 (P95=10.00). Clipped 10602/347679 values (3.05%)
strain_yWT04a: Clipping values above 58.50 (P95=39.00). Clipped 21095/725406 values (2.91%)
strain_ylic137: Clipping values above 142.50 (P95=95.00). Clipped 28746/1112684 values (2.58%)

Splitting data using pre-determined chromosomes...
Standardizing features: ['Centr']
Column order in final array (Dataset/Chrom split): ['Value', 'Centromere_Distance', 'Value_Raw', 'Size_Factor']
Removing 0 empty data points out of 28320
Column order in final array (Dataset/Chrom split): ['Value', 'Centromere_Distance', 'Value_Raw', 'Size_Factor']
Removing 0 empty data points out of 9952
Column order in final array (Dataset/Chrom split): ['Value', 'Centromere_Distance', 'Value_Raw', 'Size_Factor']
Removing 0 empty data points out of 11024
Datasets created with shapes:
  Train: (28320, 2000, 4)
  Val: (9952, 2000, 4)
  Test: (11024, 2000, 4)
Datasets created:
  Train: (28320, 2000, 4), Val: (9952, 2000, 4), Test: (11024, 2000, 4)

Randomly sampled 18346/28320 samples (64.8%)
Applied denoising with 15.0% masking
Applied denoising with 15.0% masking
Applied denoising with 15.0% masking
Number of encoder layers: 4
Number of decoder layers (excluding heads): 4
Total number of layers including latent layer: 9
Epoch [1/149], Total Loss: 1.1188, NLL: 1.0688, Masked: 13.8156, Reg: 12.977373
Epoch [2/149], Total Loss: 1.0626, NLL: 1.0140, Masked: 13.4403, Reg: 9.690522
Epoch [3/149], Total Loss: 1.0577, NLL: 1.0091, Masked: 13.4407, Reg: 7.235005
Epoch [4/149], Total Loss: 1.0554, NLL: 1.0069, Masked: 13.4067, Reg: 5.263506
Epoch [5/149], Total Loss: 1.0545, NLL: 1.0061, Masked: 13.3893, Reg: 3.697836
Epoch [6/149], Total Loss: 1.0539, NLL: 1.0055, Masked: 13.3724, Reg: 2.483851
Epoch [7/149], Total Loss: 1.0541, NLL: 1.0057, Masked: 13.3735, Reg: 1.577304
Epoch [8/149], Total Loss: 1.0546, NLL: 1.0062, Masked: 13.3881, Reg: 0.934888
Epoch [9/149], Total Loss: 1.0541, NLL: 1.0057, Masked: 13.3857, Reg: 0.512382
Epoch [10/149], Total Loss: 1.0553, NLL: 1.0069, Masked: 13.3761, Reg: 0.263486
Epoch [11/149], Total Loss: 1.0552, NLL: 1.0068, Masked: 13.3780, Reg: 0.137411
Epoch [12/149], Total Loss: 1.0559, NLL: 1.0076, Masked: 13.3732, Reg: 0.085743
Epoch [13/149], Total Loss: 1.0566, NLL: 1.0082, Masked: 13.3819, Reg: 0.070271
Epoch [14/149], Total Loss: 1.0565, NLL: 1.0081, Masked: 13.3787, Reg: 0.066014
Epoch [15/149], Total Loss: 1.0560, NLL: 1.0076, Masked: 13.3682, Reg: 0.065433
Epoch [16/149], Total Loss: 1.0567, NLL: 1.0083, Masked: 13.3830, Reg: 0.065792
Epoch [17/149], Total Loss: 1.0563, NLL: 1.0079, Masked: 13.3869, Reg: 0.064733
Epoch [18/149], Total Loss: 1.0566, NLL: 1.0083, Masked: 13.3753, Reg: 0.064823
Epoch [19/149], Total Loss: 1.0568, NLL: 1.0084, Masked: 13.3692, Reg: 0.065061
Epoch [20/149], Total Loss: 1.0562, NLL: 1.0078, Masked: 13.3746, Reg: 0.064233
Epoch [21/149], Total Loss: 1.0564, NLL: 1.0080, Masked: 13.3820, Reg: 0.063894
Epoch [22/149], Total Loss: 1.0565, NLL: 1.0081, Masked: 13.3860, Reg: 0.063893
Epoch [23/149], Total Loss: 1.0560, NLL: 1.0076, Masked: 13.4032, Reg: 0.063688
Epoch [24/149], Total Loss: 1.0565, NLL: 1.0081, Masked: 13.3622, Reg: 0.063569
Epoch [25/149], Total Loss: 1.0563, NLL: 1.0078, Masked: 13.3933, Reg: 0.063812
Epoch [26/149], Total Loss: 1.0569, NLL: 1.0085, Masked: 13.3800, Reg: 0.063502
Epoch [27/149], Total Loss: 1.0562, NLL: 1.0079, Masked: 13.3653, Reg: 0.062720
Epoch [28/149], Total Loss: 1.0562, NLL: 1.0079, Masked: 13.3618, Reg: 0.063045
Epoch [29/149], Total Loss: 1.0559, NLL: 1.0076, Masked: 13.3594, Reg: 0.062943
Epoch [30/149], Total Loss: 1.0560, NLL: 1.0076, Masked: 13.3852, Reg: 0.063387
Epoch [31/149], Total Loss: 1.0563, NLL: 1.0078, Masked: 13.4095, Reg: 0.063010
Epoch [32/149], Total Loss: 1.0564, NLL: 1.0081, Masked: 13.3681, Reg: 0.063617
Epoch [33/149], Total Loss: 1.0566, NLL: 1.0082, Masked: 13.3664, Reg: 0.062481
Epoch [34/149], Total Loss: 1.0564, NLL: 1.0080, Masked: 13.3993, Reg: 0.062564
Epoch [35/149], Total Loss: 1.0558, NLL: 1.0074, Masked: 13.3810, Reg: 0.062206
Epoch [36/149], Total Loss: 1.0562, NLL: 1.0079, Masked: 13.3492, Reg: 0.062322
Epoch [37/149], Total Loss: 1.0562, NLL: 1.0078, Masked: 13.3856, Reg: 0.061965
Epoch [38/149], Total Loss: 1.0562, NLL: 1.0078, Masked: 13.3807, Reg: 0.062275
Epoch [39/149], Total Loss: 1.0559, NLL: 1.0075, Masked: 13.3867, Reg: 0.062258
Epoch [40/149], Total Loss: 1.0557, NLL: 1.0074, Masked: 13.3720, Reg: 0.062083
Epoch [41/149], Total Loss: 1.0560, NLL: 1.0076, Masked: 13.3803, Reg: 0.061939
Epoch [42/149], Total Loss: 1.0560, NLL: 1.0075, Masked: 13.3968, Reg: 0.061664
Epoch [43/149], Total Loss: 1.0557, NLL: 1.0073, Masked: 13.3739, Reg: 0.061232
Epoch [44/149], Total Loss: 1.0559, NLL: 1.0076, Masked: 13.3543, Reg: 0.061454
Epoch [45/149], Total Loss: 1.0557, NLL: 1.0073, Masked: 13.3892, Reg: 0.061746
Epoch [46/149], Total Loss: 1.0560, NLL: 1.0077, Masked: 13.3676, Reg: 0.061058
Epoch [47/149], Total Loss: 1.0561, NLL: 1.0077, Masked: 13.3699, Reg: 0.061419
Epoch [48/149], Total Loss: 1.0558, NLL: 1.0074, Masked: 13.3738, Reg: 0.061336
Epoch [49/149], Total Loss: 1.0562, NLL: 1.0078, Masked: 13.3751, Reg: 0.061683
Epoch [50/149], Total Loss: 1.0556, NLL: 1.0073, Masked: 13.3698, Reg: 0.061783
Epoch [51/149], Total Loss: 1.0556, NLL: 1.0072, Masked: 13.3750, Reg: 0.061182
Epoch [52/149], Total Loss: 1.0562, NLL: 1.0078, Masked: 13.3850, Reg: 0.061194
Epoch [53/149], Total Loss: 1.0557, NLL: 1.0073, Masked: 13.3833, Reg: 0.061377
Epoch [54/149], Total Loss: 1.0560, NLL: 1.0076, Masked: 13.3764, Reg: 0.061882
Epoch [55/149], Total Loss: 1.0554, NLL: 1.0071, Masked: 13.3713, Reg: 0.060806
Epoch [56/149], Total Loss: 1.0563, NLL: 1.0078, Masked: 13.4035, Reg: 0.060997
Epoch [57/149], Total Loss: 1.0555, NLL: 1.0072, Masked: 13.3695, Reg: 0.060805
Epoch [58/149], Total Loss: 1.0559, NLL: 1.0074, Masked: 13.3906, Reg: 0.061367
Epoch [59/149], Total Loss: 1.0560, NLL: 1.0076, Masked: 13.3752, Reg: 0.061420
Epoch [60/149], Total Loss: 1.0557, NLL: 1.0072, Masked: 13.3893, Reg: 0.061793
Epoch [61/149], Total Loss: 1.0557, NLL: 1.0072, Masked: 13.3999, Reg: 0.060472
Epoch [62/149], Total Loss: 1.0556, NLL: 1.0072, Masked: 13.3724, Reg: 0.060977
Epoch [63/149], Total Loss: 1.0555, NLL: 1.0071, Masked: 13.3728, Reg: 0.061063
Epoch [64/149], Total Loss: 1.0557, NLL: 1.0072, Masked: 13.3825, Reg: 0.060384
Epoch [65/149], Total Loss: 1.0557, NLL: 1.0073, Masked: 13.3840, Reg: 0.060788
Epoch [66/149], Total Loss: 1.0558, NLL: 1.0074, Masked: 13.3740, Reg: 0.061252
Epoch [67/149], Total Loss: 1.0557, NLL: 1.0074, Masked: 13.3713, Reg: 0.060669
Epoch [68/149], Total Loss: 1.0552, NLL: 1.0068, Masked: 13.3840, Reg: 0.060820
Epoch [69/149], Total Loss: 1.0557, NLL: 1.0074, Masked: 13.3609, Reg: 0.061434
Epoch [70/149], Total Loss: 1.0559, NLL: 1.0075, Masked: 13.3632, Reg: 0.060299
Epoch [71/149], Total Loss: 1.0554, NLL: 1.0070, Masked: 13.3690, Reg: 0.060272
Epoch [72/149], Total Loss: 1.0557, NLL: 1.0074, Masked: 13.3648, Reg: 0.060854
Epoch [73/149], Total Loss: 1.0559, NLL: 1.0074, Masked: 13.3872, Reg: 0.060850
Epoch [74/149], Total Loss: 1.0553, NLL: 1.0069, Masked: 13.3654, Reg: 0.060312
Epoch [75/149], Total Loss: 1.0553, NLL: 1.0069, Masked: 13.3727, Reg: 0.060526
Epoch [76/149], Total Loss: 1.0560, NLL: 1.0076, Masked: 13.3840, Reg: 0.061287
Epoch [77/149], Total Loss: 1.0554, NLL: 1.0069, Masked: 13.3841, Reg: 0.060771
Epoch [78/149], Total Loss: 1.0555, NLL: 1.0072, Masked: 13.3633, Reg: 0.060498
Epoch [79/149], Total Loss: 1.0558, NLL: 1.0073, Masked: 13.3972, Reg: 0.060950
Epoch [80/149], Total Loss: 1.0558, NLL: 1.0074, Masked: 13.3808, Reg: 0.060601
Epoch [81/149], Total Loss: 1.0558, NLL: 1.0074, Masked: 13.3671, Reg: 0.060900
Epoch [82/149], Total Loss: 1.0556, NLL: 1.0072, Masked: 13.3748, Reg: 0.061406
Epoch [83/149], Total Loss: 1.0557, NLL: 1.0073, Masked: 13.3629, Reg: 0.060731
Epoch [84/149], Total Loss: 1.0561, NLL: 1.0077, Masked: 13.3989, Reg: 0.061032
Epoch [85/149], Total Loss: 1.0555, NLL: 1.0072, Masked: 13.3579, Reg: 0.060326
Epoch [86/149], Total Loss: 1.0556, NLL: 1.0072, Masked: 13.3671, Reg: 0.060805
Epoch [87/149], Total Loss: 1.0558, NLL: 1.0074, Masked: 13.3923, Reg: 0.060750
Epoch [88/149], Total Loss: 1.0556, NLL: 1.0072, Masked: 13.3807, Reg: 0.060775
Epoch [89/149], Total Loss: 1.0559, NLL: 1.0074, Masked: 13.4039, Reg: 0.061150
Epoch [90/149], Total Loss: 1.0557, NLL: 1.0073, Masked: 13.3695, Reg: 0.060601
Epoch [91/149], Total Loss: 1.0560, NLL: 1.0077, Masked: 13.3642, Reg: 0.060165
Epoch [92/149], Total Loss: 1.0559, NLL: 1.0074, Masked: 13.3910, Reg: 0.060211
Epoch [93/149], Total Loss: 1.0555, NLL: 1.0071, Masked: 13.3926, Reg: 0.060360
Epoch [94/149], Total Loss: 1.0557, NLL: 1.0073, Masked: 13.3839, Reg: 0.060600
Epoch [95/149], Total Loss: 1.0553, NLL: 1.0070, Masked: 13.3553, Reg: 0.060492
Epoch [96/149], Total Loss: 1.0555, NLL: 1.0072, Masked: 13.3596, Reg: 0.060270
Epoch [97/149], Total Loss: 1.0556, NLL: 1.0073, Masked: 13.3668, Reg: 0.060331
Epoch [98/149], Total Loss: 1.0554, NLL: 1.0070, Masked: 13.3822, Reg: 0.060358
Epoch [99/149], Total Loss: 1.0559, NLL: 1.0075, Masked: 13.3701, Reg: 0.060641
Epoch [100/149], Total Loss: 1.0555, NLL: 1.0070, Masked: 13.4109, Reg: 0.060683
Epoch [101/149], Total Loss: 1.0559, NLL: 1.0076, Masked: 13.3519, Reg: 0.060935
Epoch [102/149], Total Loss: 1.0555, NLL: 1.0071, Masked: 13.3708, Reg: 0.059892
Epoch [103/149], Total Loss: 1.0557, NLL: 1.0072, Masked: 13.3938, Reg: 0.060365
Epoch [104/149], Total Loss: 1.0559, NLL: 1.0075, Masked: 13.3799, Reg: 0.060345
Epoch [105/149], Total Loss: 1.0556, NLL: 1.0073, Masked: 13.3573, Reg: 0.060901
Epoch [106/149], Total Loss: 1.0558, NLL: 1.0075, Masked: 13.3569, Reg: 0.060484
Epoch [107/149], Total Loss: 1.0558, NLL: 1.0074, Masked: 13.3839, Reg: 0.060976
Epoch [108/149], Total Loss: 1.0556, NLL: 1.0072, Masked: 13.3844, Reg: 0.059887
Epoch [109/149], Total Loss: 1.0560, NLL: 1.0076, Masked: 13.3694, Reg: 0.060694
Epoch [110/149], Total Loss: 1.0560, NLL: 1.0077, Masked: 13.3612, Reg: 0.060741
Epoch [111/149], Total Loss: 1.0557, NLL: 1.0073, Masked: 13.3861, Reg: 0.060677
Epoch [112/149], Total Loss: 1.0557, NLL: 1.0073, Masked: 13.3809, Reg: 0.060393
Epoch [113/149], Total Loss: 1.0558, NLL: 1.0073, Masked: 13.3941, Reg: 0.060981
Epoch [114/149], Total Loss: 1.0558, NLL: 1.0075, Masked: 13.3671, Reg: 0.060594
Epoch [115/149], Total Loss: 1.0556, NLL: 1.0072, Masked: 13.3818, Reg: 0.060285
Epoch [116/149], Total Loss: 1.0555, NLL: 1.0071, Masked: 13.3860, Reg: 0.060438
Epoch [117/149], Total Loss: 1.0561, NLL: 1.0077, Masked: 13.3802, Reg: 0.060739
Epoch [118/149], Total Loss: 1.0556, NLL: 1.0072, Masked: 13.3722, Reg: 0.060556
Epoch [119/149], Total Loss: 1.0554, NLL: 1.0070, Masked: 13.3704, Reg: 0.060542
Epoch [120/149], Total Loss: 1.0559, NLL: 1.0075, Masked: 13.3716, Reg: 0.060142
Epoch [121/149], Total Loss: 1.0556, NLL: 1.0073, Masked: 13.3599, Reg: 0.060462
Epoch [122/149], Total Loss: 1.0552, NLL: 1.0069, Masked: 13.3743, Reg: 0.060239
Epoch [123/149], Total Loss: 1.0556, NLL: 1.0072, Masked: 13.3845, Reg: 0.060302
Epoch [124/149], Total Loss: 1.0561, NLL: 1.0078, Masked: 13.3706, Reg: 0.060885
Epoch [125/149], Total Loss: 1.0554, NLL: 1.0070, Masked: 13.3748, Reg: 0.059865
Epoch [126/149], Total Loss: 1.0559, NLL: 1.0075, Masked: 13.3811, Reg: 0.060410
Epoch [127/149], Total Loss: 1.0552, NLL: 1.0069, Masked: 13.3632, Reg: 0.060611
Epoch [128/149], Total Loss: 1.0553, NLL: 1.0070, Masked: 13.3626, Reg: 0.060179
Epoch [129/149], Total Loss: 1.0557, NLL: 1.0073, Masked: 13.3765, Reg: 0.060161
Epoch [130/149], Total Loss: 1.0557, NLL: 1.0073, Masked: 13.3779, Reg: 0.060256
Epoch [131/149], Total Loss: 1.0556, NLL: 1.0073, Masked: 13.3685, Reg: 0.060298
Epoch [132/149], Total Loss: 1.0560, NLL: 1.0076, Masked: 13.3779, Reg: 0.060899
Epoch [133/149], Total Loss: 1.0555, NLL: 1.0072, Masked: 13.3722, Reg: 0.059859
Epoch [134/149], Total Loss: 1.0556, NLL: 1.0073, Masked: 13.3776, Reg: 0.060723
Epoch [135/149], Total Loss: 1.0556, NLL: 1.0071, Masked: 13.3857, Reg: 0.059797
Epoch [136/149], Total Loss: 1.0557, NLL: 1.0073, Masked: 13.3676, Reg: 0.060273
Epoch [137/149], Total Loss: 1.0555, NLL: 1.0071, Masked: 13.3648, Reg: 0.060948
Epoch [138/149], Total Loss: 1.0560, NLL: 1.0076, Masked: 13.3861, Reg: 0.060911
Epoch [139/149], Total Loss: 1.0558, NLL: 1.0075, Masked: 13.3539, Reg: 0.060370
Epoch [140/149], Total Loss: 1.0556, NLL: 1.0072, Masked: 13.3736, Reg: 0.059754
Epoch [141/149], Total Loss: 1.0558, NLL: 1.0074, Masked: 13.3907, Reg: 0.060554
Epoch [142/149], Total Loss: 1.0556, NLL: 1.0072, Masked: 13.3738, Reg: 0.060076
Epoch [143/149], Total Loss: 1.0559, NLL: 1.0075, Masked: 13.3785, Reg: 0.060405
Epoch [144/149], Total Loss: 1.0557, NLL: 1.0073, Masked: 13.3799, Reg: 0.060429
Epoch [145/149], Total Loss: 1.0559, NLL: 1.0075, Masked: 13.3864, Reg: 0.060043
Epoch [146/149], Total Loss: 1.0553, NLL: 1.0069, Masked: 13.3789, Reg: 0.060029
Epoch [147/149], Total Loss: 1.0558, NLL: 1.0074, Masked: 13.3740, Reg: 0.061051
Epoch [148/149], Total Loss: 1.0559, NLL: 1.0075, Masked: 13.3815, Reg: 0.060475
Epoch [149/149], Total Loss: 1.0555, NLL: 1.0071, Masked: 13.3748, Reg: 0.060231

==================================================
EVALUATING ON TRAINING DATA
==================================================

==================================================
TEST RESULTS
==================================================
Total Loss: 1.046738
  - ZINB NLL: 0.998419
Total number of masked values: 895226
  - Number of values with pi >= 0.48185017068941416: 895226
  - Number of values with pi < 0.48185017068941416: 0
  - Masked Reconstruction: 13.359394
  - Regularization: 0.059818
Mean Absolute Error (MAE): 2.192619
R² Score: -0.041737
==================================================


==================================================
TEST RESULTS
==================================================
Total Loss: 1.064539
  - ZINB NLL: 1.011545
Total number of masked values: 491225
  - Number of values with pi >= 0.48185017068941416: 491225
  - Number of values with pi < 0.48185017068941416: 0
  - Masked Reconstruction: 14.652060
  - Regularization: 0.059818
Mean Absolute Error (MAE): 2.287153
R² Score: -0.042124
==================================================


>>> Optimizing zinb_nll on VALIDATION set: 1.011545
>>> Full validation metrics: {'total_loss': 1.0645391762831586, 'zinb_nll': 1.011544526198286, 'mae': 2.2871532440185547, 'r2': -0.042124271392822266, 'masked_loss': 14.652060463880803, 'reg_loss': 0.05981839177912098}

Iteration No: 28 ended. Search finished for the next optimal point.
Time taken: 1901.0490
Function value obtained: 1.0115
Current minimum: 1.0077
Iteration No: 29 started. Searching for the next optimal point.

================================================================================
Trial with parameters:
  features: Centr
  step_size: 0.25
  bin_size: 4
  sample_fraction: 0.25
  moving_average: True
  first_layer_size_factor: 45
  num_layers: 1
  use_conv: True
  conv_channel: 128
  pool_size: 2
  kernel_size: 9
  epochs: 150
  batch_size: 32
  pi_threshold: 0.3
  learning_rate: 0.01
  dropout_rate: 0.5
  masked_recon_weight: 10.0
  regularizer: l2
  regularization_weight: 0.0016881749307138337
================================================================================

len(layers): 1
Creating datasets with:
  features: ['Centr']
  bin_size: 4
  moving_average: True
  data_point_length: 2000 (from 2000)
  step_size: 500 (from fraction 0.25)
  layers: [np.int64(720)] (first=720, num=1)
  stride: 1 (fixed), padding: same (fixed)
  Using pre-determined chromosome split


Clipping outliers using 95th percentile * 1.5...
strain_yTW001: Clipping values above 134.25 (P95=89.50). Clipped 27529/1193409 values (2.31%)
strain_FD: Clipping values above 71.92 (P95=47.94). Clipped 95791/4127807 values (2.32%)
strain_dnrp: Clipping values above 243.00 (P95=162.00). Clipped 25649/1119454 values (2.29%)
strain_yEK19: Clipping values above 77.10 (P95=51.40). Clipped 83713/3893623 values (2.15%)
strain_yEK23: Clipping values above 72.00 (P95=48.00). Clipped 86381/3558407 values (2.43%)
strain_yWT03a: Clipping values above 15.00 (P95=10.00). Clipped 10602/347679 values (3.05%)
strain_yWT04a: Clipping values above 58.50 (P95=39.00). Clipped 21095/725406 values (2.91%)
strain_ylic137: Clipping values above 142.50 (P95=95.00). Clipped 28746/1112684 values (2.58%)

Splitting data using pre-determined chromosomes...
Standardizing features: ['Centr']
Column order in final array (Dataset/Chrom split): ['Value', 'Centromere_Distance', 'Value_Raw', 'Size_Factor']
Removing 0 empty data points out of 110768
Column order in final array (Dataset/Chrom split): ['Value', 'Centromere_Distance', 'Value_Raw', 'Size_Factor']
Removing 0 empty data points out of 38952
Column order in final array (Dataset/Chrom split): ['Value', 'Centromere_Distance', 'Value_Raw', 'Size_Factor']
Removing 0 empty data points out of 43096
Datasets created with shapes:
  Train: (110768, 2000, 4)
  Val: (38952, 2000, 4)
  Test: (43096, 2000, 4)
Datasets created:
  Train: (110768, 2000, 4), Val: (38952, 2000, 4), Test: (43096, 2000, 4)

Randomly sampled 27692/110768 samples (25.0%)
Applied denoising with 15.0% masking
Applied denoising with 15.0% masking
Applied denoising with 15.0% masking
Number of encoder layers: 1
Number of decoder layers (excluding heads): 1
Total number of layers including latent layer: 3
Epoch [1/150], Total Loss: 9579382.0459, NLL: 77.7060, Masked: 957930.4491, Reg: 8.512409
Epoch [2/150], Total Loss: 1082686.1568, NLL: 3.1929, Masked: 108268.2964, Reg: 5.277757
Epoch [3/150], Total Loss: 534505.6568, NLL: 2.0374, Masked: 53450.3623, Reg: 2.703826
Epoch [4/150], Total Loss: 448500.7366, NLL: 2.0351, Masked: 44849.8703, Reg: 2.456568
Epoch [5/150], Total Loss: 728951.6170, NLL: 2.3495, Masked: 72894.9262, Reg: 3.244756
Epoch [6/150], Total Loss: 664598.8753, NLL: 2.3331, Masked: 66459.6543, Reg: 2.992879
Epoch [7/150], Total Loss: 415705.8406, NLL: 1.9827, Masked: 41570.3858, Reg: 3.095200
Epoch [8/150], Total Loss: 683409.6879, NLL: 2.2155, Masked: 68340.7467, Reg: 2.811342
Epoch [9/150], Total Loss: 503253.0889, NLL: 2.0043, Masked: 50325.1085, Reg: 2.755945
Epoch [10/150], Total Loss: 127844.7390, NLL: 1.8442, Masked: 12784.2894, Reg: 1.937064
Epoch [11/150], Total Loss: 1559008.2046, NLL: 3.5373, Masked: 155900.4674, Reg: 3.330173
Epoch [12/150], Total Loss: 973111.1574, NLL: 2.5403, Masked: 97310.8617, Reg: 3.941807
Epoch [13/150], Total Loss: 1272299.8973, NLL: 2.5653, Masked: 127229.7334, Reg: 3.854664
Epoch [14/150], Total Loss: 1149280.6748, NLL: 2.2849, Masked: 114927.8392, Reg: 4.001765
Epoch [15/150], Total Loss: 223147.0848, NLL: 1.8007, Masked: 22314.5285, Reg: 1.990217
Epoch [16/150], Total Loss: 1525557.7116, NLL: 2.4899, Masked: 152555.5220, Reg: 3.144978
Epoch [17/150], Total Loss: 841020.1816, NLL: 2.1718, Masked: 84101.8015, Reg: 2.333438
Epoch [18/150], Total Loss: 1499685.9111, NLL: 3.6860, Masked: 149968.2227, Reg: 2.507723
Epoch [19/150], Total Loss: 566425.3419, NLL: 3.7503, Masked: 56642.1593, Reg: 1.942630
Epoch [20/150], Total Loss: 507831.7652, NLL: 2.1343, Masked: 50782.9630, Reg: 2.944396
Epoch [21/150], Total Loss: 661101.3372, NLL: 2.3238, Masked: 66109.9017, Reg: 2.443902
Epoch [22/150], Total Loss: 740651.9173, NLL: 2.3110, Masked: 74064.9610, Reg: 3.008885
Epoch [23/150], Total Loss: 607437.5945, NLL: 2.5375, Masked: 60743.5047, Reg: 2.119873
Epoch [24/150], Total Loss: 447349.5198, NLL: 2.0708, Masked: 44734.7455, Reg: 2.477480
Epoch [25/150], Total Loss: 2417124.1412, NLL: 4.8584, Masked: 241711.9282, Reg: 3.912749
Epoch [26/150], Total Loss: 1584919.6798, NLL: 2.9521, Masked: 158491.6732, Reg: 4.026813
Epoch [27/150], Total Loss: 739950.2172, NLL: 2.1344, Masked: 73994.8085, Reg: 3.383193
Epoch [28/150], Total Loss: 1145636.5672, NLL: 2.3679, Masked: 114563.4210, Reg: 3.178558
Epoch [29/150], Total Loss: 498837.2478, NLL: 1.9832, Masked: 49883.5262, Reg: 2.711864
Epoch [30/150], Total Loss: 496125.5300, NLL: 2.0374, Masked: 49612.3493, Reg: 2.322494
Epoch [31/150], Total Loss: 627651.4221, NLL: 2.0762, Masked: 62764.9343, Reg: 2.662266
Epoch [32/150], Total Loss: 1143066.1955, NLL: 2.6099, Masked: 114306.3587, Reg: 3.274293
Epoch [33/150], Total Loss: 342038.9045, NLL: 2.0628, Masked: 34203.6839, Reg: 1.550835
Epoch [34/150], Total Loss: 385144.6384, NLL: 1.9483, Masked: 38514.2683, Reg: 2.444167
Epoch [35/150], Total Loss: 840087.1695, NLL: 2.5040, Masked: 84008.4664, Reg: 2.924565
Epoch [36/150], Total Loss: 261175.5301, NLL: 1.8820, Masked: 26117.3646, Reg: 2.368601
Epoch [37/150], Total Loss: 732235.6141, NLL: 2.3188, Masked: 73223.3298, Reg: 3.491913
Epoch [38/150], Total Loss: 1395254.9159, NLL: 3.0566, Masked: 139525.1855, Reg: 3.555424
Epoch [39/150], Total Loss: 922444.1852, NLL: 2.1188, Masked: 92244.2063, Reg: 2.938060
Epoch [40/150], Total Loss: 1401544.7330, NLL: 3.9192, Masked: 140154.0806, Reg: 3.034454
Epoch [41/150], Total Loss: 744463.2029, NLL: 2.1866, Masked: 74446.1014, Reg: 3.108337
Epoch [42/150], Total Loss: 770449.2641, NLL: 2.4027, Masked: 77044.6862, Reg: 1.723766
Epoch [43/150], Total Loss: 770660.0345, NLL: 2.9537, Masked: 77065.7084, Reg: 3.392940
Epoch [44/150], Total Loss: 658972.4990, NLL: 2.2873, Masked: 65897.0217, Reg: 3.855738
Epoch [45/150], Total Loss: 672043.3948, NLL: 2.0927, Masked: 67204.1300, Reg: 2.621110
Epoch [46/150], Total Loss: 1092441.4850, NLL: 2.6305, Masked: 109243.8850, Reg: 3.192900
Epoch [47/150], Total Loss: 545585.3559, NLL: 2.1397, Masked: 54558.3212, Reg: 2.440252
Epoch [48/150], Total Loss: 372119.6603, NLL: 1.9682, Masked: 37211.7694, Reg: 2.623284
Epoch [49/150], Total Loss: 221589.4347, NLL: 2.0155, Masked: 22158.7416, Reg: 1.629250
Epoch [50/150], Total Loss: 498232.6190, NLL: 2.1546, Masked: 49823.0465, Reg: 3.115029
Epoch [51/150], Total Loss: 1111634.9685, NLL: 2.4336, Masked: 111163.2536, Reg: 3.988954
Epoch [52/150], Total Loss: 1228243.0400, NLL: 2.6909, Masked: 122824.0346, Reg: 3.930705
Epoch [53/150], Total Loss: 740533.6003, NLL: 2.1381, Masked: 74053.1465, Reg: 2.577617
Epoch [54/150], Total Loss: 1353520.6339, NLL: 2.4050, Masked: 135351.8226, Reg: 2.728361
Epoch [55/150], Total Loss: 1521139.3711, NLL: 2.3472, Masked: 152113.7028, Reg: 3.749023
Epoch [56/150], Total Loss: 1046991.0437, NLL: 2.1629, Masked: 104698.8883, Reg: 3.113338
Epoch [57/150], Total Loss: 1778037.2318, NLL: 2.3121, Masked: 177803.4914, Reg: 2.839787
Epoch [58/150], Total Loss: 309314.0638, NLL: 1.8323, Masked: 30931.2230, Reg: 2.023863
Epoch [59/150], Total Loss: 541415.1378, NLL: 2.0380, Masked: 54141.3107, Reg: 1.936238
Epoch [60/150], Total Loss: 1435688.7628, NLL: 2.9785, Masked: 143568.5789, Reg: 3.047496
Epoch [61/150], Total Loss: 1227482.6983, NLL: 2.3981, Masked: 122748.0297, Reg: 1.935801
Epoch [62/150], Total Loss: 1666678.1880, NLL: 6.2526, Masked: 166667.1934, Reg: 2.875600
Epoch [63/150], Total Loss: 815146.4461, NLL: 2.5479, Masked: 81514.3901, Reg: 3.071166
Epoch [64/150], Total Loss: 577841.7596, NLL: 2.1719, Masked: 57783.9588, Reg: 3.286209
Epoch [65/150], Total Loss: 588050.4679, NLL: 2.4243, Masked: 58804.8044, Reg: 3.354653
Epoch [66/150], Total Loss: 510288.2893, NLL: 2.1630, Masked: 51028.6128, Reg: 2.396318
Epoch [67/150], Total Loss: 1257638.7415, NLL: 2.7102, Masked: 125763.6042, Reg: 3.909532
Epoch [68/150], Total Loss: 1116898.1048, NLL: 2.4837, Masked: 111689.5620, Reg: 4.001929
Epoch [69/150], Total Loss: 1125910.8320, NLL: 2.1954, Masked: 112590.8640, Reg: 2.963639
Epoch [70/150], Total Loss: 919023.8774, NLL: 2.1387, Masked: 91902.1736, Reg: 3.514932
Epoch [71/150], Total Loss: 979807.6613, NLL: 2.5421, Masked: 97980.5123, Reg: 2.788455
Epoch [72/150], Total Loss: 468258.9205, NLL: 2.0844, Masked: 46825.6834, Reg: 2.061364
Epoch [73/150], Total Loss: 615745.1620, NLL: 2.0410, Masked: 61574.3123, Reg: 2.752087
Epoch [74/150], Total Loss: 348059.0764, NLL: 1.9109, Masked: 34805.7166, Reg: 2.517924
Epoch [75/150], Total Loss: 365719.5185, NLL: 2.0957, Masked: 36571.7425, Reg: 2.597703
Epoch [76/150], Total Loss: 389021.4739, NLL: 1.9711, Masked: 38901.9500, Reg: 2.599014
Epoch [77/150], Total Loss: 728449.5939, NLL: 2.3695, Masked: 72844.7229, Reg: 2.609277
Epoch [78/150], Total Loss: 994332.6790, NLL: 2.7194, Masked: 99432.9962, Reg: 3.473820
Epoch [79/150], Total Loss: 881469.9099, NLL: 2.4369, Masked: 88146.7478, Reg: 3.114292
Epoch [80/150], Total Loss: 861874.3584, NLL: 2.1682, Masked: 86187.2189, Reg: 3.506869
Epoch [81/150], Total Loss: 1456166.2080, NLL: 2.6083, Masked: 145616.3602, Reg: 3.760641
Epoch [82/150], Total Loss: 1132201.1922, NLL: 2.1670, Masked: 113219.9018, Reg: 3.380356
Epoch [83/150], Total Loss: 836209.1716, NLL: 2.2133, Masked: 83620.6960, Reg: 3.342176
Epoch [84/150], Total Loss: 1421554.7858, NLL: 2.7121, Masked: 142155.2079, Reg: 3.575112
Epoch [85/150], Total Loss: 488967.5371, NLL: 2.1988, Masked: 48896.5339, Reg: 2.605149
Epoch [86/150], Total Loss: 498658.3825, NLL: 2.0174, Masked: 49865.6366, Reg: 2.167848
Epoch [87/150], Total Loss: 791523.0775, NLL: 2.4576, Masked: 79152.0616, Reg: 2.835243
Epoch [88/150], Total Loss: 75672.4499, NLL: 1.7832, Masked: 7567.0667, Reg: 1.450707
Epoch [89/150], Total Loss: 155264.3441, NLL: 1.8195, Masked: 15526.2525, Reg: 1.720704
Epoch [90/150], Total Loss: 198472.6867, NLL: 1.8590, Masked: 19847.0829, Reg: 2.139723
Epoch [91/150], Total Loss: 435666.2153, NLL: 2.0476, Masked: 43566.4164, Reg: 2.474257
Epoch [92/150], Total Loss: 906452.2227, NLL: 2.2400, Masked: 90644.9983, Reg: 3.612498
Epoch [93/150], Total Loss: 1964560.3666, NLL: 3.2787, Masked: 196455.7087, Reg: 4.749582
Epoch [94/150], Total Loss: 1743244.9664, NLL: 2.4176, Masked: 174324.2550, Reg: 4.151243
Epoch [95/150], Total Loss: 1302780.9642, NLL: 2.2876, Masked: 130277.8670, Reg: 3.826395
Epoch [96/150], Total Loss: 597939.8201, NLL: 1.9939, Masked: 59793.7824, Reg: 2.843823
Epoch [97/150], Total Loss: 1054270.9332, NLL: 2.2168, Masked: 105426.8720, Reg: 2.498441
Epoch [98/150], Total Loss: 124976.2694, NLL: 1.7889, Masked: 12497.4481, Reg: 1.988603
Epoch [99/150], Total Loss: 1261613.9834, NLL: 2.5808, Masked: 126161.1400, Reg: 2.514663
Epoch [100/150], Total Loss: 619365.6014, NLL: 2.4559, Masked: 61936.3145, Reg: 1.890510
Epoch [101/150], Total Loss: 150147.7621, NLL: 1.8089, Masked: 15014.5952, Reg: 1.869545
Epoch [102/150], Total Loss: 461095.9717, NLL: 2.0217, Masked: 46109.3951, Reg: 2.294413
Epoch [103/150], Total Loss: 451649.4202, NLL: 2.0663, Masked: 45164.7353, Reg: 2.641112
Epoch [104/150], Total Loss: 248834.6383, NLL: 1.8971, Masked: 24883.2742, Reg: 1.778493
Epoch [105/150], Total Loss: 1078368.6144, NLL: 3.6567, Masked: 107836.4952, Reg: 3.301951
Epoch [106/150], Total Loss: 693732.1266, NLL: 2.2845, Masked: 69372.9845, Reg: 3.358728
Epoch [107/150], Total Loss: 1516921.2892, NLL: 4.0129, Masked: 151691.7275, Reg: 3.705035
Epoch [108/150], Total Loss: 1869371.8144, NLL: 3.1709, Masked: 186936.8642, Reg: 4.479129
Epoch [109/150], Total Loss: 1027440.9479, NLL: 2.2123, Masked: 102743.8732, Reg: 3.968072
Epoch [110/150], Total Loss: 487411.9051, NLL: 1.9693, Masked: 48740.9938, Reg: 2.498786
Epoch [111/150], Total Loss: 997287.8292, NLL: 2.3526, Masked: 99728.5465, Reg: 2.140924
Epoch [112/150], Total Loss: 255517.2679, NLL: 1.8752, Masked: 25551.5395, Reg: 2.331686
Epoch [113/150], Total Loss: 828849.7555, NLL: 2.1958, Masked: 82884.7558, Reg: 2.696803
Epoch [114/150], Total Loss: 508855.1850, NLL: 2.2735, Masked: 50885.2912, Reg: 2.094824
Epoch [115/150], Total Loss: 300431.0771, NLL: 2.2324, Masked: 30042.8847, Reg: 2.279909
Epoch [116/150], Total Loss: 398260.6304, NLL: 2.7648, Masked: 39825.7864, Reg: 2.099448
Epoch [117/150], Total Loss: 530388.0139, NLL: 2.6021, Masked: 53038.5415, Reg: 2.272318
Epoch [118/150], Total Loss: 2638443.4168, NLL: 6.4359, Masked: 263843.6985, Reg: 3.503740
Epoch [119/150], Total Loss: 1695777.3648, NLL: 2.7538, Masked: 169577.4611, Reg: 3.230725
Epoch [120/150], Total Loss: 1014343.8320, NLL: 2.4110, Masked: 101434.1420, Reg: 3.469966
Epoch [121/150], Total Loss: 644155.3322, NLL: 2.3982, Masked: 64415.2933, Reg: 3.665497
Epoch [122/150], Total Loss: 1871761.6191, NLL: 2.8933, Masked: 187175.8734, Reg: 4.588222
Epoch [123/150], Total Loss: 1020918.5613, NLL: 2.3586, Masked: 102091.6208, Reg: 3.284309
Epoch [124/150], Total Loss: 787311.0657, NLL: 2.0697, Masked: 78730.8999, Reg: 2.839361
Epoch [125/150], Total Loss: 692243.9063, NLL: 1.9734, Masked: 69224.1934, Reg: 2.629103
Epoch [126/150], Total Loss: 568326.8083, NLL: 1.9947, Masked: 56832.4811, Reg: 2.600304
Epoch [127/150], Total Loss: 644131.6028, NLL: 2.2294, Masked: 64412.9377, Reg: 2.513271
Epoch [128/150], Total Loss: 242602.6748, NLL: 1.9545, Masked: 24260.0722, Reg: 2.677791
Epoch [129/150], Total Loss: 265530.9187, NLL: 1.8614, Masked: 26552.9056, Reg: 2.766903
Epoch [130/150], Total Loss: 1050452.8015, NLL: 2.7979, Masked: 105045.0006, Reg: 3.378006
Epoch [131/150], Total Loss: 904418.3863, NLL: 2.3312, Masked: 90441.6051, Reg: 3.055761
Epoch [132/150], Total Loss: 266130.9548, NLL: 2.0203, Masked: 26612.8937, Reg: 2.148068
Epoch [133/150], Total Loss: 727864.9662, NLL: 2.2153, Masked: 72786.2752, Reg: 2.805187
Epoch [134/150], Total Loss: 681380.4262, NLL: 2.2914, Masked: 68137.8136, Reg: 3.371797
Epoch [135/150], Total Loss: 1259180.0974, NLL: 2.6064, Masked: 125917.7495, Reg: 3.898359
Epoch [136/150], Total Loss: 1661983.3959, NLL: 2.5620, Masked: 166198.0833, Reg: 4.034535
Epoch [137/150], Total Loss: 1188438.9053, NLL: 2.1484, Masked: 118843.6755, Reg: 3.889258
Epoch [138/150], Total Loss: 933188.7151, NLL: 2.0899, Masked: 93318.6626, Reg: 2.142241
Epoch [139/150], Total Loss: 1570331.5641, NLL: 3.0459, Masked: 157032.8523, Reg: 3.532271
Epoch [140/150], Total Loss: 524136.1183, NLL: 2.0138, Masked: 52413.4105, Reg: 2.627388
Epoch [141/150], Total Loss: 481827.2439, NLL: 1.9657, Masked: 48182.5276, Reg: 2.577575
Epoch [142/150], Total Loss: 464467.9176, NLL: 1.9872, Masked: 46446.5927, Reg: 2.448781
Epoch [143/150], Total Loss: 450364.3874, NLL: 2.0668, Masked: 45036.2322, Reg: 2.365539
Epoch [144/150], Total Loss: 636222.7111, NLL: 2.7576, Masked: 63621.9950, Reg: 3.003436
Epoch [145/150], Total Loss: 449185.5358, NLL: 2.1697, Masked: 44918.3363, Reg: 2.611952
Epoch [146/150], Total Loss: 44143.6716, NLL: 1.7825, Masked: 4414.1888, Reg: 1.479708
Epoch [147/150], Total Loss: 517230.5829, NLL: 2.1869, Masked: 51722.8396, Reg: 3.276546
Epoch [148/150], Total Loss: 640312.7085, NLL: 2.2165, Masked: 64031.0493, Reg: 3.808064
Epoch [149/150], Total Loss: 1051966.5161, NLL: 2.5805, Masked: 105196.3932, Reg: 4.072496
Epoch [150/150], Total Loss: 1240042.6149, NLL: 2.5506, Masked: 124004.0070, Reg: 3.908713

==================================================
EVALUATING ON TRAINING DATA
==================================================

==================================================
TEST RESULTS
==================================================
Total Loss: 56.024594
  - ZINB NLL: 2.080831
Total number of masked values: 3210669
  - Number of values with pi >= 0.3: 1802424
  - Number of values with pi < 0.3: 1408245
  - Masked Reconstruction: 5.394376
  - Regularization: 2.907736
Mean Absolute Error (MAE): 2.396072
R² Score: -0.074686
==================================================


==================================================
TEST RESULTS
==================================================
Total Loss: 54.918130
  - ZINB NLL: 2.146521
Total number of masked values: 4531914
  - Number of values with pi >= 0.3: 2416589
  - Number of values with pi < 0.3: 2115325
  - Masked Reconstruction: 5.277161
  - Regularization: 2.907736
Mean Absolute Error (MAE): 2.500038
R² Score: -0.069377
==================================================


>>> Optimizing zinb_nll on VALIDATION set: 2.146521
>>> Full validation metrics: {'total_loss': 54.91813002418115, 'zinb_nll': 2.1465213728969554, 'mae': 2.5000381469726562, 'r2': -0.06937694549560547, 'masked_loss': 5.277160853618811, 'reg_loss': 2.9077358284694106}

Iteration No: 29 ended. Search finished for the next optimal point.
Time taken: 3886.7978
Function value obtained: 2.1465
Current minimum: 1.0077
Iteration No: 30 started. Searching for the next optimal point.

================================================================================
Trial with parameters:
  features: Centr
  step_size: 0.4276357859246055
  bin_size: 1
  sample_fraction: 0.5175277208669884
  moving_average: True
  first_layer_size_factor: 89
  num_layers: 3
  use_conv: True
  conv_channel: 104
  pool_size: 4
  kernel_size: 9
  epochs: 127
  batch_size: 32
  pi_threshold: 0.436126178760041
  learning_rate: 0.0002500647168447995
  dropout_rate: 0.45173933495475493
  masked_recon_weight: 0.07645680468617902
  regularizer: l2
  regularization_weight: 0.0011519274149423893
================================================================================

len(layers): 3
Creating datasets with:
  features: ['Centr']
  bin_size: 1
  moving_average: True
  data_point_length: 2000 (from 2000)
  step_size: 855 (from fraction 0.4276357859246055)
  layers: [np.int64(1424), np.int64(712), np.int64(356)] (first=1424, num=3)
  stride: 1 (fixed), padding: same (fixed)
  Using pre-determined chromosome split


Clipping outliers using 95th percentile * 1.5...
strain_yTW001: Clipping values above 134.25 (P95=89.50). Clipped 27529/1193409 values (2.31%)
strain_FD: Clipping values above 71.92 (P95=47.94). Clipped 95791/4127807 values (2.32%)
strain_dnrp: Clipping values above 243.00 (P95=162.00). Clipped 25649/1119454 values (2.29%)
strain_yEK19: Clipping values above 77.10 (P95=51.40). Clipped 83713/3893623 values (2.15%)
strain_yEK23: Clipping values above 72.00 (P95=48.00). Clipped 86381/3558407 values (2.43%)
strain_yWT03a: Clipping values above 15.00 (P95=10.00). Clipped 10602/347679 values (3.05%)
strain_yWT04a: Clipping values above 58.50 (P95=39.00). Clipped 21095/725406 values (2.91%)
strain_ylic137: Clipping values above 142.50 (P95=95.00). Clipped 28746/1112684 values (2.58%)

Splitting data using pre-determined chromosomes...
Standardizing features: ['Centr']
Column order in final array (Dataset/Chrom split): ['Value', 'Centromere_Distance', 'Value_Raw', 'Size_Factor']
Removing 0 empty data points out of 64816
Column order in final array (Dataset/Chrom split): ['Value', 'Centromere_Distance', 'Value_Raw', 'Size_Factor']
Removing 0 empty data points out of 22800
Column order in final array (Dataset/Chrom split): ['Value', 'Centromere_Distance', 'Value_Raw', 'Size_Factor']
Removing 0 empty data points out of 25216
Datasets created with shapes:
  Train: (64816, 2000, 4)
  Val: (22800, 2000, 4)
  Test: (25216, 2000, 4)
Datasets created:
  Train: (64816, 2000, 4), Val: (22800, 2000, 4), Test: (25216, 2000, 4)

Randomly sampled 33544/64816 samples (51.8%)
Applied denoising with 15.0% masking
Applied denoising with 15.0% masking
Applied denoising with 15.0% masking
Number of encoder layers: 3
Number of decoder layers (excluding heads): 3
Total number of layers including latent layer: 7
Epoch [1/127], Total Loss: 2.0944, NLL: 1.0520, Masked: 13.6338, Reg: 8.655694
Epoch [2/127], Total Loss: 2.0450, NLL: 1.0130, Masked: 13.4982, Reg: 6.281358
Epoch [3/127], Total Loss: 2.0367, NLL: 1.0068, Masked: 13.4704, Reg: 4.563082
Epoch [4/127], Total Loss: 2.0337, NLL: 1.0052, Masked: 13.4520, Reg: 3.199238
Epoch [5/127], Total Loss: 2.0317, NLL: 1.0037, Masked: 13.4455, Reg: 2.125818
Epoch [6/127], Total Loss: 2.0321, NLL: 1.0038, Masked: 13.4496, Reg: 1.312041
Epoch [7/127], Total Loss: 2.0311, NLL: 1.0039, Masked: 13.4350, Reg: 0.731212
Epoch [8/127], Total Loss: 2.0314, NLL: 1.0046, Masked: 13.4292, Reg: 0.356415
Epoch [9/127], Total Loss: 2.0318, NLL: 1.0053, Masked: 13.4268, Reg: 0.151743
Epoch [10/127], Total Loss: 2.0332, NLL: 1.0058, Masked: 13.4379, Reg: 0.065936
Epoch [11/127], Total Loss: 2.0332, NLL: 1.0066, Masked: 13.4279, Reg: 0.044307
Epoch [12/127], Total Loss: 2.0341, NLL: 1.0065, Masked: 13.4405, Reg: 0.040821
Epoch [13/127], Total Loss: 2.0333, NLL: 1.0065, Masked: 13.4295, Reg: 0.040473
Epoch [14/127], Total Loss: 2.0353, NLL: 1.0065, Masked: 13.4554, Reg: 0.040029
Epoch [15/127], Total Loss: 2.0337, NLL: 1.0065, Masked: 13.4357, Reg: 0.039435
Epoch [16/127], Total Loss: 2.0327, NLL: 1.0064, Masked: 13.4242, Reg: 0.039175
Epoch [17/127], Total Loss: 2.0335, NLL: 1.0062, Masked: 13.4355, Reg: 0.038754
Epoch [18/127], Total Loss: 2.0338, NLL: 1.0060, Masked: 13.4423, Reg: 0.038366
Epoch [19/127], Total Loss: 2.0339, NLL: 1.0061, Masked: 13.4434, Reg: 0.038253
Epoch [20/127], Total Loss: 2.0335, NLL: 1.0061, Masked: 13.4375, Reg: 0.038102
Epoch [21/127], Total Loss: 2.0337, NLL: 1.0059, Masked: 13.4422, Reg: 0.037965
Epoch [22/127], Total Loss: 2.0333, NLL: 1.0058, Masked: 13.4386, Reg: 0.037653
Epoch [23/127], Total Loss: 2.0340, NLL: 1.0058, Masked: 13.4478, Reg: 0.037660
Epoch [24/127], Total Loss: 2.0321, NLL: 1.0059, Masked: 13.4219, Reg: 0.037647
Epoch [25/127], Total Loss: 2.0334, NLL: 1.0058, Masked: 13.4402, Reg: 0.037452
Epoch [26/127], Total Loss: 2.0341, NLL: 1.0058, Masked: 13.4501, Reg: 0.037227
Epoch [27/127], Total Loss: 2.0337, NLL: 1.0059, Masked: 13.4426, Reg: 0.037358
Epoch [28/127], Total Loss: 2.0331, NLL: 1.0062, Masked: 13.4303, Reg: 0.037538
Epoch [29/127], Total Loss: 2.0328, NLL: 1.0058, Masked: 13.4325, Reg: 0.037142
Epoch [30/127], Total Loss: 2.0329, NLL: 1.0058, Masked: 13.4341, Reg: 0.037113
Epoch [31/127], Total Loss: 2.0336, NLL: 1.0061, Masked: 13.4391, Reg: 0.037354
Epoch [32/127], Total Loss: 2.0328, NLL: 1.0058, Masked: 13.4332, Reg: 0.036854
Epoch [33/127], Total Loss: 2.0331, NLL: 1.0056, Masked: 13.4390, Reg: 0.036862
Epoch [34/127], Total Loss: 2.0339, NLL: 1.0057, Masked: 13.4480, Reg: 0.036996
Epoch [35/127], Total Loss: 2.0334, NLL: 1.0057, Masked: 13.4417, Reg: 0.036752
Epoch [36/127], Total Loss: 2.0335, NLL: 1.0057, Masked: 13.4430, Reg: 0.036758
Epoch [37/127], Total Loss: 2.0325, NLL: 1.0057, Masked: 13.4286, Reg: 0.036822
Epoch [38/127], Total Loss: 2.0335, NLL: 1.0056, Masked: 13.4434, Reg: 0.036762
Epoch [39/127], Total Loss: 2.0329, NLL: 1.0057, Masked: 13.4349, Reg: 0.036690
Epoch [40/127], Total Loss: 2.0327, NLL: 1.0056, Masked: 13.4348, Reg: 0.036588
Epoch [41/127], Total Loss: 2.0332, NLL: 1.0057, Masked: 13.4383, Reg: 0.036982
Epoch [42/127], Total Loss: 2.0316, NLL: 1.0059, Masked: 13.4152, Reg: 0.036849
Epoch [43/127], Total Loss: 2.0334, NLL: 1.0054, Masked: 13.4449, Reg: 0.036456
Epoch [44/127], Total Loss: 2.0341, NLL: 1.0054, Masked: 13.4548, Reg: 0.036447
Epoch [45/127], Total Loss: 2.0334, NLL: 1.0054, Masked: 13.4450, Reg: 0.036630
Epoch [46/127], Total Loss: 2.0328, NLL: 1.0055, Masked: 13.4368, Reg: 0.036665
Epoch [47/127], Total Loss: 2.0313, NLL: 1.0054, Masked: 13.4189, Reg: 0.036361
Epoch [48/127], Total Loss: 2.0329, NLL: 1.0057, Masked: 13.4345, Reg: 0.036618
Epoch [49/127], Total Loss: 2.0336, NLL: 1.0055, Masked: 13.4461, Reg: 0.036496
Epoch [50/127], Total Loss: 2.0327, NLL: 1.0053, Masked: 13.4379, Reg: 0.036138
Epoch [51/127], Total Loss: 2.0329, NLL: 1.0055, Masked: 13.4385, Reg: 0.036678
Epoch [52/127], Total Loss: 2.0332, NLL: 1.0053, Masked: 13.4448, Reg: 0.036486
Epoch [53/127], Total Loss: 2.0317, NLL: 1.0054, Masked: 13.4238, Reg: 0.036417
Epoch [54/127], Total Loss: 2.0321, NLL: 1.0053, Masked: 13.4291, Reg: 0.036417
Epoch [55/127], Total Loss: 2.0321, NLL: 1.0053, Masked: 13.4297, Reg: 0.036103
Epoch [56/127], Total Loss: 2.0317, NLL: 1.0053, Masked: 13.4254, Reg: 0.036210
Epoch [57/127], Total Loss: 2.0317, NLL: 1.0054, Masked: 13.4230, Reg: 0.036287
Epoch [58/127], Total Loss: 2.0319, NLL: 1.0054, Masked: 13.4265, Reg: 0.036451
Epoch [59/127], Total Loss: 2.0313, NLL: 1.0054, Masked: 13.4176, Reg: 0.036132
Epoch [60/127], Total Loss: 2.0324, NLL: 1.0052, Masked: 13.4353, Reg: 0.036002
Epoch [61/127], Total Loss: 2.0329, NLL: 1.0051, Masked: 13.4432, Reg: 0.035961
Epoch [62/127], Total Loss: 2.0320, NLL: 1.0054, Masked: 13.4274, Reg: 0.036325
Epoch [63/127], Total Loss: 2.0315, NLL: 1.0050, Masked: 13.4256, Reg: 0.035821
Epoch [64/127], Total Loss: 2.0321, NLL: 1.0054, Masked: 13.4292, Reg: 0.035971
Epoch [65/127], Total Loss: 2.0324, NLL: 1.0053, Masked: 13.4339, Reg: 0.035821
Epoch [66/127], Total Loss: 2.0325, NLL: 1.0055, Masked: 13.4330, Reg: 0.035896
Epoch [67/127], Total Loss: 2.0319, NLL: 1.0053, Masked: 13.4266, Reg: 0.035978
Epoch [68/127], Total Loss: 2.0324, NLL: 1.0052, Masked: 13.4344, Reg: 0.036034
Epoch [69/127], Total Loss: 2.0319, NLL: 1.0052, Masked: 13.4284, Reg: 0.035922
Epoch [70/127], Total Loss: 2.0338, NLL: 1.0052, Masked: 13.4526, Reg: 0.035821
Epoch [71/127], Total Loss: 2.0327, NLL: 1.0053, Masked: 13.4380, Reg: 0.035573
Epoch [72/127], Total Loss: 2.0333, NLL: 1.0054, Masked: 13.4448, Reg: 0.035794
Epoch [73/127], Total Loss: 2.0314, NLL: 1.0053, Masked: 13.4216, Reg: 0.036029
Epoch [74/127], Total Loss: 2.0333, NLL: 1.0052, Masked: 13.4465, Reg: 0.035941
Epoch [75/127], Total Loss: 2.0321, NLL: 1.0050, Masked: 13.4336, Reg: 0.035716
Epoch [76/127], Total Loss: 2.0310, NLL: 1.0052, Masked: 13.4167, Reg: 0.035886
Epoch [77/127], Total Loss: 2.0330, NLL: 1.0052, Masked: 13.4425, Reg: 0.035953
Epoch [78/127], Total Loss: 2.0332, NLL: 1.0054, Masked: 13.4426, Reg: 0.035791
Epoch [79/127], Total Loss: 2.0327, NLL: 1.0052, Masked: 13.4392, Reg: 0.035519
Epoch [80/127], Total Loss: 2.0336, NLL: 1.0053, Masked: 13.4501, Reg: 0.035893
Epoch [81/127], Total Loss: 2.0329, NLL: 1.0051, Masked: 13.4426, Reg: 0.035954
Epoch [82/127], Total Loss: 2.0342, NLL: 1.0051, Masked: 13.4601, Reg: 0.035917
Epoch [83/127], Total Loss: 2.0324, NLL: 1.0054, Masked: 13.4332, Reg: 0.035891
Epoch [84/127], Total Loss: 2.0327, NLL: 1.0052, Masked: 13.4398, Reg: 0.035665
Epoch [85/127], Total Loss: 2.0336, NLL: 1.0054, Masked: 13.4478, Reg: 0.035717
Epoch [86/127], Total Loss: 2.0337, NLL: 1.0053, Masked: 13.4519, Reg: 0.035600
Epoch [87/127], Total Loss: 2.0324, NLL: 1.0051, Masked: 13.4359, Reg: 0.035666
Epoch [88/127], Total Loss: 2.0331, NLL: 1.0052, Masked: 13.4441, Reg: 0.035826
Epoch [89/127], Total Loss: 2.0332, NLL: 1.0053, Masked: 13.4435, Reg: 0.035883
Epoch [90/127], Total Loss: 2.0333, NLL: 1.0052, Masked: 13.4474, Reg: 0.035569
Epoch [91/127], Total Loss: 2.0323, NLL: 1.0052, Masked: 13.4329, Reg: 0.035652
Epoch [92/127], Total Loss: 2.0320, NLL: 1.0054, Masked: 13.4282, Reg: 0.035705
Epoch [93/127], Total Loss: 2.0323, NLL: 1.0051, Masked: 13.4351, Reg: 0.035552
Epoch [94/127], Total Loss: 2.0331, NLL: 1.0054, Masked: 13.4420, Reg: 0.035638
Epoch [95/127], Total Loss: 2.0314, NLL: 1.0053, Masked: 13.4198, Reg: 0.035471
Epoch [96/127], Total Loss: 2.0327, NLL: 1.0052, Masked: 13.4391, Reg: 0.035757
Epoch [97/127], Total Loss: 2.0329, NLL: 1.0052, Masked: 13.4421, Reg: 0.035630
Epoch [98/127], Total Loss: 2.0322, NLL: 1.0052, Masked: 13.4326, Reg: 0.035602
Epoch [99/127], Total Loss: 2.0327, NLL: 1.0052, Masked: 13.4392, Reg: 0.035572
Epoch [100/127], Total Loss: 2.0329, NLL: 1.0052, Masked: 13.4418, Reg: 0.035257
Epoch [101/127], Total Loss: 2.0324, NLL: 1.0053, Masked: 13.4339, Reg: 0.035516
Epoch [102/127], Total Loss: 2.0333, NLL: 1.0051, Masked: 13.4481, Reg: 0.035594
Epoch [103/127], Total Loss: 2.0325, NLL: 1.0054, Masked: 13.4344, Reg: 0.035606
Epoch [104/127], Total Loss: 2.0319, NLL: 1.0052, Masked: 13.4291, Reg: 0.035565
Epoch [105/127], Total Loss: 2.0317, NLL: 1.0053, Masked: 13.4240, Reg: 0.035586
Epoch [106/127], Total Loss: 2.0319, NLL: 1.0053, Masked: 13.4267, Reg: 0.035448
Epoch [107/127], Total Loss: 2.0314, NLL: 1.0052, Masked: 13.4208, Reg: 0.035433
Epoch [108/127], Total Loss: 2.0330, NLL: 1.0054, Masked: 13.4392, Reg: 0.035441
Epoch [109/127], Total Loss: 2.0328, NLL: 1.0051, Masked: 13.4412, Reg: 0.035626
Epoch [110/127], Total Loss: 2.0331, NLL: 1.0053, Masked: 13.4425, Reg: 0.035305
Epoch [111/127], Total Loss: 2.0325, NLL: 1.0051, Masked: 13.4372, Reg: 0.035571
Epoch [112/127], Total Loss: 2.0333, NLL: 1.0053, Masked: 13.4452, Reg: 0.035614
Epoch [113/127], Total Loss: 2.0319, NLL: 1.0053, Masked: 13.4282, Reg: 0.035360
Epoch [114/127], Total Loss: 2.0319, NLL: 1.0054, Masked: 13.4256, Reg: 0.035386
Epoch [115/127], Total Loss: 2.0327, NLL: 1.0052, Masked: 13.4393, Reg: 0.035267
Epoch [116/127], Total Loss: 2.0316, NLL: 1.0054, Masked: 13.4231, Reg: 0.035469
Epoch [117/127], Total Loss: 2.0332, NLL: 1.0053, Masked: 13.4447, Reg: 0.035410
Epoch [118/127], Total Loss: 2.0341, NLL: 1.0054, Masked: 13.4546, Reg: 0.035548
Epoch [119/127], Total Loss: 2.0341, NLL: 1.0053, Masked: 13.4555, Reg: 0.035310
Epoch [120/127], Total Loss: 2.0320, NLL: 1.0053, Masked: 13.4280, Reg: 0.035265
Epoch [121/127], Total Loss: 2.0331, NLL: 1.0054, Masked: 13.4415, Reg: 0.035483
Epoch [122/127], Total Loss: 2.0328, NLL: 1.0053, Masked: 13.4395, Reg: 0.035323
Epoch [123/127], Total Loss: 2.0327, NLL: 1.0052, Masked: 13.4385, Reg: 0.035340
Epoch [124/127], Total Loss: 2.0323, NLL: 1.0053, Masked: 13.4329, Reg: 0.035254
Epoch [125/127], Total Loss: 2.0311, NLL: 1.0054, Masked: 13.4150, Reg: 0.035321
Epoch [126/127], Total Loss: 2.0319, NLL: 1.0054, Masked: 13.4265, Reg: 0.035434
Epoch [127/127], Total Loss: 2.0338, NLL: 1.0055, Masked: 13.4495, Reg: 0.035530

==================================================
EVALUATING ON TRAINING DATA
==================================================

==================================================
TEST RESULTS
==================================================
Total Loss: 2.029145
  - ZINB NLL: 1.001618
Total number of masked values: 1642987
  - Number of values with pi >= 0.436126178760041: 1642987
  - Number of values with pi < 0.436126178760041: 0
  - Masked Reconstruction: 13.439310
  - Regularization: 0.034976
Mean Absolute Error (MAE): 2.204125
R² Score: -0.041871
==================================================


==================================================
TEST RESULTS
==================================================
Total Loss: 2.135935
  - ZINB NLL: 1.009751
Total number of masked values: 1123580
  - Number of values with pi >= 0.436126178760041: 1123580
  - Number of values with pi < 0.436126178760041: 0
  - Masked Reconstruction: 14.729681
  - Regularization: 0.034976
Mean Absolute Error (MAE): 2.285925
R² Score: -0.042098
==================================================


>>> Optimizing zinb_nll on VALIDATION set: 1.009751
>>> Full validation metrics: {'total_loss': 2.135935401665537, 'zinb_nll': 1.0097509764161026, 'mae': 2.2859249114990234, 'r2': -0.042098164558410645, 'masked_loss': 14.72968146625318, 'reg_loss': 0.03497627410820996}


*** Checkpoint saved at iteration 30 ***

Iteration No: 30 ended. Search finished for the next optimal point.
Time taken: 3613.4946
Function value obtained: 1.0098
Current minimum: 1.0077
Iteration No: 31 started. Searching for the next optimal point.

================================================================================
Trial with parameters:
  features: Centr
  step_size: 0.7529449347902978
  bin_size: 2
  sample_fraction: 0.3730572873418727
  moving_average: True
  first_layer_size_factor: 9
  num_layers: 3
  use_conv: True
  conv_channel: 68
  pool_size: 4
  kernel_size: 3
  epochs: 141
  batch_size: 64
  pi_threshold: 0.40238121090019824
  learning_rate: 2.4180411077686897e-05
  dropout_rate: 0.07087431265148646
  masked_recon_weight: 0.011999113193105582
  regularizer: l2
  regularization_weight: 1.0575970229597578
================================================================================

len(layers): 3
Creating datasets with:
  features: ['Centr']
  bin_size: 2
  moving_average: True
  data_point_length: 2000 (from 2000)
  step_size: 1505 (from fraction 0.7529449347902978)
  layers: [np.int64(144), np.int64(72), np.int64(36)] (first=144, num=3)
  stride: 1 (fixed), padding: same (fixed)
  Using pre-determined chromosome split


Clipping outliers using 95th percentile * 1.5...
strain_yTW001: Clipping values above 134.25 (P95=89.50). Clipped 27529/1193409 values (2.31%)
strain_FD: Clipping values above 71.92 (P95=47.94). Clipped 95791/4127807 values (2.32%)
strain_dnrp: Clipping values above 243.00 (P95=162.00). Clipped 25649/1119454 values (2.29%)
strain_yEK19: Clipping values above 77.10 (P95=51.40). Clipped 83713/3893623 values (2.15%)
strain_yEK23: Clipping values above 72.00 (P95=48.00). Clipped 86381/3558407 values (2.43%)
strain_yWT03a: Clipping values above 15.00 (P95=10.00). Clipped 10602/347679 values (3.05%)
strain_yWT04a: Clipping values above 58.50 (P95=39.00). Clipped 21095/725406 values (2.91%)
strain_ylic137: Clipping values above 142.50 (P95=95.00). Clipped 28746/1112684 values (2.58%)

Splitting data using pre-determined chromosomes...
Standardizing features: ['Centr']
Column order in final array (Dataset/Chrom split): ['Value', 'Centromere_Distance', 'Value_Raw', 'Size_Factor']
Removing 0 empty data points out of 36872
Column order in final array (Dataset/Chrom split): ['Value', 'Centromere_Distance', 'Value_Raw', 'Size_Factor']
Removing 0 empty data points out of 12960
Column order in final array (Dataset/Chrom split): ['Value', 'Centromere_Distance', 'Value_Raw', 'Size_Factor']
Removing 0 empty data points out of 14344
Datasets created with shapes:
  Train: (36872, 2000, 4)
  Val: (12960, 2000, 4)
  Test: (14344, 2000, 4)
Datasets created:
  Train: (36872, 2000, 4), Val: (12960, 2000, 4), Test: (14344, 2000, 4)

Randomly sampled 13755/36872 samples (37.3%)
Applied denoising with 15.0% masking
Applied denoising with 15.0% masking
Applied denoising with 15.0% masking
Number of encoder layers: 3
Number of decoder layers (excluding heads): 3
Total number of layers including latent layer: 7
Epoch [1/141], Total Loss: 2.6451, NLL: 2.2667, Masked: 31.5320, Reg: 8611.179717
Epoch [2/141], Total Loss: 2.6430, NLL: 2.2646, Masked: 31.5357, Reg: 8533.650685
Epoch [3/141], Total Loss: 2.6408, NLL: 2.2626, Masked: 31.5201, Reg: 8475.300174
Epoch [4/141], Total Loss: 2.6389, NLL: 2.2606, Masked: 31.5252, Reg: 8419.048513
Epoch [5/141], Total Loss: 2.6371, NLL: 2.2586, Masked: 31.5440, Reg: 8364.293505
Epoch [6/141], Total Loss: 2.6349, NLL: 2.2566, Masked: 31.5222, Reg: 8310.867627
Epoch [7/141], Total Loss: 2.6332, NLL: 2.2547, Masked: 31.5453, Reg: 8258.643341
Epoch [8/141], Total Loss: 2.6308, NLL: 2.2527, Masked: 31.5129, Reg: 8207.643538
Epoch [9/141], Total Loss: 2.6289, NLL: 2.2507, Masked: 31.5169, Reg: 8157.658995
Epoch [10/141], Total Loss: 2.6271, NLL: 2.2487, Masked: 31.5322, Reg: 8108.552084
Epoch [11/141], Total Loss: 2.6251, NLL: 2.2467, Masked: 31.5323, Reg: 8060.244092
Epoch [12/141], Total Loss: 2.6231, NLL: 2.2448, Masked: 31.5305, Reg: 8012.664839
Epoch [13/141], Total Loss: 2.6214, NLL: 2.2428, Masked: 31.5548, Reg: 7965.751865
Epoch [14/141], Total Loss: 2.6192, NLL: 2.2408, Masked: 31.5326, Reg: 7919.448921
Epoch [15/141], Total Loss: 2.6172, NLL: 2.2388, Masked: 31.5300, Reg: 7873.705455
Epoch [16/141], Total Loss: 2.6152, NLL: 2.2369, Masked: 31.5315, Reg: 7828.475491
Epoch [17/141], Total Loss: 2.6133, NLL: 2.2349, Masked: 31.5372, Reg: 7783.717134
Epoch [18/141], Total Loss: 2.6112, NLL: 2.2329, Masked: 31.5307, Reg: 7739.392564
Epoch [19/141], Total Loss: 2.6094, NLL: 2.2309, Masked: 31.5461, Reg: 7695.467116
Epoch [20/141], Total Loss: 2.6073, NLL: 2.2289, Masked: 31.5311, Reg: 7651.995568
Epoch [21/141], Total Loss: 2.6052, NLL: 2.2270, Masked: 31.5246, Reg: 7608.981315
Epoch [22/141], Total Loss: 2.6031, NLL: 2.2250, Masked: 31.5112, Reg: 7566.280059
Epoch [23/141], Total Loss: 2.6012, NLL: 2.2230, Masked: 31.5212, Reg: 7523.867630
Epoch [24/141], Total Loss: 2.5992, NLL: 2.2210, Masked: 31.5133, Reg: 7481.723219
Epoch [25/141], Total Loss: 2.5972, NLL: 2.2191, Masked: 31.5158, Reg: 7439.828158
Epoch [26/141], Total Loss: 2.5955, NLL: 2.2171, Masked: 31.5368, Reg: 7398.165826
Epoch [27/141], Total Loss: 2.5935, NLL: 2.2151, Masked: 31.5329, Reg: 7356.721455
Epoch [28/141], Total Loss: 2.5913, NLL: 2.2131, Masked: 31.5179, Reg: 7315.482002
Epoch [29/141], Total Loss: 2.5894, NLL: 2.2112, Masked: 31.5216, Reg: 7274.435980
Epoch [30/141], Total Loss: 2.5878, NLL: 2.2092, Masked: 31.5530, Reg: 7233.573329
Epoch [31/141], Total Loss: 2.5857, NLL: 2.2072, Masked: 31.5389, Reg: 7192.885243
Epoch [32/141], Total Loss: 2.5837, NLL: 2.2053, Masked: 31.5389, Reg: 7152.364247
Epoch [33/141], Total Loss: 2.5815, NLL: 2.2033, Masked: 31.5195, Reg: 7112.003846
Epoch [34/141], Total Loss: 2.5796, NLL: 2.2013, Masked: 31.5263, Reg: 7071.798484
Epoch [35/141], Total Loss: 2.5773, NLL: 2.1993, Masked: 31.5014, Reg: 7031.743469
Epoch [36/141], Total Loss: 2.5758, NLL: 2.1974, Masked: 31.5365, Reg: 6991.834909
Epoch [37/141], Total Loss: 2.5739, NLL: 2.1954, Masked: 31.5446, Reg: 6952.069348
Epoch [38/141], Total Loss: 2.5718, NLL: 2.1934, Masked: 31.5348, Reg: 6912.443796
Epoch [39/141], Total Loss: 2.5697, NLL: 2.1914, Masked: 31.5237, Reg: 6872.955721
Epoch [40/141], Total Loss: 2.5677, NLL: 2.1895, Masked: 31.5225, Reg: 6833.602740
Epoch [41/141], Total Loss: 2.5658, NLL: 2.1875, Masked: 31.5306, Reg: 6794.382822
Epoch [42/141], Total Loss: 2.5636, NLL: 2.1855, Masked: 31.5113, Reg: 6755.294176
Epoch [43/141], Total Loss: 2.5615, NLL: 2.1835, Masked: 31.5008, Reg: 6716.335175
Epoch [44/141], Total Loss: 2.5597, NLL: 2.1816, Masked: 31.5181, Reg: 6677.504355
Epoch [45/141], Total Loss: 2.5581, NLL: 2.1796, Masked: 31.5469, Reg: 6638.800511
Epoch [46/141], Total Loss: 2.5558, NLL: 2.1776, Masked: 31.5179, Reg: 6600.222578
Epoch [47/141], Total Loss: 2.5539, NLL: 2.1756, Masked: 31.5276, Reg: 6561.769573
Epoch [48/141], Total Loss: 2.5521, NLL: 2.1737, Masked: 31.5389, Reg: 6523.440644
Epoch [49/141], Total Loss: 2.5500, NLL: 2.1717, Masked: 31.5265, Reg: 6485.235150
Epoch [50/141], Total Loss: 2.5479, NLL: 2.1697, Masked: 31.5136, Reg: 6447.152232
Epoch [51/141], Total Loss: 2.5463, NLL: 2.1677, Masked: 31.5476, Reg: 6409.191377
Epoch [52/141], Total Loss: 2.5440, NLL: 2.1658, Masked: 31.5243, Reg: 6371.351964
Epoch [53/141], Total Loss: 2.5419, NLL: 2.1638, Masked: 31.5144, Reg: 6333.633484
Epoch [54/141], Total Loss: 2.5401, NLL: 2.1618, Masked: 31.5215, Reg: 6296.035331
Epoch [55/141], Total Loss: 2.5383, NLL: 2.1599, Masked: 31.5367, Reg: 6258.557058
Epoch [56/141], Total Loss: 2.5364, NLL: 2.1579, Masked: 31.5427, Reg: 6221.198248
Epoch [57/141], Total Loss: 2.5343, NLL: 2.1559, Masked: 31.5384, Reg: 6183.958288
Epoch [58/141], Total Loss: 2.5324, NLL: 2.1539, Masked: 31.5378, Reg: 6146.837010
Epoch [59/141], Total Loss: 2.5302, NLL: 2.1520, Masked: 31.5220, Reg: 6109.833959
Epoch [60/141], Total Loss: 2.5283, NLL: 2.1500, Masked: 31.5270, Reg: 6072.948755
Epoch [61/141], Total Loss: 2.5264, NLL: 2.1480, Masked: 31.5345, Reg: 6036.181135
Epoch [62/141], Total Loss: 2.5245, NLL: 2.1461, Masked: 31.5402, Reg: 5999.530727
Epoch [63/141], Total Loss: 2.5225, NLL: 2.1441, Masked: 31.5381, Reg: 5962.997305
Epoch [64/141], Total Loss: 2.5202, NLL: 2.1421, Masked: 31.5106, Reg: 5926.580545
Epoch [65/141], Total Loss: 2.5183, NLL: 2.1402, Masked: 31.5117, Reg: 5890.280207
Epoch [66/141], Total Loss: 2.5166, NLL: 2.1382, Masked: 31.5376, Reg: 5854.096002
Epoch [67/141], Total Loss: 2.5147, NLL: 2.1362, Masked: 31.5429, Reg: 5818.027679
Epoch [68/141], Total Loss: 2.5128, NLL: 2.1343, Masked: 31.5426, Reg: 5782.074984
Epoch [69/141], Total Loss: 2.5107, NLL: 2.1323, Masked: 31.5348, Reg: 5746.237657
Epoch [70/141], Total Loss: 2.5086, NLL: 2.1303, Masked: 31.5219, Reg: 5710.515423
Epoch [71/141], Total Loss: 2.5068, NLL: 2.1284, Masked: 31.5359, Reg: 5674.908069
Epoch [72/141], Total Loss: 2.5048, NLL: 2.1264, Masked: 31.5318, Reg: 5639.415350
Epoch [73/141], Total Loss: 2.5028, NLL: 2.1244, Masked: 31.5353, Reg: 5604.037020
Epoch [74/141], Total Loss: 2.5010, NLL: 2.1225, Masked: 31.5469, Reg: 5568.772843
Epoch [75/141], Total Loss: 2.4987, NLL: 2.1205, Masked: 31.5213, Reg: 5533.622625
Epoch [76/141], Total Loss: 2.4968, NLL: 2.1186, Masked: 31.5211, Reg: 5498.586131
Epoch [77/141], Total Loss: 2.4950, NLL: 2.1166, Masked: 31.5321, Reg: 5463.663119
Epoch [78/141], Total Loss: 2.4929, NLL: 2.1146, Masked: 31.5207, Reg: 5428.853474
Epoch [79/141], Total Loss: 2.4910, NLL: 2.1127, Masked: 31.5324, Reg: 5394.156912
Epoch [80/141], Total Loss: 2.4891, NLL: 2.1107, Masked: 31.5296, Reg: 5359.573315
Epoch [81/141], Total Loss: 2.4870, NLL: 2.1088, Masked: 31.5203, Reg: 5325.102432
Epoch [82/141], Total Loss: 2.4849, NLL: 2.1068, Masked: 31.5074, Reg: 5290.744108
Epoch [83/141], Total Loss: 2.4833, NLL: 2.1049, Masked: 31.5366, Reg: 5256.498244
Epoch [84/141], Total Loss: 2.4812, NLL: 2.1029, Masked: 31.5266, Reg: 5222.364537
Epoch [85/141], Total Loss: 2.4793, NLL: 2.1009, Masked: 31.5337, Reg: 5188.342967
Epoch [86/141], Total Loss: 2.4774, NLL: 2.0990, Masked: 31.5371, Reg: 5154.433360
Epoch [87/141], Total Loss: 2.4753, NLL: 2.0970, Masked: 31.5206, Reg: 5120.635554
Epoch [88/141], Total Loss: 2.4732, NLL: 2.0951, Masked: 31.5085, Reg: 5086.949440
Epoch [89/141], Total Loss: 2.4715, NLL: 2.0931, Masked: 31.5320, Reg: 5053.374937
Epoch [90/141], Total Loss: 2.4695, NLL: 2.0912, Masked: 31.5295, Reg: 5019.911862
Epoch [91/141], Total Loss: 2.4676, NLL: 2.0892, Masked: 31.5287, Reg: 4986.560328
Epoch [92/141], Total Loss: 2.4657, NLL: 2.0873, Masked: 31.5361, Reg: 4953.320182
Epoch [93/141], Total Loss: 2.4639, NLL: 2.0854, Masked: 31.5465, Reg: 4920.191112
Epoch [94/141], Total Loss: 2.4618, NLL: 2.0834, Masked: 31.5376, Reg: 4887.173644
Epoch [95/141], Total Loss: 2.4596, NLL: 2.0815, Masked: 31.5130, Reg: 4854.267328
Epoch [96/141], Total Loss: 2.4578, NLL: 2.0795, Masked: 31.5235, Reg: 4821.472133
Epoch [97/141], Total Loss: 2.4561, NLL: 2.0776, Masked: 31.5496, Reg: 4788.787974
Epoch [98/141], Total Loss: 2.4540, NLL: 2.0756, Masked: 31.5285, Reg: 4756.214784
Epoch [99/141], Total Loss: 2.4520, NLL: 2.0737, Masked: 31.5311, Reg: 4723.753014
Epoch [100/141], Total Loss: 2.4502, NLL: 2.0718, Masked: 31.5393, Reg: 4691.402515
Epoch [101/141], Total Loss: 2.4482, NLL: 2.0698, Masked: 31.5333, Reg: 4659.163110
Epoch [102/141], Total Loss: 2.4461, NLL: 2.0679, Masked: 31.5207, Reg: 4627.034913
Epoch [103/141], Total Loss: 2.4442, NLL: 2.0659, Masked: 31.5271, Reg: 4595.017836
Epoch [104/141], Total Loss: 2.4422, NLL: 2.0640, Masked: 31.5220, Reg: 4563.111923
Epoch [105/141], Total Loss: 2.4403, NLL: 2.0621, Masked: 31.5186, Reg: 4531.317158
Epoch [106/141], Total Loss: 2.4386, NLL: 2.0601, Masked: 31.5381, Reg: 4499.633578
Epoch [107/141], Total Loss: 2.4365, NLL: 2.0582, Masked: 31.5286, Reg: 4468.061133
Epoch [108/141], Total Loss: 2.4346, NLL: 2.0563, Masked: 31.5264, Reg: 4436.599823
Epoch [109/141], Total Loss: 2.4326, NLL: 2.0544, Masked: 31.5191, Reg: 4405.249713
Epoch [110/141], Total Loss: 2.4309, NLL: 2.0524, Masked: 31.5394, Reg: 4374.010734
Epoch [111/141], Total Loss: 2.4287, NLL: 2.0505, Masked: 31.5171, Reg: 4342.882957
Epoch [112/141], Total Loss: 2.4267, NLL: 2.0486, Masked: 31.5137, Reg: 4311.866506
Epoch [113/141], Total Loss: 2.4248, NLL: 2.0467, Masked: 31.5181, Reg: 4280.970504
Epoch [114/141], Total Loss: 2.4231, NLL: 2.0447, Masked: 31.5299, Reg: 4250.296728
Epoch [115/141], Total Loss: 2.4212, NLL: 2.0428, Masked: 31.5349, Reg: 4219.766202
Epoch [116/141], Total Loss: 2.4193, NLL: 2.0409, Masked: 31.5374, Reg: 4189.345746
Epoch [117/141], Total Loss: 2.4172, NLL: 2.0390, Masked: 31.5166, Reg: 4159.035334
Epoch [118/141], Total Loss: 2.4155, NLL: 2.0371, Masked: 31.5344, Reg: 4128.834955
Epoch [119/141], Total Loss: 2.4132, NLL: 2.0352, Masked: 31.5022, Reg: 4098.744647
Epoch [120/141], Total Loss: 2.4115, NLL: 2.0333, Masked: 31.5221, Reg: 4068.764373
Epoch [121/141], Total Loss: 2.4095, NLL: 2.0314, Masked: 31.5140, Reg: 4038.894157
Epoch [122/141], Total Loss: 2.4077, NLL: 2.0295, Masked: 31.5182, Reg: 4009.133978
Epoch [123/141], Total Loss: 2.4058, NLL: 2.0276, Masked: 31.5227, Reg: 3979.483864
Epoch [124/141], Total Loss: 2.4041, NLL: 2.0257, Masked: 31.5323, Reg: 3949.943774
Epoch [125/141], Total Loss: 2.4022, NLL: 2.0238, Masked: 31.5367, Reg: 3920.513744
Epoch [126/141], Total Loss: 2.4003, NLL: 2.0219, Masked: 31.5317, Reg: 3891.193774
Epoch [127/141], Total Loss: 2.3984, NLL: 2.0200, Masked: 31.5300, Reg: 3861.983827
Epoch [128/141], Total Loss: 2.3964, NLL: 2.0181, Masked: 31.5260, Reg: 3832.883930
Epoch [129/141], Total Loss: 2.3947, NLL: 2.0162, Masked: 31.5380, Reg: 3803.894090
Epoch [130/141], Total Loss: 2.3927, NLL: 2.0144, Masked: 31.5313, Reg: 3775.014286
Epoch [131/141], Total Loss: 2.3907, NLL: 2.0125, Masked: 31.5246, Reg: 3746.244544
Epoch [132/141], Total Loss: 2.3888, NLL: 2.0106, Masked: 31.5163, Reg: 3717.584877
Epoch [133/141], Total Loss: 2.3870, NLL: 2.0087, Masked: 31.5270, Reg: 3689.035224
Epoch [134/141], Total Loss: 2.3850, NLL: 2.0068, Masked: 31.5141, Reg: 3660.595637
Epoch [135/141], Total Loss: 2.3831, NLL: 2.0049, Masked: 31.5185, Reg: 3632.266068
Epoch [136/141], Total Loss: 2.3813, NLL: 2.0031, Masked: 31.5257, Reg: 3604.046580
Epoch [137/141], Total Loss: 2.3797, NLL: 2.0012, Masked: 31.5461, Reg: 3575.937117
Epoch [138/141], Total Loss: 2.3775, NLL: 1.9993, Masked: 31.5213, Reg: 3547.937720
Epoch [139/141], Total Loss: 2.3759, NLL: 1.9974, Masked: 31.5369, Reg: 3520.048373
Epoch [140/141], Total Loss: 2.3740, NLL: 1.9956, Masked: 31.5387, Reg: 3492.269081
Epoch [141/141], Total Loss: 2.3720, NLL: 1.9937, Masked: 31.5241, Reg: 3464.599825

==================================================
EVALUATING ON TRAINING DATA
==================================================

==================================================
TEST RESULTS
==================================================
Total Loss: 2.371165
  - ZINB NLL: 1.992764
Total number of masked values: 1080419
  - Number of values with pi >= 0.40238121090019824: 0
  - Number of values with pi < 0.40238121090019824: 1080419
  - Masked Reconstruction: 31.535802
  - Regularization: 3450.732782
Mean Absolute Error (MAE): 26.883175
R² Score: -13.443318
==================================================


==================================================
TEST RESULTS
==================================================
Total Loss: 2.288830
  - ZINB NLL: 2.002082
Total number of masked values: 1026343
  - Number of values with pi >= 0.40238121090019824: 0
  - Number of values with pi < 0.40238121090019824: 1026343
  - Masked Reconstruction: 23.897438
  - Regularization: 3450.732782
Mean Absolute Error (MAE): 26.867228
R² Score: -11.979260
==================================================


>>> Optimizing zinb_nll on VALIDATION set: 2.002082
>>> Full validation metrics: {'total_loss': 2.288829794636479, 'zinb_nll': 2.002081721506001, 'mae': 26.86722755432129, 'r2': -11.979260444641113, 'masked_loss': 23.897437926280645, 'reg_loss': 3450.732782201534}

Iteration No: 31 ended. Search finished for the next optimal point.
Time taken: 768.6114
Function value obtained: 2.0021
Current minimum: 1.0077
Iteration No: 32 started. Searching for the next optimal point.

================================================================================
Trial with parameters:
  features: Centr
  step_size: 0.9724683419557618
  bin_size: 1
  sample_fraction: 0.25
  moving_average: True
  first_layer_size_factor: 4
  num_layers: 4
  use_conv: False
  conv_channel: 16
  pool_size: 2
  kernel_size: 9
  epochs: 150
  batch_size: 64
  pi_threshold: 0.3002632232027281
  learning_rate: 1e-05
  dropout_rate: 0.0007399285927870017
  masked_recon_weight: 0.001
  regularizer: l2
  regularization_weight: 100.0
================================================================================

len(layers): 4
Creating datasets with:
  features: ['Centr']
  bin_size: 1
  moving_average: True
  data_point_length: 2000 (from 2000)
  step_size: 1944 (from fraction 0.9724683419557618)
  layers: [np.int64(64), np.int64(32), np.int64(16), np.int64(8)] (first=64, num=4)
  stride: 1 (fixed), padding: same (fixed)
  Using pre-determined chromosome split


Clipping outliers using 95th percentile * 1.5...
strain_yTW001: Clipping values above 134.25 (P95=89.50). Clipped 27529/1193409 values (2.31%)
strain_FD: Clipping values above 71.92 (P95=47.94). Clipped 95791/4127807 values (2.32%)
strain_dnrp: Clipping values above 243.00 (P95=162.00). Clipped 25649/1119454 values (2.29%)
strain_yEK19: Clipping values above 77.10 (P95=51.40). Clipped 83713/3893623 values (2.15%)
strain_yEK23: Clipping values above 72.00 (P95=48.00). Clipped 86381/3558407 values (2.43%)
strain_yWT03a: Clipping values above 15.00 (P95=10.00). Clipped 10602/347679 values (3.05%)
strain_yWT04a: Clipping values above 58.50 (P95=39.00). Clipped 21095/725406 values (2.91%)
strain_ylic137: Clipping values above 142.50 (P95=95.00). Clipped 28746/1112684 values (2.58%)

Splitting data using pre-determined chromosomes...
Standardizing features: ['Centr']
Column order in final array (Dataset/Chrom split): ['Value', 'Centromere_Distance', 'Value_Raw', 'Size_Factor']
Removing 0 empty data points out of 28568
Column order in final array (Dataset/Chrom split): ['Value', 'Centromere_Distance', 'Value_Raw', 'Size_Factor']
Removing 0 empty data points out of 10048
Column order in final array (Dataset/Chrom split): ['Value', 'Centromere_Distance', 'Value_Raw', 'Size_Factor']
Removing 0 empty data points out of 11120
Datasets created with shapes:
  Train: (28568, 2000, 4)
  Val: (10048, 2000, 4)
  Test: (11120, 2000, 4)
Datasets created:
  Train: (28568, 2000, 4), Val: (10048, 2000, 4), Test: (11120, 2000, 4)

Randomly sampled 7142/28568 samples (25.0%)
Applied denoising with 15.0% masking
Applied denoising with 15.0% masking
Applied denoising with 15.0% masking
Number of encoder layers: 4
Number of decoder layers (excluding heads): 4
Total number of layers including latent layer: 9
Epoch [1/150], Total Loss: 2.1260, NLL: 2.0942, Masked: 31.8174, Reg: 807996.590659
Epoch [2/150], Total Loss: 2.1254, NLL: 2.0935, Masked: 31.8259, Reg: 806483.375507
Epoch [3/150], Total Loss: 2.1247, NLL: 2.0929, Masked: 31.8170, Reg: 805103.139179
Epoch [4/150], Total Loss: 2.1242, NLL: 2.0924, Masked: 31.8405, Reg: 803815.843804
Epoch [5/150], Total Loss: 2.1236, NLL: 2.0918, Masked: 31.8341, Reg: 802595.814783
Epoch [6/150], Total Loss: 2.1231, NLL: 2.0912, Masked: 31.8351, Reg: 801425.976275
Epoch [7/150], Total Loss: 2.1225, NLL: 2.0907, Masked: 31.8166, Reg: 800294.721421
Epoch [8/150], Total Loss: 2.1220, NLL: 2.0902, Masked: 31.8376, Reg: 799193.990627
Epoch [9/150], Total Loss: 2.1215, NLL: 2.0897, Masked: 31.8340, Reg: 798117.934976
Epoch [10/150], Total Loss: 2.1210, NLL: 2.0891, Masked: 31.8254, Reg: 797062.157355
Epoch [11/150], Total Loss: 2.1204, NLL: 2.0886, Masked: 31.8219, Reg: 796023.185101
Epoch [12/150], Total Loss: 2.1199, NLL: 2.0881, Masked: 31.8291, Reg: 794998.169964
Epoch [13/150], Total Loss: 2.1194, NLL: 2.0876, Masked: 31.8248, Reg: 793984.785000
Epoch [14/150], Total Loss: 2.1189, NLL: 2.0871, Masked: 31.8441, Reg: 792981.073475
Epoch [15/150], Total Loss: 2.1184, NLL: 2.0866, Masked: 31.8194, Reg: 791985.396138
Epoch [16/150], Total Loss: 2.1179, NLL: 2.0860, Masked: 31.8029, Reg: 790996.402430
Epoch [17/150], Total Loss: 2.1174, NLL: 2.0855, Masked: 31.8234, Reg: 790012.968769
Epoch [18/150], Total Loss: 2.1168, NLL: 2.0850, Masked: 31.8119, Reg: 789034.199610
Epoch [19/150], Total Loss: 2.1163, NLL: 2.0845, Masked: 31.8103, Reg: 788059.346258
Epoch [20/150], Total Loss: 2.1158, NLL: 2.0840, Masked: 31.7982, Reg: 787087.830297
Epoch [21/150], Total Loss: 2.1153, NLL: 2.0835, Masked: 31.8162, Reg: 786119.193282
Epoch [22/150], Total Loss: 2.1148, NLL: 2.0830, Masked: 31.7957, Reg: 785153.073109
Epoch [23/150], Total Loss: 2.1143, NLL: 2.0824, Masked: 31.8327, Reg: 784189.201491
Epoch [24/150], Total Loss: 2.1138, NLL: 2.0819, Masked: 31.8503, Reg: 783227.372779
Epoch [25/150], Total Loss: 2.1132, NLL: 2.0814, Masked: 31.8015, Reg: 782267.430957
Epoch [26/150], Total Loss: 2.1127, NLL: 2.0809, Masked: 31.8437, Reg: 781309.270220
Epoch [27/150], Total Loss: 2.1122, NLL: 2.0804, Masked: 31.8231, Reg: 780352.804739
Epoch [28/150], Total Loss: 2.1117, NLL: 2.0799, Masked: 31.8135, Reg: 779397.983047
Epoch [29/150], Total Loss: 2.1112, NLL: 2.0794, Masked: 31.8144, Reg: 778444.759734
Epoch [30/150], Total Loss: 2.1107, NLL: 2.0788, Masked: 31.8382, Reg: 777493.094109
Epoch [31/150], Total Loss: 2.1101, NLL: 2.0783, Masked: 31.8118, Reg: 776542.972606
Epoch [32/150], Total Loss: 2.1096, NLL: 2.0778, Masked: 31.8170, Reg: 775594.364871
Epoch [33/150], Total Loss: 2.1091, NLL: 2.0773, Masked: 31.8383, Reg: 774647.267826
Epoch [34/150], Total Loss: 2.1086, NLL: 2.0768, Masked: 31.8310, Reg: 773701.691496
Epoch [35/150], Total Loss: 2.1081, NLL: 2.0763, Masked: 31.8246, Reg: 772763.635285
Epoch [36/150], Total Loss: 2.1076, NLL: 2.0758, Masked: 31.8251, Reg: 771831.418663
Epoch [37/150], Total Loss: 2.1071, NLL: 2.0752, Masked: 31.8235, Reg: 770900.638786
Epoch [38/150], Total Loss: 2.1066, NLL: 2.0747, Masked: 31.8273, Reg: 769971.284031
Epoch [39/150], Total Loss: 2.1060, NLL: 2.0742, Masked: 31.8194, Reg: 769043.352292
Epoch [40/150], Total Loss: 2.1055, NLL: 2.0737, Masked: 31.8330, Reg: 768116.806816
Epoch [41/150], Total Loss: 2.1050, NLL: 2.0732, Masked: 31.8121, Reg: 767191.660208
Epoch [42/150], Total Loss: 2.1045, NLL: 2.0727, Masked: 31.8290, Reg: 766267.890059
Epoch [43/150], Total Loss: 2.1040, NLL: 2.0722, Masked: 31.8398, Reg: 765345.494713
Epoch [44/150], Total Loss: 2.1035, NLL: 2.0717, Masked: 31.8035, Reg: 764424.460867
Epoch [45/150], Total Loss: 2.1030, NLL: 2.0712, Masked: 31.8514, Reg: 763504.776009
Epoch [46/150], Total Loss: 2.1025, NLL: 2.0707, Masked: 31.8409, Reg: 762586.429897
Epoch [47/150], Total Loss: 2.1020, NLL: 2.0701, Masked: 31.8426, Reg: 761669.423147
Epoch [48/150], Total Loss: 2.1014, NLL: 2.0696, Masked: 31.8078, Reg: 760753.733007
Epoch [49/150], Total Loss: 2.1010, NLL: 2.0691, Masked: 31.8306, Reg: 759839.360172
Epoch [50/150], Total Loss: 2.1004, NLL: 2.0686, Masked: 31.8286, Reg: 758926.295552
Epoch [51/150], Total Loss: 2.0999, NLL: 2.0681, Masked: 31.8098, Reg: 758014.525663
Epoch [52/150], Total Loss: 2.0994, NLL: 2.0676, Masked: 31.7953, Reg: 757104.042889
Epoch [53/150], Total Loss: 2.0989, NLL: 2.0671, Masked: 31.8262, Reg: 756194.837619
Epoch [54/150], Total Loss: 2.0984, NLL: 2.0666, Masked: 31.8173, Reg: 755286.909837
Epoch [55/150], Total Loss: 2.0979, NLL: 2.0661, Masked: 31.8279, Reg: 754380.240566
Epoch [56/150], Total Loss: 2.0974, NLL: 2.0656, Masked: 31.8385, Reg: 753474.824897
Epoch [57/150], Total Loss: 2.0969, NLL: 2.0650, Masked: 31.8242, Reg: 752570.661434
Epoch [58/150], Total Loss: 2.0964, NLL: 2.0645, Masked: 31.8324, Reg: 751667.735644
Epoch [59/150], Total Loss: 2.0959, NLL: 2.0640, Masked: 31.8354, Reg: 750766.041769
Epoch [60/150], Total Loss: 2.0953, NLL: 2.0635, Masked: 31.8282, Reg: 749865.562991
Epoch [61/150], Total Loss: 2.0948, NLL: 2.0630, Masked: 31.8390, Reg: 748966.300102
Epoch [62/150], Total Loss: 2.0943, NLL: 2.0625, Masked: 31.8378, Reg: 748068.245844
Epoch [63/150], Total Loss: 2.0938, NLL: 2.0620, Masked: 31.8203, Reg: 747171.394526
Epoch [64/150], Total Loss: 2.0933, NLL: 2.0615, Masked: 31.8084, Reg: 746275.731533
Epoch [65/150], Total Loss: 2.0928, NLL: 2.0610, Masked: 31.8236, Reg: 745381.246541
Epoch [66/150], Total Loss: 2.0923, NLL: 2.0605, Masked: 31.8241, Reg: 744487.947425
Epoch [67/150], Total Loss: 2.0918, NLL: 2.0599, Masked: 31.8396, Reg: 743595.815371
Epoch [68/150], Total Loss: 2.0912, NLL: 2.0594, Masked: 31.8094, Reg: 742704.837430
Epoch [69/150], Total Loss: 2.0908, NLL: 2.0589, Masked: 31.8330, Reg: 741815.021820
Epoch [70/150], Total Loss: 2.0902, NLL: 2.0584, Masked: 31.8323, Reg: 740926.340729
Epoch [71/150], Total Loss: 2.0897, NLL: 2.0579, Masked: 31.8374, Reg: 740038.801144
Epoch [72/150], Total Loss: 2.0892, NLL: 2.0574, Masked: 31.8043, Reg: 739152.392305
Epoch [73/150], Total Loss: 2.0887, NLL: 2.0569, Masked: 31.8312, Reg: 738267.103804
Epoch [74/150], Total Loss: 2.0882, NLL: 2.0564, Masked: 31.8358, Reg: 737382.931350
Epoch [75/150], Total Loss: 2.0877, NLL: 2.0559, Masked: 31.8199, Reg: 736499.858575
Epoch [76/150], Total Loss: 2.0872, NLL: 2.0553, Masked: 31.8195, Reg: 735617.892575
Epoch [77/150], Total Loss: 2.0867, NLL: 2.0548, Masked: 31.8268, Reg: 734737.020306
Epoch [78/150], Total Loss: 2.0862, NLL: 2.0543, Masked: 31.8320, Reg: 733857.227684
Epoch [79/150], Total Loss: 2.0857, NLL: 2.0538, Masked: 31.8401, Reg: 732978.511468
Epoch [80/150], Total Loss: 2.0851, NLL: 2.0533, Masked: 31.8429, Reg: 732100.864918
Epoch [81/150], Total Loss: 2.0846, NLL: 2.0528, Masked: 31.8129, Reg: 731224.283658
Epoch [82/150], Total Loss: 2.0841, NLL: 2.0523, Masked: 31.8483, Reg: 730348.748887
Epoch [83/150], Total Loss: 2.0836, NLL: 2.0518, Masked: 31.8309, Reg: 729474.273102
Epoch [84/150], Total Loss: 2.0831, NLL: 2.0513, Masked: 31.8372, Reg: 728600.824376
Epoch [85/150], Total Loss: 2.0826, NLL: 2.0507, Masked: 31.8290, Reg: 727728.411446
Epoch [86/150], Total Loss: 2.0821, NLL: 2.0502, Masked: 31.8142, Reg: 726857.027763
Epoch [87/150], Total Loss: 2.0816, NLL: 2.0497, Masked: 31.8365, Reg: 725986.653103
Epoch [88/150], Total Loss: 2.0810, NLL: 2.0492, Masked: 31.8318, Reg: 725117.295876
Epoch [89/150], Total Loss: 2.0805, NLL: 2.0487, Masked: 31.8292, Reg: 724248.943475
Epoch [90/150], Total Loss: 2.0800, NLL: 2.0482, Masked: 31.8341, Reg: 723381.580147
Epoch [91/150], Total Loss: 2.0795, NLL: 2.0477, Masked: 31.8343, Reg: 722515.206686
Epoch [92/150], Total Loss: 2.0790, NLL: 2.0472, Masked: 31.8228, Reg: 721649.811798
Epoch [93/150], Total Loss: 2.0785, NLL: 2.0467, Masked: 31.8443, Reg: 720785.398107
Epoch [94/150], Total Loss: 2.0780, NLL: 2.0461, Masked: 31.8369, Reg: 719921.947948
Epoch [95/150], Total Loss: 2.0775, NLL: 2.0456, Masked: 31.8315, Reg: 719059.460432
Epoch [96/150], Total Loss: 2.0769, NLL: 2.0451, Masked: 31.8157, Reg: 718197.918070
Epoch [97/150], Total Loss: 2.0764, NLL: 2.0446, Masked: 31.8148, Reg: 717337.322955
Epoch [98/150], Total Loss: 2.0759, NLL: 2.0441, Masked: 31.8111, Reg: 716477.671408
Epoch [99/150], Total Loss: 2.0754, NLL: 2.0436, Masked: 31.8278, Reg: 715618.944711
Epoch [100/150], Total Loss: 2.0749, NLL: 2.0431, Masked: 31.8149, Reg: 714761.145925
Epoch [101/150], Total Loss: 2.0744, NLL: 2.0426, Masked: 31.8470, Reg: 713904.264633
Epoch [102/150], Total Loss: 2.0739, NLL: 2.0421, Masked: 31.8242, Reg: 713048.296553
Epoch [103/150], Total Loss: 2.0734, NLL: 2.0415, Masked: 31.8173, Reg: 712193.228287
Epoch [104/150], Total Loss: 2.0729, NLL: 2.0410, Masked: 31.8308, Reg: 711339.060463
Epoch [105/150], Total Loss: 2.0723, NLL: 2.0405, Masked: 31.8217, Reg: 710485.787378
Epoch [106/150], Total Loss: 2.0718, NLL: 2.0400, Masked: 31.8271, Reg: 709633.384272
Epoch [107/150], Total Loss: 2.0713, NLL: 2.0395, Masked: 31.8054, Reg: 708781.868563
Epoch [108/150], Total Loss: 2.0708, NLL: 2.0390, Masked: 31.8255, Reg: 707931.220561
Epoch [109/150], Total Loss: 2.0703, NLL: 2.0385, Masked: 31.8353, Reg: 707081.436151
Epoch [110/150], Total Loss: 2.0698, NLL: 2.0380, Masked: 31.8229, Reg: 706232.505448
Epoch [111/150], Total Loss: 2.0693, NLL: 2.0375, Masked: 31.8332, Reg: 705384.423896
Epoch [112/150], Total Loss: 2.0687, NLL: 2.0369, Masked: 31.7913, Reg: 704537.189051
Epoch [113/150], Total Loss: 2.0683, NLL: 2.0364, Masked: 31.8439, Reg: 703690.788658
Epoch [114/150], Total Loss: 2.0677, NLL: 2.0359, Masked: 31.8289, Reg: 702845.217729
Epoch [115/150], Total Loss: 2.0672, NLL: 2.0354, Masked: 31.8243, Reg: 702000.474868
Epoch [116/150], Total Loss: 2.0667, NLL: 2.0349, Masked: 31.8127, Reg: 701156.536706
Epoch [117/150], Total Loss: 2.0662, NLL: 2.0344, Masked: 31.8467, Reg: 700313.417602
Epoch [118/150], Total Loss: 2.0657, NLL: 2.0339, Masked: 31.8243, Reg: 699471.103896
Epoch [119/150], Total Loss: 2.0652, NLL: 2.0334, Masked: 31.8579, Reg: 698629.590951
Epoch [120/150], Total Loss: 2.0647, NLL: 2.0328, Masked: 31.8218, Reg: 697788.868801
Epoch [121/150], Total Loss: 2.0642, NLL: 2.0323, Masked: 31.8404, Reg: 696948.925535
Epoch [122/150], Total Loss: 2.0637, NLL: 2.0318, Masked: 31.8341, Reg: 696109.763697
Epoch [123/150], Total Loss: 2.0631, NLL: 2.0313, Masked: 31.8304, Reg: 695271.377503
Epoch [124/150], Total Loss: 2.0626, NLL: 2.0308, Masked: 31.8266, Reg: 694433.763725
Epoch [125/150], Total Loss: 2.0621, NLL: 2.0303, Masked: 31.7971, Reg: 693596.909936
Epoch [126/150], Total Loss: 2.0616, NLL: 2.0298, Masked: 31.8407, Reg: 692760.805537
Epoch [127/150], Total Loss: 2.0611, NLL: 2.0293, Masked: 31.8150, Reg: 691925.458158
Epoch [128/150], Total Loss: 2.0606, NLL: 2.0287, Masked: 31.8350, Reg: 691090.855358
Epoch [129/150], Total Loss: 2.0601, NLL: 2.0282, Masked: 31.8191, Reg: 690256.989272
Epoch [130/150], Total Loss: 2.0596, NLL: 2.0277, Masked: 31.8388, Reg: 689423.858494
Epoch [131/150], Total Loss: 2.0591, NLL: 2.0272, Masked: 31.8522, Reg: 688591.450593
Epoch [132/150], Total Loss: 2.0585, NLL: 2.0267, Masked: 31.8419, Reg: 687759.779763
Epoch [133/150], Total Loss: 2.0580, NLL: 2.0262, Masked: 31.8501, Reg: 686928.823676
Epoch [134/150], Total Loss: 2.0575, NLL: 2.0257, Masked: 31.8191, Reg: 686098.579007
Epoch [135/150], Total Loss: 2.0570, NLL: 2.0252, Masked: 31.8289, Reg: 685269.040248
Epoch [136/150], Total Loss: 2.0565, NLL: 2.0246, Masked: 31.8539, Reg: 684440.205469
Epoch [137/150], Total Loss: 2.0559, NLL: 2.0241, Masked: 31.7996, Reg: 683612.067411
Epoch [138/150], Total Loss: 2.0554, NLL: 2.0236, Masked: 31.8252, Reg: 682784.629751
Epoch [139/150], Total Loss: 2.0549, NLL: 2.0231, Masked: 31.8137, Reg: 681957.875767
Epoch [140/150], Total Loss: 2.0544, NLL: 2.0226, Masked: 31.8437, Reg: 681131.809671
Epoch [141/150], Total Loss: 2.0539, NLL: 2.0221, Masked: 31.8179, Reg: 680306.429875
Epoch [142/150], Total Loss: 2.0534, NLL: 2.0216, Masked: 31.8220, Reg: 679481.721162
Epoch [143/150], Total Loss: 2.0529, NLL: 2.0211, Masked: 31.8492, Reg: 678657.689042
Epoch [144/150], Total Loss: 2.0524, NLL: 2.0205, Masked: 31.8272, Reg: 677834.319253
Epoch [145/150], Total Loss: 2.0519, NLL: 2.0200, Masked: 31.8381, Reg: 677011.627630
Epoch [146/150], Total Loss: 2.0514, NLL: 2.0195, Masked: 31.8325, Reg: 676189.592130
Epoch [147/150], Total Loss: 2.0508, NLL: 2.0190, Masked: 31.8232, Reg: 675368.215543
Epoch [148/150], Total Loss: 2.0503, NLL: 2.0185, Masked: 31.8371, Reg: 674547.488421
Epoch [149/150], Total Loss: 2.0498, NLL: 2.0180, Masked: 31.8288, Reg: 673727.410504
Epoch [150/150], Total Loss: 2.0493, NLL: 2.0175, Masked: 31.8074, Reg: 672907.981792

==================================================
EVALUATING ON TRAINING DATA
==================================================

==================================================
TEST RESULTS
==================================================
Total Loss: 2.049017
  - ZINB NLL: 2.017210
Total number of masked values: 351419
  - Number of values with pi >= 0.3002632232027281: 0
  - Number of values with pi < 0.3002632232027281: 351419
  - Masked Reconstruction: 31.806582
  - Regularization: 672493.408203
Mean Absolute Error (MAE): 27.287075
R² Score: -8.076368
==================================================


==================================================
TEST RESULTS
==================================================
Total Loss: 2.053227
  - ZINB NLL: 2.028031
Total number of masked values: 496346
  - Number of values with pi >= 0.3002632232027281: 0
  - Number of values with pi < 0.3002632232027281: 496346
  - Masked Reconstruction: 25.196059
  - Regularization: 672493.408203
Mean Absolute Error (MAE): 27.376007
R² Score: -7.399696
==================================================


>>> Optimizing zinb_nll on VALIDATION set: 2.028031
>>> Full validation metrics: {'total_loss': 2.053227197972073, 'zinb_nll': 2.0280311286069783, 'mae': 27.376007080078125, 'r2': -7.399696350097656, 'masked_loss': 25.1960590424811, 'reg_loss': 672493.408203125}

Iteration No: 32 ended. Search finished for the next optimal point.
Time taken: 641.3938
Function value obtained: 2.0280
Current minimum: 1.0077
Iteration No: 33 started. Searching for the next optimal point.

================================================================================
Trial with parameters:
  features: Centr
  step_size: 1.0
  bin_size: 1
  sample_fraction: 0.25
  moving_average: True
  first_layer_size_factor: 4
  num_layers: 1
  use_conv: True
  conv_channel: 16
  pool_size: 2
  kernel_size: 9
  epochs: 86
  batch_size: 32
  pi_threshold: 0.7
  learning_rate: 1e-05
  dropout_rate: 0.5
  masked_recon_weight: 0.001
  regularizer: l2
  regularization_weight: 100.0
================================================================================

len(layers): 1
Creating datasets with:
  features: ['Centr']
  bin_size: 1
  moving_average: True
  data_point_length: 2000 (from 2000)
  step_size: 2000 (from fraction 1.0)
  layers: [np.int64(64)] (first=64, num=1)
  stride: 1 (fixed), padding: same (fixed)
  Using pre-determined chromosome split


Clipping outliers using 95th percentile * 1.5...
strain_yTW001: Clipping values above 134.25 (P95=89.50). Clipped 27529/1193409 values (2.31%)
strain_FD: Clipping values above 71.92 (P95=47.94). Clipped 95791/4127807 values (2.32%)
strain_dnrp: Clipping values above 243.00 (P95=162.00). Clipped 25649/1119454 values (2.29%)
strain_yEK19: Clipping values above 77.10 (P95=51.40). Clipped 83713/3893623 values (2.15%)
strain_yEK23: Clipping values above 72.00 (P95=48.00). Clipped 86381/3558407 values (2.43%)
strain_yWT03a: Clipping values above 15.00 (P95=10.00). Clipped 10602/347679 values (3.05%)
strain_yWT04a: Clipping values above 58.50 (P95=39.00). Clipped 21095/725406 values (2.91%)
strain_ylic137: Clipping values above 142.50 (P95=95.00). Clipped 28746/1112684 values (2.58%)

Splitting data using pre-determined chromosomes...
Standardizing features: ['Centr']
Column order in final array (Dataset/Chrom split): ['Value', 'Centromere_Distance', 'Value_Raw', 'Size_Factor']
Removing 0 empty data points out of 27776
Column order in final array (Dataset/Chrom split): ['Value', 'Centromere_Distance', 'Value_Raw', 'Size_Factor']
Removing 0 empty data points out of 9768
Column order in final array (Dataset/Chrom split): ['Value', 'Centromere_Distance', 'Value_Raw', 'Size_Factor']
Removing 0 empty data points out of 10816
Datasets created with shapes:
  Train: (27776, 2000, 4)
  Val: (9768, 2000, 4)
  Test: (10816, 2000, 4)
Datasets created:
  Train: (27776, 2000, 4), Val: (9768, 2000, 4), Test: (10816, 2000, 4)

Randomly sampled 6944/27776 samples (25.0%)
Applied denoising with 15.0% masking
Applied denoising with 15.0% masking
Applied denoising with 15.0% masking
Number of encoder layers: 1
Number of decoder layers (excluding heads): 1
Total number of layers including latent layer: 3
Epoch [1/86], Total Loss: 2.1424, NLL: 2.1105, Masked: 31.8885, Reg: 804553.983205
Epoch [2/86], Total Loss: 2.1412, NLL: 2.1093, Masked: 31.8766, Reg: 801663.053535
Epoch [3/86], Total Loss: 2.1401, NLL: 2.1082, Masked: 31.8826, Reg: 799374.868817
Epoch [4/86], Total Loss: 2.1390, NLL: 2.1071, Masked: 31.8748, Reg: 797349.669904
Epoch [5/86], Total Loss: 2.1380, NLL: 2.1061, Masked: 31.8832, Reg: 795434.511584
Epoch [6/86], Total Loss: 2.1370, NLL: 2.1051, Masked: 31.8786, Reg: 793563.546317
Epoch [7/86], Total Loss: 2.1359, NLL: 2.1041, Masked: 31.8629, Reg: 791710.877646
Epoch [8/86], Total Loss: 2.1349, NLL: 2.1031, Masked: 31.8698, Reg: 789867.523672
Epoch [9/86], Total Loss: 2.1339, NLL: 2.1020, Masked: 31.8774, Reg: 788030.735842
Epoch [10/86], Total Loss: 2.1329, NLL: 2.1010, Masked: 31.8815, Reg: 786199.734258
Epoch [11/86], Total Loss: 2.1319, NLL: 2.1000, Masked: 31.8935, Reg: 784374.253402
Epoch [12/86], Total Loss: 2.1309, NLL: 2.0990, Masked: 31.8940, Reg: 782554.133065
Epoch [13/86], Total Loss: 2.1299, NLL: 2.0980, Masked: 31.8921, Reg: 780739.237786
Epoch [14/86], Total Loss: 2.1289, NLL: 2.0970, Masked: 31.8998, Reg: 778929.452585
Epoch [15/86], Total Loss: 2.1279, NLL: 2.0960, Masked: 31.8639, Reg: 777124.669229
Epoch [16/86], Total Loss: 2.1268, NLL: 2.0950, Masked: 31.8302, Reg: 775324.776336
Epoch [17/86], Total Loss: 2.1258, NLL: 2.0940, Masked: 31.8801, Reg: 773529.690875
Epoch [18/86], Total Loss: 2.1248, NLL: 2.0930, Masked: 31.8605, Reg: 771741.821177
Epoch [19/86], Total Loss: 2.1238, NLL: 2.0920, Masked: 31.8803, Reg: 769973.795273
Epoch [20/86], Total Loss: 2.1228, NLL: 2.0910, Masked: 31.8731, Reg: 768212.877799
Epoch [21/86], Total Loss: 2.1218, NLL: 2.0900, Masked: 31.8710, Reg: 766456.416511
Epoch [22/86], Total Loss: 2.1209, NLL: 2.0890, Masked: 31.8917, Reg: 764704.344803
Epoch [23/86], Total Loss: 2.1199, NLL: 2.0880, Masked: 31.8898, Reg: 762956.607548
Epoch [24/86], Total Loss: 2.1188, NLL: 2.0870, Masked: 31.8584, Reg: 761213.127790
Epoch [25/86], Total Loss: 2.1178, NLL: 2.0860, Masked: 31.8343, Reg: 759473.859852
Epoch [26/86], Total Loss: 2.1169, NLL: 2.0850, Masked: 31.8988, Reg: 757738.753330
Epoch [27/86], Total Loss: 2.1159, NLL: 2.0840, Masked: 31.9084, Reg: 756007.743646
Epoch [28/86], Total Loss: 2.1149, NLL: 2.0830, Masked: 31.8953, Reg: 754280.789396
Epoch [29/86], Total Loss: 2.1139, NLL: 2.0820, Masked: 31.9045, Reg: 752557.833426
Epoch [30/86], Total Loss: 2.1129, NLL: 2.0810, Masked: 31.9082, Reg: 750838.829835
Epoch [31/86], Total Loss: 2.1119, NLL: 2.0800, Masked: 31.8938, Reg: 749123.729794
Epoch [32/86], Total Loss: 2.1109, NLL: 2.0790, Masked: 31.9002, Reg: 747412.478624
Epoch [33/86], Total Loss: 2.1098, NLL: 2.0780, Masked: 31.8729, Reg: 745705.038297
Epoch [34/86], Total Loss: 2.1088, NLL: 2.0770, Masked: 31.8840, Reg: 744001.360212
Epoch [35/86], Total Loss: 2.1078, NLL: 2.0760, Masked: 31.8428, Reg: 742301.407015
Epoch [36/86], Total Loss: 2.1068, NLL: 2.0750, Masked: 31.8797, Reg: 740605.115927
Epoch [37/86], Total Loss: 2.1058, NLL: 2.0740, Masked: 31.8817, Reg: 738912.456347
Epoch [38/86], Total Loss: 2.1048, NLL: 2.0730, Masked: 31.8688, Reg: 737223.377421
Epoch [39/86], Total Loss: 2.1038, NLL: 2.0720, Masked: 31.8424, Reg: 735537.834821
Epoch [40/86], Total Loss: 2.1028, NLL: 2.0710, Masked: 31.8722, Reg: 733855.791646
Epoch [41/86], Total Loss: 2.1019, NLL: 2.0700, Masked: 31.8912, Reg: 732177.199066
Epoch [42/86], Total Loss: 2.1008, NLL: 2.0690, Masked: 31.8870, Reg: 730502.013204
Epoch [43/86], Total Loss: 2.0998, NLL: 2.0680, Masked: 31.8901, Reg: 728830.192657
Epoch [44/86], Total Loss: 2.0988, NLL: 2.0670, Masked: 31.8790, Reg: 727161.696024
Epoch [45/86], Total Loss: 2.0978, NLL: 2.0660, Masked: 31.8495, Reg: 725496.478525
Epoch [46/86], Total Loss: 2.0968, NLL: 2.0650, Masked: 31.8500, Reg: 723834.501683
Epoch [47/86], Total Loss: 2.0958, NLL: 2.0639, Masked: 31.8778, Reg: 722175.719371
Epoch [48/86], Total Loss: 2.0948, NLL: 2.0629, Masked: 31.8930, Reg: 720520.086361
Epoch [49/86], Total Loss: 2.0938, NLL: 2.0619, Masked: 31.8629, Reg: 718867.573400
Epoch [50/86], Total Loss: 2.0928, NLL: 2.0609, Masked: 31.8782, Reg: 717218.124910
Epoch [51/86], Total Loss: 2.0918, NLL: 2.0599, Masked: 31.9046, Reg: 715571.709614
Epoch [52/86], Total Loss: 2.0908, NLL: 2.0589, Masked: 31.8931, Reg: 713928.278685
Epoch [53/86], Total Loss: 2.0898, NLL: 2.0579, Masked: 31.8771, Reg: 712287.799269
Epoch [54/86], Total Loss: 2.0888, NLL: 2.0569, Masked: 31.9043, Reg: 710650.219614
Epoch [55/86], Total Loss: 2.0878, NLL: 2.0559, Masked: 31.8952, Reg: 709015.506867
Epoch [56/86], Total Loss: 2.0868, NLL: 2.0549, Masked: 31.8602, Reg: 707383.626827
Epoch [57/86], Total Loss: 2.0858, NLL: 2.0539, Masked: 31.8874, Reg: 705754.517164
Epoch [58/86], Total Loss: 2.0848, NLL: 2.0529, Masked: 31.8716, Reg: 704128.154027
Epoch [59/86], Total Loss: 2.0838, NLL: 2.0519, Masked: 31.8745, Reg: 702504.496013
Epoch [60/86], Total Loss: 2.0828, NLL: 2.0509, Masked: 31.8802, Reg: 700883.501719
Epoch [61/86], Total Loss: 2.0818, NLL: 2.0499, Masked: 31.8624, Reg: 699265.128618
Epoch [62/86], Total Loss: 2.0808, NLL: 2.0489, Masked: 31.8580, Reg: 697649.341383
Epoch [63/86], Total Loss: 2.0798, NLL: 2.0479, Masked: 31.8792, Reg: 696036.103561
Epoch [64/86], Total Loss: 2.0788, NLL: 2.0469, Masked: 31.8831, Reg: 694425.378249
Epoch [65/86], Total Loss: 2.0778, NLL: 2.0459, Masked: 31.8897, Reg: 692817.132596
Epoch [66/86], Total Loss: 2.0768, NLL: 2.0449, Masked: 31.8713, Reg: 691211.323625
Epoch [67/86], Total Loss: 2.0758, NLL: 2.0439, Masked: 31.8740, Reg: 689607.927707
Epoch [68/86], Total Loss: 2.0748, NLL: 2.0429, Masked: 31.8696, Reg: 688006.907042
Epoch [69/86], Total Loss: 2.0737, NLL: 2.0419, Masked: 31.8632, Reg: 686408.240027
Epoch [70/86], Total Loss: 2.0727, NLL: 2.0409, Masked: 31.8603, Reg: 684811.884361
Epoch [71/86], Total Loss: 2.0717, NLL: 2.0399, Masked: 31.8703, Reg: 683217.833066
Epoch [72/86], Total Loss: 2.0707, NLL: 2.0389, Masked: 31.8402, Reg: 681626.047217
Epoch [73/86], Total Loss: 2.0698, NLL: 2.0379, Masked: 31.8854, Reg: 680036.504986
Epoch [74/86], Total Loss: 2.0687, NLL: 2.0369, Masked: 31.8534, Reg: 678449.180723
Epoch [75/86], Total Loss: 2.0677, NLL: 2.0359, Masked: 31.8445, Reg: 676864.065650
Epoch [76/86], Total Loss: 2.0667, NLL: 2.0349, Masked: 31.8556, Reg: 675281.134343
Epoch [77/86], Total Loss: 2.0657, NLL: 2.0338, Masked: 31.8929, Reg: 673700.359348
Epoch [78/86], Total Loss: 2.0647, NLL: 2.0328, Masked: 31.8654, Reg: 672121.729866
Epoch [79/86], Total Loss: 2.0637, NLL: 2.0318, Masked: 31.8472, Reg: 670545.226995
Epoch [80/86], Total Loss: 2.0627, NLL: 2.0308, Masked: 31.8770, Reg: 668970.829583
Epoch [81/86], Total Loss: 2.0617, NLL: 2.0298, Masked: 31.8795, Reg: 667398.525931
Epoch [82/86], Total Loss: 2.0607, NLL: 2.0288, Masked: 31.8751, Reg: 665828.296011
Epoch [83/86], Total Loss: 2.0597, NLL: 2.0278, Masked: 31.8571, Reg: 664260.126548
Epoch [84/86], Total Loss: 2.0587, NLL: 2.0268, Masked: 31.9007, Reg: 662693.995716
Epoch [85/86], Total Loss: 2.0577, NLL: 2.0258, Masked: 31.8968, Reg: 661129.898564
Epoch [86/86], Total Loss: 2.0567, NLL: 2.0248, Masked: 31.8648, Reg: 659567.812365

==================================================
EVALUATING ON TRAINING DATA
==================================================

==================================================
TEST RESULTS
==================================================
Total Loss: 2.056197
  - ZINB NLL: 2.024301
Total number of masked values: 344472
  - Number of values with pi >= 0.7: 0
  - Number of values with pi < 0.7: 344472
  - Masked Reconstruction: 31.895631
  - Regularization: 658783.886719
Mean Absolute Error (MAE): 27.567364
R² Score: -7.845459
==================================================


==================================================
TEST RESULTS
==================================================
Total Loss: 2.044277
  - ZINB NLL: 2.019253
Total number of masked values: 482213
  - Number of values with pi >= 0.7: 0
  - Number of values with pi < 0.7: 482213
  - Masked Reconstruction: 25.023782
  - Regularization: 658783.886719
Mean Absolute Error (MAE): 27.376740
R² Score: -7.399435
==================================================


>>> Optimizing zinb_nll on VALIDATION set: 2.019253
>>> Full validation metrics: {'total_loss': 2.0442771591386473, 'zinb_nll': 2.01925337910164, 'mae': 27.376739501953125, 'r2': -7.399435043334961, 'masked_loss': 25.02378153781438, 'reg_loss': 658783.88671875}

Iteration No: 33 ended. Search finished for the next optimal point.
Time taken: 625.0825
Function value obtained: 2.0193
Current minimum: 1.0077
Iteration No: 34 started. Searching for the next optimal point.

================================================================================
Trial with parameters:
  features: Centr
  step_size: 0.8111321767441304
  bin_size: 1
  sample_fraction: 0.4297310587385212
  moving_average: True
  first_layer_size_factor: 90
  num_layers: 1
  use_conv: False
  conv_channel: 78
  pool_size: 5
  kernel_size: 9
  epochs: 77
  batch_size: 128
  pi_threshold: 0.6887269470292704
  learning_rate: 0.0003486051123690561
  dropout_rate: 0.43568280604682175
  masked_recon_weight: 0.07492642796818019
  regularizer: l2
  regularization_weight: 0.0015126952047167753
================================================================================

len(layers): 1
Creating datasets with:
  features: ['Centr']
  bin_size: 1
  moving_average: True
  data_point_length: 2000 (from 2000)
  step_size: 1622 (from fraction 0.8111321767441304)
  layers: [np.int64(1440)] (first=1440, num=1)
  stride: 1 (fixed), padding: same (fixed)
  Using pre-determined chromosome split


Clipping outliers using 95th percentile * 1.5...
strain_yTW001: Clipping values above 134.25 (P95=89.50). Clipped 27529/1193409 values (2.31%)
strain_FD: Clipping values above 71.92 (P95=47.94). Clipped 95791/4127807 values (2.32%)
strain_dnrp: Clipping values above 243.00 (P95=162.00). Clipped 25649/1119454 values (2.29%)
strain_yEK19: Clipping values above 77.10 (P95=51.40). Clipped 83713/3893623 values (2.15%)
strain_yEK23: Clipping values above 72.00 (P95=48.00). Clipped 86381/3558407 values (2.43%)
strain_yWT03a: Clipping values above 15.00 (P95=10.00). Clipped 10602/347679 values (3.05%)
strain_yWT04a: Clipping values above 58.50 (P95=39.00). Clipped 21095/725406 values (2.91%)
strain_ylic137: Clipping values above 142.50 (P95=95.00). Clipped 28746/1112684 values (2.58%)

Splitting data using pre-determined chromosomes...
Standardizing features: ['Centr']
Column order in final array (Dataset/Chrom split): ['Value', 'Centromere_Distance', 'Value_Raw', 'Size_Factor']
Removing 0 empty data points out of 34216
Column order in final array (Dataset/Chrom split): ['Value', 'Centromere_Distance', 'Value_Raw', 'Size_Factor']
Removing 0 empty data points out of 12032
Column order in final array (Dataset/Chrom split): ['Value', 'Centromere_Distance', 'Value_Raw', 'Size_Factor']
Removing 0 empty data points out of 13320
Datasets created with shapes:
  Train: (34216, 2000, 4)
  Val: (12032, 2000, 4)
  Test: (13320, 2000, 4)
Datasets created:
  Train: (34216, 2000, 4), Val: (12032, 2000, 4), Test: (13320, 2000, 4)

Randomly sampled 14703/34216 samples (43.0%)
Applied denoising with 15.0% masking
Applied denoising with 15.0% masking
Applied denoising with 15.0% masking
Number of encoder layers: 1
Number of decoder layers (excluding heads): 1
Total number of layers including latent layer: 3
Epoch [1/77], Total Loss: 2.5225, NLL: 1.4106, Masked: 14.8399, Reg: 12.909147
Epoch [2/77], Total Loss: 2.3155, NLL: 1.2622, Masked: 14.0575, Reg: 11.893586
Epoch [3/77], Total Loss: 2.1914, NLL: 1.1663, Masked: 13.6810, Reg: 11.311578
Epoch [4/77], Total Loss: 2.1131, NLL: 1.1078, Masked: 13.4182, Reg: 10.815962
Epoch [5/77], Total Loss: 2.0703, NLL: 1.0692, Masked: 13.3618, Reg: 10.339831
Epoch [6/77], Total Loss: 2.0413, NLL: 1.0472, Masked: 13.2670, Reg: 9.895803
Epoch [7/77], Total Loss: 2.0261, NLL: 1.0340, Masked: 13.2407, Reg: 9.467431
Epoch [8/77], Total Loss: 2.0301, NLL: 1.0373, Masked: 13.2506, Reg: 9.060720
Epoch [9/77], Total Loss: 2.0200, NLL: 1.0266, Masked: 13.2582, Reg: 8.668968
Epoch [10/77], Total Loss: 2.0120, NLL: 1.0223, Masked: 13.2093, Reg: 8.288052
Epoch [11/77], Total Loss: 2.0127, NLL: 1.0225, Masked: 13.2155, Reg: 7.922697
Epoch [12/77], Total Loss: 2.0197, NLL: 1.0271, Masked: 13.2472, Reg: 7.570061
Epoch [13/77], Total Loss: 2.0176, NLL: 1.0257, Masked: 13.2383, Reg: 7.229379
Epoch [14/77], Total Loss: 2.0143, NLL: 1.0223, Masked: 13.2405, Reg: 6.897979
Epoch [15/77], Total Loss: 2.0114, NLL: 1.0187, Masked: 13.2492, Reg: 6.577187
Epoch [16/77], Total Loss: 2.0123, NLL: 1.0193, Masked: 13.2527, Reg: 6.267237
Epoch [17/77], Total Loss: 2.0081, NLL: 1.0160, Masked: 13.2417, Reg: 5.968849
Epoch [18/77], Total Loss: 2.0136, NLL: 1.0191, Masked: 13.2733, Reg: 5.678456
Epoch [19/77], Total Loss: 2.0135, NLL: 1.0201, Masked: 13.2596, Reg: 5.401187
Epoch [20/77], Total Loss: 2.0109, NLL: 1.0170, Masked: 13.2654, Reg: 5.129358
Epoch [21/77], Total Loss: 2.0115, NLL: 1.0171, Masked: 13.2719, Reg: 4.866471
Epoch [22/77], Total Loss: 2.0086, NLL: 1.0145, Masked: 13.2674, Reg: 4.615871
Epoch [23/77], Total Loss: 2.0101, NLL: 1.0146, Masked: 13.2854, Reg: 4.371666
Epoch [24/77], Total Loss: 2.0106, NLL: 1.0151, Masked: 13.2858, Reg: 4.136846
Epoch [25/77], Total Loss: 2.0134, NLL: 1.0170, Masked: 13.2978, Reg: 3.909771
Epoch [26/77], Total Loss: 2.0142, NLL: 1.0158, Masked: 13.3251, Reg: 3.693352
Epoch [27/77], Total Loss: 2.0139, NLL: 1.0166, Masked: 13.3112, Reg: 3.483585
Epoch [28/77], Total Loss: 2.0106, NLL: 1.0130, Masked: 13.3143, Reg: 3.280870
Epoch [29/77], Total Loss: 2.0112, NLL: 1.0133, Masked: 13.3187, Reg: 3.087728
Epoch [30/77], Total Loss: 2.0086, NLL: 1.0122, Masked: 13.2981, Reg: 2.899415
Epoch [31/77], Total Loss: 2.0137, NLL: 1.0140, Masked: 13.3420, Reg: 2.720236
Epoch [32/77], Total Loss: 2.0074, NLL: 1.0097, Masked: 13.3161, Reg: 2.549684
Epoch [33/77], Total Loss: 2.0098, NLL: 1.0110, Masked: 13.3306, Reg: 2.385314
Epoch [34/77], Total Loss: 2.0122, NLL: 1.0120, Masked: 13.3490, Reg: 2.227875
Epoch [35/77], Total Loss: 2.0100, NLL: 1.0098, Masked: 13.3486, Reg: 2.078486
Epoch [36/77], Total Loss: 2.0231, NLL: 1.0198, Masked: 13.3912, Reg: 1.935849
Epoch [37/77], Total Loss: 2.0208, NLL: 1.0180, Masked: 13.3834, Reg: 1.798744
Epoch [38/77], Total Loss: 2.0150, NLL: 1.0117, Masked: 13.3908, Reg: 1.669819
Epoch [39/77], Total Loss: 2.0100, NLL: 1.0090, Masked: 13.3588, Reg: 1.546256
Epoch [40/77], Total Loss: 2.0116, NLL: 1.0095, Masked: 13.3744, Reg: 1.428372
Epoch [41/77], Total Loss: 2.0068, NLL: 1.0058, Masked: 13.3596, Reg: 1.317277
Epoch [42/77], Total Loss: 2.0149, NLL: 1.0109, Masked: 13.3991, Reg: 1.213670
Epoch [43/77], Total Loss: 2.0118, NLL: 1.0076, Masked: 13.4021, Reg: 1.114887
Epoch [44/77], Total Loss: 2.0165, NLL: 1.0118, Masked: 13.4090, Reg: 1.021087
Epoch [45/77], Total Loss: 2.0163, NLL: 1.0112, Masked: 13.4144, Reg: 0.935562
Epoch [46/77], Total Loss: 2.0144, NLL: 1.0102, Masked: 13.4027, Reg: 0.853639
Epoch [47/77], Total Loss: 2.0087, NLL: 1.0054, Masked: 13.3898, Reg: 0.777693
Epoch [48/77], Total Loss: 2.0120, NLL: 1.0071, Masked: 13.4116, Reg: 0.706476
Epoch [49/77], Total Loss: 2.0097, NLL: 1.0058, Masked: 13.3985, Reg: 0.639817
Epoch [50/77], Total Loss: 2.0092, NLL: 1.0052, Masked: 13.4002, Reg: 0.578529
Epoch [51/77], Total Loss: 2.0143, NLL: 1.0089, Masked: 13.4173, Reg: 0.521567
Epoch [52/77], Total Loss: 2.0215, NLL: 1.0131, Masked: 13.4582, Reg: 0.470787
Epoch [53/77], Total Loss: 2.0123, NLL: 1.0066, Masked: 13.4215, Reg: 0.423513
Epoch [54/77], Total Loss: 2.0314, NLL: 1.0190, Masked: 13.5112, Reg: 0.380743
Epoch [55/77], Total Loss: 2.0161, NLL: 1.0101, Masked: 13.4268, Reg: 0.343152
Epoch [56/77], Total Loss: 2.0085, NLL: 1.0030, Masked: 13.4199, Reg: 0.307503
Epoch [57/77], Total Loss: 2.0090, NLL: 1.0030, Masked: 13.4268, Reg: 0.273564
Epoch [58/77], Total Loss: 2.0130, NLL: 1.0065, Masked: 13.4323, Reg: 0.244698
Epoch [59/77], Total Loss: 2.0127, NLL: 1.0052, Masked: 13.4473, Reg: 0.219597
Epoch [60/77], Total Loss: 2.0108, NLL: 1.0050, Masked: 13.4236, Reg: 0.197378
Epoch [61/77], Total Loss: 2.0255, NLL: 1.0150, Masked: 13.4869, Reg: 0.177299
Epoch [62/77], Total Loss: 2.0111, NLL: 1.0048, Masked: 13.4314, Reg: 0.163030
Epoch [63/77], Total Loss: 2.0106, NLL: 1.0040, Masked: 13.4344, Reg: 0.146397
Epoch [64/77], Total Loss: 2.0175, NLL: 1.0090, Masked: 13.4599, Reg: 0.133824
Epoch [65/77], Total Loss: 2.0166, NLL: 1.0081, Masked: 13.4596, Reg: 0.123741
Epoch [66/77], Total Loss: 2.0138, NLL: 1.0060, Masked: 13.4498, Reg: 0.115512
Epoch [67/77], Total Loss: 2.0134, NLL: 1.0053, Masked: 13.4543, Reg: 0.106920
Epoch [68/77], Total Loss: 2.0141, NLL: 1.0054, Masked: 13.4626, Reg: 0.100698
Epoch [69/77], Total Loss: 2.0225, NLL: 1.0118, Masked: 13.4896, Reg: 0.095737
Epoch [70/77], Total Loss: 2.0106, NLL: 1.0041, Masked: 13.4332, Reg: 0.093049
Epoch [71/77], Total Loss: 2.0118, NLL: 1.0038, Masked: 13.4537, Reg: 0.089454
Epoch [72/77], Total Loss: 2.0190, NLL: 1.0089, Masked: 13.4807, Reg: 0.085683
Epoch [73/77], Total Loss: 2.0150, NLL: 1.0065, Masked: 13.4607, Reg: 0.085308
Epoch [74/77], Total Loss: 2.0122, NLL: 1.0041, Masked: 13.4555, Reg: 0.083428
Epoch [75/77], Total Loss: 2.0278, NLL: 1.0149, Masked: 13.5190, Reg: 0.082017
Epoch [76/77], Total Loss: 2.0166, NLL: 1.0083, Masked: 13.4573, Reg: 0.083386
Epoch [77/77], Total Loss: 2.0159, NLL: 1.0059, Masked: 13.4793, Reg: 0.081944

==================================================
EVALUATING ON TRAINING DATA
==================================================

==================================================
TEST RESULTS
==================================================
Total Loss: 2.003223
  - ZINB NLL: 0.999138
Total number of masked values: 713277
  - Number of values with pi >= 0.6887269470292704: 702199
  - Number of values with pi < 0.6887269470292704: 11078
  - Masked Reconstruction: 13.400953
  - Regularization: 0.081490
Mean Absolute Error (MAE): 2.254695
R² Score: -0.041914
==================================================


==================================================
TEST RESULTS
==================================================
Total Loss: 2.125820
  - ZINB NLL: 1.022564
Total number of masked values: 595201
  - Number of values with pi >= 0.6887269470292704: 588365
  - Number of values with pi < 0.6887269470292704: 6836
  - Masked Reconstruction: 14.724525
  - Regularization: 0.081490
Mean Absolute Error (MAE): 2.337266
R² Score: -0.043572
==================================================


>>> Optimizing zinb_nll on VALIDATION set: 1.022564
>>> Full validation metrics: {'total_loss': 2.125819745850056, 'zinb_nll': 1.0225636978098687, 'mae': 2.337265968322754, 'r2': -0.0435718297958374, 'masked_loss': 14.724524820104559, 'reg_loss': 0.08148962191259111}

Iteration No: 34 ended. Search finished for the next optimal point.
Time taken: 617.5653
Function value obtained: 1.0226
Current minimum: 1.0077
Iteration No: 35 started. Searching for the next optimal point.

================================================================================
Trial with parameters:
  features: Centr
  step_size: 0.6709885305101128
  bin_size: 1
  sample_fraction: 0.5044342061363559
  moving_average: False
  first_layer_size_factor: 70
  num_layers: 3
  use_conv: True
  conv_channel: 105
  pool_size: 3
  kernel_size: 9
  epochs: 47
  batch_size: 64
  pi_threshold: 0.3340753578468696
  learning_rate: 0.00021137001910654187
  dropout_rate: 0.5
  masked_recon_weight: 5.602368618630827
  regularizer: l2
  regularization_weight: 0.0011291288364819946
================================================================================

len(layers): 3
Creating datasets with:
  features: ['Centr']
  bin_size: 1
  moving_average: False
  data_point_length: 2000 (from 2000)
  step_size: 1341 (from fraction 0.6709885305101128)
  layers: [np.int64(1120), np.int64(560), np.int64(280)] (first=1120, num=3)
  stride: 1 (fixed), padding: same (fixed)
  Using pre-determined chromosome split


Clipping outliers using 95th percentile * 1.5...
strain_yTW001: Clipping values above 134.25 (P95=89.50). Clipped 27529/1193409 values (2.31%)
strain_FD: Clipping values above 71.92 (P95=47.94). Clipped 95791/4127807 values (2.32%)
strain_dnrp: Clipping values above 243.00 (P95=162.00). Clipped 25649/1119454 values (2.29%)
strain_yEK19: Clipping values above 77.10 (P95=51.40). Clipped 83713/3893623 values (2.15%)
strain_yEK23: Clipping values above 72.00 (P95=48.00). Clipped 86381/3558407 values (2.43%)
strain_yWT03a: Clipping values above 15.00 (P95=10.00). Clipped 10602/347679 values (3.05%)
strain_yWT04a: Clipping values above 58.50 (P95=39.00). Clipped 21095/725406 values (2.91%)
strain_ylic137: Clipping values above 142.50 (P95=95.00). Clipped 28746/1112684 values (2.58%)

Splitting data using pre-determined chromosomes...
Standardizing features: ['Centr']
Column order in final array (Dataset/Chrom split): ['Value', 'Centromere_Distance', 'Value_Raw', 'Size_Factor']
Removing 0 empty data points out of 41360
Column order in final array (Dataset/Chrom split): ['Value', 'Centromere_Distance', 'Value_Raw', 'Size_Factor']
Removing 0 empty data points out of 14552
Column order in final array (Dataset/Chrom split): ['Value', 'Centromere_Distance', 'Value_Raw', 'Size_Factor']
Removing 0 empty data points out of 16096
Datasets created with shapes:
  Train: (41360, 2000, 4)
  Val: (14552, 2000, 4)
  Test: (16096, 2000, 4)
Datasets created:
  Train: (41360, 2000, 4), Val: (14552, 2000, 4), Test: (16096, 2000, 4)

Randomly sampled 20863/41360 samples (50.4%)
Applied denoising with 15.0% masking
Applied denoising with 15.0% masking
Applied denoising with 15.0% masking
Number of encoder layers: 3
Number of decoder layers (excluding heads): 3
Total number of layers including latent layer: 7
Epoch [1/47], Total Loss: 77.1482, NLL: 1.2653, Masked: 13.5448, Reg: 9.752320
Epoch [2/47], Total Loss: 75.6570, NLL: 1.0352, Masked: 13.3197, Reg: 8.808355
Epoch [3/47], Total Loss: 75.7779, NLL: 1.0345, Masked: 13.3414, Reg: 8.073609
Epoch [4/47], Total Loss: 75.6816, NLL: 1.0236, Masked: 13.3261, Reg: 7.426538
Epoch [5/47], Total Loss: 75.6631, NLL: 1.0172, Masked: 13.3240, Reg: 6.840178
Epoch [6/47], Total Loss: 75.6592, NLL: 1.0124, Masked: 13.3241, Reg: 6.297385
Epoch [7/47], Total Loss: 75.7201, NLL: 1.0108, Masked: 13.3353, Reg: 5.796001
Epoch [8/47], Total Loss: 75.7693, NLL: 1.0052, Masked: 13.3451, Reg: 5.325846
Epoch [9/47], Total Loss: 75.6560, NLL: 1.0012, Masked: 13.3256, Reg: 4.877681
Epoch [10/47], Total Loss: 75.7136, NLL: 1.0019, Masked: 13.3357, Reg: 4.464108
Epoch [11/47], Total Loss: 75.6928, NLL: 1.0004, Masked: 13.3323, Reg: 4.072612
Epoch [12/47], Total Loss: 75.6947, NLL: 1.0008, Masked: 13.3326, Reg: 3.702957
Epoch [13/47], Total Loss: 75.7073, NLL: 0.9992, Masked: 13.3351, Reg: 3.356992
Epoch [14/47], Total Loss: 75.6162, NLL: 0.9991, Masked: 13.3188, Reg: 3.032321
Epoch [15/47], Total Loss: 75.6444, NLL: 0.9992, Masked: 13.3239, Reg: 2.728161
Epoch [16/47], Total Loss: 75.6201, NLL: 0.9987, Masked: 13.3196, Reg: 2.444142
Epoch [17/47], Total Loss: 75.6421, NLL: 0.9993, Masked: 13.3234, Reg: 2.179008
Epoch [18/47], Total Loss: 75.6087, NLL: 0.9991, Masked: 13.3175, Reg: 1.932300
Epoch [19/47], Total Loss: 75.6340, NLL: 0.9991, Masked: 13.3220, Reg: 1.703027
Epoch [20/47], Total Loss: 75.6416, NLL: 0.9994, Masked: 13.3233, Reg: 1.491553
Epoch [21/47], Total Loss: 75.7283, NLL: 0.9993, Masked: 13.3388, Reg: 1.297089
Epoch [22/47], Total Loss: 75.7107, NLL: 0.9995, Masked: 13.3357, Reg: 1.119233
Epoch [23/47], Total Loss: 75.6826, NLL: 0.9995, Masked: 13.3306, Reg: 0.957432
Epoch [24/47], Total Loss: 75.7445, NLL: 0.9997, Masked: 13.3416, Reg: 0.811209
Epoch [25/47], Total Loss: 75.6783, NLL: 0.9995, Masked: 13.3299, Reg: 0.680037
Epoch [26/47], Total Loss: 75.6905, NLL: 1.0001, Masked: 13.3319, Reg: 0.563912
Epoch [27/47], Total Loss: 75.6231, NLL: 1.0003, Masked: 13.3199, Reg: 0.461895
Epoch [28/47], Total Loss: 75.6454, NLL: 1.0004, Masked: 13.3238, Reg: 0.373421
Epoch [29/47], Total Loss: 75.6428, NLL: 1.0004, Masked: 13.3234, Reg: 0.297779
Epoch [30/47], Total Loss: 75.6829, NLL: 1.0005, Masked: 13.3305, Reg: 0.234239
Epoch [31/47], Total Loss: 75.6516, NLL: 1.0010, Masked: 13.3248, Reg: 0.181607
Epoch [32/47], Total Loss: 75.6290, NLL: 1.0014, Masked: 13.3207, Reg: 0.139841
Epoch [33/47], Total Loss: 75.6983, NLL: 1.0011, Masked: 13.3331, Reg: 0.106983
Epoch [34/47], Total Loss: 75.6111, NLL: 1.0016, Masked: 13.3175, Reg: 0.082388
Epoch [35/47], Total Loss: 75.6733, NLL: 1.0018, Masked: 13.3286, Reg: 0.064632
Epoch [36/47], Total Loss: 75.5693, NLL: 1.0021, Masked: 13.3099, Reg: 0.052340
Epoch [37/47], Total Loss: 75.6220, NLL: 1.0020, Masked: 13.3194, Reg: 0.044700
Epoch [38/47], Total Loss: 75.6420, NLL: 1.0026, Masked: 13.3228, Reg: 0.040161
Epoch [39/47], Total Loss: 75.6956, NLL: 1.0023, Masked: 13.3324, Reg: 0.037292
Epoch [40/47], Total Loss: 75.6807, NLL: 1.0024, Masked: 13.3298, Reg: 0.036083
Epoch [41/47], Total Loss: 75.7144, NLL: 1.0027, Masked: 13.3357, Reg: 0.035544
Epoch [42/47], Total Loss: 75.7491, NLL: 1.0025, Masked: 13.3420, Reg: 0.035034
Epoch [43/47], Total Loss: 75.6855, NLL: 1.0027, Masked: 13.3306, Reg: 0.034835
Epoch [44/47], Total Loss: 75.7353, NLL: 1.0027, Masked: 13.3395, Reg: 0.034866
Epoch [45/47], Total Loss: 75.6403, NLL: 1.0025, Masked: 13.3226, Reg: 0.034651
Epoch [46/47], Total Loss: 75.6939, NLL: 1.0023, Masked: 13.3321, Reg: 0.034456
Epoch [47/47], Total Loss: 75.6855, NLL: 1.0024, Masked: 13.3306, Reg: 0.034315

==================================================
EVALUATING ON TRAINING DATA
==================================================

==================================================
TEST RESULTS
==================================================
Total Loss: 75.681944
  - ZINB NLL: 0.996723
Total number of masked values: 1019684
  - Number of values with pi >= 0.3340753578468696: 1019684
  - Number of values with pi < 0.3340753578468696: 0
  - Masked Reconstruction: 13.331008
  - Regularization: 0.033991
Mean Absolute Error (MAE): 2.188409
R² Score: -0.041779
==================================================


==================================================
TEST RESULTS
==================================================
Total Loss: 83.769252
  - ZINB NLL: 1.012133
Total number of masked values: 720654
  - Number of values with pi >= 0.3340753578468696: 720654
  - Number of values with pi < 0.3340753578468696: 0
  - Masked Reconstruction: 14.771808
  - Regularization: 0.033991
Mean Absolute Error (MAE): 2.304506
R² Score: -0.042295
==================================================


>>> Optimizing zinb_nll on VALIDATION set: 1.012133
>>> Full validation metrics: {'total_loss': 83.76925239332303, 'zinb_nll': 1.0121333554854033, 'mae': 2.304506301879883, 'r2': -0.042295217514038086, 'masked_loss': 14.771808404592186, 'reg_loss': 0.03399075833988535}

Iteration No: 35 ended. Search finished for the next optimal point.
Time taken: 1215.5846
Function value obtained: 1.0121
Current minimum: 1.0077
Iteration No: 36 started. Searching for the next optimal point.

================================================================================
Trial with parameters:
  features: Centr
  step_size: 0.6030840634050039
  bin_size: 1
  sample_fraction: 0.7763735649881967
  moving_average: False
  first_layer_size_factor: 100
  num_layers: 4
  use_conv: True
  conv_channel: 64
  pool_size: 5
  kernel_size: 9
  epochs: 150
  batch_size: 32
  pi_threshold: 0.3950332770195318
  learning_rate: 0.00040398904591061423
  dropout_rate: 0.4224114303132333
  masked_recon_weight: 0.5191974959703619
  regularizer: l2
  regularization_weight: 0.0011997433093377504
================================================================================

len(layers): 4
Creating datasets with:
  features: ['Centr']
  bin_size: 1
  moving_average: False
  data_point_length: 2000 (from 2000)
  step_size: 1206 (from fraction 0.6030840634050039)
  layers: [np.int64(1600), np.int64(800), np.int64(400), np.int64(200)] (first=1600, num=4)
  stride: 1 (fixed), padding: same (fixed)
  Using pre-determined chromosome split


Clipping outliers using 95th percentile * 1.5...
strain_yTW001: Clipping values above 134.25 (P95=89.50). Clipped 27529/1193409 values (2.31%)
strain_FD: Clipping values above 71.92 (P95=47.94). Clipped 95791/4127807 values (2.32%)
strain_dnrp: Clipping values above 243.00 (P95=162.00). Clipped 25649/1119454 values (2.29%)
strain_yEK19: Clipping values above 77.10 (P95=51.40). Clipped 83713/3893623 values (2.15%)
strain_yEK23: Clipping values above 72.00 (P95=48.00). Clipped 86381/3558407 values (2.43%)
strain_yWT03a: Clipping values above 15.00 (P95=10.00). Clipped 10602/347679 values (3.05%)
strain_yWT04a: Clipping values above 58.50 (P95=39.00). Clipped 21095/725406 values (2.91%)
strain_ylic137: Clipping values above 142.50 (P95=95.00). Clipped 28746/1112684 values (2.58%)

Splitting data using pre-determined chromosomes...
Standardizing features: ['Centr']
Column order in final array (Dataset/Chrom split): ['Value', 'Centromere_Distance', 'Value_Raw', 'Size_Factor']
Removing 0 empty data points out of 45984
Column order in final array (Dataset/Chrom split): ['Value', 'Centromere_Distance', 'Value_Raw', 'Size_Factor']
Removing 0 empty data points out of 16168
Column order in final array (Dataset/Chrom split): ['Value', 'Centromere_Distance', 'Value_Raw', 'Size_Factor']
Removing 0 empty data points out of 17896
Datasets created with shapes:
  Train: (45984, 2000, 4)
  Val: (16168, 2000, 4)
  Test: (17896, 2000, 4)
Datasets created:
  Train: (45984, 2000, 4), Val: (16168, 2000, 4), Test: (17896, 2000, 4)

Randomly sampled 35700/45984 samples (77.6%)
Applied denoising with 15.0% masking
Applied denoising with 15.0% masking
Applied denoising with 15.0% masking
Number of encoder layers: 4
Number of decoder layers (excluding heads): 4
Total number of layers including latent layer: 9
Epoch [1/150], Total Loss: 8.0730, NLL: 1.0630, Masked: 13.5015, Reg: 8.237560
Epoch [2/150], Total Loss: 7.9521, NLL: 1.0078, Masked: 13.3752, Reg: 4.739547
Epoch [3/150], Total Loss: 7.9538, NLL: 1.0067, Masked: 13.3804, Reg: 2.563522
Epoch [4/150], Total Loss: 7.9580, NLL: 1.0068, Masked: 13.3882, Reg: 1.199485
Epoch [5/150], Total Loss: 7.9525, NLL: 1.0076, Masked: 13.3761, Reg: 0.453863
Epoch [6/150], Total Loss: 7.9601, NLL: 1.0084, Masked: 13.3893, Reg: 0.141490
Epoch [7/150], Total Loss: 7.9600, NLL: 1.0089, Masked: 13.3881, Reg: 0.061048
Epoch [8/150], Total Loss: 7.9598, NLL: 1.0091, Masked: 13.3874, Reg: 0.051672
Epoch [9/150], Total Loss: 7.9585, NLL: 1.0090, Masked: 13.3850, Reg: 0.051230
Epoch [10/150], Total Loss: 7.9533, NLL: 1.0089, Masked: 13.3752, Reg: 0.050847
Epoch [11/150], Total Loss: 7.9576, NLL: 1.0088, Masked: 13.3836, Reg: 0.050365
Epoch [12/150], Total Loss: 7.9583, NLL: 1.0089, Masked: 13.3848, Reg: 0.049882
Epoch [13/150], Total Loss: 7.9500, NLL: 1.0087, Masked: 13.3693, Reg: 0.049464
Epoch [14/150], Total Loss: 7.9557, NLL: 1.0088, Masked: 13.3800, Reg: 0.049396
Epoch [15/150], Total Loss: 7.9619, NLL: 1.0089, Masked: 13.3919, Reg: 0.049180
Epoch [16/150], Total Loss: 7.9607, NLL: 1.0085, Masked: 13.3902, Reg: 0.048518
Epoch [17/150], Total Loss: 7.9501, NLL: 1.0087, Masked: 13.3694, Reg: 0.048860
Epoch [18/150], Total Loss: 7.9634, NLL: 1.0089, Masked: 13.3948, Reg: 0.048332
Epoch [19/150], Total Loss: 7.9557, NLL: 1.0087, Masked: 13.3804, Reg: 0.048400
Epoch [20/150], Total Loss: 7.9553, NLL: 1.0087, Masked: 13.3795, Reg: 0.048519
Epoch [21/150], Total Loss: 7.9615, NLL: 1.0086, Masked: 13.3917, Reg: 0.047862
Epoch [22/150], Total Loss: 7.9548, NLL: 1.0086, Masked: 13.3788, Reg: 0.048143
Epoch [23/150], Total Loss: 7.9531, NLL: 1.0086, Masked: 13.3754, Reg: 0.047905
Epoch [24/150], Total Loss: 7.9598, NLL: 1.0088, Masked: 13.3880, Reg: 0.047920
Epoch [25/150], Total Loss: 7.9597, NLL: 1.0085, Masked: 13.3884, Reg: 0.047022
Epoch [26/150], Total Loss: 7.9534, NLL: 1.0088, Masked: 13.3756, Reg: 0.047674
Epoch [27/150], Total Loss: 7.9555, NLL: 1.0085, Masked: 13.3804, Reg: 0.047442
Epoch [28/150], Total Loss: 7.9571, NLL: 1.0087, Masked: 13.3830, Reg: 0.047757
Epoch [29/150], Total Loss: 7.9586, NLL: 1.0086, Masked: 13.3862, Reg: 0.047303
Epoch [30/150], Total Loss: 7.9594, NLL: 1.0085, Masked: 13.3877, Reg: 0.047213
Epoch [31/150], Total Loss: 7.9700, NLL: 1.0087, Masked: 13.4079, Reg: 0.047471
Epoch [32/150], Total Loss: 7.9511, NLL: 1.0086, Masked: 13.3717, Reg: 0.047216
Epoch [33/150], Total Loss: 7.9619, NLL: 1.0083, Masked: 13.3929, Reg: 0.047256
Epoch [34/150], Total Loss: 7.9591, NLL: 1.0085, Masked: 13.3872, Reg: 0.047478
Epoch [35/150], Total Loss: 7.9584, NLL: 1.0088, Masked: 13.3852, Reg: 0.047218
Epoch [36/150], Total Loss: 7.9518, NLL: 1.0086, Masked: 13.3729, Reg: 0.047021
Epoch [37/150], Total Loss: 7.9682, NLL: 1.0087, Masked: 13.4044, Reg: 0.047287
Epoch [38/150], Total Loss: 7.9585, NLL: 1.0085, Masked: 13.3862, Reg: 0.047149
Epoch [39/150], Total Loss: 7.9551, NLL: 1.0085, Masked: 13.3797, Reg: 0.046870
Epoch [40/150], Total Loss: 7.9571, NLL: 1.0086, Masked: 13.3831, Reg: 0.047088
Epoch [41/150], Total Loss: 7.9601, NLL: 1.0086, Masked: 13.3890, Reg: 0.047416
Epoch [42/150], Total Loss: 7.9572, NLL: 1.0085, Masked: 13.3837, Reg: 0.047020
Epoch [43/150], Total Loss: 7.9552, NLL: 1.0085, Masked: 13.3795, Reg: 0.047156
Epoch [44/150], Total Loss: 7.9626, NLL: 1.0084, Masked: 13.3941, Reg: 0.047058
Epoch [45/150], Total Loss: 7.9578, NLL: 1.0086, Masked: 13.3846, Reg: 0.047165
Epoch [46/150], Total Loss: 7.9621, NLL: 1.0085, Masked: 13.3930, Reg: 0.046907
Epoch [47/150], Total Loss: 7.9625, NLL: 1.0085, Masked: 13.3937, Reg: 0.047207
Epoch [48/150], Total Loss: 7.9536, NLL: 1.0086, Masked: 13.3763, Reg: 0.046874
Epoch [49/150], Total Loss: 7.9523, NLL: 1.0085, Masked: 13.3742, Reg: 0.047520
Epoch [50/150], Total Loss: 7.9620, NLL: 1.0086, Masked: 13.3927, Reg: 0.047204
Epoch [51/150], Total Loss: 7.9644, NLL: 1.0084, Masked: 13.3976, Reg: 0.046915
Epoch [52/150], Total Loss: 7.9569, NLL: 1.0084, Masked: 13.3831, Reg: 0.047189
Epoch [53/150], Total Loss: 7.9597, NLL: 1.0087, Masked: 13.3880, Reg: 0.047227
Epoch [54/150], Total Loss: 7.9545, NLL: 1.0082, Masked: 13.3789, Reg: 0.046706
Epoch [55/150], Total Loss: 7.9642, NLL: 1.0087, Masked: 13.3967, Reg: 0.047027
Epoch [56/150], Total Loss: 7.9574, NLL: 1.0087, Masked: 13.3836, Reg: 0.047113
Epoch [57/150], Total Loss: 7.9603, NLL: 1.0085, Masked: 13.3896, Reg: 0.047047
Epoch [58/150], Total Loss: 7.9578, NLL: 1.0083, Masked: 13.3852, Reg: 0.046982
Epoch [59/150], Total Loss: 7.9577, NLL: 1.0087, Masked: 13.3843, Reg: 0.047077
Epoch [60/150], Total Loss: 7.9592, NLL: 1.0084, Masked: 13.3876, Reg: 0.046811
Epoch [61/150], Total Loss: 7.9558, NLL: 1.0084, Masked: 13.3809, Reg: 0.047104
Epoch [62/150], Total Loss: 7.9569, NLL: 1.0086, Masked: 13.3827, Reg: 0.046960
Epoch [63/150], Total Loss: 7.9588, NLL: 1.0085, Masked: 13.3867, Reg: 0.046850
Epoch [64/150], Total Loss: 7.9615, NLL: 1.0086, Masked: 13.3916, Reg: 0.046981
Epoch [65/150], Total Loss: 7.9580, NLL: 1.0083, Masked: 13.3854, Reg: 0.046772
Epoch [66/150], Total Loss: 7.9499, NLL: 1.0087, Masked: 13.3692, Reg: 0.046602
Epoch [67/150], Total Loss: 7.9649, NLL: 1.0083, Masked: 13.3988, Reg: 0.046456
Epoch [68/150], Total Loss: 7.9636, NLL: 1.0087, Masked: 13.3956, Reg: 0.046936
Epoch [69/150], Total Loss: 7.9621, NLL: 1.0083, Masked: 13.3932, Reg: 0.046103
Epoch [70/150], Total Loss: 7.9632, NLL: 1.0085, Masked: 13.3951, Reg: 0.046439
Epoch [71/150], Total Loss: 7.9547, NLL: 1.0084, Masked: 13.3790, Reg: 0.046284
Epoch [72/150], Total Loss: 7.9558, NLL: 1.0086, Masked: 13.3806, Reg: 0.046437
Epoch [73/150], Total Loss: 7.9632, NLL: 1.0085, Masked: 13.3950, Reg: 0.046424
Epoch [74/150], Total Loss: 7.9608, NLL: 1.0084, Masked: 13.3906, Reg: 0.046682
Epoch [75/150], Total Loss: 7.9512, NLL: 1.0084, Masked: 13.3721, Reg: 0.046326
Epoch [76/150], Total Loss: 7.9627, NLL: 1.0087, Masked: 13.3937, Reg: 0.046682
Epoch [77/150], Total Loss: 7.9513, NLL: 1.0087, Masked: 13.3717, Reg: 0.046122
Epoch [78/150], Total Loss: 7.9569, NLL: 1.0086, Masked: 13.3829, Reg: 0.046471
Epoch [79/150], Total Loss: 7.9561, NLL: 1.0084, Masked: 13.3815, Reg: 0.046035
Epoch [80/150], Total Loss: 7.9594, NLL: 1.0084, Masked: 13.3879, Reg: 0.046453
Epoch [81/150], Total Loss: 7.9530, NLL: 1.0085, Masked: 13.3755, Reg: 0.046116
Epoch [82/150], Total Loss: 7.9502, NLL: 1.0084, Masked: 13.3701, Reg: 0.046178
Epoch [83/150], Total Loss: 7.9598, NLL: 1.0086, Masked: 13.3884, Reg: 0.046237
Epoch [84/150], Total Loss: 7.9633, NLL: 1.0084, Masked: 13.3954, Reg: 0.046146
Epoch [85/150], Total Loss: 7.9606, NLL: 1.0084, Masked: 13.3903, Reg: 0.046201
Epoch [86/150], Total Loss: 7.9561, NLL: 1.0086, Masked: 13.3811, Reg: 0.046347
Epoch [87/150], Total Loss: 7.9629, NLL: 1.0085, Masked: 13.3944, Reg: 0.046327
Epoch [88/150], Total Loss: 7.9545, NLL: 1.0084, Masked: 13.3786, Reg: 0.046047
Epoch [89/150], Total Loss: 7.9555, NLL: 1.0087, Masked: 13.3797, Reg: 0.046572
Epoch [90/150], Total Loss: 7.9600, NLL: 1.0085, Masked: 13.3889, Reg: 0.046225
Epoch [91/150], Total Loss: 7.9597, NLL: 1.0083, Masked: 13.3887, Reg: 0.046309
Epoch [92/150], Total Loss: 7.9589, NLL: 1.0084, Masked: 13.3869, Reg: 0.046014
Epoch [93/150], Total Loss: 7.9587, NLL: 1.0085, Masked: 13.3864, Reg: 0.046012
Epoch [94/150], Total Loss: 7.9569, NLL: 1.0083, Masked: 13.3834, Reg: 0.046646
Epoch [95/150], Total Loss: 7.9625, NLL: 1.0085, Masked: 13.3937, Reg: 0.046280
Epoch [96/150], Total Loss: 7.9587, NLL: 1.0087, Masked: 13.3860, Reg: 0.046304
Epoch [97/150], Total Loss: 7.9591, NLL: 1.0084, Masked: 13.3873, Reg: 0.046309
Epoch [98/150], Total Loss: 7.9679, NLL: 1.0087, Masked: 13.4038, Reg: 0.046223
Epoch [99/150], Total Loss: 7.9590, NLL: 1.0085, Masked: 13.3870, Reg: 0.046320
Epoch [100/150], Total Loss: 7.9616, NLL: 1.0084, Masked: 13.3922, Reg: 0.046138
Epoch [101/150], Total Loss: 7.9548, NLL: 1.0085, Masked: 13.3789, Reg: 0.046126
Epoch [102/150], Total Loss: 7.9558, NLL: 1.0085, Masked: 13.3808, Reg: 0.046069
Epoch [103/150], Total Loss: 7.9560, NLL: 1.0086, Masked: 13.3809, Reg: 0.046642
Epoch [104/150], Total Loss: 7.9603, NLL: 1.0086, Masked: 13.3892, Reg: 0.046348
Epoch [105/150], Total Loss: 7.9524, NLL: 1.0088, Masked: 13.3737, Reg: 0.046314
Epoch [106/150], Total Loss: 7.9540, NLL: 1.0084, Masked: 13.3775, Reg: 0.045973
Epoch [107/150], Total Loss: 7.9561, NLL: 1.0084, Masked: 13.3817, Reg: 0.046020
Epoch [108/150], Total Loss: 7.9593, NLL: 1.0085, Masked: 13.3875, Reg: 0.046185
Epoch [109/150], Total Loss: 7.9612, NLL: 1.0087, Masked: 13.3909, Reg: 0.046567
Epoch [110/150], Total Loss: 7.9537, NLL: 1.0083, Masked: 13.3771, Reg: 0.046087
Epoch [111/150], Total Loss: 7.9564, NLL: 1.0086, Masked: 13.3819, Reg: 0.046618
Epoch [112/150], Total Loss: 7.9630, NLL: 1.0084, Masked: 13.3949, Reg: 0.045972
Epoch [113/150], Total Loss: 7.9651, NLL: 1.0085, Masked: 13.3988, Reg: 0.046381
Epoch [114/150], Total Loss: 7.9576, NLL: 1.0088, Masked: 13.3838, Reg: 0.046268
Epoch [115/150], Total Loss: 7.9603, NLL: 1.0084, Masked: 13.3897, Reg: 0.046311
Epoch [116/150], Total Loss: 7.9558, NLL: 1.0085, Masked: 13.3809, Reg: 0.046380
Epoch [117/150], Total Loss: 7.9567, NLL: 1.0084, Masked: 13.3826, Reg: 0.046049
Epoch [118/150], Total Loss: 7.9645, NLL: 1.0086, Masked: 13.3974, Reg: 0.046122
Epoch [119/150], Total Loss: 7.9550, NLL: 1.0086, Masked: 13.3792, Reg: 0.046286
Epoch [120/150], Total Loss: 7.9630, NLL: 1.0087, Masked: 13.3944, Reg: 0.046372
Epoch [121/150], Total Loss: 7.9523, NLL: 1.0083, Masked: 13.3745, Reg: 0.046070
Epoch [122/150], Total Loss: 7.9602, NLL: 1.0086, Masked: 13.3891, Reg: 0.046574
Epoch [123/150], Total Loss: 7.9562, NLL: 1.0087, Masked: 13.3813, Reg: 0.046222
Epoch [124/150], Total Loss: 7.9591, NLL: 1.0084, Masked: 13.3874, Reg: 0.045935
Epoch [125/150], Total Loss: 7.9563, NLL: 1.0085, Masked: 13.3818, Reg: 0.046151
Epoch [126/150], Total Loss: 7.9587, NLL: 1.0086, Masked: 13.3863, Reg: 0.046050
Epoch [127/150], Total Loss: 7.9606, NLL: 1.0085, Masked: 13.3901, Reg: 0.046490
Epoch [128/150], Total Loss: 7.9567, NLL: 1.0085, Masked: 13.3824, Reg: 0.046345
Epoch [129/150], Total Loss: 7.9597, NLL: 1.0085, Masked: 13.3885, Reg: 0.046431
Epoch [130/150], Total Loss: 7.9605, NLL: 1.0086, Masked: 13.3898, Reg: 0.046552
Epoch [131/150], Total Loss: 7.9525, NLL: 1.0084, Masked: 13.3746, Reg: 0.046057
Epoch [132/150], Total Loss: 7.9571, NLL: 1.0084, Masked: 13.3834, Reg: 0.046192
Epoch [133/150], Total Loss: 7.9617, NLL: 1.0085, Masked: 13.3923, Reg: 0.045983
Epoch [134/150], Total Loss: 7.9597, NLL: 1.0087, Masked: 13.3879, Reg: 0.046361
Epoch [135/150], Total Loss: 7.9560, NLL: 1.0083, Masked: 13.3816, Reg: 0.046077
Epoch [136/150], Total Loss: 7.9590, NLL: 1.0084, Masked: 13.3872, Reg: 0.046008
Epoch [137/150], Total Loss: 7.9610, NLL: 1.0087, Masked: 13.3905, Reg: 0.046334
Epoch [138/150], Total Loss: 7.9537, NLL: 1.0084, Masked: 13.3769, Reg: 0.046444
Epoch [139/150], Total Loss: 7.9545, NLL: 1.0087, Masked: 13.3781, Reg: 0.046166
Epoch [140/150], Total Loss: 7.9648, NLL: 1.0084, Masked: 13.3983, Reg: 0.045926
Epoch [141/150], Total Loss: 7.9612, NLL: 1.0086, Masked: 13.3911, Reg: 0.046256
Epoch [142/150], Total Loss: 7.9606, NLL: 1.0084, Masked: 13.3903, Reg: 0.046302
Epoch [143/150], Total Loss: 7.9548, NLL: 1.0086, Masked: 13.3786, Reg: 0.046346
Epoch [144/150], Total Loss: 7.9577, NLL: 1.0086, Masked: 13.3845, Reg: 0.046076
Epoch [145/150], Total Loss: 7.9538, NLL: 1.0085, Masked: 13.3770, Reg: 0.045981
Epoch [146/150], Total Loss: 7.9539, NLL: 1.0087, Masked: 13.3768, Reg: 0.046317
Epoch [147/150], Total Loss: 7.9572, NLL: 1.0086, Masked: 13.3833, Reg: 0.046043
Epoch [148/150], Total Loss: 7.9617, NLL: 1.0084, Masked: 13.3925, Reg: 0.046036
Epoch [149/150], Total Loss: 7.9622, NLL: 1.0085, Masked: 13.3932, Reg: 0.046381
Epoch [150/150], Total Loss: 7.9564, NLL: 1.0085, Masked: 13.3820, Reg: 0.046040

==================================================
EVALUATING ON TRAINING DATA
==================================================

==================================================
TEST RESULTS
==================================================
Total Loss: 7.948872
  - ZINB NLL: 1.002791
Total number of masked values: 1749172
  - Number of values with pi >= 0.3950332770195318: 1749172
  - Number of values with pi < 0.3950332770195318: 0
  - Masked Reconstruction: 13.378493
  - Regularization: 0.044444
Mean Absolute Error (MAE): 2.197142
R² Score: -0.041868
==================================================


==================================================
TEST RESULTS
==================================================
Total Loss: 8.655874
  - ZINB NLL: 1.011892
Total number of masked values: 797510
  - Number of values with pi >= 0.3950332770195318: 797510
  - Number of values with pi < 0.3950332770195318: 0
  - Masked Reconstruction: 14.722686
  - Regularization: 0.044444
Mean Absolute Error (MAE): 2.293947
R² Score: -0.042128
==================================================


>>> Optimizing zinb_nll on VALIDATION set: 1.011892
>>> Full validation metrics: {'total_loss': 8.65587377170712, 'zinb_nll': 1.0118916278602699, 'mae': 2.293947458267212, 'r2': -0.04212796688079834, 'masked_loss': 14.722686044182417, 'reg_loss': 0.044444259864745726}

Iteration No: 36 ended. Search finished for the next optimal point.
Time taken: 3552.6481
Function value obtained: 1.0119
Current minimum: 1.0077
Iteration No: 37 started. Searching for the next optimal point.

================================================================================
Trial with parameters:
  features: Centr
  step_size: 0.6699533984154455
  bin_size: 1
  sample_fraction: 0.5848096939614189
  moving_average: False
  first_layer_size_factor: 100
  num_layers: 2
  use_conv: True
  conv_channel: 108
  pool_size: 8
  kernel_size: 9
  epochs: 150
  batch_size: 32
  pi_threshold: 0.4599504985888467
  learning_rate: 0.000364172038953201
  dropout_rate: 0.47447072252845385
  masked_recon_weight: 0.01393129397490734
  regularizer: l2
  regularization_weight: 0.0013429421146501207
================================================================================

len(layers): 2
Creating datasets with:
  features: ['Centr']
  bin_size: 1
  moving_average: False
  data_point_length: 2000 (from 2000)
  step_size: 1339 (from fraction 0.6699533984154455)
  layers: [np.int64(1600), np.int64(800)] (first=1600, num=2)
  stride: 1 (fixed), padding: same (fixed)
  Using pre-determined chromosome split


Clipping outliers using 95th percentile * 1.5...
strain_yTW001: Clipping values above 134.25 (P95=89.50). Clipped 27529/1193409 values (2.31%)
strain_FD: Clipping values above 71.92 (P95=47.94). Clipped 95791/4127807 values (2.32%)
strain_dnrp: Clipping values above 243.00 (P95=162.00). Clipped 25649/1119454 values (2.29%)
strain_yEK19: Clipping values above 77.10 (P95=51.40). Clipped 83713/3893623 values (2.15%)
strain_yEK23: Clipping values above 72.00 (P95=48.00). Clipped 86381/3558407 values (2.43%)
strain_yWT03a: Clipping values above 15.00 (P95=10.00). Clipped 10602/347679 values (3.05%)
strain_yWT04a: Clipping values above 58.50 (P95=39.00). Clipped 21095/725406 values (2.91%)
strain_ylic137: Clipping values above 142.50 (P95=95.00). Clipped 28746/1112684 values (2.58%)

Splitting data using pre-determined chromosomes...
Standardizing features: ['Centr']
Column order in final array (Dataset/Chrom split): ['Value', 'Centromere_Distance', 'Value_Raw', 'Size_Factor']
Removing 0 empty data points out of 41432
Column order in final array (Dataset/Chrom split): ['Value', 'Centromere_Distance', 'Value_Raw', 'Size_Factor']
Removing 0 empty data points out of 14568
Column order in final array (Dataset/Chrom split): ['Value', 'Centromere_Distance', 'Value_Raw', 'Size_Factor']
Removing 0 empty data points out of 16120
Datasets created with shapes:
  Train: (41432, 2000, 4)
  Val: (14568, 2000, 4)
  Test: (16120, 2000, 4)
Datasets created:
  Train: (41432, 2000, 4), Val: (14568, 2000, 4), Test: (16120, 2000, 4)

Randomly sampled 24229/41432 samples (58.5%)
Applied denoising with 15.0% masking
Applied denoising with 15.0% masking
Applied denoising with 15.0% masking
Number of encoder layers: 2
Number of decoder layers (excluding heads): 2
Total number of layers including latent layer: 5
Epoch [1/150], Total Loss: 1.2334, NLL: 1.0437, Masked: 13.6148, Reg: 9.812740
Epoch [2/150], Total Loss: 1.1988, NLL: 1.0102, Masked: 13.5380, Reg: 7.084380
Epoch [3/150], Total Loss: 1.1942, NLL: 1.0059, Masked: 13.5146, Reg: 5.095291
Epoch [4/150], Total Loss: 1.1909, NLL: 1.0035, Masked: 13.4557, Reg: 3.532121
Epoch [5/150], Total Loss: 1.1905, NLL: 1.0032, Masked: 13.4379, Reg: 2.326790
Epoch [6/150], Total Loss: 1.1895, NLL: 1.0026, Masked: 13.4127, Reg: 1.431581
Epoch [7/150], Total Loss: 1.1888, NLL: 1.0022, Masked: 13.3919, Reg: 0.805072
Epoch [8/150], Total Loss: 1.1889, NLL: 1.0026, Masked: 13.3763, Reg: 0.405484
Epoch [9/150], Total Loss: 1.1895, NLL: 1.0032, Masked: 13.3703, Reg: 0.185302
Epoch [10/150], Total Loss: 1.1901, NLL: 1.0037, Masked: 13.3779, Reg: 0.087442
Epoch [11/150], Total Loss: 1.1902, NLL: 1.0040, Masked: 13.3603, Reg: 0.056223
Epoch [12/150], Total Loss: 1.1911, NLL: 1.0042, Masked: 13.4129, Reg: 0.050380
Epoch [13/150], Total Loss: 1.1902, NLL: 1.0039, Masked: 13.3705, Reg: 0.048412
Epoch [14/150], Total Loss: 1.1905, NLL: 1.0043, Masked: 13.3680, Reg: 0.048564
Epoch [15/150], Total Loss: 1.1907, NLL: 1.0042, Masked: 13.3865, Reg: 0.048269
Epoch [16/150], Total Loss: 1.1903, NLL: 1.0040, Masked: 13.3705, Reg: 0.047067
Epoch [17/150], Total Loss: 1.1899, NLL: 1.0039, Masked: 13.3513, Reg: 0.047224
Epoch [18/150], Total Loss: 1.1902, NLL: 1.0037, Masked: 13.3818, Reg: 0.046705
Epoch [19/150], Total Loss: 1.1899, NLL: 1.0037, Masked: 13.3651, Reg: 0.046855
Epoch [20/150], Total Loss: 1.1900, NLL: 1.0037, Masked: 13.3707, Reg: 0.045981
Epoch [21/150], Total Loss: 1.1898, NLL: 1.0036, Masked: 13.3661, Reg: 0.045886
Epoch [22/150], Total Loss: 1.1897, NLL: 1.0034, Masked: 13.3717, Reg: 0.046118
Epoch [23/150], Total Loss: 1.1897, NLL: 1.0034, Masked: 13.3768, Reg: 0.046662
Epoch [24/150], Total Loss: 1.1897, NLL: 1.0033, Masked: 13.3807, Reg: 0.045318
Epoch [25/150], Total Loss: 1.1895, NLL: 1.0032, Masked: 13.3692, Reg: 0.045319
Epoch [26/150], Total Loss: 1.1894, NLL: 1.0032, Masked: 13.3678, Reg: 0.045440
Epoch [27/150], Total Loss: 1.1891, NLL: 1.0031, Masked: 13.3527, Reg: 0.045626
Epoch [28/150], Total Loss: 1.1897, NLL: 1.0032, Masked: 13.3888, Reg: 0.045425
Epoch [29/150], Total Loss: 1.1896, NLL: 1.0032, Masked: 13.3843, Reg: 0.044989
Epoch [30/150], Total Loss: 1.1893, NLL: 1.0030, Masked: 13.3703, Reg: 0.044679
Epoch [31/150], Total Loss: 1.1893, NLL: 1.0030, Masked: 13.3704, Reg: 0.044790
Epoch [32/150], Total Loss: 1.1893, NLL: 1.0030, Masked: 13.3785, Reg: 0.044433
Epoch [33/150], Total Loss: 1.1895, NLL: 1.0029, Masked: 13.3914, Reg: 0.044721
Epoch [34/150], Total Loss: 1.1893, NLL: 1.0029, Masked: 13.3750, Reg: 0.044603
Epoch [35/150], Total Loss: 1.1894, NLL: 1.0030, Masked: 13.3762, Reg: 0.044738
Epoch [36/150], Total Loss: 1.1894, NLL: 1.0031, Masked: 13.3721, Reg: 0.044586
Epoch [37/150], Total Loss: 1.1891, NLL: 1.0030, Masked: 13.3574, Reg: 0.044467
Epoch [38/150], Total Loss: 1.1895, NLL: 1.0029, Masked: 13.3946, Reg: 0.044457
Epoch [39/150], Total Loss: 1.1889, NLL: 1.0028, Masked: 13.3617, Reg: 0.044959
Epoch [40/150], Total Loss: 1.1894, NLL: 1.0029, Masked: 13.3862, Reg: 0.044304
Epoch [41/150], Total Loss: 1.1892, NLL: 1.0030, Masked: 13.3638, Reg: 0.044624
Epoch [42/150], Total Loss: 1.1891, NLL: 1.0029, Masked: 13.3661, Reg: 0.044071
Epoch [43/150], Total Loss: 1.1894, NLL: 1.0028, Masked: 13.3923, Reg: 0.044360
Epoch [44/150], Total Loss: 1.1893, NLL: 1.0029, Masked: 13.3793, Reg: 0.044206
Epoch [45/150], Total Loss: 1.1888, NLL: 1.0027, Masked: 13.3592, Reg: 0.044473
Epoch [46/150], Total Loss: 1.1892, NLL: 1.0029, Masked: 13.3748, Reg: 0.044489
Epoch [47/150], Total Loss: 1.1890, NLL: 1.0028, Masked: 13.3639, Reg: 0.043658
Epoch [48/150], Total Loss: 1.1892, NLL: 1.0029, Masked: 13.3718, Reg: 0.044156
Epoch [49/150], Total Loss: 1.1893, NLL: 1.0029, Masked: 13.3775, Reg: 0.044571
Epoch [50/150], Total Loss: 1.1892, NLL: 1.0029, Masked: 13.3739, Reg: 0.044041
Epoch [51/150], Total Loss: 1.1891, NLL: 1.0028, Masked: 13.3703, Reg: 0.043959
Epoch [52/150], Total Loss: 1.1890, NLL: 1.0027, Masked: 13.3687, Reg: 0.043600
Epoch [53/150], Total Loss: 1.1893, NLL: 1.0030, Masked: 13.3712, Reg: 0.044445
Epoch [54/150], Total Loss: 1.1893, NLL: 1.0030, Masked: 13.3673, Reg: 0.043931
Epoch [55/150], Total Loss: 1.1896, NLL: 1.0032, Masked: 13.3835, Reg: 0.044302
Epoch [56/150], Total Loss: 1.1890, NLL: 1.0027, Masked: 13.3710, Reg: 0.043843
Epoch [57/150], Total Loss: 1.1896, NLL: 1.0031, Masked: 13.3880, Reg: 0.044260
Epoch [58/150], Total Loss: 1.1890, NLL: 1.0027, Masked: 13.3684, Reg: 0.044038
Epoch [59/150], Total Loss: 1.1896, NLL: 1.0030, Masked: 13.3930, Reg: 0.044010
Epoch [60/150], Total Loss: 1.1896, NLL: 1.0030, Masked: 13.3912, Reg: 0.044003
Epoch [61/150], Total Loss: 1.1892, NLL: 1.0029, Masked: 13.3729, Reg: 0.044469
Epoch [62/150], Total Loss: 1.1888, NLL: 1.0028, Masked: 13.3563, Reg: 0.043939
Epoch [63/150], Total Loss: 1.1889, NLL: 1.0027, Masked: 13.3604, Reg: 0.044042
Epoch [64/150], Total Loss: 1.1892, NLL: 1.0030, Masked: 13.3671, Reg: 0.044154
Epoch [65/150], Total Loss: 1.1891, NLL: 1.0028, Masked: 13.3775, Reg: 0.043726
Epoch [66/150], Total Loss: 1.1894, NLL: 1.0030, Masked: 13.3829, Reg: 0.044046
Epoch [67/150], Total Loss: 1.1892, NLL: 1.0027, Masked: 13.3886, Reg: 0.043967
Epoch [68/150], Total Loss: 1.1895, NLL: 1.0031, Masked: 13.3797, Reg: 0.044266
Epoch [69/150], Total Loss: 1.1891, NLL: 1.0029, Masked: 13.3657, Reg: 0.043766
Epoch [70/150], Total Loss: 1.1893, NLL: 1.0030, Masked: 13.3762, Reg: 0.044224
Epoch [71/150], Total Loss: 1.1888, NLL: 1.0025, Masked: 13.3723, Reg: 0.044375
Epoch [72/150], Total Loss: 1.1891, NLL: 1.0027, Masked: 13.3850, Reg: 0.043916
Epoch [73/150], Total Loss: 1.1889, NLL: 1.0028, Masked: 13.3580, Reg: 0.043972
Epoch [74/150], Total Loss: 1.1891, NLL: 1.0028, Masked: 13.3724, Reg: 0.043538
Epoch [75/150], Total Loss: 1.1889, NLL: 1.0027, Masked: 13.3675, Reg: 0.043652
Epoch [76/150], Total Loss: 1.1893, NLL: 1.0032, Masked: 13.3566, Reg: 0.044621
Epoch [77/150], Total Loss: 1.1892, NLL: 1.0027, Masked: 13.3870, Reg: 0.043931
Epoch [78/150], Total Loss: 1.1891, NLL: 1.0028, Masked: 13.3728, Reg: 0.043518
Epoch [79/150], Total Loss: 1.1892, NLL: 1.0028, Masked: 13.3809, Reg: 0.044244
Epoch [80/150], Total Loss: 1.1890, NLL: 1.0028, Masked: 13.3702, Reg: 0.044364
Epoch [81/150], Total Loss: 1.1893, NLL: 1.0031, Masked: 13.3636, Reg: 0.044204
Epoch [82/150], Total Loss: 1.1891, NLL: 1.0028, Masked: 13.3694, Reg: 0.043756
Epoch [83/150], Total Loss: 1.1890, NLL: 1.0026, Masked: 13.3791, Reg: 0.043626
Epoch [84/150], Total Loss: 1.1890, NLL: 1.0027, Masked: 13.3717, Reg: 0.043811
Epoch [85/150], Total Loss: 1.1892, NLL: 1.0028, Masked: 13.3838, Reg: 0.043787
Epoch [86/150], Total Loss: 1.1889, NLL: 1.0026, Masked: 13.3726, Reg: 0.043604
Epoch [87/150], Total Loss: 1.1893, NLL: 1.0029, Masked: 13.3760, Reg: 0.044449
Epoch [88/150], Total Loss: 1.1889, NLL: 1.0028, Masked: 13.3616, Reg: 0.044069
Epoch [89/150], Total Loss: 1.1891, NLL: 1.0027, Masked: 13.3781, Reg: 0.043541
Epoch [90/150], Total Loss: 1.1890, NLL: 1.0025, Masked: 13.3828, Reg: 0.044289
Epoch [91/150], Total Loss: 1.1889, NLL: 1.0027, Masked: 13.3654, Reg: 0.043987
Epoch [92/150], Total Loss: 1.1889, NLL: 1.0027, Masked: 13.3638, Reg: 0.044030
Epoch [93/150], Total Loss: 1.1888, NLL: 1.0027, Masked: 13.3616, Reg: 0.043744
Epoch [94/150], Total Loss: 1.1890, NLL: 1.0027, Masked: 13.3708, Reg: 0.043444
Epoch [95/150], Total Loss: 1.1891, NLL: 1.0028, Masked: 13.3722, Reg: 0.044045
Epoch [96/150], Total Loss: 1.1891, NLL: 1.0028, Masked: 13.3769, Reg: 0.043668
Epoch [97/150], Total Loss: 1.1890, NLL: 1.0026, Masked: 13.3740, Reg: 0.043482
Epoch [98/150], Total Loss: 1.1892, NLL: 1.0028, Masked: 13.3816, Reg: 0.043974
Epoch [99/150], Total Loss: 1.1890, NLL: 1.0027, Masked: 13.3735, Reg: 0.044226
Epoch [100/150], Total Loss: 1.1889, NLL: 1.0026, Masked: 13.3691, Reg: 0.043548
Epoch [101/150], Total Loss: 1.1890, NLL: 1.0028, Masked: 13.3657, Reg: 0.043989
Epoch [102/150], Total Loss: 1.1890, NLL: 1.0028, Masked: 13.3656, Reg: 0.043493
Epoch [103/150], Total Loss: 1.1890, NLL: 1.0027, Masked: 13.3670, Reg: 0.043977
Epoch [104/150], Total Loss: 1.1892, NLL: 1.0031, Masked: 13.3612, Reg: 0.043366
Epoch [105/150], Total Loss: 1.1889, NLL: 1.0025, Masked: 13.3776, Reg: 0.043728
Epoch [106/150], Total Loss: 1.1891, NLL: 1.0027, Masked: 13.3775, Reg: 0.043833
Epoch [107/150], Total Loss: 1.1890, NLL: 1.0026, Masked: 13.3745, Reg: 0.043430
Epoch [108/150], Total Loss: 1.1890, NLL: 1.0028, Masked: 13.3671, Reg: 0.044035
Epoch [109/150], Total Loss: 1.1891, NLL: 1.0028, Masked: 13.3768, Reg: 0.044014
Epoch [110/150], Total Loss: 1.1890, NLL: 1.0028, Masked: 13.3701, Reg: 0.044195
Epoch [111/150], Total Loss: 1.1890, NLL: 1.0026, Masked: 13.3821, Reg: 0.043525
Epoch [112/150], Total Loss: 1.1890, NLL: 1.0027, Masked: 13.3778, Reg: 0.044019
Epoch [113/150], Total Loss: 1.1890, NLL: 1.0027, Masked: 13.3725, Reg: 0.043377
Epoch [114/150], Total Loss: 1.1888, NLL: 1.0026, Masked: 13.3679, Reg: 0.043924
Epoch [115/150], Total Loss: 1.1889, NLL: 1.0027, Masked: 13.3657, Reg: 0.043860
Epoch [116/150], Total Loss: 1.1894, NLL: 1.0028, Masked: 13.3922, Reg: 0.043794
Epoch [117/150], Total Loss: 1.1890, NLL: 1.0027, Masked: 13.3700, Reg: 0.043618
Epoch [118/150], Total Loss: 1.1890, NLL: 1.0028, Masked: 13.3646, Reg: 0.043670
Epoch [119/150], Total Loss: 1.1891, NLL: 1.0027, Masked: 13.3754, Reg: 0.043579
Epoch [120/150], Total Loss: 1.1890, NLL: 1.0027, Masked: 13.3772, Reg: 0.043483
Epoch [121/150], Total Loss: 1.1893, NLL: 1.0029, Masked: 13.3799, Reg: 0.044202
Epoch [122/150], Total Loss: 1.1887, NLL: 1.0024, Masked: 13.3694, Reg: 0.043575
Epoch [123/150], Total Loss: 1.1889, NLL: 1.0027, Masked: 13.3611, Reg: 0.043205
Epoch [124/150], Total Loss: 1.1891, NLL: 1.0027, Masked: 13.3775, Reg: 0.043699
Epoch [125/150], Total Loss: 1.1888, NLL: 1.0025, Masked: 13.3666, Reg: 0.043332
Epoch [126/150], Total Loss: 1.1893, NLL: 1.0027, Masked: 13.3914, Reg: 0.043406
Epoch [127/150], Total Loss: 1.1890, NLL: 1.0026, Masked: 13.3777, Reg: 0.043856
Epoch [128/150], Total Loss: 1.1890, NLL: 1.0027, Masked: 13.3751, Reg: 0.043841
Epoch [129/150], Total Loss: 1.1891, NLL: 1.0027, Masked: 13.3765, Reg: 0.043656
Epoch [130/150], Total Loss: 1.1893, NLL: 1.0028, Masked: 13.3871, Reg: 0.044035
Epoch [131/150], Total Loss: 1.1888, NLL: 1.0027, Masked: 13.3586, Reg: 0.043897
Epoch [132/150], Total Loss: 1.1890, NLL: 1.0026, Masked: 13.3752, Reg: 0.043393
Epoch [133/150], Total Loss: 1.1891, NLL: 1.0029, Masked: 13.3633, Reg: 0.043732
Epoch [134/150], Total Loss: 1.1892, NLL: 1.0028, Masked: 13.3841, Reg: 0.043643
Epoch [135/150], Total Loss: 1.1891, NLL: 1.0027, Masked: 13.3730, Reg: 0.043652
Epoch [136/150], Total Loss: 1.1889, NLL: 1.0026, Masked: 13.3717, Reg: 0.043533
Epoch [137/150], Total Loss: 1.1889, NLL: 1.0028, Masked: 13.3571, Reg: 0.043431
Epoch [138/150], Total Loss: 1.1890, NLL: 1.0028, Masked: 13.3713, Reg: 0.043604
Epoch [139/150], Total Loss: 1.1891, NLL: 1.0027, Masked: 13.3750, Reg: 0.043639
Epoch [140/150], Total Loss: 1.1889, NLL: 1.0027, Masked: 13.3638, Reg: 0.043699
Epoch [141/150], Total Loss: 1.1893, NLL: 1.0028, Masked: 13.3851, Reg: 0.043443
Epoch [142/150], Total Loss: 1.1890, NLL: 1.0025, Masked: 13.3852, Reg: 0.043418
Epoch [143/150], Total Loss: 1.1889, NLL: 1.0028, Masked: 13.3595, Reg: 0.043740
Epoch [144/150], Total Loss: 1.1891, NLL: 1.0030, Masked: 13.3623, Reg: 0.043933
Epoch [145/150], Total Loss: 1.1891, NLL: 1.0028, Masked: 13.3772, Reg: 0.043565
Epoch [146/150], Total Loss: 1.1889, NLL: 1.0026, Masked: 13.3741, Reg: 0.043333
Epoch [147/150], Total Loss: 1.1891, NLL: 1.0028, Masked: 13.3749, Reg: 0.043810
Epoch [148/150], Total Loss: 1.1894, NLL: 1.0028, Masked: 13.3985, Reg: 0.043396
Epoch [149/150], Total Loss: 1.1889, NLL: 1.0026, Masked: 13.3763, Reg: 0.043770
Epoch [150/150], Total Loss: 1.1890, NLL: 1.0026, Masked: 13.3767, Reg: 0.043135

==================================================
EVALUATING ON TRAINING DATA
==================================================

==================================================
TEST RESULTS
==================================================
Total Loss: 1.184303
  - ZINB NLL: 0.998241
Total number of masked values: 1182889
  - Number of values with pi >= 0.4599504985888467: 1182889
  - Number of values with pi < 0.4599504985888467: 0
  - Masked Reconstruction: 13.355685
  - Regularization: 0.043214
Mean Absolute Error (MAE): 2.193901
R² Score: -0.041734
==================================================


==================================================
TEST RESULTS
==================================================
Total Loss: 1.212232
  - ZINB NLL: 1.008485
Total number of masked values: 717237
  - Number of values with pi >= 0.4599504985888467: 717237
  - Number of values with pi < 0.4599504985888467: 0
  - Masked Reconstruction: 14.625119
  - Regularization: 0.043214
Mean Absolute Error (MAE): 2.275437
R² Score: -0.041987
==================================================


>>> Optimizing zinb_nll on VALIDATION set: 1.008485
>>> Full validation metrics: {'total_loss': 1.2122316838685527, 'zinb_nll': 1.0084848516855445, 'mae': 2.2754366397857666, 'r2': -0.04198729991912842, 'masked_loss': 14.625119186508204, 'reg_loss': 0.04321359283801869}

Iteration No: 37 ended. Search finished for the next optimal point.
Time taken: 2674.1175
Function value obtained: 1.0085
Current minimum: 1.0077
Iteration No: 38 started. Searching for the next optimal point.

================================================================================
Trial with parameters:
  features: Centr
  step_size: 0.6192122437044254
  bin_size: 1
  sample_fraction: 0.8734591934565508
  moving_average: False
  first_layer_size_factor: 100
  num_layers: 4
  use_conv: True
  conv_channel: 50
  pool_size: 7
  kernel_size: 9
  epochs: 121
  batch_size: 64
  pi_threshold: 0.44336597531788946
  learning_rate: 0.00035859626027155114
  dropout_rate: 0.2485670798142923
  masked_recon_weight: 0.007530994618488058
  regularizer: l2
  regularization_weight: 0.0014806101512919534
================================================================================

len(layers): 4
Creating datasets with:
  features: ['Centr']
  bin_size: 1
  moving_average: False
  data_point_length: 2000 (from 2000)
  step_size: 1238 (from fraction 0.6192122437044254)
  layers: [np.int64(1600), np.int64(800), np.int64(400), np.int64(200)] (first=1600, num=4)
  stride: 1 (fixed), padding: same (fixed)
  Using pre-determined chromosome split


Clipping outliers using 95th percentile * 1.5...
strain_yTW001: Clipping values above 134.25 (P95=89.50). Clipped 27529/1193409 values (2.31%)
strain_FD: Clipping values above 71.92 (P95=47.94). Clipped 95791/4127807 values (2.32%)
strain_dnrp: Clipping values above 243.00 (P95=162.00). Clipped 25649/1119454 values (2.29%)
strain_yEK19: Clipping values above 77.10 (P95=51.40). Clipped 83713/3893623 values (2.15%)
strain_yEK23: Clipping values above 72.00 (P95=48.00). Clipped 86381/3558407 values (2.43%)
strain_yWT03a: Clipping values above 15.00 (P95=10.00). Clipped 10602/347679 values (3.05%)
strain_yWT04a: Clipping values above 58.50 (P95=39.00). Clipped 21095/725406 values (2.91%)
strain_ylic137: Clipping values above 142.50 (P95=95.00). Clipped 28746/1112684 values (2.58%)

Splitting data using pre-determined chromosomes...
Standardizing features: ['Centr']
Column order in final array (Dataset/Chrom split): ['Value', 'Centromere_Distance', 'Value_Raw', 'Size_Factor']
Removing 0 empty data points out of 44808
Column order in final array (Dataset/Chrom split): ['Value', 'Centromere_Distance', 'Value_Raw', 'Size_Factor']
Removing 0 empty data points out of 15744
Column order in final array (Dataset/Chrom split): ['Value', 'Centromere_Distance', 'Value_Raw', 'Size_Factor']
Removing 0 empty data points out of 17440
Datasets created with shapes:
  Train: (44808, 2000, 4)
  Val: (15744, 2000, 4)
  Test: (17440, 2000, 4)
Datasets created:
  Train: (44808, 2000, 4), Val: (15744, 2000, 4), Test: (17440, 2000, 4)

Randomly sampled 39137/44808 samples (87.3%)
Applied denoising with 15.0% masking
Applied denoising with 15.0% masking
Applied denoising with 15.0% masking
Number of encoder layers: 4
Number of decoder layers (excluding heads): 4
Total number of layers including latent layer: 9
Epoch [1/121], Total Loss: 1.1515, NLL: 1.0468, Masked: 13.8900, Reg: 11.021582
Epoch [2/121], Total Loss: 1.1039, NLL: 1.0023, Masked: 13.4934, Reg: 8.533853
Epoch [3/121], Total Loss: 1.1015, NLL: 1.0000, Masked: 13.4700, Reg: 6.636203
Epoch [4/121], Total Loss: 1.0995, NLL: 0.9982, Masked: 13.4541, Reg: 5.057349
Epoch [5/121], Total Loss: 1.0994, NLL: 0.9982, Masked: 13.4264, Reg: 3.752030
Epoch [6/121], Total Loss: 1.0991, NLL: 0.9979, Masked: 13.4290, Reg: 2.689174
Epoch [7/121], Total Loss: 1.0998, NLL: 0.9986, Masked: 13.4355, Reg: 1.846576
Epoch [8/121], Total Loss: 1.1003, NLL: 0.9992, Masked: 13.4216, Reg: 1.200607
Epoch [9/121], Total Loss: 1.1004, NLL: 0.9994, Masked: 13.4177, Reg: 0.729675
Epoch [10/121], Total Loss: 1.1013, NLL: 1.0003, Masked: 13.4105, Reg: 0.409621
Epoch [11/121], Total Loss: 1.1021, NLL: 1.0010, Masked: 13.4137, Reg: 0.213083
Epoch [12/121], Total Loss: 1.1028, NLL: 1.0017, Masked: 13.4244, Reg: 0.108091
Epoch [13/121], Total Loss: 1.1033, NLL: 1.0022, Masked: 13.4215, Reg: 0.062771
Epoch [14/121], Total Loss: 1.1038, NLL: 1.0026, Masked: 13.4333, Reg: 0.047859
Epoch [15/121], Total Loss: 1.1042, NLL: 1.0031, Masked: 13.4218, Reg: 0.044630
Epoch [16/121], Total Loss: 1.1039, NLL: 1.0029, Masked: 13.4208, Reg: 0.043848
Epoch [17/121], Total Loss: 1.1041, NLL: 1.0030, Masked: 13.4248, Reg: 0.043375
Epoch [18/121], Total Loss: 1.1040, NLL: 1.0028, Masked: 13.4316, Reg: 0.043215
Epoch [19/121], Total Loss: 1.1042, NLL: 1.0031, Masked: 13.4276, Reg: 0.043358
Epoch [20/121], Total Loss: 1.1041, NLL: 1.0031, Masked: 13.4200, Reg: 0.043157
Epoch [21/121], Total Loss: 1.1041, NLL: 1.0030, Masked: 13.4216, Reg: 0.042917
Epoch [22/121], Total Loss: 1.1039, NLL: 1.0028, Masked: 13.4250, Reg: 0.042623
Epoch [23/121], Total Loss: 1.1040, NLL: 1.0029, Masked: 13.4245, Reg: 0.042499
Epoch [24/121], Total Loss: 1.1039, NLL: 1.0028, Masked: 13.4258, Reg: 0.042301
Epoch [25/121], Total Loss: 1.1040, NLL: 1.0029, Masked: 13.4175, Reg: 0.042578
Epoch [26/121], Total Loss: 1.1038, NLL: 1.0027, Masked: 13.4144, Reg: 0.042307
Epoch [27/121], Total Loss: 1.1039, NLL: 1.0028, Masked: 13.4251, Reg: 0.042263
Epoch [28/121], Total Loss: 1.1038, NLL: 1.0028, Masked: 13.4186, Reg: 0.042256
Epoch [29/121], Total Loss: 1.1037, NLL: 1.0026, Masked: 13.4314, Reg: 0.042432
Epoch [30/121], Total Loss: 1.1039, NLL: 1.0028, Masked: 13.4194, Reg: 0.042282
Epoch [31/121], Total Loss: 1.1037, NLL: 1.0026, Masked: 13.4205, Reg: 0.041844
Epoch [32/121], Total Loss: 1.1039, NLL: 1.0028, Masked: 13.4251, Reg: 0.042044
Epoch [33/121], Total Loss: 1.1036, NLL: 1.0025, Masked: 13.4294, Reg: 0.042026
Epoch [34/121], Total Loss: 1.1037, NLL: 1.0026, Masked: 13.4156, Reg: 0.042269
Epoch [35/121], Total Loss: 1.1038, NLL: 1.0027, Masked: 13.4226, Reg: 0.042151
Epoch [36/121], Total Loss: 1.1036, NLL: 1.0025, Masked: 13.4220, Reg: 0.041542
Epoch [37/121], Total Loss: 1.1038, NLL: 1.0027, Masked: 13.4283, Reg: 0.042113
Epoch [38/121], Total Loss: 1.1036, NLL: 1.0026, Masked: 13.4131, Reg: 0.041976
Epoch [39/121], Total Loss: 1.1036, NLL: 1.0025, Masked: 13.4222, Reg: 0.041609
Epoch [40/121], Total Loss: 1.1037, NLL: 1.0026, Masked: 13.4237, Reg: 0.041889
Epoch [41/121], Total Loss: 1.1036, NLL: 1.0025, Masked: 13.4231, Reg: 0.041862
Epoch [42/121], Total Loss: 1.1037, NLL: 1.0026, Masked: 13.4255, Reg: 0.041324
Epoch [43/121], Total Loss: 1.1037, NLL: 1.0027, Masked: 13.4123, Reg: 0.041833
Epoch [44/121], Total Loss: 1.1039, NLL: 1.0027, Masked: 13.4406, Reg: 0.041715
Epoch [45/121], Total Loss: 1.1036, NLL: 1.0026, Masked: 13.4185, Reg: 0.041834
Epoch [46/121], Total Loss: 1.1036, NLL: 1.0025, Masked: 13.4220, Reg: 0.041657
Epoch [47/121], Total Loss: 1.1036, NLL: 1.0025, Masked: 13.4240, Reg: 0.041643
Epoch [48/121], Total Loss: 1.1035, NLL: 1.0025, Masked: 13.4192, Reg: 0.041715
Epoch [49/121], Total Loss: 1.1036, NLL: 1.0025, Masked: 13.4214, Reg: 0.041631
Epoch [50/121], Total Loss: 1.1037, NLL: 1.0026, Masked: 13.4246, Reg: 0.041637
Epoch [51/121], Total Loss: 1.1035, NLL: 1.0024, Masked: 13.4189, Reg: 0.041325
Epoch [52/121], Total Loss: 1.1038, NLL: 1.0027, Masked: 13.4253, Reg: 0.041921
Epoch [53/121], Total Loss: 1.1035, NLL: 1.0024, Masked: 13.4230, Reg: 0.041431
Epoch [54/121], Total Loss: 1.1036, NLL: 1.0025, Masked: 13.4161, Reg: 0.041576
Epoch [55/121], Total Loss: 1.1035, NLL: 1.0025, Masked: 13.4165, Reg: 0.041522
Epoch [56/121], Total Loss: 1.1037, NLL: 1.0026, Masked: 13.4200, Reg: 0.041810
Epoch [57/121], Total Loss: 1.1037, NLL: 1.0026, Masked: 13.4189, Reg: 0.041505
Epoch [58/121], Total Loss: 1.1035, NLL: 1.0024, Masked: 13.4221, Reg: 0.041274
Epoch [59/121], Total Loss: 1.1034, NLL: 1.0024, Masked: 13.4109, Reg: 0.041387
Epoch [60/121], Total Loss: 1.1036, NLL: 1.0025, Masked: 13.4312, Reg: 0.041644
Epoch [61/121], Total Loss: 1.1036, NLL: 1.0024, Masked: 13.4268, Reg: 0.041543
Epoch [62/121], Total Loss: 1.1037, NLL: 1.0027, Masked: 13.4209, Reg: 0.041551
Epoch [63/121], Total Loss: 1.1033, NLL: 1.0022, Masked: 13.4163, Reg: 0.041245
Epoch [64/121], Total Loss: 1.1034, NLL: 1.0024, Masked: 13.4198, Reg: 0.041271
Epoch [65/121], Total Loss: 1.1034, NLL: 1.0023, Masked: 13.4165, Reg: 0.041394
Epoch [66/121], Total Loss: 1.1035, NLL: 1.0024, Masked: 13.4233, Reg: 0.041521
Epoch [67/121], Total Loss: 1.1033, NLL: 1.0022, Masked: 13.4240, Reg: 0.041492
Epoch [68/121], Total Loss: 1.1035, NLL: 1.0024, Masked: 13.4251, Reg: 0.041271
Epoch [69/121], Total Loss: 1.1033, NLL: 1.0023, Masked: 13.4142, Reg: 0.041539
Epoch [70/121], Total Loss: 1.1035, NLL: 1.0025, Masked: 13.4168, Reg: 0.041235
Epoch [71/121], Total Loss: 1.1036, NLL: 1.0025, Masked: 13.4261, Reg: 0.041599
Epoch [72/121], Total Loss: 1.1036, NLL: 1.0025, Masked: 13.4186, Reg: 0.041561
Epoch [73/121], Total Loss: 1.1033, NLL: 1.0022, Masked: 13.4254, Reg: 0.041362
Epoch [74/121], Total Loss: 1.1034, NLL: 1.0023, Masked: 13.4246, Reg: 0.041202
Epoch [75/121], Total Loss: 1.1034, NLL: 1.0023, Masked: 13.4169, Reg: 0.041024
Epoch [76/121], Total Loss: 1.1034, NLL: 1.0023, Masked: 13.4258, Reg: 0.041700
Epoch [77/121], Total Loss: 1.1035, NLL: 1.0024, Masked: 13.4208, Reg: 0.041225
Epoch [78/121], Total Loss: 1.1033, NLL: 1.0022, Masked: 13.4207, Reg: 0.041162
Epoch [79/121], Total Loss: 1.1036, NLL: 1.0025, Masked: 13.4252, Reg: 0.041481
Epoch [80/121], Total Loss: 1.1035, NLL: 1.0024, Masked: 13.4298, Reg: 0.041022
Epoch [81/121], Total Loss: 1.1035, NLL: 1.0025, Masked: 13.4155, Reg: 0.041610
Epoch [82/121], Total Loss: 1.1034, NLL: 1.0023, Masked: 13.4236, Reg: 0.041001
Epoch [83/121], Total Loss: 1.1033, NLL: 1.0022, Masked: 13.4149, Reg: 0.041148
Epoch [84/121], Total Loss: 1.1034, NLL: 1.0024, Masked: 13.4102, Reg: 0.041431
Epoch [85/121], Total Loss: 1.1035, NLL: 1.0024, Masked: 13.4292, Reg: 0.041163
Epoch [86/121], Total Loss: 1.1034, NLL: 1.0024, Masked: 13.4177, Reg: 0.041322
Epoch [87/121], Total Loss: 1.1032, NLL: 1.0022, Masked: 13.4182, Reg: 0.041066
Epoch [88/121], Total Loss: 1.1034, NLL: 1.0023, Masked: 13.4199, Reg: 0.041107
Epoch [89/121], Total Loss: 1.1034, NLL: 1.0024, Masked: 13.4158, Reg: 0.041426
Epoch [90/121], Total Loss: 1.1035, NLL: 1.0024, Masked: 13.4284, Reg: 0.041392
Epoch [91/121], Total Loss: 1.1033, NLL: 1.0022, Masked: 13.4239, Reg: 0.041069
Epoch [92/121], Total Loss: 1.1036, NLL: 1.0025, Masked: 13.4323, Reg: 0.041318
Epoch [93/121], Total Loss: 1.1033, NLL: 1.0022, Masked: 13.4182, Reg: 0.041257
Epoch [94/121], Total Loss: 1.1033, NLL: 1.0022, Masked: 13.4205, Reg: 0.041144
Epoch [95/121], Total Loss: 1.1033, NLL: 1.0023, Masked: 13.4210, Reg: 0.040957
Epoch [96/121], Total Loss: 1.1032, NLL: 1.0021, Masked: 13.4210, Reg: 0.040941
Epoch [97/121], Total Loss: 1.1034, NLL: 1.0023, Masked: 13.4276, Reg: 0.041119
Epoch [98/121], Total Loss: 1.1034, NLL: 1.0022, Masked: 13.4300, Reg: 0.041006
Epoch [99/121], Total Loss: 1.1034, NLL: 1.0023, Masked: 13.4311, Reg: 0.041016
Epoch [100/121], Total Loss: 1.1035, NLL: 1.0024, Masked: 13.4178, Reg: 0.041134
Epoch [101/121], Total Loss: 1.1033, NLL: 1.0023, Masked: 13.4175, Reg: 0.040902
Epoch [102/121], Total Loss: 1.1034, NLL: 1.0023, Masked: 13.4252, Reg: 0.041076
Epoch [103/121], Total Loss: 1.1033, NLL: 1.0022, Masked: 13.4283, Reg: 0.041124
Epoch [104/121], Total Loss: 1.1033, NLL: 1.0022, Masked: 13.4302, Reg: 0.041006
Epoch [105/121], Total Loss: 1.1032, NLL: 1.0021, Masked: 13.4225, Reg: 0.040770
Epoch [106/121], Total Loss: 1.1034, NLL: 1.0023, Masked: 13.4244, Reg: 0.041169
Epoch [107/121], Total Loss: 1.1033, NLL: 1.0022, Masked: 13.4222, Reg: 0.040800
Epoch [108/121], Total Loss: 1.1035, NLL: 1.0024, Masked: 13.4270, Reg: 0.041261
Epoch [109/121], Total Loss: 1.1032, NLL: 1.0022, Masked: 13.4178, Reg: 0.041253
Epoch [110/121], Total Loss: 1.1034, NLL: 1.0024, Masked: 13.4166, Reg: 0.040738
Epoch [111/121], Total Loss: 1.1033, NLL: 1.0022, Masked: 13.4234, Reg: 0.040842
Epoch [112/121], Total Loss: 1.1035, NLL: 1.0024, Masked: 13.4237, Reg: 0.040867
Epoch [113/121], Total Loss: 1.1030, NLL: 1.0020, Masked: 13.4197, Reg: 0.040888
Epoch [114/121], Total Loss: 1.1032, NLL: 1.0022, Masked: 13.4106, Reg: 0.040948
Epoch [115/121], Total Loss: 1.1035, NLL: 1.0024, Masked: 13.4206, Reg: 0.041434
Epoch [116/121], Total Loss: 1.1032, NLL: 1.0022, Masked: 13.4222, Reg: 0.040808
Epoch [117/121], Total Loss: 1.1034, NLL: 1.0023, Masked: 13.4155, Reg: 0.040780
Epoch [118/121], Total Loss: 1.1033, NLL: 1.0023, Masked: 13.4224, Reg: 0.041258
Epoch [119/121], Total Loss: 1.1034, NLL: 1.0023, Masked: 13.4255, Reg: 0.040957
Epoch [120/121], Total Loss: 1.1033, NLL: 1.0022, Masked: 13.4252, Reg: 0.040917
Epoch [121/121], Total Loss: 1.1032, NLL: 1.0021, Masked: 13.4180, Reg: 0.040718

==================================================
EVALUATING ON TRAINING DATA
==================================================

==================================================
TEST RESULTS
==================================================
Total Loss: 1.099737
  - ZINB NLL: 0.998626
Total number of masked values: 1913429
  - Number of values with pi >= 0.44336597531788946: 1913429
  - Number of values with pi < 0.44336597531788946: 0
  - Masked Reconstruction: 13.426039
  - Regularization: 0.040929
Mean Absolute Error (MAE): 2.198891
R² Score: -0.041746
==================================================


==================================================
TEST RESULTS
==================================================
Total Loss: 1.118660
  - ZINB NLL: 1.008073
Total number of masked values: 775990
  - Number of values with pi >= 0.44336597531788946: 775990
  - Number of values with pi < 0.44336597531788946: 0
  - Masked Reconstruction: 14.684226
  - Regularization: 0.040929
Mean Absolute Error (MAE): 2.285704
R² Score: -0.042070
==================================================


>>> Optimizing zinb_nll on VALIDATION set: 1.008073
>>> Full validation metrics: {'total_loss': 1.1186599806556856, 'zinb_nll': 1.0080731495366833, 'mae': 2.285703659057617, 'r2': -0.04206955432891846, 'masked_loss': 14.684226089376745, 'reg_loss': 0.04092949995453133}

Iteration No: 38 ended. Search finished for the next optimal point.
Time taken: 1811.5771
Function value obtained: 1.0081
Current minimum: 1.0077
Iteration No: 39 started. Searching for the next optimal point.

================================================================================
Trial with parameters:
  features: Centr
  step_size: 0.25
  bin_size: 1
  sample_fraction: 0.9412672939801101
  moving_average: True
  first_layer_size_factor: 100
  num_layers: 4
  use_conv: True
  conv_channel: 128
  pool_size: 4
  kernel_size: 9
  epochs: 150
  batch_size: 32
  pi_threshold: 0.3
  learning_rate: 0.0005140381241854619
  dropout_rate: 0.07806142113608623
  masked_recon_weight: 0.027284828971791113
  regularizer: l1
  regularization_weight: 0.0007405399175364931
================================================================================

len(layers): 4
Creating datasets with:
  features: ['Centr']
  bin_size: 1
  moving_average: True
  data_point_length: 2000 (from 2000)
  step_size: 500 (from fraction 0.25)
  layers: [np.int64(1600), np.int64(800), np.int64(400), np.int64(200)] (first=1600, num=4)
  stride: 1 (fixed), padding: same (fixed)
  Using pre-determined chromosome split


Clipping outliers using 95th percentile * 1.5...
strain_yTW001: Clipping values above 134.25 (P95=89.50). Clipped 27529/1193409 values (2.31%)
strain_FD: Clipping values above 71.92 (P95=47.94). Clipped 95791/4127807 values (2.32%)
strain_dnrp: Clipping values above 243.00 (P95=162.00). Clipped 25649/1119454 values (2.29%)
strain_yEK19: Clipping values above 77.10 (P95=51.40). Clipped 83713/3893623 values (2.15%)
strain_yEK23: Clipping values above 72.00 (P95=48.00). Clipped 86381/3558407 values (2.43%)
strain_yWT03a: Clipping values above 15.00 (P95=10.00). Clipped 10602/347679 values (3.05%)
strain_yWT04a: Clipping values above 58.50 (P95=39.00). Clipped 21095/725406 values (2.91%)
strain_ylic137: Clipping values above 142.50 (P95=95.00). Clipped 28746/1112684 values (2.58%)

Splitting data using pre-determined chromosomes...
Standardizing features: ['Centr']
Column order in final array (Dataset/Chrom split): ['Value', 'Centromere_Distance', 'Value_Raw', 'Size_Factor']
Removing 0 empty data points out of 110768
Column order in final array (Dataset/Chrom split): ['Value', 'Centromere_Distance', 'Value_Raw', 'Size_Factor']
Removing 0 empty data points out of 38952
Column order in final array (Dataset/Chrom split): ['Value', 'Centromere_Distance', 'Value_Raw', 'Size_Factor']
Removing 0 empty data points out of 43096
Datasets created with shapes:
  Train: (110768, 2000, 4)
  Val: (38952, 2000, 4)
  Test: (43096, 2000, 4)
Datasets created:
  Train: (110768, 2000, 4), Val: (38952, 2000, 4), Test: (43096, 2000, 4)

Randomly sampled 104262/110768 samples (94.1%)
Applied denoising with 15.0% masking
Applied denoising with 15.0% masking
Applied denoising with 15.0% masking
Number of encoder layers: 4
Number of decoder layers (excluding heads): 4
Total number of layers including latent layer: 9
Epoch [1/150], Total Loss: 10.4908, NLL: 1.7228, Masked: 26.1153, Reg: 8.055377
Epoch [2/150], Total Loss: 7.3734, NLL: 1.2915, Masked: 13.4017, Reg: 5.716245
Epoch [3/150], Total Loss: 7.3036, NLL: 1.2808, Masked: 13.4114, Reg: 5.656911
Epoch [4/150], Total Loss: 7.2991, NLL: 1.2808, Masked: 13.4048, Reg: 5.652563
Epoch [5/150], Total Loss: 7.2949, NLL: 1.2808, Masked: 13.4070, Reg: 5.648289
Epoch [6/150], Total Loss: 7.2919, NLL: 1.2808, Masked: 13.4187, Reg: 5.645020
Epoch [7/150], Total Loss: 7.2880, NLL: 1.2808, Masked: 13.4054, Reg: 5.641454
Epoch [8/150], Total Loss: 7.2854, NLL: 1.2808, Masked: 13.4034, Reg: 5.638851
Epoch [9/150], Total Loss: 7.2836, NLL: 1.2808, Masked: 13.4169, Reg: 5.636692
Epoch [10/150], Total Loss: 7.2812, NLL: 1.2808, Masked: 13.4141, Reg: 5.634452
Epoch [11/150], Total Loss: 7.2799, NLL: 1.2808, Masked: 13.4098, Reg: 5.633202
Epoch [12/150], Total Loss: 7.2787, NLL: 1.2808, Masked: 13.4086, Reg: 5.632066
Epoch [13/150], Total Loss: 7.2776, NLL: 1.2808, Masked: 13.4051, Reg: 5.631009
Epoch [14/150], Total Loss: 7.2764, NLL: 1.2808, Masked: 13.4133, Reg: 5.629613
Epoch [15/150], Total Loss: 7.2751, NLL: 1.2808, Masked: 13.4076, Reg: 5.628509
Epoch [16/150], Total Loss: 7.2739, NLL: 1.2808, Masked: 13.4049, Reg: 5.627379
Epoch [17/150], Total Loss: 7.2729, NLL: 1.2808, Masked: 13.4069, Reg: 5.626337
Epoch [18/150], Total Loss: 7.2722, NLL: 1.2808, Masked: 13.4066, Reg: 5.625625
Epoch [19/150], Total Loss: 7.2714, NLL: 1.2808, Masked: 13.4171, Reg: 5.624469
Epoch [20/150], Total Loss: 7.2703, NLL: 1.2808, Masked: 13.4118, Reg: 5.623537
Epoch [21/150], Total Loss: 7.2690, NLL: 1.2808, Masked: 13.4063, Reg: 5.622430
Epoch [22/150], Total Loss: 7.2681, NLL: 1.2808, Masked: 13.4077, Reg: 5.621478
Epoch [23/150], Total Loss: 7.2679, NLL: 1.2808, Masked: 13.4162, Reg: 5.621069
Epoch [24/150], Total Loss: 7.2669, NLL: 1.2808, Masked: 13.4064, Reg: 5.620300
Epoch [25/150], Total Loss: 7.2667, NLL: 1.2808, Masked: 13.4104, Reg: 5.620019
Epoch [26/150], Total Loss: 7.2660, NLL: 1.2808, Masked: 13.4001, Reg: 5.619593
Epoch [27/150], Total Loss: 7.2657, NLL: 1.2808, Masked: 13.4066, Reg: 5.619113
Epoch [28/150], Total Loss: 7.2653, NLL: 1.2808, Masked: 13.4090, Reg: 5.618629
Epoch [29/150], Total Loss: 7.2652, NLL: 1.2808, Masked: 13.4098, Reg: 5.618496
Epoch [30/150], Total Loss: 7.2651, NLL: 1.2808, Masked: 13.4126, Reg: 5.618307
Epoch [31/150], Total Loss: 7.2649, NLL: 1.2808, Masked: 13.4066, Reg: 5.618285
Epoch [32/150], Total Loss: 7.2650, NLL: 1.2808, Masked: 13.4131, Reg: 5.618270
Epoch [33/150], Total Loss: 7.2645, NLL: 1.2808, Masked: 13.4137, Reg: 5.617729
Epoch [34/150], Total Loss: 7.2647, NLL: 1.2808, Masked: 13.4043, Reg: 5.618135
Epoch [35/150], Total Loss: 7.2649, NLL: 1.2808, Masked: 13.4088, Reg: 5.618206
Epoch [36/150], Total Loss: 7.2652, NLL: 1.2808, Masked: 13.4110, Reg: 5.618438
Epoch [37/150], Total Loss: 7.2656, NLL: 1.2808, Masked: 13.4157, Reg: 5.618743
Epoch [38/150], Total Loss: 7.2649, NLL: 1.2808, Masked: 13.4093, Reg: 5.618241
Epoch [39/150], Total Loss: 7.2649, NLL: 1.2808, Masked: 13.4062, Reg: 5.618363
Epoch [40/150], Total Loss: 7.2652, NLL: 1.2808, Masked: 13.4175, Reg: 5.618334
Epoch [41/150], Total Loss: 7.2651, NLL: 1.2808, Masked: 13.4132, Reg: 5.618373
Epoch [42/150], Total Loss: 7.2656, NLL: 1.2808, Masked: 13.4122, Reg: 5.618837
Epoch [43/150], Total Loss: 7.2654, NLL: 1.2808, Masked: 13.4074, Reg: 5.618770
Epoch [44/150], Total Loss: 7.2652, NLL: 1.2808, Masked: 13.4011, Reg: 5.618793
Epoch [45/150], Total Loss: 7.2659, NLL: 1.2808, Masked: 13.4149, Reg: 5.619064
Epoch [46/150], Total Loss: 7.2657, NLL: 1.2808, Masked: 13.4054, Reg: 5.619104
Epoch [47/150], Total Loss: 7.2659, NLL: 1.2808, Masked: 13.4035, Reg: 5.619367
Epoch [48/150], Total Loss: 7.2664, NLL: 1.2808, Masked: 13.4123, Reg: 5.619624
Epoch [49/150], Total Loss: 7.2661, NLL: 1.2808, Masked: 13.4131, Reg: 5.619292
Epoch [50/150], Total Loss: 7.2661, NLL: 1.2808, Masked: 13.4089, Reg: 5.619479
Epoch [51/150], Total Loss: 7.2658, NLL: 1.2808, Masked: 13.4036, Reg: 5.619300
Epoch [52/150], Total Loss: 7.2656, NLL: 1.2808, Masked: 13.4035, Reg: 5.619078
Epoch [53/150], Total Loss: 7.2662, NLL: 1.2808, Masked: 13.4121, Reg: 5.619416
Epoch [54/150], Total Loss: 7.2660, NLL: 1.2808, Masked: 13.4133, Reg: 5.619233
Epoch [55/150], Total Loss: 7.2663, NLL: 1.2808, Masked: 13.4141, Reg: 5.619519
Epoch [56/150], Total Loss: 7.2664, NLL: 1.2808, Masked: 13.4129, Reg: 5.619629
Epoch [57/150], Total Loss: 7.2666, NLL: 1.2808, Masked: 13.4179, Reg: 5.619701
Epoch [58/150], Total Loss: 7.2668, NLL: 1.2808, Masked: 13.4153, Reg: 5.620007
Epoch [59/150], Total Loss: 7.2667, NLL: 1.2808, Masked: 13.4078, Reg: 5.620107
Epoch [60/150], Total Loss: 7.2671, NLL: 1.2808, Masked: 13.4223, Reg: 5.620059
Epoch [61/150], Total Loss: 7.2665, NLL: 1.2808, Masked: 13.4026, Reg: 5.619980
Epoch [62/150], Total Loss: 7.2664, NLL: 1.2808, Masked: 13.4120, Reg: 5.619627
Epoch [63/150], Total Loss: 7.2657, NLL: 1.2808, Masked: 13.4127, Reg: 5.618910
Epoch [64/150], Total Loss: 7.2647, NLL: 1.2808, Masked: 13.4072, Reg: 5.618095
Epoch [65/150], Total Loss: 7.2638, NLL: 1.2808, Masked: 13.4090, Reg: 5.617148
Epoch [66/150], Total Loss: 7.2633, NLL: 1.2808, Masked: 13.4118, Reg: 5.616537
Epoch [67/150], Total Loss: 7.2627, NLL: 1.2808, Masked: 13.4094, Reg: 5.616035
Epoch [68/150], Total Loss: 7.2620, NLL: 1.2808, Masked: 13.4049, Reg: 5.615492
Epoch [69/150], Total Loss: 7.2618, NLL: 1.2808, Masked: 13.4097, Reg: 5.615102
Epoch [70/150], Total Loss: 7.2615, NLL: 1.2808, Masked: 13.4098, Reg: 5.614853
Epoch [71/150], Total Loss: 7.2613, NLL: 1.2808, Masked: 13.4098, Reg: 5.614662
Epoch [72/150], Total Loss: 7.2613, NLL: 1.2808, Masked: 13.4122, Reg: 5.614592
Epoch [73/150], Total Loss: 7.2613, NLL: 1.2808, Masked: 13.4077, Reg: 5.614631
Epoch [74/150], Total Loss: 7.2609, NLL: 1.2808, Masked: 13.4033, Reg: 5.614431
Epoch [75/150], Total Loss: 7.2611, NLL: 1.2808, Masked: 13.4086, Reg: 5.614425
Epoch [76/150], Total Loss: 7.2604, NLL: 1.2808, Masked: 13.4030, Reg: 5.613944
Epoch [77/150], Total Loss: 7.2603, NLL: 1.2808, Masked: 13.4116, Reg: 5.613592
Epoch [78/150], Total Loss: 7.2603, NLL: 1.2808, Masked: 13.4098, Reg: 5.613585
Epoch [79/150], Total Loss: 7.2595, NLL: 1.2808, Masked: 13.4114, Reg: 5.612776
Epoch [80/150], Total Loss: 7.2594, NLL: 1.2808, Masked: 13.4082, Reg: 5.612749
Epoch [81/150], Total Loss: 7.2590, NLL: 1.2808, Masked: 13.4110, Reg: 5.612278
Epoch [82/150], Total Loss: 7.2583, NLL: 1.2808, Masked: 13.4047, Reg: 5.611778
Epoch [83/150], Total Loss: 7.2586, NLL: 1.2808, Masked: 13.4076, Reg: 5.611949
Epoch [84/150], Total Loss: 7.2577, NLL: 1.2808, Masked: 13.4018, Reg: 5.611241
Epoch [85/150], Total Loss: 7.2578, NLL: 1.2808, Masked: 13.4002, Reg: 5.611417
Epoch [86/150], Total Loss: 7.2579, NLL: 1.2808, Masked: 13.4097, Reg: 5.611217
Epoch [87/150], Total Loss: 7.2576, NLL: 1.2808, Masked: 13.4043, Reg: 5.611083
Epoch [88/150], Total Loss: 7.2581, NLL: 1.2808, Masked: 13.4113, Reg: 5.611395
Epoch [89/150], Total Loss: 7.2576, NLL: 1.2808, Masked: 13.4077, Reg: 5.610927
Epoch [90/150], Total Loss: 7.2582, NLL: 1.2808, Masked: 13.4165, Reg: 5.611323
Epoch [91/150], Total Loss: 7.2583, NLL: 1.2808, Masked: 13.4111, Reg: 5.611617
Epoch [92/150], Total Loss: 7.2584, NLL: 1.2808, Masked: 13.4023, Reg: 5.611905
Epoch [93/150], Total Loss: 7.2590, NLL: 1.2808, Masked: 13.4101, Reg: 5.612334
Epoch [94/150], Total Loss: 7.2590, NLL: 1.2808, Masked: 13.4046, Reg: 5.612428
Epoch [95/150], Total Loss: 7.2593, NLL: 1.2808, Masked: 13.4034, Reg: 5.612798
Epoch [96/150], Total Loss: 7.2594, NLL: 1.2808, Masked: 13.4047, Reg: 5.612884
Epoch [97/150], Total Loss: 7.2599, NLL: 1.2808, Masked: 13.4013, Reg: 5.613479
Epoch [98/150], Total Loss: 7.2603, NLL: 1.2808, Masked: 13.4043, Reg: 5.613728
Epoch [99/150], Total Loss: 7.2610, NLL: 1.2808, Masked: 13.4207, Reg: 5.614011
Epoch [100/150], Total Loss: 7.2610, NLL: 1.2808, Masked: 13.4106, Reg: 5.614270
Epoch [101/150], Total Loss: 7.2609, NLL: 1.2808, Masked: 13.4078, Reg: 5.614267
Epoch [102/150], Total Loss: 7.2612, NLL: 1.2808, Masked: 13.4021, Reg: 5.614755
Epoch [103/150], Total Loss: 7.2616, NLL: 1.2808, Masked: 13.4105, Reg: 5.614930
Epoch [104/150], Total Loss: 7.2620, NLL: 1.2808, Masked: 13.4118, Reg: 5.615238
Epoch [105/150], Total Loss: 7.2623, NLL: 1.2808, Masked: 13.4108, Reg: 5.615625
Epoch [106/150], Total Loss: 7.2624, NLL: 1.2808, Masked: 13.4040, Reg: 5.615915
Epoch [107/150], Total Loss: 7.2632, NLL: 1.2808, Masked: 13.4082, Reg: 5.616553
Epoch [108/150], Total Loss: 7.2634, NLL: 1.2808, Masked: 13.4030, Reg: 5.616939
Epoch [109/150], Total Loss: 7.2641, NLL: 1.2808, Masked: 13.4105, Reg: 5.617377
Epoch [110/150], Total Loss: 7.2644, NLL: 1.2808, Masked: 13.4064, Reg: 5.617811
Epoch [111/150], Total Loss: 7.2648, NLL: 1.2808, Masked: 13.4003, Reg: 5.618328
Epoch [112/150], Total Loss: 7.2654, NLL: 1.2808, Masked: 13.4148, Reg: 5.618571
Epoch [113/150], Total Loss: 7.2659, NLL: 1.2808, Masked: 13.4153, Reg: 5.619074
Epoch [114/150], Total Loss: 7.2662, NLL: 1.2808, Masked: 13.4113, Reg: 5.619438
Epoch [115/150], Total Loss: 7.2663, NLL: 1.2808, Masked: 13.4070, Reg: 5.619687
Epoch [116/150], Total Loss: 7.2673, NLL: 1.2808, Masked: 13.4206, Reg: 5.620305
Epoch [117/150], Total Loss: 7.2671, NLL: 1.2808, Masked: 13.4111, Reg: 5.620374
Epoch [118/150], Total Loss: 7.2677, NLL: 1.2808, Masked: 13.4121, Reg: 5.620923
Epoch [119/150], Total Loss: 7.2679, NLL: 1.2808, Masked: 13.4130, Reg: 5.621087
Epoch [120/150], Total Loss: 7.2680, NLL: 1.2808, Masked: 13.4134, Reg: 5.621180
Epoch [121/150], Total Loss: 7.2685, NLL: 1.2808, Masked: 13.4136, Reg: 5.621682
Epoch [122/150], Total Loss: 7.2683, NLL: 1.2808, Masked: 13.4116, Reg: 5.621609
Epoch [123/150], Total Loss: 7.2685, NLL: 1.2808, Masked: 13.4144, Reg: 5.621669
Epoch [124/150], Total Loss: 7.2684, NLL: 1.2808, Masked: 13.4168, Reg: 5.621478
Epoch [125/150], Total Loss: 7.2675, NLL: 1.2808, Masked: 13.4052, Reg: 5.620939
Epoch [126/150], Total Loss: 7.2670, NLL: 1.2808, Masked: 13.3991, Reg: 5.620614
Epoch [127/150], Total Loss: 7.2669, NLL: 1.2808, Masked: 13.4070, Reg: 5.620304
Epoch [128/150], Total Loss: 7.2665, NLL: 1.2808, Masked: 13.4159, Reg: 5.619692
Epoch [129/150], Total Loss: 7.2658, NLL: 1.2808, Masked: 13.4019, Reg: 5.619368
Epoch [130/150], Total Loss: 7.2656, NLL: 1.2808, Masked: 13.4051, Reg: 5.619048
Epoch [131/150], Total Loss: 7.2654, NLL: 1.2808, Masked: 13.4103, Reg: 5.618661
Epoch [132/150], Total Loss: 7.2656, NLL: 1.2808, Masked: 13.4221, Reg: 5.618575
Epoch [133/150], Total Loss: 7.2650, NLL: 1.2808, Masked: 13.4137, Reg: 5.618183
Epoch [134/150], Total Loss: 7.2647, NLL: 1.2808, Masked: 13.4126, Reg: 5.617907
Epoch [135/150], Total Loss: 7.2644, NLL: 1.2808, Masked: 13.4103, Reg: 5.617714
Epoch [136/150], Total Loss: 7.2639, NLL: 1.2808, Masked: 13.4065, Reg: 5.617294
Epoch [137/150], Total Loss: 7.2640, NLL: 1.2808, Masked: 13.4164, Reg: 5.617182
Epoch [138/150], Total Loss: 7.2632, NLL: 1.2808, Masked: 13.4013, Reg: 5.616764
Epoch [139/150], Total Loss: 7.2629, NLL: 1.2808, Masked: 13.4128, Reg: 5.616186
Epoch [140/150], Total Loss: 7.2626, NLL: 1.2808, Masked: 13.4143, Reg: 5.615785
Epoch [141/150], Total Loss: 7.2623, NLL: 1.2808, Masked: 13.4093, Reg: 5.615601
Epoch [142/150], Total Loss: 7.2616, NLL: 1.2808, Masked: 13.3986, Reg: 5.615241
Epoch [143/150], Total Loss: 7.2619, NLL: 1.2808, Masked: 13.4184, Reg: 5.614991
Epoch [144/150], Total Loss: 7.2613, NLL: 1.2808, Masked: 13.4115, Reg: 5.614559
Epoch [145/150], Total Loss: 7.2612, NLL: 1.2808, Masked: 13.4216, Reg: 5.614153
Epoch [146/150], Total Loss: 7.2611, NLL: 1.2808, Masked: 13.4147, Reg: 5.614279
Epoch [147/150], Total Loss: 7.2608, NLL: 1.2808, Masked: 13.4175, Reg: 5.613939
Epoch [148/150], Total Loss: 7.2605, NLL: 1.2808, Masked: 13.4068, Reg: 5.613868
Epoch [149/150], Total Loss: 7.2603, NLL: 1.2808, Masked: 13.4037, Reg: 5.613833
Epoch [150/150], Total Loss: 7.2603, NLL: 1.2808, Masked: 13.4074, Reg: 5.613643

==================================================
EVALUATING ON TRAINING DATA
==================================================

==================================================
TEST RESULTS
==================================================
Total Loss: 7.415314
  - ZINB NLL: 1.280797
Total number of masked values: 5096184
  - Number of values with pi >= 0.3: 5096184
  - Number of values with pi < 0.3: 0
  - Masked Reconstruction: 13.417007
  - Regularization: 5.768436
Mean Absolute Error (MAE): 2.199197
R² Score: -0.041842
==================================================


==================================================
TEST RESULTS
==================================================
Total Loss: 7.455779
  - ZINB NLL: 1.288085
Total number of masked values: 1917787
  - Number of values with pi >= 0.3: 1917787
  - Number of values with pi < 0.3: 0
  - Masked Reconstruction: 14.632965
  - Regularization: 5.768436
Mean Absolute Error (MAE): 2.284748
R² Score: -0.042035
==================================================


>>> Optimizing zinb_nll on VALIDATION set: 1.288085
>>> Full validation metrics: {'total_loss': 7.455778598099867, 'zinb_nll': 1.2880846830725694, 'mae': 2.284748077392578, 'r2': -0.04203510284423828, 'masked_loss': 14.632965442800845, 'reg_loss': 5.768435687650644}

Iteration No: 39 ended. Search finished for the next optimal point.
Time taken: 16767.6282
Function value obtained: 1.2881
Current minimum: 1.0077
Iteration No: 40 started. Searching for the next optimal point.

================================================================================
Trial with parameters:
  features: Centr
  step_size: 0.25
  bin_size: 1
  sample_fraction: 0.6505610350010682
  moving_average: True
  first_layer_size_factor: 29
  num_layers: 3
  use_conv: True
  conv_channel: 105
  pool_size: 6
  kernel_size: 9
  epochs: 150
  batch_size: 32
  pi_threshold: 0.43764334634312685
  learning_rate: 1.822040638016674e-05
  dropout_rate: 0.2276474007402747
  masked_recon_weight: 0.01226995745950038
  regularizer: l2
  regularization_weight: 0.0012945513437719117
================================================================================

len(layers): 3
Creating datasets with:
  features: ['Centr']
  bin_size: 1
  moving_average: True
  data_point_length: 2000 (from 2000)
  step_size: 500 (from fraction 0.25)
  layers: [np.int64(464), np.int64(232), np.int64(116)] (first=464, num=3)
  stride: 1 (fixed), padding: same (fixed)
  Using pre-determined chromosome split


Clipping outliers using 95th percentile * 1.5...
strain_yTW001: Clipping values above 134.25 (P95=89.50). Clipped 27529/1193409 values (2.31%)
strain_FD: Clipping values above 71.92 (P95=47.94). Clipped 95791/4127807 values (2.32%)
strain_dnrp: Clipping values above 243.00 (P95=162.00). Clipped 25649/1119454 values (2.29%)
strain_yEK19: Clipping values above 77.10 (P95=51.40). Clipped 83713/3893623 values (2.15%)
strain_yEK23: Clipping values above 72.00 (P95=48.00). Clipped 86381/3558407 values (2.43%)
strain_yWT03a: Clipping values above 15.00 (P95=10.00). Clipped 10602/347679 values (3.05%)
strain_yWT04a: Clipping values above 58.50 (P95=39.00). Clipped 21095/725406 values (2.91%)
strain_ylic137: Clipping values above 142.50 (P95=95.00). Clipped 28746/1112684 values (2.58%)

Splitting data using pre-determined chromosomes...
Standardizing features: ['Centr']
Column order in final array (Dataset/Chrom split): ['Value', 'Centromere_Distance', 'Value_Raw', 'Size_Factor']
Removing 0 empty data points out of 110768
Column order in final array (Dataset/Chrom split): ['Value', 'Centromere_Distance', 'Value_Raw', 'Size_Factor']
Removing 0 empty data points out of 38952
Column order in final array (Dataset/Chrom split): ['Value', 'Centromere_Distance', 'Value_Raw', 'Size_Factor']
Removing 0 empty data points out of 43096
Datasets created with shapes:
  Train: (110768, 2000, 4)
  Val: (38952, 2000, 4)
  Test: (43096, 2000, 4)
Datasets created:
  Train: (110768, 2000, 4), Val: (38952, 2000, 4), Test: (43096, 2000, 4)

Randomly sampled 72061/110768 samples (65.1%)
Applied denoising with 15.0% masking
Applied denoising with 15.0% masking
Applied denoising with 15.0% masking
Number of encoder layers: 3
Number of decoder layers (excluding heads): 3
