{
    "model_type": "ZINBAE",
    "timestamp": "20260118_170340",
    "use_conv": true,
    "scaling_notes": {
        "all_originals": "Normalized log counts (not used for main comparisons)",
        "all_reconstructions_mu": "Predicted mean parameter mu in RAW COUNT SPACE",
        "all_raw_counts": "Raw count data before normalization (PRIMARY comparison target)",
        "all_theta": "Dispersion parameter (theta > 0, controls variance)",
        "all_pi": "Zero-inflation probability (0 < pi < 1, represents P(zero))",
        "variance": "Computed as mu + mu^2/theta (ZINB variance formula)"
    },
    "metrics": {
        "total_loss": 1.5794769525527954,
        "zinb_nll": 1.5794769525527954,
        "mae": 0.7343655228614807,
        "r2": 0.9529356956481934
    },
    "summary_statistics": {
        "original": {
            "mean": -0.0034516036976128817,
            "std": 0.6939266920089722,
            "min": -0.5082309246063232,
            "max": 4.122210502624512,
            "median": -0.3000146746635437
        },
        "predicted_mu": {
            "mean": 5964.91455078125,
            "std": 1151842.75,
            "min": 1.0,
            "max": 230338864.0,
            "median": 1.0096676349639893
        },
        "residuals": {
            "mean": -5961.1181640625,
            "std": 1151842.75,
            "median": -0.6000000238418579
        }
    },
    "zinb_parameters": {
        "theta": {
            "mean": 938.0568237304688,
            "std": 4213.056640625,
            "min": 1.0,
            "max": 22026.46484375,
            "median": 1.0
        },
        "variance": {
            "mean": 1326776057856.0,
            "std": 265276624994304.0,
            "min": 1.0000454187393188,
            "max": 5.305599300049306e+16,
            "median": 2.020583152770996
        },
        "variance_to_mean_ratio": {
            "mean": 5959.107421875,
            "median": 2.0031094551086426
        },
        "pi": {
            "mean": 0.14939875900745392,
            "std": 0.3543442487716675,
            "min": 9.999999747378752e-06,
            "max": 0.9999899864196777,
            "median": 9.999999747378752e-06
        }
    },
    "zero_inflation_analysis": {
        "percent_actual_zeros": 27.0925,
        "mean_pi_when_zero": 0.5484668612480164,
        "mean_pi_when_nonzero": 0.0011046362342312932,
        "zero_prediction_accuracy": 0.87815
    }
}