600 
1200 
1720 
2600 
2960 
3120 
3840 
4040 
5000 
5160 
5680 
6360 
6880 
7480 
9120 
9920 
10920 
11880 
12160 
12720 
13720 
14160 
14520 
14800 
15240 
16040 
17000 
17440 
18160 
18760 
19480 
19720 
19960 
20960 
21680 
22040 
22520 
23360 
24000 
24560 
24720 
25240 
25600 
26600 
27080 
27840 
28040 
28960 
29840 
31000 
31960 
32400 
32600 
32880 
33720 
33960 
34440 
34840 
35200 
35560 
36440 
36680 
37600 
37880 
39440 
40000 
42120 
42840 
43680 
44200 
45720 
45920 
46640 
46920 
47560 
48000 
48400 
49160 
49520 
50480 
51440 
52360 
53320 
53560 
54320 
56040 
57000 
57600 
58000 
59240 
59560 
61040 
61840 
62040 
62200 
62800 
63840 
64320 
65280 
65680 
66280 
66480 
67160 
67680 
68280 
69280 
69560 
70280 
71200 
71360 
72200 
72920 
73360 
73800 
74560 
74840 
75600 
76120 
76920 
77320 
77480 
77640 
78200 
78960 
79240 
79800 
80720 
81200 
81560 
82280 
83560 
85800 
86120 
86480 
87560 
88480 
88800 
91400 
92240 
92880 
93680 
94400 
94880 
95280 
95960 
96680 
97640 
98280 
99040 
99800 
100560 
100800 
100960 
101120 
101920 
102600 
104280 
105080 
106880 
107800 
108000 
108160 
109360 
109920 
110200 
110360 
110840 
111720 
112400 
112640 
112960 
114000 
114480 
114800 
115680 
116520 
117400 
117600 
117960 
118400 
119640 
121120 
121840 
122520 
123360 
123600 
124640 
125480 
126000 
126600 
127360 
128160 
128640 
129960 
130200 
130640 
131200 
132040 
132920 
133800 
134840 
135040 
135480 
136120 
137040 
137240 
138520 
138840 
139480 
139920 
140760 
141240 
141400 
142280 
143040 
143760 
144640 
145080 
145720 
146120 
146440 
146920 
147320 
148240 
149200 
150080 
150720 
151440 
152080 
152680 
152880 
153880 
154760 
155240 
155720 
156600 
157120 
157920 
158720 
159320 
159600 
160360 
160680 
160880 
161360 
162320 
162600 
163520 
163880 
164680 
165520 
166760 
167480 
167960 
168880 
169720 
170600 
171520 
172240 
173320 
173480 
174240 
176000 
177400 
177920 
179200 
179800 
180480 
181480 
182400 
183240 
183680 
184080 
185280 
185440 
185800 
186360 
186760 
187800 
187960 
188840 
189600 
190200 
190360 
190880 
191720 
193200 
194000 
194560 
195440 
196280 
197200 
197880 
198200 
198400 
198760 
199560 
199920 
200880 
202160 
202600 
204440 
205000 
205440 
205600 
206080 
206600 
207600 
208480 
209760 
210600 
211920 
212880 
213480 
213880 
214480 
214880 
215440 
216000 
216720 
217360 
217920 
218360 
218600 
218840 
219280 
219520 
219880 
220760 
221200 
222080 
222760 
223600 
224080 
225480 
225640 
226120 
226920 
228360 
228680 
228920 
230360 
230920 
231280 
231720 
232240 
232400 
232720 
233560 
234480 
234920 
235120 
235760 
236920 
237480 
237840 
238640 
238840 
239440 
240120 
240640 
241280 
242240 
242680 
243200 
243440 
243640 
244560 
244720 
245560 
246480 
246680 
247080 
247560 
247760 
248080 
248320 
248760 
249120 
249840 
250520 
250880 
251800 
252200 
253040 
254080 
254840 
255200 
255920 
256240 
256760 
257040 
257240 
257560 
258040 
259840 
260320 
260560 
260720 
261120 
261600 
261760 
262280 
262600 
264200 
264480 
265080 
265840 
266040 
266280 
266560 
266880 
267120 
267600 
267800 
268320 
268560 
269120 
269280 
271040 
271200 
272200 
272960 
273280 
273480 
274400 
275040 
275840 
276680 
277360 
278080 
278880 
279080 
280240 
280880 
281680 
282240 
283880 
284040 
285000 
285600 
286160 
286840 
287120 
287920 
288160 
288360 
289440 
290320 
291200 
292120 
292760 
292920 
293800 
294680 
295240 
296000 
296560 
296920 
297840 
298000 
298320 
299480 
300240 
300960 
301480 
301720 
302080 
302720 
303240 
303840 
304720 
304880 
305840 
306720 
306920 
307120 
308080 
308440 
308720 
309200 
310560 
310960 
311880 
312680 
313200 
313920 
314280 
315040 
316040 
316200 
316560 
316920 
317440 
318320 
318840 
320000 
320560 
321440 
321920 
322120 
322320 
322520 
323080 
323680 
324360 
324960 
325520 
325840 
326320 
327320 
327480 
328720 
330320 
331000 
331160 
332760 
333920 
334240 
334800 
335400 
336160 
336920 
337280 
338200 
339000 
339520 
340160 
340880 
341240 
341720 
342040 
342240 
342680 
343720 
344200 
344360 
344520 
345200 
345840 
346240 
347120 
347720 
348680 
349800 
350400 
351000 
351280 
351440 
352160 
353040 
353200 
353360 
355000 
355360 
355840 
356440 
357280 
358120 
358440 
358680 
359640 
360400 
361080 
361800 
362080 
362520 
363000 
363240 
363880 
364880 
365160 
365680 
366120 
366800 
367720 
368280 
368440 
368720 
369720 
371400 
371920 
372160 
372960 
373240 
373600 
373800 
374320 
375160 
375880 
376440 
377320 
378080 
378600 
379880 
380640 
381120 
381520 
382160 
382640 
383120 
383360 
383680 
384280 
385880 
387000 
387200 
387800 
388440 
388680 
389360 
390160 
390480 
391000 
391200 
391680 
392560 
394240 
395120 
395600 
396240 
396960 
398040 
398800 
399320 
399880 
401560 
402440 
403040 
404280 
405120 
406520 
406760 
407080 
407240 
407960 
408920 
409800 
410080 
410240 
410880 
411800 
412200 
412880 
414120 
415040 
416320 
416480 
416960 
417160 
417560 
418080 
419040 
419920 
420320 
420760 
421720 
422280 
423280 
424040 
424920 
425400 
425920 
426360 
426840 
427560 
428400 
429240 
430080 
430920 
431320 
431680 
432680 
432840 
433520 
433920 
434760 
435080 
436000 
436880 
437280 
437760 
438320 
438920 
440680 
441440 
442040 
442840 
443960 
444680 
446640 
447560 
448400 
449440 
450000 
450160 
450840 
451720 
452000 
452840 
453680 
454640 
455480 
456320 
456920 
457200 
457360 
458040 
458200 
459400 
460360 
460720 
460880 
461400 
462320 
462880 
463080 
463280 
463880 
464040 
464560 
465040 
466320 
468120 
469320 
470000 
470360 
470520 
471160 
471760 
472600 
472800 
473080 
473440 
474400 
475120 
476080 
476920 
477120 
477480 
477640 
477920 
478320 
478720 
479600 
479960 
480120 
481040 
481520 
482280 
482760 
483440 
483680 
485800 
486440 
486680 
487320 
487480 
488840 
489360 
489600 
490080 
490800 
491800 
492520 
493200 
493800 
494480 
494640 
495480 
495720 
496280 
496480 
497360 
497840 
498760 
499000 
500040 
500640 
501080 
501600 
502480 
503400 
504080 
505040 
506840 
507640 
507880 
508360 
508720 
509800 
510440 
511000 
511520 
511760 
512120 
512880 
513440 
514160 
514960 
515440 
515840 
516680 
517680 
518360 
519240 
519640 
520360 
521120 
521920 
522120 
522960 
523240 
523440 
523960 
525000 
525520 
525720 
526040 
526280 
527240 
527760 
528320 
528680 
529520 
529720 
530560 
531520 
532000 
532960 
533640 
534120 
534640 
535360 
536120 
537000 
537440 
537680 
538520 
539520 
540000 
540240 
540960 
541800 
542400 
542720 
543360 
543680 
544640 
545280 
546040 
546800 
547960 
549280 
549600 
550240 
551640 
551800 
552760 
554040 
554480 
555120 
555880 
556680 
557240 
559360 
560200 
560800 
561360 
561800 
562440 
562760 
563040 
563760 
564000 
564360 
564520 
564920 
565160 
565600 
567000 
567880 
568520 
569560 
570000 
570320 
570640 
570960 
571360 
571920 
572080 
572720 
572880 
574320 
574560 
574920 
576280 
576760 
577840 
579640 
580120 
580720 
581480 
582480 
583440 
584720 
585600 
586120 
586280 
586760 
587160 
587840 
588560 
589320 
590160 
590960 
591720 
591920 
592240 
592800 
593800 
593960 
594680 
596080 
596360 
596960 
598160 
598480 
598720 
599600 
599760 
600760 
601480 
601800 
602600 
603560 
604560 
605040 
605840 
606240 
606400 
606880 
607440 
608080 
608560 
608720 
609600 
610080 
610920 
611680 
612280 
612560 
613320 
614040 
614520 
615200 
615480 
616120 
616720 
616920 
617760 
618080 
618960 
619800 
620400 
620960 
621400 
621560 
622320 
622920 
623080 
623880 
624400 
624600 
625400 
625880 
626560 
627560 
627800 
628880 
629400 
630320 
631320 
631480 
632120 
632280 
632720 
633000 
633800 
634160 
634880 
635840 
636680 
637080 
638080 
638640 
639160 
639360 
639600 
640120 
640800 
641720 
642160 
642760 
643360 
644080 
644240 
644720 
645680 
646360 
646800 
647160 
647640 
648400 
649160 
649920 
650640 
651160 
651880 
652160 
653040 
653920 
654240 
655040 
655880 
656160 
656440 
656800 
657320 
658200 
659240 
660720 
661680 
662600 
662920 
663680 
664560 
664760 
665760 
666400 
666720 
666960 
667840 
668160 
668320 
668800 
669640 
670880 
671800 
672200 
672800 
673800 
674560 
675120 
675760 
676360 
676840 
677440 
677720 
678520 
679480 
679880 
680560 
681480 
682440 
683280 
683440 
683600 
683840 
684560 
685480 
686160 
686600 
687120 
688000 
688520 
688800 
689240 
689920 
690240 
690880 
691800 
692360 
693040 
693400 
693720 
694360 
694680 
695200 
695400 
696160 
696600 
697400 
697880 
698760 
699520 
699800 
700640 
701000 
701400 
701960 
702880 
703240 
703800 
704520 
705520 
708280 
708920 
709840 
710720 
711720 
712760 
713200 
713840 
714560 
715680 
716280 
717160 
718040 
719120 
719400 
721320 
721920 
723480 
724120 
724960 
725760 
726520 
727440 
728360 
728560 
729160 
729440 
730280 
730840 
731000 
731440 
731600 
732040 
732880 
733040 
733360 
734240 
734880 
735400 
735600 
736440 
737240 
737760 
738520 
739880 
740480 
741080 
741680 
742400 
743080 
743960 
744560 
745040 
746040 
746360 
747440 
747680 
748240 
748440 
748840 
750760 
751840 
752200 
752800 
753440 
753640 
754720 
755280 
755520 
756040 
756520 
756920 
757240 
758200 
758360 
759120 
760400 
761600 
761760 
763120 
764120 
764960 
765240 
766160 
768160 
768600 
769520 
770520 
770960 
771280 
771880 
772040 
772560 
772840 
773160 
774040 
774920 
776520 
777040 
777360 
778160 
778960 
779960 
780560 
781480 
781960 
782240 
783160 
784360 
784800 
785200 
785480 
785840 
787280 
787520 
787920 
788800 
789880 
790840 
791480 
791880 
793360 
793520 
794200 
795400 
795760 
796400 
797360 
798040 
799000 
799560 
800520 
800840 
801360 
802080 
802600 
803080 
803920 
805360 
806200 
806440 
806680 
807320 
807600 
808000 
808480 
808720 
809520 
810200 
810920 
811480 
812360 
812520 
813200 
813360 
813920 
814600 
815400 
816480 
818000 
818400 
819160 
819680 
819840 
820800 
821000 
821720 
822160 
822480 
822880 
823800 
825040 
825480 
825640 
825960 
827800 
828200 
829200 
829400 
830120 
830480 
830880 
831120 
831880 
832600 
834080 
834640 
835600 
836000 
836160 
837200 
837520 
838600 
839520 
839920 
840680 
840880 
841440 
842040 
844400 
845280 
845960 
846120 
846840 
847680 
848480 
848760 
849400 
849760 
850080 
851000 
851200 
851760 
852160 
852600 
852880 
853680 
855480 
856440 
856680 
857200 
857600 
858200 
858360 
858600 
858760 
859320 
859840 
860800 
861120 
861520 
861880 
862480 
862680 
863280 
864040 
864400 
864920 
865840 
867320 
867600 
868560 
868880 
869760 
870240 
871880 
872320 
872760 
873520 
874280 
875120 
875680 
877440 
877680 
878640 
879240 
879840 
880240 
880520 
881120 
881360 
882840 
883840 
884040 
884840 
885960 
887680 
888200 
888720 
889400 
890160 
890520 
890920 
891360 
892120 
892440 
892840 
893560 
893920 
894120 
895120 
896760 
897040 
897240 
898040 
898480 
899400 
899800 
900600 
900840 
901720 
902600 
903440 
903880 
904280 
904960 
905920 
906360 
907000 
907880 
908320 
909320 
910280 
911000 
911680 
912280 
912480 
912840 
913960 
914400 
915200 
916120 
916360 
917280 
917960 
919720 
920480 
921360 
922160 
923000 
923960 
924240 
924920 
927320 
927880 
928040 
928800 
929480 
929760 
930720 
930880 
931360 
931560 
931720 
932040 
932520 
933240 
933800 
934800 
935000 
935440 
936200 
936800 
937360 
938280 
938800 
940080 
941200 
942080 
942760 
944480 
944760 
945720 
946520 
947080 
947320 
948000 
949000 
949400 
950320 
950800 
951360 
952280 
952960 
953360 
953520 
954000 
954320 
955760 
957280 
957880 
958160 
958760 
960120 
960840 
961960 
962120 
963000 
964120 
964520 
964880 
965680 
966480 
966880 
967440 
968200 
969080 
969760 
970200 
971080 
971840 
972080 
972840 
973280 
973440 
974880 
975480 
976320 
976480 
976640 
977240 
977520 
978080 
978600 
979080 
979400 
980040 
980760 
981000 
981920 
982080 
982760 
983520 
984760 
985400 
986440 
987000 
987320 
988320 
989240 
989760 
989920 
990480 
991240 
992240 
992800 
993440 
993720 
994480 
995280 
995680 
997240 
998120 
998840 
1000080 
1000240 
1000920 
1001240 
1001560 
1002040 
1002200 
1003120 
1004080 
1004520 
1004960 
1005400 
1005920 
1006680 
1007160 
1007920 
1008240 
1009200 
1010000 
1010840 
1011120 
1011440 
1012800 
1013520 
1013960 
1014760 
1015200 
1016200 
1016440 
1016960 
1017640 
1018160 
1019040 
1019640 
1020160 
1020600 
1022480 
1023400 
1024360 
1025800 
1026200 
1028080 
1028480 
1029040 
1029200 
1030200 
1031440 
1032080 
1033040 
1033880 
1034560 
1034800 
1035800 
1036080 
scores: [0.10862758574489817, 0.422258728659358, 1.1868469542146158, 0.3363244852787375, 1.1868469542143885, 0.002747722277035791, 0.0, 0.007637414336045367, 0.2937734392328366, 1.1611668561614579, 0.4277446373876046, 1.7474464701493844, 88.55092942234842, 336.6574778132149, 159.9688962778921, 8.971459279878673, 0.8315061058057154, 0.40232263597840756, 0.11186535268950593, 0.14664078997634533, 0.0013742259452556027, 0.08061477864225708, 0.01523655495998355, 0.002449119266429989, 0.09546406840740929, 0.025830456623793907, 4.781676200559559, 238.00477187230194, 637.9000283012138, 116.38702386326895, 6.3452612536752895, 1.4997645690079935, 2.643150649980953, 4.970596478886364, 1.1081140089961536, 1.810809642056256, 1.1483435684656342, 0.029053588430770105, 0.0923378340603449, 12.437299038993388, 241.2223216994057, 354.1633119662722, 59.21949673815061, 0.17416548311359747, 0.25855636435630913, 0.0042312509094699635, 1.3945391943250343, 0.3554935892481126, 0.25374880656045207, 0.028224408979667714, 0.028458771042892295, 0.7606089026407972, 0.1527411342681262, 0.12442122933532573, 0.006136385009654077, 0.01701446231686532, 0.08274211004993504, 0.008362987536202127, 0.08274211004982135, 0.024554518589184227, 0.033287703680798586, 31.568976018660805, 425.1325360524065, 619.6317151112153, 108.51659288129781, 3.5400057713682145, 2.5212481359617414, 1.0875429583957157, 0.2872384054645636, 0.0005237647068270235, 4.600594116906905, 199.62832729124102, 466.51455349350977, 87.47090409744715, 20.656832365670994, 103.73685623473295, 60.896208067094676, 6.945145681819895, 1.0069767047521054, 0.4227848357941184, 2.671237068360597, 1.0603066845192188, 0.20123559876515174, 2.7002835756279637, 8.300312580319769, 0.4005324714003109, 3.752933366141633, 2.3042629709316316, 0.82407252916164, 1.220553527784432, 0.5225704980290402, 3.1969432174447547, 0.6472667989232832, 60.69607287013491, 301.8483376987524, 82.51953635732934, 0.00026120103325411037, 1.04060655583271, 99.95949035650847, 212.9373001013555, 24.030591267689488, 0.37425952042644894, 1.32132658290584, 1.1122729966516545, 1.2250117045730349, 1.6593105449724135, 0.3323413928401351, 3.5954769278155254, 0.6973647327481558, 0.004041884935531925, 0.6158196819976638, 0.0025827677986853814, 0.2952458391629307, 0.6134945079210183, 0.2685118299594933, 0.14285138340892445, 0.0014282639356224536, 0.07010476557036327, 0.040758429542620433, 0.3232385351341236, 0.0, 0.05195854061071259, 154.3722651139169, 1213.3561888130807, 1080.9554742754856, 32.71013748382734, 433.85576348336144, 628.6146162617863, 113.65209529839422, 1.1864887046809827, 2.4181933785225738, 7.1347833969362, 0.08333033009660085, 3.916014792978558, 0.0010232516150381343, 0.025110020240276754, 0.22827577063367244, 0.1583980075585032, 0.016138388759713962, 51.589898916800394, 463.05829374641485, 411.9564392646398, 38.15343213852725, 0.10293542287797663, 0.007709478071092235, 1.8566406472531298, 0.31527664766099406, 0.35920052889628096, 0.07253681014844915, 0.04294419277016459, 0.04395992511945224, 0.2555625625182074, 0.5448923822717688, 0.5487744894699063, 0.1692227346409254, 0.030757827293882656, 31.483809351955756, 125.08225188170968, 62.16373974119347, 2.328257544582698, 1.9808221729425668, 2.0070700118412788, 0.00046934217016314506, 0.06887929705453644, 0.06801150478827367, 0.398956946253179, 0.2274945951069185, 0.2888919245689294, 2.7285249617905265, 24.062152695698956, 38.88543225109572, 7.6132290816270825, 0.04826307988219014, 0.005340284453495769, 0.09703015273964866, 0.9537742684204886, 1.00387925855307, 0.03472162496552755, 0.00035087301728253806, 0.310268747479995, 2.8732043720616502, 0.14931070795137202, 1.847083713487109, 8.252601777801374, 261.09669878853765, 419.84663939080656, 79.8597893063129, 4.416854868529754, 2.2268973590557835, 0.1748130861417394, 3.968832305147771, 2.3868515205194853, 0.002514654994229204, 0.06965203534423381, 0.0006284512126057962, 0.1520402146024935, 0.16007177903247793, 1.383156553141589, 0.002489373388812055, 0.03458349162747254, 0.18960825045496676, 0.009799714925748049, 0.1584175957880234, 1.7822905899768102, 0.05054542685365959, 1.1822268683838502, 0.27408801278033934, 0.9984557495276931, 0.2011682834977364, 0.03091963285669408, 5.101147397241675, 4.572492028286661, 0.01061438180499863, 0.49983524042158933, 0.9938459722777679, 0.11985965465828485, 0.15569532889117, 0.9170946850447308, 0.5345734376537621, 0.2997736628092298, 0.9721058564291525, 0.1578373425618338, 1.7133941678612246, 0.7058778372297638, 0.0167397941524996, 175.16161256986857, 1049.746048719412, 17.08859584390757, 653.0974265965106, 107.99160781272599, 0.2649782528748119, 0.5135981279091766, 0.024606001728216143, 0.11766552053882151, 0.03454571268082418, 0.007382822085901353, 0.046273362846591226, 0.1392385078152074, 0.00020637820830415876, 0.21064238916767408, 0.09943105882837244, 0.00020423540217962, 0.10869937009272235, 0.3634999759569837, 0.035000315529487125, 15.638406241941652, 105.89872084336116, 65.6475909559249, 2.885823369264699, 0.993747197181392, 1.1764255443501952, 0.3070395611814547, 0.03236821367022458, 0.2156232402103342, 0.863096180765524, 0.6418880761380024, 0.43480190529112406, 0.9976877520759899, 0.00032141386554940254, 0.0029200009744272393, 0.6905039098714951, 3.226209189813517, 5.1510555305544585, 2.530349834885328, 0.06143844562393497, 0.6125152613151386, 0.22619534633270177, 0.0, 0.15690119612258968, 42.189164582052626, 290.21274921732174, 311.99801283219995, 54.246589998545005, 0.00260900945886533, 0.22079800339247413, 0.007994292296416461, 0.3864413117253207, 0.8830564967609007, 0.5236538906290207, 0.11553195673332084, 1.631748782541763, 0.4642698194611512, 0.35008485653543175, 1.1176965358170037, 0.478754152169131, 1.117696535817231, 0.010048420195516883, 1.773208315014699, 0.4626848351501849, 2.2779850647527837, 0.1005234197543814, 0.01950174294915996, 1.212854333856967, 10.425231169701647, 352.03369968597053, 1704.2186687914161, 646.8341420441834, 0.2880885920038736, 1.4296218730033843, 1.0335248927671046, 0.1141605661784979, 230.27001171011602, 855.940086340661, 297.8902196412562, 12.129908603271815, 0.2183185177264022, 0.8973999648715107, 0.4188533225747051, 0.008251413026982846, 0.9325591279275613, 0.49992830581186354, 1.6367582132977532, 0.010948143906603036, 0.00800392791336435, 0.58724502416635, 1.1665230657749817, 41.45827053712151, 38.42142524690098, 1.5610536321618156, 0.011473691774767758, 0.16209396399779052, 0.014518613962081872, 0.045982810798932405, 0.017927647246779088, 0.6626625024771329, 0.5772861936497975, 0.02982379597438012, 0.8233230135244867, 0.025532328978897567, 0.8233230135244867, 0.07868458285008728, 0.2556470780879181, 0.12049938722236675, 0.021531719612312372, 0.05727422355221279, 0.22858010101708715, 0.15766590169869232, 0.0, 0.5324313751750651, 42.58827660440488, 590.7363019142738, 1628.8464162481614, 534.3776062348124, 2.4340980692013545, 2.3981090966658485, 1.8517587680403267, 4.324915672406178, 1.4533649830232207, 3.7874758926398044, 0.9552639679569666, 3.3007660833965247, 995.3895393865027, 1785.9208794127082, 200.12822919962127, 0.20622616364016721, 0.06841812284119442, 0.012220658030855702, 0.3358807378032225, 0.0007653449808913138, 0.09253172115052166, 34.787493195726256, 309.2516809902402, 280.1322961614908, 31.084166875887263, 0.00042431718952684605, 0.12338298423583183, 0.06145075144979728, 68.81196208004076, 462.9742540681434, 338.8969677416851, 28.695612064690067, 0.008350778400881609, 0.05542987860997073, 0.9995332930805034, 0.008399823303761877, 1.897733979902796, 0.00837829771558063, 0.19640197860928765, 19.80126837112755, 74.5427028620154, 28.793652674999976, 1.7057339401635545, 0.3161522057075672, 0.9573430145209159, 0.5306634353484014, 3.0529997999918805, 0.27657287436420575, 0.0441566747347224, 1.0213044571073624, 0.24811024400139559, 0.5486139896593158, 0.32859773924019464, 0.08990233452436769, 0.18835097223291086, 0.3985514158264323, 0.7068615445402884, 0.3616695699065531, 0.2619291175091121, 4.739608097901737, 24.19958453003767, 5.964666520252763, 1.3885247934491645, 0.41534416495164805, 2.2423005415026864, 1.3741658410860964, 0.564840211037108, 1.2141805939656933, 0.00019591700015553215, 0.5289991495284312, 0.028288577112448365, 0.23880781948423646, 0.0049183877856648905, 0.028347699872938392, 0.5058002586537214, 0.45018237046383547, 0.2512441480649841, 0.004841501969167439, 0.04380792710537662, 0.0007757575268669825, 0.04952609868928448, 0.16415237925548354, 17.497222151591814, 158.4721305681021, 245.6118335201736, 44.04861284337517, 0.36243914572787617, 0.030763941267309747, 0.8027573524744867, 0.1984271305375387, 1.0234395779644956, 0.23461892741124757, 0.6027419995515402, 27.555934511005717, 328.7754405654248, 361.0481506391882, 41.645039373191366, 0.001522146052025164, 0.020434799380041113, 0.11385593351155876, 0.004226652380793894, 0.7847655846879888, 1.329277948529807, 0.004291923732353098, 1.4206764643687393, 0.10769418238396611, 1.7533068693804807, 0.5373019042716578, 2.7162927308002054, 0.3873574683551624, 0.1317606047504114, 80.12325830349937, 773.9191885481605, 1045.9227100606827, 152.09453006181366, 0.3087127305877857, 3.114130383568181, 7.167684610738888, 2.0840871964664984, 0.8589505320119315, 2.023319418582332, 0.5512442468126437, 1.382665813682479, 2.05585724631203, 4.133866389896298, 3.41751426699534, 1.725844180770764, 41.98229855692978, 165.79837740803828, 51.90342959022473, 1.1029014855500918, 0.026692404955497295, 1.3222292233302824, 1.1460345343488143, 4.272171327911337, 0.1095976000998462, 4.071754761605803, 0.15141796786662098, 0.44591873386769976, 0.03524940934920551, 0.4173582423021003, 0.04613006622736293, 0.0229111126089947, -0.014138185182730467, 56.23485029497499, 1133.677489993396, 1715.0654627890985, 235.41823524203255, 1.4683166717449012, 2.28698938216678, 1.2188770370470365, 14.072102535491013, 38.50530773595051, 14.171261519618383, 0.315318864086521, 0.3213818410069962, 0.1506587912114128, 62.34624877555348, 372.3404585303906, 155.40735050679746, 0.9968934717683169, 1.3722224121842146, 1.5332872655907295, 0.0005789536247675642, 2.206959194713818, 1.8116309378170854, 0.508568513307182, 0.3230796257298607, 0.07236381304710449, 1.7727966527672834, 3.004870709724628, 0.014826717582764104, 2.8513049471424665, 1.4301709978910822, 0.3397148602235802, 0.6068772912351506, 3.670018076530255, 4.932921247538616, 0.3611955903636499, 1.2747880182437257, 3.306823287669772, 7.940875660779739, 169.1886325999692, 670.9885209634663, 145.9696113442085, 0.9088793449679997, 2.7465516110983117, 0.6334411292332334, 0.046212969391717706, 0.13000951657068072, 1.3334129603640577, 0.0018812386081208388, 0.0416974873505751, 0.06059641358501722, 1.4089972474087062, 0.05368899539894301, 2.103925246045492, 0.03521647044271958, 4.030303212124636, 1.8347703400427235, 35.829992569724254, 50.38855810301743, 13.251460462368186, 0.4112262866930223, 0.29796221401647927, 0.6593309466607025, 1.6963952614564732, 2.95276804902187, 4.832499353234994, 5.569311103813334, 63.219920134510176, 58.83576493478722, 12.734912921643627, 4.018787320134152, 0.11075079144393385, 0.018781890769332676, 6.929017978773345, 3.4248347473867398, 7.448431827015611, 10.185928422305778, 9.817134642549718, 125.91729842678774, 194.47625009630315, 31.440702469474218, 0.04915079392537791, 0.13643420944856643, 0.39153344407066015, 0.04114026867523535, 0.8515466792252937, 0.06657018088378663, 0.37316150375886536, 0.37236843723849233, 0.021737143647214907, 0.02207893499655711, 0.01228767126076491, 1.6914698982491245, 0.4622176816924366, 0.11896741683278833, 0.7869747031913903, 0.011916662183693916, 2.513610457200116, 0.15868866690584582, 99.58685590041728, 200.95064482350142, 24.626494668138548, 0.034073300426371134, 1.7819845534261276, 0.034073300426371134, 0.8207590309663146, 0.007269086578389761, 0.35512548057738513, 0.09714680650222363, 0.5668383420400005, 0.0017991656480944584, 1.0418810925815478, 0.019961114180205186, 0.16748374702433466, 0.168551908031759, 1.4554356657216658, 14.004651119716414, 13.06847288951326, 0.025954870713235323, 4.365169222661052, 0.9190535810043912, 0.0532465261969719, 0.07423686730658119, 0.018399092485310575, 1.2328535655690303, 0.01490618629736673, 0.5720691177853041, 0.09761857029866405, 0.5235095652526525, 6.158238865930116, 13.758427860624806, 1.6840894170236425, 1.3564873684510985, 12.198045715525723, 54.83607379242562, 23.849134147781797, 0.381307973844514, 5.0261666031638015, 6.30591264321265, 0.024899897694467654, 6.30591264321265, 0.7425198465407448, 0.3879166412266386, 0.03799861460174725, 0.24355970994133713, 3.6609432059781284, 111.14443680584009, 1164.5285703385405, 910.0919909953407, 66.62211167262967, 0.007577757544368069, 0.10153310750183664, 0.14352239796426147, 1.1113095303877571, 0.0034413852081343066, 147.22696800783558, 510.99835957523226, 183.23782094739613, 10.944949573252757, 0.5295652086456357, 0.4575888139053177, 1.0569345531741874, 0.07018402110361421, 1.0234070727005928, 0.5851559726671667, 0.48251595409112724, 1.0245844056697706, 0.027605285582012584, 0.0043343403701783245, 0.7056239405992528, 0.006770490791495831, 0.02171509028642049, 0.004331887366902265, 0.1537727749602027, 0.21083257151281032, 1.2872656168883623, 0.15472298303029675, 0.18501279868019083, 0.001082359136944433, 0.04574270839111705, 103.82161492272348, 553.2717950559438, 208.29990793659624, 0.6482986544887126, 0.8488028568011714, 0.19935983695995674, 0.7975027557918111, 0.09385607393596729, 0.6125114433984891, 0.278269224077917, 0.04860813928269181, 0.03741772302510071, 80.331038355479, 409.9844114761539, 191.59853250258834, 10.352090543286067, 3.939056053472541, 2.308586696435441, 0.1034903385400412, 0.00026020481573141296, 4.384957148206013, 5.114646924452245, 2.5385718500613166, 1.4202330504190286, 1.5187814062312555, 1.4598239045578794, 0.9611167955927158, 0.16652877853812242, 2.645653530958043, 2.452766919846681, 4.003686967228305, 172.47329829373712, 495.06223489986576, 123.75226728125995, 0.8178269545992407, 4.195435879001934, 698.741541665212, 1870.6221763173917, 340.2631098151933, 0.27145133113504016, 0.3658934948109618, 0.544798388936897, 7.7182219515179895, 1.389215388100979, 1.5957432611611466, 0.14614311612558595, 0.4710429132264835, 0.0025863570774617983, 0.0006520239531937477, 0.10154127435930604, 0.3130608740058278, 0.24650958721531424, 0.2585478700324302, 0.24650958721508687, 0.08642706615319184, 0.4889053462152333, 1.4867089070859265, 0.22056860167663217, 1.4556434027549585, 209.60948762680005, 1209.544971646283, 552.3897782140152, 2.5099724449662517, 3.0451422018940093, 2.9640722843575986, 3.7713800523724785, 2.8903619281639976, 2.8259523926566317, 2.571448770655593, 6.155295828094495, 1.3759526169725405, 4.921090013370872, 0.006062553684614613, 0.04121647970168851, 1.4446430351758863, 0.051588945779485584, 0.015799344796505466, 0.015779010120695602, 1.133586180475163, 0.15942475005169854, 4.017896579018384, 17.406273317430532, 139.31538197924988, 68.68797578661315, 5.543613623948204, 0.0056695504275694475, 0.4096353114573503, 0.005669550427796821, 0.0003589520234754673, 0.3677118093158924, 0.20500824782334348, 0.22501640184100324, 0.16939360902756562, 6.2843857161044525, 2.160304333862996, 3.4232194478095153, 5.716291015073011, 0.0055554500347625435, 4.643397115146286, 0.6025433556029611, 0.026748233791067832, 1.7021412277239278, 0.977549114440535, 0.5196515293961284, 6.426688106055053, 2.2776528955121194, 0.07815195878595205, 0.29638100834119996, 0.47931469269622085, 0.5616199992518887, 9.221443835016771, 18.810898907059027, 1.348403069953065, 0.8093746471803343, 1.8922002602447492, 2.665943537230987, 0.041397179182695254, 0.27835745911784215, 0.8490127286174811, 0.3543995143959364, 0.02390900916884675, 3.386276645238695, 1.1535011939106425, 1.5075436828212787, 2.2538239658035764, 0.01876987439095501, 0.0011589491873564839, 0.9388500237016615, 0.11513062225253634, 4.344640047957455, 2.5954962365683514, 2.6249596887635107, 1.3988004398718203, 0.02344750633642434, 18.26774879677737, 128.21671081775366, 29.67648883052732, 0.5126784722106095, 0.02787419113053602, 0.2093014965413431, 0.7873586066975804, 0.027311375795306958, 1.392120869391647, 0.10810681121097332, 0.9911124617335645, 29.197222875249167, 128.6470420673527, 53.634343557735974, 1.592671969167327, 1.2890059754892036, 42.07584900262157, 224.65352558722657, 66.31055719659935, 0.4287369679186668, 0.0389105234339695, 0.22163587163663578, 1.037528659632244, 92.58738586454581, 223.5044785117559, 41.36934414386781, 0.10258125097209359, 1.1055381323126312, 0.08470481221252157, 0.04340713720034728, 3.6397498570977405, 1.2691410763306976, 2.884415497498935, 1.2902861983830007, 0.021794003088643876, 0.35151831690052404, 0.05644163934744029, 0.17132321512121962, 0.5867649659548988, 0.22337477484143164, 2.217368501193846, 1.1513694934674277, 1.101178990529661, 0.32565918790078285, 174.66720328615133, 1045.2151688544698, 724.608161100233, 60.82129088008969, 0.2894424647697633, 6.967935516384841, 0.10729844494221652, 16.735639899785838, 0.0500005003084425, 0.5225788830914553, 0.1004169909463144, 2.793859928647862, 2.46644862953508, 0.0006771228745492408, 0.2700677198415633, 0.23339736521029408, 2.0994122357942615, 12.382380569931229, 100.34143149881015, 200.26122689638305, 41.70110528654527, 0.12108342080853163, 1.2525922429072125, 0.03698865006901997, 0.12405150604183746, 0.20910868393730198, 0.5777256263953632, 0.64104378540776, 17.33876798352742, 79.1148862821808, 21.50987793860736, 2.536443141941618, 0.26820090663682095, 6.837764963974678, 0.12240252689821318, 4.683140654217823, 1.2515703731933172, 1.1016677181978594, 14.557556425962048, 11.059477695798023, 0.7520219391772116, 3.4262245435968453, 1.021115672960832, 2.2850596074033547, 0.14478698348284524, 3.504248582098853, 13.984690188566447, 36.8228699672195, 5.265072796012646, 0.39412606515429616, 0.1085576173904883, 0.6064498045207074, 0.16106225127009566, 2.485998161248517, 0.016709338367945747, 0.00320735754735324, 3.3838727901861603, 4.84681411558131, 12.635561388394535, 4.722976656434184, 7.127482747523345, 1.3383170031790996, 1.0238285666682714, 1.7973534640577782, 0.6164919711038692, 1.4321724909043496, 1.8950752424016173, 87.03737259729041, 667.6986438611909, 728.0701108788303, 118.29493600794899, 1.9355344618028312, 0.5037200293465958, 2.846760353860418, 245.34238335900454, 689.2902921797216, 146.40664937831207, 0.4314456548200951, 0.004510419792268294, 0.12290892338103276, 0.8401791568589942, 0.11016750225792293, 0.02741557597312294, 0.5617746322532184, 0.5895819768626325, 0.01013652133508458, 0.11229862986897388, 0.5391135331291252, 0.11099750905054862, 0.34022943453214793, 0.44658485205616216, 0.017999335450099352, 0.002539351660175271, 0.002534874249022323, 0.013784783895175678, 0.028223362803032614, 0.04056998533167189, 95.33738348362795, 299.2159811164254, 38.31545319363249, 0.5044849106675429, 6.957704628001238, 1.7882012337113338, 33.47515738383527, 244.85743650033942, 280.84096707779895, 48.046690596673216, 2.2633491068863805, 0.0749683419323901, 2.719005199741332, 0.0013249825112779945, 0.08376318568730312, 0.0029822351085613263, 0.09563195370412814, 0.02695128319203377, 0.002998720849291203, 0.08592062643697318, 0.883145748988909, 0.110044870357342, 0.19744267050998587, 0.5128214496373857, 0.16323944340797425, 0.43650071548108826, 0.0973010430833483, 0.0030664944791851667, 1.7015326263275483, 5.384428891577613, 2.28983630387188, 0.3863505362603519, 0.2158061961073372, 0.013721265953108741, 3.477584304216066, 0.32347753015869785, 2.925744604703823, 0.9536758674514658, 0.27515355781974904, 0.5482375977717311, 0.2605288040704181, 0.125767920549265, 0.13951579334298003, 0.17097921461640908, 0.02447039791320549, 0.07494084670327084, 27.139432089060392, 225.89852793668388, 189.28809363230357, 13.360565286776819, 0.1133911458412058, 0.34813632641703407, 0.056809207318565313, 0.06314876027636274, 0.44999560312317044, 0.012407013357460528, 22.32411629721355, 264.32055713996215, 298.32954732994426, 31.667527486396693, 33.66702125084703, 298.4162416695299, 261.5284878326006, 19.0945443947096, 0.056152728660549656, 0.43459545732127935, 0.08636372523756108, 0.7782638395652839, 0.4486924366981384, 0.012407013357574215, 0.02783551866093603, 0.0031043101328123157, 0.0069674618883937, 0.19721335388783245, 0.10177620844353896, 0.22272677543139707, 1.0358889244891998, 0.22587094346772574, 1.5570833161179962, 9.708948594245271, 4.202789298078528, 0.18074594054439785, 1.3377174155733655, 0.054856761607993576, 1.3037684721771257, 0.893923174873521, 0.16001605480073522, 0.1604621049165189, 0.10636133860066366, 0.172608475644779, 0.4473957329360019, 0.19805565692149685, 1.1697664592160208, 0.6695864318558051, 9.71025775407179, 2.0702589472689397, 0.0009526633148198016, 4.099586580966502, 1.3282027451641625, 0.06448550225729832, 0.4841003460834372, 0.1591589610027313, 2.3924484986280277, 0.28167844983352097, 0.08592111271821068, 0.40124279438134636, 0.13870712768209614, 0.5814594724763538, 0.07565282546624985, 0.07544609794535972, 0.3069017916592429, 19.56981928926166, 86.62605337127286, 0.14933217245584274, 287.3977639801974, 262.5476112048709, 13.264471946089998, 0.5208214820778494, 0.022631062617278985, 0.01877438374913254, 0.6351373067574286, 0.10783902765842868, 2.685506178083415, 0.16670388769330202, 0.12374729522321104, 0.29232413609690866, 0.01175697211010629, 1.0911357128459258, 0.0007339481255712599, 0.11736375116879572, 7.487873376145217, 13.466086829400865, 14.010940605930273, 0.357383002629831, 3.885206044977849, 1.0994117588095378, 3.001706572982812, 0.5478718508727525, 2.2948410359972513, 0.10432789417473032, 1.0824558567724125, 0.27571648616799393, 0.0367716665041371, 2.52249509146327, 0.4158015722905475, 4.26764718539448, 0.389423581997562, 4.145537566132589, 1.8824645333811532, 9.840880041243736, 3.6260872535585804, 0.5933804034302739, 5.725747471859449, 24.178674130513173, 4.7422941311763225, 1.7800779167250766, 0.7588106761827476, 0.4713156510532599, 0.39105729664458977, 0.0037691237172339243, 0.07647656674964765, 0.2749099660347838, 0.008522756637148632, 0.08617233241341182, 0.023697934910956064, 17.186693781061308, 167.18833750418491, 112.74839855515074, 0.06368713600022602, 4.150836259421112, 1.1589834569560935, 0.20044579334307855, 1.711832889586276, 0.0, 1.3232411559491766, 2.5500011559129234, 1.3928207870608276, 2.4676146773942946, 4.134865303464721, 3.669353943915212, 2.9714046384535777, 3.594764078779008, 0.5232480527873804, 0.8666150235434316, 0.0015079684887950862, 2.3763032265405855, 5.7041359210466, 2.0549641234786122, 3.228413536605103, 1.452460273110546, 3.4908337300680614, 0.020174681537696415, 0.0950569735081217, 0.3516385634929975, 0.3293645907899645, 0.12146185816402522, 0.4042503196664029, 1.1540021727862495, 0.07246932551993268, 0.5569897323017585, 0.2882288878399777, 0.02079157825266975, 0.33457198758253526, 58.41181954295689, 292.6217832578443, 139.4803056406272, 7.76938165666877, 41.42516969935423, 557.6729294787635, 975.0137451121457, 216.8800477362381, 0.04173458384832429, 0.3485308405829528, 0.010397033860044758, 2.4812520738972808, 3.447950685043452, 1.3596788913904447, 4.004955506220313, 0.2231034692998719, 0.818339256717195, 0.2557989404676846, 0.5012129934689256, 0.07213336279755822, 0.8816072288268515, 0.3542607405038325, 1.1308817258531008, 719.751054069287, 2100.1558318535526, 466.1560857215086, 6.081857513760724, 0.03833715392102022, 3.111394322821411, 2.343698894056388, 36.40778755719998, 205.00465602264694, 71.18317234088522, 0.22985779886016644, 0.015311615095924935, 0.24486512494922863, 0.1631241962788863, 3.8263137041068376, 0.5666078006661337, 2.5627829093942864, 2.92908732574233, 0.3614413756720296, 0.4608673686198017, 2.7157674746364364, 0.13948825731051784, 0.7676559371852818, 293.4332409035924, 1989.308984081964, 817.6999111483854, 0.07328587638590989, 0.8004099659051462, 1.7118901673864002, 0.32167531894407375, 0.4660786325674735, 0.6201665395019518, -0.0004435576951209441, 0.04081880197333021, 500.73312259531326, 1248.5191903766147, 233.34977059855646, 4.048117809091082, 0.02775523674267788, 1.6385284829094644, 0.27222148441137506, 1.2429201822319556, 2.573866599142434, 0.0, 6.086178090980184, 64.5485440408388, 42.69516607717196, 2.280730470518165, 0.024130653058932694, 0.2302049972020086, 0.0, 2.438035846234584, 0.7422001236768665, 0.6931287111111715, 2.1016315422303933, 0.6745995081198544, 0.18738021421563644, 0.4638851002134743, 0.029205499846852945, 0.19131910614225944, 0.9453458229629632, 0.03550379310979679, 0.006256083737184781, 19.35710499777997, 111.30821979028224, 80.66239366045102, 20.54360138726838, 0.8199760321872418, 15.445315037791715, 8.15343157456482, 4.40290140849288, 102.44752196296349, 805.5865559396996, 916.3759409641934, 122.94253597715306, 1.4713700133584098, 2.320701623756463, 3.2513139000353704, 0.15454210376537958, 0.3018716608549994, 2.3003251862681964, 2.713872100178719, 2.618106645336411, 2.2775282598178137, 5.39020509385557, 0.8658120479655054, 0.34722878957938974, 0.8955291005111121, 1.2453551597018304, 6.926165379657164, 5.194104868077488, 1.8186543897923002, 14.467124052614054, 25.722254768753828, 7.885531464517726, 0.3480452160412142, 745.9680969962155, 1771.9305150039638, 249.27954541259032, 0.33776693726565554, 0.12622699409905636, 1.1279560719910933, 1.9108858967117612, 0.13012410727708357, 1.2664554889645387, 0.21055065164762254, 0.221264898635809, 0.0032698881777832867, 2.1459243200031324, 0.9317571081951428, 0.8256341414944472, 1.7098744849874947, 0.0018477119929229957, 0.9220302538180931, 0.09018515855427722, 2.288544921804032, 0.3229360179716423, 0.0049723753407988625, 0.6581638862102182, 8.214799845453626, 383.4899885145928, 1984.0086270443658, 818.892281510445, 0.4521195409865868, 0.21436356740684914, 1.378710265063205, 0.02257963616739289, 1.2570943710276765, 0.5172730633518654, 0.26663642152220746, 0.3219061780118295, 0.010390466877822746, 0.023436506901987286, 0.010282837484737684, 0.010446311530699859, 0.5542361889243921, 2.203595701868835, 4.577007066045553, 0.6515748932812357, 0.6737329726365715, 0.325145237350398, 0.2768389755710814, 0.8148408108473859, 689.7968034984503, 1833.1227424703002, 401.04144020094213, 0.15144316483269904, 1.0137880330121334, 0.05268323926929952, 0.14973059984163228, 0.4112687739836929, 1.0837233471804666, 0.48805431078972106, 0.46602741771448564, 1.4915592048482722, 0.9587022846536684, 1.1933981571939967, 0.986903846234668, 0.3577211143660861, 0.05887126750462812, 0.02014018027068687, 0.15817000249410285, 0.08108021772545726, 1.1774217613900646, 0.5784646567567506, 0.6650158395113976, 0.38159867406238845, 12.706321430648927, 34.55698137436207, 4.779062964238619, 0.7079775079638466, 0.20517633907491017, 1.4862828511891166, 90.46360006555642, 386.1180143738976, 97.3679027623914, 1.7129959531694112, 0.1911314407111604, 1.8373187161924989, 0.17163447778136742, 2.499568122537198, 0.6670356037033116, 0.14757125983851438, 0.40181164151249504, 0.061979900317965075, 0.012968962995955735, 1.7669626322267504, 0.7225032720160698, 0.6514270477646278, 0.5759671422124484, 0.04247063026082287, 0.2317304081493603, 3.000019906492639, 15.703075308070538, 0.9634859098990773, 3.6692600371458184, 0.07916681532401526, 0.9162165979846577, 1.439429502965254, 1.8419208987280626, 0.33007066478796787, 1.7839782523852818, 0.046068766895132285, 1.045933515281149, 0.26969749841953217, 0.686697847208734, 0.09221385520561398, 0.011699752966592314, 0.016871963283506375, 0.3132092802073885, 0.5987770114436444, 0.00045743998703073885, 0.08961677733714168, 0.14940538115990876, 0.022477955172234942, 0.6596482214756634, 0.10360619365451385, 0.8466589142146859, 0.6462989618113397, 4.711224420605504, 1.494774655354604, 1.2071854253005085, 2.014903439498653, 0.0312569043341, 0.19246651675439352, 1.4323445882564556, 0.1737865254448252, 0.22553609915632933, 0.004286005228209433, 3.8990881645959234, 8.315572126504094, 0.041930468232294515, 5.6620290003091895, 0.6983521168391462, 0.37612636062772253, 117.40908105090477, 256.2530478181369, 44.436313200557606, 0.8447322177503338, 0.09091073291585872, 0.0002472575512229014, 1.5707364716500933, 0.30009078926741495, 0.4287147231276549, 0.3924615383436958, 0.019945064854027805, 0.474391565400083, 0.06292254052982571, 1.3156634732312114, 0.6708667020684516, 0.46005271895091937, 0.3052702086260979, 0.06324885231276767, 0.055777774034254435, 0.7614075559610001, 0.002241599475610201, 1.093269271927511, 0.015986211643621573, 0.25471430101379156, 38.016039591750086, 193.30455145121005, 80.42968805173587, 0.027120833276853773, 1.3088246895505335, 0.0, 0.38509088882608467, 0.015268772101194372, 0.26801177028846723, 0.18827736472962897, 1.29845594445203, 1.365624595633676, 1.2984559444519164, 1.0476066045496282, 4.640621042790713, 61.743102435499395, 73.24006844203382, 7.544070664549963, 0.00028082722428734996, 0.04078577948394013, 0.2219267862014931, 0.4802422506475068, 2.823968165504766, 0.25796201231787563, 16.900637806851364, 1.604782116377919, 19.27302334133242, 12.38170675005631, 5.908272787590931, 13.205990085120447, 0.013728358301477783, 3.196961687272278, 0.08120700880704135, 0.0347538681653532, 0.31055686783088277, 0.3876403690533152, 5.803985535339962, 2.9404199655722323, 0.20930238628943698, 0.004219588095565996, 0.29032325671221315, 0.2553441291690888, 0.6429763252264138, 0.43368859192537457, 0.05342853945603565, 3.1590520196505167, 2.9297877558967684, 0.627848631149277, 2.6536809353005992, 4.647589593380189, 0.053703837612147254, 3.406723158402542, 1.678914264856985, 0.17976696118148539, 0.9311649905259856, 39.18792890923032, 335.4295751331199, 452.4132361065822, 85.61563930151624, 3.4327895155807937, 1.163230823184449, 0.5241783264560809, 1.09187289063334, 1.8787409273697904, 144.41019613237745, 820.9787461568446, 556.8511840903325, 34.80359380905725, 0.18425156527655417, 0.00020574872451106785, 0.14934073171298223, 0.05922917044540554, 0.07382499419088617, 0.5885566401016149, 2.0498373194536725, 0.016130926129108047, 3.36415111536337, 6.39570224813599, 1.3730512881563754, 13.000408353695548, 0.19154358677280925, 2.890362180185093, 0.6511709917970165, 0.0008097560524902292, 0.0032487828148077824, 0.294600303781408, 0.2508418729373716, 3.43249394976624, 7.526911547760619, 0.0436454249045255, 0.740031604673959, 0.04364542490441181, 0.0856157399566655, 1.3639221189745285, 3.1002315084524525, 0.4406678312865324, 4.4411691302951795, 1.0938815506763149, 0.012265485428997636, 0.32461100399621046, 7.35361582361088, 283.05358383670637, 1586.3254610826648, 735.5976937001778, 1.3518078675813285, 0.19193839998933981, 1.199766016953049, 4.289771667546347, 2.782009459001415, 3.7340306775973886, 1.3486416938524144, 1.291101960777155, 1.2626219358935487e-07, 0.7286954749791903, 0.3131280930194862, 1.0689108898574204, 0.3336156459444055, 0.8245813951159562, 6.056030730135035, 0.6189333560018895, 0.7017761079032425, 69.33493511569554, 312.7343918620204, 138.85659202657962, 8.41083292993153, 29.930245688915647, 450.67943349362577, 593.5922751310018, 90.71938406222262, 0.29175575171211676, 209.34027635735288, 789.8553205560286, 223.49592733207578, 0.03297292664376528, 0.2996082053355167, 0.18867760016394186, 0.013207410389895813, 0.0886119320753096, 0.40911115839958256, 0.11810154618672186, 0.569797995416593, 0.870251074955263, 1.6210333950969016, 0.27125959345517003, 1.5628209854903616, 40.155831290491506, 426.56549527727384, 409.38407220181807, 44.20780684312399, 0.13088786090929716, 0.012391698322858247, 0.019219649226442925, 0.5801019916191308, 0.28943512877390276, 0.13900395470727744, 0.7589703414929545, 0.15117690693580244, 0.009477642985075363, 2.0537586924132256, 6.235092396937716, 8.78085866026538, 9.732839675518676, 0.0042762066037767, 1.7782557579657805, 1.1068748165130273, 0.6284242461852045, 0.037509713137296785, 0.5876782050125939, 0.18311875970528035, 0.40607992999548514, 11.25962591982875, 190.84899903440532, 307.8881128177376, 52.436857525293135, 0.17469058457231768, 0.15868866690584582, 0.0003277546600202186, 0.3368872913257519, 0.032898570042561914, 0.008301103974531543, 0.20810323225384764, 0.3357414402117911, 0.6118643679321849, 43.78744739452986, 166.32467191661044, 37.76726759059886, 0.32113934870301364, 0.0, 0.20069540923032037, 0.05537323353371448, 0.014090478755861113, 0.9948919348230447, 1.3199560207335708, 1.3487629741277942, 1.4315310221901427, 0.24378631711908838, 0.16214110379735303, 0.08111496449839706, 0.8643049978172712, 0.12652417956815043, 1.1975839952189062, 0.005009086043401112, 0.0, 0.013851094587266743, 0.05543599719919712, 0.5761818164257875, 0.7797357253497239, 54.41720977438399, 325.56969638152225, 189.954007701681, 7.768752128868982, 1.243985147790795, 0.38040309569191777, 0.45877905879456193, 0.187388374319994, 1.1184723697268737, 91.56584374163572, 942.3814205600718, 1169.3552686997773, 169.07448735204548, 0.09706942345985681, 1.2387621661866888, 0.007874613470335134, 0.5760005068228793, 0.3707012369009135, 0.014031713538884105, 0.12752512331564958, 0.07146562809282386, 0.014116634980268827, 0.00354069288869141, 3.46213592627646, 26.313633848881295, 7.94745535702009, 256.3051884121621, 141.41712118321584, 7.498894246373084, 0.0580740736683083, 83.1580481144706, 251.98870288103558, 95.07033091595167, 2.5794329782429486, 0.1368384646764298, 2.3365620313338695, 1.1185649871915757, 0.014732753838416102, 0.5948813830088966, 0.09647987395078417, 0.24167535197193502, 1.8310417581226375, 0.19110483247504817, 1.2301176262026274, 0.13447268485583663, 0.16703347930683776, 0.6461866727149754, 6.033850350290095, 28.11473821233858, 3.8595363963381715, 2.2596172031003334, 1.6188011336721502, 5.231946578931684, 2.261140762955165, 2.865099787366944, 0.004148456102484488, 0.6654906438070611, 0.418951182137107, 4.323895496011346, 0.006094106786349585, 107.95828715334869, 195.61025203782185, 31.890334697314984, 0.2642213131085782, 0.050792708871540526, 0.4563998413374293, 0.4829715336161371, 0.1646925581776486, 0.004224250155971276, 0.3404765807347303, 0.09470825503217384, 0.006512220490549225, 0.07507676025102228, 0.050930906411281285, 37.85200393116338, 543.6075049881324, 1174.1396898883568, 350.87552359530696, 1.2786238056874595, 0.43266913901572934, 0.11666474726268916, 0.40511957283189304, 0.24638600431217128, 0.004928633096426438, 0.4353543828453894, 0.023391810449368222, -0.004565378380448237, -0.011002236235924556, 0.43288485399011734, 1.1422251340696334, 0.23655889573018385, 0.03947302887274873, 0.19167040279597813, 0.7274478866874006, 0.4684517863609585, 0.4856647471025326, 0.08937915714403744, 4.729419561662667, 3.7365056550696636, 0.7761455258569185, 564.6466823235392, 1720.404899516098, 522.877533952078, 28.24617371021168, 0.42189536184639564, 0.34638073106305, 0.44979074601224056, 2.693869450439365, 23.288144647706304, 21.250293518875424, 0.0174003354868546, 0.005604269971854592, 3.406250463320248, 1.0489678975359311, 1.0378355241550707, 0.042636644217509456, 3.623546670665064, 0.026473582997368794, 4.0307370135069505, 0.18324163760371448, 0.23948089571626952, 1.557179664488558, 2.7597071951049656, 0.10837105204677755, 0.8710039829820744, 111.40322144466222, 533.9307465689758, 190.8726176857822, 4.781365270355536, 0.43341829336714, 4.78505854223738, 2.9355070890466095, 1.4658481743084621, 0.0, 2.2815490631018065, 1.6630635903657094, 0.0005908298717258731, 5.689926215843116, 4.74241933478072, 6.707598047959664, 5.349761127009742, 1.5099027403671244, 1.4069151792043613, 2.3744244044900142, 1.1661009095737427, 3.3094787231176497, 0.49924069661722115, 4.845178315222256, 197.6145980484514, 783.3944141052975, 196.7929147956661, 0.25869120008474056, 8.174535552526777, 13.49856047789126, 2.183771679990741, 1.4462372595446595, 0.00972123840392669, 4.216213397563024, 0.3696335521965466, 0.09081461560890602, 1.4150107827904321, 0.1377954314652925, 0.4768583431825846, 0.19350704317071177, 1.627280496172034, 2.6272134479654596, 0.7721530282965432, 0.841702839358959, 0.14077328138364464, 0.01954697741552991, 0.18780859356320434, 1.538705035551402, 0.023854834021904026, 29.123226271211934, 177.64509568105382, 57.24724985867215, 0.29755691755644875, 0.0027992619775432104, 0.0796495339577632, 0.015191321425277238, 0.0012389090410351855, 0.00495563716867764, 0.4294177901102785, 0.5283196792962599, 0.0012708104010243915, 0.02033298564197139, 0.0202928085457188, 0.21605261286163113, 3.009851831685637, 6.729085909231571, 3.498049104905931, 74.64265248723086, 480.2258896549441, 353.48062549325573, 19.745893467238716, 1.979760734535148, 0.7377030102370554, 0.31758047925995925, 0.6423598558536696, 0.4830818176797038, 1.6075259479428041, 0.22717104351261241, 253.8251416711671, 678.2661868142259, 110.74151947221435, 0.21325479093286503, 0.07731764355412452, 0.28736323082068793, 0.04119832070477969, 0.267981314464123, 0.03403617757271604, 0.1103555504681708, 0.7422044299643176, 154.36068925709424, 417.93333359385997, 75.32646712374662, 0.41265665018636355, 0.06855753592026304, 1.875612447152207, 0.298939239029437, 1.3742233095277925, 1.2635036256170906, 0.11603270885700567, 2.286296447511859, 0.9988052311423417, 0.5655719428741577, 1.6240873803801605, 0.013739149339926371, 0.0015485067959843946, 0.6371834276186519, 0.14385222781663742, 3.9004947678772623, 129.36794495424556, 258.65091379097794, 68.76999293281938, 1.5032828677642556, 1.0555752928521542, 34.3262409487229, 5.0730412958685065, 313.19496469020396, 715.258688602187, 135.41029410560054, 9.608727909145273, 26.07330677766913, 2.5441840980392953, 1.7479147438780274, 2.718362165107578, 2.0935899430127165, 0.5776494614086687, 2.3427074744789707, 0.06137764282448188, 0.5567217827816648, 1.5690911958038214, 1.3854692405378728, 2.8367149041365565, 2.802576920229626, 0.7376572739110543, 8.72125268504658, 149.60452395543211, 168.13635541876693, 13.145465394030339, 0.07476380486571088, 0.04691226996339992, 0.5859696130939938, 0.0, 0.08857994694244553, 0.32092938834944107, 2.76626062744333, 0.0003774326545453732, 0.005934815175805852, 1.3283203604966047, 191.62188154882028, 485.7654446228671, 76.89236244940184, 0.5971797609731766, 0.9689168977661211, 0.1859321289791751, 0.006109617052743488, 1.857589070848917, 6.204546109521971, 0.2695342259701192, 1.4165898915534854, 0.8267914498101163, 0.43551757289742454, 0.01717717086921766, 0.07641154482257662, 0.36725281119788633, 0.22695440329403027, 2.006800542501651, 0.8258352840600764, 0.0045613006566327385, 33.062172568113056, 195.58219902187147, 174.84613489364983, 50.80350703459965, 12.248506483903725, 2.2643651871932207, 1.4168579962160948, 1.4395981534036082, 120.92020431911874, 456.2492656890081, 0.3754355984697213, 1034.3603744734849, 821.0781714267928, 56.65579840403666, 141.03467447626167, 518.7286610207764, 239.3966446838358, 41.589761811764674, 37.746443830648445, 38.38216265332221, 18.71613265293081, 2.5187991604727813, 0.9050884002143675, 1.3997799249081027, 0.20801319501197213, 1.7536420096330403, 0.05809355057067478, 0.06464673806613064, 0.2869046065808334, 0.024178549208841105, 0.49798201859368874, 1.573179213061053, 250.9558554254677, 1099.7333586119278, 334.0235029541743, 1.7782987322409554, 0.13967043745174124, 5.717105637201257, 0.8795722210093118, 1.5598816375204478, 3.359405636383144, 0.03140969447133557, 0.4595895727327388, 0.37557894388112345, 2.8592044552557354, 1.820050669412126, 0.9395058239754235, 0.4636511011578932, 0.34117757846388486, 0.5043997690493143, 20.216547754339445, 742.7457381983438, 1364.1756344639903, 162.4195167136154, 0.0, 4.560507117165798, 3.8778190801795063, 33.98337324334216, 325.8212432580242, 868.4746779223215, 237.82469283889122, 0.8268668738962788, 0.10169113062954693, 0.0614163713509015, 0.7910604664862149, 0.24721915960026308, 0.10639327282456179, 1.3936679712268187, 2.2829977221924764, 1.4904575730048464, 1.3865040831166198, 21.823981523675116, 299.669361731907, 396.5127872489916, 47.73671800703528, 1.4248218414486473, 10.31264081972563, 2.25495679932078, 2.256305203077318, 6.546526380590194, 2.3315773665285633, 0.3017137698402621, 0.3497244730285729, 0.6270519975355455, 0.3319392046134908, 1.383406729057242, 0.7644453626558061, 0.5414246919413017, 3.788818236180532, 1.457854413784844, 0.2571381911811841, 0.10873038520253431, 4.602582473358325, 1.1253339147060615, 0.08569923894947351, 6.707857581856615, 108.07338093155158, 100.6707242343, 6.982978889212632, 0.4733432360444567, 0.01954236189862968, 0.6032817769787471, 0.019468018247607688, 0.7766998586923819, 0.822278809901718, 0.09058912355510529, 1.203678784638896, 147.62463694163944, 1031.5989243248396, 912.0635483130111, 86.54151390937477, 0.7057580266230161, 1.0210958527746925, 0.003447402725100801, 0.0008595958661317127, 68.0336847413837, 685.7046603751344, 791.339633224014, 125.57284182708872, 0.5154944072277203, 0.2713213500388747, 0.21957775736052554, 3.0844033725040845, 1.2131776119334745, 1.1043741316314026, 0.6344366827481736, 0.48827714605113215, 0.009442703791251006, 1.151574660998108, 0.38612542671626215, 1.6229129914053146, 0.015332855973156256, 4.625107497024487, 2.095213583297891, 12.870821639915675, 71.81018292491649, 29.981782729967335, 0.2727180701042471, 0.009719434247017489, 0.03919889256587794, 1.2749846065521524, 0.0038210711329611513, 1.331203949426481, 0.07430680879519969, 1.0843913023528557, 0.20089945625250039, 0.0076275424559071325, 0.6124989063101793, 1.352578403641246, 0.11083790093960033, 0.02174752763141896, 1.0064809096177214, 4.88240587429425, 2.603386871436669, 0.553374562605768, 1.4724085888824447, 0.4631592315731723, 0.11510010238976065, 0.2942351664638636, 0.2396592731211058, 0.0001579406608698264, 0.9158709425829556, 0.21755335283921795, 0.07058750512862844, 0.0006394777999503276, 0.17466918326636005, 90.88200173739483, 456.2878597875499, 222.7822677104366, 9.739066469103818, 0.8970974767298685, 0.3401603010048575, 3.1201733767825317, 0.02246405334096835, 0.4233711717481583, 0.0, 0.1126606023997283, 0.7971573762010848, 0.005535548832767745, 0.04918557818223235, 0.0031215737627690032, 0.6441106872449609, 0.38266544838381833, 0.0, 0.8696383781285704, 8.312669264527358, 6.357415102927689, 6.758640365187034, 6.416617380762887, 0.003993105146491871, 2.347655643672738, 2.285699310866221, 1.6572389460438899, 1.6663117764428534, 1.724552293975421, 0.9815551859260268, 0.1686244903869465, 1.0224342593155598, 1.4928547596200588, 1.2444870366000487, 0.028279399677785477, 0.14277661297398936, 0.0533930893343495, 1.2306780203199423, 0.0017578771839907859, 2.9465711205434673, 0.09830389864748668, 0.006912803133445777, 0.979265944425606, 1.3870952879055949, 0.0018101986597685027, 0.11531762145989433, 0.11489222854504533, 0.03636916745131202, 0.011163225570726354, 0.4271679610199044, 0.021859879160842866, 0.323449471770914, 0.03587259947505572, 0.0, 0.9118152188738122, 2.081161985711333, 38.54420869560465, 98.98442392429695, 24.21920826540645, 0.09675286195113131, 0.6927757389530598, 0.029188590755211408, 3.1801560017902375, 1.6612990081151793, 32.68920640495389, 204.23176225260931, 170.50131138718075, 24.25286478811006, 0.020687842073925822, 0.1152617964039564, 0.11564519625824232, 0.04608377376246153, 0.0386589227323384, 13.104074698360591, 67.39208700637732, 23.02890523137762, 2.959950219579696, 5.709527876706488, 2.343405750553302, 13.090610968125361, 3.249297889296372, 2.807368448086436, 2.8750156927223998, 1.40082772032315, 2.846661834873089, 4.352711726950474, 1.7397751296180104, 3.5476963480259656, 2.672868741425532, 1.4479206348948992, 1.5102630103044703, 2.646237013659743, 8.353323642730516, 1.3920584371135192, 1.5039936808863104, 2.119049032991825, 5.053683560624677, 0.3680042573760147, 4.756486494953606, 5.304837829851181, 7.2749316500876375, 19.94190160381538, 10.85875469941891, 3.0349107837982956, 1.4172482637328585, 1.6892715862037448, 1.5022914087971913, 2.492646244879097, 1.3798856097660064, 0.8780085829544078, 3.3016552469149474, 0.8827355956943848, 2.821466982691959, 1.42318513758687, 0.1840669279466738, 2.2881642698275755, 1.5982193837746763, 1.4536055879270862, 3.1397184001107235, 1.5622890725285288, 2.5774722976550493, 1.3779886296216546, 1.408283186970948, 55.85585505308495, 235.14332799217573, 83.41979094763019, 0.0641746867997881, 0.08236474082832501, 0.002935815747491688, 0.026280042726853026, 0.29690219140900354, 0.032433587628474925, 15.003125119677634, 12.00655281059585, 0.21256865078169085, 0.0011396702062711483, 0.44190139179056587, 0.028390545512593235, 0.8856443343419187, 0.5410006678968102, 0.002498154333011371, 0.3613111222338148, 0.002498154332897684, 0.028256644924340435, 0.42739791254643933, 0.06348398463251215, 0.2706718560141326, 0.5614493718746871, 0.12233937733492439, 0.00683236248630692, 0.006903304298020885, 2.8668096859219077, 0.44762814731325307, 6.564115394913415, 10.28371816075014, 0.32138184100722356, 4.234585562466009, 0.740622710739899, 0.6182111707526019, 0.7686233642880325, 2.525789160456725, 4.700273777468965, 0.001004399877274409, 8.114675709223775, 2.131733745174415, 1.1794232196662051, 1.9992130214990311, 0.006887415153414622, 0.09022153954867917, 0.03975163489315037, 0.022614470913481455, 0.013601070054050979, 0.0025039592846951564, 0.11190516772524006, 0.2873186434728723, 0.028058098552492083, 0.905021159250964, 0.18769525938523657, 0.3588046448919613, 0.3217181871318644, 0.25401314296595956, 0.30908588256670555, 0.12636277440435606, 3.92618708343025, 7.857189259012216, 0.05222633551204581, 0.23061880363968612, 0.7262639921439131, 0.3044132733685956, 0.01150562762836671, 0.0051272224021658985, 0.015665640257680025, 0.24924675714089517, 0.7570894394735888, 0.002837783740915256, 0.01115018741370477, 218.15870310667742, 338.6223633951886, 34.35722075318131, 165.73899216081327, 8.048877616999107, 0.09139329712900235, 0.274971438945272, 0.025256302963271082, 0.30947562576898235, 0.4960627362208925, 0.26336717452079483, 0.08360057834158852, 0.0, 0.01646913503657288, 0.09317277772538546, 0.47136572200804494, 0.9708937978035692, 0.009087450114179774, 0.19624396341600914, 0.016215543974340108, 0.0002520954718647772, 111.81292221824287, 695.1225598304134, 296.79950570710275, 2.436990384356932, 2.665923829874373, 2.730498459289265, 0.12410869438417649, 1.5887192743324476, 1.2798881105190958, 0.5090832380823258, 0.7481618954216174, 0.31758563545702145, 1.8535017433965777, 1.9138615825705756, 2.511459977593404, 0.8276150527460686, 244.89548925364943, 1020.8722236209828, 473.31407205481923, 22.279309647447462, 0.4412044946031983, 0.08498455889412071, 0.019298499267961233, 0.24898692113310972, 0.05546552692169371, 0.2090897696260754, 0.26381994193366154, 0.0030902934591949816, 0.21003283266657036, 0.07687875288570467, 0.0, 0.04916217464779038, 0.0017230776462611175, 0.6626856122740037, 0.004788276847762063, 0.8559730704149615, 67.25077416311206, 435.0823078378885, 270.8937198067524, 15.685190355300165, 0.6469257733155018, 0.1549795238962588, 0.5657364956853144, 0.9995793989837694, 0.024482567612949424, 1.881430323158611, 2.3060321590295416, 0.5914916239432841, 0.3205255113991825, 0.15776575691586459, 0.7447493244337693, 0.048498964369173336, 1.217437104728333, 0.25491569650682777, 5.414991436829723, 38.88617225580106, 15.805086395595936, 1.0791612835760134, 0.34622336733332304, 6.673300262299904, 7.759047215698047, 1.400274748881202, 10.717980153570124, 4.326619268214472, 0.21070282170830978, 17.774570485719096, 372.21200357838825, 576.3259181238648, 114.71374041420472, 2.7194982618327685, 0.18938050334122636, 3.262523691088745, 1.6377460438475282, 0.9599319567435032, 0.5511901792121989, 5.467654754974774, 126.72503739104718, 399.9563088208042, 125.82351089357621, 0.9992959699618496, 0.001815261813703728, 2.3184127027084287, 0.2806316355395211, 2.9465711205433536, 0.5212301140637692, 0.10570474714074862, 0.16686234316614446, 2.774551772111181, 0.20778409176739387, 5.6033122829263675, 0.05728732064039832, 0.03938205791484961, 0.046866678886772206, 20.24517093168265, 82.90490963078332, 66.98394252108574, 8.612657560122784, 0.7701423381924997, 2.3037971635142185, 0.8312200968023262, 1.1898983543874238, 0.16893018736709564, 0.08541028294143871, 0.8761100760209501, 0.7544207133660166, 0.036848051219976696, 1.3925833367977702, 2.0226246216739128, 1.59702507793736, 3.965008387092439, 0.23437150750442015, 29.670989897440904, 186.7268556139311, 108.54855269196787, 2.347524993899242, 4.758687821820786, 1.6174375639860727, 3.7949276445561964, 5.724222298552604, 2.4273875662804585, 2.2325958874780554, 2.963634573782997, 0.4467850804578575, 0.22506336406502214, 1.0931700802908608, 1.173150952684182, 0.0923781427038648, 0.008663457452826151, 0.0021682646256522276, 0.03488574522930321, 0.03480812783232068, 0.008780144350112096, 0.4043710611102824, 0.03535873459668437, 68.0448244766335, 520.769257825559, 608.1235899331848, 120.94131500797403, 0.017039299865473367, 3.2562398915636095, 0.0, 0.48083402757151816, 0.33316585290549483, 1.273752571247769, 0.42975093074142023, 0.004378766577019633, 7.363871979875739, 1.0272764009941966, 0.7213622427650535, 0.2195731194046857, 0.004493086646562006, 124.16108028479925, 743.0427834495945, 537.2501301102138, 47.59127560544516, 1.3867122242255618, 1.378452655268461, 1.4529826659297669, 2.0733414569198203, 0.11006616048348405, 1.099298734386025, 0.0026312764985050308, 0.066766698197398, 0.1925656583239288, 0.3563578307963553, 0.010814973250489857, 0.17328137637991858, 0.8572119667400102, 7.4093784456749745, 0.6882696593720539, 179.22919431800733, 741.0642594180099, 37.302375333856844, 222.623968303089, 54.305276622245174, 0.2374522355615909, 0.2167787650342916, 1.7584157166879777, 2.510604851861899, 0.12019980757850135, 0.942497284038609, 0.13500278337653526, 0.5392695504177709, 0.19413306483545512, 0.08556338580194733, 0.14847712819550907, 0.5453647839273117, 0.21385954175684674, 0.028094205122329186, 33.17279455109076, 187.11628539265757, 118.14744930919483, 5.3908398184371435, 2.077285511619266, 2.6651425275358633, 0.08229872114316095, 0.6100642164774399, 1.0009640330895309, 0.0564205879641122, 0.011362198839606208, 0.1774388876762032, 0.2264897578372711, 0.3369028476496396, 0.06853744223030844, 0.056904659694851034, 0.36589456757803873, 0.0027960950781107385, 1.8016311596835521, 4.165093518925914, 25.63719161487529, 1.7899911156328017, 4.622570551283047, 2.0466775826254207, 0.020253157166052915, 589.6473125375503, 1377.391290656186, 72.91259000326545, 277.6546495279822, 259.7055596517632, 41.61313690784891, 0.8972711563108078, 0.47801127481261574, 30.489338581668108, 83.8796811897871, 24.091607566411312, 0.06173819065520547, 0.29526096443805727, 0.6791855986883775, 0.12142481063847299, 2.537101564930026, 0.022496450206517693, 0.4476281473135941, 0.20141844418810706, 1.2178486372156385, 6.712705582353237, 6.686922141357172, 0.01232662139796048, 0.8050390782418617, 0.056482752755528054, 0.006279152941374377, 0.04240247229722627, 0.37765250020720487, 26.88327173163418, 64.58478892076357, 15.514323619742868, 0.02321309173123609, 1.1708060829735132, 0.3259487218289223, 0.5848708537823768, 1.9924223484092636, 0.03736509559280421, 0.048178004974033684, 0.676163371225357, 0.9648091994590686, 0.00018555489452865004, 1.6164541199125324, 1.4621415037864836, 0.20874887386889895, 0.001730828335098522, 22.985247126661648, 93.13497638591218, 19.041220794888204, 0.0002610582835131936, 0.020905733531435544, 1.5953619826410659, 0.066522048439424, 3.65946101617169, 0.8061477321452912, 2.968174499580641, 0.006339244453215542, 0.27672924098283147, 0.1864392239880317, 0.2326025612264857, 1.4394843544355354, 0.5105823094902462, 0.8284429345425224, 2.2987899675156314, 0.23222542061023432, 0.4524759817370523, 2.792822418587207, 10.53133699746661, 8.938191650747967, 3.3056445547274507, 0.0980774499562358, 1.2438865605079172, 5.990587212022319, 11.268481526784853, 1.4859480751938463, 8.853427576448667, 3.817537395506406, 0.6021857625623852, 0.010741772363076052, 0.539082727905452, 0.08652855265472681, 6.736746759959715, 3.648368596192995, 1.9931948618202568, 3.199711049461257, 1.6313869830439671, 0.24977895611027634, 2.690084313642501, 26.341724750201593, 126.19501046936784, 32.974176294917015, 0.24126329570299276, 3.8647596781393077, 2.1945426889676583, 0.0019691074553520593, 0.31513563345311013, 5.880261902470693, 4.403308859487652, 0.692307266110447, 3.923802804335537, 1.5347352219630466, 4.387749085359928, 6.521355841624882, 0.034263693922639504, 0.17912003950345934, 0.18180616752260903, 1.287381936248721, 0.35726038366306057, 151.55632985209104, 791.8179479508508, 63.68282057472402, 281.92562055559324, 91.52114354623563, 0.6798928081962003, 0.0011645756196685397, 0.00029070284040244587, 1.1346111027683037, 0.21014185190279022, 3.191985722804475, 2.4341571206271055, 0.05833815019082067, 0.14532091261116875, 1.35852087693479, 0.9517343236436773, 0.024967343450953194, 0.6066828891819114, 7.266319015299132, 10.338799638633873, 1.4243666745397832, 0.07006873408374759, 0.051479009997933645, 0.17354135519815372, 0.25917814320268917, 1.0715775354013886, 0.09064681715449296, 0.9568073988152719, 0.46782036968215834, 0.24621935370487336, 0.0014624022950329163, 0.17655234177607326, 0.4671228931570113, 0.37495072389288, 7.460891579828058, 3.9339793493712705, 0.00039658406376474886, 0.14387420319758348, 0.019480439476524225, 0.0015805201128387125, 0.1743254349040626, 0.006306664248768357, 0.3570805524777825, 0.0569453408671734, 18.65906025756715, 315.4542639148526, 502.0296926082666, 92.18547316279137, 1.7263755707353994, 0.8583051109748112, 1.7457349317322723, -0.0016512411477833666, 0.07556882196524839, 0.17977626762058208, 1.6510639239274951, 0.3747016333504689, 0.6751894793962947, 0.3276877269504439, 0.48563086484296036, 0.03524686702235158, 0.2954305879190997, 0.04858121524625858, 0.2035526409472368, 1.1298252781695055, -0.015605053185595352, 1.6482955798347803, 0.44859620500687925, 0.33557903153848656, 265.8606909234412, 630.6289305300309, 73.85360611560895, 0.2526825047523289, 8.637116366149257, 128.52038029246432, 171.18876048979973, 12.05248119904968, 3.5284563310610793, 121.23893439914946, 471.292397598929, 171.55744466833914, 0.7677077512804544, 0.6126013385286342, 0.08287261882219354, 6.723444563153407, 12.272344373553551, 3.6387377851858673, 0.8561026958603861, 1.4199093465222177, 0.003354480131974924, 4.295654883152906, 0.7453895378730522, 2.7072096417036846, 1.2549941237614348, 0.7156663906458789, 0.7060365034965344, 0.8963321251712841, 3.8391570477772348, 8.025231509457853, 0.4051807678405339, 1.9951319243049284, 5.641484298824935, 1.6180819164370632, 10.757908858007454, 5.2749728431128915, 0.8893847234476198, 1.2097411732677301, 0.2865943580932253, 46.115911353895626, 195.96277161414446, 99.19769707835871, 5.300606629175263, 0.0033066489833117885, 0.009109037377356799, 2.574726054039047, 2.615420592161513, 1.7871159308788265, 5.069679469146081, 0.10585928918499121, 0.005999176856221311, 0.7596025363932313, 7.782497677423407, 112.09410729457727, 143.540359440452, 29.74736711021228, 2.089363973641184, 0.3434808026131577, 0.6048129710260355, 2.0040265761733735, 248.39567433366847, 1449.8008703559512, 422.77236778134056, 81.78356346772102, 264.2123390455448, 348.70071023669016, 80.13349964227598, 0.06404415012355003, 1.2535853573282338, 0.08370635319158737, 0.6068650087128162, 0.04714870309510388, 0.42434756367720183, 0.01601642303683093, 0.3787638809372993, 0.005235175375446488, 68.18745456944521, 362.6388205767064, 179.132547389303, 6.411652564195606, 0.04444499479188835, 0.33610835054810195, 0.045024521598747924, 0.49068461249169104, 0.1317054509800073, 0.0009070345327018003, 0.05746943512212965, 0.1753646982549526, 0.12978024519270548, 0.07214378233459229, 0.0009103827749186166, 0.0, 0.4314945386922773, 0.0721437823344786, 0.07137028198587814, 0.0008842655537364408, 0.5229749145483993, 43.45001606382016, 790.293594484848, 997.6318846787369, 108.87639170138686, 0.3074226249959793, 2.412184103681966, 1.2009050511164787, 0.16147319010815409, 4.70080854425737, 0.058264036273158126, 1.2381771837856377, 1.477072173694296, 0.008891705414725948, 0.022505551757603826, 2.501491096203381, 0.24331789193183795, 0.6993099678923045, 1.5715536262352998, 24.308595930196134, 187.3475276595425, 102.90239161072668, 1.1386844280311834, 4.762603000528088, 0.48544784968089516, 11.048818930382822, 43.97922490793121, 36.85050167911413, 7.90077300917028, 0.11622927775033531, 0.19636396732516914, 0.006469647155086022, 0.0004018409947548207, 5.53847906400415, 40.57146775896604, 20.177009737954904, 0.002817476548898412, 0.1768102896471646, 0.4101278677958362, 2.051503417673757, 1.2844451760186075, 3.2312968213730073, 2.262240379162222, 0.7109211870417766, 2.209840051882111, 5.972577570055591, 0.35874477344668776, 1.9388316481492893, 1.4194894738841413, 1.5354900917834584, 2.017528626024159, 0.6217381541141549, 4.486024365678077, 2.4278699598801268, 2.992727856852298, 0.38200653672606677, 6.673328281071235, 25.607495774424706, 138.8260703136309, 109.23359535751933, 850.5454227220464, 156.5319667969884, 0.2755461551674898, 0.001565217030815802, 0.002773836747678615, 0.04467966603806417, 0.1176750607228314, 1.2449898362930298, 0.9196239232250036, 0.3943166928318078, 0.3323089733017923, 6.085054701202466, 21.95116262379497, 6.48259999199297, 0.42388706167594137, 0.41937573658969995, 0.02150202084999364, 0.6920297350749252, 2.6532722517878256, 15.42473216937401, 32.250712390633, 25.131674416032638, 11.016250526392923, 1.3961072815923217, 0.0008035473392737913, 0.0050404236324084195, 0.03402965552891146, 0.009875010493260561, 0.02437482688515047, 0.788106161625592, 0.6009095425904434, 0.9191391355645919, 0.25641731751829866, 5.115970123213174, 6.9201768047119, 1.076964119579543, 5.717177087292384, 0.18565005036316506, 0.3298893764208515, 2.786249942138056, 1.9869964304377845, 57.06881525120298, 243.10877059080076, 84.00363002788231, 3.4366350847506055, 2.928559341911523, 1.583471348596504, 3.583046611919599, 0.98004022092573, 0.4416032234078102, 0.3196061172163809, 5.664357251873298, 1.8655391337983929, 3.469750086288286, 2.084343531597483, 0.09233783406068596, 0.4605975159386162, 0.06030486971235405, 0.10199549410299369, 0.2199374770104896, 0.6671975436570392, 0.1137249107084699, 25.673728181439856, 44.89285365492265, 6.170544361659154, 0.11112629044089317, 0.39588803856247523, 0.1598367984571496, 0.9601535851174958, 0.5909570454391542, 0.12298048181719423, 0.4476281473130257, 1.5090227150124065, 0.593031468629988, 0.7127430084906337, 0.013948531898563488, 0.2903790415905405, 0.3737009387374428, 0.5616259859773436, 0.11731231528142416, 0.07489664526815432, 1.4155408667623988, 0.5562432548954348, 16.477360925182666, 149.20100967538156, 175.41203975190092, 40.87745733410952, 0.7334191308143545, 90.33545349954329, 1018.6114954975428, 1786.1399783199233, 466.82609927439626, 1.3764800431285948, 2.8747136099688078, 0.5079473947635051, 0.5136825337152686, 1.0477705503006973, 0.40535659825934545, 96.2804378858375, 433.7854714540438, 228.36014435210643, 18.259881231327654, 0.053881840476378784, 0.044632538505425146, 0.02185987916072918, 0.3470616572179779, 0.19424760597405566, 0.003939205892379505, 15.271061422920297, 271.19879508074087, 381.62134220152075, 58.72910936077119, 3.7338871987478797, 1.7650762534449314, 0.0016199968872570025, 0.09580894401369733, 0.5300797883332962, 0.0724872847347342, 0.06607096195239137, 3.6366098234684614, 1.7125442871226824, 0.2190465898106595, 0.00018944677503895946, 0.16836458756324646, 0.6518567856383015, 0.00018592251808513538, 0.0007406098027331609, 0.0007438372440446983, 0.6523770424596478, 0.7962622464253855, 0.24757090571938534, 1.211176470270857, 1.3815962868623046, 0.6783337908938165, 0.685139257481751, 0.7016688448734385, 38.35442569776387, 377.39550110772393, 450.60326814678433, 71.86059043499563, 115.53873953849688, 491.7370020395422, 126.98755571462425, 1.0081947120661425, 0.12252189257105783, 0.1929033351891576, 2.4103530483480426, 1.3100464922031279, 0.39497675942857313, 1.7614895660217371, 1.7076908204032861, 0.01489926616750381, 0.37358545722622694, 0.10233967830640722, 0.43204417466586165, 0.1322147638493334, 1.2361172168984922, 2.631510963392884, 3.1546213357794386, 0.4398263158136615, 2.0827141804761595, 1.8648124797434775, 6.102296745006697, 9.732130284258801, 0.3549889894829903, 0.0008185352332930051, 3.3859175687816787, 0.00020476703423355502, 2.542906690640393, 0.6122603599242211, 3.623038602892734, 0.13597397868124972, 1.6190012552676762, 0.020183276525131078, 0.33950278703423464, 0.005029671939269065, 17.697550485561123, 445.18841842578877, 1345.13484239353, 420.2662619674916, 0.08868067268292634, 0.005424712213994098, 0.08868067268292634, 0.13867657212836093, 0.12635653299264504, 1.2905203886373329, 0.09900019358451573, 0.25495115433921, 0.7211844712801394, 0.8319022903328914, 0.3433612675654558, 1.2763109329216604, 0.9094960090253608, 0.39358644600451953, 1.720601955757047, 100.57748606556345, 275.60220789221705, 82.57340010757241, 0.6955197579515016, 1.3457478927333568, 0.0018891983285129754, 1.8922718943581458, 0.06755311709434864, 0.0, 0.2717871102616982, 1.1843071376891885, 0.46585968205613426, 1.0479701652989206, 5.253001422883926, 0.10360619365440016, 0.6535151818732174, 0.09020975799273856, 337.40087267969784, 1093.9698449521522, 219.86177773325494, 0.21800949324051544, 0.2541639226180905, 0.08066783015715373, 0.0491724548030561, 0.5639013473110026, 0.02183295052827816, 0.059824412304806174, 0.0667651611470319, 0.2647682368447022, 0.7103512244107151, 0.40520256019090084, 1.654597961553236, 3.954462013112334, 0.7787116556271485, 0.09751927257434545, 0.30041101777123913, 0.0013990998390909226, 0.9251291325604143, 386.1886058617765, 2476.540535533153, 874.9867364513816, 258.1282942977201, 423.31058309817035, 62.0696404423461, 34.38198659434147, 210.77980458389743, 93.46191594896186, 1.2762251494800694, 0.08784663185997488, 0.3339928566017534, 5.0927977357630425, 2.401137620476902, 0.29719789042815137, 0.8866635044246323, 0.2858146563332866, 2.772341807844441, 2.820661200540144, 0.23219196069726422, 4.570847912964609, 4.739247444289276, 0.7174253238094934, 1.8801902105042245, 8.040798999674848, 3.199536771309681, 0.016709338367945747, 0.005150450604674006, 0.1293827623899233, 0.09137244407509115, 0.0008329735742336197, 0.5052340385848311, 38.15946775620398, 119.3097907175254, 22.817239998777836, 0.509023976952335, 0.3925632738382774, 0.30919755616673683, 0.051563504101181934, 0.2589002243445293, 0.030481892546390554, 2.9514893949708494, 0.43629399589019613, 2.4874558390420134, 0.2034781779551622, 0.2941475328127581, 0.12216056788543028, 0.19093724874392137, 0.0012301935521463747, 0.23928420570359776, 0.0517936088483566, 0.0, 0.43547248701509034, 105.62553780703115, 761.2680360541542, 444.1337521910325, 17.078819915806662, 0.41675441450342987, 0.4759493850117451, 0.0, 0.28016763817686297, 0.2764729392232539, 0.07860159700749136, 0.006426720543800002, 0.1953672558188373, 4.961518358273906, 80.95419204265306, 104.45531672787706, 7.592951537044087, 1.765347715152302, 0.07525336859055187, 0.04853321203313499, 1.827303760412974, 1.5022439093613684, 2.6902513883653683, 1.5981927888302607, 1.03589299642465, 0.061853984127424155, 0.04736479986672748, 0.4348098645846221, 1.1670824938439637, 172.97166632490166, 796.0742032104088, 304.24155487381245, 14.558735944190857, 1.0570176785863623, 0.0008374024897648269, 0.04659807369171176, 0.2841488800142997, 0.12031997471751765, 0.7260353525014125, 0.047093538487843034, 0.2869218573193848, 0.950543661802044, 0.9758530956898994, 1.5595010189567802, 1.2811282524381795, 0.25538208006821606, 0.31751176092666356, 0.05359386332770555, 27.914035046475988, 101.19871737259541, 26.89675122035385, 0.08967779250610874, 0.1131379475095855, 0.10528221809931892, 0.00015447199359641672, 0.20150529535419537, 0.1216534180173312, 0.10493007726768155, 0.0006238071492816744, 0.002496067084848619, 0.10592185501332096, 0.3044820207298926, 0.10592185501320728, 0.007754918309387904, 4.64161134227686, 7.021778109389857, 4.871784501816592, 5.568196352253835, 120.40186192982947, 465.75718428242874, 141.6569636724123, 0.21580619610756457, 0.7220196044316936, 0.03726402376241822, 0.9726661504889762, 0.0059945341777165595, 0.07435389234206013, 0.21414862620417807, 1.6997135789559934, 0.018099085188396202, 22.288888645872476, 61.41999170295708, 14.460268872002644, 2.215896772338965, 2.095955673819617, 3.3808515576990885, 2.0591786859720287, 1.827994667924827, 0.17218608904988741, 0.35956690175169115, 0.06330380650058487, 3.5045041023206522, 2.3127391381449343, 2.6884607586363245, 4.387245026827941, 1.4960524359208875, 2.6272214850192768, 2.524156828281889, 2.7493672403730898, 3.5744205110281655, 3.5094953034663376, 12.240153395564448, 6.997454811378134, 0.04094713876406786, 0.03996900619574717, 0.1322234089562926, 0.9434828494484009, 1.0315889955570583, 1.1054295545684454, 7.374992182950564, 4.433331769675078, 0.006949860652980533, 0.3225668404091948, 0.22704478410128104, 14.585924054230986, 2.8922584958346533, 3.428066280018129, 4.3732285588895365, 7.239086267609764, 56.34834082168754, 135.26152456892373, 44.856984495069696, 1.8398566200858113, 0.21730987417004144, 0.2609600143046009, 0.3592950039427478, 2.386083800122151, 0.47384358327133214, 1.2851025153887576, 3.499095539074574, 127.79649539403931, 1012.4458621198396, 840.2318794541682, 91.66748954621607, 0.44150614056798076, 0.054866944582158794, 0.08172456552347285, 0.13252435200593027, 0.6806499782949231, 10.301450152636107, 11.00464468328255, 2.195272930707006, 0.054971874717693936, 0.01560937067370105, 3.3635072448080336, 51.46607255534673, 43.75792789910065, 3.3239162797212884, 0.40864121775689455, 0.0385366101317004, 0.3341063144330292, 0.0006039006481159959, 0.5828277668862256, 2.1076781371477864, 0.5384431396425953, 0.7177593178254256, 0.002501109843933591, 0.696687021362095, 0.15111382839006637, 0.01895613855845113, 1.7122615728976598, 0.5573149776662376, 0.002443471001697617, 0.08077413507817255, 16.114977401136684, 636.4481613086209, 2316.8043004290403, 810.1627216416086, 0.10011159355133259, 1.294461927066095, 1.4540382698540952, 0.21107400652726938, 3.052975505136942, 0.7089533800394747, 2.564822637844827, 4.402939626925786, 1.148587581397237, 4.262003427471768, 0.582562509059585, 2.163622219376407, 0.982413072758618, 1.9591335756051649, 6.173558793698135, 1.2996898187078614, 2.6530697976324973, 1.6885079596796686, 0.009856290929178613, 341.35658160560365, 1523.3407805746397, 808.9315981992527, 40.200054373421835, 0.35016474107248996, 4.999706841096099, 0.7845509701303399, 1.5620365944695322, 0.14875022037813324, 0.07904595643424273, 0.7997412556360359, 0.172582797004452, 0.046338073190213436, 1.2957548784015671, 0.9019361851036365, 0.5790501513652089, 0.4084433635082405, 0.0016427071578846153, 1.1544811845092227, 0.5459769877146528, 1.2738012624461135, 1.3116376500524893, 35.831212589370125, 276.6866497571973, 264.0856879961618, 21.336902425634207, 0.47419325256134925, 1.4982747880017087, 0.5596411790409093, 0.9030758609890199, 0.14097724826808644, 0.5636981746508809, 0.07638746869702118, 0.5935190802805437, 0.03903587335389602, 2.2882254675712375, 9.058940120663578, 0.6992645681424392, 5.73576297312411, 0.28301287129681896, 0.7156999282231027, 0.1642055415085224, 0.05916358164745361, 0.04902899376872938, 0.6321629703717235, 3.4722042203518413, 0.04245039578768228, 0.17610831823731132, 43.39162980317383, 119.13024198097162, 19.940290045297388, 2.7912010025780774, 0.07205538724338112, 16.758037003596428, 147.2842065917839, 115.77329297114909, 8.52694808060187, 0.6947034371182781, 0.44401360420044966, 0.08161280839772189, 0.09345303628185775, 0.11765507850486756, 0.20714350932576053, 0.6962538267043783, 5.372024739372705, 27.12731415172709, 2.392826143309435, 1.6377090627659072, 0.7852939482492047, 0.22156462765553897, 1.2780993964900063, 0.13599541733935894, 0.003708694633246523, 0.19970241818202794, 0.014778340661109723, 0.0, 0.006562597910829027, 0.10535838493137817, 0.041260360316073275, 4.068209672994385, 56.274955845069144, 70.28594970491213, 13.259954444620348, 4.31773821570971, 1.950779482964549, 2.600411603968041, 5.242259517277716, 0.35264420975545363, 5.1475311655132145, 1.4566765004432227, 0.9147469147483207, 0.7197999395471015, 0.2193104124440879, 2.722277297071173, 1.988451103718262, 2.6070375861436332, 2.6257989671000814, 4.382499556879111, 1.4424836992196788, 2.8448025050294063, 1.502950208920538, 3.171444929950667, 33.09793119982476, 158.5366262661032, 239.94768366704943, 38.532945908626516, 0.16489777471019806, 2.931598363902822, 120.31900845357768, 212.08855427720164, 36.64410754527762, 0.47560285522285994, 0.0006763867074823793, 0.024096660077020715, 0.18298684429055356, 0.3258395157263294, 0.15114698157458406, 0.02048669418991267, 0.06729739395620982, 0.19414016047016958, 0.006041501975573738, 0.15952421038934972, 0.399845889558037, 0.5229033719911058, 0.9665720604242551, 0.20763379215304667, 1.070229366364515, 11.940105447190945, 8.31002987482941, 0.22265140685988172, 0.8223800537240322, 0.5025567212246642, 0.01564774950679748, 0.09031385241280532, 0.5044065097263228, 1.0952779382748759, 0.01247485740555021, 0.29851389624320745, 0.007549024295030904, 16.064511948783547, 461.9184021823103, 1079.7509750342692, 260.6755416415697, 0.0052982937698971, 0.014878452728680713, 0.9634337623001556, 0.47615466793251926, 0.5287934167112098, 42.54115864097639, 120.59316437898349, 26.27126655529014, 0.20734271192009146, 0.20631986038893046, 0.0012088491847634941, 0.010774389021207753, 0.14845065914357747, 0.17429330486731942, 0.9421656765617854, 1.9656373737550439, 0.004658977785652496, 1.4221870610929273, 0.5939447991165707, 0.6096138311825143, 1.1686519845078465, 226.3395128545833, 958.5571707036104, 377.0665910938885, 13.948897545605178, 0.002144029345004128, 1.18668705644302, 1.316348904629308, 0.018778671524955826, 0.3003889769977377, 0.20758965359414105, 0.03377153446433567, 20.721991557746378, 58.94064328082811, 29.55851322630224, 1.3201680990971454, 0.07231837907636418, 0.1285235306929735, 0.27158169326321513, 0.046767371265104885, 0.002931846231945201, 0.0013052484888476101, 0.05475753724806509, 0.5154809711968937, 0.25057038206921334, 0.00031780737117514946, 0.053745091936889366, 0.12792605561458004, 0.02579351742849667, 0.34678576530575356, 0.15256100156909724, 0.031397267232819104, 9.007423756848766, 88.25333539572614, 89.5835562878874, 5.020687238079404, 0.09025466873913501, 3.5359843546302727, 1.8703572741966354, 3.6341249676090683, 1.7503586278726289, 2.1436398741922176, 5.479649863874442, 6.197554946856599, 7.538847891819614, 397.90675864733385, 836.1161189736272, 131.1793690612128, 14.887727909763498, 125.76691971084529, 151.23456910809136, 18.90154631743667, 2.202710491175594, 0.7950119903459836, 0.6294248079689169, 0.607545790488075, 0.995873517950713, 1.8110063896554038, 0.08866209186385277, 0.3206998304924582, 1.720446336903251, 0.7996329458230775, 3.109286118369937, 1.5055866884779334, 0.7119710193783249, 1.2497363556954042, 0.11914764931043464, 0.5442278237596838, 0.8359253969451856, 0.003994457843873533, 4.570525667979837, 51.23456366565256, 67.56219397277619, 2.575164517149915, 18.610324547530126, 18.23176476272988, 4.647079333336251, 11.762516147151018, 9.62803861729219, 0.06202612554204734, 0.4494878747984785, 0.01966043886307034, 0.06979079975735658, 0.05428027985760764, 0.2944840801008013, 0.006000709855356945, 0.6278138568247869, 0.024033165589344208, 0.3140107040287603, 0.13963032038464007, 78.43254125201634, 558.7350611797413, 475.8834669361995, 44.75264103029872, 0.7534446588080073, 0.3465701146749325, 0.080741719578441, 0.0799349286442066, 0.19439777109926126, 1.3144859314345467, 4.239779219339653, 0.5220139467251101, 0.7437505515015346, 0.6137777789319898, 1.0835756677112158, 1.469042694625955, 0.0, 4.984031692516169, 62.340830974647815, 127.21071000651546, 22.886720249256882, 0.07039876867918338, 0.974906419982176, 0.6861599529402156, 7.3274185864237324, 1.3965702948762555, 3.078596119759709, 2.717982055142784, 2.240908749395885, 0.06997784039231192, 0.8255846161503086, 0.017652699232144187, 0.21877846899076303, 0.2867737548305058, 0.8425496815900715, 0.12797559067200837, 3.3013709922594217, 0.4395653878187886, 3.8036692386004916, 3.628065663297093, 133.12032264098139, 476.6359734261, 108.99964216612238, 0.10650954295601878, 1.144564543710544, 0.3572428966164125, 0.03224252783445536, 0.4125483399585619, 1.0763409256735486, 0.2838824640020903, 0.7626868421459676, 0.7461123698890333, 23.665803568176216, 19.018558612738616, 0.0047941346585957945, 0.1166176596270816, 4.081905556548691, 3.0891673148028076, 0.31673169675764257, 1.2782328660725852, 1.8526562241638658, 0.11452304223303145, 0.7261472793973098, 1.3883797957125807, 1.8441218186735568, 0.04499869234155085, 0.06981203477812414, 121.53688485685439, 797.9846162163958, 549.2455940859454, 54.13766231054478, 5.658904184660628, 5.018747972024357, 2.8421871784903487, 1.1521699828075498, 0.7934655129048451, 2.96844689505474, 0.39167246536965195, 18.87950423763141, 3.138927660369859, 8.188430396743342, 10.594657407917339, 2.601205636404302, 0.3833841429467384, 3.4436934091577314, 190.56602543130566, 603.7191025834688, 239.25050678708112, 19.466886050889116, 0.5123011847654197, 4.511239992540595, 1.5292395854087317, 0.828988646937205, 4.448185585310284, 2.494797614827121, 0.13776225417223031, 9.284160921193688, 148.73783183794717, 150.3891400259929, 12.331729442012147, 0.055276646363154214, 1.4402518623087417, 5.896425451068808, 0.5332413926546451, 17.341670881534128, 5.363413944596232, 21.504081817560973, 252.37975029617292, 606.0018625290867, 170.4467116915455, 4.390048236247935, 0.8563937704672071, 7.595784442176182, 0.8121169402907071, 5.623301480241594, 2.2485367904445184, 4.300334629099666, 0.630022203109661, 0.19736171109400402, 0.7587661199843296, 1.0167457079730866, 0.7785752370710952, 2.4242545921204055, 0.812603478318465, 4.642521763714967, 0.5376641728969389, 2.4354797675493955, 1.5113234432508307, 1.2918930097223438, 27.437125042620664, 698.2119813451209, 1197.4236144667111, 207.04262297716377, 0.8405837818907003, 0.29576916231917494, 0.0, 0.3297042455899373, 0.00827137750957263, 0.6557226518480093, 0.28344820841073215, 1.0754659062505425, 0.23711235968994515, 0.33339163683274364, 0.7044160634951595, 0.0009325743292265543, 0.07613634896131316, 0.37691834894940257, 0.16942250156205318, 1.081820268977367, 0.28525438332565045, 0.0009199318923265309, 0.023429322912988937, 4.2666029691569065, 63.84131295336556, 387.2869032076808, 501.8481437925843, 102.63321335780415, 4.088662374449427, 8.523733913186334, 1.5216622734467364, 6.988448047434531, 3.5347819207115663, 4.535967267757314, 6.082342782927071, 5.393437759758854, 7.487183487110769, 0.07464739085844485, 1.9142557838952143, 1.5047980593398051, 0.7518855571047425, 1.8772595503169214, 0.26707610563016715, 0.14914097853966268, 2.0449064948863906, 0.4138432535546599, 2.488373012205102, 31.05800505121772, 76.03505540831657, 21.7063826298172, 0.5332133313228269, 0.07039876867918338, 0.1403725207894695, 0.6968968820544887, 0.1751702409991367, 0.21104888746742745, 0.13776451087892383, 0.023611773104562417, 0.7329721008707111, 0.4686552558097219, 0.07118360539561763, 0.03183057041633219, 11.6294316477248, 217.47440879286557, 509.68450583016204, 146.50285036109813, 0.08058324688653329, 0.2625430938184081, -0.012916303303200038, 0.13786348434177853, 0.19249585436034522, 0.014751773306159066, -0.001799663375891214, 0.0029347317080805624, 0.4520426625267078, 0.6316033832654284, 0.15688416832620078, 1.4073923644069737, 0.0892704507267581, 1.6512471086643359, 0.003222439850731007, 44.86000819030505, 206.12721790393175, 115.82166516241148, 4.366245804295886, 2.2222438932532214, 5.540896207353057, 0.6707671210469925, 6.643409732165651, 0.21073203504090543, 8.022367014752149, 2.7355323631833244, 10.517438544867787, 6.554661593922901, 0.5141963250200661, 1.099288041780028, 1.9446774490185135, 337.4674812165699, 1243.7309353339256, 606.0184193158425, 47.31596640939529, 0.8771037137815938, 0.34548745531151326, 2.0039176259136866, 0.0309722187208763, 0.42875335487872235, 0.509690979749962, 0.0025129540620127955, 1.4553973928046844, 0.08335251354060347, 1.9063296768167675, 0.0077417326144768595, 36.60834269918769, 142.47635907660583, 83.02261176884417, 6.895932644511731, 8.314754924726458, 284.55520920662684, 828.514459741973, 210.02913342954366, 0.3978569786523849, 0.261320414328452, 1.3848269949573933, 0.7957420373224977, 6.312343603878276, 0.991459532969543, 3.9763157083557417, 1.5775376175301972, 0.9188445329112938, 0.6621837537153397, 6.357671203573091, 3.88041783978872, 0.0011061321504257648, 3.431597149469326, 11.224528686721897, 1.389752077139292, 1.3910317101162946, 3.058491769645002, 0.21364106236762836, 2.05502074858623, 0.3139168797259799, 48.89282799890361, 612.5923769151088, 900.216835971411, 151.56915646528046, 0.0205435465931032, 0.001819218221612573, 1.109553549002726, 0.32600448824427986, 0.8281491122681928, 0.8047128343791883, 0.17131813995410994, 2.95602226844062, 4.332211410938726, 0.007576896605087313, 1.2571666221900841, 0.2595024951647247, 0.01331584747879333, 4.11442748947411, 0.7379816950202667, 0.12611898355669382, 0.27484123225735857, 0.0018246917086344183, 2.5594023457479125, 92.99236336580657, 532.5501541168007, 385.71513369274953, 26.73157608755514, 0.14128559355185644, 0.0025360619139291884, 1.1823812502825604, 0.09048021986018284, 6.006297485024106, 2.324063732208174, 9.97627608790765, 8.733713019247716, 65.9702677120564, 194.05315735652698, 58.01518602829458, 0.004956849180189238, 7.681806774781194, 3.204842551950833, 0.039749513291667427, 1.0728679748987133, 0.2665530459269121, 4.588596082661184, 3.4230732806386186, 2.695541786608487, 76.95906527292789, 181.9288810119923, 18.020241362275442, 4.88084274595451, 0.36203248136405364, 3.9287607556256035, 0.19259220713342984, 3.9287607556256035, 3.250868268352292, 0.18293169397020392, 0.33408100502481375, 0.2671045755863588, 5.094252493196791, 0.035042011185396404, 2.5377537812464652, 6.381707932291874, 3.474763888295115, 8.15485928422629, 1.949271505248248, 1.467575245197736, 0.6143980181227562, 0.1692486063451497, 39.09137646612737, 134.27912262331768, 36.85004726569423, 1.4876635358957628, 0.01538966781788531, 1.1983864272708615, 0.4489918683037786, 0.45368317407906034, 0.5492044575909176, 0.0376833217433159, 0.07066705929150885, 0.1523614197428742, 4.52635705988564, 69.5257752670467, 150.60530711676415, 29.791073863425936, 0.18660669977953148, 1.3920085438951446, 3.212551663488739, 4.554631085076494, 0.5496182883135816, 6.577630799888084, 2.395642291780973, 0.33808608859158085, 0.14936241730970323, 0.9767813952170172, 0.04656501154909165, 1.9669781956565657, 3.02519403705071, 3.167421866998211, 4.5665210020112, 1.7091668453058446, 1.479820188343183, 69.98687063501097, 265.4512956254066, 52.37305783514057, 0.04765542977452242, 2.5333017868530305, 0.09053734103167699, 0.03945585328119705, 0.5556571259991188, 0.973068019610082, 1.301665585021965, 0.28680380140917805, 0.19135890458790072, 0.07507676025147703, 0.11730628911084295, 3.0492591698293836, 0.07769527940024545, 0.32041477778307126, 0.24519773789620558, 1.056934553174301, 4.527077745948645, 96.43882693615933, 177.60157021519, 36.1705737884331, 1.4155501256533398, 2.0999436185852574, 0.34645833977685925, 2.3383544051226863, 2.6659424265599228, 0.0830788885284619, 1.44456529774493, 0.19996310465830902, 1.192439404938682, 0.004538612648730123, 4.109575375486088, 2.271026407830959, 2.4418059040280014, 15.104729713994857, 0.9797442679584947, 14.392138533260436, 9.156831424474376, 4.085747996140981, 3.8119350084825783, 26.356722653928955, 91.32705212045335, 20.35827862723295, 0.46580304832650654, 0.5167939569585087, 2.040773034411586, 3.1334066509475633, 1.5456214223925144, 4.917035241228746, 0.2519464254758077, 1.970326698830604, 4.896573053324005, 0.33642803009036015, 0.0012826587756080698, 0.026404502569789656, 0.44417578338402564, 0.14523232048554746, 0.021083849574438318, 6.644895130863915, 35.99803012405039, 36.66774933677891, 9.900660168967875, 0.07894379201820811, 1.7290762111333606, 1.3537118007149047, 0.3965448125804869, 1.247140899491228, 12.151980827052284, 32.01070695891531, 4.959829813330998, 0.013034400114747768, 0.045933148477388386, 7.2226479616833785, 46.329975022198596, 22.536143570509125, 0.06011780581366111, 0.2615441540667689, 0.3045453045126578, 0.7153277405436711, 0.16833307504680306, 0.20226732544517745, 0.02004285956274998, 0.25132020077444395, 0.0014929125500202645, 29.440053651079324, 252.41845122751306, 250.62430300954884, 39.32139050981118, 0.00825561888473203, 0.14858082503246806, 0.6502488520143288, 0.19426878611125176, 0.00851203298134351, 0.07693426110199653, 0.2691247901805127, 0.1997113796684289, 0.06830004817607005, 2.988990747350158, 4.372047030501562, 0.8327309090752806, 2.127543850298707, 0.16278420954756712, 0.9075806624658753, 0.2642377701847636, 1.8019042028289505, 0.049220410723705754, 0.32976778736212964, 0.02190672900849222, 16.98899371735115, 67.03623391584802, 25.820695396227165, 1.6597896376954395, 0.06064342865738581, 0.48066924594058946, 0.1443986801484698, 178.79041279291164, 779.5313349330263, 324.72669047651493, 11.905469527925561, 0.002625557952796953, 0.14691177737768157, 0.2871428969783665, 0.0006497488468539814, 0.16639458844645105, 0.10934990774831022, 0.03686350279690487, 1.6058508535245437, 0.17993892141748802, 0.03259935464905084, 0.00016623399085347046, 0.5255341024628706, 0.12062584219950168, 3.8064967448350444, 0.15739332368389114, 0.7285609339585335, 0.0006513397624985373, 0.07917225229527958, 3.2236233403274355, 108.89286917792538, 252.9144647672049, 51.5987809128701, 0.05492960819435666, 0.7477667357566133, 0.5335287176923202, 0.34950401367132145, 0.7530842179314732, 0.165697546349179, 7.126853896133753, 27.388840100300172, 11.378808483353964, 0.17284941506341056, 0.026327631973117605, 0.001970017529743018, 0.0008721372116724524, 0.3297366101286343, 0.07833191864108358, 0.40121206325341063, 0.3847955286172464, 0.12693211593671094, 0.0055002265286248075, 1.7969817804762442, 1.2473648847078493, 0.02120743338741704, 0.01360936979381222, 1.1463817438747128, 0.2061617614364195, 36.505848619115795, 0.03102548533342997, 318.9679686205551, 157.16218687731907, 0.2199938751098216, 0.005267357609682222, 0.20332784470588194, 0.039631452847061155, 0.6156673116092861, 0.47734802576928814, 0.6156673116095135, 0.3606101581257235, 0.1905377596139033, 0.05557968923608314, 0.47539199804691634, 0.05557968923619683, 0.08275166059843286, 0.04695727701903252, 0.6317632576475489, 0.02084166083045602, 0.1766260519049183, 1.5919711481608374, 4.135454963491611, 18.052583400355275, 4.68521365165725, 0.9677099303719388, 0.7106298591339737, 0.004518393851526525, 0.4309355843913636, 0.04076169148345343, 0.1378191159706148, 0.02294876086818931, 0.040593852096662886, 0.007074581388110346, 0.007033050741597435, 0.28748700660946724, 0.08101694843207952, 0.0715356093171522, 0.12377304697213276, 0.08154172522279168, 0.04080989539920665, 0.018191488132288214, 0.013907238493743534, 0.23757084405110618, 0.4258991283702471, 0.13469737099489976, 1.9524339745530597, 5.810265627716603, 0.021320496915222975, 3.294122173885853, 0.6130504959833161, 0.34754427860229953, 21.299518060410264, 337.73709901779694, 571.8291332052295, 94.63615494952728, 22.270105341225076, 17.656718883952863, 2.3926103735112747, 5.416749068306785, 1.3851975973001345, 0.0662262071675741, 1.4706004823534613, 1.5062124706332725, 1.8022176037052304, 1.646408522611864, 0.05618160134122263, 1.4944276108963095, 0.5681076493244746, 1.0771814943933578, 1.7620798956567114, 191.7717012831083, 571.5970157324487, 121.40027678615024, 0.8012887994314042, 1.650631278758965, 6.654924974373898, 0.46985937632962305, 1.0661425546593364, 2.63314934459504, 0.17414425344509255, 4.730003770979238, 5.683378228758102, 52.66154708354156, 544.9615134251983, 506.0649293204315, 45.302008886942076, 1.804068187920393, 0.0008971354141067422, 0.3484128808403284, 0.014315134373418914, 0.39856086096472154, 1.2452715483531165, 1.2047140477576477, 2.3381605849557445, 1.2683875906913045, 0.18545518464429733, 1.2683875906622006, 6.737309227585683, 2.979941348614261, 0.7036737152993737, 5.640798306729607, 6.291664824076065, 2.9064981842507223, 0.8043149394054581, 1.6962648577807613, 227.06771390286804, 1054.0683588964735, 531.1748357436431, 27.75403423495959, 0.2916780827471257, 0.001732244653453563, 0.6648393966165713, 0.17206359639862967, 0.9111661489224616, 0.5602267007477622, 0.13051190397095525, 0.6680956830451805, 0.05569277148094898, 0.9425637086906136, 0.0, 0.39152244102501754, 0.29179706827142127, 0.03228986794636057, 0.6478869670295353, 0.02750766660778936, 6.560609825713755, 546.0539733065318, 1897.1154254815906, 589.8938773182308, 0.4416558924460787, 1.4103919491785746, 2.778509512867913, 4.407009040559842, 1.307385696587744, 0.4541513601218412, 1.2764386154300382, 0.07345255445682142, 0.36505685264467047, 0.16237723800020376, 1.5754979852657698, 2.780447417331402, 0.586730241480268, 1.1970837342198593, 0.2083223463456534, 0.5544222199599744, 0.06448553350719521, 0.20444530386373572, 0.8023563052072404, 343.0176582384479, 994.4496735804591, 204.06585352779257, 0.015865739864239004, 0.053568154917002175, 0.8957223315126157, 0.015562302825628649, 0.19745853212032216, 1.0492366230548669, 1.130987644095967, 0.29328865559011774, 0.00033135932312688965, 0.18732353015718672, 1.0926031842857356, 2.8076616903094873, 0.02572545423026895, 1.5446422231819952, 0.2288139370580211, 0.002906299369442422, 0.4792841675446198, 1.0305747857030383, 0.57099284107926, 0.677449378461688, 58.761319232001824, 59.22169380414937, 6.229733208985635, 0.018870755631610336, 0.28525438332576414, 0.13528696863522782, 0.005864553599167266, 0.6307463982881245, 0.052521842690339327, 0.22301343993569844, 0.05252184269045301, 0.0058386167995649885, 0.028272826920670013, 0.023268710720344643, 0.14475662367601672, 0.028011087944605606, 0.4504903049121367, 0.19554761598942605, 19.72013618828828, 148.1349235921606, 105.81394411355632, 0.0001631485686175438, 0.2714513311357223, 8.729159205266114, 0.46449965870397136, 0.13495406969491341, 0.039056970068941155, 2.2657194293990415, 0.007504145475650148, 0.03987011335470925, 1.1503655320116195, 0.0001561878182201326, 2.154232307490929, 0.5384431396414584, 8.415659245773668, 7.552581304687465, 0.09412237565220494, 0.30747942289985986, 0.8306006092539064, 1.8478077589309123, 1.1327005389691749, 0.475165922422093, 2.0731727902550574, 0.306495327363109, 6.508493734875174, 147.80208417752806, 221.3332784408442, 28.089653224508993, 0.2647636097024133, 47.087694631489285, 191.52948939519433, 113.86527302237687, 6.827892825169556, 1.9753251625649, 1.7902384607141357, 1.5696783532166592, 8.346597407292847, 3.3855581269617687, 0.2857027150456588, 0.03161859485066998, 0.6267472200167958, 0.8526152745749869, 0.19024124339171067, 0.594467250841717, 0.9642101237710676, 1.4761182087149791, 0.1957538647666297, 0.6491754727777561, 220.3204127892568, 824.4350786092409, 283.3775275956939, 3.9906511082567704, 0.004873588420309716, 1.1829016504358378, 0.1312117883439896, 1.0929783015283192, 0.032715120501165984, 0.9530845005602941, 0.09437251276563074, 0.5865579958476701, 0.4105509270771108, 0.5246380898288407, 0.023308159744942714, 0.032527741614785555, 0.3538570312714455, 4.380668475917105, 10.940952831657455, 1.9620025705407897, 0.4894395699955112, 0.8438753651075785, 2.08624481948209, 0.0015310216178932023, 0.013709257136724773, 0.016989694758876794, 0.04914498007610746, 0.0, 0.010933076177252588, 0.9159027275165954, 0.8987488930160907, 0.0006965588288494473, 2.3140814249063624, 2.6163578292544116, 0.1423398989766156, 1.3697420885850988, 0.1539723652149405, 0.008412171591089646, 0.049560067664060625, 0.7379391300953557, 0.0015377445379272103, 5.293504302019301, 0.2616034523205144, 8.077260271952582, 3.1901109960858776, 69.88512713226078, 34.52690749932674, 2.32844753002189, 0.21035582873037129, 0.04977946578480896, 0.8624293858621286, 2.0012691887225174, 0.3286829896578638, 0.9394095015411494, 0.1975967555420084, 0.2402614516487347, 0.017870528077423842, 0.21211987410345046, 0.02206752094446074, 0.0035095512575935572, 1.793693058983763, 0.18341040618156512, 0.34254831589248624, 1.328089172203363, 0.8453508726026939, 0.060650226999769075, 0.3920431326071139, 0.3932773662472755, 0.00771771314111902, 0.005375351577868059, 0.03638701524459975, 0.8962451983932169, 0.8185421886350923, 0.6879672986356127, 1.8952674989516254, 1.2273500418214098, 0.055894104297067315, 1.4296165120119895, 85.33659837912592, 889.8429261738661, 928.2202845485974, 129.39369571873772, 0.3772294340649296, 0.0479552339811562, 0.1660102087444102, 0.013627903285623688, 1.585726570560496, -0.002725815434814649, 0.3309754696779237, 0.0, 0.01686010798425741, 46.58823472498352, 553.5970929374057, 671.5659908903599, 79.49511705403188, 0.47570606241856694, 0.00028331758892363723, 0.2071529810082211, 0.16440695464757482, 0.7152950990061981, 0.6262387317934781, 1.2779379968344529, 0.5235587613416328, 0.2367335293878341, 0.0002867064557676713, 0.29350397606947354, 0.7060238754681905, 4.565980826964733, 0.0800332581022758, 1.3426803886542302, 0.004404143587521503, 0.339049564240554, 0.24533741696438938, 0.7521101177053424, 3.252266381368827, 0.10252061282812974, 0.007206435797570521, 0.10252061282790237, 2.178154865969873, 0.12377304697201907, 2.331267370716432, 2.217190311211084, 0.07368344217093181, 4.151376119634847, 76.01250760029643, 735.7842649678798, 505.18910325233446, 27.88209025381434, 1.5819438324729163, 5.898510652328582, 2.7453675359037106, 1.4994708499939406, 0.46223857863788, 0.6554419909422222, 0.22046781992935394, 0.6554419909422222, 0.14704307409499506, 0.6554419909421085, 0.40388001826624986, 138.98119168500193, 534.5242146223882, 224.78446450770616, 9.644407740386214, 0.08592735976048971, 0.3860497189657508, 0.6984499899530192, 0.05337259409463968, 0.0014871227316461955, 4.156327371957332, 4.359267458859108, 0.3801945709269603, 1.7689090065313167, 1.6578456972160893, 1.7272680484220473, 0.1810564837093125, 2.1069283537744923, 27.972280790086984, 189.6205405503424, 153.00131629752389, 9.04689174744442, 0.14998218656899098, 0.22863481499200589, 1.0458158741411125, 0.0, 0.26556194320801296, 0.07280120022869596, 0.2282214780866525, 0.008044957688071008, 0.4338476157918194, 0.0008955065333111634, 0.000915451358878272, 0.3286648511182193, 0.0, 0.2635978238060943, 1.1492984983954102, 0.6389612371006024, 0.6412414010339944, 1.644259727485064, 0.014472662824118743, 0.29470546111315343, 0.2358962366823789, 332.7507807370839, 1261.3926268734028, 447.82743412729155, 18.979650864544965, 0.4541046509368698, 1.6062940650458586, 0.011720250639882579, 1.0263277666704198, 0.018248760593451152, 0.004499991925513314, 0.2749437457825934, 0.05190034271277, 0.02589509952690605, 0.1035806643910746, 0.2583827834769181, 0.3690390508979817, 2.487146161713781, 0.38554831331839523, 1.4469614012680267, 0.15103228794964707, 0.3193011867435871, 5.463474746149359, 1.786769951479755, 173.60263411251458, 1625.0851267493729, 1318.8065893696416, 104.43138469159885, 0.024018505424010073, 0.2164564449473687, -0.011587724135665667, 0.6026725512835469, 1.8558860418824565, 0.8372679952820477, 5.547322134117849, 0.6780772377800304, 0.23525123815875304, -0.01848113943339058, 0.10092641316521167, 0.01874898275337955, 0.5905439208007124, 0.0817123457321145, 0.10223010364325091, 0.12471437624304826, 6.730979382325472, 163.26185070380473, 205.97350616645326, 25.266686869879095, 0.04640724488626802, 0.4633107243265613, 0.24793297924065882, 0.02331904776747251, 1.037515649601687, 0.3412595833784735, 0.04494081463985822, 1.482950401697849, 217.311627416914, 729.7205695788887, 220.2036577464121, 2.873151363608258, 0.04176491331259058, 0.008936046266626363, 1.3470588451567664, 0.8761895590710083, 0.7683002807667663, 4.367783195643824, 78.05028416630671, 145.81382321695583, 15.922733520013026, 0.8485950942394993, 2.0170200696825304, 2.3442736911331394, 0.5282570446672707, 2.4657287114746396, 0.04979769813326129, 1.2118872788528279, 7.159064250111669, 0.5500945078340465, 0.08473136024258565, 0.40119552768669564, 2.4208510013852447, 0.05139125454502391, 1.8658118507680683, 1.9465576610555217, 1.732549163081103, 0.9387398851026774, 0.9273109614207442, 0.6270917983199524, 1.2921363222833406, 2.0357598911307377, 0.37200645664711374, 0.5968815727576384, 0.12189798336180502, 0.022547962215639927, 0.5440647556422391, 4.111535202185905, 107.69782222361664, 213.40970379562953, 30.42672618512563, 0.5280786988796535, 143.22139337951944, 858.069783667281, 648.1341576838217, 47.212218303288864, 0.6825745461261477, 1.0433156334206615, 0.014771041095855253, 0.13163746080954297, 0.08095709010751762, 121.49208043915496, 852.6670949796262, 740.651819821393, 102.84717844872785, 5.178416732114556, 0.3756153521426313, 6.858016084200244, 0.8690512818916432, 7.664926131644961, 0.005759337862173197, 1.980173385180933, 0.547296705898134, 0.40886462626440334, 4.24251153955538, 18.89423427594079, 130.40475385982563, 45.54621045257568, 4.294208421690769, 0.2756072332497297, 0.7759538912976041, 0.6122352972208773, 0.1299804049716613, 0.04792209741026454, 0.7122556480604771, 70.07930846246836, 202.65503551845381, 51.21600001976731, 0.04455718655071905, 0.34122706362541066, 0.07557000180145224, 0.05889921248240171, 0.006498043490864802, 0.7277677794794499, 0.15049398019584714, 1.3124880755401591, 0.41622250876366707, 1.0032806622414228, 0.058134437087460356, 0.14878452233676853, 0.0753225913198321, 0.006508670536504724, 0.009410959422325504, 0.0002606310873716211, 0.08414624962085782, 0.18856079523982316, 0.03709558321247641, 0.012558399919726071, 0.05800885943540379, 32.893378992719704, 37.77393202528583, 149.9696261860588, 328.9317972396759, 31.60839093871016, 20.775000282528595, 70.52437065821971, 24.040504197904966, 0.661186718130466, 0.15076730118585147, 0.7769104817145944, 2.230307612840761, 0.0026290683131264814, 3.3532135082543846, 1.5243309030608998, 0.07293914569936533, 1.441084295417113, 1.0805082894667066, 2.456526639619142, 0.700245648245982, 0.5926847413650194, 0.8768578047217943, 1.7314755222648728, 1.4563412946690732, 3.64282069912133, 0.7351981707656705, 1.3928163191048952, 61.226624640135014, 382.17857614010313, 843.1363339530658, 309.0521735299808, 2.7618780056766354, 1.1364268136010196, 1.2420911178080587, 1.3684293766851852, 1.0583026618099893, 1.6538873239853729, 0.8052919503423936, 2.2807948298014935, 2.2493744981147756, 1.814442312222468, 1.3731836198063547, 0.04258306374970289, 3.8546465055867998, 6.8131121986151015, 0.8630962749094806, 9.953341517880176, 753.3443800326736, 1817.4142863909533, 375.9434980796407, 15.949280747119701, 0.06099975130086932, 3.2913492443060477, 0.15868606178366917, 2.817165892591447, 0.004749578029418444, 1.262443589639588, 0.15900532531975387, 0.491373432190926, 0.24186747395037855, 0.036753741042048205, 4.775372576805353, 50.78934921873213, 184.68770474977373, 142.36575578903103, 20.8117851100601, 45.01853748530357, 158.56178621631716, 21.686483427304438, 0.0021029349827585975, 0.011684757400189483, 0.0037394710300304723, 0.8724814722834253, 0.04569622812914531, 0.6825450892165463, 1.594350383039, 0.04021988525687448, 1.0683728357639666, 3.504528064717533, 11.98295433933481, 137.5083965978456, 83.46036654456611, 4.655152591516298, 0.1923148444434446, 2.5709342469911007, 1.4420162716089635, 1.2268272039461863, 1.9349601775124938, 0.9175223510690103, 0.19045346694610998, 3.058055518526089, 0.2074521233653286, 0.511318070165089, 0.013112078133872274, 0.01764105486495282, 0.49288426171096944, 1.5148168654236542, 0.2423852562465072, 0.6893064527339448, 7.222880542278517, 115.09101385664871, 130.02246857642035, 20.11383359078718, 0.6360968789595063, 0.34162074756523, 0.04209500143792866, 2.0779057776192076, 0.3456759516107013, 0.33355385992013, 0.17204882123246534, 0.18157044779991338, 1.6387116913117552, 0.030969091239285262, 1.875124899726643, 5.301282607109215, 1.2682180785698165, 3.191486143307884, 1.9417588459361923, 0.014051222334046543, 2.4541245005671044, 5.430233040975509, 0.5382116762552869, 0.007360436331509845, 0.007376412527037246, 0.01002054336800029, 1.0472368710977662, 0.0018421035892970394, 7.165269053348766, 2.582522334172154, 0.4519993700089344, 0.489726123782134, 0.00021145785876797163, 0.12177299105519523, 0.007603978830161395, 0.24384758677308582, 0.1121625659543497, 0.6888927429873775, 34.25729382806935, 114.9561747844948, 12.877233124761915, 2.4781569747965477, 0.004666797694881097, 0.00029087907478242414, 0.40434842793342796, 0.1043750786855071, 2.0545291052944776, 0.000287393728740426, 1.6777201687909837, 0.983635461184349, 7.342252682714388, 5.437158492090248, 0.143916226449619, 0.0010972499851504836, 0.1566582962141183, 0.12031740953307235, 1.3117232817737658, 0.2752192516111336, 22.796440775367273, 206.94870195137082, 60.6927995963008, 0.07924301173079584, 1.4428739198751828, 4.581764341312692, 1.6821348347593812, 1.7397666052423801, 0.10074709290699957, 0.11373820966059611, 0.04487953185753213, 1.920345893321155, 4.877923932020394, 4.62716894787593, 57.9906634637008, 201.46752359660672, 80.72246922338365, 4.7939263962578025, 0.5118071065077174, 1.7254632695654664, 1.880728931282647, 1.260041384407259, 1.0791423530147313, 0.46027784948125827, 1.2619984548673528, 1.27509471995711, 2.310025869799688, 7.035570382245282, 1.9491975675630329, 2.870096304448907, 6.224802859050669, 1.9986638548441533, 1.5563263332858241, 0.36509173145816476, 5.279721465359671, 5.52903331855714, 675.5817543854653, 1593.3407828665481, 212.7714433272531, 0.6651095756840277, 0.2540692990810385, 1.5959821339379232, 0.012620068870091927, 0.21714818801683577, 0.23940265441387965, 2.3420348502785373, 0.0017472546778662945, 0.5171720382516014, 1.3793835321125698, 0.015628576877588785, 1.2829477646669147, 0.22419572116064046, 0.992608186914822, 3.607600886133241, 0.9101461260088399, 3.145248960040135, 5.457160382023176, 189.55019423564977, 275.4447893561587, 58.66641552976171, 1.243477728761036, 0.10589699079866932, 1.1556585403052395, 0.041260360316073275, 0.2749515380583034, 1.1811595713186307, 0.3900563567053723, 1.09436627521643, 1.9065144876942668, 0.014853701383913176, 1.0801466319516067, 0.3419208328557488, 0.4906464456721551, 0.014496309251740058, 0.5790827826564282, 0.39301456499049436, 0.13300619170445316, 0.2562477932879119, 0.0016560390806716896, 6.120989554139328, 143.4054587120918, 193.09778078668523, 19.339535649250593, 0.027240563116265548, 1.0688387889558726, 3.5342510349876193, 0.404361874262122, 3.478000489243186, 2.261312629063582, 0.12000458503405298, 0.0036287436516886373, 1.5407667525895477, 2.6716966495827137, 0.7741407365883788, 1.0412197971344312, 2.0740881713861654, 0.04369996620312122, 256.62510743336065, 1404.7245951736018, 534.455289183672, 0.20134313146922977, 1.7316038048085147, 2.6034418206315877, 3.197932289087703, 81.78507248911524, 647.887697012078, 682.6179990184389, 48.96590619524909, 1.7415646037026136, 1.5019226422358543, 24.824332228899948, 169.2688698299869, 56.15368116207378, 1.5502703956012738, 4.832492099842284, 1.3987763537638784, 0.12784461004093828, 0.4444613208493138, 7.232653079995771, 89.18610581064263, 103.90718836291785, 13.089393822321085, 2.997148555251556, 0.3995621146364101, 4.683803364066648, 1.1166417139387477, 0.19211044919154574, 0.04087115093125249, 0.6980827154558256, 0.3790816712715923, 1.0541345364097197, 0.18681380887176147, 1.7140350095049826, 2.1950432762188257, 0.9576459895338303, 3.6770367039179064, 1.9378890235984727, 3.0148148945445428, 0.18980272201599746, 10.60979008216816, 37.421446552715565, 8.073054549305311, 6.9047252152847705, 8.42528847169774, 0.4831226410032059, 2.1922244833695004, 0.15186865913119618, 1.1450628471590107, 76.17041340853746, 314.3219287023178, 111.37587884449385, 1.4435756666316593, 0.28502846502829016, 0.024583254036429025, 0.017977977602754436, 0.41722409428643914, 0.14514176522266098, 0.5413648415168382, 0.4197852812741303, 1.4343672123602573, 0.7714260601728711, 0.4373750190169403, 2.685779793234815, 0.127323327070485, 0.00813165882686917, 0.34357271075509743, 0.8348309302226653, 2.503858535637164, 0.031008448293505353, 0.43781136596135184, 0.7102532952465026, 0.5944351880380054, 8.187217173049476, 18.409026463565738, 13.234681546046204, 3.0327946603360942, 1.7088017354453768, 0.0237392884446308, 0.3970986318975065, 1.9813123630844984, 0.018140625690875822, 3.3624748602642285, 0.6655614326671184, 1.5401879665241722, 1.7719798030120728, 1.6136919087655315, 2.649079730486733, 3.3601873467379164, 0.1515060539602473, 0.14871369029197012, 0.12281572711185618, 0.2364521305814833, 0.9231244382759769, 8.546054270630748, 11.122674369139304, 4.329749143980052, 0.06280867701207171, 1.9668561703904288, 0.0003218431236291508, 0.9157288680538613, 0.5756336718652619, 0.0012818054303807003, 2.217457353862642, 3.735520784336586, 133.46558765002703, 243.65593868532187, 36.74614542845961, 2.1219849331016576, 0.15577323842444457, 3.787799283118602, 0.6165610946557081, 3.787799283203981, 3.354684094074969, 1.6632790057660714, 2.470367521825324, 24.969320082249624, 185.30002576288894, 135.49118632621366, 11.091437888607743, 1.0499405536578479, 0.21322143370616686, 4.050980460603569, 1.1483497350621974, 5.6495897612451245, 0.09351304785900538, 1.7834450491690177, 0.07275532065796142, 1.3294733536562262, 0.10594098885826497, 1.9160987486868635, 1.1226583907931627, 0.12683080939154934, 0.06226991496248502, 5.999399254978471, 11.775128264524824, 0.00035010985379813064, 0.49142041112168044, 1.8631003177601997, 3.171111361501403, 0.48519700197493876, 0.06388601506569103, 0.2944212822908412, 3.411030009693377, 2.6601917445242407, 0.3854688975715135, 0.1525202832810919, 1.8592105765347924, 0.11193517706340117, 0.7634663137714597, 0.07866109894007423, 0.0786610989403016, 0.04236341851333236, 0.2955187438185476, 0.31049045424538235, 5.558722497378312, 2.8585458364848364, 0.2891805771913596, 0.6674378221358666, 0.45368317407883296, 0.007780760237892537, 17.412607391741858, 179.29298240316052, 195.33007249070215, 15.848563268669068, 3.1949612460186927, 0.011408185075879373, 2.2018602171135626, 0.10236220028878051, 0.6864449230447462, 0.19145709493568575, 7.9952312166740285, 2.0029804860334934, 2.6067388266305898, 0.9559427139308809, 2.923711568611907, 39.197986702164144, 71.81918969384606, 37.09787568893012, 12.368456025642672, 0.06605472446585736, 9.108711287433948, 2.4042266139936146, 0.029580408998072016, 0.008798516468459638, 0.8324527203615162, 0.2688480241203024, 67.96027109354168, 562.593787443549, 334.31360962662825, 9.947384294684753, 420.35106627699383, 520.9847571360868, 74.24500545736032, 2.5376317915520303, 4.7467969448885015, 0.579792584219831, 2.6227250116212417, 0.6258650602333091, 0.17637634352604437, 1.8206501637566816, 0.8437370707501941, 15.539144249975607, 222.35724580323154, 359.665024897444, 64.63621457176009, 0.245450876908194, 0.2947665356695097, 0.24545087690808032, 0.537946908109916, 0.32901270639513314, 0.36143153909722514, 0.02078092809949794, 1.6581022518682857, 0.6904787925536766, 0.7707633250770414, 1.9876384702189398, 52.38766754315816, 50.53977388943372, 9.696636261156868, 1.863634605395191, 0.31040832612404756, 1.2809890882737136, 1.9902176974488839, 0.9213498434652365, 0.05662207525438134, 0.0015664767846601535, 0.282189707539942, 0.047214421153853436, 0.25624742608817996, 1.3211670458481422, 0.09666110234820735, 0.18105648370942617, 0.06388601506603209, 0.0033995464589224866, 0.0, 0.03796530632962458, 58.227429428304504, 495.04455927284016, 396.8287158756709, 5.16613425780065, 527.3771105715832, 1750.1397316548005, 543.6008108790279, 1.1165262436311423, 1.8621443184010786, 4.983478622553093, 0.4758485764280067, 1.8707543071159307, 0.41551571705804236, 0.23244445108059608, 0.26653273487329443, 0.3746101243650628, 0.5073325769642452, 0.03790187820868596, 1.6443631855728427, 0.0262910124595237, 4.372308138998392, 0.41513609467847346, 6.044811899166689, 1.5877805980102266, 1.424680545258525, 2.540930509760983, 505.67320637904004, 1368.899937651018, 290.48542136095375, 1.8565944536876486, 0.06171678839109518, 0.4979781071963316, 0.11066031584209668, 0.2628507209368536, 0.7805579583505278, 0.17046898135174615, 0.5341041867282001, 0.6860350059470193, 0.0007684715544655774, 0.019251113910513595, 0.06199306705661911, 0.9019855709760805, 0.17053771530561335, 0.9285075421324791, 0.022840234585032704, 0.24726950649585433, 0.20739601864602264, 0.06159199614694444, 2.967871754137491, 10.312294403526494, 3.578361547360487, 0.01111596255088898, 0.050093212741444404, 0.12580012586647626, 0.0015657994965749822, 1.0598968482189548, 0.006259704938543109, 0.37083149629529544, 12.147319856217905, 51.45460022361647, 16.69070801760222, 0.1349977481637552, 0.9908800346784119, 0.11431416353661916, 3.088671416104944, 0.36475744323229264, 1.8751248997268704, 1.287875799634321, 0.003547317819993623, 2.130455672311655, 1.646239911279963, 0.5574903917640768, 1.6191588196111297, 1.3654528886468142, 2.2256253321522763, 7.211084172323581, 0.2759647372156451, 7.058310026951972, 7.051287557454771, 173.52454639977873, 273.7263975589253, 58.53432931230964, 0.7567978671893343, 0.2882288878399777, 0.003939205892152131, 2.069264531394424, 0.3892022630300289, 6.627413914702856, 0.3074546640159497, 1.3857770497444335, 0.14926818479875692, 0.6316223457538399, 0.7724617652181678, 3.517757134758085, 0.40355137076619485, 5.750650956739719, 0.47216848793027566, 1.628811457101051, 0.9869537718886932, 0.3745347709393627, 0.15029201010759152, 0.11789033321042552, 2.5563585871300347, 1.566525282494922, 0.05540834845999143, 0.5763433791760235, 2.0923546117290925, 0.07275756663000266, 31.479581958160225, 59.739576135729635, 2.0940665130640355, 1.4786539116098538, 154.37629079957856, 461.3038416487917, 138.33166188002144, -0.00895377070980885, 1.139621534781213, 0.6131531371443089, 0.1537011874727341, 0.0517536154144409, 0.03785706729559024, 0.007628856288079078, 0.16454963310184212, 0.3994636006636938, 0.006223104277296443, 0.19936047774194776, 1.3455060006937174, 0.3622392549742699, 1.3056711465920898, 2.573834950307173, 0.5526986809408072, 7.909657948644622, 10.437416626281106, 3.4643171071661527, 2.466913720582397, 0.3208049828598405, 309.7331329784447, 933.5353644025181, 178.87038166385378, 0.12435577141513932, 1.8812607368424779, 3.9544241509649964, 0.007334218617643273, 1.4193823655820097, 0.09543102455768349, 0.0026290683131264814, 1.8046030556038204, 0.8082908807219837, 0.6057838751315785, 0.034160338461674655, 0.332133187792806, 16.853536764346927, 76.71553313487743, 35.616515244741436, 2.559209150074139, 1.528382033646153, 2.124390119008467, 4.493429556577553, 1.8544976156326811, 1.5333245207879145, 1.0935139452453768, 22.78232287764763, 71.31281179184225, 53.09985157569531, 1.1172415702026228, 1.7092025973968248, 1.6768605206823395, 1.1462224717818117, 5.8492234716791245, 5.654250698446731, 5.849223471678897, 0.0010199711150562507, 0.00921420726353972, 6.242684141792097, 3.1443926537008338, 2.729256269636153, 60.45459209302294, 62.50021012339653, 4.632980799142388, 0.3667230494108935, 0.2781888902885612, 0.00944318813310474, 0.0033942507616302464, 0.018595687356764756, 0.09703942103180907, 20.574926131397888, 193.34883233563096, 213.00552714542368, 29.10681220858214, 1.6618874935253416, 1.8635434973645033, 3.7548666155189494, 3.9852223009407908, 3.0207216804228665, 4.9610156424760135, 4.486285218894409, 1.028312352284729, 2.2256105284029672, 5.680397187313588, 4.075329633009574, 320.8520463160546, 917.2540997850451, 215.25781508436148, 0.3699950684101623, 0.5989637292343559, 2.987652736484506, 2.4619829820960604, 0.5111336772400819, 0.023936444272976587, 0.011720006647237824, 1.2961779923616632, 0.5588160314264314, 0.006187859540091267, 0.43787462530053745, 7.82112120351826, 71.53950438040306, 51.87999020798645, 1.850175936715459, 0.5354768037409485, 0.5145182786277473, 0.44133579358913266, 0.10490901433627187, 0.004555982073497944, 0.165657625127551, 0.4605260099564248, 0.031371232422088724, 0.11569789453415069, 0.5369481043073847, 0.009038592033448367, 0.5571289206624215, 0.02230226284143555, 0.22966655565721794, 11.120292461116264, 16.511106355585298, 2.1165301581947915, 0.12353993815611375, 1.6001565411677348, 0.10490110531327446, 0.1718895688838984, 0.010691069039694412, 0.30077693295811514, 0.7451486395350457, 0.01420921607677883, 1.8203359506026118, 0.1382122625144575, 1.5485240136663379, 0.01409694891685831, 1.2045474370095235, 81.37646004994508, 911.2068985182843, 799.4354864362044, 39.35474021490063, 9.50083073744156, 3.9508796233669727, 3.456527369121659, 2.752753899818572, 3.2791735784535376, 0.36783811177770076, 3.3353852036431135, 0.9233477032637438, 0.0, 2.011555671853557, 118.93451809016346, 711.9354976245595, 528.5727391934493, 53.81223157866475, 0.2786708443288717, 0.189185672038775, 0.2953793316730753, 0.27852976225835846, 0.7790922145647983, 0.0950762862148622, 1.7514700424648026, 20.205676383188347, 43.257698007550744, 12.660937716693525, 0.17726808973247898, 1.6721356022494547, 0.08118793083508535, 1.6456148910974662, 36.500463892150265, 15.918685170071058, 0.04500207622868402, 0.37275327985480544, 0.001396760299030575, 9.239131706287026, 88.6642617335367, 68.90725124067819, 2.84781296879396, 0.09538483337155412, 0.20375917883120565, 0.4906080439119478, 0.3230758893244001, 0.08464014430569478, 0.0034316488837475845, 0.1445293492311066, 162.93269175399314, 998.5787775482016, 421.1974346580705, 1.0923002905049088, 0.17536469825517997, 0.03113563056763269, 45.644000945586185, 115.64134063016081, 27.620652650257398, 0.2572035861904851, 0.09412201756163086, 0.09486960761068985, 1.2723448776446276, 0.19693605397390002, 11.849271591451725, 133.2501528505287, 168.25867227953427, 29.823404888283676, 0.3085818198653669, 1.6155720833710348, 1.3978347845120425, 0.005384733458072333, 2.1042732742085946, 0.78264520262519, 2.1042732742130283, 0.6012069205887656, 0.6843403370539818, 1.0027992379581292, 0.17369063284809272, 0.8551705934237361, 1.1316532671581854, 1.8471039968341074, 0.41024622385634757, 0.4668126656846425, 1.0073174325469836, 1.8867172342457934, 2.369292889086182, 31.197676395848134, 49.83662687065578, 14.78354192069014, 1.1818270715252766, 0.11213860822272181, 2.040555115646839, 0.11430874619043152, 0.08108000028948936, 30.184804419489524, 166.11555934279068, 7.232680658661366, 535.0353762677942, 766.0043445007245, 103.20474081388738, 0.5293206599378664, 2.227292713314455, 1.7519082276390918, 2.5479760963024773, 0.03746501004411584, 1.0967157071988822, 0.20684652761030975, 0.019925205093159093, 9.04904746736122, 3.0967000387132657, 3.814690882249579, 11.645679108592503, 12.427992293484294, 0.6954740781163764, 4.80673855897146, 3.9787861347556372, 0.2047608806988137, 1.960935706496457, 22.00880468586979, 131.60510209284553, 182.79731816543517, 33.075198648933565, 1.0791271014550148, 2.633242588071653, 0.3796897153556529, 2.761612814176715, 4.30449705184833, 0.02440299308000249, 2.1274569795866682, 1.438335469968024, 1.1014872397120143, 0.027708073012263412, 0.711564096805887, 0.7023543123000309, 0.8678138410418796, 43.590499889703096, 671.5426839628656, 1335.1259878752924, 349.3391375593899, 2.3498367725209164, 1.055117626355127, 3.7222769368646595, 0.41421424415079855, 1.1400771192652428, 2.417987353658532, 2.7682265993773854, 1.537649350697393, 1.1510822141689232, 1.6277160078783481, 3.7144894695433095, 0.016567311372000404, 4.133916372044268, 2.5316977621996557, 0.7910255779955833, 0.586508214141304, 2.4820145892848586, 0.08576434944814082, 19.757144443509787, 74.39186974110578, 32.03955698601692, 2.095028500606986, 0.39536212339282883, 0.2774320271006445, 0.6152345771740784, 0.036386042081289816, 1.4264955521002776, 0.00916033591215637, 0.6275508448765095, 0.14830199584764614, 241.7497165716427, 1017.8753047497132, 342.9173743867548, 6.575969831057591, 0.0663400005157655, 0.9418094677585032, 0.042731197067496396, 0.4204617112318374, 0.01069810619492273, 0.6541960516372001, 0.7186208401465137, 0.11939604614417476, 0.18963084188294488, 0.4666255225236, 2.854886240660335, 2.2647635464725226, 0.25155346181986715, 0.38303853246225117, 7.101435461894312, 1.3100133010063928, 2.3960841439538854, 0.12988799874233337, 2.0902197707919186, 0.15929728277171762, 0.46315854999386374, 0.013479387634333762, 0.16084127508975143, 0.41910176225792384, 0.02837682773861161, 0.7954304627035071, 0.2661190968091205, 0.1577261110796826, 0.008102128292421185, 1.798408467673994, 0.1497983403245371, 231.18401563233056, 1741.7381322319707, 795.4176670528789, 4.642860822920511, 47.23007514464177, 78.86186984714038, 11.594755505586818, 0.3431289127902346, 0.8091109365133207, 1.8479536105302259, 0.3206033315429977, 0.20012549666216728, 0.25231306764680994, 1.2625461917258463, 0.7371608791213475, 0.5019072512103548, 432.40424165198874, 1129.4339498888262, 271.93317714298246, 33.752971675498884, 32.27787058643787, 7.64808359808444, 0.0037321290183172096, 0.11234586361069887, 0.01891712910037313, 0.16900910394531365, 0.7763193746379784, 0.15472004753360125, 0.1318323419848184, 1.5987803851508033, 0.03902783547346189, 1.2063097698261345, 0.014797744091538334, 0.018561206682761622, 0.5156578177769688, 18.199170854390218, 145.93596974119828, 238.7705285478546, 56.3216393503119, 0.4130233907760612, 1.9828949225004635, 0.35837827220291274, 2.5915070987230138, 0.7917800823827292, 0.28706669169014276, 0.18055889056245178, 0.3372505991385424, 0.012351944365718737, 0.22057270444349797, 0.6146128112943643, 3.919528233963092, 2.9918892318174812, 0.33453523418086206, 0.15868264574612567, 0.15401178010506555, 0.5472142724805735, 0.71123894616494, 1.518669099654744, 0.964849676964036, 0.9148415951190145, 0.02628438767078478, 0.1523501168975372, 0.28130057562304955, 2.882798651624512, 4.13717442316738, 1.9051314095339649, 2.8255672274553945, 0.39583918102221105, 0.12176371935390762, 0.026904334462187762, 1.078064203126928, 0.141276762640814, 46.23724188786514, 83.8124914649004, 14.201887967975381, 0.17729456139136346, 0.15245135651218789, 0.05757426270531596, 0.4402489364064195, 0.783066828685719, 20.713326300158542, 192.03532572966458, 185.7019077706293, 30.96938176174706, 1.2421818746031477, 0.03675457592271414, 164.07716462241706, 683.309129037207, 213.91244437795172, 5.157548788959502, 4.30287681924051, 5.623249237560458, 5.153289304598047, 0.599086455734323, 1.368626146251927, 0.12909458729018297, 0.16683167791575215, 0.08764746512611055, 0.4734644814041076, 0.7135719069642619, 0.03374388676820672, 0.23868173731102615, 0.6822993353566744, 4.569746363581999, 0.16827703439821562, 3.396898123272649, 0.1300414828610883, 3.7791495447618217, 0.28657559705379754, 4.477496585720928, 2.823019763364755, 0.11863563199040073, 1.2269407434739605, 0.08790724258278715, 0.0024613076441255544, 0.29881190242610955, 0.522872763929513, 2.0600763481369313, 5.3645879612200815, 1.421091906343463, 0.19449023958748057, 0.781922327322718, 18.057162993663496, 65.51336182365344, 18.715066556250804, 0.6183076389002053, 2.606992448204892, 2.6673121660571724, 0.15599832336829422, 0.1344233636748413, 0.573581986385534, 0.05239315045855619, 3.137593242863886, 53.10873031968731, 162.0826394309297, 19.569803165048143, 172.0782835702953, 1385.0033953351444, 1023.9658669373582, 68.45844444463864, 0.8046914019457745, 0.04050053084267802, 0.7079712215530662, 0.9891612973464134, 2.6034354671073743, 645.4400391445702, 1932.3032898862552, 508.57409566469323, 4.7107985712459595, 3.598794091501304, 1.8709353526962786, 10.877874594365949, 5.494980272981138, 0.3205960193406554, 0.6234864530879349, 0.5786535826623549, 2.284206523887633, 25.182096752301277, 20.761415473976967, 1.988446526680491, 0.0066184792793819724, 0.011761578008531615, 0.053246526197085586, 0.06648601756410244, 0.7711796637576072, 0.014947225014907417, 3.9534785895705227, 0.8890767929455023, 1.0616145550977762, 86.02107971571672, 245.0277915127872, 42.52923165142374, 16.052946252405718, 41.909855350773796, 45.52909148559843, 13.067949765837284, 0.04477311040659515, 1.2902859753075973, 0.05850735212766267, 0.039353055974061135, 0.8953589192224172, 76.36197460925905, 470.2868512939307, 232.49833308737652, 2.5965234345361523, 0.8445637941999848, 1.5531678558716067, 0.7915726041067046, 0.010290575461112894, 1.9990435433711582, 0.6073657836386701, 0.08922238748107247, 0.0024752481016321326, 0.0006239311758235999, 0.06219564083221485, 0.10451440015788194, 0.2232554686978574, 0.2188370569718927, 0.2917770331612246, 0.7940275370045811, 2.0020995359127483, 0.1217497688360254, 33.173727903352415, 185.6907208148807, 134.14445260217974, 5.227487607146486, 0.02462006403527539, 2.236268489574627, 1.006939656389477, 0.23277762838688432, 0.0756342338097511, 0.0670737712398477, 0.042596608298026695, 0.789680843533688, 0.6971578402369687, 0.11568598770713834, 0.00028602225813756377, 0.010455806405389012, 5.028378723044966, 1.4935911888225064, 3.9530727400688193, 0.08707121575162091, 1.362043963013548, 0.024206600717320725, 3.0920532360396464, 72.09597015670317, 146.75679291232018, 24.52491523066078, 0.1202952743590231, 0.40355932067473077, 1.9753328658750888, 28.763797573777538, 12.465014622304125, 2.0455282457234034, 59.0741051618993, 33.84123335794061, 240.85295801640336, 858.1413578079128, 209.19134210815196, 0.4757440518731073, 0.019132457674913894, 121.39663149590933, 542.4514819339902, 276.2901633222448, 25.45433675736581, 0.15037548669795342, 1.7992975433646734, 0.01911030483745435, 0.44500919320103094, 0.10177620844331159, 0.17319008434719763, 0.11189398143801554, 0.04940421060200606, 0.6941929669727642, 0.07662822811300884, 0.0007622428665854386, 0.0068769116205658065, 3.7889118055192057, 16.020887087069923, 5.643150398444959, 0.4057858079096377, 0.1048309325461787, 0.16009427409801447, 0.08869696166209451, 0.582827064315552, 0.2992651966703761, 0.3770215188152406, 0.18505242626883955, 2.041761649820728, 0.28185347373585046, 0.35295074564953666, 0.008145473165086514, 0.000672972462780308, 0.38582775648740153, 0.00016833398069593386, 0.32443484309771975, 0.17141631411323033, 0.12179304969174609, 0.008165854874278011, 0.25356735410673537, 0.04283853155379802, 13.16753421961323, 24.216885801552053, 0.39163322527247146, 0.3438133526015008, 131.34441423932617, 703.5816685468862, 844.2173892051092, 148.6858648693078, 0.027342597091660537, 0.9799716517197794, 0.9920137700964915, 0.3789864060304353, 2.4805186964994164, 0.10183959847017832, 4.394096658050216, 0.0010069597416304532, 0.9419341425975745, 0.6452035395806206, 0.17372268170049665, 130.4247059728018, 501.5660966794876, 208.47976208188948, 18.552782358068725, 0.90518051935328, 3.776503571243893, 0.8722908721942986, 3.977829553874699, 0.8093746471799932, 14.00416095560604, 104.75497406342538, 36.05046531172411, 1.6963011549453313, 0.621208591594268, 0.3639234600261716, 2.0260138546561848, 0.054708094148281816, 2.8005866524981684, 0.1779167311965466, 2.124726450322669, 0.24115677370468802, 3.393195544846776, 9.20498803288865, 0.0035160631393864605, 2.2224687563827956, 0.12576208221321394, 0.1940872207396751, 0.5366927884317647, 0.7301266499337089, 180.53996087229007, 675.1235670764372, 187.31458152612777, 0.9175513890160119, 0.015248917016265295, 8.681626495834053, 17.544501001204594, 6.9225043724919715, 0.3085744637647849, 0.0007931589850613818, 0.6747170216323184, 0.20587348825074514, 0.1171415008554959, 0.6076205345942753, 2.2754914045788155, 0.27211212070972124, 2.9122159102112164, 0.5896584113079371, 0.0071847375736524555, 0.0007918831565802975, 37.84616469258049, 118.68853443651551, 24.568867795961978, 0.0893649917620678, 0.33007066478796787, 0.0040824368506946485, 0.7288643868040481, 0.007254286973306989, 1.8453316109910247, 0.07602186639644515, 0.9453576899139762, 0.016141708592499526, 0.029098506728814755, 0.1782050520998837, 1.3361707869886459, 0.11384217424631515, 4.973134325257547, 186.10604440467318, 308.29094460944407, 67.14828459211935, 2.67242989059082, 0.32321264607719513, 0.4102091964018655, 1.2073078865951175, 0.24868367516864964, 4.630238152850552, 0.6244076047566978, 0.9930233467539438, 0.8958932774698951, 0.5052395277264168, 15.6734135065376, 90.0454159971905, 60.576697508800635, 2.209273948514465, 0.9508768028250643, 0.3351444902172034, 0.0071805412244430045, 0.44163395084137846, 0.9479859727422308, 0.0011745514224230647, 0.33965914188797797, 1.2650726095773734, 2.9992042382497175, 1.3432891578313502, 3.617861512062291, 0.872017327781009, 90.4133027118312, 930.2258888662248, 860.8139671964168, 85.57050595449948, 0.048070992468126406, 0.012161368445845255, 0.24722875215258, 0.618709018143818, 0.3240953611984878, 0.05310166754918555, 0.05432156744313943, 0.32837505263358935, 0.5513024174506995, 0.006051148083258795, 0.1917280176386953, 0.10385391377218411, 0.11020958837480066, 0.15128599015076816, 0.32199803483797496, 1.0858331779454602, 1.0200201011988383, 0.2218455287538177, 3.040128859762831, 0.3254585401201666, 222.0329071543597, 976.9008881848724, 587.9815765172721, 55.57954422965986, 0.47739725810447453, 3.034308365562765, 2.51539811737166, 3.780674622930519, 2.256954470436085, 6.236840568807565, 2.5082442186571825, 12.153078132435667, 87.95341238230208, 75.01601486825462, 2.288064937622721, 0.1809603107684552, 4.768059985183868, 4.1600116770698605, 0.3874787144771972, 1.0840669044109745, 18.996572870993077, 273.29867068207, 679.8856002046007, 37.8088215793382, 694.8967374685453, 798.2968314247098, 104.5590038827329, 0.00032642255075643334, 0.04727717466892045, 0.29669914659382357, 24.263238919472542, 141.89361527150731, 68.114871008524, 2.1596423167945886, 0.42253776333268434, 178.3213392982484, 1148.1760294439446, 376.1116144873936, 5.82167806292216, 0.8081246190264437, 5.880374376443456, 0.5901011069893229, 3.608354242207497, 1.5975554851618199, 4.999843191906052, 3.0808773672915777, 1.8296414386837796, 0.07073661922515839, 3.8521528027000613, 5.526413478247719, 1.2147556398336974, 8.485280080187295, 2.3896403796951518, 1.5603697721896879, 4.121419963518406, 0.5930977493767386, 1.9588025727435934, 14.268697339594496, 438.557429293056, 840.7482940645796, 137.1748938321989, 58.81393963321193, 432.0337694451641, 193.04911535591486, 1.4045400514171433, 2.940297059731165, 1.6267184782043387, 1.535895110459478, 4.2802203154271865, 2.381889166334304, 0.007505865220537089, 2.4473703159733304, 6.797659079891446, 0.2323783649408142, 0.5202629758264266, 1.4219594796006731, 3.7948432098344256, 8.406990052117635, 8.80819444445001, 0.21614055265388288, 9.01301076197933, 3.0471020260467867, 0.5356159738125825, 83.28212032831675, 500.86171286658805, 255.2655106273544, 8.88387378635639, 0.4739119435198518, 0.15817782113526846, 0.8230978951303314, 0.2822318901419294, 2.168713650306472, 1.289557526324188, 5.024781354734159, 3.8352811494958132, 5.024781354734387, 2.475016682251862, 2.1687136503060174, 1.0707465591567598, 0.3007536829188666, 0.881363211329699, 1.7846479785093834, 0.3440472363195113, 1.9348484230540635, 1.8820723709936829, 0.18353918724164942, 4.95460320204711, 32.30928766392958, 28.554418511479753, 0.8356556635935704, 2.2761682013729114, 15.44624854716858, 87.25853662630243, 22.52698290314561, 0.5553131511977654, 4.476701458577622, 4.962058932459513, 0.24977895611027634, 7.222991560124001, 1.2133660404729198, 1.5559562980918145, 55.94745487396631, 248.1882571343167, 144.74623930863686, 5.0826703038319465, 1.8127629718776461, 1.6321825481732049, 0.20258926188080295, 1.8738359198594026, 0.41959955882316535, 3.0345063279833084, 1.069055872475701, 0.23296806842654405, 84.51235177421313, 406.6011398054345, 146.4979031820426, 0.11582823991284386, 0.4767149534394548, 2.4052897764235013, 16.800401917413865, 0.008488077955462359, 7.238004264283063, 1.3367275841378614, 0.18507614495126745, 0.0014215566354778275, 0.1131493771742953, 164.53558088093564, 485.0832747547138, 118.67525132404853, 6.382061483514008, 2.3517271127559525, 2.6196996077881067, 41.588797993757, 47.18652964984494, 5.508869527997376, 0.06587305075049699, 0.15756333403419376, 2.3692741219557547, 0.256956851739119, 0.0776399639499914, 0.6996407661757758, 0.7284199296700535, 1.7667922417030013, 2.547285272636259, 19.204191209756914, 17.52263895344356, 2.5368855408876243, 0.04024001928735288, 0.2009531588767004, 0.32402518538333425, 1.208084807464843, 1.0705154524880527, 91.92364930094413, 189.59909247095254, 37.99913801534751, 0.4175486551562244, 0.3368401842087678, 1.1354447181757905, 1.1363914617115825, 3.0316548895849564, 0.4028548010707027, 0.09505697350823539, 1.4905950866013882, 0.5655966378121775, 0.6903916943031163, 0.040502894731275774, 0.059872889925031814, 0.656290268753537, 0.5280205406910454, 0.081284984738204, 3.631363446427713, 21.406064327865465, 3.5084426845095322, 0.000342656730026647, 0.37157867720293325, 1.7328264949941286, 0.586351378154859, 0.25810431418290136, 0.0029517996641743593, 0.5246017240079937, 0.06404415012252684, 0.37824955821758977, 0.22179122981674482, 0.032988626464430126, 0.056193011810705684, 0.016147835516221676, 9.648887827100339, 118.26685652071183, 141.95958776037173, 11.570245868377924, 1.8545856881730742, 2.576807348853208, 0.34952259186366064, 8.69419278910209, 8.291055775237055, 10.415546625831894, 320.2500039210861, 588.0683862016697, 115.76562260545052, 0.17661143717202776, 0.03480812783232068, 0.01352916546841243, 0.013574246060898076, 0.000542366768854663, 0.1558814987116648, 0.12298900630582921, 0.3386142682068112, 2.315515041567437, 1.1824739173971466, 1.2127377302680316, 1.2340089347762841, 1.3892260564819026, 0.47023236109544087, 2.0550133337096668, 3.30996431816277, 0.004796148785999321, 0.6888107833335653, 0.05349495437303631, 0.19364920170733058, 3.2434035014008487, 20.007626052268506, 8.045576759738765, 0.5688903710490649, 0.0006782692836395654, 0.22083249113359216, 0.0, 0.17046106902910196, 0.033052686889732286, 0.053679365821153624, 6.609666043181392, 42.707960406594225, 24.889201056930006, 1.8227220298040265, 0.004073515086247426, 0.6732325418141727, 1.07057917565146, 0.03514008516731337, 1.0705791756515737, 1.8399542444302597, 1.1123898264753507, 0.4174010705986575, 0.5028192009405075, 1.8720426350564594, 1.4912101798835238, 1.0495002372763338, 0.40570682205509456, 0.4909124567914205, 0.024970449708462183, 2.465649614673225, 0.0, 201.8514213092244, 873.7397611746636, 289.81366613041587, 2.3486221725711403, 1.049581433239041, 0.03515801976641342, 0.09751144657559507, 2.7796888244399724, 8.35382147176017, 2.1325849731276776, 0.44305693992282613, 2.207587409019652, 0.042577962495897737, 0.6012563904941999, 0.17196915920635547, 1.3769878113437244, 0.00022082938062339963, 1.9838955200302735, 0.022036733485037985, 0.9222900485610808, 1.4507794111937073, 1.290711311779205, 1.7508798951275821, 64.35957913838752, 215.28804054946386, 15.36396467564623, 226.20909476415795, 345.83289304476966, 52.181684383174115, 0.07764863811780742, 0.1574889392137493, 0.3549499506909797, 0.025001638056323827, 0.16800609706479008, 1.271705454765538, 0.46179648663053285, 0.1708790601144301, 0.748151376296164, 0.10136149028733143, 0.044646339121641176, 0.0007004713252172223, 0.006252727986634454, 0.6651947565451337, 0.02924985501408628, 0.0383874791227754, 158.2055026188359, 1423.6184636285657, 1048.7655571176826, 50.813346677774916, 0.4694813886420661, 5.817880375307254, 2.4792603034048852, 0.3372137093482479, 2.1041111423684242, 167.62334582298104, 792.6405667667991, 570.2009366975469, 55.6547711722601, 0.005928911196178888, 0.034210277043484894, 0.17427859792678646, 0.07685808329051724, 2.2559245335922924, 0.12421718066923404, 0.2833101955560551, 0.023406246070408088, 0.014957891332869622, 0.19875632402295196, 1.0369771494331417, 0.00595862241004852, 1.3010112199237938, 0.1148701759020696, 115.08413083603614, 402.9677116922519, 88.73373965124301, 0.002049986892529887, 0.07303326431656387, 0.3785895058049391, 0.4666537921767713, 0.4820012493954664, 48.892790133510516, 149.00087254379366, 32.358750282463006, 0.017254206701409203, 0.10760580954263332, 0.21370266492158407, 1.0762965745919928, 2.830938564979988, 0.6520158333892141, 1.6537410118769458, 0.2791252237640265, 0.017329819302176475, 11.407510981387304, 80.74331710574234, 96.77571326600503, 15.942797409757986, 0.21563516257810988, 0.5206621541423146, 0.002177924123543562, 0.1398562037626334, 346.4998585098349, 1001.9211027980373, 0.05040962950170069, 725.0107223266652, 84.58981016876419, 185.078400115548, 212.43718742037026, 31.747862364692992, 0.04859902499083546, 0.3420839195089229, 0.6474915783572897, 0.04166000972861639, 1.2095108478929433, 78.22810406667168, 271.6173002245381, 71.23181210236874, 0.00039432674498129927, 0.07750904608269593, 0.006322082225210579, 0.00039755936370511336, 0.11359173997948346, 0.3533220439088609, 0.06562718262352973, 0.009715911199691618, 1.7901921510905368, 91.85650583780398, 161.9773720352946, 9.510884387894976, 5.144831923961647, 3.04229738706681, 6.23288192973655, 1.121881042383393, 1.253246625452448, 0.7087003427866421, 3.496511472553493, 0.20570324640107174, 8.84459589456901, 0.46482141015235356, 1.0866343329823849, 1.2186516933206804, 0.46789006912536024, 1.0229351601676626, 0.024377783747695503, 0.1159111646366, 0.18928163741998105, 0.09584251015280643, 1.058308710117899, 0.12539386309049405, 0.44417951256946253, 3.7432369016109988, 0.62971168843751, 0.03733760014870313, 3.0091008177521417, 9.723099503797584, 0.002107079048300875, 2.373579570607376, 1.134814932306881, 4.364329793284128, 0.2024783796596239, 2.6600340792801944, 0.06094009649314103, 0.1361614699646907, 0.03994006174718834, 0.35821896914046647, 0.9498363758532378, 4.1365555572464245, 0.015593792427353037, 2.1952459464428102, 0.9536737984428783, 0.7283127574957007, 5.895709788498152, 73.53157327579697, 36.37373231915933, 0.9572176234364633, 0.5870855112583513, 1.5799351287736272, 0.001609482875210233, 0.8721357264934113, 1.3936928207949677, 1.9128072933312978, 0.04443088236496351, 0.17865275670681058, 114.20644389230506, 562.4774064516942, 242.6225445792047, 9.417962912732833, 3.0017799969836005, 4.785013543381524, 23.460274086415893, 36.59796660848974, 1.2097118542440057, 0.9815701962259027, 16.97586659841511, 131.01677561217116, 64.03116459981936, 2.049800476330347, 0.00035841977933159797, 0.10304909513877192, 0.08016927661515183, 1.263699677517252, 0.2749891339917667, 0.6151648634643152, 131.13307141590303, 478.4588230416538, 125.5879206704708, 1.7222401651706605, 0.1391088942850729, 1.8974246432437667, 0.0655928585001675, 2.6325593021495024, 0.3139335657315314, 1.2440723598058412, 12.781476232365549, 44.00298401522787, 307.08800992905526, 1027.6191968797266, 337.6311408843096, 14.35622743294482, 54.695495560514246, 15.43348908966334, 0.17782424394010832, 0.012118676988734478, 0.2551679193509244, 0.02377626772192798, 0.5606721360371694, 0.017476965088576435, 0.3044878802695621, 0.10810160599453411, 0.023495647006711806, 106.34377622695274, 103.82654569235387, 196.6464267320364, 252.4733967190116, 8.531968703965049, 2.152287644413832, 1.3818031412442906, 0.7558646600919019, 4.408858706153978, 2.6870181005526774, 125.8475413315864, 468.88695889037376, 118.10687577691442, 0.6863729696335668, 0.10753394235803171, 0.49378665451888537, 0.019903912347899677, 0.08949247378404834, 0.14275452290041812, 0.11989097824721284, 0.0002494576475555732, 0.8411878191419646, 0.00622992104331388, 1.836010330404406, 0.31953815144640885, 0.6913383213349107, 0.4567142681645464, 0.1327976834262472, 0.36432074812250903, 0.03625389919693589, 0.1582298717626145, 0.0, 0.004019716056404832, 0.13196384769128144, 0.39737144778075617, 0.28920908292775493, 1.6885240813410292, 1.0852259457126365, 0.00640734509943286, 2.2050646650488943, 0.5246407587655995, 5.668589953512992, 0.6648339443671603, 0.002423654454219104, 1.3328271325221976, 0.689966721498763, 0.4626658798438257, 0.06725377134137034, 0.6542746412833367, 0.7581645924537952, 3.0441704769409625, 39.236005610093684, 36.24848633256124, 0.3961196050804574, 2.283039196214304, 0.02088400196907969, 60.37893579139268, 477.1787674570937, 503.18943821309335, 74.42008297561642, 2.867027686320398, 1.9419434230844672, 5.4399532168217775, 0.4389585838456469, 0.48956561419333866, 1.0216176501944574, 2.262795812512877, 0.979500312587561, 2.341958568186101, 0.07781080305790056, 3.831082926398608, 0.30750146266814227, 501.89673639337775, 1651.1945392217424, 650.1434669045675, 32.39374403357783, 0.5135154710524148, 0.014958990737113709, 3.1368348341579804, 0.022258540086340872, 3.2813521215184664, 0.6464423272755084, 8.389460064448258, 1.3810659692421723, 0.22577723773315483, 0.5735726756247459, 0.8828047852994132, 1.3279822139438693, 0.07228934041813773, 6.145480909089656, 2.334684156282492, 26.61317659513884, 122.63959765035202, 38.770195077813696, 0.0068480036029541225, 1.8470081533440634, 88.28785198540118, 251.04309295894245, 62.345254139502345, 0.2242894900415422, 0.32335057079194485, 0.7602625319009348, 182.77140250969978, 720.3183182150983, 274.9416743255615, 23.03233488604701, 128.33016689796557, 16.174811094342658, 0.7000654313094401, 96.62122475043498, 597.2779241188414, 587.607317694805, 66.61732845255597, 1.197616852345618, 33.17739234367923, 30.284774541502884, 52.14199579219098, 1562.2350690003432, 2197.3674422795943, 191.58131354684383, 0.00015350065291386272, 4.948501535152673, 5.478972383034261, 466.90426661399033, 1366.5029302249168, 368.80849186477394, 0.32404179662421484, 0.34683747417955146, 0.38511399668084323, 1.1715386867961115, 0.5256231324769942, 0.1952152516082606, 0.9615937749998693, 0.7111785091633465, 0.07797640636340475, 21.392313998322948, 74.85256688442553, 18.313749871817095, 3.04193149765797, 1.395405721447105, 188.0287635523423, 730.5508417879875, 280.8908030146895, 1.4947877516462995, 0.05197617008121824, 0.11429412095509406, 0.6457065227794487, 0.2319946553667478, 1.2886801069815874, 0.3426645521061573, 2.5803283699162876, 0.15361554257572152, 0.7829222813389833, 334.60796879336726, 720.3678510638423, 156.6301563113102, 8.396094266561022, 0.0034128566994695575, 0.04418769625669938, 11.996919963397659, 16.129149551816, 12.182049943784023, 4.911328728212538, 0.042180718212875945, 0.001153375794956446, 0.33636404798176045, 0.5404715489751197, 4.230281154507338, 0.002668035553142545, 0.9553539588932836, 0.050348558157111256, 0.007494480219065736, 0.41428403159034133, 102.43373347054558, 695.1906850695989, 353.2555108072836, 1.903802358524672, 339.330183148988, 610.0068060658028, 86.31628551019594, 0.0049588306732175624, 0.2440867727185605, 1.2141193413305018, 1.0947891608728924, 0.39035331881120783, 0.0463610409570947, 1.1567791923492905, 0.07309876505109969, 0.5975038570737752, 0.5154809711968937, 0.0, 0.09136425454266828, 1.3176006735931196, 0.0012567084939973938, 3.6201918118463254, 0.015349593253972671, 0.8377139245169474, 1.2261877009652835, 0.3924309742569676, 0.03245543666389494, 0.5799533308735363, 3.9898978414944395, 0.7814725470052508, 0.012535819181039187, 0.253945636436697, 0.5087084031616769, 0.008778202516850797, 0.8424895193115844, 0.04224094890048491, 0.008603061163512393, 0.028074040472120032, 0.00860306116362608, 0.0889516097743126, 0.42765607483738677, 0.15295850177062675, 0.9028327071159765, 0.005500077217902799, 0.00034096234685421223, 0.008596933003332197, 0.4477498357070999, 35.33513523519514, 369.9604179640544, 692.6103468168444, 188.72898587070938, 48.565241917054664, 528.1486012062123, 632.0634989855755, 80.04495239314792, 3.7127731751015745, 1.3929636225507238, 4.536886357982667, 1.6726765716969112, 0.21349259547150723, 1.633327272786346, 0.13163468728953376, 0.37752226840711955, 0.09213164288144071, 0.4403822736146594, 0.0228288667904053, 0.06991361077029978, 0.7723100770682549, 0.8455603635403577, 0.9106870564819474, 0.12405221386029552, 4.001973421855041, 0.04114026867512166, 0.06505847060248016, 0.003051412915056062, 1.6750248529068585, 0.0, 12.331579725983715, 32.78922618071715, 4.985119470692439, 8.47846473669756, 0.5819894562605441, 7.908028709568953, 1.6879152352357778, 0.062490262907431315, 0.11067683047963328, 0.12226854725872727, 0.027589378172024226, 0.027478528027131688, 1.4240974708566227, 1.74971916084246, 0.1789790932739379, 1.0520047405448167, 0.35185270198780927, 3.5458686213148667, 6.0870738429728135, 129.81329415957043, 319.53024098166657, 66.60235909039102, 0.22257741122461994, 0.14839896104945183, 0.12064451259288944, 0.11367011471008936, 3.813101143424319, 36.620293015981815, 70.18299269120257, 18.12688783340559, 1.187910056144915, 0.6758554145021662, 72.42236332480661, 715.7220369685599, 441.1910056176116, 18.046544042384767, 1.8536407912041568, 0.808149324435135, 1.3813488012762036, 0.6273829024017914, 0.085865364223082, 1.7324208453479741, 3.534002002118882, 2.2467525819392904, 10.716342976856026, 4.269877697029074, 0.0006452752960512953, 7.219381292136177, 2.4317003333442244, 1.4923672138862685, 3.1926874205771583, 0.006242363218802893, 4.505156514859664, 1.526180637165453, 2.1673277245071176, 37.78164773939875, 275.59046945586783, 227.00826850596673, 26.530261591541375, 0.022328090731662087, 0.07902751350479775, 0.006863715133704318, 0.10823647261668157, 0.13186116934343772, 0.06079690279671013, 0.038855105518905475, 0.0024442941369215987, 0.021837500933997944, 0.00980221657346192, 0.05276708163933108, 0.43148813703055566, 40.11657527257603, 241.2482212904215, 132.80245507122595, 3.8221153978716984, 0.005627498032026779, 0.09077354000680771, 0.2648701752636953, 0.031088518024034784, 0.02687470237231082, 0.07666503620021103, 1.161652492317785, 0.8534395716390009, 0.47263388623048286, 1.5653733774496459, 0.007718108126482548, 0.1332363517273052, 0.15040081022880258, 0.28937796772265756, 0.2262599065890072, 0.9332834657932381, 166.97131375817867, 787.3827958121603, 251.69232577711387, 0.1788434254024196, 0.27518216809471596, 1.199175323893769, 1.2012105640383197, 0.5370352370223372, 0.03401329648772844, 1.6639728530531102, 0.5506588810154653, 0.4350847803408442, 2.350241373947597, 0.050942158772954826, 4.851273531467314, 0.05143241298242174, 4.503079540989916, 1.973905619651532, 0.05817855341513223, 0.36698480364782426, 9.126604007155265, 71.11492233992533, 111.58881576766862, 15.110178147618512, 0.3357303997375993, 0.36761426431030486, 0.14840611691874983, 0.1953409440343421, 0.33213237933193795, 0.04794194546821018, 0.39902258395045465, 0.026682785786874774, 0.7204889305991173, 1.4113692000528317, 1.854851423732498, 2.33640313510125, 1.4022851260870084, 7.330277704832383, 81.03599952066713, 171.60347220488825, 52.57692011125255, 0.06334201516733629, 2.888486978186961, 0.6435188119176019, 0.24368323464477726, 0.5116895211413066, 1.9299569755304447, 5.862790987322342, 0.9112426766257613, 4.011501361254432, 0.18564547963910627, 0.8537541691412116, 0.6181260335629304, 0.36904881755299357, 0.00039272956360036915, 0.4178742577742014, 135.56102241750204, 317.2371714691593, 43.54441896142589, 0.09904312474475319, 0.3861540150668361, 2.320113057907747, 1.7429196930775106, 0.005380240453632723, 5.094938050567407, 3.529117797360527, 0.12876186159815006, 1.1918330857373576, 0.09093359169196447, 0.2848999590545418, 1.0810075599367792, 0.3853024667172349, 0.37028380913409364, 0.11072240956877977, 0.6908016020107652, 0.020778563215117174, 63.39838972424673, 246.2823221858648, 143.8796959246065, 4.920264424892139, 8.578076522941728, 88.97996701079501, 209.2363071430616, 33.87407842763287, 0.13789053637151483, 0.09989827313575006, 1.7146937565712506, 2.448572079952555, 4.262790999121535, 0.5704021971534985, 0.5357205697787322, 3.8640067242727127, 0.0008471569633456966, 0.16269011559347746, 3.529780719908331, 0.36050995242248973, 0.05757796767261425, 3.0820570968842276, 0.49112928589147486, 0.7482980851627872, 0.0280660805858588, 0.36135300825299055, 0.019579492799834952, 2.141021426424004, 2.6586864958012484, 0.0, 0.5208484184752251, 2.19540315711356, 3.8371609519499543, 0.7520178657268843, 315.35321475576256, 1528.0468679477033, 553.9829327603252, 1.0513252862928084, 0.01620131075651443, 2.923015856032748, 0.34320437575740925, 8.081503809722449, 2.8691279624428034, 3.8954302742810114, 4.450791777770405, 24.186876698335254, 155.4672770702765, 484.12067105218057, 581.6801671011247, 96.89095990587748, 216.5418046243194, 1140.0837093046762, 387.1936404745941, 0.29339480554278907, 1.1102152402829688, 2.0331629557490487, 1.1911644137222765, 5.989333077310903, 0.34291671250446143, 3.1469552712359246, 2.9282395145833107, 0.2558875031346588, 5.722662354216595, 3.1549182100217195, 1.7650227717823554, 2.2932416373055275, 2.2697378226596356, 1.4727773963093114, 1.7514530583790702, 0.7891666517641625, 153.45134898521974, 661.7875792945019, 438.5175487769434, 31.63299121244654, 0.8234351355333729, 0.19252229725395864, 0.10607554879243253, 0.486161392465533, 0.2354052933062576, 0.031536384025798725, 0.12631841455902304, 0.30503788943326526, 0.002365033323485477, 0.3806144970060359, 57.69742991161968, 239.8078545691519, 90.63417530144079, 2.039042529444373, 0.4280230733938879, 0.2782787209154094, 1.3022017348378085, 0.5475666115040667, 0.43888505120867194, 0.06892537529358833, 0.10704121993569515, 0.9670199407109976, 0.040828347245906116, 0.001450542267207311, 0.05165567219228251, 0.7369715951019771, 0.005727724311213933, 0.07596564138452777, 0.2530943375819561, 0.647488148976322, 0.34984622020886036, 0.015954034469018552, 0.1158480032628404, 0.031141660674848026, 0.03107791032937257, 0.06965203534423381, 0.7696094945150662, 0.015711282825236594, 0.423405584502234, 0.16148508788251092, 0.03545234238936246, 1.1292545164203602, 0.022677951392779505, 0.8312266877599086, 0.051286218084442226, 1.5107714879245577, 0.031194978810844987, 0.6410337411023193, 0.2928314044575018, 1.3600726872880387, 80.53516043881041, 911.3178657808808, 1163.6517196624345, 195.53217215537802, 1.2716913968639574, 16.836873180316047, 36.26334755759012, 0.0027685188166515218, 1.79639410311961, 8.18235369262436, 2.681229919561133, 1.3884642426172604, 1.772935962257634, 3.4744004036587057, 6.121375366417396, 0.18722716854756527, 3.2287791624103193, 5.87283801589399, 1.2336579801736889, 0.6790835474730557, 2.929482571293306, 0.34880796859522434, 6.036461201724023, 4.914092027460356, 0.06525750321429769, 0.14771471196809216, 57.60003612682249, 279.4892710388456, 112.72908816886002, 96.96089769968785, 482.4582352083603, 127.36143549140434, 0.26845097733780676, 0.6336291352005219, 1.7132187604343017, 0.5454416636755468, 0.31702181794560147, 0.4655126593256682, 0.0, 0.322208689667832, 0.15970733871631637, 0.1819831030173873, 0.29294853752560357, 27.83892032974427, 264.2185522518248, 266.7204958694515, 17.773771037858523, 2.5803946393266415, 1.6720064728801844, 1.468498327317775, 5.288395859260618, 11.083068448125687, 1.507577615275295, 4.930561702660725, 0.9075622034258686, 0.12070322774070519, 0.23277762838665694, 0.38432345837077264, 47.814794219116266, 434.151931911073, 414.3806560893004, 51.14309773812715, 2.170738910092382, 1.8956580024553205, 1.7457372360993304, 0.1297918354559897, 1.87908576084169, 2.3800196291232396, 1.035154156494059, 1.1162280699660414, 0.4521802062313327, 1.1655946317069947, 1.1016001520735017, 3.0766259995289147, 1.27442127949746, 188.97144218176004, 894.7067802380832, 529.3142677609926, 19.317466037649865, 0.7335526566944282, 0.18377772698590888, 9.545112934677036, 4.412260417252355, 70.07203492062695, 23.107463299096253, 0.03197791051252352, 0.2038432013455349, 0.10029869422169213, 0.5080740394971599, 2.29547611925841, 1.6119625217561406, 2.0122711945210767, 1.4089890872739943, 0.2581065556755675, 0.3801100282637435, 0.018677317796573334, 0.136348008263667, 0.018677317796800708, 0.22875329568478264, 0.2824552095976287, 1.0553171669041603, 0.09792663870780416, 26.108015565618643, 32.85427611075556, 3.476328586453292, 3.6752377102543505, 8.386515075559146, 0.0002350463234961353, 19.334393663553556, 82.62580086393882, 61.93966935784613, 1.6486976139154876, 1.2639660209134718, 44.892356052566356, 172.28682507680503, 53.15201254854469, 2.897596489232683, 5.172106052995559, 4.694309243516727, 3.2648715995400153, 0.36884773984684216, 0.33675700626645266, 0.5977267990949713, 0.05304414070531038, 0.19732900420478927, 2.0642260683083578, 5.159410392494351, 0.04291384020825717, 0.23177436466835388, 0.14273295837313071, 0.17049261716795172, 0.8363744382772893, 0.3638300331542723, 0.10993552825050301, 0.014744390850864875, 2.796599388339814, 49.374373842970726, 668.124633974634, 862.5408866520427, 159.82547907715139, 189.23771064682705, 1042.3878584848442, 806.0100569935953, 52.57743259302515, 1.1873984526442882, 0.33750667133620027, 1.1530401055206312, 0.08315111190756852, 0.294303688239097, 0.53387022681909, 0.05016633420996186, 1.2085964977416097, 0.2161254315719816, 0.05087553952819235, 1.281042996140286, 2.244947039091585, 0.6574574429795348, 2.596631430716002, 0.031095071194158663, 0.3173722277597335, 0.00025781658905543736, 0.14878452233631378, 3.5828845456107956, 14.549780153599386, 11.801920568472042, 1.201898388476252, 0.4911480742207459, 1.0911821818068574, 0.1345538885100268, 0.8821784019518191, 0.03703575050155905, 0.08845753420030178, 0.004886391825721148, 3.5400337306487017, 2.111395804236622, 1.9343886163327397, 1.9129054796071614, 1.7023436572800392, 0.060356889110835255, 8.37741981103477, 0.3615435586706326, 1.70955653622741, 0.6879788140862502, 0.019989886564189874, 29.09593063179466, 76.70389065886968, 14.231174277904074, 0.0017642535621007482, 0.0070442416986225, 0.2510968731793355, 0.003949870609631034, 1.2886048336358726, 0.3480117387783821, 0.6096480202720613, 0.004041008453896211, 0.4840665487761271, 0.1604624958063141, 0.06462662543685838, 0.2566168319466442, 0.5881719853041432, 0.181867859517979, 0.46559214367107415, 0.04567978674299411, 0.028564789104962074, 0.8241713867028011, 0.007102093939693077, 0.0990155303679785, 89.70459423872126, 471.916200907973, 281.5834327313155, 12.480096091563155, 4.453812920797304, 0.12389236227875244, 0.9380082663548137, 0.022241097645746777, 0.3421483247886954, 0.9644268470494808, 0.0001865873955466668, 0.7397026778480722, 0.10694349251775748, 0.014882833717138055, 0.4946092336667789, 0.2529269936894707, 116.47248078106782, 763.7655648366103, 664.315145352964, 4.760142417396764, 188.75354225532033, 106.19218837987967, 5.734701890938254, 0.023222932621592918, 0.05229092836225391, 0.0014568964248837801, 0.05229092836248128, 0.2256885994277127, 0.07048572553799204, 0.0057156462917191675, 0.04346557595295053, 0.1740577245490158, 0.043465575952836843, 0.009081670641421624, 0.4188462244243283, 0.023222932621365544, 0.10538050092065987, 0.01777338407168827, 0.10538050092065987, 0.029358493445215572, 0.017934779691358926, 0.017746762053320708, 25.91982803031192, 163.99045192077597, 133.24075797482305, 8.541233186803993, 1.3727087655104242, 0.05366518135951992, 0.08482994175574277, 0.37193547592175946, 0.23162594976372475, 0.30999102048872373, 0.007703751270014436, 0.6237366238297, 0.862879002419163, 0.05429109899796458, 1.0336412660009273, 0.13228006504596124, 0.3744400448670149, 0.7980493087803779, 2.139381832337449, 0.0345158141169577, 0.7583400640774016, 0.9276800909674421, 108.35105551038623, 359.38707960186116, 70.76042627985225, 0.0037150008306525706, 0.39070993687505506, 0.3663691628853485, 0.6806003858853273, 0.13123021969215642, 0.0253918116030718, 0.6421766722049824, 1.9232811349652366, 3.077928355504355, 1.392563999392678, 1.6153589484399618, 108.88708017653312, 267.97801497053865, 48.741876054550175, 1.1211075322439683, 1.1538659144509893, 0.7347902538058406, 0.6638642282050569, 0.00020673960534622893, 0.02073296208118336, 0.1284815469082332, 4.291920639057935, 1.4169275001042934, 2.5528536522115246, 9.919133837685422, 5.36375644227769, 6.394502930566205, 19.485647546973496, 0.1351093423513703, 3.659936368100489, 40.47237034656564, 131.40928393283366, 35.471307843905265, 0.029801257334611364, 0.010728441749506601, 0.05833815019116173, 0.40409981205198164, 0.023938444956570493, 0.18380651797997416, 0.52668842355979, 1.1996303328360227, 0.0003024209238446929, 1.9241859965532058, 1.1766762366444254, 100.56013837109163, 552.2738378369625, 232.2508109798307, 6.023310043390666, 2.149560767625985, 1.2008060927355473, 0.052315980914272586, 2.2823574895783167, 5.1765620052992745, 329.31076660730014, 1169.043637599049, 487.06740787421677, 17.486056357275856, 0.6495597976967247, 0.7178368864480262, 0.2509923385435968, 0.3536246263773819, 0.014155401839616388, 0.5465188118785136, 0.02506680218937163, 1.3267657358603628, 0.3706926058954423, 0.8134203696137092, 0.20296947200154136, 0.4742361304819269, 0.4227584340936801, 0.0932836090589717, 0.44010739261750587, 0.2260234112134185, 0.00017436692485262029, 0.7181059444661742, 0.029534124758583857, 135.54072485008692, 1034.9053439007816, 590.465389844117, 0.0466746467154735, 332.3435000080224, 499.4644892704139, 70.32354969302287, 0.0340910633783551, 1.7036466151378136, 1.0198226170952012, 2.5493127675244978, 0.24924813865391116, 159.38243616142972, 609.3761425885712, 167.68456019370888, 0.03273781811651588, 0.784692735194767, 0.6109076061950418, 0.36181812056099716, 3.1477599093258277, 9.846994923943043, 5.708628571153213, 0.22688978169321672, 0.0005610331174921157, 0.013977755440805595, 0.8351963954529538, 0.027209825534782794, 0.8351963954528401, 0.013788611751579083, 0.055815554096398046, 0.004958303944135878, 0.00498638994099565, 0.349855067451017, 1.255307549727263, 0.020514783752560106, 1.3085401895153836, 0.5058246036195442, 0.00885967792999054, 0.1808445693716294, 0.06757544990989572, 20.25973925817152, 406.50737669653154, 719.8970822572148, 111.0253819344839, 4.1145421893215826, 0.05844348394202825, 2.519358716111128, 0.02582570298227438, 0.20661220363763277, 0.02160561758955737, 0.002843385182586644, 0.04575470952886462, 0.15915570902825493, 1.0475232280309683, 0.6189789183040375, 4.537306599757812, 0.611757541320685, 0.33933779396147656, 2.6737016527190463, 1.6734062771940899, 193.3540121427784, 437.7191050826202, 111.84178815728887, 1.4105412873000205, 6.271992120497316, 0.0003914610776973859, 9.422322379155275, 0.0, 4.355842011120217, 5.293034853673362, 7.139532842073777, 2.5610402228385283, 0.460927326054275, 0.016417118660115193, 0.08556338580206102, 0.5983083809820755, 0.01207413395468393, 2.098887408305359, 116.83428097125602, 223.62942672620886, 52.656125890201224, 1.505624909916719, 0.5448785959300722, 0.04750779028290708, 0.39418633899879296, 0.2159990412598063, 0.8543281659791546, 1.0624089399289005, 0.08648980857560673, 0.35185466642940355, 9.729389952346082, 60.6482078280776, 130.32971036323204, 42.42742987572808, 0.30407788633021937, 1.6928919486763334, 0.1956933183170122, 0.24528533050738588, 25.319946220112456, 11.887149439997984, 6.0319597884295035, 6.057682115672151, 1.1448025756193374, 6.776938642331402, 1.9980028048055374, 7.553418009870597, 529.1000755579723, 1106.346657217705, 171.18577962575978, 0.1322147638492197, 0.022942756775819362, 0.05864852270144638, 0.23619117552891566, 0.12098764065058276, 0.29864014501765723, 1.4102247178375364, 0.2822107978489612, 0.008493155499536442, 0.00023228872430536285, 1.5525201378786733, 0.000232288724191676, 1.439942346873977, 145.45709368446182, 800.4678384645401, 369.55535161322246, 9.750701891953668, 0.2864829100780071, 1.7676553420492382, 2.935801915466641, 0.8315705715614286, 2.6443406069003004, 0.5604240683971966, 0.20802554964757292, 1.6467130271594215, 1.9613464855129905, 193.87744426178642, 804.2378002227629, 393.78953015577554, 30.858736741393614, 1.0040944578274775, 0.2901375945837117, 1.2200728278022552, 0.8363101877268946, 0.0034347626345834215, 0.9467276044387063, 0.6879672986359537, 0.02584058452498539, 0.13139770280099583, 0.06874303798826986, 0.0008452638427343118, 50.388746026719446, 400.23798956162864, 313.52836281823875, 17.44935458216935, 0.0652647139097553, 0.4194146064234019, 0.04364135653554513, 0.01354415958132904, 0.09085428843332011, 0.06497789324259884, 0.03431182478630035, 0.3382393867375413, 0.0346155711395113, 0.23918909192207138, 0.09115506790180916, 0.00855915714441835, 0.10577680842766313, 0.06497789324248515, 0.26005913804749525, 0.13709820920132643, 0.0021258252044162873, 6.582041857868944, 66.89852354246693, 79.01387904107571, 10.06822294840481, 0.035561906280236144, 5.182445587701977, 24.355782529507337, 8.85833256809076, 0.24087767508240177, 2.4626908767065743, 0.24761408864219447, 3.4931303815159254, 1.450036145298668, 1.575614101272663, 1.7451388775210717, 0.6164170979070605, 0.3497855169990771, 0.03497371297225982, 0.011345802996629573, 0.08524979674200495, 0.12062488358469636, 3.0008530638639286, 0.002886422198002947, 1.571029937588719, 0.04652447143280369, 0.1224023382364976, 1.2681135839616218, 1.2681135839616218, 23.184350891031272, 215.81716080290266, 256.9466773641806, 33.418651521753645, 0.7763507852559997, 0.0027902408812678914, 0.6579485472791475, 1.0248159279747142, 1.2298941831994625, 0.007489806068861071, 0.9392747913103676, 0.0, 0.1890149329773294, 0.06783147387398003, 0.030100044014943705, 0.030385542198928306, 0.007560523960592036, 0.5306464780451279, 0.06847583612511698, 1.1636766761840818, 5.422704237939911, 25.535664598756057, 0.1248700821076909, 244.56095826410433, 575.825756527628, 120.02516069721969, 0.19375242130729475, 0.8276193673001444, 369.5407962314414, 784.0418031823024, 93.00312515409087, 0.1374596191069486, 6.73170936023871, 51.98638487203334, 65.02887158542762, 3.3074922369851265, 0.0007097683542269806, 1.822281287430087, 0.006378246025064982, 0.7038837326696239, 0.014310427642385548, 0.13996397794539917, 0.7544292096284835, 0.006385497171550014, 0.5217802876403539, 0.11126017389869958, 0.004431853477399272, 0.08620897338028044, 0.37877361550533806, 0.008679859563585524, 1.6341549567014226, 0.034765515965432314, 0.2949833179483221, 0.014380995162127874, 0.482922452814023, 0.1942294751722784, 0.18358011078362324, 8.263292014784838, 27.935133780297292, 3.773286742287837, 0.7201681690314672, 0.005657974155383272, 0.040439766839881486, 0.09098961076506384, 2.0994421313728253, 9.691569166671798, 0.21222291993217368, 27.40891091461299, 5.864211453987764, 9.212814662421351, 7.869437332384905, 0.11910282371718495, 54.9642730963817, 679.532887940187, 1303.0454343338174, 348.5156159948872, 1.0857658069743366, 0.7296099302012635, 0.08222748929244972, 0.40565040034221056, 1.5785934571581492, 3.4084276821570256, 1.3590825457838491, 2.3239028110623394, 16.12500616672162, 192.55373867507672, 222.31826379135816, 25.42677143824153, 1.5675043864894178, 6.078066974739045, 1.04267369852937, 0.6546306566226576, 1.485560307518881, 2.6168021900598433, 0.014052890526045303, 1.388641537004105, 0.42053877998512235, 0.579561905651417, 4.132312344843058, 1.7284340280835977, 6.34223134709066, 0.44061763121874264, 1.5699851201757156, 0.2568505476920109, 0.03173403873017833, 2.1068121365950674, 0.06631787188996441, 2.908742351159617, 1.1256757989750668, 0.12398007153228718, 0.5538815943856434, 0.00038554409354674135, 1.2369850151991386, 0.5776994415303989, 0.19873508449393285, 1.2428467674461672, 1.5426586320847946, 0.03158089104363171, 6.887214719651297, 46.90154117281065, 66.11369113075773, 15.904594730979625, 1.5075664325595426, 0.13675502463809153, 2.0279223226275462, 1.3582367700716986, 4.712452705306305, 3.8473720237335556, 0.05633445008572835, 9.697866266522851, 51.095771853849556, 17.918774046055205, 0.07269066896049026, 0.48161964793712286, 0.13743919833132168, 0.14691671265075001, 1.9619275244427854, 0.003203271197662616, 2.125487617744625, 0.5682971696965069, 0.10888893517540055, 0.19534157117436735, 1.3012555620676949, 0.07319059929966443, 0.024240198745133057, 0.009960115751709964, 0.5074133891130259, 0.3718409005949752, 2.048091535300955, 0.01988531595816312, 3.3086438916108136, 63.38382092498705, 444.4734657259278, 675.8219782923738, 138.40708296530397, 1.35357154733083, 0.08121371129414001, 0.317533034531607, 1.3690691779822828, 2.5276399990139, 2.264580709876327, 3.1431734934297992, 0.6125114433986028, 0.4149245466269349, 0.1364645365913475, 1.6296189482770842, 1.3344560386032072, 2.5173262422899825, 4.995715823357386, 0.22103655125386013, 0.549892473402565, 8.878417417068249, 531.583227743914, 1069.7153208010134, 167.12609577986495, 1.6807093025329323, 0.5433435395400465, 0.720552618845204, 0.0, 1.4928627214686685, 0.012073504899717591, 1.2690372809581731, 1.1608479721335243, 0.16611379297262374, 1.1608479721335243, 16.71796703262885, 46.370283188490134, 26.216765976220586, 1.062523586923362, 0.8072798134993491, 0.14949076782750126, 0.02869595728020613, 0.15964203600822202, 0.046774271694175695, 0.6678564501108895, 0.09531444301114789, 0.002170106233961633, 0.04663389368647586, 0.0960359535384896, 0.3122621961811092, 0.00023894329990525875, 0.01553021219240236, 15.777437980993454, 383.79994810778817, 1370.8217246285203, 439.8760587291131, 3.804209504872233, 0.7250660469583181, 2.0948111032244014, 1.5043751678219905, 0.5132556138113387, 55.96657671560729, 1158.3073704092287, 1889.1404513132925, 294.2812317836697, 0.4197051315477438, 0.765816858722701, 0.00598336214113715, 0.19030099790609256, 0.09522470542708561, 0.02805357157058097, 1.416409291154082, 0.150550696394248, 1.4781341243329962, 0.05431497289589515, 1.178241787158754, 0.1943500616645224, 0.5077532300440453, 0.3103570111169347, 0.05979736506537847, 0.016626383538323353, 71.43064287859352, 499.1193824609261, 399.169370775189, 37.15870405748706, 0.3714500622053265, 0.08676367740565638, 0.7668417820277682, 0.35382177998110365, 0.2872559173111995, 0.09020975799296593, 0.21762125692066547, 3.2181124089028117, 1.3135009155862463, 0.12295090735062786, 0.09597490603653114, 0.0832757799656747, 0.0836414384833688, 0.010710815236961935, 0.015308860371646915, 0.664562933957086, 1.576580510872418, 0.8064338264543949, 0.8159470623643301, 2.3561931573389074, 1.1067663791171753, 81.86288861865046, 311.2741503250452, 117.28705433046548, 10.362822410842455, 23.068192665809192, 226.72307893950915, 79.63339694021033, 2.670071944339952, 0.835810275980748, 0.7187142351230023, 1.2459207612802174, 0.04950082672746703, 2.1572851980251926, 59.94222360039021, 241.7042271457699, 80.7006695474006, 2.5867194156294318, 0.050102720853374194, 0.049915960819816974, 1.2361711878205597, 5.461742393725899, 24.85522497219563, 15.493032968232455, 527.6803489948763, 326.11323313360435, 2.2984782928551795, 0.009646286650649927, 0.9432732909549486, 0.4392349581189592, 0.32737533403235375, 1.8343431070202314, 0.39813384967305865, 0.14189168797065577, 0.02464545411078234, 0.03147959881903262, 5.167216415831263, 17.38655222272814, 2.3370692257001338, 2.3799904050590612, 0.35089302803601186, 1.9992725800534572, 0.10010224119992017, 1.259043419581758, 0.022021394659418547, 0.8641408366823953, 0.011245781349657591, 0.03705274882906906, 3.968059853577188, 0.15011609024281825, 6.555112515365863, 1.8573679116567519, 0.17674826301072244, 1.5747879036110817, 0.2597079584734274, 0.20718301647218595, 4.034061680780496, 0.011893954799802486, 351.4461778998741, 961.5134270142613, 159.53073164934995, 2.3375349258303686, 0.010606833393921988, 2.9561709276026704, 3.8314066775592437, 0.0006434593271933409, 2.048186936815455, 1.0976258630046232, 0.6776463622602478, 0.04227702630259955, 0.7833414591189012, 167.27942894362332, 506.3954544473863, 117.02595764400849, 0.0003616368744587817, 0.22552017979603534, 0.2467768440335476, 1.387250483885964, 3.5273474595834386, 2.037019608122364, 0.03233491091828, 0.23079505090663588, 0.5402926333983942, 0.37650778673128116, 0.04683732668263474, 0.0190127054373761, 0.5650634107471433, 0.1900066163110523, 0.06751993157354264, 0.03220238752749083, 0.08981955666365593, 0.09033997481481038, 0.14434863380768093, 0.11594092749032825, 0.3823782252923138, 0.04798683933290704, 0.11433320853484474, 0.2069187190888897, 0.35418245649930213, 0.1892403582944553, 89.85373397974809, 576.424641986634, 366.511140690548, 20.078846234660887, 0.07413496646802287, 0.1291373390024546, 0.42807024142337013, 0.10286408350236798, 0.17561567216580443, 0.018300815987913666, 0.7612063071337616, 0.02952378100542319, 0.27793193574234465, 0.4928544850238268, 80.89040830043996, 373.7690871945856, 142.8709919845694, 0.017677566341262718, 2.068120069151064, 0.16058112248992984, 0.39816842234267824, 0.14752098440385453, 0.30654424998874674, 0.02762121095429393, 5.1278144098723715, 0.013522682171242195, 6.254718333460005, 0.17159425879162882, 2.6746870847887294, 0.4529496209490844, 0.013240183964853713, 0.5962322608199884, 0.19810214818767236, 0.03320138066828804, 0.143916226449619, 0.054168892219195186, 6.792969439497256, 27.196126586046375, 15.535573802697172, 0.027082081007051784, 0.08825303444120891, 1.7226194567474522, 0.09959391346239954, 4.45065862656304, 0.005472795740161018, 5.539241497318244, 0.1356670902712267, 0.5860074255444943, 38.399641929960126, 135.24532319724653, 36.214361206982176, 2.817145014988114, 85.7093024034258, 79.60440973954633, 1016.1983423672102, 279.8535527508536, 0.6109367136398305, 0.043989526029236004, 103.71466373493718, 568.0225910862923, 287.0608606508854, 8.749192099001789, 19.177238717017417, 147.74245639313358, 152.5544762069086, 15.28098103195407, 0.16447398798561608, 0.12658361014757702, 0.2981843112364686, 0.9179123940392628, 0.21156831580287871, 0.6762344586591098, 0.8265780790364943, 0.0492394693001188, 0.18827669803965819, 0.10364775197842846, 55.52078364679903, 498.40655057985373, 552.694723004546, 87.5500705389104, 0.7479344967008501, 0.0013286335192788101, 0.01636029317955945, 0.16210601862235308, 0.12003404162169318, 0.13595376445209695, 1.70690500440719, 0.0415796208141046, 1.1836285838396634, 5.489499759050204, 0.11945738151621299, 11.405757481181581, 252.28850165744507, 302.95686087016406, 35.91977379466948, 0.0006533965103017181, 0.0006527095365527202, 0.03194920370356158, 0.13788501552028265, 0.47868354477509456, 0.0026348396686444175, 0.053525849489233224, 0.22382274545532255, 0.2616359988168142, 0.16727033930544621, 0.046789276574486394, 2.056698547979863, 0.6539384624528566, 0.035452342390499325, 188.7617474844253, 1151.681248850213, 486.20301498342883, 4.657196879011508, 0.4210788133027563, 1.6379302402365283, 4.219258685686782, 0.6124269190235054, 2.8056561395588915, 0.0049583000015900325, 2.2817316000638357, 1.390856745850897, 3.1377315333687648, 4.017794840993702, 2.29251626608891, 19.832479033092227, 86.5061427180874, 44.11169652583544, 3.194020642476289, 0.17722055513047508, 0.562259357225912, 1.5727462806353287, 0.045598427504273786, 0.018654154941032175, 0.00341018636629542, 0.3229647192860057, 0.1103691001973175, 1.6984581224846806, 1.58370831435127, 9.216402355673722, 48.611890311264574, 12.434434564439357, 4.047467023459376, 5.623175714709191, 0.09992573077067846, 40.40412574227821, 189.9758106711863, 2.927644627360678, 545.7256937541272, 257.51291126253386, 3.6135214987942845, 3.5544658848129984, 4.342524539594137, 0.5626719960755509, 4.822691638284027, 1.404249100305833, 2.661255019893815, 2.680907996534984, 0.07479185220381623, 16.46055262322011, 130.90444833087724, 57.47591405586729, 0.7286176430632167, 3.971235173161517, 4.809819945878871, 5.470360180475154, 1.6112538726401908, 5.378594620615331, 2.9660514762475714, 0.004724013267605187, 6.50524447359453, 1.039169177682993, 1.9892988996330132, 0.26953770128102406, 2.2685667363590483, 0.027522256514203036, 0.014321408660521229, 0.547340362917339, 0.23117664138351302, 0.2117611455352062, 1.6375246110599164, 2.1725447173555494, 0.3016557156502131, 1.509496723216671, 28.748193678618918, 72.31019032740062, 20.827311328277688, 0.18105648370942617, 43.44922314804876, 60.68494747719683, 4.134304400282872, 4.049642871650235, 3.8053421693358587, 1.9963681506815192, 0.16961138557383038, 1.4097728456226832, 3.9345427080096442, 2.6011960852823677, 3.862644442104738, 1.7111489978874488, 1.8155066501437886, 3.06913569313258, 1.7864216397324526, 1.5965705654317617, 0.02555491328644166, 0.04283844669089376, 0.018906234849282555, 0.7064719380132374, 1.135198056772765, 0.11477074054243985, 0.39888026719177105, 0.008208568164491226, 0.002067345883119742, 0.04166544903466729, 0.012968962995955735, 0.13344143774065742, 0.13430135827468348, 0.04237964990522869, 39.319731240677584, 591.2400535429542, 915.2837248107121, 159.90321586106575, 0.08512891010627754, 0.4444505025339822, 0.0005891003079341317, 0.28899163731716726, 2.9535827184427035, 0.3066770374193766, 0.567988193316296, 0.7347235007350719, 1.9660188750615362, 0.12181635628894583, 0.3153284461873227, 1.5212199592651814, 1.6120141035050892, 0.9949541109488109, 1.4882588966938783, 0.11153310181998677, 0.5685499222588533, 0.000609061285331336, 0.35128458118765593, 0.08082738917687493, 0.0616760036841697, 0.009828929977402368, 0.08152590698841777, 0.11261056934711178, 0.11980943254411613, 0.07482697923319392, 0.8897353479057983, 0.018604391379085428, 0.23573869198696684, 0.034446457936610386, 0.7888429425961476, 0.17555810899511926, 0.11011508776573464, 0.4118656918967645, 1.1381542580461428, 0.4690024000286712, 0.01262573427186453, 235.44562790826876, 1417.0420151357894, 549.2857073842163, 0.5706491908645148, 0.02355524255824548, 0.1279056028083687, 0.01647863465757382, 0.0, 0.023905830073204015, 0.11230168532222251, 0.005988597718328492, 0.09575364388228991, 0.2887528219413298, 0.4382446952361079, 0.06414826575189636, 0.23295034906414003, 14.623251237148565, 509.51830003583405, 867.0670895610629, 6.809456588195644, 540.1547445725348, 372.4460620709151, 21.450823826594842, 0.049134203384483044, 0.12565779183319137, 0.0019773106525917683, 0.05954240902099173, 0.08307888852880296, 0.012264978928783421, 0.38835277544058044, 1.261515778110379, 0.3714774491245407, 0.18511146658829603, 0.008286928968914253, 0.46418935845940723, 0.16979335235100734, 0.05268739979885595, 0.870251074955263, 0.6734238602816731, 0.7463614271132428, 0.7916094338412449, 0.11964402777948635, 0.231730408149474, 4.13970353489708, 2.4550569573942767, 0.11060824669959857, 0.2587515145899033, 0.2161405526537692, 0.0, 0.01740763564362169, 1.9034445809430736, 0.04845077126901742, 0.3966400539245569, 0.7638702419601486, 0.4080915654626551, 0.8429981797131632, 0.004424289741109533, 0.2777019350987757, 4.67493348078176, 8.03393341429728, 6.490569258820642, 172.4069756515653, 515.4181575914945, 109.69372883184587, 10.41880641438911, 22.00781939754063, 5.47592919813269, 0.03614035167129259, 0.5253250260037703, 2.612985471936554, 0.017887183392645056, 2.0750535567415227, 0.8350754578801798, 0.22244970446013212, 2.5132990783162086, 0.10646009656591104, 3.3089746375725326, 0.46286061506020815, 0.3970258868697556, 0.04228689912156369, 0.08633929747452385, 0.18206867785897884, 1.0698909612292482, 0.0002178838635700231, 0.7619819339392961, 0.6194587177708399, 3.5302318886456305, 36.84316575836874, 154.6783378441096, 86.59775040728937, 57.4718537280412, 177.01136876883015, 112.74679837615827, 8.6062990386489, 1.2949681907471131, 0.05523714461810414, 0.6878530387729143, 0.3926368864132428, 270.66149456009293, 744.0077291040263, 146.7111683082403, 0.8903929773919117, 0.6103976770285726, 0.05458458381224318, 3.401102083548267, 4.357659385306533, 0.55896114015286, 0.004139594628099985, 1.2118206489468548, 1.3506378227111782, 1.1772621086100798, 0.7912270777683261, 81.54586260611859, 495.0332997658727, 386.10518998640055, 48.248626191683684, 0.2611828931225091, 3.1647522769289935, 0.5172612542380648, 0.0008626044123047905, 0.14681094788670634, 0.22416830991346615, 1.4975297110579504, 0.23072400723094688, 1.5700698635062054, 2.5009858272678684, 1.2768622821138251, 6.6662197951256985, 19.495900035356044, 0.6581932405232465, 1.4567617975072835, 4.277386243218643, 2.6070375861435195, 1.4825799708291925, 1.608822490064881, 3.5439483270540677, 4.966860780476054, 3.5008370663113055, 4.813876927876549, 5.496445188183202, 0.7064766800795041, 3.0023573926387144, 2.8312398278022783, 0.5600144900711257, 3.6983828914185324, 2.3087519261622447, 201.43481232256636, 674.06557622114, 207.25886076609322, 2.8850322245959887, 0.007483570547719864, 0.07509334100518572, 2.1126857581907643, 3.8843696349536003, 0.1566949818447938, 5.2360721453515, 0.30837636540854874, 6.168004627359096, 9.19794351824703, 0.0278813362172059, 13.115374665095715, 2.012086615013459, 1.7268902902726495, 0.6863226005873457, 1.437118482177084, 67.62899004238875, 597.2588840270155, 564.0504862814441, 59.3797662354109, 0.006840762956016988, 1.9355921892728247, 0.39418633899890665, 0.9535063220919255, 1.1380201152046538, 497.79885496237694, 1218.993040025833, 223.07382730774611, 0.13869461967738062, 0.4998640394873064, 0.04518541713991908, 1.8343946306589487, 0.011347696625762183, 0.9088584435912708, 0.09353031857449423, 0.0007111162206001609, 0.02967827564862091, 0.6756973071851462, 0.11900379844746567, 0.12603282371173918, 2.05950086496955, 0.04987125986531282, 0.1153965708845135, 0.11758750000353757, 4.524320461832076, 1.9281046343196522, 2.1976665549832433, 23.21273357454652, 689.8979050882326, 1291.270535203987, 275.6911698262604, 0.15100809207524435, 0.4730284805694964, 0.2113715334128301, 0.13120324166823139, 0.3479006990266953, 0.10599047018683905, 0.7322810260246797, 0.6198674062568443, 0.004449415533031242, 0.22000991424738459, 0.10975603636575215, 0.0, 1.1606427917780593, 1.3207684536687339, 0.7366368424261509, 0.9570616635520537, 0.48459580957558046, 235.05724112785128, 1140.4134055834697, 718.1729622944097, 55.53725890812211, 0.13264676955782306, 2.4463523290837657, 0.4845855723256136, 2.0808674053469076, 1.272330675594958, 0.6413662475347337, 0.2909636052008864, 2.4939121689130843, 0.03546387780443183, 47.63447828416383, 121.9449948428429, 14.643394117629896, 1.7635418137725765, 1.5133800280766536, 0.677677444595588, 0.0009502841536459528, 0.0021440293453451886, 0.5771958450524153, 0.1749819763049345, 0.509066634576925, 0.02916113370019957, 0.21564676010950734, 0.6085255158078553, 1.0696100185842852, 0.14113922427725356, 87.24129305718725, 631.7109116154545, 299.9828383029976, 4.0364631298853055, 0.04999718419594501, 0.012519103555973743, 0.019483682957229576, 0.2791437685530127, 0.13088258504069472, 0.8515000825110519, 1.1409022809386897, 0.019990051430113454, 0.08081388516484367, 0.3237977570943258, 0.0008009007369764731, 3.1972720844645437, 3.9860963455100773, 5.7519916748638025, 24.970805764660213, 83.64547753054524, 46.2381893290069, 2.6239193711467124, 0.9257994055885774, 1.1830862836229699, 0.028486393533512455, 1.7152589597073984, 4.6481576292408135, 189.92452163269172, 880.7426047280183, 388.42220034379466, 15.97774081783632, 0.23224573009576943, 0.0006102645470491552, 0.0013824219877278665, 0.29742609784125307, 0.10423257431932598, 0.104163315939104, 0.06173757410192593, 0.0814717615404561, 16.74908589558379, 119.20735534110167, 106.28934755345631, 10.670307129675848, 0.07568729540503227, 0.3713953075023255, 0.7714454534791457, 12.883310981159639, 334.92648093176786, 733.8472817118068, 179.434514819377, 0.07098967689046276, 0.04302066797174575, 176.09474788928105, 815.4495452075503, 429.031113824429, 28.612681177626655, 1.49181765820515, 0.198417600640596, 0.1469167126508637, 3.738299838959847, 0.9402237640151725, 0.7054657414935264, 18.818251777270916, 192.40960999140816, 334.5364567175384, 59.31477501556128, 0.015609305916996163, 0.22329743263026103, 6.503768123802956, 4.01001835453917, 1.889864217066588, 1.3635298832220997, 1.3015519926427714, 1.4718104976018367, 2.970957773257851, 0.21240113432077123, 0.1945742970367519, 2.246408825826393, 0.019937913395096984, 1.2508922361745363, 1.8286090404551487, 2.8834395873254834, 0.7839234319909565, 0.41137338424425707, 0.6437306517032084, 0.20245481949928035, 10.819141021720043, 70.99152537687769, 9.018495257843256, 96.49154184740291, 380.1575431579711, 200.68743281308912, 13.059129621516263, 0.13402839585444326, 0.2382737446179135, 0.028065797237786683, 0.5791781896954262, 0.08357046449873451, 0.1217500515122083, 0.12258166054482444, 3.0289815295401468, 62.876049620998856, 93.61252685739555, 15.069191628718954, 0.21237226470884707, 89.71487215820844, 505.37193267267, 174.5778668878113, 0.19522408084060316, 37.273418609731834, 182.18720842271114, 64.97975587604628, 0.19461922072014204, 0.32264114975396296, 0.8252280949470787, 1.3788129070978812, 6.380671816755921, 4.676460293491573, 0.1421734100147205, 1.046693725854766, 2.961295875401902, 1.2984576243270567, 0.0032642339792801067, 1.639854880510029, 0.5661116562951065, 0.8507668795280097, 2.0295996509528322, 48.43351006668149, 31.073200185313226, 0.2785478797934502, 0.10973131553964777, 0.5108369548513565, 0.15445824245762196, 0.013045843669260648, 0.48822697284117567, 0.5464477314201304, 0.016266432799284303, 0.5464477314201304, 0.04678927657425902, 0.4055318307185871, 0.004039078276491637, 0.429470184710226, 300.34745653589016, 1186.8865408448487, 339.956752302847, 0.04856033857959119, 0.02912642015110123, 0.021782216608357885, 0.8825052453360058, 0.15703072049541333, 0.8371867763327145, 0.44412558768408417, 44.79878629400241, 252.67794160073493, 161.79626409201921, 12.986848945650877, 0.629057849678361, 2.243207340447384, 0.867900593158879, 4.404605906365532, 2.906899546510431, 1.9745936978637246, 0.9726412819226198, 1.6189629836774202, 0.8534532010401108, 2.5840628454330954, 1.0145147359201019, 0.901297704469016, 1.4408590023474517, 0.03314093596861767, 2.829874803993789, 0.8685928011154829, 1.5686555478833952, 0.11688265981467794, 895.4128370940293, 2450.2312923568306, 562.6803196684123, 8.882874468972886, 0.0001538571898436203, 0.41748920376653587, 0.4871074916231919, 0.026378023260690497, 0.00015682090395330306, 0.003913914459303669, 0.005640792445774423, 0.040004334480045145, 0.09742102972063549, 0.012604568939309502, 0.07485192451940748, 47.95338919985306, 340.8657903727469, 186.35453870980064, 4.224762224864548, 0.9037452001199426, 1.1278853253415946, 0.00452906855900892, 0.135881502279517, 1.0016690465211013, 1.4966892922568604, 0.871493513143605, 0.48987107658967943, 1.004078784269268, 0.10331622427793263, 0.042129291430342164, 3.4298006198863504, 0.00029140918059056276, 3.367600392075474, 0.0011645756198959134, 0.007129295096433452, 1.3961943408236266, 0.0002855114605608833, 0.9551025971110221, 0.01822390497500237, 45.72544964073859, 199.16541628133086, 85.65930655466286, 1.3968005372807966, 14.526684642750297, 1.412892765696597, 0.12098825009070424, 1.8302620047556957, 0.6849243631392028, 0.16917317962827383, 0.06759999398252603, 0.09112318013467302, 0.0007464985086471643, 0.4639865792546516, 0.004672114674008299, 0.647210470400978, 0.2407191684137615, 0.0611713441678603, 1.6248604326599434, 0.27153858363635663, 1.522629621722217, 0.006726507310531815, 0.7902376607595443, 0.3017194954744582, 0.061616915467766376, 0.33251263491979444, 0.11869194838072872, 2.312532387523788, 205.42867465443828, 934.0012930529334, 336.4234295747208, 0.14673314809442672, 0.006013050168007794, 0.0059402794846619145, 0.06622620716780148, 0.0059402794846619145, 0.02358669259490398, 0.11035912102454404, 0.05254402957621096, 0.1280759345036131, 0.016174456585986263, 0.04198804393024602, 4.340938526344644, 621.5883205147704, 1387.920266700383, 196.93142816848263, 0.7547933280470716, 2.734289863655931, 0.34157359287951294, 3.297654527154009, 0.5469057930486088, 2.2807011181544112, 0.30242333730348037, 0.18294683861358862, 0.1826520912345586, 0.003709641254545204, 0.0005999880895615206, 156.68069206596215, 1257.4759956408564, 1365.1987773066712, 194.16112636976573, 1.276462057636195, 0.9106913843434086, 1.0580505035179613, 2.2677416353798208, 327.690500149585, 1147.9308139098507, 179.14123867962803, 280.2067285808298, 302.65793901701613, 14.646346009315494, 1.098193015110155, 0.16000218693113766, 0.0, 0.5242633117655942, 1.047970165299148, 0.017102259111766216, 2.63280335222953, 0.9865974803169593, 1.2647320620063738, 0.23853423695891252, 3.2392568683021636, 0.007783031416579433, 2.6415602273024206, 0.2763354432156575, 0.8607167848109611, 1.415867703586855, 104.95153383482909, 212.14921177864085, 17.35730012701515, 2.24144099784678, 0.8712628531304745, 1.6468167937567841, 0.0010941148063920991, 0.13231312038783472, 0.06184454230594838, 0.00992073373402036, 0.6273606624916965, 0.0011035737061320106, 3.8026104261537057, 0.046774327788398296, 2.470832197857362, 0.6054537665194175, 0.1430216266132902, 0.017268917905994385, 0.002419567511310561, 0.2781890214560008, 1.806653051873468, 13.905364439362074, 333.7892479825598, 1125.4260358278827, 351.1039429191469, 0.3984358547947977, 257.3889735224228, 744.4504733974101, 155.38697808288362, 5.655208514283117, 24.14817839710122, 47.95006149317737, 7.756078200305524, 0.41191903889261994, 3.1772924134324967, 0.9978648297981181, 0.002465280757974142, 0.4749133569843025, 1.4677373883636164, 0.4749133569843025, 2.330704739239877, 0.7190743536411901, 0.03358634880544287, 0.03384130027598076, 0.23617852493509872, 0.08096956906285868, 0.4258991283697924, 1.0972930497913467, 0.03972872844383346, 0.4175968098661542, 0.19889280384256836, 3.140645272935444, 3.5879522258187535, 0.4343363852905213, 0.0022869899009947403, 0.001022703401531544, 0.1353621418190869, 0.5118579584972167, 3.650993945429832, 0.41543184601175653, 0.9438838703080137, 0.08870782901874463, 0.015936107578340852, 0.07963639919205434, 0.012153458358625358, 5.419387136455725, 2.4908139819359576, 2.995451060805294, 8.959770956866805, 1.7228703906740748, 4.801167863140108, 232.25738888890191, 1358.9040634606629, 705.3098557434241, 2.4669806369569187, 3.249459707845517, 1.1261597827244714, 3.657468161299221, 0.5398584212725837, 7.080703075945166, 324.4193179475635, 699.6699802854957, 119.17037306558404, 2.968364991329736, 0.04668814449235015, 5.304935583441193, 3.6545160778077843, 0.728756874633973, 3.5796640711696455, 0.34880184880103116, 2.1390421405915276, 4.407519262272899, 128.5221145907226, 479.4306496256786, 129.65018115123303, 1.2724031109788712, 5.316032727989636, 2.514414405456705, 2.289622581478511, 1.323424869719247, 8.511919682808866, 1.3605234244765825, 3.8420543019287834, 2.2185794638090783, 1.128786329460013, 0.45750274333920515, 2.9250228366113333, 26.68229131794078, 62.40771343544702, 7.7951095718739225, 2.2769114905690913, 0.7573899751820363, 3.0488179127756894, 1.6474657297432032, 1.307890722129173, 1.5675785345742952, 1.1857855109942648, 0.8693762262083737, 0.15597156112767152, 1.770336844362646, 0.7060308780165769, 0.46556128495660687, 0.3929891605660032, 1.9062026508621557, 0.8162617985087763, 2.3970658705554797, 4.4181809904598595, 0.36895361197616694, 69.6736593597584, 446.7623965488592, 411.81279768487934, 61.194853827568295, 1.5481766115058235, 0.4645419134584472, 0.038539187727337776, 0.8693164206963502, 1.4056538032833714, 0.4867025553824078, 0.14871369029242487, 0.05458452072321052, 0.6088998925449687, 0.25765907132517896, 0.03850855789414709, 0.055718069363933864, 0.22305290077213158, 0.1898528761541911, 0.04710066646805444, 3.8783903049697983, 4.818366843061426, 83.69955093690169, 495.03574330351205, 152.19508853092748, 0.1631026390801935, 0.9318314581405502, 1.5020554105456085, 1.6240248982829826, 3.5253119560222785, 510.76205166013096, 1324.6792484943098, 192.91621871942357, 3.4865822733197547, 0.18841689118175964, 4.03922032297578, 14.103570752519545, 178.61602350558792, 143.82200445415674, 7.197994171472715, 0.23971777124734217, 1.205368323583457, 0.2586073981267418, 1.5562359559349943, 0.060260382226260845, 0.4081387724031629, 0.1577138377982692, 0.005728346267460438, 0.09172196655697462, 0.25879737152843063, 0.01285071313429853, 0.8951041020384309, 0.001429968161914985, 1.2842251325212146, 0.8769111225617507, 0.017056498541023757, 0.949160468461173, 0.5083377310374999, 0.5364224310434338, 4.6722148860151265, 248.78458857100577, 695.310619493034, 184.16803788689253, 0.18386749111800782, 0.14440338347310444, 0.34510439050143304, 0.20824005175677485, 0.08317214617738955, 0.20824005175677485, 0.5604827452505106, 0.21644813191130652, 0.086331387797145, 1.0071905100490994, 0.0069437443854667436, 0.001674446334050117, 0.20539145952989202, 0.1700340282391153, 0.2053914595300057, 0.015488063696352583, 502.6216076382284, 1897.7980278591053, 870.9905042439918, 61.79887313302197, 5.268600669240641, 4.16837011349935, 0.16705247872437212, 2.104882581114225, 1.6003458546329057, 0.12351108912685049, 0.794847003971654, 2.5776292672478576, 1.8845207823026158, 0.2203068614719541, 3.605606842373618, 3.125430967895454, 4.536372866360125, 64.57344125068221, 151.72104703179366, 39.76911074641066, 0.4753697867814708, 0.07980109386392087, 0.33675281324678963, 0.19083011894144875, 0.8639162978699915, 0.4020747351491991, 0.5984258994581069, 0.9854347208031413, 0.04734413290475459, 1.9788587316722897, 0.006009804175391764, 2.542891204578382, 0.000960840314746747, 0.449947344471866, 7.777510659340805, 112.8042454296617, 133.74549969816076, 5.956081908230317, 0.7133757043384321, 1.1065121891867875, 2.4588069721862666, 2.0187277701106723, 39.80073815026208, 318.70260955486447, 266.2240924771113, 29.044835995936182, 0.025373831296292337, 3.4827899997503664, 5.972984045203248, 1.7398270613443856, 11.25794020466401, 1.171040431749816, 1.6904081103687076, 32.64671132013336, 94.95883596754061, 34.66673378162818, 5.695855335980923, 3.7730106397040117, 0.0051617107442325505, 0.986050107516462, 0.9969768289357717, 0.45971378330011703, 2.3338565992878557, 0.0664744222739273, 12.617388115505491, 80.47046897010159, 85.47221425509679, 14.822833407004282, 1.983037200473973, 0.6516025438113502, 2.8618121892509407, 2.7176408002785593, 16.57964159834887, 0.17669747700870175, 8.589470363038345, 2.369808164703727, 6.876629547030916, 1.6309713475202443, 0.20133338969981196, 0.0027688215759553714, 8.838539005880648, 1.055575292852609, 1.9355754900989268, 2.626984067788271, 8.313663372004612, 0.01473516186570123, 6.390265192187371, 17.40866460315783, 136.53527976379564, 60.04867117959202, 5.89986483522398, 0.06539392452305037, 2.176674920416417, 0.4296582967285758, 0.13833316169484533, 0.5071951844390696, 0.17006977994492445, 0.41038542373121345, 3.6035067529694516, 0.18298148963435779, 10.804332107472874, 1.2711087546952058, 0.5476069735298097, 0.49339306678757566, 0.718618383641342, 0.5883048701871303, 0.016408129277124317, 0.7992159428777086, 3.3879102924415747, 0.2698971658694518, 2.466522850495494, 12.796204554843598, 353.3700337399821, 1255.0012736768606, 379.0811182409698, 2.232412109566667, 3.9214562061938523, 1.0685771481992106, 6.753514720350722, 380.3074334876767, 941.2268392115316, 174.37001006683477, 0.3083323000319069, 2.3772477849111056, 0.6180335845872378, 0.012680948828119654, 0.49900940375732716, 0.12428044826310725, 2.2421916890650664, 0.4041077682988998, 4.304292231963473, 0.19738377477028735, 142.62824719255264, 975.0446377901078, 450.76759893962935, 6.434714096497601, 0.24806242477973228, 0.09499430977461998, 0.6012069205887656, 0.7062014498756071, 0.24147335107454637, 0.471821234090271, 0.5558788490643565, 170.33352286351828, 613.8810871241469, 301.4286817789084, 42.38444555538513, 4.990551830551453, 1.5538712304686442, 0.4264377746704895, 6.52072098621943, 0.006747570879610976, 1.9747418678417716, 0.30947968613975263, 0.2586499922000485, 0.0042477146382680075, 1.196134840140303, 0.045079368584197255, 1.0563914945417991, 0.009621476954862374, 18.2279793657234, 43.34528141310432, 5.859191629383986, 0.18231879306677, 0.026267280765182477, 0.11483834701243723, 0.005407284313037053, 0.1703908789449997, 0.25170251184601966, 0.04904652531922693, 0.2371686054177644, 0.27923207346213985, 0.09486463289670155, 0.18091025805858862, 0.45778524604281756, 0.005407284313037053, 0.8286110901738084, 0.1565328085599731, 0.2777147603413823, 1.2542308285137551, 0.4620071209882326, 0.1484856409007307, 97.10503654736476, 933.0269952782514, 964.9809118480111, 119.5496834250705, 4.097657045523306, 2.191281925917565, 2.731070283710096, 0.3861527550104711, 1.8483358733814157, 1.5596167272004777, 2.9158140936019663, 7.925867757472815, 0.23758982935692075, 4.374841977283154, 1.2226487120829006, 179.5594057550818, 485.26294101742917, 92.62286224052161, 0.35103413968977293, 48.1801455847102, 149.00612662272692, 51.877147645173864, 0.06253331805282869, 1.5127098465483186, 0.7167996665668852, 36.64550024509845, 246.54327652066718, 1206.886831529634, 184.98442760764374, 3.1478853496794272, 0.008438710735163113, 0.0021312189055606723, 1.4563830249460352, 2.530065385828948, 0.367685130981954, 6.989042964937198, 2.6198893658402085, 0.4690178062571704, 0.9452516346761968, 2.1961906999865732, 2.2428644617500595, 1.2112632377795762, 2.8277883565635875, 0.0148338468802649, 0.11351026175861989, 0.47550760965577865, 0.10233967830617985, 3.0529997999910847, 2.6123346599340493, 148.67497383027626, 313.7766673249412, 0.22992509340519973, 326.41765402518195, 108.56968114151641, 0.047296127376057484, 0.03360569841152028, 0.10622804885520054, 5.584986523791258, 0.028912190748542343, 3.2268919901837307, 0.24206592548171102, 1.5241433781993692, 0.6748978236018957, 0.38670120953156584, 2.684709613668474, 0.3386578013437429, 1.126907699723688, 0.05346695548519165, 1.3334155152899712, 0.0021451037816859753, 2.0847815192996677, 0.005961609319228955, 2.2682536697211617, 0.6618992621830557, 2.9524361746406385, 0.1562260428800073, 1.8960555358939928, 0.6534753264359097, 2.066318444989747, 1.1675988565940543, 0.23584752924068653, 4.418960442853404, 1.8371410413227522, 0.5318443667032398, 2.0930910906517965, 1.7227638939025383, 0.0036994342755178877, 0.18004637972342152, 0.31909954378443217, 1.3248285642561086, 0.18570055063821655, 1.395740897931887, 14.58531747880852, 85.95058368392893, 98.1049388005647, 14.23160039083541, 0.3334690634974322, 0.35068282497036307, 0.47745299073858405, 2.7676864863790342, 1.2430635038795117, 3.2963650842352763, 0.9529987035464274, 1.8740495248273419, 0.1718815308804551, 3.1531754909970005, 75.37741996441196, 231.3430173656261, 60.49543652212583, 0.4079959427566564, 0.04333699748667641, 0.9542231050033934, 14.402119052328771, 63.8936509525214, 36.91903200832917, 9.010463081909393, 0.5954383016903648, 0.18811267264436538, 2.3970181903650882, 0.5380038444020556, 3.1833958922932197, 6.922275735059884, 0.5702378274736475, 1.0009760121929503, 1.7137525965076748, 4.554020489704271, 0.05479447420202632, 5.761232732269946, 0.061442890922307924, 2.8621081854862496, 0.012200836939427973, 1.31416474044795, 175.29811176278372, 726.6760911921431, 197.7206122263524, 0.7495348516374634, 6.817446064477508, 63.511492193618324, 35.55653941884884, 183.70865713931562, 932.570262004414, 513.2866594305397, 35.90654356552545, 0.03045507127478686, 2.266355879163484, 0.08663736510345643, 2.8248267581409436, 0.6275561696378418, 5.779673374646109, 18.657606843639314, 6.143615758707938, 1.0018595956114495, 3.6210404158423444, 54.6586042773738, 64.68059964929603, 4.986655618964619, 0.975692836617327, 0.738490666177313, 1.4431316212600223, 0.43066339995039016, 0.7578975888390005, 0.6510316583678559, 3.214732923410793, 1.6080061817704063, 0.1123860000999457, 10.315308990301219, 261.89645807397574, 891.6261820475086, 257.002924841031, 6.3463655541359, 5.086346282375871, 1.9336828846503522, 5.777246268470435, 1.6896595362442213, 0.16717968573675535, 0.8081148574351573, 0.10253945261456465, 0.0017984923873655134, 2.176126555763176, 1.5472969042353952, 3.786974921346541, 1.4250699470210293, 1.6693781216451953, 2.916562519391846, 3.3431809527933183, 5.357364283383276, 3.98473256791533, 137.08303712996803, 640.0587993643271, 158.87520947366193, 0.01939395260387755, 1.0079099325198513, 3.375269821857273, 1.3502547144069013, 0.0018469086512595823, 0.2380031413517827, 0.040073536182262615, 0.08260567063371127, 1.2614523958401378, 0.3318769614515986, 0.06807098980038973, 0.0018820711100033805, 0.7434694823782593, 1.2819042503804212, 24.52741199864704, 304.945257495365, 367.7393854783595, 42.04235570593437, 0.0004976050661298359, 0.7153024469030242, 0.0019873796816227696, 0.12823834839014125, 0.017922944858241863, 0.3314872916364493, 0.4724346516507012, 0.048644113372120046, 0.10972345272898565, 1.7538898138151353, 0.5113953793400015, 24.33276927833174, 73.54500477868862, 29.072982349493486, 3.4067081312871323, 0.1922523515991088, 4.6104322605588095, 3.569568374658047, 1.9043116692250805, 1.0936584764242525, 0.5776661634624816, 0.04943042873696868, 0.21993747701071698, 3.431553502294946, 0.0699652437124314, 0.5003341187575643, 0.008987148866935968, 1.1868879681521776, 0.1889059250424907, 1.3142947809114958, 0.017394897834947187, 0.10373778879466045, 0.03572285728159841, 108.8832091560405, 553.7854011990975, 201.93587141408852, 3.2172318835011993, 0.8465045406053378, 1.5674287557302478, 0.7467536134098509, 0.22322928060088998, 0.5105553023528273, 0.012675504952767369, 0.12155177806869233, 0.0937081615952593, 0.0002055831374718764, 2.702535439486155, 1.1369702263054933, 1.4067236787686852, 1.4077787671772057, 4.29233172585316, 0.7699032463990534, 186.11889138226206, 1205.8095495048672, 954.4318654818762, 87.34720677195696, 0.01430502726668692, 0.14908825880490895, 0.5996543141595794, 0.18163295532031043, 0.46426123340472714, 0.004457169601437272, 0.011330527963991699, 0.03996239776427046, 0.6896819688073492, 11.432644065992463, 18.204060546476057, 3.4471200835660056, 0.09042020752758617, 0.4611356341802093, 4.619160455007432, 0.017051819473408614, 2.259717150195229, 0.06094787292818182, 0.010215188136271536, 1.6809507546049645, 1.5506433936768644, 2.405316356493131, 1.1131905636914325, 0.282730533924223, 0.9967750302971581, 0.009684536274107813, 0.862228050448266, 0.07117032889823349, 0.3990618230504879, 0.39395033011987834, 6.484628270809253, 0.04323541354347071, 0.4660132252170115, 0.7272266615373155, 0.6632227870127281, 0.9827211665824507, 0.0017365076098485588, 0.22082692843059704, 0.9863014375223429, 0.5184372362796239, 5.477066057187585, 173.0083403164017, 671.642039664003, 205.48717596846063, 0.025999000675255957, 0.331269438097479, 0.07661356105938921, 0.2332355959747474, 0.23348834209548386, 0.05320374759082824, 0.8132701721988269, 2.9366843929233255, 0.0268741581702443, 6.419225842042806, 0.7784836766229546, 2.2276844977494648, 0.004744403362678895, 0.8978459328111512, 0.9499682046274529, 0.9886659295326581, 40.741681034853514, 198.54022447363934, 112.6739818313215, 4.6486994195133775, 0.03991270740471009, 2.5269278333937564, 0.046828460484675816, 5.52313010302953, 0.009955112896136598, 1.8546353258194586, 1.2199239251574454, 0.9449053946316326, 86.47444413690869, 518.1996466109913, 410.5311076089513, 58.08105165208633, 1.2021592837877506, 0.9796739047540086, 2.1541266687239613, 1.9905817818975038, 0.24863171716742727, 26.710058903239542, 956.1240337017989, 1617.7218092082373, 208.3559656389482, 0.5432023628357001, 0.024036284345697823, 0.6628691146929668, 0.032727778125945406, 0.002640439091692315, 1.1913118907449416, 0.4500649626130553, 1.428143525859923, 0.32269539788990187, 0.3995604395410055, 0.3375905494503968, 14.526760977244749, 32.10043791012822, 126.25525694881071, 317.9717799404234, 84.66949677789034, 0.21203089337973324, 0.2494116557364805, 0.07320673170738701, 0.21267809927462622, 2.8125840911338855, 0.16008196785742257, 2.877962259520473, 0.22721558603006997, 2.119130031111581, 60.06437230137226, 73.03233910436529, 5.6239035925927965, 3.5815829527093683, 0.1835671568651378, 11.885768702825317, 2.859942564916423, 6.824305203350946, 2.9177533174676, 0.09374030262256383, 3.1262761154699774, 1.390340356823799, 13.251110603309598, 37.03321955658532, 31.982945697781588, 6.309736676902958, 0.443159592095526, 1.8260669552124682, 403.82540932984034, 1462.5912154399784, 564.6893434023339, 24.406474172667004, 0.8259515512313556, 0.03388658801281963, 0.3908429605053243, 69.27307694215938, 794.0914409769216, 1191.9955882193663, 230.16721317438078, 5.138707221452137, 0.08946934868845347, 7.321886774406607, 8.47589498292723, 1.98411797927497, 4.755842835492331, 7.8034006964495575, 1.0257027161642327, 11.458725600981438, 5.4745330700040995, 0.10618896470839445, 3.70474742467286, 183.22239727260126, 343.3298124751634, 39.472559547598394, 0.0711780091971832, 0.36678755716513933, 0.03832826012978785, 0.23077047132005646, 0.00031572310444971663, 0.10286832871508977, 0.00031593019014053425, 0.34747523073190223, 0.32705992687567687, 0.02059111316975759, 0.09276522875529736, 0.6122645323098368, 0.038480180732221925, 2.1006336520165405, 7.298823136844021, 12.026271070208168, 1.7142461135852045, 0.25190832648604555, 0.45879260380911546, 0.08254127197687922, 1.1242868584809003, 1.8360463866852115, 3.1212989515180425, 0.32017263713441935, 0.5850392100555837, 0.030595972223409262, 0.5850392100553563, 1.2154519990878043, 0.6460715326728632, 1.3027860857750966, 0.5253204609526847, 0.9264866653439867, 0.22216517484957876, 0.34992118278694306, 0.006103139947754244, 0.5465237009254906, 0.33877290329576226, 68.0738168597693, 262.4696984426264, 80.67438116386393, 0.9063404594598978, 0.02962138538191539, 0.020552489861984213, 0.04030045417857764, 0.0008235329162289418, 0.5481117201416055, 1.359517478086218, 3.099758005788999, 4.921078344846592, 1.71375259650722, 3.1288292766848826, 2.5540264761327762, 2.8920763511425776, 0.2166004408104527, 0.002985993832226086, 0.07473914318234165, 0.047966601856160196, 0.20295324625226385, 0.4014418989106616, 1.1738672387755287, 1.328497133054043, 0.037349949476947586, 0.0, 0.2311425834889178, 0.8171813254464269, 3.7256274233038766, 15.311137516082226, 6.966953642939984, 4.280511585758063, 0.31624691525644266, 162.66505297120625, 756.0698863447891, 231.06832466215224, 0.0807333111662274, 0.3723012560990355, 0.11888946021497304, 0.010452729551957418, 0.3977051512156322, 0.8657620797781647, 1.520596698740178, 0.11681023902588095, 0.36301920025016443, 0.019887888524181108, 0.0016323725715210458, 21.4100821062068, 267.0859488268036, 516.7065266853401, 95.90203436330512, 1.5538691161705174, 1.8612759732066024, 1.5467253661566929, 0.314622699419715, 1.4133279092221755, 3.363924313246571, 1.6630665437155585, 1.1145727780282186, 0.582898471033559, 3.4835214342003837, 0.7837564182709684, 0.9968819727222353, 1.5342339415668675, 119.57196466574362, 484.57579218531407, 300.4079274837063, 22.223061164109367, 1.2617752829478377, 0.009684845196375136, 22.044461550693995, 42.475203863609295, 1.7643588329638078, 0.48989689101972544, 1.222695891990952, 0.8201568293766286, 3.376724163926383, 0.5063334224237224, 0.6163135416509249, 1.752632392113128, 0.5346031845615471, 4.540113847994689, 8.419416237232099, 1.5799043865649764, 7.9070775797920305, 7.213582027320967, 0.44537549316055447, 57.58181732195226, 102.64871880183398, 14.89587305942166, 3.3513121159980983, 0.012873235232632396, 3.4338036620141565, 0.4574238636964765, 0.02448256761272205, 0.12916645708639862, 0.04014236424654882, 5.320259148498735, 4.162552226530806, 0.007322484176938815, 0.5430332648070362, 4.11210418275914, 0.09751528037111257, 1.2499758609023957, 0.06166734925011497, 0.12787437821668846, 9.708104483057582, 0.32915206835752997, 13.464706667793166, 6.542608179987383, 0.3946772012625388, 0.5699612837411223, 4.318523787780919, 0.1381436684274604, 1.0397433305776076, 2.5007331538082553, 13.566636726902743, 3.8068286138280882, 5.222095859401975, 7.279569278577469, 3.620289689783249, 0.4289729712894541, 5.789710543360229, 4.392445767346317, 0.9123534544194172, 178.8524868208201, 468.2845405644066, 78.7947002035396, 152.17092135465577, 1066.5822417527368, 935.8156460906293, 98.91875931356026, 0.3310039465130785, 145.33736216155353, 777.7634949226585, 483.54190700022605, 39.558627386278204, 0.13057338461112522, 0.1444181839783596, 2.079682010975148, 0.9247606417918632, 0.5916480310841052, 5.123519472397447, 0.10815337593976437, 6.574810611142539, 33.027082827165486, 75.01870675875637, 22.892118576000712, 0.0040077248411307664, 0.19728424185962012, 0.028434365189241362, 0.29601793028132306, 0.0017722884565500863, 0.05262902847528039, 0.6627762620818203, 0.0017499705511454522, 0.13986136064204402, 0.8691639509123661, 0.5248500538790495, 0.869163950912025, 0.1877824335842888, 0.794318799012558, 0.0038627014495205003, 1.258857999165798, 0.6981408516455758, 0.23154178499964928, 0.6639663217200678, 88.04207558714143, 315.47490045972063, 98.92107641144207, 1.585248222065502, 0.0008602516586506681, 0.06242278150398306, 0.5887652544183766, 0.29938837546944796, 0.005502781643031085, 0.44203595572264476, 0.48043031260260705, 0.021555280441248215, 0.010526126030868, 0.06996669144120915, 0.10432789417461663, 0.02617127789233109, 0.062365864279172456, 0.07019082500619334, 0.08637868687969785, 0.43600505557685665, 0.16899437080655844, 0.16604380828800913, 1.0925777088032191, 0.13228006504664336, 1.6006218505776815, 0.46524563879438574, 0.925488068099412, 0.28768728808495325, 0.03022685796508995, 0.8033446691133577, 0.8765730650934529, 0.07473132995892229, 0.8765730650935666, 0.1011021273696997, 0.5626062344825868, 1.3862441700599675, 0.0032883962830965174, 2.154393518828897, 0.07443765596656249, 1.9904677107080033, 0.010130242056447969, 1.423058939310522, 1.4986077151670543, 14.893142317678326, 6.278687410820339, 0.4277786454131274, 0.32868689021165665, 1.226201135526253, 1.2430556851563779, 2.7593330040415367, 0.536106402177893, 0.030667332486473242, 0.01854451649796829, 1.3364687589653386, 0.0974652404884182, 0.9880746909489062, 0.44464538626516514, 2.8332893010644966, 0.06776209653003207, 2.0720927224809884, 0.5435592670517053, 0.14510296645414655, 0.25065656596950703, 2.015671988408485, 172.8665911751093, 375.44252092967804, 74.85088136382114, 0.001511498757508889, 1.0464125029748175, 0.25268645961921266, 0.8930401898343234, 0.08374759243270091, 0.35991578359892173, 0.05416054284216898, 0.27260328119723454, 11.003290146834388, 221.81955303646623, 380.83100225810347, 65.66436569776897, 0.5814379941900825, 1.3741115660975538, 0.35498262388057356, 0.16707612241123115, 4.409696777182944, 8.424594926774489, 0.6805970177015297, 2.391755224721237, 1.409061593240608, 0.484871437266861, 0.46868537334989924, 1.197078973655266, 0.8836144451539667, 113.44302864297197, 279.11251089268035, 57.626843900256745, 0.016888209663306952, 0.73229056576929, 0.9272554241661055, 1.1035941613807836, 1.7168843700707157, 0.5206636971989838, 0.0, 2.366409895218567, 0.3171307909568668, 0.3267269690268222, 1.269567838756302, 0.9152023490220245, 0.7555119060020843, 0.28510281855528774, 0.28298134709598344, 20.318127653020838, 164.76657346233253, 140.5459592187051, 9.20534812704011, 0.751010075386489, 3.3355120893735375, 2.467139728707025, 9.807375016213882, 3.718480604798515, 3.115584630984813, 2.636963379113581, 0.8777747988577858, 0.06902529341971331, 0.8777747987621751, 2.5809321815995645, 2.1536243378795916, 1.0790519817641098, 11.114337755317706, 11.210331473042515, 1.0640490597886583, 0.5217970980341988, 2.054665875792125, 2.9104059947635506, 1.7492819654626146, 2.532289549318648, 1.747973828117665, 1.008587657415319, 296.1548857691994, 1355.0714509907207, 775.9077986092295, 87.68826760191905, 1.2404146337730708, 0.13319969307212887, 0.5746800547103703, 0.6490801702570934, 1.2570643159958763, 3.4550883961187537, 1.3166941222482365, 0.8750923000484363, 0.22245399177882064, 0.04966946963645569, 1.1355922336290405, 0.09159133795856178, 0.20183296630852965, 0.006266696688271622, 0.038927711406813614, 122.35248725202746, 1095.443874357686, 951.9229004679717, 144.42010799876698, 9.078770640166908, 0.6118570149310472, 2.8899228789208564, 1.1904198644548387, 1.8458346075655072, 0.20547275609851567, 1.6824388366246694, 3.671485795571016, 2.826745230677716, 31.393687645328782, 62.74461184662982, 6.533392621643429, 0.24520087865892037, 6.239806896219761, 3.8740061495913096, 0.5328932947267049, 3.874006149591537, 0.5157600168288354, 0.006021244921157631, 0.9436660741974947, 28.446612787518234, 295.1944084028422, 199.75769915764806, 504.69391476847386, 2134.557123137938, 831.462524561533, 44.446792992055634, 0.7169171497982916, 0.45444420292869836, 0.44022536647958077, 5.829438531501637, 0.11493434574845196, 3.498714595249112, 0.14156967673602594, 0.9631157467865705, 0.010701942163905187, 0.42405824759816824, 0.0015036122190394963, 3.8349721532135845, 0.25603834362709676, 0.049451130988927616, 0.2305343367140722, 1.337774491093569, 1.1904692440425606, 0.008133870789151842, 2.229446064929789, 0.08734615376511101, 1.6287614685070366, 0.04738247277202845, 0.3483381110956998, 0.27677625572971465, 0.04260916477937826, 0.6035099950308904, 0.037456141359598405, 0.6650125111746092, 0.7096911903249747, 0.008128081514655605, 1.3545209780306777, 0.28124682421685065, 1.0953855809815423, 0.02035376214473672, 0.11397936483263038, 0.08093361412181821, 1.2223202979751022, 0.19138282630945014, 31.94419981580222, 143.7490976301773, 70.12340272757183, 3.3163273168040632, 0.48588418671761247, 0.32663424520592343, 0.025323347074049707, 0.08204785542818627, 0.030471381386973917, 0.025269683979331603, 0.2758476024665697, 0.004058194507479129, 0.006397038957061341, 0.00912608780993196, 0.968841381748689, 0.16992380483497982, 0.7062919213093437, 1.319141715600722, 0.030945110563379785, 0.7455761859484937, 0.14679833831394262, 0.17155123718055165, 11.034871075953788, 69.3001278871377, 58.50364430746413, 7.533481429812355, 0.39215505074776047, 0.1678890624482392, 0.8410058038250554, 0.09726781486847358, 0.43786080322024645, 0.695195719189428, 0.2568505476916698, 0.9048597315974121, 0.2007599510570799, 0.03856986558218978, 0.18375386106527003, 133.61823762135714, 341.2027460391314, 49.99692565896203, 2.183771679990514, 4.409745472948089, 0.1839127004218426, 3.349986953980533, 5.4274367883072046, 2.816790268793966, 0.05990520155592094, 2.629755306175639, 0.7847519659835598, 0.8610585805181472, 7.788523757851976, 2.5757911589180367, 0.7901037260072599, 0.6026878958505222, 1.8597526748867494, 0.31978757776175826, 3.208350519515079, 1.1326895134235428, 0.02048115416425844, 0.05220526943526238, 0.4116231503214749, 0.034441287186837144, 0.06547798288795548, 1.0432150363052415, 0.1363811684934717, 0.16769632485227248, 0.0032073575475806138, 17.357944128997588, 245.86571242390346, 391.0593289877372, 80.82654320334746, 0.15482758076154823, 5.191695002235178, 1.9257348889752848, 4.070763335931019, 4.4150629146608935, 1.4591985488513046, 1.3046932982449562, 2.243593071333521, 0.8628864316244744, 0.5356159738124688, 3.956488332953654, 2.3887981019761355, 0.031863051148320665, 1.7958328099158507, 2.850042594277852, 0.040425553735644826, 0.5805209857539921, 0.04042555378725865, 103.32588841755705, 682.169448371998, 547.3443433263114, 48.24960498547648, 0.02614063298210567, 2.3452416705652013, 0.8161330148952857, 0.4075771904441581, 0.0013612171917429805, 0.11131265757830988, 0.3365232627684236, 0.022129759215204103, 1.6896956759934483, 1.5033818690162661, 3.130171143640837, 1.5960316488751687, 0.5512425104208205, 0.02219595707344979, 0.2016404056855663, 0.31043063054175946, 1.1149833062680727, 0.8666186414883441, 4.798453545698749, 11.117605891700578, 7.389243606929085, 0.2755461551674898, 0.6829062444355714, 0.7922525742039852, 0.19784169374042904, 0.6158984616982934, 0.0996366923941423, 0.02088804875177175, 1.04202753375489, 0.3459963106588475, 0.10505758384942965, 8.75449888511639, 14.20324649069039, 0.24835624529077904, 3.9213221465679453, 0.12145033651586346, 2.0309629937055433, 11.797427413844161, 54.26338164154322, 7.174601486552774, 0.04806247065289426, 2.038109969680363, 0.25810655567602225, 0.956190569862656, 2.8950045105034405, 63.40588964286712, 597.8218641231883, 386.7302205998817, 28.44503602280315, 399.9764510802877, 164.735005606198, 10.84693788364143, 0.2090994759178102, 2.8404304537168628, 0.5463551738888555, 2.8404304537169764, 1.3211150324439132, 1.3878272628846844, 1.76376458634968, 0.2245092932927264, 2.1297787556245567, 1.3677719334526728, 0.3890768816683021, 0.12155557811479412, 0.6382480009345954, 1.4178705041326793, 6.8920741927743165, 14.858557206949627, 15.071540404577718, 2.6119597173906186, 0.20837149241833686, 2.9879076840188645, 0.09618670091776949, 5.1138710248692405, 3.6854762068062428, 9.628091175025475, 0.09128269929624366, 1.2287600206122988, 0.33983525203984755, 2.2814888281711774, 1.9371098254753178, 1.0574954965472898, 5.5863687191038025, 0.03079655760689093, 4.0996635700075785, 0.36489984248260043, 2.987652736484506, 0.1702828424577092, 4.0104133768159045, 0.15958480964150112, 2.0205234597267463, 19.66851531015709, 40.19509304127064, 9.443067363218688, 0.00020388232519508165, 0.06584467810296246, 0.07392107710961682, 0.07395315873918662, 0.01005976755050142, 0.016694751466957314, 0.28290560970845036, 0.07424311770137138, 0.7900604421173512, 2.5859631847673654, 5.173905824898611, 1.4203311407288766, 0.27948653020825986, 2.7161756208084853, 0.3062386984568093, 1.475283221341897, 0.005262904784558486, 1.072485308015871, 1.5155069613254, 57.431660879693936, 69.14241799537308, 25.271425031158287, 5.1587985803819265, 0.015201119522089357, 0.0028174765486710385, 0.35553280680460375, 43.11868777705422, 113.48638280388377, 23.81140536424232, 0.01360936979347116, 12.994276281865723, 49.98077248568882, 19.843408531117802, 0.15431149686878598, 0.45890666534273805, 0.8250075745515915, 0.07526704652013905, 1.338258843347603, 0.02061379391693663, 0.7169171497980642, 4.674959298617523, 1.7468478576861344, 4.396884578432264, 3.8377056013991933, 1.5754061357044975, 1.578239065438538, 20.620041517630625, 139.68278063877256, 111.64566331980404, 7.859847009067607, 0.002344399102639727, 0.4808676152172211, 0.00416895747343915, 0.5157043943281678, 0.6089822783014824, 0.0024291249237649026, 1.225492027983364, 0.006762833808579671, 2.7583128611838674, 0.8661947615541976, 0.012904688172056922, 0.03766449901945634, 1.5985722735463241, 2.0687332918732864, 4.7654260800961765, 3.6277559763295812, 3.9368632411824365, 20.97669884222887, 1.5878295160448488, 233.13865048745174, 297.46983307615756, 37.2215229686492, 0.34145977492789825, 0.35454952513578064, 0.0, 0.36953777666553833, 0.7429419983745902, 5.317795142064369, 15.272677949995114, 214.56350913368806, 218.59120776593977, 29.143986215110544, 0.2539324565902916, 1.3103448584107582, 1.6686226109092104, 0.45492062009986967, 1.3867213231394544, 0.6089822783013688, 0.3220893013640307, 0.6089822783012551, 0.17730042765788312, 0.0002607732335491164, 0.10508420400924479, 0.6607896776172311, 0.009421270829875539, 0.5843564253042359, 13.494383154323941, 59.51501465195861, 24.247562666012414, 1.6931968031406086, 0.5332078999681471, 0.019661242122765543, 0.009544329498908155, 0.700508546204901, 0.007010709110659263, 1.6945888040124828, 0.2138000061393086, 1.2886877712761589, 7.223002819316207, 9.026212315003022, 0.23513279528106068, 0.011313410025650228, 1.4664110749604333, 0.38647841058923404, 0.05014900035166647, 0.008487006943710185, 1.123739932289027, 1.6573890678096177, 0.05134898039023028, 0.0864721119147589, 0.20342755338072038, 1.0130309332804472, 0.21280738188738724, 0.19864227990433392, 0.049724346509151474, 0.024644504915841026, 0.07534966307321156, 261.4727871822379, 1953.6220792127606, 987.6507096952687, 11.664254065603473, 0.17221982068417674, 1.7782420667618908, 1.0905447624336375, 1.5183559788954426, 1.7688330319185752, 0.8493625330673922, 0.5948055520425442, 1.3338939585406706, 1.9082645924693225, 0.4251750946584707, 0.9757874973031448, 2.368052911524728, 1.9548680072501838, 1.0140141097192554, 1.9720100482898033, 1.4689860583179097, 0.13506731747088452, 0.34482817180196434, 0.028603266674281258, 1117.5819602307406, 2521.6312535705697, 387.8699059677738, 0.28223638715712696, 3.8457832947231054, 0.23201641562081932, 8.401204442008066, 0.061614551810180274, 11.239660868111969, 1.4780879238589932, 0.14487915118729688, 0.154298282937134, 0.07861978763799016, 0.019494989011946018, 1.4175393807636283, 0.12546750906881243, 0.21747899199453968, 0.035743250469522536, 0.04081434505587822, 0.09164382480230415, 0.04081434505587822, 1.5089776365748548, 2.723925146588499, 0.022299694921230184, 0.2588076840161193, 0.05619483097598277, 1.5448966031822238, 3.556362384685144, 2.1630897891016048, 1.4288733046200832, 10.144947451248754, 27.346313455288055, 681.0732031518096, 1336.0802698017333, 325.0138234235785, 71.55767490373842, 457.1244373469167, 286.2255059748147, 14.333256806402687, 0.6772626789979768, 0.04618685790001109, 0.0043915178234783525, 0.0010966216884753521, 1.2548278712554293, 0.5621002619088813, 4.780737573740453, 4.510242905752193, 0.032078842092460036, 20.248902328384247, 107.75200137728257, 52.80842343785116, 8.634290602630244, 0.26361686166092113, 33.87700838537103, 81.80701808344247, 34.96516883236268, 2.7520487544637717, 1.9983335405177058, 0.11382059294794544, 0.3391709782843009, 0.0010377097278251313, 0.08355541788023402, 0.0836005783417022, 34.85755051491094, 215.09561257523455, 136.04675765273214, 3.2802032705424153, 2.918970003092909, 0.1799184651631549, 6.400916393191437, 0.33919869551596094, 9.68786365019946, 2.163611555480202, 6.5628437815314555, 2.463648970502618, 0.9300738273157094, 46.43474967639327, 234.35173576416673, 134.2364826684468, 7.367829175450879, 0.0, 0.1300101305945418, 1.5568786190532364, 0.017259181992926642, 0.5265553777313698, 0.017181678651127186, 0.15368695878896688, 0.01710485404123574, 0.07695968688858557, 0.3235134023317414, 1.7588642921683686, 0.6709637237646575, 0.47852203736147203, 0.012491312459815163, 2.3033977090387907, 0.18754466634709388, 2.7672227410324695, 0.33917097828464193, 0.32549177763644366, 0.01695320399664979, 32.04292492830916, 135.01357441412665, 33.49207223491112, 0.11980305356689769, 0.026384179825186038, 0.37103671386307724, 0.0004110305910671741, 0.16420554150886346, 0.0016462126267242638, 0.0334066778250417, 2.3051749727671904, 4.584095414097419, 0.26431226879890346, 4.848287593982263, 0.17575807283492395, 0.8921561679097749, 0.3814393549241686, 0.12928731407237137, 1.3035411326037547, 0.05760290388525391, 0.020191805846934585, 0.9753882714001065, 5.572601128286692, 19.34015463738683, 5.770209772921135, 0.05899774943691227, 0.23304521335296613, 0.02238273529314938, 0.15230209844332876, 0.7897988729625922, 0.0030882951205057907, 20.099682970118124, 164.9357558465773, 207.09683446225813, 31.395337196736364, 1.1430568878813574, 2.7615114344231415, 1.3319677852571203, 1.5445880981972095, 3.1392662003303258, 0.4149245466270486, 1.9543942299003447, 4.677270351091579, 249.03751314203623, 926.1936623925419, 378.45831721436434, 17.913993403933546, 0.042574156888349535, 1.075212865568119, 1.7357419838363057, 0.9650450693461607, 0.4290374741390224, 1.5194764900870723, 0.22391886214359147, 2.280079206634582, 1.6552996037023604, 0.6492675381027766, 0.04213292334338803, 1.049076202729566, 1.3397708537777362, 0.69164109663825, 0.6127517817903936, 3.940368169437079, 0.42238336276705013, 2.1709916297102154, 9.570730284496221, 0.11980499462629268, 297.2210153740557, 2003.7211527706886, 1163.1858410622183, 15.33328810398939, 1.2007665952534694, 1.8064708279280808, 0.7156832747696171, 0.9233829196949159, 4.575722885509094, 0.6008289399563864, 0.24066400867127413, 0.14711077353422297, 0.142193496804623, 0.07176147939344446, 467.8342222729302, 1136.0356964386895, 221.91108611846494, 3.336648911058546, 2.3640809470106205, 1.2008702445373274, 0.011867769411651352, 0.7717059687341816, 0.14463937336381605, 3.0366057681012535, 0.054794389280118594, 0.2524130654531973, 0.005158110237289293, 0.5388743352873462, 0.11549153622263475, 0.08138592962336588, 1.015806703949579, 0.8794147980991056, 0.0266569288539813, 0.0029760990889826644, 0.29833118594751795, 0.20824702212746615, 0.2600578185914628, 3.0594141426079204, 40.423158184075874, 280.7335394505119, 338.82024748100935, 52.53288914591508, 0.4523540075276742, 0.059940625483022814, 0.1622693072151833, 0.05994062548279544, 0.1432423846514439, 0.054087650332803605, 1.6632239958400987, 0.24203531059083616, 0.308492105962614, 0.19851086572157328, 1.863318001439211, 0.05545056366781864, 1.6672420367485756, 0.0038248543962708936, 0.0548687152106595, 0.0006116738468335825, 304.10680775162473, 2419.104552795908, 1211.1088488424064, 5.685671660910657, 0.6346430350478158, 2.01599938675281, 2.5998013518961898, 2.334587699088388, 0.04936559155294162, 2.7245030515019835, 1.8397960112806686, 0.4446465418362777, 0.4627727465388034, 0.7741253697364527, 4.284698631849096, 4.876469368984772, 3.313001239985624, 9.78556331921493, 0.9491506107929126, 7.799492917238695, 2.2146603721461133, 1.459175325754245, 34.4428804726748, 49.405959114153575, 15.524288656742783, 1.7036129240667606, 2.4575177657426366, 1.7989553954612347, 2.72330813698386, 0.61819964593019, 2.0225958202423726, 2.018894018865126, 0.7937020533786381, 1.2372740488629006, 82.47445091313875, 545.532196199294, 427.2090686443464, 104.29750006623135, 62.75495358474632, 9.991709704640925, 0.9528638687355624, 0.1750477328478155, 3.634154247641618, 0.037867015347160304, 4.223814291477538, 0.09900007841508796, 0.3862185474265516, 20.33186092337246, 54.20888666226051, 33.81181425618263, 2.142243555232767, 0.005979098701914154, 0.0806732461669526, 0.35396364739665387, 0.08067324616683891, 0.1825921987426682, 0.11259546235123707, 5.6439842871495784, 293.8066237798953, 980.7180564684936, 423.54637734046673, 19.48037283908934, 0.006275384484752067, 1.2966478798409753, 1.130424384379694, 0.20842568254124672, 1.556810942572497, 0.045895409999275216, 2.5708647071129462, 0.8044502093694064, 205.61676574046624, 917.2247666436465, 324.7916502336552, 5.2495632047066465, 0.8462202961460434, 0.2658890452465812, 0.4127629184812349, 0.18641540227054065, 0.23841285562480152, 0.23743097787121314, 0.9468225965930515, 0.8240017144046305, 3.6233966117137015, 0.05692800789108787, 2.7839236215676237, 0.14229130929197709, 0.48445748530866695, 0.012442892461308475, 17.28384734302847, 138.8071073094211, 109.09447306080324, 9.869342867395744, 0.6821863441446112, 3.9754495623681123, 1.7013584071919468, 2.121813115070381, 2.9219957987888847, 0.25987902757469783, 7.768672736137432, 0.016439958011233102, 9.658051131022376, 1.4020104427877413, 12.614912778431972, 0.00305072684454899, 7.673602653366743, 1.7443717068440492, 1.9361013640193505, 2.0768291365436653, 1.4847544817685048, 107.32214711981146, 221.3187202080411, 30.30954625140862, 2.210490858833282, 0.37740208112927576, 2.0578807684290723, 0.06613696742351749, 0.8618580378106344, 0.04182030907736589, 0.399114532151998, 0.39963484343445543, 0.14274792829075977, 0.0025197730003583274, 0.16231078089754192, 0.07686554662416256, 0.5377567934125409, 0.03149431508973066, 0.14518925042716546, 0.12540345136699216, 0.09129910879960335, 13.862933719655416, 245.16513253194444, 361.8123180924565, 38.49957470976551, 0.683674826304923, 0.0023004667275472457, 0.050058938763868355, 0.07347716300046159, 1.4605685277733755, 2.8707062241805943, 1.3471515922146864, 2.02570120485143, 0.3643207481218269, 1.889292803585704, 0.1700134256200272, 1.3996241089719206, 0.042649308181580636, 2.3000430322565535, 11.178326664592987, 0.6772626789979768, 8.677465497785079, 13.286542175484328, 487.0978874958255, 703.6308494436084, 116.325624750227, 0.14663326298114043, 0.474885319309692, 2.0602952950358713, 0.018462087390616944, 2.26662928347821, 1.6434237711686137, 0.30986337004469533, 0.7024024260222177, 0.02985674417698192, 0.2617726206557336, 0.4692550332379142, 0.115660031639095, 0.0011445320603797882, 0.07419528889420235, 1.2158875320502602, 2.684938143489944, 0.5136628585817107, 35.59380504431226, 275.75772608433874, 300.11992675906095, 23.917516058730598, 0.05407652419557962, 0.0750593341055037, 0.0, 0.599941068963858, 0.018537579812800686, 1.913319419445088, 2.7016373131939417, 15.27506312482933, 20.434744521581024, 1.8246340055790142, 0.17657589236398508, 0.5419170387161785, 19.995990078670047, 40.691964567367904, 17.945491150310318, 8.795460583378144, 474.0838771250028, 789.0793168856148, 127.28685041070594, 0.3356212501981872, 0.009729431479968298, 0.11343855975644601, 1.411460224623852, 0.4657521471644941, 0.2368456137950261, 0.19794265644179632, 0.028112638922493716, 0.0, 0.038248577132890205, 0.06327975847204925, 0.6468275819779592, 4.563223848837083, 0.9709670966949489, 1.051263531564814, 1.6268124158093542, 0.00473808659921815, 0.8740914891627654, 0.1095857017265871, 1.0936262810786275, 0.00019121952709610923, 8.520232519313595, 385.1199667595479, 1414.5397869287244, 517.8174022364178, 11.029999121067817, 861.710805148216, 1722.1711870950348, 249.63949891042375, 0.0502796401294745, 0.6464222718985866, 0.9368595071515529, 0.004290347102710257, 4.450325495508082, 1.1137044172401147, 0.9160671951240147, 1.6995558843206027, 0.8432537012990906, 0.44703087009827414, 0.9951111894423548, 0.0624111892500423, 0.485997793886213, 0.09879544783052552, 37.15512403615003, 250.75408444926597, 122.10215285157824, 0.02262765914395004, 3.9562266044391663, 0.039982130301496, 0.15919103671296853, 8.210762725419954, 22.552166171445492, 4.588207993268497, 32.99166102140896, 174.43247999064033, 80.26612041333556, 1.904902695857004, 0.39963484343434175, 3.719491557502579, 3.0590765853341964, 1.6741415008413014, 0.43333377212491087, 5.155913091952016, 0.3782834019677921, 4.865276811459125, 4.267350961470015, 0.8952442207017839, 1.804191060581502, 1.8742245537383724, 1.7081502431822173, 4.439113143925624, 0.7108034770392351, 1.7666618397436196, 3.2404236094379257, 18.959739547141453, 78.91624726416353, 26.32722095423219, 0.16046249580654148, 0.3728040724543007, 0.1577238557487135, 0.8911937611951544, 0.27380802763923384, 47.08854924272805, 234.0147565798709, 86.92561995398364, 2.666793824816523, 0.0687097080545982, 0.25865309834205163, 0.0, 0.10617430858133048, 0.06087915856426207, 0.44270419561189556, 1.0172429276458388, 0.27615252918053557, 0.5571128746040586, 0.30944166141489404, 0.24266911886388698, 0.1488173311912533, 1.3840426180900067, 0.44788692358520166, 0.0009766098966110803, 0.24873948459025996, 0.296279914372235, 0.0, 81.1358773095319, 798.1822819903964, 1018.0654602244585, 192.92427763947398, 5.2439579973764125, 6.036375205495688, 0.2756259984940357, 1.3592989806769538, 1.5742115207561937, 0.12348600504822116, 0.42982926468471305, 0.02499293738713959, 1.132169689974603, 0.42369557130825797, 0.7620798485980345, 0.21653782689793388, 1.1790198737405149, 2.539009505439026, 0.4499197260910819, 2.0770665148498892, 0.07364215867937673, 0.8419889868161476, 0.40613126761456897, 932.9907815459715, 2275.6260254827166, 535.335609290958, 15.125336375863299, 2.216198518477313, 0.23288713484248547, 1.8831601735510048, 0.8052356150747073, 2.17147888704676, 3.954924017306894, 4.345408222244487, 24.971947192384732, 4.844441221338002, 0.18737878717479362, 0.0016338022234094751, 0.12384396995184943, 0.45854532128396386, 0.36590933205741294, 2.824694484014344, 0.09434991312093644, 0.21765689775099872, 0.07076240445564963, 71.08412974785278, 498.4563551732972, 254.57033004069217, 6.642846610497145, 0.10662363283859122, 0.014891666754579092, 0.42359766201366256, 0.0597194875886089, 0.019937913395779105, 0.865032864553541, 0.0016214647943115779, 0.014472285634496984, 0.00040519677804695675, 5.440041822576063, 76.92994696899643, 94.98457532747193, 7.600976326071759, 1.7675752125519466, 0.11672168553513984, 1.4815078183917194, 0.06785058366585872, 0.6278486311487086, 2.670391715705364, 4.522374026784746, 1.2111744742203427, 5.857908476444663, 0.3023659672269332, 0.04507936858431094, 8.599251574337814, 288.39272848731275, 949.006812859215, 307.78397141756477, 0.37074803920722843, 0.43474401421156017, 0.5766911264140617, 0.05851410654020128, 0.036991848878301425, 0.1993383216052962, 0.5175217151765992, 0.4549038334522493, 1.2964969750207729, 0.6241795096814258, 1.12342037114513, 0.09317108766981619, 0.005738804619795701, 0.09103230413404617, 0.4543708706665939, 0.54703100911604, 0.033340762297484616, 3.4166846559749047, 1.237977903686101, 3.039639837192567, 1.9677937938513423, 0.6715318855652868, 4.30194218576662, 1.9170925678066624, 1.8353799352510123, 0.20708905345964013, 0.5601846392355583, 0.8110315340318266, 3.012867393898887, 2.065927922098581, 10.03865028649625, 0.16409307324761357, 2.840434479514329, 0.32304872714610156, 2.2277542125542595, 2.337311192739662, 1.7668936963112856, 2.904619915162016, 0.9123802704710897, 0.38658899459016993, 60.84890215738585, 438.0145491413948, 441.5107817686553, 71.37838685160773, 1.5993720709677746, 2.4684997349297646, 7.441536474852228, 0.797553323836155, 4.977243980892808, 1.8869014424178658, 1.3926794425581193, 2.796315111830154, 0.6212431763003678, 0.6948953973526386, 0.4365007154799514, 1.0388491299977431, 0.33688729132632034, 0.03238997611629202, 0.07359496069261695, 1.1860467257565688, 70.99800795490455, 406.7326446135853, 296.9733947156037, 18.136148110411227, 0.5867510537806311, 1.9310323425737579, 0.22363306672514227, 0.5289507278205292, 1.039124415579181, 2.791091348075156, 2.047432937395115, 0.004853270316971248, 2.6604579363981884, 1.0791368225158067, 0.1212955782229983, 436.13340884835407, 1369.6733753478693, 377.076485358966, 6.43433737784153, 1.2982222178873144, 0.5424386221023951, 0.7937438401759209, 0.1888274350658321, 1.6497571165157296, 0.15414488263445492, 1.1002451335082242, 0.8654479153817647, 0.2906114381023599, 2.142317300440709, 2.797616293492524, 0.3639206741977432, 0.7557981189902421, 0.29431772606142204, 0.7367144325255595, 4.246560944920702, 19.222239509960218, 22.87469776265334, 2.277826655387571, 1.6754595917559527, 1.5979787456226404, 0.4562127526128279, 7.660025915169854, 1.2275191465034823, 2.1113826303128462, 0.003900760261558389, 0.007832256875644816, 2.369072737522629, 0.0014375890466453711, 0.24893615748919729, 8.040556129295055, 12.812468862016658, 10.690071539662085, 0.6201741290158225, 0.5887762202246449, 0.009150062914159207, 0.006676023218915361, 0.0745019588971445, 0.46768421216597744, 0.4874527639385633, 0.46768421216597744, 0.5581744218297899, 11.883574220477612, 1.2913808059238363, 14.823852468183986, 162.67238356840312, 105.2036535474399, 11.59717618640525, 0.0747102262585031, 2.719005199743151, 0.14613074960789163, 1.2364765805173192, 1.1291203038797448, 1.4886248051552684, 4.353411664062037, 0.05501652738064422, 10.174599846260094, 10.155570164217579, 2.258088699960581, 4.9241890397843235, 1.408508513922925, 3.0305897576190546, 40.988815961948376, 491.5018047007518, 312.0724147151884, 3.0017218121784026, 6.966528402877088, 0.27048338415215767, 0.20543517925443666, 2.5210380813537085, 1.0097521463219437, 0.004048475195986612, 9.47190776142429, 4.616145717558766, 4.395405121441854, 4.117648028834537, 0.28464082201503516, 0.06334818891104987, 4.794398853682992, 4.219548004873218, 1.357668450968049, 1.7469449553117329, 6.853175908119738, 2.750038479883756, 1.163655586600271, 4.176394496347825, 5.8544741789071395, 8.621346838244335, 0.5070602384145104, 11.242475476481673, 4.911277539726143, 3.087014019852063, 0.000795438505065249, 0.6929941301546023, 0.6848093741396042, 0.20861645892796332, 0.007492134932363115, 1.6610858823346462, 8.373667084205863, 7.4278726498021115, 0.002812098808135488, 0.19793809955092456, 0.15628252559554312, 0.0006935955535709581, 0.21991674145476736, 0.01107408587199643, 2.432278325918219, 0.17869958011397102, 3.210675769497584, 5.389423415610622, 56.57588344697888, 370.34929437107826, 401.2258608318825, 45.17319653690811, 0.5555799899698286, 0.3921985269930701, 0.7208537209810402, 3.396264532916348, 0.856532177640247, 3.5065386345122533, 3.704077276884391, 2.736695137471088, 1.8702527324164748, 0.9064649963690954, 0.6062731321840147, 4.663117339760674, 2.159759876384669, 0.3981721685440789, 4.324009751107269, 0.07419128316473689, 0.4701639891841296, 2.519635060080418, 2.1546514954654867, 56.613107790712775, 545.0638441375982, 750.2105578697099, 138.86753539040205, 1.1273308430436373, 2.1165788938698142, 0.15937346607177005, 0.16769842929352308, 0.3061698866514462, 0.8651204065763523, 0.5332190469911211, 1.1488740004028841, 1.5336547521854982, 0.6399992321514674, 3.6669470532765445, 1.704033843984007, 12.751244127980499, 2.6260532082976624, 8.000476773839182, 8.597730944710179, 0.17796683687924997, 5.5444608519133, 7.45733421640989, 67.6647156657998, 41.95411431913374, 3.0599813164947136, 3.882140979650785, 1.4664649804198007, 1.8141944672586305, 0.11603137286158471, 0.377920000007407, 2.6633627854982933, 1.259549866886914, 0.7636562369923467, 3.833171010740216, 0.10221512049872672, 1.6369024707480548, 1.772972448390533, 0.15300816777994442, 1.9406708953107454, 4.211249677613409, 5.26728807644713, 5.908446491137852, 2.9233121130091604, 3.508589404186523, 1.3145188469109144, 0.0006345667272853461, 44.88407019963233, 249.43777498226882, 454.6421730579309, 350.8197749869489, 65.47394291153432, 0.006149854440764102, 4.836375875634985, 0.3649488631735949, 0.025513000341106817, 0.08453570188794401, 1.2626777373247933, 0.02126490190153163, 0.00017205646054208046, 3.4588953303380094, 0.5153528810840271, 180.99518716497892, 1240.475204470914, 873.0247173722535, 38.6071314464416, 64.42129198654584, 207.9901609904141, 64.24132760807447, 0.7579300414568024, 1.4066026653492827, 9.534288836507585, 4.998677970321523, 0.2459799268290226, 0.9388586414620477, 5.272635232807943, 4.618563802637027, 8.646562910443436, 11.588508298650368, 9.84348535280651, 12.10350427323533, 5.7545817770203485, 7.076039257263574, 61.05058100377232, 197.1454992568606, 49.41416355683509, 0.05517487814950073, 0.4378746253007648, 0.7495343819022082, 0.006265950409215293, 0.08183063067667717, 3.104475828354225, 9.641615917178115, 0.3444338936960776, 7.334688134822727, 2.9426303527725395, 1.6789674229542015, 0.08217873232706552, 3.952231075592408, 0.9854985707909236, 0.011972687998195397, 2.456773473191788, 6.764337007785343, 0.22974139610801103, 16.783698353048294, 81.81491567604189, 116.32948631171507, 20.29227669256602, 0.19583175678826592, 2.386663155097949, 0.08979398998349097, 0.3265464736018657, 44.78441436397338, 58.1883528667895, 14.37270773692876, 0.04401035195303393, 1.9547114749117327, 0.24343389685350303, 0.11633128859421049, 0.05657196185882185, 1.1210852830611202, 0.5129835375598759, 0.27936409613846536, 0.8223895964981693, 0.3290710679783615, 0.5724753836052514, 0.1517196402137415, 1.0904938145955612, 0.6106459012063397, 0.9685126678750748, 0.4380389251599581, 0.6182958404619967, 0.0811945385216859, 19.43218363208598, 44.22270635939003, 9.840129052537918, 0.31303493993823395, 0.11560669180801142, 2.3857226823575957, 2.6148183039149444, 0.014518613962309246, 1.9200639209416295, 0.5470304320870127, 1.106419274512973, 0.011679204172082791, 0.3824266029754426, 0.08002553792880462, 0.022016734775434088, 0.03551872580942472, 0.006528889638161672, 0.23715167441014273, 0.7751014067563347, 0.004602478480592254, 0.009092198618191105, 203.980138699907, 1004.8018318347608, 319.1773193205124, 2.2813929116550753, 1.6573634625315208, 3.125554350783659, 0.42422601478688193, 0.13914690242893357, 1.7940545518822546, 2.9284002968684035, 0.7046131523386521, 2.8435008552814907, 0.4698120847286873, 0.015678108940733182, 1.2340001485591756, 0.5391625577003651, 0.10557991215796392, 0.9688228688721665, 0.2017728630030433, 1.1181959058221764, 1.4757669272898966, 1.7243539200501345, 2.103634037360621, 10.70169225100824, 96.09294886700093, 232.82153635392922, 66.6773838049678, 0.5077207285094119, 0.33365139961028945, 0.20007702737837008, 4.327945429426109, 1.1885514477052084, 3.5142057624061636, 4.626091741968935, 0.45866961202227685, 2.08409401362519, 1.6485742745414882, 4.1725644049734, 2.31228064423442, 4.0076939688970015, 0.44721920917686475, 4.273363746936184, 3.1728638048666653, 2.0909038039426378, 10.37868568140425, 304.3331180191956, 601.0496268097422, 113.76594331397996, 0.06626423406919457, 0.5632445386494283, 0.512942525858989, 0.7109439968859306, 0.0483824590870654, 4.659959247542474, 1.0141653692386399, 1.5774739337045958, 0.2815150543171967, 0.048026114339677406, 0.2666781288622815, 0.019480439476069478, 0.3783423314396259, 2.278987752185799, 0.014030291763447167, 2.2192883849282907, 0.11213686760231667, 2.4895588809295077, 67.01786498671777, 86.24421877130214, 9.307886170421966, 0.4685808568013954, 0.0920127890206004, 0.06356632039660326, 0.2261078189029604, 0.4253147263671053, 0.06149342715502826, 0.156834428467846, 0.13879667305900512, 0.5562613551035156, 0.20410607634323696, 0.10735802118915672, 0.3129414420163812, 3.8952326785808964, 42.01649297650022, 37.17080664254445, 10.955545339483933, 24.357547179858784, 0.0007805814059338445, 0.06185398412719678, 165.7419399717221, 610.5163769281594, 190.3090196959388, 3.4761509357523437, 4.568879651950965, 24.35414400076752, 14.349077553057782, 4.415635138553284, 0.6112680521600851, 3.9241579225185887, 0.09697761911763791, 0.04991498659035187, 0.007513234170460237, 0.5773272692619003, 2.1223393304737783, 0.31273427369421825, 2.3819632596294014, 0.27503828224564586, 1.2768278946919054, 0.13261728916938864, 78.33397651529162, 469.5201663802768, 705.784617889994, 191.6133492832173, 2.2688119352875447, 75.29500382181072, 273.42423626476193, 120.39324363379603, 6.45602162606292, 0.0842493339603152, 0.11817761283271011, 2.9820522087252357, 9.512721101144052, 9.230424319130975, 0.17181685307809857, 4.109335573946055, 1.5126965640087064, 1.0860126941383896, 2.496746472411587, 4.3258317067890175, 4.270634344230984, 1.1913194903780777, 4.97037350148014, 4.259728796101513, 0.769273635237937, 1.3939515297502112, 2.8664706765671326, 2.2483837190942495, 0.2336386318879704, 5.903126007436072, 0.37509497746498255, 6.432185061378618, 2.404010020011924, 6.664372365405711, 29.3067386123671, 434.58358295633025, 471.67829396581647, 45.70425084530871, 5.624348688413647, 2.3231561685056477, 0.8918736347623053, 1.8137728715114463, 1.0674302196198369, 0.4394027298496894, 1.2600089441980344, 0.062309047626627034, 0.981278612121514, 0.026123532202973365, 0.03648660112003199, 1.9866608956110667, 0.7641004782847176, 6.110256699911588, 3.9317360289219323, 5.81736848251046, 2.890271114561301, 3.043280315525408, 0.07116745536814051, 0.9406953350037384, 0.14876151269368165, 3.8751867147275334, 22.794976971132428, 7.602732271328705, 0.1601002117201915, 0.20832426930917336, 0.3696795243508859, 0.07672198887394188, 0.2907295801626333, 0.015501395275578034, 269.3174182693913, 1659.275541536836, 800.9553309420951, 5.0145230088787685, 105.6094628694907, 575.2194362574185, 442.2458536809602, 42.448103709677525, 0.019558007816385725, 2.476613790194733, 0.14651113867239474, 7.627133983720341, 0.7635300062870556, 2.930734162006729, 1.3812844998760738, 4.442905727003108, 13.623561085412803, 168.29992675100698, 181.79955030652536, 13.433484074122816, 0.176690901629172, 0.055787719143040704, 0.27686086718802017, 0.024846712289672723, 0.0007015185894942988, 0.27882524985773216, 0.07060610996984451, 0.16082961801316742, 0.045779738017699856, 0.0028949215334250766, 0.4416252667273284, 0.8656298963976496, 0.08464291905431764, 0.000688732813500792, 0.27803619030157734, 0.02467335222854672, 0.0027453076027086354, 0.15518531155635173, 0.0027530014449439477, 1.3088084742015553, 81.00777032020915, 562.354628409857, 378.40186256350853, 1.4106693237497439, 26.92426517868546, 0.3163422875531978, 0.23072874342960858, 1.049547784856486, 0.02055008883633036, 0.009082643029728388, 0.042921807155948954, 0.0428533635729309, 0.006379933953667205, 0.036758299504072056, 60.10977018844733, 484.2394768716465, 424.79988774349226, 69.12883555532949, 2.4866846108570826, 124.00723810136981, 339.7545037587247, 87.23360472450713, 2.219288384928177, 0.013487708313732583, 65.63887350198638, 288.1357486392484, 95.4634695447437, 0.41483947056394754, 0.007235011248326373, 0.20632497108726966, 0.14548638147425663, 0.03391379852735099, 0.723520100863766, 0.09785483218126956, 0.12792446498451682, 0.052182719614734197, 0.10832216035976217, 0.05889669254429464, 0.04569591282086094, 23.077457158117113, 207.43489757909902, 197.69330825752957, 9.02135323569405, 177.5204568939746, 446.83451154307534, 109.29623250649524, 0.087237381176692, 1.142600753662805, 0.07947164662141404, 0.19869154093385077, 0.09614327397389388, 0.00458627982300186, 0.03587928723118239, 0.3206633066122322, 0.5694104303238419, 0.20981367841238807, 36.5878948928646, 115.28504405097476, 30.036381724976764, 0.09252242694901724, 0.1747099009764952, 5.960186103673095, 10.903220120984315, 2.8856006422059863, 3.1968573911924523, 2.423234533616778, 0.08011584087671508, 3.3559100693003074, 107.0259603759871, 212.03664316372965, 40.42967548572233, 0.01178465996849809, 0.052996753114939565, 0.0029438531921641697, 0.011756972109651542, 0.6336494159163522, 0.4723592516761528, 1.3534256316120263, 2.1420232939892685, 0.3412064767028369, 3.4275025631343397, 0.030846420326952284, 6.7335046695816345, 3.6155612512804964, 0.06894628644772638, 3.8765246889076934, 11.410211899537671, 3.2274940422341842, 5.657427757059168, 10.057588020239791, 0.0223110273968814, 0.4680571231619979, 1.6209700761002068, 2.5086892190806793, 0.17081319021690433, 0.737014799461349, 1.106551562405457, 0.5581744218295626, 0.09460762447974957, 0.7293296149865682, 180.92457497899613, 995.1903374017306, 180.28317852533382, 116.19967978362456, 21.697289950962272, 0.6870408367567507, 0.09716877574248883, 0.0069810424436127505, 0.29337586060501053, 0.2691992721738643, 0.19181525523083565, 0.44243388865743327, 0.5361914191985306, 0.1276421635703855, 0.6987679005954988, 1.087948408303987, 0.00042881022818619385, 0.027335379508599544, 0.006870059315588151, 0.027528917162157995, 0.0, 0.0212176243412614, 0.0038763924470686106, 0.01083496041133003, 1.3373853407621255, 2.251343949524653, 0.16224103047829885, 0.8753823290519449, 0.6899690661098248, 0.7590168309974388, 0.0775994569339673, 0.011479149196475191, 0.05493750823393384, 0.004116961361432914, 1.1561967700419018, 0.11782524984027987, 0.3663868335809184, 0.20249527181613303, 0.06602678944909712, 0.022205938464367136, 1.5446277087353337, 0.004059736096451161, 1.5981671511864306, 0.022001076620313142, 0.04585186357155635, 10.939186988372398, 98.47750640303855, 56.88476703519507, 1.165880087564915, 0.029310034606623958, 0.8220975946629778, 0.4419013917904522, 0.5394856895795783, 3.020818917735596, 0.01896685845781576, 0.16048697729524974, 0.2882720082203605, 0.8636827182194793, 3.9996413666658555, 2.5557604494820225, 2.2260002119311366, 1.360668796689879, 0.08722736089509908, 0.5922215178088663, 0.13178613786249116, 0.02724390501043672, 0.053489477842617816, 0.001092242104732577, 0.12059240121607218, 0.2646033149582081, 0.022225705661867323, 1.015818521481151, 0.11997539172989491, 0.885947971352607, 2.616568936161002, 109.54689410237597, 458.5727984519614, 101.48394011417281, 0.27739153268635164, 1.6405094689943098, 0.5130710432611068, 0.24523751989113407, 0.0024621247143841174, 0.18760460513260568, 0.01857359751477361, 0.015378078151115915, 0.015347538796049776, 0.009812678728621904, 1.0952921156356297, 0.41051621515202896, 1.174550405395621, 1.2653199950252656, 270.5773404107424, 1461.716022744211, 533.9499593653941, 0.25862773319693133, 0.12997968518777725, 0.7296255118521913, 0.01068260312933944, 1.8569132761352876, 0.37740208112916207, 416.0145978603398, 1174.7130077023228, 128.96183177035664, 10.27166605934508, 8.294928469305546, 30.598856035390895, 5.157925024388078, 0.4730132900585886, 0.027523941772642502, 0.6448382890804396, 0.23620925166301276, 0.2024825690070884, 0.0006589427605376841, 1.6019054485846027, 0.8670119861088779, 1.0957049746559733, 2.3623398679262664, 1.4538899390224742, 0.23095109841449357, 1.3623359229247853, 5.126268315304969, 54.50449834805613, 17.667159985940998, 2.045478273427534, 0.00020503386349446373, 12.110357160645435, 0.9342200991436584, 7.394814987565951, 6.018698298697245, 0.12617296642747533, 3.959884790789147, 0.32197143490316193, 3.5791114110256785, 1.079998995056485, 7.798678580699288, 14.297165185638505, 26.672464060413404, 20.832551136086522, 8.797496643819727, 0.3086156923340013, 5.340187128938055, 0.42786888833154535, 3.0458648599866365, 0.01327768209353053, 0.0, 0.09854719968598147, 0.08928695135659837, 0.0024681057266207063, 0.12142481063801824, 2.176876870852425, 2.174325282999007, 3.3797594474599464, 4.005965209242504, 0.555020760202865, 1.017559928177434, 2.5770767126120973, 153.83476019557202, 535.9366994633792, 357.27847817274073, 136.08770471965022, 23.330814836401828, 362.2422684088833, 903.1734313648475, 243.31173310281247, 8.22748065921246, 0.010493919102373184, 0.8337894560644372, 22.863079026315745, 119.36125879277142, 121.73694130240119, 8.056150761894287, 11.1477910847251, 11.438747123431313, 1.7145203586384241, 0.7859857011844724, 3.6588599626512632, 3.570939877758292, 98.9002304915598, 553.2664342077574, 308.67574614502223, 14.707669679068204, 0.041228193510733036, 0.6117575413211398, 4.285574319244574, 1.7996175252364992, 0.0015599937212300574, 0.00017307580981196224, 0.024918336309042388, 0.08341369052891423, 0.1562608957632392, 0.7568795156943224, 0.03917418892478963, 0.7568795156945498, 0.02096548875681492, 0.5438831446903123, 0.002768702253547417, 0.9213250721127224, 0.02488148562929382, 0.43038435321284396, 0.22493264288345927, 58.32487683763043, 781.7539878686998, 1455.7646558609536, 338.0397905720081, 2.0290897247895145, 0.2750382987959483, 3.8674809049132364, 3.172717906589014, 0.11962110348827082, 3.204475164833525, 2.631226953860164, 5.023971329050937, 2.089815481589767, 0.6874301448235656, 2.844624052472568, 1.6978644225907829, 2.405245926210114, 1.686829789167973, 0.13182068515402534, 256.1312233696726, 1177.7414184567488, 565.2928521835679, 24.413731136248543, 0.24659748197370845, 2.3451646634421195, 0.02112217394073923, 0.8363101877272356, 0.35754372164262804, 0.27923207346213985, 0.17936089363399788, 2.0819732982698724, 0.4062087285949474, 0.04690654219825774, 0.01686401209349242, 0.03524756183037425, 0.46566056447363735, 0.4445687744555471, 0.24439277758881417, 0.0019116679917488, 0.44855551037346686, 0.00021250279621654045, 0.02585225456630269, 0.396665889997621, 36.93874174846451, 203.30468797358253, 117.56046095270904, 1.5891145661901191, 0.579973561069778, 0.09636053187375637, 0.07400604570057112, 0.00037861317559872987, 0.054928436964473804, 0.06428746447568301, 0.1838980212947945, 0.03838651653313718, 0.0003765524021446254, 0.13808388235270286, 0.7414354819738946, 0.07482272722256766, 0.08716406390828979, 0.4235766487269075, 0.05518918719769772, 3.568795995410028, 0.8220704636536311, 43.82391520394526, 58.222942220980144, 13.097798534668527, 1.5483316432662377, 0.009138954343598016, 400.66676770351114, 1191.7819342786663, 246.99683706861742, 0.2235088346469638, 0.02322075503116139, 0.1389116640134489, 3.4706855548904514, 0.5449605746453017, 5.934371539907488, 127.37163316530564, 264.55529742386807, 59.16692982616837, 0.011078834757427103, 22.322962258415714, 87.21316304799745, 51.048298646292096, 12.144067626704896, 1.247754640654648, 0.18266662808377987, 3.1854835873626826, 51.23458763222675, 137.34701174661757, 28.413728560719164, 2.0708375304762967, 0.24035237250268437, 1.0641705993346022, 0.6524647371943502, 0.5050052757540016, 2.4379981418776424, 8.355650059609616, 166.48598231642836, 185.58100157780132, 22.163658761030547, 0.0, 0.00018540844916969945, 1.031545202295547, 0.5955789029630978, 37.371098278301815, 414.2483492329552, 555.0957279853094, 7.946072651096529, 759.7608745556381, 498.18030997868937, 50.76612480999211, 0.007760204412534222, 0.3199419000787884, 1.0006991798835543, 0.0129161178610957, 0.6790804534031167, 0.07759038320534728, 0.003970111636135698, 0.046369711611077946, 0.281915092859208, 0.04609929094090148, 0.0014495375489786966, 0.0576040197772727, 0.004032077646684229, 0.2326927241899739, 0.01309571107026386, 0.177669983071155, 0.1354987003911674, 0.0, 11.800064630714928, 37.82287291423927, 20.62111349788779, 0.028241451640269588, 0.47856498363319133, 0.01260423882683881, 0.20336953394917145, 1.0383400731525398, 16.33803829176236, 345.5030210042253, 1492.550796509137, 616.2256477840979, 208.0864784418236, 1390.3139012565014, 1214.9378586795074, 121.79000862963903, 0.2972123414322141, 0.06768787709063417, 0.028325845059498533, 0.006076473309008179, 0.004196242031298425, 0.1512558881743189, 0.13214141035814464, 0.6710373687469655, 0.0006773684154950388, 0.7810732348057172, 0.24613908972492027, 3.452554944822282, 0.0, 4.103954459656961, 0.19719130170483368, 1.9753289326445156, 0.14332723435813932, 0.09098453352157776, 0.004287197070311777, 62.71444697577476, 585.8279525172165, 615.4831172330805, 54.15643501797558, 0.6423321931005148, 0.2872384054645636, 0.07902182372322386, 0.1248025484687787, 0.08010038234885997, 0.20417586621601913, 1.9491308081330772, 0.596765335476448, 1.3985316225619044, 158.56218860135868, 835.6846283107157, 658.626521806844, 76.2527177646125, 0.25267888131156724, 0.0005974707464702078, 0.2651981389624325, 0.10058320954271949, 0.4872679398151831, 2.6782231370984846, 0.2514540736442541, 2.7182074234212905, 0.6430159922583698, 1.9609036058618585, 1.0705471739881887, 0.0675597433951225, 8.667691007745589, 0.044244574099138845, 12.367700227178148, 103.1556904513327, 609.9776057420092, 169.25147311219666, 0.011429755603558078, 0.9407452691641538, 0.8382744813053478, 0.1305258358440824, 0.02104070971654437, 0.4252142217706023, 0.14434467998341916, 1.2904223098528291, 4.168211845397764, 29.227110569823594, 29.819055122034797, 12.842039047552134, 0.09742842564651255, 6.259044529611515, 5.299812416597433, 1.398832885641923, 4.518783074597877, 1.596213040951966, 1.8450355786758337, 1.4998668057035047, 0.5779314402816453, 0.770395799570224, 4.00075235991153, 4.3915709284895, 4.157460863678352, 4.835213199246482, 10.852510604361896, 25.630109437965075, 1.90518505869386, 0.4065090710869299, 5.103618832818256, 2.5029851830845473, 215.04007395526514, 854.2403302208784, 299.23788855413636, 7.859068366984502, 1.38625722267318, 0.01452417219718427, 0.15933632064525227, 0.7700380023252364, 0.2827309550539212, 0.4584917664128625, 0.10056696288211242, 0.8852800816575837, 0.0027789898558694404, 0.5893283265552327, 3.1961760430854156, 1.3947854902430663, 0.1324411521559341, 0.40101307850841295, 0.8248914432570018, 0.8453059049675176, 0.8494938500596163, 0.6815859502726198, 1.3459244509165273, 1.69142167191103, 1.424338113557269, 1.7316365595231673, 0.12392293968150625, 0.49078146385181753, 0.03339704497489038, 0.004252838762226929, 0.4907814638519312, 1.5105653364216778, 0.016638251475001198, 0.1296575385254073, 0.010644679928077494, 0.11287771845854877, 0.08847431610854528, 0.008230558293462309, 0.22839042965654244, 0.8346426144942143, 10.14494288311073, 5.2102070776713845, 6.1556665680361675, 4.385606884874051, 2.1832233768714104, 1.2326284175915134, 4.446650778573485, 1.1350169833417567, 9.435511440114624, 1.1944462252283756, 3.55168716391222, 0.37043170966762773, 0.006893715452406468, 11.80097126403848, 20.961776951992306, 1.2482098064865568, 1.0898731649263027, 0.02065136966166392, 2.080763777033326, 5.607107900851815, 7.099315206050051, 2.3412262826686856, 4.254135245318139, 1.1696165950997965, 0.11023411709811626, 0.11843433362878386, 2.049159453485572, 0.005173019028916315, 29.326520742017465, 284.1040503072984, 558.7362297986579, 161.4994549188009, 3.262592789201449, 45.32969057630362, 58.24385288352346, 528.5414337170891, 1337.499705766595, 186.5786819820105, 0.019669453669621362, 0.45547370987594604, 0.019751936153284078, 0.3659082334942241, 0.7037083784007336, 0.08611299011181472, 1.0158819526961906, 0.39739893102898805, 0.45375979010646006, 3.0641590025783216, 6.496634217718565, 0.004707705072632962, 4.8431111531044735, 65.72608928082354, 344.7581833803863, 156.73376198833103, 2.1609872750070735, 5.86131492125503, 57.398160018917565, 39.86828425977728, 0.9562353991308328, 0.9417112819710383, 2.0704339330618495, 0.0, 6.408950109673242, 2.24663464737273, 1.9446483767978862, 2.9537588660796246, 0.1136299707213766, 0.12576152127599016, 0.41738123161167096, 0.6623758611144694, 0.6101549048248671, 1.8225568589289196, 5.657283484938034, 6.23555924654579, 1.154904628224358, 0.09267171863893964, 1.2983281269818008, 0.20383598527109825, 0.08465260368893723, 0.43551480286168953, 0.004155354909698872, 0.16122355588117898, 0.004155354910153619, 0.0002597802025547935, 0.07479193387246141, 0.002336751466032183, 0.009288921261713767, 0.0064945086290890686, 14.068825480640271, 336.5963440456271, 957.9092987496117, 286.1080622270456, 1.3163583266338037, 4.220091985507793, 1.183040334162456, 1.762955593954075, 2.21825746303125, 0.3119440000589293, 2.1434987717580043, 0.40487928006700713, 0.7759436702042422, 60.173650916136694, 576.630947036906, 578.9733985611413, 122.96788219926884, 44.663952932680786, 51.91372279462803, 16.507446384540344, 79.21948112519522, 840.0775102040263, 708.7598249368802, 70.55752728715515, 1.2615468889496242, 4.960634611460705, 0.7608734744537742, 5.2408328676734754, 1.867482365490332, 0.29124869047279844, 0.5153555705182953, 0.22012228839980708, 710.6165789316731, 1858.886925788533, 307.4716389214759, 0.10759108952515817, 0.8422600711751329, 0.07640455606087926, 0.06860198478625534, 1.7686420482095855, 0.04467226305064287, 4.143286191380639, 2.1519442210164925, 1.9037465991611953, 1.4240230387649717, 0.8797633525939546, 0.4569102055154417, 0.635517000406935, 1.8440748391628858, 0.0852894020686108, 38.16748262466581, 242.1098985701601, 70.72487078871995, 0.4918369201579935, 0.9044727925576126, 0.4381028155862623, 2.005510006174063, 2.4710635747063634, 2.2814261951597246, 2.9338513330749265, 1.7027827597760279, 0.08784663185997488, 2.623566729424965, 0.250014940355868, 0.04224684379892096, 0.02468094460550674, 1.0740390648513767, 0.035522175791811605, 0.6138593578795053, 0.01996570380583762, 0.1307999485466098, 0.1658987776795584, 0.19131910614305525, 0.8080949195626772, 1.5432393211742692, 226.3996443528472, 694.6584344347505, 174.71930441119002, 0.4136062646218761, 0.003139754250696569, 0.0937083724608101, 0.019733643977588144, 4.0552552470215915, 1.7418601556530575, 4.517071204768627, 3.3225260917033665, 1.727792027604437, 4.1333571700785114, 0.0032650406931225007, 3.2717853694940686, 0.4228994082462805, 1.422389830058819, 2.708676017451353, 105.0555052374807, 492.98525238725483, 196.65704868507942, 16.572751562182475, 0.22483353451343646, 4.06579931523288, 9.254863102078389, 1.9647433904710851, 4.649837002612003, 4.68257484195874, 0.4649931455699061, 0.24603815644445604, 0.3590122162311218, 1.7610545871898466, 1.8415976965504797, 2.2429242806333605, 1.3941154248561816, 16.011833069981094, 78.64451456149368, 20.002068707689205, 1.1243923674148846, 4.819339551596158, 5.98687031185284, 1.583393584753594, 0.012325754328799121, 0.0017280021324950212, 0.049383952511789175, 1.8060634327056277, 1.6698027199850003, 0.6874373251835095, 3.9370992265470477, 0.062966245177563, 114.77050593753779, 404.8194117698422, 92.46744722698031, 2.255108405701776, 4.629133635312201, 7.76168448163628, 12.002863588786113, 1.8692579533226308, 8.111104523781023, 4.2942447114028255, 0.11584512386320966, 1.4770484733890044, 0.01944855331510098, 1.1541718178941665, 0.1898528761541911, 1.51656654735541, 0.20379352304439635, 153.17260166122674, 482.1204346502918, 98.85382016255767, 0.2106291300403882, 143.2882068756037, 857.7859997799919, 564.7691854909356, 26.982081163130715, 0.33719212349819827, 1.8460938520235004, 3.2915721421308035, 0.15859048106085538, 0.6323989330550148, 1.7512972851968698, 0.4835253426452937, 4.914124900939669, 1.0270180426335855, 6.068358999203724, 2.346514389543131, 0.33315910892315515, 3.21979981385266, 4.227100338919854, 8.799585445772891, 1.9897137909374578, 10.499638147722294, 16.983785009447956, 59.80155742477473, 20.206953285768805, 0.8225549832594652, 0.8030932269091409, 7.393674192618278, 1.648181925420431, 15.237564830769088, 2.8524012041730202, 1.0022544554661863, 4.685463088325378, 0.731912227267685, 1.1063433899740858, 0.25338759402416144, 0.609144414336015, 0.4323299479688103, 1.5410238335221038, 2.919001054355249, 3.5768976464842126, 56.3709206622932, 1201.6609597533768, 1786.8656445510453, 179.98271458118415, 7.06369437901094, 10.860012865036197, 53.14828553931238, 67.70085818172834, 7.076060661738211, 2.1225308563664385, 2.883521027941015, 0.4610981402001926, 0.4606368225863662, 0.04601223981558178, 0.5582841364425803, 0.408466008181108, 0.11061569997366405, 0.12058095713359762, 0.2345957960544638, 1.4420440432959367, 1.8693415298904483, 0.4000631270998838, 1.1291559096819128, 3.3610398229347993, 0.5758077580006784, 0.7466953043572175, 1.2343089917580983, 46.53311352499986, 527.0062326714008, 845.3824894404988, 174.7606471288516, 7.09320419749406, 3.421833866376346, 9.226845435038967, 4.344592283115389, 2.932054036144109, 0.7982847895477789, 3.7484872995682963, 4.761931082918636, 3.736079434251451, 12.71868595385456, 63.635464451929124, 32.132386695139076, 1.2442480789608226, 0.7366777775091577, 2.6162915807760783, 1.3676760010522457, 0.5018299545320133, 0.21181392516041342, 0.0030333078216244758, 4.924745222557021, 0.0, 4.4621530492989905, 3.4162359098211255, 2.756532030078006, 7.6702725241328835, 4.719879310956458, 0.06980361534454005, 0.9021807839098983, 0.9744041887896628, 1.4287344068918628, 0.03564660489553262, 5.180230920671306, 21.740228913049236, 59.33494399441497, 28.460078982360187, 0.5885767167289941, 9.299082677391652, 0.1261656603104484, 136.945710019515, 256.1505977583049, 18.916043012049613, 219.78118019551675, 33.949827959314234, 1.4034514773562705, 1.2541249998378134, 0.004211908409388343, 4.411177278924924, 1.39294624498973, 2.54873753903712, 2.791948068058673, 1.6693781216451953, 0.03969869107413615, 2.366381310040424, 6.014069151213789, 0.0233546672451439, 4.638175504729247, 1.494333165969124, 1.5119684622568457, 1.1744598854340893, 0.28644475428302485, 6.010932809412566, 1.4055325774190806, 3.8902773609314636, 2.0993569488545063, 32.92983570891465, 102.17797225123991, 19.502019611738206, 0.1324514708373954, 0.0027217879281806745, 0.030328018341265306, 0.4319474050187182, 0.9375209357904168, 0.1421217674962918, 0.21597995174727203, 1.9134069108304175, 0.6782251139109121, 3.3946425623495315, 0.5434504343080562, 15.018832281653886, 228.07861242154922, 557.6112478591001, 120.05082432082895, 0.5678968761762917, 0.7798630106603923, 0.2472644646372828, 0.1105485593747062, 1.074640172218551, 0.8566908750831317, 1.4577580957085274, 6.9502743231518025, 590.5611644529563, 1170.9385259887722, 126.98232709025729, 8.006392536590738, 0.5875246285370395, 0.014718918807375303, 1.040296982545442, 3.605949089198475, 0.1375702663442553, 0.4641466326677346, 0.08794265888354857, 0.5262974130723705, 2.0823708027328394, 78.79959157645203, 134.35323723897704, 18.26026880831705, 0.9578179603300896, 0.12222466820264799, 2.374384109325092, 0.44143095503375207, 5.558722497378312, 1.9908517507230954, 1.6763067570316252, 0.002945785810993584, 4.557107530765961, 1.4381442991395943, 0.3389360897492679, 0.11382736307757568, 0.6421672023575411, 8.292824936992815, 0.20386133037482068, 3.4466932583055723, 0.4338385402171525, 0.004883289337385577, 2.702337196035387, 2.9549078122843184, 21.88975752873648, 6.5002091393428145, 0.7115631846641008, 1.4294666235675777, 1.4560596752542097, 2.759002575656041, 2.214494455620752, 0.39024885769208595, 0.6173677388526357, 1.185559740879853, 0.0002604887947654788, 3.5664223742276135, 0.2982815602779283, 1.1886775078910432, 3.2471541071470256, 0.19230974296419845, 2.540119680289081, 0.23722350136915793, 1.5590027510667142, 0.444433342562661, 0.0, 0.3308227896684457, 1.8518006243857599, 21.91396135548007, 11.623338911703058, 0.8816127284774211, 2.7480109642914385, 0.9399051545937027, 6.629753729951972, 1.767419094995148, 0.7339019267056983, 1.6871779896558792, 6.737429126782445, 1.5591967439438577, 7.216551967603664, 2.4122621999288185, 0.4674222799708332, 0.9002126935940851, 9.268927220334717, 237.54223338426186, 852.3999902163657, 269.57254900966313, 13.599853322048943, 8.548535036668454, 3.326685649855335, 4.016797955096763, 2.1397413060226427, 0.37201465254486266, 3.3861062207058694, 4.364842269486871, 0.24338852118182785, 2.3073985914255672, 0.16115403012463503, 2.7576268162630413, 0.7182943286491081, 3.3547562677891847, 1.002578093442139, 3.149475249678062, 0.6598794734667308, 3.359202911741704, 0.7690944160628987, 7.95172182711201, 9.532566311440291, 167.01612153269798, 227.64231563664816, 42.99134296880493, 0.07053819302245756, 0.4636659799090239, 0.283634338143429, 0.26168027651306147, 1.497210431052622, 2.668905920743782, 1.7196135493313705, 1.617159117699316, 0.9794757548935422, 0.3596375433698995, 2.442455210180583, 1.7886848017492412, 1.6392895207754918, 1.864425913860714, 4.29689768739388, 1.0589591525340438, 3.937472372751472, 4.2139682144264725, 7.770997911632662, 0.599514677135403, 0.5637933184424355, 0.17037057594131966, 0.6183578259034448, 1.0709358020005766, 0.21100841234533618, 0.07954663269924822, 1.507238132384714, 4.321675523125464, 0.10431268555498718, 1.597994239786658, 0.986148463735276, 3.43046644467006, 0.17433231523716586, 11.916766036299805, 3.613069570056041, 2.1250624822664577, 1.4406410098149536, 0.002848981706847553, 0.025725454230610012, 18.278685330124063, 180.11443848141664, 233.84716297367675, 84.07527820467249, 1231.2716196052402, 748.0533834676039, 31.567094235204422, 0.8259519792925403, 1.5685462998701496, 1.667796352782716, 4.590531646246291, 0.40638652998813996, 2.2857556704243507, 2.1154044557463294, 2.9987944793115275, 0.9062809009607236, 0.14226822699231434, 0.40983358752373533, 0.00393514092991154, 0.1060650166209598, 0.2798942514928058, 0.18323454973278785, 0.17503135236006528, 13.424363575626785, 31.860479640094923, 4.778808433366066, 1.8223395922450436, 0.7137140331706178, 8.348959484809711, 398.8780251558346, 1374.8982776459425, 381.7105989984193, 1.5852612414092846, 2.2532460960060234, 1.0927469573946382, 0.355647558297278, 2.540009328496808, 1.174732322796558, 6.838913014682362, 1.3438036994693903, 9.429657789858197, 81.54171975264126, 644.9845711784474, 509.1687699875688, 73.80608404135546, 0.03535739796757298, 18.668000630685583, 29.72019327714952, 5.753590311074731, 0.26804835573534547, 66.08692817703422, 355.86335324894185, 179.70862755775715, 10.957942196189606, 0.0001532976195903757, 3.3561927468897466, 0.005525112399027421, 0.955900781759965, 3.690109724880358, 0.10437135788811247, 7.884946837803909, 0.03006128708534561, 3.0093723211355154, 2.099320529039005, 0.24063867901054437, 0.0078054207349396165, 0.00015923976388876326, 0.05151432318325533, 0.012916117860982013, 0.30919110604850175, 0.15429828293690662, 0.04636971161176007, 0.4663460488192186, 0.019320959129913717, 0.5383646606651382, 0.01932095912980003, 0.3247995241827084, 44.17694963860936, 241.9032439439958, 113.02707075636431, 2.772956507382787, 0.1818913296951905, 0.8302787588728506, 0.4657337341792527, 1.4571176403228492, 2.266159866740395, 0.16859545029740275, 0.7044255705957312, 0.026861464531407364, 0.004266670786137183, 0.6907334094952375, 0.765245982154056, 5.153575575230434, 66.1630707911579, 110.00348262560613, 18.470841717466783, 0.021296901743426133, 0.3695851013845868, 0.21376045673366662, 0.11763126458129136, 0.8606790930085708, 0.0842838472767653, 2.464810724995914, 0.17865275670624214, 1.9509427336117824, 0.029734081992273786, 78.11039221774377, 1011.343230539502, 1658.091293154945, 342.2918547811721, 1.1961356600287445, 1.257471870693962, 0.9266126372751842, 0.06294354448414197, 1.4891823765185563, 1.2296153806915981, 0.01686862512906373, 0.5980929718682546, 1.2164545130294755, 0.016094187388489445, 217.56324478993633, 1196.8717440279606, 818.2364257343086, 98.6591073095974, 3.1641571145560192, 4.647365481945144, 296.2592771747047, 846.660380713528, 54.69628851823222, 168.21352898509508, 32.44307906688914, 0.13646723163287788, 0.43244781051282644, 0.1668398547031984, 0.6305585417621842, 42.046771816102705, 162.87861485217513, 39.32945251955482, 0.27518514672874517, 7.453751565769608, 4.921828309481384, 0.01788718339253137, 0.2377151952383656, 0.017887183392645056, 0.9581733385167581, 0.21025866429636153, 1.694812671649629, 0.9890943105373253, 0.6879672986357264, 0.7430824970045933, 2.451902738788476, 0.1138463681261328, 0.2820561637922765, 4.6546447177006485, 199.54061217035542, 768.7151431563332, 233.37547862710653, 1.9314877949009315, 5.753827078411291, 4.735529368066182, 5.615640125841537, 5.929921071800322, 0.16129879582820195, 2.497877281543765, 1.7996729951953512, 2.734353556091719, 0.26540593484821784, 1.9433844996916605, 9.911194814046667, 21.309895499231743, 2.177883180929598, 1.5373214913548736, 8.129751395791573, 1.1364002998369642, 2.812698268336362, 1.933276796508153, 1.2096826135727952, 4.4121475069464395, 0.8288401050565426, 2.5455113444870676, 1.0982807697042745, 2.8581239301296364, 6.084281357789564, 0.037948983597630104, 5.3554956225654, 86.00338723012692, 1029.988726734382, 1295.6250267399105, 201.48774339398005, 0.8644649874636343, 0.6452923171152634, 2.32999302103417, 0.40161124796850345, 0.17594315578753594, 0.18621833076622352, 0.6446132843568648, 1.4693937216661652, 0.004108948694465653, 0.6705028127435071, 1.1169235466970804, 0.0, 1.7944112140985453, 0.03632651131511011, 0.36319882583757135, 1.9501002157794574, 1.300357120649096, 152.175493426289, 1959.707449556727, 1927.5164767453666, 221.20371685231794, 0.1393172790262156, 0.4848500197394401, 0.00395394913363134, 1.0065234640740073, 0.24769182349166385, 0.18598424765571053, -0.000317919214523954, 0.0157227103443347, 361.90074622947486, 1565.628442808613, 954.8429227369218, 84.57949572039183, 0.035154447229842845, 0.23988561358430616, 0.38718072065194065, 0.7263559959055783, 12.911507498418814, 53.364978894767546, 112.79840646088678, 1152.6011188071113, 356.8507021822022, 3.363094944550312, 0.8275756435859876, 0.6237957465486943, 3.2524579021749105, 0.17743166974867108, 2.5702052008955434, 1.4072732157698056, 7.122661534537201, 4.418402434687323, 0.660375755938162, 10.522822653427397, 2.7185622278212804, 0.5623911803448891, 2.5868605587982074, 2.0891000841468212, 1.4073475878967656, 1.8316751653248957, 1.686844118646377, 71.45656451067282, 306.02072895273955, 156.3694207778591, 3.5821628921019055, 0.2873262989836576, 1.092029738232668, 0.03714036994506387, 0.023466469225581932, -0.020165369339338213, 0.08969094336691796, 0.011419139124768662, 2.2467201491300557, 0.22707849855089535, 0.7487895022603652, 1.1367884174123901, 1.1674659276272905, 0.06860465236024993, 1.0217025994833193, 0.18126679840645465, 0.8289974016820452, 0.5490391196877908, 2.4929276028838103, 1.226045445494833, 4.024598949534038, 26.04392984171261, 885.1779627127141, 1737.5592788809222, 335.9488323364699, 2.1846739065147176, 2.457882847321571, 2.6217759016561786, 0.13246807303153219, 0.5754953747918989, 0.5327618116349413, 0.09488336418621657, 0.3482822454052439, 0.1443857442039871, 1.543912782895859, 0.004984998002782959, 1.7594046517082234, 0.640814303232105, 0.004875607683288763, 35.84375198454063, 194.36084607508792, 48.605678276615436, 9.240225551967796, 0.54245390226788, 3.7167390893173433, 0.03492117299856545, 0.0026614624773628748, 1.6553998837712243, 0.2462745676969007, 8.364878923029437, 3.7290168039321543, 2.0920155823841924, 2.8489074217213783, 2.2453408419571588, 2.0274259861953396, 1.5464579050242264, 1.3930932289811153, 1.4863336262319535, 2.339435395766941, 0.21597995174693096, 4.81003931334385, 178.64683723269695, 642.6483846971572, 226.40933221838804, 0.38139228374836875, 1.0609835751533865, 2.1089043268497107, 2.9506361426992953, 0.33466307898277137, 0.9069152311644757, 8.102789197219067, 106.06205880820903, 111.87906330108581, 13.674671292849098, -0.040440465703682094, 0.6460016078353874, 0.26428746546974935, 0.4715918380468338, 0.07811482285433158, 0.6446705937967749, 0.02539130544806767, 1.5703157495591995, -0.028099784830487806, -0.04483567366958141, 0.5156604135307248, -0.017550776152916114, 0.5787184940166981, 0.016195040892569068, 4.730496110260049, 298.14031789731325, 1411.0573062017843, 994.0119139253989, 112.67174892218554, 3.3545935138041614, 0.15776505332257784, 0.003184335984315112, 0.13597397868113603, 0.878459377361537, 0.03952542038393858, 0.4664274319007973, 0.1366734731542465, 0.08876155634379757, 0.009947259281489096, 0.6887043457479649, 1.8280766721270538, 0.07453529734641506, 1.428683118343315, 0.8274558666819303, 174.37884644193628, 754.413537148099, 255.09645646963736, 2.5397993214011194, 3.9592070201628076, 0.4281506983380723, 0.5263766287408771, 0.009574551455671099, 0.014842384274970755, 1.2347082376825256, 1.4412643093110091, 1.9977916309500188, 1.584529938876699, 1.8582755464763068, 0.0575891860014508, 1.445201980435968, 1.5712054974565035, 5.955612437389732, 3.5542952055108117, 59.2339075129064, 630.2232860031654, 889.7221609950379, 166.84361960823753, 1.1818292134339572, 0.1878528225872742, 4.09865816661636, 40.36692907061865, 13.60082126542784, 16.797107775326822, 16.66245125439832, 0.8746522506503425, 1.2357854801609847, 0.8014590965935895, 2.1605162361124712, 0.1441161231946353, 0.00845254809587459, 0.02475333520374079, 0.06241118925026967, 0.17667456306207896, 0.08362959421970118, 0.7194541701944672, 6.301471762518531, 0.7419740092864231, 9.437413736302915, 0.0, 7.996376063225398, 69.68154240260401, 70.57943315478451, 0.1883509722325698, 0.956872383737732, 0.6174036303008279, 0.05193491125783112, 3.9729445884563575, 43.792137903862795, 66.55197462997296, 12.979540138867833, 0.0955663599561376, 0.021199744057867065, 14.7123826312544, 53.623262301092836, 14.067927565469063, 0.14648535152400655, 0.016224161083528088, 0.08226621052381233, 0.2294958487398162, 0.0163632662524833, 0.009268881904176851, 0.2989277964691155, 0.02093969330383061, 1.4386566786930644, 0.9797122344572244, 63.893152591337184, 668.515137961743, 273.0029673729175, 174.65798929132416, 155.80026228115617, 1.9449204408714422, 0.0142712074392648, 0.057178479740287, 0.019322030075727525, 0.001579233096435928, 2.041187499724856, 3.3930755185120915, 1.1891002581728571, 3.6159615405532577, 0.2724395278769407, 0.546969679939366, 0.04906996791544316, 0.17736100807451294, 0.0064481520665822245, 0.07859851194416478, 0.010079426707875427, 1.5400445041565263, 1.1167154990396284, 1.4419323694708055, 0.6641460850706835, 3.508277384413077, 104.8323732084757, 149.46939953477568, 6.360693740145734, 3.7608982849897075, 0.009121240541389852, 0.2941467303567151, 0.009121240541389852, 0.009092262326475975, 0.10205209810942506, 0.34974474677687795, 0.6078682623362965, 2.7665355029330385, 0.4360574297104449, 124.91451420482281, 607.9879914255082, 175.4926824836848, 0.19548419026352803, 14.093260086792156, 125.51084971584578, 243.24306223851136, 45.82900374179667, 2.970754036951689, 1.9649537838578226, 3.325540416124113, 4.9571778434143425, 1.1813002469029925, 34.81231568767714, 58.33362361432398, 10.357093716751478, 5.233162893130384, 1.9891149912070887, 8.681080011362951, 830.0710030169969, 1741.500650008329, 268.80686636591827, 0.9696768566998344, 15.553160405508152, 3.3768664754963993, 9.391982320421903, 0.774090037468568, 6.03695026192986, 1.1844679821006139, 2.3989867705954566, 0.8648114707457353, 1.8682951958414833, 3.1050117740439873, 3.6086915937662525, 0.5470304320867854, 2.862222621444971, 2.477723092024462, 16.890852525191804, 5.9311433826228495, 80.84600646149374, 100.95551112650901, 21.482021427319978, 21.82121902403196, 399.3536703999366, 1265.4663860623189, 427.1917633067055, 3.272886461827966, 0.4698565201698557, 4.007314811610456, 0.3448960388072351, 0.015704361531220457, 0.018653336055081127, 1.3786740930343626, 0.04034803124233122, 1.3296880342489885, 9.751236255023287, 1068.6748675828471, 2043.4246621167604, 267.8762775660816, 0.39395033011908254, 0.07751208039678659, 0.3939503301191962, 0.1762164206535317, 1.2057062579506237, 3.492503209351753, 0.18383788003677637, 105.1849729861849, 892.0556544322649, 1301.5096479632193, 258.32423719255394, 244.95575938973798, 1487.5224894498388, 1147.0134039278673, 77.63510729886639, 1.47949846198253, 0.09388496197880158, 0.0016015317346500524, 0.006368603107375748, 8.022115385488178, 187.93243754418427, 345.5132261410913, 50.53617002213787, 0.0003646358983360187, 2.9552232127789466, 0.06195060737775293, 0.2526864596197811, 0.05329096313539594, 0.0033268581513539175, 0.009312404147067355, 0.13426554781131017, 0.07275756662977528, 0.3789659587148435, 0.0014780388785311516, 0.2496019765588926, 0.11899505661381227, 0.06271074956453049, 0.0032866794365418173, 0.5255614457348656, 0.07128088932870469, 0.4713387158108162, 0.6583517563067289, 22.039605420155, 14.241199088992403, 0.1004815900853373, 2.6659435372312146, 117.15258410438742, 253.4627795914896, 63.77903886259128, 0.014045158121234635, 0.3649488631735949, 0.09196603630584832, 1.2956662979631801, 0.38232934464872415, 3.147631114838987, 0.18799343994623996, 1.3188561553499767, 1.3362785518219198, 1.854118153323725, 1.9766298042070503, 0.0028487920917541487, 0.18897060300082558, 0.4583191030917533, 0.179860398166511, 0.004359175512036018, 1.5667294437530472, 4.8805669315206615, 109.3093091940209, 1279.6133826502937, 1144.308941482549, 112.65890278227585, 2.705647768087374, 1.551386531623507, 2.4911345522948523, 1.8834960411431894, 0.48692308802912976, 1.8981900995859178, 2.584801738037754, 3.410715192522389, 3.398670672629919, 0.11986306811604663, 1.459879266404414, 1.0975888321941056, 1.9239322865511213, 2.0532167438698252, 2.119812626346743, 5.2510745367175105, 0.7810505558159093, 0.8102715443653778, 2.1134522606085966, 0.0011838559960324346, 3.3501609172169537, 38.92407262777215, 20.641915387492645, 1.2692168011029707, 3.137735315390046, 0.4475633886700052, 0.31117271286939285, 1.4667667283697483, 0.7311535778615053, 1.3441466732847402, 3.2572766231296555, 1.1813080100046136, 409.0209637619978, 1056.8982886355202, 0.1582255951116167, 626.0581523415972, 155.78992438395107, 0.0009459804513198833, 3.8375392582537415, 2.3092551490232154, 2.034098410651154, 1.8429319859408224, 4.5453645892315535, 3.213276590740861, 8.454696321020492, 6.519703178153122, 2.3040314270920135, 2.1254746533668367, 0.8203003375865592, 2.238642068924378, 3.3440717162054625, 3.117572691282362, 0.0009397320899324768, 0.4287994378324811, 0.3634564083732812, 4.070320614856655, 256.31455990025165, 1104.5846139977502, 534.5854234161388, 50.4103959889278, 0.2059832444924723, 1.492324440733455, 0.3713880675525161, 7.7505052599269675, 6.844237345367674, 0.571534915824941, 0.16478335282590706, 1.4426354724018893, 0.8422600711751329, 0.9931142147604533, 0.89032677604132, 0.08854855172012321, 0.4646535359920563, 339.5403588807303, 2596.006849980491, 1476.3400913434157, 43.04074360555569, 0.07365272942320189, 1.018930182160375, 0.009394349113790668, 0.0011013824123438098, 0.13687365235267634, 0.3554136113481263, 0.00283887715477249, 0.42271372911932303, 4.0787669394911745, 29.85811271262105, 25.04141186117681, 5.023561604409792, 0.0, 2.4084324536961503, 0.183988342128373, 1.201646976510574, 1.2406363906859497, 2.3149814789385346, 1.268603186419682, 1.0508055045467017, 0.024515944639347254, 362.3891590550602, 1047.9427843459143, 231.5588735444819, 0.02804167604540453, 0.08877588376140011, 0.44220348010503585, 0.03979752546911186, 2.3751155618610937, 1.1574578125882908, 0.7386833074565402, 0.3491338351165041, 1.0599198618421042, 0.8994212653533395, 0.04883299831226395, 0.6900564887650944, 0.2740538091397866, 1.41724803139914, 1.669632187064849, 14.11759075562793, 31.342048834170782, 0.11369765612175797, 0.006111648622436405, 3.177460871175299, 0.778861265415685, 0.1644580349129683, 4.7643982747210885, 0.5573960294582321, 1.7317133557146462, 0.00023906336616619228, 0.1287942195431242, 2.403666051735513, 1.2075528465871912, 0.6712161453665431, 0.0901489070632806, 0.8656770616988751, 0.02478364141336442, 10.950554279359267, 70.3603606696472, 82.6657933919962, 11.776925677642566, 0.001556530513312282, 0.055715558912879715, 0.700500852154164, 0.09915950990830424, 1.519523411592104, 0.04981606874798672, 0.10885797050195833, 0.3828964912217998, 0.006234196506284206, 0.10026745133893655, 0.002765629911891665, 0.0027748660627366917, 0.00017275576897191058, 0.0006944893455056445, 0.1546520778769036, 0.24904735907693976, 0.049541879073672135, 0.04371635821803466, 0.30570508386824713, 182.18149196561808, 805.3331672626796, 286.2707081370595, 1.6006122870005584, 0.284451356635941, 0.0734914014651622, 1.2009976764854855, 1.2022302060265702, 0.34214764004298104, 0.6812610868228148, 59.44500346618361, 596.5822382476817, 622.4776700094546, 87.92960262925794, 0.9584947721068602, 1.171156402076349, 1.7786460534437083, 17.202475744186813, 95.1579705018346, 29.859652086420738, 4.416292631344845, 2.159126796193391, 8.560295668255776, 6.842316637466411, 1.3456410366823093, 0.4806510750660209, 0.5029946437665558, 1.746511761959482, 2.91189669040682, 1.8249447305951207, 2.9612251610828935, 0.6206495143686652, 0.13018147659965962, 0.1779963678624199, 3.9353237729167176, 0.26303633062639165, 1.8854850593829724, 0.1454494238890902, 62.084603584040906, 318.4740840513293, 107.17122000052711, 0.659074797216249, 0.37325525279266003, 0.3019483554728595, 0.01047979364341245, 0.23827050228237567, 0.152249477395344, 0.18598943437632443, 0.40320278922399666, 0.4035513707657401, 0.0336640248688127, 0.24114632607233943, 0.7495189423555075, 0.07189835584017601, 1.1008545756826607, 0.2859704201080149, 0.033664024868357956, 0.05992419672224969, 0.06038988939371848, 0.02658734473311597, 0.027073606406929684, 3.9230685162251575, 8.608169698563756, 17.103908322132042, 113.67104662696681, 74.76501626336733, 59.60568701200236, 21.442955159258645, 0.003835616657170249, 0.8639162978697641, 0.008651933808778267, 0.006099124602314987, 0.024130653058819007, 1.4203489735558605, 0.00604031431362273, 31.996179792017074, 176.4266301181924, 58.08886211902518, 2.067834934060784, 0.36285084946666757, 0.37780703656198966, 233.52644255924724, 1456.7489808018545, 797.3441396742683, 18.133844848906165, 0.16951966602175617, 1.5422235824653399, 0.08834850509117587, 0.5116702825325774, 0.014315134373532601, 2.765298667280149, 0.8309522027890353, 0.6348084795299656, 0.21067416919584048, 0.15675110015138216, 0.03342153087089628, 0.8217237265899939, 0.5700916072105429, 0.04380056404420429, 26.60614932534577, 144.62145161660476, 57.53880608036286, 2.7610595522960466, 1.7082711654991272, 1.8137203739645429, 0.1791111304680726, 0.5387379986292444, 3.3505065506046776, 3.729164603137974, 0.5470606181147559, 7.290085798234372, 5.052097554465604, 2.0632988694675305, 3.9569026719499334, 0.05940907961485209, 6.960610875117709, 2.4595197560038287, 2.7469744018796973, 3.2034340159598287, 176.2474016637193, 1479.81078388853, 1517.7271531413462, 198.2505078405352, 0.14398438605667252, 0.9875170880338828, 0.9424147825177442, 0.10266179568088774, 0.19943321781966006, 1.9323364492881865, 0.022336971112054016, 1.5742692593362335, 1.4985708849822004, 0.0074451017430874344, 1.3211162461484491, 0.0879651725936128, 110.65269769852216, 859.3447882112425, 468.750822169161, 5.9497724382198385, 0.3858062608852606, 43.60589907701012, 313.77625569298505, 314.0373474521583, 73.00384283500921, 718.3126030495757, 311.54576829201983, 20.624293713836778, 0.0380776594404324, 0.06198355440221803, 1.001659108885292, 0.9697409795896874, 0.4269580115418421, 0.1714019540912659, 3.6830924621496024, 0.21548048807380837, 1.4682084924691026, 0.09184681271017325, 0.7363902776902478, 0.2662254473241319, 75.82284329103868, 312.81931175208774, 114.71914637025952, 1.0346279654587534, 0.4619290523377231, 0.049560067664401686, 0.09890439439232068, 11.292316551344925, 137.62828700384637, 184.42079963011133, 23.144458921160776, 0.8363214227672415, 0.7649900385976025, 0.9998691698222046, 5.611494446919551, 0.18414497010166997, 0.4101505374990211, 0.09566580564012384, 0.28193138732353873, 0.004692465343168806, 0.0026179122795610965, 0.5101855361506296, 1.7746378955314412, 0.004574993490791712, 2.5238527639060067, 0.5470628983539427, 1.3700189809209178, 0.1618052372286911, 0.010166388903712686, 0.458056200787496, 0.04799428231422098, 1.2102196461858057, 35.82115899656321, 68.95149577932398, 20.222536865252096, 2.022718975321254, 1.7530920246817914, 1.5370434989818023, 2.2557359519919373, 0.23406954437677996, 3.9178384406163786, 3.8558602755631455, 1.614051762506847, 11.082108491914823, 3.4049387402606044, 3.39851081561892, 4.573911888987368, 14.685768870571337, 328.6045406885928, 531.5921008824021, 61.55875776627181, 0.014086959119595122, 1.6706607715061637, 0.7954619347093512, 0.6493151257786849, 0.45510000068406953, 0.901958831178149, 1.9832441039632158, 0.00068632959983006, 0.24868019231610106, 0.04976099592693117, 0.6225093251964608, 0.8088575550824544, 1.0245516183643986, 1.3635265945877109, 0.16290792051995595, 0.002933497919457295, 6.464425942781418, 13.913430171068967, 1.3088786545090443, 1.5570833161179962, 1.7579190951350938, 0.15563893334001477, 8.058946918261881, 7.675531758465013, 0.5374242101593154, 0.1840034889658, 0.0034821367435142747, 1.0923676510310543, 0.005452114059607993, 0.9718568422995304, 0.0034965980305514677, 1.1836549849222138, 2.5352464725360733, 0.6995530813067035, 2.1728058500420957, 215.47593734328416, 728.7921090937182, 10.032809817364068, 498.5977529562831, 37.83632603237538, 0.7524284190568551, 0.1139437903103726, 0.06673992441255905, 0.2653686272442428, 0.05816591454697573, 0.0041872304890375744, 0.37564010558969585, 0.01286215066056684, 0.006580395767059599, 0.5735578817557325, 0.04470516960623172, 1.8064802168719325, 1.7454796940664892, 3.2064626149715423, 0.0010150882485504553, 0.2774681591782837, 1.3032499875506574, 0.012571901776482264, 8.859743524570604, 11.095572377622261, 3.6176759555031595, 0.06664277062429846, 4.423443400224642, 0.15752880516697587, 12.74253059014552, 37.702114472469475, 10.338912299919912, 3.2652832273209924, 3.0721641354059557, 0.18553890536566087, 1.2698123949880937, 0.016841745499164062, 2.553070879349548, 0.8155750426285522, 0.029201369324709958, 0.00020265635509986168, 0.08167670453428855, 0.22222176595278142, 0.6278754611091699, 0.5840676150266972, 1.0426713896109732, 1.3558937393067936, 0.37311378827939734, 0.11756374540470915, 2.710668586924271, 0.005123620210383706, 0.07620014440942668, 0.6974746344955065, 0.5884700327248993, 0.6431264096650011, 0.07443765596656249, 13.034087234473418, 3.797092425623532, 0.23811746510409648, 1.4403828688230078, 2.4003231760586914, 5.200006919687894, 60.28385455552939, 215.77730351326863, 167.58472867176533, 8.868010025211788, 0.19858099012844832, 0.33435300328073936, 0.009319576408643115, 0.0968120806397792, 106.86426784097603, 663.2067988060915, 335.0123281126305, 3.722945754520879, 5.859780371101465, 4.318742527760264, 0.9929528298503101, 9.808791296049776, 7.416925292573978, 1.5804323240320173, 2.213562074055062, 2.45156785379379, 0.1993245721311041, 0.8304746944031649, 2.238325247728426, 136.8339299068689, 1228.3381900433237, 1418.0175036384321, 187.2051458984713, 0.9504817154338525, 0.1203619214002174, 0.5376889816236599, 0.19415552146733717, 0.1607343203735354, 0.10286976923043767, 0.43036630790027175, 0.3011936450409394, 0.011597941984632598, 0.006493709356391264, 4.021231128489035, 5.9555265869419145, 0.314543038291049, 0.4952467041059663, 4.0641004158098895, 1.6091496354022183, 0.24287415395747303, 0.09445784375066069, 0.18149540366607653, 0.5967007342264878, 1.388990923810752, 2.9388610149742362, 3.4364343545239535, 0.556739120623206, 0.7441190054823892, 4.09932329602907, 0.1518027081924629, 5.73535833565893, 0.2432080344856331, 1.2753120647312244, 0.14974487895142374, 4.91771615738071, 397.98489601517167, 2334.9500152644314, 1010.9462895588645, 0.6957718178644541, 399.32352978591007, 1760.754882065502, 1043.4646903631897, 83.46513749209294, 0.10393371159739218, 1.1191935324329734, 0.16142049627478627, 0.12374270033308221, 0.016860801659049685, 2.023462183262609, 1.197668702343094, 0.016427106542096226, 0.016357872184016742, 0.8423898057493489, 0.8858196507121647, 0.3275096673500002, 0.561630571839828, 0.12717371457245008, 0.0, 0.005805185766234899, 1.357857846877664, 0.023148535969653494, 1.8415241779611051, 7.059623201532304, 167.8957256734825, 483.5992920880594, 122.06108582602337, 0.17175755790310632, 0.17213675682739904, 0.6612745989276618, 0.22253036524773506, 0.20745212336476015, 0.03606933797732381, 0.22518408175972127, 0.0014470879534655978, 0.09254493516323237, 0.11634447300821193, 0.2989977502226111, 0.238841398198133, 0.017192789563864608, 0.0506177612958254, 0.9274896894446556, 0.4636659799090239, 0.5173830573953637, 0.41388362894520014, 0.18848815290198218, 0.22302323970200177, 0.20515932918033286, 0.7173212299671832, 0.14226151742650472, 1.1560176476070865, 0.2638348820887586, 0.09359430260553836, 0.003286679436769191, 0.28534200823867195, 0.15960276207943025, 43.20665457627956, 317.7612934193435, 286.1352799469837, 28.356945038425692, 1.2815695815970685, 0.5509016476421493, 0.33576235620262196, 0.6447449659067388, 0.2679110419701374, 0.002806088223678671, 1.0676658523973401, 380.51707598636995, 964.5038002615811, 36.550504763262325, 58.44887029833967, 0.5535630824049349, 0.020719200190455922, 2.616673453323415, 0.10782562479334956, 5.734575808344175, 1.4941732903998854, 4.375721862089222, 1.120371130974263, 1.4414004609454878, 74.31701732490205, 103.42666442630377, 6.721847655920101, 27.454170067494942, 220.99721322363735, 147.4477983857023, 11.477331835251789, 0.00394048206271691, 1.09417979127511, 1.369759019522462, 4.3328809042968714, 4.869066780635649, 5.138383597730581, 4.600200964616988, 1.2792311857556342, 0.7578133669817362, 0.16148508788296567, 0.8914707152696337, 0.026856325047674545, 0.48104774243256543, 0.0006372861087129422, 3.0273971952706233, 175.78374496257084, 914.0725441818236, 619.5581677775858, 72.35492162022683, 3.164352624689627, 0.773532611100336, 3.430911915852448, 4.347357028118722, 9.803551506211079, 0.026313410544389626, 0.5521653613478748, 1.2738708846800364, 6.457864629453184, 0.312870210019355, 10.137029467000048, 2.791862147648658, 0.11783940987072583, 2.4709486134579493, 5.954468781949913, 0.6944341876783255, 73.60438409499216, 238.41123904737628, 43.34358703090834, 1.9734339478843594, 0.8878690293240652, 0.2243481322682328, 0.3843426844427995, 0.1865623407387602, 2.257895930980112, 1.8375178485397328, 1.590994709117922, 1.5291982297485447, 5.356805033015689, 22.778450246149987, 201.69658454456135, 594.4157365228187, 160.52176281524953, 2.0689995393644267, 0.13290769004254344, 0.18138336546542178, 0.04197065961068347, 0.22571266468582962, 1.499644250776214, 0.09056850300544284, 0.3101913410288262, 0.45371990706200904, 0.08655752540710182, -0.011302100168904872, 1.5056166014564951, 0.10218722637614519, 1.4914849099305911, 0.041697811797121176, 0.49060309933997814, 0.02657562895524279, 0.02591475453982639, 0.43317038150973985, 8.849243964681364, 9.989018905731882, 3.7050550326770235, 1.7892926603620936, 5.951216026360839, 3.5680912614755016, 2.5809263966410754, 3.568091261475388, 1.368606298972395, 0.5373357980563469, 6.174464180190739, 0.788686704046313, 2.9119528671824355, 0.8813214612591764, 0.421853155058443, 1.9050301010295243, 0.1056674860901694, 2.586812773678389, 1.3547775769519603, 2.0512962749287453, 6.99890707279917, 1.8443540901425877, 1.1431552727024155, 0.0029435212471753402, 0.8538327038271518, 1.5103001415282051, 1.3889467174002448, 0.3755792376473437, 0.29668065921725884, 1.0304012065450934, 0.6887294568517746, 315.71492081705173, 959.9912256947099, 154.5328271844112, 36.83669946763075, 56.97840614115603, 12.695536334740495, 0.1571380773287956, 0.060087936205377446, 0.00781421056126419, 0.14150003512372678, 0.09486960761068985, 0.12329955734037412, 0.001920842723734495, 0.0076307505121349095, 0.017321733837320608, 1.3207481662960845, 0.30540320784712094, 1.3713537237960054, 0.4101322821387612, 0.3008801362345821, 2.089117433749834, 157.30523579697592, 338.8701563389918, 58.10597074223233, 0.011158356723171892, 0.17969871126024373, 0.8332126904002735, 0.6566904151088693, 0.3607204050534847, 0.011626466483789955, 0.3793617556779054, 0.06840194268102096, 0.014994761254001787, 17.58866453798396, 116.21284511141357, 38.50149274705177, 97.51037372737187, 333.79826184085096, 95.29151969142526, 0.011854436128487578, 6.698740068440429, 0.26991751407285847, 5.958353568876873, 2.2299548864939425, 1.6858362491361731, 1.6583336071132635, 0.06703851551037587, 7.062428320190065, 4.705659800745934, 62.44912864355797, 739.7135681176519, 1393.8549143032537, 353.1846861890642, 4.942292264912908, 0.8958078682517225, 7.531412374413776, 2.3469961941253814, 1.6333758031137222, 4.121585653719194, 11.661741538759316, 0.4535743531579328, 33.54339170334083, 92.7305372330436, 28.583828949097324, 1.955247147335399, 0.17520055023999248, 2.4976904746517334, 0.002185366788467036, 0.602212727789663, 0.031848605754191794, 0.28768511505342076, 0.34652507368184615, 1.368331924080394, 0.420931190265037, 2.176501635065506, 0.03219571967122192, 0.4425831368787385, 291.14546272702523, 1132.953228908048, 577.3302271368157, 47.04903554366001, 0.6114045180252106, 0.28333509503761434, 0.17189001680969795, 13.126996718804094, 284.9731437366213, 631.8987009995446, 158.35502574502084, 0.0044494155329175555, 0.534823267462798, 0.009955206293739138, 1.6250121916710896, 76.0000770644474, 491.8803767607362, 296.0085737793038, 13.049042102279145, 1.8364508937311257, 0.16834396214460412, 0.9338638516387618, 0.22821846189594908, 0.025556829565175576, 3.9663238985828, 3.4071543505747286, 0.28394518191203133, 0.48331214869665473, 1.772086650597089, 0.7800766315591545, 0.032324774537187295, 0.025965232223143175, 1.0998204009486017, 17.29113933961935, 103.01171602574448, 21.1783264917608, 0.2440539611712893, 0.21944584790230692, 0.35316678466585927, 202.05692738809626, 806.6948060586735, 326.1712897416601, 9.279962939576762, 2.115402998558011, 0.8735815888119305, 1.285222469502287, 7.209310926834178, 4.710047825910806, 369.09658703257674, 764.7599856890672, 307.04491362277327, 289.99937671039174, 385.82256794279806, 65.6151585818119, 0.7570620610877086, 1.2525103917917022, 6.949636109363496, 0.0022750088246539235, 3.7089391671157728, 0.9067840307591268, 0.236815694728989, 4.8185101728581685, 67.20461629946112, 99.73123582614846, 17.744936837831233, 0.711047471558004, 0.3149931831247841, 1.403028049489194, 14.742468490794295, 15.868530565561741, 1.6293434450279847, 0.16044373116437782, 0.43365990989138936, 0.10612077701091494, 0.06267267331793391, 0.08899740304900661, 1.886192084841241, 19.254519201151084, 16.85278301561766, 795.0523286418313, 964.8219491448351, 112.28375219460258, 0.8181522826369019, 0.18719045923626254, 0.10885789278199809, 0.007878290202825156, 1.0985432814802607, 0.8683002476980164, 0.05693929124004171, 1.3462443431415068, 3.9050581780404627, 0.023220755031616136, 5.301175976598415, 1.5197729310862087, 0.7813132943424534, 0.05636495560975163, 0.0038324431013734284, 0.018917838755669436, 0.3563228036402961, 0.40245682476484035, 0.1317534311219788, 1.205707221493185, 2.636728827835668, 4.158914456411367, 0.008073478641790643, 0.09583656322092793, 0.008093512652067147, 0.05960668181182882, 0.5319427227382221, 0.7085806442464673, 0.0001621260273623193, 2.5269165226172845, 0.11876941349714798, 24.657360480943225, 686.9855023937353, 1247.0466308838459, 275.20646541969495, 1.1852601220767838, 0.5497536151247004, 0.003585282138601542, 0.021602983163575118, 1.007011586622184, 0.5547017588231711, 2.30077139419177, 0.07415239412262054, 0.07442863286814827, 2.036146011337678, 3.4194105150446603, 0.38042978714941, 2.3987123942594053, 0.38042978714941, 1.1230337260560646, 0.10347125696591775, 0.14352239796414779, 1.7565403516683773, 18.665229919418493, 62.46615147030593, 64.21564394982215, 12.192473722735713, 0.045594225660011034, 0.5959497904581212, 2.865808778953351, 0.3717352930765401, 0.6934641221564561, 0.5788748400924533, 0.2057937733803783, 0.16927181400637892, 0.2057937733803783, 0.023109119315677162, 0.6571205767033916, 1.1559435278088586, 19.35624098180506, 315.5841459954627, 432.3368555019324, 65.06058005300406, 0.032877408109925454, 1.5545320791327413, 4.752909458722115, 1.142936169095492, 0.29665187400928517, 0.020606309885010887, 0.10832216035964848, 0.10822825532102343, 0.05925489724381805, 1.6070674532359135, 0.9587260583980424, 0.8281867495129518, 0.08381476538454535, 0.1293260763853823, 0.00020856520370671205, 0.0018713039970634782, 1.4446000852112775, 0.55550860527228, 0.5080690993198687, 0.25073309812592015, 0.000205480082286158, 0.3777999086194086, 0.7795359304615204, 9.275904974064133, 25.552115672939294, 4.820739106738415, 0.13617108893765817, 0.13551644805875185, 0.33526476707720576, 0.00017199297633396782, 0.34498643984181854, 0.5151649056770111, 0.1965450365438528, 1.5156177115811715, 66.6562604718165, 428.90041014347344, 335.7281649755482, 19.02763378670079, 0.26177372090398876, 0.30324166760078697, 0.22137372922895793, 9.70145535152983, 198.7344396437777, 726.8076918674301, 249.47758617695513, 0.04230930635560526, 1.4282054432057976, 0.11261740309663537, 1.1209870108854716, 0.2136387183794568, 261.4003302353675, 683.21637629817, 174.68407662896402, 8.204493473342836, 4.153169886320256, 7.748628369131211, 0.0038088776265112756, 2.835132513613871, 11.823964512943348, 38.12801714164243, 23.391410594901345, 3.513464953636799, 0.00248465764843786, 3.42370645267647, 0.0886620251091017, 3.337450059771527, 1.4374129512589207, 3.205375145137623, 117.37284033059359, 598.724484289472, 436.22946183861586, 40.654769547446904, 0.011729410028010534, 0.053267443687900595, 0.12307464933326173, 0.14419294757408352, 1.1481060589335357, 0.00897506842443363, 0.07444289127909087, 0.32622636890266676, 0.46805712316154313, 0.1668355726297932, 4.507498265595132, 169.1975204208004, 149.09676208487735, 27.379563879097304, 127.36178082883407, 20.624433899281485, 0.9438045867926803, 0.07353819771947201, 4.123462677360749, 2.2197128493194214, 0.20421696894732122, 1.0622010777274227, 1.9835037124714745, 0.22753116994192624, 3.9681326796599024, 0.054072833415148125, 0.17952276620712837, 0.18950810685691977, 0.01037535237139764, 1.5402694517185864, 185.12352899995267, 1100.7412157326166, 539.0311939893179, 5.173535582426439, 83.57184159721953, 257.35082970574217, 62.77558086903696, 5.959840322370383, 2.8733150062232653, 0.6971270448952964, 3.82480335444302, 1.8723732563967133, 2.0361339832229532, 2.200606641217064, 0.021540220164524726, 0.2056062474052851, 2.7912087416391387, 1.5717330228472974, 1.3703678520600988, 0.051932060007175096, 0.6693741807562219, 2.5774695908605736, 1.9352864561833485, 1.4267490440472557, 1.3958377852072772, 2.5839398171115135, 2.8083119579392815, 6.051942082497931, 0.6037234062396237, 3.0530656218294325, 1.1214278537383962, 0.1621483127079273, 0.010180933710444151, 0.1928164901777336, 0.5478722565052294, 1.0907268614930672, 0.849994245424682, 0.6811687608691273, 2.0603982829463803, 1.0952734565611308, 8.61804747702422, 135.81677783712883, 82.86226452242067, 18.475909227509987, 42.13828221406243, 74.4633397042403, 545.1692451795545, 698.1006819832978, 100.86767891176146, 0.5796246718070961, 0.19062563935256094, 0.03077330569476544, 0.09742102972097655, 0.48661882048395455, 0.0006206784609048555, 6.688792682391863, 13.425049914057809, 0.9912870215443945, 0.006181506390475988, 1.6982652811025218, 6.698297640026112, 0.4462403046586587, 0.5251091566299237, 0.3804971805236619, 1.5951687195999966, 1.471272079790424, 0.7497171724132841, 0.6437212528560394, 0.21524893565492675, 1.4251009793913454, 0.8535216780489918, 2.740911926626495, 1.0551762608010904, 1.0614725083019039, 0.2423331310096728, 0.21663803252545222, 4.7931607434877606, 2.0067621634855186, 3.527095134771116, 3.59098619858446, 3.622463996722672, 5.814599538982748, 0.05721119959002863, 0.21703385687669652, 1.6396446769048225, 0.17472944427697712, 2.2315405093218033, 2.667142123935264, 3.675272677145358, 205.28531194550283, 497.97018670456055, 110.36061630474819, 0.0981227056042826, 0.09888796816551348, 1.5515456400887615, 1.182569757030251, 0.012719186051072029, 1.436780725986523, 1.0834858632711075, 0.003081723136801884, 0.4697772252984578, 0.908212657513559, 14.266804431293053, 6.699490166004807, 0.20579852017931444, 0.0012002399346329184, 1.0843418413103336, 0.08631334081155728, 0.15750310924386213, 0.18425805895253689, 1.3578773859524063, 0.46247334850909283, 0.0046079644107521744, 0.11492370502946869, 0.002592758084574598, 0.5414609468939489, 0.35633346185340997, 0.5667658494578518, 0.24507814521211913, 0.9549531237269093, 1.3637176218992408, 0.050348558157111256, 4.1125321724694, 8.914762187605447, 0.289693446814681, 10.981875352053066, 2.1680111564141953, 6.897885635355806, 70.54937524848492, 79.22094574089681, 7.838662436001869, 0.05802002950019869, 0.06827620889146147, 0.34683729814855724, 0.12305639909254751, 0.766121592087984, 0.13885086224524912, 0.8438255653207989, 0.747751334663235, 0.023042208550577925, 1.2220579667209677, 0.21022322793908188, 0.023681994697653863, 0.39934569606202786, 0.8780252931005634, 0.056955276286998924, 0.22749459510635006, 0.13564140891310217, 0.47900996379803473, 1.4463989361615859, 7.036971314190964, 1.31180862122892, 0.13415727795120347, 0.23098499434252062, 0.10282418435861018, 0.3266619624230316, 0.13444574458969782, 1.1683932259987841, 0.052687399798969636, 0.0021730838320763723, 5.426840411313378, 0.6408759654779033, 7.258243529041465, 4.16703614776759, 0.8421506232454021, 2.2446439713202153, 0.02645861290773155, 1.9811406036520793, 1.534916121982178, 0.07466198611280106, 0.13203217715386018, 0.0888025652708393, 0.22684895548070472, 19.491714762324364, 28.189565729460355, 9.157262883052681, 4.341881764899654, 0.25604700469671116, 0.005921199902445551, 0.12233691510846256, 0.9041559463005342, 0.1383022892327972, 0.013786351743533487, 0.8370575447640931, 0.2364521305814833, 44.92363806385265, 225.1161282439466, 120.00165716562583, 5.574368943552145, 1.0645557367402034, 0.22474770710527991, 0.16456929162404776, 1.494470557501927, 0.8529926234530194, 2.5024961363093325, 2.6883569296512633, 3.4110481501538743, 0.5909387980279917, 0.08665539534558775, 0.17228823966433993, 25.163043184327762, 131.52477967545929, 51.208845749492184, 4.763924014673421, 0.4234730781063263, 0.9102451725285619, 0.17183778040134712, 0.5582379919728737, 0.4678192054632291, 0.10084264501415419, 0.00015055797996410547, 0.0005990173142436106, 0.17311686644518431, 0.000598630059585048, 0.014917515058641584, 0.40797557387338657, 1.1737817906354167, 0.0054725622397882034, 0.03468695934111565, 14.577033502884433, 32.77324424960648, 7.5012304999034995, 0.03069109414036575, 0.018241661007209586, 0.16481687366558617, 0.04693603593887019, 0.009013785035108413, 0.03594944122437482, 0.16436758133863805, 0.3050429462273314, 0.00018160378590437176, 0.32016668843289153, 0.08828984737942847, 0.22570025979541697, 0.12447594517379912, 0.17719842663541385, 0.5145182786277473, 0.03582335503824652, 0.00018132279012661456, 0.08005652900999394, 0.875148058474565, 15.322796112543301, 33.7843864430688, 18.467883911746753, 164.15079870780528, 619.4453443701802, 196.1006233508681, 0.5834712929669195, 0.1260611585823881, 2.0697464248036113, 1.1464937604455372, 0.030226483333080978, 1.2572296306749422, 1.3505038023258749, 0.06431647942110885, 1.3505038023258749, 0.01033120906242857, 0.07549627442824658, 1.8139642374242158, 0.2998930800135895, 0.4131192158374688, 1.0028642125116676, 0.5322056143414784, 0.03137099888044759, 0.22992558461533008, 0.22726907182823197, 0.2812454164622977, 1.0211380670631343, 127.12839648468866, 439.8575918557958, 102.33395462043268, 1.99466447922714, 1.9136965669707706, 0.42785082407476693, 0.012411727382641402, 0.04269448951868071, 0.38203012850203777, 0.19727962116530762, 0.0009949664464556918, 0.01595277484886992, 0.2527354228324157, 0.6892017466001334, 0.09841818410961878, 0.3345069765886137, 0.06305266958736411, 0.04817503884646612, 0.0002453475499351043, 0.7514880449226666, 0.5967773023601239, 0.6218712659291441, 0.48182556109725283, 0.08907539211668336, 0.129389599218257, 0.31838466655574393, 0.45459301013841014, 0.07065085633098533, 0.37433637297488076, 0.0009816424485507014, 0.024427804185961577, 0.7854244946985318, 14.613693374426703, 24.127580297530017, 3.2926617293195477, 0.6254018507553383, 0.627599675684678, 1.7734545800810793, 1.741949732892067, 0.8610585805181472, 0.8378429339946933, 0.27000525664016095, 1.1546370019145797, 0.3390190071887673, 0.5950627836921285, 2.4792901511532364, 1.626290363410817, 0.3125387551025369, 1.214118234525131, 0.22733012845537814, 0.04701025042436413, 0.8230968024585081, 0.9830322792772677, 0.020498943107895684, 208.14349585556397, 1068.4313488315604, 347.8399218940672, 0.9003181511114917, 0.5848545304640993, 9.849081178985216, 0.9185983561517332, 2.178171633388274, 0.8645024827711723, 0.6847583472851966, 0.24086856895780784, 1.523295789819258, 26.328818495376936, 361.31167645346113, 478.9254806419202, 69.38559641747565, 0.5140371090407143, 26.0669998235295, 78.43756467422463, 18.278888552830836, 0.032068291750988465, 1.3226650594247076, 0.018887606116436473, 1.7317336165345978, 0.06830793036067462, 0.7507242631254485, 4.7116207210507355, 42.17779894060368, 12.627981845034583, 18.715349217461153, 66.57590018902101, 5.269635779799046, 0.08652855265449944, 5.555370826943317, 0.2921015066099244, 0.8532979022234031, 0.43794616749460147, 0.04318176120023054, 1.432389719512912, 110.19897991577727, 565.4326114486103, 168.9013705144655, 0.17668150406916538, 1.7378812301481048, 1.2673547622467822, 0.5659501786703913, 0.15223074023765548, 0.770540773384937, 1.00474553800575, 1.2077421376108077, 1.6659987627826922, 3.0708303238305916, 4.149735108472669, 2.9530951950016515, 0.13415404571514955, 2.059123464105028, 300.3810937415185, 1184.50165508815, 567.6330818175718, 33.986661414463015, 1.480007588778335, 0.7073984100009056, 1.5117314057697513, 4.991440748062814, 1.4475535430590298, 1.9047509180652469, 4.431965451544784, 1.7311352719036677, 0.12924469708150355, 4.088987472407553, 1.8973333661681409, 2.0869795298763165, 0.09872294607635013, 0.7318280786730611, 54.64623163589067, 336.5103035582888, 167.3487871076045, 3.2778545423511787, 0.49415956960706353, 0.0052068914496885554, 0.1540743842735992, 4.950446516468901, 3.9597548120123065, 0.2906309418026467, 2.498056453053323, 1.5297189217058076, 1.3972804754453136, 2.5791118797935724, 2.2620903655229085, 2.0457678622376534, 6.4716659020893985, 1.437238076910944, 5.698766209766291, 12.31482320111968, 13.430079494851384, 3.202058490880063, 2.1897557835548014, 1.1185456284157453, 0.3474125604142273, 1.8678475819978075, 0.4100765398536623, 0.2939652214374746, 0.23461892741158863, 0.013678210524176393, 0.16580348002287337, 1.5217952077761083, 1.1526014851303898, 6.963314514349918, 0.22216517484980614, 2.1430893451165502, 0.26094391212927803, 0.3159498941936363, 3.6046488726341295, 0.26804666438476943, 142.38727127338848, 492.242646002013, 113.79748718556766, 1.541527176729005, 0.5511018426504961, 0.6526218711404681, 0.9065608917190957, 0.12455780009486261, 3.2943395208587845, 1.6698692165487046, 0.21110927489985443, 0.706358880652715, 1.104205869484531, 0.08514186127740686, 7.216491954946832, 2.2049323099188314, 1.4810938390901356, 7.514794718682197, 4.7081913324004745, 0.05437359801385355, 139.90954398192548, 736.8124766956892, 250.10202304958307, 1.3950187833950167, 2.4457019017888797, 1.60608041551086, 1.5721783482210867, 2.4502155429095183, 1.508753467624956, 1.6379066474969477, 1.4490885906868698, 2.101193537960853, 3.051650544806307, 4.524733076318171, 4.5697038307655475, 6.754660732920229, 3.271596820525019, 7.359620946597033, 6.235338081291502, 2.575084494201974, 22.68708848909864, 10.731519841418503, 0.7346940213504922, 1.4387203466467327, 16.026736556613287, 29.889806146856017, 21.544875525074644, 0.409121928904824, 0.0014342107461970954, 0.09437884170563393, 0.06026038222671559, 3.192760616496116, 100.74727737748753, 291.66026045355034, 55.08754640967868, 1.2217546266929276, 0.0638090760819523, 0.512146262453598, 0.3136664704152281, 0.02351999497795987, 0.37985361279447716, 0.10308279989249058, 3.1110800951712463, 0.19916987261012764, 2.412101368397316, 0.12138772889477423, 4.2372761115684625, 22.681810271787526, 16.052666415269982, 0.969703325881369, 0.19003238645200327, 0.7130649492889916, 0.0006533965097332839, 4.592039932004809, 3.876373531419972, 0.8544515816296325, 0.2604526826391975, 0.18331697823009563, 0.44637396584926137, 0.7017857360112885, 0.31778419251554624, 0.0006937165060207917, 0.5598454982588237, 0.3331658529057222, 3.141579233580728, 1.9169960725643023, 0.016602696875111178, 3.8483682337690652, 4.55190428464482, 0.039145034610783114, 0.0015882480806794774, 274.98776047943966, 1839.051750923703, 993.2114177519304, 423.8533840204682, 1809.7161081709198, 500.3547419572269, 8.368722243801813, 2.313605367553464, 1.2554166805596196, 1.635452461851628, 1.4441442178294892, 0.7536455557876707, 0.04706480545769409, 0.25697206105974146, 0.16696745986746464, 0.6951373553081339, 0.0016786206060714903, 4.7560190629408226, 12.56701585666815, 1.5882720008563638, 0.8894860112594642, 0.1270428442363709, 12.756032455560671, 75.31040974861025, 42.78193902104408, 4.5395591531150785, 6.4814829237332106, 3.2538269352976386, 1.7737852605985154, 11.398371777046123, 2.9194049640339017, 4.177979775033464, 1.0811425637718912, 0.16479938120028237, 1.0150647309208125, 9.272830289580497, 4.934491650619975, 2.3274280138691665, 4.258042467962241, 1.2360747018965412, 0.08685335155701068, 0.6917956845044273, 1.2510317155871462, 2.194817606904735, 1.4114952577315307, 1.9929121533489251, 1.2162072707158131, 6.79098352823803, 2.607544898512515, 0.3835605927317829, 1.89456885587515, 0.8709703149081633, 4.536450387623518, 3.5314378390555703, 2.8441206927545863, 6.812218255570997, 0.2974139973032379, 23.141189689750945, 171.93394586108548, 98.95714392482932, 1.6024187791335862, 0.0007154624501026774, 0.0007279667355533093, 5.345549262676627, 70.7018421825735, 205.14674603380536, 78.79864330533451, 1.1983864272705205, 0.09190748424293815, 0.0003182276465167888, 0.5388743352873462, 0.09251855917341345, 0.8310442159919376, 0.1569796823332581, 0.6749564691516525, 3.0990014387416522, 0.3281482141787819, 4.663473396589097, 5.534154758405748, 139.31310973191512, 155.57468991153746, 18.59920884637131, 0.06317491779918782, 0.3960782839526473, 0.5235587204334706, 1.8581214061521223, 0.20722810820211635, 1.644531626088792, 1.2203715777393427, 2.259230223958184, 1.792452559484218, 1.7255202665583056, 2.94674954905463, 0.24968171214504764, 0.035587517528256285, 0.030679208704441407, 0.42342268973334285, 4.808957159246802, 0.2699175140726311, 6.397526910062879, 1.4657979029584567, 1.7282203000497702, 0.2242907385559647, 0.8792820002986446, 1.4034160877629347, 0.9051320302992281, 4.353920808289331, 8.998043372171196, 1.9671296006767989, 208.31404409682023, 542.1106693876736, 103.38638258599917, 0.8789829654359664, 0.5892490993510364, 0.014019019427905732, 1.9587203625590064, 3.3383383915981995, 59.75502002875396, 241.4019934672259, 63.78502808592975, 2.671957372381712, 0.22865693240350993, 0.22488652387460206, 38.64937619040211, 84.64930865741417, 18.111619205768307, 0.1014081707319292, 0.7941482847757015, 0.1325923356033627, 0.2785718517685609, 0.21120819071256847, 0.44431475442411283, 0.013381012637637468, 0.09135668457281554, 0.01925812269303151, 0.7699894472127653, 0.17107800874657642, 0.02569207069359436, 0.025527655498990498, 1.4375224948754521, 0.04184175892123676, 1.6662218347063344, 0.08748491327401098, 245.68806640552089, 398.81571873220173, 207.04216279517368, 1026.0736967478956, 198.0975566427835, 146.05865358723918, 928.7380604130585, 685.9947845403237, 85.46849870318806, 1.3165861444958864, 0.1859554572424713, 0.13083402408949496, 0.5012428127481598, 0.8615633135439111, 2.0665959889481655, 2.132629783055563, 0.1338041387539306, 0.2581516295417714, 0.22919893703806338, 0.0072165553958711826, 0.31683138866355876, 0.2574985969952195, 0.0017661923425293935, 3.0503901223589764, 0.3429612493619061, 1.9891816464910335, 1.039754628587616, 2.1867714010013515, 0.7281060461029938, 1.793461499206387, 43.02405680363631, 444.4032546277265, 614.2999305422945, 110.87141731708107, 0.12756628298097894, 0.26278310866234733, 0.05353479752761814, 0.8129853470103399, 0.18998640343784245, 2.2736874486951137, 0.002603357206567125, 0.9802805289464231, 0.053105685897321564, 0.0237133291121836, 0.023649842956729117, 0.010525115207428826, 0.14870937428861453, 0.016545296327194592, 13.82439347833747, 379.1305181701073, 710.202503972926, 135.51402421730472, 0.9175908118253346, 0.3124954135455482, 18.40203545096574, 198.82328356476046, 37.60999174673361, 197.26490662239917, 220.48033156536553, 10.479103398693951, 2.9325265001996286, 0.16876302555181155, 2.4177388137546814, 0.017492147464395202, 1.1509300315806286, 0.2825175984866064, 0.00641954702291514, 0.12086745560213785, 0.004458867623952756, 0.1828800709549796, 0.06409318066562264, 0.040053569255178445, 0.21815364897895506, 0.0028585746493945408, 0.0016125617696616246, 0.030291939106746213, 0.01794138044238025, 181.94686567558415, 1584.7846023063926, 1282.3830384976927, 95.41870109622027, 1.824415683226448, 0.389629398648367, 1.0982273325472534, 0.010977138075645598, 0.21787868117985454, 0.002078471381082636, 1.530102669072562, 2.5742333102023167, 0.48778977495635445, 0.14167734702914458, 2.2101270964594733, 0.44269648748854706, 2.337913831032779, 0.38175716751288746, 0.4184241870286769, 0.727628612487706, 1.9247403873289386, 0.2672064859547163, 1.3779813737038467, 0.41812943384138634, 275.34309602701956, 1227.4399125048963, 686.5429767171281, 54.556656288469185, 0.03898991867299628, 0.3300217261355556, 0.0671644626959278, 2.0914752843326596, 3.7648027496563827, 1.8383025465591345, 11.725236418240911, 1.9227973079309777, 4.440955605422005, 5.218430091643086, 0.2778952114396134, 1.8679758442464163, 0.09041639201086582, 0.018633146912179654, 2.8750248963315244, 0.42888039793228927, 0.48025150830767416, 0.2270037647066374, 0.014979992224994021, 0.9011007203623649, 0.4474220216343383, 88.73011964778289, 411.25325178274034, 140.53280215745167, 4.2974890727218735, 0.10183974346875857, 0.0021779241233161883, 1.9833018853473732, 0.41987423396255963, 3.5438259678822988, 1.6057321468226746, 0.27012470790862153, 1.0777573101388498, 26.46633864709281, 99.95586341409467, 21.389483711096773, 0.07650066118117138, 0.8745289304107473, 0.5605000380102183, 0.4580497548532776, 0.6461987499997122, 0.22704402331351048, 0.7943112868094886, 1.974513817566617, 0.00875275425005384, 0.377990523995436, 1.9647709550831678, 1.3317400149492187, 0.033238798085676535, 0.026675140616248427, 1.7810371233813385, 0.2942837187850955, 0.43973285546235275, 12.763805811373686, 98.8469800191856, 78.97573740955033, 5.054420068741933, 0.28596782776105556, 1.074551662654244, 0.026055586729967217, 0.012982753489609422, 0.8296337077189264, 0.008348905875436685, 11.682765148264366, 59.67657435451133, 57.254575508544235, 2.3342187016226035, 0.3483131673799562, 20.978708723563045, 3.099134352427768, 8.447796339500087, 2.275340221139345, 0.7982291461822797, 5.247148893316989, 5.369340061748176, 5.845361242334775, 6.821423013412186, 5.160087374607201, 14.914198171188673, 120.77429213281039, 162.2355683880062, 26.84161714457764, 0.13628204249806686, 0.3067530130092564, -0.001670080722703915, 1.005580217583315, 0.2975254710581794, 1.8609814326474066, 1.2116692526944917, 0.013497060951067397, 0.1692184202528324, 0.9749926662802864, 56.696667668788905, 1332.08645428919, 2211.7330063752474, 364.3144090098881, 2.2714116194983944, 0.06662443934965268, 3.2276201574404695, 3.6325111772725904, 1.0961518160634114, 0.35152393662201575, 0.01690967983245173, 1.3416588360169044, 0.44473985451463705, 0.3402664589266351, 1.2277755951215568, 0.12410368819837458, 16.142997863701567, 238.87403075546217, 377.4744285521465, 19.464668314754817, 12.334470752463517, 8.67879155312346, 7.059821375443107, 0.4965032772996665, 2.4491553220575497, 0.010748450004484766, 0.580934018394828, 0.0970986263901068, 0.4324860772392185, 55.639434834219855, 439.9243910642558, 398.7219032580548, 31.743401890184487, 93.28080633583659, 305.76686844524045, 112.15503297474106, 4.16979089098345, 0.0016000745067685784, 0.49679846293179253, 0.9794880074759931, 0.3903828770506834, 3.3921547846575777, 1.6003685478542593, 0.2436832346443225, 0.2403951570723848, 0.14109091770194482, 1.072881866769194, 0.12657892121535497, 3.968729714071742, 0.3499211827872841, 0.0033680147860195575, 0.12358954923206511, 5.56356617041763, 6.96182439409904, 0.0016518135985279514, 1.430784804681025, 15.87542826580352, 9.975619100196127, 2.7495757077310827, 0.7774824477937727, 2.957362279837753, 2.328358189525943, 0.43838373282540033, 4.1210586467507255, 1.509185624580141, 0.43477487446102714, 13.564493493489636, 487.2933264347728, 908.8379244760292, 150.27432010345456, 0.043753104212669314, 0.021705057552253493, 0.009675028850892886, 1.8534686604554054, 0.6870310620636246, 0.755546157344952, 0.005576782622938481, 0.012363964815108375, 1.1569056218638707, 0.029893144200855204, 1.0522719252240904, 0.06733720205363625, 2.0095322493067442, 2.0577615398286753, 0.11639071724641781, 0.6895766125146565, 0.5193697527968197, 0.0013576701353485987, 29.535131938435143, 197.6148723463068, 162.43434349663426, 13.872417358967141, 0.9175218628641915, 2.7995931656802213, 7.428130092246192, 4.209787698462378, 0.13298613692063554, 0.7474188116416371, 0.06683747583974764, 0.0037284682650806644, 0.052010740478181106, 0.5523355032378277, 2.4941287607516642, 0.005690307715440213, 4.342711104003456, 2.2255991846100187, 0.21065787593329333, 328.4736353690587, 1048.6957459734315, 319.75739386134956, 0.06692860315752114, 2.233912167411063, 0.6529022173506291, 0.3918275389255541, 2.5127254467602143, 2.4847463094278055, 0.1677862320678969, 2.583718708628112, 2.510154261319826, 3.755901261142526, 0.3465756912061124, 1.9024588687892674, 624.8645866146101, 1731.4600633398823, 308.92481677958676, 0.4450657493318886, 0.19784169374042904, 0.06883534118446732, 0.31592423227539257, 285.66505130638006, 2192.4912995342847, 1256.650408375905, 27.87507948618554, 0.151074529395828, 1.1703443713043953, 1.0075668591645126, 0.1934742433691099, 1.0075668591645126, 0.1959409565019996, 0.6057663828227078, 0.0493682561177593, 0.18718839712073532, 1.950211238276097, 0.5823800619303938, 1.014751761997104, 1.5422913929826336, 1.5107044048284024, 0.8154695767952944, 30.231698434226928, 105.78810986203575, 23.296738282109345, 0.31597452328969666, 1.1439560501833057, 2.885988226553195, 1.6687932828835983, 4.374271540361406, 0.5529433703895847, 9.67182031403388, 2.1512022313226, 0.49024238756169325, 0.6723395336217663, 0.005370190205212566, 0.6024132136143407, 0.5722809717169639, 1.2147027845901448, 0.952388448564534, 14.28012186657429, 58.28560845655272, 47.49600609998117, 8.137081355964256, 0.35244415164515885, 1.4308724199738663, 0.3144556242988301, 1.9458083398689041, 3.6450384826323443, 1.1793058546693374, 0.03149431508973066, 3.1583629209527544, 143.10080263526265, 340.3238385210934, 82.70888009104283, 2.8076552788991194, 0.03844298269154933, 2.5888164353495995, 2.226000211930341, 0.03977456721827366, 0.08111186956148231, 0.7266246907202003, 0.30708543203377303, 0.04810828470749584, 0.46108404856249763, 0.014031843370958086, 2.350600316596001, 3.544946095872092, 3.7843381755449172, 0.8874650624782134, 19.57956177549636, 0.09043183366748053, 15.915166650213223, 2.166230354115669, 0.36294729282576554, 1.0773782078340446, 29.26651262161181, 294.4659568337381, 157.18230772297284, 0.7225124987369327, 0.11397638594166892, 0.3543124845218699, 0.2047969442842259, 1.885572189970162, 0.17412863752406338, 1.141937089962994, 0.23069438523202734, 0.21815001182108062, 1.4691404673774286, 1.435864176101859, 0.4029944447586331, 0.20862388458954229, 0.4262801639576992, 36.27644690259467, 26.77224148435107, 0.6294936059837255, 0.1236507666126272, 0.08099721514099656, 1.3369957724057713, 1.6961809197212006, 0.35099927619353366, 1.3100474115096858, 2.116116605573552, 0.2692210131287993, 0.5347749425134225, 0.12133765377166128, 90.85082445475791, 916.2931515327136, 1356.495528212957, 269.9963731921873, 0.81162842879246, 2.0992094370595282, 129.57444165552727, 539.3860525532862, 312.8675161574563, 35.983168922328105, 0.09232610396736618, 1.4242687259060176, 2.628049841775237, 1.6109692263939905, 6.522229687758227, 0.12083452673573447, 6.825956327528047, 0.041937366663660214, 0.6156991509299132, 0.901457656677735, 1.2057001915950423, 0.8254931509781045, 0.950664062159376, 0.46209727982261484, 0.04233942183725503, 0.10943836738829305, 1.4607157693144472, 92.51772461205042, 436.6752133191769, 147.22779049842222, 1.2027113875955138, 0.19557590678232373, 2.825892358573924, 1.6360204765059052, 38.498337575629876, 486.8475457478273, 606.2942476531712, 72.90317874022799, 0.4877971133337269, 2.303797163513991, 1.1226277798102728, 0.7826883591644673, 3.3270453440935626, 2.303804438508564, 3.648871746670352, 1.1051200019910539, 2.7592703732142354, 0.8279409034117862, 4.7324809622332396, 2.3972917543430867, 1.4585614568047731, 0.11847036150550139, 0.5550005672863563, 0.36907904423310356, 0.06694909866985199, 0.6082109181455735, 38.96753844879231, 444.0559392762507, 618.6833885375152, 103.78804643921876, 0.038012696471923846, 0.6789819976009994, 0.447709032323246, 0.29766727182618524, 0.3418003410346273, 0.08893596008385884, -0.0017338541492790682, 0.5523631361821799, 0.05550426027218691, 0.006324314834841971, 0.013940915536068132, 0.3959628471026235, 0.12665854410647626, 1.624259396382854, 0.12908208429507795, 0.2353094807525622, 0.10579670461879687, -0.0005896199780863753, 335.4129389575828, 971.8600970744686, 246.51983882664672, 1.6403113432349983, 0.11322733325664558, 1.3300899216924336, 2.1011655889498115, 0.009841413050480696, 0.00675901167437587, 0.001090997262735982, 0.5292627106947521, 0.3372947095087966, 0.01767756634080797, 0.14812460411258144, 44.15646384647812, 466.8045342347159, 918.0006926866681, 220.0217406417578, 0.5537188399198953, 0.025927586021509796, 0.4019059038827777, 0.11909212932539504, 0.03407701979858757, 2.1306267986897183, 2.8829208577566874, 11.59388291650032, 70.22499665162377, 79.54069410808438, 20.15646746247262, 194.79149214901122, 593.4970173422554, 239.63312726148138, 28.895023137307362, 0.18027083350489193, 5.233889012729946, 2.3933377908177818, 54.542625708994365, 205.39355577786137, 168.04855777206876, 107.20414797135572, 1798.1351629006795, 1847.1407099577282, 251.75811381669382, 29.951611398900923, 388.3743322116169, 498.70192680641776, 58.0838938142233, 0.2991077494173169, 1.227241699656929, 0.28244953470118617, 0.06058120654120103, 0.012440136562531734, 0.38483545874782976, 0.4719589373424924, 0.012130737066854635, 0.33115432899433017, 0.11027480208827001, 0.024407585798371656, 0.26431727763144863, 0.04030613894610724, 0.0005053342656538007, 0.2888368056892432, 1.0439745104563372, 2.220493490603303, 42.358907846569195, 25.06564902171624, 4.512167780283107, 0.034461995051628946, 2.794260355103688, 0.006311509808028859, 2.5289200816470156, 1.677164256903211, 0.661607571100717, 1.4721147890854809, 0.08449077162640606, 0.11834745575060879, 1.3968577598601541, 1.4219952774864169, 323.38218513478796, 1271.3158477667973, 50.60738065109308, 1138.5377430624437, 701.3423523212068, 13.905489014205159, 3.0101373260879427, 2.3154424150553723, 1.1259025839534615, 0.013323583399255767, 0.6496200505413299, 0.000834839091453432, 1.3877361396564538, 2.066020696914393, 0.32874415609069274, 0.6006962305232264, 1.9692312804488665, 1.8112749154651056, 3.4083531507654925, 3.0112887612847317, 0.3873982032434924, 1.3305493203395145, 0.32432728521189347, 11.22228206173395, 250.2935883706905, 420.6914000103818, 79.75887357884449, 2.8332286657719123, 0.15746374095988358, 7.550979040096536, 0.28448574146341343, 2.295817335206266, 0.0011223225133107917, 0.3540945455133624, 1.8435867895723277, 2.788213301354972, 5.560568902897785, 21.579528421900704, 104.57894873351734, 77.2118955785811, 4.055564084604157, 0.4994247325788592, 83.36557477201927, 456.7226438765215, 297.682123031949, 46.27731657615459, 2.440488473515643, 11.040204072389656, 1.3721197949571433, 10.476062227244256, 1.1354623239394641, 0.38327819694723075, 0.5887208903495775, 0.016141708592613213, 0.9567772944243416, 0.17723124094050036, 0.1289297439529946, 2.6266786292092092, 0.16375313219566578, 2.4267642713354007, 0.9891809023655469, 0.1262661646314882, 102.69385468500604, 394.2705091303078, 114.39216358266276, 0.030321112637921033, 0.7052115138253612, 0.09304512164294465, 0.0019125267754134256, 1.1169648197321749, 0.11307494188258715, 1.1169648197317201, 0.6109260671064476, 32.75580546491801, 470.9113854091347, 1336.8254009737095, 344.3336257495848, 2.8106833945247445, 1.7608038982797325, 0.5080500071778715, 4.351707618917089, 0.7615328790628837, 1.6781963768154355, 2.7141664106620738, 1.018365326546018, 1.1711003335653913, 0.8203539332774881, 1.2666096953981878, 1.9377321025048104, 0.2305578029076969, 2.7834053077399403, 174.02649302540067, 561.2883334366895, 197.0793069016952, 10.895673384358133, 1.3712745288564747, 0.3177533197530238, 0.003141881188412299, 0.035049178074814336, 0.5391772079452721, 0.03530530655973507, 0.32009196603098644, 0.0003544766410641387, 0.012691345617895422, 0.10312517197553461, 1.4354667379047896, 0.4716934162831876, 0.673732983402374, 0.6106749269421243, 0.01287924618065972, 0.09104708017571284, 0.3248723176139947, 0.22302323970200177, 1.792375847309927, 0.0290751604752586, 0.005535548832540371, 91.51013011312375, 219.44177098717273, 35.289209987924096, 0.8914459331483613, 0.03007989073785211, 0.47801490304141225, 45.38418469597582, 54.8059075396053, 5.041423359776104, 0.15974423289935658, 0.17328352469360198, 0.0024766184977806915, 0.009892261526601942, 0.20200123598203845, 0.28349891446987385, 0.10026234234123876, 0.6806714885718748, 7.8254352687183655, 6.609728155007133, 10.159302868725945, 10.73659326656525, 0.1621060186221257, 3.375909487271201, 1.6642873956952826, 1.5445339684638384, 1.3973212889850402, 0.0013105730845381913, 2.489582735920294, 3.4641901811883145, 0.01246392024791021, 1.36593411424667, 0.11266060240006937, 3.7044204360904587, 0.8594314088848023, 29.939018063367598, 27.895710270128802, 3.2732610828450106, 0.027781458165122785, 0.004427050208505534, 0.04002854406428469, 0.00442705020827816, 0.11093322783995063, 0.022379630168416043, 0.06177360158221745, 0.1448218481607455, 1.6393915419305358, 241.63023325464314, 1573.0522546302495, 716.8037810060775, 1.8954731796550277, 27.2668960646306, 9.920135688161508, 1.1953650425714386, 2.6615892337104015, 0.9078075895359916, 4.00437404106799, 3.0581391563587204, 1.5476428375038722, 2.2249526014891217, 4.157999198752009, 0.6058368778770955, 0.8994947513621128, 1.9076206678399785, 0.9528437041005873, 7.574327823713702, 0.8817316229529979, 1.6005751494673177, 0.6636397212073462, 0.8806252957958804, 1082.4000893029765, 2250.5358020647827, 297.65292510713016, 0.008320405847143775, 0.016800086940293113, 1.7031303928786201, 3.6744757633418885, 0.013303609106287695, 2.7502154900330424, 0.04739915816685425, 0.04250293799100291, 1.8016213818896176, 0.36879322249615143, 0.11418566038287281, 0.18444810728601624, 0.00419926380391189, 0.142546663331359, 0.032810012625759555, 0.4516773476841536, 0.00016700809987924004, 0.020064252073098032, 0.10486864203789992, 0.38610501552034293, 1.464471404552114, 1.7268204843437616, 190.04647992651712, 945.7401841166345, 320.5688841288513, 1.0805706278744083, 101.85870295309701, 686.8353424039744, 353.72075867967396, 2.2675478883501796, 0.10807740121396137, 0.6366704818073003, 0.3655802414448317, 0.27004961356294643, 1.4082164870152383, 1.0748478922842537, 1.7540681480721787, 3.211081150850248, 0.4581577937753991, 1.8141234465070966, 0.5051777192931013, 134.90390088950858, 1156.2612375453284, 1287.9366751519929, 157.9543540314437, 4.379900556649204, 104.96003792209808, 214.6164803469611, 47.19966000979855, 0.6209981137528757, 0.6892253895758813, 0.0016053695143227742, 0.010054361026277547, 0.6524306676631113, 0.44312325834994226, 0.7881243684228139, 4.602755958714283, 31.267748756672972, 51.70617191373424, 9.399134097682236, 0.4556077077863847, 0.3287838657017801, 0.2729173299607055, 0.3897123038512973, 40.44752291151781, 208.18453059336002, 91.05684795846219, 1.2916188639453594, 0.03396693596675959, 0.8997500320855352, 0.4903531610691516, 4.632902981780944, 3.549543560905363, 1.1539880213624656, 0.7721045539865372, 0.03670976957437233, 1.7981703529493416, 0.928133294980853, 1.1939716219403635, 3.020584113825066, 0.6521168131215518, 4.063206155864805, 4.895062370474307, 80.91802539140735, 685.2934909788578, 756.1253940810652, 94.5711552728153, 0.043563662819110505, 0.0008811053676254232, 1.0034646151993911, 0.8780418125785445, 0.030493493889480305, 8.45451328166996, 547.4332967242315, 1158.958201514536, 205.63344287849577, 0.44818158856264745, 0.0007359633472105997, 2.0354232112204045, 0.20159259978731825, 1.6628929754485853, 0.0016779540413836003, 0.400956323694345, 0.1069434925184396, 1.4551234112406064, 0.36087934435420266, 0.25463094513440865, 0.0030063028963240868, 0.00919393263461643, 0.19348803354682786, 32.71035530423137, 431.00013918218065, 687.2636297573304, 111.60407395593256, 0.5301530813922, 0.0006303479987082028, 0.8206961004590312, 0.031006725138581714, 0.0006478314750211212, 0.1644364102991176, 0.04165389711783973, 1.6786088529055405, 0.5611580542596357, 1.6132269707712794, 1.2222092285269355, 0.03199733430733431, 0.18359009407959093, 3.6075157176749144, 0.20595807656627585, 4.87458697672821, 0.000642739023305694, 0.7534327412635093, 0.03161859485032892, 0.06332010479002292, 3.3855581269615413, 121.04591669956369, 301.0192647521533, 70.0094911499325, 0.07285254883458947, 5.454431980962909, 1.4172480313989126, 3.174569545282793, 0.8474698765353423, 0.007120823923514763, 0.041322864641415435, 0.2893518376290558, 3.1950988432133727, 0.2497461061921058, 3.3797594474592643, 4.906724904628618, 0.3780179117179614, 0.6753258706012275, 0.15490918924820107, 0.0839118077551575, 0.9945073755882277, 2.351993269262948, 63.68194142646371, 261.83891577847885, 108.14134455893964, 3.2461553280136286, 0.19668640582858643, 0.26971628021601646, 0.5755397776516702, 0.013109375340263796, 4.0598300059943995, 8.388416614367316, 241.71925570984445, 842.4676080922018, 249.2575814611546, 0.4555265241433517, 0.8693294148940822, 0.08748491327389729, 0.9117735457148228, 0.5918558280101252, 0.07235654714145312, 0.0020140392646226246, 0.16330795226951977, 0.0005037696161025451, 0.2219375796114491, 0.050612265300401305, 1.3830565848047627, 0.025020461924100346, 0.5292654358072468, 0.004619745303671152, 0.1662258339837308, 0.025284896560606285, 0.11747039093108924, 0.539542860663687, 0.03382932421470741, 0.8394370950449002, 47.82484850144817, 382.7653200854752, 436.34169308580863, 52.61038726426864, 1.6853889734479708, 4.526204843651385, 0.155010638118938, 1.0020647914893743, 2.96999314379309, 8.053366405277075, 0.6933403137754794, 20.30981474954183, 0.34874514627949793, 21.47937072862942, 3.0945811774627145, 53.79191288585412, 383.1295910370636, 132.2655089436132, 0.00038894818226253847, 0.28864349173170467, 0.0869555182964632, 3.696334225842861, 0.018876669700375714, 2.322907124254016, 0.031404048498529846, 0.4757132296491591, 0.41820550306840687, 0.16749409064630072, 26.27736102848928, 146.06808725030157, 107.31266149096064, 12.990110197976719, 0.19870161869005187, 6.440747513645988, 36.67244026797766, 30.970577830766388, 1.4554971685483906, 1.3985298261445678, 1.2879027539875096, 123.8267573578355, 192.21565860703413, 36.50009514783392, 1.0434529099768497, 10.766863867176426, 0.3941722502695484, 0.33827191289162784, 0.004318900987072993, 0.006231887654507773, 0.2351138723687427, 0.0015571067325481636, 0.8960897079689403, 0.3694471139151574, 380.1968350700713, 2505.308957437798, 1035.1306180751808, 1.0337779986007263, 0.3327767211274022, 0.22461121562184871, 0.8676143301504453, 0.7327998651294365, 0.37184544455487867, 0.002662581699951261, -0.006173610473865665, 0.1941631028083748, 4.1792655129872855, 3.575331891586984, 2.7775364957366264, 7.357447265070505, 0.26277222825603985, 617.1049607082609, 1949.4979459424153, 742.9387403095707, 55.00392389097078, 1.4365034372525542, 0.2963561140411457, 0.15103822646096887, 0.0, 0.8862520588007783, 1.9832441039633295, 1.4729903298463114, 1.4433246310571803, 0.0283666169711978, 0.8563172842966651, 0.6971813757988912, 0.017177170868308167, 0.17531488952590735, 0.013865069366943317, 1.2491355495811831, 0.006158865705060634, 2.4737055829627934, 0.043973595062766435, 2.6003816835957423, 11.476943524352691, 24.88442172516875, 8.409153480747136, 0.20694383830345942, 0.66443954847432, 1.9688615412596846, 1.3826217151627134, 0.29991369013623626, 0.671713768446125, 2.9440116688933813, 14.517296246336855, 39.93425490272193, 66.96871169703786, 11.425876603197707, 0.07734703522191921, 0.01927609344522807, 0.23364437178861408, 0.05082137017086552, 0.3871925988713656, 0.1595802403385278, 0.17535466457786697, 0.036639108798226516, 0.0027635170401936193, 0.39555477951114426, 0.03705934466029248, 0.06913231891280702, 9.358078713120904, 49.18883261466931, 15.491758337454826, 0.18966645198929655, 0.03445116257489644, 0.31289581251678555, 0.6038938260959412, 0.1627940319353911, 0.349870496976564, 0.4965835465937971, 0.00865193380900564, 4.056165451987454, 1.2255099995996943, 0.08426849114550805, 12.906834276823474, 249.51448273449137, 651.51715605393, 164.8887873931194, 5.960471606715942, 5.582835663333412, 0.6641203323503078, 4.300939654632771, 4.199028626392646, 0.27449483548809894, 1.0958933525635075, 1.1527316084891481, 9.307352483598038, 3.762971609506053, 1.3666015612787987, 2.981140915682772, 0.13036414717134903, 4.1974424479199115, 8.981576860624159, 5.218381859002193, 13.489322041964101, 3.2249650798053153, 1.7962763908200259, 4.894376843345071, 37.36293775400145, 11.484196578566412, 0.4324588107765521, 0.41334296717695906, 2.0532136871529474, 0.4319587657055308, 4.178137737405223, 0.5176048694802375, 6.651602566046449, 4.847100607215793, 0.30930873173315376, 45.49942707771811, 382.60686328034535, 382.57381684765005, 49.77242117267406, 0.18414497010166997, 0.6398574953212801, 0.9015781518587573, 0.010299880518459759, 0.013882577291951748, 1.6612677378439002, 1.5214249753905733, 0.15891584358837463, 1.6057137068609109, 0.10084711947843061, 0.700245648245982, 0.08158976262029682, 1.1159738016444862, 0.13644110279517463, 0.3278113331464283, 0.4765501903027598, 1.8869022503695305, 0.3972582600415535, 0.04960974878747493, 49.35162727749457, 572.5227173382282, 955.9622354939745, 260.1794961271796, -0.019563824853264578, 0.44373964623679285, 0.11440914699875293, 0.34062187016388634, 1.8143907812677185, 0.006853971387727142, 0.19383674829754227, 0.46403676827867457, 1.0826257634112153, -0.1053111662209858, 1.966260213047235, 3.802704356277161, 0.0035204527506493832, 2.6360005793505366, 165.56049728282153, 353.56895071327926, 195.54830774184438, 299.9486811540992, 169.30864803897612, 8.95951327957664, 2.767469680131285, 0.7999014014449131, 72.28689244578777, 524.4657402762364, 499.89957453098214, 268.53017691127957, 1470.7972064419846, 238.6942309166277, 0.01061282601062885, 0.2789780674471558, 0.3601345045851758, 0.4565333044380395, 1.0873897529013448, 0.03673790442462632, 39.94640986484342, 277.40707758126393, 150.9399938868262, 4.257830098817635, 1.3386020754278434, 2.4201005466222796, 0.9401773560873607, 3.5093407182207557, 1.3945304147130173, 3.966538427260616, 7.325145508604351, 0.31500724187571905, 152.52872228595174, 507.20638491882664, 142.00269300306513, 1.8995821803980562, 0.473953654898537, 1.012061373901588, 3.2889238178095184, 0.6316102270816373, 3.4427195334931184, 0.07927380217131486, 3.1815170887971362, 2.721955775767128, 0.16043385800480792, 0.6655931040537553, 0.03998692084303457, 0.1271523998957491, 0.16141343237268302, 0.4371810006036867, 19.15132484580863, 300.11091990991235, 507.8599504029539, 73.30794154548471, 2.4417946024517505, 1.3904631341551976, 2.2535427101995538, 1.3949638257537345, 3.385313594383888, 0.10914995140876727, 2.6354765798779454, 0.0005527906018869544, 1.2905611491041782, 0.22377649228894825, 0.09279307924384739, 1.3901941084117198, 3.912448875533414, 100.22911354464077, 203.28708066830677, 74.10091945986619, 132.86304261813416, 311.006252962643, 75.89928390848513, 0.2910454698146623, 2.7997560839085054, 0.21844952874153023, 1.2631156725892652, 0.4140456891791473, 0.12255482165824105, 1.401634597919383, 1.2229297157443852, 1.9891241304039795, 1.9729387579291142, 1.2483737943991855, 1.0265061752909332, 7.69741259706916, 0.4927127141336314, 0.8191092598679006, 1.0611252103094557, 12.246668719920308, 36.47593809230057, 30.371030148762884, 5.21497052772861, 0.4678327566052758, 0.016422233194475666, 0.5913400043966703, 0.12579602755931774, 0.1581023706094129, 0.016185635758120043, 0.05175783995491656, 0.3897527231613367, 0.11665541663012391, 0.5557504484856963, 0.001833357285704551, 0.5140455110926041, 0.22041054614646782, 0.523297022224142, 9.459889522858475, 50.88937044856027, 38.08267559694832, 2.974763309533955, 1.0282386317388728, 1.7378412059862285, 1.5202167431268663, 0.0040153711727271, 1.0892222988218236, 1.014818416250364, 1.1108784840148473, 2.496857546582305, 0.42340558450246135, 0.10250700213441633, 19.983537015582897, 11.584365708904443, 1.2826944696382725, 0.16411190826192978, 0.513715729059868, 0.03585130004898929, 0.7272821306912647, 0.4792256416701548, 0.3093524490961954, 1.2917089020844514, 0.09614327397412126, 0.13198076545654658, 0.594417249374942, 1.0111368223845147, 0.006668119191317601, 0.343502606620973, 0.47753768229540583, 2.625924805859995, 16.553462983081886, 1.488548616728167, 0.23523273201885786, 0.30214000665807816, 0.44178966030972333, 0.05714307053585799, 30.671903091572176, 79.54427802210012, 8.574200971905611, 0.20979645989109486, 0.5190471315372633, 0.25778059422054866, 1.016228676473247, 0.6192958026158522, 0.2495246308296828, 0.18335963564891244, 0.43903281109714953, 1.5069381641158088, 0.11549256779039752, 0.4374127160467651, 3.0466876092073107, 0.7608568200666923, 3.0466876092073107, 0.615570460760182, 5.507770458784535, 0.35823326659556187, 9.499534353682748, 21.76435021431871, 548.3144787606589, 2350.6257115636645, 892.3313986919609, 2.747928424574411, 0.050180166469317555, 0.3542906533518817, 0.16512122271205953, 0.07310892547343428, 1.0711431489967254, 0.15048252809469886, 1.2310836550354907, 1.5755896115171026, 0.2735653189166669, 1.6369096472401452, 0.10080430965820142, -0.03527467805326978, 0.24629893702422123, 0.0020345650173112517, -0.03888010701757594, 0.2038914041404496, 0.6110315474019217, -0.010876339138349067, 224.27719680053156, 1652.4078027309915, 1629.7222407785766, 214.16000123040794, 0.9587638328657704, 0.2617961518822085, 1.0325227755158721, 1.88288209106031, 194.95427801851793, 1065.5358868915782, 430.1805954909487, 2.2407757304516736, 0.246501122455129, 0.0005016979266656563, 3.1645529887452994, 4.232123133561572, 1.772805148524867, 0.6729047487687012, 6.258465865268022, 0.463096861738336, 1.4359938216618957, 2.4910722939382595, 1.5787577448562615, 5.084741254979235, 0.4444613208493138, 7.571809405775639, 0.19853912082101033, 15.933778274712154, 40.70783058810548, 54.175947369510595, 4.811480350508532, 9.556482892882968, 3.827945002548063, 1.7413185273391036, 2.764075611808039, 1.1274723508448687, 0.15961430495713103, 0.11498985984098908, 0.43224653443235184, 0.456784627019033, 1.4162199493994194, 2.3740804876945276, 2.7158324305471524, 2.2976185675545366, 0.550141591062129, 3.0624834725250594, 2.4833663794115637, 4.419470901287468, 1.9491463327203746, 75.19608922412749, 303.2167699327101, 119.01801666768074, 3.8854058153526694, 3.9713661857966827, 1.7359934897973517, 6.570316149165478, 171.38789522973184, 860.9180864588075, 336.486374946061, 9.117692716199144, 0.7841730862951408, 1.3136212384126793, 11.859288592258622, 410.5341202935706, 969.8388290608195, 408.84804773320275, 20.850930853088244, 4.140529679158078, 2.0542923134831312, 3.189499486618729, 1.633377677239082, 5.106200078678626, 2.836003555555749, 15.966065132235883, 9.919055452540306, 4.505661987944563, 3.739113341514667, 0.4425714126848561, 5.578119016524624, 1.766406561210033, 0.2563907869741797, 0.4459628366918196, 0.06026580091440792, 1.7318143720690387, 1.9409273114587222, 230.1614576912025, 1398.922434789758, 1166.2460137508722, 149.34292623363808, 3.361734259654213, 0.05035458819043015, 0.2501551856103106, 0.0043738530198425, 2.181868264101695, 2.425954130257196, 1.472453208607476, 0.0006703131757603842, 0.004333316581096369, 1.7404964976876727, 2.4440340507562723, 0.539478443404505, 3.1955109722835005, 0.40519879862495145, 5.29563068311063, 0.06667207539567244, 0.9334293527003865, 0.13896092081790812, 112.93735013009996, 829.3354081177829, 374.5047134840074, 0.6510933701603108, 2.6766870413191555, 0.22446236530083752, 0.4647239634801963, 0.10469506885021929, 0.6419446436673297, 0.0018462373303691493, 1.5617612469416144, 0.056088128095098, 2.8520187203580463, 3.6811628643838503, 1.008766382132876, 0.20543365763205657, 0.5309513716846368, 0.4298978294604012, 3.0031339666236363, 0.1616383707555542, 0.5726312463700651, 0.33863556006531326, 0.01808905139887429, 0.06108254432240301, 0.018089051398987976, 24.97556060077443, 285.2606373445283, 355.02225569618645, 57.40392928417532, 0.47168905670082495, 0.6533929421317453, 0.5418236842658644, 1.359517478086218, 1.0142205931676926, 0.00020574872428369417, 1.2642271323505838, 0.001850125506734912, 2.4079385495181214, 1.2290570503688514, 0.35895539871933124, 3.1887949138867953, 0.6362286718803034, 0.5185614014081921, 1.176913340530973, 0.11756374540448178, 0.3451159333570786, 0.08914198433330967, 0.0, 0.3686953277433531, 9.156136206540964, 9.225981257682292, 0.7999169282338698, 0.0, 0.38022665988239623, 0.6649385170331925, 0.025590485677980723, 0.09384938026755663, 0.10259585824314854, 0.00017821903122694494, 0.34353179611684936, 1.068654467014312, 0.36917143815639974, 0.8593883130639597, 27.182677742421333, 80.0376325025419, 31.14917834305959, 0.41514172284064443, 0.0021559050513815237, 0.44449354454150125, 0.0021526533323594776, 1.3414389314639266, 0.005967592506749497, 1.451999112206181, 0.27796682540076745, 0.40492439472518527, 0.16287645050067567, 1.0239768018890345, 0.468603848025964, 0.4717216252925027, 0.2805176963802296, 0.2602123033243515, 0.1494156478881905, 0.8954383380419131, 0.04028034629425292, 2.8763995977568584, 0.47881866699424336, 0.609261572204332, 56.96309884056336, 319.6713271459487, 189.25436469233136, 9.244052652465143, 0.11925468523463678, 0.1721945374210918, 0.21258663609069117, 0.08957327600830922, 0.034236709843867175, 0.1210933816061015, 0.04335460058700846, 0.2365640916650591, 0.026255570522380367, 0.2144524771340457, 0.3949617617017793, 0.24187233993848167, 0.0, 0.8259199438532505, 0.5880599242888138, 0.002123515906760076, 0.6741411406727593, 0.35350756503748926, 1.1558773323380365, 65.03192985110218, 433.4403828353925, 269.8778571913979, 13.231639644764982, 2.0278236213209766, 0.18933942721332642, 12.86761579321228, 3.278900888650014, 15.066354640274085, 30.737941942474436, 20.928398234713313, 4.565854522321615, 0.03623476939833381, 0.4075603153364682, 0.12211171243984609, 4.397410061008827, 2.9304428693826594, 2.3657009555467994, 6.984888644034527, 2.192443360096945, 0.38208972628456195, 0.3041979653897897, 0.6333954516280755, 0.0023443991022986665, 0.3719920020887457, 1.2515421772161517, 2.892785085262176, 188.68106423525614, 499.5430476186991, 125.3997334354151, 1.6168950551970056, 0.29078677350923954, 0.7118075014873284, 0.08854997453113356, 0.08828714747937738, 0.026247570338227888, 0.4878345168750684, 0.3603798612098217, 2.850147947870937, 0.14682406625308886, 2.7538284904464945, 1.4107076371192306, 2.2276688772208217, 1.3753341670584405, 0.7659749398865188, 0.14704802186520283, 0.5846576311384979, 0.006665656460882019, 0.7150386065761722, 142.59248349818995, 620.2046197171092, 347.3896324034181, 28.078846608844287, 0.054266762367205956, 7.050790537597095, 17.825552090927204, 5.09524140723056, 0.05362549721917276, 0.7605039906298998, 0.02232857612443695, 0.5226795997441513, 1.1085218445609826, 1.6222648506075075, 1.10852184456121, 1.263959299519911, 0.4282868566496063, 0.011854436128601264, 0.24148352608699497, 0.03646251454915728, 0.8671130085986078, 0.6130548326839289, 0.158941373066682, 0.3029352608197087, 0.8808227831243585, 0.33412110033668796, 2.045493557032728, 0.5308823619668601, 2.919706416058034, 7.951787203834783, 101.84468659790718, 317.1962307783207, 71.13674062504742, 0.7192484668352108, 1.1321109427343572, 0.8216229092918184, 0.0745290260749698, 0.3221984982317281, 0.00037831754457329225, 0.7709501174186926, 0.8887006300265057, 2.7284998887862457, 0.06610383202291814, 2.9234121330904372, 1.5539971828267198, 0.009312404146953668, 30.880389778533754, 190.9082546362256, 105.16086546604106, 1.324171623746679, 0.017290431242145132, 2.405738174771841, 0.09388287550723362, 1.0108576646968004, 96.93428097435276, 438.0711530643275, 196.92390165375696, 8.589548069662555, 0.03318298169722311, 23.195570692634647, 158.7003507439631, 176.16018065489516, 23.99430817346024, 0.1749940744207379, 0.21943229791531849, 6.446397045114736, 2.489829208174342, 1.4631736705814546, 0.022548754528770587, 0.0002688407728328457, 2.4007136400032323, 0.1974293254099848, 0.7833086838927557, 0.033125421886779804, 0.8123617214241676, 0.5985965088410694, 4.93239688163942, 8.920002217577576, 3.507589227418066, 0.3070746042888004, 0.6930952744319256, 0.4322165762378063, 65.55853141527496, 276.7498092680363, 102.7510963910106, 1.8852288608177332, 0.00066863137647033, 0.04282316615081072, 0.02402768335912242, 0.10378561770210126, 44.99780541354289, 411.4234941093156, 409.7246774990607, 61.1901338100497, 46.709675689409096, 423.9223953453197, 362.5310136535286, 29.817300691490573, 1.0598968482191822, 0.03420785788341618, 0.3242211528286134, 0.07646823634763678, 0.36494886317382225, 0.4899873283503666, 5.6660668348985155, 2.4236665315406754, 265.03506733295126, 1405.4861028681999, 477.8936295524222, 0.25464911733024564, 0.22337477484143164, 0.7332276882717679, 0.04309741385441157, 0.10383156738328125, 0.3435559582958376, 0.08588575233181928, 0.539170435253709, 0.12134977855532725, 3.4182670340146615, 0.053748862771044514, 2.4127314595032203, 0.4973316200910176, 0.17193289645240384, 0.003521276114838656, 0.12930764829445707, 0.15025260877973778, 9.474517486872628, 83.04731376971597, 98.18081124867456, 13.877166605925595, 0.004175801016117475, 0.20230449050222887, 2.8327390301761852, 2.949298071538692, 4.096998329929647, 10.469478324065108, 5.3177725847530155, 3.0755809350894197, 0.493905780796581, 1.0291899822950654, 0.013993749440828651, 0.678746714244653, 0.08139609643717449, 0.16177004924884386, 0.40854073462821816, 0.45869446067183617, 0.07893323941732433, 2.426341435057452, 0.6416032617859173, 1.1920678140431846, 0.1814657421150514, 0.5722326186336204, 0.013819783239114258, 0.27201507492100063, 0.03543880202926175, 0.15886102698868854, 0.31609438323482664, 0.5822697868696878, 163.68380950490996, 506.09996582501526, 123.15791165099427, 0.4442882034891227, 0.07070842078360329, 1.3105867026611122, 0.9400463939339261, 0.003604620774694922, 0.7181174397774157, 1.9514590605997455, 0.2358475292408002, 1.7076908204032861, 0.12157328005127965, 0.35842426503518254, 4.319706800589984, 0.03186627297418454, 1.483215877652583, 2.1690147268450346, 3.0574585071462934, 0.49479861444069684, 2.7507234274914936, 0.7843208087733728, 0.19096546916966872, 25.131583186268244, 51.87811045189096, 4.759877567262265, 0.04122819351050566, 0.04168402030654761, 0.00457197331070347, 0.3896352980634674, 0.15482816276767153, 1.5727979361367943, 2.1249287036689566, 123.74265701686318, 623.0376123270469, 243.2853178977848, 0.17447567336728298, 0.5031536619587769, 0.2335768921327599, 0.4576672064496279, 0.18910601541460892, 0.8045139065322928, 2.172104377062851, 0.3091195334651502, 2.0463712902553652, 2.30374314911262, 0.844654556517412, 4.552468148946446, 278.0468087882782, 442.10639648460847, 42.22642761819861, 0.8356697266716537, 0.09193697968794368, 0.1728850565045832, 0.11023411709811626, 0.7703117916294104, 0.15025351474287163, 0.005251211618883644, 1.7697105632410057, 0.010287804926065292, 0.888669403098902, 0.5183337741320884, 0.013245834067902251, 0.0002051229548669653, 0.05948741784959566, 0.2115640600433153, 1.2044615868794608, 1.1269069624431722, 0.05409700052427979, 0.7634894104453451, 2.1104023217592385, 4.804983664231486, 0.08769846666996273, 3.0995524225777444, 30.340262310917296, 7.590568302051906, 1.0506760116460327, 1.5860147262376358, 0.049607478870484556, 1.4279401498292827, 0.05693227538336032, 1.5043171094977197, 0.09144182901081876, 2.9842091914945286, 2.1130476735559114, 0.223334844859437, 1.7157535207970795, 5.7821131487936555, 0.04995199181212229, 0.5288333549352728, 0.4641712203275574, 0.002278493898529632, 78.22938145921671, 255.45477756734874, 63.20685493871429, 1.7375671592421895, 0.1542227393911162, 0.7799098206688768, 0.017236665342011293, 1.547028726604708, 1.3925762713110998, 2.156322421611094, 1.5823005232807645, 9.335977827711417, 0.8805995764010959, 21.54631608685054, 59.15486919101329, 82.66616834562126, 12.463923740974337, 0.03595911729416912, 0.6492637259502771, 0.09607940926048286, 2.3052253679192063, 0.4083674683834033, 0.03050123418449857, 0.5924012337256954, 0.3477445310430767, 10.13304562778967, 34.20424084532806, 38.10256951748397, 7.38196505514793, 0.6985608714809359, 83.70391328450592, 415.48768023855337, 118.07283548674127, 3.5354141831495554, 5.062326711322498, 3.362177949986176, 7.541570547504534, 0.02284375257818283, 1.3274768264677732, 3.5049596265305354, 4.981109863183292, 3.203864118527008, 6.973913061726989, 0.00748424459322905, 1.019184577305964, 39.71531050488852, 254.2943629485709, 167.62385625334605, 13.983808768481254, 0.19847581879446352, 0.10861678514118012, 0.03677236596172406, 0.09182279002789073, 0.4163706446286142, 0.039158812782488894, 0.0014466029156210425, 0.17711770132132187, 79.1639410817952, 586.1165002863688, 530.7937642282993, 58.05815931619986, 0.3651358055935816, 0.0002780561650297386, 9.047816912070857, 3.5580263718782135, 6.104172543021946, 4.012346936925496, 0.010042089912872143, 0.09090852381837067, 0.11074082079676373, 2.528376328791637, 4.152434286116204, 17.34065507450464, 29.73065116037469, 9.577702938040375, 0.005377794864330099, 0.29131250292550703, 0.32394879920934727, 16.672301706182225, 217.5798896184865, 256.12021667214617, 18.852596000511312, 0.4236835230937004, 7.263354108423869, 1.023715782369095, 0.8919516198452584, 0.13024321070327005, 0.40060143288906147, 0.5251218650430474, 2.0948818341423703, 1.4603171915439361, 1.3787251240715932, 0.4840665487760134, 0.0992850196641939, 0.5752947934809072, 0.015820911783634983, 0.010942244835746351, 0.7548147512276273, 1.515511570945364, 9.378536665336924, 64.50501222673597, 50.50343569817369, 2.025092607013903, 4.405833103245413, 3.2807326049021412, 1.4382319543390167, 5.014195498027675, 1.9433729260670134, 0.002786648372648415, 0.4795981864517671, 2.5227052419309075, 1.0184915940810697, 4.540113847994917, 1.0184915940811834, 6.874689674628826, 3.5785821012415227, 0.1782299196763688, 0.21250356456835107, 0.012201371888977519, 3.0676961561316602, 4.828739641746097, 0.18324039095250555, 0.04503578034041311, 35.62064550926084, 104.71487021846212, 21.065405302421823, 0.43369468153389334, 0.58836500176767, 0.002035816214629449, 0.7085448080025571, 2.3628784102436384, 20.57256419123587, 9.197380251829372, 33.88034276078611, 168.36008915345292, 54.77003142851004, 0.011258120349566525, 0.6481080511994151, 2.126313072754101, 1.5620880453207064, 2.4474939345077473, 2.7196513655396757, 0.2848818246150131, 0.37377166418355046, 0.9429371563971927, 0.025273763054883602, 0.33514059287040254, 0.38518146708838685, 0.8307022345386486, 0.17805480917400018, 203.94399357748557, 575.4814053118805, 126.5151524402047, 0.21117754298757063, 1.6536655989687006, 0.025878624033907727, 0.0016574519755749861, 0.16365193385115617, 0.717499608357798, 0.7492487199150446, 0.08937816374282193, 0.271987651326981, 1.5570980698485073, 0.040502894731275774, 0.09295464854699276, 0.3199522749349626, 0.006557057257168708, 0.32766413592980825, 0.3483393924612983, 0.24114632607279418, 0.010461735730586952, 0.5888160148360839, 0.5933019429338628, 55.521866239898145, 378.7561087770248, 235.61166167113743, 10.159380632474722, 0.047101722729166795, 0.35495745452453775, 2.995671424019747, 1.4792805663907984, 0.01753148626539769, 0.19239686661398991, 4.796069501232978, 3.897997469007123, 1.6851789021186505, 7.8919120774892235, 0.2573013027210891, 0.5904339885958052, 0.0783263979176354, 0.6246716016394203, 0.002850959942179543, 2.9469539928024915, 0.057491353634759434, 1.981099229295296, 0.021442062625283143, 0.7054873703575595, 27.95930122960499, 208.6214636069617, 99.94198312877438, 2.2457409349972295, 0.16719303645209038, 0.23021482802892024, 4.223824030320429, 2.2504287717717943, 5.105028991536074, 3.395558447115718, 4.914180019992045, 5.375256554400266, 1.837303574980524, 0.0, 1.639022322085566, 0.8202622159360544, 2.75009856972747, 0.4511621453682437, 1.5509165128862605, 1.5565246038408986, 1.4991282271364526, 145.421371041366, 377.0972623640523, 0.42763239440637335, 100.67290469435625, 67.04936495197558, 135.67232378472977, 9.095325448747644, 7.5864928441228585, 48.20688685492223, 13.929426790144362, 1.3731534236089828, 0.42202590069746293, 1.9470418867631452, 3.162935102456231, 145.89952436753128, 946.2968797466435, 395.7507883265264, 0.30766918203380555, 2.2016445481635856, 0.8086114656994141, 0.8358042851125447, 2.113673078391116, 2.0670610061686148, 0.41675691994623776, 0.8597109172612818, 3.8790442329097914, 0.04137944049818998, 0.9946542275972661, 0.09434752040658623, 0.798938739807113, 0.12824671627254247, 10.686389246317617, 400.43866193360805, 859.8156129207969, 150.81392549520524, 0.022703395025018835, 0.01879692245051956, 0.15836804053390097, 0.054247193215474, 0.1808927760015422, 0.006726507311213936, 0.11634024385978137, 0.03145831066581195, 0.004626073523127161, 0.4501498607424992, 2.3287322134345914, 0.737014799461349, 0.38785563402313983, 4.294251106263573, 1.6113228417792698, 0.1229314324536972, 0.0001829502750751999, 1.3929651649079915, 0.6665638086197987, 0.09021900111406467, 11.242267071975448, 125.95981989924815, 118.14480122898749, 9.954683479260098, 0.03600367879505484, 0.7184518739422856, 0.10842385454668602, 0.043589850510784345, 0.07773803822817626, 0.00271665858497272, 0.03680141787106095, 0.019385452796768732, 0.04348028871504539, 0.002735559418056255, 0.004819019645992739, 0.4571160919032309, 20.518507241804173, 235.93076707517253, 255.54164567171392, 31.533155744920123, 0.23184589429274638, 1.534949886513573, 0.7912610982734805, 4.155426803884893, 10.518202410337949, 0.3544504700867037, 10.36987137884671, 9.605633840931205, 521.5148436221989, 807.1397941415119, 90.86515520322496, 1.588220689188347, 0.046516480994228004, 3.2803143940500377, 2.495015537655945, 0.2730966881065342, 0.01981840794519485, 0.17014272279209308, 0.30457900040562436, 0.7235201008643344, 0.0, 20.574160818803193, 63.314865067067444, 2.6984935035115996, 0.04659472325442948, 0.26395255670513507, 0.16651084266891303, 0.17735922250255953, 0.058834965443566034, 0.007944175354055005, 0.3026191362185955, 0.2748331762337557, 0.013379074203612618, 0.019887320960606303, 2.1074903242410983, 1.8094520916907868, 0.03568226505854, 0.614338060051864, 1.9149866012435268, 0.40737735505706496, 0.0026264833113600616, 0.032140467929707484, 0.6583877820905855, 66.17752144024962, 310.0267338079059, 212.03520862047822, 26.797913598287323, 0.36772771781625124, 4.340443718511779, 3.187684860606055, 0.3788073308107869, 0.40665294957420883, 0.012700612383014231, 0.012481818847163595, 2.091668016375479, 1.140227098009973, 34.8648994135533, 180.2957766217737, 54.48886962983488, 4.821784194922316, 5.944374257633626, 1.2572296306750559, 6.159853801698773, 92.95883168895148, 462.81541491340886, 384.8662650808585, 58.10412389273756, 0.019768513435110435, 1.2828013491541697, 0.016015854208717428, 0.02856254440973771, 0.1765100091131444, 0.31392786422975405, 15.754473755193203, 225.09767307162429, 351.0714153220697, 48.656720486193535, 4.689380237000023, 1.5795109014386526, 1.327694378520846, 1.239279642932729, 0.059975590576414106, 0.07127426236786505, 0.10535838493137817, 0.18534577797106522, 2.124473316707281, 0.0004163169064668182, 0.36095760379475905, 0.40530323005305036, 0.027026541727195763, 0.4316870292011572, 173.12691892199314, 601.7356439086793, 161.13624197861805, 0.4955309479200878, 0.008496452130657417, 0.13765374508579953, 4.396899388427755, 14.401574504087876, 165.29476520697403, 435.3088340296515, 79.2698742567818, 9.045111879148521, 0.18505937156010077, 4.51022975056253, 3.4030253158698542, 1.8298602654892875, 0.0036836790502547956, 4.675052412215791, 8.676366367318451, 0.4901239111770792, 4.422627140324153, 0.8754556062554002, 0.8943962822313551, 0.3219438861325443, 2.9158393619571825, 37.593256569717255, 31.327521040044758, 2.8759784571024056, 0.04256199776773428, 1.4527505004252816, 1.6644732200493308, 0.004519930660762839, 0.8189861345837244, 1.0366338319524857, 3.390344262122312, 4.252259404529241, 2.696787546457813, 1.558208637170992, 7.150696544745074, 2.5839097960998743, 3.5323159918020792, 1.3918581750227759, 2.8502846304240848, 5.819194223749719, 0.13528920952944645, 5.666635493663875, 8.407044798795596, 86.30894525513713, 108.48780588712737, 20.239712192710044, 0.18840919395972833, 1.6602345053082672, 1.2634812196288294, 1.1029185236724288, 0.3355068557763161, 3.1481013765533135, 3.2253952478411065, 2.2770528511201746, 2.1356426395157087, 0.26893120488716704, 2.718690213594982, 8.901983180550246, 99.85368825799924, 95.22174423216711, 17.34705924031755, 0.3191468292394575, 2.128629920690514, 2.870418644969959, 0.1364998690326047, 0.3363772262157454, 3.6522062473645747, 4.842745115223806, 3.740611945692308, 3.1159213498905274, 2.4418339564088, 2.907279696469004, 1.6506389635585492, 3.060667620992149, 8.092702455503513, 40.50631049602464, 24.39116788071044, 3.0229775797015463, 0.2172467536959175, 0.2157286989665863, 0.07028420596975593, 2.036981841096008, 1.7632565039900783, 3.8024985831423237, 15.650757964366449, 2.87854153270564, 4.040799772029914, 1.719718622488358, 1.8144512031115028, 5.682187657938357, 55.783591497103316, 906.6062584615324, 939.5116239294653, 11.006529411748488, 83.19047309091161, 9.023809574964616, 0.31875572726653445, 0.0064945086290890686, 0.6358012751273918, 1.2475352079583217, 0.0, 0.0022474708943036603, 0.36606344674237334, 1.2455411162030714, 0.2813735764231069, 0.0023291526139246344, 1.5378069790496056, 52.1149346367921, 70.86711639223665, 2.735995717173182, 0.023848954301797676, 4.840622733645546, 1.6200767873237965, 0.019027939429861362, 12.375545243517422, 176.2153188988318, 192.78987744862286, 21.485134553888884, 1.98926203262306, 0.7638120732294738, 0.2277226246153532, 1.8326324795665414, 1.6163893915299923, 7.081639074969985, 1.1807057254486608, 1.79738958438611, 3.624080813173805, 2.209121321868679, 524.0973209067997, 1495.371093930795, 335.1758612359979, 4.539045899632129, 1.772868412406524, 11.404817525447243, 20.419202353736182, 6.0778306121885635, 0.21915236953873318, 1.6980992443875493, 0.2308007455111465, 1.200414745896751, 0.20518084091372657, 0.27811252145534127, 0.00014900703058629006, 0.018294841576334875, 0.4548519998820666, 0.5203764219634195, 0.005467181144240385, 3.5536458388187384, 0.296443808649542, 1.1351404473271032, 2.996418628432025, 0.8187490477556594, 431.69747721165686, 2772.215253001225, 1279.1794080746636, 10.242975534707057, 1.0098938344585804, 0.05314969119194757, 0.41585561428928486, 0.5318283104617194, 0.050967336975986655, 0.2051518509692869, 4.586499310759109, 1196.9319117342225, 2521.5336945514005, 331.2530567577696, 0.299982663164883, 0.49387857583906225, 0.2999826631657925, 0.24429694552554793, 0.7359622310527811, 0.2170338568759007, 0.05112943943481696, 0.01009620036211345, 0.614972196412964, 1.2419173864141158, 0.10150584432494725, 0.03654203233259068, 0.21008002077303445, 0.03635173918689816, 0.845636819198262, 0.22202930928699516, 2.0320631464438748, 83.75136206274442, 698.9787537169207, 472.8552609669705, 21.524169765403485, 2.8916893922296367, 1.0508991861827326, 2.8056722253732005, 1.4144783889246355, 0.004252758021493719, 2.0462208177659704, 1.7150284969040968, 42.622744749673075, 463.839014085062, 588.8210126505194, 78.58535582998275, 0.04659472325454317, 0.09262634790866286, 0.00786741189631357, 0.2580102081461746, 0.11745362563590334, 0.12668795430658975, 0.17527360558949567, 0.15537076830787555, 1.5313814754105124, 0.19791598552933465, 2.1828515393609678, 0.0014460330676229205, 0.046083478476248274, 0.02310063046434152, 0.29790525193118356, 0.08502418384330213, 0.007944175353713945, 0.6475502375565156, 182.6116032210016, 1466.907950881335, 1493.0381848828636, 204.75660998577814, 0.12127900582618167, 0.48890347988640315, 0.0, 2.4297244798667634, 0.19624008727817, 3.2956617324608715, 0.4372572544916693, 0.5405055995078101, 0.030434974297236295, 0.030669858071405542, 0.00769710754548214, 1.0529634983984124, 0.8041780175969961, 0.8009266685618286, 0.5188162061423327, 0.23791364968076323, 137.0452167299518, 657.6993339411209, 371.5976725571013, 31.417077449365934, 0.24289982045854686, 0.2071021394356194, 1.213404996796271, 80.63998355390754, 458.6142457658891, 191.67402470495813, 8.667771284882292, 0.16197994095205104, 0.09105152782467485, 0.19387401906647028, 1.1838200751967634, 2.6724555062846775, 0.4368264495800531, 2.3528355791710283, 0.03521339060034734, 0.5108990738932562, 0.21505234004109752, 0.47551400750217, 0.11471020511612551, 0.31885741237681486, 0.09058912355510529, 0.0753542248191934, 2.083906919351307, 1.9121664257963857, 42.108132894763116, 43.38622580180822, 4.621963897833439, 0.14077328138387202, 0.006958874461133746, 0.3582293933313849, 0.266328669072891, 0.015862685188039904, 0.019563221763178262, 3.9504101922821064, 16.763897591352475, 4.315160858034687, 1.1552619997793272, 0.13744738448372118, 0.26994300407670835, 0.011296341829051926, 0.07020499915142864, 0.20304567997391132, 0.15649337624734017, 6.212278163412407, 17.54616350574554, 3.0716884607504653, 0.03476784830604629, 0.2850517810321662, 0.039551503087295714, 0.25558200163527545, 1.1497006585977942, 0.4443033818386084, 0.9956059173130143, 0.009825675368915654, 0.018641474546257086, 0.0, 0.12044466693373579, 160.73929139616644, 1090.7434709804163, 556.7092002732343, 4.717557118112381, 0.0005527906020006412, 1.3553368577499896, 0.035239301743217766, 0.4002847538044989, 0.09196686065263293, 0.0264002845107143, 0.05373019956198277, 0.0005370042376853235, 1.9744728512687288, 3.4653627636591864, 1.4333057707319767, 3.6005662528309585, 1.0368914002777956, 1.8688339616953726, 0.07482085460833332, 5.058880554192683, 4.313085912080169, 5.058880554212465, 8.296815652252462, 2.1991933106301076, 18.0862535918061, 16.585641856400343, 1.0462823627411808, 1.6611847433973708, 0.031167584530976455, 1.4071217912641032, 1.261876019084184, 1.5894225434300324, 124.1432257254221, 282.3293267225213, 64.31257109670742, 0.0, 3.6773717584574115, 0.09789244901980965, 1.5944690892661129, 0.05929332923551556, 0.0968569075639607, 1.4657609392854738, 11.040069395220598, 0.0003148965442960616, 9.421737968124717, 2.0684157241316825, 31.58184377364364, 47.984053232315546, 4.285961385266887, 0.9629758666507087, 0.27727512558772105, 0.026118007092122753, 1.2702811163176193, 0.41098641710937045, 3.4813032959879138, 4.564013498208169, 0.16965495663669117, 1.1018144611807656, 0.12062683376700534, 0.003734047479383662, 0.08073331116543159, 0.06981915311632747, 0.8836341845278639, 2.135590195401278, 17.545541438821715, 87.34744055106796, 58.82218490491903, 3.219297389594317, 0.09254316227963955, 0.30617431419909735, 1.517735293930059, 1.4937858901560048, 2.4070982034138524, 3.2008817180478673, 0.002987255047628423, 0.21024678664628027, 0.8925810362236462, 0.25581269828637687, 0.01139513101236389, 2.283710942466996, 0.10376016316445202, 2.6998638653731177, 0.0065279918239866674, 0.11838931860984303, 1.3573925293006823, 0.0007065628824420855, 0.43229849324677616, 0.2015924051568163, 0.034325551422853096, 78.00269274934726, 411.88881354657997, 201.11675433262644, 4.827783380764004, 0.17778842141626683, 0.15266442529195956, 0.032150169308351906, 0.03195476215796589, 1.794656840140874, 2.5777748684074595, 0.006359525578545799, 0.21268886701784595, 0.6698777479134606, 0.3335048493705699, 0.07511762295030167, 0.02605601112907152, 0.012701601318212852, 0.03774716855537008, 0.32120545060820405, 0.12806731935540938, 0.012947501513849602, 0.7096089644685435, 0.9033501691471884, 0.45126327200034666, 0.17386277054822585, 1.5716397801941184, 0.10416759485497096, 0.2557706305042302, 0.3238713547613088, 1.3642221409688773, 1.432390532969407, 0.45005690247444363, 0.34751184105959965, 0.5643489580631922, 1.4425222209770254, 0.01659435396857134, 0.0375616586641172, 0.006487450618806179, 0.8610500724021222, 1.7046815364745953, 0.15856649299803394, 0.7066645425304614, 0.0010221557739669151, 0.2803115834917662, 0.002299234917359172, 0.006483926871283074, 0.9978273687208912, 0.5890930168534396, 2.9362788614083684, 0.2290062907106858, 5.372069913998985, 11.413320678157334, 3.1821182455281587, 1.7569160051725703, 0.47626848823085766, 4.680322376495269, 1.0605500348705164, 1.8089649286158647, 0.9596496580006715, 0.6167511093649409, 0.2670604308112843, 1.2990102675297521, 4.1785688044609515, 0.3090858825669329, 1.6706390020844992, 0.013800988974594475, 1.0001805673238096, 0.9984427790010386, 0.20060804631475548, 4.646798782699079, 41.16123892305177, 22.375106657066226, 3.3498539688434903, 1.764613976955843, 0.03589692380955967, 2.4024761885084445, 0.4961908948080236, 0.9398377318439088, 0.18190230542700192, 0.19259515761336843, 0.1695347989068523, 5.8720426206296, 5.072452429860732, 1.0578511760411402, 4.6176649233373155, 58.91777020126574, 386.3005386071252, 126.6805230319219, 0.05478420641213688, 0.31055001397089654, 0.00409005949825314, 1.0048998010262267, 0.0771628325827578, 0.9203298680058651, 0.20461755233077383, 0.9612422774436027, 3.253862439631348, 0.4057983254701867, 6.041188962405272, 0.2663687245112669, 4.334045397507339, 2.2178794898501337, 0.003967772108580903, 0.5145548180025799, 0.6486892095290386, 0.2633672204285631, 0.266368724511608, 0.49584219674943597, 335.48249659225326, 945.1702836287675, 185.4906186606304, 0.18028118236156843, 0.30131780049578083, 0.02626320695776485, 0.022292254235935616, 0.015548164155006816, 0.839062297977307, 0.007614771882572313, 2.2610215206034354, 0.7535418247757661, 0.10606501662050505, 1.8390555907024009, 0.5306896647143731, 1.5396912329426868, 0.8615369850519983, 4.737333412761927, 0.28937796772356705, 0.5970813688245471, 0.00015761911322442757, 0.02646700491845877, 34.420139147831605, 162.09968205509597, 32.13555724037474, 1.0925453181354214, 0.22734939985639357, 0.9409296127198559, 0.03230353360368099, 0.0992349147444429, 0.5339540264236575, 0.4891890416855631, 0.2412723389892335, 1.0910059863103925, 0.01095847072417655, 0.9707891880738089, 0.24206433486074275, 1.0618010571406558, 0.32135191031966315, 0.37737190443431246, 0.1626526285770069, 0.0008889080838798691, 0.03758285316052934, 0.10695658058034496, 0.00200898963828422, 1.032946523025089, 2.574387859200442, 233.2514266064013, 855.009807757001, 73.11863032318206, 151.8912245513834, 40.5336261403171, 0.10019386375756767, 0.06243744394760142, 0.5827379920081057, 2.335587386540851, 0.5510665173073903, 1.852190573098028, 0.23175037251940012, 0.0635710736830788, 0.8960585054279591, 0.0017739040804372053, 0.28563810085654495, 1.8107356128806487, 2.578481882192932, 2.9684902217024955, 1.4893086603037773, 0.15872202994137297, 0.4307094074727047, 0.0004432738916193557, 0.03593803391288475, 0.2580344331709057, 2.6838454480957807, 272.69233692033185, 528.9134308071934, 57.83661323007482, 2.7476789093602747, 1.0367453244966782, 0.003126216474129251, 0.6341736250094527, 1.1988132121064154, 0.5770425339910616, 0.012117288368244772, 6.706868528850919, 48.45244016364495, 51.08701355174583, 8.995777802535258, 0.2642213131086919, 0.45223293020421806, 1.0156408107717425, 0.0, 0.5156834120650728, 0.1594994618359351, 0.9745060530516412, 0.10221605062929484, 1.7993763380970904, 0.0, 1.4378859999618498, 0.0, 0.9165426577667404, 12.231711527538437, 35.068864940374624, 14.71974735224137, 1.72428754231737, 1.402350813684734, 1.8619111211044128, 1.402350813575822, 0.13472003384390518, 2.3951738431494505, 1.7536530627198772, 1.8653411184504876, 2.2192883522682223, 0.6827573333582677, 0.26167787927386144, 0.1645043356847964, 0.300604255849521, 1.848846329006733, 6.308279507862835, 11.222175463383337, 64.9511874791906, 50.61737902960999, 1.2212047626348976, 4.191141562792154, 1.7859315237101328, 0.21677687597571094, 0.04842224476078627, 1.8027654012691983, 0.4687956220673186, 3.8143470573197646, 5.646426787128803, 9.587160130455459, 2.1225077142084956, 9.67691567594261, 0.22285867147729732, 0.4089313635997769, 3.7628922333735773, 2.7454306254521725, 7.531300001393674, 5.206977046340398, 4.633533125232134, 0.743469482378714, 0.49945153310318346, 4.935496930155068, 13.165038195308625, 9.154019612793945, 6.296249461761818, 25.93488474825608, 35.63006279906301, 4.26586171000622, 0.4163815727013116, 0.037082968621120926, 1.7317842240325945, 0.014931380500797786, 3.054498121510619, 0.3683859832648295, 0.20170865305783536, 0.007447994626659238, 0.6006977239597973, 0.04312791490542622, 0.900132975585052, 0.02996860517157529, 135.78783461584635, 428.67493881002247, 83.0298092084654, 0.23700518938755977, 1.6834629447050702, 0.23394082879372036, 0.8726230587475357, 0.19688412519928988, 2.2283603305438646, 0.7272202191202268, 0.11268561823203527, 0.0024703207916445535, 0.18960825045564889, 0.005548986571284331, 0.7540419453846425, 0.42877519223156924, 0.1023932694870382, 0.1557668665205938, 0.8134453926076048, 0.6941328562380704, 0.002473613918027695, 4.764646824763986, 284.54127779294686, 789.2570845143725, 203.60616309246302, 2.677506042833329, 0.25708765499780384, 1.918554240504477, 0.17886014680550488, 0.01590714721896802, 0.7590168309974388, 0.11425991510498079, 1.3088160624906777, 0.9721773885128187, 0.010971868877504676, 0.39304782185502063, 0.1743718148742346, 0.12892974395265355, 6.241530956940096, 0.16375313219577947, 2.8248281149451486, 0.5832769278617889, 0.12834131703971252, 1.5296713816603642, 37.44436360001987, 449.97256135679527, 394.42121752725916, 37.93982353882802, 0.10216827207432289, 0.045356474370919386, 0.025368934237349094, 0.17979289197819526, 0.6257501987365686, 0.20048533165163462, 1.2617346704548709, 2.328748997879984, 0.17153046978273778, 0.1972330671014788, 0.0007179298977462167, 0.9318938223891564, 0.021754898422159386, 0.0028347757515803096, 0.03037329278231482, 1.9915127509152626, 0.11258670662300574, 0.9159453663373824, 8.648874686753516, 0.004734268253514529, 0.07857952298650162, 3.232378062460157, 0.28474309254693253, 4.892155281764872, 30.552169791016468, 19.770525844280087, 0.21402969317352927, 0.19141719720471428, 2.1222078834420017, 0.3534677956708947, 27.757577315737308, 46.418935057509316, 5.509738261644998, 0.34886711148692484, 2.2728440146754565, 2.3393578553841508, 1.3018165574742397, 0.2988623423370882, 4.2172080244047265, 0.00752329209058189, 0.35451392953791583, 1.415626725384982, 2.044720667850015, 0.27414082060204237, 0.15783240482619476, 0.009749972256940964, 1.7913631643427834, 0.2054470933264838, 2.7298559654830115, 4.954916757393676, 7.6170095556726665, 1.7543376555727264, 7.775611646379502, 0.01684916138333392, 0.034620680122770864, 0.11942230651357022, 0.02479834057703556, 0.010090482463283479, 0.7709876772676125, 0.14901734739351014, 5.065501196963851, 1.5795371935844287, 1.4776538919606992, 1.8019889798461008, 0.00020353043078102928, 0.8198567260960772, 2.080763777033326, 0.016931157121007345, 1.3045989707004537, 0.5929375141433866, 2.836170197567526, 0.17847565053330072, 2.9335152795240447, 0.03028064785848983, 1.6580033803804781, 0.539393270754772, 4.526221011564303, 0.2678785246368989, 79.56701304300395, 211.28006012066123, 48.04232913474391, 0.14994195434769608, 0.840275362616012, 0.19605028440321348, 5.306164104810932, 1.5786615836648252, 3.4804008862727187, 4.417316089197584, 1.9400638785741648, 0.14765264569689407, 2.4258888259951163, 0.5752091266175512, 0.001334147540660524, 124.94111030199338, 284.3380755858318, 45.86914654211523, 0.6987508129725484, 0.0, 0.13596889499058307, 1.1390900551616596, 1.0119332300641872, 0.32253900622549736, 2.46391091949954, 1.5628966675444644, 2.0970644494323096, 0.15906932798816342, 4.528441823284766, 0.13794072420068915, 3.6017455447135944, 0.6629540939219396, 3.3932187687491933, 0.27617977957697804, 2.188372608833106, 9.086660971924857, 0.03966107726273549, 0.04688585403164325, 2.9819524271902083, 0.040851787922974836, 1.763467345826939, 0.2420115222594177, 0.38109897398771864, 5.087383367145776, 2.7768337009085826, 2.3513601124295747, 3.8239069016055964, 0.7781547866370602, 0.021037578884033792, 0.9375238667767007, 0.4507780266737882, 0.3663774769418069, 6.41252754334937, 4.4464003878895255, 1.4661612634163248, 30.374858445803284, 14.822846301674872, 0.44676983089379974, 0.018843038151771907, 1.4900187780092438, 1.7127258493974296, 0.13759767335113793, 0.047634177161171465, 0.380690286978961, 5.012544165083227, 0.160278844454524, 5.368467732130284, 0.0009550544227749924, 0.810549910687314, 46.96057120312594, 529.7037726449648, 633.3705113555993, 80.19213208413316, 0.0, 0.1445636419202856, 0.2989486285152907, 0.7621352010029341, 0.0010519880236188328, 0.17931854662742808, 0.41162326586140807, 0.004194559727466185, 1.597128597788469, 0.27369164435117455, 0.3225780926813968, 3.81642520628327, 10.894547242680801, 1.7527337530732439, 0.4547697219817337, 0.4205618179694284, 0.029317863390247112, 33.800915237094614, 868.390219626905, 1438.4796515284702, 201.08065017480067, 0.26793496163566033, 1.4292269979209777, 0.8859277387936118, 0.010973212222779694, 2.3203978808744523, 1.0269568013277421, 0.008142569756728335, 0.6328087619790495, 0.6738182542576396, 1.1383247574324287, 4.616790631852723, 1.034815919075072, 0.15453838913242635, 0.3020085014916276, 0.5881037383264811, 0.8935310578049211, 1.7021568426566773, 24.674522570647696, 84.59850512522621, 35.889750889203015, 18.201126974312956, 21.13130367170777, 0.11585939936082923, 0.1921937529779143, 0.2600194962361684, 0.057969980455027326, 0.4634435015668714, 1.1119414832468237, 0.05220526943514869, 0.34377025366745784, 0.7716647178183393, 0.8956856811986427, 3.505339060509982, 1.2477546406547617, 2.598012122175305, 0.0339861192258013, 84.31562042456017, 988.6825243675764, 833.2268046836839, 62.08507047585772, 5.1481818368057475, 2.0587402491332796, 2.2226419412546647, 0.2360461403395675, 0.22418028699746628, 1.0590643401241095, 2.0574952682918592, 7.43062819932527, 0.76046245957059, 5.235752336144742, 2.5909449338982995, 10.294289128328955, 1.1489967914947101, 7.533491905550022, 0.9464951749270085, 2.213712024801225, 0.4625105123183175, 0.9275890443535673, 3.0287753230018097, 574.5347393919888, 1782.6221223189923, 563.7669569458453, 23.152771090573424, 5.772278068500327, 4.10161891760572, 0.16827369200018438, 0.027776512864193137, 0.6146228768352557, 0.016427106541414105, 1.8413063892080572, 0.1391088942850729, 0.554322490206232, 7.068740502281344, 0.7158230123163776, 3.8644466320890842, 0.027200282861713276, 1.3296451234218694, 0.6305220407696197, 0.015834457308983474, 2.0096678591667114, 0.38404893933920903, 12.409360008294698, 390.71437923639087, 889.8452959839326, 207.51304085945776, 0.21877138469949386, 0.33563802764922457, 139.72449163527085, 335.09235166902636, 58.915826240915976, 1.6046201911565277, 0.13364188077218841, 1.1902222818932842, 0.30479214630622664, 0.653302097768119, 0.10814301312598218, 0.6612246102926065, 0.9527224561902585, 1.9556512807171202, 0.4394768540230416, 1.623215225284639, 19.328410077938543, 289.8195365027341, 381.0604560810466, 64.53078011905563, 0.016500795992101303, 0.4193047313892748, 0.01055340578477626, 0.05310568589709419, 66.61966862533677, 260.9391472376328, 63.01793854074799, 0.17082745708376024, 1.0730644826262505, 0.9665236274848894, 0.1260007618899408, 0.64486036586095, 0.39295378553435967, 0.3481673930597253, 1.034665298779828, 0.3829995539383617, 0.5589692033213396, 3.12984148055682, 0.02594795952700224, 0.021185188792401277, 1.0577454606732317, 0.3361988605101942, 0.011924849551746775, 0.7985073661443494, 2.654939016248022, 75.26728905110963, 553.0970718376061, 436.1195838678607, 33.846550069446494, 0.053189112330983335, 1.1726445176000198, 1.0297037909865594, 0.1537046345838462, 0.12665854410670363, 0.449111859761274, 0.4341464166308242, 2.7625290610869797, 0.5690172319361864, 0.0408262104891719, 135.38557093187387, 1119.3788639982172, 1059.994827546884, 107.64148431723879, 58.70366005139249, 403.04826702817286, 354.3834790341532, 41.69848259983041, 0.569163242673767, 0.4490066061566722, 0.7095377315165479, 0.0725058556371323, 3.131948128740305, 1.6159010499965234, 1.080011179554731, 66.31621032050725, 277.6493354736251, 252.71608158963977, 43.54580649628724, 4.466229556629514, 16.9068739790132, 10.621711359472101, 0.08936722609371373, 0.9564648375162506, 1.0215859428244585, 1.2171732340875678, 3.2860834857822283, 0.16354203932371547, 3.3361498615091705, 0.04991596081970329, 32.79565200119043, 56.367511350710856, 0.9370538112501663, 0.24950322819040593, 2.8893971984252858, 0.1383618366352266, 0.4915210785252384, 0.1058529785166229, 0.3686211353553972, 0.17712576880489905, 0.11780801390818851, 0.16429014133382225, 0.034960826513042775, 0.08757805823574927, 0.625276764156979, 0.1533431582134881, 3.8282823559694634, 0.024629907186977107, 1.508720850586542, 0.5824915550066407, 0.02932445692613328, 95.1375169100586, 414.00207920633693, 110.55123245678351, 0.2635352916853435, 194.8364499882557, 821.7918496118683, 234.8502976028733, 2.038631627224163, 0.04635597589401641, 0.011611409512397586, 0.1407688243073153, 0.002909607903916367, 151.18196813343184, 570.4940060516625, 156.88445470183933, 0.6124744138771803, 0.22446755857833978, 0.10963123449960221, 0.13998566635814313, 0.17160199923432629, 0.2087444138929868, 0.46453125157268005, 0.6066481063330684, 0.02054041033466092, 0.8533341147001465, 0.4903144306526883, 0.0017205541359999188, 0.0017205541359999188, 0.20636380849146008, 0.015430380060706739, 0.06112865437376058, 0.37974050683567384, 0.5748894354919685, 0.15159142677373438, 3.887967571445188, 49.80789822381098, 30.344769713601636, 2.6852777179162786, 1.92539103024194, 0.0027098489363197586, 1.1127658680979948, 0.014707542923815708, 0.010952632138923946, 2.223016760931955, 0.31413119037415527, 1.7822716271062973, 0.14894989312517737, 0.5383981578960402, 0.019508399584765357, 8.033380160441538, 231.82554462659346, 496.6720748366363, 116.53558676341174, 0.20909043305834984, 0.13091606616069384, 0.053483060581129394, 0.15563132311854133, 0.8364566811740133, 0.051879193616173325, 0.776929741693948, 0.5699031361211837, 0.4295134188027987, 0.39060290528675523, 113.06061173935609, 609.7523234074799, 405.15213167113006, 32.42990975315047, 61.365658885873245, 568.4721497953778, 856.1851908211975, 163.9539493392358, 0.6779124941226655, 0.4171879380421615, 1.4292783659386714, -0.017386041246254536, 0.9814663292249861, 1.730068664092414, 0.2351842202597254, 0.058218345430759655, 0.6620834825774864, 0.16605171859646362, 0.006871655784266295, 0.08374490881874408, 0.0017208891288191808, 0.13796259510934306, 0.13702218110393005, 0.06100137611906575, 0.02541999098252745, 0.5362216764125378, 122.51823435261576, 493.11268600194944, 219.82894051517155, 8.23361313325131, 0.28106704787956005, 0.9430046271388619, 3.1293905892320026, 0.5570621160334213, 1.6717481756093093, 1.8575855110353814, 0.24585842844737726, 0.11368390510597237, 0.013985308765427362, 0.40038206859105685, 0.009669385524375684, 0.13830228923302457, 0.07523775848892456, 1.2507718593307118, 2.0859409129932374, 1.725936008405597, 4.728894944929152, 44.72308182951474, 11.010353061727187, 0.01452598020455298, 0.21571373835968188, 1.541804212726447, 0.44841660297083763, 1.762921455797482, 0.2264727309969885, 0.9474098734358449, 0.5365491533432305, 1.2350321923282763, 7.417935661865613, 68.43959724780245, 84.10045970280419, 6.560122898949771, 0.6016308369534045, 0.011436010348006675, 0.004113096793616933, 0.016383195383355087, 0.01652219109791986, 0.5651678348402811, 0.42019584897821005, 0.0, 0.00189655096869501, 0.5513464987438965, 0.00189655096869501, 0.651983819156726, 0.011813223671424566, 0.03805349929893964, 0.5874186839821505, 0.011824690447838293, 151.9052878296559, 643.0434648905596, 347.8205166697344, 31.158740865867685, 0.01336013054230989, 0.7580025520704794, 1.6504793859999154, 0.8728067397798895, 2.0334788767308964, 0.0316169944592275, 3.2067775397089235, 0.016064264566011843, 0.9212136731865712, 0.22095119396158225, 0.24745740714502062, 0.010381491231100881, 0.03218579350118489, 0.1972310578437373, 0.7088283411953853, 1.1457966093089453, 0.013050361924342724, 2.401126592461196, 0.8724674559493906, 0.00015794066052876587, 0.24088473937524668, 0.4999825446577688, 0.3203776929369724, 0.8939095096935716, 0.17003224417214824, 0.7384080109068236, 0.43233381515415203, 0.36517294712234616, 0.18582378519863596, 0.6442855665209208, 72.62154498138011, 463.9218492421728, 395.9554503548875, 30.342296358526255, 1.9225041703444958, 3.5273474595830976, 0.07632609593713369, 0.03233491091873475, 1.7326874610973846, 2.302737498366696, 4.984164498369864, 1.4358914301533332, 1.7512123594829063, 3.130493481206713, 0.0061847216791193205, 69.65218849817802, 370.237606099736, 201.46414348522012, 11.352115774632694, 0.32166219412692953, 0.011556953330000397, 0.22503736184796708, 0.18323707296565317, 0.12932940772316215, 0.16844512838929404, 0.3195411891405229, 0.06610555500787996, 0.06414973719074624, 0.03442287515508724, 0.23270936941628406, 359.72428830539593, 1266.9477748595887, 506.8598340304734, 21.274463979307484, 0.34632072561430505, 1.2653812578148518, 1.3074524986968754, 1.609485091780698, 0.44806034618068225, 0.8894860112598053, 0.35818300243408885, 0.27779745953625934, 0.5936364164822407, 0.33013699661114515, 74.89898354500906, 768.2362024140102, 1122.115515775694, 261.77960799096013, 5.719834625737008, 0.4701891170680028, 0.08714494112007287, 1.2600378731166302, 0.3991519571823119, 0.0659926996897866, 0.9067502925859117, 3.0682178444644705, 0.06803231550316013, 1.3173944530205972, 0.17365665857391832, 0.14957138335955733, 1.5089711362737717, 0.9166307859566132, 18.934992123008442, 550.6734665749186, 768.4412237594386, 63.599888062384935, 3.0206670372415374, 0.04711669243886263, 0.1317749066433862, 0.005263762850972853, 0.11888613964379147, 0.0013168389555175963, 1.5861831337999774, 0.5193014533631413, 0.43827121494268795, 3.6723304282561458, 5.984273993027273, 3.4695822942680934, 3.3772993634993327, 9.675474661535645, 110.36819814916203, 134.85859021988904, 14.833904829640005, 1.8903178966877476, 0.8631246691268188, 1.56851795291891, 2.48489118380985, 0.009551215905730714, 4.837700345257758, 0.24113677868103878, 1.4702197071646879, 1.0991967586220426, 0.059047704264457934, 0.1315103898933785, 0.058344161344507484, 0.8258487241701005, 1.4343630499206483, 1.4378705825312181, 2.1364712062900253, 0.3580473506509634, 0.35267983046367135, 4.734041129134198, 258.08094142184336, 568.9081541350636, 90.0100356681146, 0.12053310256237637, 0.17767823614371991, 0.5755258450558358, 0.40765639310552615, 2.871838547126117, 0.025292230309787556, 6.973083008689855, 2.598980672959442, 2.1249022279293968, 4.541731230547839, 6.459962663532224, 3.4412551103885107, 6.608837732325583, 25.024901453547955, 7.165265324648772, 2.012185786402597, 0.00023082109260030848, 0.003812562915527451, 4.75379258248563, 0.6284512744480253, 1.5156962305766228, 3.476188925070119, 0.06069705608638287, 1.1486575581556053, 12.438228271843741, 55.08631294522297, 19.670977076249414, 0.05225991663030527, 0.015250296334102131, 0.15137115099992116, 0.24680161195828987, 0.4365297923413891, 0.1693513156606059, 0.02606934254265525, 0.01163690516295901, 0.0003207715050166371, 0.2697729224247496, 0.26710369967963743, 0.4069170586187738, 0.07043718221859763, 0.18014446593110733, 0.02530792243499036, 0.01136976190355199, 0.3663046683431048, 0.08143970818309754, 0.032152157005953086, 0.025982526938378214, 0.11572217728530632, 0.08192687455198211, 19.09425559755266, 72.34845842373545, 20.757262259137406, 2.1086944597740285, 2.149381287383676, 1.6385075668526952, 1.431717723408724, 0.0004799120333700557, 259.237160680153, 912.8692575848913, 246.42363808263303, 2.8807661199296035, 0.14045153333427152, 0.003923173802149904, 1.3642295488645004, 0.035249034883918284, 2.374312678139063, 0.21260626926209625, 0.29980941734640965, 0.7433765324265096, 0.022510003362413045, 0.544431333612124, 0.045138358659755795, 0.018772396386111723, 0.57365413717514, 0.1683331078070296, 0.8460510724959249, 0.17871951964229993, 1.2207710900448774, 0.08919895245958287, 5.360795835619001, 3.6562939447837834, 0.36935908961004316, 7.17237698401982, 6.150276752092395, 6.6370887667344505, 61.90556940927013, 58.08362545834461, 12.261600746376416, 0.13551150514672372, 1.1419002803986587, 142.74591511751146, 321.0040540065852, 78.1800060401888, 0.44312325834994226, 0.09279672321531507, 0.4980471534320259, 0.8506986738162823, 0.2331052730819465, 1.176249506899012, 0.16490276419744987, 0.1326695977562622, 1.0584149763379855, 1.0801466319516067, 36.744946419561415, 28.150631493741912, 792.0158885746621, 627.2837558132078, 41.191535329462795, 2.0691810229859584, 0.1296094192707642, 17.273746859545327, 5.007488198391229, 1.6626167261126739, 0.23374513704584388, 0.3077110535525662, 0.03144253262280472, 0.04049484015308735, 5.537222083015649, 0.8559383486801835, 174.69942888261653, 284.0219680228836, 39.221822715923054, 0.2821935285124937, 0.244918846061978, 0.04682846048422107, 2.712534524956368, 1.502806569292943, 1.2794576385151686, 1.7569160051727977, 0.558538544160001, 0.009886586452125812, 0.3369071549493583, 0.013460606251214813, 0.017738961702207234, 1.1127086701544613, 0.7888748933193028, 0.00028568143034135574, 0.20629685964524924, 1.8308694147946198, 0.14752098440362715, 0.7774781983877119, 0.09022153954879286, 0.7774781983877119, 0.07132755641839594, 2.9797399195289245, 1.1574578125885182, 0.04912890956529736, 1.7943436009018114, 0.682409481529703, 0.18736379149879667, 0.09685690756327858, 0.11825152339088163, 0.24778629533602725, 0.014366292351724042, 0.15557360781951957, 0.010551602195732812, 0.10629646164147744, 0.26672491492843164, 1.1470514917989476, 0.014625292030473247, 1.8065514840722017, 0.11839732727958108, 0.07457836723335731, 0.18246482161407584, 0.05713369795910239, 0.15434410027148715, 0.1288251933135598, 99.88517993125333, 537.8856626324211, 201.91163250694763, 3.022106297715709, 0.20446519730319324, 1.6837365051737834, 0.6552691706466476, 0.007859723382125594, 0.22141513376516286, 0.1241086943840628, 0.06962795816070866, 1.470457995822585, 1.3198849077718933, 2.421540062625354, 2.0046331400571944, 0.8202054105718162, 0.07456752041457548, 0.1516193768169387, 0.0036584117601705657, 0.008193453932108241, 0.9683156645714917, 1.2736972375271307, 0.4261013977724133, 1.7975712027099462, 467.0591259585915, 1368.3890860818126, 85.58662654778391, 755.0121538911262, 1842.1007647505658, 548.6852298152387, 0.6444472715854204, 0.4876735290092711, 0.29006178660370097, 0.011399881941883905, 0.2356161812520554, 0.07273009165953681, 178.9288311008031, 672.7004182491571, 281.9605007596574, 10.396531224982368, 0.8525944865547217, 0.15291318524816688, 0.9688117765822426, 0.37941097251132305, 1.2758799607072433, 2.7583369652370493, 0.3187963935372409, 1.5142305738626192, 2.102427446813408, 0.13838650087268434, 1.7527698782926109, 135.33004129630785, 516.0734785875579, 151.2172487892608, 11.257838440096748, 2.246412001615681, 5.35897544313093, 8.522046497173278, 0.022987972696000725, 4.074623878415423, 0.6998699923274216, 2.610204547711419, 0.6106022958865651, 0.19529382777045612, 0.10896815368164425, 0.915580884686733, 0.2290265326419103, 40.224460713518965, 130.42516111677423, 26.87809822787881, 0.570004098491836, 2.6108859630880943, 0.4757166826143475, 20.70155973968963, 19.93456009597378, 2.625042127894403, 0.5238018853216317, 0.7297319760260734, 0.1628058493224671, 0.37612557451211615, 0.6074646902505947, 0.19133165297375854, 0.00817639778983903, 0.0009159389275055219, 0.3304990671148289, 0.03880140784167452, 0.023042957366328665, 0.051633739086582864, 0.0661608152605595, 0.01118518813996161, 0.0009115419289855708, 0.03291035064728476, 0.014605715573338784, 0.06596993192965783, 0.07440659676217365, 3.6622964210919235, 75.80801531469854, 208.00042642238145, 7.552624938826966, 224.70993149151673, 259.6530479725152, 29.774234179971018, 0.3058781195722986, 0.019978034589485105, 0.3545200586131614, 0.8807188759183191, 0.08001404541960255, 0.22174232801671678, 0.03385615733714076, 1.9794831125627752, 3.8570312349909273, 0.4241347933302677, 5.178264456680836, 41.43936793202124, 92.48732653544005, 36.109372502882934, 0.564390061820859, 0.03418047383081557, 0.4465848520565032, 5.008871412086592, 13.927018759622342, 6.793546377921075, 0.1785836872982145, 0.008621451734825314, 9.111898914196217, 9.225802159724935, 0.2028578898862179, 1.9665189476229443, 0.0009076196906789846, 0.39741578147345535, 1.6436996789893783, 0.9571088311442963, 88.35838225779571, 307.49143522883946, 168.23835260735336, 3.864944419806079, 6.7923033393142305, 2.227014846257134, 1.5670284971215551, 1.8198088770379854, 0.01647311748456559, 0.9672480458579003, 0.38958065500310113, 4.120183802040174, 3.1634617848907283, 13.214524106429053, 5.6610721651222775, 1.0969552535037792, 5.80678790485922, 4.701849794661598, 1.4019074551567883, 2.9514981827752536, 2.5343497245976323, 15.653355183652138, 362.5606113320853, 487.49161521716815, 45.23029807603234, 0.5264346974472573, 0.0017098479340802442, 0.0001894467754937068, 0.6240771452459057, 0.06161691546731163, 132.07384681741996, 1471.222083904219, 1421.6207411937146, 182.39123314341327, -0.004247221970672399, 0.1589692481770726, 0.1514079131978292, 2.1609758500864586, 0.10691807454821856, 2.3311451047053424, 0.5127467160628498, 0.2550369118516187, 0.3693447984228442, 0.4252269453596682, 0.04668490576972317, 0.35623996683392534, 0.7744624231335706, 0.012239682631275173, 0.012789801247549804, 0.012386728337617114, 7.1494026120525405, 15.647854522885837, 1.8715161305110541, 0.644633970716086, 258.3936736262722, 810.0572043435878, 330.6400544925739, 0.750437472434669, 398.1743799605167, 1065.1922343992405, 330.08516610757147, 1.3020009029614812, 0.5734960363947721, 1.1735417531029384, 2.813993739589762, 0.08756283314414759, 0.3535028868526524, 0.12459324113979164, 0.12153313619757, 0.5369220638456227, 0.45678985083787893, 1.1474311777869843, 1.4105883108762782, 0.15124879256711665, 0.05970783596080764, 2.38556547916761, 0.7479144802477435, 543.4539521872878, 1588.841799792905, 661.7319995960027, 54.01272756547314, 0.1595187490236185, 0.10892430146736842, 1.4527306952409162, 2.439017190784398, 3.554707438391233, 0.10579622791465226, 2.39972536780283, 0.1700697799453792, 0.4787674553147099, 1.6169442293828524, 2.512342029109277, 2.573804718206702, 0.7063734142143403, 1.3088531295375105, 1.952351363028356, 0.023432884577914592, 0.04409974170516762, 0.028019671831089, 3.904429498722493, 5.014075955687872, 0.7045141293226607, 0.3999288239554062, 0.13269827088902275, 1.478797537456785, 0.2622891661392259, 1.6805913600426265, 0.276329164166782, 0.004479338288888357, 148.84765954333443, 1359.7395341292404, 1073.1156205156744, 72.29630098141934, 0.15481764556420785, 0.4089679461241076, 1.252130279551352, 0.19509518220672817, 0.4347440142114465, 0.9986667200836337, 1.4868490858483483, 0.17166061294858537, 1.3044777667333847, 0.20257703070524258, 1.6792048536676702, 1.6040921835326571, 0.30518407581166684, 0.13424992644297618, 0.45435011236622813, 1.7018462220183892, 0.42428931036749873, 1.2667041534942882, 1.2696562623605132, 0.06345363254285985, 1.5377901722400793, 14.905189732097028, 25.37385077305703, 6.485336364068189, 0.052664310928321356, 31.54171473629117, 731.4905419455588, 1202.0468295570904, 183.79739919018198, 0.11470227962536228, 1.5467918833456906, 17.028392260359965, 10.82289573372475, 1.1685517100221432, 0.05179777241971806, 0.9576027208904634, 2.5449370708067818, 0.15645775793859684, 2.5048160750063744, 0.6559655983107859, 0.19413851231297485, 1.0020811469078126, 2.5970354804994713, 0.07204975344961895, 0.09522470542765404, 0.06582458597290497, 0.1295196414862403, 0.15958103991169992, 0.0014802658779444755, 0.6146228768359379, 0.07230341304102694, 0.7686858889305768, 0.08606464788977064, 1.1976667525145785, 0.38577388008002345, 1.5207448269541146, 0.8130478562829921, 0.14378421747755965, 0.23737643834238042, 5.867024654588022, 0.053450048326794786, 2.877619040073114, 0.3821221157650143, 0.04181742559126178, 0.21820195581449298, 15.057142106349147, 6.542718267735836, 0.6396078462873902, 0.008940150305534189, 2.658069211449856, 0.5792780981043961, 8.630788005036948, 1.8295203073221273, 0.10169301643850304, 2.0189364389011644, 3.246945410226317, 0.7492162701455527, 5.170252644039238, 5.157498193527772, 2.9091266309073944, 4.31698175143697, 0.1670995494134786, 0.8926264406200062, 2.938484059617622, 2.8203420790084692, 0.3314222011367747, 8.492424346851749, 4.188000853744597, 20.544102747478746, 704.9261614609177, 2144.0658216872125, 687.9952819990328, 0.21810184970797764, 2.572988471996325, 0.039107654755127896, 1.94420377249088, 1.0331840995816037, 0.01129004376082321, 0.0806970801277771, 0.23177134221748474, 0.6557957507721426, -0.015232344425271549, 0.22060698413758928, 0.2520937913274679, 0.051483350437024455, 0.16720808640991436, 1.2445405009104888, 0.004640931112135149, 0.5976114715923586, 0.1033713380285235, 140.77606019974723, 351.31179863466275, 65.30742666174035, 1.3600902235837111, 0.2273980051070339, 2.7010399136511296, 0.07702052266984083, 161.20549440059904, 602.1450106995483, 149.2784858635821, 0.5723130837890267, 0.13631214843746875, 0.5480691137303211, 0.004153096447566895, 0.06684938674197838, 0.09332413017182262, 0.3336847353835992, 0.10343428898841012, 0.23135006015820636, 0.4534507472724272, 0.025844482196816898, 1.579330250184512, 0.4598882136258453, 0.8779959500785708, 0.31997600266890913, 0.2653686272443565, 0.07511762294961954, 0.05906102393339552, 0.10502645414965173, 0.9962026703871061, 23.246226805087872, 38.129052518964386, 3.5293524458342063, 0.4669096755071678, 0.8058393111318765, 1.2771454412942376, 0.42291128757710794, 0.07417849141370425, 1.9033647655927552, 0.23831488755490682, 0.0002022218242245799, 1.1799702879745837, 1.8232836968776382, 1.1181971517619331, 0.9043487851528198, 0.0008296822077227262, 0.5815077801867119, 1.9111100777289494, 0.9259040222661952, 1.6056485437351284, 4.332211410938385, 0.01333934524200231, 0.07337980114630227, 0.22573415936449237, 2.9166132066043247, 0.34906166031896646, 0.8682953819072736, 1.2639667870475932, 8.570443391183062, 0.7918735526232012, 6.730203127957566, 7.7896548475764575, 2.6297553061758663, 0.05935802104818322, 2.4903334339815046, 2.0233050941819783, 0.15463765806248375, 0.45098113732206, 0.05443756504200792, 1.4957416344157082, 0.007617590590371037, 6.69705511104894, 7.883376876584862, 1.4351153517879993, 3.667290799810644, 2.440818659839124, 25.534175215919277, 118.26607053990892, 36.09747142504352, 1.147009099276488, 174.8959687637887, 1065.0713848368737, 358.30313116176626, 0.6205509979308772, 0.2306087958718308, 0.1863928808638775, 1.5955487890344102, 0.02269171623731836, 2.8140946988810356, 0.0, 7.405111019530523, 55.345506175734386, 64.3036101194973, 4.496975558378381, 0.09029649206308932, 0.47431420206817165, 0.2440867727185605, 0.1909372487435803, 0.2750382822455322, 1.2670987036963197, 0.3968144814302832, 1.826556414359743, 0.792615282301881, 0.014762882876880212, 0.5620224004213696, 1.6016406561611802, 0.01967053603380009, 0.5245506513766713, 0.6875336795890234, 0.19401886614798514, 0.47462185877247975, 1.1051200019903717, 0.05185972358503932, 1.105120001990258, 15.58545162832138, 112.11489097048172, 51.21600001976776, 2.1372073616046237, 2.767031689780424, 0.3151443502351867, 6.911848514029089, 1.8532362211469717, 0.26411482690082266, 0.09490777173459719, 0.25996832065402486, 9.968469396358842, 8.956159134937707, 0.4382561024497136, 5.762645154237362, 2.6689420341783716, 3.2153560384026605, 1.9415304798142188, 0.937700374007818, 1.347482564515758, 0.08445117177348038, 0.9103495295275934, 0.11062441438002679, 0.06647442227381362, 6.485404471570291, 2.9204968326330345, 75.40910281947288, 26.843108541035917, 0.00909707966809492, 0.36374344731586916, 0.01618116367217226, 0.9745060530515275, 0.030747349351713638, 0.001030431222147854, 0.23122553509188037, 4.3007503646331315, 228.23490490873087, 732.4623009412655, 172.0668675934287, 1.7575985111761838e-10, 6.3262452922870125, 1.634110429650832, 5.248520314865345, 0.9794337060565113, 44.08336233714181, 175.1074779591412, 44.113908628645845, 1.5416119127006596, 1.4943508319471448, 1.8091300594228414, 1.3943925427266777, 2.435392856816293, 1.3925863463266523, 2.0225148625273732, 1.4009060093150083, 1.408467930071879, 2.921273596682454, 4.269422289164254, 7.238095800578094, 207.4860791309527, 860.4871294836528, 277.7493926215793, 50.608899993925206, 740.1442494015532, 780.3331640107322, 106.12127172052078, 0.9493532267912315, 1.083057786008908, 2.7901719146384494, 2.9357464788379275, 0.2903573948015037, 0.46152916964592805, 1.746310236084014, 1.3596612927898377, 1.4755502885379883, 2.125594750377445, 253.90009288145848, 1062.3412660218805, 337.2291328390286, 3.2763669075000053, 0.7446020548845809, 0.15173661342339528, 4.619571597887216, 383.9101154340035, 1133.3150395010448, 257.1762713041146, 1.2986321658381712, 0.5218131106835244, 0.4454317245972561, 0.0076961020190537965, 1.78108663548403, 11.861314854918987, 21.911862492216642, 11.649040899868623, 0.7278466788912965, 0.20821464373852905, 1.5192475869553164, 1.1234514349464462, 1.7125039382277691, 1.5673778709976887, 0.08904766560442567, 0.11549550284485122, 0.4536836880207602, 0.8647402865088907, 0.9604572078758338, 0.3710184466888222, 0.14768487081187232, 3.8346023525425608, 1.0891516643222303, 3.018250349114851, 5.668812143347623, 1.4314280114406301, 4.194643322350203, 59.27828163586878, 110.1391043930845, 24.043464281152524, 0.09312735176035858, -0.04065316286829557, 0.45178824864518674, 0.023376203135796914, 0.16311150234025718, 1.854134905495016, 0.0447400414201411, 0.5946742265946909, 1.7103503191589766, 0.8524906374669854, 0.1791326765753638, 0.14504563396144476, 0.7647029893714148, 0.09233297142060337, 1.237488413472306, 0.1294744008137627, -0.017107733068883135, 1.2800777427300432, 1.76621263681767, 279.70450885715877, 1430.149175504672, 1181.9182821760762, 143.94049834126986, 0.09238146628433697, 0.21825450026744875, 0.10005648332435157, 0.0368567394521051, 0.1379962898965914, 0.1800988694831176, 0.1936437710349992, 0.5696434274781268, 0.5334567880187251, 1.0299323994106544, 0.2104642344424974, 1.2659705768232925, 0.8362068115779948, 0.054662151589354835, 0.11778751313943303, 0.8321303287976889, 0.4546862133695413, 0.40586400846109427, 0.05508331764258401, 0.23114258348834937, 2.583384655595296, 1.3624617169941757, 1.331743715841867, 0.004533073793936637, 1.2401241191068948, 3.295679344468226, 4.437243770698615, 0.5723963982575242, 1.603245758798721, 0.3018406455025797, 0.09882293679720533, 1.791028621547639, 1.428254366816418, 0.053038223739577006, 3.143049449561204, 4.744479917002536, 20.916383817840597, 38.94912192061656, 6.9994882439452795, 0.00023834486296436808, 0.6038938260965097, 4.100461137427374, 0.003910451085630484, 8.05298900260459, 1.0458743902734113, 4.246639056518234, 2.5210502382055893, 3.5070853223087397, 2.874691906458793, 7.385698518118488, 13.326632676625422, 1.4411512531314656, 0.800791210229022, 1.8822944088202576, 0.038209946327242506, 0.0885589753648901, 7.805610263487097, 112.78682894687972, 115.57593323344986, 16.513093681336386, 0.14427833964850834, 0.2287630373052707, 0.051327163135738374, 4.442784480757382, 2.3726900131440516, 0.02698852703031207, 0.0851502769793342, 0.021316896948292197, 0.13323148025119735, 0.28374660789586414, 0.012099372669467812, 0.5924767863704119, 0.03356264086596639, 0.056193011810592, 0.00033434611634675093, 0.5419196566949722, 1.5990765486800456, 55.952658093421746, 70.6294111114762, 16.682597845733426, 3.9579293172735106, 0.005726000676759213, 1.1457987593898906, 0.3695892343179139, 0.00023115824819797126, 0.4267962147680464, 0.15524391288840889, 0.7840689623726576, 0.23190923127742735, 4.1183090933136555, 3.7980647562956165, 2.4046271470180045, 4.59430237651668, 0.5705488185378726, 0.04392716310439937, 0.48337557821696464, 1.056832533255033, 19.48258148118157, 112.72527078598114, 32.15991758790244, 0.5066592477996892, 0.08078876471256535, 0.3694545682650414, 0.03266928280254433, 0.13157099743330036, 1.667370257277753, 1.254324022859464, 0.6583670561144572, 0.002758487709684232, 0.8895079494138827, 0.2781080964937246, 0.008509077472126592, 1.2746922810808883, 2.284633260704936, 0.028603278315017633, 2.700460034547177, 0.6145476381473145, 0.3193110943464035, 0.03872697452356988, 0.92566500795715, 2.747811677212212, 0.04805886541998916, 75.82461517942056, 517.3116539459279, 391.8368249979335, 28.83617818013454, 0.7404623061155462, 0.19285029303352985, 0.05458111269570054, 1.2707479471717988, 0.04512923758920806, 0.22213531714623969, 0.13084901061040455, 0.0452130835758453, 0.6817084348582512, 0.02890948126469084, 3.3889137347566702, 1.2897766612129544, 38.73717590977276, 29.749559335356594, 2.0089168117388, 0.034721624965072806, 0.041877682506196834, 0.6344972388460519, 0.24891689630453584, 0.3500181364497621, 1.161434117187241, 0.04199808659791415, 0.1692709621671611, 0.21977739307931188, 0.06834936235009081, 0.20262036990823162, 0.07843401162961072, 0.8227594455667031, 0.520089460559916, 0.03379777914301485, 0.09805371322772771, 0.12326244402811426, 0.016766389481063015, 0.2921184691219878, 123.73193487014828, 548.487258859159, 186.39705940924023, 0.23058524827524707, 3.319979477311449, 1.1382137619484638, 5.768917180022186, 1.885625478464931, 0.8675199452432025, 2.22874913153953, 1.2389203455484221, 0.2155908173986063, 321.3940507462635, 1151.6122896608915, 469.206865754777, 43.97520620379669, 8.614960967676097, 0.8629776057423442, 11.56946652593524, 48.14867547805261, 49.68938271597699, 16.001866279157184, 1.0125492481299716, 12.257182097785744, 1.010595001983802, 0.8720512539753145, 0.17271600775166007, 0.06905485595643768, 0.24622633125477478, 0.03445116257489644, 2.092048860184377, 2.236029372280427, 0.09208273134117917, 6.287017008918156, 5.870555535148469, 5.271551634040179, 8.095249449778066, 0.780872003446575, 2.507181014700336, 0.38049994090738437, 0.061123627487177146, 0.11691137470552349, 22.325233125207205, 157.87222742363906, 89.41663178006888, 2.5039398306832936, 1.0742576028173971, 0.6809627961715705, 0.4177643989492026, 0.00260627098691657, 4.138132317402551, 0.027572167366770373, 3.6887066242584297, 0.9566064745956737, 0.010207077564245992, 0.6652771719720931, 0.2530943375817287, 1.64861997425146, 1.937195850136277, 0.2313302350887625, 4.0637995660868, 0.11549256779039752, 3.711519511801498, 0.03539231141689925, 12.084813366578373, 2.594785037626707, 9.035324495868963, 6.796347252256055, 0.0006425702256365184, 0.11696744278401638, 2.3410026779520194, 1.0082799992042055, 199.59989971039136, 989.7985844246111, 346.00639119006155, 2.0517148860425323, 0.004232235824019881, 2.0517148860427596, 0.0117110032972505, 1.21619280288769, 0.04650870847058286, 2.207287301616816, 0.38399715763262066, 102.24958912778834, 511.92354084014187, 231.6783923269063, 4.173392400049579, 0.04150378435633684, 0.09961536694163442, 3.3099776498994515, 1.0232059194024714, 0.028171048078206695, 0.06291428597876347, 12.675727561060057, 51.38200333790314, 17.605699233723954, 0.26740921974601406, 0.06276028534830402, 1.363766464042783, 0.2518935292482638, 182.44434371486864, 1042.4420992107634, 844.3962432485023, 126.70352048283121, 1.609391860728124, 3.5954883679265777, 7.313458215110586, 1.4316748190680073, 12.245837457938023, 444.1863683889387, 917.7812499313472, 161.25390512267177, 0.24276427915140175, 0.06022230527491956, 0.6553784424976357, 0.9736636165088157, 0.5309967649366172, 0.020191917190459208, 0.30970723668508526, 0.6655931040540963, 0.0018493202685476717, 0.2560599459836794, 0.0910926988058236, 0.9043487851524787, 0.12898697166826878, 0.4861690252362223, 0.016593332547245154, 5.6544358585259715, 6.662209944668689, 1.9875843578103058, 4.229919876173881, 2.4974298119723244, 1.0438102661992161, 1.8766389625182, 0.16786199233422394, 1.1957655227570285, 0.12330333902082202, 0.2423068514242459, 0.3713953075025529, 1.8482338863577752, 0.1222833880624421, 0.0009137354169297396, 0.14440455608428238, 0.5783319783470233, 17.042558198735833, 192.7133357702212, 315.2898856473571, 80.73992023473033, 9.076221652259164, 2.1642195793457404, 33.870421678586126, 424.2879504120176, 844.2790285016392, 120.50811319583158, 1.2690740761540837, 0.008534437189382515, 0.06315855599621045, 0.06257320760573748, 0.08463052391493875, 0.017304395949736318, 6.038495182677934, 88.53196002226014, 127.69758133853156, 24.227037401303733, 1.0437415545776503, 0.10885210248943622, 2.230269975501983, 1.241449042624481, 1.5490209082679485, 0.5162797283663849, 2.0698898809782804, 0.1086050298695227, 6.374045858765953, 0.3778139419924855, 1.0742054129781309, 0.00027886560758361156, 0.00438648716692569, 1.0193071902563133, 0.06188007267235207, 0.2781890214557734, 0.528056094245926, 0.0614212739147888, 0.603036300519534, 29.662738974062904, 180.07331196344626, 134.50487664728007, 9.93575412615428, 2.7890516817474236, 1.3792478519325186, 4.570670418922305, 5.5147376402910595, 1.5833654609461973, 0.7525708641228448, 0.21421747789008805, 0.23476024082572167, 0.00849406787051521, 0.042425091863833586, 0.026169492627104773, 2.072611776028907, 0.7492015487281378, 0.07982802205992812, 0.3443377598405277, 0.4873412600646816, 0.034615571139397616, 0.043354600586894776, 0.06555405010089999, 0.5966273908753692, 0.0663629647946209, 0.008910114457421514, 0.0789332394175517, 63.148218379398486, 384.5735732057433, 356.82336131746047, 59.347007658711846, 0.49882530153377047, 0.0007848107406971394, 0.28738928141910947, 1.3099875835391686, 0.4388103744681757, 0.9806203653838566, 0.4388103744684031, 1.7018624864940648, 2.965047754132229, 0.0018469086510322086, 1.5697140374895753, 0.024906464629111724, 0.0989573165834372, 0.782563223807756, 1.778941399829364, 0.11630585421039541, 1.0680649621385783, 1.5080643779353977, 0.0, 55.843025777139246, 286.95565800165105, 401.671384150362, 107.5356303556789, 1.9638479860639109, 1.687458903551601, 0.5986035288232188, 7.217174740806172, 6.979650941088153, 2.829897994980456, 2.978742557142141, 1.4749319064385418, 1.4153039820932918, 1.181309867590926, 4.7785574030939415, 0.47088234627221937, 5.971007996375192, 0.09481827867034553, 17.257774381145964, 6.771224677288615, 1.1767403927698297, 1.3946324223190913, 0.5679282388605316, 2.8758622318634934, 0.860020371672249, 0.12413486459195155, 17.30201392870822, 534.5383674560794, 898.437672038883, 131.062212007894, 0.1244667206037775, 1.4180721421644193, 0.4954269497702626, 6.455215124292408, 0.06705554859149743, 6.388349768317312, 0.7589556661278039, 0.397520565816194, 0.4672256032529276, 1.6382617281899456, 0.025066802189257942, 1.2315303788616347, 0.3870575494606783, 2.3217575921883054, 0.011330527963764325, 1.1309550718348191, 0.039781256767014384, 0.6126937010320717, 0.011300604236453182, 0.1926150078700175, 0.2031219435566527, 0.06322951105244101, 0.029578334270922824, 0.325318607268855, 0.01121174421359683, 0.5902125345883178, 0.28198556905226724, 1.5945463962602844, 0.00017761054584752856, 1.0783695198480245, 0.01773077945949808, 0.4060608567390318, 0.784508366265527, 0.2685175108314297, 150.56096802764387, 1076.8059265058791, 939.9921009733355, 85.61816363601042, 134.63131597559345, 524.6813227941444, 200.25105305198872, 3.5838952662859356, 0.6270172978364599, 0.045153175971790915, 0.052871698682906754, 0.0012501782046001608, 0.2644858444222109, 0.00031284933140796056, 0.47678647251279926, 0.1971996429979299, 1.642784605623433, 0.00508324224495027, 0.7057915071698062, 0.23337912213276013, 0.2489179933475043, 33.75976923183032, 140.22590067950057, 68.25906802543636, 8.780741186855721, 0.10620169101548527, 3.7879133840542636, 0.9373169393229546, 0.43546613965850156, 0.3320227643127964, 0.02041912962522474, 2.255788111014226, 0.2979482796181401, 5.644506333375375, 0.2568552291957076, 0.21863623765602824, 1.7863361434967828, 1.7920530922565376, 2.164891929481769, 4.478128977907772, 0.00831967873443773, 2.492581912514538, 3.791756138357414, 0.0020213587440593983, 2.138461859072777, 0.014391148498134498, 0.20658620436893216, 0.5032885921183379, 0.22053497797628552, 0.0668700348320499, 0.014605715573338784, 16.758153675038784, 192.0503028064727, 156.99963780388634, 15.512526018163044, 0.6931641455843192, 0.0440266346477074, 0.01105164552086535, 3.4688060383637094, 1.4482139655723358, 13.197299633800867, 230.932535606883, 140.2040141499922, 0.5716235426873482, 0.4137079323263606, 7.755611972290808, 1.4934556027897088, 0.11915003349963627, 0.09895324103786152, 0.1891548653575228, 0.05055800392619858, 0.41725953005834526, 0.24575038047169073, 2.9850472676316713, 0.8615387934344199, 58.485745104831494, 519.8488100696154, 1284.6405809604817, 490.0299013375261, 2.232613500798209, 0.33018828990532256, 5.322977478678524, 0.4237504151876692, 1.0005158590298606, 0.6343197775975113, 1.6888262676353634, 0.6264566528091109, 0.82861816669174, 0.76808208080638, 0.3659127599516978, 0.13547787519598842, 1.228001727968035, 3.5620643351661556, 2.651435440892726, 1.3410537886927614, 0.5798550626275301, 1.3622074405537887, 1.1834623026751956, 0.24663862636856493, 1.6450464256829491, 240.8572730025544, 875.0471750979485, 397.92127306240013, 24.419346163170758, 0.11120345048584568, 0.8849640739241522, 1.4024708611234473, 1.1317863313920498, 2.0994661479385286, 0.0, 0.1122821784451844, 0.0, 0.007715854360526464, 1.0953271707337535, 0.758230083969238, 0.2897191924919298, 0.8206222862499999, 30.967086607385227, 155.51567685687564, 96.72549701526998, 10.497233193977877, 3.664257868808818, 3.5513503861595836, 0.002513315632654667, 1.378467358882176, 2.3759851392784412, 1.4005943536778886, 2.0190503757621627, 0.6453477786478743, 3.3075876467335092, 2.153399914174315, 7.9563785531029225, 1.1000441255894202, 1.6383850432829377, 1.4313808986637468, 0.0, 4.698616534162966, 1.393667971226705, 0.19164964949823116, 2.5275068747122305, 2.007194184727382, 38.13066225957209, 62.9300259630179, 17.014212586666872, 1.1350569761672205, 0.09472745864513854, 2.195223918890406, 0.0004239471163600683, 1.4823885752767865, 0.4021605983127756, 0.0016588676876381214, 0.006596035473535267, 0.026610109262492188, 0.8882164311196448, 0.2635919700830982, 40.50885946438166, 202.4909550238889, 67.82855998655918, 1.313088249581483, 1.5206485388640658, 1.9160353509751076, 1.7721386521637896, 1.3451000710225571, 2.5102569809433817, 1.5587831595062198, 3.3376824882665233, 0.4461942513412396, 1.83221771011506, 0.3034466275844352, 1.5882010815500962, 2.057346059384372, 1.768434778033793, 2.485689976170761, 4.377071743480201, 3.141091856205094, 2.115514702816313, 20.2232818727623, 129.80021951665833, 154.46606308740843, 219.57399358495877, 1674.6219602032925, 431.38841279047756, 637.2743217049399, 630.9446609500524, 18.801031056326792, 3.200639692089453, 42.34013231693916, 513.0122201508646, 514.1338830540503, 56.89403501169954, 1.5476023311160816, 0.21739813203907943, 0.06819825664263135, 0.6398523560706053, 0.059920082075564096, 0.10355336261284265, 0.4155531603153122, 0.22859344013772898, 0.06850423151058749, 0.07802525583588249, 109.65711284475992, 360.8372316861785, 95.67272989507251, 0.2472750569730806, 0.02533844772892735, 0.15072353423988716, 0.05218086766876695, 0.0021029502503324693, 0.01315052884240231, 0.40564371121843124, 0.9098472670577848, 0.4353674579598419, 0.5253724463675553, 0.4353674579599556, 1.077757310138736, 0.07295745654630537, 0.04010162601093725, 1.489304535788051, 133.06507917115607, 541.2615984862116, 186.52949114801936, 0.25686204768464904, 0.05789088170774903, 0.0357120046315913, 0.18136241581305512, 0.189198141812426, 2.052615219721474, 0.8538089112157081, 2.02767368501236, 1.4258485710001878, 0.43424943029373253, 90.66924834186943, 377.2311132871937, 198.19362501157138, 22.211453383730827, 0.9117735457145955, 0.9809504702215008, 0.9117735457145955, 2.097374035512189, 0.15417991990500468, 1.776237977590199, 1.1182561119356933, 0.4995113226674448, 1.5186590543124794, 24.368774539037986, 5.774132163154377, 1.7596766456889554, 2.592527372390464, 0.0006538747835520553, 1.248604158116791, 0.16573846655069246, 0.8869685885413219, 1.4857861634948222, 1.576370314781002, 1.5206289798670696, 1.4387054475355399, 1.869505188314065, 0.26562764148957285, 0.13396051589597846, 0.03314375490151633, 0.24119661933241332, 0.3240417966244422, 0.3739069779744568, 0.0026348081202058893, 37.859165552668856, 412.81615196315806, 405.6543713451406, 51.197809179731166, 2.6348499173391247, 0.6302891086943418, 0.29315866684328284, 1.2217204819353356, 0.14685112612096418, 0.5035200751751745, 0.12657888482829094, 0.06270889364600407, 0.3860401093271548, 0.001959152012659615, 0.026159325469620853, 0.03665376286312494, 0.36593129450955075, 5.1766556505924655, 8.390895814065516, 1.0287372585548837, 0.06196305012781522, 0.0, 0.13913433211007487, 0.5836812913687481, 0.00600980417482333, 0.1294560844926309, 0.6595312369119029, 0.0009726204885964762, 0.08879944160651121, 0.18918567203854764, 0.811371481023798, 0.18653669126058503, 0.3224201347079543, 0.2869416696208873, 0.0037376328905338596, 4.054120179212873, 31.759443991600506, 40.693172203895756, 4.147682440606673, 0.09970999198526442, 0.010918075155245788, 0.5581389726194175, 0.08795349942442954, 2.055039317058572, 0.004889498041279694, 2.3623128484081235, 0.01492192043031082, 0.8154719492287086, 0.07818257764938608, 0.04431541845895026, 0.030598307032619232, 0.2939603691828552, 0.07848171859677677, 0.39706736675088905, 0.0012317691725911573, 0.07893466455664111, 26.491796260729416, 253.65465914486322, 262.1378232965901, 22.669383492929, 5.01617163551748, 5.6981944727129985, 106.60125928666912, 871.4006878591003, 1000.3157030558305, 132.68440142057625, 0.001371063886608681, 0.38179648979053127, 6.564090930776501, 90.06938389065704, 180.33408104923797, 36.80566629038253, 0.23301988995240208, 0.31321356325861416, 0.09671905141988191, 0.06155609163272402, 0.061963050127360475, 0.33365096631905544, 0.8518921098816463, 0.0793497754245891, 0.9101610545066023, 0.2035078136480024, 0.05397927139665626, 0.0009613257273031195, 0.3671257529971399, 29.700218850132956, 113.54958581577205, 35.965010374831536, 0.0003568320495332955, 1.6804430275855111, 0.48175884141528513, 0.4270387324833109, 120.20947006684742, 447.8587890366023, 95.62736051799175, 0.2284939758397968, 0.28283775083980345, 0.06385098804776135, 0.7208073098505565, 0.21448070674648534, 0.03416959762796523, 0.9658446335373583, 73.05515410295493, 405.2787327293804, 274.34239729664, 10.883128326448968, 1.2629003632237072, 0.0035868565457803925, 0.6507170416482495, 0.6596738218818246, 2.2678400345369027, 0.5963997567396291, 0.7021924907272705, 31.85904716755408, 361.3123004358886, 463.2559969125855, 72.39499447696653, 2.793369958047492, 13.443504339786728, 18.347852124313818, 19.95931511297715, 41.46119853606501, 13.368607828150516, 0.13121885027885583, 0.04510853889246391, 0.8914512723025609, 0.1109774406171482, 1.3308305752360639, 0.003624807252322171, 0.20296935616909195, 0.1750471046657367, 0.2914801414892736, 0.2011298524656695, 0.03203477832403223, 0.05842676109000422, 0.2947054611133808, 0.03292585675387727, 0.02301448096477543, 0.04485741658311326, 6.141125019256037, 114.85258667376183, 187.25130571448267, 39.157839831276306, 0.0016241783569057588, 2.168680416276061, 0.5338457870427646, 0.1834408979178761, 0.1063499930528451, 0.5425911573627218, 0.5130858971839416, 0.0017024727261514272, 0.015268772101535433, 4.002542978410702, 3.443362234236247, 2.5926526373827983, 1.3491270369995618, 1.1941168439863077, 30.831241071406907, 98.88078785286052, 27.980737667887297, 0.017556015476202447, 0.09782169045865885, 0.3319471622869514, 0.40549503402826303, 0.7707490781579054, 0.002375484377353132, 0.009390402267172249, 0.4827075595651422, 0.7508050729361457, 0.050382482935447115, 0.5201243776382398, 0.02079330879985264, 0.17452095277667468, 0.2658013865104749, 0.23260256122671308, 13.817790736837424, 54.02212454910136, 22.154257023055834, 0.4128681592725343, 0.020063056779576982, 0.5956922832042437, 0.8883328572658229, 0.003304217080994931, 0.10999153952184315, 0.911962839071748, 2.786395293282226, 0.06116613512449476, 3.083262792044252, 0.2862870202436625, 116.4937673092818, 875.9215696453725, 531.1067163075345, 21.99923619657261, 2.6743099320220836, 4.068881180624203, 0.42035582150958817, 0.23065337914113115, 3.6056812881358837, 5.840064054959839, 0.7675584001138986, 4.280118214283334, 1.2163729639394205, 0.05986686083429049, 2.876131532757654, 1.9950264668631235, 3.4166538092533756, 3.272462735691761, 0.03317185439664172, 1.4926495237482413, 1.5976327160122992, 2.0084633076513683, 156.7738095213706, 665.2010322682074, 342.262230227082, 108.43606971134477, 70.26182995818135, 15.218359671148505, 0.5951137136141824, 0.07999457009952948, 0.0, 0.09599440398528714, 0.011575563437645542, 0.04680794823298129, 0.5125164483861226, 0.47235925167740334, 1.132994014763085, 0.08740548465289066, 0.6955415365096087, 0.15338323022854183, 0.0810924642955797, 0.0029323516750991985, 58.52227903300809, 960.6753060846795, 2006.7569159495583, 551.9188716552203, 467.01528045762234, 1668.3884587047364, 848.3588040152094, 61.873976630120296, 0.5866494742779196, 0.9549528288823694, 0.02503743020508864, 2.3849198449570395, 0.08260567063405233, 0.9715157520580533, 0.4990120577225525, 0.657122093617204, 0.5747499042382742, 0.3037859199714603, 7.942538257519573, 252.07264459060275, 406.30829196512786, 67.1595190586554, 1.3345521733141368, 2.868844318833453, 1.3908869560459607, 0.06555405010112736, 2.7739897602184556, 5.511141036334266, 2.0918155058908496, 6.182919320139035, 1.4913194928386702, 1.5336205740281912, 0.052573998663774546, 0.018967405817988947, 1.6333287556458345, 1.4523194140089117, 25.092486845515396, 43.841966089121115, 2.4019755923121693, 0.33408138204640636, 1.837769411984027, 2.9929369670181813, 1.5920936839430624, 2.6133983692325273, 0.996232341670293, 1.2073573507120727, 0.03419062502155157, 0.7691533217725919, 2.345543856747099, 2.2223108714553064, 1.9851257003867886, 1.3947200841025733, 0.10074347756085444, 0.9224628523418232, 0.2919806474885718, 0.11720073613128079, 87.88906209096831, 269.61334682312213, 56.38304280605121, 17.198104330704155, 34.8686141532944, 3.9504101922821064, 0.08182998962763577, 0.1789560972650861, 0.29578006537281, 0.34350260662120036, 0.252926993689357, 1.4516388355358458, 0.4512305519485835, 1.3869555429358797, 0.5078708782657486, 0.24062395378768997, 0.0001859225178577617, 0.46288832973232275, 0.5365269328719933, 0.1772680897315695, 0.5167378827354696, 0.3094738436084299, 0.6396078462871628, 0.12408629937181104, 0.8014856805975796, 0.1670334793072925, 9.790981568245343, 141.2119813946524, 222.45541499110516, 36.83830526784368, 0.2827578165623663, 1.0424302755833423, 0.0013304664472570948, 0.31670083087897183, 0.06546402165781728, 0.04045597996116612, 1.0693036703623875, 0.8914468908931212, 0.37748064158313355, 0.054979381413545525, 0.008244323991448255, 0.25863422276654546, 0.02674823379084046, 0.008312552465099543, 0.20882413986123538, 0.03330767475745233, 0.06638327730229321, 0.5539869198941005, 1.084105077443155, 0.015962285913701635, 4.828928646985787, 2.4010523867043503, 6.7435437734038715, 3.251130574320996, 0.10695680087542314, 0.032853722652362194, 1.3978566198506996, 0.026602439259704624, 3.4473542531295607, 0.0003293221752755926, 1.564837796213169, 7.4201667859056215, 5.764964829932978, 1.66933597131856, 16.305101824852954, 88.37886602403637, 134.82512040414395, 17.26722782831837, 0.005060907723418495, 0.9948919348230447, 0.2271530954675427, 0.009268746443240161, 0.005161743868939084, 0.4801083547770304, 0.0005728555397581658, 42.065697288034926, 225.6781538300811, 111.98398059746819, 0.5193177848833557, 4.996421020830326, 0.628323936291963, 0.4912609562261423, 0.16728449045206162, 1.4571126051059764, 0.21269192244528767, 3.029447102796553, 1.2245495357257141, 1.5637174237118643, 4.575012209553961, 0.1066307227042671, 0.001380740927061197, 2.9430002168010105, 2.372026968731916, 3.9502445799098496, 537.5989061521755, 1626.8811857995627, 400.66289080745537, 2.1236824773161516, 1.2448579719552981, 0.007060357624595781, 0.012635937749678305, 0.10437864449954759, 0.050290843537368346, 0.7284199296705083, 0.004899964327478301, 0.7284199296703946, 1.3094328908541684, 121.29358259514561, 435.73149259241177, 106.62489273708707, 0.5034957083421432, 142.2308955765343, 565.0171123704823, 170.77227401555922, 0.6073042218632736, 0.02984352674877755, 0.016518610189450555, 0.0, 0.14704307409499506, 0.4605636442818195, 0.06499444911867158, 0.5850425492787963, 0.22541641903967502, 0.4926882643801491, 0.007623908971140736, 0.32712332883806994, 0.12460636289461036, 0.49848651583113224, 0.0703566569409304, 0.17346765987224444, 0.36307609303821664, 0.22316164682001727, 2.7078000207002333, 0.8126149857309883, 0.8096103437314923, 255.390793457555, 1645.0064320415713, 1231.662057422168, 117.66341312193413, 12.386321982754907, 423.51221473870964, 1106.1417725461702, 295.4659591476916, 0.39369185126292905, 0.7651166775088996, 0.40729299364988947, 0.0064612533160470775, 0.34272975484532253, 1.2844673630081616, 0.011121094597001502, 2.5316591388834695, 0.253618122899411, 2.531659138883583, 0.33930668263576536, 0.197113373368893, 0.174726497602137, 0.5688903710490649, 13.437936507478753, 165.72143603514962, 225.26953507442659, 22.204603348861724, 0.22032872118518299, 0.5882817448316473, 0.007608401379570751, 0.0002997789562186881, 0.17370404931102712, 0.007508536912496311, 0.058922345232303996, 43.520657264439706, 470.446193382036, 643.7876108324058, 108.81816686580771, 1.0037015041505128, 0.02692760146976525, 5.004727541700504, 2.2991381721450352, 0.21404061829423426, 51.344066781566426, 130.45037884085207, 15.569553151669197, 1.6132898734506398, 3.3034717530729267, 3.2350732895266674, 2.8478702753033076, 3.3910660708837668, 1.8561989449240173, 2.5440061858387253, 40.48477777321409, 149.47476867611726, 42.4747964338593, 4.727500325980827, 0.6502452052238823, 1.6084092632085003, 0.25240945170514806, 0.03357780936835297, 0.5675283167361158, 0.24031770281544595, 1.8375776247607973, 5.49381674594963, 0.05703837129067324, 0.09858230672966783, 0.1267832831853184, 0.6953426886391298, 2.4401651535057454, 0.47018990954302353, 0.897384750593119, 0.04108576749001713, 0.5240605446060727, 0.014691367091586471, 8.916518947640498, 85.12622983247888, 103.79556579505788, 7.074380990784448, 6.301324698662938, 1.4980189195912317, 0.3321352854775341, 1.198138254921787, 0.09640160166532041, 0.9589746534543337, 0.9725184758328851, 0.990932285326835, 1.6770275096373553, 3.768376791504693, 3.1010770472498734, 0.08049874693131187, 0.7725652131774723, 0.05410643004643134, 0.08822028601969123, 0.18448529232387045, 1.0365052861984623, 3.3837060953874243, 0.32454647891449895, 2.482425010065299, 0.26475558674906097, 0.0329745208047143, 0.07022424269530347, 1.0630399166931284, 0.2672154849283288, 0.10108290512062013, 0.2503262938636226, 2.706250884848032, 9.832384056357455, 17.23372071308927, 8.01392145586044, 0.018633146912179654, 0.03835615660341318, 0.9298824495201643, 0.01459869688596882, 5.6501698183885765, 0.19355784188951475, 8.746155919998728, 16.00662884063945, 547.2253729101174, 1462.3571162702995, 476.31201108981895, 0.37771835123493247, 104.7846185446615, 319.10511233217255, 109.37530431418452, 11.941230663770853, 0.2010215234148518, 3.123528541104861, 2.056182843864235, 0.16614430737365637, 178.55156045475155, 525.743263266008, 348.8806128541805, 301.0741868974085, 88.77542692129714, 0.19819124546938838, 0.7825711524360486, 0.2987328699292675, 0.023228806450561024, 0.4375560544788186, 0.11790273682993302, 0.15607564347635616, 1.0283296478093007, 0.4579703350092359, 1.6092476156399016, 0.4753322942235627, 0.13639603138119583, 0.6688568954584753, 0.010447016467537651, 0.1578373425618338, 0.5076390536476083, 1.0309926430675205, 0.1450297100880107, 1.4268896235776083, 0.005825374795449534, 1.0104510294384, 0.10059298290707375, 0.019287835568547962, 0.14348836931731057, 0.0001591307293438149, 0.8809504194537112, 2.793925821853918, 1.6046826403839987, 7.223542388798933, 0.13392111487632974, 1.3630293367396007, 2.3295027486919935, 4.386327507574151, 0.1382255971552695, 2.9004200223394037, 0.0, 0.42037692088183576, 0.3432414965998305, 0.7893480250259017, 0.007875567932615013, 78.29464197751304, 797.0670383434847, 1218.8337595135595, 251.18667745334164, 1.3484809235299053, 0.48338596454402705, 1.4426866973626602, 1.020987751254438, 9.836253570988333, 5.073289285711553, 3.887026298840965, 65.8242712302208, 272.8575337752982, 124.30612438783578, 4.061839763878879, 3.303779522168952, 0.2682055197135469, 1.916597628447903, 0.5275776308336617, 0.6047133011535379, 5.572601128286351, 4.111002326148196, 3.5926300693456596, 6.621362863411832, 0.7027693136556081, 0.6183968840717853, 2.8608420191427513, 1.4273171550847792, 0.7626195580828607, 1.6246903098481198, 0.9149100638792333, 0.05713170164381154, 0.0003892605542432648, 0.0003946475397924587, 2.705854201394345, 0.42391686002360984, 146.329816708434, 324.09834774391766, 72.5361698348679, 0.3246027287389097, 0.42928876886139733, 98.68232133509991, 492.4237569181132, 243.16414831702286, 5.346730470721695, 0.25446281557026396, 3.684485639008699, 0.026169492626650026, 1.361376321081707, 0.04321261578695612, 0.16997570568150877, 0.3273625388204664, 0.11784828130055303, 1.072222517081741, 0.0005277250895687757, 0.3616361761379494, 0.01904957826604914, 0.053030523219376846, 0.2146879865046003, 40.41551077262511, 267.80409581931553, 206.79657167101823, 19.988947117316684, 0.15967228432305092, 3.242985754760298, 0.3730726434927192, 5.391894480918836, 0.9453294174556959, 622.9490007804179, 1697.2107705397266, 458.04339925123645, 13.192291605382252, 0.1784417513764538, 0.016199369575588207, 0.14462892853896392, 0.10508278913528102, 0.0, 0.7501594990395688, 152.0863545261609, 1127.6684723243236, 704.8787256485577, 31.305823989622468, 1.1588408990588732, 0.25182604701331, 2.69042145894673, 18.696904266840534, 18.20314577387387, 0.10788501767524394, 2.3073583410981655, 0.0276207342546968, 3.504063708872536, 1.9749176555131953, 1.4427874099199016, 0.9729037453525962, 5.248668635227546, 1.6386837093604072, 4.02568887760458, 1.2508837772186325, 0.4712952379387616, 0.07176263905512315, 1.0701307419953991, 0.42488679052155476, 18.108876542639678, 485.0865498242056, 765.0759607728303, 86.90993634830147, 0.007116595438446893, 0.2259284660326557, 0.00711659543856058, 0.4978718506971518, 0.3456399183613712, 0.45131758430125046, 0.05496175885411958, 0.5210956105704554, 0.0, 0.09064308994720705, 0.12341155335741405, 0.04035641765278797, 0.18945236764716356, 0.12391822605627567, 6.8218011475133835, 96.64084826511976, 97.8961178163529, 5.139161617067202, 1.0487588435046291, 2.435254241921257, 0.01840631099298662, 3.030251172505814, 3.0025270460885167, 5.3216358433055575, 12.923865179531504, 1.1080864333085856, 2.4051686929633433, 5.221949671342145, 0.00018273640728239116, 0.5588839269332766, 0.0182345673619011, 0.02638087738057493, 0.2934673732486317, 0.11421068107142673, 0.6148577027128113, 0.3550962591074267, 4.654088169237639, 3.4124311810514882, 0.03760906139279996, 0.9433352814186264, 0.0030588903207444673, 0.13911679983823433, 0.048744108919891005, 0.009388848088747181, 0.07622449015070742, 0.4011180551946154, 0.14915852184378764, 0.0, 0.37965483518132714, 0.018744413086210443, 0.19148535718898074, 14.528847597167555, 154.68439234299797, 214.55030548978345, 30.84120414544418, 0.0003465924531838027, 0.6746622497332737, 0.028154869441891606, 0.05955726110312298, 0.5230536720728196, 4.453766429085249, 1.118224172117607, 0.005185874690369019, 0.026476143961644993, 2.531042992090306, 2.0493242328005863, 17.150472374868627, 126.69231226491775, 104.4903194206604, 10.516256850638001, 0.04141799597425688, 0.05407283341492075, 0.18950810685691977, 0.035720430370588474, 0.2542600331498761, 0.2709610543791996, 3.582940457074642, 2.2516043985560827, 0.9940375003014879, 0.24918125557735493, 0.06141350589848571, 0.2903978870691617, 0.0053389595219641706, 0.2597352047193908, 1.1826267725028856, 0.7590632366266163, 2.470543994544869, 1.6810789615036583, 0.0008677422174514504, 0.09595469074974972, 7.412840597380409, 36.39685116497958, 31.567575573290014, 6.252752173847625, 0.45184951559372166, 1.2779379968342255, 0.00027919081844629545, 0.04005179010573556, 0.01791520534038682, 14.577675487396618, 206.65342965662035, 244.56879258838853, 25.25434618547274, 0.8276106805853942, 12.208156096338826, 37.432613388807226, 11.74012535591919, 0.08264655101083918, 0.6187688977640846, 7.140159121921215, 8.623381264467753, 1.2608988704355397, 0.021093902006214194, 0.03044314122803371, 0.01034292976623874, 0.8560110152320703, 0.93216672876747, 0.0032941321145472102, 0.252594840949655, 0.23956985880397497, 0.12031997471740397, 1.4464823401239073, 5.781851574558914, 0.5591793299041683, 0.9433874978634549, 5.89986483522307, 1.6234658202109813, 0.8556325797644604, 0.005218737793711625, 0.0074247479934683724, 12.355635220017689, 40.578597565726454, 11.354254153771876, 0.0006855739488855761, 0.05506671706734778, 0.25874479219305613, 0.028696928387262233, 0.08972873256220737, 114.18588729204043, 471.4174757624203, 93.47582442320618, 3.82879179583108, 0.0013141465357193738, 1.4804774091411446, 0.06474643923525036, 0.4319759277382218, 0.18962690626517542, 0.29328865559023143, 0.4527095779717456, 2.1216920400404433, 0.1349084042190043, 1.0132715978409124, 0.7695681138657164, 5.978508517081309, 0.145930156535087, 0.01578087896245961, 1.099272268946379, 0.12767166117782835, 0.1403394528103945, 0.08160146361046827, 1.4713643974043862, 1.5961404949439384, 1.444334963502797, 27.576174141634056, 16.51259515642505, 69.6258414050917, 191.0705100497571, 34.709865665365896, 0.011744881965910281, 0.004248637704222347, 0.6181219762776209, 1.5196037037439964, 0.17693079374066656, 0.4866547486773243, 0.06021050817491869, 2.432570814575115, 3.5456974652822737, 0.8283745730389, 8.875968750028278, 12.86510285863801, 1.4553658358451003, 2.0895030603188616, 2.695862635280946, 7.9221380172956515, 5.72846582389343, 3.219359129364193, 3.9718787619069644, 11.365960905854763, 0.35383316243860463, 16.3681915241973, 0.12551669966887857, 3.829676641084916, 1.2329684462656587, 1.480200624705958, 4.604722771290653, 1.1060594533053063, 5.56387171096776, 7.903490770190842, 5.60683130911832, 20.075911470227197, 6.3664857937840225, 2.7986769546378127, 0.29072520624367826, 5.461667672711883, 1.1158091874308411, 2.9922953038644664, 0.25907661512587765, 0.04831681702546575, 2.2570276924566315, 1.0438607066776058, 8.372474100473937, 0.9618434776893992, 4.050338670875249, 0.23970775818315815, 0.20037757535340006, 0.03673571081060345, 1.2582068851990016, 119.94572620286681, 661.7724577306467, 372.92757466870125, 20.789161709837344, 0.1804181766849524, 23.607664842475742, 61.3374864719151, 8.109550971691306, 0.0002795166346913902, 0.27898099481490135, 0.7165916137212207, 0.10860502986963638, 0.21118880575249932, 0.05330707000894108, 6.024299939281036, 7.548182833073497, 1.5179908279576466, 7.279264768979601, 0.0025112528485351504, 4.357061392278638, 57.90393646429038, 31.393592158207866, 0.27935924554094527, 0.9343002281482313, 0.00021375126084421936, 1.507295796390622, 0.06152407523131842, 0.28935943563828914, 0.06152407523097736, 0.09354601754012037, 0.21726318926437216, 0.5337863888380525, 1.3727326387618177, 0.23340999355582426, 57.97936744107324, 456.3490297859728, 238.87719225102865, 13.011974722299556, 1.1395510882107374, 7.231712230546236, 12.829589074814294, 1.5263862226395304, 7.36119789306656, 5.157975672719203, 1.664676897072809, 1.4888367382783372, 1.7151325208551498, 2.213206840668704, 2.074185367785617, 3.0951545840721337, 2.3926260442312923, 5.868745176384891, 2.3580955098326513, 3.2591647478902814, 0.0916607682661379, 0.2921041862459788, 2.8378314146743833, 2.948194574332547, 2.816335347192421, 3.6019529375234924, 1.0660931728372134, 0.5544895326099777, 3.455013722574563, 1.04145687373466, 1.4372470797768528, 0.0020984337502341077, 0.3927849524135354, 0.8569207924007287, 0.03412464580981123, 1.438330763130807, 1.421795225183132, 0.5183480339466087, 1.0629387479052639, 2.522667969392046, 1.7414198573937938, 7.6228040696314565, 2.448692855376862, 2.90899362792004, 1.7440303851935823, 0.0339763506494819, 0.03412464580969754, 0.30315937901809775, 1.9912878759860178, 0.8965853583951002, 0.12943407437740007, 0.45458367591811566, 2.6884839548234822, 2.777031005820618, 1.4709269090051293, 3.2563593600669947, 4.249196780250827, 16.54316283876028, 9.46861973865839, 130.62581684417637, 421.0170086279859, 131.8017255849211, 2.996486688460436, 2.512093650971792, 1.6541288160109389, 0.0002336592962137729, 1.199154390980766, 1.4118170691408523, 0.32843776432719096, 0.978507676706613, 1.1773567078646465, 2.432476411641346, 1.4771559374828485, 0.09816356638748402, 1.1974939637207171, 5.378358316487493, 0.08292372866435471, 0.5657577966826466, 0.8716214495216263, 0.12246218128893815, 1.514151326877709, 258.62130121063547, 859.7376467899337, 264.89457808614975, 0.7154837642573284, 0.7180754275534582, 6.503850688764942, 0.4157876754654808, 3.130052212816736, 0.05969333869620641, 1.1191937001516408, 0.5788060823492742, 2.1984177665044626, 18.841112447864816, 81.31836292556295, 31.22816766426058, 0.25997361704037303, 82.68428766377951, 1405.0283243779659, 2085.9563867110337, 260.5304343653329, 0.9843169478446043, 14.310761156422359, 36.74177600566054, 3.491756754666085, 2.1294353539844906, 0.3520468392964631, 0.8073476189147186, 0.056045561358132545, 0.05094285493942152, 0.8128091149542342, 2.5568563280464787, 1.0404511002068375, 2.472796203401913, 0.09189768853184432, 1.382557820521697, 1.962002570540335, 1.0067290147587755, 0.3177058076284993, 0.11079672423056763, 99.17908968976417, 612.2113776178871, 248.06332968623042, 1.4806024664585493, 1.7505524208640963, 0.9702613332767669, 1.5957967047891088, 2.515669627069201, 1.4215026120134553, 2.078555579763133, 0.19477676172516567, 0.004048479036782737, 0.25405742541749987, 0.04471457075669605, 0.006993592778371749, 3.301358735239546, 1.6922862377168713, 0.4984974508856794, 1.1075952812225296, 5.786145424181541, 11.604101481522093, 456.1803838311714, 700.3817365770635, 116.30750020802543, 0.430368477528873, 0.08335251354048978, 1.184064368502277, 2.346054821766188, 0.25818918845277494, 0.21074056702639155, 0.37231020598153464, 0.03174907344418898, 0.15574954993860501, 0.35578475202328264, 0.5006693534817259, 0.031388394216946836, 0.8532859869203548, 0.38220790498576207, 1.3218853245632545, 0.20584697964477527, 0.24063867901077174, 105.58519886659906, 935.2644760283265, 875.5648649801426, 120.25364969997418, 0.2951508577622235, 8.488894607307884, 6.931487262578571, 64.71495102057224, 410.9129734252974, 389.53465114908477, 58.69567063643626, 1.3605120237127721, 0.5903939476154392, 0.8077979760730614, 0.44285237555936874, 0.13680750247249307, 0.6154480995637641, 0.23881577113843377, 0.7111963009326701, 0.7588254952888747, 0.003453560727052718, 0.055257083221022185, 5.231410503063103, 49.92109454040042, 66.17394238295708, 11.116760683646703, 0.7159447158899184, 0.7808877323859633, 0.22807006840127997, 0.3629590843110009, 0.037392789855630326, 0.4783445275676286, 2.0178195350534907, 44.04204358904326, 25.715522566248524, 0.08213506146864802, 6.822592663767409, 6.218229581214018, 0.4565498618151196, 0.4386580223613237, 20.64848059222743, 100.38057223615556, 80.97774194162241, 14.982654135956068, 0.698507665630018, 7.012088771715071, 0.5220587992696437, 0.8908481850950238, 0.4835923694038229, 0.5852664457790979, 0.35945205285202064, 2.2343431196238726, 0.5604283802073269, 1.3592591768801867, 0.4442947420410519, 0.001683300958120526, 0.006734546121265339, 0.08218733896467256, 1.065694703697318, 0.32469069086482705, 0.4775376822955195, 2.1346997269819212, 0.5465970018617554, 5.104780905757934, 42.65141914814603, 14.0271882490199, 1.083710179612126, 0.5880846171215808, 22.637234112738497, 80.16284265971547, 17.719425744424143, 0.02067413474685509, 0.055756603348299905, 0.7984014589953858, 0.7430623757782087, 1.8907669330088765, 0.9102088065310454, 1.0925456251823107, 0.006224970602715985, 0.6519934257300974, 0.38489440170110356, 2.844002020305652, 314.3278325044016, 1359.2174567617794, 407.1351381776208, 1.4442761604213956, 0.11675416646221493, 4.1776426902624735, 0.5999059114493548, 4.961298798286521, 3.473233690366328, 4.180571396855157, 9.961737885383627, 47.43355696127071, 15.260104548541108, 2.035420643604084, 2.4844661489582904, 5.4072532675346565, 8.630562141447285, 1.152350864126106, 0.6818960677883297, 3.8484358012817665, 2.3195033811657595, 128.14045607833123, 600.4828314053934, 327.3019472745307, 22.441426167060854, 0.0011854276535814279, 1.1680204552970963, 0.10629646164147744, 4.096896744108676, 31.33128774903855, 24.447402489271326, 0.19260439179606692, 0.1641461411122691, 0.003301634174249557, 0.432447810512258, 0.8638146142870937, 5.736995616601234, 0.7352696560412824, 0.29317275972698553, 1.975335044092617, 0.9348906873451597, 6.799355158912022, 2.084613878055734, 1.9681245426663736, 5.033419376453594, 0.09874795803057168, 2.422437863834375, 1.1330625177497495, 53.31812521305824, 216.74780523762934, 109.40959615104816, 16.36784683468568, 1.7820771453295947, 0.011451775304067269, 0.0, 0.6309543122008563, 0.24594904319565103, 4.330333651507317, 0.3961024711531991, 2.213406753200161, 0.06392345923472931, 1.4669661028895007, 0.0007060210914460185, 4.031168792857443, 6.262791025849538, 4.276119933087102, 0.0017091569482090563, 3.73245015510156, 0.25821017368889443, 0.8171813254464269, 3.4022537644044633, 2.0597755459873497, 0.3792215467688038, 1.0129306783629772, 0.24970084375274837, 0.012300572588628711, 0.08470692672017321, 0.16042502856009833, 0.27640463304351215, 0.22073724465724354, 0.0923439765334706, 0.006930397927362719, 0.032474587194201376, 0.027687617056585623, 0.01930641896205998, 0.009411855833150184, 0.027789847278313573, 0.16273507912364948, 0.280166728588938, 0.0007783233810414458, 0.13148291986396998, 0.12093849484449493, 0.0007735258440106918, 22.782239972674688, 148.41896634807915, 122.73842385737476, 8.937032758805799, 2.2346152731944358, 0.4551690016827479, 1.681542095606801, 1.4720923803056394, 0.03221667614127455, 0.026297752246478012, 0.015770333832278993, 0.02613920643352685, 0.4843574168548912, 1.6288413810390239, 0.00031427961994268117, 0.20924326445117458, 0.03131553394723596, 0.05297503155520644, 0.015260169393400247, 0.031582707425513945, 0.40744876203768854, 0.18108606261466775, 0.45368317407883296, 0.06141852142150128, 3.3720779612863225, 18.7674732013254, 6.010302323627343, 0.05267812315378251, 2.8559824240225, 2.810727382764412, 7.214874816453744, 36.53609245508301, 11.088830520822398, 0.9406731800714851, 0.00881021801865245, 5.93839392679854, 0.40167978042666164, 1.27512341783995, 1.9307238351482283, 0.23901616812088378, 0.6292445219372667, 0.9835184145786116, 23.015425073674123, 203.04928087924804, 282.29150450736415, 44.250493770691946, 0.628319616149497, 0.10777366917295694, 1.3445894260964906, 0.0, 0.13462002277094598, 0.3350165080083798, 33.11375569917777, 721.4622665131974, 2090.9364909392502, 640.5507962835502, 0.036141746915177464, 0.11972400442311937, 0.9528250785738237, 2.7136839061441833, 0.008327774493068318, 0.10140254980910868, 0.011137209266507853, 0.0695774498038304, -0.02133990995446311, 0.8902192395218549, 0.043788479804049985, 0.00518777664819936, 233.02063229368332, 1763.3741913858034, 1665.6336046584997, 2.2693810257801488, 601.3870919153474, 113.85011025656559, 1.2000307173198053, 0.6348663470304245, 3.925650046761575, 1.7353029889494564, 5.627329474055159, 17.469802414726928, 1.7792827510920688, 7.346429314396346, 17.18901422513113, 102.90121947640591, 44.06453924278776, 0.9280578042215666, 0.19062756734467712, 0.16993264376219486, 0.8838017201891262, 0.014508175152741387, 0.3044751329275641, 0.18948916415524764, 0.6481473971152809, 0.009481880482326233, 1.2496004868633008, 0.8827539024828184, 96.02531085974488, 416.57553275573514, 199.61505747775482, 12.062057268174385, 0.0443673596635108, 0.9004034290765048, 1.4448556339915513, 1.35535812944579, 0.00023609670586210996, 14.290002473086815, 89.04066916714464, 34.55747827954599, 7.968410039438595, 134.71958749925784, 135.51814618611547, 11.173781633269755, 2.0154625325994857, 6.8101701306522955, 0.8566679945406577, 2.673116357067329, 2.329574306825407, 0.0384397673899457, 0.22605858197334783, 0.1654555213151525, 0.004849485152590205, 1.788195748466478, 0.019417959479596902, 0.764879357585869, 0.8872933019226821, 0.25114068491711805, 2.984788047142729, 0.18368841573351347, 3.8998817412907556, 0.0017084666549180838, 1.4474136874787291, 1.1128981055308032, 1.651937480321294, 21.023285580796482, 36.97078810939229, 18.34593721930969, 2.341846365396691, 0.4321903764923718, 0.6678880441031652, 0.22272544985298737, 1.21837331640927, 204.34779515803461, 702.2603580372311, 163.1440658582785, 3.9885090306104303, 0.3268240137126668, 1.7323056873549376, 4.615775107984064, 1.773793645266096, 0.3329902889049663, 2.997208978553317, 6.148052532952306, 15.071655368368283, 1.9775834971082986, 2.124844148418333, 0.6146950755141916, 0.03772867647512612, 2.7909201237857815, 0.8456587079886049, 0.2688639534048889, 38.340916674015716, 412.28349465025553, 162.61239247355297, 1.2579733620666502, 1.809474495599261, 2.6988965529676534, 0.8446762825026326, 0.452998220478662, 2.4378833299584812, 1.0956351306562055, 1.1172924912518738, 1.8093542934448124, 1.342310819221325, 4.046033625977088, 1.8142924621686234, 679.6080039599742, 2004.4726795218035, 421.6184431506481, 2.3042504362954332, 6.71855008721468, 453.409333484366, 1723.0800853850378, 508.23038509906087, 1.5896403505250873, 1.3213352276973183, 3.823955768968858, 3.6072446165743486, 1.6000076971840826, 0.4052130182287783, 4.32433754340525, 0.1895192287561258, 2.754424508832244, 3.956150956294209, 1.3096757592406902, 17.56626213181164, 221.51272689849907, 295.65785643668437, 38.71658543439685, 0.3736816642951908, 0.039310815358930995, 0.02656623408267933, 0.039604536828392156, 0.020997742502913752, 0.5186026890739868, 1.0795006703872332, 0.062393437491891746, 0.00125999874126137, 0.12758708394039786, 0.7378595628756557, 0.015770333832506367, 0.008149529153683943, 0.008078471933004039, 0.05494228497423137, 0.04679891767523259, 37.28931091306367, 264.06514722888437, 219.90860513216307, 18.991988386121193, 2.082444514753206, 0.07442349956932048, 1.314300557110073, 0.12289344671648905, 0.3881968136595333, 256.17224161391505, 1876.0255376114292, 1536.8461388632243, 140.45958103366092, 0.030132176806091593, 0.3349962722309101, 0.1680870459175594, 0.08516616838642221, -2.8557041332533117e-05, 0.7934659763696459, 0.21069268432961508, 0.834383513284024, 9.09912838420803, 31.724562912109036, 39.28783460361137, 2.057098798330003, 1.8541328944152156, 0.007879588769583279, 2.1669126864680948, 0.1766902465938074, 1.5652595690022508, 2.2604281493214557, 3.1853497222214173, 1.4868234898101491, 0.2985169986143319, 0.5070493739353878, 0.00818745977232993, 1.5061382805887433, 1.2047992682639688, 5.088878440174767, 0.8053380990156711, 5.3739500372470275, 0.7198321079619063, 0.766456536866599, 0.0019118693188602265, 1.566107417219655, 423.06667015082667, 741.4639857998052, 6.157429083498528, 142.976705969264, 12.31632059093647, 2.85770161159337, 2.5838579129549544, 8.678728077756773, 1.7251275687542602, 5.822276344599231, 1.50707638312997, 3.5128701132146034, 0.36021242648757834, 2.585227264476316, 0.012858615613708935, 2.577921719003484, 3.3292327684969223, 0.040679502934267475, 0.49714260319888126, 2.8776182644496657, 0.5938441623086419, 0.3451524204411953, 0.36850787502999083, 1.2649663092643095, 2.3511756016008576, 3.602079730155083, 0.23781335809781012, 1.308946534886445, 2.9915492138990203, 0.08024690964225556, 4.528863594603763, 0.03853649815346216, 1.0677162701607585, 0.06860996406953745, 0.418991028273922, 0.5449460811782956, 0.20442280489612585, 40.59711925817908, 126.76765415154716, 19.309469074077583, 0.0011950144836418986, 0.14504893444450317, 0.29008321794447056, 0.7558448189818137, 65.95409171135202, 255.9095074588446, 60.93162500607605, 0.44342047540044405, 0.7095035316066287, 0.09065082320262263, 0.09929691936656582, 0.015265207642187306, 0.4027423660106706, 0.13838646882788908, 0.00019215698080188304, 0.701555301442113, 3.212593640390878, 0.01866247128418763, 2.4246107300300537, 0.8254213027585138, 0.748014104108961, 0.7764654848550663, 0.7965818004606717, 0.3430952311030069, 3.4385447573556576, 0.7632208039026409, 2.805311776650001, 58.257046029559206, 586.3709948812323, 703.2116630201922, 106.90912171960235, 0.35929187309045574, 0.018713002667482215, 0.0068092016360878915, 0.011894847742610182, 9.221960902302044, 461.77573816850054, 1143.5292885084832, 295.97920672192845, 1.2879906198820663, 2.262274925034035, 0.0, 0.0696301058339941, 0.3819050515169238, 1.0401203238261587, 1.2116216283880021, 0.1824610163653233, 1.5636145172768465, 0.05379279970713924, 0.4989505630651365, 0.12122834597516885, 0.06638724381241445, 0.575591829836867, 0.11998669807474016, 0.023613398806901387, 0.04748275511576594, 0.03228822907703943, 3.2171047108431594, 53.121483619903756, 83.14844830657216, 7.758126852060514, 0.7811014832525416, 0.00022207082088243624, 0.02207780196886233, 2.908754075350089, 1.3162850329822504, 2.758341112536982, 4.177935460525305, 1.6344170294685227, 1.1547850962103894, 0.045406558395370666, 30.2841174724158, 14.602183309270686, 0.5474751314434343, 1.3039560911340686, 0.006379933953439831, 0.03666023679568298, 1.1301251836747497, 1.2029270387375846, 0.40617451415778305, 0.366606818537889, 0.00970281582476673, 0.006755193761023293, 0.4257257252219233, 1.8164500672438635, 0.07569430392288723, 0.031280297411626634, 0.012798856818108106, 1.5292884310298405, 0.1052578276761551, 2.1363808383509877, 0.4613992464396688, 2.3330983504663436, 9.217312758709113, 7.2706360719010945, 3.3967403794367783, 0.08658252049008297, 0.9451677425095113, 0.001205510395948295, 0.6926615460056382, 0.07759095868675558, 0.05955575622078868, 0.0003047219759082509, 1.696223896186666, 3.893421265267307, 1.013761641277597, 0.032898570042561914, 0.055428408215448144, 0.25635325692087463, 0.0003266436588091892, 0.4490131184583106, 129.5954197060355, 781.7269030690677, 438.01676135443813, 8.721258200351485, 0.5821467250498245, -2.169152139686048e-06, 0.017412651470294804, 1.214238011471025e-05, 0.19366095465773014, 0.3417845284647001, 12.1202745743052, 257.09707594221686, 347.3402762997066, 37.92882785775805, 2.01829270898736, 1.7496932431399728, 2.0819028979431096, 0.21022322793919557, 0.4093135809769137, 0.42715449723937127, 2.146826452606774, 2.0057379058233664, 19.739793990596127, 45.21823183982815, 2.688477428584065, 4.824922236730913, 6.833827711163735, 2.221500438750809, 5.204865845250197, 2.0133550656350963, 0.05962274616581453, 0.11859326207581944, 1.9483759073959845, 0.7208613290201811, 1.4192384244915957, 1.875206666466397, 1.386707882144492, 2.2915720597970903, 0.2783496543707997, 0.0006295388986927719, 5.1453867815807826, 127.10865701223406, 860.2197536406657, 562.2085901535711, 60.71232953851518, 0.219867759704357, 0.03777981126654595, 0.42521205841285337, 0.7422488696065557, 0.006186054113868522, 0.00017243731895177916, 0.46965633011791397, 0.008458793304725987, 2.1169295710249116, 2.984401349809559, 0.02852052913112857, 6.354034869433235, 1.0710784850850814, 2.133403729924339, 1.0443251430108376, 286.79530792370224, 2063.7246473652276, 1406.3791736338464, 92.56445510938715, 0.2413122911502228, 0.0031603985888750685, 0.07657254420200843, 0.3690076201355623, 0.24763010061553814, 0.19350254327520133, 2.3108409152428067e-05, 0.1933979606414482, 0.29010453583759954, 0.3459988193490062, 0.0027837936737000746, 0.48579839094799127, 0.18565663654794662, 0.14303487752505362, 0.30538629681979046, 0.10162383611884707, 2.5979476278429843, 424.80117647913517, 1906.7976708018452, 1197.625110096566, 101.34736701835823, 1.486019060719741, 0.0, 0.11860338378835422, 1.6261541943729299, 0.7469548999779363, 1.404733751125491, 1.433855907562247, 1.7533419805317862, 2.979742796746791, 0.08389308945049834, 38.995115989441274, 173.2435152024227, 56.219328343695906, 1.9271247325575587, 9.622886755266336, 0.003560640421028438, 1.5764846794525056, 0.3701843845685744, 0.003557300708848743, 0.0002181850038596167, 1.3272013079221097, 0.005462174676495124, 1.6164055533577084, 0.0969343252629642, 0.36012520798999503, 1.2988689048630704, 0.21676175449636048, 0.11024413544828349, 0.6613563282703581, 0.20247305805321503, 1.0759680576968549, 0.0008930945134579815, 0.07990578451494912, 0.03783126620726307, 1.295796955499327, 0.2282044083274286, 3.7439133287650748, 0.17455452160754703, 11.68380539353575, 9.412571841832118, 0.3680589749698129, 0.6522712719868196, 2.8232038546198055, 1.6726633200255492, 4.156346181440199, 0.251432778888784, 1.1365921942062869, 0.1685023323934729, 0.00025011188313328603, 0.35881409708179035, 0.617039790060403, 0.048399773590517725, 1.25103804659841, 0.530781059390165, 177.83401437157318, 1168.5306757884814, 469.0381466103943, 0.3936095914929183, 3.0408538919934927, 0.06384833241941124, 195.31105027046624, 1088.2602271243009, 920.3341344837709, 100.91778449296385, 1.7067172097480352, 0.44684344158588374, 0.9148893845097064, 0.004796090312424894, 0.3092866176875759, 0.00019168721303230996, 0.0017265923901277347, 0.32501119808205203, 0.111114135307389, 0.111755589928066, 0.015673570519652458, 0.019266883796944967, 0.055624408149014926, 0.07722583343752376, 2.4624099658801697, 1.3920144311234708, 0.33491189980463787, 0.5788904150244889, 0.012620068870091927, 0.007075090130342687, 76.39359760677507, 369.1872917321939, 103.85660858314145, 1.0934280071044213, 0.40628416957906666, 0.29103439558627997, 0.4314475105594511, 0.25113489643081266, 0.6257096656448766, 0.6281248924336751, 0.9719152776012834, 0.037817071376707645, 0.6930427417727287, 0.0, 0.029964663884243237, 197.4947855517148, 524.2457063608924, 79.99291226128867, 0.008452548096101964, 0.7735190956489078, 0.5347514549275729, 0.09041854746533318, 0.08202131931648182, 0.7166566291011804, 0.9948534134894089, 0.2663091183947017, 2.7747428325390047, 10.373114829774067, 1.3337623894535682, 2.463431503456377, 132.625355709142, 1092.656513544721, 553.695012120646, 9.421131486388276, 1.3755033761225377, 0.4759527812777833, 1.6629197466478445, 0.10240890591830976, 1.4029964967008937, 4.952421193943906, 59.902191362736176, 502.5421130629509, 460.38721473586725, 55.51300434309769, 0.01787885195517447, 0.18408852015681987, 10.417229453312302, 89.10527988366903, 105.97033393295192, 4.8442362982718805, 8.575676114365933, 1.8108231040810097, 0.8736651931385495, 4.842833051387743, 2.685024502639635, 0.021904631996449098, 0.4602306763731576, 0.0495293112599029, 0.06161455181063502, 1.346843229042861, 1.3873659986750226, 1.2436327756179253, 9.750434052723449, 24.287552487792254, 5.635930695401839, 2.17974338028921, 0.12651072693256538, 43.859654369214695, 272.7971503817764, 365.19616798735206, 1.6427846056240014, 250.77375641725484, 48.84918216741289, 0.015609766857778595, 1.8408142508997116, 1.8509899144878545, 4.060262049563107, 6.232833127198774, 0.05566194667608215, 3.7182146922991706, 0.3710766688614058, 0.36582698033726047, 0.00868262719939139, 0.07906516025207111, 0.7660808438879485, 0.15421684367777289, 0.04174326267229844, 0.939524398977369, 1.9062287149554322, 0.36234655517705505, 0.3077423642824897, 1.210656741418802, 0.18918567203866132, 0.035320983314932164, 0.6660115628117182, 0.08838863385960849, 0.5680740679886185, 0.0009741128354789907, 0.577487582845265, 0.05455678227667704, 0.2300891506932885, 0.17489375106242733, 0.00870026172492544, 0.42481054334552937, 0.4958176932276501, 96.18506627190459, 442.67070889949923, 139.19711456772052, 0.005186050584711666, 0.02078092809961163, 1.5153974460904465, 3.037062459521394, 0.4109099973115917, 2.572390177297393, 3.1061567149167786, 1.0745235512951012, 2.3929497785555895, 1.3921557418109387, 1.5656062306064769, 0.5993134263002275, 0.004914011781465888, 3.423645249253923, 3.0350244802086763, 2.800080368946169, 4.790746397993644, 1.848101448438797, 3.700094089767731, 1.0148574657505378, 21.268859579999685, 24.496118100811827, 164.27000681335107, 499.51304679566647, 119.7626447236346, 0.057311435947212885, 0.25491827239466147, 13.038887971579129, 95.32985223596506, 53.6186242798791, 0.4984995550255462, 6.062606927897605, 7.6113452623360445, 0.587833120799587, 1.7936239291805123, 0.587833120799587, 0.163609724217622, 0.5298142471094707, 1.9929465909212922, 4.859755890806355, 0.0723205431813767, 3.121356197673208, 3.894894057953934, 1.3269259193608605, 1.9230757294526484, 1.079416243311698, 1.0231636736823475, 8.385143033170607, 15.110902990265231, 14.126944788898527, 0.08717389128992181, 2.799078289040608, 0.00021899187140661525, 0.6134617109023566, 0.04911434389691749, 0.10390197446668026, 1.0790279997177095, 2.3006471523001437, 3.1522856360952574, 0.7009475101344833, 0.4842978536942155, 5.749382467014584, 1.2290435449622237, 3.5120401269450667, 4.00794526977279, 0.20544709332671118, 0.05097098819419443, 0.06481134086197926, 1.0771401808563041, 0.5788904150244889, 1.8986967289979475, 0.028335856088460787, 0.9744142128062094, 0.0873810151372254, 91.644470445661, 480.97145133527306, 500.9328744541481, 320.3475991294961, 101.14490308425752, 6.347140612237695, 5.23276624684388, 2.640134006440121, 4.337944086702578, 4.492174868978395, 0.20486124657657, 2.12272989336725, 1.0010917941635853, 1.3886689550835172, 5.198621725692988, 0.8914985910535052, 0.926173325436821, 2.4042375351322107, 1.7614879695471473, 2.7070547072694353, 2.856006021811254, 0.39986734574642924, 3.0571599861929144, 10.817028158705398, 9.296836554864626, 0.621747653422176, 1.131450823087789, 0.6497830505215916, 0.10935719661540588, 0.7410856678656046, 0.5283451235401344, 0.10449600631170597, 1.502489703294259, 0.08188650433339717, 0.38590521007847656, 0.006847956371757391, 0.5586265629897298, 0.027678359881747383, 0.29391174450529434, 0.33328228491348, 0.08384832648118845, 0.2603895454508347, -0.007631559323954207, 1.898927672062655, 98.64044324162455, 217.6294933894917, 56.90014283355822, 3.400338368897792, 0.25997173741222923, 2.888795665445514, 0.07273310229504659, 3.3118377849231138, 3.66248337619254, 1.4455776005322605, 13.50333188238676, 14.033266321992073, 45.60260930820732, 497.46781996842856, 610.566761665272, 120.72644183989769, 8.32085501799179, 1.074217840764959, 3.5582745272581633, 8.213175281593976, 0.3823003284535389, 1.6763269068731006, 1.9033560516854777, 0.6009021812583342, 1.0186089447788618, 2.192729957846268, 67.06155300208366, 286.6780372375167, 77.94877158765348, 2.954974313761113, 2.570872553561003, 1.5606597713813244, 7.226326621696444, 3.9940357037817193, 0.032329852107295665, 0.30775640686874794, 0.0956535290638385, 1.0652869804548573, 2.6561463922057555, 2.018032422066426, 3.8163331823366207, 0.8896602315014661, 0.715107444957539, 43.05299781253484, 280.35218892265425, 146.79762289353982, 3.4201513431488593, 0.06923495586477202, 0.014287960974570524, 0.005125703715179952, 0.09558270475884001, 0.4718503440377617, 0.16066690006994122, 0.0005515437622989339, 0.24573049212096976, 1.985204060670526, 0.05672150261329989, 0.9225915002982674, 0.002284737047489216, 0.0022557733989287954, 0.2041758662162465, 10.107220480693286, 130.72888889672345, 195.81841005272202, 36.14148275786556, 0.0002791908182189218, 0.32078612396094286, 1.790173675527285, 0.35942806555840434, 6.966035987992882, 2.18071527212237, 21.72456952645939, 66.77632665141107, 20.407598132813746, 0.33186371522128866, 0.06253692047926052, 0.3778310004920513, 0.4950644488041007, 0.23277728349125937, 0.4544614930870239, 0.01747967539859019, 119.06870515024207, 698.0216405058729, 360.0625325857113, 40.216402813024274, 7.389845259590629, 0.9179510251848342, 1.1963669945233733, 0.4890497550652526, 0.1352781710520503, 0.2392447599412435, 0.2553052494088206, 6.347346378759312, 23.756906075766096, 10.527701817853654, 0.4538686696012064, 0.700079815669369, 0.9468629790970908, 1.4568942321677696, 0.3683459846703272, 1.3660070466739853, 0.9130916310911061, 1.0897460305816367, 1.594776317525998, 1.3493696693997208, 1.9326799590535302, 0.34254710428092494, 0.502099858916722, 0.3705433254003765, 9.324546729539293, 41.91226066687591, 70.60015584806752, 98.11104656759119, 41.80733105484035, 4.229672549492875, 1.9377790486287267, 1.6288114571012784, 1.2473656572126401, 0.3792662233018973, 133.68465748470953, 597.4049556829721, 240.14128756384866, 7.329362051357975, 0.010179138197372595, 0.012832468470833192, 0.20458817798441942, 0.00015820973885638523, 0.2402296551042582, 0.019110847409706366, 2.0703159687798234, 37.041891193859556, 24.38267883621279, 2.941913678072524, 3.4762221323640006, 2.5789081195514427, 0.4551627855528295, 1.5162712947649197, 0.21112135796147413, 1.321358805420914, 1.035593757578681, 0.1156522755863989, 0.13694792048818272, 3.447525410676917, 1.5581492679875737, 0.14252767928110188, 0.04999879768888604, 0.5259390537537456, 3.072164135405501, 23.92584886632153, 9.299398580203842, 0.04392716310428568, 0.7741407365883788, 0.2889577334638034, 2.2456266099147797, 0.8906077404321877, 94.50410535260062, 841.9380038988338, 896.2867892698362, 142.1371166166764, 1.756377172899306, 10.105718119276844, 327.05042609005864, 508.46493571076235, 93.17491937164436, 1.6305605816578463, 7.595518968695842, 1.3944286531466332, 2.2287090814056683, 2.146151092767923, 1.0943662752165437, 1.47673972456937, 4.7436422539697105, 0.5540500558540771, 1.9478631624463105, 7.459713696753397, 1.486362254953292, 1.4101214923960015, 2.3279069785037336, 2.2345986100947357, 5.1180596994859116, 1.5412590011815155, 1.7397526056283823, 1.4849915278064145, 0.02119874284630896, 0.7581363134945605, 4.20585713284504, 17.462576984989482, 28.456969538979706, 4.486730767647032, 0.047568764893640036, 0.008352867160510868, 0.20911387863918662, 0.11962158509834353, 0.930839168352577, 0.033033836762001556, 0.0003255406114703874, 0.002980186961281106, 1.9307334854215696, 0.17638181722600166, 0.2857447188506512, 1.305395037852577, 1.563771355029644, 2.011388369869451, 1.1394391654872607, 0.9719766361673692, 0.34585340003309284, 4.50407792759836, 0.041491013965014645, 0.23762501105272804, 1.4890632097062735, 1.3692531852062757, 0.8468696006364098, 0.0032767838395102444, 1.4506552078311188, 0.8896214902856627, 3.411364078651559, 0.06348947180754294, 0.41296686786802184, 0.31088259334319446, 2.324377415840445, 0.10498475393865192, 2.2079368427266672, 0.7105198520216618, 0.030382646963289517, 0.08446198064882537, 0.006013147752582881, 0.13732477785936226, 36.335498125784966, 148.32396905031476, 42.16617366289461, 0.054832030208899596, 6.633040163039141, 1.0759778994789713, 58.92803150453392, 402.8552749553228, 482.4079151396518, 71.57068400747266, 0.35722242409053706, 0.00021259846721477516, 68.31966759033048, 306.2598108949221, 103.24457715822427, 0.2501190951179524, 0.06888119580537477, 0.003643730156682068, 0.014716113781673812, 0.3451006980328657, 0.5069642542887323, 0.033779660217078344, 0.25975753087971043, 0.21929505431171492, 0.2749515380585308, 0.645917288412079, 0.0, 0.5824531310605607, 1.4855272195009093, 0.23847367392784236, 0.5704503468240318, 7.952322930545165, 265.00954867992255, 535.7443258220869, 91.23577931510613, 0.04985284952681468, 0.16312329527022484, 0.00017301188086094044, 3.059572945392347, 0.5956483107324857, 1.0361746176799898, 1.6552586616273857, 0.062411189249814925, 1.752828086124282, 26.096503375771363, 19.658031409796422, 1.5889110424782302, 0.0008318738282468985, 0.22945846755942512, 0.09133237811784056, 0.966787824221683, 0.654509990315546, 0.3600422126924059, 4.016647147052254, 0.08056089996853188, 0.028562544409624024, 0.08056089996853188, 3.0729371377076404, 2.7428175575410023, 0.3308598198202617, 11.820204369802923, 0.3755234360999111, 4.392265075448222, 3.4616832632966634, 3.1560199942966847, 67.72381977600662, 636.5099087258211, 1091.3474595594446, 275.3275058606421, 0.29303972262118805, 0.8335747607338817, 0.5883103407134058, 0.5846364484141304, 2.538540863509297, 3.6562710938814007, 3.378656708620042, 31.21952118159595, 233.00079826418448, 171.75891956192163, 12.567913110759946, 0.594266074257348, 0.07716283258264411, 0.0464200576558369, 0.38689982158280145, 0.04598176286299349, 0.14983100703989294, 0.11804840013405737, 0.364289764631053, 0.10529857723918212, 0.011744881966251342, 0.6004860900983431, 0.004224081685606507, 0.9851394819828556, 0.5345987324768657, 1.116237462944241, 0.4437845220946883, 38.00757985584073, 209.18371060984555, 175.12025041954553, 14.754659385749164, 0.8699652582819226, 20.105157070560153, 200.28085153268455, 236.72827051370132, 33.522301067589524, 0.5357092196161375, 0.015430380060706739, 1.7683400608405009, 0.24886544282435352, 0.9464736369402544, 0.003925074713606591, 0.12547693220983547, 1.7344390017376554, 0.06172173385766655, 2.1411917705728456, 0.10992179553159076, 0.24975330348729585, 0.27331557896854974, 0.47410046923073423, 0.021602344486154834, 0.021582782174164095, 0.028228114349190037, 0.37416785740629166, 9.089929199192056, 139.6042202752667, 182.9940375489507, 27.063022596775, 0.2947819082042997, 0.04011951014285842, 1.1359533879005994, 0.09512382435002564, 0.5241515468416083, 0.6548345505534598, 0.0021591660797639634, 0.10764418353539895, 0.06161836057344772, 0.9785076767067267, 0.5966246830332693, 0.36108053920497696, 1.7395999526365813, 0.26325265753087024, 1.2180330380512032, 0.047609874308932376, 1.836367932119515, 0.011881232676842046, 0.6284294102318881, 80.14808907314614, 272.7270198440683, 143.5488254711986, 9.452329426713163, 0.027302815563416516, 0.027459203974672164, 0.02020881844100586, 0.5505440567125106, 3.2228301602117426, 0.014629557028229101, 3.938675092372023, 0.36143153909722514, 0.020162546401707004, 1.3993195224059036, 1.6215685606903207, 2.784321862981642, 2.685457047318664, 1.3908063482957687, 1.8273101589476255, 0.30700195104930117, 0.5691935503391505, 33.2660530911719, 228.4440885973762, 155.96972273568326, 11.61112363896018, 1.2294837768682783, 0.30672443640969504, 2.7399144791967274, 6.208443415691363, 0.2113078124623371, 4.50258868425999, 3.9851262303593558, 157.65793170625852, 777.6556347832118, 284.2746483108117, 0.8039589445294268, 0.4567530097431245, 2.6470149651150905, 0.6809152264052045, 1.0079068679266356, 0.673958936037593, 1.651970061442853, 51.23107045934705, 157.6688835422699, 54.57691063380469, 3.4200120438407566, 0.10822435150600995, 0.6879095785312757, 0.28120687503815134, 0.23927093788790899, 0.6435144124776002, 0.34165944819505967, 0.2293067921622196, 1.3747714817832275, 0.150399710817112, 1.127384279356761, 0.0065459000005034795, 0.2242559113368543, 0.20051422605615699, 613.2327595307825, 1753.8571282283565, 498.78837847170325, 23.39168074253871, 0.001868836318863032, 0.001854161927099085, 0.025203033735579083, 0.677346643321016, 0.001877915730915447, 0.0008441321510872513, 0.2150435634216592, 0.6077876082904368, 2.110041207104814, 0.024863104986252438, 0.8670489966323203, 1.6558029541033648, 0.092221800870675, 1.5116404796351617, 0.06779973440632148, 0.1290433688864141, 0.003337779869980295, 0.6356943754969961, 0.013386584598606532, 0.9131764780604499, 4.503792661175794, 13.71933646290438, 6.205309123890402, 0.011863800275023095, 0.18826011929650122, 3.01303518880286, 3.1420727178679044, 0.1392207966935075, 0.5180190465287069, 0.8866220613238056, 0.6319317730624334, 272.1506330816676, 1668.0506462393773, 611.6110575510206, 0.5613374771330655, 0.004221433941211217, 0.15100809207501698, 0.009508388528388423, 0.03848624619286056, 0.05154787434037189, 0.380603660463521, 0.0010453119389239873, 0.08449276427359109, 0.208191642505426, 0.05199057659422124, 0.2713436703190837, 0.10576363595760085, 77.96058866172166, 333.3132443603872, 140.28273972524948, 2.4454920050933424, 1.177753497736603, 0.006083974461034813, 0.02448972768843305, 0.006103139948208991, 0.5591939495391216, 0.006103139948436365, 0.4749520433383623, 0.2601149949024375, 0.1112460684821599, 0.1414330122888714, 0.00038770332162130217, 1.2537366146930253, 0.9133900717563392, 0.45597017388718086, 0.35443029814246074, 0.11981355610362243, 0.08247872801382528, 6.547062295790397, 56.72092695301967, 72.49740764448529, 11.055206589104955, 0.04865189348834065, 0.05621635468810382, 0.39987168319191824, 0.18157099421171097, 0.4406283353797562, 0.015861524327874577, 0.23935552185560027, 0.44294907997254995, 112.67638638740573, 541.9604367730428, 178.11288328537967, 1.7392998096977408, 8.196996847537434, 0.6338722694063108, 7.559962278564285, 0.7135069108597918, 4.529128027082265, 0.7254402300269476, 2.884112736410316, 6.242514380790112, 1.9870852838726023, 1.110391922757458, 2.136821956998574, 4.582502659648526, 0.02434774527432637, 2.484626331153322, 0.5476003778860559, 0.02518598164283503, 0.8882651536160893, 4.414487343217161, 4.470903409761604, 2.858109974909894, 5.552304235659335, 52.906104775517406, 83.14258451801243, 25.232907808271193, 0.9612456603945247, 2.16937104044473, 0.2522968024156853, 0.0650537272335896, 1.3615338026564814, 0.825378623009783, 0.02486278967171529, 0.14235330402891577, 0.1903148334454272, 0.15526934830040773, 1.2164249264360478, 3.0781498888552505, 1.8923502074510452, 7.48130415148637, 3.3280406994759915, 2.5368208371041874, 0.006250759713566367, 0.5980879762496443, 16.362890595828503, 0.6696963550446071, 15.88695624925299, 42.37442500523798, 258.7053238395025, 66.17672867689839, 3.3387878041453405, 0.0, 2.4364594433528737, 0.00021452672865507338, 0.5605369986321875, 0.041923737995603005, 0.06133083272663953, 0.00532453666278343, 0.32438697884174417, 0.005312575398079389, 0.0482467127799282, 1.754886614161137, 0.0774794792321245, 2.6567044321436697, 50.10734830257911, 459.61112961412687, 510.36121389810523, 268.2947743508528, 141.53450467653022, 20.29889485567446, 0.2551594790652416, 0.9867661584855796, 2.7323287692471467, 0.14444142017021022, 0.12271669512495009, 1.3650871075893747, 1.47093013725339, 0.695735252236318, 4.790053436917901, 6.566157878394279, 0.7204482947994393, 8.708185313305194, 388.60862487037275, 1336.9152138733718, 491.437201990286, 24.305377445737122, 0.870013705568681, 0.2099676947257194, 2.0884044242267237, 1.2818699820560369, 0.16777162031985426, 1.088381793613621, 0.5229093078963842, 0.7792065940919883, 0.15957241480418816, 2.097071407913859, 0.0, 36.633716821931785, 339.6341832731614, 246.56891863624946, 31.834930285009932, 4.937779399172086, 7.431833874021095, 15.017003005407787, 0.0522925963812213, 12.017472764564559, 0.9489225990093928, 2.8914898488270637, 4.390742761367505, 0.5590173829773448, 17.91852521667238, 218.296885842723, 227.1103761359709, 25.71340943228165, 0.4405332142539464, 0.14991990837290814, 0.9698513376235951, 0.05154781665612518, 1.5931855032599742, 0.8409911854662369, 4.475364900553473, 1.031704485773389, 0.4553372355975398, 1.5371680248724715, 0.13700523689578858, 2.9753383530704696, 0.1370052368955612, 2.5755425747297522, 1.0306564555381783, 2.0201882909608457, 0.001166699248187797, 3.427446275810553, 0.01872410667351687, 0.7052660848419237, 1.6128558187774615, 0.45750986540133454, 0.3672950971171076, 1.5819526386742382, 1.234280313979525, 19.526500202566353, 98.48086222551547, 51.261649420436925, 0.8973997926253787, 1.7131634288159603, 1.6163340280297689, 1.4282677177899359, 0.054030191779247616, 0.3234494717710277, 2.0711161792827397, 6.231622186245204, 10.475901796058679, 16.25070380913553, 2.1833531657832737, 0.027774953342259323, 0.49675043106492467, 1.0161964084446709, 2.1234203793271718, 0.02281203174732127, 0.20869567921226917, 0.09206311375396581, 1.1628661985987492, 0.8188583226792616, 0.008778202515941302, 0.12521071611422485, 0.6703087573669109, 0.9491604684610593, 2.360469741588986, 0.03590860608915136, 0.06084380453933136, 18.48674000877577, 204.0065536658965, 214.10510430916247, 38.41540237405866, 2.7011118623917127, 3.080728767016808, 2.701111862462767, 1.4138819799163684, 0.09146154612187729, 0.0009327586344625161, 0.9746380432768547, 0.033803125385020394, 1.7416116572667306, 1.7827216929110818, 1.2451147327706167, 1.2320644397678961, 1.246242584266838, 2.149395693478027, 1.6316689909845081, 1.2644135252085107, 1.3451103620601543, 2.084796892680288, 0.07555434070457068, 0.6252873837729567, 47.445942393252835, 215.82176736163763, 69.59098249671456, 0.9167250215648437, 0.9220768201382725, 36.542490170478914, 463.02880201425955, 551.4550615567123, 63.01860236531161, 3.404227320990856, 3.8110220214281867, 0.7337311812372036, 0.25859566846884263, 0.7880108310837386, 1.6007046287051594, 1.8528665824866266, 3.644010762302173, 4.606778109350387, 0.16471985881594264, 4.821670390097893, 3.6699971634486133, 4.836194555093016, 2.113329097682538, 0.8700983504766668, 3.1352217907160025, 1.3946980488171903, 4.978894306467453, 1.0657136609095232, 2.167060686731247, 5.111997088369094, 13.786005446949332, 1.2889136886362849, 0.439250725946863, 0.21339494141147952, 0.28801767905099496, 0.47450552479506314, 0.14771377407919317, 0.16331529528383726, 0.6908839118426613, 0.007873606961993573, 1.3337098881211205, 0.9085697390036103, 0.7868284105252314, 0.42277500262571266, 0.29269687981786774, 0.09122547772767575, 106.14285340611991, 671.5865704172318, 552.6892135064181, 56.01351884862879, 0.1893682321842789, 0.39933591283443093, 0.5671812607852189, 0.0012895272413970815, 1.4998549496416445, 0.04626825538400681, 5.533714496251832, 0.08149355699401895, 1.437847103544641, 0.8711804494723765, 2.654317104085976, 0.24123282316429595, 0.5071492493345886, 0.6085225197841737, 0.5721461441928568, 1.0339813340672208, 0.21434511747338547, 0.02537383129617865, 0.28020220899452397, 0.12485645554636449, 0.11199251486527828, 0.0012397074875707403, 1.5813163264858758, 0.5912721340055214, 2.0576559052997254, 1.5975348857555218, 0.0028303662688813347, 0.4981432333504472, 0.15127281851130192, 0.6314888740862443, 0.0, 1.6918648644273162, 0.8253124564562313, 0.5762537944037831, 1.3202501689061137, 1.3055208172124821, 8.99359384668503, 0.22499697734497204, 1.0969398623674351, 0.39884645994288803, 122.96539065531806, 389.0514260451173, 99.51211284912574, 1.7684291913678862, 0.2664061518539711, 0.0014185732907208148, 0.003931144065859371, 1.10194490476988, 1.471902779115453, 0.09307677037827489, 0.0001623524018441458, 0.10014247847436764, 0.00794417535462344, 0.0, 0.8991349859095408, 0.24429694552554793, 0.2671349328281849, 1.205741414216618, 0.888742392044719, 4.288655481961541, 40.338108641575786, 33.12549959092246, 3.756798220377277, 0.5149444966893952, 0.12394371579091512, 0.04517075081184885, 1.5018330443011791, 0.009853954951381638, 3.7161088822015245, 0.00321556014921498, 0.8622280504483797, 1.026991683859933, 1.2319973095017076, 0.09488336418633025, 0.08600596489441159, 0.05024892020446714, 0.666987398827132, 1.305562791672287, 0.13643953208611492, 0.09844549052911589, 2.1591267961935046, 167.76016057653737, 579.1157567876239, 127.14742107135044, 4.27641508356794, 0.3425028110459607, 4.321014832649894, 2.840355367066195, 3.5340006088965765, 3.3918564033167513, 0.01805187647278217, 1.3104542376120207, 0.7020199533809546, 0.18491725171338658, 3.8945855666943316, 1.6208985814157586, 1.3934326476027081, 0.9089104896831941, 6.539348601214897, 2.556221271090635, 60.53877234685433, 520.8326948470396, 645.8724158861669, 94.4550634421912, 1.05092338945542, 0.15429828293656556, 0.7610247234422332, 0.06366328359217732, 0.24438133728722278, 0.05154959011269966, 0.040744473780819135, 0.09230718882974998, 0.5968339979999655, 0.004019535348561476, 0.19736767645395048, 0.10083718842361122, 0.0025640817768817215, 0.4016112479673666, 0.005767197047703121, 0.349013462875746, 0.3657019521581333, 1.6923574344573353, 216.53393054475578, 1079.88909223795, 531.3616958894615, 11.816435904144328, 0.4480243216115696, 0.009963887468984467, 0.4480243216114559, 0.48092299337554323, 0.5520841063689659, 0.0, 0.048500983641474704, 0.04910107553132548, 1.2399511841815638, 0.5590811386459791, 0.002516540428814551, 0.09048021986029653, 0.796017858822097, 0.32510533741708514, 0.15528141319418864, 0.0, 0.13656206172083785, 0.15357027824666147, 0.24353381417779474, 1.4099333290280356, 102.37464270891974, 398.5913163886348, 115.66825645567087, 1.1314612044182013, 3.1406452729361263, 1.2393615044907165, 22.424302016265983, 160.05520799273654, 223.4576995658265, 57.8372322003529, 0.2459693122848421, 3.154548448287187, 0.3991278202133799, 0.6313627531292241, 0.06106675747309964, 0.05488671963939851, 2.534308505437366, 1.9675568124898746, 0.9519835334647269, 4.390160163860628, 0.038674901205467904, 0.9038439966366241, 0.462355659899913, 0.3794206505197053, 4.371352721315816, 55.36157663745644, 44.03405793601564, 5.636165654909064, 3.375725899616782, 0.10743641358203604, 0.6234910054536158, 0.34616967936290166, 1.4636398434963667, 1.38806884414862, 0.3351136843199356, 0.017416147119320158, 8.867114572458831, 2.0216634115211036, 0.011179811937608974, 0.992709610479892, 0.13088566195960993, 0.963085428886302, 0.1783210360749763, 1.5390488772071649, 0.4278358301435219, 0.33404114925951944, 2.237470983854678, 0.6842795461598143, 0.8141594486014583, 0.37898621004080724, 0.26305953223356937, 0.011136982253560745, 0.038264647352661996, 0.0020436100637653, 0.005671267716365946, 0.022777632103952783, 0.011121003411062702, 0.011169074356075726, 2.4730702452702644, 2.52442558990424, 0.061462918667189115, 0.0002394245725554356, 5.433568212941168, 2.52318616220532, 3.1494106896200265, 0.9762086065218227, 1.5979996775270138, 2.2911692205718737, 0.4653863862746448, 1.0512640273806255, 1.3872003060539555, 0.05893286698994871, 3.430199162260351, 0.2517340786614568, 0.8988838516635269, 0.05262524149111414, 0.1334401724069494, 0.17000458501399862, 0.045517544708332025, 0.05193491125749006, 0.06716446269615517, 1.146395704203087, 0.04558439105528578, 0.0038125629150727036, 44.49375791970624, 83.99829933918181, 15.779940175360252, 0.5064488833345422, 1.0331693141184815, 0.01649732979012697, 3.8394426079105415, 0.7870041217307744, 1.7596527891348615, 7.420548867726097, 0.10659182193205652, 3.047073165194888, 0.032587140407827064, 0.10776846212752389, 81.3753004551345, 531.6857401275913, 388.7696288150846, 35.84561836911689, 58.79915883705007, 340.94594978137366, 175.92876897468238, 4.105368110364907, 0.4713143005118354, 1.8819114978361995, 0.4713143005118354, 0.3541501775780489, 0.0, 0.00733627575061746, 1.0685876036463924, 0.00045959888655033865, 1.8854700885010516, 1.3924837328481772, 1.9334799470552753, 2.679736821084475, 0.34510536282209614, 2.583287630353425, 24.836032193200026, 276.41983165983584, 381.8319922711271, 85.2069330615933, 0.6387018018072013, 1.659677056576129, 0.1490031642442773, 1.0482548439771335, 0.9245819773877884, 0.3401950607992603, 0.6349300346165592, 0.8679921938295365, 3.1038214004007614, 2.425912716503717, 2.4459218724213088, 1.3600049738737425, 0.6822371855650999, 58.221543401408326, 1160.9294434581243, 1568.6234010076946, 162.82112031480074, 2.7539950819316346, 0.7763239822866126, 2.44049982471779, 0.0007719394118339551, 6.656028344772494, 18.885301225433977, 7.261754965771161, 2.854012350344192, 1.8013383950869866, 0.5598829369878331, 0.0, 0.1440316589721533, 0.05213830692400734, 0.11672580687195477, 0.4325899544232925, 0.7237645704246916, 0.19540443518917527, 0.83509913739681, 1.2331907062025493, 3.6744757633418885, 0.19009947051245035, 5.674307594383663, 0.0026135859036457987, 11.643717234225505, 0.21289657587681177, 1.762572409951872, 0.05339333318352146, 60.92917000501302, 923.855626537196, 1171.2220972477776, 31.082762634385062, 510.1524518932674, 530.9746773582958, 66.70879940969257, 3.1958511474349507, 1.2403565791385063, 0.828769915167527, 1.4922123566811933, 0.19787107666059, 0.015250258549485807, 0.27629126917497615, 5.13763115586903, 147.96415659933064, 105.60676422892084, 395.7863991923764, 879.3954366757882, 72.45822243983139, 3.5901606301624724, 113.94675411905246, 1107.1514100772602, 1408.1553630774486, 85.87810415872241, 372.28941474440967, 439.0682880962463, 59.82961561084926, 0.08729015471567436, 0.010775241597684726, 0.45146609479377275, 0.10849168171114343, 0.6573118308763242, 1.10382980212853, 101.31536542503727, 290.83729549840996, 86.75537223657057, 6.2486970210416075, 0.9359770355154069, 1.277572275031389, 3.5457385384776217, 0.10193258697267993, 9.149331327965683, 0.1178208334390547, 4.835914516118464, 7.883880611371524, 440.5649328685131, 1964.6104160993423, 685.0385768883739, 0.9150573048871138, 1.816845505625679, 0.45247595713146893, 0.5621149395902876, 0.4307435803584667, 0.6472848897806216, 0.9542037582883722, 0.99772895062938, 1.4986431459745972, 0.04333418371447806, 1.8464998284952117, 1.0820554375800384, 2.4712515524570335, 0.9152272059915276, 0.03995512460278405, 516.8282377234962, 1430.0259862033636, 279.87136600170606, 2.4435818998442755, 2.6034507330637098, 0.19713264224446903, 0.966327855230702, 0.027608608101218124, 0.2786728802619791, 0.4105509270773382, 2.0751835021569605, 0.1031254906038157, 2.1152375603369364, 0.004845489998501762, 55.42290762775224, 387.1294825565774, 310.6478974758038, 23.688753615488736, 0.5222003936854662, 1.7986488420882552, 0.08184136937245512, 1.1208615648474733, 0.017373173910641526, 1.5317825980689577, 0.158239776683331, 1.1768611253480685, 0.30418397429684774, 0.023357775889962795, 0.12209316452253915, 0.0075862075627810555, 0.01708560376175683, 0.23151408996409373, 0.001905822055846329, 0.6853602118058006, 0.011893954799461426, 2.09629291729334, 0.35060182076267665, 0.7045683943708809, 1.9977468888743033, 31.07091395815837, 48.90942557074845, 13.564871095775743, 2.582976391610032, 4.4526708942668165, 48.74690475002296, 267.49853953100694, 138.8092175673969, 6.826143632244566, 1.065936766868731, 0.012244372341569942, 0.15175931193789438, 1.1253484217623964, 4.301362047738621, 2.700366956246853, 2.6355090823947194, 21.021292701942457, 160.49382166175337, 87.9837879285576, 5.164474190129113, 0.027807768986122028, 0.0917269646377008, 0.8418246858482235, 1.4519316322730447, 0.086085936353129, 0.023662558280648227, 0.3795509914584727, 0.16059911178581388, 0.2098310649519135, 2.021092424766266, 0.6838923411733049, 0.40707679794581964, 1.1773567078646465, 0.1226414852912967, 9.777424908016656, 400.4164943042929, 1443.1743546335097, 455.29767044621167, 1.9498393995943388, 0.9734919580473615, 6.1804694394028274, 0.3507342698339926, 6.640669012665171, 1.0877443622346163, 0.33162284198635916, 0.702116447456433, 2.263405371572162, 2.4851424329073097, 0.6960698290182563, 38.353124020163705, 578.8802978734238, 845.7630164602756, 127.78702454304334, 2.330260387865451, 1.201350418165248, 0.06329763377357267, 0.1001461833934627, 0.12538857719505359, 1.3797877588926895, 0.0011451138087750223, 0.07394970126290445, 0.19214928267456344, 0.12719875440325268, 20.668086641187983, 117.39291626543945, 131.5667931136113, 30.58941371625997, 1.2281988839105225, 0.14537681866579533, 0.0005708509024771047, 0.5069894730731903, 3.662349048074475, 1.4546525628587688, 2.498784557668273, 8.909525739042806, 0.4801083547770304, 1.7683751770009621, 1.0956992403188224, 3.213093345240509, 3.136554263063772, 0.025554913286214287, 3.391308937698227, 6.734953470516757, 0.7743276528358365, 3.8021226394313317, 0.54543579650624, 29.706162567202455, 410.6303482078997, 450.0487042644304, 44.32502029938951, 0.1441433532793326, 2.920586708314204, 0.36030594026988183, 1.95321067047621, 2.8517436762510897, 0.33819927939157424, 0.16977861590908105, 0.4252643919296588, 0.16769632485238617, 0.19001644949048568, 23.797305825358308, 122.5541224720863, 30.149202132347455, 1.2360674757479728, 0.022470387207249587, 3.0695992420281755, 0.5706983415573177, 0.27340325966736145, 0.007129295095978705, 0.004515732619552182, 2.8757723859366706, 5.245709831078898, 0.7155033851996677, 0.1777884214166079, 0.5837102200450772, 0.4285879759031559, 0.19664999830911256, 1.4144561948666023, 2.6957995518523603, 0.85853286018164, 0.8784759837352567, 1.8074723807594637, 0.908782263120429, 0.31720011566517314, 0.5996921773829627, 0.3233347162578184, 0.1529188082232622, 0.09570658571692547, 0.1529188082233759, 48.06868154174799, 473.672878971832, 484.20548269926576, 40.39742454840007, 982.1801358606413, 613.4382652089153, 33.466024810897125, 1.174835386411928, 0.10647368212357833, 0.7887709243013887, 1.4689355822627022, 0.674424273717591, 2.3915625928092368, 0.037624412118930195, 0.2043318312064457, 9.978345014630122, 9.63394170202514, 0.3750456080674667, 6.465832455990494, 4.030683725286963, 1.7456977720510167, 0.004732361107244287, 0.4971683751384717, 0.26082713350228914, 3.40615769320425, 11.418729176231182, 0.014501965165436559, 1.9207907233471815, 1.0199761688238596, 1.7010937255283807, 0.13484373336655153, 11.192795050795212, 126.61791977397388, 111.34262768646977, 13.153315107075741, 0.30460223729062363, 0.1865487871809819, 0.0012024930958887126, 0.6357425288712193, 0.0766242088443505, 1.1491935176469497, 0.0026829417912495046, 0.30328706736872846, 0.18795022661959138, 0.9894666453526497, 0.1759117284777858, 0.29508686925214533, 0.43905445161726675, 0.45683030048689943, 0.10910589173647622, 0.38888574618465555, 0.14614288356744964, 0.11021483087074557, 125.51277341794048, 834.2646410945399, 657.019689173902, 54.7244072090009, 0.372211967371868, 0.023682984052811662, 0.4379907765315352, 0.21667287400657642, 0.13394244927621912, 0.3219584737709056, 1.890516348936785, 0.02308036276679104, 0.8205977615534152, 0.010229525591967104, 0.002646889630682381, 0.1283089551845933, 86.78170947593958, 1123.7016047719328, 1459.151995398705, 242.49933048883622, 0.41412051512747894, 5.42038316381263, 4.519628242579074, 0.4621564937040148, 9.787982157992246, 0.45273064738398716, 9.88017507934137, 4.2807589722158355, 1.1334964467316695, 0.18058191377645016, 0.10079020522653082, 1.4772608112668877, 0.25583360204745986, 0.17394524862879734, 0.10137098835889446, 0.01329827651488813, 2.3747023954215365, 1.178439885787384, 4.68597051509505, 10.006167993179133, 6.232784309317594, 2.95344952817959, 0.08256421376154321, 2.0603028588250254, 0.10090968358690589, 2.016667789536541, 0.23369355588135932, 6.857408982028801, 0.751468994671086, 3.2910891648571123, 0.7777891408120468, 0.803515903462312, 0.8555897760070366, 0.4485131439637371, 0.22599317859931034, 2.162639618034291, 2.9950324167534745, 7.36935127300967, 0.057619324862571375, 0.3740075796877136, 7.913229130726904, 43.85811881959978, 14.690437993729233, 0.16237639938754, 0.13556374456527465, 0.09247857477271282, 3.6089747697462826, 22.670919717405013, 192.45801480262435, 117.55114165870782, 3.2213647452998657, 1.2273323286999585, 0.07913680316300997, 0.0007243110461558899, 0.1511481736827136, 1.474218694207707, 1.3149104280610118, 0.15837762152739288, 1.1653464387077292, 0.6230007795940082, 1.1089276220986903, 1.409591010836948, 0.5748857278708783, 0.1282134110520019, 0.08620897337982569, 0.17087906011408904, 0.1943775462099211, 0.07919748017525308, 0.12082132816328794, 0.39474230689540946, 9.069078435727306, 388.3501161846257, 1188.5217737938115, 337.08387999042, 0.2840529558975504, 0.4149245466269349, 0.03776941933301714, 0.03753423104785725, 0.19383769975650011, 0.30010389080678124, 0.4587731446243879, 0.12367778074462876, 0.8042032054378296, 0.9650583364506247, 0.012151977502298905, 0.09182939426773373, 0.10869789550599762, 0.10936917521030409, 1.8657621642125832, 1.0807688059760494, 0.17962266067502242, 177.26920668890284, 538.2185857721352, 167.8314372581881, 32.74641602839074, 14.326786197653291, 0.3488797447712386, 2.6917618130089522, 0.027422740604606588, 5.836937445485773, 0.6188920458098437, 0.7499618944790427, 2.491752360630585, 1.465329652103378, 0.12770407999153122, 154.10994212564378, 969.6533690054957, 700.5964977994281, 49.18383524109095, 1.7581132447770642, 8.592596605575864, 8.126570972774857, 19.08921240503821, 18.358630805399002, 5.941878545471354, 0.10940074904613084, 0.4209079277065939, 0.3781163825595968, 0.49725211531517743, 1.1292861307090334, 1.1368998273854913, 1.059009170359559, 0.08684916470804183, 0.3073025251710533, 5.739163781014327, 5.514275714712085, 5.201017572947535, 0.02393615481537381, 1.3550522889621561, 56.22159307088248, 51.242976719565945, 5.098660858102107, 5.093947520558231, 2.4594514734047834, 5.0213012651246345, 3.581024908702034, 2.8707184877756617, 5.263028016953399, 2.0852474609423552, 0.9245699768734994, 0.0812861413568271, 0.9444671896050068, 3.019356391529982, 0.2625895773527418, 0.4126869589185844, 2.825170711172973, 0.02146232380391666, 0.7988128126397669, 0.5512958536889982, 0.7916611688258399, 0.32289646293224905, 0.7168163055080186, 27.09066510935395, 241.63961540504454, 297.5165600365641, 51.03273057921524, 0.0004587330674894474, 0.734361576821243, 0.8251926732721131, 0.471760221882505, 5.679316297064588, 1.5894628848011507, 2.6407385638901815, 115.07155544073794, 728.1528931274888, 338.4806423937157, 14.747569470061762, 0.01947475428994494, 0.0014380829726405864, 0.6532654381716156, 0.445023017712856, 0.09817914699431185, 0.003921848407799189, 0.2039643377443099, 0.2919357988872662, 0.01586148166370549, 0.0025465266370474637, 0.19580751967691867, 0.09211671143373223, 0.18481006780268672, 0.07056321566471979, 0.05165567219182776, 0.027004026242934742, 0.11604638206335949, 0.6691327355786143, 0.5383646606657067, 119.09996589774255, 333.8449348916454, 52.70515727798693, 6.055362085010984, 1.307478220792973, 0.5853283621886476, 0.0010473811616975581, 0.3444530572483018, 0.12757286918849786, 0.05945294354660291, 0.938514682519326, 0.8784759837346883, 39.97878716384548, 79.1402286296111, 54.10787191846805, 9.315204612600155, 0.7402826102048721, 0.011390839187129131, 2.1289098556992485, 0.11194102896524782, 1.9740061112644298, 0.0028816553557362568, 0.8583216879279689, 0.07237534960404446, 0.21940519437714556, 0.00454538104600033, 256.8383384218471, 1288.533661107449, 406.31994659102406, 2.8174059653473478, 5.241974704474387, 3.584404578884005, 1.0556274261425642, 3.9299236967883644, 3.124989940267824, 1.9032147805253317, 5.443782235004505, 3.924789451866218, 7.4218794441763976, 2.565694320002194, 0.13541305404407922, 3.2224174393926432, 2.1744360063205477, 1.170145663295898, 0.0008114597005715041, 1.1374346476321762, 2.827832904272668, 1.1915129606225037, 0.0489878107136974, 235.68953143662225, 813.8881464780275, 232.13958247695473, 2.0399080038353077, 0.11176165201038657, 0.102140375062163, 0.14291425138083014, 1.3683901112025296, 0.2935572419298751, 0.13530643888930172, 0.04251943806389136, 0.055307523835494976, 0.03125307668244659, 0.09516740963636039, 0.2938235451753144, 0.26102240493617046, 5.9254994170945565, 40.106464281387616, 42.921360999079866, 5.027023179691355, 0.30530078810318173, 0.04775219237365036, 0.01066370131138683, 0.06652936466525716, 0.013537365693309766, 0.023984766694297832, 0.63640626427798, 164.15960510330342, 1619.7026539189833, 329.150975349115, 1111.5861329086292, 1058.6251633557104, 64.86713490473767, 0.41305540395205753, 0.6528174982227029, 1.83452361423997, 1.2577610346520487, 0.07447942156704812, 0.06139023599689608, 2.103562513732413, 2.8709051087944317, 0.07687465876438182, 0.732134596252763, 38.88261520932497, 63.80139512267442, 10.743046155059346, 0.0033318952000627178, 0.4065697054998054, 0.4751922202985952, 3.8068989404578133, 0.013040028229170275, 66.22634486185507, 200.92921633749484, 43.87615238452486, 5.890784700914992, 1.6926474660344866, 9.019297574494203, 2.3586562523018983, 3.5258095959111415, 0.17314844127690776, 7.469163803981473, 2.8110463740276828, 3.7862385129042195, 2.8650983943152823, 3.351015615391134, 4.0004474527520415, 3.612132990091368, 7.8065116679956645, 0.3535652901502999, 2.4401801467899986, 3.649861317723662, 6.026702364846869, 5.681180326040703, 1.4017948016862647, 0.35944047484463226, 2.9090033911140836, 11.069663646408912, 0.2584573490905768, 9.493454580186153, 2.18819926609126, 0.3759128918436545, 0.7014385352078989, 0.20684652760974132, 6.699490166004807, 61.19106681380936, 100.12830007296316, 0.37261872058434165, 191.4520608401499, 201.06623693769575, 31.82684972284528, 0.6969549312174195, 0.2876504678229139, 0.6295102208233629, 0.005812903077412557, 0.008263380449420765, 0.045673817817373674, 4.253848372573998, 6.1535716129515095, 0.3880638027543455, 4.793769658408678, 1.9015986167182746, 2.135628076350031, 3.1156130822120076, 1.7097176557610965, 0.008522756637376006, 5.011884252515301, 11.634026254298988, 2.3772296554966488, 0.14265909233563434, 0.11196175958070853, 0.5963986257538636, 0.0002126939225490787, 0.025934234794249278, 0.0019151083765791554, 0.054535637308390505, 0.08555879400637423, 0.2472664648717, 0.1461136354662358, 0.5328243899944027, 0.8507130219385317, 0.1662672070225426, 0.001903119681969656, 0.4091141362825965, 0.5874283691507571, 45.080524719142204, 779.8362830525184, 1697.1229468085169, 497.88717531616135, 0.1311712160749039, 0.014779545834471719, 0.06028116361784441, 0.5443121301085512, 0.19335792370395666, 0.006847527851789437, 0.06386800351430111, 0.01568078773891557, 0.015568505745363836, 0.00010111476865404256, -3.541631127745859e-05, 17.461222850839704, 1362.0477773606212, 2428.7112700248913, 314.1916412776086, 0.33764112381413725, 0.6676665676438915, 0.008465047157642402, 1.0874514466670462, 23.41944528519707, 48.48071022961881, 9.342005533418728, 0.673536576064862, 1.0509852809459517, 1.2462276743669918, 1.9884985243843403, 0.2409344568270626, 0.37435896225565557, 0.0008914151584349383, 0.4505459129140945, 1.505246135493394, 0.07912952811261675, 1.0068400146401473, 3.6846831742766426, 92.93665716642681, 199.43548687306463, 36.405630785952326, 0.03872397895850099, 0.11089363972268984, 0.12688570839031854, 1.2222948598841867, 0.22503070504956213, 0.05713170164369785, 1.7312673600916924, 0.0015779481544768714, 1.4819005713343358, 0.43509520496604637, 0.009731517998147865, 4.855238720180068, 1.557658178582983, 0.0014802993712237367, 0.003334499444690664, 0.21106732069756617, 0.2670319035732973, 0.35308454949199586, 0.17695267321482788, 0.003342175498346478, 0.4317804372160481, 0.03723535659639765, 0.8559727299665383, 0.13395671801708886, 0.005827587601743289, 0.13203281024652824, 0.47780471491603294, 0.17722055513081614, 0.08459316019354901, 0.7607815056483105, 2.523798713273436, 50.53156053224825, 95.207381256595, 19.689011311658874, 0.09071909898011654, 0.13182586901530158, 0.009106728903361727, 1.272231411399389, 1.0523556509277796, 2.915392980200977, 1.985480138578282, 2.0149880569119887, 0.1857423711322781, 0.3715909308150458, 0.009092262326703349, 2.383561220569163, 0.025149750855575803, 0.5059573793921572, 0.19811587115555085, 47.78311240448261, 226.68362226146837, 78.40920954616172, 0.0072273578806516525, 0.3085123165474215, 0.1473125644523634, 0.28510281855506037, 0.046068766895132285, 0.07752634791029323, 0.7268238275629528, 0.6810810806128984, 0.14329589322153424, 0.19584365248294944, 0.300070236991246, 0.007187332485955267, 0.26164698230059, 0.07651691481862599, 0.18550550579243463, 0.04576566550292682, 1.429991546807173, 0.5541397799536298, 0.0004444891762886982, 0.11478636385425034, 0.12952351858007205, 35.99123880099205, 254.3704390825319, 15.585564943164627, 1317.0118420129343, 66.87989194755073, 2236.3728243425744, 308.56053970816856, 207.14699088497218, 1405.9344160151509, 675.211770874457, 20.23739476488504, 3.766179641361987, 6.46228129480437, 6.423479152783102, 1.0778096354883928, 1.4855617163520947, 2.0109838046261075, 4.130674250580114, 2.003469552430033, 1.2338219155245724, 1.6198032826863482, 0.4476496559220777, 0.8088056008789408, 4.144765681218814, 4.2192737584157385, 2.120482941477235, 2.6704752387274766, 0.16389303685139112, 1.032034923863307, 1.171025769750031, 11.752055840192043, 42.22513980839244, 22.647630053830994, 6.249462473087306, 1.3146438559427907, 1.1520721549627524, 0.27201507492088695, 0.16712271239941856, 1.0795373854698482, 0.12995883634562233, 0.42969679714724407, 0.002333753361426716, 0.4161674093832062, 0.7824678895005945, 0.1425636588968473, 0.05562513506856703, 0.5052441526530629, 2.9198880859394194, 2.838701552911516, 0.6766339444585583, 0.8308074104863863, 1.462396623491145, 0.09938483830205769, 1.3900136106860828, 1.7222486846578704, 1.4046383995964788, 2.943735635780172, 3.43663325031946, 3.844496275723941, 14.416598879902153, 1.5565530589440186, 3.4353051510945534, 6.803216091735067, 0.2122978823288122, 0.8622243987801994, 1.3882079858344696, 1.521774172563255, 3.000939556948424, 63.17541182279251, 226.32203375629933, 97.16506595401256, 5.475221724054336, 0.5965688904771014, 0.06062566573939421, 0.4987806987450085, 0.0982110447305331, 0.017515861594119997, 56.84756483762999, 213.95136092060602, 62.055226897726925, 6.9010142351519335, 5.738313509446698, 0.019583144817374887, 2.068154275553752, 1.161184554626061, 0.010588007720002679, 0.7855754428128421, 0.005957868366181174, 0.534951309580606, 0.0080906448127962, 0.16934882804855533, 0.04751627376913348, 0.5106582723625479, 0.31492098224362053, 1.1271298180438407, 0.37504478126777485, 29.674915980903734, 373.3962619966492, 398.1794323159281, 29.819211505708154, 0.20298649762480636, 0.764936421854145, 1.3964676590711633, 2.7420393622558095, 3.1416842925677884, 1.7662967010284092, 0.01002941760862086, 0.9257493829409214, 1.146682849283252, 5.633099904451001, 1.726498678797384, 4.313844861351072, 1.814735928034338, 3.833320139165039, 0.014605396582510366, 0.7205189802109544, 0.3707219002050124, 48.8288670524081, 131.3087242007241, 29.145593559390818, 0.10499131239180315, 0.35500431259208654, 0.04736479986672748, 0.006726434095980949, 0.21798645928947735, 0.03690219615998558, 0.012189612819270224, 56.3495244716604, 261.3543348380847, 146.60498782348077, 19.96470505625598, 0.011244305768059348, 1.1440928385073903, 0.004994225291738985, 0.09112483753926881, 0.015349593253858984, 0.09112483753926881, 0.3249044788763058, 0.5608150081017129, 0.38829715334679804, 1.0278653740551817, 4.3063380354064975, 16.96674292883631, 1.1630975867458346, 0.4144976167600589, 0.005657105476757351, 0.11397333408820032, 1.0534212694519738, 0.0003493502244964475, 6.392533100445348, 0.6870522780654937, 7.613229081627196, 1.3123759064902742, 2.977460421970136, 3.4340924441536345, 6.765079996768918, 0.08394124331971398, 14.987810747661456, 8.508325505620292, 6.723393198600206, 66.8565827883549, 437.54921403334856, 138.9129729351348, 1.5715332693575874, 0.5535305162827626, 0.17999555737560513, 0.8872785050477887, 0.5209840550182889, 1.072277666239188, 2.7545054025158606, 0.816490052555082, 0.73644338963868, 0.04449696188021335, 2.609020494795004, 0.03910138229025506, 4.222708486833426, 0.8652265582702512, 0.05768813965437403, 2.730833764331237, 0.35628493347167023, 0.6426007778991334, 0.03410601472523922, 49.86980585641709, 329.6005863608327, 211.89100096015204, 10.702274742762938, 0.022795221402361676, 0.542760219841739, 1.7349162335418669, 1.3787532793235187, 0.08368323756951668, 0.7220196044312388, 0.1325338086511465, 0.9724706323388546, 0.9667168916316768, 0.29988012483579496, 1.1228346442122756, 0.7759951753259884, 0.03669881559892474, 139.80342074410464, 373.7230010051087, 53.84742265570321, 0.023006570634379386, 2.6776110115256415, 1.2549176629097474, 0.18789192204144456, 0.09758019391415473, 0.30898881891164365, 0.23845401292214774, 23.851915514242137, 586.1210472645562, 1711.9051216322832, 587.1604914105774, 0.6203974832280892, 0.7625657282509337, 2.15633023454302, 3.6337189158515457, 1.1073981444023957, 3.906278066551522, 0.004912548655283899, 1.06754846527906, 0.35941206026177497, 0.8228714828816237, 1.0262553407417272, 1.6038987285041912, 0.7086000556816998, 0.01999261206083247, 1.2330842842949323, 2.0936048603985, 0.7863237027985406, 2.6329139285470546, 0.757050541770468, 20.61213461959187, 124.65913844434908, 53.12393122599008, 2.165698052435687, 0.4295743954478439, 0.3174138114587777, 0.017425798867861886, 0.9717146658292677, 1.7258387813903937, 0.9422601441765437, 1.5212894762638598, 2.0304802401597044, 7.198841509011913, 8.477248456206894, 2.205447118632378, 3.9205333329998666, 3.6285568626003624, 1.7059889916703241, 41.94376681330846, 1018.3746248016255, 1755.9472690218568, 276.1704733780273, 1.4737628050127114, 1.1926096089366638, 3.6701761807667026, 163.81599592257635, 419.85886292270516, 75.49528874577527, 0.815984127190859, 0.34579565166973225, 0.9479859727425719, 1.9344443426737143, 0.4644322110707435, 1.5410900354190744, 2.964726395078742, 1.937964971053134, 2.3531245059252797, 2.2138681310145785, 1.4707596286054923, 3.6664181357998586, 1.284694441161264, 18.35409571342734, 152.59899834015187, 134.69952209366738, 0.08887752713303598, 215.56298390121174, 173.2176844618739, 75.50614356986603, 159.96799465669596, 4.448471177512374, 0.022505551757717512, 0.000747092086385237, 0.40796112147074837, 1.4543254877023628, 15.745294898937345, 254.8460088689901, 293.3068388023635, 30.432212679550503, 9.791401172640235, 209.02575740095608, 314.53607182685096, 31.079932580270906, 0.12516356784146865, 3.147308296192705, 1.8249866369418442, 0.4157630849712177, 0.14109328065649152, 0.2610750620746103, 0.046177548825198755, 0.4000833692514334, 0.23467860024936726, 0.00018280749225141335, 0.0016420681265572057, 0.43485798219626304, 0.9598614520089086, 10.198036197700162, 2.2813373653588087, 0.0001969823272247595, 0.2423187578830266, 0.20041196007412054, 0.7320719665835895, 1.7520011782635265, 4.38970937295835, 0.034278425282082026, 1.3665460524946411, 0.14742064942311117, 0.06445572560903656, 0.4585519515044325, 0.06396955300760965, 0.0, 0.5587073192468779, 2.094649237583326, 0.13673208047430307, 1.7446422840121159, 4.477161736072503, 363.54830403580604, 1116.7386972356694, 340.3302045759342, 1.117539847483954, 0.1664475704913002, 0.004007415048704388, 0.5890745589255175, 1.6585591835550986, 1.1322097015098507, 2.2894513082043204, 1.9659871472506438, 0.09741974540065712, 0.000961844453172489, 0.18652803201564438, 0.5408937899777584, 163.99636055751262, 1107.250362194455, 959.5166562429933, 98.20589831803704, 0.046952607983143935, 0.0859745020796936, 0.041598490427077195, 0.04701824914536701, 0.34565034607726375, 0.23579508455236464, 1.0652270609157313, 2.7574906837043045, 0.08435359122518093, 1.9729194193212152, 0.5972459604996629, 0.16622050108469466, 0.0014606602509275035, 0.14452901941695018, 0.9016145093012256, 0.13503098974979366, 52.91018796073513, 719.9550904056628, 1893.8018222471646, 545.6586857505565, 807.9090230346314, 1758.2125857668873, 294.4244343540472, 2.503972054233145, 1.1922578727030668, 224.93624621110462, 967.4560181183406, 344.53735707176793, 1.3123033155364965, 1.4127462253676413, 7.913144220199683, 0.0811742410609213, 1.3155248638196326, 0.24351653391170203, 0.9925585070539, 0.19988932235264656, 0.3364261273871989, 0.5381141436720327, 0.010920196979441243, 0.0006736168157885913, 13.494499657000347, 144.0148580865955, 134.47718216549538, 10.800354779568352, 0.38771776230146315, 1.1442591200865309, 0.07235811078783172, 409.6201433027777, 1813.6648697010723, 1102.7706972519527, 107.17976219652041, 4.511209326950166, 0.7743224275147895, 0.21396652624457602, 0.022532764030984254, 0.045321313086787995, 0.3583533273517787, 0.287055019378613, 0.13038914057005968, 0.21232202447004056, 128.91725845651376, 1177.5251928282426, 1209.5423334356024, 122.22586319817788, 5.9477447312972345, 7.373093276732334, 1.227336855603653, 2.902211008406425, 0.4560020172748409, 1.5307559813267062, 0.5513895547833272, 3.423731410289747, 1.4510788420205927, 0.29804302934883253, 20.575294801614973, 125.05107723070353, 55.129937871658626, 0.08662809650024883, -0.03158420496833969, 0.0709907412837083, 0.19939514759619215, 0.5779862110622389, 1.1608822543726092, 0.2457944123721063, 2.281822906824573, 1.0501549878322294, 201.29492179924546, 959.1747234162526, 633.0174630526863, 66.40439403524874, 1.3949787340893636, 1.9078013300866132, 1.6483948744448753, 1.5355226070444132, 33.15576421117453, 214.11972506354755, 74.08002233818377, 0.5828312136773093, 0.004261021945012544, 0.012070672897834811, 0.34922360224277327, 0.2519269958213499, 0.4594630644883182, 0.4594630644880908, 0.621161202021085, 0.04879012322885501, 0.0004881435681909352, 0.9288444853150395, 1.5967621645467034, 0.3214638344267087, 35.069173274310174, 117.41490743670579, 41.67303505457187, 5.455895815471649, 4.005108295497962, 5.633378724403656, 0.051697342135184954, 3.068133278064238, 0.5620707099512856, 6.589945318731793, 0.7621126837995007, 7.9558569385297915, 2.220621508876434, 7.924937219690037, 2.9733516609388744, 4.363390127726234, 4.1353090097331915, 23.543701587946543, 828.6334144289883, 1329.4872192669634, 193.3736816032747, 0.4174892037651716, 0.03041327393452775, 0.022085838438215433, 12.182610896531287, 124.44663449045788, 90.15168285243317, 3.799599670433963, 0.003618366666728434, 0.6238127157994313, 5.790278254014538, 0.2977385091966198, 2.604892652677677, 0.14664927401599925, 0.014156168132217317, 0.11606192481951894, 0.7867589307259095, 0.2420643348610838, 3.411033804149156, 0.24586733326202648, 0.0020573894355493394, 0.03833782062940827, 0.4186534494804164, 0.0272923725730152, 0.02718894522604387, 0.1752127408551587, 16.76227317983512, 536.2138636698946, 1701.3746135760464, 639.2928940521233, 0.2902210040765567, 660.8741035298758, 1925.917106770757, 624.9517832816941, 27.286983117915725, 0.0032684727402738645, 0.09848794614708822, 0.3745559539236183, 0.3106455137103694, 0.6836622214050294, 0.19661190078227264, 1.0216294253050364, 0.7958173228960277, 0.38288410268023654, 0.4327873360987269, 0.01955509646018072, 1.5656227713589033, 1.758661568462685, 7.803732158901994, 17.621694222313863, 0.004631551927786859, 0.5895859267559445, 1.2247129537008732, 1.1277520867454314, 0.18471104431478125, 0.08650511346809253, 0.2881682509107577, 0.8914397223818469, 0.03028035180295774, 4.577900914975089, 0.8440253469518666, 0.9115916328071307, 0.2681129033644538, 2.307035089209876, 2.0297860427067462, 1.994224744066969, 18.322489572763743, 91.06894188565866, 195.3829554879335, 110.43771729454807, 7.302336239459464, 2.468903859957436, 0.016555096256752222, 0.008116581947888335, 5.231007734134096, 0.35026022129318335, 2.421798493154256, 2.0914817371472054, 0.6182285152958684, 0.135286701821542, 2.272104690224296, 3.290478263506543, 3.3527843411151252, 9.010132456501992, 0.24993354006937807, 0.6394713646006949, 1.3733149870138277, 2.417584271211126, 3.092053236039419, 11.209836801937627, 0.024297299942872996, 0.24345648569544664, 0.3494950440582443, 2.4766137901949605, 1.0094558568272305, 1.9560663052421887, 1.1549441331619619, 9.460346198776506, 129.3808536865115, 172.46210697834056, 22.09062811963838, 0.19580169978110007, 0.08691479299318416, 0.0005980434098091791, 0.07201213231599013, 0.04873926902541825, 0.4714790666267845, 0.060882290420408935, 0.13639311629424355, 0.40752818130101787, 0.4791238307907406, 0.5079415791234396, 0.38266647612056204, 1.2111890883279557, 75.7707026582624, 178.11135134834421, 16.753320651476997, 0.5054018907285354, 1.0213695597001333, 0.20867956598044657, 0.1315950324546975, 0.002982235108675013, 0.27753325191679323, 0.0052999309925780835, 0.2588113342744691, 0.12019980757850135, 1.689119586549964, 0.0013415695088951907, 0.46416658275052214, 0.06610484826774154, 0.03358601003390049, 0.5891943387194942, 1.1495886743581423, 0.5196515293951052, 0.9963708291932107, 4.511135789994228, 2.6193018308683804, 0.6365387078033109, 4.033379874703201, 11.244006849515813, 54.433972340185846, 153.77758933593668, 110.40256055833242, 2.0415330854071954, 1.5627258423226067, 6.51291997808903, 1.770291586626172, 0.6713379213128974, 0.1996082451047414, 3.063350829773981, 4.961145822063941, 1.627976691644676, 4.830490132687601, 1.4939890555345983, 364.47193974903985, 1134.702176786186, 300.2972923047173, 4.860881429978235, 0.076045024166433, 0.5814844697691797, 0.09048478016632089, 1.21385252655341, 50.957133589024124, 321.8590680025842, 157.1911719896582, 3.7460555862112415, 0.81471511078189, 0.215053342981264, 2.0648679140534796, 0.04559881253328513, 0.0, 0.5686998799615139, 5.373427052185775, 0.277723368701686, 6.313381992222503, 0.277723368701686, 4.7546867550778416, 0.5161714921770226, 4.08591899483099, 0.04565888390447981, 0.0, 0.1133076849741883, 0.15078303165682883, 20.044691475829495, 207.1304585784053, 285.64904485149054, 65.27495806836168, 28.805837584893197, 323.22883257174067, 212.47118190228753, 12.373998045780127, 2.249004832066703, 0.32872141172492775, 0.00500721928119674, 3.7543526573892905, 0.24793679183358108, 2.0416133018270557, 0.7541246321793551, 0.3016338561601515, 2.637376185638459, 0.08160146361001352, 4.921607125604737, 0.11641955895834144, 6.7613249205976445, 1.8279986391730745, 4.9901949817781315, 0.40480379902237473, 1.3227453639681244, 0.32705992687579055, 6.0230842408172975, 197.9760706238685, 847.3662358349216, 383.7162288171703, 2.583989282627158, 2.4288395144218384, 1.1460706877043094, 0.6345847470255421, 2.0609401407886025, 6.630920665499275, 0.6061360200909576, 1.6945357453504926, 0.985304730590542, 1.229289831379333, 1117.2949568759673, 2392.1695625949706, 380.0598891812301, 1.7676568052472703, 421.8792527402584, 2018.078374116023, 746.8714041015451, 0.9325930576309247, 0.08958062224223795, 5.217136509382726, 0.08041636233679128, 4.439378213735495, 0.5048074879330215, 0.6123852680741493, 1.3674895425217528, 1.3229720144233852, 2.530622603146071, 0.8619539046077307, 3.691652382732059, 38.60882369718854, 37.17600951779923, 3.063500105278308, 5.29711479636876, 0.5288578794998102, 4.830535043823716, 2.0385633213103347, 1.8594378954924196, 0.7308763298742633, 2.113539661611071, 0.872139569230967, 0.6079311395824334, 3.701714852058899, 0.07592038949155722, 1.98693833159291, 0.23726034528533546, 1.379334396090826, 113.95510206473477, 893.3431739485914, 981.0594192211947, 136.34744243530326, 0.3797404116097596, 0.0009460304781896411, 0.06819825664285872, 0.002129098418436115, 0.034227374072429484, 0.865225387070268, 0.0038183008775831695, 1.9322053354372883, 0.023828537854910792, 0.7417113977782037, 0.13773599858166108, 0.05417044376997637, 0.01953097138789417, 2.2194381385083943, 3.8947096800163763, 1.4820798510627355, 4.798822865742295, 1.9566489057799572, 1.1474249018497176, 2.9829628944578417, 0.22586806732397235, 0.0321514390577704, 3.3208168830446994, 15.051679519179743, 0.8220140118116888, 5.105021959626356, 0.9027615690063158, 1.0213326185348706, 0.00021032881818427995, 4.210319794298584, 1.370868273265387, 0.003494985314546284, 0.0034869441578848637, 0.09577864488483101, 0.001960954786000002, 13.064831185115054, 128.0199131486445, 322.0500233956568, 307.9310339152498, 88.78016545566015, 4.68146141388047, 0.039481823539745164, 1.2370774085090943, 4.816520466971383, 0.9042582229407117, 5.32839106180586, 0.684172853341579, 1.078986345004978, 1.072814470854155, 2.178512237052928, 11.186795314128176, 0.2563753475686781, 78.64356237690777, 349.7976342126012, 284.821025593126, 33.2176902198853, 0.013055761047326087, 5.526395112731052, 2.2595284859046387, 79.30032786730021, 676.7436160440873, 291.4286465181922, 2.1568758357400384, 6.090785984308013, 0.27744096798903684, 5.0275515629488154, 0.6764605626968887, 2.3435860103284085, 2.0049046034148432, 0.38284953095012497, 3.8283008556118148, 0.329579152170254, 2.561583414047618, 3.236892913181464, 1.2609577835158916, 4.104673985580803, 0.3691032954476441, 4.104122601116387, 126.46382698955381, 452.56470684095007, 116.25461217480188, 1.0556055701790683, 1.0590282053776718, 0.45457352578830523, 0.5262572809169797, 0.13805739345912116, 0.7497199173801619, 0.11450243642661917, 2.506123098108901, 0.00799267031538875, 0.07295118577280846, 0.24875393062268358, 0.14127314538075098, 1.3152919218437091, 0.007966223089965752, 2.8095163247396613, 0.13978503142675436, 4.160026975367373, 13.973561668807633, 114.06600919078278, 32.213610950207794, 0.000917709331019978, 0.0009119797753101011, 0.5223005385490751, 0.058115577795547324, 0.032364764978410676, 0.6040309366710517, 0.503530299063641, 46.99945528862145, 72.443537675833, 0.603036300519534, 45.47757213985233, 8.765761039262202, 0.0702541081649315, 1.8472769902450636, 1.1002287971735996, 1.64125059913124, 1.8947283550146494, 0.15108550023944645, 0.5801262382713048, 0.12781372622237086, 0.42545640993216693, 0.6990620933434002, 1.0442934737156975, 0.028695957280319817, 0.18616416746078812, 0.3286034469972492, 0.16271169463573187, 0.42288438289051555, 0.38376130694439325, 0.00023715643726518465, 0.01522737350103398, 1.5095350174640316, 2.4953504400174324, 1.127541594837794, 6.972617209467444, 5.132052954995743, 0.8476452420163696, 0.481415314923197, 2.4204076280684603, 4.240978419986504, 1.4188606907071062, 3.518691587036301, 0.004378962597229474, 0.006785855342513969, 0.004378962597002101, 0.0, 46.993559026260755, 196.55476683223878, 82.17473700653977, 0.0449480266752289, 8.600694604410592, 0.0449480266752289, 2.5612056376123746, 0.4966542844636024, 0.02498308006579464, 3.704125246221338, 0.27904172472381106, 2.3252073410924368, 0.23888841003781636, 1.0858327796534013, 0.15684335607124922, 0.1657130996206888, 0.14658867125888264, 0.07618558968829348, 0.06908979012496275, 0.5259000652033592, 0.004298241907690681, 0.0043869799935691844, 9.073374377454684, 18.37548040424292, 7.64306312561439, 0.17987959553443034, 0.27601634907023254, 0.12638934785366018, 0.21632442083546266, 3.978343705777206, 0.5480609202415962, 0.19489848562682255, 0.0030852269768502083, 1.9299800620927954, 0.9856017325797666, 0.4395515273391766, 0.5637024022570358, 0.20721017369305628, 0.38925417417340213, 0.2620260927767504, 4.504533372068636, 20.380868780407354, 10.224440435593351, 0.04507674556373331, 1.5863777110407682, 0.2077914855169638, 2.702453262280983, 0.04542871362673395, 1.0504931643504278, 0.7881878437809746, 0.1817158882553258, 1.04945959662939, 0.07594861306745315, 0.2524712698007079, 0.7808720034463477, 0.15901014818564363, 6.898846752503687, 0.27601392545057024, 4.713835731825043, 2.8863639723012966, 0.4651612432925276, 0.2816642148831079, 0.04468708904778396, 0.07480452100810453, 1.1076024306362342, 0.4918937715157199, 0.1371156641939706, 0.09357917329180054, 3.293114235238363, 1.3898709135885383, 0.8286824315343893, 11.667638634509785, 115.31161613945415, 90.32666531167979, 0.0050665231487982965, 103.91649231069073, 144.5369992429271, 24.02330641360834, 0.04130721828346395, 0.2737460233714728, 0.7410758618257205, 0.14479106899671024, 0.048378245259755204, 0.0420950014375876, 0.0, 0.09486463289726998, 0.030940968998720564, 0.2479389915849879, 0.0008614258374564088, 0.09430728398638166, 0.026111622503776744, 64.82790985902238, 523.4422740921427, 621.7233318485935, 126.99634061585311, 2.859132949203513, 1.8486194548131607, 6.201999823533697, 3.6375434161647036, 71.52451139869459, 922.5717199986464, 1228.0084961360164, 173.56918325097695, 0.28335607920666916, 0.8432421250709012, 2.0512113886884435, 0.07573524114968677, 9.019566917868133, 120.4342913829621, 150.4527544868606, 23.696186203688512, 0.11070646554446739, 0.00025222879480679694, 0.00910190171555314, 0.2770243461591235, 0.006339244453442916, 1.2343579588630291, 1.2214500972029327, 0.11902463586170597, 0.2688480241203024, 13.265883948484884, 33.2171612136616, 8.923100840936968, 6.607770057027778, 25.535703331804598, 14.238192676789481, 1.2832944640553023, 0.17249705210520005, 0.0003905148588501106, 0.7503319352645121, 0.0389105234339695, 1.9752168617920915, 0.024882734611765045, 2.200522397372879, 0.3023931233535677, 0.5401894839185388, 0.1999763675627264, 1.2244694825574243, 0.04552755807037556, 0.07595988820992261, 1.6897056630323277, 0.3316362569038347, 0.128127646308144, 1.9546720764999463, 1.5675043864896452, 0.05403461116327435, 0.769136256602792, 52.15114811121566, 307.8679573099761, 150.46173457643977, 12.841555904401048, 1.5269067271276526, 0.09866591728496132, 0.014970774294852163, 0.7744955453929379, 1.1055615078498704, 0.30670494972127926, 4.7878365382168795, 6.9719090558003245, 10.6804685839777, 4.872991088940239, 0.3396277033851902, 0.6582895529721782, 8.604357260855409, 12.480837688202655, 4.561380288576174, 0.19232771068925558, 0.9951496412297729, 0.07530837228080145, 0.12876742744003877, 4.291267553803436, 43.75269794759697, 113.34901694279779, 21.131274060282067, 0.7783780497711632, 0.23209587354585892, 0.009841413050594383, 0.033566893012221044, 1.6169759884367068, 3.9184767433887373, 1.9249843440013592, 1.1185429150807522, 0.04315482157721817, 14.94231655525141, 1.6281338165297257, 4.0429850701693795, 1.5402286910584735, 2.029485100446891, 3.1528949827668384, 1.427174735308654, 0.30806155664731705, 0.0453897794641307, 13.215512802723197, 123.91270990029216, 153.0040117323249, 19.360187216922895, 0.48340090661440627, 0.19209726544227124, 1.2266893725475256, 0.37412656521814824, 2.2493892671905087, 0.035795452105730874, 0.15386195844280337, 1.0677940113844215, 3.267038844101762, 25.84778136117984, 2.4206264305375953, 5.076224421196457, 1.4713801020434403, 1.5229355788949306, 2.4213943653878687, 1.0202980089350149, 1.168449562776459, 1.308944461518422, 0.10056696288279454, 1.7651541562815964, 0.01114079588887762, 20.48501704866044, 105.03488798048397, 45.692304628333886, 1.8821867213604264, 0.006092881153563212, 2.1443388124549756, 0.3665680352207801, 2.381586579310806, 2.448063150089638, 2.01631932466762, 3.450005730416933, 0.8990752231177339, 2.728235907841963, 0.21917750132183755, 1.3404941601372684, 0.15009439314610518, 1.5445292208401042, 0.008604127646208326, 12.026820812805, 66.602060605097, 166.89131254277981, 61.98494014911216, 1.119379110206296, 0.1266074129757726, 1.2995700877426088, 5.0894793433884615, 2.468740646825495, 0.019609021581800334, 2.7330588720396918, 1.1901002488452832, 5.883484510802646, 36.362936071868035, 38.96922458331028, 1.4911157712921295, 3.0807822443471196, 0.9678080494439882, 1.035350152350702, 2.62221290746902, 4.451446761727084, 2.02782433267771, 3.8738427873090586, 0.4150384339291122, 0.5096839873990575, 0.5637933184420945, 0.05431908274556463, 1.8672742839803504, 1.0598938895114998, 1.587249779081617, 3.8783110785310555, 2.7698405666096733, 108.81071893250964, 227.5461247301098, 30.83168740429892, 0.47199352976440423, 4.401930547866186, 4.086866314822146, 1.4281430464650384, 4.705400001699445, 14.10914396714361, 119.09062935730049, 100.1266594581034, 7.470714861543456, 0.1603944056749924, 0.01780077593969054, 0.02795984674196461, 0.48584763396706876, 0.2016511652477675, 0.05355055245956919, 0.1442442577078964, 0.0010978792797686765, 0.7149457601843778, 1.5788524922314764, 0.0011151378582781035, 1.0487009298111616, 0.30053894883144494, 5.363480507584086, 8.79632080688259, 4.17834084387016, 0.22087168851226124, 5.592243512177788, 3.80455023991658, 0.08419203665334862, 118.72240476308434, 539.1005287107698, 172.3758861980955, 0.18206204144098592, 1.7986591889227839, 4.18703249773057, 3.3084386008202955, 0.0007494985304674628, 0.2807716886832168, 2.0173478157365707, 1.5445515788810553, 2.9743034432182185, 0.210611317690109, 1.2640752212500956, 0.21918772509695827, 0.23492024676238543, 3.6502727791923917, 5.2838261319989215, 3.4263920508798265, 4.520733352739512, 81.28968132146315, 461.5080106663454, 381.65776765160604, 42.177436922666175, 0.35324950163328594, 0.5322061999219159, 0.22993336919819285, 0.03219692057473367, 0.5589862095508806, 0.09784196638054254, 0.01411663498015514, 0.01792058493413151, 0.28773978140804957, 0.49520311297976605, 0.027163207667513234, 0.2753932204149123, 0.4312497755499862, 1.2324600357419513, 0.03714707942901896, 2.0721600248396044, 0.8271281547871467, 88.86835997608705, 557.3266668385194, 322.4838353286814, 7.4485966545428255, 9.943700850634514, 2.9003500615110624, 0.3680006510776366, 111.3078708565929, 256.0975398004796, 57.8262894694567, 0.04939825130429654, 2.0582764618047804, 0.14186139692526467, 0.12047623429691612, 0.5273440725233058, 53.867798688595485, 212.39039223722648, 78.51832551846144, 3.395493182212931, 0.08680323203941498, 0.1728478371762776, 0.2736768019437932, 0.025994866849146092, 0.06568638756323253, 0.04040682579807253, 2.6125100034688558, 0.008762742890212394, 4.0921484963062085, 1.895032653294379, 0.04715720388367117, 3.594188047216903, 1.730477828742778, 0.20473639724173154, 0.13937940523442194, 1.3403465348022792, 0.2204164964591655, 0.0, 1.6655092649622247, 1.2594227306942685, 0.5338882176737343, 1.5482893931279023, 5.182003576830539, 0.22341842805815304, 1.9847286354802236, 4.605411611889167, 0.317440138908637, 1.433995973411811, 0.5696434274786952, 14.733198126030857, 493.18367901287024, 2118.134535142967, 878.790901599933, -0.03381128976434411, 0.7041367906907681, 2.1608228207124967, 0.012695559283372404, 3.3358348536792164, 1.8845775485496574, 0.11963407971455808, -0.008329748078097055, 0.2466652333027355, 0.23963413981221038, 1.207790933875117, 0.08809028273208241, 0.08595383678118651, 0.08679076456229495, 43.751470721936926, 1412.0932197325976, 2133.212387770028, 254.98348568459278, 0.4288890121736131, 0.6985889340414815, 10.671283790142752, 1.9167488732539368, 2.6285403233241595, 3.3161002488293434, 1.5143849301202863, 8.81145592235498, 85.85256188343192, 124.66040759748944, 20.95075201230418, 0.061386257702451985, 0.4137985704428502, 0.10928713818157121, 0.7967298889327594, 0.818334908891984, 0.4389094218417995, 2.576163166738411, 1.0269470473141382, 0.32227997582140233, 0.7199056814241658, 0.17129949565321567, 0.3571524977253375, 1.7375151840292347, 0.2700369264115352, 0.47319116750031753, 0.16218557377646903, 0.6774655140131927, 5.047093978303678, 39.826691904678, 9.921724172528002, 3.206805329314875, 1.163574611372269, 0.0550049542873694, 0.4517944343081126, 3.129008379647985, 3.5077076045472495, 0.30068239348588577, 0.5971881330390261, 30.47131605373147, 99.82957084833879, 42.50525058137714, 1.755533334794336, 1.6731425493721872, 0.052483195004697336, 1.706406759284846, 0.08576486990295962, 1.5775287029396168, 6.732314209498782, 0.00395255136754713, 4.620507664550132, 0.0006320853030956641, 2.1577870257449376, 0.6546128278155265, 11.800572988405293, 1.42059079542355, 2.6351180999899952, 6.769909024245862, 0.6990493070679804, 1.1671782492448983, 0.0765085427970007, 0.23277335368720742, 0.7586770424666156, 0.9009933904544596, 128.19351979297562, 710.177414097778, 210.29566668643383, 4.415004812829693, 8.863797878542755, 0.012581171845340577, 73.26468622725702, 368.4315094749527, 81.2367825057006, 4.979734142188136, 0.06090211745436136, 4.623237860366089, 0.1268645959096375, 0.0016562422317747405, 1.147206301489632, 0.21120361317753122, 0.23622985007250463, 0.4767911755559453, 1.1341156929033787, 76.05670712562073, 533.0698343759698, 531.1638454217054, 68.979324712368, 0.45836797958133957, 0.28124541646218404, 0.2860804820413705, 0.0923737894606802, 0.04232754490612933, 2.987995616470812, 0.26963999876807065, 0.20390844249470774, 0.010905040968623325, 3.4252496728456663, 0.486421790575605, 0.016238697179346673, 0.23356478671541936, 154.48741711846105, 530.6912791710217, 175.29662336597698, 2.807819992139912, 2.563446143353076, 1.2714830486997926, 3.8602138810301767, 7.612435048233465, 2.632808465854623, 9.14816294813454, 0.4606368225854567, 2.83353876998558, 0.45071103963607584, 34.5867406105624, 178.72353656705207, 64.34847798273586, 0.36075305201495667, 0.829269531383261, 0.0015209931556228184, 0.1485995392941959, 3.590861614040932, 0.14859953929430958, 7.403469017523548, 0.865270513984342, 3.009004933569827, 1.5187561232648932, 6.9672658561646585, 1.8895655925286974, 9.760488316220858, 0.006045996996135727, 6.48495735552217, 4.4374227022588, 0.07757230802951653, 2.9445719279221976, 2.26282633104438, 76.13687610303668, 196.15075576292747, 52.499969498126575, 0.6975775475400496, 0.013947782390914654, 0.02190428372534825, 0.9043386203454702, 0.6695864318558051, 0.018115028334136696, 0.13931716140996286, 1.015711928558403, 2.252037081688968, 0.007795394434197078, 2.163590956767166, 1.1752113467309755, 48.08967235861087, 182.49727234449813, 57.843222155372814, 1.2412345956881836, 0.38306671817940696, 0.09598739664261302, 0.5674607222289296, 0.08336291755244929, 0.45632110668657333, 0.0033116783714604026, 0.4825842308105166, 0.5674607222290433, 0.6903699109775516, 43.28371241791933, 181.337492876552, 39.36164660861925, 0.2277861653118407, 0.083571855838386, 0.002772425035118431, 0.083571855838386, 0.24656507313125076, 0.06806249492831284, 0.06787433784495533, 2.0475939380602313, 24.06383185552886, 33.928220228186774, 2.762246899027218, 1.9636917826530862, 0.16611621559627565, 1.3760458846601296, 0.9879953673271302, 0.1484868415514029, 0.17703773965899927, 0.04954344741076966, 0.7326715196124951, 0.31943333389028794, 0.6944966936598576, 0.09780572979684621, 1.3170483679330118, 1.0980259039290559, 1.1541183001060062, 1.0984014412224496, 2.289193905823595, 0.1951818209731755, 3.457917810057552, 1.5529611999161261, 0.5278329596940239, 1.2875800003664608, 6.824495832309481, 8.22202066028649, 0.9683778279159014, 0.6617969013979064, 0.0010431049714725305, 0.17666320220996568, 0.004159251774353834, 0.501203846927524, 0.004159251774467521, 1.5211023313100895, 0.17855181335460202, 1.2944954294466697, 0.017068013723815056, 0.6533954908846908, 0.01692191211725458, 0.15262755685262164, 0.20338247584720648, 0.10354727815786191, 0.02543334622657767, 0.049849568952140544, 0.37265177066774413, 1.8173907392744013, 3.1261350162131976, 59.02847194763558, 127.2556692884367, 57.170329166276815, 10.91606070470516, 0.6066781410687554, 5.377513438741175, 0.35300967052307897, 2.5271599545558274, 1.483196347294097, 1.7809470231966316, 0.012289702332736852, 0.11071983816964348, 4.256759322569451, 1.874832735967857, 7.058899911624508, 1.5288407218852171, 0.7791309610304324, 0.02416089124244536, 0.3672597704146483, 0.653259697378644, 0.16710374625745317, 0.5349268179185174, 17.609542039847838, 274.78762431616155, 407.3366406963437, 85.06655969227018, 1.5707084968209983, 27.628726312771278, 10.63176707211528, 3.7869742017451244, 11.913475519203757, 0.8765020305390863, 0.8393108941945684, 5.141546719984262, 3.8611456913379243, 5.690085983167364, 5.595598393475029, 1.5228045833912347, 3.2949820049173013, 1.3972670658747575, 1.0847506792038075, 1.2253447444261383, 0.014370709942113535, 0.6925316309684604, 1.9897686516551403, 4.034449965317435, 3.23762004832588, 121.85707955969337, 482.0819984903312, 168.44647416237513, 2.1086108420856817, 1.6428269298555733, 0.16048448708454544, 6.036574193987462, 0.06742149793353747, 8.229537659076868, 1.4832695481871951, 0.5597150866454967, 1.3707979480777794, 0.020659111311829292, 0.8191194909835531, 0.14605477395912203, 0.014456762599365902, 1.701596398868105, 0.5282696563249374, 0.9414422277715175, 0.014896552034656452, 1.3622818502125256, 0.02923284543646787, 0.5740529413676541, 4.022477013106936, 6.659119427657174, 1.0267624265824224, 0.05152028281440835, 0.27069097492881156, 0.2678828641655855, 0.04114522309350832, 0.06089358465430905, 0.3403826476917402, 0.37421163217072717, 0.9393026717582416, 0.2961383452732207, 7.063336828734236, 69.94126070887592, 73.48004687777825, 10.734123264890968, 0.5357951146911546, 0.1347020401149166, 0.0009087056623684475, 0.8565991100698511, 3.0295725892623295, 2.06227335556207, 3.8485920160520664, 250.58440314112158, 927.5362272326736, 391.6417158859449, 15.76423690774891, 0.4558971449911269, 0.0008264156231234665, 0.26811321679429057, 0.04635412697882657, 0.13954285680233625, 0.0002053013686236227, 0.016782646745923557, 0.9921401764528355, 0.053123083606465116, 1.6802125179331142, 0.3302813153148918, 0.11776746749933409, 0.0995176681939256, 1.1753065794530357, 1.0882107648319561, 0.12171856690838467, 1.4772608112668877, 0.38496287004704755, 0.5405799248679841, 0.08285929926512381, 0.17563706513260513, 0.11062441437957204, 1.059026743722825, 8.775889060779946, 0.7631240060393338, 0.023213091731122404, 1.3270850231756413, 0.30877914283610153, 1.4933282880663228, 0.5526409303715809, 0.28581987747429594, 0.22833409953182127, 1.3833221058034724, 0.8682945169844061, 0.66268561227389, 0.8702398909308613, 0.09905937784856178, 1.70779530946038, 6.335487668085079, 0.3701304789949518, 7.18589392701756, 0.5178038867863961, 0.3459667086292484, 195.20389237542622, 1332.8196059346403, 513.1246957243316, 0.04226787665788834, 1.1074553059720529, 0.2768303569739601, 0.303965196515378, 0.05347540904335801, 0.7021697407365082, 0.0008292184364790955, 22.445916062527203, 100.56563356781032, 45.79934502202275, 3.812351584619819, 0.14506465848398875, 2.38038133697205, 2.07618413892817, 6.134857250365144, 0.150846596090787, 3.3050052172593496, 0.9804485807941319, 0.18318952962647472, 1.2972478591246954, 69.53128775174469, 899.4191138314509, 1241.6699034135395, 207.37368547578262, 0.323657319364429, 11.80439832153911, 24.250540365424058, 0.9979276325832416, 0.02617633879708592, 0.5523573364393997, 0.026176338796858545, 0.11237068004106732, 2.43890555007124, 5.243837902172345, 0.772664210892799, 2.109171037148826, 0.2700677198422454, 4.838192125510886, 0.008201025134439988, 0.36002111994093866, 0.9278128160763117, 2.58195845186151, 2.2749270302963396, 0.7678542183414265, 0.4632847392911117, 0.7010142587419068, 2.01463932996694, 0.13329671458905068, 2.967037974683535, 0.013819481719792748, 114.5033012809165, 1102.0740083420642, 1066.8783630960634, 133.12284017055072, 0.923032431626666, 4.092358222365988, 3.650062679235816, 1.22154363804259, 1.6356934327841373, 0.47424191724826414, 0.20809323772164134, 0.48327210338356963, 1.517986362688589, 0.1378862952020654, 2.2844929456975933, 1.4935015991800356, 2.437793063647746, 1.4935015993074785, 1.387128921714634, 0.6010220773008541, 0.11162952046936425, 1.0947038893684748, 18.225040579433198, 292.1418607973483, 359.9490706120396, 36.14123665500347, 58.05698674203586, 573.658557443887, 848.1094503444319, 156.44850486810458, 51.51810631893022, 1086.9518022929403, 1638.1938064976223, 194.7957326426772, 0.34291325359174607, 0.10976997151317391, 0.5847402132881143, 2.0118915495340843, 0.2854663027628703, 0.6927011296849059, 0.08777971711333521, 0.010984371642962287, 2.839835350006979, 0.5016029609480483, 0.06693524545107721, 0.3822555567364816, 0.008291436299373345, 17.150019619175055, 35.22290718024635, 8.680966345452362, 0.010077299153408603, 0.1769705349556716, 0.6806714885722158, 0.25521550221697, 0.0, 0.33413479433511384, 1.3985393907344132, 0.018644537841737474, 3.2639205451838507, 0.2947370977974515, 0.7727432022371659, 0.01028147513602562, 1.7253846129486874, 0.7330362757405737, 0.2516414187814462, 4.800954952424604, 4.957693403207713, 3.263920545184078, 4.662926524486693, 1.618663024674106, 0.12546299267194172, 90.03727261851168, 843.5602979788083, 524.6502097917657, 7.539157929415978, 0.5231514522073439, 8.111273845538562, 1.2566810962355248, 7.437440646443292, 2.7742354073425304, 0.13979067166440018, 0.9754235925034891, 0.6464731974598408, 0.0427834242091194, 2.151271466721255, 0.5864780979947, 1.8727601418709128, 5.019194863420921, 1.2056229940644698, 3.233297532888969, 1.2444824000098151, 0.20853908383833186, 356.6845237805362, 1725.7223835698037, 1058.404359797139, 97.26797013281066, 0.34328969083458105, 0.34237237256957087, 0.034606433221370025, 1.6606178770531415, 0.22016190849694794, 0.5125649815613542, 0.7948448640229344, 0.3280129740663824, 0.18040240184996037, 0.13202067666793482, 0.012732599066794137, 0.10617263348331107, 0.3025350963920346, 131.65602048836922, 879.5561663826004, 493.86621990202593, 19.98194389136779, 0.20016818008321025, 0.5150856072883698, 166.24983775266742, 749.9303705284219, 339.9339904797514, 10.770164644250144, 0.7276343710852871, 0.11360984498219295, 0.32466814063332095, 2.5394582543324304, 0.828256992396291, 1.1022626692893027, 2.386711891680079, 0.8017483804062522, 0.02443848286611683, 0.08982665300777626, 0.24391237052850556, 0.2821577491840799, 1.2502475687201695, 0.3965868487100579, 0.01042508612772508, 0.05891746127258557, 0.9549173698517279, 0.5918036169912284, 0.44894290353772703, 0.8725107638592817, 7.174164951810553, 56.116994068842814, 151.06729861305212, 35.65288547228977, 0.4629200230596098, 1.0395994447945895, 0.05183308848290835, 0.02164228657898093, 1.8574298213184193, 61.95350667763137]
theta_global: 1000
window_size: 80, overlap: 0.5, threshold: 13.172413793103448
