125 
225 
325 
400 
475 
625 
675 
800 
850 
1000 
1400 
1550 
1700 
1775 
1825 
1900 
1950 
2025 
2125 
2225 
2350 
2425 
2475 
2550 
2600 
2675 
2725 
2800 
2850 
2900 
2950 
3000 
3050 
3125 
3350 
3400 
3575 
3650 
3825 
3875 
3925 
3975 
4075 
4150 
4200 
4250 
4400 
4475 
4625 
4700 
4750 
4850 
4925 
4975 
5050 
5125 
5175 
5525 
5575 
5725 
5800 
5850 
5900 
6000 
6200 
6250 
6300 
6350 
6425 
6475 
6550 
6675 
6775 
6825 
6900 
7000 
7150 
7200 
7275 
7475 
7525 
7575 
7625 
7675 
7750 
7825 
7900 
7950 
8000 
8300 
8375 
8525 
8750 
8800 
8950 
9000 
9075 
9175 
9225 
9350 
9400 
9500 
9575 
9625 
9700 
9775 
9950 
10000 
10125 
10600 
10650 
10875 
10925 
10975 
11100 
11325 
11500 
11550 
11600 
11675 
11750 
11875 
11950 
12600 
12925 
13000 
13175 
13250 
13300 
13350 
13700 
13850 
13900 
13950 
14025 
14075 
14225 
14300 
14550 
14650 
14725 
15075 
15175 
15250 
15350 
15400 
15575 
16400 
16800 
16850 
16925 
17025 
17075 
17325 
17375 
17525 
17575 
17625 
17675 
17800 
17850 
17900 
17975 
18050 
18100 
18200 
18250 
18350 
18400 
18500 
18675 
18725 
18850 
18900 
19025 
19075 
19125 
19200 
19275 
19350 
19700 
19750 
19825 
19875 
19975 
20150 
20200 
20350 
20475 
20525 
20600 
20675 
20725 
20775 
22150 
22200 
22250 
22300 
22375 
22475 
22525 
22575 
22650 
22775 
22825 
22875 
22950 
23050 
23100 
23200 
23325 
24700 
24775 
24925 
25800 
25850 
25900 
25975 
26050 
26150 
26325 
26500 
27100 
27200 
27250 
27500 
27650 
27750 
27925 
27975 
28025 
28075 
28125 
28325 
28375 
28500 
28550 
28825 
29275 
29425 
29925 
30025 
30125 
30175 
30300 
30400 
30450 
30500 
30650 
30700 
30750 
30900 
31000 
31050 
31125 
31175 
31225 
31275 
31325 
31575 
31625 
31675 
31900 
31975 
32025 
32075 
32125 
32175 
32225 
32625 
32675 
32775 
32825 
32900 
33000 
33050 
33300 
33600 
33725 
34050 
34200 
34275 
34375 
34750 
34850 
35050 
35200 
35250 
35300 
35375 
35425 
35475 
35525 
35600 
35750 
35825 
35900 
35950 
36000 
36075 
36125 
36175 
36225 
36275 
36325 
36400 
36450 
36525 
36600 
37350 
37425 
37575 
37650 
37700 
37750 
37925 
37975 
38025 
38075 
38150 
38350 
38450 
38525 
38600 
38650 
38725 
38800 
38925 
39025 
39125 
39300 
39375 
39425 
42750 
42875 
42975 
43100 
43150 
43225 
43975 
44025 
44200 
44250 
44325 
44450 
44500 
44550 
44625 
44750 
44800 
44850 
44925 
45075 
45200 
45450 
45550 
45650 
45825 
46000 
46050 
46125 
46175 
46250 
46350 
47200 
47300 
47350 
48375 
48900 
48975 
49025 
49125 
50275 
50475 
50575 
50850 
51150 
51275 
51475 
51600 
51775 
53025 
53125 
53175 
53275 
53350 
53400 
53500 
53600 
53725 
53800 
53850 
54175 
54300 
54450 
54625 
54675 
54800 
55200 
55275 
55375 
55425 
55475 
55675 
55775 
55825 
55875 
56025 
56225 
56275 
56325 
56375 
56500 
56550 
56700 
56750 
56800 
56850 
56975 
57075 
57125 
57225 
57275 
57325 
57375 
57450 
57700 
57750 
57825 
57925 
58000 
58100 
58175 
58225 
58275 
58350 
58425 
58500 
58550 
58625 
58675 
58775 
58875 
59000 
59075 
59975 
60075 
60300 
60375 
60425 
60525 
60575 
60725 
60775 
61500 
61550 
61650 
61700 
61950 
62675 
62750 
62875 
62975 
63050 
63100 
63175 
63375 
63425 
63700 
63800 
64025 
64175 
64225 
64300 
64450 
64625 
64725 
65100 
65725 
66025 
66075 
66125 
66175 
66225 
66400 
66525 
66575 
66650 
66700 
66925 
66975 
67075 
67125 
67475 
67575 
67650 
67950 
68075 
68125 
68175 
68400 
68450 
68500 
68575 
68625 
68675 
68775 
68875 
68950 
69025 
69150 
69275 
69350 
69450 
69550 
69800 
69900 
69950 
70025 
70225 
70300 
70350 
70400 
70550 
70600 
72275 
72325 
72525 
72575 
72675 
72850 
72900 
73000 
73075 
73125 
73275 
73350 
73650 
73700 
73850 
74025 
74100 
74175 
74225 
74275 
74375 
74450 
74550 
74625 
74925 
74975 
75200 
75250 
75425 
76550 
76600 
76650 
76875 
77275 
77350 
77425 
77550 
77600 
77700 
77950 
78050 
78100 
78150 
78200 
78350 
78425 
78675 
78725 
78800 
78875 
78925 
79000 
79050 
79125 
79175 
79275 
79325 
80250 
80300 
80350 
80600 
80650 
80700 
80775 
80925 
81025 
81075 
81125 
81200 
81250 
81375 
81450 
81500 
81675 
81725 
81850 
81900 
81975 
82125 
82200 
82250 
82325 
82400 
82450 
82500 
82600 
82675 
82775 
82850 
82900 
82950 
83000 
83175 
83475 
83550 
83600 
83675 
83750 
83850 
83900 
84000 
84050 
84100 
84200 
84275 
84325 
84400 
84475 
84600 
85025 
85075 
85300 
85375 
85475 
85600 
85650 
85750 
85800 
86075 
86175 
86225 
86325 
86400 
86450 
86500 
86550 
86750 
86825 
86875 
86950 
87000 
87150 
87300 
87375 
87600 
87675 
87725 
87775 
87825 
87875 
89300 
89350 
89400 
89450 
89525 
89625 
89675 
89800 
89850 
89900 
89950 
90050 
90100 
90150 
90200 
90275 
90325 
90450 
90525 
91650 
91750 
91900 
91975 
92025 
92175 
92225 
92275 
92350 
92525 
92575 
92650 
92700 
92800 
92875 
92950 
93000 
93075 
93250 
93300 
93350 
93400 
93450 
93600 
93650 
93700 
93750 
93800 
94375 
94425 
94500 
94575 
94625 
94975 
95075 
95500 
95625 
95775 
95850 
95925 
95975 
96200 
96275 
96325 
96425 
96575 
96625 
96775 
97025 
97175 
97225 
97275 
97450 
97500 
97625 
97700 
97750 
97825 
97875 
98000 
98050 
98100 
98350 
98850 
99325 
99375 
99500 
99675 
99925 
99975 
100025 
100075 
100125 
100175 
100300 
100375 
100525 
100650 
100700 
100900 
100975 
101050 
101200 
101350 
101400 
101475 
101600 
101650 
101775 
101850 
101900 
102025 
102075 
102125 
102175 
102225 
102325 
102575 
102650 
102750 
102800 
102875 
103000 
103275 
103425 
103475 
103550 
103700 
103800 
103975 
104075 
104175 
104250 
104300 
104375 
104575 
104675 
104900 
105025 
105125 
105175 
105225 
105300 
105375 
105650 
105800 
105950 
106050 
106225 
106375 
106475 
107225 
107400 
107450 
107500 
107550 
107600 
107850 
108000 
108075 
108250 
108450 
108500 
108700 
108800 
108900 
108950 
109125 
109200 
109275 
109325 
109425 
109475 
109525 
109625 
109725 
109775 
109875 
110000 
110075 
110275 
110325 
110400 
110550 
110600 
110675 
110750 
110850 
111000 
111075 
111150 
111250 
111375 
111450 
111550 
111600 
111650 
111725 
111825 
111875 
111950 
112050 
112125 
112275 
112350 
112650 
112700 
112750 
112850 
112900 
112975 
113050 
113150 
113325 
113375 
113525 
113575 
113675 
115225 
115275 
115450 
115600 
115675 
115725 
115775 
115850 
115950 
116075 
116125 
116175 
117050 
117100 
117150 
117225 
117300 
117350 
117400 
117450 
117600 
117675 
117725 
118250 
118450 
119275 
119325 
119500 
119725 
120100 
120200 
120275 
120400 
120450 
120500 
120550 
120600 
120800 
120850 
120975 
121025 
121100 
121225 
121300 
121350 
121425 
121475 
121550 
121600 
121725 
121775 
123175 
123250 
123475 
123575 
123675 
123725 
124025 
124075 
124175 
124225 
124400 
124500 
124550 
124625 
124675 
124775 
124825 
124875 
124925 
125050 
125150 
125225 
125375 
125450 
125800 
125850 
125950 
126000 
126100 
126200 
126250 
126300 
126400 
126500 
126600 
126775 
127050 
127125 
127225 
127300 
127375 
127425 
127625 
127675 
127750 
127975 
128025 
128500 
128575 
128625 
128675 
128725 
128900 
129175 
129975 
130125 
130175 
130250 
131425 
131575 
131625 
131700 
131750 
131875 
131925 
132925 
133050 
133175 
133250 
134200 
134300 
134475 
134550 
134800 
134925 
135050 
135400 
135450 
135600 
135700 
135800 
135975 
136050 
136175 
136375 
137875 
138025 
138075 
138150 
138250 
138325 
138450 
138525 
138625 
138875 
138925 
139125 
139175 
139225 
139300 
139375 
139500 
139550 
139675 
139775 
139850 
139900 
139950 
140025 
140225 
140275 
140400 
140500 
140575 
140625 
140700 
140750 
140800 
140925 
140975 
141025 
141075 
141125 
141250 
141325 
141400 
141450 
141575 
141825 
142275 
142500 
142625 
142700 
142750 
142800 
142850 
142925 
143900 
143950 
144000 
144050 
144150 
144250 
144325 
144400 
144450 
144550 
144650 
144750 
144800 
144875 
144925 
145000 
145075 
145125 
145175 
145250 
145300 
145475 
145525 
145825 
145950 
146000 
146950 
147150 
147350 
147425 
147525 
147850 
147925 
148000 
148250 
148525 
148600 
148700 
148750 
148800 
148850 
148925 
148975 
149075 
149150 
149275 
149350 
149450 
149500 
149600 
149650 
149800 
149925 
149975 
150075 
151025 
151075 
151175 
151225 
151275 
151325 
151400 
151475 
151550 
151650 
151700 
151775 
151850 
151900 
151950 
152000 
152050 
152125 
152175 
152250 
152325 
152450 
152625 
152700 
152875 
152925 
153025 
153075 
153175 
153275 
153325 
153400 
153475 
153550 
154350 
154550 
154600 
154725 
154775 
154900 
155100 
155300 
155600 
155650 
155725 
156225 
156475 
156600 
156650 
156775 
156825 
156900 
156950 
157025 
157125 
157175 
157300 
157350 
157400 
157550 
157850 
157925 
157975 
158050 
158100 
158200 
158250 
158325 
158425 
158475 
158675 
159000 
159050 
159100 
159350 
159475 
159525 
159650 
159775 
160250 
160300 
160375 
160650 
160700 
160750 
161075 
161125 
161300 
161375 
161525 
162975 
163100 
163150 
163200 
163325 
163375 
163450 
163500 
163625 
163675 
163825 
163925 
164000 
164100 
164175 
164225 
164575 
164625 
164725 
164775 
164825 
164975 
165175 
165225 
165350 
165400 
165500 
165550 
165625 
165700 
165800 
165850 
165900 
166125 
166225 
166275 
167100 
167150 
167200 
167325 
167400 
167550 
167600 
168025 
168100 
168150 
168225 
168300 
168475 
168725 
168850 
168925 
168975 
169075 
169125 
169375 
169425 
169475 
169525 
169600 
169675 
169725 
169850 
170000 
170100 
170200 
170275 
170325 
170425 
170575 
170675 
170800 
170875 
170925 
171100 
171175 
171850 
172175 
172300 
172525 
172625 
172675 
172775 
172875 
172925 
173000 
173050 
173150 
173200 
173375 
173500 
173550 
173600 
173650 
173775 
174050 
174100 
174150 
174200 
174275 
174400 
174500 
174550 
174600 
174725 
174875 
174975 
175050 
175100 
175950 
176025 
176075 
176175 
176225 
176325 
176400 
176450 
176500 
176550 
176600 
176725 
176825 
176875 
176950 
177000 
177050 
177175 
177250 
177550 
177600 
177650 
177725 
177800 
178050 
178275 
178325 
178400 
178525 
178600 
178700 
178900 
178950 
179075 
179200 
179275 
179325 
179375 
179575 
179625 
179675 
179725 
179850 
179925 
181200 
181250 
181375 
181425 
181500 
181725 
181775 
181850 
181925 
181975 
182025 
182150 
182225 
182275 
182525 
182650 
183050 
183125 
183200 
183275 
183325 
183375 
183475 
183650 
183875 
183925 
184000 
184075 
185025 
185100 
185150 
185300 
185375 
185500 
185550 
185950 
186000 
186125 
186175 
186225 
186325 
186400 
186475 
186575 
186650 
186750 
186925 
187225 
187300 
187400 
187450 
187500 
187650 
187725 
187775 
188100 
188150 
188425 
188475 
188550 
188600 
188650 
188825 
188900 
189050 
189125 
189300 
189350 
189450 
189500 
189550 
189625 
189675 
189800 
189850 
189900 
189950 
190075 
190225 
190875 
190975 
191025 
191100 
191150 
191225 
191275 
191325 
191375 
191450 
191625 
191700 
191750 
191875 
191925 
191975 
192025 
192100 
192150 
192250 
192300 
192500 
192575 
192625 
192675 
192725 
192825 
192900 
193025 
193200 
193350 
193775 
193850 
193925 
193975 
194025 
194125 
194200 
194325 
194375 
194425 
194525 
194650 
194700 
195425 
195475 
195550 
195650 
195700 
195775 
195900 
195975 
196025 
196100 
196150 
196400 
196525 
196575 
196625 
196700 
196750 
196800 
196925 
197000 
197050 
197175 
197450 
197575 
197625 
197675 
197750 
197800 
197850 
197900 
197950 
198025 
198150 
198225 
198275 
198375 
198450 
198500 
198550 
198600 
198650 
198750 
198850 
198900 
198950 
199075 
199150 
199500 
199575 
199725 
199800 
199875 
199950 
200000 
200075 
200150 
200250 
200325 
200375 
200425 
200775 
200875 
200925 
200975 
201050 
201100 
201150 
201450 
201575 
201625 
201675 
201725 
201875 
201925 
202075 
202225 
202275 
202325 
202375 
202500 
202550 
202725 
202825 
202900 
202950 
203025 
203825 
203975 
204200 
204500 
204575 
204650 
204700 
204800 
204975 
205025 
205150 
205275 
205350 
205400 
205475 
205600 
205700 
205750 
205800 
205900 
206075 
206125 
206175 
206275 
206325 
206450 
206600 
207175 
207225 
207300 
207375 
207525 
207650 
207800 
208150 
208275 
208400 
208450 
208625 
208725 
208775 
208850 
208925 
208975 
209125 
209175 
209275 
209350 
209400 
209450 
209500 
209550 
209675 
209750 
209925 
210000 
210125 
210275 
210325 
210375 
210425 
210550 
210625 
210700 
210825 
210900 
210950 
211050 
211175 
211225 
211275 
211350 
211825 
211875 
212000 
212275 
212425 
212475 
212550 
212625 
212675 
212750 
212825 
212925 
212975 
213200 
214000 
214075 
214125 
214225 
214275 
214375 
214475 
214550 
214600 
214650 
214700 
214750 
214800 
215000 
215050 
215100 
215150 
215250 
215325 
215400 
215450 
215500 
215550 
215600 
216025 
216075 
216125 
216175 
216225 
216775 
216850 
217025 
217150 
217200 
217250 
217325 
217425 
217475 
217850 
217975 
218075 
219075 
219125 
219250 
219450 
219600 
219675 
219725 
219850 
219975 
220050 
220275 
220375 
220425 
220575 
220725 
220775 
220825 
220975 
221025 
221075 
221150 
221200 
221300 
221375 
221475 
221700 
221800 
221850 
221900 
221975 
222075 
222200 
222250 
222675 
222750 
222825 
222925 
223050 
223100 
223175 
223500 
223575 
223650 
223700 
223750 
223800 
223850 
224075 
224125 
224175 
224325 
224425 
224600 
224650 
224775 
224825 
225075 
225200 
225250 
225300 
225400 
225450 
225550 
225825 
226075 
226125 
226250 
226325 
226375 
226500 
226550 
226625 
226700 
226875 
226925 
226975 
227100 
227175 
227350 
227400 
227575 
227625 
227750 
227950 
228100 
228150 
228225 
228300 
228350 
228475 
228550 
228625 
228950 
229000 
229075 
229250 
229325 
229450 
229550 
229875 
229925 
230000 
230050 
230275 
230350 
230450 
230500 
230550 
230600 
230725 
230800 
230850 
230975 
231050 
231100 
231200 
231350 
231575 
231775 
232275 
232375 
232475 
232575 
232650 
232725 
232825 
232900 
232950 
233025 
233100 
233200 
233375 
233425 
233475 
233525 
233575 
233625 
233675 
233850 
233900 
234275 
234475 
234525 
234650 
234700 
234825 
234875 
234925 
235075 
236675 
236750 
238400 
238450 
238500 
238550 
238650 
238725 
239000 
239050 
239125 
240000 
240075 
240250 
240425 
240475 
240800 
241000 
241075 
241325 
241375 
241425 
241500 
241550 
242800 
242850 
242900 
242950 
243050 
243100 
243175 
243250 
243300 
243425 
243500 
243575 
244425 
244500 
244550 
244650 
244775 
244850 
244900 
244950 
245075 
245125 
245200 
245300 
245350 
245425 
245525 
245600 
245650 
245700 
245825 
246125 
246300 
246375 
246475 
246525 
246575 
246625 
246675 
246800 
246850 
247025 
247075 
247150 
247250 
247300 
247350 
247400 
247600 
247650 
247700 
247750 
247800 
247950 
248050 
248300 
248425 
248575 
248625 
248700 
249375 
249525 
249575 
249725 
249800 
249900 
250025 
250075 
250225 
250275 
250350 
250525 
250650 
250750 
250800 
250850 
250925 
250975 
251175 
251250 
251300 
251400 
251450 
251500 
251575 
251625 
251850 
251925 
251975 
252050 
252125 
252225 
252275 
252350 
252400 
252525 
252575 
252625 
252675 
252750 
252975 
254500 
254650 
254700 
254750 
254850 
254900 
255175 
255475 
255625 
255700 
255825 
256175 
256225 
256275 
256625 
256800 
256875 
256950 
257100 
258025 
258075 
258150 
258225 
258325 
258550 
258600 
258700 
258750 
258825 
258900 
259075 
259175 
259225 
259350 
259400 
259500 
259550 
259650 
259700 
259800 
259875 
259975 
260050 
260125 
260325 
260575 
260925 
261000 
261100 
261150 
261200 
261350 
261450 
261550 
261625 
261775 
261825 
261875 
261925 
262450 
262675 
262750 
262850 
262950 
263050 
263100 
263225 
263300 
263375 
265275 
265625 
265725 
265775 
265825 
265900 
266025 
266075 
266200 
266250 
266325 
266500 
266600 
266700 
266825 
266875 
266975 
267025 
267200 
267250 
267300 
267350 
267425 
267525 
267600 
267675 
267725 
267800 
267850 
267900 
268050 
268100 
268300 
268375 
268425 
268575 
268650 
268700 
268850 
268900 
268950 
269025 
269150 
269375 
269425 
269500 
269875 
270000 
270050 
270100 
270275 
270350 
270575 
270625 
270850 
270900 
270950 
271050 
271100 
271200 
271250 
271325 
271375 
271450 
271525 
271625 
271700 
271800 
271850 
271950 
272000 
272075 
272125 
272175 
272375 
272525 
272575 
272625 
272700 
272800 
272850 
272925 
272975 
273025 
273225 
273300 
273350 
273425 
273525 
273575 
273625 
273750 
273800 
273925 
273975 
274025 
274075 
274150 
274200 
274300 
274425 
274475 
274600 
274675 
274725 
274825 
274875 
274950 
275050 
275100 
275175 
275275 
275325 
275375 
275425 
275550 
275625 
275700 
275750 
275900 
275975 
276200 
276300 
276375 
276425 
276475 
276525 
276700 
276750 
276825 
276950 
277125 
277175 
277550 
277650 
277700 
277825 
277900 
277950 
278050 
278275 
278375 
278450 
278525 
278575 
278625 
278725 
278775 
278900 
278950 
279000 
279175 
279325 
279500 
279550 
279600 
279675 
279825 
279925 
280025 
280125 
280200 
280250 
280300 
280525 
280625 
280700 
280800 
280950 
281000 
281075 
281150 
281200 
281250 
281300 
281425 
281525 
281650 
281775 
281950 
282425 
282475 
282525 
282950 
283025 
284750 
284850 
284950 
285075 
285125 
285200 
285275 
285325 
285400 
285450 
285525 
285675 
285750 
285925 
286000 
286050 
286100 
286250 
286300 
286350 
286650 
287075 
287175 
287225 
287375 
287425 
287575 
287650 
287725 
287775 
287875 
287975 
288025 
288075 
288225 
288275 
288350 
288400 
288650 
288725 
289050 
289100 
289150 
289300 
289350 
289400 
289475 
289525 
289575 
289725 
289775 
289850 
290000 
290200 
290250 
290375 
290425 
290500 
290550 
290600 
290675 
290825 
290900 
291150 
291250 
291325 
291625 
291800 
291950 
292025 
292100 
292150 
292275 
292400 
292500 
292600 
292725 
292800 
292925 
292975 
293050 
294000 
294125 
294175 
294225 
294350 
294425 
294475 
294600 
294675 
294825 
294900 
294950 
295050 
295125 
295175 
295225 
295300 
295350 
295475 
295575 
295725 
295950 
296500 
297600 
297675 
297725 
298000 
298075 
298125 
298275 
298325 
298400 
298550 
298675 
298750 
298825 
298875 
298925 
299225 
299300 
299350 
299500 
299675 
299725 
299825 
299875 
299950 
300025 
300075 
300425 
300475 
300550 
300600 
300700 
300875 
301075 
301125 
301250 
301300 
301525 
301725 
301800 
301850 
301900 
301950 
302025 
302075 
302150 
302225 
302325 
302850 
302925 
303125 
303200 
303250 
303300 
303425 
303475 
303700 
303775 
303950 
304125 
304275 
304375 
304425 
304475 
304575 
305175 
305250 
305575 
305625 
305750 
305875 
306125 
306175 
306225 
306300 
306725 
306800 
306850 
307075 
307200 
307375 
307425 
307500 
307550 
307600 
307650 
307725 
307775 
307825 
307900 
307975 
308025 
308075 
308200 
308350 
308400 
308475 
308550 
308750 
308850 
308900 
308950 
309000 
309050 
309100 
309175 
309225 
309350 
309400 
309650 
309725 
309800 
309875 
310150 
310275 
310325 
310375 
310450 
310500 
310725 
310800 
311625 
311700 
311750 
311800 
311850 
311925 
311975 
312075 
312175 
313850 
313925 
313975 
314025 
314125 
314175 
314275 
314500 
314600 
315125 
315350 
315500 
315550 
315600 
315650 
315700 
315800 
315900 
316200 
316250 
316325 
316375 
316550 
316650 
316800 
316975 
317075 
317125 
317175 
317250 
317300 
317475 
317550 
317625 
317675 
317725 
317800 
318050 
318100 
318275 
318450 
318500 
318575 
318625 
318725 
318800 
318875 
318950 
319100 
319150 
319400 
319600 
319675 
319825 
320025 
320125 
320225 
320275 
320350 
320525 
320700 
320825 
320875 
320950 
321025 
321075 
321125 
321175 
321250 
321325 
321525 
321600 
321800 
322725 
322800 
322875 
322925 
322975 
323050 
323425 
323475 
323525 
323600 
323650 
323775 
323825 
323875 
323950 
324025 
324175 
324250 
324300 
324375 
325575 
325750 
326300 
326350 
326425 
326550 
326600 
326650 
326725 
326775 
326825 
326950 
327000 
327150 
327225 
327300 
327425 
327475 
327525 
327700 
327850 
328000 
328075 
328325 
328425 
328550 
328600 
328775 
328825 
328925 
329050 
329175 
329325 
329450 
329575 
329625 
329850 
329900 
330050 
330150 
330250 
330375 
330500 
330550 
330600 
330650 
331000 
331100 
331150 
331225 
331300 
331400 
331550 
331600 
331700 
331750 
331800 
331875 
331975 
332025 
332100 
332150 
332200 
332250 
332300 
332400 
332775 
332825 
332900 
333000 
333150 
333225 
333275 
333825 
333925 
334000 
334050 
334100 
334150 
334275 
334325 
334425 
334500 
334650 
334850 
334975 
335075 
335200 
335275 
335325 
335425 
335675 
335750 
336200 
336300 
336350 
336525 
336575 
336700 
336750 
336825 
336950 
337025 
337175 
337575 
337625 
337700 
337800 
337900 
338175 
338250 
338350 
338450 
338500 
338600 
338675 
338775 
338875 
338975 
339100 
339150 
339225 
339325 
339475 
339675 
339800 
339850 
339900 
340000 
340075 
340225 
340325 
340375 
340575 
340650 
340725 
340775 
340850 
341050 
341200 
341250 
341350 
341425 
341475 
341675 
341750 
342050 
342200 
342300 
342450 
342500 
342575 
342650 
342725 
342850 
343050 
343100 
343150 
343200 
343275 
343325 
343525 
343675 
343875 
343925 
344050 
344100 
344200 
344250 
344525 
344600 
344825 
344950 
345000 
345175 
345225 
345275 
345325 
345375 
345450 
345625 
345675 
345850 
345900 
345950 
346025 
346100 
346600 
346675 
346775 
346850 
346950 
347000 
347075 
347225 
347300 
347350 
347475 
347600 
347775 
347825 
347975 
348050 
348350 
348400 
348450 
348500 
348575 
348650 
348725 
348775 
348825 
348900 
348975 
349025 
349125 
349275 
349550 
349600 
349650 
349700 
350000 
350175 
350225 
350300 
350350 
350400 
350475 
350525 
350575 
350625 
350850 
350900 
350950 
351050 
351125 
351600 
351875 
351950 
352000 
352125 
352200 
352350 
352400 
352550 
352600 
352675 
352775 
352825 
352950 
353000 
353050 
353225 
353275 
353550 
353650 
353750 
354475 
354525 
354700 
354800 
354875 
355225 
355325 
356025 
356075 
356125 
356250 
356300 
356350 
356425 
356475 
356525 
356625 
356725 
356800 
356875 
356975 
357275 
357550 
357900 
358100 
358225 
358325 
358550 
358625 
358700 
358750 
359675 
359950 
360000 
360050 
360150 
360225 
360275 
360425 
360475 
360600 
360700 
361175 
361800 
362125 
362200 
362250 
362825 
362875 
362925 
362975 
363100 
363150 
363200 
363450 
363550 
363625 
363675 
363775 
363825 
363900 
363950 
364275 
364325 
364900 
365025 
365075 
365125 
365175 
365475 
365900 
366175 
366250 
367925 
368125 
368200 
368250 
368300 
368400 
368525 
368725 
368825 
368900 
369025 
369100 
369150 
369375 
369800 
369850 
369900 
370275 
370325 
370425 
370550 
370625 
370675 
370750 
370850 
371500 
371600 
371725 
371875 
371925 
372025 
372175 
372750 
372825 
372875 
372950 
373000 
373050 
373100 
373150 
373250 
373450 
373600 
373675 
374350 
374550 
374650 
374775 
374950 
375025 
375075 
375125 
375175 
375225 
375275 
375500 
375625 
375700 
375750 
375800 
375850 
375900 
376100 
376150 
376275 
376325 
376550 
376625 
376850 
376950 
377025 
377325 
377375 
377475 
377525 
377725 
377825 
377875 
379425 
379475 
379525 
379575 
379800 
379900 
379950 
380150 
380375 
380425 
380475 
380675 
380750 
380825 
380875 
380925 
381100 
382075 
382475 
382525 
382900 
383000 
383075 
383125 
383175 
383250 
383300 
383350 
383400 
383450 
383500 
383550 
383675 
383900 
384200 
384275 
384325 
384500 
385350 
385425 
385725 
385825 
385875 
385925 
386025 
386075 
386175 
386350 
386475 
386575 
386925 
387000 
387075 
387125 
387200 
387250 
387400 
387450 
387525 
387875 
389000 
389175 
389225 
389275 
389350 
389450 
389500 
389550 
389600 
389750 
390500 
390550 
390700 
390900 
390975 
391025 
391100 
391150 
391225 
391350 
391400 
391950 
392000 
392325 
392400 
392575 
392675 
392800 
392850 
392975 
393025 
393075 
393175 
393400 
393725 
393875 
393925 
394000 
394050 
394100 
394275 
394325 
394400 
394825 
395200 
395500 
395700 
395750 
395975 
396125 
396225 
396300 
396350 
396425 
396550 
396625 
396675 
396750 
396900 
396950 
397025 
397075 
397150 
397225 
397275 
397325 
397425 
397525 
399300 
399400 
399475 
399525 
399600 
399675 
399750 
399850 
399900 
399975 
400200 
401275 
401350 
401450 
401550 
401600 
401675 
401800 
401900 
401950 
402050 
402150 
402250 
402300 
402450 
402525 
402575 
402650 
402700 
402800 
402900 
403000 
403075 
403400 
403450 
403850 
406000 
406075 
406150 
406300 
406500 
406750 
406850 
406950 
407125 
407200 
407250 
407325 
407425 
407475 
407525 
407625 
407700 
407775 
407875 
407925 
407975 
408025 
408125 
408200 
408275 
409100 
409175 
409275 
409525 
409575 
409675 
409750 
409800 
409875 
409925 
410150 
410225 
410425 
410500 
410600 
410700 
411025 
411125 
411275 
411325 
411400 
411500 
411600 
411650 
411700 
411800 
411850 
411900 
411950 
412000 
412050 
412100 
412400 
412550 
412650 
412775 
412925 
413025 
413100 
413200 
413300 
413350 
413400 
413500 
413675 
413850 
413900 
413950 
414000 
414075 
414125 
414175 
414225 
414275 
414350 
414450 
414500 
414800 
414900 
414975 
415300 
415375 
415425 
415525 
415575 
415625 
415675 
415725 
415875 
416100 
416150 
416225 
416275 
416325 
416450 
416550 
416700 
416775 
416825 
416975 
417075 
417775 
417975 
418850 
419025 
419100 
419250 
419350 
419400 
419525 
419600 
419725 
419800 
419875 
419925 
420375 
420425 
420475 
420550 
420825 
420925 
421800 
421875 
422025 
422550 
422650 
422750 
422900 
423025 
423200 
423425 
423475 
423575 
423750 
423850 
423900 
424025 
424100 
424150 
424275 
424325 
424400 
424575 
424675 
424750 
425925 
426025 
426425 
426500 
426850 
426900 
427000 
427050 
427125 
427200 
427250 
427300 
427375 
427425 
427475 
427525 
427675 
427725 
428300 
428425 
428550 
428600 
428675 
428875 
429025 
429075 
429225 
429325 
429375 
429450 
429500 
429550 
429650 
429725 
429825 
429875 
429975 
430275 
430375 
430425 
430525 
430600 
430725 
430775 
430900 
430975 
431025 
431125 
431175 
431225 
431350 
431525 
431600 
431850 
432275 
432375 
432475 
432675 
432900 
433000 
433100 
433175 
433275 
433350 
433550 
433850 
434125 
434225 
434275 
434325 
434425 
434500 
434750 
434800 
434875 
435050 
435100 
435150 
435250 
435725 
435850 
435900 
435975 
436500 
436575 
436650 
436850 
436925 
437225 
437275 
437325 
437375 
437425 
437500 
437600 
437650 
437775 
437825 
437875 
438050 
438125 
438200 
438300 
438375 
438475 
438525 
438600 
438650 
438750 
438875 
438950 
439000 
439175 
439225 
439400 
439475 
439650 
439925 
440175 
440225 
440275 
440325 
440575 
440625 
440725 
440875 
440925 
440975 
441175 
441425 
441475 
441550 
441625 
441675 
441750 
441875 
441975 
442175 
442225 
442275 
442325 
442375 
443200 
443275 
443350 
443575 
443925 
443975 
444025 
444275 
444375 
444425 
444625 
444725 
444825 
444900 
445075 
445175 
445250 
445325 
445450 
445500 
445575 
445650 
445700 
445750 
445800 
445925 
445975 
446175 
446225 
446275 
446325 
446525 
446575 
446875 
446975 
447275 
447450 
447500 
447550 
447600 
447850 
447900 
447975 
448275 
448400 
448500 
448550 
448650 
448750 
448825 
448950 
449100 
449150 
449225 
449325 
449400 
449525 
449650 
449700 
449775 
449925 
450575 
450675 
450750 
450875 
451075 
451175 
451275 
451350 
451550 
451625 
451750 
451800 
452025 
452275 
452500 
452650 
452775 
452850 
452900 
452975 
453275 
453875 
453925 
453975 
454050 
454125 
454225 
454425 
454475 
454525 
454600 
454650 
454975 
455050 
455100 
455250 
455325 
455400 
455500 
455600 
455650 
455700 
455775 
455825 
455900 
455975 
456100 
456175 
456225 
456350 
456425 
456550 
456700 
457050 
457100 
457150 
457350 
457400 
457950 
458050 
458100 
458375 
458475 
458575 
458650 
458725 
458775 
458825 
458875 
458975 
459025 
459200 
459250 
459325 
459425 
459500 
459550 
459725 
459800 
459850 
459925 
459975 
460025 
460075 
460125 
460225 
462275 
462325 
462400 
462475 
462550 
462875 
463075 
463150 
463200 
463275 
463400 
463450 
463500 
463600 
463675 
463750 
463825 
464000 
464825 
464875 
464950 
465025 
465125 
465175 
465375 
465425 
465550 
465600 
465700 
465800 
465850 
465900 
466125 
466525 
466575 
466750 
466850 
466950 
467050 
467200 
467925 
468000 
468050 
468100 
468250 
468350 
468425 
468525 
468575 
470100 
470600 
470675 
470775 
470875 
470975 
471025 
471375 
471425 
471475 
471675 
471775 
471825 
471875 
471925 
472225 
472350 
472450 
472575 
472625 
473275 
473400 
473475 
473525 
473575 
473625 
473675 
473725 
473775 
473900 
474175 
474225 
474400 
474450 
474525 
474575 
474750 
474825 
474900 
475000 
475200 
475275 
475400 
475450 
475575 
475625 
475700 
475775 
475825 
475925 
476050 
476125 
476175 
476275 
476450 
476600 
476800 
476875 
477050 
477100 
477150 
477300 
477375 
477450 
477500 
477600 
477675 
477725 
477775 
477825 
478075 
478150 
478200 
478300 
478500 
478675 
478775 
478850 
478900 
479525 
479575 
479650 
479800 
479850 
479900 
479975 
480025 
480075 
480200 
480250 
480550 
480600 
480650 
480700 
480750 
480950 
481200 
481275 
481400 
481475 
481525 
481775 
481825 
481875 
481925 
482000 
482150 
482250 
482425 
482475 
482650 
482775 
482900 
482975 
483025 
483075 
483150 
483200 
484100 
484150 
484425 
484500 
484550 
484625 
484825 
484875 
485050 
485100 
485150 
485575 
485775 
485925 
486125 
486175 
486250 
486300 
486375 
486425 
486600 
486725 
486775 
487025 
487175 
487225 
487325 
487400 
487450 
487700 
488250 
488300 
488400 
488450 
488525 
488575 
488650 
488725 
488800 
488900 
489075 
489175 
489225 
489300 
489950 
490000 
490050 
490125 
490275 
490350 
490550 
490600 
490675 
490750 
490825 
490875 
490950 
491000 
491125 
491175 
491225 
491300 
491350 
492050 
492175 
493275 
493350 
493400 
493500 
493575 
493700 
493850 
493925 
494000 
494175 
494350 
494425 
494475 
494525 
494725 
494875 
494950 
495050 
495200 
495250 
495300 
495350 
495400 
495450 
495875 
496325 
496475 
496525 
496600 
497100 
497225 
497325 
497475 
497700 
497750 
497825 
497900 
497950 
498050 
498125 
498200 
498250 
498325 
498425 
498475 
498525 
498575 
498625 
498725 
498800 
498925 
499075 
499125 
499200 
499275 
499350 
499425 
499550 
499600 
499675 
499725 
499800 
499850 
499900 
499950 
500075 
500125 
500175 
500250 
scores: [3.863514658377767, 2.2380210056969645, 14.938142489973643, 24.56405312704001, 0.6710396470906232, 0.006171656578146667, 5.603030480720008, 30.30407849422798, 9.516053674326542, 3.2129468045975713, 5.95460764736157, 7.632899138179482, 2.9494898571841475, 4.099798119754894, 7.770977685683135, 2.0288303727166976, 6.776154079004755, 10.907492466300255, 5.89695803590142, 2.621110222834915, 8.279206202281841, 11.130563673949325, 16.4621235704206, 16.469826903527974, 8.474946836146614, 6.763133602656467, 0.5687521795610451, 3.125808981376622, 4.455416579405494, 2.3407544718968154, 12.538591515490907, 0.2828231026325909, 7.981409904735912, 1.1553461373867435, 3.238835936065442, 3.513928876479085, 1.3089074035267174, 1.4261445234230195, 7.194751330029739, 2.8134078825291198, 0.0, 0.0, 0.0, 0.0, 0.0, 0.0, 0.0, 0.0, 0.0, 0.0, 0.0, 0.0, 0.0, 1.3963955429962702, 5.711892369975821, 2.0775190091118816, 2.889972977891631, 2.663235980327329, 2.8793067054805803, 1.9103020326115967, 11.842999287307649, 3.0747719532339346, 2.218348895910964, 3.1152628860833858, 2.271595809081333, 5.067868263252677, 5.385096327432308, 1.927948418002046, 4.343087480173068, 6.254986522349554, 3.2497980381990885, 8.932831427618481, 2.328760456073809, 4.042094956419021, 5.812529026104585, 0.9006950326037781, 5.218263280930245, 0.3915908190680568, 6.923970318667898, 10.476407114714164, 0.880548599165877, 2.609899587985609, 0.6443255297232611, 5.112179647217204, 0.45715947753552655, 4.199904622546825, 0.7986341589040649, 6.5022643748359314, 4.690089490287377, 3.711938383031722, 3.82622678188352, 3.554480602337904, 10.141739800008438, 0.2323626067067721, 4.814237841114931, 24.72748604497241, 6.667694038063843, 10.952013608010702, 3.2148183815099287, 0.9308338032930124, 10.180145931062071, 1.6437906322367724, 18.90290233177592, 9.249145702471509, 0.07567569111159855, 6.687337245181084, 0.7061073621623564, 6.86288777909283, 2.320583000063465, 6.962177713579621, 14.810413594895635, 6.37455652537443, 20.737265775755077, 0.9195805123462151, 24.609546049205846, 5.347120976935855, 7.4793217156168055, 1.413732521049127, 12.238853445142524, 0.9835760119437111, 37.18364121483714, 15.994423168910544, 5.863562637988991, 16.916981185589066, 5.116769136689413, 2.5187304595086175, 0.23372972920455481, 0.3622609121196376, 0.7768830718621018, 2.60835135463725, 3.7733595329141565, 0.14807927228494577, 22.093416459710028, 1.0750091961890575, 29.316462497516113, 3.317509435665613, 0.9543674054820599, 1.2602091962869508, 3.34904948435144, 4.256087756853162, 9.582379363108771, 14.709694981422132, 5.382855443973256, 6.112665004197311, 18.48319073951137, 7.773844600607362, 3.6567612410206607, 2.4230158444804033, 0.27976799130141217, 1.2820015190440301, 14.678081624988636, 23.90453096143773, 0.5657391212121468, 7.522995752500947, 3.397100187006288, 10.602166931025891, 2.640464707145327, 5.74883492247011, 0.5430965332202788, 0.8705497144991341, 2.9877770764954903, 19.75022921569993, 10.429090784299717, 16.992774706695457, 24.41624155033867, 2.7729855355290454, 6.96499886740844, 1.6974952247828696, 6.025535985045735, 2.749576059146591, 2.9537021583203114, 1.9854574637076041, 2.756370960936863, 8.20681849003671, 24.261830068495783, 2.1091361403681788, 18.344958812381805, 26.3387103148566, 10.178257962534246, 0.9845893105000414, 2.8967077303505278, 0.4560602657870163, 0.7360279605255187, 12.39464556501531, 11.254660498850683, 6.307358326878131, 26.275201150420457, 6.005907747391987, 5.8161324467337465, 5.367581584570132, 2.133014530347495, 3.113510342996477, 6.459451866373257, 0.42941638045792274, 8.075200641147518, 13.091517153564524, 2.0467385834522247, 7.479023104510091, 1.1997612063713916, 0.663571573950918, 15.2179084163554, 12.293503095516598, 10.69443107748873, 23.269130380605304, 2.716798399326535, 5.599942158622611, 2.6029551204350128, 1.6780180242234053, 1.0868561034783113, 0.17652821587864764, 4.005915310779102, 4.703714153597474, 0.8600308458460404, 1.4202942151041213, 4.03155231313562, 0.6465043996896611, 0.9389596591445013, 1.124040764058691, 5.762331991576019, 8.57397478395967, 1.1281782883782228, 5.397001519414999, 0.0011722363647947986, 1.5300425128607458, 0.4845430112175677, 3.578287992198284, 6.273295117923226, 17.01006702634868, 9.73451979953586, 0.587155333713298, 6.430701534705264, 0.7987988991009445, 11.434714406637397, 0.4513765148329014, 7.205487221678311, 7.105802380273303, 2.512174764946195, 1.4924417982975626, 5.711892369975828, 4.251681385892915, 0.0, 0.0, 0.0, 0.0, 0.0, 2.813407882529088, 7.194751330029703, 1.6778093661666702, 12.23044077925563, 0.16877623795249974, 13.662931302579494, 3.627407561145816, 8.611457061324984, 1.46326093487491, 0.7031950679703698, 5.156775294823262, 0.0974180448412767, 12.104922187313576, 2.5752667628273116, 0.5565616582783264, 8.553280196977028, 6.532734060257383, 1.6302835460387257, 4.6922669405565784, 2.829841810679312, 13.76531847819001, 9.499106763847152, 3.140437330384259, 1.5784549225073476, 15.872282113623129, 3.7249822205993723, 12.19465136730554, 6.739832168402216, 0.9520156350283173, 22.74731702200492, 21.29057729881535, 2.449230493655506, 7.540800050631134, 14.940758595242471, 8.273310444049827, 2.558180552939149, 1.3143550288818915, 1.5489252466016978, 6.840408991327166, 17.212747297977785, 8.020233617159676, 14.834887354560294, 12.321169686220742, 3.2224909155430623, 6.420136892154318, 1.0156097673182103, 2.531058123038065, 1.590903216494553, 0.6141342062016975, 2.167081347485748, 0.18180791133553953, 5.650902553412095, 5.9062193083804715, 2.30768851627883, 14.194808654835839, 10.706525783262023, 12.99275354927687, 6.464125403569, 11.716540272237921, 1.2723439118431656, 21.281341563803807, 3.26059363412989, 4.58022873786291, 16.79673977176344, 4.645574698183339, 5.623198782603112, 16.87490953649396, 3.519347166910194, 3.6448045077320756, 8.40816489376786, 7.129814246651577, 28.211157557922405, 5.772628527527246, 34.52463068490346, 31.310280115753528, 0.6360271855618009, 3.4235663437428627, 0.15643834521188182, 0.5398658405930519, 0.8359921195669813, 0.8952876216777668, 0.3370757968038305, 0.6584917193806206, 1.769106116527496, 0.26634758159929106, 6.842991149528828, 5.054160513534967, 1.4031126280351813, 8.18886548289386, 7.541760760751458, 0.5348211414589343, 2.220292952165721, 0.22211473287538297, 3.2434535151896853, 6.153230892463625, 0.700738494753864, 0.6905594776322346, 0.18922986860692959, 1.2017482178190022, 1.6406062404999773, 2.048120294849639, 1.4098415291638844, 3.6030768484586133, 5.013517676513146, 2.099015067822336, 17.610755908839792, 11.468960557046685, 0.002931780723528732, 4.137369368764126, 3.232609302723006, 0.682433052558963, 10.884415826216582, 3.7212499307121334, 23.252180302941383, 5.253880561661333, 7.516494682649721, 15.320079894402397, 0.610573665192959, 4.453376777511039, 2.4063676678222237, 7.24694036280809, 2.641387421495722, 7.2040685269784035, 0.42032430766940365, 4.6271793958432, 4.444917404757405, 8.933570228790074, 19.076927969589264, 1.8409552967832497, 17.454420506324908, 2.5751544245032107, 3.587832748100368, 1.1999451861399848, 12.670517255120757, 7.540798351117928, 7.169679813331129, 14.886847230019498, 5.220769336514451, 6.1561797432559615, 3.35070717907206, 1.0522700552804451, 8.01989292841236, 1.2750890628901175, 0.3753084814735814, 19.949033380882554, 5.4448255145182145, 2.3219181730015634, 0.26991958273242744, 2.8521287330208622, 0.3443622317102353, 4.082175676197608, 5.20974780246388, 0.1580211858035625, 8.670207315763605, 8.360924483418614, 1.9168309643302734, 2.6001485149371604, 3.5473285334364135, 8.701005372849934, 2.8134078825290985, 0.0, 0.0, 0.0, 0.0, 0.0, 0.0, 0.0, 0.0, 0.0, 0.0, 0.0, 0.0, 0.0, 0.0, 0.0, 0.0, 11.786886413583204, 18.277005445844793, 13.009951231489794, 5.29052889193116, 1.977915582502419, 4.81218057639677, 3.8587102750691997, 0.6510631821380741, 2.030625512824912, 0.5881931660998134, 0.18571070408299306, 0.5643684936418936, 17.537386003387866, 0.9130865801231209, 21.666155022789354, 8.165685098403344, 5.711988412861274, 1.938656133441384, 0.9729606735833158, 4.750499747142115, 3.3406629218916777, 7.452767435266907, 2.3125750284541766, 4.039798884514681, 0.4138674444919843, 0.7780336289649199, 1.9126760387689785, 1.3039000282889504, 4.9138555142181986, 11.095776374324998, 20.212651652209985, 1.4253619963115227, 2.964292588606952, 3.9837646923259626, 3.259216044210575, 3.6772458799779173, 4.948223769294387, 8.024176304957706, 4.366808871271388, 8.081200281759223, 2.555653770098502, 11.01781453105363, 9.891799756685714, 9.312500935280525, 12.011124366048023, 3.800033879152309, 1.8649779003957576, 8.765794068462327, 1.141559619528067, 1.8847580062336817, 1.346531596766681, 1.8551717946718043, 11.39562178747181, 3.7269133340384997, 3.599450938434785, 8.70100537284992, 4.251681385892937, 0.0, 0.0, 0.0, 0.0, 0.0, 0.0, 0.0, 0.0, 0.0, 0.0, 0.0, 0.0, 0.0, 0.0, 0.0, 0.0, 0.0, 0.0, 0.0, 0.0, 0.0, 0.0, 0.0, 4.251681385892866, 7.194751304761034, 0.8464133751349436, 0.15349060470001064, 2.842170943040401e-14, 0.9072399568419769, 2.482170850071526, 1.1637128023071028, 0.738499490013524, 2.2041870163808426, 1.6899512825365974, 3.4300419564369946, 3.0045047622758148, 5.378709924623969, 5.7667618802919804, 5.378709924623983, 3.2415188953781353, 7.959598126450501, 1.6389770023532435, 1.8815720689795938, 0.9438838584802056, 1.4988128014284285, 1.5298855812664272, 3.9035565608372735, 13.298781161487, 1.4391904091267804, 16.46615425106154, 19.612617777047518, 6.333809546867485, 6.014076949535053, 2.1456852668908084, 17.59697907324808, 9.813766985464888, 2.7996188706794385, 1.5136710679754302, 4.251603440685045, 0.5254092441816951, 4.251603440685045, 1.300143932044442, 4.251680115361964, 1.3001439320444348, 4.7303715977494605, 2.470426857447066, 3.220665557452101, 0.2323179138496414, 5.766761880291995, 5.345272481941052, 0.573242060045672, 0.5505977506471993, 0.8771254499921639, 15.409988588931412, 31.784059551641093, 0.1027993433813208, 17.838886940302316, 0.3261942806030049, 10.848127652487236, 1.9633315350902052, 1.6830866492865226, 8.852804479764188, 4.062474995002503, 6.208114225327307, 3.7978900126011013, 0.43088157657948045, 1.6259143091553483, 2.2858642828559823, 4.265867223283891, 8.639453117652437, 1.659257431381434, 6.445327631462959, 7.931287480077373, 2.351223532889918, 0.6269854207480989, 4.7838999812898635, 1.9541358688922799, 0.12611696852934529, 3.4608556733710145, 4.564714794222425, 1.9099724170778813, 2.417196340152202, 15.445721276627012, 0.3459759470626409, 4.939524468375936, 1.6140480918731157, 6.004911832459811, 4.830778677591127, 1.5576900515387706, 5.1670745009304255, 1.2715511293384338, 0.2584098983926424, 2.0841426315200238, 0.2525584158036054, 0.5018184121202864, 1.359075871994662, 3.5188154186521956, 2.295296377786002, 1.0899750335841247, 2.7835530547274914, 0.7349191172342273, 3.7636872975307654, 1.152964894130804, 12.047059563432128, 11.311920924172313, 1.6912425194570346, 3.9440706333956257, 10.667521199456445, 3.1137044785407966, 6.4273674058057395, 7.322981375080218, 1.9122840200767826, 0.8661399256569808, 0.8661399256570235, 6.638822113590095, 1.9095905839873666, 8.365090867002166, 2.2696222860130604, 0.722152549844921, 0.8181780568270796, 4.75625091413103, 1.686418416187621, 1.233020313175473, 11.78688641358319, 5.7118923699759065, 0.0, 0.0, 0.0, 0.0, 0.0, 0.0, 0.0, 0.0, 0.0, 0.0, 0.0, 0.0, 0.0, 0.0, 0.0, 0.0, 0.0, 0.0, 0.0, 0.0, 0.0, 0.0, 0.0, 0.0, 0.0, 0.0, 0.0, 0.0, 0.0, 0.0, 2.813407882529088, 5.7118923699688935, 0.7308342322037547, 0.15409995741852356, 0.2730187178933221, 1.3735914121074941, 2.5929536881363617, 2.4008284042994887, 4.703374116471622, 1.2232079543707783, 0.5488247645122328, 2.127241173674861, 1.190063061876927, 1.5397001094140421, 2.627411268375397, 3.75040683519876, 0.24953588333161747, 13.799090809494274, 7.950053809112461, 31.259714459305826, 16.670841942334988, 8.8314053730752, 10.762437058509875, 1.013760643441799, 0.3475674440296075, 0.5671002269678524, 5.988170255659327, 3.037526377273167, 8.939691439508579, 0.1198228246734061, 0.06659371964948946, 0.2773724870725687, 4.598950554587361, 1.5427878345714987, 1.0136623672179184, 5.718975970846515, 6.195499971384152, 7.939746753047871, 11.284838132275269, 1.3972738408008354, 5.39856728552661, 0.10610578987495956, 2.9941020426870466, 2.2875259062389546, 1.7197569965165371, 0.22241701957474902, 6.175448244072413, 3.940383317514602, 6.853673623615549, 0.9394075185041402, 11.11602453824895, 7.417547745511541, 5.3627932126708515, 1.6767559141105153, 0.15516047755204454, 2.343517253530166, 2.26158221735966, 5.4983348418912215, 3.1412549578107587, 25.33235888036114, 2.022885296340803, 70.06221505771848, 24.46146766433486, 2.7974331471083076, 14.492790981140331, 12.060939847601702, 1.6313986035811752, 9.043653047359456, 1.2771371364996185, 9.690093939037695, 0.5030513647296857, 4.744349731167858, 5.6457097087616575, 7.80942041986772, 3.3394305960825648, 12.785163274922894, 2.788894333121732, 1.3895010956124452, 3.6873983694590606, 6.281896845930902, 0.13643611099595887, 7.848758813673385, 2.953991876041499, 4.135675990050373, 3.186671593851571, 7.810147112710553, 0.775081994785296, 0.1062749112605843, 0.47847809933460894, 0.6403845547924334, 0.5225694171101622, 1.063082212369352, 5.082048625704374, 4.315460299729352, 9.827794167541583, 4.425282012692662, 1.919829482807529, 14.559940267040531, 17.14043727055349, 36.347693391130946, 15.887426512260888, 26.739394267807498, 3.19715680418372, 1.3238370663432875, 2.1821180369393574, 22.90420053353114, 23.9944121031063, 21.239109006333365, 48.079523989739926, 0.38961355664761754, 6.882984045836849, 5.39155489473535, 7.808842461050901, 16.168577693239328, 3.5106311199667175, 9.997353452739304, 11.439430218413946, 2.062543962479168, 6.30338280863603, 11.916602108646615, 0.6753413325667594, 2.6709661744650504, 2.9652094440231167, 2.0119261906631323, 0.37642727297367173, 0.24026222885694892, 0.32821855784280274, 3.7562943482518847, 4.426404248962626, 0.24866387390096634, 0.786170510076019, 0.2809531025297929, 12.139009458499913, 23.08640675735242, 3.1949012894405655, 8.83731726652232, 7.464675490042055, 3.3436831350462057, 5.017703942676917, 3.161383273241597, 5.375108723665846, 0.12571520666067215, 0.6963519525448021, 3.9336731761596866, 5.585790011127784, 1.0386779704976732, 0.21366109886457707, 2.1676140588268424, 1.5654938304126915, 1.2247884747795865, 2.2357237329706265, 21.352918654407034, 0.6180530641492794, 12.038745591423435, 1.8656391167383788, 2.102042097125576, 0.38177294335915235, 3.5405927475404297, 0.5187754458545157, 7.8221786579661625, 1.4076797692182197, 3.525932676690047, 5.464876891846615, 6.045302449720737, 22.453548982125255, 1.036732621267248, 9.773651494049659, 3.1350152363573898, 1.6098906650593108, 20.235576107724086, 19.76070700264023, 2.701811838435731, 10.314927313840641, 0.26047495695587486, 9.125099251678392, 5.511023987375879, 5.711892269824162, 4.25168011536195, 0.0, 0.0, 0.0, 0.0, 0.0, 0.0, 0.0, 0.0, 0.0, 0.0, 0.0, 0.0, 0.0, 0.0, 0.0, 0.0, 0.0, 0.0, 0.0, 0.0, 0.0, 0.0, 0.0, 0.0, 0.0, 0.0, 0.0, 0.0, 0.0, 0.0, 0.0, 0.0, 0.0, 0.0, 0.0, 0.0, 0.0, 0.0, 0.0, 0.0, 0.0, 0.0, 0.0, 0.0, 0.0, 0.0, 0.0, 0.0, 0.0, 0.0, 0.0, 1.3963955429962702, 5.711892369975821, 6.710694565675695, 1.6723234843853163, 10.18351053153313, 0.20611138545353924, 9.018195115071876, 7.917007961889311, 24.224401422235985, 16.667996920549, 2.6605766888007167, 24.16742783661502, 5.643131359302629, 0.8648586895666881, 6.59229461372189, 11.147696284654955, 5.519509301733308, 27.961399218685017, 1.6510580364015652, 26.009613903324862, 7.7474267724517745, 5.875719237198368, 10.128778553556486, 1.399890593635476, 1.109084177408306, 2.9699495751850407, 1.6953795237588452, 5.301325877406526, 0.078439217272404, 6.042297827482514, 1.9745577957745581, 8.734741957770325, 0.8747326267080666, 8.462144357578438, 12.217324855259335, 2.087976804460368, 0.5549652313507067, 8.369332615306348, 16.11013885758649, 0.30261835022531614, 7.967762276360446, 0.05755312206761687, 4.855822647130509, 4.245072152121452, 5.905023950461327, 2.8798757627666873, 4.200795616125191, 2.5231267069589762, 0.8939533834818434, 5.180728295936177, 4.746376962018644, 0.3988206363580957, 0.047370133400676195, 0.8154224238397489, 0.46697565015787745, 1.4634701259016936, 3.369885969397444, 0.24208192308677212, 0.043792125413034455, 0.6547086536994868, 1.1195792026819902, 0.26495627917509523, 0.333881095958219, 1.8117147737511061, 0.5767861665081568, 1.8899773133183118, 1.0779030163675145, 1.867686720272573, 1.3557305594192997, 2.2579406636036197, 0.1442703550992519, 3.281021925246165, 4.640897807357533, 4.251681368892932, 1.3963955429962738, 0.0, 0.0, 0.0, 0.0, 0.0, 0.0, 0.0, 0.0, 0.0, 0.0, 0.0, 0.0, 0.0, 0.0, 0.0, 0.0, 0.0, 0.0, 0.0, 0.0, 0.0, 0.0, 0.0, 0.0, 0.0, 2.8134078825291233, 2.813407882529095, 0.9901156982141401, 4.435782500418185, 8.176237515141878, 3.203043454771688, 0.9029795257378623, 10.597280066787476, 0.7049519266691107, 3.1611001517363206, 2.4546715609881744, 1.7028102986602107, 4.3601891961145895, 10.231440877944465, 4.25168138589293, 0.0, 0.0, 0.0, 0.0, 0.0, 0.0, 0.0, 0.0, 0.0, 0.0, 0.0, 0.0, 0.0, 0.0, 0.0, 0.0, 0.0, 0.0, 0.0, 0.0, 0.0, 0.0, 0.0, 0.0, 0.0, 0.0, 0.0, 0.0, 0.0, 0.0, 0.0, 0.0, 2.8134078825291198, 8.701005372849863, 3.5830272099225056, 20.740534859092094, 0.5793734950805174, 28.223744679362866, 11.22893122465328, 4.87982037868349, 13.77821271335634, 5.868008672557011, 6.9618661250113405, 17.076548283384966, 7.981624288213169, 0.23745863051235006, 0.2574160014326594, 11.000293415372795, 8.060372909729239, 0.005305392226006234, 1.8262207704702575, 0.6508729916266134, 0.7439367351136639, 2.0575665793610654, 10.591454956860076, 1.1245422789056079, 4.218866244985975, 1.6957910998522436, 1.0436163358039323, 4.631344331352494, 5.91856929850853, 13.95414922281553, 2.4034616093692023, 0.5505977506472277, 2.7930544589875765, 0.8581738694845811, 2.7930544589875765, 2.8134073747845, 1.3930832783051041, 0.0, 0.0, 0.0, 0.0, 0.0, 0.0, 1.393083278305097, 1.3930832783051006, 1.3930832783051006, 1.0658141036401503e-14, 1.393083278305097, 1.3930832783051006, 1.3930832783051041, 0.0, 0.0, 1.3930832783050882, 7.194751330029732, 6.134142565386604, 2.8143497841044365, 0.6720370915271587, 13.05202250837175, 2.4427421601487254, 11.114788649277997, 6.845094962413967, 2.1481329939308864, 3.5986712109201875, 0.7975469323981343, 1.3414942898769624, 0.130128617027367, 0.3184496662980365, 3.39013666077814, 1.8210278075202382, 9.367417868451483, 0.3803524090032795, 0.4065316739175273, 0.8809681676280263, 0.9199250282854479, 9.760834398812406, 17.668467826220592, 9.420895250964719, 4.337316911392826, 3.3064422512740634, 6.498020685792511, 1.80733267026676, 0.10537253340766028, 1.6405782548146135, 1.4135565234992953, 2.283112231928584, 0.550481904367075, 20.166912965938337, 14.90124128953741, 6.726581450920889, 2.7697207812133797, 7.747762523011829, 0.2885813421570447, 5.402256543818567, 2.0213137277308135, 5.567144717345855, 2.002977623861966, 4.806587362643938, 0.45867443289299104, 3.521773808635828, 3.2504686299523087, 6.6081697035137665, 10.736794740305811, 14.859742174404232, 1.322345317882764, 8.489021711196813, 0.22232795854262122, 3.3917887827960556, 1.3057817358543389, 2.575112828390246, 7.734001551422125, 4.433810817511812, 13.87692623948675, 6.584112779987464, 1.088165968799231, 0.2514884876331678, 3.737122599698985, 3.756770195184103, 0.9082492038844805, 3.3175115877302517, 4.935919691620931, 4.587284264856002, 4.922608617083505, 6.033458671807438, 2.1341577067141344, 0.5323551415723955, 4.2144253240124385, 0.19323074559439135, 3.111505591791982, 2.4909758247298157, 0.893953383481886, 2.4909758247298157, 0.8939533834818718, 3.2359710899080625, 0.4681509857596353, 1.8807185603231389, 2.056054808616338, 0.573242060045672, 4.249076076106423, 2.7996188706794385, 2.799618870679435, 5.71188985043397, 5.299154295040751, 0.854263856375681, 1.171389229855663, 3.133436737951911, 1.0069122124236145, 7.799542220714777, 4.251681385892866, 1.396395542996265, 0.0, 0.0, 0.0, 0.0, 0.0, 0.0, 0.0, 0.0, 0.0, 0.0, 0.0, 0.0, 0.0, 0.0, 1.396395428533916, 1.3963954285339177, 3.1521972378286165, 7.821038945905343, 7.606176413196451, 0.125997593964712, 0.5067451905651126, 6.938622354929521, 3.394214179570355, 0.7052065495846591, 10.73784308235939, 23.3455062896646, 9.08896579049211, 20.800456814506802, 1.3391068287577923, 2.122995908028713, 1.3391068287576786, 2.3513948185198785, 8.967076398175337, 6.850444249292536, 8.898799743754978, 10.3255169416679, 10.448720924944865, 5.675619507400086, 10.54051583345344, 6.270594580293562, 8.46762276665521, 1.2161069267417872, 1.5891660112815202, 3.4220805641515, 4.945134749705119, 1.9891680147290032, 5.564397151428565, 3.472873965807665, 6.159694320933255, 2.902514603899192, 7.340151270921126, 0.8625098026515303, 0.9476298704658745, 1.095778372269848, 2.2219805979696616, 0.4278871347373183, 7.749844108369587, 4.357528637377868, 0.7217957919434639, 8.788941533207776, 9.102595538127247, 0.857816112527999, 11.151940509337692, 4.832197530435451, 1.407540994584778, 6.629433674553525, 1.0989031279862331, 8.076702161044182, 1.7774768586758114, 13.130384207662985, 5.6339500822245725, 19.758964414854745, 3.4176359177161544, 15.60675288226254, 4.236788125856691, 0.24694476300042822, 2.0066077424399964, 0.8611216148495942, 0.3501230496303265, 3.349410654853557, 0.39442521627867677, 0.7393174531231637, 3.0741243821787236, 10.249848057589745, 1.0351945492695194, 12.508317693056355, 5.06849176618897, 6.522354943118671, 2.8493527219504813, 2.4466453263960943, 3.559939428401151, 3.5667956076080998, 4.133013135015645, 3.7653120456914735, 2.2707752089701927, 5.590190881215932, 10.356387463506962, 4.543930841300295, 11.773144971844403, 12.151037266750535, 6.464319315828618, 41.52414160090325, 13.08217474785775, 9.439520665838018, 3.301733934713724, 14.662923458319653, 3.169210626544185, 8.241987429765658, 6.233043250538714, 5.711892369975828, 1.3963955429959665, 0.0, 0.0, 0.0, 0.0, 0.0, 0.0, 0.0, 0.0, 0.0, 0.0, 0.0, 0.0, 8.701005372849892, 10.231440877944479, 14.3491225054928, 3.9983920091739975, 8.065127923737641, 5.759054921819853, 4.831450457758592, 4.386358001573683, 6.809307510189001, 0.7237216799728117, 19.352699279735475, 8.867770460939767, 9.641398218354965, 15.714846526797942, 12.038545460642311, 1.0197503869856916, 0.6631881870480072, 6.354260346192817, 0.2685721405580921, 11.701152491903201, 7.05663385278541, 2.5734516396262848, 3.611743705479597, 1.0792723249915923, 1.007199998085781, 0.6140598314414092, 3.3686797764867435, 4.016982965310717, 1.6921151204692535, 8.865018966575548, 2.320855839098286, 2.371578911478508, 2.861265823812957, 0.849754466494673, 4.412083095876028, 1.0411860899809255, 1.5825059105993944, 0.9833533352186237, 0.1817498604916068, 1.8518264495279482, 4.8333777263081, 8.091895354748203, 5.277261325902913, 2.3547726849047876, 2.384079579844979, 0.4860682311700941, 6.020540541555846, 2.3461053023751646, 1.6824697526914036, 0.31318606615824507, 1.6766004423936067, 0.7938613522330513, 0.9481764769712555, 0.10795523796363682, 0.5645622060419981, 0.3360288471152302, 2.249779918492436, 2.0962417115238736, 5.1121796472170615, 5.40245969431659, 0.8896876056136449, 0.23591029060916924, 1.016806335267617, 2.0474678587818147, 6.675733915755956, 18.128995968581904, 13.606208019195634, 10.752543285849754, 11.9976288001682, 5.238642435381863, -5.684341886080802e-14, 9.793981392898317, 21.833724179769803, 2.330513742893345, 0.004795807087845105, 2.2619761324728813, 1.2177666473100999, 0.26425977143634327, 1.8582021448449098, 0.12121398318595311, 0.905207727613913, 2.4480037525515286, 0.31159765601481126, 1.2952245282050399, 3.896462661084911, 0.08971358158106568, 5.756185515957668, 18.965253690444428, 8.833737349074454, 2.4586637193127103, 2.8305754582032705, 11.886957818283946, 4.273828460405809, 3.079573586533428, 2.9298539463250393, 4.259573226119301, 3.6815733035949165, 1.2294858503216801, 0.49033162586965773, 7.227273223492091, 1.2012059569659073, 2.5586967119472774, 3.8875979266458103, 1.9052678130577192, 4.715976179065706, 17.97782563094887, 5.3292544602276735, 10.220492351950242, 3.00166510071179, 14.142703108078067, 0.6253511803166703, 12.056231592790368, 12.698613863027305, 0.269694015042262, 5.117900504192846, 1.0617915708416774, 23.78816885942473, 5.363749625611007, 23.127189076180883, 14.842857993392357, 0.33384066766336673, 5.226680306921651, 0.8417876315191393, 1.9550511283824648, 1.5254500540322624, 0.2181434929691477, 3.1214361510607205, 5.873997017759734, 0.005741274100245164, 4.638177011398028, 5.074045344398542, 1.0219940610893588, 3.656282310236321, 10.850756778178635, 3.862265479675983, 13.368215938490167, 4.529132765079169, 5.711892369975857, 3.3580703316734315, 2.4340324875644512, 8.642925802173352, 0.10246866542394173, 8.659515527335998, 0.29295417374297017, 11.40140110969935, 5.612292035096345, 10.431801793910324, 2.4405598144131204, 7.798800902108695, 5.115145957625998, 5.637861441348377, 0.8077968067703409, 11.82152189433441, 13.180412468122142, 3.5931326537431687, 6.492819958930426, 3.1686913054022625, 1.2628128845518916, 12.591177369378727, 0.0035347899284943196, 4.1345213948783055, 11.786886413583105, 4.2516813858929225, 0.0, 0.0, 0.0, 0.0, 0.0, 0.0, 0.0, 0.0, 0.0, 0.0, 0.0, 0.0, 0.0, 0.0, 0.0, 0.0, 0.0, 0.0, 0.0, 0.0, 0.0, 0.0, 0.0, 0.0, 0.0, 0.0, 0.0, 7.194751330017361, 18.277005445844594, 16.10901468989246, 0.09247193080966554, 10.010225325832494, 3.249287154257388, 2.4033270523660804, 0.5976068938535377, 0.4444235571183981, 1.7901750626757007, 5.719706462920442, 0.013714525084395746, 4.080567874580652, 5.183125000438494, 1.5163415746354758, 8.845632615592777, 0.19324770695440918, 11.754838809304715, 2.7713542192273906, 4.14117329869228, 0.07650805523610416, 0.9415134071860507, 0.6389806017138824, 1.601691800176198, 19.719883020706533, 9.707088609576886, 17.131032735415943, 6.535640747612774, 8.807521067757989, 2.4135556413508823, 6.273028424882426, 6.260758668736258, 3.8574078420104456, 15.841390321249463, 1.070944257692389, 4.255078009332522, 0.7999129230096713, 3.580408443449315, 2.697473190590898, 3.4278269661848526, 1.514519537268228, 5.637433825547333, 5.399158447090798, 3.6034512099552103, 0.17534285312808606, 11.250443866175104, 9.853740417430629, 3.82069057813942, 6.776589886159684, 1.1970117808605494, 0.8262630636235713, 11.507085597568533, 2.415965507183273, 9.654479539402217, 7.309178362028916, 1.344982930122299, 8.602049145483946, 1.4901678940389047, 3.655414283054995, 7.197656332900181, 3.102840792037398, 0.8040063013622785, 1.1819929392359825, 5.820523077581868, 7.141654323114096, 0.8839508300909813, 2.9747450998817158, 1.6491246777949584, 5.407716163473992, 3.3146478690496792, 3.4153970277754695, 5.333593985223899, 11.911501946616454, 7.802561339472774, 0.7364701994496272, 2.5396989109610715, 0.3131860661582664, 0.7439367304628206, 0.9019405323457335, 6.467086132493719, 2.7616908937859606, 5.783322635866128, 10.633405147852727, 0.7662817441980678, 6.921186700775522, 2.2717041575942005, 1.8904276295701052, 0.37362455753579127, 0.37362455753578416, 3.53593985573432, 2.0243415822644693, 4.219372890943724, 2.7996188706794385, 0.0, 0.0, 0.0, 0.0, 0.0, 0.0, 0.0, 0.0, 0.0, 0.0, 0.0, 0.0, 0.0, 0.0, 0.0, 0.0, 0.0, 0.0, 0.0, 0.0, 0.0, 0.0, 0.0, 0.0, 0.0, 0.0, 0.0, 0.0, 0.0, 0.0, 0.0, 0.0, 0.0, 0.0, 0.0, 0.0, 0.0, 0.0, 0.0, 0.0, 0.0, 0.0, 0.0, 0.0, 0.0, 0.0, 0.0, 0.0, 0.0, 0.0, 0.0, 0.0, 0.0, 0.0, 0.0, 0.0, 0.0, 0.0, 0.0, 0.0, 0.0, 0.0, 0.0, 0.0, 0.0, 0.0, 0.0, 0.0, 0.0, 0.0, 0.0, 0.0, 0.0, 0.0, 0.0, 0.0, 0.0, 0.0, 0.0, 0.0, 0.0, 0.0, 0.0, 0.0, 0.0, 0.0, 0.0, 0.0, 0.0, 0.0, 0.0, 0.0, 0.0, 0.0, 0.0, 0.0, 0.0, 0.0, 0.0, 0.0, 0.0, 0.0, 0.0, 0.0, 0.0, 0.0, 0.0, 0.0, 0.0, 0.0, 0.0, 0.0, 0.0, 0.0, 0.0, 0.0, 0.0, 0.0, 0.0, 0.0, 0.0, 0.0, 0.0, 7.194751330029725, 8.701005372849934, 0.8667272867072882, 1.1918236584803168, 0.9645829922117741, 10.342922440496693, 18.65389024732798, 2.025033071332757, 0.8690085506102605, 2.91919217912357, 7.851105795957096, 3.6323946925675727, 3.786609678432427, 3.0686728592045256, 0.21081901559989547, 12.905724077113774, 8.284454270233823, 14.349561976749754, 0.1648171865014092, 3.268113235724371, 7.194751330029682, 2.8134078825290985, 0.0, 0.0, 0.0, 0.0, 0.0, 0.0, 0.0, 0.0, 0.0, 0.0, 0.0, 0.0, 0.0, 0.0, 0.0, 0.0, 0.0, 0.0, 0.0, 0.0, 0.0, 0.0, 0.0, 0.0, 0.0, 0.0, 0.0, 5.71189236997585, 8.701005372849949, 3.186784097276984, 13.34359381084846, 2.5730347825208923, 2.639944716940704, 1.0059730045094852, 2.521953232671592, 0.8351819290788001, 1.9609251719351164, 16.340637151699696, 2.1843508207924174, 16.06924423825069, 15.562374564557956, 2.582062118637566, 5.392533173174968, 2.1263600951011767, 3.172081341840169, 0.130051536914209, 3.7917641904131756, 14.304793596328182, 1.6977684098712302, 32.215010620658234, 5.620634690176786, 19.74660094061636, 4.964507367656779, 3.35068983933364, 6.344873553956276, 2.813407882529088, 2.4695319841956618, 4.2516813858929225, 3.0680796963353174, 8.41842926053664, 1.1415521539162654, 5.5793519011430845, 0.21138502707785278, 6.759357113841816, 2.2754195116548317, 2.26666509409705, 9.907173382411287, 2.1414813263788233, 1.1325435645358368, 2.333533714157042, 1.6328623965943336, 1.1138717443161, 8.770022857069705, 1.4460755310997797, 3.858036491381938, 3.6657892698328567, 2.834658776729441, 6.593867191620447, 1.333556003044933, 2.2557126704970187, 4.242807016471232, 0.23591029060914792, 0.6589722409824148, 1.5953761594169649, 2.633603054868715, 1.406790143292909, 5.233173094492898, 7.703315929826047, 4.802903943274288, 2.89112276436029, 8.820399022722825, 9.702330676052782, 1.880206534969318, 1.0343607319898922, 0.5331570975167779, 7.991925786324742, 7.586130555305573, 4.824217583031526, 4.523844541874212, 9.226427934941967, 15.579009875245447, 17.471973916849976, 24.3129149830975, 16.597593158236094, 3.327689218070077, 2.5479677802100014, 0.946948079189923, 2.7356607104033515, 4.618509012623434, 13.124884643295673, 1.761023907407747, 17.864506115393112, 2.988408737843116, 8.323364483282234, 9.334626733726537, 3.7867612257966528, 24.295938096365035, 12.690951697462282, 10.472628993063324, 50.86924424747073, 5.783424131260233, 3.1445290348229946, 0.007394496701550679, 17.012415189925946, 10.231440877944422, 1.3963955429962756, 0.0, 0.0, 0.0, 0.0, 0.0, 0.0, 0.0, 0.0, 0.0, 0.0, 0.0, 0.0, 0.0, 0.0, 0.0, 0.0, 0.0, 0.0, 0.0, 0.0, 0.0, 0.0, 0.0, 0.0, 0.0, 0.0, 0.0, 0.0, 0.0, 1.3963954285339142, 7.194751330029661, 14.822361496227629, 4.915621592146039, 2.7295751069906373, 18.379225216738007, 24.21862117720974, 2.9757228496968366, 21.589151026958433, 14.97635232447081, 4.251681385892866, 0.0, 0.0, 0.0, 0.0, 0.0, 0.0, 0.0, 0.0, 0.0, 0.0, 0.0, 0.0, 0.0, 0.0, 0.0, 0.0, 0.0, 0.0, 0.0, 0.0, 0.0, 0.0, 0.0, 0.0, 0.0, 0.0, 0.0, 0.0, 0.0, 0.0, 0.0, 0.0, 0.0, 0.0, 0.0, 0.0, 0.0, 4.251681385892944, 10.231440877944365, 0.5785994896776998, 0.9131758890191009, 1.7252549329689941, 0.09978111414687874, 2.406233828901321, 1.635588864036066, 0.7178544827154951, 1.5147910544898195, 0.1187638665903421, 0.40926531967113533, 4.12356181750917, 2.6038518943678923, 0.09664288373011232, 0.1493247883231561, 0.8744790439404255, 1.814827811541619, 1.5943341919322336, 0.2617985245820762, 4.570771705611207, 9.02862700173577, 16.110976361049268, 15.39320213531974, 3.2664687584976377, 9.533202671291633, 3.5392912014273747, 17.43458940359949, 0.3808005294864927, 1.3337809719985785, 19.289584076067285, 20.885578160312292, 5.7118923699758355, 4.251681385892866, 0.0, 0.0, 0.0, 0.0, 0.0, 0.0, 0.0, 0.0, 0.0, 0.0, 0.0, 0.0, 0.0, 0.0, 0.0, 0.0, 0.0, 0.0, 0.0, 0.0, 0.0, 0.0, 0.0, 0.0, 0.0, 0.0, 0.0, 0.0, 0.0, 0.0, 0.0, 0.0, 0.0, 0.0, 0.0, 0.0, 0.0, 0.0, 0.0, 0.0, 0.0, 0.0, 1.3963955429962702, 10.231440877944465, 7.0184062277060235, 4.136622923951336, 0.8514418581376901, 1.3931521533436921, 0.9146928416614344, 2.677507040063773, 2.8087361869213794, 12.784011072531712, 6.179320010782362, 3.5403503190904075, 3.759440311999583, 5.15507759969563, 0.08945327423211324, 1.3431326765789322, 0.13038343700503674, 0.45067239316497876, 2.860377443795386, 1.4585965405963321, 2.702632625290235, 1.224241107893647, 3.7978352688746924, 4.437139323541004, 9.926834395735739, 8.969180146538605, 2.5258866464787246, 0.15409974516956026, 0.7278498458618685, 1.3181574638380766, 0.36931036182917865, 0.08216223125795352, 0.1529209739127282, 1.0856781870559615, 4.35035553611057, 1.1237861980212216, 9.437697081565915, 5.08627211812226, 1.10237837483308, 0.7243441458847002, 4.250320687866079, 7.622221883081423, 1.633530439338415, 0.6241502605710352, 3.804819090006575, 4.03059710328607, 0.7278498458618685, 2.8476379479601803, -2.842170943040401e-14, 6.294810141677985, 0.7278498458618685, 2.2114368551585883, 0.7278498458618685, 0.7715178621778449, 5.284793106641317, 1.4231821519612566, 1.059254273631904, 1.2136265960438664, 4.4811342642066165, 1.1713892298556488, 4.481134264206574, 5.71189236997553, 1.3963954285339213, 0.0, 0.0, 0.0, 0.0, 0.0, 0.0, 0.0, 0.0, 0.0, 0.0, 0.0, 0.0, 0.0, 0.0, 0.0, 0.0, 0.0, 0.0, 0.0, 0.0, 0.0, 0.0, 0.0, 0.0, 0.0, 0.0, 0.0, 0.0, 0.0, 0.0, 0.0, 0.0, 0.0, 0.0, 0.0, 0.0, 0.0, 0.0, 0.0, 0.0, 0.0, 0.0, 1.393083278305097, 4.21937289094371, 1.073231888582285, 0.20799652038012084, 0.20799652038015637, 14.06755254877072, 16.384073620152208, 0.3443716814856401, 0.21142260310141126, 5.400297392667085, 14.845066531462408, 10.537904891741107, 9.481448912611256, 2.307017059191935, 1.3548894033449983, 1.6568293102534994, 13.459572296926012, 0.27752902240672483, 2.4308579834280977, 8.772033618762606, 0.5723945936528452, 6.862081219602487, 1.9287020834151178, 3.134186604695003, 3.262237583360985, 7.476623196851904, 2.213593196336035, 1.7947355055829917, 3.8970709545294824, 8.461113498493773, 6.000051871268454, 1.263634814995001, 1.3843308115908854, 5.40270220983038, 8.494500649869508, 7.177669594531608, 4.673077975630974, 8.899020758533538, 4.713281772572458, 10.110899313620365, 5.1076068913016, 1.9003000748220984, 0.11082058294111619, 2.152036693542854, 3.455552553679823, 0.9884158770365161, 0.35512077749763193, 4.1188062120214965, 1.4954417229213277, 3.48445469765133, 2.0854397063704653, 3.186523987593972, 5.4614903192860424, 2.215392774313216, 1.3947857613655685, 2.3519403951445668, 0.8946415706259074, 6.264447839019056, 3.1090765020826154, 0.8607891414939104, 1.4664098125104488, 3.3746341041887433, 5.5228804582833675, 7.33549217054113, 4.158230862649162, 3.3181109647793363, 0.5029843683018242, 4.3380680500397375, 2.3527517627718453, 0.9301231692480201, 8.444130060963516, 1.0656189498787967, 7.042828807752883, 1.5754723686898302, 0.5732026480728223, 4.7850998424094655, 4.147655646906827, 13.36821593849028, 5.711892369975921, 0.0, 0.0, 0.0, 0.0, 0.0, 0.0, 0.0, 0.0, 0.0, 0.0, 0.0, 0.0, 0.0, 1.3963955429962738, 7.194751330029689, 3.0901362422462455, 1.7989207546258683, 7.223220814251363, 0.105800615782357, 0.895706820217697, 0.6909819576774794, 12.108171095588261, 3.5045469619677476, 14.078387522819781, 1.1566883516272526, 6.158243692012832, 3.0271427521045666, 2.0352472531055525, 2.4487479088769817, 2.96264314287248, 0.11740863826400982, 2.195467511730527, 6.2326676689180545, 8.726721318512205, 1.2815108725174298, 0.8354862263302607, 4.976653142910834, 25.354159240456738, 12.31515182372226, 17.666798863439254, 9.924169655366285, 5.166190485320811, 1.9522884398332963, 3.1185833624448946, 0.0885450555698526, 2.1244600039220245, 0.12790321138533045, 5.231647414091043, 1.1515630396555139, 4.853063719012795, 4.096194910667833, 2.07437617343183, 0.39316160220471374, 0.4620665296373545, 9.312588020215628, 9.47590883945145, 5.8112922514249306, 12.69378492549086, 1.9395847498175556, 23.532487938310197, 1.434699811251619, 5.469583552086789, 2.4280391821079803, 5.971811646185884, 10.97831356858967, 13.430742761827105, 23.38941070491461, 3.6056671918846064, 11.603083338730812, 5.22357421177108, 0.4351270841342654, 2.5363431340055627, 0.5135440175071295, 2.3280543604684425, 11.642866671673858, 2.485621145343856, 22.055524288748757, 2.6940321286260485, 6.45284123822816, 3.1367363032160824, 19.11618389008561, 5.867551302267799, 1.1192809497289034, 0.921171353561931, 21.57574088636406, 28.10015906200573, 1.7943946050937711, 4.340440738617701, 7.515490967372784, 11.786886413583147, 5.051567993096455, 10.23144087794445, 5.204575778867877, 0.5528730749419424, 1.1413366583847733, 6.503799442273021, 4.349395498506141, 7.194751330029646, 0.9327055644720872, 14.97635232447091, 2.4149682631797305, 13.871748900051472, 7.338184219590644, 9.68160848673412, 13.90720084934054, 1.2579687348574282, 3.112982572480888, 1.1179760048348157, 1.1087840605264887, 0.7561735758515624, 4.756995094710732, 2.9124836491462247, 3.545196802443712, 0.598153512528711, 9.065630011540847, 0.27888655891189273, 24.94856562198143, 9.66018571355643, 8.812228441283779, 19.112729724684414, 4.071502976375655, 3.661513909892051, 1.368263408668355, 9.537892046450963, 4.376245407501131, 13.409964487943114, 16.897699225309452, 8.439159294169542, 4.264084250471484, 1.938001371494579, 9.818451496306864, 2.7671617393859833, 2.800430325611842, 17.986712519613093, 0.3443078679958944, 9.145774051916021, 2.4614526343568173, 14.547500210582939, 1.6736192636619194, 3.345817003871616, 8.463047733440845, 8.344624926036346, 1.9247266341711793, 14.133766009769545, 3.875356074258292, 0.1009676851682002, 5.850897270380642, 1.999505016328044, 30.616865440231663, 9.421739425321334, 2.278665793919572, 9.278311638254621, 0.4525599990453202, 9.090566308523393, 6.9515254754532805, 4.393552683980545, 5.490907592142918, 16.023083851929897, 2.9187247252806543, 4.977370653470757, 0.9157502430195166, 9.603737936285839, 1.0369364988698067, 0.7407186440520945, 4.450298053336724, 1.1515611783931377, 9.995095087435601, 7.258249817441481, 4.73103456022892, 11.786886412498745, 4.251681385662174, 0.0, 0.0, 0.0, 0.0, 0.0, 0.0, 0.0, 0.0, 0.0, 0.0, 0.0, 0.0, 0.0, 0.0, 0.0, 0.0, 0.0, 0.0, 0.0, 0.0, 0.0, 0.0, 0.0, 0.0, 0.0, 0.0, 0.0, 0.0, 0.0, 0.0, 0.0, 0.0, 0.0, 4.251681368892932, 7.194751330017354, 2.128318512713676, 0.6818765454790565, 1.239792094933449, 6.957293239323363, 0.6293588054921173, 4.399011660933127, 1.9666242620083523, 1.4946117295127408, 0.8810765451203224, 3.0148500676536685, 3.228614242055613, 1.2462403066570005, 8.05933340537905, 0.9134351655923751, 12.204837787707135, 12.596846082552275, 1.2442828587720243, 11.359277736639598, 4.758167984044206, 0.23648833007813153, 1.6938902562574896, 5.5742213519707775, 1.6776463998280065, 13.977063560875024, 7.69853588563771, 0.9124728449670272, 1.933052027550275, 0.39418604144816527, 7.305750791383105, 14.550189451372148, 0.8194897527561835, 9.242017398655122, 3.908694789308143, 3.316689685592351, 1.3963955429962702, 1.3963955429962738, 0.0, 0.0, 0.0, 0.0, 0.0, 0.0, 0.0, 0.0, 0.0, 0.0, 0.0, 0.0, 0.0, 0.0, 0.0, 0.0, 0.0, 0.0, 0.0, 0.0, 0.0, 0.0, 0.0, 5.711892369975821, 8.701005372849934, 4.156551259087848, 6.548719954934057, 1.9544992888065167, 0.9169267870515654, 0.8817172308140044, 5.338053284335388, 4.0420832978688, 6.202828925629319, 4.566840948361033, 1.4746116086235475, 3.7214998628928413, 0.7682315046830865, 2.2615957629476497, 1.3880820453206582, 1.6667946306071713, 2.088240502345201, 0.07995506987376189, 6.287317491316685, 1.5754723686898444, 2.5898917585461447, 2.4547585285903324, 0.9195699189955775, 2.2452046566361474, 4.251681385892894, 2.813407882529077, 0.0, 0.0, 0.0, 0.0, 0.0, 0.0, 0.0, 0.0, 0.0, 0.0, 0.0, 0.0, 0.0, 0.0, 0.0, 0.0, 2.8134078825290985, 4.251681385892894, 0.9165373198217708, 1.8808035728594064, 5.15897647959801, 10.442973124117316, 8.16830236827937, 1.3677324737062833, 6.2119766652699155, 6.042961127194374, 1.8364979517734241, 4.5995677245083755, 1.6212962252021157, 10.588878491142793, 6.958597830710318, 2.5982979045580663, 7.277519211831304, 9.56638709269285, 8.132718228753987, 21.162995608195928, 23.67820532479675, 15.79036865772892, 27.56130361470602, 14.898216159751215, 4.407241524973756, 13.494636262529681, 7.016054869781584, 1.715470882969754, 0.1043742409795243, 0.09136462369536957, 3.946778480240283, 2.2425178999492488, 15.80996048174785, 16.13374897152002, 2.851806780221409, 18.277005445844566, 5.711892369975821, 0.0, 0.0, 0.0, 0.0, 0.0, 0.0, 0.0, 0.0, 5.711892369975814, 14.976352324470781, 8.302193531173828, 3.210252948292407, 3.002208602628343, 5.0864006902147025, 4.504254798266771, 0.6264190901179063, 0.5491883299882403, 1.583325468998055, 1.3614835715472964, 0.7199361132489628, 3.1436634879948997, 12.084451759272213, 19.13876941910769, 1.4192343199407844, 3.7503187536792666, 1.4474479779221952, 1.8857247864620774, 4.617946380138676, 5.3275637026955, 0.13334214892944374, 17.235111295845797, 16.491954102349865, 9.946088244056313, 13.723110729061347, 1.2199400268032434, 1.074694039842825, 2.495768334972439, 3.3057112114696565, 4.037525147790319, 9.144164463586705, 3.985445005221166, 0.9107285318731186, 0.12418408341093823, 1.5396179296697028, 4.3125126362095685, 1.1713892298556345, 8.479084310477234, 1.2957469184274686, 1.977208835769659, 0.2865876765709743, 7.7173948873529525, 0.44936852326944177, 0.7935111312791463, 0.7228242074414339, 0.20631442434925873, 3.406266592404208, 1.6506637452440174, 0.5703582072185327, 1.2541182243479767, 0.19293250562741093, 4.884933989936897, 2.457654693496295, 0.21188147357722187, 0.7715178621778449, 3.275209036118639, 6.32205978962385, 2.429696386886363, 2.8134078825290807, 1.3963955429959665, 0.0, 0.0, 0.0, 0.0, 0.0, 0.0, 0.0, 0.0, 0.0, 0.0, 0.0, 0.0, 0.0, 0.0, 0.0, 0.0, 0.0, 0.0, 0.0, 0.0, 4.251681368892925, 11.786886413582636, 3.408263496684384, 3.3143956371933143, 1.9469476530166787, 2.4106514906264067, 2.4415465843596564, 0.7184087319341472, 0.678042623974676, 0.15062345887469064, 1.1737140228393628, 2.0261507931506344, 0.28724329336628784, 9.595637376381262, 0.8757536028778645, 20.778853434454504, 0.10389346036862435, 9.829036436267984, 3.40588933109737, 13.456361425318732, 3.999824924825731, 13.308118918847782, 0.4082180358315384, 0.3906073831397805, 0.39973838579692256, 0.3261514421961067, 3.613340404662722, 3.8467847506451562, 7.13137377098036, 1.2822885605724537, 0.40824364900973364, 0.3235374434977416, 2.4480833244942346, 9.79505859123627, 3.682728294114696, 17.501030806269824, 4.269007254439089, 12.827723208334078, 15.321525780629258, 8.510238005454312, 11.918935459143796, 3.096531013834337, 4.981484094874077, 1.4635626083154278, 3.2760238622161637, 1.4162058529289965, 1.6578631294122914, 2.948742025702586, 3.511945745490536, 10.176094416452173, 1.2591455185637557, 18.004609481944684, 1.076818612625189, 0.0024388737271578975, 0.6468648524723619, 8.173560284570812, 1.783338759553743, 7.702705534447745, 1.5231553645634364, 3.425370413725801, 1.8955775424760901, 3.233097261690432, 1.4184960460734715, 3.1350330253226417, 4.25168138589288, 2.813407882529077, 0.0, 0.0, 0.0, 0.0, 0.0, 8.70100537284992, 8.701005372849892, 11.280185349129837, 12.909673639079557, 15.285968239680585, 2.817037110008357, 7.106831537414735, 8.056181377140632, 0.4618516377775279, 4.363868570791652, 3.2878975657067144, 2.2003673381097997, 0.571879532226049, 1.2472516669851075, 1.978609950492043, 1.129021754798444, 4.8612500689154245, 3.639799627197874, 7.092780658839914, 10.001472807907362, 1.8782626132414322, 1.788823207943068, 2.0034627459158685, 3.962541878830706, 5.969601528554065, 0.11484742317261976, 7.640163543691983, 0.09603013731029364, 8.05794155709782, 1.6895557823654315, 1.9441553875786468, 0.33194934759623607, 1.3557305594193139, 1.8570769469696415, 4.844421510488473, 0.21448113821783465, 6.102459599611834, 25.681393679394432, 12.008031895625365, 15.32775374684563, 2.5005124403674586, 5.410288391433028, 1.3707724175826286, 4.217280929196761, 23.473211723278467, 0.25647034992002204, 25.337495816637755, 1.8088228564669464, 14.683908582887966, 2.6533757084563945, 0.6576543977415383, 6.879950813542578, 10.94846528277479, 5.536357459278776, 2.6378983670761045, 9.54174310740197, 13.479728930849575, 1.8691368783766507, 4.820493932956822, 19.14212589728757, 7.88119041358047, 20.36006749498557, 31.010641445790668, 2.3768037367452166, 3.246545768146291, 4.384814676225233, 4.546565752923385, 8.437930808325945, 2.6447865933076002, 2.8546594768147884, 3.5891151084695707, 6.097912950150572, 9.264357049393112, 2.3304544542944257, 4.357083631354101, 10.801097573128658, 1.1382403674599573, 2.5322982502734703, 1.2164763798266733, 13.21194038375532, 4.116193104110664, 2.5490958758512647, 0.21018960550711085, 13.729674864001595, 7.477070916991011, 3.326347472083981, 1.9066777116623115, 2.125260027624151, 1.4013244445660717, 0.40771128687475766, 2.556587342546351, 0.15987520327621496, 6.835084650184285, 7.19475133002976, 2.813407882529095, 0.0, 4.251681385892901, 7.194751330029675, 3.010862003075175, 5.180787319109328, 0.6494745599198666, 2.5566161091701076, 8.854004864431374, 1.040608858628218, 3.074594994994584, 1.66456531841186, 3.3999169572187498, 3.5263762538959043, 4.507260942396698, 0.5978567202458294, 5.0679093468644965, 0.8137481506510085, 0.2534012877714531, 17.271382058050563, 3.5778490330857835, 10.006656522486622, 1.150609242962446, 5.639849578849464, 1.9699473998060455, 3.502764864737827, 2.64664485420262, 2.9856685594265002, 2.4102709682190095, 12.282562152129941, 10.341402179336853, 11.786886413583176, 2.8134078825291198, 0.0, 0.0, 0.0, 0.0, 0.0, 0.0, 0.0, 0.0, 0.0, 0.0, 0.0, 0.0, 0.0, 0.0, 0.0, 0.0, 0.0, 0.0, 0.0, 0.0, 0.0, 0.0, 0.0, 0.0, 0.0, 0.0, 0.0, 0.0, 0.0, 0.0, 0.0, 0.0, 0.0, 0.0, 0.0, 0.0, 0.0, 0.0, 0.0, 0.0, 0.0, 0.0, 0.0, 0.0, 0.0, 0.0, 0.0, 0.0, 0.0, 0.0, 0.0, 0.0, 0.0, 0.0, 0.0, 0.0, 0.0, 0.0, 0.0, 0.0, 0.0, 0.0, 0.0, 0.0, 10.231440877944422, 16.612271240595305, 3.214485840332486, 6.053347106438537, 1.722003839367403, 0.02545162124658873, 4.269483726414279, 1.307530307542521, 1.2897138023185164, 1.0172892375140634, 2.278527682152074, 13.348953611499013, 7.184155664571577, 6.083213534839601, 0.5827143785377444, 1.2489584585507032, 5.940011494687411, 18.694984364168818, 0.5545187731570422, 1.9660980594377406, 2.1500584630893513, 3.9404727890788536, 3.132929658912815, 1.3095748728218268, 9.860205707041047, 4.994095771980028, 6.251335801900211, 1.1074237389194934, 1.3373084022849753, 3.7159307571920124, 6.98764197688007, 6.293081643437631, 6.220138754487579, 12.133364382982506, 10.804413157317697, 7.310182193752183, 1.5199534155343315, 2.5523121244669653, 2.622369410167863, 0.7562056089826967, 0.13676115290056146, 5.91027081088194, 5.585619687385815, 0.8311054115586245, 7.647085013773832, 1.6117581353308879, 2.9394481453117436, 1.8638415847123042, 0.6268483437695522, 0.1426151999471159, 0.14105440852131323, 0.14261519994713012, 3.316131124311127, 0.8829215290714387, 1.4340770232093831, 7.194650083280806, 12.199310613094468, 4.607197471847499, 8.28741826797733, 0.12052724261897652, 0.14748330430057877, 0.14460549479629492, 1.4148929703634963, 0.8746169289562147, 5.851658980849436, 3.568309715660689, 4.712611485822691, 0.405109189369, 4.195196535342745, 3.2066572972214544, 3.9090789340625065, 10.433377979054086, 4.645611677813662, 1.2428973598311757, 5.4532317983018, 1.9453030591817821, 8.840573650688754, 15.173929206361322, 10.70863373023721, 11.98435135169106, 8.656543757666157, 12.248238033104201, 1.0098124153161052, 2.865788326364907, 3.2155507620553294, 6.134865615125676, 1.4178917976644385, 2.8697652403943152, 11.783727464502675, 5.622996030970597, 0.7414985574152695, 4.801405622371476, 7.66050903628701, 7.613346994910884, 0.5088442999013552, 11.077767213319163, 3.629860651960371, 2.8669951627367425, 2.4393858023752557, 4.336375402741851, 3.676234458652175, 0.9737647957956312, 2.326584821596157, 4.76428135544657, 0.5932487042715877, 0.9732297069665492, 1.2216891221610808, 6.459431781780609, 2.628749018353801, 6.372857468654786, 0.7394431010532116, 0.23959339477724484, 2.660724291969075, 0.8549863971636569, 4.509753132098069, 1.1929076395468599, 4.26329065324596, 1.0010615465450599, 9.062748197248112, 5.2316474140910145, 6.953688710638247, 0.7259575289336198, 4.362422275049894, 0.6187334575910199, 3.9379447696025522, 0.7888290191502563, 7.8778274352540905, 8.701005372849878, 1.3963955429959665, 0.0, 0.0, 0.0, 0.0, 0.0, 0.0, 0.0, 0.0, 0.0, 0.0, 0.0, 0.0, 0.0, 0.0, 0.0, 0.0, 0.0, 0.0, 0.0, 0.0, 0.0, 0.0, 0.0, 0.0, 0.0, 0.0, 0.0, 0.0, 0.0, 0.0, 0.0, 0.0, 0.0, 0.0, 0.0, 0.0, 0.0, 0.0, 0.0, 0.0, 0.0, 0.0, 2.8134078825277307, 7.194751330029568, 0.7221525498426473, 5.160283426816179, 2.397966101434008, 6.361870997754863, 3.1658503623587535, 0.5006251010547089, 2.7068325891333984, 4.140347574541181, 0.4927828603363906, 0.7601047253645703, 2.0557418582270373, 1.0165654009792888, 7.437087595513361, 3.570796949096035, 0.7110280802482976, 3.6496849454124742, 4.805317663748099, 0.4666391166864372, 0.3186468557756541, 1.2750635367128496, 1.7470465476991706, 2.552645103393246, 3.333474301173922, 4.533275074098306, 0.25305001764505164, 2.1535708696552973, 0.5644599051299508, 0.2323821507608841, 7.190268327256142, 2.4555985831995244, 4.251681385892901, 11.415409606748767, 8.992144589428605, 1.5609936067587, 13.200304095741956, 8.27315733990524, 1.4469451992158326, 1.509251059559631, 7.476436369470775, 36.10970447211531, 6.715166488267499, 23.34549050223714, 10.327612317308677, 1.587507808507695, 4.592408673071503, 5.339566027941771, 1.475160894886585, 0.5868703525336514, 1.5540762702675295, 0.1760256509420799, 1.3484122256179205, 0.8908655283690052, 3.6431305995156436, 0.12001915287174825, 6.481040360982092, 10.519972461361675, 4.455438950462195, 1.9988401744216162, 3.2427395060284994, 21.07523184073179, 2.014797875368231, 21.51077929462673, 1.0342558584264907, 8.725559563005447, 1.4541680321271429, 7.824786921917024, 5.312381592438754, 1.5823954868981218, 0.10175232729059758, 0.8478341975298633, 2.453310794018904, 7.008336035303017, 0.2941975671103023, 4.572941091322946, 43.361188159603756, 39.33281112932215, 0.6319542199028376, 0.7141164663285338, 0.11956826367477902, 3.3335324627623777, 0.5291960626410628, 4.376709433742462, 0.08331183446750856, 7.495356972615525, 13.851320980704429, 1.3005675970582757, 9.891850939661055, 2.744893379380912, 9.660007541022509, 12.219645588590083, 0.23571698596265378, 6.260740425924098, 13.349278853871454, 5.816161109879346, 16.494980758992796, 13.795704794058594, 0.9860282185230744, 15.64076128106754, 0.808948541389924, 17.52411148587933, 9.523043774889956, 12.0992076042198, 25.75334402094191, 1.1893753484365561, 11.144304366107633, 6.545704707876752, 8.670889545913923, 8.831451716476892, 19.45536652665794, 18.498841540990895, 18.277005445844708, 8.701005372849892, 0.0, 0.0, 0.0, 0.0, 0.0, 0.0, 0.0, 0.0, 0.0, 0.0, 0.0, 0.0, 0.0, 0.0, 0.0, 0.0, 0.0, 0.0, 0.0, 0.0, 0.0, 0.0, 0.0, 0.0, 0.0, 0.0, 0.0, 0.0, 0.0, 0.0, 0.0, 0.0, 0.0, 0.0, 5.7118923699758355, 11.786886413583204, 3.068867627979813, 5.385308176800521, 4.489542116869842, 8.473974093759722, 6.531906279540792, 2.4704268574470802, 4.115499292814427, 2.842170943040401e-14, 2.2704410782820332, 4.933278933334947, 0.5311889389297448, 1.089903987742673, 4.477189743954284, 8.241234906369982, 3.6127460484221956, 20.83518490034791, 2.1058506179895744, 36.067702250675154, 26.684858880543658, 3.0560749025407006, 19.70791841310833, 7.936379529787871, 3.836611891863555, 1.2540678909520864, 2.5532695944865793, 7.323588037679798, 8.856737078453762, 0.02987568913815153, 3.633325184368907, 0.6334948830079696, 5.37874760672274, 3.9983920091740117, 5.36502392973415, 0.09565349637847476, 5.796920192875007, 0.009559857610099698, 4.203503518122517, 5.334827401117835, 1.2656795604665234, 14.967852023720724, 8.241172071814361, 0.9195699189954496, 1.0650816569653045, 1.8470512939650803, 12.02893834746547, 10.021103391927696, 7.499794495710532, 18.4632378729615, 0.9002498867628645, 7.3443115598297055, 1.1339691413277109, 1.5837544164983228, 2.914490018913199, 0.6021781019674819, 1.1740017791611592, 2.3573374682757304, 6.023355448565539, 2.0376638050535547, 10.904957441695828, 3.296665956034616, 1.2265580159738079, 2.277841753184191, 0.08313332588451772, 10.018754040029592, 4.968982541907877, 18.349317827214122, 7.654143488842493, 6.19892462907319, 12.42055537156736, 2.811370802355725, 0.6798169478453104, 0.1401459567899508, 0.20417721910740738, 11.73779136054847, 12.616146715217397, 1.0658141036401503e-14, 2.666820399445484, 12.588872811380696, 5.041696192513854, 7.155774222902878, 5.117810693962298, 3.601261827383354, 5.880993548902794, 1.0219940610893588, 2.414181327906306, 12.709248107932325, 8.4314641144789, 9.302231619473872, 0.07757144569356456, 6.447491076326372, 1.1783417715084, 3.1825624388893345, 8.65717318490104, 17.099353816308906, 2.4079256912793596, 4.198322025850288, 7.954939841582927, 0.5913920690893804, 0.9298491178215045, 3.283827864289094, 7.066096867579191, 0.8546516832527118, 6.800992023643872, 14.92850439045418, 14.67217603838678, 23.675961093296905, 21.0984375033145, 12.739688457469839, 2.2381632344105924, 31.99250988922688, 6.204193037478717, 1.4420206782330638, 4.008078175116935, 3.55159113117665, 3.5257062299185975, 0.6922615295815433, 18.024565700087294, 7.194751330029774, 2.813407882529088, 0.0, 0.0, 0.0, 0.0, 1.3963955429962702, 4.251681385892809, 2.0468746569117116, 2.9734104043509717, 5.2173338719162246, 18.531917498069305, 2.1911882781369627, 8.118423562949687, 8.996869663589464, 1.5789385727888003, 19.30088032207607, 7.5216686736717975, 3.638195797576401, 6.48747214717136, 1.16093205410084, 0.9339807452045648, 6.193788810058663, 0.020235169272979192, 0.21273749047725232, 6.611304431199784, 12.049924874738025, 10.975525627886512, 5.4734863389129345, 2.8377839403667764, 2.3188670671107445, 4.166570616346945, 5.668556899009872, 2.261163861780517, 7.322810969995913, 0.1914167620882523, 16.84988872132041, 13.452292251516639, 0.054315754129902416, 2.169395336694606, 9.289566549845574, 7.660517765917078, 1.5298855812664272, 7.247715982490007, 3.193671390238137, 11.495913194713353, 5.458586063761004, 8.944693596450378, 9.848969769359257, 9.575643068794108, 4.214229538693445, 7.8736870497045, 4.157379378838144, 2.0100497973121207, 0.8748164609528999, 4.834102693440499, 11.113735933002602, 7.194751330029703, 4.251603440685045, 0.0, 0.0, 0.0, 0.0, 0.0, 0.0, 0.0, 0.0, 0.0, 0.0, 0.0, 0.0, 0.0, 4.25168011536196, 5.7118356168315, 2.0243415822644693, 30.80361199319246, 26.120747307644706, 2.993235100941675, 2.861123655770257, 0.720611744760987, 3.5514713981643524, 1.8178479471986577, 1.5130366709099121, 2.97931942644027, 5.7179989089456456, 1.761795502513479, 6.616133711106684, 7.082733632925482, 4.3720345289205085, 1.1756948078297285, 8.529379036217819, 15.94407273518695, 3.07378153208748, 3.406623255699259, 0.13125454929641478, 1.6775947322178126, 25.29485107865453, 7.492806953863408, 22.967595434160586, 17.23553346228951, 1.79068137704283, 9.154833711829326, 10.109131644338191, 0.012586504488098171, 25.242286032315576, 8.701005372849906, 2.813407374784493, 0.0, 0.0, 0.0, 0.0, 0.0, 0.0, 0.0, 2.813407882529088, 8.701005372849963, 3.7058425496693417, 0.7292453683906075, 1.2878056344287785, 6.066774173284713, 0.3110531452665839, 6.469268244687555, 3.267337676746024, 2.568271592945109, 0.40805480884012013, 13.703482521688159, 7.999132426139482, 4.2717186286074025, 11.44461809893295, 1.245943004054979, 9.137686159266934, 2.9759795181206243, 13.791112513785805, 1.4359849822990043, 9.171570317167664, 0.2037960628424571, 3.6778591657898687, 1.9300223845351923, 2.3736852227953875, 3.4272061241348126, 4.743984889797076, 4.842759894020361, 14.98923330842652, 3.746034505823502, 9.660244080801391, 11.725574543301121, 0.01247215693808812, 10.821401565709778, 1.33377455863004, 3.1722583849638966, 9.027894690222922, 8.607762700739386, 37.68804813640642, 1.2280962191288722, 0.6257183291586728, 2.8477450149426886, 2.823597721525857, 2.513556506528502, 7.53553869479947, 6.054930617629026, 1.068098838659239, 3.910367017875558, 2.5482375499287286, 2.6821046629201533, 16.692806542970175, 15.629938912464496, 3.778669570136202, 10.80291290997043, 0.21372458589532073, 1.7258135515581614, 0.011133978389040067, 3.2882690960396843, 1.7382132293734287, 0.6407866493467367, 2.592531684680857, 1.2910618716370976, 22.742353446464307, 8.651687787665907, 12.089619136144478, 19.284811756337604, 0.5777121272902832, 11.755245512757853, 8.245988807950368, 10.76396868428435, 1.184162315285306, 8.877532797485202, 2.2938351938197314, 8.701005372849892, 2.813407882529116, 0.0, 0.0, 0.0, 0.0, 0.0, 0.0, 0.0, 0.0, 0.0, 0.0, 0.0, 0.0, 0.0, 0.0, 0.0, 0.0, 0.0, 0.0, 0.0, 0.0, 0.0, 0.0, 0.0, 0.0, 0.0, 0.0, 0.0, 1.396395428533916, 2.8134073747844965, 1.4210854715202004e-14, 2.8134073747844965, 1.5136710679754302, 4.21937289094371, 0.573242060045672, 1.9278963841252477, 0.8213661109760935, 0.7920712892414343, 0.7920712892414414, 0.3501073944510438, 1.3292592798510938, 3.4469830800393453, 4.688260142119454, 0.15802679810170162, 2.2656251046151823, 2.4555985831995244, 0.0, 0.7236095364110966, 0.0, 0.5254092441816951, 3.6333251843689283, 3.510631119966746, 2.286871630714984, 3.1881127000004312, 0.8956349814346254, 0.10827553107665722, 7.581521558117416, 1.7974599213740845, 5.9745240818235885, 0.6500091710694846, 10.339597694982132, 2.7026702951707477, 12.703059987870603, 0.30351337905827336, 1.6366792579664775, 6.01555882505761, 3.884792457014612, 1.3872025919822661, 7.8784406015194435, 11.28443438280054, 4.279392390084425, 5.429966092283337, 1.6595185283227636, 1.8044661989484894, 3.7753863386559487, 4.106846906283323, 14.636534919422786, 0.08972861130271781, 6.71692058461565, 0.4471583741598977, 7.3182300804324285, 1.2600669815854246, 5.4164235565179695, 0.6095824287491496, 0.001413904279417011, 13.117827367919602, 22.372425088521, 10.699520964789627, 37.320542255285844, 3.8840261731189543, 10.892133057793245, 3.2555520238605453, 9.824028113031346, 3.8830914072699585, 8.36713338736589, 33.87158606005207, 7.472806392386957, 45.180346419356994, 6.555484362208119, 4.04008961411796, 0.222991830214454, 3.9197376688570955, 6.280612075202299, 0.056180487086464836, 2.584229325600404, 7.194751330029618, 2.813407882529141, 0.0, 0.0, 0.0, 0.0, 0.0, 0.0, 0.0, 0.0, 0.0, 0.0, 0.0, 0.0, 0.0, 0.0, 0.0, 0.0, 0.0, 0.0, 0.0, 0.0, 0.0, 0.0, 0.0, 0.0, 0.0, 0.0, 0.0, 0.0, 0.0, 0.0, 0.0, 0.0, 0.0, 0.0, 0.0, 0.0, 0.0, 1.396395542996288, 2.8134078825290914, 2.2469225743850387, 2.173157664604176, 4.288546295568274, 2.1884739951124317, 6.246734731986308, 5.82444712490571, 1.2181766435278263, 4.283031103312936, 10.201388822786868, 0.6467001928289164, 0.5484607024423553, 0.4666093605712831, 1.9367221370902143, 1.3629717055484605, 5.594420653910902, 0.007864349430406037, 2.7692013059092915, 19.3102791594783, 4.931850688648069, 10.842140881645818, 10.172169246348403, 2.816366906997345, 2.865357911695341, 1.8656488749139726, 4.536274944572625, 7.569965500213584, 1.6960590029148932, 7.842151190249268, 0.8566071990259161, 6.432825126318846, 6.237474514644163, 1.4144663373452033, 19.184827389008177, 2.941274451040073, 1.6800609243445876, 3.5185411259303976, 0.8166769684260373, 1.9828512511458598, 0.2989817262258043, 7.170310481250269, 4.56434278054806, 6.442512670500889, 0.7649978739081007, 2.7169591497212195, 14.218112848897931, 3.136623759039935, 9.80844614001856, 4.574479077102097, 1.8787363771896253, 2.7976566929742717, 26.017637113358973, 18.033351434649376, 4.1418729549959465, 10.376090536307444, 9.333004490996274, 7.349194159203449, 13.895537035369983, 2.6804854386168557, 9.182327613792026, 2.813407882529127, 4.280415789990535, 5.711892369975843, 1.5707577150153185, 4.0527154218334545, 1.4757301568080834, 2.9940082775376595, 1.1117942832946994, 0.5123019146339516, 5.060601704372175, 1.473498112020053, 13.89899561971444, 10.917627994911555, 13.210046400911779, 7.046633998522282, 12.757548492332063, 2.688430066142729, 5.859432084086009, 4.905892506470337, 4.296454331838262, 1.4270670862134125, 0.1314896019459013, 3.3329694654186994, 8.071489984828688, 2.9291863905561684, 13.327611356760855, 0.3199520977550634, 14.417802076083433, 9.19480222033971, 12.608668926148908, 10.240007729875458, 14.188932699267497, 6.202228115661853, 1.838206057227353, 4.251681385892901, 4.251681385892887, 0.0, 0.0, 0.0, 0.0, 0.0, 0.0, 0.0, 0.0, 0.0, 0.0, 0.0, 0.0, 0.0, 0.0, 0.0, 7.194751330029746, 14.976352324470724, 15.540186291583694, 19.8067877248709, 11.08255118689948, 32.935721761170385, 14.838260174637298, 7.691839637143772, 14.206485364379773, 12.06329124696154, 0.9535894156776408, 7.393742296047634, 4.563494598154193, 6.294412107418111, 1.9856919918861422, 0.6041218349657811, 0.7198306350830705, 3.7532799474288367, 4.463251944531578, 0.6280078659804929, 1.2144924238101567, 2.433254901967956, 0.407516456041094, 1.0369249874115383, 0.8981585522190301, 3.8955844319548305, 0.28167486865561386, 18.06683071635237, 6.808616271392822, 0.3001671740474734, 3.3984904184621314, 11.04243688693478, 0.1561429251912898, 3.1615245872858964, 0.07749664473584517, 2.3790782836852884, 4.844409983506665, 4.163684398705385, 0.3339645989233304, 1.436739313242981, 0.4501512453988141, 2.6295927365606815, 0.40077130608861466, 2.0112206836804063, 4.378747584359431, 0.3988206363580531, 3.2702789098852634, 3.122815441191875, 6.599297981759634, 1.595744720557633, 1.3980678584941018, 0.8000518422032883, 0.3463169771227399, 5.784340483096884, 5.556313286364201, 2.538910771652496, 3.135208008482323, 3.470643056098936, 0.557506402520886, 23.19949249545182, 11.957933089473244, 8.975151493088532, 16.170885531107558, 0.2616974115639721, 2.720335879783775, 5.291107819600285, 1.1671246292918198, 5.611674596617405, 2.9760140674723345, 1.43023578637019, 4.09398096826763, 0.873213945549594, 1.0254776568586408, 1.9876335626540822, 0.9172336369055358, 0.30003952687084734, 5.456419639636593, 2.2666968423401244, 6.741522450826821, 12.613430560439156, 2.9213276846417955, 8.007542547559154, 3.54746527669505, 0.34397392594081566, 4.156088420274301, 5.951667843455169, 0.8092748227195727, 3.8268984589517174, 1.126279012618511, 2.276547427679901, 0.11607541854877468, 21.08358236286047, 9.806080631500095, 13.416345298632962, 3.9962181671108965, 3.5740870523104604, 3.267950946477015, 2.1926720399149247, 0.7397427894917428, 6.735983032989196, 4.976401512086909, 1.0240759598005127, 4.327382852097287, 4.540735219984725, 0.14341023749928183, 1.209162009975529, 7.47261229246044, 8.968865733504714, 12.4804781241115, 20.99736169942048, 10.161101375231226, 0.12418408341092402, 4.788761043562204, 2.0037818128132017, 3.3520902907802963, 5.365428059249496, 0.4181788883981312, 16.048295094409482, 11.511265081386142, 7.063267548833352, 2.203781611668518, 3.3166297274773626, 0.06686748193561698, 2.7810907024823166, 4.564882771049582, 2.3405639266218117, 6.612352877489897, 4.071509585746867, 18.812735954618148, 3.666269610753659, 2.430714118518978, 0.9203420782632747, 1.835287348297328, 6.289467709941221, 5.237968738577507, 4.404242454361963, 12.80865980107626, 8.914737887395006, 8.548732929270216, 2.313509153104519, 2.5782891649152475, 7.631241364317162, 2.8873111908512783, 6.2829176726970815, 1.6602761818584781, 0.8113829359888882, 1.8655755214071235, 3.0802505559540236, 13.804138900389418, 1.2920941109230881, 12.874691670259452, 4.646784513185352, 5.8383607681073215, 4.649097780189692, 4.829695130376791, 1.8422594001808648, 2.712227646902619, 2.732000397682441, 0.6741749564995132, 2.9279461847029893, 3.679609765390609, 10.760555460324383, 16.265132845596526, 13.843031947093806, 4.981662554952479, 2.0243415822644906, 2.5818702543165557, 2.143503869428983, 0.20799652038015637, 3.016409137110621, 1.3381734079387115, 1.8327200441599274, 2.8429135885837837, 1.9216470552719613, 4.105803423681763, 2.3697243288526977, 1.0881653461264165, 0.21188147357723608, 2.4863415486048055, 2.280754018963478, 3.9396423870240085, 1.8382060572273247, 5.711889850433984, 2.542586039008043, 4.219372890943706, 1.299089729061592, 0.4368791473159348, 2.0147205406305773, 1.1102915292935762, 1.8981642417838742, 2.1341577067141486, 4.702561349036323, 1.06381595913561, 3.1202060894888675, 1.2656795604665092, 0.264956279175081, 0.42702346502248645, 0.3019401021680892, 0.07519436402348845, 2.651033140158461, 0.1540997451695887, 31.632870633962554, 17.934766833114267, 11.62141571445494, 3.794468965987136, 3.124778870678824, 0.5456347947872189, 0.1519138281497021, 6.998312525034919, 0.3530895866507251, 4.126758203146693, 0.902706859315856, 3.9797271152777682, 1.8050199390264083, 7.751571908025653, 9.372675239485261, 1.1159449246307531, 4.967960146104019, 3.0486039181774345, 0.5428633316151945, 0.3758300224936306, 1.7270187045069179, 0.3496227150175173, 3.9125235677386883, 3.077764956071519, 12.912833520916507, 5.281506957889235, 7.011160591210455, 3.244008997201661, 11.934004566310904, 5.165482384895199, 10.071425976158679, 3.994011117314159, 6.281318586061587, 3.0147075747645715, 8.358139261537417, 5.882265703428033, 2.925064667603351, 1.750915564715342, 1.3840116906887658, 7.021255972750282, 5.871755744994687, 2.076229983865062, 12.852113963616318, 4.016191066822671, 1.5432103032623843, 1.8996549536199723, 2.5390932185753172, 0.3309627188323816, 5.385379425814534, 1.0949145227256736, 0.9408452584966085, 2.2722813262379873, 4.020524718878818, 10.78495922319118, 7.580546606169662, 9.210791214385978, 6.5043967920128125, 2.486750563717692, 2.563910380564522, 4.826399274870994, 3.052758451537926, 0.32910621189097355, 3.0078920503800077, 6.874638160610175, 4.90849042446041, 0.6176292337140694, 19.640161628805174, 1.3730120155802297, 4.737512888971651, 12.120634258468016, 8.088841768917462, 0.30610632269772964, 4.342983863415014, 4.244942160597191, 1.326572677125995, 5.971491382888729, 2.6335458894734813, 1.372656985338665, 0.8876606707528651, 1.140140828125169, 0.9590904819517618, 11.959715793834391, 4.132972391649076, 8.28122555001039, 7.1774722661891985, 3.763441123568498, 5.637914874063512, 2.0357455872224364, 3.4095885584015377, 3.806178153914402, 3.708644446918669, 6.533786804384334, 2.8738062149354846, 8.955215350521627, 0.45623698546501146, 1.0280392174761062, 3.859685149627694, 6.585394343948906, 19.43728719413923, 4.443229203425403, 1.6340036494540868, 21.4878716595517, 1.1473089512674903, 35.532620400478976, 10.181997353778257, 0.5949837249162044, 2.308406739056352, 0.09060636135086497, 20.141745510004114, 12.148551744933371, 11.59816366447339, 7.883141426730816, 26.13082092366949, 2.5614399946319395, 20.471659891255797, 12.702670825090564, 5.1253138708097765, 4.8277184445258285, 2.1859180860660956, 5.4156090783129684, 6.137021497720582, 2.66872272795365, 0.07434000776697758, 0.46443510238859176, 0.44627791133260075, 1.1507224575372845, 2.3676276883082323, 0.13105780511898502, 3.975138331966292, 5.314681168938932, 13.419232888520014, 9.534598633542203, 0.5654445039317295, 9.403136495434438, 4.605406253864942, 0.761995458033482, 20.6817267939129, 35.65654127670757, 11.327574593672466, 32.43952305289449, 31.46526681305329, 10.391944398889734, 12.46903552774711, 6.44207674263879, 0.7304092989294588, 2.731145998958027, 1.2917217616783887, 6.066312328970071, 0.5278138861872321, 0.888764719687515, 4.033736799995438, 2.8826125760220975, 4.826843741256425, 1.3588207789586022, 0.39931246595773473, 4.374510167065097, 0.07346071646205132, 9.198103138640562, 9.246649773361554, 0.6525911531734039, 0.4571040407795124, 3.506513958516763, 1.5853818550433516, 2.9926951798935875, 7.257539929585278, 1.8767366578721862, 6.904605266481667, 3.258574337688003, 5.436873235890204, 10.05427585546488, 1.0878602489238745, 2.4355292750080366, 1.2656166463599163, 4.088538737669268, 3.4120222118456525, 14.073057735120187, 0.34025999328093803, 1.1652730248031276, 0.4956104241995263, 6.521730538666759, 1.291229807938464, 0.9371135569857358, 0.030304541622570014, 0.9425453459728033, 8.946949581118389, 18.52424216098791, 53.83438346220461, 1.1733035549566466, 3.3531675116556983, 11.728741066150207, 15.977148640696498, 2.292852031395114, 1.2896573617428828, 5.825249034328806, 10.331149385102066, 6.118398280860561, 0.14715019186013478, 25.21350657843287, 1.4329292278382297, 19.96878376078257, 7.056891649003688, 2.310420967303372, 19.150541800375635, 10.231440877944465, 1.3963955429959665, 0.0, 0.0, 4.24907607610643, 5.711892269824148, 10.003838781957796, 10.730892220027414, 5.748134446851651, 4.187947532387483, 8.059957058213257, 8.236386664020515, 2.4008284042994887, 1.4596098458251419, 1.6920894319252326, 0.23717752266320247, 2.9383770585178794, 0.8581738694845953, 0.7399136145271044, 2.299848842587778, 5.4222710824604405, 3.416498074461387, 0.35922251972515085, 1.3381734079387257, 5.730728475432031, 28.028476209331515, 10.910323966768047, 6.471931954275163, 15.608253751328078, 18.0635322118506, 0.5692616653082041, 12.743427780575388, 6.303681233550151, 7.791536671291112, 1.5144800299998735, 3.804824319043803, 12.896256846061817, 5.27140951450798, 1.6221749573936677, 10.74352083203928, 7.532756617803614, 3.1122082071574653, 4.881097153501457, 2.1009428185118395, 4.257022977258941, 2.9925234754400094, 4.979795704988305, 1.7312199924077731, 0.46480339359015943, 0.3048082427179395, 6.210544388509419, 0.7222152269120272, 0.2630373589430519, 3.109076502082587, 3.2686125588066943, 0.4917202932264786, 8.795904336757786, 3.6575892912518384, 3.903299378591896, 2.88191708911873, 5.1714421886338755, 10.110899313620337, 12.670182852364377, 1.0175180337274128, 2.8770838187428467, 6.939294559447603, 11.488124377702746, 0.9243745676387505, 0.0534809931689324, 0.7678570827984572, 1.6572505878531558, 0.31898045474761716, 1.3495506546820195, 7.0767054142814345, 3.5683882148220505, 0.3876171716072605, 3.771748080268651, 3.1510142496479716, 8.533635096055463, 17.19293154527631, 2.8737515039234154, 1.8454065851271935, 0.828270152019428, 7.600363509350274, 7.194751330029739, 1.3963955429962809, 0.0, 0.0, 0.0, 0.0, 0.0, 0.0, 0.0, 0.0, 0.0, 0.0, 0.0, 0.0, 0.0, 0.0, 0.0, 0.0, 0.0, 0.0, 0.0, 0.0, 0.0, 0.0, 0.0, 0.0, 0.0, 0.0, 4.251681385892937, 18.277005445844594, 10.651894333187755, 0.10235121646434209, 3.863206292038541, 3.8562464153559404, 1.2374669151818978, 5.414480388896095, 19.213087197905878, 0.6209091301496699, 10.508033684202445, 7.517032205186553, 10.591591267934547, 4.8192511299915, 15.321525780629358, 12.65634080124488, 9.024752886537982, 8.26891467944509, 2.0962147118416965, 3.20489262540832, 0.3035853504290458, 0.4083156938506818, 1.4427602333345817, 0.3877085662780928, 0.6455362168888428, 1.351324137963985, 7.174452550891203, 4.30668856885282, 1.3916583022456734, 0.962320691915977, 0.5771626843143451, 2.311458279127436, 22.11350082304395, 12.58578523605172, 16.220909482696896, 20.369579349856508, 3.0687039685055595, 3.1193510101299466, 2.1779378071548408, 4.25168138589293, 1.2962658423411177, 7.194751330029661, 15.881420897177406, 3.045040506123371, 0.7486307916445298, 1.175939703360541, 3.977400235249405, 0.95637419259441, 2.4306306812169964, 6.800261196749517, 14.838433301459418, 0.05749460899590986, 9.406005853363638, 7.651953751886765, 0.32526132965315924, 0.8649669904456516, 2.573458378316957, 1.6687125730366006, 1.620148052592583, 4.460635529671492, 27.224788742779765, 24.712552440544414, 1.5496226058278921, 3.4933300573453323, 12.903314216950434, 6.981578387389561, 1.286735739120246, 5.024564305967544, 9.897867201505733, 0.4191598009979032, 7.489045697218302, 4.642812024046151, 1.4931979463283653, 1.58336367563669, 2.252384453226, 1.405811077187991, 0.40510918936922735, 11.409703341204363, 10.465589426967796, 0.4064967366850567, 6.849755412483319, 5.6548043972520645, 0.829720062751278, 13.093281847485201, 5.346575436832552, 8.084397264451468, 4.153099115137849, 1.3307286016604394, 2.799407190189214, 15.26666672237053, 8.524775210515756, 15.192806013115444, 12.455484232802917, 15.434002383358802, 2.3201959951430524, 1.5916783101524743, 3.250639506015375, 8.351216221256294, 4.7735888539525035, 4.255343235532223, 2.0942348268795, 11.47601998248075, 7.465222312366379, 9.418698282438768, 8.564186370687509, 1.834674042901284, 1.1070701024003142, 6.977421205776125, 1.769338831414558, 0.7433667368738099, 0.342765128228649, 0.4555778897953928, 8.917095176983494, 8.00919296287259, 3.756888233731644, 17.75107972499265, 15.087600233561488, 1.2014497397534853, 1.9338227525721834, 3.6693706172925715, 4.025442095467923, 0.9315665590065407, 5.150098654325973, 22.398453102813775, 4.373977281065578, 27.63452756920111, 22.817898348168768, 2.0408764697316997, 6.783125924371745, 0.9434614526130076, 2.0299535133354993, 2.396833884237253, 1.309408504386937, 0.19492484038539715, 10.331342834882633, 4.0271159391976425, 11.152231012376319, 0.5336313376801058, 5.881404985178392, 12.811174413032234, 0.767497478241296, 4.254522488556773, 5.03052976310272, 2.4150610638607475, 2.8365498290317817, 6.306511732110408, 8.124048761541218, 1.21661169716009, 1.0584620783637888, 3.8178226848280588, 1.374422943191007, 1.7375690285704763, 9.385407045920687, 3.3676239223224513, 3.738280047598437, 9.240947301870449, 9.22154773673833, 19.499287965657004, 34.06550649698579, 5.258511684960951, 1.4284984589299654, 9.587706901585562, 15.16806337544378, 0.5606880056891441, 0.9966315551163234, 1.2984995047030452, 1.9329398506943676, 10.39969649376269, 4.597624300475786, 1.8933372525278287, 10.174364192712346, 1.9742251747443333, 5.105406867365673, 8.374640794966922, 8.600427818731134, 2.1286757098523026, 23.99357121167543, 13.43676935880319, 7.126217493472666, 2.198779085590729, 4.869594885789752, 5.3732802657604, 0.5476284474804061, 3.7503147129164063, 12.663697563621497, 14.022098352338048, 1.3745129385626882, 6.488133032345701, 0.5912106250293903, 0.5304286792000994, 9.23342723440399, 5.564559481275467, 4.716488793134573, 14.43177393160397, 18.384400993146954, 10.851663504558218, 3.943632345309908, 5.396777212156891, -4.263256414560601e-14, 4.158310958939012, 1.0711257421056075, 0.24514422276958214, 1.830702756708888, 11.941466121340454, 10.26324803120616, 8.501727656737671, 13.368215938490252, 2.813407882527734, 0.0, 0.0, 0.0, 0.0, 0.0, 0.0, 1.3963955429963342, 4.25168138589266, 6.912817573565121, 23.08243034702494, 38.701768016491314, 7.117308861331367, 18.307785379753966, 1.016920838775718, 9.063180585545012, 5.701791436639581, 2.917766884033057, 0.8268694498861464, 10.566202255939743, 0.35708835018354534, 8.588985055604127, 7.196061441937388, 6.339184936315746, 8.678713386644574, 4.477163603500088, 3.340437671847127, 5.598559500611941, 2.1837216996667337, 3.1627877459258684, 0.7238222472508937, 5.2897885570390315, 3.3630983223666817, 5.410153909815648, 5.544344956710745, 6.096322455236134, 9.142574145495246, 10.256046996211296, 38.795559550133476, 3.08306563349106, 16.77373677457149, 3.2999792678559743, 0.5712413528605111, 1.590927557543182, 3.923656111585416, 7.568720140411585, 8.015455356803571, 1.3622812813575536, 5.756743526248158, 4.4632888254703005, 2.141426610724011, 3.994147355037512, 14.976352324470895, 5.711892369975885, 0.0, 0.0, 0.0, 0.0, 0.0, 0.0, 0.0, 0.0, 0.0, 0.0, 0.0, 0.0, 0.0, 0.0, 0.0, 0.0, 0.0, 0.0, 0.0, 0.0, 0.0, 0.0, 0.0, 0.0, 0.0, 0.0, 0.0, 0.0, 0.0, 0.0, 0.0, 0.0, 0.0, 0.0, 0.0, 0.0, 0.0, 0.0, 0.0, 0.0, 0.0, 0.0, 0.0, 0.0, 0.0, 0.0, 0.0, 0.0, 0.0, 0.0, 0.0, 0.0, 0.0, 0.0, 0.0, 0.0, 0.0, 0.0, 1.3930832783050882, 2.8134078825290914, 9.404253958692848, 6.062364248610891, 5.76507739055296, 3.3539575716042123, 0.0837946262911089, 2.5024659463335297, 4.58540697016997, 2.2846500765457165, 0.1758540846366543, 6.016703378181575, 2.5341823096440237, 0.15914365568256983, 3.7333675533327124, 1.8471226544633623, 5.861849099530929, 7.226659449876223, 0.04922776122543837, 5.615793669814423, 9.479820155418338, 5.8041529432434515, 5.126828576114974, 4.308387332663202, 7.650339455340344, 6.936524010421124, 5.592282114427093, 8.073322142342477, 2.0277639474495857, 1.5743121960376243, 2.6081923816495873, 19.08083298028552, 3.02765652066374, 2.695793570642593, 5.462644187117618, 9.382190027077925, 26.65246903768798, 7.514986697530674, 27.273288470742386, 0.05678429774508231, 19.97164954457878, 10.231440877944365, 0.0, 0.0, 0.0, 0.0, 0.0, 0.0, 0.0, 0.0, 0.0, 0.0, 0.0, 0.0, 0.0, 0.0, 0.0, 0.0, 0.0, 0.0, 0.0, 0.0, 0.0, 0.0, 0.0, 0.0, 0.0, 0.0, 0.0, 0.0, 0.0, 0.0, 0.0, 1.3963955429962738, 8.70100537284982, 10.605756801010727, 3.437057537950494, 5.316889497186594, 3.2617686832491586, 7.467300016954027, 1.608432187933147, 1.7295369067081197, 12.860982440607245, 8.359580017424094, 2.956208670145884, 15.624730279500739, 1.832422264254376, 34.194426816235676, 3.550366944477048, 15.838783903774384, 7.838229017204384, 16.396029595611708, 9.512028279054334, 1.088165968799231, 2.8134078825290985, 0.21356684511145474, 4.251680115361957, 5.791540553528719, 4.2534520685604065, 1.0148188403866527, 5.044996615663251, 1.8477906331777092, 12.484778712404108, 12.039095459521718, 1.953273550902452, 3.7083102130350625, 0.40855684384371216, 0.10084167195745408, 0.5642569389846699, 0.19981445479822924, 1.137092847396886, 4.405274311741891, 1.14002093810862, 4.405274311741863, 4.308101279721512, 2.39674968369323, 4.316611052408362, 0.7662817441980252, 0.5370202726133755, 0.14607571674491737, 2.6123568327586497, 3.013005762868204, 11.079548145244402, 12.074309771189348, 0.369310361829136, 1.4147378639228236, 2.0765923817679663, -4.263256414560601e-14, 2.3993301212794904, 1.7161160050287378, 2.3993301212794904, 8.701005372847291, 2.8134078825277307, 0.0, 0.0, 0.0, 0.0, 0.0, 0.0, 0.0, 0.0, 0.0, 0.0, 0.0, 0.0, 0.0, 0.0, 0.0, 0.0, 0.0, 0.0, 0.0, 0.0, 0.0, 0.0, 0.0, 0.0, 0.0, 0.0, 0.0, 0.0, 0.0, 0.0, 2.8134078825291198, 11.78688641358319, 8.700856620718852, 5.419586465281384, 1.1352021587581618, 0.08546977729602645, 1.6899512825365761, 1.0168063352676455, 3.7567701951841457, 2.9789082160950784, 8.685877128314672, 2.3830767294500674, 4.205042786822503, 1.6375183798730006, 0.3109582775360451, 0.677842612343909, 4.610187675416313, 4.136871871582869, 0.5623213107431155, 12.487655386607145, 7.505025041367361, 1.6970504405974793, 1.085414051937562, 0.7128318124356099, 1.0571396636961765, 4.294124607530591, 2.925241115248582, 0.36173293350398694, 0.5551568772060875, 1.7343680131564554, 1.1506606233922412, 2.805162236104138, 1.4873842237543613, 10.646113216390319, 39.35160483089828, 9.782928077905666, 0.40313001432753026, 3.7368561040347856, 7.650843471992289, 1.0917667751692761, 5.444349691058761, 5.543530104731872, 2.6574279931595584, 0.1224110430935923, 1.7747234728503827, 4.417045040317873, 9.087871030412117, 0.10051703968900938, 5.327412254513945, 4.3142265311520305, 10.061053663926998, 8.194215197872836, 5.95272823889384, 0.3564602958161345, 13.663130089735205, 7.960587182009846, 1.03220480984902, 4.057497111220641, 3.8548757928948874, 4.476807426242317, 3.0943228181834286, 0.21448113821779202, 6.142825311612853, 2.6831445477901212, 5.5278066121469465, 1.2086416253420111, 3.349137203336454, 1.1215841708549021, 4.076059828085505, 5.2889441757253906, 3.2281192317518332, 6.161835883025418, 1.0085296716400194, 1.3958717322833252, 12.762746741320896, 6.964411000263695, 1.8807185603231389, 4.230554960635857, 2.5408740934820173, 7.846507918938428, 4.577734007401432, 19.982616560487543, 22.76083038442482, 1.1391996411230139, 5.317855946310573, 0.4913247651173265, 0.9607935611695098, 5.7082323825515005, 1.2719929288664673, 17.710988649090012, 1.6876774406845243, 8.145804881023196, 11.166555052666808, 3.482758475808339, 5.959470694105789, 2.8075801039468615, 3.136178001357081, 1.884779531515278, 4.809407541856615, 9.51431266692802, 8.014255955970185, 7.291868385424223, 4.251681385892915, 1.396395542996265, 0.0, 0.0, 0.0, 0.0, 0.0, 0.0, 0.0, 0.0, 0.0, 0.0, 0.0, 0.0, 0.0, 0.0, 0.0, 0.0, 0.0, 0.0, 0.0, 0.0, 0.0, 0.0, 0.0, 0.0, 0.0, 0.0, 0.0, 0.0, 0.0, 0.0, 0.0, 0.0, 0.0, 0.0, 0.0, 0.0, 0.0, 0.0, 0.0, 0.0, 0.0, 0.0, 0.0, 0.0, 0.0, 0.0, 0.0, 0.0, 0.0, 0.0, 0.0, 0.0, 18.27700544584465, 23.45538735570858, 10.592261924230968, 10.19119425932979, 23.29399775194591, 21.20629267056762, 1.1048917541545222, 0.8539868040228384, 0.5228277591202897, 0.128604350999737, 2.6632689189578684, 2.84092550560419, 1.4231821519612353, 5.711892269824162, 5.711892269824148, 5.711892369975914, 11.786886413583204, 12.564325329647431, 1.001997728257379, 1.7254129616417515, 0.011947416552288814, 5.249723747770304, 1.6784830830756903, 18.234870107636027, 2.6121306117325958, 4.518964049681699, 2.7495651176159583, 0.6476693265492486, 2.325492493078684, 4.5715103922487685, 0.6003318746748505, 1.1770971013476696, 1.2184904726547074, 6.085694897105498, 6.853447181085414, 7.244620679991328, 4.847172040205805, 5.015831229164519, 1.0636502363320233, 0.09167464462950647, 8.278086124745045, 16.107525090410206, 0.8148646816609926, 5.651284947658013, 0.5410008238357307, 1.105271797588216, 4.448921504509258, 4.406848565450446, 2.5153835941235343, 4.297244415435671, 9.615366854424025, 1.5135688767401234, 2.044393840198694, 0.2468492140162084, 11.257136963525994, 2.5107236009544636, 7.090438093690409, 1.4463735161302793, 0.7614456872570372, 14.27894417997257, 0.26590015879384055, 11.59874787641948, 1.069846923724441, 1.849953393734296, 0.333003838406114, 9.151586842614819, 4.86885219714776, 5.905285520613859, 3.791753224165177, 11.933091783654788, 0.16346472543861523, 5.189170444247907, 3.549828581631459, 1.958684407810921, 4.930401373405118, 0.1291962425210329, 9.855096868882725, 5.919671041709279, 6.593044657995961, 7.440276398139758, 35.76670047269445, 0.8065438111615322, 29.255334495735042, 42.33709840182189, 8.914320097998768, 3.1317343227017886, 2.848707613996595, 0.5548443234457352, 12.49183585555491, 18.05015353441638, 6.343656056603095, 2.0793375210620866, 10.231440877944408, 5.7118923699757715, 0.0, 0.0, 0.0, 0.0, 0.0, 0.0, 0.0, 0.0, 0.0, 0.0, 2.8132022805134547, 4.251681385892915, 9.826266759269672, 9.30744995318986, 16.09833609644531, 2.53446462700839, 3.3948110451707976, 16.125908390326373, 19.272750403523787, 11.09998529851903, 15.52359360806112, 0.7151418491762769, 0.36817246555850147, 3.347632927479623, 5.3899872238839635, -1.4210854715202004e-14, 2.031544776911929, 3.347632927479637, 8.205556339212606, 2.8770648787909607, 11.998104564171328, 2.908520016117677, 6.947432294096245, 4.822568862339921, 1.0555888380226577, 2.5822908579981743, 8.511485909142152, 5.2682135021373995, 2.0648133325838103, 2.908150945236038, 6.816897359538956, 5.6622259148224146, 0.7682676399836907, 0.7119318332994169, 10.488658634358828, 10.135787077207198, 0.3135019880729857, 4.65058114438871, 2.542600339352987, 3.725538957269265, 5.201695501939838, 10.29863443941639, 3.8658834020917254, 2.3402791494469, 0.2213819874371552, 0.35821969300945966, 0.961999772979965, 3.6493642892643834, 3.3854557495778295, 6.97346414270217, 7.648090243228822, 14.186901887549425, 37.68462591594931, 3.693758532871726, 2.7523022038926115, 15.506183412667099, 0.1949459232512254, 1.3175219655141461, 2.4134464117684615, 7.059190187577883, 2.6302744320432794, 15.959243514557244, 16.2929451567924, 6.6837475689457335, 12.677530752358052, 25.230747513377764, 11.543660607131358, 15.168109843482512, 11.936905054060446, 1.6271359444976952, 1.1798641794592868, 0.0013839094461332024, 0.7336679278515135, 1.3464572617291424, 9.42192731906485, 13.575187036852071, 6.36095318794392, 10.976587866223127, 0.2467748934402465, 0.12200052880416479, 8.000314103595372, 7.440169531559377, 0.8865397034116995, 1.3945871501562692, 4.532724476872943, 3.3526000914599194, 3.3275341515716264, 3.6458564780118365, 1.5572412472550354, 22.298783060641256, 8.138127750507806, 22.405356592117272, 13.368215938490124, 2.8134078825290807, 0.0, 0.0, 0.0, 0.0, 0.0, 0.0, 0.0, 0.0, 0.0, 0.0, 0.0, 0.0, 0.0, 0.0, 0.0, 4.251681385892887, 10.231440877944422, 2.0182522218660495, 0.38377311420006777, 6.113475928638394, 1.70649537778678, 24.341465058569042, 6.0857349051205745, 5.994295861850617, 3.278579810596028, 5.147818364231824, 0.29374259762806787, 3.979931233592694, 0.09136462369536957, 1.2146401572335606, 2.3157069755768305, 2.8001004040152395, 5.774992028347214, 0.5398658405930803, 0.15255142160202695, 1.1830254316113837, 0.8238718220960664, 0.995189521572911, 1.602113526069104, 0.534282469805845, 0.9995356449906296, 0.715686035012169, 3.388697791787081, 13.368215938490238, 4.25168138589288, 0.0, 0.0, 0.0, 0.0, 0.0, 0.0, 0.0, 0.0, 0.0, 0.0, 0.0, 0.0, 0.0, 0.0, 0.0, 0.0, 0.0, 0.0, 0.0, 0.0, 0.0, 0.0, 0.0, 0.0, 0.0, 0.0, 0.0, 0.0, 0.0, 1.396395542995963, 8.701005371508472, 3.126625599644264, 2.564907806232725, 1.762938599746704, 0.38168896456532764, 4.618736914684376, 9.20679626392257, 1.058675677482654, 31.614931743051528, 22.894666634567443, 2.3175415888736097, 16.732654359759806, 10.23144087794445, 1.3963954285339213, 0.0, 0.0, 0.0, 0.0, 0.0, 0.0, 0.0, 0.0, 0.0, 0.0, 0.0, 0.0, 0.0, 0.0, 0.0, 0.0, 0.0, 0.0, 0.0, 0.0, 0.0, 0.0, 0.0, 0.0, 0.0, 0.0, 0.0, 0.0, 0.0, 0.0, 0.0, 0.0, 0.0, 0.0, 0.0, 0.0, 0.0, 0.0, 0.0, 0.0, 0.0, 0.0, 2.8134078825290914, 8.701005372849991, 10.86512419661733, 2.0015661706836454, 2.133315924769761, 0.48254400250755225, 0.2423485955322917, 5.711230582349003, 7.538932709293817, 4.054502092221696, 19.69414928126463, 7.609421833708126, 6.016502352456072, 8.24463402087784, 5.648485844976847, 7.61930045021424, 0.5734977702473429, 0.5643756741414165, 4.8783387272981145, 1.1434886234032433, 11.004796106206811, 4.015848287377423, 13.368215938490195, 5.711892369975871, 0.0, 0.0, 0.0, 0.0, 0.0, 0.0, 0.0, 0.0, 0.0, 0.0, 0.0, 0.0, 0.0, 0.0, 0.0, 0.0, 0.0, 0.0, 0.0, 0.0, 0.0, 0.0, 0.0, 0.0, 0.0, 0.0, 0.0, 0.0, 0.0, 0.0, 0.0, 0.0, 0.0, 0.0, 0.0, 0.0, 0.0, 4.251681385892873, 8.701005372849878, 3.359825578218107, 3.9246861630948047, 4.450790707373187, 4.974880445072557, 7.424973890567799, 1.044836899565297, 3.596032772257672, 0.19888029214482117, 3.7206177518210097, 7.13919510421897, 1.8887647317322944, 9.575295873314474, 11.786886413583233, 2.8134078825291304, 0.0, 0.0, 0.0, 0.0, 0.0, 0.0, 0.0, 0.0, 0.0, 0.0, 0.0, 0.0, 0.0, 0.0, 0.0, 0.0, 0.0, 0.0, 0.0, 0.0, 0.0, 0.0, 0.0, 0.0, 0.0, 0.0, 0.0, 0.0, 0.0, 0.0, 0.0, 0.0, 0.0, 0.0, 0.0, 2.8134078825291056, 7.1947513300297175, 4.220864619660475, 0.8133233138862863, 3.775862593029501, 12.101811123148309, 3.1072986475138578, 1.1953948884133467, 2.2492383268309766, 1.7289778921195023, 3.6314192271622403, 23.69033825852165, 31.399686071030885, 7.371526513128003, 1.4721933348225775, 12.32361087390143, 10.383681795251903, 3.1037465496362984, 2.9462292497498197, 0.1747868869373974, 4.167716145710017, 4.356596051302091, 0.21229363727482564, 2.150058463089266, 4.408497049004438, 19.73325281473484, 1.8483184323214346, 2.919340139142548, 0.2577219719777304, 6.715314061987016, 16.245542119259426, 3.147214143853688, 2.3138993014522953, 3.217012811779, 2.194976102453694, 9.120049089904626, 3.0210479305195292, 2.1825745020755107, 3.282491421028311, 2.565448373385948, 1.2279015235633892, 1.252159301730785, 2.415807712035644, 1.1809432634879613, 0.680252477180801, 1.8459859616543781, 4.34737795013865, 2.5658384049337144, 9.922014430615661, 35.2514485881957, 3.8616227043942217, 28.06891924296383, 2.350694729875471, 0.4873411253292943, 2.5673585026516434, 0.5322051156372254, 3.773917541724586, 8.016618242357339, 1.914626655080724, 1.923668351642931, 3.1240032497308903, 6.372278012589959, 3.565536093780196, 2.448529732127838, 0.6021558734878596, 5.12445602817354, 0.33824313949919826, 2.7711769867348437, 1.511970845811959, 0.13530546871101023, 1.610665794162287, 0.8597245594972946, 37.455162217992836, 19.562538608834473, 9.546885577615342, 13.045184256067671, 0.9343211987544464, 4.14362995842157, 3.2984671504572134, 2.3105447450472525, 6.977248865449212, 6.235449978144345, 4.197038303694342, 0.34792387911585365, 1.4644812813139652, 4.870927053437811, 0.4619179557144264, 0.051731639882945046, 8.701005372849991, 7.1947513300297175, 0.0, 0.0, 0.0, 0.0, 0.0, 0.0, 0.0, 0.0, 0.0, 0.0, 0.0, 0.0, 0.0, 0.0, 0.0, 0.0, 0.0, 0.0, 0.0, 0.0, 0.0, 0.0, 0.0, 0.0, 0.0, 0.0, 0.0, 0.0, 0.0, 0.0, 0.0, 0.0, 0.0, 0.0, 0.0, 0.0, 0.0, 0.0, 0.0, 0.0, 0.0, 0.0, 0.0, 0.0, 0.0, 0.0, 0.0, 0.0, 0.0, 0.0, 0.0, 0.0, 0.0, 0.0, 0.0, 0.0, 2.813407882529056, 4.251681385892937, 7.598169068801639, 4.971843372636101, 1.2512244494228355, 0.5006235244177333, 0.7731972373300096, 2.257568149257935, 6.658008024063491, 1.5691234000904046, 14.834222831465752, 6.315731495392697, 0.11950846274245919, 5.295286529569239, 3.011380174160365, 1.3481794485986711, 0.7675145645173416, 9.061022825605221, 1.8636227805712906, 0.3466072666744253, 9.197139298003663, 3.7710611441568176, 0.2487335378622788, 0.3270148685330696, 9.185838508818392, 19.28474664261205, 0.1398445032156701, 3.9896366333649382, 11.001095475903952, 8.4749468361467, 0.9071636845684736, 5.14335291527928, 7.0766632064695045, 0.9055542905356617, 3.7092906369431944, 1.235153911682005, 1.202050247717409, 1.2759733894164356, 0.7784715645796609, 0.29198781577846944, 0.12033888272617332, 1.8323889364517925, 10.181780478160249, 3.437663390461381, 26.602678793222083, 23.379603230449305, 0.20631442434928715, -1.4210854715202004e-14, 0.4563216674737589, 0.7757168103844521, 0.5942368137875604, 1.2424575114141305, 9.747057333645472, 0.2420819230867295, 13.811154052625483, 2.7352522250440927, 7.871325180839506, 1.3119420308889005, 1.0803922348709705, 16.194171368862186, 8.087176748391329, 1.4435653483097468, 5.914389147828842, 1.0856182423186596, 3.633170259137728, 3.711938383031722, 3.533985096841846, 9.569368123115424, 2.507776498607683, 5.216943557680125, 4.659278085925735, 4.18830618011733, 2.3411736531556926, 7.86430049837071, 10.95705424238372, 2.074044794947639, 5.650870400904523, 6.604957133673622, 7.132792042544281, 0.46301733433901404, 25.66602409837077, 37.646696343547035, 7.300837059325602, 42.94061115544349, 1.0929752118679517, 22.96740126152693, 5.6139200935549525, 0.07667251582512336, 7.460431422962586, 1.4293281286381898, 3.0813121750344976, 4.078127976504675, 2.80510906975519, 1.6567000945599375, 4.408128878366767, 8.558509342533569, 18.700733611048577, 7.227596781203431, 6.912543613251842, 0.8694282687652617, 2.7620630427965978, 2.025407089046837, 13.114683557921268, 18.788794167526362, 4.931059645107609, 1.966482324923561, 1.4239091628825236, 11.226809631974902, 2.822950785302453, 12.248532362090458, 32.803001364193335, 11.611139404095667, 36.63691314705818, 3.0905495898784636, 23.841574945871997, 28.197016529670634, 1.1010758186777139, 27.929660304375034, 0.5207515957897897, 13.449701694916456, 3.772957186947167, 1.5638540897379016, 0.8419639471856044, 4.229710180127313, 11.999683801070432, 6.729423124652499, 9.386584490762289, 3.6446628906054457, 18.305610025320732, 7.046042262603635, 19.51630549677907, 5.055050060432279, 18.789430261802238, 5.117132098744776, 4.539117344931469, 1.5767505375364408, 5.878709800778438, 8.67569093000617, 1.886237384403671, 1.8939289598181972, 21.60743171797361, 16.389038135985317, 6.209811623868802, 7.806316881878644, 1.0399719513573302, 5.76999131470302, 3.5629162975061774, 1.093378017249762, 2.462860173624904, 6.75671130265016, 16.287711628899388, 1.3471282379514946, 4.221348858050817, 1.0361466407846933, 2.4356641746064156, 0.800640908521359, 0.2402232495308283, 4.71908654977733, 2.7753921225680642, 6.092381515044309, 14.976352324470895, 11.786886413583161, 0.0, 0.0, 0.0, 0.0, 0.0, 0.0, 0.0, 0.0, 0.0, 0.0, 0.0, 0.0, 0.0, 0.0, 0.0, 2.8134078817522123, 7.194751330017397, 1.633530439338415, 0.5488247645094759, 4.995648476257841, 2.239806398698491, 0.7757168103844521, 0.1686159989497753, 3.8406047558407863, 3.6541807952003467, 6.7269078635357005, 1.8905403629818238, 4.128906038691781, 4.3184849896063895, 2.8033948143767304, 8.46014468573162, 0.07689521695581902, 1.8028138027480622, 11.871593829861126, 6.163632129153001, 7.543169117661378, 6.1636321291529725, 5.629204643548292, 0.17182967994816067, 11.878292754940333, 2.2203816296856473, 2.732243415855365, 13.367861881316884, 11.786809711571053, 0.0, 0.0, 0.0, 0.0, 0.0, 0.0, 0.0, 0.0, 0.0, 0.0, 0.0, 0.0, 0.0, 0.0, 0.0, 0.0, 0.0, 0.0, 0.0, 0.0, 0.0, 0.0, 0.0, 0.0, 0.0, 0.0, 0.0, 0.0, 0.0, 0.0, 0.0, 0.0, 0.0, 0.0, 0.0, 5.711892369975828, 10.231440877944479, 14.99962126134443, 1.849994463505567, 7.005866608282616, 2.704347866139784, 5.386050453433228, 0.11409801737468683, 6.9122386105285045, 5.135634180926274, 0.2537075362885446, 6.11414290232338, 6.45696527754734, 3.159564095452481, 0.05871763602237934, 1.1592691719086474, 6.6038359887438105, 1.9056509397567254, 0.7181669169571592, 12.291796185441655, 5.1889833373417105, 4.15080453259128, 15.942212306754811, 4.893354357527414, 6.090251342642233, 1.2651833323610902, 6.691180418117426, 7.890296605466915, 18.427221150568727, 16.22883712692402, 0.7433341642132518, 2.219856806054082, 29.62819720766376, 25.897312852355896, 3.6035764014306153, 4.331190413777136, 20.71158035973542, 6.821845492676744, 23.546029798214192, 13.235396638730975, 6.130933432182218, 6.983239483468566, 2.5923301775867458, 7.484527920423716, 1.7337646028341283, 1.9992197273429326, 5.89210466017424, 0.9483059139600272, 1.888094264389025, 5.416926780729071, 3.7940601532664004, 5.007320046340013, 4.264508425367694, 8.614891641682533, 0.6509217574125188, 0.48179984050025837, 5.084656833942802, 0.655748396725528, 10.546264429829876, 8.58703732416393, 0.8181906084354296, 3.185960625842881, 1.4211532313787245, 3.156988621873424, 3.261684169857162, 9.451683547323398, 7.349675838105782, 12.55797041288426, 7.632030924035462, 0.9082492038844947, 4.994978033305301, 0.5225314367247194, 1.4147378639228236, 0.15409974516956026, 0.15409974516957448, 1.4031126280351671, 0.7785009032689203, 0.8771254499921852, 4.1602427343605655, 6.684610892623951, 1.9595000390920063, 0.11646486574940695, 2.126063845273663, 1.541073127549211, 10.349128642523823, 1.906907661428761, 9.559730172022228, 4.696153017459977, 1.6454076243041698, 1.7166368573882806, 2.813407374784493, 1.3930832783051041, 0.0, 0.0, 0.0, 0.0, 0.0, 0.0, 0.0, 0.0, 0.0, 0.0, 0.0, 0.0, 0.0, 0.0, 0.0, 0.0, 0.0, 0.0, 0.0, 0.0, 0.0, 0.0, 0.0, 0.0, 0.0, 0.0, 0.0, 0.0, 0.0, 0.0, 0.0, 2.813407374784507, 5.711892269824148, 2.266956616727242, 0.9495398955568817, 3.57982171528144, 2.757869683469721, 0.8886996237785638, 1.626902049679643, 3.006639958354924, 10.854559108637488, 5.187421844760422, 3.8113331910241754, 3.9426293638070433, 0.6781979980971187, 1.2358901092785572, 0.4516310572487612, 10.531766666420708, 26.69773113203064, 4.753830799277182, 7.555416347738344, 18.277005445844736, 7.194751330029618, 0.0, 4.2490760761064195, 5.7016817187491, 0.17769559187888007, 2.842170943040401e-14, 1.4210854715202004e-14, 1.4210854715202004e-14, 0.317177415002611, 0.4533650537578353, 0.149885794591178, 3.016409137110614, 1.0732318885822778, 4.146955821583298, 3.9246970529679004, 9.0548332360394, 10.250998308061568, 1.929230753496526, 3.333033734121514, 7.9166897105429825, 2.891866003955812, 0.12519432894657712, 5.411808163832532, 0.6149870395298507, 2.5284370389559996, 3.764213869640713, 1.705959967892909, 0.05598109392741435, 0.5825830059585826, 3.1379183882932296, 2.392196428266402, 1.63894497260128, 6.035891389333003, 3.6670380338193382, 4.688260142119397, 0.9457355592162529, 2.4555985831995315, 1.2609302567308305, 1.4596098458251419, 0.2550514906232024, 0.9457355592162671, 1.4693402108902731, 1.4031126280351955, 5.464696468418538, 1.1183108566764588, 10.02132571266722, 23.294985433438768, 8.345626859113821, 1.2132120075982016, 3.8663506891659267, 6.011722821445204, 0.25628332696337, 6.009238381848689, 1.0453604227750475, 11.40137767946112, 0.14725716151059487, 37.400842249256186, 6.284191351756192, 14.903447303749033, 18.11746489047121, 10.779073803013546, 5.8450610287872, 5.124851779788401, 3.557961562662882, 2.1440755219940115, 6.790528051507579, 2.331088356365825, 3.4851401234320747, 6.517631287786628, 0.1551065208742557, 0.5390230566289915, 3.123869117198751, 4.558761917801689, 9.523588936779703, 6.56940068310081, 0.738881295254771, 5.873906299779151, 1.3166285143543064, 1.0341923861868736, 2.712604631339161, 11.66962213262127, 0.008179335354327577, 5.707255350937373, 5.009495390997984, 3.214429909664659, 4.296832830067558, 7.0834964286111415, 6.9770812076300786, 13.887396622035368, 1.0039863371586364, 4.906111332736515, 4.654600582044651, 0.20926135081734287, 5.062937996682649, 8.085859540410809, 0.4268390793806702, 0.15094564052662918, 4.921953741040511, 0.20439853622423243, 12.933746309315154, 3.1192089241741883, 16.06544129860839, 3.0109193393535065, 0.5970713709628512, 1.5564647413426655, 11.786886413583275, 5.711892369975828, 0.0, 0.0, 0.0, 0.0, 0.0, 0.0, 0.0, 0.0, 0.0, 0.0, 0.0, 0.0, 0.0, 0.0, 0.0, 0.0, 0.0, 0.0, 0.0, 0.0, 0.0, 0.0, 0.0, 0.0, 0.0, 0.0, 0.0, 0.0, 0.0, 0.0, 0.0, 0.0, 0.0, 1.396395542996279, 4.251681385892894, 3.0872383004536204, 10.119622399794906, 3.6120771356498267, 5.641571659299359, 0.5938820074277373, 4.641085287668375, 4.159376494149285, 12.212226093406173, 7.667130337825199, 50.764545602098394, 0.5871785526023814, 30.331921482505322, 1.5424730301190266, 9.960076254304454, 2.5722986341552883, 2.619247526779418, 17.430831292166545, 12.822557110491232, 9.985541059104747, 35.83378663704278, 8.935001525209316, 0.5125758265053264, 6.337463254132331, 1.1312713765356932, 1.6451299800503136, 5.753800146379945, 8.916484133215647, 3.587146718127997, 10.970717471504997, 2.765745466346573, 8.306074350409801, 13.222533702512436, 1.8857361241340413, 9.076336754821938, 9.422092725771478, 0.340367263453345, 19.59274000260268, 1.143438953677645, 21.098499680908105, 0.10428977292801278, 15.344629024037914, 1.8934771775577701, 10.468496627404988, 7.46768249106708, 6.983145640290218, 9.018718364876719, 3.5721960767726557, 24.64846663455083, 23.308580805042936, 6.640322338033286, 35.30590476277331, 1.0855722084181139, 7.257410720408956, 9.225945233089249, 7.695403792086552, 4.8759871657398435, 3.686214401276402, 5.610420904854038, 12.770597219627405, 6.236244808090078, 4.950594764870857, 0.24306212715382003, 1.5462023600103123, 0.4579788167807237, 0.6754471713823875, 11.241979275068672, 9.871473639949613, 5.770834363055997, 14.31021514230423, 0.47422417026587027, 1.611876963571774, 2.8540632594322233, 0.7926888746180794, 6.065499886799614, 9.098876926944342, 16.031695144315563, 5.466844723516999, 20.784071742265695, 1.23616749180934, 1.8965818068890599, 1.4734548232934799, 43.40500560775632, 16.259512488667667, 5.662699528279063, 1.4918019558581932, 0.504379317203103, 1.0763607581338874, 5.478401438716276, 0.6084737375898044, 5.264602078359076, 5.745669285102224, 6.731216073885804, 2.863910361892522, 7.014624841730665, 5.30209893820745, 6.388644835178695, 19.718898621594633, 13.951332276472556, 2.796967906238791, 7.583098157357398, 0.11967002097998147, 13.461138556905894, 14.97635232447098, 10.231440877944436, 0.0, 0.0, 0.0, 0.0, 0.0, 0.0, 0.0, 0.0, 0.0, 0.0, 0.0, 0.0, 0.0, 0.0, 0.0, 0.0, 0.0, 0.0, 0.0, 0.0, 0.0, 0.0, 0.0, 0.0, 0.0, 0.0, 0.0, 0.0, 0.0, 5.711892369975878, 18.277005445844622, 14.799368210789993, 0.2731408125585517, 3.6856172873543755, 0.6713197004633287, 1.1898657237303212, 5.33495226788051, 8.639539854278894, 10.6444577310385, 6.685573889761656, 7.00250121944859, 3.401109429406006, 3.37603066999543, 2.4415708090234602, 4.022904104015993, 8.936566570936066, 0.4666515937283293, 14.72976811373934, 1.388908474160644, 3.526771658059488, 1.2722814954124146, 3.6796645292243966, 8.419804455110068, 0.5065798581189256, 2.564682325310997, 0.2532989059710644, 4.126367696538978, 2.33616785803585, 0.10412453213291428, 1.1708197977599184, 5.200883878124927, 3.3412243255640135, 4.286923085161703, 3.619184434571679, 2.4802517604063894, 0.9808535724222907, 2.1130963323679026, 1.0056444170691066, 5.697076557533052, 0.7812922359071877, 4.145338187411539, 2.1505151793793402, 1.119762025749111, 0.7536931364621182, 2.5241853461997152, 4.477215228009499, 1.1288486970555027, 2.0254287034404683, 2.3778733483167116, 8.630166176646128, 8.80809736238217, 4.843110593997295, 10.285399383911454, 2.136004680064417, 3.7696914288741254, 10.231440877944422, 5.711892369975878, 0.0, 0.0, 0.0, 0.0, 0.0, 0.0, 0.0, 0.0, 0.0, 0.0, 0.0, 0.0, 0.0, 0.0, 0.0, 0.0, 0.0, 2.8134078825290985, 8.701005372849835, 1.4257096961283509, 1.7170879732138928, 0.771386812586826, 2.633608212756087, 4.046267478504461, 0.8373396465940459, 2.630814447564717, 3.212753437200064, 2.2660673637533364, 5.42124343579755, 5.160390859481197, 4.7212572116035005, 0.9890645998264631, 8.856849786020575, 18.905959060638935, 0.29550115836423174, 12.88057638422714, 2.236698495610625, 0.6851920862071097, 3.882272449440478, 0.5414683032418566, 5.692130500040207, 1.4993161177335423, 13.734557497308316, 1.921113176328447, 4.164475899489304, 7.438468143920204, 2.160530592865541, 7.214684895283597, 3.0069430923069262, 4.196353240970097, 19.134757597525464, 6.386286692800894, 0.5795844253405278, 12.393975299135661, 14.626974505382137, 9.173329925426401, 9.594731369485956, 2.6504069562064103, 0.7282488624894086, 3.0015069849673637, 2.4380884381560293, 11.02721819771233, 0.29951309834703466, 6.175878687893174, 2.263559562617104, 9.029150236571184, 6.819686192988144, 0.7218706750978328, 2.3200666877786347, 5.512446784128201, 13.187122252765818, 37.708516150576344, 5.974506468781783, 3.152235172692201, 2.278462646764723, 0.08937209366507659, 0.6574856238106292, 1.5712082191583931, 0.9044705378676667, 3.6686693556809473, 0.5275324649816753, 0.49635623144408214, 6.595950692170987, 10.800922449505379, 8.77000178554303, 0.27335145073288913, 11.101850873195986, 0.824231771207792, 7.106773027210124, 4.187290744613506, 4.65246843204676, 6.469746470347047, 3.285809168493188, 6.866902430548777, 0.863611922380187, 2.245086530099627, 3.1267505471087134, 5.30062119485477, 1.1064482492504624, 13.150051155097799, 7.901490404113105, 1.31211637754717, 9.428918441079588, 1.9366899004481866, 1.141011627655132, 0.7518882490417695, 7.125512980889425, 3.2419869355774154, 14.853274942678212, 8.701005372849934, 4.251603440685038, 0.0, 0.0, 0.0, 0.0, 5.711892369975935, 10.231440877944351, 0.6572218684741955, 1.680030800378205, 0.9337396483006728, 0.3641664374105176, 0.4912509567687664, 0.43049660075169527, 1.2850039258862864, 0.624033594190081, 0.6535001264453228, 0.1786489710409569, 3.4400126427833015, 11.088361916457842, 27.628366058420795, 13.05550971791476, 38.03125106564306, 2.1190610201395543, 12.854635140714322, 2.02919687302429, 2.842170943040401e-14, 0.7786400941241851, 0.043792125413020244, 0.4992190892069601, 1.1529356419079022, 2.3186379700142936, 3.6467490235239666, 0.7688848204899301, 5.711892369975885, 2.813407882529095, 0.0, 0.0, 4.251681385892965, 11.786886413583062, 5.435447607876114, 8.116320068291827, 3.9234559681212886, 4.72045744155119, 1.8817265863747252, 18.287644052386014, 18.52351554328419, 1.5053081205404055, 3.116899880084617, 1.1680661730949566, 4.298132866933543, 14.077013797323957, 5.339566027941828, 2.473017927156718, 4.094937264490255, 4.665058938617165, 2.5185539542395645, 0.6202827442992884, 1.4654603166806623, 2.6907022624941987, 4.9352899094627105, 4.683601903078795, 0.11049477018076459, 0.26989495408406583, 1.6272132987989494, 1.4637211092999678, 0.03845559093906559, 2.215303254817627, 3.068696714729981, 4.5215419302191435, 5.416240219436759, 4.415921866593237, 14.455499326911934, 10.586796859568778, 0.9428294408756415, 6.194925695880897, 4.3345621546662585, 2.8840972885382996, 1.6240380612979948, 4.4895465130825585, 0.8082340567501944, 4.78965989804945, 1.9501182258994447, 1.8346905232514956, 2.774855798891565, 5.805592715590166, 12.57048800736186, 5.679699987715651, 31.0549379232271, 14.482846589113905, 6.126458494828611, 0.06304883208568413, 0.10346479640651296, 3.1374312109421965, 0.7522191230999908, 0.7140258300583184, 0.30701924758974997, 1.8914634012034526, 2.862495099633975, 0.7137199723863148, 2.5271127567823726, 3.2524090301476747, 5.611088018701565, 19.218716109787664, 4.450790707373017, 9.652516327764658, 0.1323612184147578, 2.967350090450992, 1.4253074696006252, 1.3726032636951402, 0.7322385279887271, 1.9940290800040543, 32.67942044294077, 8.792354809308733, 6.585672953801122, 9.48025332991989, 5.696205237956747, 2.467699686676866, 1.0350489958352398, 2.3618813634036258, 6.571818771606104, 10.50462031128319, 10.010922241498704, 2.813407882527734, 1.0658141036401503e-14, 1.3930832783051006, 1.0658141036401503e-14, 1.0658141036401503e-14, 0.3465221316820113, 1.073231888582292, 0.34652213168201484, 1.073231888582285, 1.0658141036401503e-14, 1.0658141036401503e-14, 1.0658141036401503e-14, 1.3930832783051006, 1.0658141036401503e-14, 1.393083278305097, 1.3930832783051006, 1.0658141036401503e-14, 2.799618870679435, 0.3465221316820184, 7.105427357601002e-15, 0.34652213168202195, 2.7996188706794385, 1.3930832783051006, 0.0, 0.0, 0.0, 0.0, 0.0, 0.0, 0.0, 0.0, 0.0, 0.0, 0.0, 0.0, 0.0, 0.0, 0.0, 0.0, 0.0, 0.0, 0.0, 0.0, 0.0, 0.0, 0.0, 0.0, 0.0, 0.0, 0.0, 0.0, 0.0, 0.0, 1.3963954285339142, 1.396395428533916, 8.840895650845994, 10.248777784441344, 8.00019443106467, 0.10771297794963175, 3.0315189977795853, 1.6869836960900102, 9.302506100965246, 4.79549243096389, 22.754538451539815, 8.85561753981898, 12.647635199408626, 8.789331037550255, 1.511331393637363, 0.7619942772823265, 6.535632739434618, 7.989249798506279, 0.6828811217161501, 8.475046293514538, 4.0404675837174295, 6.228322548662419, 26.117034742628533, 1.9992883114628341, 7.003655474158876, 0.442846846524958, 0.17544176103228892, 3.9914777619423205, 3.5784964460314086, 7.736263644799095, 3.3437079605822078, 9.548542395339098, 2.28281342536053, 4.506516010423866, 0.006520000860774644, 2.9631162341041204, 5.215205428858525, 5.744359759295435, 5.138622750789068, 0.3676335298087565, 8.956701422025162, 9.069017847824, 2.3593308773507715, 4.8379471526251905, 10.865513960397266, 3.0668193986924734, 0.7912545470164218, 1.5778188935429398, 10.101646069231037, 4.558940073346719, 2.54235258574613, 8.589284453726805, 0.8709259754794516, 19.42112449870592, 2.0317694420328394, 1.363745071266976, 3.6352180241013627, 0.8145932287710878, 0.5805377684211237, 2.5401652783454836, 0.09806373134918545, 0.18700298609013544, 4.672010958999465, 0.431077228116294, 4.121081251618307, 3.723113240893838, 9.402262015561746, 30.86329947659266, 0.2855132327811134, 12.63962473901438, 1.5047697275537644, 6.3255954456631684, 10.956101439272459, 11.207647886922132, 3.6810882039951025, 11.683080229517827, 5.083256562897304, 5.529184181860501, 2.4098238290062, 0.2755852718135259, 2.3505868451734955, 3.7816198556630525, 2.4866558398747998, 6.631422011373019, 0.33807301224658204, 3.9011838596810833, 3.2785237531192593, 3.250219804752845, 2.137742291739386, 4.397230611863023, 0.6697360036926909, 26.81368856879351, 5.6309484270986445, 16.70806073169308, 8.429115846571506, 0.1250772031663132, 1.4986617030538696, 3.881573540580831, 9.31758478358688, 5.58336291870296, 8.84165150538007, 6.719139167359515, 3.0431697676038425, 4.095728106420182, 6.543048722455808, 0.438312418650213, 6.804011779345302, 4.52747634012718, 4.087674864186056, 10.802142124868737, 1.206628765462881, 1.7667791754306563, 5.780267832186041, 3.242122950692419, 1.9692917113980286, 8.837134006358724, 9.667932803146755, 5.042429043777304, 12.172300736763646, 0.727371295828732, 11.081076379478986, 0.8175800278613679, 0.22840469624830462, 0.0630133410224687, 3.509273498001704, 1.4257424141509034, 1.0572166457846777, 0.19158878199073115, 0.8027605678054783, 7.078674934955615, 4.687533484398017, 4.842272468786348, 4.508215662286148, 13.707289708820781, 10.851124252009186, 19.66987631959728, 5.711892369975878, 2.8134078825291375, 0.0, 0.0, 0.0, 0.0, 0.0, 0.0, 0.0, 0.0, 0.0, 0.0, 0.0, 0.0, 0.0, 0.0, 0.0, 0.0, 0.0, 0.0, 0.0, 0.0, 0.0, 0.0, 0.0, 0.0, 0.0, 0.0, 0.0, 0.0, 7.194751330029774, 14.976352324470838, 34.69759169939621, 14.442056896451163, 20.12552253145813, 6.148866096766341, 17.06765481128309, 8.518834085594165, 2.476918415685134, 3.9103796867879055, 0.22732647333788236, 8.815044417611375, 8.768682913874272, 7.005704308506665, 15.540939046710236, 1.8972135081130546, 0.0867380795501731, 4.816379213898074, 3.603893327790729, 8.509872696185681, 15.373452621415112, 0.11599825210592485, 5.807939205361919, 0.12086685279800236, 1.0092460660497693, 0.4538759716101879, 2.4315149638211437, 0.507081621399891, 2.7220046386733827, 1.3283379171434433, 1.2571405101685968, 0.6374908959375034, 0.7099697529178854, 0.668953610489524, 0.8545373125361095, 2.750271231166778, 4.086770380718491, 6.823400568578393, 11.14000159446607, 11.618380025398665, 5.176781146222993, 5.91079501410826, 33.845306748102416, 2.8131700178832943, 23.926435893086705, 1.9747227839735615, 6.240237619800155, 12.069230296231922, 10.498092169231711, 7.812234843315224, 13.178506029967409, 4.021096890231263, 4.214425324012467, 0.9051878063980894, 2.592953688136376, 2.254567030760157, 5.631643003002594, 7.810809740683169, 0.16824220899655984, 0.35181197596932634, 2.5017125395074515, 3.2008012805716106, 1.3089184967180216, 0.6926012396302212, 0.0959434183261294, 0.7920712892414485, 8.05487216965696, 13.354996563293213, 7.984364260581685, 3.818888500368871, 3.3719613093613816, 7.033745112596705, 12.338022408360814, 4.3868270044984286, 0.42029464874610767, 13.799684781301892, 10.9331064275176, 21.749901574776175, 0.27513772778860357, 0.1892011819153936, 3.6931767197144154, 12.51774017157328, 6.35212112508799, 6.905876308784855, 1.9427803254005198, 4.71827663572617, 0.3436863624129387, 2.1124689620869788, 0.6464491624642221, 0.9207328433411703, 4.3232902261367485, 4.963173340402136, 7.783779415836591, 19.189278043810987, 9.689889262780298, 40.11344144761216, 0.07480584387650424, 33.097147563739526, 1.8775302651084758, 7.452484328329319, 3.001623925368051, 2.496761880285817, 14.794493939499603, 11.524101718695704, 20.582219246290947, 32.05319055259679, 27.073694817356085, 8.701005372849963, 0.0, 0.0, 0.0, 4.251681385892908, 11.786886413583318, 3.750637914562134, 0.3589500789294391, 0.28179987969960507, 1.0863311834089586, 1.5580214766870881, 11.586169829251276, 0.6798692562791757, 4.028820844625216, 2.509826196927918, 6.64334041519075, 1.391182732015551, 0.45293694413848584, 4.753869301322567, 5.056390949801084, 3.216010138644549, 3.6589503389799347, 10.122724169028828, 0.08755259205838684, 20.05204302746256, 6.588417611302873, 4.611442971737091, 9.387128238054885, 10.48835744122374, 7.499852586031224, 1.7704542840604347, 0.35508180964447433, 3.163106303658651, 1.6420000075317205, 5.180563600978985, 1.1580206870627023, 2.0344909660173016, 6.883988500282712, 9.692551029655249, 2.283630716070519, 4.082815045891266, 1.510045600775598, 5.118887854788142, 7.9689738842563145, 4.252146485172432, 9.348172640882552, 13.837965653540039, 1.3932355817520374, 6.962769809111535, 0.8768829561649625, 0.0028040325260576537, 0.23840164388118978, 3.210980551134753, 2.1852170657131467, 5.378871645025868, 7.458761946687929, 6.861252365279256, 3.567880820021145, 8.701004530905323, 2.813407882529088, 0.0, 0.0, 0.0, 0.0, 0.0, 0.0, 0.0, 0.0, 0.0, 0.0, 0.0, 0.0, 0.0, 0.0, 0.0, 0.0, 0.0, 0.0, 0.0, 0.0, 0.0, 0.0, 0.0, 0.0, 5.711892369975857, 8.701005372850005, 2.3036711429792263, 2.5354035675299826, 4.293146065405722, 0.5384316862903802, 0.06105718761330081, 1.278255254999408, 3.010944327704692, 0.5179769613110352, 3.2288972323241296, 4.764719364869677, 1.6776463998278928, 2.323731666369838, 5.476163616433638, 1.9049804113836046, 4.171481902819409, 2.2050628060200097, 3.5749931984212537, 7.305521810790367, 3.8293921053003714, 3.923794269809065, 0.621972711268711, 4.125423668749761, 2.397831572549336, 2.043235336231078, 3.941113964505263, 2.560891383420085, 7.234061535139517, 0.34698049124864383, 3.7609724064353713, 7.335351880039184, 7.445513359312997, 1.0592377207690333, 11.522674368467904, 8.536122870999236, 0.1671380858970224, 4.206295195483278, 10.042934493235919, 0.6740051169729213, 4.008227288047863, 2.734912662841225, 7.618813527110888, 0.8838619429403707, 19.244582095732255, 2.488630937119069, 12.4322771632215, 14.155006714076649, 1.4024409034165615, 23.820825515322326, 1.6668987416761638, 0.6726704701168273, 1.3205040420490377, 5.179763211741431, 1.3134049920386133, 14.976352324470923, 8.701005372849934, 0.0, 0.0, 0.0, 0.0, 4.25168138589288, 5.711892369975899, 0.9652537906856935, 0.15924275207993333, 4.564227368461587, 8.563705376706508, 32.9656259886529, 19.22757829059566, 15.886255124138984, 12.774731617354405, 17.535541403418733, 9.635159068634579, 8.985299218848098, 5.83964038354236, 0.6730731438632347, 1.9498432762799212, 9.461113270784239, 11.786886413583076, 1.396395542996265, 0.0, 0.0, 0.0, 0.0, 0.0, 0.0, 0.0, 1.396395542996279, 13.368215938490039, 27.94643007710721, 14.016741341517161, 12.070355700872653, 1.2483981906842132, 6.380169826153633, 1.5715863904936782, 10.431143385505095, 4.182300771914527, 4.167063324291007, 5.82365480313274, 2.324139534858489, 2.423479666453261, 0.15890352408052877, 1.9346324013674803, 14.066756321000753, 5.186770645408046, 13.527696647525488, 16.182586764629207, 20.9194352032805, 3.0747359456401, 21.041835074971118, 1.523650082732729, 7.8979464140604705, 0.4280052612136842, 1.0460559616103637, 2.3730199109990053, 2.20941915313108, 8.213640048288596, 1.490314459678359, 3.0038553343982244, 3.3016537257636287, 0.11292864767165156, 4.461550048876916, 6.4267171516420944, 4.749061628931713, 4.981963019832705, 0.2696578180164124, 14.453112201283034, 2.237245239062929, 5.590566248689981, 32.086739951400745, 17.225345809475634, 5.652044310377434, 0.20799652038012084, 4.219372890943713, 0.34652213168201484, 4.219372890943724, 1.3930832783051041, 1.393083278305097, 2.799618870679435, 1.0658141036401503e-14, 2.7996188706794385, 1.0658141036401503e-14, 1.393083278305097, 1.0658141036401503e-14, 1.299089729061592, 0.7236095364110966, 4.24907607610643, 2.813202280513451, 1.393083278305097, 1.393083278305097, 1.3930832783051006, 1.0658141036401503e-14, 1.393083278305097, 1.3930832783051006, 1.3930832783051041, 0.0, 0.0, 2.799618870679435, 2.799618870679435, 0.34652213168201484, 0.34652213168202195, 1.3930832783051006, 1.3930832783051041, 0.0, 7.194751330029817, 14.976352324470753, 2.6945185515421883, 3.9056300262859622, 19.31464470153253, 2.556587342546379, 13.383943178089396, 8.342349649259745, 4.011500668251074, 2.8114749283441256, 17.38789646848528, 1.9694794721054336, 15.346843477403183, 13.217862224250155, 0.09835987445455885, 3.951296281360385, 10.887553559007785, 0.8635597653156992, 16.53918124018739, 17.034999353178648, 1.3768723500663214, 29.181065616497563, 6.988029118565066, 10.067015580081545, 2.971487059308174, 16.125773258318475, 5.36312707681401, 7.692943907173685, 2.3059245420161005, 1.9326203565981928, 2.9031967431573094, 0.5303736491183031, 22.723877948595316, 10.316613431348514, 4.270571574712164, 1.56119888411979, 6.611604193228004, 0.8100308267260061, 8.729121163867546, 5.77158717112394, 0.04179935899088605, 10.114609425555955, 2.020573141756074, 19.62878360221373, 2.248678488890903, 13.42928188941903, 7.888518621067874, 4.975494767141868, 4.377160212679598, 2.803591574922109, 10.684505613525857, 7.766328592180912, 3.4310403027121197, 8.071076576709459, 1.4159238528316678, 1.5928614610203908, 0.23650485912605745, 3.8065634440271197, 0.9789990053877773, 1.825272386590484, 0.4831318766994741, 0.11020796020494572, 0.23564147846821015, 1.7711065210623929, 4.208461595685947, 15.888973209870755, 0.11330805555053303, 17.20571117443461, 6.602487560273914, 14.733658866309838, 0.4590694728958624, 8.10728009041415, 20.92975503969501, 10.188643920342088, 2.222144572521529, 7.908851662570356, 6.159073592423368, 3.3929004873474753, 1.771335735663854, 0.56552779666265, 4.191876695208265, 2.0070582700127773, 1.469593603394884, 2.02219996322836, 2.9561906748627393, 10.671635933260575, 1.4319308871075407, 4.157543340624841, 1.4416368505355592, 1.6262041892046568, 0.8235731235413368, 3.7038858581315424, 4.929413624637391, 15.503452739989314, 28.97608982068016, 13.39005550079031, 26.909738239709526, 1.1591113130427857, 39.088212916220584, 58.78351159594661, 1.7546208199426019, 1.9213890345089908, 2.0732362641413147, 0.8374868510576334, 25.158482245059986, 17.166918647664943, 9.672602010081562, 18.439066989570733, 0.2558913830181382, 2.8904539719478635, 7.852793700467544, 24.419273909401795, 0.1276496856295921, 2.376489051872852, 0.11197329724353722, 1.5679844876150355, 3.512814111649732, 1.2768331721700292, 5.252839152055287, 5.793134034895161, 1.720127765111215, 9.57401181244714, 5.9097572397497515, 0.9244978343328398, 1.4351526906596064, 3.661804643184439, 7.31687347776267, 2.114645281065009, 3.5703267717550773, 3.7833018682435693, 6.6128818523554855, 6.830384863327254, 0.279659980830985, 10.679569049760403, 27.124194616447426, 3.107319787543247, 10.1413909091209, 4.785175193331099, 7.544150197742795, 3.228194863742118, 0.4456511289664036, 3.8790594216936256, 2.983169807035665, 3.3230714129419994, 17.336217252308245, 21.026919433603553, 24.67712387080155, 0.15939931281707231, 37.34084663318856, 7.227049152998859, 32.02754665042491, 21.707907363617778, 5.394683794707248, 3.696605840779398, 0.4941032350040473, 1.0935623270561337, 1.9568351219472788, 8.295894771265125, 6.239670813266741, 5.861481980838903, 19.10603758674941, 11.78688641358319, 1.3963954285339213, 0.0, 0.0, 0.0, 0.0, 0.0, 0.0, 0.0, 0.0, 0.0, 0.0, 0.0, 0.0, 0.0, 0.0, 0.0, 0.0, 0.0, 0.0, 0.0, 0.0, 0.0, 0.0, 0.0, 0.0, 0.0, 0.0, 0.0, 0.0, 0.0, 0.0, 0.0, 0.0, 0.0, 0.0, 0.0, 0.0, 0.0, 0.0, 0.0, 0.0, 0.0, 0.0, 0.0, 0.0, 0.0, 0.0, 5.7118356168315145, 8.701005372849892, 19.302152345341824, 1.150609242962446, 12.374109687309272, 0.19437868799550984, 2.6040186911162664, 1.5476009355235192, 1.3499041562498064, 10.274490986241346, 8.724780630429194, 16.891279078715513, 14.358957866684591, 3.360362736625092, 7.826748085382235, 1.9742506736353107, 1.0955586647724829, 0.3533776955254666, 0.9949297660565435, 3.013101015214403, 1.5140255602361776, 4.56303855702626, 0.6060927980363431, 7.547920403251368, 1.4718162623699982, 6.272496378881016, 2.419022351769314, 1.2076125469398562, 10.732602907503122, 0.8123556388320026, 6.61455181402053, 7.42939783914025, 2.7353479323638226, 10.547907235255423, 2.019510676477637, 5.244768598932183, 4.982898659781426, 4.354024385360958, 1.132532788945042, 7.907076004286694, 11.55697030662688, 0.2853262452784975, 12.036585917926061, 13.32568040076984, 2.3223003233212296, 8.564795464222755, 7.777975811366474, 2.621169758179974, 0.5198654890035641, 3.060101949670411, 0.5781320896469992, 0.5918224760777946, 2.6368846122787204, 2.3347288291868153, 3.2440967641234124, 6.873904254073921, 6.454759985685655, 1.6271034857772406, 2.8287437174329284, 7.321750773050269, 8.375885566137981, 3.277369118673846, 4.042437764050874, 2.0561594974608965, 1.5757314431883742, 0.6787133085266532, 0.4086363252819183, 3.8522603301009894, 2.103602645501212, 4.5038860028001295, 1.4542540949659042, 4.2014047875951235, 4.1620908622487605, 1.7807315812346474, 2.900298329815257, 4.3040111596077395, 13.929051905337701, 12.304482073011343, 4.810156506335403, 10.871892970479621, 3.427511879614457, 2.980463999023243, 6.1250756543580565, 0.18520802757902288, 2.039475097199727, 6.329400448311986, 1.9006085221328135, 9.624533889754218, 4.864888535568184, 8.823924300036225, 1.6204322616980846, 2.199742629405904, 0.8516736773222533, 6.334387635785248, 1.9637504017913159, 3.1728561236829194, 0.4359728021358933, 0.5774093844327695, 0.7684077520290771, 4.704689063525365, 5.893411214928761, 0.5620413521148748, 4.558410436207282, 1.444530751186221, 3.756111267134429, 1.009956378025123, 3.8674710114938193, 1.9363199945927363, 6.479761081434162, 6.57679942496685, 4.1423451762487815, 12.754103863685742, 2.864966229680789, 0.7005898848109666, 7.027274617252772, 0.44630574154928127, 5.376787276599742, 16.612271240595334, 8.701004530905323, 0.0, 0.0, 0.0, 0.0, 0.0, 0.0, 0.0, 0.0, 0.0, 0.0, 0.0, 0.0, 0.0, 0.0, 0.0, 0.0, 0.0, 0.0, 0.0, 0.0, 0.0, 0.0, 0.0, 0.0, 0.0, 0.0, 0.0, 0.0, 0.0, 0.0, 0.0, 0.0, 0.0, 0.0, 0.0, 8.701005372849899, 16.61227124059515, 1.6277859005888615, 3.970527524038289, 7.269788699928142, 3.3485856832900254, 12.799150234048426, 8.289022541150416, 1.24256166051822, 0.7402044027806198, 0.32910621189097355, 4.167306548490245, 5.2959928394273845, 1.4649911909054083, 2.5760267046587444, 9.470673083055942, 0.3674491831867499, 0.6137127389493173, 0.9085301166207955, 4.149734053989931, 14.845330611873152, 1.7854616425659344, 12.666551962590404, 6.157698705583016, 1.6704403097081126, 0.6907584859070539, 2.391379800457628, 0.6339526121939798, 3.5593325713826687, 1.9451775164099274, 1.050640787917331, 2.5195133645143244, 1.8549194106058735, 0.49434442331121886, 1.8259233924636078, 1.2532996212985381, 0.36602838120134606, 1.936013154675038, 5.634901964082616, 4.2881520791173955, 9.949048168380386, 0.8479436129711644, 3.5848187345166025, 11.86052264940497, 22.271154706711457, 22.622684884506953, 3.883763014506428, 23.31229804211449, 1.517140049641796, 6.160812580357742, 4.42384850120601, 4.143290968900544, 0.10118893676261109, 15.87701932943608, 3.859746077094684, 11.669081487451251, 12.338152672270326, 4.978281592801125, 3.300303434238458, 9.434895120858641, 8.326844721427335, 4.244041181279073, 4.9434484014791735, 11.704725486506788, 5.121145359254257, 1.1123742600497053, 5.444250628110922, 1.7743048244201987, 1.9789280705900296, 6.747730134853271, 9.856120798868687, 0.18899799699232744, 3.9212293834825687, 1.2667084073215165, 4.870328220133558, 2.694575671661312, 0.19294065727007137, 34.27484830443376, 19.84029909036792, 0.3162993435108774, 0.5465612816872465, 1.2012343827093162, 4.323151322992032, 0.15658468699963635, 1.6076676549148914, 0.48133382746758, 1.1546877933422905, 1.3216609947736657, 1.518697180812211, 9.329199734979596, 1.9590270054408734, 4.603074714054657, 43.12606174475752, 22.739266621578054, 0.8645789647426341, 3.0138813228356867, 23.43966286252953, 0.9664786563798771, 9.211797564667393, 3.045126237553916, 10.970663029074444, 4.160457284786332, 0.7771076105342729, 1.4868233541731115, 1.5058193727526827, 5.226662579444934, 8.57202027371656, 1.5979519643505569, 1.9267310289589261, 14.138647128522393, 0.9084298359597085, 10.89708769046922, 5.418529208639427, 2.5680000742436846, 3.3640143639290727, 3.757381692515537, 3.8273467632811276, 0.29780298805735583, 0.07070241765211449, 0.1754786491533764, 4.9758552306552986, 0.3698721094109487, 4.714859345320718, 0.9805936735612022, 5.514622024572361, 4.056523610826076, 18.022687402924674, 1.7437864924590087, 2.45085967408869, 0.502451461641698, 1.5802648280810274, 3.290957758722584, 0.09839872610177736, 4.124694597685021, 1.1196049203391851, 0.3752867883034696, 5.009495390997927, 15.807967762071968, 1.083966898869079, 13.777118605795948, 2.3941734597328264, 3.8743389756956503, 15.544072249803264, 10.611107223644495, 10.300700389071011, 0.28234917496561707, 7.176464333196066, 4.6225386884910336, 0.9611275116624256, 1.7096012792671331, 2.7245068364272527, 3.798027194389533, 10.914526161140287, 13.578997519466185, 10.171635266242333, 5.522893818586056, 5.653197574392323, 1.2852724553843018, 0.24869573693413827, 2.636980859872324, 0.5291488219549478, 1.8809324257185267, 7.063607500728693, 0.6972302145000526, 0.7689777690644064, 5.221731301999256, 2.393098634396125, 1.9944087465181042, 0.811004623634858, 3.7791558654480752, 4.451441546705013, 1.0853241384469925, 10.198866267148787, 0.5353359116791694, 7.801640634316357, 3.088634256662772, 0.5782208076356881, 1.7637806860542184, 7.74342242471991, 0.405281927561731, 13.038704164155519, 0.595039492404311, 6.467573946637032, 2.8866746662191076, 0.10269667821822281, 7.020608854112311, 1.6576541558179656, 5.547663068554016, 5.148859787851848, 0.3341347242306085, 1.7497264460274948, -5.684341886080802e-14, 10.205254460551714, 0.6091991632662257, 17.20967723269237, 9.235039152026047, 5.3710179181965145, 4.17397641620326, 7.42388288660743, 0.27470721344278104, 1.0605509844071435, 1.9308743160202084, 1.3576413685927946, 6.580176115482459, 1.103097268282312, 0.28679368368869973, 0.1611757891574257, 2.879313989043851, 9.786267641400372, 16.612271197539854, 5.701681718749107, 0.0, 0.0, 0.0, 0.0, 0.0, 0.0, 0.0, 0.0, 0.0, 0.0, 0.0, 0.0, 0.0, 0.0, 0.0, 0.0, 0.0, 0.0, 0.0, 0.0, 0.0, 0.0, 4.251681385892915, 8.701005275182268, 9.282470760144832, 3.13234113082963, 1.2699097482459933, 0.5853453328443692, 5.702862087426297, 4.257142149684427, 6.654968735386603, 0.4798992002864395, 4.2884954149217265, 5.226472961039207, 3.03282562313143, 16.439364858755937, 12.811656696328924, 6.650887204268486, 8.203089610096697, 4.69011512388073, 6.171979566440285, 0.5685946629653245, 12.00495805456444, 2.1137500822740662, 6.387272662071496, 3.7332243225182538, 4.867847914927154, 13.78556326629041, 4.996635293435588, 0.6086333301458922, 4.432873298231613, 2.519824915133597, 4.75001662123185, 10.388582693161538, 20.513329348750915, 3.727337114932652, 14.093130538291462, 21.04462956907014, 13.746460566911537, 13.584692882378533, 11.282762462481742, 1.62526666312624, 4.496983108676716, 10.752454808771859, 28.370836694177854, 1.7374921050072487, 21.019558966069866, 6.416493054830028, 7.301403345384472, 1.793563395167837, 12.137688097233706, 5.702196764579014, 16.063114545277756, 18.296234412128342, 12.12409213423166, 45.08216871187466, 16.86525468943222, 0.691886035533571, 14.902584375579579, 41.600261393745086, 3.2715596220160705, 14.584322855930907, 3.4309601595465438, 0.21983092508662594, 1.4572931521576606, 1.4926484901438926, 4.1220824548961446, 6.703523947185772, 24.336922308480894, 25.416503900072826, 4.963782338598719, 10.812440069699733, 20.298145472617648, 6.9715383570788845, 20.39359737775939, 0.8015691332102222, 9.546545067712714, 3.5482933211959846, 33.460945572090594, 13.368215938490124, 4.219372890943728, 8.701005372849963, 11.786886413583161, 5.405259706949778, 0.943407625855798, 14.564918943301194, 7.284939875151508, 3.2293632661639293, 0.8820206745633499, 5.605232814119731, 6.949543714061264, 0.14839727926195678, 3.1888568682043683, 4.486242891107722, 0.4551484681345528, 1.652859243271223, 3.92700475281805, 5.7358239847586105, 3.8391242602560567, 0.5082546901556526, 0.00836051121225978, 3.976735532392752, 6.961882557983699, 17.72462794499981, 2.4179661023707695, 2.4824535195546673, 0.8422519287361183, 2.782216151449262, 0.363310034224952, 1.945303059181768, 0.9650754026765895, 2.2243974582168136, 0.043792125413020244, 0.4471571986541534, 0.13893844900057672, 1.2813907048268476, 0.9914626668734172, 0.3895020864003982, 2.042752206213436, 1.2583699624705673, 62.38006270319818, 57.857872539612, 4.925695806721137, 12.200622939432094, 3.2016817802299897, 0.9147380466869492, 16.556363128102532, 2.326917778349184, 9.882099010121692, 2.488001785579854, 9.843926699457114, 5.853113502396866, 3.9236559825084782, 1.8988001357780036, 5.9543529781262805, 0.9270066217955559, 0.006317058337231174, 13.403362756503668, 5.738468012783642, 1.4001642695056944, 2.4247539655781907, 13.041442763825103, 41.79631870827234, 5.938092941240598, 31.047898188188867, 0.905309538223662, 7.484203152503142, 2.357700465726907, 0.9101134813120098, 0.33112697235822, 11.405154008440206, 9.196450803643927, 1.3686843406384526, 11.357611805159763, 15.938167958281724, 24.88280528376356, 24.350534469382296, 14.976352324470923, 10.231440877944493, 0.0, 0.0, 0.0, 0.0, 0.0, 0.0, 0.0, 0.0, 0.0, 0.0, 0.0, 0.0, 0.0, 0.0, 0.0, 0.0, 0.0, 0.0, 0.0, 0.0, 0.0, 0.0, 0.0, 0.0, 0.0, 0.0, 1.396395542996272, 7.194751330029803, 6.037654989180396, 7.900062018316731, 2.712050582305608, 3.72749440485876, 6.198199549551646, 4.120732980084142, 1.8826063308090397, 7.907979088374702, 10.500738939707162, 4.68246268831939, 9.984994289233043, 1.5862162831357693, 2.2444985133328146, 11.348244546233502, 10.491455789841552, 1.4174108825155258, 0.5732818044218675, 9.959083541234918, 43.70131522961333, 2.570197478567991, 23.050330800256745, 24.104164372380467, 1.8044134360426938, 11.730495432101577, 1.4531709128240209, 19.83064797504133, 36.819687564652014, 3.514456793553336, 6.00796905864226, 0.2449270741735745, 4.093743359986121, 2.5492595629881407, 3.765932872091639, 3.694041721491999, 1.345845382711559, 4.415393630918942, 2.3876908967153554, 4.902510716146622, 8.323213517397548, 2.656680307083107, 4.3539963360837675, 1.313712515528863, 5.851616310265456, 18.290797508538986, 11.632170735163356, 15.760040844357036, 4.420754554893762, 26.283456356534487, 10.075430392176685, 21.150143805758717, 22.582385227994735, 5.426681977369071, 12.630374631854409, 10.096378823530301, 10.24600534521744, 4.4358213480221025, 1.744975066976565, 4.522445128678754, 0.6619142386851706, 8.483611602113882, 6.387930319491431, 0.608741553045121, 9.404894311973692, 4.275216021269159, 14.976352324470781, 5.711892369975843, 2.813407881752209, 2.813407881752209, 2.819840407164591, 5.590193786410154, 0.13237685956923428, 2.3043683931668966, 1.2001311113318138, 0.3191637330309902, 1.2070792616106587, 1.021278852498611, 0.37362455753577706, 1.0212788524986252, 2.2033361606452075, 13.793875676521992, 66.38170709094743, 22.839953041118463, 2.45792609517423, 1.5303876320970176, 5.836424818039575, 8.255946397355558, 4.802445381988264, 8.275473419517368, 0.7098282387599966, 7.862422472572632, 1.5099269741535295, 3.5716184369446182, 5.4513915948107865, 3.8182346822509317, 10.527867357563423, 7.1117919067279445, 18.129303247379426, 3.8149911697488506, 6.435144875066669, 2.925139231221408, 23.463333915709427, 3.017553238354594, 5.1942806578815635, 16.29902458250706, 4.036941872477257, 0.31271972162286943, 0.7021708379921563, 7.567938617446032, 9.530032476825568, 4.100799647367069, 3.0475987844820907, 27.107228367948892, 9.98185500574499, 9.79911164338563, 6.051243235745858, 0.8906038928828934, 2.5644177232941843, 9.543582990166442, 1.9250601594026762, 11.174098495370686, 14.59821729001851, 2.4011101454167374, 6.797173150201957, 4.214829777187504, 23.29617349562534, 3.5738352524964796, 17.654998902085822, 6.384549857520028, 14.265339574853044, 11.606551357540582, 3.6368846000249277, 3.113116617618232, 14.173244797948314, 1.9362928610728432, 1.4088995967288156, 1.5269628922999914, 8.277268660379207, 4.60071034595228, 14.603934024479145, 1.0682755262279784, 6.360686360844625, 1.7712395349605004, 1.7045048394096796, 4.618042215027629, 1.0263688600665546, 11.978602201900571, 3.1482089563426143, 8.725185673517615, 21.928485056232148, 6.909870958397093, 1.5799521992782104, 1.81997946133788, 0.2051699278776482, 3.328797928087724, 0.5644599051299792, 0.5732420600456791, 0.6130995794235687, 0.9457355592162742, 1.6920894319252398, 0.5853453328443692, 2.3837682249150305, 13.778695306842792, 16.663649798494333, 0.2228776242727406, 6.2515372680536245, 10.95864713302899, 1.5686081145462367, 4.730906447636073, 2.513217554627289, 7.170273570013478, 21.516746009585432, 26.595796296956706, 5.73265595010804, 4.509622431363766, 7.804949105673586, 2.0714413677570747, 6.372148951418183, 13.169817230797662, 1.1519251209751928, 20.463418304817992, 43.04402508890087, 11.450121606435232, 12.868493096719135, 9.267162350849162, 3.8343499890215753, 28.534111588024757, 15.773074360910869, 9.989263996283398, 12.944143289515523, 3.6367140760943926, 0.5596626825058024, 3.000667726822172, 5.789015119565136, 5.744440190958414, 3.7120590901724597, 12.984304708789296, 6.759280461574434, 9.138279112580335, 1.630928201228528, 9.680292222342644, 1.9645994740175183, 2.401803029901089, 0.5160256820216489, 1.6114163513791198, 1.537190437117573, 1.9385524299521535, 0.7566254361678375, 2.489338833448471, 0.9088476597713111, 1.9945958348145325, 0.7567518043265977, 4.7545423132275175, 1.2002834771377593, 10.343727207771792, 7.30023096561672, 0.7402593091361496, 3.4248434995557773, 9.303992423536897, 4.494277706610831, 15.652496348679165, 2.4390613268742527, 5.288043287459459, 0.1528423702511077, 16.17316551860864, 18.11644083129204, 2.285406951424193, 33.529509380564775, 4.574828239852934, 5.365940863811318, 3.157251602405381, 3.6024159522869468, 0.9325598877499601, 4.1127161888042565, 3.6750485348050574, 0.5038734255599024, 1.448748172135197, 0.09670133109545986, 3.796274084700144, 11.711724488723576, 18.591498565570078, 23.17844700215096, 2.7028174075156812, 1.7617342936356124, 1.3293202679245724, 1.6031243010480125, 12.023489956019574, 3.9917600932427604, 48.72096424075443, 0.5885702898634122, 17.921087532357035, 1.2633108769227874, 10.626324168052406, 1.7481260091676063, 3.1871116697013804, 2.3133065230314287, 0.7170061735539548, 0.5560402894666936, 6.114788778664945, 5.757043282269535, 7.357647634854089, 1.187129697246604, 0.9666118618109749, 0.22763325660611144, 3.902526337308359, 0.23705214970902944, 19.082331211439225, 1.8194407286454748, 3.2707014281081683, 6.200276803709869, 15.809805280631622, 17.997595517103434, 36.58618141993588, 1.9627433566225818, 14.895440139586412, 2.3533484338644257, 8.619514984449467, 1.9170255782242975, 15.037688878385154, 11.452877312336227, 0.575173370751088, 1.2312107010151863, 4.196291816084511, 11.651907307591301, 1.138005649449866, 8.051987242652842, 0.8533768901076257, 0.8294595745476272, 0.45255999904529176, 4.408305982730639, 4.628396013083744, 1.1999887768448332, 9.95909038799607, 3.278696043482853, 0.6581632911639588, 11.69233221132609, 13.580540769836745, 3.2538331367586295, 6.90460748122905, 8.262942625713833, 4.354328554922631, 10.259022581743324, 4.236476939552034, 4.465365386841228, 19.971649544578725, 7.194751330029675, 0.0, 0.0, 0.0, 0.0, 0.0, 0.0, 0.0, 0.0, 0.0, 0.0, 0.0, 0.0, 0.0, 0.0, 0.0, 0.0, 0.0, 0.0, 0.0, 0.0, 0.0, 0.0, 0.0, 0.0, 0.0, 0.0, 0.0, 0.0, 0.0, 1.3963955429962684, 10.231440877944394, 9.491778175739, 2.9168739524417333, 3.298157507054867, 4.634447246396348, 5.100984163723808, 5.471961880877757, 0.8627408807043935, 3.47983001721326, 1.946873982318209, 2.8611547872091023, 2.500137783288892, 3.2002402190970827, 4.568668036024292, 3.2660678291638874, 10.157500011270542, 3.255161120466738, 1.274843082729575, 0.377077725805151, 2.955957814854372, 3.036068217606868, 1.0791600036969555, 0.475036128599271, 0.7523753671923714, 0.4118515546633148, 1.9696882836122995, 0.05838366744970358, 5.392202219883757, 1.2709864706881717, 3.3410672959956855, 7.139901592679564, 1.1377682171534502, 0.31905609818568337, 8.394761078639249, 3.2514563376755348, 20.827060691692964, 16.697472034736677, 1.1951732740286047, 5.270818823228353, 7.180486640908782, 2.130672644358299, 1.0565016624983627, 2.120573324191298, 4.862750879566846, 4.101266073347148, 7.997218829281849, 14.118799887812827, 13.09996012887484, 10.207633582963041, 5.843723719679673, 3.316280709767881, 1.6043112218885227, 0.8320287544520681, 7.800364024513414, 2.2529107897621827, 0.5845718519882155, 5.3631013949330395, 6.058368380114047, 6.860833199801405, 0.5254761048226158, 9.397143703798022, 14.095509021993479, 4.423848501206237, 7.908918308964303, 5.05342626267111, 5.7149182749211604, 6.928823121547168, 0.01052292780912012, 0.2507188096307118, 0.15380599979857834, 1.6656913712249661, 5.393030275582873, 3.2703928569592335, 0.23287283928067382, 2.3475392305194873, 15.440434897148634, 9.625401740061022, 30.175339951174635, 12.271654841912095, 33.23799174520914, 4.197619372868587, 3.7570786198340897, 2.357216846166949, 8.043954259874766, 3.3005607036011497, 2.8141657061166825, 1.4442412844227022, 2.8843094591809404, 4.404918399893177, 3.561049866576866, 21.389867851928216, 12.836161136740145, 6.078231750233954, 0.35276271935543946, 9.695330723817733, 3.634755920466347, 1.6736313821398596, 3.3925236790939266, 9.430830611357521, 6.0208339336763, 5.095779021642585, 3.8811838739562745, 4.25834473131377, 0.17099797940647932, 4.997273158842916, 8.312507792187205, 0.7849067197725788, 4.252130151850395, 0.6679468077139177, 1.0080589774683233, 3.2880431342397003, 18.27700544584468, 10.23144087794445, 0.0, 0.0, 0.0, 0.0, 0.0, 0.0, 0.0, 0.0, 0.0, 0.0, 0.0, 0.0, 0.0, 0.0, 0.0, 0.0, 0.0, 0.0, 0.0, 0.0, 5.71188985043397, 8.700998250557888, 4.151772519055939, 6.578948868597479, 0.4912509567687948, 0.6147884062532398, 17.834048665635038, 8.262422388491075, 2.902730084287782, 5.184542550514095, 0.523113793913808, 1.0083177087712727, 0.36492710328190014, 1.7305343698613171, 0.0042147979475259945, 11.967039611130417, 1.9010330830800513, 3.972926947218241, 0.3855892682335309, 3.670778972791709, 5.765535207871352, 2.3658458635943873, 0.2623200367174263, 3.6987481801905346, 4.992609623221057, 2.2216385987177034, 20.456709103432217, 11.786886413583218, 1.3963955429962738, 0.0, 0.0, 0.0, 0.0, 0.0, 0.0, 0.0, 0.0, 0.0, 0.0, 4.251681385892908, 11.786886413583176, 4.227806602825311, 1.5246088652081085, 3.7252572296802384, 0.7668879280906253, 6.210439158751186, 1.9742205188276074, 2.7625325689969316, 0.2696606374431525, 0.7468351351187437, 12.672046431213616, 2.8847954734617645, 21.14845423988217, 15.33314997844542, 2.674175426471095, 4.387644330287458, 0.47824436457131014, 1.5503579973252215, 1.420955218298758, 7.8133991122197415, 4.266944164179094, 1.2153837550969513, 5.924054367710639, 6.657706562803469, 4.368715650564269, 16.40101086012274, 12.124514987301865, 7.664579010583651, 21.591168015281482, 8.00316991239717, 1.513706624559859, 7.838715770789406, 4.246320057756634, 7.25683702814564, 3.395804473598389, 3.2270847149480915, 1.4473705075513976, 0.47368990339316497, 0.27992325705923804, 11.171564589579532, 1.2517431767468565, 10.64467124831404, 3.4537675582435554, 4.014427346242371, 0.9555204445027243, 7.430174017392005, 1.1518707922103886, 6.759403958753751, 21.209813767358526, 13.039784019146566, 42.756987308507405, 21.802097378409144, 48.27593754456029, 0.2537585122617543, 10.786812880489151, 1.8529640931237168, 11.033120376393015, 3.236302448424908, 2.212673868863817, 1.514761933022271, 6.966236713623175, 10.14676288644091, 1.0142692591111881, 10.459237084097708, 15.43657200061864, 1.7185710372998528, 0.9841428041879965, 1.8911374012178328, 0.5766802372531856, 0.8494766896159263, 2.082950498991181, 6.666819228308668, 0.27422704334588843, 5.4894063717275685, 10.818229459337317, 5.761289092568518, 3.2367381058167553, 1.6475582599080667, 5.760042946889143, 10.515599701911697, 1.25067239600628, 2.0481994959923213, 3.63497322728864, 1.7145582057152637, 10.064285440644198, 13.498790425942559, 4.166644018246728, 5.241085038583265, 2.763859285295439, 14.352987178918, 2.1374754175948283, 9.662878412062582, 2.121345351984104, 0.41357685636566544, 2.0059022069968364, 6.713471320768122, 10.420718304062575, 5.273817750591547, 1.9442741536574886, 13.90415539821305, 1.7797150849904142, 6.0253497130112805, 7.149617124934423, 2.84379473800783, 1.7904376014975014, 1.758382719804672, 1.6012995996470636, 5.271557216807253, 4.966420983795217, 2.6270649202620007, 17.313778425159285, 8.100957757132619, 43.907875146961885, 10.884136186175397, 2.1688581912017924, 1.3402108030512352, 10.064730599469613, 1.5580715216905219, 4.524020713370817, 2.3308232990407305, 0.5701154680180025, 15.780497906513006, 0.3160983065753271, 19.149741248216316, 5.001108602663237, 11.402453061467327, 1.0168730436349733, 4.800845524185036, 19.196657134342104, 16.61227124059522, 2.8134078825291056, 0.0, 0.0, 0.0, 0.0, 0.0, 0.0, 0.0, 0.0, 0.0, 0.0, 0.0, 0.0, 4.251681385892915, 8.701005372849934, 12.449754857737673, 20.189584330703894, 42.272628626026744, 16.01202133490466, 21.266309383892462, 18.277005445844622, 3.2339033151531567, 5.7118923699758355, 9.970698663062421, 16.58749709057531, 9.665486121676508, 0.8454459622972195, 1.9263625846985235, 0.3662024381622757, 1.0053376402726997, 0.17553759166904115, 1.4059730555871681, 2.8303689334977946, 1.5495909145329705, 1.057203847979224, 10.673777701149788, 4.075993168515907, 0.6782672149436735, 3.636427398238766, 6.574739871705361, 27.20613459355704, 32.638074319245845, 3.9194976791656586, 7.690850249053653, 6.77562017069215, 0.9116582145921939, 6.951142671160994, 0.863022546541913, 8.049662566059396, 10.568934037905308, 3.621426595448497, 16.736901161033416, 5.7495452452092195, 13.721636669999839, 15.381432261022496, 1.3400664799558513, 2.6638741748363373, 6.117159456775539, 2.503828333692354, 1.021992240027373, 3.08723734789902, 5.147164951248897, 3.211201507123917, 7.002136340532047, 0.8044671739369846, 0.2863104955331437, 4.102297693998821, 3.819607716531948, 1.6044119191176662, 0.6078991513627443, 1.0903597913814735, 8.049577648115616, 14.976352324470867, 10.231440877944337, 0.0, 0.0, 0.0, 0.0, 0.0, 0.0, 0.0, 0.0, 0.0, 0.0, 0.0, 0.0, 0.0, 0.0, 0.0, 0.0, 0.0, 0.0, 0.0, 0.0, 0.0, 0.0, 0.0, 0.0, 0.0, 0.0, 0.0, 0.0, 0.0, 4.251681385892908, 10.231440877944166, 10.166138371225259, 5.1454006453585635, 12.348295150376657, 5.269536607983923, 7.21915147229862, 0.4959602585085463, 0.10584243784762748, 0.8104018138071751, 13.544030730663167, 1.0773271681602523, 5.868336082753899, 4.710247891876122, 0.6777564880676437, 1.7916159729776382, 6.746195086522619, 5.7291067214055715, 3.485049310870977, 34.66622499828088, 34.94833612524809, 3.0604673027677336, 3.313707166143786, 10.871065930060297, 5.433502290240227, 6.147833035934013, 2.597659849066531, 12.970922209179776, 0.22845968078195256, 11.872939284895551, 0.6541352994167653, 18.03137991612681, 1.655228196329574, 13.825691969704764, 0.17164549707138121, 3.5439767066183663, 3.2554732849833954, 1.0163665437269458, 4.607383404509676, 6.7297933882908865, 9.529876489040305, 17.794885637280004, 7.076714778709487, 15.325624072436057, 11.043104485635297, 7.680818132530874, 1.3248915764538651, 8.965572729128098, 5.669658535172346, 3.0896097230898363, 2.081721607953142, 9.779124068005729, 2.5953957209081295, 7.11194719431677, 9.701555549734252, 5.244487282870153, 0.3735085168803778, 10.709941732120768, 1.3117337912180744, 9.510055610326503, 1.643196717747145, 16.468776835545015, 6.2197631108229245, 24.050683090484313, 9.910419942372158, 17.554563548138958, 11.61746868513228, 4.446793095662514, 0.6312300291832997, 2.612443860967005, 1.637518379873029, 0.94793213083517, 0.10311156996107229, 1.1160859691328255, 4.461540100066941, 1.454060625383022, 4.840853479282799, 2.733782399195462, 1.0038028549198827, 0.8564029547843006, 1.2420164704250567, 0.14402125511185204, 5.464983366031788, 1.290959254554707, 7.037708977414013, 1.8318079891362515, 11.102112389548637, 0.04664704114978235, 15.069173238938461, 11.78688641358319, 7.190268327256135, 0.0, 0.0, 0.0, 0.0, 0.0, 0.0, 0.0, 0.0, 0.0, 0.0, 0.0, 0.0, 0.0, 0.0, 0.0, 0.0, 0.0, 0.0, 0.0, 2.799618870679428, 11.786886413583233, 21.508241855571924, 15.000763617185783, 0.2657587903896115, 27.099247209546803, 3.8953781309212445, 2.164784757761055, 0.33564756121057826, 0.6219979549088634, 2.1866254461667154, 1.0591766246600969, 10.814455001751128, 9.528350429501131, 1.597736039400587, 2.0115574961174048, 0.538575653167527, 9.896546395556612, 5.2247191726319215, 15.38044948837208, 1.3980328122581511, 11.428911715651083, 1.3145457015841941, 0.9791762289654571, 5.379941911906172, 2.43678227182545, 2.910268943366134, 3.5054829914797097, 7.101256316733611, 0.6254569293259635, 8.023809330997466, 1.508464290257507, 4.039428405572295, 2.445116580907211, 2.817259310593812, 1.4734344331232307, 0.8067771505148755, 0.058383667449732, 1.0534844138843766, 0.8597245594973231, 0.07103441556262169, 4.198990515773147, 1.8812577282456857, 4.87432919960213, 3.244401464719431, 28.07883708844855, 4.621844965770549, 4.814725008269136, 0.0705085816933888, 0.654244586061111, 5.968370144093569, 0.549840142746973, 3.8634024777597347, 4.5691906964352995, 18.277005445844566, 7.194751330029746, 0.0, 0.0, 0.0, 0.0, 0.0, 0.0, 0.0, 0.0, 0.0, 0.0, 0.0, 0.0, 0.0, 0.0, 0.0, 0.0, 0.0, 0.0, 0.0, 0.0, 0.0, 0.0, 0.0, 0.0, 0.0, 0.0, 0.0, 0.0, 0.0, 0.0, 0.0, 0.0, 0.0, 0.0, 0.0, 0.0, 0.0, 5.711892369975857, 18.277005445844622, 13.504295986091648, 6.342821729610478, 0.9574021186317054, 2.4722771635461527, 0.7816015520654105, 5.902588179905024, 7.366940616882204, 2.1751125269796034, 3.628932938411822, 1.9674357667581148, 4.263211227963012, 0.2993917123741312, 2.3642983779085824, 5.196549170277592, 9.460471927322544, 1.7289632814741651, 3.145324089116258, 3.70854504745688, 0.5066751314313933, 4.501546822459602, 6.000093955550341, 0.9404765822418426, 7.513488223401737, 7.982366400672049, 1.6962147316814935, 8.109314683698358, 0.5932461365799782, 1.114102124711593, 1.2224456130699366, 4.364866227514199, 11.49684019920133, 0.5314402232954762, 4.11071436724697, 2.7420720225829314, 8.62143417246861, 26.7475285737209, 2.036625602254219, 3.9521623634425396, 6.261906772539305, 4.1899161072897755, 3.765968761898421, 0.6187668008736011, 1.7075352086607154, 2.8770381740832818, 3.110511271375003, 1.2202945694642722, 15.907129988278996, 23.832476711007416, 0.6562487293537629, 2.5753148444344447, 4.716621629206145, 14.572663308243932, 3.246358300827751, 7.660215207216595, 4.48027595149216, 0.5001129067888428, 1.1712059686071257, 6.091054190758712, 8.292189731773647, 10.610368820286794, 1.652332521541382, 4.812794439559752, 3.73320177830567, 1.2228755544647356, 1.3780718070208877, 16.138283305901496, 4.806251678615467, 16.50905816039699, 2.1709702163661575, 11.214176570180257, 5.768373615894575, 2.344274013257632, 0.0017702033471778122, 4.312591286169948, 6.543799626195778, 12.686459438891234, 4.62612334973241, 28.329638861769865, 1.508530300691973, 7.835242501302901, 0.6057076732334963, 0.2645746948282124, 5.546209803751225, 3.6979826827742954, 8.965830580992986, 2.4997571148749103, 4.918214003088281, 0.5147905903994285, 17.95904601026166, 16.08352544263451, 16.577795332293505, 26.776965649169256, 0.11767743153217225, 3.371477581648321, 0.3827456989203597, 5.237728120782947, 2.1345645376365496, 3.3565574416144273, 3.665235439847919, 0.6148978701035048, 0.48482034865764945, 2.655213625941684, 2.434287623616541, 0.2509350526864864, 6.3502236664782, 4.511285972189398, 6.20502853030581, 29.83651241140194, 61.44759138555986, 1.027631741956327, 9.242547131068648, 2.0087869721907623, 7.853978456515222, 2.1910428493764016, 5.785410102069989, 12.793899891195906, 8.660236698466747, 0.8732980908876016, 3.3520508029498615, 8.020088023364224, 5.721447103231242, 2.0843407488581533, 3.2720458049735726, 5.617363237454356, 32.286767075692694, 16.612271240595277, 5.711892269824155, 0.0, 0.0, 0.0, 0.0, 0.0, 0.0, 0.0, 0.0, 0.0, 0.0, 0.0, 0.0, 0.0, 0.0, 0.0, 5.711892369975949, 16.612271240594993, 6.005791154575604, 8.31655484870629, 11.4097768645712, 1.8151049447418472, 8.25570565722046, 9.522225458885714, 2.4192007389211767, 0.5125296057780702, 3.0234178901776545, 31.588731475054317, 8.898882265400857, 3.1447956051841857, 1.574886033298526, 1.9205255846650289, 17.02521392813219, 1.5996947888120872, 7.487709726470484, 1.7984380775063755, 5.214592238821126, 10.312079885770345, 5.786291866068268, 2.016830655452793, 2.31508302771897, 1.0185834271132421, 0.41013765811624125, 1.4883691227797158, 2.524408179320517, 1.6226430124712579, 4.203726541266178, 2.036572363675532, 3.1100094675896344, 10.416775318250416, 19.76503538272874, 3.884602880908119, 1.1067818857029579, 10.052689157462908, 7.081683046773264, 7.286145290845695, 10.486871154408334, 6.090067998189909, 24.85759841659919, 5.975881234480909, 25.695881191200158, 12.855173488643004, 9.168152328946348, 1.6225720986331567, 7.702951466942409, 6.456532998756472, 4.462588506830798, 1.7524881416921403, 1.4498501120718288, 0.060368571786227676, 3.2112668187614304, 2.5873870898861355, 1.754959142226852, 15.126594080457608, 0.3383695885677298, 16.65102005726078, 2.4266567360485, 5.674458591563166, 0.069931037448697, 1.7536261584970134, 3.398626186965089, 2.091473204449869, 0.24857971369436882, 7.583586829483579, 3.637296248862185, 3.2908254285490273, 8.487418277592809, 16.364637261431113, 7.842548497048739, 2.0575608308667626, 2.7403706789610567, 0.29872398696998914, 2.076032377240807, 3.9767065615957478, 8.2565713836768, 4.136247400497851, 8.871568898648462, 6.876872330154924, 2.420252122225236, 0.1588810455967007, 5.557333803211918, 8.247205987046925, 3.3181374260653627, 12.33508496526781, 1.0963079854685418, 1.5611132766752291, 3.1403556718327366, 2.5411554995389167, 1.0564642099325567, 4.33988605914783, 1.7110869446447907, 4.673839223477387, 0.32199599349638675, 8.84697983730996, 0.023081930164153164, 3.530204984223417, 3.0961815940700887, 2.004159816069887, 5.6225300721064, 4.209127862092743, 11.202131581244657, 0.1353552097668853, 5.785322100082709, 3.2771851789221103, 3.663844147946321, 5.18251392892725, 8.391542234811652, 0.2342833554251058, 5.8052075191457675, 3.6918637663966365, 3.0052457419612892, 3.0134611497341837, 9.676302789286723, 6.2082497733536, 1.863034355812033, 3.095517288716735, 0.39208198455463616, 1.2020371055132557, 4.752163302548524, 1.286047947019938, 0.7707524647712205, 0.5082145323545149, 2.5140683399640977, 5.774929184151915, 1.5168459994399655, 1.642734229905784, 0.8123261320521067, 1.6002591882941317, 0.5453293466890443, 0.12515825792658575, 1.656908994587269, 0.43919360533385543, 1.8202205284310224, 8.871196922382069, 5.204174944573822, 5.247441554930489, 0.8873714951997442, 0.35417923329262635, 2.8806432943677294, 3.477515767289219, 15.512792637744298, 0.10513688112357045, 19.4522330012079, 30.175747050931307, 0.07053274959525879, 6.502096633430995, 4.905156432660306, 2.819212975768039, 3.074130322400748, 7.674020227610072, 18.335417331934366, 0.8703098060138359, 11.294358826365396, 2.9603990584058124, 15.421639055836351, 24.156236406229823, 6.725534194364656, 2.3676749907143346, 5.042578221942875, 2.7963538909284864, 2.705414805493149, 2.669981078227295, 1.862130369860779, 0.17531393518106597, 3.491203553516641, 13.52461960343814, 2.9732639359543214, 14.708953787302903, 8.148437556463335, 7.80525848844988, 5.935010009863078, 2.967104869448576, 1.8894760230983252, 1.348816592630726, 6.428867339212843, 2.425356788073543, 2.5188373905455137, 5.146780869318945, 4.822377809329794, 1.96307689516874, 4.046005378465566, 3.5027418834652053, 2.600523093945128, 1.1595300767635308, 21.950633613905495, 11.502963091448066, 11.082414912717695, 11.036885766718115, 0.2628515943363823, 0.6242639537431387, 2.5964390789511924, 0.2553508478133608, 4.346498562748195, 7.008240037128644, 3.623169297927859, 11.536428029276522, 4.326350489537276, 1.9434834017577032, 0.8686486640334579, 1.6491505651133025, 6.524316591835998, 0.3247032773429055, 2.5212177771607003, 0.04875009868027291, 1.7014706420113157, 1.5642846654457117, 3.665624102525811, 1.8696561545783084, 5.374184712792612, 0.9569431988210226, 3.875346180741303, 4.814754832877043, 3.9365737057536876, 1.5165952319281928, 5.465103630987073, 2.561902424821625, 10.634119459237525, 0.2535471961058988, 2.7843603228309917, 7.860080079789498, 7.103681810820035, 5.271642259505285, 10.99569079192753, 4.5235176394276095, 5.216887250605112, 2.8750126952329254, 2.644605022795247, 1.9312407975747874, 1.281267630326255, 9.657903753164902, 4.391418829701621, 2.7647870102545653, 9.441614038480566, 1.6780838612153843, 0.7524846390083724, 5.123416015656602, 3.9202910613616098, 3.970733503383741, 4.465181968723073, 4.251681385892901, 1.3963955429962702, 0.0, 0.0, 0.0, 0.0, 0.0, 0.0, 7.194751330029675, 10.231440877944436, 3.336593125598398, 7.787437803324224, 2.0623884393811522, 7.157552008219682, 10.960343463216816, 2.8478098480449034, 2.1510158591635786, 2.5257454695972683, 4.698872407219824, 3.6435315331495985, 5.145776087708214, 9.13441612199182, 2.676036082053372, 8.30900343549564, 8.362885444216573, 0.7081206095361949, 0.9560398087066346, 1.8359521876233202, 4.68618564594334, 30.70860288878572, 1.734090737771794, 4.907411172933109, 0.2550118403819397, 10.281011768592862, 0.7004222017640132, 2.113045489380511, 0.3038136870427479, 4.049436165898271, 1.6252741424035548, 1.2665813573617584, 1.4077081488391627, 0.41539811444755514, 0.3306598419565603, 2.3785134815001356, 2.3024929796590072, 0.05426698786840234, 10.565815208764946, 7.2665276583728655, 5.087524251357138, 2.872088595164257, 8.768519552345765, 22.970490024737785, 0.25867097390067784, 30.023013458824437, 7.898123808777484, 1.5028043726151168, 0.5352155015342532, 0.29077648379643506, 1.3996618367374367, 0.16813787739607733, 1.3288839034239572, 1.6353347568013419, 15.918671906680743, 7.038919751839728, 0.5604189150946866, 5.071195907313722, 3.204892625408263, 3.4457555641035356, 5.538130099438035, 9.326114370484504, 0.4426400327874376, 9.069233299925827, 5.371909888769636, 9.717978766853719, 4.617743425148461, 12.069302623078045, 5.13503123265906, 2.203286377025563, 0.7859768889162524, 0.6748469248538527, 5.3044125353812035, 4.11945273928302, 0.7045856823915528, 18.567155403974965, 6.500382668296766, 5.52670629996976, 0.08030820918838799, 1.7044534914705878, 0.7521520409783307, 2.264749082826256, 5.734786973524081, 4.6338822402649384, 2.8755310554213906, 10.177509847295426, 1.4475700582407853, 9.210601926526692, 2.4703177883928333, 5.259377990755695, 16.438749343257882, 16.612271240595135, 4.251681385892859, 0.0, 0.0, 0.0, 2.799618870679428, 8.700588882004745, 3.458422166013378, 0.3755567281029357, 0.07936754947117208, 2.9659864604119264, 1.086637492059353, 1.207079261610673, 3.1334367379518824, 0.7228242074414766, 5.089924267318665, 2.8699446112450175, 2.1520918781999825, 4.8381532269353045, 0.30263007665476493, 1.4408429786356152, 3.7269655900115026, 0.7216897210719679, 7.311608372518009, 2.9949706192121823, 0.20832967204191277, 2.209821638752061, 1.4572068066710386, 2.7616908937859463, 0.1460837026728825, 1.4147378639228236, 1.4031126280351955, 0.0, 0.4533650537578211, 0.22353112309882306, 3.879811616347922, 0.7403825469085206, 1.645407624304184, 1.1181787321394125, 0.5755922864635892, 0.1077685585216841, 1.2175833075190496, 2.7814702393816333, 25.1301966789556, 17.408948948260075, 1.6965154743458015, 0.03476522592922038, 15.768766173661703, 3.1041322539831526, 3.8649637601008067, 5.5582920390364166, 7.903664689113384, 5.3567707392654995, 1.6941651952216432, 4.213397091103985, 8.199266338559141, 2.352142033444011, 1.3502234889169813, 6.779823539196059, 1.3440169463112852, 3.2670151993601735, 5.970730436963379, 1.3103601469124442, 0.4539036488902184, 8.43408694302471, 12.264022127868515, 4.9127912999831835, 1.2763662579038169, 31.011398662600016, 11.163415036130118, 9.260757022631992, 5.665588035556766, 3.498808755261507, 7.618613029488358, 6.810634920722123, 17.27455831600284, 20.57870935580098, 11.660839518679722, 2.0156419778909367, 5.820868789033113, 10.831135484953279, 3.6703866766718534, 2.8283775944994147, 2.8713127720457123, 0.4665856426505002, 5.622668791709316, 5.933595389832817, 12.636069759225109, 4.72439280261068, 19.766703024618835, 2.9737872395897966, 26.70574808150451, 1.712503026143395, 30.66444883661626, 4.65300369708774, 11.377664154542572, 1.3413459616448904, 7.277360478828143, 0.6019482580913404, 38.37448770024406, 28.606937822873505, 3.322139947011749, 3.2613578637208462, 4.2066049930077725, 0.2877250152983635, 3.9416931465901044, 5.94389034840907, 0.9101281984057579, 5.367373272621563, 0.20832967204191277, 2.1976993849848867, 0.35922251972515085, -1.4210854715202004e-14, 0.6308422236968028, 1.0246517705717295, 2.3709376954857078, 0.41599432879046816, 2.963331752348296, 3.4164980744614155, 0.9101281984057437, 1.9897921663800133, 0.10091607429058058, 1.524346023839982, 5.590193786410168, 2.8378088429440567, 0.37362455753578416, 3.724264437788271, 2.0243415822644835, 0.34652213168201484, 0.5505977506472135, 15.614191828544932, 21.645957624126396, 5.936285568950865, 13.49434717070352, 4.731923359493862, 4.708416005096183, 3.239341812802877, 6.091631356260507, 15.958866105109678, 12.984078666200219, 9.642073634132771, 8.111927604237735, 0.2075997596168122, 0.8245940028446626, 1.2828470520783526, 5.409028684363591, 0.14888268332390453, 28.15842629203786, 3.10962300851304, 17.067318978229196, 0.8947731059361104, 1.425633182627962, 4.603148340316125, 4.25468973815282, 6.030984087142485, 14.976352324470895, 5.71189236997585, 0.0, 0.0, 0.0, 0.0, 0.0, 0.0, 0.0, 0.0, 0.0, 0.0, 0.0, 0.0, 0.0, 0.0, 0.0, 0.0, 0.0, 0.0, 0.0, 0.0, 0.0, 0.0, 0.0, 0.0, 0.0, 0.0, 0.0, 0.0, 0.0, 0.0, 0.0, 0.0, 0.0, 0.0, 0.0, 0.0, 0.0, 0.0, 0.0, 0.0, 0.0, 0.0, 0.0, 0.0, 0.0, 0.0, 0.0, 0.0, 0.0, 0.0, 0.0, 0.0, 0.0, 0.0, 0.0, 0.0, 0.0, 0.0, 0.0, 0.0, 0.0, 1.396395542996256, 13.36821593849021, 10.160793831704751, 5.594267756785371, 14.976352324470824, 2.8134078825290842, 0.0, 0.0, 0.0, 0.0, 0.0, 0.0, 0.0, 0.0, 0.0, 0.0, 0.0, 0.0, 0.0, 0.0, 0.0, 0.0, 0.0, 0.0, 0.0, 0.0, 0.0, 0.0, 0.0, 0.0, 0.0, 0.0, 0.0, 0.0, 0.0, 0.0, 0.0, 0.0, 0.0, 0.0, 0.0, 0.0, 0.0, 0.0, 0.0, 0.0, 0.0, 0.0, 0.0, 0.0, 0.0, 0.0, 0.0, 0.0, 0.0, 0.0, 0.0, 0.0, 0.0, 0.0, 0.0, 0.0, 0.0, 0.0, 0.0, 0.0, 0.0, 0.0, 0.0, 1.3930832783050882, 10.20308965576541, 6.977223977981481, 5.8997368807096535, 4.773046421239229, 7.2091586966242005, 3.7369941355030107, 16.8417063780671, 9.29179368281359, 0.6337312719334136, 0.9206044101338193, 15.68364463036312, 5.142107992215074, 22.45551913100462, 31.01150627251252, 0.4511225328111834, 3.768525573561817, 0.9758797112939419, 3.575506219981037, 4.737509674679103, 4.441057646805007, 1.5565933519569626, 0.8669967610962601, 3.830981797004881, 1.2712234395268354, 9.90115379296995, 5.286487633149562, 6.9614243847927355, 0.08093725605849045, 10.014631638865978, 10.231440598366532, 2.7996188706794385, 0.0, 0.0, 0.0, 0.0, 0.0, 0.0, 0.0, 0.0, 0.0, 0.0, 0.0, 0.0, 0.0, 0.0, 0.0, 0.0, 0.0, 0.0, 0.0, 0.0, 0.0, 0.0, 0.0, 0.0, 0.0, 0.0, 0.0, 0.0, 0.0, 0.0, 0.0, 0.0, 7.194751330029689, 18.277005445844537, 6.9658215009554, 1.2537291450139492, 7.780197778050535, 3.9172035490078088, 3.8917341349978187, 3.847287238622698, 1.8575357068764333, 2.717006519876122, 0.9531350961471503, 6.445373377778708, 3.6899409220660004, 1.2070668318793025, 3.5837257900901136, 3.0501471837737313, 6.59284280175433, 7.103275566541242, 8.574453704998291, 6.044739757642276, 11.749346065107545, 1.8544843161987785, 2.489549558107143, 3.620994511591249, 1.7007532068549835, 0.38689722340131993, 3.6430453009781445, 0.8753119338500142, 0.12607708285199237, 0.9315223897753242, 1.1429341015740704, 2.4411631031624097, 0.43065931352032294, 6.992827358230329, 3.3271511380924323, 4.486135558419164, 2.852237930654127, 0.1467514386678772, 0.8518240209713781, 2.10088032949767, 0.8430212367580623, 5.631597042937415, 2.71789564169444, 3.5550286756571268, 10.22455098433673, 7.2867015910994155, 0.5193689579880072, 2.4120359619907106, 2.8281524765156973, 4.750325876112356, 0.8550086086813451, 4.304019451750349, 3.3543215825538937, 6.1176813072158325, 11.931878010174017, 3.080435577673086, 19.33724901271998, 16.27300419976234, 8.09215562435844, 0.42143211025666005, 10.29507014226607, 13.744860772017319, 9.221364846643084, 5.711892369975892, 1.3963955429962844, 0.0, 0.0, 0.0, 0.0, 0.0, 0.0, 0.0, 0.0, 0.0, 0.0, 0.0, 0.0, 0.0, 0.0, 0.0, 0.0, 0.0, 0.0, 0.0, 0.0, 0.0, 0.0, 0.0, 0.0, 0.0, 0.0, 0.0, 0.0, 0.0, 0.0, 0.0, 0.0, 0.0, 0.0, 0.0, 0.0, 0.0, 0.0, 0.0, 0.0, 0.0, 0.0, 0.0, 0.0, 0.0, 0.0, 0.0, 8.701005372849863, 23.455387355709092, 13.502261005190746, 5.329921039185251, 2.992377977966612, 13.527120687128615, 2.410888135964342, 5.644054252497824, 3.008531208425836, 3.599102683489889, 14.624525029134304, 43.83057950221803, 2.619291790339844, 48.41946779488643, 17.373490078182726, 19.95581140544664, 25.392140805662223, 1.5536693082140118, 10.708454576227439, 24.783994408691626, 6.0796829124136025, 19.731235542203933, 10.167155091273685, 1.07798146031638, 0.050686679456589445, 0.25186323122483145, 8.006438108314342, 1.4983611589643715, 0.12206135589212863, 11.180133998104907, 0.24864102370429464, 5.156442055130526, 19.971649544578725, 8.701005372849963, 0.0, 0.0, 0.0, 0.0, 0.0, 0.0, 0.0, 0.0, 0.0, 0.0, 0.0, 0.0, 0.0, 0.0, 0.0, 0.0, 0.0, 0.0, 0.0, 0.0, 0.0, 0.0, 0.0, 0.0, 0.0, 0.0, 0.0, 0.0, 0.0, 0.0, 0.0, 2.799618870679435, 7.194192491724117, 6.4375059139133555, 20.168581156604063, 30.36652864873139, 20.214300372489106, 21.542599132598752, 5.85777784870146, 0.9759426299187339, 1.1097771728416888, 5.338240258734629, 0.7181536431021414, 1.8362117752708969, 2.5927604249273486, 17.357211510883758, 17.477938356981326, 3.5383789224921998, 3.655195463353266, 16.077614351208922, 3.0590072281912626, 5.09978045096193, 3.5132323976203566, 5.730437696692434, 2.9811556194107993, 5.404870058819313, 9.900432702883904, 19.785957727112873, 21.989393716580935, 0.9557812779798951, 5.553692086375861, 4.178116215649766, 4.181168900765442, 17.19452874487513, 5.79657675594035, 5.988741423661281, 7.835910213407146, 12.652749243516723, 0.7546230104393885, 12.605321588440802, 6.417850199660563, 10.571157972510832, 13.715793188945781, 0.368139298991764, 6.786997440296432, 13.996758796330141, 70.57037311139311, 42.635157588172945, 2.1129265341947416, 11.934069814129884, 6.80220715281348, 9.001698917079977, 1.0942798876324389, 13.357190940752304, 11.725707057844517, 2.0017082475542907, 1.0615993557739216, 7.375412235321278, 13.802339315424376, 0.25016920260907227, 2.605823048780195, 1.093367168791616, 0.9855678194443556, 3.3712727070311814, 0.6499979831501719, 3.451968694276843, 2.2574042386420956, 0.19372730030508478, 2.686915576708884, 4.689404785247575, 7.288158249705532, 2.4554319346744933, 4.402557720521827, 0.9705503246285616, 0.8640248183475592, 3.8726741487439256, 1.510053007257767, 5.444920186125103, 4.859614260194576, 1.817914866043992, 15.67675443541384, 13.822046745151283, 2.7702919838510525, 6.76441829055733, 32.97011968710996, 0.09219874679962459, 31.661862230415807, 1.4091826065268833, 14.715597133043957, 6.7607823044544375, 19.46652865453632, 8.873938833924171, 6.085971802482504, 3.2513875435691943, 1.72325018985606, 4.959217330053207, 0.3263738816307864, 13.298445609048201, 1.0333035745767916, 8.798686691722367, 0.26512514717444446, 4.276192348513462, 4.17165944761831, 0.7684112272190191, 1.1912681465523747, 2.4558827428660948, 6.4706278828151085, 0.5299975386792539, 6.217899915864734, 1.1281792856140669, 1.913274235153267, 5.231538741712967, 4.011799218867964, 3.9014018714927943, 3.8277052901193827, 5.279611227275154, 1.5139117561506055, 5.7334302159391655, 4.192942198222909, 14.032162136153318, 2.0445009812008266, 9.13220636442918, 4.763600349318892, 1.6746842787379705, 0.4316030814047167, 2.3590238515436113, 2.248618393521838, 0.05150801912020597, 0.19339434664931332, 8.85370475875726, 8.312127314319696, 8.877970477990914, 1.311920336690207, 9.197976081881535, 6.502146035709416, 29.017126602599546, 2.374084878695328, 12.522834564947459, 3.6447175660536004, 4.872488036032934, 3.923509901132917, 4.831869756087883, 14.80679351011861, 17.850115046084767, 4.323151322992004, 0.7403825469085206, 3.643456572399913, 7.5556093019845605, 0.06126217221492425, 2.261085567124212, 2.074677202896879, 1.7412453614542187, 2.6638376864646034, 3.582723625209894, 0.9698821990967019, 3.5827236252099226, 1.6557638140155575, 7.599281707912354, 0.513164550897244, 2.34247999188716, 4.72701761167076, 1.5959353340115285, 15.865158154002074, 11.508415411228839, 4.793331574363677, 3.7809211275803705, 3.3373773260864823, 0.8622926281682624, 5.148756233014694, 0.6482260672562177, 11.546758335085798, 1.5686081145462651, 5.411866061516889, 10.001523471302704, 9.263552772699114, 0.20799652038011374, 0.20799652038015637, 1.3871013805861452, 0.20799652038017058, 3.016409137110635, 0.3465221316820255, 1.0658141036401503e-14, 1.0658141036401503e-14, 0.3465221316820113, 1.9871900714958954, 0.7059616625334186, 0.14988579459118512, 1.9871900714958457, 4.219372890943724, 1.0658141036401503e-14, 1.393083278305097, 1.3930832783051006, 1.3930832783051006, 1.393083278305097, 2.7996188706794314, 1.0658141036401503e-14, -7.105427357601002e-15, 0.3465221316820184, 1.4210854715202004e-14, 7.906657783779735, 13.077569562022873, 4.800186470646992, 2.987789380783795, 2.5670784956383272, 5.090925855347791, 6.405116454991116, 22.021932125026808, 0.16063536148200797, 18.805903091386256, 10.553681167997127, 3.877316839866012, 0.8183156224283152, 3.9222549818999823, 6.860967656512116, 7.077342531467764, 0.9011057587434834, 0.8313994952724784, 11.412948897959438, 4.568072658885683, 2.153293825743276, 4.14373441758994, 11.469926682544042, 0.34517553653347477, 4.657209008815812, 2.374937281532027, 5.31191724098403, 6.127821971765798, 0.801171863914135, 5.253081002273632, 1.6202718720272173, 0.25438919289308615, 2.5755340974844216, 1.0778948650410598, 5.574653793496509, 18.664698912172753, 5.4082616855329775, 48.62659525532439, 10.80696092794335, 8.067971614494525, 11.656367308358881, 2.156623759827255, 3.6961238311635043, 1.5666081616678298, 0.29622360780388135, 2.373075934643623, 1.3255692352437336, 11.981207010637036, 0.7971995951658641, 2.9967272003379435, 3.4032323212255733, 5.241078599602474, 8.837655472182234, 2.2090895281373832, 0.9361230309434632, 7.104204065731324, 35.756883538211184, 6.787848734927593, 8.68957566281324, 7.6728751562786215, 6.270352635453662, 0.9302889764486508, 3.1147679512257582, 5.335288084304295, 2.34144761790094, 12.20120368190669, 11.55525579300894, 4.101697621533219, 1.819700137959245, 0.24758404122422917, 0.9371603002936126, 2.0657935933685394, 2.1311626051936514, 5.079531124187383, 1.1399272927461652, 6.022641003329056, 19.09613576812228, 0.7777532854176457, 11.361887617387822, 1.8337654666493677, 1.5330838076725968, 3.352805154905525, 18.487312001779003, 10.831702599306652, 10.615792816708023, 2.156093013188382, 6.431705939113897, 2.4443940897611753, 2.0971650533934962, 10.415318511457428, 0.8393329882498506, 5.3550208191005595, 3.9134840641735593, 0.3758877225618278, 4.718973380709372, 1.629952192241177, 0.44634933616649164, 0.4756526055819563, 2.5235508901871526, 1.665176379239881, 8.506620342580675, 3.587508113930312, 29.532923749871316, 38.39068935120463, 3.166961573970468, 7.76132387126637, 5.046717212161695, 0.36300618665518414, 5.050919194377855, 2.947193512124727, 4.325914179316499, 10.630312599590695, 1.9872456146665627, 3.270253255892328, 1.1304178739878807, 34.128168838566694, 23.876320651418837, 37.840520993138, 18.46885498336519, 2.943023754744104, 6.307831715299187, 0.4928263218101847, 12.444752641248044, 3.783803781745405, 0.478986044655926, 0.4377530285550506, 1.2924614700860957, 12.961295694227829, 6.262824551043309, 22.00721788920805, 4.053535542421685, 20.715186991870155, 6.083289761218452, 6.830357231724065, 2.493131605645715, 0.10083579059704562, 10.487791305705002, 3.180224079762297, 1.8035970390965872, 0.48439640473407053, 0.3184210946259327, 2.433189977313475, 1.8685691644100189, 6.747709967460423, 8.488779130713567, 19.97164954457878, 5.711892369975814, 0.0, 0.0, 0.0, 0.0, 0.0, 0.0, 0.0, 0.0, 0.0, 0.0, 0.0, 0.0, 0.0, 0.0, 0.0, 0.0, 0.0, 0.0, 0.0, 0.0, 0.0, 0.0, 0.0, 0.0, 0.0, 0.0, 0.0, 0.0, 0.0, 0.0, 0.0, 0.0, 0.0, 0.0, 0.0, 0.0, 0.0, 0.0, 0.0, 0.0, 0.0, 0.0, 0.0, 0.0, 0.0, 0.0, 0.0, 0.0, 0.0, 0.0, 0.0, 0.0, 0.0, 0.0, 0.0, 0.0, 0.0, 0.0, 10.231440877944493, 27.073694817356056, 5.112675732214257, 1.8563900473296826, 0.31602640981913055, 2.4524430710498564, 1.6690593732616321, 16.007568307847123, 0.4692066110222868, 12.989071362064351, 0.20542700686212356, 7.847776958071165, 5.547468191009273, 4.770146582706673, 10.297174905157476, 30.884724637318016, 6.009646435435798, 16.631560028029355, 10.348676299797717, 1.2162073647172633, 3.942384981033058, 1.0096791175229214, 1.0475015300512496, 0.5402886195100791, 4.734238555112313, 2.8017144855915603, 1.7744842195036767, 23.77207177007358, 32.89255603335735, 19.97164954457847, 1.3963955429959665, 0.0, 0.0, 0.0, 0.0, 0.0, 0.0, 0.0, 0.0, 10.231440877944408, 23.455387355708837, 4.0440103445521345, 1.2582535265866568, 0.6599123423106334, 2.377162779112382, 1.0035191792831029, 10.53081490735218, 4.05480773106143, 3.755412709180405, 25.36808955444576, 11.798556202681993, 1.3838203227304007, 3.253811485686356, 4.15077165698662, 19.958429525706975, 9.7103003478299, 0.32363765348262064, 4.5976020005991245, 0.4299320248058507, 0.5471039340493746, 0.5463843508564992, 1.7059366826645146, 1.0981086639545765, 2.648351381387897, 0.7432400777061048, 0.054473672291109665, 1.1531132955831538, 2.2690502711072043, 5.572913981502666, 4.857299671883538, 15.184889638568336, 0.12726382964233096, 9.815739917816089, 0.45506679172045494, 0.2562534439565809, 0.6421597954675065, 0.3918928527194794, 1.3624622127118755, 2.435305810911501, 0.13889288114725673, 0.38309420434742947, 1.2053634583430153, 0.4834628472187603, 0.08997061474993018, 0.23986591104937816, 21.806110180600086, 25.998418649588274, 7.018470493264374, 2.344211596937498, 2.5160058823906866, 3.7666810222096387, 0.8440865438195715, 3.672508374614779, 5.465489185440504, 1.8972350762714996, 4.994002521726884, 9.102736313818923, 4.729069485766104, 4.547197894188031, 15.506081282489248, 2.878490769868563, 2.5932053843036442, 3.227874015923362, 2.030978618951849, 7.597738077378182, 13.368215938490138, 5.711892369975807, 0.0, 0.0, 0.0, 0.0, 0.0, 0.0, 0.0, 0.0, 0.0, 0.0, 0.0, 0.0, 0.0, 0.0, 0.0, 0.0, 0.0, 0.0, 0.0, 0.0, 0.0, 0.0, 0.0, 0.0, 0.0, 0.0, 0.0, 0.0, 0.0, 0.0, 0.0, 0.0, 0.0, 0.0, 4.251681385892951, 13.36821593849001, 12.493541208924285, 23.32377452769913, 1.0073425703997145, 7.864707701490715, 10.68293341995701, 9.035073909761536, 1.6463930701185063, 6.47155008544496, 1.3457987262497682, 0.6972369654480985, 7.254541563830401, 14.329434866441488, 8.728967582574114, 1.2194152338432787, 1.5157397461282471, 0.7276676198627001, 4.986363298589708, 3.984483403647573, 1.8576436846154252, 4.986278347160862, 11.435838063099652, 3.055873290435784, 12.235649574246679, 0.37520641035865765, 1.0129520801018543, 0.45610391003100403, 11.629461609772079, 0.7369031431910003, 18.22670721664275, 6.367924949986957, 1.856785579621203, 7.27173394637191, 6.9856005048670795, 16.389100773661994, 40.21985260522149, 10.460083960086536, 1.8008568467334953, 4.313499855012651, 7.858354420895296, 7.907979088375384, 10.092086479962973, 20.401019030904877, 6.713282004622329, 0.9551930710831584, 4.033431563958402, 18.95905394399051, 5.620961162491199, 19.609301684073557, 9.245744805275876, 3.759885364250465, 4.235059983751171, 0.9577538861356061, 7.9077032235017555, 3.6953211377780235, 14.369335128615376, 0.5223533453167875, 1.0861556246250075, 2.750341649606355, 7.437019157870623, 0.8320098538970342, 7.994150767929455, 3.128075201024899, 4.357525764645288, 11.088438505922909, 19.23967568568338, 3.5631599196859725, 32.97839098252382, 7.3631055188971, 6.727872139817691, 12.092978877221299, 14.70044596939482, 0.8055351002219027, 3.8652630632935825, 6.3482141558103535, 4.5072405464551935, 2.7747412026169513, 12.790154550514785, 18.390189832287092, 8.462015173783527, 2.7015525581402926, 13.141733351930782, 9.743448414435647, 33.19310367824363, 64.94472610406604, 1.5615268796106534, 3.469708975214189, 4.33556176194827, 3.6103412618618336, 0.9483005656825867, 0.9490263662012524, 0.7346852141237434, 10.385712418780088, 5.5396432683012335, 2.7544883579240604, 1.5872695790741886, 0.8813769951077006, 0.20214792338967413, 0.21050341533253913, 0.11377498564871757, 4.561467589423614, 3.0971766735880806, 7.846697431042401, 6.71654192379745, 4.493036535970248, 4.6359775309963425, 4.7582229155287905, 2.7802218381110606, 0.19061025409604326, 1.1948590818300318, 0.22485220849648613, 0.059155683537767345, 3.895905294782665, 0.5889023943823304, 4.400785968778223, 3.2083461395980066, 10.500409881522046, 4.936917748880887, 12.107487268531656, 16.349482915804856, 2.9666001495182286, 1.7082590433419114, 7.789504437793539, 12.107906309325358, 1.6113621613084206, 6.85321811070628, 1.5506232972206249, 17.17440697853084, 0.18396421115346584, 2.913252401323234, 2.644791430194971, 2.0905830828143053, 1.2508275615722937, 8.5018698322732, 7.540980004258415, 3.354319823673336, 1.686554961558727, 7.373123247780313, 4.400973607963181, 0.2688413865146799, 4.253484326113551, 8.443878072907125, 3.607588433034948, 5.7876529244642825, 13.532008391675788, 4.343495995833223, 1.9580223145021023, 1.5201578725269655, 0.28251893087218605, 1.0636798687787632, 8.528588700109253, 2.5886131880603216, 11.397319692598273, 0.8112649008205608, 9.458487447636287, 1.0933077179943211, 18.558493717701367, 16.61227124059519, 4.251681385889448, 0.0, 0.0, 0.0, 0.0, 0.0, 0.0, 0.0, 0.0, 0.0, 0.0, 0.0, 0.0, 0.0, 0.0, 0.0, 0.0, 0.0, 16.612271240595277, 27.073694817356113, 2.3346085791543487, 0.4717420532527399, 0.7997471228203494, 1.6619332872842278, 0.2082550196899433, 1.5069264562971512, 3.1236789758353325, 3.970760031631869, 5.932231922712106, 3.9425830790259226, 3.0438147848514063, 5.420063638073714, 2.1521917583727372, 0.8826218578119551, 5.898643276964492, 7.345498628889914, 1.423868055419689, 0.6646947547970967, 6.0011681147266245, 24.54825783495005, 9.409176663870198, 1.3196403599572477, 25.130741340929262, 33.34968331695438, 2.365911674154745, 30.80345862826266, 7.920626993641008, 1.6264444327168235, 4.806886495219942, 3.1883261710505053, 7.238541253350036, 2.9008287047648196, 3.3257904557030997, 10.376428285723023, 4.479427509765742, 8.972203242321882, 45.37668671728778, 16.61227124059525, 0.0, 0.0, 0.0, 0.0, 0.0, 0.0, 0.0, 0.0, 0.0, 0.0, 0.0, 0.0, 0.0, 0.0, 0.0, 0.0, 0.0, 0.0, 0.0, 0.0, 0.0, 0.0, 0.0, 0.0, 0.0, 0.0, 0.0, 0.0, 0.0, 0.0, 0.0, 0.0, 0.0, 0.0, 0.0, 0.0, 0.0, 0.0, 0.0, 0.0, 0.0, 0.0, 0.0, 0.0, 0.0, 0.0, 0.0, 0.0, 0.0, 0.0, 0.0, 0.0, 0.0, 0.0, 0.0, 0.0, 0.0, 0.0, 0.0, 0.0, 0.0, 0.0, 0.0, 0.0, 0.0, 0.0, 0.0, 0.0, 0.0, 0.0, 0.0, 0.0, 0.0, 5.710924054536399, 13.33190688901881, 3.237585951510468, 0.7039922920955917, 4.505185360007957, 1.1144063391287773, 1.4455481973637916, 2.9207962642748697, 0.08216223125795352, 2.136914284600266, 1.0856781870560042, 1.9766229850273334, -1.4210854715202004e-14, 0.8983051908688751, 3.7890062651400385, 6.450756913611585, 2.1965415541393654, 1.3871013805861452, 5.528077226329344, 21.475640122323483, 17.451546961708203, 5.7322144990021116, 0.43660880193527873, 22.687007230950485, 0.21994487048215206, 0.4068486944380538, 6.221748112090552, 0.2771414412293325, 3.083270199891274, 2.3894536232791665, 1.8205382390692648, 19.112720940246447, 6.88500419497575, 19.187791948137146, 5.442542870809774, 0.5811658877302648, 0.37843188220705315, 4.908500399243195, 13.051103847814204, 2.3134689441031924, 12.491862950250834, 0.2478951623953094, 0.06340166589706087, 8.396362276102423, 2.089577744232713, 3.145352417570564, 0.8434671958559363, 2.1727476753158044, 1.303231591634841, 1.8181539960134785, 35.74851864337364, 16.873386107540114, 1.308847127120572, 0.45715365352140225, 5.598420770033613, 1.6991977032003547, 2.6154697580556103, 6.009374904789553, 7.498552249459749, 0.31270562890739484, 0.3900212781744301, 2.5458964624764633, 0.3463917514910122, 5.785371635930119, 1.80087301776274, 6.769192898547516, 0.7441483522245278, 3.862027798284416, 0.7561786262453438, 9.0316483842345, 1.4522303747706644, 7.136401977106544, 4.088203540805807, 0.3918928527195078, 0.7051508620199058, 1.9343923782593606, 0.44991350168581334, 14.3727439005838, 24.624771084508495, 1.3394641128053308, 10.972027211308784, 3.3256880909014512, 9.856783538792627, 4.053207718506769, 8.641150799742263, 7.974215728457864, 1.4653877080758093, 7.660940091457803, 3.7340470441380944, 4.052727918471021, 0.3170675387108304, 7.387253144531087, 5.3571271152476925, 6.5430407546650144, 8.334473384404674, 1.639145439855696, 9.02179068242512, 13.353253608277754, 2.303377147376807, 18.134193121155818, 15.205706640623589, 8.85140703690007, 8.914827959748038, 8.482891370452023, 13.350506980058356, 4.267712729034372, 11.124219982026887, 1.274526619804476, 0.8887711373585603, 1.3879241227306807, 1.9296578290048956, 4.854704669226351, 12.48083931276409, 9.075838765684011, 15.757227141557962, 2.7832271425621684, 0.7519073020633869, 1.8783283091997305, 0.48655004772422217, 2.4241670599806184, 4.003242235174582, 2.20210004254443, 8.833456631387548, 1.5906304050159292, 11.925020567528293, 31.51094857908987, 1.0274512178435202, 43.28863172307064, 11.81422061856847, 1.8926185104724595, 4.396375323157201, 3.205992696430826, 9.063401963160402, 13.744227603597778, 0.09129815016649445, 7.085317834198463, 7.337487534903687, 1.3454043026467843, 9.129504820621264, 7.986158288318904, 4.141106074587867, 4.5165499029050125, 1.617564332602342, 4.930313938464565, 7.111268646981614, 2.716165957852155, 7.227176643533539, 6.403519951245045, 5.074346189046821, 4.242915803043502, 11.457639590188364, 18.389101443788462, 9.90794093533529, 4.554357322389421, 17.565725174618166, 31.889580163288826, 40.45923359809382, 3.546082970775899, 2.6123976125172703, 1.344087924369262, 3.718050914161779, 0.6752945177654226, 0.8588152468734904, 4.991892656663907, 0.8512375921010857, 10.429121488885727, 1.420687262362776, 11.3928084139946, 5.167043513753754, 5.977335244577432, 21.5637605808098, 7.416981138788145, 0.7791093990819888, 3.084966419804033, 1.6891279368114738, 1.011275023938282, 0.36269988797437236, 1.030994235536781, 0.20983623343997237, 0.23074096956099766, 0.19429070433747597, 0.2466028734891097, 3.5605892797902925, 1.8854228220725986, 2.294468194074625, 9.151699612240236, 4.282104024954037, 0.6565822384794444, 4.227156477162737, 0.8031069062290896, 5.070288042552875, 0.4522818360793508, 8.257609551308008, 0.6123849085835218, 11.695314079777177, 7.99678512083176, 3.2213634605284085, 2.4120790296348105, 3.8577194378160016, 1.7273047709611546, 0.6341807925385297, 6.761954987571642, 0.1235261974308628, 0.49378146836315295, 5.1023952940182085, 4.216096476638029, 0.43702838600140126, 0.9909878284656202, 1.4634005642857062, 1.497177399715099, 2.398399919466499, 5.185195556834401, 6.999067746820174, 10.803014256926502, 3.4462620716216747, 6.301261454705411, 1.36160400071293, 0.6718358254358918, 4.01871405454898, 3.85786455875882, 1.3252633013261175, 2.248708528688553, 3.3005789802309664, 2.4361775668152177, 10.904549626009384, 0.35718470680825476, 10.196496928620434, 0.9343000288575354, 11.439604281418951, 4.386134817517984, 3.188059593660455, 3.948723983055288, 7.036813244358029, 1.703320040261815, 14.916605911025044, 0.4473523277451932, 6.976880426306877, 14.301172535953924, 18.20526241551272, 5.991059068078528, 21.501034124460887, 0.9753855483476173, 4.334276226788916, 9.456931390661907, 3.2304639813181097, 21.928210522523557, 8.422871905116551, 2.190028962997701, 5.665744722918021, 0.1751267437249453, 2.229756536480238, 5.574304581359513, 4.5235321486061935, 3.0508064313390832, 0.25551951152567653, 10.164743819826697, 1.457665801610574, 2.8859249756887095, 5.467524344553169, 3.321162828080503, 4.04260642907866, 1.4357137392274808, 11.323528928035785, 1.9421009579747874, 5.880432319075339, 0.7518889358476599, 0.5952379080979995, 6.025414289860919, 7.546980702066264, 1.2222426600452536, 11.048559170460578, 2.2182885601752105, 0.8758881332653914, 5.266982535064301, 5.1058180968285, 9.771094552775423, 7.51813710852764, 11.783575648167187, 0.41010055840206405, 2.7850832049845735, 1.4090688136341214, 2.27481662195612, 1.534906058038132, 3.2880944798955625, 1.576147712827833, 14.413640386358054, 10.769231110260137, 4.873920000178202, 0.14020143353380377, 2.1610171922282007, 11.202689553433743, 12.538528677288241, 0.11642316072203585, 10.764456328048823, 0.9203074029031768, 9.829726941746799, 7.073392260388715, 2.279481683735014, 6.697401584246734, 1.1382854045185695, 0.0801799888835717, 0.263010120575359, 8.33699100303022, 1.4219017457803602, 10.736852357206715, 7.803841308032702, 3.1918134040561768, 9.549373127838294, 3.992282996546521, 6.692485363585007, 0.4043276211086493, 12.780786530092684, 5.659114917148884, 1.2633123188232958, 4.9496048246764985, 1.5497074023302275, 0.1876453782866463, 4.313803415887321, 0.2511936415922378, 12.158965755324203, 5.218006856642376, 3.0198032664603147, 8.97596174801464, 5.155804004353456, 7.761960455453504, 2.6943412177184314, 0.09026958521764072, 7.159995442219753, 1.7067311932978555, 3.870030519334449, 4.021064740763336, 10.850357424493694, 0.07540633042543732, 10.975577614242155, 0.21556002087356774, 10.818761588892784, 4.679808048858689, 0.46451560667443914, 6.37725533957331, 6.457783072193251, 8.362918568113173, 7.969820294402382, 13.970351676366704, 2.4556157403886516, 0.08629342263608919, 1.1238548507218127, 17.27302449814988, 30.4159135942856, 0.2512920941009611, 10.693642140012912, 0.8464482860723592, 11.464887498038934, 4.770192273686462, 11.050236721402882, 2.4958192166379263, 1.1436520606843033, 9.056854400093755, 4.114688239343764, 20.400200357011215, 7.83538203242432, 2.5779362871174385, 7.124794736987042, 14.07511719426725, 4.10851972747264, 4.462787274252435, 1.4841892071816005, 4.6452927676944, 8.334083774240526, 5.188434129422376, 18.27700544584465, 8.70100537284992, 0.0, 0.0, 5.711892369975871, 11.786886413583147, 1.2238445521252004, 7.205553945439988, 17.03835162272253, 3.423963860736137, 8.750978443830661, 7.518552763557068, 4.818122390070414, 1.7930059191730834, 24.3023553816775, 1.3423130405184338, 22.498627660156444, 7.734972652883073, 3.6891442566568458, 5.853126889047928, 0.8609439515066697, 3.2696961936324556, 6.910034366686034, 20.091129558565513, 8.824776886985092, 7.441397572336058, 0.2575558270990541, 4.890017665818732, 5.483668971435122, 5.327603916956264, 1.8481905952598368, 9.578801759640157, 13.419246810899722, 8.663597166599118, 22.019463529862662, 4.2028609511058335, 9.388666448071888, 1.7055667804037284, 5.082872781620665, 0.6956107088558383, 2.111179305195435, 0.7502069721303428, 4.098189011913632, 14.406125788351517, 7.60867245276296, 13.164202845076488, 17.8112107795543, 1.7966150842527497, 15.437324044161386, 31.209592983407035, 2.6470052847584924, 14.918249809105134, 10.5932269214766, 0.2517505305017096, 0.892014814050583, 3.9806850739725235, 0.5986781763290594, 13.550391444371968, 9.282361958784975, 0.7941971746878949, 5.865048887189715, 3.5433381790552403, 0.7951910550616219, 0.19981842330113864, 4.319655272052131, 2.8630125110985034, 4.816273327999852, 3.1408149657804927, 0.20719492399177852, 7.188692993699846, 3.5479425619942617, 2.9660855905379435, 4.107686366142872, 6.221797460468565, 1.139562176333385, 1.8184605853800804, 12.94992465747464, 10.76591156979623, 13.963821457591166, 3.0272531486142498, 5.294385130404407, 3.8530362434179892, 9.272984485414156, 3.8561767687355086, 4.282467155126255, 1.1812816939026902, 3.384233387674385, 3.7275697110746933, 4.398618930484872, 5.392623273351774, 1.582149877660072, 33.893275823998295, 32.3097189722198, 11.16384242431809, 11.978820869160444, 1.7168469881196131, 3.840480837086716, 1.8232993676183469, 1.0674172076555806, 12.601490395749977, 4.105145975426524, 2.1420896886316427, 2.6245995175187318, 2.1131339612414877, 3.243431322250842, 1.7863604354816403, 18.050849250751753, 6.891829132924727, 8.872005823729637, 8.552697374703655, 1.7005466147129482, 0.7021198543718015, 4.11248580551279, 0.06441458246519005, 1.4601066290786093, 0.01359307049506242, 1.8353206842589884, 1.7682011503588342, 2.290698972866039, 2.1240828163072365, 1.5390018088054376, 3.312443135784463, 12.236813599425659, 17.27174752183123, 7.326410075216472, 4.892647568807661, 3.6382162993963902, 20.39794738123669, 5.557170611216293, 17.51043744300415, 4.126316751567572, 3.3114146745875246, 1.5587705702604921, 0.7807468997990554, 15.6322787079975, 10.091106557421085, 7.422867477763077, 17.16302793575005, 0.19812411147705689, 15.818308006254767, 4.230497041781405, 0.5125518832787179, 0.32915810860367856, 8.438550075199032, 2.2687865602869124, 0.18879059868015702, 3.2045894966774995, 0.8839790129757716, 3.913027518261515, 2.007965757769398, 3.2713700880420333, 3.479137651350129, 45.61633979319572, 28.987866064051957, 4.46454938253089, 8.282094571404798, 22.91465083668504, 6.99894838421767, 3.6873186405759384, 11.611829878666583, 11.172532751123867, 2.365128347207815, 6.691853855974102, 1.4271842264290342, 16.28744157165562, 1.89718399332736, 9.63227133106227, 4.748066225147227, 0.9955413160016064, 11.18523442159011, 13.299548982305623, 10.396613002511174, 11.92010361903209, 5.502998600799231, 0.11322704518556748, 4.575532316070962, 5.081118224112686, 17.038359030714503, 14.265911698868365, 19.773453201161573, 4.9456865194498505, 6.952407134119085, 6.877701705456332, 2.1312782900109255, 3.6882013621611236, 2.9183377552425895, 0.7747104832318428, 1.3492467131055719, 6.807031160330638, 0.3124297385424484, 4.01238694844119, 0.6662759548511872, 4.43975165317454, 3.8675017631406092, 5.4730836448374305, 3.117093136221115, 1.9835917071311826, 1.2675389405236501, 1.8320778145464374, 2.4673502121788147, 0.2879012287231717, 18.968902370638034, 3.8257487747302434, 11.174137903994392, 3.331824154194237, 16.09711186400881, 8.125451241421615, 7.70871802648287, 15.242204825276929, 6.090156966204802, 1.4128610236124928, 0.05242386269816279, 4.451306449115009, 0.09488469708770708, 6.607340483314488, 2.8738568063016032, 2.3183882140640435, 7.684312516788395, 7.805441483440234, 1.037686310687377, 1.1123689738452072, 4.494092744316674, 6.340905964610727, 2.2054756100534973, 0.014679391002744069, 3.912606433279848, 6.11858446231588, 1.1425147381349916, 3.0250413520200823, 13.608054483387377, 4.474719423620002, 53.312806430308626, 12.773050282384759, 7.942822094101558, 2.7970750921404033, 1.6452058794760092, 3.2569466473769353, 0.24874268189296345, 1.7391871191222776, 3.0280356648909788, 0.7401155869563354, 4.973945816563798, 7.625801210306349, 3.509529311874587, 6.0084731082871485, 43.01772961517469, 65.18042795450305, 5.063450338524262, 1.5134097872153518, 5.55727097434405, 4.517689337494147, 1.162154133184373, 1.045596777323908, 5.765702193263678, 4.352490483424219, 2.927256192509219, 3.5565006895151328, 0.27238275953806124, 27.245233407744053, 29.013647611840895, 10.704088411566204, 7.456499566886805, 1.1771721820670678, 3.7889340909857765, 5.114295075138045, 0.6899787660588004, 0.11021912751462537, 9.221774814558898, 1.0171630802091727, 8.793868472206213, 0.95672934277286, 10.041367624334725, 0.4736455625613303, 7.738970506927842, 3.399327961910217, 0.6195382081912726, 0.6119598556851997, 0.5094263092836115, 5.223696995731046, 3.7001782691734206, 0.059201497426300875, 0.9993617366215801, 6.572945786578998, 3.230987524670411, 3.77218249893059, 7.708752462746247, 18.213403755609534, 68.73384808233055, 20.70802925497344, 4.749592402315102, 0.5319712013250069, 1.4474485154423178, 10.610646746799432, 3.3114622226746064, 2.193569779259576, 3.356716574408779, 2.5304897991699136, 4.052390231815195, 7.529952258990079, 16.266560913563637, 8.701005372849963, 1.3963955429962311, 0.0, 0.0, 0.0, 0.0, 0.0, 0.0, 0.0, 0.0, 0.0, 0.0, 0.0, 0.0, 0.0, 0.0, 1.3963954285339142, 10.23144087793905, 18.73926094092471, 5.089359386408887, 13.588486822432685, 6.041871956275685, 7.551874300156584, 5.5500722253380275, 0.359429789890811, 1.6185542870459813, 3.489448793839614, 0.06565943872718094, 3.009539404162979, 0.5824946113801843, 1.1965353926686078, 2.317926793072445, 0.07102247948134277, 1.6890976070885415, 1.8145973747467394, 0.10595488421586197, 1.6972058710649094, 0.8995710471086227, 4.528621517769125, 9.823900164856411, 1.6834506870449673, 15.333220352524421, 16.077611379895416, 8.701005372849806, 4.251681385892965, 0.0, 0.0, 0.0, 0.0, 0.0, 0.0, 0.0, 0.0, 0.0, 0.0, 0.0, 0.0, 0.0, 0.0, 0.0, 0.0, 0.0, 0.0, 0.0, 0.0, 0.0, 0.0, 0.0, 0.0, 0.0, 0.0, 0.0, 0.0, 0.0, 0.0, 0.0, 0.0, 0.0, 0.0, 0.0, 0.0, 0.0, 0.0, 0.0, 0.0, 0.0, 0.0, 0.0, 0.0, 0.0, 0.0, 0.0, 0.0, 0.0, 0.0, 0.0, 0.0, 0.0, 0.0, 0.0, 0.0, 0.0, 0.0, 0.0, 0.0, 0.0, 0.0, 0.0, 0.0, 0.0, 10.231440877944394, 18.27700544584468, 1.361183494446891, 1.355644037416596, 17.360686619709725, 24.143524200678087, 6.481593842962809, 0.40611690601372175, 4.2992257782340175, 5.3786397264442485, 2.586591343984196, 2.0557913592613772, 5.615327471804505, 7.262708577996648, 27.771553762370445, 3.756573271889124, 10.044980543096358, 3.790541266089349, 5.066939225354247, 6.010500035039513, 5.33500438088268, 2.2857953079522986, 7.631200683189377, 3.56232077825058, 9.773720877930202, 6.045697517938606, 12.430786702127762, 26.314533871738035, 7.123802075753048, 10.671002190468187, 7.3250905017728485, 7.737601436347234, 24.39328517369887, 1.0089646271773915, 1.1606085202086547, 1.0932887319481779, 1.15745263349595, 4.493650116329945, 7.283731012019018, 3.247209585467971, 0.5747476568103025, 9.423024602137076, 0.7602194137047604, 3.9837913650370638, 2.558331850313124, 1.0197884525177017, 0.596118084788742, 0.7516502254390502, 11.80123031626627, 10.292049382825496, 3.619067783202979, 16.50754126296991, 14.451657918733929, 10.603988097517174, 8.069515877139835, 13.415921006322066, 0.8723892286794239, 1.6485627659713202, 1.0776716310911354, 4.093635757145165, 5.0395279634350345, 17.835304513686225, 0.12706733307584273, 17.497704848199987, 5.599892965840979, 20.702742661939112, 15.372057735699343, 0.734455843244973, 0.020775168979525915, 1.147469750859159, 2.97514722528814, 2.5320228057121312, 1.6779292483751078, 2.42877626425161, 0.7594010601392824, 0.2721319628141714, 3.4025449016613436, 15.851641908827844, 10.231440877944493, 1.3963954285339213, 0.0, 0.0, 0.0, 0.0, 0.0, 0.0, 0.0, 0.0, 0.0, 0.0, 0.0, 0.0, 2.813407882529109, 11.786886413583176, 13.03755155965149, 2.8126238847091827, 4.456905239680623, 2.2395141009516237, 6.632736192064613, 0.16323464891723916, 8.8785456248321, 3.156599245584516, 2.6102811999335245, 2.5493995016819895, 3.1227607685075043, 4.68308250786032, 11.361412591962164, 2.14600256647725, 6.8918853546649075, 0.6637726631182375, 4.1240676462301735, 2.1779795133372772, 2.1796055615786827, 2.2609442667248913, 5.791859525568071, 4.741832670718736, 1.4206488922442304, 14.615858199025297, 8.782001563425126, 4.284642002787962, 21.29182863022379, 18.16431846747571, 9.13947354902129, 6.377776080605116, 10.479841126491678, 13.51911271404768, 13.770923825367248, 0.8050650794175738, 3.562028372099377, 6.458961136401712, 7.465851319382125, 6.354702909333923, 16.315909269582107, 1.7372701372307233, 18.525658276140177, 6.021082007507033, 0.17769071742048936, 0.8380101263574886, 0.15054727396611156, 1.188494371663694, 10.449312776750446, 1.0748734023650002, 17.112931812608707, 4.937406378092646, 2.6482812403156686, 11.470487658796031, 1.9909423569370404, 7.660140608239601, 2.6503749310352305, 0.860595028942015, 0.16052671535570084, 0.4355402496470049, 2.1734458228615097, 1.9871224796294484, 0.9590904819516766, 3.0857521179031266, 2.191981409384198, 7.3468075463699165, 3.023175289402502, 13.330751134807144, 21.7225487552397, 14.590978647114511, 0.7059616625334115, -4.263256414560601e-14, 0.11775461418221767, 0.7542888044314466, 0.4533650537578353, 0.35227150505716054, 0.22353112309885148, 1.722446160255231, 1.261946369768424, 2.4555985831995244, 7.69187946287051, 8.028720952438164, 7.894669627816569, 7.085375957707214, 2.114756580743517, 8.575014607039066, 7.819144076301882, 3.6251620218761786, 0.10187553675956451, 3.095601279678192, 0.0028258162016072674, 19.138940194035513, 8.010004960245226, 17.471517697849777, 1.0886216127661896, 11.654971875432807, 0.6208955873403283, 3.16603971208184, 10.360092546680619, 0.9576593395180453, 11.097815211447937, 0.18559541580162886, 6.692428541038851, 6.502278787738248, 1.7189808082443392, 2.478663923487659, 0.6616488747387734, 5.5403028950792645, 20.867879929692094, 4.0215817489004735, 27.65967254072649, 4.117551219404163, 0.7761235795890684, 16.83403436175007, 6.99055238339389, 2.371513882352815, 0.2541333549864646, 2.006731698124554, 9.936793408265316, 14.531774545987275, 0.494719140302891, 2.6145702534502107, 4.150000879027914, 3.8098166825315616, 3.2513274364451945, 4.2629434636184556, 1.4941880400318155, 10.590292382843927, 1.3191353863702489, 9.863711463899278, 3.989454777637036, 0.4715788377216654, 4.925998595839076, 0.6073788731749232, 16.42825342007154, 7.748946901125464, 16.847510783099608, 12.685428465891334, 8.563940479938509, 19.372360529231912, 7.540713964610347, 23.183711118066924, 2.062105319403372, 12.136006271982296, 3.463320768793608, 7.632243834051025, 13.698500066712313, 7.1947513300295896, 4.251681385662174, 0.0, 0.0, 8.701005372847334, 13.36821593849011, 1.920724337930551, 0.7626304992985524, 12.233478207228927, 4.972666179556796, 1.100467680483007, 0.3775574037584448, 4.985321556439388, 3.298050691585985, 0.1810361673869636, 0.7425128100597362, 1.4532476229387044, 0.9679338488595022, 5.562664046769157, 0.5312668346805935, 2.976721844709033, 6.011205342642569, 11.844922030208181, 0.831001229996815, 3.086965619169632, 9.078005213586607, 2.4906959819479653, 3.992129281302141, 4.2482951106188125, 2.7748964749985703, 0.9895929005831476, 0.024755757097125297, 3.4488118032249417, 1.7584576620120629, 2.437560404852036, 1.5284963336321624, 1.7900584610130466, 7.558961123594315, 4.961515880355506, 2.4027294286860297, 1.9769460892522375, 1.038710839679453, 2.552924371446778, 0.21381897202121536, 7.125417674294738, 1.2176569022830677, 0.40611751001657126, 1.7625525538260831, 0.5528314601971829, 6.3097876508782065, 8.841890545728262, 8.162198518216172, 8.30220436581709, 20.17181402961151, 1.3126498820268182, 4.501776029841267, 5.6174115301445795, 0.799633263369941, 7.69689271961181, 1.3005959278186765, 4.456848322499269, 3.791886592785943, 19.21457341386389, 40.64133734546999, 7.450932407598884, 1.9525655268220135, 3.5806063786923232, 0.2295049781116063, 11.089573503364704, 10.152157809273945, 0.535270071290256, 15.60804649059736, 24.908052769018923, 1.675271321427573, 6.262961925482784, 11.949792875679577, 19.342429486248307, 7.870293527489025, 2.6585513510050305, 2.3041996577376835, 5.057850708080139, 12.26215755346061, 6.534899329371569, 5.603038901684613, 11.265857130520146, 3.4633299970088274, 4.929636251793852, 0.6736074549706927, 5.392305311494965, 8.314735548494582, 0.24119729970885828, 6.509268776022964, 0.7701120507790051, 6.731828333220619, 18.473827105714633, 10.231440877944578, 1.3963955429962756, 0.0, 0.0, 0.0, 1.393083278305097, 1.393083278305097, 1.3930832783051006, 1.3930832783051006, 0.0, 0.0, 0.0, 0.0, 0.0, 0.0, 0.0, 0.0, 0.0, 0.0, 0.0, 0.0, 0.0, 0.0, 0.0, 0.0, 0.0, 0.0, 0.0, 0.0, 0.0, 0.0, 0.0, 0.0, 1.3963954285339142, 1.396395428533916, 4.895644421044651, 16.77576924938765, 23.619455074418738, 18.32146920694447, 4.007921949009756, 5.423645063968252, 10.792466267756367, 15.341135792029263, 2.9556636268852685, 24.54364646497436, 12.897089301375274, 10.202596948613575, 2.232019188078027, 3.225756029758884, 0.054914483260176894, 0.7089551750486294, 9.899182685330402, 2.95554157348613, 5.89176558817536, 33.41424115395142, 2.0715515453566695, 25.765207513482324, 3.757099367662022, 3.2078536510525737, 2.28132309633844, 10.686676753870245, 16.598964802522858, 4.561007631223674, 11.432411058303842, 16.311719720084625, 1.779697932788082, 0.5774649570988686, 1.3816162311718472, 3.9980825395493866, 15.282150210955592, 25.286154889857926, 1.5441988581520718, 10.68469720771202, 11.974171333809181, 4.108885479732237, 13.98352092166266, 2.2677185937969284, 0.056593401016471034, 0.10212054609360166, 23.65278582286402, 0.6161545030726643, 21.277704051833496, 23.101217729775385, 2.4852134694231722, 41.17701232700449, 9.305922872174904, 16.039702954138704, 9.845540654326498, 1.7204108956254913, 7.13483674014077, 2.193267875775746, 6.92858378734627, 0.7416347117726332, 2.5139078524055662, 2.4351816114535723, 5.141640435802884, 16.95609695915789, 6.74624360555751, 0.02483777846688895, 8.283364310501923, 11.931370707395786, 1.0522254941719211, 4.704604820326864, 0.49349609702093744, 4.243033136402829, 6.293378131531952, 8.151895972667688, 0.5323551415723671, 1.3802136853847884, 0.5021196465737034, 1.5295921168952589, 0.5587974616607454, 0.48271332237111153, 1.1023783748330942, 3.132341130829687, 5.924740713896384, 3.6795230269177495, 1.4197468137230516, 2.910422876340874, 1.0915471678950723, 1.158539727368293, 1.8268867833318438, 0.3876171716072463, 1.1907085472736867, 0.37765124638090697, 1.4262501513260872, 0.8494326684336926, 0.540507580742215, 0.6066486687952306, 1.5272590279675313, 0.8169541374699918, 1.2034708900935271, 0.6261198709663205, 1.4458072054856075, 0.31222701723348223, 0.23056373772024585, 9.54000565305617, 11.786885753554941, 1.3930832783051041, 0.0, 0.0, 0.0, 0.0, 0.0, 0.0, 0.0, 0.0, 0.0, 0.0, 0.0, 0.0, 0.0, 0.0, 0.0, 0.0, 0.0, 0.0, 0.0, 0.0, 0.0, 0.0, 0.0, 0.0, 0.0, 0.0, 0.0, 0.0, 0.0, 0.0, 0.0, 0.0, 0.0, 0.0, 0.0, 0.0, 0.0, 0.0, 0.0, 0.0, 0.0, 7.194751330029703, 14.976352324470923, 3.5617955408163766, 4.054424707057365, 5.488114438797766, 0.8566377942051986, 10.160191895196135, 5.845120465495, 2.1704381268119164, 0.6262654687610052, 4.087169443198974, 2.6320018180404645, 0.8074028873438692, 0.5153045749197531, 1.5186805635200074, 1.470037847236199, 1.242159445334238, 7.926332587865431, 3.0820416288067918, 0.9823552868207912, 8.941928227170024, 4.211241564374973, 11.169765007754734, 0.7268413194335039, 0.25628332696337, 0.5530771443553704, 0.3394097355326551, 3.1844470054288365, 12.041605036278327, 0.12206422337396816, 7.367869533358572, 1.5154113709730268, 2.5835824579703512, 10.960597666245548, 1.1224970351566697, 4.281996703750252, 1.6450499684623878, 3.37673896556052, 5.962441895604741, 8.532697256459272, 2.2948777758647623, 0.24635080652322472, 1.0381079754036193, 9.422916756811787, 9.661994713650131, 0.437031169656791, 0.971196177878511, 9.648314296829852, 1.6232561660310125, 2.4998158285036993, 9.320999967663056, 0.7809637043349085, 7.257029641452448, 2.069696403981311, 13.725058164132747, 0.7395156385543658, 3.540442597153401, 0.42643986242416076, 2.6523776022599463, 0.5527073450115267, 4.198512723472959, 3.283877582801523, 1.6217238350531034, 2.2259145391275297, 0.15913609199607492, 1.098391707757287, 6.554186274312514, 6.112194542992569, 0.5352278102882337, 32.207091611614885, 2.6643000008930358, 39.833878277872884, 0.8730720954398521, 4.408993608817582, 4.720398787420294, 2.854115085812225, 1.9945752566521833, 15.482971278411867, 6.653386223872246, 3.1941868312980546, 0.8042379430741562, 1.5839548510907093, 0.5911344096517155, 16.77848852569491, 18.157866647590367, 9.345139673555707, 5.427450535272726, 2.532657350545236, 1.7997574912806442, 3.096945238595282, 15.008058490693287, 0.8402712209117453, 17.86851528901667, 5.625890883915986, 3.169354612389043, 15.18681724297187, 0.7046662488133961, 0.5877460049028969, 16.236111782783667, 1.968479661875591, 14.694561345387541, 4.494464971674631, 0.08126989221062786, 1.6660104294680878, 0.7646559189760183, 0.9707161233705506, 0.7170443412237262, 4.291102926472433, 4.918709177824297, 0.07531338172128699, 2.9294447994078894, 1.0526753167412721, 0.056517179344893975, 0.8636119223801586, 5.703228598407378, 3.2020764090194973, 6.807533195700188, 3.3998695709842934, 4.364275133764096, 6.745037225434544, 2.1009916500266286, 5.786436494011156, 0.17708228689440375, 1.0584963116766062, 4.8432010393607925, 6.452820134909047, 2.276282441266858, 3.5538277880692064, 2.813407882529088, 1.3963955429962738, 1.39308327830509, 11.786886413583161, 14.238722998552205, 3.5800798680985793, 2.739701602926374, 1.3943096041247713, 0.3905648897290064, 0.8151951221545914, 9.32382518830704, 27.675669725184747, 41.134168633631134, 2.8364442223140713, 24.792249703630233, 9.034308578861044, 2.117774361206955, 1.4892108539005449, 6.488560950309591, 55.11919637989848, 14.378210019976422, 9.278288716219222, 1.0223183323169138, 2.57447268102149, 3.092353702961276, 1.9680304497506995, 4.35774736693709, 1.9072709109590278, 0.6943435618734526, 1.9057279718575586, 5.186258121055317, 1.5436225481715269, 3.7655195744536343, 0.8078766885286939, 0.48202729805433364, 0.587512632738509, 0.4746665148416014, 1.0254342801918028, 7.245536522037355, 6.635385362414127, 19.46017015735501, 28.317185028421363, 3.309681340969547, 14.217075657924994, 8.1319916028107, 6.782038070185024, 4.0261035649824635, 30.790913332168543, 17.05147281603388, 38.67141365416262, 57.27687832863904, 2.8617115149805272, 28.801247805071654, 2.591083389001625, 2.5144317550864628, 5.523180185376987, 0.39208198455460774, 4.978946124227235, 9.25329815378862, 6.681201389924411, 1.3426048801333081, 9.028988098677189, 28.936877882648787, 10.231440877944394, 0.0, 0.0, 0.0, 0.0, 0.0, 0.0, 0.0, 0.0, 0.0, 0.0, 0.0, 0.0, 0.0, 0.0, 0.0, 0.0, 0.0, 1.39308327830509, 4.2490760761064195, 7.486794642430269, 4.0193126482901675, 1.0735237105535305, 7.744025686980109, 2.6055499477376998, 4.134005057404835, 0.58728051856815, 0.7247887100081698, 0.5201695047861961, 0.09843152682685741, 2.8283353800856332, 7.379948457907972, 1.0943472587647705, 4.6951636872104245, 9.630980437901854, 4.934862848257438, 5.4252913158967715, 0.8720793868887995, 5.466453205958885, 2.872604099054456, 0.2984821352334279, 0.5888047875312736, 0.37528846649212255, 10.909634943609703, 0.41476453159981475, 10.582021838155299, 4.227965957669113, 1.1029644441704534, 2.005470637600297, 0.3891826983950608, 0.46131449418585646, 0.3986285211911422, 1.3483175025844787, 3.747311371286287, 33.15532962902458, 28.731269451480273, 1.1365596828234743, 8.94329347420205, 3.2896861263876644, 1.389154622182673, 1.7859900755147464, 1.209643265462688, 1.6126426794544955, 3.2664695692526493, 5.538692931834532, 0.624583510224852, 2.3690278430819944, 0.17956629799431312, 0.5106955636164514, 0.16893252774258372, 4.799428683205235, 9.068819219889122, 3.999863513716889, 2.992399797619555, 2.9838960696056063, 3.06261573410859, 0.35744250989387183, 7.505934648631722, 1.935999032475479, 1.3746875101508067, 2.185832530370419, 5.439509817327007, 1.6095761468677097, 9.34872720428038, 1.9798891305815403, 11.021998786839305, 6.7826945916383465, 0.5609835806535557, 9.496300594253682, 9.498265138450506, 8.701005372849934, 1.3963955429962756, 0.0, 0.0, 0.0, 0.0, 0.0, 0.0, 0.0, 0.0, 0.0, 0.0, 0.0, 0.0, 0.0, 0.0, 0.0, 0.0, 0.0, 0.0, 0.0, 0.0, 13.36821593849018, 19.97164954457881, 18.346536795710563, 3.3466203419880003, 6.854289752747775, 1.7084933368774955, 0.07003780834685358, 4.516810444597411, 1.4199663308763775, 1.4120262678215454, 1.3408731227057729, 4.6545960425058865, 1.1920228416910845, 0.8941765096491849, 0.5587070588977099, 5.060046444363422, 7.664616674094077, 32.01214496616507, 0.6811916951277226, 13.47447176400243, 6.81745648594341, 0.5093655333685092, 3.3726810209070663, 0.8121765122063493, 6.581867808319657, 0.8341737269523151, 3.577194000540544, 0.4219676633572931, 1.8319955827620333, 12.987265939695135, 11.067254650984637, 2.4776797117877436, 2.0062230667443828, 0.674801211130216, 1.0601251287128548, 0.46269550680432303, 3.924594790671506, 0.0919432614022071, 19.201281895871887, 57.165407605071806, 17.646594822668646, 5.220564196862711, 1.452314751849343, 6.309848742038184, 2.9678447962691905, 2.6985241405350564, 10.774741597172294, 5.506937698761504, 3.290161372265061, 1.7476087001572296, 0.43600140719524916, 4.600512339586402, 0.30358535042898893, 1.5913795248153235, 2.301162195361144, 0.6422944633590362, 0.15812736053797494, 3.41994939997619, 3.8670476758706513, 0.11853331394127053, 0.16344477059337237, 3.8891442455560536, 1.6181985105571641, 7.7505286359245815, 2.8005998778742764, 12.76748626706356, 75.43413388873299, 44.16127336699208, 12.92715183106776, 5.824907162830016, 1.9123146653673757, 2.6744441823668694, 0.0618604723970293, 2.8220731205999527, 2.189007575798257, 2.2293572916396442, 7.715014705404087, 10.71985856940887, 0.7526351004920571, 1.3158947079266454, 2.0773592883915626, 4.2146909328708375, 8.683670335396073, 0.9862240706837611, 0.7687322824548914, 0.2519946244498783, 2.429040825852553, 0.6470671671692116, 3.116686238483368, 7.668942078638651, 0.9075438021223476, 7.754366318609527, 3.1962697646397373, 4.847496600814338, 20.934388304317395, 1.4591613434353405, 12.600779362268241, 2.061006539997834, 8.566576106738978, 1.2498395927318597, 8.566576106739063, 3.389956540582517, 3.689729522351712, 27.75868833606927, 10.286493792668637, 14.757688970191026, 7.1429162196839115, 13.071281495225776, 3.6125383934230513, 0.9063357779459693, 35.82873569081431, 12.778894592139693, 13.552096749305406, 28.103913651099333, 3.062888019315892, 10.813032303182325, 5.735178771793585, 5.134074798649522, 5.077013055401665, 9.692819214631356, 17.676705232499444, 18.224658080591837, 33.90968557735823, 1.0662817909893647, 2.358943348920718, 0.06564359494302607, 1.6157172126552837, 7.864032794082618, 27.373132124406197, 2.1446917308329034, 7.757433504157461, 2.022835697809171, 2.43210120903791, 8.643927012601125, 1.7681780200663297, 7.159190681523029, 14.976352324470781, 7.1947513300297175, 0.0, 0.0, 0.0, 0.0, 0.0, 5.7118923699758355, 14.976352324470824, 14.310463345972096, 0.5332246200705697, 2.174469228500641, 5.1899627820897365, 0.28329736475103573, 9.382628045258002, 2.9246289016913636, 6.33194670310607, 3.901338395242192, 5.6708391974907215, 5.089359386409058, 16.322034484801435, 0.38279291653886105, 7.3851353606273165, 3.9251028733719693, 4.776881824245265, 6.1048880358578685, 4.94306693971248, 12.730661875960948, 3.7483792447497706, 3.2742257401678785, 0.5809781294320544, 2.1538938208087473, 19.465678370775663, 13.619569133362461, 7.341177224410714, 1.6370646163497753, 2.4878480320759593, 0.49173233280718875, 0.8548453211146523, 2.052960248358602, 2.630463010233882, 0.5275439885072046, 3.2499397975589375, 6.243191100099324, 6.5098456580272455, 0.8957397564583403, 0.8351189092998084, 10.639061245940752, 3.719956156936064, 1.7308288662164273, 5.167349823337133, 1.5221357555874988, 0.46301574332170503, 6.886552734642635, 1.9685626659496904, 0.588124823456269, 0.38234437442091007, 0.08891809101208992, 4.30013719414697, 1.7888620123351018, 0.8265167533119779, 0.5192859778123307, 4.331016109806342, 1.0966171106565525, 6.35007126289787, 5.456515610507864, 2.264677001727307, 4.538562778249769, 0.9480684669364621, 6.14339575813915, 4.2974317638139325, 13.497468700089314, 9.635548656286886, 9.927121509723008, 1.9236092764448358, 5.455010116414769, 11.860127068994501, 2.987543907515658, 11.23839969448369, 2.0147711689315884, 3.5652619450149814, 0.24040815497903623, 0.19507503843720997, 1.3183524589933313, 2.381914012369066, 4.639520486480819, 0.24207203159951973, 11.715618241901609, 5.753792162222311, 3.5939476352635324, 16.61227124059519, 7.1947513300296535, 0.0, 0.0, 0.0, 0.0, 0.0, 0.0, 0.0, 0.0, 0.0, 0.0, 0.0, 0.0, 0.0, 0.0, 0.0, 0.0, 0.0, 0.0, 0.0, 0.0, 0.0, 0.0, 0.0, 0.0, 0.0, 0.0, 0.0, 0.0, 0.0, 0.0, 4.2516813858929225, 19.971649544578668, 9.366806988730332, 2.4973191820834586, 10.82205070310033, 1.3747085163398935, 25.843519363326436, 7.503282383280066, 40.09387788900034, 29.647705513434573, 8.615413282595796, 4.387126863011872, 0.23996440778873307, 5.59743345938665, 0.9323816764833168, 6.295044041133849, 6.132199396557837, 2.89718532771991, 1.7929472106795288, 7.322750659167127, 0.968161268458914, 1.6651331238533942, 1.8478020902825847, 17.938235948666517, 8.701005372849806, 2.8134078825291517, 0.0, 0.0, 0.0, 0.0, 0.0, 0.0, 0.0, 0.0, 0.0, 0.0, 0.0, 0.0, 0.0, 0.0, 0.0, 0.0, 0.0, 0.0, 0.0, 0.0, 0.0, 0.0, 0.0, 0.0, 0.0, 0.0, 0.0, 0.0, 0.0, 0.0, 0.0, 0.0, 0.0, 0.0, 0.0, 0.0, 0.0, 0.0, 0.0, 0.0, 0.0, 0.0, 0.0, 0.0, 0.0, 0.0, 0.0, 0.0, 0.0, 0.0, 0.0, 0.0, 0.0, 0.0, 0.0, 0.0, 0.0, 0.0, 0.0, 0.0, 0.0, 0.0, 0.0, 4.251681385892894, 8.701005372849892, 8.128951889851223, 1.255496285756692, 5.731893100974872, 1.5006532544765605, 5.682070506494085, 3.2437608771492705, 5.809994779288559, 0.930634204909893, 0.9062157378348275, 7.584283265408374, 19.495944772829716, 14.139640480045898, 8.5545013609335, 0.19234149586708327, 2.4863771440425353, 4.214014347060981, 5.470589692846374, 4.180914607770518, 2.320379331589436, 0.020217437882422473, 1.2998569173553847, 0.06296716485104525, 1.2985114666030313, 2.571544953127045, 5.301101940768831, 7.771378649042333, 2.833901224845789, 1.2384843100458056, 3.710415294215096, 8.045383664355484, 0.5756552501432566, 4.636100345451894, 0.5358739712415286, 4.487585871761155, 1.443793095481908, 0.5629434546613084, 1.4987072334129152, 1.8156170280146853, 1.1813050059120656, 0.9899278083744036, 2.493226515185796, 2.8699027816655303, 4.560126485240119, 1.0242399636325672, 4.256165249384139, 3.4422071996150976, 2.3756340874290913, 4.815311519599618, 0.9893112897306651, 1.5700718045957274, 6.433253631339198, 0.8257342819917426, 1.4491671365908303, 3.875319888062535, 1.0344056021429537, 0.9379311776912118, 3.5970770054738352, 1.9319472779952207, 0.4164804828755848, 5.359545013307326, 0.7595567590381904, 1.9098030341107233, 3.0033302172445815, 0.055337100095471214, 7.908628525564268, 15.98132074014768, 0.7970539466559785, 19.611048610346984, 3.145111582026516, 14.958354988023757, 3.7227922433986294, 25.54913684169651, 14.201562673378305, 7.327333997921926, 1.2563984187887058, 6.028734141512814, 6.33141496800954, 13.36319553841534, 2.340460695280882, 5.146085329574092, 10.649424760508026, 16.663620298395003, 10.216600026723796, 3.364427919940624, 0.9255565170453224, 0.7301571960189506, 1.400500382195787, 1.6229100001389725, 0.2742223341816441, 1.0946132063023981, 1.3886864658853426, 0.1899158080190091, 1.8112922910990221, 10.513741221415088, 3.415602980091748, 8.821060582362591, 5.31143647462865, 5.867349367322589, 13.330614938112248, 0.9457355592162742, 5.153146452893807, 4.363953626432291, 1.3961174486406236, 1.7746494206954537, 3.2575893678535834, 3.4174054934406968, 6.550341127228265, 6.641777978605958, 3.660628941287115, 3.883043393728343, 0.3955840889000086, 29.81107652577265, 24.824620222013152, 4.968052331619333, 1.4240415099913548, 3.6603207927481094, 0.701290417099699, 5.436008717596451, 5.366542877651398, 1.6181957118922128, 3.404534338571011, 4.374059600548435, 4.940039825331496, 5.434167631949094, 11.55380810553055, 3.3208164084568352, 1.077355563042147, 4.7928511746303, 7.368699944504954, 1.0258770376252642, 9.415880732008446, 1.0238506809874934, 17.971765845937455, 4.973502803646966, 1.9166974465991302, 11.925546816553549, 11.92174595173708, 5.0662017892470885, 0.46377744464268744, 1.7345468544343134, 3.128623738693193, 3.638397492061358, 3.9930562564221646, 0.3353655034309213, 5.920971272888835, 2.901400064427662, 2.516436102488285, 5.4399870457968404, 1.5989114983481159, 20.102208017926728, 20.70786930685921, 15.696938075309276, 5.351223926593718, 3.9719060042381216, 6.023369714878072, 0.29387185497660084, 1.9352328748402101, 7.866930184601102, 7.0222019414476335, 1.087446690329699, 3.9931948053435633, 0.4495245119288711, 2.8425562075583457, 3.4979914772186476, 1.7273964973474563, 0.9730879597246371, 2.1940314802232876, 17.613551675757577, 7.875323887900095, 13.36821593848559, 5.711892369975885, 0.0, 0.0, 0.0, 0.0, 4.251681385892908, 18.277005445844622, 15.095640924958786, 2.963407719504005, 4.323125105323186, 0.4874182951016621, 1.733485932779331, 0.25778286798433214, 5.420931541691289, 4.167002183481884, 12.379536747560223, 5.143726317996254, 1.515023520353509, 18.417888732850088, 5.617660968784264, 6.341160274423146, 4.617556742925501, 14.15474925802107, 26.09323951972317, 46.36073734297224, 3.3722923444488515, 12.876062956071166, 22.343833262910266, 9.716174554764791, 12.528521614219414, 20.04145492034405, 7.644316998741829, 8.734738764743838, 23.38338564306423, 19.971649544578582, 2.8134078825291056, 0.0, 0.0, 7.1947513300297175, 16.61227124059519, 3.8860269051236003, 11.532320293617289, 10.444302425152102, 0.9557515544543946, 1.7398970198897814, 0.8251473575270438, 2.3318716290874875, 2.6531662303862333, 3.8693599515543724, 2.346867453323881, 2.3864766843732355, 5.29188410853024, 0.15037575358289246, 1.154596923485883, 0.04991355450525248, 1.1965301626034375, 0.23438637631656434, 1.4803616166999802, 6.7097236616489795, 11.777478111284154, 0.2126065744204766, 2.1794805783260927, 10.792014267249243, 8.345008393984415, 1.9351562474534205, 0.5814324392925982, 1.0346125433838722, 1.342646475047843, 5.789224250108759, 0.6630912730353202, 0.5109043186888584, 1.0504614743094862, 1.2882367482253585, 4.433053060410543, 2.3208555955374095, 4.078402497659056, 13.740978160325255, 1.562902058206987, 0.5071876031029774, 5.241249329280436, 13.104582587114692, 8.823834252551706, 3.632168582064054, 2.3225442133060312, 8.593074232936033, 7.91254810715202, 14.209217218076901, 4.69706635392788, 0.5568938119182576, 8.720612965407895, 5.788575569728181, 4.464294627353809, 2.65045387687627, 1.5762418582901034, 7.162632422720208, 7.169955220607903, 16.160340792045417, 5.206354782410131, 1.6814000502484987, 1.5161366433750914, 2.3522932020711664, 3.7227329687917177, 1.532922564746002, 9.059579439140066, 0.542922255977544, 0.7665895448913602, 0.5085146125276196, 2.26169569406386, 18.108807069095917, 1.0096356096019576, 34.61532763193651, 21.174904570261845, 3.881645955014676, 19.13673503674289, 2.8915305014264163, 1.0430274607965657, 14.984866363102924, 0.9314118333061856, 23.17894452450463, 0.7917326592873906, 17.254999622585842, 2.1572332969075774, 24.634651507254944, 0.609689097547971, 19.56680948098341, 20.673259776829497, 5.8060301811993895, 0.7654774865899299, 6.512231748074299, 0.9667831245230332, 0.48119074270658757, 0.634506716650094, 0.32205637291730227, 0.9101251955877956, 1.1571042346377851, 1.820917151033484, 18.785294160953782, 3.3719972714678192, 7.7505431877934825, 12.310779803663024, 11.523835044435799, 4.746476746433615, 0.33677175698232986, 1.9759861675059938, 2.4167856134215526, 0.7172187580369496, 0.7605612510485145, 9.216736428316679, 5.711892369975843, 1.3963955429959665, 0.0, 0.0, 0.0, 0.0, 0.0, 0.0, 0.0, 0.0, 0.0, 0.0, 0.0, 0.0, 0.0, 0.0, 0.0, 0.0, 0.0, 0.0, 0.0, 0.0, 0.0, 0.0, 0.0, 0.0, 0.0, 0.0, 0.0, 0.0, 0.0, 0.0, 0.0, 0.0, 0.0, 4.251681385892908, 16.61227124059519, 10.49640685841996, 0.9778999049185586, 5.5369813868944675, 1.7967858272782564, 10.7736695581481, 13.634606000910594, 0.36680796845516284, 9.99746963613697, 2.095234824137151, 5.4877636333492035, 1.5173452222472577, 1.5457678482798514, 10.231440877939036, 5.711892369975857, 0.0, 0.0, 0.0, 0.0, 0.0, 0.0, 0.0, 0.0, 0.0, 0.0, 0.0, 0.0, 5.71189236997585, 11.78688641358319, 8.694822697837964, 8.328385492753625, 3.0594751064894012, 12.607692817134023, 3.0979961331794357, 0.04761003823358578, 10.919389089657841, 4.343640827404215, 23.054209259105164, 0.9140962348305948, 4.155011821644223, 2.4938348388667464, 4.1353499262505125, 8.12240318539051, 1.8178388951509419, 7.745338813601791, 1.5997016432821738, 14.00575017527754, 4.974867161781702, 6.940747398177365, 7.793134480144232, 0.8017540980068816, 3.194661556718188, 6.43808150977722, 0.9162353716901066, 2.3565801862206115, 1.3116720594103128, 3.2180380644945785, 4.99687575493283, 22.119444712731365, 1.3511860701296996, 3.5261475634064254, 6.449562699416163, 1.1308193590948008, 21.495929799164742, 3.5941284986354276, 8.44907288336941, 11.786886413583204, 7.194751330029632, 0.0, 0.0, 0.0, 0.0, 0.0, 0.0, 0.0, 0.0, 0.0, 1.39308327830509, 1.393083278305097, 1.3930832783051006, 1.3930832783051006, 0.0, 0.0, 0.0, 0.0, 1.393083278305097, 1.393083278305097, 1.3930832783051006, 1.3930832783051041, 0.0, 1.393083278305097, 1.3930832783051006, 1.0658141036401503e-14, 0.3465221316820184, 1.0658141036401503e-14, 2.7996188706794385, 1.3930832783051006, 0.0, 0.0, 0.0, 0.0, 0.0, 0.0, 0.0, 0.0, 0.0, 0.0, 0.0, 0.0, 0.0, 0.0, 0.0, 0.0, 2.8134078825291056, 8.701005372849906, 4.354460114363164, 0.4079038856710042, 0.540602880191301, 3.6191844345715936, 2.032141797837056, 4.730880022486559, 8.080451393188469, 1.904817131333516, 4.321510496675344, 2.309188256199633, 2.842170943040401e-14, 2.8134078825290985, 2.813407882529088, 0.0, 0.0, 0.0, 0.0, 0.0, 0.0, 0.0, 0.0, 0.0, 0.0, 0.0, 0.0, 0.0, 11.786886413583161, 23.45538735570878, 34.073235295278096, 1.5408837411758327, 6.515374360483378, 6.435198088864524, 1.3466210895231256, 10.990917887470005, 0.4675091356643577, 0.7284806936644372, 4.716387421909758, 1.4005658000814947, 7.7590981197182884, 1.1493822644051477, 13.57963657405054, 1.8718803372264574, 9.669690630932166, 7.042499548209264, 9.865504513765245, 14.86987865188695, 0.7893688648032366, 47.06404716726871, 8.231431955273592, 11.680195249340215, 2.648517345184217, 2.7484371690115665, 0.869679527797615, 8.316237456841293, 11.602198508124474, 10.750097219023871, 6.818276402746051, 2.4328199757466678, 1.1745662621853228, 0.8423750056975337, 0.5817779617170231, 15.420802737612178, 15.763252425464856, 0.8686486640334579, 2.9042771637287785, 8.274232547100496, 3.087924674783153, 1.4148042588604994, 15.22116334643431, 1.9394491827864044, 1.597756465730754, 0.42015135137944526, 1.7607167035639861, 9.598903266808293, 8.816869326651783, 33.782753492496454, 15.218557251650168, 6.19676124922384, 3.2699867915929133, 1.7939932993955665, 0.3960914383610259, 3.239866393411944, 6.920395593837043, 9.5906650667809, 22.987192543664605, 0.753845206687572, 3.734784746847339, 0.08562841427061585, 2.237514730020308, 0.011307466226668339, 6.625415625172906, 4.024502262147024, 0.7752324775909756, 3.314526142370312, 1.24741194494311, 2.0161654832445493, 5.201831832394305, 0.4966683495112818, 0.6018634744755502, 5.347319119664917, 0.12672873383272076, 3.6015743097630946, 0.6261298634913146, 0.8191466821132565, 2.38936827351543, 1.2363134153952728, 4.442521946408675, 3.3965417895683743, 0.8407880028332784, 5.345029479512505, 1.7824112690991, 4.321609643397835, 4.276343033739863, 8.062981611217367, 3.17959413874172, 2.1309411201485204, 0.23350318816636673, 11.356819320043883, 19.378622637740875, 0.7046884647933211, 10.517046694771352, 6.978994444130592, 0.42146120001251575, 4.061013388921879, 0.34137086932889815, 0.4680958140410212, 1.3185693620917505, 9.266932130884129, 0.04531095584070499, 10.285692280602063, 6.132454762285533, 0.7054239657759354, 0.23478585421642606, 10.672353990798115, 4.3144840706384, 3.6273982477350444, 4.652173946724247, 1.8141028338144736, 5.745181656538932, 2.3522260074023222, 3.0076119428381674, 2.5910403970833045, 2.0539818367371367, 9.154461895853728, 7.668006374503676, 2.972778986818639, 1.743557215164003, 3.599684644694662, 1.2419902136872452, 9.045040174674568, 3.5251393025438915, 3.868878321739686, 2.7805002835703476, 0.21087993275830286, 5.426851394362586, 0.11604326706782331, 4.813896332456125, 0.11423158116366494, 1.554631350954594, 11.330973656071876, 8.393013344866574, 31.68432325432633, 8.649221057854845, 2.3593756127172014, 4.191183505764286, 3.894244809812676, 3.8967945546775695, 1.3414346210313397, 4.939303001471757, 4.0264644201159, 7.5567999850754575, 4.7896118837533095, 10.65511990172979, 1.9882898236490973, 0.15969276081995076, 1.7423558620077415, 3.7866600703355857, 2.2597484266794936, 5.331457744888155, 1.9160266690607273, 3.836046488620127, 2.0962172410218614, 8.394915687919081, 6.113174736444563, 0.5495147264037428, 0.25974571057935236, 5.288788583318052, 1.5628303647964685, 2.4260279003815697, 3.959363832350732, 0.8912211522983853, 6.310526338264481, 3.13132840152889, 0.708750180892423, 1.1501523089546026, 1.7174865314796364, 9.35652621290754, 1.4314545894810067, 5.483173396166563, 4.953351348022693, 6.1283441459111, 2.719423278126129, 10.231078963243974, 7.194697707312926, 0.0, 0.0, 0.0, 0.0, 0.0, 0.0, 0.0, 0.0, 0.0, 0.0, 2.813407374784507, 10.231440877944351, 10.495472513452611, 1.4193267770957334, 0.2016180979099147, 2.4368149466654074, 17.618369542075072, 7.888082725468394, 14.881533414827146, 11.058651732270306, 2.3966507100585943, 6.112624567609203, 1.3489995511557709, 3.2913403306178566, 13.245977708062583, 1.0243719707287937, 10.136337480180316, 10.564559164000457, 11.151348883669726, 3.6185006341922588, 0.01947085934750703, 2.070396704773998, 4.2497999676069185, 16.82774470326177, 34.57191920100877, 8.221464128624802, 26.64008294424673, 8.382692759568613, 4.879945914340254, 1.1731102679102605, 9.10538492687391, 7.915881371018656, 6.172731476409922, 4.940202221791822, 6.365569924243346, 0.06549245968324158, 2.2640066193444, 10.978146784923013, 6.174466029177438, 3.0990025030681636, 0.3352996925538605, 10.356215923058812, 0.6772065912347784, 8.924754663871795, 8.045705854913763, 2.942948129794445, 15.877882155939005, 7.760441820679091, 6.242743712240554, 1.3132975279544326, 15.331579471042403, 0.24060200351709682, 17.210162162432823, 2.012814123597366, 8.389139053209021, 2.3647995872739784, 1.8928154023961383, 2.222365293471853, 9.608528797275085, 8.048043056088034, 1.9296682442817996, 0.20285793519377648, 1.4301193240994508, 0.07134398343958992, 1.5010159011273458, 0.0918936478645378, 1.2322534410594699, 3.545984290026496, 3.480922788660621, 2.4533554200341428, 2.842170943040401e-14, 2.0102170784779787, 1.2292353092410337, 30.32329393031182, 2.323212879198536, 19.786511824294678, 2.0059053321848808, 1.866722201674122, 5.445277054903585, 1.4545952463111007, 1.5716396412868505, 3.49298674978985, 7.932830445339363, 5.064284180793948, 0.35267308236878137, 0.9777573328925655, 2.917813039424516, 13.655429168602268, 17.345230099216792, 6.088641711890091, 5.768918163642866, 6.400903139732691, 5.2651963549161565, 13.937891704053754, 11.786886413583204, 1.3963955429962702, 0.0, 0.0, 0.0, 0.0, 0.0, 0.0, 0.0, 0.0, 0.0, 0.0, 0.0, 0.0, 0.0, 0.0, 0.0, 0.0, 0.0, 0.0, 4.251681385892894, 10.231440877944465, 4.3804512514043665, 2.405243937674385, 6.2273567661944185, 13.354481796238929, 4.174702227187822, 2.5455994661822388, 18.74849833557954, 0.2558020748596732, 31.434062035115915, 0.5131024371449939, 27.122666596616227, 0.2567288914068513, 13.713791192274527, 3.119448314091926, 2.686204563555947, 1.2443182969398094, 3.857803436263964, 6.736451557955945, 3.491967284501527, 5.719509138845865, 1.5834011100566272, 0.8189187468679506, 1.52268541823463, 5.027582616586727, 4.331183559150702, 3.550286081514912, 14.526048926113617, 4.747245074987177, 0.7513793735890886, 3.5800106728730157, 3.737615899158129, 0.898317304270563, 12.421636322210588, 2.6008296944240783, 1.5651307566658943, 2.0745881899213146, 0.060093711296417496, 4.335833532098661, 4.478689248690898, 0.5007272680569201, 11.600550979693821, 10.341105418488212, 1.3228872469685484, 1.3804417379556924, 4.831201717105188, 7.9725771404888235, 1.1213335970996354, 0.05899107744900789, 10.472347746039901, 11.434750810101235, 4.807942738761113, 4.035021318746743, 2.3259297926302906, 0.8906298157971264, 5.359646807668582, 0.06080168287616061, 1.1278119403418998, 11.859129581523206, 7.220241195857767, 16.044162108466367, 7.180364245253401, 2.9201127609155435, 0.24995121010675803, 10.824303773940926, 1.5429200933252787, 4.936453501334228, 0.7746437570978912, 1.1268982201602284, 1.7277858727296689, 1.2445797186911136, 2.790654458780949, 0.4629092459887829, 3.5363679804661956, 8.071853275142956, 3.215992000101039, 4.098986125989427, 10.231440877944493, 4.251681385892951, 0.0, 0.0, 0.0, 0.0, 0.0, 0.0, 0.0, 0.0, 0.0, 0.0, 0.0, 0.0, 0.0, 0.0, 8.70100537284992, 11.786886413583375, 17.21559445374092, 11.948040137438511, 1.2201352196513255, 1.0229507858102238, 7.483731018783004, 0.2823963387838262, 6.807031160330524, 4.586457256432993, 4.528852317778274, 0.6328196254766851, 2.6487321655977496, 0.46564382103639446, 7.6091683662378955, 24.855429454346847, 3.226945982589541, 14.183988555882593, 3.226945982589598, 4.53338298529934, 1.9821490248047553, 4.719417928810657, 8.518537285666582, 2.8133840103759553, 9.36793765962284, 1.8363940516210278, 2.7764611472156275, 9.677504924513983, 4.146936071925097, 1.9690853327984428, 1.3057817358543105, 0.7374593049176212, 5.29476917444552, 2.729889569478445, 6.823951432223396, 8.811168886065815, 5.331236336424411, 1.6351214420066356, 0.9879352316132639, 0.9297817004717928, 0.4831138485590145, 5.451793351345373, 0.6858528887434545, 1.9567874443168876, 0.31969908305507033, 1.491234783603005, 1.410238788652805, 0.8631061335215691, 3.575757209767943, 3.0418639421259, 0.10235121646417156, 1.709859723264401, 0.5594314829049551, 0.9379593196528617, 0.6516239962958252, 1.5766931169183636, 4.1361464088420234, 5.047915837657371, 1.117554353071398, 14.493315547788683, 1.1775293298407234, 7.816774480230407, 13.36821593849021, 2.8134078825291056, 0.0, 8.701005372847305, 13.368215938490195, 1.8448185876364391, 2.1414555167411606, 0.7455414735325974, 10.42799868066814, 1.0004076682344305, 2.08274131986704, 0.6451631433577063, 0.22317215541175983, 1.2663473713001565, 0.7099697529176581, 0.8612654075587898, 1.7673977317626282, 4.48916142342722, 4.3054610058720755, 10.133724113892896, 6.1283441459110435, 1.2882136704061509, 8.449185846126142, 3.313263556953501, 3.40826349668437, 1.252652016212636, 6.579642704745794, 1.1745990360225278, 0.8224341034207896, 3.196546666872308, 9.650858097675012, 1.864338562949655, 18.942217685042806, 11.73159910528014, 2.5787412240850927, 5.094090655515174, 9.886591795065613, 1.3418567947106794, 5.248746567075074, 5.300622112369865, 2.704677312342426, 0.14071259219926446, 1.175211949644222, 16.296449286820575, 4.9275040909219285, 2.0689722330455993, 2.199742629405904, 5.11644439893621, 1.3448319284222805, 0.6747987673620628, 2.0641197438908137, 7.186846574118988, 4.03843972529711, 0.8308334749327173, 4.017081692348484, 3.691467845901684, 16.226348610942807, 7.110949079079006, 23.893380903640406, 4.298844658292268, 7.572568098743574, 17.410836787766584, 9.806664746056668, 1.9829539672007854, 0.5894717513091337, 12.543881359467434, 1.2198446216231673, 1.3489974918790608, 3.2980506915859564, 4.874866236645744, 4.366808871271417, 13.551131231031235, 6.199261343968601, 0.0755301735702858, 3.794542085059419, 4.792241566660238, 0.5974042869920311, 3.1878588955965768, 4.602961955851612, 7.322605998081002, 0.32039464410146934, 0.1857002472953866, 3.7080353559208845, 0.455148468134567, 5.63164300300258, 4.6256266484849675, 13.116422417367716, 9.041614479612548, 5.598461708595551, 2.1837168921899206, 4.939885399775207, 1.9124783252904223, 10.848481615184824, 3.869617151670127, 3.1525096034030753, 7.462191224781094, 2.4047666224078057, 0.5175761033237904, 1.0663485477843722, 0.9954996759406072, 0.3026300766547507, 5.345503349771718, 3.7269655900115026, 0.05345474599452871, 2.355242492574476, 10.078891959312074, 3.982480308689361, 11.91396813650519, 2.027881529016952, 4.446400805911395, 1.205874858986732, 2.670504208464891, 4.53564603011958, 11.022443136022673, 14.833880666505308, 17.106881525077256, 10.378071172441821, 7.4963951300320275, 9.02742255348241, 7.26986564125815, 0.5086709307886395, 12.548342567579652, 5.7134603710526335, 6.168883330257302, 4.628739185141512, 0.49368091340605247, 10.899860770191367, 8.680878522828351, 0.43152172854067317, 3.065596954074806, 3.3204971574634783, 0.7100334852991352, 4.981557143177753, 5.281413162132139, 10.267679971219025, 0.20938031905433263, 1.0692704088654637, 0.6287083600810206, 1.2842824663127885, 1.0087889144830342, 5.0419175210147955, 0.1532216018225654, 16.997401208387316, 2.0763677495580453, 0.5706758198214459, 3.386138043469373, 6.5972978958062924, 2.7576190170337327, 5.910768129005987, 6.297318950000829, 0.9933236208231904, 10.226892160266999, 5.964170074876904, 2.7338301826761437, 4.981286991069879, 0.6663148493020685, 1.231788588990554, 0.4256389996533585, 3.9825435711764783, 8.201332472471734, 6.037587739837505, 13.545997090270987, 23.59056916899374, 0.6157262377613506, 0.6624414436494703, 0.029115475458468154, 0.34504287857561167, 0.32081706613206507, 0.06044429699593934, 1.0632120068721065, 0.6565294788263714, 2.147999696746922, 4.589368126991388, 1.6322787462325152, 9.50684867115072, 5.6463276578721775, 0.7919894459732859, 1.612035803071592, 2.4896765778390204, 0.7904386705762363, 6.9231126728175525, 1.0034456250425876, 3.079723225885033, 2.309354654764178, 10.231440877944436, 5.711892369975821, 0.0, 0.0, 1.3963954285339142, 11.786886413583261, 23.339327745024292, 2.142478894600231, 10.627261835644902, 5.896992296526264, 4.793257021849826, 12.007829756642352, 3.656600054711177, 30.178022951926636, 31.91373001890014, 0.13548038021014008, 8.484917287500366, 30.294266946779146, 4.922452499540498, 1.3154617790914074, 1.8092960350539897, 3.276813116355953, 16.84846919511415, 2.9071235446402284, 2.683155818103387, 0.25262975049497527, 0.4608731938835433, 0.9644848762946481, 0.9706150657976309, 1.1563513579793039, 7.614843608309627, 1.1683299276865569, 6.276904661583245, 4.79347634562086, 18.72988060670724, 0.09894117826996762, 20.150716159316232, 4.118967172093619, 9.675819213833705, 32.574290237448565, 1.8130040505332374, 12.162083067714548, 6.357536346250413, 0.5755929437276848, 3.4739154560016914, 0.06792175042102144, 4.810714990173551, 2.5006155037326607, 2.8302837573846773, 5.316078955318204, 0.22253974125314357, 4.11543988534828, 0.7443748712815648, 0.5975933743993664, 0.09725236130771009, 10.727385147546556, 1.5294975174983279, 1.7251149042008649, 2.525869519451362, 3.0631493935196943, 0.7012877956136094, 0.9013183344245306, 3.081952426805941, 7.009859673247803, 0.0656509082965897, 15.332646303077183, 3.0862172226714506, 2.0291968730241194, 3.284887287064265, 11.10598976007833, 39.632229192790646, 0.7099697529176296, 14.642062839416155, 2.5015328734479567, 4.483304956640978, 5.363358685967313, 21.02492149482677, 16.612271240595163, 11.786886413583062, 0.0, 0.0, 0.0, 0.0, 0.0, 0.0, 0.0, 0.0, 0.0, 8.701005372849878, 21.69736526804033, 3.518232861382785, 16.29523872399534, 19.971649544578696, 7.194751330029661, 0.0, 0.0, 0.0, 0.0, 0.0, 0.0, 4.251681385892901, 13.368215938490195, 7.832083237384751, 3.700523429209966, 2.349717135772778, 7.902748800029087, 11.214996934943258, 3.835451527628379, 7.186933945840252, 3.2044169318946274, 1.7718832520654928, 2.7612266026936254, 1.4867345511796657, 0.930219077464983, 0.6332447033751123, 17.160008337624106, 2.1956482883543345, 38.150191552548364, 2.2126079406541805, 16.80127694950599, 6.219199958888737, 9.028523418257691, 5.799437798476134, 8.805773598483398, 5.5740465248415205, 0.02624914936359346, 10.583707979752774, 2.4241001336719705, 4.7750420329181225, 0.6410713328248221, 0.22202081707649768, 4.147158170237617, 2.0647840279756906, 6.301495979907486, 2.4415708090232897, 9.275752395922837, 7.407525379837978, 1.4058821997013524, 2.828907970108361, 0.5639822452358771, 0.07506685988573736, 2.3705903929620433, 12.576882211733988, 6.207339544114774, 7.197153844050106, 0.30858186913839347, 11.78688641358319, 5.71189236997585, 2.8134073747845, 10.223604129999636, 4.274720774491371, 3.224326146540463, 10.203089655765403, 2.813202280513451, 0.0, 0.0, 1.393083278305097, 4.251681368892903, 2.542586039008036, 2.750521148742351, 2.542586039008043, 0.34652213168202195, 0.34652213168201484, 1.2990897290615848, 1.2609302567308376, 0.8581738694845882, 0.8983051908688822, 0.2877250152983635, 2.916335437681255, 4.251681368892918, 1.3930832783051006, 1.39308327830509, 7.169494680879261, 3.1620404997608063, 19.310072848368733, 34.49924157873775, 2.37433374032085, 3.5734361752349173, 3.51207686576862, 15.359455961028118, 6.669559738275325, 1.1469907936136678, 7.422129911673039, 1.5742779386085886, 2.865827703615423, 0.35513301869295333, 6.37910426836217, 0.342086916168995, 15.515793523667838, 4.2240978405427825, 1.1051392116035856, 5.694017541178823, 0.6054471822687333, 1.1220433403162247, 2.4890510346419603, 4.42463748228721, 4.03357752303512, 6.923112672817609, 5.709083479943558, 5.7584003666283365, 8.740143092622645, 2.150631709307447, 16.833309177380556, 8.550187898989577, 0.7536780735012485, 1.3489495166877816, 3.711452380442779, 7.733186756254327, 1.3685441730544312, 3.740529502725849, 0.2786124142260178, 3.3227120738980602, 11.135389443945712, 3.980792001852876, 4.105011629666194, 1.7756590095857518, 1.3013901708869184, 0.5140086906792476, 0.4681640074229563, 5.312077229620513, 0.7515139537907771, 6.163835673922904, 2.059288965368978, 1.7815809843585555, 0.25649097144207644, 1.7452542230138306, 3.4955536974232757, 6.018053992126511, 2.3353029734855113, 1.6677038627872207, 5.610665550863416, 2.1431905276850785, 1.494326179876964, 0.9146361781937458, 2.145051362827985, 1.8128907223314172, 0.8589596426630237, 4.97811833466443, 4.310894596081084, 0.33328854909854044, 3.190108229865217, 0.9791028117555243, 23.8506077779318, 6.303832934684237, 14.474615602557577, 1.8127575447915092, 8.209132876313902, 1.0530398295926489, 7.820833246700147, 4.018485408549566, 3.005453287400769, 5.441336755076975, 2.0047540106053248, 1.2165144511728272, 6.319232294419265, 5.445409995729875, 4.547320878873052, 10.164089735474676, 1.2429408431018771, 11.349488294413476, 1.3785711624464625, 23.816986938765325, 7.801956796584847, 13.378057805116043, 24.582877341275207, 0.5833182941136101, 2.663228976949256, 6.434242462596245, 0.19877665757582008, 10.098952134371245, 9.070198692572092, 1.302641755308457, 4.958344700815189, 5.891830291693736, 0.2836486479139353, 0.6286768387394659, 3.5363050200826933, 7.108525825390046, 10.649997867601314, 32.65777333247584, 8.70100537284992, 2.8134078825290807, 0.0, 0.0, 0.0, 0.0, 0.0, 0.0, 0.0, 5.711892369975871, 13.36821593849021, 10.821544144129206, 8.11954647556297, 1.8323649594166511, 8.148399349242396, 0.9874449955302111, 8.30559229832815, 4.542868411991435, 1.9684796618755058, 1.9597431155199274, 2.3947382605255143, 3.7497433543910574, 0.06461045635620621, 4.988002571589931, 0.22969570380456616, 1.82375124834266, 3.7876974200423206, 3.086956378654577, 6.691079250199152, 4.702901048175875, 3.5067773138653138, 0.30361837996201757, 1.8473541121439894, 0.7457855751619604, 10.10752264838004, 11.785276803879725, 0.9312962743505011, 8.495896420774386, 5.878787606259635, 2.1736977642424904, 7.680833307606463, 2.546451624250608, 9.929647946561431, 0.008277336102878508, 6.711629578738325, 0.11181097181781752, 0.9073173574169004, 12.271186719593743, 8.456200635306232, 8.283629765487717, 7.7718753089587835, 18.83166332756676, 1.2396587129661611, 6.649513882336635, 4.948796836672187, 3.552869588547594, 1.9409997419285787, 1.3483104710003317, 0.7185303466283699, 4.368314228198869, 1.9383676359809954, 0.7212294073415251, 9.484103540401975, 0.28157313722783783, 21.268399568737493, 5.417901385587612, 14.68154490670804, 14.160856707408072, 0.00794926551776598, 3.682801493431157, 12.382926672670465, 10.376016246366731, 1.2249629842815182, 5.586517674981678, 5.2308343131072945, 0.6565870916990661, 2.1044178210415794, 3.809742723930725, 4.367763410034769, 0.09029129409427128, 1.265993520453634, 0.6659477082205285, 0.4962613953577204, 0.6659477082205001, 2.6998287794197324, 0.39793973942778393, 3.3021047559986414, 1.108679108159464, 3.156768601902513, 5.513890232382522, 8.691407530746119, 8.818223801294238, 20.295838028455847, 1.2793018935809641, 4.959521196121216, 0.4647593912546597, 3.808645009015777, 0.25057772365209985, 2.7624021918050516, 4.988905268374964, 3.796020401089777, 0.5108369867094211, 2.0685822009357935, 22.90876423165281, 9.809750756900371, 21.6453630865351, 22.000831303456636, 4.883743710277315, 8.095312019238065, 0.2917327904094975, 3.8638203698967857, 3.058554700364766, 2.1183403456226984, 11.180240030474323, 0.01810407244357748, 5.245836560009195, 7.859377310309327, 4.549389030698023, 4.209112177816735, 0.7212756120947859, 0.5746770310264822, 0.20263576522347648, 15.147143308028944, 14.490836339304565, 10.65685329042563, 6.967734507674521, 0.6602898851461134, 1.4765789956641981, 5.203158474427767, 16.448764385607433, 16.64759768408578, 8.471458316638632, 11.631790443650914, 0.7140865938278864, 8.756320465889274, 28.117288765208997, 27.433061153480452, 2.7382673200220324, 0.28460323095265494, 12.918388691492368, 1.7680453655115684, 13.372833438757311, 8.5298346275587, 3.6310499849729467, 0.24458231294653388, 1.1204354962875414, 7.967683336869641, 0.6621618976541583, 12.016553406279286, 0.2359350739668855, 5.468715505024733, 2.527411417882462, 1.1000804106059547, 3.271659624122435, 3.036430198805931, 0.48635367185201517, 0.16188634771324928, 9.779084633776236, 1.0791585791580758, 7.034214252759313, 3.5655360937801817, 1.8782626132414322, 4.344925620455513, 4.6074353351366, 4.781189041582394, 4.607435335136586, 1.2724780431215947, 0.5254761048226158, 1.852822438886193, 4.04422947151582, 6.137966336095246, 0.667270044522013, 3.379818408352378, 2.3394707094294347, 6.133479757731578, 1.2792614817866763, 1.6731232781012153, 2.239806398698505, 11.786886413358587, 4.251681385889441, 0.0, 0.0, 0.0, 0.0, 0.0, 0.0, 0.0, 0.0, 0.0, 0.0, 0.0, 0.0, 0.0, 0.0, 0.0, 0.0, 0.0, 0.0, 0.0, 0.0, 0.0, 0.0, 0.0, 0.0, 0.0, 0.0, 2.799618870679435, 8.651540150076755, 7.034214252759313, 10.523736816658058, 0.8445786832129727, 0.39465661118399, 1.9545479891488355, 2.0169480679216747, 2.9042513815287236, 3.3530888405095425, 5.038081708676884, 2.293421186073175, 5.611286151140234, 6.655768511606766, 11.868752834516215, 0.5743049869962249, 4.838511090472565, 5.5563132863642295, 1.0903105278697467, 2.680659872400369, 1.104896426765123, 3.1881127000003744, 1.9620198471437504, 2.8741689596796505, 1.6006389508261236, 0.8576309071742685, 2.539388567206572, 2.8189454476507763, 1.4099505114504893, 1.8212751753932679, 0.27586353554931975, 7.494442751961714, 7.1282961164751555, 0.46653217607536135, 6.077127194046938, 10.495514906468827, 0.46513220737362815, 0.3350139107116732, 2.6254910307772406, 2.8134078825277307, 1.3963955429962738, 0.0, 0.0, 0.0, 0.0, 0.0, 0.0, 0.0, 0.0, 0.0, 0.0, 0.0, 0.0, 0.0, 0.0, 0.0, 0.0, 0.0, 0.0, 0.0, 0.0, 0.0, 5.711892369975857, 13.36821593849018, 11.357508832914988, 11.792805771561177, 4.596016672660255, 11.596345202476982, 0.6856800845555995, 0.6814747980382094, 0.22926030648488904, 11.368194871389505, 13.802327967100439, 0.3164798442578274, 6.089268507449617, 5.405663833606013, 7.812877478701694, 1.8560133346136354, 5.114025944022501, 11.886016121094968, 0.3520825394610654, 12.404494852679022, 1.650227235397523, 7.1716532434772375, 4.785026660949512, 4.671695712943205, 1.0888789453003653, 5.188934604427686, 1.0169049462724615, 1.3117065268452563, 1.1263552966775592, 14.536537397580673, 7.507396832721696, 9.707397435678047, 10.285877791276164, 0.8846903166308948, 1.092226799249147, 6.031037110830823, 1.6597727407113325, 1.5227201333379412, 9.593140862089427, 13.368215938490238, 5.711892369975885, 0.0, 0.0, 0.0, 0.0, 0.0, 0.0, 0.0, 0.0, 0.0, 5.711892369815629, 8.701004530905308, 1.2812411981608278, 0.17806364778152783, 1.5173768977141435, 0.6358412317857898, 0.13154478125771618, 3.3296108435634153, 3.490570483600152, 0.24120707163847044, 2.1661931926151965, 0.6065520352536566, 5.012484416092761, 4.457570257744166, 2.3006448835152185, 0.0897580060387213, 2.631662454359187, 1.5495687913947194, 0.7062750232627053, 1.092095715767826, 4.838554317993072, 1.0920957157678117, 4.056470797291823, 0.7292024271886106, 0.7608502460627449, 0.729202427188639, 5.279888012507257, 2.073095761998246, 3.5671524366992315, 1.06512320789912, 1.0137483201054636, 0.5015848126426619, 1.3450083437097788, 6.972217609404609, 11.593317986697173, 9.458680517709183, 1.4376531180116103, 2.1166018162842306, 5.9882423148046655, 9.175058379233747, 1.5452393601556764, 2.5746599225393396, 1.4209738532166796, 9.002269945466253, 3.6015676022390153, 3.302494200681423, 0.6875654579376373, 0.7229369395098217, 0.7729659429388107, 0.07245672877681386, 2.5596638282620745, 1.5896853245528177, 9.422775250010034, 3.2745825639100588, 2.218307125990407, 7.3583005989322885, 5.884628819598561, 4.509082005559264, 13.35762650623974, 4.191767832882249, 16.361434021696937, 8.701005372849906, 1.3963954285339213, 0.0, 0.0, 0.0, 0.0, 0.0, 0.0, 0.0, 0.0, 0.0, 0.0, 0.0, 0.0, 0.0, 0.0, 0.0, 0.0, 0.0, 0.0, 0.0, 0.0, 0.0, 0.0, 0.0, 0.0, 0.0, 0.0, 0.0, 0.0, 0.0, 0.0, 0.0, 0.0, 0.0, 4.251681385892887, 5.711892369975843, 0.6825973825587255, 0.33544958705782335, 2.677411920782234, 2.2984042478312716, 0.2355928751927081, 0.05062448094912497, 1.2597461964564332, 3.909187915515332, 10.711963786573477, 11.106997646020432, 15.390649071589735, 12.069458520507112, 5.619265736141244, 2.0220157755813943, 7.60455470328364, 2.046837129146269, 0.7204685630205745, 8.486739426227928, 12.985685245387685, 2.3900213841199047, 10.839769233323068, 13.28198510483196, 3.825564683144421, 16.988630415819785, 12.184266958981908, 4.56056236369767, 2.341692730273877, 5.187874584682959, 7.582000989257438, 16.843555895721238, 2.39263267968488, 8.936790639694436, 7.217170027832623, 5.60169755474962, 7.063590741236283, 8.445620663662453, 19.98828935503178, 2.524476874701236, 0.2769539668501011, 3.1839900460238937, 14.976352324470781, 8.701005372849934, 0.0, 0.0, 0.0, 0.0, 0.0, 0.0, 0.0, 0.0, 0.0, 0.0, 0.0, 0.0, 0.0, 1.393083278305097, 1.393083278305097, 1.3930832783051006, 0.34652213168200774, 5.652044310377434, 0.7059616625334186, 0.7059616625334115, 1.469340210890266, 3.511633358387982, 1.7655178581733821, 0.5332309343393149, 3.873185026195671, 1.1075642072782088, 0.531253923461513, 1.261946369768424, 2.6255883822350086, 0.7403825469085348, 3.941693146590133, 4.251603440685045, 1.3930832783051041, 2.813202280513444, 2.813202280513444, 0.573242060045672, 0.8979819702135714, 2.0243415822644977, 3.322139947011749, 0.5925692021471889, 3.873185026195671, 1.106089047506984, 7.097256416752472, 5.652044310377434, 0.0, 0.0, 0.0, 0.0, 0.0, 0.0, 0.0, 0.0, 0.0, 0.0, 8.70100537284992, 13.368215938490252, 0.21288416968928914, 0.7007816484862985, 7.9789025488296375, 5.032233403389569, 21.697365268040187, 14.976352324470724, 0.0, 0.0, 0.0, 0.0, 0.0, 0.0, 0.0, 0.0, 0.0, 0.0, 0.0, 0.0, 0.0, 0.0, 0.0, 0.0, 0.0, 0.0, 0.0, 0.0, 5.711892369975878, 14.976352324470781, 2.4680173272523405, 19.563929623343824, 8.739629469768545, 38.247362507240894, 2.57724843047248, 24.069146287593583, 3.7465885825876626, 4.861251609989154, 1.8662491731133173, 0.9436661411639875, 7.147800183163781, 0.45458891316457084, 15.330169664869231, 3.90799845859749, 8.2048749484386, 5.498074936933506, 1.0235753306210427, 0.9419520066619498, 1.7943752569244396, 3.8368304893656955, 0.07703511078011616, 1.587584078033899, 0.8255596592449024, 1.945927322948421, 6.611548397014076, 3.239525040156394, 3.9172741542802214, 2.990108926071514, 9.189525097623516, 2.453016039895715, 2.6204623846825825, 8.145519851098157, 1.1164678501831133, 8.548829258006407, 3.8355623401181447, 0.8379244911066053, 5.838334923967182, 6.322637454583997, 5.545842065749753, 15.577957081986398, 12.994442346070116, 11.930215883369641, 23.09982245059919, 9.07953606237578, 6.909870958397107, 1.7791184140291278, 1.8199794613378515, 1.5468933241787255, 0.9322639894721902, 1.9481848009993996, 0.8771254499921639, 1.0212788524986252, 1.6404674590201793, 0.522531436724762, 4.229876236503927, 4.589878962238004, 17.56134155615905, 47.13531501369789, 28.739429586237804, 17.967633603958234, 11.786886413583062, 1.3963955429962844, 0.0, 0.0, 0.0, 0.0, 0.0, 0.0, 0.0, 0.0, 0.0, 0.0, 0.0, 0.0, 0.0, 0.0, 0.0, 0.0, 0.0, 0.0, 0.0, 4.251681385892908, 10.231440877944337, 7.9979950538295554, 2.1276188366873896, 3.4615837286284545, 8.566050228947006, 10.152025730405398, 3.574130508420751, 17.96379307642377, 3.383182831479985, 26.93473086398984, 6.282582534108997, 21.378332139875, 1.8854064503155996, 4.338360521325285, 0.1408698175900156, 3.0559520533905697, 0.29847026248518205, 1.4188835623655223, 0.794745923936091, 3.9732231001251535, 4.444383329037919, 0.6708283072179597, 1.9165698789931866, 22.994648895077148, 9.434687925851676, 1.4937400172692037, 4.4583803750488755, 2.278234344119653, 0.025172002869553012, 1.0877815704233598, 0.6114418271848194, 1.5968881553384193, 4.5238215086038025, 4.453216615740644, 0.17696675039221077, 3.1946347446717027, 2.3627922123692997, 2.1988817890685084, 0.4685629853821922, 0.33732139559143093, 5.935589106784278, 0.44936852326944177, 3.834629253445854, 0.15349060470002485, 0.1410544085212848, 0.4489483594977628, 3.2834280030841825, 2.6289581201239116, -1.4210854715202004e-14, 2.8071699034186395, 1.2437303888217457, 5.124456028173526, 3.7565417196866235, 6.976344377986237, 10.231440877944422, 7.194751330029703, 0.0, 0.0, 0.0, 0.0, 0.0, 0.0, 0.0, 0.0, 0.0, 0.0, 0.0, 0.0, 0.0, 0.0, 0.0, 0.0, 0.0, 0.0, 0.0, 0.0, 0.0, 0.0, 0.0, 0.0, 0.0, 0.0, 0.0, 0.0, 0.0, 0.0, 0.0, 0.0, 0.0, 0.0, 0.0, 0.0, 0.0, 0.0, 0.0, 0.0, 0.0, 0.0, 0.0, 0.0, 0.0, 0.0, 0.0, 0.0, 0.0, 0.0, 0.0, 0.0, 0.0, 0.0, 0.0, 0.0, 0.0, 0.0, 0.0, 0.0, 0.0, 0.0, 0.0, 7.194751304761027, 14.976352324470696, 33.205669115640546, 12.02251551009357, 4.017814216478996, 0.9528243072098803, 0.6882277322242771, 0.26394662832268523, 0.2419834618995651, 8.804838767351896, 10.677619034858708, 1.100209887595156, 2.9499923744741636, 35.660278258038886, 9.861277737082276, 19.677666385434577, 11.623800439210925, 5.707266399453147, 0.4737407213950746, 0.5326293592730167, 1.3572432561031178, 10.478497063325733, 5.558525143886584, 0.42761327992116094, 0.438924549248668, 1.2086293524455982, 6.239829621972433, 2.5919535701137306, 1.1131591739072633, 4.160422483537218, 2.0496682446211594, 0.2643078087193089, 1.3997157864262704, 1.5477273352139491, 10.101135216491656, 5.501932086167727, 0.41273490479878205, 5.821884447517107, 9.4479426557387, 2.421949191292015, 9.830989173777766, 11.798184555622043, 1.6353879075550992, 3.1322556736399463, 3.5539902803775476, 4.2583654396350425, 10.868197260470708, 10.713722428752646, 2.1639726155460153, 12.005133666792744, 6.728617769564607, 53.88469721781621, 32.57808546519357, 0.12232984068407404, 3.724264437788271, 0.7221517833966473, 2.4555985831995244, 3.8033289590095904, 1.5392104662119834, 0.9476172095999686, 5.604432916098972, 1.1441471187531533, 1.7791184140291563, 1.1441471187531818, 1.7814449034345614, 1.779118414029142, 2.916335437681255, 7.105427357601002e-15, 2.793054458987555, 1.4313209035857994, 0.9838532174301662, -4.263256414560601e-14, 1.7980557180659957, 3.152197237828588, 2.1235017575701747, 3.446983080039338, 0.27014106835846974, 6.278510796914048, 2.59295368813639, 5.194486724283152, 1.541073137134802, 5.175007431806648, 3.972089321329122, 3.229549112517546, 1.1751660797572896, 1.470083025077713, 1.057725244451973, 3.912607717913204, 0.7692245284607395, 0.7722891473426188, 2.653463235352419, 0.8194897527561693, 0.5568251798293318, 3.5509811876851245, 3.642809489347016, 8.164609438596628, 9.419792196430308, 8.355529929520372, 6.728761710189218, 0.5194819003958457, 3.270278909885292, 3.2090621309538676, 7.8115441096855704, 6.110212473678644, 4.39559925905283, 3.6304829393939713, 4.757537140650726, 5.476636344046796, 4.084656189231339, 0.3531077860890264, 25.622790166715475, 0.6705322975786032, 10.140450406112109, 1.2616060546145889, 10.169659552445353, 16.074453641152843, 2.1821720877226483, 4.567500247890308, 5.670358697238342, 10.231440877944408, 4.251681385892908, 0.0, 0.0, 0.0, 0.0, 0.0, 0.0, 0.0, 0.0, 0.0, 0.0, 0.0, 0.0, 0.0, 0.0, 0.0, 0.0, 0.0, 0.0, 0.0, 0.0, 0.0, 0.0, 1.396395542996279, 8.701005372849934, 10.321250683902008, 4.363430791270503, 3.389527188764532, 3.30258567330128, 8.638623947271498, 2.8720876053150732, 0.8204814347884906, 4.3234733101799065, 1.7627736269629963, 6.6922915422234155, 2.998858563463102, 3.864580117880479, 4.6924590240186035, 4.484296678590226, 3.9056419615253617, 5.8866064472890685, 1.724026355984222, 6.249986512106062, 4.46960429726704, 0.3332099453825208, 2.123706541875322, 18.685473295764268, 9.346876535240824, 4.8471328201824235, 2.71155445834637, 1.046907979534609, 9.279314726684419, 10.231440877944323, 2.813407882528992, 0.0, 0.0, 0.0, 0.0, 0.0, 0.0, 0.0, 0.0, 0.0, 0.0, 0.0, 0.0, 0.0, 0.0, 0.0, 0.0, 0.0, 0.0, 0.0, 0.0, 2.8134078825291233, 7.194751330029632, 3.3078228266834486, 2.448678812639997, 9.096599967927887, 0.15758677593660764, 9.145774051915936, 1.165058056067835, 2.2113300306342296, 5.694507329886136, 1.4505744225666604, 12.61050876702788, 7.6132826267744065, 31.697783359985692, 0.19217936798645496, 35.524776495656226, 5.421796210629282, 14.188630097984117, 1.3598390048728959, 1.7750416797174466, 4.684360554153329, 11.123588205557326, 7.758543204475899, 0.8837510734851151, 2.364807093833832, 4.528057391873318, 1.9360639962586959, 1.0884814924615966, 2.4638960021121648, 5.946365136190394, 2.4034243921441885, 1.940875487965684, 2.736499583889781, 8.513211112098901, 9.881116915007084, 14.381320438921506, 1.7780535591909938, 1.2793007887127885, 8.701005372849906, 5.71189236997585, 0.0, 0.0, 0.0, 0.0, 0.0, 0.0, 0.0, 0.0, 0.0, 0.0, 0.0, 0.0, 0.0, 0.0, 0.0, 0.0, 0.0, 0.0, 0.0, 0.0, 0.0, 0.0, 0.0, 0.0, 8.701005372849892, 19.971649544578725, 5.126993059097941, 1.157362902116347, 4.347605740254863, 4.1573341275405085, 0.08217703143040467, 3.472206759954986, 5.5108719774946735, 13.36821593849021, 10.231440877943527, 0.0, 5.711892369975871, 11.786886413583034, 5.896308097865926, 0.08639600521132706, 3.6094192949776414, 5.32801470915669, 9.557889542449544, 5.627484902045424, 1.2762490882129214, 0.009579720809909986, 0.10599957136697924, 1.9024345709477757, 2.7628089225455312, 5.959380378226598, 0.9519804253327209, 10.90439671035557, 30.960742828294542, 0.7669248617476114, 11.597403236114872, 5.878590504935801, 6.414049986319583, 1.529043245741775, 24.785483808049634, 17.352059933793612, 7.814680269636966, 7.6142203264880095, 27.652219147194728, 23.76543628870715, 0.7111502272997541, 1.7502190151050456, 0.14329206634310765, 4.485099346502892, 2.9271717173035796, 0.4724343632141199, 2.2825827687632625, 6.256645366984657, 2.653007149592213, 2.710998780282125, 1.5421090307897316, 0.7226584683532735, 5.135671918441034, 0.37068850062053116, 2.2808455777425536, 5.665081586250608, 1.804345069922448, 6.363247234797171, 0.3543307493317229, 9.769016459470407, 6.535264918247805, 11.757129942892604, 1.8259796991215183, 5.443739058456799, 2.0856679170798884, 0.08149310649449149, 4.872704577897252, 0.17067158391458292, 1.848919685439597, 1.0200402482885522, 1.2340119562472012, 10.269521496621365, 0.43193554792131295, 7.563465778949194, 4.6330562452092465, 4.764889786534809, 4.3921686443505905, 11.037495264361382, 15.894177138123723, 14.140563808322327, 5.797244968513297, 4.14653254397021, 0.18234849132863928, 1.5180038127932107, 0.09011998168585933, 0.36279228713286216, 4.503001747096903, 3.908615384162516, 2.6734667717502703, 7.35444056378077, 1.7007320645427626, 2.026374315005654, 13.368215938490223, 7.194751330029703, 0.0, 0.0, 0.0, 0.0, 0.0, 0.0, 2.8134078825290914, 8.701005372849949, 6.1666942790421615, 3.53992067712457, 3.677781038401264, 13.749594111310898, 0.48639402241150265, 4.482388133993965, 5.183823310808293, 1.9264007518160042, 1.9985473233437006, 3.178183451903436, 0.0696686440213341, 3.285418455650131, 0.7254942512130356, 2.172491717739746, 3.008676242962423, 1.3866737038854637, 1.1682025634091247, 0.13359839023812015, 5.173820197067016, 0.24074320774252556, 10.990253079354943, 0.3681336799716348, 3.0763997678431565, 2.159132485868213, 5.158976479597982, 4.0561115336594185, 7.492867710546676, 1.5575749553670732, 3.2556580582608063, 0.28478866086528853, 0.5529042536346083, 1.426144523422991, 2.299750403616045, 3.796408770187071, 5.71704243615018, 2.101013836514852, 2.117924928067197, 7.231858707625932, 12.792349508802843, 0.6033025466709461, 7.273748342976063, 7.194751328108346, 4.251681385892937, 0.0, 0.0, 0.0, 0.0, 0.0, 0.0, 0.0, 0.0, 0.0, 0.0, 0.0, 0.0, 0.0, 0.0, 0.0, 0.0, 0.0, 0.0, 0.0, 0.0, 0.0, 0.0, 0.0, 0.0, 0.0, 0.0, 0.0, 0.0, 0.0, 0.0, 0.0, 0.0, 0.0, 0.0, 0.0, 0.0, 0.0, 0.0, 0.0, 0.0, 0.0, 0.0, 0.0, 0.0, 0.0, 0.0, 0.0, 0.0, 0.0, 0.0, 0.0, 0.0, 0.0, 0.0, 0.0, 0.0, 0.0, 0.0, 2.8134073747844965, 8.701005372849934, 8.651297453774248, 9.101057082985392, 6.399064513586637, 20.762730839383295, 4.1493242077962975, 5.087046186904445, 2.5416960967899342, 0.6135419438783742, 0.014351221541971881, 0.33390796320028926, 1.8615292788755085, 1.545829249509751, 1.1123692995088845, 0.8045494603051111, 5.128116070977654, 1.695980184683492, 4.600512339586402, 0.007394496701550679, 6.059034756506861, 0.722587343647092, 12.927273409797309, 2.8001701897457565, 1.662398616570158, 4.972932316546007, 0.7187756674968284, 1.2493744512273537, 0.886069237527181, 1.8212751753932679, 7.264522840454205, 0.01691416669311252, 1.7484701655053527, 0.07076865403971055, 4.932108411359351, 2.7527212452368417, 2.6742831755474583, 4.196988048710523, 1.6240380612980516, 9.815920341450237, 0.16277954296759845, 9.013100545566786, 0.6133951306488825, 7.350876072135122, 2.4300120414002606, 0.5989262512093205, 3.7238565312304814, 2.1851484522260307, 1.691526652949264, 3.659047262842023, 0.9470045941720571, 5.341150243949926, 1.1314413117973174, 6.2721727712092274, 7.328993915118247, 1.3448323153979231, 2.4931988831654905, 5.341044485682858, 1.3496044110696062, 13.206889159403957, 5.215985807002312, 5.377478257590397, 4.355219129989905, 3.863533108346388, 0.557694380009579, 0.6928978116770708, 2.2948754942275116, 1.956301041613358, 10.431736779195177, 4.411960032824382, 2.8134078825291304, 1.3963955429962756, 0.0, 0.0, 0.0, 0.0, 0.0, 0.0, 0.0, 0.0, 0.0, 0.0, 0.0, 0.0, 0.0, 0.0, 0.0, 0.0, 0.0, 0.0, 0.0, 0.0, 0.0, 0.0, 0.0, 0.0, 0.0, 0.0, 0.0, 0.0, 0.0, 0.0, 0.0, 0.0, 0.0, 0.0, 4.2516813858929225, 7.194751330029696, 3.3949214195818627, 0.23559287519280758, 1.2196479378275171, 1.1650284570152962, 3.988724038530762, 1.7980557180660384, 0.983853217430223, 0.29238848534591, 4.675512813009121, 1.4002374940027948, 1.2596436801860875, 1.8019098835618763, 3.4950117390617095, 7.09038567845667, 11.172814334598797, 18.71502450322916, 2.5579550515998903, 7.440286273666388, 0.3700991519617247, 1.0164150356875012, 0.1153328712663324, 1.3577104780432023, 3.305088430693104, 0.10826138881051861, 3.054027430794207, 0.3511769535118674, 2.6393271935384774, 0.5870628101375672, 1.4091150786063054, 2.3442345606088395, 2.214554425822996, 1.4059730555871681, 10.922966657101426, 3.912166275344646, 4.542923846943808, 3.656946851422987, 9.271159372965542, 6.838083655002492, 7.387543686614521, 8.584188412378097, 5.9712847676013325, 14.248893332101687, 2.120256316118059, 9.374359103551996, 2.646054099023331, 3.5591201734913938, 5.852647501532914, 1.3343662301734867, 6.072128382853464, 1.1131234021118246, 5.030503087436614, 1.1716992471043, 8.146275724139201, 5.352308682408335, 6.943123858638529, 6.483432787913074, 9.871494539987424, 4.499520043889731, 8.320150731281217, 7.1525918048766925, 1.079160003696927, 0.5636097370520758, 5.674060464019448, 11.400034933836366, 0.08754679893712591, 0.9562183174666927, 4.298868238512881, 1.030418625892736, 3.7495149852508405, 3.2168013396884163, 1.5660573629732255, 3.062591550621619, 5.58809348102011, 2.1966229647285473, 4.45906872605326, 4.0111322364379305, 2.57241780349824, 4.0705511441111355, 3.777489037912403, 3.0087529121564387, 0.9397679985779348, 4.8008552561392435, 1.0406409973184054, 7.947158871034617, 8.759088153681347, 1.3833508072198413, 1.7991647523974734, 8.839046360806577, 1.2058748589867747, 7.204594404284094, 7.105935270033825, 3.248517620449718, 0.15678452842990964, 3.426506679855464, 0.8549863971634863, 0.23239409066604821, 7.194751330029646, 4.2516813858929225, 0.0, 0.0, 0.0, 0.0, 0.0, 0.0, 0.0, 0.0, 0.0, 0.0, 0.0, 0.0, 0.0, 0.0, 0.0, 0.0, 0.0, 0.0, 0.0, 0.0, 0.0, 0.0, 0.0, 0.0, 0.0, 0.0, 0.0, 0.0, 0.0, 0.0, 0.0, 1.3963955429962702, 8.701005372849977, 8.439353361053207, 0.6705664336899133, 8.11088733631621, 4.7157756344498125, 2.2660133380220486, 1.9398974537915876, 0.2967640140151673, 1.318207938677233, 0.9973153158520915, 2.597392863080472, 0.38643892472106245, 0.6055875150670715, 1.2980123656396358, 4.931855731949668, 8.471619571908235, 7.165035367644947, 0.519917902565382, 6.583851393959179, 9.69200436346378, 1.5137483890755163, 5.793473305979035, 0.7150196569333218, 8.750842840235379, 5.948031598181984, 2.950404963763958, 13.227844384330552, 13.55326516457555, 1.2125341907797065, 10.126562376246682, 6.574449299915642, 1.1275989250438698, 0.165222834046844, 11.85363339419078, 9.496025593072517, 0.723609536411093, 1.570303930627361, 3.1202060894888746, 4.743209000612566, 0.901940532345705, 5.88064490578995, 2.463278764259158, 3.108616006277117, 3.4023293829171877, 0.8464133751349721, 7.235863478003807, 0.3524505964316518, 2.369724328852712, 15.185075656449186, 18.557531476228007, 1.7442064017177472, 0.3475147731724064, 0.597830067075904, 0.020685163966049913, 1.2139191859744471, 0.2259419446093034, 0.23035345099970073, 0.12595275739232648, 2.341667337103388, 1.644971806396768, 3.879623950994471, 2.8246922700022594, 2.5658182678773187, 5.898028584709891, 4.694129288033139, 0.9928984993679251, 18.49893844640323, 2.542760193231743, 3.7788058777913136, 8.722821705536404, 4.955788230431949, 17.82536513529132, 3.5862282892979067, 3.3097628054744064, 26.843926958906764, 0.19104129928584257, 13.57326489895749, 0.7356590478375722, 1.1501718094600477, 0.28843983949796836, 4.710748332199088, 3.638282809382787, 6.900651192468871, 0.8941018500520954, 5.441952788557785, 4.052795554738452, 6.14126197321815, 55.70694799020487, 42.60184055155921, 3.571018932097246, 1.4572068066710528, 1.4445238787913937, 1.3080399053315404, 1.5855306877778759, 0.4471571986541676, 3.2354654367901645, -2.842170943040401e-14, 1.4796531142633285, 0.5021196465736892, 1.4988128014284143, 4.6026579106611365, 5.711892369975544, 4.25168138589288, 0.0, 0.0, 0.0, 0.0, 0.0, 0.0, 0.0, 0.0, 0.0, 0.0, 0.0, 0.0, 0.0, 0.0, 0.0, 0.0, 0.0, 0.0, 0.0, 0.0, 0.0, 0.0, 0.0, 0.0, 0.0, 0.0, 0.0, 0.0, 0.0, 0.0, 0.0, 0.0, 0.0, 0.0, 0.0, 0.0, 0.0, 0.0, 0.0, 0.0, 0.0, 0.0, 5.7118923699758355, 13.36821593849021, 3.9694720213050374, 3.8394597461597186, 0.1448144263638227, 1.3126105206440144, 0.14481442636378006, 7.941080771664332, 9.361314845355281, 1.2923856839719008, 7.038551368588173, 0.4212006968255082, 8.25643969248469, 4.46470830973206, 6.1635638823245245, 12.671376171882287, 3.6553307274650138, 3.939142383364427, 2.8200879780003447, 7.759323377580813, 0.5352370401254234, 9.233869910986698, 3.049661626175805, 16.49123677704938, 2.047780351663107, 6.740821901791236, 1.5120725104923451, 1.8448731075619946, 2.907041971184526, 0.8977563654547396, 4.035067006170721, 14.976352324470966, 5.711892369975843, 0.0, 0.0, 0.0, 0.0, 0.0, 0.0, 0.0, 0.0, 0.0, 0.0, 0.0, 0.0, 0.0, 0.0, 0.0, 0.0, 0.0, 0.0, 0.0, 0.0, 0.0, 0.0, 0.0, 0.0, 0.0, 0.0, 0.0, 10.231440877944323, 19.971649544578554, 8.841418148933258, 18.518561733882052, 0.5956337834129499, 1.64866785347715, 0.7868167949919211, 2.3186336044027485, 1.4498835150189393, 9.105566721915409, 1.3246772406436094, 3.1970202512592323, 2.226166866381334, 0.32392830852086263, 3.4711678981823297, 4.614156379139956, 0.8429169503419303, 12.546072873257742, 1.0518275940283672, 4.661464630823758, 5.068716136739397, 1.3939469771484028, 7.316311785829612, 3.52271021339223, 6.937809815173182, 13.697241029417967, 3.151892933475068, 19.770043354830136, 8.73590360065441, 11.87653309440583, 37.080098861288945, 8.847056354337411, 2.8328668656149887, 0.9613157298641113, 21.43416660675689, 26.7926373526885, 13.368215938490238, 7.1947513300295896, 0.0, 0.0, 0.0, 0.0, 0.0, 0.0, 0.0, 0.0, 0.0, 0.0, 0.0, 0.0, 0.0, 0.0, 0.0, 0.0, 0.0, 0.0, 0.0, 0.0, 4.251681385892972, 8.701005372849878, 6.205496504769513, 13.380029773212101, 6.204376225680619, 3.8470046033141756, 2.689869484729684, 0.03877774956674784, 1.6187088112137076, 4.010446527734871, 4.727642998990163, 2.7232278665072016, 3.303421171953161, 4.127616438742976, 1.2359922840235242, 10.575475002328602, 13.80257619355595, 6.39884220347551, 3.5749605028487395, 7.83510891582894, 5.457822433887131, 1.8492281984655108, 1.409815159237752, 1.0873428854062155, 0.5853453328444118, 0.8182408013484235, 14.28026249962457, 9.20736251302344, 7.800097566085185, 9.140029915792525, 31.836047189500647, 0.48436062726318596, 1.9957577947549794, 1.001725514262688, 5.751434076794396, 18.94597928026809, 1.1557570440702136, 10.648993192029053, 0.7068841794833247, 1.5443163128731499, 2.3702447220010185, 3.0194767004711593, 10.772757514868829, 5.711527327255908, 19.78990525960063, 10.600606830390575, 56.595332354903235, 45.422203217989704, 0.07300941117586035, 4.920214790597981, 7.268403431845513, 0.27863885145035283, 0.690307006406556, 0.3285275881286509, 0.5687797157411296, 0.867869472358791, 1.384823916204482, 2.837212641126598, 0.5567629366574351, 5.408645174450157, 0.07614307974850476, 4.07720225588082, 3.0275738248938353, 0.9458957448694605, 3.0230398041010744, 0.5841120967317011, 2.4887452683371123, 2.7779291258083276, 3.693343515796556, 4.757537140650726, 4.907012572789398, 2.8029273921629283, 5.3757367671089185, 0.36418344866842745, 1.0182492229648687, 3.0779636405262067, 1.7999958059103847, 9.018047956192419, 23.115649699460562, 0.10311156996107229, 18.464506498670545, 0.2606644867908585, 0.19593758660801086, 7.562599972573963, 0.835944453358735, 20.218036149653244, 5.156639933133931, 7.607263095202086, 1.2441222417741074, 3.276938688572841, 1.41473662034727, 1.2702127689037184, 2.975563167226994, 4.731750266454043, 8.11908589548176, 2.1821720877226625, 10.951884735010665, 3.5624124596777733, 1.2797624113017037, 5.38632846695873, 0.7107625601290692, 3.1152320714302846, 2.3538562356082195, 1.4724731941228697, 2.7173965311186237, 0.9299982570277621, 1.6045816955129908, 0.7458369670468556, 3.0258315750494944, 3.2556509402753306, 1.5415009844683567, 2.1537689362554744, 0.9650754026766464, 4.561794307733322, 6.876319758160108, 7.197660798149201, 9.53028542179085, 3.0045047622757863, 1.2268680949812563, 1.2268001849567156, 0.850397866572095, 4.41902323866492, 0.9350785069484715, 4.446005555921005, 2.97375782378667, 0.5947560477350606, 0.5691886950420013, 0.12726382964233096, 1.995378933044904, 2.4762892592179355, 0.40027720906857667, 6.087337661812711, 3.1573247352324216, 0.6811903777273187, 0.20631442434927294, 0.05000723405223084, 1.6215791094017504, 3.0031086947006003, 1.2599946113967349, 0.9505151540330417, 0.7368881977383523, 4.783184415005941, 0.7221525498448926, 7.410129911361594, 0.7226722705966324, 0.13038628444661526, 1.8219702500514785, 0.816854178831079, 1.8370500558479534, 5.117810693962255, 7.095331569886966, 16.279671470690786, 4.521779966916171, 7.698548583882001, 2.1136452469987432, 1.1513431738253246, 1.759610916055891, 0.3173817243940391, 1.2110723275509656, 1.2954400806642639, 4.276771695042811, 4.5010249038666075, 13.372763549837941, 4.540712918566783, 3.2281577202701612, 0.6244751708288447, 2.176425118085149, 0.6451125795476287, 14.909930654673644, 3.2514085355454085, 1.2350736189039253, 7.06673317576093, 22.988611479319047, 10.278488541488429, 26.904419277642404, 37.263927928660536, 16.300670166927546, 12.041685974058055, 0.7071747625375906, 1.4227796733738955, 6.260294578796561, 0.8873891026743763, 3.1787215827571345, 1.148720337975078, 3.5472476418281076, 7.542112154742682, 5.807353944497834, 3.3392848834897393, 8.92131757816287, 3.035676497474924, 9.008541854166651, 6.931967635358177, 6.337322052388686, 8.230516737529626, 1.5006633875810849, 0.9302222760860275, 2.1217706907456773, 1.644036074940459, 5.588175542729687, 19.877502090955375, 4.490919733673763, 8.926187173980395, 0.672743888299209, 0.49140768109981536, 7.631958545626389, 7.546299327469853, 14.201189036715618, 4.346399309688422, 12.214007265267185, 20.778786353737672, 1.8274444342244465, 21.608889683878544, 37.8107116288393, 0.24103144943086363, 10.831867110267353, 10.190321495725584, 14.742819606643423, 1.442676291033706, 2.095980293652474, 0.4005238891701879, 9.38213228273304, 0.0785007338656385, 4.236871378477161, 8.358710862499635, 8.701005372849878, 2.813407882529116, 0.0, 0.0, 0.0, 0.0, 0.0, 0.0, 0.0, 0.0, 0.0, 0.0, 0.0, 0.0, 0.0, 0.0, 0.0, 0.0, 0.0, 0.0, 0.0, 0.0, 0.0, 0.0, 0.0, 0.0, 0.0, 0.0, 0.0, 0.0, 0.0, 0.0, 0.0, 0.0, 0.0, 0.0, 0.0, 0.0, 0.0, 0.0, 0.0, 0.0, 0.0, 0.0, 0.0, 0.0, 0.0, 0.0, 0.0, 0.0, 0.0, 0.0, 0.0, 0.0, 0.0, 0.0, 0.0, 0.0, 0.0, 0.0, 0.0, 0.0, 0.0, 0.0, 0.0, 0.0, 0.0, 0.0, 1.3963955429962702, 4.251681385892894, 5.467743775060583, 9.532302698277505, 5.632615767607746, 1.2178509299288294, 13.793024706253163, 24.327014225862683, 2.547391325893443, 1.1230994952670983, 9.707088609576886, 4.820536357745141, 8.091113506723417, 2.8425882373564377, 0.39891343088567055, 14.566968502470104, 4.273736562617131, 2.0886985200456536, 5.750374657289697, 2.54187277156079, 6.172717069398885, 7.755917227712445, 0.42212459480438724, 0.5681445957878992, 7.095798562876183, 11.20817767449131, 10.687641422227387, 25.715359213177777, 15.90025252414489, 10.183159286220558, 22.279463122715796, 0.009092397425945364, 2.760492364026021, 1.6156783999206539, 0.5080690090682083, 0.15567347376764928, 4.560152233024638, 2.406970902126403, 1.162640474296012, 7.1947513300297175, 4.25168138589293, 0.0, 0.0, 0.0, 0.0, 0.0, 0.0, 0.0, 0.0, 0.0, 0.0, 0.0, 0.0, 0.0, 0.0, 0.0, 0.0, 0.0, 0.0, 0.0, 0.0, 0.0, 0.0, 0.0, 0.0, 0.0, 0.0, 0.0, 0.0, 0.0, 0.0, 0.0, 0.0, 0.0, 0.0, 0.0, 0.0, 0.0, 0.0, 0.0, 0.0, 7.194751330029732, 11.786886413583147, 3.6369645820638254, 10.079780618435962, 11.048357598252053, 4.746376962018672, 3.224438315903299, 0.11020634299467247, 5.396491212882282, 4.538932682675608, 0.1655414625087701, 2.8876900975708963, 31.143374068838227, 13.741837386961521, 53.4924439800194, 37.98283667081438, 2.837427012829579, 30.084286629870775, 4.538436733985975, 3.8679530474110777, 1.9712835374685085, 2.5382236984955853, 16.15093000987966, 8.608359186434456, -5.684341886080802e-14, 0.41712834156049894, 10.081950989311636, 1.5845340042324807, 11.791702070549363, 5.322566652893158, 4.081886251451635, 1.2480101474021694, 7.2562876804700664, 0.0443383427412698, 9.304965039408273, 11.17343671637758, 12.285580019351386, 3.742855100827285, 3.5831298809865473, 0.07995506987376189, 10.697100150268483, 0.5041017110924741, 13.068663757648864, 5.116169952884121, 4.069412358590654, 1.9975819066677332, 0.6164648648446871, 1.20284391044558, 7.635283493963271, 4.1723233375392965, 1.3932373851159525, 7.083267554298374, 1.5282831584698613, 12.883439325159898, 7.755929168512992, 9.288127002707625, 10.248329409927273, 7.86473966434167, 8.813352844537462, 2.8142974483009198, 1.3848030820919632, 3.338512439001022, 11.710925181949335, 8.550475653993459, 1.1048917541545649, 0.32037389489295265, 5.720473340703251, 0.5903000428303216, 1.050510671445494, 1.029182573702741, 5.256813835985525, 2.271050431730629, 4.316113266005914, 11.786886413583204, 4.251681385892915, 0.0, 0.0, 0.0, 0.0, 0.0, 0.0, 0.0, 0.0, 0.0, 1.393083278305097, 2.813202280513451, 5.92386884192593, 4.373672173950794, 6.78021949189521, 6.279874359626632, 0.27014106835846974, 0.27014106835846974, 0.573242060045672, 0.27014106835847684, 3.4584221660134062, 1.5262794295596507, 3.081292730257921, 0.16010717298260602, 3.1013966754124382, 0.24405999982658955, 1.7976096491117062, 4.014672371612221, 4.0305971032860555, 0.8771254499921639, 7.1902683272561205, 2.813202280513451, 0.0, 0.0, 0.0, 0.0, 0.0, 0.0, 0.0, 0.0, 0.0, 0.0, 0.0, 0.0, 0.0, 0.0, 0.0, 0.0, 0.0, 0.0, 0.0, 0.0, 0.0, 0.0, 0.0, 0.0, 0.0, 0.0, 0.0, 0.0, 0.0, 0.0, 0.0, 0.0, 0.0, 0.0, 0.0, 0.0, 0.0, 0.0, 0.0, 0.0, 0.0, 0.0, 0.0, 0.0, 0.0, 0.0, 0.0, 0.0, 0.0, 0.0, 0.0, 0.0, 0.0, 0.0, 0.0, 0.0, 0.0, 0.0, 0.0, 0.0, 0.0, 0.0, 0.0, 0.0, 0.0, 0.0, 0.0, 0.0, 0.0, 0.0, 0.0, 0.0, 0.0, 0.0, 0.0, 0.0, 0.0, 0.0, 0.0, 0.0, 0.0, 0.0, 0.0, 4.2516813858929225, 7.194751330029689, 5.387141391676863, 0.8643592644243654, 10.43464612638374, 7.619969415590816, 4.213047380637477, 6.918427980152046, 3.5806321377688874, 0.9989769566613234, 3.1609073385132263, 0.5827145384293146, 3.271440045672179, 6.372215323582012, 4.887667477436054, 0.6533418197183778, 2.914490018913199, 1.3080875751120686, 1.7650627999191215, 1.8952891532715341, 5.542991582320695, 7.440286273666345, 3.588823355065415, 4.689564337755293, 0.7682528772296564, 4.220253162732988, 0.567338645959012, 4.118853068743704, 4.540840229232288, 4.9849152476754455, 5.1029861606997144, 18.130744677311952, 10.826741486399357, 0.564459905129965, 5.674356197747258, 13.12396128246354, 0.6544070114451017, 3.806480651145705, 11.446856293924355, 50.13169105537921, 17.028714676478955, 3.2117217288119946, 0.6383428345299649, 0.036702031974016336, 0.5189486758145279, 1.3149264369550906, 11.397283692104992, 0.14735343190764638, 0.38747864091851625, 5.424000800599515, 3.905913797610509, 13.38828566123044, 4.692114654532475, 3.243221742798397, 13.715116586563425, 2.301155234292281, 0.4937766439013984, 4.261719863291447, 7.2678149760864414, 2.5441482070060886, 10.975258132721137, 5.623337920008055, 16.147702738602362, 1.611664122731412, 0.6839063951410225, 6.296588953853984, 13.526939607061365, 5.39915844709077, 0.820807134010181, 15.55346068925212, 6.042996386775371, 1.0320679550288219, 26.15729677268058, 10.128146016737162, 1.9850051330010388, 14.214038024064422, 18.765513011066645, 2.1346649268242004, 8.721379073360907, 4.636836330545975, 6.485998627735228, 1.594966503562702, 14.0792448287946, 11.147773666260747, 1.0539330576008865, 8.563958564108304, 8.704905258551207, 7.2028385683682075, 0.25595124652207346, 7.86925544813181, 2.0009997525115466, 8.337656252255158, 14.976352324471023, 4.251681385892894, 0.0, 0.0, 0.0, 0.0, 0.0, 0.0, 0.0, 0.0, 0.0, 0.0, 0.0, 0.0, 0.0, 0.0, 0.0, 0.0, 0.0, 0.0, 0.0, 0.0, 0.0, 0.0, 0.0, 0.0, 0.0, 0.0, 0.0, 0.0, 0.0, 0.0, 4.25168138589293, 5.711892369975914, 2.827433992558923, 1.2825494628074807, 5.09813800647251, 3.2380234990541226, 1.9890210081865263, 1.5633732453437688, 5.249096892029314, 4.3406095722039595, 2.203927553487773, 0.5029536151151888, 4.96448963834149, 0.990080981790868, 3.5495684732738937, 1.9163045706758908, 3.1736724958493596, 1.7373643126229297, 9.998511091114295, 0.9297809535710257, 5.661122898709607, 4.286158132138482, 1.153387531108109, 10.761678006947506, 17.22302981685712, 7.641815118797297, 2.4988547279418185, 6.358147372546341, 1.5975723869186425, 18.806451565793225, 14.592744755427844, 5.4429823622776325, 14.968675691460305, 3.1862828648618233, 13.497569685287374, 4.202513354270934, 2.376046016721176, 0.8577484420457608, 2.468924382039802, 0.3072467888436847, 2.9186239303660955, 1.6029074661844902, 1.2017977812988931, 5.2953581587738086, 1.8298845844030325, 2.666906192902843, 5.256269863078046, 0.7228398978357973, 1.737479334761531, 3.750790856715696, 4.08318383066586, 0.1966849666532937, 0.08941121949885655, 1.0027326793465932, 14.467359337531832, 8.680484248320852, 15.456174316147013, 18.96994447766852, 3.344088570936151, 0.2749904228661251, 0.15740212428335099, 9.4591488239422, 8.316901023958678, 2.8215901359607756, 3.865971460451746, 6.630250620025095, 1.5569993587743909, 1.9325667273855913, 3.8847924570145977, -1.4210854715202004e-14, 1.0873662999729277, 1.0391070325403646, 0.299250599412062, 2.338551078493097, 3.1010681653621788, 1.7810180979810752, 3.1646450966624684, 7.032337377527497, 7.743230150544477, 4.251681385892894, 2.813202280513451, 7.194751330029689, 11.786886413583204, 3.6780903369120495, 1.5711800859031086, 4.404917129885092, 5.51102398737585, 7.174771706692212, 10.898627218173758, 4.154107585542903, 10.001877135523372, 5.402973505787557, 0.1311706629194589, 5.36414499979972, 0.785018029678568, 3.2767034933777524, 5.071797771748805, 10.00252568266228, 0.5002089024040544, 3.526621567575603, 5.09799568248016, 9.08408141777835, 3.1398674890542964, 7.69778523131879, 6.550635138190472, 9.359357226168669, 3.1152724026315184, 0.4525965251082198, 4.109986947945373, 6.717591473172689, 4.894228202688026, 29.283988936683215, 3.0074200386256393, 17.44792138841767, 1.2797851868506598, 6.795406076150755, 1.6328623965943052, 5.999225985963392, 0.5009245835365164, 7.826347412741939, 6.849877614405273, 10.637451274041624, 8.956832499788, 0.0, 1.6766004423936494, 3.7307605587843113, 3.9757754747546983, 2.442848473918218, 1.0725336390154894, 3.7961145478640788, 0.24591132468941623, 0.17994577431473147, 4.458930200119227, 12.93944841972666, 3.6878750317915348, 3.278336839650038, 2.3824148063636272, 4.3111376697588355, 1.4016004804593365, 8.04858960881242, 5.814047374258934, 0.751417242121903, 2.2691144682196978, 5.729850416290105, 1.1536017860669574, 3.2466455817071846, 2.8638441441482314, 0.44326036772207544, 7.251705459946493, 3.6622719590305195, 1.459369268818378, 1.4421005465940624, 3.4601864117900334, 2.740963834108584, 5.0325511828038, 3.1777762184484146, 6.903512994955662, 9.215814729275735, 15.379581970316025, 11.485774819402195, 4.343013478652708, 10.612678984108825, 2.4829947898147395, 0.17437424360025489, 1.8148274145162304, 6.3561851836910535, 3.487139388255372, 0.25744495300369863, 0.08103017922346112, 11.07262411231656, 1.9830968890776433, 12.301312613347491, 0.1428231352970215, 5.709116384320851, 4.553882715953506, 2.4094001077937435, 7.618012411560642, 10.366181442180647, 7.194751330029703, 1.396395542996256, 0.0, 0.0, 0.0, 4.251681385892958, 8.701005372849963, 7.4343226145124675, 1.179774234498126, 0.9302600304247903, 2.8012609482986193, 4.954469425074251, 4.0789573289122245, 19.99509059672161, 0.42203499375438014, 7.858553449816242, 3.5225115702518224, 5.218763207259258, 0.3067792380197716, 6.126462576917305, 2.0196538824090737, 0.2635630991969151, 6.078894896795418, 0.5554807682239016, 21.048175538229486, 15.618401230188567, 9.780344628930322, 8.400316814068901, 23.31858070010972, 9.994916238234651, 11.755006559380718, 8.985730949715332, 0.3234223410127868, 5.308274657604045, 2.3216582581499665, 0.04400980342376215, 3.5582957274628484, 10.976805149818944, 1.5629846616200211, 10.530636479473543, 1.5957647431891928, 3.7240383503305168, 0.9299205880510044, 3.5226145540754743, 2.54260033935293, 1.9395037184512773, 0.5305327171382146, 2.7857718034261154, 3.8202317631293568, 3.559939428401151, 1.269582852818985, 5.697014300864879, 0.8926291604354333, 4.276457433983268, 2.539845993812577, 5.425606892368904, 1.3560067351918974, 8.701005372849949, 42.35521016422108, 8.698419834249343, 1.4445238787914008, 0.7935111312791463, 1.0436140104770857, 1.7655178581734106, 1.0436140104770857, 1.2960826846528875, 1.6404674590202006, 1.3618494166085995, 2.054786514133056, 0.21630693222684272, 1.399776738746482, 38.27544642632989, 25.021630449274056, 6.138908886311185, 7.30729440546466, 5.283211933133913, 10.26305896372287, 1.832760506026915, 1.3349056569645654, 6.027873269815828, 20.503684051209532, 3.6712380648963574, 16.842991274806252, 2.2459203475050913, 8.784728868202805, 0.7390209390518407, 8.478580900913443, 2.981349477732522, 12.936897208589329, 10.895447157667917, 4.103489477878469, 0.4336165912866363, 1.8481447172305536, 9.098574329406176, 14.04005731238945, 1.5331544296145978, 3.668492752165321, 1.1200257964421212, 0.514324672463232, 1.3533485911940204, 4.1975813481724344, 4.059011673791133, 0.8026022313660803, 17.608164768340373, 5.182229456610457, 20.50664813623854, 1.608274495974058, 3.8542290725978887, 9.43850494443646, 2.75329750413502, 22.72617441333378, 5.710670462430585, 22.65584411911368, 4.307525038304277, 4.111821106642537, 0.9006478768162083, 3.501958575968274, 8.452385634804045, 1.09134897839607, 3.0820016402840196, 1.142481388436039, 8.195126005942996, 5.5145589478538, 0.027585676417771765, 1.5233170408238266, 0.5450449387959964, 3.5432124596681263, 7.325653814635842, 0.8884789584250115, 13.867781435925195, 25.66863623740113, 3.676412016787282, 19.166612851883627, 17.92039680541859, 2.2376601494095496, 0.8109280046427187, 0.4906450176484043, 1.79906225251149, 9.725460889996825, 0.845948357822067, 1.0763622870481129, 10.604613967680507, 14.722498093063834, 2.000050604475547, 2.666820399445484, 0.2118814735772503, 2.022198603100307, 2.14350386942899, 0.803644941398364, 1.7538865732628004, 1.7538865732628004, 1.7538865732627968, 3.069357349008822, 1.0658141036401503e-14, 2.799618870679435, 1.0658141036401503e-14, 1.393083278305097, 1.3930832783051006, 1.3930832783051006, 0.0, 0.0, 0.0, 0.0, 0.0, 0.0, 0.0, 0.0, 0.0, 0.0, 2.8134078825291304, 5.711892369975793, 1.4713273444026669, 3.578338852544988, 0.7030658952090079, 4.434346541254882, 2.268000899677105, 0.05982705658038867, 1.431379550814114, 10.231440877944465, 5.711892369975857, 0.0, 0.0, 0.0, 0.0, 0.0, 0.0, 0.0, 0.0, 0.0, 0.0, 0.0, 0.0, 0.0, 0.0, 0.0, 0.0, 0.0, 0.0, 0.0, 0.0, 0.0, 0.0, 0.0, 0.0, 0.0, 0.0, 0.0, 0.0, 0.0, 0.0, 0.0, 0.0, 1.3963955429959594, 5.711892369975864, 5.113324535676597, 2.6099660053232583, 0.06901051284987147, 1.9792430417663098, 3.046996106673703, 0.8953631359145078, 6.148759251361241, 1.3482184663985493, 15.795876175617792, 17.037153281638382, 4.649826782631521, 4.007367059032106, 3.867953047411021, 3.42378180649996, 1.2764524191381383, 6.381495401586335, 2.186549174790855, 4.162430199176157, 0.8049596551247191, 8.628744442213133, 2.2297913011855144, 9.677308361802318, 2.026091683232835, 2.5652319144875833, 1.309672310105917, 2.1054839194996404, 5.025322371730169, 1.0269186258803984, 0.5754955420417929, 6.841965750192429, 1.9489093677221945, 4.573657730904358, 1.3481557695978381, 5.7502349208106125, 9.492618079064187, 1.8400051729787492, 0.0, 6.436110564978833, 1.3120046082135843, 11.365968646929133, 15.944804839408903, 1.9062366103357533, 9.90048683104601, 5.7118923699758355, 2.813407882527734, 0.0, 0.0, 0.0, 0.0, 0.0, 0.0, 0.0, 0.0, 0.0, 0.0, 0.0, 0.0, 0.0, 0.0, 5.711892369975828, 8.701005372849906, 2.0858265595001484, 6.353252612620139, 0.9026833440992732, 8.878733305730151, 6.9441233343505075, 6.890993488496832, 9.230965132088329, 1.7960211891983704, 3.940057257533141, 1.0447239911698887, 1.009153112708617, 2.467744405064252, 1.5144800299998735, 0.2591530568388123, 3.25311438744761, 1.2516766868164666, 0.09556692342526674, 13.504862210992485, 11.685910988453017, 1.6413825655657632, 3.4421716541499876, 7.595191448206776, 7.194751330029661, 1.3930832783051041, 0.0, 0.0, 0.0, 0.0, 0.0, 0.0, 0.0, 0.0, 0.0, 0.0, 0.0, 0.0, 0.0, 0.0, 0.0, 0.0, 0.0, 0.0, 0.0, 0.0, 0.0, 0.0, 0.0, 0.0, 0.0, 0.0, 0.0, 0.0, 0.0, 0.0, 0.0, 2.8134073747845, 7.190268327256128, 5.851855553253031, 0.38401274223153337, 5.299128734147089, 4.376087904456099, 1.24373038882176, 0.5338541522656328, 3.6795230269177353, 0.9697217404866194, 5.142968163691819, 3.8395285773530077, 0.6843510828421699, 1.7336070958534293, 3.2865780624304364, 3.724264437788257, 2.4034616093692023, 2.14350386942899, 3.9416931465901115, 0.5947560477350464, 0.6021558734878596, 0.2805245158883025, 2.8472030501790897, 1.5703039306273041, 1.5159092005802535, 0.7236095364110895, 0.8036449413983675, 2.8793067054805803, 3.9246970529679075, 0.21862778444199193, 0.21862778444199193, 5.286708041087323, 3.5202177078354, 1.2609302567308305, 4.602657910661151, 6.562565880498127, 0.8930383949059433, 3.302168238758938, 0.9272004958758089, 5.404864462584555, 0.4893446129498784, 1.7413662821731748, 4.875114136174062, 4.744217053595946, 1.5683832982271042, 10.163905093988092, 0.9858900689525001, 3.6427855698172493, 3.80287822496652, 0.8417577348370742, 6.257229009103256, 0.5208233695125557, 3.4017318847783855, 3.9954136136678926, 1.8431803383262206, 0.6622975260322903, 2.2906256167880485, 8.684109110608858, 4.400103402737017, 3.195253289714543, 2.7438479132844407, 2.039205416620746, 0.41818023288121253, 3.5562087170259815, 2.212116500528623, 0.7570320656286071, 9.251208841968406, 0.4471583741599545, 12.833700315229606, 2.0564346423763027, 3.2660678291638305, 1.0359697328945288, 8.398060240270325, 0.4204160952118059, 4.193774185930991, 2.6800190476345733, 0.6695730235183817, 1.5968800161883507, 0.6550107816482864, 7.635283493963328, 1.3532930407041306, 2.416659412338433, 7.945756996571987, 9.932506393491195, 5.175500688592223, 7.306598912163935, 3.6237847097276017, 0.66901533212571, 3.792946657818675, 6.279172846181353, 9.649429752239598, 2.3146826336978705, 1.5563709090133102, 7.6036571703373, 1.6752989211096576, 7.150828559654741, 2.1461007349730323, 3.1602426067549914, 1.7457029075913226, 3.7499555085912846, 7.461652244414893, 2.4677444050642237, 13.178087574489894, 10.674245373587098, 3.601020916733546, 6.048750809137459, 0.7038431326047601, 1.4830696367170617, 4.327138693871234, 1.508000583952537, 3.754546718428685, 0.0017316755099443526, 8.663688093472103, 5.871106850985882, 2.1430848371012985, 2.098427361917146, 7.880948606297636, 1.7035239956307464, 7.624916130845463, 8.70100537284987, 2.8134078825291127, 0.0, 0.0, 0.0, 0.0, 0.0, 0.0, 0.0, 0.0, 0.0, 0.0, 0.0, 0.0, 0.0, 0.0, 0.0, 0.0, 0.0, 0.0, 0.0, 0.0, 0.0, 0.0, 0.0, 0.0, 0.0, 0.0, 0.0, 0.0, 0.0, 0.0, 0.0, 0.0, 0.0, 0.0, 0.0, 0.0, 0.0, 0.0, 0.0, 0.0, 0.0, 0.0, 0.0, 0.0, 4.2516813858929225, 5.711892369975786, 0.5945255358956274, 1.986120229629904, 1.8927830391677958, 5.428599336961639, 0.36966340770226225, 0.3292527260307736, 1.2658809277643286, 1.350103346230867, 0.42108951747366064, 4.639107267489521, 1.7671269593272427, 1.8424101822755574, 3.3993058489191696, 1.0409108689645308, 3.6433159808323694, 0.0016980744111378954, 2.782592630060577, 3.430249470346155, 2.1478318381877557, 11.476826611963105, 2.06405926691599, 2.765709850668145, 11.843596178487815, 2.4588776656975995, 3.1794182043785497, 0.39824689878642516, 1.1212306370007354, 2.5722006158858903, 1.226533677677935, 3.825373998499998, 4.35171558607874, 1.8819924085252353, 1.0934078776907086, 4.502644521639581, 0.6257584063237118, 0.2012672146138499, 5.438439334697847, 2.6271709720503225, 5.438439334697961, 0.11604021098133899, 2.7858022752508873, 9.382825194668982, 14.254224427055647, 13.771751732975815, 26.740136913103953, 2.5683586144604647, 3.508709966705709, 14.827411411524565, 5.227313361817977, 2.303545740706113, 6.715501170891088, 3.1402395284823967, 7.766492533137821, 6.507329190134442, 17.174498757713224, 4.500323238108791, 9.688237283223032, 9.89498618644538, 4.950390008792056, 7.194751330029689, 3.2340121263977437, 11.786886413583218, 4.110206277730228, 10.945259234234882, 0.7256282446574858, 1.7840220335087693, 0.5691496268478602, 1.5152499884078026, 3.784686604349673, 10.57533585714043, 1.674057230708172, 19.98986482776472, 4.251681385892972, 1.3930832783051041, 0.0, 0.0, 0.0, 0.0, 0.0, 0.0, 0.0, 0.0, 0.0, 0.0, 0.0, 0.0, 0.0, 0.0, 0.0, 0.0, 0.0, 0.0, 0.0, 5.711892369975821, 10.231440877944351, 1.783709361558607, 0.16854120789815852, 4.582289843180092, 0.8578700000856543, 12.581867555385713, 3.5434590263948564, 0.9779795861756497, 1.1197620257491678, 4.910846979093236, 8.552807932874686, 0.37255778790313343, 5.187692643172255, 0.9882668128753807, 4.699224613761174, 5.441910436107065, 1.3066323712917267, 0.41015198114561713, 0.8173804576596808, 1.674140860217392, 3.104436948790635, 4.033174179066236, 0.4609217029517936, 5.410668254825211, 2.9459005314725033, 0.15538374685003475, 1.4407073078100865, 1.3804321944985247, 3.2147510127917656, 5.434838303934839, 2.2323045575162723, 10.59078995924186, 4.065195832466827, 4.470057105148101, 0.35010753456284505, 4.251681385892873, 1.9872836585197433, 5.711892369975807, 3.7796639746965184, 5.2464953659331, 31.509670302656133, 33.958445029529685, 12.954753530445629, 13.93628129043762, 8.44482700684955, 2.9307041348525615, 8.129658001978811, 2.7584544215013125, 7.810276416411284, 0.7456881696317339, 20.161996626498535, 12.928329343845263, 2.088776574902056, 0.7464908683596434, 18.590289871100993, 14.226332862630755, 1.0219940610893303, 6.272394278228447, 1.6680893302476392, 2.044609084694372, 4.3754987841307695, 7.05474650811351, 2.8174561057696224, 16.297014056213385, 14.114195271302691, 1.7583372601891654, 0.8986783295641203, 5.711892369975807, 4.251681385892915, 0.0, 0.0, 0.0, 0.0, 0.0, 0.0, 0.0, 0.0, 0.0, 7.194751330029575, 13.368215938490238, 9.091347503880883, 1.1130170103339765, 0.09514667038678226, 13.361561939499381, 0.9383859195631601, 5.896521488807309, 2.168146839942608, 4.5315310171213525, 0.49555085187776626, 7.71877125908992, 4.664868845311901, 10.117654002017758, 22.974666951303476, 4.257496207109796, 0.28976009522676804, 4.3281914886546815, 8.572096984070868, 37.9343507604043, 0.17303991054149037, 15.27859767401793, 2.804977377940361, 3.2465633346076856, 0.7641846337472771, 0.08893029610896974, 9.115704618684617, 5.9717391370596715, 1.9126693791575775, 12.878553480228959, 7.831595150220437, 10.98869006931207, 3.567320292628068, 1.3497100671349926, 7.009724404145146, 9.850185430770352, 4.742323536874764, 17.123114180598293, 5.957456901021999, 6.352446779132094, 1.4425548800373065, 2.9856685594265002, 1.2913418190789656, 2.8702248372264023, 7.427305958302213, 2.2024382995572864, 3.1202060894888604, 2.4034616093692094, 2.916335437681248, 3.430041956437016, 2.9163354376812407, 5.711892269824148, 1.3930832783051041, 4.21937289094371, 5.652044310377441, 0.41599432879043974, 1.6920894319252398, 0.858173869484574, 1.1642753093520497, 0.13247930117253048, 2.022198603100314, 1.4716129998445098, 1.747814848004026, 3.0772323616251214, 5.124456028173526, 1.214448698355639, 0.7218706750978114, 0.25305001764505164, 0.23717752266318115, 2.0216848513363175, 2.8396463488788157, 3.581902172601943, 3.216794599539327, 0.255051490623174, 0.2118814735772503, 0.7278498458618685, 0.5488238173381887, 0.9691481361661687, 0.5488238173381887, 4.33790711472281, 2.3697243288526977, 7.169494680879282, 4.219372890943728, 1.393083278305097, 5.711892369975885, 8.604767707952846, 0.3339697610201142, 0.8417876315191393, 0.13717339195594036, 8.586356617716646, 5.103714566512977, 2.3032346683877876, 1.8607569930825463, 2.720231792702279, 4.486935019802388, 2.8396463488788584, 1.2921558672515232, 7.5673783548460705, 3.558026989588768, 0.7779900384373946, 0.6548840039063037, 0.728721331878802, 1.1391689875234334, 4.889027732724969, 4.989935821240238, 1.0514135786250165, 10.444922007293528, 2.283896275703384, 3.447321508224661, 0.6825973825587397, 15.20725404153032, 8.73712663971611, 1.2512022504472782, 1.2806063655245907, 16.914687470128257, 6.763785644036176, 18.972369614430676, 38.360893315548, 4.2126118388206635, 0.4537343632708257, 9.490614669542907, 11.066406644221416, 4.083653091036865, 6.717821260979605, 8.283528623699866, 6.128542712238271, 2.387191690370557, 1.9273757684076998, 1.7456183880723728, 3.7339703794338845, 2.5899625924670673, 3.5106311199667317, 7.750543187793468, 2.152993022834778, 0.744877922658759, 0.5649295548056443, 2.463278764259144, 3.19396274112011, 0.301940102168075, 4.510345225132397, 4.141033267090052, 2.766021005932231, 0.1549916334548982, 2.161319105100503, 7.116271407188563, 1.596665092620384, 4.533275074098285, 2.333840643208191, 1.1713892298556345, 0.1654009020760583, 1.0882192512599147, 2.919836467730846, 0.7411896189507701, 2.430916500823969, 0.9691481361661971, 5.161011680142046, 0.46815098575964953, 1.7166368573882735, 0.771517862177852, 6.415883665300797, 2.9749579400574504, 5.981713852935798, 5.335346612313941, 8.233288587042011, 3.712380023799142, 4.737394795872433, 5.16385027472171, 18.91039520744752, 15.231799258786111, 18.791041194397252, 18.814529006348778, 2.112142836735586, 1.1767613569359412, 0.15873599945537364, 1.7456183880723586, 1.8831005600217452, 4.657465309478255, 1.4421915112986596, 0.9847950934411358, 0.20057103291476608, 12.726467955695796, 2.309627022536972, 14.022482737973974, 1.3750918514227521, 5.243865199649008, 13.388221427689388, 10.692972429668743, 4.628600067571483, 2.316578923122819, 1.5855306877778617, 1.404351738312016, 0.8699459644133185, 6.703002755184258, 0.12192578273942445, 6.5625341075436125, 4.342161513653849, 16.286967665424967, 0.3475125555603995, 0.23906402222107204, 3.4445146688770762, 7.1947513300297175, 2.813407882529095, 0.0, 0.0, 0.0, 0.0, 0.0, 0.0, 0.0, 0.0, 0.0, 0.0, 0.0, 0.0, 0.0, 0.0, 0.0, 0.0, 4.251681385892887, 10.231440877944323, 3.560229482254158, 0.27907783729705216, 1.2879626112532776, 4.677208250388105, 7.798619667155037, 3.9463174671848265, 17.450715926562992, 1.1164789702699522, 6.1489415245260375, 10.231440877944493, 5.711892369975857, 0.0, 0.0, 0.0, 0.0, 0.0, 0.0, 0.0, 0.0, 0.0, 0.0, 0.0, 0.0, 0.0, 0.0, 0.0, 0.0, 0.0, 0.0, 5.711892369975864, 16.612271240595135, 7.198756754367622, 3.922981808087485, 11.338345719838372, 0.6252049453124755, 3.3630673235674067, 6.169208674227221, 5.542778168780302, 1.3647766628585174, 2.366232566127323, 0.24073292806224345, 1.1479152895698377, 2.3234765831780066, 0.5227038679344105, 7.519528299160669, 1.043110555975204, 1.900660065129614, 7.8769231097598436, 0.06486860086914703, 0.585104362606728, 0.23896506295625386, 0.8634044807392911, 4.03004067653967, 0.1286772913357197, 4.668693519715532, 1.2716956039016338, 1.900242391193359, 1.8334847398381555, 1.5010866076094658, 5.811654992591457, 0.6157018227934827, 6.232657529653892, 2.587168368034355, 14.752996121245786, 11.899287005715664, 21.263551233309826, 16.007553193164085, 5.582841096346698, 1.1530716650001978, 1.0768844214686055, 7.9381874157628545, 3.620746136685284, 3.5967394931313947, 0.9053842227126552, 6.899172022812877, 2.8116581306535977, 12.127479473085543, 8.936059607361926, 4.530726762915123, 0.4671841825236811, 4.985502075835171, 6.4540216941603035, 5.877514366252541, 14.108926575292543, 2.331096083024846, 9.984480934794533, 2.3313529690519204, 1.0470120612704648, 1.2286562705743052, 1.4292003889524807, 1.4744773976489682, 5.369462226478703, 13.19658186908427, 4.721356340245393, 14.77294140079863, 17.365983799147955, 14.825509533475696, 17.659830579553613, 17.71616938404759, 2.2266283859891303, 0.5174380609385025, 10.60211217933454, 10.726319166871576, 4.819172656762959, 1.190141765443684, 6.532886590078817, 5.364243122606581, 2.967313050455772, 3.118929876595544, 13.997021009396121, 7.913924922756195, 11.505176996054786, 10.7862532119143, 4.18059519887467, 6.157632420388495, 4.7588517025681085, 11.425364962871129, 1.7132245057662203, 0.8060371423126753, 4.9808779590635766, 5.761448127025801, 3.012674024295194, 3.885971089608887, 3.3247297127610693, 0.9311754431975316, 9.579917628898798, 0.10389346036853908, 6.072932699023127, 8.141327216869485, 0.08898719917596054, 8.141327216869485, 1.27131961836173, 0.8262694912124715, 2.2876173535109956, 2.2360905388933077, 2.552688012393446, 2.691903086222993, 11.778396701936089, 0.41714062373259253, 7.59411934662225, 0.1275353759890976, 1.05286399733518, 2.098755836928632, 1.582687718283097, 2.2723588564766715, 5.939435285762869, 12.353187934288911, 0.4755294773810874, 15.091260384884947, 18.063665114827046, 4.139571488326823, 1.3364913152399254, 0.5453109815759944, 3.9829883728589834, 1.904001372221785, 1.6668694198921798, 5.7118923699758355, 5.651980068081215, 4.25168138589288, 2.285033310566817, 0.44749229468749263, 1.4719896090735745, 0.581129016152687, 0.8446930942432829, 1.9245262075819767, 0.6008877509803057, 8.061127897141091, 9.946584817948178, 5.798052382765917, 4.753561944084595, 0.5066428464330528, 0.27739296777579625, 0.3339697610200716, 2.0990884464587225, 2.754614547698907, 4.821231998774152, 14.332665270488349, 31.98677241227017, 11.068463341706007, 32.40646079064072, 5.715056384919649, 20.94585239469751, 11.513708314368756, 18.556472156806677, 2.216928505522219, 2.9798702807214568, 4.635757425104941, 3.00944923848175, 3.98823473902695, 2.275278566501413, 2.6311856534935174, 4.742384074096208, 0.16146431858859955, 5.2169662378059485, 3.332969465418728, 5.635747164615168, 1.3186072076431685, 4.128693875985647, 0.7245407998286169, 8.93933328222883, 1.2669130696241382, 1.4343613318409325, 0.5091699104206953, 2.0240636418398026, 1.604131581504447, 17.895376841914043, 13.303676001597182, 7.156096010393384, 4.623156327509037, 6.721491580286937, 0.6487002594652154, 0.5356413175256023, 1.1900630618769554, 0.9149166314839903, 0.15672219498419793, 1.6513945663177196, 4.801240320436676, 7.092399746333257, 3.854949753153406, 3.561537899968471, 1.866472109067601, 0.04689990093518759, 1.4250753459044176, 0.17093955097408298, 1.2945256488589578, 3.1842862015466977, 1.4413616773728108, 10.229823350001524, 6.460604460456324, 22.97630297519038, 0.42909737689330996, 2.565551976478588, 5.761488964202698, 4.721204149218693, 5.955028551666516, 11.372684476662016, 0.7967820645420431, 8.677078399710581, 5.923418435900373, 3.2015945737919083, 5.638453611517036, 3.908767886005421, 2.382257241556516, 4.663946186518359, 0.23312560576826513, 7.039890776003233, 0.5075287161492668, 1.8958244319628648, 4.847307393799667, 6.215586868091293, 0.22856294836458346, 0.9555228239143219, 0.0597401182854469, 1.312781233534281, 1.2281990728733092, 0.13349255400461857, 2.3928837027434327, 6.47045895723636, 2.0788735844486155, 8.80131515983473, 8.553962489024116, 13.03057822997124, 2.9848561021996574, 5.462644187117618, 4.919209392334892, 7.194751330029703, 1.3963955429959665, 0.0, 0.0, 0.0, 0.0, 0.0, 0.0, 0.0, 0.0, 0.0, 0.0, 0.0, 0.0, 0.0, 0.0, 0.0, 0.0, 0.0, 0.0, 0.0, 0.0, 0.0, 0.0, 0.0, 0.0, 0.0, 0.0, 0.0, 0.0, 0.0, 0.0, 1.396395428533916, 5.711835616831522, 3.446983080039381, 5.752616166975741, 10.288854012143332, 6.243552343803401, 1.1016204033791297, 8.025320469196402, 1.1286292304028933, 2.4053408284745075, 4.164266835654871, 0.5385154415508282, 0.19503658891517262, 1.1846069611245866, 4.535975979261423, 1.1231550642285697, 5.933361897496809, 1.5993532175531726, 4.897535743952602, 4.15655125908782, 3.1233095485853397, 1.040351754001989, 3.351328902565456, 0.1779659570375145, 0.6878160774360538, 0.6358913775326016, 1.7709980625975845, 3.67839897393975, 3.1253805358026483, 7.62065308602817, 9.008077590475047, 1.111106274231794, 7.094675038166699, 3.151948895657071, 5.381721765806503, 0.22123015978851868, 2.024759856626389, 0.21574760478230814, 1.1452483676179952, 0.3878005783932963, 0.0248402796655256, 0.1454146396424676, 3.4922107818607913, 2.7690007587698346, 5.754010189913885, 1.7536714594311889, 3.61300402020629, 0.42044827420491515, 6.204253640631151, 0.9646980850426417, 8.679551833315998, 2.9553895614734813, 4.112144245383284, 0.7308342322037689, 4.90339221507643, 2.813407882529088, 1.3963955429962667, 5.710924054536385, 11.786539835378932, 1.282819923185187, 3.8821091041266413, 3.114275853952705, 7.028702967287046, 5.299154295040751, 0.20799652038014926, 5.9095105779021395, 10.246868669230054, 0.9914626668734172, 2.1794805783260927, 9.06375754571755, 0.5323551415723813, 3.4584221660133636, 1.6976006841158977, 1.59959435687243, 2.899001025302965, 1.945303059181839, 6.737867729062486, 1.3450509926334178, 4.799562082842357, 5.289197486352094, 13.53633855525402, 6.034270698209866, 0.7679510902794959, 5.607223361462246, 4.332910360150464, 3.1419871155272574, 13.829374590927003, 3.173899441328757, 3.668048675683366, 0.4976427242406203, 10.92783261223073, 15.700427921694313, 5.645411354493831, 7.3197954285819264, 3.394724821961887, 1.4016810541347695, 8.073334669307144, 5.199253902606088, 2.1790346921762733, 9.01443929954904, 3.822059738310344, 11.302538226729695, 1.2803343669641265, 26.030400642218353, 2.0064371686191578, 26.849724481664566, 2.407035330535706, 4.124899916487578, 0.13674005786353405, 8.30352466832926, 17.815056798242097, 1.0803078779804594, 13.375396924844637, 0.919237076393415, 0.8404665466090933, 3.919519730976475, 2.6543357299912884, 1.491872426889529, 1.3476751505901916, 5.166883797983331, 21.530498983891306, 0.9872145644589381, 20.846601514742915, 3.177041717547013, 10.83121470132673, 4.44641338281329, 6.806579608782982, 0.34720570074195223, 3.194535557741304, 2.2669604530292418, 1.716849157415453, 0.20579130178742844, 1.716849157415453, 1.8624234604027947, 9.353404644408215, 0.09198193307199176, 7.624019260324275, 1.405438372718237, 2.646951424302756, 0.5840184879023411, 3.948989344553354, 0.7819845079859249, 3.7539856716574036, 1.31363061228285, 0.638219840396772, 0.6757138199620272, 2.2703359825799936, 1.9687998468381522, 10.464764280571146, 0.23471558291747385, 1.0400249709322793, 2.2781825656778665, 6.56739524878833, 3.6698183151037256, 1.3394574652514137, 0.8000976929968147, 0.14665233626907082, 0.03888941086761122, 2.0436706649465606, 2.351940395144581, 2.572372389099911, 4.352249194742285, 3.2866059508193644, 1.6371082600765021, 5.431022708906767, 0.5691488838458412, 1.2891906241394082, 2.480010492018394, 2.4800104920183657, 3.2232001397426444, 2.9987332409646257, 20.270440177680683, 1.9099891490753862, 28.61887375822019, 16.69667235369903, 11.631473530022177, 4.783184415005962, 10.814821182909355, 2.5298267467025113, 2.595197601077018, 3.6009244013978616, 2.58931475346445, 1.431706045869106, 0.15409995741852356, 4.793631542950109, 1.1195792026819902, 0.10795523796365103, 10.310976873636264, 8.473192761490026, 8.425037006507324, 4.361999274758205, 0.7831769923653553, 7.194751330029575, 4.25168138589293, 0.0, 0.0, 0.0, 0.0, 0.0, 0.0, 0.0, 0.0, 0.0, 5.7118923699758, 13.36821593849038, 4.287224930353744, 0.7586351549043684, 1.6642609329133222, 2.123801060229596, 9.929888149256357, 6.94750095864589, 5.652295474360841, 19.70193116396436, 21.043374782209355, 1.7475571720630967, 8.07403719141442, 0.16389018005295952, 5.277879502940749, 10.338892111138847, 54.68995458402992, 0.3777560934376538, 1.9355322305474658, 0.394546510396907, 12.01349910818179, 5.748336501181967, 3.0054424629019536, 8.997817935448694, 6.225822725872916, 3.2473830131766874, 1.1367261376672673, 5.12259901311603, 5.2744056935046615, 4.893289757075422, 2.0714290552546686, 0.3128822980082191, 1.3133250338350706, 1.021131111929833, 14.802440886344783, 1.7776739349544073, 15.007279631550489, 2.4830689626454046, 11.264240669816758, 23.89969245783439, 13.832697438562263, 2.11579522875482, 19.16679952989992, 31.199518493471004, 4.141229818702385, 0.20669819616682616, 15.529938937193265, 5.805381829074179, 1.7309881002569512, 1.3051538716295283, 0.9479440435035826, 6.493753745097905, 0.3390325997517323, 0.5356150777049322, 2.5890047513453567, 0.13764898661307257, 11.309148398691121, 0.4715937498052085, 35.52447137136954, 17.666902549943273, 8.85527319347932, 16.743505820999673, 1.1806675303148495, 1.8917383662952147, 2.224403590381627, 0.8050186924394893, 0.9063144622309665, 15.06359178174992, 7.194751330029646, 1.3963955429962525, 0.0, 0.0, 0.0, 0.0, 0.0, 0.0, 0.0, 0.0, 0.0, 0.0, 0.0, 0.0, 0.0, 0.0, 0.0, 0.0, 0.0, 0.0, 0.0, 0.0, 1.393083278305097, 2.799618870679435, 4.527193549945707, 7.969952953415913, 0.02236361161737932, 3.42344290121018, 4.801226388014456, 6.1597105682491815, 0.40488936143226795, 1.9452991839041402, 6.425489172580498, 0.03215913667909831, 4.6505811443886955, 3.66641198531606, 0.12473056138995275, 8.340188784231145, 2.3166687636924905, 4.51277583573895, 2.3927498415031323, 1.415162808921707, 3.254218337159415, 3.570494137905996, 0.44793655740099325, 5.75529067019481, 4.603929960792442, 1.134489962519865, 6.491632150613469, 10.78134085711767, 4.281469166693327, 4.588360966851553, 3.6775858846535527, 9.707725029519949, 5.123927122404581, 10.089347637785835, 16.976531036107644, 2.88205259631539, 1.2014334169995777, 0.4484358834910438, 3.0684374142145714, 1.0447239911699455, 0.12405519257237074, 11.659571496467947, 13.196164721306445, 4.965034574660422, 2.9991260840777727, 6.58408228850999, 3.2829485814539225, 1.906907661428761, 3.988724038530762, 6.153699836610983, 12.565122059404999, 1.8975711096573207, 5.018859903369403, 0.18264583269275647, 2.084538153089781, 0.07244582017774803, 0.3906507335319418, 2.054192512673623, 0.7049578776081091, 1.385404158596529, 4.820925210743255, 6.936322512503779, 1.5159092005802606, 0.0, 0.27014106835846974, 0.27014106835848395, 0.5732420600456649, -2.1316282072803006e-14, 0.573242060045672, 4.249076076106412, 0.7236095364110824, 7.194746924746077, 5.375666039358244, 1.7655178581733821, 1.3080399053315261, 0.7218706750978328, 1.7166368573882878, 0.7218706750978328, 3.430041956437016, 5.701403124147376, 6.956653034392815, 2.7143112903405324, 1.633589582099745, 2.6393271935384064, 3.143402679901101, 0.4117756316391876, 24.82911484103576, 11.158859032400898, 1.0436870217135663, 0.9358897545133686, 3.7877233175331355, 17.681558630879607, 15.988732609814548, 2.4142053825301844, 10.261318886511816, 0.07848111466989849, 6.316617146547912, 2.3901423553741097, 3.474912372334117, 5.451934303074495, 0.4034068796910617, 1.5634673099577014, 2.974912210728135, 0.6835319573698087, 0.7429205809438173, 0.2401373801631621, 0.15302310967162214, 2.052273490554441, 0.8049178390232044, 1.651355569165304, 5.830789476401861, 11.414400850691493, 4.247281997360361, 4.251681385892937, 1.3963955429962613, 0.0, 0.0, 0.0, 0.0, 0.0, 0.0, 0.0, 0.0, 0.0, 0.0, 0.0, 0.0, 0.0, 0.0, 0.0, 0.0, 0.0, 1.3963955429962631, 2.8134078825290842, 4.781675734823509, 10.415315968752424, 0.9579709241305068, 20.983980879156235, 1.5082615566823847, 28.148831884719783, 14.819590817463649, 3.8718751744214046, 22.114414403701915, 4.619914016584005, 4.986099949170693, 21.646721751557948, 14.379701775656486, 4.165820792252077, 8.756496707158874, 18.726331529317378, 0.5924874614609621, 3.1245255874307816, 2.1706115359702096, 4.4105790104258915, 3.0926906296249967, 0.07670303417552304, 2.618917880299705, 14.111142921366053, 7.26274649076916, 7.402045310558549, 6.458340064886102, 6.584538375014631, 0.690237694374332, 1.055554721461931, 8.743430612287625, 2.2473203882140638, 9.61901013611643, 7.194751330029575, 2.8134078825291056, 0.0, 0.0, 0.0, 0.0, 0.0, 0.0, 0.0, 0.0, 0.0, 2.813407882529109, 8.70100537284992, 2.33851970274317, 10.038695340615647, 20.59227529263009, 5.181601152848799, 14.048261615072505, 0.6700714800804235, 0.31046037859334774, 1.999745792805271, 2.9292982365445255, 4.544818027470512, 7.096691354721202, 5.633899083304435, 4.598918482133655, 8.066521510482062, 3.8455354267580617, 3.6117512603445903, 11.833077264894172, 1.9939156276214192, 1.29745811088155, 0.4945108082397667, 10.828982481875627, 5.221255254079182, 2.111045073997076, 6.22780154682394, 7.760718740286791, 4.5082297135251395, 15.459388554220197, 4.471393773576324, 23.995451788554277, 6.561139990823577, 1.4078613779246467, 5.867785518983766, 2.889342553737464, 6.468619430359951, 0.43824012940459056, 3.4699641257140854, 5.77167876700878, 5.629422376983754, 1.5440206668776568, 5.588589865396557, 0.1799457743147741, 4.765882967827224, 2.842170943040401e-14, 7.088615228494149, 9.467004427705291, 4.61532596352194, 1.8423949346331483, 6.549356766970902, 1.9136103050329325, 7.144039676792801, 4.011800625099596, 2.556112173756503, 3.081619868918807, 5.021843810824635, 10.49950963364634, 3.1552409646601234, 0.7270047089881473, 12.431506554087179, 9.252441845163617, 1.2287588033112655, 0.8043755335292104, 0.33689097774625054, 5.539976801172969, 0.45489451630956523, 0.9686145200525687, 0.20750812686704023, 0.7286605900667951, 1.91878677102207, 6.849960350015039, 2.2172214398079575, 3.7388469744183226, 3.189319689680076, 2.3999262177015623, 0.7995256574166376, 1.0888794872332994, 3.2514137509431578, 0.30742235274510676, 2.2527769073274015, 0.3818161129366615, 2.614499455709577, 0.1102269839583414, 1.6831941827455523, 6.0798223656040875, 0.5895034594730078, 16.233382162955763, 0.34631697712268306, 8.261587246404773, 0.027079533385204968, 0.11084079095891752, 0.4432164271973562, 3.8123033709901932, 3.0812958330028835, 4.001927876171408, 8.828723137967813, 34.72301263055925, 19.092933527286363, 11.786886408269169, 0.34652213168202195, 1.393083278305097, 1.0658141036401503e-14, 0.34652213168201484, 0.3465221316820184, 7.105427357601002e-15, 1.4210854715202004e-14, 1.4210854715202004e-14, 1.4210854715202004e-14, 0.3465221316820255, 0.34652213168202195, 1.0658141036401503e-14, 1.3930832783051006, 1.3930832783051041, 0.0, 2.8134073747845, 4.251681368892903, -7.105427357601002e-15, 1.399776738746489, 0.330660399888842, 1.5159092005802464, 13.064173506171166, 11.147051513627687, 4.644667141714393, 5.1066228997671885, 11.795471662650073, 6.012317211762365, 7.124364053442207, 5.616831274184847, 2.6534064615911745, 3.1123490422793623, 2.0478572999659974, 0.8284034050474816, 3.156641902152245, 3.2046185902630384, 1.007494747231732, 2.2384603583144838, 3.5122825547159096, 9.274358302982563, 1.5905242596697065, 1.5493166972122197, 3.121222716538057, 9.475253461235951, 7.798170868717847, 2.777219126234712, 4.684724648038269, 6.644716188425804, 1.626413764059805, 0.9301325295458867, 6.191700696017847, 1.6968300427672318, 5.675014154229757, 15.887555652861124, 0.3919383452822842, 9.346791821152067, 1.69157506013309, 9.259364593236313, 1.1183132421681563, 6.91039505301795, 2.415642241146017, 3.4480491578392503, 6.048512120551067, 19.576426862424483, 0.21606120810301377, 10.299398820048737, 3.7926879423741013, 1.643659754622675, 4.960552739545946, 1.2716956039016907, 3.684836385562363, 1.044723991169917, 5.399158447090812, 0.6700714800803667, 7.65119883952174, 7.353211793482615, 1.5441689229141673, 8.126710417467734, 5.175725341779696, 4.378356076280255, 1.0708102971360631, 11.001998759803257, 2.5569053765672436, 4.325373903493215, 38.4584696049414, 21.033597444989567, 11.099174986669425, 10.820245362803917, 0.2571459794094153, 4.208172039195858, 0.7310990481882129, 3.695117956349634, 7.0359785778260004, 10.355290854982883, 1.9214062268656278, 0.0832377498223309, 15.118606160038041, 9.735229906544987, 26.417696849674428, 25.63878669835799, 10.450939995755817, 20.62085435505051, 0.18877447171772133, 17.230970313624624, 2.1962984732679445, 18.714019631864147, 2.827550529831967, 26.256005955090274, 14.502717325758738, 8.247342478367585, 4.548982494692268, 1.7370115335867382, 1.3832027170672347, 11.570680544293651, 8.701005372849949, 2.8134078825291127, 0.0, 0.0, 0.0, 0.0, 0.0, 0.0, 0.0, 0.0, 0.0, 0.0, 0.0, 0.0, 0.0, 0.0, 0.0, 0.0, 0.0, 0.0, 0.0, 0.0, 0.0, 0.0, 0.0, 0.0, 0.0, 0.0, 0.0, 0.0, 0.0, 0.0, 0.0, 0.0, 0.0, 0.0, 0.0, 0.0, 0.0, 0.0, 0.0, 0.0, 0.0, 0.0, 0.0, 0.0, 0.0, 0.0, 0.0, 0.0, 0.0, 0.0, 0.0, 0.0, 0.0, 0.0, 0.0, 0.0, 0.0, 0.0, 0.0, 0.0, 0.0, 0.0, 0.0, 0.0, 0.0, 0.0, 0.0, 0.0, 0.0, 0.0, 0.0, 0.0, 0.0, 0.0, 0.0, 0.0, 0.0, 0.0, 10.231429955193676, 14.976239422285616, 6.185793790618732, 16.144581607965847, 0.03526299808098088, 4.12598598747104, 11.786886413583218, 1.0166185671455565, 13.368215938490252, 21.767838630771593, 7.01656736802417, 8.005224951818349, 12.683859263225145, 12.085786623383626, 1.2196479378275455, 0.1315447812577446, 2.8650331919475036, 0.6149870395298365, 2.8021834620804924, 2.152995308114626, 0.7126257498190114, 0.15643834521188182, 1.7905578601180423, 0.5563075206964356, 4.444086086904576, 7.644957481185585, 3.241518895378121, 2.7996188706794385, 4.454769139077829, 2.813407881752209, 2.125975124620169, 0.37362455753578416, 0.3271696397380879, 5.355509778391337, 4.106148017385465, 1.2522432309703788, 8.799804451308631, 5.92155927799908, 12.721197645370637, 3.3533992114333984, 2.842170943040401e-14, 5.004293076175941, 0.3117049510631489, 3.036184182492974, 0.3466236642221361, 3.245584187651275, 5.155643284040465, 1.1360315608433638, 8.817867726502726, 0.4752628760069655, 11.128782857493334, 1.8327605060268581, 0.21428614920422717, 2.763236377382725, 6.4935538986293295, 2.343439252016225, 2.1566524519865027, 17.260074511404355, 16.6737005026377, 1.0401356119379557, 9.896378796116693, 8.771014280439914, 1.5449178072053087, 5.042092939454392, 1.8924159954244715, 0.9620858113455313, 0.14756014277338636, 3.3704704848403253, 0.45130009327564835, 9.000635696065217, 11.78688641358329, 2.8134078825290914, 0.0, 0.0, 0.0, 0.0, 0.0, 0.0, 0.0, 0.0, 0.0, 0.0, 0.0, 0.0, 0.0, 0.0, 0.0, 0.0, 0.0, 0.0, 0.0, 0.0, 0.0, 0.0, 0.0, 0.0, 0.0, 0.0, 0.0, 0.0, 0.0, 1.3963955429962684, 8.70100537284992, 13.801999695182587, 1.7199400129249227, 11.486124634876091, 8.599118931351768, 0.3288387010330496, 6.5481866251824385, 1.330378811327222, 4.783487045846584, 5.576017942485009, 5.545677706494246, 1.3102708880815044, 2.048779553781344, 7.956641265686642, 1.715635850722947, 5.691734660261176, 0.8600308458459835, 2.5916080597974087, 0.804261114215052, 3.279870586615459, 1.539481983442144, 3.181997773271263, 0.41214567668762925, 16.80817135877456, 0.3239938227359289, 12.30063607212142, 3.0065610329028516, 0.5434059007452561, 4.225157318964079, 5.048753550032245, 5.615208252691673, 1.409580028384994, 7.837773776757871, 5.513651346555548, 0.7264120873004458, 1.6216795081491568, 5.8814232710173115, 2.021011918330686, 1.4733438003853792, 1.747814848004083, 6.977223977981495, 1.811714773751163, 5.794694652159599, 0.3350139107116661, 7.194751330029575, 2.8134078825277307, 0.0, 0.0, 1.393083278305097, 2.799618870679435, 1.073231888582285, 0.9457355592162671, 0.8979819702135785, 7.287720095362005, 3.0561010850265404, 3.7466728307892296, 3.407474342248186, 2.7930544589875765, 0.21630693222687114, 0.5688523857501835, 1.4596098458251419, 0.7593962891117911, 3.943632345309908, 0.8328062853340299, 4.5130303675563255, 1.493706237658074, 3.259595385826188, 3.0045047622758005, 0.692601239630207, 5.9410323826411116, 1.9069076614287468, 5.165001328621287, 1.7777294475854717, 0.9838532174301946, 1.4210854715202004e-14, 2.76716173938604, 1.190063061876927, 0.9492323417301236, 6.727124382926803, 3.331505818957737, 1.4174913305639336, 2.0522862005113893, 11.825481099990185, 3.703039664503251, 3.3461194404964374, 6.79940569352712, 12.161198828279282, 0.25979483662058556, 4.158989640327491, 2.5155436806201124, 7.44253696416078, 3.835285693033427, 3.6779430177257098, 0.5492336981462813, 0.16265047689147138, 5.244186168315778, 5.7118923699758, 4.2516813858929225, 0.0, 0.0, 0.0, 0.0, 0.0, 0.0, 0.0, 0.0, 0.0, 0.0, 0.0, 0.0, 0.0, 1.3963955429962613, 2.8134078825290914, 3.3082641422448944, 2.8134078825290842, 1.3963955429959665, 0.0, 0.0, 0.0, 0.0, 0.0, 0.0, 0.0, 1.3963955429962542, 4.251681385892887, 10.56885515205957, 9.688194328547183, 5.575975474777806, 26.000825168364486, 1.7708477698650427, 23.95659570378416, 10.824016890460229, 7.620705612258362, 1.5517794744100115, 3.3670467806951194, 2.562395469018412, 3.3940535599215877, 1.20505282661955, 12.62067842649222, 2.8915658830261464, 0.08676448887507604, 10.949956984253788, 15.186588282583784, 5.438510566102593, 1.2196402812456881, 17.251560128991116, 4.334102314237555, 1.342915185209904, 4.4239023151895935, 22.15074991963013, 6.299814043069063, 16.946519953848508, 5.711892369975779, 1.3963955429962631, 0.0, 0.0, 0.0, 0.0, 0.0, 0.0, 0.0, 0.0, 0.0, 0.0, 0.0, 0.0, 0.0, 0.0, 0.0, 0.0, 0.0, 0.0, 0.0, 0.0, 0.0, 0.0, 0.0, 0.0, 0.0, 0.0, 0.0, 0.0, 0.0, 0.0, 0.0, 0.0, 0.0, 0.0, 0.0, 0.0, 0.0, 0.0, 0.0, 0.0, 0.0, 0.0, 0.0, 0.0, 0.0, 0.0, 0.0, 0.0, 0.0, 0.0, 0.0, 0.0, 0.0, 0.0, 0.0, 0.0, 0.0, 5.711892269824148, 10.231440833733927, 0.12532553548844305, 2.600929607935228, 3.101396675412431, 1.2609302567308305, 2.6631757189309084, 0.5732420600456649, 2.819840407164584, 0.8624521307894568, 0.4360081902194395, 3.0879146281847127, 3.0615532636857665, 1.1185971651130089, 1.3913458926839866, 1.3042873045183114, 0.9901387365178635, 0.1558718464741844, 2.0000506044755895, 2.652657652012323, 1.5144551108367637, 17.18136198194233, 16.68224428529635, 5.166454916950727, 13.157672351102491, 11.166634071431957, 3.126266025791267, 2.8974639828556406, 7.74902327073886, 4.908248855828873, 0.397106054825457, 4.462712552030325, 5.249400371313527, 1.998628075303941, 2.4258235333451523, 4.885141528594289, 12.1872853712579, 5.285173795231486, 15.276656736538087, 8.748143112481017, 3.0596640484764634, 0.5965838544194071, 3.519347166910279, 4.283141393853697, 0.28874146415866164, 1.895058596696856, 1.005859917117391, 0.9837666284935267, 1.4535623078754725, 1.8593729319347858, 4.3874837661525135, 1.5762067553332884, 12.018286500598919, 4.3070787612776655, 14.179035473160639, 3.7902226740526714, 9.81422156396684, 7.959107528833272, 3.2114417201665333, 0.3898564563406808, 3.804692684673512, 1.348523551242124, 2.393248223349417, 1.8078738508308732, 20.15318997688678, 14.850800819910006, 1.5706942411767386, 0.8228406057609163, 6.762002486498176, 3.046414669124374, 5.226261368917392, 0.6234526277330588, 8.144726309363449, 4.271766354008008, 7.956429291714926, 5.067901735064709, 2.3224305000851473, 3.5391105395151214, 2.2073830996881156, 2.866068515457357, 1.6825436090987296, 0.6210078713572784, 2.4109508643591653, 0.06862975119068437, 0.3928770826219363, 8.031693581076098, 10.123190456846373, 0.7067419717795644, 2.170702088658743, 3.88990031951073, 2.294488008367267, 25.55881509354799, 15.169369288336881, 2.6583984506690683, 0.8930359628378994, 5.129297745283736, 3.477716683700919, 0.8119235832512572, 1.390691242603225, 5.143964483912782, 27.201593569994287, 4.254581151189143, 17.46169286576081, 7.194751330029661, 4.251681385892908, 0.0, 0.0, 0.0, 0.0, 0.0, 0.0, 0.0, 0.0, 0.0, 0.0, 0.0, 0.0, 0.0, 0.0, 0.0, 0.0, 0.0, 0.0, 0.0, 0.0, 1.3963955429962738, 5.711892369975892, 6.547169675184591, 21.545604085940084, 10.19625951458545, 0.7599627245002694, 4.431166824477657, 0.7753471626720057, 21.522895465080722, 2.4312969264737774, 5.490677973953552, 10.069796314433916, 2.0807042314487774, 12.041016007157737, 3.789199220884967, 14.339877658602262, 0.7257442864375321, 13.143230198981627, 2.8539955988018164, 5.528667181818122, 3.0954515604683195, 10.198710961464371, 7.822543641177333, 15.945097501683875, 5.942132122664503, 4.035062329541887, 0.5079673358774528, 0.7806982539733838, 6.76885543377621, 4.797325887124202, 2.0812438416980967, 4.737522021222347, 0.9299702944079229, 2.2555361627042885, 0.4928262486010624, 0.7911803550687466, 4.440969369255853, 1.5344423226970036, 1.1536017860670285, 10.359093138433877, 5.897005992627442, 7.360308287829639, 2.5037382203530854, 1.528029563830529, 0.3308250386438658, 1.504792592270661, 1.6274387023456427, 1.789033758998272, 17.683977138333546, 2.9940773277401718, 9.108394242775134, 2.254998358293335, 0.1659970227954659, 7.797710549458742, 0.5900451545393537, 5.037693133572759, 3.096181594070117, 0.5370378546736845, 1.560386987238843, 0.14759456621136735, 4.296840213077303, 1.6982727044275805, 9.61866750048543, 1.52793319426155, 4.991892656663879, 7.41055597763426, 4.131025255158164, 2.793411936639103, 6.0015600602151835, 1.69064898905566, 4.155860305018592, 2.09613098068192, 7.671266283924268, 4.887948204583637, 1.783305853007306, 1.1048917541545222, 0.2626571048691062, 1.1360315608433496, 2.6580331682082274, 1.867062928157054, 6.320126406439144, 1.4605277172046698, 3.4447169059567386, 7.9559562059525035, 2.1431259861981005, 2.6686574792201725, 0.7929049824961538, 3.629713744685091, 10.438447715569623, 1.0140009198657651, 13.584396759320015, 4.967052103695664, 2.600806631650812, 0.2068644936492774, 4.733118557584078, 15.163058854057624, 1.993009476870185, 12.594425034471584, 2.3169828372558356, 5.391081027852394, 6.987137487452628, 2.006437168619186, 10.896325930364583, 16.619062384352134, 2.0215716927434926, 32.40682468514876, 10.313129318771757, 1.8878659596026068, 1.2551067812665337, 14.085512343411494, 3.076241291190229, 1.105467396538998, 2.488165346620974, 1.2052368915006468, 9.78884889535962, 1.5956457950978518, 13.186193048173266, 15.00599552557361, 1.142979017268189, 7.074217342392416, 5.99608643968476, 3.316689685592351, 5.750203869370324, 5.865484670914803, 3.4723082064270727, 3.426530229598143, 1.3349056569645654, 3.3703673472812454, 1.4147378639228236, 0.41599432879046105, 8.999612261553615, 4.289084748581644, 4.903392215076451, 2.7060899749446037, 0.16661375240158804, 0.0, 5.711835616831507, 4.251603440685042, 0.0, 0.0, 0.0, 0.0, 0.0, 5.711892369975857, 11.78688641358319, 9.034614606026622, 2.7141529825915995, 8.998124890895696, 2.561866035503357, 0.4426372746811751, 0.8750752800193595, 4.478554960093447, 0.28179987969957665, 3.0467213913310047, 28.826886529675306, 3.1994380861551974, 21.568107811777736, 0.08728388298629852, 10.390226955377472, 2.100474297635799, 4.2751572001471345, 0.36230467942027644, 1.0002194975821794, 2.6559600449531615, 6.933847560348681, 4.907259876842943, 0.529658248480132, 16.175381363367393, 10.662515469639516, 7.4548142362393435, 11.090547381275599, 2.72445447105747, 10.943609083531356, 7.0448814174039285, 1.9434481144719484, 10.169628162031273, 22.44382839514367, 3.7943469087188646, 10.275095684801698, 20.555173234108395, 1.732448506912874, 8.214668952122082, 7.664641156689299, 14.415943687436013, 1.3113295297357581, 5.593197941331397, 0.38657647733558065, 3.020300456329636, 2.400828404299503, 0.16010717298260602, 4.5362930475878755, 4.161932579216796, 3.947325079010241, 1.7622404813217827, 0.3200753132742875, 5.696153417757785, 3.9041039984521717, 1.8184725078443194, 6.654385417831193, 1.0897276462451657, 12.089045345885694, 10.36737969931582, 3.2927450257471094, 3.622752629266671, 6.805188993886389, 0.5705011547018728, 2.338519702743156, 1.9841847132734358, 3.1457785927673854, 2.647238534956543, 2.261736556359338, 4.312182564959926, 6.836941267794046, 1.7338688756198195, 1.6333277917153879, 2.3933561918252906, 0.5293709759495897, 4.881093719588016, 1.9103020326115967, 5.877411520106364, 3.834295065801385, 4.964104241548142, 6.174147227668726, 7.160481996662753, 3.9008204584894486, 0.8470562803840096, 7.114827475448877, 6.350017179065446, 11.140910010362319, 3.122031870226891, 4.04612334783161, 0.8171812996202448, 0.10636097910943931, 0.24899611618835138, 1.201240085829653, 0.3804276681515262, 3.6784795066838285, 4.876488209811754, 1.5747039916600443, 2.449081478939746, 3.728574740995697, 1.5675288876275033, 2.2992575396073107, 3.977729658354164, 0.1555161232942055, 4.347558035762773, 0.464032594418228, 0.3973345937067734, 0.4754873518402576, 2.629080021012882, 0.618571645657596, 3.5661407249406807, 2.1928807977899964, 6.37006825658446, 2.1989214852619625, 7.706207008710578, 0.38611728613722107, 3.605705626136654, 5.0356954621806835, 1.3694146327298142, 2.4421022261046232, 0.4872127521018115, 2.51342948583536, 2.3704516202481614, 5.775563058522209, 1.624935887446867, 9.278742543404235, 0.10122201215497739, 21.72858729966572, 10.185153296865238, 0.023722835420244337, 7.084209516260472, 0.6630665389599812, 11.406981731898355, 6.785677308519865, 7.076346082066749, 6.7802194918951955, 0.7326237456734077, 1.6771793322332371, 1.8527180782059816, 10.995324425320746, 7.970529073384995, 5.015023756401234, 4.669988228415647, 0.1666048312325188, 0.12300070980450073, 1.3511708046258377, 3.071166573989032, 2.2610553998200515, 1.5343893675962903, 2.2610553998200515, 0.27433015374020897, 2.261055399820094, 1.092095715767826, 12.935963486601679, 7.504655765194116, 7.627500751746055, 0.5170845781983644, 20.50229412900498, 5.845386299808325, 34.05935397982569, 6.475431630410981, 22.31960257516377, 0.1681324993194977, 4.165725294298227, 1.3072052329116275, 0.4632094081243139, 0.5603972479630954, 2.4627981007152755, 1.0247127547637547, 7.35734102694488, 1.2741005444646305, 0.7570001055759406, 0.7359422034825513, 2.293069827492701, 3.7264673944232527, 0.5160014957305066, 2.4931988831654763, 0.41308968263913926, 6.3764069436183775, 7.168543069202059, 2.970336922622238, 1.3213450829731528, 9.08455489886768, 5.46999536539451, 0.7378076264064148, 1.2898606186464576, 7.6298904504617155, 8.223288506143291, 1.095998443481875, 39.09012588205718, 77.90515292579192, 0.21911721311900578, 35.128611900526835, 7.198464710045272, 3.508621922042778, 0.6820656063787567, 3.6925541729885367, 1.2948795377830322, 2.2741390795428913, 1.285037645512972, 2.760939172369774, 5.306456811034366, 20.038054325955216, 0.32136236032494025, 31.88891518894485, 10.050712599893501, 11.584033777081487, 7.390981853915335, 5.7781514762287145, 2.065365452919849, 5.04868723362506, 9.296496734466814, 4.942686145852235, 1.793270909683315, 4.8451949490290644, 5.180607162673084, 7.006134699091916, 7.966289682477651, 1.8657627858045203, 2.352777227378482, 3.5874083740255713, 8.06652151048202, 0.12691485257799684, 3.9730792535014388, 1.6375183798730575, 3.418748577774636, 1.257620054921432, 1.2993606632864498, 6.612373152783107, 1.6182163499871933, 6.094266867190441, 5.945134678806625, 2.7460955139230805, 2.181423055581746, 1.378812360948956, 0.8267359396866141, 5.901847323066846, 19.420011872812296, 4.493014124892028, 0.85112662251845, 6.781301686894437, 16.16765079303721, 22.27001360615006, 4.097926557338894, 2.885461362313791, 3.2168013396686774, 6.159989039469508, 16.713035289287774, 3.7082712782573424, 2.942817702735141, 8.145994207163966, 0.4471583741599261, 9.646429574642596, 0.5794484301704017, 5.49835059080192, 3.755395081302879, 12.135555510544833, 17.59212976617124, 1.2886335365682555, 11.786886413583233, 4.251681385892873, 0.0, 0.0, 0.0, 0.0, 0.0, 0.0, 0.0, 0.0, 0.0, 0.0, 0.0, 0.0, 0.0, 0.0, 0.0, 0.0, 0.0, 0.0, 0.0, 0.0, 0.0, 0.0, 0.0, 0.0, 0.0, 0.0, 0.0, 0.0, 0.0, 0.0, 0.0, 0.0, 0.0, 4.251681385892873, 8.701005372849963, 5.013971277453862, 6.1584435065010155, 0.7620021779280535, 2.2172118257654176, 0.9750987587225666, 2.810692542086258, 1.7943319885067126, 1.7854076027456358, 1.2457701695234675, 0.901000039399463, 1.418910011531068, 0.6032888650883876, 5.467574442526825, 1.5953516036074689, 0.2605727253396992, 7.930061939583084, 1.490349961711658, 17.165764218540943, 16.716136224402334, 2.3186379700142936, 9.408161797973221, 2.2398059771261813, 0.7182804040332655, 2.73837796689088, 0.2223279585425928, 1.9051222828816776, 2.932826291232246, 0.421965340065924, 8.94739615588928, 0.9931216173691269, 6.3823151888619805, 0.18809645051585733, 1.511434571082674, 0.704766814950375, 3.5857943195978237, 0.7201813264067596, 0.601872801519761, 6.441695274176254, 4.180380273201763, 14.314683406200345, 12.221889397338543, 8.701005372847334, 2.813202280513451, 0.0, 0.0, 0.0, 0.0, 0.0, 0.0, 0.0, 0.0, 0.0, 0.0, 0.0, 0.0, 0.0, 0.0, 2.813407881752209, 7.194751330017354, 1.640845712856347, 1.3663690677813634, 1.0456105951335815, 0.2895223234484092, 2.164213062454877, 4.093876679192647, 0.295252186256846, 7.665387265027903, 6.548719954934015, 3.6400235259794442, 1.373349750897546, 1.421153231378696, 4.808334203784497, 5.036122158987638, 0.5060389242963979, 2.23978134865623, 1.1619061026683966, 4.476959514401813, 0.9084790146448256, 1.269971397288998, 2.786059505009206, 5.541488689979175, 0.4945108082397667, 8.252797079882768, 0.579123834334311, 2.384198262143343, 5.615004874826212, 0.7128751896963479, 7.091988330989295, 1.508918738225404, 6.178186788021492, 10.219409440159268, 0.7010188912986735, 11.797228417924373, 4.034372566121306, 1.0725336390154325, 0.4495879193545278, 0.718431333557433, 0.6928978116770423, 3.646179469723137, 7.11343170224805, 0.7271713313411681, 2.2093128176853156, 1.2533502127622, 6.204749617388984, 11.897481404162917, 1.0090226047361597, 14.805079248684336, 3.1574957264259638, 0.7312132225909238, 1.1558260869220476, 2.0519915593868916, 3.638617015507066, 3.6087381658311983, 0.49726353249238286, 2.4456059595409556, 4.937802374297888, 7.472250983509724, 4.422176508071573, 3.060480045118709, 0.5807454471417657, 0.21680869710939987, 0.6445183158473924, 9.361396757783083, 1.8324046148563014, 5.378709924623969, 0.7368881977383808, 0.5356413175256023, 0.9414508667637733, 5.579683925793006, 0.5312668346806788, 4.369320798277315, 9.134778104996343, 0.7225244435217917, 17.336624681509363, 0.8378986431697513, 0.5248245202672024, 1.0447239911699455, 0.9314968720143355, 2.4416417304605034, 1.835915685924462, 0.7308342322037618, 6.778745830202297, 20.931541090816182, 29.111854416484306, 11.401210366130215, 3.214450185313325, 4.233823901207643, 4.251681385892965, 1.3963955429962738, 0.0, 0.0, 0.0, 0.0, 0.0, 0.0, 0.0, 0.0, 0.0, 0.0, 0.0, 0.0, 0.0, 0.0, 0.0, 5.711892369975871, 10.231440877944465, 4.549633274716342, 6.664468742606147, 1.8728854415406602, 1.0053241908374844, 1.663080612573097, 15.694037334277368, 9.904748995208521, 5.06689915951182, 1.9039353817861837, 4.2380230704386435, 7.926233609527287, 0.07437100480561298, 7.434762871476131, 0.772324017785138, 2.2701268176246003, 5.7280808476627385, 4.87056579039232, 2.3350005552331936, 11.056398875227472, 0.4930072048170473, 5.381786923650822, 8.478924343021248, 0.4471583722250898, 8.478924343021205, 9.508092523103187, 9.763640717408123, 2.2611966564664954, 4.40254131351972, 2.2357104476976275, 1.8801073409368456, 2.304688594428498, 2.6007514598507555, 5.406305938946701, 5.035023493839219, 0.45826472575211596, 2.4865081660850876, 24.793191233344615, 4.476550262329724, 17.53189893694568, 8.632524184409277, 0.06802363822384905, 18.75846247113168, 11.326329433646265, 3.455613141828394, 1.5478744898010746, 2.1513014813415907, 0.9763374702340002, 0.08270144106222688, 1.2717859900602377, 1.3505464583138291, 2.616434376078047, 2.370108142418758, 1.233409253074342, 0.1068829873599384, 3.4985510742555164, 0.7570001055759406, 0.5976068938535661, 1.4003308998303794, 0.7439541750963485, 2.679455682418194, 1.2927766791125919, 0.14373411502126032, 4.402635443633301, 0.3006633446250362, 4.958732788434617, 1.1624176799113286, 0.8761955776692787, 14.961899841325476, 7.91726428449914, 17.22733369484061, 3.8451624469426093, 12.634228940694555, 2.170831097356512, 1.3181000914151753, 7.2301566007411395, 3.925507650446434, 4.475767696936572, 0.2834356255116006, 1.1167478389966732, 0.7159365524034058, 6.073145420141714, 1.3302093660634569, 3.1779812362227062, 5.153041177891737, 2.302204233098564, 1.9403810313873748, 3.9068164307979885, 2.4253770133703654, 0.20108974099275656, 2.221939630373072, 0.018526218454780974, 50.83441444785291, 11.635737104123479, 10.236547729996346, 3.820442088808221, 0.5383571845114261, 6.317276250931911, 4.698733868429883, 1.0478558198570624, 12.034091880054092, 2.3835309896251715, 5.763686330609147, 12.48759383506956, 0.5154212376641567, 13.687392783862748, 1.6847080131628047, 3.050292346841843, 14.969538119694306, 7.102564715878259, 22.460019116236595, 7.797073754590372, 0.11022698395822772, 5.50925189445519, 17.746217496308105, 34.964274370595774, 5.059745684912826, 10.813528967854921, 8.90026609398086, 8.200875338423145, 2.9810368618410052, 32.473321637288564, 41.45873151233559, 9.52960150504822, 7.194751328108346, 1.3963955429959665, 0.0, 0.0, 0.0, 0.0, 0.0, 0.0, 0.0, 0.0, 0.0, 0.0, 0.0, 0.0, 0.0, 0.0, 0.0, 0.0, 0.0, 0.0, 0.0, 0.0, 0.0, 0.0, 0.0, 0.0, 0.0, 8.701005372849963, 13.36821593849011, 3.728942504265234, 2.6849250067569415, 5.328731443577112, 7.261236015435941, 15.085683368368109, 3.1855507757771733, 2.8134078825290736, 1.3963955429962702, 0.0, 0.0, 0.0, 0.0, 0.0, 0.0, 0.0, 0.0, 0.0, 0.0, 0.0, 0.0, 0.0, 0.0, 0.0, 0.0, 0.0, 0.0, 0.0, 0.0, 0.0, 0.0, 0.0, 0.0, 0.0, 0.0, 0.0, 0.0, 0.0, 0.0, 0.0, 0.0, 0.0, 0.0, 0.0, 0.0, 0.0, 1.393083278305097, 1.393083278305097, 6.828263069463468, 11.565317731067196, 2.528833469187205, 0.3851514747808267, 15.401566493890186, 0.8016247210939866, 6.8842098683422535, 0.14122919156099556, 1.5441689229141105, 0.08587683289115944, 8.363748307111194, 1.550164337389191, 4.151169375700476, 5.404673077351333, 0.38116505531064604, 1.9500455048564334, 1.3937764097493215, 4.981916101314823, 12.255400516101645, 0.8972551685748442, 4.284048785864684, 4.1118743373103825, 4.271957837112723, 12.965017296435917, 18.935542618080234, 2.004387021607897, 8.903140140381936, 10.314155824689351, 4.980206343239644, 0.9577087846894017, 5.6398495788495495, 0.40689790439938633, 1.2018371076525796, 0.502278620510225, 2.0594651854630683, 1.228079800408949, 0.7878875019168277, 13.437842235609708, 1.1438415084776636, 4.578631150338424, 0.5422438157021077, 1.4434641783024063, 4.249593174024085, 4.54355585739404, 11.611338275274434, 7.034214252759341, 17.594431571793393, 30.964513209495777, 5.407933192835742, 14.81446347709823, 1.825608599278553, 8.899926246488207, 0.0607436607655103, 3.04321605150335, 0.42416881845649357, 0.6445038268273606, 0.5204327932701176, 4.80531766374807, 4.042587526457595, 9.598684683823762, 4.108367605670281, 2.6077120292648033, 2.6484946912586054, 5.226997012601828, 12.895730315835465, 13.295915269470413, 1.5614997771436663, 17.28672325797467, 30.497207478439023, 5.090574026523782, 6.0618281002540755, 6.098049329418387, 14.245675976535068, 5.866206463066021, 2.9553545918094244, 2.995574479170756, 2.6146019291772973, 1.1453961623400915, 24.955440527403056, 3.149926613995092, 18.9477201344763, 0.06607806757378398, 5.707682156422578, 0.8382617726823298, 29.312477056461972, 4.832619489638574, 27.551926330815604, 1.855259277841526, 7.154008180420249, 3.9947604806069705, 1.5567109570758362, 4.290763879769884, 2.4581217958815387, 3.046721391330948, 4.372054668742294, 1.6543712229435812, 2.1798586150987376, 4.691059325208926, 0.0, 0.09411567098121054, 0.5215914746639214, 0.8120197298600829, 1.34739010790625, 1.3475962095781142, 0.23987309119155498, 7.194751330029682, 4.251681385892901, 0.0, 0.0, 1.3963955429959594, 1.39639554299597, 0.21356684511146895, 0.4083044476317852, 0.21356684511146895, 1.890427629570091, 2.7174342258068194, 1.299089729061592, 7.105427357601002e-15, 1.4210854715202004e-14, 0.5505977506472135, 1.2990897290615777, 5.142472030865164, 5.589857046322848, 6.123132470726148, 0.5725484503031169, 4.787296619742705, 1.135930234478451, 1.6249904436877216, 1.6849304766815578, 6.188379812244378, 2.618621653655609, 6.744053670691656, 0.27793280276782184, 0.19199969136492712, 6.786927749501146, 3.3090376969112896, 0.185700247295415, 0.6254183449964899, 0.8820206745633641, 0.8464133751350147, 3.177761182731942, 1.850377140254956, 1.0243467237466177, 2.717445578774168, 0.286095197433923, 0.29870300198260225, 2.2753568427383044, 0.9770017790482797, 1.1585049195410022, 0.73513851538236, 0.5261955446507898, 1.4250772717761606, 2.032419471005298, 1.1900630618769412, 13.360658835069799, 1.0469765526629402, 3.1115055917920245, 2.065205316993506, 1.2656795604665092, 8.22941071648198, 1.0874900293085545, 3.071788969189342, 8.043646310218193, 10.204970031338263, 7.375066587901728, 3.4976981582482836, 0.6403872402222532, 1.1784009264183055, 5.509066165413884, 11.78688638723267, 7.194697707312926, 0.0, 0.0, 0.0, 0.0, 0.0, 0.0, 5.711892369975864, 8.70100537284992, 0.7656323372058438, 13.553773049060766, 6.003877086781671, 1.9391829414644377, 20.83752141586922, 16.582299981138362, 7.7895542483019256, 16.582299981138362, 0.004369077750340011, 5.546232303890051, 5.475813870659536, 3.558429989779455, 8.003529234161405, 10.505043134848904, 0.7586948256142705, 4.464853085071809, 16.61227124059505, 7.194751330029774, 4.251681385892887, 10.231440877944422, 0.6162819731951714, 6.918742460022898, 4.00239148765138, 11.989801183263566, 23.897005807368885, 7.016570376268049, 3.0640893556834783, 1.4661474844022848, 5.810071671330036, 5.167688880439499, 6.6754836260332695, 1.441238579512003, 10.516579098778152, 3.4987297429899513, 7.402306608403677, 6.9868028754806915, 7.706451891501899, 3.4203990047086847, 1.4320834971121315, 2.636708457267133, 13.5750280765009, 1.5346416899613473, 10.554518556945709, 17.746262204955173, 8.68748737987869, 3.5715804299812817, 0.7107670121564524, 3.1155999451309526, 5.435758621728439, 0.14505996040367108, 4.573179681103682, 3.392776518110111, 0.45710404077956923, 2.6260721137896326, 18.452970261991936, 4.886295136912821, 8.613072033857776, 0.7773760876426934, 5.2480294602183335, 6.8254493064526685, 0.17792456712872706, 4.671999942097941, 11.691437369396255, 3.5450833319280264, 2.4489234613615167, 13.718033067527301, 6.443282362670118, 18.075236438516498, 21.941079300509557, 1.5232595323372493, 1.2508759610654465, 2.6469873441892275, 8.848177161673306, 27.24311457175827, 3.0026886029672823, 8.4432237509873, 5.941573544623822, 2.1048962596937457, 7.061292291364197, 1.2616571727768076, 7.5852621520164405, 2.8433083976933915, 0.3138379457109295, 9.300507600633324, 0.39905464010209357, 11.729022354691608, 1.3902948991529058, 14.46807201109283, 0.13024542174088083, 20.473223363639363, 18.772797576463347, 3.028352786380509, 0.5842948735277957, 11.288293545762059, 11.729796240177961, 8.300759435028098, 7.499642120390334, 7.346653940731301, 6.494342348987885, 5.823667105010486, 3.5512741562458245, 7.008693683234071, 1.8631624174036574, 2.0109152114904703, 2.580764355966693]
theta_global: 5
window_size: 50, overlap: 0.5, threshold: 5.0
