1900 
7100 
7600 
7900 
9600 
13000 
13500 
14300 
14500 
16500 
17900 
19400 
20700 
21200 
21800 
27500 
28300 
30800 
31000 
32600 
33000 
35200 
36000 
37600 
38500 
39000 
39500 
42300 
42700 
43000 
43400 
44000 
44500 
44900 
47000 
48700 
49200 
50800 
51800 
53000 
53900 
54400 
55000 
57300 
58900 
60200 
60800 
61700 
61900 
66000 
66400 
68900 
70700 
71000 
73100 
73400 
73800 
76300 
78000 
80300 
80700 
82000 
82900 
89700 
90000 
93000 
93400 
95000 
96000 
98200 
99000 
101000 
101700 
104800 
105800 
106100 
107000 
107600 
108400 
110200 
110800 
111400 
112100 
112500 
113200 
113500 
114000 
115400 
117300 
117900 
121300 
121900 
123100 
123700 
129100 
129400 
132100 
133000 
133800 
134000 
134800 
135000 
136300 
136600 
137500 
138500 
139300 
140300 
140900 
141100 
142500 
143800 
147000 
148000 
151200 
152500 
154100 
154500 
156500 
156700 
159400 
160300 
162300 
163900 
164200 
165000 
165200 
165400 
169800 
170700 
170900 
177200 
177600 
178300 
178500 
178900 
180100 
183000 
183800 
184500 
185100 
189300 
189600 
190000 
192000 
196000 
196700 
197200 
197600 
198600 
198800 
199700 
199900 
201900 
202800 
203900 
204600 
205500 
209000 
209200 
210600 
211800 
212300 
212500 
213500 
214500 
215000 
215900 
217400 
218300 
219900 
220500 
223200 
223600 
224500 
227800 
228000 
228200 
229000 
229700 
230000 
232400 
233200 
235000 
235900 
236500 
237300 
238300 
239100 
239700 
240000 
241200 
242100 
243900 
244100 
248500 
250900 
252300 
254600 
256200 
258000 
258700 
259700 
260400 
262200 
263000 
263600 
264100 
264400 
265300 
266100 
266400 
267200 
268100 
268700 
269400 
272600 
276700 
277700 
278900 
279200 
280000 
281800 
283600 
284100 
286800 
287600 
287900 
288200 
291300 
291800 
293400 
293700 
294400 
294800 
295500 
298000 
298900 
301100 
301600 
304200 
304800 
306200 
306700 
308400 
308600 
310200 
311000 
311600 
313300 
313600 
314400 
315400 
318200 
318800 
319500 
320400 
321600 
322900 
327600 
328500 
329400 
334800 
335300 
335600 
336800 
337500 
337800 
338100 
340600 
340900 
342100 
348300 
350700 
352700 
353100 
355300 
357400 
360500 
361200 
361700 
362500 
366800 
367700 
369200 
369700 
373600 
374000 
374300 
376000 
376700 
380100 
380300 
380500 
381600 
382200 
382500 
383600 
384300 
386100 
386600 
387600 
388300 
391800 
392200 
393300 
393900 
396800 
397700 
399800 
400100 
402700 
404900 
407000 
407600 
411200 
411600 
414800 
415100 
420300 
421200 
423200 
424000 
424800 
425300 
426500 
427400 
427900 
428300 
429300 
429900 
430800 
431700 
435900 
436500 
437200 
437500 
438700 
439500 
440300 
440900 
441500 
442100 
442500 
443000 
447300 
448100 
449300 
450100 
451200 
452000 
457500 
457700 
458700 
459300 
459800 
460900 
462800 
463200 
467000 
467500 
468000 
469000 
474100 
475500 
475800 
476800 
477500 
480700 
481700 
482700 
483300 
486500 
487900 
490800 
491300 
492500 
492900 
495100 
495900 
496800 
497600 
498800 
scores: [3.5119047856568386, 0.11658162811124839, 2.5868564629304274, -0.129456763144276, 1.2816092465841393, 0.2304944584601003, -0.046151817260238204, 0.36114260022623057, 0.21795259963494118, 0.44753216897674974, 2.5501161854638212, 1.8888884528241192, 2.856592119503489, -0.034971671870721366, -0.19572767781096445, 1.8851070730110564, 15.702891818177022, 31.840907679763404, 12.50953918411043, -2.220446049250313e-14, -1.1102230246251565e-14, -2.220446049250313e-14, 1.1102230246251565e-14, -1.1102230246251565e-14, 1.1102230246251565e-14, -2.220446049250313e-14, -1.1102230246251565e-14, 2.220446049250313e-14, 0.0, 3.635708173389048, 11.975248844042667, 10.842721045647892, 7.131697625611082, 2.8243036178965326, 0.4292240883310683, -0.6173175144054994, 0.7637169531192285, 0.47067980535553033, 2.3940174980392612, 0.08285555825057145, -0.30166374972998256, 2.6658775438834255, -0.4044343747548851, 4.0978128462785435, 0.1936528149175274, 0.16806125172684006, 0.28802701393442476, 0.6924896313823865, 0.1692751340032146, 3.132430381305312, -0.13056027626282685, 5.22522646830771, 3.861568250872665, 0.8309188157969629, 0.14273401415789522, 8.322367632196801, 16.793538791788365, 5.282405678344389, -0.023812043799807725, 0.6316128277580901, 0.8984463155143203, -0.72661385933975, 0.8510788176133133, 0.29390117903824375, 2.0073069480899903, 0.5318964191711757, 0.3562520362072519, -0.041254993691154596, 4.636143104048699, 42.549045486392686, 34.8770210462978, -2.220446049250313e-14, -1.1102230246251565e-14, 6.818647190561805, 29.689184803820922, 16.41456187477442, 0.9483171330058724, 32.81262174112146, 22.0708078724155, -1.1102230246251565e-14, -5.551115123125783e-14, 3.3306690738754696e-14, -1.1102230246251565e-14, 2.220446049250313e-14, -3.3306690738754696e-14, 1.1102230246251565e-14, 0.0, -4.440892098500626e-14, 1.1102230246251565e-14, -3.3306690738754696e-14, -4.440892098500626e-14, -1.1102230246251565e-14, -1.1102230246251565e-14, 37.21872189401563, 38.55119390585776, 0.9320703169269109, 0.5348710767187868, 0.07539529944597234, 1.2994920868045483, 1.2089628242190429, -0.3738517862250319, 1.6229676205238093, 0.20153084231833418, 6.7913694801821975, 0.5026291597883983, 0.16584289389425066, -1.0417921516420847, 0.4746011010231541, 0.7301528810669424, 0.6961630420452707, 1.03103651507854, 2.0159515780809443, 6.386929589828583, 2.8078652716951638, 0.7189595684247934, 0.6375310729544026, 0.5011193631432889, -0.19118225500778863, -0.04541766573049699, 2.1051306997306938, 0.4408082982005226, -0.7480741667473012, 2.4572121344201605, 6.703835526454213, -0.2587215711391764, 9.627172324426283, -1.6339632156758626, 18.10308890614897, 18.442097028196372, 2.748861300441149, 8.586220105443203, 9.539261763106992, 3.046641811341715, 23.42951654131201, 5.946738386273751, -0.1149756377947142, 3.5377623784434036, 0.5289343858562461, 2.854796583465145, 4.3117194092099, 5.721194556786827, 42.11292551409474, -0.6928243192320451, 44.932305554975244, 3.536293662538469, 2.092642651489541, 0.580986214075665, -0.36616661875200407, 0.15714067007957055, -0.21100554126064708, 3.4170904475515727, 8.31905132541715, 0.4483038436476363, 4.964162173668001, -1.1604957485419618, 0.3330923080379762, -0.5285071233519147, 0.41322798392309323, 1.849235333690899, 0.3236383417910247, 0.21688884927311847, 0.8717421117869435, 9.738322026197181, 40.678586680441015, 27.667538142238044, 0.0, -3.3306690738754696e-14, 1.1102230246251565e-14, 2.220446049250313e-14, 2.220446049250313e-14, 3.3306690738754696e-14, 0.0, 2.220446049250313e-14, -1.1102230246251565e-14, 4.440892098500626e-14, -1.1102230246251565e-14, 20.96471501953927, 38.60370198722046, 9.950859887117815, 3.1763150937192677, 1.1134817373515489, -1.5238437840123424, 0.7148360432156551, -0.5004432725736478, -0.2835362153607548, -0.06822824654500437, 1.6337946821035985, -0.026363545642652753, 0.2612339527944414, 0.1905491614463699, -2.5818014821244333, 25.423494568599835, 48.85202248679116, 9.579545499980028, 2.220446049250313e-14, 0.0, 0.0, -3.3306690738754696e-14, -2.220446049250313e-14, 0.0, 3.3306690738754696e-14, -3.3306690738754696e-14, -1.1102230246251565e-14, 1.3429172088733559, 29.056406541775743, 29.706758700508942, -0.3981564983376984, 0.035779309305667084, 0.21372388912965334, -1.4532583925455356, 29.596187376021447, 27.222865212759757, 2.220446049250313e-14, 0.0, 0.0, 20.115999937372152, 44.59408302075914, 3.960835652133653, -0.873248879123139, 0.5984531064982548, 0.12778064179019566, 2.81164276607592, 0.2480067522402578, 3.5192990373244584, 2.5570793080379417, 0.37612351149039114, 3.659039774678149, 0.7277509967555034, 0.8266965670571835, 1.6349595483360417, 0.49247972448227983, 3.1460279051123052, 1.308313967510685, -1.0042087896058547, 0.10889365726177402, -0.001951832540498799, 0.27615060521191026, 2.8986702093034182, 0.34180628664284995, 4.639660355115893, 1.4712792234349763, 0.38377991400795963, -0.046108136715133696, 4.076436445399395, 3.4961535504723997, 3.1211325576975923, 2.917172855268518, 0.9311623687985957, -0.3960825540118549, 0.8697627704270872, -1.3747127634786693, -1.821163845668707, -0.6890248272843564, -1.4112777314340974, 4.0212284126643, -0.10292884635146038, 8.573113874931892, -1.4472553846103438, 0.8158849343501515, 1.8304290440671593, 0.21613913647627214, 0.8545092420287119, 0.125886894736027, -0.39795365583336206, 0.38914967167215764, -0.42134374700913213, 1.8984562916903087, 0.46039411539914, 1.2785334767282848, 0.5847432999460125, 0.90317770510228, 0.4738673621197904, 8.054174318901516, 41.153490543948294, 32.607996632687474, 1.1102230246251565e-14, 1.1102230246251565e-14, 1.1102230246251565e-14, -2.220446049250313e-14, -1.1102230246251565e-14, 5.0732619348128445, 27.812693960749016, 19.501142124752732, 7.246046965961568, 0.7835212295384508, 2.2956855834518137, 1.896232300008819, 0.8150698142488864, 0.43608477948237123, 1.7330919372116114, 0.09367796372794146, 0.0656446972741378, 0.7832879103679034, 2.257857791250103, 3.319203409086981, 0.6798477224472208, -0.05202442901361337, 4.189423637943719, -0.13063015084583185, 3.2309129483356855, 1.4476680686127565, 9.484314117299618, 11.84380431161594, 6.863462218870609, 0.2748168129577948, 0.5214257726622407, 18.787845858346643, 2.1925344044342125, 29.80681862224546, -2.3712871646474127, -0.167290724225154, 0.3637209157243433, 0.056883123580291794, -0.03487350119553412, 0.6337973180644667, 1.5922787083103458, 2.3935843532849503, -0.8074456303313582, -0.9290135739499874, 3.972795380978198, 5.632652991571888, 2.8245980025570248, -0.2275317273009705, 1.3090168894031535, 24.494231097120775, 21.876363402691098, 0.0, 27.330924764280837, 39.147604643503996, 2.6408957790545173, -0.5985072109397152, 2.9684216399689376, 3.2954263153617376, -0.2239925048306759, 0.8372900171193578, 0.5856237723380673, 0.12158144972090668, -3.1575486310490533, -0.2220722878799961, 1.5128572070919972, 6.039927514085548, 0.7369591894921541, 3.665842048634204, 0.0909944435863963, 0.10903651616513343, 1.0943943797149132, 1.4685941971396232, 2.2931735990982816, 1.550338644464091, 1.910118028278248, 37.91871070105563, 30.989469009203304, -2.220446049250313e-14, -2.220446049250313e-14, -1.1102230246251565e-14, 0.0, 0.0, 37.63441647479553, 49.11452186793906, 0.9329873601437839, 3.8595169635516413, 0.7760463791992152, 1.6284530003805457, 0.8631396537700766, 0.4865456039013907, -0.059688720426720465, 0.45417952947013873, 0.22307515802583566, 0.3992604838681473, 1.506695836056906, -0.08080487783570334, 1.9867285764996723, 0.8336696990064638, 36.25666147980871, 37.57446250727449, -1.1102230246251565e-14, 0.0, 0.0, 0.0, 1.1102230246251565e-14, -2.220446049250313e-14, 0.0, 34.748342832167395, 36.07674591467452, 0.6991593892952324, 1.3860234298673504, 3.4109144823203223, 1.847329993120411, 45.26598973766869, 36.86730648023533, 0.0, 0.0, 25.54414060647477, 46.5247521937232, 7.169268017069271, 8.570914361465327, 7.0052268160535505, 0.21029004760430325, 0.05026550702984878, 0.2553463268084215, 1.5823045005762424, 5.96498359001248, 1.1921237969272624, 0.39016333450911134, 0.6923736875622808, -1.792588403966647, 3.2430357930132914, -0.24242877876645252, 0.1118434316879302, 0.2739450640093537, 0.8772080053755644, 2.005370999822844, 1.993849481654138, 16.310916062819047, 11.473577531573426, 2.5185727753088827, 12.99772300623222, 5.742989202346891, 2.220446049250313e-14, -1.1102230246251565e-14, 12.61829394552101, 27.357398562860425, 4.012564330838757, 0.5532031036676699, 2.2641171530412407, 22.63723056027237, 17.870893643543425, 26.030897499772266, 37.57328302746686, 2.703129810825544, -1.250993733227233, 6.927841278637004, 33.35421832978324, 21.763526765623055, 0.0, 0.0, -2.220446049250313e-14, 16.86911955896214, 40.49538626051185, 9.8425834651473, -0.06554814537844322, -0.07330845524813867, 28.68406500579843, 40.018091350692316, 3.6123811129797083, 1.1102230246251565e-14, 2.6216719355637927, 30.885959536480783, 28.52106579388186, 3.3585732227106178, -0.6039721318530837, 1.3725477073305683, -0.6193035719809359, 0.4146026698638252, -0.3748933078582013, -0.29564854662316975, 1.512370541607197, 0.10009366720157686, 1.2732512873333235, 1.9972428728480054, 1.7451166180726432, -0.017411125266448835, 1.0627106880984911, 3.106392708136241, 1.9341876875421349, -0.5556948419698529, 3.0656952020148083, 12.933689290873303, 25.552934865575708, 9.444855291632507, 0.333140529798726, 1.0458937730948037, 2.643661676796768, 0.26172146720759315, 1.326124865463612, 0.27628947181838726, 2.1670153152805653, 0.005799215664893609, 0.6147268386076803, 0.2547775374328012, -1.5172814528341405e-05, 0.12107042848015226, 1.397003795847354, 3.8493789158737854, -1.6089893204299415, 32.180077355589106, 23.98567220916489, 0.0, 3.3306690738754696e-14, 24.403963869640734, 38.68070086592249, 3.5367806459071858, 0.2816645992662643, -0.14772697478241525, 0.6095856539748183, 0.3202836386497552, 0.38302964028935094, 2.3446642569543883, 3.0598877880248665, 0.4329336823318499, 4.260784664078983, 5.329001260714563, 2.050893731274755, 0.2659825969952294, -0.22721161759091046, 2.329050198182415, 30.92794488575538, 20.5398329635987, -2.220446049250313e-14, 0.0, 2.220446049250313e-14, -2.220446049250313e-14, -1.1102230246251565e-14, 0.0, -3.3306690738754696e-14, 22.701782468534077, 32.96371403920938, 13.209366819226943, 6.831529876502941, 0.6968577136531167, 0.15474178403007954, -0.009420013777571512, 14.504774180860863, 9.037099073098375, 0.6148339420233242, 1.6521951501757144, 0.02704501603056997, 0.752422395979977, 20.533454724459972, 11.468055164623024, 4.440892098500626e-14, 0.0, -1.1102230246251565e-14, -4.440892098500626e-14, -1.1102230246251565e-14, -1.1102230246251565e-14, 40.096206953228915, 43.76775443298931, -0.8237817912627179, 0.492187943032377, 0.7850563798305075, 11.519661479440401, 40.010355206628674, 19.23438951971967, -1.1102230246251565e-14, 0.0, -1.1102230246251565e-14, 34.19895504992776, 39.063030275585334, -1.3836109913788164, 1.9576141151114825, 1.871076075901101, 0.9316864328250176, 2.3983548804047814, 3.0019280127003753, -0.6051699346334658, 4.629306008906667, 5.234923709099462, 1.5671997020490949, 0.3299269877840061, 0.2914082751630076, 4.456943105940127, 8.546492200883563, 1.8156057668870744, 0.008121893530869784, 0.24732049746296525, 0.5291080508829964, 0.5689869823529534, -0.27893068344087624, -2.5347942979193476, 1.1663874367615108, 46.14105303814131, 34.80704507569179, -2.220446049250313e-14, 0.0, 1.1102230246251565e-14, 0.0, -1.1102230246251565e-14, 0.0, -2.220446049250313e-14, 2.220446049250313e-14, 0.0, 3.3306690738754696e-14, -1.1102230246251565e-14, -2.220446049250313e-14, 2.220446049250313e-14, 20.77738581715562, 23.90412596533372, 3.1071549490085317, 1.8457190378439918, 0.6766249067835588, -0.004212524974832377, 0.23375596638061324, -0.8916515887671039, 0.31084737665241846, 0.27386699576675255, 1.2644478103385381, 0.48283871115427246, 0.10982512758050689, 1.2187982356598468, 43.45390603910408, 33.67549748410441, 0.0, -2.220446049250313e-14, 0.0, 33.87289559447814, 42.230615904100944, 3.2933861083907914, 0.11406992146498851, 0.18338206284272474, -0.39518196289236585, 3.9220027673768527, 6.435963620415578, 1.056721411897911, 9.40665100984728, 31.874848453569143, 16.77907680303477, 46.43485220571, -3.411976516176651, -0.21041385420062397, 1.0800794563269847, 1.5512216006965218, 3.792708707435395, 0.2669773149768844, -0.6934316359182731, 2.7472357445180933, -0.2731631467660236, -1.1568533977351763, 1.1972130264289262, 1.393553094759568, 1.3958944851500519, 1.3098769446803544, 1.5761630877403832, -0.2498789881377661, 0.1197651509814932, 0.7934859027991479, 3.4248675714244428, 1.622187733446708, 6.771764218647718, 2.1138552224447267, 0.5991967897282393, -0.05585114711368533, 3.419876430312911, 0.3135069414903455, 1.8072253500829447, 0.1299173795165416, 0.1472243919416769, 1.3573865837624908, 1.2189776243860706, 0.5972100750391292, 1.5648298389479578, -0.06681578377236974, 0.6364032633646275, 5.384198809274039, 15.458715884063622, 2.4010405172462015, -0.3917043485391787, 1.1255472624472986, 41.77030483879025, 30.198798261188813, 4.815453250718036, 2.4111176315734326, 20.709887930491618, 20.151289495228525, 0.47848053742291086, 5.286389602968711, 2.236893467443963, 2.04568675906296, 7.599982388004378, 17.419711656383868, 5.268049230621386, 1.8766185595446814, 3.680414671245785, 1.7033583637535799, 4.341819219076626, 0.6794205633344745, 1.3235052057437144, 0.18574911367107916, 9.815736332668592, 13.746213579692736, 2.5067361158948778, 1.1102230246251565e-14, -2.220446049250313e-14, -1.1102230246251565e-14, 1.1102230246251565e-14, 0.0, 22.821841235737182, 39.783601927148965, 5.838350141010608, -0.2424964400040608, 0.6843607049743241, 0.1034285079917936, 0.6940075910956693, 1.5147531246234394, 3.516705959990418, 0.4264762305045906, 1.6555746021367668, 12.808767723370465, 9.62555745001032, 0.023607787708158412, -0.037042900950837065, 0.426580312210433, 0.03513209354804303, 1.6138723803271091, 1.6312516870431182, 23.83660720750808, 13.57229580750959, 27.3641821428088, 35.653756111486445, 4.268237527459348, 2.2598139382093905, 0.7418304719736852, 0.4312968887978741, 0.24261029225021957, 1.0244321954992301, 0.4943508038153368, 1.9278041918369127e-06, 0.251008513751799, 0.5333792748251653, 1.2961094232756523, 0.3354231634058351, 0.9478469598220727, -0.6988964382886707, 1.5452102486856347, 0.012328046229072243, 0.3466765017626585, 0.2824463184126671, -0.06398078559993792, -0.680932346733016, 42.237589126625096, 36.90691777573477, 18.883465652581393, 22.077086705785064, -2.443397425731405, 1.037466177231181, 3.6991688430406384, 21.53804991086946, 7.739742930404191, -0.1154622785702486, 0.10409822830968096, 2.4147592827195012, 3.143971676427668, 1.724088212514289, 1.6809305977564009, 4.846408740540255, 0.8354709415553998, -0.23129597869183272, -0.5651151360201538, -0.09977880489611834, -0.15257760229474115, 0.7010323631002393, 0.11724578570715494, 0.27259797495435123, 3.037569221841295, 14.911322709194735, 8.535051154315056, -0.2747810719821473, 13.053414781861733, 9.341698349292713, -2.220446049250313e-14, 22.15526724563695, 27.747894826271306, 4.053633362872802, 2.7464363808534245, 0.11586125621505516, 1.7805040895301545, 3.282339542888735, 6.397656829402138, 12.659418691164177, 3.2810798717849536, 0.8282096912298726, 0.33330038294772635, -0.005329790899480713, 0.3275886264141832, 0.05226887292948845, 0.9493967808318757, 0.5241922275128132, 3.7013938198792147, 21.882796496042147, 10.102757882383173, -0.602681567130162, -0.7343432718860186, 1.331379139875935, -0.24601264809166423, 1.937670689613924, -1.005203901937989, 0.5183568047178824, 2.068275899147011, 8.613704739128366, 5.387222143015833, 1.1385335027885048, -1.0869837478593922, -0.4346466588025919, 0.9566274226421569, 4.573445881694397, 3.727716812086612, -0.777055081846072, 0.49877558320702065, 0.6045932625910382, -0.015160234642110026, 14.944496975467189, 32.77306131674948, 10.298286959200595, 0.0, 30.741860696749256, 37.589614259736834, -0.05788248907686011, 2.773083405148782, 0.9959498516983558, 1.2969833713419803, 0.6629238473282157, 0.44745316974422167, 0.2776153237878134, 4.7330621432672615, 12.919468829575862, 2.9335586753490475, -0.0842702601930796, 3.1085970702617374, 19.93308124072462, 12.601725761729497, -2.220446049250313e-14, -1.1102230246251565e-14, 2.220446049250313e-14, -2.220446049250313e-14, 3.3306690738754696e-14, 0.0, 18.842913470774533, 27.917364798427116, 2.561619415284042, -0.8627787776053424, 0.20223718100481847, -0.7569775345393168, 2.8912278925271835, 13.796768380736125, 5.559579402023019, -0.37318066416560214, 0.7158146482598795, 0.14072473982037081, 0.48501227852671036, 0.9909683823254909, 0.09262004085758235, 0.6055011174557876, 6.821284055372416, 7.4325560493581975, 4.57603293830374, 0.07337203405762693, 2.1356919972121204, 1.90059271106918, 0.7958131225943248, 1.5713247416111926, 0.15544196031800084, 2.106530101013959, 2.3207360744457333, 10.81587302006426, 1.381673032757476, 1.508526090503949, 1.6677094918617854, 0.013630006602284084, 1.0938434265200954, 3.1877308370727064, 3.749533422498615, 0.07082088406903608, 2.981641350012694, 0.48671114146941363, 0.831743894156773, 1.7791447090078236, 4.130988079452209, 0.8723877863492362, 2.5643752258455947, 1.0521505183760382, 2.2121460324206055, 0.6117713495906401, 5.921953913105483, 0.390843061296664, 1.6080717982279111, 0.07597512556702668, 0.2820751455450363, 1.8771832654969103, 1.8036658528586713, 1.4946987563947687, 2.4016171871041365, 0.1029155119985603, 0.729903641232454, -0.10886601550919295, -0.014594958222346577, 0.6217012102907233, 0.4042915403058487, 0.05723635088838819, 2.2914032718194903, 4.975038795935575, 2.606844405541324, 0.19068197644878637, 0.23593791152848098, 0.3350016888667824, 2.5357056099837223, 30.459521034300153, 21.901790518713106, 20.327670969160224, 24.159128308317207, 0.7250962655991771, 0.5342179726405334, 0.7239068243045494, 0.03304953897463747, 0.5219358807544268, 0.26178805322217613, 0.14571935971287076, -0.17142078913184378, 1.1812031610622853, 1.0458948854538903, -0.0062089640532576595, 0.175118157011525, 0.09061245920645433, 0.7755322985025259, 1.0433949844848485, 0.8854119771444857, 1.5299707925520352, -0.22636145981050504, 1.0366751394345783, 2.225731527255107, 0.02803427414323778, 0.4969679526211621, -0.6365665427064187, 0.30628111382543466, 3.241252959021324, 6.719881173582053, 0.6434677167081873, 0.7288976562851985, -1.7895443337134225, 29.912998733909916, 23.61000409171109, 2.220446049250313e-14, 0.0, 39.95932908307421, 39.08213777588725, -1.0689365418486432, 0.309302441346631, 0.32578560491208464, 0.21995941612271963, 0.3046172854706697, 1.4293386663138108, 5.33186574308445, -0.2725323954045962, 1.4725311839853248, 3.1899528074188765, -0.15261236698927405, 3.572217994949483, 0.6543386046533897, 1.110916352399613, 38.70879072557176, 31.09591178072722, -1.1102230246251565e-14, -2.220446049250313e-14, -2.220446049250313e-14, -1.1102230246251565e-14, 3.3306690738754696e-14, 1.1102230246251565e-14, -2.220446049250313e-14, 17.846517997371194, 24.852116998216786, 4.589952754131218, 3.272525889654446, -1.726841249486199, 0.9708663397168493, 1.0009363752426452, 0.03985655462724935, 3.4650667108128346, 9.112571075992719, 2.291177841548688, 0.10344140849167616, -0.6510049817213712, 0.26455275596458705, 0.25367218918290746, -0.3412048330944799, 0.556887456001391, 2.3120204467398935, 16.03725459095233, 7.526633913745741, 0.48409100888028433, -0.6972508420114991, -1.9899365131558966, 23.64699685520017, 15.864249892185299, -4.440892098500626e-14, -5.551115123125783e-14, -4.440892098500626e-14, -3.3306690738754696e-14, 2.220446049250313e-14, 4.8005629412805035, 18.398647318636932, 13.065678105275623, 1.0852561179722784, 0.3308878154496142, 0.21053989396114048, 0.6413652634522009, 2.3136053027718617, 0.04519538348495189, 4.689796603047853, 2.338931184575472, 1.1927726183181449, 0.33124064811886456, 3.4229388312715514, 2.2560204093598486, 2.2988821183525943, 2.1380795913372594, -0.051762282488425626, 0.7804627009426213, 5.9313860130168905, 1.4481721462630048, 46.52638913914623, 43.64643406125522, 1.1102230246251565e-14, 1.1102230246251565e-14, -3.3306690738754696e-14, 1.1102230246251565e-14, 38.53538992380513, 53.02002222543001, 4.335024197713324, 5.460829802332569, 14.275132093851653, 2.7100126161873277, 3.397617742016564, 1.7426766707600336, 2.9329220934525893, 0.614150573452207, 0.3580877402723672, 2.063254403814028, 0.41693328818564623, 0.32018025167315045, 1.6140303408184309, 2.374406740989457, 0.24604653415781286, 0.2749182932603844, 0.4728088935762571, 1.2507448301547583, 0.011206739233443841, 2.5238487776587135, -0.06638128491465523, 1.9074280835526451, 1.2269230961201174, 0.2955728554985626, -0.0970229172614836, 0.3039700399904177, 0.11644015954834686, 1.1717525895357994, 1.9070701836990338, -3.7665050013728205, 53.04285416211127, 50.941247210442555, -3.3306690738754696e-14, 2.220446049250313e-14, -2.220446049250313e-14, 2.220446049250313e-14, 0.0, -1.1102230246251565e-14, 1.3383799329037505, 49.2429508522747, 51.9464176525363, 0.6448296460064284, 29.790283061437435, 55.0284832088866, 10.832209806229613, 1.1102230246251565e-14, -4.440892098500626e-14, -3.3306690738754696e-14, -1.1102230246251565e-14, 8.881784197001252e-14, -5.551115123125783e-14, 24.755863789571805, 39.64963628276445, 3.036363067082732, 0.9527683710427937, 1.4771515616592978, 0.5378726286603523, 17.161233413247828, 39.85422248902117, 17.18580859997769, -3.3306690738754696e-14, -3.3306690738754696e-14, 1.1102230246251565e-14, 2.220446049250313e-14, 3.3306690738754696e-14, 32.922539835699155, 52.744262010935586, 7.540813921421318, 0.06572785688035765, -0.048866266712138895, -1.0432283639667048, 1.1341667332601446, 0.15704763655764964, 1.898901589995262, 0.4295295082300754, 1.6462566262781593, -0.1005417696898121, 0.1745568389139862, 0.4641431634795481, 8.752737302002402, 8.720370037092835, 0.08605330136151679, 3.256925460257719, 22.043761402223197, 23.24269004910633, 4.8150746290481266, -2.220446049250313e-14, 3.3306690738754696e-14, -3.3306690738754696e-14, 27.90063812731728, 51.87056260080419, 14.555341203163152, 3.086226679572974, 4.055967987586882, 0.799027774153501, 5.881999586413258, 66.19026630784543, 60.476005188445384, 4.440892098500626e-14, -2.220446049250313e-14, 0.0, -3.3306690738754696e-14, 25.023324933506146, 39.22411780096385, 4.82971968583837, 0.7143698378662293, -4.513951289976035, 47.272015761883154, 38.05666885677553, -2.220446049250313e-14, 2.220446049250313e-14, 0.0, 0.0, 51.61333307191242, 53.61454595435737, -1.2256901842556545, 2.3541233083525412, 23.03439875401864, 16.293707678844896, 1.7424451548061484, 0.1250168918886061, 9.187271765714684, 26.9494147317929, 12.54244652788691, 0.2598370171120905, 2.735193870234639, 2.0231749139636577, 0.3567871631539674, 1.0068100624896488, 0.1569567589841654, 0.40703598284699183, 0.5111170694525526, -1.3146406302518017, 17.527334028990822, 7.902170196897487, 1.2166693488100009, 28.56720446520694, 7.288398477096052, 0.1736057244943936, 0.986982388564229, 0.7313843441006611, 4.243284220031796, 0.6115388466533318, 2.2312859831099274, 11.421962908631485, 14.227319395332756, 1.4933039142795224, -0.7584726161148865, 0.3657733004063175, -0.008049143573202855, 0.20823147285670984, -0.9526572028025839, 1.4505630955436573, -0.31004449509703136, -3.561652984795387, 56.29331334458067, 44.974797336622544, -6.661338147750939e-14, -2.220446049250313e-14, -1.1102230246251565e-14, 32.49377048275905, 34.759604484467985, 4.642197263777973, 4.418050521217651, -1.5173431801387096, -0.8040269238011888, 0.561033858268047, -0.16640194810020148, 1.7082012605351338, 0.9546435679852721, 0.8519253583045838, 0.5747729901747789, 1.7709327226506275, -1.1206416816235105, -0.7429611944317003, 0.24385201235429577, 2.8661042110630888, 0.8761090480027178, 2.5957158687626816, 1.45462227521989, 4.046527866955898, -0.10455790346907179, 3.336039363857026, -0.0075383780782658505, 1.7032592735198477, 1.9084047601264729, -0.35178798117851784, 1.072661709286649, 0.7335250710031005, -0.19572412610409629, -0.1808912677471426, 0.615536253635355, 0.1361248804122397, -0.16389780350687033, 1.368993475128832, 54.03327197710763, 49.486447625658485, 2.220446049250313e-14, 4.440892098500626e-14, -2.220446049250313e-14, -1.1102230246251565e-14, 50.89600315560244, 50.291956729984065, 1.6541447310897865, 0.02598036231529477, 0.4976471566363898, 1.0994569135798429, 1.1682769456508595, 0.22605752589913664, 1.7554118867851685, 4.200597687634058, 4.431003876850468, -5.917870183920684, 44.350554586580245, 43.89564299488757, 1.1102230246251565e-14, 2.220446049250313e-14, 0.0, 48.993883289072045, 54.423306571074136, -2.970234304472342, 1.1878595603429858, -0.3116753788863207, -0.013778626970861296, -0.15694856955349223, 0.7249765111805573, 0.8723424152938151, 2.948256177814301, 3.8806035379673176, 0.5438481611759016, 0.2721762364503775, 0.02168078013937702, 1.7446608323956525, 0.3552128661351617, 0.19656259550436062, 0.4794703143523975, 0.13559518813417526, 0.21428445536093932, 0.16349182371504867, -0.8434075234901002, 0.2509198375549886, -3.199182328074926, -0.6700297675611182, 2.633454022519004, 0.08509526460204597, 1.838746661391724, 2.1846829006705093, -0.05290565695815985, -0.9850502875170832, 0.6536032831008924, 2.616967023317784, -3.0094324966942168, 1.9917845872671478, -0.4413733071489787, -0.5139809755869464, 4.170989946925943, 1.7528456220932185, 0.9165158735826253, 1.3123089883804369, 5.645913312946959, 2.927031118872833, 3.4583427471474124, 3.482990181587411, 2.9148503008043463, 2.3215959637577726, 0.8292786891568085, 1.1695639086150322, 12.483700624910625, 6.052353475598011, 0.0943971854475194, -0.07159510770026145, 1.2180642529289116, 10.036184110139061, 28.31032781505948, 13.469200060434588, 14.27876422037913, 43.597272633508396, 16.12209939906728, -1.2678697818503224, 2.3725969707533068, 0.06074721578443132, 3.2488423788848877, 1.0539555524953812, 3.0357347317868744, -0.06958976790053839, 4.609471754658557, 0.39087926886145397, 0.7552398740951958, -2.2683412867168045, 2.8026915603444422, 0.040382943519489345, 1.1249473772312513, 0.4927159670595529, 1.5823799080261551, 1.4421059602867672, 1.4590383381014362, 3.161639071440618, 2.5136152494874295, 0.4470332588465453, 2.359533589044304, -1.2637782061664211, 1.2172135528717263, -3.2236542456736856, 45.3850471532885, 32.84105830801582, 4.440892098500626e-14, 2.220446049250313e-14, -1.1102230246251565e-14, -1.1102230246251565e-14, -1.1102230246251565e-14, -1.1102230246251565e-14, 19.6749013134972, 26.51305775420991, 4.1158833241598245, 0.9679492313375704, 0.3326801506536299, 1.842835942590682, 0.4556400927886557, 0.10423043563508827, -0.03533633013199733, 30.923392599674287, 2.1830742360186832, 38.37999353912619, -1.706087587572938, -1.8219589777629608, 2.4563591926690833, 0.9971778811504919, 2.103542520032761, 3.298059844291174, 13.439552765231554, 39.903519719053435, 29.351219845414107, 66.55193134506362, -3.5686731347461773, 0.6976382580509153, 4.1505425428806575, 0.47892558830744747, 3.06214734845139, 1.1127421433820928, 0.15638511913607545, 1.082496417120069, 0.5304170240169697, 0.6960268993359477, 0.29659936263499276, 6.993201149253423, 56.535822396078515, 33.58397304220949, 11.296417347018995, 45.47909375923166, 36.38379235321224, 10.70518969337536, 0.9088519956889058, 2.1791708307994213, 1.0961756788927914, 0.03265293655181267, 3.788752138078962, 22.379592061911012, 65.01949399396227, 15.699355142163824, 0.0, 2.220446049250313e-14, 2.220446049250313e-14, 0.0, -2.220446049250313e-14, 2.220446049250313e-14, 2.220446049250313e-14, 24.1201780340391, 26.46090100015354, 4.206615101334876, 16.823577601906777, 10.475009062387244, 0.845335541467648, 0.72931120404985, -0.05599295336730847, 3.915012278556219, 62.825261512805014, 43.98527184461028, -4.440892098500626e-14, 2.220446049250313e-14, -2.220446049250313e-14, -2.220446049250313e-14, -4.440892098500626e-14, -2.220446049250313e-14, 0.0, 36.47584351504911, 54.80265512754846, 11.119305393544778, 6.309421520943033, -0.046478024446287236, 1.3827815753770665, -0.9472294353872712, 32.635747387781635, 1.2994731725478914, 24.296267411550502, -1.4260022561554706, -0.3241910870855236, 1.5425324531549904, -0.4976115896649844, 0.4378047048828648, -1.986567937677819, 7.012824135925939, 17.807727930092483, 5.130712943156595, 0.761327194803016, 1.1423215979290262, 0.8013526310511452, -1.3463291458126605, 40.728498143684305, 35.641510156130266, 0.0, 0.0, 0.0, -2.220446049250313e-14, 0.0, 0.0, -2.220446049250313e-14, -4.440892098500626e-14, 0.0, 0.0, 42.42605501541527, 64.96179218662337, 8.534493826481821, 1.4373654856286748, 0.1480497477678, 1.0275857293570425, 0.07956304995968821, 1.935236861877911, 0.8376250994215297, 5.944328223013599, 6.105885918944864, -0.08887398411752656, 11.478861907657574, 9.068701137398534, 0.1785426955402727, 0.18627901838021899, 0.5547856745718036, 0.42273891033255495, -0.07622066897135937, -2.800384538512617, -0.8373255847727705, -3.3446161041415507, 1.8557855080862282, 3.0479736644774675, 2.203999800585052, 6.309939571789528, -0.35964443266584567, 1.4204792155533141, 0.2582148407100249, 2.77584003029051, 1.7481247709199579, 2.6156359362184958, 6.6094775657742275, 72.15887560041261, 59.93025409881696, 6.661338147750939e-14, -2.220446049250313e-14, 0.0, -4.440892098500626e-14, 4.440892098500626e-14, -4.440892098500626e-14, 0.0, 9.227948498357371, 55.59994816887394, 36.49452339473498, 4.0660113012253305, 0.9553754340902287, 2.124841706043753, 6.770568831101855, 0.4337163606883223, 7.276728363261668, 0.16521433431705645, 0.7462108307695416, 1.0599063335025676, 0.11597773902599329, 0.846257819231937, 2.9970622195971828, 0.3565691594008058, 4.231895959381973, 16.570340693639082, 1.4884596109349104, 2.4592704658773528, 0.7055733126777568, 0.5440368354763905, 0.7885212522204483, -1.7822751155254082, 3.012686334193745, 5.223793158413173, 1.8678611393360143, -0.7644081029740164, 0.4379429253000353, 0.8574831504940903, 1.0743075060613592, 0.7430378059663099, -0.7066180227868699, 63.93156120617158, 51.050532131473915, -2.220446049250313e-14, 4.440892098500626e-14, -3.3306690738754696e-14, 0.0, -3.3306690738754696e-14, 0.0, 4.440892098500626e-14, 0.0, -1.1102230246251565e-14, 0.0, 37.59237815429296, 79.75800722538503, 13.935645744109593, -1.2112218210367018, 0.7357485038037339, 4.194065692960066, 4.158640010427803, 1.5412418528164835, -0.03496268216554199, -0.563188563523795, 0.047824042038314474, 0.14488901512618213, 4.662505541732912, 0.5580028576438281, 2.6767318814304417, -0.782902897208146, 23.16181979077777, 43.283400722515836, 12.127235412796367, 2.220446049250313e-14, 57.75675145506733, 62.753482464650915, -0.4001174291361167, 0.9701392590486648, 0.23463017826861687, 2.4383501456458134, 0.28282080846292956, 2.154313534661128, -0.4103251608351002, -1.926187115088851, 3.248728908236444, 2.417005895892089, 0.08645340665054846, 0.5754631980885279, 0.14477257548219313, -0.9956196769118151, -0.2693461007838778, -0.9290104510106403, 1.6503842752545097, -0.1546332442341054, 16.722332555032835, 60.52845246256692, 26.130238351095244, 64.64908061614773, 62.40879876647227, 1.644613143879269, 0.18523199561354886, 0.8550765627031751, -0.4963165086066965, 1.2434144712511852, 0.07606670111385938, 0.5168945481726723, 1.071946646616425, 6.283886812456672, 7.768862900773115, 2.616421362042047, 9.200324173562649, 3.59295775031228, 5.762207065835582, 1.7871465155282067, 4.028160540895783, 1.0606833718107964, 0.09542164229094396, -0.1328400173879345, 2.882248734494965, 2.5538114099537097, 3.4771034833640897, 0.8297774517072867, -1.7223672906304728, 6.612448280096828, 22.004207768292474, 12.600855938150403, 1.4797715804787686, 8.015819695771995, 12.460245263613274, 6.625456469609617, 3.906049118805072, 6.814898974527409, -3.261673446435452, 84.19976942400342, 71.09128734298599, 0.0, 0.0, 6.661338147750939e-14, 0.0, -2.220446049250313e-14, 0.0, -8.881784197001252e-14, 0.0, -2.220446049250313e-14, -4.440892098500626e-14, 3.7986499821142274, 3.8507758709999607, 3.7898144175744477, 3.8758785552626804, -6.661338147750939e-14, 1.345846205348744, 1.341254497030583, 47.57363288331888, 63.78393731167438, 6.874189673169667, 7.315236684316346, 3.542547475226229, 0.32473781021633386, 0.17312814574415825, -0.4422569491499644, 0.6478755454476186, -6.547473680818598, 4.930382933705459, -4.887071400930495, 1.7450106167384547, 1.870373832187397, 0.16188158437603306, 4.993694196314891, 5.9503465706122824, 47.335836919840915, 33.25126977009151, 36.91220582462262, 52.335981240408216, 1.9096754943843735, 0.6729000621921841, -0.08269879073736774, -0.07315972693038475, 0.9381929874678008, 0.46743926131011904, 4.87730500756777, 21.398287200526966, 8.592423923207434, 30.02538006435219, 17.23145106920242, 18.87899025753893, -0.12173013688948231, 0.13388136762750946, 0.8851588425493446, 0.04364959071051544, 1.1973985930978301, 2.712201658709546, 5.016474562087524, 16.999514466655683, 4.864778375976243, 2.4108900496714796, 1.5007758029965999, 3.032051422255904, 0.2387519539947789, 0.32583510950576056, 1.7750744185688063, -0.009230432021126944, 0.682304611530526, 0.21715151750447603, 0.1380252169869891, 0.5862393169584266, 0.5416458668098585, 0.46504133400515, 0.38470550022566385, -0.8908218326976112, 0.3664892082266533, 0.15001064589012003, -0.054532567028445555, -0.8326012201792992, 2.8527543053505724, 5.376404837278301, 3.1311907663177863, 3.177323971489841, 1.073580279026828, 3.6216511087350227, 5.294737112173152, 3.477212351230037, 0.6596257437145141, 0.6630187313460283, 1.165931390498372, 1.561878116682692, -0.562905816323223, 0.9057938684162536, 6.329683178095877, 57.22280697815472, 36.56473209525342, 0.0, 4.440892098500626e-14, -2.220446049250313e-14, -2.220446049250313e-14, -6.661338147750939e-14, 57.432862224438225, 57.720583907077526, 60.058062489552526, 2.5036594576562266, 61.59162354222468, 4.0988067260872185, 0.017482312847050707, 1.7500943175484736, 0.7815756073007378, 1.461133758064875, 0.1770564961228729, -0.009711268765954628, 1.851558582463099, -0.31989916729719425, 2.1163456431285113, 3.1279211347028877, 13.555073150390513, 2.553362573930599, -0.20785952987671408, 2.4671798534484424, 0.4863528030962243, 3.0469636659796606, 9.007738236877003, 3.9611809075955193, -0.14612104828614747, 0.269066697588471, -0.2525122512747089, 0.3498497122468507, -0.12059244276480285, 0.47897743034400264, 2.4099236068212804, 8.908679507490092, 4.5735272311494555, 0.4212239408268488, 0.3315750779289601, 2.8701790012088395, 7.188826557942775, 4.280254352323027, 0.7413387017338664, 5.122442903018282, 0.8723078691803039, 2.157083016289789, 1.1120267642052113, 0.08419836594816843, 1.0750628940543265, 1.2060554806407708, -0.10247107016948576, 2.84389782622884, 0.7874420250775529, 0.38761936536423036, 4.006867677098285, 1.5724859394916848, 1.2195851519329608, 2.856039173392901, -0.07082314046783722, 3.2004900732781607, 3.365507334793392, 2.658946920312246, 1.5780382081459265, 0.16735497295917412, 1.0045542065356585, 0.43734701775633766, 1.7614097594821487, 2.7528531826746985, 0.10466338281275966, 0.05294939553118638, -0.8105572633809288, 79.07976377787196, 76.8721125266153, -4.440892098500626e-14, 65.92155538926644, 83.85063056800539, 11.30239008950582, -3.7146235341974716, -2.852956322945829, -0.30653497726120804, 0.2013099226671784, 13.338286986685034, 67.06200106104012, 1.3879079199635953, 68.7170888149418, 4.563732553493878, 1.6557720461313465, 13.910844451992773, 57.37286747800391, 32.19280340834389, 2.220446049250313e-14, -2.220446049250313e-14, 2.220446049250313e-14, 2.220446049250313e-14, 2.220446049250313e-14, 0.0, 0.0, 2.220446049250313e-14, 0.0, 3.942335143565476, 18.127170656004836, 10.19957872014308, 0.5543795021374649, 7.902308898768979, 13.609288703248353, 0.37341251657005614, 0.825870202346664, 0.35756253956446926, 0.622759329841756, 0.0809876524003812, 6.004250029924265, 9.312411502034024, 0.7905678982667723, 1.9126380676773351, -0.6220531713564696, 8.168066632865703, 2.4358658197796785, 3.2753583953440284, 0.2508501269255703, 0.19680540640820254, 1.0430423780994715, 0.4972272332702232, -0.27657379891957135, 0.17140617247787304, 3.698211471679315, 0.032260877769203944, -1.8562731370022902, 1.6292112900589473, 3.6916392085493044, 72.30195690048373, 65.47415852130854, 4.440892098500626e-14, 2.220446049250313e-14, 4.440892098500626e-14, 0.0, 6.661338147750939e-14, 18.139038871332957, 43.03780502875421, 17.812045105097354, 2.8060560959802388, 0.08342543602816477, 0.11004482431917495, -1.679841307511083, -2.0169916110824033, 62.49536119614032, 44.434302006610864, 4.440892098500626e-14, 0.0, 2.220446049250313e-14, 24.75602156571493, 43.212407004415496, 8.628163029152745, 3.7578460737508976, 1.223598599816114, 3.885822034800981, 6.823741926282082, 0.16439742340389785, -0.6372163700832516, 0.9494824144060203, 3.2284037487884234, 5.415596117134328, 2.514234006242077, 0.6291412210480303, 0.28357083911441805, 0.8812662691329933, 1.054538400679121, -0.8783946642845422, -0.2406765122593697, 1.1460410826821317, 1.6336976851473537, 0.40278433057596885, 0.40425817712934986, -1.4563158629068766, 2.1897192458036443, -1.2169221478075087, -0.1747033607598496, 0.3638280947407111, 0.7467244436166993, 0.059339086750469505, 0.23783002853849666, -0.44484201906993803, -0.4835137477994067, 1.4469912166289305, 1.074238147891947, 1.7677772393045643, 0.00552536970667461, 0.030491521231624574, 3.0313345538993417, 0.22807628360487797, 1.0027283449793458, -0.15414697230096408, 2.313786375113409, 54.05369451805575, 38.9529599200001, 0.0, 71.87340595514155, 68.47827654835214, -0.7349319212972887, -1.775709980822512, 70.18586217382904, 58.28660509046867, 4.440892098500626e-14, 4.440892098500626e-14, 2.220446049250313e-14, 6.661338147750939e-14, 0.0, 2.220446049250313e-14, 6.661338147750939e-14, -4.440892098500626e-14, 4.440892098500626e-14, 0.0, 0.0, 0.0, -2.220446049250313e-14, -8.881784197001252e-14, 0.0, 4.440892098500626e-14, 0.0, 3.769897316565629, 70.63555932080641, 62.88190783126231, 2.1546837980695273, 0.83309844448479, 2.2571362692224284, 2.1189108760333966, 2.8421152026116943, 0.20127766865107333, 0.6718233482847609, 0.2794076289100076, 6.643558289868565, 4.112209061312456, 0.4053855762773537, 0.5784160046562192, 0.14659561853056857, -0.8129478773413439, 1.1976720355283987, -0.4738821923550631, 2.911564266666346, 6.95224741993502, 2.9832462967074207, 0.11838229376962772, 1.7865637102854635, 2.3678960259503583, -0.41375738040915166, 2.0376519128972177, 9.246033219934816, 6.818122845702192, 2.9875662777229763, -0.14519668624427595, 2.403933529650999, 1.1759086656829822, 0.20012865801311364, 1.9416376135786777, 5.173538296828724, 16.192818369383303, 7.086926543871186, 0.261242272149957, -2.3406496716257834, 4.899898815884512, 81.95724762433895, 47.68095595221226, 2.220446049250313e-14, -6.661338147750939e-14, -2.220446049250313e-14, -2.220446049250313e-14, 50.8483337303129, 63.049894222175624, -1.2879548362777768, -2.8359499009069395, -0.2282403734672016, -2.42130913274832, 61.3015406447322, 51.956863231104705, 4.440892098500626e-14, 55.95941082057382, 70.23308037962806, 0.1890520514673426, 0.7420826660190869, -1.8142753233661324, -0.21042448648518075, 3.047187697953518, -0.6377655941179228, 1.5763060807450984, -0.011926526483421185, 0.2957749416086699, 70.33160176596743, 13.952638620404912, 50.02506373746513, 6.583202324162812, -0.8951707172502665, 0.2685844799181041, 3.6216222722154043, 0.655090832800056, 0.23729916939100804, 1.9786431758246863, 1.0874589841491797, 48.24985185178252, 0.5282914973204242, 70.88278464162693, -0.35100170918815365, 0.7646491197924661, 1.3267510286806328, 0.26777214241724323, 5.878987145541714, 8.97043615748305, 1.275156640714954, 0.025015967431897934, 0.8953302209478124, 0.39416044191898436, 6.788831306927648, 1.248765328921877, 0.933469796224017, 0.4463392052812196, 0.7645247558497203, -0.21790907945148774, 1.2216192081448298, -0.8245980722986133, 5.233270109890441, 56.607113207118175, 39.54870716990524, 0.0, 2.220446049250313e-14, 4.440892098500626e-14, -2.220446049250313e-14, 2.220446049250313e-14, 0.0, 61.79968586459057, 71.90657938397567, 9.71709511183849, 0.645270063327871, 0.5713614481787772, 0.07971983870811528, 0.8201241548583766, 1.4378983358164987, 10.543917150924358, 10.794768267779318, 3.448999090700454, 7.184370427077113, 51.764716039859366, 26.04029911219405, -2.220446049250313e-14, 0.0, 0.0, -2.220446049250313e-14, 19.649116826259856, 37.17437962503027, 8.068669946207194, 0.7249225873796377, 0.700190407371224, -0.9433978779383096, 0.832680663851761, -1.2508095376723531, 0.6316661873195244, 21.14360079217954, 32.03759402017522, -0.8879738752059438, 2.7117647377081084, 1.4056664117263153, 0.4235481178404825, 0.12825435101649418, -0.3554408296065503, 0.8896540708242355, 0.39223142082937557, 0.2493305988857628, 0.6024875272244117, 1.5229343841713217, 4.602588341038654, 1.8094536044702636, -1.0121440365410308, 2.062311194221138, 0.24267207135289937, 0.01274663273807164, 4.568045875070311, -1.2008462223896004, 2.896068307453561, -0.1624520658167512, 0.6228671314840994, 0.9069827875396186, 1.5419749129503089, 6.455564496039187, 16.315340137573457, 5.5032316683810905, 1.5870952811696952, 1.6826243780378718, 2.8050501740859772, -2.9045410467708734, 1.6019635353542299, 5.208749220338859, 36.83662447859513, 85.78250643863504, 13.162519591652142, 85.430704302001, 23.128428868276046, 16.129559960304505, -0.7007969721703375, 6.005114524531336, 3.2905945785200856, 4.168826837725192, 8.731802574703806, 2.003238322843913, 0.03368194068536923, 1.820084698576693, 0.8316588822674476, -0.4347616341852927, 9.507337039939102, 88.04861251171923, 60.130140600628124, 4.440892098500626e-14, 4.440892098500626e-14, 0.0, 2.220446049250313e-14, -4.440892098500626e-14, 4.440892098500626e-14, 0.0, 0.0, 2.220446049250313e-14, 28.161684213570382, 52.52968949299833, 8.300307415200507, 4.452604468202708, -2.8858146982524886, 33.19746208135359, 68.67097120546049, 5.697675888031995, 51.07700332446285, 1.3357436429989775, 3.417968283334517, 0.2962723374844245, 0.42421885447998875, 3.861475236469687, 15.358124238463915, 10.029619223292684, -1.1853896648314048, 8.016222967106955, 75.84265555221714, 49.147469712266684, 0.0, 6.661338147750939e-14, -8.881784197001252e-14, -2.220446049250313e-14, 2.220446049250313e-14, 0.0, 0.0, 44.54168138224014, 64.23271413291087, 7.931068011582283, 5.295641235258927, -1.7785016892175918, 1.0209240780501432, 95.70803689560398, 73.85208644512022, 0.0, -6.661338147750939e-14, 0.0, 0.0, -2.220446049250313e-14, -2.220446049250313e-14, 10.114015556450049, 65.94511124032323, 42.21104839176684, -0.8542775416902941, -0.18050199600224914, -0.7628883463453349, 2.114221132898024, 1.4916400057463761, 4.117320572788685, 4.152866762296071, -0.051123724223089084, -0.15724601339366018, -1.0178308507970542, 2.6374230920234822, 0.3088217489548697, 9.904431185786507, 40.951924676033286, 12.36210372206665, 0.3784916930796385, -0.005297273276482883, 0.3164697187571619, 1.7461220187313415, -0.0036466044321628033, 0.7910376470412075, 15.547128440030065, 39.73797743999876, 10.832781749553305, 1.1115279082830511, -1.144826489154184, 1.9311168081344476, 0.09887226201681187, -0.3252793769283926, 0.39752291752620295, 0.7864857976951498, -0.35888479100913173, 5.953376580007898, 15.317163613738558, 2.9524600126286487, 0.45577397431259214, -1.152763003536279, 23.583462624145795, 64.86832585876101, 19.750540917750698, -2.220446049250313e-14, -2.220446049250313e-14, -4.440892098500626e-14, 33.58182462977524, 73.42449073245854, 35.09525455035225, 9.167601908468896, 0.18211641693301317, 3.801548818914398, -3.9747199284036014, -1.5937986518292746, -0.2969022165682418, -0.19608819137533828, 1.149786416212919, -0.04097491812899534, 5.846380707259641, 7.962842731344381, 1.0687280492538775, 6.59965699085501, 2.5044976966521517, 4.735952482744096, 2.3281582244731, -0.12941970701422179, 0.39052518667210734, 1.561731741948961, 0.19380006438404962, 0.3199802690910474, 1.5472903290708473, 3.9657317096528004, -0.8331636617097047, 31.72588267084791, 98.50793576291443, 38.845890761169755, -2.220446049250313e-14, 54.186685137007885, 56.96257655962097, -1.921047412236362, 2.3350579951157897, 0.28875592407604245, 0.021194337392557827, 1.1023765151160205, 2.029951666239697, 1.3407039247217654, 15.555191832140395, 29.130725114693405, 8.75563994679851, 0.7355421263821427, 0.7975841137886164, -0.45326111934468827, -1.788678372418417, -0.2946483566961433, 2.1111245261827207, 5.668757312356547, 7.3515847477160605, 0.8143330829916522, 4.252541188030136, -0.407673248854735, -0.5094477062489204, 0.5550924558083352, 1.9237043462374004, 0.733536993933626, 0.9471638906936732, 0.3811169168551487, 0.7234596909686388, -0.40702845566261203, 1.129614543127559, -0.29600089249595385, 0.9126626363600963, 1.6276308136257285, 4.912003284209959, 8.66433569418814, 0.0149041981104574, 0.8790201251804319, 2.419611751891125, 0.8655512539477286, 0.6797313514442749, 18.15803706233862, 35.237928922734, 2.108395280302375, 37.367865515613516, 3.0599644213134525, 19.291553297275982, 0.8275362749387796, 4.4150194336114055, 1.9730963395388699, 1.0912491835495075, 3.633472765910483, 0.8658370750728182, 7.687730039201369, 23.518507702498255, 3.8209780190090896, -0.29297073255179384, 4.052271445202905, -0.2745305895339243, -0.06373062898558146, 12.435476767261207, 90.61190735004794, 53.91424821916709, 19.25263169257657, 72.79409940798968, 36.07733944600818, 1.0381070910941617, 1.758116795890146, -0.27637505768825577, -0.5975049378826043, -0.5413799769876277, 0.24462407447208534, 3.8242218630266507, -0.20367319959655106, 8.48750533524617, -0.22160480664274473, 0.36991556658426816, 2.2364182588648873, 0.06750138963479912, 6.723554862241372, 1.785134191090492, 0.5652374266919651, -0.4445232891996511, 1.4701081974317276, -0.2692152894373976, 0.46635013243576395, 1.8830785335674136, 9.848266398812143, 97.96009908039025, 70.65541070781643, 2.220446049250313e-14, -2.220446049250313e-14, -4.440892098500626e-14, 2.220446049250313e-14, 2.220446049250313e-14, 61.28347865630721, 76.79850032105321, 11.13769112102932, 7.137654132826583, 1.335327347550674, 3.052606939829957, 0.11583252248306053, 2.330297667889454, -0.33280106769598206, 2.6859683932013922, 1.5607720432226415, -0.21876343994381386, 3.386830149923071, 4.868581695250668, 5.875045975903731, 2.756451381012539, 0.7256073515582102, 4.923574291864611, 0.4244647614492578, 68.92764154025724, 58.105880206043196, 2.220446049250313e-14, 4.440892098500626e-14, 0.0, 0.0, 8.881784197001252e-14, 0.0, 91.87137493921239, 116.04654009621049, 5.2192460891760675, 2.690061313707247, 2.0537922899397927, 0.31828590658506073, 4.5622572456064745, 24.10154766024948, 11.775554336013897, 4.440879035412877, 1.643652069732525, 3.8763652772016712, 7.353056550021165, 2.9319749550454617, 27.889323852178563, 34.146687142846986, 4.934974772349506, 4.139941050102152, 3.914845110826491, -0.11060386689632651, -0.8110644356031571, 1.4537017460097559, 1.638528024004927, 6.193890021657808, 8.399056214176312, 50.828530750485584, 23.62616850032589, 7.259892193112989, 0.1291566621140987, 0.07932535382417427, 0.4859107407413603, 1.7694610010385645, 37.12485902714127, 47.85337146041252, 4.1690184229912575, 2.500218593728505, -0.07919654620286565, -0.6619359598939809, 11.974274679276164, 111.58198538064352, 77.41932325377184, 100.9707045663452, 103.46003012946085, 1.3153865748297449, 0.5699974183680752, 6.097521066904619, 7.745103095233617, 5.647899114212464, 5.454177346914776, 0.3258521598147581, 1.2309559301039599, -0.2502866495985927, 1.7171939027333565, 1.2097086047505172, 21.07494578364424, 9.2985422570207, 0.46012833771862915, 1.4446930933684143, 3.2295683961654618, 0.15575815386011982, 0.1354748916241988, 0.5625718457092717, 6.2440374966484455, 31.099836687699508, 19.23698003122854, 9.156111083492533, 3.9052541381929586, 10.296577933611616, 2.184484565308594, 0.5786173229266751, 1.0274484782453328, 1.7945856092781014, -0.6131561748302374, 0.5725198966360949, 2.9328900812315624, -0.045063207616294676, 1.0012477102152388, 0.028871351445786786, 0.3545579616959458, -0.931700580727238, 47.27513866692698, 50.564847588711245, 19.799241361002487, 57.33960361340735, 3.044574816049135, -0.27739969754861704, 1.9743843480114265, 2.4902794272647952, 3.217112614004236, 2.480207184999472, 0.06483163393932045, -0.9487220140858881, 0.20694856127715866, -0.5873653308938174, 2.5194675383868343, 3.271102164246713, 2.1106194304629753, -1.0830539331757336, 1.3211952499166273, -0.8833769741991091, 4.2501472502056, 0.4016441486785425, 1.0681312477868232, 0.1785451736466257, 7.341415370305413, 1.1313872341661408, 15.26301409304483, 13.735416885491532, 1.289530890003789, 6.181889376182426, 1.7634302023454893, 0.038356410479764236, 3.5774230950985384, -0.9938397989958503, -0.2058628130168927, 0.800239896622088, 1.323190402176806, 1.0314698886734277, 0.16510206579675923, 1.5880883540791046, 12.138829510243795, 7.164453178735471, 1.838310493470658, -0.0015825865627334679, 0.8709226794442202, 0.5711338439226665, 19.949335502997315, 59.73579505299017, 18.57549377902842, 1.465652010005897, -0.1786545144136653, -0.006092992534149744, 0.10026573764002933, -0.5774275005542222, -0.670030086689394, 1.8175262571221538, 2.3881857994801976, 0.2881679692175112, 5.001041721333422, 0.2272080213542722, 11.88380689304472, 5.316934053218574, 12.431682385408749, 6.68396796267416, 1.132553997166724, -0.0842340146227798, 10.450468773215107, 1.8701212894766286, 0.2675661007655208, 6.501804275960922, 23.78670221672985, 60.21056700360856, 22.0959788451012, 0.0, 0.0, 0.0, 8.881784197001252e-14, 4.440892098500626e-14, 0.0, -4.440892098500626e-14, 0.0, -4.440892098500626e-14, -4.440892098500626e-14, -4.440892098500626e-14, 58.99456830570864, 74.43143632625248, 4.328307935234989, 2.9973585422063707, 0.9707613719108394, 0.17606242657871007, 1.8518775021955207, 3.0639648775052137, 0.488448903579183, 1.0681744595515283, 5.150556092967349, 1.111770221881443, 4.177541332682495, 1.4149817213599363, 0.6316844028949617, 2.1114491577866374, 0.723697242237904, 0.8562594893053301, -0.19689551411011053, -0.08872967862930636, 0.6433681022504061, -1.5857274479329817, 10.351830080905529, 4.011409656216301, 48.920959271558445, 45.717004724044955, -0.4410594018740994, 1.9782990664448334, 1.771696598636936, 2.707617777095493, 5.189071428819261, 9.966287345024966, -0.13945316660965545, 2.709886162307157, 8.254321778036001, 5.469760909101069, 1.4542231791790527, 8.803734781205776, 16.663109472228484, 6.594436394092554, 31.697089431226004, 9.205825199952187, 5.797122386994715, -0.9684854624326817, 0.6754483410384182, 1.1906554455711102, 0.43706021591742683, 1.006296772838823, 1.8656591405756444, 0.14302410512505048, 0.2659129823332478, 3.2483684750286557, 13.280600800640968, 3.9772910586234502, 3.3151443423307683, 7.7586831376290775, 7.517150809226678, 18.015805790709692, 101.50679630499042, 96.81353773592474, 2.220446049250313e-14, 0.0, 9.606384163870374, 17.984551242493524, 30.76642446979082, 36.100158962610976, 3.164800701651984, 13.052474740014759, 14.9384101281953, 1.1595795581406492, 3.0849199162116747, 0.2279612344632369, 6.524733631892104, -2.5348439713591233, 78.1995294125204, 113.85246825898525, 29.88812983962822, 4.440892098500626e-14, 1.3322676295501878e-13, -4.440892098500626e-14, 8.881784197001252e-14, 42.11660219120722, 83.46034203335131, 20.946610736445564, 0.795741508278411, 5.102114211170374, 3.6784059721483118, 6.23906844882174, 2.904057740058761, 0.17722879172015382, 0.8937885361576718, 0.24260840911392734, 0.21989481400134991, 4.396057154352889, 14.657763365886467, 0.3801274294307859, -0.06644667013279104, 1.0062104281770416, -0.9749850713653814, -0.02367705642495821, 78.12539569968953, 62.53908742171268, 0.0, 0.0, 0.0, 4.440892098500626e-14, -8.881784197001252e-14, 18.36149365918365, 68.02195422382681, 45.98565070935285, 10.53811285345546, -0.801772056424852, 1.6485463975099037, 24.61069219961928, 29.39821447266945, 3.6736651839189562, 0.38445616374582414, -0.02784399215391886, 3.1218951585746026, 31.23227976853832, 13.917899389447825, 17.68162522935404, 74.48057833902726, 33.61261564693834, -4.440892098500626e-14, 2.220446049250313e-14, 0.0, 4.440892098500626e-14, -4.440892098500626e-14, 2.220446049250313e-14, 75.8612282040952, 95.33194923583699, -1.5253479951094278, 0.07650050310826373, 2.997740149159654, 1.4085637871080507, 1.5662430291138207, 0.3026784426529048, -2.3546476875488906, 95.94026040894903, 81.51836399280171, 83.93419859655006, 91.55677836382165, 13.278374318286296, 6.241879131169981, 1.8998496771275768, 3.8994416463015114, 1.362139878783637, 1.338756580540803, 1.7398264881471732, 21.320955651711074, 17.931593555467884, 1.3097488547953162, 0.423503774990877, 0.9233368446858776, 0.4601063239057339, 1.6635189971764248, 0.7868531747794805, 8.57988100219552, 25.372684367178408, 7.383106063265927, -0.6315301049099844, 2.6313158118140336, 0.5526066462956578, 8.063941956227495, 83.11785680221658, 60.11455651429736, 0.0, -2.220446049250313e-14, -4.440892098500626e-14, -2.220446049250313e-14, 19.53710674027269, 55.115077864552006, 18.714516639892793, 1.1600423637502217, 0.4315738979693151, 2.0703707506920637, 0.8371630561001666, 8.172973192251106, 8.466497075469192, 2.3551898255070682, 5.786451625527661, 6.873536437953135, 4.153702136785569, 3.4478749976665313, 1.7134778081292552, 2.868935003773686, 1.7148097890501504, 0.4878470848914276, 3.8949778898099794, 6.503571926580207, -0.18061718014496364, 0.4317050850106625, -0.8187546431176997, 1.0822729300482479, -0.42160904690172174, 1.1646481300595042, -0.18159018088772427, 1.6112332867664918, 2.6235881943039203, 0.707224809851823, 4.897183721424881, 13.674530314824096, 1.8124627375052569, 19.79102841130225, 7.688172244863836, 0.6818372281497886, 0.01609477889110167, -0.5825993279711383, 0.019919758426794942, -0.3078184330113345, 0.7497655006275181, 1.9799140555733175, 0.7985553924920623, 3.6835091906696107, 6.140046840760078, 0.12317012556150075, 0.39047745359130204, -0.05944092941740564, 3.249716864412221, 0.765124697302781, 3.661547781473928, 1.462498797398439, 1.0556858671743612, 0.2970360143273183, -0.6903811827459094, 1.837201556740979, -0.010740255119458197, 0.4153828160115154, 0.5073313095363119, 2.5759084745103564, 1.0486434222088974, 1.250038965237536, 2.1364205851548377, 2.5602011073394806, 0.5019655622494383, 1.347885582493518, 0.30293070749144135, -0.12031409076178079, 0.5725179303697132, 0.3671528417520449, 0.5926220483896714, 1.9965562296031294, -0.278451980192699, -2.662810855185853, 77.02284414218411, 68.66124025397562, -2.220446049250313e-14, 4.440892098500626e-14, 4.440892098500626e-14, -4.440892098500626e-14, -4.440892098500626e-14, -2.220446049250313e-14, 4.440892098500626e-14, 38.002712107622926, 71.09643291506808, 9.056157056557367, 5.058445302715654, 2.6591533228340722, -0.13191943396009265, -0.1284804487420388, 1.4399809607600673, 1.297136189414232, 0.20446735865834853, 0.5509769791553936, -1.709358301196744, 53.973309043849554, 83.88346402051133, 16.845559095334274, 38.39475153393644, 69.42912746418466, 13.370385570789495, 1.482021362663545, 0.85372897636978, 1.9547539300540393, 0.13408377675261818, 4.38435404321865, 5.1547083479357525, 56.912246000922096, 42.147672819976805, -4.440892098500626e-14, 4.440892098500626e-14, -2.220446049250313e-14, -2.220446049250313e-14, -2.220446049250313e-14, -4.440892098500626e-14, 0.0, -6.661338147750939e-14, 2.220446049250313e-14, -4.440892098500626e-14, 6.661338147750939e-14, 6.661338147750939e-14, 2.220446049250313e-14, 2.220446049250313e-14, 2.220446049250313e-14, 39.55711305904063, 56.108148444514825, 3.988208718697706, 0.8312992424649792, 1.1253762972843333, 1.9122459216497418, 2.55395046762942, 1.7739028339753986, 3.36925665994238, 1.4287958150870281, 12.88013130650313, 13.186852820160652, 1.192979497318447, 0.8124821386695658, 0.02721104172746891, -0.9987789614922349, 3.0073776770568657, 4.556262780261704, 35.00958975639696, 81.76752789281687, 33.88869050457757, 4.440892098500626e-14, 8.881784197001252e-14, 2.220446049250313e-14, 98.39874016754075, 95.31888796473493, 2.6460202682872023, -1.3214005580318826, 2.4823888741802875, 0.3428073795455475, 3.117542878473614, -0.6916976937318395, 2.392214564765709, 3.067669305583877, 7.743328611586321, 0.3281651770598728, 0.6809773636032332, 1.0513755619031144, -0.3228533240169327, -0.2838915281060963, 1.5064590202762247, 0.7169458799517088, 0.8967096287906315, 0.011841128928153921, 1.7915850732638319, 2.4600238096181783, 12.362399450329349, 5.031605411429155, 0.6230684370596009, 1.0055794669679017, -0.9883706904779501, 113.95361227416572, 110.53716846149314, 2.220446049250313e-14, 2.220446049250313e-14, 4.440892098500626e-14, 4.440892098500626e-14, 0.0, 4.882342063355274, 65.11036898528738, 60.591042798293586, 0.22300376723262616, 80.02123135452848, 68.63442344630545, 16.71451896857846, 64.67795422742853, 52.21025232043485, 9.060419459127843, 0.8765611444969181, 5.232848302914363, 9.71082503622415, -1.206742342759071, 1.1557057579148022, 1.9158816826400198, 2.070161305269721, -1.4426149912912933, -3.7236161568555417, -1.0738554364913853, -2.7988700900033336, 0.24650495656010207, 0.45694555987847707, 3.349272768171886, 1.1560341318440805, 2.93889673947524, -0.08288659998856929, 1.8264440574653236, 1.6315275308716082, -1.695504997430362, -0.09023057701278958, 3.3693925882848816, 0.15648398222856486, 3.6277209382556066, -0.009886098063361715, 3.9904376877786945, -0.3544132984245607, 0.9304575806653475, 87.11563799682517, 79.53956938743897, 2.220446049250313e-14, -4.440892098500626e-14, 63.4727247343219, 87.67523756980427, 6.1403095643588586, 0.22128917178497431, 2.0678453187429113, 0.4641984236720873, 0.31020351757661047, 0.8462707109512166, 0.19782831453801464, 0.6346343234624783, 0.45299602843738285, 0.9615549042314342, -0.25045252331142365, 0.12475860431231922, 0.42555303161884694, -2.1191010670946753, 18.15062864775399, 71.34503095035114, 29.359734563880323, 55.29455345636819, 96.00150357040263, 12.427450859917712, 0.09736905704960463, 0.5929609880374755, -0.5216428753647051, 0.48550175749858226, 35.40771921837961, 76.2862543512822, 23.1780152360614, 0.0, 70.38648884603043, 74.70554454880073, 0.010751680071507508, 0.30214637793665133, 10.442122082248034, 3.9936525474157634, 2.5031430768074188, 0.5868059762630082, 38.366187844957835, 34.47659641631026, 1.1448867765639648, 0.9681992437766667, 0.8553106595135773, 0.028363442265913363, 0.8153840397879435, -0.005381732408636708, 2.469733360708915, 8.223486150652434, 3.7307858867752657, 1.1972381955342826, 0.9647708386697786, 0.5543514847977349, 0.718721128425841, 1.2847664278664297, -1.0099285300235579, 11.521121731034555, -0.8815552178707549, 13.175053659764444, 2.9157147784145536, 0.8524263045918588, -0.2982339865653785, 0.017659056942534335, 6.485780445488558, 57.8559769763944, 41.03772588587785, -2.220446049250313e-14, 0.0, 0.0, -2.220446049250313e-14, 2.220446049250313e-14, 0.0, 45.399042370793396, 75.07823268547833, 6.021970964341335, 1.427773504123934, 0.21390970037350598, 4.286692575778034, 8.405359646300894, 3.94450405337102, 0.003146469281091413, 0.07669405721810563, -0.03869573927408965, 0.3293198896693639, 0.6131010200152787, 0.8419144517689574, 1.6751220551186634, 0.32891551713237277, 8.2682656144882, 4.268676733207599, 2.3012305227439356, 1.988092265913565, 1.034913174266194, -1.1970482172756647, 8.15982514751704, 18.621440475850818, 1.7729433323647754, -1.3799207145484615, 1.0306844196211387, 12.845502832868931, 26.68343906042105, 4.669105849520065, 6.737161175071606, 12.700378627272585, 0.9317312017162749, 7.342530909598054, 11.193172403503354, 2.4568533123541556, 0.5578347710527396, -0.524296927067553, 0.7834577774644913, 4.537002100779091, 2.0821523853021517, 0.9462958396893555, 0.5773249265031382, 0.8093536537855925, 0.6152128243351171, 1.310675030826701, 2.154736659082346, 0.42459562309466037, 1.2143678733104935, -0.7890677048305861, 2.2814865398132724, 0.711407991567512, 1.1036578583202754, 5.077410834227294, 29.11444904323855, 13.82142577570346, 0.3801030233125857, 0.05955525183480859, 0.4718479902447825, 7.734322062383626, 24.590210133060964, 2.59391985561831, 0.6933331576105957, -1.2530765498597702, 0.823727410946276, 1.6676528131301893, 3.2462001028591203, 5.805409303414308, -0.6438463512251928, 0.5850890594144857, 5.673403680357978, 2.232295227079021, 0.40151459673415957, 2.072336917346547, 73.62236518039691, 58.04372607477842, -4.440892098500626e-14, 0.0, 28.8520509919461, 48.3911168780981, 16.68969359866628, 6.053303390677456, 0.7581090214634969, 4.076636079347622, 0.15493523669260867, 3.1505603794300896, 0.3003974482593321, 0.2946311727756665, 0.18691618724756154, 0.6147343565728534, 7.550871474039354, 9.131859597776838, 1.4013243653038785, 1.0238547020347823, 2.072733434793122, 1.5065540139653422, 21.04991118339271, 14.714183368885642, 50.53796825054587, -1.1746140649622703, -0.9971000443701996, 0.7678507451603309, 0.6225193286587682, 0.15494826542726514, -0.3800944835621749, 0.9757402121686027, -0.3510983231510636, 2.0845994760865096, 3.778977453012317, 4.1164858860665845, 2.0542237179454332, 1.2313499321206791, 2.8243029112088607, 2.7893327483313897, 52.49210546809286, 38.36462661590167, 2.220446049250313e-14, -4.440892098500626e-14, 0.0, -4.440892098500626e-14, 6.661338147750939e-14, 13.638602383500597, 18.078611585939427, 1.0519935382595236, 0.09882091937583937, 0.3293983574837398, -0.052067330862371364, 22.713278944615695, 34.515081669311144, 3.5639502818860365, 0.593959844782944, 1.8308862233454875, 0.4284161566390594, 1.091140725824971, 3.9717985597270626, 3.44299350007509, 0.22082981660400947, 2.308492270678471, 5.522271307906067, 1.169650032045638, 1.0349891903559865, 0.396901556652665, 1.1089221573432724, 3.0476890818929405, 29.25701277051195, 49.82499412301314, 10.31554124542707, 61.92625676609356, 63.775360001386844, 2.531275189651865, 4.6192863523499454, 1.5392217125042862, 2.041430542488797, -0.43950058937514314, 1.1548890896797275, 6.906267275049004, 19.200205999709397, 4.118074094736585, 2.1443254506459652, 0.5694415190998825, -1.2282650741715315, -0.865542883622993, -2.699638708076236, 0.9297332630653727, 1.7521420252232929, 9.855225975052349, 22.887505525431152, 0.6975096355490678, 1.7471319800716856, 1.5546235432987032, 1.726959883651034, 2.3189068476289094, 6.027213982120884, 13.389708379575382, 0.12194286802809984, 0.3231861307847339, 0.7700759172562357, -0.6321873284837238, 4.480263493956386, 9.197145393324604, 2.9882049050092974, 4.494586461963877, 2.6322153045086907, 3.8959021661312363, 0.27352579832563606, 0.5604383654133471, 1.4339294286035056, 1.2068563297767696, -1.6904795319090908, 2.0678500869557865, -0.4544551528115335, 0.25926795384384604, 0.6386346795629834, -1.0680014896279317, 72.01300895321407, 68.20618896300385, 2.220446049250313e-14, -4.440892098500626e-14, -2.220446049250313e-14, 68.04324786163073, 80.51381034167179, 3.477754436971054, -1.9303086787074335, 0.6231606261546858, 3.3243925369611134, 19.35190173229489, 41.32527399725956, 43.691415917698095, 8.388373526826186, -2.220446049250313e-14, 6.661338147750939e-14, 0.0, -2.220446049250313e-14, -2.220446049250313e-14, -2.220446049250313e-14, 36.84929165389195, 72.46119227889233, 25.2803671616507, 4.081347933211532, 0.5323058573339949, 0.9736314118920291, -0.17514404887333512, 0.6333383054577553, 2.795819014033441, 3.0728792774409612, 6.531505400972492, 6.267318846125363, 8.607717099684692, 65.81669317559255, 55.475772519405126, -6.661338147750939e-14, -2.220446049250313e-14, -2.220446049250313e-14, 0.0, -4.440892098500626e-14, 2.220446049250313e-14, 2.220446049250313e-14, 4.440892098500626e-14, -2.220446049250313e-14, -2.220446049250313e-14, 69.22370168467981, 81.88374667144251, -8.078145071590143, 5.7165060593259795, -1.346752627333899, 6.994032823623911, 1.8172771405892263, 1.2281945813771245, 2.5387972604310107, 6.214688332344849, 7.731574510117753, 0.3106117712638934, 2.771367982398033, -0.8557758706746199, 1.4930096102245898, 2.441962320980565, 0.6114665563311519, 1.6143702924846366, 1.621862745198996, 7.391295055426099, 3.403807170922164, 1.0443531025423454, 0.849736166220282, 1.0986910545893807, 4.71760527073161, 1.6375522752931602, 3.0887198530351725, -0.2881578415506283, 1.3467050458122003, -0.366543428325258, 3.997027327846581, 0.5846134600456026, 0.3960475889787176, 1.162177237906917, 2.611063419996867, 1.1078878594787511, 0.5654064988063965, 0.4857198786726258, 0.4547552049407386, 0.37455627113399714, 0.6660142374498719, 1.9122045650233304, 5.190954154296605, 1.2366839212049854, -0.12785850191198733, 2.621023739550992, -2.4856516103591275, 4.760734755753674, 21.807134325967127, -6.0824772349290015, 4.0404241606817095, 2.0312158137085135, 3.0192901562162433, 2.8385874447703827, 0.021777081992013336, 2.3374257638784, 0.6277616329604143, 76.0733116295554, 66.81668597555887, -8.881784197001252e-14, -2.220446049250313e-14, 0.0, 0.0, -4.440892098500626e-14, -4.440892098500626e-14, 71.47610223413221, 79.53460308472268, -1.3119729563424016, 0.67367431631817, 0.031082459371418736, 0.5643648762531939, 1.0271017989467737, 4.697025425891525, -2.4535897296887015, 1.4800841867031522, 0.7473151171202517, -0.5337580233697281, 2.4757641878118193, 1.3931808333766185, -0.20047729066141073, -1.5887411352989602, 0.089093408001645, 0.4405978641641468, -0.14079910313580513, -2.105188442311146, 0.6773808578934677, 2.730719068277722, 6.233312000460273, 7.4162691443199265, 2.919969092540441, 0.7605338465074283, 0.42634018603860113, 0.5857972133746898, -0.07006154910698115, 2.605046496019156, 3.5295639615272876, 0.7273419977308322, -0.006487865865665299, 2.6599282475513633, 15.83448935332683, 5.99232599173115, -1.6239344172597612, 2.053783927633731, -1.9957476186060603, 1.8091916906523693, 1.8279638869345263, 0.3132719162109652, 5.695485466530158, 1.073311279659947, 0.2614863198796229, 1.3387101501491543, 1.5760352355854366, -0.16734882527396167, 1.1960602464828298, 0.03933952420970854, 2.6449865240689405, 6.118609281141744, 10.08617062384701, -0.4434682320218144, 9.826592456049866, 25.248371722462593, 5.202741977555775, 1.376077357639474, 0.057453236225228466, 2.588683184823708, 45.72850827816825, 37.73016403511204, 54.95750431444307, 72.43799319952643, 0.04564415241873121, 1.3146493076665138, 0.2693394368255895, -0.8132540537304749, 0.44137895077471967, 6.408047964083153, 13.924811567293546, 5.57690018087078, 8.618558177930481, 6.24171893399398, 1.8315399270572925, 61.1683977348502, 58.53329348376144, 0.0, 0.0, -2.220446049250313e-14, 0.0, 0.0, 54.53286928054882, 50.81622126789949, 51.29993061018553, 52.345178274529985, 0.0, 24.688685293156993, 43.16305358513429, 8.137012261116354, 2.879309982390396, -0.08047846493695943, 0.7345437167997488, -0.34464978772643917, -0.19818708069090007, 0.15296910654967633, 2.686865813579857, 4.712033523976515, 0.4135542989663463, 4.960173880958337, 9.669789115942194, 5.121150908995219, 1.7270248433774213, 0.9480057304192542, 0.4268005913984325, 0.5451185129678606, 0.9346438893473987, 0.4711826132980832, 0.06511933845536078, 1.1677036030923773, 0.4253435683824591, -0.3675415451330082, 22.309140285175772, 60.952460937263595, 22.584992253323946, 50.82243368108598, 64.55356508407556, 4.837045839935399, -0.2657603720892894, 4.38902505353019, 8.146049137492128, 2.498010943949339, -0.30623225061935955, -0.1155530640555753, 0.001337274566594715, 0.4832993120514857, 1.1429928134264173, 6.9103144980782645, 18.87806211913437, 0.17771089040127208, -0.9256164660987451, -0.19183626366998396, -2.3748989110613365, -2.248423824343263, 4.3102387517018315, 10.459913458704023, 1.0810895959778009, 1.6415698187114458, 0.310840464984949, -0.28082300801588644, 0.2716208123488286, 0.6682320680795328, 0.32262034139398565, -0.7582285959238106, 1.177501534076555, 1.4561560849474517, 11.342370909074134, 5.12780142231145, 2.756683049885396, 3.4765375687679807, 2.4928749316704852, 0.10566975611470752, 3.4639191631301856, 0.9531115574172873, 10.628966494821952, 11.29441437252035, 0.9210857487819339, 0.6729346495146729, 0.1989355145835816, 0.5475675080313067, 1.121546371433169, 0.1688087627914001, 2.5976692886075625, 0.9351921593354291, 0.1887578903292706, -0.6216852479967656, 0.2687104374244882, 0.3890447197868525, -0.9404804189148308, 2.153309768252825, -1.0510779673945763, 3.4017512033317416, 2.3299796504268215, 1.0636210337197554, 1.0433388470407863, 1.595422816079349, 1.2388096171380312, 3.965915630180575, 2.7694206638196874, 0.23185004464301073, 2.3234084461988687, 1.806005551738167, 1.1875297950770118, 1.1646150823771677, 0.13967038323312408, 0.2758069574409774, -0.09865827057296883, -0.13364946066201355, -0.061099442310251106, 4.578488148135079, 59.548413397869524, 43.43654457929594, 0.0, -2.220446049250313e-14, 0.0, -2.220446049250313e-14, -2.220446049250313e-14, -4.440892098500626e-14, -4.440892098500626e-14, -4.440892098500626e-14, -2.220446049250313e-14, -2.220446049250313e-14, -6.661338147750939e-14, -2.220446049250313e-14, 6.661338147750939e-14, 0.0, 0.0, 2.220446049250313e-14, 2.220446049250313e-14, 0.0, 4.440892098500626e-14, -2.220446049250313e-14, 4.440892098500626e-14, 59.994816865541, 69.66309434706847, 4.733670148839678, 1.4457224373740019, 0.9946156789853831, -0.12755803593688597, 0.9708630092462727, 1.914070407824056, 0.8398538076080513, 1.3921310725813782, 0.6582624706488787, 8.542413312710323, 1.1497999304532414, 0.11995248308596729, -0.01694553633774376, 0.13975060373070392, 0.32343468092108196, 2.741794335021723, 5.075217066425466, 3.204414891510737, 21.56282585975987, 78.27338595474754, 38.975307446281334, 2.220446049250313e-14, 43.01838325833461, 51.109405887597404, 1.7261999036805946, -0.8176765368521046, 3.5196947476350715, -0.5494159651232167, 2.483007552027175, -0.6922148303790436, -2.0383628726763163, 3.501071413002933, 1.96221788025548, 9.5556894593459, -0.4485855005062831, 7.93953878029788, 1.0278560869621742, 1.6274671010206703, 0.19102643611154235, 0.17391508288415025, 1.8754795457649607, 0.04632802258618085, 1.2358436530178096, 0.4843185447266478, 4.20750404089415, 65.9383610155208, 47.688070999288584, 0.0, 4.440892098500626e-14, 2.220446049250313e-14, -2.220446049250313e-14, -2.220446049250313e-14, 2.220446049250313e-14, 0.0, 0.0, 2.220446049250313e-14, 0.0, 2.220446049250313e-14, 2.220446049250313e-14, -4.440892098500626e-14, 0.0, 0.0, -6.661338147750939e-14, 0.0, -8.881784197001252e-14, 51.64241789792348, 63.27979940146122, 9.672613661645528, 2.2734794208971607, 6.089835076598206, 0.7515030435483823, 2.563437645979434, -0.20406962995878075, -0.1502865613784934, -0.8149149736021855, 1.0504963714797668, 2.3602702351599874, 3.6737760130014294, -0.560721655349198, -0.14717294928698266, 3.5494374584222896, -0.02292854234008246, 3.0697474212790894, 0.6136712837089817, 0.5017775315714061, 1.4491484115899311, 0.42757860464200803, 1.1664211110310134, 0.2374559519921604, 7.384858237670187, 4.430091705633117, 6.025908744557455, 2.2538392955260633, -1.1865392284199743, -0.17875090297559382, 1.346910192238738, 13.317678550068251, 47.35612247746218, 19.433768556138602, -2.220446049250313e-14, -2.220446049250313e-14, -4.440892098500626e-14, 2.220446049250313e-14, 65.97100840660752, 67.01373922760013, 0.5914071665778238, 1.187938970873006, -0.7968992802075263, 11.857247056863457, 67.05138571716617, 44.59759381343619, 0.0, -6.661338147750939e-14, 2.220446049250313e-14, 0.0, 2.220446049250313e-14, 12.940635047387147, 26.536200369963495, 7.432424335344706, 4.9925699469147276, 3.788790261377585, -0.23991932852186437, 0.1887346161640835, 1.3668678776593879, 2.296791424016874, 2.943413418134355, 3.9174897048912953, 0.8213373799916326, 2.35686595870618, 0.5580875455304977, 2.268034159221429, 2.1673617710731605, 0.7328923146409352, -0.4354225327159611, -0.45200234582432586, 11.78334031284237, 5.779414184025313, -0.013781431113557119, 0.6829804001134221, 0.2371257948512948, 1.562733744040031, 0.19106123364269934, 4.347561550079035, 11.136015229076577, 1.6507033410050553, -0.5953788509442006, 0.37300128016951817, 1.9089471113149443, 0.6868683089646197, 0.8337467887529897, 0.8100977126722739, 2.61101449280676, 12.157128860666205, 6.387697146241635, 3.9501876092601833, -0.004051031843459896, 1.3102410414130645, -0.07137987304440685, 0.018349296561154915, 0.2665626221870525, 53.07039390681609, 47.69435815825702, -1.1102230246251565e-14, 4.440892098500626e-14, -1.1102230246251565e-14, 4.440892098500626e-14, -4.440892098500626e-14, 4.440892098500626e-14, 13.516346517375695, 70.191636302528, 40.16725700859831, 0.025297206428490426, -0.2694160707019364, 1.7970913975107123, 0.4237268335918998, 1.837933371020199, 2.4470647978282614, 0.5228245037386614, 1.3899301336987264, 1.7735801152564363, 0.07912813461894075, 0.28335610152134905, 0.9762208922679747, 12.391374723049012, 53.748469879643835, 29.113708016811756, -2.220446049250313e-14, 2.220446049250313e-14, 5.311776423092574, 45.45794565781057, 32.947222083583426, 2.8188767519440034, -0.8691304340608212, 5.618491148029989, -1.2909685115218963, 2.1120312112627744, 0.8877176973379619, -0.04794260999301514, 0.19413519124100276, 1.7560503078701686, 0.5478382690905619, 4.119215940210779, -0.15152495878533045, -0.11051431293753922, 0.12245472092956788, 1.435375010478424, 5.997154106102698, 1.263686464677221, 1.1041536044600662, 1.8834694968362555, 3.0261356892387994, 3.907862101461774, 2.084978834087906, 0.016613354439186878, 0.2232960789798426, -0.4915788080307948, 1.1155303024165732, 1.8096990059452764, 2.4735351914467856, 5.7773237962277335, 10.330954031858312, 2.379416518384403, -0.5302330102433075, 0.14863504477511924, -0.41121196144672467, 0.5144328374269662, 0.20082545720083544, 29.19778073073462, 30.801841665460643, -0.28553353409290594, 1.5205494137497908, 51.51297174668309, 52.888723514969485, 0.0, 0.0, 54.15717505900312, 49.69824745823962, 1.0457896777171527, -0.020565023636436308, -0.29732976269190203, 0.5982354021325591, -0.8106205690603474, 1.563203116362729, 0.46576886964396635, 0.6308251529221707, 2.3311445963799997, 0.7675387685139867, 0.026035343388457477, 0.3510327481147897, -0.42991911004696703, 0.27867449193269067, 2.1483093682668937, 33.40088985536201, 19.350846937140787, 1.1102230246251565e-14, 1.1102230246251565e-14, 2.220446049250313e-14, 2.220446049250313e-14, 29.610748673152443, 46.90452417624266, 10.129662490357873, 1.0853188766197945, 0.4391312919269694, 0.3419947079046324, 0.6551586258400448, 2.032807425244755, 1.5602986069121698, 0.3967124850395294, 0.4556224132115858, 2.6174118117714897, 2.6837504420686855, -1.4936744237476205, 1.0922990386342235, -1.1307095552433566, 0.43470135819381994, -0.38544391208620254, -1.3293847018569522, 0.6723817015817986, 1.1919418558147754, 0.7455810701507062, 4.214576269477675, 0.6340593243064632, 0.3997134904907398, 0.9421994349870033, 0.17515728041729517, 0.35033377685459755, 0.01716639194904701, 1.7814552037772273, 0.8372718599123345, 1.2193316007770818, -0.0536307194586243, -0.9825460168236759, 30.513102550309725, 39.18795809621656, 18.604487498605977, 32.88142137698253, 6.3585201097241395, 33.13924272408934, 13.770421655376666, -6.661338147750939e-14, 1.1102230246251565e-14, -1.1102230246251565e-14, -2.220446049250313e-14, -3.3306690738754696e-14, 6.661338147750939e-14, 1.1102230246251565e-14, 1.1102230246251565e-14, 34.30217807980526, 49.55266201054377, 1.3506608499028516, -1.9872462927959305, 0.15079022627719496, 0.5336096820100238, 16.311035299969035, 46.53263831500601, 18.335200090776965, 47.49037137142827, 47.62526353121268, 0.39860762510193126, 1.6211768408002172, 0.3895686229994908, 1.7315925720516816, -1.5878048475891546, -0.0014253597144033847, -0.5214676066226502, -0.08356096425097803, 0.877530898893383, 0.2481225777460736, 53.779774343804775, 52.76146835336664, -2.220446049250313e-14, 2.220446049250313e-14, -1.1102230246251565e-14, 4.440892098500626e-14, 40.322651784922215, 56.29080880598798, 6.2140564027737355, 2.068601431207412, -0.8461074243544999, 0.9673913395770342, 1.356947491200117, 1.2278352016807048, 0.22187784541495148, -0.2798817053997027, 0.8143305298860923, 0.9223306456044611, 0.4910795556405674, 2.700119272923871, 1.3454769266114681, 4.327791398769136, -1.0153053099070348, 1.2731818260465388, 2.0461920873707413, 19.740801398137023, 14.282405887386574, 0.4821651360849728, -0.06292875908599171, 0.25345735088740184, 18.520772080372296, 18.055037934281586, 0.17979108381189235, -0.2681391144013787, 1.367460880306112, -0.9038286386680738, 0.34219354680851666, -0.6930450310196647, 0.15894984033468518, 6.983035394813442, 60.51667994692701, 58.24967848438956, 6.661338147750939e-14, 4.440892098500626e-14, 0.0, 6.661338147750939e-14, 1.1102230246251565e-14, 48.035319455126086, 46.492887885191806, 0.5081794164830171, 2.753484186304263, 5.545316393315716, -0.020630856877573933, 0.8116494911130303, 1.2659016207038576, 3.3694812113905073, 1.309465474132935, 1.2151145329933115, 0.5118498953993367, 1.5635983962099544, 3.361442832057378, 0.2281219540930124, 0.40318426075680236, 0.38121697565929935, 0.163822077461532, 1.0975306959230693, 1.954495843706809, 0.0023314780099781274, 0.7038309303231927, 1.280021873454075, 1.3268680761349287, 0.8267482523890521, 0.3164466651664952, 0.17841289917362246, 0.3440068223065964, -0.344045994036037, 0.18370003034783622, 4.656929615665604, 10.91964603408735, 1.7831205084522708, -0.6127477389818523, 0.778421278859696, 59.4499350430774, 53.25050053220673, 1.1102230246251565e-14, 50.58135518876318, 58.51999627622678, -0.5657595336134591, 2.7873803227073495, 0.20917792698173798, 1.1834337845224354, 3.911024263189688, 0.45336332385784317, 6.566443185748085, 0.9007822447382523, -2.409768381900676, 1.4373870548208743, 26.240400394616927, 25.622016289798353, -1.3376357561621433, 0.8973709447271006, 3.2728586148647025, 2.096176185430892, 19.67191135405085, 14.23727827660889, 4.512752179103245, 4.496551364851484, 2.497886783149852, 0.024084373678533666, 0.6694640023105194, 0.9711665209325702, 0.4499768921481291, 0.03366616707182857, 1.4298702790208608, 4.187497096481138, 1.9885702912854413, 0.003968868578112961, 2.247187834554552, 1.5612645371468261, -0.010591304425815906, -0.20907802716226342, 0.022121604962649144, 0.1285645621188678, 0.728784249067985, 0.14688965902007567, 1.7454077866050284, 1.5967147630196905, -0.3718766607737507, 0.17450170875679305, -0.13165694416977658, 0.01584681179974723, 19.263685593044897, 37.47624728637885, 12.535680095440114, 1.6779343926997043, 2.604540806311725, 1.323463211064217, 4.440892098500626e-14, -2.220446049250313e-14, 3.3306690738754696e-14, 51.883749412293355, 56.290043877985966, -1.3425351405250012, 3.0945086979529606, 0.7144059415736592, 8.7409685048259, 6.704745303259983, 4.6460473878410085, 11.242944118056926, 3.326553059531534, 1.2008640989636206, 0.15665734579920354, 0.4378572856417122, 0.009103168119168004, 1.2715756446561954, 1.2445527033298731, 0.20406835630944897, 3.346972403644486, 3.058950817431878, -0.3672276182594487, 1.3846672312423607, 0.7939878561885507, 24.716079014438094, 24.476566515547574, 17.28792132168715, 31.165250653701605, 0.8960345114502388, -0.06180411488696791, 0.09386061741611229, 1.0868966903531145, 1.007719533632553, 2.1304874687721167, 1.0150201230918583, 7.447944210952301, 2.3789174958058084, -0.12119736711974838, 5.93692073488171, 11.646455563431232, 1.9036974505562512, 8.407877536238743, 0.7837950491390302, -0.006137346911714303, 4.427311718488227, 1.1393410325869127, 1.6253569123502984, 0.6268511415602234, -0.05419517300856569, 2.6018638853114453, 0.5121201820745682, 9.597802827354712, 20.867089839201924, 33.484112278104476, 16.275387990117324, 2.220446049250313e-14, 0.0, 0.0, -2.220446049250313e-14, 0.0, -3.3306690738754696e-14, 2.220446049250313e-14, -3.3306690738754696e-14, 1.1102230246251565e-14, 2.220446049250313e-14, 1.1102230246251565e-14, 1.1102230246251565e-14, 0.0, 0.0, -2.220446049250313e-14, 1.3223724868212852, 4.75033417503564, 6.797207866412876, 2.4881471982584458, 20.95907637387063, 31.28699630241522, 0.20988118568209302, 0.15604709633510083, -0.17631952039562293, 3.4403117480237597, -0.3131044644406984, 2.3037014804141336, 0.42662400779420295, -0.8426313193938313, -0.109689688846629, -1.0274831228963421, 0.5709202802684104, 0.8116877254943802, 0.4038247859926969, 0.8332809567106096, 2.5081791287129818, 2.8531488353030454, 6.119037800895967, 0.20165950339486471, -0.15336367294617048, 10.296100048162145, 32.03611712772195, 12.519087376825105, -2.220446049250313e-14, 0.0, 0.0, 41.256310175560884, 44.046128263968626, 1.7556291781422715, 1.5973629843911112, 0.9622740375090189, 0.9171161428654386, 0.9480302107106127, 1.0061138787862092, 0.2590029244006473, 2.473783615219986, 16.6396879225573, 9.138429009706897, 1.180276797623037, 2.1833850574023472, 0.991079825399197, 0.20916935369450584, 0.9478694760774147, 0.14073198251662689, 0.6843713364107202, 1.805746395631104, 7.235635865632389, 0.34043682492500693, 3.1921981345094537, 5.157128670383997, 5.501911305343242, 0.9719024295748113, 1.2728365399273116, 2.166324331101464, 1.733703322442409, 0.3513327648979043, 0.17728220226956637, 1.8091155710390012, 2.4844406789781033, 0.13554919222792705, 1.7700895309982343, 2.1012309409514955, 7.702675409970993, 18.07903161505925, 5.508897694561853, 0.8888915192891034, 1.8584184971698932, 18.528287912301977, 9.49194969442388, 0.6520757451177133, 4.438244500688768, 0.4507972118548764, 0.4685802025300063, 0.4026076821760398, 0.17972619635906995, 0.33907592118396224, 0.13830401779944168, 0.39348452641871745, 0.046431886385107646, 0.19293714546085994, 0.04138522452660709, 3.9773548206522946, 3.6473597332292798, -0.12540442067808044, -0.6444110230606839, 2.0812982089412913, 0.667372782836992, 2.681512577242131, 1.3964879504073906, -0.16383339956701093, 0.3205685280271382, 0.8141705021537291, 1.2476724496756333, -0.5470403999653399, 2.1669432455720425, 0.751334822040576, 0.005537756762464596, 0.31633803275963146, 1.3078702889315537, 40.58321579103409, 36.75016953787227, 9.133020906386108, 24.33223790620326, 5.613651995516136, 0.4662067052475436, 3.4926395864538335, 2.602774625781592, 0.707647773163103, 0.9968630469020354, -0.16816710565262838, 0.7473493875795612, 1.0214198551643676, 1.1967166405785292, 3.208531135582689, 1.13200442809989, 0.11803685773480765, 0.07086022915370904, -1.502612458060753, -0.28206416192688266, -0.26119596651892607, 2.2955221368603134, 2.573611903002302, -0.12536425397246376, 0.4819091821943289, 0.2743650451365056, 2.3361710475978725, 0.2573653948019228, 1.0518557709124252, -0.40945206989283633, 4.081904922490594, 7.57208819633729, 3.4178511539432748, 4.5947916374443025, 0.07697687847360157, 2.632996739789405, -0.10792448607048755, 1.4715249998316153, 0.26925542290314297, 6.0435988481710865, 1.3503746333033178, 0.7278254343884782, 0.7388067794981907, 0.5602554532310364, -0.3663066814770559, 0.9329895098973111, 0.24301174973476236, 0.5059991188957156, 0.31175732715132654, -0.929503705073671, 3.6775103567312044, 0.4367225957566916, 0.1174342226971703, 0.6329865757551261, 2.073142882459763, 26.31362887114534, 13.15229754558186, 0.851083611374861, 0.9639962081299132, -0.04684793178250857, 0.3395298678140932, 0.5761714635374062, 0.21143562724731169, 24.355259942683915, 31.666378341134077, 4.620671076192139, 0.2659506870802488, 3.108145592355868, 6.214259064584894, -0.1807700782263737, 2.5810894739506693, 0.5264398668502963, 0.9425178071293203, 10.219888448529105, 2.8491349991121524, 3.0566251060283776, 2.604057830607985, -0.32034799062455477, 2.825561384408388, 10.195059862702806, 3.234475982441097, 1.2557219249222271, 0.35998577913039753, 0.3132791091144327, 28.00059516606558, 23.807611640604307, -1.1102230246251565e-14, -1.1102230246251565e-14, 0.0, -1.1102230246251565e-14, 0.0, 29.450613012605004, 38.58921578200051, 6.402439900638001, 0.6127761309295465, 1.5587919777836987, 1.1212576351966845, 0.6946662365543261, 0.7594064726030183, 27.626620500521085, 40.61815844584868, 3.74890928099353, 0.0, 1.1102230246251565e-14, 35.874854762412085, 44.751228701106356, 7.745762564763481, -0.00618864297791788, 1.1735863658168455, 1.4543488458469938, 0.6343415978095663, 0.24606170558820395, 1.9142935757793111, 0.0753624299591138, 0.5264760603537297, 0.04046391366739499, 6.640160557486979, 44.55025826238034, 27.605129109473253, 0.0, -2.220446049250313e-14, 0.0, -1.1102230246251565e-14, 8.748153378075493, 12.6325300307616, 17.25017694300061, 18.83147606473966, 0.8376296511799524, 0.07367902911346391, 0.8927652519807907, 0.18578479543845106, 43.38762341537631, 40.31197972028403, -3.3306690738754696e-14, 29.142054450333603, 32.85998640314094, 8.15606270167558, 4.032444800352664, 7.851700265217687, 7.771665279846047, -0.007833159782762777, -0.07526303082642016, 0.2415930813037903, 0.8145138880241802, 0.15897473191859035, 29.923876704834726, 22.48637663581212, 1.1102230246251565e-14, 0.0, 3.3306690738754696e-14, 13.078429128405048, 25.228974037950366, 6.406875469534896, 1.3699314243599474, 0.20087035046594792, -1.2952502629447622, -1.2033735340778549, 0.12461724964509813, 0.35011706130848097, 6.160350408997203, 29.225832098646123, 13.323097296771905, -1.1102230246251565e-14, 0.0, 1.1102230246251565e-14, 0.0, 4.440892098500626e-14, -2.220446049250313e-14, 19.47335795391416, 33.68996733172261, 3.769737612464212, -0.367167007912542, -0.1211886473766981, 0.5566250728591058, 0.44257416236553127, 2.6040574730483854, 0.9734030740840467, 3.1575843086160944, -1.712242118613858, -0.6676575962095512, -1.165495437671666, 1.40928015347572, 1.7113875227294102, 0.005190082149169939, 0.5472536245970332, 1.7182735039355066, 2.7994940919162445, 0.405287631650026, 0.22895180059356335, 0.623854062875921, 0.026131944350481717, 0.6991422887620047, -2.5066534906781044, 0.4894845103380021, -0.5185705703097483, -0.2537356025794679, -0.8283209311576911, -0.9550273867788519, -1.003869943736163, -0.7073090320284336, -0.08455510834050983, -1.9338323714104035, 0.13608066593769763, -1.215924095869923, 0.045054577504402005, 0.5342085031780925, 1.330271027170852, -0.7078488670313163, 5.885556840883623, 3.17611847683429, 22.796061007545518, 42.19316261951701, 7.506517186859206, -1.1102230246251565e-14, 1.1102230246251565e-14, -3.3306690738754696e-14, -1.1102230246251565e-14, 47.54984758476036, 46.40435232920322, 0.08008317353971961, -0.4265776052525325, -0.36329092827975273, 0.09262421840742263, -0.48028411998370757, 39.93121184826947, 39.571649288486185, 21.093729690363418, 36.76851844322519, 10.221516961210853, 3.7243567671660003, 2.00034133828035, 0.8933243427558182, 2.3661826899223115, 1.117154277849636, 0.5007301049978423, 0.6396820459891615, 0.3012538170953576, -0.5593366749291135, 2.771992750196773, 42.62734576554516, 34.58215332481231, 1.1102230246251565e-14, -3.3306690738754696e-14, 3.3306690738754696e-14, -1.1102230246251565e-14, 1.1102230246251565e-14, 12.484788377330943, 35.67666865863475, 9.67205163908011, -1.7400727351709406, 1.8673186068434688, 1.4503471169554132, 0.10446784679970733, 0.2400826910820797, 7.361426856336948, 42.72360033326515, 20.564411712348928, 1.1102230246251565e-14, -1.1102230246251565e-14, -1.1102230246251565e-14, 41.409633974233714, 42.266582222689806, -2.048964123595738, 0.7711414594454027, -0.06302945960260331, -0.7477281154233992, 38.27267991386947, 39.247237900579904, 1.1102230246251565e-14, 0.0, 0.0, 2.220446049250313e-14, 21.44247045073618, 34.1018547364846, 3.467343105372663, 1.8989109874972314, 9.869075386353131, 31.104886803992997, 14.58306759324357, 0.0, -3.3306690738754696e-14, 29.688799667199447, 32.36993326960774, 0.1870755427709696, -0.0018672828028343247, 1.242625291533841, 1.058189381010493, 1.1634398917794897, 3.0101308706393866, 1.0232382478658337, -1.1399921770861283, 1.9185694026735405, 2.1354956022560714, -0.3000092705743782, 10.326363100895378, 8.43947555772047, -0.20710601347423108, 3.3579602091726883, 0.3704588331531795, -0.44365930880564974, -0.2856056011611372, 0.43812207826238136, 0.4297749183997439, 0.3822189937031908, 0.546282510318747, -0.30814072199609654, 1.1355716376156124, 1.6269790952533185, 0.1923043012574226, 0.2333281286851161, 0.8699358175973657, 2.768083769759187, 0.14043767139594365, 1.9783088781066454, 1.1102255238979524, -0.0326396862318461, 1.8394142797976656, 1.941731706737869, 0.9715725370524524, 1.1628811966114654, -0.4623744407003869, 1.920153774385085, -0.09342402044057962, 0.6716775158971586, 5.059561124712786, 38.655288963299284, 27.67314875686911, -3.3306690738754696e-14, -1.1102230246251565e-14, 0.0, -3.3306690738754696e-14, -4.440892098500626e-14, 26.782099012627597, 35.73004063240688, 4.049264668259525, 0.6308604665804296, 1.3388570336834391, 0.18275590172538614, 1.2551814454465102, 3.019080721659634, -0.07240962386640604, 0.24065284655205232, -0.0514443705095573, 0.47749294828861366, 0.1793375051398698, 42.30578876629227, 35.8280706499724, 0.0, -4.440892098500626e-14, 2.220446049250313e-14, -1.1102230246251565e-14, 0.0, 30.987790596737568, 33.2828628698428, -0.02958291436033278, 0.6469961595271343, 0.9860998000175414, 0.2856400720336296, 0.2303792054111682, 0.40334908645888845, 0.2293011674651666, 7.114236271330299, 1.760987104177218, 15.044772619527464, 22.843633497280962, 2.1323872433313227, 2.555880542699356, -0.5173183824506395, 0.02864776401634117, 0.48026185420951606, 2.645266407258987, 0.6795786875949261, 35.36130779633123, 26.85157163672328, 0.0, 0.0, 2.220446049250313e-14, -1.1102230246251565e-14, 6.556964122195716, 17.556100396676072, 3.8146301564287057, 0.573431638727925, 1.6373730813769498, 10.854609536412624, 5.033192081591267, 0.7251593585142473, 0.18465425176208328, 4.297332878692828, 2.3624431742998695, 11.302280363915202, 0.6310501338970198, -0.10520050626053035, 0.5300500820101206, -0.008348407650601075, 0.32833729062622297, -0.4170777911035657, 2.0495101756337135, 0.07081791979987884, 0.702376638089163, 1.2681857763292328, 1.1927167140935353, 3.031342695389867, 2.8837974640517814, -0.3640623301432697, -3.722210938752937, 0.6712944659656159, 1.2464243995472088, 4.949264060073801, 1.1793455912013542, -0.37449425852059903, 1.0835092435938805, 6.35876211514028, 0.22673938645931457, 0.08984616310186766, 1.7858158573541232, 0.6671956225815165, 5.3697311286874765, 7.077022170911334, 1.0290961249409634, 4.164966151511521, 3.7134650649175, 0.6318545237629678, 0.5069408237472999, -1.6403148451508969, 0.927518174628176, 2.4549914050846837, 9.182174168547647, 35.60999373288908, 10.420975459922062, 26.81467085796649, 23.187688263971324, 5.197728922167187, 0.9106533943679551, -0.26227098913255986, 0.19774208455737607, -0.3121827923719138, 0.02922549705704114, 0.8929775939475348, 1.6517157255918278, 40.11944637424574, 36.32675188589546, 3.3306690738754696e-14, 2.220446049250313e-14, 1.1102230246251565e-14, 14.866846135429782, 28.56987778259858, 4.581934824772645, 0.20376563495545952, 0.026341189242089058, 0.47961177787556153, 28.728195420259595, 27.980078825473413, 3.3306690738754696e-14, 1.1102230246251565e-14, -1.1102230246251565e-14, 2.220446049250313e-14, 0.0, 0.0, 1.1102230246251565e-14, 4.440892098500626e-14, 12.442018145558635, 38.251609287788824, 12.667641984846114, 3.325634347497612, -0.8608994564758632, 1.995564967992891, 2.520622494864824, 0.6875620937315716, 1.6685236227517635, 0.32898808855009065, 0.32085738038415457, 0.3878821170366109, -0.5788869442533269, 0.2945953443804683, 0.6200782877113511, -0.17271953077045055, 0.8344119082705674, -0.0691166968675816, 0.9017838989962002, 22.94084869247962, 23.667837900994016, -0.5256683251710683, 0.14887736668745788, 14.943261155507884, 20.821985955539276, 1.7803287071276372, 0.3867665377587173, 0.9823266126712724, 0.9413471861489597, 0.06060241864724958, 0.3748090028727802, 3.7218255134412175, 12.46955638498548, 3.00435274474944, 1.1504147814316639, 0.5344646799093198, 0.15981652372829558, 0.1461010582132758, -0.23405168173383117, 2.2966661510056383, 1.3655139546559667, 1.1339727149588725, 0.575589301328364, 0.07026260336624546, 0.115672365476712, 1.634454661774953, 0.3387322872694085, 0.5675121154698104, 0.22578887172244322, 3.756703944033177, 1.8403267827312675, 4.612592360507165, 3.402907190632618, 8.326639356066266, 5.4683149663675295, -0.5065983012656261, -0.7255841697167398, 0.9866580844817747, 5.931636041903914, 8.819005719002519, 5.098657201138678, 9.017029923023586, 29.21556937329251, 23.137287900681315, 1.1102230246251565e-14, 1.1102230246251565e-14, 29.67425943921228, 51.35544588836228, 1.9594657484133222, 1.153933553699062, -1.1525395105368261, 0.4426792736014704, 26.31431300004192, 9.003238912030042, 10.294622657297168, 1.2648022773399248, -0.2767705988846956, 0.3030634226111033, -1.469671185239008, 2.3572928153109842, 0.26271934974482747, 11.915753433752798, 26.494128880834495, 9.662670993354482, -1.1102230246251565e-14, 0.0, 1.1102230246251565e-14, 8.91055174700709, 16.202935828538784, 2.170176555317738, 0.4426895319296591, 0.689836787444392, 0.5442619579561097, 0.35412950263076937, 1.142712255480376, 0.07996729232684174, 0.5690569055007586, 0.9280640403163716, 0.4433149785613182, 1.2518437465613488, 2.3601628621652253, -0.7715393190865143, 1.5401936680688664, 4.970007808322293, 8.81555871601978, 4.27572784125914, -0.6730073277514066, 1.5777142107043574, -0.0880118760805999, 0.21342659524987084, 0.7279168744348681, 1.5456723734035904, -0.033083975920987996, 3.3134341875361315, 6.144178361499598, -1.0738915122694834, 3.6293404665569824, 4.578730817808605, 0.12658273787542385, 0.7602997607486941, -1.457232872346708, 0.6976518796939786, 7.973633810631554, 4.1298296203241875, 1.0452784967135358, 0.610104967053303, -1.830232736186531, -0.4398884662080036, -0.09435277702107214, 3.1662406187866736, 1.5926911060518023, 0.07215462156875674, 9.866893210188778, 39.82990448493217, 22.4674229133813, 1.1102230246251565e-14, 1.1102230246251565e-14, 0.0, 12.751996587580734, 17.860123302724503, 0.1262921494846978, 0.45442194430683003, 2.3363760942892213, 0.20150048621326277, 0.23540209449487293, -0.005235670926253988, -0.20932644164884096, 26.51486807474828, 23.53640744542696, 36.84864811033495, 42.2398506232725, 10.46773422423803, 0.14622972083532204, 7.4863673134397, 0.1671940321857619, -0.22566766345300948, 2.6060861999740155, 0.9060297057376374, 0.6784245823957917, -1.5816927257502584, 40.31060896783555, 37.61521563048558, 1.1102230246251565e-14, 2.220446049250313e-14, 1.1102230246251565e-14, 0.0, 9.535420565906172, 18.286757304940693, 2.7376770946774514, 1.459006573280078, 1.663641358795303, 0.48224114502158955, -0.905947401372714, -0.1245923894695693, 0.6439820247200032, 2.4290603698527775, 3.0234277906010902, 1.229126588744748, 2.1703234335800516, 1.9349019711238498, 7.927303275181657, 5.9771575832809845, 0.10635138188683868, 0.4509698960004016, 0.9751362308709872, 3.4063878529463523, 2.074291039248351, 2.305370217863185, 12.710673169801055, -0.6136612197932436, 1.5444850778948194, 2.810439094055596, 1.1802864425668531, 2.6747662510513237, -2.81349225031272, 0.6677863188401716, 0.03566576587621739, -2.2063981068118323, 11.147674729514847, 44.76030055260634, 17.384332252694882, -1.1102230246251565e-14, 3.3306690738754696e-14, 0.0, 3.3306690738754696e-14, 0.0, 3.3306690738754696e-14, 3.3306690738754696e-14, 22.791290007070742, 43.00295451738711, 3.4808663958195893, 2.3833356196068394, 5.4924079694905, 2.2964048567948794, 4.786658425990652, 0.7568554295764898, 1.666947287304538, 3.625531082502903, -0.16802436980981383, 24.290239258758106, 20.539184803306483, 1.1102230246251565e-14, -1.1102230246251565e-14, 4.440892098500626e-14, 15.651653141591382, 48.768450217076065, 14.565130981518053, -0.23893183989787303, 0.1712280900148926, 1.6218089805863656, 2.881376706228707, 0.3609531491861162, 2.4965810262023638, 0.45289627492047657, 16.0977450780789, -0.8705290483167119, 13.113092516409893, 0.9995167547957635, 5.493740756173338, 0.3187963195633756, -0.2074908570448315, 0.6327699694732019, 2.5580531533505564, 1.207441208489172, -0.08203619648361382, 0.033481963411304605, 0.5836355848634867, 1.495713464252276, 0.20607810254489323, 2.377683981840164, 0.7421687580747403, 0.058590449302528214, 0.9755386869591121, 0.03317566091880053, -0.015802323250682093, 0.9608351184481307, 0.3991247932817714, 36.92721226729901, 24.02309222708965, 1.5013144526683107, 0.5353341305616084, 0.21213333355369457, 1.0551008315980326, 1.640350414608065, 0.27167579179390344, -0.00025392011527358704, 1.3309545515400423, 1.330168725000462, -3.3306690738754696e-14, 2.220446049250313e-14, 14.022857840131117, 45.860557712935275, 15.334909392533802, -0.4781537159724394, 0.04137027949229832, -0.8107924495561747, 0.5525059888703936, 0.2500592862385247, 0.49065260355723694, 1.2355192597295854, 0.13412005435236551, 2.460650653848461, 1.0332731206520975, -0.3320896765881116, 0.03608157305370696, 1.37424243485043, 2.6483694157435593, 2.586630445561923, -0.016886019721482626, 0.20785984200051644, -0.2370441416973108, 6.185290048091588, 8.009042068040571, 0.49741704499729167, 1.5562432851224912, 0.19659811307167274, 0.7486837283039449, 0.5966251754832683, -0.24381726782200985, 14.968243002934173, 44.29003922872607, 19.312716204686247, -2.220446049250313e-14, 1.1102230246251565e-14, 20.387050882877574, 33.098444690168606, 6.278473523553828, 1.8754900931218117, 0.3316564195298497, -0.14846431810997274, -0.16887042614848724, 4.371895392843044, 0.3239653039688619, -0.03104332310249447, 0.9920821328171314, 9.515722725863725, 14.898768082150298, 23.338661165055015, 9.206128179558355, -2.220446049250313e-14, 23.477483384694303, 40.61198966890299, 6.763208496611696, 2.4814759893229166, 4.30667992974827, 1.573293005808182, 1.3429888477107852, 0.632371381382768, 0.35846354374780276, 0.20012553959054458, 0.4687427667074644, 0.8176446666736865, 6.993717532440201, -2.720991546495725, 1.3086995162287849, -0.0301115332158588, 2.719956937946108, 0.4888616647536992, 2.111337270728086, 0.10170918160213205, 1.4976448138271508, 0.7816500204893373, 2.092990532207466, 35.01288030813754, 30.927790470785098, 1.1102230246251565e-14, -1.1102230246251565e-14, 0.0, 2.220446049250313e-14, 2.220446049250313e-14, 16.239945077011598, 24.463692880432205, 1.9889017131570483, -0.5123534535946987, -0.41287975473579763, 0.34462308510507, 0.42792025207347706, 2.0833297335588554, 2.835887309037844, 1.4921334688482375, 18.506578647695534, 11.233997168323306, 2.220446049250313e-14, -2.220446049250313e-14, -1.1102230246251565e-14, 0.0, -3.3306690738754696e-14, 8.326557188844582, 33.9050404355562, 19.21094854875986, 0.14592293589419114, -0.6013078137698358, 2.144385161652167, -0.3547068111901126, 0.19508340643119482, 0.9893786654788528, 2.4757789551463247, 0.5202613357300834, 2.6964882828294776, 2.6257679039869117, 38.10720782968309, 37.94288437570137, 3.3306690738754696e-14, 1.1102230246251565e-14, 1.1102230246251565e-14, 0.0, 1.1102230246251565e-14, -1.1102230246251565e-14, -1.1102230246251565e-14, -1.1102230246251565e-14, -1.1102230246251565e-14, -3.3306690738754696e-14, -2.220446049250313e-14, -2.220446049250313e-14, -3.3306690738754696e-14, 1.1102230246251565e-14, 1.1102230246251565e-14]
theta_global: 0.2768286630392066
window_size: 200, overlap: 0.5, threshold: 18.0
