164000 
178725 
207250 
212875 
213000 
213600 
215300 
218975 
236200 
236650 
236725 
238700 
242475 
243025 
243600 
243725 
244250 
244625 
247400 
252500 
252775 
253625 
254350 
256850 
263800 
266375 
270675 
272900 
274500 
279225 
280425 
285150 
285525 
287150 
288500 
294325 
318675 
323925 
scores: [-0.5373826418662588, 0.2853932100771601, -0.09902558245295268, 0.3070788393462607, 0.7272288409471628, 1.301745090295043, 0.33220857590222863, 1.1466202398111989, 6.013882083713781, 3.8138391822503763, 1.1683995700184298, 4.793021103074892, 1.3094515940371423, 1.6332885614395423, 0.5461887857455565, 0.05709365526116983, 0.6150983921271518, -0.062051776490051225, -0.059046827607829755, 0.827771376755777, 0.5061901106152575, 0.053872431646652785, 1.2597559310975512, 2.933932730845605, 1.3429158100256444, 0.16147314574669736, 0.643071862732171, 0.29066382671490487, -0.22809043540553375, 1.869029523760787, 1.5189800316099564, -0.28533045320004646, 1.278888228368885, 0.5644397647905208, 0.3312271447118462, 0.6084026736564283, -0.001352862411380329, -0.07160261561756442, 0.6110678262798217, 0.5734853801946826, 1.2876687790119945, 1.9069936389337272, 0.012382745018058472, 0.9302253351442573, -0.38097781476928105, 3.3737976351400505, 0.6543526765149892, 0.6850291231153562, 1.0379769892008284, 6.987972363331004, -0.00014510724776073403, 7.582184447509505, 0.6325187726643406, -0.03786249601972713, 1.1850996372709517, 0.23426515747462417, -1.3405200600275577, -0.9922561167110189, 0.37826995647714057, -1.586165664321527, 0.25761809976305017, 0.9481433958139576, 1.4069332882890535, 3.6060549093901386, 3.24162930488167, 7.263806717001728, 0.06466434894772988, -0.765423480457855, 1.4527061580364773, -0.11207453892683361, -0.256584720708247, -0.07389024299928337, 0.2660488597372819, 0.7571830805118083, -0.05976007226963986, 0.011171999583837078, 0.6764938893223302, 1.8816109109578179, 1.1065631121653041, 0.5358399697925336, 4.206798848305397, 0.2615029956425019, 1.7592876563565767, 0.7740703147568411, 0.890437243403511, 2.2150800350347595, -0.34481991318119753, 0.07221091446655237, 1.1596590810913767, 4.142357152254846, -0.31491579847656226, 4.523433473814123, 1.268244741056776, 14.865847437348052, 17.699594529716947, -2.7755575615628914e-15, 5.551115123125783e-15, 0.0, -5.551115123125783e-15, 5.551115123125783e-15, -2.7755575615628914e-15, 2.7755575615628914e-15, -8.326672684688674e-15, -2.7755575615628914e-15, -2.7755575615628914e-15, -2.7755575615628914e-15, 5.551115123125783e-15, 0.0, -5.551115123125783e-15, 2.7755575615628914e-15, 5.551115123125783e-15, 2.7755575615628914e-15, -8.326672684688674e-15, 0.0, -2.7755575615628914e-15, 5.551115123125783e-15, 5.551115123125783e-15, 2.7755575615628914e-15, 2.7755575615628914e-15, -2.7755575615628914e-15, 0.0, -5.551115123125783e-15, -2.7755575615628914e-15, -5.551115123125783e-15, 0.0, 0.0, -2.7755575615628914e-15, 2.7755575615628914e-15, 5.551115123125783e-15, 0.0, 5.551115123125783e-15, 0.0, 5.551115123125783e-15, -8.326672684688674e-15, -2.7755575615628914e-15, 0.0, 2.7755575615628914e-15, -5.551115123125783e-15, 0.0, 8.326672684688674e-15, 0.0, -5.551115123125783e-15, 2.7755575615628914e-15, 8.326672684688674e-15, 2.7755575615628914e-15, 2.3352708290094686, 2.701969362165549, 0.20666805412697187, 0.15957468138304876, 0.6761355586093103, 3.7313380304077484, 2.2664925466963197, 6.749755554875399, -0.1630548427313414, 2.8074861961034046, 1.099152445952484, 2.416576419742782, 5.47453255699331, 0.44398012711222634, 1.4096939055399105, 0.13685172808796153, -0.040604730003721556, 0.2470578257434255, 0.37370152131376244, 0.1502784409127571, 0.5097480745263425, -1.8292192749857037, -0.5688098336376015, 1.6087370261266756, -0.15088702837498147, 0.884567674847645, 0.8595585094724782, -0.10204121796459731, 1.7301979936779333, 1.5881646195298629, 0.18828472448137745, 0.4317412156407414, 0.13832353324607993, -0.06813125796499264, 0.3253350529391241, -0.008327705810145858, 1.5783464124067592, -0.05160799392220383, 0.32344204333050186, -1.0421329714030776, 3.8877925747403594, 0.43665820350759077, 1.6040049345407112, 1.8868012779122978, 0.07665368556612862, 1.4119481082234984, 1.6530730605164052, 0.8851905158058884, 1.9426671545242016, 0.0040942466869751115, 2.34292030895611, 3.1651573101976425, 0.15654979347422682, 0.4657734926939412, 0.3090161386013506, 1.4038144611378414, 0.22066832610983056, 1.0817685238761214, 0.8599490151375733, 1.1948115016698893, 0.9578546285455545, 0.09429381803020931, 0.30728200367423497, 0.8332059093407054, 0.4206442820350986, 1.3001197666324487, 0.8171465676800409, 0.10342049991071178, 0.5851329653209447, 0.7604250910734791, 1.3993042955768686, -0.27675382325162445, 1.9205262975768989, 0.925602330182727, 0.46351286237703704, 2.22877496547094, 1.0859847417010862, 0.0, 5.551115123125783e-15, -5.551115123125783e-15, -5.551115123125783e-15, -2.7755575615628914e-15, -8.326672684688674e-15, -1.1102230246251565e-14, 2.7755575615628914e-15, -1.1102230246251565e-14, 2.7755575615628914e-15, -1.6653345369377348e-14, -5.551115123125783e-15, 0.0, -5.551115123125783e-15, 5.551115123125783e-15, 2.7755575615628914e-15, 0.0, 5.551115123125783e-15, -5.551115123125783e-15, 2.7755575615628914e-15, -2.7755575615628914e-15, 0.0, 2.7755575615628914e-15, -5.551115123125783e-15, 1.1102230246251565e-14, 1.3877787807814457e-14, 0.0, 1.3877787807814457e-14, -2.7755575615628914e-15, 3.7624936415265715, 10.429176770074491, 5.642925296843714, 0.0015276126959520298, 1.9087266493250752, 0.004678210616901879, -0.6565004531057355, 4.048810122002749, -0.8032614776039964, 2.531134622961133, 0.9181751286684516, 0.8790338321377646, -0.19193865388810138, 0.5083683470043923, 2.61999047545757, 1.2359241674454324, -0.5619986167712625, 1.5201958763192351, 0.5542602634318996, 0.013994149529281685, 0.11768646795378856, 0.2006572920687404, 2.8600202462845346, 2.53830880463164, 0.3263945524249152, 3.640923941537295, 1.8201819046118999, 0.963480932088487, -0.09183010997620045, -0.37832740376225615, 0.10334263393005472, 0.2597719784557171, -1.290332486112959, 1.767509334698019, 9.948068333156144, 8.143369479764175, 2.7755575615628914e-15, 2.7755575615628914e-15, 0.0, 5.551115123125783e-15, 2.7755575615628914e-15, 0.0, 5.551115123125783e-15, 0.0, 0.0, 2.7755575615628914e-15, 5.551115123125783e-15, 2.7755575615628914e-15, 5.551115123125783e-15, 8.326672684688674e-15, 0.0, -2.7755575615628914e-15, 5.551115123125783e-15, -1.1102230246251565e-14, 0.0, 5.551115123125783e-15, -2.7755575615628914e-15, 0.0, 2.7755575615628914e-15, -5.551115123125783e-15, 2.7755575615628914e-15, 8.326672684688674e-15, 6.6790721114359215, 10.853089708445765, 4.753588420727397, 0.31281471407484673, 0.8570526654659716, 0.7556349393571793, 3.424412979899188, 1.3282951344524179, 0.6088101180701813, -0.5794476278004481, 0.15067829734388738, -1.158864586931145, -0.06571398187330146, 0.5643363624790823, 0.5955039971012468, 0.4952514272915778, -0.3033831227934627, 1.6025011926427908, 1.3138008794352913, -0.2024223931852589, 1.2002894328411458, 0.6288644433795412, -1.8227670325380814, 0.34309343252985514, 1.8878660353169892, 1.6920702440320383, -0.1740220346997603, 0.19758438675873435, 0.9349403511243111, 0.8728257932559984, 0.2448502385865936, 0.28309527959692105, 0.5555365015054008, 1.895575712347778, 0.9173035336161774, 4.403915798881258, 1.1447681204901698, 2.4383811153116994, -0.6455250541810074, 0.08510907210242635, 1.8310797229765967, 1.776797073035084, 0.9530401106262048, 2.0818644004989437, 0.9798131724578951, 0.25318920712882687, 2.6580243875994256, 3.2304212264095327, 0.26140176058228803, 2.6890865308871525, 2.2750904488047183, 2.994331919620663, 0.6363689292057302, 1.2625847220329263, 0.9336823375994356, 1.6860213373715283, 0.2501901175888577, 0.9817981484316078, 1.4791139016988382, 1.4497068797476373, 0.18216768546569995, 1.5766660347614447, 4.123822918191735, 4.150421746286668, 1.5569837496684045, 2.1470873657750076, 7.17861738662657, -0.18845847074942412, 1.9047394204106922, 0.34204295549704966, -0.023465117455884865, -0.14378284316364898, 0.1699526105470568, 0.9974474664697652, 0.812029318568932, -0.11854825047539919, 1.8089735232389899, 0.5665200154248566, 1.6000035386289255, 2.195091715546198, 0.5980150529069874, 0.03765296040644728, 0.6633806642859952, 0.5140081475393004, 1.0002633396560583, 0.36132092778402125, 0.5041366227810045, -0.24251808941679087, 0.0843624113159791, -0.03301311069490964, -0.49148277633076987, -0.04425815607801553, -1.952545187425983, -0.6068538999646762, 0.020608409866810007, -0.6467897289178666, 0.17963381429481728, 0.442874610121919, 0.4725226127750517, 0.6097350258643388, 1.135859435691117, 0.2393128837181564, 0.980023329560467, 8.803698926969389, 8.486885985426603, 0.0, 8.326672684688674e-15, 5.551115123125783e-15, 8.326672684688674e-15, 2.7755575615628914e-15, -2.7755575615628914e-15, -5.551115123125783e-15, -2.7755575615628914e-15, -5.551115123125783e-15, -1.1102230246251565e-14, -2.7755575615628914e-15, -5.551115123125783e-15, 0.0, -2.7755575615628914e-15, 1.1102230246251565e-14, 5.551115123125783e-15, 0.0, 1.1102230246251565e-14, -2.7755575615628914e-15, -8.326672684688674e-15, 5.551115123125783e-15, 7.959441290523088, 8.887906087154963, -0.30097656424526065, -0.46011690633899605, 0.4687944277332292, 0.5954511945387821, -0.889325180464084, 1.0991241219345795, 1.5321996415106582, 2.502897250824418, 3.6910325377610604, 3.8198109059590593, 0.5609292663280314, -0.456271948142529, 2.0390422186289925, 1.2556393292674386, 2.144016875062448, 0.8813114736859973, 1.3505997732381445, 0.7641953483527288, -0.21489682880607575, 0.7788617605861248, -0.26044681533380754, -1.2876726217701275, 4.8590234048913885, 2.377074842928863, 1.0156550778541629, 2.977197604657192, 6.107968112864853, -1.2482258372719741, 0.6562694928300914, -0.05097957598880498, 0.052224034583588264, 1.6907805220463672, 9.496194663405433, 1.3484974623879822, 7.805978272248531, 3.2448136045139364, 1.5640751803830142, 1.6563071857572709, 2.6643359688919475, 2.1643824803271485, 1.2361738297156677, 1.0580071120339483, 1.4035110260081467, 1.2563005769041808, -0.2798745983114088, 0.01282969875282447, 0.6321695924922324, 1.0749862624945337, -0.3849301459409844, 1.3193631469364817, 1.4997446092160374, 4.052147213341385, 0.9554722673300944, 1.965646946685382, 1.8437600852304286, 1.6015568057172658, 0.05945743680125304, 1.5071758176707561, -0.02485443487077532, 0.4205244053576678, 2.6198875586243133, 1.122169299352052, 3.9328303930836057, -0.6773842564349053, 1.1036476616828281, 1.9361553301754242, 0.35975766760248007, 3.878760943884501, 0.7754774986307496, 2.171735260584711, 0.9318148220249327, 1.5283826624718273, 0.05921469614438024, 0.8323171322873009, 1.5866543378254505, -0.18277017487727676, 0.9372970182152471, 0.3868000370197535, 0.8426772940705405, 0.11833096442040869, 1.527401965545124, 1.4004843488290817, -0.05177477903069416, 1.3120791953511741, 0.2773824376031655, 0.25427331409011344, 1.3851447881931165, 0.9425846326973044, 1.1156568782151908, 4.182668201851641, 0.6386761659592821, 1.1380849792569734, 0.26798575747667996, -1.8389878284885413, -2.0177838906949432, 1.2282923431567099, 0.9875332167137856, 1.1742684404633223, -0.7098717682689681, 0.2122090465477129, 1.2284762883852522, -0.6599864419234507, 0.6660313061209422, 4.272507583558621, -0.011767736468783596, 3.5341731820835207, 4.316742741961377, 1.3092082527886788, 0.21896053237543356, 0.5776281470282925, 1.841084519709824, 2.0127294363628465, 0.5150229238152804, -0.30899184704645677, -0.3926239507849658, 0.026454216878462944, -0.08671517802611106, 0.4435442124302824, 3.0717552489758475, 0.4841072442485199, 1.1333861722910115, 2.9579562297905113, -1.0069783542124497, -0.46360451771829503, -0.16148512340132015, -0.45910347381010297, 0.2707164784588798, 2.1818487849082686, -0.006697722359760405, 1.586787800556408, 0.7688545247703473, 1.7971076764104055, -0.1065186757481058, 3.0139723563562484, -0.8826858050509827, -0.02930278262753916, -0.03722636293599635, -0.0034461124708968782, 0.5451261303858246, 1.502052558959548, 1.742277974172481, 0.8736429338153187, 0.03011617168402836, 0.5343053669756728, 2.397108763358972, 3.885042615860783, 0.34815260002807236, 1.7018978323867486, 0.1373254024468622, 0.4839071880341095, -0.14218693956127026, 1.796066740977352, 1.462358705923961, 4.843763951701575, 5.091864747330561, 0.3968777774518344, 1.3122974778540026, 5.7648856025545285, 1.4995038414108421, 0.5007287053031462, 2.933769433732202, 1.9183111273251754, 1.0928874926643193, 1.137364047462663, 0.0, 2.7755575615628914e-15, 1.1102230246251565e-14, 8.326672684688674e-15, -2.7755575615628914e-15, -5.551115123125783e-15, -8.326672684688674e-15, -5.551115123125783e-15, 0.0, -5.551115123125783e-15, 0.0, 5.551115123125783e-15, 0.0, 1.3877787807814457e-14, 2.7755575615628914e-15, 2.7755575615628914e-15, -5.551115123125783e-15, -8.326672684688674e-15, -8.326672684688674e-15, 0.0, 0.0, 5.551115123125783e-15, 0.0, 1.3877787807814457e-14, 1.1102230246251565e-14, 8.326672684688674e-15, 5.551115123125783e-15, -2.7755575615628914e-15, 5.551115123125783e-15, 0.0, 8.326672684688674e-15, 5.551115123125783e-15, 8.326672684688674e-15, -2.7755575615628914e-15, -2.7755575615628914e-15, -5.551115123125783e-15, -2.7755575615628914e-15, 9.43463561172527, 10.191558262949563, -0.0057177633978398035, 0.5411217050028085, 0.7384341375150569, 1.7642374058148107, 1.5829927839360778, 0.6896314471264873, 2.845620984971788, -0.30511795732314795, 0.3202806506820366, 0.33152944682160523, -1.6744329718664517, -1.16962650904145, 0.5220393162664436, -1.0562289137269687, 2.519242862328042, 0.141209495535918, 1.415849206149602, 0.07703271554331081, 0.25572961967583296, 2.6635342620594713, 0.7002495506849442, 1.6754544126060722, 0.35302592259890275, -0.08970182510459779, 0.03188997054176923, 0.08036161016161714, 0.08969379850344694, -0.3899877958480431, 5.840063745243661, 1.2686868140806524, 8.521966543503183, 2.7322401651493635, 1.1396190760742968, 0.5385781930618094, 0.6204538838254763, 0.802370224605113, 1.1082968733248464, -0.3034027810185478, -0.22624992096868368, 1.2172220257047002, 0.6361008947785365, 0.6376757048121249, 0.41082193426575486, 0.7129799370523529, 0.6355567245991551, 2.7492375923833947, 2.8261141141390453, 0.7094873480553332, -0.17997686714508632, 1.1941082046657812, -2.1705170050040294, 0.4105284375823146, -0.904123779523303, 1.3267566335281913, 0.6185863372786571, 1.8862206203310734, 0.5390479582814578, 0.41662677510970525, 0.6908282010926712, 3.193801184437575, 0.33868909903634403, 1.544255447970528, 0.8318580295086235, 1.6471878922061762, 1.5429017866709955, 0.2149399755990089, 2.1673848475109025, -0.6437066928184834, -3.2782667295723513, 10.785035124616485, 9.48519771523327, -2.7755575615628914e-15, 0.0, -2.7755575615628914e-15, -2.7755575615628914e-15, 8.326672684688674e-15, 5.551115123125783e-15, 2.7755575615628914e-15, 2.7755575615628914e-15, 5.551115123125783e-15, -8.326672684688674e-15, 2.7755575615628914e-15, 0.0, -2.7755575615628914e-15, -2.7755575615628914e-15, 8.326672684688674e-15, 2.7755575615628914e-15, 0.0, 2.7755575615628914e-15, 0.0, 0.0, 2.7755575615628914e-15, -2.7755575615628914e-15, 5.551115123125783e-15, 10.291294795734814, 12.713837724948107, -1.6720790109219195, 0.9883859224566436, 1.7469917341760777, 0.25554920966399663, -0.17980311312047093, 0.15584094743496735, -0.5597548774343011, -0.3373163646242574, 0.5639745506872487, -0.36847704977822104, -1.0819187329865088, 0.14425726701139752, 0.8944207141446441, 1.2250245047440842, 1.238625781634937, -0.18850108112985708, -1.7865134452752613, 1.2988968394010953, 0.8086867455285187, 1.6578326091222664, 2.022075552376748, 1.3446393074493415, 2.735504935547425, 6.166726074528931, 3.188003714428202, -8.326672684688674e-15, 8.326672684688674e-15, -5.551115123125783e-15, 2.7755575615628914e-15, -2.7755575615628914e-15, 0.0, 2.7755575615628914e-15, -2.7755575615628914e-15, 0.0, -5.551115123125783e-15, 0.0, 0.0, 5.551115123125783e-15, -2.7755575615628914e-15, 8.326672684688674e-15, 0.0, -2.7755575615628914e-15, -8.326672684688674e-15, -2.7755575615628914e-15, 9.752218733195114, 10.607941632985018, 1.5667515455561727, -3.5992453503652087, 18.91923124452235, 18.803152296549776, -1.1102230246251565e-14, -5.551115123125783e-15, 5.551115123125783e-15, 0.0, -2.7755575615628914e-15, 5.551115123125783e-15, -5.551115123125783e-15, -2.7755575615628914e-15, -5.551115123125783e-15, 0.0, 2.7755575615628914e-15, 0.0, -2.7755575615628914e-15, 2.7755575615628914e-15, 2.7755575615628914e-15, 8.326672684688674e-15, -2.7755575615628914e-15, -5.551115123125783e-15, 0.0, 0.0, -5.551115123125783e-15, 8.984374534569056, 9.597854158466404, 0.7153183096476141, 0.1477785835705845, 1.451489673269478, -0.18853246320364292, -0.022775579087010556, -1.7810703967821837, -0.3333755497831419, 0.08587552419709255, 0.40427429804938697, -0.6190571180693496, 0.2771477065931691, 0.5752690032884118, -0.5221131157190229, 1.2286178811916955, 2.69223811099738, -3.9316571937609126, -0.40286657019083805, 0.029109968245734308, -2.4968122695272257, 4.05222143542062, 2.4652369484510643, 0.2327588500413924, 0.2884403536082516, -0.07577588377344568, 0.6174029684302695, 0.6677008036530196, 4.157810781925406, 0.1577812204361635, 1.994990188228897, 0.25429129947593765, -0.022358507391743387, -0.16117232118003244, -0.2505938278695794, 0.011506570081650125, 0.7170610349091078, 0.18698186218206558, -0.12219853489661148, 0.23517427578551064, 0.13274370531993895, -0.06362479052141623, 0.684560378361482, -2.278213076372708, 0.061287129695188014, -0.1095162043085054, -0.5987333855708812, 0.5611176383912095, -0.6340964388190571, 0.8122970725748502, -0.8615403464325624, 1.8432767915398927, -0.019669901070216156, -0.42699708504331113, 0.06373369396737871, 0.27295417055754, -0.16525035518445463, 0.1666598920903084, 1.5085020908509108, 2.427676805944202, 0.3861968244881666, 0.5293376873273985, 0.3851287194629833, 0.28784774998774765, -0.027043047817272736, 0.4078277439304401, -0.1101146362390466, 6.106205522952564, 0.4850760395649445, 1.2966472991330988, 1.5636508503572202, 0.6779831028729859, 0.11049051978113766, 0.4912753505138312, 0.31773904658265906, 1.3322336598250786, 3.391642587349679, 2.037167809543206, -0.34011889848346755, 1.3313744630038826, 0.02131882127250151, -0.7460380925729453, -0.4819730540171463, 0.45907863025840356, -1.7296030723550473, -1.5156408033579964, 0.6862824333704225, 0.6534224393734007, 1.2208806619599386, 2.0085904801456422, -2.4119425199505713, 0.5259461439915469, -2.0823277131753173, 1.8353630062121624, 3.8218453536163963, 2.847897412506512, 12.082959395074631, 2.345378849307494, 12.054760091237753, -0.12818075741790835, 3.1737552316292295, 0.4003675976997272, 1.0010705015343575, 0.8534549267336047, 1.1515040749252279, 1.5378093355584639, 1.5814260802671072, 0.29577151690318715, 1.0531138968386529, 0.20163889931464496, 0.9749897191045989, -0.06400481085336196, 4.0148520680813675, 1.8830770923025568, 5.461647724145749, 0.7980993756917769, 0.16611456225174948, 2.8049643784342635, 0.28814345448435574, 3.56838236334724, 0.23431712705129826, 0.12410879295191535, -0.10177339626773119, 0.1710879644062686, -1.0624077424290874, -1.4722303569473638, 0.20523206104979863, -0.3209797866495592, -0.6977764841416843, 2.0724377400767935, 0.8281766875565211, 0.6218031910741502, 1.176301406040011, 0.27265614513279957, 2.3936460808851336, 1.7787182704024929, -1.1552075341292039, 1.6789850045002197, 0.8796181142126898, 2.9046979215028728, 1.598923163262043, 0.27842201737917094, -0.0735434380975164, -4.451927554549172, -3.608566851432812, 0.14773903086296514, -0.5518951913184651, 1.135793409763295, -0.4938233386876334, -0.09180962241308066, 0.4991348079800275, 0.05661137854383469, -0.6996532967502276, 0.4490974477032239, 1.4267247191036745, 2.5674750776678366, 0.6342990278502043, 1.4718111358497339, 0.793115105280549, 3.3306952395790717, 1.2388117649948072, 0.08831688129973259, -0.44680411437732914, 0.9587265556057787, 1.0200328221926611, 0.5861274774441796, 0.38065979136209194, -0.1365173744765258, 0.6367712602209394, -0.5441159060351879, 0.4013998096000222, 0.11349764566949716, 1.4343227416064508, 0.777307196856043, 0.15745739142357706, 0.6944369548790519, 3.7922416673811483, 0.41524549927973453, 3.491030655008174, 1.4542278077688024, 0.07329397332802046, 0.5411762103498745, 0.8774089979297628, -0.4094548759357224, 1.522416006135046, -0.44631399791443016, 3.2187190543151587, 1.1928392467346072, -0.45054721679969134, 0.007328768163517907, 0.45674553090265135, 0.04496297972819718, 4.530871205975231, 0.8206051573418449, 3.0385334521860727, 1.2004389581302064, 1.029492253748714, 0.15471756945997583, 0.48182598231346674, 0.399017339004061, 0.9574161969276958, -0.25755372090731043, -0.582844380620898, 1.6415862018643423, -1.1703512706928194, -0.1465692106482095, 0.1258880517521419, 0.8808698614685397, 1.0056367484281168, 0.7583445688060806, 1.4746331520974536, 0.26388370286021257, 0.358368188429651, 0.16208597926633672, 2.513134420436728, 2.665371292639122, 1.288822595319374, 0.45304936759202974, -0.7031229097411824, 0.8178530358136129, -0.4606462387697263, 1.0667076275754255, 1.200481937348826, 0.8136142755930678, 2.188758884141862, 0.7907698066701414, 1.8072360282373268, 0.9212523390923195, -0.16883816357025694, -0.10149793072702096, 1.9875577337799655, 3.2898344909924617, 0.6874844367116424, 0.35187068906823527, 0.7553337197365408, 2.0632996064364875, -0.25402938260060637, 0.7912161602120591, 1.4432075131097122, 0.05559104923136715, 0.6896307140209785, -0.05875728662624624, 0.9658704507219795, 2.75047184248902, 0.16502175110809958, 0.6199919293656251, 1.0801556437141073, 0.8686952650789976, 0.2821552241441907, 1.483521684434038, 0.32505809430668364, 0.49361655527408743, 1.2223079715352299, 0.011842138323515883, 0.3981071099159692, 0.005998357909902552, 1.4496095799607929, -0.2900202378730228, 0.52410309933353, 1.1610546372900217, 0.022899097789093048, 0.6770950019492119, 1.2665963294637663, 2.863005332848843, 0.03735421081620416, 1.0286216265873804, 2.315848178282323, 4.242459394174119, 1.4584819446800168, 5.916887716364101, 4.714119488716108, 0.737131765731931, 1.587613775153585, 2.9655707896232855, 0.36067027840445576, 2.7170097390048795, -0.2658767352005498, 0.12998747463041127, 0.38571197980880356, 0.7549306349141034, 1.7383197201578184, 2.0025830115750978, -0.5541733371235296, 2.8059076262566407, 3.687273495244881, 3.3667162144957956, 1.2052956279221405, 0.19471609523618838, 2.2298447773495127, 0.5827141185805829, 0.2417924929375488, 0.9512091768652056, 0.37610750376364877, -0.7678439516461424, 0.7548132854096252, -0.7251594829839973, -0.1297970787205145, 0.2569167600721016, 0.47663209012716834, 1.9137022812833493, 1.1796750157245413, -0.04908514080742066, 3.462030632649544, 3.4104120446457102, 2.5363100580344167, 3.248246130225766, 0.7503061951098289, 1.358390653982184, -0.22457089453362755, 0.6716973453849846, -1.777319444106098, 0.3589974296460525, 2.119576467315369, -0.24285240412319808, 0.24090861919594886, 0.057783598056886376, 0.7824568258096178, 0.44904990953347124, 2.3431176465993815, 0.16714910520796877, 3.0448542451667038, 0.9652649347740976, 1.5609244494353476, -0.5293151392783955, 0.7907407103732425, 0.2902059561653516, 0.4082790921596313, 1.4698671630566906, 0.970634355797074, 0.8290819083704832, 0.11879229524684831, 0.253454566660011, -0.08510705794910223, 0.1524688830121761, -0.3096746474318621, 0.08817133094403573, -0.048891039603290665, -0.01555927230378984, 1.6064914006194329, 0.5270299430643206, 1.9347734056019021, 2.633085143972721, 0.5592676208477769, 1.43424739981009, -0.1283646167599386, 1.5032098254282573, 1.2850836333104354, 0.11287793226765075, 0.6960034106595572, 0.33823136056741987, 0.04669016798133896, 0.31066272077566737, -0.3670518335223676, 6.864134386453443, 6.586212016823808, -8.326672684688674e-15, -2.7755575615628914e-15, 5.551115123125783e-15, -2.7755575615628914e-15, -5.551115123125783e-15, 2.7755575615628914e-15, 5.551115123125783e-15, 2.7755575615628914e-15, 2.7755575615628914e-15, 2.7755575615628914e-15, -1.1102230246251565e-14, -5.551115123125783e-15, 2.7755575615628914e-15, -2.7755575615628914e-15, 2.7755575615628914e-15, 5.551115123125783e-15, -2.7755575615628914e-15, 8.326672684688674e-15, 2.7755575615628914e-15, 5.551115123125783e-15, 8.326672684688674e-15, 2.7755575615628914e-15, 2.7755575615628914e-15, 5.551115123125783e-15, 0.0, -2.7755575615628914e-15, 2.7755575615628914e-15, 2.7755575615628914e-15, 0.0, 0.0, 8.326672684688674e-15, -5.551115123125783e-15, 2.0102189141072433, 9.381107361358545, 8.786856548093965, 2.437573457810771, 0.489618003971259, 3.7641938338580587, 1.222991238928671, 7.570721481281588, 7.70706247233462, 5.551115123125783e-15, -8.326672684688674e-15, 2.7755575615628914e-15, -2.7755575615628914e-15, 8.326672684688674e-15, 2.7755575615628914e-15, 0.0, 8.326672684688674e-15, 2.7755575615628914e-15, 8.326672684688674e-15, 5.551115123125783e-15, 0.0, 0.0, 5.551115123125783e-15, 2.7755575615628914e-15, -2.7755575615628914e-15, -2.7755575615628914e-15, -2.7755575615628914e-15, 8.326672684688674e-15, 0.0, -2.7755575615628914e-15, 2.7755575615628914e-15, -2.7755575615628914e-15, -5.551115123125783e-15, -8.326672684688674e-15, -8.326672684688674e-15, 0.0, -2.7755575615628914e-15, -2.7755575615628914e-15, -5.551115123125783e-15, 0.0, 2.7755575615628914e-15, 2.7755575615628914e-15, 0.0, 12.18508211766386, 11.269084363784067, -0.6326001634833744, -0.3986601169934687, 0.5465105889399524, 0.04532665789076873, -1.4664692689883339, 1.365803585217634, -0.19292019243820846, 2.757240176473573, 4.35932017724781, -0.7158296940654623, -0.32457339893340986, 0.48154997280104794, 0.6274998476328904, 0.0021168185015199015, 0.6205917822285585, -0.34769477472121935, 0.9350238807712117, 0.8417313047381754, 0.629353493347935, 0.23575877075307972, -0.006764821390873976, -0.44687855243384433, 0.5437625193039537, 3.814351132524081, 0.006293756127547567, 1.806403693000675, 3.724582484516702, 0.5566089604521665, -0.06539829092008631, 1.6604870082781105, 0.738197983334743, 1.5101199057446877, 0.5697870396237192, 0.2862085161371226, -2.181867180340447, 1.1409117779719509, -1.4827890253571923, 0.5791870532220855, 1.1309092590297212, 0.50447081299302, 0.00972484537507512, 0.058632544128755626, -1.077274419944274, -0.134007187350619, 0.012431624244214845, -1.9471489193029754, -0.9011051134047818, 0.5144808424700358, -0.8955749231867856, -0.18639588474181323, -0.06979334533035342, -0.09407960138261728, 1.6355751969958305, 1.3527211932028678, 1.3413524117949294, 0.3837526683118142, -0.5479372972442036, 1.1805443598112362, 0.009864854000028345, 2.3756914856966773, 2.1879123454801856, -0.10354752704998305, 0.051466331101181595, 1.7839310048970276, -0.45523381506461646, -0.0590327372103161, -0.43304339263204383, 2.1770962358241945, 1.4526501714067876, -0.05759838184224009, 7.9764905633369665, 2.2508858500972906, 4.419825697467502, 0.14533437750344547, 0.2709082830042888, 0.13683466452381765, -0.40523143030246445, 0.5377347238399608, 0.2520611204647665, 0.6793823623394886, 1.141665335206227, 0.5808677650527372, 3.8053023609685823, 5.381156409865213, 0.027237478084302325, 9.73755170128726, 7.485589289299675, -5.551115123125783e-15, 1.6653345369377348e-14, 0.0, 5.551115123125783e-15, 8.326672684688674e-15, 2.7755575615628914e-15, 0.0, 0.0, 0.0, 2.7755575615628914e-15, 5.551115123125783e-15, 5.551115123125783e-15, 5.551115123125783e-15, 0.0, -2.7755575615628914e-15, -5.551115123125783e-15, 5.551115123125783e-15, 0.0, -2.7755575615628914e-15, 2.7755575615628914e-15, -2.7755575615628914e-15, 8.326672684688674e-15, -2.7755575615628914e-15, 8.326672684688674e-15, 0.0, 0.0, 0.0, 2.7755575615628914e-15, -8.326672684688674e-15, -2.7755575615628914e-15, -2.7755575615628914e-15, -2.7755575615628914e-15, 0.0, 9.527927280995748, 10.269177072743815, 0.12581200722829067, 0.016956878745190807, 0.16776049607074128, 0.46154173925151554, 0.1924075616727805, -0.022353064764786268, 1.135637751440953, -0.1016740397222975, 0.05754554488709118, -0.07763825216002829, 0.3244651098667646, 1.258002458875751, 0.04942515767908162, -0.29273568065734423, 0.29985327369348624, 0.2209700343373271, 1.5821072110908574, 1.3350706020096936, -0.18735360263670486, 0.44115238593363415, -0.509677428884018, 1.356734187452048, 0.8099004186841512, 8.330998879791196, 6.089627676043023, -1.1102230246251565e-14, -5.551115123125783e-15, -8.326672684688674e-15, 0.0, -2.7755575615628914e-15, -5.551115123125783e-15, -2.7755575615628914e-15, 2.7755575615628914e-15, -2.7755575615628914e-15, 2.7755575615628914e-15, 8.326672684688674e-15, -2.7755575615628914e-15, 8.326672684688674e-15, 2.7755575615628914e-15, 2.7755575615628914e-15, 2.7755575615628914e-15, 2.7755575615628914e-15, 2.7755575615628914e-15, 0.0, 5.551115123125783e-15, 0.0, -2.7755575615628914e-15, -5.551115123125783e-15, -2.7755575615628914e-15, 2.7755575615628914e-15, -5.551115123125783e-15, 2.7755575615628914e-15, 0.0, -5.551115123125783e-15, 2.145963365445713, 14.947115697216852, 10.270931690706362, -1.3208757701782758, -0.2648855045889036, 0.7124345363711484, 0.2859124167452478, 0.9970057052760808, -0.14628369726349888, 0.30881535667251114, 1.2907772952295318, 0.026529093251184577, 0.5983462031591102, 3.411771377298237, 1.673905657461475, 0.48542281122578856, 0.5601187015032423, 0.2843712569940351, 0.32778968057203883, 0.7527220067271259, 0.8248024146684827, -0.037718170497697656, 1.557694052125015, -0.04243947942839554, -1.411135379064632, -0.09628075879993503, 0.14460014094765938, -0.2798309094034721, 0.7542912954649239, 0.0333946378020471, 3.3700343961641437, 0.11129303678075075, 1.8056573447665158, 0.864970838138575, 0.2811843774268823, 0.4488068331456816, -0.4610127689034016, 3.084274243254626, 0.4746806276267108, 0.6528372268045644, 0.2597955462871653, 2.053694562432071, 1.212357774632551, 0.3027955541454048, 0.5880128006913878, 0.92867891944897, -0.2679156235944049, 0.9613313879729048, 1.7503821577155634, 0.17075037892928435, 0.07758705454881465, 0.7055929548899371, 2.5268165203764283, 0.8423213349237102, 0.9522737991833026, 1.8068962276409337, 1.3003679263118357, 0.8299852761100652, -0.36897551007902507, 5.290304353169752, 0.20484454270540198, 2.7449578969850847, 0.15399929293797499, 0.21104673424284215, 0.44292411630273776, -0.07207216356492552, 0.24923272029134935, 0.5185013893215924, 0.730763483484381, 0.19700429318191226, -0.026843508277138994, 0.40958033987476483, 0.8076301050817847, 0.4427153348391357, 0.6783208032679795, 2.197814012743862, 1.3467029244619226, -0.030233288730990182, 0.030932076958890775, 0.9620742303290726, 4.166893414225928, 0.03893074808961927, 4.4690871762534385, 0.3613066700201628, 1.5557212726376335, 4.092912790160746, 1.1891452025737035, 3.805080000929216, 5.255211018787023, -0.14848537334630407, -0.32122583012098005, 3.2724601983296395, 3.563394179971823, -1.8047081684437671, 0.2955532638787588, 0.035160111749036105, 2.4070692632804196, -1.1331371891874369, 0.18997596205196032, -0.1777814173862282, 0.4549726548717672, 0.19675760666633835, 0.47798044826986086, 0.992258490394164, 0.12693770452935382, 0.32989653214268344, -1.023289685262796, 0.13016048566112204, -0.05226986386327326, -0.21671997204785498, 0.8208108882486442, 1.0339238811936298, -1.317699359204937, 0.09653770201174439, -0.2852730428522534, 0.5232840631131523, 1.6787154904064039, 3.268865407925915, 0.4394088785375345, 1.559807332567857, 1.267829021859228, -0.7095487132677931, 1.6549691020775867, 0.3829502635847746, 1.842775435445816, -0.38079874046150053, 0.001614266959535371, 0.10957469094682892, 1.1481957521215236, 0.2714459299012333, 0.6381629494644869, -0.2986958630391996, 3.1831766587484935, 1.1575517996739677, 2.745251698141857, 1.578071350249303, 2.1525666952514086, 3.634478407825384, -1.0207986759280914, 4.588099226403671, 0.7786462347109762, 11.472539075792355, 0.7359028718712182, 6.186479767869429, -0.790892246273387, -0.6644352807142582, 0.7471815586023922, 1.0179213901683397, 2.4752855295480174, 0.4507323369874854, 2.853323685575049, 4.3211784634985975, -0.37648763170236066, 3.2073400981103646, 1.534869372998969, 3.9372955439386743, -0.048121416070927125, 6.285270020521125, -0.09988361926710354, 0.0839642213846048, -0.37600761638907443, 0.365407484767843, -1.269305020710874, -1.14746767824019, 0.04464839464978354, -0.012844962045335251, 2.898128409153628, 1.4910703774104945, 1.3467634969848632, 2.4508221928806506, 3.89412416507804, 0.4427266432111878, 0.32944466739951395, 0.029644332081659286, -1.1473098274969402, 0.9629649160916358, 0.6005882893519754, 0.5502519305359499, -0.7376260056935564, 0.6242628451148846, -0.2763072796416566, -0.7951660451299745, 0.8122375215221211, -1.0889542043640432, 0.7805578579521182, 0.07113962750784708, -0.17256472812016455, 1.1251765700303338, 1.1082885355517078, 0.14526103410520363, 0.08769811908803149, 0.5199014565463926, 0.28525938495350545, -0.2578077241006014, -0.7396134616753613, 0.2797011043019211, 2.445539012997756, 3.2216135125262895, 1.8016132855111664, 3.565654129133293, 0.30817199981544263, 0.504963361928489, 2.4345489342324527, 1.2584129602846872, 2.811494529330645, -2.636476564665969, 3.8054619087138803, 1.3196192484779203, -0.026857957930616294, 1.0458111287761511, 3.534720411555554, 2.4827117953370816, 1.8023388348769913, 0.3599340083126208, -0.8872884327116424, 0.33922095721595724, 0.904014887059077, -0.1707935892818, 3.1970156181826326, 0.2570148028653847, 0.7096119591170691, 0.10333600289240508, -0.03557293923705629, -0.824803949898893, 0.8690866394191943, 2.4854718837443954, 0.2603956573367441, -0.17330823612286395, 0.10440686789610254, 0.5445328055171785, 0.24310906158143553, -0.5569346763769119, 1.8593633764049429, 0.2018873700394863, 4.307448975459735, 2.3311131993352205, 2.0491734810978386, 1.869885647021114, 5.551115123125783e-15, 0.0, 8.326672684688674e-15, -2.7755575615628914e-15, 2.7755575615628914e-15, 8.326672684688674e-15, 0.0, -2.7755575615628914e-15, -1.1102230246251565e-14, -5.551115123125783e-15, -8.326672684688674e-15, 0.0, 2.7755575615628914e-15, 0.0, 5.551115123125783e-15, 9.402127236812703, 11.541110715404358, 2.3026783522884102, 2.127404043008511, 1.5783875066895519, 6.131814927001869, -1.127150044625978, 6.308625248633831, 0.5748596779246213, 0.9041613306922613, 1.2546932923672784, -5.071908783318804, 0.16263218422767522, 0.23560339559739418, 2.448033952499486, 3.500179814190602, -0.32566935007181996, 3.770113902018437, -0.002631439876552122, 0.40792904702769306, -0.19455842545622204, -0.27285073646112323, 0.21881169951171842, 0.17012610989303312, 0.6172718815375617, -0.9031689013999369, 2.153156786118359, -1.9218112067237598, 3.7755642531162152, 3.6953082843380685, 0.6782582182081285, 0.24412870985594282, 0.35312492667955553, -0.34575099922108166, 1.3861036323566225, 1.1354463947236582, 6.781456869884323, 8.442556060788391, 3.661975303327324, 0.0, 0.0, -2.7755575615628914e-15, -5.551115123125783e-15, 0.0, -5.551115123125783e-15, -2.7755575615628914e-15, -2.7755575615628914e-15, -8.326672684688674e-15, -8.326672684688674e-15, -5.551115123125783e-15, 5.551115123125783e-15, -5.551115123125783e-15, 0.0, 7.331639552955085, 8.90657371801585, 0.5894522532988304, 0.4475231915652671, 0.6070568608359679, 0.7384581285536171, -0.009179664598519821, 0.23109793046228333, 0.7612226083468556, 1.5323721305841786, -0.24065146151153272, 0.9285984393784474, 0.49208406676007144, 0.714871308807318, 0.6893253894350835, 0.482454056025972, 1.813236856117669, 2.4998445096076125, 0.40503514109923344, 3.272613006420869, 5.696445235179169, 1.3656800265228668, 4.439267666834752, 0.18223722584096436, 2.4611546177541754, 1.578892288509607, -0.06370034671390101, 0.6189217546700121, 0.2724939405430291, -1.5554317124862678, -0.3569465374841627, 6.316069491434561, -0.1676738913574738, 1.0261037496234096, -0.49203300887809576, 2.578892652059608, 4.929778272094836, 0.3556252221153784, 0.9480620764329899, 1.6019020765637322, 0.9696975748688743, 0.18138360346232218, 0.30206808654106965, 1.2692840129083294, 0.14295234466285933, 0.9058972585964682, 1.3707841586904692, -0.010271095457795809, 0.44173990249259987, 1.0335593618902692, 0.07036009693391065, 4.715074573944435, 3.5203474506821664, 0.017128930242364504, -0.039023757575620266, 0.7084470887865137, -0.2739783598842678, -0.48028241498593616, 0.6219958041077405, 2.273208011978383, 1.694886369993796, 7.794703240765159, 0.03568168783061765, 1.2149899724508657, 2.8687929858978123, 0.18296020420923753, 0.45970974830348155, 1.2544457407396123, 1.1470243503731865, 1.693871701614313, 0.7005872416578427, 1.0901677753570596, 0.12761874996098754, 0.05173792079810369, 2.336358080435957, 1.025091983911608, 1.1869739791936524, 0.25966981513295195, 2.134256392284385, 0.5552361397756442, 1.9631807482234933, 0.9751475692788887, 1.0316105534547404, 0.7153349431899585, -0.3996653493755957, -0.1562377751297106, 5.390948893170901, 3.2803987917910433, 2.695521151742028, 0.014095709198329587, 1.4503780486441826, 3.595825683555745, -0.04943375862781352, 1.1862944409021878, 0.23492354430565143, -0.1921276464509134, 0.4696889368392334, 0.2877140666411151, 0.369521889363682, 0.6537237153891198, 0.24309546446704644, -0.5151417731186143, 1.7263950013531257, 3.6920130711852437, 4.068351971651651, 1.1805518139446143, 1.1322780983323142, 2.0677729217063465, 0.24383420586526938, 0.14191439711287757, 0.23306975253464302, 0.06361238236658551, 0.12879920488557772, 1.698577126468276, 1.7852937625668197, -2.7755575615628914e-15, 0.0, -8.326672684688674e-15, -2.7755575615628914e-15, 2.7755575615628914e-15, -1.1102230246251565e-14, 2.7755575615628914e-15, 5.551115123125783e-15, 1.0864088369418283, 6.884808565256499, 4.742846979279413, 0.49404007538481665, 8.201145640963318, 4.9356796726428875, -8.326672684688674e-15, 5.551115123125783e-15, -8.326672684688674e-15, 2.7755575615628914e-15, 1.1102230246251565e-14, 5.551115123125783e-15, -2.7755575615628914e-15, 0.0, 0.0, -2.7755575615628914e-15, -5.551115123125783e-15, 2.7755575615628914e-15, 2.7755575615628914e-15, 5.551115123125783e-15, -2.7755575615628914e-15, 2.7755575615628914e-15, 2.7755575615628914e-15, 5.551115123125783e-15, 4.991411858844206, 6.112589751501176, 0.42121610421916955, 1.51809922651735, 0.33813603586476404, 2.539753906395532, 1.9846961669716308, 1.162500675572204, 2.460764391607711, 0.45771863233653676, 1.6176230134707197, 2.1621247117041804, 0.7224029712649127, -0.16701016006039993, 0.18470577481375017, 0.7564458641082297, 2.0373405175371033, -0.9613912555034574, 0.539527506360514, 0.015246465820325739, 0.771675458146106, 3.4702158244509462, 2.4823751100443445, 5.197599314587393, 1.425088448420496, 0.8682972048549544, 2.5410493866953345, 4.0287867037803835, 0.6272145348059439, 1.2902104089033628, 1.1085225380544728, -0.1634663500590534, 0.39560008949604253, 0.02696924824482494, 0.22138666353674807, 0.3933514967300198, 1.4199255624208718, 1.3153752698714527, 0.7784620537914861, 1.65452616336529, 1.428790884692802, -0.2693406276145254, 1.5363027554731445, -2.287057704386598, 0.9270229127867822, -1.471430030796796, -0.3046343448068285, 0.0667558085897042, 0.0091999641552718, -0.10382259158527063, 0.37484338665386474, 2.694139291510851, 0.5820554477910775, 1.9182772079603296, 2.0504370627237023, 0.1374669439331342, 0.018782600723284304, 0.4448744690470505, 0.07599328015963636, 1.8966579321635209, 2.2186143249470547, 3.4474989797270155, 3.2370122773678247, 0.3000377010520765, -2.620401037591762, -2.6795238758767823, 1.0859275935658275, 0.671865951350668, 0.39964221927942845, 0.9656437794278077, -1.5727643746314186, -0.004660180536831149, 0.10415236124848093, 6.0806011460401805, 3.255837811308467, 3.472958169306974, 3.4890577325213545, 5.551115123125783e-15, 2.7755575615628914e-15, -8.326672684688674e-15, 0.0, -1.1102230246251565e-14, 8.326672684688674e-15, -2.7755575615628914e-15, 2.7755575615628914e-15, 2.7755575615628914e-15, 0.0, -5.551115123125783e-15, -2.7755575615628914e-15, 0.0, 5.551115123125783e-15, -8.326672684688674e-15, 5.551115123125783e-15, 0.0, 0.0, -8.326672684688674e-15, -5.551115123125783e-15, 0.0, 2.7755575615628914e-15, -5.551115123125783e-15, -2.7755575615628914e-15, 2.7755575615628914e-15, 5.551115123125783e-15, 2.7755575615628914e-15, -2.7755575615628914e-15, 8.326672684688674e-15, -8.326672684688674e-15, 10.251390004612801, 14.772911009788231, 1.6924827288371205, 0.7542552943189662, 1.141179489976281, -0.7848323785936486, 1.9235184372856793, 0.8381599600564869, 1.7725038251060141, 4.144480425872928, 0.19666024530144455, 1.6255171720781334, 0.25591797684512585, 2.871306292400334, 3.0488450493812422, 4.442288984174013, 7.781580766997223, 1.2078537934536726, -1.1102230246251565e-14, 8.326672684688674e-15, -2.7755575615628914e-15, 0.0, 0.0, -2.7755575615628914e-15, -8.326672684688674e-15, 5.551115123125783e-15, 8.326672684688674e-15, 2.7755575615628914e-15, 0.0, 5.551115123125783e-15, 5.551115123125783e-15, -5.551115123125783e-15, 0.0, -5.551115123125783e-15, -2.7755575615628914e-15, -8.326672684688674e-15, 5.551115123125783e-15, -2.7755575615628914e-15, -2.7755575615628914e-15, 0.0, 5.551115123125783e-15, -8.326672684688674e-15, -8.326672684688674e-15, -2.4980018054066022e-14, -8.326672684688674e-15, -1.6653345369377348e-14, -2.7755575615628914e-15, -2.7755575615628914e-15, -2.7755575615628914e-15, 2.7755575615628914e-15, -5.551115123125783e-15, 0.0, 2.7755575615628914e-15, 7.347828095377082, 9.768725183959006, 4.760103331845755, 3.002816098856158, 2.3162209027618132, 2.1216044714873874, 2.2247819914815636, 0.7849355400290108, 0.19943338476105055, 0.46589687235990596, 0.4863667183211646, 0.5586803047338549, -0.21872539930259904, 0.11781265678615682, -0.036630307218871394, 1.9928081997075537, -0.40346256816081905, 1.1801474681458615, 0.479032332919445, 8.752920183812776, 7.15752305413438, -2.7755575615628914e-15, -2.7755575615628914e-15, -2.7755575615628914e-15, -1.6653345369377348e-14, 2.7755575615628914e-15, 0.0, 2.7755575615628914e-15, -2.7755575615628914e-15, 2.7755575615628914e-15, -5.551115123125783e-15, 5.551115123125783e-15, -1.1102230246251565e-14, -2.7755575615628914e-15, 1.1102230246251565e-14, 0.0, 0.0, 0.0, 1.3877787807814457e-14, 0.0, 8.326672684688674e-15, 0.0, 8.326672684688674e-15, 2.7755575615628914e-15, 0.0, -2.7755575615628914e-15, -5.551115123125783e-15, 2.7755575615628914e-15, -2.7755575615628914e-15, 2.7755575615628914e-15, -5.551115123125783e-15, -2.7755575615628914e-15, 4.167406496044389, 12.466331728618314, 7.66740559580137, 1.0756855695187824, 2.984559773610414, 0.44717927980093464, 1.7428827684968695, 0.11587822393012459, 1.8134159657663105, -0.20661361191503147, -0.11974768962369353, 0.020088553071559545, 0.5348088996257729, -0.536753794090771, 1.03656302858667, 1.2463238327501642, -0.881123603779713, 1.7496437202620996, 0.3156213701070101, 1.4742578445960532, 0.8749924600404029, 1.685772542526621, 0.18660331256759832, 3.1224287429043898, 1.9065635734522743, 1.4487189301544845, 0.038818814448021044, 0.40056193882657, 0.3483784131264258, -0.22742233573441695, 0.3169365847421943, 0.8720257867813075, 1.7951706848998867, 0.9604477931499389, 4.557742830030307, 1.6114838491202477, 0.9920369040109591, -0.14124316626083555, 0.128255825980645, 1.3893305201395663, 1.0103141827842137, 0.6337905046777053, 2.0069897419904237, 0.10070089057279574, 0.20998087002385546, 0.6684716955638521, 0.13705468254249809, -0.006508453786210566, -0.6233369474235246, -0.8262483981623348, 1.6827965851206272, 1.4417053102525301, 0.6410229645979939, 1.0158341960724897, 0.7310364229015818, 1.306489877865232, -0.9986467705228961, 0.3374263985022026, 1.5333923926649504, 0.9862234253948259, 3.6470240375248864, 0.6896456944814986, 1.9317786830364412, 0.18488711539191627, 0.4030972931798402, -0.28425899116354003, 0.9699988172884559, 1.862836526857393, 0.282333039695402, 3.564884111705908, 0.8658896821831945, 0.43142173350119606, 0.25953192093629696, 10.73080868870342, 14.521985268633884, 0.0, -2.7755575615628914e-15, 2.3004200531593852, 5.862852269160982, 3.604627527375172, 2.2111123514649194, 0.5111845960890662, -0.018988747118271476, -0.5189711212804013, -0.01503567885964685, 2.7793929433484266, 0.9493782517433544, 0.6154312283787675, 2.7235246488880307, 1.1399453237249304, -0.30797171226222986, 0.5277237472376441, 1.3447127040942348, 0.9724092028038456, 0.29331650347228333, 0.1302814954561171, 0.21228113730190046, -0.24227746916147908, -0.06480094760553357, 0.21305858167579572, 2.640023262064318, -0.5405181020760494, 2.2345394397584926, -0.2817767572080925, -0.5401018162715161, -1.2861748758477205, 0.8742422430048293, 0.23912250143010283, 0.4688340495031298, 0.12045248753199189, 1.6059802542360728, 1.5109543753888204, 0.25923357047565787, 2.1592909111858773, 0.7966416598393096, -0.3784072251129942, 0.13238582823788647, 0.1658016953443564, 0.824603964134468, 0.6764741382299064, -1.2012780358470536, -1.4510416354096947, 0.5748627669732969, -1.187937106026908, 2.414890160591895, 2.7103145926446075, 1.567431897386541, 2.034308199726837, 0.8497855177321298, 1.2335775489704872, 0.8727791983995843, 0.6806419902524681, 0.18450466381403885, 3.1831798357313232, 4.973627904227442, -6.848122875443551, -0.9195331326203018, -1.178498394423002, 4.498321497781518, 6.920604490326269, 0.138558694861743, 1.3946787334296573, -0.2111971636474692, -0.16535256267376042, 0.10830545784662604, -0.4567508716895645, 10.7899580775089, 9.694743798177058, 0.0, 2.7755575615628914e-15, 5.551115123125783e-15, 2.7755575615628914e-15, 0.0, -2.7755575615628914e-15, 2.7755575615628914e-15, 6.057330884197526, 11.818767762989822, 1.831709183152924, 1.631663468321051, 2.5183619485356132, -1.1190875540787317, 3.1822461933039676, -0.1775155023553623, -0.22271339788682099, 0.596661910421119, 1.2851807528284098, 1.2143600483241528, 1.2478945142367763, 2.4801062623351697, 3.880675419867572, 1.7984611251915794, 2.1925863873762523, 0.8485378305620657, 1.2942555596846148, -2.8678396373077817, 0.09873953189688223, 0.2508192957060942, 1.3820527983573356, 1.5305998001432215, 0.8315869756313248, 0.6777560995115266, 2.0649581422294716, 2.2998041266959888, 0.7391442157760082, -0.7929828271296628, 0.5476152937228562, -0.07319780489760319, 0.45045491016958294, 0.523615298502591, 4.333342440148499, -0.8196029643506506, 3.6998592075157717, -0.27133483428858085, -0.7495326886622138, 0.9803368298335613, -2.3667254418927257, 8.596191392996815, -2.69456620955242, 3.130302119298534, 0.6152987414381812, -0.8054336429895557, 1.3025155142933045, -1.9503305934545665, -0.026410768181165167, 1.3257763161345792, 1.1151183879291864, 1.3715272668293608, 0.5100042947511838, -0.887929397870181, 0.13486630603176764, 0.12797953059258305, 0.22297749888343787, 0.8421434547157673, 1.7221934347706735, -0.8543660614566875, 0.4191974236764793, -1.3917011512720876, -0.2706105974227171, 2.9652992653128933, 0.24407676048349458, 1.135317578939521, -0.0956118976258864, -0.3978489757021748, -0.01012919948459512, -0.9453458638996892, -0.679617638255877, -0.20073078254739585, -0.5537446751610844, 0.17988833454708697, 0.27426425077396743, 1.3049079754652553, 0.6753732524767315, 3.4216152229418526, 1.0879485668564541, 0.536872136144865, 0.13419699203467417, 3.2109767535935134, 0.4468796282756955, 0.05566165762118658, -0.17406238857816447, 0.7106643436479203, -0.7836380546668238, -0.44259312801324313, 1.7953434513298419, 0.6043583589691934, 2.595305132924665, 2.1188609890241423, 0.4231108926562399, -0.04081284902525795, 1.743632359527055, 5.308086385708634, 0.5240794077387818, 0.16998475674597557, -0.08815925845726724, -0.36242243637806837, 0.7764573115621545, 0.1668077982656655, 2.0922950388829804, 2.7153981281347512, 3.7045039399806114, 2.137630121570453, 2.1820494908431556, 5.411307534238233, 1.1778986722707714, 0.6933685629334434, 0.04040903116154482, 0.6040708666552774, 1.565119099643283, 0.02135167486542855, -0.1304420035112912, 0.814300781610001, 1.5196479476779388, 0.003769185936093322, 2.7101492036572097, 2.3299210134768487, 2.1183733152875845, 12.271229918400977, 4.682481808598144, 5.551115123125783e-15, -2.7755575615628914e-15, 0.0, 2.7755575615628914e-15, -5.551115123125783e-15, -2.7755575615628914e-15, -8.326672684688674e-15, 5.551115123125783e-15, -2.7755575615628914e-15, 2.7755575615628914e-15, 2.7755575615628914e-15, 0.0, -8.326672684688674e-15, -1.3877787807814457e-14, -8.326672684688674e-15, -5.551115123125783e-15, -2.7755575615628914e-15, -5.551115123125783e-15, -2.7755575615628914e-15, -5.551115123125783e-15, -5.551115123125783e-15, 2.7755575615628914e-15, 0.0, -2.7755575615628914e-15, -2.7755575615628914e-15, 5.551115123125783e-15, -1.6653345369377348e-14, 0.0, 2.7755575615628914e-15, 2.7755575615628914e-15, 5.551115123125783e-15, 5.051533602750986, 4.811960753979349, 5.265428656575779, 0.5032992065747806, 9.16117318648125, 1.2399258484128666, -0.9636819740717044, -0.46254704196995533, 0.1576739774503011, -0.00615894261233052, 0.7941254109073554, 1.104865395871741, 2.8401474957111077, 1.978249811983062, 7.432246981806301, -0.6167007295730258, -0.34179022519555247, 1.6404374607820102, -0.6122433631760202, 0.5411565805033831, -0.07952543273535184, 0.7173637118552847, 0.18973330514118913, 0.5823994975573754, 0.9892763724545119, 0.6677810510524722, 1.8002426079422094, 1.559340480388073, -0.5309248261406196, 0.9032767509625899, 0.006936882077496875, -0.2617054648567887, 0.2525104411189716, -0.5227751808464944, -0.06549265885611533, 0.6901700504489412, 1.3436468604233198, 0.5834248779456459, -0.4014483062420027, -0.850988049567178, 0.06543830716282173, -0.46811395859216987, -0.2081351579157058, 0.43577392670246695, 0.31020272733479715, -0.0008474640363402841, 0.3608583825156444, 0.6140982104597725, 0.6512548509073213, 0.9226256684511611, 0.26772892060995446, -0.1065951837515513, 0.2704089214688281, -0.09672948411957805, -2.0272087643883765, 1.0118840926471933, 0.7564675483544079, -0.4019844859656132, -1.4546133452356003, 0.6288137774647566, 0.5455382434919613, -0.6812623078715774, 1.6977966119857228, 4.520653794341598, 8.788863896332543, 1.9846673056731703, 0.22093559391424833, 1.668386680159955, 0.1922785374556213, 0.9338845061784014, 1.5577597853647944, 0.26294205773015733, -0.8079866517828691, 1.0051532358286863, -0.3237258044175064, -1.667657918396003, 0.04236531088278639, 1.0947898533984528, 0.6363846074173978, 0.08018485850038815, 0.6932050652055182, 1.2110064787169676, -0.11932785970250848, 0.6515178772695549, 1.1616360570002087, 2.992561517002571, 1.3479609202450433, 2.9732985570125265, 0.5733334243126933, 5.541217276290098, 6.788893721534407, 0.7139313627634181, 0.487372414385959, -0.10764999664948505, 0.6457419751999112, 0.11461722647393913, 5.059144609958992, 0.9507440259090316, 3.3330598431994147, 0.5896469297482128, 0.9956854764146641, 2.2406585216014037, 0.27416406253422565, 2.0819512395335664, 0.16853221031617238, -2.3367806155392117, 0.13121312272093633, 0.5840922949741412, -0.042672714752200136, 0.7116327189937692, 0.6791834734561917, 0.7162840532527213, 1.4388392178753264, 0.5345707195030229, -0.4837595422133205, 0.9311627888789644, 0.012468165567028677, 2.113843074521725, 0.1021534561949835, 1.1769151459478735, 5.629199501022562, 6.061053334210861, -8.326672684688674e-15, 2.7755575615628914e-15, -1.1102230246251565e-14, 0.0, 5.551115123125783e-15, 1.6653345369377348e-14, 5.551115123125783e-15, -5.551115123125783e-15, 2.7755575615628914e-15, 2.7755575615628914e-15, -2.7755575615628914e-15, 1.942890293094024e-14, 0.0, 8.326672684688674e-15, 2.7755575615628914e-15, -8.326672684688674e-15, 1.8725396472820073, 5.00409862412404, 1.3084685967750858, -0.012316769291231822, 0.383646471725001, 0.3644194735280024, 0.23209278695156854, 0.28763590833612795, -0.007528011505556265, -0.6992460455139167, -1.4713188879371302, 0.9717981505480111, -0.7042607847131421, 0.570920134235692, 1.1578617761164622, -0.07512299781726028, 0.09773701831014137, 0.7590294600179561, 0.9387877825899977, -1.4138492128400912, 0.15810635224231362, 1.6711686597258932, 0.05109632330105285, 0.06795347996775547, 0.22761273191557052, 0.08818097355015198, 2.755624070774644, 4.528802239273176, -0.01073855229466858, 6.353448699123334, 13.1047128762293, 4.971817104403204, 8.326672684688674e-15, 2.7755575615628914e-15, -8.326672684688674e-15, -2.7755575615628914e-15, 8.326672684688674e-15, -5.551115123125783e-15, -5.551115123125783e-15, -1.6653345369377348e-14, -1.3877787807814457e-14, 2.7755575615628914e-15, -5.551115123125783e-15, 2.7755575615628914e-15, 8.326672684688674e-15, -2.7755575615628914e-15, -8.326672684688674e-15, -2.7755575615628914e-15, -5.551115123125783e-15, -1.1102230246251565e-14, -8.326672684688674e-15, 2.7755575615628914e-15, -2.7755575615628914e-15, 0.0, -5.551115123125783e-15, 7.877524105731148, 12.189639310543583, 2.2378822582757607, 0.19483709046124886, 2.193033607328914, 0.39808384802947216, -0.4674737525271695, -0.039316329455402865, 0.07202778622556139, 1.1897547096356504, 0.29622788690477364, 0.9064656344482387, 0.541793313881783, 0.5322749986914346, 0.10058868670307675, 0.6060852944949886, 0.3722174224559751, 1.4075520898337288, 1.2447160594139888, 0.3377081208825672, 1.3769475923072036, -0.9314718702281368, -2.258068178905063, 0.37563147715297873, -0.6575768957156924, 3.512013171283428, -0.5779718170997796, 0.514287420123452, -0.2423208760989155, -2.0139342849946615, -0.09967526666741833, 1.1796975685666098, 4.8163163952119135, 3.6080258862245813, 0.40126406352234767, 0.5264848746110466, 2.0926606453623826, 1.13959318584741, 8.87024497622253, 11.255816410550494, 0.7339837005247318, 0.5519732011782139, 0.1040823413181613, -0.15426992429163988, -0.1412332497728528, -2.4048628969200365, 0.3202823883716235, 0.12912418370046908, 0.9621159440767713, 1.1702019100276857, 2.843543226242616, 0.10166410406566229, 2.5804568088614417, 0.611921942660473, -0.12477077619070087, 1.4168088819910736, -0.35746011612599204, 1.1703598963609352, -0.3382304166728147, 1.585097317550833, 1.1698185141648878, 0.24554781894255484, -1.4854906080786918, -0.13259825997448615, -0.48016398699951424, -0.38505330334697874, -0.29814900186198656, -0.13101937423778054, 0.2853665522436728, 0.12988225745215232, 1.0526902650666017, -0.014987544209361658, 0.32239925594036833, 0.7110532839004691, -0.3525022768941426, -0.4724717533051148, 0.9217454455037171, 0.8487572590080958, -1.5286728719270286, 3.3074066060600558, -0.6617007278889275, 0.2084373642305195, 1.3650932471081774, 2.6719613830941285, 1.8121151494017624, 1.1595341483012476, -1.7295611856414155, 0.16764723705401252, 1.5553489208673739, 1.5858374404787412, 1.0825780331656034, 0.016111859703514142, 2.0275404260640073, 0.15811785979346382, 0.7100358165593832, -0.11971831141224243, 0.3940909744522969, 0.6681354018546699, 0.04353914513578161, 0.48272452321333503, 1.7609754103671094, -1.4607458492674255, 0.41867521024053644, 0.07162865078541358, -2.50210375349252, -0.24623580756627916, -0.3678354819639367, 0.9387549137208566, 1.620688077623953, 0.48168357533936046, 2.0969089203085787, 1.4040576886812346, 0.1694176887470462, 0.3221201201225199, -0.18613443291022236, 0.8661484029024109, -0.48264361938214506, 3.029719444448176, 0.3469813380194182, 0.6133204426112542, 0.19792807822501857, 2.05929837734881, 0.3016799487737103, 1.1000778071654338, -0.6580930638466498, 0.038812556112731045, 0.35593231980175233, 0.5437809474743602, 0.6039296349806875, 0.5239784599220343, 3.144879194145986, 4.703299973109409, 3.0124605076504025, 7.605849694158678, 0.46200803400580526, 0.09185292793583244, 3.9945889342345993, 1.8158285648057984, 1.4989787822118075, -0.21565599038081018, 0.851759225385706, 1.206875663846418, 3.655506240478246, 3.7258960372141274, 0.04498709081528318, -0.89268653422792, 1.73599663007343, 2.063113933677215, 1.3314906803348094, 1.2765742602127546, 1.3543071151510446, 3.260926522103958, 1.1844543432920887, 2.6909411182749636, 0.8129938661502507, 10.362380145413695, 9.98569685288409, 5.551115123125783e-15, 8.326672684688674e-15, 2.7755575615628914e-15, 5.551115123125783e-15, 1.1102230246251565e-14, 8.326672684688674e-15, 5.551115123125783e-15, -2.7755575615628914e-15, -2.7755575615628914e-15, -5.551115123125783e-15, -2.7755575615628914e-15, -5.551115123125783e-15, -5.551115123125783e-15, -5.551115123125783e-15, 5.551115123125783e-15, -5.551115123125783e-15, 5.551115123125783e-15, -2.7755575615628914e-15, -5.551115123125783e-15, 0.0, -2.7755575615628914e-15, 5.551115123125783e-15, 2.7755575615628914e-15, 1.3877787807814457e-14, 2.7755575615628914e-15, 0.0, 0.0, 0.0, -8.326672684688674e-15, 0.0, 0.0, 0.0, 0.0, 0.0, 0.0, -2.7755575615628914e-15, 2.7755575615628914e-15, -2.7755575615628914e-15, 2.7755575615628914e-15, 8.326672684688674e-15, 5.551115123125783e-15, 8.326672684688674e-15, 5.551115123125783e-15, 8.326672684688674e-15, -5.551115123125783e-15, -2.7755575615628914e-15, 2.7755575615628914e-15, 0.0, -2.7755575615628914e-15, 2.7755575615628914e-15, -5.551115123125783e-15, 2.7755575615628914e-15, -5.551115123125783e-15, 2.7755575615628914e-15, 0.0, -5.551115123125783e-15, -2.7755575615628914e-15, -5.551115123125783e-15, 0.0, 5.551115123125783e-15, 0.0, 2.7755575615628914e-15, 2.7755575615628914e-15, 2.7755575615628914e-15, 2.7755575615628914e-15, -5.551115123125783e-15, 0.0, -8.326672684688674e-15, 9.070027819478575, 9.99878704671164, 1.4976521164851704, -0.3039183777670189, 5.090114895961733, 1.9627493178943638, 0.22653445767180358, 3.2958549186317896, 4.564412291054737, 0.4709103771074581, 0.6457135162660279, 1.0876599728233316, 0.16177002814782782, 0.4493470582623047, 2.407665938471041, 0.7583823972219648, 1.8264433610866035, 1.0606063995981003, 2.252710850815504, 0.4414974621383294, 1.0280043106185985, 2.79797572285635, 5.495007858487156, 3.649190267620355, 3.865060473759854, 0.6745374979064138, 2.8614183791276275, 0.4477785277879036, 0.5659238643082745, -0.9129204081499438, 1.4208912635398008, 1.8567515389793243, 0.9309225391660334, 1.4790247681222581, 0.5591095497816525, -0.09768178491549406, 0.507969924315347, 0.042534561600490406, -0.2730911065542614, 0.408959507085342, 1.0326965323826585, 3.7481778980039735, 2.6331405530702483, -0.040534859229957476, 1.9363430084852382, 3.364497495891385, 1.3263568807793433, 0.5126623258177858, 0.6800040024007501, 2.447507098493844, 3.6145614573879072, 7.2805384577127725, 3.0598489636555826, 0.0, -5.551115123125783e-15, 8.326672684688674e-15, 5.551115123125783e-15, 0.0, 1.1102230246251565e-14, 5.551115123125783e-15, 2.7755575615628914e-15, 2.7755575615628914e-15, -2.7755575615628914e-15, 4.064780788383146, 8.081963379021417, 2.499489234803903, 0.48495056945020565, 0.37941498296410714, 1.170611351038957, -0.15543341190331716, 1.7825650714526375, -0.5194837566263004, -0.979923290893538, 0.3701808277747318, 0.027685290913240124, 1.3947388093797883, 0.022963792101336367, 1.3058125622198986, -0.9664378759670456, -0.48257548569216624, 0.15218018020570412, -0.48035295736255534, 0.5220846275346958, 0.8625233537975276, 0.6215430222465699, 0.7274403206056519, -0.9468309906796151, -0.5160730648379115, -0.07714726968370655, -0.1456380828377064, -1.0829488986617264, 2.76946024762492, -1.5553286296787405, 4.324382279006272, 2.802547173487511, 3.446799196823264, 0.09847217324677615, 0.2341080868165477, 1.984176708410729, 0.14187516669883848, 1.085672550998403, 1.0221906164250996, 0.06325434831091314, 0.22650992828590688, -0.7073085543925117, 0.21611497135812385, -0.1927947418323015, -0.6045111595846038, -0.09746589599023991, 7.472898645814645, 3.056141917885249, 4.453206173765878, 3.669389076836012, 0.8987925146201121, 0.5443742987371536, 0.825712660962111, -0.007055814973611518, -0.026324032136329834, 2.3020492873638574, 0.10998364153425655, 4.776568995847271, -1.1702077282156154, 2.3990892552729264, -0.2706163098264369, 2.12153856109245, 3.968781412676641, 6.3678423586247845, 1.09296777404108, -5.551115123125783e-15, 5.551115123125783e-15, 0.0, 0.0, 2.7755575615628914e-15, -2.7755575615628914e-15, 5.551115123125783e-15, 2.7755575615628914e-15, -2.7755575615628914e-15, 2.7755575615628914e-15, -5.551115123125783e-15, 2.7755575615628914e-15, -5.551115123125783e-15, 2.7755575615628914e-15, 5.551115123125783e-15, 0.0, 0.0, 0.0, -8.326672684688674e-15, -2.7755575615628914e-15, -8.326672684688674e-15, 2.7755575615628914e-15, 8.526330621302002, 16.16603521402513, 4.764705613926964, -0.5141409192104902, 4.785155714432221, 4.21127447443169, 1.7046610771102877, 2.014514697044234, 0.5182971970620116, 1.1074625226880812, -0.12442844135594555, 0.5907463097697132, 1.9023052492384807, 0.40611401282185966, 1.1972803662950469, 6.876785679950899, 5.2237425013967425, 0.47657777455802375, 1.2113797565406514, 1.811469760055985, 0.8170897354334272, 0.0678977591280443, 1.1050098882910504, -0.642681128201076, -0.022591548464447442, 3.320844232067273, 0.937770244031725, 0.10108327652177707, -0.02852678438124201, 0.6871702439748617, -0.018125473630476563, 0.4522819310069508, 1.1461205624853221, 1.7042014210643401, 1.4565838702488634, -0.032566476330572414, 0.5634539752256842, -0.12594899320167485, 0.17506913394265666, 0.343733811833161, -1.1090066411832282, -0.39503649983097944, 0.120080705959424, 0.08324412132404291, -0.23882814930141194, 0.05899874215728573, 0.16517269777396848, 2.6254481147734055, 1.8391841489275293, 0.21007918570529682, 0.3252562025777479, 0.19880840919350362, -0.27721537444682554, 0.5014430968807915, 1.7680735056854928, -0.6168570835776848, 2.0504820233274756, 0.22876577451373237, -0.08289999591752917, 0.6590675954981151, 0.5672774652325074, -0.6596303079380448, -1.7122833209459714, 0.6384356711756709, -1.4081863371508803, 0.37152681818474775, 1.1223615182063895, 0.652075493670111, 4.622123049553949, 1.9405617566287674, 0.8185241458361787, 0.6428715414892849, 2.217954922290403, 0.5018512990919533, 0.4919413955626055, -0.6219878023720469, 1.4116133006909877, -0.08538286747929646, 6.993701697069753, 6.0818159627113815, 12.26711722169049, 10.578195647679536, -1.6078592498971886, 0.8321819882172008, 1.623990715276335, 0.6507581292915745, 0.5970780034323298, 1.142772650866135, 3.579350473884574, 4.167584718025154, 0.9241543028852988, 4.563494442421543, 1.7655171290816156, 0.10050712662760475, 1.8053476165328846, 1.1606628471510874, -0.18772953511908952, 0.8588223300983202, 0.48401599478123103, 3.816891710148667, 2.1145548728126187, 0.6472545001528829, 4.742003632771031, 1.6760998820613509, -0.6568272716529435, -0.2110723612949812, 0.5122549024949876, 0.6799709245508723, 0.7253005919105249, 0.4010609731920738, -0.05100510963515603, 1.3059243861569882, -0.2958522064506326, -0.17152653431256226, 0.16268932036606998, 2.505572951658195, 0.739196931593284, 0.39369007975258796, 3.1559193336795204, -0.6828972443025236, 1.7294901906955573, -0.05267957575546234, -0.1626199898605165, 2.5806863084752507, 2.133299823149457, 1.003638046967211, 0.12165603367648714, 0.32217256035343667, -0.4552992737242789, 0.18090021294460712, -0.3928307811016225, -0.8347044833378447, 2.69830504506794, 1.5675754073380688, 2.040404276407145, 0.0043708175898871104, 1.0230879084294315, 1.8719643189524504, 0.4529475470917532, 1.4015671190719843, 1.0201248358653743, -0.15805232177478956, 1.8536104824232211, -1.474475363978172, -0.7036121787092213, 0.7993268263071798, 0.12580361648068106, 1.1968127151345982, 0.288347296641291, 2.0520738957210938, 0.5068083841393047, 1.147118451060578, 0.725331759800099, 0.8763188276877543, -1.4081810809364015, 1.167426050635271, 1.4812028796662844, 2.8018989987675127, -0.0683898448952931, 1.1326675968049926, 0.7593939200204858, 2.3655198256533936, 6.710592963219227, 1.6450897344620614, 1.5517965415746744, 2.991319420942304, 4.816227951405438, 2.295796901400152, 4.198821691258772, 0.62009459234568, -0.34912487610620246, 0.9216245778646908, -0.502520148279558, 0.23621852497591078, 0.51095665360873, 0.6980452478676398, 0.3111311004714423, 0.8714347034855052, 1.7283375766325264, -0.015745536933721382, 2.3694062050545455, 2.1583924918938067, 1.6761042353912785, 0.9915103016068372, 1.5129493841468218, 1.1311480688923012, 0.5424471691243582, 0.07088877811098371, 0.4672009477514649, -0.4224620995468342, 0.059497385088960186, 1.4483935916614428, 2.385346201177697, 0.11520219040119173, 2.4356792086125765, 0.6770901134775897, 0.09743699527122374, -0.21472694219825428, -0.11677193509559913, 0.5386551178911247, 0.3334063901907882, 0.8430609571705645, 0.3118003637900131, 0.029616440409654388, 0.21338617591047182, 2.64976963870987, 0.09612656467265879, 4.197700465261619, 0.03884828982927502, 2.437642527871887, 8.50151896076268, 5.07759617728243, 8.326672684688674e-15, 2.7755575615628914e-15, 5.551115123125783e-15, 5.551115123125783e-15, -2.7755575615628914e-15, 5.551115123125783e-15, 5.551115123125783e-15, -2.7755575615628914e-15, -2.7755575615628914e-15, -2.7755575615628914e-15, -8.326672684688674e-15, 0.0, -2.7755575615628914e-15, 2.7755575615628914e-15, 0.0, -2.7755575615628914e-15, -5.551115123125783e-15, 0.0, -2.7755575615628914e-15, 0.0, 5.1861131823992395, 5.479607555991176, 3.1978425849101484, 2.3332789172211363, 1.6804257117919619, 0.935971603880617, 1.757482135648516, 0.1666887977837206, 0.12256500107822887, -0.17621088167705068, 0.10810072084406386, -0.1019832447459521, 0.925219191101732, 0.5018433114890968, 1.6127689616328524, 0.33187660929192475, 1.1107041781134228, 0.2939590993044021, 0.7152527467534071, 0.7760394157168804, 1.1442773089617049, 0.958696737165269, 0.4225946627327062, 5.720117286754885, 3.1281163587548377, 0.5650109085332531, 1.0520164538000358, 0.36967531970348944, 0.7471423406406217, 0.05970917624247818, 1.4780351216382144, 1.4433017169495628, 0.7475886304973187, -0.0001270253410794453, 0.13925271737513611, 1.0952970825441355, 0.36381258926482474, 0.8664203037737508, 0.44979017389896114, 0.029630468620922557, 1.0685888897325029, 0.3788213056972154, 0.6050736230990239, -0.4613899795213072, 5.757271571211618, 4.302839662598878, 0.1070477729947612, 0.567913910857726, 0.9612123074261092, 0.5114586315679901, 0.4389363755141744, 1.1515370733904717, 0.06842327536489279, 0.9034103993950566, 1.618875885371267, 2.1046808005050366, 4.186541889736105, 2.9219707564043915, 6.103458995616947, -0.05383689617033838, 8.850150943562994, 8.398952918196393, 0.0, -2.7755575615628914e-15, 2.7755575615628914e-15, 0.0, 2.7755575615628914e-15, 0.0, 8.326672684688674e-15, 2.7755575615628914e-15, -5.551115123125783e-15, -2.7755575615628914e-15, 5.551115123125783e-15, 0.0, -8.326672684688674e-15, 8.326672684688674e-15, -1.1102230246251565e-14, 2.7755575615628914e-15, -5.551115123125783e-15, 0.0, 5.551115123125783e-15, 2.7755575615628914e-15, -5.551115123125783e-15, 1.1102230246251565e-14, 0.0, 2.7755575615628914e-15, 0.0, -2.7755575615628914e-15, -2.7755575615628914e-15, -8.326672684688674e-15, 8.326672684688674e-15, -5.551115123125783e-15, -2.7755575615628914e-15, 0.0, 2.7755575615628914e-15, -2.7755575615628914e-15, 2.7755575615628914e-15, 4.27859170390499, 3.957879433977169, 1.264600311336281, 3.2372160712987608, 1.8630686904115237, 0.7575222871442122, 1.0024003036636202, 1.2665387976736042, -0.5479339439801123, 0.010006588022690721, 0.14117383263356942, 1.5947918085087736, 0.045571809149691944, 0.7875315056442957, 0.8549484727936658, 0.09196796904174676, 0.32122117067579836, 0.6707607496962851, 0.3197562528242912, 0.72665555512053, 0.5887754821551283, 0.05721697399857817, -0.18462436556097828, -0.21259800821633235, -0.1984486085418382, 1.2064355884792803, 0.09261635596675433, 0.007953795408838005, 4.786608689713489, 2.6621687325644814, 5.347841344096267, 3.2341060563037303, 3.4127991126786554, 0.23079123166024829, 3.482948938977856, -0.045388186719492296, 0.6561857975097922, 1.2057179513996346, -0.841639125044054, 0.1046006360496392, 0.8987395831667868, -0.9343358864778111, 1.8304638792806145, -0.27252718664863096, 0.4624888963724345, 0.2301846740496103, 0.1565463751004188, 0.6616264102654554, 0.1798749023257642, 0.5569443882469614, 0.11570126947754034, 1.3885757704273658, 1.3323466702357507, 2.308205483614273, 0.46588890062551513, 1.8714039574246044, -0.12897092064810067, 0.08392096056707032, 0.052172595946302636, -0.5214939655293165, 1.7549174868001103, -0.19101071453067675, 0.04095341672990571, 1.1579301325435836, 0.875559245482151, 0.9105582773958645, 2.3087551725525373, 2.5102618508454384, 0.2697407484085659, 0.27568039586901705, -0.8065066122906046, -0.33325967336389795, -0.004022700219394437, -1.5560392685248132, 6.186241346519225, 11.10524038379588, 1.2008304263543312, -5.551115123125783e-15, 8.326672684688674e-15, -5.551115123125783e-15, 0.0, 0.0, 0.0, 0.0, -5.551115123125783e-15, 2.7755575615628914e-15, -1.942890293094024e-14, -2.7755575615628914e-15, 2.7755575615628914e-15, -2.7755575615628914e-15, 2.7755575615628914e-15, 0.0, 5.551115123125783e-15, 8.326672684688674e-15, -2.7755575615628914e-15, 5.551115123125783e-15, 8.326672684688674e-15, 5.551115123125783e-15, -2.7755575615628914e-15, 0.0, 2.7755575615628914e-15, -2.7755575615628914e-15, 5.551115123125783e-15, -8.326672684688674e-15, -5.551115123125783e-15, -8.326672684688674e-15, 6.000473595024118, 8.362482359329647, 0.19381930937937852, 1.5863482227497059, 2.48958023264197, 0.4362363949428669, 1.9719337805599082, 1.7517280422393497, 0.4859609661261288, -0.9071097590132666, 0.020339669372646085, -0.6548884805395261, 1.8733766418977496, 0.5657362963854098, 3.995139782138949, 4.152586171523268, 0.06674544113954539, 4.85689231659056, 0.1046891095807041, 1.852538569431374, -0.073666478960277, 0.8316151958886735, 0.3343442428781316, 0.3176507170843479, -0.00487421129449217, 1.4826064224077982, 0.8716877238770877, 0.8679384432643644, 2.8695658756642217, 1.8385648930631646, -2.830028978949997, -1.9533775731031824, 3.346666944977386, 0.3909091227208421, 1.766503086713712, 0.9573746302810804, -0.3852997486568768, 2.091477876124742, 1.2682714230247143, 1.580492399759862, -0.7643934814586828, 2.4342287290811555, 10.383031011554408, 8.265282937930593, 1.1303005828446953, 5.551115123125783e-15, 5.551115123125783e-15, 5.551115123125783e-15, 2.7755575615628914e-15, 5.551115123125783e-15, 1.3877787807814457e-14, 2.7755575615628914e-15, 8.326672684688674e-15, 0.0, -2.7755575615628914e-15, -2.7755575615628914e-15, -2.7755575615628914e-15, 2.7755575615628914e-15, 4.163336342344337e-15, -2.7755575615628914e-15, -1.3877787807814457e-15, 2.7755575615628914e-15, -2.7755575615628914e-15, -2.7755575615628914e-15, 8.326672684688674e-15, -4.163336342344337e-15, 5.551115123125783e-15, -1.3877787807814457e-15, 8.326672684688674e-15, -2.7755575615628914e-15, 7.471037867607723, 8.564882958711614, -0.8939332766795758, -0.2556496619743456, -0.0033931548179282345, 0.5108089862439869, 1.4118557510117284, 2.3246422715693313, 1.5488413727240697, 2.82535888650537, 0.46986486000693617, -0.07751061406418103, -0.4168103357042412, -0.43175341837624615, 1.4984491271690388, 1.013436371938596, 0.7963607737173675, 5.0616442868111875, 1.150684464521305, 1.8612409397750298, 2.1786895979856666, 2.6426835686293657, 0.5699126616634373, 0.9238200043396887, 1.0342765192982881, 0.41366283879466437, -0.6022136722904321, -0.18496585810024158, 9.420448698278065, 8.903796632907643, 0.0, -6.938893903907228e-15, 5.551115123125783e-15, -4.163336342344337e-15, 1.3877787807814457e-14, -8.326672684688674e-15, 8.326672684688674e-15, 0.0, -4.163336342344337e-15, 4.163336342344337e-15, -4.163336342344337e-15, 6.938893903907228e-15, 0.0, 1.1102230246251565e-14, -1.2490009027033011e-14, 2.7755575615628914e-15, -4.163336342344337e-15, 0.0, 9.09759030102721, 8.976463146506326, 7.557340603171852, 0.2624325793539555, 9.961533303230937, 1.8082954685462482, 0.445765271068467, 2.5300378471203544, 1.9941295879567917, 1.184615947707428, 2.451169119157157, 2.464791554465833, 2.105047055132104, -1.0492197193175912, 0.274269037565972, -2.9950555059410533, 2.800375047008231, 0.5734673617029387, 0.761372902466519, 0.08539893291802514, -0.645097527512462, 0.4874446291204322, -0.11214301202244314, 0.36822727387965415, -0.4970516257697284, -0.507934554252131, 1.0113881652231385, 0.16189512259913386, 1.5066285043726282, -1.3337489676086136, 1.1936798133214097, 0.09074172584701046, 0.6479135202135211, 0.721175038085633, 0.6684418023622527, 0.4812095773193903, 0.08811678631366249, 0.8545978362958238, 1.2638288797278392, 1.752444041732275, 1.4920386464867477, 1.5990499963436093, 0.24050874686150792, 0.21573090100031322, 1.021673218961979, 0.6883236792331218, 0.2457314214483688, -0.06754821465872851, 2.1870742632671067, 0.9128649338023251, 1.4035522233203324, 2.3810551700019857, 0.28808609640151417, 0.2743780776102369, 1.1931949961613384, 0.3858259456321207, -0.36033305981689523, -1.1309221007013548, 0.6566298963417978, -0.5044959735759562, -0.08116736958899651, 0.030854448711224336, -0.08335617318054744, 1.7416086210583899, 0.9995592780315263, 3.8282883436799438, 1.1105053185530664, 0.8635716205539978, 0.28241948969287023, 0.09244505353052546, 1.2601443388964242, 3.698000786318943, 0.21122104955463783, 4.966254511288298, 0.3778835666130078, 1.4376837281194241, 0.15072511529841393, 0.9697339407944696, 1.1808331367792277, 1.9852593196056887, 0.08701091545682971, -0.6469382756124276, -0.145191756108062, 1.5601641532097972, 1.2529724115934044, -0.6626507316303503, 1.5577059557464423, 2.949145851979793, 1.3063403604210464, -1.1709696314125608, -0.30766331959597437, 1.1878752909526895, 1.653613781239244, 0.009463837461396452, 0.4902280822242062, -0.2167128771958744, 0.4827947521008866, 1.417480883972047, 0.24254539684287124, 1.804071756969151, 1.0994613593058489, 1.403325020319528, 0.37699491367757787, 3.3407708742252282, 0.6142868464089588, 1.0176298940795618, 0.4304161443698149, 0.8540475070912805, 0.49560988740969947, 1.8661653579875406, 0.4357635010840113, -0.35879548696935615, 1.3809765751538805, 1.8359311735052586, 4.555872968221081, 4.053031235757118, 0.14304066104529056, 1.1990255493942072, 5.670033525857775, 2.7869544723225204, 0.33729771833863254, 0.18643539463813852, 0.2383909862872713, -0.8466419989219105, 1.1251947228238492, -1.5043363810072492, 1.377161605344881, 3.000952926407365, 0.42108750331959754, 0.7108991579533495, 4.202167121730525, 3.588347085446088, 0.5798483776833336, 3.2173732569242475, 1.6533432294802992, 0.17896077648654796, 1.9913481966825373, 3.539639766174872, -0.48088034365466115, 1.713176354616735, 1.5054473991341126, 0.20307638762838565, -0.13315506745834682, 0.03258329348238931, -0.8421300495529067, 0.6938402262295824, 0.3827237757748776, 0.12944164922467394, 1.6989150318393342, 1.0082425746155081, 1.4477529841046106, 1.9414339807361785, 2.5434636611215353, 0.3218922472565282, 0.4094033168424005, 1.421388059306139, 0.3263486541755469, 2.309959359408424, 0.44354374533472196, 2.7908865366298414, 2.089579558443816, 0.20336259115876487, 0.1622526128745676, -0.22909804252071808, 0.6538549487173668, 1.4904863808301627, 0.45819114775136427, -0.1990915227478638, 4.257154141642189, 1.5228161618935587, 0.10156188541628808, 1.6683875673776356, 0.8706868717089691, -0.525155541113719, 0.2693098696573202, 0.4857015675144396, 0.281467691495223, -0.06608870764699759, 0.1496964870548112, -0.06923186711026119, 0.010017020656320597, 0.19216938477907775, 0.25557817473352884, 0.5093160933286782, 0.6072863405574793, 1.0999404370897707, 0.9346248786174272, -0.7042045000613655, -0.8923616165315309, 0.6208148306735666, -0.46352634874861565, -1.0563670306433437, 0.06720497106340417, -0.18311422306169334, -1.1774406272772922, 0.33613786793046074, -0.3576820569030872, 0.8268595332792188, -0.39447392989080754, 0.7728439332775849, 0.8546937125586425, 0.12675698686857118, 1.5116256476949559, 3.5859314577782584, -0.9002167999801998, -0.6156097990250942, 3.3684082906422645, -2.36034711478041, 0.8244189816834933, 0.13793341763624767, 0.15539469109597803, 0.0976818528796457, 9.061701000878571, 4.964785487144525, 0.850592912088274, 1.1099304098901968, 0.34969395286353233, 0.35428727503079926, -0.5434040842354477, 1.8888213993139118, -0.008715413693266783, 0.7421443613185943, 0.13694809772916017, -0.03084990635599638, 0.19240314140422754, -0.08099385120053171, 0.1533607365390992, 0.13744339376214043, 0.11144839990366506, 0.021514467923978486, -0.3708380405330445, 0.009476417713713658, 0.0848520527497385, 1.5240292728769873, 0.43670609598675014, 0.09123298903415389, -0.024601971634950814, 3.0753016364778034, 1.3785579512342991, 0.018944078089489835, 0.8879837603351177, 0.4289168082465835, 2.6915764007805905, 2.466697874068217, 8.81620231342842, 8.091757895530591, 2.7755575615628914e-15, 2.7755575615628914e-15, 2.7755575615628914e-15, -5.551115123125783e-15, -2.7755575615628914e-15, 8.033465389075023, 7.452787624460811, -0.10562519151819316, 0.1544593532975398, 2.100708249380631, 1.5030959969288062, 0.6084259926309699, 0.3612936305599419, 1.0356563858958907, -0.00769441373125801, 1.313267107769093, 1.9030471433839011, 0.1643491912738, 1.290251019697223, 0.06133458272464054, 0.2570884558191864, 0.7405840912040844, -0.41706267681482245, -0.16470518844559479, 0.8216060240379193, -0.2759695189132856, 0.16720457055072302, 0.5462634880888402, 4.27370101303984, 2.9923084749394206, -2.0865597352668885, 1.3140659081549018, 0.02258920294929112, 0.3708604201846697, 1.8992398115466358, 1.3882758979848973, -0.4960610357952362, 0.7828191060584544, 3.149260118089643, 0.14599363382495767, 0.8806451049947839, 0.16298852872569114, -0.02220325700079684, -0.09675834079772017, 0.4547231285636144, -0.1743235095601392, 1.2422874465043208, -0.684547080095598, -0.08072583089096952, -0.7103650550139093, 1.3165606792363747, 0.8315700996362239, 0.329107201776651, -0.27372802074802394, 3.185650164174774, -1.418883607601117, 5.310591545670633, 1.533511210815675, 0.9620949032660633, 3.857392910669887, 2.2086364523513, -1.6918073593967051, 1.7277643609369022, 1.1524022749915446, 1.5577303661901567, 1.244940957457601, 2.1640979939713247, 2.0768646538369637, -0.07900898265916112, 0.7481145453993889, -0.293443841828406, 6.759378662602259, -0.5304632099100957, 1.0483933014207025, 0.4769120318426019, -1.056332834141955, -0.4007971066127425, 0.7452374320325248, 2.4267760157386533, 2.9894933480247374, -0.5445670384692107, 0.10200207923190874, 0.9022792790135554, -1.092401868362657, 2.3351897125061782, 1.3180563437948365, 1.0343374746069856, 2.0216151723585654, 0.429064953197809, -0.8614367480696785, 4.836141035895764, 7.337107591781859, 1.109629978201042, 0.0, 2.7755575615628914e-15, 0.0, 1.1102230246251565e-14, 0.0, -2.7755575615628914e-15, 2.7755575615628914e-15, -2.7755575615628914e-15, 5.551115123125783e-15, 5.551115123125783e-15, 5.551115123125783e-15, 1.1102230246251565e-14, -2.7755575615628914e-15, 0.0, 0.0, -2.7755575615628914e-15, 2.7755575615628914e-15, -2.7755575615628914e-15, 2.7755575615628914e-15, -2.7755575615628914e-15, 0.0, -5.551115123125783e-15, 8.326672684688674e-15, -1.1102230246251565e-14, 2.7755575615628914e-15, -2.7755575615628914e-15, 5.551115123125783e-15, -2.7755575615628914e-15, 2.7755575615628914e-15, 0.0, 8.326672684688674e-15, -1.1102230246251565e-14, 0.0, -8.326672684688674e-15, -5.551115123125783e-15, -2.7755575615628914e-15, 2.7755575615628914e-15, 2.7755575615628914e-15, -2.7755575615628914e-15, 5.551115123125783e-15, -5.551115123125783e-15, -5.551115123125783e-15, -2.7755575615628914e-15, -2.7755575615628914e-15, 8.326672684688674e-15, -2.7755575615628914e-15, 0.0, 0.0, 2.7755575615628914e-15, 0.0, 8.326672684688674e-15, 2.0135112323180557, 7.570567258664489, 3.530184009392144, -0.9699965824156465, 0.3377053836235575, 0.21901561363323196, 0.5259204676227682, 0.04456215653640072, 1.245595942639227, -0.27966295969774535, 3.7155020333246824, 5.662737362468363, 0.22972022491282118, 3.784892464941951, 1.1541969483223653, 1.123658774124074, 0.4767509420080458, 1.3778216487393422, 0.1553213245649232, -0.14018670178018056, 2.0713951548495544, 1.6724491518340727, 1.9658410807737567, 1.6218144200893931, -0.09042675622981733, 1.1410952638875642, -0.058767220816037025, -0.2074464853157707, 0.5195871355030732, -0.03501319509874179, 0.4658317662243405, 0.19326861005774276, 0.13715725568111736, 1.5419200655018983, 3.2159604904380927, 9.126842455751444, 0.6141780676611575, 1.08389872442487, 0.9975790029725147, 0.39178746859681723, 0.7458317729128225, -0.008292922321686547, 0.12921983553778205, -0.45721045165559815, 2.554324131590363, -0.7029905430678696, 0.36856637715715124, 1.3052423769302095, -0.04963616611172483, -0.7630971407116647, 1.3684561365388959, 3.1906035600630105, -0.18331635889478548, 1.476337215311304, 1.9944110282163194, 0.9008923402722218, 0.04938472794532345, 1.1686529927212774, 0.6346718658274995, 0.9089177505645267, 0.19293090467247964, 0.8033425932852936, 3.0870772034878513, 3.1075920592474517, 0.7781292179208776, -0.03983476413989706, 2.231181791156871, 1.8423380974920178, 0.8128992551462488, 4.375319692394271, -0.054394717577082474, 2.3194107693883836, 0.4974820960326838, 0.0723740438254481, 0.429799190754693, 0.14919663642919545, -0.3459991504294351, -0.10857699112298747, -0.8586166522572114, 0.11265652431812612, 1.166958009764386, 1.1064669842585602, 1.0474384987060432, -0.0180184773688552, 1.5962260915215438, 0.07239157076196534, 1.644844177407606, 0.7443541857553271, 0.037209945004036626, 3.400132962982582, 1.6936627241413191, 0.5340341560757338, 1.0719601879620768, 1.1023131365382426, 0.2444183465867127, 0.6574045956637349, 2.264887366511232, 3.5732903984649056, 3.494796366890796, -0.2908450066085777, 0.5198702322924476, -0.1306501814749481, 0.08543858364478751, 0.20752783596466884, 1.8559324024750765, 4.043192928797083, -0.031121545350302426, 2.3316644688596, 3.770188393719451, -1.3201038313558513, -0.11097428289457412, -1.3439611697521059, 0.32556921539310224, 2.276353974557992, 0.2962665152990098, 2.6364994384211684, 4.607792967366009, 1.389332730053809, 2.3027860058042506, 1.3482663942021986, 1.7783275190337804, 0.7416670395952565, -0.06226444174922108, 0.5423339609250348, 0.1426873916064011, 1.3066686603151823, 0.13391675489040722, 0.873814303625565, 0.22332488857620092, -0.33634243089365157, -0.09659120738007232, 1.3419667900525951, -0.0001894628726404335, 0.20422381900900177, 0.29380803040237424, -0.046918500535127805, -0.029430398358755383, -0.17040546254253286, -1.3218778509457252, 0.6224090521374137, 0.5954986484465223, 0.3104725935768897, 5.832322369862268, 0.3771867182534123, 2.1802460281864455, 4.147515132070879, 3.286912257638562, 1.3206123243491277, 4.107209919616025, 1.2058167475927064, 3.6893125441960706, 0.05408702143373034, 0.7691092839019689, 0.6747825510378789, 0.9919794306643723, 0.22716707175305828, 1.2009582619190553, -0.7692077705335407, 0.10083870761593516, 0.20077251661362538, -0.3638771443294502, -0.8089786123445606, 0.25487688969784017, 1.511652749675818, 3.6126914211623102, -2.454042324442071, 0.46114954466094105, 0.2533459049162161, 0.19395121507017166, 0.571287255147297, 1.5884832656136894, 2.3246070696859533, 1.5324088795779574, 3.459659413849465, 0.8024538676390875, 2.885176398654039, 1.6951266543234453, 0.14718023829121307, -0.12732878696814964, -0.4243949497256949, -0.4234876536980323, 0.10213665553862938, 0.5868349186755495, 3.1148436400442847, 0.9146803558053023, -0.814663400978219, 2.2195347658733624, 4.7951873699776115, -0.03306953311803795, 0.04829891357098859, 1.0225399227254854, 0.17062435138475962, 1.0361922678449105, 4.6777226713269044, 2.846495171602129, 4.763720299390528, 6.8539344508147195, 1.5508338526278465, 1.0861392525102076, -0.8819644510763567, 0.8044459975232598, 0.8102854736973484, 0.22268316207362204, 0.5617326580363056, 0.5399403462577368, 0.6609955934738139, 1.4291028450155636, 1.2782314522060148, -0.12088200301644747, 0.21509050195386692, 1.9931060100970228, 2.3958401403108383, 1.5216682873196135, 5.010871188114095, 1.2748182965678723, 1.680615309730939, 1.1464277463850578, -0.37668953269806593, 2.1803941347044855, -0.3450232729889251, -0.6211218080227923, 0.8991988404075073, 0.34458386073163183, -0.06973848037125663, 1.037355148632173, 0.027698047457704433, 4.806307780406911, 1.4734330343785018, -0.3668515244520165, 0.6967385808916333, 1.764290506082716, 1.4959950875364996, 1.4038423963075957, -0.7387803802966175, 3.346865686746469, 0.592140385248598, -0.7760998912334287, 2.3158760966651357, -0.14192144982746413, 2.2743677341731257, 2.3250248689238617, 3.3168848801480237, -0.09645418848003828, 1.4647141602203533, 2.2409456597527537, 0.9579535187977797, 0.062008855613882474, 0.7512558669868952, -0.1858060863347788, 4.497868798929289, 2.749284458049715, 4.334434597241199, 0.5354126920672471, 2.8142233552791467, 0.6905440228276873, 2.148890566493691, 0.8670795792580464, 1.3751631716032477, 7.174419094444303, 4.024673645519595, 2.8838551621386443, 6.127056036144921, 1.8976797768950604, 0.35375789490277043, -0.24179283178628452, 0.005627042503647317, 0.41244425587285605, 1.5599873511006734, 1.2297740833830133, -0.009149064669024654, 0.2634686234516117, 0.7664305044410469, 2.2114057134311835, 5.1376723617695355, 1.4301978271583593, 5.52788530403452, -0.2648799692987609, 2.272206323761239, -0.05133020256469223, 0.39526028425235893, 4.031208883296301, 2.5476814121539775, 1.9579309877492364, 1.9673716790039606, -0.45988273594677764, 0.55222178475627, 2.328472588942418, 1.030018273066986, 2.10705144159121, 0.15574155549904845, 5.787308760970319, -0.13361526853719852, 1.0476225579508593, 0.2773202429296475, -0.286489671479103, 6.329651243895597, 0.5702147451618487, 5.918499017318197, 1.5935649764847142, 1.9924773243369316, 0.4953131827804498, 0.8996681779700424, 0.3696934710513631, -0.9567417504526645, -0.07205761366373054, 0.06654906327310073, -0.04791692568537087, -3.941341564320453, 1.9265603306567698, -1.0514821059475992, 1.132956560419501, 4.668291817905356, -0.01923794737501794, 1.8959894712396022, 0.25921712470696434, 3.04320739437307, 1.5081983237900545, 1.114405225413833, 1.7799491239285032, 0.7262259774924757, 0.09233748053389945, 0.415545866790481, -0.2508361397796932, -0.0453431098335102, -2.5437023356172688, 1.3286017006597035, 0.28555763569625014, 0.36188118672578184, -0.28215281171105744, 0.1350391972192142, 0.4690915729956089, 0.6177551214578898, 0.03542261876873454, 2.472613253187177, 1.2660315900322132, 2.905465532092677, 1.676793109039977, 0.2208817431748571, 0.8568477922385966, -0.802790250898056, 0.5916201307833262, 0.15848488090023238, 0.6879730552057595, 0.5666902865586962, 1.6819014591619634, 1.0254526904508054, 0.1853229636647029, 1.2294754537098243, 0.31555993693686446, 0.6345157147831912, 0.15077032812897073, 0.2306606119265382, -0.17966199048697717, -0.5102076414844419, 0.6561505173188777, 1.0769508553526066, 1.851454066020608, 0.5255993081856332, 1.613451310687168, 1.8391003687673617, 5.421595820931486, 1.013987015730379, 7.466041592469196, 2.1647098530731057, -0.03869640698005128, -0.03946861773729893, -0.3399723345169434, 0.28257433994784265, -0.27141119046245876, 1.3876518639102642, -1.5389914746024829, -2.845906761305116, 0.9369550888480944, 1.731596916713528, 1.484856803977209, 0.2129879764449072, -1.058514876433577, 2.137417158303009, -0.5152152169419537, 0.3698661018158873, 0.6662860114769273, -0.40583254561516924, 0.00864302208029244, 1.1812241922001192, 0.13343537686728268, 4.183510996240926, 3.98949360614165, 4.11008727822491, -0.023584965428284477, 1.7658987682559086, -2.366061257507198, -1.1379429660202334, 0.14647232156721657, -0.7457669448771469, -1.3628567429745715, 1.0395811521469511, -0.508379334935654, 0.20073351161914843, 0.87251052052207, 0.5045846513511094, 0.1735333519555411, 0.3489988472911989, 1.8367393539226384, 0.09048867236373326, 0.34040696274121274, 0.10184351597632713, 0.5268775607505063, -0.18995787798340302, 0.9036820585738781, -0.5088712824892241, 0.019773242037473437, -0.27051027905937985, 1.8865714937995506, 3.932175939319336, 0.8402614495953742, 0.7398183077035867, 6.090597033727192, 0.9225097762342784, 1.1908788473928666, 1.7093127025023023, -0.6132842991671055, 2.094286300360835, 2.9683388930864965, -0.3002880602385858, 0.7452977658599593, 2.222871817232601, 0.17340759558351238, 0.6845951378494703, 1.1891588731993465, -0.24214235241390725, -0.13989660804151072, -0.3379983311727415, 0.5889965874275163, -0.2755286252168503, -0.22617880724885708, 1.0240937548555848, 0.22840318959413253, -0.6562786127844902, 1.2992950706218949, -0.7692094729187602, 2.2094504402900554, 1.5761921568433763, 0.34805536561991346, 1.6104215416557253, 0.1249859341795343, 1.0325736542719142, 3.1474658938404616, 5.638230493343116, 1.3802872940217412, 1.7730905979895795, 2.3488444726042133, 0.6758795445537089, 0.013891018985987102, 0.7538500424642223, 0.9200474140628785, -1.2114604432747171, 0.8569961084689055, 0.3414873530311979, 0.321794541801637, 0.1813462904221126, 1.1501501910981062, 3.1805301070482983, 1.0969612081973992, 0.33570459625843796, 0.583768741689056, 0.7023585389481752, 0.3956903487937211, 0.8629693487673364, 2.7228228418672984, 2.2587240801338737, 0.8724736710161665, 2.242610708117354, 1.3495605052659414, -0.6383290032471507, -0.48646324689116227, 0.4810695684293762, 0.17138821142287952, -0.20356564125575005, 1.6332589210974788, 0.9735434768071514, 1.520595578116712, 0.17689219496023156, 0.01339939768283216, 0.4519417109770245, 0.07014228349703444, -1.4037462921960753, 0.423481439653159, 0.9270977712209856, 13.23145402334265, 7.965108222642996, 8.326672684688674e-15, 1.1615470232397733, 4.113833144810997, 9.55920883291408, 5.870512731851733, 1.5234873572617573, -0.7842522348740602, -0.1386691525767958, 0.171689565609924, 1.4112870087776912, 4.511667596200397, 0.2264170502161278, 1.8383805586482822, -0.09143274412713254, -0.9476484327148569, 0.10765975247861093, -2.3371274734451504, 1.8245301433694863, -1.1817674055139946, 0.6831829881819829, 0.024316388427337188, 0.3546720104684198, -0.05429265159352781, 11.292937913272155, 6.18079303050801, -2.7755575615628914e-15, -1.1102230246251565e-14, 1.1102230246251565e-14, 0.0, -5.551115123125783e-15, 2.7755575615628914e-15, 5.551115123125783e-15, -5.551115123125783e-15, 0.0, -1.1102230246251565e-14, 2.7755575615628914e-15, 0.0, -8.326672684688674e-15, 7.2372098887892875, 10.56829725761564, 1.1075623965098629, 1.0961764068793798, 0.4124906660342731, 0.2862042709720356, 1.1690696523595818, 3.07446661491349, 0.46517664692058247, 2.7436473333885942, 1.0791187618591493, 0.0638732712696708, -0.44629374296977176, 0.0369977082441153, -0.08887964068949827, 1.5479982619792167, 0.10639774932963064, 1.9695827064533091, 0.5816374914954281, -0.0629845873914121, 0.25084453928434414, 0.01545212329810397, 0.5400552200277389, 0.41180295522593724, 0.8366640264480765, 1.5135721486146139, 3.402570749663539, 2.6747992651337142, 0.5970794929684757, 0.4071746324410128, 0.9405796863819091, 0.2650785742696371, 0.38601920314891913, 1.8892521165298604, 0.6791659013818503, 0.06310651060709915, 0.16289607677401818, -2.181779399558451, -0.3037229188877575, 0.029769417335216986, 0.32755027560605754, 0.8503342216448004, 0.08597228201421103, 2.33097457968924, 1.5849877579899783, -0.6916229169794121, 0.7368354193452546, 0.5286051846359783, -1.3503417850732546, 0.8049283114088155, 0.08485765127430511, -0.7146651045976853, 0.560857275439929, 0.6352381079288136, -1.0254279215203042, 0.872156503269025, 2.337965255895938, -0.4638068818662191, 3.5903999900548627, 1.7686205963473185, 1.1300531740491238, 4.675539149825795, 1.3089060288826317, 1.1589411459684698, 3.598816752767931, 2.436518650420169, 0.5980663564385225, 2.128692786139652, 2.2430776869521196, 1.5959212671455703, 0.21081832790741828, -0.8518724477045794, -0.09924818976901406, -2.1719918734808914, 0.6275121577953087, 0.5391200884537, 1.5591266376111435, 3.6009106433918703, 0.7124554635096558, 1.6492511114897184, 2.4405986678149247, 0.6487252404414505, 3.4591513400662848, 0.7681473488922848, 2.9982709926752875, 2.834445348491954, -1.4899462064862234, -0.4408273100980864, 1.1944651563029822, 1.2550514006823903, 12.268932960279258, 15.029448644780928, -5.551115123125783e-15, 5.551115123125783e-15, 1.1102230246251565e-14, -1.3877787807814457e-14, -2.7755575615628914e-15, 0.0, 5.551115123125783e-15, 1.3877787807814457e-14, 2.7755575615628914e-15, 1.1102230246251565e-14, 8.326672684688674e-15, 1.1102230246251565e-14, 2.7755575615628914e-15, 2.7755575615628914e-15, 5.551115123125783e-15, 8.326672684688674e-15, 0.0, -2.7755575615628914e-15, 1.3877787807814457e-14, 2.7755575615628914e-15, -2.7755575615628914e-15, 5.551115123125783e-15, -5.551115123125783e-15, -8.326672684688674e-15, -5.551115123125783e-15, -1.1102230246251565e-14, 1.1102230246251565e-14, -8.326672684688674e-15, -8.326672684688674e-15, -1.1102230246251565e-14, 0.0, 0.0, 2.7755575615628914e-15, 4.71937971148359, 10.821402609656943, 3.2184512874580378, -0.5809706408924455, 0.24562071652562167, 0.3741538689218942, -2.7739143561049957, 0.266687681343285, -0.8114667590616591, 2.1549623574139503, 0.5560894476498106, -0.112501803895654, 0.14053097547025573, -0.08632705198871804, 0.2143507844814252, 0.332156355871021, 0.28785661745547486, 0.9078868157487534, 0.7849400268806903, 0.34556333060726274, 0.80251923713314, 2.3995366793975847, 0.3013677086713358, 0.22456945727020639, 0.3258690845359524, 0.37500990702869785, 0.3015622863595411, 1.169887400661736, 1.3368855782017022, 0.37962404758715707, 2.8993464724276805, 1.2474943868115247, 0.07902765954696633, -2.270373695462183, -4.02955081002716, 0.4644553399754159, 0.6343221366067837, -0.4848897819906597, -0.9615702480014647, 0.31857497289436765, -0.12643725099212588, 0.05899256257978891, 1.5430083965568997, 2.360514147562185, 2.248132859899556, 7.337981916076842, 0.5717927729289158, -0.030468934218504273, 0.24797012587299605, 0.8834184085380912, 0.533146167379499, 2.4189393736336626, 0.3446551715526027, 0.4513577590062141, -0.7427635965472632, -0.3412942360833995, -0.5002502215456843, -0.5510131992968752, 0.7603252356071124, 0.11451273322164468, 1.068357153134201, 1.6823424398453994, 0.974114758349856, 0.03215604929485494, 7.118829608965683, 0.28369592856181214, 2.439511594535901, 0.07771517955892193, 0.8204098771791735, 1.908957886027764, 0.45070389969683333, -0.12038722669076662, 0.10986133913374374, -0.7231840645387422, -0.10708665825752917, 0.013221676325386511, 0.002238938213437791, -0.6142575667653603, 0.6898215177544103, 0.3534478056105428, 1.9139232070107681, 0.07059888502926981, 0.8794745118930223, 1.9206618766196186, -0.44917885401875424, -0.1997345751654933, 0.31073499590297615, -0.4846317354823526, -0.37014094041839485, 0.39216153296501943, -0.21584313391932142, -0.10591116429106506, 0.9014409114905533, 0.12786051610330418, 0.20521946208729958, 5.128408060316374, 5.735438928954345, 0.5258411434679573, 1.782045585163928, 3.2003293822421597, 2.243976167271171, 0.3065915637415628, 1.9931066496645826, -2.7678334278082275, -0.6494208958736181, 0.005087144556284784, -1.2420765339304296, -1.0114961170845618, 0.8260882976328219, 0.3379754517243896, 0.7965393848564872, -0.5905701856735277, 1.3480402914291574, 1.201447247749627, 11.43288959130912, 9.971919583261712, -5.551115123125783e-15, 5.551115123125783e-15, 0.0, 5.551115123125783e-15, -2.7755575615628914e-15, -2.7755575615628914e-15, -5.551115123125783e-15, -2.7755575615628914e-15, 2.7755575615628914e-15, 11.389169251698334, 10.968836814278987, -0.4792081070693257, -0.021216006551895816, -0.056158780338762426, -0.5025239155201291, 2.593523189465458, 4.7087742403852815, 3.1520868372211055, 15.132589805101219, 11.892969945100077, 0.0, 8.326672684688674e-15, -5.551115123125783e-15, 1.942890293094024e-14, -5.551115123125783e-15, -2.7755575615628914e-15, -5.551115123125783e-15, 0.0, -2.7755575615628914e-15, -1.3877787807814457e-14, 0.0, -8.326672684688674e-15, 1.3877787807814457e-14, 0.0, -5.551115123125783e-15, -2.7755575615628914e-15, 1.1102230246251565e-14, -8.326672684688674e-15, 2.7755575615628914e-15, -8.326672684688674e-15, -8.326672684688674e-15, -5.551115123125783e-15, -1.6653345369377348e-14, 5.551115123125783e-15, 4.440476946998626, 7.338201323255269, 0.14362332564380154, 0.07519150129468244, -0.4338201859903421, -0.4610085648072726, 0.02708281217412889, 0.2123380000632693, 3.9023792458889304, 6.946905860101143, 1.4171133851744102, 6.9502439859220075, 5.136130351503951, 1.6621782062194939, 1.9560587483746872, 1.2152832220804726, 1.3635924337275185, 0.2682036948518203, 1.840541689436634, 4.9549659004739794, 0.15163856127907138, 0.9948086234566063, -0.8898015969263042, 0.3596065765871401, 0.4285610697992297, 0.09504800542694625, -0.608187618960244, -0.8693177998650867, 1.9126224559424827, 0.09631732580152175, 2.616213091740093, 2.433333557702042, -1.1689465031261648, 1.056128657857073, -0.6212771060329487, 1.3002487286503879, 0.9002407419590952, 0.5091958718947893, 1.3989181278202807, 3.4673695540942333, -0.08536222619940759, 3.444877893151414, 3.9626213933089502, 0.18481303506609947, 2.8260284601120986, -0.5867593092590369, 0.1910193313319155, 0.008854116259499278, 0.8659772891982698, 0.4296157174232178, 0.44138203096589734, 0.28704588787773844, -0.16432296899930066, 1.0223114144799297, -0.2298168620697112, 0.9470009548247447, 0.5202799900529129, 1.4353586813334118, 0.3830082430414734, 0.09680957410071755, 0.08193367572138754, 0.7665570538810869, 0.6162653114663215, 0.14855526845184386, -0.11185632802968826, 1.296617320546602, -0.2501914160353067, 1.9192674682680035, 0.6328140981796082, -0.17812945043621653, -0.760465535843565, 6.926204990104637, 6.703424699668346, 1.6653345369377348e-14, 2.7755575615628914e-15, 1.1102230246251565e-14, 8.326672684688674e-15, 2.7755575615628914e-15, -2.7755575615628914e-15, -2.7755575615628914e-15, 5.551115123125783e-15, 2.7755575615628914e-15, 1.1102230246251565e-14, 0.0, 2.7755575615628914e-15, 0.0, 2.7755575615628914e-15, -2.7755575615628914e-15, 8.326672684688674e-15, 2.7755575615628914e-15, 5.626253407750902, 10.15080704290763, 2.941593666932988, 0.8208114611710471, -0.33238425877996747, -0.7827295875587197, 0.4256892929218168, -0.11798886270469211, 0.5642928001990981, 0.1128132373497408, 0.6323343837248103, 0.6849283393999883, 1.4907506330347502, 1.3048894421420556, 1.680017336501237, 2.169774106254863, 0.8045011112867684, 0.19835712096350733, 0.22873211114020364, 7.8150139171640305, 5.59196874912552, 2.7755575615628914e-15, -5.551115123125783e-15, -5.551115123125783e-15, -2.7755575615628914e-15, -8.326672684688674e-15, 2.7755575615628914e-15, 0.0, -5.551115123125783e-15, -8.326672684688674e-15, 2.7755575615628914e-15, -8.326672684688674e-15, -2.7755575615628914e-15, 1.1102230246251565e-14, -5.551115123125783e-15, 0.0, 1.6653345369377348e-14, -5.551115123125783e-15, -5.551115123125783e-15, -2.7755575615628914e-15, 0.0, 8.326672684688674e-15, 5.551115123125783e-15, -1.1102230246251565e-14, 5.551115123125783e-15, -2.7755575615628914e-15, -2.7755575615628914e-15, -1.1102230246251565e-14, 2.7755575615628914e-15, -2.7755575615628914e-15, 8.326672684688674e-15, -5.551115123125783e-15, 8.326672684688674e-15, 2.7755575615628914e-15, 0.0, 2.9682613121321566, 9.061973154911676, 2.6310678849499425, -0.6335968381578141, 0.5915955958500376, 6.372075892981698, -0.31447873883902844, 10.25622357694661, 3.0453301261987633, 0.35863323870805175, 1.6184547358631818, 0.5532068638892298, 2.586072047163128, 0.609891291988049, 0.4644393692551603, 0.6199096515858855, 0.04188824316690898, 0.11376035801632156, 0.3880027233308567, 1.8337555699953896, 1.2179710588325747, 2.2633816261463835, 7.25268916584011, -0.9168760615954454, 0.9251925788631752, 0.2666499007120535, 0.2305792468915513, 1.0853165131226774, 0.22333525185166536, 1.348611922621643, 0.8305780633160396, 0.3481152485264829, -0.8401801662926971, 0.5758393156133934, 0.7098248175104231, 0.14812737864096448, 0.7754184694292974, 2.562496504727278, 0.4171157975349047, 0.5789835312089053, 1.6973653709773373, 0.2435913476124938, 1.8425923441748182, 0.4872324149460212, 0.38952603502083605, 0.312027571800769, 2.320488074670891, 3.0466330715699144, 0.019032386823425895, 1.4318341082235975, 2.592445331184962, 0.884319929347356, -0.3432220703412838, 0.36145381484152495, -1.0264748109360653, 0.7898352417297758, 0.34196398760644797, 1.5649262205098466, 1.551772024656941, -0.15378641353338196, 0.13354895896929975, 2.003087353419488, -0.6974041480372932, -1.883327665003435, 1.3393485862796979, -0.34239477458100964, -1.510497660168241, 0.7844020515126573, 2.5763742561178873, 0.9771977495930741, 3.0741280890891574, 1.5352507697099895, 0.4713718270879781, 0.2730521229239855, -0.3217154755645879, 0.30881304332950776, 0.17680134918575163, 0.4222614291374498, -0.09321414950380813, 0.5142397150066529, 1.9813398771829611, 0.7373105323240452, 1.2483585871406433, 1.1299190596851645, -0.05789458029724415, 0.19915303458714106, -0.03070857402144611, 1.204722395114885, 1.1188711124169402, 0.2626669151360659, 5.091842602130271, 1.668113296582078, 2.275628475210212, 0.5091093863147336, 0.8733355750780731, 2.6233242936316827, 7.960444183444103, 3.4019358173789414, 0.0, -1.6653345369377348e-14, 8.326672684688674e-15, -8.326672684688674e-15, -5.551115123125783e-15, 2.7755575615628914e-15, 0.0, 2.7755575615628914e-15, 0.0, 5.551115123125783e-15, -2.7755575615628914e-15, 0.0, 5.551115123125783e-15, -8.326672684688674e-15, 2.7755575615628914e-15, 2.7755575615628914e-15, 1.1102230246251565e-14, 0.0, 8.326672684688674e-15, 0.0, 0.0, -2.7755575615628914e-15, 8.326672684688674e-15, 1.3877787807814457e-14, -1.1102230246251565e-14, -1.1102230246251565e-14, 5.551115123125783e-15, 0.0, -2.7755575615628914e-15, -8.326672684688674e-15, -8.326672684688674e-15, 1.2290295717390745, 1.1693755590407253, -0.01413233669560654, 0.08929287709430866, 0.539697287824314, -0.2964456276997929, 0.19592610318083814, 0.5275460883427385, 0.31489580670314865, 1.5782157137590787, -0.007545413994677119, 0.8839461731681695, -0.027977390328913998, 3.0613902632748164, 0.19619355562380036, 2.2083654323465076, 2.12820566490244, 1.0124418844886236, 5.1793152704839684, 2.3716699722555035, 2.226740479157783, 1.2099866988683488, 1.1033126062234544, 5.654265725903443, 6.980647499306031, 1.8738206550298457, 3.9520241082565803, 0.8642102309611346, 1.7900585453655822, 0.15309558130337564, 9.875795807944101, 9.232826183272671, 0.0, 0.0, -2.7755575615628914e-15, 2.7755575615628914e-15, -2.7755575615628914e-15, -5.551115123125783e-15, -5.551115123125783e-15, 2.7755575615628914e-15, 5.551115123125783e-15, 9.733188663804015, 13.37487859084358, -2.738437815705936, 2.482929419802204, 1.0299553808370376, 5.838028774220547, 6.517980345962972, 2.7755575615628914e-15, -1.1102230246251565e-14, -1.1102230246251565e-14, -1.3877787807814457e-14, -8.326672684688674e-15, -2.7755575615628914e-15, 2.7755575615628914e-15, -2.7755575615628914e-15, 5.551115123125783e-15, -2.7755575615628914e-15, -5.551115123125783e-15, -5.551115123125783e-15, -2.7755575615628914e-15, -2.7755575615628914e-15, -5.551115123125783e-15, -8.326672684688674e-15, -1.3877787807814457e-14, -1.1102230246251565e-14, -5.551115123125783e-15, 2.7755575615628914e-15, 0.0, -5.551115123125783e-15, -2.7755575615628914e-15, 0.0, -2.7755575615628914e-15, -5.551115123125783e-15, 5.551115123125783e-15, 5.551115123125783e-15, 2.7755575615628914e-15, 1.1569827101027368, 2.3476476523042145, 0.9202760541170747, 1.4351832765566712, 1.9830219461772316, 0.5330768150564325, 0.9810143030147742, 0.1530604692666202, 0.11544300745983094, 2.095777224281491, 0.06632532445814832, 3.032784370992431, -0.48991441194192475, 0.0475541463029856, 0.17190930918673075, 0.025805979733121376, 0.050129315511483696, 0.6900602331926962, 0.5938363699262581, 0.6126961362609222, 4.063173494308298, 4.191377745745591, -2.7755575615628914e-15, -5.551115123125783e-15, -5.551115123125783e-15, 0.0, 0.0, -2.7755575615628914e-15, 5.551115123125783e-15, 2.7755575615628914e-15, 5.551115123125783e-15, -2.7755575615628914e-15, -8.326672684688674e-15, -5.551115123125783e-15, -2.7755575615628914e-15, -5.551115123125783e-15, -2.7755575615628914e-15, -8.326672684688674e-15, -5.551115123125783e-15, -5.551115123125783e-15, 0.0, 1.1102230246251565e-14, 8.326672684688674e-15, 0.0, 5.551115123125783e-15, 5.551115123125783e-15, -5.551115123125783e-15, 2.7755575615628914e-15, -5.551115123125783e-15, 2.7755575615628914e-15, 0.0, 7.724307782836544, 9.995595724849274, 1.1427919755177811, 0.8215345142839396, 1.0291039914813496, 0.20639312976149427, 0.7212930802921278, 0.3903476055965598, -0.06682524905957621, 0.056661483975716465, 4.02846643825211, 0.659570565650256, 1.8205480031285504, 1.7582033777978836, 0.5754945953326285, 0.011127843457273912, 0.7138456468935885, 0.05863288423734048, 1.2432307481635974, -3.1347694705845583, 0.5879038652661848, 0.01130750049026119, 0.8297531335883832, 0.626861640915422, 2.408616460556374, 0.06561444941993955, 3.63250566692048, 3.812084361953424, 1.5402375985751036, 1.7935007571936126, 0.8904917328131035, -0.1240082083129721, -1.4674117446121215, 0.2772934039417976, -0.32128765880861465, -0.37034633832359987, -0.026099280749747322, 1.014574912702301, 0.5087689997968141, 1.387525134822198, 4.07430370108699, -0.1297341375727683, 1.2535019507745062, 2.3031512398556515, 2.238198293211042, 3.6609440921135388, -0.6442136967907004, 2.549740384387462, 1.0498717628578618, 0.8121081302397215, 1.924099640537861, 0.2955708162349566, 0.9075341417442928, 1.206548228282017, 0.43700733713404816, -0.9371490757662002, -0.7890121415127567, -0.45465910270047516, -0.9866132199551174, 0.8663887090208675, 1.5537018028170877, 0.09964488952991246, -1.266896548440684, -0.9730850251641527, 0.7201695323248458, -0.5229440597851607, 0.31841063492198884, -0.5220625789827551, -0.026096378229240713, 3.398320695422143, 0.23801859630025035, 6.70798653907805, -0.19089439610620218, 9.686076819669353, 1.0321660279501401, 6.747983122705612, -0.10151003110183154, 0.8695708131030102, 1.3099650729016759, 2.329469047468777, 1.4791781903098808, 1.1671502482171263, -0.9376309776515939, 0.17794290301327464, 1.1359452094685878, 0.0682974145361186, 1.42970652471314, -1.3872820768390852, 0.21065502110883472, 0.13588062664456402, -0.49743085288255884, 1.4129647959775298, 1.3322195230502984, 0.25389858951228916, 2.548753146362003, 1.5628436863096624, 0.13117172283830314, 1.3375498515128186, 1.4021803009620157, 0.08499234491347352, 0.8697834620257652, 3.7064810496540304, 6.404501486037859, 0.07677727369063803, 1.3398952382851945, 2.4647079485310996, 1.187622591332854, 4.5719306056681575, 2.1671813807153626, 0.6090226547677844, 4.369399985668586, 4.351164580834709, 1.2644281719503248, 1.2868569480619598, 1.2274408950785887, 1.2829449784968272, -1.1102230246251565e-14, -2.7755575615628914e-15, -1.1102230246251565e-14, -5.551115123125783e-15, -2.7755575615628914e-15, 2.7755575615628914e-15, -1.1102230246251565e-14, -5.551115123125783e-15, -2.7755575615628914e-15, -8.326672684688674e-15, 0.0, -5.551115123125783e-15, 1.3877787807814457e-14, 1.3877787807814457e-14, 5.551115123125783e-15, 2.7755575615628914e-15, 2.7755575615628914e-15, 0.0, 5.551115123125783e-15, 0.0, -5.551115123125783e-15, 5.551115123125783e-15, 5.551115123125783e-15, 0.0, -8.326672684688674e-15, -2.7755575615628914e-15, 5.551115123125783e-15, 5.551115123125783e-15, 5.551115123125783e-15, 2.7755575615628914e-15, 7.301796419758631, 10.636460283423297, 2.0268760728971387, 1.5286304712800813, -0.16016480202594607, 0.10437848739644551, 0.270433136258589, 0.055311773652420015, 2.247842331700184, 0.4982833645991036, -0.10101500451492029, 1.591481569778523, 0.7741600452023647, 0.01842640442390575, 0.08570099358755101, 1.042734283081785, 0.5424327069701178, 0.0068742970068740306, -0.7929133144726279, 1.4339895253610564, 0.033273643371671824, 0.11870022306277406, 0.8451506769103503, 0.0811228470865899, -0.22317781530196612, 0.42398737197788705, 0.06739876084822072, 0.6160711959304592, 0.7728966265192696, 0.9512781333716873, 2.0848680584341253, 0.9461046311747339, -0.13954575653519896, 0.23704206623719415, 0.3514982764863248, 1.1890895501332466, 2.5424168457831513, 1.724761411476564, 0.6872581772752255, 3.4451312906846, 1.5387272973620156, 0.844996331610389, -0.19476263463764099, 4.205243725336402, 0.6139869990591933, 0.7326151327102508, 0.8579678287787829, 3.6315288466628033, 1.1902679587713578, 1.339505751135988, 1.1085787828413345, 3.3808192650204205, 6.982195340918707, -1.5548570467966272, 5.718071288704749, -0.5033215088482024, 1.6215274140140679, -0.3408899501047813, -0.8047619105557544, -0.12583478898827138, 0.15112640145343903, 0.2163034544580995, -0.1525029909869744, 0.05847317712287747, -0.458136788242129, 0.5020442482382634, 1.945390190976397, 2.014214731912034, -0.03305882667555693, 2.5686446195549735, 0.983006439689575, 0.26490891341313727, 2.3166444523878056, 0.1112148135988491, 4.743057088871055, 4.925860894792876, 1.1739932892500349, 1.7574759138673812, 1.3024010352099253, 1.1198922569522551, 0.3009835751426948, 0.21765172902885865, 0.9190818061515245, 1.6182211344904402, 4.849421667845448, 2.3406952509668315, 9.079455546085171, 0.007292457586700607, -0.16628821221851808, 0.05859177799371196, -0.46334296940457875, -0.7520702097858987, 2.4129464499784774, 1.115779867706749, 0.431104554032089, -1.016150301541586, 7.210407156189746, 5.245969529437403, 0.18233151509832624, 0.6184896831053166, 3.1182175744585976, 5.248191872096726, 2.3731108246502686, 1.1873122267268172, 1.2183027113941876, 0.3406476072266571, -0.007415569694046553, 1.103924326761259, 0.35337264087124254, 0.9344035293255217, 2.879601502070699, -0.07836111377221755, -2.98847003967893, 1.8574463627149953, 0.4825769422607351, -0.24188795574880828, 1.0154250038922612, 0.32202397738451793, 0.5954214745706992, 0.9008666879089731, 0.5714797079658354, 1.3547143916787263, 11.734334950915311, 7.2740495579186515, 2.7755575615628914e-15, -1.1102230246251565e-14, -5.551115123125783e-15, 5.551115123125783e-15, 0.0, 2.7755575615628914e-15, -8.326672684688674e-15, -2.7755575615628914e-15, 2.7755575615628914e-15, -5.551115123125783e-15, -8.326672684688674e-15, -5.551115123125783e-15, -5.551115123125783e-15, 3.6045002605554615, 4.329860107491751, 0.6221029065368597, 1.5040480512938004, 0.23193190108202089, 1.316013888446733, -0.023790408344368075, -0.021337399033257043, 2.164794020531474, 2.266329717612166, 1.3414635790647935, 2.4018818127831025, 1.9390693893729747, 1.590244595674676, 1.9701661825937862, 0.19005221786731852, 3.3912097496415754, 1.0729858480670629, 2.4953299566009974, 1.0232733658214528, 0.7132700489669332, 2.454258095601901, -0.3967138895911546, -0.22754799062455788, -0.09190551469436059, 0.1017695528883138, 0.32357039216159933, 0.2060236187501232, 0.21083132645065916, 0.588100328356461, -0.12882640329250705, 2.0677227670911407, 0.9636579882469078, 1.127918554698212, 0.9209954758195522, 1.5182783422807802, -0.3794202240739537, 0.19394297553020579, -0.36626507600192326, 0.380891216616817, 0.1867917015613898, 0.6210669349720774, 0.21828769372365286, 2.61411110235332, -0.6285709820904231, 2.407286783371319, -1.6151230295531604, -0.3824610689643748, 0.7825612384841918, 0.2587443579445221, 1.1895583045998421, -0.32420881120151535, -0.26471455205316374, 0.7044322875116222, 1.5059589515615528, 0.33133781446497323, -0.20309831308550486, 1.3353603183771128, 2.6274275153456443, 0.8586658240849943, -0.5520322368367374, -3.173415912407137, 1.844370050488351, 3.1097952811703067, 0.9005942532753295, 0.6799917889031519, 1.8033363396323239, 0.8399850736462326, 0.021878559424692412, 2.486811149719415, 0.83919304836067, -0.012165613781434104, 0.8413097895205794, 1.5622909314531057, -2.1098377111474065, 0.14077541469487187, 0.7231208015749075, -0.6898189245823687, 0.8238369385877036, 2.8237969753218692, -0.49674922332161486, 0.31115323114758553, -0.870862223009027, 0.6393083945464468, 1.4289807079871935, -0.09304838923569037, 1.0160195188232422, 1.3181532991989684, 0.5143545297168259, 0.34995832880377975, 0.895681255258836, 1.1272315261188055, -0.2741308915691434, 0.05040365551622017, 0.6803353260729921, -0.1382871028694126, 1.208284703352433, 2.5606817604002003, 0.8510076751537099, 2.6380453200558236, 2.9668222450687836, 9.739707485111609, -0.8964649792527837, 3.1261371521659953, -0.6769454311589698, -0.8539334089568911, -0.07850646169808329, -1.2523582299334635, -0.182878727386651, -0.028106404321249556, 0.024377423874284432, 0.028746380424706786, 0.6813485267366843, 0.6216329138855201, 0.12235211232490428, 1.18521713046826, 1.143904610444821, -0.404589000351109, 2.8816141318838504, 1.7284138085214948, 0.6019312764854732, 0.784431460213824, 1.6874582163152212, 0.9488445216406092, 1.027896064973163, 0.797740298971604, 0.761255999041083, 1.2879158389766303, 2.054142361141487, -0.5869014293000134, 9.3559014176532, 2.123269945892048, 3.599297428022794, 5.405934764856852, -0.17768989732894624, -0.09750992824405103, -0.5041918491986479, 9.79237375117792, 13.120159599866554, 1.6653345369377348e-14, -1.1102230246251565e-14, 0.0, 0.0, 0.0, 1.6653345369377348e-14, 8.326672684688674e-15, 8.326672684688674e-15, -8.326672684688674e-15, -2.7755575615628914e-15, 0.0, 0.0, -1.1102230246251565e-14, 8.326672684688674e-15, 0.0, -2.7755575615628914e-15, 5.551115123125783e-15, 0.0, 0.0, 5.551115123125783e-15, 0.0, 2.7755575615628914e-15, 2.7755575615628914e-15, 2.7755575615628914e-15, -8.326672684688674e-15, 0.0, 1.1102230246251565e-14, 0.0, 5.551115123125783e-15, -5.551115123125783e-15, 1.1102230246251565e-14, 0.0, 0.0, -5.551115123125783e-15, -5.551115123125783e-15, 12.091985629329557, 16.09454685078778, -2.4170510373328966, -0.3075569727651555, -0.00623633355243669, 0.7945718024620589, 1.076817803336212, 0.34906407339116186, 3.286140809093581, 0.5597869369266846, 0.34892952565527935, 2.4911562760111963, 2.137517952748425, 0.5707714141336169, -0.8429070996215842, -0.4521452999530027, 2.432474569488818, -0.14860420931367457, 0.3044434224264876, 0.6040247768343647, 1.2390296862611478, 1.2553029564108442, 1.692012227505657, 0.04138011032046052, 1.2404960687784552, 0.9768789971817284, 0.4327042565998198, 0.35048005290528295, 3.3398023240486054, 2.898000432900517, 0.5586056239820323, 3.9879590209878586, 8.516732732989055, 1.742289507421333, 0.33998612288337426, 0.5316387789869168, 0.7414622298202858, -0.21940706550759614, 2.14272446986422, 1.0070239736308793, 2.4243729526777145, 4.271318480442744, 4.452871111076718, 5.7814327373765195, 1.5522509009568353, -0.187159612788804, 1.2528033170961805, 0.15176231775572546, 1.0567462355531347, 1.4281556693147195, 1.1361444795404054, -0.27321027136599696, 0.7608232481229606, -1.1583870489121182, -1.881962595759262, 2.8020383750783253, -0.19193474908735197, 2.386593208115073, 2.8901946887056056, -0.1263604388324211, 0.2056667876433096, 0.7295916112346958, 1.3937165030110918, 0.7557832695003697, 0.8501206722597772, 0.6973471714790378, 0.40130360103125895, 0.4766407050507837, 0.007590952875830226, 0.1499316423601158, 0.7128961617121945, 2.1914878773627606, 0.007897531675126856, 18.42373952706032, 15.129991280120933, -5.551115123125783e-15, 0.0, -5.551115123125783e-15, 5.551115123125783e-15, -1.6653345369377348e-14, 2.1749623251245147, 2.024250430258025, 2.369730141311397, 2.2249323800301894, 2.7755575615628914e-15, 1.1102230246251565e-14, -5.551115123125783e-15, 1.273920364793705, 1.2111554657116255, -0.019729664128757207, -0.005831561397965146, 1.2113932909736498, 1.1838688473919152, 2.4322938973791146, 3.493692666956605, 0.2542555782838676, 0.911678508843778, 0.03341148090218837, -0.004167191011941185, -0.0008050250577298357, 0.28536682049622186, 0.11502964659622705, 0.24096673366838317, 1.2651871962670445, 1.2418486357139056, -1.3877787807814457e-14, -2.7755575615628914e-15, 1.2887898659631443, 3.2981865692344208, 11.73603361839757, 10.237258103482858, -0.12602604149611807, 0.024348660273062706, 0.2370478704694392, 1.5534235705960384, 0.36516307090636246, 0.8467757192937029, -0.4756188998462676, 0.8375586765088201, -0.08195751658678319, -0.3233322591698595, 0.41011451414775024, 2.3516068471511034, 2.8076578122178972, 1.177933364236651, 2.585215886995286, 3.500703375567781, 4.574032101676579, 2.4711214313283563, 3.2780941356357403, 2.7202106028905177, 1.9134001701519878, 0.3961237326632556, -0.0046188128041251275, 1.9076143348613641, 6.5060433198932515, 3.2353907074028143, -0.0917817074231948, -2.5735840017625833, 2.8515261198210737, 5.209578093645689, 0.922343548083802, 0.4674689448687275, 1.4985925350254092, 1.9033091768336874, 0.7490246310122188, 0.5876894923310374, 2.393991755634545, 3.2854056663417737, -1.2254782649036713, -0.2872379977948185, -0.012558958904918427, -0.3188149486300631, -0.038598572636828976, 1.5473825354550854, 0.368932211858521, 1.9239158049715286, 0.08785940213400067, 1.619757439440491, 2.315224750975517, 2.7149692799580976, 1.7388742046036896, 0.7336227172221186, 3.080513130686029, -0.038196999441652224, 1.1684547354853407, -0.8141632344765526, 1.1717124084913735, 0.6558228502241832, 0.48736995326791543, 0.5216421907484232, 1.7174543349851774, 1.3560322280617356, 2.873285531883596, 4.617899099420384, 0.07565636655027674, 2.5347403912296045, 3.572750348301554, 3.633702359638562, -1.638656429983655, 1.7642686844358764, 2.9407801216850658, 1.2706605080377926, 0.3266662934490796, 0.020572913679785643, 0.9326001908908665, 0.548843835784453, 3.9671241532397516, 3.7806886850937076, 1.1385858609787078, 3.967195549023984, 2.082822150509344, 0.25735215496413844, -0.6737930035341435, 1.4134572202179925, 1.4619443649615675, 1.2323267298529004, 1.0920576843556375, -1.0683724438473519, 3.005224219483921, -0.5870579301873136, -0.30410763892427894, -1.284684084484752, 0.2702840727507123, -1.2297876448697593, -2.983382240283504, 1.1874843906664125, 0.35226230682121695, 0.2849950340108194, -0.45991038057806577, 0.5361514464374579, -0.33513276207634135, 1.2469670349599937, 2.6000249126292374, -0.5894197109003869, -0.4580015965446478, 1.535824782073803, -2.3067407512780846, -0.6031200794057554, -1.0444926631678868, -0.15002988449299437, 0.9627836274386823, 0.07668211682033643, 1.374530458510435, -1.4862518782142047, -1.416221343670884, 0.8122065166152197, 0.02018104633054918, 0.4843007448742753, 0.20588908010375917, 0.10301940757872785, -1.0829476860540126, 0.3848147923226577, 0.9173940969259604, 1.4078142585644855, 0.6167149083786683, 3.1072672777071944, 4.081600562995675, -2.529238617853707, -0.9561814157038953, 1.5561060691770763, -1.411740176694309, -1.3450920720528075, -0.8012898856506467, 0.43117572402803717, -2.5503072398015547, -5.120798971281459, 0.5033217351552253, 0.03400865989522117, -1.2533274541849266, -0.16540356259338296, 0.20383943757255452, 1.0848630740133558, 1.0427475859267474, 1.2686327194556952, 0.47896829478736436, 2.529500393544822, 0.09075760863697724, 2.812843937863647, 1.8600372748472296, 1.4287638901956825, 1.4600418088870697, 4.807706095994149, 0.3254437431284316, 3.110305816401194, 0.7247104882540896, 0.27673877203170605, -0.17459311330964056, -0.054171772934637374, 2.2726287040067064, 0.5110646675353223, 0.682791702644181, 0.33671795170303653, 1.1690029844444894, 1.185158963333805, 1.2286501486981365, 1.6747333304019492, 1.3904666434209219, -0.29411548772273477, 2.650754756843469, 0.22507116367532376, 0.37294387901357595, -0.4427607318068283, 0.361022442931926, -0.8009568764337871, 10.123258035312986, -0.3329825152558783, 11.137790997615213, -0.18511395167158184, -0.11904658728605, 0.2951272844683217, 0.2287113441514066, -2.209716802499031, -0.3729737536023663, 0.9238463714512477, 1.51617018273393, 1.6909976072439292, -0.141250674800375, 1.2467980350455434, 1.6953685639554692, 1.5174390739355204, 0.42097907986735095, 2.9438847308264258, 6.0806223133165815, -1.4467177321871816, 1.9607323386226767, 1.3023093687853589, -1.0012919709547816, 4.112217963993999, -0.7143823670853777, -0.318367145005368, -0.5317029881685471, 1.3956964896919715, 0.1441098439291011, -0.9997954604748998, 0.7548893844590623, 1.622868652843806, 2.6602652565459266, 1.8495922870743584, 0.009309938130968476, 0.8554093491065373, -0.737872982779237, 11.610407395937074, 15.469519067862223, 1.2887804163428118, -1.1102230246251565e-14, 0.0, 1.3877787807814457e-14, 0.0, -2.7755575615628914e-15, -5.551115123125783e-15, -5.551115123125783e-15, 1.1102230246251565e-14, 2.7755575615628914e-15, -8.326672684688674e-15, 2.7755575615628914e-15, 8.326672684688674e-15, -5.551115123125783e-15, 0.0, -8.326672684688674e-15, 8.326672684688674e-15, -8.326672684688674e-15, 2.7755575615628914e-15, 5.047141004351321, 12.776036034667335, 4.587085294786391, 0.682199153561811, 1.5210739878901052, 1.877788455736777, -0.045722185657496084, 1.6316791890013747, 2.017860302385998, 0.6979763294659733, 2.1763725563805565, 0.10892655763115044, 1.4472773123582385, -0.4804798939337047, 0.10390169136067584, 0.21232937679087627, 4.672189542296849, 2.239598949469041, -0.288220658781313, 1.791247048776313, 4.884466857625171, 1.3598229677297695, -0.00921817556508131, 0.346626227202222, 0.6588815709396556, 0.8677935281682778, -0.06543167151079388, 1.7174963992911785, 0.6927668657435788, 0.7002273863194546, 1.1440266237111132, 0.47380236720550784, -1.0598161877888401, -1.1949193788378238, 0.7399673647639133, -0.29985321702923784, 1.9326826062450095, 0.08864861422978265, 0.8064465094232673, 2.1953069810383, 0.5890305186470641, -0.039611351564843744, 0.49654004627007, 2.503144888036047, -0.06410451408657991, 1.8077702590659328, 0.2605771137282886, 0.014303667770604989, 0.3735645138308712, 2.012564855612453, 0.5130546327557965, 1.6525140025492249, 0.6035754417757744, -0.009554106042173771, 0.9390850374814477, 5.9491402775987865, 2.2200888440548283, 3.003603854788878, 6.917254716498547, -0.5235109525721953, 3.509345971697769, 3.4526734280081257, -0.7993979255737997, 2.0688859883908606, -0.4576723098033426, 0.5494538131246145, 0.48813727450072975, -0.16628033402380993, 0.038163175409778205, 0.01923520360008979, -0.44770267655437124, 14.848485824900308, 16.828377557402924, 5.551115123125783e-15, 0.0, -8.326672684688674e-15, 1.1910885581762596, 10.049145180471527, 11.737036017326744, 7.343883740865124, 3.60092349506715, 0.3134038969253652, 0.7493481023628874, 1.6719854229983753, 1.72037779956338, 2.2859559155337763, 0.747259278764119, 1.7206414375320378, 0.18746759623792286, 0.698693340243949, 0.05969716125269997, -0.9079075108451349, 15.481771784861252, 14.38116585581308, 5.551115123125783e-15, -2.7755575615628914e-15, 0.0, 8.326672684688674e-15, -1.1102230246251565e-14, 0.0, -5.551115123125783e-15, 5.551115123125783e-15, 5.551115123125783e-15, 0.0, 1.1102230246251565e-14, -5.551115123125783e-15, -1.1102230246251565e-14, 0.0, 2.7755575615628914e-15, 1.1102230246251565e-14, 7.772083441826517, 11.811196535419995, 4.512631028609974, 0.5155917161777097, 3.7123220937976384, 4.217355421495739, -0.1212966770898447, 0.0554981278007034, 0.29632226375413495, 1.0436176657677265, 0.7593566125078155, 0.06766083173036463, -1.0396430482968526, -0.09691724904135413, 0.17111318664908026, -0.1467965367433237, -0.08174250395180138, 0.15013054980917673, -1.4424635357634656, -1.1848102654356865, 0.8094400393937349, -0.01667980085338172, -3.188022390325017, 0.5502004092430184, 1.2158968099098502, 0.5930481395849938, 0.08376523770266431, 0.12212556606851876, 0.8120789781856388, -0.8284707374446612, 1.4449743438772202, 1.7484463094017144, 0.4552780251031123, 0.5128780704873179, 1.7870828903078007, 1.937517470085794, 0.8124781302159647, 0.6179112805397153, 0.4237448139128901, 0.22134759791435954, 0.8167915863888595, 2.5177958922995742, 1.0426791929727983, -0.3408668490433513, 2.0484461315125486, 0.4643165731265242, 1.6905304263844698, -2.1304396661895737, 1.7604392932042288, 2.811567781104344, 2.258573554324954, 0.42143745858555803, 3.091617018667023, 0.5921274025554908, 1.8554228743801673, 0.47909405745809863, 0.39344233998633626, 0.5567547576493723, -0.7642523155641925, 0.1428954700993188, 1.063746795654339, 1.7863765916614511, 0.19835362006685386, 1.1032591157639615, 0.6068806503783719, 0.6480189828660912, 0.35504388114551944, 1.248643578538605, 0.12587644514384522, 2.1200088961071657, 4.443035318626201, 0.2975159598030821, 5.153906815721868, 0.681111659429007, -0.12151912249133545, 0.07289644672793116, 3.370311575092373, 0.20580157152470946, 11.914931522921123, 3.731391142543771, -0.22386293521597622, 1.008258566430328, 3.4214385128988596, 0.6880055239328442, 1.5071689779191502, 6.129662983228911, 1.841600917735633, 0.7923378145956974, 1.7156769200800852, -0.08655618719788549, 3.0410248229474632, 2.2161514542543728, -0.2930539856291148, 0.07716850534566788, 0.8510865794491451, 2.2062543693098178, 1.723278176462884, -0.7152009667008201, 5.492158019011669, 5.654328313637791, -1.468818302966426, 0.029706963611388915, -0.3079534067031062, -0.15033916374540013, 0.3027010075131358, 0.05021321661043032, 0.12740882597685754, -0.467815091495396, 1.6351661255992838, -1.1987461536135413, 1.3491885787033198, -0.4964627498134462, 2.1730017730022837, 0.32585291101111125, 1.3746866606829542, 1.1240555654616742, 1.485129033335994, 2.2391781387917717, -0.5344550029057871, 1.0802407207141016, 1.2665608126658299, 2.070139089529164, -0.6290562786016949, 0.7743653564746751, 0.1163648191954394, 1.9430153320287502, 0.7678197387953958, 0.061718723602012915, 0.9580570663056847, 1.2583599607787619, 2.0974147360999496, 1.6171912131513295, 0.5439282020790017, 0.1747921974923372, 0.4309090679146266, 0.6397462889011081, -0.28745047307268123, 0.022643405344240364, 2.032704140155431, 1.0868910004512315, 1.2915161364473988, 3.5615949436296432, 0.2745585573469498, 1.7398605429675058, -0.1971313234911065, 0.13408393496899862, -0.22725890973339347, 0.4369835142302918, 1.2421811273729304, -0.6517668001437187, -1.2623851263423376, 1.2382686801777254, -3.07935638941575, -0.8688630497416625, 2.9095690817292166, 0.6909357030916112, 3.2615124985522925, 7.838275091693191, 4.760967757519381, 0.47437122892978323, 0.06341440725385894, -0.7179673516816081, 4.226292349669649, 1.6456926728681651, 1.2157250881402604, 8.006638881385072, 1.6679787846253475, 2.368015731401968, 0.46264426584926355, 0.8953497222443048, -1.8109875202243018, 1.0828671432153953, -0.5853427380721712, 1.0402196812426894, 0.00902002914480704, 1.8403979595509838, 2.087472590861495, 0.09792835081583462, 4.874648217219516, 0.40565991727596895, 1.0184928626994179, 0.3007711847673278, 3.107800070336765, 4.934530714439944, -2.6520893346392995, 1.1008635219320126, 1.1527330524655781, 3.657698030267227, 1.2016537684814779, 0.11411223606263832, 2.0032022380922, 4.159065430757039, 0.056288779746836326, 2.689172494514537, 9.848802644677264, 6.430742173215215, -1.1102230246251565e-14, -5.551115123125783e-15, -1.1102230246251565e-14, -5.551115123125783e-15, 0.0, 5.551115123125783e-15, 0.0, -5.551115123125783e-15, 1.6653345369377348e-14, 8.326672684688674e-15, 8.326672684688674e-15, 0.0, -2.7755575615628914e-15, 8.326672684688674e-15, -5.551115123125783e-15, 5.551115123125783e-15, -5.551115123125783e-15, 0.0, -2.7755575615628914e-15, 2.7755575615628914e-15, 2.7755575615628914e-15, -8.326672684688674e-15, 0.0, -1.1102230246251565e-14, -5.551115123125783e-15, 2.7755575615628914e-15, -5.551115123125783e-15, 2.7755575615628914e-15, 0.0, -1.1102230246251565e-14, -5.551115123125783e-15, -2.7755575615628914e-15, 5.551115123125783e-15, -2.7755575615628914e-15, 0.0, 5.551115123125783e-15, 5.551115123125783e-15, 2.7755575615628914e-15, 1.1102230246251565e-14, -8.326672684688674e-15, -5.551115123125783e-15, -5.551115123125783e-15, 1.1102230246251565e-14, -5.551115123125783e-15, -8.326672684688674e-15, 2.7755575615628914e-15, -8.326672684688674e-15, 2.7755575615628914e-15, 0.0, -1.1102230246251565e-14, 5.551115123125783e-15, 0.0, -2.220446049250313e-14, 1.1102230246251565e-14, -1.6653345369377348e-14, -2.7755575615628914e-15, -5.551115123125783e-15, -5.551115123125783e-15, 0.0, -5.551115123125783e-15, 0.0, 6.45425572033432, 13.087826539297367, 8.448307455619755, 3.8742855555776146, 0.6584507845448115, -0.0019223167217887749, 0.1322418550950033, -0.7333540155900664, 1.8281219136556217, 1.060143350418116, 0.9173549272288994, 1.50560028170446, 0.42520824396541457, 0.928584289906297, -0.5591637317580194, -0.10173316790431386, 0.9356050270683909, 2.3365037475598456, 0.20962496292804644, 0.7934056693527509, 1.9075834891715147, -0.1928880561905828, 0.044361506662681904, -0.0007491383960598341, 1.0852558482144161, 0.40879662602384315, 0.3428625266246854, 2.0309980122424633, 1.2784063700942738, 2.628309639695374, 15.857550502087506, 12.432035801860685, 0.0, -5.551115123125783e-15, 3.3714257247009236, 11.548416470558173, 8.232503344047586, 0.6240487021272259, -0.07921126942659384, 0.10598711105021152, 0.14970409986167965, 0.1281141725578152, -0.8959124344176814, 0.2738328050669736, -0.7208620367343599, 1.1076600235983847, 2.426748668759217, 0.05363349843105425, 1.2033531093861711, 3.83333297527912, 0.34466486294661536, 0.7498437532175899, 1.69244643074515, 1.693299199408358, 1.7120770503877054, 0.9739153681379378, 2.603812508156608, 1.075559636095221, -0.9049728464283362, 0.15004698242543668, 0.8399137578952605, -1.1904990103263344, 1.5394802914657078, 0.8240612125943017, 1.582569144123056, 1.4723417817379527, 11.388240113656664, 9.525181183555567, -1.6653345369377348e-14, 0.0, -8.326672684688674e-15, -5.551115123125783e-15, 2.7755575615628914e-15, 5.551115123125783e-15, 1.1102230246251565e-14, 5.551115123125783e-15, 2.7755575615628914e-15, -2.7755575615628914e-15, -8.326672684688674e-15, -2.7755575615628914e-15, 0.0, -1.1102230246251565e-14, 1.6653345369377348e-14, -1.1102230246251565e-14, 0.0, 0.0, 0.0, 5.551115123125783e-15, 5.551115123125783e-15, 17.206997459569408, 15.945043872907291, -3.037099449165197, -0.39633920252339294, -0.01942192327049952, -0.22938301028028718, 0.29346650369461713, 0.23581325705848144, 1.0651652386950445, 0.6969263125438943, -0.4977025813638818, 1.5794403234839933, 3.021659539970429, 5.6565264412922005, 0.3446519287713272, 4.0695412980106624, 1.521531049397936, 0.9170615749289937, 1.1801581593674655, 2.8052404641316855, 1.3360309486502615, 0.8137798948762054, 1.766082571562464, 0.43766107754413497, 0.8937419186867714, 1.9466698967456466, -0.13447698468391422, 0.3596968279582313, 2.0149082985052758, 1.3493937248955206, 0.9422841111050957, -1.383068891509538, 1.794124566224923, 2.702586586000564, -0.06524669828476704, 0.4322436286473703, -1.0028974760550966, 2.5784817020179105, 0.46690008226687496, -0.8809972992380608, 0.3218690892085192, 1.4531505744195954, -0.9602572888868792, 1.2911160019733927, -1.0611732517728285, 0.5472439832506382, 0.49372827471734126, 1.2221542552636606, 0.10128955383265748, 1.8824373203382834, 0.8331661224997333, 4.233703822885133, 1.334711004984797, 9.233650562701882, 0.2032036122276395, 3.241151057360753, 1.1773278268463514, 0.09656451633026109, 0.41365397127680126, 0.14018570096408212, 0.11340993910624775, 0.9280586112435856, 1.4392036773363373, 1.1890335685537536, 0.04460176895565837, 0.455502112203817, 0.5761670683449438, 1.190060272888644, 1.3444266762254529, 7.445993716392252, 8.527875372742301, 1.1064644869135236, 2.4310783372919786, -0.04523679991277163, -0.5670613094694943, 1.4462315972347142, 1.0997319186868424, 2.0476970298386163, 1.6482993935831871, 0.56499404597443, 0.3785068063185406, 4.108143767707446, 0.9439064035796889, 0.19029845916054455, 1.3690765304349668, 0.3467253849234453, 0.49370230555760486, 1.7848202275637846, -0.37935208733838977, 0.6458008531880353, 0.723303050703862, 0.371029738898784, 0.13915945910358118, 1.2189150791834322, 1.0397115535931505, -0.06839924252960827, -1.5402341268309385, 0.23812676348183004, 0.5952046241943094, 5.422167776263819, 2.158848421818277, 3.5193182198439956, 3.7063584287210176, 0.05287909693333859, 0.42198633626156834, 0.00594437451835006, -0.14371133596861796, 0.7288376521222233, -1.4545312082138366, 1.3762213352373465, 3.9973848720871956, 0.36540564625516936, 4.199620518331244, 1.5961420790116563, -0.609792327995109, 1.2148689373329091, -0.6024948524976708, 3.3468309511545726, 1.2618783466303682, -0.024924921212630125, 1.2810460119871436, 0.7992609586732442, 0.21314361020552042, 0.8924431430392588, -2.216021628938023, -2.5043674787468717, 0.8250631470124858, -0.31983654335098777, 1.7226747128463273, 1.7485273372229528, 1.0363663586072391, 0.8859676435295967, 1.008094733523052, 1.3733904511508968, 1.1753581086964573, 0.480874900454495, 0.2441091398916626, 3.1038620823606493, 4.8880475718925425, 4.421971452892478, 0.7935707748813456, 3.93083233843754, 5.299312984418236, 1.5369905627674427, 1.2487686917245355, 0.039312970170357175, 0.0750366514067764, 1.8510482980645406, 0.13797482975877529, 4.682411150284565, 2.0127775657608993, 0.6962854457826779, 0.6710421274069063, 0.34587990436213545, 1.314789918710403, 2.6864572634835895, 0.44481264729017767, 0.3846451176796677, 1.3961884810486254, -2.8120924222745316, -3.467084938532821, -0.1173874242008992, 0.07861557382824458, -0.10186230626362658, 0.321494336144724, 2.4606992341828686, 0.038742476804145554, 3.5860071354309184, 2.965162222815877, -0.2611829793353877, 1.562517056446552, 1.0277426419231404, -0.021218845782613016, 0.2322559497458201, 1.6079791603575586, -1.0354218735979543, -0.09581400010569041, -2.2141248706760734, 3.5247233843132335, 1.1165019455699507, 0.5081088617908733, -1.2310010061675172, 24.162107692521673, 24.75122288946541, 0.0, 5.551115123125783e-15, -1.3877787807814457e-14, 0.0, -2.7755575615628914e-15, 0.0, 0.0, 0.0, 0.0, 5.551115123125783e-15, 0.0, 1.1102230246251565e-14, -1.1102230246251565e-14, 8.326672684688674e-15, -5.551115123125783e-15, -8.326672684688674e-15, -1.1102230246251565e-14, 0.0, 0.0, 2.7755575615628914e-15, 1.2267512253094264, 5.153343616208723, 6.0066958923229805, 6.243586773198473, 3.209880919375337, 0.07197522548455026, 0.6365247748928766, -0.02605090399347887, 0.22569014055221714, 0.7248050256767726, 2.93577248399356, -0.010983786207816593, 2.304871375585236, 3.298723750569792, 0.6455311060980193, 2.6280338678396618, -0.12132706661813586, 2.5249217381991684, 0.5071687278569925, -0.5162726659116856, -0.2938230829898032, 0.07354693424406378, -0.009523713476568219, -1.0070131481705005, -0.601336890734899, 0.7748078917329622, 0.7833739384616365, 2.777301659073828, -0.4745560822997561, 0.5767326181114356, -0.459596924181767, 2.1407864348074668, 3.3761161984899672, 0.009357627003794278, 2.078564733108408, 2.7935128027391443, 3.4192118846209496, 0.7308524560220917, 0.5622277286158806, 2.036628125810438, -0.32255735982778333, 0.6945754146474883, 0.8395470130001854, 0.6987710945334413, 0.3775382045675997, 1.7022984559282293, 1.9613287725243822, 1.1797591313443831, 5.015008545069691, 4.3488371852213845, -0.16128217089232066, 4.432911839509927, 9.46490180577257, 5.60165814540224, 0.48772288914412343, 3.366107894858203, 0.7207968890788834, -0.12826321710986122, 1.2322131229173579, 0.1268180606543865, 0.3060238496383363, -0.5229493777804066, 0.6563592122202522, 0.5516664180644852, 1.1449123991712895, 7.99762536799679, 0.030323126357416186, 5.147256251348523, 0.057283391980149645, 0.0059221350352345326, 0.6057238699439154, -0.6132388206160897, -0.28983522995969224, -0.03547767732544571, 1.3600806303207094, 5.2568833765762975, 0.3495211589757332, 3.639007676817471, 2.6557150808642973, 2.321758785813529, 1.3512084519533403, 1.3801424284449126, 0.966066555814507, 1.0562386162387156, 1.9511032640784265, 0.5376947355938739, 0.08494209015094611, 1.6387894087770292, 2.538098830433796, 0.8642501741898059, 2.6866839650407996, 3.9556930337986387, -0.22822756835512337, 0.32466833090103364, -0.11732043061317654, -1.4362194936747983, 0.4686150869147241, 1.2554726443722188, -0.9267402699888407, 4.335007407114858, 2.360925283989218, 0.4049356178530843, 0.3015954924529183, 2.2681989855060465, 3.8519360820603765, -0.6246817826454389, 1.1474440773574202, 9.173739457300883, 7.167035031419516, 0.7009398411692018, 0.1230965421017629, -1.139033565183098, 0.8150602739385704, -0.0659495998469879, 0.1034296293152579, 0.681795127311716, 0.19059522930791672, 0.7632280917639207, 0.6824963592918891, 0.42498370451374967, 0.24649273108649083, 0.03564690983530738, 0.5456632033200322, 1.998541785140958, 0.40816996482828927, -0.16311640234545166, -0.61588056744921, 5.274909982301892, 1.759946498017655, 0.4775350868417547, 0.8405761820218629, 0.8219171183487219, 1.4279083898284455, -0.11213322563816064, 4.583340348327226, 4.7118022896197544, -0.7739201484997409, 0.6902465059050655, -0.5452118393734224, 0.5140112492583455, 0.23332376974417457, 1.7446096815229453, 1.0202547688960522, 0.3613304439681144, 2.9624375385834867, 1.3326027991730314, 6.198328795327825, 0.3902926711924408, 4.358101608251474, 1.4089471298288743, 3.397968283348007, 0.6076724805243714, 3.624861532612215, 2.7942340951366305, -0.38113589667926817, 2.1664148069471594, -0.14546424685633497, -1.5416809510340386, 1.598974392680276, 0.601337570911312, 4.147586599844033, 1.0482165045308989, 1.4721701409392836, 0.7887126165032328, -0.23981148562853605, 0.11541489419414575, -0.584160769463665, -0.25540014206376327, 0.48683985080060665, 0.9662413011897968, 1.4804784755011724, 0.8106691289543448, 0.907133743527254, 1.1646146178757704, 0.08297571731145581, -0.7783491121773523, 0.36641690152254114, 4.263310472668138, 0.06257475793682943, 4.42090867326479, 2.110249926383034, -2.0207292970875983, 0.8761181509675566, -1.8815445422259813, 1.1126662753413257, 2.8887432189080755, 2.196789466870598, -1.2464529762650045, 2.269287912866986, 0.20716165569780287, -0.4800676965382138, -0.9403059699669143, 0.10735714480134106, 0.6824054655509144, 1.5932197296259005, 0.1880984239837744, 2.011735971328676, 0.6763641810533727, -0.10798889918609689, 1.6733592747708599, 0.27330813679270705, -0.7767337961473686, 0.1581708082716773, -0.5003708678119096, 0.26200689328976523, 1.4500124371164134, 2.327087038734817, -0.21399862633035127, 2.029629766620303, 0.8567173875294998, 1.0400344436272633, 0.006273356921923323, 1.0154266135602086, -1.528877243390724, 0.4323496291078186, -1.5662170422575343, 2.3459051690472847, 3.8624844606757165, -1.0333344748104878, 2.7112080002837047, 3.6062899914904847, 5.14945565731918, 4.287159098856478, 2.705771139348599, 3.2161452544616793, 1.8841133506934966, -2.2795501327935312, 2.60456888974079, 0.5269515542681233, 0.8098835287454733, 0.26726669031125994, 0.22021073534688185, -1.0298471281062689, -1.0885937427874524, -0.02249036399700799, -0.5223142971344714, -0.10356814988080032, -0.7304183668421729, -1.1657934099663976, 4.508513983071339, -0.13319095750176757, 2.8327950473495775, 4.432298643894285, -2.4709688126295077, 0.43710693544159085, -3.580139957426354, -1.6921325519842867, 0.5757339339588725, 0.6074105465043544, -1.3829325448645022, -0.8401423803564114, 3.494768341443944, 0.42798141136250933, 1.3514930600041453, -1.4107984817387376, -0.3367431501698377, -0.05731797205743305, 0.8456670883782067, -1.167268041770285, -0.19248958073427502, 0.28690643054255816, 2.175746703541563, 0.633485474343729, -0.7968576070060749, 0.37832619241447674, -1.4483017505021394, 0.228038719962683, 1.0457692740123434, 0.33788554097048973, 2.7556100090391453, 2.2289054423814605, 8.046364863422696, 1.6761051906469788, 3.0588306486679926, 10.20020626260174, 13.540690658686259, 2.6514231680225464, -0.02349527903730575, 0.17169782406466538, 0.07523517594009377, 4.281326465312432, 5.589232018292677, 0.41172835463527235, 1.8014849743818502, 0.1710688278202781, 1.362594158669424, 1.9687029387954453, 0.3776350266228121, 0.6127684374615967, 1.036847934530556, 2.7596930077066304, 1.1281105826328144, 3.7573258489279056, 0.40838995547090917, 1.4367788646549684, 1.7329739287846735, 0.5424228002856921, 0.7853763188372227, 1.0679460322295995, 0.323918139797172, 1.957688606288741, -0.618113039539196, 0.9144102718050817, 1.2985065392753654, 5.3414204317250835, 1.092812519389625, 9.239534880231247, 6.35458944802599, -0.0797167371953833, 0.3049149749355138, -1.360372781472961, 0.922104468150792, -0.7972643648998883, -0.4091877380863025, 2.999016352179467, 4.402195943344168, 1.0591540397679182, 4.336895821754297, 4.778121932321142, -0.4534987926541021, 0.34193200639032284, 0.7673201547527242, 1.298575645104279, 1.3981418091454714, 1.698229560415001, 0.33477897725020966, 1.8610681137260485, -0.21471706845724725, 2.05787205705451, 3.1332362704943932, -0.6053815459801797, 1.0148013060464223, 0.32765867159446316, 1.5767913107679874, -0.15440879683120556, 3.3627242438153644, 1.9576585796646668, -0.11889140711775781, 1.5566362602706931, 0.6919102963038313, 0.8021803817527484, 1.1316013283166626, 2.6907636403443007, 1.81506080390281, 0.6667890602935529, 1.4788544902174579, 1.0787962672082188, 0.3487149961850946, 1.4665595628440542, -0.03529253606947691, 1.340526718670219, 0.9154459199035045, -0.06674308854547917, 0.05922046927878455, 1.6808055869595648, 2.265680793409871, -0.031777987288052145, 0.3294678298193219, 1.6012928871550969, 18.77922870731524, 10.49595686710046, 5.551115123125783e-15, 1.1102230246251565e-14, 5.551115123125783e-15, 1.1102230246251565e-14, 5.551115123125783e-15, -5.551115123125783e-15, -5.551115123125783e-15, 0.0, 1.1102230246251565e-14, 5.551115123125783e-15, 5.551115123125783e-15, 0.0, 5.551115123125783e-15, 0.0, 1.1102230246251565e-14, 5.551115123125783e-15, -5.551115123125783e-15, 0.0, -5.551115123125783e-15, -1.6653345369377348e-14, -5.551115123125783e-15, 11.485451756646228, 16.395183908960917, 2.820570017519458, 2.429702466237586, 3.1459493718670046, 2.331966604700767, 1.7289755944576655, 1.8501031549526488, 0.4485558044964364, 1.336368007578983, 0.3310613382620886, 1.6202007015279491, 2.891561319554711, 16.376418648229446, 15.186677410928908, 5.551115123125783e-15, -5.551115123125783e-15, 5.551115123125783e-15, 5.551115123125783e-15, -5.551115123125783e-15, 1.1102230246251565e-14, 0.0, 5.551115123125783e-15, -1.1102230246251565e-14, 0.0, 0.0, 1.6653345369377348e-14, 1.6653345369377348e-14, 0.0, 10.819758092900301, 17.89638936979675, -0.2344597173237446, -0.060966848375784366, -0.3706062944026485, 2.320668382935935, 0.107415622128201, 1.50599112684489, 1.547708405019165, 1.0137241029574398, 0.14350736787275764, 3.5648279077375378, 1.5843753505325253, -0.2103702029892247, -3.4524010551293145, 1.788436189045683, 0.7602144052678454, 1.0742930421412211, 1.2137639849395327, 1.1514362303971097, 1.0622388438289363, 0.7944345656080145, 0.7626444665394843, 0.5931432051058323, 0.7979589009811434, 0.20766151398152033, 6.451608929010945, 2.2020080357917777, 0.3577600848635427, 0.8829343805449241, -1.4403397224753576, 3.698851629569276, 4.524037359963415, 1.3175291704426968, 7.140423691931801, 2.358766953506972, 1.2298154739692393, 0.3074737104749943, 3.6709130487359403, 0.4234100631886122, 0.5730446220086378, -0.7409050647322601, 0.6189679164763788, -1.5753860557629764, 2.9557766639381953, 2.585245232549539, 0.012347375361741797, 2.5701649119289414, 3.1572451337973177, 0.5888766610754885, 2.6893261700626567, 5.408633809820685, -0.3284856780482528, 3.3568393813534385, 3.5901551480971534, -0.9229815919984503, -0.36629926672466695, 0.17374270353744237, -0.997454459307761, 2.076496063770122, 3.559285182001929, -1.177913051975679, 0.41024774359175353, 2.6411765237799614, 1.4532067046279167, 0.7473222406641469, -0.7720907721115395, 0.8386664093092691, 1.9587877768569797, -0.40362178916240055, -0.054434878784263674, 1.183417134702779, 1.2081706568071695, 1.284582112336551, 0.2690170291774905, 1.2970540135482338, 0.9044867558024805, 3.0607870321031214, 1.555747396249771, -0.004865120504433662, 1.2352503287141872, -0.03818366387400829, 0.3236492857716087, 3.3298682739814183, -2.82110192059136, 6.4332273973575695, 2.8220372816175825, 1.3129647724814646, 2.1221214861715794, 1.6684983258417105, 0.28422964569330134, 1.971898365020735, 0.39143176340772357, 0.24866004157257748, 1.2334866969100347, 0.8732760818259635, -0.6457805593701096, 1.9545038841882842, 0.40423000507618667, 1.6494691783791495, 0.22078296841308998, 2.604124857405509, 1.3090109370735945, 1.7701063208384653, 4.578147285203954, -0.4405109498081856, 3.0794713306658537, 1.4948738024150998, 1.0895224768650564, 0.7762695938090189, 0.3498052581657589, -1.375945903216376, -1.3512127736759965, 13.257837415331835, 10.974122830139166, 5.551115123125783e-15, -1.1102230246251565e-14, -1.1102230246251565e-14, 15.608324259151743, 15.772545549592962, 1.7705174564449635, 0.4820559907733468, 6.912950344935581, 1.5051692798190857, -0.7893819963999817, -0.4714784402316923, 0.1486110044098723, -1.788955607032733, -0.5232677759289004, -0.3301635991085732, 0.04521444367020422, -0.49632068608605096, -1.3661068852511278, 0.8416077486059805, 0.2532003457434939, 0.5158397660086109, -0.31066163336916475, 0.36674461175263673, 0.4403503578623429, 0.3896347349894995, -0.3851259020367479, 0.4216136085196922, 0.03491006911082195, 1.3412161108789746, -0.4326140546409647, 2.1331691062058553, 2.0384591291788183, 2.012038436488183, 2.4426354645188155, 0.9236241889946086, 0.6638639719010939, 0.9891230090639738, -0.26553336862463084, -0.8734404448786108, -0.01828666387143585, -1.3563610851854264, -4.8226244931331905, 23.247453929975364, 22.079018437795824, -5.551115123125783e-15, 0.0, -5.551115123125783e-15, 5.551115123125783e-15, 0.0, 0.0, 5.551115123125783e-15, 5.551115123125783e-15, 5.551115123125783e-15, 1.1102230246251565e-14, 0.0, 5.551115123125783e-15, 0.0, -1.6653345369377348e-14, -5.551115123125783e-15, -5.551115123125783e-15, 0.0, 5.551115123125783e-15, -5.551115123125783e-15, 1.1102230246251565e-14, -1.1102230246251565e-14, 0.0, -1.1102230246251565e-14, -5.551115123125783e-15, -1.1102230246251565e-14, 0.0, -5.551115123125783e-15, 0.0, -5.551115123125783e-15, -5.551115123125783e-15, 2.220446049250313e-14, 1.6653345369377348e-14, 2.54014925808918, 20.188181124130793, 15.102762911711636, 2.636830583969271, 3.1718501357613604, 1.6171713263987613, 1.126997937915803, 0.19796944433440444, 0.4844308275995388, 2.265861960584914, 0.8681404563011483, 0.15022199634955768, 0.4971734673152355, 0.632445070089318, -0.14296367800562848, 2.195952913221049, -0.42204570365493055, 0.3868859711694199, 1.242505402730842, 1.0555264963351476, 2.682408871678831, 0.09943749722538087, 6.557330298694069, 4.578171166701281, 0.9283392264648, 1.345443024001412, 0.2707544192110731, 2.639079896226974, 1.7501383314445889, -0.5112722018891986, 7.700911147099077, 19.634724101953168, 11.612986851793437, -5.551115123125783e-15, 0.0, 1.6653345369377348e-14, 0.0, -1.1102230246251565e-14, -1.1102230246251565e-14, -5.551115123125783e-15, 0.0, 0.0, -5.551115123125783e-15, 0.0, 0.0, -1.1102230246251565e-14, 5.551115123125783e-15, -5.551115123125783e-15, -1.6653345369377348e-14, -5.551115123125783e-15, 0.0, -5.551115123125783e-15, 0.0, 7.710010752996467, 13.451828627770993, 0.11803491258709187, 0.1169815330879942, 0.8203040079586259, 2.9448461898955003, 1.1969042259062093, 2.914796611721698, 0.2487301109875517, 0.18001804303123947, 1.1962007470225018, -0.08788471779374163, 1.2045486332389572, 0.21196312032776632, 0.06688956715245808, 0.14519574241242594, -0.31175867877469443, 0.327560898582135, 0.033974984393339014, -0.184490036740101, -0.5557597275184492, -0.026595359430075405, -0.8427044826897685, 0.06937234076900722, 0.11302195898443301, 0.787550845489406, 1.4209912046273416, 0.8289964276895319, 2.448871999246961, 0.8481008466809783, 0.9696480284470681, 1.2718804413815974, 3.7284180291142093, -2.0881099108780177, -1.4367499943889186, -0.31862066197413697, -2.742720165522826, -1.257894547557754, -0.3492875782367264, 14.346185727496916, 11.96684507901471, -1.1102230246251565e-14, 5.551115123125783e-15, 1.1102230246251565e-14, -5.551115123125783e-15, -1.1102230246251565e-14, 5.551115123125783e-15, 0.0, -1.1102230246251565e-14, -5.551115123125783e-15, 5.551115123125783e-15, -1.1102230246251565e-14, 5.551115123125783e-15, 0.0, 4.505664236465595, 17.425289628248322, 7.373041975785711, 0.6048820282705663, 2.55683006430786, 1.2165306821776767, 0.8283075554158472, 1.3852912639492843, 2.4491993662514346, 0.19930376808233063, -0.13591936599576115, 0.2663293977587955, 2.681155830980373, -0.13806165027978068, 0.6908040896704506, 0.9695865695798034, 0.06543293356389768, 0.7775921280516229, 0.4197215203773226, 2.396615737015395, 2.8901842325777523, 0.40042619989077366, 1.5042304498553847, 2.692176309417391, -1.0368715734865646, 4.177995065572105, -2.4396686739038387, -2.358789739656231, 0.2370888406714755, -2.609268604277986, 0.26324575737848477, -0.3385551688545547, 0.14702048160643244, -0.4207882180007232, -1.9230026634830324, 1.2123837952314602, 0.6244776042229887, 1.921859629816339, 3.6460872848076633, -0.7485602083331742, 6.7988485067699, 1.2410188343892798, 2.2157736138101995, 0.08297556492684066, 2.091568990659823, -0.13543832467951233, 3.6212283793855704, 0.22511822298397988, 5.879951239057448, 2.385264760470733, 0.36107778414424274, 0.5067678052835731, 2.856055628546443, 1.8107376536057416, 0.019156988207043923, -0.2618090365942294, 0.9637914370982799, 0.16153427294744915, 0.49452301515907493, 2.0811917464356497, 3.279506250991119, 1.7280248313453512, -0.07147022021996463, 0.4833124269752034, -0.13545461526143754, 0.14884346427373885, -0.09852429256474693, 2.503052023797011, -0.29762944733323593, 2.1463520582211117, 0.9957012524976676, -1.8638152116099036, -1.2383300674196676, 0.09838672852635, -1.2200696215423363, -0.07665797975806754, -0.30614876033922656, -0.17750151992601104, 1.3660708966987158, 0.020117439759417266, -0.29011414414611636, -2.3951220514267675, 0.34884731501256283, 0.07969876011068777, 2.588966011226887, -0.14865973148937428, 1.9985232229113876, 2.7821345947297687, 2.1922005136124767, -0.10829967832589205, 2.7131534982195262, -1.2278259995298981, 0.38967476873099827, 0.6792533546457378, 0.1197226199017507, -0.42566877641459655, 2.6782548220484728, -0.08094975378759273, 3.3252830900897834, 0.639738487181063, 0.66938339599389, 1.913595582625618, 0.14857476109054346, 2.644712318024631, 4.5275980895229395, 4.566908902326674, 0.38119166518819725, 2.130779071200294, -1.2937443277993452, 3.1953125059768865, 3.407787160022963, 1.602898447528446, -0.3421260742319987, 0.9386950031566244, 3.377534628124323, 1.2209079180663593, -0.3519801400473739, 0.43346430136983827, 0.3898285868934863, 0.6268919970937361, -0.44606842871570507, 0.04214504486895976, 0.24354240486826484, -0.001991753346800351, 2.3173329717486126, 2.780691577218249, 1.9138793554296285, 6.08763415392508, 1.0723358438908122, -1.6114225896162395, 0.21732135665854457, 0.5378181226509184, -3.993044805297984, -3.4609710533997884, 0.6403409556610882, 0.40904393566529507, 0.46411387029991147, 0.5480640768368232, -0.04619221693414488, 1.228632198542357, 1.3272714637302556, -0.8447675097310707, 0.7024645102945613, -0.6795070895590243, -0.8593816366242777, 0.2262608318148409, 0.22348713097446193, -0.33405660887436284, 0.28264269515003093, -0.5158911643901831, 0.3184414179050634, -0.4079244033966063, 1.5351808112198455, 2.819583299094802, 2.151757502014277, 0.10946707036666226, 6.106213988893444, 4.741529255868244, -0.8885403025267351, -0.03663829464171897, 0.3629534133400796, 0.30213592164849956, 4.352926947207379, 3.1886513196184296, 1.1236726145210696, 3.5479282715340332, 2.3025671427703855, -0.2317966202729167, 0.6033365739737633, 0.22038072006324683, -2.139077364788136, 0.3768318062677736, 0.5346461368516202, 3.2834402479760456, 1.916547884215845, -0.1839160371818025, 1.6668649758315723, 1.2668483898929424, 1.600247131969894, 12.35764860963485, 7.35572920964421, 0.46139539422620146, 9.201501188689178, 5.219238362348051, 1.8846921602757618, 0.01846338009093529, 0.16520929490303615, 1.4608725015955883, 1.6102112443969077, 1.295646359868897, 1.0194675687871495, 1.1957453229619546, 5.492190747917448, 0.05134780886794488, 0.27091549845133045, 0.04654536705982082, 1.8140284162907392, 4.804372245752575, 1.3339827031297204, 0.37365493266202066, 2.59082990535137, 6.021086354372699, 1.1978700796483963, 0.5032869735483416, 0.814096646343728, 1.3629279217374233, 3.6368523501191135, 1.223973446602315, 2.5617972235821185, 3.0917081272669407, -0.5207060211096746, 0.051408528537137954, 0.3544821885466831, -0.9182865116304697, 0.13021271504464949, -1.1622219552557453, 1.9461727392394437, 1.0833475955029144, 0.30707314185860923, -1.2114358562255063, 0.4134480497025095, 1.06756915506719, 3.743269514594118, 1.9707626924373471, 0.97482648133618, 0.1710174194450076, 3.1445993813413082, -1.0569139067297897, 2.2402811967812966, 1.80797297226907, 0.286689632193287, -0.01586110497434845, 3.9850355843556713, 1.0153421706463348, 3.736196964801792, -0.06098418228293667, -0.6376894434935139, -0.03242668178100416, 2.9587536464319157, 1.2899954981438455, 1.2702669055487945, 0.10833811995240694, 0.08631356334930018, 0.631532087148095, 0.8989295816632392, 0.14925061085638447, 0.1768255667605132, -0.09414336038071269, 0.487576497923655, 0.11683446176047596, -1.5586242437519644, 0.4126784570780586, 9.887399658456928, 9.097302967138653, -5.551115123125783e-15, -5.551115123125783e-15, -1.1102230246251565e-14, 1.1102230246251565e-14, -5.551115123125783e-15, -1.1102230246251565e-14, 5.551115123125783e-15, -1.6653345369377348e-14, 12.670130836219343, 16.21406088063361, 1.940030725329649, 0.2309056976448005, 0.4570515159319086, 0.8030606559945284, 0.1307214084436339, 0.9254874021488035, 1.4495695267523843, 0.7340495377374623, 1.9162952702030793, 3.384727111321155, 2.453899115641917, 1.0009181937164442, 1.2152440565625682, -0.33697781547482464, 0.12430503663543391, 2.1340850899032375, 0.9330209730180741, -0.03444834930593288, 0.3527716030559418, 0.8039611339908674, 0.3676620867113911, 2.1682463016777547, 0.5283435506595993, 7.057389237399946, 2.422316417627087, 0.08436573603975717, 0.617894625593749, 3.117102885798346, 2.686306291213839, 1.730990423946139, 1.5771978999049452, -0.1548664848990029, -0.05898765038239162, -0.4261680261092806, 1.7991739102854467, 1.0680887625799755, 0.18713304655346974, 4.439350809486882, 3.6149210403367817, 0.020751298140055496, 0.834720943890062, 3.8632917461523277, 2.34917839162253, 0.7463449928295631, 1.6437098597994861, 1.2868685748686062, -0.2507744843932471, 1.0248542722841592, 0.21854391464171385, 0.8040088012053559, 1.5621378658773892, 1.1043058561812984, 0.15705510627228136, 1.7585248931790147, 3.3455081010963, 2.088602412833893, 0.5236865495663778, 0.5953377487015246, 7.241183229028309, 14.824057193099122, 8.716390064872883, 1.1102230246251565e-14, -1.1102230246251565e-14, 5.551115123125783e-15, -5.551115123125783e-15, -1.1102230246251565e-14, -5.551115123125783e-15, -1.1102230246251565e-14, 5.551115123125783e-15, 5.551115123125783e-15, 1.1102230246251565e-14, 1.1102230246251565e-14, 5.551115123125783e-15, 1.6653345369377348e-14, -5.551115123125783e-15, -5.551115123125783e-15, -1.6653345369377348e-14, -5.551115123125783e-15, 0.0, 5.551115123125783e-15, 0.0, 0.0, -5.551115123125783e-15, 5.551115123125783e-15, 0.0, 0.0, 1.2157926542141535, 3.269536053953672, 11.047607708117368, 10.041295988659215, 1.9786552246190752, 1.0536169337229921, -0.9271276547653429, 0.19917604849570125, 0.0247539284628715, 1.2026174561931384, 0.2476427019116727, 0.8401345542702927, 0.1117687012815054, -0.976726487241308, 0.9200229739136034, 0.5813365556675762, 0.2754931883427787, 0.038568212255171375, 3.9824502339745322, 0.557166262865394, 3.614841953183941, 1.7119893597086957, 0.31367666860268173, 0.33922439594499565, 1.3869067387740301, 1.1601219023430644, 2.4705776749828487, 7.079344077473166, 0.4062610927749688, 2.450112232966717, -0.2094268248714286, 3.4683958771919947, 14.775472442888102, 7.4897049046939514, -5.551115123125783e-15, -1.1102230246251565e-14, -1.1102230246251565e-14, -1.1102230246251565e-14, -5.551115123125783e-15, -5.551115123125783e-15, 0.0, -5.551115123125783e-15, 5.551115123125783e-15, 0.0, -5.551115123125783e-15, -1.1102230246251565e-14, 5.551115123125783e-15, -1.1102230246251565e-14, 12.535942275174875, 14.86689139781447, 3.4905500441798267, 3.439885927171133, 3.155113368741638, 3.0813342739321, 0.6672745331288752, 5.118246531426507, 0.62890856363083, 1.479284017440591, 1.4367860296395918, -0.21760360742672447, -0.09794917950608806, 0.5413557557331217, 3.0539594383729707, -1.0403438865368173, 1.4303115730108686, -0.5425227085287361, 0.43961035221605016, 1.5394591834353832, 2.7540763863297286, 1.993346132655347, -0.04570150719339949, 0.7622495917296419, 0.48080696394796973, 2.470390206460536, 2.0116894193338624, -0.048590783338397614, 6.885562469137142, 0.7017516166935991, 5.1813681360184916, 3.7200090656639873, 2.417914778724139, 0.9022823472854782, 1.2174804969897082, -1.2109201589145187, -0.3783496871203056, 0.5796956721353581, -1.23695265072746, 0.8948200800571158, 0.8527857941938919, -0.04147366685481302, 1.777018999770121, 0.4421799914687199, 0.058849864852561495, 0.44996122895395274, -1.5183905652702947, 0.10679057926722635, 0.5638870438842787, 0.004223702638057603, 3.5846894730171925, 4.149361134119488, 0.6870789957542911, 2.319642823667607, 1.666882002954054, 1.0980838972548668, 0.8467811116752273, 1.4854344555721752, 5.118315989520795, 0.5793463357874487, 1.4904013956821132, 1.2386152904613255, 0.04674379766854031, -0.37009714844538166, 0.7125252895889389, 0.10549910428690623, 1.2452690564242346, 1.9157932189523876, 0.5964581365894048, 0.29335202483349576, 0.07127896243949294, 0.2552478720989768, -2.7320366432601872, 1.1141625416227043, 0.20582063240223647, -1.5526679820448521, 0.20931350232845602, 1.1854581420274144, 0.33488587310691287, 0.6002070809984161, 0.30463190085831116, 2.785309155022503, 4.051333822576623, 1.2890459896711377, 2.3930279393388787, 3.2836822081539765, 1.4856913868802053, 0.32210280832279636, 0.6979449039048404, 0.5959398607129742, 1.3940043825286637, 9.341049606875174, 1.710523566489087, 3.96876568380992, 2.9213042981745048, 0.6273682047797138, 1.899175881670999, 1.6523621769748047, 1.8617760675813884, 0.651343294975959, 0.4242435901618933, 2.3194689435250666, -0.564433425151833, 0.12196450646001722, 0.5294709977160892, 2.606878589991311, 0.15806781441352769, 4.176403575406198, 3.850799174345866, 1.7721122187739127, 1.4169257253914793, 0.9061882874344747, 4.128956628032427, 0.7075599479338734, 1.1052820619759132, -2.780872978855257, -0.18653606027214664, 0.09910712720636639, 1.2232124224418612, 12.782879236571873, 10.014421042701386, 0.0, -5.551115123125783e-15, 0.0, 5.551115123125783e-15, -5.551115123125783e-15, 5.551115123125783e-15, -5.551115123125783e-15, 0.0, 2.220446049250313e-14, 1.233715900756236, 1.1912066520109779, -0.014776573945244564, 0.14861486568221238, 0.6320908378006251, 0.19814251957015472, -0.4795595283141978, 0.3680646865918433, -0.5776642848817914, -0.562410399514846, 0.38548387468224377, 0.09635442490230162, 0.8342690706853801, -0.3334918738416519, 1.2819955701870214, 0.33508242993863036, 0.6372304394792749, 0.9279181435905457, 0.4820427503826181, 0.13796674641483264, -0.3655449127091259, 2.7068888150009514, -1.1485633516088853, 0.22612386400165008, 0.2065841537473574, 0.5201447570129716, -0.09948208997663954, 1.2008271926181635, 0.2892796213916746, 0.673589254183522, 0.6341882733522723, 2.3247908624465694, 9.929816834359627, 2.7055678289246146, 0.9059719783963089, 0.18580857922808036, 1.741305521711098, -0.42299862878098793, 2.110623054170304, 0.752346580758342, -0.08347810876756512, 1.734090376575267, 2.639052545293623, 1.269521082022834, 1.8827758257771734, 2.9088758617941153, 1.2122728599016739, -1.6302504517906868, 0.5083362823282584, 0.20841004454013046, 1.334101182880488, -1.100471312596028, 0.9539375129519385, 1.4516610929655656, 0.6489791942962597, 0.16627341674916352, 0.7906894926457255, 2.722799513620828, 1.9765024178761337, 2.5940024162769646, 1.339115198398929, -1.0639679739991266, 0.2996810378845396, 0.014659414765503698, -0.5884577711709653, -0.08722429429158751, 0.09962781050168701, 0.22315430638229827, 0.7927636471040955, 0.8914599251757522, 1.2316493890315314, 1.957653757004266, 0.21326372306458552, 2.18446966350308, 0.7765640238390858, 0.10680118610537193, -0.4398740477141132, 1.6425006039482923, 3.4339835329837456, 0.68469406344866, 4.596316948896515, 2.8167423674571523, 0.125890065710621, -0.12989503281335146, 1.3834213261133073, 0.36705608844908966, -0.3671126213121738, 1.3525482308555183, 9.657110648184414, 4.085498067171443, 1.6747891769496164, 1.4455929944345485, 1.4801703721948343, 1.3353129391916525, 0.6681511744152715, 0.5219247511126639, -0.5904735236717613, 0.21304392109357195, 0.36632387499432184, 1.152356652694806, 1.655726986465993, -0.004458350713349546, 0.8936515178434092, 1.2846289487570743, -0.04639124885062529, 0.10299553392778193, -0.3501850610865631, 0.5184125369823391, -0.742086080550763, 0.8034671485190756, -0.117168735411326, 1.2324923210741474, 1.2018380601468834, -1.3575831608615943, -0.48945990231990777, -1.7882326788382557, 0.5125699505471744, 0.9134967044382165, 2.1612856577572472, 1.6170364033639117, 0.498895760854424, 0.641914445605579, 0.5883238278113652, -0.39912454366861994, -0.5281403069996315, 0.3773405391043667, -0.09704298041502568, 1.673080038121043, 0.7065272454346854, 1.8161416715953322, 3.5932927854596812, -0.1624311387625994, 1.7770896043759592, -0.33307665965855904, -0.36641144347260024, -0.09583724200159338, -1.230283083934438, -2.2433438875880114, 11.126670822092692, 7.852041290368792, -5.551115123125783e-15, -5.551115123125783e-15, 5.551115123125783e-15, -1.1102230246251565e-14, 0.0, -1.6653345369377348e-14, 0.0, 5.551115123125783e-15, -5.551115123125783e-15, 1.6653345369377348e-14, -1.1102230246251565e-14, -5.551115123125783e-15, 5.551115123125783e-15, 1.6653345369377348e-14, 5.551115123125783e-15, 0.0, -5.551115123125783e-15, -1.1102230246251565e-14, 1.1102230246251565e-14, 0.0, 5.551115123125783e-15, 0.0, 5.551115123125783e-15, 1.1102230246251565e-14, -5.551115123125783e-15, 5.551115123125783e-15, -1.1102230246251565e-14, 1.1102230246251565e-14, 0.0, 0.0, -1.1102230246251565e-14, 0.0, 0.0, -5.551115123125783e-15, 1.6653345369377348e-14, 5.551115123125783e-15, 5.551115123125783e-15, 0.0, 1.1102230246251565e-14, -5.551115123125783e-15, 0.0, 1.1102230246251565e-14, 10.544009415996022, 14.80528969706495, 0.456674019036555, -0.004582502316253567, -3.206612002033353, -0.20760200085160818, 0.3346178734724674, 0.1625724977701566, -0.49179734890961413, 0.4498066744888263, 0.10058015928902364, 0.5341987411255218, 0.2638481982895087, 3.1569920805115146, 0.5793823984027995, 1.5333699322381023, 4.2105331641203065, 1.4094137380794507, 0.41318091157745584, 0.30622957712353127, 0.2565468011991072, 1.0160682170738369, 0.03613207173296473, 0.260442638024557, -1.2916860390680824, -0.023706820555446484, -0.5153647517782929, 0.8326541163042975, 4.150422588111837, 1.9704321130764129, 2.2697830269802353, 2.653338794102524, 0.053166421731617675, 0.8508179206856994, 1.4957819335822364, 6.376044790762705, -1.0559460143158503, 1.2216643961755835, 3.057853361007119, 18.817062543335652, 14.923721565644854, 5.551115123125783e-15, -5.551115123125783e-15, -1.1102230246251565e-14, 5.551115123125783e-15, 5.551115123125783e-15, 1.1102230246251565e-14, 0.0, -5.551115123125783e-15, -1.1102230246251565e-14, -1.1102230246251565e-14, 5.351216599129206, 15.920398220825476, 2.2170518675627022, -3.1812272737796263, -1.3038432863297942, 0.38345921705715114, -0.6415492536047225, -0.29047862908205957, 0.351077921593685, 1.8815924665811394, 2.2573128842431913, 0.2627907884398155, 2.0907474865089455, 2.1826857722592194, 0.12223512953281102, 8.937107911594723, 4.142975169865679, 0.28618283049792126, 4.094120263145442, 9.129434543539446, 1.758087220890701, 2.852428702227968, 0.188439219814299, -0.2987607862404502, 2.13947930948774, -0.0598098372644813, 0.6853883967800414, 1.3008649220922734, 1.2728874131159102, 0.17969950831124493, 1.4637126958080842, 4.2990886119480365, -0.2476573426829134, 3.5381492016679488, 0.7545125485931976, 0.45452014599220547, -1.2489691842079935, -0.3701220123381006, -1.2356120149932508, -0.3488326537496391, 0.2141388870463743, 0.820286419065269, 2.7170088299168924, 6.063985548103403, -0.4337929575693238, 0.9951685928000984, -0.17110848688076885, -1.9734023934686888, 5.148560046426439, 0.2674777505228576, 3.5616661024969005, 1.3906742665602394, 0.17022191541678922, -0.17337089140073658, 2.1365157613488464, 0.7797711843877551, 0.020570980985212373, 2.1780242116847432, 1.5657444840932158, -0.10109617045253572, 1.0500304314140578, 0.14959444166140656, 0.7266531209466791, 2.8505487438719115, 0.7379546435434179, 4.15523629790961, 3.886867477235853, 0.9684351036565886, 1.619104967684848, 1.4542143171081818, 0.23815688382180156, 0.04575790162721205, 0.7508676898020497, 1.4419765926566583, -0.03620322259769182, 2.386987316914116, 1.4923834396658435, 0.3979506631924892, 0.5092901922788542, 2.7465977305924127, 2.3047929936982996, 1.288172385307405, 1.6126237536384451, 0.04517116655904374, 0.8361682321491344, 0.12652696119744178, 1.3682780646826131, 1.1764311847689441, -2.0292307096153195, 1.2762047963211103, -0.540747840979293, 2.63119721836523, 1.1568374387361473, 0.5387843958293388, -1.229135997275506, -0.160507045079612, 1.0027818349471431, -0.4194130583654214, 1.416197391737711, 0.28574655491325984, 0.5676134215703996, 1.593146243569464, 2.898680097937131, 5.213026964225008, 0.8857045133637484, 0.29918494036294874, 0.7547138348722342, 1.2678792324996948, 2.1225553115025946, 7.676082691342003, 1.3343238969126219, 2.9636177898302094, 1.6451542014497704, 0.2655604499223614, 0.588683077791984, 0.6142652617006092, -1.214167664424167, 1.1646826209445749, -3.1115123550539465, 0.2695680618987808, 5.920665339806391, 6.226774532217178, 0.5641966521120167, -0.009113203232629985, 1.1422417514605883, 2.1702512578369237, 3.9090499733881074, 2.3161081935726315, 0.7000913441790999, 0.30366725080608603, 0.5194098180664355, 1.5131269326210486, 0.5646220835098745, 0.811073379913239, -0.0011314692431199092, 0.26550879330119415, -0.0615623816158859, 1.0489221932267583, 1.3539769853681491, 0.23279688328190673, 3.290111573333803, 0.8753055738006026, -0.4084953327155745, 2.2359069897441657, 0.8590233263445839, 0.06469808622298956, -0.09424814516111724, 1.3311103644192315, 3.5353865924002434, 1.961918895229644, -0.6490885427524518, 3.821845124211734, 1.096230992139681, 0.9745711744984646, 0.9650825881609535, 1.0382021897723348, 1.3865183623394728, 2.3700046817625093, -0.6309553200119353, 2.224550728787875, -0.169049426968229, 0.28521084743067604, 0.22699395565589953, 0.6768994346734587, -0.3284164108625589, 1.7679253913085518, -0.5736915209152755, 0.3418048394950688, 1.0444903149292486, 16.355688999135168, 16.154702298902393, 0.0, 5.551115123125783e-15, -1.1102230246251565e-14, -5.551115123125783e-15, 0.0, 5.551115123125783e-15, 1.1102230246251565e-14, 0.0, 5.551115123125783e-15, 5.551115123125783e-15, 0.0, -1.1102230246251565e-14, -5.551115123125783e-15, -1.1102230246251565e-14, 0.0, 5.551115123125783e-15, -1.1102230246251565e-14, -5.551115123125783e-15, 0.0, 0.0, -1.1102230246251565e-14, 5.551115123125783e-15, 0.0, -1.1102230246251565e-14, 0.0, 5.551115123125783e-15, 5.551115123125783e-15, 1.1102230246251565e-14, 0.0, 5.551115123125783e-15, 0.0, -5.551115123125783e-15, 5.551115123125783e-15, 0.0, 1.1102230246251565e-14, -5.551115123125783e-15, -5.551115123125783e-15, 5.551115123125783e-15, 0.0, -1.1102230246251565e-14, 1.1102230246251565e-14, -5.551115123125783e-15, 5.551115123125783e-15, 5.551115123125783e-15, -5.551115123125783e-15, 5.551115123125783e-15, 2.220446049250313e-14, 5.551115123125783e-15, 1.1102230246251565e-14, -5.551115123125783e-15, 0.0, 1.1102230246251565e-14, -5.551115123125783e-15, -5.551115123125783e-15, -1.1102230246251565e-14, 0.0, -1.1102230246251565e-14, 5.551115123125783e-15, 0.0, 0.0, 2.220446049250313e-14, -1.1102230246251565e-14, 0.0, 0.0, 0.0, 5.551115123125783e-15, 0.0, 30.975013630646075, 32.05505716351183, -1.9935011091509978, 1.142854996334961, -0.595317545739988, 1.7095245308679523, 0.4773465549846492, 3.701191296997365, 1.432844395451525, -0.08499861569464429, 1.570110480863491, 8.136282098523111, 5.423968151845429, -0.9534216424864326, 1.9670443751455196, -0.9897512981868317, -0.686820732292631, 0.6157918292082059, -0.07674619237093339, 1.456993777210812, 1.6146740146219258, 1.8982818444798681, 4.121373428943514, -3.6429264096424845, -0.027901021230150036, 0.32398566917265725, 5.617655642919715, -1.8136593249626003, 1.4114971369050409, -1.01631640876343, 1.1330620440194252, 0.22183327714463985, 0.9593187240384395, 8.13612898730264, 7.874819895529782, 0.17881975424865004, 1.7217289498011041, 0.569021097231996, 0.5336805624806686, -0.21275739814552708, 0.06862349801696155, 0.8805648962543842, 3.0519460742286526, 5.628133611184666, 1.7008361617112087, 5.502912937567089, 1.4526447754814171, 3.934696009389029, 3.8318180869665355, 0.8032140791423785, 1.0476172217360613, 1.8350040454546956, 4.131652345452835, 1.3656947441586453, 0.30756907158594515, 0.07571860750768167, 1.0045116595305785, 2.1524944130879646, -1.930864708273532, -0.39529082580747854, 2.691343437028621, 0.28164141494042383, 2.4754718762688412, -0.3572110144807823, -0.3284078097431973, -0.5688674729806564, 4.173229079012202, 2.3002871293487033, 1.2377136551103831, 1.17140477016585, 1.104639755171462, 3.7586760803226014, 0.22265631384883022, 3.0835910219435902, 0.07805942441771663, 2.7975547950950386, -1.2958819445205734, 1.5933906457698868, 0.1546502151429081, 2.9391276017125563, 2.3848985802620746, 1.6175533532514805, 6.4344883716586025, 1.050554827113615, 2.392537845671825, 0.5337769091077007, 3.133801347228996, 5.910359053971405, 10.73288839775779, 0.943432661757015, 3.9866667663072803, 4.8633488581645, 2.617727145785068, 0.8811841682558281, -0.012640242417603531, 1.9752745481566194, 4.766660846130804, 2.806944556481227, 3.2462269043491574, -2.013001130507405, 1.688206891685212, 5.781414428316225, 1.6199781124228707, 6.078480563927883, 3.026880022287969, 0.6992498382283543, 4.615489744892898, 1.3861518279500444, 2.3879388382018476, 1.8710935644935205, 2.6192528770325225, 1.9633827014863527, 3.348825676819189, 3.3533160543489657, 3.726614651187816, 1.9420934977817126, 0.0039604346788877365, 1.601055381088642, 1.0867112296083974, 0.8752096701925325, 0.13929877700732618, 4.403811283187963, 0.6744176717066921, 0.10210100768298958, -0.13635794530769374, -0.525912558845377, -0.00023054222010898684, 0.020658152694508658, -0.304835704379272, 0.5008076887000072, 0.552111393657043, 0.20332935784779238, 1.5063652851458187, 1.7366664752292849, 0.7768032839476575, 1.9516237033250263, 0.7588685075078843, 2.9182340407228367, 2.4866416100696824, 2.696210318010742, 1.0552203454674043, 1.4552437364851016, 0.0527100460165002, 1.0948901344549995, -0.13665208841956655, 0.2189955759985196, 0.5146008732685061, 0.7919968849594738, 6.70349081912758, 0.8223105739581342, 2.029663257659479, -0.0286450442356454, -0.5351396343912711, 0.4961559759577199, 0.21389617763594515, -1.8272102645750579, 0.3026148857594535, 5.011393042087946, 0.8970621905435792, 2.0209637407343166, 4.775457680759928, 3.7313951735642945, -0.7569455593789485, 1.8886787523746023, -0.04449992090479782, 0.2805381892628702, -0.1393104987496372, 0.4091385958640785, 0.4705947853285011, 1.2475033531500799, 1.8883691878298805, 2.128419637345985, -0.37716832993658045, 3.3225551449944533, 0.5523627290818922, 0.18453752692744274, 0.26861114507107686, 0.32844905996552143, 3.108337522998056, 0.33877333854053404, 1.6566329514175777, 1.0633545768012027, 1.738596886906521, 0.1691154637976524, 1.7877183569661668, 0.7404451685782476, 0.7880337698966855, 0.8198986514209139, 2.2191150320929296, 0.3387340253390221, 5.132277098778303, 0.3017247423765639, 3.0137475928864887, 1.483172284193472, 0.0422274118459427, 3.503005658242415, 6.7241568774268785, 0.37540002261056316, 3.5265405172143574, 2.231915286012395, 0.4540450018257616, 0.041589761176680895, 1.4042165033684455, 1.7768858389332536, 0.8599967278964868, 0.16095514711321357, 2.478367945555135, 0.6141001063662372, 2.87110552656668, 2.6941457081840667, 6.0809594141491345, 0.821456495866073, 2.248601094982405, 1.3034552070429868, 0.3753702239564518, 0.059987816297933705, -0.24763937800429403, -0.19096350054317668, -0.4177753501473376, 0.1575092397686717, 0.7875703691360911, 0.5115075584487272, 4.542877600350067, 2.2718634296902565, 0.6341674122375593, 5.164181283714981, 26.492826205960398, 19.946522247421697, 0.0, -5.551115123125783e-15, 26.93473815268507, 34.62606855519397, 0.26039253357873804, 2.2189034653503086, 7.615475409895225, 2.278613615220081, 0.08772897787554257, -0.27063384902646703, 2.401075368749332, 2.133519306696229, 1.8914029373892731, 2.7993201394413916, 9.80839560780339, 13.48518188966203, 3.32522515354227, 5.551115123125783e-15, -5.551115123125783e-15, 5.551115123125783e-15, -1.1102230246251565e-14, 1.1102230246251565e-14, -5.551115123125783e-15, -1.1102230246251565e-14, 1.1102230246251565e-14, 0.0, 17.67883221181475, 22.50732900758453, -3.541112722266604, -1.2415305883694145, 0.03561994693939141, -0.7081133591584603, -1.6409199001765842, 3.0881912985152553, -0.473896837081611, 2.054254539453723, 11.182595394583075, 1.6478180140073277, 3.845103806531114, 2.456635099703533, 0.21526026476851712, 2.191352651899763, 2.115224588258627, 0.4224384161185526, 1.561958665118425, 1.8473653317969365, -0.6564871538782882, 8.00241251092109, 4.069721733532958, 1.580602112282122, 9.873652719308097, 4.382170082351195, -0.9488574530073492, 0.44394224680880257, -1.1506563802562084, -2.7923619683552943, 0.7332374327855007, -0.893023570164587, 0.7471113995098904, 0.07113376153424156, 0.008863853735732619, -0.14058767938615802, 0.45330956445167203, 2.043237539694701, 3.159913697415675, 1.057259885356416, 1.220671773760273, 0.05201785049928276, 2.1602237426789657, 2.5741052358733327, -0.0298492622825961, 4.182402927075486, 0.10597494438297872, -1.7076012576480935, 1.5905387988868824, 0.6460009678474989, 1.9830027345975054, -2.117933808279531, 0.9751343121375271, 1.012048731190589, 3.5799028525948415, 3.023086934153639, -0.2958981680491206, 2.7623895918991934, -0.1670754616130239, 0.15531622300409254, 0.8717678346130242, 1.7615006189110431, 0.07028262388195117, 0.7055196511959423, 0.9912062638335328, 0.42443153789292865, 0.35816300856691896, 0.12548219098351865, 4.400508641643938, 23.284097424045427, 11.653901767909403, 5.551115123125783e-15, 5.551115123125783e-15, 0.0, -5.551115123125783e-15, -1.1102230246251565e-14, 0.0, -5.551115123125783e-15, -5.551115123125783e-15, -1.6653345369377348e-14, -5.551115123125783e-15, 1.6653345369377348e-14, 0.0, 0.0, 0.0, 0.0, 13.867668715310138, 12.930540388002079, 2.5872718535416084, 4.127485534158154, 0.388383276036933, 1.1195596686164322, 4.760646700223845, 0.8871954651056058, 3.116077390764019, 3.5363608107196, 6.655699284196885, 1.7323734843373018, 4.845844131063529, 3.3273613081442477, 0.35249432989343177, -0.1556701078120568, -0.945377906572503, 2.252692454760961, 0.5259903987214329, 1.4746641034822687, 0.8041208053836613, 0.12074027333383697, 0.18785100390135767, 2.3914877690977505, 1.5532919420128053, 0.3421268904429837, 1.3246918162171823, 0.7103157802769147, 0.3765248698680921, 0.05243034669717872, 0.9171359477540477, 1.9572392960032516, 3.8856343768919146, -0.10348124812844617, 0.00288940386150216, 0.16881982839453258, 0.077920424534625, 1.4555615608370829, 1.2475317798031256, -0.001984544047672898, 1.2822618631116711, 2.0239739796962795, 11.798294881225871, 10.439239779391123, -1.1102230246251565e-14, 0.0, 0.0, 5.551115123125783e-15, 0.0, -5.551115123125783e-15, -1.1102230246251565e-14, -1.1102230246251565e-14, -1.1102230246251565e-14, 5.551115123125783e-15, 1.1102230246251565e-14, 0.0, 0.0, 1.1102230246251565e-14, -5.551115123125783e-15, 1.6653345369377348e-14, 0.0, 1.1102230246251565e-14, 0.0, 1.1102230246251565e-14, 5.551115123125783e-15, -5.551115123125783e-15, -1.1102230246251565e-14, 0.0, -1.6653345369377348e-14, 0.0, 5.551115123125783e-15, 5.551115123125783e-15, 0.0, -5.551115123125783e-15, 0.0, -5.551115123125783e-15, 5.551115123125783e-15, -5.551115123125783e-15, -5.551115123125783e-15, -5.551115123125783e-15, 5.551115123125783e-15, -2.220446049250313e-14, 0.0, -1.6653345369377348e-14, 0.0, 0.0, 5.551115123125783e-15, 0.0, 5.551115123125783e-15, -5.551115123125783e-15, 5.551115123125783e-15, 1.6653345369377348e-14, 8.662559931460578, 15.610714145751018, 1.6898424563252092, 0.1086237696157184, -0.2766030589951356, 0.7530140211900402, 4.788278932202218, 3.4614472700806687, 0.7665613541592506, 5.164621433335412, 2.5346113768422356, -1.79643966691566, 1.0446967836295755, -0.21464513451914513, 0.07916623042427773, 5.079576291553792, 2.163038558694268, 0.23255648897770698, 4.822700711477353, 2.769844880656592, 0.035012260129690276, 0.4358169052107712, 0.0936656248254053, 0.20984258664995536, -0.4801709655098989, 0.24205225550127807, -0.23606542329571312, -3.193622630472646, 0.5169018052379215, 0.15825248146586546, 0.13187237819516895, 0.8955447687324636, -0.06589511968724082, 0.9958056294028665, 0.16038952179866328, 2.8962632283187872, -0.14485327247768964, -0.5568116847970259, 33.23123486400999, 23.213881743424196, 5.551115123125783e-15, -5.551115123125783e-15, 0.0, -5.551115123125783e-15, 1.6653345369377348e-14, 0.0, 5.551115123125783e-15, 5.551115123125783e-15, 7.881588892640963, 20.763065787732742, 11.90658092419207, 0.7730151478841663, 2.3522653307368273, 2.9580890460887304, 2.036467231927759, 2.8857071638128673, -0.064170921943969, 1.3142004257730378, 0.8419760943190226, 1.0478239818693282, 0.8767117225526704, 0.8286205525529056, 0.20384001767715176, 1.309520142333838, 2.163896636332993, 0.6508150767803045, -0.4017824497196898, 1.4544206617033524, 1.4136198578110566, -0.008377426553693113, 1.6697792066295278, 2.95837635873562, -0.4611187389061797, 2.852966577738414, 1.516640544376628, 2.950117161227382, 0.04498874543858733, 3.0341064252639853, 4.713552272713031, 1.19725916173212, 1.1325314396424346, 3.2458088061285935, -0.048086380052097866, 2.483165045766981, 0.023217276824595956, 0.5911712621053766, -0.7103815151362198, 2.4477822564199414, 2.4761353184566133, 4.163886978062777, 7.693928104927352, 6.218744563712448, 2.4932746298908626, 0.43713467038239173, 1.5230416669415376, 2.361552859026972, 1.336925812224365, 1.9906098090855266, 0.38719434901494765, -0.0386885623979083, -0.19458768993293063, 1.0106178564158483, -0.5341864695548679, 0.4635404103610199, 0.024103301616207773, 0.5312771589276508, -0.15661466740732521, 0.12554500649656575, 1.0995015430441981, 2.4603157732335887, 0.11049483818854355, 2.199055873456473, 1.3773543979247904, 0.4790995157059683, 0.5481771326735156, 0.9818455657217555, 11.942161851431777, 10.334794063180802, 5.551115123125783e-15, 1.1102230246251565e-14, -5.551115123125783e-15, 1.1102230246251565e-14, -1.1102230246251565e-14, 0.0, -5.551115123125783e-15, 1.1102230246251565e-14, 5.551115123125783e-15, -1.1102230246251565e-14, 1.1102230246251565e-14, 0.0, 5.551115123125783e-15, 0.0, 0.0, -5.551115123125783e-15, 0.0, 0.0, 7.3273522118822285, 15.931102924626927, 2.7669281050143297, -0.7917315687108157, 0.26863397173929116, 0.0984944298431003, -0.0322152916517382, 0.3246744718696277, 0.3345978171129218, 3.0307823002935663, 0.2256093640152983, 1.5778262995269188, 1.9943566206662524, 1.1499655599945129, 1.0589444632774985, 1.732069269491518, -0.8168216952379623, 0.5403447866171973, -0.5542402713027172, 1.8719607868093533, -0.04295498929067776, 0.9265020091429506, 1.3541277709913402, 1.6140992478034093, 0.11782483790051401, 4.532016626160612, 2.0521987060652975, 0.0786167524476582, 0.6185721256188117, 2.9763814241288173, 0.19698843265945243, -0.23064493223017735, 1.7680770599943116, 2.261391096474199, -0.1059964626930423, 3.4819315258583856, 1.4872897138261578, 0.4336861939629273, 1.7135684803728282, -0.5217222982050203, 0.6073650856961876, -1.1092603214923429, 1.0336191794024785, 0.30480058207979255, 0.048742527156548476, 3.2272625807862028, 2.1069159341441264, -0.9624059068546558, 2.5717783061631962, -4.940870133862859, -2.241328911030905, -0.28400122471407485, -0.9384789660208526, 0.030029291896653376, 1.334180866714462, 0.2624263009514607, 1.4427649526498385, 0.6631233669660901, 0.8094038156104375, 1.0969475331330045, 2.927699605717521, 0.26942496091891144, -0.12840134968786288, 1.7418464249489034, 2.286648178494545, 0.6402938880017359, -0.36183001399609793, 0.45810555159687283, 0.16373348857729297, -0.07566314805069396, 0.4617628017531388, 4.829821766914165, 2.4206279187139614, 1.7713494476788583, 2.210233757371185, 1.593390539521124, -0.03841081729638063, 1.6088995652273752, 0.9702469934637179, -0.9448241699555808, 0.31467266952321893, -0.11973892845432488, -0.3262547890120686, 2.030452338828468, -2.396048141270853, 5.14699634160479, 3.293242530149712, 3.3328489639121983, 5.562194328269982, -0.8102276793164833, 0.12263261603192177, -0.7883969060817435, -1.885560581612765, 3.106492495978955, 0.5990875587567643, 1.117136995803861, -0.39677868256075044, -0.330746428483053, 1.9367439104271398, 1.2753644866327818, -0.008679463657159658, 0.8758923511118155, 0.7441073485713332, 0.7564143969298698, 0.11600992439605307, -0.38661052712470223, 0.6548284564269977, 1.5783686887855595, 0.6229293041247956, 0.12281022185132429, -0.5744963921843009, 17.66255111100375, 12.196086036309481, 5.551115123125783e-15, -5.551115123125783e-15, 1.6653345369377348e-14, 0.0, 1.6653345369377348e-14, 1.1102230246251565e-14, 0.0, 0.0, -1.1102230246251565e-14, 0.0, -1.1102230246251565e-14, -1.1102230246251565e-14, -5.551115123125783e-15, -5.551115123125783e-15, -1.6653345369377348e-14, 5.551115123125783e-15, -1.6653345369377348e-14, 1.6653345369377348e-14, 5.551115123125783e-15, 0.0, 5.551115123125783e-15, -5.551115123125783e-15, 1.6653345369377348e-14, 1.1102230246251565e-14, 5.551115123125783e-15, 1.1102230246251565e-14, 5.551115123125783e-15, -5.551115123125783e-15, -1.6653345369377348e-14, 1.1102230246251565e-14, 0.0, 13.285441599960144, 21.142963543431392, 10.29145947453219, 2.4101895581581516, 2.5377629244390505, 1.6506269314406836, 2.4562881609532496, 1.3434276825854852, 1.9205750316396006, 0.2069697264973911, -0.6906531288283304, 0.7641378577392288, -0.6850927165900771, 1.8060906762351578, 0.21714084520647248, 1.321960309961355, 0.471810192072212, 0.2181870573592164, 0.1398786616380221, -0.3549467012619516, 0.24329807408764736, 1.369977703634845, -1.1398797342086482, -0.6968650010866781, 1.050716322007645, 1.2874360331006187, 2.537952570128084, 2.046564479456663, 0.28883291530297583, 2.0930916947410765, 0.9384485895718626, -0.2769203414122785, 1.8176568842297343, -1.7154860331351642, -0.6555450019986893, 0.9864942686398877, -0.5392016342499346, -0.6408416319242178, -0.7188188089212986, 0.05592368236415268, -1.3561435799882133, -0.6211675399131877, -0.4660528906733248, 3.085447352791448, 1.5264884714555365, -0.9631276264556732, 1.9292352834841608, -0.3058528979698849, 2.8596643649509588, 4.179483435803945, 0.4612285300190706, 3.256009340336334, 1.9808506662586183, 0.06789498716557318, 5.936653379629092, 2.1297175951937106, -0.683791863097241, 18.212942573008107, 14.38152668249932, -1.1102230246251565e-14, 5.551115123125783e-15, -1.1102230246251565e-14, 1.6653345369377348e-14, 0.0, 1.1102230246251565e-14, -1.6653345369377348e-14, -5.551115123125783e-15, -1.1102230246251565e-14, 1.1102230246251565e-14, 0.0, 0.0, 5.551115123125783e-15, 0.0, 5.551115123125783e-15, -5.551115123125783e-15, 5.551115123125783e-15, 0.0, -5.551115123125783e-15, 5.551115123125783e-15, 1.6653345369377348e-14, -5.551115123125783e-15, 7.809314798868947, 12.940096980123712, 4.3977402748152485, 2.72833750096126, 1.0451173537943532, 0.7084346086597577, -1.9661719729438403, -0.9566763411648935, 0.7764579567157739, 1.2002675906629463, 0.34104079954312283, 4.422552167299301, 1.6926738221673645, 0.1794532410104921, 2.010444340244703, 1.1329541335109639, 0.8176771169920016, 0.576483295259095, 1.3027882914686302, 1.7211210139161608, 0.028186792164575536, 0.6562606820269252, -1.9966765575122452, 0.39513138729782327, -0.13779814249238598, 1.2674775796082258, 1.5459898681165782, 1.0585917428991252, 2.4872129821323483, -0.8147372138158175, 0.0996661135143313, -0.4717981477658384, -0.9626166264917515, -0.16684323732408757, 0.265619063840802, 0.32741532705665577, 2.073123354564416, -0.037436763414646634, 4.24148060834051, 4.139463909091404, 0.4403327010144267, 2.9335827499979246, 3.0378664932767947, 9.960778239473782, 7.709047393350502, -5.551115123125783e-15, -1.1102230246251565e-14, -2.220446049250313e-14, -5.551115123125783e-15, 0.0, 5.551115123125783e-15, -1.6653345369377348e-14, 0.0, -5.551115123125783e-15, 0.0, 0.0, 1.6653345369377348e-14, -5.551115123125783e-15, 1.6653345369377348e-14, -5.551115123125783e-15, 1.1102230246251565e-14, 0.0, 5.551115123125783e-15, 5.551115123125783e-15, 0.0, -5.551115123125783e-15, 5.551115123125783e-15, -1.1102230246251565e-14, 0.0, 0.0, -1.1102230246251565e-14, 5.551115123125783e-15, 0.0, 1.1102230246251565e-14, -1.1102230246251565e-14, 0.0, 1.238129050168638, 2.224216054157367, 0.2497692491032275, 0.5659855529346842, 1.398807112490502, 1.18652916865625, -0.9103938697976872, 0.8020510176252458, 3.0473117660002487, -0.057840017397779775, 2.4959799312849285, 1.6265811325671393, 0.5892712938384221, 0.92707427422161, 0.13939577332796205, 0.4935628036071904, 1.2109326907552571, 1.400739739825113, 0.32351894061145003, 1.0432445666855301, 0.18893043100717932, 0.7408808920191632, 0.5839587705445126, 1.679867333775519, 14.653521658087726, 7.619511112117465, 0.9264881223137706, 1.88075779507966, 0.7787157016609854, 2.6802895440355314, 2.732420931780382, 0.10556573872929675, -0.1083895252079401, 0.8852488983873172, 0.5026373151289931, 0.28743416423429835, -1.4645221608654424, 5.417342778643103, 3.36922047348844, 2.5256541104920416, -0.3374732162092755, 1.1073840438149318, 0.8313068326467601, 0.9379472143465932, 2.398205445537428, 0.06557258266178678, 1.6509812549367098, 1.4726403317679342, 0.1624039977014604, 1.1203736563110738, 2.1488201564195606, 2.425443815549272, 1.0165218768987074, 9.127129901108958, 4.473329007803727, 2.6198716730714295, 3.270053269650248, 0.3565252102702061, 4.495876199817218, 1.3379426945793114, 2.2113592221609224, 0.35514001026842834, 2.640211706087456, 2.0939515039104037, 1.4902189502253975, 1.708968744093056, 0.6726276304376029, 0.9605604478908845, 0.014009487488920058, 1.1481723425914083, 0.6087653937701134, 0.10800045028281602, 3.3544653397004254, 2.180745986467059, 1.0538974295599246, 3.5307582423978374, 0.02951714969532304, 0.33857465920692675, -0.708627123111512, -1.1172616767948966, 0.1499792017315258, 1.4842157199686312, 1.5004760629268503, 0.9456314948145064, 0.5280575688070144, 4.1574805123386795, 1.3971691519717524, 0.999806802008834, 1.8890500987879477, -0.4213561658980325, 1.172593990907103, -1.7216676577484122, 7.832417998539597, 6.035468332067353, 1.6592738398224753, 2.1320345521371564, -0.07361071765387805, 0.1454534383273085, -0.11802815551976664, 3.941689398423989, 4.009553911656894, 1.3506044722303585, 3.62862358978785, 5.759047032061829, -0.09473472147175244, -0.1300718241532195, 0.4452680148555146, 0.08228354691695472, 3.2059473834304697, 0.30324413549803353, 3.0059247193922545, 5.094915479935224, 0.9718310931640985, -0.6719587454882117, 1.161664882959201, 0.6155190345444055, 2.2824780305239756, 3.136211340540882, 0.4799835461473947, 2.476428627145623, 4.833848449105915, 1.4752213076844782, 0.9412686936853447, -1.1150889900391405, -0.27133474989406636, -0.16457716716217874, 1.3446782406887507, 2.7469684056624146, 0.42836863603849906, 1.4503465702589438, 0.3873150926734752, 0.33345514229876017, 2.583507081036828, 2.0079824982386185, 1.7369398614555962, 3.3387417949535347, 2.618472081921709, 0.5816716659192593, 3.293685678154702, 1.2375216759959642, 1.8032244430557398, 0.1614577886391544, -1.876335616616302, 2.297527072042726, 1.71238865225709, 1.5877463084842418, 4.74729490513721, 1.0389676189726629, 0.09878531639571975, 5.830977033609884, 4.573992567836399, -0.6322207997655767, 0.44300314511684746, 1.1908129314437303, 0.03666415253030664, 0.39284234188124856, 0.3273241431974441, 0.7908668310195424, 1.0956885361702007, 1.7233076436432384, 20.495101158985364, 14.684456170223648, 5.551115123125783e-15, 2.220446049250313e-14, 5.551115123125783e-15, 1.1102230246251565e-14, 0.0, 1.1102230246251565e-14, 5.551115123125783e-15, 1.1102230246251565e-14, -1.1102230246251565e-14, -1.1102230246251565e-14, -5.551115123125783e-15, 0.0, 1.1102230246251565e-14, 5.551115123125783e-15, -5.551115123125783e-15, 5.551115123125783e-15, -5.551115123125783e-15, -1.1102230246251565e-14, 1.1102230246251565e-14, -5.551115123125783e-15, 1.6653345369377348e-14, 6.330962291757793, 13.908199766863788, 4.067757774555588, -0.03406118960447202, -0.7421170650716817, -0.5630114597022668, -0.040067426932409944, -0.4158399122258061, 1.4348984089202759, -0.16468057005812398, 1.814394424737543, 0.6823022931544926, 1.290296591759443, 0.18277460591983186, -0.14477841389646073, 2.3131212145275413, 1.537635990699016, -0.29097350606031114, 1.0622378539004558, 5.516151267644176, 3.628828161300447, 0.9391247250047456, 0.14419778785344306, 1.7217289733011683, 2.6570108910584906, 1.2081285108648672, 0.3145946845152423, 1.9648139827058344, 0.5387949110241834, 1.5739870486837901, 0.655459814293124, 0.31848961128713427, 0.19288541700046835, 0.5856829925494935, -0.971659818858086, 1.898354280957932, -0.11559286707921501, 1.2689103409789197, 2.0975820141740087, 1.8723164528052791, 0.8633276650676294, 20.165948119900577, 12.71268080900309, 1.1102230246251565e-14, -1.1102230246251565e-14, 0.0, -1.6653345369377348e-14, 0.0, 5.551115123125783e-15, 1.1102230246251565e-14, 5.551115123125783e-15, 1.1102230246251565e-14, -5.551115123125783e-15, 0.0, -1.6653345369377348e-14, -1.1102230246251565e-14, 0.0, 5.551115123125783e-15, -1.1102230246251565e-14, 0.0, -1.1102230246251565e-14, 12.710678903974298, 14.085537848722055, 3.2641974835230343, 3.703850308695806, 0.2423669031404927, 0.15073480200693723, 0.41692914975915585, -0.8110030463959248, 0.07539297429680403, 0.17961918804543586, -0.5365416742840807, -0.43639025405698817, 18.036290042172936, 16.80197121954552, 4.108958493812452, 5.324670633926985, 0.4838015251067418, 3.8834937116791934, 3.0606401865082944, 1.5973148283841851, 0.7916029266201576, 4.962415568045287, 1.6626758177253578, 2.035790069083248, 4.256854503729528, 0.43123736011824576, 3.2076424867581466, 2.709471217800484, 2.758769584257152, 2.5022989212160383, 1.4541831324807504, 0.5015049610343567, -1.8307832763487681, 0.3695619847858893, -0.2693039575033822, 2.4081583227921897, 5.122637836424133, 1.4755345375153865, 1.2522812333712636, 6.529545988161431, 5.129487203554675, 0.817644223282116, -1.0076227289042095, 0.4161345224795241, -2.292992685036097, 23.47407518681547, 26.387396756112594, 0.0, 1.6653345369377348e-14, 0.0, -1.1102230246251565e-14, 1.1102230246251565e-14, -5.551115123125783e-15, 0.0, -1.6653345369377348e-14, -1.6653345369377348e-14, 0.0, -5.551115123125783e-15, 1.1102230246251565e-14, 2.220446049250313e-14, 5.551115123125783e-15, -5.551115123125783e-15, 1.6653345369377348e-14, 22.046914425544955, 25.359892276568672, 4.859238805936798, -1.448689799511726, 22.959497105567152, 20.98732279424422, 3.3064464237619546, -0.00882043698156565, 2.5560111498101747, -0.5216024297126012, 9.088654325863459, 7.846041829331753, 1.1102230246251565e-14, 2.7755575615628914e-14, 0.0, 1.1102230246251565e-14, 0.0, 5.551115123125783e-15, 1.1102230246251565e-14, 0.0, 1.1102230246251565e-14, 0.0, 1.6653345369377348e-14, 1.6653345369377348e-14, -5.551115123125783e-15, 1.6653345369377348e-14, 1.1102230246251565e-14, 5.551115123125783e-15, 5.551115123125783e-15, 1.1102230246251565e-14, 5.551115123125783e-15, -5.551115123125783e-15, 1.1102230246251565e-14, -1.6653345369377348e-14, -1.1102230246251565e-14, 5.551115123125783e-15, 5.551115123125783e-15, 0.0, 1.6653345369377348e-14, 0.0, 1.1102230246251565e-14, 1.1102230246251565e-14, 6.267999705259321, 11.889571067280983, 4.226718685969843, 0.6381254810304426, 2.3388968381111113, 15.46091506735361, 6.896279655279585, -5.551115123125783e-15, 0.0, 0.0, 0.0, 0.0, 5.551115123125783e-15, -5.551115123125783e-15, -5.551115123125783e-15, 1.6653345369377348e-14, 0.0, 1.1102230246251565e-14, -1.1102230246251565e-14, 0.0, 0.0, 0.0, -1.1102230246251565e-14, -1.1102230246251565e-14, -2.220446049250313e-14, -1.1102230246251565e-14, 0.0, 0.0, 1.1102230246251565e-14, -1.6653345369377348e-14, 0.0, -5.551115123125783e-15, 2.220446049250313e-14, 0.0, 2.220446049250313e-14, 1.1102230246251565e-14, 5.551115123125783e-15, 0.0, -5.551115123125783e-15, 0.0, 15.45190902717384, 29.535779111800167, -3.5482933181552596, -1.2992096379200007, 0.47674887853474957, 0.27710011287996394, 0.21357803747076787, 0.6942551601617879, 0.9638500030835644, 1.3042610724975248, 1.303866052194536, 0.6367861373306596, 1.0766516251065923, -0.010325061717082917, 0.23554664429775585, -0.027103388145064855, 1.064146481801913, 0.4122218187704334, 1.2710539503136715, 6.259447718077581, 1.1269017657447762, 3.0321384906022786, 4.796854135645219, 2.729968009831339, 1.6231934318458343, 1.1967679344493263, 0.39335585272482376, 2.9453099296250684, 2.5042569368518457, -0.04817758660993832, 6.539196825610873, 0.6329752837771707, 2.844111597363508, -1.1185908285635549, -0.0772638249583224, 4.284601602123644, -0.8697864193857185, 11.209587819754006, 8.736084227879616, 0.05717312052343004, 0.5872697924269801, 2.161740204491082, 1.6266349936653057, 1.5018666384274013, 0.1561855810109023, -0.3464570526207922, -0.23910678542014807, 0.8153535259025944, 0.21025413936075665, 1.8596611052125809, 0.24291242555256076, 2.6296293393645556, 0.7585658172209264, 1.1300337592802236, 0.31744911259460196, 0.6739155828675791, -0.1017966306253868, 0.8171780776257833, -0.3748059611294252, 3.3238663374562094, 8.896664547600743, 2.2660573044259174, 5.551115123125783e-15, 2.7755575615628914e-14, -5.551115123125783e-15, 0.0, -2.220446049250313e-14, -1.1102230246251565e-14, -1.1102230246251565e-14, 5.551115123125783e-15, -1.1102230246251565e-14, 5.551115123125783e-15, 0.0, 0.0, 5.551115123125783e-15, -1.1102230246251565e-14, 1.1102230246251565e-14, 0.0, -5.551115123125783e-15, 2.220446049250313e-14, -1.1102230246251565e-14, 1.1102230246251565e-14, -1.6653345369377348e-14, -5.551115123125783e-15, -2.7755575615628914e-14, -1.6653345369377348e-14, -1.1102230246251565e-14, 0.0, -1.1102230246251565e-14, 2.220446049250313e-14, -1.1102230246251565e-14, 1.1102230246251565e-14, 0.0, 1.1102230246251565e-14, -1.1102230246251565e-14, 5.551115123125783e-15, -1.1102230246251565e-14, -5.551115123125783e-15, 0.0, -1.1102230246251565e-14, -3.3306690738754696e-14, -5.551115123125783e-15, -1.1102230246251565e-14, 5.551115123125783e-15, 0.0, 1.1102230246251565e-14, -1.1102230246251565e-14, 0.0, 0.0, -5.551115123125783e-15, 5.551115123125783e-15, -1.6653345369377348e-14, -5.551115123125783e-15, -1.1102230246251565e-14, 0.0, -1.1102230246251565e-14, 0.0, 0.0, 5.551115123125783e-15, 0.0, -5.551115123125783e-15, 8.213885106832905, 10.132397219778746, -0.8311698397027243, -0.043261760999286025, 3.7921129266406695, 7.21279820416953, 3.794804464093488, 0.18274673399218955, 1.8094003722014236, 1.3044566756007043, -0.5850049592394839, -0.12387524898821312, 0.5183240050203608, 1.4801803964666647, 0.7360260212448679, 0.17931989772313273, 2.7804642540581312, 4.4410985402094525, 0.5050073353521896, 3.8052726891680493, 4.464326599906656, -1.3930800064434834, -0.8235015185298948, 0.8675080211593809, 3.39400737483561, 1.567750831552246, -1.828461150165765, 0.12335636465263633, -1.2448522695289626, -0.2523114467177834, 0.16293938555045884, 26.541975394957518, 18.16906390190752, 0.0, 1.1102230246251565e-14, 1.1102230246251565e-14, 1.1102230246251565e-14, 5.551115123125783e-15, 0.0, 0.0, 0.0, -2.7755575615628914e-14, 2.220446049250313e-14, 0.0, 1.1102230246251565e-14, -1.1102230246251565e-14, 1.1102230246251565e-14, 1.1102230246251565e-14, -2.220446049250313e-14, 0.0, -5.551115123125783e-15, 5.551115123125783e-15, 12.415147522813541, 30.774949938246124, 11.60942215796166, 1.0016487779856789, -0.10546965222937388, -0.11590860089751231, -0.0707700654181167, -0.8528026681906624, 0.5632396643711957, 0.1274334770614587, 0.29307544155602727, -0.056936730417533, 0.02529049134233219, -1.024579646094594, 2.6432794153097916, 0.3219981111125776, 0.33985896067935073, 2.4444613878720247, 2.7165473856208564, 0.8818030479572485, 1.0924826546155941, 6.0891850574208775, 1.799303165012759, 11.998071782909108, 33.1829636738417, 13.95650844117013, 0.0, 0.0, 22.658754881757645, 25.977522524690528, -2.3133110267570203, 0.14965934376010637, 1.147994970559239, 4.178215314568206, 2.2990540364694425, -0.7827750005636744, 0.7857571302492943, 1.7712989181101193, 0.0120408126826419, 3.0965612802268083, 0.9442045054365167, 2.1841163615818573, 0.49798556575382236, 0.18174652183495255, -0.8700378194639597, -1.1970262031447874, 2.159223813605024, -0.03992368929635859, 7.603336954310748, 11.521706656366348, 24.991098952879767, 17.33125806553481, -2.220446049250313e-14, 5.551115123125783e-15, -1.1102230246251565e-14, 0.0, -2.220446049250313e-14, -1.1102230246251565e-14, 0.0, 0.0, 1.1102230246251565e-14, 1.1102230246251565e-14, -1.1102230246251565e-14, 1.6653345369377348e-14, 12.649247967310117, 23.011158115787467, 10.10759377369078, 1.8753135411085964, 2.16399738605719, 2.1632283747485417, 0.0333481357065466, 0.22256959838333046, -0.18871670053746925, 4.104872135555809, 6.5172554956042745, -1.1574851570479723, 0.2996460142655337, 2.02734379040254, 8.984633531586951, 1.7840105993471411, 0.5296015704419688, 0.3353851770351639, 1.3010320614888542, 9.280433934386792, 3.6210059146768003, 0.9059249529878457, 3.212646126372988, -0.8005369703204224, -0.40174056941657454, -0.01363829796690652, -1.9183567019031216, 1.8190210943881198, 1.6294552566512834, 1.3992957021717416, 3.693535062863873, 1.0637777340177763, 0.07319175132073497, 1.0583919368962142, -0.391145188299447, 3.846974814170153, 0.24695711323039404, -0.5063523982984179, 0.8330822951911614, -0.22814573985681363, -0.856040413227106, 3.6947050047855896, -0.6858520120034086, 5.827728165275516, 3.7214043121334157, -0.5379432864133378, 0.04577584487213926, -0.5744420690189713, 1.7381816086266895, 0.8204617548609576, 4.491276386779077, 5.342256107418962, 0.15322488095583253, 0.8853246373503509, 1.6114394515899448, 1.0403248637032902, 3.911324731396178, 7.270571084173412, 2.2340528073534642, 6.970857993367531, 1.1126980047521329, -4.522915546404647, 0.12936996725136396, -0.7151348326671609, 1.6533463754033164, 3.023070914625748, 0.6411233168654746, 1.181755003545419, 1.3936034673270115, 4.096627182201473, 0.6224249029228304, 0.607468757099241, -0.04221436851236149, -0.86581462081989, 2.888605588496546, 0.8839768193043369, 0.2597341752672264, 0.3790295624943951, 0.22736529921240844, 0.25169663129491937, 3.039567808765071, 0.21622858015604152, 1.6787521174367726, -0.44719599658236575, 0.11849382475946868, 2.208927231484779, 1.7008211500621542, 6.10479867555398, 0.6047764974110237, -0.4394759948529554, 2.5938007916901142, 2.1384470741357973, 0.7679995619257625, 0.7405218697150531, 5.013675353251756, 6.60196052112974, 0.8724720537898065, 3.1593066300249575, -0.22030555610592728, 2.049176181763414, 0.22443640995879832, -1.0222572786301498, -0.1815794619690223, 1.8207732741198015, -2.0392402605855295, 0.5569669319681907, 2.5323045492484653, 0.2254008348785419, 0.4085544093108524, 2.580001881427904, 0.40365892352684796, 3.8200262128697204, 26.694081316078638, 22.285254451929134, -1.1102230246251565e-14, 0.0, 5.551115123125783e-15, 1.1102230246251565e-14, 9.180238022707918, 19.380695733750727, 3.0834558256291302, 0.9197382499694129, 0.12997956783169684, 0.6021763357066447, 0.5877927053015242, 4.070549412957973, -1.3614840286093681, 2.448812045297757, 2.032797816016, 0.34238244392213346, -0.25812471644866264, 1.0345789567417114, 6.8099995449375115, 2.8294905524809906, 0.27512109412879227, -0.18276341416373043, -5.49337946054078, -0.15008522493604914, 0.9862846328809383, 0.9205631395880118, 2.608461455026031, 1.0835827088502583, 0.7685639233895927, 0.3430388364392911, -0.14260797011024806, 0.012679437816075279, -1.353372315678655, -0.8306924230654431, 1.2016573183719288, 0.2107434515389741, 0.19229576085461986, 0.5709008671197466, 0.22507729671207244, 3.030672314732101, 0.3135407190192723, 4.5706650403735125, 1.796084701805512, 0.40763161412934323, -0.5814250145477899, -0.5698102274746475, 0.7775830517690565, -1.1159881052703895, 2.03700324913126, 1.115511566768589, -0.22808224125822107, 1.3265216717855424, 0.7585209072602765, 1.5748223763130227, 3.2594134712711593, 2.380733730626332, 0.8620752459609662, 4.879239137981472, -0.022938977988587794, 0.33311451123728375, 2.3237905756294026, -0.25244439566239407, -1.7600168443959205, 3.1544359048745605, 2.253963286023577, 0.6447776973484451, 0.34559511046433045, 0.03580059495845944, 3.3690812348861527, 0.39370494731076633, 2.5421384960835667, 0.37145979812362384, 2.6866786898721102, 1.2631657039786433, 2.090050760320821, 1.0673596631847886, 0.9951182705767678, 1.7633209457865178, 1.2328064332447752, 0.6712871521742159, 5.195220240055505, 1.4342447261150255, 0.32823571524258455, 0.801484161244133, 1.48665178414484, 1.0035248721198116, -0.8900143303854975, -2.19887070223308, 1.1413399777475206, 1.0040546290145471, -1.2472713159002637, -2.133990959445441, -0.1378927626822133, -0.9150200150801311, -1.0008197674231951, 1.1628789011566596, 0.9199121386942011, 1.2319817498006387, -0.13357998535508386, 2.087165555721981, 0.4056719630647194, 2.9547465042429906, 3.9956816816778655, 0.1834915636765686, 1.9756108877604106, 2.000944962504832, 0.1900802571467466, 2.167128801376805, 8.853047579073234, 5.160620238485478, -2.7390480573427567, 5.449981306585983, 6.493701694940171, 0.4140213860795825, 0.40772594113008154, 0.8942438056203059, 0.8729610837291375, -0.35799090700106717, 7.295316953432575, 8.659194740093142, 0.14661540367569614, -0.8378793499950348, 0.5654693438086724, 6.502597328602462, 3.718854938328775, 0.6939035941201723, -0.006528205559050093, 1.1251651834392646, 0.29809415529229, 0.47668136951904216, 1.1610606028186226, 0.8032336037121013, 0.2581981755646723, 0.1798105360162765, -0.7515274993461389, 0.2725579942534182, 0.6951259896096644, 0.6754116616966144, 1.6697246462208568, 0.16518259743344288, -1.3057593447279032, 4.1045523676091875, 1.921649945399679, 0.27557382666537933, 0.6281737171153736, 1.440985880860012, 0.13687472708971882, 1.6280453185991632, 0.195602524139332, 0.3620700587001693, 0.44608499757646314, 1.6132840510683764, 0.3603793833369764, 1.1086187665418947, 2.9945481783865944, 2.013097382376941, 0.1850022487264198, 3.7231816399880984, 3.148810412508112, 0.47057313167300663, 0.6373062037857835, 3.1234200572736768, 1.1132420010465012, 3.6245421020458934, 0.8215163852537444, 4.924149064899552, -0.6725592763307304, 0.3249433113079476, 2.664825630495784, -2.753965100848461, -0.66734115677815, 0.27309955550850873, -2.689330996866204, -1.9117039533281286, -0.24061382519101926, 0.01807799771864893, 4.383999189148085, 7.910478595433744, 4.6480980188302965, 1.3071013120452335, 2.0049997259696966, 0.08262829435301455, 3.808791248234229, -1.2357489925810796, 2.356960416087645, 4.69516947121889, 0.024395113522928114, 3.4987063246181265, 4.601802870226663, 0.27571441960560605, 5.892976326920746, 9.864958945963508, 9.776825562985948, 11.637517651956507, 4.990666769123763, -2.220446049250313e-14, 5.551115123125783e-15, 0.0, 0.0, 0.0, 1.6653345369377348e-14, 22.406289510322168, 24.53670326174577, -2.1294950799382377, 0.8691814898509733, 0.28460201083987613, -0.15538904449874735, 2.696495837089458, 0.3729311804798954, -0.4196505591772848, -1.8803041310565618, 2.3148471456736956, 10.552293417653004, 26.34131579446617, 9.120584304576457, 5.551115123125783e-15, 5.551115123125783e-15, 1.1102230246251565e-14, -5.551115123125783e-15, -1.6653345369377348e-14, 0.0, -2.220446049250313e-14, 0.0, -5.551115123125783e-15, -1.1102230246251565e-14, -2.7755575615628914e-14, 0.0, -2.220446049250313e-14, -5.551115123125783e-15, 5.551115123125783e-15, 2.220446049250313e-14, 1.1102230246251565e-14, -1.1102230246251565e-14, -1.1102230246251565e-14, 5.551115123125783e-15, -5.551115123125783e-15, -1.1102230246251565e-14, 1.1102230246251565e-14, 0.0, 1.1102230246251565e-14, 1.6653345369377348e-14, -1.6653345369377348e-14, 5.551115123125783e-15, -1.1102230246251565e-14, 0.0, -5.551115123125783e-15, 22.2332434263335, 27.305831649663418, 0.685282884523474, -4.202654143123482, -4.357260918836005, 0.6548693782041255, -0.41172173886303653, 0.08780114370995307, 3.901650337190233, 0.4458720802347216, 3.3036588507877696, 8.07152624220663, 1.025355412830777, 4.28697270759551, 5.599778249211113, 1.062171869073154, 1.0462386688755032, 2.1575493898841387, 0.6887970874404914, 0.03650539641063233, 0.5885261052031296, 1.5872998050854221, -0.1132678442511974, 2.1909586998259556, 1.0039451191382227, 6.1199477767602275, 3.5579399484184933, 3.3115730718951113, 1.8757106092764957, 5.821158501900356, 37.25671040035181, 22.698765587790348, 1.1102230246251565e-14, 5.551115123125783e-15, 1.1102230246251565e-14, 1.6653345369377348e-14, 0.0, 1.1102230246251565e-14, -5.551115123125783e-15, 0.0, -5.551115123125783e-15, -2.220446049250313e-14, -2.220446049250313e-14, -1.1102230246251565e-14, 0.0, 1.1102230246251565e-14, -5.551115123125783e-15, 5.551115123125783e-15, -5.551115123125783e-15, -5.551115123125783e-15, 0.0, 0.0, 1.1102230246251565e-14, -1.1102230246251565e-14, 1.1102230246251565e-14, 1.2679597687088702, 14.154829018666575, 15.927295414872333, 6.8601785017137615, 1.0271903858225642, 2.7931664005977836, 4.357571587336622, 0.7558055080255883, 0.2924976673882611, -0.6335775618376545, -0.10605768412173688, -0.6980342426761865, -0.7017183112232317, -0.282745954146435, 2.5056204122440704, 0.9721788550920678, -2.0357905165611783, 2.340373383472638, 0.4767942836030272, 1.2380260267501626, 0.17520786264404364, 1.745804335505568, 2.3092009373375504, 0.5183449754847516, 2.6494531691845964, 2.372431821966501, 0.19457998831819623, 1.2645267214065257, 1.282446434748067, 5.429037368555839, 0.08684492755537576, 8.74495015830729, 4.652854428056116, -0.4236716666725613, 0.11675667122742084, 0.4032089174258999, -0.28532068929450816, 0.48182182330958767, 0.7440020250868145, 0.7596200290833508, 1.2037106435204805, 1.907592534258697, 1.7592082074901327, 3.877561268980571, -1.7189734764302216, 6.863172650956244, 2.9626046941339723, 1.7697863225936317, 1.9973553285295225, 0.645349831184717, 0.6923515406488718, 1.0195874112033039, 0.547844939819754, 0.27639345653904, 0.5138623196862113, 1.191348211718548, 2.0671612216856374, 0.46215164876053905, 1.661711708070385, 1.7456113249436385, 3.650535170487842, 0.40439230501215206, 3.362845431742869, 0.10137689843281805, -2.1318759610356324, 0.8635710842764297, -0.4640789509975889, 7.814724373415515, 1.1986768177029035, 1.540238231155854, 2.6697505107195525, 1.5681924261456288, 2.309493464551224, 0.05795364255857294, -0.36670808030930857, 26.22977151497011, 22.447959513915265, 0.14288273952209352, 1.7199826426889047, 1.3916441814753142, 0.7093045655658585, 0.3754419702465128, 1.1355506075322808, 0.7094476703345549, 1.0583605665808307, 0.5899163215474914, 5.378803253455686, 4.096621457232146, 1.3760023169744215, 1.1657684340495678, -0.042004397300502205, -0.4948660929472908, -1.046706264487284, 1.3158490514883852, 0.24901512708788687, 0.9934669844928408, 1.3792496627944502, -2.22455432425312, 1.4018721108446357, -0.8092347418794645, 3.2638562140670615, 1.58250202927087, 0.6682715942061179, -0.10823689757160082, 2.1140487391330964, 2.3430097145310924, -0.3154930502196862, 1.1069867541269218, 0.5150230433099807, 3.307557794109499, 0.6837983099134703, 0.34657901266535873, 0.7384871660699446, 0.9019169577480284, 0.09193747013705433, -1.2148365527746705, 1.3951631956688288, 2.7050225585008434, -0.019286138843824574, 1.3062507020051157, 4.433339329700175, 2.675733904934333, -0.27604238817670534, 1.3829690795808744, -0.5355864832943951, -0.3501478968403262, 2.4856411319381664, 2.5429385300312504, 0.6415380259942651, -0.019969868897135257, 0.09757455080722366, 1.928379439634, 0.2873190850580727, 2.502643814680198, -1.036452274186729, 0.34048729594485394, -0.06951081621764388, 0.7478317399232992, 0.060648527588682555, 1.838539880254757, -2.008713494910694, -0.7527386597483599, 0.5705635842218726, 1.0943924007790997, 1.934447181614928, -1.0132102643268581, -0.3203905965041258, 1.5140632337129318, 1.109501397217798, 1.0626614796709077, 1.243107638582103, 0.6537618788883606, 1.623484265587308, 2.2038480761289065, 0.7883394220531841, 1.150151625913395, 7.203511650601342, 5.965098393096696, 0.7630474804094547, 1.7444758519937977, 1.057392319261453, 0.477965209916249, -0.6739114865529245, 0.09650483139716926, 0.06327780382628134, 0.0763084721688756, 0.4133055988634169, 1.0784505887859268, -0.05350063662638149, 0.009541733378057415, 1.8086118917360068, 3.3334300515086284, -0.4283791018355032, 2.878158159425311, 1.2521706827244543, 0.9298504507120242, 2.2845869846664186, 1.5403183860754552, 1.224217688231704, 7.355307493122552, -0.15964335862406642, 3.4548778687697848, 1.0969760817467318, -0.8859719461448776, 2.1695603766827958, 1.016506970508658, 0.809565911369333, 2.454976794048264, 3.392133633526953, 4.187268242489154, -0.33491681610411206, 2.268582430244521, 3.0150594587829005, 1.4545718161192553, 0.8887267991509589, 0.15692979452711597, 0.6730117439236665, 3.5097070261762155, 4.284159850114065, -0.4442630461704198, 2.9254422139925396, 0.48518532946974346, 0.664606610449539, -0.10986111053057357, 0.8665238552361529, 0.7098560870842903, -0.2833536259731204, 0.9806875470946466, 3.1777150072756513, -0.9861984969439845, 1.510253913241229, -0.481791795635786, 0.18811996804117825, 1.8147133525064305, 4.2165550408964805, 1.6017991235063391, 1.0234393191862523, 1.8514392242852864, 4.447763410473556, 1.754053073789521, 0.776728041647857, 3.233247951861699, 4.147271184187957, 0.3421277198611392, 3.187691523685203, 3.7961330070101553, 1.1726700819894518, -0.4567183745735406, 1.5316357694613316, 0.8052341877238973, 7.071166286151026, 3.4373973155306317, 0.39106573519779886, 2.2399511324669277, 6.9506824403653695, 6.924391491206109, 0.8446891831280823, -0.8787090556593853, 0.8862223730633332, 3.7297101496472465, 2.3188378466700215, 0.7358633456719303, 0.23828148206490596, 1.5901964411767722, 1.9648753263161325, 1.533661907944179, 3.308617391835128, 6.264170055806403, 4.155767393929125, 2.5232365010793956, 1.593871268116402, 0.4247036470059129, 0.5866258569362799, 4.057845841726532, 1.7352429782472427, 3.148089222124952, 4.701245189099552, 4.794947983861476, -0.6217826348143376, 4.589356606659436, 0.3328382471903524, 0.5567422780762286, -0.15880648436171896, 1.066748199647293, -1.1543285262447398, -0.8202059070316636, 2.189768061791767, 0.24456682727009138, 0.4736574259772226, 0.711915051993401, 1.4724415582056736, 1.788491598362782, 0.5680891095030915, 2.5332533882158543, 0.5272300702300754, 1.5653575225705367, 3.5746001516222634, -0.9013248876250657, 1.1118392916881135, 3.849042431752764, 1.2324259255557308, -0.35645475509949165, 0.4667903915943157, 1.0025666649413552, 3.8493693089439773, 8.911284485870624, 2.059386659709787, 4.397983763591753, 1.1195289983292582, 2.496532515754552, 2.6632943575972376, 8.801359902036381, 1.251933459101508, 0.7692179756592168, 1.9688426663408904, 0.6468961943778027, 0.3984689660733238, 0.24949198129019123, 3.7439643049264646, 4.479213325946944, 6.4181795984280825, -0.0866269207087953, 8.176673305060376, 7.87222666601798, 5.538837127337047, 0.8201763504719679, 0.7016930103405343, 2.010646467180038, 2.5844659226165163, 0.28649848737683214, 2.003236992767711, 1.5213083211536969, -0.40696072928585636, -0.18162606366064438, -1.8038861670640927, 2.013995903960108, 2.074732280442049, 1.402047859727901, 0.3116299561324922, -0.2391258784474246, 0.4751767013714243, 0.8437026743184219, 1.1691085726708934, 1.1091852071307926, 1.9305510915115747, 0.9405435649650258, 0.05104255327142937, 0.8429107599114332, -0.2003706016867568, 1.8568887869172954, -0.27407668851699896, 2.3886150841486256, 0.8124254068867742, -0.28401112510107396, 0.018360291689077712, -1.9322009105115683, 2.1228971491802895, -0.30744169195816085, 5.797217382614718, 0.7979513896023889, 1.4953590715084601, 1.4892512659433237, 0.175510386422161, -0.6725220309814688, 2.8804049334844706, -0.3652646167202249, 0.5924056665545834, 0.22467016360039338, 0.2294674187326109, 1.6512864243877914, 2.4655933014059883, 5.287475942053334, 2.664232080425336, 22.174902348444476, 21.026735122359185, 2.3287910845724973, 0.0, -5.551115123125783e-15, -1.1102230246251565e-14, 1.1102230246251565e-14, -5.551115123125783e-15, 0.0, 0.0, 0.0, 5.551115123125783e-15, 0.0, 5.551115123125783e-15, -1.1102230246251565e-14, 0.0, 0.0, -5.551115123125783e-15, 0.0, -1.1102230246251565e-14, -1.1102230246251565e-14, 0.0, 0.0, 0.0, 0.0, 0.0, 5.551115123125783e-15, 1.6653345369377348e-14, 0.0, 5.551115123125783e-15, -5.551115123125783e-15, -1.1102230246251565e-14, 0.0, -1.1102230246251565e-14, 1.1102230246251565e-14, 4.8788892398071475, 19.721323712225455, 10.025358372266197, -0.8191147161598451, -0.17457458940367587, -0.10714249377338092, 0.5082971865555237, -1.1803746168426414, -2.9274623489879446, 0.3657202810217086, -0.5239914614700751, 2.3263288267320092, 0.9614043642226875, 0.08073745611477534, 1.291567829479618, 3.273097036989327, -0.6169150811116424, 0.7302119874497066, 2.0239699000071596, 1.8148906351238168, -0.487200145133869, 3.0887901482387576, 0.07803019795574073, -1.2017828504256727, 0.04444664727105874, 1.3511617692167306, 1.6322411471078908, 1.554009604644392, 0.12417512082936355, 0.2877782157007118, 3.268394241590954, 0.2732987143586456, 0.5534211718625102, 0.9677869962922614, 1.5611386779630152, 0.4575730498138739, 2.61485269837209, 2.6240521184872136, -0.10002848510714557, 0.004842494609306414, 2.3353367254424597, -0.45435987267558176, 1.8218339674872936, 0.7813252939398012, 1.0640732634948336, 5.388167394738616, 0.24749799601332256, 3.9714180148505136, 1.9443178441692908, 0.7462027888464036, 1.2879725377114823, 1.1981570182153405, -0.041481058171257246, -0.060833090936682765, 0.47187583842980985, 1.336932130621335, -2.106002402502668, 0.6731164682589679, 0.5303426037679628, -0.10950593468533043, -2.816620383899533, 1.4068737245320335, 0.41454242061649893, -0.054121693004105964, 0.990959769195797, 2.100878576668265, 3.3644845350266905, 21.377230421079275, 28.183500883395823, 0.3295530987039115, 0.8385046532246179, 1.4570654186603917, 0.13526842658829707, 0.07587045575582607, 6.085464038808858, 5.624933970303683, -5.551115123125783e-15, 0.0, -5.551115123125783e-15, -5.551115123125783e-15, -1.1102230246251565e-14, 0.0, -1.1102230246251565e-14, 5.551115123125783e-15, -5.551115123125783e-15, 1.6653345369377348e-14, 1.1102230246251565e-14, -1.1102230246251565e-14, -1.1102230246251565e-14, 2.220446049250313e-14, 5.551115123125783e-15, 1.6653345369377348e-14, 0.0, 0.0, 0.0, 0.0, -5.551115123125783e-15, 0.0, 0.0, 1.6653345369377348e-14, -1.1102230246251565e-14, 0.0, -5.551115123125783e-15, 1.1102230246251565e-14, 0.0, 1.6653345369377348e-14, 1.1102230246251565e-14, -1.1102230246251565e-14, 0.0, 0.0, -5.551115123125783e-15, -1.1102230246251565e-14, 0.0, 1.1102230246251565e-14, 5.551115123125783e-15, 1.1102230246251565e-14, 1.6653345369377348e-14, -5.551115123125783e-15, 0.0, 5.551115123125783e-15, 2.220446049250313e-14, 1.1102230246251565e-14, -1.1102230246251565e-14, 0.0, -5.551115123125783e-15, 5.551115123125783e-15, -1.6653345369377348e-14, 1.6653345369377348e-14, -5.551115123125783e-15, 1.6653345369377348e-14, 5.551115123125783e-15, 0.0, 5.551115123125783e-15, 11.77808769940657, 13.549986047708003, 3.052761479946099, 3.4235553610414513, -1.3668625545660404, 0.8494207123706019, -1.179956534026985, -0.6132710369647612, -0.8294709543530132, 0.5530151253753104, 1.1310095786722343, 0.07778477789966587, 0.8642373460932902, 1.0285497280760865, 0.9157297492364194, 2.840232443171004, -0.4645586069715364, 1.320437486775802, -0.9626459927974054, -0.4857456877188042, -0.5643434532878473, -0.7681439366932921, 0.9560398830114991, 4.993737801137655, -0.8122889736733896, 1.7650844085447943, 0.622784276337427, 0.7160970766495325, 1.4415063458887971, -2.645179952253386, 3.3097716453995076, 3.2612320121739913, 0.9272544127286722, 1.614645666704547, 0.009762040503943581, -0.01089033108047488, 0.9873732602312657, 2.567865261059012, 0.12882984753150595, 1.2766582528926165, 1.3395589184803498, 0.06578290345748883, 2.904281863706501, 4.159580195151193, 0.40566538030554966, 0.13485317135814512, -1.2923107506010751, 6.840764944260911, 2.7010320431185733, 1.649563553582226, 0.14681387836276372, -0.17322306680642896, 0.33896787913005255, -0.9271240225442625, -0.36535644298612624, 2.7207961361766024, 2.5378775114048153, -0.47782370548088693, 6.085521140992114, 3.091975275246739, 2.2254751102585146, 1.0019622671459558, 3.104317915410661, -0.13738050180722894, 0.41374777831310894, 1.0866866295365014, 0.5220474512165652, 0.6240641105385976, -0.18574675359684534, 1.594164353696101, 2.920860887419707, -0.06353733244651494, 2.0948320536208485, 0.2259513621786482, -0.47028013153936854, 0.06569919581369277, 2.5838643224751934, 2.372931671920867, 0.405156405614548, 2.6065854051547603, 3.4426667632064323, 0.6319490201903477, 2.2755812365815586, 0.335795085152256, -0.6323221978456104, 1.8455113213830145, -0.11557699682987277, 1.5354699832163305, 0.006074905619470883, 4.900499794817108, 2.698703079054326, 3.146819023967396, 5.4971731425996495, -0.7079554339992455, 4.746039443296922, 0.30653529542226465, 1.4326411550696037, 1.189059477258695, 0.7120730068962757, 2.1107141910966902, 1.2891949906560853, 6.0956337954456785, -0.40671547790475415, 1.709949174028452, 1.6569052986158113, -0.9100111176640553, 30.648598428207237, 37.022614805333376, 0.0, 2.7755575615628914e-14, 5.551115123125783e-15, 1.1102230246251565e-14, 5.551115123125783e-15, -1.1102230246251565e-14, 0.0, -5.551115123125783e-15, 5.551115123125783e-15, 0.0, 1.1102230246251565e-14, -1.6653345369377348e-14, -5.551115123125783e-15, 0.0, 0.0, 0.0, 5.551115123125783e-15, -5.551115123125783e-15, 5.551115123125783e-15, 1.1102230246251565e-14, -1.1102230246251565e-14, 0.0, -2.220446049250313e-14, -1.1102230246251565e-14, 0.0, 5.551115123125783e-15, 1.1102230246251565e-14, 1.1102230246251565e-14, 0.0, 5.551115123125783e-15, 0.0, 5.551115123125783e-15, 5.551115123125783e-15, 0.0, -5.551115123125783e-15, 5.551115123125783e-15, 1.2630780929146859, 15.52300846213285, 18.428250641803572, 0.7444591216579397, 4.90457667881202, 1.5830464444747747, -0.14382046293029305, 0.11691146942033015, 2.1896895323840795, 1.6393578967253575, 0.279810258406485, 1.848296011652792, -1.2753532695160743, -0.6868933095909711, 0.6638366036878551, 0.003232749087544562, 1.2076837505866251, 0.9574913809747159, 1.7598975612117442, 2.026808714867684, 0.8196106703782675, 0.6127292675057276, 0.595527992967817, -1.2106507847731791, -0.6297100218669129, 16.01876520336546, 12.742845381794325, -1.6653345369377348e-14, 5.551115123125783e-15, -2.220446049250313e-14, -1.1102230246251565e-14, 5.551115123125783e-15, 12.377699130413696, 16.548922762020965, 1.7232187404246986, 1.5414560224823504, 4.9649974452207175, 0.98907272621733, 1.9802000860358362, 2.139871399941171, 1.7517524433644667, 0.057896043235558636, 0.05301033851023362, 1.8478758367397177, 1.1087924478201785, 0.8959458732189773, -2.176185385994188, -0.5384932102012954, 0.5026079658025537, 0.3603545176104035, 1.807604271663081, -0.8919746669390065, 23.651891004295635, 20.162968908691965, 3.361063519897158, 14.632208404247976, 11.727256701849086, 1.0313159332134205, 2.825936014155957, 3.7495658602456103, 2.1106108175936527, 1.6221140929034448, 3.7109365220112522, 1.830959050657384, 1.0419623280058659, 3.495890407680065, 1.6251732141782043, 1.0310828175386746, 0.8682697455925563, 2.6768972009600986, 0.19597415836494747, 2.830546265931787, 3.568480641315915, 0.8229317058186325, 1.2244073065490113, 1.6839355843356145, 0.3151343477288151, 0.8615796595042298, 4.026445660551843, -1.0969423441084984, 1.3739129294989425, -1.334028638021806, 0.4714451672909945, -0.4619258076430697, 4.9131024252956195, 1.3217970596361113, 2.1975139726182817, 1.2706945981797162, 0.9878591004118675, 0.7278146693041663, -0.8622756687934157, 2.0539407185583514, 4.656277708731409, 0.47075507376814585, 1.9084652015526444, 1.2830338052332877, 2.340369680584047, 0.09118880311427802, 1.2386359280417878, 0.15412009880731148, 0.7648443014160762, 2.5784789048954053, 2.1620316894284883, 2.295736870956091, -0.3621103925395346, -0.7725361065405423, 0.1385162822614916, -0.19856480206311744, 3.8598936748024926, 1.0218023960936193, 0.47007107700795814, 2.4424749647401995, 1.9078341325637211, 0.8226953226199498, 0.4682772574994942, -0.27042634535254706, 29.6128070558901, 27.896337463440346, 1.1102230246251565e-14, 0.0, 0.0, 1.1102230246251565e-14, 0.0, 0.0, -1.1102230246251565e-14, -3.3306690738754696e-14, -1.1102230246251565e-14, -5.551115123125783e-15, -1.6653345369377348e-14, -5.551115123125783e-15, 0.0, -1.1102230246251565e-14, 5.551115123125783e-15, -1.1102230246251565e-14, 0.0, 5.551115123125783e-15, -1.1102230246251565e-14, 0.0, 5.551115123125783e-15, -5.551115123125783e-15, 5.551115123125783e-15, 0.0, -1.6653345369377348e-14, 1.6653345369377348e-14, 0.0, 5.551115123125783e-15, 5.551115123125783e-15, 17.207249625472528, 21.23953157735444, -0.7464940054693159, 0.989126765998293, -0.7823444769507546, 2.0635661487747257, 0.9187498801682068, -5.309060639261816, -2.6557577915915545, -0.014081417725094525, -0.11612643653074883, 2.499145345331783, 3.512303551105134, 0.22576043239973842, 1.5428932472589736, -0.15926876991935046, 0.6887088392065834, -0.0481877696068409, 0.4436109817963825, -3.764085230925616, -1.0211748928030602, 0.11531776115950265, -0.18285825978745152, -0.08976787582111001, 1.0477881503155402, 1.9837179634143354, 1.2353683711761505, 0.8515261123131381, 7.607121501882347, 18.66110595291721, 11.316855306672949, 5.551115123125783e-15, -5.551115123125783e-15, 5.551115123125783e-15, 1.6653345369377348e-14, 15.216279956041447, 15.942127977807417, 0.5381326507598487, 1.0705884078386134, 1.4449210311121305, 0.13781842268497257, 2.5300205248296095, 1.8773001682621668, 0.007555918707765841, 2.109795163322019, 4.233942455747922, 7.937416822562739, 0.1572196540726054, 8.835341670686319, 6.926328820499748, 4.1354411195706575, 2.992743750186392, 0.01585742991463235, 0.38544918250053684, 5.028345519754964, 12.318014549300386, 6.160415366497432, 1.6311755897617672, 2.907453150362244, 1.5021265885754644, 3.922439631421611, 3.1824033639215656, 2.949393012732571, -0.7404664956672491, 1.2061660181030334, 1.7837087502575173, 5.5260312368098425, 2.811559013294925, 1.2736739947584397, 2.4630041075565146, -0.5106406504775691, 0.09298456196532356, -0.23172579567665252, 2.5691494521103095, 0.060686144048986534, 2.249968306811155, 0.9589759617472566, -0.2757980488136127, 1.359458383957957, 0.5884550203176104, -0.501438063233735, 0.6797152160270912, 0.560317244437357, 1.2594222303956144, 0.3835196208787295, -0.13738602841434044, -1.0010059027455043, 0.22894160883032555, 1.1350148753189444, 1.7403077572893721, 0.3506806898838022, 1.3716994189871912, 2.061080149823539, 0.241440477962243, 0.831116620602188, 2.6574072136692735, 0.033755651433523326, 1.9392353002965024, 0.9917652189940327, 1.1865486764786795, 0.788531895150669, 0.3070722209308485, 3.5870149992341, 2.9811513692308154, 1.4489587440211267, 7.722959556051592, 5.030440240015253, 6.5227052264531835, 0.1575545128835074, 2.815072091722527, 1.833056104996615, 2.6235877756636796, 0.6540007909104588, 3.046283034748228, 2.1836357987446604, 1.0741173294212842, -0.062426190321872355, 0.03112312282408425, 5.8388290311482365, 2.8218282072477336, 1.0111120383354546, 4.201511381753505, 0.8149495702234617, 0.5080730438120327, -0.18489830159148823, 0.6991603805175828, -0.8723896164229359, 3.0671925517444265, -1.3163094569235625, 2.0937419709291873, 0.6773851199335184, 1.3702384214123526, -0.11663629079254179, 0.19283988089128457, 0.9478182165735518, 1.6304083692204188, 1.2408897272107708, 2.281702586588267, 0.0705227820799621, 2.8034763407466983, 1.4129631247904797, -0.40964093514912747, 2.4295683547736076, 0.9193099674617429, 1.2825853592627254, 1.143112230125837, -0.3160293833111041, 0.18207457976080832, -0.5319480357218822, 0.29047727604489637, 1.7310303469668042, 0.5293281139600765, 0.6482936038148068, 0.14716124786087903, 0.3928325922032059, -0.550343096122532, 0.378264557699282, -0.5878307931419045, 22.233740237859124, 17.058338750551854, 1.1102230246251565e-14, 0.0, 0.0, -5.551115123125783e-15, 5.551115123125783e-15, -1.6653345369377348e-14, 5.551115123125783e-15, 0.0, 5.551115123125783e-15, 1.1102230246251565e-14, 5.551115123125783e-15, 5.551115123125783e-15, 5.551115123125783e-15, 0.0, -5.551115123125783e-15, -5.551115123125783e-15, -5.551115123125783e-15, 0.0, -5.551115123125783e-15, 1.1102230246251565e-14, -1.1102230246251565e-14, 1.1102230246251565e-14, 1.1102230246251565e-14, 5.551115123125783e-15, 0.0, 1.1102230246251565e-14, -1.1102230246251565e-14, 0.0, -1.1102230246251565e-14, 0.0, 0.0, -5.551115123125783e-15, 0.0, -1.1102230246251565e-14, -5.551115123125783e-15, -1.1102230246251565e-14, 0.0, -5.551115123125783e-15, -5.551115123125783e-15, -5.551115123125783e-15, 0.0, -1.1102230246251565e-14, -1.1102230246251565e-14, 0.0, 5.551115123125783e-15, 21.861501671662253, 23.42929878390376, 1.3085258815012821, 3.9635782408647913, 0.15942221756012032, 1.9640590485558391, 0.7901897633641397, 3.04024215029051, 0.9869870381064629, -0.6291014578923182, 0.6996422264875264, 2.759886059378232, 2.4442414917001543, 1.6625727246202757, 6.409536116341826, -0.0470482531548555, 3.3371134008660874, -2.999157641383647, -0.40317536029192524, -1.1286185340787824, -0.7917946288615099, 0.023972417385778044, -1.4860518784187207, -0.29638402960023313, 0.09076976117620461, 0.08123183001720236, 1.8187917538029126, 0.6433960659119862, 0.8092149741107733, 0.0655338489163455, 0.41636623629676706, -0.17400092711795878, 1.1621600904776983, -0.4264080315404044, 0.09189243424975757, 0.20554464103759074, 0.386778897949398, 0.06146915105523476, 0.38886423146766447, -0.42011234446732715, 1.5128066326712997, 3.999362990999316, 0.8961418520084408, 2.5535938080751066, 4.138133399821015, 0.7125069601050313, 0.014657340069675229, 0.0099897643339375, 4.886309141320623, 6.313951741679716, 0.17727312647531335, 0.6140567180121934, 6.180119011891918, 2.4796023289645746, 0.5955266059737596, 2.0962428184018336, 0.2563570056804565, 2.3179310718898023, -0.5926225826600557, 3.5952026354042914, 1.1897231091362528, 0.44144760032224895, -0.07298350385951835, -0.24077249153469893, 1.9752169943181457, -0.014287865021287871, 1.7363804873206163, 0.17607345221159676, 0.9106388743343814, 2.3178496993786837, 1.2186220489215032, 5.3103231953624, 4.148590752760896, 1.9206112832694373, 2.0742256868061872, -0.0789592970483568, 0.5530313249436176, -0.6113262896072058, 1.2078735241809682, -0.08663277051374507, -0.6960924248535605, 0.19793357103003473, 0.23334118285055183, -0.08125119978106454, 2.171177174171902, 0.26680955533126394, 0.4338418838232485, -1.8877639226275278, -0.09981072736042051, -0.27678545110507, -2.8452751587775538, 0.28702851045400735, -0.729070205166721, 1.3313386071974662, 0.7282393216322305, 2.604745617892007, 1.3017962477005085, 0.9654552506054301, 0.5747144965515645, -0.7393912521129664, 0.5876951272606448, 0.31754681516940764, -0.170988069909896, 0.7348927101459708, 3.1299025807170437, 5.224878392389002, 0.3957839141554018, 1.1580064565221733, -0.6160668449168156, 4.332159580007897, -0.01681562884115806, 1.71232385997493, 0.44125622774504336, 1.3778952456903824, 0.32455156044008504, 0.890655174122486, -0.09131954720291446, -0.8911714869347236, 0.38838484644085725, -0.8314959065952223, -0.5306494666683648, 1.566236152171598, 2.124000697972633, -1.163249121547608, 1.9413039629091031, -0.1432535569773563, 5.512152760780907, -0.1512471813122147, 0.6043975338182008, 0.17123342516919138, -0.35868219928426015, -0.586652357134767, 0.7536647623132922, -1.4302832013594298, 0.025860594258233505, -0.6374275140184977, -1.3137378701871967, 0.2558517258325992, 0.8946229567631008, -0.8003333844468443, 0.22757366297940962, 0.5047948050595892, 1.6505003719423144, 0.33588210116641903, 7.379701939796405, 7.901741990467315, 1.5517734273590236, 2.529395508304532, 0.8712577942319513, -0.41053402671235517, 0.49770686582701273, 3.113603188080276, -0.37550738913472514, 3.627851340565144, 1.3328092020529994, 0.2068353591429286, 3.426769346708852, 2.869501236439106, 1.3826552140858723, 5.181079698567572, 2.311269356392927, 0.8425531545481988, 1.949457598254611, 0.5942381882851748, 0.1842194929211871, 0.5322048918677069, -2.657335451200453, 0.5672079343025871, -0.09911184966888698, 4.058190685162145, -0.014399020325214451, 11.492196602827448, 6.013192663823929, 2.0415964598541336, -1.4349549131966342, -1.020733661633244, 1.7928831475349511, -0.2717795183203293, 1.229120907449385, 1.1498242689183371, 1.1619070077646256, 2.572191918510441, 0.3429519540239312, 0.43838599750006324, 1.3230437606626992, -0.06306317688836316, 1.0205042304257859, 1.086806719892877, 0.378799304361479, 21.89031836873093, 26.580979592661137, 0.0, 0.0, 1.1102230246251565e-14, -5.551115123125783e-15, -5.551115123125783e-15, 0.0, -5.551115123125783e-15, 5.551115123125783e-15, -5.551115123125783e-15, 5.551115123125783e-15, 1.1102230246251565e-14, 5.551115123125783e-15, 5.551115123125783e-15, 22.377635539039417, 32.90627285705179, 3.1992241991181913, 3.5638973502548765, 4.743690072918639, 0.4865783687325518, 0.1714792810697645, -0.08750836034479903, 2.1834236534380977, 1.268766531818585, 0.44412815445420506, 0.11450878440729184, 0.6911127938174673, 1.6189871860194671, 2.2338412424055036, 1.2545832663443548, -0.22611067858576916, -0.4249326668021922, 1.1120061637606113, -0.9147846482723025, 2.15963747719735, 3.535951893027516, 0.6154033887355013, 1.4147756199416222, 2.7489911214461813, 3.8145424468520446, -0.16586866238918674, 1.0546356879566474, -1.0221878243337414, -0.38245154258419234, 0.8675388356658686, 4.488949045492404, 20.53134094788463, 15.895923317910402, 0.0, -1.1102230246251565e-14, 1.1102230246251565e-14, -1.1102230246251565e-14, -5.551115123125783e-15, -5.551115123125783e-15, -5.551115123125783e-15, -5.551115123125783e-15, 0.0, 0.0, 0.0, 5.551115123125783e-15, -1.1102230246251565e-14, 5.551115123125783e-15, -5.551115123125783e-15, -5.551115123125783e-15, -5.551115123125783e-15, 1.1102230246251565e-14, -1.1102230246251565e-14, -5.551115123125783e-15, -5.551115123125783e-15, -1.1102230246251565e-14, -1.6653345369377348e-14, -5.551115123125783e-15, -5.551115123125783e-15, -1.1102230246251565e-14, -2.220446049250313e-14, -5.551115123125783e-15, 5.551115123125783e-15, -5.551115123125783e-15, 0.0, 16.551382803412636, 23.707291277776505, 1.1824313932139603, 0.3818059813139598, 0.9045285466787618, -0.30812491228260797, 0.4857980592501576, 1.4937672090680394, 0.6432825422805308, 0.11558321124107351, 0.29309432170123273, 0.2687944562172788, 0.08628310609412893, -2.182193337296468, 21.231745187113262, 19.63865080140178, 5.551115123125783e-15, 5.551115123125783e-15, 0.0, 0.0, 0.0, 1.1102230246251565e-14, 0.0, 13.85249819312632, 20.227415250990845, 3.7382928535646442, 1.3158344372910165, 0.6262500441310408, 0.5427627271384949, -0.017721003407586977, 1.7913638206213136, 2.1982670307366448, -0.07910610640578852, 0.6687076958451144, -0.40455072920843804, 0.7718464888452274, 2.196915208977913, -1.9970757081356965, 0.6786436151166129, 2.3515396151769608, 0.06930313732371474, 1.2479900921535148, 3.139366832591861, 0.5733114456483008, 1.5447590113416823, 1.3592414540628397, 1.6682737404005366, -0.03685089035178635, 2.0061412169463324, 0.5950161843539945, 0.7478690933104417, 1.4009797222412317, 1.9393567931712141, 0.6151084509870088, 5.431552131986024, 26.13219504459292, 10.914089251181963, -5.551115123125783e-15, -5.551115123125783e-15, 0.0, -5.551115123125783e-15, 5.551115123125783e-15, 0.0, -1.1102230246251565e-14, 5.551115123125783e-15, 0.0, 5.551115123125783e-15, -5.551115123125783e-15, 1.1102230246251565e-14, -5.551115123125783e-15, -1.1102230246251565e-14, 1.6653345369377348e-14, 5.551115123125783e-15, 5.551115123125783e-15, 0.0, 5.551115123125783e-15, 5.551115123125783e-15, 7.694169966396203, 16.318612035972208, 2.165697119163582, 1.7774386498973342, -0.6492733374728346, 1.1496587470288944, -0.19165867170454476, 3.51450321044976, 12.646025593626902, 4.397353276551858, 1.1102230246251565e-14, -5.551115123125783e-15, -5.551115123125783e-15, 0.0, -5.551115123125783e-15, -1.6653345369377348e-14, -5.551115123125783e-15, -1.1102230246251565e-14, 0.0, 5.551115123125783e-15, -5.551115123125783e-15, -5.551115123125783e-15, 1.6653345369377348e-14, 5.551115123125783e-15, 0.0, -5.551115123125783e-15, -5.551115123125783e-15, -1.1102230246251565e-14, -1.6653345369377348e-14, 0.0, -1.1102230246251565e-14, 1.1102230246251565e-14, -5.551115123125783e-15, 0.0, 1.1102230246251565e-14, -1.6653345369377348e-14, 1.6653345369377348e-14, -5.551115123125783e-15, 1.6653345369377348e-14, 1.1102230246251565e-14, 0.0, 0.0, 1.1102230246251565e-14, -1.1102230246251565e-14, 0.0, -5.551115123125783e-15, 5.551115123125783e-15, -5.551115123125783e-15, 10.771790863054761, 20.510267809944338, 4.298759405907759, -0.1976942823545187, -0.9667482584998197, 0.4907031308773071, 0.9168717426167063, 1.1497986044387858, 1.934400540737272, 0.31748860913211274, -0.004848725813161536, 2.4338888890252974, 6.3328598792001, 4.129828639845812, 0.33565302147775355, 10.768032613259663, 8.255470163755717, 1.9241756297469976, 1.3313062168475938, 1.4198257005950268, 3.439910510640459, 2.4784907912414837, 0.3876017044463538, 4.972785327548479, 1.2365285205424925, 0.19395245815087492, 0.6109644387651656, 0.8956313991709521, -0.3927747258399563, 5.970997677874493, 4.323765701672556, 1.987186287645244, 3.5031864826231356, 1.0715075682141162, 1.9204406484699348, 1.1714964881186631, 1.844524374861038, 2.1790339331880944, 1.4169136493338783, 2.2577337898032397, 2.510583567114111, 0.7970116331115946, 2.035433460495426, -0.06172699007765914, 1.2022990377748783, 0.21765769039387806, 0.3951085762389255, 14.664980984178591, 8.395610372969358, 0.0, -5.551115123125783e-15, 0.0, 0.0, 0.0, -5.551115123125783e-15, -5.551115123125783e-15, 0.0, 0.0, -1.6653345369377348e-14, 1.1102230246251565e-14, 1.1102230246251565e-14, -5.551115123125783e-15, 1.1102230246251565e-14, 0.0, -1.1102230246251565e-14, 0.0, 1.1102230246251565e-14, -1.1102230246251565e-14, 1.1102230246251565e-14, 1.1102230246251565e-14, 0.0, 5.551115123125783e-15, -1.1102230246251565e-14, -5.551115123125783e-15, 1.1102230246251565e-14, 5.551115123125783e-15, 1.1102230246251565e-14, 0.0, -5.551115123125783e-15, 5.551115123125783e-15, 0.0, -1.1102230246251565e-14, -1.1102230246251565e-14, -5.551115123125783e-15, 1.1102230246251565e-14, -1.6653345369377348e-14, 5.551115123125783e-15, -1.1102230246251565e-14, 0.0, 1.1102230246251565e-14, -1.6653345369377348e-14, 0.0, 0.0, 5.551115123125783e-15, 5.551115123125783e-15, 0.0, -5.551115123125783e-15, 0.0, -5.551115123125783e-15, -1.1102230246251565e-14, 0.0, -1.1102230246251565e-14, 0.0, -5.551115123125783e-15, 0.0, -1.1102230246251565e-14, -5.551115123125783e-15, -1.1102230246251565e-14, -5.551115123125783e-15, 1.1102230246251565e-14, 8.592617320808799, 17.938854515431913, 3.1940233286687487, 2.1588849451454735, 2.893745928433958, 1.4188763659642802, 3.9797174092902594, 0.8890792885842131, 1.0311586301478428, 0.7787419868715801, 0.7245692281670983, -0.01276195793772672, -0.3768210632331943, -0.033175204229650035, 0.9867992203528502, 0.7820565590527622, -1.887684598170722, -1.6973114129830265, -0.4293199157687013, -0.09692372491474543, -2.6451425990836697, -3.9419031854799016, 0.145746321113279, 18.24543869816155, 10.980679425769125, 5.551115123125783e-15, 5.551115123125783e-15, 0.0, 5.551115123125783e-15, 0.0, 0.0, 1.1102230246251565e-14, 5.551115123125783e-15, 5.551115123125783e-15, 0.0, 5.551115123125783e-15, -1.1102230246251565e-14, 0.0, 5.551115123125783e-15, 5.551115123125783e-15, 5.551115123125783e-15, -5.551115123125783e-15, -5.551115123125783e-15, 5.551115123125783e-15, 0.0, 1.1102230246251565e-14, -5.551115123125783e-15, 1.1102230246251565e-14, -1.6653345369377348e-14, 1.1102230246251565e-14, -5.551115123125783e-15, 5.551115123125783e-15, 20.953182528204252, 24.709927858771863, 2.3785648133680866, 0.4518771457398998, -1.9082162742148512, 1.598189878660719, 1.3632495503583755, 0.4436597602705774, 2.000161757134663, -1.4163729497034865, 0.03719587957186832, -1.7580478320377892, 0.5387380998249114, 0.1410213325480072, 1.0210602305355678, 0.9723903843344033, 0.8672042732594036, 2.3070517034079785, 0.34136793607132176, 3.151803347554903, 0.741328635665127, -1.7935094663995415, 1.0024818973074048, -2.7246361866336883, 2.021822710966717, 1.7024693220488984, 0.5443529504450453, -0.5699732018220516, 1.3287358539278102, 3.176819907085701, -0.3495008698845936, 3.0886930711057516, 3.277492471714311, 0.0036336899919149346, -0.019549089319554014, 0.4866565246544212, 0.43269739802070717, 0.9802533065752073, 0.524464217818263, 1.1842298075793565, 1.8767346700745975, 0.22238094254689145, 2.156954462767686, -0.3121944605330498, 7.077611220117575, 0.5349770536710139, 2.0069078818351045, 1.6683789851701363, -1.1861848935311343, 0.11337569499363553, -0.8813089240022691, -0.6532358727191081, 0.3159952530415353, 1.2107358580820744, -0.3638331554008971, -0.1688401122607388, 1.6309963490065513, 0.8240050317724013, 0.8913300530607273, 3.453466808033596, 1.1716522027483052, 0.20421226015571392, 2.630434491621685, 0.2173312586592715, -1.8027500134635943, 0.5552212924621358, 0.7898584946285041, 1.5534672385007866, 2.976244685642314, -0.48774916221850617, 1.8302630821666526, 1.834257914719558, 0.5428167798739594, 2.601424337887863, 1.1639658289420254, 0.6758176450197766, 0.07197774560796688, 2.5102643058523597, 0.13734051156016847, 1.0325372897065677, 0.3491843592809687, 0.8731280759980109, 0.5398648682251519, 0.839560787009276, 0.12648394748146075, -0.5270775554432703, 0.989562745100784, -0.8813801780144104, 0.5621805645670293, 0.12224855183745831, 0.3052889774128573, 0.929730581991862, 0.31756261840627076, 3.045524413950659, 1.2276848688427435, 5.539614558668717, 1.688536163181368, -0.23664392558100644, -0.14674776914205268, -1.148535526540087, -0.15600708654793038, -0.39654303606150165, 3.274576047900325, 2.547050598319629, 1.5236842553923964, 4.711775773584719, 0.2801706482887596, 0.8522959932275569, 0.4862854403994845, 1.3262766125769758, -0.06586620296900492, 0.21522335150058325, 2.778535984472569, 0.3797546600591204, 6.3277414409363075, 2.7088989263811527, 2.2380988186565105, 1.8952310091736706, 11.104091843218058, 9.172857985611508, 0.0, 1.1102230246251565e-14, -5.551115123125783e-15, 5.551115123125783e-15, -5.551115123125783e-15, -1.1102230246251565e-14, -1.1102230246251565e-14, -1.6653345369377348e-14, 0.0, -5.551115123125783e-15, 0.0, 0.0, 0.0, 5.551115123125783e-15, -5.551115123125783e-15, 5.551115123125783e-15, 5.551115123125783e-15, -1.6653345369377348e-14, -1.6653345369377348e-14, 0.0, -5.551115123125783e-15, -5.551115123125783e-15, -1.1102230246251565e-14, 5.551115123125783e-15, -1.1102230246251565e-14, 5.551115123125783e-15, 5.551115123125783e-15, -5.551115123125783e-15, 0.0, -5.551115123125783e-15, -5.551115123125783e-15, 5.551115123125783e-15, 1.2522788524222452, 8.129115411810695, 3.8095003806752104, 3.7368211580588095, 0.42218363090844946, 2.913769684854792, 0.09498379589093986, 0.08266255592650396, 1.089775070462231, 0.011489078493411853, 1.0912644251026435, 2.377795892775751, 1.969309283088549, 1.0575583177349586, 7.158449201994529, 0.5839043892851521, 1.0199733127537343, 1.1115583734184895, 8.64966206544645, 10.227205778418778, 0.5593665956452583, 2.6166201129165643, 1.077696172964636, 0.1650031287130389, -0.6392403747435651, 0.8265019830918447, 0.035493210356094096, 0.08487985334605241, 0.05568456992537563, 2.446534024869294, -0.3092670736029106, 3.8011812465750268, 1.9694762569979503, 0.7279928754763318, 1.2287757278343747, 3.3056625207135824, 3.3923398493137995, 1.5432075147421926, -0.3146157543321806, 1.3717601462670928, -1.9836718883577191, 0.027154047415763216, 2.613843911082995, 2.1622138098293533, 1.8630829093117995, 2.790677879146415, 1.1117933133540987, -0.11511504225239833, 0.884517330919607, 0.9058635670474473, 1.1278698226163328, 0.21802010497148672, 4.207903366269193, 0.2978393444426217, 1.74782885908337, -0.44027061055112426, 0.09729179838285518, 0.5542997098858962, 3.5998952523462435, 0.2559258451207995, 0.31657326100105365, -0.9523338312330907, -2.4327210574966216, -0.1852663157561949, -0.44633800361873455, 2.722554605438347, 3.0389058061832657, 0.14813466905289374, 0.0075592530997994345, -2.0362803217367116, 1.9094191225938175, 1.742240189977906, 2.1265258650166743, 3.74536552879664, 1.1713200821210705, 0.13749958472709523, 0.6590578024246838, 0.9396605602672139, 0.02730801919261694, 0.881082997547395, 0.31966294084816127, 0.0898808319008424, 1.7448776367458834, 0.7682123117076856, 6.369489562334849, 4.109346180609293, 1.7336340655001408, 2.3051143970500263, 2.1332551853683484, 1.195210409664174, 0.0, -5.551115123125783e-15, -5.551115123125783e-15, -5.551115123125783e-15, 5.551115123125783e-15, -1.6653345369377348e-14, 1.1102230246251565e-14, -5.551115123125783e-15, -5.551115123125783e-15, 0.0, 0.0, 0.0, 2.220446049250313e-14, 0.0, 7.298815105803477, 9.515021467714156, 2.068595442809368, 0.5249030510993862, 1.5485060182203938, -0.9261822958885659, 1.3936369700499824, 1.995973057193936, 1.8277725516082057, 1.3243425569919935, 1.2337428700034536, 0.32089865471129997, 0.4791840247533514, 0.6158381241759798, 0.5080061437975019, 0.33557340604859576, 0.11113063968488746, 0.2448297429156554, 1.6693166142851368, 0.4708553758311922, -0.8374157602049479, -0.037346093189768226, 0.09969889975189972, 0.37377046227712185, -0.9941224289590878, -0.12196015815598571, 2.405519978309812, 0.5525247631210704, 1.6968555961591818, 0.5463606522958457, 0.2603465724697571, -0.2843700010163417, 2.2519304484704747, 2.325757647513427, 0.36966009231386465, 0.1720216494428115, 1.1614351416203732, 2.1757011926135306, 0.8622339363190008, 0.4285496773130433, 0.236378451211408, 2.028805747353161, 0.1764683977206971, 0.5797271829280817, 1.5077496973312918, 0.05286354263932935, 1.4343723629817333, 2.2877600587171116, 1.6298340854870617, 0.008135505546960076, 2.0188303326079904, 1.2621723568962864, -1.5723101585104757, 0.392869898934066, 8.14476386982578, 5.94985800069481, 5.551115123125783e-15, 0.0, 5.551115123125783e-15, 1.1102230246251565e-14, -5.551115123125783e-15, 12.933879093525015, 14.586432430541095, -1.138791131755113, 1.6110648030675065, 3.2572509381907935, -0.17527570154220484, -1.3746253554429586, 1.8404758397890646, -0.3766079405004916, 0.10072723573338749, -0.3555972541999779, 0.29311276889973215, 3.5532025633127375, 0.18575751500685556, -0.11160321204670254, 0.19677282318335187, 0.14701563136577533, -0.39338656822823737, 0.40757560129804915, 1.5636323801176957, 4.247276567363656, 1.8681537367306476, 2.1221938485264786, 1.463304712852846, 5.4540020734053485, 0.8111810215169442, 6.971284905906259, 0.25019577052805175, 3.848155247982959, -0.06526962881923737, 2.1333318872526945, 1.2816466267463227, -0.022026965963505063, 0.48898697012833736, 0.07355305552994196, 0.4617987957450964, 3.641755510455539, 0.9599681218439287, 0.3014587390007364, -0.24335925230712974, 0.8221487849585856, -0.41210597803046767, 0.6535369049682629, 0.7364611274618653, 1.811767659679333, 0.142247245739469, 1.2884986581034354, 0.13235362212353152, 1.5603453424269276, 0.2840069381883268, 1.005919281733327, 0.3822777450570527, 0.525562457997097, 1.8467375230016216, -0.8054905983747176, -0.3372500771316709, 0.8065504303230568, -0.5312795433952431, 0.9809096174012666, 0.6820466383791768, 0.5715518991231363, -0.2011196167346725, -0.0912450685447368, 1.0333886520985232, 0.35843062613105303, 1.6222163099405975, 2.917686119161772, -0.08766348896187992, 2.507106619449189, 4.01609073304067, 1.781794850082008, 5.414102783930332, 2.058583398086512, 4.946138402869565, -2.326417822651763, 0.45647486185407615, 0.8584731199207454, -0.651832799550732, 1.3463211513639806, 0.08711863304904455, 1.8268686343517402, 2.4102362214159427, 0.3068501424893384, 1.83917441929691, 3.7234240435786887, 0.20480092328193678, 2.0036996049288973, 0.7201169312058369, 1.2742645293988062, 0.6713668765937939, 0.1354072449190653, 0.4553536578733315, 0.37708907324514485, 0.20773659316745352, 2.0788480293499845, 2.636905090557775, 0.4202820371474445, 0.06459769914741287, -0.09369541808305826, -0.6260709403636326, 0.3468977276089902, -0.029865430167973273, 1.0391616368216319, 0.7438744868946685, 0.7454503994298136, 0.11043757229884932, 0.2402536566017659, 0.3874633277488897, 0.32731539032889145, 1.835427859282845, 0.036220435995858224, 2.0297753534975413, 0.2314427731345461, 1.3850124657789138, 0.8700786531891254, 6.687854647343499, 0.7906518695114642, 1.3455742825735797, 5.381386119074051, 0.5882570129570581, 2.650668055102159, 5.288785018699883, -0.3837430162718647, 1.1679277147962353, 4.49138639737555, 2.381540230722436, 0.22280966478058417, 1.478230011234757, 1.0475921834441806, -0.15597590642107662, 0.5580220948676811, -1.2589728460264098, 0.4327964716073893, -0.7608681576036247, -0.2227919628723214, 1.7954379041562731, 0.45318534393635446, 2.4764722747156043, 5.670710062551336, 0.4271060075908224, 4.631056521418657, 0.2534207151028909, 1.3570154876368576, 2.189477423220751, 0.08106114579032919, 0.2184509811518467, 1.3459885538795504, 0.0871979320965579, 0.11487497190432805, 0.44551056577694226, 0.5173959569716544, 0.47891949263657807, 3.867525992956132, 1.7983311876872108, -4.164013199088231, 2.2934730503399123, 1.1279294641811362, -0.47933109785807915, -0.6616094363903642, -0.16643642211130327, 0.10176814577374671, 1.4312254693588216, 0.20134098750213525, -0.9147289404065191, 0.3802000580992626, 3.9986459347048253, 0.465383018659395, 7.545645935848057, 18.890966421119572, 11.796281428533042, -5.551115123125783e-15, 1.1102230246251565e-14, 1.1102230246251565e-14, 5.551115123125783e-15, 5.551115123125783e-15, -5.551115123125783e-15, 4.504684580087442, 8.39621328392655, 2.4829266338687717, 1.3959805258169808, 0.8568385527507871, 0.8487760438193277, -0.6818251660029091, -0.6361032638177448, 0.14805291417570743, 0.49060433823620997, 0.5839957397102751, -0.4562146571641108, 2.392411984562443, 0.3160177168161624, 0.5727822531724911, 0.17056813379517166, -0.1477075134759076, 2.0203529354626255, 1.3576611297706336, 0.737183652425955, 2.0670616154752963, 1.108371527064321, 0.3094896262959139, 0.4422531441758508, 0.1172022798251362, 0.43458296040674327, 0.8592558184771519, -0.3317725505109479, 0.6415253999477386, 0.6363755100921651, 0.8582697123369343, 0.9949732309350168, -0.3620652054968616, 2.1510712300473216, 2.5903196283397847, 0.190528620126031, 1.4226092040450453, 11.916621192977175, 8.619073732815004, 5.551115123125783e-15, 1.6653345369377348e-14, 0.0, 5.551115123125783e-15, -1.1102230246251565e-14, -5.551115123125783e-15, -1.1102230246251565e-14, 1.1102230246251565e-14, 17.464112330371023, 17.162445141443996, 5.051763207430952, 0.1299040453771454, 4.087379506205792, 0.4751232513957575, -0.8802098406767414, 0.7624516930914069, -2.131293940693638, -1.0073023934897378, 0.10318840069061253, 0.2930585498366156, 0.574393029352052, 0.4893053443291535, 2.2048695040549546, 0.7061358316400401, -0.20141235965724036, 0.8081209341970066, 1.841174777216878, 0.2190478734704584, -0.05715595454239519, 0.29329203579061414, -0.319718667088182, 1.7151310218560525, 1.4270715385719086, 8.4528680998325, 4.651333661492799, 2.582816293860475, -0.2540781239002001, 1.4226424346560975, -0.17389601247276687, -0.018700854421240365, -0.22725845759876506, -0.3888514934838696, -0.9430833051800676, 5.459222774477041, 1.334382853427087, 0.8485818960248821, 1.2972586850254118, -0.8714765656305872, -2.144090829035747, 0.5308409556379843, 1.568654358763439, 0.04457090558582877, 0.3489723823251012, 0.8149576381903216, 0.6959529922618799, 6.414146201954821, 0.649478877119634, 5.590541126588235, 1.620920718738958, 0.955598268782893, -0.10112298721034563, 1.4359791199351548, -0.06728644481745505, 0.7102504474260201, 7.467765397120303, 5.707447316837907, 5.551115123125783e-15, 1.1102230246251565e-14, -5.551115123125783e-15, -5.551115123125783e-15, 0.0, -1.1102230246251565e-14, 0.0, -5.551115123125783e-15, 5.551115123125783e-15, 1.1102230246251565e-14, -5.551115123125783e-15, -5.551115123125783e-15, 5.551115123125783e-15, 0.0, 0.0, 1.1102230246251565e-14, 0.0, -5.551115123125783e-15, -5.551115123125783e-15, 0.0, 5.551115123125783e-15, 0.0, 0.0, 0.0, 5.551115123125783e-15, 0.0, 0.0, -5.551115123125783e-15, 5.551115123125783e-15, 1.6653345369377348e-14, -1.1102230246251565e-14, 1.1102230246251565e-14, 0.0, -5.551115123125783e-15, -1.1102230246251565e-14, 6.478131771206137, 10.618980165928235, 1.4182248228594432, -0.5389383401082171, 0.6483752466713213, -0.051386607653768124, 0.7979786516181662, 1.6747942922125105, -0.23224464632886566, -0.1338330828875769, 0.19090031159231557, 1.9791730266008472, 0.23419044926501442, 0.7870875775425077, 1.1859869123032922, 0.12722474268457518, 1.3665073112109383, -0.7270783846740159, 0.25577034442200386, -0.600496262133646, -0.2749639455130648, 1.7102882707706328, 11.508269147217803, 6.040203481265102, 0.0, -1.1102230246251565e-14, 0.0, 5.551115123125783e-15, 0.0, -5.551115123125783e-15, 5.551115123125783e-15, 5.551115123125783e-15, -5.551115123125783e-15, 2.220446049250313e-14, 1.1102230246251565e-14, -1.1102230246251565e-14, 0.0, 0.0, -5.551115123125783e-15, -5.551115123125783e-15, -1.1102230246251565e-14, 0.0, -5.551115123125783e-15, 5.551115123125783e-15, -5.551115123125783e-15, 5.551115123125783e-15, 1.1102230246251565e-14, -5.551115123125783e-15, 1.1102230246251565e-14, 0.0, 5.551115123125783e-15, 5.551115123125783e-15, 1.1102230246251565e-14, 5.551115123125783e-15, 1.1102230246251565e-14, 0.0, 0.0, 0.0, 0.0, -1.1102230246251565e-14, 1.1102230246251565e-14, -1.1102230246251565e-14, 1.1102230246251565e-14, -1.1102230246251565e-14, -5.551115123125783e-15, 5.551115123125783e-15, -1.1102230246251565e-14, 0.0, -5.551115123125783e-15, 5.551115123125783e-15, 1.1102230246251565e-14, 5.551115123125783e-15, 0.0, 5.551115123125783e-15, -1.6653345369377348e-14, 0.0, 5.551115123125783e-15, 0.0, -1.1102230246251565e-14, 0.0, 0.0, 5.551115123125783e-15, 5.551115123125783e-15, -1.1102230246251565e-14, 0.0, -1.1102230246251565e-14, 1.1102230246251565e-14, 5.551115123125783e-15, -5.551115123125783e-15, 0.0, 0.0, 0.0, 5.551115123125783e-15, 5.551115123125783e-15, 1.1102230246251565e-14, 1.1102230246251565e-14, 9.855229318097727, 12.796931710330128, 2.476428105161574, 1.506372208544775, 0.9890469963687565, 2.5083582826529494, 2.5032995236040847, 5.130187206905077, 0.5281566592648232, 3.9747968008825296, 0.9767962785095392, 1.797829889625632, 0.317937570954939, 2.7120292860321626, -0.5862608246390266, 0.3467280310973706, 0.9534229999091792, -0.17062560390729686, 0.7274520421437103, -0.7456538723085941, -0.9215168104677787, -0.12247955979734115, -0.3407640070907405, -0.034352658732672126, 1.2747512264948853, 0.3347798256031922, 0.48062262416715384, 2.110561198945021, 1.6577225626109566, 0.24299204195230573, 0.17926043744938625, -0.07645696539151459, -1.7380914113888934, 0.2761762950389084, -0.20512899591884093, -0.3766404548795492, 2.3978756609216134, 0.47935611755713126, 1.4504603447538216, 1.9208463443522419, 0.5015866106239457, 0.24318253244510402, 0.35327097650767314, 0.20486894898303376, 0.9581920748608752, -0.1426589569718999, 0.8252928661152907, 2.074138765891803, 1.588091865146339, 0.514354158951221, 0.7450729765976973, 0.1909332238367938, 3.5449064546844085, -0.7242062670374025, -0.797944569578874, -0.060348425342823475, -0.07509642090110447, 1.668066935934462, 1.6299199600556449, 0.04621440472837435, -0.013378686278741725, -0.9060384823557115, 0.17606165774188298, -0.14168650253105852, 1.5348979521266415, 0.15245375857665522, 2.240943607235465, 0.031578774527133646, 0.38840994666367124, 2.0327072098000656, 0.43673027672525677, 0.8223890025723506, 1.1236522280027543, 1.4092583205433016, 6.127435776515767, 2.9616377111277075, 3.5380741291864126, 1.506814914244785, -2.083333714454909, -0.6546913497442688, -1.0855846208563094, -1.0036679795563543, 0.7357193858029802, 0.3575109162092929, 1.2654089339793018, 0.3853994141566659, 0.5686055241102679, 0.6899436453537646, 2.932473640241369, 0.4726476715792387, -1.1401855223738266, 0.8109600278974085, 0.04274114052964251, 1.6661480076862176, 0.4096992229954708, 0.1189401434033357, 2.6217680691823944, 3.156004910166189, -0.21295538942661096, 0.4387548224704574, 0.9947890481183777, 0.7381227583589407, 0.4019972241320886, 0.810249724306658, 0.2678178745716764, 0.22150850675330958, 0.7453854731215017, 0.37314325645351687, 0.009073614179357037, 4.0499051500117105, 1.2571179523066007, 0.09758633660086957, 0.43046080121061436, 0.6696592755313873, 0.521619231038926, 5.222585582644797, 0.12350583093524392, 1.6999447792031788, 1.9519262457857849, 3.261542687441363, 2.834310939461261, 0.3400460178503124, 1.0956848155283865, 1.108920149510169, 1.612239310145469, 2.930722464594993, 4.551052330455207, 1.8228045596359266, 3.3381259704606805, 2.49565314312386, 0.03918115049725657, 0.5791555419665428, 2.198927190471238, 3.9597177164069137, 17.717953227617798, 15.693190899250993, 0.0, 5.551115123125783e-15, 5.551115123125783e-15, 5.551115123125783e-15, -1.6653345369377348e-14, -5.551115123125783e-15, -5.551115123125783e-15, -5.551115123125783e-15, -1.1102230246251565e-14, 2.220446049250313e-14, 5.551115123125783e-15, 1.1102230246251565e-14, -1.1102230246251565e-14, -5.551115123125783e-15, 5.551115123125783e-15, 0.0, -5.551115123125783e-15, -1.1102230246251565e-14, 5.551115123125783e-15, 0.0, -5.551115123125783e-15, -5.551115123125783e-15, -1.6653345369377348e-14, 2.220446049250313e-14, 0.0, 1.1102230246251565e-14, -1.6653345369377348e-14, -1.1102230246251565e-14, -5.551115123125783e-15, -5.551115123125783e-15, -5.551115123125783e-15, -1.1102230246251565e-14, -5.551115123125783e-15, -5.551115123125783e-15, -1.6653345369377348e-14, 0.0, 0.0, -5.551115123125783e-15, 5.551115123125783e-15, 5.551115123125783e-15, -2.7755575615628914e-14, 0.0, -1.6653345369377348e-14, 12.612071833134237, 16.271178908459405, 2.533934439789249, -0.5229520824357792, 0.041566031439970175, 0.7839721088530496, 1.4462595396792324, 0.0008042056106205564, 0.8145938574866989, 1.2344138118677392, 3.7791116311115047, -0.17105092092930363, -0.11966531381722234, 1.1848468548463984, 2.234083122377257, 0.9556699915073068, 0.45720396293646104, 0.5311714066908735, 0.37760470472591123, 0.4720218622004495, 1.0872694216099035, 9.572669267070978, 10.334921456783064, 2.064436802168615, 8.370721814446426, 1.1328440349523987, 0.09339912077072654, 0.05960221440753344, 0.007124859282811258, 0.4534162474685104, -0.5113525396938599, 6.797725667099883, -0.0901751775052162, 2.8365346779844174, -1.0327685951186254, -1.0674349729168284, 0.01571709710768232, 0.15506671508344994, 1.4119369295386832, 0.49949233591121356, 1.565302805601192, 0.030995694189158485, -0.033900502395880494, 0.8272314118463555, 1.5584173228035354, 0.9063924179397418, 2.7774511022871593, 4.40807600191431, 3.627511218982306, -0.3650136622801483, 3.017035630449186, 1.4629128756949399, 1.4513097474088, 0.11922228236119281, 0.007770689703477274, 2.217396314429095, -1.116477589816725, 1.0703305805994887, 0.29928011471076843, -0.005639347737087519, 0.8923547300707639, 0.6448452745764257, 0.9881665892909837, 0.10980062427472603, 3.100807524725383, 0.9421161903602524, 19.60690629685368, 22.006798626265272, -5.551115123125783e-15, 0.0, 0.0, -1.6653345369377348e-14, 0.0, 5.551115123125783e-15, 0.0, -5.551115123125783e-15, 1.1102230246251565e-14, 1.6653345369377348e-14, 1.1102230246251565e-14, 0.0, 0.0, -5.551115123125783e-15, 1.1102230246251565e-14, -5.551115123125783e-15, 0.0, 1.1102230246251565e-14, -5.551115123125783e-15, 1.6653345369377348e-14, -5.551115123125783e-15, 0.0, 1.1102230246251565e-14, -1.6653345369377348e-14, 0.0, -5.551115123125783e-15, 5.551115123125783e-15, 5.551115123125783e-15, -5.551115123125783e-15, 5.551115123125783e-15, -1.1102230246251565e-14, 0.0, 0.0, 5.551115123125783e-15, 0.0, 5.551115123125783e-15, 7.593659705652648, 14.911400757370984, 4.998743729254301, 0.05995191976046499, 1.3724282096023046, 1.6826027712198197, 0.42466839701617687, 0.8649935972141378, 1.101395207792848, -0.020031397044888877, 0.6712706396902348, -0.05509918267141245, 0.07224142490854035, 0.9469765610341767, 1.1117166272357224, 1.746176929405408, 1.3261970797591403, -0.5685620128454048, 1.7769870599194348, 3.406463361578659, 1.547927255243252, 2.301406068382363, 0.6794870686076706, 0.632041369775834, 0.6796265591042356, 1.7260507066685307, 0.6984880539809524, 0.05116739561867689, 0.8287678311494346, 0.36931826054572525, 1.0996047310616461, 0.2333090732589369, 0.5621884685999703, 0.34486439827688287, 0.17025810419423237, 1.7648887682923373, 3.5373478311318536, -0.06095300826791572, -1.8546744435010396, -0.9851023640188146, 1.094116766829245, 1.3218903536310904, 4.670916280823576, -0.3972308721314164, 1.1674223978232021, 0.1287372454139586, 1.053889016514006, 1.1305655710257838, 1.51452631373337, 0.6191852451194109, 0.1390811181289564, 2.347849113041434, 0.07618626464142153, 0.22590327103432628, 0.5368258313970387, 3.498985544181494, 0.9764590060504759, 3.6945002429473845, 0.4649988592631189, 2.480827838775781, -1.0449247378213045, 0.8548329356860904, 0.19782933340059117, 3.5209179693135866, 2.980023096820787, 0.015393874265896557, -0.6383890792246518, 2.8391100315549096, 9.395781149624518, 3.9060707504605894, -5.551115123125783e-15, -1.1102230246251565e-14, 0.0, 5.551115123125783e-15, 0.0, 0.0, -1.1102230246251565e-14, 5.551115123125783e-15, -1.6653345369377348e-14, 1.1102230246251565e-14, 0.0, -5.551115123125783e-15, 0.0, 1.1102230246251565e-14, 1.1102230246251565e-14, 5.551115123125783e-15, 0.0, 1.1102230246251565e-14, -5.551115123125783e-15, 0.0, -5.551115123125783e-15, 0.0, -5.551115123125783e-15, 0.0, 5.551115123125783e-15, -5.551115123125783e-15, -1.1102230246251565e-14, 1.6653345369377348e-14, -1.1102230246251565e-14, 0.0, 5.551115123125783e-15, 5.551115123125783e-15, 0.0, 0.0, 3.149183257320363, 3.8870321865250865, 0.2744259568386198, 0.22774262904288634, 0.11052138293470648, 0.7482779010793124, 0.3515400041927421, 0.4164355278337126, 2.263652155673398, 10.59208431707782, 2.222877931888661, 0.25254662110273784, -1.5578482549620674, -0.6405007539824226, -0.11076161080075053, -0.3485080038057049, 0.8813915484992094, 0.46052669943370006, 0.5342303835865323, -0.29128277974365346, -0.3261465832036379, 6.970346328202993, 4.943541673150946, -1.1734831869301843, 6.096279616093398, -0.25462944566965007, -0.4271109689422872, 4.451295830276308, 3.7446397437950907, 0.3073334292294305, 0.2407263457112947, 0.3398547943917549, 1.5476265818925867, -1.1512766845577573, -2.0299437523041206, 1.086651718635693, -1.6514671860766441, 1.9847976248164798, 1.0282749723122038, 0.015885912768467847, 1.32993395817266, 3.306618371204536, 0.9629935282426061, 0.8929312613061029, 0.6285610459180191, 1.8780036593608997, -0.06655789911974352, 0.44936740436574496, -0.6438003342860554, -0.826579587821584, 0.6271995387005518, 1.7195629293474042, -0.47445286145793375, 0.7740238139548126, 0.38095990734257157, -1.6142518121010312, 1.9898752356820353, -1.972382767879452, 2.616061111837979, 4.064697369586753, 7.192804266240373, 8.456135098814528, 1.2377145906708193, 0.0, -1.1102230246251565e-14, -1.6653345369377348e-14, -5.551115123125783e-15, 5.551115123125783e-15, -5.551115123125783e-15, 23.70192138115098, 22.038853451569977, 0.3953176089612782, 0.0667659198262811, 2.066411159440605, 3.520339122552855, 0.5383664787374869, 3.291046548921713, 4.093629716555142, -0.11988375411203833, 2.368876137769945, 1.0935667885889586, 0.27569142791509194, -0.13317150959113633, 0.9930931529261215, -0.02006463899084565, 0.09836640044738942, 1.3135294565748836, 2.120507538527761, 1.0395608281655768, 0.4299841719392248, 3.332153306381201, 1.5295082709188819, -1.1569507839167272, 0.12669800079572724, 1.6853498108898748, 1.1600854101802724, 0.11153041123145613, 0.25107500343239053, 1.7030387662829867, 1.282778482141282, -0.3728451588534085, 0.3100141162350383, 2.3061008751304257, 1.1599049791316816, 4.034463572762604, 3.2513197840345356, 1.0405774354306914, 1.1327156371445142, 1.5715058055517375, 5.644676479307805, 6.427770127736267, 0.7729933364194039, 1.8885719644958954, 0.5254090838155605, 1.2828016490666272, 0.23703700511920545, -0.04939256763385913, 0.22509006403170417, 0.7767148569398614, 3.753932785585107, 0.2848094964370631, 1.8971898838391894, -0.10514404680142775, 1.0591663119612917, 2.13293002174089, -0.3301989847337552, 0.07594900788285486, 0.420419531378613, -0.04139496884243954, 0.8214558351297825, 1.821627253425902, 0.5288440523696352, 0.8055154511233411, 1.2386149554321548, 5.879464879306056, 1.5513937411370051, 6.691799417186971, 3.4360447760205375, -1.0831364450882006, 1.1951208242411724, 7.928600932895293, 1.270472545167408, 8.797996457165922, 6.850142805758878, -0.7260868006167982, 0.19187636123021434, -0.40139901029255043, 2.062130868266081, 1.4681677053656017, 1.9060777444958035, 3.0058214872174176, 0.5968021904157297, 0.49392043970607347, 1.1912299754319093, 13.946772217073743, 12.372135931959008, 5.551115123125783e-15, -5.551115123125783e-15, 1.1102230246251565e-14, 0.0, 0.0, -5.551115123125783e-15, 5.551115123125783e-15, 0.0, -5.551115123125783e-15, -5.551115123125783e-15, -2.220446049250313e-14, -5.551115123125783e-15, -1.1102230246251565e-14, -1.1102230246251565e-14, 1.1102230246251565e-14, -5.551115123125783e-15, 5.551115123125783e-15, 5.551115123125783e-15, 0.0, 0.0, -5.551115123125783e-15, -2.220446049250313e-14, -1.1102230246251565e-14, -1.1102230246251565e-14, 0.0, 2.24806495510893, 2.332748421028569, 0.12953454539332654, 1.6292614911271528, 1.3262960791410734, -0.003338703050317804, 0.11506012088753437, -0.1033496643459273, 1.6870179757785166, 0.28560636232830916, 0.2596480693832177, 0.5650327468712675, 3.7278886473553, 2.1481869978898374, 5.47397410687708, 5.6238643478761645, 0.08899889881892875, 0.986374417182958, 1.3630047707820978, 1.2626439134380405, -0.0888001531246374, 0.8434639518533231, 2.823889716794099, 0.7833704706198432, 1.5458178021076492, 1.062922763909853, 0.30705551903282924, 0.4645484733906784, 8.884018288357808, 17.84989158557795, 1.184800376655545, 2.190547625936773, 1.8345858081637232, 4.177809616106117, 3.6398981452006467, 2.222886217177802, 2.5563858931567154, 1.7169427955874426, -0.4195852511147109, 3.1178806324932964, 4.249355464025427, 2.0925459360215086, -3.2481736942096404, 0.8096700668035055, 0.7734681798694965, 3.6405979352098257, 0.3803571371084331, 1.5661997516682504, 1.3636718141499955, 0.06993869113347273, 0.7415638369030262, 0.21587242520473637, 0.5744082547810763, 0.8719296511957282, 1.7170405757154867, 2.0619847706249175, 1.628770889953671, 2.779167616671913, 8.990047028270396, 9.527696913280465, 1.2975158410020384, -1.1159313818294407, 1.2766835676435448, 0.30389822302404923, 0.35612652529971456, 0.8069423393798871, 1.4376798023599378, 1.1585312987222522, 0.7735256403119593, 3.282317466756055, 0.1204448965472551, 0.3987808985217782, 5.144010524867852, 4.292572060658699, 0.39897489266718367, 1.4954575798265068, 7.802931842398152, 0.552768745588935, 0.9281386447873956, 2.907848442095542, 7.244347484093396, 2.117379781019281, 1.0237676493264303, 0.4972851399364231, 0.35834550628425177, -2.241441296883181, 1.7820028247189725, -0.33138206884450483, 1.9703372283351541, 6.4661170889488915, 5.103291264553405, -0.032001871964240536, 2.2059923962987114, 3.323841464099246, -0.8855723764433492, 1.36265068337579, -1.5245118355524312, -0.7187776447701708, 1.298670151966121, 1.2146525287882355, 6.674542819490767, 1.6469540836199883, 1.8297831810162677, 6.339609998293412, 0.34691222468461547, 2.609257576677578, 2.310779347833943, -0.09131486896262686, 0.6210722222591301, 0.7804404542327745, 0.06945885779828131, 0.4886119686836139, -0.23370676342165098, -0.24756313518764728, 3.938846227821358, 4.353896775755004, -0.9267735685628509, 2.3327132879969383, 4.587522954065207, 1.2189737620572885, 0.4340262214067252, 0.1617572409835759, 1.947807872876922, 1.5689053171787464, 1.1967412041141614, 0.8676366137802773, 0.5891352231412412, 2.095883787658053, 0.29942910010639423, -0.2019881079800001, 0.4776377252841115, 0.5955697221143481, 1.8213062049644293, 0.18608252222158939, 0.4209782065434098, 1.6641130535466857, 2.4773919999768026, 1.24805212172393, 0.36846218240066264, 2.7757038895084776, 0.09657297708083945, -0.17190099546176896, 0.08644745093513961, 0.8106135336282136, 0.7889428506233997, 0.11410880928637823, 0.7646630311966476, 1.0609764345369967, 1.793533283263315, 0.002401976545229445, 9.702250174722167, 0.3903051248103395, 8.360115238268776, 0.02687685681077312, 0.42310285487384647, 0.999256525130761, 1.9804814965020796, 4.326997215920443, 3.592557067157486, 6.069482854771991, 15.46188969326164, -2.139188983186841, 2.9710584837039846, 3.091674123054929, 0.30502426323312193, 3.3028470156945104, -0.282575353443292, 2.979559395057663, 1.5005918294241098, -0.07409569928819337, 0.31911350294998897, 2.0407502750894935, 0.6132691186355714, 2.5854738366435583, 1.3037292602817274, -0.34395090937275086, 1.3617384871869262, -0.4763042736654768, 0.800698392759756, 0.28112906246406055, 0.5076421012417995, 1.6661967064793544, 1.4583782794390743, -0.1559915559981846, 2.3844133604901003, 5.828599527400968, 2.9388873373275715, 4.127267795842556, 1.7763963629202522, 2.8989051164926423, 0.957086812594298, 0.08176947236717069, 0.7139614375278427, 1.6328381293550365, -0.12147637273852752, 0.25486450319436926, 1.0398662504146614, 0.1312338267666746, 0.6680651790538548, 1.7838417278849192, 0.8493996941961086, 0.21923177675034822, 0.20041589359834688, 1.8722494653891886, 0.24131182519232652, 0.5376555123948208, 1.692494918303936, 2.0651225473032184, 0.7407142936179127, 2.824230372841839, 1.1970710157023348, 0.7142260710367054, 0.24882117675463178, 0.13431879122157397, 4.672396836961525, 1.9761510400977045, 0.48836524250026514, 4.283533081517476, 1.8695815980566408, -0.7390889136450483, 0.23638130466846974, -0.7269042017751985, 0.5177823214480668, -0.15939566067450528, 1.3386196760548614, 0.30732850262222655, 2.0236292224268198, 1.2407153425363617, 1.1220513494170916, 0.15341234757477196, 1.1244367058370415, 1.4328758126910088, 2.3910399601755046, 2.123789470046219, 4.764211837909329, 9.800092970178746, 2.1835583858856555, 1.1993795814029244, 1.2318386994520285, -0.009423093385180437, 0.7767868742914388, 0.8557175681203972, 0.19724786931746507, 3.8831974040018835, 2.1519261090507342, 5.551115123125783e-15, -5.551115123125783e-15, 2.7755575615628914e-14, 2.220446049250313e-14, -5.551115123125783e-15, 11.137748289703254, 14.633626303178346, 1.1438081319090827, 0.2500070071253049, -1.242259154305657, 3.039056533671584, 1.1383833001506076, 2.412352470740899, 2.4733821937779226, 0.0931568112747243, 3.7443892366313207, -0.0422701411608557, 3.309750901003298, 1.736761978382475, -0.40513465762577994, 2.075601839670071, 1.5231450152123784, 1.7918086591544409, 0.12498200027027906, -0.35617470861524225, 0.6300876944823983, 2.272059508087125, 1.2087094406163885, -2.2306037544592527, -1.2959808191171192, 3.127682767077573, 2.050518163200252, 1.1622383480060137, 7.028784956694665, 1.7790532911568278, 1.054032045396184, -2.3213662328299733, -2.1294405757837467, 0.014156172889613572, -1.0735428304735706, 0.2259878578517771, 1.0440491504579086, -0.9862193626181579, 0.10198582571501902, -0.8837770732010313, 1.2593834589022777, 0.0035525831231666416, 1.4281334854570673, 1.3987830972139932, 0.5608617368629325, -0.0727937225885853, 1.6910858999896163, 1.702576234316723, 4.690593913194903, 2.8822024802953763, 0.6363706054551699, 1.2824944600512538, 4.177027753370339, 2.8452811283800656, 1.357152696841581, 3.3840230283198593, 2.141585185372719, 2.136274935447773, 0.4244870544609398, 1.1792989906178661, 0.17983089741179015, 0.8858982669871978, 1.2942284688639063, 12.698417805669678, 12.232124800564542, 5.551115123125783e-15, -5.551115123125783e-15, 5.551115123125783e-15, -1.1102230246251565e-14, 5.551115123125783e-15, 1.6653345369377348e-14, -5.551115123125783e-15, 1.1102230246251565e-14, 5.551115123125783e-15, 0.0, -5.551115123125783e-15, -5.551115123125783e-15, -5.551115123125783e-15, 1.1102230246251565e-14, 5.551115123125783e-15, 5.551115123125783e-15, 5.551115123125783e-15, 5.551115123125783e-15, 5.551115123125783e-15, 0.0, 1.1102230246251565e-14, -1.1102230246251565e-14, -1.1102230246251565e-14, 0.0, 5.551115123125783e-15, -5.551115123125783e-15, -2.7755575615628914e-15, 7.888811053733974, 12.970580142823707, 4.738075606796684, -8.0237588271591, 20.291057303412714, 15.054621075126107, -5.551115123125783e-15, 1.1102230246251565e-14, 0.0, -5.551115123125783e-15, -5.551115123125783e-15, -5.551115123125783e-15, 0.0, -1.6653345369377348e-14, 0.0, 0.0, 0.0, 0.0, 8.326672684688674e-15, 1.1102230246251565e-14, -2.7755575615628914e-15, 5.551115123125783e-15, 5.551115123125783e-15, 9.173534393948596, 12.801350353261398, 2.397006553105115, 2.4503921422675035, 1.1377645910824867, 1.9238205416083929, 0.9661260873904212, 2.1434402406814, 1.0195162694766964, 3.9679179924224854, -1.0210543801802032, 2.5391248431815256, 1.1738553926650752, -0.3805151913705629, 0.7559870564865321, 2.6426689466302946, 0.9309279499595959, 3.4128381858159287, 4.414093411967002, 0.9289752857596909, 1.522689604505615, 1.5305852664188535, 2.3290014731240944, 0.9204692873204579, 3.0536480603797145, 0.5725714380562295, 1.6007130002966505, 1.6282762504438892, 3.730507063674793, 0.6049114890956275, 5.5031236187143975, 0.8009794231225555, 2.7098195032310173, 0.3346476615640199, 0.6892794298326805, 0.4369738974589552, 0.42272921826202037, 1.7007281949848334, 2.4455920013169816, -0.29275643939217844, 2.7775868083264186, 0.14934013828548132, -0.07413454742294334, 0.7765798926916432, 1.2278815607051001, 2.1784710902194035, 0.35874042390167915, 2.577270778964163, -0.47820889649969445, 1.051343992958948, -0.40078532558936786, 2.4570931333612407, 5.502360094788628, 0.31710191114052577, 1.908441537074168, 2.7627398192929604, 2.2265869513339283, 0.013523961330946577, 1.1340798871038942, 4.00745157462444, 4.683216429914978, 0.3121201519231249, 4.381228034107664, 7.4091564954239, 17.792740805057974, 14.238196909488792, -5.551115123125783e-15, 1.1102230246251565e-14, 8.326672684688674e-15, -5.551115123125783e-15, 5.551115123125783e-15, 0.0, -5.551115123125783e-15, 2.7755575615628914e-15, -2.7755575615628914e-15, -2.7755575615628914e-15, 2.7755575615628914e-15, -1.6653345369377348e-14, -5.551115123125783e-15, -5.551115123125783e-15, 8.326672684688674e-15, -5.551115123125783e-15, 2.7755575615628914e-15, -5.551115123125783e-15, 0.0, 5.551115123125783e-15, -5.551115123125783e-15, 5.551115123125783e-15, 5.551115123125783e-15, 6.107198454298434, 14.513436571140275, 6.075662990376998, -0.896229421476562, 1.3201827917278024, 0.20818686370731143, 0.8171559431741002, 0.23298315869021735, -0.7424274969097269, 1.5636982316270291, 0.18631712402233802, 0.4333211158274537, 4.853292782821313, -0.262776884723678, 2.6961671527616318, -0.6847301090417091, 1.0310969595877282, 0.7320869496179796, 0.3643740842074692, 2.4684228478813566, 0.7819592018495598, 1.0508876640114408, 0.9241332951865786, 0.41241494733097284, 0.08574387419272966, 1.7325861796878712, 3.745722072720014, 0.046157827979129706, 1.666822709581453, 1.0784061352335357, 0.7418254553259942, 1.217347712441608, 0.7967717322403303, 0.9438024009624826, 0.06964641271244432, 0.022873791697890056, -1.3260285475747366, 0.10326741242596427, -0.08013711230367448, 0.01081786514794203, -0.6165230231792123, 0.006078793263128546, -1.2378446095924005, 0.30658910236900283, 1.0161995938705104, -0.15059835342702854, 2.7857094838847445, -0.015090037417252233, 0.7257262578278869, -1.1732339726056011, -1.5809750483846017, 1.132812806749655, 1.1829262480065665, 1.0360906920048478, -0.011632452463658183, 0.16652508034707125, 0.7924753066264429, 0.38696048206315936, 0.24777886120224935, 2.621436758955042, 1.8382013936981139, 1.4092209479650535, -0.21297451405524725, -0.6861793166788743, 1.22799298121393, 0.062465236241706634, 1.387452907847745, 0.836806748414034, 1.4016413085957709, 0.7641576514679969, 1.0602376395408442, 4.894387468871827, 3.8268249955271187, 1.2187836879347174, 5.688458823245696, 0.22331810870804247, 1.3816968778327805, 0.19223226329609133, 1.4648829285416411, -1.0613662669196913, -1.9947243038087095, -0.3222799553780078, 3.22568747768247, 1.6080021073357216, -0.1276909541266491, 0.20147589887207573, -0.6779341632864941, 1.1435442447408377, 0.3169484053199909, 0.10853686354158754, 0.16263563564567107, 1.4148548601168613, 0.5324049720557298, 0.2032768770361315, 1.7833189660637458, 1.2994776158994341, 0.8234873908367035, 0.12554290628139597, 0.8951513762251011, -0.24047523590490982, 0.8384110890485772, 1.6381575167427798, 0.5705180064399258, 2.222708221634605, 0.7726765261369337, 0.29487222407749414, 0.1071003916410973, 0.89748594057437, 0.12449328570943408, 0.2130932249748696, 0.6124339613483016, 0.3979796587279907, -0.4093504706602573, -0.6415082041598623, 0.9674990724537906, -0.755451265066057, 0.023288071808650557, 0.1365102906723621, 3.339951663927309, -0.8753432719489638, -0.475705542922924, 0.7778191445740106, -1.981584128494859, -0.017594339749450683, -0.15205063334167335, 2.093352890963871, 3.035812761356027, 0.4451632009596551, 2.805466951055166, 5.2607227358741255, 0.11473366938403728, 7.160002811720602, -0.1500692031975177, 0.15742506761466757, -1.5603273097533474, 0.14505677283193563, 0.0040873733734656525, -0.5056763793182881, 0.4692049582308755, 0.24227701240658917, 0.3767850273102624, -0.507391668093419, 0.8756920429920001, 5.348300136195121, 2.998634173060566, 1.0568330421499468, 4.870816772905982, 3.0507917850708566, 2.129421268785535, 0.5482017788519329, 2.632002245433796, 1.6552207256272027, -0.03205933560900576, 2.6824208908933542, 2.3415252145936734, 1.3482185538632905, 0.6171333016392566, 0.9215476687763555, 0.6713805020618508, 0.6163458830150716, -0.4190663165992987, 1.623530667476217, -0.20437499329693765, 0.47880994768880214, 0.11617222970309626, 0.8544923326343223, 3.0472772960291934, 0.2558966530440898, 5.894344002242349, 0.9185096981606762, -0.5812598011121963, 0.9620815959047491, -0.22395383825440263, 0.2711729002107859, -0.050799934632266286, 1.0210772626972755, -0.20042880247490302, 1.2775072418268394, 1.1934419571215358, -0.07954510085016864, 0.27004715556495285, 0.27898278439940327, 1.771747375410115, 1.4378841601431134, 1.1801727745597077, 0.9428869637027049, 0.8033986443668368, -0.14954461493766757, 1.5199015932582256, 1.7019101625284918, 2.334309091948171, 1.7065370853303534, -1.6281740732809453, -2.4831267994136965, 1.0981101570956753, 1.228463744639157, 0.10367830905576625, -0.19360183210412174, -0.7224246201861035, -0.043245659145100035, 0.8461760773611786, 0.7571966705040154, 1.2070202733561928, -0.011440831983293265, -0.07130074968176814, 0.9027627294062768, 0.1101567955109033, 2.3245845467468342, 0.41203079243530283, 0.13368565010668476, 1.3607207318135295, 1.8660832908258271, 0.2527666394995265, -0.13968834282590592, 1.1323976122999966, 1.3157897238753264, 2.1020999767326884, 1.955100198520114, -0.5247518460541869, 2.9640230066014652, 0.14017452434988797, 1.4850035663332193, 0.6474278388990342, 5.66913219471121, 1.2767732048801577, -0.4206781508514723, 0.9493866841785348, 0.8167466469424198, -0.0620303401940987, -0.07599930387672771, 2.3364272179312877, 1.4028109154985486, -0.34597645977197544, 0.522539932618372, 0.25204469325967693, 0.4994123535856829, -0.851795519026382, 0.883702732117797, 4.141991643533004, -0.040179919667139075, 1.291744237016701, 2.512115117110909, 0.2509514186539832, 1.640310713694788, 1.2366091734796214, 0.2711559070294811, 0.5851110251619502, 0.5691341775151386, 1.5095709689888963, 0.09044081795320835, -2.487742238967769, 0.5719088067710345, 3.533404410690167, 2.02672816345148, 5.213115143689095, 0.7315459397794086, 7.252099303048681, 0.7781777653543145, 1.11951522244334, 2.0538541726842823, 0.31853340871668934, 1.0225178723859187, 2.757266867092426, -0.5270166301000359, -0.5796835753890832, 2.7327974082305957, 2.571173791322366, -1.4929294875805965, -1.0068415456648836, 0.07491124153102646, 2.147144141421734, 0.35333677516948114, 1.756157285348138, -0.5331184755991103, -0.006740595042401765, 0.09303012728560134, -0.3404240097538036, 0.1136502740168055, 0.0029005467247600336, 2.2077821086239453, 7.634945655354784, 3.8705549391775094, 0.08417745402877586, -0.6210784401549887, 1.052781338084955, -0.5629065005223168, -0.43979972291047886, 1.0469197478994943, 2.339915084606247, 1.5554097539491067, -0.15769493970512372, -0.26975930121233205, 1.7149854331677261, -0.2004411931520167, 1.8529142451402265, 2.482711491272312, 0.32329190903391236, 1.091729515655004, 3.2773849543365543, 0.6294522906658813, 5.093308832511525, 0.9796164441124802, 3.64655650963158, 1.9632891553614797, 2.5279466780400526, 0.4194361852312056, 0.24043354326812505, -0.10318210318484944, 1.5781614994481288, 3.5659455617805236, 2.664147314979772, 2.337681336097887, -1.3591664869268243, 2.6693415724135434, 1.6607005022079875, 5.145061331912643, -0.15166112070838267, 6.297927436736273, -0.12333766716159289, 1.4987162292204061, -0.0938980137634644, -1.597632768440235, 2.159548808998977, -0.006173953264067222, 2.4495861652047495, -0.08598188190123324, 3.0907802216210882, -0.44568783304731596, 0.3035023317498542, 0.5012210792825158, 2.0137678650959288, 1.6855968132491626, -1.3595829481902797, 0.7176234036076892, 1.121172095940608, -2.0793398452421457, -0.25124085637324356, -1.8885821037117694, -1.5624169421070349, 0.09347040440243859, 0.43497893614008376, 1.9761469314988744, 0.8156702561784641, 2.9466449273693343, 1.301628254750426, 0.6165831078260737, 3.10547743629445, -0.23051002874387905, 4.860812065935619, 2.765887204526905, 0.3948101326232347, 0.5368002350720076, 0.9749971890755376, 1.9309844898783695, 3.349675695064718, 1.0359135073686048, 2.165088735062511, 4.629369080427978, 1.5792303027335777, 0.5049310309075565, 0.2971218195987717, 1.6101756988493605, 1.5681498258091437, 1.0403732659848686, 0.8910305772174354, 0.6519907624924315, 0.356749517110984, -0.46587403478952183, 0.05413431093364807, -0.694918389218941, 0.0084062691167901, 0.04978644559665213, 1.7035034343412576, 0.3220702150601369, 1.6737542733040698, 0.3348337908155088, 1.6564002109331, 0.5977014539533627, 0.18226469894617026, 1.7812857759205087, 0.5145897988573722, 0.9515250876666244, -1.0111606350268119, 0.5781551052487828, 1.6163605117635598, 0.22161740789977102, 0.9581018092872853, 0.38321285143399564, -0.2573179246593895, -0.41105413783176914, 0.8091846544802479, -0.877042785466358, 3.30035791334123, -0.0021591248971333243, 0.25078600467327306, 1.0302029023928867, 0.18265585270475526, 0.1554480560083107, -0.01526508505963875, 0.49573364311342516, -0.02813935670458534, 0.4171289947058199, 0.6690449244447905, -1.5778934352124736, 1.1267085089499744, -0.5320405063555995, -0.8045559713794432, -0.6845885012182578, 0.07585706301941286, 0.4447081964892732, 0.6742103495354854, 0.5707331001040075, 0.23922882681085866, 3.074924202321313, 0.14164170650116148, 2.7125039544373237, 2.947261305434182, -0.41155276870239277, -0.7846981181515389, 0.12431636022333237, 0.013686876174261897, 0.23839620534158712, 2.6672061116404677, 1.2988211396333895, 0.16303327195979023, -3.0133512554077697, 0.6676619033789564, 3.8266707125605706, -0.01988864630263265, 5.368803456456703, 1.2187848510259016, 0.496990445893573, -0.05825348308735556, 1.6317501146526467, 3.697807879900722, 1.3229852258244534, -0.23203232409318275, 1.2795617100278776, 3.42501915758902, 2.782894024061818, 0.5428915276667112, 3.9802479118824294, 3.018529436343215, 0.6661780886884401, 0.0008122913405372856, 1.029261637188796, -2.5543684923317755, -1.0905993381786345, 0.5838808024699915, -2.3178389407259488, -0.07803625883286713, 0.7633953222571108, 0.9323662823480561, -0.15176202857531962, -1.2164028477522493, 0.3725746766346276, -2.460589313439243, -0.5078696630133663, 1.7864647459053344, 0.17546742218550548, 3.5654083015820675, 1.8923886322141357, 1.4949147089046733, 0.46432234935122096, 4.3933921131862235, 3.5931535240744097, 1.5735736343555118, 0.3952148034313723, -0.11640863557411762, 2.4662720997692418, 2.093135747700501, -0.6780726054658714, -0.3930121243142253, 1.883510550127454, -0.22901660302923688, 1.577600332753434, 0.6142286072423246, -2.92145314324506, 0.47674409741233603, 0.24087696167916306, 3.62795396266975, 4.455041796148976, 0.27551809147252015, 0.9124711903228047, 1.9377399076408608, 0.5623159509212314, 0.1654530330709747, 3.43705082608318, 2.5747425026081743, 1.1724875905504604, 3.361677717958628, 0.37102317470206003, 0.06275588346923655, -0.98002217113455, -0.13689957759768845, -0.18137281523004845, -0.5118554144026461, -0.48194209432645607, -0.08665938891908809, -2.6177684445377167, 2.2146872900771086, 0.2983147104538375, -0.3854325556723097, -0.01652727283811828, 1.955255964575656, -0.5843141260974107, 3.4674944396315652, 3.364360145784417, 0.35267636803860114, 2.4064906417978307, 1.552595424540442, 2.030514412535865, 3.3338891271957323, 6.117126425889978, 4.017003670209647, 10.232168655546957, 7.37924103819994, 0.0, -5.551115123125783e-15, 0.0, -1.3877787807814457e-14, 8.326672684688674e-15, -8.326672684688674e-15, 2.7755575615628914e-15, 0.0, -5.551115123125783e-15, 0.0, -1.1102230246251565e-14, 1.1102230246251565e-14, 0.0, 0.0, 1.1102230246251565e-14, 8.326672684688674e-15, 8.326672684688674e-15, -2.7755575615628914e-15, 8.326672684688674e-15, 0.0, -1.1102230246251565e-14, 0.0, -8.326672684688674e-15, -5.551115123125783e-15, -2.7755575615628914e-15, 5.551115123125783e-15, 1.1102230246251565e-14, -2.7755575615628914e-15, 5.551115123125783e-15, -8.326672684688674e-15, 0.0, 0.0, 5.551115123125783e-15, 2.7755575615628914e-15, -2.7755575615628914e-15, -8.326672684688674e-15, -2.7755575615628914e-15, -5.551115123125783e-15, 5.551115123125783e-15, 5.551115123125783e-15, 0.0, 2.7755575615628914e-15, 1.1102230246251565e-14, -8.326672684688674e-15, 5.551115123125783e-15, -5.551115123125783e-15, -1.6653345369377348e-14, -1.6653345369377348e-14, -2.7755575615628914e-15, -5.551115123125783e-15, -8.326672684688674e-15, 0.0, -5.551115123125783e-15, -1.6653345369377348e-14, -1.1102230246251565e-14, -8.326672684688674e-15, -5.551115123125783e-15, 2.7755575615628914e-15, -5.551115123125783e-15, 1.1102230246251565e-14, -1.1102230246251565e-14, 5.551115123125783e-15, -5.551115123125783e-15, 2.7755575615628914e-15, 8.326672684688674e-15, 2.7755575615628914e-15, 8.326672684688674e-15, -1.1102230246251565e-14, -5.551115123125783e-15, 0.0, -2.7755575615628914e-15, 5.551115123125783e-15, 2.7755575615628914e-15, -5.551115123125783e-15, 1.6653345369377348e-14, 1.942890293094024e-14, 11.526786812682936, 13.5897334775822, 2.417844421670509, -0.09493147813810765, 1.299888263176399, 1.2951322067162891, 0.3508610977532953, 1.1521060310588496, 1.351526735305356, 0.795362590521961, -0.31906190574710536, 2.8381830072451066, 1.7757713981613392, -0.33967111513769055, -0.2972016112411211, -1.5587894598035064, 1.1661775816865827, -0.8690217427121354, -0.4405588296991141, 0.25663009118565583, 0.047169346651060096, 1.2373691639216418, 1.6771782659168366, 0.0870032857922638, 1.9275591694668606, -0.4272271737451092, 0.7521941694412533, 0.21170397807452446, 1.8521576519394785, 2.1461407138858135, -2.507330186070419, 0.013213310346742446, -0.7593284002547307, 1.1392744064555131, 0.3636048086237338, -0.26102402073769326, 0.6103036517563964, 0.5414019636950229, -0.01183549031173925, 0.5501783637409972, 1.2521053700041307, 4.612983360195187, 0.2416852742267963, 0.11863450447481227, 0.03194434656558087, 1.723795164424331, 0.6600822493458338, -1.6748859448758253, -0.012096002404433648, -0.6216828302162298, 0.22691246159664047, 0.19318825425079922, 0.6498606516777556, 0.20289190877667806, 0.6462404354243176, -0.3469367991302761, 0.32191904181081554, 1.1446211179109014, -0.027661244953378628, 0.29153178750340203, 4.684564537617064, 2.696395232539942, 0.1904172843487686, 5.723495067771751, 0.23533556894741992, -0.16219043684100143, 0.8044681332404195, 1.6559343129292756, 0.6160586616828709, 4.92640865053005, 1.3638416784912692, 3.340407211020249, 1.524250221005957, 1.3111209772361292, 3.739981220748973, 0.0020047900012230002, -1.4641153465194634, 0.4020281114879367, 0.9832844390743958, 2.329088322531561, 15.89358197174576, 13.345465566416195, 2.7755575615628914e-15, -5.551115123125783e-15, 5.551115123125783e-15, 0.0, 1.1102230246251565e-14, -5.551115123125783e-15, 5.551115123125783e-15, -1.1102230246251565e-14, -1.1102230246251565e-14, -1.1102230246251565e-14, -1.6653345369377348e-14, -5.551115123125783e-15, 5.551115123125783e-15, -1.3877787807814457e-14, 5.551115123125783e-15, -2.7755575615628914e-15, 0.0, -5.551115123125783e-15, -1.6653345369377348e-14, 8.326672684688674e-15, 2.7755575615628914e-15, 2.7755575615628914e-15, -2.7755575615628914e-15, 0.0, 2.7755575615628914e-15, -1.3877787807814457e-14, 8.326672684688674e-15, -8.326672684688674e-15, 7.227981115306292, 8.08997930954527, -0.38744233191309263, 0.02064614659769859, 0.3458657474284337, -0.577587263022437, -0.7988133069888192, 0.7164025556741649, 1.8054114420718719, 0.5563456175931236, 0.6064573006830329, 0.2040556118090251, 0.5589090031255068, 1.273948691398573, 1.9285967463931968, -0.13756055109041654, 1.470731925699937, 8.57849522880607, 4.863851044340031, 0.0, -1.1102230246251565e-14, 5.551115123125783e-15, -5.551115123125783e-15, -5.551115123125783e-15, 1.1102230246251565e-14, -5.551115123125783e-15, -1.3877787807814457e-14, 1.6653345369377348e-14, -2.7755575615628914e-15, 5.551115123125783e-15, 16.63871616339138, 16.233786532309466, 0.1979291701682655, 0.8889001788789983, 2.157982729446701, -0.10712928296817381, 1.4467072254845448, -0.7406258306151017, -0.3301841537432608, 0.08291897112917468, -0.3966479046435438, 4.837592982638796, 1.6475557356266108, 0.2910722000224837, 2.3535992444320186, 5.543252571334051, 0.8168207289222664, 0.6027120619311575, 1.1368305710708455, 0.9543044111937036, 2.6673791800640174, 0.3416518354493121, 1.4533682092572917, 0.043811893073808506, 0.5105349601166722, 0.33995130439970467, 15.979807576396055, 12.489563435081848, -8.326672684688674e-15, 1.1102230246251565e-14, -1.1102230246251565e-14, 0.0, -5.551115123125783e-15, 0.0, 2.7755575615628914e-15, -5.551115123125783e-15, -8.326672684688674e-15, 0.0, -1.1102230246251565e-14, -5.551115123125783e-15, 5.551115123125783e-15, 0.0, -1.1102230246251565e-14, 0.0, -2.220446049250313e-14, 1.1102230246251565e-14, -5.551115123125783e-15, -1.3877787807814457e-14, 12.520654503819998, 14.871978425361604, 2.68974394240567, 0.5449697556018123, 3.5774707505263734, 2.0557484814779627, 4.757321423644925, 0.21579829304621967, 1.6906041620842984, 1.0126347099509019, 0.6759722147941147, 0.34432592630412273, 2.880855886585209, 3.4432483015970092, 0.11350739800047904, 3.5704055568038484, 1.3894227582422332, 2.179855822425054, 2.1991893136712974, -0.37976154666597495, 0.8628042950246027, 0.011373196805891439, 0.5501896092589789, 1.335797483711076, 0.6981722290386188, 0.7408327986986762, 1.0464602081620171, 0.26054434513270053, 1.497530244643798, 1.317909947777025, 3.1691710802394653, 0.4094767352081021, 0.9364013100786224, 0.2500654839635672, -0.2634918598429863, -0.46407139539803666, -0.5472989646327164, 0.48972631583922066, 2.614701070626836, 1.418333385855874, -0.21995767365581287, 1.370575417841934, 0.2100057449686119, 8.404730452923445, 0.7907644188804852, 4.589936369604786, 3.19991917103647, 4.405255665612515, 0.04514887062157413, 3.593314383295308, 1.4850859835768802, 0.36877948462989707, 0.5576184107743529, 1.8137139246775007, 0.9857217470170667, 0.08134643435300859, 1.2970375973409602, 3.0440300105003644, 0.4172618655029794, 0.561582061153274, 1.1074160733677445, 0.6251051130545591, 0.9504112648622254, 0.3479316250950717, -0.18856992623162228, -0.20413739619792182, -0.505470221280234, -0.07595988754277982, 1.0827012917771413, 2.110622116377357, 0.2583853285207738, 2.634588176977587, 3.084372570967787, 0.9966252567398897, 1.3961854669497598, 1.1206705494644211, 1.0231681717636434, -0.33761655176132876, 0.337696425257235, 3.526401980189462, 2.691902063674519, -0.6501283558104376, -0.010263268530110281, 2.950086206674598, 0.663911657029729, 1.8564769131278354, 4.786076817752729, -1.886296633269069, 2.4873923685731825, -0.7697627390409707, -2.9612269469341186, 1.1921475345345698, 2.886221088416903, -0.15291989554913243, 1.7974306459952913, 0.993485230641113, 1.1996052446892804, -0.09529341901856014, 2.62168525961755, 0.6503856983985088, 4.911519084096454, 0.03898001553775998, -0.5873830087084002, -0.306269696075276, 5.132373513972709, 2.3106488882423832, -0.30739103357950626, 4.416023997475918, 2.3266448004016524, 1.2890912178949065, 0.4920384590672313, 0.5211630478616769, 0.8951322890820279, -0.040631719143050304, -0.3115120079602889, 0.6225585127808699, 0.1940964402271277, 0.5874100667206505, 1.0781582094436999, 0.5034020155488577, 2.8818464305341536, 2.580706053014069, -0.44324947916081214, 2.501280804850751, 1.00813281083893, 2.0181946879141037, 0.013511264615260643, 3.2418878078927946, -0.6149197067666137, 0.42484126329372884, 0.09404394380908343, 2.006012468624249, 0.5799503620709459, -0.06879556024216527, -0.9915599453053119, -1.606948450203845, 2.264022598840427, -0.3310909701405649, 0.5198320067651707, -1.8031189607382316, 1.5587373594698306, -2.307841953158487, 1.0117289407729118, 1.9282318176462923, 1.5621503808731063, 0.2860908030119731, 1.4073758616296743, -0.07463231189944963, 1.0213728486548916, 0.06869268448883759, 0.09370753048690972, 0.0670461835350693, 0.21547176361943343, -0.3049330928682821, -1.132631946823011, -0.03864993209739964, -0.6467556268365513, -0.7500908207587713, 2.508049777240302, 0.08788695961803228, 3.8599475086280677, 0.9438533530564825, -1.2416734774909912, 2.1125818753788224, -0.16307696493254298, -2.4552162160582895, 0.289554438605677, -1.3472732270859638, 0.7988157037945882, 3.2610748645400633, 0.5259101639862251, 2.5554390476458764, 2.138516038857688, 7.445584340603801, 1.4994205602630473, 2.633960352801978, 0.25047178936750925, 1.7825125973573677, 1.3829876915501416, 0.11509601719183138, 0.7092741291334619, 2.7066056722134135, 8.1206824079365, 0.8386787466569672, 4.044782912437768, 17.845760689657425, 14.066621998834691, -1.3877787807814457e-14, -1.1102230246251565e-14, 5.551115123125783e-15, 1.1102230246251565e-14, -2.7755575615628914e-15, 5.551115123125783e-15, -2.7755575615628914e-15, 5.551115123125783e-15, 5.551115123125783e-15, -5.551115123125783e-15, 1.942890293094024e-14, -2.7755575615628914e-15, -2.7755575615628914e-15, 2.7755575615628914e-15, 0.0, 5.551115123125783e-15, 2.7755575615628914e-15, 2.7755575615628914e-15, 5.551115123125783e-15, -2.7755575615628914e-15, 8.326672684688674e-15, -5.551115123125783e-15, 0.0, 8.326672684688674e-15, 1.1102230246251565e-14, 8.326672684688674e-15, -5.551115123125783e-15, 0.0, 1.942890293094024e-14, 2.7755575615628914e-15, 2.7755575615628914e-15, -2.7755575615628914e-15, -5.551115123125783e-15, 0.0, -1.1102230246251565e-14, -2.7755575615628914e-15, -2.7755575615628914e-15, 8.326672684688674e-15, -8.326672684688674e-15, 1.263856981722551, 1.2454594596239357, 1.2588570146210287, 1.2591767479421474, 2.9343711494181726, 2.9666374196805343, 2.9804676451867955, 3.0251594356379243, 0.0, 1.1712073092157116, 1.2004034094501055, 0.5827871015591235, 0.5911462531599412, 0.6208146233349368, -0.027468845948945386, 0.11814990571653539, -0.0012254960068602827, -0.004741764891235789, 0.2129185629435888, 0.2315758183337735, -0.000505441149037722, 1.1690964073484622, 1.1949881663426272, -2.7755575615628914e-15, 2.7755575615628914e-15, 0.0, 6.4325858579654565, 10.79983492237136, 2.059904214140829, -0.26486559870599535, 0.4054045641923665, 1.7861847176034473, 3.5860219334167027, -0.36153218212848515, 1.9452848218510184, 1.6414024043659765, 0.2936488450224033, 0.46266292863472813, 0.42467446999381764, 2.439403252070008, 7.757536951889627, 4.453786094201774, -1.6653345369377348e-14, 13.011239514102158, 14.469964025860378, 2.917403502314471, -0.8010580750500935, -4.704284125591357, -0.06394363014510418, 9.337603780193064, 8.318688701158635, 2.747855514527089, 4.716847460325226, 0.28482401123457635, 0.19653702822847663, 1.6816752229967733, 0.49322477910422435, 0.5001014710661309, 0.12983710848183705, 0.1030841580538322, -0.2522867539142055, -1.0103564194386365, 0.14904316300510345, 2.1104672493827508, 10.291953603986443, 6.8245498150842785, -5.551115123125783e-15, 1.6653345369377348e-14, -1.1102230246251565e-14, -2.7755575615628914e-15, -2.7755575615628914e-15, -2.7755575615628914e-15, -2.7755575615628914e-15, 5.551115123125783e-15, -8.326672684688674e-15, -5.551115123125783e-15, 5.551115123125783e-15, 0.0, -1.3877787807814457e-14, 5.551115123125783e-15, -5.551115123125783e-15, 5.551115123125783e-15, -5.551115123125783e-15, -1.1102230246251565e-14, 5.551115123125783e-15, 2.7755575615628914e-15, 2.7755575615628914e-15, -5.551115123125783e-15, 8.326672684688674e-15, 8.326672684688674e-15, 5.551115123125783e-15, 5.551115123125783e-15, 1.1102230246251565e-14, -5.551115123125783e-15, 2.7755575615628914e-15, 5.551115123125783e-15, 2.7755575615628914e-15, -1.1102230246251565e-14, -5.551115123125783e-15, -1.1102230246251565e-14, 1.6653345369377348e-14, 0.0, 1.6653345369377348e-14, -2.7755575615628914e-15, 1.1102230246251565e-14, 0.0, 0.0, -5.551115123125783e-15, 0.0, 2.7755575615628914e-15, -2.7755575615628914e-15, -5.551115123125783e-15, 5.551115123125783e-15, -5.551115123125783e-15, 11.675664308442023, 11.537135488456556, 1.2637890574498556, 0.37900030499972104, 0.25747734253596377, 0.18967546454680928, -0.44772184081580235, 2.4083159002566674, 3.015806141974963, 0.1155819951180348, 0.7401999359570368, -2.2018514560548965, 0.23572343375874993, -1.2226412191365625, -1.6285577165398308, 2.1649993452371916, 1.9403894276058793, -1.0526354419926065, -0.006408928495773125, 1.0779172906722465, 0.1880278080707285, 0.15424785269192398, 1.993099106159832, 1.4943532445169012, 0.48872991058601656, 2.417844759197976, 2.0241025529990964, 0.05733873371340792, 0.20495925169072393, 4.655347288758307, 3.0419856391885673, 0.3911702454789179, 1.030161351583672, 2.453942022392823, 2.5965906428348973, 0.4391422598146164, 3.3331885458547674, 2.9905240007316536, 6.56176293418153, 1.3106938774837857, 6.836172699166198, 3.127395672479537, 2.148198192413105, 2.3417590937417856, 0.3677354094969303, 2.965486945756396, -0.10007776431487514, -0.860357829108068, 1.4101247362799256, -0.3010273226634581, -0.25206444334887124, -0.5027978058369911, 1.3033162299541061, 1.2706972531049985, -0.25035565066951904, 2.523884331811132, 0.43741258408360295, 0.5335943190426917, 2.1997625261827807, 4.190563801000479, 1.2612880924391732, 5.771375868170367, 3.942312787805861, -0.6744399177122773, 2.8630350484694134, -0.28481126418682834, 0.19095505615473485, -0.15223069786179622, 0.21981524546023934, -0.9400480432642837, -0.47340000888533496, -1.3892630638238757, -1.582379017597603, 1.0915054477388395, 0.2882635456611382, 1.2578832105994167, 3.548086299402115, 1.9644552578301102, 0.5026930351283738, 3.43601919602591, 0.4616216704733347, 3.425908636319832, 6.560606894769677, 2.0569011109216717, 2.959381888076507, -1.2435308622891625, 0.9714384451956448, 2.2129156666839265, 2.5477967233009338, 0.6262466965314388, 1.4988583707009013, 2.6942002833355048, 1.887676029338735, -0.4498939981228034, 2.3386892870457245, 0.9974972055765932, 5.342139677674311, 2.735162385149664, -1.0984360667476665, 21.085699133733584, 21.475290612837767, 0.0, -1.1102230246251565e-14, 5.551115123125783e-15, 5.551115123125783e-15, 8.326672684688674e-15, -1.1102230246251565e-14, -2.7755575615628914e-15, 5.551115123125783e-15, -2.7755575615628914e-15, -5.551115123125783e-15, 0.0, 5.551115123125783e-15, -5.551115123125783e-15, -5.551115123125783e-15, 2.7755575615628914e-15, -1.1102230246251565e-14, -5.551115123125783e-15, 0.0, 0.0, -5.551115123125783e-15, 5.551115123125783e-15, 1.253166065332918, 14.883256923663282, 9.037893288643147, 0.3044530052381731, 1.2377072812252834, -0.16243780464230895, 0.1317498009542959, 0.6825620511267516, -0.9519867426317319, -0.48240208791190753, 0.6226171698534699, -0.11877008555413227, 0.27806434191052176, 0.5738917905235041, 3.455765003999261, -0.14815938981266186, 2.2984508210737715, 0.34692548384737165, -0.03056896919112262, -0.30906804493851325, 1.0606464867807688, 3.3465578992092446, 1.0936976606659812, 0.7456620840702044, 0.4325261454218605, 0.5779908512669181, 0.7257365529680442, 5.777915412460814, 1.5763910961585452, 3.1637067073639145, 0.5126172459474247, -0.7158131257110796, 0.21183416650595177, 0.738545183719026, 0.8242137746351261, 0.7556378238307104, -0.4270320887250705, 2.3142311494113983, 0.9588927002751575, 1.1924916353957258, 0.49433972240666435, 1.1964936334604204, 1.3447518947330082, 0.2527087354529556, -0.4809050410974578, 2.1586582260140403, 3.401637621721335, 1.9692648576184268, 3.0483620285030497, 2.6280547470905304, 0.4829081347873654, 1.933892655394601, 2.845535345727484, 1.8951577457325754, 10.116633986106635, -0.14687524304279975, 4.532697973218674, -0.028712556843174752, 0.3950827997573185, -0.3101873771444872, 0.5684540477117537, -1.3066348817935136, 0.04812028273039459, 0.17870414568409387, 0.16790335538149748, 0.1204666923581783, -0.14255664727002682, 0.23090284778405135, 0.8526810970830638, -0.05834661062590385, 0.8184024573004223, -0.31717701801693465, -1.558624092880791, 0.19993343803254504, 0.8875404212637932, 1.6163281455058893, -0.4550307255379522, 0.14622273009763376, 1.4984724317432523, 1.3178516322403482, 4.989636791785742, -0.4744271030633058, 1.2468957778825853, 2.212787645649229, 2.950845106159619, 0.281323460054125, 0.8719970442610077, 0.18183888136877613, 0.24772964459182845, 1.8820269647822556, 2.189788370121761, 0.41092016342395254, 2.161508136104203, 0.1795484905541116, -0.1209029183790733, 1.4563788639494248, -1.6556924315339927, -3.4073185816063187, 0.2694139673492373, 0.4060554032039363, 2.242327697998178, -0.8294245529744444, 0.20579973789310202, 0.4183593695007062, 0.04821389244989405, 0.2926276996513195, 0.6489653891498506, 0.11781310589816485, 0.48017908356246153, 0.9425237675617382, 0.1787686362701777, 0.7590216397809115, 2.4945365663960217, 0.5865696101444939, -0.6815723491246501, 0.8941523266275908, -1.8102755356239584, 1.3318552958852479, 2.746394587402847, 0.9065081466506228, 2.784467935408003, -0.20390160553404257, 0.42905680414219205, 0.5031284176238557, -1.794367357193238, 0.18749023770638473, 0.6971455667452062, 0.7731219450938056, -0.4969117546752386, 1.2116478272382096, 1.3678330431112613, -1.348792171509018, 1.543447740968702, -1.3661972760688457, -0.3304555235125122, -0.29955030798197413, -0.14239445047977028, 0.6471671044490961, 0.58771760218292, 1.4131395095867845, -0.08092555499169407, 0.2819949940894162, 1.0306131314727338, -0.413793688263695, 3.224315603973139, 0.34911325747299315, 1.0631549417938402, 0.8961907686842778, -0.949319692421227, 0.19213169313931644, -0.3835999173450091, 1.7772952813853635, 0.4604079147860318, 1.6721384271277202, 0.23793373013734254, 0.9546123315283523, 0.09816008721583103, -0.22215312218975214, 0.3382209566745189, 0.3434863961605856, 1.1147864657444302, 0.41899452843335894, 0.7765562813819997, 1.0049685852577, 5.181141982612445, 0.995310031926067, 0.5694404296069422, 0.5017860804674399, 1.640196435386656, 1.0833079881172125, 5.383904354020757, 0.4537719259252242, 6.170981301408176, 5.659135671876015, 2.3263292204292725, 3.6761015223547417, 0.17346645904515867, -0.22076258912537128, 0.03470885187306294, 0.46781702979401985, 0.08415519754817069, 1.367034736303026, 1.1301306615474118, -0.012007793612866635, 3.2415658237500793, 2.1995509623084786, 2.114298399803303, 1.3089090948344904, 1.5935926302307877, 1.766716263505117, 0.15625916089015846, 0.6563199500606629, 0.5833447828342457, 0.7698040005322468, 1.54808020935495, 1.2809245037467178, 1.0937425678634156, 1.4536187841621029, 1.6622410905898164, 9.620542542048355, 7.525636027636288, 13.740180825232443, 13.94420109685089, 0.7372286415172766, 0.35128688105731953, 0.1619929334735275, 0.4238557038427473, 1.2353757306148623, -0.059874533667397145, 1.7095608791946404, 0.6068457779018104, 0.7105517620643695, 1.7394941509318755, 0.2766094228036593, 3.7990849474465165, 0.28936297589285687, 0.01807363201137946, 1.0090472163718687, 0.016051130113709178, 1.4159959218970357, 2.088976103968321, -0.07143530972695089, 1.4910041714604176, 0.7886360573971274, -0.2130210333126854, 0.21904652925306323, 0.9995141380226755, 3.3971555229732076, -0.8266530279591962, -0.8090029497457749, 1.7971278617917505, 0.8744842322694808, -0.8602282686028673, -0.375287595421554, 0.038451031623623066, 1.1483590763614586, 0.5674614020594788, 1.1735008498811794, -0.013993808726922907, 1.0240364189158981, 0.5024158951935931, 1.624420720194621, 0.4593084708810409, -0.7730209509722101, 0.851954455780799, -0.7104674608155221, -0.4563804545160224, 2.191718901293598, -0.031085541113895943, 3.0012826970601623, 2.808602123516067, 5.30017132851728, 1.587151765731619, 4.26099107744983, 0.7803683318671801, 1.5351951735025864, 2.1739632980043666, 1.6437579450463602, 0.15111307366069582, 0.07602727891077166, 0.7139904444305216, 1.0400508795466408, 1.8538034917941388, 0.8513239579742731, 0.5835550954520556, 0.021172907949733144, 1.3308129213165785, 2.40743401007029, 3.7338457770140394, 2.534951776768139, 3.4956352361836593, 1.3891245681948874, 0.9244564297311513, 0.45793880199767045, -2.121660713182621, 0.828851266882964, 2.5736295021166598, -0.4963317406609349, 6.346537182996542, 2.7937802850143214, 0.12990580494317783, 0.32436205835409737, 0.7992619142765989, 0.03286835330976601, -0.3957850919165935, 0.12504086060181407, 0.20434753377236348, 0.301079466320175, 0.23269003649582487, 0.41780114189700157, 0.061632931548075476, 0.12905759792346316, -0.03618845215106603, 1.3406997920761796, 0.31902948055838465, -1.89408529435363, 0.1343948546872582, 0.5589992717528389, 2.992881449493467, 4.174419961068935, 0.38079787301201407, 2.6155968941845344, 0.3139214810247779, 0.07337093964980568, -1.1600847548283468, -0.4462735391881836, -0.2777424898797278, -0.9287638367040358, 1.1003610032753386, -0.18255362427277078, 2.5966244372731353, 0.3585635033489041, 1.0694267108963516, -0.180430707916571, 1.368262920678177, 2.089468563898947, -0.13071683259963152, 0.22496092900613007, 3.6474688029175297, 9.356471591167534, 6.470212065981272, 0.6282397164880962, -0.24969067128885314, 0.5523651080056311, 0.5686208939582684, 0.18622390402794764, 0.1202632756083375, 0.17986142442588005, 1.9585546257328943, 1.1799915610915548, 0.605378397120603, 0.8343804785316138, 0.6865795986168024, 0.8395127382653413, 0.5394156963124175, 2.3165690769879674, 3.916358282612748, 8.88617137022382, 0.07650846049017446, 1.1154577323645753, 0.5372481344511755, 0.25083805887189214, 1.120141436241454, 3.9680625396862013, 2.1631486342654966, -0.42895531444656854, 1.2377121423871245, 1.300312340912967, 0.3207918581463787, -0.16844273466739423, -0.7706894561437139, 0.4658056612303625, -0.598676601400939, -0.33134788516937874, 0.27952375594203716, 0.3037460284093356, 2.378381831784793, 5.306934686122844, 2.886477503705237, 2.4832980184604594, 2.4406762890519644, -0.2788733484635486, 0.08447717671623423, 0.32266250359356263, 0.6749669713412345, -2.1791071521166714, 1.5003620993901166, 1.7730145363138377, -0.2607177918356314, 1.8740148158358068, 1.122802519862546, 0.8497030258539269, -0.9933084911272658, 0.3551339670542859, -0.019461428749195875, 0.42560258040373355, 1.2844087170372518, 1.0665175656287431, 0.11042585802363192, 0.2822921962678038, 2.8228432753394657, 2.8525915412762686, 2.526619606143413, 2.147102894646764, 1.1550404860659853, -0.4712251290313816, 0.3684021063708087, -0.8357831074693252, -1.0430852325964395, 0.19097282641214974, 0.16062612627143835, 0.5937113572497026, 0.7270566111430128, 0.7939123942393564, 0.5990958809485392, 1.5241951777668419, 0.6291211815163535, -0.5271873180680018, 1.0837186532781402, -0.7358255522652541, 1.554110346907919, 0.2829469418717565, 2.1460463826209946, 2.0314583481124373, 0.9801455680411095, 3.8451447313568963, -0.0116241192904738, 0.41838967842930685, 0.5067707749016108, 2.257147154362258, -0.3766929974960931, 3.284555473167984, -0.7795983678463472, 1.2718404217702926, 1.2807665966650035, 0.8572582604618475, 3.1327454822339007, -0.49881791828352107, 0.4345814226983009, 0.30642124967531004, 1.3706797501938013, 2.287647419895791, 0.1288380593382783, 1.3907710458902898, 1.6789719415078252, 0.6169019916014236, 0.3812011688510353, 0.5194403336664237, 1.9817269648535927, 1.4796012622233121, 1.4518338258894232, 0.10750583240394462, 1.4414905907418074, -0.05168247993822206, 1.1672354968945626, -0.30854880257712125, 0.14801833300892042, 1.7854182670303373, 4.743971830212146, 0.24732797337883028, 6.380370295457496, 1.2339829913540115, 0.5565009723018761, 4.536179399267937, 1.2719775162428846, 0.7363322048833112, 1.6453185714814538, 1.391756577401253, 0.5277395754916512, 0.017130798232088296, 0.6394262510624031, 0.011743014803300866, -0.06510157129926597, 0.10848426413012646, 0.014555762521183624, 1.805401663578607, 1.7460732217801933, 0.2506982769069168, 0.9166612436934827, 0.6161625444929086, 0.5266564078903855, 2.176760805891348, 0.7056336434047239, 4.987619213912609, 0.9118640167559988, 0.6495132470884073, -1.8976461791163501, -0.9590311460667067, 0.23267934777788923, -2.375342375945138, 2.006219749673079, -0.7162253760193948, 1.6588847490579894, 5.4169546762626055, 9.426128965916618, 4.09735915211974, 1.3877787807814457e-14, -8.326672684688674e-15, -2.7755575615628914e-15, 2.7755575615628914e-15, 0.0, 0.0, -2.7755575615628914e-15, -2.7755575615628914e-15, -5.551115123125783e-15, -2.7755575615628914e-15, 5.293529171753342, 6.726720256336833, 0.9086316537666335, 0.12188979480785633, -3.599350292075627, -2.6188401925366804, -0.3069495299593825, -1.1451133161273646, 0.9080548707131442, 0.40861075438699856, 0.35228084572969465, 2.1026837154212075, 1.0755269889412773, 0.6250443508752426, 1.6232323202697359, 1.3137958961793288, 1.1477600181194276, 0.36823179272599305, 2.228707858971916, 2.6169554885077844, 0.523329826279678, 1.2804600509245745, 0.45504893421477277, 3.425060266455972, 0.6133029998670168, -1.041186625005622, 2.0467375805882284, -0.7134129178563313, 0.1397913657697103, 4.189333118937412, 5.680445133642593, 0.7131388613490799, 1.9515758784203001, 0.13714614092867805, -0.04508169490151204, 0.1643736757301042, 0.3537550133634966, 1.4850368056826255, 0.16372054951878567, 1.4089678930153582, 1.6486240331487352, 0.4241865667781468, 0.1895227796844665, 2.066136512534257, 0.47278104261468457, -0.24174909352177565, 0.2720133318111664, -0.6459227838607546, 0.5141981871584278, 0.371404589482097, 2.148845338812606, -0.24359362330753243, 1.735999226420887, 1.9612047623048738, -0.4082922431150564, 1.0642791016697402, 3.441237504167759, 1.9940561414650233, 0.025936378251572023, 1.662136550906439, 0.36003389124499563, -0.20006135839128092, 0.723577454076576, 0.2524410112050077, 5.812743035847319, 6.31469739101658, -0.11501021100798425, 5.80271371684961, 3.8541446205910006, 0.5125511953316959, 1.4453299932689276, 3.829926549566437, 2.4912258605350246, 0.45130287991764817, 0.819127797744045, 0.6883776241024293, 0.17979347420920533, 4.194620391213363, 2.9281795961451564, -0.4935001662381069, 1.5745880565212644, 0.835759863759904, 0.39360209547876934, 0.08494663884987119, 0.23262303295751963, -0.31837593863460256, 0.15853875925273542, 0.10053396284816074, 2.0445679978591045, 0.3612064040672607, 3.6965419046428707, 0.6008887611237128, 0.49364371978253985, 0.1267079424549422, 7.517113646073852, 0.7592214638885366, 3.9564777520222947, 1.2814984898006117, -1.0636969256419775, 3.841134274176227, 3.1639596269548633, 3.060162824205861, -0.3926184902048533, 0.3096249624056213, 0.08000062981622591, -0.19709063218883216, 2.7302496400440646, 0.6507564845553588, 1.4506940713474705, 1.434516086964095, -1.013513304384361, 2.9231407631801574, 1.5672839236670484, -0.23149101794928129, 0.3262895728599915, -0.0003713060631866938, 0.9560678872253732, 10.808435184423871, 2.5255122864996196, 8.014709946976282, 1.686562891475191, 0.5685127385784767, 0.07359217617265301, 1.6105514467383415, 0.325855638410232, -1.3840070206122164, -0.052377495243462135, -0.1597176019669746, 0.8239455934778448, 1.3466761288749751, -0.7099243271877071, 0.28224025753354454, 1.4874607314372383, 3.379357752195233, 3.3316124678661936, 3.5867898677762753, 0.21106859958223367, 0.2246928222649558, 2.1042571401026464, 0.4214316681977266, 0.606341400289466, -0.06598519717024942, 0.21711785311677545, 0.7747995233945346, 0.6276306397026588, 3.886502606869783, 0.8998233947706922, -0.19549965121098012, 2.2432117854304465, 5.108904197036026, 1.1692230851043632, 0.8190868129904629, 0.23879020270085505, -0.14200516555689546, 1.7181222283770126, -0.48727403662138613, -0.8636807775387183, 1.3025478971091786, 0.21901279812169605, -0.33008146961924467, 1.6431948125114104, 1.6822091292988262, 0.9774469465159541, 1.2903629159189336, 0.46996514774988896, -0.0025136471274151972, 0.9867240009103284, 0.036131116771741745, 0.13756772928218197, 0.2951752248660853, -0.32660141752896266, 1.1809612498371678, -0.2374295499386676, -0.29584283758839547, 3.49979989754587, 0.692582700333503, 0.22587790330382518, 2.304574190635094, 2.2704202636562627, 0.47742526848168154, 3.406572462642771, -0.2448833579705365, 15.801101613341473, 8.042792272267832, 0.34910217706631386, 0.3591154759515405, 0.39501036648334775, 1.7599158827495671, -0.3785836534006535, -0.291498196394258, 0.032668525848237095, -1.4276579453566143, 1.1489565511351145, 1.2199449882268993, -0.7638211332030664, 1.3297688415199502, 1.9895194345363336, 2.511619758464832, 4.221554655499716, 0.4365629366044175, 0.8552985980758336, 1.2630834572348704, 3.727790163636371, 1.8446614454086614, 0.8602981019229503, 1.7862716806372418, 1.6207103380113068, 2.649532497128888, 0.05950256230838136, 2.9843290113727505, 0.8884167357336139, 0.27683388034816403, 2.4520202652305443, 4.500106599509266, 4.6337081250862155, 5.170717849062356, 0.14547569848798503, 0.25007206605462784, 2.367587961850006, 2.723502739060393, 1.9666069832073845, 8.160279265945377, 0.944730144667119, 0.19591640080324169, -0.12162842529076556, -0.5887214926835611, 1.7577685248001274, -0.00813712940882283, 1.1577881047395238, 1.2382425439600127, 0.15981809976005934, 0.397617875501453, 4.239340195408204, 2.0921175432982295, 0.33672803031282683, 0.4651599351227844, 0.8832078230860247, 0.6201390273268714, -0.32093767585111266, -0.07685319444297534, 0.003208519951684252, 0.5924278460695405, 0.44004434883403576, 0.3612321634261946, 1.3418257505431512, 0.3818874359832307, 0.3700211531017459, 0.12762915859224222, 0.575981025023026, 2.517449354409493, 0.392961984865444, 1.9046638969468717, 1.2667289318708725, 0.2280255079662794, 7.065658030922123, 1.8805930882843995, 10.087887407679787, 0.30096152802364884, 0.44035893255332326, -0.21853721642489177, -0.010605478617918607, 0.709312857751371, 2.2156739501431275, 2.120973969556985, 0.11538050345995998, -1.433118398432498, 2.6242750412280884, 3.0886835948117835, -0.030426741887026765, 0.7995039257612859, -1.047858817485178, 0.2989865381426, 1.3453323806618016, -0.7766915564953933, 3.8501334331970725, 5.029828808664092, 2.406983551253262, 8.326570929064218, 1.2131054670378774, 1.9163225227893577, -0.16136379246145793, 0.16762131871843167, 0.7986975071035829, 3.3008853884311407, -0.20950476433961285, 3.921317405953232, -0.7456456611406566, 0.35644116710633966, 0.19004753671868002, -0.41423492533567696, 1.4107061712387292, 0.606200737537506, 0.5654972616686251, 1.3315082610277216, -1.282422276827873, 0.8736408072306858, 5.042969947824247, 5.945351295933307, 2.387691683015987, -0.14735835246219153, 0.7503169864440338, -0.001105447634159873, -0.4115595366009188, 0.36769689521085525, 0.7691886563420951, 0.836200323361652, -0.3190050591520617, 2.168595949575206, 0.0011906904851173294, 1.5932971212760663, 0.46014377388095795, 1.5655320044034227, 3.3532589902891345, 2.518270059893837, 0.3724233259943617, 2.4158557410117965, 2.7171385197860616, 1.6978361288550445, 0.8306580068065443, 1.2426938132693977, 0.4749357177440743, 0.38783007406431125, 1.8982741078106926, 0.9561328436817007, -1.743203482071067, 1.4099508151515465, 1.8998007156142194, -0.3453460533771988, 3.8477767414429422, 0.7601492169435744, 0.839708913264019, 1.3299999458261311, 3.5045978362220183, 1.1390406444342034, 1.1601941526279234, 3.059376809092271, 0.6843484082288569, 1.6000594948518199, 1.8352383712299627, 1.3022332795750344, -1.4712464113341355, 1.3378663920675535, -0.02371045085411083, 2.43080792636016, 3.54508281740317, -0.643528748170894, 2.8143505214510185, -0.5173847543283898, 0.17700936208359508, 0.11133424464165387, 1.1720176079628288, 1.3370971635917215, 1.8371566166386515, 0.3708256974930464, 1.2022595870515147, 0.24349187346822987, 3.6225314780348015, 0.6358913314264782, 3.1738268413150763, 0.07015743190657986, 1.799320825056867, 3.2140525472111534, 4.396262539217162, 1.820472197528062, 5.592984507514814, 0.6293790853603696, 0.5026784864199669, 0.7012423408133657, 0.35781583018393803, 0.8664461281675813, 0.5047419250802534, 1.961893855325883, 3.1386948456278674, 0.886782918338497, 2.5041208298601987, 0.8257149385187859, 2.1009114370947373, -1.0791132622838262, 13.497571950127622, 8.263106787594484, 0.0, 1.3877787807814457e-14, -8.326672684688674e-15, -1.1102230246251565e-14, -2.7755575615628914e-15, 1.3877787807814457e-14, 1.1102230246251565e-14, 12.29239580676979, 10.141279193524909, 1.3864257383620924, -1.140823320210842, 1.949416553493279, 2.005117268850853, 0.046482443754456426, 1.6623217313501186, 0.40593914866903447, -0.038424194830326996, 0.4868078811069836, -0.058970225708122825, -1.286074885095701, -0.5994969835998631, 0.9494894261766831, -1.7913672448305533, -0.07571380151136964, 0.6163457088003099, -0.2352551359686288, 1.8586650338814934, 0.49074980886754815, 6.649015228594379, 0.4582322346411445, 2.6606047445061023, 0.4591865292768773, 1.719898560214716, 3.8272249621934407, 0.24931132767926556, 1.6396072162161204, 0.009396565619113062, 1.0505009175262217, 0.10673452452041943, 0.24961832434499343, 2.1143045298712764, 1.5401203233017213, -0.15761185261567334, 2.5191102320742402, 0.115095098369693, -0.4254615563964421, 0.10455895275501348, 0.9189546129908592, 1.2084423975067295, 13.179555410888312, 1.0261974706230035, 11.427854486134862, 0.7634336418193755, 0.3229643298004703, -2.1088316668992206, 0.13150827537299392, -2.8775345817300035, 0.211574582262557, 0.6896248956991826, 0.6178724947964724, 1.6221814246330268, -1.6609455766683254, 1.9546378569801846, -1.8864460307443949, 1.1294278524156312, 1.7720884186062449, -0.7584399727923881, 0.0035657886531623717, 1.9353815218257182, 0.21065789717047778, 0.44679108482847596, 0.9805134933047555, 7.204614280678385, 5.566161591663246, 1.0645669313094004, 0.2290334665799918, 0.18207933847217816, 0.1619948734950185, 0.4353285679319612, 0.18471894850256376, 0.263489698510341, 0.7777830209229677, 0.515879726327853, 0.5141192581461951, 0.12797532700544423, -0.5357127573313392, 0.3224686052996617, 1.2374961911362448, 0.7271361129310776, 1.936135255627903, 3.0399337430993114, 0.27592412255310705, 0.7001917048113313, 2.6377671899230677, 3.735888385232556, 2.1280232914897397, -2.1221560946111424, -2.317407533598413, 1.6762593151224507, 0.9139986273493719, 0.7810886600801155, 3.0373652608276984, 3.375810066080902, 0.2941832698628275, 4.493469575501621, 3.7750282320964175, 2.662109339769046, 1.0876190932508507, 2.2784605356297334, -1.9588357658343512, 0.40723632437101287, -1.2289278221261952, 0.3592440761424598, 1.4524300299922288, 0.8810569756353459, 0.5237425674140184, -0.08189716160160287, -0.5014656616239108, -0.614097858571057, 0.030104522041455084, 0.15397691572769645, -0.2604822579364736, 0.8795557505770546, 0.24393804428166277, 1.9370828142230607, 0.2938407426334777, 2.54378006316972, 0.18576416380490457, 1.8318292199407722, -0.21427876297423154, -1.9355974469854687, 0.2586947103480952, -1.3586686854675065, 0.9889886724494659, 2.6404070463955236, 2.0491858541390116, 1.7638557753419377, 0.5782182888702891, 1.515408007649654, 0.6275595961099327, 15.312233610456389, 15.308183151710267, 1.3877787807814457e-14, 5.551115123125783e-15, -2.7755575615628914e-15, -8.326672684688674e-15, -5.551115123125783e-15, -1.3877787807814457e-14, -5.551115123125783e-15, -5.551115123125783e-15, -5.551115123125783e-15, 2.7755575615628914e-15, 0.0, -2.7755575615628914e-15, 0.0, 0.0, 5.551115123125783e-15, -5.551115123125783e-15, -5.551115123125783e-15, 0.0, 5.551115123125783e-15, 0.0, 8.326672684688674e-15, 5.551115123125783e-15, 0.0, 2.7755575615628914e-15, 2.7755575615628914e-15, 8.326672684688674e-15, 0.0, -2.7755575615628914e-15, -8.326672684688674e-15, 2.7755575615628914e-15, 2.7755575615628914e-15, -1.1102230246251565e-14, -2.7755575615628914e-15, 0.0, -1.1102230246251565e-14, 4.77675672121881, 4.806104981291583, 0.5043415393727031, 0.20290896813441606, -1.3158323554307572e-05, 2.1154895911377025, 4.286555791564922, 0.7103379131003464, 0.17288237831800757, 0.5281275569484905, 1.5028268828293392, 0.33635524175795695, 1.0983857305704419, 0.32504604066541276, -0.402902325489535, 1.130407060970299, -2.5381901360948405, 3.3257495310118657, 1.432971317213969, -0.10136580476364543, 0.31758826910541416, 2.1567242215278952, 0.6843440924526192, 3.075833386649208, 2.3055277433963113, -0.8350179260522737, 0.7359886078264992, -0.5540577800865378, -1.3754436167143922, 1.9578455795101206, 0.060209053646360644, 1.666626373997019, 0.32230899858760154, 0.955028338580945, 0.2401233343711482, -0.06824436936841494, -0.3755549804684506, 3.2703661875866317, 1.3771253188723733, 2.370524950889859, 0.6905889215731236, -0.3978195045713875, 0.3959274674494253, -1.0495000548458506, -0.09098718507981118, 2.5219545564532666, 2.89165572161437, -0.7458716099291678, 0.07347058340610602, 2.7838261053950646, 1.5970029943218549, 0.44517795231159596, 1.8270869814166417, -0.11924193184162846, -0.4796677387865884, -0.5936255738560021, -1.4481620362439855, 0.7931899710025903, 0.15326396239996143, 0.7713665872451259, 0.10087707355737052, 0.5444675083081449, 0.9112698744959289, 0.8091601623483768, 1.5893281986428178, -0.2288068550938931, 2.4456776341292255, 0.01712065927574713, 4.598139589802997, 1.6362188826010708, -0.16894178360990963, 0.42570047129871114, 0.8644792812436606, 0.3661745809967272, 1.2735683580689567, 1.10976865274003, -0.006183053382841308, 1.6635842684015074, 0.6099862519092767, -1.1972753824716165, 0.7077691346908637, -1.385318000903851, -2.1301957108295824, -0.26236018804695505, 2.033249722573885, -0.3035325028870375, 1.453084721367361, 0.10930931021843548, 1.460601272010706, 1.3787921614254515, 0.3742981282738356, 0.8529789280424893, -0.8541112435860327, 0.051160986989714274, 3.736112613686487, 0.979306363518333, 0.4128183404455399, 0.39942775215530446, 0.9939755111879549, 1.4420857865414405, -0.01631375717397532, -1.5368366314300488, 0.02736705774418624, -0.30243873365421337, -0.24612245352278705, -0.8765189679546381, 0.7688231028434416, -2.449666796167577, 0.625859122166645, 6.6174253547838475, 6.53285739973029, 3.779255867188734, 2.4110383518113707, 0.0, 11.181868691339641, 10.435952508169109, -0.8856156639453161, 0.3932077391192763, 1.1205471625580685, 0.38029751844058524, -0.13783092893632443, -1.91452995526231, 3.3481396342078824, 1.2999751217931532, -0.20014574100358118, 0.37980411674236336, 0.7466397460120078, 0.07874198213480099, 0.35358158265125894, -0.3657279978168759, 2.3069250301948045, 1.6511970821487978, 0.8849601698054812, 0.9406621138593039, 2.3265989958310485, 1.0478434995355457, 0.3862816637106903, -0.05894453783932363, 0.04810725968192742, -0.2724747237033114, -0.019873342203979405, 0.31535064305445815, 0.17039062898138013, 0.1944853593553404, 0.07287176633495562, 1.7907307042167417, 0.3484472984029452, 0.5203456612765578, 0.10152266140265453, -0.023264952236104364, 0.3046407237677329, -0.07505698322195542, 0.5769630074971843, -9.460620020718125e-07, 0.3978859638492338, 0.13099692165880583, 0.6181560682217508, 0.09819934458219848, -0.15789752554054814, 1.5866801249484368, -0.4838852374960396, 1.700942316307696, 4.142208171658112, 4.427249083711082, 2.7755575615628914e-15, -1.1102230246251565e-14, 5.551115123125783e-15, 8.326672684688674e-15, 1.3877787807814457e-14, 5.551115123125783e-15, -2.7755575615628914e-15, -5.551115123125783e-15, 0.0, 2.1371482784837212, 9.593486455016652, 7.75307940905607, -0.062254736465533256, 0.9205736517467358, -1.092422891503162, 0.7597770658276204, -0.34527400425662336, -0.04815522917795079, 0.6511865592236745, 0.4493825568697787, -0.03501552493895588, -0.21640578848163727, 0.08832339377642029, 0.7856426711584561, 0.499298125796912, -1.3736500018650304, -0.06038559889111639, -0.4471335092125912, 1.09999082254717, 0.5270986120166015, 0.05203983672720369, 0.013437394520281032, 0.24167375184265438, 0.15106668197918793, 2.125475906692486, -0.3861321689357453, 1.0379514610918648, 3.8020643867815522, 5.620025237457412, 0.08325323846361243, 0.4982451740414149, 5.468708954978666, 3.879833424019523, 1.1627274139698045, 0.1482699313936564, 0.0780438038775344, 0.2290771510159857, 0.9709927027298306, 0.23139160201930054, 0.552989961921611, 0.18626230614739825, -0.18906606492097922, -1.273179869446551, -1.441183692443687, 2.554321335958548, 1.8713666558956277, -1.7561599403538253, 4.372400072705261, 4.825543177333458, -0.01850719277224755, 1.3124012722051077, -0.47858067615601385, 10.724352143088517, 11.585865078612748, 2.7755575615628914e-15, 5.551115123125783e-15, 0.0, 0.0, 0.0, 0.0, 8.326672684688674e-15, 2.7755575615628914e-15, 5.551115123125783e-15, 2.7755575615628914e-15, 0.0, -5.551115123125783e-15, 0.0, 5.551115123125783e-15, 1.6653345369377348e-14, -8.326672684688674e-15, 5.551115123125783e-15, 2.7755575615628914e-15, 8.326672684688674e-15, 6.67741878478995, 11.607634561560488, 3.0862442160456567, 0.6798629085977552, 0.9602292496808218, -2.438603140696955, -0.01562835526195272, -1.4377192116575657, -0.7564200233447309, 1.4661387885231818, 0.9533044985911658, 0.3693128426745602, 2.977996407431931, 0.27266143710699, 0.4550756147002346, -0.552092683345677, -0.1509236073733291, 0.6781352687007995, -1.3307272821855918, 0.6726372006060046, 1.0406652960216434, -0.15757882720856742, 0.5829968802910344, -1.956928961957459, -0.28373276060455055, -0.11053398359121047, 1.3476657192210268, 0.2950743497586359, -0.01598625117671304, 0.11236323906305756, 0.14163067610033409, 0.36410165960731433, 1.066464278198822, 0.6814819907870913, 0.2981160139947576, 0.5538313324592821, -0.4000283215673335, 0.10537735712921403, 1.1838091836816034, 1.384785394733683, 0.03196799792596039, 5.9599399792134875, 0.9743300704451201, 1.137234347619895, 1.3914611017451364, 0.5999699076980392, 0.45549720237850977, 1.0397329599728096, 0.31288525252846, -0.04948994379122951, 0.2216128333170957, 0.4915842826623873, 0.3899801747312779, -0.1176391119789173, 0.39185957582938613, 1.6933091619752645, 0.7806069429103957, 0.36388322343803736, 0.2898079096250825, 1.0622604020363298, 1.529971441491881, 2.115370199024653, -0.5373903714355492, 1.2942278949105344, 0.5768426442388659, 4.437135437328507, 0.7266117852637279, 6.508685569967341, -0.37595236946779664, 1.843779972702265, 1.0888879920646843, 1.9682410871229763, 2.405046205892802, -1.0386884554157092, 1.3110827184704874, 1.6375783942052635, 1.6416177898859843, 0.37200928573808767, 0.1911448773122686, 0.03562230148459378, 0.7690610611305999, 0.7934604768707771, 2.6370381000048297, -0.9356586686570552, -0.9752915572089762, -0.13035854633790223, -0.09190912087018432, -1.2305341143403723, -1.212901451139203, 3.457486728628851, 0.014662521578770793, 2.366411740295348, 0.7227412934997801, -1.5036536669441887, 0.37208164402144916, -0.6704362826407646, 0.2081582595885152, 1.513904513864162, 0.2086082722174183, 0.9816573893733391, 2.163169031002411, -0.07612606856883986, 0.9237726890260092, -0.7390034184842875, -0.9313854243632989, 0.7793134767974834, -0.4751910053365691, 0.2603926281398117, 0.9627310826907376, 0.8999573279778588, 0.18733450623793146, 0.8777356289960494, -1.804832012298391, 0.5763457114373978, 0.9758520620733293, 0.5900263710636864, -0.532795157335471, 1.057131465929558, -1.7227432599455312, 0.9127517375725631, 1.8312110365417595, -0.3685856128377907, -0.19520397686682145, 2.086530135200462, 1.6456848261443753, -0.1441101509530398, 0.6091068167647293, -0.0624905567364209, 0.025583034848516206, 0.5763284117737797, 0.5946178653127632, -0.009983927601993514, 0.9186111076613699, 3.5520034052197786, -0.0183555296268878, 3.4421290482960494, 0.19627653721920524, 0.4483775291018617, -0.0014040755984225939, 0.3608588622906126, -0.05757232381930777, 0.1946228389976028, 1.244124202098753, 0.3183100940858381, 5.195396133917818, -0.12254837264809737, 3.001413021378255, 0.43264695008940635, -0.1519364608586926, 1.821926903217836, 1.5302438370537033, 1.1636437158681705, 1.1077438397717465, -1.1102230246251565e-14, 2.7755575615628914e-15, -5.551115123125783e-15, -1.6653345369377348e-14, 8.326672684688674e-15, 2.7755575615628914e-15, -2.7755575615628914e-15, 2.7755575615628914e-15, -8.326672684688674e-15, -2.7755575615628914e-15, -5.551115123125783e-15, 0.0, 0.0, 4.122403074576074, 8.835292152630274, 4.498722451531393, -0.06130969664724262, -2.6292908176426977, 2.851230023788247, -0.2794542134594735, 1.4143660080338236, -0.8653362327765706, 0.5506086689917709, 4.697653865188869, 0.8860665080842125, 3.6212273623976046, 10.745438278819023, 9.872803734719, 2.7755575615628914e-15, -5.551115123125783e-15, 8.326672684688674e-15, -2.7755575615628914e-15, 8.326672684688674e-15, 5.551115123125783e-15, -2.7755575615628914e-15, 5.551115123125783e-15, -5.551115123125783e-15, 2.7755575615628914e-15, 0.0, -2.7755575615628914e-15, 0.0, -5.551115123125783e-15, 2.7755575615628914e-15, -2.7755575615628914e-15, -5.551115123125783e-15, 5.551115123125783e-15, -2.7755575615628914e-15, 7.407382572819909, 6.30413110698256, 2.947805674232022, 0.6220010594632157, 3.347563599995496, -0.045431296937962884, 0.4989059955950381, 0.4699571384371808, 6.400798146046867, 6.81783870024703, -5.551115123125783e-15, 0.0, -2.7755575615628914e-15, 2.7755575615628914e-15, -2.7755575615628914e-15, 5.551115123125783e-15, -2.7755575615628914e-15, -1.1102230246251565e-14, -5.551115123125783e-15, -5.551115123125783e-15, 5.551115123125783e-15, -2.7755575615628914e-15, -5.551115123125783e-15, -2.7755575615628914e-15, 1.1102230246251565e-14, -2.7755575615628914e-15, -5.551115123125783e-15, 0.0, -8.326672684688674e-15, 2.7755575615628914e-15, 5.875173005298095, 5.206306954796375, 1.1763861436560887, 0.9432116744013825, 3.685366649032062, 3.7043282325561506, -0.06237344595393779, -0.4529726493872488, 1.368554615444694, -0.07824721678980495, 1.1192474588319499, -0.06451473921131878, 1.4525250738786895, 1.4358363920555917, 0.051264839950448504, 2.119829156671315, -0.08099914947112552, 0.1134527732216668, 0.16925069251783498, -0.07084650352859967, 1.7808310054576424, 2.626549446290497, 2.3040548080047927, 4.4708902589969455, -0.36374592169246966, -0.18141673062277164, 1.626166891072387, 0.4834695362272896, 1.6326215112323155, -0.18647419142274657, -0.09012939677052145, 1.2338956326598094, 0.8927836713578188, 0.18317672867966905, -0.13574200438381467, 0.6988257734437582, 0.4850258385348809, 0.23240509589626868, 0.5915476540073996, 0.30561287387632774, 0.10528447620791326, 0.8966493101301012, 0.3230747515817427, -0.7762388482817357, 0.8093641936987694, 3.8557394453030014, 1.5804041095088621, 0.8744768595006107, 1.089497777090763, 0.3645446753285029, 0.43616599582641413, 0.0017523162636621237, -0.905580944052133, 1.5477620110510628, 0.5230912310048836, 2.3271309825407513, -0.38094575347651016, -0.600339170541389, 1.143685807276654, 2.422360566619176, 0.14995118910911742, 3.269873766048107, 7.758011052097366, 0.9280933833552893, 7.838714020429521, 0.19143834993235487, 1.1091376575939478, 0.12294368940044365, -0.14936187538066292, -0.0008160189632633319, 0.123752227464486, 0.6811343968711014, 0.28526175515835206, 0.5012559229888751, 0.5954768053111863, 0.6988745038344746, 1.797143779138949, 0.3761904683959898, 3.9367107733162854, 1.0627334288360686, 0.9149567309137723, 2.0545901192849954, -2.7318106845002177, 0.6311582412542123, 1.2979054837933575, 0.4766796659179846, 6.209594302413706, 1.9009998393504617, 2.662697058494757, -0.19238154120893114, 2.3659836664388934, 0.3728417216771618, -0.1753104249216051, -0.7035135218472703, 0.4635239502432569, -0.28721539722459966, -1.4841770102731857, 0.7556778691704551, 0.4864188422025677, 0.0003942328787331917, 0.17331728036950267, 0.003529322999810347, 0.10058405783473745, 0.027128979109477314, 0.848834081215216, 0.10189296268285375, 1.2951947723140904, 1.9545270233918188, 0.413496558935762, 0.3209560474053461, 0.6720767358825128, 0.7781275627244497, 0.3139730125673452, 0.08354565201645414, 5.057041353207495, -0.2425116262657525, 0.6680498853122145, -0.08317158773161282, -0.9655871358465191, 1.8905693841205675, 0.2269045328123127, 1.7009566123079978, -0.15556526885252708, 0.26834951252095607, 0.8175635025493477, 0.02779612240988172, 1.263720079714318, 2.5801304891521966, 0.9042905460250665, -0.8189549736242157, 0.18244052615483497, -2.000846903518635, -0.006842882045859255, 4.248254219013866, 0.31009655921233303, 3.729516090589385, 1.270161377938642, 0.00941373591267336, 1.8401440896733163, -0.5735040877642632, 0.4266054451921093, -0.07379795629407226, 0.11479820591520706, 0.17877136917871894, 0.46222578253315305, -0.14338329638650293, 1.0152975957257695, 0.42553428224792356, -0.17541452590725726, 0.3515807791137604, 6.150899460732994, 5.719156252797774, -6.938893903907228e-15, 2.7755575615628914e-15, 8.326672684688674e-15, 8.326672684688674e-15, -5.551115123125783e-15, 5.551115123125783e-15, -2.7755575615628914e-15, 2.7755575615628914e-15, -2.7755575615628914e-15, 2.7755575615628914e-15, -1.3877787807814457e-15, -2.7755575615628914e-15, -1.3877787807814457e-15, 5.551115123125783e-15, 0.0, 5.551115123125783e-15, 8.326672684688674e-15, -1.3877787807814457e-15, 1.1102230246251565e-14, -1.3877787807814457e-15, 0.0, -2.7755575615628914e-15, 8.326672684688674e-15, 0.0, 1.5265566588595902e-14, -2.7755575615628914e-15, -6.938893903907228e-15, 1.1102230246251565e-14, -2.7755575615628914e-15, 8.326672684688674e-15, -5.551115123125783e-15, 2.7755575615628914e-15, 2.7755575615628914e-15, -2.7755575615628914e-15, 5.551115123125783e-15, 2.7755575615628914e-15, 0.0, -8.326672684688674e-15, 9.71445146547012e-15, -8.326672684688674e-15, -4.163336342344337e-15, 5.551115123125783e-15, 0.0, 5.551115123125783e-15, 4.163336342344337e-15, -5.551115123125783e-15, 1.3877787807814457e-15, 9.87464774461877, 12.227519196820538, -0.2475418832973162, -2.407271651057613, 4.741290164192762, 6.467330953999692, 0.8415928361592506, 3.659031545819957, 3.702252182279935, 7.3340880431824615, 0.4633210740198592, 9.063114550936845, 1.576952446602462, 2.0855982677920792, 1.067807973651611, 2.2934116113010816, 7.231556019251087, 1.0478135637119124, 2.5388063370319145, 0.07243596157371712, 1.3171283252430328, 4.950596358267248, 9.14693260745561, 2.030161939825641, 5.551115123125783e-15, -1.3877787807814457e-15, -8.326672684688674e-15, 4.163336342344337e-15, -5.551115123125783e-15, 0.0, 2.7755575615628914e-15, -1.1102230246251565e-14, 4.163336342344337e-15, -2.7755575615628914e-15, -6.938893903907228e-15, -1.3877787807814457e-14, -2.7755575615628914e-15, 0.0, -8.326672684688674e-15, -1.1102230246251565e-14, -5.551115123125783e-15, -2.7755575615628914e-15, 2.7755575615628914e-15, 1.3877787807814457e-15, -2.7755575615628914e-15, -4.163336342344337e-15, 0.0, -2.7755575615628914e-15, 0.0, 0.0, 0.0, -4.163336342344337e-15, -8.326672684688674e-15, -1.3877787807814457e-15, 0.0, 2.7755575615628914e-15, 2.7755575615628914e-15, 0.0, -4.163336342344337e-15, 0.0, 1.3877787807814457e-15, -1.3877787807814457e-14, 2.7755575615628914e-15, 2.7755575615628914e-15, 2.7755575615628914e-15, 0.0, 0.0, 5.551115123125783e-15, 8.326672684688674e-15, 1.1102230246251565e-14, 0.0, 2.7755575615628914e-15, 9.452603039403883, 10.920417798649552, -0.5206049001473048, -0.6825706439839649, -0.2868213648609128, 0.18111868170603884, 4.425977143556878, 0.05816373814217002, 6.165641978232628, -1.0578651612117795, -1.0386274424353985, -0.010579859820509796, 0.477694671398865, 0.40142480880959397, 0.045168058450258286, 0.14819967291120406, 1.0857359975516374, 1.5422678732224142, 0.25245392379193277, 2.3160921939229553, 1.9426675217976452, 0.13696822914226914, -0.8592626725984758, 0.8189393796261015, 0.04147939572143855, 0.26811020490598025, 0.2842355059746353, 0.03952749101159725, 0.12124287776128995, 3.2133552036525543, 2.2624990189998613, -0.26906499459524724, -0.021134079967524144, 0.15463123566898673, 0.8288039045439888, 0.9928646349982841, 4.237233413640851, 0.05691665929401779, 0.2693377230533258, 0.9670059434715199, 0.4379518461203986, -0.0558874917294645, 1.3924895628945535, 1.4242891233278954, 0.771411560717155, 1.9375646014380266, 0.789928738133483, 0.5994481365965072, 0.18161800344523726, 0.2781997045885731, 0.09277864506634614, 3.9501225035274246, 0.33424578798423, 3.247085121989926, -0.06565991377237879, 0.3620640177121288, 2.9310338371722935, 0.017607591048573568, 0.6111128527709582, 1.8095910331467167, 0.7219712535392517, 2.4773693362203915, 2.9564617559476005, 0.06433518339110833, 1.3156094437159709, 1.8027605131937037, -0.593131634095073, 0.8580902632457139, 0.21971871917901353, 0.19109882540314516, 8.879074631323789, 4.645427480178753, 0.0, -5.551115123125783e-15, 2.7755575615628914e-15, -5.551115123125783e-15, 2.7755575615628914e-15, 0.0, 2.7755575615628914e-15, 2.7755575615628914e-15, 1.0492223875305164, 2.2709491477692296, 0.2539069779378593, 1.106366773818138, 4.3902788288808665, -0.8611626386847036, 2.010987162738104, 2.5915045647015233, 0.3170621461304677, 0.841786528249429, 0.11367990627078939, 0.5141313585463223, 0.4076828661990959, 1.021765777213247, 6.298514782650102, 0.47910795846144083, 6.3293604373989325, -0.06121886324322645, 1.4168462434689246, 2.518389472178299, 2.7766906188990816, 4.368756563850255, 0.7616649732327687, 4.632492955745249, 0.19270814828976768, -0.11158425337828248, 2.0243228108167557, 1.6246409717348342, -0.48843045013146025, 0.9509813476412035, -0.5223866199392972, -0.17898704891518946, 1.1250154996144204, 0.7654369673424526, 0.08073767305234014, 0.5537596907538216, -0.982316908351109, 6.245822789060547, 0.5323335293609546, 5.9066915269385305, -0.9129577045416681, 0.5356824404829297, -0.023526385378715986, 0.7775337279922212, -1.5634259871610965, 4.164651698037858, 0.4565807957745136, 1.3919012267115818, 0.8275364410037298, -1.1427521501087483, 0.4053588858419346, 0.3798777813702543, -0.6762903887043024, -0.2981408482536665, -0.6108613213878868, -0.6779818670136422, 2.0562811097310743, 0.8348218456518453, 0.40768937647933967, 0.3501856141361941, 1.1728875790878135, 2.9358971571391237, -0.24523844805068507, 5.294157962786983, 1.5327973993646395, 1.0371410988264245, 0.8859546622206835, 3.1743172142687115, 0.29739107174191304, 2.5731482012553215, 3.3342479579395814, -0.8243856997851111, 1.3239914085403228, 0.21577888310946491, 3.151461786724937, -0.0005681711675862289, 2.515866511811012, 1.0915214306883314, -0.061025104185347345, 0.8241589423161599, 0.3763479996787851, 0.012960186526200346, 2.0996176779918585, 1.6208359079115837, 0.7070691754997824, 0.5155733339481401, -0.11181238870230459, 0.7804964804438157, 0.014872339726593964, 0.7618293858011214, -0.41847255785194193, 1.2593316979651377, 0.658934728853751, 0.8490762492456412, 0.3462798272189218, 1.1659800338524349, 1.187715001747108, 1.1087579026419974, 0.20747435913423828, 2.4576477806578794, 0.29072851009379974, 0.00013872684429827586, -0.21834879401794183, 0.03247493923291245, 0.09191992039927754, -0.7882161408123523, 0.248783756049761, -0.5889586744519022, -0.17668409054707013, 0.7466862558603111, -0.00648005590656453, 0.6583019879671781, 0.9692425144939136, 0.2720472542910102, 0.03551342316868045, 0.29512987753486186, 0.6336514046628849, 0.03276839320224667, 0.9132452878707369, 2.6865121955937354, 1.3397599586800197, 0.09037802102420756, -1.5563252997820598, -0.02253534435487836, 1.2811635706692641, -0.05642363051529742, 0.8409843697026247, 1.4992235611793774, -0.07318812348640336, 0.6365498196290105, -0.11839099197356973, -1.6530605972422165, 1.1042911377017788, -0.5206776793243932, 0.3511164681731884, 2.559691144115618, 1.0255653422477167, 0.5976530932797459, 2.1715759641486443, 3.765996643277589, 4.0145609762594745, 0.5805104550555313, 4.435250357402161, 0.07922174096457724, 5.825855893277698, 1.164366902756342, 0.5500448870690917, 0.5588323589554705, 3.9031997141165427, 0.25969454891465205, 4.991613798422279, 1.0925149666380918, -0.15851128102123369, 0.7029813589941298, 1.617636174331146, -0.026636012103992357, 1.887597532290016, 1.2151546418744346, 4.4950830314719425, 1.16017413870094, 2.7755575615628914e-15, 0.0, 0.0, 5.551115123125783e-15, -1.3877787807814457e-14, -5.551115123125783e-15, -5.551115123125783e-15, 2.7755575615628914e-15, 5.551115123125783e-15, 5.551115123125783e-15, 0.0, 2.7755575615628914e-15, 2.7755575615628914e-15, -2.7755575615628914e-15, 5.551115123125783e-15, -2.7755575615628914e-15, 1.1102230246251565e-14, -2.7755575615628914e-15, -1.1102230246251565e-14, 2.7755575615628914e-15, -2.7755575615628914e-15, -5.551115123125783e-15, 5.551115123125783e-15, -1.6653345369377348e-14, -2.7755575615628914e-15, 2.7755575615628914e-15, 0.0, 13.283332111496449, 12.21382879249937, -0.5381079408275582, 0.21218882919410476, 0.01094057485508415, 2.8808322742089842, 0.7765944514395073, 1.1991990640080985, 0.20891045708228262, -0.5715415164539763, 0.15330769416280532, 0.5904132066740146, 0.0158345330451084, -2.309736293529511, -3.246312003550173, 0.6788482373350178, 0.2336596810995104, 0.3455631283979983, -0.1150743291723586, 0.3713286992637279, 0.02410168405361901, 0.6848528556397753, 1.4766961272955257, 0.38490626313893017, 1.761667145654087, 0.44849839398921176, 2.486239380573622, 0.9450636810036741, 1.1433102917828393, 2.8919365575497125, 0.7166163768662415, 0.6467830330573179, 0.3444563510771843, 0.718627144265426, 0.4003375445724089, 0.39023563303832987, 9.854606587714883, 6.957746720602088, 2.441569208673119, 5.505012628744652, 2.099904269416598, 0.0356535447701134, 1.5624226848139955, 0.024049226392378387, 1.7148051171879928, 2.2475939434340972, -0.4709476335735019, 0.9280880658249657, 1.4785345061033297, 1.4649550241912124, -0.14488482165579342, 1.1689172721058156, 0.5050127277622494, 0.10946680671169418, 3.244560519594131, 3.4217872548321395, 1.794059773298006, 1.073868414619037, 0.0, -8.326672684688674e-15, -2.7755575615628914e-15, 6.200560697664592, 6.753503810707855, 0.5663857648914075, 0.5946856599064319, 1.0850121164647106, 3.007693085918774, 2.9983714560811876, -1.0411991643290364, -0.7859042286215399, -0.24036763020760077, -0.8301954966823359, 0.5196890428253624, 0.6402599752562423, 0.5157032375706976, -0.13014135626539058, 1.3955183508790867, -0.08022276688255658, 7.2267179221386115, 5.328595743091292, -2.7755575615628914e-15, 5.551115123125783e-15, 0.0, 5.551115123125783e-15, -5.551115123125783e-15, 2.7755575615628914e-15, -5.551115123125783e-15, -5.551115123125783e-15, 2.7755575615628914e-15, -2.7755575615628914e-15, 5.551115123125783e-15, 2.7755575615628914e-15, -2.7755575615628914e-15, 2.7755575615628914e-15, -5.551115123125783e-15, 2.7755575615628914e-15, 0.0, 0.0, -8.326672684688674e-15, -2.7755575615628914e-15, -2.7755575615628914e-15, -5.551115123125783e-15, 2.7755575615628914e-15, 8.618961954549796, 8.812758514560961, 0.4185608220051904, 0.5205064259201038, 2.5373016398407913, 0.9712056205335671, 0.026378179890230058, -0.47856992798557485, -0.17111584568809235, 0.6987750711674892, -0.1903811984591357, -0.8575324221384619, -0.0805516101137016, 0.45380794770402133, -0.39583135583289675, -0.0593044646815315, 0.5917234449314037, 0.08855479507965924, 0.29897659100458895, -0.8104745121748635, -0.2838523093847982, -1.1381278103071395, -0.03654888238625631, 0.7554669703781087, 0.6649938240182962, 0.22644106942561848, 0.4186868517708717, 1.8118333065826278, -0.00880362004699009, 1.3988271201947384, 1.3458921734697924, 5.964827531931263, -0.1109811609586302, 3.937982558633138, 2.0342666500285276, 0.15185366251779442, 1.2605300094144383, 1.3115627511554209, 0.3934783835921394, 1.0905212213086344, 0.6493620315603437, -0.15472659899019447, 0.49233869799402896, 2.4973516936397857, 0.892784361960878, 2.4247191822002208, 3.007699477794091, 0.02674624985033347, 1.2183760403454187, 0.4286038346749592, 1.7088595277847105, 1.0625459576716878, 0.1390048716753256, 1.1025099900375892, -0.4315213470766537, 1.4123758769895574, 0.7007609732582409, 0.06635228463215981, 0.09473125945561378, 1.1258613256016332, 0.24827345913304555, 2.9738996497480343, 1.872386616355044, 0.5693904379184573, 2.9749378216469893, 3.0365382690605003, 0.732622679904317, 2.3555370908196096, 1.2925805004966264, -0.22319339437655117, 0.9694271506778023, 1.4348644970936277, 0.18530482105109058, -0.39084155832119905, 1.766707279220327, 3.918331862722937, 0.08900639099431373, 1.7502753584907396, 0.8332988423360348, 1.4756472403865075, 3.765223140266471, -0.6836423051259715, 0.2149924075179399, 1.9947982057174158, 0.773185553202751, -0.5015591752176931, 1.8335928935964034, 0.2925643431422884, 0.7578739825693503, -0.07316866544758227, 0.9346479472319515, 0.11703449007106315, 0.7202235517561917, 0.3708236259996056, 3.376354330623059, 2.325657954913993, 6.8433682176261925, 7.475344026706157, 5.551115123125783e-15, -1.1102230246251565e-14, 2.7755575615628914e-15, 2.7755575615628914e-15, 5.551115123125783e-15, 8.326672684688674e-15, 0.0, -2.7755575615628914e-15, -2.7755575615628914e-15, 0.0, 2.7755575615628914e-15, -2.7755575615628914e-15, 5.551115123125783e-15, 0.0, 2.7755575615628914e-15, 0.0, 0.0, 5.551115123125783e-15, 2.7755575615628914e-15, 3.075035497732017, 3.6266173711599166, 1.3361361953592876, 2.964127575819788, 0.14677159130891937, 1.0825788258970874, 0.4469517490344259, 0.015071099854580439, -0.12913430217002997, 0.07742954298814198, 0.17849608213032297, 0.5768321863573647, 0.46810390932336077, 0.0006336110137965534, 0.5035224106768652, 0.7487312101490176, 0.6784093433662122, -0.07052157907392598, 0.9655989977065929, 0.7544577811416815, 0.06650697423657448, -0.20643997740441478, 1.9228964311342338, 1.4673032188885529, 0.5347720764753205, 1.172363926237125, -0.40499124209401316, -1.0159594519575137, 0.5710648852299869, -0.06283937382173121, -1.28193350925946, 0.8846726237244695, 0.832628846701752, 0.19307336933277952, 0.16570122774820106, 0.5232197951713005, -0.014979436143548241, 0.16272821768370704, 1.2123143985144367, 1.5328478738278122, 1.7295090912665039, -0.000291922549397583, 1.0880561475306685, 0.2869782165622361, 0.175895938791097, 2.138165683060217, 2.192587491133853, 8.326672684688674e-15, -2.7755575615628914e-15, 5.551115123125783e-15, 5.551115123125783e-15, 5.551115123125783e-15, -2.7755575615628914e-15, -5.551115123125783e-15, -5.551115123125783e-15, -2.7755575615628914e-15, 5.551115123125783e-15, -2.7755575615628914e-15, 2.7755575615628914e-15, -2.7755575615628914e-15, 2.7755575615628914e-15, -5.551115123125783e-15, 5.551115123125783e-15, -5.551115123125783e-15, -5.551115123125783e-15, 2.7755575615628914e-15, -5.551115123125783e-15, 5.551115123125783e-15, 0.0, 0.0, 2.7755575615628914e-15, 2.7755575615628914e-15, -2.7755575615628914e-15, 0.0, -2.7755575615628914e-15, -2.7755575615628914e-15, 5.551115123125783e-15, -5.551115123125783e-15, 5.551115123125783e-15, 1.1102230246251565e-14, 2.7755575615628914e-15, 1.6653345369377348e-14, 0.0, -2.7755575615628914e-15, 2.7755575615628914e-15, 2.7755575615628914e-15, 8.326672684688674e-15, -5.551115123125783e-15, 5.551115123125783e-15, 2.7755575615628914e-15, -2.7755575615628914e-15, 2.744785142991965, 3.673300743764049, 4.187405632623708, 6.764666397281729, -0.22335708385114117, 0.9518220735937746, 2.2777467422753546, 1.746297733734849, 0.3692073631954713, 2.5323563045655533, 4.565892422286765, -0.7572416487680869, 2.2710421978365503, 0.37247188771758033, 0.47147812672059786, 0.06801278706163316, 0.40478087324319745, 0.09926086838896708, 0.07948620797958483, 0.6315069652625311, 1.1984752113212664, -1.0486581245805837, -0.03264886912435827, -0.9766818378333255, -0.9089805566401878, 3.485387237889171, 1.8373300551122043, 0.10057212917160996, 1.3500569881372542, 2.2173087497671133, -0.02740641489316431, 0.7877402096238484, 0.8376924393309935, 0.8399822542247364, -0.17562471817007008, 1.1830214542986823, 1.957528412813815, -0.16261289366124743, 0.7778171295352365, -0.26413605734222756, 0.30301369673478007, 0.46036220411758677, 3.6594869270688832, 1.2997481952012322, 2.0520332506463888, 1.2043635472821492, 11.245872529456612, 7.754135789354031, -8.326672684688674e-15, -2.7755575615628914e-15, 0.0, 2.7755575615628914e-15, -8.326672684688674e-15, 5.551115123125783e-15, 0.0, 8.326672684688674e-15, -8.326672684688674e-15, 2.7755575615628914e-15, -5.551115123125783e-15, 2.7755575615628914e-15, -5.551115123125783e-15, 0.0, 0.0, 0.0, 2.7755575615628914e-15, -1.1102230246251565e-14, 5.551115123125783e-15, 2.7755575615628914e-15, 0.0, 2.7755575615628914e-15, 5.551115123125783e-15, 2.7755575615628914e-15, -2.7755575615628914e-15, -8.326672684688674e-15, -2.7755575615628914e-15, 0.0, -2.7755575615628914e-15, 2.7755575615628914e-15, 2.0983484204261593, 3.010532471733235, 3.6141279232002503, 3.159067076578424, 1.1152459146008908, -0.031091056669254158, 4.010360524229029, 1.0656478902774467, 2.438609922705865, 1.83281417056412, 0.3686905797059694, 0.11160620754853312, 0.5261636550365552, 0.014010418032285088, 0.7846210031112832, 0.31067859775312456, 0.3472268835373882, 0.16288443475990277, -0.04227698851018147, 0.6960557242896215, 0.006820089159134568, -0.20484643772563516, 0.3649408435340007, 0.03431016795421726, -0.16677431688992783, 0.36655790121311327, -0.00981413845565271, 0.00133408528728296, 0.9636996764746755, 0.8390526543589658, 0.6586960692553134, 1.5000938352526418, 3.7991246078133827, 2.191002262255438, -0.14395422956189918, 1.120157995283165, 1.396988809436806, 1.534468097781314, 2.207334030255538, 0.47427107180264727, 0.6769015742620184, -0.4398806171219576, 0.41848975868505534, 2.241174276214437, -2.678315447676084, 0.5861902303204545, 0.28432519109114196, -1.2531187606320486, -0.016250927467879706, 0.3590901028753848, 1.5647820062835507, 0.27669035674783515, 0.628535342196983, 2.719630981669468, 2.4458897198483527, 2.236994162407143, 0.8872270108452653, 0.7741959795164917, 0.3211753696176345, 0.13898686615493716, 0.629780599500549, 0.5597381243552775, 9.839243829147449, 7.642362285239571, -2.7755575615628914e-15, 8.326672684688674e-15, 2.7755575615628914e-15, 0.0, 5.551115123125783e-15, 0.0, 0.0, 5.551115123125783e-15, 0.0, 0.0, 5.551115123125783e-15, 0.0, -2.7755575615628914e-15, 0.0, -5.551115123125783e-15, 2.7755575615628914e-15, 0.0, -2.7755575615628914e-15, 0.0, -5.551115123125783e-15, -2.7755575615628914e-15, 2.7755575615628914e-15, -2.7755575615628914e-15, 2.7755575615628914e-15, -8.326672684688674e-15, 2.7755575615628914e-15, -2.7755575615628914e-15, 2.7755575615628914e-15, 8.326672684688674e-15, 0.0, -5.551115123125783e-15, 5.551115123125783e-15, -5.551115123125783e-15, 2.7755575615628914e-15, 5.551115123125783e-15, 2.7755575615628914e-15, -5.551115123125783e-15, 5.551115123125783e-15, 0.0, 8.326672684688674e-15, 5.551115123125783e-15, 5.777958187207574, 10.21634428833866, 0.8606952869139093, 1.0123651190152003, 0.9493899544889075, -0.06771307869280463, 0.36843847361886617, 1.0081851025245498, 1.6594838150744522, 1.1770904974551968, 2.149946831633656, 4.451372506832627, 2.98232828182816, 0.6294421545135833, -0.4335501322999562, 2.178055478146632, 0.019220719589185364, 0.12478136580025989, 0.7770874070325817, 0.5099299087486315, 0.6353272784614461, 0.32755580753054403, 0.25192632803964443, -0.45352809108493375, 0.0037010896434281904, -0.28550495571855095, -0.3324529638582021, 0.14292215906493766, -0.3914584386990754, 5.290327465625165, 4.532024612342468, 2.7755575615628914e-15, 8.326672684688674e-15, 2.7755575615628914e-15, -2.7755575615628914e-15, -2.7755575615628914e-15, 0.0, 5.551115123125783e-15, 0.0, -2.7755575615628914e-15, 8.326672684688674e-15, 2.7755575615628914e-15, 0.0, 4.356557158394395, 7.499222751320303, 0.9461167291816679, -0.7335447886891302, 1.2367322945405874, 0.3091949027370191, 0.031282090977654775, -0.09522659554453128, 1.5903382500179788, 0.3183720770290961, 1.0473640279450365, 3.689929523975991, 0.5817045068283733, 1.9322738631993346, 1.3753733577542988, 0.3307583441995803, 6.253930417366547, 2.8424070401953117, 4.8093887318579505, 2.921950476363051, 4.206779112442405, -1.5280382141719429, 0.11013303472077496, -0.3358057652982325, -0.5799557415966206, 0.8124186082362996, 1.272561113044361, 0.9850736937753766, 0.4408045517576653, 0.33422751165677766, 0.1685008904121048, -1.896200068336924, -0.6045744630422689, 0.8808270579480677, -2.49393326900082, -2.7334698515990965, -1.4348451136565927, 0.34976641354555227, 0.011239799007029205, -0.5786292720221127, -3.709886154083108, 1.9945588311074403, -1.2361234230714615, 3.635737217686625, 3.854790243897355, 0.29955760729896497, 0.8693961443192677, -0.5794480621403011, 0.9973575202717342, -0.14982113382770024, -0.12529494691935383, 1.134443550014879, -0.6426627683020172, 0.1909656222233309, 0.1854621998206767, 1.6857500303646162, 0.5829344893586921, 0.7547228162431026, 1.363996356582561, -0.029221105544223747, 0.20072954864662051, 1.1985130472698415, 3.2094093836599598, -0.0708762447279696, 0.47304772384444504, 0.7232170769918866, 4.280534495468231, 3.227413832152962, 0.3325350389851991, -0.1871658104275724, 0.10463282541162755, -0.612645587009581, 1.3067144496109222, 0.27596922237563604, 1.3803177974764935, 1.1114541332355543, 1.7744647690774116, 0.04878340092311362, 2.396692329275808, 2.772161361987287, -0.2695161996567208, 2.3527427512779866, 0.6409347535920631, 0.2748588726461918, -0.02088133821283833, 0.6606637837996345, 7.14526162266182, 2.7693471559932163, -0.21431870256520824, -0.9207509231511324, 0.6593898328724208, 0.963917112194423, 0.5696921980179184, 2.238419263196647, 4.6415317970441095, 0.639814659556464, 1.763376676992408, 3.990214294296891, 3.730286289139201, 3.417750597663968, 3.776553195701638, 0.9553953732920917, 2.7357690153284864, 2.442757756594517, 0.8150253021243827, 0.2290628504145502, -1.0014008592665675, 4.7752996504814575, 3.516378814345501, 0.7823569737102787, 1.329148994764509, 1.7914576910931004, 1.0580264317715091, 2.9321824056492005, 1.955897738824845, -0.09188653135498726, 1.1446339766416713, -0.8467863659338448, 0.025038449287606568, 0.1930047697421955, 1.8037349853642155, -0.33130830823359503, -0.07592531703274119, 0.2668912168693254, 0.27542753366847705, 3.3499072530959744, 0.1857315233265524, 2.1253876517712182, 0.5530671341108189, 0.6919018831037604, 4.25047733297572, 1.05684182112158, 3.6585179723383305, 0.17743379288599215, 1.3376306553394741, 2.611395356751231, 5.392804451488566, 0.23681881001525085, -0.2442258048675967, -1.5300051143758822, 0.532711999982098, 0.1515362084461458, 1.0249600738874278, -0.1027576300851365, 0.12699394514683604, 0.5077180095177596, 0.255069572848555, 0.3779113689120379, 0.4496491517999459, -0.15049092636280648, 0.8832334222916529, -0.3976695724556407, -0.19677650729109075, 0.5107382667592333, 0.5835047242299538, 3.2816438938748433, 1.9826193268224728, 0.31050715459296896, 0.008715496637151432, 2.0038492272755235, 5.489469719818857, -0.12537126660339482, 2.7277371263484156, 1.547839325882478, 0.1899074525144897, 0.06631525345102318, 1.2003203838030458, 0.4050285841165646, 0.47623004145307846, 7.43932675323488, 3.409342134826545, 3.7120033791149964, 3.805081344480058, 1.1357558193832062, -2.392583393288902, -0.3639526439968108, 0.618564852586303, -0.06488745542333163, 0.5371050333165215, 1.410524526789942, 0.82946244424204, 0.17863594448535025, 0.5278290568594173, 1.4642839551022746, 1.5830875009246483, 0.01433471698888411, 0.7335929934060346, -0.12362355642002854, -0.13777668510684293, -0.417209866557414, 0.3188861342356972, 0.42865557275098354, 0.31395206681906984, 0.22074786570692595, 0.6806381447878209, 2.1383833494845703, 1.2536270830563012, 0.9464094290458434, 1.0243383942991358, 0.17325023244379167, 3.8434210801912343, 4.744551722924967, 0.812845756757298, 3.752205203484664, 2.292627550581752, 1.9376148660438695, 1.821099865460429, -0.0020655463025036624, 0.4740110856640314, 0.2632370484731439, 0.4663542457019929, 0.09058356848727556, 0.059774282645179255, 0.4550781086497544, 0.5006513196872362, 0.049472961940715265, -0.007841890147336272, 1.8947451304417022, 1.0967283432744566, -8.326672684688674e-15, 2.894647590784487, 4.2207001678224145, 0.4348002658118659, 0.1441235963005596, -1.0412247321881551, -0.6847341922302661, 0.3475413107077685, -0.08807267226685411, 2.62451150386312, 0.4817513434250813, 1.1553144775543487, 1.0789221766059764, 1.0952416592927534, 0.0, 5.551115123125783e-15, -2.7755575615628914e-15, 5.551115123125783e-15, 0.0, 0.0, 0.0, 5.551115123125783e-15, -5.551115123125783e-15, 1.1102230246251565e-14, 0.0, 0.0, -2.7755575615628914e-15, 0.0, 5.551115123125783e-15, 6.478241495261322, 9.602132758751807, -0.00022154437795052218, 0.6912258652649825, 1.9918999387681708, 0.37674351222443647, 3.2701735945442465, 0.1627108042009695, 0.895071372714682, 2.053136782811947, 0.7121590963444362, -0.06612626499961038, 1.0671381882298476, 0.5875885180147975, 0.5065232532766402, 1.855184748146911, 0.28885519363137746, 0.577720111273976, 0.09843348493905069, 0.6180628042562546, 0.21874447852866297, 2.3180252263405237, 0.2126458609183146, 2.8308189008893123, 1.1329160602787738, 0.696177921218947, 0.26622801839474164, 0.24352997611788396, 1.0514026701528962, 3.015877880834722, -0.2176805640754651, 0.524721548903301, -0.24646677213030443, 0.6070335307212531, 1.199939414835768, 0.207229624667292, 0.6587847102371569, 1.1328553162486799, 0.9810168169125006, 3.8933275738773716, 4.051859578628353, -0.7815765599105475, 1.1468880410949396, -0.7856781300994555, 0.6776314901124749, 1.0247204358846602, 0.34098561920177417, 0.5622241269844039, 0.336702650947899, -1.1663537140188396, -0.22356063290382622, -0.3505882859953431, 0.9496483972673104, 2.120923978009756, 0.12950539369272462, 0.041000808548488976, 2.1239933058752456, 3.586180554857748, -0.7393295186134594, 1.1014184144753756, 4.4619881197486535, 0.8115275080129436, 2.2226836980967306, 0.9123032502164108, 1.414217179644595, 1.2453696314512115, 0.5288352976012334, 0.17402782937227812, 0.1217965766657585, 0.18813086175410376, 1.659688970575516, 0.042750150571009726, 2.4253972664527623, 5.044380030200685, 3.9013583356655914, 0.25735211202660935, -0.0052232946546411085, 0.27562046828295195, 1.5295316021414322, 1.6414878239623505, 0.5564407336323427, 5.226567174881666, 3.3293479299822764, -0.4043889884654277, 0.2906931679308684, -0.47237172709759534, 2.8945256524181673, 0.06065444131772324, 1.1435808548833393, -0.6923974559719568, 0.2678256650540618, 0.7165917279602354, 0.8610768897266041, -0.642171296569984, 1.4774339766850915, 1.9069119674333308, 3.469110852014154, 0.6131353628810245, 0.15656045761383552, -0.08249502945703568, -0.006955219515106137, -0.12875440343384525, -0.4830635831601171, 1.3470703052172723, 0.6241083193808947, -3.1852192680192957, 0.5984565047620265, -0.7757218295981829, -1.5513362719121346, 0.02630387851257865, 0.13778274425615678, 7.9567853093415835, 6.238983771166382, 0.0, 2.7755575615628914e-15, -5.551115123125783e-15, 0.0, 0.0, 5.551115123125783e-15, -5.551115123125783e-15, 0.0, -5.551115123125783e-15, -2.7755575615628914e-15, -8.326672684688674e-15, -5.551115123125783e-15, 5.551115123125783e-15, -2.7755575615628914e-15, 0.0, -2.7755575615628914e-15, 0.0, 8.326672684688674e-15, -5.551115123125783e-15, 1.1102230246251565e-14, 1.1102230246251565e-14, 2.7755575615628914e-15, 5.551115123125783e-15, -5.551115123125783e-15, -2.7755575615628914e-15, -5.551115123125783e-15, 8.617595539916898, 12.457194803215373, 0.7805403418448691, -0.4433480185092833, 0.32203752433170507, 0.48383052380279423, 1.618629484647741, 1.9702395687008334, 0.7013793926554825, 0.8815595779785923, -0.5807462755491031, 0.13631156559017654, 1.5575350665328642, -1.4036399665909016, -0.37226430674991207, 12.077511083138575, 9.42584153012999, 0.0, -2.7755575615628914e-15, -2.7755575615628914e-15, 0.0, -2.7755575615628914e-15, 5.551115123125783e-15, -2.7755575615628914e-15, 8.326672684688674e-15, 2.7755575615628914e-15, 0.0, 5.551115123125783e-15, 2.7755575615628914e-15, 0.0, 5.551115123125783e-15, 2.7755575615628914e-15, -2.7755575615628914e-15, -2.7755575615628914e-15, 0.0, 5.551115123125783e-15, 8.336561598437143, 11.81008810470405, 1.3357249113917362, 1.1885112468439445, 1.168131195402026, 0.6135522138694256, 1.4712411581038793, -0.032983541343043044, 2.8622878523562463, -0.24930642360990873, 0.4846836574218969, 1.1219900375060092, 0.09146838333049345, -0.7042241835771961, -0.8965037786409198, 0.7065778834419234, 1.2568563048402837, 2.7544498021207744, 0.4610948729845745, -0.20706171112772154, 1.8100091211682638, 4.213906756492207, 1.4816485052768513, 5.291345830828561, 1.3608181900626874, 0.6574022567449447, 0.394979565463899, 0.743269677391595, 2.772955430573802, 2.484628161184247, 0.7155069960775506, 0.9997072103739129, 0.04026885163321481, 1.4111643355985848, -0.4740687008406894, 3.8898560920308682, 0.2812162176585389, 3.5606261167729656, 0.16135294424566382, 0.9432232635442404, 1.1173044087578887, 0.3247283652937085, 0.053223873153939394, 3.4570836027830865, -0.11732578988826958, 3.8032292352501997, 0.7732680411029378, -0.09243757095319438, 1.0708499252540946, 2.6994400541826167, 1.9527661109026155, 0.22056594385969674, 2.8603935236185976, 1.0243346563378566, 0.11816727006559802, 0.2319926466623201, 0.5228439699533851, -2.663424877940969, -1.1094791248605702, -0.1449793483832309, -0.33289324925146957, -0.5835047192119021, -0.5809359209091838, -0.13467026861783893, 0.49136332143058326, 0.07390484008362819, 2.494171490071153, 0.05682555047724236, 2.739156385988622, -0.3111820968508141, -0.669820170060035, -0.2718396188317911, -0.18014781127845936, 9.24957531868489, 4.4980000929998845, 2.7755575615628914e-15, -8.326672684688674e-15, 0.0, -1.1102230246251565e-14, 5.551115123125783e-15, 0.0, -5.551115123125783e-15, 0.0, 8.326672684688674e-15, 2.7755575615628914e-15, -5.551115123125783e-15, -5.551115123125783e-15, 0.0, -5.551115123125783e-15, 2.7755575615628914e-15, -2.7755575615628914e-15, 0.0, 1.175430954092544, 7.935644908595847, 5.748415444563378, 0.9725836873729321, -0.7314566784648662, 4.013492075394737, 6.551691556804968, 2.2593707827252842, 0.7954221598510571, 1.2332678757188091, 0.9254685532023501, 1.5024935736013276, 0.036951575617507615, 1.5745329500542482, 0.12216750481645988, 0.09292692925427559, -1.7891755783532801, 0.3683856612222769, 0.18713770505877392, 0.3404150451664236, -1.0623321944375164, -0.5061780889848251, 2.250484766224673, 0.4587822058968527, -0.013058105862342018, 2.269499463667117, 0.1878824609716503, 3.6131631915698534, 0.3469127975391757, -0.6781661112344466, 4.025442657116187, 0.05652489490371693, 3.8415071098858533, 0.07987114353761626, 8.01166154210199, 8.018893885430074, -5.551115123125783e-15, 1.084178309746811, 1.119831102308602, 1.0944861263156298, -0.025246726497186955, 3.6381988722599665, 0.5715791218419923, 3.649802590079595, 2.787132858982716, 1.1053921870021313, 1.1566207495928484, 1.0769029623807835, -0.041339193550172126, 4.395301838362837, 0.7338936033148755, 4.259422973985977, 3.439650743187883, 2.3080274638242155, 2.124893818099739, 2.0209199220896465, 0.17671093440195662, 2.0253409215130844, 2.0138286974206565, -0.019926148591828508, 1.8845696419194802, 1.7530579265751172, 1.687775404387036, 2.2872358006653997, 2.061524226447851, 0.3872839249946729, 0.1916914258186324, -0.17586084133789726, 0.14998679295383255, 3.655318049819968, 2.5071862011946138, 0.774890935745816, 1.756793820702228, -0.07395746337098785, -0.5442540464615888, 0.05508978471182502, 0.04308656244040776, -0.12175099109020948, -0.021234736833420698, 1.6292791299395901, 1.0364400711062274, -0.7682765135392486, 0.839185928450263, 1.0796503890364875, -1.3191029233657332, 4.246480603987408, 3.3114174806858756, 0.6353059205322964, 3.8435186159669, 3.6341355140714313, 1.6468710790166767, -0.0696666641793513, 3.313081507451301, 0.2939640433808677, 0.8915921307109897, 0.0840489551340795, 0.4192252389554483, -0.635262256891366, 0.04812518729508497, -0.2924434623693628, 2.4699801338586553, -0.6787189459219292, -1.5498507542884568, 0.3215175939425592, -0.4139254966239889, -0.43445394008494986, 0.2681587081045791, 1.9604284423018044, 0.5031930171755619, 0.47924583095613116, -0.6658018294046428, -0.3160358692436347, 7.25111600986628, 1.4678072925595131, 11.06186935937879, 8.20413030380368, 0.058776047020103306, 1.6371958839951617, 0.007413529213579295, 0.5006787685168774, 1.1180806352158328, 2.6146772086264463, 4.157022523397266, 0.6757450447781395, 0.3770382513127366, 1.988253377566732, 0.21124271598527145, 1.1803068246347035, 1.483471145683211, 1.6925914402219533, -0.29546415081816946, -0.3224105118947165, 1.112526559488586, 0.1344140518345398, -0.8671474204025316, 0.7184198822153434, -0.2626075031152766, 0.0896674263762236, 2.1807980903123507, 1.5552644301232732, 0.28068630234870184, -0.0009453974881310501, 0.6295737204078975, 0.7181878212915507, 0.053958993140923894, -0.10925720579496101, 0.24326826779372368, 0.013178906274497137, 0.3465162256971155, 0.1773120683096323, 0.26957892409633644, 0.07908219993153409, 0.16637127187024703, 6.314333519362407, -0.11130808003920123, 4.82219510485497, -0.1838635158539077, 4.222790661025826, 8.783328007140312, 1.4220920050172197, 1.2956332188755084, 2.703610722567049, 1.125669979999799, 0.09200225883307667, 0.23076381482334796, 0.9963996575613407, 1.5439946329527459, 0.12378708579765885, 0.30046429263131813, -0.4590292850211313, 0.486986767565611, -0.26973465450598155, 1.4174429682352638, 0.49461033063420246, 1.7354257260774943, 4.010946900024209, -0.013741393956308912, 2.236696192464507, 2.845825073887198, -0.35318884741334955, -0.01811054204102902, -2.9878055326630033, -0.2813983103071962, 2.0022072173211143, -0.9731420958870558, -1.0610497439331255, -0.32584898111846883, -0.9202009647637652, -0.375168812481661, 1.0276368627123986, 0.339731016419762, -1.5825922026851913, -0.28528278179922495, 0.5363356725196127, 0.6940926587919876, 1.9446063039480066, 0.5882108842563127, 0.06961927403133927, 0.4786867642646939, -0.15713563475988224, 0.3275925557002637, 0.06208752117970562, 4.222334943920259, 0.5292201805555692, 3.064721544056397, 9.500887557422942, 8.527700505508164, -8.326672684688674e-15, 0.0, 8.326672684688674e-15, -2.7755575615628914e-15, 5.551115123125783e-15, 2.7755575615628914e-15, -2.7755575615628914e-15, 0.0, -2.7755575615628914e-15, -5.551115123125783e-15, 2.7755575615628914e-15, -8.326672684688674e-15, 0.0, -5.551115123125783e-15, 2.7755575615628914e-15, 5.551115123125783e-15, 1.3877787807814457e-14, 0.0, 5.551115123125783e-15, -8.326672684688674e-15, 5.409378610417129, 6.721803907902114, -0.40223970111546237, 0.4617696074519273, 0.7063925103868627, 0.6253756085409918, 0.7677155866394401, 0.2810345235193381, 0.039751599926731274, 1.1255201118410696, 1.4925292869191082, 1.3019900539212728, 7.7735696988174965, 5.684053779917264, 2.7755575615628914e-15, -5.551115123125783e-15, 2.7755575615628914e-15, -2.7755575615628914e-15, 5.551115123125783e-15, 2.7755575615628914e-15, 0.0, -5.551115123125783e-15, 0.0, 5.551115123125783e-15, -5.551115123125783e-15, 12.679928341019462, 9.61648173380783, 0.319396196712205, 0.9051447888881512, -0.14372648511817943, 1.0285804374051395, -1.6449140015792239, -0.8375696055620665, 0.10438300811071599, -0.5743272834675395, -0.05025341257726268, 0.7865402864402142, 0.2275849034109001, 0.5980100640831978, 2.973340292633935, 2.613474727165098, 0.5567148692408352, 3.5746253689492846, -0.11535620775958932, 0.9461765615730258, 0.6302642534433431, 2.017494747723674, 2.0210999921122834, 4.153964459792462, 2.067721676809242, 0.763989919731614, 2.1324060208065703, -0.006040637765153178, 0.7931697956963148, -0.032160903564118826, 1.221147402163524, 0.10631185839253021, -0.0670024929317492, 0.14447358910425123, 0.9309731799359042, 0.2273405005139466, -0.9509552606439371, -0.21219293632540825, -0.7301927409179712, -0.4527223413894035, 1.8807783467052275, 1.6151726958610766, 0.2686318603595623, 0.06634176742713294, 1.3004071067439327, 0.45408195388425554, 2.3922733276927772, 4.1583306984285, -1.147369428486087, 0.9270134162242698, -0.19972022646470577, -1.268967589170657, 2.331024402771135, 0.5666013908781906, 2.0885630960978716, 2.148766580133554, 2.159221036237568, -0.16576407996353737, 1.2870323075752594, 3.4361861688670956, 2.911282255317019, 0.02154315204485613, 1.0489582443955214, 1.6578221824410804, 0.5190151622369115, 0.6818843088292112, 10.959459759722876, 8.568438617612358, -5.551115123125783e-15, 0.0, 5.551115123125783e-15, 0.0, 0.0, -8.326672684688674e-15, 5.551115123125783e-15, 5.551115123125783e-15, -2.7755575615628914e-15, 5.551115123125783e-15, 1.1102230246251565e-14, 2.7755575615628914e-15, 5.551115123125783e-15, 0.0, -2.7755575615628914e-15, 0.0, -5.551115123125783e-15, -5.551115123125783e-15, 2.7755575615628914e-15, 5.551115123125783e-15, 1.1102230246251565e-14, 0.0, 2.7755575615628914e-15, 0.0, 0.0, 2.7755575615628914e-15, 2.7755575615628914e-15, -2.7755575615628914e-15, 5.551115123125783e-15, -5.551115123125783e-15, 5.551115123125783e-15, -5.551115123125783e-15, 5.551115123125783e-15, 2.7755575615628914e-15, 0.0, 2.7755575615628914e-15, 2.7755575615628914e-15, 0.0, -2.7755575615628914e-15, 5.551115123125783e-15, -2.7755575615628914e-15, 8.326672684688674e-15, 0.0, 5.551115123125783e-15, 2.7755575615628914e-15, 5.551115123125783e-15, 2.7755575615628914e-15, 5.551115123125783e-15, 2.7755575615628914e-15, -5.551115123125783e-15, -2.7755575615628914e-15, -2.7755575615628914e-15, 2.7755575615628914e-15, 2.7755575615628914e-15, 9.80009404786307, 9.690369678383092, 0.08668901568387355, 0.46552044793898517, 1.7553694992756448, 0.30553125527131897, 0.2593609345310881, -0.8689180031520038, -1.4396176806480696, 0.09201753055873496, -0.05280419228483879, 0.51264361257563, -0.014742269499947724, -0.49632204800170143, 1.008756354281303, 1.1503924138201995, 0.1258642459299324, 0.5960159462110255, 1.4432835104539095, 0.9786045422648897, 0.09178264033971573, 0.6852239607446791, 1.8164663401186942, 2.4031862283153202, 0.03485776412287578, 0.856710281206702, 0.04340500514923917, 0.6568084555258054, -0.07771082847708044, 0.28264666883238476, 0.5897731911328776, 1.1744857927499197, 0.03093720124999777, 3.1450876876704683, 1.8861722646079784, 0.03534846760283017, 0.3301290827988339, 1.8491814448905046, 2.5576986303159117, 0.2741369777236997, 2.0643524437027594, 6.041318530737712, 1.9555287846082123, 5.207735296420687, 2.728690791828228, 0.7920844928212887, 1.0544270711058346, 1.5336081086573472, 0.7078398868994213, 1.0013081261482597, -0.15038301430799095, 2.799071190766192, 0.04550087404128078, 3.8482843801042748, 0.18547445355898162, 0.22784543078265074, 3.2341363892643926, 1.2287473132183209, 0.2904046186420146, 2.752544197715622, 1.006341302708563, 5.457384781005828, 2.712160195792478, 0.6593071901735073, 0.1354235479940087, 0.7805309657798318, 1.3859611319826115, 2.9607546904018704, 1.0016237870495672, 0.2147834748508899, 0.3050480904820745, 0.04988732144033747, 0.5598398706353578, -0.8074311219675963, -0.7356858537606286, 0.04542255893431957, 1.6078732844736692, 5.887984238754541, 0.3884617968102333, 5.648036725548934, 0.9296819035804731, 0.3107630860560846, -0.0415828670410292, 3.1286143336468797, 1.7236126702879488, -0.06325704969452772, 5.386950646012508, 2.9026256842790303, 1.3363550152614607, 2.416703216408507, 0.3155811167163165, 0.7184116214803282, 1.7682143160506314, -0.28390355262664, -0.419796643359291, 4.819643425888302, 5.445714372173882, 0.27381235272169135, 4.251323750344, 3.663548326904589, 0.7799085833234471, -2.4566228373725494, 0.49266350858175656, 0.7945518599725858, 0.25268872120979324, 0.22261628607444095, -0.014104405012346888, 1.4087402604565114, -0.25374985827036767, 0.2893854763124182, 0.05525478558735131, -0.41111482904136665, -0.45354186578313715, 0.03941625221509071, -0.05725684350105098, 0.1282060972661725, -1.145633227801909, -0.1631955100550897, -0.5324444604104599, 2.2702609718726308, 2.895774543620661, -0.1871763062646039, 0.3115033934060989, 1.0932925346515958, 2.2700704191401826, 11.094714465130167, 11.493917990023242, 0.0, 8.326672684688674e-15, 1.3877787807814457e-14, 2.7755575615628914e-15, 2.7755575615628914e-15, -2.7755575615628914e-15, 2.7755575615628914e-15, -2.7755575615628914e-15, 0.0, -2.7755575615628914e-15, -5.551115123125783e-15, 1.6653345369377348e-14, -5.551115123125783e-15, 1.1437609902151493, 1.0857266898004205, 1.2317535043908645, 1.1714167150655133, 4.086691212822139, 4.134050833493237, 4.639885588641789, -0.05458484135119335, 5.192894586978383, 4.059173544699515, 0.2823153647157781, 5.082902498510407, 1.4645256445675017, -0.5240177858602948, 0.8004174295186033, 0.311940619490116, -0.013992650789091954, 0.042967257775799794, 0.23518424336914023, 0.24825527030201755, 2.399192438104734, 0.9824090020029246, 4.404207782363656, 3.5749437992599553, 0.15136717806763045, 0.5173630759520762, 0.2665102390542913, 1.6955520145169274, 3.0548183435366454, 0.24950344410653713, 0.3051211130490117, 0.9216665958319794, 0.4749140538568639, 0.25475927567198653, 1.2780538212046366, 0.21073320452517663, 0.11011023977849987, 0.882688787779685, 1.3879384659905014, -0.2350513898172295, 1.9288076210187057, 2.445072545357945, 0.3105642302232283, 0.03467613737313968, 1.0592230524182753, -0.48124457446847657, -0.9078493224699002, 2.2600517600973404, 3.750548719064625, 0.6686954906454332, 0.6696603738696183, -0.5001626299642794, 2.3204816392209864, 2.122770158776632, 0.8849850972355995, 1.7461557406369224, 2.3126738740273254, 0.9871366061230447, 1.6250852323589555, 1.826003487501282, -0.794767699902792, 6.2043961163674695, 5.895528735807531, 2.7755575615628914e-15, 0.0, 0.0, 0.0, 1.198458198855949, 2.166848992209065, -6.786784467749385e-09, 2.166999070861923, 1.2768720914317981, 3.8172410301188293, 2.1769269496402472, 2.371676677198039, 3.1861255154107084, 3.639297947418271, 1.5424430716104496, -0.10061723576995973, 15.909099064673114, 2.500927800848558, 5.398623867800822, 0.5361317028530266, -0.22519178267154416, 0.1395121206213048, 0.6274151463574071, 2.6482591272269076, 0.5762796525461624, 2.814853148453153, 4.171415736063807, -0.04190032161795898, 0.45742450354561015, 0.3672903024400682, 0.39950778866989367, 1.2775624307662667, 1.4706432746296798, 11.376795425052634, 0.9551741927563739, 9.523911944974785, 2.0393183593482718, 0.1381108958832442, 1.8951821839402214, 1.5839781510453719, -0.10118009847195708, 0.7207579472425749, 0.6772025787755354, 2.284349729216558, 0.8117493290505706, 1.7569047173723789, 1.8638164019026817, -0.13393674099964414, 0.47019462512812993, -0.22974847135748178, 0.9756580478207297, 0.31502633959782145, 0.5463900495584539, 0.47425942564456136, 1.1272077240425205, -0.09202239745985707, 0.8642997472201301, 0.6509954449847868, 0.024441026514239184, 1.04071889509504, -1.5092777307699805, -0.5823165173805762, -0.30292088030165587, -0.5181385113305055, 1.2534209790170223, 1.9541715025307838, 1.7756627412229875, -0.028580697055218707, 4.284114109178539, 4.715833162197399, -2.7755575615628914e-15, 2.7755575615628914e-15, -5.551115123125783e-15, -2.7755575615628914e-15, -5.551115123125783e-15, -2.7755575615628914e-15, -8.326672684688674e-15, 0.0, -2.7755575615628914e-15, 5.551115123125783e-15, 8.326672684688674e-15, 2.7755575615628914e-15, -8.326672684688674e-15, -5.551115123125783e-15, -1.3877787807814457e-14, 0.0, 2.7755575615628914e-15, 2.7755575615628914e-15, 5.551115123125783e-15, 5.486776682179702, 9.500170559663715, 0.04525103588021295, 1.1643649029602159, 0.6689796694842585, 3.6095500915163825, 4.7767766535540375, -0.12206271027082494, 1.294800252208944, -0.8464638718053834, -0.491500622029605, 0.2932376708014601, 1.7130345096229576, 0.2751629862622451, 5.285234070128496, -0.7187042045198098, 1.0053991128386315, 0.46824483735734646, 9.245117825310444, 0.33473347225405803, 8.822957094666151, 1.0447781465823738, 1.5795446830776712, 1.129052817469045, -0.5782888537674467, 3.3537975466640546, 1.2045422746035683, 1.8913853615935068, 0.5690370009481285, 0.5971229780705016, 1.602533355003672, 0.07252128729018636, 4.126136713207259, 3.7689082300931034, 0.14639978161158496, 0.8974165385462669, 0.6716149699968597, 0.21069523289087044, 0.18743004299301447, 0.582218216033958, 0.3165095023872624, 0.46564180992260873, -0.04379491873680763, 0.4939618841144693, -0.11558049534109216, 1.8522631578997277, 0.43230730602773804, 0.2187466777615228, 4.827570518901943, 1.430031307717087, 2.959152643273736, 2.1141346583937946, 0.11164611160245386, 2.1180238166591607, 1.2629091190887678, 2.2583897926267653, 0.5829729739056404, 0.22311149424460552, -0.13296655265151003, -1.130613205657184, 0.4357420329971404, -0.5643842645648292, -2.9047557987240964, 0.1503401531780426, 0.20508981853475916, -0.10860782890645737, 0.7050226998948972, 0.2549168166261424, 0.782331591510939, 0.9159874024326768, 0.029458719072493977, 0.32297892925080873, -1.249118041394496, 2.5981004231380638, -0.024698853215923577, 2.338499769438158, 0.7101988105332424, 0.9167126974438133, 1.0500390594800848, -0.06836643874535042, 0.8243167580750423, 1.2005820052932705, 0.7949497715176932, -0.19376547515577158, 3.1972887117703124, 0.8875828894837028, -0.00579453088505133, 1.0257486388733952, 2.9401138886279767, 1.7785313240136134, -0.17714938167740968, 0.08230665019068795, -0.06911952387748954, -0.29140142288160575, 2.2670941522077896, 0.13355190291876795, 0.7373055019265422, 0.8375896932530225, -1.2604475559780326, -0.628270120621778, 0.15246793302722494, -0.09468280554962405, 5.6562345431618155, 4.651898806241462, 2.7755575615628914e-15, 5.551115123125783e-15, -2.7755575615628914e-15, 0.0, -2.7755575615628914e-15, -5.551115123125783e-15, 1.1102230246251565e-14, -1.1102230246251565e-14, 2.7755575615628914e-15, -1.6653345369377348e-14, 2.7755575615628914e-15, -5.551115123125783e-15, 1.6653345369377348e-14, 2.7755575615628914e-15, 2.7755575615628914e-15, 5.551115123125783e-15, 0.0, -2.7755575615628914e-15, -2.7755575615628914e-15, 0.0, 2.7755575615628914e-15, -2.7755575615628914e-15, 5.551115123125783e-15, 0.0, -2.7755575615628914e-15, -5.551115123125783e-15, -2.7755575615628914e-15, -8.326672684688674e-15, -2.7755575615628914e-15, -2.7755575615628914e-15, -2.7755575615628914e-15, 0.0, 2.7755575615628914e-15, 2.7755575615628914e-15, 8.755718129429376, 9.239335318498291, 0.14305264524139716, 0.016620755887117866, -0.6011549797742077, 2.7780631253292825, -0.14167848321416443, 2.767050257139303, 0.39467600425579974, -0.2633196278275136, 0.020519224884182563, -0.008557013963041982, 2.131016804409356, 0.3212114296088089, 0.36062278703414563, 0.5971814984538355, 0.10248801001907282, 1.8992558139580638, 0.48229880402925573, 0.42432189466083514, 2.170506092568843, -0.19401663703456506, -0.21280616583936762, -0.7065555957599088, 0.42365378145441923, 2.3844561204335832, 0.4846661621444355, 2.6523369081008354, 0.3392328502055193, 0.027315879906865348, -0.24091805704813396, -0.3389019356306733, -0.8222262806270493, 0.3506501035426197, -0.10676699305358284, -0.8279766699802167, 2.7202069592124474, 1.1202751793766481, 1.147856582254633, 4.522805101511892, 0.1343945774507347, 2.0070632530552075, 5.147434453996254, 0.7095004297622154, 1.5765672374670885, -0.33673942861716455, 1.8231157410047558, -1.4935564355366466, 2.1721560863463196, 1.032462665703008, 1.1605954530997735, 0.6009637051257926, -0.05609127582090423, 1.2787674906619202, 0.7268794409812926, 7.58166131124608, 3.9250758883706283, -8.326672684688674e-15, 0.0, -5.551115123125783e-15, -2.7755575615628914e-15, 0.0, -5.551115123125783e-15, -8.326672684688674e-15, 5.551115123125783e-15, 2.7755575615628914e-15, -2.7755575615628914e-15, 2.7755575615628914e-15, 5.551115123125783e-15, -5.551115123125783e-15, 0.0, -5.551115123125783e-15, 0.0, 8.326672684688674e-15, -5.551115123125783e-15, 8.326672684688674e-15, -5.551115123125783e-15, 5.551115123125783e-15, 2.7755575615628914e-15, 2.7755575615628914e-15, -2.7755575615628914e-15, 2.7755575615628914e-15, 2.7755575615628914e-15, 5.551115123125783e-15, -5.551115123125783e-15, 0.0, -2.7755575615628914e-15, 8.326672684688674e-15, 0.0, 14.14744859383292, 19.4896813040626, 0.2972758005496985, 4.154886778334173, 7.7943995546819735, 2.0341862275475364, 0.09015043692875224, 0.23476459489472745, 1.6183780472947547, 0.35118312690666187, 1.2270623873527455, -1.293219979566146, -2.7854988978008066, 2.3421076266729983, 0.5828498835680023, 0.17017256734158082, 0.9630848576119888, 2.1351702558993964, 0.48227533420421764, 3.923089750306673, -0.013981911708583539, 0.5171448749747753, 0.792144512363933, 3.5041336570308204, 4.305751328069448, 1.5089448769805927, 1.213682536896954, 3.871792368651086, 0.3596413035166961, 0.7172784410165605, 0.11804911088756853, -0.5149566034078816, 0.8969372590727289, 0.35574113818978503, 0.7668562407489503, -0.11500648238302347, 0.21879723950917196, -0.907570462365527, 1.437475010743043, 3.669403871584848, -0.1221268603541148, 1.8365187827610612, 1.0624699683231427, 0.4341730459429698, 0.18825019943199095, -0.23636128575037674, 2.2636031969142607, 1.2403588740290559, 2.8146292254534444, 0.304272319336917, 1.5476405629746495, 0.4800026860367552, 0.9118842864892684, 1.338637690710911, 1.0792265603232067, 0.7958592504484443, 0.10818539769419999, 1.094943379308603, 3.9552887455102734, 4.224874318110366, 6.634795728805855, 0.7673885083378593, 1.4354525140216197, -0.7382535411123001, 0.0032291898012601905, 2.9506694639958653, 4.125997440964966, 0.27035248545849555, 2.7807242243841745, 0.6019607813474366, 5.709005500081663, -0.8241123095016576, -0.9991176863021991, 0.1927152260706464, -1.3580460054737955, -0.37624200964481247, -0.2804607969890469, -1.0418929259201377, 1.1568055222105045, 0.6066319656724488, 0.9916271578394458, 2.860799551657834, 0.10866341106256527, 0.8235484739472128, 1.4586110376319965, 0.3524618015388796, -0.1742547444189455, 1.6523330690670406, 2.0019248964853062, 10.665834862849358, 11.37782866139348, -2.7755575615628914e-15, -2.7755575615628914e-15, 0.0, -2.7755575615628914e-15, -8.326672684688674e-15, 5.551115123125783e-15, -2.7755575615628914e-15, 5.551115123125783e-15, -2.7755575615628914e-15, -5.551115123125783e-15, -2.7755575615628914e-15, -8.326672684688674e-15, 0.0, -5.551115123125783e-15, -2.7755575615628914e-15, -5.551115123125783e-15, 5.551115123125783e-15, 0.0, 0.0, -2.7755575615628914e-15, 5.551115123125783e-15, 0.0, -8.326672684688674e-15, 0.0, 2.7755575615628914e-15, -2.7755575615628914e-15, 2.7755575615628914e-15, 0.0, 2.7755575615628914e-15, -2.7755575615628914e-15, 0.0, 0.0, 5.551115123125783e-15, 5.551115123125783e-15, 8.326672684688674e-15, 2.7755575615628914e-15, -2.7755575615628914e-15, -2.7755575615628914e-15, -5.551115123125783e-15, -5.551115123125783e-15, -2.7755575615628914e-15, 2.7755575615628914e-15, 2.7755575615628914e-15, 0.0, 2.7755575615628914e-15, -2.7755575615628914e-15, -1.1102230246251565e-14, 1.1102230246251565e-14, -5.551115123125783e-15, 0.0, 2.7755575615628914e-15, 0.0, 0.0, 5.551115123125783e-15, 5.551115123125783e-15, 5.551115123125783e-15, -5.551115123125783e-15, 2.7755575615628914e-15, -5.551115123125783e-15, 8.560354559781178, 8.796016344630466, -0.6071586580617208, 1.105570667327754, 0.646638301882632, 0.9748149839724078, -0.06353114001706217, 0.32018863958083443, 1.3400007112787478, 0.3664378071878218, 0.24734022941994738, 1.4590667590397288, 2.0641880724759574, 1.0650354634130963, 2.1365070560959225, 0.7840553942230031, 0.16949048794978694, 0.5060365961337396, 0.12273648507056123, 0.31531402920583673, -0.30155518554556693, 0.029374570338660533, 1.0082521994415004, 0.5694925655730287, 0.02485420759174417, 2.029728705689479, 0.7675590637744278, -0.23148801131048913, 0.27422936740660475, 1.0238363054556032, -0.36759519918877004, -0.22596392362385131, 0.6055427752758078, 0.6989667731724012, -0.025126898267870956, 0.8350618071808356, 3.5146636401834144, 3.0899781489449083, 3.110957755569359, 2.1321900938743568, 0.2819856624403769, 0.06335668437910158, 0.2661880796787699, 0.12118382337803268, 0.09030605727262753, 1.8266133631999821, 0.07156930324927657, 2.880797313983635, 2.18280763178808, -2.5562342834519427, -1.5175087669881293, 0.6833614432022728, 0.8755447093475937, 4.303106297551267, 0.0318910973857669, 4.060541514955332, 1.2856657010964057, 3.3287408166522425, 1.0385439939177274, 2.0949610354116572, 2.2955673006864004, 2.255531370488228, 0.21047217557142517, 8.516534463973457, 8.409243301051184, -5.551115123125783e-15, 1.1102230246251565e-14, -5.551115123125783e-15, -5.551115123125783e-15, -5.551115123125783e-15, -1.1102230246251565e-14, -8.326672684688674e-15, -2.7755575615628914e-15, 0.0, 8.326672684688674e-15, 0.0, 5.551115123125783e-15, -5.551115123125783e-15, 0.0, 0.0, 5.551115123125783e-15, -5.551115123125783e-15, 2.7755575615628914e-15, -5.551115123125783e-15, 8.326672684688674e-15, 0.0, 5.551115123125783e-15, 5.551115123125783e-15, 8.326672684688674e-15, 2.7755575615628914e-15, -2.7755575615628914e-15, 0.0, 1.1102230246251565e-14, -5.551115123125783e-15, -8.326672684688674e-15, 2.7755575615628914e-15, 5.551115123125783e-15, 8.326672684688674e-15, -5.551115123125783e-15, 2.7755575615628914e-15, 0.0, 8.336227046939356, 11.34180455870986, -0.8076964743390818, 0.20650571501863624, -0.13128622950461022, 1.6150795540047795, 0.3283234722419195, 0.21021530789894882, 0.9479493065842632, 2.447748556032451, 10.383937321106089, 0.2644556834017351, 10.705456905767349, 3.3476478758368273, 0.2372589956796105, 3.9401085651105348, 0.9636635257027706, -0.31745430058670365, 0.7449207265818671, 0.21370730644019886, 3.04956192394485, 1.397807606332094, 0.37165281411000706, 1.5166387927430947, -0.4834507828369681, 0.22817210475652416, 0.7212416438477192, 0.8029793863197625, -0.06223556381343087, 1.8041915364754857, 3.0206062118309376, 0.20178278051281495, -3.2332781856586053, 4.0023039871763615, 10.049763966800171, 5.063907291595726, -2.7755575615628914e-15, -1.3877787807814457e-14, -2.7755575615628914e-15, -1.3877787807814457e-14, 2.7755575615628914e-15, -1.1102230246251565e-14, 8.858465973810183, 12.518290435400033, 0.8641518270292181, 1.3359800205597026, 1.2572022951526947, 1.185742553688101, -1.5731958846974408, 1.4953337463395542, 1.2804277070755745, 2.5957033485712486, -0.2574056688714279, 0.2751863014442222, 2.438069573441112, -0.21052461110005538, 2.579200916730315, 0.45861495801300123, 0.16644087318456968, 2.0438913242101364, 2.450786307749297, -2.8852298112593076, 1.460747746947476, 2.638592731706467, 0.09782872468676374, 1.7713809355478958, 0.885411255156356, 0.4094805028954198, -0.124517245456218, -0.0654897724454031, -1.4465295891449728, 0.09612828460413425, 2.310665918242819, 13.555309063372093, 8.276435686521943, 5.551115123125783e-15, 2.7755575615628914e-15, 0.0, 2.7755575615628914e-15, 5.551115123125783e-15, 2.7755575615628914e-15, 8.36023080746314, 7.673972499667279, 0.930997664627867, 0.9096109552401117, 0.4000203390749135, 0.8508752958078674, 2.291442157786676, 0.389862508486047, 1.328408860275971, 0.8081955326493926, 0.26116799156034176, -0.8098506266564129, 1.0924231725086884, 0.41324259436260036, 0.04246917960966812, 0.5495035752128388, 1.1615620324473923, 1.0175834091430715, 2.064198392248585, 0.35338674463446296, 1.2383218388498562, 0.8322690416453042, 1.5860988775698388, -2.905006243576082, 11.958969141863946, 12.769708798996604, 2.7755575615628914e-15, -2.7755575615628914e-15, 2.7755575615628914e-15, -5.551115123125783e-15, 0.0, 0.0, 2.8240663800915993, 7.462083870378535, 3.2477075995087006, 1.2926117494723997, 1.0043320751483407, 3.443798520562609, 2.2126701062539382, 0.16258057895461775, 3.722774147805467, 0.005257161127701693, 2.7087942893512604, -0.9091292510691744, 9.740548997213523, -0.05315717351935234, 6.321242361882497, -0.5355386969125391, 0.12618074415954084, 0.6333273446724661, 0.44501897310640004, -0.5276686483635729, 1.5419609615380239, -0.17456570284315376, -0.10179128903283186, -0.6541200159363711, 0.6572812948729734, 0.24241612063843831, -0.07415487316163194, 1.121400456359524, 2.0059957272717384, 0.4458490791550389, -0.49655971467799986, 0.2530511189149536, 0.18745344453125767, 0.0965741819638879, -0.5752116237994471, 0.7851990928384396, 0.20075224218152243, -0.03511831085282324, 0.7079182515485911, 9.36013562037894, 9.719522631196114, -8.326672684688674e-15, 8.326672684688674e-15, 0.0, -5.551115123125783e-15, 1.1102230246251565e-14, 2.7755575615628914e-15, 0.0, 0.0, 2.7755575615628914e-15, 5.551115123125783e-15, 2.7755575615628914e-15, -5.551115123125783e-15, -5.551115123125783e-15, 0.0, -1.3877787807814457e-14, -2.7755575615628914e-15, -8.326672684688674e-15, 5.551115123125783e-15, 2.7755575615628914e-15, -2.7755575615628914e-15, 5.551115123125783e-15, 0.0, 0.0, -2.7755575615628914e-15, 2.7755575615628914e-15, 0.0, 0.0, -2.7755575615628914e-15, 2.7755575615628914e-15, -1.1102230246251565e-14, -1.1102230246251565e-14, -2.7755575615628914e-15, -2.7755575615628914e-15, 5.481141105114638, 8.676638361179727, 1.4907990965894555, 8.49967134405864, 8.166706076901349, 7.073285001951955, 6.308086660078075, 0.9674932696863721, 1.1370396395288367, 0.04553368251275458, 0.8570482238934716, 0.22099864504437505, 0.5984387065801542, 0.8607666580098794, 2.2766626203969906, -0.8457527437695944, 3.0228789922979047, 0.5725150656202942, 0.2616611033147507, 0.7926388256971393, -0.06337928759313627, 2.0293394668489384, 0.9606348501665707, 0.410012200078242, -0.05499052192742937, 0.6813689328155874, 0.6659418713364005, -0.13544638303945078, 0.754069602786501, 0.577308471866985, -0.09577010059638269, -0.17455997426418435, 2.4561339285563974, 2.438812424068857, 0.44360221251713483, 2.465261466836864, 2.680312168539814, 0.5531233292422257, 4.223471600017973, 2.032567511963265, 4.199968593630089, 5.186631773620945, 0.6640396431686781, -0.18411762732736747, -0.3918160289839534, 1.1730865608438705, 0.6307843767084478, 1.8623972940850138, 3.0662916408475667, 1.353737428414263, -0.05923987657453722, 0.6028901041971721, 0.7589903727932779, 3.280165781119706, 0.24854603307434786, 1.916665625415959, 0.8372576712309012, -1.6002869622742253, -0.1972216674164713, -0.1678793299531094, -1.4530037530068967, 2.467478639443243, 0.8416628913482498, 1.186219556579772, 2.3672323568488025, 0.3707107806882277, -0.29692405615259077, 0.3763518238921506, 0.3262995395214716, -0.0198818596014263, 2.5220855695180546, 0.9476099283812687, 0.1979708532931994, 2.521741436026076, 2.3731108129019134, 0.4459189966021029, 0.41411333420325036, 0.26328773714938336, 0.5070344351094462, 7.441809922929259, 0.09508421067563688, 13.616882488481309, 2.6621012369319317, 0.15550512928530225, 2.4313980147869643, 1.2253905437889898, 0.15930497582075986, 0.26408674194311743, 0.6224811200060572, 0.08654187021647886, 0.6855003001811326, -0.46976426261696247, -0.19785827740986406, 0.316025544844166, -0.3800174418121003, -0.04144037896514874, 1.1736225000584284, 1.272479128346177, 0.23553681580749242, 2.4044741686347777, 4.57691175174827, 1.5857037830121499, 0.5360604434991103, 18.42108502462787, 12.21641032718702, -2.7755575615628914e-15, 0.0, 0.0, 5.551115123125783e-15, 5.551115123125783e-15, 2.7755575615628914e-15, 8.326672684688674e-15, 2.7755575615628914e-15, 2.7755575615628914e-15, -5.551115123125783e-15, -2.7755575615628914e-15, 5.551115123125783e-15, 2.7755575615628914e-15, 2.7755575615628914e-15, 2.7755575615628914e-15, 5.551115123125783e-15, -2.7755575615628914e-15, 5.551115123125783e-15, 5.551115123125783e-15, 0.0, -5.551115123125783e-15, 5.186427014417511, 7.923421124578866, 1.482947112742579, 1.6693770389847344, 0.6809536090636072, 0.8387873369819374, 0.8318865300810216, 0.06218132063139592, 1.0094714478588287, -0.028447775041030354, -0.1100444377428289, 0.5382654197050556, 0.2790246661580795, 3.612768964722079, 3.462422010728602, 0.7900087786649692, 0.8801121413438722, -0.047502662113487304, 0.5460464167396992, 0.2414809863800116, 0.6300687212096108, 0.02982878223254204, 1.3413917339494361, 0.6685786465333479, -0.5643183010521966, 1.7475603043278625, 0.7776791072409566, 0.314764411955764, 0.7776371569878506, 1.5101362694385898, 0.03171401586874367, 1.9255851395854222, 3.376542038190564, 6.708365060368266, 1.469286788465297, 2.8424519720090444, 0.7267910207062016, 2.3720021055356426, 0.16887741010216928, 1.1770762685251839, 0.7995536491926742, 0.014245873109189233, 1.195139869774323, 0.8480847440654884, -0.07649805916906871, 7.0118587109182045, 0.5095774225863465, 6.413353645924531, 0.6949930563723115, -0.6899045912058455, -0.2045976221265562, -0.29648739242583133, 2.218770754163927, 0.3002699872858443, 0.9910201172160384, -0.22460140590095534, -0.27472587755397626, -0.25249811648646414, -1.6390713909705141, 0.48507318941935296, -0.012116236850090445, 0.03414090181942697, 0.16011434015939585, 0.06630678101217313, 0.9276797007325968, 0.7293291179316981, 1.4140902592308748, 1.751902625562991, 4.547923852779547, 1.3731559636594284, -0.539718075656225, 1.9696190721565188, 1.5066356437101263, 0.36328477080951416, 0.29697233732866835, 0.5538246981647035, -0.5449264092600288, 0.9294673239126325, 0.09774597063488955, 2.1043567141042843, 0.49642250101112495, 2.925203995231044, 1.3131984736059508, -2.1737292483485646, 0.51804010487146, 0.8035540228946729, -1.481775265981156, -0.8342803182288776, 0.7651070408275018, 1.6471960555151384, 2.959658772887167, -0.3601070328664946, -1.7345510581820065, 3.449071270879699, 1.6369871892921424, -1.1398816397595795, -0.5409126234813755, 0.9203654824372904, 1.188694136167527, 1.3655267391528696, -0.07644732208188998, 1.8408540962927873, 4.79877962129089, -0.22288752969373604, 3.956699925134103, 0.7525116726370413, 1.0417148272952375, 4.312010492554606, 1.3144187679519916, 0.09598191290183422, -0.7857634811394405, 2.512709430858081, 0.24325940260015955, 3.4074291739505895, 1.7124901427959571, 1.0909346561802806, 1.515338938469398, -0.8485178550254204, 0.4048708693052845, 0.32470663335914196, -1.3312844001912367, 2.082368909714944, 2.6149113513404814, 0.2877327295253451, 1.9141167904599854, 1.4909128333305546, 1.9678396761929946, -0.4048477759331206, 2.793793385056091, 1.2162870108489585, -2.2055637795378686, 0.38895452070084957, -0.25556732107025937, -3.5056429681446843, -1.306365790910121, 0.7806801832250301, 14.767696390033123, 10.979770188399371, -8.326672684688674e-15, 5.551115123125783e-15, -2.7755575615628914e-15, -2.7755575615628914e-15, -5.551115123125783e-15, 2.7755575615628914e-15, 9.94144068306862, 7.789636565410447, 0.023671742173519306, 1.2751492767813772, 0.2125229321252391, 1.2237510327962866, 0.16138685598028246, 0.09654237811562894, 0.5909001398278235, 2.359478229919887, 1.389671807597182, 0.19796728610452874, 0.9508167845287119, -0.37995905258986795, -1.6462251919311086, 1.5578917942520718, 1.1017500736762713, -0.9780582664909332, -0.06172211801748517, 0.5079855850691217, 0.9999168779927174, -0.11021744565405811, 0.1390973798790469, 1.6389060752236446, 1.3097189894278642, 1.3254326177109022, 3.313235203686446, 1.4348791481610448, 0.3404051194994935, 0.7404007966468313, 2.4341717488259746, 3.3182579789791333, 1.5311543976439879, 0.3998997840855054, 0.7856600950946415, -0.0949620211970057, 0.16003416821530436, 1.904856163385361, -0.5490643095129855, 0.5951429573994602, -1.5016521859994896, 1.446827216762813, 0.6221773541563351, 1.2548789188708582, 1.0453327191863622, 0.24777215634917127, 1.373277555600481, 1.1328537915904633, 0.09532176951313431, 0.45033167968990995, -0.12029333014345411, 0.7988203061605077, 7.930983471737818e-06, -0.01822368242571315, -0.3831633138810133, 0.45982261760426013, 2.1004971777813637, -0.046676601225158265, -0.09188549465079632, -1.7681195091031725, 0.037973904883955356, -0.01449355288696097, -0.7388671030535079, 1.5857273802973282, 1.3184259804604608, 0.35092925638497263, 1.1391421849876053, -0.7420661361460077, 0.18507582978173787, 0.4957465821588585, 0.49691602538609914, 1.549408877795429, 0.5017556840224984, 1.728071294347103, 1.3393877616298653, 1.8210494854882882, 1.6995401846712923, 1.9983761033234089, 3.694240375317804, 16.283475259094615, 8.561946730501624, 0.0, -2.7755575615628914e-15, -2.7755575615628914e-15, -2.7755575615628914e-15, 0.0, 0.0, 2.7755575615628914e-15, 0.0, 0.0, 0.0, 0.0, 0.0, 0.0, 5.551115123125783e-15, 5.551115123125783e-15, 2.7755575615628914e-15, 2.7755575615628914e-15, 4.4819123176299875, 5.25049894151072, 0.7535639968031589, 0.5408001103713644, 0.19749307188588716, 0.49578541897648165, 0.9951802652727935, 0.9016304238076458, 0.4801809102281851, 3.0573660565524463, 1.017304604481879, 0.8355086111518162, 1.535662639713692, 1.550926285408508, 0.15450118865480533, 2.1786580115577863, 0.5929771958409873, 1.5280721693810335, 0.5606835457441903, -0.12101049964126531, 0.6663497652235151, 2.392439743286417, 1.0774272852149807, 1.5794570033624211, 0.8313496227776795, 0.054469572414419076, 0.30576301405393735, -0.08230408421704283, -0.1590476652547892, 0.2405928200818579, -0.12335645379076254, -0.48316336895251766, 0.30411459799901763, -0.22870957235007694, 0.01779197752249928, -0.39969772293169825, 5.547351131013617, 4.826529303567689, 2.7755575615628914e-15, -2.7755575615628914e-15, 5.551115123125783e-15, -2.7755575615628914e-15, -2.7755575615628914e-15, 0.0, -5.551115123125783e-15, 5.551115123125783e-15, 0.0, -2.7755575615628914e-15, -8.326672684688674e-15, -1.1102230246251565e-14, -2.7755575615628914e-15, -2.7755575615628914e-15, 5.551115123125783e-15, 2.7755575615628914e-15, 2.7755575615628914e-15, -2.7755575615628914e-15, -5.551115123125783e-15, -5.551115123125783e-15, 2.7755575615628914e-15, 2.7755575615628914e-15, 1.1102230246251565e-14, 5.551115123125783e-15, 2.7755575615628914e-15, 0.0, -2.7755575615628914e-15, 2.7755575615628914e-15, -2.7755575615628914e-15, 8.326672684688674e-15, 2.7755575615628914e-15, -2.7755575615628914e-15, -2.7755575615628914e-15, 5.551115123125783e-15, 8.326672684688674e-15, 9.090943550142981, 14.422059741443064, 0.4378868480509084, -0.6245089238013577, 0.17389773364061512, -0.06265856437224215, 1.9374924247446188, -0.11710309101334815, 1.6527051970240336, 2.518438196398563, 1.387138580808596, -0.28853735928365154, -1.167049389999164, 9.700259764199863, 8.618639298864444, 0.0, -5.551115123125783e-15, -5.551115123125783e-15, -8.326672684688674e-15, -2.7755575615628914e-15, -5.551115123125783e-15, 0.0, 0.0, -2.7755575615628914e-15, 1.1102230246251565e-14, 0.0, 0.0, 2.7755575615628914e-15, 2.7755575615628914e-15, 0.0, 5.551115123125783e-15, 0.0, 2.7755575615628914e-15, 2.7755575615628914e-15, 2.7755575615628914e-15, 5.551115123125783e-15, 0.0, 5.551115123125783e-15, 5.551115123125783e-15, 5.551115123125783e-15, 2.7755575615628914e-15, 2.7755575615628914e-15, 2.7755575615628914e-15, -5.551115123125783e-15, -2.7755575615628914e-15, -2.7755575615628914e-15, 0.0, -5.551115123125783e-15, -2.7755575615628914e-15, 2.7755575615628914e-15, 2.7755575615628914e-15, 6.268023750415665, 9.366176463718915, 1.7140903114687234, 2.8570078449129426, 3.61745262968131, 0.32606180364879833, 0.34522557857542324, -0.9911181174291528, -0.15151921436961402, 6.101108081523421, 1.5100197595010485, 5.81174013130709, 5.731464491638178, -1.8755382958337066, 0.17386337039792465, 4.202954450759975, 3.159559022183842, 4.386256805001494, 3.0440933365608203, 0.709190887111987, 2.1343029314618036, 0.43800178505173903, -0.05373359132204314, 0.32340146845012896, 0.421202047096898, -1.3906583645834587, 0.5462514860052465, -0.2409725538616101, -1.168170643534637, 1.832776293016991, 0.001165857592724251, 0.3901153271472708, 2.839690432603419, 0.9454100054583421, 0.03612265675110393, -0.37789254810874695, 1.756685754128597, 1.212967227246537, -0.017458034545654755, 1.616086667578287, 2.0252536847660565, -1.2352577604146404, 1.2365840898646354, -1.6408150449618404, 1.0738929245807327, 2.4076868756455667, 1.0412129226483557, 0.36955105151869816, 1.9873026833504213, 1.0344486608935028, 0.18531303777845665, 0.7152820398171684, 0.6438947531341626, 0.8844124909544746, 0.0028901034702926154, 4.052040066190031, 0.600381024249387, 1.9853363033311666, 0.7294987659954586, 0.7174738420300031, 1.2579462828865786, 0.11967890113169233, 0.6852048468019234, -0.019106709089641072, 0.612611042611249, 2.405378044665241, 0.6476872298745491, 1.6422033603671764, 2.9359006624805204, 0.4570521069115543, 0.25060699142942866, 0.27397158154802526, 0.6394432358865458, 0.05123716308001747, 0.35651482438441917, -1.1594275655908604, 0.1262270761985178, 3.2697248145590265, 4.156207003876972, -2.524843851127855, -0.17442910919436372, 0.9906681917383366, 0.4968302079428497, 0.09620697756763263, 0.2549202377964406, 1.1085870071916588, 0.34165740373825315, 0.06818618119834241, 0.5127218287873916, 0.7263569939178467, 7.451695258946216, 0.020309624661592807, 6.179971835601435, 3.267005000154711, 1.6504332835720845, 0.5104531521741364, 3.6372739650721257, 0.05258236724657195, 1.2944872346475051, -0.12015286614860088, -1.555312950001678, 0.6887614005675857, 5.906160028949785, -1.3550663241695986, 3.0448179314125525, -0.08937695700132053, 0.049652679396388066, 1.7035536776067204, 0.2596565747776083, 6.129379202899656, 1.9685153440038476, 0.31929723508434193, 1.0496709361846115, 1.4959417605258807, -0.8485017376163455, -0.19422276866643529, -0.3951955627672703, -1.150134395119693, -0.11208758764121285, 0.7910976796436842, -2.2464101279629745, -0.10620318396298956, 0.3448259322234293, 1.1381647271924606, 2.679682849940015, 2.5105480536855254, 0.8872979842959268, 0.38409159297032147, 0.5111118102064438, -0.36610567902960156, 0.6674564616541545, -0.16413591824380092, 0.43922134479848296, 1.6335889526278038, 0.7139371167122306, 1.5222861425025656, 0.4081488948637002, 0.11226113586499764, -0.04819630226396043, 0.5931759912259338, 2.9320135288923552, 0.039841941244958434, 3.370336876991928, 1.3644249169890372, 2.6331310088396265, -0.3967579402737158, -0.6893489559327008, 1.5846230370401884, 1.3902173031628138, 0.5892075867421056, 0.6826154102546695, 3.9859113493785117, 0.9236334728992119, 1.7913512772190359, 2.366722176100808, -1.686925631299573, 0.010756186251796862, 1.2435646213921245, 0.4095950568520266, -0.2669798859470234, 6.555437286095284, 11.53485721143538, 2.4120931674790054, 0.0, -5.551115123125783e-15, -5.551115123125783e-15, -2.7755575615628914e-15, 2.7755575615628914e-15, 2.7755575615628914e-15, 0.0, 5.551115123125783e-15, 2.7755575615628914e-15, 5.551115123125783e-15, 5.551115123125783e-15, -2.7755575615628914e-15, 2.7755575615628914e-15, 0.0, 0.0, 2.7755575615628914e-15, -2.7755575615628914e-15, 5.551115123125783e-15, 0.0, 2.7755575615628914e-15, 2.7755575615628914e-15, -2.7755575615628914e-15, 2.7755575615628914e-15, 0.0, 0.0, 5.551115123125783e-15, 5.551115123125783e-15, -5.551115123125783e-15, 2.7755575615628914e-15, 0.0, 0.0, 2.7755575615628914e-15, 7.060540294437338, 7.046688353197979, 1.0477120981419148, 1.1411061618701837, 0.052219558270451216, 0.5080967836725279, 1.2303433791157374, 1.1938428807175683, 2.0180419225856667, -0.5138835861102393, 0.8013614496716741, 0.04109068034244956, 0.277067197113098, -0.1556084140952123, 0.6735804065370417, 1.1035213339390282, 0.5394321406207325, 4.223283743517754, 0.26164605505817917, 2.678277458316998, 0.38890612137896596, 1.3573494928380114, 2.6896553722423278, 0.9608133226212487, 0.12368872819627086, -0.7500964224092002, 1.6293906504135407, -1.3848913638550187, 3.222700347617007, 0.30842400197087727, 1.907162266031321, 0.9298860099702893, 4.175762819486607, 1.7703302731148227, 0.009762776430179088, -0.045778254744732294, 2.8308222168159602, 1.351371953286474, 0.7913068259380509, 0.6760280157974137, 2.2473248993549078, -0.04995321690674359, 1.8012337112074732, 0.3828407229358106, 1.4631799133927927, -0.9027302915161926, 2.1682464828497245, 0.5650300806991595, 0.5376131780950573, -0.6960954805464326, 8.861697391040607, 12.302339751202823, -5.551115123125783e-15, 0.0, 2.7755575615628914e-15, 0.0, 2.7755575615628914e-15, 5.551115123125783e-15, -5.551115123125783e-15, 2.7755575615628914e-15, 0.0, 2.7755575615628914e-15, -5.551115123125783e-15, 2.7755575615628914e-15, 0.0, -1.6653345369377348e-14, 5.551115123125783e-15, -8.326672684688674e-15, -2.7755575615628914e-15, 8.094961961958695, 8.36790827448803, -1.4198667737179989, -0.06621084375981923, 0.37630491790434917, 1.7450568812509744, 1.3742937410202103, 0.6927831337173416, -0.8665134710728353, 1.0560072064172346, 2.5187915421869036, 0.904624639245128, 0.2064340690937172, 2.0790514669166953, 1.9005396644231496, -0.015192252557852726, 2.8011937301821206, 1.8854926825800078, 1.1381454095512424, 2.623974487824995, 0.18633745206827257, 3.1540419176861008, 1.1748894818362885, 1.412169514830282, 0.8015999408634826, 0.21239434965626458, 0.411504158814779, -0.585043825611109, 1.1497404397707385, -0.04664738729621831, 1.5438312625883555, 3.4259767731352326, -0.018328932681697552, 5.301946878858985, 0.7625187580268289, 0.1316906203141741, 4.26949122088331, 0.08214721906459488, 1.8786158185300366, 0.6884889061568344, 2.1604661086743704, 0.2962510189738623, 2.8301007642527054, 0.708902137478816, 0.1506517593128649, -0.07481951330471759, -0.4232927699085849, -0.05574215004078553, 0.9813494610242657, 0.6078369065528619, 1.121414160286946, -1.4013472338118333, 0.16291918139560835, -0.6296010782237147]
theta_global: 0.27364399970746706
window_size: 50, overlap: 0.5, threshold: 22.0
