156120 
215560 
225040 
226400 
234480 
242320 
244120 
250320 
251560 
264280 
scores: [0.0, 0.0, 0.0, 0.0, 0.0, 0.0, 0.0, 0.0, 0.0, 0.0, 0.0, 0.0, 0.0, 0.0, 0.0, 0.0, 0.0, 0.0, 0.0, 0.0, 0.0, 0.0, 0.0, 0.0, 0.0, 0.0, 0.0, 0.0, 0.0, 0.0, 0.0, 0.0, 12.585079541570437, 12.585079541570423, 1.260289268880129, 1.86501890743898, 0.4354141214371623, 2.1050468567185874, 0.025638519515979397, 2.354017620921411, 1.7956466190108529, 2.205260571477993, 1.500821592963348, 2.8874889132571298, 4.287997994983527, 1.0321236036016899, 0.3145633853804952, 5.829831405340286, 3.1015078675140444, 0.05420303467383292, 0.8878811427357789, 2.3257962321119408, 0.5946074706878903, 3.455897266850684, 2.5290822439796727, 0.5665891235525748, 4.605031524194146, 1.923577248538777, 2.012631894575634, 10.999817115374128, 5.549032326921122, 15.727104798334693, 8.019969220486018, 3.6982559973891114, 0.9462316625225071, 0.20462818008962813, 2.109840502583836, 5.814362873844061, 0.9462456588026953, 3.19884009249526, 14.352614253208486, 1.8392652583982283, 10.872868592587679, 1.0766440274521756, 3.144146464622196, 1.0500398844878873, 4.648226350524482, 3.824869741294833, 1.9349448092839623, 0.9294794791110803, 0.6390389725704608, 0.07933597175244245, 6.935657430106801, 0.5816399583487453, 3.3465476364133906, 1.5419156303590853, 0.9766470975943946, 0.6077872582516193, 0.234202517476092, 3.7063315986088696, 3.019466092064391, 0.353028030495409, 0.7824867621742442, 0.1684487997205224, 1.903702394170807, 6.497495583604092, 8.203624793425035, 2.4329438583252454, 6.873566445208837, 6.661036722103802, 1.0435074301399538, 6.39440935474903, 2.1857719902092754, 7.982496940338223, 0.6336588655125297, 4.566943816008603, 2.4574160483273317, 0.05661611086378571, 3.453311918403017, 2.139841353119863, 0.9497511425495588, 0.8830625774573377, 0.8788616875792172, 0.8769980892188869, 0.4950376315980236, 1.1334883120559027, 9.965776524923484, 8.873100394068445, 1.4941725859389976, 0.09015814131402067, 0.8996258884109238, 0.7319642671400004, 6.514177216090729, 0.7332606308992808, 8.400992267388858, 0.9473705661814051, 2.7872151471942743, 0.07351452189914198, 2.790345027560818, 1.4610006721529203, 2.6554609634964663, 4.3419674547373575, 0.8710720030075549, 1.8875671668398013, 2.0570931433935016, 2.889692414017304, 1.0371459596777868, 1.387842943151668, 5.870905629443371, 3.688005180801383, 3.008780920005563, 9.729341432261435, 0.2051099044792295, 4.52131676568581, 1.0267595018817133, 0.6511427313443505, 0.46580360515119423, 0.14732977517672907, 0.0815646664035512, 0.2895176776751782, 0.5063687910400745, 0.8630845966666811, 0.1338920859997188, 0.8168331611580015, 3.680897992177563, 5.540459234160039, 2.4041597309703775, 0.07029301087396789, 4.293582230522929, 20.91971130488858, 16.253865730647306, 0.0, 0.0, 0.0, 0.0, 13.492226071079102, 16.434668377877514, 9.922442840889545, 3.719307537459713, 5.076701657368517, 1.7734232249586057, 0.472567253269375, 6.100502089312954, 15.296636857530146, 14.90598382187867, 0.0, 0.0, 0.0, 0.0, 0.0, 0.0, 0.0, 0.0, 0.0, 0.0, 0.0, 0.0, 0.0, 0.0, 0.0, 0.0, 0.0, 0.0, 0.0, 4.877673716276373, 15.173617862281716, 9.400175405003864, 2.588735725585849, 2.1435538840896413, 0.5030363136533538, 1.2337193493590064, 1.8164219424920418, 1.0694568422296982, 0.8029562903344072, 6.071829056993636, 1.7548340816501593, 0.25862389272771225, 2.424394840478385, 0.7664915067872471, 3.0179955121603825, 3.7498002919122655, 0.061225616940504324, 6.713421065681587, 2.2043057509612254, 1.3031802934061147, 1.6998408835479495, 1.9449034059330188, 1.0566240511901697, 0.40278602295370547, 2.284415502960087, 0.8614976161551056, 14.170408793868774, 12.928834035915656, 0.0, 0.0, 0.0, 0.0, 0.0, 0.0, 0.0, 0.0, 15.501861089695566, 17.11746585040524, 2.097371696143483, 0.6145819163750161, 4.9721635160805135, 2.0230555832001187, 3.014718286676384, 1.8699956153011499, 0.8204622691355326, 0.960040080875217, 2.56607074316247, 2.712790438490174, 16.08765796132218, 3.936775745474904, 5.730524257029799, 3.0790584317723813, 1.2688753030945747, 3.6631738414184554, 0.21190540160139903, 1.276159525656567, 1.3544656636732384, 2.728043609187239, 5.066766255587282, 6.912903234184824, 6.276900626193509, 6.508378756820889, 1.6397213838546918, 5.699103478660561, 2.120208781461997, 0.2552389237724526, 2.889718078087583, 0.08570366420477171, 1.0868068345146753, 3.3363855086963383, 1.1842631529950722, 3.760313852734498, 5.966272693429971, 2.5734992713360043, 1.0711698667608403, 0.0, 1.1999902425463347, 0.06910039740438378, 0.6369298865679696, 0.506242336005414, 1.4558730637990038, 4.314634978480768, 2.555349044234987, 2.7743624530948807, 0.7363579553156967, 0.5625338505256252, 0.30041706876312446, 0.3386510120526509, 0.46924441488252455, 2.487052905776551, 8.620492760301289, 6.753079184782678, 14.609957172459332, 0.0996821160065906, 2.333050756521402, 2.596514578967259, 0.1376954418280718, 0.15232144496511069, 0.12333118594730763, 0.33884003765493276, 15.424288553035282, 13.55074500456881, 0.0, 0.0, 1.2848374597101166, 13.434415615790229, 17.20169009241573, 7.351887481636538, 1.0394711039438675, 0.6138133243219386, 3.0069989813745224, 0.10483351907839733, 13.043671040582922, 14.82507982293373, 3.1869738393669422, 7.396685536326174, 3.445264667179231, 2.6049977839743406, 2.5800725805065667, 0.3393160606198933, 8.508940268070546, 5.112647334798993, 0.33683993520463673, 0.597395812331726, 4.506070051348132, 5.63438055815169, 2.7073220558120568, 0.5024940946892684, 1.589373435207932, 2.4760031985096305, 5.2868479559408, 4.72238848057853, 2.7132156421493363, 1.9765143713539999, 1.4681940890129965, 0.3613360398300074, 0.16162011575943325, 14.918828285873758, 12.231628295217803, 2.8979017260928117, 0.3022179292073588, 0.24569521404544048, 5.688849723973135, 6.732705574470003, 0.8921480896549951, 8.389519847301585, 9.281674086240287, 0.40115878899831614, 7.85624221435873, 17.473775286374234, 14.233299605195924, 0.0, 0.0, 0.0, 0.0, 0.0, 0.0, 0.0, 13.533396475362018, 13.110428564999296, 4.37427502194717, 0.6410505376559286, 4.115542685971548, 4.542945597290441, 4.636136866366371, 2.0567899481916356, 1.1929928599170694, 2.681054306198348, 1.231731143445245, 2.707795135880474, 3.4104298383920764, 2.0903767076262056, 5.395035207593395, 0.7652808417169013, 0.26177010046855287, 2.3962094884875285, 3.437795052899986, 2.1510077112047554, 1.0258159546307297, 6.996905078298056, 1.3703213641474576, 5.619729612302052, 0.16338228176351777, 2.6383247561008716, 1.3186092003176668, 4.605232917449314, 0.8089226992884164, 0.903545782785045, 1.4996472117339295, 2.4591621894434468, 5.82520581541894, 1.7006716313840116, 3.5688317997505976, 2.041500427874155, 2.2132880079841186, 18.546394567069314, 4.018973176680845, 8.13508375765889, 1.5161432151452914, 0.9316518591713248, 4.970544026227913, 5.049560789304735, 1.977869836459604, 3.639479906435838, 6.434157740825697, 0.6239778530560898, 1.1862742551428482, 2.2568819048713067, 0.4840266115355689, 5.092081705700707, 0.3668818694114009, 2.863225455664576, 2.7858446218838253, 0.3959213023054531, 0.8472576507736562, 1.209545781436418, 4.812167004060711, 0.09490982570946471, 1.2694628947161846, 15.354297445950067, 15.209832889153105, 0.0, 0.0, 0.0, 0.0, 0.0, 0.0, 0.0, 1.2848374597101166, 8.145351921916927, 7.015268153738717, 7.582809077681986, 1.1116129472324872, 9.954393820266432, 0.33205011539654095, 4.212969152141895, 1.753962450084316, 2.8757928407377165, 0.5828323498617038, 2.8757928407377733, 4.4466263466677844, 7.102599175814618, 2.0871279295956526, 0.1835379265805841, 0.9429207068954497, 2.1006938770412376, 0.060554225397595474, 6.716627467477821, 5.328257964110492, 12.75312485624989, 13.728606567971603, 0.0, 0.0, 0.0, 0.0, 0.0, 0.0, 0.0, 0.0, 11.326160665963371, 16.112882782120508, 3.8184198242929313, 5.557024377844783, 5.081957402167063, 1.5522395124836805, 4.68521030166562, 3.197457181847142, 2.08006335612626, 1.560677787559058, 0.026133011517401883, 0.41736715246133826, 2.61511979328219, 1.1310340444215399, 1.04852405530616, 2.296151225019827, 8.182253458579567, 1.3756645127857041, 9.533966646138225, 2.9169905786989148, 3.9948729460904815, 0.816847446720999, 2.4941735748390954, 10.907101042236889, 2.8409877396767342, 9.73964964111019, 9.983333460750828, 2.2171015305368655, 1.4795996703585388, 3.7426199539525555, 0.30541586999942183, 1.3934082118535116, 5.35802486256398, 0.4027387576244337, 9.514516389586674, 0.5081151769237522, 10.186029855646325, 2.919886302124411, 3.6631927210516437, 3.7131263413718614, 3.5482033738599625, 2.6802497787512607, 1.6653666830247857, 0.9296687805648958, 9.674315288635398, 6.995988821083927, 8.317775569618249, 6.953690022308109, 0.03340337718296382, 1.722353926472664, 1.1151581058445572, 0.3602527088723946, 1.6875727679748707, 2.012932131213006, 3.9676968634035035, 0.44149000170118313, 6.638526713457665, 4.193913673788984, 1.0694987771750988, 0.9773283096446619, 1.1685539066436235, 0.24794786631645138, 4.610045797471798, 3.451138401543176, 0.17824118453478377, 4.802530307627649, 1.0572516611741207, 5.027867009412262, 1.7029887767961895, 2.775791020233612, 0.20775664653643844, 0.5585570644877009, 1.4591402452408602, 16.573854643911957, 14.45904998526882, 0.0, 0.0, 0.0, 0.0, 0.0, 0.0, 0.0, 0.0, 0.0, 0.0, 0.0, 0.0, 0.0, 0.0, 0.0, 0.0, 11.326160665963371, 12.976996257800522, 0.00021499532046220793, 0.20596619804979355, 0.7492712817333427, 4.407684001493408, 0.7995162911181808, 4.260653260766503, 3.2800953497127523, 0.7520550053832267, 0.49764627665237526, 0.12157457839455788, 2.884529888674706, 1.02081855424359, 0.7874518897384064, 1.867835327025091, 1.9353337768661163, 3.874538113216289, 5.112601753294939, 1.3146675627785385, 2.3367402624808733, 0.6806510863383437, 0.9272491889822447, 0.6357322201190243, 0.4610283945817173, 0.40755305380062623, 0.1534450321073848, 1.502229785898038, 3.5002772366735257, 1.726061954789742, 3.889285101020022, 0.006266472913580401, 0.5034499116052586, 3.9033297245945278, 3.6839257467719335, 1.9541014896875026, 6.763089306507538, 6.111540846069687, 3.9273228211737035, 9.164878643126258, 0.12560658731889873, 3.798323345377952, 2.4574704722435285, 0.23241183660323372, 3.4809695593403376, 1.1022358659845963, 10.105299969920566, 13.51141245744435, 4.4104617915836, 15.308903523795209, 1.700147634629218, 0.8488166158695662, 0.9822268497862581, 2.992745881858724, 13.239319726643856, 2.1304255220700554, 13.773451461380859, 2.151573221072823, 1.4086866696874267, 0.5212176937872357, 0.0864264522889755, 2.6427421694429256, 0.7322771894384346, 0.5824151343625488, 2.822609736903132, 5.105633105948755, 6.2536295564841, 16.521806679399788, 1.0439419793823959, 0.04442756808967374, 0.5006343248005578, 2.454665137805449, 0.3278715260852323, 1.9888447712584139, 1.8415891303785656, 2.7047046251402094, 1.76391138404108, 2.9750360017877426, 2.369369505013765, 0.23684666990675396, 4.642992357736432, 0.5390453859022273, 3.658673268153308, 4.301621024426879, 0.5297172304879041, 1.449807577817296, 4.366960686197416, 2.471455684074783, 5.913816623453869, 0.8080793267703825, 1.5410584562395115, 0.6105135375248665, 4.687816480359686, 3.576644480073469, 1.7429614473491029, 4.728146077647864, 1.2371939811134212, 3.8029217128811865, 6.279951057085782, 0.5205844002192919, 0.9734217779423915, 1.3144390547156775, 1.1362815229769012, 2.14197399060248, 0.5969005346919971, 1.5318210960391525, 0.8463619603045345, 3.381588582662687, 8.269349384772603, 3.407029801953783, 0.0, 0.0, 0.0, 0.0, 0.0, 0.0, 0.0, 0.0, 0.0, 0.0, 1.2848374597101166, 14.147940896851935, 13.939762011040017, 2.7203633214429033, 4.415101733298201, 0.6063331280917339, 2.587226269621681, 0.24363047004652572, 2.709503526985486, 1.6718487630078016, 2.755712790669236, 7.341278356783732, 1.839655729969195, 2.0072681649776314, 1.617869136892864, 8.996060533856564, 10.562065130472888, 1.0677320576438944, 4.948027957135764, 14.92304251188861, 16.203329278561505, 0.0, 0.0, 0.0, 0.0, 0.0, 0.0, 0.0, 0.0, 0.0, 0.0, 0.0, 0.0, 0.0, 0.0, 0.0, 0.0, 0.0, 0.0, 0.0, 0.0, 0.0, 0.0, 0.0, 0.0, 0.0, 0.0, 0.0, 0.0, 0.0, 0.0, 0.0, 10.226650284593092, 14.529816880346672, 1.2217637460931883, 4.270068542791449, 1.8386325034795306, 1.006648530231999, 0.11485715021532883, 1.7770703088950341, 11.506949466002865, 8.732894682661112, 2.497976889125713, 11.41189402560562, 4.044948115444768, 4.109220884260068, 3.345005368235519, 5.45401683162526, 3.7116206513504224, 0.0, 0.0, 0.0, 0.0, 0.0, 0.0, 0.0, 0.0, 0.0, 0.0, 0.0, 16.21575268104631, 18.113225877751404, 1.438939763220617, 5.737917334008927, 0.055590031143964325, 1.7537123246793271, 14.091366040575565, 14.699311780980238, 0.0, 0.0, 0.0, 0.0, 0.0, 0.0, 0.0, 0.0, 0.0, 0.0, 0.0, 0.0, 0.0, 0.0, 0.0, 0.0, 0.0, 0.0, 0.0, 0.0, 14.43085490516831, 15.646314079231345, 2.7263682342447737, 0.6076419420461718, 5.279784093546539, 0.20415112775921784, 7.899280889141437, 7.448167257597845, 1.0308965545336264, 14.049801007314784, 0.7270879248021345, 3.1695414491772453, 2.8690432270933, 0.9276754783239198, 6.188755067689556, 1.46461108010854, 10.980692907757259, 1.537765142116882, 11.3672956223283, 7.194245166967619, 2.3140953040340264, 2.1765548790169476, 9.667078278677877, 15.491012477369878, 8.790173816222776, 0.0, 0.0, 0.0, 0.0, 0.0, 0.0, 0.0, 0.0, 0.0, 0.0, 0.0, 0.0, 0.0, 0.0, 0.0, 0.0, 0.0, 0.0, 0.0, 0.0, 0.0, 0.0, 0.0, 0.0, 0.0, 0.0, 0.0, 0.0, 0.0, 0.0, 0.0, 0.0, 0.0, 0.0, 0.0, 0.0, 0.0, 0.0, 0.0, 0.0, 8.876958280457046, 9.570036830458108, 4.151573007228649, 6.020990895353805, 2.437410183896361, 0.6829189589481359, 8.344915654745591, 5.541630505344983, 2.2869308599050555, 0.77230834092029, 0.21439316213928805, 1.2609892607337088, 4.651894551409669, 0.045691887826819766, 3.6745661517044255, 0.46788116250507983, 0.33673634849182577, 1.686675358475327, 3.569148570257653, 0.7896599999897944, 7.61011867674199, 0.9197218104689, 0.5365043892144001, 0.6681276790197046, 0.004480792386232224, 1.6865723656471516, 0.7915219350380198, 8.003400464902143, 1.7330296682499693, 2.7874686273129896, 0.00027270062605566636, 2.1088717968423225, 0.1009340052829657, 3.919392958220328, 1.42726530749826, 0.5582270706473764, 0.8361310444012702, 5.64777327768428, 2.683555762022195, 1.6710486733534822, 2.8424596442371524, 2.414159276956923, 1.9826360528395526, 2.10954625527728, 1.2788220920604658, 0.1360374398127533, 1.4734982121984785, 10.145082607802266, 5.188841340695291, 0.6643170509526897, 3.485962811615508, 0.6087899633012626, 2.0599583283542415, 1.8397292450677298, 0.5803544280105086, 1.5522887378732264, 0.17416355195530286, 0.7972740096342079, 0.17416355195533129, 2.8645915982377232, 2.729212335111498, 0.026367540664551825, 3.2637919600028056, 1.8747100707708455, 1.3847783749763494, 1.255429566189278, 11.87963520562387, 6.398401110275422, 0.0, 0.0, 0.0, 0.0, 0.0, 0.0, 0.0, 0.0, 0.0, 0.0, 0.0, 0.0, 0.0, 0.0, 13.281790630267167, 14.170408793868774, 0.019032681979354038, 0.004886815622768381, 1.962692598898343, 1.0650508491511061, 0.04233152520328076, 0.9955192496338725, 0.6131177646246897, 1.2348780952448237, 0.40332410744792924, 1.8101363485951651, 6.068248249921169, 1.8934773400207519, 6.591628834436733, 13.672336263666864, 1.0052168948147084, 5.828936862177272, 11.501438055954964, 2.728165845621959, 8.93268987112026, 6.087640968998272, 10.149205728513124, 2.695314288084944, 1.7607739508056568, 0.43657376031740114, 0.2784843109020869, 0.8788749496241905, 0.603006916398698, 0.1630233324681285, 6.652033785381548, 6.658388416705236, 3.436982887951558, 5.937694708244521, 1.6883724460032568, 1.3453449759174418, 1.2977871303758661, 1.1371605149765855, 5.579278838672849, 3.252812191950852, 1.6311318223043259, 1.1327540252013932, 4.268820035019019, 4.346305396178877, 0.29808722029406454, 13.635700460710495, 5.776647644344337, 0.9757296887011933, 4.627906540820732, 2.136187806043438, 1.432351895788429, 0.21975608310765438, 1.74042591655558, 0.4149965397108417, 4.240467546950583, 2.0325154025672134, 2.553867488540874, 0.5637680935894025, 4.8058397245881395, 4.630849493529695, 6.1831259857180925, 7.572369324268074, 2.4979768891257166, 0.0, 0.0, 0.0, 0.0, 0.0, 0.0, 0.0, 3.7116206513504224, 9.960850674844131, 4.0473553591680655, 0.6182854853780668, 0.07379069061474297, 4.670195519008331, 1.3811487944079488, 8.86834480572685, 0.104653406295796, 10.297262788644872, 0.5613053573480897, 15.9458163022868, 3.5407264911404184, 8.690977827662351, 3.0155801984958543, 0.15109664559558666, 0.03591212970350455, 3.924827585544449, 5.4290819259684895, 1.9573633336326566, 5.221888457222747, 0.6723888688730995, 0.07354181422195438, 1.3850863086037464, 0.07141140137670732, 5.884826531742107, 6.956126318362692, 0.04572336670946697, 9.36701429582888, 3.6170276764942173, 1.541842919316963, 2.712084205482199, 2.283015584222454, 0.5528709330961306, 2.445444578802693, 10.495051876778007, 4.881808669969985, 0.28943792733258533, 1.1889735727105517, 0.11407243145032453, 3.7110227667894264, 1.6082110478790526, 0.11497681125428016, 0.2697242547611438, 0.9705746891835076, 0.002304495643329574, 1.2911444449960072, 1.140754841365947, 13.781224066395822, 6.624061913018579, 2.4071321190985486, 6.041060213050741, 5.794992332612594, 3.2912703179982827, 0.22130637655732244, 4.581804408716039, 2.2483512604716225, 3.792552724910479, 5.664646765482644, 2.9687319725705947, 2.1821827551317483, 2.076658931238512, 3.580535636061029, 0.20095463456618745, 1.0897380750014918, 0.507162545522192, 0.5344577739736565, 0.5070539771130029, 4.284323179959586, 1.9124860205365621, 0.06585056404571787, 1.6731958975279042, 0.4490791888349861, 1.571669372424367e-08, 1.2427081081597748, 0.9944619122502729, 3.54616356013571, 0.06011022056767956, 0.2423252877713935, 3.0078204721264683, 0.11629403859387821, 2.6470738264976603, 0.0707133228166299, 2.0933991041248987, 1.2952157429922977, 0.08321599258874812, 1.974389997522195, 0.02512567277801736, 5.375537534456953, 0.20130802999818798, 3.3020481979485794, 0.8187033080137951, 4.323094960126127, 1.8997433699038027, 1.9871671435824112, 0.24392859649850607, 0.023614246267811723, 1.0110140695932728, 1.018009143635311, 3.1902774427202303, 1.4975257897919505, 1.9187059481452593, 3.6141454033860327, 6.434405233413031, 5.026521202508661, 15.520868394224408, 15.139889257139032, 2.5297712753344115, 2.9959956433932575, 0.5580596632138821, 0.8756710714742155, 0.6729142930933278, 0.08598423801157651, 0.06994627997839586, 0.2376033499860455, 1.0299414836359801, 0.855823285220751, 6.3018405298562925, 9.77730905870908, 1.6179232001168202, 1.801073093094999, 1.013845212448814, 3.6009053183695414, 0.8159995993488849, 1.9105733637035769, 0.2627924546329723, 2.9247133985455207, 1.4140224704678985, 0.005040741157188222, 0.07038815237845597, 0.06411815721833136, 5.144927065858184, 2.691327384074242, 4.654791626400737, 1.161544145415462, 0.17047686717972965, 0.2743405798407821, 0.35369116736569595, 0.9855090212964512, 1.5258452849809032, 14.671294462229639, 1.6824583349053341, 8.975912587961545, 2.098700186681924, 6.958337987826269, 5.972191881706436, 5.081665997947283, 3.1064229492859, 4.6644670468057825, 6.658539637773401, 0.8502682109306647, 5.540617073545832, 0.1503198617975272, 7.143072647017533, 3.0706230575998745, 0.7759625880115095, 1.4073095025617022, 5.015750555853089, 4.228027049331359, 2.134053638655928, 16.07353838003685, 8.732894682661112, 0.0, 0.0, 0.0, 0.0, 0.0, 0.0, 0.0, 0.0, 0.0, 0.0, 0.0, 0.0, 0.0, 0.0, 15.88948244126238, 15.52179573239718, 3.1770598252252853, 0.5743292994824571, 3.7870242241659184, 3.2491131351392823, 0.7609210876072439, 2.826618324282663, 4.761058783256601, 1.0519120913679956, 1.643233564487275, 1.0114401160355158, 4.1997284905127685, 0.33764613921402997, 3.6830989622280867, 16.085337498295303, 14.063390722643213, 0.0, 0.0, 0.0, 0.0, 0.0, 0.0, 0.0, 0.0, 0.0, 0.0, 0.0, 0.0, 0.0, 0.0, 0.0, 15.199895467900177, 15.442418683727823, 0.2734490638539171, 1.9739827681133875, 0.26683696933491774, 4.782854565067225, 0.06845693309892908, 1.7164696043281538, 1.162087959938333, 0.39849585672845933, 3.5818547495040036, 1.6875408078436749, 5.880114036728912, 2.9549229701044624, 4.205972036545745, 0.06386541041447913, 1.0509112169661137, 3.5849513880628194, 1.5033847611153703, 0.8892422314406758, 4.4313983051309265, 2.8976343504458555, 0.6318100848870927, 2.0624855516556977, 0.8401325824283958, 1.1441967555164183, 0.6253735332294355, 0.9921963418930773, 3.7757308731019066, 1.3892999308793037, 1.4254513027729274, 3.435290812901826, 3.6993558037568164, 0.3382722319310574, 1.1220528829793466, 5.290695551545866, 9.519127413372559, 3.4673459078619544, 1.5930087061174731, 0.3599968379888594, 2.270756173838663, 0.3599968379888594, 0.9357568668026914, 0.14118712459845995, 0.3599968379888736, 2.0590561093974173, 2.6274764685851153, 0.4921978114676051, 2.1145170860595215, 0.8719059864038741, 0.537987275727474, 2.4827167909004544, 8.954021372931635, 10.541623661416907, 0.0785655050190428, 2.469373823741506, 2.2786120961829965, 2.2869905452454304, 2.0818663068841943, 4.093769476957959, 2.8697851253352837, 0.18402854179271344, 0.5794015447908123, 1.2374132672097744, 1.0193146719872743, 0.26021159971401175, 4.528785441480295, 5.089148695680137, 0.9885647171196865, 2.212910212572268, 0.4647692086636539, 4.9548220545472645, 1.613972471467946, 3.507851982578245, 12.459819382959097, 0.06143774745333985, 4.086812668340315, 0.23216619776493985, 3.342489547282412, 2.6685969683967414, 10.342110908963036, 0.6761360942856527, 7.507388647427675, 6.663919144727913, 7.137396212142562, 0.8259481429704465, 7.125087118689464, 0.32933901294779844, 0.2970309197579013, 0.7552977752164907, 14.447839203237038, 14.480951735291576, 0.0, 0.0, 0.0, 0.0, 0.0, 0.0, 0.0, 0.0, 0.0, 0.0, 0.0, 0.0, 0.0, 0.0, 0.0, 0.0, 15.341471164426522, 18.367934902612916, 5.050860661949457, 4.182302899933006, 4.016578997436511, 3.161428440480762, 1.4095236471235353, 0.7823802518958018, 4.38011828755981, 0.6780772966365589, 3.6849249178861783, 3.1264112453832524, 0.5982613867349755, 3.0663144378574145, 5.248495839227473, 1.4074303627855898, 10.011044092752599, 5.726054129965917, 6.388663779820519, 0.8933573441176463, 1.4680740001487607, 0.10289495680612504, 5.713794997616986, 2.8175541475064563, 0.7514864983572522, 0.04232047899304803, 5.57481660200304, 3.5155099919964385, 8.889136432747584, 0.8193600030050732, 11.725429105704563, 0.26928216583662845, 0.16710932658560296, 3.599912006003194, 0.8544146223568987, 7.480949882919731, 0.8076760671571037, 9.244844592308795, 6.703040463565543, 0.8473840975423741, 3.8938982998596714, 4.5193930391954495, 7.467071790170166, 12.562430581072164, 1.1269310929399126, 3.933751150467373, 1.9663276415371627, 2.1023137066006825, 1.5945474992884954, 2.2351349744268703, 4.199172296470039, 0.3720845773020187, 0.6230031177027513, 0.3096363347910369, 0.14891187916148851, 0.7441531861038584, 2.2705456655410785, 2.543987508166964, 0.42147439659446206, 0.36269559307274335, 1.0043441508739193, 2.093800962576495, 1.2105303521363737, 1.0052420547290808, 0.3981013115682117, 1.1249207722393635, 4.8973746342465745, 0.6290101520005464, 11.351780364346922, 5.508542489743462, 2.7435350749623524, 1.9836520333050771, 4.283270764181452, 2.02095958370532, 0.79189643763155, 1.5907797366948841, 2.3499607655806756, 0.8222001496157532, 5.4773756541873695, 2.2391091377680254, 1.3876738186987723, 0.41038844456022616, 0.3108207444000186, 0.08091506996956355, 0.7784249404540162, 0.43555156544783813, 1.2546666988695847, 3.998712867391248, 1.6980398254735292, 1.6133375886162185, 3.3799968856366434, 1.1039710002926313, 2.968935636264092, 10.169093056098887, 9.686070255232721, 1.4894300939211007, 8.209816946000842, 2.857064171172084, 0.11228486207670585, 1.2400269893952043, 2.0450874199565305, 5.659059611890143, 3.9144124099389046, 5.068505664855991, 5.038808595110311, 0.07212626243776299, 0.180260584344353, 4.030591979039599, 0.9387564171527174, 8.912745808913769, 4.950679390313439, 6.830471687133979, 8.996849554400228, 1.5390041701637074, 0.3840542342405797, 8.462774024464977, 1.9488012211127739, 1.8023562653293084, 0.44527317025313096, 0.2759164756326129, 2.122669731584523, 0.6341238683547772, 6.149990169313071, 0.47492922427284157, 9.813348835605382, 19.30076707455197, 13.492226071079074, 0.0, 0.0, 0.0, 0.0, 0.0, 0.0, 0.0, 0.0, 0.0, 0.0, 0.0, 0.0, 0.0, 0.0, 9.579570954776173, 12.86496817324634, 3.6790877126657335, 3.251476413632446, 1.3915263597201886, 3.952443257466342, 0.5364153759948636, 5.802266496201469, 2.082172987373042, 1.3633025990521332, 1.8712982601148838, 0.6081829153425247, 2.2675057185196295, 0.9615822234537177, 1.754960268915255, 6.76265879113015, 5.774625647606626, 3.7510510171990745, 6.836451884602354, 2.7802301243552847, 6.348273541796061, 0.7521910308262818, 10.480441858444465, 20.780654982176003, 15.924917398593564, 0.0, 0.0, 0.0, 0.0, 0.0, 0.0, 0.0, 0.0, 0.0, 7.572369324268067, 16.062008291798918, 4.225306655309396, 2.55753913353567, 2.96510314365122, 3.3351113274441957, 2.9591533826277328, 6.423792981576838, 3.2843945331694613, 4.506918829910774, 0.9145905646253141, 4.5879890320545655, 4.976349975902934, 1.6787051248917066, 2.7762648971075805, 1.8551960337671005, 9.23007835305512, 1.4832978166376165, 8.468261032534883, 0.6052541560755458, 1.6341297804094665, 12.56498757481873, 2.0575889378181955, 16.022069575842465, 2.179490130586089, 4.984964596114821, 2.9153919115913993, 0.00872025980194735, 6.753079184782706, 4.866415585844692, 0.9605945520060857, 0.4798795160599525, 2.238254829376473, 1.9914047192636417, 2.418168874391341, 2.733915707294102, 2.6893665677951617, 0.8175046399466055, 3.199341253673026, 1.9707171132712915, 0.21590940802209957, 0.009897090063759606, 0.16205341130608986, 1.032910762274696, 11.256165682839324, 9.028027046759199, 0.0, 0.0, 0.0, 0.0, 0.0, 0.0, 0.0, 0.0, 0.0, 0.0, 0.0, 0.0, 0.0, 0.0, 0.0, 0.0, 5.4540168316252675, 13.636068643819499, 7.07339090067174, 4.249283192375174, 1.2874888804465172, 2.374169213550317, 4.240914844889517, 1.7388467051712269, 0.0564646882906743, 2.8881422656024256, 6.1321902409843005, 0.6969366812467115, 2.3539608732926354, 5.636308471348968, 4.440123391126917, 0.39039625844566217, 1.7649032092401171, 0.7078930853573411, 2.654555490539252, 2.7114366014172333, 0.552705511675299, 0.635120219023861, 4.853178448899996, 5.083865720586459, 4.969416123673739, 0.498198500400747, 1.9218342350131365, 2.275467650239591, 0.5238274153562088, 2.2525230115236354, 1.0608436187757206, 16.042667272219916, 15.595648960121366, 0.0, 0.0, 0.0, 0.0, 0.0, 0.0, 0.0, 0.0, 0.0, 0.0, 0.0, 0.0, 0.0, 0.0, 0.0, 0.0, 9.14881378020759, 13.8613764994125, 2.625164590716963, 2.1743813785958537, 0.08867130361562658, 5.463788070361517, 0.07251357309348805, 4.180218329691968, 2.6195026130609733, 1.5332689754881983, 6.421999949838238, 0.8745567720979182, 2.828761210262684, 3.6758825362816197, 0.6235512861018719, 1.0604588524564633, 0.6775441658546413, 1.3641442833701944, 4.0719644721083625, 3.2885402177496132, 8.824568723536686, 2.2785160370247866, 1.7386015446392094, 0.9566138940923281, 0.3482812880285451, 1.5920283344808581, 2.2212668233555064, 4.5676845597273825, 5.2057499023889875, 0.3158967451098533, 1.3603952489675066, 0.5595223511401741, 0.981653783367733, 7.104875170504215, 5.38034824539983, 0.019660931118721692, 2.4920661028264703, 1.7872128582961864, 12.921664044234035, 2.6946376272960606, 1.5762919455332849, 3.8686109247274203, 4.236197769370278, 0.5500092898447804, 3.3548532082682527, 3.1184105231776584, 3.6567723427191368, 0.44379040577598516, 5.6125243145087325, 1.9652582273665757, 4.833976832441294, 3.7765857761872326, 6.066788121210976, 5.071119381597043, 1.1774646798940296, 2.317678255193698, 0.40861582580225786, 0.07145629997955893, 0.5904610209838097, 2.052561430728076, 0.08884809137953198, 3.7826856423023685, 0.09084684099605056, 2.404479149976055, 1.2565168504406188, 0.6390210310424891, 1.3027802757749782, 1.9970498314046665, 5.6947359954205865, 7.103974493558894, 0.21258466844130908, 6.046176436211965, 2.5752736859612924, 1.9937995123385406, 3.461669025543415, 2.8308430394455684, 4.049692158321449, 0.21411685530586055, 2.3660937272605906, 4.058043439702175, 1.3356160994091795, 1.9067891313964225, 1.0862014135093716, 8.17504062102396, 3.7116206513504224, 0.0, 0.0, 0.0, 0.0, 0.0, 0.0, 0.0, 0.0, 0.0, 0.0, 0.0, 0.0, 0.0, 0.0, 0.0, 0.0, 0.0, 0.0, 0.0, 0.0, 2.5069976305203454, 13.971649315715354, 11.714287995796184, 2.7373456708930917, 1.1064090921165644, 3.9457848291216067, 1.6363498834026586, 13.14972169316502, 4.862014586752309, 5.616997259895243, 1.7829264914934129, 4.6362106653760975, 0.9416906467178592, 3.2956581352068497, 4.499425386606163, 10.126624298671686, 5.619416197098758, 0.5811759918642565, 1.766971280442931, 2.3428488785109494, 0.23303669259524895, 7.570340811772212, 2.732161692870136, 5.211794940049344, 2.2125757861541615, 2.6494437734253893, 3.316091465199804, 2.050464353678194, 1.8526306236442167, 1.344008755063271, 16.208739843640544, 16.494937396220053, 0.0, 0.0, 0.0, 0.0, 0.0, 0.0, 0.0, 0.0, 0.0, 0.0, 0.0, 0.0, 0.0, 0.0, 0.0, 0.0, 0.0, 0.0, 0.0, 11.288220351759605, 12.399695147967911, 1.836655249026819, 12.294627758288925, 8.668957730815123, 0.4316596603737253, 8.372293611764917, 2.0117490268954157, 3.0642254070655497, 0.06600085508136999, 1.4212252992289223, 6.909045394416239, 4.179115723116524, 8.25494612206046, 10.01157574191916, 0.1203474477700297, 4.9418387249762645, 4.08306016879817, 0.4220354535448223, 0.1487461976584541, 4.562871480184185, 22.13722357614438, 13.62715144698791, 0.1558323704837079, 0.45809864305767434, 1.5576042454783732, 0.5653552987698589, 4.43517325896358, 0.8602537098254714, 2.857982053726573, 1.8471843957898813, 2.857982053726573, 0.19588138533388388, 1.88932749279045, 0.9792751108944486, 1.8893274927904429, 3.1332986189665277, 3.8869293794040374, 0.8000722757383727, 0.29947632185286466, 1.0701237941455588, 8.574509357649447, 9.374674496769472, 1.6402663531394808, 0.507947820786427, 1.8050748030932482, 8.078672813067953, 4.6658779353755335, 2.697518374172546, 4.87807695235432, 3.447964042279665, 1.2439170263491803, 0.328451766897075, 1.017823527857189, 1.0727828540559585, 1.3995330843726208, 14.967117875025295, 12.78893213609664, 0.0, 0.0, 0.0, 0.0, 0.0, 0.0, 0.0, 0.0, 0.0, 0.0, 0.0, 0.0, 0.0, 0.0, 0.0, 0.0, 0.0, 8.081974328661975, 18.348679908086012, 11.478533172678993, 0.3554771370304479, 0.8406177658677052, 7.520571765147906, 1.0521977203638926, 6.969139466042861, 2.9051885410922296, 0.11585819145807363, 1.7813592649946486, 1.019542881642792, 0.018863931779947052, 1.2396390804054818, 0.9437163650638638, 1.9312290885475818, 3.8799966160958377, 2.4083993443915688, 5.813413050361419, 1.7625939805227517, 0.9429173522140673, 0.8449271125687687, 1.4522869101838012, 0.5985262625891892, 1.3470100670217846, 5.593714896150715, 1.8240688917726686, 0.7403306441850077, 3.8183265507535964, 0.1603262516678967, 4.186439447302632, 14.411630860908431, 13.47286447976969, 0.0, 0.0, 0.0, 0.0, 0.0, 0.0, 0.0, 0.0, 10.966336267233103, 11.230366432934801, 3.874436328754598, 3.654383208139393, 14.014399243942876, 3.49353035719011, 1.6493420680301085, 0.19095306330478934, 4.020359230322356, 5.79800099722803, 3.716119961806214, 13.042992099071085, 15.032800306344711, 2.5069976305203525, 0.0, 0.0, 0.0, 0.0, 0.0, 0.0, 0.0, 0.0, 0.0, 0.0, 0.0, 0.0, 9.927133921906467, 15.168824005847199, 7.078989096094716, 2.187625352483252, 1.322040097022068, 1.509040432980271, 1.0973638710428872, 3.9373299083700886, 9.90302798133763, 4.646019050445432, 2.567374816379413, 1.3857103413624827, 0.5589337244489343, 5.695689049957508, 0.5179699346705888, 8.366362652112912, 2.7570154644120066, 5.37586356027947, 1.9741091593247688, 2.8534192520751276, 8.934891086664152, 1.6396181695695304, 4.162929301832321, 0.4704367797055511, 2.2237372382809326, 1.5369300848131502, 1.3302343419475733, 12.614754681865492, 10.389519187798612, 7.739670057605991, 11.138806429760848, 0.35652885547432334, 0.36038978993423143, 0.9320981503192343, 0.11968571321983745, 0.0005844464532174243, 0.34347547357435815, 2.6927092675807955, 1.743259701860211, 3.5506610134785888, 2.210261396622059, 2.9931352091011263, 9.994154444497042, 13.539917277880804, 0.800146732132319, 0.19588138533387678, 0.0, 0.0, 0.8790065557497115, 1.0234334009998634, 0.2949494393805594, 0.4083387869901145, 0.1487040210783519, 0.0, 0.833984171126545, 0.4083387869901287, 2.6274764685851153, 2.367022785767844, 0.0, 0.5250577487099264, 1.4874363569662705, 1.4411717804563082, 6.2793077329035185, 2.228068611785325, 1.2848374597101166, 5.018214044986067, 11.299322285824331, 2.9591533826277043, 0.28015708123936633, 0.6384280727257305, 0.8834299125038285, 0.3172864496442003, 3.1133468264980877, 0.9390253446607062, 3.24982496127393, 2.0907117489578013, 8.12631950930043, 0.4373393642665917, 1.3489246604805771, 3.874992620236327, 1.7757458676842361, 0.06410546805534523, 0.7093999795767871, 12.91214519921725, 7.0699525018366, 0.0, 0.0, 0.0, 0.0, 0.0, 0.0, 0.0, 0.0, 0.0, 0.0, 0.0, 0.0, 0.0, 0.0, 0.0, 0.0, 0.0, 14.49568382845925, 15.753305120461178, 3.3884031618713095, 1.0544987293482109, 0.2768209733445417, 5.023619174031751, 6.169010455542264, 3.6831360604975885, 4.177086848185013, 3.52708893112208, 0.2719209784217469, 2.834549380061503, 0.04927159956065452, 2.131736965636378, 2.1475129552876524, 9.638505150739604, 3.270153231227937, 1.563748659028704, 2.7774976726446994, 3.8420388998353587, 8.802827127453043, 0.4359546605603555, 6.277302042672545, 3.9669064443160664, 4.626608345442321, 6.026602391091387, 0.33550748482514337, 6.175270594257881, 5.397996711420092, 0.5362693887280159, 0.032132900200736, 2.6525286791674034, 0.11719433583209593, 4.343408970411247, 0.14152597133781342, 0.5608918666615068, 0.8238981057258741, 1.0941389726776265, 1.898785586255542, 7.727605441561764, 2.2385086238822396, 23.370928297760145, 10.772534556123105, 19.271658945631202, 15.669437250109752, 6.724525826606055, 6.312946457432815, 4.501511158630251, 1.1282393164490259, 0.30706822848637216, 0.8918887829808, 2.025711246296737, 0.9777132241273421, 6.028292773788877, 2.695981441550259, 8.683003923859843, 6.016482005618343, 2.321744573792614, 6.159099571344257, 5.939222339132812, 0.340190424328199, 4.0066943776537585, 1.7933157042799621, 0.5653139887106704, 3.6743706682646007, 1.4561164786451286, 0.8602506384879121, 11.968873430038656, 0.43867405870634, 12.090384362549571, 1.9504049605801583, 15.832747689402964, 15.615423352176293, 0.0, 0.0, 0.0, 0.0, 0.0, 0.0, 0.0, 14.161111214771978, 16.60235767556314, 0.27962702972627085, 2.511280444471055, 1.5200183348967755, 2.697501308096065, 2.4561069375452007, 0.1788123346348982, 0.06484669590292924, 1.2219511696364975, 0.2729687805015715, 2.079843734818496, 3.2255100926387286, 0.5854157204838657, 8.76223066322413, 1.2279113944115352, 0.4892596024973841, 2.117523221602596, 1.9880845681115602, 2.232650714964734, 6.042301241974627, 5.289132280684811, 4.320747830551198, 1.1011084456996514, 1.5929908693575214, 1.839352401715729, 0.06972429809775349, 0.5124817547032876, 3.1221485323184197, 0.504462586348609, 1.301847822929119, 4.074903706906582, 2.156972008945104, 1.2655992905833955, 0.6976596312185848, 0.6907387056461403, 1.1414889853553234, 5.175324717201818, 1.5073440737713781, 10.5069833581517, 3.684359327128476, 7.782081616165897, 6.429947052920113, 1.9310162274222478, 5.4482207440881325, 2.3749823362508096, 0.8892752069655216, 4.891358978338246, 2.548747009167869, 3.0020244837109544, 6.936390355976869, 2.4696581577879897, 4.49160118404933, 9.191644457978043, 11.031901888986198, 1.403264459422843, 19.628120197194335, 7.4232113952342615, 3.3721394374184683, 7.752919747473925, 0.05199921563365706, 10.96005290900274, 5.225332345424334, 1.9569506669427312, 0.5270994659465771, 0.43779770854527555, 0.5537273502358175, 0.06588932974531758, 0.7648802344486967, 1.6218098164867172, 0.31553247188631417, 1.2722619002377087, 2.110739077440627, 2.0387196893690316, 0.31250335134924967, 0.2495861114849447, 0.2079670783234917, 1.322808041152598, 2.04380304176118, 1.9595351453870933, 6.650169237492207, 0.3170344811230734, 5.760872622337899, 4.500928846918725, 1.661112832933668, 2.753622708285718, 3.086529493558203, 4.030739107016842, 2.137934372063654, 4.2670166000498, 4.162711527644348, 2.2159090011964793, 6.591295934782124, 2.264792880532127, 1.2236116962167216, 0.8837898769318144, 2.705592681892938, 1.7099633708465092, 1.2856567769102583, 0.44683436289835754, 0.5394064201773006, 0.04773299113378471, 4.007220478522953, 3.4631478647502547, 2.6584032984324324, 1.9555490190169849, 1.3025427262229812, 0.06622414736818882, 0.45445006652724373, 1.9379609325233105, 1.7727920629889127, 0.26433228694821764, 0.05270000883751891, 0.3538425747655083, 0.09070224136837624, 0.1144353465219865, 0.5761400010756574, 2.841274095395363, 2.405528174643621, 3.369127464763608, 3.4820220269471633, 4.718019196747349, 1.255519329792719, 1.8077110976463189, 9.451600607689556, 1.9564216739483413, 6.392303399496939, 5.6039165303803316, 5.549797012071167, 1.6030548922762478, 0.5950415146577939, 0.8064662772061695, 2.8473456859994712, 4.325068082818007, 2.763225143903128, 6.105347709839151, 2.0544644446044344, 0.2909556992078137, 0.3103157168071675, 1.2039898873417485, 0.3483705900627001, 1.2840166812843279, 0.6696931712363607, 0.10671062591777059, 0.27280993652846064, 0.4225386092975896, 1.464517283160717, 9.46596480592558, 4.48109378656217, 0.04956602012899225, 1.925164354149004, 4.839358340467641, 4.601924333776111, 0.6987417456111302, 5.846050453101597, 0.9282590774009662, 0.4296425554331762, 2.0175188431522457, 0.24167571298916357, 1.5866576941931498, 1.1495760060812046, 0.7530943483473607, 0.6426591785547799, 2.070177909566894, 1.8798110968207666, 1.231668133041964, 8.327910196896305, 4.007904087575653, 1.1823538348768068, 2.6483088301264956, 2.3470521193259515, 1.9732304392540243, 1.0468550212584944, 2.0926919833333955, 0.3945048898867185, 10.774942919507282, 4.381454325535742, 9.11042944870411, 10.541430265924248, 2.2762102570998195, 8.459939284117269, 1.7976398134049134, 3.2933833057853406, 3.9555274124755897, 1.4611373218226902, 3.015798698158335, 3.8110130271165588, 2.997302104854839, 2.25565295016645, 3.3451573612061907, 11.063262870075334, 0.004495519325303121, 8.319717616255787, 0.710882167102767, 1.9695700882909648, 4.499841150143141, 3.057942923130497, 2.39344698697775, 1.199491585683262, 0.5940811183231745, 0.8995225481394868, 0.6991337989827286, 2.4422491391633656, 14.735260175669836, 15.377726716934326, 0.0, 0.0, 0.0, 0.0, 0.0, 0.0, 15.434436922978392, 14.735260175669808, 5.350961931364566, 3.9567498299575163, 5.322652914662314, 5.860262406321567, 0.7094802192342513, 1.0782688044121755, 0.3891684328087308, 0.8825461010724212, 0.379554676380792, 2.80288231567485, 0.7843973302134373, 14.829625666214753, 8.661004090611812, 0.7760507677394344, 2.235627673267743, 1.6884683738333024, 0.5431109881433969, 0.8476984687467279, 3.193997176556195, 1.9370706318285613, 0.2722889782409652, 1.7501428934559158, 1.6264523507932722, 1.2830272974248942, 0.8263282525081763, 1.0787118950668741, 0.690922265829073, 2.1816841308109076, 5.502025743240466, 9.998149196378279, 0.7245168874196963, 3.400763560271457, 6.129344456289573, 7.2074248457893475, 1.9579131594840646, 4.319158518735861, 0.8547599286467857, 1.267572104912233, 0.09953587229966843, 0.8276414107709229, 0.42759763417916474, 1.921950818439825, 7.030079767246207, 0.2977700481769432, 0.807119176918917, 3.6583860027191974, 2.199014728735449, 7.243360922061299, 3.472920541077201, 0.6926519660204349, 5.9086407643125085, 0.23502732730696607, 6.210303915406769, 0.762856482633822, 0.11960217255477801, 0.8736175856347472, 2.482038254637189, 0.8628396276675403, 0.9872464786663215, 1.979695865381757, 2.6983571827537958, 2.7395055465501628, 0.5307652656716186, 1.0997924494456868, 0.18132999745938605, 0.09742987624170496, 2.454901041253379, 0.058026079125454544, 1.507810671157472, 2.318782873409816, 1.6973299440670644, 2.5901188506375092, 0.5109631974245303, 12.734229041619244, 3.220757285103332, 8.124673949531996, 2.1697257316690184, 2.602517487115847, 3.8077960444845758, 0.1705363909679818, 5.572489457347842, 4.29496221715533, 8.54445753907379, 1.140426722796633, 0.2834583698862616, 6.638846153448867, 5.482715739444984, 0.28888806907355047, 3.1389941040816893, 2.355221559478423, 0.5162529587344125, 1.0360550076779873, 2.824567276289315, 2.0274301344811647, 4.652057962135643, 0.04375630537390407, 2.4136458498471995, 0.4484157346290658, 13.25083458261895, 6.524277801582457, 11.79825865387457, 1.8519472191925388, 4.011590171468811, 0.5253533541267643, 0.07537264904385665, 0.9245360109879357, 2.0370711212999026, 2.574780891149487, 6.49200703862175, 1.5355478440848742, 14.533633351113806, 11.41569264947023, 0.0, 0.0, 0.0, 0.0, 0.0, 0.0, 0.0, 0.0, 0.0, 8.175040621023939, 12.14249489323386, 0.35604311272859945, 4.839717427527177, 2.845684652994379, 5.313396339147971, 3.348996038255507, 2.1313230381912263, 0.25575586358684177, 8.01223670227995, 2.9467444030201193, 4.323923507998387, 3.9361745220646185, 3.4824193294392387, 0.7133423813374833, 3.5598818196438344, 0.9796929071508487, 0.6716157957294797, 0.35629975467446684, 0.6716157957295081, 0.8191334130091548, 2.9348759043218138, 1.9336260238278555, 3.3134501275901016, 3.0450230579444906, 5.253295515501236, 4.702222956365006, 5.125297429857795, 2.550878805005425, 0.07355137394148414, 2.6276470631082702, 6.596554681794146, 4.754117555773178, 4.818199032986939, 3.917922806535529, 2.905324493232712, 2.7031424745538857, 7.3203935418301285, 5.112902773674563, 12.537208426640603, 11.087798187430081, 13.698990923857792, 8.130857181884664, 3.9913448180259365, 8.306760891042359, 0.8493216369544712, 1.3524816719370847, 0.6304590214898553, 6.905716412405127, 2.4454776491593293, 2.9622921702570295, 3.3732220948974714, 0.4790086447663384, 8.13566822659834, 3.451394823145506, 0.6667382336576111, 1.0236650178985656, 5.399760947776542, 0.3353729735918023, 7.669381392782157, 0.5565089341174598, 2.8293067983213405, 7.124746067649454, 2.879080297709777, 8.344421366554428, 5.719440081227134, 3.0968427663566445, 3.100435538443037, 0.46416928905082955, 0.1351513103208788, 0.21899176484288319, 0.28555314619691785, 0.7299151103792099, 0.9687757470645977, 0.2832807371667627, 5.9708577502185705, 1.2934447715333874, 5.5600643918421895, 4.1132969152597525, 2.6341526604030037, 11.270571856917314, 0.25486104809328936, 1.2770598011652794, 0.8246245025917744, 1.0532815766220551, 4.107625905083125, 0.49971109232734534, 1.2237917091113104, 0.6318049165300863, 1.2785980151949161, 4.1182931214314635, 0.985739368042232, 5.406793126754394, 1.9017524441030105, 0.5962965306084129, 2.3539566081024077, 0.5220746132474403, 4.611407864464638, 1.784811544888015, 6.3636263050569255, 1.6826794463550812, 3.4298367333343265, 15.339350665047988, 14.448693107347474, 0.0, 0.0, 0.0, 0.0, 0.0, 0.0, 0.0, 0.0, 0.0, 0.0, 0.0, 0.0, 0.0, 0.0, 0.0, 0.0, 0.0, 0.0, 0.0, 0.0, 0.0, 0.0, 0.0, 0.0, 0.0, 0.0, 15.568763775399105, 27.241138712236932, 2.095462100671739, 6.4272675064278815, 7.047566463918031, 7.158647495051639, 1.409945350690407, 3.4013707039004544, 1.00511728216307, 2.501727128921061, 3.331654606008044, 0.4776262290006912, 3.03218046461825, 0.26614757325717164, 3.0586696401344966, 2.5502403460806704, 3.3954139958672442, 2.3262909647926904, 2.269543494565397, 0.7972874272864487, 1.3307867387485146, 2.453500427064739, 0.7866581181381207, 4.555495982050331, 6.6364803055378445, 3.7810728557950313, 5.402747479476233, 0.35301735472347673, 4.29903349361021, 0.6499119774523194, 1.1326177056373297, 3.0033666056813786, 0.1865879312387051, 4.591147730641097, 0.30419509400348943, 0.8826723068054889, 0.6624339688443399, 1.5808451509061285, 0.3360079162245597, 3.802448587528744, 0.33344211795011347, 0.5443253868265998, 1.6138255350701058, 1.282094098552534, 1.3127955842635117, 6.3284937182068575, 1.023991091092057, 1.5420606386791462, 6.654846941233913, 14.53047851289071, 4.242394034783672, 0.0, 0.0, 0.0, 0.0, 0.0, 0.0, 0.0, 0.0, 0.0, 14.204631075778906, 22.348919109869826, 7.741328053672476, 2.7162831424110436, 3.3393539510996675, 2.304463403414161, 14.65669385526786, 0.9172557036439457, 8.272527056035472, 0.5882245054522173, 0.6606136805101528, 0.7025195570963092, 1.8830387300712914, 0.13264499778085792, 4.063699423765797, 2.5756679598044343, 1.0503081989052134, 1.561972945781406, 4.048166653812643, 1.5976481452142366, 4.934436943066316, 2.2704294280189856, 2.909733666590057, 7.220947816275327, 18.98232666588987, 14.820520304366795, 1.2848374597101166, 0.0, 0.0, 0.0, 0.0, 0.0, 0.0, 0.0, 0.0, 0.0, 0.0, 0.0, 0.0, 0.0, 14.910016917096215, 19.175842570853888, 0.23889788310518156, 3.8031548403164948, 1.829445167242966, 1.0931260717911186, 0.0011813081400759984, 2.113450527459918, 0.48379988592779455, 0.18001755519412654, 1.9505811342505694, 0.10591275424917512, 0.48161399382775016, 2.18850001540153, 0.26582024971725104, 16.500023110997944, 17.045520912257444, 6.398401110275415, 0.0, 0.0, 0.0, 0.0, 0.0, 0.0, 0.0, 0.0, 0.0, 0.0, 0.0, 0.0, 0.0, 0.0, 0.0, 0.0, 0.0, 0.0, 8.876958280457046, 10.516380453394163, 2.599306566675864, 1.5604508734629405, 1.3777298242805216, 3.2590579535038273, 0.7273770687963861, 0.2946061037673928, 0.9566369846136809, 2.369444935153041, 1.9094425539469455, 7.483114472495373, 1.7892838768533466, 8.488616932799943, 0.06600099200542786, 0.0998387897142834, 0.4864105403367489, 1.5044899544806185, 2.2282612511166633, 2.5791766240103584, 6.233773151349112, 2.9802965232036627, 5.2547817780694, 2.6214550062772446, 0.9389165921877236, 3.338097880344236, 1.6139145302472002, 2.8928535683828613, 0.14345007106550156, 0.03945897541080967, 3.527645741407582, 2.1029246428459487, 4.266075923839878, 2.112702071914555, 3.9160090266588554, 12.452524734650353, 13.830806124381596, 8.112042331507276, 0.0, 0.0, 0.0, 0.0, 0.0, 0.0, 0.0, 0.0, 0.0, 0.0, 0.0, 0.0, 0.0, 0.0, 0.0, 6.398401110275426, 14.791832901648576, 5.430358590201308, 0.9035837793290682, 0.7256930196037956, 4.586289856004726, 9.75932984862817, 0.23938822939521742, 18.867727239629744, 11.196846697100966, 5.874239158955277, 1.9283914129027835, 5.006060645846901, 5.7598578272341, 1.8659579690126975, 0.4127171270691292, 11.707454668296037, 14.377853803176293, 3.016762530914008, 0.10010615044666338, 2.5568182002264876, 0.1211709723516492, 4.756565235003137, 0.5545372476173043, 1.042890981301639, 0.4708585988734342, 1.978695853928258, 2.928783011814204, 2.1760043198531065, 3.442855671328445, 3.1173701827710545, 0.9625486706247983, 1.1151581058445572, 4.636857768178629, 0.25136035021074576, 7.674019215612645, 6.720063280301218, 1.5232291103166489, 1.663835111365529, 12.552076550912773, 17.25934703167127, 3.2255246659982504, 1.3226967826439022, 12.97927694880417, 7.109153259689151, 0.4214016755760497, 15.848593078227509, 18.68605095096723, 1.4292099012734525, 8.052112418768615, 7.501901871480243, 9.57092807430277, 2.011091508642579, 0.8983595223981524, 4.407649992805318, 3.7504346692871877, 2.144932136745979, 0.8006767556121872, 2.3005638979196874, 0.3876066931434252, 4.6064340366365855, 2.9828358622190194, 1.0396460940245902, 11.742137518813081, 5.597305032638332, 0.6357151100609997, 3.802814249412677, 0.9180195316291417, 0.9514378150191476, 1.2990464376069326, 1.5072876709479033, 10.769974965077381, 0.22091706869031214, 8.770072193789076, 0.6252575210082512, 2.318600685436934, 2.5991917138074996, 3.2745295646501518, 12.658041740136355, 9.285239743867407, 0.48334455311015745, 0.6709301556911669, 2.1509233427801746, 2.2278321665435215, 2.0351539662001414, 0.5625458890693835, 5.552989661062668, 4.535826120897866, 0.45306850694328205, 0.41657596906873096, 0.3137379147677848, 10.739376229943616, 0.42214536891526677, 3.5515532071582925, 0.4047598593792827, 4.116459680924947, 2.672110917404325, 1.409889917527721, 3.3225361176967, 2.0852172348673434, 7.443815329027984, 0.0390351751609046, 6.388443752220951, 1.6278169851146913, 7.5301518589508305, 0.5750112933335458, 11.495236010769702, 2.8950666761701314, 0.7406977033718363, 16.2745869204727, 16.098316933718763, 0.0, 0.0, 0.0, 0.0, 0.0, 0.0, 0.0, 0.0, 12.853097500481937, 23.962163712043065, 1.3657370837305223, 1.2684349165284061, 1.6055925775368678, 0.16962114684318408, 3.4608282880386128, 6.718854131684964, 11.108248998631097, 1.2999040479428459, 0.3242083359439789, 2.809900799032789, 0.8382518256352682, 3.3873005538499683, 3.167747866430261, 0.789308961066638, 2.690212458698568, 1.3119919213680191, 6.251947365074784, 0.9384292848495761, 5.172673755155984, 5.1095616099204335, 1.2906659632768651, 5.097007909260867, 0.41467157103539876, 8.055174808584411, 1.3091330780373482, 11.553189967830122, 11.238468433005096, 0.2979434007356758, 3.5668130440220693, 0.1924726021812262, 0.06964255189126334, 0.31046435563621344, 0.5854651911278097, 2.6107707930738684, 3.6822239249034965, 1.0945597744611177, 0.9612921914271055, 2.8347005433470827, 4.405901582675767, 2.534330080683276, 4.565379621283796, 0.18110332210289926, 0.2917168917369395, 0.051112209792165686, 0.5116782885974658, 0.09334623138994402, 2.9657748397899013, 1.133717685317265, 4.03571142376677, 1.4895922095423657, 4.5267573582421505, 4.074946156287808, 4.630339576100539, 13.135610494998843, 5.9971309460459565, 0.6706234556763491, 4.502570955304719, 1.959974597342864, 1.9292820639303443, 2.983307130519222, 0.349915082923701, 0.45969397112290267, 0.0001473928260509183, 0.8531475975301532, 0.2525189945698685, 0.8531475975301532, 1.3646198745983753, 0.8293824082500691, 0.2575070259754568, 0.17550016586835682, 2.908164801209381, 0.8439233443760372, 2.4503027575738088, 4.470344742816536, 0.5005431692991351, 3.839838571512473, 1.561899827135818, 0.4339840386228957, 0.9984397950116488, 0.022268763655659995, 1.899105649296672, 2.0876246467429382, 3.184746543460591, 0.522608159112707, 6.622008164819476, 5.070009626581964, 2.9690799331116864, 7.8228961902470076, 0.43862873385285184, 4.120397033406391, 1.8336050436943196, 1.3896090810726776, 6.859109718362987, 15.446502217292078, 0.8476304594295243, 0.16140249712611876, 0.4335011109158131, 0.10993505476318433, 1.165233990183708, 0.7207742539995934, 0.18486696574319694, 1.5688130590980336, 2.808516485676421, 4.9019930052679115, 0.2994476191522608, 3.169554511196452, 3.110800456288473, 0.4881245924704558, 7.819212881910403, 0.6164823162978337, 2.7301444300998696, 0.5902019024186984, 0.4198557772899676, 0.18567659649278312, 2.142521493288484, 0.11273142193812191, 2.257279734899555, 1.74659768167038, 0.7261852087631269, 1.124473477182903, 1.8707248701936123, 2.4341835296600607, 16.112882782120508, 15.936928694307454, 0.0, 0.0, 0.0, 0.0, 0.0, 0.0, 0.0, 0.0, 0.0, 0.0, 0.0, 0.0, 14.92287451496749, 15.873615382946724, 1.5717152736946787, 2.5218742640512914, 1.9124344593128058, 1.5419048513388134, 0.21108932821016424, 5.6276199286287465, 4.491425775561481, 8.329277935216737, 0.6359724761592815, 2.601396289018055, 0.5842254306004975, 5.420362126732584, 13.849488466326306, 3.456775620839494, 7.106700966213623, 2.4512976936777306, 7.57460246978107, 1.3986491845199396, 6.464375912614685, 5.858813707028617, 2.5084529841904555, 4.715979749608152, 1.1000633964493431, 0.5178103692968534, 1.019993004259959, 0.41211220153911654, 0.8325151736393082, 5.074092145868036, 16.506222364883598, 15.77148160122718, 0.0, 0.0, 0.0, 0.0, 0.0, 0.0, 0.0, 0.0, 0.0, 0.0, 0.0, 0.0, 0.0, 0.0, 0.0, 0.0, 0.0, 0.0, 0.0, 0.0, 0.0, 0.0, 0.0, 6.695667778882012, 15.502644367018931, 9.504328535645413, 3.042640863583472, 0.8993110449550841, 3.476790702074709, 0.8473135655131045, 0.4245797103702671, 1.3241569175798986, 14.077464539943435, 2.6666001846909353, 8.041374753334907, 3.196720442931479, 1.0657665026404572, 0.300180732579463, 1.2122271260492994, 4.448662757038704, 11.045901969335176, 0.27422408500143547, 1.0200037806644104, 0.5477644575564682, 3.7957030631975783, 5.491288459393047, 0.4430725393251862, 1.553508668468453, 7.151034722837949, 3.160095643878094, 1.4736200004513762, 1.2927956877564384, 1.735676147929837, 2.137178634028487, 0.6539887291213518, 4.677799847519623, 7.520003934386295, 0.4567138026759494, 13.212896398001817, 3.1519260456703364, 1.4114071256645104, 1.8461933334211835, 0.47755962011439124, 2.9118165420609046, 2.450918700570611, 0.5456322942138456, 1.3669303632510719, 3.2718916604077606, 3.6275923529510976, 2.8733273079105572, 6.989462930056476, 6.598982854533915, 0.5886805354693365, 3.679648586036251, 0.1750859266334146, 3.259432501775848, 1.9153227234596102, 0.5112502954141291, 4.217538061322557, 3.9433934727714473, 0.8414787747207129, 4.5242289411611125, 0.27618627439917987, 3.933390397144848, 0.5070051170469014, 7.3050551455942525, 2.6546410587008893, 5.685839731775445, 3.0106391832902943, 4.889998192337799, 5.930923332295606, 0.36063370090073477, 0.9608675636467296, 0.6545681640968155, 1.8325342581287032, 2.189718661576194, 13.319854066671724, 0.30457913300597284, 8.47740137358744, 2.1960439601919006, 3.9281015846604532, 1.3273729865583732, 4.7375884008114895, 0.8991501284504011, 7.553941008645722, 1.649594702747038, 5.480509970132005, 0.22046781289446926, 3.1044189540456273, 1.549201948939185, 5.192930730331682, 3.777696962134087, 0.6131128505695074, 1.2656978915725858, 3.8286283681898965, 0.2372766404033655, 5.181537136756674, 0.7676290322486921, 1.2976089426708768, 5.951734519463031, 15.26009446076479, 12.123364477248103, 0.0, 0.0, 0.0, 0.0, 0.0, 0.0, 0.0, 0.0, 0.0, 0.0, 14.942473441144728, 20.75265173389647, 3.900794347766066, 1.3572294055639418, 0.8685042605071658, 1.0536093569068896, 0.15905581104161115, 1.5696227473185331, 0.49536240582051505, 2.2494648668287027, 3.445559585663034, 0.7475237359809626, 1.0401113782028801, 0.5722981213613707, 1.568816233445034, 0.9116543635694256, 9.682952467298378, 10.060626258564866, 1.0311125520629503, 12.018805696657125, 4.583419325389741, 0.45757258622967356, 0.737182821625538, 25.49504058883167, 13.133611326806317, 4.15282217230984, 4.197708783702154, 0.8130055668145104, 0.6411571027541783, 4.997997990714765, 4.292544377726671, 0.2741566711234782, 1.0704500360201052, 0.9108821975718797, 1.3863603374638842, 3.5492500052669698, 2.7602579894399355, 2.7148059081446263, 2.960829926189433, 0.7184250712280118, 10.060889293115508, 0.8632380248288882, 2.081932355395594, 0.6519798104829988, 0.11162103092883058, 3.09057448614044, 0.05789666484275813, 1.6373965521213165, 3.950802796149958, 6.625971075282848, 2.231135062942542, 3.9312040211638646, 1.2096143808330453, 1.319044067256982, 0.36791734952180377, 1.694699462373137, 1.2848367581675006, 1.6560755722624094, 1.06928271281447, 0.4951546550591388, 5.43644482588536, 0.009183340899255654, 3.3240922448718493, 1.4927328689101387, 1.7536258939478557, 1.9379609325233673, 0.058791680151045966, 3.015851046842954, 0.8849727819565771, 1.2146381886072959, 2.9895919553570707, 7.5577816964221824, 6.317113579872455, 0.9288611797775275, 1.8460019876321212, 11.125937984278096, 22.348919109869797, 15.460586811218903, 0.0, 0.0, 0.0, 0.0, 0.0, 0.0, 0.0, 0.0, 0.0, 0.0, 0.0, 0.0, 0.0, 0.0, 0.0, 0.0, 0.0, 0.0, 0.0, 14.09136604057558, 14.753417555401114, 0.006804387504189435, 1.6544439863299374, 12.32154688616447, 9.783301038284776, 1.2123916010748417, 3.407925761835486, 6.614420581967636, 9.644516670887697, 6.177643773007787, 1.009805415575812, 0.9140364320831225, 0.7291059171837446, 0.11321355713920411, 2.040759996507404, 0.04235375221963977, 6.4231109778254165, 2.6025193172040133, 2.8503997240116234, 3.8484696709480204, 0.8791303643901927, 2.186921285666415, 6.388752558482537, 13.37617323851012, 9.028027046759199, 0.0, 0.0, 0.0, 0.0, 0.0, 0.0, 0.0, 0.0, 0.0, 0.0, 0.0, 0.0, 0.0, 0.0, 0.0, 0.0, 0.0, 0.0, 0.0, 0.0, 0.0, 0.0, 0.0, 0.0, 0.0, 0.0, 4.877673716276373, 15.53506299591956, 9.8252325126208, 9.422034705105773, 2.6764616626825273, 3.509931829881225, 0.43568182350384177, 4.400533247006933, 0.23078934480105318, 2.8319065850691914, 1.3504153460148132, 2.8686821880589264, 13.887566060081028, 9.579570954776173, 0.0, 0.0, 0.0, 0.0, 0.0, 12.99477930214401, 22.34891897327057, 6.08963148950312, 0.1982519348725873, 0.0466649105334227, 3.612591855853111, 2.0270184466108674, 6.5534931770287415, 5.072597946728081, 2.6020560124306087, 0.4897399327026051, 16.51261207867799, 4.280217693365898, 5.5569862079668155, 8.903042146901441, 2.2104569024774037, 0.6809008499354547, 2.212194627751927, 8.398944678837552, 8.966218604766368, 2.008267161744868, 7.146306044628091, 1.5461817414343955, 2.48198432529324, 2.254660388338266, 1.6144766633756262, 8.283316415212056, 1.004377619884849, 6.0209752429767605, 3.914573441964251, 0.5058140885017508, 3.136999488410339, 1.8961323871980085, 1.576159980626585, 1.2405705388319745, 0.7988896702046304, 4.620817214369026, 4.228075368601594, 6.820515267562598, 0.22748167804513741, 2.163605942835659, 3.4662405799458895, 6.837851114811372, 0.15327218715273716, 3.5461105658752103, 1.767689127793517, 1.6924548265784551, 5.3577253307994965, 4.467470203665897, 1.895538464524293, 4.736789174528269, 1.5699933759338194, 2.1669651557432985, 10.03619349822901, 13.434415615790243, 14.211270120106327, 0.0, 0.0, 0.0, 0.0, 0.0, 0.0, 0.0, 0.0, 0.0, 0.0, 0.0, 12.841769293887161, 20.89243410782663, 19.23833064871144, 5.247598872841479, 6.173044735607675, 1.5885103725753424, 0.12725051770553364, 5.1942871786411615, 1.4500480045563222, 2.3273733320754673, 0.6755199667295528, 13.155271384304967, 3.5310869114720163, 7.760289286079001, 4.334998627690709, 3.7480101757582247, 3.43823740295295, 6.094331452560169, 30.36714989099113, 20.116367851459643, 0.1408422801544873, 6.3639300720212475, 2.3584696728541985, 1.0665887975079613, 2.697720258556018, 0.2360371501868599, 2.7402255273447906, 0.3293958646886779, 1.483483505859283, 0.9655085236563821, 3.302278292012687, 0.6484091305408413, 7.00616791427214, 0.7076605913491818, 4.725035818481217, 1.4075819372261833, 4.468802680247919, 1.4075819372261833, 4.46880268024789, 2.0522933761687057, 1.5904294916812205, 13.544096041524199, 28.24919973039013, 8.682589019965235, 1.6381201181046663, 5.0265885785103706, 9.517491886589426, 0.04285439712293737, 1.3803488848511734, 0.0672680410705766, 3.732707522458611, 28.907681667904, 17.67532974588343, 0.0, 0.0, 0.0, 0.0, 0.0, 0.0, 0.0, 0.0, 0.0, 0.0, 0.0, 0.0, 0.0, 0.0, 0.0, 0.0, 6.695667778882019, 14.411630860908446, 6.758712205879874, 2.415459673543012, 0.6248053276634096, 3.1227134965949688, 4.814361847278974, 2.1228143305168032, 6.068286214590103, 1.5531511454495899, 9.270584664623357, 5.010188143282448, 0.07092594408459263, 0.4264576726652649, 2.8283781114903377, 3.492268445853256, 3.5476774967058873, 4.049484417342853, 0.49420779265881265, 3.7317667950148916, 1.4819186535399922, 1.4739292536991115, 1.3227346120729067, 8.730861155875743, 2.036135517713376, 2.9216703131775716, 8.52191217566127, 0.22813779149890934, 5.950633538059208, 0.8188743097514362, 0.6615420483739172, 0.3707369715477853, 2.1975329807976323, 0.0629225900144661, 25.954462974631383, 15.807265866073294, 0.6859304571061386, 0.14056515714156603, 2.7725400854803013, 0.5537067820372386, 8.19610608083542, 1.4225197039114903, 1.1179961099147846, 1.2841008914180065, 1.4813598094941653, 1.8790588859199602, 2.3528995174485203, 5.187585068584781, 2.13891387600043, 1.463496135358696, 4.3975390193776605, 1.915664293645932, 1.4780391772229962, 8.269349384772617, 3.882648841690795, 13.636068643819499, 2.687593950294854, 13.636068643819499, 7.285303789137032, 0.0, 0.0, 0.0, 0.0, 0.0, 0.0, 0.0, 0.0, 4.242394034783672, 17.608948995921324, 13.68538754097608, 1.9768203132972815, 0.04599256467093937, 0.4665547503465177, 0.5203225194102288, 8.242133046980285, 5.066624100787237, 7.674699700718122, 3.4039231950870317, 1.2395258779249616, 7.5323345141508184, 13.30662458311815, 6.434796178768863, 3.799305736458223, 4.202198701798693, 0.35897257221006384, 5.162545990317312, 1.5845669679476941, 2.8872109610781536, 1.808068454167369, 0.8681037599496335, 0.8934348996522203, 0.5684158238036616, 1.6110828279628322, 0.0002051801581046675, 0.385001771658267, 1.6309573810216875, 3.0497709885379436, 12.150526759495051, 10.054424880567097, 15.341471164426608, 4.87767371627638, 0.0, 0.0, 0.0, 0.0, 0.0, 0.0, 0.0, 0.0, 0.0, 0.0, 0.0, 0.0, 0.0, 0.0, 0.0, 6.695667778882012, 7.840204238609019, 0.05508341969198227, 0.8339841711265592, 0.5770277705855165, 1.1826921104132566, 0.955294152348813, 0.7604962046164303, 0.9130246287505486, 4.660417597506836, 0.0, 3.320260083849263, 0.4649678377963653, 1.1735734541615983, 2.835770628489243, 2.6817791291505984, 4.442617351332821, 9.579570954776166, 9.579570954776166, 0.0, 0.0, 0.0, 0.0, 0.0, 0.0, 0.0, 0.0, 0.0, 0.0, 0.0, 0.0, 0.0, 0.0, 13.341987509250004, 16.529426887892825, 2.3596419082780926, 2.6292887919595387, 1.667403784784483, 1.6200077237701862, 5.02996001730736, 10.7130811709103, 0.3605068309522039, 9.118411477389031, 5.070584465332274, 0.9782621894519252, 8.01755198841613, 0.2957434317501111, 1.248313242797849, 1.0305029075673815, 5.057979016309787, 0.9621421469425968, 2.315839061554243, 12.106532516767231, 8.530646680607163, 0.3727002722021666, 3.437378279590291, 1.5713903194010186, 0.3386294138327912, 3.8236715593782264, 1.8630284890091389, 1.4212823044353229, 0.8309129899749621, 0.7026838148588865, 0.6692977522787373, 1.1347820305782648, 0.04905607646526278, 5.401090305888829, -5.684341886080802e-14, 5.409632387869749, 0.8228406036062097, 0.18528057019108246, 1.1303749852613691, 1.1352026870390546, 6.105060049464669, 7.689278279380687, 18.539469756001438, 2.2022648591634493, 6.077761971620731, 1.7252916525845308, 0.22954267740095702, 6.771685922355658, 2.635312431221706, 6.497182133374224, 2.1111184143802006, 9.341130707873674, 2.9038567298360363, 9.0558625305232, 2.717651689268905, 15.281997368575105, 0.563727918896916, 4.150084013972673, 4.444547131758384, 19.593300318986394, 7.584539922076829, 4.496163179047983, 0.6642877960843521, 8.016942947900759, 3.161345228845448, 0.5292644680644685, 8.140317924531473, 0.4559888259070135, 11.062425909045828, 27.296093542361405, 21.16271362052069, 0.23034381329864573, 2.118604086438353, 1.044058982099159, 2.451768088497971, 1.0981855689576037, 1.090081552548611, 2.410594638521843, 0.43151408279652514, 1.8469585349783983, 2.824486951475933, 1.6664801790311685, 0.08997544382179967, 0.7416701824579945, 3.741090668503489, 2.8769478206365875, 1.8466701041763827, 6.684622964723076, 9.991916380169414, 0.4332246075940702, 0.14935165942563344, 10.552715805199227, 5.457843645365813, 7.638476691217306, 3.6214529165384874, 1.5326212788830276, 3.2743113422045553, 0.842503068814608, 10.700218014502923, 3.65481832126477, 3.25371951673867, 2.1868748945485095, 4.413488263801469, 1.6992788472460347, 9.423612811586054, 0.3902530988282251, 6.126564693135265, 6.004298540915784, 12.109305868727006, 1.0659128543293264, 2.0212652949317658, 0.5191307243719621, 1.5559782535392515, 8.780343996086515, 4.54742564059012, 3.9669506302511195, 4.9671791638797345, 0.021656848636951054, 1.131922848073316, 2.3288258343133066, 2.8421307045276762, 0.038242270470391304, 5.790236392283305, 0.6822606056157383, 1.280988357404567, 1.727311096999415, 3.652995816104948, 0.2082486417268683, 0.6939805107458028, 3.0078384811245655, 0.6100954836453525, 1.1475412260632538, 4.487158490945831, 2.3608294709221127, 0.3409979882560492, 0.165638319741106, 8.887948277043506, 25.760683003163706, 2.653464030522457, 3.4836215824963688, 4.2138230754936785, 1.6474845010716876, 13.208125272512746, 1.6868329621245834, 2.094602608921946, 1.2742092650839822, 1.3675564946830718, 4.470069422770962, 1.9988057532854668, 7.2683583454696645, 1.3646330193219, 0.21248152807942233, 5.860102481932984, 7.193235302410244, 4.3128847681782645, 18.549345052971887, 16.01966564184262, 0.0, 0.0, 0.0, 0.0, 0.0, 0.0, 0.0, 0.0, 0.0, 0.0, 0.0, 0.0, 0.0, 0.0, 0.0, 0.0, 0.0, 0.0, 0.0, 0.0, 13.46052239251297, 18.50909559265179, 10.02411400758254, 11.444476354052881, 6.317327205989386, 0.3579731937543329, 0.6325522494175857, 2.1487090618709885, 5.135431157106382, 0.9257904975534643, 2.406221113326751, 0.23494095470749699, 23.96216371755355, 16.315950382008083, 0.0, 0.0, 0.0, 0.0, 0.0, 0.0, 0.0, 0.0, 0.0, 0.0, 0.0, 0.0, 0.0, 0.0, 0.0, 0.0, 0.0, 0.0, 16.647578556729542, 30.592828461450267, 5.613763794072042, 1.7779878537162972, 0.3830858565019071, 0.6274242286997946, 2.63393492979759, 3.607743221496719, 1.5347213917859222, 0.6157397890098082, 6.455376447258288, 3.1565242606973243, 4.386637402939755, 0.4960759475508212, 0.7303452659659797, 6.323151350498421, 17.066241939503982, 12.928834035915656, 0.0, 0.0, 0.0, 0.0, 0.0, 0.0, 0.0, 0.0, 7.146227676257219, 8.538360558172698, 1.0070212296987506, 1.44480918269781, 3.315013873897499, 5.682509866621373, 13.00546210026296, 0.09014168114430277, 5.030878706516383, 3.4329757897685056, 1.8560615769154651, 4.829670224581207, 4.040595839699819, 2.309278069190526, 0.549860475278166, 1.05938525891942, 3.565414880348868, 12.894518579724902, 4.242394034783658, 0.0, 0.0, 0.0, 0.0, 0.0, 0.0, 0.0, 0.0, 0.0, 0.0, 0.0, 10.801877666877658, 16.719919510208655, 8.22887769967943, 4.53566452570027, 7.926036434516675, 1.730225030085876, 5.194595216984169, 1.1559056715605607, 8.188451580399487, 4.5140387363167065, 6.1944660891505805, 2.5137981649535277, 0.2810232160740611, 0.6634285186831903, 0.4429698059543625, 0.7677595964969441, 3.261059139463441, 0.03264284913029769, 5.898582888463977, 4.833765300617529, 3.9656420811012936, 0.47128429451123566, 1.065261926346352, 1.3217704844767582, 1.3012089175801407, 0.5319392645288872, 3.7160064153582653, 0.4005468624674222, 7.984993801330745, 3.903512325576287, 4.248428768344752, 15.196579091603525, 4.836534030574796, 0.6878044133120511, 1.8887228380535532, 5.569956168876786, 14.83645720789707, 40.46874932020421, 1.4165227598415981, 3.3546141150778226, 2.125518062093988, 5.488236339436867, 0.5935307581373763, 3.4559954419111136, 5.483832217762483, 1.5870659304592891, 4.099424728039821, 1.3777160923615384, 0.33143959500779374, 3.110805060315215, 3.063690345532166, 3.313951178048569, 0.9603290665965574, 5.800922773896332, 2.9285091736878144, 4.806283770876917, 4.3146210293638205, 0.6727401977835257, 3.9178584499794624, 3.5394596630878823, 1.6872393980289075, 0.6026764086331013, 1.5474679364342592, 4.422624921762065, 2.5362223711202887, 9.775839225626214, 0.9621458987494407, 3.10492572144517, 1.6065790243736728, 1.4786996974204385, 4.164051093198168, 3.194267861350397, 2.9214931254787757, 1.0126996226200617, 4.033810918022141, 4.803102252403164, 0.40181321879589404, 4.881984268659664, 2.506743179588682, 6.856640400919048, 12.110254642655462, 17.70661040228711, 12.21812368830556, 0.0, 10.560407783998166, 17.683687830190934, 18.3833009104157, 14.572317161023363, 7.587956143197005, 9.341406914370737, 1.4131291097584722, 11.370296633842827, 2.8404087366213844, 3.388536082858195, 6.717503549764331, 1.2155663430937693, 2.294309434514446, 2.727497860818062, 2.498651418685313, 0.8402515730710434, 5.472525295864159, 1.0390804629997774, 2.2673495819677782, 1.921270197967317, 0.7643862356117097, 0.7833417455580047, 0.5765904742774524, 1.595667116963341, 2.322784903223976, 0.9809852590226456, 0.1223779992069467, 1.5143153602927555, 12.982965238292365, 2.8833472508063664, 0.4500501486472217, 0.001185220372292406, 0.6233566574005636, 2.26152914901229, 4.193891134985449, 5.849651110530942, 4.816731307289501, 2.0719092313213423, 0.7924006071694976, 6.309358041259031, 1.7238507142438948, 4.694736955511928, 1.590451920649457, 5.748057568378783, 1.844081281766364, 0.3678713466725867, 0.03664104252015932, 3.9383040460531333, 9.689968250607649, 0.05987723398789058, 7.386290748146735, 8.112510948623822, 1.2701349551453518, 1.3006834365122018, 2.2061053103011545, 7.186948459226642, 2.8761559411848054, 3.3254922255355837, 2.0805582203778386, 1.243593284458825, 0.047186617354270766, 0.5114290893667999, 14.319946181075863, 0.7965841379303811, 15.120295012976271, 0.31547483968722645, 9.310437412674673, 4.787021460632957, 2.4355461291087295, 7.464378910019036, 2.9915707862945737, 8.351645161557883, 2.0017071932992394, 3.2701881884710247, 5.035298914243413, 3.5500531611581323, 0.6549967333314726, 5.100159868839427, 3.107380295966948, 1.7275363463492965, 3.2370738127517598, 7.1631233863287775, 0.7207759995614538, 2.4723788561979063, 2.543407830725414, 2.999964870254587, 4.5095606239768244, 3.0208042249197433, 2.3149399821219276, 4.094918162488966, 3.642062409017001, 1.341048138587098, 4.424793713614633, 12.253119909628538, 22.34891910983177, 12.580671109319823, 0.0, 0.0, 0.0, 0.0, 0.0, 0.0, 0.0, 0.0, 0.0, 0.0, 0.0, 0.0, 0.0, 0.0, 0.0, 0.0, 0.0, 0.0, 0.0, 0.0, 0.0, 1.2848374597101166, 11.230366432934801, 13.652967010474853, 1.1785001280654228, 0.45452250161332586, 0.5559927161992846, 1.6513864721353002, 0.23752960990776728, 6.100827880822692, 1.1825622691306137, 5.916660024536469, 0.044580622683156435, 6.378435722444323, 12.618559686012503, 12.905680934295475, 8.784444952525746, 27.241138709484943, 7.793219385917894, 1.7065822003780795, 0.8445601344404281, 0.8636068608724372, 5.047919594847485, 0.7909330302572641, 3.056556245730235, 10.457851225547415, 3.783387250608712, 1.4084568846731713, 2.3936477274756385, 0.33009328492806844, 0.060946706888898916, 2.2447560365878303, 0.4877272013455922, 1.2944851193116165, 3.6225932072487126, 0.29084718602678095, 5.827271409698369, 6.45717946366608, 4.522023571992975, 2.7077256808348693, 10.043978378740121, 6.325815903897649, 1.3417558476714362, 2.3376727669610773, 2.012371315256928, 23.962163717553437, 16.99356376210747, 0.0, 0.0, 14.619275567074027, 14.492047655360153, 3.010805813236715, 3.441259370062255, 5.1988583137053865, 0.5085612374146535, 3.30457807024726, 2.6061866160047202, 1.3286711137445195, 2.1426559841860353, 0.9875549111054625, 2.348567040082173, 2.683816054244403, 5.582421921037849, 0.47349379873753605, 9.405536435231738, 2.266272916166372, 6.799552207815054, 6.2614740428521145, 3.295670959357892, 8.330993483501743, 0.8737076339489249, 0.8668345250534912, 3.435591019062656, 17.69368049959064, 2.961403521289867, 6.278017220279764, 8.522801358926472, 3.8743941235679245, 2.262985718963307, 5.899909751855432, 0.026892927155813595, 0.5623905526190356, 0.6039835392489863, 1.3520980106714546, 1.3022160948330566, 3.2087480012821175, 3.362571918700098, 1.8823036145884657, 2.2671939000823613, 2.3153671780912646, 0.7603578709329213, 0.789804024641569, 0.47375359909358394, 3.3358932762760674, 18.43128032637719, 0.8998033539157859, 7.00818819737151, 3.199663433132173, 2.0207618493155337, 1.1405448971906935, 0.49568803759268576, 5.356147710947255, 0.00406937752217118, 16.29011357876459, 1.269621851909335, 13.717383197229537, 22.348919109869968, 15.593703930946667, 0.0, 0.0, 0.0, 0.0, 0.0, 0.0, 0.0, 0.0, 0.0, 0.0, 0.0, 0.0, 0.0, 0.0, 0.0, 0.0, 0.0, 12.758571816337366, 23.962018735727696, 3.0684962550303396, 8.673170821774988, 6.6272867286245685, 1.8244582844296673, 0.40176707531477973, 2.834895764616249, 4.222506118164006, 5.019077163817059, 0.9093252976122983, 22.710795024418843, 20.713567238129826, 1.1975710943274294, 3.2977468257901705, 2.665404641622274, 3.922132217789226, 2.3368467428352915, 4.092166978972443, 0.47607096866431675, 4.242532734466124, 4.186078725313678, 4.455382691876935, 1.248388146490754, 1.0819266305041424, 11.121674454327831, 17.63087774181396, 8.112042331507276, 8.87695828045705, 13.010316889047786, 6.443658259270137, 1.5808451509061854, 0.55348640265359, 2.090658194956575, 2.1493431542904204, 0.11602567496225902, 0.36369640466546116, 0.191902389242955, 1.2315487167228412, 4.97932951426526, 9.678117680524224, 1.8439320244164037, 0.9013936619658125, 0.10772831142526229, 0.19331437308051136, 1.3485534786719313, 1.690178158757476, 5.62975847517248, 2.6808585359710264, 3.7190813932870697, 2.878298861113933, 6.143905424033051, 0.6826688443537705, 0.16326366813740378, 1.8045209816623924, 3.40327262351218, 4.289355064676727, 8.547791991920178, 5.367908502385205, 2.750428451014841, 1.886116286353456, 2.088340117419534, 0.30627427341931934, 6.785073609781193, 0.32443379936387373, 4.91881957504944, 0.042876245668139745, 0.3286983995250239, 0.07771101634466504, 9.717151898227598, 18.322630010123703, 0.260151296043432, 3.882029957478494, 1.4264516981589281, 2.208447958849888, 3.7126250080571026, 3.650678017985342, 1.017353168311388, 5.2994578816051785, 8.904839644933077, 7.2154536730750465, 1.7978627057663061, 1.6453607558601675, 0.3296741078498826, 0.3510197737746523, 11.139088855202147, 1.6206787650794467, 11.283127519897619, 0.7038508389949243, 2.288341968836903, 0.16076868651941822, 1.356073663557737, 0.632221855492844, 2.3545225925603575, 1.4957352517519666, 8.862218397262836, 3.7117583951548454, 9.97874528990235, 3.1686759616712834, 4.339801938844687, 13.825618843080463, 1.91611022293921, 5.119203942254785, 9.660068240128794, 0.17444644875121185, 4.9728497083702905, 1.9495383665206134, 9.950265305286166, 6.924661014046194, 0.4711949523321266, 4.2646535977614235, 1.6434907063518551, 3.226234296293484, 0.7796340712026222, 0.19240636218751206, 1.2716046237682122, 5.012535500787465, 1.8607304463814103, 2.1460112772425646, 0.9101560196432388, 0.29947698731166383, 0.2296258139180054, 0.6784007615972882, 1.855463244978921, 2.7552089394661152, 8.053506218492089, 6.20491818699216, 3.7833948427348787, 12.894518579724888, 6.279307732903533, 0.0, 0.0, 0.0, 0.0, 0.0, 8.679079625320483, 22.348897840504122, 11.94731079625467, 2.1060015392050673, 3.397037677989431, 0.1055060407570636, 2.66442789098852, 1.8341526263507433, 1.548584936838978, 0.6985431461596363, 6.966919625391824, 8.762436219052404, 0.13579449449991898, 4.739782523582562, 4.133942499358795, 1.0970691736008007, 1.426548949423534, 2.378795143544153, 4.169694572050389, 0.5149777901160633, 1.6294290176124377, 3.2110327980796285, 3.351958892630762, 6.168938606065694, 2.372919081785085, 2.52201897764553, 2.974117548294032, 1.7804436844930365, 4.385886488327685, 0.9642613930100765, 1.4276738269377347, 3.5540868071446994, 3.97745873806673, 4.246744090611401, 10.919132062135873, 0.7576736328229572, 4.021038384889778, 1.5771675572440245, 1.1856760151162007, 0.34891546206893054, 0.043042624516317574, 2.537531178020288, 0.897766071408796, 0.9716800617476906, 0.8237855028292529, 18.961471950155186, 19.405686684763822, 4.87767371627638, 0.0, 0.0, 0.0, 0.0, 0.0, 0.0, 0.0, 0.0, 0.0, 0.0, 0.0, 0.0, 0.0, 0.0, 0.0, 0.0, 15.187187603388224, 19.317183228602403, 14.639055252651929, 5.305243340780976, 0.5660676554752513, 6.636648776292532, 0.5525118038187884, 2.764617243753719, 0.873065550195463, 5.558329646452705, 1.7327696775817003, 2.206593913646884, 0.6531359971774009, 0.5065620320589233, 2.3472299257533678, 1.9717172704092718, 2.5957663712051726, 0.5764357700732035, 5.5595026881075, 2.28271880129671, 1.0995996304096707, 2.534992575227875, 1.8797232366152343, 3.4457020791999184, 12.060279042837294, 16.009373353387673, 0.5660712490965807, 18.443415242192714, 11.654497890243874, 0.22154007683298005, 1.1899772775491329, 1.2154097797289296, 0.42572883260959316, 0.16072376963091983, 1.0756519084213778, 4.187754601813708, 3.0687201962202835, 1.3313679014740387, 1.0564220842895793, 0.5332769195897527, 0.5519660462350089, 0.19166802144229678, 1.164250975564869, 1.8826790578302735, 0.572771628325313, 2.2113498797319266, 1.6356539436993103, 0.769880742808482, 0.30077021802782156, 2.215444239026624, 1.5940881702157412, 9.116067960223631, 1.3749812424630363, 3.6373060452197308, 1.0548365163552944, 1.9753033474400183, 0.5578104571154938, 1.6068756930990276, 0.7975810374321952, 1.2582477313813456, 1.5019334313973332, 0.34342477599261656, 2.5481387007531, 3.1933094218516374, 4.1536624146579015, 7.275299673843989, 6.953458624843279, 12.447784179996802, 0.3993746313351494, 1.0551862123991214, 0.29403924748930876, 2.0331170584944402, 2.6090905354631673, 6.131513896219417, 1.6442914255130745, 5.562426152604246, 0.9984718979488321, 1.625511909551392, 4.022410020381244, 1.9911723392498857, 0.48479076573147495, 0.4003186701171444, 2.5498813678262877, 4.315882391142964, 1.4948506258289171, 5.438782411958812, 1.1428991614337747, 0.15683925225914663, 0.8767315178651529, 0.34742784871150434, 11.89058487291743, 5.855453403957654, 0.002788079031063262, 6.8617870538934085, 7.2230194746200596, 9.702811112734423, 3.252465059577105, 2.3308986283119566, 1.1502908399500598, 1.1739452631727545, 2.4630187174508364, 0.0788303297953803, 0.8499931598992703, 1.3667809237623487, 2.018019663620123, 1.9728188243446425, 1.3807212815335674, 4.361330919935199, 23.96216371755287, 14.2462537793579, 0.0, 0.0, 0.0, 0.0, 0.0, 0.0, 0.0, 0.0, 0.0, 0.0, 0.0, 0.0, 0.0, 0.0, 0.0, 0.0, 0.0, 0.0, 0.0, 0.0, 0.0, 0.0, 0.0, 0.0, 0.0, 0.0, 0.0, 0.0, 0.0, 0.0, 0.0, 0.0, 0.0, 0.0, 0.0, 0.0, 0.0, 0.0, 0.0, 0.0, 0.0, 14.200171938259558, 19.23057935721829, 0.1093172447218933, 1.3820054079174042, 1.492051999530645, 11.985791167378977, 10.587051640028278, 4.745525933008082, 6.653400788319004, 5.854905383494668, 25.024768139162916, 19.359627873685895, 2.7693247125097002, 2.493962728318394, 1.0532858648763863, 0.5833384285409977, 0.4255747480658272, 2.933934426177075, 0.7465087194494515, 7.85533535731895, 4.5991423004961405, 5.593006540505996, 8.359125572355055, 1.3831145532744529, 2.0072477559538697, 0.7218620865547507, 2.7818136750109943, 1.3544210927427116, 3.739767925452796, 5.66946363724621, 9.666302949497918, 24.52251068656227, 12.445689472020149, 8.282737698000176, 0.32423181987871885, 3.41928667685238, 4.9745400844926735, 4.520370978515075, 6.476458449238294, 8.565005090628802, 10.749100350758795, 1.7040832171634293, 8.069726245792708, 1.5141808549244615, 1.8350132262669376, 1.5987977242942861, 0.07888511409987586, 9.10499434961315, 4.117354856250017, 2.6947131252539975, 0.634563192634289, 5.8550006597588435, 5.0186252209156805, 5.552652841940812, 4.207722621168784, 0.8456322276761057, 0.534129572658685, 0.8253420709327202, 0.03522312569288033, 0.1420087710249618, 0.14369968297069136, 1.421826531299189, 0.8910729228691139, 4.9330639507628575, 1.2764791840922953, 2.3009744784897066, 3.0469399370301744, 1.7876948178545717, 2.92511205931379, 4.059537504923867, 1.1907940576794545, 4.227423253233212, 4.256842249365775, 11.595605713788302, 1.5485345568993125, 8.854024452566136, 4.790648806195577, 21.089053383513942, 2.9248595719491846, 15.688710687290552, 7.390109845720531, 7.338086177519074, 4.033389865042125, 13.110126033452389, 9.93430487727494, 2.0639651239867476, 17.872927224199714, 2.356003631310898, 9.107197351703633, 4.361419212589453, 2.396817447647095, 5.836016070285837, 6.51554509742158, 11.295095027985951, 1.1351918723484573, 0.799066417866868, 0.176964095947028, 0.23820135924506758, 0.37158262607721326, 6.6871406128628905, 2.7003814722464767, 7.001082009901836, 2.239134090262837, 4.54564802964137, 2.929146761134234, 8.460106542878464, 0.2924238655019735, 6.429307073672419, 3.962763902357551, 2.48003048611497, 1.7888622015193505, 2.174540773024347, 22.348919109861924, 14.375966941489537, 0.0, 0.0, 0.0, 0.0, 0.0, 0.0, 0.0, 0.0, 0.0, 0.0, 0.0, 0.0, 0.0, 0.0, 0.0, 0.0, 0.0, 0.0, 0.0, 0.0, 0.0, 0.0, 0.0, 0.0, 0.0, 0.0, 0.0, 0.0, 0.0, 0.0, 16.610185901654916, 20.85806282997325, 0.13601327591231893, 0.5055756349500484, 8.89726540956292, 13.836380802362442, 3.064724142499699, 3.5675378175794776, 0.4682235873940499, 5.022184476375855, 0.5110805695051681, 8.098187818928977, 0.9567863222869164, 8.337463436465612, 3.6069515466901407, 16.53347966286674, 27.241138712236875, 15.779281765178268, 0.0, 0.0, 0.0, 0.0, 0.0, 0.0, 0.0, 0.0, 0.0, 0.0, 0.0, 0.0, 0.0, 0.0, 0.0, 0.0, 0.0, 0.0, 0.0, 0.0, 0.0, 0.0, 15.358645105648385, 15.920379894848352, 0.6629269337055064, 5.751057781976442, 15.475146619709761, 10.928743501718564, 0.0, 0.0, 0.0, 0.0, 0.0, 0.0, 0.0, 0.0, 0.0, 0.0, 0.0, 0.0, 0.0, 0.0, 0.0, 0.0, 0.0, 0.0, 10.2485026643012, 22.348919109852716, 9.048050949268571, 0.16580374937370834, 2.5692477265663456, 0.2820975731743829, 1.7018852753599276, 0.5311961875411271, 2.293208923632392, 1.219718965586992, 0.27917612931378244, 0.8322422541237984, 0.8832023679589156, 0.10722066708530065, 1.179141915706623, 3.7125274967836503, 4.355294844613979, 5.004707792823865, 0.24750063904787112, 4.939387941607265, 1.6761142072321036, 2.9284561628060146, 1.22709734178693, 5.384520732510282, 1.7890496708131423, 6.8081133289808236, 0.19105551847189872, 3.015463627167321, 3.7409766945474985, 1.1214351280761434, 2.8069295643461487, 5.7347007462815895, 9.59225405485148, 7.097308457866461, 30.583041312425166, 6.223155632305321, 6.926354060896898, 2.432646078485533, 5.621673964461934, 19.172989795963247, 9.570036830458115, 0.0, 0.0, 0.0, 0.0, 0.0, 0.0, 0.0, 0.0, 0.0, 0.0, 0.0, 0.0, 0.0, 0.0, 0.0, 0.0, 0.0, 0.0, 0.0, 0.0, 0.0, 0.0, 0.0, 0.0, 0.0, 0.0, 0.0, 0.0, 0.0, 0.0, 0.0, 0.0, 0.0, 0.0, 0.0, 0.0, 0.0, 0.0, 0.0, 0.0, 0.0, 0.0, 0.0, 15.371488203478023, 28.90768166790403, 13.953522996016659, 0.9092978689304232, 4.966377450259415, 0.6739485596858117, 6.304566154472468, 1.2338203912511858, 2.236154180569315, 0.4341395111056272, 4.919396634613747, 9.620402908726874, 16.52811656528553, 15.957402520679693, 0.0, 0.0, 0.0, 0.0, 0.0, 0.0, 0.0, 0.0, 0.0, 0.0, 0.0, 0.0, 0.0, 0.0, 0.0, 0.0, 0.0, 0.0, 0.0, 0.0, 0.0, 0.0, 0.0, 0.0, 0.0, 0.0, 0.0, 0.0, 0.0, 0.0, 0.0, 0.0, 0.0, 0.0, 0.0, 0.0, 0.0, 0.0, 0.0, 0.0, 0.0, 0.0, 0.0, 0.0, 8.175040621023946, 9.411437206453733, 0.8876685429500242, 1.9714304331940156, 0.9162943368984884, 2.9762737506701455, 5.30985233166038, 0.16771725551203076, 1.4026996901642974, 1.9530161390232763, 0.30757194201561333, 0.0, 1.9244117218104577, 0.14344774968938623, 1.3024572505420338, 0.5250879003481259, 0.6572161650070854, 0.7279093674892891, 3.756385020545622, 0.46536349589531767, 3.520036098701084, 1.8827907926620213, 6.169628071854561, 0.7821771357070588, 17.60560219734434, 7.840204238609019, 0.0, 0.0, 0.0, 0.0, 0.0, 16.270911360677275, 28.907681667903972, 12.966811823301214, 0.5195653190099279, 5.74783470698128, 1.6761998075523934, 1.2124541848139643, 3.2988927155258807, 0.04625341684555906, 1.579415261836516, 2.247074450703394, 4.143395124201447, 0.3410381127187634, 4.1026581008166545, 0.36283502444649685, 0.6122611130538189, 0.07377566802756519, 1.5556937518122709, 0.2534989314400491, 6.114036495816322, 0.8026871618351947, 15.307942273284254, 28.907681667904257, 15.777572809339958, 0.0, 0.0, 0.0, 0.0, 0.0, 0.0, 0.0, 0.0, 0.0, 0.0, 0.0, 0.0, 15.560020076342504, 16.072261256835617, 4.316389438055211, 0.24548699543595376, 1.2596159558428326, 4.073180669379553, 0.10264282057352148, 2.545741887490749, 0.395226943358864, 11.04497058212695, 3.679104436301145, 8.72560495907868, 0.5955002790730646, 1.0406456288180834, 1.0273831563101226, 1.4128415113350457, 0.6329544345924205, 0.06838213313693586, 2.7709809569057597, 0.4898979308705975, 6.4286407161824854, 0.8038713031501175, 0.47384784686704506, 1.8720326826967266, 10.218740704373033, 10.959049228503773, 1.3095994245508678, 2.7519342713501374, 2.4837941500880447, 12.63777127677929, 19.616900123515478, 15.577722171874242, 0.0, 0.0, 0.0, 0.0, 0.0, 0.0, 0.0, 0.0, 0.0, 0.0, 0.0, 0.0, 0.0, 0.0, 0.0, 0.0, 0.0, 0.0, 0.0, 12.363815792854425, 13.628169898406185, 0.6016507156768967, 4.309196235328386, 7.418615918819512, 0.4392855811157119, 2.9265850930005968, 2.4372510020377263, 0.8408498026280995, 4.46733384445713, 0.03869514269916863, 8.316840378064796, 2.36148386918984, 7.7328293106026535, 3.395739725224587, 16.100363635222323, 9.85940863054941, 6.6414805556906344, 5.657355012509925, 1.1764884838882494, 2.084975960518932, 4.897864030327156, 0.082377324034411, 3.555419309233855, 6.641760440006692, 4.740220191209687, 0.6778208091131432, 6.040686212393382, 1.353214816884929, 3.4452310109321616, 3.4599378482834027, 0.5958342041527658, 7.157231247039704, 3.288469947739827, 9.856726219122322, 1.1205258125006026, 0.8526113588180806, 0.33897864201861694, 0.31392574231659864, 0.6403658825593084, 2.1692294713665774, 3.126923117194508, 2.0600611409851695, 3.838506193756757, 0.7504914931885196, 1.3667212351982698, 13.1867724523035, 16.089481069844624, 12.4030381306614, 1.2972742428517279, 0.5102433819074008, 4.7297334006850775, 10.248502664301185, 4.455596033312204, 0.0, 0.0, 0.0, 0.0, 10.656898387671674, 27.24113851242811, 15.663225602425257, 0.9632026477657405, 4.639963326569557, 0.9930700099854448, 3.938414472168404, 3.011600397505788, 11.858108188373365, 3.472749575319881, 9.086506938383081, 3.6376422889154583, 1.4918622288549273, 0.9688401279634036, 0.35709743452429166, 1.3034224977333224, 0.8429506706336269, 7.939291365275494, 1.0183747803094434, 2.242017031667899, 0.2492160084559032, 2.1523497058036014, 2.6386154713712813, 11.81104951502283, 0.1393605237765314, 12.098511402470251, 3.7486051152546906, 1.9886235243956207, 5.741595778328417, 0.3502119989631183, 2.7706028482899683, 0.5182577458496098, 0.49374544036760426, 0.9347966980267302, 1.5513661584818692, 6.368679649918306, 9.228296378687446, 0.5036748200240027, 5.375641089834119, 2.898987499940972, 0.29442062882003484, 0.7345509979190297, 0.059871838196045246, 1.441996499081597, 1.1154053833063813, 3.7544584968496224, 9.301206058394769, 2.305955332449969, 2.3840466615329206, 0.4301517794423262, 5.858062304150565, 6.121979535808748, 4.618561109964844, 5.204438561672873, 0.491334005613453, 9.06252998343058, 0.39973810796487896, 10.018628718609705, 1.9533811659993034, 2.998815913286535, 1.2206392026990898, 0.8007729983697232, 2.943713186348589, 0.42344021919603847, 1.574098944306968, 1.8508477874875098, 0.13607740497928944, 0.42887054120194534, 0.4958797569943272, 0.7922494229931658, 3.557938957088254, 2.6265272821358394, 0.18556816896625605, 8.100588899491981, 13.497180543585785, 10.77395023991761, 17.910215567712157, 13.961828811752397, 0.0, 0.0, 0.0, 0.0, 0.0, 0.0, 0.0, 0.0, 0.0, 0.0, 0.0, 0.0, 0.0, 0.0, 0.0, 0.0, 0.0, 0.0, 0.0, 0.0, 0.0, 0.0, 0.0, 0.0, 0.0, 0.0, 0.0, 0.0, 0.0, 0.0, 0.0, 0.0, 0.0, 0.0, 0.0, 0.0, 0.0, 0.0, 12.363815792854439, 12.081639304599634, 2.6729778650238387, 6.445108991166592, 5.615760602016053, 5.6927267715113885, 3.4562219273512085, 1.7966205368236956, 7.711512991672123, 7.9438936693629785, 9.120661694792716, 11.69321831240461, 2.5668694620719066, 0.9765266471154632, 0.020193277896510153, 0.1737474867460378, 3.1990617457590815, 2.2265983094758326, 4.933741824648109, 35.764424693619304, 14.839945394863449, 0.0, 0.0, 0.0, 0.0, 0.0, 0.0, 0.0, 0.0, 0.0, 0.0, 0.0, 0.0, 0.0, 0.0, 0.0, 0.0, 0.0, 0.0, 0.0, 0.0, 0.0, 0.0, 0.0, 0.0, 0.0, 0.0, 0.0, 0.0, 0.0, 0.0, 0.0, 0.0, 0.0, 0.0, 0.0, 0.0, 0.0, 0.0, 0.0, 0.0, 0.0, 0.0, 0.0, 0.0, 0.0, 0.0, 0.0, 0.0, 0.0, 0.0, 0.0, 0.0, 0.0, 0.0, 0.0, 0.0, 0.0, 0.0, 0.0, 0.0, 0.0, 0.0, 0.0, 0.0, 0.0, 0.0, 0.0, 0.0, 0.0, 7.06995250183661, 14.762357560999547, 11.41019055742666, 10.387273924486578, 5.32380536780073, 2.6608648122902423, 3.7219159699391184, 1.5154463584523228, 1.3510090312385614, 0.6489521986515001, 11.854115709590417, 4.848256196199316, 4.9731321974902585, 11.847085193311216, 1.7656815464289366, 0.18954778120183846, 0.30601182442990194, 12.73276263333446, 7.060189708136193, 4.871215798697108, 3.360537518250794, 2.968759871547377, 0.037054269609484436, 7.382669883352719, 10.300542252753303, 1.5976578547683857, 1.0891643528109398, 1.4815825636839008, 0.8999925036123386, 1.1488685994415846, 1.7488332499347052, 2.0886076802338494, 0.28624221698942165, 4.82634236494323, 2.146222302623187, 33.10340203761331, 20.624591572522263, 3.3758764262337877, 0.8952095884277753, 2.4848307781776953, 0.18706568876004326, 0.3041517636374067, 0.9588977492419417, 2.2917816835366693, 1.8416861227490813, 1.5987452168351979, 0.6863801917706667, 0.41252067139660653, 1.7754860895792035, 22.21225413507767, 21.005115763304957, 4.2942950341901565, 6.226040748162632, 7.376054938709217, 0.0927910798220637, 4.7790488124041985, 4.310856789324589, 0.7599632661238616, 5.36342984214474, 6.746326147936202, 0.18163046237305025, 3.942386141384759, 0.7078592522341864, 0.1350374980386846, 0.5111128455715743, 0.8764061977942106, 1.2430577265711236, 1.1699799236140507, 2.2941429595312, 4.370316147016808, 0.2423441372822026, 5.301130057520766, 5.8317545521322245, 2.613564659706185, 2.317341350090601, 1.697502883110701, 0.5943148083699725, 1.4694273691686703, 0.8640424765513899, 0.6968937652854947, 0.7031884251763927, 1.3139424220352112, 3.5830978207137036, 1.3404833996985417, 2.105148453493939, 6.5999138528322305, 11.729645228659933, 1.2627794794370857, 6.531294644958223, 8.485728071041876, 1.9654271948008954, 4.177426421955147, 0.5064783810464633, 0.258650650952859, 0.0563108819237641, 0.3783624969871653, 2.2642848463913197, 0.18939300473334697, 0.22580121561463784, 1.0319665632009674, 0.8266684546703686, 2.4329424645331983, 2.525200658791732, 1.1784234974718402, 2.9860977138032467, 1.1009336290569536, 2.5296501103720175, 4.670114603282457, 2.6787262657303472, 1.077333517646764, 1.0984123433987634, 1.1924176775560227, 0.7608939547548061, 4.974960851775563, 1.3451235799971641, 9.534775634704431, 45.04057986205464, 27.544627412704358, 0.5743380279103576, 12.9518880880467, 4.762617647348009, 4.103627691072802, 3.731234539567822, 2.579990545335818, 1.1512540267011104, 9.194324208232786, 4.167685820395263, 3.248149089544313, 6.774700163782654, 1.2865809587589752, 5.7674088426946355, 1.4093167578312489, 3.9115653234975696, 3.2106323344428915, 3.2182919056800188, 3.0248914554431394, 1.3281655070747433, 11.674480887963, 0.4558326727106419, 7.426990165964355, 7.09776317296479, 14.131319799921727, 8.710968066405002, 0.0, 0.0, 0.0, 0.0, 0.0, 0.0, 0.0, 14.644389153457581, 20.815759062014564, 12.093530175770923, 5.229310337214656, 5.702300045706181, 1.9998185473766057, 0.808905628241007, 4.585971322350645, 0.6323354551620923, 0.16241455632149382, 2.339452442026925, 6.006587764472215, 1.6782927031737245, 9.966692437462655, 2.1766917920574542, 5.749301723988822, 8.569402824571398, 5.93915539173986, 6.817369531564452, 10.932418686226072, 4.162031133652931, 3.4959013045649385, 0.37659272285100087, 3.082984341238273, 3.4171362767128244, 10.227867439737793, 7.306073235324789, 2.6955814407549497, 16.773938375511534, 10.42730168021734, 2.6693678895931043, 8.403841484787847, 6.983843168699252, 4.577031457249404, 21.510940761017878, 0.2907190041287322, 9.046024166398297, 0.31293547978043534, 5.00552350961766, 3.3906161496597633, 1.1315920393408305, 2.550363246594202, 0.9698233536130374, 3.5175442885619077, 2.774531340135809, 0.6146323272181462, 6.941456501424909, 3.582595280109217, 7.102752161856188, 9.057659733482183, 1.1489692118876178, 3.2349885479354157, 1.7347627352317545, 0.6274131949447792, 12.35914160845033, 4.353771395541116, 1.8945618775027242, 3.7762018049129438, 1.9620372611823882, 0.2290033908350324, 1.550533449981799, 1.2244472886485482, 4.2306570293651475, 1.8408815506851965, 10.673893438703601, 0.2617376228808439, 5.731019051725752, 3.2550028577549597, 4.30563482360634, 0.3148158932348224, 13.86868100614771, 7.177928777392708, 0.46733001724817314, 3.4110488610283483, 0.4664082635019895, 1.1080361018663893, 2.1718431742988287, 0.08912534918681558, 2.1608749072702267, 2.2357169791121123, 0.7402340238003262, 5.211506427906954, 0.09877990170309658, 6.84650125150614, 15.232255421181321, 3.846647590310056, 2.33043346839969, 0.19501050849032708, 3.499831352588785, 24.769979554729332, 12.101768396148941, 10.32048516596376, 13.813306887297529, 2.059448861858243, 2.2582507024183656, 1.0914394396617695, 4.970795027394502, 4.081580670091512, 1.3290515597206536, 4.929766395703268, 4.514956146668908, 2.81223051982397, 4.933954546512609, 2.8751165121946656, 3.732112441623201, 1.2786443542225356, 9.593675952362503, 5.677753085551672, 2.257580592881993, 4.555403438907604, 0.6018882478633714, 1.3244934389104515, 0.07281654000382787, 0.737116317091477, 1.9604283846567796, 3.5384963567727823, 14.237084836108352, 6.29660235087232, 9.481232768063478, 8.233892530775506, 4.263969395685081, 7.9945084972218865, 26.48713377933484, 22.34891910986829, 9.383409249420005, 0.0, 0.0, 0.0, 13.341987509250004, 23.96216369429885, 6.587126287552991, 0.770634923347302, 2.1846146679438903, 8.664154750661964, 10.842192322571407, 1.2611736241783547, 14.819743209573119, 7.297290948234831, 4.195665099127723, 5.249121667216571, 4.0353395959364775, 5.315956017551855, 6.6420737945716155, 3.91448552810985, 4.675390067629422, 12.354749538261501, 10.876554384935574, 0.0, 0.0, 0.0, 0.0, 0.0, 0.0, 0.0, 0.0, 0.0, 16.058460392241635, 15.438236402769562, 10.140427359615785, 7.230399180026836, 0.04856663643073489, 1.7277151327470506, 0.619450677490704, 0.5178922242347994, 1.7247137607595278, 2.6836934178870138, 6.316746592749325, 1.552386384588715, 4.546780843549925, 4.424680576520586, 1.62607655946789, 18.561398342385814, 0.6214013301041632, 16.0087898948168, 6.686099844883984, 3.0329759749436676, 0.2726810306907623, 1.117780171117829, 3.2159493481562436, 1.1141336133166533, 3.8115219969449754, 25.23350819239073, 31.295887005113343, 10.027578131725903, 1.2848374597101166, 0.0, 0.0, 0.0, 0.0, 0.0, 0.0, 0.0, 0.0, 0.0, 0.0, 0.0, 0.0, 0.0, 0.0, 0.0, 0.0, 13.533396475362018, 41.12056996750101, 43.06333854177882, 2.136815417885373, 10.35856666614984, 3.18957373555412, 2.3032956526471935, 1.242299743596618, 5.712670333434403, 7.609281479900972, 0.8074857508744344, 1.5626175632795594, 0.6216754137288945, 3.1411324917056618, 0.6162458293498503, 16.1418657406507, 0.987622688538977, 13.130823719415446, 4.865512820421827, 30.662803793313685, 16.719919510208626, 1.2848374597101166, 0.0, 0.0, 0.0, 0.0, 0.0, 0.0, 0.0, 0.0, 0.0, 0.0, 0.0, 0.0, 0.0, 19.536036757634463, 42.949434054942174, 3.7795582444009597, 4.281919545454457, 0.38638941254998826, 1.5460838949262552, 2.7181086394046474, 0.42064250088247945, 1.881414636909085, 0.8480460118130395, 0.6431235352837348, 5.366218351438306, 1.9682268561219871, 3.205167327639515, 3.583802095421561, 1.8474641956551068, 2.590925144164771, 1.8594268715539783, 1.7334704229200497, 2.3352493296399643, 0.09045150898668908, 2.7077228990507365, 6.053827201235265, 8.603545796751234, 16.14520282447998, 14.474199658220229, 0.0, 0.0, 0.0, 0.0, 0.0, 0.0, 0.0, 0.0, 0.0, 8.876958280457046, 19.172989744265124, 13.147812685711727, 0.9433380093464621, 0.12654205733917934, 0.43486435693819203, 0.005697561811075502, 0.13671421701690178, 0.15389267508618332, 1.5484687233251293, 0.05852811417270232, 4.230673497766759, 2.810298561475747, 0.9321302046030269, 5.201790226402636, 0.5753316028768722, 1.5262992194224125, 0.18919950957069886, 2.743081599408299, 2.767894942252724, 8.004739954884315, 4.648654715540772, 4.812293251582673, 1.6024596904954365, 1.251240614327287, 3.536715936297014, 24.952781446523773, 17.69887412779292, 2.5069976305203525, 0.0, 0.0, 0.0, 0.0, 0.0, 0.0, 0.0, 0.0, 0.0, 13.72418851274449, 22.348919109079958, 10.824427787408808, 0.374408228136474, 11.4764726335884, 27.24113871163391, 14.233299605195953, 0.0, 0.0, 0.0, 0.0, 0.0, 0.0, 0.0, 0.0, 0.0, 0.0, 0.0, 0.0, 0.0, 0.0, 0.0, 0.0, 0.0, 0.0, 0.0, 12.4373261499385, 28.907681667899567, 14.911213676777948, 2.895799023004429, 2.101419820602473, 0.11478526897218444, 6.650752233950243, 0.8062265506517292, 0.897798427984128, 19.93215173716345, 22.348919109869627, 15.912878453882328, 0.0, 0.0, 0.0, 0.0, 0.0, 0.0, 0.0, 0.0, 0.0, 0.0, 0.0, 16.60580461331599, 18.44597468328294, 23.2792199928154, 3.772287724152477, 0.9386900441374451, 3.7571717409202847, 13.053194155168853, 0.527201463644019, 6.091735935366728, 7.016349060099856, 0.4412316195830499, 2.323783858905756, 0.9771923814346906, 0.6052880501211462, 7.017451467184856, 6.325854635622477, 2.8335132926375763, 8.46027962506173, 1.4405287896350956, 5.70489025552979, 1.9381652677959664, 6.882433513228534, 1.583921683463359, 10.51206998249063, 0.7954256543345082, 8.246261995779946, 5.656835532110733, 2.4597047006131447, 2.233551847496585, 6.038273922609676, 11.161020650641433, 7.49514335731385, 2.223455287516799, 3.1615686717864264, 3.3556288070852816, 0.20583233965368208, 2.8318218437258906, 0.4072671315475418, 1.4208013027847528, 1.4195944458873555, 1.2965817301708853, 0.7923293239457507, 0.16976098230747994, 12.662389704210568, 25.351798040236872, 1.8465168946599988, 8.791718606502059, 4.739591005351031, 6.047038304384728, 10.738615772328103, 3.3517019960888774, 13.483107838086426, 13.750806865886489, 2.99185732050762, 4.725020951289707, 2.9082339831583113, 4.855648418386295, 37.52861976753451, 23.962163717553466, 0.0, 0.0, 0.0, 0.0, 0.0, 0.0, 0.0, 16.309471850770777, 27.241138712236676, 7.58249878352666, 1.8804243620090801, 3.082044258381984, 20.120216523984936, 1.621327787318478, 12.953879800865025, 0.18445012209826928, 9.868511202654531, 5.171376659419366, 9.377407966948681, 0.03207316461475784, 13.942948463029438, 6.288705901060894, 42.92132025940771, 38.75184058266666, 2.351310487443129, 0.4992206347124011, 4.824958986588257, 20.775519746505097, 11.400564759483245, 3.0901423925662925, 4.240655999814294, 2.1786918678710663, 3.9553855459690794, 6.5049476982904935, 7.7093728676290425, 10.349340470430434, 3.097965023947893, 2.420191909728544, 4.872007906049703, 0.3733535986343668, 1.9435489381995126, 2.0307237089394903, 3.2553752619456304, 2.405541334130419, 8.999069187805105, 1.1706501209737326, 9.476705856195224, 2.990372417075264, 1.093414662860539, 2.0746499831943765, 7.437205768523256, 4.51405780701333, 12.890027190383535, 5.481433971508352, 5.895515168140662, 16.403928492016462, 4.661779287319348, 6.701450586833175, 0.43192053437365985, 0.6689333055992392, 6.467765857667644, 17.044129288643887, 3.905604064020679, 0.36692984954220265, 2.2516472743964755, 0.2726697450705444, 0.4275851054071893, 4.114855034853633, 2.2483193421932697, 4.21532102760267, 3.9667744152545197, 1.7955703762173982, 0.5404218996295072, 0.6047519107916628, 0.0520513676233918, 1.4518018090985265, 0.1418461248012477, 2.98227647467354, 1.46687638567127, 1.1708863622464776, 11.12409811853064, 8.264677499961465, 3.076568376819637, 4.354580624592586, 7.260925773792906, 4.806023979042038, 5.27193790646902, 0.6871171714610114, 0.7060226251145991, 0.19090927358524823, 1.784447108682798, 1.1377728826746534, 1.3179750953869416, 4.487838406793401, 11.593242683160327, 15.895495233514737, 13.728606567971603, 0.0, 0.0, 0.0, 0.0, 15.612901298495558, 27.24113871223699, 4.7139090322875745, 3.0969830834383174, 8.14867250695255, 1.4117934847998868, 8.183244209182192, 5.218874507685825, 3.7570799570054305, 3.399094721258166, 3.567642102669822, 1.5787992140564029, 4.690138585144723, 6.864486314464102, 8.184156061659849, 5.702533778495535, 5.189638133022299, 0.39837158641807946, 0.4418758930087847, 0.5005684703813813, 2.749916238332389, 8.247916610211519, 0.03606293127847948, 1.794989759932605, 1.6017140898196658, 11.381254064186237, 10.424165189434802, 4.294165052967628, 16.635005169089936, 0.9792719708633513, 9.830503541341102, 2.0624007467647516, 2.4002281584331513, 3.383697010476453, 0.06061063915001341, 0.9648873732501215, 0.07786609311608572, 3.402367714815796, 2.870740042318573, 1.314995055743566, 5.93644382397639, 4.047591308329913, 0.47149112876752497, 2.414804922551184, 1.1484931109974355, 0.11094126149538397, 10.48743471373632, 18.051445233103152, 5.674295869884247, 4.321926974476469, 7.4359129566098545, 2.0216728585236297, 6.898888571111684, 12.524565403871975, 11.487935998680939, 27.49951179272682, 20.75265173352082, 1.2848374597101166, 0.0, 0.0, 0.0, 7.285303789137036, 19.254368154231628, 31.10061819449959, 16.05087463719991, 0.31133820972411286, 8.579912868634437, 3.8833021547236513, 2.2726036527906217, 4.1436953258991025, 0.012227221759985696, 0.829234866089223, 4.73296537380952, 1.615355085959834, 0.6824835458768916, 0.38931690343667924, 1.0885819294902035, 2.7920608206789552, 0.8528032428239953, 3.0905366708053634, 3.324955378148559, 2.8986317306782894, 2.6608861703839466, 0.6605914026076221, 7.0300960922397735, 1.1584576673323, 5.033886307115779, 2.972728638861554, 1.2321203792300253, 0.4730483227372133, 1.8024340017675513, 4.920418233930491, 2.9965749367298713, 2.1215596200051436, 6.697485666689545, 9.62158476713364, 19.17298797406488, 11.020989357207284, 0.0, 0.0, 0.0, 0.0, 0.0, 0.0, 0.0, 0.0, 0.0, 0.0, 14.21127012010632, 15.506559114701133, 23.53393453165745, 29.879765364239347, 3.5487744328416966, 6.996451840740519, 10.418678261657533, 2.5065584214985392, 8.512448415326958, 46.67587518458305, 30.592828461450523, 14.18129432777188, 30.59282846137333, 8.974140645972057, 0.039870201741905476, 1.2968691935375887, 0.6299632531200245, 1.5880523626547074, 3.3970821570974294, 2.4853584412959435, 8.29600279606234, 11.432788979282805, 0.09998837453395026, 5.008265945818152, 1.1760623042647467, 6.521207449203757, 5.81756180036848, 9.325705449264092, 5.824986761210084, 2.1874191066888216, 1.2691659790052654, 0.3075459391102413, 7.943404668840117, 10.555799413534146, 27.241138712234516, 15.591070923265647, 0.0, 0.0, 0.0, 0.0, 0.0, 0.0, 0.0, 0.0, 0.0, 0.0, 0.0, 0.0, 0.0, 0.0, 0.0, 0.0, 0.0, 19.33550083296825, 39.31381952259949, 5.756329780737474, 6.209087566887547, 1.4811298824618007, 3.9270754058907187, 1.7289469044071097, 3.07880455364608, 3.0188207400912006, 10.57251423117566, 1.1166093420887364, 5.609150132512923, 0.17796999427139326, 2.935131471367299, 0.8953629506833067, 4.170622406194639, 2.30973990687653, 4.505757370818969, 0.9234603166883062, 3.753135286787142, 0.8960832503078109, 0.6822619867602384, 2.4191400923900233, 1.0844000761630923, 1.796117182624073, 0.682952286325758, 1.6129855163629827, 8.742605458063508, 5.898568595210804, 1.5753245679081829, 0.14433246522480658, 1.4865116649199308, 0.13954528560600465, 1.655338518598228, 7.269831572040289, 0.965384017170777, 5.414116593510698, 0.48281468375853365, 5.280223398784528, 11.866489134884432, 2.69539465105197, 9.767445588233272, 5.516740429727292, 6.009157611395949, 0.8496400331733867, 6.914559735408545, 5.776545986287033, 0.5722766251757321, 2.152758535679368, 7.4496408745496865, 1.5348397559861269, 7.160745671718928, 0.7967968072447889, 2.302407342765207, 1.4178200211890726, 1.1836099360506296, 1.4917383945290794, 9.626370338839138, 1.991823727173653, 4.753790560779862, 19.546802906406242, 23.96216371755338, 15.28902518047802, 0.0, 0.0, 0.0, 0.0, 0.0, 0.0, 0.0, 0.0, 0.0, 0.0, 0.0, 0.0, 0.0, 0.0, 0.0, 0.0, 0.0, 0.0, 0.0, 0.0, 0.0, 0.0, 0.0, 0.0, 0.0, 0.0, 0.0, 0.0, 0.0, 0.0, 0.0, 0.0, 0.0, 0.0, 0.0, 0.0, 0.0, 0.0, 0.0, 13.311520334901026, 23.96216371059026, 17.681081279472437, 3.724793033639571, 5.831962950800687, 1.790715642896771, 7.879309809658821, 4.1711491283634246, 11.776107498208148, 2.117783074129079, 16.551725635487912, 1.8770556162810408, 3.3188818581644455, 4.374020720848421, 1.4855249292847361, 1.3950581623494145, 4.403813529718889, 2.461210691733413, 3.012910491015873, 4.713638278591418, 0.33142535582152277, 7.9787369699674855, 0.2705690231659901, 2.043168680041049, 0.518942042406934, 0.29266554168384573, 0.9413599384277518, 2.3737257347462446, 0.1350173593650652, 1.7219604779457995, 2.5779026599386157, 0.15554374900227685, 3.701008454830969, 0.08392535366886023, 1.3050852299986673, 1.0684132008663028, 13.703756959255657, 19.721971938295496, 0.22868810671388928, 12.331643899663732, 13.484383562025187, 19.653831098749606, 6.497975199989185, 0.6934952970921131, 21.025846263894437, 17.276195852050364, 10.950835971937494, 8.192120322121639, 3.7789925474748998, 2.358682255580675, 0.35890937901874054, 1.0144906490785388, 3.1858140220205655, 0.22700410330611476, 41.77848221790089, 40.88475857163826, 1.1727506611185845, 0.08039653137154801, 1.970241329768669, 0.49024993184184495, 2.735062783416879, 3.6308862998175755, 3.9899867221276963, 3.7393205750819334, 14.249778062980909, 13.03341119029335, 4.726522438759389, 10.338476219016684, 11.972819775944913, 1.0872429034476454, 10.633432138970988, 0.1257105616584795, 19.017893946138884, 15.300109752844719, 7.049183222678721, 18.188218340763882, 15.873615382946738, 0.0, 0.0, 0.0, 0.0, 0.0, 0.0, 0.0, 16.073539200317242, 39.31381952259966, 11.269077081117075, 1.3663350646487515, 0.41276571985372357, 2.3694605979958396, 1.5218279882469687, 5.974789780297328, 7.493895237332708, 3.735827693657484, 7.52374670295228, 1.7164312963532211, 0.7381795480779374, 0.9803834113464518, 5.0975079444251605, 0.08924797985912392, 5.153761962376166, 2.3670303910395205, 2.742824483618733, 1.841653133514228, 5.106724121871935, 16.83941408137423, 8.240750811353678, 4.954221232871475, 3.3700655990066366, 2.9770809699468828, 4.679269921365176, 2.786420299498957, 1.4398846246721178, 0.2758055357420517, 6.8495231591992365, 0.5878331224885187, 9.137181596767846, 6.936735716842804, 1.9743974379342717, 18.14208856299763, 11.601538333773306, 11.249757780019763, 4.1823762818880255, 1.9153138510520193, 2.022881984637422, 1.9137722840785614, 5.111918701830632, 2.967293069675634, 6.162463715260401, 5.027137302741721, 15.136632340557497, 20.752651693345456, 12.21812368830556, 0.0, 0.0, 0.0, 0.0, 0.0, 0.0, 0.0, 0.0, 0.0, 0.0, 0.0, 0.0, 0.0, 0.0, 0.0, 0.0, 0.0, 0.0, 0.0, 0.0, 0.0, 0.0, 0.0, 0.0, 0.0, 0.0, 0.0, 14.29087277708065, 32.29702429593178, 8.348617187398304, 0.7525080306571681, 2.3661374559474098, 1.5994405681293529, 1.2526425329909898, 2.0507884090208677, 10.377211447469847, 0.6507715147877775, 6.971901280177406, 0.4031114755547378, 0.5595477439645151, 0.9562195325363518, 2.065186776522637, 1.3455725190247563, 0.4623111828365154, 1.716399097684075, 0.2541773484408054, 0.8770985380136835, 0.7161901616431123, 1.1671089047611645, 2.725738125936118, 1.0856827661881425, 6.032539243790495, 6.461248744894704, 10.532559541583879, 3.95258093928976, 1.5014617572845452, 3.6812009171923705, 21.466382805466623, 13.180339914247952, 6.801893205544616, 0.3364219609150041, 4.365905238139021, 2.3414497905276903, 0.3437619511653338, 3.2967162627238054, 2.548978794725258, 0.12735343239114627, 3.704382745588532, 1.8073236490837417, 0.8140994961599972, 0.4518351116694248, 0.45627319994616755, 0.4603933449272972, 1.5662286861809207, 1.16556745887749, 7.4666718617962715, 5.028836884246516, 6.637939278362921, 12.565917757930663, 2.210991097103033, 6.556526718483383, 4.6939598311959685, 7.561830018905198, 0.40520954588930636, 9.232806817585981, 2.7430339059862945, 1.29398393841484, 0.48543254225694454, 0.4819423236284024, 3.302903861082882, 5.053600234075304, 1.8177755280811425, 1.9923299913940014, 10.050747071226056, 5.895871617016667, 14.258155584908877, 1.1335114461530793, 11.402297467680683, 4.339133296114028, 5.934069148027675, 5.816392588392887, 6.867957411376096, 5.77310715839036, 2.85509550590956, 3.970793070982893, 0.6647848490390516, 3.7548207699869067, 4.532743534232793, 0.14904472342135477, 3.0439380534846805, 1.5559900030142444, 1.895441356298761, 0.25440103978166917, 4.432646745478564, 10.811380731141298, 0.7981670086739996, 11.56553572968221, 0.5902568524458047, 6.753122996065713, 0.029884008931162498, 5.854212541619518, 2.553082792280634, 1.0114191652944555, 6.671765213286562, 9.6439981545102, 1.5222354388167787, 4.005207450918533, 13.46488409256068, 4.966151544990453, 5.692559038309128, 15.771565931605892, 0.6864137231541463, 3.287756410995712, 2.04899223602888, 13.148488989129646, 19.403336521515257, 8.144144244568338, 3.6643548995843958, 13.688185394103357, 2.4755661389123134, 2.2956540261507143, 1.4894507328803002, 6.468333078281034, 0.6179180497820198, 1.28231102212294, 1.1386871784325194, 2.304523526529806, 0.3782210214861834, 9.189180312414237, 0.8459381832102508, 6.328537675926441, 3.0352132568776824, 1.8041855909428932, 3.005570419765263, 1.6133281647673812, 4.146220343491791, 9.637470103781084, 26.011592711634307, 5.232862045422621, 3.931207178223133, 1.541708146249448, 1.5087651947778795, 1.083284666859754, 0.0, 12.552321501634765, 0.605380278811424, 7.422844853399511, 5.668251386126485, 8.240221506040427, 2.118192391907712, 3.8378809542772387, 3.395221394787427, 2.1709395536291254, 5.1584500715451895, 3.862938525683603, 1.4471643752980299, 10.02355326682391, 16.29984744017122, 0.4952068055166592, 0.08261704156376481, 1.213364638566759, 1.22509577505582, 7.742707719833561, 5.6922238940906595, 0.47309631894648874, 5.556448910168513, 3.3072909404154416, 2.0361241700112487, 5.020753334011374, 8.201277707001111, 2.5210464910058477, 1.9464036571778252, 0.4719398092080951, 5.260870416072976, 0.7278622467898117, 1.451544184796603, 0.048728834778501096, 0.19290737236940458, 0.6100810262761911, 2.6722349364711704, 2.036348208073889, 3.412582350170794, 23.512893140654967, 19.510361694391747, 17.545363252061975, 9.76221599762318, 0.0, 0.0, 0.0, 0.0, 0.0, 0.0, 0.0, 0.0, 0.0, 0.0, 0.0, 0.0, 0.0, 0.0, 0.0, 0.0, 0.0, 0.0, 0.0, 0.0, 0.0, 0.0, 0.0, 0.0, 0.0, 0.0, 0.0, 0.0, 0.0, 10.220601191693184, 20.752651734041194, 18.42561128016081, 2.1482876230285797, 0.030921253661972514, 3.23712950640288, 35.76443018072828, 17.76977298009973, 0.0, 0.0, 0.0, 0.0, 0.0, 0.0, 0.0, 0.0, 0.0, 0.0, 0.0, 0.0, 0.0, 0.0, 0.0, 0.0, 0.0, 0.0, 16.308650709433422, 22.351600107322867, 23.238244572521012, 14.199035047345319, 16.493626722636236, 1.7559911211087638, 10.722742011688752, 2.4921292256310608, 0.807977680250815, 52.660065137589186, 38.12614796303893, 1.9169473500519416, 4.1300343209716175, 0.572094782433453, 1.9914002841658203, 1.9006609411636077, 12.605985564235652, 14.02771048656814, 23.099322519055022, 0.8565775089218164, 3.330657845201813, 6.326637258126766, 0.1975132884026607, 2.495474734113145, 1.6168184742297171, 1.7673027240014108, 8.197239645071363, 2.540118624643924, 3.7965396328447696, 6.24464454350732, 8.236342682089912, 7.984567031771746, 9.760076879083044, 10.156315020702436, 2.690393415663266, 0.590192379411917, 3.9866962717174204, 5.110043067808618, 1.4254906638144007, 0.76036715507297, 0.2633271057683544, 6.531390103173663, 2.4019630922347233, 1.1037763794182638, 0.0341998382735369, 0.6893607927356697, 1.6166105801792696, 0.46688908813746366, 0.7010141842017674, 0.49398862134290766, 0.186725710167309, 0.747561612789184, 0.1867257101673374, 0.050833576979073314, 7.2900367843386675, 25.67869193719372, 7.80168129620256, 0.40806404406930596, 1.898046046040804, 0.8124003824231067, 0.9080064174563063, 0.10322738105094231, 0.3146199742195108, 0.8306827190798458, 5.264126677035733, 7.8419427794660805, 10.15984379046381, 26.184521141250343, 0.389276938168166, 12.673283145252924, 3.9832506554054703, 2.2148305942089337, 7.532550301541221, 0.18236084211821435, 2.40076662631958, 0.07264526954367057, 2.565836622646259, 1.764762144910776, 1.5799855537402436, 2.322163345107583, 3.3916386756624775, 5.2456666524003595, 4.349499591392714, 0.9076550890382578, 0.6467368795581478, 1.1576727151631303, 5.86802826330495, 8.812459486564137, 3.310454914559955, 5.277008427975602, 4.760637833159365, 0.3833622700292949, 2.0821540032593475, 6.264895717902846, 4.663166484050521, 2.1184027815643276, 3.919236664504524, 1.906609579591759, 8.471103168629952, 34.02073144539986, 16.096512729947534, 0.0, 0.0, 0.0, 0.0, 0.0, 15.261447944100127, 28.907681667904086, 14.087036657336512, 4.912069575479336, 2.9734970750932916, 1.1801039993390532, 0.12413156066929787, 2.4369086017154586, 4.526124463170788, 1.4805008731925113, 8.636406806442096, 3.1313250628879814, 11.455151601932926, 35.04170215303105, 23.962163717553466, 15.771481601227187, 0.0, 0.0, 0.0, 0.0, 5.454016831625264, 12.4373261499385, 8.004618324426445, 4.346965019040226, 5.3828825537395915, 4.45591005653813, 9.34858641461301, 0.6010799821640376, 1.4438089722742689, 8.36786268843332, 5.403959731240093, 4.633263149311688, 4.5143565974223065, 1.2016761321301033, 27.241138712149905, 15.317114520564047, 0.0, 0.0, 0.0, 0.0, 0.0, 0.0, 0.0, 0.0, 0.0, 0.0, 0.0, 0.0, 1.2848374597101166, 15.112888369789829, 26.662718071974297, 8.487873375437573, 0.39495077070068874, 0.037410977518561594, 2.51849334667736, 2.9030446823168177, 6.197937661766446, 1.7660419962528522, 9.669228506966533, 8.574900324987198, 0.7428464853198875, 3.394904607421495, 0.5805312793499979, 4.4750686066838625, 6.74022156228898, 1.8915036490448074, 7.852772515783954, 0.67795823252942, 2.089157305858066, 14.968186621537711, 3.31349507617324, 3.601225089444199, 4.007522588986774, 3.733921695376239, 4.432899259550368, 4.202036890333716, 2.6910943338909874, 3.9827192988872184, 1.4088475296101706, 1.5720303219036396, 2.0108852939339386, 1.0079524668973363, 1.262966577236682, 3.2243800517620684, 3.427618802823872, 2.068532606947656, 0.9955200152455745, 3.018931198337839, 1.9444299125427733, 2.740713859867583, 1.2892890769929295, 1.3509345258801204, 0.6470769368089577, 1.3326491202284956, 0.6139392047224987, 2.245916188776448, 4.764374106142952, 7.270310490372509, 0.5967551495440091, 5.032376492106067, 1.6670294230908098, 1.0634602086678342, 3.9620609810973804, 2.7653059984913284, 0.8546203588029471, 4.224333812130993, 0.9362060766905529, 1.1385391218517498, 2.8448977724030726, 15.118630379334462, 13.256430430361888, 2.5069976305203525, 0.0, 0.0, 0.0, 0.0, 0.0, 0.0, 0.0, 0.0, 0.0, 0.0, 0.0, 0.0, 0.0, 0.0, 0.0, 0.0, 0.0, 0.0, 4.242394034783672, 17.60956869904379, 10.581733271487451, 1.431148132405582, 3.6385001058128523, 5.312203502462978, 18.062644530976172, 10.912012107226019, 7.7387289253966856, 5.265336490999857, 7.95074179304504, 0.10624650915633538, 7.774263867471859, 13.192163782234957, 2.127633237452244, 4.33543991242334, 3.04992330397954, 5.9475569287317285, 2.4436197756089086, 0.44450215815612637, 0.48629419420279874, 1.1351436525427516, 2.789360148403887, 1.1382820291444204, 4.037935445097958, 3.6333106442646113, 3.4868272943921284, 13.02242060515016, 2.9867362006796156, 16.07841533929843, 2.8005079869433303, 8.645241928503708, 3.3381789707179905, 4.0324955341156965, 5.406747492013608, 0.1433998935980867, 1.2252403854914746, 3.325302144091836, 1.3170713047315985, 5.1452465466132935, 1.8645005940313126, 1.0993264252431345, 19.43242019480448, 14.73494868608708, 5.497870711265037, 2.0620266257560473, 6.45031540669423, 0.8692282589116473, 9.462143346173548, 3.059129144095664, 12.545015581247696, 2.5336228181224385, 1.726750860849961, 4.617101071067367, 9.786978367652097, 6.943526120611466, 4.81958754224803, 6.305761314333665, 3.241235374757764, 1.8331372721357866, 0.04055730365763566, 3.531580043651843, 1.7163352069967743, 3.5039864009421535, 0.7297246624476941, 8.767405613811434, 6.712283063801692, 0.7507554611657383, 1.5882033669033149, 0.5054541130392067, 1.1337732494491206, 4.141718834204539, 2.6980040554702214, 4.538714313059586, 5.005021151263691, 1.3675996183263806, 0.11907949591420675, 3.6425919059196303, 1.6321626194468308, 0.9978944546886055, 0.8586709755713855, 3.2830834712306114, 0.770845976139583, 4.420231687733349, 1.145745349582171, 3.038465356230347, 0.5172878285524689, 2.056484199801446, 4.843931144088401, 7.171681188984735, 9.265679309400412, 13.329765100639747, 3.121733684659887, 15.782015252071972, 0.7112880503465249, 9.167886115505667, 8.696564376324545, 1.916736169527553, 15.274761702296814, 3.139842398076098, 3.531642131204137, 6.5940554841164385, 0.06530607740359073, 12.151640044087912, 1.31933468683809, 0.14509147557168944, 0.2535981666818543, 1.8283169601454574, 3.5009535102019527, 1.452455415835857, 8.446459243139998, 0.384046403372281, 1.2471849625283653, 1.3538796991967956, 3.4627104794764136, 0.9933050043552498, 6.751860710420942, 3.2163859481946133, 1.159867295390825, 0.9948714243224686, 0.45962581476015885, 4.2091655539067006, 2.6037797566540917, 8.766357347457586, 5.0657732859420435, 4.115915492909039, 4.320332837258775, 1.9297534001176473, 8.934518745330877, 3.5341758983373666, 3.417488587287835, 4.451123502550558, 11.221816542246984, 0.8967378710080993, 3.8054343107639284, 1.2592497435736618, 0.801527999520772, 0.9743034322016229, 1.9850176908062167, 0.036643914805154054, 1.1013683874396634, 3.520876762974126, 5.240027120321713, 2.1085535456686557, 1.8042788463147872, 3.971881231700877, 11.781393702753007, 0.5093061434711785, 5.665748749595764, 0.9068285095204942, 4.536063701091507, 3.8545515246652258, 1.4160281389097804, 1.601854299239676, 0.2830448832623347, 3.7009604228246644, 6.089775053234803, 5.021665288692873, 0.39091553630458975, 2.2095230420054577, 16.804352784090725, 12.231657284074004, 11.046948253184212, 23.761277984630112, 9.050939464685257, 12.900428430648333, 5.131468965766146, 3.534208715985585, 6.0178588352393945, 0.9773860649775656, 4.750087260029943, 4.187188806883, 0.5776617291661523, 2.6976583885303853, 2.8592428678501847, 3.9145270008147577, 4.080087744999844, 3.985485524770411, 7.792636611091211, 5.510949710867521, 1.3111808214468965, 2.712899032146879, 6.16036510171898, 2.930066837677373, 3.210141816441137, 0.567864801588712, 0.42860605701378063, 1.4206252426467927, 1.5988476721318534, 0.2468004851978094, 5.264754834977964, 5.3155029153115265, 1.4054421737505436, 1.350551648292594, 1.3968290393190728, 1.879485745573902, 4.090696108549196, 0.13000297874873468, 4.977595495568721, 1.4801138367634508, 0.23124247191185532, 1.5158742548057944, 0.714497276467057, 1.9476475355716047, 2.473946076246591, 1.266996685491847, 5.225300616396737, 5.601585628800876, 1.1553820316995314, 2.511430216531494, 1.3421216608434179, 3.085053380505883, 0.21622442636896722, 2.3094438356196747, 1.6225589531828746, 22.348919109869428, 15.001604012758563, 1.2848374597101184, 1.2848374597101166, 3.552713678800501e-15, 0.0, 0.0, 0.0, 1.2848374597101166, 1.2848374597101166, 1.2848374597101184, 1.2848374597101166, 1.2848374597101184, 0.30736603361944503, 17.698874127792948, 23.15607962818771, 0.41822723090757563, 5.128918912355118, 0.4642524954700207, 1.345989526858716, 1.117404708339052, 2.826283873088755, 1.7758224036747379, 13.644760084739119, 0.3430893178784231, 3.1800861799811173, 2.0320277656854273, 3.3423282443455378, 2.7198242639630053, 4.530043572096645, 0.8469513264986972, 4.060587103373621, 1.1287124396445165, 4.5798663062486185, 5.617501055068942, 3.4278475646281095, 9.66250169581997, 15.815217826794537, 4.778416266418276, 7.693370642062291, 14.551311614694953, 2.00102011816864, 4.274909499421028, 7.463322190831718, 4.091267881187321, 6.641368808044433, 5.217892700316554, 19.364744102864847, 15.621239758189517, 0.0, 0.0, 0.0, 0.0, 0.0, 0.0, 0.0, 0.0, 0.0, 0.0, 0.0, 1.2848374597101166, 8.271733183364965, 10.822348408564864, 2.3297272366040147, 2.400383068058858, 3.560833056190475, 0.655093687376251, 1.7222541692361375, 2.941360080232485, 1.9549083166920838, 14.496592136606239, 2.329007640455032, 5.170698107476731, 4.044948115444754, 2.472885033408801, 4.238940711214951, 0.0, 5.440616151460361, 2.4920342645872893, 0.5481360649738605, 2.2268175706333153, 9.86284136575901, 5.030878706516411, 0.0, 0.0, 0.0, 0.0, 0.0, 0.0, 0.0, 0.0, 0.0, 0.0, 0.0, 0.0, 0.0, 0.0, 0.0, 0.0, 14.204631075778906, 20.75265173405677, 14.461389914351287, 4.0094855442397375, 0.9661845044339543, 5.460228667954027, 2.2627153162173954, 7.563268656395621, 2.006585155615994, 1.2716460071639517, 5.445268486994166, 2.6609294182896974, 5.26470478710155, 4.23059248154226, 0.28925976285972865, 2.0327355448038134, 1.9749397786372356, 1.0918144397171545, 1.893632882681345, 1.186629603836593, 3.397524571740064, 1.101057268241675, 0.4911069234648835, 2.1813037119437126, 6.385750552921479, 0.7532442618307869, 4.7322072040072385, 11.413171586567273, 1.3667383197059735, 3.8365167232090016, 2.815765516815418, 0.8196431426728736, 2.8826507753933583, 5.435756778839448, 0.7431742072859606, 8.331528692520635, 2.975688399463877, 6.402791474141793, 8.06986177329793, 1.8080457335336177, 0.535402191096523, 0.6422973743991633, 6.620252291203997, 2.1268408456712677, 6.581506872733826, 1.1889592374452604, 5.547168795376933, 1.5440294850877763, 9.858705719817749, 0.8219508101524866, 13.423669531448809, 11.06410843677952, 5.340769982013285, 9.109178367835455, 2.531776147546964, 2.3501138062752602, 1.5922379250471295, 4.225128620374392, 0.7458712287632352, 4.18506580603264, 2.478584550216169, 1.4788330102820737, 0.06620217189532696, 1.9571196214993734, 10.863549793869936, 32.297024295940815, 15.07542362206668, 0.0, 0.0, 0.0, 0.0, 0.0, 0.0, 0.0, 0.0, 0.0, 0.0, 0.0, 0.0, 15.327155478215388, 27.241138712236676, 28.232642957796315, 5.780989668398547, 2.9487765110652617, 2.835183772805294, 0.19093159678777738, 9.827005874307247, 14.874982610533664, 1.4120321985664077, 1.3077458064111624, 1.3581986939869921, 4.086362507633567, 1.4945189121553426, 2.899144719958656, 4.774720743299383, 2.8225355980677023, 5.399225846219451, 3.86127627019863, 7.293379752754902, 13.275975471049378, 0.4456225840447132, 3.051608235528988, 0.8634371864008585, 3.306846079166064, 3.275916551292653, 10.886411419216529, 1.653946987288606, 0.7859650429826672, 1.1186536407872438, 0.7859650429826672, 0.44650100627694655, 2.769195072641054, 1.045054281574835, 1.5277706655506051, 0.26536832205715655, 0.9244351976351197, 0.25003582965311466, 0.9652449333444508, 1.6362914880349138, 8.893391697712843, 6.7656936893423705, 0.2956505581030342, 1.0439905264377245, 0.19588138533388388, 1.889327492790457, 0.0, 0.30736603361943793, 0.7141709965621175, 1.918234325529582, 0.7865958660594572, 1.1116526392771533, 1.365442520696547, 0.19588138533388388, 4.2792170634479305, 7.109116035611066, 3.5267556906782715, 5.3189035984644875, 0.8627488091851916, 1.5976172455446687, 2.961724788148473, 0.45938320796651055, 0.5175684136950309, 5.452687625405105, 4.242394034783683, 0.0, 0.0, 0.0, 0.0, 0.0, 0.0, 0.0, 0.0, 0.0, 0.0, 0.0, 0.0, 0.0, 4.242394034783672, 17.607077063885257, 9.328145437806029, 22.72550722330186, 36.87000251424183, 4.354893216740436, 6.57761552290242, 1.5377951929353912, 7.465825002627753, 5.36287709113617, 4.437233650743224, 3.594021855405231, 1.3446858203865304, 0.856304197461327, 1.6751945361150433, 0.12136692789761128, 2.6824595283389954, 5.835493669892571, 0.7853247473287865, 3.4849017689853667, 4.466913881398284, 1.36712347620022, 1.246611701249492, 2.6644673250144137, 3.2439203232171394, 7.111816290444892, 1.739466792257872, 1.6750150811593585, 7.57878697014354, 6.378501537777538, 7.397413266732656, 2.177318259424851, 6.572763737253354, 2.1650948230420113, 1.1690288933771171, 0.27589500481497, 0.40861138027128163, 1.668098894806917, 2.6294367368109874, 1.1850870692185254, 2.112130519608627, 13.393794550655059, 1.8634554316140566, 7.03877835879058, 5.633667906725748, 1.4074392873836246, 7.7849258936656724, 3.0234171994319468, 3.6655880920951063, 4.106211500353538, 7.416311957192363, 5.126880000041808, 0.11136354212317201, 0.430604591064764, 0.8988318517929201, 0.584738178258533, 0.40805128156790715, 0.29275161466000554, 0.661466614712765, 0.8731822700326575, 6.347418752780186, 2.151808944602351, 0.8036164590895396, 3.4799697028683454, 2.8386186563338356, 0.22433064685213822, 0.7032778965412945, 1.8389313873216224, 0.4114619996786928, 30.592828461450438, 19.29515701571836, 0.0, 0.0, 0.0, 0.0, 0.0, 0.0, 0.0, 0.0, 0.0, 0.0, 0.0, 0.0, 0.0, 0.0, 0.0, 0.0, 0.0, 0.0, 0.0, 0.0, 0.0, 10.15922239139448, 19.17298980951142, 9.787015394180514, 0.4888144628512805, 1.4252963055183727, 0.6855409687767633, 0.20246384923052574, 1.9896949935079533, 1.4946438831098021, 2.0406208637091368, 1.293479925008512, 3.552225418945511, 0.7762263977127191, 0.6066795922661754, 0.16983799791699994, 1.4293157561846215, 1.1004777800767442, 5.672542924662196, 32.29702427646748, 1.4854109544710923, 20.755514294452183, 9.48330250075287, 1.0852919956502092, 1.3522016571091626, 2.8254857305335577, 0.6407233918142197, 2.80055563924941, 1.432158916956098, 2.4211607319787163, 0.824948109169668, 1.4131712867081205, 5.112116634821291, 5.552815940476421, 6.36647833044583, 16.26218167241194, 7.696574524497521, 5.223851108762176, 12.931690540794307, 3.854018045218197, 3.070413760092663, 3.520080003488488, 2.6459840339570064, 1.3174875194534934, 0.18157589175802968, 1.2393284022671764, 0.03530697558198881, 1.9528167821734996, 0.19872547046350064, 0.3751436483390762, 4.468680830157723, 1.0522427984678302, 1.3598812809648848, 0.04029227028490823, 1.3982714036629886, 1.7329750594672646, 9.81934364782478, 16.13130828177023, 13.72860656797161, 0.0, 0.0, 0.0, 0.0, 0.0, 0.0, 0.0, 0.0, 0.0, 0.0, 0.0, 0.0, 0.0, 0.0, 0.0, 0.0, 0.0, 0.0, 0.0, 0.0, 0.0, 0.0, 0.0, 0.0, 0.0, 0.0, 0.0, 0.0, 0.0, 0.0, 0.0, 0.0, 0.0, 0.0, 0.0, 0.0, 0.0, 0.0, 0.0, 0.0, 15.434436922978392, 16.142505681541664, 10.440282226621605, 4.872733529451182, 4.4274052680221985, 4.9288477635906816, 2.5102655590106906, 2.150016872748836, 0.2807312268215014, 4.017362343155639, 1.9754303757529215, 1.7334815779536257, 0.9969744884145939, 5.447631537403822, 0.6932842654689466, 0.31468747980676426, 1.0267489804842853, 2.0238887203915965, 2.5162996994634454, 0.45312380200380176, 13.312333250390623, 15.271596835396508, 15.528445578751764, 1.2848374597101166, 0.0, 0.0, 0.0, 0.0, 0.0, 0.0, 0.0, 0.0, 0.0, 0.0, 0.0, 0.0, 0.0, 0.0, 14.354796748703805, 25.592770596372247, 2.242440948510364, 6.209031634284997, 0.9256896978210989, 13.629540181147547, 7.9337331980659656, 2.2802330495058527, 2.3824955175106766, 0.47207940254725145, 0.18359575157649033, 2.3938974319816566, 5.417844458090883, 0.8921480896549383, 5.595184634002635, 0.6353670302232786, 0.5347548808034048, 1.579026596859535, 0.23664336812458941, 0.06686441798797205, 3.303846522204992, 4.486875258602026, 2.4134140988302875, 0.014330602709378581, 0.3006697178500417, 0.2451774723743938, 0.6382093128034967, 0.007333625917311792, 3.3856020926167787, 17.941751206940978, 8.585126334749134, 3.422226663897817, 4.756565235003137, 8.760689186930222, 2.170283688583595, 1.3900881397328817, 2.005380872112795, 3.7175760141174976, 4.955211618505928, 4.589540772113452, 5.883919588500362, 1.4814859469364592, 0.7467148158486907, 4.538021666970934, 0.9205118827184151, 2.3521079768970594, 3.0056571139135997, 10.388786703378571, 7.884607258527581, 1.5243052571901217, 4.495017839102104, 0.40697188709719967, 12.159779693140251, 3.287754832581186, 10.179977982535718, 4.633420145156947, 3.3188515247989017, 30.592828461449272, 15.993947008453148, 0.0, 0.0, 0.0, 0.0, 0.0, 0.0, 0.0, 0.0, 0.0, 0.0, 0.0, 0.0, 10.220601191693184, 20.783024029505498, 20.881228053214556, 1.8615794498746823, 0.9030123699716341, 2.454238221186074, 1.574622247478942, 10.79551524305225, 1.7136495741359568, 19.755549876448868, 3.5457372237153777, 8.831742475829344, 3.190700019465453, 6.85247971074881, 2.5495183740219716, 5.5003361848647785, 5.496557413159167, 2.87579751642744, 0.20420386786304334, 4.827945541507233, 0.4101042781818478, 4.027820693438684, 1.5472932347505548, 1.9865005985130892, 0.24534994480268324, 0.6169100558162199, 2.5050431300937817, 0.29391052354355907, 10.184173944980046, 2.561605809934065, 2.822505190883419, 5.6244349545854675, 0.44963582799778123, 0.6030688141646579, 2.6795578909693063, 0.6785439636260548, 8.955866028104708, 0.20789815705910542, 6.2125613149436845, 1.0552921706081406, 3.1115459241778467, 0.7504569529237415, 0.32560901537914333, 0.5272795264029355, 0.2627895287936042, 2.886829699185, 11.394609614597073, 4.93040973813396, 0.6952122659434394, 2.8773642240868185, 6.279569250775808, 3.843437739479498, 5.868459717905409, 8.04183182295219, 5.3346123881683525, 1.6708566921187185, 0.47187754033996043, 2.2558256383921957, 2.56863795574003, 1.0692928172742882, 6.08918905334491, 2.330669277873426, 1.487340934730355, 0.5848242132714176, 2.9022948327219638, 1.8748613738868016, 0.1579719344717887, 5.233053265463354, 3.203796616676698, 1.5453784161232988, 2.525242305103518, 8.149642792149507, 1.947677322786376, 4.1066072984102675, 2.5811864101463584, 6.711965925185268, 7.0102964886879136, 3.918556916157854, 5.639363891368475, 5.5625648535555, 2.7330682792747893, 5.386092421662283, 0.6669165652811557, 12.925025634621932, 0.7380247197571066, 4.475306322396591, 0.6012801351164399, 1.6661797043007596, 1.1278350838442748, 2.718995656496901, 0.9997297479505391, 2.5402571242085514, 2.185994425488275, 0.7530956264529891, 9.934959139330374, 1.5525976654059832, 3.895849534137369, 7.3736631921987055, 1.7408693307656335, 5.204042232985444, 9.383022009244314, 0.8529573351880231, 8.741764996724271, 0.6139686095986008, 0.8593157379618219, 1.1441486824830918, 10.604613195531272, 9.881699301942604, 0.11645672800602824, 4.871849109920959, 5.311339713576444, 2.352516702555249, 0.06717600184765615, 0.6547987839238658, 1.66819666431104, 0.6984165897594039, 5.343266546581617, 1.4787176387017098, 2.7755458949550302, 5.782802864227449, 3.0669349382866926, 9.835761861507194, 1.2955841376784747, 3.582437157520758, 0.47739263317726, 3.6919829812670173, 0.32595477124220906, 8.443297234692011, 0.2476614122549563, 3.9987087239818493, 3.635315813612408, 0.343684513974722, 0.8588455856412907, 18.38062014255371, 1.5113771305869932, 18.365158489261376, 3.9227239877056945, 1.7511500753744826, 12.554314595728101, 22.35714753939712, 16.366201319101563, 0.0, 0.0, 0.0, 0.0, 0.0, 14.791832901648547, 25.59277059640317, 6.237693145371111, 2.5418606268503936, 0.21851428313891574, 8.022476420420958, 0.06110256464489794, 11.324661500195077, 6.224120844820106, 2.797015329356384, 0.7742284963244401, 0.17871621708235352, 0.7399780356368524, 2.702923529192674, 1.2030583516893785, 8.669978975268009, 16.942756911821903, 16.204444511695222, 0.0, 0.0, 0.0, 8.790173816222797, 20.75434464154057, 21.739890716689104, 5.057856066496242, 5.1281969971794865, 1.1046971357512803, 0.5597939561554881, 1.6283726020252516, 0.6367891022434833, 0.1774411285629185, 1.7834261905255175, 0.47354918404960245, 2.0375452620483543, 5.456812564829306, 2.7347615996726518, 0.6308734258398658, 0.6856508693532533, 3.9131614527262286, 6.474942852995014, 3.2048371699272593, 0.1626420281018568, 9.45235151066197, 2.533154897028453, 5.905239096137507, 6.810236831754025, 5.000953405721702, 4.848275432489288, 7.688646395497301, 7.3296524166952395, 3.748573872049633, 0.5696240028843818, 2.593158497519198, 1.3659596933067633, 2.7775552455365755, 8.323041796820917, 3.3267304607794586, 10.568088441417217, 2.249693297855572, 0.1886497029779548, 6.254376066286568, 1.2737522711511247, 2.9865629632520267, 5.813760671564637, 6.4702138230642845, 0.6059164462084823, 4.3501620530821015, 0.20171848082236465, 0.6765228080927272, 3.239986523717107, 1.5606330156493868, 4.745547230219074, 3.830036533112775, 3.58300372547842, 4.389448822253655, 6.162555709876301, 1.4125275252828828, 3.585786280650211, 1.562141062835508, 8.427893043092297, 4.177778898520842, 11.38333830275758, 5.742151068116129, 7.199975858399455, 3.175021548527752, 0.4031597053638052, 7.479321530932168, 2.2082786891794512, 0.13633764516353608, 20.75265173363772, 14.880334006299336, 0.0, 0.0, 0.0, 0.0, 0.0, 0.0, 0.0, 0.0, 0.0, 0.0, 0.0, 0.0, 0.0, 0.0, 0.0, 15.282519686785818, 25.5927705964032, 6.852782670449244, 0.5793630258750682, 0.04931331774105274, 7.840614361507846, 2.6480218343945126, 12.557168528163174, 1.0294940373923964, 11.61313694129467, 0.22302126005763512, 30.51874640029706, 9.847630520942573, 11.250031434221057, 15.742752201480414, 5.339170492405685, 3.819858973773705, 0.6921171684598448, 0.9680876192478536, 0.6784131326028842, 0.6076069415152574, 2.116000449288606, 3.566995858173698, 1.613332569924296, 1.5940127173015526, 5.792407795842621, 3.0802136141666665, 0.2815552576097389, 1.6014757034262175, 0.7767184230724524, 9.290790979345047, 5.894939256973657, 1.4535475697480251, 4.181332564944739, 0.8999354341393655, 1.4972846580075725, 7.1918362138796965, 1.4450127433941589, 1.2344087566475537, 1.3128924438459535, 1.0524793884506494, 6.571888462794448, 0.051551247349266305, 8.486806625293184, 4.609632375228443, 3.020265270858033, 6.8597267489637375, 0.09741243254455867, 2.404062009634913, 1.1066444907768869, 1.8929663444374114, 4.93044856295478, 3.820067036071464, 4.343113418269013, 2.070826431257842, 4.534754790036914, 2.7552279446967987, 4.786703312411419, 5.437649898248765, 3.5690327969102214, 1.2724045314593013, 0.2761753786140275, 0.8271308154220378, 2.8749659985662674, 6.4820803310790325, 5.252142005885219, 9.352833102531463, 3.402914530246335, 8.711000900256238, 0.4129485048548531, 13.80664857096042, 6.653654538184696, 5.1257106714539304, 10.05530352795165, 1.5944439538713482, 1.5263423332628463, 5.86719037336394, 0.6482009616887012, 4.510238433988718, 3.8101074149691954, 2.54065874899743, 7.780136185882952, 0.9174753854563846, 0.8947543202515931, 1.4391804844916578, 0.9287409132746234, 0.9191322261706318, 3.786264968754267, 5.700188675205538, 8.597625567862224, 5.191664452109421, 0.4884111607649686, 1.0217413242586986, 14.138881532685389, 1.9775787258487867, 1.593432375052771, 0.12561915137291635, 1.8303847705534508, 1.0341026805001547, 1.069835297899317, 9.816018463011005, 1.6290281618698828, 10.13358149163929, 4.838742748004108, 3.7413112690198886, 3.5859444284204756, 1.2580574511238751, 0.7232708640623287, 1.3096131553658097, 0.5407844020135144, 5.087293127653538, 4.958848502740636, 2.275663627644974, 6.679262854680815, 1.936008549346127, 12.241827737953372, 37.25927404926688, 13.585176666749817, 7.124908141690696, 1.5542256292241063, 0.6973321915859003, 2.842170943040401e-14, 2.310249473864374, 3.043128757367583, 5.169620624859988, 1.5596522223874842, 1.0385684248571465, 3.507810248971566, 3.1568607487366194, 10.508714053133673, 5.258640585270427, 0.10447870847195873, 6.107086735793956, 0.10447870847194451, 3.7117815431253405, 1.0109138026298865, 6.678200147733577, 18.831216802210292, 12.534633156404823, 1.5749499848404866, 0.061727004736439994, 5.4642355535858655, 1.087767688104634, 4.945626289817312, 11.872071973273421, 0.1542002385720025, 10.406426697679422, 10.100453462679525, 2.3711731277709873, 4.220941571681351, 0.8696605421537242, 0.1317446258345285, 1.6810392790014248, 1.9450067853765631, 2.7675489555172135, 0.8550280827651591, 2.6968218301789193, 0.4381485300579584, 2.874197049645204, 0.4396596501674708, 0.8406023342374169, 3.25874970938861, 13.263001807720912, 6.11935824478644, 0.022655858088086234, 2.8433441368059107, 2.3136270491871755, 1.3396949486720757, 1.2135731015798399, 13.672251006649901, 1.8432658750676296, 3.954043471166244, 8.589318875790184, 1.857144255934486, 4.860502159218299, 1.7364316134645037, 0.07260069475341879, 2.354649476484184, 0.26093908579727554, 2.621402322614472, 2.210081420906704, 0.7911755304245389, 13.963126468219286, 12.992085083348911, 2.083158630585615, 1.6168483180421163, 2.1959191948955663, 5.952150462755071, 0.9771245655662142, 3.164132147946077, 3.675461260485349, 1.3920457383489406, 0.3730050842325454, 9.449991801443502, 9.706398379063216, 2.834160420508738, 13.106941280510569, 3.0889486353496522, 6.694716817167887, 0.8211021311495301, 3.0467450454409573, 8.055227138224325, 2.1451364332708636, 15.663384824848833, 20.7327137810762, 14.020769131181055, 19.239095196592984, 1.988775369894995, 1.2513795173185827, 0.18784232254296285, 0.4084177921636183, 4.08663925462929, 23.744885197258952, 19.283747974772723, 6.398401110275415, 0.0, 0.0, 15.518665208211061, 22.34931229026253, 6.219958646383759, 1.3769221454054446, 6.783080163338866, 1.816527217687053, 0.33800148558987075, 0.5202901500341, 1.1321991952973463, 2.875205330708525, 0.34944038593050664, 0.6935482871339786, 1.2878880583502905, 0.6983776477256924, 1.1247381166506898, 2.0174236864476995, 0.04896685786246735, 6.747170537061493, 3.560730574771071, 0.6740820881637433, 1.1571647628076107, 2.9604173968381247, 0.5598780259670662, 0.31155738918630504, 1.6401722270400114, 1.3988776407547334, 1.1372742010910315, 0.0006964395095110376, 5.251949110184, 6.606644012235961, 2.0212907943054574, 4.044581598161756, 6.026721143816758, 0.7208353840550217, 5.444559269608419, 0.8211074194325079, 1.9506597885668953, 0.48973291069046354, 0.07654590923914384, 7.142781600521971, 12.392618846896085, 0.48937709071492463, 0.9944244371502009, 1.6967497816469574, 1.1512171659060755, 1.096842378842382, 2.8776374976868624, 0.8546203588028902, 4.746369547972392, 2.1507487118241215, 6.00603189517841, 2.3428017879427046, 4.101463473074716, 0.49547080382518516, 0.3633377489150007, 2.5998918253414445, 0.08193661895390392, 9.630561014366464, 4.914420331642901, 3.0329227929253193, 9.606551405369117, 16.062008291798918, 10.560407783998158, 0.0, 0.0, 0.0, 0.0, 0.0, 0.0, 0.0, 0.0, 0.0, 4.877673716276373, 13.674254799361606, 5.854596592593822, 11.455005106051743, 7.177492672738765, 4.5585825433335, 6.228907725037288, 1.8352636104701219, 8.139161487830563, 3.876021175515973, 4.98154135789207, 2.5181378774848326, 0.37659309597887614, 2.3302655537178225, 6.062019897518439, 0.014648667745859711, 3.812976447981441, 0.4341794247623625, 0.4579658386878691, 1.3343668246909033, 7.316738139741972, 4.405875785692615, 12.404158011279833, 10.677051108425701, 5.436116054725574, 5.296564031390403, 0.4025842800826922, 2.106837971939626, 3.9930978037116915, 1.3665653442823213, 3.1821635715035654, 1.067007762521257, 2.2661031713727198, 0.2554667542260063, 0.07494267290860535, 4.442566558831061, 1.8300006401929068, 13.233525182721337, 1.491680960599524, 16.115000466344213, 4.882241832386683, 3.171653001520667, 9.127456193153193, 7.210436988340575, 6.065010718928875, 2.873818093486591, 0.6669367316783905, 2.383996579814209, 0.8942471997443135, 0.9922587681429036, 2.2978382421366064, 4.535758463481784, 16.377666178990722, 14.590303231580236, 0.0, 0.0, 0.0, 0.0, 0.0, 0.0, 0.0, 0.0, 0.0, 0.0, 0.0, 0.0, 0.0, 0.0, 14.590303231580194, 15.474543796842596, 4.527260396128895, 2.9806427655170182, 16.329649296656953, 17.437782639346324, 13.496370673201227, 9.385029825147171, 1.836514591745754, 0.7833647227865868, 0.5645042739972723, 6.2402618026661685, 3.297242792417819, 4.672574673329905, 3.9040276109694787, 5.492910726774994, 0.3290705246326979, 8.072768168589505, 0.5622600111439624, 6.212702210564771, 16.385667803932165, 18.3769893886562, 15.049121250799189, 0.0, 0.0, 0.0, 0.0, 0.0, 0.0, 0.0, 0.0, 0.0, 0.0, 0.0, 0.0, 0.0, 0.0, 0.0, 0.0, 0.0, 0.0, 0.0, 0.0, 0.0, 0.0, 0.0, 0.0, 0.0, 0.0, 0.0, 0.0, 0.0, 0.0, 9.579570954776166, 15.9800186564525, 13.39742061454885, 1.1385464676113202, 6.175736223631247, 0.1979945771857956, 10.01725839955867, 0.11255312604771461, 7.851522928806503, 0.1199897891525552, 5.382912653543201, 0.8322758828628594, 2.3518115992207527, 4.720942239122223, 5.168810236281956, 10.724735819307057, 10.019086780246766, 2.0637573712018025, 14.034146956087056, 5.432227744044553, 2.153254180573441, 2.0085392262030837, 5.07284243213121, 4.4117448136639155, 0.3838280971210679, 1.9757695814419094, 0.2532883646634332, 1.5438258632351562, 1.6897153966430665, 4.264020720542021, 0.8571852346619266, 8.688635322731898, 1.4867544982055847, 2.1353724843407917, 5.241344453111196, 2.9381270980442764, 3.5594763930523072, 0.9521717495564985, 4.015139813891494, 1.288590343874148, 2.1061765509070938, 6.127195527398442, 6.224670021236989, 0.7462479836459863, 2.1004458219679805, 0.5712707506589823, 0.47536658042918134, 1.9036301766270185, 0.09392131498816525, 0.8997373731450011, 1.2107976486349799, 2.7535837842843875, 4.454653324371236, 0.4777742335714379, 2.2377567082130554, 0.7904483666306987, 2.400816379025514, 3.013795324738112, 1.4789425598008847, 1.4303537197651508, 2.3617733459598185, 0.39956088293178027, 0.09677342892990737, 2.190255992638612, 0.16233818853766024, 3.1496838898453063, 0.5550789967612104, 2.4132688832722238, 1.9223594771120247, 1.5570731354375766, 3.9841220238748747, 3.146558182285503, 7.236377945710416, 5.762257509375388, 6.255618836498741, 2.619529359177136, 0.32591270177073284, 0.9526405441398538, 0.19620040828374385, 2.6993069712784745, 3.42021035446885, 5.280725782767377, 0.0, 2.8386644304097786, 7.022553237774275, 17.66838206365327, 5.230099923722605, 7.68786384933901, 3.2309890910108834, 4.34816507097355, 0.9203357246373116, 0.36064840318795177, 0.8536897084323414, 2.0038410198224597, 3.654813519559184, 1.9075545882707274, 9.08022122231364, 20.39596873069769, 9.581147155204576, 1.0211933589054638, 0.7634223168716971, 0.9780033203039409, 0.11451690913779089, 0.5730641751003418, 6.6316602769538235, 14.411630860908502, 5.889921814884694, 0.0, 0.0, 0.0, 0.0, 0.0, 0.0, 0.0, 0.0, 0.0, 0.0, 0.0, 0.0, 0.0, 0.0, 0.0, 0.0, 14.7927317538945, 19.421126286774467, 10.396234433612562, 4.418171097989614, 7.486192556357196, 15.004398438283886, 0.6772760103980886, 2.4954958098057602, 1.189915029281849, 2.2277462851444056, 2.823558544612979, 5.645836875397379, 0.9849431925486556, 7.638075759441051, 3.7094441878009548, 6.845848237464224, 4.358317740703512, 13.534648513283571, 1.9292341068754695, 10.674146232245107, 1.5796841752337514, 0.18138187242396953, 1.021468944930291, 8.624869998333054, 3.71402176445406, 4.2902398837874784, 9.420998246050658, 2.071152270655034, 1.3375930102368443, 1.0906004124020114, 0.2314491116731574, 2.7119245634706886, 0.5659580208558168, 3.372705283291225, 8.190571097400152, 28.90768166776357, 14.459049985268791, 0.0, 0.0, 0.0, 0.0, 0.0, 0.0, 0.0, 15.170246883590352, 27.241138712235397, 7.987384871478412, 5.455189385797269, 0.3911135717001457, 2.941045332240492, 3.5033662279662394, 1.6530880096401006, 1.2387390437314707, 3.302753096059064, 0.21271984431893998, 7.408986825683655, 1.113662789537841, 16.06972974412173, 16.849153254660905, 9.188411889727433, 31.46843505323136, 23.097158144528862, 6.229144693945145, 0.0, 0.14659413177183467, 0.0, 1.6142300054426073, 0.8203966145882333, 0.45004502159315507, 0.11387548734487041, 4.063609993515392, 1.889327492790457, 0.0, 0.9792751108944557, 1.88932749279045, 0.0, 0.7865958660594572, 1.0234334009998634, 1.3654425206965328, 0.8934935093716234, 1.6257729835355121, 7.146227676257233, 2.549121773586762, 2.497976889125713, 8.505424514747887, 8.32426558384563, 1.2075910420827256, 1.8605985207540527, 0.10230288520853037, 2.4512595322080983, 4.941590208519301, 3.3680858962289335, 3.043106064086601, 4.781344133271318, 0.6042744960588493, 0.3644604334709811, 1.9659772434200136, 2.1512146902257996, 7.5726062434051755, 13.26367558845405, 14.60201245340751, 13.806914147714778, 11.577011390796464, 19.172989802463604, 11.418713676270613, 2.1280894095564236, 5.930658231500502, 20.750597027253946, 4.927316519462579, 0.22892598742561177, 1.0477381857332375, 1.1255677486119566, 0.49563073561830606, 3.925310766937912, 3.471469552201768, 6.126462635547568, 1.0102317592792929, 6.588314768206999, 3.076718991908251, 1.6716983550218742, 3.6696189710310136, 0.6693648003243879, 1.088519482485026, 2.3452852872383687, 9.415412757685544, 10.622100101055082, 2.2407770332790733, 15.32086159846456, 15.430268215912605, 0.0, 0.0, 0.0, 0.0, 0.0, 0.0, 0.0, 0.0, 0.0, 0.0, 0.0, 0.0, 0.0, 14.84986075347318, 19.437348535402293, 9.265516719096468, 0.7396782762761518, 3.4368268326861084, 0.325705743206413, 0.6678806074748991, 0.7185546303271622, 2.199091077655794, 2.6259475477370415, 0.6126041816157226, 1.8103442430222572, 1.0140123289103258, 2.585432755881925, 3.130960050350552, 2.9744172566786915, 2.4755928131140195, 5.27376521159681, 0.5116478750176725, 2.006905671684706, 3.432258828387205, 1.781164286560454, 17.71566751152494, 1.0850410848474326, 10.620917257651001, 13.79519029831431, 5.652369380656182, 10.239137163043324, 5.090910232311501, 1.6369830070808007, 14.707204271586761, 8.32223332212476, 0.5366731599795003, 3.503787862285492, 6.639933878702891, 0.44360228831948234, 7.631392903796723, 4.227334211616267, 5.88268301837968, 1.5833935358882059, 9.383516081818698, 3.6776867112675404, 4.414375448889075, 4.268293764871601, 1.410982658741915, 0.07590344710087038, 1.2750776130403096, 0.4465695773970424, 2.271050525065448, 16.602357675563113, 13.44533905540331, 0.0, 0.0, 0.0, 0.0, 0.0, 0.0, 0.0, 0.0, 0.0, 14.063390722643206, 17.94938748928547, 3.1859311966188386, 0.48803061574767526, 1.2141409578534308, 8.418991360057362, 19.481809075970943, 7.02823416064885, 1.3698769585071346, 0.8070389329307517, 1.1116526392771533, 2.6995453431786416, 3.5771440975996285, 3.191195269575857, 2.130654240244425, 9.139681002868798, 0.7993110065361009, 3.7846180336395925, 1.889327492790457, 2.176004319853135, 4.229750056171397, 1.6563542358061625, 6.544581934543373, 3.064539034180598, 4.221359055462244, 4.875878351376727, 4.221359055462244, 0.763198813500594, 11.06482742411842, 7.416557816920999, 3.986587204075363, 5.5430932906230055, 4.239154761451459, 3.7326662218142133, 4.894504492075498, 7.184851196064443, 2.7379352847190717, 3.4598808581515073, 0.9501260231141941, 3.4598808581515357, 5.7322566452941714, 4.447550732248146, 0.9970547137253618, 2.101011223082196, 7.604612218254715, 10.66932573302961, 4.950782690684946, 3.242039477811147, 1.940004502646218, 8.807754823575522, 3.6530042032300685, 0.9317022632637304, 1.4465792775585555, 0.13836441864583549, 1.9036967818470316, 3.0654435227717727, 5.583976745258269, 0.9818540927699928, 1.2840620754889756, 1.4870656948456826, 0.9261242251771478, 2.6680052235157063, 6.324370017925162, 0.8871062354521655, 4.755567101954739, 4.4020773892744955, 0.6768166077732758, 2.0862570422599447, 1.0314995785989822, 0.6708834124311807, 1.8706619446228387, 0.03947839997539404, 0.19729319531086276, 2.4618095747177904, 2.3071363694583056, 5.346477602078949, 6.422426119932936, 1.2497932509047587, 0.8196164015153045, 1.074810229381626, 2.9816529823179394, 2.527115983074168, 3.611456932029, 4.15071958641272, 0.8248267422472395, 2.2625892008143182, 0.8231277408369806, 0.6128898882752196, 1.6400844106589716, 2.8184699623551523, 2.8544753781022223, 5.313850811266661, 3.3669287049899594, 13.653281759246624, 10.582072850929478, 6.302671541744871, 1.6142009664950479, 0.3236894730301003, 1.7935271961070072, 4.5025709553047335, 0.7530943483473607, 2.586516802155856, 0.0, 3.6975510161176146, 0.1177417507981744, 9.372208911110363, 15.452971265849726, 10.149097077828173, 1.5250742377673987, 2.871028492593439, 0.6397852169964153, 2.6703387378092884, 3.8934330904337457, 2.229574830965703, 6.043177989937249, 0.8064190474872248, 1.485234511198314, 1.2122009382349006, 2.532428621960605, 3.7372378195073566, 0.3732641766479219, 0.9968108585521236, 0.20568653799716685, 1.8234698858161096, 0.7476832047923949, 3.348622030966453, 2.52397251413646, 14.115403854410886, 24.051210722669623, 9.555068334717959, 3.0072171824592147, 9.840916628224818, 3.192809102739787, 0.002974354587166772, 0.11961902459364637, 2.417089566921476, 6.742498930538801, 0.5032833074774032, 10.370977599078685, 3.7672848991736316, 4.578331157516715, 1.5298009508177302, 3.818600758467255, 0.47303534696155225, 3.1144973577087, 0.19470402649770335, 0.3911218613508254, 0.8931105132722621, 1.51595889672177, 2.5720203534954464, 8.570521801501059, 0.17887257852180483, 0.28232267338574957, 0.20840457802773926, 1.2686036970148393, 4.2682212162096675, 0.37171181353650695, 14.225599930007263, 8.87683995923004, 0.7839128234226678, 0.7864498915466811, 0.7813505051026368, 10.58748749856187, 4.479394073517739, 2.359210651363014, 1.8960855412784383, 2.3303297051615743, 4.724027524613007, 11.225947121901243, 0.18895994083737833, 3.2386554423188727, 0.8008536272047877, 0.8100676783194558, 3.461203323533937, 0.267371979430834, 8.252664584284275, 3.4842657502057364, 4.182077522531927, 1.4566214046758432, 1.8093844632533091, 2.6280977620900785, 1.6262665982145563, 0.9652966943211254, 0.8210789801848932, 0.4170252902472953, 2.016783460278816, 1.672597577168176, 0.5003533538338161, 2.0610308365064043, 3.3950427215938817, 0.1668546114413516, 0.1950662467240818, 0.3704479669961529, 0.5821916183459166, 0.4466155267374461, 0.19363880545176926, 3.9834616116782513, 5.974256198283683, 1.1494233497949153, 6.205143335149728, 1.560206490928067, 8.351821150815397, 2.3988460989318128, 7.43432953846991, 2.4411166049651456, 7.452467909799282, 3.4426114309946456, 2.3777757675977114, 4.1991372753669225, 1.2878669485567116, 0.2861917250767192, 2.5428003185880357, 1.2677169117432072, 1.818308876471292, 0.3813151050187571, 0.9864183283067405, 1.7136498153470257, 14.930159190069844, 2.8012559535803234, 4.20475483167607, 1.0070039737733225, 0.8347589044453798, 0.645109105442998, 0.6756667847052427, 1.4935952464934417, 2.488763370692425, 5.974071353992883, 3.5003639538191464, 1.3679314222103187, 1.443584248751165, 4.2186712807259426, 8.22524984815999, 0.05628339019949635, 8.992202172556688, 0.17866104092070145, 4.525373039060014, 1.2391645426301352, 3.0206535042128735, 1.0864775791854981, 1.0631911877100322, 3.3128395525994847, 0.7186061870964977, 3.588889228204607, 0.17789833711776737, 3.1236538192255807, 2.6139699212180005, 0.06712244582075755, 1.103065425002825, 1.1143978508536634, 0.7656850704449027, 3.1612122374121725, 2.650488229118878, 2.8336683563942415, 3.1578246033870983, 0.9753484373495098, 0.27903813980111636, 0.7191050098098231, 0.0743257282625791, 1.217524692351276, 0.3876900178050846, 2.4403650408207227, 2.3414448321805708, 0.45074236707822024, 0.3390694728538506, 2.228210117194436, 2.544911879992924, 3.807920753266785, 5.042403872649004, 5.333047902769067, 0.7122138332703116, 4.882524506977461, 1.9923501712257803, 1.3980338350395414, 3.1410719942826404, 3.771266529065599, 3.2630880002959657, 7.322246796618288, 13.59192565932534, 17.55280823189767, 16.425774283906364, 5.9993751987818555, 17.152430397767603, 18.872104674710243, 1.2438621423747236, 5.640281245268795, 1.234462832300892, 12.806104333792234, 6.552117347747185, 2.6950156363838005, 16.670410722969393, 4.253835194838302, 10.571465422881204, 4.671576295104671, 0.5772835654790356, 1.6476246464641804, 1.897363315797918, 12.365262117389761, 25.592770596403085, 14.147940896851935, 15.523828149486036, 16.426695198940024, 6.641321384314267, 9.245178879788625, 2.99670419850969, 3.5634126249977953, 7.6883942757764885, 6.31765992883129, 0.9452338648749219, 7.788284640576478, 7.397052090967463, 1.4236652720255165, 1.3038868991159802, 2.2442757757525555, 1.4049891003592165, 6.043698957790696, 2.741318673566468, 2.049700592185957, 2.2577402018761745, 2.4874654030957686, 2.401211263831499, 3.2580504913541404, 12.694488846766035, 2.0693340663779054, 3.122501123460154, 1.1830033065252223, 1.0016591529728203, 3.7217993101092475, 5.574339061647947, 5.051880242272603, 10.493146433522213, 7.186205213318544, 6.482511595749202, 1.2842438613105855, 4.5920453152764935, 4.4564468044256955, 1.7572877869683907, 1.1472727891521117, 3.4636732935154555, 2.16754773637291, 3.088600135978936, 8.789215189023992, 2.7455171098055757, 3.774905470883027, 2.54346054989108, 7.5533832640608125, 1.2632900580823048, 1.929194291697911, 2.417711161913786, 11.995738299815997, 3.889846468055282, 2.3224162202087086, 0.986398575157466, 0.08180325348553197, 3.004664132697201, 0.2654112178333321, 2.14419901005823, 0.6603392095290133, 0.9122763792405522, 4.815315914202927, 0.835854129114125, 3.0986665666201816, 5.966239464003138, 0.11438236287199288, 3.4639975810313217, 5.5941703775108635, 1.80986498205084, 7.404144302405257, 1.793902340914201, 4.278797522516015, 1.5955590452416004, 0.04746214338229038, 0.8399412864019951, 0.8668828562122144, 0.008816159399771095, 1.2876099408913433, 0.047441401672074335, 3.6738565484098444, 3.544627686419915, 3.123521415053631, 6.211158407018274, 8.79063817585245, 2.983060261279036, 24.873612327526473, 0.5943857190796393, 10.071104331335789, 8.90072669225492, 0.21078563665690808, 4.124790024296715, 6.577205115483707, 1.7499998790647169, 3.0373520495327284, 3.518598131681017, 2.953037824856125, 2.0509792931254367, 0.21467976928880717, 0.7390416006202258, 1.3587381907090617, 4.5422065325730046, 4.652132532275658, 9.508644025058715, 7.672412111244455, 6.1153064491722375, 5.943327093113396, 3.391666281606774, 8.506676005949771, 1.0916592933475897, 3.2127304436336317, 10.106685244885767, 5.889921814884701, 0.0, 0.0, 0.0, 15.83003862274466, 15.783417186514242, 2.2755724033363265, 1.850984943341075, 3.131919131352447, 8.55045279231183, 1.2389716882545372, 5.534308155559984, 12.010565375410465, 1.3198745628148458, 11.508130869879835, 0.36713999703499667, 3.1112252350468452, 0.2507252300579239, 2.466711066630978, 0.5915618989818086, 6.512587231730322, 3.6363157043054457, 2.0117914046392684, 0.5409125347054555, 6.188754456406173, 1.0389771648168562, 8.005624147181038, 9.371609552194798, 0.4412439524937781, 0.23546661256054335, 1.6876547854549813, 3.5680403884885266, 0.6341564917802032, 0.4584769979893224, 0.19365760966795165, 1.1953199767366698, 0.8005939235478081, 2.3137235991012517, 3.3129423508987657, 2.130617599704067, 0.49588067096277655, 0.7859650429827241, 1.4210588354542324, 2.7040157842539543, 4.5752729724214305, 2.5274793198132954, 2.006400919695693, 2.2362014679124513, 0.6454523564731005, 1.2020656678354271, 3.1977273657160197, 4.175972298448471, 0.0, 1.3855849943419685, 3.277337216058214, 0.9549583144879534, 6.459864055215604, 2.03193238103637, 0.7020985117915188, 1.518334886669436, 2.983978964055922, 1.8588498024770104, 5.003701961761948, 1.231257725998944, 5.71428955989964, 0.4928262379261241, 3.920272824635788, 0.7876314910497797, 1.3010921277265481, 3.0655800577563355, 6.321144992009181, 0.18596191125223527, 2.8963721882653886, 1.627266935914946, 20.488353861608516, 29.23145090800722, 2.8249370373580405, 4.095597844500162, 0.2220562019863337, 3.542517683323922, 1.3127899129560774, 1.6888531081517044, 3.576676875353371, 1.9182741173012232, 4.659044625108095, 2.702720357588305, 4.936026018711175, 0.40173733921346866, 3.536278139977128, 0.8985385726233517, 2.4309543621311605, 0.10639042629850337, 2.136387017130346, 1.3325108398883003, 0.22897455824562485, 3.0797482379741723, 13.492032247504483, 6.4329060720957045, 0.19147728457937774, 3.840385242831701, 4.187457314294647, 6.568747415049444, 0.22459446015952267, 0.9230352815926892, 1.7749952974525058, 0.4283938808402752, 0.5411604624974302, 3.917021880453035, 0.7457547198250722, 1.239884031495592, 0.8513673459813162, 1.7191279568331765, 0.026646195047248966, 1.0038335119302246, 2.0969969609029135, 0.692029474725814, 0.6060067899618389, 2.916773132673768, 1.9035738047343216, 2.9878124903946173, 4.2904805917712, 0.5408076152386059, 2.8773469523836184, 0.28289897233673855, 2.3805081170776816, 1.2184860432446385, 3.268788846737209, 1.508698104064763, 1.1407219827193558, 0.5269547698927681, 1.2423214560741371, 0.22348591838624543, 7.63473771300869, 8.80318128792095, 5.009577816075591, 12.54854875281012, 2.2301987524127185, 0.033207628880632, 3.4864989345039135, 1.4595049409515468, 0.6199485085335823, 0.9957168111689612, 0.8085920338001529, 0.8855630332553801, 3.230590094166274, 4.052720294930197, 3.1838586215666567, 1.0610605840722087, 0.44453482827657353, 3.005149324922087, 3.8989056959800337, 0.2725563046794832, 1.7847584656924482, 0.7526139303510035, 0.8385947449362732, 6.59856813597915, 1.1488494974553873, 4.438723624668313, 0.17495988416331443, 8.866763830767837, 1.1813591247836257, 3.7354255375319667, 0.8401754424870376, 0.7889160781841724, 0.8336645003827527, 2.24058767844744, 9.139681002868834, 7.5723693242680525, 0.0, 0.0, 0.0, 0.0, 0.0, 0.0, 0.0, 0.0, 0.0, 0.0, 0.0, 0.0, 0.0, 14.448693107347474, 15.875467705827361, 8.08115974574062, 5.851644108087839, 8.060890164222542, 20.75265173405674, 13.847233366651658, 0.0, 0.0, 0.0, 0.0, 0.0, 0.0, 0.0, 0.0, 0.0, 0.0, 0.0, 0.0, 0.0, 0.0, 0.0, 0.0, 0.0, 4.877673716276373, 6.398401110275426, 0.7234924060794583, 6.1325917545999715, 3.2075664796715273, 3.1740979768228215, 2.4378549360883426, 4.13409694337733, 1.8388577075953663, 12.150249706006463, 11.50694946600288, 2.5069976305203525, 0.0, 0.0, 0.0, 0.0, 0.0, 0.0, 0.0, 0.0, 0.0, 0.0, 0.0, 0.0, 0.0, 0.0, 0.0, 0.0, 0.0, 0.0, 13.147548016169253, 25.59268037016082, 3.151803660472467, 7.499430876082272, 5.463318859099616, 0.2239116236212908, 1.0644007268713267, 0.43079044737453387, 0.8869894073574187, 1.0691617683872892, 2.335221454747341, 11.382962793939782, 7.692564545849791, 5.097707949500148, 5.742377684853693, 2.484785429426381, 17.266706762116883, 20.53596652373895, 0.09319325271385992, 0.8952614156024197, 0.672479069651871, 6.429867161555038, 1.2611087826447118, 1.9292820639303443, 2.476950648471913, 1.4308768122951676, 9.887692862322325, 28.308872610844105, 11.815491364712784, 4.424383928705765, 2.5285340937505794, 9.74135299199446, 0.29191128421462054, 5.267008476314288, 4.050593540338468, 5.392312820980237, 3.3680758585891226, 5.428969937851889, 0.6726742786781301, 1.8463408920960092, 0.49413060174771317, 1.1155457285281614, 0.2617251538729306, 1.2610706051348757, 3.446115157541385, 1.1562622988050748, 14.137844710350862, 14.233299605195953, 1.2848374597101166, 0.0, 1.2848374597101149, 2.497976889125713, 0.30736603361943793, 0.0, 0.3073660336194415, 2.4979768891257166, 1.2848374597101166, 0.0, 0.0, 0.0, 15.522674144508784, 25.592770596177445, 1.0110068461142419, 3.4846309047250656, 0.6568106907687934, 0.004589869327219276, 1.3640242993882907, 0.1490921044169795, 0.2509013613115201, 1.717205039071814, 1.906880522528695, 3.0486196578204385, 2.586522163333427, 23.962163717553466, 14.820520304366823, 0.0, 0.0, 0.0, 0.0, 0.0, 0.0, 16.38554268795395, 16.55678655168404, 10.018292673783492, 5.218897610651311, 0.6296165615025302, 5.635551323233983, 3.628427142305668, 1.296865936240465, 3.8787529801267624, 3.4837192146817415, 0.7265933068451886, 12.278842249177956, 32.2970242959461, 15.904359135583832, 0.0, 0.0, 0.0, 0.0, 0.0, 0.0, 0.0, 15.664991332287869, 16.292418982557308, 6.216621394800143, 0.23981332900279995, 4.472634250954286, 0.2560571684342108, 2.5379734691303497, 4.234510807757999, 1.1348009757613795, 4.040654333578573, 3.8441451075923396, 5.662144873566319, 2.0650107271058005, 4.546900356679544, 1.0046030548503495, 8.006338805027553, 0.31256215475923455, 2.0792571676957436, 1.4239231264389787, 0.6910988558409485, 1.4419847993049757, 0.21182231070787338, 0.05135963282418743, 1.7086042618958572, 0.23768288680855676, 2.930265413943232, 0.41516792948436887, 0.4755274542926031, 1.0224578841741732, 1.8185320605677475, 0.8564627878873807, 2.6746865008002487, 2.105374983649085, 2.5767071907341403, 4.763638527413775, 3.445944489311273, 6.141306658547194, 0.008656473885281457, 1.2053518553107665, 1.0351186919313022, 0.3339056680186445, 4.623949195719206, 0.0927889494166152, 7.024975792808959, 1.7050999989343154, 4.717532994136832, 10.246493097472609, 1.7536932314843057, 3.34941566144488, 3.000505979947121, 1.8798110968207808, 1.4848117859052081, 7.331994813260522, 7.596808373669305, 2.6652016231003017, 0.40084290576746184, 10.336994828864533, 2.125828058397019, 1.542583140806272, 6.778724493310079, 1.9330040699078381, 1.1852561780187756, 0.018767621310658456, 2.0291204009816397, 2.151052119805229, 6.299627595947015, 7.903353384086046, 1.968010302612015, 1.2836092167887898, 1.4884653437669044, 3.2630181061977055, 0.3520679699686866, 2.6606838386823597, 0.3793929376028018, 9.882281004249876, 1.428316622554462, 3.121121015895369, 1.4722626212309535, 17.96651237752809, 13.287366396220648, 5.7320668209850965, 4.699237536370447, 4.170274662367035, 0.35747828646958624, 0.5112827767068211, 1.9431213020515656, 5.210162955155511, 0.11641850865333936, 10.689598274513457, 6.393175698618165, 1.877310584978602, 2.7667290596817224, 0.18567612026981806, 10.050364858801458, 8.062628211989306, 5.74495694919176, 4.561442639754887, 8.047727658418694, 2.396784191521988, 5.678625998306018, 7.438566147991537, 0.6834763785436735, 3.2890685074548287, 0.05375361897642961, 1.8257863221950288, 0.8275695699106791, 0.3023731856757763, 0.09212367507535646, 0.06257922785721348, 0.2519862777427875, 6.696375199115721, 3.1404158225265064, 5.631157627017046, 4.442965564788324, 1.46991897197762, 4.225519200676331, 2.6028112502736462, 3.1101465756029256, 3.0339295438132012, 4.504599011233552, 3.869028944352749, 0.7295436233917485, 0.3801644462016611, 1.5007261361230917, 1.1587008921011375, 2.0645827941070536, 2.663852871064421, 1.5393720285076142, 1.9933448822465039, 2.8621786711360926, 1.4122960534928382, 1.5354874147610644, 3.6016154113976313, 9.403402038615184, 6.069497463600555, 2.562645221781338, 6.048634368537478, 8.731105655407447, 2.9256688948437954, 3.48125795539147, 3.128025994960865, 1.1077118075063481, 7.612506450915248, 6.084959693744111, 5.448617228188368, 19.03608269762009, 1.2449525946611288, 12.720874149227427, 7.0141721277947795, 2.5640505734076555, 7.702757356699237, 0.5904961345050879, 7.502914874287967, 2.388551961899225, 3.7051431395545364, 4.285134730291816, 3.9365824594827927, 22.230950342165613, 22.798439809275465, 1.3189148344341675, 1.0326867772064645, 0.7434576093133103, 1.6630141833961147, 2.7060720404604695, 1.7734471717904512, 2.9617247881485014, 1.0624726868293166, 3.42628358085679, 6.791613152102968, 1.3498361558754937, 0.3157379063763699, 0.3965413585547424, 1.847753469031602, 1.3308536796593557, 0.06404917618419859, 1.0931124622179027, 1.4478902830369975, 1.3921662975180595, 2.672355128429814, 0.6473993287724227, 0.4074658006827008, 1.6658801196214768, 0.08642645228894708, 1.3043328530151257, 1.1356657152135767, 1.0003031008304788, 0.4281685094889838, 5.1991895211992585, 6.618037282902634, 4.781636099600789, 0.3838206606634813, 3.784618033639596, 2.4979768891257166, 0.0, 0.0, 0.0, 0.0, 0.0, 0.0, 0.0, 0.0, 0.0, 0.0, 0.0, 0.0, 0.0, 0.0, 0.0, 0.0, 0.0, 0.0, 0.0, 0.0, 0.0, 0.0, 0.0, 0.0, 0.0, 0.0, 0.0, 0.0, 0.0, 0.0, 0.0, 0.0, 0.0, 0.0, 0.0, 10.928743501718579, 12.027931529502183, 4.004109721387181, 1.7198580390815437, 1.5354716819066425, 3.65852694534658, 3.6394472361248518, 0.24392859649847765, 2.2281265025812615, 1.8693993271013198, 10.77809362539648, 7.7676450815545195, 6.432519916439105, 6.730257481786282, 1.8334034225502194, 1.4598100174212902, 6.2666232535194695, 3.746841163873455, 2.233987952893301, 2.3809857695522965, 2.7760363326742663, 7.693507386810381, 13.119328306727922, 4.87767371627638, 0.0, 0.0, 0.0, 0.0, 0.0, 1.2848374597101166, 14.650285152810511, 14.55271754350872, 4.796915951228243, 3.4456551443087733, 1.3615725314383553, 0.44096614745859597, 5.256404781517006, 1.6866902688320806, 0.08408655575016155, 1.6367609635642566, 2.5199862464788794, 1.1627845918579283, 5.522136221293579, 0.701510033267823, 0.9078933286867823, 1.5074899163593045, 5.034424992075799, 1.85408678692977, 3.768361754739658, 5.1961428856318435, 3.0258227538736264, 0.06880476532009538, 3.4619085485831533, 14.277267869621184, 10.220601191693198, 0.0, 0.0, 0.0, 0.0, 0.0, 0.0, 0.0, 0.0, 0.0, 0.0, 0.0, 14.782272384397857, 13.999873339948905, 0.4674849458440349, 1.9182982601681715, 9.359981852987517, 0.24783275694557005, 9.167093662798209, 0.17385431899043624, 2.6390504255144833, 6.304635004900092, 0.22804513044508212, 6.21609706347914, 6.168229360821897, 0.1520572578683641, 2.2967465341275783, 1.4353819621422872, 3.999919278116181, 0.7450568741680854, 8.531329106181033, 0.42981289111105525, 3.283955349539383, 1.3249894311877597, 0.10353275920482474, 4.025639736063283, 2.363846652478628, 9.417116169179565, 2.4297609240360885, 4.470559936003383, 2.52198637650298, 1.5265848113818379, 1.7787891090479775, 4.086880945687938, 3.866762699822914, 3.6219474143765353, 1.7499902091726085, 1.608839261950834, 0.41957348974864317, 0.25178163949112786, 0.6192875275303322, 0.6139852222374884, 2.7865670012739088, 0.748979578328516, 4.747229832687054, 8.605271927275112, 11.756436688250687, 3.286029047943714, 13.54806758342977, 2.392508656287305, 13.315218221089765, 10.78115135304779, 1.4246566980729085, 2.837436321376913, 5.395503208773107, 17.66521316327166, 2.444234652421841, 4.328917629569702, 4.064911359772509, 7.596808373669305, 0.24957802413541685, 1.8798110968207595, 1.0922483215908727, 1.8798110968207595, 0.23636196711051127, 0.7993110065361009, 2.3088679932105123, 3.072040003092482, 1.4390392825645506, 0.6647466767733761, 6.472251418963992, 16.306829905256308, 9.335490767799683, 1.5679753656723392, 2.7443631935964845, 1.6769417503378463, 0.24325409110667806, 7.758668044360832, 1.4852601413824686, 15.676312392620673, 1.737740343642031, 6.6701767992664145, 1.8500747874411445, 0.34467652568855556, 4.711119411719039, 1.5035509026149043, 2.5669210964035187, 3.5731393225863144, 1.2025683164963539, 6.30500866323581, 4.2338681017420186, 2.1323265029782874, 1.9431341190783087, 0.2277459554236998, 2.9857889457099986, 2.2157730146817016, 0.7572585213247294, 1.8984771005557946, 7.969725976294228, 0.11463095361960995, 7.008353724778885, 4.051672267451352, 6.270653727377635, 1.648727023646643, 6.744384356867897, 4.331507053860321, 0.666322212126147, 0.3704048435788536, 0.7443557994797061, 3.1847705391620593, 0.21244524471711657, 4.206093836333196, 1.933493193242441, 0.8713579492819008, 9.411151921267674, 1.3680453200490206, 7.795609956735177, 1.3805064042123831, 5.335529539363847, 7.802936753280505, 9.502143331982438, 7.385190966406526, 8.558250207358128, 4.995002068960844, 0.8169077765655857, 3.8251340898800663, 1.7277854617729531, 1.8006187672655187, 3.8714407979384475, 3.516316273796008, 5.5060984425271045, 5.0678737284430895, 0.5556146712652321, 0.5667377465618983, 0.2652822371242678, 3.0936864506945767, 3.452878569105451, 0.5581739521078362, 2.8819985387210068, 1.0957834010707757, 0.4826363944680452, 6.237629617396692, 8.780841026140536, 1.6661419873226748, 1.0650851931505656, 1.805091555483898, 5.573437028688318, 2.623211976928559, 1.5267988247748576, 0.6863695869657818, 1.1854659902009814, 1.7083553563626594, 2.1234316683769237, 0.38164659517232735, 0.4281685094890406, 1.911549426632746, 2.077299890864765, 1.1975220137883014, 6.165785337749298, 1.2796746978528972, 0.3268239687638186, 1.2796746978528972, 0.6341564917802032, 0.46520062938498086, 1.0254261565772254, 0.5727133075798747, 6.94510084029929, 8.533719913728646, 2.3105767472905256, 0.19137639459114553, 2.3105767472905256, 0.687962894410191, 8.38937001728425, 7.956089437386538, 0.1767036549297245, 3.954411663361725, 3.548828763112681, 0.15150374319716775, 0.6675561235169312, 3.732255194980553, 1.2150479242592382, 2.4619438983081636, 2.648881189503527, 1.741915759750725, 2.380041875817767, 1.5922490877948121, 0.006023531706318863, 3.034740400237979, 9.045743426227034, 17.76186912345389, 12.123364477248096, 0.0, 0.0, 0.0, 0.0, 0.0, 0.0, 0.0, 0.0, 0.0, 0.0, 0.0, 0.0, 0.0, 0.0, 0.0, 0.0, 0.0, 0.0, 15.558629301206125, 18.240505800803817, 3.076781088449593, 3.1831921051767154, 0.6833018124422665, 2.5348088973238987, 2.7671693983077716, 1.0599812176105274, 3.64915830337452, 0.46121298365306984, 0.9347400682610782, 1.4305039656521785, 8.354667220465785, 0.8996094764818281, 7.678702037306209, 2.68885248813163, 2.802109641430775, 5.391837994026304, 0.8975700186286986, 1.1268223647702484, 3.330250928972731, 16.418157969187178, 13.77576472616012, 0.0, 0.0, 16.275106527151507, 19.583359953390243, 7.280624848278308, 0.9749656715173955, 1.8229998465014319, 0.31348223667532693, 1.22719397383878, 1.3970481069694642, 0.3218425201984587, 1.135600409468509, 1.5894505575391804, 5.315611476010645, 6.137066954376394, 0.4799663228283748, 0.2945699420995993, 0.955532928359645, 0.8811615241737627, 11.498260216703613, 5.81961955811596, 6.892794506337509, 7.659960582333895, 0.4868920144051003, 1.6088778817679952, 3.7172530704455085, 3.5312686058256872, 2.560315995662677, 3.1464840056886487, 1.748522034657924, 1.6959131086348975, 0.21154345082715054, 0.966380877706797, 0.25847989330981136, 1.2202857673295853, 7.180575409874564, 2.206007148198296, 8.615014125131864, 5.120584118561794, 6.506031413465223, 4.467077453702132, 7.793079771481075, 4.1965795031775315, 4.852162338096292, 3.0843979069294107, 0.4224538299565097, 1.9046670119408304, 0.23289350208906967, 1.1938141819863972, 0.26070238392435385, 1.855365672029052, 2.5452292728732573, 3.8977295351725445, 3.1892445706172055, 0.8092080947709803, 1.9639170718112098, 2.2670794674670276, 1.2927490145993943, 3.18284621676068, 1.3872258995505717, 0.08461256330357969, 1.2461326308618368, 1.498842155252646, 7.33546746319405, 2.998190206039851, 0.8972895440362834, 0.08407250728870963, 0.7491569658444348, 2.4608254534049934, 9.793404953851962, 2.6766870855425964, 1.3564597774199, 2.7493215918763667, 0.28238222888833775, 4.73132329945372, 1.1955802797729689, 2.0832008511094955, 3.50109461320352, 4.069363052147082, 0.5647474395037761, 0.1861901649116362, 1.2422498560955546, 3.5368566563017794, 1.3001253991517956, 10.572138231810015, 0.48117886010101074, 2.7974704198921927, 1.3294860556126764, 4.450262064618016, 0.9346771834079846, 12.138594503648761, 19.601681789097427, 20.73612458771737, 2.1145170860595215, 2.5632807592444067, 0.8267507395937628, 1.728534274031361, 2.1971212750498097, 0.4834863021940521, 1.6275583178703812, 0.8935379876053418, 0.14344774968941465, 7.348803059756193, 13.53950787500898, 0.6580252365823185, 6.269973000948369, 3.152404197670137, 2.056423975767757, 1.813074984989953, 2.731789837689149, 0.3758424902868285, 0.3671210806700458, 1.1080087856612693, 0.14336121078440556, 1.0402179442310455, 4.0621795230156295, 3.008981737321733, 1.634876983563231, 1.515102160031745, 0.5487313159076166, 1.053726458413223, 2.9921909042292043, 0.5001929361460213, 5.559736851500446, 2.1612123343670078, 1.6659209437107734, 0.60632031747366, 1.6721838324550617, 0.5570971201171915, 1.378863154280623, 0.08701531802569207, 0.25184931138358024, 0.2063811259955628, 0.6091933033849841, 0.21456977407558497, 0.21818995621899262, 0.25030577045200175, 0.20540036253007088, 2.527673233087171, 0.8571718744219652, 5.54267895954942, 0.32006721406230554, 4.606874653184832, 1.0457370710319367, 1.4640058707269077, 0.5927569060119708, 1.4433221287357867, 2.3740192271385467, 0.4928488697818807, 0.9081184125000732, 0.7395003336971513, 2.1018495028173447, 1.162726911586617, 0.7311160210373089, 3.076749844590637, 1.4824386269457364, 13.469625964882425, 7.4636303646118165, 0.9632710371920155, 2.2192648704260023, 3.637967702967785, 6.78915309841085, 0.5798522997725968, 7.275659057721839, 14.783001944168461, 3.0210790257889073, 3.7349475655660456, 0.38094421924154176, 3.2743458894787807, 1.734174656696183, 2.9404622750506633, 14.3899002050602, 1.3472308876632724, 1.9921110559460544, 1.6485079137099774, 2.0827815148556965, 2.8519246973306736, 4.860853404374552, 3.5004815346698024, 6.076402082713287, 7.57800919299973, 0.34574151286403776, 4.473257841632062, 0.7488634201386049, 0.9978699706994121, 0.19076876797129216, 1.5622211374444532, 7.287567473008153, 0.42128145003704276, 9.640265398143924, 2.5622401676824325, 0.7298459885589637, 4.784264318784551, 1.882077270081652, 1.3468333555927643, 3.018147059162345, 7.34149287028535, 20.752651734056315, 15.135881025467896, 0.0, 0.0, 0.0, 0.0, 0.0, 0.0, 0.0, 0.0, 0.0, 0.0, 0.0, 0.0, 13.150747031250987, 13.150747031251008, 0.6032911329149329, 4.6616435155295335, 0.929718534844767, 1.1496103818776078, 0.46499776266176696, 3.4317925357754575, 1.658600290809943, 1.8374860369364114, 2.741170410123459, 0.21697873151492786, 2.601271922287623, 1.41958157696331, 0.3265589967786582, 3.1486119520471902, 0.9367177780092106, 1.8572142214136989, 2.7727734188696616, 0.4139101633244877, 13.207962612777607, 14.383979717192716, 2.689070859617914, 10.07216401559296, 0.17844578326082683, 0.5220546221956184, 0.20587941289926448, 1.7834909147874072, 0.8339841711265592, 1.2941037992744526, 7.970298285821286, 9.954393820266404, 2.5641328285985026, 2.0815769998823157, 1.6032540807304372, 1.8926365004589343, 0.8005939235477513, 0.6041831999854423, 0.023189873783110215, 0.6041831999854139, 1.9652587483770674, 2.8604096638601675, 15.165219182468007, 29.54603833665817, 2.274769668539193, 2.741016334082019, 1.4169254716043724, 0.318295520861426, 0.6992436217346949, 2.485722836697846, 2.9297851815537967, 3.0519803737807365, 6.984391681227578, 4.383023937387094, 5.457186982500559, 0.9296732586522012, 11.719844401311775, 1.0052937407012337, 2.554203080444154, 1.0375013567118003, 2.325214282764989, 1.946146998248878, 2.139414889802083, 5.458809979809388, 8.875612881500132, 0.5803544280104518, 3.772036335710709, 1.0905270736495538, 1.3338155202738164, 1.5122228669320066, 0.041612841235348697, 3.9611663957288386, 1.9743928019762507, 0.984667319417099, 2.5159152706488044, 0.4953313063457472, 4.928693527798316, 5.002814238338033, 0.38128520159403934, 1.859995709558575, 0.0001534558750222459, 0.2598549993593906, 2.126884557053131, 1.6092435131620277, 3.880169299816629, 0.38481834630135836, 2.955621242768416, 0.3700934375303575, 3.143379441504237, 1.2860849429884524, 1.9827735968230513, 5.815860913768631, 1.6177095001579573, 6.572582461124, 2.878688263094091, 3.1948111366867806, 1.47452266459905, 0.944260744978294, 2.9580642926028418, 6.2396635069529225, 1.563241054045534, 1.5247330210341943, 0.40615194115574127, 0.8659111332078169, 2.7446087460582476, 3.537454516517414, 3.632859970841537, 0.8294880426609552, 1.7808210536762772, 1.1023517062223505, 1.1711329583437475, 6.55653797626826, 4.798908221694802, 1.0642956423853036, 1.4543277267629549, 15.571917246294703, 15.413990934624309, 0.0, 0.0, 0.0, 0.0, 0.0, 0.0, 0.0, 0.0, 0.0, 0.0, 0.0, 12.753124856249912, 15.824734052579842, 2.7278947062588657, 1.6406103354084962, 2.0363417031763618, 2.3075708290882915, 3.1154015158675747, 0.33217644233957344, 13.80674751879917, 13.945443270001988, 1.2848374597101166, 0.0, 0.0, 0.0, 0.0, 0.0, 0.0, 0.0, 0.0, 0.0, 0.0, 0.0, 0.0, 0.0, 0.0, 1.2848374597101166, 15.188680146788741, 13.42558018483119, 0.08368301443476867, 0.5833741697069854, 0.9403142196649696, 0.3630397081190324, 2.376835730443929, 0.7287811993412561, 1.1249899240028753, 0.0929675553643392, 1.7166622145331871, 0.3176042771135883, 0.10442478438446301, 1.7133697313132643, 0.013229938746462722, 0.2977684736241031, 0.9914386311431542, 1.1592563512542142, 0.07483756900808203, 0.69276890416117, 0.07483756900808203, 4.935019318488202, 6.0354467906036575, 1.1498092952144816, 5.455375230055381, 0.2704992010926901, 6.727964473562622, 3.257833950563338, 0.4396998496222295, 2.5432429213531123, 1.3022416889482429, 0.3443415319770793, 5.828256165777304, 1.1931306638982164, 5.311043331075439, 1.937646223524979, 0.4527304971177273, 1.0653579859897775, 3.310651825479738, 2.1964603180787208, 0.8833802778451059, 4.285102273601751, 0.3045113581416672, 0.879024924209233, 1.721285476792616, 0.14841880777603933, 0.6880985784891891, 1.4448354522858153, 4.058091852243706e-05, 1.9643616033933142, 3.8583371426766178, 4.24984430750078, 8.920216815189121, 17.67628291374521, 15.434436922978392, 0.0, 0.0, 0.0, 0.0, 0.0, 0.0, 0.0, 0.0, 0.0, 0.0, 9.41143720645374, 11.528684089292014, 0.0, 0.6217834714610149, 0.446820123524887, 1.990293740409669, 0.03620616181900971, 4.455719724268846, 1.7122629709065507, 0.7432346242076733, 0.9541790895701752, 3.321431113359438, 4.4323961489512556, 2.6453321869603315, 4.266027201169095, 0.049752847876362694, 0.07376864448093556, 2.935862095477603, 1.1303444604487254, 1.49601673024668, 0.10939130368683436, 2.0687745348383544, 5.500905447218713, 3.670934247396218, 1.4420208227057856, 0.6260386374081008, 0.3581786326526526, 0.11820790094667188, 1.073135448668495, 0.2556693047373244, 1.3903569933016797, 1.118179140798759, 4.702824412959544, 2.490124377868824, 2.7682774170887825, 7.337911438983156, 3.0476719614172225, 2.123820229976211, 0.18745793897506502, 0.08598423801157651, 4.17677444189944, 1.3997976582835179, 10.952606808367534, 7.3785025685754135, 4.792797188333253, 6.694916725303841, 2.008039409113877, 2.937760996535502, 4.7510860504834795, 2.683995117574028, 3.0583123609556253, 3.0512658429450426, 5.181432841371901, 1.8451222263372529, 3.633608867288558, 6.416943878883814, 2.889682507117044, 3.322583189577273, 1.483483505859283, 0.9188509748422575, 1.4445798480605276, 1.2134743589640777, 3.6768117151058135, 4.3270016160443845, 4.422262700195972, 1.4346706744982498, 1.6907126714091305, 6.317496438597516, 0.3120390045535686, 3.8399762965762108, 0.09310284810034375, 3.3088904973907916, 1.0938285788432722, 4.9284394770361075, 2.978235160531085, 5.201347979716047, 10.729079288389414, 2.3038271856204915, 1.1526548629981903, 0.8112889955695266, 0.8575984661753466, 2.0629669303422133, 0.3180331779549306, 0.4690639714212068, 0.313578632295588, 1.8318156467788071, 0.41461821433199475, 1.898386170468143, 3.132663380339551, 0.4518123529480249, 10.399537327341164, 14.72770081226723, 2.5069976305203525, 0.0, 0.0, 0.0, 0.0, 0.0, 0.0, 0.0, 0.0, 2.5069976305203454, 15.350821709340522, 12.627737180756384, 0.44588628826284094, 0.8022236160639977, 0.18561291934548763, 0.988963352035114, 0.9964782332828861, 0.25401751740974987, 0.5455052018843389, 7.456650433184535, 2.8172908215534562, 2.8590131407707986, 0.46165349382692966, 1.0181091626050716, 4.964005382256175, 5.50210697569122, 3.424290806176316, 3.9546425021665357, 3.4201137431405755, 4.384331144538805, 5.895513916674247, 1.3138302486919429, 2.6755680109101263, 1.8694317696492817, 6.398649787193847, 0.44587702058001355, 15.906208612936709, 14.419556560062617, 0.0, 0.0, 0.0, 0.0, 0.0, 0.0, 0.0, 0.0, 0.0, 0.0, 0.0, 0.0, 3.4070298019537795, 8.679079625320497, 1.429840157265005, 1.1631444939752527, 0.8682395925872015, 0.18487907622302657, 0.41662957583841376, 0.19916337116399063, 0.6777805296560757, 12.027931529502183, 0.0676353820300335, 13.119328306727922, 6.523576405741167, 9.826366005716352, 1.5930087061174731, 10.265799132121586, 5.923443382614153, 1.372116107243727, 0.8265942213970732, 3.0094821450001916, 4.578739026571839, 2.6344678940584743, 17.105178427281572, 14.923042511888582, 0.0, 0.0, 0.0, 0.0, 0.0, 0.0, 0.0, 0.0, 0.0, 0.0, 0.0, 0.0, 0.0, 0.0, 0.0, 0.0, 0.0, 0.0, 0.0, 0.0, 0.0, 0.0, 0.0, 1.2848374597101166, 16.43199067612136, 16.64503332039864, 8.241759193440402, 5.827556166417821, 0.22135057768132071, 0.6653295629867557, 2.2737916092557953, 0.08316247312629343, 2.3221999721465636, 3.857443450402542, 1.2871001369997828, 2.0269565741290307, 4.326160770854358, 9.71783964432376, 1.1090222422537863, 2.2230540424318974, 1.5430377439886342, 1.1283063974083802, 0.22748395448343217, 1.8242941342172116, 1.237763249614943, 2.026793589262809, 5.681292477643979, 0.5548324308166457, 4.52229233303828, 15.999318775579752, 11.41569264947023, 14.955907323028882, 17.99756935375794, 1.792253991498029, 9.508681840486105, 0.6282053280854143, 5.351578502928874, 0.9098189124611906, 3.301279548255593, 4.957442315625428, 1.4450495565629353, 4.0438358436390445, 3.2247264971537675, 0.57207755396621, 0.39514358574410835, 3.445018047444563, 1.5406941450668228, 12.57882211192458, 7.547568354899681, 4.227881900281432, 0.07689007151446958, 5.938037886611937, 3.1935641246056434, 1.3902864124003997, 3.598430964059645, 0.01341808066135286, 6.284801567430264, 0.9961709778689283, 4.221643752447591, 1.504483541836919, 1.033113115685154, 1.225953296021089, 15.740878287559156, 4.172381762508394, 10.656898387671689, 2.761843662337398, 1.8032055184741864, 1.2291861322107707, 0.7565285793158978, 0.4803899883465874, 0.15912680789688238, 3.3137394261070483, 0.7491569658444632, 2.6501800655575494, 1.8762203649699245, 0.6806510863383721, 7.377498890710001, 12.585079541570465, 2.5069976305203525, 0.0, 0.0, 0.0, 14.567463740055935, 15.840561231019478, 2.6245233205222576, 2.9239116065782014, 1.9810064359616035, 3.4952143130369677, 7.208528747028595, 0.05821991096050283, 3.4837925516374924, 0.44517578857346507, 3.574081816173191, 5.652811653259334, 0.4952290716597645, 2.3171506671977795, 8.58351996617489, 0.5946627744436341, 6.756766695534736, 0.3201693683154758, 1.6614458303001243, 1.9095402285708758, 0.7073648403617199, 0.29735637751764443, 8.115366832177756, 3.4988969731584803, 2.921847571479077, 0.7352177299875962, 0.62334627550797, 4.786137839626576, 2.756774252174637, 0.5587408926841135, 0.5865012165965027, 1.6694212008185332, 0.5836116807194571, 2.4727965706617, 1.5410759940698995, 0.3994783983788466, 0.16707859485978815, 0.19714974453472678, 1.607721543388152, 3.0070175317754604, 0.4218350279056722, 1.6519458478773004, 2.323366822775455, 2.2762045477334993, 1.451050625230863, 2.5112203414673786, 0.8209183895860974, 1.6868591157101207, 5.259022858884947, 0.5944420195586986, 11.432724508825743, 1.7282477620661325, 5.0713823433897005, 1.4420025724963352, 1.0526069251498598, 2.089600122358746, 0.3238792935763115, 1.0173946566002883, 2.3659973744758815, 2.1025966866407657, 0.32129159930528317, 0.43947115871992537, 3.2424957999612047, 0.39225569707357977, 4.382344827388351, 0.46506579673186366, 1.5447952712241886, 3.0631151454213494, 0.6046994249230977, 4.7056839774751325, 1.2803702500147267, 1.2056204358216007, 1.7403974722849966, 0.720075080170858, 9.447430364120208, 11.037670620310251, 1.9815827241229158, 0.6864011979677684, 6.85162216338577, 1.147415101788738, 9.282820761268567, 1.0448767429557506, 3.421949260266615, 4.067488523487384, 0.06622274782023396, 2.7107150508385303, 1.055032559272604, 0.4820643636788873, 0.020939157780048845, 1.4188627842968344, 0.3130986196371168, 0.4345325541089551, 0.4310121725585532, 0.12779787073247917, 6.815815366528398, 2.670604960824221, 2.3405302323776027, 3.5028187514675153, 1.2221716513243734, 0.25733879889676814, 0.861489861566497, 0.23227314040303781, 0.7617014566581588, 1.1658522232358166, 4.923539924186173, 4.443774890278064, 1.687969991875093, 6.661449099003221, 8.870241447095054, 8.86058401534271, 10.126035411235875, 14.791368902596332, 7.838061129191601, 7.8572474151688425, 1.5389389670930314, 0.0783418374046505, 1.725189145753717, 2.137176887996816, 0.9379150147740347, 0.3876743032776062, 0.6532056500167869, 0.5930870227496712, 1.0294426979313585, 0.4485387027435763, 0.7199285417504484, 0.5046588327431891, 2.205086790639257, 0.37793758789251797, 0.05298922279547469, 0.6947359623199532, 3.2260798815199223, 0.3395184755338505, 0.4025407008434172, 1.429870544529905, 0.3917682127627984, 1.5096653491380891, 0.15084659384748988, 2.7186391415638695, 0.572769869835497, 3.440329474428438, 1.2868402974542903, 7.721110695529433, 0.6591984879462984, 2.512372488187566, 0.08149383874311411, 1.6012741842297942, 1.2416381739240023, 0.0601569740074126, 3.0521314786982288, 14.872011814468522, 16.022149127691033, 0.0, 0.0, 0.0, 0.0, 0.0, 0.0, 0.0, 0.0, 0.0, 0.0, 0.0, 0.0, 0.0, 0.0, 0.0, 0.0, 0.0, 0.0, 0.0, 0.0, 0.0, 0.0, 0.0, 0.0, 0.0, 0.0, 0.0, 0.0, 0.0, 0.0, 0.0, 0.0, 0.0, 0.0, 0.0, 0.0, 0.0, 0.0, 0.0, 0.0, 0.0, 0.0, 10.220601191693184, 13.359752122784315, 4.715917807357073, 2.0600858235215753, 0.35036170680490386, 3.038701479651081, 0.7738017415162233, 3.1548596196556673, 1.1130763253194402, 2.2088652741261683, 2.573604812978232, 1.7043378744615154, 0.24935785058502802, 5.531371004918924, 3.4228547030974426, 6.90303342891508, 4.964882982860104, 15.085731291187528, 2.6109863175565806, 2.487193222094021, 6.696301914821618, 6.099689468895008, 3.2024610482489493, 6.230120437177391, 5.392846955769755, 0.9172855369940862, 1.7593444078251537, 1.890911799333935, 3.6722364201131654, 0.3377718087029393, 2.372981868263423, 0.628736185181026, 3.048588246461918, 0.5655381574352987, 1.2132959064477404, 0.2766623801427954, 2.0208718731062163, 3.385427320723153, 16.20398424024947, 9.901649205481945, 0.0, 0.0, 0.0, 0.0, 0.0, 0.0, 0.0, 0.0, 0.0, 14.74545723973236, 15.69568046571527, 2.6372007846486554, 0.573641582806431, 1.7044565165972472, 0.47317147711351026, 6.125948170104039, 3.8395825658088256, 4.781813562550838, 7.504257463552847, 0.5735682149518198, 5.923903372126347, 8.427504040792996, 11.584001942935288, 0.9706751496228776, 1.872533535134835, 1.500970723499563, 5.971710016157743, 1.6547812713029657, 14.326042436740352, 4.480019716628135, 3.342967717289241, 4.279285069801858, 0.3443413831742532, 0.5127378871452493, 0.7278668978742076, 2.249644441415512, 2.242075125671306, 2.490081487673592, 0.8777461642779372, 1.6659650482493475, 0.3104882942486711, 2.061164905951216, 1.53547175010533, 10.46782562911875, 13.30841476624687, 1.034096554267336, 1.619704264492043, 0.3688572086541626, 0.11031811762190102, 0.0068043875042747, 0.6987669909556615, 8.614792777097406, 9.8939186431179, 0.1248367827012018, 2.2931571990300057, 0.9317979255855136, 2.2931571990300057, 0.9397183471398307, 2.534236038004508, 2.0290113077752494, 1.6760054657584362, 0.30344272348156665, 0.8935379876053133, 0.45711863628370963, 0.2020299602923643, 1.8500690387033671, 1.1448419910073113, 5.317147012639268, 2.352525304483791, 4.042269404315007, 0.6718067064217905, 0.3652471837427669, 0.41217631599059246, 0.4205737913130321, 9.101902800025243, 16.78056669942822, 1.5580880934744528, 7.464470524058072, 3.6525925398749166, 3.2598933471072655, 5.2566345660195, 3.8284005534789003, 4.816144167156153, 6.971204010777399, 0.0030392296271770647, 4.013144649812517, 1.7355874588581344, 0.8480507676327704, 0.9567676806388477, 5.054304539121631, 4.689816589752581, 1.8086494228689531, 0.07087991332807064, 2.371384569716099, 1.35507360235178, 1.1626006584182278, 1.0296226617151376, 0.23940855849041043, 0.4042745728665835, 0.0691595290225564, 1.7946723342609232, 0.7821308364665356, 0.3498686604400518, 0.8481659034828795, 1.7997575338807366, 7.325164748994865, 7.471043438469621, 10.850469719894306, 5.1087438758068515, 4.93085427710281, 4.500716146686386, 0.7944076168016068, 0.4018481298843426, 0.5379236733654125, 1.4814757716696931, 8.142492283547028, 7.926082795068453, 0.17761611652096576, 0.5193200852061182, 0.9904483749293433, 0.05095712446740208, 0.6474898262172815, 0.6300760499152034, 1.6250015454403979, 3.729862030737479, 1.321421669510471, 0.3824433233306763, 0.7440293635954731, 5.621961974128112, 1.9644322668414134, 3.6967990690928048, 6.93284836157008, 10.676580359181457, 3.4548994707057545, 2.2936896299026444, 1.5155946983010153, 0.23980059955249544, 0.17409411510556083, 10.071343732601349, 2.6956942711409226, 3.9689503603561604, 3.492213779565077, 0.5463672471803989, 3.0032219106562934, 2.330122278882868, 2.548637947695255, 1.2453641084728702, 0.31573790637645516, 4.7605724378938135, 4.388232261266438, 4.322673287812904, 0.5153943955006071, 0.3340950475511022, 3.118477463104142, 2.230128005779278, 6.259089673633497, 2.3258574574093416, 4.90658943466039, 1.6035944724156366, 8.35880550027008, 0.9414005262454452, 1.1755220635640171, 0.833519874918693, 6.748112012975923, 2.276293756311901, 0.2568391830241694, 1.6847181228070554, 4.039618936752845, 2.5224450369443616, 2.2155034252984365, 0.461633163059048, 11.41200186777013, 5.137385501676249, 0.2682200150816243, 1.495295885021136, 0.9181627750299981, 1.6230564865640815, 1.2223802554286465, 4.677114127771091, 4.2551199649184355, 1.900447532161877, 1.9177064883307935, 0.09056744579976339, 0.7269869484530318, 1.6632443087577542, 0.4518320444630888, 0.17876418676496542, 4.336053444121177, 3.180960593588509, 0.6453017454043675, 1.860662221344512, 5.534455824043789, 0.13468306109652417, 8.053008061563787, 0.8736631861020214, 0.9253898976630239, 4.332777699546739, 2.8271071019938745, 0.6573272482025061, 1.5134313235481613, 2.60402706815799, 0.06047802153337045, 2.5437831231006385, 1.7908711198259937, 1.5785551087164151, 0.835058582828367, 2.0527403743338937, 1.2846691092208857, 5.009097298051927, 3.7190592064125667, 1.5332069652143332, 4.283416229189868, 0.6576434307166608, 2.2735999784896705, 2.1874493145763267, 1.9081655111953921, 2.850587517527316, 0.1991082216469522, 1.5282988682608618, 0.8602487142661062, 0.2680877160145201, 0.9898900948327878, 6.71406236392977, 3.061465058491592, 13.090644536828904, 8.348597974837219, 0.6877187863299241, 1.4701307595350954, 0.46831979694235315, 16.119913661826814, 2.934381658276237, 9.722600709876666, 1.5820571068467757, 1.3386201865730527, 0.5340956457372954, 3.165756550927142, 9.691787254355354, 5.030878706516376, 0.0, 0.0, 0.0, 0.0, 0.0, 0.0, 0.0, 0.0, 0.0, 0.0, 0.0, 0.0, 0.0, 0.0, 10.220601191693177, 12.79629155041495, 1.694192067466929, 2.0322830960502642, 0.7429574965902646, 1.6776067319281935, 9.61802033151281, 3.48091198600099, 7.156961989546005, 6.813583006446663, 0.5832318711041466, 2.955943539957559, 1.903350142834256, 3.346036801291916, 12.736122084448198, 5.0585284312402905, 6.345913681989657, 5.596054147263487, 6.1578592343116725, 0.4795800604555325, 6.592830811414274, 1.9999281397255686, 0.6605336705075047, 0.6946189271428125, 0.7140357794109491, 4.792997445257868, 1.7082376801492956, 2.4953743698135895, 1.6518581467836952, 1.2265928656249798, 5.441832286023356, 1.4421047252571952, 2.186406177620512, 2.229748474656958, 0.6230144625674825, 3.390273759837811, 2.9054378222400032, 3.34723546605278, 3.6362057066977798, 5.167344671152989, 3.5024076716066475, 0.11398308878651164, 0.2896057354855657, 0.5994684006736293, 0.3442415525139495, 1.3459808848386388, 1.5754437424137109, 1.582052621495734, 1.5477582594145076, 0.4822154333626827, 1.074341498644003, 1.9609439709055323, 2.3059115272568533, 1.7080565002498815, 1.952572977148293, 1.395027796970794, 0.9277705200188393, 4.932736575486501, 2.030752258697248, 0.027013313314796505, 0.06282814977765838, 2.057419324782586, 1.0195283561323265, 2.7087696371854406, 1.10110958057993, 11.307327895755918, 4.067767012398662, 4.236676496452304, 4.929351233226981, 4.819287370019879, 3.355708414035007, 1.48932186242385, 1.800909933247425, 1.219223293969577, 4.284252518119217, 1.3925282742403056, 12.248543242073652, 6.919417463818874, 6.668309680593197, 8.30772217695872, 0.7466576494588821, 3.1413162211599257, 0.2822539352654303, 1.2077918843774427, 4.068051341344727, 2.789680955040751, 0.5998465521847152, 2.6477592776285803, 1.4181385401567752, 4.839358340467641, 0.8336645003827527, 1.8755186666337806, 3.4484430059587794, 0.09271550058321054, 17.173164707529594, 14.874424787621848, 0.08286409749678114, 0.06940628320364794, 1.8452300601830416, 3.8444415803787138, 15.531221015335788, 12.976996257800522, 0.0, 0.0, 0.0, 0.0, 0.0, 0.0, 0.0, 0.0, 0.0, 16.059217938640884, 15.492064248575119, 9.441395451230989, 2.6076664846772246, 1.870920209720623, 3.2123441497291765, 1.6628178109525606, 1.0025578894817215, 2.5189550350991112, 0.23791339797588762, 5.845208677967207, 2.6028909031970784, 5.6658197041709855, 7.239321992666191, 3.7639740660098937, 0.737428417069566, 3.8566543878039283, 8.917580237345305, 1.063465538652565, 8.906906605849116, 9.084939944851271, 0.020855327710251004, 7.550263927488572, 5.104209807092218, 2.149163398484802, 3.9097851298864157, 0.9439204830605945, 0.049512068049125446, 5.126403942205229, 6.097806492960899, 0.9379289853244472, 6.006132096384476, 0.8226184937583412, 0.258317739736583, 1.1059261888897538, 2.48847508753434, 0.5551965677514659, 1.6681997205805033, 0.8519887061819986, 2.4034550091848814, 0.8927242235822064, 2.4191459778430158, 7.487173402727052, 3.4946939805313377, 8.300407310913045, 6.897973050372457, 1.7778132079844795, 2.433326419193918, 0.768236864843459, 0.2350172049573871, 0.026659510866124947, 0.05670465937288327, 0.3672998874661175, 0.9117339004553742, 0.513695636866089, 10.312013355722343, 14.969319955509263, 2.848081450121697, 2.788214620114786, 2.80823924734068, 0.8797462267883418, 0.9211137501004885, 4.5037990820544564, 5.292477154349456, 0.05079515717790173, 2.9196021722286503, 2.7231564830954653, 6.471260814376649, 1.1226247148093762, 5.2002868696611415, 5.621115830564975, 1.4145061290660124, 2.8576700822734153, 5.85395898252213, 14.64437934318532, 11.266784928285759, 0.0, 0.0, 0.0, 0.0, 0.0, 0.0, 0.0, 0.0, 0.0, 0.0, 0.0, 0.0, 0.0, 0.0, 0.0, 0.0, 0.0, 0.0, 0.0, 0.0, 0.0, 0.0, 0.0, 0.0, 0.0, 0.0, 0.0, 0.0, 0.0, 0.0, 0.0, 0.0, 0.0, 0.0, 0.0, 0.0, 0.0, 0.0, 0.0, 0.0, 0.0, 0.0, 0.0, 0.0, 0.0, 0.0, 0.0, 0.0, 0.0, 0.0, 0.0, 0.0, 7.8402042386090045, 13.200060064741251, 1.316050725435602, 1.5718704928847842, 3.3222989257160407, 3.5355805581870072, 4.320184253668742, 2.187793486313808, 0.3268490258501231, 0.17536208432755984, 2.7455708284374793, 0.105434070416635, 1.9828358000705606, 0.9387889771887785, 1.1025813597906335, 3.750823901799663, 8.928339858342383, 13.475636357773283, 14.454049370973365, 17.047423063033648, 1.7926503558153968, 9.326999525512576, 9.304971026141999, 0.5073135796078532, 1.0511511588112228, 0.5946663651073152, 7.967848419194752, 0.5824335789152428, 4.979494636287654, 2.7736442843463465, 0.026600884196867014, 0.007083017308872286, 1.3307966804028695, 6.702011369320957, 6.379171881406535, 0.7704849540824057, 0.8949487706322543, 5.784691982249456, 1.8871439615620034, 4.3268939767151835, 14.502069905641918, 4.782385602784302, 1.7561525063126737, 4.393275072915571, 12.825174690497704, 10.347703784061508, 1.1571439716270504, 1.5101503394263887, 1.9169005127527896, 0.6843868768553705, 1.0840595658251573, 2.7464136763437637, 0.1591882909067408, 6.085735475967994, 8.962558705844003, 2.096461942372059, 1.7455096037375029, 0.1427352136221316, 0.7124312335012064, 3.4184697829514903, 0.5541965831966422, 0.23903796393395282, 0.7555088687991542, 3.0094093589382283, 1.4996000353339412, 0.9309062300443429, 1.4250268608188321, 3.147217608239032, 1.2346408104965292, 0.30484844103216346, 7.002078661875885, 1.8843889081647376, 4.740465837605541, 3.274193882279633, 0.5043412716882756, 0.5321304334657952, 0.3443620412799646, 2.444301159266786, 7.8409597772148345, 0.0524381896768773, 1.6984166331380948, 0.8711191334024875, 3.4931421550606387, 1.172377918522784, 9.419772192120178, 1.2654542235913482, 6.765762006795626, 5.051717533462693, 3.568099758994663, 19.652560284861153, 5.195622241827067, 5.433729809162145, 1.2367460233874965, 0.9452235930022823, 0.07748482317927596, 0.06623263908704757, 2.376981768254268, 4.507141162086469, 1.1585166270436957, 4.576537521603882, 0.7119522324094589, 1.3817188189624403, 1.7991989858109605, 3.4810017907636848, 0.35023226203855984, 0.12069236083044643, 0.09362888468800179, 1.8845078719929802, 2.3154422689904948, 0.3840312624840294, 10.180687960801265, 6.811812581976994, 0.9318352280594979, 1.8201307138291725, 0.05724445436933934, 1.4400343613998814, 0.0965288270905944, 1.3384309181501521, 5.174517715801073, 13.908270864194364, 14.988715653483496, 0.0, 0.0, 0.0, 0.0, 0.0, 0.0, 0.0, 0.0, 0.0, 0.0, 0.0, 0.0, 0.0, 0.0, 0.0, 0.0, 0.0, 0.0, 0.0, 0.0, 0.0, 0.0, 0.0, 0.0, 0.0, 0.0, 0.0, 0.0, 0.0, 0.0, 0.0, 0.0, 0.0, 0.0, 0.0, 0.0, 15.657891730117868, 17.38206825721346, 0.010056550758520189, 4.215845390673877, 0.5015106062258496, 2.8877163221770843, 0.24728172884795185, 2.678343570717601, 3.9522995463901793, 0.3562444643322067, 2.9391034828976217, 0.19714974453484047, 0.8081730784506362, 3.1452401434756894, 2.695986260477298, 0.15072733761380164, 0.7260616598985337, 0.6268459879294994, 0.5881954142631685, 4.430451155139622, 2.6264285099422864, 1.473218820877662, 0.9465232418641278, 0.3765869974942575, 0.8076886166132908, 0.3765869974942575, 5.913852814296405, 16.65672502065621, 14.44869310734748, 0.0, 0.0, 0.0, 0.0, 0.0, 0.0, 0.0, 0.0, 0.0, 0.0, 0.0, 9.383409249419977, 12.580671109319795, 0.16956124492445213, 2.99616873771987, 3.2590502829867773, 4.771566986297984, 0.6229410388226597, 1.1536517312134151, 0.723467607405837, 0.42568189293984915, 0.8679919597138337, 0.694754594878674, 1.0119646758338945, 3.585209421792001, 2.766447517276333, 9.128304407089388, 0.3947461852504546, 3.1487363981732983, 0.4275701156820446, 2.203483418874356, 1.5740050814814879, 8.941980686041745, 2.1992553323563016, 0.8282834379539281, 0.7487789564183913, 0.8235758299134659, 1.8577073408787328, 0.4727630396491804, 1.4268361654369528, 0.14467611542403347, 1.0279813008906729, 0.3736719767336467, 1.530644826893763, 4.418372344678858, 3.6221001278058793, 7.259811809874293, 0.6192667533705105, 4.293230736402677, 0.6577570614164756, 0.18419916504160483, 3.1794860634960287, 1.5805475618340097, 0.5468491559585118, 2.577468675135833, 7.471234461865777, 3.286494344812013, 5.9044489753413245, 10.216289715608582, 2.8366511291231404, 1.7670450930171455, 6.561691064034449, 3.5232768783680513, 1.1879112500031397, 0.14998273755261948, 2.058510896729871, 0.7106156375746764, 3.4280266764256737, 7.218912867214669, 2.7972865773700732, 3.640488797610601, 1.7512605148700686, 5.118613956865033, 4.264173640931631, 1.1274785939542653, 0.05850904033900406, 0.28466121078781725, 3.222946173671005, 3.0790871877601944, 2.6882048692783087, 0.9207537230955154, 1.448541375151592, 1.8785161312205219, 5.246361595964686, 5.2458157462507415, 3.732748474588959, 2.2703172966913314, 1.189991097195417, 1.2329244906986219, 1.477157958219209, 2.7287589856420027, 4.307092659058469, 0.05543692617311535, 11.232283170508424, 16.64345841099579, 7.447453155605039, 0.0, 0.0, 0.0, 0.0, 0.0, 0.0, 0.0, 0.0, 0.0, 13.847233366651665, 16.731951194041613, 2.2105047386426975, 1.0227140471416476, 2.667007004840059, 3.961129101243131, 2.522501186942577, 0.4102434511657407, 2.6099224181303384, 0.40233671686968364, 1.6344953499758788, 0.27859526505235976, 0.8356025048365439, 2.4518651145684203, 1.7983187978406932, 3.3187425856161212, 1.9729453189698347, 5.6287828026544275, 6.5873199777639115, 8.878456169446793, 0.6646512650484624, 0.17147663885754127, 0.7253897478069575, 1.850123783892002, 4.300564930786891, 6.342235160020209, 0.055847532555645785, 3.8339460072646716, 1.953381564636686, 0.6893845665796903, 3.956011626806003, 15.51650770951369, 0.40002545771193354, 14.266216004562352, 8.193673607667677, 3.0664380839825185, 2.2896105231524473, 0.9345040022802493, 3.874346019613654, 4.148529096145012, 3.613378302737317, 0.20802543487252478, 1.729234714843642, 4.764674913253089, 1.4695079471123904, 1.1905087227201534, 2.1031879370267177, 0.5103443616714003, 3.389755117433168, 1.530316939873103, 3.297276782860763, 1.4630386118230945, 0.5439789053770028, 2.171101317905709, 0.2958243258617017, 0.7925994396236433, 10.136767809798016, 7.1187585498897334, 3.407029801953783, 3.407029801953783, 0.0, 0.0, 0.0, 0.0, 3.4070298019537795, 9.148813780207597, 3.124361764817337, 0.05884761640459146, 0.09037606792719544, 2.2935499061432267, 6.206430673800554, 1.8679944177138452, 7.082045529058661, 8.429004896888216, 1.0346605353770144, 0.4831781141701583, 2.554349579645333, 2.3134305804766484, 0.3259613050678922, 0.27131280554604587, 2.227926883694579, 0.9685844907808132, 1.165298479705541, 1.1867222596374631, 17.621297154208932, 11.69168722783806, 0.0, 0.0, 0.0, 0.0, 0.0, 0.0, 0.0, 0.0, 0.0, 0.0, 0.0, 0.0, 0.0, 0.0, 0.0, 0.0, 0.0, 0.0, 0.0, 0.0, 0.0, 17.609573035827495, 23.96216369429888, 3.800649895113338, 7.803179410372621, 2.080793608434874, 0.0785981079503415, 1.2087723583829586, 4.341888567615712, 4.66377796859453, 0.5426584616632226, 3.6901183525408783, 1.2147803083891517, 3.886890313871504, 15.058664187841941, 15.698169157376363, 0.0, 0.0, 0.0, 0.0, 0.0, 0.0, 0.0, 0.0, 0.0, 0.0, 0.0, 0.0, 0.0, 0.0, 0.0, 0.0, 0.0, 0.0, 0.0, 0.0, 0.0, 13.072147543401236, 13.770430217357614, 0.49542653523320723, 0.4739596877867882, 4.703502571139438, 1.7536932314842772, 1.0843467317614852, 1.3691159135342161, 1.316614414019341, 0.7258685430541902, 0.3176017984767725, 1.0321010371254147, 1.74275855587004, 0.448676612547132, 0.9905165304587626, 5.914493672942086, 6.003273340534832, 0.9870227692596245, 0.14047764790473138, 2.0876854559605817, 1.074747827691283, 8.692192739385916, 2.2911372812883712, 0.5737984181187699, 1.71377658767517, 3.0778507137031568, 0.7857885706084744, 0.32739189534780166, 4.754439426412063, 0.7322771894384061, 8.529446840905166, 7.530161703310938, 1.5812008562285769, 0.05597943878913725, 0.148704021078359, 2.5491217735867693, 0.8317210653353087, 0.9792751108944486, 1.9182343255295962, 2.3892902461167296, 0.1398217510885189, 4.843494217122398, 0.2207070577220236, 2.468092023710362, 4.212716170374236, 11.461680451975212, 5.1805846107691025, 1.9189093222608449, 3.854679391112029, 0.2133597305233934, 3.9224958066035924, 1.5785714641272648, 2.3571658370380817, 0.07135659694057495, 3.3313004860332285, 4.6353421534309405, 3.2609945931727395, 6.328038040567208, 11.66057720793276, 0.9202389093651675, 0.9919980705108173, 1.491946109739331, 0.21583897030359367, 0.3641681518400901, 1.5076399194147143, 1.7540922894915525, 0.8101609984235267, 4.116406987183154, 0.5272582054129771, 0.29707777059803675, 2.0955372999284236, 2.3308104782961436, 3.042961474747244, 1.3009194191332085, 1.204908350747985, 1.164591378342834, 0.005782089616104713, 0.4186522597155431, 0.8611486915629598, 0.45113665977282835, 4.974585416779007, 1.504452084098034, 3.5147442272692047, 2.9448547041190523, 0.3494745285752572, 1.8885501625882455, 0.6848201737319357, 4.219577507486719, 1.482933879633805, 1.6818834906661664, 0.26481189859532606, 0.9221772727578639, 0.6990499317121248, 1.4211754996493084, 0.9612841322669681, 0.06867949834963838, 3.509152412256441, 0.3339216414680948, 11.112879052799514, 2.148939407326793, 2.197851549330551, 1.1244456923693633, 3.519974707693393, 0.19723739559242404, 0.6646362397156054, 0.380153259238341, 1.7540922894916093, 2.589711389729132, 1.1768606055962891, 3.19247743881715, 0.5591486786870803, 2.7452519506011868, 0.5841422150279527, 1.727956374122897, 2.184031225301993, 0.11323779777922027, 0.16932519739066265, 1.8893339380049667, 3.391006518615427, 0.7454249233055066, 0.8940999503213902, 5.260900676002507, 1.5389113454044434, 0.2996241105128945, 0.12755337686493817, 0.3860049659681124, 0.553727350235846, 4.157559085917569, 0.06306233539606865, 14.741919478645116, 10.72044313878206, 1.1348256468098157, 2.7688423953033094, 2.6698384799164643, 1.5700904832600884, 0.9130246287505202, 0.5531139200933097, 0.38827462539703106, 1.1922162985635083, 3.0957943069826683, 5.705601054128778, 3.133298618966542, 0.7993110065361009, 2.2280686117853463, 0.24957802413541685, 2.123820229976211, 1.1966089610867812, 0.0, 0.155832370483715, 2.596832750856123, 1.959094934396461, 0.764209434435756, 2.0914041206607124, 5.799846697746119, 5.985914611311983, 0.8684734612216971, 0.8363696163531245, 2.399495256923302, 17.6063037024731, 9.40884885283117, 23.97447290950919, 24.269412203441135, 1.548932276949131, 3.105965458733735, 0.534095645737338, 0.6411571027541783, 0.5914054906215824, 3.8611132703419457, 1.774278319966399, 7.713924946916677, 10.344693614437858, 7.8495364372883785, 2.174623909657271, 4.723629076224427, 4.501444198651598, 0.4210427153629439, 1.9531573489012146, 0.31745049066850584, 2.6066203586811696, 1.2102547564211363, 0.48260249500549435, 5.735149565040558, 4.077160467258238, 3.300376925881409, 5.946306577846428, 4.182368656287167, 4.718409918022701, 4.757325834146741, 1.8753932036557046, 4.399527472209229, 1.758848796973723, 7.586481916895082, 7.583805271999324, 0.9430015102059599, 1.9904943882523582, 1.7788963208362816, 4.889249267040583, 2.4520016953279082, 2.091202527592202, 10.114687157090316, 1.1438891230367858, 7.792260761339577, 2.10993464816994, 4.138209416388349, 0.6012345314175604, 4.768224974600145, 1.7501014211174208, 1.3177918870748329, 0.6653347169846882, 4.531138874068887, 3.262051400602431, 1.1620565007166022, 1.803185896859901, 2.2591923970619803, 0.2515038263353233, 0.0, 0.4076275669659708, 6.162942786484223, 5.07319411616038, 0.7253698227231666, 0.4580986430576601, 4.460545653396167, 7.998746267196509, 2.3268623504908987, 1.2059679157616756, 3.643691549416559, 5.262092188587445, 0.09830700581477458, 1.0423254342525183, 0.2598654896981998, 1.8867020528176397, 0.5464811646645842, 0.19169239817884431, 0.8450124633646681, 1.795605254887107, 2.5607102934156956, 2.912044383631695, 0.5994141707186031, 1.930006592261691, 1.5106676170295827, 2.679745518142397, 2.7041667922303816, 1.2459654563343179, 1.5406767540589783, 3.288274022434848, 1.9611517156311038, 0.5672725743105502, 0.18442026085949692, 3.032949698368668, 0.9341044015097282, 13.908535053023428, 8.711064193652788, 2.4232752468340806, 1.5011797866734042, 0.14659413177182046, 1.6735980517630935, 2.5396986929606555, 1.835537980530546, 6.385804827048943, 0.7993110065361009, 1.8798110968207666, 2.857982053726559, 0.24957802413540975, 1.8471843957898955, 1.394707851439577, 3.614137334392055, 2.946392089961847, 3.6141373343920407, 1.88932749279045, 4.472292949498836, 12.525198662597504, 12.000072685846987, 5.614726397642755, 0.95642888120409, 0.45181534392929734, 4.08600352119106, 3.454671242911786, 0.6157293887071944, 1.481863982587413, 0.6454834845138748, 3.4175725174542038, 1.6521977202494895, 1.3258003077757508, 0.47660773735208295, 0.7500790399029711, 0.19659248259222295, 3.2184423451396924, 10.046234416224934, 3.6574306103303513, 6.411248034726896, 4.27788961867185, 7.38727874893641, 4.376823334700873, 1.6514423561724243, 1.831026578668883, 1.204982108270059, 1.74081371532111, 3.2611569583972084, 16.9272027768786, 12.258742503355819, 0.0, 0.0, 0.0, 0.0, 0.0, 0.0, 0.0, 0.0, 0.0, 0.0, 0.0, 0.0, 0.0, 0.0, 0.0, 0.0, 0.0, 16.458916918116415, 18.158554795623218, 4.6378605796097645, 3.961990826625396, 7.081503317139976, 6.233769878017824, 0.39829721241324023, 0.8886757225025121, 1.579900147990429, 1.1350685730210444, 1.1882117980501334, 0.8623352682986933, 4.90907253943783, 2.005457302749903, 0.6314498810237978, 3.9967350062697165, 0.07708706877582472, 2.3529487956985804, 5.458141545503622, 0.22250537710010576, 6.78131295801802, 3.4059101464591777, 2.508512312969458, 32.2970242959461, 17.17427228907428, 0.0, 0.0, 0.0, 0.0, 0.0, 0.0, 0.0, 0.0, 0.0, 0.0, 0.0, 0.0, 0.0, 0.0, 0.0, 0.0, 0.0, 0.0, 1.2848374597101166, 5.4540168316252675, 1.8209308589566788, 0.4286876115765921, 0.23868466715556735, 0.7993110065361009, 0.8203966145882617, 4.063609993515406, 2.93267485272861, 1.088978257647966, 0.9792751108944486, 0.0, 1.9523937965837348, 4.528390764399376, 0.10010615044666338, 1.3620099572614208, 5.362515870336438, 17.92621241878041, 7.983059855745523, 1.0363071668590749, 0.6983174271400117, 2.15457503021085, 1.8842728451379287, 1.5271901631616345, 1.204319376030071, 1.5087512000005177, 0.1093650342167507, 3.0602902937324075, 5.287589585613489, 0.9210124202820964, 4.370106327601178, 0.48755258263531687, 0.7891544830329735, 0.5870183244360021, 2.4014839868918045, 4.272823451137185, 4.498830939572116, 6.459026377547588, 1.8408870062756364, 5.11585635175166, 0.2512738198647071, 1.796749994058871, 0.917193329570523, 1.215699058766262, 2.514744552539895, 9.348335628329949, 27.202817687587867, 1.9647883438879887, 1.4736884593994262, 0.07704817853431223, 0.8842648314961252, 6.374310603978415, 3.5351920744982976, 3.136791383562894, 2.439472960654598, 1.3862865004609546, 0.5778518181229515, 6.201820403349473, 4.999299979430361, 4.56266309643479, 7.784359839337412, 8.937706004641825, 8.135878584392344, 1.2183895133922533, 5.897661100958146, 3.486282950385146, 2.7055406056562106, 5.443101638198925, 2.3819795695472408, 2.1267392438272736, 0.4621167684600209, 7.232279894817509, 10.060005965595906, 1.0321128308507355, 2.4879424027336086, 0.8688512283511045, 6.4675826189968575, 2.1272127728180408, 0.959085693057034, 7.718135078106798, 1.0212681235014998, 2.154024947440462, 0.5049697711390309, 1.1185040769423722, 0.7214278969054817, 1.5238498998760974, 0.02140314855972747, 7.13228350070915, 3.819177101173068, 5.7376002822798, 13.322462953707316, 3.4727469724312527, 9.114651182716784, 2.7701617777084095, 0.3833390202964324, 0.08966666466741913, 9.977505622844802, 4.893425385084242, 8.145798090424563, 0.5668364267166339, 6.823829776366296, 13.282398826341677, 5.454016831625257, 0.0, 0.0, 12.593990173668523, 11.400261072244334, 1.7681154875609195, 4.394823639667663, 2.321609609004554, 3.715463031120578, 5.300818636963925, 2.787572862484069, 2.0037283964210246, 5.903209351839735, 2.105628623253267, 0.34185086963952926, 3.704778139885832, 2.3668666346306964, 3.7445063642967966, 3.8754808226721593, 5.475754159603355, 2.224181341168844, 4.8918828609399725, 0.8539062159484843, 6.180884518619365, 3.47437998244186, 0.8658669256487883, 0.6495155636335426, 1.2411732612104913, 0.3923416631337773, 6.030697088671673, 1.2621286475899751, 3.7269788771932895, 0.5074735350916626, 1.1669670715871234, 0.7506688302687223, 2.588295105291621, 3.723712008419568, 2.9303225951690592, 0.6129267374181495, 2.9805307626779154, 4.246247865283351, 2.295826257181943, 0.7810208937376615, 1.3502111390380946, 9.244309652488312, 1.6546823380499518, 6.1892776362919335, 5.1121433983057045, 0.18279936769363303, 3.4716196195815883, 7.868183654872098, 16.382611411052295, 16.59069224244925, 0.0, 0.0, 0.0, 0.0, 0.0, 0.0, 0.0, 0.0, 0.0, 0.0, 0.0, 0.0, 0.0, 0.0, 0.0, 0.0, 0.0, 14.851459223393732, 15.425536400627678, 0.41988144545595674, 0.2841629318837704, 4.08275748518281, 1.341694738193553, 0.7225633261799658, 1.6174997858808524, 2.2404293360154384, 2.951691540370291, 0.8337967235150927, 3.6269376501323904, 0.4250536164243499, 5.903372335596259, 0.1069831274009232, 4.738979116855546, 0.24360072860480386, 1.2808130980067745, 1.6305482596550576, 1.9177128073139897, 0.9755607362227181, 0.5541956425826413, 0.6799874430909085, 0.2516675740065182, 4.562111846166118, 1.9912962709265685, 0.42754117008513504, 0.7917921208111807, 1.0201435469007833, 0.3244434592525067, 8.892310017094474, 1.9567019240193986, 1.8067365642439768, 2.214729053113956, 5.594693200039046, 0.6902619996637327, 6.348806648981679, 1.8101559400010956, 4.43279707067768, 7.386815972854663, 2.0620321468451266, 6.037264331263316, 0.06320195300736486, 6.830100390547386, 7.617008453956203, 1.3811350710843158, 4.480457036354181, 1.9894050466075441, 2.247444637402623, 1.798097964685212, 1.2787105571822508, 0.2287340618483995, 1.2025591487026759, 5.114333862597448, 1.4259100737572794, 7.96821682416811, 1.3042478521106773, 0.4847261904312177, 0.7211730046122113, 3.3346189459258824, 1.7628412617883384, 0.7501977198084546, 2.674747587332206, 2.590780828356344, 1.0199038204444832, 6.166616207359823, 1.619698459110225, 4.700563569107885, 1.2466091901154641, 5.55537361319918, 5.582929250871189, 0.10230288520853037, 3.4904879295702074, 2.575362095282628, 4.184453525168834, 0.2327986317941395, 6.454229805658031, 0.8949543118701513, 3.761078110138385, 0.4616280733790177, 2.694963124602168, 0.22666479657345917, 6.466063840126168, 1.6976752172288911, 5.046599743743485, 1.4255162491682825, 1.3015640509637478, 7.147695336996776, 4.336481165738121, 3.578859503063171, 0.09606549772806261, 8.094114972286519, 3.584599117977575, 4.789809717165383, 9.320086445128368, 0.46312128794795626, 7.28111101690007, 1.9141397870015453, 0.1667005818209759, 0.05228743133881153, 0.23049046384119265, 6.7692389684865475, 0.6935427431299672, 5.160960418599416, 0.5138320813492783, 4.056871590000981, 2.7189374364542687, 2.6340663409838214, 4.41371775494639, 2.451571113116728, 0.9381801077561818, 1.1676836273279037, 0.3766626776063049, 0.020335387848334108, 0.5735952475710064, 2.801312944451638, 0.7477707247418266, 0.7284011908431012, 3.1820142595556433, 0.5724321618055512, 0.3853779666268622, 0.02037328449662823, 4.018485132203125, 1.5516687193535574, 5.5212850610957105, 0.6495727830013038, 5.472604672481708, 0.3364454018398533, 3.285226974085731, 0.07763526840531654, 2.541441876221711, 1.772981972236778, 1.2975472963532866, 7.032375935795187, 10.516380453394191, 6.051718006676182, 14.534762699545809, 0.8159200809623144, 1.7895054557746448, 0.8850192076134533, 0.08065220159227238, 0.6086722298330471, 1.7374007462051964, 2.7749481113429226, 2.4291076378392518, 1.161749384643315, 1.0007830709613188, 1.4788354727072033, 3.098171834410323, 0.6186851322353846, 1.4604728115937462, 0.301618075272728, 1.1422927861099765, 4.587101752830506, 6.343508152615158, 11.69168722783806, 6.398401110275415, 0.0, 0.0, 0.0, 0.0, 0.0, 0.0, 0.0, 0.0, 0.0, 0.0, 0.0, 0.0, 0.0, 0.0, 0.0, 0.0, 0.0, 0.0, 0.0, 0.0, 0.0, 13.72418851274449, 16.9935637621075, 3.3587521149088104, 0.7298652331707842, 4.622594807685459, 1.5853485457020042, 0.8105514505238034, 7.175726793117406, 3.1601013143682053, 9.924189605749689, 2.191606624523672, 16.28235582111057, 1.4654061974821957, 13.441565831962407, 19.31985615015165, 11.79692333064569, 0.0, 0.0, 0.0, 0.0, 0.0, 0.0, 0.0, 0.0, 8.876958280457046, 12.123364477248117, 0.00366745405206359, 3.8963682364245784, 6.3911978312848134, 15.478154383892786, 1.1443797570192373, 6.277658039825553, 1.3445488606095637, 3.1904662787896143, 4.709373577266149, 5.617645161530135, 2.2223032046149456, 12.760022262582368, 1.7875213426877394, 2.146562915061139, 7.759066110295947, 13.842375528996456, 5.454016831625257, 0.0, 0.0, 0.0, 0.0, 0.0, 0.0, 0.0, 0.0, 0.0, 0.0, 0.0, 0.0, 0.0, 0.0, 0.0, 0.0, 0.0, 0.0, 1.2848374597101149, 9.383409249419984, 11.788983080203053, 1.7003842507078843, 8.818182238469007, 3.72439152568694, 1.468518767039626, 2.1507645178740944, 1.022546143628844, 0.0, 0.24957802413543106, 0.10286574429849082, 0.21007604521361856, 0.4356888040824387, 0.6729142930933278, 0.5411916967541117, 1.0958669524041937, 0.25251899456985427, 3.0063316439141943, 0.2822539352654303, 1.5501532278877193, 2.324149440673409, 1.5501532278877193]
theta_global: 1.0
window_size: 80, overlap: 0.5, threshold: 38.0
