{
    "yLIC137_7": {
        "bins": [
            0.21072439228057152,
            0.7540652932064249
        ],
        "moving_average": [
            0.21076931985549494,
            0.7541598135561809
        ]
    },
    "yLIC137_8": {
        "bins": [
            0.22408701256527847,
            0.7587373775027544
        ],
        "moving_average": [
            0.22411101332154557,
            0.7587654649099727
        ]
    }
}