dataset,distance,mean_density,sd_density,n_datasets,se_density
yEK19a_7_FDDP220013498-1a_HY_trimmed_forward_notrimmed.sorted.bam,0,0.06559048966871858,0.023198982117327606,16,0.0057997455293319015
yEK19a_7_FDDP220013498-1a_HY_trimmed_forward_notrimmed.sorted.bam,1,0.06396563233602538,0.024735385211443608,16,0.006183846302860902
yEK19a_7_FDDP220013498-1a_HY_trimmed_forward_notrimmed.sorted.bam,2,0.06417397570335634,0.025820791903612812,16,0.006455197975903203
yEK19a_7_FDDP220013498-1a_HY_trimmed_forward_notrimmed.sorted.bam,3,0.06364296091709573,0.023967467049101153,16,0.005991866762275288
yEK19a_7_FDDP220013498-1a_HY_trimmed_forward_notrimmed.sorted.bam,4,0.06431459664950583,0.024750014155924982,16,0.0061875035389812455
yEK19a_7_FDDP220013498-1a_HY_trimmed_forward_notrimmed.sorted.bam,5,0.06449575551611059,0.02419302051312458,16,0.006048255128281145
yEK19a_7_FDDP220013498-1a_HY_trimmed_forward_notrimmed.sorted.bam,6,0.06410011976682045,0.025119503389339826,16,0.006279875847334956
yEK19a_7_FDDP220013498-1a_HY_trimmed_forward_notrimmed.sorted.bam,7,0.06319040648358619,0.025157700963301114,16,0.0062894252408252785
yEK19a_7_FDDP220013498-1a_HY_trimmed_forward_notrimmed.sorted.bam,8,0.06408624327403484,0.024289597580421107,16,0.006072399395105277
yEK19a_7_FDDP220013498-1a_HY_trimmed_forward_notrimmed.sorted.bam,9,0.06478543625419028,0.024637238719472404,16,0.006159309679868101
yEK19a_7_FDDP220013498-1a_HY_trimmed_forward_notrimmed.sorted.bam,10,0.06348714785602962,0.024817598065945547,16,0.006204399516486387
yEK19a_7_FDDP220013498-1a_HY_trimmed_forward_notrimmed.sorted.bam,11,0.06386336636022126,0.025597995739032414,16,0.006399498934758103
yEK19a_7_FDDP220013498-1a_HY_trimmed_forward_notrimmed.sorted.bam,12,0.06508028609843824,0.025678590816295095,16,0.006419647704073774
yEK19a_7_FDDP220013498-1a_HY_trimmed_forward_notrimmed.sorted.bam,13,0.06465903079541481,0.02487534220133732,16,0.00621883555033433
yEK19a_7_FDDP220013498-1a_HY_trimmed_forward_notrimmed.sorted.bam,14,0.06356702785145363,0.024243396928731627,16,0.006060849232182907
yEK19a_7_FDDP220013498-1a_HY_trimmed_forward_notrimmed.sorted.bam,15,0.06439672527759688,0.025246011690353422,16,0.006311502922588356
yEK19a_7_FDDP220013498-1a_HY_trimmed_forward_notrimmed.sorted.bam,16,0.06508157985909752,0.024922650444144424,16,0.006230662611036106
yEK19a_7_FDDP220013498-1a_HY_trimmed_forward_notrimmed.sorted.bam,17,0.06372938087938328,0.024813742783432343,16,0.006203435695858086
yEK19a_7_FDDP220013498-1a_HY_trimmed_forward_notrimmed.sorted.bam,18,0.06491496917814286,0.024062656822574198,16,0.0060156642056435495
yEK19a_7_FDDP220013498-1a_HY_trimmed_forward_notrimmed.sorted.bam,19,0.06448525012372265,0.024457351672649032,16,0.006114337918162258
yEK19a_7_FDDP220013498-1a_HY_trimmed_forward_notrimmed.sorted.bam,20,0.06445478681200578,0.02488542299069508,16,0.00622135574767377
yEK19a_7_FDDP220013498-1a_HY_trimmed_forward_notrimmed.sorted.bam,21,0.06530810832422698,0.025979628931121837,16,0.006494907232780459
yEK19a_7_FDDP220013498-1a_HY_trimmed_forward_notrimmed.sorted.bam,22,0.06457434590554155,0.02453104528888126,16,0.006132761322220315
yEK19a_7_FDDP220013498-1a_HY_trimmed_forward_notrimmed.sorted.bam,23,0.06454085702884256,0.02488982428947346,16,0.006222456072368365
yEK19a_7_FDDP220013498-1a_HY_trimmed_forward_notrimmed.sorted.bam,24,0.06529945623868798,0.025063469189696014,16,0.0062658672974240034
yEK19a_7_FDDP220013498-1a_HY_trimmed_forward_notrimmed.sorted.bam,25,0.06296506179038927,0.024470170095981524,16,0.006117542523995381
yEK19a_7_FDDP220013498-1a_HY_trimmed_forward_notrimmed.sorted.bam,26,0.06500723896578602,0.02616560623121184,16,0.00654140155780296
yEK19a_7_FDDP220013498-1a_HY_trimmed_forward_notrimmed.sorted.bam,27,0.06467699662161071,0.0243723384501421,16,0.006093084612535525
yEK19a_7_FDDP220013498-1a_HY_trimmed_forward_notrimmed.sorted.bam,28,0.06676443149729029,0.024319138013528592,16,0.006079784503382148
yEK19a_7_FDDP220013498-1a_HY_trimmed_forward_notrimmed.sorted.bam,29,0.06598415860177494,0.02540721292412827,16,0.006351803231032067
yEK19a_7_FDDP220013498-1a_HY_trimmed_forward_notrimmed.sorted.bam,30,0.06637040923300346,0.025634885906402245,16,0.006408721476600561
yEK19a_7_FDDP220013498-1a_HY_trimmed_forward_notrimmed.sorted.bam,31,0.0681203349106872,0.026466180436583595,16,0.006616545109145899
yEK19a_7_FDDP220013498-1a_HY_trimmed_forward_notrimmed.sorted.bam,32,0.06777527111444405,0.026346790842385115,16,0.006586697710596279
yEK19a_7_FDDP220013498-1a_HY_trimmed_forward_notrimmed.sorted.bam,33,0.06798023440536735,0.025592737526544018,16,0.006398184381636004
yEK19a_7_FDDP220013498-1a_HY_trimmed_forward_notrimmed.sorted.bam,34,0.068539903027954,0.02617756220575564,16,0.00654439055143891
yEK19a_7_FDDP220013498-1a_HY_trimmed_forward_notrimmed.sorted.bam,35,0.06898152449048062,0.02618594960630916,16,0.00654648740157729
yEK19a_7_FDDP220013498-1a_HY_trimmed_forward_notrimmed.sorted.bam,36,0.06869092517523159,0.027141019031116233,16,0.006785254757779058
yEK19a_7_FDDP220013498-1a_HY_trimmed_forward_notrimmed.sorted.bam,37,0.06966917083372429,0.026756244635126554,16,0.0066890611587816385
yEK19a_7_FDDP220013498-1a_HY_trimmed_forward_notrimmed.sorted.bam,38,0.07081318182572954,0.027439575922451893,16,0.006859893980612973
yEK19a_7_FDDP220013498-1a_HY_trimmed_forward_notrimmed.sorted.bam,39,0.07174701003012028,0.02586205686896302,16,0.006465514217240755
yEK19a_7_FDDP220013498-1a_HY_trimmed_forward_notrimmed.sorted.bam,40,0.07215003082598193,0.027195904582218215,16,0.006798976145554554
yEK19a_7_FDDP220013498-1a_HY_trimmed_forward_notrimmed.sorted.bam,41,0.0737274852904306,0.02774133293662667,16,0.006935333234156667
yEK19a_7_FDDP220013498-1a_HY_trimmed_forward_notrimmed.sorted.bam,42,0.07408956924079826,0.028144592666455494,16,0.007036148166613874
yEK19a_7_FDDP220013498-1a_HY_trimmed_forward_notrimmed.sorted.bam,43,0.07504756009756133,0.02925595855507541,16,0.007313989638768853
yEK19a_7_FDDP220013498-1a_HY_trimmed_forward_notrimmed.sorted.bam,44,0.07501704985337607,0.028104592003728193,16,0.007026148000932048
yEK19a_7_FDDP220013498-1a_HY_trimmed_forward_notrimmed.sorted.bam,45,0.07518928836319533,0.028816942187316605,16,0.007204235546829151
yEK19a_7_FDDP220013498-1a_HY_trimmed_forward_notrimmed.sorted.bam,46,0.07645053702047161,0.029842269357550893,16,0.007460567339387723
yEK19a_7_FDDP220013498-1a_HY_trimmed_forward_notrimmed.sorted.bam,47,0.07576622776419777,0.02874541468079037,16,0.007186353670197592
yEK19a_7_FDDP220013498-1a_HY_trimmed_forward_notrimmed.sorted.bam,48,0.07641903560374559,0.02856997425761449,16,0.0071424935644036226
yEK19a_7_FDDP220013498-1a_HY_trimmed_forward_notrimmed.sorted.bam,49,0.07821716835770186,0.028871434180147752,16,0.007217858545036938
yEK19a_7_FDDP220013498-1a_HY_trimmed_forward_notrimmed.sorted.bam,50,0.07907016041655755,0.02990650342188923,16,0.007476625855472307
yEK19a_7_FDDP220013498-1a_HY_trimmed_forward_notrimmed.sorted.bam,51,0.07896088802270507,0.029796406343612105,16,0.007449101585903026
yEK19a_7_FDDP220013498-1a_HY_trimmed_forward_notrimmed.sorted.bam,52,0.0806410181788775,0.030642931045702145,16,0.007660732761425536
yEK19a_7_FDDP220013498-1a_HY_trimmed_forward_notrimmed.sorted.bam,53,0.08086314451292186,0.030602864581859884,16,0.007650716145464971
yEK19a_7_FDDP220013498-1a_HY_trimmed_forward_notrimmed.sorted.bam,54,0.08065701021629591,0.029615735500970953,16,0.007403933875242738
yEK19a_7_FDDP220013498-1a_HY_trimmed_forward_notrimmed.sorted.bam,55,0.08074615120195086,0.030163387072834624,16,0.007540846768208656
yEK19a_7_FDDP220013498-1a_HY_trimmed_forward_notrimmed.sorted.bam,56,0.08036986230334767,0.030788561712531817,16,0.007697140428132954
yEK19a_7_FDDP220013498-1a_HY_trimmed_forward_notrimmed.sorted.bam,57,0.08061028341223621,0.029916663921928748,16,0.007479165980482187
yEK19a_7_FDDP220013498-1a_HY_trimmed_forward_notrimmed.sorted.bam,58,0.08109630803286177,0.02914129016255062,16,0.007285322540637655
yEK19a_7_FDDP220013498-1a_HY_trimmed_forward_notrimmed.sorted.bam,59,0.08334689971960746,0.03092307310925108,16,0.00773076827731277
yEK19a_7_FDDP220013498-1a_HY_trimmed_forward_notrimmed.sorted.bam,60,0.08249332195546197,0.030533838165791607,16,0.007633459541447902
yEK19a_7_FDDP220013498-1a_HY_trimmed_forward_notrimmed.sorted.bam,61,0.08420281771701012,0.03138493871762039,16,0.007846234679405097
yEK19a_7_FDDP220013498-1a_HY_trimmed_forward_notrimmed.sorted.bam,62,0.0851860902826309,0.033067227850556304,16,0.008266806962639076
yEK19a_7_FDDP220013498-1a_HY_trimmed_forward_notrimmed.sorted.bam,63,0.0863018940635176,0.03228643524795513,16,0.008071608811988783
yEK19a_7_FDDP220013498-1a_HY_trimmed_forward_notrimmed.sorted.bam,64,0.0844760705706166,0.03051677755644261,16,0.007629194389110652
yEK19a_7_FDDP220013498-1a_HY_trimmed_forward_notrimmed.sorted.bam,65,0.08704633552773965,0.032066309356632315,16,0.008016577339158079
yEK19a_7_FDDP220013498-1a_HY_trimmed_forward_notrimmed.sorted.bam,66,0.08484651018738332,0.03025884417978109,16,0.007564711044945272
yEK19a_7_FDDP220013498-1a_HY_trimmed_forward_notrimmed.sorted.bam,67,0.08719580890667669,0.0322009209706224,16,0.0080502302426556
yEK19a_7_FDDP220013498-1a_HY_trimmed_forward_notrimmed.sorted.bam,68,0.08829111987854667,0.032066686698299145,16,0.008016671674574786
yEK19a_7_FDDP220013498-1a_HY_trimmed_forward_notrimmed.sorted.bam,69,0.08590995498222669,0.03042952141811295,16,0.007607380354528238
yEK19a_7_FDDP220013498-1a_HY_trimmed_forward_notrimmed.sorted.bam,70,0.08961637094187307,0.03431696374377163,16,0.008579240935942907
yEK19a_7_FDDP220013498-1a_HY_trimmed_forward_notrimmed.sorted.bam,71,0.09011344212269581,0.0344951034965126,16,0.00862377587412815
yEK19a_7_FDDP220013498-1a_HY_trimmed_forward_notrimmed.sorted.bam,72,0.09177201025998723,0.03499159815860384,16,0.00874789953965096
yEK19a_7_FDDP220013498-1a_HY_trimmed_forward_notrimmed.sorted.bam,73,0.09254862622353219,0.03532201666122993,16,0.008830504165307482
yEK19a_7_FDDP220013498-1a_HY_trimmed_forward_notrimmed.sorted.bam,74,0.09556114881595378,0.03492449126640367,16,0.008731122816600918
yEK19a_7_FDDP220013498-1a_HY_trimmed_forward_notrimmed.sorted.bam,75,0.09485478500908423,0.03508778647023943,16,0.008771946617559857
yEK19a_7_FDDP220013498-1a_HY_trimmed_forward_notrimmed.sorted.bam,76,0.09537299732625015,0.03672501678903361,16,0.009181254197258402
yEK19a_7_FDDP220013498-1a_HY_trimmed_forward_notrimmed.sorted.bam,77,0.09773220193400117,0.03511363707183985,16,0.008778409267959962
yEK19a_7_FDDP220013498-1a_HY_trimmed_forward_notrimmed.sorted.bam,78,0.0972304511966813,0.03678244509369939,16,0.009195611273424848
yEK19a_7_FDDP220013498-1a_HY_trimmed_forward_notrimmed.sorted.bam,79,0.09786070613510407,0.03491324800710754,16,0.008728312001776884
yEK19a_7_FDDP220013498-1a_HY_trimmed_forward_notrimmed.sorted.bam,80,0.09946625145620636,0.038164165329363446,16,0.009541041332340862
yEK19a_7_FDDP220013498-1a_HY_trimmed_forward_notrimmed.sorted.bam,81,0.10194690335462837,0.03933652815539281,16,0.009834132038848203
yEK19a_7_FDDP220013498-1a_HY_trimmed_forward_notrimmed.sorted.bam,82,0.10697620402738764,0.04313207656313158,16,0.010783019140782895
yEK19a_7_FDDP220013498-1a_HY_trimmed_forward_notrimmed.sorted.bam,83,0.10795525458847705,0.04042433114597688,16,0.01010608278649422
yEK19a_7_FDDP220013498-1a_HY_trimmed_forward_notrimmed.sorted.bam,84,0.11061517279170696,0.04296505774270647,16,0.010741264435676617
yEK19a_7_FDDP220013498-1a_HY_trimmed_forward_notrimmed.sorted.bam,85,0.10969339608769113,0.04271351513140554,16,0.010678378782851385
yEK19a_7_FDDP220013498-1a_HY_trimmed_forward_notrimmed.sorted.bam,86,0.11128448978422761,0.04305648123735425,16,0.010764120309338562
yEK19a_7_FDDP220013498-1a_HY_trimmed_forward_notrimmed.sorted.bam,87,0.11559731227611324,0.04221371493616659,16,0.010553428734041647
yEK19a_7_FDDP220013498-1a_HY_trimmed_forward_notrimmed.sorted.bam,88,0.114963320925405,0.04530621739718866,16,0.011326554349297165
yEK19a_7_FDDP220013498-1a_HY_trimmed_forward_notrimmed.sorted.bam,89,0.11612915843986411,0.045163344186788745,16,0.011290836046697186
yEK19a_7_FDDP220013498-1a_HY_trimmed_forward_notrimmed.sorted.bam,90,0.11796661438112607,0.047047782438991735,16,0.011761945609747934
yEK19a_7_FDDP220013498-1a_HY_trimmed_forward_notrimmed.sorted.bam,91,0.12027692589646774,0.04714267833594544,16,0.01178566958398636
yEK19a_7_FDDP220013498-1a_HY_trimmed_forward_notrimmed.sorted.bam,92,0.12043025560264334,0.04447407363368224,16,0.01111851840842056
yEK19a_7_FDDP220013498-1a_HY_trimmed_forward_notrimmed.sorted.bam,93,0.12382119674570159,0.0499445106229486,16,0.01248612765573715
yEK19a_7_FDDP220013498-1a_HY_trimmed_forward_notrimmed.sorted.bam,94,0.1256567842510085,0.0532131361488356,16,0.0133032840372089
yEK19a_7_FDDP220013498-1a_HY_trimmed_forward_notrimmed.sorted.bam,95,0.12939890386566147,0.05205803601748656,16,0.01301450900437164
yEK19a_7_FDDP220013498-1a_HY_trimmed_forward_notrimmed.sorted.bam,96,0.1295150623416971,0.05551504526472775,16,0.013878761316181938
yEK19a_7_FDDP220013498-1a_HY_trimmed_forward_notrimmed.sorted.bam,97,0.12979496125118817,0.05242800616842891,16,0.013107001542107227
yEK19a_7_FDDP220013498-1a_HY_trimmed_forward_notrimmed.sorted.bam,98,0.13053941530655136,0.051864460037899164,16,0.012966115009474791
yEK19a_7_FDDP220013498-1a_HY_trimmed_forward_notrimmed.sorted.bam,99,0.13342688474410447,0.05511162937305722,16,0.013777907343264305
yEK19a_7_FDDP220013498-1a_HY_trimmed_forward_notrimmed.sorted.bam,100,0.13532510093352842,0.05899755006222947,16,0.014749387515557367
yEK19a_7_FDDP220013498-1a_HY_trimmed_forward_notrimmed.sorted.bam,101,0.13826070922606154,0.05664048989870347,16,0.014160122474675867
yEK19a_7_FDDP220013498-1a_HY_trimmed_forward_notrimmed.sorted.bam,102,0.13705926668734067,0.0564220590110557,16,0.014105514752763925
yEK19a_7_FDDP220013498-1a_HY_trimmed_forward_notrimmed.sorted.bam,103,0.1422799954391495,0.0585890255656427,16,0.014647256391410676
yEK19a_7_FDDP220013498-1a_HY_trimmed_forward_notrimmed.sorted.bam,104,0.14244800282048517,0.06043348014417512,16,0.01510837003604378
yEK19a_7_FDDP220013498-1a_HY_trimmed_forward_notrimmed.sorted.bam,105,0.14063154531280977,0.0610472318857929,16,0.015261807971448224
yEK19a_7_FDDP220013498-1a_HY_trimmed_forward_notrimmed.sorted.bam,106,0.1435621844768619,0.05579542716542855,16,0.013948856791357137
yEK19a_7_FDDP220013498-1a_HY_trimmed_forward_notrimmed.sorted.bam,107,0.14685565448995136,0.059430495896060406,16,0.014857623974015102
yEK19a_7_FDDP220013498-1a_HY_trimmed_forward_notrimmed.sorted.bam,108,0.14226005077470294,0.06036127917251203,16,0.015090319793128007
yEK19a_7_FDDP220013498-1a_HY_trimmed_forward_notrimmed.sorted.bam,109,0.1477364536226806,0.06624943384583798,16,0.016562358461459495
yEK19a_7_FDDP220013498-1a_HY_trimmed_forward_notrimmed.sorted.bam,110,0.15439835620676026,0.06274922967029603,16,0.015687307417574008
yEK19a_7_FDDP220013498-1a_HY_trimmed_forward_notrimmed.sorted.bam,111,0.15292031685118973,0.06526009003608088,16,0.01631502250902022
yEK19a_7_FDDP220013498-1a_HY_trimmed_forward_notrimmed.sorted.bam,112,0.14884382893433953,0.06002202681338931,16,0.015005506703347328
yEK19a_7_FDDP220013498-1a_HY_trimmed_forward_notrimmed.sorted.bam,113,0.15084821395087572,0.06781677599767676,16,0.01695419399941919
yEK19a_7_FDDP220013498-1a_HY_trimmed_forward_notrimmed.sorted.bam,114,0.15496132547944008,0.06270441269850906,16,0.015676103174627264
yEK19a_7_FDDP220013498-1a_HY_trimmed_forward_notrimmed.sorted.bam,115,0.15861442469101836,0.06899402585172315,16,0.017248506462930788
yEK19a_7_FDDP220013498-1a_HY_trimmed_forward_notrimmed.sorted.bam,116,0.15510891499850785,0.0652744687650108,16,0.0163186171912527
yEK19a_7_FDDP220013498-1a_HY_trimmed_forward_notrimmed.sorted.bam,117,0.15873496099420342,0.06758298637718775,16,0.016895746594296938
yEK19a_7_FDDP220013498-1a_HY_trimmed_forward_notrimmed.sorted.bam,118,0.1585928336753798,0.06574239472231032,16,0.01643559868057758
yEK19a_7_FDDP220013498-1a_HY_trimmed_forward_notrimmed.sorted.bam,119,0.16421045858677766,0.07055036834441719,16,0.017637592086104298
yEK19a_7_FDDP220013498-1a_HY_trimmed_forward_notrimmed.sorted.bam,120,0.15736168657659488,0.07891986242836319,16,0.019729965607090796
yEK19a_7_FDDP220013498-1a_HY_trimmed_forward_notrimmed.sorted.bam,121,0.15793323882025745,0.06600979447351317,16,0.016502448618378292
yEK19a_7_FDDP220013498-1a_HY_trimmed_forward_notrimmed.sorted.bam,122,0.166284540527689,0.07295307839850984,16,0.01823826959962746
yEK19a_7_FDDP220013498-1a_HY_trimmed_forward_notrimmed.sorted.bam,123,0.17115922403195538,0.07359355883617963,16,0.018398389709044907
yEK19a_7_FDDP220013498-1a_HY_trimmed_forward_notrimmed.sorted.bam,124,0.16761750095421102,0.07382962150725801,16,0.018457405376814503
yEK19a_7_FDDP220013498-1a_HY_trimmed_forward_notrimmed.sorted.bam,125,0.16030343205851752,0.0755413907412169,16,0.018885347685304223
yEK19a_7_FDDP220013498-1a_HY_trimmed_forward_notrimmed.sorted.bam,126,0.1705972258867071,0.07020496752422802,16,0.017551241881057004
yEK19a_7_FDDP220013498-1a_HY_trimmed_forward_notrimmed.sorted.bam,127,0.15864270415979229,0.07752609557547656,16,0.01938152389386914
yEK19a_7_FDDP220013498-1a_HY_trimmed_forward_notrimmed.sorted.bam,128,0.16843830345779284,0.08043278692546309,16,0.020108196731365772
yEK19a_7_FDDP220013498-1a_HY_trimmed_forward_notrimmed.sorted.bam,129,0.17028476318082877,0.07917061649746389,16,0.019792654124365972
yEK19a_7_FDDP220013498-1a_HY_trimmed_forward_notrimmed.sorted.bam,130,0.16470340046073742,0.08040668947904103,16,0.020101672369760258
yEK19a_7_FDDP220013498-1a_HY_trimmed_forward_notrimmed.sorted.bam,131,0.17207989347942665,0.07604552128810027,16,0.019011380322025068
yEK19a_7_FDDP220013498-1a_HY_trimmed_forward_notrimmed.sorted.bam,132,0.16949589524344782,0.07991990363276535,16,0.01997997590819134
yEK19a_7_FDDP220013498-1a_HY_trimmed_forward_notrimmed.sorted.bam,133,0.1652033461831826,0.07198525575473146,16,0.017996313938682864
yEK19a_7_FDDP220013498-1a_HY_trimmed_forward_notrimmed.sorted.bam,134,0.16742144578655407,0.07190260946074245,16,0.017975652365185613
yEK19a_7_FDDP220013498-1a_HY_trimmed_forward_notrimmed.sorted.bam,135,0.16363025591357253,0.08135102665875203,16,0.020337756664688008
yEK19a_7_FDDP220013498-1a_HY_trimmed_forward_notrimmed.sorted.bam,136,0.16465094433573255,0.06817084373601497,16,0.01704271093400374
yEK19a_7_FDDP220013498-1a_HY_trimmed_forward_notrimmed.sorted.bam,137,0.16677924965192592,0.07790974050116496,16,0.01947743512529124
yEK19a_7_FDDP220013498-1a_HY_trimmed_forward_notrimmed.sorted.bam,138,0.16072858921534053,0.07144994983946779,16,0.017862487459866946
yEK19a_7_FDDP220013498-1a_HY_trimmed_forward_notrimmed.sorted.bam,139,0.16886473474491578,0.07403149988386239,16,0.018507874970965597
yEK19a_7_FDDP220013498-1a_HY_trimmed_forward_notrimmed.sorted.bam,140,0.1653254134859904,0.07539652157797298,16,0.018849130394493246
yEK19a_7_FDDP220013498-1a_HY_trimmed_forward_notrimmed.sorted.bam,141,0.16839452675650896,0.0793160148770969,16,0.019829003719274225
yEK19a_7_FDDP220013498-1a_HY_trimmed_forward_notrimmed.sorted.bam,142,0.16577594034731652,0.06579995977468787,16,0.01644998994367197
yEK19a_7_FDDP220013498-1a_HY_trimmed_forward_notrimmed.sorted.bam,143,0.16267060799146887,0.08150312660458278,16,0.020375781651145695
yEK19a_7_FDDP220013498-1a_HY_trimmed_forward_notrimmed.sorted.bam,144,0.16713386715001022,0.06868808189789585,16,0.017172020474473963
yEK19a_7_FDDP220013498-1a_HY_trimmed_forward_notrimmed.sorted.bam,145,0.16020238872268977,0.08182824528421395,16,0.020457061321053488
yEK19a_7_FDDP220013498-1a_HY_trimmed_forward_notrimmed.sorted.bam,146,0.1596130073357678,0.08133913407498675,16,0.020334783518746687
yEK19a_7_FDDP220013498-1a_HY_trimmed_forward_notrimmed.sorted.bam,147,0.16382890963122515,0.08010810084395142,16,0.020027025210987856
yEK19a_7_FDDP220013498-1a_HY_trimmed_forward_notrimmed.sorted.bam,148,0.165952383825384,0.07251178702812457,16,0.01812794675703114
yEK19a_7_FDDP220013498-1a_HY_trimmed_forward_notrimmed.sorted.bam,149,0.15998677515974474,0.07028366756238541,16,0.017570916890596353
yEK19a_7_FDDP220013498-1a_HY_trimmed_forward_notrimmed.sorted.bam,150,0.15656745222114324,0.07142453760780232,16,0.01785613440195058
yEK19a_7_FDDP220013498-1a_HY_trimmed_forward_notrimmed.sorted.bam,151,0.16011256610229038,0.07388470099320524,16,0.01847117524830131
yEK19a_7_FDDP220013498-1a_HY_trimmed_forward_notrimmed.sorted.bam,152,0.16314567070749517,0.08156094655774954,16,0.020390236639437384
yEK19a_7_FDDP220013498-1a_HY_trimmed_forward_notrimmed.sorted.bam,153,0.16620727260106252,0.07000130194665048,16,0.01750032548666262
yEK19a_7_FDDP220013498-1a_HY_trimmed_forward_notrimmed.sorted.bam,154,0.16219493529620904,0.06888594476015321,16,0.017221486190038302
yEK19a_7_FDDP220013498-1a_HY_trimmed_forward_notrimmed.sorted.bam,155,0.16291885271782477,0.0767238934398629,16,0.019180973359965724
yEK19a_7_FDDP220013498-1a_HY_trimmed_forward_notrimmed.sorted.bam,156,0.16455795808626075,0.07081201929406876,16,0.01770300482351719
yEK19a_7_FDDP220013498-1a_HY_trimmed_forward_notrimmed.sorted.bam,157,0.16292136957041908,0.06591053253808221,16,0.016477633134520553
yEK19a_7_FDDP220013498-1a_HY_trimmed_forward_notrimmed.sorted.bam,158,0.15995682648102613,0.07208671989898935,16,0.018021679974747337
yEK19a_7_FDDP220013498-1a_HY_trimmed_forward_notrimmed.sorted.bam,159,0.17221259795910343,0.08035103472120626,16,0.020087758680301566
yEK19a_7_FDDP220013498-1a_HY_trimmed_forward_notrimmed.sorted.bam,160,0.16052048238259192,0.0674093254929451,16,0.016852331373236273
yEK19a_7_FDDP220013498-1a_HY_trimmed_forward_notrimmed.sorted.bam,161,0.17493857800240645,0.08226103294535642,16,0.020565258236339104
yEK19a_7_FDDP220013498-1a_HY_trimmed_forward_notrimmed.sorted.bam,162,0.16028304034496216,0.07868385716760823,16,0.019670964291902057
yEK19a_7_FDDP220013498-1a_HY_trimmed_forward_notrimmed.sorted.bam,163,0.16364745339939646,0.08204537679401755,16,0.020511344198504387
yEK19a_7_FDDP220013498-1a_HY_trimmed_forward_notrimmed.sorted.bam,164,0.17034532260009178,0.08252008448578534,16,0.020630021121446334
yEK19a_7_FDDP220013498-1a_HY_trimmed_forward_notrimmed.sorted.bam,165,0.1631607025806437,0.0776951718717491,16,0.019423792967937274
yEK19a_7_FDDP220013498-1a_HY_trimmed_forward_notrimmed.sorted.bam,166,0.15335680764789858,0.07484856595836899,16,0.018712141489592247
yEK19a_7_FDDP220013498-1a_HY_trimmed_forward_notrimmed.sorted.bam,167,0.1669399262332156,0.08325588785368473,16,0.020813971963421184
yEK19a_7_FDDP220013498-1a_HY_trimmed_forward_notrimmed.sorted.bam,168,0.1770669419723959,0.07849847607229386,16,0.019624619018073466
yEK19a_7_FDDP220013498-1a_HY_trimmed_forward_notrimmed.sorted.bam,169,0.16473543748249814,0.07711054656290466,16,0.019277636640726164
yEK19a_7_FDDP220013498-1a_HY_trimmed_forward_notrimmed.sorted.bam,170,0.1794586890223473,0.09462045213824807,16,0.02365511303456202
yEK19a_7_FDDP220013498-1a_HY_trimmed_forward_notrimmed.sorted.bam,171,0.17568197422778595,0.08839444821206731,16,0.022098612053016827
yEK19a_7_FDDP220013498-1a_HY_trimmed_forward_notrimmed.sorted.bam,172,0.18171739223141337,0.0726626454122424,16,0.0181656613530606
yEK19a_7_FDDP220013498-1a_HY_trimmed_forward_notrimmed.sorted.bam,173,0.16965319219128766,0.08495297679248152,16,0.02123824419812038
yEK19a_7_FDDP220013498-1a_HY_trimmed_forward_notrimmed.sorted.bam,174,0.1719319008784171,0.08318705424194431,16,0.020796763560486077
yEK19a_7_FDDP220013498-1a_HY_trimmed_forward_notrimmed.sorted.bam,175,0.17750349040827104,0.0937451721764355,16,0.023436293044108877
yEK19a_7_FDDP220013498-1a_HY_trimmed_forward_notrimmed.sorted.bam,176,0.1670390658048962,0.07056801558923503,16,0.01764200389730876
yEK19a_7_FDDP220013498-1a_HY_trimmed_forward_notrimmed.sorted.bam,177,0.16836478381215264,0.08786142426457479,16,0.021965356066143697
yEK19a_7_FDDP220013498-1a_HY_trimmed_forward_notrimmed.sorted.bam,178,0.18130300333730093,0.09531328626079726,16,0.023828321565199314
yEK19a_7_FDDP220013498-1a_HY_trimmed_forward_notrimmed.sorted.bam,179,0.16856207839004245,0.0697970759312742,16,0.01744926898281855
yEK19a_7_FDDP220013498-1a_HY_trimmed_forward_notrimmed.sorted.bam,180,0.16996342415707993,0.08245520119060616,16,0.02061380029765154
yEK19a_7_FDDP220013498-1a_HY_trimmed_forward_notrimmed.sorted.bam,181,0.17859591766618546,0.08154540620467171,16,0.020386351551167928
yEK19a_7_FDDP220013498-1a_HY_trimmed_forward_notrimmed.sorted.bam,182,0.17008965170086382,0.08516521650770245,16,0.021291304126925613
yEK19a_7_FDDP220013498-1a_HY_trimmed_forward_notrimmed.sorted.bam,183,0.17019215072609123,0.08011495538890401,16,0.020028738847226002
yEK19a_7_FDDP220013498-1a_HY_trimmed_forward_notrimmed.sorted.bam,184,0.18051634266109903,0.07826766115931273,16,0.019566915289828183
yEK19a_7_FDDP220013498-1a_HY_trimmed_forward_notrimmed.sorted.bam,185,0.18877286206933236,0.0960449381889574,16,0.02401123454723935
yEK19a_7_FDDP220013498-1a_HY_trimmed_forward_notrimmed.sorted.bam,186,0.18919093169264156,0.10322675034913775,16,0.025806687587284438
yEK19a_7_FDDP220013498-1a_HY_trimmed_forward_notrimmed.sorted.bam,187,0.16653202161452596,0.06719834612167681,16,0.016799586530419203
yEK19a_7_FDDP220013498-1a_HY_trimmed_forward_notrimmed.sorted.bam,188,0.17165851078086417,0.07820796841448309,16,0.019551992103620772
yEK19a_7_FDDP220013498-1a_HY_trimmed_forward_notrimmed.sorted.bam,189,0.1861435368195522,0.08957908444423829,16,0.022394771111059572
yEK19a_7_FDDP220013498-1a_HY_trimmed_forward_notrimmed.sorted.bam,190,0.18265636092657378,0.07688332907217617,16,0.019220832268044042
yEK19a_7_FDDP220013498-1a_HY_trimmed_forward_notrimmed.sorted.bam,191,0.19971569457367247,0.09074822830360564,16,0.02268705707590141
yEK19a_7_FDDP220013498-1a_HY_trimmed_forward_notrimmed.sorted.bam,192,0.1926320041748167,0.09021077474749008,16,0.02255269368687252
yEK19a_7_FDDP220013498-1a_HY_trimmed_forward_notrimmed.sorted.bam,193,0.17480112520735677,0.08351357597388556,16,0.02087839399347139
yEK19a_7_FDDP220013498-1a_HY_trimmed_forward_notrimmed.sorted.bam,194,0.18681014465400936,0.08716070265429927,16,0.02179017566357482
yEK19a_7_FDDP220013498-1a_HY_trimmed_forward_notrimmed.sorted.bam,195,0.1670320189319024,0.07259261027929767,16,0.018148152569824418
yEK19a_7_FDDP220013498-1a_HY_trimmed_forward_notrimmed.sorted.bam,196,0.1775999392042145,0.08681117041347296,16,0.02170279260336824
yEK19a_7_FDDP220013498-1a_HY_trimmed_forward_notrimmed.sorted.bam,197,0.1825271912550503,0.08165833131750211,16,0.020414582829375527
yEK19a_7_FDDP220013498-1a_HY_trimmed_forward_notrimmed.sorted.bam,198,0.17897308552489466,0.07549283654455334,16,0.018873209136138335
yEK19a_7_FDDP220013498-1a_HY_trimmed_forward_notrimmed.sorted.bam,199,0.17432661328619692,0.067697823792931,16,0.01692445594823275
yEK19a_7_FDDP220013498-1a_HY_trimmed_forward_notrimmed.sorted.bam,200,0.17955320213011494,0.09002276068957954,16,0.022505690172394885
yEK19a_7_FDDP220013498-1a_HY_trimmed_forward_notrimmed.sorted.bam,201,0.18775497501147384,0.08149952233312754,16,0.020374880583281886
yEK19a_7_FDDP220013498-1a_HY_trimmed_forward_notrimmed.sorted.bam,202,0.17760971809917675,0.07827295507233022,16,0.019568238768082554
yEK19a_7_FDDP220013498-1a_HY_trimmed_forward_notrimmed.sorted.bam,203,0.19400653850995486,0.08879926068355536,16,0.02219981517088884
yEK19a_7_FDDP220013498-1a_HY_trimmed_forward_notrimmed.sorted.bam,204,0.18352063238490401,0.08918795667445223,16,0.022296989168613057
yEK19a_7_FDDP220013498-1a_HY_trimmed_forward_notrimmed.sorted.bam,205,0.19151278889275708,0.07962928987897867,16,0.01990732246974467
yEK19a_7_FDDP220013498-1a_HY_trimmed_forward_notrimmed.sorted.bam,206,0.20666512118073802,0.09980293127272204,16,0.02495073281818051
yEK19a_7_FDDP220013498-1a_HY_trimmed_forward_notrimmed.sorted.bam,207,0.1888351752527152,0.08225521195294816,16,0.02056380298823704
yEK19a_7_FDDP220013498-1a_HY_trimmed_forward_notrimmed.sorted.bam,208,0.17690021106952614,0.06397008146847188,16,0.01599252036711797
yEK19a_7_FDDP220013498-1a_HY_trimmed_forward_notrimmed.sorted.bam,209,0.21040162480401903,0.08387197091283663,16,0.020967992728209157
yEK19a_7_FDDP220013498-1a_HY_trimmed_forward_notrimmed.sorted.bam,210,0.17966594786293877,0.08223553434287566,16,0.020558883585718914
yEK19a_7_FDDP220013498-1a_HY_trimmed_forward_notrimmed.sorted.bam,211,0.1848350369645925,0.08670295970146404,16,0.02167573992536601
yEK19a_7_FDDP220013498-1a_HY_trimmed_forward_notrimmed.sorted.bam,212,0.19407632979492004,0.09067091995321658,16,0.022667729988304144
yEK19a_7_FDDP220013498-1a_HY_trimmed_forward_notrimmed.sorted.bam,213,0.18358904000566287,0.0979278730622852,16,0.0244819682655713
yEK19a_7_FDDP220013498-1a_HY_trimmed_forward_notrimmed.sorted.bam,214,0.18557886462310125,0.08911629413481982,16,0.022279073533704955
yEK19a_7_FDDP220013498-1a_HY_trimmed_forward_notrimmed.sorted.bam,215,0.1980130572076346,0.08570469541715334,16,0.021426173854288334
yEK19a_7_FDDP220013498-1a_HY_trimmed_forward_notrimmed.sorted.bam,216,0.18476670190484137,0.09183367532168218,16,0.022958418830420546
yEK19a_7_FDDP220013498-1a_HY_trimmed_forward_notrimmed.sorted.bam,217,0.1950232516737073,0.09113229037284558,16,0.022783072593211395
yEK19a_7_FDDP220013498-1a_HY_trimmed_forward_notrimmed.sorted.bam,218,0.1619023075928761,0.0829264140261079,16,0.020731603506526974
yEK19a_7_FDDP220013498-1a_HY_trimmed_forward_notrimmed.sorted.bam,219,0.18395937875812016,0.07217726606391009,16,0.018044316515977522
yEK19a_7_FDDP220013498-1a_HY_trimmed_forward_notrimmed.sorted.bam,220,0.19534559881953414,0.0999699222645243,16,0.024992480566131074
yEK19a_7_FDDP220013498-1a_HY_trimmed_forward_notrimmed.sorted.bam,221,0.1984391813325711,0.09454837077927393,16,0.023637092694818482
yEK19a_7_FDDP220013498-1a_HY_trimmed_forward_notrimmed.sorted.bam,222,0.18233571780389418,0.08658351141511123,16,0.021645877853777806
yEK19a_7_FDDP220013498-1a_HY_trimmed_forward_notrimmed.sorted.bam,223,0.19156280121833963,0.10563160129939944,16,0.02640790032484986
yEK19a_7_FDDP220013498-1a_HY_trimmed_forward_notrimmed.sorted.bam,224,0.19561729530755217,0.08971771931449901,16,0.022429429828624753
yEK19a_7_FDDP220013498-1a_HY_trimmed_forward_notrimmed.sorted.bam,225,0.19305775180553733,0.09702869909749948,16,0.02425717477437487
yEK19a_7_FDDP220013498-1a_HY_trimmed_forward_notrimmed.sorted.bam,226,0.18937442577089408,0.09242169761297088,16,0.02310542440324272
yEK19a_7_FDDP220013498-1a_HY_trimmed_forward_notrimmed.sorted.bam,227,0.20225429385152036,0.08477511352275886,16,0.021193778380689716
yEK19a_7_FDDP220013498-1a_HY_trimmed_forward_notrimmed.sorted.bam,228,0.1853988825131411,0.07952030973681447,16,0.019880077434203617
yEK19a_7_FDDP220013498-1a_HY_trimmed_forward_notrimmed.sorted.bam,229,0.19588525391738812,0.09491274369190605,16,0.023728185922976514
yEK19a_7_FDDP220013498-1a_HY_trimmed_forward_notrimmed.sorted.bam,230,0.19728898612577733,0.09294998494803156,16,0.02323749623700789
yEK19a_7_FDDP220013498-1a_HY_trimmed_forward_notrimmed.sorted.bam,231,0.2003451294530939,0.08739602931361369,16,0.021849007328403423
yEK19a_7_FDDP220013498-1a_HY_trimmed_forward_notrimmed.sorted.bam,232,0.19682965036077205,0.10738826193918952,16,0.02684706548479738
yEK19a_7_FDDP220013498-1a_HY_trimmed_forward_notrimmed.sorted.bam,233,0.20228879896767007,0.0931631806902843,16,0.023290795172571075
yEK19a_7_FDDP220013498-1a_HY_trimmed_forward_notrimmed.sorted.bam,234,0.20061046498649682,0.07932437719853327,16,0.01983109429963332
yEK19a_7_FDDP220013498-1a_HY_trimmed_forward_notrimmed.sorted.bam,235,0.2149083212700351,0.11117206498168135,16,0.027793016245420337
yEK19a_7_FDDP220013498-1a_HY_trimmed_forward_notrimmed.sorted.bam,236,0.17855398080158194,0.06910872008158425,16,0.017277180020396063
yEK19a_7_FDDP220013498-1a_HY_trimmed_forward_notrimmed.sorted.bam,237,0.2017031815856011,0.10114928894025313,16,0.025287322235063282
yEK19a_7_FDDP220013498-1a_HY_trimmed_forward_notrimmed.sorted.bam,238,0.2115220095273905,0.10804025421480733,16,0.02701006355370183
yEK19a_7_FDDP220013498-1a_HY_trimmed_forward_notrimmed.sorted.bam,239,0.19693056693588856,0.10072902031195842,16,0.025182255077989605
yEK19a_7_FDDP220013498-1a_HY_trimmed_forward_notrimmed.sorted.bam,240,0.20515726524629638,0.0814621371640167,16,0.020365534291004177
yEK19a_7_FDDP220013498-1a_HY_trimmed_forward_notrimmed.sorted.bam,241,0.19240392294729583,0.08283821514899076,16,0.02070955378724769
yEK19a_7_FDDP220013498-1a_HY_trimmed_forward_notrimmed.sorted.bam,242,0.22412104659975102,0.09608606268736053,16,0.024021515671840132
yEK19a_7_FDDP220013498-1a_HY_trimmed_forward_notrimmed.sorted.bam,243,0.17999950026928144,0.09654183913104251,16,0.02413545978276063
yEK19a_7_FDDP220013498-1a_HY_trimmed_forward_notrimmed.sorted.bam,244,0.20513638464656836,0.10844497483435166,16,0.027111243708587914
yEK19a_7_FDDP220013498-1a_HY_trimmed_forward_notrimmed.sorted.bam,245,0.19886084507533064,0.09773878272666191,16,0.024434695681665477
yEK19a_7_FDDP220013498-1a_HY_trimmed_forward_notrimmed.sorted.bam,246,0.20537550764544832,0.09050975734206043,16,0.022627439335515108
yEK19a_7_FDDP220013498-1a_HY_trimmed_forward_notrimmed.sorted.bam,247,0.19784639210395535,0.09194914020723474,16,0.022987285051808685
yEK19a_7_FDDP220013498-1a_HY_trimmed_forward_notrimmed.sorted.bam,248,0.21788950490563141,0.10085515963977679,16,0.025213789909944197
yEK19a_7_FDDP220013498-1a_HY_trimmed_forward_notrimmed.sorted.bam,249,0.20555947132338445,0.11603140169212386,16,0.029007850423030966
yEK19a_7_FDDP220013498-1a_HY_trimmed_forward_notrimmed.sorted.bam,250,0.18893174574241584,0.09695245826187412,16,0.02423811456546853
yEK19a_7_FDDP220013498-1a_HY_trimmed_forward_notrimmed.sorted.bam,251,0.20949408103722664,0.07960970210319063,16,0.019902425525797657
yEK19a_7_FDDP220013498-1a_HY_trimmed_forward_notrimmed.sorted.bam,252,0.19031328629566988,0.0930696039099736,16,0.0232674009774934
yEK19a_7_FDDP220013498-1a_HY_trimmed_forward_notrimmed.sorted.bam,253,0.20087262515458948,0.10305132896019509,16,0.025762832240048772
yEK19a_7_FDDP220013498-1a_HY_trimmed_forward_notrimmed.sorted.bam,254,0.17077909244265965,0.0913488149486253,16,0.022837203737156326
yEK19a_7_FDDP220013498-1a_HY_trimmed_forward_notrimmed.sorted.bam,255,0.19011417287119484,0.09034226221334843,16,0.022585565553337107
yEK19a_7_FDDP220013498-1a_HY_trimmed_forward_notrimmed.sorted.bam,256,0.19018497152294456,0.0876826019444983,16,0.021920650486124574
yEK19a_7_FDDP220013498-1a_HY_trimmed_forward_notrimmed.sorted.bam,257,0.18738142586040565,0.09375680330996555,16,0.023439200827491388
yEK19a_7_FDDP220013498-1a_HY_trimmed_forward_notrimmed.sorted.bam,258,0.19776773779066698,0.08910179090386489,16,0.02227544772596622
yEK19a_7_FDDP220013498-1a_HY_trimmed_forward_notrimmed.sorted.bam,259,0.20679530990907777,0.10325373824992808,16,0.02581343456248202
yEK19a_7_FDDP220013498-1a_HY_trimmed_forward_notrimmed.sorted.bam,260,0.204829583713152,0.0975944471138423,16,0.024398611778460574
yEK19a_7_FDDP220013498-1a_HY_trimmed_forward_notrimmed.sorted.bam,261,0.20062885872440345,0.09969130716665729,16,0.024922826791664323
yEK19a_7_FDDP220013498-1a_HY_trimmed_forward_notrimmed.sorted.bam,262,0.19825014782355188,0.07592519906306933,16,0.01898129976576733
yEK19a_7_FDDP220013498-1a_HY_trimmed_forward_notrimmed.sorted.bam,263,0.21627009871170544,0.10420007442969896,16,0.02605001860742474
yEK19a_7_FDDP220013498-1a_HY_trimmed_forward_notrimmed.sorted.bam,264,0.20390251986636568,0.12609854157093747,16,0.03152463539273437
yEK19a_7_FDDP220013498-1a_HY_trimmed_forward_notrimmed.sorted.bam,265,0.2000165561537524,0.10220313178888436,16,0.02555078294722109
yEK19a_7_FDDP220013498-1a_HY_trimmed_forward_notrimmed.sorted.bam,266,0.21978359832643218,0.09365212714404417,16,0.023413031786011042
yEK19a_7_FDDP220013498-1a_HY_trimmed_forward_notrimmed.sorted.bam,267,0.18077049599261752,0.10912880417065142,16,0.027282201042662855
yEK19a_7_FDDP220013498-1a_HY_trimmed_forward_notrimmed.sorted.bam,268,0.19866483823410525,0.11633822033766496,16,0.02908455508441624
yEK19a_7_FDDP220013498-1a_HY_trimmed_forward_notrimmed.sorted.bam,269,0.17367971505469426,0.10121139999290883,16,0.025302849998227208
yEK19a_7_FDDP220013498-1a_HY_trimmed_forward_notrimmed.sorted.bam,270,0.1873383443230895,0.08420050653322166,16,0.021050126633305414
yEK19a_7_FDDP220013498-1a_HY_trimmed_forward_notrimmed.sorted.bam,271,0.19766895001098253,0.09973604680895506,16,0.024934011702238766
yEK19a_7_FDDP220013498-1a_HY_trimmed_forward_notrimmed.sorted.bam,272,0.21749921765924687,0.10936963062066293,16,0.027342407655165733
yEK19a_7_FDDP220013498-1a_HY_trimmed_forward_notrimmed.sorted.bam,273,0.21595178207931903,0.12340912926835448,16,0.03085228231708862
yEK19a_7_FDDP220013498-1a_HY_trimmed_forward_notrimmed.sorted.bam,274,0.22736379039837548,0.12616370584215852,16,0.03154092646053963
yEK19a_7_FDDP220013498-1a_HY_trimmed_forward_notrimmed.sorted.bam,275,0.2196737260518828,0.13122306527162497,16,0.03280576631790624
yEK19a_7_FDDP220013498-1a_HY_trimmed_forward_notrimmed.sorted.bam,276,0.1924297428124878,0.10604471061077629,16,0.026511177652694073
yEK19a_7_FDDP220013498-1a_HY_trimmed_forward_notrimmed.sorted.bam,277,0.2083664102583555,0.13967736728562444,16,0.03491934182140611
yEK19a_7_FDDP220013498-1a_HY_trimmed_forward_notrimmed.sorted.bam,278,0.1974429919873077,0.1102172946217256,16,0.0275543236554314
yEK19a_7_FDDP220013498-1a_HY_trimmed_forward_notrimmed.sorted.bam,279,0.23339663935655794,0.10342206701562749,16,0.025855516753906873
yEK19a_7_FDDP220013498-1a_HY_trimmed_forward_notrimmed.sorted.bam,280,0.21018785172338372,0.10342381158905203,16,0.02585595289726301
yEK19a_7_FDDP220013498-1a_HY_trimmed_forward_notrimmed.sorted.bam,281,0.210640054366368,0.1258578863299324,16,0.0314644715824831
yEK19a_7_FDDP220013498-1a_HY_trimmed_forward_notrimmed.sorted.bam,282,0.22025901330812134,0.13158962360942134,16,0.032897405902355334
yEK19a_7_FDDP220013498-1a_HY_trimmed_forward_notrimmed.sorted.bam,283,0.19496024293760428,0.09401909221367907,16,0.023504773053419768
yEK19a_7_FDDP220013498-1a_HY_trimmed_forward_notrimmed.sorted.bam,284,0.1754891559919452,0.09691772430874336,16,0.02422943107718584
yEK19a_7_FDDP220013498-1a_HY_trimmed_forward_notrimmed.sorted.bam,285,0.21992309390024709,0.13516429409533837,16,0.03379107352383459
yEK19a_7_FDDP220013498-1a_HY_trimmed_forward_notrimmed.sorted.bam,286,0.22123803172717701,0.11620225372309209,16,0.029050563430773023
yEK19a_7_FDDP220013498-1a_HY_trimmed_forward_notrimmed.sorted.bam,287,0.2368043461223282,0.12970357762383602,16,0.032425894405959006
yEK19a_7_FDDP220013498-1a_HY_trimmed_forward_notrimmed.sorted.bam,288,0.22563258665071576,0.11969765430791045,16,0.029924413576977612
yEK19a_7_FDDP220013498-1a_HY_trimmed_forward_notrimmed.sorted.bam,289,0.18763012877143667,0.13088021838274796,16,0.03272005459568699
yEK19a_7_FDDP220013498-1a_HY_trimmed_forward_notrimmed.sorted.bam,290,0.17099543640115047,0.0948689557831564,16,0.0237172389457891
yEK19a_7_FDDP220013498-1a_HY_trimmed_forward_notrimmed.sorted.bam,291,0.20925680561472468,0.11383040792985762,16,0.028457601982464404
yEK19a_7_FDDP220013498-1a_HY_trimmed_forward_notrimmed.sorted.bam,292,0.22466875759521693,0.12199013713465681,16,0.030497534283664203
yEK19a_7_FDDP220013498-1a_HY_trimmed_forward_notrimmed.sorted.bam,293,0.1986492758930766,0.1137356972901707,16,0.028433924322542676
yEK19a_7_FDDP220013498-1a_HY_trimmed_forward_notrimmed.sorted.bam,294,0.1991574061113145,0.13674954997661806,16,0.034187387494154516
yEK19a_7_FDDP220013498-1a_HY_trimmed_forward_notrimmed.sorted.bam,295,0.19734239665003378,0.09480860932100106,16,0.023702152330250265
yEK19a_7_FDDP220013498-1a_HY_trimmed_forward_notrimmed.sorted.bam,296,0.17628385393958582,0.08845599790583814,16,0.022113999476459534
yEK19a_7_FDDP220013498-1a_HY_trimmed_forward_notrimmed.sorted.bam,297,0.1958744793830487,0.12812578500299832,16,0.03203144625074958
yEK19a_7_FDDP220013498-1a_HY_trimmed_forward_notrimmed.sorted.bam,298,0.21569962844195392,0.13591887785259774,16,0.033979719463149434
yEK19a_7_FDDP220013498-1a_HY_trimmed_forward_notrimmed.sorted.bam,299,0.2000458470675614,0.12216063986535718,16,0.030540159966339294
yEK19a_7_FDDP220013498-1a_HY_trimmed_forward_notrimmed.sorted.bam,300,0.19576396948831468,0.11072651826067163,16,0.027681629565167908
yEK19a_7_FDDP220013498-1a_HY_trimmed_forward_notrimmed.sorted.bam,301,0.21832773368858693,0.1144708897703318,16,0.02861772244258295
yEK19a_7_FDDP220013498-1a_HY_trimmed_forward_notrimmed.sorted.bam,302,0.22937533931696555,0.13067027342865267,16,0.03266756835716317
yEK19a_7_FDDP220013498-1a_HY_trimmed_forward_notrimmed.sorted.bam,303,0.18231293742617266,0.11096265380612026,16,0.027740663451530066
yEK19a_7_FDDP220013498-1a_HY_trimmed_forward_notrimmed.sorted.bam,304,0.20492924126188314,0.11384345546220634,16,0.028460863865551585
yEK19a_7_FDDP220013498-1a_HY_trimmed_forward_notrimmed.sorted.bam,305,0.17879036752255964,0.12220714563857717,16,0.03055178640964429
yEK19a_7_FDDP220013498-1a_HY_trimmed_forward_notrimmed.sorted.bam,306,0.20352687654299764,0.1060757701214401,16,0.026518942530360023
yEK19a_7_FDDP220013498-1a_HY_trimmed_forward_notrimmed.sorted.bam,307,0.21419515692521424,0.14769606585628334,16,0.036924016464070834
yEK19a_7_FDDP220013498-1a_HY_trimmed_forward_notrimmed.sorted.bam,308,0.2069673059209602,0.1255591584143968,16,0.0313897896035992
yEK19a_7_FDDP220013498-1a_HY_trimmed_forward_notrimmed.sorted.bam,309,0.23383252823421918,0.12868999011343607,16,0.03217249752835902
yEK19a_7_FDDP220013498-1a_HY_trimmed_forward_notrimmed.sorted.bam,310,0.20876428726987115,0.11304626945506843,16,0.028261567363767108
yEK19a_7_FDDP220013498-1a_HY_trimmed_forward_notrimmed.sorted.bam,311,0.22505220766737938,0.11473942182861958,16,0.028684855457154896
yEK19a_7_FDDP220013498-1a_HY_trimmed_forward_notrimmed.sorted.bam,312,0.19438383206571463,0.08542061995228634,16,0.021355154988071584
yEK19a_7_FDDP220013498-1a_HY_trimmed_forward_notrimmed.sorted.bam,313,0.2258586496809622,0.14464738511009345,16,0.03616184627752336
yEK19a_7_FDDP220013498-1a_HY_trimmed_forward_notrimmed.sorted.bam,314,0.20137571235086751,0.13431719811120532,16,0.03357929952780133
yEK19a_7_FDDP220013498-1a_HY_trimmed_forward_notrimmed.sorted.bam,315,0.20257924461590815,0.1503271577030968,16,0.0375817894257742
yEK19a_7_FDDP220013498-1a_HY_trimmed_forward_notrimmed.sorted.bam,316,0.19592609624693202,0.13006585637253662,16,0.032516464093134155
yEK19a_7_FDDP220013498-1a_HY_trimmed_forward_notrimmed.sorted.bam,317,0.21545583674318236,0.1224028715831268,16,0.0306007178957817
yEK19a_7_FDDP220013498-1a_HY_trimmed_forward_notrimmed.sorted.bam,318,0.19957299720604987,0.13176403873594938,16,0.032941009683987346
yEK19a_7_FDDP220013498-1a_HY_trimmed_forward_notrimmed.sorted.bam,319,0.20806260880398664,0.1123054818400511,16,0.028076370460012774
yEK19a_7_FDDP220013498-1a_HY_trimmed_forward_notrimmed.sorted.bam,320,0.20275285132828494,0.14452404950085318,16,0.036131012375213295
yEK19a_7_FDDP220013498-1a_HY_trimmed_forward_notrimmed.sorted.bam,321,0.19203361722686868,0.0653814563264996,16,0.0163453640816249
yEK19a_7_FDDP220013498-1a_HY_trimmed_forward_notrimmed.sorted.bam,322,0.19426900928208846,0.13105284281105745,16,0.03276321070276436
yEK19a_7_FDDP220013498-1a_HY_trimmed_forward_notrimmed.sorted.bam,323,0.1624956592844621,0.09250321471804115,16,0.02312580367951029
yEK19a_7_FDDP220013498-1a_HY_trimmed_forward_notrimmed.sorted.bam,324,0.2286327651594911,0.1456747075301309,16,0.036418676882532725
yEK19a_7_FDDP220013498-1a_HY_trimmed_forward_notrimmed.sorted.bam,325,0.1922799228421739,0.11854697532811258,16,0.029636743832028144
yEK19a_7_FDDP220013498-1a_HY_trimmed_forward_notrimmed.sorted.bam,326,0.19237125491445906,0.11617384639601433,16,0.029043461599003582
yEK19a_7_FDDP220013498-1a_HY_trimmed_forward_notrimmed.sorted.bam,327,0.2279162745202159,0.12326279544420937,16,0.030815698861052343
yEK19a_7_FDDP220013498-1a_HY_trimmed_forward_notrimmed.sorted.bam,328,0.2110315622366264,0.11698734877249806,16,0.029246837193124514
yEK19a_7_FDDP220013498-1a_HY_trimmed_forward_notrimmed.sorted.bam,329,0.2193557809067922,0.14030486287682822,16,0.035076215719207056
yEK19a_7_FDDP220013498-1a_HY_trimmed_forward_notrimmed.sorted.bam,330,0.23324558066379047,0.15388351854424723,16,0.03847087963606181
yEK19a_7_FDDP220013498-1a_HY_trimmed_forward_notrimmed.sorted.bam,331,0.21081185679534656,0.1456767199865183,16,0.03641917999662957
yEK19a_7_FDDP220013498-1a_HY_trimmed_forward_notrimmed.sorted.bam,332,0.20192861128518164,0.12362206359814809,16,0.030905515899537023
yEK19a_7_FDDP220013498-1a_HY_trimmed_forward_notrimmed.sorted.bam,333,0.18995876516285692,0.10530451360778799,16,0.026326128401946997
yEK19a_7_FDDP220013498-1a_HY_trimmed_forward_notrimmed.sorted.bam,334,0.2294677529703212,0.12573151024416437,16,0.031432877561041093
yEK19a_7_FDDP220013498-1a_HY_trimmed_forward_notrimmed.sorted.bam,335,0.24332187923987875,0.14529780112865953,16,0.03632445028216488
yEK19a_7_FDDP220013498-1a_HY_trimmed_forward_notrimmed.sorted.bam,336,0.20135391152264726,0.11471654251677822,16,0.028679135629194556
yEK19a_7_FDDP220013498-1a_HY_trimmed_forward_notrimmed.sorted.bam,337,0.22959779011504763,0.13817691034305307,16,0.03454422758576327
yEK19a_7_FDDP220013498-1a_HY_trimmed_forward_notrimmed.sorted.bam,338,0.21664326557958644,0.13768069987696246,16,0.034420174969240616
yEK19a_7_FDDP220013498-1a_HY_trimmed_forward_notrimmed.sorted.bam,339,0.21268604276329903,0.11904747425536434,16,0.029761868563841085
yEK19a_7_FDDP220013498-1a_HY_trimmed_forward_notrimmed.sorted.bam,340,0.18397376659014497,0.12401939555587814,16,0.031004848888969535
yEK19a_7_FDDP220013498-1a_HY_trimmed_forward_notrimmed.sorted.bam,341,0.18313614754645668,0.0926279388600827,16,0.023156984715020677
yEK19a_7_FDDP220013498-1a_HY_trimmed_forward_notrimmed.sorted.bam,342,0.23157289516997004,0.1436252869529433,16,0.035906321738235825
yEK19a_7_FDDP220013498-1a_HY_trimmed_forward_notrimmed.sorted.bam,343,0.23282658054960098,0.12638479116053594,16,0.031596197790133985
yEK19a_7_FDDP220013498-1a_HY_trimmed_forward_notrimmed.sorted.bam,344,0.2377917007579951,0.16020405830057874,16,0.040051014575144685
yEK19a_7_FDDP220013498-1a_HY_trimmed_forward_notrimmed.sorted.bam,345,0.2340856510121661,0.14192101381876426,16,0.035480253454691066
yEK19a_7_FDDP220013498-1a_HY_trimmed_forward_notrimmed.sorted.bam,346,0.1944893875406317,0.09160881954845237,16,0.022902204887113094
yEK19a_7_FDDP220013498-1a_HY_trimmed_forward_notrimmed.sorted.bam,347,0.2264328184870084,0.10563852266307007,16,0.026409630665767517
yEK19a_7_FDDP220013498-1a_HY_trimmed_forward_notrimmed.sorted.bam,348,0.2256041962598713,0.13103044621293797,16,0.03275761155323449
yEK19a_7_FDDP220013498-1a_HY_trimmed_forward_notrimmed.sorted.bam,349,0.2146873040613215,0.12787905408018577,16,0.03196976352004644
yEK19a_7_FDDP220013498-1a_HY_trimmed_forward_notrimmed.sorted.bam,350,0.20639595698080593,0.09759307853757541,16,0.024398269634393854
yEK19a_7_FDDP220013498-1a_HY_trimmed_forward_notrimmed.sorted.bam,351,0.22287014753342715,0.1326350071092017,16,0.033158751777300426
yEK19a_7_FDDP220013498-1a_HY_trimmed_forward_notrimmed.sorted.bam,352,0.1919424321367476,0.14622390129277663,16,0.036555975323194156
yEK19a_7_FDDP220013498-1a_HY_trimmed_forward_notrimmed.sorted.bam,353,0.19683145326908383,0.12315871343585569,16,0.030789678358963922
yEK19a_7_FDDP220013498-1a_HY_trimmed_forward_notrimmed.sorted.bam,354,0.20049940243911912,0.1513680986745143,16,0.03784202466862858
yEK19a_7_FDDP220013498-1a_HY_trimmed_forward_notrimmed.sorted.bam,355,0.22435079414718906,0.1383754449372622,16,0.03459386123431555
yEK19a_7_FDDP220013498-1a_HY_trimmed_forward_notrimmed.sorted.bam,356,0.2110671256193118,0.13756774607242908,16,0.03439193651810727
yEK19a_7_FDDP220013498-1a_HY_trimmed_forward_notrimmed.sorted.bam,357,0.22904724624986433,0.12630146655159344,16,0.03157536663789836
yEK19a_7_FDDP220013498-1a_HY_trimmed_forward_notrimmed.sorted.bam,358,0.20015809974622464,0.11537281525465315,16,0.028843203813663287
yEK19a_7_FDDP220013498-1a_HY_trimmed_forward_notrimmed.sorted.bam,359,0.22577592372544458,0.13262974515900008,16,0.03315743628975002
yEK19a_7_FDDP220013498-1a_HY_trimmed_forward_notrimmed.sorted.bam,360,0.23264074750675795,0.1533087534480121,16,0.03832718836200302
yEK19a_7_FDDP220013498-1a_HY_trimmed_forward_notrimmed.sorted.bam,361,0.19562217363497753,0.14854517486534888,16,0.03713629371633722
yEK19a_7_FDDP220013498-1a_HY_trimmed_forward_notrimmed.sorted.bam,362,0.24620250757935508,0.1263477203496616,16,0.0315869300874154
yEK19a_7_FDDP220013498-1a_HY_trimmed_forward_notrimmed.sorted.bam,363,0.21078752655879787,0.12228204889603259,16,0.030570512224008146
yEK19a_7_FDDP220013498-1a_HY_trimmed_forward_notrimmed.sorted.bam,364,0.22161768483229455,0.11869036259899127,16,0.029672590649747817
yEK19a_7_FDDP220013498-1a_HY_trimmed_forward_notrimmed.sorted.bam,365,0.1776147936752281,0.09937675811780676,16,0.02484418952945169
yEK19a_7_FDDP220013498-1a_HY_trimmed_forward_notrimmed.sorted.bam,366,0.21086770349650127,0.13622712520369043,16,0.03405678130092261
yEK19a_7_FDDP220013498-1a_HY_trimmed_forward_notrimmed.sorted.bam,367,0.27913657606122433,0.15435001656033698,16,0.038587504140084244
yEK19a_7_FDDP220013498-1a_HY_trimmed_forward_notrimmed.sorted.bam,368,0.2128994156480191,0.15298217524502528,16,0.03824554381125632
yEK19a_7_FDDP220013498-1a_HY_trimmed_forward_notrimmed.sorted.bam,369,0.20034869724963997,0.17595269310845363,16,0.04398817327711341
yEK19a_7_FDDP220013498-1a_HY_trimmed_forward_notrimmed.sorted.bam,370,0.24422758091400742,0.16302010855030555,16,0.04075502713757639
yEK19a_7_FDDP220013498-1a_HY_trimmed_forward_notrimmed.sorted.bam,371,0.22077511442537703,0.12269056561878623,16,0.030672641404696558
yEK19a_7_FDDP220013498-1a_HY_trimmed_forward_notrimmed.sorted.bam,372,0.18867626166622908,0.1182747176789638,16,0.02956867941974095
yEK19a_7_FDDP220013498-1a_HY_trimmed_forward_notrimmed.sorted.bam,373,0.22554054478679958,0.13352014208773066,16,0.033380035521932666
yEK19a_7_FDDP220013498-1a_HY_trimmed_forward_notrimmed.sorted.bam,374,0.22310888898807232,0.15125724827040543,16,0.03781431206760136
yEK19a_7_FDDP220013498-1a_HY_trimmed_forward_notrimmed.sorted.bam,375,0.20706818199358865,0.16367942421595763,16,0.04091985605398941
yEK19a_7_FDDP220013498-1a_HY_trimmed_forward_notrimmed.sorted.bam,376,0.23978103715725285,0.12863152629459804,16,0.03215788157364951
yEK19a_7_FDDP220013498-1a_HY_trimmed_forward_notrimmed.sorted.bam,377,0.17681372063340395,0.15747676277189385,16,0.03936919069297346
yEK19a_7_FDDP220013498-1a_HY_trimmed_forward_notrimmed.sorted.bam,378,0.21181953743737614,0.15072804795455955,16,0.03768201198863989
yEK19a_7_FDDP220013498-1a_HY_trimmed_forward_notrimmed.sorted.bam,379,0.23481154429317164,0.12074498057406506,16,0.030186245143516265
yEK19a_7_FDDP220013498-1a_HY_trimmed_forward_notrimmed.sorted.bam,380,0.21241928561362125,0.173333277438753,16,0.04333331935968825
yEK19a_7_FDDP220013498-1a_HY_trimmed_forward_notrimmed.sorted.bam,381,0.25534003562574986,0.1465766791519188,16,0.0366441697879797
yEK19a_7_FDDP220013498-1a_HY_trimmed_forward_notrimmed.sorted.bam,382,0.18255862103831003,0.12150015228914711,16,0.030375038072286777
yEK19a_7_FDDP220013498-1a_HY_trimmed_forward_notrimmed.sorted.bam,383,0.18939124876872998,0.13832797720623605,16,0.03458199430155901
yEK19a_7_FDDP220013498-1a_HY_trimmed_forward_notrimmed.sorted.bam,384,0.25025393557386477,0.1510380309107135,16,0.037759507727678374
yEK19a_7_FDDP220013498-1a_HY_trimmed_forward_notrimmed.sorted.bam,385,0.2329318364235184,0.1562957037000358,16,0.03907392592500895
yEK19a_7_FDDP220013498-1a_HY_trimmed_forward_notrimmed.sorted.bam,386,0.22063941315815525,0.1295614088683506,16,0.03239035221708765
yEK19a_7_FDDP220013498-1a_HY_trimmed_forward_notrimmed.sorted.bam,387,0.21152078055707002,0.11979442662485497,16,0.029948606656213742
yEK19a_7_FDDP220013498-1a_HY_trimmed_forward_notrimmed.sorted.bam,388,0.22753904671675,0.1901477766860883,16,0.04753694417152207
yEK19a_7_FDDP220013498-1a_HY_trimmed_forward_notrimmed.sorted.bam,389,0.19070393196416158,0.13365996634080726,16,0.033414991585201816
yEK19a_7_FDDP220013498-1a_HY_trimmed_forward_notrimmed.sorted.bam,390,0.19275419348168188,0.12633351459372869,16,0.03158337864843217
yEK19a_7_FDDP220013498-1a_HY_trimmed_forward_notrimmed.sorted.bam,391,0.1841140798796337,0.12360014407183069,16,0.030900036017957672
yEK19a_7_FDDP220013498-1a_HY_trimmed_forward_notrimmed.sorted.bam,392,0.20484116935113678,0.166246705442554,16,0.0415616763606385
yEK19a_7_FDDP220013498-1a_HY_trimmed_forward_notrimmed.sorted.bam,393,0.1789107219889552,0.1088135754397906,16,0.02720339385994765
yEK19a_7_FDDP220013498-1a_HY_trimmed_forward_notrimmed.sorted.bam,394,0.1771268690320658,0.13182693356767963,16,0.03295673339191991
yEK19a_7_FDDP220013498-1a_HY_trimmed_forward_notrimmed.sorted.bam,395,0.21287194844574753,0.14073788013505747,16,0.03518447003376437
yEK19a_7_FDDP220013498-1a_HY_trimmed_forward_notrimmed.sorted.bam,396,0.21190877589629023,0.16007511341010713,16,0.04001877835252678
yEK19a_7_FDDP220013498-1a_HY_trimmed_forward_notrimmed.sorted.bam,397,0.16695041771546154,0.12877876165812413,16,0.03219469041453103
yEK19a_7_FDDP220013498-1a_HY_trimmed_forward_notrimmed.sorted.bam,398,0.19203706692558414,0.1426784270113912,16,0.0356696067528478
yEK19a_7_FDDP220013498-1a_HY_trimmed_forward_notrimmed.sorted.bam,399,0.2223195737602383,0.1824579702384226,16,0.04561449255960565
yEK19a_7_FDDP220013498-1a_HY_trimmed_forward_notrimmed.sorted.bam,400,0.2251803946547915,0.15197857715162696,16,0.03799464428790674
yEK19a_7_FDDP220013498-1a_HY_trimmed_forward_notrimmed.sorted.bam,401,0.23639287769446643,0.1234683698998959,16,0.030867092474973976
yEK19a_7_FDDP220013498-1a_HY_trimmed_forward_notrimmed.sorted.bam,402,0.19381805579356956,0.14824588562765126,16,0.037061471406912815
yEK19a_7_FDDP220013498-1a_HY_trimmed_forward_notrimmed.sorted.bam,403,0.2504548741652961,0.16309201173406254,16,0.040773002933515635
yEK19a_7_FDDP220013498-1a_HY_trimmed_forward_notrimmed.sorted.bam,404,0.15898985227279053,0.18709109951901656,16,0.04677277487975414
yEK19a_7_FDDP220013498-1a_HY_trimmed_forward_notrimmed.sorted.bam,405,0.22682821656737226,0.17249913640094633,16,0.04312478410023658
yEK19a_7_FDDP220013498-1a_HY_trimmed_forward_notrimmed.sorted.bam,406,0.21163064353308425,0.13878369283784286,16,0.034695923209460716
yEK19a_7_FDDP220013498-1a_HY_trimmed_forward_notrimmed.sorted.bam,407,0.1673887050145994,0.15976394549166847,16,0.03994098637291712
yEK19a_7_FDDP220013498-1a_HY_trimmed_forward_notrimmed.sorted.bam,408,0.21908690904596695,0.17609633336310668,16,0.04402408334077667
yEK19a_7_FDDP220013498-1a_HY_trimmed_forward_notrimmed.sorted.bam,409,0.23859247529532487,0.1517616297768435,16,0.03794040744421087
yEK19a_7_FDDP220013498-1a_HY_trimmed_forward_notrimmed.sorted.bam,410,0.18505412051518996,0.13031046593460544,16,0.03257761648365136
yEK19a_7_FDDP220013498-1a_HY_trimmed_forward_notrimmed.sorted.bam,411,0.204189232422754,0.1387149042251816,16,0.0346787260562954
yEK19a_7_FDDP220013498-1a_HY_trimmed_forward_notrimmed.sorted.bam,412,0.2695288838003902,0.16615930249720248,16,0.04153982562430062
yEK19a_7_FDDP220013498-1a_HY_trimmed_forward_notrimmed.sorted.bam,413,0.21567720242546295,0.1603960646127919,16,0.040099016153197976
yEK19a_7_FDDP220013498-1a_HY_trimmed_forward_notrimmed.sorted.bam,414,0.21137520710902907,0.1716501877387214,16,0.04291254693468035
yEK19a_7_FDDP220013498-1a_HY_trimmed_forward_notrimmed.sorted.bam,415,0.28543055191646954,0.18391717222718898,16,0.045979293056797245
yEK19a_7_FDDP220013498-1a_HY_trimmed_forward_notrimmed.sorted.bam,416,0.2737898381788207,0.2054320980657297,16,0.05135802451643243
yEK19a_7_FDDP220013498-1a_HY_trimmed_forward_notrimmed.sorted.bam,417,0.23487723013663114,0.14712151170008375,16,0.03678037792502094
yEK19a_7_FDDP220013498-1a_HY_trimmed_forward_notrimmed.sorted.bam,418,0.19811565908252723,0.1569404231050351,16,0.03923510577625877
yEK19a_7_FDDP220013498-1a_HY_trimmed_forward_notrimmed.sorted.bam,419,0.22295335030085556,0.19068213857119964,16,0.04767053464279991
yEK19a_7_FDDP220013498-1a_HY_trimmed_forward_notrimmed.sorted.bam,420,0.2171458981010225,0.1658006319667653,16,0.04145015799169133
yEK19a_7_FDDP220013498-1a_HY_trimmed_forward_notrimmed.sorted.bam,421,0.2090237298098472,0.15006885951028232,16,0.03751721487757058
yEK19a_7_FDDP220013498-1a_HY_trimmed_forward_notrimmed.sorted.bam,422,0.22219623915082032,0.15183102038163873,16,0.03795775509540968
yEK19a_7_FDDP220013498-1a_HY_trimmed_forward_notrimmed.sorted.bam,423,0.18434831250439235,0.17327734353498717,16,0.04331933588374679
yEK19a_7_FDDP220013498-1a_HY_trimmed_forward_notrimmed.sorted.bam,424,0.2044429842228312,0.15625980738596815,16,0.03906495184649204
yEK19a_7_FDDP220013498-1a_HY_trimmed_forward_notrimmed.sorted.bam,425,0.24437499882184469,0.20732670308965126,16,0.051831675772412815
yEK19a_7_FDDP220013498-1a_HY_trimmed_forward_notrimmed.sorted.bam,426,0.21263598175272497,0.1851193029606638,16,0.04627982574016595
yEK19a_7_FDDP220013498-1a_HY_trimmed_forward_notrimmed.sorted.bam,427,0.17677659175442695,0.12371382148465065,16,0.030928455371162664
yEK19a_7_FDDP220013498-1a_HY_trimmed_forward_notrimmed.sorted.bam,428,0.2396032161538947,0.1831985663879613,16,0.04579964159699033
yEK19a_7_FDDP220013498-1a_HY_trimmed_forward_notrimmed.sorted.bam,429,0.2522387266150883,0.16218876661396545,16,0.04054719165349136
yEK19a_7_FDDP220013498-1a_HY_trimmed_forward_notrimmed.sorted.bam,430,0.24891131063255362,0.15622023947604752,16,0.03905505986901188
yEK19a_7_FDDP220013498-1a_HY_trimmed_forward_notrimmed.sorted.bam,431,0.20868540814307307,0.12353323004027558,16,0.030883307510068896
yEK19a_7_FDDP220013498-1a_HY_trimmed_forward_notrimmed.sorted.bam,432,0.2138707896718371,0.12926132876958674,16,0.032315332192396684
yEK19a_7_FDDP220013498-1a_HY_trimmed_forward_notrimmed.sorted.bam,433,0.19579865183947548,0.18908471232668797,16,0.04727117808167199
yEK19a_7_FDDP220013498-1a_HY_trimmed_forward_notrimmed.sorted.bam,434,0.2192013353648279,0.1903447355081777,16,0.04758618387704443
yEK19a_7_FDDP220013498-1a_HY_trimmed_forward_notrimmed.sorted.bam,435,0.23987209673873702,0.1533100776040544,16,0.0383275194010136
yEK19a_7_FDDP220013498-1a_HY_trimmed_forward_notrimmed.sorted.bam,436,0.2137677109617885,0.16087859927195738,16,0.040219649817989346
yEK19a_7_FDDP220013498-1a_HY_trimmed_forward_notrimmed.sorted.bam,437,0.24267019079603058,0.1585697340625073,16,0.039642433515626824
yEK19a_7_FDDP220013498-1a_HY_trimmed_forward_notrimmed.sorted.bam,438,0.1945470284987059,0.21210540378153425,16,0.05302635094538356
yEK19a_7_FDDP220013498-1a_HY_trimmed_forward_notrimmed.sorted.bam,439,0.22646981799856442,0.15681018255167042,16,0.039202545637917606
yEK19a_7_FDDP220013498-1a_HY_trimmed_forward_notrimmed.sorted.bam,440,0.20962196187094745,0.13109653489788234,16,0.032774133724470585
yEK19a_7_FDDP220013498-1a_HY_trimmed_forward_notrimmed.sorted.bam,441,0.21465518311588996,0.1628297819731648,16,0.0407074454932912
yEK19a_7_FDDP220013498-1a_HY_trimmed_forward_notrimmed.sorted.bam,442,0.19467646222365878,0.17771283423563952,16,0.04442820855890988
yEK19a_7_FDDP220013498-1a_HY_trimmed_forward_notrimmed.sorted.bam,443,0.29095370051478414,0.1751725338249576,16,0.0437931334562394
yEK19a_7_FDDP220013498-1a_HY_trimmed_forward_notrimmed.sorted.bam,444,0.244195584909845,0.2081365024171245,16,0.052034125604281126
yEK19a_7_FDDP220013498-1a_HY_trimmed_forward_notrimmed.sorted.bam,445,0.21313244932287215,0.16333008411101166,16,0.040832521027752915
yEK19a_7_FDDP220013498-1a_HY_trimmed_forward_notrimmed.sorted.bam,446,0.31481742866843976,0.25276565438709864,16,0.06319141359677466
yEK19a_7_FDDP220013498-1a_HY_trimmed_forward_notrimmed.sorted.bam,447,0.1836139202437223,0.17526870529137015,16,0.04381717632284254
yEK19a_7_FDDP220013498-1a_HY_trimmed_forward_notrimmed.sorted.bam,448,0.2597216123443443,0.2454292840357849,16,0.061357321008946225
yEK19a_7_FDDP220013498-1a_HY_trimmed_forward_notrimmed.sorted.bam,449,0.25964816264302876,0.28590359443333296,16,0.07147589860833324
yEK19a_7_FDDP220013498-1a_HY_trimmed_forward_notrimmed.sorted.bam,450,0.24164246281630167,0.1693489759615909,16,0.042337243990397726
yEK19a_7_FDDP220013498-1a_HY_trimmed_forward_notrimmed.sorted.bam,451,0.14079175788319442,0.12322645913597019,16,0.030806614783992547
yEK19a_7_FDDP220013498-1a_HY_trimmed_forward_notrimmed.sorted.bam,452,0.22695446863358074,0.16848049572262036,16,0.04212012393065509
yEK19a_7_FDDP220013498-1a_HY_trimmed_forward_notrimmed.sorted.bam,453,0.1886074338441602,0.16801054400248666,16,0.042002636000621665
yEK19a_7_FDDP220013498-1a_HY_trimmed_forward_notrimmed.sorted.bam,454,0.1853533134460945,0.2071968560071452,16,0.0517992140017863
yEK19a_7_FDDP220013498-1a_HY_trimmed_forward_notrimmed.sorted.bam,455,0.2878155655660932,0.26065015009088083,16,0.06516253752272021
yEK19a_7_FDDP220013498-1a_HY_trimmed_forward_notrimmed.sorted.bam,456,0.2268299026874518,0.200618561621171,16,0.05015464040529275
yEK19a_7_FDDP220013498-1a_HY_trimmed_forward_notrimmed.sorted.bam,457,0.2077417861744058,0.17583817455509512,16,0.04395954363877378
yEK19a_7_FDDP220013498-1a_HY_trimmed_forward_notrimmed.sorted.bam,458,0.23717578801746894,0.1874227845690694,16,0.04685569614226735
yEK19a_7_FDDP220013498-1a_HY_trimmed_forward_notrimmed.sorted.bam,459,0.23335420035619844,0.18171930231262212,15,0.04691972210274776
yEK19a_7_FDDP220013498-1a_HY_trimmed_forward_notrimmed.sorted.bam,460,0.2560593045832042,0.166780114572178,15,0.04306244041444069
yEK19a_7_FDDP220013498-1a_HY_trimmed_forward_notrimmed.sorted.bam,461,0.23956648288028118,0.17233899540223332,15,0.04449773727299775
yEK19a_7_FDDP220013498-1a_HY_trimmed_forward_notrimmed.sorted.bam,462,0.186118686612167,0.1865898875259169,15,0.04817730179723942
yEK19a_7_FDDP220013498-1a_HY_trimmed_forward_notrimmed.sorted.bam,463,0.2663837816428386,0.20547915362950478,15,0.05305448933332449
yEK19a_7_FDDP220013498-1a_HY_trimmed_forward_notrimmed.sorted.bam,464,0.22217350794822685,0.1549232842055733,15,0.04000101997786293
yEK19a_7_FDDP220013498-1a_HY_trimmed_forward_notrimmed.sorted.bam,465,0.23559720473426016,0.19064700666944895,15,0.049224845455671344
yEK19a_7_FDDP220013498-1a_HY_trimmed_forward_notrimmed.sorted.bam,466,0.20836245617300875,0.20012082954488114,15,0.051670976003769194
yEK19a_7_FDDP220013498-1a_HY_trimmed_forward_notrimmed.sorted.bam,467,0.21468409113550818,0.16888318335925975,15,0.04360545044032711
yEK19a_7_FDDP220013498-1a_HY_trimmed_forward_notrimmed.sorted.bam,468,0.22372537500825704,0.18830300191846858,15,0.04861962603140614
yEK19a_7_FDDP220013498-1a_HY_trimmed_forward_notrimmed.sorted.bam,469,0.20954255382545908,0.16502410411799034,15,0.04260904046478503
yEK19a_7_FDDP220013498-1a_HY_trimmed_forward_notrimmed.sorted.bam,470,0.19654303737906192,0.18936768475696156,15,0.048894525958237886
yEK19a_7_FDDP220013498-1a_HY_trimmed_forward_notrimmed.sorted.bam,471,0.21485374128965049,0.18436349931614235,15,0.04760245083332946
yEK19a_7_FDDP220013498-1a_HY_trimmed_forward_notrimmed.sorted.bam,472,0.23247446051324333,0.16517801115845773,15,0.042648779091757974
yEK19a_7_FDDP220013498-1a_HY_trimmed_forward_notrimmed.sorted.bam,473,0.20280715741070365,0.19750424495185245,15,0.05099537676691966
yEK19a_7_FDDP220013498-1a_HY_trimmed_forward_notrimmed.sorted.bam,474,0.22314647066311008,0.15449180644063062,15,0.03988961289800414
yEK19a_7_FDDP220013498-1a_HY_trimmed_forward_notrimmed.sorted.bam,475,0.29731657904450937,0.21813230649330484,15,0.05632151935455877
yEK19a_7_FDDP220013498-1a_HY_trimmed_forward_notrimmed.sorted.bam,476,0.2324645266655585,0.15842418713617926,15,0.040904949227657965
yEK19a_7_FDDP220013498-1a_HY_trimmed_forward_notrimmed.sorted.bam,477,0.15243585435858692,0.1654130047914474,15,0.042709454186893564
yEK19a_7_FDDP220013498-1a_HY_trimmed_forward_notrimmed.sorted.bam,478,0.2895991140107642,0.16782957184498254,15,0.04333340911711591
yEK19a_7_FDDP220013498-1a_HY_trimmed_forward_notrimmed.sorted.bam,479,0.26787037734909547,0.21975266781855388,15,0.056739894849727315
yEK19a_7_FDDP220013498-1a_HY_trimmed_forward_notrimmed.sorted.bam,480,0.23242625218550964,0.19889652873917502,15,0.05135486289501931
yEK19a_7_FDDP220013498-1a_HY_trimmed_forward_notrimmed.sorted.bam,481,0.17918072583003344,0.17496154684455265,15,0.045174877143709415
yEK19a_7_FDDP220013498-1a_HY_trimmed_forward_notrimmed.sorted.bam,482,0.2798834260031047,0.20792155549729874,15,0.05368511478390528
yEK19a_7_FDDP220013498-1a_HY_trimmed_forward_notrimmed.sorted.bam,483,0.24942107689460585,0.2545680076879822,15,0.06572917695018378
yEK19a_7_FDDP220013498-1a_HY_trimmed_forward_notrimmed.sorted.bam,484,0.11800551295855535,0.13390983825111807,15,0.03457537156266061
yEK19a_7_FDDP220013498-1a_HY_trimmed_forward_notrimmed.sorted.bam,485,0.19302367300713133,0.23066758002941182,15,0.05955811306425857
yEK19a_7_FDDP220013498-1a_HY_trimmed_forward_notrimmed.sorted.bam,486,0.2657034019059183,0.2210103895126937,15,0.057064637194765136
yEK19a_7_FDDP220013498-1a_HY_trimmed_forward_notrimmed.sorted.bam,487,0.270096176706274,0.24359564333308178,15,0.06289612465584717
yEK19a_7_FDDP220013498-1a_HY_trimmed_forward_notrimmed.sorted.bam,488,0.3491574135967724,0.33178099045358056,15,0.08566548337432796
yEK19a_7_FDDP220013498-1a_HY_trimmed_forward_notrimmed.sorted.bam,489,0.1075085206217311,0.12213532511916521,15,0.03153520534467701
yEK19a_7_FDDP220013498-1a_HY_trimmed_forward_notrimmed.sorted.bam,490,0.21915368863110782,0.21928257468585444,15,0.05661851732478656
yEK19a_7_FDDP220013498-1a_HY_trimmed_forward_notrimmed.sorted.bam,491,0.17347989208380615,0.17984194951490307,15,0.046434991694712976
yEK19a_7_FDDP220013498-1a_HY_trimmed_forward_notrimmed.sorted.bam,492,0.22566903324105683,0.2885638101361061,15,0.0745068553983532
yEK19a_7_FDDP220013498-1a_HY_trimmed_forward_notrimmed.sorted.bam,493,0.1916627943946746,0.30453356581353513,15,0.0786302285837988
yEK19a_7_FDDP220013498-1a_HY_trimmed_forward_notrimmed.sorted.bam,494,0.21250078247072776,0.21445270968584748,15,0.05537145154415609
yEK19a_7_FDDP220013498-1a_HY_trimmed_forward_notrimmed.sorted.bam,495,0.19778428750580263,0.17466309986408335,15,0.04509781846470384
yEK19a_7_FDDP220013498-1a_HY_trimmed_forward_notrimmed.sorted.bam,496,0.22520046503412697,0.2496695992626722,15,0.0644644133332406
yEK19a_7_FDDP220013498-1a_HY_trimmed_forward_notrimmed.sorted.bam,497,0.26603176198630546,0.2745850993169772,15,0.07089756778475749
yEK19a_7_FDDP220013498-1a_HY_trimmed_forward_notrimmed.sorted.bam,498,0.33766138326091005,0.28363288580604323,15,0.07323369621090371
yEK19a_7_FDDP220013498-1a_HY_trimmed_forward_notrimmed.sorted.bam,499,0.27467196991441234,0.23815154559163967,15,0.06149046466333179
yEK19a_7_FDDP220013498-1a_HY_trimmed_forward_notrimmed.sorted.bam,500,0.20480909591652738,0.22038294974770564,15,0.056902632944062004
yEK19a_7_FDDP220013498-1a_HY_trimmed_forward_notrimmed.sorted.bam,501,0.2160601069490702,0.2370160225778374,15,0.06119727388188569
yEK19a_7_FDDP220013498-1a_HY_trimmed_forward_notrimmed.sorted.bam,502,0.2509805426481018,0.204779733414267,15,0.05287389981028337
yEK19a_7_FDDP220013498-1a_HY_trimmed_forward_notrimmed.sorted.bam,503,0.22014219670378896,0.2500789659006461,15,0.06457011134466498
yEK19a_7_FDDP220013498-1a_HY_trimmed_forward_notrimmed.sorted.bam,504,0.3210245349087729,0.3268415792286569,15,0.08439013288004801
yEK19a_7_FDDP220013498-1a_HY_trimmed_forward_notrimmed.sorted.bam,505,0.21552274183066505,0.25574823235212873,15,0.06603390964811863
yEK19a_7_FDDP220013498-1a_HY_trimmed_forward_notrimmed.sorted.bam,506,0.21184280244804526,0.21306169105228046,15,0.05501229207735147
yEK19a_7_FDDP220013498-1a_HY_trimmed_forward_notrimmed.sorted.bam,507,0.18810873659928776,0.20699268125875564,15,0.05344528048679871
yEK19a_7_FDDP220013498-1a_HY_trimmed_forward_notrimmed.sorted.bam,508,0.19003056118655073,0.18245747103366963,15,0.047110316446968316
yEK19a_7_FDDP220013498-1a_HY_trimmed_forward_notrimmed.sorted.bam,509,0.2384277619331151,0.24075520411863743,15,0.06216272640428334
yEK19a_7_FDDP220013498-1a_HY_trimmed_forward_notrimmed.sorted.bam,510,0.18600876003495767,0.2314296403882083,15,0.059754876202820134
yEK19a_7_FDDP220013498-1a_HY_trimmed_forward_notrimmed.sorted.bam,511,0.31929234409166535,0.21877530195104355,14,0.05847015889920154
yEK19a_7_FDDP220013498-1a_HY_trimmed_forward_notrimmed.sorted.bam,512,0.15636094591191702,0.20793136950442867,14,0.05557199604630481
yEK19a_7_FDDP220013498-1a_HY_trimmed_forward_notrimmed.sorted.bam,513,0.22114283276906277,0.21367264311188955,14,0.057106415960793834
yEK19a_7_FDDP220013498-1a_HY_trimmed_forward_notrimmed.sorted.bam,514,0.22776736316660698,0.23588041575042035,14,0.06304169285627632
yEK19a_7_FDDP220013498-1a_HY_trimmed_forward_notrimmed.sorted.bam,515,0.31077370760686013,0.2207247064213389,14,0.05899115915892231
yEK19a_7_FDDP220013498-1a_HY_trimmed_forward_notrimmed.sorted.bam,516,0.15073991171387074,0.14158750317744995,14,0.037840851938484604
yEK19a_7_FDDP220013498-1a_HY_trimmed_forward_notrimmed.sorted.bam,517,0.22037180046995516,0.19492413892885938,14,0.0520956674488369
yEK19a_7_FDDP220013498-1a_HY_trimmed_forward_notrimmed.sorted.bam,518,0.23857931921336512,0.21750538078573847,14,0.05813075819143124
yEK19a_7_FDDP220013498-1a_HY_trimmed_forward_notrimmed.sorted.bam,519,0.25422515286599745,0.3264964344712928,14,0.0872598425567762
yEK19a_7_FDDP220013498-1a_HY_trimmed_forward_notrimmed.sorted.bam,520,0.16051253581192074,0.1848276048097054,14,0.04939725520114065
yEK19a_7_FDDP220013498-1a_HY_trimmed_forward_notrimmed.sorted.bam,521,0.28194721425512614,0.26819706454329467,14,0.07167868054710758
yEK19a_7_FDDP220013498-1a_HY_trimmed_forward_notrimmed.sorted.bam,522,0.25820504890383383,0.16903925851448576,14,0.04517764216253682
yEK19a_7_FDDP220013498-1a_HY_trimmed_forward_notrimmed.sorted.bam,523,0.17597064317252567,0.21214824822184922,14,0.0566990042893167
yEK19a_7_FDDP220013498-1a_HY_trimmed_forward_notrimmed.sorted.bam,524,0.315118602434583,0.3203727718942349,14,0.08562322489137908
yEK19a_7_FDDP220013498-1a_HY_trimmed_forward_notrimmed.sorted.bam,525,0.25997991332122145,0.2877825578193277,14,0.07691312380352759
yEK19a_7_FDDP220013498-1a_HY_trimmed_forward_notrimmed.sorted.bam,526,0.26605610592535445,0.17113728354138194,14,0.04573836293678844
yEK19a_7_FDDP220013498-1a_HY_trimmed_forward_notrimmed.sorted.bam,527,0.21451683984612327,0.24970314422245693,14,0.06673597243433106
yEK19a_7_FDDP220013498-1a_HY_trimmed_forward_notrimmed.sorted.bam,528,0.17923319092397533,0.17642824509629856,13,0.048932391087294816
yEK19a_7_FDDP220013498-1a_HY_trimmed_forward_notrimmed.sorted.bam,529,0.31156461866535,0.20945825266257126,13,0.058093266926460954
yEK19a_7_FDDP220013498-1a_HY_trimmed_forward_notrimmed.sorted.bam,530,0.2706311246181948,0.19398795047420878,13,0.053802577096686816
yEK19a_7_FDDP220013498-1a_HY_trimmed_forward_notrimmed.sorted.bam,531,0.2350051414318785,0.1780873614329464,13,0.04939254716604434
yEK19a_7_FDDP220013498-1a_HY_trimmed_forward_notrimmed.sorted.bam,532,0.36711634852524166,0.2679868288126082,13,0.07432617326406533
yEK19a_7_FDDP220013498-1a_HY_trimmed_forward_notrimmed.sorted.bam,533,0.2849140936701866,0.24258970962158616,13,0.0672822797646576
yEK19a_7_FDDP220013498-1a_HY_trimmed_forward_notrimmed.sorted.bam,534,0.29825504505247896,0.2852239867800927,13,0.0791069007175298
yEK19a_7_FDDP220013498-1a_HY_trimmed_forward_notrimmed.sorted.bam,535,0.33164255770098383,0.16436239718153414,13,0.04558592698432301
yEK19a_7_FDDP220013498-1a_HY_trimmed_forward_notrimmed.sorted.bam,536,0.1578166168226576,0.16842226884218608,13,0.046711932787729456
yEK19a_7_FDDP220013498-1a_HY_trimmed_forward_notrimmed.sorted.bam,537,0.22139536816722077,0.25658955630202723,13,0.0711651386150395
yEK19a_7_FDDP220013498-1a_HY_trimmed_forward_notrimmed.sorted.bam,538,0.2728534654568593,0.23941697051442487,13,0.06640232026200069
yEK19a_7_FDDP220013498-1a_HY_trimmed_forward_notrimmed.sorted.bam,539,0.14644991364339371,0.15227003253015356,13,0.042232108461849105
yEK19a_7_FDDP220013498-1a_HY_trimmed_forward_notrimmed.sorted.bam,540,0.33638359072856705,0.2676220216638765,13,0.0742249939655724
yEK19a_7_FDDP220013498-1a_HY_trimmed_forward_notrimmed.sorted.bam,541,0.23001822277599906,0.18933206835231317,13,0.0525112677333783
yEK19a_7_FDDP220013498-1a_HY_trimmed_forward_notrimmed.sorted.bam,542,0.19215834094717266,0.24522457716176455,13,0.06801306053543982
yEK19a_7_FDDP220013498-1a_HY_trimmed_forward_notrimmed.sorted.bam,543,0.3033714724716869,0.25201028587781016,13,0.06989507751359869
yEK19a_7_FDDP220013498-1a_HY_trimmed_forward_notrimmed.sorted.bam,544,0.2890426587955607,0.21091476395145403,13,0.05849723047533472
yEK19a_7_FDDP220013498-1a_HY_trimmed_forward_notrimmed.sorted.bam,545,0.19964792273785822,0.2097815286439151,13,0.05818292755160412
yEK19a_7_FDDP220013498-1a_HY_trimmed_forward_notrimmed.sorted.bam,546,0.3688498140272097,0.3293710733640518,13,0.09135109951297694
yEK19a_7_FDDP220013498-1a_HY_trimmed_forward_notrimmed.sorted.bam,547,0.21830408653391556,0.20456370489898767,12,0.05905245504492885
yEK19a_7_FDDP220013498-1a_HY_trimmed_forward_notrimmed.sorted.bam,548,0.21900246948129864,0.2583374893685832,12,0.07457560951436179
yEK19a_7_FDDP220013498-1a_HY_trimmed_forward_notrimmed.sorted.bam,549,0.2560179865511097,0.1756667950637935,12,0.05071063570888001
yEK19a_7_FDDP220013498-1a_HY_trimmed_forward_notrimmed.sorted.bam,550,0.22605544657364174,0.1919453532042719,12,0.05540985067109209
yEK19a_7_FDDP220013498-1a_HY_trimmed_forward_notrimmed.sorted.bam,551,0.26435647652636346,0.2251279837012494,12,0.064988850996017
yEK19a_7_FDDP220013498-1a_HY_trimmed_forward_notrimmed.sorted.bam,552,0.18168910920908218,0.1949934899885257,12,0.05628977196754995
yEK19a_7_FDDP220013498-1a_HY_trimmed_forward_notrimmed.sorted.bam,553,0.23396206600990335,0.244485376599041,12,0.07057684899619167
yEK19a_7_FDDP220013498-1a_HY_trimmed_forward_notrimmed.sorted.bam,554,0.1431303720075536,0.18690098852479808,12,0.053953668018299664
yEK19a_7_FDDP220013498-1a_HY_trimmed_forward_notrimmed.sorted.bam,555,0.21890714427990385,0.271614347092665,12,0.07840830820485731
yEK19a_7_FDDP220013498-1a_HY_trimmed_forward_notrimmed.sorted.bam,556,0.2435994268508608,0.1951145499262412,12,0.05632471896136401
yEK19a_7_FDDP220013498-1a_HY_trimmed_forward_notrimmed.sorted.bam,557,0.21740255875542655,0.22576087218585,12,0.0651715501644926
yEK19a_7_FDDP220013498-1a_HY_trimmed_forward_notrimmed.sorted.bam,558,0.3667180492458341,0.2433790675701459,12,0.07025748508837193
yEK19a_7_FDDP220013498-1a_HY_trimmed_forward_notrimmed.sorted.bam,559,0.32388490423766597,0.19956003891538904,12,0.05760802109364603
yEK19a_7_FDDP220013498-1a_HY_trimmed_forward_notrimmed.sorted.bam,560,0.195718046300377,0.2774833365205323,12,0.08010253951788242
yEK19a_7_FDDP220013498-1a_HY_trimmed_forward_notrimmed.sorted.bam,561,0.26791708317271384,0.3067350685104184,12,0.08854678718719416
yEK19a_7_FDDP220013498-1a_HY_trimmed_forward_notrimmed.sorted.bam,562,0.16827030607349577,0.10270519330676865,12,0.029648435501417714
yEK19a_7_FDDP220013498-1a_HY_trimmed_forward_notrimmed.sorted.bam,563,0.2779585975500424,0.22734512018713163,12,0.06562888316949414
yEK19a_7_FDDP220013498-1a_HY_trimmed_forward_notrimmed.sorted.bam,564,0.22508565456274568,0.18235666481795357,12,0.05264183476058393
yEK19a_7_FDDP220013498-1a_HY_trimmed_forward_notrimmed.sorted.bam,565,0.2869603858107021,0.24782763858973914,12,0.0715416769262076
yEK19a_7_FDDP220013498-1a_HY_trimmed_forward_notrimmed.sorted.bam,566,0.2558386305538895,0.21613598055193042,12,0.06239308327661037
yEK19a_7_FDDP220013498-1a_HY_trimmed_forward_notrimmed.sorted.bam,567,0.26720453107033865,0.24540849960655206,12,0.0708433316546325
yEK19a_7_FDDP220013498-1a_HY_trimmed_forward_notrimmed.sorted.bam,568,0.21519376505634843,0.19308921689758513,12,0.0557400556767174
yEK19a_7_FDDP220013498-1a_HY_trimmed_forward_notrimmed.sorted.bam,569,0.3036854019831026,0.2644724094213612,12,0.0763466083863259
yEK19a_7_FDDP220013498-1a_HY_trimmed_forward_notrimmed.sorted.bam,570,0.24494778072691673,0.15721722564691112,12,0.04538470377424513
yEK19a_7_FDDP220013498-1a_HY_trimmed_forward_notrimmed.sorted.bam,571,0.306901837486612,0.2895944943369075,12,0.08359872963062354
yEK19a_7_FDDP220013498-1a_HY_trimmed_forward_notrimmed.sorted.bam,572,0.29590814702396534,0.3237991833124579,12,0.09347277282441427
yEK19a_7_FDDP220013498-1a_HY_trimmed_forward_notrimmed.sorted.bam,573,0.20463177183605438,0.23525683540006032,12,0.06791279862346215
yEK19a_7_FDDP220013498-1a_HY_trimmed_forward_notrimmed.sorted.bam,574,0.21679415341487093,0.2584397569432244,12,0.07460513162023602
yEK19a_7_FDDP220013498-1a_HY_trimmed_forward_notrimmed.sorted.bam,575,0.36461595104944794,0.29029252710828185,12,0.08380023433485163
yEK19a_7_FDDP220013498-1a_HY_trimmed_forward_notrimmed.sorted.bam,576,0.22423806546793923,0.2562723254404219,12,0.07397944803943948
yEK19a_7_FDDP220013498-1a_HY_trimmed_forward_notrimmed.sorted.bam,577,0.2483686825007078,0.21995258333540227,12,0.06349484159882404
yEK19a_7_FDDP220013498-1a_HY_trimmed_forward_notrimmed.sorted.bam,578,0.20310666534522748,0.2462729489696541,11,0.07425408797697138
yEK19a_7_FDDP220013498-1a_HY_trimmed_forward_notrimmed.sorted.bam,579,0.31130105426947857,0.2911929778662276,11,0.08779798628804926
yEK19a_7_FDDP220013498-1a_HY_trimmed_forward_notrimmed.sorted.bam,580,0.21933401875459577,0.17403435598416359,11,0.052473332675510326
yEK19a_7_FDDP220013498-1a_HY_trimmed_forward_notrimmed.sorted.bam,581,0.32473734739561505,0.2398411169483668,11,0.07231481765613472
yEK19a_7_FDDP220013498-1a_HY_trimmed_forward_notrimmed.sorted.bam,582,0.30179861528035545,0.29527756621446466,11,0.08902953601297287
yEK19a_7_FDDP220013498-1a_HY_trimmed_forward_notrimmed.sorted.bam,583,0.4183415978509142,0.2784924851968213,11,0.08396864366649652
yEK19a_7_FDDP220013498-1a_HY_trimmed_forward_notrimmed.sorted.bam,584,0.25443290327316265,0.22513951380656969,11,0.0678821175254028
yEK19a_7_FDDP220013498-1a_HY_trimmed_forward_notrimmed.sorted.bam,585,0.255334871866088,0.2191175938786673,11,0.06606644035100133
yEK19a_7_FDDP220013498-1a_HY_trimmed_forward_notrimmed.sorted.bam,586,0.2661029403126208,0.23917716883961176,11,0.07211462976913413
yEK19a_7_FDDP220013498-1a_HY_trimmed_forward_notrimmed.sorted.bam,587,0.25766815187995307,0.20638289330540252,11,0.06222678365836105
yEK19a_7_FDDP220013498-1a_HY_trimmed_forward_notrimmed.sorted.bam,588,0.27114931569834594,0.18268459043869473,11,0.05508147649680891
yEK19a_7_FDDP220013498-1a_HY_trimmed_forward_notrimmed.sorted.bam,589,0.37367372642533936,0.2859463843443224,11,0.08621607882080663
yEK19a_7_FDDP220013498-1a_HY_trimmed_forward_notrimmed.sorted.bam,590,0.26390378637509854,0.23488791791096908,11,0.07082137195440764
yEK19a_7_FDDP220013498-1a_HY_trimmed_forward_notrimmed.sorted.bam,591,0.3891954172569714,0.37103689598086126,11,0.11187183339514929
yEK19a_7_FDDP220013498-1a_HY_trimmed_forward_notrimmed.sorted.bam,592,0.3317065319561848,0.2890539817376021,10,0.09140689490315378
yEK19a_7_FDDP220013498-1a_HY_trimmed_forward_notrimmed.sorted.bam,593,0.30580458254220194,0.3008683705922269,10,0.095142932697506
yEK19a_7_FDDP220013498-1a_HY_trimmed_forward_notrimmed.sorted.bam,594,0.2531155289286231,0.22909868972808597,10,0.07244736685009733
yEK19a_7_FDDP220013498-1a_HY_trimmed_forward_notrimmed.sorted.bam,595,0.48897830118550967,0.31396778332275116,10,0.09928533072141221
yEK19a_7_FDDP220013498-1a_HY_trimmed_forward_notrimmed.sorted.bam,596,0.297773579580913,0.2545683251746123,8,0.09000349450313523
yEK19a_7_FDDP220013498-1a_HY_trimmed_forward_notrimmed.sorted.bam,597,0.29296803635945917,0.3482622101851582,8,0.12312928522647003
yEK19a_7_FDDP220013498-1a_HY_trimmed_forward_notrimmed.sorted.bam,598,0.24055050869885536,0.22186387729459592,8,0.07844072606767442
yEK19a_7_FDDP220013498-1a_HY_trimmed_forward_notrimmed.sorted.bam,599,0.2810925469073252,0.24919267609611853,8,0.08810291554479414
yEK19a_7_FDDP220013498-1a_HY_trimmed_forward_notrimmed.sorted.bam,600,0.4190529701805602,0.28319201287840806,8,0.10012349634209522
yEK19a_7_FDDP220013498-1a_HY_trimmed_forward_notrimmed.sorted.bam,601,0.24455307428406062,0.2409608562597799,8,0.08519252773090366
yEK19a_7_FDDP220013498-1a_HY_trimmed_forward_notrimmed.sorted.bam,602,0.22103296629255678,0.15470925987802622,8,0.054697983386052106
yEK19a_7_FDDP220013498-1a_HY_trimmed_forward_notrimmed.sorted.bam,603,0.26495941068030116,0.27103195829532456,8,0.09582426781444676
yEK19a_7_FDDP220013498-1a_HY_trimmed_forward_notrimmed.sorted.bam,604,0.4819366550910201,0.3687693908977977,8,0.1303796684989327
yEK19a_7_FDDP220013498-1a_HY_trimmed_forward_notrimmed.sorted.bam,605,0.23011286255355667,0.17061152064659937,8,0.06032028159887955
yEK19a_7_FDDP220013498-1a_HY_trimmed_forward_notrimmed.sorted.bam,606,0.20371828294944822,0.23700112180212826,8,0.0837925501875519
yEK19a_7_FDDP220013498-1a_HY_trimmed_forward_notrimmed.sorted.bam,607,0.29885448871098325,0.2335885891788113,8,0.08258603770806804
yEK19a_7_FDDP220013498-1a_HY_trimmed_forward_notrimmed.sorted.bam,608,0.2573486785206589,0.2854908285193164,8,0.1009362504062872
yEK19a_7_FDDP220013498-1a_HY_trimmed_forward_notrimmed.sorted.bam,609,0.22241681798952667,0.18527209311126147,8,0.06550357670179921
yEK19a_7_FDDP220013498-1a_HY_trimmed_forward_notrimmed.sorted.bam,610,0.30338907979132906,0.23886164527463447,8,0.08445034456953483
yEK19a_7_FDDP220013498-1a_HY_trimmed_forward_notrimmed.sorted.bam,611,0.2970421331600142,0.2821494985960597,8,0.09975491188282905
yEK19a_7_FDDP220013498-1a_HY_trimmed_forward_notrimmed.sorted.bam,612,0.4218324646075712,0.278442484609998,8,0.09844428451908024
yEK19a_7_FDDP220013498-1a_HY_trimmed_forward_notrimmed.sorted.bam,613,0.2537691266020065,0.2575997727311143,8,0.09107527306514221
yEK19a_7_FDDP220013498-1a_HY_trimmed_forward_notrimmed.sorted.bam,614,0.15218813407868123,0.24784853708876697,8,0.08762769064131633
yEK19a_7_FDDP220013498-1a_HY_trimmed_forward_notrimmed.sorted.bam,615,0.3144506980181123,0.20883133519939517,8,0.07383302662186664
yEK19a_7_FDDP220013498-1a_HY_trimmed_forward_notrimmed.sorted.bam,616,0.19494406024638009,0.2274682102494609,8,0.08042215698588057
yEK19a_7_FDDP220013498-1a_HY_trimmed_forward_notrimmed.sorted.bam,617,0.23489083767696212,0.20219466049807655,8,0.07148660777895084
yEK19a_7_FDDP220013498-1a_HY_trimmed_forward_notrimmed.sorted.bam,618,0.2281906535490733,0.2914559206857473,8,0.10304522896693023
yEK19a_7_FDDP220013498-1a_HY_trimmed_forward_notrimmed.sorted.bam,619,0.31527391094484003,0.23000596745771387,8,0.08131938965136093
yEK19a_7_FDDP220013498-1a_HY_trimmed_forward_notrimmed.sorted.bam,620,0.39163221586371666,0.31189006472541947,8,0.11026978987602767
yEK19a_7_FDDP220013498-1a_HY_trimmed_forward_notrimmed.sorted.bam,621,0.2883589974694841,0.13175705249003541,8,0.04658315264242797
yEK19a_7_FDDP220013498-1a_HY_trimmed_forward_notrimmed.sorted.bam,622,0.31307789040469475,0.2193546027666291,8,0.07755356355038243
yEK19a_7_FDDP220013498-1a_HY_trimmed_forward_notrimmed.sorted.bam,623,0.29999970177246565,0.30526073268718273,8,0.10792596705654045
yEK19a_7_FDDP220013498-1a_HY_trimmed_forward_notrimmed.sorted.bam,624,0.18262488278001077,0.19617653709193722,8,0.06935887984370154
yEK19a_7_FDDP220013498-1a_HY_trimmed_forward_notrimmed.sorted.bam,625,0.16095800624952364,0.1872120622842637,8,0.06618945938056059
yEK19a_7_FDDP220013498-1a_HY_trimmed_forward_notrimmed.sorted.bam,626,0.19653326507236432,0.2312344572781294,8,0.08175372639267815
yEK19a_7_FDDP220013498-1a_HY_trimmed_forward_notrimmed.sorted.bam,627,0.3523437149651681,0.2807034342638882,8,0.09924365093517382
yEK19a_7_FDDP220013498-1a_HY_trimmed_forward_notrimmed.sorted.bam,628,0.41712935011802077,0.2595174305684672,8,0.09175326749553608
yEK19a_7_FDDP220013498-1a_HY_trimmed_forward_notrimmed.sorted.bam,629,0.14417411959365942,0.1540358701410872,8,0.05445990416136659
yEK19a_7_FDDP220013498-1a_HY_trimmed_forward_notrimmed.sorted.bam,630,0.4118718251193738,0.35116568433243117,8,0.12415581835573831
yEK19a_7_FDDP220013498-1a_HY_trimmed_forward_notrimmed.sorted.bam,631,0.32374474373970696,0.21544762205937384,8,0.07617223727434982
yEK19a_7_FDDP220013498-1a_HY_trimmed_forward_notrimmed.sorted.bam,632,0.282398014467349,0.26639273179040923,8,0.09418405355390376
yEK19a_7_FDDP220013498-1a_HY_trimmed_forward_notrimmed.sorted.bam,633,0.20469240038924214,0.2244534726513596,8,0.07935628628632282
yEK19a_7_FDDP220013498-1a_HY_trimmed_forward_notrimmed.sorted.bam,634,0.3399100899211243,0.38838341832857864,8,0.1373142744002748
yEK19a_7_FDDP220013498-1a_HY_trimmed_forward_notrimmed.sorted.bam,635,0.2868570336648392,0.24805457702250505,8,0.08770053675848703
yEK19a_7_FDDP220013498-1a_HY_trimmed_forward_notrimmed.sorted.bam,636,0.35624024547439714,0.4072029641332361,8,0.14396798862893687
yEK19a_7_FDDP220013498-1a_HY_trimmed_forward_notrimmed.sorted.bam,637,0.2518111385774988,0.19428297513546072,8,0.06868940459369084
yEK19a_7_FDDP220013498-1a_HY_trimmed_forward_notrimmed.sorted.bam,638,0.35561429901618047,0.3226812918593504,8,0.11408506481789107
yEK19a_7_FDDP220013498-1a_HY_trimmed_forward_notrimmed.sorted.bam,639,0.26851299885458535,0.317465874784373,8,0.11224113642767476
yEK19a_7_FDDP220013498-1a_HY_trimmed_forward_notrimmed.sorted.bam,640,0.2916987813539309,0.34589982859251306,8,0.12229405720451521
yEK19a_7_FDDP220013498-1a_HY_trimmed_forward_notrimmed.sorted.bam,641,0.4398662007689852,0.35407676094982254,8,0.12518503936409384
yEK19a_7_FDDP220013498-1a_HY_trimmed_forward_notrimmed.sorted.bam,642,0.3749901557300002,0.2723168399780076,8,0.09627854208987054
yEK19a_7_FDDP220013498-1a_HY_trimmed_forward_notrimmed.sorted.bam,643,0.3125970758237983,0.32059887834836137,8,0.11334882046046367
yEK19a_7_FDDP220013498-1a_HY_trimmed_forward_notrimmed.sorted.bam,644,0.4696384488191846,0.3887837720829777,8,0.13745582082757934
yEK19a_7_FDDP220013498-1a_HY_trimmed_forward_notrimmed.sorted.bam,645,0.2905571497842268,0.3085919890568025,8,0.10910374404095495
yEK19a_7_FDDP220013498-1a_HY_trimmed_forward_notrimmed.sorted.bam,646,0.3145406219038183,0.31038284324305215,8,0.10973690661056167
yEK19a_7_FDDP220013498-1a_HY_trimmed_forward_notrimmed.sorted.bam,647,0.28566504464024367,0.29098967675921,8,0.10288038684585946
yEK19a_7_FDDP220013498-1a_HY_trimmed_forward_notrimmed.sorted.bam,648,0.32405713155921084,0.25061679374561224,8,0.08860641716837638
yEK19a_7_FDDP220013498-1a_HY_trimmed_forward_notrimmed.sorted.bam,649,0.3166864518544782,0.23978400937192465,8,0.0847764495234933
yEK19a_7_FDDP220013498-1a_HY_trimmed_forward_notrimmed.sorted.bam,650,0.38573793089736663,0.26229448855792437,8,0.09273510576358282
yEK19a_7_FDDP220013498-1a_HY_trimmed_forward_notrimmed.sorted.bam,651,0.3040344938802605,0.35328745523546146,8,0.12490597765256682
yEK19a_7_FDDP220013498-1a_HY_trimmed_forward_notrimmed.sorted.bam,652,0.30866027907469934,0.3427284621352841,8,0.12117280984074813
yEK19a_7_FDDP220013498-1a_HY_trimmed_forward_notrimmed.sorted.bam,653,0.2709780979489677,0.3326847509144907,8,0.11762182168449692
yEK19a_7_FDDP220013498-1a_HY_trimmed_forward_notrimmed.sorted.bam,654,0.25728699650631964,0.26426801369000896,8,0.09343285226545237
yEK19a_7_FDDP220013498-1a_HY_trimmed_forward_notrimmed.sorted.bam,655,0.3471295185613503,0.2746637244088716,8,0.09710829103773308
yEK19a_7_FDDP220013498-1a_HY_trimmed_forward_notrimmed.sorted.bam,656,0.30495723196248076,0.308008192414069,8,0.10889734075849956
yEK19a_7_FDDP220013498-1a_HY_trimmed_forward_notrimmed.sorted.bam,657,0.33300376153284533,0.2640100674870601,8,0.09334165451080913
yEK19a_7_FDDP220013498-1a_HY_trimmed_forward_notrimmed.sorted.bam,658,0.270184219013883,0.17545366580996039,8,0.062032238439130645
yEK19a_7_FDDP220013498-1a_HY_trimmed_forward_notrimmed.sorted.bam,659,0.2379170076953749,0.27533722244459297,8,0.09734640855182028
yEK19a_7_FDDP220013498-1a_HY_trimmed_forward_notrimmed.sorted.bam,660,0.33351021263623193,0.24362434178915324,8,0.08613421207060971
yEK19a_7_FDDP220013498-1a_HY_trimmed_forward_notrimmed.sorted.bam,661,0.4025923566492038,0.2866226229670247,8,0.1013364001707291
yEK19a_7_FDDP220013498-1a_HY_trimmed_forward_notrimmed.sorted.bam,662,0.2233714705599719,0.2496508155140248,8,0.08826489228935934
yEK19a_7_FDDP220013498-1a_HY_trimmed_forward_notrimmed.sorted.bam,663,0.11934138105857518,0.2016659173598581,8,0.07129966884968078
yEK19a_7_FDDP220013498-1a_HY_trimmed_forward_notrimmed.sorted.bam,664,0.3152187305668863,0.2609917386523045,8,0.09227451411735585
yEK19a_7_FDDP220013498-1a_HY_trimmed_forward_notrimmed.sorted.bam,665,0.4558742402101289,0.25867894608324,8,0.09145681846282416
yEK19a_7_FDDP220013498-1a_HY_trimmed_forward_notrimmed.sorted.bam,666,0.3090044005129513,0.2827336776268763,8,0.09996145035988774
yEK19a_7_FDDP220013498-1a_HY_trimmed_forward_notrimmed.sorted.bam,667,0.29202915118920986,0.31076362292094317,8,0.10987153255674906
yEK19a_7_FDDP220013498-1a_HY_trimmed_forward_notrimmed.sorted.bam,668,0.26632039136288876,0.31348750435845874,8,0.11083457007455678
yEK19a_7_FDDP220013498-1a_HY_trimmed_forward_notrimmed.sorted.bam,669,0.35238391493225263,0.3567640403421674,8,0.1261351361047288
yEK19a_7_FDDP220013498-1a_HY_trimmed_forward_notrimmed.sorted.bam,670,0.2825344701325124,0.25800879750400724,8,0.09121988516043515
yEK19a_7_FDDP220013498-1a_HY_trimmed_forward_notrimmed.sorted.bam,671,0.29252904128684076,0.33602768191488347,8,0.11880372627420514
yEK19a_7_FDDP220013498-1a_HY_trimmed_forward_notrimmed.sorted.bam,672,0.25259047892028375,0.27665702336239595,8,0.09781302864121763
yEK19a_7_FDDP220013498-1a_HY_trimmed_forward_notrimmed.sorted.bam,673,0.3036384587601024,0.36593320033387644,8,0.12937692370868972
yEK19a_7_FDDP220013498-1a_HY_trimmed_forward_notrimmed.sorted.bam,674,0.3484808620763926,0.41535249915455746,8,0.14684928436748368
yEK19a_7_FDDP220013498-1a_HY_trimmed_forward_notrimmed.sorted.bam,675,0.2533611071531531,0.2875290640149894,8,0.10165687547660995
yEK19a_7_FDDP220013498-1a_HY_trimmed_forward_notrimmed.sorted.bam,676,0.25259047892028375,0.27665702336239595,8,0.09781302864121763
yEK19a_7_FDDP220013498-1a_HY_trimmed_forward_notrimmed.sorted.bam,677,0.30721598797811667,0.37415590241700236,8,0.13228408791001728
yEK19a_7_FDDP220013498-1a_HY_trimmed_forward_notrimmed.sorted.bam,678,0.2489171579136885,0.28505405921161114,8,0.10078182913664095
yEK19a_7_FDDP220013498-1a_HY_trimmed_forward_notrimmed.sorted.bam,679,0.19428742396578552,0.29958894345695836,8,0.10592068674346419
yEK19a_7_FDDP220013498-1a_HY_trimmed_forward_notrimmed.sorted.bam,680,0.45723887970274446,0.3186102993512818,8,0.11264575161358363
yEK19a_7_FDDP220013498-1a_HY_trimmed_forward_notrimmed.sorted.bam,681,0.3815093820173215,0.31473121443127217,8,0.11127428798771496
yEK19a_7_FDDP220013498-1a_HY_trimmed_forward_notrimmed.sorted.bam,682,0.2399922847432316,0.29887989650929925,8,0.10567000079102952
yEK19a_7_FDDP220013498-1a_HY_trimmed_forward_notrimmed.sorted.bam,683,0.22405967201598498,0.3159611038338234,8,0.1117091195560417
yEK19a_7_FDDP220013498-1a_HY_trimmed_forward_notrimmed.sorted.bam,684,0.29037246962221197,0.3668058634415644,8,0.12968545670925846
yEK19a_7_FDDP220013498-1a_HY_trimmed_forward_notrimmed.sorted.bam,685,0.30715635627807614,0.37451197089956945,8,0.13240997712931227
yEK19a_7_FDDP220013498-1a_HY_trimmed_forward_notrimmed.sorted.bam,686,0.09381445718722832,0.17033660821577565,8,0.06022308537684558
yEK19a_7_FDDP220013498-1a_HY_trimmed_forward_notrimmed.sorted.bam,687,0.45854417743875564,0.3573228788834435,8,0.12633271536579116
yEK19a_7_FDDP220013498-1a_HY_trimmed_forward_notrimmed.sorted.bam,688,0.3342409667432117,0.2805504986156554,8,0.09918958001819851
yEK19a_7_FDDP220013498-1a_HY_trimmed_forward_notrimmed.sorted.bam,689,0.19788009927663253,0.2619006857885319,8,0.09259587545923907
yEK19a_7_FDDP220013498-1a_HY_trimmed_forward_notrimmed.sorted.bam,690,0.25232799726956123,0.3293704899050506,8,0.11645005346729827
yEK19a_7_FDDP220013498-1a_HY_trimmed_forward_notrimmed.sorted.bam,691,0.337715662689195,0.2831832482610409,8,0.10012039758190781
yEK19a_7_FDDP220013498-1a_HY_trimmed_forward_notrimmed.sorted.bam,692,0.24016989580813583,0.3076700587800384,8,0.10877779246571441
yEK19a_7_FDDP220013498-1a_HY_trimmed_forward_notrimmed.sorted.bam,693,0.26928949499032967,0.3821543052354377,8,0.13511195034580586
yEK19a_7_FDDP220013498-1a_HY_trimmed_forward_notrimmed.sorted.bam,694,0.16361013818980302,0.2533337304746301,8,0.08956699936094803
yEK19a_7_FDDP220013498-1a_HY_trimmed_forward_notrimmed.sorted.bam,695,0.35162741108677426,0.32841668777329014,8,0.11611283348965928
yEK19a_7_FDDP220013498-1a_HY_trimmed_forward_notrimmed.sorted.bam,696,0.3159632500836694,0.31065478138008074,8,0.10983305126093976
yEK19a_7_FDDP220013498-1a_HY_trimmed_forward_notrimmed.sorted.bam,697,0.37350789585010863,0.33435391960797867,8,0.11821196193555174
yEK19a_7_FDDP220013498-1a_HY_trimmed_forward_notrimmed.sorted.bam,698,0.3166326880573127,0.3253997284192538,8,0.11504617728075764
yEK19a_7_FDDP220013498-1a_HY_trimmed_forward_notrimmed.sorted.bam,699,0.26127388443572586,0.290307724948582,8,0.1026392804709907
yEK19a_7_FDDP220013498-1a_HY_trimmed_forward_notrimmed.sorted.bam,700,0.14167588962930316,0.27397524289642233,8,0.09686487606464586
yEK19a_7_FDDP220013498-1a_HY_trimmed_forward_notrimmed.sorted.bam,701,0.361250799415474,0.4835844663240902,8,0.1709729277071209
yEK19a_7_FDDP220013498-1a_HY_trimmed_forward_notrimmed.sorted.bam,702,0.17235317540528566,0.2480320658207154,8,0.08769257784676798
yEK19a_7_FDDP220013498-1a_HY_trimmed_forward_notrimmed.sorted.bam,703,0.18105123549040203,0.26423013691311004,8,0.093419460802555
yEK19a_7_FDDP220013498-1a_HY_trimmed_forward_notrimmed.sorted.bam,704,0.33459393835968226,0.5133742537199691,8,0.1815052080459867
yEK19a_7_FDDP220013498-1a_HY_trimmed_forward_notrimmed.sorted.bam,705,0.2259831567715875,0.26787174547358555,8,0.09470696385632461
yEK19a_7_FDDP220013498-1a_HY_trimmed_forward_notrimmed.sorted.bam,706,0.2618517555108582,0.3887055683399291,8,0.1374281716290674
yEK19a_7_FDDP220013498-1a_HY_trimmed_forward_notrimmed.sorted.bam,707,0.4170415773364746,0.508628127178486,8,0.1798271989150606
yEK19a_7_FDDP220013498-1a_HY_trimmed_forward_notrimmed.sorted.bam,708,0.3668352618713888,0.33456193672957263,8,0.11828550709419274
yEK19a_7_FDDP220013498-1a_HY_trimmed_forward_notrimmed.sorted.bam,709,0.24438614280238888,0.37821817485801473,8,0.1337203181050508
yEK19a_7_FDDP220013498-1a_HY_trimmed_forward_notrimmed.sorted.bam,710,0.266178332885992,0.24675067545928916,8,0.08723953793981219
yEK19a_7_FDDP220013498-1a_HY_trimmed_forward_notrimmed.sorted.bam,711,0.2293509326237727,0.3213286729044532,8,0.11360684180020646
yEK19a_7_FDDP220013498-1a_HY_trimmed_forward_notrimmed.sorted.bam,712,0.3283199766057067,0.2917242275333225,8,0.10314008976260984
yEK19a_7_FDDP220013498-1a_HY_trimmed_forward_notrimmed.sorted.bam,713,0.23016884925039954,0.32962637869881833,8,0.11654052381794969
yEK19a_7_FDDP220013498-1a_HY_trimmed_forward_notrimmed.sorted.bam,714,0.313612015918723,0.33498467593646963,8,0.11843496797412788
yEK19a_7_FDDP220013498-1a_HY_trimmed_forward_notrimmed.sorted.bam,715,0.13449053900760918,0.2961288380562361,8,0.10469735474722874
yEK19a_7_FDDP220013498-1a_HY_trimmed_forward_notrimmed.sorted.bam,716,0.23567218277150576,0.383639116047405,8,0.13563691024276647
yEK19a_7_FDDP220013498-1a_HY_trimmed_forward_notrimmed.sorted.bam,717,0.29077114184695624,0.3008644699748599,8,0.10637165346865993
yEK19a_7_FDDP220013498-1a_HY_trimmed_forward_notrimmed.sorted.bam,718,0.3127940992920962,0.26702600211904415,8,0.09440794842575476
yEK19a_7_FDDP220013498-1a_HY_trimmed_forward_notrimmed.sorted.bam,719,0.2688827595766936,0.4179092374409943,8,0.14775322785751302
yEK19a_7_FDDP220013498-1a_HY_trimmed_forward_notrimmed.sorted.bam,720,0.16210621539317985,0.26274211703184414,8,0.09289336632826324
yEK19a_7_FDDP220013498-1a_HY_trimmed_forward_notrimmed.sorted.bam,721,0.17659849958413826,0.3072290609443103,8,0.10862187618564845
yEK19a_7_FDDP220013498-1a_HY_trimmed_forward_notrimmed.sorted.bam,722,0.18746787150590544,0.22075986064025008,8,0.07805039723625902
yEK19a_7_FDDP220013498-1a_HY_trimmed_forward_notrimmed.sorted.bam,723,0.1672565772978155,0.21464346811895363,8,0.07588792592215532
yEK19a_7_FDDP220013498-1a_HY_trimmed_forward_notrimmed.sorted.bam,724,0.17996627543632343,0.2727490863150231,8,0.0964313642478939
yEK19a_7_FDDP220013498-1a_HY_trimmed_forward_notrimmed.sorted.bam,725,0.4244518274168304,0.5340757119815668,8,0.18882427880459965
yEK19a_7_FDDP220013498-1a_HY_trimmed_forward_notrimmed.sorted.bam,726,0.30214040386635427,0.29183449225684954,8,0.10317907422947567
yEK19a_7_FDDP220013498-1a_HY_trimmed_forward_notrimmed.sorted.bam,727,0.20614584817567588,0.30687290398828093,8,0.10849595568626087
yEK19a_7_FDDP220013498-1a_HY_trimmed_forward_notrimmed.sorted.bam,728,0.1957873842021143,0.22704357427283187,8,0.08027202549657549
yEK19a_7_FDDP220013498-1a_HY_trimmed_forward_notrimmed.sorted.bam,729,0.307098008613253,0.4414708399213418,8,0.1560835123022508
yEK19a_7_FDDP220013498-1a_HY_trimmed_forward_notrimmed.sorted.bam,730,0.1835589507471704,0.33291063665852283,8,0.11770168435518616
yEK19a_7_FDDP220013498-1a_HY_trimmed_forward_notrimmed.sorted.bam,731,0.42424513916732665,0.39443549660890576,8,0.13945400719642037
yEK19a_7_FDDP220013498-1a_HY_trimmed_forward_notrimmed.sorted.bam,732,0.1801911748949852,0.34398008500039656,8,0.12161532534845271
yEK19a_7_FDDP220013498-1a_HY_trimmed_forward_notrimmed.sorted.bam,733,0.5227456207495673,0.41572071176416203,8,0.14697946718406857
yEK19a_7_FDDP220013498-1a_HY_trimmed_forward_notrimmed.sorted.bam,734,0.1801911748949852,0.34398008500039656,8,0.12161532534845271
yEK19a_7_FDDP220013498-1a_HY_trimmed_forward_notrimmed.sorted.bam,735,0.17144813767950257,0.34804742126083094,8,0.12305334587401225
yEK19a_7_FDDP220013498-1a_HY_trimmed_forward_notrimmed.sorted.bam,736,0.45800950793561374,0.5189066643033392,8,0.1834612105658913
yEK19a_7_FDDP220013498-1a_HY_trimmed_forward_notrimmed.sorted.bam,737,0.22117962244394151,0.3768237608950734,8,0.13322731832056228
yEK19a_7_FDDP220013498-1a_HY_trimmed_forward_notrimmed.sorted.bam,738,0.23016884925039954,0.32962637869881833,8,0.11654052381794969
yEK19a_7_FDDP220013498-1a_HY_trimmed_forward_notrimmed.sorted.bam,739,0.5383064431506523,0.5524675944423999,8,0.19532679120802016
yEK19a_7_FDDP220013498-1a_HY_trimmed_forward_notrimmed.sorted.bam,740,0.26325700089136894,0.3938079417064283,8,0.13923213303286602
yEK19a_7_FDDP220013498-1a_HY_trimmed_forward_notrimmed.sorted.bam,741,0.3516775022670815,0.30930935654874014,8,0.10935737175003091
yEK19a_7_FDDP220013498-1a_HY_trimmed_forward_notrimmed.sorted.bam,742,0.17504081299034957,0.4169563523723776,8,0.1474163321106579
yEK19a_7_FDDP220013498-1a_HY_trimmed_forward_notrimmed.sorted.bam,743,0.2929567906961845,0.3503138196337795,8,0.12385463870320329
yEK19a_7_FDDP220013498-1a_HY_trimmed_forward_notrimmed.sorted.bam,744,0.38984546290988337,0.5528278030029752,8,0.1954541441659323
yEK19a_7_FDDP220013498-1a_HY_trimmed_forward_notrimmed.sorted.bam,745,0.4839500568289135,0.3901953112592468,7,0.1474799651907726
yEK19a_7_FDDP220013498-1a_HY_trimmed_forward_notrimmed.sorted.bam,746,0.24943618427810707,0.322960255721112,7,0.12206750285655536
yEK19a_7_FDDP220013498-1a_HY_trimmed_forward_notrimmed.sorted.bam,747,0.12180333614045916,0.19226226802206067,7,0.07266830681251696
yEK19a_7_FDDP220013498-1a_HY_trimmed_forward_notrimmed.sorted.bam,748,0.4261535133333743,0.5401775141527596,7,0.20416790946818217
yEK19a_7_FDDP220013498-1a_HY_trimmed_forward_notrimmed.sorted.bam,749,0.2355952550579153,0.319016684708738,7,0.12057697311708897
yEK19a_7_FDDP220013498-1a_HY_trimmed_forward_notrimmed.sorted.bam,750,0.23361462974893815,0.38855651828204124,7,0.1468605596667719
yEK19a_7_FDDP220013498-1a_HY_trimmed_forward_notrimmed.sorted.bam,751,0.5952180398308907,0.7160378002517707,7,0.2706368498268468
yEK19a_7_FDDP220013498-1a_HY_trimmed_forward_notrimmed.sorted.bam,752,0.3944725656704131,0.4088256840876456,7,0.15452158423882378
yEK19a_7_FDDP220013498-1a_HY_trimmed_forward_notrimmed.sorted.bam,753,0.30695168382579535,0.4197658451795918,7,0.1586565764605773
yEK19a_7_FDDP220013498-1a_HY_trimmed_forward_notrimmed.sorted.bam,754,0.31014129831226883,0.35732480478789336,7,0.1350560815347811
yEK19a_7_FDDP220013498-1a_HY_trimmed_forward_notrimmed.sorted.bam,755,0.25889015490948003,0.3306916135220803,7,0.12498968143344412
yEK19a_7_FDDP220013498-1a_HY_trimmed_forward_notrimmed.sorted.bam,756,0.3409771101688804,0.4654745034660617,7,0.1759328254017817
yEK19a_7_FDDP220013498-1a_HY_trimmed_forward_notrimmed.sorted.bam,757,0.4220475986924064,0.5201083628425343,7,0.19658248326947042
yEK19a_7_FDDP220013498-1a_HY_trimmed_forward_notrimmed.sorted.bam,758,0.2888096666115971,0.31232914338147966,7,0.11804932008360434
yEK19a_7_FDDP220013498-1a_HY_trimmed_forward_notrimmed.sorted.bam,759,0.46101179923827323,0.5839389870711583,7,0.2207081915178923
yEK19a_7_FDDP220013498-1a_HY_trimmed_forward_notrimmed.sorted.bam,760,0.20539469940794733,0.35078720899242033,7,0.1325851025851978
yEK19a_7_FDDP220013498-1a_HY_trimmed_forward_notrimmed.sorted.bam,761,0.3762446778614025,0.40109256641226687,7,0.15159874049193092
yEK19a_7_FDDP220013498-1a_HY_trimmed_forward_notrimmed.sorted.bam,762,0.18100928087242754,0.34956655549703847,7,0.13212373893008894
yEK19a_7_FDDP220013498-1a_HY_trimmed_forward_notrimmed.sorted.bam,763,0.6160974702257677,0.5063441024096277,7,0.19138008182858512
yEK19a_7_FDDP220013498-1a_HY_trimmed_forward_notrimmed.sorted.bam,764,0.4293640826434257,0.45200640082961435,7,0.17084236108636272
yEK19a_7_FDDP220013498-1a_HY_trimmed_forward_notrimmed.sorted.bam,765,0.3867467999317706,0.394580404149226,7,0.1491373745140301
yEK19a_7_FDDP220013498-1a_HY_trimmed_forward_notrimmed.sorted.bam,766,0.3260456622647335,0.45627710986779824,7,0.17245653737735564
yEK19a_7_FDDP220013498-1a_HY_trimmed_forward_notrimmed.sorted.bam,767,0.3535874642186131,0.3502487303393612,7,0.13238157678486762
yEK19a_7_FDDP220013498-1a_HY_trimmed_forward_notrimmed.sorted.bam,768,0.029919511702117072,0.0791595873122886,7,0.029919511702117072
yEK19a_7_FDDP220013498-1a_HY_trimmed_forward_notrimmed.sorted.bam,769,0.368658968609264,0.4765101201672509,7,0.18010389645257854
yEK19a_7_FDDP220013498-1a_HY_trimmed_forward_notrimmed.sorted.bam,770,0.4945511620380649,0.5514063372316963,7,0.20841200566572635
yEK19a_7_FDDP220013498-1a_HY_trimmed_forward_notrimmed.sorted.bam,771,0.18772889949463842,0.337154499842124,7,0.12743242285551798
yEK19a_7_FDDP220013498-1a_HY_trimmed_forward_notrimmed.sorted.bam,772,0.07893300184317235,0.1064479242025093,7,0.040233533574127595
yEK19a_7_FDDP220013498-1a_HY_trimmed_forward_notrimmed.sorted.bam,773,0.2835078700773587,0.40478647727539874,6,0.16525338735057088
yEK19a_7_FDDP220013498-1a_HY_trimmed_forward_notrimmed.sorted.bam,774,0.472409056249763,0.5485821887043417,6,0.2239577407174718
yEK19a_7_FDDP220013498-1a_HY_trimmed_forward_notrimmed.sorted.bam,775,0.2348369155614759,0.3042855674802478,6,0.12422406273663761
yEK19a_7_FDDP220013498-1a_HY_trimmed_forward_notrimmed.sorted.bam,776,0.2238072831582075,0.3477912324691287,6,0.14198517609384176
yEK19a_7_FDDP220013498-1a_HY_trimmed_forward_notrimmed.sorted.bam,777,0.4279224917683678,0.47841692496460075,6,0.19531289174577648
yEK19a_7_FDDP220013498-1a_HY_trimmed_forward_notrimmed.sorted.bam,778,0.2348369155614759,0.3042855674802478,6,0.12422406273663761
yEK19a_7_FDDP220013498-1a_HY_trimmed_forward_notrimmed.sorted.bam,779,0.5394860250945583,0.6253716226183903,6,0.2553068958385699
yEK19a_7_FDDP220013498-1a_HY_trimmed_forward_notrimmed.sorted.bam,780,0.18411095242460826,0.28924283527711264,6,0.11808289303080197
yEK19a_7_FDDP220013498-1a_HY_trimmed_forward_notrimmed.sorted.bam,781,0.41529270296132575,0.4669167150236434,6,0.19061795069740511
yEK19a_7_FDDP220013498-1a_HY_trimmed_forward_notrimmed.sorted.bam,782,0.5009247630839967,0.449617530123263,6,0.18355558803540653
yEK19a_7_FDDP220013498-1a_HY_trimmed_forward_notrimmed.sorted.bam,783,0.33955520651888565,0.38987372118787234,6,0.15916528017173365
yEK19a_7_FDDP220013498-1a_HY_trimmed_forward_notrimmed.sorted.bam,784,0.33070521239139083,0.40056322137746636,6,0.16352925035004853
yEK19a_7_FDDP220013498-1a_HY_trimmed_forward_notrimmed.sorted.bam,785,0.2910088816577916,0.33263548085582134,6,0.1357978664070141
yEK19a_7_FDDP220013498-1a_HY_trimmed_forward_notrimmed.sorted.bam,786,0.3701939473065083,0.3111022735755675,5,0.13912916633394112
yEK19a_7_FDDP220013498-1a_HY_trimmed_forward_notrimmed.sorted.bam,787,0.4493535642056267,0.45743142390003594,5,0.20456955177700045
yEK19a_7_FDDP220013498-1a_HY_trimmed_forward_notrimmed.sorted.bam,788,0.22668142340688507,0.3275252505801094,5,0.1464737449289554
yEK19a_7_FDDP220013498-1a_HY_trimmed_forward_notrimmed.sorted.bam,789,0.26856873978984896,0.3690142500359532,5,0.16502818954929913
yEK19a_7_FDDP220013498-1a_HY_trimmed_forward_notrimmed.sorted.bam,790,0.3104560561728129,0.42733560164032164,5,0.19111029089470596
yEK19a_7_FDDP220013498-1a_HY_trimmed_forward_notrimmed.sorted.bam,791,0.5357437629024828,0.30357060385820633,5,0.13576090123952186
yEK19a_7_FDDP220013498-1a_HY_trimmed_forward_notrimmed.sorted.bam,792,0.5567270522196412,0.25739548896116876,5,0.11511076208379402
yEK19a_7_FDDP220013498-1a_HY_trimmed_forward_notrimmed.sorted.bam,793,0.3713272119370541,0.3604351916510933,5,0.16119151800300185
yEK19a_7_FDDP220013498-1a_HY_trimmed_forward_notrimmed.sorted.bam,794,0.3104560561728129,0.42733560164032164,5,0.19111029089470596
yEK19a_7_FDDP220013498-1a_HY_trimmed_forward_notrimmed.sorted.bam,795,0.4740856840842592,0.6170244498417101,5,0.27594172272509465
yEK19a_7_FDDP220013498-1a_HY_trimmed_forward_notrimmed.sorted.bam,796,0.3314393454899712,0.41052556006269364,5,0.18359261176027117
yEK19a_7_FDDP220013498-1a_HY_trimmed_forward_notrimmed.sorted.bam,797,0.2864193145405805,0.34882712248379094,5,0.15600023165388036
yEK19a_7_FDDP220013498-1a_HY_trimmed_forward_notrimmed.sorted.bam,798,0.26856873978984896,0.3690142500359532,5,0.16502818954929913
yEK19a_7_FDDP220013498-1a_HY_trimmed_forward_notrimmed.sorted.bam,799,0.25998595016949266,0.354437085888928,5,0.1585090835589149
yEK19a_7_FDDP220013498-1a_HY_trimmed_forward_notrimmed.sorted.bam,800,0.5357437629024828,0.30357060385820633,5,0.13576090123952186
