distance,mean_nonzero,std_nonzero,count_nonzero
0,8.025773195876289,15.026207008672028,194.0
1,9.524249422632794,16.953094016002574,433.0
2,9.975786924939467,16.333282319641988,413.0
3,9.174008810572687,17.357127494006292,454.0
4,9.10730593607306,15.417749334973465,438.0
5,10.076354679802956,17.09484313296142,406.0
6,9.33177570093458,15.784028913317965,428.0
7,8.038461538461538,13.72615231108683,390.0
8,8.517094017094017,14.567193734315097,468.0
9,8.286764705882353,14.194632384262485,408.0
10,10.65986394557823,19.34442482472997,441.0
11,8.944444444444445,15.003905290518203,450.0
12,8.578411405295316,15.789801097407985,491.0
13,8.373134328358208,14.306585150907441,402.0
14,8.672645739910314,14.734672575448649,446.0
15,10.24822695035461,18.171701880080292,423.0
16,8.965770171149144,15.43864523277609,409.0
17,7.9207459207459205,14.063051057639623,429.0
18,9.475862068965517,15.445943836320133,435.0
19,9.355555555555556,15.495671704839337,405.0
20,9.649651972157773,16.953979943514927,431.0
21,9.288416075650119,16.08499442304858,423.0
22,9.847533632286995,15.772371825584262,446.0
23,9.71875,16.25444785109822,448.0
24,8.42350332594235,14.335977342549759,451.0
25,9.962962962962964,16.267015536008476,432.0
26,9.097014925373134,15.537037754646246,402.0
27,9.086842105263157,14.246800706501862,380.0
28,9.200460829493087,17.04616472666982,434.0
29,10.101123595505618,16.93272655139803,445.0
30,7.844789356984479,13.967512723378967,451.0
31,10.0828025477707,16.411449733091253,471.0
32,10.066666666666666,16.638967331328193,450.0
33,9.60204081632653,16.880392296635474,490.0
34,9.344303797468354,16.465559709806975,395.0
35,8.574610244988865,14.042167885387665,449.0
36,9.290726817042607,16.227363490484812,399.0
37,8.315914489311163,13.748331792562496,421.0
38,10.21231422505308,17.40351936635504,471.0
39,10.26844262295082,16.83339267240062,488.0
40,9.603729603729604,16.138176282377987,429.0
41,8.521252796420582,14.851699491949715,447.0
42,9.364238410596027,15.613196473497219,453.0
43,11.271578947368422,19.20234065790346,475.0
44,9.763713080168776,15.64102697629237,474.0
45,9.002267573696145,15.541220682461496,441.0
46,10.439429928741093,17.042084146465108,421.0
47,9.824524312896406,14.992260398622578,473.0
48,10.772177419354838,17.205546207539356,496.0
49,9.925373134328359,16.42988131812178,469.0
50,9.605603448275861,15.071953086094984,464.0
51,10.467391304347826,16.440724111239295,460.0
52,11.076446280991735,17.741773907425422,484.0
53,10.978043912175648,16.466618261381658,501.0
54,10.354771784232366,16.612392615434658,482.0
55,9.985626283367557,16.163064342451836,487.0
56,10.822410147991544,17.11829990497033,473.0
57,9.920245398773005,16.362560321279943,489.0
58,10.617463617463617,17.323972631011273,481.0
59,8.978902953586498,14.885027242274267,474.0
60,10.46058091286307,16.056407263608293,482.0
61,9.961460446247465,15.731633228677286,493.0
62,9.74090909090909,15.598935746972801,440.0
63,11.2,17.849477245933333,470.0
64,10.626326963906582,16.829699782764212,471.0
65,10.877232142857142,17.83470260280022,448.0
66,10.039024390243902,16.48422047651117,410.0
67,10.899262899262899,18.4713111183455,407.0
68,12.107843137254902,20.46074055199424,408.0
69,9.419354838709678,14.745783530251616,403.0
70,11.414814814814815,17.710984949990493,405.0
71,12.571428571428571,18.91663281429026,434.0
72,11.606965174129353,18.52368575389381,402.0
73,9.654377880184331,14.168904955074328,434.0
74,12.44671201814059,18.832213560112795,441.0
75,12.89838337182448,20.144703884710896,433.0
76,11.175438596491228,17.940065882914574,342.0
77,11.9209726443769,18.37133448496314,329.0
78,11.602272727272727,17.01451686042786,352.0
79,11.031700288184439,16.44492044287053,347.0
80,11.528248587570621,16.816811492230762,354.0
81,11.181506849315069,16.535017526282065,292.0
82,12.445205479452055,18.328627008013175,292.0
83,12.722054380664652,20.19634147810103,331.0
84,11.22695035460993,16.27362505765386,282.0
85,11.974468085106382,18.394054084877425,235.0
86,13.135021097046414,20.206736513579184,237.0
87,13.390697674418604,20.85387314653828,215.0
88,12.109803921568627,18.85135863544977,255.0
89,12.751173708920188,17.65147545901079,213.0
90,12.945054945054945,17.551416267081972,182.0
91,13.52020202020202,19.35631944603756,198.0
92,14.828729281767956,20.026328587877458,181.0
93,14.084656084656086,21.288125436227116,189.0
94,12.865497076023392,17.995082078617145,171.0
95,12.698224852071005,18.717449438872798,169.0
96,16.795698924731184,20.85629551195122,186.0
97,13.601036269430052,17.512537144968057,193.0
98,14.91891891891892,20.02668747117733,148.0
99,12.506578947368421,18.715364198782343,152.0
100,14.414965986394558,22.309419209025602,147.0
101,11.924242424242424,18.570115207262745,132.0
102,12.87248322147651,17.303057295314012,149.0
103,12.035714285714286,18.009971498008355,112.0
104,15.413461538461538,22.310957983776632,104.0
105,12.219696969696969,17.542669634999655,132.0
106,15.504201680672269,21.3052368630224,119.0
107,10.16030534351145,15.20719303178756,131.0
108,14.133858267716535,19.93774525339504,127.0
109,12.456140350877194,18.15671228225202,114.0
110,11.693430656934307,17.706579885237257,137.0
111,14.208,20.990126711262103,125.0
112,10.404580152671755,15.632204739405124,131.0
113,13.48936170212766,19.49068963335812,94.0
114,10.254901960784315,14.078061209415015,102.0
115,17.66,24.02827459053146,100.0
116,13.53921568627451,18.949475067118755,102.0
117,14.732558139534884,16.21141530897625,86.0
118,13.576086956521738,19.25379009108275,92.0
119,15.783018867924529,21.783350880008,106.0
120,11.526315789473685,16.836051543605684,76.0
121,14.074074074074074,18.24539515725665,81.0
122,13.707317073170731,21.08565002928491,82.0
123,12.935064935064934,17.152825194899545,77.0
124,14.88888888888889,23.345268577277643,72.0
125,12.891566265060241,21.07536537205648,83.0
126,10.904761904761905,13.141554734105592,63.0
127,15.383561643835616,17.518744038716473,73.0
128,17.706666666666667,26.675109023984167,75.0
129,12.402985074626866,14.831436414111561,67.0
130,6.326923076923077,9.688726324852427,52.0
131,10.670886075949367,15.419535992708882,79.0
132,13.171875,22.11051225060439,64.0
133,13.0,17.10404592769717,63.0
134,7.0,10.2721585550122,59.0
135,15.254237288135593,18.561726677576857,59.0
136,13.0,14.517700794672564,56.0
137,10.846153846153847,19.685153772188087,52.0
138,13.372093023255815,20.18724639329301,43.0
139,12.313725490196079,16.537823552182957,51.0
140,11.606060606060606,19.456585315034395,33.0
141,14.848484848484848,16.637910799062958,33.0
142,10.61111111111111,13.032438161926741,36.0
143,14.027027027027026,16.330759127906266,37.0
144,10.9375,16.401097848567876,48.0
145,15.6,23.47280825280025,45.0
146,10.434782608695652,14.299420615944229,46.0
147,15.7,21.21344518012707,40.0
148,9.655172413793103,14.193247544592074,29.0
149,11.78048780487805,18.447916135870134,41.0
150,11.066666666666666,12.796306285231475,45.0
151,10.11111111111111,15.369315957968755,36.0
152,12.928571428571429,20.571336713492737,28.0
153,9.588235294117647,18.87617970956537,34.0
154,12.36111111111111,17.590830042590415,36.0
155,14.588235294117647,17.38706877043418,34.0
156,10.12,14.333294573591004,25.0
157,8.5,16.382524127074966,32.0
158,12.724137931034482,22.3621116938644,29.0
159,8.848484848484848,17.086400315969886,33.0
160,7.193548387096774,12.131005330251101,31.0
161,8.81081081081081,14.19083788505386,37.0
162,9.772727272727273,16.268379549302786,22.0
163,13.285714285714286,14.605572611943407,28.0
164,13.481481481481481,17.312446323983153,27.0
165,12.517241379310345,22.62997489054723,29.0
166,9.484848484848484,9.367901352895203,33.0
167,9.88888888888889,19.87644374310998,36.0
168,7.838709677419355,12.105361826324586,31.0
169,6.08,5.574644981222272,25.0
170,13.142857142857142,17.694347885410956,28.0
171,14.653846153846153,24.73368926414708,26.0
172,10.44,11.44945413545991,25.0
173,9.833333333333334,14.311999627352332,30.0
174,19.68421052631579,23.333458646280043,19.0
175,17.857142857142858,21.72505516628259,14.0
176,10.277777777777779,11.123930513328437,18.0
177,13.066666666666666,17.67510100119088,30.0
178,9.375,11.672384727098029,24.0
179,16.074074074074073,24.803730994047474,27.0
180,8.066666666666666,11.25544568070338,30.0
181,17.272727272727273,25.03746111079274,22.0
182,10.090909090909092,14.809614286829868,22.0
183,12.666666666666666,21.93402492191897,24.0
184,17.653846153846153,24.853075958830217,26.0
185,7.958333333333333,15.147044959809579,24.0
186,11.0,15.16861748880692,24.0
187,10.153846153846153,12.252974521126886,26.0
188,16.59259259259259,22.217905563651307,27.0
189,8.75,9.640115050237636,12.0
190,10.761904761904763,14.949597860493647,21.0
191,12.75,15.903936153832646,28.0
192,7.0476190476190474,9.568051998584615,21.0
193,20.6,21.17694873901188,20.0
194,11.052631578947368,14.021704145163772,19.0
195,9.944444444444445,10.518735230514798,18.0
196,17.636363636363637,23.47348139932228,22.0
197,9.333333333333334,10.096203907079795,21.0
198,7.5,9.637666490630156,14.0
199,15.285714285714286,19.609372058469198,14.0
200,12.588235294117647,15.496204468874836,17.0
201,13.88,18.198717903559395,25.0
202,16.705882352941178,22.673676107664903,17.0
203,8.545454545454545,10.192094381371666,22.0
204,8.666666666666666,9.222734059345512,18.0
205,6.0,8.67179335547152,11.0
206,13.2,20.108041509140897,25.0
207,9.533333333333333,14.050249955410894,15.0
208,13.461538461538462,18.817613135107337,13.0
209,8.571428571428571,8.563916121766917,14.0
210,8.136363636363637,13.449359887566446,22.0
211,11.6875,12.136549482177104,16.0
212,10.588235294117647,12.604854340339537,17.0
213,11.625,15.40941270782245,16.0
214,6.8125,13.678297896059044,16.0
215,13.764705882352942,20.744063644102816,17.0
216,16.428571428571427,24.11738691584044,14.0
217,15.375,22.21673543375204,16.0
218,17.5,27.09243436828813,16.0
219,8.357142857142858,9.418534451218576,14.0
220,13.071428571428571,20.32226624898182,14.0
221,8.333333333333334,10.568678711029573,12.0
222,12.882352941176471,18.329901639606447,17.0
223,10.153846153846153,16.552170823621864,13.0
224,25.846153846153847,22.645257611864174,13.0
225,21.09090909090909,24.780857714996653,11.0
226,3.789473684210526,3.1724324240841,19.0
227,8.333333333333334,21.35557552632581,12.0
228,17.2,23.54994692138392,15.0
229,17.5,26.096713615673174,14.0
230,7.714285714285714,12.111206326428373,14.0
231,11.761904761904763,19.13349095670929,21.0
232,14.31578947368421,25.31589889460979,19.0
233,17.066666666666666,23.69890493753024,15.0
234,24.90909090909091,35.79512409659882,11.0
235,12.625,19.44522220666729,16.0
236,11.384615384615385,24.96510385030293,13.0
237,6.3076923076923075,6.600310792993203,13.0
238,11.0,13.921859854853512,12.0
239,10.0,12.688577540449522,13.0
240,11.133333333333333,20.09927740942327,15.0
241,6.333333333333333,7.788880963698615,6.0
242,18.666666666666668,17.037214169771612,6.0
243,17.153846153846153,19.26934592319346,13.0
244,22.333333333333332,23.804761428476166,6.0
245,23.0,34.926708977514615,17.0
246,9.4,19.085771314428627,10.0
247,23.375,37.16733396795786,8.0
248,17.375,26.78452378306761,8.0
249,10.0,11.467344941179714,13.0
250,14.0,25.199206336708304,11.0
251,8.76923076923077,10.740529519487126,13.0
252,13.307692307692308,18.043394984428584,13.0
253,36.7,40.2797164284402,10.0
254,17.272727272727273,19.56574000180371,11.0
255,4.153846153846154,4.947156655530425,13.0
256,13.1,19.59279913074642,10.0
257,20.785714285714285,27.01617342211192,14.0
258,17.90909090909091,19.962237076312594,11.0
259,20.5,16.99182810124391,10.0
260,13.833333333333334,24.028455353323622,6.0
261,22.6,27.609177218212547,10.0
262,21.22222222222222,29.07506624453645,18.0
263,13.222222222222221,15.006480081766158,9.0
264,8.166666666666666,13.731957859921748,6.0
265,14.5,17.427400429045225,8.0
266,11.25,13.824385569117942,12.0
267,10.066666666666666,13.724153196185949,15.0
268,11.25,9.70640436589604,8.0
269,30.625,29.980648520575492,8.0
270,10.285714285714286,21.084862545708678,7.0
271,5.333333333333333,9.642079494056091,12.0
272,7.666666666666667,9.201449161228174,6.0
273,15.125,27.372757572865346,8.0
274,17.636363636363637,19.891066976272175,11.0
275,4.857142857142857,5.1455019654248,7.0
276,20.75,26.67127936296163,8.0
277,12.444444444444445,18.296933562151274,9.0
278,19.555555555555557,22.908028675068874,9.0
279,7.3,7.024560089033651,10.0
280,21.0,28.893482540762257,13.0
281,8.0,12.974333637352377,7.0
282,30.375,33.970312669405075,8.0
283,12.0,16.425589791541732,11.0
284,10.428571428571429,14.489733639801008,7.0
285,15.0,24.441767530193065,11.0
286,11.6,7.635443667528429,5.0
287,8.142857142857142,13.458932243787288,7.0
288,12.545454545454545,17.008019498834287,11.0
289,15.625,26.805849574832944,8.0
290,12.25,15.544865941617417,8.0
291,6.181818181818182,10.409785606036099,11.0
292,15.714285714285714,11.926361357853251,7.0
293,19.555555555555557,22.661151289768526,9.0
294,13.3,16.09727375123571,10.0
295,16.833333333333332,32.108669649592564,6.0
296,34.75,38.9476143899298,4.0
297,3.75,3.99106144134257,8.0
298,3.3333333333333335,2.0816659994661326,3.0
299,3.6666666666666665,2.8867513459481287,3.0
300,18.0,28.763402673072832,10.0
301,8.0,12.12435565298214,3.0
302,5.0,3.605551275463989,3.0
303,1.0,0.0,3.0
304,14.5,17.175564037317667,4.0
305,14.2,22.253089673121796,5.0
306,17.142857142857142,31.58812314477585,7.0
307,10.166666666666666,19.166811593654973,6.0
308,12.2,9.984988733093292,5.0
309,12.285714285714286,18.481651132175084,7.0
310,16.5,30.30346514839516,6.0
311,6.0,4.546060565661952,4.0
312,1.0,0.0,4.0
313,8.25,7.544313531837517,4.0
314,16.4,19.269146322554096,5.0
315,18.571428571428573,19.543602046510795,7.0
316,6.0,9.50789145920377,6.0
317,8.125,15.245022606926966,8.0
318,19.0,26.06722079547415,5.0
319,12.0,15.556349186104045,2.0
320,10.0,0,1.0
321,17.5,27.682726262659415,4.0
322,13.375,9.334077351297235,8.0
323,21.4,24.90582261239327,5.0
324,11.5,14.617341299520465,4.0
325,35.0,35.17101079013795,3.0
326,18.166666666666668,32.51717494904295,6.0
327,17.5,17.592612085759182,6.0
328,37.0,19.03943276465977,5.0
329,18.8,13.899640283115243,5.0
330,33.25,25.35580144003866,4.0
331,22.333333333333332,33.54598833442434,3.0
332,21.0,29.597297173897484,3.0
333,19.714285714285715,12.378937564997056,7.0
334,11.333333333333334,13.051181300301263,3.0
335,29.285714285714285,32.668610243444625,7.0
336,7.5,9.255628917943215,4.0
337,32.4,31.029018676071598,5.0
338,2.7142857142857144,1.2535663410560174,7.0
339,11.444444444444445,14.275075403575903,9.0
340,12.0,15.556349186104045,2.0
341,5.75,4.349329450233296,4.0
342,10.4,9.154233993076646,5.0
343,28.0,33.97646244093107,6.0
344,7.0,9.633275663033837,6.0
345,32.833333333333336,30.288061454419076,6.0
346,13.0,4.242640687119285,2.0
347,28.25,35.64056677439347,4.0
348,23.0,18.261982367749674,5.0
349,30.8,23.52020408074726,5.0
350,18.8,24.014578905323326,5.0
351,7.8,8.843076387773658,5.0
352,25.75,33.698417371344505,4.0
353,17.25,29.216148502725908,4.0
354,3.4,3.7815340802378077,5.0
355,26.25,38.05587996617606,4.0
356,23.5,29.6968011745373,6.0
357,4.75,4.272001872658766,4.0
358,21.333333333333332,22.18858565419016,3.0
359,14.5,20.728402414722336,4.0
360,23.333333333333332,14.571661996262929,3.0
361,19.666666666666668,28.112867753634337,3.0
362,22.166666666666668,23.743771113002808,6.0
363,11.333333333333334,9.018499505645789,3.0
364,21.75,11.615363389350618,4.0
365,15.333333333333334,23.96525262402492,3.0
366,16.0,13.856406460551018,4.0
367,34.5,29.924906014890006,6.0
368,29.0,0,1.0
369,6.0,5.5677643628300215,3.0
370,2.2,2.16794833886788,5.0
371,11.666666666666666,18.475208614068027,3.0
372,7.333333333333333,6.8068592855540455,3.0
373,1.75,0.9574271077563381,4.0
374,22.142857142857142,23.568542391844908,7.0
375,4.0,0,1.0
376,25.666666666666668,27.135462651912412,3.0
377,10.0,10.246950765959598,5.0
378,24.0,31.13411847689498,7.0
379,19.25,21.823152842795196,4.0
380,16.5,0.7071067811865476,2.0
381,5.888888888888889,4.833333333333334,9.0
382,7.5,9.192388155425117,2.0
383,17.25,12.685293322058685,4.0
384,18.6,16.69730517179344,5.0
385,3.0,2.8284271247461903,2.0
386,11.0,11.789826122551595,3.0
387,20.333333333333332,36.995495221265344,6.0
388,5.0,4.0,3.0
389,16.2,22.487774456357393,5.0
390,1.5,0.5773502691896257,4.0
391,35.333333333333336,22.143471573656495,3.0
392,10.75,14.38459824488215,4.0
393,10.6,7.503332592921629,5.0
394,10.75,19.5,4.0
395,13.6,15.836666315863322,5.0
396,35.333333333333336,45.21430452117265,3.0
397,8.142857142857142,7.470577207252718,7.0
398,4.333333333333333,1.1547005383792517,3.0
399,7.25,7.2743842809317325,4.0
400,24.0,29.690065678607045,5.0
401,8.75,8.0156097709407,4.0
402,9.5,7.681145747868608,4.0
403,22.5,34.307433596816885,4.0
404,16.333333333333332,13.012814197295423,3.0
406,23.0,21.79449471770337,3.0
407,20.0,18.384776310850235,2.0
408,7.666666666666667,11.093541664710447,6.0
409,28.666666666666668,47.92007234273894,3.0
411,15.666666666666666,19.65536398374076,3.0
412,1.75,1.5,4.0
413,13.0,13.019216566291536,5.0
414,11.0,10.535653752852738,3.0
415,24.0,26.888659319497503,3.0
416,6.0,7.0710678118654755,2.0
417,18.4,15.773395322504284,5.0
418,9.666666666666666,7.371114795831994,3.0
419,3.5,3.5355339059327378,2.0
420,22.0,0,1.0
421,10.4,8.502940667792526,5.0
422,25.4,35.962480448378415,5.0
423,22.0,19.79898987322333,2.0
424,2.0,0,1.0
425,8.6,15.899685531481433,5.0
426,14.666666666666666,7.371114795831994,3.0
427,21.2,19.188538245525635,5.0
428,10.0,15.588457268119896,3.0
429,27.5,14.849242404917497,2.0
430,7.0,7.0710678118654755,2.0
431,6.5,6.3508529610858835,4.0
432,16.0,0,1.0
434,4.5,3.5355339059327378,2.0
435,25.75,22.261701043121867,4.0
438,12.0,0,1.0
439,20.0,21.93171219946131,3.0
440,13.0,0,1.0
441,57.0,0,1.0
442,7.333333333333333,8.504900548115383,3.0
443,3.0,1.632993161855452,4.0
444,3.0,2.6457513110645907,3.0
445,31.6,22.108821768696767,5.0
446,8.5,3.5355339059327378,2.0
447,9.0,0,1.0
448,38.0,1.4142135623730951,2.0
449,13.0,12.727922061357855,2.0
450,3.0,1.0,3.0
451,16.5,12.449899597988733,4.0
452,6.5,7.7781745930520225,2.0
453,4.333333333333333,3.511884584284246,3.0
454,32.0,18.384776310850235,2.0
455,12.5,16.263455967290593,2.0
456,16.0,14.52583904633395,3.0
457,77.0,0,1.0
458,21.0,21.213203435596427,2.0
459,23.666666666666668,7.0945988845975885,3.0
460,16.0,0,1.0
461,12.666666666666666,6.350852961085883,3.0
462,1.0,0,1.0
463,12.666666666666666,16.072751268321593,3.0
464,22.0,15.556349186104045,2.0
465,4.0,0,1.0
466,34.5,37.476659402887016,2.0
467,46.5,58.68986283848344,2.0
469,26.666666666666668,41.00406483915141,3.0
470,13.0,0,1.0
471,4.666666666666667,3.0550504633038935,3.0
472,18.25,16.520189667999176,4.0
473,24.75,27.035470527931757,4.0
474,22.5,20.404247923737188,4.0
475,28.5,7.7781745930520225,2.0
476,29.5,40.30508652763321,2.0
477,12.5,2.1213203435596424,2.0
479,42.333333333333336,38.88873015840622,3.0
480,15.5,1.7320508075688772,4.0
481,16.5,21.920310216782973,2.0
482,5.5,2.1213203435596424,2.0
483,30.0,39.59797974644666,2.0
484,16.0,8.48528137423857,2.0
485,19.0,11.532562594670797,3.0
486,28.5,13.435028842544403,2.0
487,2.0,1.4142135623730951,2.0
488,7.0,5.656854249492381,2.0
489,16.5,27.147743920996454,4.0
490,29.75,25.51306854666186,4.0
491,25.666666666666668,35.21836642056717,3.0
492,16.0,0,1.0
493,35.0,0,1.0
494,15.333333333333334,16.921386861996073,3.0
495,22.0,0,1.0
496,33.5,34.64823227814083,2.0
497,39.0,45.254833995939045,2.0
498,8.0,0,1.0
499,29.666666666666668,49.652123150307816,3.0
500,38.0,39.59797974644666,2.0
501,11.5,7.7781745930520225,2.0
502,29.333333333333332,45.654499595695206,3.0
503,16.5,23.79775899813538,4.0
504,13.6,14.188023118109161,5.0
505,2.6666666666666665,1.1547005383792515,3.0
506,1.0,0,1.0
507,25.0,1.4142135623730951,2.0
508,10.5,13.435028842544403,2.0
510,26.5,21.748563170931547,4.0
511,32.75,36.68219368213048,4.0
512,4.0,0,1.0
513,28.0,40.70626487409524,3.0
514,30.833333333333332,36.84245739180093,6.0
515,29.5,34.307433596816885,4.0
517,24.0,7.0,3.0
518,4.5,4.949747468305833,2.0
519,6.5,7.7781745930520225,2.0
520,13.5,17.67766952966369,2.0
521,11.0,14.142135623730951,2.0
522,33.5,45.96194077712559,2.0
523,2.0,0,1.0
524,1.0,0.0,2.0
525,7.0,0,1.0
526,17.333333333333332,20.79262689833426,3.0
527,4.0,2.8284271247461903,2.0
528,1.5,0.7071067811865476,2.0
529,12.333333333333334,9.073771725877465,3.0
530,24.666666666666668,26.633312473917574,3.0
531,22.0,0,1.0
532,4.5,3.5355339059327378,2.0
533,8.333333333333334,9.451631252505218,3.0
534,21.0,16.350331291240963,4.0
535,11.0,2.8284271247461903,2.0
536,3.25,3.8622100754188224,4.0
537,23.666666666666668,19.5021366350801,3.0
538,12.5,10.054849576199537,6.0
539,29.5,27.49363562717743,6.0
540,12.5,13.435028842544403,2.0
541,21.5,27.577164466275352,2.0
542,7.75,5.377421934967226,4.0
543,11.6,11.907980517283358,5.0
544,28.8,30.57286378473564,5.0
545,12.0,0,1.0
546,15.75,16.5,4.0
547,8.75,4.193248541803041,4.0
548,6.0,7.0710678118654755,4.0
549,27.5,21.920310216782973,2.0
550,22.25,33.26033673912518,4.0
551,13.333333333333334,13.051181300301261,3.0
552,2.5,2.1213203435596424,2.0
553,17.0,9.41629792788369,4.0
554,15.75,9.322910847297997,4.0
555,13.5,19.33045955653064,4.0
556,16.5,10.606601717798213,2.0
557,2.75,2.362907813126304,4.0
558,6.75,8.920949127381757,4.0
559,17.5,6.363961030678928,2.0
560,10.8,13.179529581893277,5.0
561,22.5,28.991378028648448,2.0
562,22.0,29.512709126747414,3.0
563,17.25,25.837634050611783,4.0
564,18.4,14.67310464761974,5.0
565,27.75,45.08787715857409,4.0
566,12.5,11.561430130683084,4.0
567,5.25,2.9860788111948193,4.0
568,5.5,2.1213203435596424,2.0
569,7.5,6.363961030678928,2.0
570,16.666666666666668,23.75570107012911,3.0
571,28.8,22.061278294786092,5.0
572,1.0,0,1.0
573,15.5,19.209372712298546,4.0
574,18.666666666666668,13.576941236277534,3.0
575,6.0,10.0,4.0
576,12.666666666666666,17.130868824045866,6.0
577,25.333333333333332,24.583192089989726,3.0
578,23.5,32.129944496269104,4.0
579,37.166666666666664,22.75448673705181,6.0
580,25.0,25.45584412271571,2.0
581,22.0,17.84656829757475,5.0
582,3.0,1.4142135623730951,2.0
583,9.0,4.242640687119285,2.0
584,29.5,13.478377746103819,4.0
585,22.0,29.698484809834994,2.0
586,7.4,5.176871642217914,5.0
587,14.25,10.594810050208546,4.0
588,19.0,17.277152543170995,5.0
589,15.666666666666666,11.015141094572204,3.0
590,5.5,5.319774431308154,6.0
591,14.2,20.19158240455661,5.0
592,15.666666666666666,19.65536398374076,3.0
593,18.0,21.213203435596427,2.0
594,46.0,28.080242164197944,5.0
595,30.0,21.463146709340332,4.0
596,17.0,19.924858845171276,3.0
597,2.0,1.224744871391589,5.0
598,16.4,28.395422166257717,5.0
599,10.8,12.235195135346228,5.0
600,26.666666666666668,35.21836642056717,3.0
601,6.5,3.5355339059327378,2.0
602,30.8,30.776614498674153,5.0
603,14.4,23.13655116909173,5.0
604,7.166666666666667,9.495613022162743,6.0
605,10.0,4.242640687119285,2.0
606,2.0,0,1.0
607,10.5,10.376254944182255,4.0
608,13.166666666666666,6.431692364119001,6.0
609,56.0,33.94112549695428,2.0
610,18.0,23.25224003546038,4.0
611,15.8,21.53369452741447,5.0
612,41.0,52.32590180780452,2.0
613,32.0,21.213203435596427,2.0
614,75.0,0,1.0
615,11.0,0,1.0
616,12.333333333333334,3.2145502536643185,3.0
617,24.5,16.822603841260722,4.0
618,29.666666666666668,47.92007234273893,3.0
619,9.5,12.020815280171307,2.0
620,23.0,31.11269837220809,2.0
621,24.0,8.48528137423857,2.0
622,19.666666666666668,16.623276853055575,3.0
623,15.333333333333334,16.258331197676263,3.0
624,14.0,11.357816691600547,3.0
625,58.0,0,1.0
626,22.333333333333332,10.969655114602888,3.0
627,4.0,0,1.0
628,1.0,0,1.0
629,45.0,9.899494936611665,2.0
630,30.5,4.949747468305833,2.0
631,2.0,0,1.0
632,2.0,1.4142135623730951,2.0
633,19.0,7.0710678118654755,2.0
634,34.0,30.199337741083,3.0
635,21.75,19.60229578391266,4.0
636,1.0,0,1.0
637,3.0,0,1.0
638,47.0,0,1.0
639,100.0,0,1.0
640,36.75,32.684093990808435,4.0
641,51.666666666666664,26.839026311200886,3.0
642,48.0,25.45584412271571,2.0
643,46.333333333333336,33.231511150312336,3.0
644,27.5,37.476659402887016,2.0
645,15.5,0.7071067811865476,2.0
646,24.75,8.99536917900909,4.0
647,7.75,7.274384280931732,4.0
648,4.0,0,1.0
649,1.0,0,1.0
650,50.666666666666664,46.436336347017445,3.0
651,33.0,0,1.0
652,39.0,49.49747468305833,2.0
653,17.333333333333332,15.50268793897798,3.0
654,19.5,24.748737341529164,2.0
655,66.0,0,1.0
657,27.0,0,1.0
658,8.0,9.899494936611665,2.0
659,22.0,0,1.0
660,24.5,23.33452377915607,2.0
661,47.0,0,1.0
662,4.5,3.5355339059327378,2.0
663,6.0,0,1.0
664,1.0,0,1.0
665,26.0,0,1.0
667,64.66666666666667,36.950417228136054,3.0
668,35.5,48.79036790187178,2.0
669,59.0,0,1.0
670,22.5,30.405591591021544,2.0
671,19.75,35.50938842991621,4.0
673,16.0,14.730919862656235,3.0
674,6.0,0,1.0
675,26.0,14.142135623730951,2.0
676,86.0,0,1.0
677,59.333333333333336,18.556220879622373,3.0
678,14.5,4.949747468305833,2.0
679,12.0,15.556349186104045,2.0
680,21.333333333333332,4.509249752822894,3.0
681,56.5,48.79036790187178,2.0
682,51.0,41.012193308819754,2.0
683,65.5,41.71930009000631,2.0
684,39.0,46.22769732530488,3.0
685,16.333333333333332,25.696951829610715,3.0
686,12.0,0,1.0
687,25.666666666666668,41.00406483915141,3.0
688,19.75,17.68945071692919,4.0
689,21.0,0,1.0
690,14.5,14.479871085982314,4.0
691,38.666666666666664,22.300971578236975,3.0
692,8.0,11.269427669584644,3.0
693,52.5,31.81980515339464,2.0
694,60.333333333333336,28.5014619508076,3.0
695,32.0,0,1.0
696,11.666666666666666,4.163331998932266,3.0
697,13.333333333333334,8.144527815247077,3.0
698,58.5,58.68986283848344,2.0
699,2.0,1.4142135623730951,2.0
700,22.0,0,1.0
701,40.5,23.33452377915607,2.0
702,16.333333333333332,10.016652800877813,3.0
703,18.333333333333332,9.237604307034012,3.0
704,21.5,20.506096654409877,2.0
705,3.5,2.1213203435596424,2.0
706,53.666666666666664,33.50124375800596,3.0
707,20.0,0,1.0
708,38.666666666666664,30.550504633038933,3.0
709,17.333333333333332,17.61628034896508,3.0
710,45.0,60.81118318204309,2.0
711,48.0,56.568542494923804,2.0
712,42.0,55.154328932550705,2.0
713,82.0,5.656854249492381,2.0
714,31.5,40.30508652763321,2.0
715,20.0,24.041630560342615,2.0
716,34.0,16.97056274847714,2.0
717,5.0,0,1.0
718,23.5,26.16295090390226,2.0
719,16.666666666666668,1.5275252316519472,3.0
720,10.5,13.435028842544403,2.0
721,40.333333333333336,35.47299442298794,3.0
722,16.666666666666668,27.135462651912412,3.0
723,31.0,35.08560958569767,3.0
724,44.5,51.61879502661797,2.0
725,22.0,0,1.0
726,61.5,0.7071067811865476,2.0
727,76.0,11.313708498984761,2.0
728,6.5,4.949747468305833,2.0
729,5.0,3.4641016151377544,3.0
730,95.0,0,1.0
731,33.666666666666664,53.98456569551462,3.0
732,39.666666666666664,39.87898360456712,3.0
733,12.25,14.221462653327892,4.0
734,18.0,0.0,2.0
735,56.5,45.96194077712559,2.0
737,25.666666666666668,9.865765724632496,3.0
738,51.666666666666664,33.56088993655164,3.0
739,19.666666666666668,8.020806277010644,3.0
740,21.333333333333332,15.631165450257805,3.0
741,11.0,7.0710678118654755,2.0
742,49.5,27.577164466275352,2.0
743,22.333333333333332,16.772994167212165,3.0
744,84.0,22.627416997969522,2.0
745,4.0,1.7320508075688772,3.0
746,6.666666666666667,7.234178138070234,3.0
747,17.0,20.864643139371765,4.0
748,34.0,25.632011235952593,3.0
749,17.5,23.33452377915607,2.0
750,49.0,0,1.0
751,53.5,9.192388155425117,2.0
752,5.25,6.1305247192498395,4.0
753,13.0,16.97056274847714,2.0
754,26.0,39.88734135035826,3.0
755,18.0,15.0996688705415,3.0
756,25.75,27.64507189355817,4.0
758,32.666666666666664,3.0550504633038944,3.0
759,58.5,31.81980515339464,2.0
760,4.0,2.6457513110645907,3.0
761,38.666666666666664,47.64801499887832,3.0
762,22.0,11.313708498984761,2.0
763,44.666666666666664,34.55912807542073,3.0
764,11.5,9.291573243177568,4.0
765,5.5,4.949747468305833,2.0
766,15.25,10.242883708539635,4.0
767,6.333333333333333,3.055050463303893,3.0
768,15.0,15.556349186104045,2.0
770,35.666666666666664,35.50117368951811,3.0
771,38.666666666666664,48.42864166310401,3.0
772,2.5,0.7071067811865476,2.0
773,70.0,0,1.0
774,42.75,34.24787098005753,4.0
775,1.5,0.7071067811865476,2.0
776,65.0,38.18376618407357,2.0
777,23.0,20.11632835948615,4.0
778,25.0,11.313708498984761,2.0
779,28.0,36.76955262170047,2.0
780,38.333333333333336,53.425961229849044,3.0
781,24.0,0,1.0
782,14.5,10.606601717798213,2.0
783,11.0,2.8284271247461903,2.0
784,8.5,4.949747468305833,2.0
785,21.666666666666668,2.886751345948129,3.0
786,4.5,4.949747468305833,2.0
787,12.0,0,1.0
788,2.0,0,1.0
789,21.5,0.7071067811865476,2.0
790,1.0,0,1.0
791,49.0,42.42640687119285,2.0
793,81.0,0,1.0
794,8.0,0,1.0
795,5.0,0,1.0
796,1.5,0.7071067811865476,2.0
797,58.0,0,1.0
798,46.5,28.991378028648448,2.0
800,30.0,7.0710678118654755,2.0
801,2.5,2.1213203435596424,2.0
802,5.0,4.242640687119285,2.0
804,54.5,54.44722215136416,2.0
806,1.0,0,1.0
807,2.0,0,1.0
808,2.0,0,1.0
809,3.0,0,1.0
810,19.333333333333332,25.006665778014735,3.0
811,41.0,0,1.0
812,15.0,0,1.0
813,16.0,21.213203435596427,2.0
814,14.0,0,1.0
815,1.0,0,1.0
816,1.0,0,1.0
817,14.5,19.091883092036785,2.0
818,15.0,0,1.0
820,20.0,0,1.0
822,24.0,0,1.0
823,22.0,22.627416997969522,2.0
824,46.5,12.020815280171307,2.0
825,3.5,3.5355339059327378,2.0
828,25.0,0,1.0
829,39.5,37.476659402887016,2.0
830,70.0,29.698484809834994,2.0
832,91.0,0,1.0
835,6.0,0,1.0
836,18.0,0,1.0
838,47.0,53.74011537017761,2.0
839,7.0,0,1.0
840,21.0,0,1.0
841,6.0,0,1.0
842,4.0,0,1.0
843,15.5,12.020815280171307,2.0
844,19.5,13.435028842544403,2.0
845,24.0,0,1.0
846,39.0,0,1.0
847,63.0,0,1.0
848,10.0,0,1.0
849,18.333333333333332,19.85782801147531,3.0
850,2.0,0,1.0
851,64.0,0,1.0
852,44.0,53.74011537017761,2.0
853,20.0,0,1.0
854,28.0,19.79898987322333,2.0
855,93.0,0,1.0
856,19.0,0,1.0
857,30.0,0,1.0
859,54.0,38.18376618407357,2.0
860,2.0,0,1.0
861,86.0,0,1.0
863,14.0,0.0,2.0
864,58.5,34.64823227814083,2.0
865,24.0,21.213203435596427,2.0
866,3.5,2.1213203435596424,2.0
867,16.333333333333332,24.8461935381123,3.0
868,63.5,48.79036790187178,2.0
869,76.0,0,1.0
870,61.0,0,1.0
871,6.0,0,1.0
872,8.0,0,1.0
873,25.0,0,1.0
874,4.0,0,1.0
875,3.0,1.4142135623730951,2.0
876,33.0,45.254833995939045,2.0
877,33.0,0,1.0
878,31.0,0,1.0
879,24.0,0,1.0
880,6.0,0,1.0
881,84.0,8.48528137423857,2.0
883,12.0,0,1.0
884,22.0,0,1.0
885,15.0,0,1.0
886,16.5,14.849242404917497,2.0
887,38.5,50.204581464244875,2.0
888,53.0,48.08326112068523,2.0
889,38.0,0,1.0
891,49.5,67.17514421272202,2.0
892,4.0,0,1.0
894,21.0,0,1.0
895,9.0,0,1.0
896,28.0,0,1.0
897,65.0,45.254833995939045,2.0
898,56.0,59.39696961966999,2.0
899,57.0,0,1.0
901,21.0,0,1.0
903,13.0,0,1.0
905,24.0,0,1.0
906,2.0,0,1.0
907,13.0,0,1.0
908,6.0,0,1.0
910,19.5,2.1213203435596424,2.0
911,19.666666666666668,20.744477176668813,3.0
912,40.0,0,1.0
914,13.0,0,1.0
915,5.0,0,1.0
916,37.5,48.79036790187178,2.0
917,83.0,0,1.0
918,3.5,3.5355339059327378,2.0
919,10.0,0,1.0
920,4.0,0,1.0
921,61.0,0,1.0
922,5.0,0,1.0
924,7.0,0,1.0
926,15.0,0,1.0
927,1.0,0,1.0
929,18.0,0,1.0
931,9.0,0,1.0
932,79.0,0,1.0
933,18.0,24.041630560342615,2.0
935,31.5,41.71930009000631,2.0
936,38.0,0,1.0
937,29.5,3.5355339059327378,2.0
939,50.0,0,1.0
940,12.5,12.020815280171307,2.0
941,55.0,21.213203435596427,2.0
942,1.0,0,1.0
943,4.5,3.5355339059327378,2.0
944,44.0,0,1.0
945,45.5,38.890872965260115,2.0
946,38.0,0,1.0
948,21.0,14.142135623730951,2.0
949,30.0,0,1.0
950,7.0,0,1.0
953,55.0,0,1.0
954,2.0,0,1.0
955,8.0,5.656854249492381,2.0
956,18.0,0,1.0
957,42.0,0,1.0
958,12.5,4.949747468305833,2.0
959,2.0,0,1.0
961,11.0,9.899494936611665,2.0
962,2.5,2.1213203435596424,2.0
963,26.0,0,1.0
965,3.0,2.8284271247461903,2.0
966,26.0,0,1.0
969,81.0,0,1.0
972,69.0,0,1.0
973,9.0,0,1.0
974,85.0,0,1.0
976,40.0,0,1.0
977,47.0,0,1.0
978,8.0,1.4142135623730951,2.0
979,20.0,0,1.0
980,3.0,0,1.0
981,72.0,0,1.0
982,71.0,0,1.0
984,2.0,0,1.0
986,21.0,0,1.0
987,45.0,0,1.0
988,21.0,0,1.0
989,38.0,0,1.0
992,17.0,0,1.0
993,3.0,0,1.0
994,60.0,0,1.0
1000,17.5,2.1213203435596424,2.0
1001,14.0,0,1.0
1002,70.0,0,1.0
1003,17.0,21.213203435596427,2.0
1004,66.0,0,1.0
1005,33.5,33.23401871576773,2.0
1007,27.0,0,1.0
1008,34.5,45.96194077712559,2.0
1010,28.0,31.11269837220809,2.0
1011,14.0,12.727922061357855,2.0
1012,28.5,19.091883092036785,2.0
1013,18.5,24.748737341529164,2.0
1014,17.0,0,1.0
1015,21.0,0,1.0
1016,8.0,0,1.0
1017,9.5,0.7071067811865476,2.0
1018,63.5,3.5355339059327378,2.0
1019,17.0,0,1.0
1020,14.5,13.435028842544403,2.0
1021,26.0,0,1.0
1022,37.0,0,1.0
1023,5.0,4.242640687119285,2.0
1024,72.0,0,1.0
1025,38.0,0,1.0
1026,79.0,0,1.0
1028,58.0,53.74011537017761,2.0
1030,4.0,0,1.0
1031,58.5,26.16295090390226,2.0
1032,1.0,0,1.0
1033,7.0,0,1.0
1034,39.5,19.091883092036785,2.0
1037,90.0,0,1.0
1038,32.0,0,1.0
1040,37.5,51.61879502661797,2.0
1041,2.0,0,1.0
1042,44.5,57.27564927611035,2.0
1043,44.0,33.94112549695428,2.0
1044,7.5,6.363961030678928,2.0
1045,31.5,7.7781745930520225,2.0
1047,83.0,0,1.0
1048,9.0,0,1.0
1049,23.333333333333332,12.220201853215574,3.0
1050,41.0,31.11269837220809,2.0
1051,35.5,17.67766952966369,2.0
1052,6.5,0.7071067811865476,2.0
1054,43.0,52.32590180780452,2.0
1055,18.5,4.949747468305833,2.0
1056,89.0,0,1.0
1057,48.5,6.363961030678928,2.0
1058,8.0,0,1.0
1059,3.0,0.0,2.0
1060,26.0,0,1.0
1065,25.0,0,1.0
1066,33.0,42.42640687119285,2.0
1067,3.0,0,1.0
1069,7.0,0,1.0
1070,67.0,0,1.0
1071,5.5,4.949747468305833,2.0
1072,21.0,0,1.0
1073,32.333333333333336,52.54839039716948,3.0
1074,1.0,0,1.0
1075,1.0,0,1.0
1076,10.0,0,1.0
1077,9.0,0,1.0
1078,76.0,0,1.0
1079,22.0,0,1.0
1080,1.0,0,1.0
1081,11.333333333333334,11.846237095944574,3.0
1084,3.0,0,1.0
1086,31.0,39.59797974644666,2.0
1087,49.5,53.033008588991066,2.0
1088,17.0,9.899494936611665,2.0
1089,87.0,0,1.0
1090,8.0,0,1.0
1091,12.0,15.556349186104045,2.0
1092,13.0,0,1.0
1093,41.0,42.42640687119285,2.0
1095,8.0,0,1.0
1096,1.0,0,1.0
1097,6.0,0,1.0
1098,3.0,1.4142135623730951,2.0
1099,9.0,5.656854249492381,2.0
1100,43.5,17.67766952966369,2.0
1101,44.5,14.849242404917497,2.0
1102,33.0,0,1.0
1103,54.0,0,1.0
1104,5.0,0,1.0
1105,37.0,0,1.0
1106,16.666666666666668,11.015141094572204,3.0
1107,39.0,0,1.0
1108,17.0,0,1.0
1109,2.0,0,1.0
1110,4.0,0,1.0
1112,6.0,0,1.0
1114,16.0,19.79898987322333,2.0
1115,30.333333333333332,48.21134029803915,3.0
1116,64.0,9.899494936611665,2.0
1117,34.0,24.041630560342615,2.0
1118,39.0,0,1.0
1119,1.0,0,1.0
1120,14.0,9.899494936611665,2.0
1121,13.0,8.48528137423857,2.0
1122,36.5,37.476659402887016,2.0
1124,24.5,9.192388155425117,2.0
1126,21.0,0,1.0
1127,5.0,0,1.0
1128,8.0,0,1.0
1130,38.0,52.32590180780452,2.0
1131,20.0,0,1.0
1132,56.0,0,1.0
1133,1.0,0,1.0
1135,2.0,0,1.0
1136,16.0,1.4142135623730951,2.0
1137,14.0,18.384776310850235,2.0
1138,2.0,1.4142135623730951,2.0
1139,22.0,21.213203435596427,2.0
1140,2.0,0,1.0
1141,5.5,3.5355339059327378,2.0
1142,38.0,0,1.0
1144,16.666666666666668,26.27419519858474,3.0
1145,3.0,0,1.0
1147,53.0,0,1.0
1148,46.5,55.86143571373726,2.0
1150,34.0,46.66904755831214,2.0
1151,81.0,0,1.0
1152,1.0,0,1.0
1154,4.0,0,1.0
1155,3.0,0,1.0
1156,63.0,0,1.0
1157,28.0,0,1.0
1158,56.0,0,1.0
1159,31.0,50.22947341949744,3.0
1160,41.5,12.020815280171307,2.0
1162,87.0,0,1.0
1165,1.5,0.7071067811865476,2.0
1167,70.0,0,1.0
1168,35.0,0,1.0
1169,62.0,0,1.0
1170,39.0,0,1.0
1172,48.0,0,1.0
1174,16.0,0,1.0
1175,30.5,6.363961030678928,2.0
1176,11.5,10.606601717798213,2.0
1178,21.0,0,1.0
1179,60.0,0,1.0
1180,65.0,0,1.0
1182,53.0,0,1.0
1184,31.0,0,1.0
1185,93.0,0,1.0
1186,19.0,11.313708498984761,2.0
1187,1.0,0,1.0
1188,42.0,7.0710678118654755,2.0
1189,56.0,5.656854249492381,2.0
1190,19.0,14.142135623730951,2.0
1191,93.0,0,1.0
1192,53.0,0,1.0
1193,24.0,0,1.0
1194,18.5,24.748737341529164,2.0
1195,27.0,16.97056274847714,2.0
1196,34.0,28.61817604250837,3.0
1197,9.0,0,1.0
1198,6.5,7.7781745930520225,2.0
1199,39.0,45.902069670114,3.0
1200,24.666666666666668,27.610384519838423,3.0
1201,9.0,0.0,2.0
1203,25.0,12.727922061357855,2.0
1204,2.0,0,1.0
1205,11.0,0,1.0
1206,53.0,0,1.0
1207,24.0,14.142135623730951,2.0
1208,21.5,23.33452377915607,2.0
1209,4.0,0,1.0
1212,27.0,0,1.0
1213,1.5,0.7071067811865476,2.0
1214,31.0,0,1.0
1215,6.0,0,1.0
1216,2.0,1.4142135623730951,2.0
1218,70.0,0,1.0
1219,13.0,0,1.0
1220,20.5,24.748737341529164,2.0
1222,4.0,4.242640687119285,2.0
1223,18.0,0,1.0
1224,13.5,6.363961030678928,2.0
1225,10.5,13.435028842544403,2.0
1226,16.0,9.899494936611665,2.0
1227,25.333333333333332,34.44318994131254,3.0
1228,12.666666666666666,15.947831618540915,3.0
1229,4.0,0,1.0
1230,22.0,27.40437921208944,3.0
1231,33.0,28.284271247461902,2.0
1232,24.666666666666668,11.676186592091328,3.0
1233,4.5,0.7071067811865476,2.0
1234,30.0,41.012193308819754,2.0
1235,18.0,0,1.0
1236,59.0,0,1.0
1237,7.0,2.8284271247461903,2.0
1238,13.5,17.67766952966369,2.0
1240,54.0,0,1.0
1241,2.0,0,1.0
1242,5.0,0,1.0
1243,73.0,0,1.0
1244,10.0,4.242640687119285,2.0
1245,3.0,0,1.0
1246,11.0,0,1.0
1247,2.0,0,1.0
1248,47.0,0,1.0
1249,6.5,0.7071067811865476,2.0
1251,4.0,0,1.0
1252,20.0,0,1.0
1253,39.0,0,1.0
1254,34.5,33.23401871576773,2.0
1255,22.0,15.556349186104045,2.0
1256,40.0,0,1.0
1257,42.0,0,1.0
1258,38.0,0,1.0
1260,44.0,41.012193308819754,2.0
1261,51.0,0,1.0
1262,2.0,0,1.0
1263,9.0,0,1.0
1266,65.5,23.33452377915607,2.0
1267,1.0,0,1.0
1268,32.5,13.435028842544403,2.0
1269,7.5,3.5355339059327378,2.0
1270,22.0,4.242640687119285,2.0
1272,39.5,51.61879502661797,2.0
1273,87.0,0,1.0
1274,60.0,0,1.0
1276,10.0,0,1.0
1277,32.0,0,1.0
1278,4.0,0,1.0
1280,24.0,22.627416997969522,2.0
1281,62.0,39.59797974644666,2.0
1282,3.0,0,1.0
1283,1.0,0,1.0
1284,7.5,6.363961030678928,2.0
1285,28.5,37.476659402887016,2.0
1286,30.0,16.97056274847714,2.0
1287,15.0,0,1.0
1288,15.0,19.79898987322333,2.0
1289,29.0,0,1.0
1290,16.0,0,1.0
1291,19.0,8.48528137423857,2.0
1292,42.0,0,1.0
1293,2.0,0,1.0
1294,21.0,0,1.0
1295,63.0,0,1.0
1297,84.0,0,1.0
1298,50.0,0,1.0
1299,49.0,0,1.0
1300,9.5,0.7071067811865476,2.0
1301,9.5,0.7071067811865476,2.0
1302,69.0,0,1.0
1305,5.0,0,1.0
1306,82.5,24.748737341529164,2.0
1307,15.0,15.556349186104045,2.0
1308,78.0,0,1.0
1311,21.0,28.284271247461902,2.0
1316,14.0,0,1.0
1317,74.0,0,1.0
1318,59.0,52.32590180780452,2.0
1319,61.0,0,1.0
1320,63.0,0,1.0
1321,12.0,8.48528137423857,2.0
1322,58.0,0,1.0
1323,43.0,0,1.0
1325,54.0,45.254833995939045,2.0
1326,47.0,0,1.0
1328,5.0,4.242640687119285,2.0
1329,21.0,28.284271247461902,2.0
1330,92.0,0,1.0
1332,44.0,43.840620433565945,2.0
1333,35.0,43.840620433565945,2.0
1335,19.0,22.627416997969522,2.0
1336,42.5,19.091883092036785,2.0
1338,13.0,0,1.0
1339,27.0,0,1.0
1340,69.0,0,1.0
1341,5.0,0,1.0
1342,50.0,1.4142135623730951,2.0
1343,19.0,21.213203435596427,2.0
1344,44.0,0,1.0
1345,77.5,26.16295090390226,2.0
1346,58.0,0,1.0
1347,13.5,10.606601717798213,2.0
1348,22.5,13.435028842544403,2.0
1350,13.0,0,1.0
1352,1.0,0,1.0
1353,97.0,0,1.0
1354,50.0,8.48528137423857,2.0
1355,3.0,0,1.0
1356,33.0,0,1.0
1357,93.0,0,1.0
1358,5.0,0,1.0
1359,96.0,0,1.0
1360,19.0,0,1.0
1364,16.0,0,1.0
1365,5.0,0,1.0
1369,17.5,6.363961030678928,2.0
1371,11.5,0.7071067811865476,2.0
1372,57.0,0,1.0
1373,36.0,0,1.0
1374,22.0,0,1.0
1375,2.0,0,1.0
1377,47.0,0,1.0
1378,6.0,0,1.0
1380,35.0,0,1.0
1381,6.0,0,1.0
1382,2.0,0,1.0
1383,50.0,0,1.0
1385,8.0,0,1.0
1386,26.0,0,1.0
1387,6.0,0,1.0
1388,22.0,28.284271247461902,2.0
1390,38.0,0,1.0
1391,62.0,31.11269837220809,2.0
1392,1.0,0,1.0
1393,2.0,0,1.0
1395,14.0,7.0710678118654755,2.0
1397,35.0,0,1.0
1399,91.0,0,1.0
1400,36.0,0,1.0
1401,12.0,0,1.0
1402,35.0,0.0,2.0
1403,7.0,0,1.0
1404,34.0,43.840620433565945,2.0
1405,44.5,37.476659402887016,2.0
1406,5.0,0,1.0
1407,28.0,0,1.0
1411,13.0,0,1.0
1412,24.0,0,1.0
1420,39.0,0,1.0
1421,1.0,0,1.0
1423,22.0,0,1.0
1426,18.5,0.7071067811865476,2.0
1427,2.0,0,1.0
1428,2.0,0,1.0
1430,16.5,4.949747468305833,2.0
1432,37.0,0,1.0
1433,29.0,33.94112549695428,2.0
1435,4.0,2.8284271247461903,2.0
1436,74.0,0,1.0
1437,80.0,0,1.0
1438,48.0,0,1.0
1439,2.0,0,1.0
1440,95.0,0,1.0
1441,61.0,0,1.0
1442,2.0,0,1.0
1443,42.0,0,1.0
1444,44.0,0,1.0
1445,1.0,0,1.0
1447,39.0,21.213203435596427,2.0
1448,25.0,0,1.0
1449,41.0,0,1.0
1452,38.0,0,1.0
1453,3.0,0,1.0
1454,48.0,0,1.0
1455,14.0,0,1.0
1457,1.0,0,1.0
1458,21.0,0,1.0
1460,2.0,0,1.0
1461,19.0,0,1.0
1462,17.0,0,1.0
1463,67.0,0,1.0
1464,33.0,0,1.0
1466,30.0,0,1.0
1467,43.0,0,1.0
1468,24.0,0,1.0
1469,40.0,0,1.0
1470,3.0,0,1.0
1471,23.0,0,1.0
1472,3.0,0,1.0
1473,58.0,46.66904755831214,2.0
1474,3.5,3.5355339059327378,2.0
1475,69.0,0,1.0
1476,34.0,0,1.0
1477,37.5,43.1335136523794,2.0
1478,25.0,0,1.0
1479,26.5,14.849242404917497,2.0
1480,16.5,4.949747468305833,2.0
1481,3.0,0,1.0
1482,5.5,6.363961030678928,2.0
1483,33.0,22.627416997969522,2.0
1484,16.0,0,1.0
1485,51.5,37.476659402887016,2.0
1486,6.0,0,1.0
1487,33.5,9.192388155425117,2.0
1488,1.0,0,1.0
1489,5.5,0.7071067811865476,2.0
1490,43.5,45.96194077712559,2.0
1491,43.0,0,1.0
1492,1.5,0.7071067811865476,2.0
1493,23.0,0,1.0
1494,56.0,0,1.0
1496,4.0,0,1.0
1497,55.0,0,1.0
1498,21.0,0,1.0
1499,7.0,0,1.0
1501,19.0,22.627416997969522,2.0
1502,4.5,2.1213203435596424,2.0
1503,24.0,0,1.0
1504,14.0,0,1.0
1505,19.0,0,1.0
1506,2.5,0.7071067811865476,2.0
1507,18.0,9.899494936611665,2.0
1508,43.5,60.10407640085654,2.0
1509,82.0,0,1.0
1510,15.0,0,1.0
1511,29.5,9.192388155425117,2.0
1512,40.0,18.384776310850235,2.0
1513,5.0,0,1.0
1514,18.0,18.384776310850235,2.0
1516,11.0,7.0710678118654755,2.0
1517,39.0,0,1.0
1519,8.0,0,1.0
1520,58.5,19.091883092036785,2.0
1522,35.5,12.020815280171307,2.0
1523,6.0,0,1.0
1524,7.0,0,1.0
1525,5.0,0,1.0
1526,83.0,0,1.0
1527,58.5,33.23401871576773,2.0
1528,3.0,0,1.0
1529,3.0,0,1.0
1530,50.0,65.05382386916237,2.0
1531,12.5,16.263455967290593,2.0
1532,1.0,0,1.0
1533,28.5,16.263455967290593,2.0
1534,6.0,0,1.0
1536,34.0,0,1.0
1539,1.5,0.7071067811865476,2.0
1540,53.0,26.870057685088806,2.0
1541,3.0,0,1.0
1542,3.0,0,1.0
1543,49.5,68.58935777509511,2.0
1544,18.5,20.506096654409877,2.0
1545,36.5,21.920310216782973,2.0
1546,23.0,0,1.0
1547,15.0,0,1.0
1548,1.0,0,1.0
1549,19.0,25.45584412271571,2.0
1550,70.0,0,1.0
1551,42.5,23.33452377915607,2.0
1552,5.5,3.5355339059327378,2.0
1553,5.5,0.7071067811865476,2.0
1554,14.0,0,1.0
1555,44.0,0,1.0
1556,18.0,0,1.0
1557,4.0,0,1.0
1559,13.0,0,1.0
1562,75.0,0,1.0
1563,79.0,0,1.0
1564,22.0,14.142135623730951,2.0
1565,43.5,40.30508652763321,2.0
1566,29.5,4.949747468305833,2.0
1567,31.0,31.11269837220809,2.0
1568,43.5,21.920310216782973,2.0
1569,13.0,0,1.0
1571,68.5,24.748737341529164,2.0
1572,16.0,0,1.0
1573,57.0,0,1.0
1575,45.0,25.45584412271571,2.0
1577,59.0,0,1.0
1578,46.5,60.10407640085654,2.0
1579,24.5,23.33452377915607,2.0
1580,51.0,0,1.0
1581,16.5,20.506096654409877,2.0
1582,22.0,25.45584412271571,2.0
1584,1.0,0,1.0
1585,2.0,0,1.0
1586,14.0,0,1.0
1587,10.0,0,1.0
1588,29.0,35.35533905932738,2.0
1589,67.0,36.76955262170047,2.0
1590,10.5,4.949747468305833,2.0
1591,78.0,0,1.0
1592,1.0,0,1.0
1593,2.0,0,1.0
1594,22.5,21.920310216782973,2.0
1595,16.0,16.97056274847714,2.0
1596,13.0,11.313708498984761,2.0
1598,67.0,0,1.0
1599,17.5,13.435028842544403,2.0
1600,49.0,0,1.0
1601,45.0,0,1.0
1602,31.5,10.606601717798213,2.0
1603,20.0,7.0710678118654755,2.0
1605,19.0,0,1.0
1606,79.0,0,1.0
1607,35.0,0,1.0
1608,62.0,0,1.0
1610,31.0,0,1.0
1611,2.0,0,1.0
1612,5.0,0,1.0
1614,10.0,0,1.0
1615,53.0,0,1.0
1616,31.5,20.506096654409877,2.0
1618,7.0,0,1.0
1619,5.0,0,1.0
1620,7.0,0,1.0
1621,37.0,0,1.0
1622,3.5,2.1213203435596424,2.0
1623,84.0,0,1.0
1624,45.0,0,1.0
1626,9.0,0,1.0
1627,5.0,0,1.0
1629,4.5,3.5355339059327378,2.0
1630,4.5,2.1213203435596424,2.0
1633,10.0,0,1.0
1636,5.0,0,1.0
1637,3.0,0,1.0
1638,1.0,0,1.0
1639,51.0,0,1.0
1641,19.0,0,1.0
1642,10.0,0,1.0
1643,16.0,0,1.0
1644,26.0,0,1.0
1645,22.0,0,1.0
1646,7.0,0,1.0
1647,25.0,0,1.0
1648,27.0,0,1.0
1649,5.0,0,1.0
1650,3.0,0,1.0
1651,31.5,28.991378028648448,2.0
1653,1.0,0,1.0
1654,32.5,16.263455967290593,2.0
1655,20.0,25.45584412271571,2.0
1656,27.0,0,1.0
1657,1.0,0,1.0
1658,30.0,0,1.0
1659,43.0,0,1.0
1660,8.0,0,1.0
1661,35.5,41.71930009000631,2.0
1663,25.0,31.11269837220809,2.0
1664,37.5,47.37615433949868,2.0
1665,1.0,0,1.0
1666,13.0,0,1.0
1667,97.0,0,1.0
1671,14.0,0,1.0
1672,28.0,0,1.0
1673,71.0,0,1.0
1674,18.0,0,1.0
1675,13.0,0,1.0
1676,28.0,21.213203435596427,2.0
1677,30.0,0,1.0
1678,13.0,0,1.0
1679,36.0,41.012193308819754,2.0
1680,17.0,0,1.0
1681,1.0,0,1.0
1686,14.0,0,1.0
1687,12.0,0,1.0
1688,1.0,0,1.0
1689,7.0,0,1.0
1691,78.0,0,1.0
1692,6.0,0,1.0
1693,26.5,31.81980515339464,2.0
1694,33.0,11.313708498984761,2.0
1696,3.0,1.4142135623730951,2.0
1697,2.0,0,1.0
1698,7.0,0,1.0
1700,45.5,55.86143571373726,2.0
1701,94.0,0,1.0
1703,56.0,0,1.0
1704,8.0,0,1.0
1705,47.0,65.05382386916237,2.0
1706,75.0,0,1.0
1708,15.0,4.242640687119285,2.0
1709,4.0,0,1.0
1710,3.0,0,1.0
1711,26.5,33.23401871576773,2.0
1712,19.5,7.7781745930520225,2.0
1713,39.5,54.44722215136416,2.0
1714,3.5,3.5355339059327378,2.0
1715,17.0,0,1.0
1716,27.0,0,1.0
1717,7.5,3.5355339059327378,2.0
1718,18.0,22.627416997969522,2.0
1719,36.0,28.284271247461902,2.0
1720,12.0,8.48528137423857,2.0
1721,50.0,0,1.0
1722,4.0,0,1.0
1723,13.5,12.020815280171307,2.0
1724,67.0,0,1.0
1726,44.5,53.033008588991066,2.0
1727,7.0,1.4142135623730951,2.0
1728,47.0,0,1.0
1729,31.0,26.870057685088806,2.0
1730,38.0,28.284271247461902,2.0
1731,42.5,24.748737341529164,2.0
1732,3.0,0,1.0
1733,41.0,0,1.0
1735,1.0,0,1.0
1736,49.0,0,1.0
1738,41.0,0,1.0
1740,2.0,0,1.0
1743,15.0,0,1.0
1744,34.5,41.71930009000631,2.0
1746,2.0,0,1.0
1747,51.0,0,1.0
1749,26.0,0,1.0
1750,5.0,0,1.0
1751,1.0,0,1.0
1752,27.0,0,1.0
1753,20.0,0,1.0
1754,2.0,0,1.0
1756,25.0,0,1.0
1757,6.5,2.1213203435596424,2.0
1758,23.0,0,1.0
1760,51.0,32.526911934581186,2.0
1763,10.5,12.020815280171307,2.0
1764,11.0,0,1.0
1765,6.0,0,1.0
1767,30.0,0,1.0
1768,10.0,0,1.0
1770,1.0,0,1.0
1772,83.5,3.5355339059327378,2.0
1773,7.0,0,1.0
1774,33.5,36.062445840513924,2.0
1775,11.0,14.142135623730951,2.0
1776,12.0,0,1.0
1777,52.0,0,1.0
1778,100.0,0,1.0
1779,9.0,0,1.0
1780,24.0,0,1.0
1781,7.0,0,1.0
1783,10.0,0,1.0
1784,2.0,0,1.0
1785,17.5,3.5355339059327378,2.0
1786,8.0,0,1.0
1787,8.5,9.192388155425117,2.0
1788,1.0,0,1.0
1790,22.0,4.242640687119285,2.0
1791,21.0,0,1.0
1792,8.0,0,1.0
1793,2.0,0,1.0
1794,43.0,29.698484809834994,2.0
1795,13.0,0,1.0
1796,25.0,0,1.0
1797,38.0,0,1.0
1798,20.5,24.748737341529164,2.0
1799,14.0,0,1.0
1800,24.0,0,1.0
1801,9.0,0,1.0
1802,25.0,2.8284271247461903,2.0
1803,9.0,0,1.0
1804,31.0,0,1.0
1805,20.0,0,1.0
1806,12.0,0,1.0
1808,16.0,21.213203435596427,2.0
1810,20.0,14.142135623730951,2.0
1811,16.0,4.242640687119285,2.0
1812,57.0,0,1.0
1813,18.0,0,1.0
1815,7.5,3.5355339059327378,2.0
1817,20.0,22.627416997969522,2.0
1818,49.0,0,1.0
1819,2.0,0,1.0
1820,22.0,24.041630560342615,2.0
1821,9.0,0,1.0
1822,26.0,0,1.0
1823,10.5,6.363961030678928,2.0
1824,19.5,3.5355339059327378,2.0
1827,9.0,0,1.0
1828,44.0,0,1.0
1831,36.0,4.242640687119285,2.0
1832,26.0,15.556349186104045,2.0
1833,21.0,0,1.0
1834,10.0,0,1.0
1835,52.0,59.39696961966999,2.0
1836,4.5,3.5355339059327378,2.0
1838,36.0,0,1.0
1839,1.5,0.7071067811865476,2.0
1841,64.0,0,1.0
1842,12.0,0,1.0
1843,8.0,0,1.0
1844,29.0,0,1.0
1845,26.5,31.81980515339464,2.0
1846,4.5,2.1213203435596424,2.0
1847,18.5,13.435028842544403,2.0
1850,1.0,0,1.0
1852,9.0,0,1.0
1853,34.0,0,1.0
1854,31.0,0,1.0
1855,17.0,0,1.0
1857,4.0,0,1.0
1858,3.0,0,1.0
1859,17.0,0,1.0
1860,39.0,53.74011537017761,2.0
1861,40.0,0,1.0
1863,20.0,0,1.0
1865,23.0,1.4142135623730951,2.0
1866,29.0,0,1.0
1867,47.5,50.204581464244875,2.0
1869,18.0,0,1.0
1870,50.0,0,1.0
1871,4.5,4.949747468305833,2.0
1872,14.5,9.192388155425117,2.0
1874,47.0,53.74011537017761,2.0
1875,43.0,0,1.0
1876,33.0,0,1.0
1877,94.0,0,1.0
1878,15.0,0,1.0
1879,38.0,0,1.0
1880,13.5,17.67766952966369,2.0
1881,23.5,6.363961030678928,2.0
1882,14.0,18.384776310850235,2.0
1883,13.5,14.849242404917497,2.0
1885,6.0,0,1.0
1887,43.0,9.899494936611665,2.0
1888,5.5,4.949747468305833,2.0
1890,19.0,0,1.0
1891,96.0,0,1.0
1892,29.5,17.67766952966369,2.0
1893,19.5,23.33452377915607,2.0
1894,3.0,0,1.0
1895,34.0,19.79898987322333,2.0
1897,10.0,0,1.0
1898,27.0,7.0710678118654755,2.0
1899,8.0,0,1.0
1901,17.0,8.48528137423857,2.0
1902,12.0,14.142135623730951,2.0
1903,8.0,9.899494936611665,2.0
1904,5.0,0,1.0
1905,2.0,0,1.0
1906,15.0,0,1.0
1908,37.0,24.041630560342615,2.0
1910,5.0,0,1.0
1911,64.0,0,1.0
1912,23.5,16.263455967290593,2.0
1913,37.0,31.11269837220809,2.0
1915,98.0,0,1.0
1917,53.0,25.45584412271571,2.0
1918,73.0,0,1.0
1919,50.5,36.062445840513924,2.0
1920,12.0,0,1.0
1921,56.0,0,1.0
1923,56.0,0,1.0
1924,6.0,0,1.0
1925,14.0,16.97056274847714,2.0
1926,6.0,0,1.0
1927,14.0,0.0,2.0
1928,33.0,0,1.0
1929,7.0,0,1.0
1930,42.0,0,1.0
1931,40.5,0.7071067811865476,2.0
1932,24.0,0,1.0
1933,3.0,0,1.0
1934,23.5,30.405591591021544,2.0
1935,17.0,0,1.0
1936,20.0,0,1.0
1937,12.5,3.5355339059327378,2.0
1938,12.5,6.363961030678928,2.0
1939,36.5,45.96194077712559,2.0
1940,44.0,14.142135623730951,2.0
1941,2.0,0,1.0
1942,32.0,0,1.0
1943,4.0,2.8284271247461903,2.0
1944,33.0,0,1.0
1945,34.0,39.59797974644666,2.0
1946,1.0,0,1.0
1947,80.0,0,1.0
1949,28.0,0,1.0
1950,41.5,38.890872965260115,2.0
1953,33.5,44.54772721475249,2.0
1954,20.0,0,1.0
1956,4.0,0,1.0
1957,3.0,0,1.0
1958,46.0,0,1.0
1961,13.0,15.556349186104045,2.0
1963,2.0,0,1.0
1964,62.0,0,1.0
1965,6.0,1.4142135623730951,2.0
1968,20.0,7.0710678118654755,2.0
1969,2.0,0,1.0
1971,2.0,0,1.0
1972,2.0,0,1.0
1973,52.5,43.1335136523794,2.0
1974,3.0,0,1.0
1975,23.0,24.041630560342615,2.0
1977,18.0,0,1.0
1979,8.0,0,1.0
1981,71.0,0,1.0
1982,15.0,0,1.0
1983,59.0,0,1.0
1984,45.0,0,1.0
1985,2.0,0,1.0
1986,7.0,8.48528137423857,2.0
1987,3.0,0,1.0
1988,40.0,0,1.0
1989,23.0,16.97056274847714,2.0
1991,13.5,17.67766952966369,2.0
1992,2.0,0,1.0
1993,8.0,0,1.0
1994,39.0,41.012193308819754,2.0
1997,25.5,26.16295090390226,2.0
1998,47.0,0,1.0
1999,44.0,52.32590180780452,2.0
2002,11.0,8.48528137423857,2.0
2005,36.0,0,1.0
2006,3.0,0,1.0
2009,95.0,0,1.0
2010,5.0,0,1.0
2011,12.0,0,1.0
2012,15.0,0,1.0
2013,39.0,0,1.0
2014,9.0,0,1.0
2018,25.5,30.405591591021544,2.0
2019,64.0,0,1.0
2020,6.0,0,1.0
2021,41.0,46.66904755831214,2.0
2023,61.0,0,1.0
2025,3.0,0,1.0
2026,9.0,0,1.0
2027,20.0,26.870057685088806,2.0
2028,4.5,2.1213203435596424,2.0
2029,42.0,52.32590180780452,2.0
2030,4.0,0,1.0
2033,45.0,57.982756057296896,2.0
2036,57.0,0,1.0
2037,3.0,0,1.0
2038,1.0,0,1.0
2039,8.0,7.0710678118654755,2.0
2041,24.5,24.748737341529164,2.0
2042,13.5,2.1213203435596424,2.0
2043,87.0,0,1.0
2046,78.0,0,1.0
2047,1.0,0,1.0
2049,83.0,0,1.0
2050,24.0,0,1.0
2051,7.0,0,1.0
2054,44.0,0,1.0
2055,4.0,0,1.0
2056,85.0,0,1.0
2057,80.0,0,1.0
2058,10.0,0,1.0
2059,18.5,13.435028842544403,2.0
2060,77.0,0,1.0
2062,7.0,0,1.0
2063,4.0,0,1.0
2064,2.0,0,1.0
2065,55.0,63.63961030678928,2.0
2066,18.5,20.506096654409877,2.0
2067,8.5,7.7781745930520225,2.0
2068,15.5,10.606601717798213,2.0
2069,10.0,4.242640687119285,2.0
2071,6.0,0,1.0
2072,19.0,0,1.0
2074,50.0,0,1.0
2075,2.0,0,1.0
2076,20.5,17.67766952966369,2.0
2077,10.0,0,1.0
2078,28.0,22.627416997969522,2.0
2079,39.0,0,1.0
2081,19.0,0,1.0
2082,12.0,0,1.0
2083,6.0,0,1.0
2084,6.0,0,1.0
2085,14.0,0,1.0
2088,39.0,0,1.0
2089,1.0,0,1.0
2091,27.0,0,1.0
2092,26.0,0,1.0
2093,39.0,0,1.0
2094,4.0,0,1.0
2096,71.0,0,1.0
2097,5.0,0,1.0
2098,4.0,0,1.0
2099,49.0,0,1.0
2100,10.0,0,1.0
2101,9.5,10.606601717798213,2.0
2102,28.0,0,1.0
2103,5.0,0,1.0
2104,21.5,27.577164466275352,2.0
2105,30.0,0,1.0
2108,54.0,0,1.0
2109,43.0,0,1.0
2110,14.0,0,1.0
2111,15.0,0,1.0
2112,24.0,0,1.0
2113,8.5,9.192388155425117,2.0
2114,55.0,0,1.0
2115,1.0,0,1.0
2117,68.0,0,1.0
2118,44.0,0,1.0
2120,9.0,0,1.0
2121,34.0,0,1.0
2123,2.0,1.4142135623730951,2.0
2124,1.0,0,1.0
2125,8.0,4.242640687119285,2.0
2126,2.0,0,1.0
2128,19.0,0,1.0
2129,9.5,7.7781745930520225,2.0
2130,2.0,0,1.0
2133,73.5,0.7071067811865476,2.0
2134,28.0,0,1.0
2135,51.0,48.08326112068523,2.0
2137,21.0,0,1.0
2139,55.0,0,1.0
2140,83.0,0,1.0
2141,1.0,0,1.0
2142,26.0,0,1.0
2143,11.0,0,1.0
2145,6.0,0,1.0
2146,96.0,0,1.0
2149,30.0,18.384776310850235,2.0
2150,34.0,36.76955262170047,2.0
2151,37.0,41.012193308819754,2.0
2152,29.5,27.577164466275352,2.0
2153,24.5,27.577164466275352,2.0
2154,71.0,0,1.0
2155,13.0,1.4142135623730951,2.0
2156,69.0,0,1.0
2157,53.0,0,1.0
2158,19.5,4.949747468305833,2.0
2159,31.0,0,1.0
2160,83.0,0,1.0
2161,4.0,0,1.0
2164,23.0,26.870057685088806,2.0
2165,11.5,12.020815280171307,2.0
2166,3.0,0,1.0
2167,29.5,34.64823227814083,2.0
2168,27.0,36.76955262170047,2.0
2169,2.0,0,1.0
2170,7.0,0,1.0
2171,93.0,0,1.0
2173,11.5,3.5355339059327378,2.0
2175,12.0,0,1.0
2176,97.0,0,1.0
2179,10.0,0,1.0
2180,76.0,0,1.0
2181,1.0,0,1.0
2182,27.0,29.698484809834994,2.0
2183,50.0,0,1.0
2185,18.0,0,1.0
2186,32.0,42.42640687119285,2.0
2187,35.0,0,1.0
2188,15.0,0,1.0
2189,48.0,0,1.0
2190,32.0,0,1.0
2191,36.0,0,1.0
2192,1.0,0,1.0
2194,84.0,0,1.0
2195,25.0,19.79898987322333,2.0
2196,25.0,0.0,2.0
2197,29.0,0,1.0
2198,44.5,37.476659402887016,2.0
2199,21.0,4.242640687119285,2.0
2200,2.0,0,1.0
2202,23.0,21.213203435596427,2.0
2204,13.0,0,1.0
2207,50.0,0,1.0
2208,60.0,0,1.0
2209,5.0,5.656854249492381,2.0
2210,23.5,24.748737341529164,2.0
2211,15.0,0,1.0
2212,20.0,8.48528137423857,2.0
2213,4.0,0,1.0
2214,17.0,0,1.0
2215,21.0,0,1.0
2216,12.5,10.606601717798213,2.0
2217,13.0,0,1.0
2220,38.5,47.37615433949868,2.0
2221,8.0,0,1.0
2222,20.5,23.33452377915607,2.0
2223,23.0,26.870057685088806,2.0
2224,10.0,0,1.0
2225,3.0,0,1.0
2226,48.5,41.71930009000631,2.0
2227,45.0,0,1.0
2229,2.5,0.7071067811865476,2.0
2230,28.5,30.405591591021544,2.0
2231,20.0,0,1.0
2232,9.0,0,1.0
2233,4.0,0,1.0
2234,25.5,0.7071067811865476,2.0
2235,65.5,45.96194077712559,2.0
2236,4.0,0,1.0
2238,70.5,38.890872965260115,2.0
2239,16.5,19.091883092036785,2.0
2240,75.0,0,1.0
2241,37.5,44.54772721475249,2.0
2242,3.5,3.5355339059327378,2.0
2243,11.0,4.242640687119285,2.0
2244,4.5,4.949747468305833,2.0
2245,5.0,0,1.0
2246,11.5,6.363961030678928,2.0
2247,6.0,0,1.0
2248,40.0,33.94112549695428,2.0
2249,15.0,2.8284271247461903,2.0
2250,61.5,4.949747468305833,2.0
2251,27.0,0,1.0
2252,7.5,2.1213203435596424,2.0
2253,7.0,0,1.0
2254,5.0,0,1.0
2255,6.0,0,1.0
2257,16.0,0,1.0
2260,26.0,0,1.0
2262,3.0,0,1.0
2263,30.0,0,1.0
2264,12.0,0,1.0
2266,7.0,0,1.0
2267,68.0,0,1.0
2268,46.0,0,1.0
2269,82.0,0,1.0
2270,23.5,26.16295090390226,2.0
2272,24.0,0,1.0
2274,59.0,57.982756057296896,2.0
2275,4.0,0,1.0
2276,3.5,2.1213203435596424,2.0
2278,55.0,0,1.0
2280,47.5,23.33452377915607,2.0
2281,60.0,0,1.0
2282,51.0,0,1.0
2284,10.0,0,1.0
2286,51.5,20.506096654409877,2.0
2287,1.0,0,1.0
2289,15.0,0,1.0
2290,16.0,0,1.0
2291,1.0,0,1.0
2292,4.0,0,1.0
2294,68.0,0,1.0
2295,19.0,0,1.0
2296,39.0,0,1.0
2297,53.0,0,1.0
2298,5.0,0,1.0
2299,15.0,0,1.0
2300,5.5,6.363961030678928,2.0
2301,44.0,53.74011537017761,2.0
2303,85.0,0,1.0
2305,41.5,55.86143571373726,2.0
2307,23.0,0,1.0
2308,3.0,0,1.0
2309,38.5,26.16295090390226,2.0
2310,77.5,30.405591591021544,2.0
2311,75.0,0,1.0
2313,36.0,0,1.0
2314,75.0,0,1.0
2315,25.5,10.606601717798213,2.0
2318,39.0,0,1.0
2319,58.0,48.08326112068523,2.0
2321,57.0,0,1.0
2322,31.0,25.45584412271571,2.0
2324,33.0,0,1.0
2325,4.5,3.5355339059327378,2.0
2327,10.0,1.4142135623730951,2.0
2328,2.0,0,1.0
2330,33.0,25.45584412271571,2.0
2331,14.5,10.606601717798213,2.0
2332,3.0,0,1.0
2333,2.0,0,1.0
2335,38.0,0,1.0
2336,17.0,0,1.0
2338,20.0,0,1.0
2339,47.0,0,1.0
2340,64.0,0,1.0
2341,65.0,0,1.0
2342,25.0,0,1.0
2343,64.0,0,1.0
2344,12.0,0,1.0
2345,3.5,2.1213203435596424,2.0
2346,2.0,0,1.0
2347,14.0,15.556349186104045,2.0
2348,22.0,0,1.0
2349,10.0,0,1.0
2350,3.0,0,1.0
2351,45.5,43.1335136523794,2.0
2353,9.0,0,1.0
2354,10.0,5.656854249492381,2.0
2355,31.0,0,1.0
2356,42.0,0,1.0
2358,26.0,29.698484809834994,2.0
2359,12.0,0,1.0
2360,13.0,0,1.0
2361,5.0,0,1.0
2362,10.0,0,1.0
2363,11.0,0,1.0
2364,15.0,7.0710678118654755,2.0
2365,46.0,0,1.0
2366,30.5,12.020815280171307,2.0
2367,34.0,46.66904755831214,2.0
2368,69.0,0,1.0
2370,28.0,0,1.0
2371,52.0,0,1.0
2372,2.0,0,1.0
2373,8.0,2.8284271247461903,2.0
2374,13.5,17.67766952966369,2.0
2375,7.0,8.48528137423857,2.0
2376,24.0,8.48528137423857,2.0
2377,35.0,33.94112549695428,2.0
2378,6.0,0,1.0
2379,17.0,5.656854249492381,2.0
2380,28.0,0,1.0
2381,36.0,4.242640687119285,2.0
2382,33.0,45.254833995939045,2.0
2383,41.0,0,1.0
2384,19.0,25.45584412271571,2.0
2385,37.5,13.435028842544403,2.0
2387,9.0,0,1.0
2388,8.0,0,1.0
2389,15.0,0,1.0
2392,12.0,0,1.0
2393,47.0,0,1.0
2394,74.0,0,1.0
2398,28.0,0,1.0
2399,60.0,0,1.0
2400,27.5,37.476659402887016,2.0
2401,2.0,0,1.0
2402,22.0,22.627416997969522,2.0
2403,16.5,14.849242404917497,2.0
2404,26.5,3.5355339059327378,2.0
2405,4.0,0,1.0
2406,4.0,0,1.0
2407,30.0,0,1.0
2408,79.0,0,1.0
2409,34.0,0,1.0
2411,59.0,49.49747468305833,2.0
2412,12.0,15.556349186104045,2.0
2413,19.5,0.7071067811865476,2.0
2414,25.0,0,1.0
2416,3.0,0,1.0
2417,28.0,0,1.0
2418,43.0,26.870057685088806,2.0
2419,48.0,0,1.0
2420,9.0,0,1.0
2421,4.0,0,1.0
2422,37.5,43.1335136523794,2.0
2423,42.0,0,1.0
2424,45.0,0,1.0
2426,27.0,0,1.0
2428,34.0,0,1.0
2429,13.0,0,1.0
2430,3.0,0,1.0
2431,79.0,26.870057685088806,2.0
2432,29.5,27.577164466275352,2.0
2433,1.0,0,1.0
2435,96.0,0,1.0
2436,28.5,21.920310216782973,2.0
2437,53.0,0,1.0
2438,43.0,0,1.0
2439,1.0,0,1.0
2440,11.0,14.142135623730951,2.0
2441,43.0,29.698484809834994,2.0
2443,6.0,0,1.0
2444,2.0,0,1.0
2445,38.0,16.97056274847714,2.0
2447,32.5,23.33452377915607,2.0
2448,2.5,0.7071067811865476,2.0
2449,25.0,14.142135623730951,2.0
2451,39.5,16.263455967290593,2.0
2452,8.5,2.1213203435596424,2.0
2453,56.0,11.313708498984761,2.0
2455,3.0,0,1.0
2456,38.0,0,1.0
2458,5.0,0,1.0
2459,4.0,0,1.0
2460,46.0,0,1.0
2461,11.0,1.4142135623730951,2.0
2462,73.0,0,1.0
2463,4.5,0.7071067811865476,2.0
2464,1.0,0,1.0
2465,2.0,0,1.0
2466,58.5,12.020815280171307,2.0
2467,52.0,46.66904755831214,2.0
2468,33.0,28.284271247461902,2.0
2469,46.0,63.63961030678928,2.0
2470,46.0,0,1.0
2471,34.5,37.476659402887016,2.0
2472,21.5,2.1213203435596424,2.0
2473,20.0,0,1.0
2474,23.5,16.263455967290593,2.0
2476,44.5,45.96194077712559,2.0
2478,2.0,0,1.0
2479,13.0,0,1.0
2481,81.0,0,1.0
2482,44.5,50.204581464244875,2.0
2483,57.0,0,1.0
2484,68.0,0,1.0
2485,49.0,9.899494936611665,2.0
2487,81.0,0,1.0
2488,25.0,0,1.0
2489,64.0,0,1.0
2490,39.5,21.920310216782973,2.0
2492,76.0,0,1.0
2493,35.5,48.79036790187178,2.0
2494,4.0,0,1.0
2497,88.0,0,1.0
2499,23.0,0,1.0
2500,60.0,0,1.0
2501,18.5,13.435028842544403,2.0
2502,17.0,0,1.0
2504,15.5,10.606601717798213,2.0
2510,3.0,0,1.0
2512,26.0,0,1.0
2513,4.0,0,1.0
2514,8.0,1.4142135623730951,2.0
2515,5.5,3.5355339059327378,2.0
2516,15.0,14.142135623730951,2.0
2517,30.0,0,1.0
2519,24.0,0,1.0
2520,7.0,0,1.0
2521,1.0,0,1.0
2522,15.5,9.192388155425117,2.0
2523,57.5,24.748737341529164,2.0
2524,2.0,0,1.0
2525,32.0,0,1.0
2526,36.0,0,1.0
2527,10.0,0,1.0
2528,22.0,19.79898987322333,2.0
2529,15.0,0,1.0
2531,41.0,0,1.0
2532,5.0,0,1.0
2533,27.0,5.656854249492381,2.0
2534,36.0,0,1.0
2535,28.0,0,1.0
2536,16.0,0,1.0
2537,17.0,0,1.0
2538,6.0,0,1.0
2539,10.0,0,1.0
2541,73.0,0,1.0
2542,30.5,30.405591591021544,2.0
2543,21.0,0,1.0
2544,29.0,0,1.0
2545,2.0,0,1.0
2549,7.0,0,1.0
2553,63.0,0,1.0
2554,2.0,0,1.0
2555,67.0,0,1.0
2557,29.5,33.23401871576773,2.0
2558,17.5,7.7781745930520225,2.0
2559,65.0,0,1.0
2560,10.0,0,1.0
2561,45.0,59.39696961966999,2.0
2562,67.0,0,1.0
2563,17.0,0,1.0
2564,25.0,9.899494936611665,2.0
2565,49.0,0,1.0
2567,10.0,0,1.0
2568,60.0,0,1.0
2569,22.0,0,1.0
2570,21.0,0,1.0
2572,100.0,0,1.0
2573,88.0,0,1.0
2574,15.0,0,1.0
2575,28.0,0,1.0
2576,51.0,0,1.0
2577,65.0,0,1.0
2578,6.0,0,1.0
2579,9.0,0,1.0
2580,19.0,0,1.0
2582,19.0,0,1.0
2583,81.0,0,1.0
2584,2.0,0,1.0
2585,45.0,0,1.0
2588,37.0,29.698484809834994,2.0
2589,26.0,0,1.0
2590,60.0,42.42640687119285,2.0
2591,26.0,12.727922061357855,2.0
2592,6.0,0,1.0
2593,47.0,0,1.0
2594,74.0,0,1.0
2595,20.0,0,1.0
2596,16.5,19.091883092036785,2.0
2597,51.0,0,1.0
2598,33.0,32.526911934581186,2.0
2599,34.0,0,1.0
2600,55.0,0,1.0
2601,29.0,0,1.0
2602,20.5,7.7781745930520225,2.0
2603,21.0,0,1.0
2604,17.0,0,1.0
2605,41.5,41.71930009000631,2.0
2606,15.0,4.242640687119285,2.0
2607,21.0,1.4142135623730951,2.0
2608,26.0,24.041630560342615,2.0
2609,30.0,1.4142135623730951,2.0
2611,26.0,0,1.0
2612,33.0,0,1.0
2613,6.0,0,1.0
2615,1.0,0,1.0
2616,25.5,34.64823227814083,2.0
2617,15.0,4.242640687119285,2.0
2618,2.0,0,1.0
2619,33.5,26.16295090390226,2.0
2620,1.0,0,1.0
2621,44.5,48.79036790187178,2.0
2622,46.0,39.59797974644666,2.0
2623,1.0,0,1.0
2624,6.0,0,1.0
2625,8.0,0,1.0
2626,5.0,0,1.0
2627,42.0,0,1.0
2628,37.0,0,1.0
2630,34.0,0,1.0
2631,71.0,0,1.0
2632,9.5,3.5355339059327378,2.0
2634,1.0,0,1.0
2635,10.0,0,1.0
2636,41.0,38.18376618407357,2.0
2637,12.0,0,1.0
2639,40.0,0,1.0
2640,65.0,0,1.0
2641,8.0,0,1.0
2643,44.0,0,1.0
2644,16.0,7.0710678118654755,2.0
2645,69.0,0,1.0
2646,10.0,12.727922061357855,2.0
2647,11.0,0,1.0
2648,14.0,7.0710678118654755,2.0
2649,36.0,0,1.0
2650,4.0,0,1.0
2651,28.5,26.16295090390226,2.0
2652,4.5,2.1213203435596424,2.0
2653,2.0,0,1.0
2654,32.0,0,1.0
2656,3.0,0,1.0
2657,2.0,0,1.0
2658,10.0,0,1.0
2659,1.0,0,1.0
2660,50.5,34.64823227814083,2.0
2666,8.0,0,1.0
2667,11.0,0,1.0
2669,13.0,0,1.0
2670,22.0,0,1.0
2671,13.0,4.242640687119285,2.0
2672,16.0,0,1.0
2674,29.0,0,1.0
2676,81.0,0,1.0
2677,18.5,13.435028842544403,2.0
2678,2.0,0,1.0
2679,21.0,0,1.0
2680,39.0,0,1.0
2682,10.5,10.606601717798213,2.0
2683,34.0,0,1.0
2684,28.5,12.020815280171307,2.0
2685,2.0,0,1.0
2686,32.0,7.0710678118654755,2.0
2688,13.0,0,1.0
2689,11.0,0,1.0
2690,24.0,0,1.0
2692,9.5,0.7071067811865476,2.0
2693,52.5,26.16295090390226,2.0
2694,41.0,0,1.0
2695,56.0,0,1.0
2696,53.0,0,1.0
2697,6.0,0,1.0
2698,44.0,24.041630560342615,2.0
2699,1.0,0,1.0
2701,85.0,0,1.0
2702,8.0,0,1.0
2703,34.0,36.76955262170047,2.0
2704,69.0,0,1.0
2705,22.0,25.45584412271571,2.0
2706,50.5,70.0035713374682,2.0
2707,6.0,0,1.0
2708,26.0,0,1.0
2709,9.0,0,1.0
2710,50.0,0,1.0
2711,9.0,1.4142135623730951,2.0
2712,80.0,0,1.0
2713,3.0,0,1.0
2714,13.0,0,1.0
2715,7.0,0,1.0
2716,10.0,0,1.0
2717,25.0,0,1.0
2718,5.0,0,1.0
2719,70.0,0,1.0
2720,20.0,0,1.0
2721,13.0,0,1.0
2722,11.0,0,1.0
2723,4.0,0,1.0
2726,58.0,0,1.0
2727,6.0,7.0710678118654755,2.0
2728,21.0,0,1.0
2729,89.0,0,1.0
2730,4.0,0,1.0
2731,40.0,0,1.0
2732,23.0,0,1.0
2734,35.0,35.35533905932738,2.0
2736,52.0,48.08326112068523,2.0
2737,20.0,26.870057685088806,2.0
2738,24.5,28.991378028648448,2.0
2739,5.0,0,1.0
2743,14.0,18.384776310850235,2.0
2744,53.0,45.254833995939045,2.0
2745,8.0,0,1.0
2746,43.0,49.49747468305833,2.0
2747,22.0,0,1.0
2748,35.0,22.627416997969522,2.0
2749,11.0,0,1.0
2750,10.5,9.192388155425117,2.0
2751,9.0,0,1.0
2752,86.0,0,1.0
2753,1.0,0,1.0
2755,16.0,0,1.0
2756,11.5,10.606601717798213,2.0
2757,4.0,0,1.0
2758,60.5,20.506096654409877,2.0
2760,47.5,10.606601717798213,2.0
2761,11.0,14.142135623730951,2.0
2763,2.0,0,1.0
2764,2.0,0,1.0
2765,7.0,0,1.0
2766,10.0,0,1.0
2767,2.0,0,1.0
2768,12.0,0,1.0
2769,62.0,0,1.0
2770,73.0,0,1.0
2771,14.0,0,1.0
2772,25.0,0,1.0
2773,14.0,0,1.0
2775,45.5,58.68986283848344,2.0
2776,34.0,41.012193308819754,2.0
2777,8.0,0,1.0
2778,35.0,48.08326112068523,2.0
2779,27.5,19.091883092036785,2.0
2780,21.0,0,1.0
2781,22.0,0,1.0
2782,1.0,0.0,2.0
2783,3.0,0,1.0
2784,26.0,22.627416997969522,2.0
2785,15.0,0,1.0
2786,13.0,0,1.0
2788,15.0,0,1.0
2789,27.0,0,1.0
2791,17.0,14.142135623730951,2.0
2792,29.0,0,1.0
2793,1.0,0,1.0
2794,5.0,0,1.0
2795,42.5,19.091883092036785,2.0
2798,1.0,0,1.0
2799,44.0,59.39696961966999,2.0
2800,19.0,0,1.0
2801,12.0,0,1.0
2802,8.0,0,1.0
2803,8.0,0,1.0
2804,28.0,0,1.0
2805,3.0,0,1.0
2806,14.0,0,1.0
2808,14.0,1.4142135623730951,2.0
2809,55.0,0,1.0
2810,13.0,15.556349186104045,2.0
2811,9.0,0,1.0
2813,15.0,0,1.0
2814,44.0,0,1.0
2815,16.0,0,1.0
2816,22.5,4.949747468305833,2.0
2817,1.0,0,1.0
2819,28.0,29.698484809834994,2.0
2820,3.5,0.7071067811865476,2.0
2821,39.0,0,1.0
2822,19.5,0.7071067811865476,2.0
2823,81.0,0,1.0
2824,9.0,2.8284271247461903,2.0
2825,21.0,0,1.0
2827,57.0,0,1.0
2829,7.5,3.5355339059327378,2.0
2830,26.5,31.81980515339464,2.0
2831,27.0,0,1.0
2832,23.0,0,1.0
2835,68.5,13.435028842544403,2.0
2836,4.0,0,1.0
2839,4.0,0,1.0
2840,13.0,0,1.0
2841,49.5,9.192388155425117,2.0
2842,2.0,0,1.0
2843,42.0,0,1.0
2845,33.0,18.384776310850235,2.0
2846,8.0,0,1.0
2847,49.0,36.76955262170047,2.0
2849,32.0,0,1.0
2850,16.0,18.384776310850235,2.0
2851,2.0,0,1.0
2852,28.0,0,1.0
2853,31.0,0,1.0
2854,7.0,0,1.0
2855,20.5,27.577164466275352,2.0
2857,82.5,21.920310216782973,2.0
2860,65.0,0,1.0
2861,17.0,9.899494936611665,2.0
2862,10.0,11.313708498984761,2.0
2864,62.0,0,1.0
2865,25.5,24.748737341529164,2.0
2866,57.0,0,1.0
2867,92.0,0,1.0
2868,21.0,0,1.0
2869,6.0,5.656854249492381,2.0
2870,7.0,2.8284271247461903,2.0
2871,43.0,0,1.0
2872,12.0,0,1.0
2873,72.0,0,1.0
2875,78.0,0,1.0
2878,15.5,19.091883092036785,2.0
2880,30.0,28.284271247461902,2.0
2881,2.0,0,1.0
2882,29.0,0,1.0
2883,4.0,0,1.0
2887,15.0,18.384776310850235,2.0
2888,9.0,0,1.0
2889,74.0,0,1.0
2891,26.0,0,1.0
2892,47.0,0,1.0
2893,31.0,0,1.0
2894,11.0,0,1.0
2897,16.0,0,1.0
2898,3.0,0,1.0
2900,65.0,38.18376618407357,2.0
2901,1.0,0,1.0
2902,45.0,0,1.0
2903,1.0,0,1.0
2904,4.0,0,1.0
2905,72.0,0,1.0
2913,1.0,0,1.0
2915,21.0,0,1.0
2916,5.0,0,1.0
2917,30.0,0,1.0
2918,9.0,0,1.0
2920,7.0,2.8284271247461903,2.0
2923,14.0,0,1.0
2924,16.5,2.1213203435596424,2.0
2926,9.0,0,1.0
2928,24.0,0,1.0
2929,39.0,0,1.0
2932,11.0,0,1.0
2934,3.0,0,1.0
2935,72.0,0,1.0
2936,26.0,0,1.0
2937,23.5,3.5355339059327378,2.0
2939,18.0,0,1.0
2940,4.5,2.1213203435596424,2.0
2941,3.5,0.7071067811865476,2.0
2943,31.0,19.79898987322333,2.0
2944,18.5,23.33452377915607,2.0
2945,22.0,0,1.0
2946,16.0,0,1.0
2947,1.0,0,1.0
2949,7.0,0,1.0
2950,1.0,0.0,2.0
2951,2.0,0,1.0
2953,42.5,23.33452377915607,2.0
2954,34.0,0,1.0
2956,43.0,0,1.0
2958,8.0,0,1.0
2959,14.0,0,1.0
2961,34.0,0,1.0
2962,58.0,0,1.0
2963,6.0,0,1.0
2964,16.0,0,1.0
2965,4.0,0,1.0
2967,31.5,27.577164466275352,2.0
2968,1.0,0,1.0
2971,39.0,0,1.0
2972,5.0,0,1.0
2973,1.0,0,1.0
2974,10.0,0,1.0
2975,29.5,21.920310216782973,2.0
2977,7.0,0,1.0
2978,14.0,0,1.0
2979,41.0,0,1.0
2980,5.0,0,1.0
2981,13.0,0,1.0
2982,28.5,36.062445840513924,2.0
2983,28.0,0,1.0
2984,5.5,3.5355339059327378,2.0
2985,45.0,0,1.0
2986,1.0,0,1.0
2987,36.0,0,1.0
2988,40.0,29.698484809834994,2.0
2989,13.0,0,1.0
2990,6.0,0,1.0
2991,36.0,9.899494936611665,2.0
2992,7.0,0,1.0
2994,38.0,0,1.0
2996,19.5,17.67766952966369,2.0
2998,22.0,21.213203435596427,2.0
3000,8.0,0,1.0
3001,13.0,9.899494936611665,2.0
3002,1.0,0,1.0
3003,7.0,0,1.0
3004,15.0,2.8284271247461903,2.0
3005,31.0,0,1.0
3007,1.0,0,1.0
3009,20.5,9.192388155425117,2.0
3010,38.0,0,1.0
3011,23.0,0,1.0
3012,28.0,0,1.0
3013,34.5,23.33452377915607,2.0
3014,3.5,2.1213203435596424,2.0
3016,22.0,0,1.0
3017,4.0,0,1.0
3018,41.0,55.154328932550705,2.0
3019,10.0,0,1.0
3020,18.0,4.242640687119285,2.0
3021,20.5,26.16295090390226,2.0
3022,9.0,0,1.0
3023,3.0,0,1.0
3024,8.5,7.7781745930520225,2.0
3025,3.0,0,1.0
3026,8.0,0,1.0
3028,16.5,21.920310216782973,2.0
3029,50.0,0,1.0
3030,9.0,0,1.0
3032,45.0,0,1.0
3033,11.0,0,1.0
3034,18.0,0,1.0
3035,45.0,0,1.0
3037,55.0,0,1.0
3039,10.0,0,1.0
3040,7.0,0,1.0
3041,21.0,0,1.0
3043,38.0,14.142135623730951,2.0
3044,19.0,15.556349186104045,2.0
3045,4.0,0.0,2.0
3046,7.0,0,1.0
3047,3.0,0,1.0
3048,12.0,11.313708498984761,2.0
3049,6.0,0,1.0
3050,32.0,0,1.0
3051,15.0,4.242640687119285,2.0
3054,79.0,0,1.0
3056,8.0,0,1.0
3058,6.0,1.4142135623730951,2.0
3059,4.0,0,1.0
3060,71.0,0,1.0
3062,35.0,1.4142135623730951,2.0
3064,32.0,8.48528137423857,2.0
3066,18.0,7.0710678118654755,2.0
3067,11.0,0,1.0
3069,4.0,0,1.0
3070,9.0,0,1.0
3072,59.0,41.012193308819754,2.0
3073,1.0,0,1.0
3075,8.0,0,1.0
3076,11.0,0,1.0
3077,1.0,0,1.0
3078,1.0,0,1.0
3079,8.5,7.7781745930520225,2.0
3080,46.0,16.97056274847714,2.0
3081,1.0,0,1.0
3082,1.0,0,1.0
3083,27.0,0,1.0
3084,31.0,0,1.0
3085,32.0,28.284271247461902,2.0
3086,15.5,20.506096654409877,2.0
3087,12.0,0,1.0
3088,42.0,0,1.0
3090,32.0,0,1.0
3091,27.0,0,1.0
3093,18.0,0,1.0
3094,5.0,0,1.0
3096,62.5,21.920310216782973,2.0
3097,1.5,0.7071067811865476,2.0
3102,9.5,7.7781745930520225,2.0
3105,36.0,5.656854249492381,2.0
3107,33.0,0,1.0
3108,86.0,0,1.0
3109,21.0,0,1.0
3110,1.0,0,1.0
3111,4.0,0,1.0
3112,6.0,0,1.0
3114,10.0,0,1.0
3115,5.0,0,1.0
3116,30.5,24.748737341529164,2.0
3117,40.0,0,1.0
3118,3.0,0,1.0
3120,13.0,14.142135623730951,2.0
3122,5.5,2.1213203435596424,2.0
3123,8.0,1.4142135623730951,2.0
3124,2.5,2.1213203435596424,2.0
3125,11.0,0,1.0
3126,26.5,36.062445840513924,2.0
3127,6.0,2.8284271247461903,2.0
3128,35.0,0,1.0
3131,9.0,7.0710678118654755,2.0
3132,3.0,0,1.0
3134,36.0,1.4142135623730951,2.0
3138,9.0,0,1.0
3139,5.0,0,1.0
3140,61.0,0,1.0
3141,28.0,0,1.0
3142,9.0,0,1.0
3143,41.0,55.154328932550705,2.0
3144,2.0,0,1.0
3145,13.0,15.556349186104045,2.0
3146,31.5,37.476659402887016,2.0
3147,39.0,0,1.0
3148,1.0,0,1.0
3149,46.0,39.59797974644666,2.0
3150,4.0,0,1.0
3151,24.0,8.48528137423857,2.0
3152,1.0,0,1.0
3153,12.0,0,1.0
3154,25.0,0,1.0
3155,26.5,36.062445840513924,2.0
3156,47.0,46.66904755831214,2.0
3157,2.0,0,1.0
3158,15.0,2.8284271247461903,2.0
3159,42.5,3.5355339059327378,2.0
3160,10.0,0,1.0
3161,12.5,2.1213203435596424,2.0
3164,2.0,0,1.0
3165,4.0,0,1.0
3166,36.0,0,1.0
3167,39.5,47.37615433949868,2.0
3168,5.0,0,1.0
3169,9.0,0,1.0
3171,31.0,0,1.0
3172,31.0,12.727922061357855,2.0
3173,26.0,16.97056274847714,2.0
3174,21.5,16.263455967290593,2.0
3175,9.0,0,1.0
3178,12.0,0,1.0
3180,55.0,39.59797974644666,2.0
3181,16.5,13.435028842544403,2.0
3182,63.5,12.020815280171307,2.0
3183,41.5,45.96194077712559,2.0
3184,39.0,28.284271247461902,2.0
3185,2.0,0,1.0
3189,9.0,0,1.0
3190,1.0,0,1.0
3191,9.0,0,1.0
3192,2.0,0,1.0
3193,24.5,0.7071067811865476,2.0
3194,1.0,0,1.0
3195,94.0,0,1.0
3196,9.0,0,1.0
3197,8.0,0,1.0
3198,4.0,0,1.0
3199,11.0,0,1.0
3201,27.5,17.67766952966369,2.0
3205,10.0,0,1.0
3209,1.0,0,1.0
3210,9.0,0,1.0
3211,36.0,46.66904755831214,2.0
3212,31.0,16.97056274847714,2.0
3214,45.0,0,1.0
3215,41.0,29.698484809834994,2.0
3216,69.0,8.48528137423857,2.0
3218,64.0,0,1.0
3219,4.0,0,1.0
3220,85.0,0,1.0
3221,13.0,0,1.0
3222,18.0,0,1.0
3223,50.5,61.518289963229634,2.0
3224,24.0,0,1.0
3226,47.0,33.94112549695428,2.0
3227,12.5,16.263455967290593,2.0
3230,2.0,0,1.0
3231,24.5,0.7071067811865476,2.0
3232,2.0,0,1.0
3235,36.0,41.012193308819754,2.0
3237,8.0,0,1.0
3238,22.0,0,1.0
3239,43.0,0,1.0
3241,64.0,0,1.0
3242,37.0,0,1.0
3243,4.0,0,1.0
3244,40.0,0,1.0
3247,60.5,45.96194077712559,2.0
3249,53.0,0,1.0
3250,56.5,12.020815280171307,2.0
3252,37.0,0,1.0
3253,46.5,47.37615433949868,2.0
3255,15.0,0,1.0
3256,8.0,9.899494936611665,2.0
3257,11.0,0,1.0
3258,51.0,0,1.0
3259,49.0,0,1.0
3260,1.0,0,1.0
3261,27.0,0,1.0
3262,44.0,0,1.0
3263,2.0,0,1.0
3265,4.0,0,1.0
3266,6.0,0,1.0
3269,15.0,0,1.0
3270,23.0,0,1.0
3274,35.0,0,1.0
3275,1.0,0,1.0
3276,32.5,0.7071067811865476,2.0
3278,2.0,0,1.0
3279,2.0,0,1.0
3280,3.0,0,1.0
3281,45.0,0,1.0
3282,63.0,0,1.0
3283,26.0,25.45584412271571,2.0
3286,67.0,0,1.0
3288,1.0,0,1.0
3289,32.0,0,1.0
3290,25.0,33.94112549695428,2.0
3291,46.0,0,1.0
3293,2.0,0,1.0
3294,22.0,0,1.0
3295,22.0,28.284271247461902,2.0
3296,11.0,0,1.0
3297,67.0,9.899494936611665,2.0
3298,63.0,0,1.0
3299,2.0,0,1.0
3302,17.0,0,1.0
3305,18.0,0,1.0
3306,30.0,0,1.0
3307,44.0,0,1.0
3308,1.0,0,1.0
3309,23.0,0,1.0
3310,40.0,43.840620433565945,2.0
3311,3.0,0,1.0
3312,39.0,0,1.0
3313,11.0,0,1.0
3314,32.0,0,1.0
3315,7.5,3.5355339059327378,2.0
3317,4.0,0,1.0
3318,35.0,0,1.0
3319,7.0,0,1.0
3320,17.0,0,1.0
3322,52.0,0,1.0
3323,3.0,0,1.0
3325,52.0,0,1.0
3326,4.0,0,1.0
3327,38.0,0,1.0
3328,9.0,0,1.0
3329,1.0,0,1.0
3330,70.0,0,1.0
3331,10.0,0,1.0
3332,13.0,0,1.0
3333,11.0,0,1.0
3335,2.0,0,1.0
3336,13.0,9.899494936611665,2.0
3337,4.0,0,1.0
3338,19.0,0,1.0
3340,7.0,0,1.0
3341,4.0,0,1.0
3344,99.0,0,1.0
3345,1.0,0,1.0
3349,2.0,0,1.0
3350,4.0,0,1.0
3351,78.0,0,1.0
3352,51.5,9.192388155425117,2.0
3353,52.0,0,1.0
3356,96.0,0,1.0
3358,77.5,30.405591591021544,2.0
3359,6.0,0,1.0
3360,33.5,30.405591591021544,2.0
3361,12.0,0,1.0
3362,20.0,0,1.0
3364,52.0,28.284271247461902,2.0
3365,45.0,0,1.0
3366,15.5,16.263455967290593,2.0
3367,22.0,26.870057685088806,2.0
3369,7.0,0,1.0
3370,35.5,47.37615433949868,2.0
3371,1.0,0,1.0
3372,35.0,0,1.0
3373,16.0,0,1.0
3374,90.0,0,1.0
3375,1.0,0,1.0
3376,33.5,38.890872965260115,2.0
3377,3.0,2.8284271247461903,2.0
3378,22.0,28.284271247461902,2.0
3379,1.0,0,1.0
3380,3.0,0,1.0
3381,48.0,0.0,2.0
3382,22.5,2.1213203435596424,2.0
3383,9.0,0,1.0
3384,23.0,0,1.0
3385,13.0,0,1.0
3386,87.0,0,1.0
3387,22.0,21.213203435596427,2.0
3388,9.5,4.949747468305833,2.0
3389,30.0,0,1.0
3390,11.0,9.899494936611665,2.0
3391,23.5,13.435028842544403,2.0
3392,44.0,0,1.0
3393,3.0,0,1.0
3394,33.0,45.254833995939045,2.0
3395,36.0,0,1.0
3396,19.0,7.0710678118654755,2.0
3398,3.0,0,1.0
3399,5.0,0,1.0
3400,2.0,0.0,2.0
3401,31.5,24.748737341529164,2.0
3403,3.5,0.7071067811865476,2.0
3404,68.0,0,1.0
3405,4.0,0,1.0
3406,1.0,0,1.0
3407,30.0,0,1.0
3409,51.0,0,1.0
3410,21.5,9.192388155425117,2.0
3411,27.5,34.64823227814083,2.0
3412,28.0,21.213203435596427,2.0
3413,43.0,0,1.0
3414,80.0,0,1.0
3415,47.5,38.890872965260115,2.0
3416,44.0,0,1.0
3417,22.5,24.748737341529164,2.0
3419,9.0,0,1.0
3421,19.5,16.263455967290593,2.0
3422,17.0,0,1.0
3424,13.5,7.7781745930520225,2.0
3425,47.0,46.66904755831214,2.0
3426,9.5,10.606601717798213,2.0
3428,60.5,55.86143571373726,2.0
3431,35.5,26.16295090390226,2.0
3433,9.0,0,1.0
3434,3.0,0,1.0
3435,38.0,0,1.0
3436,20.5,14.849242404917497,2.0
3437,6.0,0,1.0
3439,21.5,21.920310216782973,2.0
3440,6.0,0,1.0
3441,1.5,0.7071067811865476,2.0
3442,20.5,2.1213203435596424,2.0
3444,9.5,9.192388155425117,2.0
3445,22.0,28.284271247461902,2.0
3446,61.0,0,1.0
3448,7.0,0,1.0
3449,8.0,0,1.0
3454,95.0,0,1.0
3456,24.0,0,1.0
3457,41.0,0,1.0
3459,5.0,0,1.0
3460,5.0,0,1.0
3461,47.0,0,1.0
3463,13.0,4.242640687119285,2.0
3464,6.0,0,1.0
3465,2.0,0,1.0
3466,34.0,0,1.0
3467,5.0,0,1.0
3468,15.0,0,1.0
3472,19.0,0,1.0
3475,1.0,0,1.0
3476,59.0,0,1.0
3478,7.0,0,1.0
3483,11.5,3.5355339059327378,2.0
3484,15.0,0,1.0
3485,9.0,0,1.0
3486,73.0,0,1.0
3489,11.0,0,1.0
3491,76.0,0,1.0
3492,9.0,0,1.0
3493,24.0,0,1.0
3494,16.0,0,1.0
3495,4.0,0,1.0
3496,5.0,0.0,2.0
3500,8.0,0,1.0
3501,22.0,0,1.0
3504,30.5,33.23401871576773,2.0
3506,8.0,0,1.0
3508,43.0,0,1.0
3509,5.0,0,1.0
3513,53.0,0,1.0
3515,8.0,0,1.0
3517,11.0,0,1.0
3519,41.0,0,1.0
3524,1.0,0,1.0
3525,17.0,0,1.0
3526,8.0,2.8284271247461903,2.0
3527,10.5,2.1213203435596424,2.0
3529,48.0,0,1.0
3530,1.0,0,1.0
3531,32.0,0,1.0
3532,74.0,0,1.0
3533,6.0,0,1.0
3535,31.0,0,1.0
3536,60.5,41.71930009000631,2.0
3538,3.0,0,1.0
3539,19.0,0,1.0
3540,25.0,0,1.0
3541,43.0,0,1.0
3543,2.0,0,1.0
3544,42.5,33.23401871576773,2.0
3545,1.0,0,1.0
3547,22.0,0,1.0
3548,10.0,0,1.0
3550,1.0,0,1.0
3551,5.0,0,1.0
3552,11.0,0,1.0
3553,2.0,0,1.0
3555,10.0,0,1.0
3556,47.0,0,1.0
3557,3.5,2.1213203435596424,2.0
3558,12.5,12.020815280171307,2.0
3559,6.0,0,1.0
3560,4.0,0,1.0
3561,7.0,0,1.0
3563,8.0,0,1.0
3564,41.5,51.61879502661797,2.0
3565,10.0,0,1.0
3566,54.5,34.64823227814083,2.0
3568,18.0,0,1.0
3569,50.0,21.213203435596427,2.0
3570,2.0,0,1.0
3571,35.5,45.96194077712559,2.0
3572,27.5,31.81980515339464,2.0
3575,68.0,0,1.0
3576,2.0,0,1.0
3577,64.5,0.7071067811865476,2.0
3578,11.0,0,1.0
3579,21.0,0,1.0
3580,36.5,0.7071067811865476,2.0
3582,9.0,0,1.0
3583,1.0,0,1.0
3585,46.0,0,1.0
3586,99.0,0,1.0
3588,50.5,67.17514421272202,2.0
3589,16.0,0,1.0
3591,43.5,57.27564927611035,2.0
3592,4.5,4.949747468305833,2.0
3594,8.0,0,1.0
3595,6.0,0,1.0
3596,3.0,0,1.0
3597,34.0,0,1.0
3598,86.0,0,1.0
3600,31.0,0,1.0
3601,47.0,0,1.0
3602,3.0,0,1.0
3603,93.0,0,1.0
3605,38.0,42.42640687119285,2.0
3606,33.0,0,1.0
3609,81.0,0,1.0
3610,44.0,0,1.0
3611,2.0,0,1.0
3612,52.0,0,1.0
3613,23.0,8.48528137423857,2.0
3615,25.0,0,1.0
3617,73.0,0,1.0
3618,55.0,55.154328932550705,2.0
3619,65.0,0,1.0
3620,33.5,27.577164466275352,2.0
3621,100.0,0,1.0
3623,28.0,0,1.0
3624,13.0,4.242640687119285,2.0
3625,50.5,54.44722215136416,2.0
3626,29.5,24.748737341529164,2.0
3627,43.0,0,1.0
3629,6.0,0,1.0
3631,32.0,0,1.0
3636,34.5,37.476659402887016,2.0
3638,13.0,0,1.0
3640,27.0,15.556349186104045,2.0
3641,80.5,10.606601717798213,2.0
3643,35.0,0,1.0
3644,5.0,0,1.0
3648,34.0,0,1.0
3651,2.0,0,1.0
3654,3.0,2.8284271247461903,2.0
3655,28.0,0,1.0
3656,81.0,0,1.0
3657,18.0,0,1.0
3661,17.0,21.213203435596427,2.0
3662,83.0,0,1.0
3663,8.0,0,1.0
3664,28.0,0,1.0
3666,10.0,0,1.0
3667,2.0,0,1.0
3668,16.5,20.506096654409877,2.0
3670,31.0,0,1.0
3671,2.0,0,1.0
3673,52.0,0,1.0
3674,1.0,0,1.0
3677,2.0,0,1.0
3679,32.0,43.840620433565945,2.0
3680,9.0,0,1.0
3682,90.0,0,1.0
3684,16.0,0,1.0
3685,53.0,0,1.0
3687,3.0,0,1.0
3688,20.0,0,1.0
3689,50.0,0,1.0
3690,29.0,38.18376618407357,2.0
3691,33.5,28.991378028648448,2.0
3692,37.0,0,1.0
3694,34.0,0,1.0
3695,10.0,0,1.0
3697,40.0,0,1.0
3698,10.0,0,1.0
3699,4.0,0,1.0
3700,52.5,38.890872965260115,2.0
3701,15.0,0,1.0
3702,5.0,0,1.0
3703,1.0,0,1.0
3704,63.0,0,1.0
3705,2.0,0,1.0
3706,1.0,0,1.0
3707,57.0,0,1.0
3709,68.0,0,1.0
3710,8.0,0,1.0
3712,10.5,2.1213203435596424,2.0
3714,44.0,59.39696961966999,2.0
3715,3.0,0,1.0
3716,50.0,0,1.0
3717,6.0,2.8284271247461903,2.0
3719,4.0,0,1.0
3721,11.0,0,1.0
3722,20.0,0,1.0
3723,6.5,2.1213203435596424,2.0
3724,51.0,0,1.0
3725,9.0,0,1.0
3726,21.0,0,1.0
3727,19.0,0,1.0
3728,6.0,0,1.0
3729,9.0,0,1.0
3730,8.0,0,1.0
3731,100.0,0,1.0
3732,9.0,0,1.0
3734,34.0,0,1.0
3735,25.0,0,1.0
3736,18.5,6.363961030678928,2.0
3737,1.0,0,1.0
3738,7.0,0,1.0
3739,14.0,0,1.0
3740,2.0,0,1.0
3741,9.0,5.656854249492381,2.0
3744,14.0,18.384776310850235,2.0
3745,12.0,15.556349186104045,2.0
3746,13.0,1.4142135623730951,2.0
3747,3.0,1.4142135623730951,2.0
3750,29.0,0,1.0
3753,14.0,0,1.0
3754,14.0,0,1.0
3755,37.5,0.7071067811865476,2.0
3756,22.0,19.79898987322333,2.0
3758,9.0,0,1.0
3759,7.0,0,1.0
3761,13.0,0,1.0
3762,64.0,0,1.0
3763,13.0,0,1.0
3765,8.0,0,1.0
3766,1.0,0,1.0
3767,6.0,0,1.0
3769,56.0,0,1.0
3770,7.0,0,1.0
3771,7.0,0,1.0
3772,11.0,0,1.0
3773,7.0,0,1.0
3774,9.0,0,1.0
3775,13.0,0,1.0
3776,15.0,0,1.0
3778,15.0,0,1.0
3779,19.0,0,1.0
3780,11.0,0,1.0
3781,34.0,0,1.0
3783,49.0,0,1.0
3785,15.0,14.142135623730951,2.0
3787,6.0,0.0,2.0
3788,17.0,0,1.0
3789,2.0,0,1.0
3790,39.5,40.30508652763321,2.0
3791,38.0,36.76955262170047,2.0
3792,12.0,0,1.0
3793,31.0,25.45584412271571,2.0
3794,5.0,0,1.0
3795,22.0,0,1.0
3797,8.5,3.5355339059327378,2.0
3800,1.0,0,1.0
3801,2.0,0,1.0
3802,21.0,0,1.0
3804,18.0,0,1.0
3805,1.0,0,1.0
3808,19.0,0,1.0
3810,24.0,0,1.0
3811,7.0,0,1.0
3812,33.0,35.35533905932738,2.0
3813,15.0,0,1.0
3815,23.0,0,1.0
3816,24.0,0,1.0
3819,13.0,0,1.0
3821,47.0,0,1.0
3822,12.0,0,1.0
3823,18.0,8.48528137423857,2.0
3824,9.0,0,1.0
3825,66.0,0,1.0
3826,7.5,4.949747468305833,2.0
3827,11.5,2.1213203435596424,2.0
3828,16.0,5.656854249492381,2.0
3830,37.0,14.142135623730951,2.0
3831,22.0,0,1.0
3832,8.5,6.363961030678928,2.0
3833,25.0,0,1.0
3834,46.0,0,1.0
3835,10.0,0,1.0
3836,24.0,14.142135623730951,2.0
3837,5.0,0,1.0
3838,14.5,19.091883092036785,2.0
3839,7.0,0,1.0
3842,99.0,0,1.0
3843,50.0,0,1.0
3844,35.0,36.76955262170047,2.0
3846,8.0,0,1.0
3847,28.0,0,1.0
3848,4.0,0,1.0
3849,42.0,0,1.0
3850,7.5,7.7781745930520225,2.0
3851,2.0,0,1.0
3852,17.0,18.384776310850235,2.0
3853,24.0,0,1.0
3854,37.0,0,1.0
3855,25.0,0,1.0
3856,1.0,0,1.0
3857,10.0,0,1.0
3858,1.0,0,1.0
3859,21.0,0,1.0
3860,49.0,0,1.0
3861,2.0,0,1.0
3862,24.0,0,1.0
3863,11.0,0,1.0
3865,3.0,2.8284271247461903,2.0
3867,50.5,4.949747468305833,2.0
3868,3.0,0,1.0
3869,20.0,0,1.0
3870,22.0,0,1.0
3872,25.0,0,1.0
3873,14.0,12.727922061357855,2.0
3874,40.0,0,1.0
3875,9.5,2.1213203435596424,2.0
3877,14.0,1.4142135623730951,2.0
3879,5.5,4.949747468305833,2.0
3880,2.0,0,1.0
3881,9.0,0,1.0
3882,1.0,0,1.0
3883,46.0,0,1.0
3884,20.0,18.384776310850235,2.0
3885,34.0,25.45584412271571,2.0
3887,6.0,0,1.0
3888,15.0,0,1.0
3889,20.0,0,1.0
3891,43.0,0,1.0
3892,19.0,22.627416997969522,2.0
3893,7.0,0,1.0
3894,29.0,0,1.0
3897,68.0,36.76955262170047,2.0
3898,50.0,0,1.0
3899,4.5,3.5355339059327378,2.0
3900,10.0,0,1.0
3901,9.0,5.656854249492381,2.0
3902,12.5,7.7781745930520225,2.0
3903,2.0,0.0,2.0
3904,14.0,0,1.0
3905,56.5,41.71930009000631,2.0
3907,44.0,0,1.0
3908,9.5,12.020815280171307,2.0
3909,19.0,0,1.0
3910,6.5,4.949747468305833,2.0
3911,3.5,0.7071067811865476,2.0
3912,7.0,0,1.0
3913,12.0,0,1.0
3914,44.0,0,1.0
3917,59.0,0,1.0
3919,14.5,17.67766952966369,2.0
3921,8.0,8.48528137423857,2.0
3922,23.0,0,1.0
3925,28.0,0,1.0
3926,23.0,0,1.0
3928,62.0,48.08326112068523,2.0
3929,33.0,4.242640687119285,2.0
3930,3.0,0,1.0
3931,13.5,10.606601717798213,2.0
3932,29.0,0,1.0
3933,78.0,0,1.0
3934,53.0,0,1.0
3936,28.0,0,1.0
3937,41.0,0,1.0
3940,36.5,12.020815280171307,2.0
3941,17.0,0,1.0
3942,5.0,0,1.0
3944,65.0,0,1.0
3945,47.0,0,1.0
3947,3.0,0,1.0
3948,46.5,64.34671708797582,2.0
3950,43.0,0,1.0
3951,14.0,0,1.0
3954,26.0,31.11269837220809,2.0
3955,23.0,0,1.0
3957,29.0,0,1.0
3958,8.0,0,1.0
3959,15.0,0,1.0
3961,39.5,53.033008588991066,2.0
3962,10.0,0,1.0
3963,5.0,1.4142135623730951,2.0
3965,74.0,0,1.0
3966,14.0,0,1.0
3968,1.0,0,1.0
3970,25.0,0,1.0
3972,1.0,0,1.0
3976,5.0,0,1.0
3977,3.0,0,1.0
3978,1.0,0,1.0
3979,9.0,0,1.0
3980,86.0,0,1.0
3981,25.0,0,1.0
3982,2.0,1.4142135623730951,2.0
3983,3.0,2.8284271247461903,2.0
3984,28.5,17.67766952966369,2.0
3985,1.0,0,1.0
3987,46.0,0,1.0
3988,11.0,0,1.0
3989,8.0,7.0710678118654755,2.0
3990,25.5,26.16295090390226,2.0
3991,8.5,6.363961030678928,2.0
3992,52.0,0,1.0
3993,37.0,0,1.0
3994,11.0,1.4142135623730951,2.0
3995,9.0,0,1.0
3996,14.0,0,1.0
3998,16.5,12.020815280171307,2.0
3999,1.5,0.7071067811865476,2.0
4000,2.5,2.1213203435596424,2.0
4001,2.0,0,1.0
4003,55.5,58.68986283848344,2.0
4004,4.0,0,1.0
4005,1.0,0,1.0
4006,27.0,0,1.0
4007,9.5,0.7071067811865476,2.0
4008,15.0,0,1.0
4009,23.0,0,1.0
4010,1.0,0,1.0
4011,12.5,13.435028842544403,2.0
4013,18.0,0,1.0
4014,3.5,3.5355339059327378,2.0
4015,1.0,0,1.0
4016,9.5,3.5355339059327378,2.0
4017,19.5,3.5355339059327378,2.0
4019,17.5,12.020815280171307,2.0
4021,9.0,1.4142135623730951,2.0
4023,50.0,0,1.0
4024,3.0,0,1.0
4025,31.0,21.213203435596427,2.0
4027,8.5,4.949747468305833,2.0
4029,56.0,0,1.0
4031,2.0,0,1.0
4032,4.0,0,1.0
4033,1.0,0,1.0
4035,65.0,0,1.0
4039,34.0,0,1.0
4040,1.0,0,1.0
4041,1.0,0,1.0
4042,3.0,0,1.0
4044,19.0,0,1.0
4045,85.0,0,1.0
4046,2.0,0,1.0
4047,3.0,0,1.0
4050,26.0,35.35533905932738,2.0
4053,8.0,9.899494936611665,2.0
4054,13.0,0,1.0
4055,5.0,0,1.0
4057,5.0,0,1.0
4058,95.0,0,1.0
4060,3.5,3.5355339059327378,2.0
4061,5.0,0,1.0
4062,11.5,9.192388155425117,2.0
4064,41.0,0,1.0
4065,44.0,0,1.0
4066,39.5,50.204581464244875,2.0
4068,52.0,0,1.0
4069,4.0,0,1.0
4071,5.0,0,1.0
4073,57.0,0,1.0
4074,4.0,0,1.0
4075,4.0,4.242640687119285,2.0
4079,13.0,0,1.0
4080,3.0,0,1.0
4081,7.0,0,1.0
4086,3.0,0,1.0
4087,22.0,0,1.0
4089,4.0,0,1.0
4092,3.0,0,1.0
4093,7.0,0,1.0
4094,30.0,2.8284271247461903,2.0
4095,7.0,5.656854249492381,2.0
4096,4.0,0,1.0
4097,6.0,0,1.0
4098,29.5,40.30508652763321,2.0
4099,25.0,8.48528137423857,2.0
4100,16.0,21.213203435596427,2.0
4103,25.0,0,1.0
4104,6.0,2.8284271247461903,2.0
4105,3.0,0,1.0
4106,6.0,0,1.0
4107,7.0,0,1.0
4109,44.5,60.10407640085654,2.0
4111,58.0,0,1.0
4112,2.0,0,1.0
4113,35.0,0,1.0
4114,6.0,1.4142135623730951,2.0
4115,3.0,0,1.0
4116,1.0,0,1.0
4117,22.0,26.870057685088806,2.0
4120,12.0,0,1.0
4122,17.0,0,1.0
4124,5.5,2.1213203435596424,2.0
4126,11.0,11.313708498984761,2.0
4127,1.0,0,1.0
4131,13.0,0,1.0
4132,20.0,0,1.0
4133,1.0,0,1.0
4134,78.0,0,1.0
4136,12.0,0,1.0
4137,7.0,0,1.0
4138,81.0,0,1.0
4139,23.5,27.577164466275352,2.0
4140,32.0,0,1.0
4141,1.0,0,1.0
4142,52.0,48.08326112068523,2.0
4143,2.0,0,1.0
4144,2.0,0,1.0
4145,47.0,0.0,2.0
4146,9.0,0,1.0
4148,16.0,0,1.0
4150,69.0,0,1.0
4151,6.0,0,1.0
4152,2.5,0.7071067811865476,2.0
4153,8.0,0,1.0
4154,35.0,0,1.0
4155,8.0,0,1.0
4156,18.0,22.627416997969522,2.0
4157,44.0,0,1.0
4158,39.0,0,1.0
4159,18.0,1.4142135623730951,2.0
4161,87.0,0,1.0
4162,15.5,2.1213203435596424,2.0
4163,6.0,0,1.0
4164,1.0,0,1.0
4165,89.0,0,1.0
4167,30.0,0,1.0
4170,70.0,0,1.0
4172,2.0,0,1.0
4173,63.0,0,1.0
4174,2.0,0,1.0
4176,40.5,4.949747468305833,2.0
4177,2.0,0,1.0
4178,98.0,0,1.0
4179,5.5,0.7071067811865476,2.0
4180,34.0,0,1.0
4181,5.5,0.7071067811865476,2.0
4182,60.0,26.870057685088806,2.0
4184,8.0,0,1.0
4185,26.0,0,1.0
4186,3.0,0,1.0
4188,25.5,17.67766952966369,2.0
4190,13.0,0,1.0
4191,33.0,0,1.0
4192,14.0,0,1.0
4194,41.0,43.840620433565945,2.0
4195,36.0,0,1.0
4196,1.0,0,1.0
4197,15.0,0,1.0
4198,5.0,5.656854249492381,2.0
4199,8.0,0,1.0
4200,56.5,31.81980515339464,2.0
4201,79.0,0,1.0
4203,43.0,0,1.0
4204,20.0,0,1.0
4205,24.0,0,1.0
4206,46.0,0,1.0
4207,31.5,13.435028842544403,2.0
4211,57.5,31.81980515339464,2.0
4212,23.0,0,1.0
4213,8.0,0,1.0
4214,4.0,0,1.0
4215,34.0,0,1.0
4216,53.0,0,1.0
4219,2.0,0,1.0
4221,75.0,0,1.0
4222,42.5,53.033008588991066,2.0
4223,22.0,0,1.0
4224,79.0,0,1.0
4225,81.0,0,1.0
4226,13.5,6.363961030678928,2.0
4228,3.0,0,1.0
4229,41.0,0,1.0
4230,42.0,0,1.0
4231,7.0,0,1.0
4233,47.0,0,1.0
4235,54.0,0,1.0
4236,10.0,0,1.0
4237,3.0,0,1.0
4238,4.0,0,1.0
4239,2.0,0,1.0
4240,49.5,24.748737341529164,2.0
4241,23.0,0,1.0
4242,9.5,6.363961030678928,2.0
4244,1.0,0,1.0
4245,5.5,4.949747468305833,2.0
4246,3.0,0,1.0
4247,13.5,10.606601717798213,2.0
4248,2.0,1.4142135623730951,2.0
4249,61.0,0,1.0
4250,20.5,14.849242404917497,2.0
4252,59.0,0,1.0
4253,8.0,0,1.0
4255,2.0,0,1.0
4256,3.0,0,1.0
4257,54.0,0,1.0
4258,5.0,5.656854249492381,2.0
4259,69.0,0,1.0
4260,20.0,0,1.0
4261,4.0,0,1.0
4263,22.0,0,1.0
4264,5.0,0,1.0
4265,1.0,0,1.0
4266,28.0,7.0710678118654755,2.0
4267,7.0,0,1.0
4268,53.0,0,1.0
4271,2.0,0,1.0
4273,14.5,3.5355339059327378,2.0
4274,3.0,0,1.0
4275,11.0,0,1.0
4276,65.0,0,1.0
4277,6.0,0,1.0
4278,4.0,0,1.0
4280,27.5,37.476659402887016,2.0
4281,50.0,0,1.0
4283,17.0,0,1.0
4284,2.0,0,1.0
4285,15.0,0,1.0
4286,23.0,0,1.0
4287,26.0,0,1.0
4289,2.0,0,1.0
4290,3.0,0,1.0
4291,2.0,0,1.0
4292,9.0,9.899494936611665,2.0
4293,10.0,0,1.0
4296,12.0,0,1.0
4297,93.0,0,1.0
4298,94.0,0,1.0
4299,83.0,0,1.0
4300,67.0,0,1.0
4301,71.0,0,1.0
4302,46.0,0,1.0
4303,27.0,0,1.0
4304,1.0,0,1.0
4305,97.0,0,1.0
4306,6.0,0,1.0
4309,2.0,0,1.0
4314,2.0,0,1.0
4316,1.0,0,1.0
4317,32.0,0,1.0
4318,21.0,0,1.0
4321,94.0,0,1.0
4322,98.0,0,1.0
4323,97.0,0,1.0
4325,3.0,0,1.0
4327,10.0,0,1.0
4328,6.5,7.7781745930520225,2.0
4330,5.5,2.1213203435596424,2.0
4332,15.0,0,1.0
4333,4.0,0,1.0
4334,17.0,0,1.0
4335,8.0,2.8284271247461903,2.0
4337,15.0,0,1.0
4338,4.0,0,1.0
4339,46.0,14.142135623730951,2.0
4340,1.0,0,1.0
4342,3.0,0,1.0
4343,12.0,12.727922061357855,2.0
4344,72.0,0,1.0
4345,10.0,0,1.0
4347,21.0,0,1.0
4348,12.0,0,1.0
4349,1.5,0.7071067811865476,2.0
4350,95.0,0,1.0
4351,2.0,0,1.0
4352,19.5,20.506096654409877,2.0
4353,4.0,0,1.0
4354,26.0,0,1.0
4355,64.0,0,1.0
4357,3.0,0,1.0
4359,2.0,0,1.0
4360,25.0,0,1.0
4361,35.5,45.96194077712559,2.0
4363,48.0,0,1.0
4365,5.0,0,1.0
4366,1.0,0,1.0
4367,6.0,0,1.0
4368,68.0,0,1.0
4369,2.0,0,1.0
4370,21.0,18.384776310850235,2.0
4371,30.5,40.30508652763321,2.0
4372,9.0,0,1.0
4373,16.0,12.727922061357855,2.0
4374,2.0,0,1.0
4375,13.0,0,1.0
4376,6.0,0,1.0
4377,4.0,0,1.0
4378,12.0,0,1.0
4379,54.0,0,1.0
4380,32.5,43.1335136523794,2.0
4381,2.0,0,1.0
4382,2.0,0,1.0
4383,2.0,0,1.0
4384,48.0,56.568542494923804,2.0
4385,28.0,0,1.0
4386,52.0,0,1.0
4387,26.5,36.062445840513924,2.0
4388,11.0,0,1.0
4389,74.0,0,1.0
4390,19.0,21.213203435596427,2.0
4391,35.0,0,1.0
4392,13.5,17.67766952966369,2.0
4394,26.0,24.041630560342615,2.0
4395,64.0,0,1.0
4396,74.0,0,1.0
4397,26.0,0,1.0
4399,85.0,0,1.0
4401,5.0,0,1.0
4404,76.5,31.81980515339464,2.0
4405,39.0,0,1.0
4407,8.0,0,1.0
4408,13.0,0,1.0
4409,57.0,32.526911934581186,2.0
4413,33.0,9.899494936611665,2.0
4414,60.0,0,1.0
4416,21.0,0,1.0
4417,50.0,0,1.0
4418,1.0,0,1.0
4419,31.0,31.11269837220809,2.0
4420,40.0,53.74011537017761,2.0
4421,24.0,19.79898987322333,2.0
4424,3.0,0,1.0
4425,33.0,0,1.0
4426,40.5,38.890872965260115,2.0
4428,12.0,0,1.0
4429,45.0,0,1.0
4430,31.0,0,1.0
4432,28.0,8.48528137423857,2.0
4434,3.0,0,1.0
4435,31.0,0,1.0
4436,28.0,0,1.0
4437,2.0,0,1.0
4438,50.5,20.506096654409877,2.0
4439,8.5,3.5355339059327378,2.0
4440,25.0,0,1.0
4441,4.0,0,1.0
4443,2.0,0,1.0
4444,51.0,0.0,2.0
4446,1.0,0.0,2.0
4447,25.5,34.64823227814083,2.0
4449,1.0,0,1.0
4450,73.0,0,1.0
4451,1.0,0,1.0
4452,2.0,0,1.0
4453,21.0,0,1.0
4455,88.0,0,1.0
4458,17.0,1.4142135623730951,2.0
4461,11.0,14.142135623730951,2.0
4462,25.0,0,1.0
4463,40.0,0,1.0
4464,16.0,16.97056274847714,2.0
4465,8.0,0,1.0
4466,30.0,0,1.0
4467,12.0,14.142135623730951,2.0
4468,1.0,0,1.0
4469,9.5,2.1213203435596424,2.0
4470,78.0,0,1.0
4472,11.0,0,1.0
4474,7.5,7.7781745930520225,2.0
4475,51.0,5.656854249492381,2.0
4476,4.0,0,1.0
4477,78.0,0,1.0
4479,44.0,0,1.0
4481,30.0,31.11269837220809,2.0
4482,76.0,0,1.0
4483,8.0,0,1.0
4485,12.0,0,1.0
4486,60.0,0,1.0
4487,1.0,0,1.0
4489,7.0,0,1.0
4492,96.0,0,1.0
4493,1.0,0,1.0
4494,10.0,0,1.0
4495,2.0,0,1.0
4496,11.0,0,1.0
4497,1.0,0,1.0
4498,10.0,0,1.0
4500,11.0,0,1.0
4503,24.5,31.81980515339464,2.0
4505,5.0,0,1.0
4506,11.5,7.7781745930520225,2.0
4507,19.0,24.041630560342615,2.0
4508,1.0,0.0,2.0
4509,59.0,0,1.0
4511,44.0,56.568542494923804,2.0
4513,5.0,0,1.0
4515,2.0,0,1.0
4516,3.0,1.4142135623730951,2.0
4517,16.0,0,1.0
4520,24.0,0,1.0
4521,21.0,0,1.0
4522,56.0,0,1.0
4524,4.0,0,1.0
4525,6.0,0,1.0
4526,41.0,0,1.0
4527,4.0,0,1.0
4528,1.0,0,1.0
4531,1.0,0,1.0
4532,5.0,0,1.0
4533,19.0,0,1.0
4534,4.0,0,1.0
4539,6.0,0,1.0
4540,1.0,0,1.0
4541,15.0,0,1.0
4545,7.0,0,1.0
4546,6.0,0,1.0
4547,27.0,0,1.0
4548,6.0,0,1.0
4550,6.0,0,1.0
4552,28.0,0,1.0
4553,1.0,0,1.0
4554,17.5,10.606601717798213,2.0
4555,45.0,0,1.0
4556,38.0,0,1.0
4557,8.0,0,1.0
4558,13.0,8.48528137423857,2.0
4559,2.0,0,1.0
4560,4.0,0.0,2.0
4562,96.0,0.0,2.0
4563,1.0,0,1.0
4565,6.5,0.7071067811865476,2.0
4566,5.0,0,1.0
4567,7.0,4.242640687119285,2.0
4568,11.0,0,1.0
4569,1.0,0,1.0
4570,23.5,31.81980515339464,2.0
4573,1.0,0,1.0
4578,7.0,0,1.0
4579,3.0,0,1.0
4580,1.0,0,1.0
4581,27.0,0,1.0
4583,1.0,0,1.0
4584,1.0,0,1.0
4585,41.0,0,1.0
4587,2.0,0,1.0
4589,4.0,0,1.0
4591,58.0,0,1.0
4593,5.0,4.242640687119285,2.0
4595,30.0,28.284271247461902,2.0
4596,6.0,0,1.0
4597,49.0,0,1.0
4598,2.0,0,1.0
4599,12.5,0.7071067811865476,2.0
4600,3.0,0,1.0
4601,37.0,0,1.0
4603,21.0,4.242640687119285,2.0
4604,3.0,0,1.0
4605,4.0,0,1.0
4606,13.5,6.363961030678928,2.0
4608,2.0,0,1.0
4609,12.0,11.313708498984761,2.0
4610,1.0,0,1.0
4611,24.0,0,1.0
4612,3.0,0,1.0
4613,11.0,7.0710678118654755,2.0
4614,3.0,0,1.0
4617,18.0,0,1.0
4621,15.0,0,1.0
4622,19.0,0,1.0
4624,11.0,0,1.0
4625,3.0,2.8284271247461903,2.0
4626,11.5,3.5355339059327378,2.0
4627,25.0,0,1.0
4628,78.0,0,1.0
4629,4.0,0.0,2.0
4630,20.5,20.506096654409877,2.0
4631,11.5,9.192388155425117,2.0
4633,12.5,13.435028842544403,2.0
4634,1.0,0,1.0
4635,26.0,12.727922061357855,2.0
4637,16.5,14.849242404917497,2.0
4638,5.0,0,1.0
4639,34.0,0,1.0
4640,73.0,0,1.0
4641,25.0,0,1.0
4642,4.0,0,1.0
4643,46.0,0,1.0
4645,1.0,0,1.0
4647,3.0,0,1.0
4648,1.0,0,1.0
4649,9.0,0,1.0
4651,20.0,0,1.0
4652,2.0,0,1.0
4654,11.0,0,1.0
4655,65.0,0,1.0
4656,1.0,0,1.0
4657,10.0,0,1.0
4658,8.0,7.0710678118654755,2.0
4659,35.0,43.840620433565945,2.0
4660,8.0,0,1.0
4661,9.5,12.020815280171307,2.0
4662,9.0,0,1.0
4663,24.0,0,1.0
4665,28.5,12.020815280171307,2.0
4668,14.0,0,1.0
4670,69.0,0,1.0
4671,4.0,0,1.0
4672,45.5,61.518289963229634,2.0
4673,4.0,0,1.0
4675,42.0,0,1.0
4676,67.0,0,1.0
4678,11.0,0,1.0
4680,36.0,22.627416997969522,2.0
4681,10.0,0,1.0
4682,2.0,0,1.0
4683,31.0,0,1.0
4684,15.5,12.020815280171307,2.0
4686,55.0,0,1.0
4687,90.0,0,1.0
4688,18.0,21.213203435596427,2.0
4689,19.0,0,1.0
4690,2.0,0,1.0
4691,47.0,9.899494936611665,2.0
4692,47.5,38.890872965260115,2.0
4694,20.0,0,1.0
4695,22.0,0,1.0
4698,21.0,0,1.0
4699,5.0,5.656854249492381,2.0
4701,32.0,0,1.0
4703,63.0,0,1.0
4706,18.5,24.748737341529164,2.0
4707,15.0,0,1.0
4708,1.0,0,1.0
4709,10.0,8.48528137423857,2.0
4710,8.0,0,1.0
4711,10.0,0,1.0
4712,14.5,17.67766952966369,2.0
4713,49.0,0,1.0
4715,50.5,51.61879502661797,2.0
4716,1.0,0,1.0
4717,29.0,0,1.0
4718,6.0,0,1.0
4719,4.5,0.7071067811865476,2.0
4720,7.5,7.7781745930520225,2.0
4722,23.0,28.284271247461902,2.0
4723,26.0,0,1.0
4725,4.0,0,1.0
4726,28.0,0,1.0
4727,7.0,5.656854249492381,2.0
4728,46.0,0,1.0
4729,38.0,0,1.0
4730,9.0,0,1.0
4731,35.0,0,1.0
4732,17.5,21.920310216782973,2.0
4735,37.0,45.254833995939045,2.0
4736,29.0,22.627416997969522,2.0
4737,47.0,0,1.0
4738,3.0,0,1.0
4739,5.0,0,1.0
4740,15.0,0,1.0
4742,2.0,0,1.0
4743,12.0,2.8284271247461903,2.0
4745,11.5,9.192388155425117,2.0
4746,42.0,0,1.0
4747,15.0,8.48528137423857,2.0
4748,27.0,0,1.0
4749,2.0,0,1.0
4750,26.0,0,1.0
4751,7.0,5.656854249492381,2.0
4752,8.0,0,1.0
4753,47.5,9.192388155425117,2.0
4754,1.0,0,1.0
4755,7.0,0,1.0
4757,14.0,0,1.0
4758,12.0,0,1.0
4759,11.5,13.435028842544403,2.0
4760,2.0,0,1.0
4761,13.0,0,1.0
4762,18.0,0,1.0
4763,2.0,0,1.0
4764,7.0,0,1.0
4765,16.0,0,1.0
4766,28.0,0,1.0
4767,23.0,0,1.0
4768,22.5,24.748737341529164,2.0
4770,14.0,0,1.0
4771,45.0,0,1.0
4773,25.0,0,1.0
4776,31.5,23.33452377915607,2.0
4777,55.0,0,1.0
4778,51.5,62.932503525602726,2.0
4781,5.5,4.949747468305833,2.0
4782,6.0,5.656854249492381,2.0
4783,2.0,0,1.0
4784,25.0,9.899494936611665,2.0
4785,18.0,0,1.0
4786,47.0,0,1.0
4787,34.0,0,1.0
4788,17.0,12.727922061357855,2.0
4789,25.0,0,1.0
4790,43.0,12.727922061357855,2.0
4792,20.5,9.192388155425117,2.0
4793,14.0,0,1.0
4795,81.0,0,1.0
4796,9.0,0,1.0
4797,23.5,13.435028842544403,2.0
4798,10.0,0,1.0
4799,56.0,0,1.0
4802,12.0,0,1.0
4804,13.0,16.97056274847714,2.0
4805,21.0,0,1.0
4807,19.0,0,1.0
4808,55.0,0,1.0
4809,4.0,0,1.0
4810,16.0,0,1.0
4813,20.0,0,1.0
4815,12.0,0,1.0
4816,7.0,0,1.0
4818,23.0,0,1.0
4819,2.0,0,1.0
4822,2.0,0,1.0
4823,8.0,1.4142135623730951,2.0
4825,23.0,0,1.0
4826,3.0,0,1.0
4827,22.0,21.213203435596427,2.0
4828,21.0,0,1.0
4829,41.0,26.870057685088806,2.0
4830,30.5,28.991378028648448,2.0
4831,3.0,0,1.0
4832,10.0,7.0710678118654755,2.0
4833,5.0,0,1.0
4834,9.0,0,1.0
4835,13.0,0,1.0
4836,5.0,0,1.0
4838,72.0,0,1.0
4839,25.0,0,1.0
4840,21.0,0,1.0
4842,8.0,0,1.0
4843,2.0,0,1.0
4844,24.0,0,1.0
4845,10.5,12.020815280171307,2.0
4846,1.0,0,1.0
4847,8.0,7.0710678118654755,2.0
4849,10.0,0,1.0
4851,27.0,31.11269837220809,2.0
4853,9.0,0,1.0
4855,12.0,0,1.0
4857,12.0,0,1.0
4858,63.0,0,1.0
4859,9.0,0,1.0
4861,16.0,0,1.0
4862,5.0,0,1.0
4864,25.0,22.627416997969522,2.0
4865,32.0,1.4142135623730951,2.0
4866,8.0,0,1.0
4867,39.5,28.991378028648448,2.0
4868,1.0,0,1.0
4869,2.5,2.1213203435596424,2.0
4873,35.0,46.66904755831214,2.0
4874,21.0,0,1.0
4875,1.0,0,1.0
4876,26.0,0,1.0
4881,17.0,0,1.0
4882,9.0,0,1.0
4884,22.5,10.606601717798213,2.0
4885,25.0,0,1.0
4886,25.0,0,1.0
4888,8.0,0,1.0
4890,10.0,0,1.0
4891,8.0,0,1.0
4892,4.0,4.242640687119285,2.0
4893,20.0,0,1.0
4895,23.0,2.8284271247461903,2.0
4896,28.5,38.890872965260115,2.0
4897,6.0,0,1.0
4898,22.0,0,1.0
4900,5.0,5.656854249492381,2.0
4901,4.0,0,1.0
4903,7.0,0,1.0
4904,29.5,30.405591591021544,2.0
4906,74.0,0,1.0
4908,12.5,9.192388155425117,2.0
4910,4.0,0,1.0
4911,60.0,0,1.0
4913,28.0,35.35533905932738,2.0
4914,1.0,0.0,2.0
4915,34.0,39.59797974644666,2.0
4918,4.0,0,1.0
4919,23.0,0,1.0
4920,46.0,36.76955262170047,2.0
4922,5.5,6.363961030678928,2.0
4923,34.0,0,1.0
4925,13.0,0,1.0
4928,28.0,35.35533905932738,2.0
4929,16.5,19.091883092036785,2.0
4930,10.0,0,1.0
4931,49.0,2.8284271247461903,2.0
4932,15.0,0,1.0
4933,3.0,0,1.0
4935,43.0,0,1.0
4936,6.0,0,1.0
4939,2.0,0,1.0
4940,13.0,0,1.0
4941,59.0,0,1.0
4943,5.0,0,1.0
4946,3.0,0,1.0
4947,43.0,0,1.0
4950,25.0,0,1.0
4952,10.5,13.435028842544403,2.0
4953,3.0,0,1.0
4954,9.0,0,1.0
4956,21.5,7.7781745930520225,2.0
4958,45.0,42.42640687119285,2.0
4959,11.0,14.142135623730951,2.0
4960,75.0,0,1.0
4962,99.0,0,1.0
4963,9.0,0,1.0
4964,80.0,0,1.0
4966,25.0,26.870057685088806,2.0
4968,1.0,0,1.0
4976,5.0,0,1.0
4977,45.0,0,1.0
4979,71.0,11.313708498984761,2.0
4980,17.0,4.242640687119285,2.0
4982,25.0,0,1.0
4984,25.5,23.33452377915607,2.0
4985,2.0,0,1.0
4989,27.0,14.142135623730951,2.0
4991,6.0,0,1.0
4992,55.0,0,1.0
4993,45.0,0,1.0
4994,44.0,0,1.0
4995,52.0,50.91168824543142,2.0
4996,12.0,0,1.0
4997,48.0,0,1.0
4999,92.0,0,1.0
5000,33.0,28.284271247461902,2.0
5001,63.0,0,1.0
5002,59.5,47.37615433949868,2.0
5003,65.0,0,1.0
5005,21.0,0,1.0
5007,20.5,13.435028842544403,2.0
5008,58.0,0,1.0
5009,2.0,0,1.0
5010,45.0,0,1.0
5011,87.0,0,1.0
5013,6.0,0,1.0
5014,37.0,0,1.0
5015,31.5,40.30508652763321,2.0
5017,86.0,0,1.0
5018,3.0,0,1.0
5019,31.0,42.42640687119285,2.0
5020,41.0,0,1.0
5023,45.0,15.556349186104045,2.0
5024,5.0,0,1.0
5025,5.0,0,1.0
5028,3.0,2.8284271247461903,2.0
5029,47.0,65.05382386916237,2.0
5030,29.0,0,1.0
5031,8.0,0,1.0
5032,2.0,0,1.0
5033,5.0,0,1.0
5035,55.0,0,1.0
5038,1.0,0,1.0
5040,34.0,11.313708498984761,2.0
5041,20.0,0,1.0
5042,4.0,0,1.0
5043,60.5,9.192388155425117,2.0
5044,7.5,6.363961030678928,2.0
5045,52.5,2.1213203435596424,2.0
5046,1.0,0,1.0
5047,86.0,0,1.0
5048,6.0,0,1.0
5049,91.0,1.4142135623730951,2.0
5050,3.0,0,1.0
5051,40.0,0,1.0
5054,55.5,21.920310216782973,2.0
5055,10.0,0,1.0
5056,45.0,60.81118318204309,2.0
5057,3.0,2.8284271247461903,2.0
5059,8.0,0,1.0
5061,12.0,0,1.0
5062,6.0,0,1.0
5064,39.5,26.16295090390226,2.0
5067,1.0,0,1.0
5068,8.0,0,1.0
5071,8.0,0,1.0
5072,18.0,19.79898987322333,2.0
5075,21.0,25.45584412271571,2.0
5076,7.0,5.656854249492381,2.0
5077,15.5,16.263455967290593,2.0
5079,22.0,26.870057685088806,2.0
5080,30.0,0,1.0
5081,10.0,0,1.0
5082,1.0,0,1.0
5084,35.0,0,1.0
5085,27.0,0,1.0
5086,8.0,0,1.0
5087,9.0,0,1.0
5088,61.0,0,1.0
5089,26.0,0,1.0
5090,3.0,0,1.0
5091,44.0,0,1.0
5093,7.0,5.656854249492381,2.0
5094,20.0,0,1.0
5095,11.0,0,1.0
5096,3.0,0,1.0
5101,25.0,0,1.0
5103,10.0,0,1.0
5105,1.0,0,1.0
5107,55.0,0,1.0
5111,3.0,1.4142135623730951,2.0
5112,30.0,0,1.0
5114,9.0,0,1.0
5115,29.0,0,1.0
5116,5.0,0,1.0
5118,5.0,0,1.0
5119,6.0,0,1.0
5120,5.5,6.363961030678928,2.0
5121,35.0,46.66904755831214,2.0
5124,8.0,5.656854249492381,2.0
5125,6.5,7.7781745930520225,2.0
5127,18.5,23.33452377915607,2.0
5128,15.5,0.7071067811865476,2.0
5129,51.0,60.81118318204309,2.0
5131,4.0,0,1.0
5132,9.0,0,1.0
5133,3.0,0,1.0
5134,87.0,0,1.0
5136,13.0,0,1.0
5137,16.0,0,1.0
5142,1.0,0,1.0
5143,1.0,0,1.0
5144,60.0,0,1.0
5145,1.0,0,1.0
5148,11.0,0,1.0
5150,77.0,0,1.0
5153,2.0,0,1.0
5154,54.0,0,1.0
5155,2.0,0,1.0
5156,6.0,0,1.0
5157,11.0,2.8284271247461903,2.0
5159,50.0,0,1.0
5160,8.0,0,1.0
5161,4.0,0,1.0
5162,19.0,0,1.0
5163,43.0,0,1.0
5164,27.0,0,1.0
5171,6.0,0,1.0
5172,21.0,0,1.0
5173,50.0,0,1.0
5174,5.0,5.656854249492381,2.0
5175,33.0,14.142135623730951,2.0
5176,2.0,0,1.0
5178,28.0,11.313708498984761,2.0
5179,8.0,0,1.0
5180,8.0,0,1.0
5181,25.0,28.284271247461902,2.0
5184,16.0,5.656854249492381,2.0
5185,35.0,0,1.0
5186,1.5,0.7071067811865476,2.0
5187,7.0,0,1.0
5189,41.5,38.890872965260115,2.0
5192,61.0,48.08326112068523,2.0
5194,5.0,0,1.0
5195,38.5,43.1335136523794,2.0
5196,7.5,3.5355339059327378,2.0
5198,25.0,0,1.0
5199,32.5,20.506096654409877,2.0
5201,4.0,0,1.0
5202,2.0,0,1.0
5203,21.5,20.506096654409877,2.0
5204,53.0,0,1.0
5205,43.5,43.1335136523794,2.0
5206,89.0,0,1.0
5207,29.0,0,1.0
5208,27.0,21.213203435596427,2.0
5209,28.0,29.698484809834994,2.0
5210,9.0,8.48528137423857,2.0
5211,33.0,11.313708498984761,2.0
5213,35.0,0,1.0
5216,63.0,0,1.0
5217,7.0,0,1.0
5218,12.0,0,1.0
5219,21.0,15.556349186104045,2.0
5220,14.0,0,1.0
5222,2.5,0.7071067811865476,2.0
5224,17.0,0,1.0
5225,57.0,0,1.0
5226,59.0,0,1.0
5227,1.0,0,1.0
5228,24.5,28.991378028648448,2.0
5229,26.5,2.1213203435596424,2.0
5230,8.5,4.949747468305833,2.0
5231,29.0,0,1.0
5232,13.0,12.727922061357855,2.0
5233,10.5,3.5355339059327378,2.0
5234,51.5,64.34671708797582,2.0
5235,15.0,0,1.0
5236,32.0,0,1.0
5237,11.0,0,1.0
5238,17.0,0,1.0
5239,64.0,16.97056274847714,2.0
5240,50.5,65.76093065034893,2.0
5242,27.0,26.870057685088806,2.0
5243,1.5,0.7071067811865476,2.0
5244,28.5,38.890872965260115,2.0
5246,41.5,34.64823227814083,2.0
5248,62.5,30.405591591021544,2.0
5250,72.0,0,1.0
5251,6.0,0,1.0
5253,47.0,0,1.0
5254,27.5,36.062445840513924,2.0
5255,40.0,0,1.0
5256,48.0,29.698484809834994,2.0
5258,18.0,0,1.0
5259,5.0,4.242640687119285,2.0
5260,33.5,36.062445840513924,2.0
5261,9.0,0,1.0
5262,76.5,10.606601717798213,2.0
5264,88.0,0,1.0
5267,40.0,0,1.0
5268,59.0,0,1.0
5269,76.0,0,1.0
5270,1.0,0,1.0
5272,12.0,0,1.0
5274,29.5,38.890872965260115,2.0
5275,17.0,0,1.0
5277,79.0,0,1.0
5279,35.0,45.254833995939045,2.0
5281,8.0,0,1.0
5282,26.0,0,1.0
5284,20.0,18.384776310850235,2.0
5287,14.0,0,1.0
5288,26.0,0,1.0
5290,52.0,0,1.0
5293,43.0,0,1.0
5294,4.0,0,1.0
5297,4.0,0,1.0
5299,86.0,0,1.0
5301,5.0,0,1.0
5302,47.0,0,1.0
5303,5.0,0,1.0
5305,11.0,0,1.0
5306,41.0,0,1.0
5307,25.0,0,1.0
5308,28.0,0,1.0
5310,53.0,41.012193308819754,2.0
5311,2.0,0,1.0
5312,15.0,0,1.0
5313,35.0,0,1.0
5314,17.0,19.79898987322333,2.0
5315,17.0,0,1.0
5318,17.0,0,1.0
5322,67.0,0,1.0
5323,60.5,0.7071067811865476,2.0
5325,38.5,19.091883092036785,2.0
5327,2.0,0,1.0
5329,26.0,0,1.0
5330,40.0,0,1.0
5331,50.0,0,1.0
5332,3.0,0,1.0
5335,2.0,0,1.0
5336,2.0,0,1.0
5337,18.5,20.506096654409877,2.0
5338,32.0,35.35533905932738,2.0
5339,35.0,0,1.0
5343,3.0,0,1.0
5344,18.0,4.242640687119285,2.0
5346,24.0,0,1.0
5348,95.0,0,1.0
5350,24.0,0,1.0
5354,8.0,0,1.0
5356,5.0,0,1.0
5357,82.0,0,1.0
5358,51.0,0,1.0
5359,14.0,0,1.0
5360,2.0,0,1.0
5361,20.0,0,1.0
5362,45.0,11.313708498984761,2.0
5363,3.0,0,1.0
5364,10.0,9.899494936611665,2.0
5365,16.0,0,1.0
5367,35.0,29.698484809834994,2.0
5368,19.0,24.041630560342615,2.0
5370,56.0,22.627416997969522,2.0
5371,30.0,28.284271247461902,2.0
5372,2.0,0,1.0
5373,44.0,60.81118318204309,2.0
5375,40.0,0,1.0
5377,2.0,0,1.0
5378,56.0,0,1.0
5379,51.0,0,1.0
5381,44.0,0,1.0
5382,13.5,17.67766952966369,2.0
5384,4.0,0,1.0
5385,34.0,45.254833995939045,2.0
5389,22.0,2.8284271247461903,2.0
5390,1.0,0,1.0
5393,22.0,0,1.0
5394,6.0,0,1.0
5395,47.0,0,1.0
5397,53.0,62.22539674441618,2.0
5398,14.0,0,1.0
5399,16.0,0,1.0
5400,98.0,0,1.0
5401,11.0,0,1.0
5402,74.0,0,1.0
5404,72.0,0,1.0
5405,73.5,2.1213203435596424,2.0
5406,59.0,0,1.0
5407,4.0,0,1.0
5408,16.0,0,1.0
5409,54.0,65.05382386916237,2.0
5419,49.0,0,1.0
5420,13.0,0,1.0
5421,14.0,0,1.0
5423,7.5,3.5355339059327378,2.0
5424,9.0,0,1.0
5426,2.0,0,1.0
5427,19.0,12.727922061357855,2.0
5428,1.0,0,1.0
5429,7.0,0,1.0
5430,13.0,12.727922061357855,2.0
5431,9.0,0,1.0
5433,3.0,0,1.0
5435,8.5,7.7781745930520225,2.0
5436,41.5,23.33452377915607,2.0
5437,53.5,58.68986283848344,2.0
5438,82.5,6.363961030678928,2.0
5439,11.0,2.8284271247461903,2.0
5440,59.5,50.204581464244875,2.0
5442,20.0,0,1.0
5445,4.0,0,1.0
5446,22.0,18.384776310850235,2.0
5447,18.0,11.313708498984761,2.0
5448,29.5,2.1213203435596424,2.0
5449,33.0,0,1.0
5451,33.5,37.476659402887016,2.0
5452,2.0,0,1.0
5453,35.5,41.71930009000631,2.0
5454,32.0,0,1.0
5455,1.0,0,1.0
5459,10.5,6.363961030678928,2.0
5460,15.0,0,1.0
5461,38.0,14.142135623730951,2.0
5462,7.0,8.48528137423857,2.0
5463,15.0,0,1.0
5464,39.0,41.012193308819754,2.0
5465,27.5,37.476659402887016,2.0
5466,7.0,0,1.0
5467,22.0,0,1.0
5468,29.0,0,1.0
5469,33.0,0,1.0
5470,2.0,0,1.0
5472,62.5,38.890872965260115,2.0
5473,15.0,0,1.0
5474,40.5,51.61879502661797,2.0
5475,21.0,0,1.0
5476,5.0,0,1.0
5477,93.0,0,1.0
5478,7.0,0,1.0
5479,19.0,0,1.0
5480,64.0,0,1.0
5481,4.0,0,1.0
5482,15.0,0,1.0
5486,37.5,4.949747468305833,2.0
5487,2.0,0,1.0
5489,9.0,8.48528137423857,2.0
5490,2.0,0,1.0
5491,3.0,0,1.0
5492,51.0,0,1.0
5493,7.5,4.949747468305833,2.0
5494,25.0,33.94112549695428,2.0
5495,8.0,0,1.0
5496,3.0,0,1.0
5497,8.0,1.4142135623730951,2.0
5498,7.5,0.7071067811865476,2.0
5500,23.0,0,1.0
5503,52.0,0,1.0
5504,29.0,16.97056274847714,2.0
5505,9.0,0,1.0
5506,7.0,0,1.0
5507,2.0,0,1.0
5508,13.0,0,1.0
5509,6.0,0,1.0
5510,5.0,0,1.0
5511,9.0,9.899494936611665,2.0
5512,94.0,0,1.0
5513,47.0,0,1.0
5514,17.0,0,1.0
5515,21.5,27.577164466275352,2.0
5516,15.0,0,1.0
5518,12.0,11.313708498984761,2.0
5521,94.0,0,1.0
5522,5.0,0,1.0
5523,60.0,0,1.0
5524,53.0,0,1.0
5526,7.0,2.8284271247461903,2.0
5529,32.0,0,1.0
5530,17.5,20.506096654409877,2.0
5531,1.0,0,1.0
5532,43.0,0,1.0
5533,8.0,0,1.0
5534,41.0,0,1.0
5535,43.0,0,1.0
5536,23.5,9.192388155425117,2.0
5537,30.0,0,1.0
5539,8.0,0,1.0
5540,40.0,0,1.0
5541,37.0,12.727922061357855,2.0
5542,4.0,0,1.0
5544,19.0,0,1.0
5545,9.0,0,1.0
5546,2.0,0,1.0
5548,52.0,43.840620433565945,2.0
5550,9.0,0,1.0
5553,13.0,0,1.0
5554,13.5,2.1213203435596424,2.0
5556,31.5,17.67766952966369,2.0
5558,31.5,20.506096654409877,2.0
5560,46.0,59.39696961966999,2.0
5561,7.0,0,1.0
5562,12.0,0,1.0
5564,5.0,4.242640687119285,2.0
5566,43.5,60.10407640085654,2.0
5568,3.5,0.7071067811865476,2.0
5569,20.0,0,1.0
5570,19.0,0,1.0
5571,3.0,0,1.0
5572,21.5,13.435028842544403,2.0
5573,3.0,0,1.0
5574,8.0,4.242640687119285,2.0
5575,5.0,0,1.0
5576,20.5,17.67766952966369,2.0
5577,32.0,2.8284271247461903,2.0
5579,8.5,3.5355339059327378,2.0
5580,14.0,0,1.0
5581,8.0,5.656854249492381,2.0
5583,59.0,0,1.0
5585,40.0,0,1.0
5586,23.0,0,1.0
5587,14.0,0,1.0
5588,21.0,19.79898987322333,2.0
5590,2.0,0.0,2.0
5591,45.0,0,1.0
5592,33.0,0,1.0
5594,7.0,0,1.0
5595,6.0,7.0710678118654755,2.0
5596,10.0,9.899494936611665,2.0
5597,7.0,0,1.0
5599,14.5,16.263455967290593,2.0
5600,17.5,0.7071067811865476,2.0
5601,8.0,0,1.0
5602,44.5,57.27564927611035,2.0
5604,8.0,0,1.0
5606,12.0,0,1.0
5607,24.0,16.97056274847714,2.0
5609,30.0,19.79898987322333,2.0
5610,57.0,0,1.0
5611,23.0,0,1.0
5614,2.0,0,1.0
5615,24.0,0,1.0
5616,21.0,0.0,2.0
5617,6.0,0,1.0
5618,2.0,0,1.0
5619,21.5,12.020815280171307,2.0
5622,21.5,17.67766952966369,2.0
5623,2.0,0,1.0
5624,20.5,6.363961030678928,2.0
5626,26.0,0,1.0
5628,10.0,0,1.0
5629,30.0,12.727922061357855,2.0
5630,4.0,0,1.0
5631,27.0,24.041630560342615,2.0
5632,12.0,0,1.0
5633,15.0,19.79898987322333,2.0
5634,20.0,0,1.0
5635,25.0,33.94112549695428,2.0
5636,6.0,0,1.0
5637,14.5,12.020815280171307,2.0
5638,29.0,35.35533905932738,2.0
5639,15.0,0,1.0
5641,22.5,30.405591591021544,2.0
5642,15.0,0,1.0
5643,6.0,0,1.0
5644,52.0,0,1.0
5645,12.5,12.020815280171307,2.0
5646,5.5,6.363961030678928,2.0
5647,8.0,0,1.0
5649,25.0,28.284271247461902,2.0
5650,8.0,8.48528137423857,2.0
5651,1.0,0,1.0
5652,1.0,0.0,2.0
5653,21.0,18.384776310850235,2.0
5654,2.0,0,1.0
5655,9.0,0,1.0
5656,19.0,0,1.0
5657,9.0,0,1.0
5658,60.0,0,1.0
5659,26.0,0,1.0
5661,20.0,0,1.0
5662,11.5,9.192388155425117,2.0
5664,34.0,0,1.0
5665,2.0,0,1.0
5666,32.0,0,1.0
5667,23.0,0,1.0
5668,2.0,0,1.0
5669,25.5,28.991378028648448,2.0
5671,1.0,0,1.0
5674,17.0,0,1.0
5675,25.0,0,1.0
5676,18.0,24.041630560342615,2.0
5677,13.0,0,1.0
5679,11.0,0,1.0
5680,2.0,1.4142135623730951,2.0
5681,18.0,0,1.0
5683,19.0,7.0710678118654755,2.0
5684,18.0,0,1.0
5685,43.5,53.033008588991066,2.0
5687,10.5,3.5355339059327378,2.0
5689,10.0,0,1.0
5691,1.0,0,1.0
5692,26.5,3.5355339059327378,2.0
5694,14.0,2.8284271247461903,2.0
5695,1.0,0,1.0
5696,17.0,0,1.0
5697,21.0,11.313708498984761,2.0
5698,2.0,0,1.0
5700,13.0,0,1.0
5701,13.0,0,1.0
5703,45.0,0,1.0
5704,2.0,0,1.0
5705,25.0,0,1.0
5707,2.0,0,1.0
5709,75.0,0,1.0
5712,17.0,0,1.0
5714,2.0,0,1.0
5715,62.0,0,1.0
5716,2.5,0.7071067811865476,2.0
5717,56.0,0,1.0
5718,1.0,0,1.0
5719,2.0,0,1.0
5720,95.0,0,1.0
5721,56.0,0,1.0
5723,13.0,0,1.0
5726,16.0,0,1.0
5727,28.0,0,1.0
5728,50.0,0,1.0
5730,35.0,0,1.0
5731,32.5,44.54772721475249,2.0
5732,14.0,11.313708498984761,2.0
5733,2.0,1.4142135623730951,2.0
5734,2.0,0,1.0
5736,15.0,0,1.0
5738,1.5,0.7071067811865476,2.0
5739,13.0,0,1.0
5740,37.0,32.526911934581186,2.0
5742,15.5,13.435028842544403,2.0
5745,81.0,0,1.0
5747,91.0,0,1.0
5748,13.0,0,1.0
5749,39.0,0,1.0
5750,4.0,0,1.0
5751,11.0,9.899494936611665,2.0
5753,96.0,0,1.0
5754,63.0,0,1.0
5755,24.0,5.656854249492381,2.0
5756,49.0,0,1.0
5757,4.0,2.8284271247461903,2.0
5758,26.0,0,1.0
5759,18.0,16.97056274847714,2.0
5760,52.0,0,1.0
5761,10.0,0,1.0
5763,71.0,16.97056274847714,2.0
5765,28.5,37.476659402887016,2.0
5766,9.0,0,1.0
5767,36.0,0,1.0
5768,25.0,0,1.0
5769,15.0,0,1.0
5770,3.0,0,1.0
5771,33.0,18.384776310850235,2.0
5773,50.0,31.11269837220809,2.0
5774,21.0,0,1.0
5775,21.5,7.7781745930520225,2.0
5777,41.0,0,1.0
5779,37.0,0.0,2.0
5780,9.0,0,1.0
5781,2.0,0,1.0
5782,46.0,0,1.0
5784,53.0,0,1.0
5785,74.0,0,1.0
5788,29.0,0,1.0
5789,32.0,0,1.0
5790,10.0,0,1.0
5791,24.0,24.041630560342615,2.0
5793,36.0,45.254833995939045,2.0
5795,21.0,0,1.0
5796,6.5,2.1213203435596424,2.0
5797,38.0,52.32590180780452,2.0
5798,25.5,2.1213203435596424,2.0
5799,47.0,0,1.0
5800,2.5,2.1213203435596424,2.0
5801,24.0,22.627416997969522,2.0
5803,2.0,0,1.0
5804,15.5,6.363961030678928,2.0
5805,8.0,0,1.0
5806,44.0,0,1.0
5807,15.0,0,1.0
5808,5.0,0,1.0
5809,9.0,0,1.0
5810,20.5,20.506096654409877,2.0
5811,63.0,0,1.0
5812,10.5,2.1213203435596424,2.0
5813,1.0,0,1.0
5814,13.0,0,1.0
5815,3.5,0.7071067811865476,2.0
5816,9.0,8.48528137423857,2.0
5817,6.0,0,1.0
5818,1.0,0,1.0
5819,10.0,0,1.0
5820,23.0,0,1.0
5821,4.0,0,1.0
5822,1.0,0,1.0
5826,13.5,13.435028842544403,2.0
5827,1.0,0,1.0
5828,25.0,0,1.0
5829,15.5,9.192388155425117,2.0
5831,30.0,0,1.0
5832,17.0,0,1.0
5833,4.0,0,1.0
5834,23.0,0,1.0
5835,13.0,0,1.0
5836,27.5,12.020815280171307,2.0
5837,2.5,0.7071067811865476,2.0
5838,5.0,0,1.0
5839,9.5,3.5355339059327378,2.0
5840,17.0,0,1.0
5841,26.0,35.35533905932738,2.0
5842,42.5,20.506096654409877,2.0
5844,62.0,26.870057685088806,2.0
5845,45.0,0,1.0
5847,28.0,0,1.0
5848,40.0,0,1.0
5849,11.0,0,1.0
5850,63.0,0,1.0
5851,65.0,0,1.0
5852,12.0,0,1.0
5853,2.0,0,1.0
5854,8.0,9.899494936611665,2.0
5856,8.0,0,1.0
5858,5.0,0,1.0
5859,11.5,14.849242404917497,2.0
5860,44.5,21.920310216782973,2.0
5862,71.0,14.142135623730951,2.0
5863,1.5,0.7071067811865476,2.0
5864,23.0,0,1.0
5865,17.0,0,1.0
5866,4.0,0,1.0
5867,2.0,0,1.0
5868,43.5,60.10407640085654,2.0
5869,5.5,3.5355339059327378,2.0
5870,28.0,0,1.0
5872,44.0,15.556349186104045,2.0
5873,16.0,0,1.0
5874,47.5,50.204581464244875,2.0
5876,15.0,0,1.0
5877,19.0,0,1.0
5878,13.0,0,1.0
5879,44.0,60.81118318204309,2.0
5880,79.0,0,1.0
5881,6.0,0,1.0
5882,24.0,18.384776310850235,2.0
5883,18.0,22.627416997969522,2.0
5884,58.5,50.204581464244875,2.0
5886,36.5,43.1335136523794,2.0
5887,3.0,0,1.0
5888,13.0,0,1.0
5889,29.0,0,1.0
5890,4.0,0,1.0
5891,93.0,0,1.0
5892,9.0,0,1.0
5893,11.0,2.8284271247461903,2.0
5894,54.0,0,1.0
5897,5.0,0,1.0
5898,9.0,0,1.0
5899,7.0,0,1.0
5900,11.0,0,1.0
5901,76.0,0,1.0
5902,5.0,0,1.0
5903,19.0,0,1.0
5904,15.0,0,1.0
5905,3.0,0,1.0
5906,14.0,9.899494936611665,2.0
5907,8.0,0,1.0
5908,70.0,0,1.0
5909,9.5,3.5355339059327378,2.0
5910,51.0,0,1.0
5911,13.0,0,1.0
5912,30.0,0,1.0
5913,7.0,0,1.0
5914,5.0,0,1.0
5915,25.5,34.64823227814083,2.0
5916,78.0,0,1.0
5917,37.0,39.59797974644666,2.0
5918,6.0,0,1.0
5919,84.0,0,1.0
5921,15.0,0,1.0
5922,34.0,46.66904755831214,2.0
5923,23.0,0,1.0
5924,30.0,21.213203435596427,2.0
5925,53.0,0,1.0
5927,37.0,0,1.0
5928,18.5,12.020815280171307,2.0
5929,42.0,0,1.0
5930,25.0,0,1.0
5931,26.0,0,1.0
5932,1.0,0,1.0
5933,3.0,0,1.0
5934,44.0,29.698484809834994,2.0
5937,47.0,0,1.0
5938,11.0,11.313708498984761,2.0
5940,38.0,0,1.0
5941,12.0,0,1.0
5942,3.0,1.4142135623730951,2.0
5943,15.0,19.79898987322333,2.0
5944,73.0,0,1.0
5945,1.5,0.7071067811865476,2.0
5946,32.0,0,1.0
5948,15.0,0,1.0
5949,9.0,0,1.0
5950,17.5,4.949747468305833,2.0
5951,1.0,0,1.0
5953,6.0,0,1.0
5955,33.0,0,1.0
5960,68.0,0,1.0
5961,27.5,6.363961030678928,2.0
5966,16.0,0,1.0
5968,3.5,0.7071067811865476,2.0
5969,36.0,31.11269837220809,2.0
5970,4.0,0,1.0
5972,46.0,49.49747468305833,2.0
5973,9.0,0,1.0
5974,3.0,0,1.0
5975,65.0,0,1.0
5976,14.5,17.67766952966369,2.0
5977,30.0,0,1.0
5978,9.0,0,1.0
5979,8.0,0,1.0
5980,63.0,0,1.0
5981,37.0,0,1.0
5982,1.0,0,1.0
5983,51.0,60.81118318204309,2.0
5984,40.0,45.254833995939045,2.0
5985,10.0,0,1.0
5986,46.0,63.63961030678928,2.0
5988,15.0,5.656854249492381,2.0
5989,69.0,0,1.0
5990,33.0,0,1.0
5991,3.0,0,1.0
5992,40.0,0,1.0
5993,27.0,0,1.0
5994,10.0,0,1.0
5995,1.0,0,1.0
5996,9.0,0,1.0
5997,64.0,48.08326112068523,2.0
5998,29.5,33.23401871576773,2.0
5999,42.5,40.30508652763321,2.0
6001,33.0,14.142135623730951,2.0
6002,3.0,0,1.0
6003,14.0,2.8284271247461903,2.0
6004,28.0,31.11269837220809,2.0
6005,2.0,1.4142135623730951,2.0
6008,16.0,19.79898987322333,2.0
6009,14.5,14.849242404917497,2.0
6011,34.0,4.242640687119285,2.0
6012,26.5,24.748737341529164,2.0
6013,18.0,0,1.0
6014,29.0,0,1.0
6015,34.5,17.67766952966369,2.0
6016,9.0,0,1.0
6017,25.0,0,1.0
6018,27.5,17.67766952966369,2.0
6019,43.0,0,1.0
6020,62.0,0,1.0
6021,41.0,0,1.0
6022,30.0,21.213203435596427,2.0
6023,64.0,0,1.0
6024,19.0,0,1.0
6025,15.0,0,1.0
6026,79.0,0,1.0
6027,43.0,0,1.0
6028,4.5,4.949747468305833,2.0
6029,30.0,32.526911934581186,2.0
6030,64.0,49.49747468305833,2.0
6031,22.0,0,1.0
6032,29.5,31.81980515339464,2.0
6035,53.0,0,1.0
6037,83.0,0,1.0
6038,13.0,0,1.0
6040,20.0,0,1.0
6041,1.0,0,1.0
6042,12.0,0,1.0
6043,45.0,0,1.0
6044,41.0,45.254833995939045,2.0
6045,1.0,0,1.0
6046,12.0,0,1.0
6048,8.0,0,1.0
6050,20.0,0,1.0
6051,19.0,0,1.0
6052,44.0,0,1.0
6053,30.5,31.81980515339464,2.0
6055,60.0,0,1.0
6056,27.5,23.33452377915607,2.0
6057,23.0,0,1.0
6058,56.0,0,1.0
6059,67.0,4.242640687119285,2.0
6060,56.5,40.30508652763321,2.0
6061,64.0,0,1.0
6062,14.5,6.363961030678928,2.0
6063,51.0,0,1.0
6065,80.0,0,1.0
6066,4.5,4.949747468305833,2.0
6067,64.0,0,1.0
6068,2.0,0,1.0
6070,72.0,0,1.0
6071,16.0,0,1.0
6075,4.0,0,1.0
6076,38.0,0,1.0
6077,13.0,0,1.0
6078,35.5,41.71930009000631,2.0
6079,61.0,0,1.0
6081,9.0,0,1.0
6082,8.0,0,1.0
6083,29.0,0,1.0
6084,33.0,0,1.0
6086,22.0,16.97056274847714,2.0
6087,21.0,0,1.0
6088,51.5,51.61879502661797,2.0
6089,20.0,0,1.0
6092,62.0,0,1.0
6093,6.0,0,1.0
6094,49.0,0,1.0
6095,36.0,0,1.0
6097,65.5,36.062445840513924,2.0
6098,15.5,7.7781745930520225,2.0
6099,3.0,0,1.0
6100,7.0,0,1.0
6101,20.0,0,1.0
6102,25.0,0,1.0
6103,33.0,0,1.0
6104,20.0,0,1.0
6105,11.0,0,1.0
6106,2.5,0.7071067811865476,2.0
6107,20.0,9.899494936611665,2.0
6108,53.5,37.476659402887016,2.0
6110,6.0,0,1.0
6116,17.5,17.67766952966369,2.0
6118,12.5,10.606601717798213,2.0
6119,25.0,0,1.0
6120,61.0,0,1.0
6121,11.5,14.849242404917497,2.0
6123,88.0,0,1.0
6125,2.0,0,1.0
6126,5.0,0,1.0
6127,90.0,0,1.0
6128,71.0,0,1.0
6130,51.0,0,1.0
6131,61.0,0,1.0
6132,20.0,0,1.0
6133,96.0,0,1.0
6134,22.0,0,1.0
6135,42.5,17.67766952966369,2.0
6136,53.0,0,1.0
6137,52.0,0,1.0
6138,51.0,55.154328932550705,2.0
6139,38.0,0,1.0
6140,23.0,0,1.0
6141,10.0,0,1.0
6142,2.0,0,1.0
6144,41.5,47.37615433949868,2.0
6146,25.0,9.899494936611665,2.0
6147,19.0,0,1.0
6148,16.0,11.313708498984761,2.0
6149,34.0,38.18376618407357,2.0
6150,50.0,0,1.0
6151,86.0,0,1.0
6152,24.5,7.7781745930520225,2.0
6153,60.0,48.08326112068523,2.0
6154,63.0,0,1.0
6156,4.0,0,1.0
6157,2.5,0.7071067811865476,2.0
6158,69.0,0,1.0
6159,9.5,2.1213203435596424,2.0
6160,44.0,0,1.0
6161,3.5,0.7071067811865476,2.0
6164,29.0,0,1.0
6167,50.0,5.656854249492381,2.0
6168,27.5,26.16295090390226,2.0
6169,19.5,26.16295090390226,2.0
6170,12.0,0,1.0
6171,28.5,9.192388155425117,2.0
6172,2.0,0,1.0
6173,32.0,19.79898987322333,2.0
6174,13.0,0,1.0
6175,31.5,6.363961030678928,2.0
6176,4.0,0,1.0
6177,12.0,0,1.0
6179,35.0,29.698484809834994,2.0
6180,10.5,9.192388155425117,2.0
6181,1.0,0,1.0
6182,51.0,0,1.0
6183,55.0,0,1.0
6184,35.0,24.041630560342615,2.0
6185,80.0,0,1.0
6187,2.0,0,1.0
6188,38.0,0,1.0
6189,47.0,0,1.0
6190,5.5,0.7071067811865476,2.0
6191,17.0,0,1.0
6192,47.0,0,1.0
6194,21.0,0,1.0
6196,33.0,0,1.0
6197,39.0,0,1.0
6198,45.5,57.27564927611035,2.0
6199,9.0,0,1.0
6200,5.0,0,1.0
6201,43.0,0,1.0
6202,53.5,36.062445840513924,2.0
6203,19.0,0,1.0
6204,7.0,0,1.0
6206,47.0,0,1.0
6207,26.0,0,1.0
6208,26.0,0,1.0
6209,51.0,35.35533905932738,2.0
6211,44.0,0,1.0
6212,75.5,31.81980515339464,2.0
6213,36.0,0,1.0
6214,7.0,0,1.0
6215,5.0,0,1.0
6216,29.0,8.48528137423857,2.0
6217,14.5,14.849242404917497,2.0
6218,25.5,30.405591591021544,2.0
6220,37.0,0,1.0
6221,71.0,0,1.0
6222,15.0,15.556349186104045,2.0
6226,10.0,0,1.0
6227,56.5,17.67766952966369,2.0
6230,32.0,0,1.0
6232,22.0,0,1.0
6235,37.5,19.091883092036785,2.0
6236,22.5,28.991378028648448,2.0
6237,35.0,0,1.0
6238,31.0,41.012193308819754,2.0
6239,38.0,8.48528137423857,2.0
6240,24.0,0,1.0
6241,18.0,5.656854249492381,2.0
6242,4.0,0,1.0
6243,44.0,43.840620433565945,2.0
6244,26.0,8.48528137423857,2.0
6245,7.5,7.7781745930520225,2.0
6246,17.0,21.213203435596427,2.0
6247,4.0,0,1.0
6248,6.5,6.363961030678928,2.0
6249,31.0,0,1.0
6250,10.0,0,1.0
6251,16.0,12.727922061357855,2.0
6252,69.0,0,1.0
6253,10.0,0,1.0
6254,60.5,31.81980515339464,2.0
6255,37.0,0,1.0
6256,17.5,3.5355339059327378,2.0
6257,9.5,6.363961030678928,2.0
6258,3.0,0,1.0
6259,10.0,0,1.0
6260,8.5,6.363961030678928,2.0
6261,13.0,0,1.0
6262,27.5,33.23401871576773,2.0
6264,42.0,0,1.0
6265,39.0,0,1.0
6266,6.0,0,1.0
6267,10.0,0,1.0
6268,75.0,0,1.0
6269,10.0,1.4142135623730951,2.0
6270,1.0,0,1.0
6271,11.0,0,1.0
6272,28.0,0,1.0
6273,31.0,0,1.0
6274,4.0,0,1.0
6277,19.0,0,1.0
6278,32.5,12.020815280171307,2.0
6279,64.0,0,1.0
6280,33.0,15.556349186104045,2.0
6281,10.0,0,1.0
6282,27.0,0,1.0
6283,2.0,0,1.0
6284,15.5,4.949747468305833,2.0
6286,49.0,0,1.0
6288,4.0,0,1.0
6289,20.0,0,1.0
6290,32.0,33.94112549695428,2.0
6293,6.0,4.242640687119285,2.0
6294,4.0,0,1.0
6295,4.5,2.1213203435596424,2.0
6296,26.0,0,1.0
6298,36.5,30.405591591021544,2.0
6299,71.0,0,1.0
6300,82.0,0,1.0
6301,51.5,41.71930009000631,2.0
6302,35.0,0,1.0
6305,31.0,19.79898987322333,2.0
6306,33.5,44.54772721475249,2.0
6307,59.0,0,1.0
6309,76.0,0,1.0
6310,74.5,36.062445840513924,2.0
6311,39.5,27.577164466275352,2.0
6312,16.0,0,1.0
6313,49.5,67.17514421272202,2.0
6314,10.0,0,1.0
6315,94.0,0,1.0
6317,60.0,0,1.0
6318,18.0,0,1.0
6319,89.0,0,1.0
6320,8.0,0,1.0
6321,17.0,0,1.0
6323,53.0,0,1.0
6324,38.0,0,1.0
6325,41.0,0,1.0
6326,68.0,0,1.0
6330,22.0,0,1.0
6331,15.0,0,1.0
6333,4.0,0,1.0
6334,61.5,16.263455967290593,2.0
6336,7.0,0,1.0
6338,50.0,0,1.0
6339,47.5,20.506096654409877,2.0
6340,22.0,0,1.0
6341,36.0,0,1.0
6342,34.0,0,1.0
6344,13.0,0,1.0
6346,50.5,51.61879502661797,2.0
6348,99.0,0,1.0
6350,22.5,17.67766952966369,2.0
6351,77.0,0,1.0
6352,51.0,0,1.0
6353,59.0,0,1.0
6356,13.0,0,1.0
6357,18.0,0,1.0
6359,1.0,0,1.0
6360,35.0,0,1.0
6363,14.0,0,1.0
6365,7.0,0,1.0
6366,3.0,0,1.0
6367,7.0,0,1.0
6368,5.5,3.5355339059327378,2.0
6369,85.5,3.5355339059327378,2.0
6370,66.0,0,1.0
6371,10.5,3.5355339059327378,2.0
6372,25.0,11.313708498984761,2.0
6373,16.5,14.849242404917497,2.0
6374,11.0,0.0,2.0
6375,4.0,0,1.0
6376,2.5,2.1213203435596424,2.0
6377,13.0,0,1.0
6378,8.0,0,1.0
6379,40.0,50.91168824543142,2.0
6380,77.0,0,1.0
6381,29.0,0,1.0
6382,63.5,38.890872965260115,2.0
6384,5.0,0,1.0
6385,49.0,0,1.0
6386,40.0,0,1.0
6387,7.0,0,1.0
6388,6.0,0,1.0
6389,28.0,0,1.0
6390,26.5,26.16295090390226,2.0
6391,2.0,0,1.0
6392,19.0,7.0710678118654755,2.0
6393,35.0,0,1.0
6394,26.0,0,1.0
6395,39.0,50.91168824543142,2.0
6396,6.0,0,1.0
6397,22.0,24.041630560342615,2.0
6398,31.0,0,1.0
6399,8.0,0,1.0
6400,36.0,43.840620433565945,2.0
6401,30.5,31.81980515339464,2.0
6403,36.5,44.54772721475249,2.0
6404,15.0,0,1.0
6405,16.0,18.384776310850235,2.0
6406,7.0,0,1.0
6407,10.0,5.656854249492381,2.0
6408,25.0,0,1.0
6409,13.0,0,1.0
6410,34.0,0,1.0
6411,4.0,0,1.0
6412,55.0,0,1.0
6415,3.0,0,1.0
6416,10.0,0,1.0
6418,19.5,24.748737341529164,2.0
6419,4.0,0,1.0
6420,3.0,0,1.0
6421,33.5,23.33452377915607,2.0
6422,66.0,0,1.0
6423,16.5,7.7781745930520225,2.0
6424,15.5,3.5355339059327378,2.0
6425,32.5,23.33452377915607,2.0
6426,85.0,0,1.0
6428,2.0,0,1.0
6429,34.0,0,1.0
6430,30.0,0,1.0
6431,31.0,0,1.0
6432,30.5,19.091883092036785,2.0
6433,25.0,0,1.0
6434,36.0,35.35533905932738,2.0
6435,3.0,0,1.0
6437,46.0,0,1.0
6438,34.0,36.76955262170047,2.0
6440,69.0,0,1.0
6441,8.0,0,1.0
6443,89.0,0,1.0
6444,98.0,0,1.0
6445,12.0,0,1.0
6446,1.0,0,1.0
6448,9.0,0,1.0
6449,84.0,0,1.0
6450,8.0,0,1.0
6452,52.0,0,1.0
6453,33.5,27.577164466275352,2.0
6454,3.0,0,1.0
6455,2.5,0.7071067811865476,2.0
6456,37.0,0,1.0
6459,7.0,0,1.0
6461,34.0,0,1.0
6462,13.0,0,1.0
6463,40.0,0,1.0
6464,75.0,0,1.0
6465,19.0,7.0710678118654755,2.0
6466,61.0,0,1.0
6467,30.5,28.991378028648448,2.0
6468,33.0,32.526911934581186,2.0
6469,34.5,43.1335136523794,2.0
6470,54.0,29.698484809834994,2.0
6471,2.0,0,1.0
6472,9.0,0,1.0
6474,78.0,0,1.0
6475,48.0,53.74011537017761,2.0
6476,1.0,0,1.0
6477,22.5,30.405591591021544,2.0
6478,29.0,0,1.0
6479,1.0,0,1.0
6480,82.0,0,1.0
6481,55.0,0,1.0
6483,30.0,0,1.0
6485,53.5,41.71930009000631,2.0
6486,35.0,0,1.0
6487,73.0,12.727922061357855,2.0
6490,3.0,0,1.0
6491,6.5,6.363961030678928,2.0
6492,1.0,0,1.0
6494,23.5,27.577164466275352,2.0
6495,4.0,0,1.0
6496,3.0,0,1.0
6497,3.0,2.8284271247461903,2.0
6498,18.0,16.97056274847714,2.0
6499,8.0,0,1.0
6500,7.0,0,1.0
6502,43.0,0,1.0
6507,12.0,0,1.0
6508,28.0,0,1.0
6509,11.0,0,1.0
6510,17.0,0,1.0
6512,93.0,0,1.0
6514,17.0,0,1.0
6515,52.0,0,1.0
6516,22.0,0,1.0
6518,54.0,0,1.0
6519,4.0,0,1.0
6520,6.0,0,1.0
6521,37.0,0,1.0
6522,4.0,0,1.0
6523,3.0,0,1.0
6524,54.0,0,1.0
6525,22.0,0,1.0
6527,22.0,0,1.0
6528,14.0,0,1.0
6529,31.0,0,1.0
6530,3.0,0,1.0
6532,33.0,0,1.0
6535,20.0,0,1.0
6536,12.0,0,1.0
6538,13.0,0,1.0
6539,25.0,0,1.0
6540,3.0,0,1.0
6541,46.5,9.192388155425117,2.0
6542,9.0,0,1.0
6543,24.0,0,1.0
6544,41.0,0,1.0
6546,46.0,0,1.0
6547,8.0,0,1.0
6548,28.0,0,1.0
6549,7.0,0,1.0
6551,15.0,0,1.0
6552,15.0,2.8284271247461903,2.0
6553,9.0,0,1.0
6554,42.5,2.1213203435596424,2.0
6556,32.5,30.405591591021544,2.0
6557,1.0,0,1.0
6558,6.0,0,1.0
6560,76.0,0,1.0
6561,17.5,17.67766952966369,2.0
6562,1.0,0,1.0
6565,5.0,0,1.0
6566,31.5,31.81980515339464,2.0
6568,5.0,0,1.0
6569,4.0,0,1.0
6570,21.0,0,1.0
6571,8.0,0,1.0
6576,36.0,0,1.0
6578,19.5,7.7781745930520225,2.0
6579,23.5,26.16295090390226,2.0
6581,6.0,7.0710678118654755,2.0
6582,3.5,2.1213203435596424,2.0
6583,3.0,0,1.0
6584,28.5,38.890872965260115,2.0
6587,34.5,40.30508652763321,2.0
6589,65.0,0,1.0
6590,24.0,31.11269837220809,2.0
6591,43.0,46.66904755831214,2.0
6592,1.5,0.7071067811865476,2.0
6593,14.0,15.556349186104045,2.0
6594,5.5,0.7071067811865476,2.0
6596,4.0,0,1.0
6597,52.0,0,1.0
6598,2.0,0,1.0
6599,43.0,42.42640687119285,2.0
6600,3.0,0,1.0
6601,46.0,0,1.0
6602,25.0,33.94112549695428,2.0
6603,5.0,0,1.0
6605,2.0,0,1.0
6606,7.0,0,1.0
6607,39.0,0,1.0
6608,21.0,0,1.0
6610,55.0,0,1.0
6611,31.0,32.526911934581186,2.0
6614,27.0,19.79898987322333,2.0
6618,12.0,11.313708498984761,2.0
6621,50.5,41.71930009000631,2.0
6622,12.5,12.020815280171307,2.0
6623,30.5,31.81980515339464,2.0
6625,1.0,0,1.0
6626,34.5,40.30508652763321,2.0
6627,6.0,0,1.0
6629,14.0,14.142135623730951,2.0
6631,20.0,8.48528137423857,2.0
6632,46.0,0,1.0
6634,6.5,7.7781745930520225,2.0
6635,7.0,0,1.0
6636,41.0,0,1.0
6637,28.5,37.476659402887016,2.0
6638,15.0,0,1.0
6639,77.0,0,1.0
6641,11.0,0,1.0
6643,5.0,0,1.0
6644,15.5,20.506096654409877,2.0
6645,14.5,19.091883092036785,2.0
6646,16.0,0,1.0
6647,61.0,0,1.0
6648,14.5,4.949747468305833,2.0
6651,6.0,5.656854249492381,2.0
6652,16.0,2.8284271247461903,2.0
6653,1.0,0,1.0
6654,1.0,0,1.0
6656,84.0,0,1.0
6657,7.0,0,1.0
6658,2.5,0.7071067811865476,2.0
6659,24.0,0,1.0
6662,44.0,0,1.0
6663,6.0,0,1.0
6666,18.0,0,1.0
6667,49.0,67.88225099390856,2.0
6668,8.0,0,1.0
6669,3.0,0,1.0
6670,41.0,41.012193308819754,2.0
6671,30.0,0,1.0
6673,92.0,0,1.0
6675,67.0,0,1.0
6676,29.0,15.556349186104045,2.0
6678,24.0,0,1.0
6679,2.0,0,1.0
6680,48.5,6.363961030678928,2.0
6681,29.5,36.062445840513924,2.0
6682,13.5,0.7071067811865476,2.0
6683,14.0,1.4142135623730951,2.0
6684,21.0,0,1.0
6685,21.0,0,1.0
6686,42.0,0,1.0
6687,5.0,0,1.0
6688,11.5,13.435028842544403,2.0
6689,19.5,23.33452377915607,2.0
6690,45.0,5.656854249492381,2.0
6691,13.0,0,1.0
6692,43.0,0,1.0
6693,14.5,4.949747468305833,2.0
6695,14.0,15.556349186104045,2.0
6696,1.5,0.7071067811865476,2.0
6697,46.0,0,1.0
6699,64.0,0,1.0
6700,8.0,0,1.0
6701,58.5,36.062445840513924,2.0
6702,83.0,0,1.0
6703,59.5,27.577164466275352,2.0
6705,44.5,57.27564927611035,2.0
6706,56.0,0,1.0
6707,41.5,36.062445840513924,2.0
6708,24.0,14.142135623730951,2.0
6709,76.0,0,1.0
6710,8.0,0,1.0
6712,38.5,16.263455967290593,2.0
6714,17.0,0,1.0
6715,2.5,2.1213203435596424,2.0
6717,15.5,10.606601717798213,2.0
6719,18.5,16.263455967290593,2.0
6720,52.5,67.17514421272202,2.0
6721,9.0,0,1.0
6722,21.5,0.7071067811865476,2.0
6723,17.0,0,1.0
6725,36.5,21.920310216782973,2.0
6726,1.0,0,1.0
6727,26.5,21.920310216782973,2.0
6728,28.5,17.67766952966369,2.0
6729,87.0,0,1.0
6730,24.0,0,1.0
6732,6.0,5.656854249492381,2.0
6733,47.0,5.656854249492381,2.0
6735,23.0,25.45584412271571,2.0
6736,90.0,0,1.0
6737,10.0,0,1.0
6738,12.0,15.556349186104045,2.0
6739,27.0,4.242640687119285,2.0
6740,29.0,0,1.0
6741,26.0,0,1.0
6742,8.0,0,1.0
6743,82.0,0,1.0
6744,38.0,0,1.0
6745,63.0,0,1.0
6746,48.5,47.37615433949868,2.0
6748,18.5,9.192388155425117,2.0
6749,3.0,0,1.0
6750,30.0,41.012193308819754,2.0
6751,10.0,0,1.0
6752,8.0,0,1.0
6753,13.0,0,1.0
6754,28.0,0,1.0
6755,26.0,11.313708498984761,2.0
6757,16.0,0,1.0
6759,53.0,14.142135623730951,2.0
6760,7.0,0,1.0
6761,7.0,7.0710678118654755,2.0
6762,7.0,0,1.0
6763,3.0,0,1.0
6765,20.0,0,1.0
6766,31.0,0,1.0
6767,29.0,0,1.0
6768,15.0,0,1.0
6769,1.0,0,1.0
6770,1.0,0,1.0
6773,16.0,9.899494936611665,2.0
6774,3.5,0.7071067811865476,2.0
6775,30.0,38.18376618407357,2.0
6778,20.0,0,1.0
6781,3.0,0,1.0
6782,36.0,0,1.0
6784,6.0,4.242640687119285,2.0
6785,42.0,33.94112549695428,2.0
6786,8.0,0,1.0
6787,23.0,0,1.0
6788,17.5,6.363961030678928,2.0
6789,34.5,7.7781745930520225,2.0
6792,51.0,0,1.0
6793,50.0,53.74011537017761,2.0
6794,26.0,0,1.0
6796,17.5,9.192388155425117,2.0
6797,10.5,9.192388155425117,2.0
6798,26.0,0,1.0
6799,5.0,0,1.0
6800,20.5,21.920310216782973,2.0
6802,47.0,0,1.0
6803,18.5,14.849242404917497,2.0
6804,3.0,0,1.0
6805,15.0,0,1.0
6807,14.0,0,1.0
6808,63.0,0,1.0
6809,13.0,2.8284271247461903,2.0
6810,8.0,0,1.0
6812,1.0,0,1.0
6814,13.0,0,1.0
6815,19.0,0,1.0
6816,28.0,0,1.0
6817,16.0,14.142135623730951,2.0
6818,17.0,0,1.0
6819,20.0,0,1.0
6820,8.5,7.7781745930520225,2.0
6821,19.0,0,1.0
6822,16.5,16.263455967290593,2.0
6823,38.0,0,1.0
6824,12.5,14.849242404917497,2.0
6825,7.5,9.192388155425117,2.0
6826,50.0,9.899494936611665,2.0
6829,32.0,0,1.0
6830,26.0,16.97056274847714,2.0
6831,1.0,0,1.0
6833,15.0,12.727922061357855,2.0
6834,9.0,0,1.0
6835,8.0,0,1.0
6836,29.0,0,1.0
6837,79.0,0,1.0
6839,2.0,1.4142135623730951,2.0
6840,15.0,19.79898987322333,2.0
6841,3.0,0,1.0
6842,97.0,0,1.0
6843,57.0,0,1.0
6844,9.0,0,1.0
6845,17.5,21.920310216782973,2.0
6846,64.0,0,1.0
6847,4.0,0,1.0
6848,74.5,19.091883092036785,2.0
6849,3.0,0,1.0
6852,11.0,0,1.0
6853,36.0,0,1.0
6854,6.0,0,1.0
6856,18.0,0,1.0
6857,6.5,2.1213203435596424,2.0
6859,3.0,0,1.0
6860,51.5,43.1335136523794,2.0
6862,29.0,0,1.0
6863,6.0,4.242640687119285,2.0
6864,17.0,0,1.0
6867,18.0,0,1.0
6868,23.0,0,1.0
6869,49.5,67.17514421272202,2.0
6870,8.5,4.949747468305833,2.0
6871,27.0,0,1.0
6872,2.0,0,1.0
6873,40.0,0,1.0
6874,2.0,0,1.0
6876,81.0,0,1.0
6878,13.0,0,1.0
6879,12.0,0,1.0
6880,3.0,0,1.0
6884,26.0,0,1.0
6886,78.0,0,1.0
6888,1.0,0,1.0
6889,44.0,0,1.0
6891,26.5,14.849242404917497,2.0
6892,32.0,42.42640687119285,2.0
6893,8.0,2.8284271247461903,2.0
6894,44.0,43.840620433565945,2.0
6896,65.0,0,1.0
6897,8.5,9.192388155425117,2.0
6898,6.0,1.4142135623730951,2.0
6899,45.0,0,1.0
6900,14.5,2.1213203435596424,2.0
6901,31.5,20.506096654409877,2.0
6902,14.5,16.263455967290593,2.0
6903,6.0,0,1.0
6904,27.0,0,1.0
6905,12.0,0,1.0
6906,7.0,0,1.0
6907,100.0,0,1.0
6908,18.5,14.849242404917497,2.0
6909,31.0,42.42640687119285,2.0
6911,3.0,1.4142135623730951,2.0
6912,10.0,2.8284271247461903,2.0
6914,53.0,0,1.0
6915,84.0,0,1.0
6917,47.0,0,1.0
6919,94.0,0,1.0
6920,44.5,44.54772721475249,2.0
6922,3.0,0,1.0
6923,10.0,0,1.0
6924,6.0,0,1.0
6926,46.0,19.79898987322333,2.0
6927,54.0,0,1.0
6928,2.0,0,1.0
6929,40.5,51.61879502661797,2.0
6930,3.5,2.1213203435596424,2.0
6932,3.0,0,1.0
6933,9.0,0,1.0
6934,10.0,0,1.0
6940,5.0,0,1.0
6942,11.0,0,1.0
6943,27.0,0,1.0
6944,31.5,17.67766952966369,2.0
6945,12.0,0,1.0
6946,8.0,0,1.0
6947,64.0,0,1.0
6948,27.0,0,1.0
6949,11.0,0,1.0
6950,1.0,0,1.0
6951,2.0,0,1.0
6953,86.0,0,1.0
6955,10.0,11.313708498984761,2.0
6956,52.0,67.88225099390856,2.0
6957,51.0,0,1.0
6959,27.0,25.45584412271571,2.0
6960,18.0,0,1.0
6961,58.0,0,1.0
6962,30.0,0,1.0
6963,1.0,0,1.0
6964,33.0,0,1.0
6965,31.5,40.30508652763321,2.0
6966,33.5,6.363961030678928,2.0
6967,13.5,13.435028842544403,2.0
6969,43.0,0,1.0
6970,7.0,0,1.0
6971,5.0,0,1.0
6972,17.0,0,1.0
6973,33.0,0,1.0
6974,4.0,0,1.0
6975,19.0,7.0710678118654755,2.0
6976,2.0,0,1.0
6977,19.0,1.4142135623730951,2.0
6979,19.0,8.48528137423857,2.0
6982,20.0,26.870057685088806,2.0
6983,2.0,0,1.0
6984,6.0,0,1.0
6987,3.5,0.7071067811865476,2.0
6988,1.0,0,1.0
6990,17.5,16.263455967290593,2.0
6991,7.0,8.48528137423857,2.0
6993,8.0,0,1.0
6994,5.0,0,1.0
6995,10.0,0,1.0
6996,29.0,0,1.0
6997,11.0,0,1.0
6998,2.0,0,1.0
6999,23.0,0,1.0
7000,3.0,0.0,2.0
7002,18.0,0,1.0
7004,37.5,13.435028842544403,2.0
7005,25.0,24.041630560342615,2.0
7006,12.0,0,1.0
7008,8.0,0,1.0
7009,11.0,0,1.0
7010,29.0,0,1.0
7012,49.0,19.79898987322333,2.0
7013,1.0,0,1.0
7014,86.0,0,1.0
7015,8.0,0,1.0
7017,15.0,11.313708498984761,2.0
7018,29.0,8.48528137423857,2.0
7019,65.0,0,1.0
7020,71.0,0,1.0
7021,21.0,16.97056274847714,2.0
7022,25.0,21.213203435596427,2.0
7024,11.0,9.899494936611665,2.0
7025,15.0,16.97056274847714,2.0
7026,16.0,19.79898987322333,2.0
7027,8.0,0,1.0
7029,68.0,0,1.0
7030,7.0,4.242640687119285,2.0
7031,75.0,0,1.0
7032,51.5,65.76093065034893,2.0
7033,20.0,0,1.0
7034,13.0,0,1.0
7035,3.0,0,1.0
7038,21.0,28.284271247461902,2.0
7039,15.5,19.091883092036785,2.0
7040,29.5,38.890872965260115,2.0
7041,19.5,21.920310216782973,2.0
7042,38.0,46.66904755831214,2.0
7043,61.0,0,1.0
7045,36.5,23.33452377915607,2.0
7047,41.0,0,1.0
7048,21.0,0,1.0
7049,64.5,31.81980515339464,2.0
7051,14.0,0,1.0
7052,55.0,31.11269837220809,2.0
7053,38.5,33.23401871576773,2.0
7054,34.0,4.242640687119285,2.0
7055,34.5,24.748737341529164,2.0
7056,26.0,2.8284271247461903,2.0
7058,58.0,0,1.0
7060,80.0,0,1.0
7061,12.0,0,1.0
7063,3.0,0,1.0
7064,19.0,0,1.0
7065,25.0,0,1.0
7066,12.0,0,1.0
7067,4.0,0,1.0
7068,8.5,3.5355339059327378,2.0
7069,30.5,26.16295090390226,2.0
7070,38.5,40.30508652763321,2.0
7071,32.0,0,1.0
7073,12.0,0,1.0
7074,38.0,0,1.0
7075,22.5,30.405591591021544,2.0
7076,24.0,26.870057685088806,2.0
7077,5.0,0,1.0
7078,3.0,0,1.0
7079,1.0,0,1.0
7080,69.0,0,1.0
7085,3.5,3.5355339059327378,2.0
7086,4.0,0.0,2.0
7087,30.5,23.33452377915607,2.0
7088,6.0,0,1.0
7089,35.0,0,1.0
7092,3.0,0,1.0
7093,46.0,63.63961030678928,2.0
7094,56.5,47.37615433949868,2.0
7095,3.0,0,1.0
7097,3.0,0,1.0
7098,30.5,3.5355339059327378,2.0
7099,8.0,7.0710678118654755,2.0
7100,46.5,3.5355339059327378,2.0
7101,7.0,0,1.0
7102,47.0,0,1.0
7103,48.0,0,1.0
7104,14.0,0,1.0
7106,12.0,0,1.0
7107,33.5,43.1335136523794,2.0
7108,47.0,0,1.0
7109,35.0,12.727922061357855,2.0
7110,1.0,0,1.0
7112,76.0,0,1.0
7113,21.5,2.1213203435596424,2.0
7115,3.0,0,1.0
7116,49.0,0,1.0
7117,24.0,0,1.0
7118,3.0,0,1.0
7119,19.5,21.920310216782973,2.0
7120,1.0,0,1.0
7121,5.0,1.4142135623730951,2.0
7122,27.0,0,1.0
7124,3.0,0,1.0
7125,2.0,0,1.0
7126,35.0,0,1.0
7127,12.0,15.556349186104045,2.0
7128,1.5,0.7071067811865476,2.0
7129,34.0,0,1.0
7130,48.5,44.54772721475249,2.0
7131,12.0,0,1.0
7132,2.0,0,1.0
7133,30.0,21.213203435596427,2.0
7134,2.0,0,1.0
7135,50.0,41.012193308819754,2.0
7136,21.0,2.8284271247461903,2.0
7137,22.5,3.5355339059327378,2.0
7138,7.5,7.7781745930520225,2.0
7139,1.0,0,1.0
7140,20.0,0,1.0
7141,31.5,3.5355339059327378,2.0
7142,23.0,0,1.0
7143,50.0,53.74011537017761,2.0
7144,17.0,16.97056274847714,2.0
7145,80.0,0,1.0
7146,4.0,0,1.0
7147,33.0,0,1.0
7148,3.0,0,1.0
7151,24.0,0,1.0
7152,17.0,0,1.0
7153,87.0,0,1.0
7154,37.0,0,1.0
7155,17.0,0,1.0
7156,20.0,0,1.0
7157,48.0,0,1.0
7158,12.0,0,1.0
7159,26.0,0,1.0
7160,2.0,0,1.0
7162,23.0,0,1.0
7163,1.0,0,1.0
7166,45.0,0,1.0
7167,2.0,0,1.0
7168,29.0,0,1.0
7171,39.0,0,1.0
7172,20.0,25.45584412271571,2.0
7173,29.5,14.849242404917497,2.0
7176,6.0,0,1.0
7177,39.0,0,1.0
7179,83.0,0,1.0
7180,93.0,0,1.0
7181,2.0,0,1.0
7182,51.0,0,1.0
7183,25.5,31.81980515339464,2.0
7184,43.5,31.81980515339464,2.0
7185,6.0,0,1.0
7186,4.0,0,1.0
7187,36.5,38.890872965260115,2.0
7189,84.0,0,1.0
7190,15.0,0,1.0
7194,14.0,1.4142135623730951,2.0
7197,26.0,0,1.0
7199,5.0,0,1.0
7200,2.0,1.4142135623730951,2.0
7201,35.0,0,1.0
7206,8.0,0,1.0
7209,38.0,0,1.0
7211,4.0,0,1.0
7212,80.0,0,1.0
7213,35.0,0,1.0
7214,17.0,0,1.0
7215,46.5,37.476659402887016,2.0
7216,32.5,44.54772721475249,2.0
7217,1.0,0,1.0
7218,42.0,2.8284271247461903,2.0
7219,3.0,0,1.0
7220,50.0,0,1.0
7222,2.0,0,1.0
7223,29.0,0,1.0
7224,5.0,5.656854249492381,2.0
7225,36.0,0,1.0
7226,16.0,0,1.0
7228,1.0,0,1.0
7229,61.5,24.748737341529164,2.0
7230,39.0,0,1.0
7231,1.0,0,1.0
7232,20.0,19.79898987322333,2.0
7233,4.0,0,1.0
7234,30.0,0,1.0
7235,16.0,0,1.0
7237,41.0,0,1.0
7238,1.0,0,1.0
7239,2.0,0,1.0
7240,42.0,0,1.0
7242,4.0,0,1.0
7243,53.0,0,1.0
7245,2.0,0,1.0
7246,19.0,0,1.0
7247,29.0,0,1.0
7248,61.0,0,1.0
7249,11.0,7.0710678118654755,2.0
7250,3.0,0,1.0
7251,28.5,0.7071067811865476,2.0
7255,7.0,0,1.0
7256,20.0,0,1.0
7260,25.0,11.313708498984761,2.0
7261,68.0,0,1.0
7262,8.0,0,1.0
7263,98.0,0,1.0
7264,18.0,0,1.0
7265,14.0,0,1.0
7266,48.5,7.7781745930520225,2.0
7267,88.0,0,1.0
7268,26.0,33.94112549695428,2.0
7270,7.0,0,1.0
7271,92.0,0,1.0
7272,23.0,0,1.0
7273,34.0,0,1.0
7274,43.0,0,1.0
7275,52.0,0,1.0
7276,64.0,0,1.0
7277,40.0,0,1.0
7278,58.0,1.4142135623730951,2.0
7279,4.0,0,1.0
7280,62.0,0,1.0
7281,21.5,3.5355339059327378,2.0
7284,52.5,21.920310216782973,2.0
7285,24.0,19.79898987322333,2.0
7287,33.5,44.54772721475249,2.0
7288,48.0,48.08326112068523,2.0
7289,61.0,0,1.0
7290,28.0,32.526911934581186,2.0
7291,23.5,31.81980515339464,2.0
7292,4.5,4.949747468305833,2.0
7293,5.0,0,1.0
7294,57.0,0,1.0
7295,53.5,50.204581464244875,2.0
7297,44.0,0,1.0
7298,61.0,0,1.0
7299,32.5,40.30508652763321,2.0
7300,1.0,0,1.0
7301,35.5,16.263455967290593,2.0
7302,48.0,32.526911934581186,2.0
7303,37.0,50.91168824543142,2.0
7304,21.0,0,1.0
7308,6.0,0,1.0
7309,24.0,29.698484809834994,2.0
7311,52.0,0,1.0
7312,37.0,0,1.0
7313,4.0,0,1.0
7314,86.0,12.727922061357855,2.0
7315,13.0,0,1.0
7317,97.0,0,1.0
7318,89.0,0,1.0
7320,11.5,2.1213203435596424,2.0
7321,30.0,0,1.0
7322,30.0,0,1.0
7323,98.0,0,1.0
7325,70.0,0,1.0
7328,26.0,7.0710678118654755,2.0
7329,11.0,0,1.0
7330,15.0,0,1.0
7331,17.0,8.48528137423857,2.0
7332,7.0,8.48528137423857,2.0
7333,8.0,0,1.0
7334,28.5,23.33452377915607,2.0
7335,44.0,0,1.0
7336,5.5,2.1213203435596424,2.0
7337,8.0,0,1.0
7339,59.0,24.041630560342615,2.0
7340,31.0,26.870057685088806,2.0
7342,3.0,0,1.0
7343,43.0,0,1.0
7344,16.0,0,1.0
7346,56.0,0,1.0
7347,74.0,0,1.0
7348,48.0,63.63961030678928,2.0
7350,24.0,1.4142135623730951,2.0
7351,8.0,2.8284271247461903,2.0
7352,21.5,19.091883092036785,2.0
7354,40.0,0,1.0
7357,10.0,0,1.0
7358,14.0,5.656854249492381,2.0
7359,1.0,0,1.0
7360,21.0,0,1.0
7362,41.0,0,1.0
7363,58.0,0,1.0
7364,21.5,19.091883092036785,2.0
7365,16.5,3.5355339059327378,2.0
7366,39.5,27.577164466275352,2.0
7367,28.0,0,1.0
7368,21.0,0,1.0
7369,2.0,0,1.0
7370,4.0,0,1.0
7371,9.0,0,1.0
7372,37.5,47.37615433949868,2.0
7375,3.0,1.4142135623730951,2.0
7376,16.0,0,1.0
7377,59.0,0,1.0
7378,2.0,1.4142135623730951,2.0
7379,2.0,0.0,2.0
7380,64.0,0,1.0
7381,1.0,0,1.0
7382,14.0,18.384776310850235,2.0
7383,4.0,0,1.0
7384,43.0,24.041630560342615,2.0
7385,20.0,0,1.0
7386,61.0,0,1.0
7387,3.0,0,1.0
7388,30.0,0,1.0
7389,31.0,29.698484809834994,2.0
7390,7.0,7.0710678118654755,2.0
7391,6.0,0,1.0
7392,15.0,19.79898987322333,2.0
7393,29.5,38.890872965260115,2.0
7394,28.0,0,1.0
7395,14.0,0,1.0
7396,16.5,10.606601717798213,2.0
7397,14.0,0,1.0
7398,11.0,0,1.0
7399,3.0,0,1.0
7400,30.0,0,1.0
7401,14.0,0,1.0
7402,84.0,0,1.0
7403,5.0,0,1.0
7404,3.0,1.4142135623730951,2.0
7405,25.5,28.991378028648448,2.0
7406,46.0,0,1.0
7407,3.0,0,1.0
7409,35.0,0,1.0
7412,15.5,20.506096654409877,2.0
7413,27.5,23.33452377915607,2.0
7414,55.0,0,1.0
7415,7.0,0,1.0
7416,2.0,0,1.0
7417,23.5,14.849242404917497,2.0
7418,91.0,0,1.0
7419,9.5,4.949747468305833,2.0
7420,29.5,21.920310216782973,2.0
7421,60.0,31.11269837220809,2.0
7422,11.0,0,1.0
7423,5.0,0,1.0
7424,41.5,16.263455967290593,2.0
7425,23.5,19.091883092036785,2.0
7426,24.0,0,1.0
7427,1.0,0,1.0
7428,57.0,0,1.0
7429,64.0,0,1.0
7430,24.0,8.48528137423857,2.0
7431,53.5,9.192388155425117,2.0
7432,44.0,1.4142135623730951,2.0
7434,9.5,7.7781745930520225,2.0
7435,85.0,0,1.0
7436,29.0,0,1.0
7438,63.0,0,1.0
7440,68.0,0,1.0
7441,52.0,0,1.0
7442,23.0,0,1.0
7444,16.5,13.435028842544403,2.0
7445,37.0,18.384776310850235,2.0
7446,12.0,0,1.0
7448,43.0,0,1.0
7449,6.0,0,1.0
7450,26.0,0,1.0
7451,66.0,0,1.0
7452,31.0,0,1.0
7453,65.0,0,1.0
7454,73.0,0,1.0
7455,42.0,0,1.0
7458,96.0,0,1.0
7460,33.5,0.7071067811865476,2.0
7461,46.5,61.518289963229634,2.0
7462,47.0,0,1.0
7463,20.0,0,1.0
7464,50.0,0,1.0
7465,4.0,0,1.0
7469,83.0,0,1.0
7470,75.0,0,1.0
7471,2.0,0,1.0
7472,41.5,54.44722215136416,2.0
7473,49.0,59.39696961966999,2.0
7475,5.0,0,1.0
7476,48.0,0,1.0
7478,46.0,0,1.0
7479,10.0,0,1.0
7481,20.0,18.384776310850235,2.0
7482,1.0,0,1.0
7484,14.0,7.0710678118654755,2.0
7485,2.0,0,1.0
7487,6.0,0,1.0
7488,41.0,0,1.0
7489,18.0,0,1.0
7490,69.0,0,1.0
7491,1.0,0,1.0
7492,43.0,48.08326112068523,2.0
7493,4.0,0,1.0
7494,13.0,0,1.0
7496,20.0,7.0710678118654755,2.0
7499,31.0,0,1.0
7500,5.5,0.7071067811865476,2.0
7501,8.0,0,1.0
7502,50.0,0,1.0
7503,57.0,0,1.0
7504,67.0,9.899494936611665,2.0
7505,40.0,45.254833995939045,2.0
7506,3.0,0,1.0
7508,6.0,0,1.0
7509,15.0,0,1.0
7510,8.0,0,1.0
7511,2.0,0,1.0
7512,26.0,0,1.0
7513,32.0,0,1.0
7514,15.0,11.313708498984761,2.0
7515,30.0,0,1.0
7516,13.0,0,1.0
7517,62.5,30.405591591021544,2.0
7518,39.0,0,1.0
7519,42.0,41.012193308819754,2.0
7520,47.5,9.192388155425117,2.0
7521,7.0,0,1.0
7522,1.0,0,1.0
7525,5.0,0,1.0
7527,47.0,41.012193308819754,2.0
7529,27.0,0,1.0
7530,6.0,0,1.0
7532,15.5,12.020815280171307,2.0
7533,58.5,57.27564927611035,2.0
7534,42.0,49.49747468305833,2.0
7536,5.0,0,1.0
7537,2.0,0,1.0
7538,1.0,0,1.0
7539,13.0,15.556349186104045,2.0
7541,18.0,0,1.0
7542,70.0,0,1.0
7543,9.0,0,1.0
7544,12.0,0,1.0
7545,7.0,0,1.0
7548,20.0,0,1.0
7549,4.5,4.949747468305833,2.0
7550,85.0,0,1.0
7551,1.0,0,1.0
7552,7.0,0,1.0
7554,27.5,37.476659402887016,2.0
7555,19.0,12.727922061357855,2.0
7556,89.0,0,1.0
7557,7.0,0,1.0
7560,9.0,0,1.0
7561,2.0,0,1.0
7562,9.0,0,1.0
7563,47.0,0.0,2.0
7564,100.0,0,1.0
7565,22.5,2.1213203435596424,2.0
7566,39.0,52.32590180780452,2.0
7568,24.0,0,1.0
7569,42.5,21.920310216782973,2.0
7570,37.5,36.062445840513924,2.0
7571,17.5,20.506096654409877,2.0
7572,10.0,0,1.0
7573,79.0,0,1.0
7575,65.0,0,1.0
7577,78.0,0,1.0
7578,4.0,0,1.0
7579,1.0,0,1.0
7580,31.5,38.890872965260115,2.0
7582,35.0,0,1.0
7587,5.0,5.656854249492381,2.0
7588,6.0,0,1.0
7589,48.0,25.45584412271571,2.0
7590,3.0,2.8284271247461903,2.0
7591,18.0,0,1.0
7592,55.5,61.518289963229634,2.0
7594,58.0,0,1.0
7595,31.0,0,1.0
7596,86.0,0,1.0
7597,7.0,0,1.0
7598,27.0,0,1.0
7599,22.0,0,1.0
7600,10.0,9.899494936611665,2.0
7602,89.5,4.949747468305833,2.0
7603,12.5,7.7781745930520225,2.0
7604,10.0,0,1.0
7605,16.0,0,1.0
7606,80.0,0,1.0
7607,30.5,7.7781745930520225,2.0
7608,36.0,0,1.0
7609,7.5,6.363961030678928,2.0
7610,45.0,0,1.0
7612,97.0,0,1.0
7613,24.0,0,1.0
7614,38.0,39.59797974644666,2.0
7616,50.0,0,1.0
7617,2.0,0,1.0
7618,60.0,0,1.0
7619,15.0,0,1.0
7620,19.0,8.48528137423857,2.0
7623,2.0,0,1.0
7624,17.0,0,1.0
7627,8.0,0,1.0
7628,8.0,0,1.0
7631,51.0,0,1.0
7633,60.0,0,1.0
7634,27.0,0,1.0
7637,35.0,0,1.0
7639,100.0,0,1.0
7640,30.0,0,1.0
7641,14.0,0,1.0
7642,9.0,0,1.0
7643,53.0,0,1.0
7644,22.0,0,1.0
7645,4.0,0,1.0
7646,95.0,0,1.0
7647,5.0,0,1.0
7648,72.0,0,1.0
7651,49.0,0,1.0
7652,56.0,0,1.0
7653,3.0,0,1.0
7654,19.0,0,1.0
7657,25.0,0,1.0
7658,2.0,0.0,2.0
7659,12.5,13.435028842544403,2.0
7662,8.0,0,1.0
7663,24.0,31.11269837220809,2.0
7664,10.0,8.48528137423857,2.0
7665,8.0,4.242640687119285,2.0
7666,3.0,2.8284271247461903,2.0
7667,60.0,4.242640687119285,2.0
7668,95.0,0,1.0
7670,9.0,0,1.0
7671,12.0,0,1.0
7672,17.5,6.363961030678928,2.0
7674,30.0,0,1.0
7675,36.0,33.94112549695428,2.0
7676,48.0,0,1.0
7677,6.0,0,1.0
7678,3.0,0,1.0
7679,52.5,23.33452377915607,2.0
7680,15.5,12.020815280171307,2.0
7681,37.0,0,1.0
7683,24.0,0,1.0
7684,24.0,0,1.0
7685,3.0,0,1.0
7687,29.0,0,1.0
7688,35.5,47.37615433949868,2.0
7689,16.0,0,1.0
7690,4.0,0,1.0
7691,17.5,9.192388155425117,2.0
7693,10.0,4.242640687119285,2.0
7694,28.0,0,1.0
7697,4.0,0,1.0
7698,2.0,1.4142135623730951,2.0
7699,80.5,27.577164466275352,2.0
7700,4.0,0,1.0
7701,10.0,0,1.0
7702,6.0,0,1.0
7703,74.0,0,1.0
7704,32.5,44.54772721475249,2.0
7705,8.0,0,1.0
7706,16.0,0,1.0
7708,35.0,0,1.0
7709,19.5,9.192388155425117,2.0
7710,19.5,9.192388155425117,2.0
7713,18.0,0,1.0
7714,3.0,0,1.0
7715,20.0,0,1.0
7717,16.0,0,1.0
7719,14.0,0,1.0
7720,88.0,0,1.0
7721,55.0,0,1.0
7722,48.0,43.840620433565945,2.0
7723,69.0,41.012193308819754,2.0
7724,41.0,0,1.0
7726,23.0,0,1.0
7727,3.0,0,1.0
7729,35.0,46.66904755831214,2.0
7731,32.0,0,1.0
7732,51.5,55.86143571373726,2.0
7733,30.5,40.30508652763321,2.0
7734,27.0,32.526911934581186,2.0
7735,1.0,0,1.0
7736,18.0,0,1.0
7737,7.0,0,1.0
7738,8.0,0,1.0
7739,80.0,12.727922061357855,2.0
7741,8.5,4.949747468305833,2.0
7742,22.5,16.263455967290593,2.0
7743,25.0,0,1.0
7744,32.5,44.54772721475249,2.0
7746,4.5,0.7071067811865476,2.0
7747,19.0,0,1.0
7748,2.0,0,1.0
7749,8.0,0,1.0
7750,45.0,0,1.0
7751,43.0,8.48528137423857,2.0
7752,38.5,20.506096654409877,2.0
7753,16.5,21.920310216782973,2.0
7755,19.0,14.142135623730951,2.0
7756,57.0,29.698484809834994,2.0
7757,17.5,4.949747468305833,2.0
7759,79.0,0,1.0
7760,4.0,0,1.0
7761,50.0,52.32590180780452,2.0
7763,33.0,0,1.0
7765,100.0,0,1.0
7766,33.0,21.213203435596427,2.0
7767,16.0,0,1.0
7768,95.0,0,1.0
7769,86.0,0,1.0
7770,1.0,0,1.0
7771,40.0,9.899494936611665,2.0
7773,90.0,0,1.0
7774,44.0,0,1.0
7775,25.5,3.5355339059327378,2.0
7776,6.0,0,1.0
7777,21.0,0,1.0
7779,7.0,0.0,2.0
7780,20.0,0,1.0
7781,8.0,0,1.0
7782,39.0,43.840620433565945,2.0
7784,17.0,0,1.0
7785,6.0,0,1.0
7787,4.0,0,1.0
7788,75.0,0,1.0
7790,71.0,15.556349186104045,2.0
7791,39.5,26.16295090390226,2.0
7792,31.0,0,1.0
7794,1.0,0,1.0
7795,6.0,0,1.0
7796,38.0,0,1.0
7797,20.0,0,1.0
7798,22.0,0,1.0
7800,25.0,0,1.0
7801,2.0,0,1.0
7802,12.0,2.8284271247461903,2.0
7803,28.0,0,1.0
7804,1.0,0,1.0
7805,2.0,0,1.0
7806,26.5,20.506096654409877,2.0
7808,16.0,0,1.0
7809,31.0,0,1.0
7810,45.0,0,1.0
7811,8.0,5.656854249492381,2.0
7812,5.0,0.0,2.0
7814,4.0,0,1.0
7816,58.0,49.49747468305833,2.0
7817,11.0,0,1.0
7818,6.5,6.363961030678928,2.0
7819,3.0,0,1.0
7820,29.5,4.949747468305833,2.0
7821,20.0,0,1.0
7822,13.5,16.263455967290593,2.0
7823,51.0,28.284271247461902,2.0
7825,3.0,0,1.0
7826,4.5,4.949747468305833,2.0
7827,66.0,0,1.0
7828,2.0,0,1.0
7829,54.0,42.42640687119285,2.0
7831,24.5,3.5355339059327378,2.0
7833,8.0,5.656854249492381,2.0
7834,1.0,0,1.0
7835,13.0,12.727922061357855,2.0
7838,19.0,0,1.0
7840,12.0,0,1.0
7841,73.0,0,1.0
7843,2.0,0,1.0
7844,2.0,0,1.0
7846,28.0,29.698484809834994,2.0
7849,26.5,16.263455967290593,2.0
7850,36.5,47.37615433949868,2.0
7852,4.5,2.1213203435596424,2.0
7853,5.0,5.656854249492381,2.0
7854,23.0,21.213203435596427,2.0
7855,7.0,0.0,2.0
7856,12.0,0,1.0
7857,66.5,43.1335136523794,2.0
7858,28.0,0,1.0
7859,13.5,0.7071067811865476,2.0
7860,28.0,28.284271247461902,2.0
7861,92.0,0,1.0
7862,56.0,19.79898987322333,2.0
7863,2.0,1.4142135623730951,2.0
7864,3.5,3.5355339059327378,2.0
7865,19.0,0,1.0
7868,3.5,3.5355339059327378,2.0
7869,60.0,0,1.0
7870,2.0,0,1.0
7871,1.0,0,1.0
7872,38.0,25.45584412271571,2.0
7874,8.0,8.48528137423857,2.0
7875,7.0,0,1.0
7876,68.0,0,1.0
7877,12.0,11.313708498984761,2.0
7879,10.5,7.7781745930520225,2.0
7880,25.5,6.363961030678928,2.0
7881,7.0,0,1.0
7882,25.0,0,1.0
7884,3.0,0,1.0
7885,27.0,0,1.0
7887,6.0,0,1.0
7888,7.0,0,1.0
7890,2.0,0,1.0
7891,1.0,0,1.0
7892,6.0,0,1.0
7893,83.0,0,1.0
7894,58.0,0,1.0
7895,7.0,0,1.0
7896,62.0,0,1.0
7897,6.0,1.4142135623730951,2.0
7898,33.0,45.254833995939045,2.0
7899,32.0,42.42640687119285,2.0
7901,13.0,0,1.0
7902,1.0,0,1.0
7903,2.0,0,1.0
7904,72.0,0,1.0
7905,3.0,0,1.0
7906,1.0,0,1.0
7907,82.0,0,1.0
7908,3.0,0,1.0
7909,45.0,0,1.0
7910,14.0,18.384776310850235,2.0
7912,37.0,0,1.0
7913,13.5,7.7781745930520225,2.0
7914,29.5,21.920310216782973,2.0
7915,37.0,0,1.0
7917,15.0,0,1.0
7918,22.0,9.899494936611665,2.0
7920,20.0,0,1.0
7921,2.0,0,1.0
7923,6.0,0,1.0
7924,19.0,0,1.0
7926,70.0,32.526911934581186,2.0
7927,19.0,24.041630560342615,2.0
7929,48.0,31.11269837220809,2.0
7930,5.0,0,1.0
7932,43.0,0,1.0
7933,27.0,0,1.0
7934,8.0,0,1.0
7936,12.0,0,1.0
7937,88.0,0,1.0
7938,77.0,0,1.0
7940,60.0,0,1.0
7941,36.5,9.192388155425117,2.0
7944,69.0,0,1.0
7945,23.0,31.11269837220809,2.0
7946,42.5,55.86143571373726,2.0
7949,4.0,0,1.0
7950,54.0,0,1.0
7951,1.0,0,1.0
7952,73.0,0,1.0
7953,75.0,0,1.0
7957,8.0,0,1.0
7958,1.0,0,1.0
7959,61.0,0,1.0
7960,3.0,0,1.0
7961,32.5,43.1335136523794,2.0
7963,2.0,0,1.0
7965,2.0,1.4142135623730951,2.0
7966,32.0,0,1.0
7967,38.0,11.313708498984761,2.0
7968,1.0,0,1.0
7969,32.0,0,1.0
7970,91.0,0,1.0
7972,3.0,0,1.0
7973,8.5,2.1213203435596424,2.0
7974,31.0,19.79898987322333,2.0
7975,7.5,4.949747468305833,2.0
7977,58.5,2.1213203435596424,2.0
7978,29.0,0,1.0
7979,36.0,0,1.0
7980,32.0,39.59797974644666,2.0
7982,16.0,0,1.0
7983,3.5,0.7071067811865476,2.0
7984,1.0,0,1.0
7985,53.0,0,1.0
7986,6.0,0,1.0
7987,10.0,0,1.0
7988,25.0,32.526911934581186,2.0
7989,4.0,0,1.0
7990,34.0,0,1.0
7991,21.0,0,1.0
7992,9.0,0,1.0
7993,2.0,0,1.0
7994,1.0,0,1.0
7995,92.0,0,1.0
7997,35.0,0,1.0
7998,29.0,0,1.0
7999,20.0,0,1.0
8001,13.0,16.97056274847714,2.0
8002,44.5,57.27564927611035,2.0
8003,20.5,17.67766952966369,2.0
8006,40.0,50.91168824543142,2.0
8007,47.0,0,1.0
8008,4.0,0,1.0
8009,47.0,0,1.0
8010,29.5,36.062445840513924,2.0
8011,36.0,0,1.0
8012,27.5,4.949747468305833,2.0
8013,12.0,0,1.0
8014,49.5,62.932503525602726,2.0
8015,6.5,3.5355339059327378,2.0
8016,14.0,0,1.0
8017,26.0,29.698484809834994,2.0
8018,38.0,49.49747468305833,2.0
8019,7.0,0,1.0
8020,30.0,36.76955262170047,2.0
8021,25.5,26.16295090390226,2.0
8022,1.0,0,1.0
8023,4.0,0.0,2.0
8024,4.5,2.1213203435596424,2.0
8025,34.0,28.284271247461902,2.0
8026,50.0,0,1.0
8027,18.0,22.627416997969522,2.0
8028,31.5,36.062445840513924,2.0
8029,58.0,0,1.0
8030,10.0,11.313708498984761,2.0
8031,21.0,0,1.0
8032,32.0,41.012193308819754,2.0
8033,17.5,21.920310216782973,2.0
8034,4.0,1.4142135623730951,2.0
8035,2.0,0,1.0
8036,37.0,8.48528137423857,2.0
8037,4.0,0,1.0
8039,57.0,0,1.0
8040,23.0,0,1.0
8041,22.0,5.656854249492381,2.0
8042,56.0,0,1.0
8043,52.0,0,1.0
8044,20.5,4.949747468305833,2.0
8046,30.0,33.94112549695428,2.0
8047,1.0,0,1.0
8049,73.0,0,1.0
8050,53.0,0,1.0
8051,79.0,0,1.0
8053,7.5,3.5355339059327378,2.0
8054,29.0,0,1.0
8055,48.0,62.22539674441618,2.0
8056,54.0,0,1.0
8058,34.0,38.18376618407357,2.0
8059,20.0,22.627416997969522,2.0
8060,23.5,30.405591591021544,2.0
8062,15.5,13.435028842544403,2.0
8063,3.5,3.5355339059327378,2.0
8064,3.0,0,1.0
8065,37.0,0,1.0
8066,16.0,8.48528137423857,2.0
8067,2.5,2.1213203435596424,2.0
8068,8.0,0,1.0
8069,10.5,2.1213203435596424,2.0
8070,62.0,0,1.0
8071,33.0,0,1.0
8072,3.5,0.7071067811865476,2.0
8073,7.0,4.242640687119285,2.0
8074,19.0,16.97056274847714,2.0
8076,28.0,0,1.0
8077,18.0,0,1.0
8078,28.0,31.11269837220809,2.0
8079,5.0,5.656854249492381,2.0
8080,9.5,12.020815280171307,2.0
8081,4.0,0,1.0
8082,19.0,16.97056274847714,2.0
8083,25.5,31.81980515339464,2.0
8084,2.5,2.1213203435596424,2.0
8085,15.0,0,1.0
8086,23.5,6.363961030678928,2.0
8087,8.0,4.242640687119285,2.0
8088,5.0,0,1.0
8089,22.0,0,1.0
8090,21.0,0,1.0
8091,18.0,0,1.0
8094,19.0,25.45584412271571,2.0
8096,5.5,2.1213203435596424,2.0
8097,1.0,0,1.0
8098,38.5,48.79036790187178,2.0
8099,5.0,4.242640687119285,2.0
8100,4.0,0,1.0
8101,17.0,9.899494936611665,2.0
8102,4.5,4.949747468305833,2.0
8103,4.0,0,1.0
8104,8.0,0,1.0
8105,1.0,0,1.0
8106,62.5,9.192388155425117,2.0
8107,1.0,0,1.0
8108,13.0,0,1.0
8109,30.0,41.012193308819754,2.0
8110,35.0,45.254833995939045,2.0
8113,29.0,0,1.0
8115,13.5,12.020815280171307,2.0
8116,30.0,0,1.0
8117,55.0,0,1.0
8118,41.0,55.154328932550705,2.0
8119,12.0,9.899494936611665,2.0
8120,1.0,0,1.0
8121,5.0,0,1.0
8122,35.5,28.991378028648448,2.0
8123,2.5,2.1213203435596424,2.0
8124,57.0,0,1.0
8126,17.0,0,1.0
8128,10.0,0,1.0
8129,22.5,30.405591591021544,2.0
8130,28.0,0,1.0
8131,38.0,0,1.0
8134,16.0,21.213203435596427,2.0
8136,32.5,13.435028842544403,2.0
8137,58.0,0,1.0
8138,22.5,24.748737341529164,2.0
8141,27.5,4.949747468305833,2.0
8143,9.0,0,1.0
8144,29.0,36.76955262170047,2.0
8145,53.0,0,1.0
8146,39.0,0,1.0
8147,78.0,0,1.0
8148,18.0,0,1.0
8149,7.0,0,1.0
8150,12.0,0,1.0
8151,91.0,0,1.0
8153,5.0,0,1.0
8154,62.0,0,1.0
8155,81.0,0,1.0
8156,20.0,0,1.0
8157,41.0,0,1.0
8159,19.5,2.1213203435596424,2.0
8160,20.0,0,1.0
8161,16.5,9.192388155425117,2.0
8162,23.0,1.4142135623730951,2.0
8163,80.0,0,1.0
8164,26.0,0,1.0
8166,27.5,12.020815280171307,2.0
8167,11.0,0,1.0
8168,24.0,0,1.0
8169,26.0,0,1.0
8170,6.0,0,1.0
8172,46.0,0,1.0
8173,2.0,0,1.0
8174,4.0,0,1.0
8175,16.5,17.67766952966369,2.0
8178,6.0,7.0710678118654755,2.0
8179,29.0,0,1.0
8180,13.0,0,1.0
8181,5.0,0,1.0
8182,1.0,0,1.0
8184,27.0,0,1.0
8187,31.0,0,1.0
8190,4.0,0,1.0
8191,10.5,12.020815280171307,2.0
8192,34.0,12.727922061357855,2.0
8193,11.0,0,1.0
8194,17.0,0,1.0
8195,20.5,27.577164466275352,2.0
8196,9.0,0,1.0
8197,32.0,0,1.0
8198,36.0,0,1.0
8199,13.0,0,1.0
8200,11.0,0,1.0
8201,6.0,0,1.0
8202,11.0,0,1.0
8203,27.5,28.991378028648448,2.0
8204,48.0,0,1.0
8208,13.0,0,1.0
8211,74.0,4.242640687119285,2.0
8212,30.0,0,1.0
8214,13.0,0,1.0
8216,18.0,0,1.0
8217,42.0,36.76955262170047,2.0
8220,1.5,0.7071067811865476,2.0
8221,16.5,14.849242404917497,2.0
8223,12.0,7.0710678118654755,2.0
8224,7.0,8.48528137423857,2.0
8226,6.0,0,1.0
8227,5.0,5.656854249492381,2.0
8228,18.0,0,1.0
8229,11.0,0,1.0
8231,48.5,13.435028842544403,2.0
8232,5.0,0,1.0
8234,11.0,0,1.0
8235,2.0,0,1.0
8236,25.0,22.627416997969522,2.0
8237,22.0,0,1.0
8238,12.5,16.263455967290593,2.0
8240,9.0,2.8284271247461903,2.0
8241,16.0,0,1.0
8242,47.0,0,1.0
8244,27.0,31.11269837220809,2.0
8245,4.0,1.4142135623730951,2.0
8246,48.5,10.606601717798213,2.0
8247,6.5,7.7781745930520225,2.0
8248,15.5,10.606601717798213,2.0
8249,41.0,0,1.0
8250,85.0,0,1.0
8252,35.0,0,1.0
8253,29.5,3.5355339059327378,2.0
8254,15.0,12.727922061357855,2.0
8255,7.5,6.363961030678928,2.0
8256,27.5,23.33452377915607,2.0
8257,10.0,0,1.0
8258,34.0,28.284271247461902,2.0
8259,7.0,0,1.0
8260,53.0,0,1.0
8261,35.0,48.08326112068523,2.0
8262,8.0,0,1.0
8263,2.0,1.4142135623730951,2.0
8264,31.0,0,1.0
8265,13.5,4.949747468305833,2.0
8266,3.0,0,1.0
8267,61.0,0,1.0
8268,40.5,51.61879502661797,2.0
8270,27.0,0,1.0
8271,30.5,6.363961030678928,2.0
8272,18.5,19.091883092036785,2.0
8273,49.0,66.46803743153546,2.0
8274,26.0,0,1.0
8275,34.0,0,1.0
8276,29.0,0,1.0
8278,1.0,0,1.0
8279,5.0,0,1.0
8280,28.0,0,1.0
8281,34.0,42.42640687119285,2.0
8283,12.0,14.142135623730951,2.0
8284,16.0,19.79898987322333,2.0
8285,22.5,27.577164466275352,2.0
8287,16.5,17.67766952966369,2.0
8288,74.0,0,1.0
8289,34.0,39.59797974644666,2.0
8291,28.0,0,1.0
8292,18.5,17.67766952966369,2.0
8293,31.5,38.890872965260115,2.0
8294,3.0,0,1.0
8295,3.0,0,1.0
8296,42.0,0,1.0
8297,47.0,0,1.0
8298,24.0,4.242640687119285,2.0
8299,69.0,0,1.0
8300,8.0,0,1.0
8301,14.0,0,1.0
8302,51.0,0,1.0
8303,31.5,24.748737341529164,2.0
8304,23.0,0,1.0
8305,28.0,15.556349186104045,2.0
8306,5.5,0.7071067811865476,2.0
8307,16.0,11.313708498984761,2.0
8308,2.5,0.7071067811865476,2.0
8309,9.0,0,1.0
8310,60.0,0,1.0
8311,32.0,38.18376618407357,2.0
8312,7.0,0,1.0
8313,31.5,23.33452377915607,2.0
8314,3.5,0.7071067811865476,2.0
8315,33.0,0,1.0
8316,5.5,4.949747468305833,2.0
8317,4.5,2.1213203435596424,2.0
8318,5.0,0,1.0
8319,11.0,0,1.0
8320,3.0,2.8284271247461903,2.0
8321,5.0,0,1.0
8322,7.5,4.949747468305833,2.0
8323,12.0,7.0710678118654755,2.0
8324,3.0,0,1.0
8325,6.0,0,1.0
8326,9.5,4.949747468305833,2.0
8327,6.0,7.0710678118654755,2.0
8328,40.0,0,1.0
8329,24.0,9.899494936611665,2.0
8330,13.0,0,1.0
8331,4.5,4.949747468305833,2.0
8332,5.0,0,1.0
8333,17.5,14.849242404917497,2.0
8334,37.0,0,1.0
8335,7.0,0,1.0
8336,4.0,2.8284271247461903,2.0
8337,57.0,0,1.0
8339,1.0,0,1.0
8340,3.0,0,1.0
8342,89.0,0,1.0
8343,31.0,33.94112549695428,2.0
8344,22.5,20.506096654409877,2.0
8345,11.0,0,1.0
8346,22.5,12.020815280171307,2.0
8347,10.0,0,1.0
8348,14.0,0,1.0
8349,21.5,26.16295090390226,2.0
8350,17.5,21.920310216782973,2.0
8351,69.5,0.7071067811865476,2.0
8352,13.0,0,1.0
8354,34.0,0,1.0
8355,37.0,43.840620433565945,2.0
8356,32.0,42.42640687119285,2.0
8358,27.5,4.949747468305833,2.0
8359,41.0,0,1.0
8360,13.0,0,1.0
8361,41.5,33.23401871576773,2.0
8362,2.0,0,1.0
8363,90.0,0,1.0
8364,25.0,0,1.0
8365,8.5,0.7071067811865476,2.0
8366,16.0,0,1.0
8367,40.0,18.384776310850235,2.0
8368,35.0,12.727922061357855,2.0
8369,13.0,0,1.0
8370,34.5,23.33452377915607,2.0
8371,18.0,0,1.0
8372,7.0,0,1.0
8373,97.0,0,1.0
8374,92.0,0,1.0
8375,72.0,0,1.0
8377,39.0,0,1.0
8379,36.0,0,1.0
8380,47.0,0,1.0
8381,28.0,19.79898987322333,2.0
8383,2.5,0.7071067811865476,2.0
8384,36.0,0,1.0
8385,97.0,0,1.0
8386,23.0,0,1.0
8387,92.0,0,1.0
8391,19.0,0,1.0
8392,10.0,0,1.0
8393,5.0,0,1.0
8395,34.0,0,1.0
8396,9.0,11.313708498984761,2.0
8399,19.0,18.384776310850235,2.0
8401,19.0,0,1.0
8402,3.5,3.5355339059327378,2.0
8403,2.0,0,1.0
8404,13.0,12.727922061357855,2.0
8405,20.0,26.870057685088806,2.0
8407,34.0,0,1.0
8410,4.0,0,1.0
8411,22.0,0,1.0
8413,18.0,0,1.0
8414,27.0,35.35533905932738,2.0
8415,32.0,0,1.0
8416,31.0,0,1.0
8418,52.5,28.991378028648448,2.0
8419,37.0,0.0,2.0
8420,7.5,2.1213203435596424,2.0
8421,10.0,0,1.0
8422,47.0,0,1.0
8423,10.0,0,1.0
8424,6.0,0,1.0
8425,24.5,12.020815280171307,2.0
8426,10.0,0,1.0
8428,2.0,0,1.0
8429,26.0,0,1.0
8430,30.5,17.67766952966369,2.0
8432,3.0,0,1.0
8433,30.0,0,1.0
8434,18.0,0,1.0
8436,41.5,53.033008588991066,2.0
8437,3.0,0,1.0
8438,1.0,0,1.0
8439,31.0,0,1.0
8442,20.0,0,1.0
8445,7.0,0,1.0
8446,68.0,0,1.0
8451,22.0,0,1.0
8452,1.0,0,1.0
8453,25.5,28.991378028648448,2.0
8455,20.0,0,1.0
8459,22.0,19.79898987322333,2.0
8461,7.0,0,1.0
8462,31.0,16.97056274847714,2.0
8463,21.0,0,1.0
8464,2.0,0,1.0
8466,9.0,5.656854249492381,2.0
8467,16.5,20.506096654409877,2.0
8468,9.0,0,1.0
8470,36.0,0,1.0
8471,12.0,0,1.0
8472,3.0,0.0,2.0
8474,11.0,0,1.0
8475,24.5,12.020815280171307,2.0
8476,1.0,0,1.0
8477,22.5,12.020815280171307,2.0
8479,3.5,3.5355339059327378,2.0
8480,42.5,26.16295090390226,2.0
8481,40.5,34.64823227814083,2.0
8482,38.5,44.54772721475249,2.0
8483,16.0,0,1.0
8484,61.5,26.16295090390226,2.0
8485,2.5,2.1213203435596424,2.0
8486,23.0,12.727922061357855,2.0
8487,11.5,7.7781745930520225,2.0
8488,17.0,0,1.0
8489,2.0,0,1.0
8491,33.5,17.67766952966369,2.0
8492,11.0,1.4142135623730951,2.0
8494,12.5,3.5355339059327378,2.0
8496,19.0,0,1.0
8497,11.0,0,1.0
8498,1.0,0,1.0
8499,77.0,0,1.0
8501,10.0,0,1.0
8502,71.0,0,1.0
8503,54.0,0,1.0
8504,29.0,0,1.0
8505,11.0,0,1.0
8506,5.0,0,1.0
8507,7.5,6.363961030678928,2.0
8509,14.0,0,1.0
8510,1.0,0,1.0
8513,48.5,37.476659402887016,2.0
8516,100.0,0,1.0
8517,58.0,0,1.0
8518,4.0,0,1.0
8519,23.0,0,1.0
8521,3.0,0,1.0
8524,63.0,0,1.0
8525,26.5,36.062445840513924,2.0
8526,22.0,0,1.0
8527,80.0,0,1.0
8528,4.0,2.8284271247461903,2.0
8530,16.0,0,1.0
8532,19.0,5.656854249492381,2.0
8533,24.0,0,1.0
8534,2.0,0,1.0
8535,11.5,12.020815280171307,2.0
8536,6.0,0,1.0
8538,88.0,0,1.0
8541,4.0,0,1.0
8544,10.0,0,1.0
8545,3.0,0,1.0
8546,80.0,0,1.0
8547,24.0,0,1.0
8551,7.0,0,1.0
8552,2.0,0,1.0
8553,35.0,0,1.0
8554,29.0,0,1.0
8555,7.0,0,1.0
8556,3.0,0,1.0
8557,54.0,0,1.0
8558,1.0,0,1.0
8559,7.0,0,1.0
8561,54.0,0,1.0
8563,9.0,0,1.0
8564,33.0,0,1.0
8565,85.0,0,1.0
8567,3.0,0,1.0
8568,95.0,0,1.0
8569,53.0,0,1.0
8570,42.0,0,1.0
8571,6.5,7.7781745930520225,2.0
8572,56.0,0,1.0
8573,38.0,0,1.0
8574,16.0,0,1.0
8575,35.5,48.79036790187178,2.0
8577,23.0,0,1.0
8578,10.0,0,1.0
8580,22.0,29.698484809834994,2.0
8581,25.0,0,1.0
8582,15.5,17.67766952966369,2.0
8583,16.0,0,1.0
8584,13.0,0,1.0
8586,4.0,0,1.0
8587,6.5,7.7781745930520225,2.0
8589,1.0,0,1.0
8591,14.5,16.263455967290593,2.0
8592,3.0,0,1.0
8593,1.0,0,1.0
8594,76.0,0,1.0
8596,9.0,0,1.0
8597,11.5,13.435028842544403,2.0
8598,50.0,0,1.0
8599,1.0,0,1.0
8601,42.0,0,1.0
8602,40.0,0,1.0
8603,1.0,0,1.0
8604,73.0,0,1.0
8605,15.0,0,1.0
8606,8.0,0,1.0
8607,2.0,0,1.0
8609,2.5,2.1213203435596424,2.0
8610,11.0,0,1.0
8611,5.0,0,1.0
8612,7.0,0,1.0
8613,18.0,0,1.0
8614,7.0,0,1.0
8615,1.0,0,1.0
8616,3.0,0,1.0
8617,10.5,6.363961030678928,2.0
8619,11.0,0,1.0
8621,3.0,1.4142135623730951,2.0
8622,3.0,0,1.0
8623,3.0,0,1.0
8625,20.0,0,1.0
8626,1.0,0,1.0
8627,33.0,0,1.0
8631,5.0,0,1.0
8632,4.0,0,1.0
8637,5.0,0,1.0
8639,38.0,0,1.0
8641,36.0,0,1.0
8646,10.0,0,1.0
8647,76.5,20.506096654409877,2.0
8649,6.0,0,1.0
8650,24.5,21.920310216782973,2.0
8651,7.0,0,1.0
8652,28.5,14.849242404917497,2.0
8653,11.0,12.727922061357855,2.0
8654,2.0,1.4142135623730951,2.0
8655,43.0,0,1.0
8656,9.0,0,1.0
8657,10.5,4.949747468305833,2.0
8659,10.0,0,1.0
8660,40.0,0,1.0
8661,2.0,0,1.0
8662,18.0,0,1.0
8663,11.0,0,1.0
8664,4.0,4.242640687119285,2.0
8667,23.0,0,1.0
8669,1.0,0,1.0
8672,27.0,0,1.0
8674,1.0,0,1.0
8676,13.0,0,1.0
8677,9.5,7.7781745930520225,2.0
8678,5.0,0,1.0
8680,13.0,0,1.0
8681,2.0,0,1.0
8683,9.0,0,1.0
8684,1.0,0,1.0
8686,23.0,0,1.0
8688,1.0,0,1.0
8689,1.0,0,1.0
8690,32.0,26.870057685088806,2.0
8691,9.0,0,1.0
8693,2.0,0,1.0
8696,29.0,12.727922061357855,2.0
8700,1.0,0.0,2.0
8701,5.0,0,1.0
8703,37.0,0,1.0
8704,17.0,0,1.0
8705,2.0,0,1.0
8706,16.0,0,1.0
8707,11.5,0.7071067811865476,2.0
8708,1.0,0,1.0
8709,3.0,0,1.0
8710,25.5,6.363961030678928,2.0
8711,72.0,0,1.0
8713,57.0,0,1.0
8714,11.0,12.727922061357855,2.0
8717,33.0,14.142135623730951,2.0
8718,2.0,0,1.0
8719,27.0,0,1.0
8720,1.0,0,1.0
8721,12.0,12.727922061357855,2.0
8722,51.5,58.68986283848344,2.0
8723,6.0,0,1.0
8724,17.0,4.242640687119285,2.0
8726,63.0,24.041630560342615,2.0
8727,32.5,41.71930009000631,2.0
8728,40.0,0,1.0
8729,58.0,53.74011537017761,2.0
8730,51.0,0,1.0
8731,1.0,0,1.0
8732,26.5,24.748737341529164,2.0
8734,27.0,0,1.0
8735,28.0,21.213203435596427,2.0
8736,41.5,27.577164466275352,2.0
8737,31.5,26.16295090390226,2.0
8739,2.0,0,1.0
8740,42.0,24.041630560342615,2.0
8741,18.0,0,1.0
8742,8.0,0,1.0
8743,59.0,0,1.0
8744,1.0,0,1.0
8745,21.0,0,1.0
8746,34.0,0,1.0
8747,58.0,0,1.0
8748,7.0,0,1.0
8749,15.5,2.1213203435596424,2.0
8751,33.5,38.890872965260115,2.0
8752,11.0,0,1.0
8754,99.0,0,1.0
8756,22.0,0,1.0
8757,26.0,0,1.0
8758,69.0,0,1.0
8759,49.0,0,1.0
8762,65.0,0,1.0
8763,45.0,0,1.0
8764,2.0,0,1.0
8768,2.0,0,1.0
8771,3.0,0,1.0
8773,4.0,0,1.0
8774,100.0,0,1.0
8775,24.5,33.23401871576773,2.0
8776,7.0,0,1.0
8778,18.0,0,1.0
8779,1.0,0,1.0
8780,1.0,0,1.0
8781,60.5,6.363961030678928,2.0
8783,51.5,41.71930009000631,2.0
8784,11.0,0,1.0
8786,9.0,0,1.0
8787,4.0,0,1.0
8788,100.0,0,1.0
8789,6.0,0,1.0
8790,29.0,0,1.0
8791,2.0,0,1.0
8792,8.0,0,1.0
8793,77.0,0,1.0
8794,19.0,0,1.0
8798,37.0,31.11269837220809,2.0
8801,85.0,0,1.0
8802,86.0,0,1.0
8803,5.0,0,1.0
8805,5.0,0,1.0
8806,36.0,0,1.0
8811,37.0,0,1.0
8812,14.0,0,1.0
8813,53.0,0,1.0
8814,77.0,0,1.0
8815,6.0,0,1.0
8816,1.0,0,1.0
8817,74.0,0,1.0
8818,11.0,0,1.0
8819,22.0,0,1.0
8820,63.0,0,1.0
8821,10.0,0,1.0
8822,72.0,0,1.0
8824,7.0,4.242640687119285,2.0
8826,40.0,48.08326112068523,2.0
8827,8.5,10.606601717798213,2.0
8830,22.0,0,1.0
8831,2.0,0,1.0
8832,63.0,0,1.0
8833,66.0,0,1.0
8834,18.0,0,1.0
8836,11.0,0.0,2.0
8837,20.0,0,1.0
8839,11.0,0,1.0
8840,11.0,1.4142135623730951,2.0
8841,59.5,16.263455967290593,2.0
8842,1.0,0,1.0
8846,17.0,0,1.0
8847,82.0,0,1.0
8848,34.0,0,1.0
8849,8.0,0,1.0
8850,1.0,0,1.0
8851,2.0,0,1.0
8852,50.0,0,1.0
8853,50.0,0,1.0
8854,46.0,0,1.0
8855,19.0,0,1.0
8857,100.0,0,1.0
8858,8.0,0,1.0
8859,9.0,0,1.0
8860,2.5,0.7071067811865476,2.0
8861,39.0,0,1.0
8863,33.5,45.96194077712559,2.0
8864,7.0,0,1.0
8865,58.0,0,1.0
8866,18.0,0,1.0
8867,16.0,0,1.0
8869,12.5,3.5355339059327378,2.0
8870,71.5,37.476659402887016,2.0
8871,1.0,0,1.0
8872,68.5,7.7781745930520225,2.0
8873,43.5,53.033008588991066,2.0
8874,4.0,1.4142135623730951,2.0
8877,30.0,0,1.0
8878,5.0,0,1.0
405,0,0,0
410,0,0,0
433,0,0,0
436,0,0,0
437,0,0,0
468,0,0,0
478,0,0,0
509,0,0,0
516,0,0,0
656,0,0,0
666,0,0,0
672,0,0,0
736,0,0,0
757,0,0,0
769,0,0,0
792,0,0,0
799,0,0,0
803,0,0,0
805,0,0,0
819,0,0,0
821,0,0,0
826,0,0,0
827,0,0,0
831,0,0,0
833,0,0,0
834,0,0,0
837,0,0,0
858,0,0,0
862,0,0,0
882,0,0,0
890,0,0,0
893,0,0,0
900,0,0,0
902,0,0,0
904,0,0,0
909,0,0,0
913,0,0,0
923,0,0,0
925,0,0,0
928,0,0,0
930,0,0,0
934,0,0,0
938,0,0,0
947,0,0,0
951,0,0,0
952,0,0,0
960,0,0,0
964,0,0,0
967,0,0,0
968,0,0,0
970,0,0,0
971,0,0,0
975,0,0,0
983,0,0,0
985,0,0,0
990,0,0,0
991,0,0,0
995,0,0,0
996,0,0,0
997,0,0,0
998,0,0,0
999,0,0,0
1006,0,0,0
1009,0,0,0
1027,0,0,0
1029,0,0,0
1035,0,0,0
1036,0,0,0
1039,0,0,0
1046,0,0,0
1053,0,0,0
1061,0,0,0
1062,0,0,0
1063,0,0,0
1064,0,0,0
1068,0,0,0
1082,0,0,0
1083,0,0,0
1085,0,0,0
1094,0,0,0
1111,0,0,0
1113,0,0,0
1123,0,0,0
1125,0,0,0
1129,0,0,0
1134,0,0,0
1143,0,0,0
1146,0,0,0
1149,0,0,0
1153,0,0,0
1161,0,0,0
1163,0,0,0
1164,0,0,0
1166,0,0,0
1171,0,0,0
1173,0,0,0
1177,0,0,0
1181,0,0,0
1183,0,0,0
1202,0,0,0
1210,0,0,0
1211,0,0,0
1217,0,0,0
1221,0,0,0
1239,0,0,0
1250,0,0,0
1259,0,0,0
1264,0,0,0
1265,0,0,0
1271,0,0,0
1275,0,0,0
1279,0,0,0
1296,0,0,0
1303,0,0,0
1304,0,0,0
1309,0,0,0
1310,0,0,0
1312,0,0,0
1313,0,0,0
1314,0,0,0
1315,0,0,0
1324,0,0,0
1327,0,0,0
1331,0,0,0
1334,0,0,0
1337,0,0,0
1349,0,0,0
1351,0,0,0
1361,0,0,0
1362,0,0,0
1363,0,0,0
1366,0,0,0
1367,0,0,0
1368,0,0,0
1370,0,0,0
1376,0,0,0
1379,0,0,0
1384,0,0,0
1389,0,0,0
1394,0,0,0
1396,0,0,0
1398,0,0,0
1408,0,0,0
1409,0,0,0
1410,0,0,0
1413,0,0,0
1414,0,0,0
1415,0,0,0
1416,0,0,0
1417,0,0,0
1418,0,0,0
1419,0,0,0
1422,0,0,0
1424,0,0,0
1425,0,0,0
1429,0,0,0
1431,0,0,0
1434,0,0,0
1446,0,0,0
1450,0,0,0
1451,0,0,0
1456,0,0,0
1459,0,0,0
1465,0,0,0
1495,0,0,0
1500,0,0,0
1515,0,0,0
1518,0,0,0
1521,0,0,0
1535,0,0,0
1537,0,0,0
1538,0,0,0
1558,0,0,0
1560,0,0,0
1561,0,0,0
1570,0,0,0
1574,0,0,0
1576,0,0,0
1583,0,0,0
1597,0,0,0
1604,0,0,0
1609,0,0,0
1613,0,0,0
1617,0,0,0
1625,0,0,0
1628,0,0,0
1631,0,0,0
1632,0,0,0
1634,0,0,0
1635,0,0,0
1640,0,0,0
1652,0,0,0
1662,0,0,0
1668,0,0,0
1669,0,0,0
1670,0,0,0
1682,0,0,0
1683,0,0,0
1684,0,0,0
1685,0,0,0
1690,0,0,0
1695,0,0,0
1699,0,0,0
1702,0,0,0
1707,0,0,0
1725,0,0,0
1734,0,0,0
1737,0,0,0
1739,0,0,0
1741,0,0,0
1742,0,0,0
1745,0,0,0
1748,0,0,0
1755,0,0,0
1759,0,0,0
1761,0,0,0
1762,0,0,0
1766,0,0,0
1769,0,0,0
1771,0,0,0
1782,0,0,0
1789,0,0,0
1807,0,0,0
1809,0,0,0
1814,0,0,0
1816,0,0,0
1825,0,0,0
1826,0,0,0
1829,0,0,0
1830,0,0,0
1837,0,0,0
1840,0,0,0
1848,0,0,0
1849,0,0,0
1851,0,0,0
1856,0,0,0
1862,0,0,0
1864,0,0,0
1868,0,0,0
1873,0,0,0
1884,0,0,0
1886,0,0,0
1889,0,0,0
1896,0,0,0
1900,0,0,0
1907,0,0,0
1909,0,0,0
1914,0,0,0
1916,0,0,0
1922,0,0,0
1948,0,0,0
1951,0,0,0
1952,0,0,0
1955,0,0,0
1959,0,0,0
1960,0,0,0
1962,0,0,0
1966,0,0,0
1967,0,0,0
1970,0,0,0
1976,0,0,0
1978,0,0,0
1980,0,0,0
1990,0,0,0
1995,0,0,0
1996,0,0,0
2000,0,0,0
2001,0,0,0
2003,0,0,0
2004,0,0,0
2007,0,0,0
2008,0,0,0
2015,0,0,0
2016,0,0,0
2017,0,0,0
2022,0,0,0
2024,0,0,0
2031,0,0,0
2032,0,0,0
2034,0,0,0
2035,0,0,0
2040,0,0,0
2044,0,0,0
2045,0,0,0
2048,0,0,0
2052,0,0,0
2053,0,0,0
2061,0,0,0
2070,0,0,0
2073,0,0,0
2080,0,0,0
2086,0,0,0
2087,0,0,0
2090,0,0,0
2095,0,0,0
2106,0,0,0
2107,0,0,0
2116,0,0,0
2119,0,0,0
2122,0,0,0
2127,0,0,0
2131,0,0,0
2132,0,0,0
2136,0,0,0
2138,0,0,0
2144,0,0,0
2147,0,0,0
2148,0,0,0
2162,0,0,0
2163,0,0,0
2172,0,0,0
2174,0,0,0
2177,0,0,0
2178,0,0,0
2184,0,0,0
2193,0,0,0
2201,0,0,0
2203,0,0,0
2205,0,0,0
2206,0,0,0
2218,0,0,0
2219,0,0,0
2228,0,0,0
2237,0,0,0
2256,0,0,0
2258,0,0,0
2259,0,0,0
2261,0,0,0
2265,0,0,0
2271,0,0,0
2273,0,0,0
2277,0,0,0
2279,0,0,0
2283,0,0,0
2285,0,0,0
2288,0,0,0
2293,0,0,0
2302,0,0,0
2304,0,0,0
2306,0,0,0
2312,0,0,0
2316,0,0,0
2317,0,0,0
2320,0,0,0
2323,0,0,0
2326,0,0,0
2329,0,0,0
2334,0,0,0
2337,0,0,0
2352,0,0,0
2357,0,0,0
2369,0,0,0
2386,0,0,0
2390,0,0,0
2391,0,0,0
2395,0,0,0
2396,0,0,0
2397,0,0,0
2410,0,0,0
2415,0,0,0
2425,0,0,0
2427,0,0,0
2434,0,0,0
2442,0,0,0
2446,0,0,0
2450,0,0,0
2454,0,0,0
2457,0,0,0
2475,0,0,0
2477,0,0,0
2480,0,0,0
2486,0,0,0
2491,0,0,0
2495,0,0,0
2496,0,0,0
2498,0,0,0
2503,0,0,0
2505,0,0,0
2506,0,0,0
2507,0,0,0
2508,0,0,0
2509,0,0,0
2511,0,0,0
2518,0,0,0
2530,0,0,0
2540,0,0,0
2546,0,0,0
2547,0,0,0
2548,0,0,0
2550,0,0,0
2551,0,0,0
2552,0,0,0
2556,0,0,0
2566,0,0,0
2571,0,0,0
2581,0,0,0
2586,0,0,0
2587,0,0,0
2610,0,0,0
2614,0,0,0
2629,0,0,0
2633,0,0,0
2638,0,0,0
2642,0,0,0
2655,0,0,0
2661,0,0,0
2662,0,0,0
2663,0,0,0
2664,0,0,0
2665,0,0,0
2668,0,0,0
2673,0,0,0
2675,0,0,0
2681,0,0,0
2687,0,0,0
2691,0,0,0
2700,0,0,0
2724,0,0,0
2725,0,0,0
2733,0,0,0
2735,0,0,0
2740,0,0,0
2741,0,0,0
2742,0,0,0
2754,0,0,0
2759,0,0,0
2762,0,0,0
2774,0,0,0
2787,0,0,0
2790,0,0,0
2796,0,0,0
2797,0,0,0
2807,0,0,0
2812,0,0,0
2818,0,0,0
2826,0,0,0
2828,0,0,0
2833,0,0,0
2834,0,0,0
2837,0,0,0
2838,0,0,0
2844,0,0,0
2848,0,0,0
2856,0,0,0
2858,0,0,0
2859,0,0,0
2863,0,0,0
2874,0,0,0
2876,0,0,0
2877,0,0,0
2879,0,0,0
2884,0,0,0
2885,0,0,0
2886,0,0,0
2890,0,0,0
2895,0,0,0
2896,0,0,0
2899,0,0,0
2906,0,0,0
2907,0,0,0
2908,0,0,0
2909,0,0,0
2910,0,0,0
2911,0,0,0
2912,0,0,0
2914,0,0,0
2919,0,0,0
2921,0,0,0
2922,0,0,0
2925,0,0,0
2927,0,0,0
2930,0,0,0
2931,0,0,0
2933,0,0,0
2938,0,0,0
2942,0,0,0
2948,0,0,0
2952,0,0,0
2955,0,0,0
2957,0,0,0
2960,0,0,0
2966,0,0,0
2969,0,0,0
2970,0,0,0
2976,0,0,0
2993,0,0,0
2995,0,0,0
2997,0,0,0
2999,0,0,0
3006,0,0,0
3008,0,0,0
3015,0,0,0
3027,0,0,0
3031,0,0,0
3036,0,0,0
3038,0,0,0
3042,0,0,0
3052,0,0,0
3053,0,0,0
3055,0,0,0
3057,0,0,0
3061,0,0,0
3063,0,0,0
3065,0,0,0
3068,0,0,0
3071,0,0,0
3074,0,0,0
3089,0,0,0
3092,0,0,0
3095,0,0,0
3098,0,0,0
3099,0,0,0
3100,0,0,0
3101,0,0,0
3103,0,0,0
3104,0,0,0
3106,0,0,0
3113,0,0,0
3119,0,0,0
3121,0,0,0
3129,0,0,0
3130,0,0,0
3133,0,0,0
3135,0,0,0
3136,0,0,0
3137,0,0,0
3162,0,0,0
3163,0,0,0
3170,0,0,0
3176,0,0,0
3177,0,0,0
3179,0,0,0
3186,0,0,0
3187,0,0,0
3188,0,0,0
3200,0,0,0
3202,0,0,0
3203,0,0,0
3204,0,0,0
3206,0,0,0
3207,0,0,0
3208,0,0,0
3213,0,0,0
3217,0,0,0
3225,0,0,0
3228,0,0,0
3229,0,0,0
3233,0,0,0
3234,0,0,0
3236,0,0,0
3240,0,0,0
3245,0,0,0
3246,0,0,0
3248,0,0,0
3251,0,0,0
3254,0,0,0
3264,0,0,0
3267,0,0,0
3268,0,0,0
3271,0,0,0
3272,0,0,0
3273,0,0,0
3277,0,0,0
3284,0,0,0
3285,0,0,0
3287,0,0,0
3292,0,0,0
3300,0,0,0
3301,0,0,0
3303,0,0,0
3304,0,0,0
3316,0,0,0
3321,0,0,0
3324,0,0,0
3334,0,0,0
3339,0,0,0
3342,0,0,0
3343,0,0,0
3346,0,0,0
3347,0,0,0
3348,0,0,0
3354,0,0,0
3355,0,0,0
3357,0,0,0
3363,0,0,0
3368,0,0,0
3397,0,0,0
3402,0,0,0
3408,0,0,0
3418,0,0,0
3420,0,0,0
3423,0,0,0
3427,0,0,0
3429,0,0,0
3430,0,0,0
3432,0,0,0
3438,0,0,0
3443,0,0,0
3447,0,0,0
3450,0,0,0
3451,0,0,0
3452,0,0,0
3453,0,0,0
3455,0,0,0
3458,0,0,0
3462,0,0,0
3469,0,0,0
3470,0,0,0
3471,0,0,0
3473,0,0,0
3474,0,0,0
3477,0,0,0
3479,0,0,0
3480,0,0,0
3481,0,0,0
3482,0,0,0
3487,0,0,0
3488,0,0,0
3490,0,0,0
3497,0,0,0
3498,0,0,0
3499,0,0,0
3502,0,0,0
3503,0,0,0
3505,0,0,0
3507,0,0,0
3510,0,0,0
3511,0,0,0
3512,0,0,0
3514,0,0,0
3516,0,0,0
3518,0,0,0
3520,0,0,0
3521,0,0,0
3522,0,0,0
3523,0,0,0
3528,0,0,0
3534,0,0,0
3537,0,0,0
3542,0,0,0
3546,0,0,0
3549,0,0,0
3554,0,0,0
3562,0,0,0
3567,0,0,0
3573,0,0,0
3574,0,0,0
3581,0,0,0
3584,0,0,0
3587,0,0,0
3590,0,0,0
3593,0,0,0
3599,0,0,0
3604,0,0,0
3607,0,0,0
3608,0,0,0
3614,0,0,0
3616,0,0,0
3622,0,0,0
3628,0,0,0
3630,0,0,0
3632,0,0,0
3633,0,0,0
3634,0,0,0
3635,0,0,0
3637,0,0,0
3639,0,0,0
3642,0,0,0
3645,0,0,0
3646,0,0,0
3647,0,0,0
3649,0,0,0
3650,0,0,0
3652,0,0,0
3653,0,0,0
3658,0,0,0
3659,0,0,0
3660,0,0,0
3665,0,0,0
3669,0,0,0
3672,0,0,0
3675,0,0,0
3676,0,0,0
3678,0,0,0
3681,0,0,0
3683,0,0,0
3686,0,0,0
3693,0,0,0
3696,0,0,0
3708,0,0,0
3711,0,0,0
3713,0,0,0
3718,0,0,0
3720,0,0,0
3733,0,0,0
3742,0,0,0
3743,0,0,0
3748,0,0,0
3749,0,0,0
3751,0,0,0
3752,0,0,0
3757,0,0,0
3760,0,0,0
3764,0,0,0
3768,0,0,0
3777,0,0,0
3782,0,0,0
3784,0,0,0
3786,0,0,0
3796,0,0,0
3798,0,0,0
3799,0,0,0
3803,0,0,0
3806,0,0,0
3807,0,0,0
3809,0,0,0
3814,0,0,0
3817,0,0,0
3818,0,0,0
3820,0,0,0
3829,0,0,0
3840,0,0,0
3841,0,0,0
3845,0,0,0
3864,0,0,0
3866,0,0,0
3871,0,0,0
3876,0,0,0
3878,0,0,0
3886,0,0,0
3890,0,0,0
3895,0,0,0
3896,0,0,0
3906,0,0,0
3915,0,0,0
3916,0,0,0
3918,0,0,0
3920,0,0,0
3923,0,0,0
3924,0,0,0
3927,0,0,0
3935,0,0,0
3938,0,0,0
3939,0,0,0
3943,0,0,0
3946,0,0,0
3949,0,0,0
3952,0,0,0
3953,0,0,0
3956,0,0,0
3960,0,0,0
3964,0,0,0
3967,0,0,0
3969,0,0,0
3971,0,0,0
3973,0,0,0
3974,0,0,0
3975,0,0,0
3986,0,0,0
3997,0,0,0
4002,0,0,0
4012,0,0,0
4018,0,0,0
4020,0,0,0
4022,0,0,0
4026,0,0,0
4028,0,0,0
4030,0,0,0
4034,0,0,0
4036,0,0,0
4037,0,0,0
4038,0,0,0
4043,0,0,0
4048,0,0,0
4049,0,0,0
4051,0,0,0
4052,0,0,0
4056,0,0,0
4059,0,0,0
4063,0,0,0
4067,0,0,0
4070,0,0,0
4072,0,0,0
4076,0,0,0
4077,0,0,0
4078,0,0,0
4082,0,0,0
4083,0,0,0
4084,0,0,0
4085,0,0,0
4088,0,0,0
4090,0,0,0
4091,0,0,0
4101,0,0,0
4102,0,0,0
4108,0,0,0
4110,0,0,0
4118,0,0,0
4119,0,0,0
4121,0,0,0
4123,0,0,0
4125,0,0,0
4128,0,0,0
4129,0,0,0
4130,0,0,0
4135,0,0,0
4147,0,0,0
4149,0,0,0
4160,0,0,0
4166,0,0,0
4168,0,0,0
4169,0,0,0
4171,0,0,0
4175,0,0,0
4183,0,0,0
4187,0,0,0
4189,0,0,0
4193,0,0,0
4202,0,0,0
4208,0,0,0
4209,0,0,0
4210,0,0,0
4217,0,0,0
4218,0,0,0
4220,0,0,0
4227,0,0,0
4232,0,0,0
4234,0,0,0
4243,0,0,0
4251,0,0,0
4254,0,0,0
4262,0,0,0
4269,0,0,0
4270,0,0,0
4272,0,0,0
4279,0,0,0
4282,0,0,0
4288,0,0,0
4294,0,0,0
4295,0,0,0
4307,0,0,0
4308,0,0,0
4310,0,0,0
4311,0,0,0
4312,0,0,0
4313,0,0,0
4315,0,0,0
4319,0,0,0
4320,0,0,0
4324,0,0,0
4326,0,0,0
4329,0,0,0
4331,0,0,0
4336,0,0,0
4341,0,0,0
4346,0,0,0
4356,0,0,0
4358,0,0,0
4362,0,0,0
4364,0,0,0
4393,0,0,0
4398,0,0,0
4400,0,0,0
4402,0,0,0
4403,0,0,0
4406,0,0,0
4410,0,0,0
4411,0,0,0
4412,0,0,0
4415,0,0,0
4422,0,0,0
4423,0,0,0
4427,0,0,0
4431,0,0,0
4433,0,0,0
4442,0,0,0
4445,0,0,0
4448,0,0,0
4454,0,0,0
4456,0,0,0
4457,0,0,0
4459,0,0,0
4460,0,0,0
4471,0,0,0
4473,0,0,0
4478,0,0,0
4480,0,0,0
4484,0,0,0
4488,0,0,0
4490,0,0,0
4491,0,0,0
4499,0,0,0
4501,0,0,0
4502,0,0,0
4504,0,0,0
4510,0,0,0
4512,0,0,0
4514,0,0,0
4518,0,0,0
4519,0,0,0
4523,0,0,0
4529,0,0,0
4530,0,0,0
4535,0,0,0
4536,0,0,0
4537,0,0,0
4538,0,0,0
4542,0,0,0
4543,0,0,0
4544,0,0,0
4549,0,0,0
4551,0,0,0
4561,0,0,0
4564,0,0,0
4571,0,0,0
4572,0,0,0
4574,0,0,0
4575,0,0,0
4576,0,0,0
4577,0,0,0
4582,0,0,0
4586,0,0,0
4588,0,0,0
4590,0,0,0
4592,0,0,0
4594,0,0,0
4602,0,0,0
4607,0,0,0
4615,0,0,0
4616,0,0,0
4618,0,0,0
4619,0,0,0
4620,0,0,0
4623,0,0,0
4632,0,0,0
4636,0,0,0
4644,0,0,0
4646,0,0,0
4650,0,0,0
4653,0,0,0
4664,0,0,0
4666,0,0,0
4667,0,0,0
4669,0,0,0
4674,0,0,0
4677,0,0,0
4679,0,0,0
4685,0,0,0
4693,0,0,0
4696,0,0,0
4697,0,0,0
4700,0,0,0
4702,0,0,0
4704,0,0,0
4705,0,0,0
4714,0,0,0
4721,0,0,0
4724,0,0,0
4733,0,0,0
4734,0,0,0
4741,0,0,0
4744,0,0,0
4756,0,0,0
4769,0,0,0
4772,0,0,0
4774,0,0,0
4775,0,0,0
4779,0,0,0
4780,0,0,0
4791,0,0,0
4794,0,0,0
4800,0,0,0
4801,0,0,0
4803,0,0,0
4806,0,0,0
4811,0,0,0
4812,0,0,0
4814,0,0,0
4817,0,0,0
4820,0,0,0
4821,0,0,0
4824,0,0,0
4837,0,0,0
4841,0,0,0
4848,0,0,0
4850,0,0,0
4852,0,0,0
4854,0,0,0
4856,0,0,0
4860,0,0,0
4863,0,0,0
4870,0,0,0
4871,0,0,0
4872,0,0,0
4877,0,0,0
4878,0,0,0
4879,0,0,0
4880,0,0,0
4883,0,0,0
4887,0,0,0
4889,0,0,0
4894,0,0,0
4899,0,0,0
4902,0,0,0
4905,0,0,0
4907,0,0,0
4909,0,0,0
4912,0,0,0
4916,0,0,0
4917,0,0,0
4921,0,0,0
4924,0,0,0
4926,0,0,0
4927,0,0,0
4934,0,0,0
4937,0,0,0
4938,0,0,0
4942,0,0,0
4944,0,0,0
4945,0,0,0
4948,0,0,0
4949,0,0,0
4951,0,0,0
4955,0,0,0
4957,0,0,0
4961,0,0,0
4965,0,0,0
4967,0,0,0
4969,0,0,0
4970,0,0,0
4971,0,0,0
4972,0,0,0
4973,0,0,0
4974,0,0,0
4975,0,0,0
4978,0,0,0
4981,0,0,0
4983,0,0,0
4986,0,0,0
4987,0,0,0
4988,0,0,0
4990,0,0,0
4998,0,0,0
5004,0,0,0
5006,0,0,0
5012,0,0,0
5016,0,0,0
5021,0,0,0
5022,0,0,0
5026,0,0,0
5027,0,0,0
5034,0,0,0
5036,0,0,0
5037,0,0,0
5039,0,0,0
5052,0,0,0
5053,0,0,0
5058,0,0,0
5060,0,0,0
5063,0,0,0
5065,0,0,0
5066,0,0,0
5069,0,0,0
5070,0,0,0
5073,0,0,0
5074,0,0,0
5078,0,0,0
5083,0,0,0
5092,0,0,0
5097,0,0,0
5098,0,0,0
5099,0,0,0
5100,0,0,0
5102,0,0,0
5104,0,0,0
5106,0,0,0
5108,0,0,0
5109,0,0,0
5110,0,0,0
5113,0,0,0
5117,0,0,0
5122,0,0,0
5123,0,0,0
5126,0,0,0
5130,0,0,0
5135,0,0,0
5138,0,0,0
5139,0,0,0
5140,0,0,0
5141,0,0,0
5146,0,0,0
5147,0,0,0
5149,0,0,0
5151,0,0,0
5152,0,0,0
5158,0,0,0
5165,0,0,0
5166,0,0,0
5167,0,0,0
5168,0,0,0
5169,0,0,0
5170,0,0,0
5177,0,0,0
5182,0,0,0
5183,0,0,0
5188,0,0,0
5190,0,0,0
5191,0,0,0
5193,0,0,0
5197,0,0,0
5200,0,0,0
5212,0,0,0
5214,0,0,0
5215,0,0,0
5221,0,0,0
5223,0,0,0
5241,0,0,0
5245,0,0,0
5247,0,0,0
5249,0,0,0
5252,0,0,0
5257,0,0,0
5263,0,0,0
5265,0,0,0
5266,0,0,0
5271,0,0,0
5273,0,0,0
5276,0,0,0
5278,0,0,0
5280,0,0,0
5283,0,0,0
5285,0,0,0
5286,0,0,0
5289,0,0,0
5291,0,0,0
5292,0,0,0
5295,0,0,0
5296,0,0,0
5298,0,0,0
5300,0,0,0
5304,0,0,0
5309,0,0,0
5316,0,0,0
5317,0,0,0
5319,0,0,0
5320,0,0,0
5321,0,0,0
5324,0,0,0
5326,0,0,0
5328,0,0,0
5333,0,0,0
5334,0,0,0
5340,0,0,0
5341,0,0,0
5342,0,0,0
5345,0,0,0
5347,0,0,0
5349,0,0,0
5351,0,0,0
5352,0,0,0
5353,0,0,0
5355,0,0,0
5366,0,0,0
5369,0,0,0
5374,0,0,0
5376,0,0,0
5380,0,0,0
5383,0,0,0
5386,0,0,0
5387,0,0,0
5388,0,0,0
5391,0,0,0
5392,0,0,0
5396,0,0,0
5403,0,0,0
5410,0,0,0
5411,0,0,0
5412,0,0,0
5413,0,0,0
5414,0,0,0
5415,0,0,0
5416,0,0,0
5417,0,0,0
5418,0,0,0
5422,0,0,0
5425,0,0,0
5432,0,0,0
5434,0,0,0
5441,0,0,0
5443,0,0,0
5444,0,0,0
5450,0,0,0
5456,0,0,0
5457,0,0,0
5458,0,0,0
5471,0,0,0
5483,0,0,0
5484,0,0,0
5485,0,0,0
5488,0,0,0
5499,0,0,0
5501,0,0,0
5502,0,0,0
5517,0,0,0
5519,0,0,0
5520,0,0,0
5525,0,0,0
5527,0,0,0
5528,0,0,0
5538,0,0,0
5543,0,0,0
5547,0,0,0
5549,0,0,0
5551,0,0,0
5552,0,0,0
5555,0,0,0
5557,0,0,0
5559,0,0,0
5563,0,0,0
5565,0,0,0
5567,0,0,0
5578,0,0,0
5582,0,0,0
5584,0,0,0
5589,0,0,0
5593,0,0,0
5598,0,0,0
5603,0,0,0
5605,0,0,0
5608,0,0,0
5612,0,0,0
5613,0,0,0
5620,0,0,0
5621,0,0,0
5625,0,0,0
5627,0,0,0
5640,0,0,0
5648,0,0,0
5660,0,0,0
5663,0,0,0
5670,0,0,0
5672,0,0,0
5673,0,0,0
5678,0,0,0
5682,0,0,0
5686,0,0,0
5688,0,0,0
5690,0,0,0
5693,0,0,0
5699,0,0,0
5702,0,0,0
5706,0,0,0
5708,0,0,0
5710,0,0,0
5711,0,0,0
5713,0,0,0
5722,0,0,0
5724,0,0,0
5725,0,0,0
5729,0,0,0
5735,0,0,0
5737,0,0,0
5741,0,0,0
5743,0,0,0
5744,0,0,0
5746,0,0,0
5752,0,0,0
5762,0,0,0
5764,0,0,0
5772,0,0,0
5776,0,0,0
5778,0,0,0
5783,0,0,0
5786,0,0,0
5787,0,0,0
5792,0,0,0
5794,0,0,0
5802,0,0,0
5823,0,0,0
5824,0,0,0
5825,0,0,0
5830,0,0,0
5843,0,0,0
5846,0,0,0
5855,0,0,0
5857,0,0,0
5861,0,0,0
5871,0,0,0
5875,0,0,0
5885,0,0,0
5895,0,0,0
5896,0,0,0
5920,0,0,0
5926,0,0,0
5935,0,0,0
5936,0,0,0
5939,0,0,0
5947,0,0,0
5952,0,0,0
5954,0,0,0
5956,0,0,0
5957,0,0,0
5958,0,0,0
5959,0,0,0
5962,0,0,0
5963,0,0,0
5964,0,0,0
5965,0,0,0
5967,0,0,0
5971,0,0,0
5987,0,0,0
6000,0,0,0
6006,0,0,0
6007,0,0,0
6010,0,0,0
6033,0,0,0
6034,0,0,0
6036,0,0,0
6039,0,0,0
6047,0,0,0
6049,0,0,0
6054,0,0,0
6064,0,0,0
6069,0,0,0
6072,0,0,0
6073,0,0,0
6074,0,0,0
6080,0,0,0
6085,0,0,0
6090,0,0,0
6091,0,0,0
6096,0,0,0
6109,0,0,0
6111,0,0,0
6112,0,0,0
6113,0,0,0
6114,0,0,0
6115,0,0,0
6117,0,0,0
6122,0,0,0
6124,0,0,0
6129,0,0,0
6143,0,0,0
6145,0,0,0
6155,0,0,0
6162,0,0,0
6163,0,0,0
6165,0,0,0
6166,0,0,0
6178,0,0,0
6186,0,0,0
6193,0,0,0
6195,0,0,0
6205,0,0,0
6210,0,0,0
6219,0,0,0
6223,0,0,0
6224,0,0,0
6225,0,0,0
6228,0,0,0
6229,0,0,0
6231,0,0,0
6233,0,0,0
6234,0,0,0
6263,0,0,0
6275,0,0,0
6276,0,0,0
6285,0,0,0
6287,0,0,0
6291,0,0,0
6292,0,0,0
6297,0,0,0
6303,0,0,0
6304,0,0,0
6308,0,0,0
6316,0,0,0
6322,0,0,0
6327,0,0,0
6328,0,0,0
6329,0,0,0
6332,0,0,0
6335,0,0,0
6337,0,0,0
6343,0,0,0
6345,0,0,0
6347,0,0,0
6349,0,0,0
6354,0,0,0
6355,0,0,0
6358,0,0,0
6361,0,0,0
6362,0,0,0
6364,0,0,0
6383,0,0,0
6402,0,0,0
6413,0,0,0
6414,0,0,0
6417,0,0,0
6427,0,0,0
6436,0,0,0
6439,0,0,0
6442,0,0,0
6447,0,0,0
6451,0,0,0
6457,0,0,0
6458,0,0,0
6460,0,0,0
6473,0,0,0
6482,0,0,0
6484,0,0,0
6488,0,0,0
6489,0,0,0
6493,0,0,0
6501,0,0,0
6503,0,0,0
6504,0,0,0
6505,0,0,0
6506,0,0,0
6511,0,0,0
6513,0,0,0
6517,0,0,0
6526,0,0,0
6531,0,0,0
6533,0,0,0
6534,0,0,0
6537,0,0,0
6545,0,0,0
6550,0,0,0
6555,0,0,0
6559,0,0,0
6563,0,0,0
6564,0,0,0
6567,0,0,0
6572,0,0,0
6573,0,0,0
6574,0,0,0
6575,0,0,0
6577,0,0,0
6580,0,0,0
6585,0,0,0
6586,0,0,0
6588,0,0,0
6595,0,0,0
6604,0,0,0
6609,0,0,0
6612,0,0,0
6613,0,0,0
6615,0,0,0
6616,0,0,0
6617,0,0,0
6619,0,0,0
6620,0,0,0
6624,0,0,0
6628,0,0,0
6630,0,0,0
6633,0,0,0
6640,0,0,0
6642,0,0,0
6649,0,0,0
6650,0,0,0
6655,0,0,0
6660,0,0,0
6661,0,0,0
6664,0,0,0
6665,0,0,0
6672,0,0,0
6674,0,0,0
6677,0,0,0
6694,0,0,0
6698,0,0,0
6704,0,0,0
6711,0,0,0
6713,0,0,0
6716,0,0,0
6718,0,0,0
6724,0,0,0
6731,0,0,0
6734,0,0,0
6747,0,0,0
6756,0,0,0
6758,0,0,0
6764,0,0,0
6771,0,0,0
6772,0,0,0
6776,0,0,0
6777,0,0,0
6779,0,0,0
6780,0,0,0
6783,0,0,0
6790,0,0,0
6791,0,0,0
6795,0,0,0
6801,0,0,0
6806,0,0,0
6811,0,0,0
6813,0,0,0
6827,0,0,0
6828,0,0,0
6832,0,0,0
6838,0,0,0
6850,0,0,0
6851,0,0,0
6855,0,0,0
6858,0,0,0
6861,0,0,0
6865,0,0,0
6866,0,0,0
6875,0,0,0
6877,0,0,0
6881,0,0,0
6882,0,0,0
6883,0,0,0
6885,0,0,0
6887,0,0,0
6890,0,0,0
6895,0,0,0
6910,0,0,0
6913,0,0,0
6916,0,0,0
6918,0,0,0
6921,0,0,0
6925,0,0,0
6931,0,0,0
6935,0,0,0
6936,0,0,0
6937,0,0,0
6938,0,0,0
6939,0,0,0
6941,0,0,0
6952,0,0,0
6954,0,0,0
6958,0,0,0
6968,0,0,0
6978,0,0,0
6980,0,0,0
6981,0,0,0
6985,0,0,0
6986,0,0,0
6989,0,0,0
6992,0,0,0
7001,0,0,0
7003,0,0,0
7007,0,0,0
7011,0,0,0
7016,0,0,0
7023,0,0,0
7028,0,0,0
7036,0,0,0
7037,0,0,0
7044,0,0,0
7046,0,0,0
7050,0,0,0
7057,0,0,0
7059,0,0,0
7062,0,0,0
7072,0,0,0
7081,0,0,0
7082,0,0,0
7083,0,0,0
7084,0,0,0
7090,0,0,0
7091,0,0,0
7096,0,0,0
7105,0,0,0
7111,0,0,0
7114,0,0,0
7123,0,0,0
7149,0,0,0
7150,0,0,0
7161,0,0,0
7164,0,0,0
7165,0,0,0
7169,0,0,0
7170,0,0,0
7174,0,0,0
7175,0,0,0
7178,0,0,0
7188,0,0,0
7191,0,0,0
7192,0,0,0
7193,0,0,0
7195,0,0,0
7196,0,0,0
7198,0,0,0
7202,0,0,0
7203,0,0,0
7204,0,0,0
7205,0,0,0
7207,0,0,0
7208,0,0,0
7210,0,0,0
7221,0,0,0
7227,0,0,0
7236,0,0,0
7241,0,0,0
7244,0,0,0
7252,0,0,0
7253,0,0,0
7254,0,0,0
7257,0,0,0
7258,0,0,0
7259,0,0,0
7269,0,0,0
7282,0,0,0
7283,0,0,0
7286,0,0,0
7296,0,0,0
7305,0,0,0
7306,0,0,0
7307,0,0,0
7310,0,0,0
7316,0,0,0
7319,0,0,0
7324,0,0,0
7326,0,0,0
7327,0,0,0
7338,0,0,0
7341,0,0,0
7345,0,0,0
7349,0,0,0
7353,0,0,0
7355,0,0,0
7356,0,0,0
7361,0,0,0
7373,0,0,0
7374,0,0,0
7408,0,0,0
7410,0,0,0
7411,0,0,0
7433,0,0,0
7437,0,0,0
7439,0,0,0
7443,0,0,0
7447,0,0,0
7456,0,0,0
7457,0,0,0
7459,0,0,0
7466,0,0,0
7467,0,0,0
7468,0,0,0
7474,0,0,0
7477,0,0,0
7480,0,0,0
7483,0,0,0
7486,0,0,0
7495,0,0,0
7497,0,0,0
7498,0,0,0
7507,0,0,0
7523,0,0,0
7524,0,0,0
7526,0,0,0
7528,0,0,0
7531,0,0,0
7535,0,0,0
7540,0,0,0
7546,0,0,0
7547,0,0,0
7553,0,0,0
7558,0,0,0
7559,0,0,0
7567,0,0,0
7574,0,0,0
7576,0,0,0
7581,0,0,0
7583,0,0,0
7584,0,0,0
7585,0,0,0
7586,0,0,0
7593,0,0,0
7601,0,0,0
7611,0,0,0
7615,0,0,0
7621,0,0,0
7622,0,0,0
7625,0,0,0
7626,0,0,0
7629,0,0,0
7630,0,0,0
7632,0,0,0
7635,0,0,0
7636,0,0,0
7638,0,0,0
7649,0,0,0
7650,0,0,0
7655,0,0,0
7656,0,0,0
7660,0,0,0
7661,0,0,0
7669,0,0,0
7673,0,0,0
7682,0,0,0
7686,0,0,0
7692,0,0,0
7695,0,0,0
7696,0,0,0
7707,0,0,0
7711,0,0,0
7712,0,0,0
7716,0,0,0
7718,0,0,0
7725,0,0,0
7728,0,0,0
7730,0,0,0
7740,0,0,0
7745,0,0,0
7754,0,0,0
7758,0,0,0
7762,0,0,0
7764,0,0,0
7772,0,0,0
7778,0,0,0
7783,0,0,0
7786,0,0,0
7789,0,0,0
7793,0,0,0
7799,0,0,0
7807,0,0,0
7813,0,0,0
7815,0,0,0
7824,0,0,0
7830,0,0,0
7832,0,0,0
7836,0,0,0
7837,0,0,0
7839,0,0,0
7842,0,0,0
7845,0,0,0
7847,0,0,0
7848,0,0,0
7851,0,0,0
7866,0,0,0
7867,0,0,0
7873,0,0,0
7878,0,0,0
7883,0,0,0
7886,0,0,0
7889,0,0,0
7900,0,0,0
7911,0,0,0
7916,0,0,0
7919,0,0,0
7922,0,0,0
7925,0,0,0
7928,0,0,0
7931,0,0,0
7935,0,0,0
7939,0,0,0
7942,0,0,0
7943,0,0,0
7947,0,0,0
7948,0,0,0
7954,0,0,0
7955,0,0,0
7956,0,0,0
7962,0,0,0
7964,0,0,0
7971,0,0,0
7976,0,0,0
7981,0,0,0
7996,0,0,0
8000,0,0,0
8004,0,0,0
8005,0,0,0
8038,0,0,0
8045,0,0,0
8048,0,0,0
8052,0,0,0
8057,0,0,0
8061,0,0,0
8075,0,0,0
8092,0,0,0
8093,0,0,0
8095,0,0,0
8111,0,0,0
8112,0,0,0
8114,0,0,0
8125,0,0,0
8127,0,0,0
8132,0,0,0
8133,0,0,0
8135,0,0,0
8139,0,0,0
8140,0,0,0
8142,0,0,0
8152,0,0,0
8158,0,0,0
8165,0,0,0
8171,0,0,0
8176,0,0,0
8177,0,0,0
8183,0,0,0
8185,0,0,0
8186,0,0,0
8188,0,0,0
8189,0,0,0
8205,0,0,0
8206,0,0,0
8207,0,0,0
8209,0,0,0
8210,0,0,0
8213,0,0,0
8215,0,0,0
8218,0,0,0
8219,0,0,0
8222,0,0,0
8225,0,0,0
8230,0,0,0
8233,0,0,0
8239,0,0,0
8243,0,0,0
8251,0,0,0
8269,0,0,0
8277,0,0,0
8282,0,0,0
8286,0,0,0
8290,0,0,0
8338,0,0,0
8341,0,0,0
8353,0,0,0
8357,0,0,0
8376,0,0,0
8378,0,0,0
8382,0,0,0
8388,0,0,0
8389,0,0,0
8390,0,0,0
8394,0,0,0
8397,0,0,0
8398,0,0,0
8400,0,0,0
8406,0,0,0
8408,0,0,0
8409,0,0,0
8412,0,0,0
8417,0,0,0
8427,0,0,0
8431,0,0,0
8435,0,0,0
8440,0,0,0
8441,0,0,0
8443,0,0,0
8444,0,0,0
8447,0,0,0
8448,0,0,0
8449,0,0,0
8450,0,0,0
8454,0,0,0
8456,0,0,0
8457,0,0,0
8458,0,0,0
8460,0,0,0
8465,0,0,0
8469,0,0,0
8473,0,0,0
8478,0,0,0
8490,0,0,0
8493,0,0,0
8495,0,0,0
8500,0,0,0
8508,0,0,0
8511,0,0,0
8512,0,0,0
8514,0,0,0
8515,0,0,0
8520,0,0,0
8522,0,0,0
8523,0,0,0
8529,0,0,0
8531,0,0,0
8537,0,0,0
8539,0,0,0
8540,0,0,0
8542,0,0,0
8543,0,0,0
8548,0,0,0
8549,0,0,0
8550,0,0,0
8560,0,0,0
8562,0,0,0
8566,0,0,0
8576,0,0,0
8579,0,0,0
8585,0,0,0
8588,0,0,0
8590,0,0,0
8595,0,0,0
8600,0,0,0
8608,0,0,0
8618,0,0,0
8620,0,0,0
8624,0,0,0
8628,0,0,0
8629,0,0,0
8630,0,0,0
8633,0,0,0
8634,0,0,0
8635,0,0,0
8636,0,0,0
8638,0,0,0
8640,0,0,0
8642,0,0,0
8643,0,0,0
8644,0,0,0
8645,0,0,0
8648,0,0,0
8658,0,0,0
8665,0,0,0
8666,0,0,0
8668,0,0,0
8670,0,0,0
8671,0,0,0
8673,0,0,0
8675,0,0,0
8679,0,0,0
8682,0,0,0
8685,0,0,0
8687,0,0,0
8692,0,0,0
8694,0,0,0
8695,0,0,0
8697,0,0,0
8698,0,0,0
8699,0,0,0
8702,0,0,0
8712,0,0,0
8715,0,0,0
8716,0,0,0
8725,0,0,0
8733,0,0,0
8738,0,0,0
8750,0,0,0
8753,0,0,0
8755,0,0,0
8760,0,0,0
8761,0,0,0
8765,0,0,0
8766,0,0,0
8767,0,0,0
8769,0,0,0
8770,0,0,0
8772,0,0,0
8777,0,0,0
8782,0,0,0
8785,0,0,0
8795,0,0,0
8796,0,0,0
8797,0,0,0
8799,0,0,0
8800,0,0,0
8804,0,0,0
8807,0,0,0
8808,0,0,0
8809,0,0,0
8810,0,0,0
8823,0,0,0
8825,0,0,0
8828,0,0,0
8829,0,0,0
8835,0,0,0
8838,0,0,0
8843,0,0,0
8844,0,0,0
8845,0,0,0
8856,0,0,0
8862,0,0,0
8868,0,0,0
8875,0,0,0
8876,0,0,0
