distance,mean_nonzero,std_nonzero,count_nonzero
0,10.927272727272728,15.075280859229157,220.0
1,12.211822660098521,17.580698117519027,406.0
2,12.558962264150944,18.092782016469975,424.0
3,11.826506024096386,18.03026899637067,415.0
4,11.463700234192038,16.998770140105044,427.0
5,11.701670644391408,16.878804467866523,419.0
6,13.274647887323944,18.36946739099057,426.0
7,12.264631043256998,18.105873326268767,393.0
8,12.353221957040573,17.93620560909063,419.0
9,11.97704081632653,17.10392436141454,392.0
10,12.228643216080402,17.2305593345282,398.0
11,11.831234256926953,17.346563474701657,397.0
12,11.897368421052631,16.31201358667196,380.0
13,12.053299492385786,17.81427228302321,394.0
14,12.394540942928039,17.61658168385869,403.0
15,11.30317848410758,16.944141641018835,409.0
16,12.090909090909092,17.63893730557599,407.0
17,13.497549019607844,19.34289053180407,408.0
18,10.1712158808933,14.895255021307856,403.0
19,11.755784061696659,17.3233201596955,389.0
20,11.849282296650717,17.60582969620631,418.0
21,11.712435233160623,17.438953286151484,386.0
22,10.00263157894737,14.672412086423574,380.0
23,10.24935064935065,15.463335528630154,385.0
24,12.414438502673796,17.614638838945936,374.0
25,11.630653266331658,16.21072708486659,398.0
26,12.648018648018647,17.98375765209738,429.0
27,11.65040650406504,17.526370072896768,369.0
28,11.493946731234868,16.723278559937697,413.0
29,11.913253012048193,17.822587654341888,415.0
30,12.540476190476191,18.837726321053864,420.0
31,11.43046357615894,16.014999855130906,453.0
32,13.293556085918855,18.908928842099407,419.0
33,12.550251256281408,19.357598302149757,398.0
34,13.308612440191387,17.78388709692838,418.0
35,12.248898678414097,17.908577892725642,454.0
36,13.022883295194507,18.01743365523382,437.0
37,12.647679324894515,17.168494822675378,474.0
38,13.211401425178147,18.441295873867492,421.0
39,11.314942528735632,16.16218583177241,435.0
40,11.19910514541387,17.435420859352117,447.0
41,13.863636363636363,18.771362511231295,440.0
42,12.397233201581027,17.254596525000487,506.0
43,13.522916666666667,19.20713093464069,480.0
44,12.055913978494624,17.215329115190002,465.0
45,14.406451612903226,19.842818809004566,465.0
46,12.309338521400779,16.692600593416824,514.0
47,11.880952380952381,17.17679236802164,462.0
48,13.204845814977974,18.31897587553662,454.0
49,14.203821656050955,19.61493314760841,471.0
50,14.471698113207546,20.17157851218836,477.0
51,12.73320895522388,18.3482841327994,536.0
52,14.544117647058824,18.59270222026355,476.0
53,14.667364016736402,19.64091218888392,478.0
54,12.533203125,17.179348382722246,512.0
55,12.428571428571429,17.109012660692528,462.0
56,14.491735537190083,18.588992877370327,484.0
57,13.234913793103448,17.945405230616572,464.0
58,14.262729124236252,18.376399457632516,491.0
59,14.550218340611353,20.70324581462425,458.0
60,13.48545861297539,18.910910763934385,447.0
61,13.184049079754601,17.951290856298396,489.0
62,12.898340248962656,16.73407137694372,482.0
63,14.315098468271335,18.93482738772662,457.0
64,13.185273159144893,18.433119048112083,421.0
65,12.897911832946635,16.669112790152123,431.0
66,13.798336798336798,18.86373497555553,481.0
67,13.358762886597939,18.815523267285453,485.0
68,13.612590799031477,17.85268836516511,413.0
69,14.824945295404815,19.043002791445037,457.0
70,13.61503416856492,18.84228829660174,439.0
71,14.216152019002376,19.91848448565822,421.0
72,14.099307159353348,19.783125630295274,433.0
73,15.912114014251781,20.40901692754639,421.0
74,14.081534772182254,19.967114057686405,417.0
75,14.591928251121077,19.39429610007313,446.0
76,12.804627249357326,17.618754042136377,389.0
77,13.297872340425531,18.49977573182063,376.0
78,13.577114427860696,17.781025321340305,402.0
79,13.53935860058309,17.532861265315695,343.0
80,13.505747126436782,18.035426913047292,348.0
81,15.686335403726709,19.55799108265813,322.0
82,15.200668896321071,20.2868655120192,299.0
83,15.205787781350482,19.904030195074338,311.0
84,15.533783783783784,20.36960698406564,296.0
85,17.292,21.063080244769292,250.0
86,16.27777777777778,19.920328914287776,234.0
87,17.08984375,20.133956644722584,256.0
88,13.912442396313365,15.925075789913544,217.0
89,16.33953488372093,19.394118719450784,215.0
90,15.748815165876778,19.526256706558872,211.0
91,15.951612903225806,19.48673346582913,186.0
92,13.35754189944134,17.777829476347453,179.0
93,14.033898305084746,18.453534493019323,177.0
94,17.32758620689655,21.432556887080896,174.0
95,13.308571428571428,17.156369606137464,175.0
96,17.46060606060606,20.578373969782135,165.0
97,14.722222222222221,18.509775829064925,162.0
98,15.585526315789474,20.67581499116714,152.0
99,15.544776119402986,21.076522116705277,134.0
100,16.4468085106383,20.005865401324865,141.0
101,18.32191780821918,22.567579715771036,146.0
102,17.313868613138688,20.64787121373729,137.0
103,17.19463087248322,20.69752493766481,149.0
104,14.189655172413794,17.315443618520057,116.0
105,17.3,20.487585911243624,120.0
106,15.125,20.16701915051708,128.0
107,15.806722689075631,20.185276271363254,119.0
108,15.478991596638656,19.99612197126631,119.0
109,13.758333333333333,18.488695539304505,120.0
110,16.486486486486488,18.364919555235467,111.0
111,19.50943396226415,23.128726843275132,106.0
112,13.773584905660377,18.03345199443466,106.0
113,13.764705882352942,17.06607802688037,102.0
114,18.245454545454546,21.139200666944916,110.0
115,15.754716981132075,20.56988613564555,106.0
116,15.826086956521738,19.710882081528364,92.0
117,16.83157894736842,19.97692958303426,95.0
118,20.80701754385965,23.67100358023007,114.0
119,14.228571428571428,18.205164706149237,105.0
120,20.515463917525775,23.508470726023177,97.0
121,15.588888888888889,19.90646354545156,90.0
122,16.252747252747252,19.016713938938267,91.0
123,13.673267326732674,16.527618649334265,101.0
124,17.333333333333332,18.898681783663463,78.0
125,20.333333333333332,21.146359954513272,90.0
126,13.621951219512194,16.879120160135926,82.0
127,15.011904761904763,18.98857871535873,84.0
128,17.348484848484848,23.21172941175177,66.0
129,16.936507936507937,20.454412739358535,63.0
130,17.73972602739726,21.42754418788809,73.0
131,14.363636363636363,18.33419366491631,66.0
132,15.223880597014926,16.04899779323759,67.0
133,18.05263157894737,21.618792298625927,57.0
134,19.013698630136986,23.272237364797363,73.0
135,11.592592592592593,16.859596134868934,54.0
136,13.625,17.19057757746401,48.0
137,17.431372549019606,20.065148792830605,51.0
138,13.675,16.147378131226766,40.0
139,14.0,18.525104242068036,40.0
140,17.93877551020408,19.14245735190202,49.0
141,20.205128205128204,24.742015710739885,39.0
142,10.914285714285715,18.612727189892894,35.0
143,12.11111111111111,13.696251369893208,36.0
144,17.289473684210527,20.46870768539381,38.0
145,18.96969696969697,21.548614874982174,33.0
146,12.128205128205128,17.168176630001227,39.0
147,16.96969696969697,18.90185977702467,33.0
148,12.969696969696969,17.0321109387622,33.0
149,16.266666666666666,21.65709779858491,30.0
150,21.85,27.110446617300013,20.0
151,15.558823529411764,17.761366273665672,34.0
152,14.76923076923077,18.010905378425793,39.0
153,15.625,18.3016833352352,32.0
154,11.346153846153847,16.004855032626338,26.0
155,13.212121212121213,17.964822528620996,33.0
156,19.03846153846154,24.645455190327926,26.0
157,15.192307692307692,19.07253361411479,26.0
158,8.80952380952381,9.775576952891566,21.0
159,16.482758620689655,24.054433344953235,29.0
160,25.105263157894736,28.03746449315056,19.0
161,18.15,19.671713595654897,20.0
162,17.80952380952381,19.615348703551124,21.0
163,16.105263157894736,21.073666392079915,19.0
164,18.5,19.528086282228323,14.0
165,16.695652173913043,13.972163178030732,23.0
166,11.058823529411764,15.76178364048345,17.0
167,19.82608695652174,25.585244635981184,23.0
168,15.45,24.184542692868064,20.0
169,20.956521739130434,22.838321584703287,23.0
170,19.0,17.60681686165901,18.0
171,9.444444444444445,19.5394690222944,18.0
172,17.48,19.645016331544923,25.0
173,15.941176470588236,24.81297691792365,17.0
174,23.458333333333332,25.581887557693875,24.0
175,18.952380952380953,22.118942539091215,21.0
176,9.3,14.23524166507748,20.0
177,15.05,17.82510057548949,20.0
178,21.2,19.975699522884582,15.0
179,15.8,15.473576798767905,20.0
180,18.375,22.86445567542191,16.0
181,13.526315789473685,12.633150487034902,19.0
182,18.09090909090909,22.955254800235235,22.0
183,7.5,10.128026613162264,14.0
184,13.733333333333333,16.44239583979114,15.0
185,10.461538461538462,11.836492897077417,13.0
186,17.384615384615383,20.130981353535905,13.0
187,14.384615384615385,22.867511384562093,13.0
188,23.4,25.1844623301182,15.0
189,21.38888888888889,23.311544448516564,18.0
190,13.066666666666666,18.568278121057762,15.0
191,23.12,28.15629000182138,25.0
192,8.0,8.112840551753857,12.0
193,12.823529411764707,17.172781130751822,17.0
194,18.923076923076923,21.627380556682997,13.0
195,17.733333333333334,24.728429753933796,15.0
196,15.157894736842104,19.32834176337012,19.0
197,19.625,21.963226842459495,16.0
198,20.77777777777778,25.405598683054972,9.0
199,14.75,15.663880197995095,8.0
200,32.785714285714285,21.387194484365825,14.0
201,25.0,21.872356983187704,11.0
202,44.75,34.62537605090617,4.0
203,11.714285714285714,14.051709840818287,14.0
204,18.5,22.577140490488887,12.0
205,18.071428571428573,17.976327535076557,14.0
206,9.555555555555555,8.790777996160395,9.0
207,31.285714285714285,19.96425376946077,7.0
208,8.444444444444445,11.980307916651299,9.0
209,20.1,21.64075373507638,10.0
210,17.363636363636363,22.668360008049667,11.0
211,8.625,13.07055032178392,8.0
212,11.6875,17.273172841142994,16.0
213,12.9,18.290556154596405,10.0
214,21.875,19.540708424063997,8.0
215,12.642857142857142,12.616272415825906,14.0
216,4.0,2.9154759474226504,5.0
217,12.666666666666666,21.90129372130027,15.0
218,7.769230769230769,9.06599733577656,13.0
219,11.333333333333334,12.375439998299663,12.0
220,18.4,17.271363582531635,5.0
221,18.75,18.916683353350003,12.0
222,10.916666666666666,13.034627541725738,12.0
223,15.0,18.69759342803239,6.0
224,24.25,28.83821868879659,8.0
225,17.0,19.79898987322333,8.0
226,13.6,19.00993892093759,10.0
227,12.75,17.202574558145983,8.0
228,10.75,18.191115047370424,4.0
229,14.294117647058824,18.250906504480653,17.0
230,9.545454545454545,21.096746840987766,11.0
231,18.714285714285715,25.342416917849317,7.0
232,16.22222222222222,22.57641345396661,9.0
233,23.9,24.04833096541675,10.0
234,15.916666666666666,19.84237125370093,12.0
235,16.333333333333332,17.478558292948534,9.0
236,24.555555555555557,30.220486061242923,9.0
237,11.777777777777779,12.234968101488636,9.0
238,12.25,23.389558109793963,8.0
239,9.25,7.804912982645397,4.0
240,15.461538461538462,17.134834813985343,13.0
241,11.333333333333334,13.546217184144066,9.0
242,8.777777777777779,12.901334986909085,9.0
243,15.307692307692308,18.490468785226508,13.0
244,14.88888888888889,16.706618781522224,9.0
245,11.7,15.542415084750074,10.0
246,22.0,22.65686062395524,10.0
247,10.857142857142858,11.567606658662102,7.0
248,19.333333333333332,18.502252115170556,3.0
249,12.571428571428571,15.977662979475886,7.0
250,17.1,16.569382741805576,10.0
251,5.666666666666667,6.470445631227162,6.0
252,13.25,23.17146233336745,4.0
253,21.142857142857142,25.56318036700814,7.0
254,19.22222222222222,18.98537448786419,9.0
255,14.375,21.40051735022177,8.0
256,38.2,31.736414416250618,5.0
257,11.375,17.24559985288173,8.0
258,26.714285714285715,22.742869107438825,7.0
259,7.857142857142857,13.056653111582252,7.0
260,4.5,4.509249752822894,4.0
261,6.6,4.449719092257398,5.0
262,8.666666666666666,11.05742586078092,6.0
263,3.0,1.0,3.0
264,11.3,12.41012131734058,10.0
265,9.666666666666666,11.927559124425528,6.0
266,14.777777777777779,22.68687824369947,9.0
267,8.11111111111111,11.921036494831778,9.0
268,13.0,15.545631755148024,7.0
269,3.0,2.449489742783178,4.0
270,14.071428571428571,19.695623433077266,14.0
271,4.5,6.3508529610858835,4.0
272,28.375,30.401773914409286,8.0
273,7.7,14.697316459514338,10.0
274,6.8,2.3874672772626644,5.0
275,7.25,10.443726756834868,8.0
276,15.222222222222221,23.758039574940614,9.0
277,28.083333333333332,18.495494946968392,12.0
278,14.384615384615385,18.495668238529355,13.0
279,4.5,5.686240703077327,4.0
280,14.142857142857142,25.06277832050663,7.0
281,29.8,18.82020191177555,5.0
282,18.444444444444443,10.631452289211374,9.0
283,30.75,21.187653637594387,4.0
284,15.6,18.84940317357555,5.0
285,31.857142857142858,30.459965919375612,7.0
286,14.125,23.533790296386293,8.0
287,10.0,8.860022573334675,5.0
288,12.23076923076923,14.242856959155855,13.0
289,23.833333333333332,27.39647179230688,6.0
290,17.666666666666668,24.964975465639856,9.0
291,47.0,1.4142135623730951,2.0
292,17.8,26.481859619159845,10.0
293,20.285714285714285,22.22396818537954,7.0
294,18.333333333333332,13.952299690970898,6.0
295,16.714285714285715,20.950053983337654,7.0
296,13.5,21.487537916529334,8.0
297,16.666666666666668,10.263202878893768,3.0
298,9.6,14.876155417311288,5.0
299,30.0,27.730849247724095,5.0
300,19.25,25.849841115842192,8.0
301,19.333333333333332,24.426761280748348,6.0
302,1.5,0.7071067811865476,2.0
303,13.333333333333334,6.831300510639732,6.0
304,27.285714285714285,28.935066878065015,7.0
305,6.666666666666667,8.962886439832502,3.0
306,20.5,27.068431797945003,6.0
307,20.25,27.80416207281616,8.0
308,9.0,14.674240468703426,4.0
309,2.6666666666666665,1.505545305418162,6.0
310,31.142857142857142,20.35050016935351,7.0
311,3.2,1.6431676725154984,5.0
312,8.857142857142858,13.569924728710072,7.0
313,16.25,23.314873650383213,4.0
314,14.666666666666666,14.975535605335347,6.0
315,10.8,9.909591313469996,5.0
316,8.0,5.1639777949432215,7.0
317,16.714285714285715,21.89911935607066,7.0
318,26.625,32.36372528442475,8.0
319,13.2,20.80144225768973,5.0
320,15.777777777777779,19.753340083247807,9.0
321,16.0,13.769531582446806,6.0
322,11.666666666666666,9.291573243177568,3.0
323,5.75,2.0615528128088303,4.0
324,20.833333333333332,27.036395223229494,6.0
325,22.0,1.4142135623730951,2.0
326,14.5,10.606601717798213,2.0
327,27.0,30.45214825481666,4.0
328,34.714285714285715,30.456057337932442,7.0
329,14.5,21.334635376932663,10.0
330,14.5,11.120551545074852,4.0
331,31.0,22.92742171869019,7.0
332,36.0,17.549928774784245,8.0
333,8.333333333333334,7.505553499465135,3.0
334,33.6,27.061042108536764,5.0
335,29.333333333333332,26.43230346879868,6.0
336,22.75,14.705441169852742,4.0
337,17.8,32.05776037093047,5.0
338,16.2,16.13002720945559,10.0
339,9.6,12.095453691366853,5.0
340,14.857142857142858,16.707568857941514,7.0
341,20.0,35.45419580247167,5.0
342,20.0,12.288205727444508,3.0
343,24.2,31.924911902775865,5.0
344,1.5,0.7071067811865476,2.0
345,2.0,1.4142135623730951,2.0
346,1.0,0.0,3.0
347,17.333333333333332,16.623276853055575,3.0
348,18.714285714285715,16.286131991301534,7.0
349,8.333333333333334,8.66410218468519,6.0
350,60.0,35.53871128783372,3.0
351,19.0,20.506096654409877,5.0
352,5.25,5.9651767227244274,4.0
353,16.0,18.384776310850235,2.0
354,25.75,19.36276495407272,4.0
355,18.0,24.041630560342615,2.0
356,6.0,4.58257569495584,3.0
358,3.0,4.0,4.0
359,29.0,38.22738983155053,4.0
360,17.5,14.842506526863986,6.0
361,4.5,0.7071067811865476,2.0
362,25.0,21.633307652783937,3.0
363,17.333333333333332,20.256686138984662,3.0
364,25.0,38.97435053981015,3.0
365,4.5,5.686240703077327,4.0
366,4.5,4.041451884327381,4.0
367,29.0,32.109188716004645,5.0
368,16.0,12.98717315918544,4.0
369,7.125,14.593907730869853,8.0
370,40.666666666666664,10.26320287889377,3.0
371,9.75,7.41057802513857,4.0
372,10.333333333333334,6.350852961085883,3.0
373,10.0,14.781745499094482,5.0
374,9.6,8.763560920082657,5.0
375,16.75,28.860295678781025,4.0
376,53.5,23.33452377915607,2.0
377,11.666666666666666,11.71893055416463,3.0
378,19.6,26.453733195902615,5.0
379,5.25,5.9651767227244274,4.0
380,7.2,8.757853618324527,5.0
381,11.5,10.63014581273465,4.0
382,4.4,7.602631123499285,5.0
383,10.0,16.30950643030009,5.0
384,2.75,2.8722813232690143,4.0
385,9.0,11.335784048754634,5.0
386,3.0,1.632993161855452,4.0
387,4.0,2.0,3.0
388,20.333333333333332,25.240179608447058,6.0
389,6.8,4.969909455915671,5.0
390,8.8,8.67179335547152,5.0
391,20.2,17.782013384316187,5.0
392,26.8,18.539147768977948,5.0
393,3.8,3.8987177379235853,5.0
394,6.0,6.06630035524124,6.0
395,25.333333333333332,28.919428302325297,3.0
396,3.0,0,1.0
397,19.444444444444443,16.02428712229589,9.0
398,12.0,8.48528137423857,6.0
399,11.0,7.0710678118654755,2.0
400,28.8,27.779488836189913,5.0
401,10.0,6.976149845485451,4.0
402,6.714285714285714,4.572172558506722,7.0
403,17.6,22.83199509460354,5.0
404,11.25,13.524668819112232,4.0
405,9.6,15.883954167649817,5.0
407,9.75,7.7190241179396075,4.0
408,23.0,31.654383582688826,4.0
409,39.333333333333336,32.86842456421258,3.0
410,27.0,32.59447805994138,6.0
411,26.5,15.066519173319364,4.0
412,1.1666666666666667,0.408248290463863,6.0
413,4.25,3.593976442141304,4.0
414,12.0,10.55146119422961,4.0
415,15.0,11.76860229593982,5.0
416,39.0,7.0710678118654755,2.0
417,20.5,20.275601100830524,6.0
418,37.166666666666664,31.827137267851576,6.0
419,17.666666666666668,16.56301099840646,3.0
420,10.0,14.730919862656235,3.0
421,32.0,39.59797974644666,2.0
422,4.2,5.06951674225463,5.0
423,5.0,2.449489742783178,5.0
424,8.25,6.701989754294367,4.0
425,17.0,21.412613105363857,5.0
426,9.6,11.545561917897283,5.0
427,6.166666666666667,7.626707459098367,6.0
428,24.833333333333332,24.604200183437516,6.0
429,22.90909090909091,28.59179793386399,11.0
430,23.6,33.67194678066595,5.0
431,22.5,19.4164878389476,4.0
432,10.25,11.1579568022107,8.0
433,1.5,0.7071067811865476,2.0
434,3.75,2.0615528128088303,4.0
435,1.5,0.5773502691896257,4.0
436,9.571428571428571,16.671903939034106,7.0
437,23.5,31.81980515339464,2.0
438,8.0,13.341664064126334,4.0
439,9.666666666666666,9.018499505645789,3.0
440,11.5,2.1213203435596424,2.0
441,5.5,0.7071067811865476,2.0
442,20.0,31.136794953880532,5.0
443,16.5,32.216455422656296,6.0
444,13.5,12.469963913339926,6.0
445,33.0,39.1279950930277,3.0
446,10.5,9.192388155425117,2.0
447,34.0,46.66904755831214,2.0
448,58.0,39.59797974644666,2.0
449,33.333333333333336,32.00520790954706,3.0
450,38.8,38.297519501920746,5.0
451,25.0,0,1.0
452,30.0,18.12916618784953,4.0
453,1.0,0,1.0
454,35.0,12.727922061357855,2.0
455,1.5,0.5773502691896257,4.0
456,19.0,0,1.0
457,33.25,33.29038900343461,4.0
458,3.6,2.073644135332772,5.0
459,14.0,0,1.0
460,14.25,25.837634050611783,4.0
461,22.5,30.405591591021544,2.0
462,20.0,7.0710678118654755,2.0
463,4.5,0.7071067811865476,2.0
464,25.666666666666668,17.502380790433435,3.0
465,10.5,2.1213203435596424,2.0
466,8.0,9.899494936611665,2.0
467,10.0,11.532562594670797,3.0
468,6.5,5.802298395176404,4.0
469,9.0,0.0,2.0
470,23.333333333333332,25.794056162870806,3.0
471,5.0,0,1.0
473,14.75,16.33758448078132,4.0
474,20.25,21.250490190424625,4.0
475,9.333333333333334,8.504900548115382,3.0
476,10.0,0,1.0
477,4.0,4.242640687119285,2.0
478,16.5,17.67766952966369,2.0
479,4.0,1.4142135623730951,2.0
480,2.0,0,1.0
481,1.3333333333333333,0.5773502691896258,3.0
482,3.3333333333333335,3.2145502536643185,3.0
483,6.5,2.1213203435596424,2.0
484,5.5,2.1213203435596424,2.0
485,2.5,2.1213203435596424,2.0
486,16.4,15.789236840328922,5.0
487,32.0,21.213203435596427,2.0
488,1.0,0,1.0
489,14.75,15.01943185787443,4.0
490,11.0,14.142135623730951,2.0
491,14.0,18.384776310850235,2.0
492,3.3333333333333335,3.2145502536643185,3.0
493,6.666666666666667,4.041451884327381,3.0
494,43.0,26.870057685088806,2.0
495,11.0,16.46207763315433,3.0
496,19.2,13.405222862750175,5.0
497,13.5,4.949747468305833,2.0
498,16.0,0,1.0
499,36.666666666666664,32.95957119462165,3.0
500,36.0,35.61834733205159,4.0
501,22.75,22.156639336024465,4.0
502,17.333333333333332,12.741009902410928,3.0
503,6.0,0,1.0
504,33.25,27.536339626028727,4.0
505,9.0,0,1.0
506,2.5,2.1213203435596424,2.0
507,9.0,12.165525060596439,3.0
508,2.0,0,1.0
509,31.0,25.514701644346147,3.0
510,20.2,14.096098751072937,5.0
511,2.0,1.4142135623730951,2.0
512,8.0,1.4142135623730951,2.0
513,5.666666666666667,5.033222956847166,3.0
514,5.0,5.656854249492381,2.0
515,6.0,3.6742346141747673,5.0
516,2.0,1.4142135623730951,2.0
517,3.0,2.0,3.0
518,26.75,37.93305506634901,4.0
519,10.666666666666666,10.598742063723098,3.0
520,2.0,0,1.0
521,25.0,9.643650760992955,3.0
522,2.5,2.1213203435596424,2.0
523,10.5,7.14142842854285,4.0
524,3.0,0,1.0
525,23.5,28.991378028648448,2.0
526,3.0,3.4641016151377544,3.0
527,17.333333333333332,24.00694344004112,3.0
528,5.0,0,1.0
529,30.666666666666668,42.735621363604075,3.0
530,2.5,2.1213203435596424,2.0
531,1.0,0,1.0
532,1.0,0,1.0
533,33.5,12.020815280171307,2.0
534,13.5,9.192388155425117,2.0
535,15.666666666666666,9.865765724632494,3.0
536,2.6666666666666665,1.5275252316519468,3.0
537,13.333333333333334,19.655363983740756,3.0
538,7.5,3.5355339059327378,2.0
539,4.0,2.8284271247461903,2.0
540,16.5,20.506096654409877,2.0
541,84.0,0,1.0
542,4.0,0,1.0
543,17.0,25.11971337416094,3.0
544,29.0,36.864617182333525,3.0
545,40.5,54.44722215136416,2.0
546,20.333333333333332,20.55075018906447,3.0
547,1.0,0,1.0
548,13.0,20.868636754709208,5.0
549,2.3333333333333335,1.5275252316519468,3.0
550,5.333333333333333,4.509249752822894,3.0
551,12.0,15.556349186104045,2.0
552,1.0,0,1.0
553,5.75,5.852349955359813,4.0
554,14.0,14.422205101855956,3.0
555,15.333333333333334,18.929694486000912,3.0
556,11.0,4.242640687119285,2.0
557,22.6,23.25510696599781,5.0
560,7.0,4.58257569495584,3.0
561,16.5,0.7071067811865476,2.0
562,8.0,0,1.0
563,45.0,0,1.0
564,6.5,7.7781745930520225,2.0
565,9.5,6.757711644237764,4.0
566,13.0,0,1.0
567,1.0,0,1.0
568,3.5,3.0,4.0
569,14.0,0,1.0
570,7.5,2.1213203435596424,2.0
571,3.5,0.7071067811865476,2.0
572,20.0,26.870057685088806,2.0
573,1.0,0.0,2.0
575,9.333333333333334,8.504900548115382,3.0
576,21.0,0,1.0
578,33.333333333333336,46.00362304572688,3.0
579,3.5,3.1091263510296048,4.0
580,3.0,2.8284271247461903,2.0
581,3.0,0,1.0
582,8.75,11.026483271348727,4.0
583,1.0,0.0,2.0
584,3.0,1.4142135623730951,2.0
585,3.0,0,1.0
586,5.0,2.943920288775949,4.0
587,20.0,0,1.0
588,5.0,5.656854249492381,2.0
589,33.5,10.606601717798213,2.0
590,17.5,13.435028842544403,2.0
592,19.0,0,1.0
593,2.0,0,1.0
594,23.0,4.242640687119285,2.0
598,25.0,0,1.0
600,1.5,0.7071067811865476,2.0
601,2.0,0.0,2.0
602,2.0,1.4142135623730951,2.0
603,34.0,0,1.0
604,12.5,16.263455967290593,2.0
605,11.0,0,1.0
606,7.5,9.192388155425117,2.0
608,15.5,20.506096654409877,2.0
609,1.0,0.0,2.0
610,35.0,0,1.0
611,22.0,0,1.0
613,2.5,2.1213203435596424,2.0
614,19.0,19.79898987322333,2.0
616,40.0,0,1.0
617,7.0,0,1.0
618,3.3333333333333335,2.516611478423583,3.0
620,18.0,0,1.0
622,9.666666666666666,10.692676621563626,3.0
623,2.0,0,1.0
624,7.0,0,1.0
625,1.0,0.0,2.0
627,21.0,16.97056274847714,2.0
628,12.0,5.656854249492381,2.0
629,4.0,0,1.0
630,28.0,21.213203435596427,2.0
631,9.666666666666666,7.094598884597588,3.0
632,1.0,0,1.0
633,40.0,0,1.0
634,3.0,0,1.0
635,1.0,0,1.0
637,4.5,4.949747468305833,2.0
638,10.0,0,1.0
639,13.5,17.67766952966369,2.0
640,8.666666666666666,6.110100926607786,3.0
641,5.0,4.242640687119285,2.0
642,20.0,0,1.0
643,46.333333333333336,8.386497083606084,3.0
644,2.3333333333333335,2.3094010767585034,3.0
645,22.5,30.405591591021544,2.0
649,8.0,0,1.0
650,4.0,2.8284271247461903,2.0
651,9.0,6.244997998398398,3.0
652,10.0,0,1.0
654,2.0,0,1.0
655,24.0,0,1.0
656,55.0,0,1.0
659,29.0,0,1.0
660,23.0,29.698484809834994,2.0
662,9.5,12.020815280171307,2.0
664,5.0,5.291502622129181,3.0
665,5.0,0,1.0
666,4.0,0,1.0
667,2.3333333333333335,1.5275252316519468,3.0
668,30.25,34.84609016805185,4.0
671,23.5,26.057628441590765,4.0
673,2.0,1.7320508075688772,3.0
676,6.666666666666667,4.725815626252609,3.0
679,31.0,46.861498055439924,3.0
681,6.0,0,1.0
682,3.0,0,1.0
683,30.0,0,1.0
684,1.0,0,1.0
685,2.0,0,1.0
686,6.0,0,1.0
687,47.0,0,1.0
688,1.0,0,1.0
689,1.0,0,1.0
690,3.0,0,1.0
691,24.0,7.0710678118654755,2.0
693,1.0,0,1.0
694,33.0,35.35533905932738,2.0
695,19.0,0,1.0
696,35.0,48.08326112068523,2.0
697,1.0,0,1.0
698,17.0,11.313708498984761,2.0
699,9.0,11.313708498984761,2.0
700,4.0,0,1.0
701,5.0,0,1.0
702,38.0,22.627416997969522,2.0
704,60.0,14.142135623730951,2.0
705,3.0,0,1.0
708,4.5,2.1213203435596424,2.0
709,2.0,0,1.0
710,34.5,28.991378028648448,2.0
712,1.0,0,1.0
713,4.0,0,1.0
715,16.5,20.506096654409877,2.0
717,1.0,0,1.0
719,4.5,3.5355339059327378,2.0
721,9.0,0,1.0
723,5.0,0,1.0
724,69.0,0,1.0
725,1.5,0.7071067811865476,2.0
726,3.0,1.4142135623730951,2.0
727,10.0,0,1.0
728,22.5,20.506096654409877,2.0
730,3.0,1.4142135623730951,2.0
731,84.0,0,1.0
732,6.5,7.7781745930520225,2.0
733,6.0,0,1.0
735,1.0,0,1.0
736,3.0,0,1.0
737,16.5,19.091883092036785,2.0
739,29.0,0,1.0
740,1.0,0,1.0
743,1.0,0,1.0
744,2.5,0.7071067811865476,2.0
745,10.0,0,1.0
747,3.0,0,1.0
749,22.5,23.33452377915607,2.0
750,32.0,0,1.0
753,4.0,2.8284271247461903,2.0
754,3.0,0,1.0
755,3.0,0,1.0
756,6.0,0.0,2.0
757,8.0,0,1.0
758,10.5,7.7781745930520225,2.0
760,23.5,23.33452377915607,2.0
761,1.0,0,1.0
762,49.0,0,1.0
763,2.6666666666666665,2.0816659994661326,3.0
764,7.0,6.244997998398398,3.0
765,30.0,0,1.0
766,1.0,0,1.0
767,7.5,9.192388155425117,2.0
769,37.0,50.91168824543142,2.0
770,2.0,0,1.0
771,33.0,0,1.0
772,8.0,0,1.0
773,33.0,0,1.0
774,1.0,0,1.0
775,1.0,0,1.0
776,20.5,12.020815280171307,2.0
778,2.0,0,1.0
779,51.0,0,1.0
781,9.0,0,1.0
783,2.6666666666666665,2.0816659994661326,3.0
785,84.0,0,1.0
786,7.0,1.4142135623730951,2.0
788,4.0,0,1.0
789,56.0,29.206163733020468,3.0
790,7.666666666666667,9.814954576223638,3.0
791,10.0,7.937253933193772,3.0
792,31.333333333333332,42.15843134336634,3.0
794,33.0,43.840620433565945,2.0
795,3.0,1.4142135623730951,2.0
796,13.0,0,1.0
797,7.0,5.656854249492381,2.0
798,70.0,0,1.0
799,10.0,3.4641016151377544,3.0
800,5.666666666666667,5.507570547286102,3.0
801,5.5,4.949747468305833,2.0
802,13.0,14.142135623730951,2.0
803,4.0,1.0,3.0
804,37.5,48.79036790187178,2.0
805,10.0,4.242640687119285,2.0
806,3.0,0,1.0
807,16.75,4.272001872658765,4.0
808,5.0,0,1.0
809,10.333333333333334,8.082903768654761,3.0
811,43.0,43.840620433565945,2.0
812,1.5,0.7071067811865476,2.0
813,2.0,0,1.0
815,24.0,0,1.0
816,57.0,0,1.0
817,10.5,7.7781745930520225,2.0
818,40.5,47.37615433949868,2.0
819,23.0,0,1.0
820,23.0,0,1.0
821,5.0,0,1.0
823,12.333333333333334,12.741009902410928,3.0
824,7.0,0,1.0
825,12.0,14.142135623730951,2.0
826,12.0,0,1.0
827,27.0,5.656854249492381,2.0
828,19.0,14.142135623730951,2.0
830,40.0,0,1.0
831,44.0,0,1.0
832,13.0,9.0,3.0
835,38.5,12.020815280171307,2.0
836,3.5,3.5355339059327378,2.0
837,5.0,0,1.0
840,10.0,11.313708498984761,2.0
841,25.0,33.94112549695428,2.0
842,4.5,0.7071067811865476,2.0
843,1.0,0,1.0
844,23.0,0,1.0
845,61.0,0,1.0
846,10.0,0,1.0
847,1.0,0,1.0
848,27.5,30.405591591021544,2.0
850,1.0,0,1.0
852,11.0,0,1.0
854,2.0,0,1.0
856,10.0,0,1.0
857,1.0,0,1.0
858,11.0,0,1.0
861,3.0,0,1.0
862,2.0,0,1.0
864,1.0,0,1.0
865,41.0,0,1.0
867,34.0,0,1.0
868,9.0,1.4142135623730951,2.0
869,22.0,0,1.0
870,35.0,0,1.0
872,12.0,0,1.0
873,1.0,0,1.0
874,6.5,0.7071067811865476,2.0
875,14.5,10.606601717798213,2.0
876,11.0,8.48528137423857,2.0
878,1.0,0,1.0
879,13.0,0,1.0
882,7.0,0,1.0
883,12.5,6.363961030678928,2.0
884,5.0,0,1.0
885,28.0,0,1.0
886,24.0,0,1.0
887,6.0,0,1.0
888,45.0,0,1.0
889,3.0,3.366501646120693,4.0
891,16.0,0,1.0
892,13.0,0,1.0
894,10.5,12.020815280171307,2.0
895,14.0,2.8284271247461903,2.0
896,3.0,0,1.0
897,17.0,0,1.0
898,43.0,56.568542494923804,2.0
899,5.0,0,1.0
900,1.5,0.7071067811865476,2.0
901,16.0,0,1.0
903,11.666666666666666,18.475208614068027,3.0
904,2.0,0,1.0
905,18.0,0.0,2.0
906,23.0,0,1.0
909,6.0,7.0710678118654755,2.0
910,10.5,9.192388155425117,2.0
912,26.0,35.35533905932738,2.0
913,8.0,2.8284271247461903,2.0
914,3.6666666666666665,4.618802153517007,3.0
915,5.0,0,1.0
916,31.666666666666668,17.7857620959388,3.0
917,31.333333333333332,24.006943440041116,3.0
919,10.0,12.165525060596439,3.0
920,10.5,6.363961030678928,2.0
921,5.0,0,1.0
922,43.0,0,1.0
923,4.0,0,1.0
924,26.0,0,1.0
926,13.666666666666666,6.429100507328637,3.0
927,22.0,24.979991993593593,3.0
928,10.0,12.274635093014645,4.0
929,28.0,19.79898987322333,2.0
930,38.0,0,1.0
931,10.666666666666666,11.239810200058244,3.0
932,16.0,13.076696830622021,3.0
933,25.0,0,1.0
934,17.0,8.48528137423857,2.0
935,11.0,0,1.0
936,21.5,23.33452377915607,2.0
937,14.5,4.949747468305833,2.0
938,52.0,0,1.0
939,14.0,0,1.0
940,19.5,19.091883092036785,2.0
941,17.666666666666668,16.072751268321593,3.0
944,50.0,0,1.0
945,7.0,0,1.0
946,36.0,0,1.0
947,20.5,23.33452377915607,2.0
948,26.0,5.656854249492381,2.0
949,7.0,0,1.0
950,10.0,0,1.0
951,28.0,0,1.0
952,17.0,0,1.0
953,4.5,2.1213203435596424,2.0
955,4.0,0,1.0
956,1.0,0,1.0
957,8.0,0,1.0
958,70.0,0,1.0
959,10.0,0,1.0
961,15.666666666666666,11.67618659209133,3.0
962,18.0,21.213203435596427,2.0
963,8.0,0,1.0
964,5.0,0,1.0
965,5.0,0,1.0
966,9.333333333333334,6.110100926607787,3.0
967,4.5,0.7071067811865476,2.0
968,12.5,10.606601717798213,2.0
969,6.0,4.242640687119285,2.0
970,21.666666666666668,33.231511150312336,3.0
971,48.0,0,1.0
972,19.0,0,1.0
974,5.0,0,1.0
977,29.0,0,1.0
978,7.0,0,1.0
979,1.0,0.0,2.0
982,16.0,21.213203435596427,2.0
983,16.0,4.242640687119285,2.0
984,35.0,0,1.0
987,11.5,3.5355339059327378,2.0
988,57.0,0,1.0
989,5.0,0.0,2.0
990,1.0,0,1.0
991,3.0,0,1.0
992,3.0,0.0,2.0
993,21.0,33.77869150810907,3.0
994,1.0,0,1.0
995,1.0,0,1.0
997,6.5,7.7781745930520225,2.0
998,6.0,0,1.0
999,5.0,0,1.0
1004,8.0,0,1.0
1005,3.0,2.8284271247461903,2.0
1008,2.0,0,1.0
1009,16.0,0,1.0
1011,45.0,0,1.0
1012,9.0,0,1.0
1013,1.0,0,1.0
1016,2.0,1.4142135623730951,2.0
1019,4.0,0,1.0
1020,70.0,0,1.0
1021,1.0,0,1.0
1022,11.0,0,1.0
1023,6.0,4.242640687119285,2.0
1024,10.0,0,1.0
1025,8.0,5.656854249492381,2.0
1026,5.0,0.0,2.0
1028,14.5,6.363961030678928,2.0
1029,12.0,0,1.0
1030,2.0,0,1.0
1031,12.0,12.727922061357855,2.0
1032,4.0,0,1.0
1033,2.0,0,1.0
1034,1.0,0,1.0
1035,2.0,0,1.0
1036,8.666666666666666,6.8068592855540455,3.0
1037,7.0,2.8284271247461903,2.0
1038,8.5,0.7071067811865476,2.0
1039,3.0,0,1.0
1040,5.0,0,1.0
1041,1.0,0,1.0
1042,4.0,0.0,2.0
1044,2.0,0,1.0
1045,7.666666666666667,2.309401076758503,3.0
1046,9.5,9.192388155425117,2.0
1050,17.333333333333332,14.843629385474879,3.0
1052,31.0,7.0710678118654755,2.0
1053,8.0,0,1.0
1054,23.0,0,1.0
1055,1.0,0,1.0
1056,15.0,18.384776310850235,2.0
1058,17.0,0,1.0
1059,4.5,3.5355339059327378,2.0
1060,11.0,2.8284271247461903,2.0
1061,8.0,0,1.0
1062,9.0,9.899494936611665,2.0
1063,7.5,4.949747468305833,2.0
1064,1.0,0,1.0
1065,20.0,0,1.0
1066,8.0,8.48528137423857,2.0
1068,12.0,0,1.0
1069,1.0,0.0,2.0
1070,1.0,0,1.0
1072,13.0,0,1.0
1074,26.0,0,1.0
1075,39.5,50.204581464244875,2.0
1076,33.0,0,1.0
1077,1.0,0,1.0
1078,14.0,14.142135623730951,2.0
1079,8.0,0,1.0
1080,5.666666666666667,5.033222956847167,3.0
1082,15.0,0,1.0
1083,23.0,0,1.0
1085,13.5,17.67766952966369,2.0
1086,20.0,0,1.0
1087,1.0,0,1.0
1088,1.0,0,1.0
1089,11.0,12.727922061357855,2.0
1090,7.0,0,1.0
1092,28.5,33.23401871576773,2.0
1093,20.0,26.870057685088806,2.0
1094,1.0,0,1.0
1095,1.0,0,1.0
1096,9.0,0,1.0
1097,75.0,0,1.0
1098,36.0,0,1.0
1099,4.0,0,1.0
1100,12.5,7.7781745930520225,2.0
1101,9.0,2.8284271247461903,2.0
1104,9.5,6.363961030678928,2.0
1105,69.0,0,1.0
1106,1.0,0,1.0
1108,13.0,0,1.0
1109,5.0,0,1.0
1110,26.0,14.142135623730951,2.0
1111,22.0,0,1.0
1112,1.5,0.7071067811865476,2.0
1114,2.0,0,1.0
1115,18.0,24.041630560342615,2.0
1116,2.0,0,1.0
1117,21.5,19.091883092036785,2.0
1118,3.0,0,1.0
1119,4.0,0,1.0
1120,10.5,12.020815280171307,2.0
1121,2.0,0,1.0
1123,2.6666666666666665,1.5275252316519468,3.0
1125,2.0,0,1.0
1126,2.0,0,1.0
1127,2.0,0,1.0
1128,8.5,7.7781745930520225,2.0
1129,19.0,23.065125189341593,3.0
1130,58.0,0,1.0
1131,5.333333333333333,7.505553499465135,3.0
1132,1.0,0,1.0
1135,17.5,20.506096654409877,2.0
1137,2.0,0,1.0
1138,1.0,0,1.0
1139,29.5,17.67766952966369,2.0
1140,2.0,1.0,3.0
1141,46.0,0,1.0
1142,3.5,3.5355339059327378,2.0
1143,29.0,38.18376618407357,2.0
1144,1.0,0,1.0
1145,1.0,0,1.0
1146,4.0,0,1.0
1148,22.0,12.727922061357855,4.0
1150,38.5,53.033008588991066,2.0
1151,2.5,2.1213203435596424,2.0
1152,1.0,0,1.0
1153,14.0,2.8284271247461903,2.0
1156,4.0,0,1.0
1157,13.5,4.949747468305833,2.0
1158,1.0,0,1.0
1160,67.0,0,1.0
1161,7.333333333333333,8.504900548115383,3.0
1162,3.0,0,1.0
1163,3.0,0,1.0
1164,1.0,0,1.0
1166,1.0,0,1.0
1167,3.0,0,1.0
1168,19.0,0,1.0
1170,12.0,0,1.0
1172,56.0,0,1.0
1174,5.0,0,1.0
1175,5.0,0,1.0
1176,1.0,0,1.0
1177,11.0,0,1.0
1180,4.0,4.242640687119285,2.0
1181,14.0,0,1.0
1182,12.0,0,1.0
1183,24.0,0,1.0
1184,1.0,0,1.0
1185,6.0,0,1.0
1187,11.0,0,1.0
1190,17.0,1.4142135623730951,2.0
1193,20.0,0,1.0
1194,30.0,0,1.0
1195,1.0,0,1.0
1196,1.0,0,1.0
1197,12.666666666666666,18.475208614068027,3.0
1199,36.0,0,1.0
1200,25.666666666666668,23.028967265887832,3.0
1201,17.0,0,1.0
1202,2.0,1.4142135623730951,2.0
1205,34.0,0,1.0
1206,10.0,0,1.0
1207,5.333333333333333,7.505553499465135,3.0
1209,9.0,0,1.0
1210,20.0,19.79898987322333,2.0
1211,37.0,0,1.0
1214,4.5,4.949747468305833,2.0
1216,16.0,0,1.0
1217,7.5,9.192388155425117,2.0
1218,37.0,0,1.0
1219,25.0,0,1.0
1220,2.3333333333333335,0.5773502691896258,3.0
1221,4.0,0,1.0
1222,14.0,0,1.0
1223,4.0,4.358898943540674,3.0
1224,1.0,0,1.0
1225,26.0,0,1.0
1226,57.0,0,1.0
1227,13.0,0,1.0
1228,1.0,0.0,2.0
1229,40.0,0,1.0
1230,44.0,0,1.0
1234,9.333333333333334,11.930353445448855,3.0
1235,67.0,0,1.0
1236,7.5,4.949747468305833,2.0
1237,3.5,2.1213203435596424,2.0
1238,1.0,0,1.0
1239,43.0,45.254833995939045,2.0
1240,21.0,0,1.0
1241,17.0,0,1.0
1243,10.5,4.949747468305833,2.0
1244,8.0,0,1.0
1246,13.0,2.8284271247461903,2.0
1247,24.0,19.974984355438178,3.0
1249,1.0,0,1.0
1251,37.0,0,1.0
1252,17.0,9.899494936611665,2.0
1254,11.0,0,1.0
1255,26.25,20.41853732926692,4.0
1257,3.0,0,1.0
1258,19.5,26.16295090390226,2.0
1259,4.0,0,1.0
1261,59.0,0,1.0
1262,14.0,0,1.0
1263,24.5,20.506096654409877,2.0
1264,15.5,17.67766952966369,2.0
1265,12.0,0,1.0
1266,11.0,14.142135623730951,2.0
1269,7.0,5.656854249492381,2.0
1270,2.0,0,1.0
1271,2.0,0,1.0
1272,15.0,7.0710678118654755,2.0
1273,4.0,1.4142135623730951,2.0
1274,34.0,25.45584412271571,2.0
1275,76.0,0,1.0
1276,2.0,0,1.0
1277,5.0,0,1.0
1278,13.5,17.67766952966369,2.0
1280,3.0,0,1.0
1281,10.0,0,1.0
1282,3.0,0,1.0
1283,29.0,26.870057685088806,2.0
1284,5.0,0,1.0
1286,3.0,0,1.0
1287,30.5,31.81980515339464,2.0
1289,22.0,29.698484809834994,2.0
1290,40.0,0,1.0
1292,33.0,0,1.0
1293,2.0,0.0,2.0
1294,1.0,0,1.0
1295,4.0,0,1.0
1296,4.0,0,1.0
1297,5.666666666666667,5.033222956847167,3.0
1298,33.5,45.96194077712559,2.0
1299,2.0,0,1.0
1300,10.0,0,1.0
1302,6.5,3.5355339059327378,2.0
1303,30.0,0,1.0
1305,1.3333333333333333,0.5773502691896257,3.0
1306,10.0,0,1.0
1307,2.0,0,1.0
1309,3.0,0,1.0
1311,11.0,0,1.0
1312,18.0,0,1.0
1314,9.0,0,1.0
1315,16.0,0,1.0
1316,2.0,0,1.0
1317,16.5,16.263455967290593,2.0
1318,15.0,19.79898987322333,2.0
1319,5.0,0,1.0
1320,47.0,0,1.0
1321,19.0,9.899494936611665,2.0
1322,2.0,0,1.0
1323,18.0,0,1.0
1326,7.0,1.4142135623730951,2.0
1328,11.0,0,1.0
1329,8.0,0,1.0
1330,8.5,7.7781745930520225,2.0
1331,4.0,0,1.0
1332,58.0,0,1.0
1333,25.0,0,1.0
1335,3.0,0,1.0
1336,19.0,0,1.0
1338,1.5,0.7071067811865476,2.0
1340,2.3333333333333335,1.1547005383792515,3.0
1341,1.0,0,1.0
1342,10.0,0,1.0
1344,3.5,2.1213203435596424,2.0
1345,11.0,0,1.0
1347,2.0,0,1.0
1348,7.0,0,1.0
1349,2.5,0.7071067811865476,2.0
1350,2.0,0,1.0
1351,35.0,42.42640687119285,2.0
1352,5.0,0,1.0
1354,6.0,1.4142135623730951,2.0
1356,10.0,0,1.0
1357,3.0,0,1.0
1358,1.0,0,1.0
1359,7.0,0,1.0
1360,13.5,2.1213203435596424,2.0
1362,11.0,0,1.0
1363,22.0,26.870057685088806,2.0
1366,8.0,0,1.0
1370,45.0,24.041630560342615,2.0
1374,8.0,7.0710678118654755,2.0
1376,1.0,0,1.0
1377,20.0,0,1.0
1379,1.0,0,1.0
1380,2.0,0,1.0
1381,3.0,2.8284271247461903,2.0
1383,4.0,0,1.0
1384,7.0,0,1.0
1385,1.0,0,1.0
1386,3.0,0,1.0
1387,11.0,4.242640687119285,2.0
1388,8.0,0,1.0
1389,13.5,10.606601717798213,2.0
1391,11.0,0,1.0
1392,10.333333333333334,11.150485789118488,3.0
1393,6.0,0,1.0
1395,4.0,1.4142135623730951,2.0
1396,2.0,0,1.0
1398,5.0,0,1.0
1399,4.0,0,1.0
1400,4.0,0,1.0
1401,11.0,0,1.0
1402,60.0,0,1.0
1403,1.0,0,1.0
1404,4.0,0,1.0
1405,10.0,12.727922061357855,2.0
1407,10.5,6.363961030678928,2.0
1409,13.0,0,1.0
1410,20.0,0,1.0
1411,6.0,0,1.0
1412,41.0,0,1.0
1414,3.0,2.8284271247461903,2.0
1416,16.5,17.67766952966369,2.0
1417,6.0,0,1.0
1419,35.0,0,1.0
1420,16.0,15.556349186104045,2.0
1422,19.0,7.0710678118654755,2.0
1423,2.0,0,1.0
1424,11.0,0,1.0
1425,6.0,0,1.0
1426,26.0,0,1.0
1427,2.0,1.4142135623730951,2.0
1428,10.0,0,1.0
1429,3.5,0.7071067811865476,2.0
1430,17.5,0.7071067811865476,2.0
1431,18.0,0,1.0
1432,11.0,14.142135623730951,2.0
1433,3.0,0,1.0
1434,11.666666666666666,12.662279942148386,3.0
1435,14.5,12.020815280171307,2.0
1436,5.5,3.5355339059327378,2.0
1437,2.0,0,1.0
1439,9.0,0,1.0
1441,11.0,0,1.0
1442,15.0,0,1.0
1443,32.0,42.790185790669334,3.0
1444,6.0,0,1.0
1445,4.0,0,1.0
1447,1.0,0,1.0
1448,30.5,37.476659402887016,2.0
1450,20.0,0,1.0
1452,2.0,1.4142135623730951,2.0
1453,22.0,14.142135623730951,2.0
1456,5.5,3.5355339059327378,2.0
1460,2.0,0,1.0
1461,1.0,0,1.0
1464,5.0,2.8284271247461903,2.0
1465,18.0,0,1.0
1466,72.0,0,1.0
1468,7.0,0,1.0
1469,6.0,0,1.0
1470,12.0,0,1.0
1472,1.5,0.7071067811865476,2.0
1474,3.5,3.5355339059327378,2.0
1475,10.0,0,1.0
1476,1.0,0,1.0
1478,1.0,0,1.0
1480,4.0,4.242640687119285,2.0
1482,4.0,0,1.0
1484,4.0,0,1.0
1485,1.0,0,1.0
1487,3.5,2.1213203435596424,2.0
1490,2.0,0,1.0
1491,7.0,0,1.0
1492,1.0,0,1.0
1494,1.0,0,1.0
1495,1.0,0,1.0
1498,1.0,0,1.0
1499,5.0,0,1.0
1500,3.0,0,1.0
1501,27.0,0,1.0
1504,1.0,0,1.0
1506,4.0,0,1.0
1508,3.0,0,1.0
1509,11.0,0,1.0
1511,2.5,2.1213203435596424,2.0
1512,23.0,0,1.0
1513,3.0,0,1.0
1514,5.0,0,1.0
1515,2.0,0,1.0
1516,7.0,8.48528137423857,2.0
1519,5.0,0,1.0
1521,6.0,0,1.0
1523,4.0,0,1.0
1524,14.0,0,1.0
1525,11.5,12.020815280171307,2.0
1527,6.5,6.363961030678928,2.0
1528,19.0,0,1.0
1529,72.0,0,1.0
1530,4.0,0,1.0
1531,13.5,13.435028842544403,2.0
1532,2.0,0,1.0
1533,12.0,0,1.0
1534,1.0,0,1.0
1535,10.666666666666666,7.505553499465136,3.0
1536,7.0,0,1.0
1537,14.0,0,1.0
1540,12.0,0,1.0
1541,7.0,0,1.0
1544,3.0,0,1.0
1546,5.0,0,1.0
1549,3.0,0.0,2.0
1550,9.0,0,1.0
1552,2.0,0,1.0
1553,2.0,0,1.0
1554,10.0,8.48528137423857,2.0
1556,6.0,0,1.0
1557,2.3333333333333335,2.3094010767585034,3.0
1558,7.0,0,1.0
1559,6.0,5.656854249492381,2.0
1560,5.0,0,1.0
1561,7.0,0,1.0
1562,19.0,0,1.0
1564,2.3333333333333335,2.3094010767585034,3.0
1565,3.0,0,1.0
1566,13.0,0,1.0
1567,1.0,0,1.0
1568,19.0,0,1.0
1569,10.0,0,1.0
1570,1.0,0.0,2.0
1571,4.0,0,1.0
1573,35.0,0,1.0
1575,3.5,0.7071067811865476,2.0
1576,14.0,0,1.0
1580,5.0,0,1.0
1581,67.0,0,1.0
1583,2.0,0,1.0
1584,7.666666666666667,9.073771725877465,3.0
1586,6.0,0,1.0
1588,1.0,0,1.0
1589,2.0,0,1.0
1593,22.0,14.142135623730951,2.0
1594,2.0,0,1.0
1595,7.0,0,1.0
1597,1.5,0.7071067811865476,2.0
1600,1.0,0,1.0
1601,49.0,0,1.0
1602,1.0,0,1.0
1603,6.0,0,1.0
1604,5.0,0,1.0
1605,13.0,0,1.0
1609,1.0,0,1.0
1610,4.5,0.7071067811865476,2.0
1613,17.0,0,1.0
1616,3.0,0,1.0
1617,7.0,4.242640687119285,2.0
1619,8.5,9.192388155425117,2.0
1621,1.0,0,1.0
1623,13.5,7.7781745930520225,2.0
1625,19.0,0,1.0
1627,3.0,0,1.0
1630,1.0,0,1.0
1632,8.0,9.899494936611665,2.0
1634,4.0,0,1.0
1636,3.0,0,1.0
1638,3.0,2.8284271247461903,2.0
1639,14.0,0,1.0
1641,5.0,0,1.0
1642,8.0,0,1.0
1644,11.5,10.606601717798213,2.0
1646,5.0,0,1.0
1647,8.0,0,1.0
1648,36.0,0,1.0
1650,22.0,0,1.0
1652,12.5,14.849242404917497,2.0
1653,9.0,0,1.0
1654,8.5,10.606601717798213,2.0
1656,4.0,0,1.0
1660,5.0,0,1.0
1662,6.5,2.1213203435596424,2.0
1670,8.0,0,1.0
1671,1.0,0,1.0
1672,33.0,0,1.0
1673,6.0,0,1.0
1675,8.0,0,1.0
1676,1.5,0.7071067811865476,2.0
1677,2.0,0,1.0
1680,3.0,0,1.0
1681,14.0,1.4142135623730951,2.0
1682,10.0,0,1.0
1685,7.0,0,1.0
1686,5.0,0,1.0
1688,10.0,0,1.0
1689,1.0,0,1.0
1690,3.0,0,1.0
1691,2.0,0,1.0
1693,1.0,0,1.0
1694,9.0,5.656854249492381,2.0
1695,6.0,0,1.0
1696,2.0,0.0,2.0
1699,3.0,0,1.0
1700,11.0,0,1.0
1701,1.0,0,1.0
1703,1.5,0.7071067811865476,2.0
1704,1.5,0.7071067811865476,2.0
1705,1.0,0,1.0
1706,18.0,7.0710678118654755,2.0
1710,1.5,0.7071067811865476,2.0
1712,2.3333333333333335,1.1547005383792515,3.0
1713,5.0,0,1.0
1716,11.0,0,1.0
1717,1.0,0,1.0
1718,1.0,0,1.0
1720,7.0,0,1.0
1721,2.0,0,1.0
1722,1.0,0,1.0
1724,3.0,0,1.0
1725,1.0,0.0,2.0
1727,11.333333333333334,5.507570547286102,3.0
1729,6.0,0,1.0
1732,20.5,24.748737341529164,2.0
1733,1.0,0,1.0
1735,2.0,0,1.0
1736,38.0,0,1.0
1737,8.0,1.4142135623730951,2.0
1738,1.0,0,1.0
1739,17.0,18.384776310850235,2.0
1740,9.0,0,1.0
1741,23.0,0,1.0
1743,22.333333333333332,32.715949219506584,3.0
1744,4.25,6.5,4.0
1745,6.5,2.1213203435596424,2.0
1746,3.0,0.0,2.0
1747,13.5,10.606601717798213,2.0
1748,14.0,0,1.0
1749,8.0,0,1.0
1750,2.0,0,1.0
1751,36.0,0,1.0
1752,7.0,0,1.0
1753,11.5,13.435028842544403,2.0
1754,7.0,0,1.0
1755,18.0,0,1.0
1756,28.5,27.577164466275352,2.0
1757,5.0,5.656854249492381,2.0
1758,41.0,0,1.0
1759,5.0,0,1.0
1762,5.0,5.656854249492381,2.0
1763,16.0,0,1.0
1764,37.0,0,1.0
1766,44.0,0,1.0
1768,12.0,0,1.0
1769,21.0,15.556349186104045,2.0
1771,3.0,0,1.0
1772,36.0,0,1.0
1773,2.5,2.1213203435596424,2.0
1774,55.0,0,1.0
1775,5.0,0,1.0
1776,29.0,22.627416997969522,2.0
1777,14.0,16.97056274847714,2.0
1778,1.0,0,1.0
1782,8.5,4.949747468305833,2.0
1783,11.0,11.313708498984761,2.0
1784,14.5,12.020815280171307,2.0
1785,19.0,0,1.0
1786,3.5,0.7071067811865476,2.0
1787,6.0,0,1.0
1788,4.0,0,1.0
1789,14.0,0,1.0
1790,1.0,0,1.0
1791,1.0,0,1.0
1794,8.0,0,1.0
1795,7.0,0,1.0
1797,1.0,0,1.0
1799,2.0,0,1.0
1801,12.0,12.727922061357855,2.0
1802,26.0,0,1.0
1804,3.0,1.4142135623730951,2.0
1805,6.0,0,1.0
1806,50.0,0,1.0
1808,5.0,0,1.0
1809,52.0,0,1.0
1810,19.0,0,1.0
1811,23.0,0,1.0
1812,6.0,0,1.0
1813,50.0,0,1.0
1815,1.5,0.7071067811865476,2.0
1816,2.0,0,1.0
1817,4.0,0,1.0
1820,1.0,0,1.0
1821,3.5,2.1213203435596424,2.0
1822,8.0,0,1.0
1825,3.5,2.1213203435596424,2.0
1826,7.0,0,1.0
1827,2.0,0,1.0
1828,6.0,0,1.0
1829,5.0,5.656854249492381,2.0
1830,16.0,0,1.0
1831,8.0,8.48528137423857,2.0
1832,1.0,0,1.0
1834,26.5,36.062445840513924,2.0
1835,16.0,2.8284271247461903,2.0
1837,3.0,0,1.0
1839,6.0,4.242640687119285,2.0
1840,9.333333333333334,6.6583281184793925,3.0
1841,7.0,0,1.0
1842,1.5,0.7071067811865476,2.0
1844,13.0,8.48528137423857,2.0
1845,4.0,0,1.0
1847,3.0,1.4142135623730951,2.0
1848,33.0,0,1.0
1849,2.0,0,1.0
1850,24.333333333333332,27.53785273643051,3.0
1852,9.5,12.020815280171307,2.0
1853,9.666666666666666,2.0816659994661326,3.0
1854,6.0,4.242640687119285,2.0
1855,5.0,0,1.0
1856,8.0,0,1.0
1859,58.0,0,1.0
1860,2.0,1.0,3.0
1861,13.0,9.899494936611665,2.0
1862,13.5,7.7781745930520225,2.0
1863,3.0,0,1.0
1864,28.0,1.4142135623730951,2.0
1865,23.0,0,1.0
1866,24.333333333333332,37.81974792794544,3.0
1868,11.666666666666666,12.662279942148386,3.0
1869,23.0,0,1.0
1872,10.0,5.656854249492381,2.0
1873,14.0,15.556349186104045,2.0
1874,7.0,0,1.0
1875,17.0,2.8284271247461903,2.0
1876,5.0,0,1.0
1877,1.5,0.7071067811865476,2.0
1879,13.0,1.4142135623730951,2.0
1880,8.5,10.606601717798213,2.0
1882,40.0,0,1.0
1883,12.0,0,1.0
1884,1.5,0.7071067811865476,2.0
1885,15.5,17.67766952966369,2.0
1886,5.5,3.5355339059327378,2.0
1887,24.0,31.11269837220809,2.0
1888,12.5,13.435028842544403,2.0
1889,1.0,0,1.0
1890,26.0,0,1.0
1891,42.0,0,1.0
1892,4.0,0,1.0
1893,2.0,0,1.0
1894,8.5,2.1213203435596424,2.0
1897,3.3333333333333335,2.0816659994661326,3.0
1898,17.0,0,1.0
1900,7.0,0,1.0
1903,1.0,0,1.0
1904,3.0,0,1.0
1905,17.0,0,1.0
1907,10.0,0,1.0
1908,1.0,0,1.0
1909,2.0,0,1.0
1910,2.0,1.4142135623730951,2.0
1912,1.0,0,1.0
1916,4.0,0,1.0
1918,1.0,0,1.0
1919,8.0,0,1.0
1921,1.0,0,1.0
1923,6.0,0,1.0
1926,8.0,0,1.0
1927,9.0,0,1.0
1930,1.0,0,1.0
1931,2.0,0,1.0
1932,1.0,0,1.0
1934,1.0,0,1.0
1935,9.0,0,1.0
1936,4.0,0,1.0
1937,5.0,0,1.0
1939,6.5,3.5355339059327378,2.0
1940,2.0,1.0,3.0
1941,36.0,0,1.0
1942,1.0,0,1.0
1943,8.0,0,1.0
1944,13.0,0,1.0
1947,4.0,0,1.0
1949,1.0,0,1.0
1950,1.0,0,1.0
1951,2.0,0,1.0
1952,2.0,0,1.0
1954,8.0,0,1.0
1956,1.0,0,1.0
1957,7.0,0,1.0
1958,3.0,0,1.0
1959,74.0,0,1.0
1962,6.0,0,1.0
1964,1.0,0,1.0
1970,2.0,0,1.0
1973,11.0,0,1.0
1974,1.0,0,1.0
1977,2.0,0,1.0
1978,1.0,0,1.0
1982,15.0,19.79898987322333,2.0
1988,1.0,0,1.0
1989,46.5,28.991378028648448,2.0
1991,9.0,0,1.0
1992,14.0,0,1.0
1993,9.0,2.8284271247461903,2.0
1994,10.0,0,1.0
1997,9.0,0,1.0
1998,30.0,32.526911934581186,2.0
1999,2.0,0,1.0
2000,26.0,0,1.0
2002,12.0,0,1.0
2003,9.0,0,1.0
2004,4.0,0,1.0
2005,6.0,0,1.0
2007,3.5,3.5355339059327378,2.0
2008,21.0,0,1.0
2009,27.0,36.76955262170047,2.0
2011,1.0,0,1.0
2012,2.0,0,1.0
2013,13.5,17.67766952966369,2.0
2015,1.0,0,1.0
2016,26.0,0,1.0
2017,3.0,0,1.0
2018,2.0,0,1.0
2019,6.5,4.041451884327381,4.0
2021,1.0,0,1.0
2023,6.0,0,1.0
2024,12.0,0,1.0
2026,7.0,8.48528137423857,2.0
2027,4.0,1.7320508075688772,3.0
2029,34.0,0,1.0
2030,11.0,0,1.0
2031,4.0,0,1.0
2032,18.0,0,1.0
2033,3.0,0,1.0
2034,12.0,2.8284271247461903,2.0
2035,1.0,0,1.0
2037,55.0,0,1.0
2038,18.5,17.67766952966369,2.0
2039,2.0,0,1.0
2041,4.0,2.8284271247461903,2.0
2042,8.5,9.192388155425117,2.0
2043,8.0,0,1.0
2044,8.0,0,1.0
2045,8.0,0,1.0
2046,11.5,4.949747468305833,2.0
2047,27.0,0,1.0
2048,2.0,0,1.0
2049,45.0,50.91168824543142,2.0
2050,22.0,0,1.0
2051,8.0,0,1.0
2053,18.0,0,1.0
2055,2.0,0,1.0
2056,19.0,0,1.0
2058,4.0,0,1.0
2059,23.0,0,1.0
2060,3.0,0,1.0
2061,6.0,0,1.0
2062,1.0,0.0,2.0
2066,5.5,0.7071067811865476,2.0
2068,1.0,0,1.0
2069,4.0,0,1.0
2070,1.0,0,1.0
2072,1.0,0,1.0
2073,2.0,0.0,2.0
2076,1.0,0,1.0
2079,14.0,0,1.0
2082,14.0,15.556349186104045,2.0
2083,1.0,0,1.0
2085,4.0,1.4142135623730951,2.0
2086,2.6666666666666665,2.0816659994661326,3.0
2087,5.0,0,1.0
2089,45.0,0,1.0
2091,2.5,2.1213203435596424,2.0
2092,1.0,0,1.0
2093,2.0,0.0,2.0
2094,1.0,0,1.0
2095,3.0,0.0,2.0
2096,4.0,0,1.0
2099,29.0,25.45584412271571,2.0
2102,1.0,0,1.0
2109,13.0,0,1.0
2110,2.0,0,1.0
2111,1.0,0,1.0
2114,8.0,0,1.0
2115,21.0,0,1.0
2116,17.0,21.213203435596427,2.0
2118,6.0,7.0710678118654755,2.0
2120,1.0,0,1.0
2124,31.0,0,1.0
2131,14.0,11.313708498984761,2.0
2132,16.0,0,1.0
2135,5.0,4.242640687119285,2.0
2136,6.0,7.0710678118654755,2.0
2138,6.0,0,1.0
2139,16.0,0,1.0
2140,7.0,0,1.0
2143,20.0,0,1.0
2144,5.0,0,1.0
2145,2.0,0,1.0
2147,2.0,0,1.0
2148,3.0,0,1.0
2149,4.0,0,1.0
2151,4.0,0,1.0
2152,3.0,0,1.0
2154,4.0,0,1.0
2155,3.0,0,1.0
2158,1.0,0,1.0
2160,4.666666666666667,2.516611478423583,3.0
2162,3.0,0,1.0
2165,16.0,18.384776310850235,2.0
2167,4.0,0,1.0
2169,1.0,0,1.0
2170,1.0,0,1.0
2172,16.0,0,1.0
2173,9.0,0,1.0
2175,2.0,0,1.0
2176,9.0,9.899494936611665,2.0
2179,1.0,0,1.0
2180,7.0,0,1.0
2182,3.0,0,1.0
2183,9.0,0,1.0
2185,7.0,0,1.0
2189,6.0,0,1.0
2190,2.5,2.1213203435596424,2.0
2192,1.0,0,1.0
2193,5.5,4.949747468305833,2.0
2195,4.0,0,1.0
2196,9.0,0,1.0
2197,1.0,0,1.0
2198,9.0,6.244997998398398,3.0
2201,8.0,0,1.0
2202,54.0,0,1.0
2203,21.0,0,1.0
2206,5.0,0,1.0
2207,4.0,0,1.0
2208,2.0,0,1.0
2209,7.0,0,1.0
2210,11.0,0,1.0
2212,3.0,2.6457513110645907,3.0
2213,10.0,12.727922061357855,2.0
2215,11.0,9.899494936611665,2.0
2218,17.0,7.0710678118654755,2.0
2220,4.0,0,1.0
2221,6.5,4.949747468305833,2.0
2223,6.0,0,1.0
2225,2.0,0,1.0
2227,5.0,0,1.0
2228,4.0,0,1.0
2231,2.0,0,1.0
2232,1.0,0,1.0
2233,5.0,0,1.0
2234,10.5,13.435028842544403,2.0
2238,1.0,0,1.0
2239,5.0,0,1.0
2241,1.0,0,1.0
2242,1.0,0,1.0
2244,9.0,0,1.0
2247,1.0,0,1.0
2248,8.0,0,1.0
2250,3.0,0,1.0
2251,5.0,0,1.0
2252,2.0,0,1.0
2253,5.0,6.082762530298219,3.0
2254,5.0,0,1.0
2255,26.0,35.35533905932738,2.0
2256,9.0,0,1.0
2257,3.0,0,1.0
2258,1.0,0,1.0
2259,1.0,0,1.0
2260,8.0,0,1.0
2263,1.0,0,1.0
2264,6.0,2.8284271247461903,2.0
2267,4.5,3.5355339059327378,2.0
2271,4.0,0,1.0
2272,6.0,0,1.0
2273,3.5,3.5355339059327378,2.0
2275,1.0,0,1.0
2276,3.0,0,1.0
2277,4.0,0,1.0
2278,2.5,0.7071067811865476,2.0
2279,1.5,0.7071067811865476,2.0
2281,8.0,0,1.0
2282,6.0,0,1.0
2284,8.0,0,1.0
2285,5.0,0,1.0
2286,5.0,0,1.0
2289,2.0,0,1.0
2291,3.0,0,1.0
2292,3.0,0,1.0
2293,3.0,0,1.0
2295,6.0,0,1.0
2298,22.0,0,1.0
2299,8.0,0,1.0
2301,2.0,0,1.0
2302,1.0,0,1.0
2303,1.0,0,1.0
2305,1.0,0,1.0
2306,1.0,0,1.0
2307,1.0,0,1.0
2310,2.0,0,1.0
2313,1.0,0,1.0
2314,2.0,0,1.0
2318,14.0,0,1.0
2322,7.0,0,1.0
2323,3.0,0,1.0
2324,8.0,0,1.0
2327,3.0,0,1.0
2328,1.5,0.7071067811865476,2.0
2329,12.0,0,1.0
2331,2.0,0,1.0
2332,1.0,0,1.0
2333,3.5,0.7071067811865476,2.0
2334,6.0,0,1.0
2335,1.0,0,1.0
2336,4.0,0,1.0
2339,1.0,0,1.0
2342,9.0,0,1.0
2343,2.0,0,1.0
2345,2.0,0,1.0
2349,43.0,0,1.0
2350,14.0,0,1.0
2353,1.0,0,1.0
2354,40.0,0,1.0
2356,3.0,0,1.0
2359,11.0,0,1.0
2360,9.0,0,1.0
2364,1.0,0,1.0
2365,2.0,0,1.0
2368,9.0,0,1.0
2369,1.0,0,1.0
2371,16.0,0,1.0
2372,8.0,8.48528137423857,2.0
2375,3.0,2.8284271247461903,2.0
2378,1.0,0,1.0
2379,7.0,6.0,3.0
2383,18.5,16.263455967290593,2.0
2386,3.0,0,1.0
2387,4.0,0,1.0
2388,2.5,0.7071067811865476,2.0
2396,8.0,7.0710678118654755,2.0
2400,14.0,0,1.0
2404,8.0,0,1.0
2405,1.0,0,1.0
2406,9.0,0,1.0
2407,53.0,0,1.0
2408,2.0,0,1.0
2409,11.0,0,1.0
2410,13.0,0,1.0
2420,5.5,0.7071067811865476,2.0
2424,4.0,0,1.0
2427,1.0,0,1.0
2430,31.5,40.30508652763321,2.0
2432,38.0,0,1.0
2433,2.5,2.1213203435596424,2.0
2436,3.0,0,1.0
2437,3.0,0,1.0
2440,10.0,8.48528137423857,2.0
2441,4.0,0,1.0
2442,1.0,0,1.0
2445,14.0,0,1.0
2448,12.0,0,1.0
2451,5.0,0,1.0
2452,4.0,0,1.0
2454,3.0,0,1.0
2455,4.0,0,1.0
2457,5.0,0,1.0
2460,7.666666666666667,2.516611478423583,3.0
2461,11.5,12.020815280171307,2.0
2462,8.0,0,1.0
2464,1.0,0,1.0
2465,5.0,0,1.0
2466,29.0,0,1.0
2468,2.5,2.1213203435596424,2.0
2470,13.0,0,1.0
2472,9.0,2.8284271247461903,2.0
2475,2.0,0,1.0
2476,1.0,0,1.0
2479,6.0,0,1.0
2480,2.0,0,1.0
2481,1.0,0,1.0
2482,3.0,0,1.0
2484,1.0,0,1.0
2485,4.0,4.242640687119285,2.0
2491,15.0,12.727922061357855,2.0
2493,3.5,3.5355339059327378,2.0
2496,1.0,0.0,2.0
2499,8.0,7.0710678118654755,2.0
2501,4.0,0,1.0
2503,2.0,0,1.0
2504,15.0,0,1.0
2505,4.5,4.949747468305833,2.0
2509,6.0,0,1.0
2510,2.0,0,1.0
2511,3.0,0,1.0
2514,1.0,0,1.0
2515,2.0,0,1.0
2517,2.0,0,1.0
2518,4.0,0,1.0
2521,2.0,0,1.0
2523,1.0,0,1.0
2524,31.0,0,1.0
2528,11.0,0,1.0
2529,1.0,0,1.0
2530,2.3333333333333335,2.3094010767585034,3.0
2533,3.5,2.1213203435596424,2.0
2535,1.0,0,1.0
2536,9.5,9.192388155425117,2.0
2537,54.0,0,1.0
2538,6.0,0,1.0
2540,5.0,0,1.0
2541,1.0,0.0,2.0
2542,8.0,0,1.0
2543,17.0,0,1.0
2546,2.0,0,1.0
2547,11.5,14.849242404917497,2.0
2549,13.0,0,1.0
2553,7.0,0,1.0
2556,4.0,0,1.0
2561,2.0,0,1.0
2562,4.0,4.242640687119285,2.0
2565,4.0,0,1.0
2569,1.0,0,1.0
2570,1.0,0,1.0
2573,6.5,4.949747468305833,2.0
2576,1.0,0,1.0
2581,2.0,0,1.0
2582,3.0,0,1.0
2584,1.0,0,1.0
2585,10.0,0,1.0
2587,2.0,0,1.0
2591,1.0,0,1.0
2593,1.0,0,1.0
2594,18.0,0,1.0
2597,1.5,0.7071067811865476,2.0
2598,26.5,36.062445840513924,2.0
2599,2.0,0,1.0
2600,43.0,0,1.0
2602,44.0,0,1.0
2603,2.0,0,1.0
2606,6.0,0,1.0
2607,1.0,0,1.0
2608,2.3333333333333335,0.5773502691896257,3.0
2612,1.0,0,1.0
2614,2.0,0.0,2.0
2615,1.0,0,1.0
2617,1.0,0,1.0
2619,1.0,0,1.0
2621,2.0,0,1.0
2624,1.0,0,1.0
2629,3.0,0,1.0
2630,1.0,0,1.0
2631,7.0,0,1.0
2633,1.0,0,1.0
2635,2.0,0,1.0
2638,3.0,0,1.0
2639,3.0,0,1.0
2640,4.0,0,1.0
2642,1.0,0.0,2.0
2643,1.0,0,1.0
2644,2.0,0,1.0
2647,6.0,0,1.0
2648,1.0,0,1.0
2650,13.0,0,1.0
2651,2.0,0,1.0
2653,3.0,0,1.0
2655,4.0,0,1.0
2659,33.0,45.254833995939045,2.0
2664,2.0,0,1.0
2666,2.0,0,1.0
2667,4.5,2.1213203435596424,2.0
2669,2.0,0,1.0
2670,1.0,0,1.0
2674,14.5,4.949747468305833,2.0
2677,6.0,0,1.0
2680,6.0,0,1.0
2681,2.0,0,1.0
2683,4.0,0,1.0
2687,1.0,0,1.0
2688,2.5,2.1213203435596424,2.0
2689,4.0,4.242640687119285,2.0
2691,10.5,3.5355339059327378,2.0
2694,2.0,1.0,3.0
2695,3.5,0.7071067811865476,2.0
2696,8.0,0,1.0
2698,23.0,15.556349186104045,2.0
2701,6.0,0,1.0
2703,12.0,0,1.0
2704,12.0,0,1.0
2705,1.5,0.7071067811865476,2.0
2706,5.5,0.7071067811865476,2.0
2707,5.5,0.7071067811865476,2.0
2708,2.0,0,1.0
2709,13.0,0,1.0
2711,4.0,0,1.0
2712,6.666666666666667,4.932882862316247,3.0
2714,9.0,0,1.0
2715,3.5,2.1213203435596424,2.0
2716,14.0,0,1.0
2722,7.0,0,1.0
2724,2.0,0,1.0
2726,1.0,0,1.0
2728,19.0,0,1.0
2731,2.0,0,1.0
2732,3.0,0,1.0
2735,8.0,0,1.0
2736,1.5,0.7071067811865476,2.0
2738,8.5,9.192388155425117,2.0
2740,5.0,0,1.0
2744,3.0,0,1.0
2747,14.0,0,1.0
2750,2.5,0.7071067811865476,2.0
2753,1.0,0,1.0
2757,10.666666666666666,7.571877794400366,3.0
2760,3.0,0,1.0
2761,2.0,0,1.0
2764,4.0,1.4142135623730951,2.0
2766,6.0,0,1.0
2769,7.0,0,1.0
2770,2.0,0,1.0
2771,2.0,1.0,3.0
2774,1.0,0,1.0
2776,13.0,0,1.0
2777,11.5,6.363961030678928,2.0
2778,13.0,0,1.0
2780,9.0,0,1.0
2783,3.0,0,1.0
2786,5.5,0.7071067811865476,2.0
2789,5.0,0,1.0
2791,2.0,0,1.0
2794,1.0,0,1.0
2796,11.0,0,1.0
2797,5.0,4.242640687119285,2.0
2801,9.5,12.020815280171307,2.0
2803,7.0,0,1.0
2804,13.0,0,1.0
2805,21.0,0,1.0
2808,8.0,0,1.0
2809,1.0,0,1.0
2810,6.0,0,1.0
2813,3.0,0.0,2.0
2817,11.0,8.48528137423857,2.0
2819,37.0,0,1.0
2820,1.0,0,1.0
2821,1.0,0,1.0
2823,1.0,0,1.0
2824,53.0,0,1.0
2826,4.0,0,1.0
2829,4.0,1.4142135623730951,2.0
2833,4.0,0,1.0
2834,3.0,0,1.0
2836,15.0,0,1.0
2837,3.5,0.7071067811865476,2.0
2838,55.0,0,1.0
2839,1.0,0,1.0
2840,1.0,0.0,2.0
2841,1.0,0,1.0
2842,20.0,24.041630560342615,2.0
2843,21.0,0,1.0
2844,2.0,0,1.0
2845,7.0,8.48528137423857,2.0
2847,9.0,0,1.0
2851,9.0,0,1.0
2858,2.0,0,1.0
2859,5.0,0,1.0
2860,2.0,0,1.0
2863,1.0,0,1.0
2864,5.0,0,1.0
2868,9.666666666666666,13.316656236958785,3.0
2871,1.0,0,1.0
2874,16.0,0,1.0
2875,1.0,0,1.0
2880,1.5,0.7071067811865476,2.0
2886,6.0,5.656854249492381,2.0
2888,14.0,0,1.0
2889,2.0,0,1.0
2891,1.0,0,1.0
2894,18.0,0,1.0
2895,1.0,0,1.0
2897,1.0,0,1.0
2901,3.0,0,1.0
2902,2.0,0,1.0
2903,1.0,0,1.0
2904,17.0,0,1.0
2907,25.0,0,1.0
2909,18.0,11.269427669584644,3.0
2917,11.0,0,1.0
2918,2.0,0,1.0
2920,9.0,0,1.0
2923,15.0,0,1.0
2926,3.0,0,1.0
2928,2.0,0,1.0
2929,5.0,1.4142135623730951,2.0
2932,7.0,0,1.0
2937,1.0,0,1.0
2941,4.0,1.4142135623730951,2.0
2942,15.0,0,1.0
2948,1.0,0,1.0
2949,7.0,0,1.0
2953,7.0,0,1.0
2954,1.0,0,1.0
2957,6.0,0,1.0
2958,21.0,0,1.0
2959,5.0,0,1.0
2962,1.0,0,1.0
2963,2.0,0,1.0
2965,10.0,0,1.0
2966,2.5,2.1213203435596424,2.0
2969,1.0,0,1.0
2970,7.0,0,1.0
2972,16.0,0,1.0
2973,24.0,0,1.0
2977,7.0,0,1.0
2978,3.5,3.5355339059327378,2.0
2982,5.0,0,1.0
2983,3.0,0,1.0
2990,1.0,0,1.0
2993,12.0,5.656854249492381,2.0
2997,6.0,0,1.0
2998,10.0,4.242640687119285,2.0
3001,5.333333333333333,2.516611478423583,3.0
3002,4.0,0,1.0
3003,9.0,0,1.0
3006,3.0,2.8284271247461903,2.0
3010,4.0,0,1.0
3013,17.0,0,1.0
3014,2.0,0,1.0
3015,1.0,0,1.0
3016,1.0,0,1.0
3019,3.5,3.5355339059327378,2.0
3020,23.0,0,1.0
3022,1.0,0,1.0
3025,34.5,47.37615433949868,2.0
3029,1.0,0,1.0
3030,12.0,0,1.0
3031,9.0,0,1.0
3032,4.0,0,1.0
3033,2.5,0.7071067811865476,2.0
3036,3.0,0,1.0
3037,15.0,0,1.0
3038,45.0,0,1.0
3039,1.0,0,1.0
3040,2.0,0,1.0
3044,1.0,0,1.0
3045,3.0,0,1.0
3046,11.0,0,1.0
3047,3.0,0,1.0
3051,15.0,0,1.0
3053,14.0,0,1.0
3055,3.5,2.1213203435596424,2.0
3056,3.0,2.8284271247461903,2.0
3057,6.0,0,1.0
3058,3.0,0,1.0
3060,1.0,0.0,2.0
3062,2.0,0,1.0
3065,2.0,0,1.0
3067,1.0,0,1.0
3068,3.0,0,1.0
3069,2.5,2.1213203435596424,2.0
3070,4.0,0,1.0
3071,8.5,7.7781745930520225,2.0
3074,7.5,0.7071067811865476,2.0
3078,1.0,0,1.0
3079,3.0,0,1.0
3081,4.0,0,1.0
3083,1.0,0,1.0
3084,1.0,0,1.0
3085,28.0,0,1.0
3087,2.0,0,1.0
3088,9.0,0,1.0
3090,2.0,1.4142135623730951,2.0
3091,2.0,0,1.0
3092,4.0,0,1.0
3093,9.333333333333334,6.3508529610858835,3.0
3096,3.0,1.4142135623730951,2.0
3099,5.0,4.242640687119285,2.0
3101,1.0,0,1.0
3102,4.0,0,1.0
3104,4.0,0,1.0
3107,1.0,0,1.0
3110,3.0,0,1.0
3111,1.0,0,1.0
3114,22.0,0,1.0
3115,29.666666666666668,32.47049943153529,3.0
3118,5.0,0,1.0
3119,16.0,0,1.0
3120,13.0,0,1.0
3122,1.0,0,1.0
3123,17.0,0,1.0
3125,9.0,0,1.0
3133,1.0,0,1.0
3135,5.0,0,1.0
3138,17.5,6.363961030678928,2.0
3139,20.0,0,1.0
3142,41.0,0,1.0
3143,1.0,0,1.0
3148,7.0,0,1.0
3149,7.0,0.0,2.0
3151,1.0,0,1.0
3153,1.0,0,1.0
3154,3.0,0,1.0
3156,18.0,0,1.0
3158,7.0,0,1.0
3160,7.0,0,1.0
3162,3.0,0,1.0
3163,2.0,0,1.0
3164,9.0,0.0,2.0
3165,2.5,2.1213203435596424,2.0
3168,22.0,0,1.0
3169,3.0,0,1.0
3171,10.0,0,1.0
3172,21.0,0,1.0
3174,2.0,0,1.0
3175,3.0,1.4142135623730951,2.0
3176,4.0,0,1.0
3177,20.0,0,1.0
3179,5.0,0,1.0
3180,1.0,0,1.0
3182,4.0,0,1.0
3183,4.0,0,1.0
3184,7.0,0,1.0
3185,1.0,0,1.0
3187,7.5,7.7781745930520225,2.0
3188,1.0,0,1.0
3189,2.0,0,1.0
3190,3.0,0,1.0
3191,20.0,0,1.0
3196,1.0,0,1.0
3198,6.0,0,1.0
3204,1.0,0,1.0
3210,1.0,0,1.0
3213,16.0,0,1.0
3215,7.0,0,1.0
3216,1.0,0,1.0
3217,58.0,0,1.0
3222,4.0,0,1.0
3224,44.0,0,1.0
3227,1.0,0,1.0
3230,4.0,0,1.0
3231,78.0,0,1.0
3235,32.5,44.54772721475249,2.0
3236,1.0,0,1.0
3237,4.0,0,1.0
3239,6.0,5.656854249492381,2.0
3240,7.0,2.8284271247461903,2.0
3244,1.0,0,1.0
3245,31.0,0,1.0
3246,1.0,0,1.0
3247,4.0,0,1.0
3248,2.0,0,1.0
3251,1.0,0,1.0
3253,66.0,0,1.0
3257,2.0,1.4142135623730951,2.0
3259,9.0,0,1.0
3261,4.0,0,1.0
3262,39.0,0,1.0
3265,6.0,0,1.0
3268,1.0,0,1.0
3277,8.5,7.7781745930520225,2.0
3279,12.5,14.849242404917497,2.0
3283,4.0,0,1.0
3284,5.0,0,1.0
3287,12.0,0,1.0
3288,20.0,25.45584412271571,2.0
3289,23.0,0,1.0
3290,2.0,0,1.0
3291,4.0,0,1.0
3292,40.5,28.991378028648448,2.0
3294,10.0,0,1.0
3295,1.0,0,1.0
3296,1.5,0.7071067811865476,2.0
3297,4.0,2.8284271247461903,2.0
3299,2.0,0,1.0
3300,9.0,0,1.0
3301,2.0,1.4142135623730951,2.0
3302,3.0,0,1.0
3303,27.0,0,1.0
3305,1.0,0,1.0
3309,6.0,7.0710678118654755,2.0
3313,9.666666666666666,10.969655114602888,3.0
3316,41.0,0,1.0
3317,26.5,33.23401871576773,2.0
3320,3.0,2.8284271247461903,2.0
3322,1.0,0,1.0
3323,16.0,0,1.0
3326,41.0,0,1.0
3328,4.0,0,1.0
3329,3.0,0,1.0
3331,10.0,0,1.0
3332,1.0,0.0,2.0
3333,1.0,0,1.0
3334,9.0,0,1.0
3335,2.6666666666666665,1.5275252316519468,3.0
3336,2.0,0,1.0
3337,7.0,0,1.0
3338,10.0,0,1.0
3339,1.5,0.7071067811865476,2.0
3340,5.333333333333333,4.932882862316247,3.0
3344,1.0,0,1.0
3346,2.0,0,1.0
3347,5.0,3.4641016151377544,3.0
3348,9.5,12.020815280171307,2.0
3350,6.0,0,1.0
3352,8.0,0,1.0
3353,1.5,0.7071067811865476,2.0
3356,6.0,0,1.0
3358,12.5,11.120551545074852,4.0
3362,15.5,0.7071067811865476,2.0
3364,7.5,7.7781745930520225,2.0
3365,5.0,2.8284271247461903,2.0
3367,1.0,0,1.0
3368,6.0,4.242640687119285,2.0
3370,5.0,1.4142135623730951,2.0
3371,3.0,0,1.0
3372,3.0,0,1.0
3373,1.0,0.0,2.0
3374,44.0,0,1.0
3376,1.0,0.0,2.0
3379,7.0,0,1.0
3380,2.0,0,1.0
3381,12.0,0,1.0
3382,1.0,0,1.0
3383,2.0,0,1.0
3384,13.0,0,1.0
3385,4.0,0,1.0
3388,2.6666666666666665,2.0816659994661326,3.0
3390,28.0,0,1.0
3392,5.0,0,1.0
3394,2.0,0,1.0
3396,10.0,0,1.0
3404,14.0,0,1.0
3405,2.0,0,1.0
3408,15.0,0,1.0
3410,5.0,0,1.0
3411,16.5,20.506096654409877,2.0
3412,2.0,0,1.0
3413,19.0,0,1.0
3414,1.0,0,1.0
3415,9.0,0,1.0
3416,1.0,0,1.0
3417,29.0,23.643180835073778,3.0
3420,5.0,0,1.0
3422,6.0,1.4142135623730951,2.0
3423,3.5,0.7071067811865476,2.0
3424,2.0,1.4142135623730951,2.0
3425,1.0,0,1.0
3426,9.0,0,1.0
3427,35.0,0,1.0
3428,20.0,0,1.0
3429,19.5,9.192388155425117,2.0
3430,8.0,0,1.0
3432,4.0,0,1.0
3434,1.0,0,1.0
3435,2.0,0,1.0
3437,2.0,1.4142135623730951,2.0
3439,4.0,0,1.0
3443,4.5,2.1213203435596424,2.0
3444,2.0,0,1.0
3445,1.5,0.7071067811865476,2.0
3448,1.0,0,1.0
3450,4.0,0,1.0
3453,4.0,0,1.0
3454,1.0,0,1.0
3456,15.0,0,1.0
3457,5.0,0,1.0
3458,6.0,0,1.0
3459,3.0,0,1.0
3460,1.0,0,1.0
3461,6.0,0,1.0
3464,4.0,0,1.0
3466,1.0,0,1.0
3467,3.0,0,1.0
3468,3.0,0,1.0
3472,4.5,3.5355339059327378,2.0
3473,1.0,0,1.0
3476,34.0,0,1.0
3477,7.0,0,1.0
3478,6.0,0,1.0
3479,3.6666666666666665,1.1547005383792515,3.0
3482,3.0,0,1.0
3483,5.0,0,1.0
3486,3.0,0,1.0
3487,1.0,0,1.0
3492,4.0,0,1.0
3496,4.5,4.949747468305833,2.0
3497,4.0,0,1.0
3498,2.0,0,1.0
3501,14.0,18.384776310850235,2.0
3502,13.0,0,1.0
3505,15.0,0,1.0
3506,6.0,0,1.0
3507,14.0,0,1.0
3513,1.0,0,1.0
3516,2.0,0,1.0
3518,3.0,0,1.0
3520,4.0,4.242640687119285,2.0
3521,15.0,0,1.0
3522,22.0,0,1.0
3523,3.0,0,1.0
3526,4.0,0,1.0
3527,2.0,0,1.0
3528,1.0,0,1.0
3530,20.0,0,1.0
3533,74.0,0,1.0
3535,25.0,0,1.0
3537,2.0,0,1.0
3540,17.0,0,1.0
3541,2.0,0.0,2.0
3542,3.0,0,1.0
3543,1.0,0,1.0
3545,1.0,0,1.0
3549,10.0,0,1.0
3550,4.0,0,1.0
3552,1.0,0,1.0
3555,3.0,0,1.0
3556,17.0,16.97056274847714,2.0
3560,43.0,0,1.0
3563,11.333333333333334,17.03917055884274,3.0
3564,12.5,14.849242404917497,2.0
3565,28.0,0,1.0
3567,8.0,0,1.0
3568,1.0,0,1.0
3570,23.0,0,1.0
3571,1.0,0,1.0
3572,4.0,4.242640687119285,2.0
3574,12.0,9.899494936611665,2.0
3575,34.0,0,1.0
3576,1.0,0,1.0
3577,14.0,0,1.0
3578,2.0,0,1.0
3579,1.0,0,1.0
3580,9.0,0,1.0
3581,2.0,0,1.0
3582,17.0,19.79898987322333,2.0
3583,3.0,0,1.0
3584,5.5,0.7071067811865476,2.0
3585,8.0,0,1.0
3586,1.0,0,1.0
3587,11.5,2.1213203435596424,2.0
3588,3.0,1.4142135623730951,2.0
3589,1.5,0.7071067811865476,2.0
3590,22.0,28.284271247461902,2.0
3593,19.0,0,1.0
3594,17.0,0,1.0
3595,12.5,14.849242404917497,2.0
3597,47.0,0,1.0
3598,19.0,0,1.0
3599,9.0,0,1.0
3600,19.333333333333332,31.75426480542942,3.0
3601,5.0,5.656854249492381,2.0
3603,2.0,0,1.0
3604,81.0,0,1.0
3605,9.5,4.949747468305833,2.0
3607,16.0,12.727922061357855,2.0
3608,11.0,0,1.0
3610,4.5,0.7071067811865476,2.0
3611,2.0,0,1.0
3613,36.0,0,1.0
3614,10.0,0,1.0
3616,5.0,0,1.0
3617,1.0,0,1.0
3618,47.0,0,1.0
3620,2.5,2.1213203435596424,2.0
3621,1.0,0,1.0
3622,3.0,0,1.0
3623,8.0,0,1.0
3624,3.0,0,1.0
3626,19.0,0,1.0
3627,4.0,0,1.0
3628,2.0,0,1.0
3630,5.0,0,1.0
3632,10.5,0.7071067811865476,2.0
3633,8.333333333333334,6.110100926607787,3.0
3635,34.0,0,1.0
3636,9.0,9.16515138991168,3.0
3637,37.5,27.577164466275352,2.0
3638,1.5,0.7071067811865476,2.0
3639,2.0,0,1.0
3641,1.0,0.0,2.0
3643,2.0,0,1.0
3644,3.0,0,1.0
3649,1.0,0,1.0
3651,69.0,0,1.0
3652,5.0,0,1.0
3656,1.0,0,1.0
3657,46.0,0,1.0
3659,1.0,0,1.0
3660,4.5,2.1213203435596424,2.0
3662,5.0,0,1.0
3663,5.666666666666667,7.234178138070234,3.0
3664,8.0,8.48528137423857,2.0
3665,5.0,1.4142135623730951,2.0
3666,14.0,0,1.0
3669,27.0,25.45584412271571,2.0
3670,3.0,0,1.0
3671,2.0,0.0,2.0
3672,43.0,0,1.0
3673,4.0,0,1.0
3674,75.0,7.0710678118654755,2.0
3678,8.5,4.949747468305833,2.0
3680,69.0,0,1.0
3681,23.0,0,1.0
3682,1.0,0,1.0
3683,37.0,0,1.0
3684,2.0,0,1.0
3685,14.5,16.263455967290593,2.0
3687,2.0,0,1.0
3688,17.0,0,1.0
3689,17.5,23.33452377915607,2.0
3690,68.0,0,1.0
3692,12.5,14.849242404917497,2.0
3693,16.0,0,1.0
3696,7.0,7.0710678118654755,2.0
3697,20.0,0,1.0
3698,10.0,0,1.0
3699,1.0,0,1.0
3700,14.0,0,1.0
3702,4.0,0,1.0
3703,18.0,0,1.0
3704,14.0,0,1.0
3705,2.0,0,1.0
3706,41.0,0,1.0
3707,19.0,0,1.0
3710,12.0,0,1.0
3711,30.0,0,1.0
3713,1.0,0,1.0
3714,15.5,17.67766952966369,2.0
3716,3.0,0,1.0
3717,5.0,0,1.0
3718,12.0,0,1.0
3721,3.0,0,1.0
3722,15.0,18.384776310850235,2.0
3723,1.0,0,1.0
3725,2.0,0,1.0
3727,2.0,0,1.0
3729,15.0,0,1.0
3731,23.0,0,1.0
3732,28.0,36.76955262170047,2.0
3733,1.0,0.0,2.0
3734,3.0,0,1.0
3735,11.0,0,1.0
3739,1.0,0,1.0
3741,1.5,0.7071067811865476,2.0
3744,1.0,0,1.0
3746,4.0,0,1.0
3754,1.0,0,1.0
3756,21.0,0,1.0
3757,21.5,16.263455967290593,2.0
3763,1.0,0,1.0
3765,9.5,12.020815280171307,2.0
3768,1.0,0,1.0
3769,24.0,0,1.0
3772,2.0,0,1.0
3776,1.0,0,1.0
3777,8.0,0,1.0
3781,7.0,0,1.0
3784,52.0,0,1.0
3787,4.0,0,1.0
3789,4.0,0,1.0
3790,6.0,0,1.0
3796,14.0,0,1.0
3797,11.0,0,1.0
3798,9.0,0,1.0
3799,1.0,0,1.0
3802,3.0,0,1.0
3803,1.0,0,1.0
3806,25.0,0,1.0
3807,1.0,0,1.0
3810,6.0,0,1.0
3812,2.0,0,1.0
3813,36.0,0,1.0
3815,6.0,0,1.0
3816,15.0,0,1.0
3817,28.0,28.284271247461902,2.0
3818,19.0,0,1.0
3820,5.0,2.8284271247461903,2.0
3823,17.0,0,1.0
3824,2.0,0,1.0
3826,2.0,0,1.0
3827,12.0,0,1.0
3828,1.5,0.7071067811865476,2.0
3829,7.0,8.48528137423857,2.0
3830,1.0,0,1.0
3836,22.0,9.899494936611665,2.0
3840,7.666666666666667,10.692676621563626,3.0
3843,13.0,0,1.0
3845,4.0,0,1.0
3847,1.0,0,1.0
3848,14.0,0,1.0
3849,18.0,0,1.0
3851,1.0,0,1.0
3852,5.0,0,1.0
3853,35.0,0,1.0
3854,11.0,0,1.0
3856,1.0,0,1.0
3857,32.0,0,1.0
3861,26.0,33.94112549695428,2.0
3862,21.0,0,1.0
3864,2.0,0,1.0
3865,7.0,0,1.0
3866,20.0,0,1.0
3867,12.0,0,1.0
3868,4.5,3.5355339059327378,2.0
3869,12.0,0,1.0
3870,1.0,0,1.0
3871,30.0,0,1.0
3872,24.5,33.23401871576773,2.0
3873,39.0,0,1.0
3875,4.5,4.949747468305833,2.0
3877,6.5,4.949747468305833,2.0
3880,17.0,0,1.0
3882,10.0,0,1.0
3883,4.0,3.4641016151377544,3.0
3885,3.0,0,1.0
3887,3.0,0,1.0
3888,11.0,0,1.0
3890,5.0,0,1.0
3891,7.0,0,1.0
3893,2.0,0,1.0
3894,2.0,0,1.0
3896,1.0,0,1.0
3900,4.5,2.1213203435596424,2.0
3902,1.0,0,1.0
3903,8.0,0,1.0
3904,1.0,0,1.0
3905,15.0,0,1.0
3906,1.0,0,1.0
3907,9.0,0,1.0
3909,1.0,0.0,2.0
3910,7.0,0,1.0
3912,6.0,0,1.0
3913,5.0,0,1.0
3915,3.0,0,1.0
3920,2.0,0,1.0
3924,6.0,0,1.0
3937,5.0,0,1.0
3938,4.0,0,1.0
3939,7.0,0,1.0
3940,23.0,21.213203435596427,2.0
3945,9.0,0,1.0
3947,3.0,0,1.0
3959,4.0,0,1.0
3963,1.0,0.0,2.0
3964,3.0,0,1.0
3968,2.5,2.1213203435596424,2.0
3971,2.0,0,1.0
3976,1.0,0,1.0
3977,1.0,0,1.0
3984,28.0,0,1.0
3988,1.0,0.0,2.0
3990,1.0,0,1.0
3992,2.0,0,1.0
3996,1.0,0,1.0
3997,1.0,0,1.0
4001,1.0,0,1.0
4004,1.0,0,1.0
4005,2.0,0,1.0
4007,4.0,0,1.0
4009,1.0,0,1.0
4010,3.0,0,1.0
4012,2.0,0,1.0
4013,1.0,0,1.0
4014,12.0,0,1.0
4020,1.0,0,1.0
4023,2.0,0,1.0
4025,3.0,2.8284271247461903,2.0
4026,1.0,0,1.0
4027,1.0,0.0,2.0
4028,23.0,0,1.0
4036,7.0,8.48528137423857,2.0
4037,1.0,0,1.0
4040,14.0,0,1.0
4042,20.0,0,1.0
4045,1.0,0,1.0
4046,2.0,0,1.0
4051,3.6666666666666665,3.785938897200183,3.0
4055,2.0,0,1.0
4063,4.0,0,1.0
4076,19.5,26.16295090390226,2.0
4077,1.0,0,1.0
4078,10.0,0,1.0
4080,9.0,0,1.0
4081,10.0,12.727922061357855,2.0
4082,2.0,0.0,2.0
4084,2.0,0,1.0
4085,2.0,1.4142135623730951,2.0
4086,2.0,0,1.0
4088,2.0,1.4142135623730951,2.0
4089,4.0,0,1.0
4090,2.0,0,1.0
4091,6.0,0,1.0
4097,2.0,0,1.0
4099,3.0,0,1.0
4101,2.0,0,1.0
4104,10.0,0,1.0
4108,1.0,0.0,2.0
4112,1.0,0,1.0
4113,1.0,0,1.0
4114,10.0,0,1.0
4115,8.0,0,1.0
4117,6.0,0,1.0
4118,4.0,0,1.0
4119,4.0,0,1.0
4120,1.0,0,1.0
4123,5.5,2.1213203435596424,2.0
4125,6.0,0,1.0
4130,1.5,0.7071067811865476,2.0
4131,8.0,0,1.0
4132,1.0,0,1.0
4134,3.0,0.0,2.0
4136,1.0,0,1.0
4137,2.0,0,1.0
4139,5.5,6.363961030678928,2.0
4142,7.0,0,1.0
4146,7.0,0,1.0
4148,1.0,0,1.0
4151,1.0,0,1.0
4153,16.0,0,1.0
4154,1.0,0,1.0
4156,4.0,0,1.0
4157,1.0,0,1.0
4158,1.0,0.0,2.0
4162,4.5,4.949747468305833,2.0
4166,8.0,9.899494936611665,2.0
4170,7.0,0,1.0
4171,6.0,0,1.0
4173,37.0,0,1.0
4175,5.0,0,1.0
4176,58.0,0,1.0
4177,1.0,0,1.0
4178,34.0,0,1.0
4179,1.0,0,1.0
4181,4.0,0,1.0
4182,54.0,0,1.0
4183,7.0,0,1.0
4186,2.0,0,1.0
4187,15.5,16.263455967290593,2.0
4188,1.0,0,1.0
4189,5.0,1.4142135623730951,2.0
4191,4.0,0,1.0
4193,7.0,0,1.0
4194,16.0,0,1.0
4195,1.5,0.7071067811865476,2.0
4196,18.0,0,1.0
4197,4.666666666666667,2.8867513459481287,3.0
4202,2.0,0,1.0
4203,13.0,0,1.0
4205,24.0,0,1.0
4207,7.0,0,1.0
4210,6.0,1.4142135623730951,2.0
4211,3.5,0.7071067811865476,2.0
4213,3.0,2.8284271247461903,2.0
4215,1.0,0.0,2.0
4216,5.5,4.949747468305833,2.0
4217,1.0,0,1.0
4219,13.0,0,1.0
4220,5.5,0.7071067811865476,2.0
4221,2.0,0,1.0
4222,2.0,0,1.0
4223,2.0,0,1.0
4224,6.0,0,1.0
4225,10.0,0,1.0
4226,6.0,0,1.0
4227,1.0,0,1.0
4228,4.0,4.242640687119285,2.0
4229,9.0,0,1.0
4232,1.5,0.7071067811865476,2.0
4233,13.0,0,1.0
4235,5.0,0,1.0
4237,6.0,0,1.0
4242,1.0,0,1.0
4243,3.0,2.8284271247461903,2.0
4247,4.0,0,1.0
4248,2.0,0,1.0
4249,3.0,2.8284271247461903,2.0
4250,2.0,0,1.0
4252,3.0,0,1.0
4254,40.0,0,1.0
4260,5.0,0,1.0
4261,21.0,0,1.0
4262,14.0,16.97056274847714,2.0
4263,2.0,0,1.0
4264,1.0,0,1.0
4266,29.0,36.76955262170047,2.0
4267,4.0,0,1.0
4270,1.0,0,1.0
4272,1.0,0,1.0
4275,4.0,0,1.0
4279,6.0,0,1.0
4282,45.0,0,1.0
4283,1.0,0,1.0
4284,7.0,0,1.0
4286,2.0,1.4142135623730951,2.0
4290,4.0,0,1.0
4293,4.0,0,1.0
4295,2.0,0,1.0
4296,2.5,2.1213203435596424,2.0
4299,11.0,0,1.0
4300,11.0,0,1.0
4302,1.0,0,1.0
4303,4.0,0,1.0
4304,9.0,0,1.0
4308,9.0,7.0710678118654755,2.0
4311,10.0,0,1.0
4312,1.0,0,1.0
4313,3.0,0,1.0
4315,2.5,2.1213203435596424,2.0
4318,4.0,0,1.0
4322,4.0,0,1.0
4324,2.0,0,1.0
4326,4.5,0.7071067811865476,2.0
4329,1.0,0,1.0
4332,75.0,0,1.0
4334,2.0,1.4142135623730951,2.0
4337,1.0,0,1.0
4339,6.5,0.7071067811865476,2.0
4342,1.0,0,1.0
4343,5.0,0,1.0
4345,6.0,0,1.0
4347,11.0,0,1.0
4349,15.5,19.091883092036785,2.0
4350,31.0,0,1.0
4352,7.5,3.5355339059327378,2.0
4353,4.5,3.5355339059327378,2.0
4358,2.0,0,1.0
4360,13.0,0,1.0
4364,13.5,4.949747468305833,2.0
4365,33.0,0,1.0
4368,6.0,0,1.0
4369,8.0,0,1.0
4371,24.0,0,1.0
4373,1.0,0,1.0
4375,18.0,0,1.0
4376,9.0,0,1.0
4377,1.0,0,1.0
4378,16.0,0,1.0
4380,4.0,0,1.0
4383,8.0,0,1.0
4384,1.0,0,1.0
4386,11.0,0,1.0
4387,6.0,0,1.0
4390,1.0,0,1.0
4391,2.0,0,1.0
4395,1.0,0,1.0
4397,7.5,7.7781745930520225,2.0
4398,4.0,0,1.0
4400,3.3333333333333335,1.5275252316519465,3.0
4402,5.0,0,1.0
4403,9.0,0,1.0
4404,3.0,0,1.0
4409,8.5,2.1213203435596424,2.0
4410,4.0,0,1.0
4412,1.0,0,1.0
4413,3.0,0,1.0
4414,2.0,0,1.0
4415,9.0,0,1.0
4416,7.0,0,1.0
4417,1.5,0.7071067811865476,2.0
4420,6.0,0,1.0
4422,2.0,0,1.0
4423,2.0,1.4142135623730951,2.0
4424,6.666666666666667,5.507570547286102,3.0
4426,41.0,0,1.0
4427,1.0,0,1.0
4428,5.0,0,1.0
4429,1.0,0,1.0
4430,12.0,0,1.0
4431,13.5,3.5355339059327378,2.0
4433,6.333333333333333,7.571877794400365,3.0
4436,2.0,0.0,2.0
4439,1.0,0,1.0
4442,1.0,0,1.0
4443,22.0,0,1.0
4445,5.0,0,1.0
4446,1.0,0,1.0
4451,34.0,0,1.0
4453,2.0,0,1.0
4454,4.0,0,1.0
4455,8.0,0,1.0
4461,10.0,0,1.0
4462,2.0,0,1.0
4463,1.0,0,1.0
4464,1.0,0,1.0
4465,2.0,0,1.0
4467,3.0,0,1.0
4468,10.0,0,1.0
4472,4.0,0,1.0
4473,1.0,0,1.0
4475,1.0,0,1.0
4477,18.0,0,1.0
4481,4.0,0,1.0
4484,4.0,0,1.0
4491,4.0,0,1.0
4492,7.5,7.7781745930520225,2.0
4495,2.0,0,1.0
4498,1.0,0,1.0
4502,1.0,0,1.0
4505,1.0,0,1.0
4506,3.0,1.4142135623730951,2.0
4509,2.0,0,1.0
4511,2.0,0,1.0
4513,3.0,0,1.0
4514,7.0,0,1.0
4515,10.0,0,1.0
4516,12.0,0,1.0
4517,2.0,0,1.0
4519,6.0,0,1.0
4520,7.0,0,1.0
4522,3.0,0,1.0
4525,9.0,4.242640687119285,2.0
4527,9.0,0,1.0
4528,10.0,0,1.0
4529,1.0,0,1.0
4530,1.0,0,1.0
4531,3.0,0,1.0
4532,2.0,0.0,2.0
4533,13.0,0,1.0
4535,8.0,0,1.0
4536,22.0,0,1.0
4537,6.0,0,1.0
4538,12.0,0,1.0
4539,4.0,0,1.0
4540,6.5,7.7781745930520225,2.0
4541,3.0,0,1.0
4543,1.0,0,1.0
4544,1.0,0,1.0
4545,1.0,0,1.0
4546,6.0,0,1.0
4548,2.0,0,1.0
4549,2.0,0,1.0
4554,6.0,0,1.0
4556,6.0,0,1.0
4559,3.0,0,1.0
4560,1.0,0,1.0
4561,1.0,0,1.0
4568,8.0,0,1.0
4569,8.0,0,1.0
4570,43.0,0,1.0
4571,13.0,0,1.0
4574,1.0,0,1.0
4576,25.0,0,1.0
4579,3.5,2.1213203435596424,2.0
4584,25.0,0,1.0
4585,6.0,0,1.0
4589,2.0,0,1.0
4590,4.0,0,1.0
4595,3.0,0,1.0
4596,6.0,0,1.0
4598,2.0,0,1.0
4599,10.0,0,1.0
4600,1.0,0,1.0
4604,9.0,0,1.0
4607,1.0,0,1.0
4608,2.0,1.4142135623730951,2.0
4609,1.0,0,1.0
4613,3.0,0,1.0
4620,17.0,0,1.0
4622,5.0,0,1.0
4623,1.0,0,1.0
4626,1.0,0,1.0
4629,11.0,0,1.0
4633,2.0,0,1.0
4635,31.0,0,1.0
4637,2.0,1.4142135623730951,2.0
4638,1.0,0,1.0
4639,35.0,0,1.0
4641,17.0,0,1.0
4644,1.0,0,1.0
4646,1.0,0,1.0
4649,9.0,0,1.0
4650,3.0,0,1.0
4651,6.0,0,1.0
4654,1.0,0,1.0
4656,13.0,0,1.0
4658,16.0,0,1.0
4659,4.0,4.242640687119285,2.0
4660,14.0,0,1.0
4662,69.0,0,1.0
4663,2.0,0,1.0
4664,5.0,0,1.0
4666,18.666666666666668,21.93931022920578,3.0
4667,15.0,0,1.0
4668,7.0,0.0,2.0
4669,26.0,0,1.0
4670,1.0,0,1.0
4672,15.5,17.67766952966369,2.0
4674,15.0,0,1.0
4676,10.5,2.1213203435596424,2.0
4678,14.0,0,1.0
4679,1.0,0,1.0
4682,8.5,9.192388155425117,2.0
4683,7.5,10.408329997330663,4.0
4684,2.0,0,1.0
4686,2.0,0,1.0
4688,3.0,0,1.0
4689,9.0,0,1.0
4690,30.0,0,1.0
4692,23.5,27.577164466275352,2.0
4696,6.666666666666667,4.509249752822894,3.0
4698,4.0,0,1.0
4700,2.0,0,1.0
4701,1.0,0.0,2.0
4702,17.0,0,1.0
4705,2.5,2.1213203435596424,2.0
4709,16.0,0,1.0
4710,2.0,0.0,2.0
4711,5.0,0,1.0
4712,5.0,0,1.0
4713,8.0,9.899494936611665,2.0
4714,1.0,0,1.0
4715,1.0,0,1.0
4716,2.0,0,1.0
4717,1.0,0,1.0
4718,2.0,0,1.0
4719,1.0,0,1.0
4720,3.0,0,1.0
4722,2.0,0,1.0
4724,1.0,0,1.0
4727,2.5,2.1213203435596424,2.0
4728,2.0,0,1.0
4730,25.5,34.64823227814083,2.0
4731,14.666666666666666,18.717193521821944,3.0
4732,1.0,0,1.0
4733,24.0,0,1.0
4734,37.0,0,1.0
4735,18.5,0.7071067811865476,2.0
4738,3.0,2.8284271247461903,2.0
4740,1.0,0,1.0
4744,1.0,0,1.0
4745,20.0,0,1.0
4747,3.5,3.5355339059327378,2.0
4748,19.0,0,1.0
4751,3.0,0,1.0
4754,1.0,0,1.0
4755,4.0,0,1.0
4762,6.0,0,1.0
4764,1.0,0,1.0
4765,8.0,0,1.0
4766,2.0,0,1.0
4769,1.0,0,1.0
4770,1.0,0,1.0
4775,2.0,0.0,2.0
4777,7.0,1.4142135623730951,2.0
4778,3.0,2.8284271247461903,2.0
4782,1.0,0,1.0
4783,6.0,0,1.0
4784,6.0,5.656854249492381,2.0
4787,1.5,0.7071067811865476,2.0
4788,16.0,0,1.0
4790,4.5,2.1213203435596424,2.0
4791,1.0,0,1.0
4792,3.0,0,1.0
4793,2.0,1.4142135623730951,2.0
4794,1.0,0,1.0
4795,5.5,6.363961030678928,2.0
4797,10.0,0,1.0
4799,10.0,0,1.0
4800,6.0,0,1.0
4801,4.0,0,1.0
4802,1.0,0,1.0
4803,15.5,19.091883092036785,2.0
4804,14.5,14.849242404917497,2.0
4805,2.0,0,1.0
4806,8.666666666666666,7.637626158259733,3.0
4807,1.0,0,1.0
4808,1.5,0.7071067811865476,2.0
4809,1.0,0,1.0
4811,14.0,0,1.0
4812,7.0,0,1.0
4813,2.0,0,1.0
4814,2.0,0,1.0
4815,1.0,0,1.0
4817,9.0,11.313708498984761,2.0
4818,1.5,0.7071067811865476,2.0
4819,11.0,0,1.0
4821,9.0,0,1.0
4823,7.5,7.7781745930520225,2.0
4825,2.0,0,1.0
4826,24.5,31.81980515339464,2.0
4828,5.0,0,1.0
4831,3.0,1.4142135623730951,2.0
4836,3.0,0,1.0
4837,23.0,0,1.0
4839,2.0,1.4142135623730951,2.0
4840,2.0,0,1.0
4841,5.0,0,1.0
4842,11.0,0,1.0
4843,2.0,0.0,2.0
4846,8.0,9.899494936611665,2.0
4848,4.0,0,1.0
4851,5.0,0,1.0
4852,13.0,14.142135623730951,2.0
4853,2.0,0.0,3.0
4854,1.0,0,1.0
4855,10.0,0,1.0
4856,63.0,0,1.0
4857,1.0,0,1.0
4862,1.0,0,1.0
4865,8.0,0,1.0
4866,1.5,0.7071067811865476,2.0
4868,10.0,0,1.0
4869,1.0,0.0,2.0
4870,5.0,0,1.0
4871,2.0,0,1.0
4872,7.0,0,1.0
4875,28.0,36.76955262170047,2.0
4877,4.0,0,1.0
4880,4.0,0,1.0
4883,5.0,0,1.0
4884,3.0,1.4142135623730951,2.0
4886,2.0,0,1.0
4887,19.5,21.920310216782973,2.0
4888,10.0,0,1.0
4889,13.0,16.97056274847714,2.0
4892,25.0,0,1.0
4893,7.0,0,1.0
4897,1.0,0,1.0
4899,1.0,0,1.0
4900,12.0,0,1.0
4901,1.0,0,1.0
4903,2.0,0,1.0
4904,1.0,0,1.0
4905,4.0,0,1.0
4906,3.0,2.0,3.0
4908,1.0,0,1.0
4910,2.0,0,1.0
4911,2.0,0,1.0
4913,8.0,0,1.0
4914,2.0,0,1.0
4917,1.0,0.0,2.0
4925,1.0,0,1.0
4926,5.0,0,1.0
4927,1.0,0,1.0
4932,8.0,0,1.0
4934,1.0,0,1.0
4937,7.0,0,1.0
4939,62.0,0,1.0
4941,5.333333333333333,7.505553499465136,3.0
4942,2.0,0,1.0
4943,18.0,0,1.0
4949,12.666666666666666,6.429100507328636,3.0
4951,3.0,0,1.0
4952,1.0,0,1.0
4953,10.0,0,1.0
4957,15.333333333333334,15.37313674346694,3.0
4958,21.0,0,1.0
4962,10.5,4.949747468305833,2.0
4963,2.0,0,1.0
4966,3.0,0,1.0
4967,1.0,0,1.0
4969,35.0,0,1.0
4973,6.5,4.949747468305833,2.0
4978,8.5,10.606601717798213,2.0
4979,7.0,0,1.0
4981,1.0,0,1.0
4984,5.0,5.656854249492381,2.0
4985,1.0,0,1.0
4986,1.0,0,1.0
4987,1.0,0,1.0
4988,12.5,2.1213203435596424,2.0
4989,3.0,0,1.0
4990,17.0,0,1.0
4991,1.0,0,1.0
4992,15.0,0,1.0
4993,4.0,3.605551275463989,3.0
4994,6.0,0,1.0
4996,19.0,5.656854249492381,2.0
4997,2.0,0,1.0
4999,2.0,0,1.0
5000,4.0,0,1.0
5001,4.0,0,1.0
5002,4.0,0,1.0
5003,14.0,0,1.0
5006,1.5,0.7071067811865476,2.0
5007,6.5,6.363961030678928,2.0
5008,7.5,6.363961030678928,2.0
5011,2.0,0,1.0
5012,12.0,0,1.0
5013,2.0,0,1.0
5015,1.0,0,1.0
5016,3.5,3.5355339059327378,2.0
5017,28.0,0,1.0
5019,14.0,0,1.0
5020,23.0,0,1.0
5021,3.0,0,1.0
5024,10.0,1.4142135623730951,2.0
5026,1.6666666666666667,0.5773502691896257,3.0
5028,27.0,0,1.0
5029,2.0,0,1.0
5032,1.3333333333333333,0.5773502691896257,3.0
5034,1.0,0,1.0
5036,1.0,0,1.0
5037,21.5,12.020815280171307,2.0
5040,2.0,0,1.0
5041,54.0,0,1.0
5043,2.0,0,1.0
5044,1.0,0,1.0
5047,4.0,0,1.0
5050,6.0,0,1.0
5051,6.5,7.7781745930520225,2.0
5062,6.5,2.1213203435596424,2.0
5063,2.0,0,1.0
5065,12.0,0,1.0
5066,4.0,0,1.0
5067,29.0,0,1.0
5068,1.0,0,1.0
5069,1.0,0,1.0
5074,5.0,0,1.0
5075,7.0,0,1.0
5083,5.0,0,1.0
5084,2.0,0,1.0
5085,6.0,0,1.0
5088,4.0,0,1.0
5089,1.0,0,1.0
5090,3.0,0,1.0
5093,7.0,0,1.0
5096,11.0,0,1.0
5097,2.5,2.1213203435596424,2.0
5099,5.0,0,1.0
5100,1.0,0,1.0
5101,2.0,0,1.0
5104,1.0,0,1.0
5105,5.5,3.5355339059327378,2.0
5106,2.0,0,1.0
5107,4.0,0,1.0
5109,16.0,12.727922061357855,2.0
5110,1.0,0.0,2.0
5111,7.0,0,1.0
5114,2.0,0.0,2.0
5116,20.0,0,1.0
5118,1.0,0,1.0
5120,3.0,0,1.0
5125,2.0,0,1.0
5126,1.0,0,1.0
5127,9.0,9.16515138991168,3.0
5130,10.0,0,1.0
5131,2.5,2.1213203435596424,2.0
5133,8.0,0,1.0
5134,2.5,2.1213203435596424,2.0
5137,2.0,0,1.0
5140,5.0,0,1.0
5141,3.0,0,1.0
5142,5.0,0,1.0
5143,2.0,0,1.0
5145,6.0,0,1.0
5148,9.0,0,1.0
5150,7.0,0,1.0
5151,1.0,0,1.0
5152,3.0,0,1.0
5155,6.0,0,1.0
5156,8.0,0,1.0
5158,4.0,2.8284271247461903,2.0
5159,1.0,0,1.0
5162,16.0,0,1.0
5163,34.0,0,1.0
5164,7.0,8.48528137423857,2.0
5167,3.3333333333333335,1.5275252316519468,3.0
5168,30.0,0,1.0
5170,1.0,0,1.0
5171,3.0,0,1.0
5172,2.0,0,1.0
5175,3.3333333333333335,2.0816659994661326,3.0
5176,5.0,0,1.0
5177,17.0,21.213203435596427,2.0
5178,9.0,0,1.0
5181,3.0,0,1.0
5182,15.5,20.506096654409877,2.0
5184,4.0,2.8284271247461903,2.0
5185,2.0,0,1.0
5186,10.0,0,1.0
5188,4.0,0,1.0
5189,8.0,0,1.0
5191,3.0,0,1.0
5192,9.0,5.656854249492381,2.0
5193,2.0,0,1.0
5194,5.0,0,1.0
5195,24.0,0,1.0
5196,3.0,0,1.0
5197,1.5,0.7071067811865476,2.0
5198,3.0,0,1.0
5199,10.0,0,1.0
5200,5.5,3.5355339059327378,2.0
5202,3.0,0,1.0
5203,16.5,6.363961030678928,2.0
5205,5.0,3.605551275463989,3.0
5206,6.0,0,1.0
5207,1.0,0.0,2.0
5209,33.0,0,1.0
5210,29.0,0,1.0
5211,1.0,0,1.0
5212,16.0,0,1.0
5213,4.0,0,1.0
5214,5.0,0,1.0
5215,9.5,2.1213203435596424,2.0
5216,4.0,0.0,2.0
5218,5.0,0,1.0
5219,2.0,0,1.0
5220,14.0,0,1.0
5221,1.0,0,1.0
5222,5.0,0,1.0
5223,3.0,3.4641016151377544,3.0
5224,5.0,0,1.0
5226,29.0,0,1.0
5227,2.0,0,1.0
5229,1.0,0,1.0
5230,3.0,0,1.0
5231,1.0,0,1.0
5232,9.0,7.0710678118654755,2.0
5234,9.0,0,1.0
5235,1.0,0,1.0
5236,2.0,0,1.0
5238,1.0,0,1.0
5241,4.0,2.8284271247461903,2.0
5242,11.0,0,1.0
5243,3.0,2.8284271247461903,2.0
5247,7.0,0,1.0
5248,6.0,0,1.0
5249,5.5,0.7071067811865476,2.0
5250,1.0,0,1.0
5251,63.0,0,1.0
5252,2.5,0.7071067811865476,2.0
5253,3.0,0,1.0
5256,5.0,0,1.0
5257,3.0,0,1.0
5258,17.0,0,1.0
5259,7.0,6.0,3.0
5261,24.0,21.213203435596427,2.0
5262,3.0,0,1.0
5263,3.0,0,1.0
5266,7.0,0,1.0
5267,5.0,4.242640687119285,2.0
5268,2.0,0,1.0
5269,9.5,2.1213203435596424,2.0
5270,2.3333333333333335,0.5773502691896258,3.0
5271,16.0,11.313708498984761,2.0
5272,4.333333333333333,4.163331998932265,3.0
5275,4.0,1.4142135623730951,2.0
5277,26.5,24.748737341529164,2.0
5279,3.0,0,1.0
5280,20.0,0,1.0
5282,10.0,0,1.0
5283,15.0,0,1.0
5284,2.0,0,1.0
5285,1.0,0,1.0
5289,1.0,0,1.0
5290,5.0,5.656854249492381,2.0
5291,4.0,4.242640687119285,2.0
5293,2.0,0.0,2.0
5294,1.0,0,1.0
5295,13.0,0,1.0
5297,13.0,0,1.0
5298,2.0,0,1.0
5299,7.5,0.7071067811865476,2.0
5300,1.0,0,1.0
5301,13.5,13.435028842544403,2.0
5302,5.0,0,1.0
5303,3.0,1.7320508075688772,3.0
5305,5.0,0,1.0
5306,1.0,0,1.0
5307,4.0,0,1.0
5309,1.0,0,1.0
5311,4.0,0,1.0
5316,3.0,0.0,2.0
5317,1.0,0,1.0
5321,3.0,0,1.0
5323,49.0,0,1.0
5324,9.0,2.8284271247461903,2.0
5325,2.0,0,1.0
5326,1.0,0.0,2.0
5327,32.5,44.54772721475249,2.0
5328,6.0,0,1.0
5329,20.0,0,1.0
5332,1.0,0,1.0
5333,3.0,0,1.0
5335,1.0,0,1.0
5338,1.0,0,1.0
5340,1.0,0.0,2.0
5341,3.0,0,1.0
5342,1.0,0,1.0
5347,2.3333333333333335,1.5275252316519468,3.0
5349,1.0,0,1.0
5350,3.0,0,1.0
5355,10.0,0,1.0
5357,5.0,0,1.0
5359,60.0,0,1.0
5363,1.0,0,1.0
5364,8.5,10.606601717798213,2.0
5368,3.0,0,1.0
5370,5.0,0,1.0
5371,7.0,0,1.0
5372,1.0,0,1.0
5374,3.0,0,1.0
5375,3.0,0,1.0
5379,2.0,0,1.0
5380,1.0,0.0,2.0
5383,3.0,0,1.0
5384,1.0,0,1.0
5385,2.0,0,1.0
5386,1.0,0.0,2.0
5388,9.0,9.899494936611665,2.0
5392,2.0,0,1.0
5393,4.0,0,1.0
5395,5.0,0,1.0
5396,2.0,0,1.0
5397,2.0,0.0,2.0
5398,5.0,4.242640687119285,2.0
5399,1.0,0,1.0
5401,3.0,0,1.0
5402,2.0,0,1.0
5404,9.0,0,1.0
5406,1.0,0,1.0
5410,3.0,0,1.0
5412,1.0,0,1.0
5413,2.0,0,1.0
5417,14.0,0,1.0
5419,1.0,0,1.0
5424,2.0,0.0,2.0
5427,1.0,0,1.0
5428,2.0,1.4142135623730951,2.0
5430,1.0,0,1.0
5434,12.0,0,1.0
5436,8.0,0,1.0
5441,1.5,0.7071067811865476,2.0
5444,2.0,0,1.0
5445,16.5,9.192388155425117,2.0
5446,7.0,0,1.0
5449,47.0,0,1.0
5451,1.0,0,1.0
5453,1.0,0,1.0
5455,5.0,0,1.0
5457,10.0,0,1.0
5458,1.0,0,1.0
5461,3.0,0,1.0
5463,2.0,0,1.0
5464,8.0,0,1.0
5468,15.0,18.384776310850235,2.0
5470,2.0,0,1.0
5471,1.0,0,1.0
5472,1.0,0,1.0
5473,1.0,0.0,2.0
5475,1.0,0,1.0
5477,6.0,0,1.0
5478,6.0,0,1.0
5479,1.0,0,1.0
5480,2.0,0,1.0
5482,3.0,1.4142135623730951,2.0
5485,1.0,0,1.0
5487,8.0,0,1.0
5488,4.0,0,1.0
5489,3.0,0,1.0
5490,1.0,0,1.0
5495,5.0,0,1.0
5496,7.0,0.0,2.0
5498,2.5,2.1213203435596424,2.0
5499,3.5,0.7071067811865476,2.0
5501,1.0,0,1.0
5506,8.0,0,1.0
5508,4.0,0,1.0
5509,9.0,0,1.0
5515,2.0,0,1.0
5517,6.0,0,1.0
5520,12.0,0,1.0
5522,1.0,0,1.0
5523,6.0,0,1.0
5527,2.0,0,1.0
5529,1.0,0,1.0
5532,2.0,0,1.0
5533,2.0,0,1.0
5534,6.0,0,1.0
5536,2.0,0,1.0
5541,1.0,0,1.0
5544,2.5,2.1213203435596424,2.0
5550,4.0,0,1.0
5556,2.0,0,1.0
5557,1.0,0,1.0
5560,6.0,0,1.0
5561,1.0,0,1.0
5563,3.6666666666666665,3.0550504633038935,3.0
5568,2.0,0,1.0
5570,7.0,0,1.0
5574,3.0,0,1.0
5580,1.5,0.7071067811865476,2.0
5582,1.0,0,1.0
5583,17.0,0,1.0
5587,3.0,0,1.0
5588,2.0,1.4142135623730951,2.0
5596,1.0,0,1.0
5599,1.0,0.0,2.0
5603,1.5,0.7071067811865476,2.0
5607,1.0,0,1.0
5608,1.0,0,1.0
5609,2.0,0,1.0
5610,7.0,0,1.0
5611,5.0,0,1.0
5612,1.0,0.0,2.0
5613,11.5,10.606601717798213,2.0
5616,3.0,0,1.0
5617,1.0,0,1.0
5618,1.0,0,1.0
5622,8.0,0,1.0
5625,7.5,7.7781745930520225,2.0
5626,1.0,0,1.0
5627,9.0,0,1.0
5630,5.0,0,1.0
5632,1.0,0,1.0
5636,2.0,0,1.0
5638,5.0,0,1.0
5640,8.0,0,1.0
5646,1.0,0,1.0
5653,1.0,0,1.0
5655,2.0,0,1.0
5656,5.0,0,1.0
5658,10.0,0,1.0
5659,8.5,6.363961030678928,2.0
5662,3.0,0,1.0
5663,1.0,0,1.0
5664,2.0,0,1.0
5671,2.0,0,1.0
5672,1.0,0,1.0
5676,2.0,0,1.0
5680,5.0,2.8284271247461903,2.0
5686,10.0,0,1.0
5687,1.0,0,1.0
5690,2.0,0,1.0
5691,6.0,0,1.0
5693,2.0,0,1.0
5694,1.0,0,1.0
5695,1.0,0,1.0
5699,2.0,0,1.0
5701,1.0,0,1.0
5702,6.0,0,1.0
5708,2.5,2.1213203435596424,2.0
5709,7.5,9.192388155425117,2.0
5713,3.0,0.0,2.0
5714,2.0,0,1.0
5717,2.0,0,1.0
5719,1.0,0,1.0
5720,4.0,0,1.0
5722,1.0,0,1.0
5723,1.0,0,1.0
5725,1.0,0,1.0
5726,3.0,0,1.0
5731,1.0,0,1.0
5734,4.0,0,1.0
5738,1.0,0,1.0
5741,5.5,4.949747468305833,2.0
5746,5.0,0,1.0
5748,36.0,0,1.0
5755,5.0,0,1.0
5762,14.0,0,1.0
5767,18.5,17.67766952966369,2.0
5768,1.0,0,1.0
5777,4.0,0,1.0
5779,2.0,0,1.0
5785,2.0,0,1.0
5792,20.0,0,1.0
5796,13.0,0,1.0
5797,1.0,0,1.0
5798,15.0,0,1.0
5800,2.0,1.4142135623730951,2.0
5804,3.0,0,1.0
5808,5.0,0,1.0
5810,1.0,0,1.0
5812,1.0,0,1.0
5816,1.0,0,1.0
5821,3.0,0,1.0
5834,4.0,0,1.0
5836,10.0,0,1.0
5840,1.0,0,1.0
5841,1.0,0,1.0
5845,2.0,0,1.0
5846,3.0,0,1.0
5849,20.0,0,1.0
5855,12.0,0,1.0
5856,3.0,0,1.0
5860,4.0,0,1.0
5865,5.0,0,1.0
5868,6.0,0,1.0
5874,21.0,0,1.0
5876,84.0,0,1.0
5878,2.5,2.1213203435596424,2.0
5882,6.5,7.7781745930520225,2.0
5883,1.0,0,1.0
5884,5.0,0,1.0
5886,6.0,0,1.0
5888,15.0,0,1.0
5889,4.0,0,1.0
5890,3.0,0,1.0
5891,1.0,0,1.0
5892,45.0,0,1.0
5893,3.0,0,1.0
5894,4.0,0,1.0
5896,8.0,0,1.0
5897,3.0,0,1.0
5898,3.0,0,1.0
5899,83.0,0,1.0
5903,18.0,0,1.0
5905,1.0,0,1.0
5913,12.0,0,1.0
5917,3.0,0,1.0
5921,49.5,40.30508652763321,2.0
5923,2.0,0,1.0
5924,2.0,0,1.0
5925,2.0,0,1.0
5926,5.0,2.8284271247461903,2.0
5927,13.0,0,1.0
5932,5.0,0,1.0
5933,3.0,0,1.0
5934,5.0,0,1.0
5935,7.5,6.363961030678928,2.0
5939,4.0,0,1.0
5942,15.0,0,1.0
5949,6.0,0,1.0
5950,3.0,0,1.0
5951,4.0,0,1.0
5965,2.0,0,1.0
5973,1.0,0,1.0
5981,22.0,0,1.0
5984,1.0,0,1.0
5985,29.0,0,1.0
5991,4.0,0,1.0
5992,2.0,0,1.0
5994,70.0,0,1.0
5996,2.0,1.4142135623730951,2.0
5998,52.0,0,1.0
6002,63.0,0,1.0
6003,3.0,0,1.0
6013,4.0,0,1.0
6015,3.0,0,1.0
6031,2.0,0,1.0
6034,3.0,0,1.0
6038,7.0,0,1.0
6048,41.0,49.49747468305833,2.0
6051,2.0,0,1.0
6052,11.0,14.142135623730951,2.0
6054,2.0,0,1.0
6055,9.0,0,1.0
6056,3.0,0,1.0
6057,11.0,0,1.0
6058,3.0,0,1.0
6061,4.5,3.5355339059327378,2.0
6063,2.0,0,1.0
6064,2.0,0,1.0
6065,2.0,1.4142135623730951,2.0
6066,3.0,0,1.0
6068,1.6666666666666667,1.1547005383792517,3.0
6071,8.0,0,1.0
6074,5.0,0,1.0
6075,6.0,0,1.0
6077,1.0,0,1.0
6079,17.0,0,1.0
6083,3.5,0.7071067811865476,2.0
6084,7.0,0,1.0
6086,2.0,0,1.0
6089,2.6666666666666665,2.8867513459481287,3.0
6091,5.0,0,1.0
6092,6.0,0,1.0
6093,1.0,0,1.0
6094,8.5,10.606601717798213,2.0
6099,2.0,0,1.0
6101,8.0,0,1.0
6102,1.5,0.7071067811865476,2.0
6103,2.0,0,1.0
6104,6.0,0,1.0
6105,2.0,0,1.0
6108,3.0,0,1.0
6111,3.0,0,1.0
6113,7.0,4.242640687119285,2.0
6115,2.0,0,1.0
6117,5.0,0,1.0
6118,4.0,0,1.0
6119,1.0,0,1.0
6123,1.0,0,1.0
6125,6.0,0,1.0
6126,2.0,0,1.0
6127,1.0,0,1.0
6129,7.0,0,1.0
6131,1.0,0,1.0
6132,5.0,0,1.0
6133,1.0,0.0,2.0
6137,2.0,0,1.0
6140,14.0,0,1.0
6143,2.0,0,1.0
6144,2.0,0,1.0
6146,12.0,0,1.0
6149,3.0,0,1.0
6153,1.0,0,1.0
6161,2.0,0.0,2.0
6163,4.0,2.8284271247461903,2.0
6166,25.0,33.94112549695428,2.0
6167,5.0,0,1.0
6173,6.0,0,1.0
6174,1.0,0,1.0
6176,1.0,0,1.0
6177,8.0,5.656854249492381,2.0
6180,10.0,0,1.0
6181,1.0,0.0,2.0
6184,1.0,0,1.0
6187,5.0,0,1.0
6190,1.0,0,1.0
6192,2.0,0,1.0
6194,4.0,0,1.0
6195,3.0,0.0,2.0
6197,1.0,0,1.0
6198,1.0,0,1.0
6200,1.0,0,1.0
6208,9.0,0,1.0
6211,2.0,0,1.0
6214,1.0,0,1.0
6222,6.0,0,1.0
6232,9.0,0,1.0
6241,10.0,0,1.0
6243,1.0,0,1.0
6254,12.0,0,1.0
6260,1.0,0,1.0
6266,1.0,0,1.0
6270,6.0,0,1.0
6276,1.0,0,1.0
6287,7.0,0,1.0
6295,1.0,0,1.0
6303,1.0,0,1.0
6312,6.0,0,1.0
6350,9.0,0,1.0
6351,29.0,0,1.0
6353,1.0,0,1.0
6354,1.0,0,1.0
6355,40.0,0,1.0
6360,1.0,0,1.0
6365,1.0,0,1.0
6367,4.0,0,1.0
6374,21.0,0,1.0
6382,4.0,0,1.0
6385,32.0,0,1.0
6388,7.0,0,1.0
6393,2.0,0,1.0
6395,4.0,0,1.0
6398,12.0,0,1.0
6399,2.0,0,1.0
6401,8.0,0,1.0
6403,2.0,0,1.0
6404,3.0,0,1.0
6408,38.0,0,1.0
6412,1.0,0,1.0
6418,19.0,0,1.0
6421,3.0,0,1.0
6422,2.0,0,1.0
6425,21.0,0,1.0
6426,1.0,0,1.0
6427,4.0,0,1.0
6428,5.0,0,1.0
6429,15.0,0,1.0
6436,3.0,0,1.0
6447,9.0,0,1.0
6451,13.0,0,1.0
6461,23.0,0,1.0
6465,16.0,0,1.0
6497,1.0,0,1.0
6500,8.0,0,1.0
6505,13.0,0,1.0
6511,15.0,0,1.0
6516,10.0,0,1.0
6518,9.0,0,1.0
6519,12.0,0,1.0
6520,21.0,0,1.0
6521,3.0,0,1.0
6522,8.0,0,1.0
6524,3.0,0,1.0
6525,3.0,0,1.0
6529,7.0,0,1.0
6530,1.0,0,1.0
6532,33.0,0,1.0
6537,8.0,0,1.0
6539,10.0,0,1.0
6542,56.0,0,1.0
6551,1.0,0,1.0
6558,8.0,0,1.0
6562,16.0,0,1.0
6564,9.0,0,1.0
6568,13.0,0,1.0
6569,7.0,0,1.0
6578,1.0,0,1.0
6581,8.0,0,1.0
6582,2.0,0,1.0
6584,17.0,0,1.0
6594,1.0,0,1.0
6600,7.0,0,1.0
6603,1.0,0,1.0
6604,17.0,0,1.0
6605,13.0,0,1.0
6612,1.0,0,1.0
6616,18.0,0,1.0
6620,1.0,0,1.0
6637,1.0,0,1.0
6646,1.0,0,1.0
6654,9.0,0,1.0
6657,12.0,0,1.0
6665,7.0,0,1.0
6669,5.0,0,1.0
6670,1.0,0,1.0
6673,39.0,0,1.0
6682,2.0,0,1.0
6689,2.0,0,1.0
6697,3.0,0,1.0
6701,3.0,0,1.0
6703,14.0,0,1.0
6707,1.0,0,1.0
6709,13.0,0,1.0
6710,6.0,0,1.0
6712,17.0,0,1.0
6713,1.0,0,1.0
6716,5.0,0,1.0
6719,14.0,0,1.0
6722,2.0,0,1.0
6723,21.0,0,1.0
6727,5.0,0,1.0
6729,17.0,0,1.0
6732,3.0,0,1.0
6733,22.0,0,1.0
6735,16.0,0,1.0
6740,8.0,0,1.0
6741,2.0,0,1.0
6744,30.0,0,1.0
6751,13.0,0,1.0
6753,1.0,0,1.0
6754,10.0,0,1.0
6760,1.0,0,1.0
6763,2.0,0,1.0
6778,7.0,0,1.0
6791,12.0,0,1.0
6801,1.0,0,1.0
6804,1.0,0,1.0
6806,4.0,0,1.0
6812,5.0,0,1.0
6815,2.0,0,1.0
6826,19.0,0,1.0
6834,3.0,0,1.0
6849,8.0,0,1.0
6855,9.0,0,1.0
6858,10.0,0,1.0
6859,1.0,0,1.0
6861,7.0,0,1.0
6864,4.0,0,1.0
6867,4.0,0,1.0
6868,1.0,0,1.0
6871,1.0,0,1.0
6872,8.0,0,1.0
6874,2.0,0,1.0
6880,10.0,0,1.0
6883,6.0,0,1.0
6887,5.0,0,1.0
6891,3.0,0,1.0
6894,5.0,0,1.0
6895,2.0,0,1.0
6897,3.0,0,1.0
6900,10.0,0,1.0
6901,2.0,0,1.0
6902,9.0,0,1.0
6904,3.0,0,1.0
6905,15.0,0,1.0
6908,18.0,0,1.0
6909,5.0,0,1.0
6910,3.0,0,1.0
6911,27.0,0,1.0
6913,9.0,0,1.0
6915,19.0,0,1.0
6918,11.0,0,1.0
6919,14.0,0,1.0
6920,4.0,0,1.0
6922,5.0,0,1.0
6924,19.0,0,1.0
6925,1.0,0,1.0
6926,23.0,0,1.0
6928,13.0,0,1.0
6929,6.0,0,1.0
6930,3.0,0,1.0
6931,2.0,0,1.0
6932,3.0,0,1.0
6935,6.0,0,1.0
6936,19.0,0,1.0
6939,6.0,0,1.0
6940,3.0,0,1.0
6942,12.0,0,1.0
6943,3.0,0,1.0
6948,23.0,0,1.0
6952,2.0,0,1.0
6956,6.0,0,1.0
6959,2.0,0,1.0
6963,8.0,0,1.0
6967,50.0,0,1.0
6974,9.0,0,1.0
6975,13.0,0,1.0
6977,36.0,0,1.0
6978,2.0,0,1.0
6984,2.0,0,1.0
6985,8.0,0,1.0
6986,1.0,0,1.0
6987,21.0,0,1.0
6989,81.0,0,1.0
6991,28.0,0,1.0
6997,17.0,0,1.0
7002,2.0,0,1.0
7023,1.0,0,1.0
7032,5.0,0,1.0
7037,2.0,0,1.0
7043,6.0,0,1.0
7054,0,0,0
7053,0,0,0
7052,0,0,0
7051,0,0,0
7050,0,0,0
7049,0,0,0
7048,0,0,0
7047,0,0,0
7046,0,0,0
7045,0,0,0
7044,0,0,0
7042,0,0,0
7041,0,0,0
7040,0,0,0
7039,0,0,0
7038,0,0,0
7036,0,0,0
7035,0,0,0
7034,0,0,0
7033,0,0,0
7031,0,0,0
7030,0,0,0
7029,0,0,0
7028,0,0,0
7027,0,0,0
7026,0,0,0
7025,0,0,0
7024,0,0,0
7022,0,0,0
7021,0,0,0
7020,0,0,0
7019,0,0,0
7018,0,0,0
7017,0,0,0
7016,0,0,0
7015,0,0,0
7014,0,0,0
7013,0,0,0
7012,0,0,0
7011,0,0,0
7010,0,0,0
7009,0,0,0
7008,0,0,0
7007,0,0,0
7006,0,0,0
7005,0,0,0
7004,0,0,0
7003,0,0,0
7001,0,0,0
7000,0,0,0
6999,0,0,0
6998,0,0,0
6996,0,0,0
6995,0,0,0
6994,0,0,0
6993,0,0,0
6992,0,0,0
6990,0,0,0
6988,0,0,0
6983,0,0,0
6982,0,0,0
6981,0,0,0
6980,0,0,0
6979,0,0,0
6976,0,0,0
6973,0,0,0
6972,0,0,0
6971,0,0,0
6970,0,0,0
6969,0,0,0
6968,0,0,0
6966,0,0,0
6965,0,0,0
6964,0,0,0
6962,0,0,0
6961,0,0,0
6960,0,0,0
6958,0,0,0
6957,0,0,0
6955,0,0,0
6954,0,0,0
6953,0,0,0
6951,0,0,0
6950,0,0,0
6949,0,0,0
6947,0,0,0
6946,0,0,0
6945,0,0,0
6944,0,0,0
6941,0,0,0
6938,0,0,0
6937,0,0,0
6934,0,0,0
6933,0,0,0
6927,0,0,0
6923,0,0,0
6921,0,0,0
6917,0,0,0
6916,0,0,0
6914,0,0,0
6912,0,0,0
6907,0,0,0
6906,0,0,0
6903,0,0,0
6899,0,0,0
6898,0,0,0
6896,0,0,0
6893,0,0,0
6892,0,0,0
6890,0,0,0
6889,0,0,0
6888,0,0,0
6886,0,0,0
6885,0,0,0
6884,0,0,0
6882,0,0,0
6881,0,0,0
6879,0,0,0
6878,0,0,0
6877,0,0,0
6876,0,0,0
6875,0,0,0
6873,0,0,0
6870,0,0,0
6869,0,0,0
6866,0,0,0
6865,0,0,0
6863,0,0,0
6862,0,0,0
6860,0,0,0
6857,0,0,0
6856,0,0,0
6854,0,0,0
6853,0,0,0
6852,0,0,0
6851,0,0,0
6850,0,0,0
6848,0,0,0
6847,0,0,0
6846,0,0,0
6845,0,0,0
6844,0,0,0
6843,0,0,0
6842,0,0,0
6841,0,0,0
6840,0,0,0
6839,0,0,0
6838,0,0,0
6837,0,0,0
6836,0,0,0
6835,0,0,0
6833,0,0,0
6832,0,0,0
6831,0,0,0
6830,0,0,0
6829,0,0,0
6828,0,0,0
6827,0,0,0
6825,0,0,0
6824,0,0,0
6823,0,0,0
6822,0,0,0
6821,0,0,0
6820,0,0,0
6819,0,0,0
6818,0,0,0
6817,0,0,0
6816,0,0,0
6814,0,0,0
6813,0,0,0
6811,0,0,0
6810,0,0,0
6809,0,0,0
6808,0,0,0
6807,0,0,0
6805,0,0,0
6803,0,0,0
6802,0,0,0
6800,0,0,0
6799,0,0,0
6798,0,0,0
6797,0,0,0
6796,0,0,0
6795,0,0,0
6794,0,0,0
6793,0,0,0
6792,0,0,0
6790,0,0,0
6789,0,0,0
6788,0,0,0
6787,0,0,0
6786,0,0,0
6785,0,0,0
6784,0,0,0
6783,0,0,0
6782,0,0,0
6781,0,0,0
6780,0,0,0
6779,0,0,0
6777,0,0,0
6776,0,0,0
6775,0,0,0
6774,0,0,0
6773,0,0,0
6772,0,0,0
6771,0,0,0
6770,0,0,0
6769,0,0,0
6768,0,0,0
6767,0,0,0
6766,0,0,0
6765,0,0,0
6764,0,0,0
6762,0,0,0
6761,0,0,0
6759,0,0,0
6758,0,0,0
6757,0,0,0
6756,0,0,0
6755,0,0,0
6752,0,0,0
6750,0,0,0
6749,0,0,0
6748,0,0,0
6747,0,0,0
6746,0,0,0
6745,0,0,0
6743,0,0,0
6742,0,0,0
6739,0,0,0
6738,0,0,0
6737,0,0,0
6736,0,0,0
6734,0,0,0
6731,0,0,0
6730,0,0,0
6728,0,0,0
6726,0,0,0
6725,0,0,0
6724,0,0,0
6721,0,0,0
6720,0,0,0
6718,0,0,0
6717,0,0,0
6715,0,0,0
6714,0,0,0
6711,0,0,0
6708,0,0,0
6706,0,0,0
6705,0,0,0
6704,0,0,0
6702,0,0,0
6700,0,0,0
6699,0,0,0
6698,0,0,0
6696,0,0,0
6695,0,0,0
6694,0,0,0
6693,0,0,0
6692,0,0,0
6691,0,0,0
6690,0,0,0
6688,0,0,0
6687,0,0,0
6686,0,0,0
6685,0,0,0
6684,0,0,0
6683,0,0,0
6681,0,0,0
6680,0,0,0
6679,0,0,0
6678,0,0,0
6677,0,0,0
6676,0,0,0
6675,0,0,0
6674,0,0,0
6672,0,0,0
6671,0,0,0
6668,0,0,0
6667,0,0,0
6666,0,0,0
6664,0,0,0
6663,0,0,0
6662,0,0,0
6661,0,0,0
6660,0,0,0
6659,0,0,0
6658,0,0,0
6656,0,0,0
6655,0,0,0
6653,0,0,0
6652,0,0,0
6651,0,0,0
6650,0,0,0
6649,0,0,0
6648,0,0,0
6647,0,0,0
6645,0,0,0
6644,0,0,0
6643,0,0,0
6642,0,0,0
6641,0,0,0
6640,0,0,0
6639,0,0,0
6638,0,0,0
6636,0,0,0
6635,0,0,0
6634,0,0,0
6633,0,0,0
6632,0,0,0
6631,0,0,0
6630,0,0,0
6629,0,0,0
6628,0,0,0
6627,0,0,0
6626,0,0,0
6625,0,0,0
6624,0,0,0
6623,0,0,0
6622,0,0,0
6621,0,0,0
6619,0,0,0
6618,0,0,0
6617,0,0,0
6615,0,0,0
6614,0,0,0
6613,0,0,0
6611,0,0,0
6610,0,0,0
6609,0,0,0
6608,0,0,0
6607,0,0,0
6606,0,0,0
6602,0,0,0
6601,0,0,0
6599,0,0,0
6598,0,0,0
6597,0,0,0
6596,0,0,0
6595,0,0,0
6593,0,0,0
6592,0,0,0
6591,0,0,0
6590,0,0,0
6589,0,0,0
6588,0,0,0
6587,0,0,0
6586,0,0,0
6585,0,0,0
6583,0,0,0
6580,0,0,0
6579,0,0,0
6577,0,0,0
6576,0,0,0
6575,0,0,0
6574,0,0,0
6573,0,0,0
6572,0,0,0
6571,0,0,0
6570,0,0,0
6567,0,0,0
6566,0,0,0
6565,0,0,0
6563,0,0,0
6561,0,0,0
6560,0,0,0
6559,0,0,0
6557,0,0,0
6556,0,0,0
6555,0,0,0
6554,0,0,0
6553,0,0,0
6552,0,0,0
6550,0,0,0
6549,0,0,0
6548,0,0,0
6547,0,0,0
6546,0,0,0
6545,0,0,0
6544,0,0,0
6543,0,0,0
6541,0,0,0
6540,0,0,0
6538,0,0,0
6536,0,0,0
6535,0,0,0
6534,0,0,0
6533,0,0,0
6531,0,0,0
6528,0,0,0
6527,0,0,0
6526,0,0,0
6523,0,0,0
6517,0,0,0
6515,0,0,0
6514,0,0,0
6513,0,0,0
6512,0,0,0
6510,0,0,0
6509,0,0,0
6508,0,0,0
6507,0,0,0
6506,0,0,0
6504,0,0,0
6503,0,0,0
6502,0,0,0
6501,0,0,0
6499,0,0,0
6498,0,0,0
6496,0,0,0
6495,0,0,0
6494,0,0,0
6493,0,0,0
6492,0,0,0
6491,0,0,0
6490,0,0,0
6489,0,0,0
6488,0,0,0
6487,0,0,0
6486,0,0,0
6485,0,0,0
6484,0,0,0
6483,0,0,0
6482,0,0,0
6481,0,0,0
6480,0,0,0
6479,0,0,0
6478,0,0,0
6477,0,0,0
6476,0,0,0
6475,0,0,0
6474,0,0,0
6473,0,0,0
6472,0,0,0
6471,0,0,0
6470,0,0,0
6469,0,0,0
6468,0,0,0
6467,0,0,0
6466,0,0,0
6464,0,0,0
6463,0,0,0
6462,0,0,0
6460,0,0,0
6459,0,0,0
6458,0,0,0
6457,0,0,0
6456,0,0,0
6455,0,0,0
6454,0,0,0
6453,0,0,0
6452,0,0,0
6450,0,0,0
6449,0,0,0
6448,0,0,0
6446,0,0,0
6445,0,0,0
6444,0,0,0
6443,0,0,0
6442,0,0,0
6441,0,0,0
6440,0,0,0
6439,0,0,0
6438,0,0,0
6437,0,0,0
6435,0,0,0
6434,0,0,0
6433,0,0,0
6432,0,0,0
6431,0,0,0
6430,0,0,0
6424,0,0,0
6423,0,0,0
6420,0,0,0
6419,0,0,0
6417,0,0,0
6416,0,0,0
6415,0,0,0
6414,0,0,0
6413,0,0,0
6411,0,0,0
6410,0,0,0
6409,0,0,0
6407,0,0,0
6406,0,0,0
6405,0,0,0
6402,0,0,0
6400,0,0,0
6397,0,0,0
6396,0,0,0
6394,0,0,0
6392,0,0,0
6391,0,0,0
6390,0,0,0
6389,0,0,0
6387,0,0,0
6386,0,0,0
6384,0,0,0
6383,0,0,0
6381,0,0,0
6380,0,0,0
6379,0,0,0
6378,0,0,0
6377,0,0,0
6376,0,0,0
6375,0,0,0
6373,0,0,0
6372,0,0,0
6371,0,0,0
6370,0,0,0
6369,0,0,0
6368,0,0,0
6366,0,0,0
6364,0,0,0
6363,0,0,0
6362,0,0,0
6361,0,0,0
6359,0,0,0
6358,0,0,0
6357,0,0,0
6356,0,0,0
6352,0,0,0
6349,0,0,0
6348,0,0,0
6347,0,0,0
6346,0,0,0
6345,0,0,0
6344,0,0,0
6343,0,0,0
6342,0,0,0
6341,0,0,0
6340,0,0,0
6339,0,0,0
6338,0,0,0
6337,0,0,0
6336,0,0,0
6335,0,0,0
6334,0,0,0
6333,0,0,0
6332,0,0,0
6331,0,0,0
6330,0,0,0
6329,0,0,0
6328,0,0,0
6327,0,0,0
6326,0,0,0
6325,0,0,0
6324,0,0,0
6323,0,0,0
6322,0,0,0
6321,0,0,0
6320,0,0,0
6319,0,0,0
6318,0,0,0
6317,0,0,0
6316,0,0,0
6315,0,0,0
6314,0,0,0
6313,0,0,0
6311,0,0,0
6310,0,0,0
6309,0,0,0
6308,0,0,0
6307,0,0,0
6306,0,0,0
6305,0,0,0
6304,0,0,0
6302,0,0,0
6301,0,0,0
6300,0,0,0
6299,0,0,0
6298,0,0,0
6297,0,0,0
6296,0,0,0
6294,0,0,0
6293,0,0,0
6292,0,0,0
6291,0,0,0
6290,0,0,0
6289,0,0,0
6288,0,0,0
6286,0,0,0
6285,0,0,0
6284,0,0,0
6283,0,0,0
6282,0,0,0
6281,0,0,0
6280,0,0,0
6279,0,0,0
6278,0,0,0
6277,0,0,0
6275,0,0,0
6274,0,0,0
6273,0,0,0
6272,0,0,0
6271,0,0,0
6269,0,0,0
6268,0,0,0
6267,0,0,0
6265,0,0,0
6264,0,0,0
6263,0,0,0
6262,0,0,0
6261,0,0,0
6259,0,0,0
6258,0,0,0
6257,0,0,0
6256,0,0,0
6255,0,0,0
6253,0,0,0
6252,0,0,0
6251,0,0,0
6250,0,0,0
6249,0,0,0
6248,0,0,0
6247,0,0,0
6246,0,0,0
6245,0,0,0
6244,0,0,0
6242,0,0,0
6240,0,0,0
6239,0,0,0
6238,0,0,0
6237,0,0,0
6236,0,0,0
6235,0,0,0
6234,0,0,0
6233,0,0,0
6231,0,0,0
6230,0,0,0
6229,0,0,0
6228,0,0,0
6227,0,0,0
6226,0,0,0
6225,0,0,0
6224,0,0,0
6223,0,0,0
6221,0,0,0
6220,0,0,0
6219,0,0,0
6218,0,0,0
6217,0,0,0
6216,0,0,0
6215,0,0,0
6213,0,0,0
6212,0,0,0
6210,0,0,0
6209,0,0,0
6207,0,0,0
6206,0,0,0
6205,0,0,0
6204,0,0,0
6203,0,0,0
6202,0,0,0
6201,0,0,0
6199,0,0,0
6196,0,0,0
6193,0,0,0
6191,0,0,0
6189,0,0,0
6188,0,0,0
6186,0,0,0
6185,0,0,0
6183,0,0,0
6182,0,0,0
6179,0,0,0
6178,0,0,0
6175,0,0,0
6172,0,0,0
6171,0,0,0
6170,0,0,0
6169,0,0,0
6168,0,0,0
6165,0,0,0
6164,0,0,0
6162,0,0,0
6160,0,0,0
6159,0,0,0
6158,0,0,0
6157,0,0,0
6156,0,0,0
6155,0,0,0
6154,0,0,0
6152,0,0,0
6151,0,0,0
6150,0,0,0
6148,0,0,0
6147,0,0,0
6145,0,0,0
6142,0,0,0
6141,0,0,0
6139,0,0,0
6138,0,0,0
6136,0,0,0
6135,0,0,0
6134,0,0,0
6130,0,0,0
6128,0,0,0
6124,0,0,0
6122,0,0,0
6121,0,0,0
6120,0,0,0
6116,0,0,0
6114,0,0,0
6112,0,0,0
6110,0,0,0
6109,0,0,0
6107,0,0,0
6106,0,0,0
6100,0,0,0
6098,0,0,0
6097,0,0,0
6096,0,0,0
6095,0,0,0
6090,0,0,0
6088,0,0,0
6087,0,0,0
6085,0,0,0
6082,0,0,0
6081,0,0,0
6080,0,0,0
6078,0,0,0
6076,0,0,0
6073,0,0,0
6072,0,0,0
6070,0,0,0
6069,0,0,0
6067,0,0,0
6062,0,0,0
6060,0,0,0
6059,0,0,0
6053,0,0,0
6050,0,0,0
6049,0,0,0
6047,0,0,0
6046,0,0,0
6045,0,0,0
6044,0,0,0
6043,0,0,0
6042,0,0,0
6041,0,0,0
6040,0,0,0
6039,0,0,0
6037,0,0,0
6036,0,0,0
6035,0,0,0
6033,0,0,0
6032,0,0,0
6030,0,0,0
6029,0,0,0
6028,0,0,0
6027,0,0,0
6026,0,0,0
6025,0,0,0
6024,0,0,0
6023,0,0,0
6022,0,0,0
6021,0,0,0
6020,0,0,0
6019,0,0,0
6018,0,0,0
6017,0,0,0
6016,0,0,0
6014,0,0,0
6012,0,0,0
6011,0,0,0
6010,0,0,0
6009,0,0,0
6008,0,0,0
6007,0,0,0
6006,0,0,0
6005,0,0,0
6004,0,0,0
6001,0,0,0
6000,0,0,0
5999,0,0,0
5997,0,0,0
5995,0,0,0
5993,0,0,0
5990,0,0,0
5989,0,0,0
5988,0,0,0
5987,0,0,0
5986,0,0,0
5983,0,0,0
5982,0,0,0
5980,0,0,0
5979,0,0,0
5978,0,0,0
5977,0,0,0
5976,0,0,0
5975,0,0,0
5974,0,0,0
5972,0,0,0
5971,0,0,0
5970,0,0,0
5969,0,0,0
5968,0,0,0
5967,0,0,0
5966,0,0,0
5964,0,0,0
5963,0,0,0
5962,0,0,0
5961,0,0,0
5960,0,0,0
5959,0,0,0
5958,0,0,0
5957,0,0,0
5956,0,0,0
5955,0,0,0
5954,0,0,0
5953,0,0,0
5952,0,0,0
5948,0,0,0
5947,0,0,0
5946,0,0,0
5945,0,0,0
5944,0,0,0
5943,0,0,0
5941,0,0,0
5940,0,0,0
5938,0,0,0
5937,0,0,0
5936,0,0,0
5931,0,0,0
5930,0,0,0
5929,0,0,0
5928,0,0,0
5922,0,0,0
5920,0,0,0
5919,0,0,0
5918,0,0,0
5916,0,0,0
5915,0,0,0
5914,0,0,0
5912,0,0,0
5911,0,0,0
5910,0,0,0
5909,0,0,0
5908,0,0,0
5907,0,0,0
5906,0,0,0
5904,0,0,0
5902,0,0,0
5901,0,0,0
5900,0,0,0
5895,0,0,0
5887,0,0,0
5885,0,0,0
5881,0,0,0
5880,0,0,0
5879,0,0,0
5877,0,0,0
5875,0,0,0
5873,0,0,0
5872,0,0,0
5871,0,0,0
5870,0,0,0
5869,0,0,0
5867,0,0,0
5866,0,0,0
5864,0,0,0
5863,0,0,0
5862,0,0,0
5861,0,0,0
5859,0,0,0
5858,0,0,0
5857,0,0,0
5854,0,0,0
5853,0,0,0
5852,0,0,0
5851,0,0,0
5850,0,0,0
5848,0,0,0
5847,0,0,0
5844,0,0,0
5843,0,0,0
5842,0,0,0
5839,0,0,0
5838,0,0,0
5837,0,0,0
5835,0,0,0
5833,0,0,0
5832,0,0,0
5831,0,0,0
5830,0,0,0
5829,0,0,0
5828,0,0,0
5827,0,0,0
5826,0,0,0
5825,0,0,0
5824,0,0,0
5823,0,0,0
5822,0,0,0
5820,0,0,0
5819,0,0,0
5818,0,0,0
5817,0,0,0
5815,0,0,0
5814,0,0,0
5813,0,0,0
5811,0,0,0
5809,0,0,0
5807,0,0,0
5806,0,0,0
5805,0,0,0
5803,0,0,0
5802,0,0,0
5801,0,0,0
5799,0,0,0
5795,0,0,0
5794,0,0,0
5793,0,0,0
5791,0,0,0
5790,0,0,0
5789,0,0,0
5788,0,0,0
5787,0,0,0
5786,0,0,0
5784,0,0,0
5783,0,0,0
5782,0,0,0
5781,0,0,0
5780,0,0,0
5778,0,0,0
5776,0,0,0
5775,0,0,0
5774,0,0,0
5773,0,0,0
5772,0,0,0
5771,0,0,0
5770,0,0,0
5769,0,0,0
5766,0,0,0
5765,0,0,0
5764,0,0,0
5763,0,0,0
5761,0,0,0
5760,0,0,0
5759,0,0,0
5758,0,0,0
5757,0,0,0
5756,0,0,0
5754,0,0,0
5753,0,0,0
5752,0,0,0
5751,0,0,0
5750,0,0,0
5749,0,0,0
5747,0,0,0
5745,0,0,0
5744,0,0,0
5743,0,0,0
5742,0,0,0
5740,0,0,0
5739,0,0,0
5737,0,0,0
5736,0,0,0
5735,0,0,0
5733,0,0,0
5732,0,0,0
5730,0,0,0
5729,0,0,0
5728,0,0,0
5727,0,0,0
5724,0,0,0
5721,0,0,0
5718,0,0,0
5716,0,0,0
5715,0,0,0
5712,0,0,0
5711,0,0,0
5710,0,0,0
5707,0,0,0
5706,0,0,0
5705,0,0,0
5704,0,0,0
5703,0,0,0
5700,0,0,0
5698,0,0,0
5697,0,0,0
5696,0,0,0
5692,0,0,0
5689,0,0,0
5688,0,0,0
5685,0,0,0
5684,0,0,0
5683,0,0,0
5682,0,0,0
5681,0,0,0
5679,0,0,0
5678,0,0,0
5677,0,0,0
5675,0,0,0
5674,0,0,0
5673,0,0,0
5670,0,0,0
5669,0,0,0
5668,0,0,0
5667,0,0,0
5666,0,0,0
5665,0,0,0
5661,0,0,0
5660,0,0,0
5657,0,0,0
5654,0,0,0
5652,0,0,0
5651,0,0,0
5650,0,0,0
5649,0,0,0
5648,0,0,0
5647,0,0,0
5645,0,0,0
5644,0,0,0
5643,0,0,0
5642,0,0,0
5641,0,0,0
5639,0,0,0
5637,0,0,0
5635,0,0,0
5634,0,0,0
5633,0,0,0
5631,0,0,0
5629,0,0,0
5628,0,0,0
5624,0,0,0
5623,0,0,0
5621,0,0,0
5620,0,0,0
5619,0,0,0
5615,0,0,0
5614,0,0,0
5606,0,0,0
5605,0,0,0
5604,0,0,0
5602,0,0,0
5601,0,0,0
5600,0,0,0
5598,0,0,0
5597,0,0,0
5595,0,0,0
5594,0,0,0
5593,0,0,0
5592,0,0,0
5591,0,0,0
5590,0,0,0
5589,0,0,0
5586,0,0,0
5585,0,0,0
5584,0,0,0
5581,0,0,0
5579,0,0,0
5578,0,0,0
5577,0,0,0
5576,0,0,0
5575,0,0,0
5573,0,0,0
5572,0,0,0
5571,0,0,0
5569,0,0,0
5567,0,0,0
5566,0,0,0
5565,0,0,0
5564,0,0,0
5562,0,0,0
5559,0,0,0
5558,0,0,0
5555,0,0,0
5554,0,0,0
5553,0,0,0
5552,0,0,0
5551,0,0,0
5549,0,0,0
5548,0,0,0
5547,0,0,0
5546,0,0,0
5545,0,0,0
5543,0,0,0
5542,0,0,0
5540,0,0,0
5539,0,0,0
5538,0,0,0
5537,0,0,0
5535,0,0,0
5531,0,0,0
5530,0,0,0
5528,0,0,0
5526,0,0,0
5525,0,0,0
5524,0,0,0
5521,0,0,0
5519,0,0,0
5518,0,0,0
5516,0,0,0
5514,0,0,0
5513,0,0,0
5512,0,0,0
5511,0,0,0
5510,0,0,0
5507,0,0,0
5505,0,0,0
5504,0,0,0
5503,0,0,0
5502,0,0,0
5500,0,0,0
5497,0,0,0
5494,0,0,0
5493,0,0,0
5492,0,0,0
5491,0,0,0
5486,0,0,0
5484,0,0,0
5483,0,0,0
5481,0,0,0
5476,0,0,0
5474,0,0,0
5469,0,0,0
5467,0,0,0
5466,0,0,0
5465,0,0,0
5462,0,0,0
5460,0,0,0
5459,0,0,0
5456,0,0,0
5454,0,0,0
5452,0,0,0
5450,0,0,0
5448,0,0,0
5447,0,0,0
5443,0,0,0
5442,0,0,0
5440,0,0,0
5439,0,0,0
5438,0,0,0
5437,0,0,0
5435,0,0,0
5433,0,0,0
5432,0,0,0
5431,0,0,0
5429,0,0,0
5426,0,0,0
5425,0,0,0
5423,0,0,0
5422,0,0,0
5421,0,0,0
5420,0,0,0
5418,0,0,0
5416,0,0,0
5415,0,0,0
5414,0,0,0
5411,0,0,0
5409,0,0,0
5408,0,0,0
5407,0,0,0
5405,0,0,0
5403,0,0,0
5400,0,0,0
5394,0,0,0
5391,0,0,0
5390,0,0,0
5389,0,0,0
5387,0,0,0
5382,0,0,0
5381,0,0,0
5378,0,0,0
5377,0,0,0
5376,0,0,0
5373,0,0,0
5369,0,0,0
5367,0,0,0
5366,0,0,0
5365,0,0,0
5362,0,0,0
5361,0,0,0
5360,0,0,0
5358,0,0,0
5356,0,0,0
5354,0,0,0
5353,0,0,0
5352,0,0,0
5351,0,0,0
5348,0,0,0
5346,0,0,0
5345,0,0,0
5344,0,0,0
5343,0,0,0
5339,0,0,0
5337,0,0,0
5336,0,0,0
5334,0,0,0
5331,0,0,0
5330,0,0,0
5322,0,0,0
5320,0,0,0
5319,0,0,0
5318,0,0,0
5315,0,0,0
5314,0,0,0
5313,0,0,0
5312,0,0,0
5310,0,0,0
5308,0,0,0
5304,0,0,0
5296,0,0,0
5292,0,0,0
5288,0,0,0
5287,0,0,0
5286,0,0,0
5281,0,0,0
5278,0,0,0
5276,0,0,0
5274,0,0,0
5273,0,0,0
5265,0,0,0
5264,0,0,0
5260,0,0,0
5255,0,0,0
5254,0,0,0
5246,0,0,0
5245,0,0,0
5244,0,0,0
5240,0,0,0
5239,0,0,0
5237,0,0,0
5233,0,0,0
5228,0,0,0
5225,0,0,0
5217,0,0,0
5208,0,0,0
5204,0,0,0
5201,0,0,0
5190,0,0,0
5187,0,0,0
5183,0,0,0
5180,0,0,0
5179,0,0,0
5174,0,0,0
5173,0,0,0
5169,0,0,0
5166,0,0,0
5165,0,0,0
5161,0,0,0
5160,0,0,0
5157,0,0,0
5154,0,0,0
5153,0,0,0
5149,0,0,0
5147,0,0,0
5146,0,0,0
5144,0,0,0
5139,0,0,0
5138,0,0,0
5136,0,0,0
5135,0,0,0
5132,0,0,0
5129,0,0,0
5128,0,0,0
5124,0,0,0
5123,0,0,0
5122,0,0,0
5121,0,0,0
5119,0,0,0
5117,0,0,0
5115,0,0,0
5113,0,0,0
5112,0,0,0
5108,0,0,0
5103,0,0,0
5102,0,0,0
5098,0,0,0
5095,0,0,0
5094,0,0,0
5092,0,0,0
5091,0,0,0
5087,0,0,0
5086,0,0,0
5082,0,0,0
5081,0,0,0
5080,0,0,0
5079,0,0,0
5078,0,0,0
5077,0,0,0
5076,0,0,0
5073,0,0,0
5072,0,0,0
5071,0,0,0
5070,0,0,0
5064,0,0,0
5061,0,0,0
5060,0,0,0
5059,0,0,0
5058,0,0,0
5057,0,0,0
5056,0,0,0
5055,0,0,0
5054,0,0,0
5053,0,0,0
5052,0,0,0
5049,0,0,0
5048,0,0,0
5046,0,0,0
5045,0,0,0
5042,0,0,0
5039,0,0,0
5038,0,0,0
5035,0,0,0
5033,0,0,0
5031,0,0,0
5030,0,0,0
5027,0,0,0
5025,0,0,0
5023,0,0,0
5022,0,0,0
5018,0,0,0
5014,0,0,0
5010,0,0,0
5009,0,0,0
5005,0,0,0
5004,0,0,0
4998,0,0,0
4995,0,0,0
4983,0,0,0
4982,0,0,0
4980,0,0,0
4977,0,0,0
4976,0,0,0
4975,0,0,0
4974,0,0,0
4972,0,0,0
4971,0,0,0
4970,0,0,0
4968,0,0,0
4965,0,0,0
4964,0,0,0
4961,0,0,0
4960,0,0,0
4959,0,0,0
4956,0,0,0
4955,0,0,0
4954,0,0,0
4950,0,0,0
4948,0,0,0
4947,0,0,0
4946,0,0,0
4945,0,0,0
4944,0,0,0
4940,0,0,0
4938,0,0,0
4936,0,0,0
4935,0,0,0
4933,0,0,0
4931,0,0,0
4930,0,0,0
4929,0,0,0
4928,0,0,0
4924,0,0,0
4923,0,0,0
4922,0,0,0
4921,0,0,0
4920,0,0,0
4919,0,0,0
4918,0,0,0
4916,0,0,0
4915,0,0,0
4912,0,0,0
4909,0,0,0
4907,0,0,0
4902,0,0,0
4898,0,0,0
4896,0,0,0
4895,0,0,0
4894,0,0,0
4891,0,0,0
4890,0,0,0
4885,0,0,0
4882,0,0,0
4881,0,0,0
4879,0,0,0
4878,0,0,0
4876,0,0,0
4874,0,0,0
4873,0,0,0
4867,0,0,0
4864,0,0,0
4863,0,0,0
4861,0,0,0
4860,0,0,0
4859,0,0,0
4858,0,0,0
4850,0,0,0
4849,0,0,0
4847,0,0,0
4845,0,0,0
4844,0,0,0
4838,0,0,0
4835,0,0,0
4834,0,0,0
4833,0,0,0
4832,0,0,0
4830,0,0,0
4829,0,0,0
4827,0,0,0
4824,0,0,0
4822,0,0,0
4820,0,0,0
4816,0,0,0
4810,0,0,0
4798,0,0,0
4796,0,0,0
4789,0,0,0
4786,0,0,0
4785,0,0,0
4781,0,0,0
4780,0,0,0
4779,0,0,0
4776,0,0,0
4774,0,0,0
4773,0,0,0
4772,0,0,0
4771,0,0,0
4768,0,0,0
4767,0,0,0
4763,0,0,0
4761,0,0,0
4760,0,0,0
4759,0,0,0
4758,0,0,0
4757,0,0,0
4756,0,0,0
4753,0,0,0
4752,0,0,0
4750,0,0,0
4749,0,0,0
4746,0,0,0
4743,0,0,0
4742,0,0,0
4741,0,0,0
4739,0,0,0
4737,0,0,0
4736,0,0,0
4729,0,0,0
4726,0,0,0
4725,0,0,0
4723,0,0,0
4721,0,0,0
4708,0,0,0
4707,0,0,0
4706,0,0,0
4704,0,0,0
4703,0,0,0
4699,0,0,0
4697,0,0,0
4695,0,0,0
4694,0,0,0
4693,0,0,0
4691,0,0,0
4687,0,0,0
4685,0,0,0
4681,0,0,0
4680,0,0,0
4677,0,0,0
4675,0,0,0
4673,0,0,0
4671,0,0,0
4665,0,0,0
4661,0,0,0
4657,0,0,0
4655,0,0,0
4653,0,0,0
4652,0,0,0
4648,0,0,0
4647,0,0,0
4645,0,0,0
4643,0,0,0
4642,0,0,0
4640,0,0,0
4636,0,0,0
4634,0,0,0
4632,0,0,0
4631,0,0,0
4630,0,0,0
4628,0,0,0
4627,0,0,0
4625,0,0,0
4624,0,0,0
4621,0,0,0
4619,0,0,0
4618,0,0,0
4617,0,0,0
4616,0,0,0
4615,0,0,0
4614,0,0,0
4612,0,0,0
4611,0,0,0
4610,0,0,0
4606,0,0,0
4605,0,0,0
4603,0,0,0
4602,0,0,0
4601,0,0,0
4597,0,0,0
4594,0,0,0
4593,0,0,0
4592,0,0,0
4591,0,0,0
4588,0,0,0
4587,0,0,0
4586,0,0,0
4583,0,0,0
4582,0,0,0
4581,0,0,0
4580,0,0,0
4578,0,0,0
4577,0,0,0
4575,0,0,0
4573,0,0,0
4572,0,0,0
4567,0,0,0
4566,0,0,0
4565,0,0,0
4564,0,0,0
4563,0,0,0
4562,0,0,0
4558,0,0,0
4557,0,0,0
4555,0,0,0
4553,0,0,0
4552,0,0,0
4551,0,0,0
4550,0,0,0
4547,0,0,0
4542,0,0,0
4534,0,0,0
4526,0,0,0
4524,0,0,0
4523,0,0,0
4521,0,0,0
4518,0,0,0
4512,0,0,0
4510,0,0,0
4508,0,0,0
4507,0,0,0
4504,0,0,0
4503,0,0,0
4501,0,0,0
4500,0,0,0
4499,0,0,0
4497,0,0,0
4496,0,0,0
4494,0,0,0
4493,0,0,0
4490,0,0,0
4489,0,0,0
4488,0,0,0
4487,0,0,0
4486,0,0,0
4485,0,0,0
4483,0,0,0
4482,0,0,0
4480,0,0,0
4479,0,0,0
4478,0,0,0
4476,0,0,0
4474,0,0,0
4471,0,0,0
4470,0,0,0
4469,0,0,0
4466,0,0,0
4460,0,0,0
4459,0,0,0
4458,0,0,0
4457,0,0,0
4456,0,0,0
4452,0,0,0
4450,0,0,0
4449,0,0,0
4448,0,0,0
4447,0,0,0
4444,0,0,0
4441,0,0,0
4440,0,0,0
4438,0,0,0
4437,0,0,0
4435,0,0,0
4434,0,0,0
4432,0,0,0
4425,0,0,0
4421,0,0,0
4419,0,0,0
4418,0,0,0
4411,0,0,0
4408,0,0,0
4407,0,0,0
4406,0,0,0
4405,0,0,0
4401,0,0,0
4399,0,0,0
4396,0,0,0
4394,0,0,0
4393,0,0,0
4392,0,0,0
4389,0,0,0
4388,0,0,0
4385,0,0,0
4382,0,0,0
4381,0,0,0
4379,0,0,0
4374,0,0,0
4372,0,0,0
4370,0,0,0
4367,0,0,0
4366,0,0,0
4363,0,0,0
4362,0,0,0
4361,0,0,0
4359,0,0,0
4357,0,0,0
4356,0,0,0
4355,0,0,0
4354,0,0,0
4351,0,0,0
4348,0,0,0
4346,0,0,0
4344,0,0,0
4341,0,0,0
4340,0,0,0
4338,0,0,0
4336,0,0,0
4335,0,0,0
4333,0,0,0
4331,0,0,0
4330,0,0,0
4328,0,0,0
4327,0,0,0
4325,0,0,0
4323,0,0,0
4321,0,0,0
4320,0,0,0
4319,0,0,0
4317,0,0,0
4316,0,0,0
4314,0,0,0
4310,0,0,0
4309,0,0,0
4307,0,0,0
4306,0,0,0
4305,0,0,0
4301,0,0,0
4298,0,0,0
4297,0,0,0
4294,0,0,0
4292,0,0,0
4291,0,0,0
4289,0,0,0
4288,0,0,0
4287,0,0,0
4285,0,0,0
4281,0,0,0
4280,0,0,0
4278,0,0,0
4277,0,0,0
4276,0,0,0
4274,0,0,0
4273,0,0,0
4271,0,0,0
4269,0,0,0
4268,0,0,0
4265,0,0,0
4259,0,0,0
4258,0,0,0
4257,0,0,0
4256,0,0,0
4255,0,0,0
4253,0,0,0
4251,0,0,0
4246,0,0,0
4245,0,0,0
4244,0,0,0
4241,0,0,0
4240,0,0,0
4239,0,0,0
4238,0,0,0
4236,0,0,0
4234,0,0,0
4231,0,0,0
4230,0,0,0
4218,0,0,0
4214,0,0,0
4212,0,0,0
4209,0,0,0
4208,0,0,0
4206,0,0,0
4204,0,0,0
4201,0,0,0
4200,0,0,0
4199,0,0,0
4198,0,0,0
4192,0,0,0
4190,0,0,0
4185,0,0,0
4184,0,0,0
4180,0,0,0
4174,0,0,0
4172,0,0,0
4169,0,0,0
4168,0,0,0
4167,0,0,0
4165,0,0,0
4164,0,0,0
4163,0,0,0
4161,0,0,0
4160,0,0,0
4159,0,0,0
4155,0,0,0
4152,0,0,0
4150,0,0,0
4149,0,0,0
4147,0,0,0
4145,0,0,0
4144,0,0,0
4143,0,0,0
4141,0,0,0
4140,0,0,0
4138,0,0,0
4135,0,0,0
4133,0,0,0
4129,0,0,0
4128,0,0,0
4127,0,0,0
4126,0,0,0
4124,0,0,0
4122,0,0,0
4121,0,0,0
4116,0,0,0
4111,0,0,0
4110,0,0,0
4109,0,0,0
4107,0,0,0
4106,0,0,0
4105,0,0,0
4103,0,0,0
4102,0,0,0
4100,0,0,0
4098,0,0,0
4096,0,0,0
4095,0,0,0
4094,0,0,0
4093,0,0,0
4092,0,0,0
4087,0,0,0
4083,0,0,0
4079,0,0,0
4075,0,0,0
4074,0,0,0
4073,0,0,0
4072,0,0,0
4071,0,0,0
4070,0,0,0
4069,0,0,0
4068,0,0,0
4067,0,0,0
4066,0,0,0
4065,0,0,0
4064,0,0,0
4062,0,0,0
4061,0,0,0
4060,0,0,0
4059,0,0,0
4058,0,0,0
4057,0,0,0
4056,0,0,0
4054,0,0,0
4053,0,0,0
4052,0,0,0
4050,0,0,0
4049,0,0,0
4048,0,0,0
4047,0,0,0
4044,0,0,0
4043,0,0,0
4041,0,0,0
4039,0,0,0
4038,0,0,0
4035,0,0,0
4034,0,0,0
4033,0,0,0
4032,0,0,0
4031,0,0,0
4030,0,0,0
4029,0,0,0
4024,0,0,0
4022,0,0,0
4021,0,0,0
4019,0,0,0
4018,0,0,0
4017,0,0,0
4016,0,0,0
4015,0,0,0
4011,0,0,0
4008,0,0,0
4006,0,0,0
4003,0,0,0
4002,0,0,0
4000,0,0,0
3999,0,0,0
3998,0,0,0
3995,0,0,0
3994,0,0,0
3993,0,0,0
3991,0,0,0
3989,0,0,0
3987,0,0,0
3986,0,0,0
3985,0,0,0
3983,0,0,0
3982,0,0,0
3981,0,0,0
3980,0,0,0
3979,0,0,0
3978,0,0,0
3975,0,0,0
3974,0,0,0
3973,0,0,0
3972,0,0,0
3970,0,0,0
3969,0,0,0
3967,0,0,0
3966,0,0,0
3965,0,0,0
3962,0,0,0
3961,0,0,0
3960,0,0,0
3958,0,0,0
3957,0,0,0
3956,0,0,0
3955,0,0,0
3954,0,0,0
3953,0,0,0
3952,0,0,0
3951,0,0,0
3950,0,0,0
3949,0,0,0
3948,0,0,0
3946,0,0,0
3944,0,0,0
3943,0,0,0
3942,0,0,0
3941,0,0,0
3936,0,0,0
3935,0,0,0
3934,0,0,0
3933,0,0,0
3932,0,0,0
3931,0,0,0
3930,0,0,0
3929,0,0,0
3928,0,0,0
3927,0,0,0
3926,0,0,0
3925,0,0,0
3923,0,0,0
3922,0,0,0
3921,0,0,0
3919,0,0,0
3918,0,0,0
3917,0,0,0
3916,0,0,0
3914,0,0,0
3911,0,0,0
3908,0,0,0
3901,0,0,0
3899,0,0,0
3898,0,0,0
3897,0,0,0
3895,0,0,0
3892,0,0,0
3889,0,0,0
3886,0,0,0
3884,0,0,0
3881,0,0,0
3879,0,0,0
3878,0,0,0
3876,0,0,0
3874,0,0,0
3863,0,0,0
3860,0,0,0
3859,0,0,0
3858,0,0,0
3855,0,0,0
3850,0,0,0
3846,0,0,0
3844,0,0,0
3842,0,0,0
3841,0,0,0
3839,0,0,0
3838,0,0,0
3837,0,0,0
3835,0,0,0
3834,0,0,0
3833,0,0,0
3832,0,0,0
3831,0,0,0
3825,0,0,0
3822,0,0,0
3821,0,0,0
3819,0,0,0
3814,0,0,0
3811,0,0,0
3809,0,0,0
3808,0,0,0
3805,0,0,0
3804,0,0,0
3801,0,0,0
3800,0,0,0
3795,0,0,0
3794,0,0,0
3793,0,0,0
3792,0,0,0
3791,0,0,0
3788,0,0,0
3786,0,0,0
3785,0,0,0
3783,0,0,0
3782,0,0,0
3780,0,0,0
3779,0,0,0
3778,0,0,0
3775,0,0,0
3774,0,0,0
3773,0,0,0
3771,0,0,0
3770,0,0,0
3767,0,0,0
3766,0,0,0
3764,0,0,0
3762,0,0,0
3761,0,0,0
3760,0,0,0
3759,0,0,0
3758,0,0,0
3755,0,0,0
3753,0,0,0
3752,0,0,0
3751,0,0,0
3750,0,0,0
3749,0,0,0
3748,0,0,0
3747,0,0,0
3745,0,0,0
3743,0,0,0
3742,0,0,0
3740,0,0,0
3738,0,0,0
3737,0,0,0
3736,0,0,0
3730,0,0,0
3728,0,0,0
3726,0,0,0
3724,0,0,0
3720,0,0,0
3719,0,0,0
3715,0,0,0
3712,0,0,0
3709,0,0,0
3708,0,0,0
3701,0,0,0
3695,0,0,0
3694,0,0,0
3691,0,0,0
3686,0,0,0
3679,0,0,0
3677,0,0,0
3676,0,0,0
3675,0,0,0
3668,0,0,0
3667,0,0,0
3661,0,0,0
3658,0,0,0
3655,0,0,0
3654,0,0,0
3653,0,0,0
3650,0,0,0
3648,0,0,0
3647,0,0,0
3646,0,0,0
3645,0,0,0
3642,0,0,0
3640,0,0,0
3634,0,0,0
3631,0,0,0
3629,0,0,0
3625,0,0,0
3619,0,0,0
3615,0,0,0
3612,0,0,0
3609,0,0,0
3606,0,0,0
3602,0,0,0
3596,0,0,0
3592,0,0,0
3591,0,0,0
3573,0,0,0
3569,0,0,0
3566,0,0,0
3562,0,0,0
3561,0,0,0
3559,0,0,0
3558,0,0,0
3557,0,0,0
3554,0,0,0
3553,0,0,0
3551,0,0,0
3548,0,0,0
3547,0,0,0
3546,0,0,0
3544,0,0,0
3539,0,0,0
3538,0,0,0
3536,0,0,0
3534,0,0,0
3532,0,0,0
3531,0,0,0
3529,0,0,0
3525,0,0,0
3524,0,0,0
3519,0,0,0
3517,0,0,0
3515,0,0,0
3514,0,0,0
3512,0,0,0
3511,0,0,0
3510,0,0,0
3509,0,0,0
3508,0,0,0
3504,0,0,0
3503,0,0,0
3500,0,0,0
3499,0,0,0
3495,0,0,0
3494,0,0,0
3493,0,0,0
3491,0,0,0
3490,0,0,0
3489,0,0,0
3488,0,0,0
3485,0,0,0
3484,0,0,0
3481,0,0,0
3480,0,0,0
3475,0,0,0
3474,0,0,0
3471,0,0,0
3470,0,0,0
3469,0,0,0
3465,0,0,0
3463,0,0,0
3462,0,0,0
3455,0,0,0
3452,0,0,0
3451,0,0,0
3449,0,0,0
3447,0,0,0
3446,0,0,0
3442,0,0,0
3441,0,0,0
3440,0,0,0
3438,0,0,0
3436,0,0,0
3433,0,0,0
3431,0,0,0
3421,0,0,0
3419,0,0,0
3418,0,0,0
3409,0,0,0
3407,0,0,0
3406,0,0,0
3403,0,0,0
3402,0,0,0
3401,0,0,0
3400,0,0,0
3399,0,0,0
3398,0,0,0
3397,0,0,0
3395,0,0,0
3393,0,0,0
3391,0,0,0
3389,0,0,0
3387,0,0,0
3386,0,0,0
3378,0,0,0
3377,0,0,0
3375,0,0,0
3369,0,0,0
3366,0,0,0
3363,0,0,0
3361,0,0,0
3360,0,0,0
3359,0,0,0
3357,0,0,0
3355,0,0,0
3354,0,0,0
3351,0,0,0
3349,0,0,0
3345,0,0,0
3343,0,0,0
3342,0,0,0
3341,0,0,0
3330,0,0,0
3327,0,0,0
3325,0,0,0
3324,0,0,0
3321,0,0,0
3319,0,0,0
3318,0,0,0
3315,0,0,0
3314,0,0,0
3312,0,0,0
3311,0,0,0
3310,0,0,0
3308,0,0,0
3307,0,0,0
3306,0,0,0
3304,0,0,0
3298,0,0,0
3293,0,0,0
3286,0,0,0
3285,0,0,0
3282,0,0,0
3281,0,0,0
3280,0,0,0
3278,0,0,0
3276,0,0,0
3275,0,0,0
3274,0,0,0
3273,0,0,0
3272,0,0,0
3271,0,0,0
3270,0,0,0
3269,0,0,0
3267,0,0,0
3266,0,0,0
3264,0,0,0
3263,0,0,0
3260,0,0,0
3258,0,0,0
3256,0,0,0
3255,0,0,0
3254,0,0,0
3252,0,0,0
3250,0,0,0
3249,0,0,0
3243,0,0,0
3242,0,0,0
3241,0,0,0
3238,0,0,0
3234,0,0,0
3233,0,0,0
3232,0,0,0
3229,0,0,0
3228,0,0,0
3226,0,0,0
3225,0,0,0
3223,0,0,0
3221,0,0,0
3220,0,0,0
3219,0,0,0
3218,0,0,0
3214,0,0,0
3212,0,0,0
3211,0,0,0
3209,0,0,0
3208,0,0,0
3207,0,0,0
3206,0,0,0
3205,0,0,0
3203,0,0,0
3202,0,0,0
3201,0,0,0
3200,0,0,0
3199,0,0,0
3197,0,0,0
3195,0,0,0
3194,0,0,0
3193,0,0,0
3192,0,0,0
3186,0,0,0
3181,0,0,0
3178,0,0,0
3173,0,0,0
3170,0,0,0
3167,0,0,0
3166,0,0,0
3161,0,0,0
3159,0,0,0
3157,0,0,0
3155,0,0,0
3152,0,0,0
3150,0,0,0
3147,0,0,0
3146,0,0,0
3145,0,0,0
3144,0,0,0
3141,0,0,0
3140,0,0,0
3137,0,0,0
3136,0,0,0
3134,0,0,0
3132,0,0,0
3131,0,0,0
3130,0,0,0
3129,0,0,0
3128,0,0,0
3127,0,0,0
3126,0,0,0
3124,0,0,0
3121,0,0,0
3117,0,0,0
3116,0,0,0
3113,0,0,0
3112,0,0,0
3109,0,0,0
3108,0,0,0
3106,0,0,0
3105,0,0,0
3103,0,0,0
3100,0,0,0
3098,0,0,0
3097,0,0,0
3095,0,0,0
3094,0,0,0
3089,0,0,0
3086,0,0,0
3082,0,0,0
3080,0,0,0
3077,0,0,0
3076,0,0,0
3075,0,0,0
3073,0,0,0
3072,0,0,0
3066,0,0,0
3064,0,0,0
3063,0,0,0
3061,0,0,0
3059,0,0,0
3054,0,0,0
3052,0,0,0
3050,0,0,0
3049,0,0,0
3048,0,0,0
3043,0,0,0
3042,0,0,0
3041,0,0,0
3035,0,0,0
3034,0,0,0
3028,0,0,0
3027,0,0,0
3026,0,0,0
3024,0,0,0
3023,0,0,0
3021,0,0,0
3018,0,0,0
3017,0,0,0
3012,0,0,0
3011,0,0,0
3009,0,0,0
3008,0,0,0
3007,0,0,0
3005,0,0,0
3004,0,0,0
3000,0,0,0
2999,0,0,0
2996,0,0,0
2995,0,0,0
2994,0,0,0
2992,0,0,0
2991,0,0,0
2989,0,0,0
2988,0,0,0
2987,0,0,0
2986,0,0,0
2985,0,0,0
2984,0,0,0
2981,0,0,0
2980,0,0,0
2979,0,0,0
2976,0,0,0
2975,0,0,0
2974,0,0,0
2971,0,0,0
2968,0,0,0
2967,0,0,0
2964,0,0,0
2961,0,0,0
2960,0,0,0
2956,0,0,0
2955,0,0,0
2952,0,0,0
2951,0,0,0
2950,0,0,0
2947,0,0,0
2946,0,0,0
2945,0,0,0
2944,0,0,0
2943,0,0,0
2940,0,0,0
2939,0,0,0
2938,0,0,0
2936,0,0,0
2935,0,0,0
2934,0,0,0
2933,0,0,0
2931,0,0,0
2930,0,0,0
2927,0,0,0
2925,0,0,0
2924,0,0,0
2922,0,0,0
2921,0,0,0
2919,0,0,0
2916,0,0,0
2915,0,0,0
2914,0,0,0
2913,0,0,0
2912,0,0,0
2911,0,0,0
2910,0,0,0
2908,0,0,0
2906,0,0,0
2905,0,0,0
2900,0,0,0
2899,0,0,0
2898,0,0,0
2896,0,0,0
2893,0,0,0
2892,0,0,0
2890,0,0,0
2887,0,0,0
2885,0,0,0
2884,0,0,0
2883,0,0,0
2882,0,0,0
2881,0,0,0
2879,0,0,0
2878,0,0,0
2877,0,0,0
2876,0,0,0
2873,0,0,0
2872,0,0,0
2870,0,0,0
2869,0,0,0
2867,0,0,0
2866,0,0,0
2865,0,0,0
2862,0,0,0
2861,0,0,0
2857,0,0,0
2856,0,0,0
2855,0,0,0
2854,0,0,0
2853,0,0,0
2852,0,0,0
2850,0,0,0
2849,0,0,0
2848,0,0,0
2846,0,0,0
2835,0,0,0
2832,0,0,0
2831,0,0,0
2830,0,0,0
2828,0,0,0
2827,0,0,0
2825,0,0,0
2822,0,0,0
2818,0,0,0
2816,0,0,0
2815,0,0,0
2814,0,0,0
2812,0,0,0
2811,0,0,0
2807,0,0,0
2806,0,0,0
2802,0,0,0
2800,0,0,0
2799,0,0,0
2798,0,0,0
2795,0,0,0
2793,0,0,0
2792,0,0,0
2790,0,0,0
2788,0,0,0
2787,0,0,0
2785,0,0,0
2784,0,0,0
2782,0,0,0
2781,0,0,0
2779,0,0,0
2775,0,0,0
2773,0,0,0
2772,0,0,0
2768,0,0,0
2767,0,0,0
2765,0,0,0
2763,0,0,0
2762,0,0,0
2759,0,0,0
2758,0,0,0
2756,0,0,0
2755,0,0,0
2754,0,0,0
2752,0,0,0
2751,0,0,0
2749,0,0,0
2748,0,0,0
2746,0,0,0
2745,0,0,0
2743,0,0,0
2742,0,0,0
2741,0,0,0
2739,0,0,0
2737,0,0,0
2734,0,0,0
2733,0,0,0
2730,0,0,0
2729,0,0,0
2727,0,0,0
2725,0,0,0
2723,0,0,0
2721,0,0,0
2720,0,0,0
2719,0,0,0
2718,0,0,0
2717,0,0,0
2713,0,0,0
2710,0,0,0
2702,0,0,0
2700,0,0,0
2699,0,0,0
2697,0,0,0
2693,0,0,0
2692,0,0,0
2690,0,0,0
2686,0,0,0
2685,0,0,0
2684,0,0,0
2682,0,0,0
2679,0,0,0
2678,0,0,0
2676,0,0,0
2675,0,0,0
2673,0,0,0
2672,0,0,0
2671,0,0,0
2668,0,0,0
2665,0,0,0
2663,0,0,0
2662,0,0,0
2661,0,0,0
2660,0,0,0
2658,0,0,0
2657,0,0,0
2656,0,0,0
2654,0,0,0
2652,0,0,0
2649,0,0,0
2646,0,0,0
2645,0,0,0
2641,0,0,0
2637,0,0,0
2636,0,0,0
2634,0,0,0
2632,0,0,0
2628,0,0,0
2627,0,0,0
2626,0,0,0
2625,0,0,0
2623,0,0,0
2622,0,0,0
2620,0,0,0
2618,0,0,0
2616,0,0,0
2613,0,0,0
2611,0,0,0
2610,0,0,0
2609,0,0,0
2605,0,0,0
2604,0,0,0
2601,0,0,0
2596,0,0,0
2595,0,0,0
2592,0,0,0
2590,0,0,0
2589,0,0,0
2588,0,0,0
2586,0,0,0
2583,0,0,0
2580,0,0,0
2579,0,0,0
2578,0,0,0
2577,0,0,0
2575,0,0,0
2574,0,0,0
2572,0,0,0
2571,0,0,0
2568,0,0,0
2567,0,0,0
2566,0,0,0
2564,0,0,0
2563,0,0,0
2560,0,0,0
2559,0,0,0
2558,0,0,0
2557,0,0,0
2555,0,0,0
2554,0,0,0
2552,0,0,0
2551,0,0,0
2550,0,0,0
2548,0,0,0
2545,0,0,0
2544,0,0,0
2539,0,0,0
2534,0,0,0
2532,0,0,0
2531,0,0,0
2527,0,0,0
2526,0,0,0
2525,0,0,0
2522,0,0,0
2520,0,0,0
2519,0,0,0
2516,0,0,0
2513,0,0,0
2512,0,0,0
2508,0,0,0
2507,0,0,0
2506,0,0,0
2502,0,0,0
2500,0,0,0
2498,0,0,0
2497,0,0,0
2495,0,0,0
2494,0,0,0
2492,0,0,0
2490,0,0,0
2489,0,0,0
2488,0,0,0
2487,0,0,0
2486,0,0,0
2483,0,0,0
2478,0,0,0
2477,0,0,0
2474,0,0,0
2473,0,0,0
2471,0,0,0
2469,0,0,0
2467,0,0,0
2463,0,0,0
2459,0,0,0
2458,0,0,0
2456,0,0,0
2453,0,0,0
2450,0,0,0
2449,0,0,0
2447,0,0,0
2446,0,0,0
2444,0,0,0
2443,0,0,0
2439,0,0,0
2438,0,0,0
2435,0,0,0
2434,0,0,0
2431,0,0,0
2429,0,0,0
2428,0,0,0
2426,0,0,0
2425,0,0,0
2423,0,0,0
2422,0,0,0
2421,0,0,0
2419,0,0,0
2418,0,0,0
2417,0,0,0
2416,0,0,0
2415,0,0,0
2414,0,0,0
2413,0,0,0
2412,0,0,0
2411,0,0,0
2403,0,0,0
2402,0,0,0
2401,0,0,0
2399,0,0,0
2398,0,0,0
2397,0,0,0
2395,0,0,0
2394,0,0,0
2393,0,0,0
2392,0,0,0
2391,0,0,0
2390,0,0,0
2389,0,0,0
2385,0,0,0
2384,0,0,0
2382,0,0,0
2381,0,0,0
2380,0,0,0
2377,0,0,0
2376,0,0,0
2374,0,0,0
2373,0,0,0
2370,0,0,0
2367,0,0,0
2366,0,0,0
2363,0,0,0
2362,0,0,0
2361,0,0,0
2358,0,0,0
2357,0,0,0
2355,0,0,0
2352,0,0,0
2351,0,0,0
2348,0,0,0
2347,0,0,0
2346,0,0,0
2344,0,0,0
2341,0,0,0
2340,0,0,0
2338,0,0,0
2337,0,0,0
2330,0,0,0
2326,0,0,0
2325,0,0,0
2321,0,0,0
2320,0,0,0
2319,0,0,0
2317,0,0,0
2316,0,0,0
2315,0,0,0
2312,0,0,0
2311,0,0,0
2309,0,0,0
2308,0,0,0
2304,0,0,0
2300,0,0,0
2297,0,0,0
2296,0,0,0
2294,0,0,0
2290,0,0,0
2288,0,0,0
2287,0,0,0
2283,0,0,0
2280,0,0,0
2274,0,0,0
2270,0,0,0
2269,0,0,0
2268,0,0,0
2266,0,0,0
2265,0,0,0
2262,0,0,0
2261,0,0,0
2249,0,0,0
2246,0,0,0
2245,0,0,0
2243,0,0,0
2240,0,0,0
2237,0,0,0
2236,0,0,0
2235,0,0,0
2230,0,0,0
2229,0,0,0
2226,0,0,0
2224,0,0,0
2222,0,0,0
2219,0,0,0
2217,0,0,0
2216,0,0,0
2214,0,0,0
2211,0,0,0
2205,0,0,0
2204,0,0,0
2200,0,0,0
2199,0,0,0
2194,0,0,0
2191,0,0,0
2188,0,0,0
2187,0,0,0
2186,0,0,0
2184,0,0,0
2181,0,0,0
2178,0,0,0
2177,0,0,0
2174,0,0,0
2171,0,0,0
2168,0,0,0
2166,0,0,0
2164,0,0,0
2163,0,0,0
2161,0,0,0
2159,0,0,0
2157,0,0,0
2156,0,0,0
2153,0,0,0
2150,0,0,0
2146,0,0,0
2142,0,0,0
2141,0,0,0
2137,0,0,0
2134,0,0,0
2133,0,0,0
2130,0,0,0
2129,0,0,0
2128,0,0,0
2127,0,0,0
2126,0,0,0
2125,0,0,0
2123,0,0,0
2122,0,0,0
2121,0,0,0
2119,0,0,0
2117,0,0,0
2113,0,0,0
2112,0,0,0
2108,0,0,0
2107,0,0,0
2106,0,0,0
2105,0,0,0
2104,0,0,0
2103,0,0,0
2101,0,0,0
2100,0,0,0
2098,0,0,0
2097,0,0,0
2090,0,0,0
2088,0,0,0
2084,0,0,0
2081,0,0,0
2080,0,0,0
2078,0,0,0
2077,0,0,0
2075,0,0,0
2074,0,0,0
2071,0,0,0
2067,0,0,0
2065,0,0,0
2064,0,0,0
2063,0,0,0
2057,0,0,0
2054,0,0,0
2052,0,0,0
2040,0,0,0
2036,0,0,0
2028,0,0,0
2025,0,0,0
2022,0,0,0
2020,0,0,0
2014,0,0,0
2010,0,0,0
2006,0,0,0
2001,0,0,0
1996,0,0,0
1995,0,0,0
1990,0,0,0
1987,0,0,0
1986,0,0,0
1985,0,0,0
1984,0,0,0
1983,0,0,0
1981,0,0,0
1980,0,0,0
1979,0,0,0
1976,0,0,0
1975,0,0,0
1972,0,0,0
1971,0,0,0
1969,0,0,0
1968,0,0,0
1967,0,0,0
1966,0,0,0
1965,0,0,0
1963,0,0,0
1961,0,0,0
1960,0,0,0
1955,0,0,0
1953,0,0,0
1948,0,0,0
1946,0,0,0
1945,0,0,0
1938,0,0,0
1933,0,0,0
1929,0,0,0
1928,0,0,0
1925,0,0,0
1924,0,0,0
1922,0,0,0
1920,0,0,0
1917,0,0,0
1915,0,0,0
1914,0,0,0
1913,0,0,0
1911,0,0,0
1906,0,0,0
1902,0,0,0
1901,0,0,0
1899,0,0,0
1896,0,0,0
1895,0,0,0
1881,0,0,0
1878,0,0,0
1871,0,0,0
1870,0,0,0
1867,0,0,0
1858,0,0,0
1857,0,0,0
1851,0,0,0
1846,0,0,0
1843,0,0,0
1838,0,0,0
1836,0,0,0
1833,0,0,0
1824,0,0,0
1823,0,0,0
1819,0,0,0
1818,0,0,0
1814,0,0,0
1807,0,0,0
1803,0,0,0
1800,0,0,0
1798,0,0,0
1796,0,0,0
1793,0,0,0
1792,0,0,0
1781,0,0,0
1780,0,0,0
1779,0,0,0
1770,0,0,0
1767,0,0,0
1765,0,0,0
1761,0,0,0
1760,0,0,0
1742,0,0,0
1734,0,0,0
1731,0,0,0
1730,0,0,0
1728,0,0,0
1726,0,0,0
1723,0,0,0
1719,0,0,0
1715,0,0,0
1714,0,0,0
1711,0,0,0
1709,0,0,0
1708,0,0,0
1707,0,0,0
1702,0,0,0
1698,0,0,0
1697,0,0,0
1692,0,0,0
1687,0,0,0
1684,0,0,0
1683,0,0,0
1679,0,0,0
1678,0,0,0
1674,0,0,0
1669,0,0,0
1668,0,0,0
1667,0,0,0
1666,0,0,0
1665,0,0,0
1664,0,0,0
1663,0,0,0
1661,0,0,0
1659,0,0,0
1658,0,0,0
1657,0,0,0
1655,0,0,0
1651,0,0,0
1649,0,0,0
1645,0,0,0
1643,0,0,0
1640,0,0,0
1637,0,0,0
1635,0,0,0
1633,0,0,0
1631,0,0,0
1629,0,0,0
1628,0,0,0
1626,0,0,0
1624,0,0,0
1622,0,0,0
1620,0,0,0
1618,0,0,0
1615,0,0,0
1614,0,0,0
1612,0,0,0
1611,0,0,0
1608,0,0,0
1607,0,0,0
1606,0,0,0
1599,0,0,0
1598,0,0,0
1596,0,0,0
1592,0,0,0
1591,0,0,0
1590,0,0,0
1587,0,0,0
1585,0,0,0
1582,0,0,0
1579,0,0,0
1578,0,0,0
1577,0,0,0
1574,0,0,0
1572,0,0,0
1563,0,0,0
1555,0,0,0
1551,0,0,0
1548,0,0,0
1547,0,0,0
1545,0,0,0
1543,0,0,0
1542,0,0,0
1539,0,0,0
1538,0,0,0
1526,0,0,0
1522,0,0,0
1520,0,0,0
1518,0,0,0
1517,0,0,0
1510,0,0,0
1507,0,0,0
1505,0,0,0
1503,0,0,0
1502,0,0,0
1497,0,0,0
1496,0,0,0
1493,0,0,0
1489,0,0,0
1488,0,0,0
1486,0,0,0
1483,0,0,0
1481,0,0,0
1479,0,0,0
1477,0,0,0
1473,0,0,0
1471,0,0,0
1467,0,0,0
1463,0,0,0
1462,0,0,0
1459,0,0,0
1458,0,0,0
1457,0,0,0
1455,0,0,0
1454,0,0,0
1451,0,0,0
1449,0,0,0
1446,0,0,0
1440,0,0,0
1438,0,0,0
1421,0,0,0
1418,0,0,0
1415,0,0,0
1413,0,0,0
1408,0,0,0
1406,0,0,0
1397,0,0,0
1394,0,0,0
1390,0,0,0
1382,0,0,0
1378,0,0,0
1375,0,0,0
1373,0,0,0
1372,0,0,0
1371,0,0,0
1369,0,0,0
1368,0,0,0
1367,0,0,0
1365,0,0,0
1364,0,0,0
1361,0,0,0
1355,0,0,0
1353,0,0,0
1346,0,0,0
1343,0,0,0
1339,0,0,0
1337,0,0,0
1334,0,0,0
1327,0,0,0
1325,0,0,0
1324,0,0,0
1313,0,0,0
1310,0,0,0
1308,0,0,0
1304,0,0,0
1301,0,0,0
1291,0,0,0
1288,0,0,0
1285,0,0,0
1279,0,0,0
1268,0,0,0
1267,0,0,0
1260,0,0,0
1256,0,0,0
1253,0,0,0
1250,0,0,0
1248,0,0,0
1245,0,0,0
1242,0,0,0
1233,0,0,0
1232,0,0,0
1231,0,0,0
1215,0,0,0
1213,0,0,0
1212,0,0,0
1208,0,0,0
1204,0,0,0
1203,0,0,0
1198,0,0,0
1192,0,0,0
1191,0,0,0
1189,0,0,0
1188,0,0,0
1186,0,0,0
1179,0,0,0
1178,0,0,0
1173,0,0,0
1171,0,0,0
1169,0,0,0
1165,0,0,0
1159,0,0,0
1155,0,0,0
1154,0,0,0
1149,0,0,0
1147,0,0,0
1136,0,0,0
1134,0,0,0
1133,0,0,0
1124,0,0,0
1122,0,0,0
1113,0,0,0
1107,0,0,0
1103,0,0,0
1102,0,0,0
1091,0,0,0
1084,0,0,0
1081,0,0,0
1073,0,0,0
1071,0,0,0
1067,0,0,0
1057,0,0,0
1051,0,0,0
1049,0,0,0
1048,0,0,0
1047,0,0,0
1043,0,0,0
1027,0,0,0
1018,0,0,0
1017,0,0,0
1015,0,0,0
1014,0,0,0
1010,0,0,0
1007,0,0,0
1006,0,0,0
1003,0,0,0
1002,0,0,0
1001,0,0,0
1000,0,0,0
996,0,0,0
986,0,0,0
985,0,0,0
981,0,0,0
980,0,0,0
976,0,0,0
975,0,0,0
973,0,0,0
960,0,0,0
954,0,0,0
943,0,0,0
942,0,0,0
925,0,0,0
918,0,0,0
911,0,0,0
908,0,0,0
907,0,0,0
902,0,0,0
893,0,0,0
890,0,0,0
881,0,0,0
880,0,0,0
877,0,0,0
871,0,0,0
866,0,0,0
863,0,0,0
860,0,0,0
859,0,0,0
855,0,0,0
853,0,0,0
851,0,0,0
849,0,0,0
839,0,0,0
838,0,0,0
834,0,0,0
833,0,0,0
829,0,0,0
822,0,0,0
814,0,0,0
810,0,0,0
793,0,0,0
787,0,0,0
784,0,0,0
782,0,0,0
780,0,0,0
777,0,0,0
768,0,0,0
759,0,0,0
752,0,0,0
751,0,0,0
748,0,0,0
746,0,0,0
742,0,0,0
741,0,0,0
738,0,0,0
734,0,0,0
729,0,0,0
722,0,0,0
720,0,0,0
718,0,0,0
716,0,0,0
714,0,0,0
711,0,0,0
707,0,0,0
706,0,0,0
703,0,0,0
692,0,0,0
680,0,0,0
678,0,0,0
677,0,0,0
675,0,0,0
674,0,0,0
672,0,0,0
670,0,0,0
669,0,0,0
663,0,0,0
661,0,0,0
658,0,0,0
657,0,0,0
653,0,0,0
648,0,0,0
647,0,0,0
646,0,0,0
636,0,0,0
626,0,0,0
621,0,0,0
619,0,0,0
615,0,0,0
612,0,0,0
607,0,0,0
599,0,0,0
597,0,0,0
596,0,0,0
595,0,0,0
591,0,0,0
577,0,0,0
574,0,0,0
559,0,0,0
558,0,0,0
472,0,0,0
406,0,0,0
357,0,0,0
