k,kmer,top10_occurrences,total_datasets,mean_log2,std_log2
3,GAT,35,35,0.802063,0.465596
3,GCC,35,35,0.439733,0.048305
3,GTC,34,35,0.510320,0.093751
3,GGC,34,35,0.395921,0.061299
3,GTT,33,35,0.447289,0.139800
3,GCG,31,35,0.374535,0.081518
3,CCC,28,35,0.351200,0.059896
3,GCT,26,35,0.338402,0.097061
3,CTC,25,35,0.350293,0.060966
3,GAC,21,35,0.319927,0.081630
5,CGATC,35,35,2.036245,1.031117
5,GGATC,34,35,1.969123,1.079240
5,GCATG,33,35,1.940141,1.004629
5,CCATG,33,35,1.903807,0.961944
5,TGATC,31,35,1.879958,1.097215
5,CGCGC,28,35,1.119614,0.167492
5,ACATG,27,35,1.760027,1.042257
5,AGATC,22,35,1.754564,1.093825
5,TCATG,19,35,1.704456,1.067727
5,CCCCG,16,35,1.028908,0.119615
7,ACGCGCC,16,35,0.710557,6.017508
7,CCGATCC,12,35,2.161789,0.994498
7,GGCGCGT,11,35,1.599392,0.426956
7,CGCATGC,10,35,2.122708,1.049383
7,TAGTCGC,10,35,1.569470,0.254138
7,GGCATGC,9,35,2.109376,0.936158
7,CATGCGC,9,35,1.357443,0.954548
7,GCGATCT,8,35,2.158382,1.012398
7,CTCGCGC,8,35,1.768910,0.324992
7,GCCCCGA,8,35,1.670380,0.267224
9,ACGTACGGG,11,35,2.374203,5.806058
9,GCGGCCGAG,10,35,1.516614,7.576329
9,CCCCGACCG,8,35,2.327734,5.738667
9,GACGCGGGC,7,35,-0.831770,10.493849
9,CGACCCGAC,6,35,0.842465,9.296900
9,GCCGTCGGG,6,35,-5.589240,14.824405
9,CGCGTCCCG,6,35,-7.385350,15.972878
9,TCGCGCCGA,5,35,2.260409,5.712274
9,GGCACGCCG,5,35,-0.779482,10.661360
9,CGAGGCGTG,5,35,-8.629604,16.008467