k,kmer,top10_occurrences,total_datasets,mean_log2,std_log2
3,ATC,35,35,0.559979,0.328856
3,GCC,35,35,0.418096,0.053289
3,CAC,35,35,0.269957,0.049486
3,GCA,35,35,0.264204,0.033837
3,GAC,34,35,0.418053,0.086477
3,CGC,34,35,0.346985,0.069781
3,GTA,31,35,0.214446,0.113036
3,AAC,30,35,0.190875,0.118881
3,CCC,22,35,0.193043,0.059936
3,AGC,20,35,0.177090,0.079596
5,CGATC,35,35,1.589897,0.841696
5,CATGC,34,35,1.651767,0.796154
5,CATGG,34,35,1.626323,0.761108
5,CGCGC,33,35,1.073976,0.151598
5,GATCC,31,35,1.535982,0.888485
5,ACATG,31,35,1.499730,0.817004
5,CATGA,30,35,1.471600,0.831853
5,CCGCG,27,35,0.948556,0.131053
5,GATCA,21,35,1.473480,0.897482
5,CGCCG,19,35,0.892800,0.092747
7,ACGCGCC,22,35,1.639864,0.388424
7,CGCATGC,16,35,1.827152,0.777005
7,GCGACGC,16,35,1.455745,0.218068
7,CGCGCGC,16,35,1.422321,0.293691
7,ACGCGCG,15,35,0.353187,6.036959
7,CCCGCGC,14,35,1.381956,0.260577
7,ACGGCCC,11,35,1.305389,0.379627
7,ACATGCC,10,35,1.769344,0.769567
7,GCGACTA,10,35,1.309573,0.248695
7,ACATGCT,8,35,1.789497,0.757372
9,CGCGTCCCG,23,35,-7.385350,15.972878
9,ACCCCGGGG,15,35,-14.978328,16.636325
9,CGATCCGCG,12,35,-17.825695,15.880446
9,ACGTACGGG,8,35,2.679389,0.628703
9,AAGGCCCCG,7,35,2.977175,0.358286
9,CGCGCCGAC,6,35,-0.283113,9.623148
9,CCCCGGGCG,6,35,-12.988104,16.709664
9,CGCGCCCCC,5,35,-0.142497,9.278281
9,GACGCGGGC,5,35,-1.567624,10.591710
9,ACTCGCGAG,5,35,-9.191615,16.266066