distance,mean_nonzero,std_nonzero,count_nonzero
0,9.751054852320674,20.0512386273951,237.0
1,13.3982869379015,24.918231885928908,467.0
2,12.506382978723405,23.93637091459154,470.0
3,12.410752688172042,22.72609326666152,465.0
4,11.198198198198199,19.971455847406762,444.0
5,13.187234042553191,23.495203130816446,470.0
6,12.5,22.563040788599594,458.0
7,12.534675615212528,21.973343641334804,447.0
8,10.938775510204081,19.260360304785465,490.0
9,9.882845188284518,18.500803956158258,478.0
10,12.444943820224719,22.571902186045076,445.0
11,12.028953229398663,23.01448610231416,449.0
12,12.052083333333334,21.011563468920862,480.0
13,10.53099173553719,19.920677851262035,484.0
14,10.830022075055188,20.679171241362646,453.0
15,13.0260663507109,24.687246232263416,422.0
16,10.066079295154186,18.2660022450391,454.0
17,11.296146044624747,21.02064232643775,493.0
18,12.718614718614718,23.44409605264027,462.0
19,11.883227176220807,22.880474696324207,471.0
20,12.541152263374485,23.545204469592374,486.0
21,11.952277657266812,20.930056924062047,461.0
22,12.144420131291028,23.00297789033199,457.0
23,11.796780684104627,21.113292463454588,497.0
24,10.775051124744376,19.893633940537015,489.0
25,10.75609756097561,20.01917266904374,492.0
26,11.682505399568035,23.166175909361872,463.0
27,11.551801801801801,20.384332526416845,444.0
28,11.150101419878297,21.640207068823596,493.0
29,12.140756302521009,24.02207622069993,476.0
30,12.885245901639344,22.57943194506884,488.0
31,13.471526195899772,24.173431303783538,439.0
32,12.084188911704311,22.116114651377632,487.0
33,11.991341991341992,21.55968185044326,462.0
34,11.446058091286307,21.626247696229125,482.0
35,13.714570858283434,24.238324349374246,501.0
36,11.995762711864407,22.678964669553434,472.0
37,13.952991452991453,24.87635228962667,468.0
38,11.494887525562373,19.688466979573747,489.0
39,13.560546875,22.20180186296989,512.0
40,11.164444444444445,20.84954220233667,450.0
41,13.330595482546201,23.0400337812373,487.0
42,12.369261477045908,23.357597762901317,501.0
43,13.235976789168278,22.350069404524387,517.0
44,13.950592885375494,24.34698691676279,506.0
45,13.413333333333334,23.88768821185726,450.0
46,13.539094650205762,23.146808789049008,486.0
47,15.044061302681992,25.20465128562615,522.0
48,12.217391304347826,21.04065310493524,506.0
49,12.865346534653465,22.559130571710877,505.0
50,13.703476482617587,25.650711974028095,489.0
51,13.798479087452472,23.197645150738072,526.0
52,14.071167883211679,25.182704391341872,548.0
53,14.86520947176685,24.900239845124545,549.0
54,12.86491935483871,22.809618279447136,496.0
55,12.960644007155635,22.614073003163238,559.0
56,12.711155378486056,22.359122843062035,502.0
57,14.192307692307692,24.834001864764556,494.0
58,14.048262548262548,23.27839226189041,518.0
59,14.142857142857142,24.131480290562873,497.0
60,14.269473684210526,24.86009406958404,475.0
61,13.562886597938144,23.901110487996732,485.0
62,16.27056277056277,27.836335266534057,462.0
63,14.940695296523517,24.59696769944161,489.0
64,14.842209072978303,23.386399240127844,507.0
65,15.226495726495726,26.44269758908857,468.0
66,16.200431034482758,27.79337366503423,464.0
67,12.378048780487806,22.83375154517854,492.0
68,15.021077283372366,25.74636171500239,427.0
69,13.47216035634744,24.253032855470146,449.0
70,15.7926267281106,26.052059109530855,434.0
71,14.373601789709172,23.344784060419578,447.0
72,15.45088161209068,26.569628945501,397.0
73,15.884696016771489,26.974336476014862,477.0
74,15.313199105145413,23.742364933965145,447.0
75,14.456521739130435,23.910988963221165,414.0
76,18.083333333333332,29.039461699389967,408.0
77,15.277777777777779,26.337585602874736,414.0
78,15.648793565683647,26.370753592682565,373.0
79,13.184357541899441,22.661671413793904,358.0
80,15.157181571815718,26.151465348254646,369.0
81,17.42283950617284,28.6018397180303,324.0
82,18.061046511627907,26.62205611495697,344.0
83,15.733766233766234,27.72633649810977,308.0
84,18.09771986970684,28.695440894284044,307.0
85,15.15884476534296,24.12775559319484,277.0
86,14.988847583643123,26.624879408510516,269.0
87,17.884328358208954,27.40263076705315,268.0
88,19.94782608695652,31.38515307723402,230.0
89,17.574162679425836,29.251816222250742,209.0
90,16.204918032786885,25.637208852974446,244.0
91,16.98843930635838,26.426508106248328,173.0
92,15.50253807106599,26.701414845468744,197.0
93,18.3125,27.74899177452431,192.0
94,17.190721649484537,24.99740331581499,194.0
95,19.33678756476684,27.77355501869559,193.0
96,17.50785340314136,26.41767134045089,191.0
97,17.352941176470587,26.14058753628315,170.0
98,18.721311475409838,29.281016886695262,183.0
99,14.537037037037036,23.49498132980872,162.0
100,17.53146853146853,27.8660791815962,143.0
101,12.801324503311259,20.74962485365287,151.0
102,17.15753424657534,24.547403361845916,146.0
103,16.493243243243242,24.8498885478062,148.0
104,18.114864864864863,28.703391358719582,148.0
105,16.129032258064516,23.14674562875315,124.0
106,18.950704225352112,27.00231864611828,142.0
107,16.21232876712329,27.45534528801761,146.0
108,16.99230769230769,28.512610063229385,130.0
109,24.391304347826086,35.580079103137294,115.0
110,12.845588235294118,19.01339826873382,136.0
111,17.944,28.472200363659763,125.0
112,18.440677966101696,29.67618469409388,118.0
113,15.696428571428571,24.16565923431608,112.0
114,16.58490566037736,27.870403460277252,106.0
115,16.813084112149532,23.996513442157614,107.0
116,16.733333333333334,24.872167559364904,90.0
117,16.79646017699115,24.76177904843449,113.0
118,17.953271028037385,24.655506934928425,107.0
119,15.586206896551724,25.41266472584731,87.0
120,14.932692307692308,21.689004159227075,104.0
121,14.0875,21.37027022213544,80.0
122,11.272727272727273,17.042235740743116,77.0
123,17.458333333333332,26.153360120910563,96.0
124,15.014492753623188,25.654086220570136,69.0
125,20.173333333333332,32.070603418139854,75.0
126,12.714285714285714,20.65178540953551,77.0
127,19.202380952380953,27.977520994715622,84.0
128,18.16883116883117,29.710623032583467,77.0
129,16.840579710144926,23.74287706710583,69.0
130,14.078947368421053,18.06784485055867,76.0
131,14.426666666666666,22.990699255400042,75.0
132,18.91176470588235,30.009816948079557,68.0
133,16.96825396825397,23.88410745323521,63.0
134,16.15068493150685,29.998458864524615,73.0
135,19.104477611940297,27.745124785161593,67.0
136,18.76923076923077,26.45324249428675,65.0
137,19.73469387755102,28.92214802289939,49.0
138,10.720930232558139,23.947686617962905,43.0
139,15.21311475409836,25.377887194759644,61.0
140,11.56140350877193,20.16717412729661,57.0
141,18.83050847457627,31.585217265945726,59.0
142,18.6,32.271127049200516,40.0
143,15.10909090909091,22.708843706617525,55.0
144,7.388888888888889,17.146891059777367,36.0
145,16.6734693877551,29.190743221026736,49.0
146,13.568181818181818,21.4989428915597,44.0
147,18.9,29.55551057126581,40.0
148,8.058823529411764,18.955995575831533,34.0
149,22.046511627906977,34.120900931814084,43.0
150,10.194444444444445,16.198446917519057,36.0
151,12.029411764705882,21.845858485690762,34.0
152,12.566037735849056,24.422963212425138,53.0
153,18.977272727272727,32.319976281049634,44.0
154,14.09375,22.622226260201316,32.0
155,15.970588235294118,21.458183851131214,34.0
156,18.75,33.56433843850962,28.0
157,16.92105263157895,27.39538487365223,38.0
158,14.594594594594595,29.144715034023147,37.0
159,8.23076923076923,15.715332001552762,39.0
160,13.485714285714286,26.301835575142825,35.0
161,14.114285714285714,19.685425227476156,35.0
162,20.34375,34.27931697949428,32.0
163,9.724137931034482,22.776705756609154,29.0
164,9.137931034482758,12.267041027342431,29.0
165,15.3125,26.035258351308038,32.0
166,20.80952380952381,26.84700923309531,21.0
167,16.5,21.24801781036446,24.0
168,10.31578947368421,18.935717665532824,19.0
169,27.689655172413794,35.6742238360615,29.0
170,12.09375,17.401074076971746,32.0
171,19.0,28.080242164197944,29.0
172,15.25925925925926,23.999347094632824,27.0
173,22.115384615384617,32.695353704252135,26.0
174,10.03448275862069,13.061619782019736,29.0
175,16.942857142857143,30.490058994350786,35.0
176,21.884615384615383,23.467981460836246,26.0
177,20.61904761904762,38.797520784808135,21.0
178,9.066666666666666,9.55784394894481,15.0
179,23.885714285714286,27.520870613549473,35.0
180,17.347826086956523,29.641200895271332,23.0
181,6.095238095238095,9.81277107602517,21.0
182,11.35,26.26639838673217,20.0
183,7.8125,12.188621743248905,16.0
184,19.333333333333332,29.825045403709503,21.0
185,14.157894736842104,17.969922889510983,19.0
186,17.043478260869566,28.07373126878183,23.0
187,19.571428571428573,30.89819432747507,28.0
188,15.947368421052632,31.018764364333702,19.0
189,18.28,25.16697571554172,25.0
190,14.5,21.15730556917323,20.0
191,23.375,34.00871052104663,24.0
192,15.428571428571429,18.62678562868921,21.0
193,10.583333333333334,21.23351875786441,24.0
194,26.916666666666668,31.272875685219432,24.0
195,13.833333333333334,28.159733454620877,18.0
196,6.666666666666667,9.42388050696335,15.0
197,16.0,25.187298386289864,21.0
198,24.444444444444443,31.44972125981821,18.0
199,11.866666666666667,34.483674536276,15.0
200,17.233333333333334,24.377326001604555,30.0
201,17.11764705882353,20.002757162892497,17.0
202,25.38888888888889,37.62842931628236,18.0
203,12.181818181818182,14.44080318184541,22.0
204,17.05263157894737,25.277292585793997,19.0
205,18.055555555555557,21.39398547206866,18.0
206,15.521739130434783,22.68734041309741,23.0
207,28.35,37.55035216037822,20.0
208,17.77777777777778,37.23463845203273,18.0
209,13.25,25.841826560829638,16.0
210,16.7,19.876195760123135,20.0
211,10.789473684210526,19.007539285967617,19.0
212,16.428571428571427,17.731824001426993,14.0
213,8.857142857142858,10.509022810878301,14.0
214,10.538461538461538,9.579625815721133,13.0
215,13.956521739130435,26.64664103148593,23.0
216,18.9375,30.29294472315295,16.0
217,19.2,29.498775869140363,10.0
218,11.384615384615385,13.50023741481646,13.0
219,23.923076923076923,34.884240803122786,13.0
220,12.588235294117647,18.94419047996447,17.0
221,16.3125,18.02116810864379,16.0
222,10.928571428571429,11.28282756237096,14.0
223,13.142857142857142,22.528126498146346,14.0
224,8.928571428571429,11.730724193752495,14.0
225,28.6,30.189034065000783,10.0
226,15.285714285714286,20.405235268764397,14.0
227,13.0,16.61826304601858,13.0
228,5.916666666666667,8.382431122004613,12.0
229,14.0,22.693611435820433,17.0
230,4.2,3.783422486887463,15.0
231,12.235294117647058,13.273702440185565,17.0
232,18.071428571428573,34.64870801390677,14.0
233,24.083333333333332,41.09292868461419,12.0
234,14.25,14.07835217630245,16.0
235,10.882352941176471,15.707809972037701,17.0
236,21.375,40.99085263811915,16.0
237,4.6,6.040603354706291,10.0
238,18.818181818181817,35.34633837278815,11.0
239,45.90909090909091,38.76971639167495,11.0
240,3.111111111111111,3.689323936863109,9.0
241,10.0,11.704699910719626,9.0
242,13.142857142857142,11.682302447556753,7.0
243,20.466666666666665,29.40084222959478,15.0
244,28.25,33.93610306014954,12.0
245,22.46153846153846,39.413651155860926,13.0
246,13.2,18.79665623759411,15.0
247,14.5,29.620750984552856,10.0
248,16.09090909090909,26.579896709560575,11.0
249,29.214285714285715,36.4843034139943,14.0
250,30.625,46.38330210631531,8.0
251,42.0,35.81898937714463,5.0
252,20.071428571428573,34.06207971814514,14.0
253,9.6875,12.694979322551099,16.0
254,20.857142857142858,22.363873929685283,7.0
255,23.0,34.40706546403157,14.0
256,13.8,31.01182570138903,10.0
257,35.733333333333334,43.49132371054298,15.0
258,11.75,16.29855383593456,8.0
259,12.166666666666666,20.262444735684454,6.0
260,11.733333333333333,16.21051980600722,15.0
261,28.846153846153847,32.893378649423646,13.0
262,27.0,36.67575644906471,10.0
263,26.363636363636363,33.85047334166163,11.0
264,27.545454545454547,36.078701851268534,11.0
265,11.75,12.186057606953941,8.0
266,14.9,33.603736564720165,10.0
267,17.642857142857142,22.183178460117173,14.0
268,29.22222222222222,25.873624493766705,9.0
269,22.0,33.071891388307385,9.0
270,38.142857142857146,27.619006568113992,7.0
271,8.4,12.703455347966466,10.0
272,13.23076923076923,18.430743546919306,13.0
273,12.9,14.317433041187547,10.0
274,21.466666666666665,24.79304818079532,15.0
275,24.3,41.424764466573755,10.0
276,21.363636363636363,18.45141039201463,11.0
277,48.0,53.40411969127476,9.0
278,7.25,7.4017372478165075,8.0
279,20.714285714285715,33.890580233619914,7.0
280,18.11111111111111,25.794594610327007,9.0
281,4.0,2.943920288775949,4.0
282,10.4,11.057425860780919,10.0
283,15.8,16.81137181262202,10.0
284,19.5,33.6282194422652,8.0
285,9.0,11.661903789690601,6.0
286,10.4,19.109043815836404,10.0
287,13.571428571428571,19.603206734759347,7.0
288,7.333333333333333,11.736694594305503,9.0
289,12.2,14.463747785411636,5.0
290,10.875,17.37352254766677,8.0
291,41.8,31.443600302764313,5.0
292,8.5,12.25969004502153,6.0
293,22.0,39.59797974644666,5.0
294,7.7,9.741663102366044,10.0
295,20.88888888888889,27.921516991580365,9.0
296,5.666666666666667,5.501514942874069,6.0
297,41.25,44.71670083238849,4.0
298,3.0,3.4641016151377544,3.0
299,21.125,32.760767041430164,8.0
300,10.0,22.501851775650227,7.0
301,17.0,20.033305601755625,7.0
302,13.5,21.03092960380021,6.0
303,18.75,24.80639318516787,8.0
304,1.5,1.0,4.0
305,18.22222222222222,44.80730347213994,9.0
306,6.8,5.495452665613635,5.0
307,33.8,49.54492910480345,5.0
308,4.0,3.286335345030997,6.0
309,12.0,13.648652471424214,8.0
310,19.0,30.822070014844883,4.0
311,11.428571428571429,9.980934205726818,7.0
312,22.857142857142858,46.00517569226522,7.0
313,13.333333333333334,23.131508093219228,6.0
314,6.666666666666667,7.5542482529148245,6.0
315,38.0,51.24451190127582,7.0
316,2.0,1.5275252316519468,7.0
317,41.0,62.18788735222747,4.0
318,9.375,19.747965537167186,8.0
319,19.0,16.0,3.0
320,16.25,28.882767971825096,8.0
321,3.5714285714285716,1.9880595947760096,7.0
322,17.4,20.538311084951026,10.0
323,13.0,21.36976056643281,4.0
324,9.4,13.939153489362258,5.0
325,37.666666666666664,48.003472096644565,3.0
326,10.375,12.760849725401743,8.0
327,14.222222222222221,30.140412147886178,9.0
328,28.285714285714285,29.095900545805907,7.0
329,20.333333333333332,38.1558208752828,6.0
330,10.75,12.446552400832395,4.0
331,26.666666666666668,41.3602063179896,6.0
332,23.5,17.67766952966369,2.0
333,24.22222222222222,17.676098111417136,9.0
334,13.8,25.689600143940652,10.0
335,18.333333333333332,11.930353445448855,3.0
336,28.0,52.66877632905477,4.0
337,12.6,17.11139970896595,5.0
338,8.333333333333334,12.701705922171767,3.0
339,8.571428571428571,17.85923797233188,7.0
340,36.833333333333336,51.85524724332791,6.0
341,13.0,11.060440015358038,7.0
342,32.5,39.88859486118808,6.0
343,24.285714285714285,49.90896474487086,7.0
344,3.1666666666666665,2.228601953392904,6.0
345,7.333333333333333,8.504900548115382,3.0
346,45.42857142857143,49.06409801765151,7.0
347,4.0,0,1.0
348,12.666666666666666,14.706007842601833,6.0
349,17.333333333333332,17.039170558842745,3.0
350,49.25,58.24874819828033,4.0
351,39.285714285714285,55.059707850400265,7.0
352,53.333333333333336,45.32475409015843,3.0
353,13.75,17.461863207191456,4.0
354,44.8,47.615123647849536,5.0
355,20.428571428571427,25.708994164540567,7.0
356,12.4,12.366621742955239,10.0
357,36.75,36.53651141894457,4.0
358,9.75,16.194134740701646,4.0
359,19.5,14.708274315273473,4.0
360,18.6,23.575410919006266,5.0
361,26.125,38.944786924201146,8.0
362,106.5,30.405591591021544,2.0
363,10.25,12.010412149464313,4.0
364,10.166666666666666,9.867454923467685,6.0
365,40.25,37.84083206575367,8.0
366,52.0,72.12489168102785,2.0
367,28.4,39.048687557970496,5.0
368,21.0,0,1.0
369,63.0,0,1.0
370,31.0,36.23074201098657,4.0
371,62.0,8.48528137423857,2.0
372,14.8,28.11049626029395,5.0
373,4.0,4.725815626252608,7.0
374,35.333333333333336,42.359571921034956,3.0
375,18.0,15.21840990379744,6.0
376,18.25,19.956202043475106,4.0
377,4.75,3.8622100754188224,4.0
378,24.25,21.94500702513748,4.0
379,39.833333333333336,43.77860969316713,6.0
380,17.0,18.934096228761486,5.0
381,18.0,16.782927833565473,7.0
382,20.8,24.355697485393435,5.0
383,32.666666666666664,44.071910933533765,3.0
384,7.666666666666667,9.073771725877465,3.0
385,37.75,39.305427954249105,4.0
386,5.4,3.4351128074635335,5.0
387,5.0,1.4142135623730951,2.0
388,13.5,11.357816691600549,4.0
389,1.2,0.4472135954999579,5.0
390,2.3333333333333335,2.3094010767585034,3.0
391,4.0,2.581988897471611,4.0
392,8.5,6.363961030678928,2.0
393,4.25,1.5,4.0
394,18.0,34.19064199455752,7.0
395,42.0,37.027017163147235,3.0
397,7.75,5.315072906367325,4.0
398,10.166666666666666,20.556426407979252,6.0
399,16.0,15.132745950421556,3.0
400,6.833333333333333,8.79583234643923,6.0
401,1.75,1.5,4.0
402,2.5,2.1213203435596424,2.0
403,34.25,43.36953615922894,4.0
404,14.428571428571429,19.865020705225746,7.0
405,5.25,7.847504911329036,4.0
406,18.75,16.00781059358212,4.0
407,4.333333333333333,3.055050463303893,3.0
408,17.0,14.422205101855956,3.0
409,29.333333333333332,30.088757590391356,3.0
410,4.8,4.43846820423443,5.0
411,4.0,4.242640687119285,2.0
412,7.75,8.99536917900909,4.0
413,60.0,82.02438661763951,2.0
414,23.333333333333332,31.89566323708183,3.0
415,18.5,28.384267943117127,4.0
416,32.75,37.16068711241312,4.0
417,14.0,6.244997998398398,3.0
418,13.0,0,1.0
419,1.0,0,1.0
420,18.0,2.8284271247461903,2.0
421,35.5,50.82322303829224,4.0
422,20.25,34.61574786134195,4.0
423,15.0,9.899494936611665,2.0
425,23.5,2.1213203435596424,2.0
426,17.25,16.700798384109266,4.0
427,8.0,0,1.0
428,14.0,4.58257569495584,3.0
429,24.75,13.889444433333777,4.0
430,7.0,2.8284271247461903,2.0
431,4.0,4.242640687119285,2.0
432,15.5,14.66287829861518,4.0
433,34.0,0,1.0
434,24.333333333333332,32.715949219506584,3.0
435,40.5,53.033008588991066,2.0
436,5.0,0,1.0
437,6.5,6.363961030678928,2.0
438,45.5,7.7781745930520225,2.0
439,9.0,4.242640687119285,2.0
440,10.0,4.242640687119285,2.0
441,2.0,0,1.0
442,41.5,30.405591591021544,2.0
443,31.0,0,1.0
444,80.0,53.721504074253176,4.0
445,27.25,22.940139493908923,4.0
446,24.0,19.629909152447276,4.0
447,39.333333333333336,65.53116307020144,3.0
448,29.0,24.240462041801102,6.0
449,8.0,0,1.0
450,12.5,10.606601717798213,2.0
451,55.6,44.07720499305735,5.0
452,4.333333333333333,4.163331998932265,3.0
453,14.666666666666666,9.291573243177568,3.0
454,12.0,0,1.0
455,16.5,0.7071067811865476,2.0
456,40.0,45.254833995939045,2.0
457,15.666666666666666,10.692676621563626,3.0
458,31.0,20.663978319771825,3.0
459,24.5,14.849242404917497,2.0
460,29.0,0.0,2.0
461,50.333333333333336,53.57549190939205,3.0
462,14.5,16.263455967290593,2.0
463,13.666666666666666,10.969655114602888,3.0
464,8.666666666666666,7.234178138070234,3.0
465,41.5,55.86143571373726,2.0
466,37.666666666666664,53.35103872778236,3.0
467,69.0,0,1.0
468,70.0,97.58073580374356,2.0
469,38.0,30.750609750052114,6.0
470,18.0,21.213203435596427,2.0
471,2.5,2.1213203435596424,2.0
472,9.25,8.180260794538684,4.0
473,59.0,0,1.0
474,2.0,0,1.0
475,25.0,31.11269837220809,2.0
476,27.25,45.46335520687696,4.0
477,14.0,0,1.0
478,118.0,0,1.0
479,28.75,32.98863440641337,4.0
480,42.75,30.80449101456907,4.0
481,14.0,1.4142135623730951,2.0
482,34.0,0,1.0
483,21.75,30.56550343115585,4.0
484,38.666666666666664,46.30694692304097,3.0
485,6.0,0,1.0
486,24.666666666666668,28.93671255228094,3.0
487,39.0,48.08326112068523,2.0
488,10.0,5.656854249492381,2.0
489,6.0,0,1.0
490,5.0,0,1.0
491,16.333333333333332,20.647840887931437,3.0
492,49.0,41.51305015694864,4.0
493,20.0,19.157244060668017,5.0
494,9.5,10.606601717798213,2.0
495,6.0,0,1.0
496,4.0,0,1.0
497,42.75,54.457169714678834,4.0
498,123.0,0,1.0
499,3.6666666666666665,3.7859388972001824,3.0
500,71.0,53.74011537017761,2.0
501,18.8,21.48720549536398,5.0
503,34.0,38.301436004411116,3.0
504,22.333333333333332,27.227437142216182,3.0
505,1.0,0,1.0
506,23.0,38.1051177665153,3.0
507,52.0,46.486557196677836,3.0
508,128.0,7.0710678118654755,2.0
509,28.5,38.890872965260115,2.0
510,5.0,5.656854249492381,2.0
511,64.5,78.48885271170677,2.0
512,1.0,0,1.0
513,37.2,46.99148859102039,5.0
514,2.0,0,1.0
515,55.333333333333336,34.53018003621373,3.0
516,50.0,2.8284271247461903,2.0
517,29.0,31.11269837220809,2.0
519,5.0,7.314369419163897,5.0
520,3.0,2.6457513110645907,3.0
521,8.0,10.923979738782625,4.0
522,15.0,15.0996688705415,3.0
523,6.4,5.224940191045253,5.0
524,16.5,14.849242404917497,2.0
525,8.333333333333334,11.846237095944574,3.0
526,39.666666666666664,28.307831660749528,3.0
527,2.6666666666666665,2.0816659994661326,3.0
528,5.333333333333333,4.041451884327381,3.0
529,8.0,8.48528137423857,2.0
530,23.8,28.682747427678542,5.0
531,1.5,0.7071067811865476,2.0
532,52.5,71.4177848998413,2.0
533,2.8,2.4899799195977463,5.0
534,15.75,14.773286702694158,4.0
535,50.333333333333336,67.00248751601193,3.0
536,4.0,4.636809247747852,5.0
537,8.0,2.8284271247461903,2.0
538,26.0,26.210684844162312,3.0
539,46.75,52.41103573358064,4.0
540,16.5,10.94988584415381,6.0
541,34.5,47.37615433949868,2.0
542,11.4,15.043270920913445,5.0
543,11.666666666666666,8.621678104251709,3.0
544,2.0,1.4142135623730951,2.0
545,15.0,20.074859899884732,3.0
546,47.5,65.76093065034893,2.0
547,23.0,32.95451410656816,5.0
548,27.0,0,1.0
549,48.25,55.36168952142507,4.0
550,84.0,0,1.0
551,6.5,6.3508529610858835,4.0
552,41.0,47.588514020367,4.0
553,37.5,50.204581464244875,2.0
554,11.0,11.16542281629615,4.0
555,33.0,52.99685525261538,4.0
556,11.6,14.328293687665674,5.0
557,14.5,11.269427669584644,4.0
558,6.25,5.057996968497839,4.0
559,17.25,21.685248442201438,4.0
560,16.6,16.637307474468336,5.0
561,49.0,57.590508477236654,4.0
562,20.5,27.577164466275352,2.0
563,14.5,16.263455967290593,2.0
564,21.75,22.020823478395776,4.0
565,20.6,40.5006172792465,5.0
566,9.714285714285714,17.230924580670703,7.0
567,11.0,7.810249675906654,3.0
568,20.5,2.1213203435596424,2.0
569,3.0,2.8284271247461903,2.0
570,23.333333333333332,35.27510926040249,3.0
571,35.0,0,1.0
572,31.0,5.354126134736337,4.0
573,17.428571428571427,21.298334386027644,7.0
574,73.0,62.864934582006846,3.0
575,3.0,0,1.0
576,36.333333333333336,48.52147290976782,3.0
577,21.5,11.902380714238083,4.0
578,9.666666666666666,10.692676621563626,3.0
579,29.6,15.469324484281788,5.0
580,21.5,6.363961030678928,2.0
581,3.0,2.8284271247461903,2.0
582,59.333333333333336,17.61628034896508,3.0
583,19.428571428571427,21.915421836818798,7.0
584,21.333333333333332,12.34233905438241,3.0
585,21.5,31.90088817990287,4.0
586,33.5,0.7071067811865476,2.0
587,5.333333333333333,5.131601439446884,3.0
588,23.0,23.53720459187964,4.0
589,7.25,4.425306015783918,4.0
590,38.666666666666664,47.056703383612984,3.0
591,18.6,19.552493447128427,5.0
592,3.3333333333333335,2.0816659994661326,3.0
593,24.333333333333332,28.919428302325297,3.0
594,45.25,51.11017511220246,4.0
595,9.5,11.449890829173874,6.0
596,11.0,5.5677643628300215,3.0
597,36.333333333333336,38.53137249912941,6.0
598,18.0,32.68026927673638,4.0
599,11.5,17.885748516626304,6.0
600,39.5,38.10949138119444,4.0
601,13.0,17.349351572897472,3.0
602,39.666666666666664,37.634204300520736,3.0
603,26.166666666666668,20.458901892982105,6.0
604,6.5,2.1213203435596424,2.0
605,9.666666666666666,6.110100926607787,3.0
606,27.75,42.90590479953391,4.0
607,5.6,8.648699324175862,5.0
608,29.125,44.14727786463332,8.0
609,30.0,24.45403852127497,4.0
610,13.0,0,1.0
611,21.2,21.924871721403527,5.0
612,35.333333333333336,57.735026918962575,3.0
613,4.0,2.8284271247461903,2.0
614,4.0,2.449489742783178,4.0
615,4.0,0,1.0
616,12.333333333333334,10.214368964029708,3.0
617,54.2,38.970501664720715,5.0
618,50.333333333333336,41.428653530296316,3.0
619,20.0,0,1.0
620,15.5,0.7071067811865476,2.0
622,8.0,0.0,2.0
623,26.333333333333332,43.87862045841156,3.0
624,39.5,40.30508652763321,2.0
625,64.5,88.38834764831844,2.0
626,9.333333333333334,11.930353445448855,3.0
627,45.0,0,1.0
628,18.0,9.899494936611665,2.0
629,116.0,9.899494936611665,2.0
630,23.333333333333332,35.23256069793016,3.0
631,32.0,47.634021455258214,3.0
632,26.666666666666668,11.150485789118488,3.0
633,70.66666666666667,46.875722216658524,3.0
634,2.0,1.4142135623730951,2.0
635,17.666666666666668,22.03028218914441,3.0
636,36.0,46.66904755831214,2.0
637,1.6666666666666667,1.1547005383792517,3.0
638,45.0,60.81118318204309,2.0
639,4.5,0.7071067811865476,2.0
640,65.33333333333333,64.50839738618014,3.0
641,89.0,0,1.0
642,101.0,0,1.0
643,59.0,2.8284271247461903,2.0
644,59.5,50.204581464244875,2.0
645,38.0,24.041630560342615,2.0
646,20.5,2.1213203435596424,2.0
647,23.666666666666668,18.14754345175493,3.0
648,23.666666666666668,20.132891827388665,3.0
649,5.0,0,1.0
650,37.5,28.991378028648448,2.0
651,10.333333333333334,11.372481406154654,3.0
654,49.0,66.46803743153546,2.0
655,10.5,12.020815280171307,2.0
656,25.0,26.870057685088806,2.0
657,3.0,1.4142135623730951,2.0
658,3.0,0.0,2.0
659,18.0,0,1.0
660,33.5,45.44960579220315,4.0
661,106.5,44.54772721475249,2.0
662,34.333333333333336,29.36551265231604,3.0
663,2.0,0.0,2.0
664,25.0,0,1.0
665,17.0,0,1.0
666,33.0,0,1.0
667,80.0,8.48528137423857,2.0
668,113.0,0,1.0
669,40.666666666666664,15.37313674346694,3.0
670,13.666666666666666,21.93931022920578,3.0
671,50.666666666666664,44.523402086243735,3.0
672,24.0,0,1.0
673,13.0,0,1.0
674,17.333333333333332,22.50185177565023,3.0
675,20.333333333333332,18.610033136277146,3.0
676,42.333333333333336,53.67805262240177,3.0
677,24.0,30.066592756745816,4.0
678,72.5,72.8319984622144,2.0
679,14.75,13.961255912942311,4.0
680,67.0,0,1.0
681,13.0,0,1.0
682,7.0,0,1.0
683,63.5,84.14570696119915,2.0
684,7.0,0,1.0
685,22.0,18.7794213613377,4.0
686,31.5,37.476659402887016,2.0
687,26.666666666666668,18.610033136277146,3.0
688,2.5,0.7071067811865476,2.0
689,24.5,30.405591591021544,2.0
690,38.333333333333336,30.501366089625122,3.0
691,57.0,56.568542494923804,2.0
692,24.666666666666668,28.29016319029166,3.0
694,29.5,9.192388155425117,2.0
695,3.0,2.8284271247461903,2.0
696,36.0,5.656854249492381,2.0
697,119.5,10.606601717798213,2.0
698,22.0,25.709920264364882,3.0
700,40.666666666666664,18.77054430040145,3.0
701,49.333333333333336,40.525712002793156,3.0
702,63.0,2.8284271247461903,2.0
703,25.75,15.798206649279322,4.0
704,38.0,27.53179979587241,4.0
705,2.0,0.0,2.0
706,90.66666666666667,33.08070938376826,3.0
707,124.0,0,1.0
708,106.5,43.1335136523794,2.0
709,47.5,58.68986283848344,2.0
710,3.3333333333333335,2.3094010767585034,3.0
711,58.0,45.254833995939045,2.0
712,16.0,16.97056274847714,2.0
713,44.333333333333336,49.08496035786658,3.0
714,13.5,16.263455967290593,2.0
715,41.0,2.8284271247461903,2.0
716,72.25,49.34487477607646,4.0
717,9.5,2.1213203435596424,2.0
718,3.0,2.8284271247461903,2.0
719,35.0,44.034077712607996,3.0
720,24.0,0,1.0
721,42.0,15.556349186104045,2.0
722,9.0,2.8284271247461903,2.0
723,36.75,31.372758884101984,4.0
724,32.0,34.03919309658598,4.0
725,27.5,19.485036994233976,4.0
726,39.0,38.742741255621034,3.0
727,56.666666666666664,41.78915329763614,3.0
728,16.0,18.384776310850235,2.0
729,70.0,0,1.0
730,44.666666666666664,67.15901527965798,3.0
731,9.0,0,1.0
732,24.0,28.284271247461902,2.0
733,14.666666666666666,16.50252505931542,3.0
734,8.0,12.12435565298214,3.0
735,75.5,28.991378028648448,2.0
736,9.5,9.192388155425117,2.0
737,63.0,36.76955262170047,2.0
738,29.6,18.595698427324532,5.0
739,8.75,8.098353742170895,4.0
740,81.0,1.4142135623730951,2.0
741,2.5,0.7071067811865476,2.0
742,5.0,0,1.0
743,32.0,4.242640687119285,2.0
744,19.5,20.506096654409877,2.0
745,37.5,44.91102314577124,4.0
746,44.666666666666664,28.5014619508076,3.0
747,36.0,41.012193308819754,2.0
748,64.5,44.82930589097568,4.0
749,15.5,19.091883092036785,2.0
750,34.0,45.254833995939045,2.0
751,1.0,0,1.0
752,48.666666666666664,53.52880844305553,3.0
754,19.0,0,1.0
755,71.0,79.19595949289332,2.0
756,17.666666666666668,21.22105872319601,3.0
757,21.0,0,1.0
758,68.33333333333333,58.73102530463208,3.0
759,31.5,37.476659402887016,2.0
760,46.75,42.57835913544188,4.0
761,43.0,50.91168824543142,2.0
762,87.0,31.11269837220809,2.0
763,51.666666666666664,37.421027956662726,3.0
764,2.0,0,1.0
765,23.333333333333332,36.11555528208494,3.0
766,28.0,38.18376618407357,2.0
767,51.333333333333336,13.316656236958785,3.0
768,19.5,14.849242404917497,2.0
769,21.0,0,1.0
770,26.0,26.870057685088806,2.0
771,24.333333333333332,24.826061575153908,3.0
772,6.666666666666667,7.371114795831994,3.0
773,29.666666666666668,26.633312473917574,3.0
774,66.33333333333333,55.148284953689476,3.0
775,3.0,0,1.0
776,10.5,4.949747468305833,2.0
777,33.5,30.405591591021544,2.0
778,3.0,2.8284271247461903,2.0
779,4.0,4.242640687119285,2.0
780,5.0,0,1.0
781,9.0,0,1.0
782,32.333333333333336,40.525712002793156,3.0
783,31.666666666666668,50.52062285179522,3.0
784,38.0,38.18376618407357,2.0
785,54.0,54.78138369920935,3.0
786,56.5,72.8319984622144,2.0
787,2.5,2.1213203435596424,2.0
788,29.5,30.405591591021544,2.0
789,21.0,0,1.0
790,5.0,0,1.0
791,18.0,24.041630560342615,2.0
793,14.0,0,1.0
794,22.0,29.698484809834994,2.0
795,3.0,0,1.0
796,129.0,0,1.0
797,49.0,46.66904755831214,2.0
798,1.0,0,1.0
800,11.5,13.435028842544403,2.0
801,5.0,0,1.0
802,19.0,22.627416997969522,2.0
803,27.0,0,1.0
804,2.5,0.7071067811865476,2.0
805,9.0,11.313708498984761,2.0
808,41.0,0,1.0
809,6.0,0,1.0
810,48.0,0,1.0
812,27.0,2.8284271247461903,2.0
814,39.0,0,1.0
815,6.0,0,1.0
816,22.0,26.870057685088806,2.0
817,4.0,0,1.0
818,16.0,1.4142135623730951,2.0
820,33.5,43.1335136523794,2.0
821,37.0,0,1.0
823,42.5,38.890872965260115,2.0
824,37.0,50.91168824543142,2.0
825,44.0,0,1.0
826,53.5,68.58935777509511,2.0
828,31.5,13.435028842544403,2.0
829,82.0,39.59797974644666,2.0
830,16.0,0,1.0
831,36.0,0,1.0
832,22.0,0,1.0
833,16.0,0,1.0
834,24.0,0,1.0
835,1.0,0,1.0
836,60.0,0,1.0
837,33.0,0,1.0
838,3.0,2.8284271247461903,2.0
839,21.5,13.435028842544403,2.0
840,8.0,0,1.0
841,47.0,0,1.0
843,48.0,0,1.0
844,2.0,0.0,2.0
845,57.0,0,1.0
846,42.0,0,1.0
847,7.0,5.656854249492381,2.0
849,33.5,43.1335136523794,2.0
850,8.5,4.949747468305833,2.0
851,25.666666666666668,32.88363321370273,3.0
852,3.5,2.1213203435596424,2.0
853,8.0,0,1.0
854,77.0,77.78174593052023,2.0
856,30.0,0,1.0
857,31.0,0,1.0
858,51.0,0,1.0
859,3.0,0,1.0
863,17.0,0,1.0
864,5.0,0,1.0
865,69.5,34.64823227814083,2.0
867,60.0,50.91168824543142,2.0
868,58.5,44.54772721475249,2.0
869,26.0,7.0710678118654755,2.0
870,51.0,0,1.0
871,75.0,0,1.0
872,130.0,0,1.0
875,1.0,0,1.0
876,18.0,24.041630560342615,2.0
877,33.5,19.091883092036785,2.0
878,48.5,48.79036790187178,2.0
879,11.0,0,1.0
881,82.0,42.42640687119285,2.0
882,51.0,0,1.0
883,20.0,0,1.0
884,67.0,86.2670273047588,2.0
885,42.0,55.154328932550705,2.0
886,37.0,0,1.0
887,1.0,0,1.0
888,3.0,0,1.0
889,42.0,0,1.0
890,135.0,0,1.0
891,46.0,14.142135623730951,2.0
892,3.0,0,1.0
893,21.0,0,1.0
894,99.0,0,1.0
895,61.0,84.8528137423857,2.0
896,14.0,0,1.0
897,54.0,0,1.0
898,82.0,0,1.0
899,137.0,0,1.0
900,1.0,0,1.0
902,62.0,0,1.0
903,91.0,0,1.0
905,97.0,0,1.0
906,85.0,0,1.0
907,55.0,0,1.0
908,80.0,0,1.0
910,18.5,24.748737341529164,2.0
911,23.5,31.81980515339464,2.0
912,34.0,0,1.0
916,67.0,0,1.0
917,93.0,0,1.0
918,12.0,0,1.0
919,7.0,0,1.0
920,2.0,0,1.0
921,12.0,0,1.0
922,1.0,0,1.0
923,35.0,24.041630560342615,2.0
924,11.0,0,1.0
926,22.5,24.748737341529164,2.0
927,6.5,7.7781745930520225,2.0
928,38.0,50.91168824543142,2.0
929,29.0,35.35533905932738,2.0
930,2.5,0.7071067811865476,2.0
931,116.0,0,1.0
933,6.0,0,1.0
935,89.0,0,1.0
936,102.0,0,1.0
939,5.0,0,1.0
940,14.0,0,1.0
943,10.0,0,1.0
945,21.0,0,1.0
946,28.0,0,1.0
947,87.0,21.213203435596427,2.0
948,26.0,26.870057685088806,2.0
949,15.5,16.263455967290593,2.0
950,5.333333333333333,2.8867513459481287,3.0
952,85.0,0,1.0
953,2.0,0,1.0
954,38.0,0,1.0
955,57.0,50.91168824543142,2.0
956,12.0,0,1.0
957,2.0,0,1.0
958,70.5,88.38834764831844,2.0
960,22.0,29.698484809834994,2.0
961,2.0,0,1.0
962,35.0,0,1.0
963,7.0,2.8284271247461903,2.0
964,2.0,0,1.0
966,37.0,50.91168824543142,2.0
968,32.0,32.526911934581186,2.0
969,84.0,0,1.0
970,20.0,0,1.0
971,98.0,0,1.0
972,111.0,0,1.0
976,42.5,28.991378028648448,2.0
978,18.0,7.0710678118654755,2.0
979,51.5,65.76093065034893,2.0
980,65.0,0,1.0
981,34.0,0,1.0
982,73.0,0,1.0
985,1.0,0,1.0
987,2.0,0,1.0
988,111.0,0,1.0
989,78.5,20.506096654409877,2.0
991,25.0,0,1.0
993,64.0,0,1.0
994,11.0,0,1.0
995,25.0,0,1.0
996,80.0,0,1.0
999,13.0,0,1.0
1000,6.333333333333333,6.110100926607786,3.0
1001,39.0,0,1.0
1002,3.0,0,1.0
1003,12.0,4.242640687119285,2.0
1004,90.0,0,1.0
1005,49.0,0,1.0
1006,2.0,0.0,2.0
1007,29.0,0,1.0
1008,103.0,0,1.0
1010,29.5,27.577164466275352,2.0
1011,7.0,0,1.0
1012,136.0,0,1.0
1015,74.0,0,1.0
1016,11.5,9.192388155425117,2.0
1017,5.0,4.242640687119285,2.0
1018,70.0,22.627416997969522,2.0
1019,33.0,0,1.0
1020,45.0,0,1.0
1022,5.0,0,1.0
1023,20.0,1.4142135623730951,2.0
1024,49.0,0,1.0
1025,1.0,0,1.0
1026,45.5,7.7781745930520225,2.0
1028,82.0,0,1.0
1029,13.0,16.97056274847714,2.0
1030,5.0,5.656854249492381,2.0
1031,19.5,24.748737341529164,2.0
1033,23.0,0,1.0
1034,133.0,0,1.0
1035,25.0,0,1.0
1036,1.0,0,1.0
1037,16.0,0,1.0
1039,28.0,32.526911934581186,2.0
1040,38.5,27.577164466275352,2.0
1041,14.0,0,1.0
1042,72.0,5.656854249492381,2.0
1045,40.0,50.91168824543142,2.0
1046,14.0,0,1.0
1047,47.0,15.556349186104045,2.0
1048,2.0,0,1.0
1049,25.0,0,1.0
1051,3.0,0,1.0
1052,9.0,0,1.0
1053,98.0,0,1.0
1054,64.0,18.384776310850235,2.0
1055,45.5,20.506096654409877,2.0
1056,11.0,0,1.0
1057,63.0,0,1.0
1058,4.0,0,1.0
1059,70.0,0,1.0
1060,13.0,14.142135623730951,2.0
1061,9.0,0,1.0
1062,56.0,0,1.0
1063,42.0,46.66904755831214,2.0
1064,3.0,2.8284271247461903,2.0
1066,100.0,0,1.0
1068,49.0,0,1.0
1069,16.0,0,1.0
1070,3.0,0,1.0
1071,39.5,31.81980515339464,2.0
1073,11.0,0,1.0
1076,16.0,0,1.0
1077,13.0,0,1.0
1079,51.5,41.71930009000631,2.0
1080,4.666666666666667,2.516611478423583,3.0
1081,3.0,2.8284271247461903,2.0
1083,88.0,0,1.0
1084,36.0,33.94112549695428,2.0
1085,89.0,0,1.0
1086,15.0,0,1.0
1087,56.5,65.76093065034893,2.0
1088,10.0,12.727922061357855,2.0
1089,22.5,30.405591591021544,2.0
1093,41.0,52.32590180780452,2.0
1095,8.0,0,1.0
1097,3.5,2.1213203435596424,2.0
1098,54.0,55.154328932550705,2.0
1099,18.0,0,1.0
1100,50.0,0,1.0
1101,101.5,12.020815280171307,2.0
1103,25.0,31.11269837220809,2.0
1104,28.0,29.698484809834994,2.0
1105,34.5,33.23401871576773,2.0
1107,23.0,0,1.0
1108,1.0,0,1.0
1110,73.5,10.606601717798213,2.0
1111,15.0,0,1.0
1112,43.0,7.0710678118654755,2.0
1113,88.0,0,1.0
1114,43.5,47.37615433949868,2.0
1115,21.0,0,1.0
1116,60.5,55.86143571373726,2.0
1117,22.0,0,1.0
1118,23.5,21.920310216782973,2.0
1120,49.0,63.63961030678928,2.0
1121,108.0,35.35533905932738,2.0
1123,37.0,0,1.0
1124,51.0,5.656854249492381,2.0
1125,33.0,0,1.0
1127,44.0,0,1.0
1128,57.0,0,1.0
1131,30.0,0,1.0
1133,102.0,0,1.0
1134,114.0,0,1.0
1135,4.0,0,1.0
1136,11.5,10.606601717798213,2.0
1137,6.0,0,1.0
1138,62.0,63.63961030678928,2.0
1139,12.0,0,1.0
1140,10.0,0,1.0
1141,5.0,0,1.0
1142,64.0,0,1.0
1144,58.5,75.66042558696059,2.0
1147,1.0,0,1.0
1148,71.0,0,1.0
1149,3.0,1.4142135623730951,2.0
1150,65.0,0,1.0
1152,95.0,0,1.0
1153,44.0,60.81118318204309,2.0
1155,36.0,0,1.0
1158,2.0,0,1.0
1159,38.0,46.66904755831214,2.0
1160,70.0,67.88225099390856,2.0
1161,122.0,0,1.0
1162,68.0,0,1.0
1164,126.0,0,1.0
1165,13.0,0,1.0
1166,25.0,0,1.0
1167,130.0,0,1.0
1169,83.0,0,1.0
1170,61.0,0,1.0
1171,29.5,6.363961030678928,2.0
1172,4.0,0,1.0
1173,11.0,0,1.0
1174,38.0,0,1.0
1175,37.0,0,1.0
1176,19.0,0,1.0
1177,25.0,0,1.0
1178,57.5,75.66042558696059,2.0
1179,61.0,0,1.0
1180,2.0,0,1.0
1184,69.5,65.76093065034893,2.0
1185,34.0,0,1.0
1186,27.0,0,1.0
1187,53.0,0,1.0
1188,47.0,5.656854249492381,2.0
1189,92.0,0,1.0
1190,33.0,35.35533905932738,2.0
1191,53.5,74.24621202458749,2.0
1192,41.0,0,1.0
1194,71.0,43.840620433565945,2.0
1195,28.333333333333332,19.2180470738661,3.0
1196,24.5,0.7071067811865476,2.0
1197,5.0,0,1.0
1198,9.0,0,1.0
1199,64.0,32.526911934581186,2.0
1200,23.0,0,1.0
1201,50.0,53.74011537017761,2.0
1202,28.5,19.091883092036785,2.0
1203,39.5,48.79036790187178,2.0
1204,2.0,0,1.0
1205,4.0,0,1.0
1206,6.0,0,1.0
1207,34.0,42.42640687119285,2.0
1208,46.0,36.76955262170047,2.0
1211,14.0,0,1.0
1212,45.0,0,1.0
1213,3.0,0,1.0
1214,5.0,0,1.0
1215,15.5,19.091883092036785,2.0
1216,14.0,11.313708498984761,2.0
1217,5.0,0,1.0
1218,54.5,60.10407640085654,2.0
1219,16.0,0,1.0
1221,2.0,0,1.0
1222,83.0,0,1.0
1223,25.0,0,1.0
1224,41.0,0,1.0
1225,10.666666666666666,8.504900548115383,3.0
1228,75.0,0,1.0
1229,67.0,89.09545442950498,2.0
1230,22.0,0,1.0
1231,8.0,0,1.0
1232,81.0,0,1.0
1233,109.0,0,1.0
1234,2.0,0,1.0
1235,1.0,0,1.0
1236,16.0,0,1.0
1237,1.0,0,1.0
1239,4.0,0,1.0
1240,7.0,1.4142135623730951,2.0
1241,6.0,0,1.0
1243,16.0,0,1.0
1247,33.0,43.840620433565945,2.0
1251,42.0,0,1.0
1252,75.0,18.384776310850235,2.0
1253,53.0,0,1.0
1254,18.5,16.263455967290593,2.0
1255,23.5,17.67766952966369,2.0
1256,54.0,62.22539674441618,2.0
1257,23.5,14.849242404917497,2.0
1258,48.0,0,1.0
1259,1.0,0,1.0
1260,43.0,21.213203435596427,2.0
1262,93.0,0,1.0
1264,14.0,0,1.0
1266,39.0,0,1.0
1267,35.5,38.890872965260115,2.0
1268,45.0,0,1.0
1269,36.0,14.142135623730951,2.0
1270,18.5,13.435028842544403,2.0
1272,19.0,0,1.0
1273,47.0,0,1.0
1274,46.0,0,1.0
1275,20.0,0,1.0
1276,15.0,7.0710678118654755,2.0
1277,1.0,0,1.0
1278,2.0,0,1.0
1279,36.0,32.526911934581186,2.0
1280,56.0,76.36753236814714,2.0
1281,67.5,2.1213203435596424,2.0
1282,5.0,0,1.0
1283,2.0,0,1.0
1284,15.5,14.849242404917497,2.0
1285,37.0,0,1.0
1286,43.5,50.204581464244875,2.0
1287,15.0,0,1.0
1289,20.5,13.435028842544403,2.0
1290,36.5,3.5355339059327378,2.0
1291,11.333333333333334,16.165807537309522,3.0
1292,68.5,10.606601717798213,2.0
1293,8.0,0,1.0
1294,24.5,9.192388155425117,2.0
1295,92.5,0.7071067811865476,2.0
1296,6.0,0,1.0
1297,20.0,0,1.0
1298,3.0,0,1.0
1299,2.0,0,1.0
1300,92.0,35.35533905932738,2.0
1303,62.0,0,1.0
1304,22.5,3.5355339059327378,2.0
1305,8.0,0,1.0
1306,1.0,0,1.0
1307,7.333333333333333,10.96965511460289,3.0
1308,6.0,7.0710678118654755,2.0
1310,2.0,0,1.0
1311,26.0,33.94112549695428,2.0
1312,105.0,0,1.0
1314,11.0,0,1.0
1315,18.0,11.313708498984761,2.0
1316,2.0,0,1.0
1317,4.0,0,1.0
1318,37.0,19.79898987322333,2.0
1319,16.0,12.727922061357855,2.0
1320,37.0,45.254833995939045,2.0
1321,6.0,0,1.0
1322,29.0,9.899494936611665,2.0
1324,136.0,0,1.0
1325,18.5,6.363961030678928,2.0
1326,65.0,87.68124086713189,2.0
1327,1.0,0,1.0
1329,15.0,0,1.0
1330,32.0,0,1.0
1331,105.0,0,1.0
1332,32.0,0,1.0
1333,115.0,0,1.0
1334,4.0,0,1.0
1335,9.0,0,1.0
1336,10.0,1.4142135623730951,2.0
1337,65.5,79.90306627407988,2.0
1338,14.0,0,1.0
1339,23.5,17.67766952966369,2.0
1340,112.0,0,1.0
1342,33.5,7.7781745930520225,2.0
1343,49.0,0,1.0
1344,7.0,5.656854249492381,2.0
1345,35.5,19.091883092036785,2.0
1346,85.0,19.79898987322333,2.0
1347,12.0,0,1.0
1348,15.0,0,1.0
1349,118.0,18.384776310850235,2.0
1350,1.0,0,1.0
1352,120.0,0,1.0
1353,60.0,2.8284271247461903,2.0
1354,18.0,0,1.0
1355,54.0,56.568542494923804,2.0
1356,93.0,0,1.0
1357,38.0,35.35533905932738,2.0
1360,6.0,0,1.0
1361,62.0,0,1.0
1363,4.0,0,1.0
1364,6.0,0,1.0
1365,126.0,0,1.0
1366,5.0,0,1.0
1367,70.0,0,1.0
1369,6.0,7.0710678118654755,2.0
1370,5.0,0,1.0
1371,16.5,6.363961030678928,2.0
1373,18.0,2.8284271247461903,2.0
1375,1.5,0.7071067811865476,2.0
1376,12.0,0,1.0
1377,46.0,0,1.0
1379,44.0,0,1.0
1381,5.5,2.1213203435596424,2.0
1382,11.0,7.0710678118654755,2.0
1384,98.0,0,1.0
1385,19.0,0,1.0
1386,37.0,0,1.0
1387,1.0,0,1.0
1388,10.0,0,1.0
1390,64.0,77.78174593052023,2.0
1391,33.0,0,1.0
1392,20.5,26.16295090390226,2.0
1393,2.0,0,1.0
1394,1.0,0,1.0
1395,17.0,0,1.0
1396,44.0,0,1.0
1397,50.0,0,1.0
1400,4.0,0,1.0
1401,2.0,0,1.0
1402,58.0,15.556349186104045,2.0
1403,121.0,0,1.0
1404,87.0,0,1.0
1405,12.5,4.949747468305833,2.0
1406,49.5,65.76093065034893,2.0
1407,51.0,70.71067811865476,2.0
1410,16.0,0,1.0
1412,16.0,0,1.0
1415,66.0,0,1.0
1416,11.0,0,1.0
1417,10.0,0,1.0
1421,11.0,0,1.0
1423,58.5,54.44722215136416,2.0
1427,58.0,0,1.0
1428,7.0,0,1.0
1430,19.5,19.091883092036785,2.0
1431,41.0,0,1.0
1432,5.0,0,1.0
1433,73.5,53.033008588991066,2.0
1434,98.0,0,1.0
1435,25.0,32.526911934581186,2.0
1436,43.0,16.97056274847714,2.0
1437,59.5,3.5355339059327378,2.0
1438,40.0,0,1.0
1439,36.0,0,1.0
1440,68.0,0,1.0
1441,29.0,0,1.0
1442,9.0,0,1.0
1443,73.5,4.949747468305833,2.0
1444,53.0,0,1.0
1445,4.0,0,1.0
1446,109.0,0,1.0
1447,41.5,33.23401871576773,2.0
1448,31.0,39.59797974644666,2.0
1449,38.0,35.35533905932738,2.0
1450,34.0,25.45584412271571,2.0
1451,4.0,0,1.0
1454,37.5,41.71930009000631,2.0
1455,41.0,0,1.0
1457,77.5,0.7071067811865476,2.0
1459,92.0,0,1.0
1460,110.0,0,1.0
1462,4.0,0,1.0
1463,2.0,0,1.0
1464,60.0,0,1.0
1466,1.0,0,1.0
1470,1.0,0,1.0
1471,15.0,0,1.0
1472,85.0,0,1.0
1473,80.0,0,1.0
1474,35.5,16.263455967290593,2.0
1475,75.0,0,1.0
1476,76.5,31.81980515339464,2.0
1477,35.5,34.64823227814083,2.0
1478,2.0,0,1.0
1479,41.5,19.091883092036785,2.0
1481,18.0,16.97056274847714,2.0
1482,40.0,50.91168824543142,2.0
1483,5.0,0,1.0
1484,97.5,53.033008588991066,2.0
1485,59.0,7.0710678118654755,2.0
1486,64.0,15.556349186104045,2.0
1487,41.5,2.1213203435596424,2.0
1488,11.5,9.192388155425117,2.0
1489,89.5,7.7781745930520225,2.0
1490,4.0,0,1.0
1491,1.0,0,1.0
1492,57.5,55.86143571373726,2.0
1493,64.0,87.68124086713189,2.0
1494,73.0,0,1.0
1495,54.5,41.71930009000631,2.0
1496,71.0,77.78174593052023,2.0
1497,88.0,65.05382386916237,2.0
1498,1.0,0,1.0
1499,62.0,4.242640687119285,2.0
1500,23.0,0,1.0
1501,6.0,0,1.0
1502,77.0,76.36753236814714,2.0
1503,139.0,0,1.0
1504,2.0,0,1.0
1505,32.0,0,1.0
1506,6.0,0,1.0
1507,43.0,0,1.0
1508,71.0,0,1.0
1509,19.0,0,1.0
1510,57.0,8.48528137423857,2.0
1511,56.0,0,1.0
1512,42.5,37.476659402887016,2.0
1513,5.0,0,1.0
1514,10.0,0,1.0
1515,58.0,0,1.0
1516,3.0,0,1.0
1517,22.5,24.748737341529164,2.0
1518,48.0,0,1.0
1519,25.0,0,1.0
1520,55.0,53.74011537017761,2.0
1521,3.0,2.8284271247461903,2.0
1522,26.0,0,1.0
1523,38.0,0,1.0
1524,2.0,0,1.0
1526,9.0,0,1.0
1527,86.0,0,1.0
1528,15.5,16.263455967290593,2.0
1529,41.0,48.08326112068523,2.0
1530,52.5,71.4177848998413,2.0
1531,16.5,6.363961030678928,2.0
1532,60.0,0,1.0
1533,13.0,0,1.0
1534,13.0,12.727922061357855,2.0
1535,1.0,0,1.0
1536,51.0,0,1.0
1538,23.0,0,1.0
1541,28.0,0,1.0
1542,3.0,0,1.0
1543,3.0,0,1.0
1544,77.0,0,1.0
1545,10.0,0,1.0
1546,13.0,0,1.0
1547,48.0,0,1.0
1548,137.0,0,1.0
1550,3.0,0,1.0
1551,26.5,14.849242404917497,2.0
1552,11.0,12.727922061357855,2.0
1553,11.0,0,1.0
1554,32.0,39.59797974644666,2.0
1555,19.5,17.67766952966369,2.0
1558,15.0,0,1.0
1559,57.0,0,1.0
1560,72.5,72.8319984622144,2.0
1561,2.0,0,1.0
1563,7.0,0,1.0
1564,42.0,0,1.0
1565,70.0,49.49747468305833,2.0
1566,34.5,28.991378028648448,2.0
1567,91.5,50.204581464244875,2.0
1568,17.0,0,1.0
1569,41.0,0,1.0
1571,1.0,0,1.0
1572,107.0,0,1.0
1573,81.0,0,1.0
1574,51.0,69.29646455628166,2.0
1575,41.0,0,1.0
1577,22.0,14.142135623730951,2.0
1578,112.0,0,1.0
1579,54.0,0,1.0
1580,44.0,19.79898987322333,2.0
1581,5.5,2.1213203435596424,2.0
1582,76.0,0,1.0
1583,28.0,38.18376618407357,2.0
1584,30.0,0,1.0
1587,13.0,0,1.0
1588,15.0,0,1.0
1590,9.5,12.020815280171307,2.0
1591,87.0,0,1.0
1593,4.0,0,1.0
1594,1.0,0,1.0
1595,22.0,0,1.0
1596,4.0,0,1.0
1597,9.0,11.313708498984761,2.0
1598,37.5,26.16295090390226,2.0
1599,27.5,4.949747468305833,2.0
1600,35.0,2.8284271247461903,2.0
1601,65.0,72.12489168102785,2.0
1602,4.0,0,1.0
1603,18.0,14.142135623730951,2.0
1606,24.5,33.23401871576773,2.0
1608,1.0,0,1.0
1610,43.0,39.59797974644666,2.0
1613,31.5,0.7071067811865476,2.0
1614,29.0,0,1.0
1615,24.0,28.284271247461902,2.0
1619,11.5,12.020815280171307,2.0
1620,2.0,0,1.0
1621,20.0,0,1.0
1622,75.0,0,1.0
1627,1.0,0,1.0
1628,2.0,0,1.0
1629,111.0,0,1.0
1630,8.0,0,1.0
1631,6.0,2.8284271247461903,2.0
1632,8.0,0,1.0
1633,3.0,0,1.0
1634,10.0,12.727922061357855,2.0
1635,2.0,0,1.0
1637,10.0,0,1.0
1638,1.0,0,1.0
1639,25.0,0,1.0
1641,27.5,28.991378028648448,2.0
1643,21.0,0,1.0
1644,1.5,0.7071067811865476,2.0
1645,54.0,0,1.0
1646,2.0,0,1.0
1647,5.0,0,1.0
1648,58.0,0,1.0
1649,10.0,0,1.0
1650,1.0,0,1.0
1651,27.0,0,1.0
1652,60.5,82.73149339882606,2.0
1655,1.0,0,1.0
1656,3.0,0,1.0
1657,32.0,0,1.0
1658,16.0,0,1.0
1659,50.0,0,1.0
1660,17.5,19.091883092036785,2.0
1661,6.0,0,1.0
1662,2.0,0,1.0
1663,33.0,0,1.0
1664,31.0,0,1.0
1665,42.0,8.48528137423857,2.0
1666,54.0,0,1.0
1667,16.0,0,1.0
1668,92.0,0,1.0
1669,7.5,4.949747468305833,2.0
1671,63.0,0,1.0
1672,3.0,0,1.0
1673,44.0,60.81118318204309,2.0
1674,12.0,0,1.0
1675,5.0,0,1.0
1676,110.0,0,1.0
1677,28.0,0,1.0
1678,139.0,0,1.0
1679,100.0,0,1.0
1681,4.0,0,1.0
1682,29.5,30.405591591021544,2.0
1683,10.0,0,1.0
1684,25.0,26.870057685088806,2.0
1685,1.0,0,1.0
1686,89.0,0,1.0
1687,81.0,0,1.0
1688,4.0,0,1.0
1689,5.0,0,1.0
1690,11.0,0,1.0
1693,27.0,0,1.0
1694,18.0,11.313708498984761,2.0
1696,29.0,0,1.0
1697,14.5,14.849242404917497,2.0
1698,10.0,0,1.0
1699,21.0,0,1.0
1701,33.0,0,1.0
1702,7.0,2.8284271247461903,2.0
1703,40.0,0,1.0
1704,56.0,0,1.0
1705,115.0,0,1.0
1706,13.0,0,1.0
1708,4.0,0,1.0
1709,10.0,0,1.0
1710,3.0,0,1.0
1711,41.0,0,1.0
1712,22.0,0,1.0
1713,2.5,0.7071067811865476,2.0
1714,1.0,0,1.0
1716,1.0,0,1.0
1717,4.0,0,1.0
1718,118.0,0,1.0
1720,131.0,0,1.0
1721,51.0,0,1.0
1722,42.0,0,1.0
1723,1.0,0,1.0
1724,50.0,26.870057685088806,2.0
1725,2.0,0,1.0
1726,1.0,0,1.0
1727,30.5,38.890872965260115,2.0
1728,91.0,33.94112549695428,2.0
1729,61.0,67.88225099390856,2.0
1730,98.0,0,1.0
1731,3.0,0,1.0
1732,2.0,0,1.0
1733,33.0,24.041630560342615,2.0
1734,3.0,0,1.0
1735,97.0,0,1.0
1736,10.0,0,1.0
1737,81.0,0,1.0
1738,21.5,17.67766952966369,2.0
1739,38.0,0,1.0
1740,17.0,14.142135623730951,2.0
1742,3.0,0,1.0
1743,9.0,0,1.0
1744,54.0,25.45584412271571,2.0
1745,2.0,0,1.0
1747,3.0,0,1.0
1748,84.0,0,1.0
1750,29.0,0,1.0
1751,4.0,0,1.0
1752,52.5,62.932503525602726,2.0
1753,4.0,0,1.0
1754,25.5,31.81980515339464,2.0
1755,96.0,0,1.0
1756,10.5,7.7781745930520225,2.0
1757,10.0,0,1.0
1758,30.5,20.506096654409877,2.0
1760,139.0,0,1.0
1762,82.0,0,1.0
1763,43.0,0,1.0
1764,1.0,0,1.0
1765,1.0,0,1.0
1766,42.0,0,1.0
1767,46.0,0,1.0
1768,2.5,2.1213203435596424,2.0
1769,85.0,0,1.0
1770,3.5,2.1213203435596424,2.0
1771,36.5,41.71930009000631,2.0
1772,4.5,4.949747468305833,2.0
1773,5.0,0,1.0
1774,5.5,0.7071067811865476,2.0
1775,24.0,0,1.0
1776,16.0,21.213203435596427,2.0
1777,20.0,24.041630560342615,2.0
1778,37.5,48.79036790187178,2.0
1779,44.0,0,1.0
1780,12.5,0.7071067811865476,2.0
1781,47.0,0,1.0
1782,2.5,0.7071067811865476,2.0
1783,15.0,0,1.0
1784,8.0,0,1.0
1785,14.0,0,1.0
1786,4.5,4.949747468305833,2.0
1787,16.0,0,1.0
1789,41.5,54.44722215136416,2.0
1790,105.0,0,1.0
1791,4.0,4.242640687119285,2.0
1792,11.0,0,1.0
1793,23.0,0,1.0
1794,48.0,0,1.0
1795,15.0,0,1.0
1796,35.0,0,1.0
1797,47.0,0,1.0
1798,47.0,0,1.0
1799,57.5,70.0035713374682,2.0
1800,35.0,0,1.0
1801,65.0,0,1.0
1803,22.0,0,1.0
1804,58.5,62.932503525602726,2.0
1805,36.0,0,1.0
1806,30.0,24.041630560342615,2.0
1807,19.0,0,1.0
1808,91.0,0,1.0
1809,39.0,0,1.0
1811,20.0,1.4142135623730951,2.0
1812,9.0,0,1.0
1813,24.0,0,1.0
1815,8.0,9.899494936611665,2.0
1816,27.0,0,1.0
1817,35.0,48.08326112068523,2.0
1818,102.0,0,1.0
1820,26.0,22.627416997969522,2.0
1821,43.0,0,1.0
1822,37.0,50.91168824543142,2.0
1823,37.0,0,1.0
1824,41.0,0,1.0
1825,31.0,0,1.0
1826,2.0,0,1.0
1827,68.5,95.45941546018392,2.0
1831,20.0,19.79898987322333,2.0
1832,99.0,0,1.0
1833,54.5,57.27564927611035,2.0
1834,53.0,62.22539674441618,2.0
1835,16.0,0,1.0
1836,4.0,0,1.0
1837,7.0,0,1.0
1838,54.0,33.94112549695428,2.0
1839,53.0,0,1.0
1841,1.0,0,1.0
1842,33.5,24.748737341529164,2.0
1844,48.0,0,1.0
1845,1.0,0,1.0
1846,52.0,0,1.0
1847,4.0,0,1.0
1848,17.0,0,1.0
1849,9.0,0,1.0
1850,60.5,13.435028842544403,2.0
1852,85.0,0,1.0
1853,16.0,0,1.0
1854,39.0,7.0710678118654755,2.0
1855,32.0,0,1.0
1857,14.5,6.363961030678928,2.0
1858,1.0,0,1.0
1859,40.5,53.033008588991066,2.0
1860,46.0,0,1.0
1861,58.0,42.42640687119285,2.0
1862,35.0,0,1.0
1863,54.0,16.97056274847714,2.0
1864,125.0,0,1.0
1865,31.0,0,1.0
1866,25.0,0,1.0
1867,34.0,0,1.0
1868,2.0,0,1.0
1869,79.0,50.91168824543142,2.0
1870,102.0,0,1.0
1871,39.5,28.991378028648448,2.0
1872,1.0,0,1.0
1874,67.0,0,1.0
1876,39.5,54.44722215136416,2.0
1877,44.0,0,1.0
1878,30.0,0,1.0
1880,4.0,4.242640687119285,2.0
1881,4.0,4.242640687119285,2.0
1882,18.5,19.091883092036785,2.0
1883,44.5,58.68986283848344,2.0
1884,43.0,0,1.0
1886,20.0,0,1.0
1887,18.0,0,1.0
1888,14.0,0,1.0
1889,23.5,26.16295090390226,2.0
1891,36.0,5.656854249492381,2.0
1892,4.0,0,1.0
1893,116.0,0,1.0
1894,8.5,10.606601717798213,2.0
1896,104.0,0,1.0
1897,4.0,0,1.0
1898,17.0,21.213203435596427,2.0
1899,39.0,25.45584412271571,2.0
1901,90.0,0,1.0
1902,29.5,10.606601717798213,2.0
1903,41.0,0,1.0
1905,1.0,0,1.0
1906,6.0,0,1.0
1907,10.0,0,1.0
1908,28.5,20.506096654409877,2.0
1910,16.5,2.1213203435596424,2.0
1911,2.0,0,1.0
1912,65.0,65.05382386916237,2.0
1913,44.0,0,1.0
1914,45.0,0,1.0
1915,15.0,0,1.0
1916,29.0,12.727922061357855,2.0
1917,36.0,0,1.0
1920,110.0,0,1.0
1921,49.0,0,1.0
1922,9.0,0,1.0
1924,39.0,0,1.0
1925,14.0,0,1.0
1927,16.5,2.1213203435596424,2.0
1928,3.0,0,1.0
1929,34.0,21.213203435596427,2.0
1930,10.0,0,1.0
1931,26.0,0,1.0
1932,67.0,28.284271247461902,2.0
1933,83.0,0,1.0
1934,2.0,0,1.0
1935,14.5,2.1213203435596424,2.0
1936,2.0,0,1.0
1937,10.0,1.4142135623730951,2.0
1938,24.5,17.67766952966369,2.0
1940,33.5,6.363961030678928,2.0
1941,4.5,3.5355339059327378,2.0
1942,17.0,0,1.0
1943,51.0,0,1.0
1944,11.5,0.7071067811865476,2.0
1945,105.0,0,1.0
1946,15.0,0,1.0
1947,22.0,0,1.0
1948,38.0,0,1.0
1949,30.0,24.041630560342615,2.0
1950,48.0,0,1.0
1952,69.0,0,1.0
1953,5.0,4.242640687119285,2.0
1954,16.5,3.5355339059327378,2.0
1955,44.5,54.44722215136416,2.0
1956,70.0,0,1.0
1957,12.0,9.899494936611665,2.0
1959,29.0,0,1.0
1960,14.0,16.97056274847714,2.0
1961,20.5,13.435028842544403,2.0
1962,3.0,0,1.0
1963,2.0,1.4142135623730951,2.0
1964,77.0,0,1.0
1965,139.0,0,1.0
1967,45.5,61.518289963229634,2.0
1968,3.0,0,1.0
1972,8.5,10.606601717798213,2.0
1974,21.0,18.384776310850235,2.0
1975,20.0,12.727922061357855,2.0
1976,15.0,0,1.0
1977,2.5,0.7071067811865476,2.0
1978,67.5,78.48885271170677,2.0
1979,26.0,0,1.0
1981,36.0,0,1.0
1982,25.0,0,1.0
1984,13.0,12.727922061357855,2.0
1985,121.0,0,1.0
1986,9.0,0,1.0
1987,64.0,82.02438661763951,2.0
1988,29.0,4.242640687119285,2.0
1990,4.0,0,1.0
1991,62.5,67.17514421272202,2.0
1992,5.0,0,1.0
1993,95.0,0,1.0
1994,25.0,0,1.0
1995,4.0,0,1.0
1996,33.0,25.45584412271571,2.0
1997,20.0,0,1.0
1998,8.0,0,1.0
1999,41.0,0,1.0
2000,28.0,4.242640687119285,2.0
2001,4.0,0,1.0
2002,118.0,0,1.0
2005,133.0,0,1.0
2006,5.0,2.8284271247461903,2.0
2007,67.0,0,1.0
2008,3.5,0.7071067811865476,2.0
2009,5.0,0,1.0
2010,47.0,21.213203435596427,2.0
2011,126.0,0,1.0
2012,48.0,0,1.0
2013,66.0,86.2670273047588,2.0
2014,10.0,0,1.0
2017,122.0,0,1.0
2018,54.5,33.23401871576773,2.0
2019,35.0,0,1.0
2021,121.0,0,1.0
2022,20.0,0,1.0
2023,94.0,0,1.0
2024,7.0,0,1.0
2025,7.0,0,1.0
2027,5.0,0,1.0
2029,71.0,28.284271247461902,2.0
2034,100.0,0,1.0
2037,68.0,94.75230867899737,2.0
2038,17.0,2.8284271247461903,2.0
2039,57.5,21.920310216782973,2.0
2040,24.5,31.81980515339464,2.0
2041,3.0,2.8284271247461903,2.0
2042,16.0,0,1.0
2043,116.0,0,1.0
2044,65.5,26.16295090390226,2.0
2045,4.0,0,1.0
2046,64.0,0,1.0
2047,7.5,9.192388155425117,2.0
2048,35.0,0,1.0
2051,113.0,0,1.0
2053,32.0,0,1.0
2054,51.0,0,1.0
2055,23.0,28.284271247461902,2.0
2057,67.0,0,1.0
2059,4.5,3.5355339059327378,2.0
2060,42.0,0,1.0
2061,10.0,0,1.0
2062,37.0,48.08326112068523,2.0
2064,39.5,30.405591591021544,2.0
2065,22.5,23.33452377915607,2.0
2066,17.0,0,1.0
2067,47.5,17.67766952966369,2.0
2068,3.0,0,1.0
2069,54.0,67.88225099390856,2.0
2070,38.5,40.30508652763321,2.0
2071,12.0,0,1.0
2072,12.5,13.435028842544403,2.0
2073,62.0,0,1.0
2074,116.0,0,1.0
2075,3.0,1.4142135623730951,2.0
2076,23.0,28.284271247461902,2.0
2077,37.0,0,1.0
2079,23.0,0,1.0
2080,19.0,0,1.0
2082,6.0,0,1.0
2083,5.0,0,1.0
2084,61.0,0,1.0
2085,3.0,0,1.0
2086,41.0,0,1.0
2088,20.0,0,1.0
2089,32.0,0,1.0
2092,24.0,0,1.0
2096,21.0,0,1.0
2098,25.0,0,1.0
2100,51.0,0,1.0
2101,31.0,25.45584412271571,2.0
2102,1.0,0,1.0
2103,58.0,0,1.0
2104,59.0,0,1.0
2105,31.0,0,1.0
2106,20.0,0,1.0
2107,98.0,0,1.0
2108,55.0,0,1.0
2110,17.0,0,1.0
2112,22.0,0,1.0
2113,20.0,0,1.0
2114,29.0,0,1.0
2115,16.0,0,1.0
2117,86.0,0,1.0
2118,2.0,0,1.0
2119,5.0,0,1.0
2120,8.0,0,1.0
2121,16.0,0,1.0
2122,8.0,0,1.0
2123,46.5,34.64823227814083,2.0
2126,45.0,0,1.0
2127,31.0,0,1.0
2128,57.0,0,1.0
2129,4.0,0,1.0
2130,28.0,0,1.0
2133,34.0,0,1.0
2134,28.0,0,1.0
2135,19.0,0,1.0
2136,117.0,0,1.0
2137,96.0,0,1.0
2138,17.5,21.920310216782973,2.0
2139,33.0,0,1.0
2141,9.5,12.020815280171307,2.0
2142,56.0,0,1.0
2143,36.0,0,1.0
2144,1.0,0,1.0
2145,36.0,49.49747468305833,2.0
2146,21.0,0,1.0
2147,86.0,0,1.0
2148,8.0,0,1.0
2149,14.0,12.727922061357855,2.0
2150,63.0,66.46803743153546,2.0
2151,27.0,0,1.0
2152,23.0,25.45584412271571,2.0
2153,18.5,24.748737341529164,2.0
2154,130.0,0,1.0
2155,47.5,44.54772721475249,2.0
2156,71.5,12.020815280171307,2.0
2158,57.0,31.11269837220809,2.0
2159,1.0,0,1.0
2161,43.0,35.35533905932738,2.0
2162,32.0,38.18376618407357,2.0
2163,53.5,55.86143571373726,2.0
2164,52.5,58.68986283848344,2.0
2165,4.0,0,1.0
2166,23.5,27.577164466275352,2.0
2167,49.0,66.46803743153546,2.0
2168,28.0,35.35533905932738,2.0
2169,3.0,0,1.0
2170,14.0,0,1.0
2171,13.0,0,1.0
2175,10.0,11.313708498984761,2.0
2176,6.0,0,1.0
2177,62.0,0,1.0
2178,78.0,0,1.0
2179,22.5,28.991378028648448,2.0
2180,84.0,0,1.0
2183,17.0,18.384776310850235,2.0
2184,27.5,36.062445840513924,2.0
2185,94.0,0,1.0
2186,15.0,0,1.0
2187,21.5,3.5355339059327378,2.0
2190,10.0,0,1.0
2191,56.0,24.041630560342615,2.0
2195,93.5,21.920310216782973,2.0
2196,39.0,15.556349186104045,2.0
2197,45.5,7.7781745930520225,2.0
2198,23.5,30.405591591021544,2.0
2199,35.0,0.0,2.0
2200,54.0,0,1.0
2201,4.0,0,1.0
2202,12.0,0,1.0
2204,37.0,0,1.0
2207,16.0,0,1.0
2208,14.0,0,1.0
2209,103.0,0,1.0
2212,21.5,24.748737341529164,2.0
2214,1.0,0,1.0
2217,85.0,0,1.0
2218,27.0,0,1.0
2219,16.0,0,1.0
2220,36.5,10.606601717798213,2.0
2221,19.5,21.920310216782973,2.0
2222,11.0,0,1.0
2223,36.0,0,1.0
2224,45.0,52.32590180780452,2.0
2225,66.0,0,1.0
2226,82.0,0,1.0
2227,29.5,31.81980515339464,2.0
2228,62.0,19.79898987322333,2.0
2229,6.0,0,1.0
2230,3.5,0.7071067811865476,2.0
2231,51.0,49.49747468305833,2.0
2232,102.0,0,1.0
2233,7.0,0,1.0
2234,19.0,0,1.0
2235,5.0,0,1.0
2236,23.0,0,1.0
2237,6.0,0,1.0
2238,57.5,10.606601717798213,2.0
2239,9.0,0,1.0
2240,53.0,72.12489168102785,2.0
2241,2.0,0,1.0
2242,3.0,0,1.0
2243,59.0,73.53910524340094,2.0
2244,40.0,0,1.0
2245,21.0,28.284271247461902,2.0
2246,27.5,27.577164466275352,2.0
2247,5.0,0,1.0
2248,61.0,56.568542494923804,2.0
2249,3.0,0,1.0
2250,5.0,0,1.0
2252,99.0,0,1.0
2253,4.0,0,1.0
2254,15.0,0,1.0
2256,39.0,0,1.0
2257,1.0,0,1.0
2258,16.0,0,1.0
2259,45.0,0,1.0
2260,11.0,0,1.0
2261,21.0,0,1.0
2263,35.0,0,1.0
2264,3.0,0,1.0
2266,21.0,0,1.0
2268,121.0,0,1.0
2272,56.0,0,1.0
2273,43.0,53.74011537017761,2.0
2274,30.0,36.76955262170047,2.0
2275,4.5,0.7071067811865476,2.0
2276,54.0,0,1.0
2277,2.0,0,1.0
2278,53.0,0,1.0
2280,49.0,60.81118318204309,2.0
2281,33.0,0,1.0
2282,102.0,33.94112549695428,2.0
2283,19.0,0,1.0
2285,59.0,0,1.0
2286,4.0,0,1.0
2287,46.0,0,1.0
2288,40.0,53.74011537017761,2.0
2292,135.0,0,1.0
2293,11.0,9.899494936611665,2.0
2294,1.5,0.7071067811865476,2.0
2295,50.5,44.54772721475249,2.0
2296,33.0,0,1.0
2297,34.0,0,1.0
2298,1.0,0,1.0
2299,34.0,0,1.0
2300,34.5,6.363961030678928,2.0
2301,47.0,36.76955262170047,2.0
2302,110.0,0,1.0
2303,30.0,0,1.0
2304,1.0,0,1.0
2307,42.0,1.4142135623730951,2.0
2308,55.0,24.041630560342615,2.0
2309,70.5,77.07463914933368,2.0
2311,136.0,0,1.0
2313,90.5,61.518289963229634,2.0
2314,24.0,0,1.0
2315,15.0,16.97056274847714,2.0
2316,5.0,0,1.0
2317,138.0,0,1.0
2318,118.0,0,1.0
2319,46.0,62.22539674441618,2.0
2320,55.5,65.76093065034893,2.0
2322,22.0,0,1.0
2323,47.0,0,1.0
2325,19.0,0,1.0
2327,6.0,0,1.0
2328,19.5,10.606601717798213,2.0
2329,3.0,0,1.0
2330,120.0,0,1.0
2331,7.0,0,1.0
2332,20.0,0,1.0
2333,6.0,0,1.0
2334,1.0,0,1.0
2335,2.0,0,1.0
2336,11.0,0,1.0
2337,44.0,0,1.0
2339,46.5,30.405591591021544,2.0
2341,3.0,0,1.0
2342,1.0,0,1.0
2345,78.0,39.59797974644666,2.0
2346,40.5,55.86143571373726,2.0
2347,28.5,14.849242404917497,2.0
2348,4.0,1.4142135623730951,2.0
2349,25.0,11.313708498984761,2.0
2350,4.0,0,1.0
2351,79.5,3.5355339059327378,2.0
2354,7.0,0,1.0
2355,33.0,0,1.0
2356,39.0,0,1.0
2357,125.0,0,1.0
2358,3.0,0,1.0
2359,49.5,60.10407640085654,2.0
2360,5.5,4.949747468305833,2.0
2361,3.0,2.8284271247461903,2.0
2362,9.0,0,1.0
2363,15.0,0,1.0
2364,18.0,0,1.0
2365,72.5,7.7781745930520225,2.0
2366,10.0,4.242640687119285,2.0
2367,6.5,6.363961030678928,2.0
2368,7.0,0,1.0
2369,21.0,24.041630560342615,2.0
2370,3.0,0,1.0
2371,6.0,0,1.0
2372,47.0,52.32590180780452,2.0
2373,5.0,0,1.0
2374,28.5,34.64823227814083,2.0
2375,71.0,0,1.0
2376,123.0,0,1.0
2377,68.5,28.991378028648448,2.0
2378,6.0,5.656854249492381,2.0
2379,2.5,0.7071067811865476,2.0
2380,44.5,41.71930009000631,2.0
2381,4.0,2.8284271247461903,2.0
2382,21.0,26.870057685088806,2.0
2383,50.5,61.518289963229634,2.0
2384,1.5,0.7071067811865476,2.0
2386,53.0,0,1.0
2388,1.0,0,1.0
2389,11.0,0,1.0
2390,31.5,30.405591591021544,2.0
2391,48.0,0,1.0
2392,7.0,0,1.0
2393,27.0,0,1.0
2394,2.0,1.4142135623730951,2.0
2399,12.5,3.5355339059327378,2.0
2400,32.0,0,1.0
2401,126.0,0,1.0
2402,22.0,0,1.0
2403,20.0,0,1.0
2404,28.0,36.76955262170047,2.0
2405,39.5,6.363961030678928,2.0
2406,39.0,0,1.0
2407,21.0,0,1.0
2408,102.0,0,1.0
2409,20.0,0,1.0
2410,30.0,0,1.0
2411,75.0,63.63961030678928,2.0
2413,49.0,1.4142135623730951,2.0
2415,1.0,0,1.0
2416,2.0,0,1.0
2417,34.5,6.363961030678928,2.0
2418,28.0,14.142135623730951,2.0
2419,32.0,0,1.0
2420,2.0,0,1.0
2422,30.5,37.476659402887016,2.0
2423,3.0,2.8284271247461903,2.0
2424,57.0,0,1.0
2425,3.0,0,1.0
2426,7.0,5.656854249492381,2.0
2427,115.0,0,1.0
2428,50.5,36.062445840513924,2.0
2429,9.5,2.1213203435596424,2.0
2430,55.5,14.849242404917497,2.0
2432,34.0,42.42640687119285,2.0
2433,7.0,0.0,2.0
2435,15.0,0,1.0
2436,81.0,0,1.0
2437,65.0,0,1.0
2438,34.0,0,1.0
2439,19.0,16.97056274847714,2.0
2440,10.0,0,1.0
2441,30.0,0,1.0
2442,17.0,0,1.0
2443,60.5,55.86143571373726,2.0
2444,31.0,0,1.0
2445,11.5,13.435028842544403,2.0
2446,1.0,0,1.0
2447,114.0,0,1.0
2448,5.5,0.7071067811865476,2.0
2449,50.5,53.033008588991066,2.0
2450,30.0,0,1.0
2451,101.0,0,1.0
2452,14.5,6.363961030678928,2.0
2453,88.5,31.81980515339464,2.0
2454,68.0,0,1.0
2455,12.0,0,1.0
2456,11.0,0,1.0
2457,72.0,0,1.0
2459,50.0,0,1.0
2460,3.0,0,1.0
2461,22.0,0,1.0
2462,16.5,3.5355339059327378,2.0
2463,3.0,2.8284271247461903,2.0
2464,36.5,14.849242404917497,2.0
2465,35.5,37.476659402887016,2.0
2466,48.0,28.284271247461902,2.0
2467,4.5,0.7071067811865476,2.0
2468,45.0,41.012193308819754,2.0
2469,60.0,0,1.0
2470,52.0,0,1.0
2471,37.0,7.0710678118654755,2.0
2472,22.0,28.284271247461902,2.0
2473,5.0,0,1.0
2474,49.5,19.091883092036785,2.0
2476,54.5,71.4177848998413,2.0
2477,122.0,0,1.0
2479,44.0,42.42640687119285,2.0
2480,124.0,0,1.0
2481,46.0,0,1.0
2482,70.0,91.92388155425118,2.0
2483,2.0,0,1.0
2484,61.5,53.033008588991066,2.0
2486,95.0,24.041630560342615,2.0
2487,53.0,0,1.0
2488,17.0,0,1.0
2489,43.0,0,1.0
2490,22.5,27.577164466275352,2.0
2491,83.0,33.94112549695428,2.0
2492,52.0,0,1.0
2493,124.0,0,1.0
2494,26.0,0,1.0
2495,1.0,0,1.0
2497,91.0,0,1.0
2498,98.0,0,1.0
2499,43.0,0,1.0
2500,10.0,0,1.0
2501,3.0,0,1.0
2502,10.5,13.435028842544403,2.0
2503,4.0,0,1.0
2505,44.5,60.10407640085654,2.0
2510,3.0,0,1.0
2512,30.5,12.020815280171307,2.0
2513,29.0,0,1.0
2514,10.0,7.0710678118654755,2.0
2515,52.0,59.39696961966999,2.0
2516,13.0,8.48528137423857,2.0
2517,35.0,0,1.0
2519,5.0,0,1.0
2520,6.0,0,1.0
2521,32.0,0,1.0
2522,67.0,41.012193308819754,2.0
2523,102.0,0,1.0
2524,7.0,0,1.0
2527,28.0,0,1.0
2529,4.0,0,1.0
2531,44.0,0,1.0
2532,26.0,0,1.0
2535,91.0,7.0710678118654755,2.0
2536,24.0,0,1.0
2537,107.0,0,1.0
2538,5.0,0,1.0
2540,8.0,0,1.0
2541,60.0,0,1.0
2542,54.0,15.556349186104045,2.0
2543,67.0,0,1.0
2544,110.0,0,1.0
2545,7.0,0,1.0
2546,51.0,0,1.0
2548,60.0,38.18376618407357,2.0
2549,34.0,43.840620433565945,2.0
2552,130.0,0,1.0
2553,66.0,0,1.0
2554,10.0,0,1.0
2555,50.0,0,1.0
2556,53.0,0,1.0
2557,10.0,8.48528137423857,2.0
2558,36.0,38.18376618407357,2.0
2560,137.0,0,1.0
2561,74.5,13.435028842544403,2.0
2564,39.0,0,1.0
2565,18.0,0,1.0
2566,58.0,80.61017305526642,2.0
2567,28.0,0,1.0
2568,21.0,0,1.0
2569,57.0,0,1.0
2570,49.0,0,1.0
2572,34.0,0,1.0
2573,18.0,0,1.0
2575,2.0,0,1.0
2576,13.0,12.727922061357855,2.0
2577,100.0,0,1.0
2578,24.0,21.213203435596427,2.0
2579,102.0,0,1.0
2580,21.0,0,1.0
2582,6.0,0,1.0
2584,46.0,0,1.0
2586,17.0,0,1.0
2589,36.0,29.698484809834994,2.0
2590,1.0,0,1.0
2591,16.0,0,1.0
2592,77.5,77.07463914933368,2.0
2593,16.0,0,1.0
2596,47.0,0,1.0
2597,29.5,4.949747468305833,2.0
2598,12.5,7.7781745930520225,2.0
2599,122.0,0,1.0
2600,60.0,0,1.0
2601,1.0,0,1.0
2602,40.5,55.86143571373726,2.0
2604,3.0,0,1.0
2605,37.0,18.384776310850235,2.0
2606,47.0,0,1.0
2607,48.0,52.32590180780452,2.0
2608,14.5,16.263455967290593,2.0
2609,117.0,0,1.0
2611,63.5,86.97413408594535,2.0
2612,22.0,0,1.0
2613,3.0,0,1.0
2614,1.0,0,1.0
2615,1.0,0,1.0
2616,17.0,8.48528137423857,2.0
2617,41.5,34.64823227814083,2.0
2618,4.0,0,1.0
2619,8.0,0,1.0
2620,90.0,0,1.0
2622,56.0,0,1.0
2623,56.0,73.53910524340094,2.0
2625,104.0,0,1.0
2626,5.0,0,1.0
2628,9.0,11.313708498984761,2.0
2629,8.0,5.656854249492381,2.0
2630,44.0,0,1.0
2631,70.5,94.04520189781083,2.0
2632,9.0,0,1.0
2635,1.0,0,1.0
2636,73.5,44.54772721475249,2.0
2637,42.0,14.142135623730951,2.0
2639,57.0,0,1.0
2640,17.5,16.263455967290593,2.0
2641,24.0,0,1.0
2643,34.0,0,1.0
2645,2.0,0,1.0
2646,1.0,0,1.0
2647,8.0,0,1.0
2648,43.5,33.23401871576773,2.0
2649,107.0,0,1.0
2650,59.0,0,1.0
2651,42.5,7.7781745930520225,2.0
2652,22.0,0,1.0
2653,3.0,0,1.0
2654,47.0,0,1.0
2657,2.0,0,1.0
2658,52.5,48.79036790187178,2.0
2659,9.0,8.48528137423857,2.0
2660,26.0,0,1.0
2662,16.5,7.7781745930520225,2.0
2663,24.0,0,1.0
2666,32.0,41.012193308819754,2.0
2667,5.0,0,1.0
2668,2.0,0,1.0
2670,18.5,9.192388155425117,2.0
2671,12.0,14.142135623730951,2.0
2672,37.0,0,1.0
2675,55.0,0,1.0
2678,4.0,4.242640687119285,2.0
2679,13.0,16.97056274847714,2.0
2680,22.0,0,1.0
2681,1.0,0,1.0
2682,9.0,0,1.0
2684,47.0,0,1.0
2686,52.0,0,1.0
2687,6.0,0,1.0
2688,9.0,0,1.0
2689,9.0,0,1.0
2690,137.0,0,1.0
2692,38.5,24.748737341529164,2.0
2693,25.0,0,1.0
2694,27.0,0,1.0
2695,72.0,8.48528137423857,2.0
2696,12.0,0,1.0
2697,55.0,0,1.0
2698,49.0,0,1.0
2699,50.0,0,1.0
2700,34.0,0,1.0
2701,17.5,23.33452377915607,2.0
2702,12.0,0,1.0
2703,18.0,0,1.0
2704,104.0,0,1.0
2705,38.0,0,1.0
2707,39.0,0,1.0
2709,62.0,0,1.0
2710,16.0,0,1.0
2711,12.5,13.435028842544403,2.0
2712,25.0,21.213203435596427,2.0
2713,20.0,0,1.0
2715,6.0,2.8284271247461903,2.0
2716,63.0,72.12489168102785,2.0
2719,110.0,0,1.0
2720,38.0,0,1.0
2721,55.0,76.36753236814714,2.0
2722,29.0,0,1.0
2723,68.0,82.02438661763951,2.0
2724,1.0,0,1.0
2725,11.0,0,1.0
2726,2.0,0,1.0
2727,97.0,0,1.0
2728,4.0,0,1.0
2729,26.0,0,1.0
2730,34.0,32.526911934581186,2.0
2731,49.5,64.34671708797582,2.0
2732,24.0,0,1.0
2733,39.5,50.204581464244875,2.0
2734,21.5,6.363961030678928,2.0
2735,44.0,55.154328932550705,2.0
2736,18.0,15.556349186104045,2.0
2737,69.5,28.991378028648448,2.0
2738,5.0,0,1.0
2739,52.5,72.8319984622144,2.0
2740,47.5,65.76093065034893,2.0
2741,9.0,8.48528137423857,2.0
2742,40.0,0,1.0
2744,8.0,0,1.0
2747,70.5,64.34671708797582,2.0
2748,7.0,0,1.0
2749,1.0,0,1.0
2750,86.0,0,1.0
2751,1.0,0,1.0
2752,7.0,0,1.0
2754,8.0,8.48528137423857,2.0
2755,63.0,0,1.0
2756,8.5,10.606601717798213,2.0
2757,1.0,0,1.0
2758,18.5,7.7781745930520225,2.0
2760,2.0,0,1.0
2761,15.5,4.949747468305833,2.0
2764,6.5,3.5355339059327378,2.0
2765,2.0,0,1.0
2766,44.5,16.263455967290593,2.0
2767,19.0,11.313708498984761,2.0
2768,8.0,2.8284271247461903,2.0
2771,101.0,0,1.0
2773,8.5,4.949747468305833,2.0
2774,42.0,0,1.0
2776,65.5,37.476659402887016,2.0
2777,38.5,33.23401871576773,2.0
2778,24.0,0.0,2.0
2780,112.0,0,1.0
2781,7.0,0,1.0
2782,89.0,0,1.0
2783,34.0,0,1.0
2784,42.0,0,1.0
2785,26.0,0,1.0
2787,63.0,0,1.0
2788,75.5,81.31727983645297,2.0
2789,10.0,0,1.0
2790,30.0,0,1.0
2791,24.0,0,1.0
2792,76.0,0,1.0
2793,54.5,61.518289963229634,2.0
2794,13.0,4.242640687119285,2.0
2795,1.0,0,1.0
2796,6.0,1.4142135623730951,2.0
2797,2.0,0,1.0
2798,125.0,0,1.0
2801,8.0,0,1.0
2804,2.0,0,1.0
2806,106.0,0,1.0
2810,1.0,0,1.0
2813,1.0,0,1.0
2815,14.0,0,1.0
2816,4.0,0.0,2.0
2817,50.5,64.34671708797582,2.0
2819,64.0,0,1.0
2820,38.0,33.94112549695428,2.0
2821,12.0,0,1.0
2822,34.5,40.30508652763321,2.0
2823,43.0,0,1.0
2824,21.5,20.506096654409877,2.0
2826,3.0,0,1.0
2827,23.0,0,1.0
2828,9.0,0,1.0
2829,64.0,24.041630560342615,2.0
2830,12.5,2.1213203435596424,2.0
2831,9.0,5.656854249492381,2.0
2832,12.0,0,1.0
2833,24.0,24.041630560342615,2.0
2835,98.0,0,1.0
2836,17.0,0,1.0
2837,68.0,0,1.0
2838,13.5,10.606601717798213,2.0
2839,70.0,0,1.0
2841,25.5,10.606601717798213,2.0
2843,1.0,0,1.0
2844,9.0,9.899494936611665,2.0
2845,5.5,3.5355339059327378,2.0
2846,7.0,0,1.0
2847,9.0,0,1.0
2848,2.0,0,1.0
2849,99.0,0,1.0
2852,20.0,0,1.0
2853,27.5,36.062445840513924,2.0
2854,44.0,0,1.0
2855,9.0,2.8284271247461903,2.0
2856,40.0,0,1.0
2857,4.0,0,1.0
2860,32.0,29.698484809834994,2.0
2861,12.0,0,1.0
2862,18.0,0,1.0
2863,125.0,0,1.0
2864,29.0,0,1.0
2865,11.5,6.363961030678928,2.0
2866,1.0,0,1.0
2869,27.0,0,1.0
2871,2.0,0,1.0
2872,2.0,0,1.0
2874,70.0,0,1.0
2875,16.0,0,1.0
2876,8.0,0,1.0
2878,11.0,0,1.0
2879,7.0,8.48528137423857,2.0
2880,115.0,0,1.0
2882,2.0,0,1.0
2883,3.5,3.5355339059327378,2.0
2884,14.0,0,1.0
2886,94.0,0,1.0
2887,2.0,1.4142135623730951,2.0
2888,3.5,2.1213203435596424,2.0
2889,7.0,0,1.0
2890,52.0,0,1.0
2891,33.0,0,1.0
2894,10.0,0,1.0
2895,118.0,0,1.0
2897,46.0,9.899494936611665,2.0
2898,36.0,0,1.0
2900,30.0,0,1.0
2901,6.0,0,1.0
2902,1.0,0.0,2.0
2903,75.0,0,1.0
2905,125.0,0,1.0
2908,64.0,0,1.0
2910,46.0,0,1.0
2911,1.0,0,1.0
2912,11.0,0,1.0
2913,25.0,0,1.0
2914,1.0,0,1.0
2915,13.5,7.7781745930520225,2.0
2916,24.0,32.526911934581186,2.0
2917,9.0,0,1.0
2918,58.0,26.870057685088806,2.0
2923,15.0,7.0710678118654755,2.0
2924,9.0,0,1.0
2925,2.0,0,1.0
2927,34.0,39.59797974644666,2.0
2928,7.5,9.192388155425117,2.0
2930,6.0,0,1.0
2931,2.0,0,1.0
2932,31.0,0,1.0
2933,2.5,0.7071067811865476,2.0
2935,34.5,47.37615433949868,2.0
2936,50.0,0,1.0
2937,30.0,14.142135623730951,2.0
2938,75.0,0,1.0
2939,14.0,0,1.0
2940,10.0,0,1.0
2941,3.0,0,1.0
2942,134.0,0,1.0
2943,17.5,19.091883092036785,2.0
2945,70.0,0,1.0
2946,3.0,0,1.0
2947,67.0,70.71067811865476,2.0
2950,66.0,0,1.0
2951,49.0,0,1.0
2953,80.0,0,1.0
2954,30.0,0,1.0
2957,25.0,0,1.0
2958,28.0,35.35533905932738,2.0
2959,1.0,0,1.0
2961,23.0,0,1.0
2962,29.0,0,1.0
2963,1.0,0,1.0
2964,13.0,0,1.0
2966,2.0,0,1.0
2967,18.5,17.67766952966369,2.0
2968,27.0,0,1.0
2969,1.0,0,1.0
2970,29.0,0,1.0
2971,4.0,0,1.0
2972,27.0,0,1.0
2973,2.5,2.1213203435596424,2.0
2974,1.0,0,1.0
2975,6.5,2.1213203435596424,2.0
2976,2.0,0,1.0
2978,42.0,0,1.0
2979,3.5,0.7071067811865476,2.0
2981,14.0,0,1.0
2982,1.0,0,1.0
2983,10.0,0,1.0
2984,11.5,14.849242404917497,2.0
2985,3.0,0,1.0
2986,113.0,0,1.0
2987,13.5,17.67766952966369,2.0
2988,10.0,0,1.0
2989,27.0,0,1.0
2990,27.0,14.142135623730951,2.0
2991,11.5,14.849242404917497,2.0
2992,18.0,0,1.0
2994,21.0,0,1.0
2996,24.0,0,1.0
2997,35.0,0,1.0
2998,6.0,0,1.0
3000,3.0,0,1.0
3001,28.0,0,1.0
3002,1.0,0,1.0
3003,2.0,0,1.0
3004,19.0,0,1.0
3005,47.0,0,1.0
3006,12.0,0,1.0
3007,10.5,13.435028842544403,2.0
3008,53.5,74.24621202458749,2.0
3009,31.0,0,1.0
3010,27.0,0,1.0
3011,38.5,44.54772721475249,2.0
3012,29.0,7.0710678118654755,2.0
3013,3.0,0,1.0
3014,10.0,0,1.0
3015,16.0,0,1.0
3017,7.0,0,1.0
3018,28.0,0,1.0
3019,7.0,0,1.0
3020,35.0,39.59797974644666,2.0
3021,19.0,0,1.0
3022,1.0,0,1.0
3024,4.0,0,1.0
3025,23.0,0,1.0
3026,5.0,0,1.0
3028,10.0,8.48528137423857,2.0
3029,52.0,0,1.0
3030,5.0,0,1.0
3031,5.5,4.949747468305833,2.0
3032,4.0,4.242640687119285,2.0
3033,2.0,1.4142135623730951,2.0
3034,29.0,0,1.0
3035,68.0,14.142135623730951,2.0
3037,28.0,0,1.0
3039,13.0,0,1.0
3040,31.5,2.1213203435596424,2.0
3042,127.0,0,1.0
3043,24.0,14.142135623730951,2.0
3044,64.0,89.09545442950498,2.0
3045,5.0,4.242640687119285,2.0
3046,63.0,0,1.0
3047,5.0,0,1.0
3048,64.5,55.86143571373726,2.0
3049,4.0,0,1.0
3050,10.0,0,1.0
3051,99.0,0,1.0
3054,26.5,2.1213203435596424,2.0
3055,17.0,0,1.0
3056,11.0,0,1.0
3057,2.0,0,1.0
3058,25.0,0,1.0
3059,28.0,0,1.0
3061,11.5,14.849242404917497,2.0
3062,7.0,0,1.0
3063,48.0,0,1.0
3064,15.0,0,1.0
3065,70.0,0,1.0
3066,14.0,0,1.0
3067,83.0,0,1.0
3068,16.0,0,1.0
3069,1.0,0,1.0
3070,33.0,0,1.0
3072,96.0,0,1.0
3073,6.0,4.242640687119285,2.0
3075,77.5,34.64823227814083,2.0
3077,5.0,0,1.0
3078,13.0,4.242640687119285,2.0
3079,10.0,0,1.0
3080,20.0,0,1.0
3081,34.0,5.656854249492381,2.0
3083,33.0,0,1.0
3084,43.0,0,1.0
3086,39.0,0,1.0
3087,22.0,0,1.0
3088,27.0,16.97056274847714,2.0
3089,119.0,0,1.0
3090,7.0,0,1.0
3091,21.0,0,1.0
3092,1.0,0,1.0
3093,64.0,0,1.0
3094,118.0,0,1.0
3097,36.5,47.37615433949868,2.0
3098,13.5,17.67766952966369,2.0
3099,105.0,0,1.0
3100,57.0,0,1.0
3101,6.0,0,1.0
3102,58.0,2.8284271247461903,2.0
3104,32.0,0,1.0
3105,23.0,0,1.0
3106,4.0,1.4142135623730951,2.0
3107,29.0,0,1.0
3108,21.5,13.435028842544403,2.0
3110,56.0,77.78174593052023,2.0
3112,25.0,0,1.0
3114,92.0,0,1.0
3116,33.0,0,1.0
3117,97.0,0,1.0
3118,7.0,0,1.0
3119,14.0,12.727922061357855,2.0
3120,63.0,0,1.0
3121,8.0,0,1.0
3122,5.0,0,1.0
3123,8.0,0,1.0
3124,1.0,0,1.0
3125,104.0,0,1.0
3126,66.0,0,1.0
3127,22.5,9.192388155425117,2.0
3128,33.0,0,1.0
3130,3.0,0,1.0
3131,3.5,3.5355339059327378,2.0
3132,18.5,21.920310216782973,2.0
3134,31.0,0,1.0
3135,116.0,0,1.0
3137,119.0,0,1.0
3138,26.0,28.284271247461902,2.0
3139,18.0,0,1.0
3140,58.0,0,1.0
3141,17.0,0,1.0
3142,33.0,0,1.0
3143,72.0,42.42640687119285,2.0
3144,3.0,0,1.0
3146,12.5,4.949747468305833,2.0
3147,14.0,15.556349186104045,2.0
3148,50.0,0,1.0
3150,79.0,0,1.0
3151,27.0,0,1.0
3152,22.0,25.45584412271571,2.0
3154,6.0,0,1.0
3155,10.5,9.192388155425117,2.0
3156,17.0,1.4142135623730951,2.0
3157,15.0,8.48528137423857,2.0
3159,65.0,21.213203435596427,2.0
3160,7.0,0,1.0
3161,38.0,0,1.0
3163,33.5,17.67766952966369,2.0
3164,11.0,8.48528137423857,2.0
3165,19.0,0,1.0
3166,16.0,0,1.0
3167,19.0,9.899494936611665,2.0
3168,24.5,31.81980515339464,2.0
3169,59.0,0,1.0
3170,53.0,32.526911934581186,2.0
3172,54.5,7.7781745930520225,2.0
3173,92.0,0,1.0
3174,62.0,0,1.0
3177,127.0,0,1.0
3178,52.0,0,1.0
3179,57.0,0,1.0
3180,2.0,0,1.0
3181,16.0,0,1.0
3182,59.0,16.97056274847714,2.0
3184,83.0,43.840620433565945,2.0
3186,36.0,0,1.0
3187,61.0,0,1.0
3188,3.0,0,1.0
3189,63.0,63.63961030678928,2.0
3190,17.0,0,1.0
3191,62.0,0,1.0
3192,5.0,0,1.0
3193,65.5,55.86143571373726,2.0
3195,26.5,17.67766952966369,2.0
3198,12.0,0,1.0
3201,55.0,15.556349186104045,2.0
3206,131.0,0,1.0
3207,7.0,0,1.0
3208,114.0,0,1.0
3210,56.0,0,1.0
3211,38.0,33.94112549695428,2.0
3213,2.0,0,1.0
3214,48.0,0,1.0
3215,73.0,0,1.0
3218,127.0,0,1.0
3220,8.0,0,1.0
3221,36.0,0,1.0
3222,23.0,0,1.0
3223,55.0,11.313708498984761,2.0
3224,32.0,28.284271247461902,2.0
3225,74.5,58.68986283848344,2.0
3226,25.0,0,1.0
3228,25.0,0,1.0
3230,87.0,0,1.0
3231,1.0,0,1.0
3232,1.0,0.0,2.0
3233,63.0,65.05382386916237,2.0
3234,61.5,44.54772721475249,2.0
3235,42.0,0,1.0
3236,1.0,0,1.0
3239,3.0,0,1.0
3242,1.5,0.7071067811865476,2.0
3244,58.0,0,1.0
3246,2.5,2.1213203435596424,2.0
3247,76.0,0,1.0
3249,3.0,2.8284271247461903,2.0
3250,69.0,0,1.0
3251,8.0,0,1.0
3252,5.0,0,1.0
3253,42.5,24.748737341529164,2.0
3255,57.5,21.920310216782973,2.0
3256,5.0,0,1.0
3257,52.0,0,1.0
3258,65.0,22.627416997969522,2.0
3260,1.0,0,1.0
3261,65.0,0,1.0
3262,11.0,0,1.0
3263,4.0,2.8284271247461903,2.0
3264,63.5,74.24621202458749,2.0
3266,9.0,0,1.0
3269,9.0,0,1.0
3270,3.0,0,1.0
3272,38.0,43.840620433565945,2.0
3273,1.0,0,1.0
3276,50.0,0,1.0
3278,59.0,0,1.0
3279,1.0,0,1.0
3285,94.0,0,1.0
3286,15.0,0,1.0
3290,4.0,0,1.0
3291,4.0,0,1.0
3293,3.0,0,1.0
3294,29.0,0,1.0
3295,29.5,33.23401871576773,2.0
3296,11.0,0,1.0
3297,53.5,3.5355339059327378,2.0
3298,99.0,0,1.0
3299,2.0,0,1.0
3300,91.0,0,1.0
3301,13.0,0,1.0
3302,1.0,0,1.0
3303,14.0,0,1.0
3305,3.0,0,1.0
3306,28.0,0,1.0
3307,80.0,0,1.0
3308,11.0,0,1.0
3309,18.0,0,1.0
3310,129.0,0,1.0
3311,117.0,0,1.0
3312,84.0,0,1.0
3314,127.0,0,1.0
3315,67.0,0,1.0
3318,33.0,0,1.0
3319,71.5,84.14570696119915,2.0
3321,66.0,0,1.0
3323,12.0,0,1.0
3325,51.5,37.476659402887016,2.0
3326,114.0,0,1.0
3327,46.0,0,1.0
3328,69.0,96.16652224137046,2.0
3330,81.0,0,1.0
3331,61.5,17.67766952966369,2.0
3332,32.0,0,1.0
3333,18.0,5.656854249492381,2.0
3334,74.0,69.29646455628166,2.0
3335,1.0,0,1.0
3336,48.0,53.74011537017761,2.0
3337,107.0,0,1.0
3338,65.5,77.07463914933368,2.0
3339,110.0,0,1.0
3340,114.0,0,1.0
3341,97.0,0,1.0
3344,80.0,0,1.0
3345,10.0,11.313708498984761,2.0
3347,5.0,0,1.0
3348,81.0,0,1.0
3349,60.0,0,1.0
3350,57.0,76.36753236814714,2.0
3351,74.0,76.36753236814714,2.0
3353,56.0,0,1.0
3354,41.0,0,1.0
3355,10.0,0,1.0
3356,43.0,0,1.0
3357,48.0,0,1.0
3358,8.0,0,1.0
3359,46.5,64.34671708797582,2.0
3360,57.5,74.24621202458749,2.0
3361,69.0,90.50966799187809,2.0
3362,26.5,31.81980515339464,2.0
3363,11.0,0,1.0
3364,67.0,0,1.0
3365,85.0,56.568542494923804,2.0
3366,36.0,33.94112549695428,2.0
3367,74.0,0,1.0
3368,32.5,7.7781745930520225,2.0
3369,37.5,47.37615433949868,2.0
3370,62.0,4.242640687119285,2.0
3371,2.5,2.1213203435596424,2.0
3372,7.0,2.8284271247461903,2.0
3373,4.0,0,1.0
3374,17.0,14.142135623730951,2.0
3375,2.0,0,1.0
3376,64.0,49.49747468305833,2.0
3377,19.0,0,1.0
3379,15.0,0,1.0
3381,17.0,0,1.0
3382,34.0,0,1.0
3383,13.0,9.899494936611665,2.0
3384,10.5,2.1213203435596424,2.0
3385,73.0,0,1.0
3386,19.0,14.142135623730951,2.0
3387,82.0,18.384776310850235,2.0
3388,9.0,0.0,2.0
3392,9.0,0,1.0
3395,13.5,16.263455967290593,2.0
3397,119.0,0,1.0
3399,1.0,0,1.0
3401,11.0,7.0710678118654755,2.0
3402,5.0,0,1.0
3404,31.0,7.0710678118654755,2.0
3405,64.0,84.8528137423857,2.0
3406,4.0,0,1.0
3407,5.0,0,1.0
3408,33.5,30.405591591021544,2.0
3410,9.5,0.7071067811865476,2.0
3411,100.0,0,1.0
3412,12.0,0,1.0
3413,76.5,67.17514421272202,2.0
3414,39.0,0,1.0
3415,9.0,4.242640687119285,2.0
3416,22.5,14.849242404917497,2.0
3417,11.5,6.363961030678928,2.0
3418,25.0,0,1.0
3419,89.0,0,1.0
3420,2.0,0,1.0
3421,12.0,14.142135623730951,2.0
3424,14.5,17.67766952966369,2.0
3425,42.0,56.568542494923804,2.0
3426,25.5,28.991378028648448,2.0
3427,26.0,0,1.0
3428,16.0,0,1.0
3429,1.0,0,1.0
3430,1.5,0.7071067811865476,2.0
3431,24.0,0,1.0
3433,13.0,0,1.0
3434,38.0,0,1.0
3435,9.0,0,1.0
3436,24.0,0,1.0
3437,4.0,0,1.0
3438,17.0,0,1.0
3439,41.0,0,1.0
3441,64.0,62.22539674441618,2.0
3443,104.0,0,1.0
3444,4.5,2.1213203435596424,2.0
3445,3.0,2.8284271247461903,2.0
3446,67.5,45.96194077712559,2.0
3447,1.0,0,1.0
3448,31.0,42.42640687119285,2.0
3449,6.0,0,1.0
3450,20.0,0,1.0
3451,130.0,0,1.0
3452,4.0,0,1.0
3453,18.0,0,1.0
3454,42.0,0,1.0
3455,38.0,24.041630560342615,2.0
3456,17.5,12.020815280171307,2.0
3457,10.0,0,1.0
3458,15.0,0,1.0
3459,9.0,11.313708498984761,2.0
3460,62.0,0,1.0
3461,9.5,3.5355339059327378,2.0
3463,10.5,0.7071067811865476,2.0
3465,49.0,0,1.0
3466,73.0,45.254833995939045,2.0
3468,16.0,0,1.0
3469,3.0,0,1.0
3470,25.0,0,1.0
3473,41.0,0,1.0
3475,33.0,0,1.0
3476,1.0,0,1.0
3477,87.0,0,1.0
3480,79.0,0,1.0
3482,3.0,1.4142135623730951,2.0
3483,8.0,0,1.0
3484,15.5,20.506096654409877,2.0
3485,24.0,0,1.0
3486,67.0,0,1.0
3487,2.0,0.0,2.0
3488,2.0,0,1.0
3489,3.0,0,1.0
3490,52.0,31.11269837220809,2.0
3492,4.0,0,1.0
3493,32.0,26.870057685088806,2.0
3494,3.5,0.7071067811865476,2.0
3495,12.5,4.949747468305833,2.0
3498,117.0,0,1.0
3500,18.0,0,1.0
3501,6.0,0,1.0
3503,4.0,0,1.0
3504,43.0,0,1.0
3507,2.0,0,1.0
3509,33.0,0,1.0
3511,1.0,0,1.0
3515,27.0,36.76955262170047,2.0
3516,17.5,20.506096654409877,2.0
3517,116.0,0,1.0
3518,4.0,0,1.0
3519,6.0,0,1.0
3520,6.0,0,1.0
3522,1.0,0,1.0
3524,49.0,66.46803743153546,2.0
3526,110.0,21.213203435596427,2.0
3527,2.0,0,1.0
3528,9.0,0,1.0
3529,2.0,0,1.0
3530,11.0,0,1.0
3531,19.0,0,1.0
3532,32.0,0,1.0
3533,27.0,0,1.0
3535,13.5,17.67766952966369,2.0
3536,129.0,0,1.0
3537,52.0,0,1.0
3538,10.0,0,1.0
3540,23.0,0,1.0
3542,89.0,0,1.0
3543,55.0,0,1.0
3545,38.0,0,1.0
3546,1.0,0,1.0
3548,72.0,0,1.0
3549,88.0,0,1.0
3552,33.0,0,1.0
3553,131.0,0,1.0
3556,33.0,0,1.0
3557,1.0,0,1.0
3558,5.0,0,1.0
3559,128.0,0,1.0
3560,53.0,67.88225099390856,2.0
3561,37.0,0,1.0
3562,134.0,0,1.0
3563,7.5,3.5355339059327378,2.0
3564,80.0,0,1.0
3565,4.0,0,1.0
3566,16.0,0,1.0
3569,10.0,0,1.0
3571,21.0,0,1.0
3572,86.0,0,1.0
3573,105.0,0,1.0
3574,42.5,54.44722215136416,2.0
3575,69.5,43.1335136523794,2.0
3576,43.0,0,1.0
3577,29.5,40.30508652763321,2.0
3579,53.5,55.86143571373726,2.0
3580,88.0,0,1.0
3584,45.0,0,1.0
3586,93.0,0,1.0
3587,19.0,0,1.0
3588,21.0,21.213203435596427,2.0
3590,48.0,0,1.0
3591,58.5,78.48885271170677,2.0
3592,35.0,0,1.0
3593,54.0,0,1.0
3596,1.0,0,1.0
3597,28.0,0,1.0
3598,18.0,0,1.0
3600,98.0,0,1.0
3601,26.0,32.526911934581186,2.0
3604,4.0,0,1.0
3606,48.0,0,1.0
3609,63.5,57.27564927611035,2.0
3610,4.0,0,1.0
3611,69.5,84.14570696119915,2.0
3612,93.0,0,1.0
3613,4.5,2.1213203435596424,2.0
3616,25.0,0,1.0
3617,132.0,0,1.0
3618,34.5,37.476659402887016,2.0
3619,17.0,22.627416997969522,2.0
3620,12.0,11.313708498984761,2.0
3621,137.0,2.8284271247461903,2.0
3623,113.0,0,1.0
3624,1.0,0,1.0
3625,2.0,0,1.0
3626,123.0,14.142135623730951,2.0
3627,23.5,28.991378028648448,2.0
3628,96.0,0,1.0
3629,68.0,0,1.0
3630,14.0,0,1.0
3631,28.0,0,1.0
3633,74.0,0,1.0
3634,1.0,0,1.0
3635,31.0,0,1.0
3638,99.0,0,1.0
3639,99.0,0,1.0
3640,67.5,92.63098833543772,2.0
3642,35.0,0,1.0
3643,92.0,0,1.0
3645,6.0,0,1.0
3646,54.0,0,1.0
3650,136.0,0,1.0
3652,26.0,0,1.0
3654,38.0,43.840620433565945,2.0
3655,79.0,0,1.0
3656,13.0,0,1.0
3657,38.0,0,1.0
3660,90.0,24.041630560342615,2.0
3661,11.0,0,1.0
3662,93.0,0,1.0
3663,74.0,0,1.0
3664,111.0,0,1.0
3665,10.0,5.656854249492381,2.0
3666,49.0,60.81118318204309,2.0
3667,18.0,0,1.0
3668,16.0,15.556349186104045,2.0
3670,5.0,0,1.0
3671,42.0,57.982756057296896,2.0
3672,3.0,0,1.0
3673,48.5,44.54772721475249,2.0
3675,79.0,0,1.0
3677,8.0,5.656854249492381,2.0
3678,69.0,84.8528137423857,2.0
3679,99.0,0,1.0
3681,35.0,0,1.0
3682,105.0,0,1.0
3684,78.0,0,1.0
3685,48.0,14.142135623730951,2.0
3686,14.0,0,1.0
3687,9.0,0,1.0
3688,23.0,0,1.0
3689,1.0,0,1.0
3690,99.0,0,1.0
3692,23.5,23.33452377915607,2.0
3693,60.0,83.43860018001261,2.0
3695,7.5,7.7781745930520225,2.0
3696,35.0,0,1.0
3698,1.0,0,1.0
3699,1.0,0,1.0
3701,32.0,38.18376618407357,2.0
3702,10.0,0,1.0
3703,12.0,0,1.0
3704,2.0,0,1.0
3705,2.0,0,1.0
3706,99.0,0,1.0
3707,18.0,0,1.0
3710,2.0,0,1.0
3712,19.5,2.1213203435596424,2.0
3713,17.0,0,1.0
3714,38.0,0,1.0
3715,65.0,14.142135623730951,2.0
3716,2.0,0,1.0
3717,63.5,48.79036790187178,2.0
3718,4.0,0,1.0
3719,11.0,14.142135623730951,2.0
3720,3.0,0,1.0
3721,4.0,0,1.0
3722,12.0,0,1.0
3724,129.0,0,1.0
3727,1.0,0,1.0
3728,55.5,17.67766952966369,2.0
3731,13.0,0,1.0
3732,3.0,0,1.0
3733,16.0,0,1.0
3734,44.5,58.68986283848344,2.0
3735,3.0,0,1.0
3737,43.0,0,1.0
3738,4.0,0,1.0
3739,8.0,0,1.0
3740,5.0,0,1.0
3741,12.0,0,1.0
3742,10.0,0,1.0
3743,10.0,2.8284271247461903,2.0
3745,27.0,19.79898987322333,2.0
3746,85.0,0,1.0
3748,5.0,1.4142135623730951,2.0
3749,44.0,41.012193308819754,2.0
3750,10.5,13.435028842544403,2.0
3753,68.5,77.07463914933368,2.0
3754,11.0,12.727922061357855,2.0
3755,16.0,0,1.0
3756,13.0,0,1.0
3760,7.0,0,1.0
3762,24.5,27.577164466275352,2.0
3765,98.0,0,1.0
3767,28.0,24.041630560342615,2.0
3768,1.0,0,1.0
3770,16.5,12.020815280171307,2.0
3771,14.0,0,1.0
3772,17.0,0,1.0
3774,31.0,0,1.0
3775,122.0,0,1.0
3776,6.5,7.7781745930520225,2.0
3777,15.0,0,1.0
3778,15.0,7.0710678118654755,2.0
3779,56.0,0,1.0
3780,26.0,0,1.0
3781,56.0,0,1.0
3782,9.0,2.8284271247461903,2.0
3783,6.0,7.0710678118654755,2.0
3784,13.5,2.1213203435596424,2.0
3785,8.5,10.606601717798213,2.0
3786,2.0,0,1.0
3788,9.0,0,1.0
3789,17.5,4.949747468305833,2.0
3790,120.0,0,1.0
3791,6.0,0,1.0
3792,14.0,0,1.0
3793,37.0,12.727922061357855,2.0
3794,3.0,1.4142135623730951,2.0
3796,6.0,7.0710678118654755,2.0
3797,8.0,0,1.0
3801,8.0,0,1.0
3802,48.0,19.79898987322333,2.0
3803,26.5,10.606601717798213,2.0
3805,9.0,0,1.0
3806,66.5,72.8319984622144,2.0
3807,19.0,0,1.0
3809,58.0,80.61017305526642,2.0
3810,8.0,0,1.0
3811,3.0,0,1.0
3812,28.5,37.476659402887016,2.0
3813,7.0,0,1.0
3815,26.0,0,1.0
3816,46.0,0,1.0
3817,29.5,0.7071067811865476,2.0
3818,28.0,0,1.0
3820,22.0,0,1.0
3822,25.0,0,1.0
3823,11.0,0,1.0
3824,30.5,24.748737341529164,2.0
3825,21.5,7.7781745930520225,2.0
3826,18.5,23.33452377915607,2.0
3827,15.0,0,1.0
3828,12.0,0,1.0
3830,45.5,7.7781745930520225,2.0
3832,25.0,0,1.0
3833,24.0,0,1.0
3834,103.0,0,1.0
3835,56.0,0,1.0
3836,93.0,0,1.0
3838,4.0,1.4142135623730951,2.0
3839,31.0,0,1.0
3841,27.0,0,1.0
3843,7.0,0,1.0
3844,24.5,3.5355339059327378,2.0
3845,68.0,0,1.0
3846,66.0,0,1.0
3847,6.5,3.5355339059327378,2.0
3848,5.0,0,1.0
3849,47.0,19.79898987322333,2.0
3850,27.0,0,1.0
3851,35.5,47.37615433949868,2.0
3852,34.5,37.476659402887016,2.0
3853,5.0,0,1.0
3854,75.0,0,1.0
3856,19.0,0,1.0
3857,12.0,0,1.0
3859,35.0,29.698484809834994,2.0
3860,9.0,7.0710678118654755,2.0
3861,30.0,0,1.0
3862,138.0,0,1.0
3863,1.0,0,1.0
3864,22.0,26.870057685088806,2.0
3865,5.0,0,1.0
3866,10.0,0,1.0
3867,21.5,7.7781745930520225,2.0
3868,16.0,14.142135623730951,2.0
3869,2.0,0,1.0
3870,24.0,14.142135623730951,2.0
3871,26.0,0,1.0
3872,26.0,0,1.0
3873,5.0,0,1.0
3874,68.0,0,1.0
3875,1.0,0,1.0
3876,3.0,0,1.0
3877,30.5,14.849242404917497,2.0
3878,9.0,0,1.0
3880,17.0,22.627416997969522,2.0
3881,9.0,7.0710678118654755,2.0
3883,11.0,0,1.0
3884,43.0,0,1.0
3885,35.5,43.1335136523794,2.0
3886,68.0,0,1.0
3887,2.0,0,1.0
3888,38.0,0,1.0
3889,34.0,0,1.0
3890,78.0,0,1.0
3891,42.0,0,1.0
3893,14.0,5.656854249492381,2.0
3894,6.0,0,1.0
3895,4.0,0,1.0
3896,2.0,0,1.0
3898,98.5,26.16295090390226,2.0
3899,20.0,0,1.0
3900,10.0,0,1.0
3901,7.0,0,1.0
3903,19.0,0,1.0
3904,45.0,62.22539674441618,2.0
3905,21.0,2.8284271247461903,2.0
3907,6.0,0,1.0
3908,7.5,6.363961030678928,2.0
3911,38.0,0,1.0
3912,4.0,0,1.0
3914,94.0,0,1.0
3915,32.5,34.64823227814083,2.0
3918,4.5,4.949747468305833,2.0
3919,40.0,0,1.0
3920,77.0,0,1.0
3921,90.0,0,1.0
3925,2.0,0,1.0
3926,19.0,4.242640687119285,2.0
3927,5.0,4.242640687119285,2.0
3928,37.5,33.23401871576773,2.0
3929,92.0,0,1.0
3930,28.5,36.062445840513924,2.0
3931,13.0,0,1.0
3932,17.5,13.435028842544403,2.0
3933,81.0,8.48528137423857,2.0
3934,1.0,0,1.0
3935,24.0,0,1.0
3936,107.0,0,1.0
3939,56.0,0,1.0
3940,35.5,43.1335136523794,2.0
3941,13.0,5.656854249492381,2.0
3942,6.0,0,1.0
3943,7.0,0,1.0
3944,21.5,26.16295090390226,2.0
3945,4.0,0,1.0
3946,16.0,0,1.0
3947,1.0,0,1.0
3948,13.0,0,1.0
3949,31.0,0,1.0
3950,23.0,0,1.0
3952,4.0,0,1.0
3953,44.0,0,1.0
3955,37.0,0,1.0
3956,2.0,0,1.0
3959,107.0,0,1.0
3960,2.0,0,1.0
3961,69.0,0,1.0
3962,7.5,3.5355339059327378,2.0
3964,25.0,0,1.0
3965,2.5,0.7071067811865476,2.0
3966,57.5,79.90306627407988,2.0
3967,1.0,0,1.0
3968,8.0,0,1.0
3969,24.0,0,1.0
3971,39.0,0,1.0
3972,12.0,0.0,2.0
3973,1.0,0,1.0
3974,5.0,0,1.0
3975,6.0,0,1.0
3978,14.0,0,1.0
3979,1.0,0,1.0
3981,5.0,0,1.0
3982,104.0,0,1.0
3983,28.0,0,1.0
3984,10.5,4.949747468305833,2.0
3986,13.0,0,1.0
3988,69.5,68.58935777509511,2.0
3989,3.0,0,1.0
3990,6.0,0,1.0
3991,9.0,0,1.0
3992,96.0,0,1.0
3994,10.0,0,1.0
3995,13.0,0,1.0
3998,6.0,0,1.0
3999,45.0,0,1.0
4000,31.0,0,1.0
4002,11.0,0,1.0
4004,6.0,0,1.0
4005,22.0,0,1.0
4006,1.0,0,1.0
4007,3.0,0,1.0
4008,5.0,0,1.0
4009,13.0,7.0710678118654755,2.0
4010,2.0,0,1.0
4011,5.5,0.7071067811865476,2.0
4012,1.0,0,1.0
4013,75.0,73.53910524340094,2.0
4014,10.5,12.020815280171307,2.0
4015,22.0,0,1.0
4016,1.0,0,1.0
4017,10.0,0,1.0
4019,5.0,0,1.0
4020,2.0,0,1.0
4021,5.0,2.8284271247461903,2.0
4023,12.0,0,1.0
4024,8.0,0,1.0
4025,23.0,0,1.0
4026,5.0,0,1.0
4027,18.0,0,1.0
4029,106.5,34.64823227814083,2.0
4030,1.0,0,1.0
4031,5.0,0,1.0
4039,16.0,0,1.0
4040,2.0,0,1.0
4041,42.0,57.982756057296896,2.0
4044,58.5,37.476659402887016,2.0
4045,9.5,10.606601717798213,2.0
4046,21.0,0,1.0
4049,2.0,0,1.0
4051,4.0,0,1.0
4053,2.0,0,1.0
4054,14.0,0,1.0
4055,1.0,0,1.0
4056,20.0,4.242640687119285,2.0
4057,1.0,0,1.0
4058,3.0,0,1.0
4060,5.5,4.949747468305833,2.0
4061,3.0,0,1.0
4062,11.0,9.899494936611665,2.0
4064,23.5,17.67766952966369,2.0
4065,28.0,0,1.0
4066,11.0,0,1.0
4067,2.0,0,1.0
4068,29.5,38.890872965260115,2.0
4069,58.0,80.61017305526642,2.0
4070,1.0,0,1.0
4072,1.0,0,1.0
4074,9.0,0,1.0
4075,6.0,0,1.0
4076,6.0,0,1.0
4079,57.0,0,1.0
4080,5.0,0,1.0
4081,2.0,0,1.0
4083,35.0,0,1.0
4084,30.0,0,1.0
4086,14.0,0,1.0
4088,111.0,0,1.0
4089,8.0,0,1.0
4091,3.5,2.1213203435596424,2.0
4092,88.0,0,1.0
4093,8.5,9.192388155425117,2.0
4096,17.0,18.384776310850235,2.0
4098,62.5,58.68986283848344,2.0
4099,1.0,0,1.0
4100,40.0,49.49747468305833,2.0
4101,59.0,0,1.0
4103,33.0,0,1.0
4105,10.0,11.313708498984761,2.0
4106,7.5,9.192388155425117,2.0
4109,41.5,4.949747468305833,2.0
4110,3.0,0,1.0
4111,29.5,9.192388155425117,2.0
4112,17.5,16.263455967290593,2.0
4113,38.0,0,1.0
4114,4.0,0,1.0
4115,40.0,0,1.0
4116,2.5,2.1213203435596424,2.0
4119,61.0,0,1.0
4120,23.0,0,1.0
4122,101.0,0,1.0
4124,3.0,0,1.0
4125,40.5,7.7781745930520225,2.0
4126,12.0,4.242640687119285,2.0
4127,48.0,0,1.0
4130,77.0,0,1.0
4131,10.0,0,1.0
4132,7.5,3.5355339059327378,2.0
4134,1.0,0,1.0
4135,2.0,0,1.0
4136,5.0,2.8284271247461903,2.0
4137,39.0,0,1.0
4138,24.0,0,1.0
4139,71.0,93.33809511662427,2.0
4142,63.0,0,1.0
4143,7.0,7.0710678118654755,2.0
4146,55.0,0,1.0
4148,71.0,31.11269837220809,2.0
4151,25.5,30.405591591021544,2.0
4153,69.0,0,1.0
4154,20.0,12.727922061357855,2.0
4155,5.0,0,1.0
4156,8.5,10.606601717798213,2.0
4157,1.0,0,1.0
4161,138.0,0,1.0
4162,114.0,0,1.0
4163,15.0,16.97056274847714,2.0
4164,15.0,0,1.0
4165,94.0,0,1.0
4166,49.5,64.34671708797582,2.0
4167,6.0,0,1.0
4168,35.0,0,1.0
4169,1.0,0,1.0
4170,14.0,1.4142135623730951,2.0
4171,22.0,0,1.0
4172,5.0,0,1.0
4173,48.0,0,1.0
4174,1.0,0,1.0
4175,2.0,0,1.0
4176,15.0,19.79898987322333,2.0
4177,1.0,0,1.0
4178,106.0,0,1.0
4179,82.0,0,1.0
4180,44.5,57.27564927611035,2.0
4181,4.0,0,1.0
4182,52.0,0,1.0
4183,6.0,0,1.0
4184,24.0,0,1.0
4185,18.5,24.748737341529164,2.0
4186,16.0,21.213203435596427,2.0
4187,50.0,0,1.0
4188,7.0,4.242640687119285,2.0
4190,27.0,0,1.0
4191,17.0,0,1.0
4192,30.0,0,1.0
4193,37.0,0,1.0
4194,11.5,7.7781745930520225,2.0
4195,100.0,0,1.0
4196,3.5,3.5355339059327378,2.0
4197,1.0,0,1.0
4198,35.0,0,1.0
4199,12.0,0,1.0
4200,70.5,92.63098833543772,2.0
4201,27.0,28.284271247461902,2.0
4203,53.0,0,1.0
4204,72.0,0,1.0
4205,22.0,0,1.0
4206,34.0,0,1.0
4207,34.0,0,1.0
4208,54.0,0,1.0
4209,99.0,0,1.0
4210,4.0,0,1.0
4212,1.0,0,1.0
4214,40.0,0,1.0
4215,66.0,0,1.0
4216,87.0,0,1.0
4217,24.0,0,1.0
4218,19.0,0,1.0
4219,3.0,0,1.0
4220,34.0,32.526911934581186,2.0
4222,44.5,57.27564927611035,2.0
4223,35.0,43.840620433565945,2.0
4224,10.0,0,1.0
4225,17.5,16.263455967290593,2.0
4226,9.0,0,1.0
4227,25.0,33.94112549695428,2.0
4228,6.0,0,1.0
4229,42.0,0,1.0
4230,31.0,0,1.0
4232,91.0,25.45584412271571,2.0
4234,2.0,0,1.0
4236,50.0,41.012193308819754,2.0
4238,47.0,62.22539674441618,2.0
4239,46.0,63.63961030678928,2.0
4240,41.0,0,1.0
4241,13.5,17.67766952966369,2.0
4242,5.0,0,1.0
4243,33.0,0,1.0
4244,24.0,11.313708498984761,2.0
4245,45.0,0,1.0
4246,42.0,0,1.0
4247,6.0,0,1.0
4249,19.5,26.16295090390226,2.0
4250,33.0,39.59797974644666,2.0
4252,30.0,19.79898987322333,2.0
4253,29.0,36.76955262170047,2.0
4254,74.0,0,1.0
4255,1.0,0,1.0
4256,16.0,0,1.0
4257,98.0,0,1.0
4258,69.0,35.35533905932738,2.0
4259,52.0,0,1.0
4260,8.0,0,1.0
4261,1.0,0,1.0
4262,19.0,0,1.0
4263,38.0,0,1.0
4264,7.0,0,1.0
4266,24.0,0,1.0
4267,10.0,0,1.0
4268,28.0,0,1.0
4269,8.0,0,1.0
4270,22.5,7.7781745930520225,2.0
4271,44.0,2.8284271247461903,2.0
4273,47.0,0,1.0
4274,2.0,0.0,2.0
4275,5.0,0,1.0
4277,2.0,0,1.0
4278,11.0,0,1.0
4279,40.5,10.606601717798213,2.0
4280,8.0,1.4142135623730951,2.0
4281,17.0,9.899494936611665,2.0
4284,1.0,0,1.0
4285,60.5,81.31727983645297,2.0
4286,20.0,0,1.0
4287,4.0,4.242640687119285,2.0
4288,48.0,57.982756057296896,2.0
4289,3.0,0,1.0
4290,23.0,0,1.0
4292,2.0,0,1.0
4294,7.0,0,1.0
4295,75.0,74.95331880577403,2.0
4297,7.0,0,1.0
4299,45.0,50.91168824543142,2.0
4300,3.0,1.4142135623730951,2.0
4302,42.0,0,1.0
4303,36.5,36.062445840513924,2.0
4304,9.0,11.313708498984761,2.0
4305,67.0,87.68124086713189,2.0
4306,17.0,0,1.0
4308,69.0,0,1.0
4309,2.0,0,1.0
4310,93.0,0,1.0
4312,65.0,0,1.0
4313,24.0,0,1.0
4314,8.0,0,1.0
4315,116.0,0,1.0
4316,22.0,0,1.0
4317,86.0,0,1.0
4318,59.0,0,1.0
4320,6.0,0,1.0
4321,35.0,41.012193308819754,2.0
4323,10.0,0,1.0
4324,21.5,24.748737341529164,2.0
4325,55.5,57.27564927611035,2.0
4328,3.0,0,1.0
4330,11.0,9.899494936611665,2.0
4332,40.0,46.66904755831214,2.0
4333,2.0,0,1.0
4334,22.0,0,1.0
4335,58.5,81.31727983645297,2.0
4339,16.0,15.556349186104045,2.0
4340,8.0,0,1.0
4341,57.0,0,1.0
4342,35.0,48.08326112068523,2.0
4343,3.5,0.7071067811865476,2.0
4345,4.0,0,1.0
4346,3.0,2.8284271247461903,2.0
4347,22.5,28.991378028648448,2.0
4349,48.0,1.4142135623730951,2.0
4350,17.0,7.0710678118654755,2.0
4351,6.0,7.0710678118654755,2.0
4352,12.5,14.849242404917497,2.0
4353,9.0,0,1.0
4354,77.0,72.12489168102785,2.0
4355,1.0,0,1.0
4356,7.0,0,1.0
4357,42.0,0,1.0
4358,8.5,10.606601717798213,2.0
4359,2.0,0,1.0
4360,9.0,0,1.0
4361,56.0,19.79898987322333,2.0
4362,94.0,0,1.0
4363,93.0,0,1.0
4364,17.0,0,1.0
4366,71.0,0,1.0
4367,44.5,4.949747468305833,2.0
4368,27.0,0,1.0
4370,36.0,46.66904755831214,2.0
4371,52.0,0,1.0
4372,3.5,0.7071067811865476,2.0
4373,4.0,0,1.0
4374,17.0,22.627416997969522,2.0
4375,76.0,0,1.0
4376,30.0,0,1.0
4377,14.0,11.313708498984761,2.0
4378,15.0,0,1.0
4379,9.0,0,1.0
4380,55.0,0,1.0
4381,94.0,0,1.0
4382,98.0,0,1.0
4384,65.0,59.39696961966999,2.0
4386,5.0,2.8284271247461903,2.0
4387,2.5,2.1213203435596424,2.0
4388,91.5,23.33452377915607,2.0
4389,19.0,0,1.0
4390,22.0,0,1.0
4391,7.0,0,1.0
4392,2.0,1.4142135623730951,2.0
4393,39.0,24.041630560342615,2.0
4394,13.0,0,1.0
4395,19.0,0,1.0
4396,11.0,0,1.0
4397,69.0,0,1.0
4398,38.5,50.204581464244875,2.0
4400,35.5,30.405591591021544,2.0
4401,66.5,86.97413408594535,2.0
4402,4.0,0,1.0
4404,64.0,0,1.0
4406,20.0,0,1.0
4408,5.0,0,1.0
4411,95.0,0,1.0
4412,66.0,0,1.0
4413,29.0,0,1.0
4414,36.0,0,1.0
4415,20.0,0,1.0
4416,43.5,60.10407640085654,2.0
4417,25.0,33.94112549695428,2.0
4418,1.0,0,1.0
4419,26.5,31.81980515339464,2.0
4420,60.0,80.61017305526642,2.0
4421,13.0,0,1.0
4426,8.5,2.1213203435596424,2.0
4427,33.0,0,1.0
4428,45.0,0,1.0
4430,17.5,23.33452377915607,2.0
4432,7.0,4.242640687119285,2.0
4433,68.0,0,1.0
4435,33.0,0,1.0
4436,19.0,0,1.0
4437,4.0,0,1.0
4438,53.0,0,1.0
4439,2.0,0.0,2.0
4440,35.0,42.42640687119285,2.0
4441,38.0,28.284271247461902,2.0
4442,70.0,48.08326112068523,2.0
4444,37.0,0,1.0
4445,4.0,0,1.0
4448,91.0,0,1.0
4449,27.0,0,1.0
4450,11.0,0,1.0
4452,16.0,18.384776310850235,2.0
4453,1.0,0,1.0
4454,43.0,52.32590180780452,2.0
4455,104.0,0,1.0
4456,20.0,0,1.0
4457,27.0,0,1.0
4462,114.0,0,1.0
4463,97.0,0,1.0
4464,21.0,0,1.0
4465,4.0,0,1.0
4466,7.0,0,1.0
4467,78.0,0,1.0
4469,22.5,28.991378028648448,2.0
4470,1.0,0,1.0
4472,87.0,0,1.0
4473,75.0,0,1.0
4474,65.0,0,1.0
4477,3.0,0,1.0
4478,68.0,0,1.0
4479,33.0,0,1.0
4481,3.0,0,1.0
4482,32.0,0,1.0
4483,34.0,0,1.0
4484,5.0,2.8284271247461903,2.0
4488,2.5,2.1213203435596424,2.0
4489,13.0,0,1.0
4493,56.0,0,1.0
4494,11.0,8.48528137423857,2.0
4495,45.0,14.142135623730951,2.0
4496,4.0,0,1.0
4497,8.0,0,1.0
4498,47.0,63.63961030678928,2.0
4499,1.0,0,1.0
4500,34.0,0,1.0
4501,67.0,0,1.0
4502,2.0,0,1.0
4504,4.0,0,1.0
4505,52.0,0,1.0
4506,10.0,0,1.0
4507,35.0,0,1.0
4508,14.0,12.727922061357855,2.0
4509,38.0,0,1.0
4510,53.0,0,1.0
4511,24.0,0,1.0
4514,1.0,0,1.0
4515,16.5,12.020815280171307,2.0
4517,32.0,0,1.0
4519,35.0,0,1.0
4520,40.0,53.74011537017761,2.0
4521,9.0,0,1.0
4522,8.0,0,1.0
4524,12.0,8.48528137423857,2.0
4525,5.0,0,1.0
4527,6.5,3.5355339059327378,2.0
4528,41.0,43.840620433565945,2.0
4529,3.0,2.8284271247461903,2.0
4531,7.0,0,1.0
4532,103.0,0,1.0
4534,19.0,0,1.0
4537,59.0,0,1.0
4539,4.0,0,1.0
4540,6.0,0,1.0
4541,70.0,0,1.0
4544,5.0,0,1.0
4545,6.0,0,1.0
4546,5.5,6.363961030678928,2.0
4547,3.0,0,1.0
4548,3.5,2.1213203435596424,2.0
4550,49.0,0,1.0
4552,137.0,0,1.0
4553,2.0,0,1.0
4555,21.5,14.849242404917497,2.0
4556,23.5,9.192388155425117,2.0
4558,17.0,0,1.0
4559,1.0,0.0,2.0
4560,10.5,3.5355339059327378,2.0
4561,3.0,0,1.0
4564,15.5,2.1213203435596424,2.0
4565,3.0,1.4142135623730951,2.0
4566,6.0,0,1.0
4568,7.0,0,1.0
4571,1.0,0,1.0
4572,78.0,0,1.0
4573,14.0,0,1.0
4575,3.0,0,1.0
4576,50.5,33.23401871576773,2.0
4578,1.0,0,1.0
4579,74.0,0,1.0
4580,1.0,0,1.0
4581,13.0,0,1.0
4582,74.0,0,1.0
4586,104.0,0,1.0
4587,1.0,0.0,2.0
4589,27.0,26.870057685088806,2.0
4591,82.0,0,1.0
4593,20.0,0,1.0
4595,4.0,0,1.0
4596,8.0,0,1.0
4597,9.0,0,1.0
4598,1.0,0,1.0
4599,8.5,0.7071067811865476,2.0
4600,3.0,0,1.0
4601,9.0,0,1.0
4603,7.5,7.7781745930520225,2.0
4604,2.0,0,1.0
4605,16.0,0,1.0
4606,10.0,9.899494936611665,2.0
4607,72.0,70.71067811865476,2.0
4608,1.0,0,1.0
4609,7.5,3.5355339059327378,2.0
4611,22.0,7.0710678118654755,2.0
4612,2.0,0,1.0
4613,2.0,0,1.0
4615,20.0,0,1.0
4616,5.0,0,1.0
4618,8.0,0,1.0
4619,35.0,0,1.0
4620,34.0,0,1.0
4622,8.0,0,1.0
4623,1.0,0,1.0
4625,5.5,6.363961030678928,2.0
4626,12.0,0,1.0
4627,24.0,0,1.0
4628,66.0,0,1.0
4629,7.0,7.0710678118654755,2.0
4630,15.0,0,1.0
4632,64.0,53.74011537017761,2.0
4633,2.0,0,1.0
4634,16.0,0,1.0
4635,8.0,0,1.0
4636,1.0,0,1.0
4637,21.0,16.97056274847714,2.0
4638,62.0,86.2670273047588,2.0
4639,1.0,0,1.0
4640,2.0,0,1.0
4642,16.0,0,1.0
4645,4.0,0,1.0
4646,10.0,0,1.0
4647,3.0,0,1.0
4648,12.0,1.4142135623730951,2.0
4649,43.0,0,1.0
4651,20.0,0,1.0
4652,14.0,0,1.0
4654,113.0,0,1.0
4655,5.0,1.4142135623730951,2.0
4656,32.0,0,1.0
4657,8.0,0,1.0
4658,4.0,0,1.0
4659,62.0,0,1.0
4660,2.0,0,1.0
4662,105.0,0,1.0
4664,23.5,28.991378028648448,2.0
4667,37.0,0,1.0
4668,7.0,0,1.0
4670,19.0,0,1.0
4671,39.0,0,1.0
4672,10.0,0,1.0
4674,9.0,4.242640687119285,2.0
4676,1.0,0,1.0
4677,35.0,0,1.0
4678,30.0,0,1.0
4679,8.0,7.0710678118654755,2.0
4680,27.5,34.64823227814083,2.0
4681,81.0,0,1.0
4684,111.0,0,1.0
4686,55.0,0,1.0
4687,79.0,26.870057685088806,2.0
4688,15.5,12.020815280171307,2.0
4689,5.0,0,1.0
4690,52.0,0,1.0
4691,86.0,0,1.0
4692,41.5,34.64823227814083,2.0
4693,5.5,6.363961030678928,2.0
4694,16.5,0.7071067811865476,2.0
4699,90.5,3.5355339059327378,2.0
4700,7.0,0,1.0
4701,35.0,0,1.0
4702,5.5,4.949747468305833,2.0
4704,1.0,0,1.0
4705,27.0,33.94112549695428,2.0
4706,111.0,0,1.0
4708,4.0,4.242640687119285,2.0
4709,15.5,20.506096654409877,2.0
4712,4.5,3.5355339059327378,2.0
4714,8.0,0,1.0
4715,24.0,1.4142135623730951,2.0
4716,36.5,50.204581464244875,2.0
4717,17.0,0,1.0
4719,8.0,0,1.0
4720,30.5,33.23401871576773,2.0
4722,45.5,62.932503525602726,2.0
4724,22.0,28.284271247461902,2.0
4725,4.0,0,1.0
4727,14.0,1.4142135623730951,2.0
4728,1.0,0,1.0
4729,20.0,0,1.0
4730,77.0,0,1.0
4731,40.0,0,1.0
4732,38.0,0,1.0
4734,32.5,41.71930009000631,2.0
4735,52.0,0,1.0
4736,42.0,0,1.0
4739,13.5,14.849242404917497,2.0
4740,45.0,0,1.0
4741,5.0,0,1.0
4742,1.0,0,1.0
4743,36.5,19.091883092036785,2.0
4744,5.0,0,1.0
4746,70.0,0,1.0
4747,7.0,0,1.0
4748,21.5,23.33452377915607,2.0
4749,27.0,0,1.0
4750,21.0,2.8284271247461903,2.0
4751,5.0,0,1.0
4752,16.5,14.849242404917497,2.0
4753,24.0,7.0710678118654755,2.0
4755,3.0,0,1.0
4756,31.0,38.18376618407357,2.0
4759,47.0,0,1.0
4760,19.0,24.041630560342615,2.0
4761,29.0,0,1.0
4762,3.5,2.1213203435596424,2.0
4763,23.5,2.1213203435596424,2.0
4766,65.0,0,1.0
4767,7.0,0,1.0
4768,25.5,34.64823227814083,2.0
4769,59.0,0,1.0
4770,32.0,0,1.0
4771,48.0,14.142135623730951,2.0
4772,9.0,0,1.0
4773,9.0,0,1.0
4774,68.0,0,1.0
4775,81.0,0,1.0
4776,20.0,2.8284271247461903,2.0
4777,6.0,0,1.0
4778,117.0,0,1.0
4779,26.0,0,1.0
4780,1.0,0,1.0
4781,89.0,0,1.0
4782,19.0,7.0710678118654755,2.0
4783,99.0,0,1.0
4785,46.0,0,1.0
4786,103.0,0,1.0
4787,23.0,0,1.0
4788,12.0,12.727922061357855,2.0
4789,43.0,0,1.0
4790,38.0,0,1.0
4792,20.0,0,1.0
4793,8.0,0,1.0
4794,22.0,25.45584412271571,2.0
4795,25.5,10.606601717798213,2.0
4796,61.0,0,1.0
4797,10.5,12.020815280171307,2.0
4798,15.0,0,1.0
4800,32.0,0,1.0
4802,29.0,0,1.0
4803,33.0,0,1.0
4804,39.0,0,1.0
4805,28.0,0,1.0
4807,5.0,0,1.0
4808,28.0,35.35533905932738,2.0
4810,9.0,0,1.0
4811,49.5,68.58935777509511,2.0
4813,25.0,0,1.0
4814,52.0,62.22539674441618,2.0
4815,3.5,3.5355339059327378,2.0
4816,10.0,0,1.0
4817,22.5,4.949747468305833,2.0
4818,48.5,27.577164466275352,2.0
4819,1.0,0,1.0
4820,13.0,0,1.0
4821,82.0,0,1.0
4822,2.0,0,1.0
4823,3.0,0,1.0
4824,11.0,12.727922061357855,2.0
4826,9.0,5.656854249492381,2.0
4827,24.0,9.899494936611665,2.0
4828,12.0,7.0710678118654755,2.0
4829,10.0,0,1.0
4830,135.0,0,1.0
4831,10.5,0.7071067811865476,2.0
4832,7.0,5.656854249492381,2.0
4835,10.5,10.606601717798213,2.0
4836,20.5,14.849242404917497,2.0
4837,6.0,5.656854249492381,2.0
4838,8.5,0.7071067811865476,2.0
4839,34.5,47.37615433949868,2.0
4840,34.0,0,1.0
4841,59.0,0,1.0
4842,12.0,7.0710678118654755,2.0
4843,23.0,0,1.0
4844,9.0,0,1.0
4846,32.0,0,1.0
4847,16.0,0,1.0
4848,8.0,0,1.0
4850,23.0,24.041630560342615,2.0
4852,1.0,0,1.0
4853,29.5,24.748737341529164,2.0
4855,108.0,0,1.0
4858,21.5,26.16295090390226,2.0
4859,8.0,0,1.0
4860,1.0,0,1.0
4864,18.0,0,1.0
4865,10.0,0,1.0
4866,9.5,9.192388155425117,2.0
4867,70.0,86.2670273047588,2.0
4868,1.0,0,1.0
4870,18.0,0,1.0
4871,52.5,48.79036790187178,2.0
4872,3.0,0,1.0
4873,44.0,0,1.0
4874,2.0,0,1.0
4875,48.5,6.363961030678928,2.0
4877,5.0,1.4142135623730951,2.0
4878,4.0,2.8284271247461903,2.0
4879,4.0,0,1.0
4880,5.0,0,1.0
4882,7.0,0,1.0
4883,59.0,0,1.0
4885,3.0,0,1.0
4886,47.5,64.34671708797582,2.0
4887,11.0,0,1.0
4888,3.0,0,1.0
4889,6.0,0,1.0
4892,52.0,5.656854249492381,2.0
4893,1.0,0,1.0
4896,118.0,0,1.0
4898,22.0,0,1.0
4899,5.0,0,1.0
4901,13.0,1.4142135623730951,2.0
4903,45.0,0,1.0
4904,2.0,0,1.0
4905,67.0,0,1.0
4906,29.0,0,1.0
4907,20.0,0,1.0
4908,29.0,11.313708498984761,2.0
4910,2.0,0,1.0
4911,1.0,0,1.0
4912,2.0,0,1.0
4913,19.0,0,1.0
4915,49.0,67.88225099390856,2.0
4917,7.0,1.4142135623730951,2.0
4918,13.0,0,1.0
4919,28.5,38.890872965260115,2.0
4924,31.0,0,1.0
4925,15.5,20.506096654409877,2.0
4926,1.0,0.0,2.0
4927,105.0,0,1.0
4928,5.0,0,1.0
4929,131.0,0,1.0
4930,12.0,0,1.0
4931,9.0,11.313708498984761,2.0
4932,1.0,0,1.0
4933,10.0,0,1.0
4934,28.0,0,1.0
4935,57.0,39.59797974644666,2.0
4936,61.0,0,1.0
4938,102.0,0,1.0
4939,31.0,0,1.0
4940,6.0,0,1.0
4941,95.0,0,1.0
4942,64.0,79.19595949289332,2.0
4943,7.5,6.363961030678928,2.0
4944,1.0,0,1.0
4945,78.0,0,1.0
4947,55.5,61.518289963229634,2.0
4949,42.5,51.61879502661797,2.0
4952,20.0,24.041630560342615,2.0
4953,14.0,0,1.0
4954,63.5,58.68986283848344,2.0
4955,7.0,2.8284271247461903,2.0
4956,102.0,0,1.0
4957,64.0,0,1.0
4958,59.0,0,1.0
4959,17.0,0,1.0
4960,73.0,0,1.0
4963,39.0,0,1.0
4964,11.0,0,1.0
4965,66.0,0,1.0
4966,34.5,41.71930009000631,2.0
4967,1.0,0,1.0
4968,30.0,0,1.0
4974,48.0,0,1.0
4975,1.5,0.7071067811865476,2.0
4976,2.0,0,1.0
4977,101.0,0,1.0
4978,35.0,0,1.0
4979,5.0,0,1.0
4980,68.0,94.75230867899737,2.0
4981,89.0,0,1.0
4982,70.0,0,1.0
4983,9.0,0,1.0
4985,36.0,0,1.0
4986,1.0,0,1.0
4987,89.0,0,1.0
4989,27.0,0,1.0
4990,23.0,0,1.0
4991,82.0,0,1.0
4992,135.0,0,1.0
4993,4.0,0,1.0
4994,44.0,0,1.0
4995,39.0,0,1.0
4997,61.0,80.61017305526642,2.0
4999,127.0,0,1.0
5001,44.0,38.18376618407357,2.0
5002,57.0,0,1.0
5003,130.0,0,1.0
5004,23.0,0,1.0
5007,5.0,4.242640687119285,2.0
5008,85.0,0,1.0
5009,55.0,57.982756057296896,2.0
5010,3.0,0,1.0
5011,58.5,41.71930009000631,2.0
5013,134.0,0,1.0
5014,20.0,18.384776310850235,2.0
5018,3.0,0,1.0
5019,19.0,25.45584412271571,2.0
5020,40.0,48.08326112068523,2.0
5022,22.0,0,1.0
5023,22.0,0,1.0
5024,1.0,0,1.0
5026,3.0,0,1.0
5027,61.0,0,1.0
5028,45.0,0,1.0
5029,52.0,70.71067811865476,2.0
5030,83.0,62.22539674441618,2.0
5031,5.0,0,1.0
5032,38.0,0,1.0
5033,16.0,0,1.0
5034,123.0,0,1.0
5039,15.0,0,1.0
5040,85.0,0.0,2.0
5042,5.0,0,1.0
5043,39.0,29.698484809834994,2.0
5044,42.0,0,1.0
5045,67.5,33.23401871576773,2.0
5046,54.0,72.12489168102785,2.0
5047,118.0,0,1.0
5048,86.0,0,1.0
5049,16.0,0,1.0
5051,4.0,0,1.0
5055,2.5,0.7071067811865476,2.0
5056,102.0,0,1.0
5057,8.5,0.7071067811865476,2.0
5059,18.0,0,1.0
5060,116.0,0,1.0
5061,111.0,0,1.0
5062,4.0,2.8284271247461903,2.0
5063,2.0,0,1.0
5064,42.0,0,1.0
5067,129.0,0,1.0
5068,16.5,12.020815280171307,2.0
5071,44.5,61.518289963229634,2.0
5072,73.0,0,1.0
5075,52.0,0,1.0
5077,64.0,0,1.0
5078,98.0,0,1.0
5080,33.0,0,1.0
5082,6.5,6.363961030678928,2.0
5083,48.0,0,1.0
5085,32.0,0,1.0
5087,18.0,0,1.0
5088,27.0,0,1.0
5089,30.0,0,1.0
5090,15.0,0,1.0
5091,1.0,0,1.0
5092,5.0,0,1.0
5094,89.5,9.192388155425117,2.0
5095,1.0,0,1.0
5096,47.5,57.27564927611035,2.0
5097,135.0,0,1.0
5098,1.0,0,1.0
5100,6.0,0,1.0
5101,3.0,0,1.0
5102,2.0,0,1.0
5103,95.0,0,1.0
5104,12.0,12.727922061357855,2.0
5105,22.5,28.991378028648448,2.0
5108,2.0,0,1.0
5110,60.0,0,1.0
5113,1.0,0,1.0
5114,2.0,0,1.0
5115,1.0,0,1.0
5116,37.0,0,1.0
5118,3.0,0,1.0
5119,4.0,0,1.0
5120,29.0,0,1.0
5122,60.5,84.14570696119915,2.0
5124,80.0,0,1.0
5125,7.0,4.242640687119285,2.0
5126,6.0,0,1.0
5127,35.0,31.11269837220809,2.0
5130,64.0,35.35533905932738,2.0
5131,1.5,0.7071067811865476,2.0
5132,1.0,0,1.0
5133,3.5,2.1213203435596424,2.0
5134,75.0,0,1.0
5135,15.5,10.606601717798213,2.0
5136,29.0,0,1.0
5137,2.0,0,1.0
5139,2.0,0,1.0
5140,66.0,0,1.0
5143,96.0,0,1.0
5145,68.0,0,1.0
5147,39.0,0,1.0
5150,30.0,0,1.0
5151,1.0,0,1.0
5152,21.0,0,1.0
5153,24.0,0,1.0
5154,60.0,39.59797974644666,2.0
5155,21.0,0,1.0
5156,10.5,12.020815280171307,2.0
5157,13.0,0,1.0
5159,15.0,0,1.0
5160,31.0,36.76955262170047,2.0
5161,15.0,11.313708498984761,2.0
5162,20.0,0,1.0
5163,5.0,0,1.0
5164,10.5,3.5355339059327378,2.0
5165,35.5,21.920310216782973,2.0
5166,45.0,0,1.0
5167,18.0,0,1.0
5168,3.0,0,1.0
5169,57.5,70.0035713374682,2.0
5170,45.0,0,1.0
5171,6.0,5.656854249492381,2.0
5172,2.0,0,1.0
5173,25.0,0,1.0
5174,1.0,0,1.0
5175,14.0,0,1.0
5176,7.0,0,1.0
5177,117.0,0,1.0
5179,103.0,0,1.0
5180,20.0,0,1.0
5181,32.0,0,1.0
5182,8.0,0,1.0
5183,8.5,7.7781745930520225,2.0
5184,75.0,74.95331880577403,2.0
5185,24.5,21.920310216782973,2.0
5186,49.0,0,1.0
5187,7.0,0,1.0
5189,23.0,0,1.0
5190,5.0,0,1.0
5192,8.0,0,1.0
5193,30.0,0,1.0
5194,18.5,24.748737341529164,2.0
5195,44.0,53.74011537017761,2.0
5196,13.0,14.142135623730951,2.0
5199,12.5,14.849242404917497,2.0
5200,2.0,0,1.0
5201,92.5,6.363961030678928,2.0
5202,77.5,85.55992052357225,2.0
5203,11.5,4.949747468305833,2.0
5204,21.5,19.091883092036785,2.0
5205,7.5,2.1213203435596424,2.0
5206,36.0,0,1.0
5207,69.5,57.27564927611035,2.0
5208,20.0,0,1.0
5209,98.0,0,1.0
5210,11.0,0.0,2.0
5212,35.0,24.041630560342615,2.0
5213,6.0,0,1.0
5214,13.0,0,1.0
5215,62.5,81.31727983645297,2.0
5216,23.5,10.606601717798213,2.0
5217,1.0,0,1.0
5218,4.0,0,1.0
5219,10.5,9.192388155425117,2.0
5221,1.0,0,1.0
5223,54.0,72.12489168102785,2.0
5225,8.5,9.192388155425117,2.0
5228,11.0,0,1.0
5230,4.0,0,1.0
5231,1.0,0,1.0
5232,6.0,2.8284271247461903,2.0
5233,103.0,2.8284271247461903,2.0
5234,37.0,0,1.0
5235,77.0,0,1.0
5236,9.0,4.242640687119285,2.0
5237,11.0,9.899494936611665,2.0
5238,30.0,0,1.0
5239,20.0,0,1.0
5240,5.0,0,1.0
5241,17.0,0,1.0
5242,53.0,0,1.0
5243,17.0,0,1.0
5245,16.5,6.363961030678928,2.0
5246,2.5,2.1213203435596424,2.0
5247,10.0,5.656854249492381,2.0
5248,13.5,10.606601717798213,2.0
5249,2.0,0.0,2.0
5250,67.0,15.556349186104045,2.0
5251,28.0,31.11269837220809,2.0
5252,32.5,2.1213203435596424,2.0
5253,97.0,0,1.0
5254,30.5,27.577164466275352,2.0
5255,76.0,62.22539674441618,2.0
5256,29.5,34.64823227814083,2.0
5257,7.0,0,1.0
5258,25.0,32.526911934581186,2.0
5259,69.0,89.09545442950498,2.0
5260,60.5,75.66042558696059,2.0
5261,105.0,0,1.0
5262,10.0,0,1.0
5263,44.0,0,1.0
5264,22.5,30.405591591021544,2.0
5266,68.0,0,1.0
5267,45.0,0,1.0
5269,23.0,0,1.0
5270,59.5,81.31727983645297,2.0
5271,71.0,0,1.0
5272,88.0,0,1.0
5273,3.0,0,1.0
5275,2.0,0.0,2.0
5276,99.0,0,1.0
5279,96.0,0,1.0
5280,127.0,0,1.0
5281,109.0,0,1.0
5282,112.0,0,1.0
5283,106.0,0,1.0
5284,38.5,43.1335136523794,2.0
5286,82.5,67.17514421272202,2.0
5287,23.5,13.435028842544403,2.0
5288,29.0,0,1.0
5289,57.0,26.870057685088806,2.0
5290,88.0,0,1.0
5292,4.0,0,1.0
5293,20.0,22.627416997969522,2.0
5294,1.0,0,1.0
5295,49.5,57.27564927611035,2.0
5296,1.0,0,1.0
5297,8.0,0,1.0
5299,81.0,0,1.0
5300,47.0,0,1.0
5302,38.0,0,1.0
5303,1.0,0,1.0
5305,61.0,0,1.0
5306,118.0,0,1.0
5307,39.0,0,1.0
5308,85.0,0,1.0
5309,1.0,0,1.0
5310,61.0,0,1.0
5311,34.0,0,1.0
5313,75.0,0,1.0
5314,10.0,0,1.0
5315,31.0,0,1.0
5318,1.0,0,1.0
5319,14.0,0,1.0
5320,88.0,0,1.0
5321,1.0,0,1.0
5322,94.0,0,1.0
5323,51.0,4.242640687119285,2.0
5324,12.0,0,1.0
5325,30.5,37.476659402887016,2.0
5326,23.0,0,1.0
5327,4.0,0,1.0
5330,119.0,0,1.0
5331,1.0,0,1.0
5332,53.0,0,1.0
5334,21.0,0,1.0
5344,54.0,0,1.0
5348,72.0,0,1.0
5349,3.0,0,1.0
5350,130.0,0,1.0
5351,5.0,0,1.0
5354,14.0,0,1.0
5356,6.0,0,1.0
5357,5.0,0,1.0
5358,10.0,0,1.0
5359,62.0,0,1.0
5360,3.0,0,1.0
5362,97.0,0,1.0
5363,83.0,0,1.0
5364,17.5,19.091883092036785,2.0
5365,32.5,44.54772721475249,2.0
5366,6.0,2.8284271247461903,2.0
5367,30.0,11.313708498984761,2.0
5368,11.5,9.192388155425117,2.0
5371,72.0,90.50966799187809,2.0
5374,2.0,0,1.0
5375,2.0,0,1.0
5376,34.0,45.254833995939045,2.0
5378,1.0,0,1.0
5381,1.5,0.7071067811865476,2.0
5383,1.0,0,1.0
5384,1.0,0,1.0
5385,42.0,0,1.0
5386,61.5,36.062445840513924,2.0
5387,125.0,0,1.0
5389,109.0,0,1.0
5392,26.0,0,1.0
5393,2.0,0,1.0
5394,29.0,0,1.0
5395,32.0,0,1.0
5396,33.0,39.59797974644666,2.0
5397,46.5,21.920310216782973,2.0
5398,21.0,0,1.0
5399,45.0,0,1.0
5400,5.0,0,1.0
5402,126.5,12.020815280171307,2.0
5403,3.0,0,1.0
5404,88.0,0,1.0
5405,104.5,33.23401871576773,2.0
5407,72.0,0,1.0
5409,71.0,0,1.0
5410,69.0,0,1.0
5412,139.0,0,1.0
5413,6.0,0,1.0
5419,48.0,22.627416997969522,2.0
5422,5.0,4.242640687119285,2.0
5425,20.5,0.7071067811865476,2.0
5426,3.0,0,1.0
5427,62.5,60.10407640085654,2.0
5428,75.0,0,1.0
5429,3.0,0,1.0
5430,10.0,0,1.0
5431,79.0,63.63961030678928,2.0
5432,2.0,0,1.0
5433,73.5,91.21677477306463,2.0
5434,83.0,0,1.0
5435,4.0,0,1.0
5436,56.0,15.556349186104045,2.0
5437,25.5,21.920310216782973,2.0
5438,68.5,24.748737341529164,2.0
5439,17.0,0,1.0
5440,4.0,0,1.0
5441,27.5,34.64823227814083,2.0
5442,37.0,0,1.0
5445,1.0,0,1.0
5446,26.5,28.991378028648448,2.0
5447,50.5,43.1335136523794,2.0
5448,44.5,24.748737341529164,2.0
5449,9.0,0,1.0
5450,60.5,24.748737341529164,2.0
5451,62.0,0,1.0
5452,21.5,26.16295090390226,2.0
5453,12.5,14.849242404917497,2.0
5454,11.0,0,1.0
5455,14.0,0,1.0
5456,12.5,12.020815280171307,2.0
5457,33.0,25.45584412271571,2.0
5458,1.0,0,1.0
5459,21.0,0,1.0
5460,19.0,0,1.0
5461,55.0,16.97056274847714,2.0
5463,11.5,12.020815280171307,2.0
5464,12.5,4.949747468305833,2.0
5465,4.0,4.242640687119285,2.0
5466,14.0,0,1.0
5467,4.0,0,1.0
5468,1.5,0.7071067811865476,2.0
5469,27.5,3.5355339059327378,2.0
5470,80.0,0,1.0
5472,50.0,0,1.0
5473,21.5,26.16295090390226,2.0
5474,13.0,2.8284271247461903,2.0
5475,2.0,0.0,2.0
5476,8.0,0,1.0
5477,63.0,29.698484809834994,2.0
5479,11.0,0,1.0
5480,53.0,0,1.0
5481,18.0,14.142135623730951,2.0
5482,20.5,19.091883092036785,2.0
5484,127.0,0,1.0
5485,139.0,0,1.0
5486,3.0,0,1.0
5487,20.0,0,1.0
5488,18.0,0,1.0
5489,7.0,7.0710678118654755,2.0
5490,8.0,0,1.0
5492,30.0,0,1.0
5493,38.0,0,1.0
5494,39.5,33.23401871576773,2.0
5495,50.5,70.0035713374682,2.0
5497,10.0,0,1.0
5498,10.0,5.656854249492381,2.0
5499,7.0,0,1.0
5500,75.0,0,1.0
5501,23.0,0,1.0
5502,10.0,0,1.0
5503,92.0,0,1.0
5504,25.0,0,1.0
5506,94.0,0,1.0
5507,6.0,0,1.0
5508,12.0,0,1.0
5509,10.0,0,1.0
5510,55.0,73.53910524340094,2.0
5512,31.0,0,1.0
5513,27.0,12.727922061357855,2.0
5515,10.5,12.020815280171307,2.0
5516,20.0,0,1.0
5518,79.5,7.7781745930520225,2.0
5520,62.0,0,1.0
5521,93.0,0,1.0
5522,9.5,7.7781745930520225,2.0
5523,30.0,38.18376618407357,2.0
5524,8.5,10.606601717798213,2.0
5526,87.0,0,1.0
5527,43.0,0,1.0
5528,2.0,0,1.0
5529,26.0,0,1.0
5530,6.0,0,1.0
5531,66.0,67.88225099390856,2.0
5532,13.0,0,1.0
5533,15.0,1.4142135623730951,2.0
5534,43.0,0,1.0
5536,45.0,0,1.0
5537,7.5,7.7781745930520225,2.0
5538,3.0,2.8284271247461903,2.0
5539,26.0,7.0710678118654755,2.0
5540,16.5,17.67766952966369,2.0
5541,20.0,0,1.0
5542,16.0,5.656854249492381,2.0
5543,8.0,0,1.0
5545,71.5,4.949747468305833,2.0
5546,1.0,0,1.0
5547,20.5,13.435028842544403,2.0
5548,71.0,0,1.0
5549,10.0,0,1.0
5550,12.0,0,1.0
5552,31.0,0,1.0
5553,45.5,62.932503525602726,2.0
5554,20.0,0,1.0
5555,11.0,0,1.0
5556,138.0,0,1.0
5558,21.0,0,1.0
5559,33.0,0,1.0
5561,23.0,0,1.0
5562,12.0,12.727922061357855,2.0
5564,15.0,0,1.0
5565,10.5,13.435028842544403,2.0
5566,14.5,6.363961030678928,2.0
5568,77.0,0,1.0
5570,11.0,0,1.0
5572,62.5,53.033008588991066,2.0
5573,9.0,0,1.0
5577,36.5,16.263455967290593,2.0
5578,115.0,0,1.0
5579,1.0,0,1.0
5580,41.0,5.656854249492381,2.0
5581,15.0,0,1.0
5583,33.0,0,1.0
5584,1.0,0,1.0
5585,71.5,6.363961030678928,2.0
5586,29.0,0,1.0
5587,3.0,0.0,2.0
5588,1.0,0,1.0
5589,4.5,3.5355339059327378,2.0
5590,8.0,4.242640687119285,2.0
5591,54.0,0,1.0
5592,10.0,12.727922061357855,2.0
5594,2.0,0,1.0
5595,16.0,19.79898987322333,2.0
5596,7.0,0,1.0
5597,1.0,0,1.0
5598,1.0,0,1.0
5599,20.0,0,1.0
5600,74.0,0,1.0
5601,12.0,0,1.0
5602,22.0,0,1.0
5604,5.0,2.8284271247461903,2.0
5606,11.0,5.656854249492381,2.0
5607,8.0,0,1.0
5608,33.0,18.384776310850235,2.0
5609,26.5,28.991378028648448,2.0
5610,27.0,0,1.0
5611,16.0,0,1.0
5612,92.0,0,1.0
5613,9.5,7.7781745930520225,2.0
5614,14.0,0,1.0
5615,32.0,0,1.0
5616,18.0,1.4142135623730951,2.0
5617,4.0,0,1.0
5618,7.0,0,1.0
5619,36.0,0,1.0
5620,6.0,0,1.0
5622,7.0,0,1.0
5623,17.0,0,1.0
5624,82.0,0,1.0
5628,19.0,0,1.0
5629,23.0,0,1.0
5630,30.0,19.79898987322333,2.0
5632,16.0,0,1.0
5633,19.0,0,1.0
5635,4.0,0,1.0
5636,18.0,0,1.0
5637,4.0,1.4142135623730951,2.0
5638,3.5,0.7071067811865476,2.0
5639,9.0,0,1.0
5640,2.5,0.7071067811865476,2.0
5641,7.0,0,1.0
5642,62.0,0,1.0
5643,1.0,0,1.0
5645,8.5,2.1213203435596424,2.0
5646,1.0,0,1.0
5648,7.5,7.7781745930520225,2.0
5649,1.0,0,1.0
5650,16.0,19.79898987322333,2.0
5651,3.0,0.0,2.0
5652,30.0,0,1.0
5653,7.0,0,1.0
5654,59.0,0,1.0
5657,27.0,0,1.0
5658,1.0,0,1.0
5659,17.0,0,1.0
5660,2.0,0,1.0
5662,25.0,31.11269837220809,2.0
5663,19.0,0,1.0
5666,30.0,0,1.0
5667,68.0,0,1.0
5669,48.0,0,1.0
5670,73.0,0,1.0
5671,32.0,0,1.0
5673,6.5,7.7781745930520225,2.0
5674,84.0,0,1.0
5675,91.0,0,1.0
5678,3.0,0,1.0
5679,4.0,0,1.0
5680,7.0,0,1.0
5681,16.0,0,1.0
5682,90.0,0,1.0
5683,22.5,7.7781745930520225,2.0
5684,39.0,0,1.0
5685,15.0,0,1.0
5686,29.0,39.59797974644666,2.0
5688,18.5,19.091883092036785,2.0
5689,1.0,0,1.0
5690,1.0,0,1.0
5691,8.5,10.606601717798213,2.0
5692,14.0,0,1.0
5693,24.5,30.405591591021544,2.0
5694,1.0,0,1.0
5695,1.0,0,1.0
5696,11.0,0,1.0
5697,11.0,9.899494936611665,2.0
5702,50.0,38.18376618407357,2.0
5703,8.0,0,1.0
5704,60.0,0,1.0
5705,9.0,0,1.0
5706,2.0,0.0,2.0
5707,32.0,0,1.0
5708,13.0,0,1.0
5709,5.0,0,1.0
5710,61.0,0,1.0
5712,50.0,0,1.0
5714,3.0,0,1.0
5715,125.0,0,1.0
5717,65.0,0,1.0
5718,1.0,0,1.0
5719,36.0,0,1.0
5722,45.5,23.33452377915607,2.0
5723,31.0,0,1.0
5726,5.0,0,1.0
5727,1.0,0,1.0
5728,7.0,0,1.0
5729,30.0,0,1.0
5730,63.0,0,1.0
5731,4.0,0,1.0
5732,4.0,0,1.0
5733,5.5,3.5355339059327378,2.0
5734,88.0,0,1.0
5735,1.0,0,1.0
5736,16.0,0,1.0
5737,3.0,2.8284271247461903,2.0
5740,111.0,0,1.0
5742,24.0,0,1.0
5743,11.0,0,1.0
5745,11.0,0,1.0
5746,50.0,0,1.0
5748,3.5,0.7071067811865476,2.0
5749,2.0,1.4142135623730951,2.0
5750,100.0,0,1.0
5751,24.0,0,1.0
5752,3.0,0,1.0
5754,71.0,0,1.0
5755,10.5,0.7071067811865476,2.0
5756,18.0,24.041630560342615,2.0
5757,59.5,82.73149339882606,2.0
5758,13.5,4.949747468305833,2.0
5759,8.5,9.192388155425117,2.0
5760,11.0,0,1.0
5761,41.0,0,1.0
5763,4.0,0,1.0
5764,25.0,0,1.0
5765,6.0,2.8284271247461903,2.0
5766,49.0,0,1.0
5767,37.5,50.204581464244875,2.0
5768,43.0,35.35533905932738,2.0
5770,3.0,0,1.0
5771,100.0,0,1.0
5773,12.0,0,1.0
5774,2.0,0,1.0
5775,9.0,0,1.0
5776,2.0,0,1.0
5777,45.0,0,1.0
5779,11.0,8.48528137423857,2.0
5781,58.0,0,1.0
5782,38.0,0,1.0
5783,31.5,12.020815280171307,2.0
5784,35.0,0,1.0
5785,102.0,0,1.0
5786,4.0,0,1.0
5787,5.0,0,1.0
5788,10.0,0,1.0
5789,6.0,2.8284271247461903,2.0
5790,18.0,0,1.0
5791,73.0,0.0,2.0
5792,5.0,0,1.0
5793,16.5,20.506096654409877,2.0
5794,1.0,0,1.0
5795,19.0,25.45584412271571,2.0
5796,11.0,0,1.0
5797,43.0,0,1.0
5798,36.5,36.062445840513924,2.0
5799,17.0,0,1.0
5800,29.0,25.45584412271571,2.0
5801,77.0,0,1.0
5803,48.5,64.34671708797582,2.0
5804,7.0,0,1.0
5805,17.0,0,1.0
5807,6.0,0,1.0
5809,130.0,0,1.0
5810,1.0,0,1.0
5812,26.0,0,1.0
5814,92.0,0,1.0
5816,6.0,0,1.0
5817,5.0,0,1.0
5818,3.0,2.8284271247461903,2.0
5819,4.0,0,1.0
5820,5.0,0,1.0
5822,118.0,0,1.0
5823,3.0,0,1.0
5824,3.5,3.5355339059327378,2.0
5825,9.0,0,1.0
5826,9.5,2.1213203435596424,2.0
5827,53.0,57.982756057296896,2.0
5828,81.0,0,1.0
5829,34.0,0,1.0
5830,12.0,14.142135623730951,2.0
5831,7.0,0,1.0
5832,14.0,0,1.0
5833,68.0,0,1.0
5835,23.0,0,1.0
5836,32.0,0,1.0
5837,43.0,0,1.0
5838,97.0,0,1.0
5839,6.0,0,1.0
5840,58.0,79.19595949289332,2.0
5841,8.5,9.192388155425117,2.0
5842,32.0,5.656854249492381,2.0
5843,89.0,0,1.0
5844,69.5,34.64823227814083,2.0
5845,1.0,0,1.0
5846,25.0,12.727922061357855,2.0
5847,7.0,0,1.0
5849,122.0,0,1.0
5852,11.0,0,1.0
5853,19.5,13.435028842544403,2.0
5854,35.5,23.33452377915607,2.0
5855,8.0,0,1.0
5856,12.5,6.363961030678928,2.0
5858,1.0,0,1.0
5859,6.0,7.0710678118654755,2.0
5861,10.0,0,1.0
5862,14.0,5.656854249492381,2.0
5863,2.0,0,1.0
5864,11.5,10.606601717798213,2.0
5865,52.0,0,1.0
5866,19.0,0,1.0
5868,7.0,0,1.0
5870,89.0,0,1.0
5871,2.0,0,1.0
5872,1.5,0.7071067811865476,2.0
5873,67.0,57.982756057296896,2.0
5876,2.0,0,1.0
5877,5.0,0,1.0
5878,51.0,0,1.0
5879,7.0,0.0,2.0
5880,84.0,0,1.0
5881,53.5,70.0035713374682,2.0
5882,5.0,0,1.0
5883,81.5,47.37615433949868,2.0
5884,28.0,24.041630560342615,2.0
5885,39.5,48.79036790187178,2.0
5886,31.0,18.384776310850235,2.0
5887,85.0,0,1.0
5888,33.0,0,1.0
5889,45.0,48.08326112068523,2.0
5890,35.0,39.59797974644666,2.0
5891,19.0,0,1.0
5892,30.5,27.577164466275352,2.0
5893,64.0,0,1.0
5894,73.5,92.63098833543772,2.0
5895,6.5,6.363961030678928,2.0
5896,1.0,0,1.0
5897,58.5,67.17514421272202,2.0
5898,18.0,21.213203435596427,2.0
5899,117.0,0,1.0
5900,31.0,0,1.0
5901,104.0,0,1.0
5902,70.0,0,1.0
5904,56.0,60.81118318204309,2.0
5905,3.0,0,1.0
5906,9.0,0,1.0
5907,31.0,0,1.0
5908,28.5,28.991378028648448,2.0
5909,14.5,16.263455967290593,2.0
5910,12.0,0,1.0
5911,63.0,0,1.0
5913,43.0,0,1.0
5915,51.0,0,1.0
5916,58.5,79.90306627407988,2.0
5917,28.0,0,1.0
5918,15.0,0,1.0
5919,16.0,16.97056274847714,2.0
5920,46.0,0,1.0
5921,38.0,0,1.0
5922,36.0,0,1.0
5923,26.0,0,1.0
5924,15.5,7.7781745930520225,2.0
5925,89.0,8.48528137423857,2.0
5926,28.0,0,1.0
5927,14.0,0,1.0
5928,34.0,21.213203435596427,2.0
5930,132.0,0,1.0
5931,10.0,0,1.0
5932,6.0,0,1.0
5933,12.0,0,1.0
5934,35.0,0,1.0
5935,14.0,0,1.0
5936,31.5,23.33452377915607,2.0
5938,11.0,0,1.0
5940,8.0,9.899494936611665,2.0
5941,19.0,18.384776310850235,2.0
5945,52.0,0,1.0
5946,2.0,0,1.0
5947,1.0,0,1.0
5948,24.0,0,1.0
5949,16.0,18.384776310850235,2.0
5950,16.5,6.363961030678928,2.0
5952,5.0,2.8284271247461903,2.0
5953,5.0,2.8284271247461903,2.0
5954,41.0,0,1.0
5957,17.0,22.627416997969522,2.0
5958,16.0,14.142135623730951,2.0
5960,36.0,0,1.0
5961,14.0,0,1.0
5962,54.0,49.49747468305833,2.0
5966,60.0,0,1.0
5967,1.0,0,1.0
5968,32.0,0,1.0
5969,55.0,35.35533905932738,2.0
5970,1.0,0,1.0
5971,64.5,67.17514421272202,2.0
5972,39.5,20.506096654409877,2.0
5973,11.0,0,1.0
5974,3.0,0,1.0
5975,5.0,0,1.0
5977,37.0,0,1.0
5979,14.0,0,1.0
5980,28.0,0,1.0
5981,37.5,26.16295090390226,2.0
5982,4.5,3.5355339059327378,2.0
5983,42.5,17.67766952966369,2.0
5984,18.0,24.041630560342615,2.0
5988,12.0,0,1.0
5989,2.0,0,1.0
5990,59.0,0,1.0
5991,6.0,0,1.0
5992,18.0,0,1.0
5993,4.0,0,1.0
5995,135.0,0,1.0
5996,4.0,0,1.0
5997,59.0,79.19595949289332,2.0
5998,48.0,0,1.0
6000,106.0,0,1.0
6001,12.0,0,1.0
6002,3.0,0,1.0
6003,48.0,59.39696961966999,2.0
6004,21.0,0,1.0
6005,3.0,0,1.0
6007,5.0,0,1.0
6009,109.0,0,1.0
6010,1.0,0,1.0
6011,68.0,60.81118318204309,2.0
6012,2.0,0,1.0
6013,41.5,45.96194077712559,2.0
6014,71.0,0,1.0
6015,28.5,23.33452377915607,2.0
6016,3.0,0,1.0
6017,2.0,0,1.0
6018,50.0,67.88225099390856,2.0
6019,1.0,0,1.0
6020,67.0,0,1.0
6021,54.0,73.53910524340094,2.0
6022,10.0,0.0,2.0
6023,30.5,17.67766952966369,2.0
6024,59.0,0,1.0
6025,10.0,0,1.0
6027,44.0,0,1.0
6028,1.0,0,1.0
6029,18.0,0,1.0
6031,50.0,59.39696961966999,2.0
6034,17.0,0,1.0
6036,37.5,13.435028842544403,2.0
6037,95.0,0,1.0
6038,8.0,0,1.0
6039,39.0,0,1.0
6040,83.5,68.58935777509511,2.0
6041,119.0,0,1.0
6042,22.5,19.091883092036785,2.0
6043,52.0,70.71067811865476,2.0
6045,8.0,0,1.0
6047,15.0,18.384776310850235,2.0
6048,47.0,0,1.0
6050,40.0,0,1.0
6051,38.5,30.405591591021544,2.0
6052,10.0,0,1.0
6054,87.0,52.32590180780452,2.0
6056,53.0,0,1.0
6058,22.0,0,1.0
6059,62.5,17.67766952966369,2.0
6060,129.0,0,1.0
6062,17.0,0,1.0
6063,76.0,0,1.0
6064,54.0,0,1.0
6066,70.0,82.02438661763951,2.0
6068,125.0,0,1.0
6071,37.0,46.66904755831214,2.0
6072,61.0,39.59797974644666,2.0
6073,134.0,0,1.0
6075,4.0,0,1.0
6076,126.0,0,1.0
6077,108.0,39.59797974644666,2.0
6078,48.0,29.698484809834994,2.0
6079,32.0,42.42640687119285,2.0
6080,8.0,0,1.0
6081,136.0,0,1.0
6082,3.0,0,1.0
6083,79.0,0,1.0
6084,29.0,0,1.0
6085,118.0,22.627416997969522,2.0
6086,128.0,0,1.0
6088,14.5,0.7071067811865476,2.0
6089,23.0,0,1.0
6092,27.0,0,1.0
6095,135.0,0,1.0
6096,4.0,0,1.0
6097,107.0,0,1.0
6098,61.0,21.213203435596427,2.0
6099,40.0,0,1.0
6100,5.0,0,1.0
6101,17.0,0,1.0
6102,116.0,0,1.0
6103,32.0,0,1.0
6104,6.0,0,1.0
6105,11.0,0,1.0
6106,8.0,1.4142135623730951,2.0
6107,2.0,0,1.0
6108,45.5,36.062445840513924,2.0
6111,12.0,0,1.0
6113,4.0,0,1.0
6115,40.0,55.154328932550705,2.0
6117,2.0,0,1.0
6118,11.0,14.142135623730951,2.0
6119,6.0,0,1.0
6120,10.0,0,1.0
6121,28.0,0,1.0
6122,44.0,60.81118318204309,2.0
6123,106.0,0,1.0
6125,2.0,0,1.0
6126,28.0,0,1.0
6127,103.0,0,1.0
6128,74.0,0,1.0
6129,85.0,35.35533905932738,2.0
6130,13.0,15.556349186104045,2.0
6131,29.0,0,1.0
6132,7.0,0,1.0
6133,41.0,0,1.0
6134,97.5,43.1335136523794,2.0
6135,132.0,0,1.0
6136,54.0,50.91168824543142,2.0
6137,2.0,0,1.0
6138,7.0,0,1.0
6139,77.5,27.577164466275352,2.0
6140,81.0,55.154328932550705,2.0
6141,49.0,53.74011537017761,2.0
6143,127.0,0,1.0
6144,113.0,0,1.0
6145,2.0,0,1.0
6146,50.5,10.606601717798213,2.0
6147,7.0,0,1.0
6148,42.0,0,1.0
6149,36.5,2.1213203435596424,2.0
6150,57.0,0,1.0
6151,28.0,38.18376618407357,2.0
6152,37.5,26.16295090390226,2.0
6153,4.5,0.7071067811865476,2.0
6154,70.5,58.68986283848344,2.0
6155,29.0,33.94112549695428,2.0
6156,42.0,18.384776310850235,2.0
6157,2.0,0,1.0
6158,10.5,2.1213203435596424,2.0
6159,24.0,0,1.0
6160,3.0,0,1.0
6161,46.0,0,1.0
6162,1.0,0,1.0
6164,9.0,4.242640687119285,2.0
6165,17.0,0,1.0
6166,64.0,0,1.0
6167,89.5,38.890872965260115,2.0
6168,10.0,1.4142135623730951,2.0
6169,109.0,0,1.0
6170,26.0,0,1.0
6171,46.0,41.012193308819754,2.0
6173,49.5,67.17514421272202,2.0
6174,2.0,0,1.0
6175,19.0,9.899494936611665,2.0
6176,21.0,0,1.0
6177,63.0,59.39696961966999,2.0
6178,12.0,0,1.0
6179,42.0,0,1.0
6180,9.0,0,1.0
6181,25.0,25.45584412271571,2.0
6182,70.0,0,1.0
6183,7.0,0,1.0
6184,63.5,37.476659402887016,2.0
6185,4.0,0,1.0
6186,7.0,0,1.0
6187,7.0,0,1.0
6188,41.0,31.11269837220809,2.0
6189,39.0,0,1.0
6190,50.0,0,1.0
6191,25.5,14.849242404917497,2.0
6192,59.0,60.81118318204309,2.0
6193,126.0,0,1.0
6194,12.0,0,1.0
6196,67.0,0,1.0
6197,2.0,0,1.0
6198,54.0,0,1.0
6200,8.0,0,1.0
6201,40.0,0,1.0
6202,31.0,24.041630560342615,2.0
6203,31.0,2.8284271247461903,2.0
6204,7.0,0,1.0
6206,1.0,0,1.0
6207,49.5,13.435028842544403,2.0
6209,78.5,72.8319984622144,2.0
6210,28.0,0,1.0
6214,40.0,0,1.0
6215,41.5,13.435028842544403,2.0
6216,43.5,60.10407640085654,2.0
6217,16.0,0,1.0
6218,35.0,0,1.0
6219,115.0,0,1.0
6220,41.0,0,1.0
6221,15.0,5.656854249492381,2.0
6227,29.0,0,1.0
6228,9.0,0,1.0
6229,27.0,25.45584412271571,2.0
6230,49.0,0,1.0
6231,10.0,0,1.0
6232,3.0,0,1.0
6234,66.0,0,1.0
6236,1.0,0,1.0
6237,51.0,69.29646455628166,2.0
6238,24.0,25.45584412271571,2.0
6239,10.0,0,1.0
6240,37.5,40.30508652763321,2.0
6242,11.0,0,1.0
6243,65.5,16.263455967290593,2.0
6244,63.5,61.518289963229634,2.0
6245,67.0,0,1.0
6246,46.0,0,1.0
6247,3.0,0,1.0
6248,42.0,46.66904755831214,2.0
6249,9.0,0,1.0
6251,23.0,25.45584412271571,2.0
6252,3.0,0,1.0
6253,5.0,0,1.0
6254,12.0,4.242640687119285,2.0
6255,70.0,9.899494936611665,2.0
6256,16.0,0,1.0
6257,7.0,0,1.0
6258,9.0,0,1.0
6259,5.0,0,1.0
6260,3.0,0,1.0
6261,54.5,60.10407640085654,2.0
6263,127.0,0,1.0
6264,92.0,59.39696961966999,2.0
6265,36.0,19.79898987322333,2.0
6266,3.0,0,1.0
6268,138.0,0,1.0
6269,68.5,36.062445840513924,2.0
6270,15.0,0,1.0
6271,25.0,16.97056274847714,2.0
6272,7.5,2.1213203435596424,2.0
6273,9.0,11.313708498984761,2.0
6274,94.0,0,1.0
6275,96.0,0,1.0
6276,111.0,0,1.0
6278,2.0,0,1.0
6283,52.0,0,1.0
6284,7.0,0,1.0
6285,5.0,0,1.0
6288,8.0,0,1.0
6289,4.0,0,1.0
6290,115.0,0,1.0
6292,16.5,9.192388155425117,2.0
6294,9.0,0,1.0
6295,22.0,0,1.0
6296,24.0,0,1.0
6298,21.5,16.263455967290593,2.0
6300,57.5,68.58935777509511,2.0
6301,45.0,62.22539674441618,2.0
6302,129.0,0,1.0
6304,2.0,0,1.0
6305,16.5,10.606601717798213,2.0
6306,44.0,0,1.0
6307,91.0,41.012193308819754,2.0
6311,11.0,0,1.0
6312,57.5,27.577164466275352,2.0
6313,43.0,0,1.0
6315,7.0,0,1.0
6316,2.0,0,1.0
6317,36.0,0,1.0
6318,111.0,0,1.0
6319,50.5,27.577164466275352,2.0
6320,27.0,0,1.0
6321,48.0,21.213203435596427,2.0
6323,15.0,0,1.0
6326,11.0,0,1.0
6327,13.0,0,1.0
6328,137.0,0,1.0
6330,110.0,0,1.0
6332,43.5,58.68986283848344,2.0
6333,25.0,0,1.0
6334,4.0,0,1.0
6335,1.0,0,1.0
6336,7.0,0,1.0
6337,14.0,0,1.0
6338,97.0,4.242640687119285,2.0
6339,17.5,20.506096654409877,2.0
6340,88.0,0,1.0
6342,62.0,0,1.0
6343,4.0,0,1.0
6344,63.0,0,1.0
6345,3.0,2.8284271247461903,2.0
6346,19.5,19.091883092036785,2.0
6347,40.5,55.86143571373726,2.0
6350,13.0,14.142135623730951,2.0
6351,4.0,0,1.0
6352,106.0,0,1.0
6355,25.0,0,1.0
6357,42.0,0,1.0
6359,16.0,0,1.0
6360,8.0,0,1.0
6361,25.0,33.94112549695428,2.0
6363,56.0,0,1.0
6364,2.0,0,1.0
6366,14.0,0,1.0
6367,5.0,0,1.0
6368,118.0,0,1.0
6370,8.0,0,1.0
6371,3.0,0,1.0
6372,62.0,43.840620433565945,2.0
6374,19.5,23.33452377915607,2.0
6375,20.5,24.748737341529164,2.0
6376,33.0,0,1.0
6377,48.5,62.932503525602726,2.0
6378,10.5,13.435028842544403,2.0
6379,5.0,0,1.0
6380,49.0,65.05382386916237,2.0
6381,6.0,0,1.0
6382,73.0,1.4142135623730951,2.0
6383,7.0,0,1.0
6384,22.0,0,1.0
6386,31.0,0,1.0
6387,5.0,0,1.0
6388,95.0,0,1.0
6389,56.0,53.74011537017761,2.0
6390,4.0,1.4142135623730951,2.0
6391,3.0,0,1.0
6392,58.5,9.192388155425117,2.0
6393,20.0,14.142135623730951,2.0
6394,55.5,43.1335136523794,2.0
6395,25.0,29.698484809834994,2.0
6396,35.0,39.59797974644666,2.0
6397,34.0,0,1.0
6398,13.0,0,1.0
6399,18.0,21.213203435596427,2.0
6400,29.5,9.192388155425117,2.0
6401,6.0,7.0710678118654755,2.0
6402,18.0,0,1.0
6403,61.0,0,1.0
6406,1.0,0,1.0
6408,22.5,28.991378028648448,2.0
6409,1.0,0,1.0
6411,106.0,0,1.0
6412,10.0,0,1.0
6413,11.0,0,1.0
6415,125.0,0,1.0
6417,13.0,0,1.0
6420,25.5,30.405591591021544,2.0
6421,35.0,1.4142135623730951,2.0
6422,33.0,45.254833995939045,2.0
6423,54.5,40.30508652763321,2.0
6424,4.0,0,1.0
6425,107.5,7.7781745930520225,2.0
6429,69.0,0,1.0
6430,6.0,0,1.0
6433,26.0,0,1.0
6434,15.0,0,1.0
6435,117.5,12.020815280171307,2.0
6436,31.0,42.42640687119285,2.0
6437,19.0,0,1.0
6439,8.0,0,1.0
6440,73.0,0,1.0
6441,67.0,0,1.0
6442,80.0,0,1.0
6443,39.0,0,1.0
6444,5.0,0,1.0
6445,22.0,0,1.0
6446,138.0,0,1.0
6449,9.0,0,1.0
6450,14.0,0,1.0
6451,3.0,0,1.0
6452,5.0,0,1.0
6453,69.0,89.09545442950498,2.0
6454,26.5,28.991378028648448,2.0
6455,1.0,0,1.0
6456,45.0,45.254833995939045,2.0
6457,63.5,71.4177848998413,2.0
6458,38.5,44.54772721475249,2.0
6459,37.5,21.920310216782973,2.0
6461,4.0,0,1.0
6462,60.5,30.405591591021544,2.0
6464,80.0,14.142135623730951,2.0
6465,63.0,72.12489168102785,2.0
6467,22.0,0,1.0
6468,43.0,0,1.0
6469,25.0,0,1.0
6470,84.5,62.932503525602726,2.0
6472,11.0,0,1.0
6473,102.0,0,1.0
6474,17.0,0,1.0
6475,33.0,39.59797974644666,2.0
6477,38.0,0,1.0
6478,53.0,0,1.0
6479,13.5,14.849242404917497,2.0
6480,4.0,0,1.0
6481,27.0,0,1.0
6482,13.0,16.97056274847714,2.0
6483,91.0,0,1.0
6484,102.0,0,1.0
6485,14.0,0,1.0
6486,22.0,0,1.0
6487,26.0,0,1.0
6490,14.5,13.435028842544403,2.0
6491,16.0,0,1.0
6492,57.0,0,1.0
6493,23.0,0,1.0
6495,27.0,0,1.0
6498,13.5,10.606601717798213,2.0
6499,14.0,0,1.0
6500,6.0,2.8284271247461903,2.0
6501,3.0,0,1.0
6502,3.0,0,1.0
6503,108.0,0,1.0
6505,16.0,0,1.0
6506,25.0,0,1.0
6507,15.0,0,1.0
6508,21.0,0,1.0
6510,23.0,0,1.0
6513,7.0,8.48528137423857,2.0
6514,19.0,0,1.0
6515,59.0,31.11269837220809,2.0
6516,32.0,43.840620433565945,2.0
6517,30.5,31.81980515339464,2.0
6518,8.0,0,1.0
6519,26.5,27.577164466275352,2.0
6520,45.0,0,1.0
6521,24.0,0,1.0
6522,24.0,0,1.0
6523,11.0,0,1.0
6524,37.0,0,1.0
6525,1.0,0,1.0
6527,25.0,0,1.0
6531,60.0,0,1.0
6532,11.0,0,1.0
6534,41.0,0,1.0
6535,1.0,0,1.0
6536,67.0,0,1.0
6537,14.0,0,1.0
6538,4.0,0,1.0
6540,25.0,0,1.0
6541,35.0,0,1.0
6542,6.0,0,1.0
6543,15.0,0,1.0
6544,30.0,39.59797974644666,2.0
6545,14.0,0,1.0
6546,47.5,61.518289963229634,2.0
6547,71.0,0,1.0
6548,12.5,7.7781745930520225,2.0
6549,14.0,0,1.0
6550,43.5,48.79036790187178,2.0
6551,105.0,0,1.0
6552,10.0,0,1.0
6553,55.5,16.263455967290593,2.0
6554,28.0,0,1.0
6555,23.0,18.384776310850235,2.0
6556,41.5,36.062445840513924,2.0
6558,24.5,27.577164466275352,2.0
6559,8.0,0,1.0
6560,28.0,0,1.0
6561,5.5,2.1213203435596424,2.0
6563,64.0,0,1.0
6564,28.0,0,1.0
6565,3.0,0,1.0
6566,53.0,0,1.0
6567,31.0,0,1.0
6568,14.0,0,1.0
6569,100.0,0,1.0
6572,48.0,0,1.0
6573,8.0,0,1.0
6574,52.0,0,1.0
6575,4.0,0,1.0
6576,59.0,26.870057685088806,2.0
6577,67.0,0,1.0
6578,26.0,7.0710678118654755,2.0
6579,4.0,1.4142135623730951,2.0
6580,20.5,24.748737341529164,2.0
6581,53.0,8.48528137423857,2.0
6582,8.5,10.606601717798213,2.0
6583,130.0,0,1.0
6585,124.0,0,1.0
6591,9.0,0,1.0
6592,75.0,0,1.0
6595,68.0,82.02438661763951,2.0
6596,1.0,0,1.0
6598,24.0,0,1.0
6599,134.0,0,1.0
6601,37.0,0,1.0
6602,66.0,0,1.0
6606,13.0,0,1.0
6607,69.0,91.92388155425118,2.0
6608,45.0,0,1.0
6609,130.0,0,1.0
6610,48.0,8.48528137423857,2.0
6612,6.0,1.4142135623730951,2.0
6613,53.0,0,1.0
6614,5.0,0,1.0
6615,130.0,0,1.0
6616,7.0,0,1.0
6617,2.0,0,1.0
6618,76.0,65.05382386916237,2.0
6619,1.0,0,1.0
6620,42.0,0,1.0
6621,11.0,14.142135623730951,2.0
6622,20.5,13.435028842544403,2.0
6623,16.0,16.97056274847714,2.0
6624,27.5,37.476659402887016,2.0
6625,6.0,2.8284271247461903,2.0
6626,32.0,0,1.0
6627,97.0,0,1.0
6628,1.0,0,1.0
6629,61.0,74.95331880577403,2.0
6630,2.0,0,1.0
6631,21.0,0,1.0
6632,24.0,32.526911934581186,2.0
6633,115.0,0,1.0
6634,10.0,0,1.0
6635,110.0,0,1.0
6636,8.5,6.363961030678928,2.0
6637,10.0,0,1.0
6638,26.0,0,1.0
6639,47.0,0,1.0
6640,1.0,0,1.0
6641,29.0,0,1.0
6642,53.0,63.63961030678928,2.0
6643,5.5,2.1213203435596424,2.0
6644,14.0,0,1.0
6645,8.5,2.1213203435596424,2.0
6646,25.0,25.45584412271571,2.0
6648,11.0,14.142135623730951,2.0
6651,4.0,0,1.0
6652,2.0,0,1.0
6653,106.0,0,1.0
6656,62.0,0,1.0
6657,4.5,0.7071067811865476,2.0
6659,27.5,23.33452377915607,2.0
6660,9.5,12.020815280171307,2.0
6662,33.0,0,1.0
6664,55.0,53.74011537017761,2.0
6665,90.0,0,1.0
6666,14.0,0,1.0
6667,30.0,41.012193308819754,2.0
6669,66.0,0,1.0
6670,34.0,0,1.0
6671,27.5,20.506096654409877,2.0
6672,38.0,0,1.0
6673,11.0,0,1.0
6674,27.0,0,1.0
6675,95.0,0,1.0
6676,14.0,4.242640687119285,2.0
6677,21.5,28.991378028648448,2.0
6678,16.0,18.384776310850235,2.0
6679,4.5,0.7071067811865476,2.0
6680,24.5,3.5355339059327378,2.0
6681,4.0,0,1.0
6682,23.0,15.556349186104045,2.0
6683,9.0,0.0,2.0
6685,22.5,6.363961030678928,2.0
6686,3.0,0,1.0
6687,110.0,0,1.0
6688,60.5,27.577164466275352,2.0
6689,18.0,0,1.0
6690,92.0,59.39696961966999,2.0
6691,20.0,0,1.0
6692,3.0,0,1.0
6693,15.0,1.4142135623730951,2.0
6695,18.0,0,1.0
6696,15.0,0,1.0
6698,8.0,0,1.0
6699,37.0,28.284271247461902,2.0
6700,47.0,63.63961030678928,2.0
6701,138.0,0,1.0
6702,123.0,0,1.0
6704,44.0,36.76955262170047,2.0
6705,12.0,0,1.0
6706,19.0,25.45584412271571,2.0
6707,45.0,0,1.0
6708,119.0,0,1.0
6709,53.0,0,1.0
6710,13.0,0,1.0
6712,26.5,26.16295090390226,2.0
6713,8.0,1.4142135623730951,2.0
6714,1.0,0,1.0
6715,1.0,0,1.0
6717,21.0,0,1.0
6718,36.0,14.142135623730951,2.0
6719,104.0,0,1.0
6721,51.0,41.012193308819754,2.0
6722,20.0,26.870057685088806,2.0
6723,8.0,0,1.0
6724,55.5,77.07463914933368,2.0
6726,7.0,0,1.0
6728,2.0,0,1.0
6729,32.0,14.142135623730951,2.0
6731,17.0,18.384776310850235,2.0
6732,15.0,0,1.0
6733,19.0,0,1.0
6736,44.0,0,1.0
6737,37.0,49.49747468305833,2.0
6738,37.0,0,1.0
6739,14.5,0.7071067811865476,2.0
6740,1.0,0,1.0
6742,27.0,0,1.0
6743,39.0,0,1.0
6744,36.0,46.66904755831214,2.0
6745,19.0,0,1.0
6746,45.0,0,1.0
6749,56.0,0,1.0
6750,50.0,53.74011537017761,2.0
6751,10.5,13.435028842544403,2.0
6752,17.0,0,1.0
6753,32.0,0,1.0
6754,19.0,0,1.0
6755,30.0,0,1.0
6756,114.0,0,1.0
6757,74.5,37.476659402887016,2.0
6759,57.0,36.76955262170047,2.0
6760,55.0,0,1.0
6761,39.5,48.79036790187178,2.0
6762,2.0,0,1.0
6763,23.0,11.313708498984761,2.0
6765,36.0,0,1.0
6766,31.0,1.4142135623730951,2.0
6767,8.0,0,1.0
6768,34.5,45.96194077712559,2.0
6770,48.5,3.5355339059327378,2.0
6771,19.0,0,1.0
6772,9.0,0,1.0
6773,9.0,0,1.0
6774,50.0,0,1.0
6775,1.0,0,1.0
6776,37.0,0,1.0
6778,33.0,16.97056274847714,2.0
6780,7.0,0,1.0
6781,59.0,0,1.0
6782,79.0,0,1.0
6783,18.0,16.97056274847714,2.0
6784,4.0,0,1.0
6785,14.0,0,1.0
6786,44.5,45.96194077712559,2.0
6787,53.0,46.66904755831214,2.0
6788,90.0,0,1.0
6789,28.0,11.313708498984761,2.0
6790,2.0,0,1.0
6794,1.0,0,1.0
6795,13.0,14.142135623730951,2.0
6796,29.0,0,1.0
6797,19.5,10.606601717798213,2.0
6798,28.5,38.890872965260115,2.0
6799,39.0,0,1.0
6800,25.5,19.091883092036785,2.0
6802,100.0,0,1.0
6803,72.0,0,1.0
6804,32.0,0,1.0
6805,16.0,0,1.0
6807,7.0,8.48528137423857,2.0
6809,25.5,12.020815280171307,2.0
6811,46.0,0,1.0
6812,47.5,60.10407640085654,2.0
6813,10.0,0,1.0
6814,30.0,24.041630560342615,2.0
6815,25.0,0,1.0
6816,47.5,54.44722215136416,2.0
6817,19.0,0,1.0
6818,14.0,0,1.0
6819,36.0,8.48528137423857,2.0
6820,47.0,0,1.0
6821,38.0,43.840620433565945,2.0
6822,38.0,0,1.0
6823,51.0,0,1.0
6824,32.5,2.1213203435596424,2.0
6825,13.0,0,1.0
6826,71.5,21.920310216782973,2.0
6827,21.0,0,1.0
6828,26.0,0,1.0
6829,7.0,0,1.0
6830,139.0,0,1.0
6831,44.5,58.68986283848344,2.0
6832,1.0,0,1.0
6833,9.0,0,1.0
6834,27.0,0,1.0
6836,1.0,0,1.0
6837,10.0,0,1.0
6838,9.0,0,1.0
6839,42.0,0,1.0
6840,10.5,2.1213203435596424,2.0
6841,53.0,0,1.0
6842,41.0,56.568542494923804,2.0
6843,18.5,21.920310216782973,2.0
6844,11.0,12.727922061357855,2.0
6845,20.0,0,1.0
6846,6.0,1.4142135623730951,2.0
6847,10.5,6.363961030678928,2.0
6849,30.5,40.30508652763321,2.0
6850,2.5,0.7071067811865476,2.0
6851,40.0,0,1.0
6853,61.5,20.506096654409877,2.0
6856,46.0,0,1.0
6858,78.0,0,1.0
6859,13.5,14.849242404917497,2.0
6862,31.0,21.213203435596427,2.0
6863,7.5,7.7781745930520225,2.0
6864,8.0,0,1.0
6865,86.0,48.08326112068523,2.0
6866,4.5,0.7071067811865476,2.0
6867,2.0,0,1.0
6868,68.5,44.54772721475249,2.0
6869,3.0,0,1.0
6870,40.0,0,1.0
6871,1.0,0,1.0
6873,104.0,1.4142135623730951,2.0
6875,7.0,0,1.0
6876,40.5,47.37615433949868,2.0
6877,14.0,1.4142135623730951,2.0
6880,15.5,16.263455967290593,2.0
6881,86.0,0,1.0
6882,11.0,0,1.0
6883,109.0,0,1.0
6884,3.0,0,1.0
6885,108.0,0,1.0
6886,5.0,4.242640687119285,2.0
6887,31.0,16.97056274847714,2.0
6888,6.5,4.949747468305833,2.0
6890,93.0,0,1.0
6891,13.0,0,1.0
6892,119.0,0,1.0
6893,27.5,37.476659402887016,2.0
6895,8.0,0,1.0
6896,35.5,21.920310216782973,2.0
6898,36.0,0,1.0
6899,45.0,0,1.0
6900,102.0,0,1.0
6901,122.0,0,1.0
6902,8.0,0,1.0
6903,9.0,0,1.0
6904,94.0,0,1.0
6906,4.0,1.4142135623730951,2.0
6908,60.5,45.96194077712559,2.0
6909,51.0,0,1.0
6910,3.0,0,1.0
6911,4.5,0.7071067811865476,2.0
6912,28.5,37.476659402887016,2.0
6913,4.0,0,1.0
6914,19.0,0,1.0
6915,59.0,80.61017305526642,2.0
6916,28.0,36.76955262170047,2.0
6917,2.0,0,1.0
6918,22.0,21.213203435596427,2.0
6919,37.0,0,1.0
6920,84.0,0,1.0
6921,12.0,11.313708498984761,2.0
6922,8.0,0,1.0
6923,6.0,5.656854249492381,2.0
6924,25.5,21.920310216782973,2.0
6926,28.0,15.556349186104045,2.0
6927,19.0,0,1.0
6929,4.0,0,1.0
6930,8.0,0,1.0
6931,3.0,0,1.0
6933,80.0,0,1.0
6935,64.5,86.97413408594535,2.0
6936,3.0,0,1.0
6937,11.0,0,1.0
6938,33.5,30.405591591021544,2.0
6939,6.0,0,1.0
6941,114.0,0,1.0
6942,66.5,77.07463914933368,2.0
6943,58.5,68.58935777509511,2.0
6944,51.0,70.71067811865476,2.0
6946,29.0,0,1.0
6947,80.0,0,1.0
6948,12.0,0,1.0
6949,55.0,0,1.0
6951,5.0,2.8284271247461903,2.0
6952,50.5,70.0035713374682,2.0
6954,66.0,0,1.0
6955,40.0,0,1.0
6956,76.0,0,1.0
6957,34.0,0,1.0
6958,4.0,2.8284271247461903,2.0
6959,1.0,0,1.0
6960,10.0,0,1.0
6961,42.0,0,1.0
6962,11.0,0,1.0
6963,36.0,0,1.0
6964,3.0,0,1.0
6969,4.0,0,1.0
6970,3.0,0,1.0
6971,5.0,0,1.0
6972,58.0,0,1.0
6973,4.0,0,1.0
6974,1.0,0,1.0
6975,53.0,0,1.0
6976,2.0,1.4142135623730951,2.0
6977,17.0,0,1.0
6979,26.5,26.16295090390226,2.0
6981,31.0,0,1.0
6984,17.0,0,1.0
6985,3.5,3.5355339059327378,2.0
6986,11.5,10.606601717798213,2.0
6987,3.0,0,1.0
6988,5.0,0,1.0
6989,5.0,0.0,2.0
6990,5.0,0,1.0
6991,110.0,0,1.0
6992,3.0,0,1.0
6993,13.0,0,1.0
6998,24.5,33.23401871576773,2.0
6999,28.0,0,1.0
7000,3.0,0,1.0
7001,2.5,2.1213203435596424,2.0
7002,17.0,0,1.0
7005,22.5,19.091883092036785,2.0
7006,40.0,0,1.0
7007,27.0,4.242640687119285,2.0
7008,8.0,0,1.0
7010,32.0,33.94112549695428,2.0
7012,2.0,0,1.0
7014,41.0,0,1.0
7016,9.0,0,1.0
7017,21.5,10.606601717798213,2.0
7018,22.0,11.313708498984761,2.0
7019,76.0,0,1.0
7020,43.0,4.242640687119285,2.0
7021,38.5,0.7071067811865476,2.0
7022,32.0,19.79898987322333,2.0
7023,19.5,2.1213203435596424,2.0
7024,1.0,0,1.0
7025,29.0,0,1.0
7026,2.0,0,1.0
7027,15.0,0,1.0
7029,79.0,0,1.0
7030,21.0,0,1.0
7031,113.0,0,1.0
7032,9.0,0,1.0
7033,34.5,24.748737341529164,2.0
7036,35.0,0,1.0
7037,27.0,28.284271247461902,2.0
7038,35.5,47.37615433949868,2.0
7039,16.0,0,1.0
7040,41.0,21.213203435596427,2.0
7041,58.0,0,1.0
7042,96.0,0,1.0
7043,23.5,26.16295090390226,2.0
7045,38.0,0,1.0
7046,48.5,54.44722215136416,2.0
7047,48.0,57.982756057296896,2.0
7048,58.0,77.78174593052023,2.0
7049,130.0,0,1.0
7050,27.0,0,1.0
7051,48.0,0,1.0
7053,95.0,42.42640687119285,2.0
7054,25.0,22.627416997969522,2.0
7055,44.0,8.48528137423857,2.0
7056,35.0,0,1.0
7058,127.0,0,1.0
7060,67.0,67.88225099390856,2.0
7061,25.0,28.284271247461902,2.0
7062,22.0,0,1.0
7063,18.0,0,1.0
7065,18.5,17.67766952966369,2.0
7066,13.5,12.020815280171307,2.0
7067,20.5,3.5355339059327378,2.0
7068,14.0,0,1.0
7069,27.5,24.748737341529164,2.0
7070,8.0,0,1.0
7073,102.5,45.96194077712559,2.0
7074,17.0,0,1.0
7075,8.0,0,1.0
7076,89.0,0,1.0
7077,66.5,88.38834764831844,2.0
7078,5.0,0,1.0
7079,38.0,0,1.0
7080,12.0,0,1.0
7081,3.0,0.0,2.0
7082,21.0,0,1.0
7084,20.0,26.870057685088806,2.0
7085,1.5,0.7071067811865476,2.0
7086,16.5,13.435028842544403,2.0
7087,8.0,0,1.0
7088,55.0,0,1.0
7089,18.5,12.020815280171307,2.0
7090,64.0,80.61017305526642,2.0
7091,45.5,45.96194077712559,2.0
7092,14.0,12.727922061357855,2.0
7093,83.0,0,1.0
7094,5.0,0,1.0
7096,37.0,0,1.0
7098,13.5,9.192388155425117,2.0
7099,3.0,0.0,2.0
7100,63.0,62.22539674441618,2.0
7101,29.0,0,1.0
7102,55.0,0,1.0
7103,34.0,0,1.0
7104,1.0,0,1.0
7105,71.0,0,1.0
7108,40.0,36.76955262170047,2.0
7109,29.0,8.48528137423857,2.0
7110,33.0,0,1.0
7111,26.5,20.506096654409877,2.0
7112,72.0,0,1.0
7113,35.0,0,1.0
7114,2.0,0,1.0
7115,37.0,0,1.0
7117,136.0,0,1.0
7118,35.5,12.020815280171307,2.0
7119,31.0,41.012193308819754,2.0
7120,28.0,0,1.0
7121,53.5,19.091883092036785,2.0
7122,4.0,0,1.0
7123,74.5,47.37615433949868,2.0
7124,9.0,0,1.0
7125,84.0,0,1.0
7126,80.0,0,1.0
7127,127.0,0,1.0
7128,40.5,34.64823227814083,2.0
7129,32.0,0,1.0
7130,37.5,50.204581464244875,2.0
7131,98.0,0,1.0
7132,10.0,8.48528137423857,2.0
7133,40.0,7.0710678118654755,2.0
7134,65.0,29.698484809834994,2.0
7135,51.5,4.949747468305833,2.0
7136,52.0,29.698484809834994,2.0
7138,10.0,0,1.0
7139,32.0,0,1.0
7140,1.0,0,1.0
7141,44.0,24.041630560342615,2.0
7142,9.0,0,1.0
7143,53.0,0,1.0
7144,88.5,33.23401871576773,2.0
7145,78.0,0,1.0
7146,14.5,16.263455967290593,2.0
7148,106.0,0,1.0
7149,22.0,0,1.0
7154,1.0,0,1.0
7156,85.0,0,1.0
7157,2.0,0,1.0
7160,109.0,0,1.0
7161,107.0,0,1.0
7162,4.0,0,1.0
7163,70.0,4.242640687119285,2.0
7164,2.0,0,1.0
7165,73.0,0,1.0
7166,17.5,10.606601717798213,2.0
7169,7.0,0,1.0
7170,13.5,2.1213203435596424,2.0
7171,45.0,8.48528137423857,2.0
7172,116.0,0,1.0
7173,18.0,24.041630560342615,2.0
7175,104.0,0,1.0
7176,25.0,0,1.0
7177,84.0,25.45584412271571,2.0
7178,3.0,0,1.0
7179,42.0,0,1.0
7180,76.0,0,1.0
7181,30.0,0,1.0
7182,62.0,0,1.0
7183,75.0,5.656854249492381,2.0
7184,35.5,12.020815280171307,2.0
7185,23.5,28.991378028648448,2.0
7187,29.0,0.0,2.0
7188,7.5,7.7781745930520225,2.0
7189,45.0,0,1.0
7190,21.0,19.79898987322333,2.0
7192,13.0,0,1.0
7193,61.0,0,1.0
7197,58.5,58.68986283848344,2.0
7200,6.0,0,1.0
7203,3.5,2.1213203435596424,2.0
7204,11.0,0,1.0
7205,79.0,0,1.0
7208,16.0,0,1.0
7209,1.0,0,1.0
7211,3.0,2.8284271247461903,2.0
7212,1.0,0,1.0
7213,44.5,60.10407640085654,2.0
7214,91.0,0,1.0
7215,8.0,1.4142135623730951,2.0
7216,94.0,0,1.0
7217,105.0,0,1.0
7218,70.5,12.020815280171307,2.0
7219,21.0,0,1.0
7220,123.0,0,1.0
7223,34.0,0,1.0
7224,78.0,0,1.0
7226,5.0,0,1.0
7227,2.5,0.7071067811865476,2.0
7229,41.5,2.1213203435596424,2.0
7230,136.0,0,1.0
7231,13.0,0,1.0
7232,10.0,0,1.0
7234,19.5,7.7781745930520225,2.0
7236,89.0,0,1.0
7238,14.5,14.849242404917497,2.0
7239,10.5,0.7071067811865476,2.0
7241,63.0,0,1.0
7243,44.0,0,1.0
7246,13.5,17.67766952966369,2.0
7247,4.0,0,1.0
7248,27.0,0,1.0
7249,30.0,0,1.0
7250,7.0,0,1.0
7251,9.0,11.313708498984761,2.0
7253,75.0,0,1.0
7254,3.0,0,1.0
7257,8.0,0,1.0
7259,58.0,0,1.0
7260,4.0,0,1.0
7263,39.0,42.42640687119285,2.0
7264,95.0,0,1.0
7265,44.5,47.37615433949868,2.0
7266,26.0,0,1.0
7267,29.0,35.35533905932738,2.0
7268,111.0,0,1.0
7271,127.0,0,1.0
7272,13.0,0,1.0
7273,1.0,0,1.0
7274,81.0,29.698484809834994,2.0
7275,27.0,9.899494936611665,2.0
7276,11.5,7.7781745930520225,2.0
7277,62.0,0,1.0
7278,36.0,5.656854249492381,2.0
7279,2.0,0,1.0
7280,55.5,77.07463914933368,2.0
7281,25.5,3.5355339059327378,2.0
7282,10.0,0,1.0
7283,11.0,0,1.0
7284,43.0,49.49747468305833,2.0
7285,8.0,0,1.0
7286,2.0,1.4142135623730951,2.0
7287,76.0,0,1.0
7288,75.0,0,1.0
7289,102.0,0,1.0
7290,23.0,0,1.0
7291,17.0,0,1.0
7293,2.0,0,1.0
7294,55.5,75.66042558696059,2.0
7295,22.0,8.48528137423857,2.0
7298,29.0,0,1.0
7299,4.0,0,1.0
7300,47.0,53.74011537017761,2.0
7301,25.0,25.45584412271571,2.0
7302,31.5,19.091883092036785,2.0
7305,12.0,8.48528137423857,2.0
7306,8.0,0,1.0
7308,89.0,0,1.0
7309,33.5,45.96194077712559,2.0
7310,2.0,0,1.0
7311,122.0,0,1.0
7312,61.0,0,1.0
7313,19.5,2.1213203435596424,2.0
7316,20.5,2.1213203435596424,2.0
7317,47.0,0,1.0
7319,4.0,0,1.0
7320,88.0,15.556349186104045,2.0
7321,3.0,0,1.0
7323,12.0,0,1.0
7324,4.0,0,1.0
7325,96.0,8.48528137423857,2.0
7326,20.5,26.16295090390226,2.0
7327,10.0,7.0710678118654755,2.0
7328,56.0,8.48528137423857,2.0
7329,17.5,19.091883092036785,2.0
7330,40.5,2.1213203435596424,2.0
7331,29.0,2.8284271247461903,2.0
7333,15.0,0,1.0
7334,40.0,42.42640687119285,2.0
7335,21.0,0,1.0
7336,11.0,11.313708498984761,2.0
7338,29.0,35.35533905932738,2.0
7339,66.5,23.33452377915607,2.0
7340,117.0,0,1.0
7341,101.0,0,1.0
7342,2.0,0,1.0
7344,10.0,12.727922061357855,2.0
7345,18.0,0,1.0
7346,51.0,0,1.0
7347,65.0,0,1.0
7348,31.0,0,1.0
7349,4.0,0,1.0
7350,15.5,6.363961030678928,2.0
7351,25.5,16.263455967290593,2.0
7352,55.0,0,1.0
7353,34.0,26.870057685088806,2.0
7354,39.0,0,1.0
7356,10.0,0,1.0
7357,132.0,0,1.0
7358,87.0,0,1.0
7359,13.0,0,1.0
7360,54.0,41.012193308819754,2.0
7362,53.0,0,1.0
7363,26.0,19.79898987322333,2.0
7364,62.0,69.29646455628166,2.0
7365,21.5,16.263455967290593,2.0
7366,12.0,12.727922061357855,2.0
7367,24.0,26.870057685088806,2.0
7368,62.0,16.97056274847714,2.0
7369,35.0,0,1.0
7373,36.0,38.18376618407357,2.0
7375,108.0,0,1.0
7377,14.0,0,1.0
7378,6.0,0,1.0
7380,5.0,2.8284271247461903,2.0
7385,4.0,0,1.0
7386,3.0,0,1.0
7387,58.5,79.90306627407988,2.0
7388,59.0,0,1.0
7389,3.0,0,1.0
7392,61.0,0,1.0
7395,8.0,7.0710678118654755,2.0
7396,45.0,0,1.0
7397,25.0,0,1.0
7398,68.0,0,1.0
7399,3.0,0,1.0
7400,26.0,0,1.0
7401,18.0,0,1.0
7402,52.0,45.254833995939045,2.0
7403,8.0,0,1.0
7404,16.5,20.506096654409877,2.0
7405,28.0,0,1.0
7407,12.5,12.020815280171307,2.0
7408,60.0,0,1.0
7410,8.0,5.656854249492381,2.0
7411,5.0,0,1.0
7412,44.5,51.61879502661797,2.0
7413,32.5,38.890872965260115,2.0
7414,2.0,0,1.0
7415,7.0,0,1.0
7417,66.5,85.55992052357225,2.0
7418,17.5,3.5355339059327378,2.0
7419,50.0,66.46803743153546,2.0
7420,21.0,0,1.0
7421,72.5,36.062445840513924,2.0
7422,7.5,4.949747468305833,2.0
7423,5.0,0,1.0
7424,27.0,9.899494936611665,2.0
7425,56.5,33.23401871576773,2.0
7426,100.0,0,1.0
7428,22.5,19.091883092036785,2.0
7429,111.0,0,1.0
7430,55.0,0,1.0
7431,76.0,0,1.0
7432,38.5,2.1213203435596424,2.0
7433,69.0,0,1.0
7434,33.0,0,1.0
7435,30.0,0,1.0
7436,68.5,64.34671708797582,2.0
7439,1.0,0,1.0
7440,2.0,0,1.0
7441,77.0,0,1.0
7442,65.5,88.38834764831844,2.0
7443,21.0,0,1.0
7444,11.5,13.435028842544403,2.0
7445,35.0,15.556349186104045,2.0
7446,2.0,0,1.0
7447,12.0,0,1.0
7448,4.0,0,1.0
7449,28.0,11.313708498984761,2.0
7450,50.0,0,1.0
7451,55.0,0,1.0
7453,64.5,78.48885271170677,2.0
7454,37.0,0,1.0
7458,56.0,0,1.0
7459,128.0,0,1.0
7460,66.0,63.63961030678928,2.0
7461,42.5,50.204581464244875,2.0
7462,3.0,0,1.0
7464,4.0,0,1.0
7465,6.0,0,1.0
7467,105.0,0,1.0
7468,95.0,0,1.0
7470,67.0,0,1.0
7471,6.0,0,1.0
7472,68.0,0,1.0
7475,3.0,0,1.0
7476,112.0,0,1.0
7478,51.0,0,1.0
7479,6.0,0,1.0
7480,10.0,0,1.0
7481,9.5,3.5355339059327378,2.0
7482,65.5,57.27564927611035,2.0
7483,9.0,0,1.0
7484,8.5,4.949747468305833,2.0
7486,125.5,4.949747468305833,2.0
7487,135.0,0,1.0
7489,43.0,0,1.0
7491,1.0,0,1.0
7492,112.0,0,1.0
7495,30.0,0,1.0
7496,48.0,14.142135623730951,2.0
7497,28.0,0,1.0
7499,106.0,0,1.0
7500,47.0,65.05382386916237,2.0
7501,2.0,0,1.0
7502,20.5,14.849242404917497,2.0
7503,29.0,0,1.0
7504,66.0,57.982756057296896,2.0
7505,18.0,0,1.0
7506,72.0,0,1.0
7507,81.0,0,1.0
7508,37.0,4.242640687119285,2.0
7509,14.0,0,1.0
7510,64.0,19.79898987322333,2.0
7512,69.0,94.75230867899737,2.0
7513,33.0,0,1.0
7514,2.0,0,1.0
7515,31.0,26.870057685088806,2.0
7516,25.0,22.627416997969522,2.0
7517,27.0,33.94112549695428,2.0
7518,137.0,0,1.0
7519,99.5,23.33452377915607,2.0
7520,65.0,0,1.0
7521,13.0,0,1.0
7522,55.0,60.81118318204309,2.0
7523,4.5,2.1213203435596424,2.0
7524,6.0,0,1.0
7525,7.5,9.192388155425117,2.0
7527,41.0,45.254833995939045,2.0
7531,47.0,0,1.0
7532,20.0,0,1.0
7533,129.0,0,1.0
7534,18.0,0,1.0
7536,70.5,81.31727983645297,2.0
7537,86.0,0,1.0
7538,2.0,0,1.0
7539,11.0,2.8284271247461903,2.0
7540,3.0,0,1.0
7541,47.5,41.71930009000631,2.0
7543,10.0,0,1.0
7544,13.0,0.0,2.0
7546,110.0,0,1.0
7547,7.0,0,1.0
7549,41.5,40.30508652763321,2.0
7550,14.0,0,1.0
7551,15.0,0,1.0
7552,54.0,0,1.0
7554,94.0,0,1.0
7556,51.0,67.88225099390856,2.0
7557,56.5,61.518289963229634,2.0
7558,53.0,0,1.0
7559,7.0,7.0710678118654755,2.0
7560,22.0,0,1.0
7561,83.0,0,1.0
7562,4.0,0,1.0
7563,31.5,41.71930009000631,2.0
7564,28.5,30.405591591021544,2.0
7565,48.5,23.33452377915607,2.0
7566,88.0,0,1.0
7568,12.0,0,1.0
7569,48.0,63.63961030678928,2.0
7570,62.0,0,1.0
7571,37.0,0,1.0
7572,5.0,0,1.0
7573,41.5,13.435028842544403,2.0
7574,17.0,0,1.0
7575,42.0,53.74011537017761,2.0
7576,9.0,0,1.0
7578,98.0,0,1.0
7579,83.0,0,1.0
7580,22.0,4.242640687119285,2.0
7581,25.5,27.577164466275352,2.0
7582,6.0,0,1.0
7584,22.0,0,1.0
7585,20.0,0,1.0
7586,106.0,0,1.0
7587,23.0,0,1.0
7589,20.0,0,1.0
7591,15.5,16.263455967290593,2.0
7592,88.0,0,1.0
7594,34.0,19.79898987322333,2.0
7595,98.0,0,1.0
7597,15.0,0,1.0
7598,9.0,0,1.0
7600,37.0,0,1.0
7601,40.0,0,1.0
7602,61.0,0,1.0
7603,92.0,0,1.0
7604,14.0,0,1.0
7605,80.0,0,1.0
7608,115.0,0,1.0
7609,12.0,0.0,2.0
7610,35.5,33.23401871576773,2.0
7611,43.0,0,1.0
7612,70.0,48.08326112068523,2.0
7614,3.0,1.4142135623730951,2.0
7615,41.0,0,1.0
7616,88.0,0,1.0
7617,5.0,0,1.0
7618,13.0,12.727922061357855,2.0
7619,41.0,0,1.0
7620,61.0,0,1.0
7621,48.0,63.63961030678928,2.0
7622,125.0,0,1.0
7623,1.0,0,1.0
7624,133.0,0,1.0
7625,17.0,0,1.0
7626,6.0,0,1.0
7627,42.0,28.284271247461902,2.0
7629,29.0,0,1.0
7631,30.5,41.71930009000631,2.0
7632,48.5,65.76093065034893,2.0
7637,14.0,0,1.0
7638,94.0,0,1.0
7639,15.0,0,1.0
7640,41.0,0,1.0
7641,72.0,93.33809511662427,2.0
7642,13.0,9.899494936611665,2.0
7644,28.5,12.020815280171307,2.0
7645,2.0,0,1.0
7648,82.0,0,1.0
7649,72.0,0,1.0
7650,29.0,0,1.0
7651,75.0,0,1.0
7652,28.0,25.45584412271571,2.0
7654,86.0,0,1.0
7656,3.0,0,1.0
7657,4.0,0,1.0
7658,17.5,19.091883092036785,2.0
7659,1.0,0.0,2.0
7660,42.0,0,1.0
7662,41.5,41.71930009000631,2.0
7663,29.0,14.142135623730951,2.0
7665,57.0,62.22539674441618,2.0
7667,2.0,0,1.0
7668,133.0,0,1.0
7669,2.0,0,1.0
7670,2.5,2.1213203435596424,2.0
7671,24.0,26.870057685088806,2.0
7672,37.0,0,1.0
7673,91.0,33.94112549695428,2.0
7674,21.0,0,1.0
7675,28.0,0,1.0
7677,9.0,7.0710678118654755,2.0
7679,4.0,0,1.0
7680,13.0,0,1.0
7681,2.0,0,1.0
7683,2.0,0,1.0
7684,54.5,75.66042558696059,2.0
7685,101.0,0,1.0
7687,6.0,0,1.0
7689,117.0,0,1.0
7690,4.0,2.8284271247461903,2.0
7691,31.0,38.18376618407357,2.0
7692,61.0,0,1.0
7693,8.0,0,1.0
7694,28.0,16.97056274847714,2.0
7696,4.0,4.242640687119285,2.0
7697,20.0,19.79898987322333,2.0
7699,5.0,0,1.0
7700,2.0,0,1.0
7701,7.0,0,1.0
7702,14.0,0,1.0
7703,108.0,0,1.0
7704,44.0,57.982756057296896,2.0
7708,38.0,0,1.0
7709,51.0,0,1.0
7710,40.0,0,1.0
7712,89.0,0,1.0
7714,61.0,0,1.0
7715,109.0,0,1.0
7717,102.0,0,1.0
7718,76.0,0,1.0
7720,2.0,0,1.0
7721,135.0,0,1.0
7722,134.0,0,1.0
7723,97.5,47.37615433949868,2.0
7725,69.5,85.55992052357225,2.0
7726,100.0,0,1.0
7727,24.0,0,1.0
7728,6.0,0,1.0
7729,38.5,17.67766952966369,2.0
7731,18.0,0,1.0
7733,26.0,0,1.0
7734,29.0,0,1.0
7735,46.0,0,1.0
7736,70.5,94.04520189781083,2.0
7737,7.5,7.7781745930520225,2.0
7738,26.0,35.35533905932738,2.0
7739,92.0,39.59797974644666,2.0
7741,8.0,0,1.0
7742,52.0,57.982756057296896,2.0
7743,14.0,0,1.0
7744,28.0,0,1.0
7745,1.0,0,1.0
7747,56.0,0,1.0
7748,1.0,0,1.0
7749,59.0,0,1.0
7751,40.0,0,1.0
7752,47.0,65.05382386916237,2.0
7753,49.0,48.08326112068523,2.0
7754,1.0,0,1.0
7755,70.5,45.96194077712559,2.0
7757,21.0,0,1.0
7759,3.0,0,1.0
7761,69.5,96.87362902255701,2.0
7762,57.0,0,1.0
7763,66.0,63.63961030678928,2.0
7766,60.0,0,1.0
7767,6.0,0,1.0
7768,6.0,0,1.0
7769,36.5,40.30508652763321,2.0
7770,10.0,0,1.0
7771,71.0,0,1.0
7772,7.0,0,1.0
7773,8.0,0,1.0
7774,56.0,0,1.0
7775,32.5,38.890872965260115,2.0
7776,3.0,0,1.0
7777,62.0,0,1.0
7779,43.0,0,1.0
7780,21.0,0,1.0
7781,7.0,0,1.0
7782,26.5,21.920310216782973,2.0
7784,55.0,0,1.0
7785,3.0,0,1.0
7786,29.0,0,1.0
7787,11.0,0,1.0
7788,34.0,0,1.0
7789,40.0,0,1.0
7790,42.0,35.35533905932738,2.0
7791,48.5,7.7781745930520225,2.0
7792,33.5,20.506096654409877,2.0
7793,7.0,0,1.0
7794,104.0,0,1.0
7795,53.0,0,1.0
7796,60.0,0,1.0
7797,30.5,27.577164466275352,2.0
7799,44.0,0,1.0
7800,26.0,31.11269837220809,2.0
7801,1.0,0,1.0
7802,17.0,1.4142135623730951,2.0
7803,1.0,0,1.0
7804,31.0,0,1.0
7805,2.0,0,1.0
7806,13.5,12.020815280171307,2.0
7807,6.0,7.0710678118654755,2.0
7808,27.5,12.020815280171307,2.0
7809,85.0,0,1.0
7810,66.5,21.920310216782973,2.0
7812,5.0,0,1.0
7813,26.0,0,1.0
7815,15.0,7.0710678118654755,2.0
7816,11.5,6.363961030678928,2.0
7817,26.0,0,1.0
7818,19.5,20.506096654409877,2.0
7819,10.0,0,1.0
7820,2.0,0,1.0
7821,5.0,0,1.0
7823,61.5,34.64823227814083,2.0
7825,2.0,0,1.0
7826,50.0,0,1.0
7827,9.5,12.020815280171307,2.0
7828,1.0,0,1.0
7829,22.5,30.405591591021544,2.0
7830,4.0,0,1.0
7831,24.0,0,1.0
7832,49.0,0,1.0
7833,1.0,0,1.0
7834,5.5,6.363961030678928,2.0
7835,20.0,8.48528137423857,2.0
7836,45.5,24.748737341529164,2.0
7838,7.0,1.4142135623730951,2.0
7841,14.0,0,1.0
7843,9.0,0,1.0
7844,16.5,9.192388155425117,2.0
7846,35.0,45.254833995939045,2.0
7848,2.0,0,1.0
7849,34.0,0,1.0
7850,20.0,26.870057685088806,2.0
7851,10.5,2.1213203435596424,2.0
7852,13.5,17.67766952966369,2.0
7853,59.0,0,1.0
7854,1.0,0,1.0
7855,6.0,0,1.0
7856,1.0,0,1.0
7857,63.0,38.18376618407357,2.0
7858,88.0,16.97056274847714,2.0
7859,3.0,0,1.0
7860,38.5,6.363961030678928,2.0
7861,33.0,39.59797974644666,2.0
7862,68.5,86.97413408594535,2.0
7864,41.5,51.61879502661797,2.0
7865,7.0,8.48528137423857,2.0
7866,23.5,13.435028842544403,2.0
7868,38.0,0,1.0
7869,1.0,0,1.0
7870,30.0,35.35533905932738,2.0
7872,33.0,0,1.0
7873,51.0,0,1.0
7874,51.0,38.18376618407357,2.0
7875,56.0,0,1.0
7876,39.0,0,1.0
7877,38.0,0,1.0
7879,5.0,0,1.0
7880,94.0,0,1.0
7881,14.0,0,1.0
7882,20.5,3.5355339059327378,2.0
7883,4.5,0.7071067811865476,2.0
7884,17.0,0,1.0
7885,87.0,0,1.0
7886,12.0,15.556349186104045,2.0
7887,3.0,0,1.0
7888,38.0,0,1.0
7890,58.5,81.31727983645297,2.0
7891,2.0,0.0,2.0
7892,31.0,0,1.0
7893,93.0,0,1.0
7894,29.0,0,1.0
7895,29.0,0,1.0
7896,38.5,51.61879502661797,2.0
7897,1.0,0,1.0
7898,6.5,4.949747468305833,2.0
7899,30.0,0,1.0
7901,38.0,46.66904755831214,2.0
7903,8.0,0,1.0
7904,41.0,55.154328932550705,2.0
7905,19.5,26.16295090390226,2.0
7907,8.0,7.0710678118654755,2.0
7908,7.0,0,1.0
7909,67.0,0,1.0
7910,3.0,0,1.0
7911,7.0,0,1.0
7912,81.0,0,1.0
7914,123.0,0,1.0
7916,43.0,0,1.0
7917,22.0,0,1.0
7918,56.0,2.8284271247461903,2.0
7919,2.0,0,1.0
7920,52.0,0,1.0
7922,36.0,0,1.0
7923,118.0,0,1.0
7924,40.0,0,1.0
7926,2.0,0,1.0
7927,93.0,0,1.0
7930,10.5,7.7781745930520225,2.0
7931,35.0,0,1.0
7932,1.0,0,1.0
7933,1.0,0,1.0
7934,4.0,0,1.0
7935,10.5,2.1213203435596424,2.0
7936,2.0,0,1.0
7937,3.0,0,1.0
7939,14.0,0,1.0
7941,14.5,14.849242404917497,2.0
7943,5.0,0,1.0
7944,25.0,1.4142135623730951,2.0
7945,23.0,0,1.0
7946,18.0,24.041630560342615,2.0
7947,14.0,0,1.0
7949,41.5,53.033008588991066,2.0
7950,26.0,0,1.0
7951,33.0,0,1.0
7952,123.0,0,1.0
7953,82.0,0,1.0
7954,2.0,0,1.0
7955,3.0,0,1.0
7956,1.0,0,1.0
7958,56.0,0,1.0
7959,72.0,0,1.0
7960,93.0,0,1.0
7961,1.5,0.7071067811865476,2.0
7962,1.0,0,1.0
7963,1.0,0,1.0
7965,2.0,0,1.0
7968,52.5,61.518289963229634,2.0
7969,26.0,0,1.0
7971,6.0,0,1.0
7973,50.0,0,1.0
7974,18.5,0.7071067811865476,2.0
7975,16.0,0,1.0
7976,23.0,0,1.0
7977,89.0,43.840620433565945,2.0
7978,52.0,0,1.0
7979,5.0,0,1.0
7980,68.5,86.97413408594535,2.0
7981,5.0,2.8284271247461903,2.0
7982,92.0,0,1.0
7983,10.0,0,1.0
7984,70.0,0,1.0
7985,31.0,0,1.0
7987,137.0,0,1.0
7988,28.0,0,1.0
7989,84.0,0,1.0
7990,42.0,0,1.0
7991,94.0,0,1.0
7995,124.0,0,1.0
7996,22.0,0,1.0
7997,77.0,0,1.0
7998,5.0,0,1.0
7999,1.0,0,1.0
8000,13.0,0,1.0
8001,26.0,0,1.0
8002,40.0,49.49747468305833,2.0
8003,51.5,47.37615433949868,2.0
8004,31.0,39.59797974644666,2.0
8005,65.5,85.55992052357225,2.0
8006,69.5,92.63098833543772,2.0
8008,4.0,0,1.0
8009,38.5,10.606601717798213,2.0
8010,14.0,0,1.0
8011,37.5,4.949747468305833,2.0
8012,39.0,50.91168824543142,2.0
8013,2.0,0.0,2.0
8014,18.5,19.091883092036785,2.0
8016,12.0,0,1.0
8017,31.5,28.991378028648448,2.0
8018,4.0,0,1.0
8019,45.0,56.568542494923804,2.0
8020,59.0,16.97056274847714,2.0
8022,55.5,19.091883092036785,2.0
8023,32.5,31.81980515339464,2.0
8024,7.0,0,1.0
8025,18.5,16.263455967290593,2.0
8026,50.0,63.63961030678928,2.0
8027,26.5,36.062445840513924,2.0
8028,4.5,3.5355339059327378,2.0
8029,27.0,0,1.0
8030,49.5,65.76093065034893,2.0
8031,3.0,0,1.0
8032,44.0,0,1.0
8033,11.0,0,1.0
8034,38.0,0,1.0
8035,4.0,0,1.0
8036,16.5,2.1213203435596424,2.0
8037,6.0,1.4142135623730951,2.0
8038,46.0,0,1.0
8041,47.0,0,1.0
8042,17.0,0,1.0
8043,6.0,0,1.0
8044,50.5,58.68986283848344,2.0
8045,2.5,2.1213203435596424,2.0
8046,126.0,0,1.0
8047,43.0,11.313708498984761,2.0
8048,12.5,12.020815280171307,2.0
8050,64.0,0,1.0
8051,64.0,82.02438661763951,2.0
8053,11.0,8.48528137423857,2.0
8054,28.5,23.33452377915607,2.0
8055,40.0,55.154328932550705,2.0
8058,22.0,26.870057685088806,2.0
8059,40.0,55.154328932550705,2.0
8060,7.0,1.4142135623730951,2.0
8061,2.0,0,1.0
8062,1.0,0,1.0
8063,6.0,0.0,2.0
8064,1.0,0,1.0
8065,51.5,62.932503525602726,2.0
8066,11.0,7.0710678118654755,2.0
8067,1.0,0,1.0
8068,24.5,14.849242404917497,2.0
8069,20.0,7.0710678118654755,2.0
8070,29.0,36.76955262170047,2.0
8071,93.5,51.61879502661797,2.0
8073,1.0,0,1.0
8074,113.0,0,1.0
8075,2.0,0,1.0
8076,15.0,2.8284271247461903,2.0
8077,9.5,12.020815280171307,2.0
8078,23.0,25.45584412271571,2.0
8079,41.5,51.61879502661797,2.0
8080,18.5,21.920310216782973,2.0
8081,3.5,0.7071067811865476,2.0
8082,32.0,39.59797974644666,2.0
8083,3.0,0,1.0
8084,6.0,0,1.0
8085,67.0,90.50966799187809,2.0
8086,12.5,16.263455967290593,2.0
8087,7.0,0,1.0
8088,7.0,0,1.0
8089,5.5,6.363961030678928,2.0
8090,57.0,0,1.0
8091,5.5,3.5355339059327378,2.0
8092,2.5,2.1213203435596424,2.0
8093,10.0,0,1.0
8094,27.0,25.45584412271571,2.0
8096,4.0,1.4142135623730951,2.0
8097,5.0,0,1.0
8098,21.0,15.556349186104045,2.0
8099,3.0,1.4142135623730951,2.0
8100,8.5,6.363961030678928,2.0
8101,1.0,0,1.0
8104,49.5,21.920310216782973,2.0
8105,48.5,67.17514421272202,2.0
8106,24.0,0,1.0
8109,16.0,0,1.0
8111,40.0,55.154328932550705,2.0
8112,135.0,0,1.0
8113,64.0,0,1.0
8115,7.0,0,1.0
8116,54.0,0,1.0
8117,100.0,0,1.0
8119,103.0,0,1.0
8120,131.0,0,1.0
8121,3.0,0,1.0
8122,137.0,0,1.0
8123,34.0,0,1.0
8124,8.0,0,1.0
8125,29.0,0,1.0
8126,2.0,0,1.0
8127,4.0,0,1.0
8128,43.0,56.568542494923804,2.0
8130,37.0,0,1.0
8133,111.0,0,1.0
8134,22.5,19.091883092036785,2.0
8135,9.0,0,1.0
8136,39.0,53.74011537017761,2.0
8137,65.0,0,1.0
8139,15.0,1.4142135623730951,2.0
8140,70.0,0,1.0
8141,35.5,44.54772721475249,2.0
8143,10.0,0,1.0
8144,75.0,0,1.0
8145,42.5,51.61879502661797,2.0
8148,6.0,0,1.0
8149,5.0,0,1.0
8150,20.0,24.041630560342615,2.0
8151,54.0,19.79898987322333,2.0
8154,56.5,75.66042558696059,2.0
8155,77.0,0,1.0
8156,7.5,7.7781745930520225,2.0
8158,30.0,0,1.0
8159,96.5,58.68986283848344,2.0
8160,24.0,0,1.0
8161,24.5,19.091883092036785,2.0
8162,18.5,19.091883092036785,2.0
8163,8.0,0,1.0
8164,61.0,74.95331880577403,2.0
8165,11.0,0,1.0
8166,14.0,0,1.0
8167,10.0,7.0710678118654755,2.0
8168,6.0,0,1.0
8169,6.0,0,1.0
8170,10.0,0,1.0
8171,4.0,0,1.0
8172,42.0,0,1.0
8173,126.0,0,1.0
8174,47.0,25.45584412271571,2.0
8175,9.0,0,1.0
8176,2.0,0,1.0
8177,2.0,0,1.0
8178,20.0,0,1.0
8179,16.0,0,1.0
8181,10.0,0,1.0
8183,3.0,0,1.0
8186,88.0,0,1.0
8190,6.0,0,1.0
8191,20.0,0,1.0
8192,10.0,0,1.0
8194,28.0,0,1.0
8195,20.0,0,1.0
8196,7.0,0,1.0
8198,40.0,53.74011537017761,2.0
8199,130.0,0,1.0
8201,41.0,0,1.0
8202,10.0,0,1.0
8203,9.0,0,1.0
8205,94.0,0,1.0
8206,1.0,0,1.0
8207,1.0,0,1.0
8208,6.0,0,1.0
8209,49.5,58.68986283848344,2.0
8211,81.0,0,1.0
8213,7.5,9.192388155425117,2.0
8214,17.0,0,1.0
8215,30.0,0,1.0
8216,15.5,20.506096654409877,2.0
8217,31.0,0,1.0
8219,1.0,0,1.0
8220,4.0,0,1.0
8221,14.5,16.263455967290593,2.0
8222,4.5,3.5355339059327378,2.0
8223,8.0,0,1.0
8225,1.0,0,1.0
8226,8.0,4.242640687119285,2.0
8227,3.0,2.8284271247461903,2.0
8228,6.0,2.8284271247461903,2.0
8229,11.0,0,1.0
8230,1.0,0,1.0
8231,9.0,0,1.0
8232,24.0,0,1.0
8234,3.0,0,1.0
8235,49.0,67.88225099390856,2.0
8236,10.5,0.7071067811865476,2.0
8237,11.0,0,1.0
8238,17.0,22.627416997969522,2.0
8239,40.0,45.254833995939045,2.0
8240,24.0,0,1.0
8242,38.5,31.81980515339464,2.0
8243,2.0,0,1.0
8244,17.5,23.33452377915607,2.0
8245,24.0,0,1.0
8246,39.0,49.49747468305833,2.0
8247,4.0,0,1.0
8248,32.5,43.1335136523794,2.0
8249,57.0,22.627416997969522,2.0
8250,39.0,48.08326112068523,2.0
8251,12.0,0,1.0
8252,76.0,84.8528137423857,2.0
8253,14.0,5.656854249492381,2.0
8255,67.5,7.7781745930520225,2.0
8256,17.5,13.435028842544403,2.0
8257,5.0,0,1.0
8258,56.0,74.95331880577403,2.0
8259,21.5,28.991378028648448,2.0
8260,38.0,0,1.0
8261,29.0,2.8284271247461903,2.0
8262,38.0,0,1.0
8263,43.0,0,1.0
8264,19.0,0,1.0
8265,3.0,0,1.0
8266,47.0,0,1.0
8267,31.0,0,1.0
8268,1.0,0,1.0
8269,113.0,0,1.0
8270,131.0,0,1.0
8271,23.5,20.506096654409877,2.0
8272,29.0,9.899494936611665,2.0
8273,2.0,0,1.0
8274,16.5,7.7781745930520225,2.0
8275,14.5,17.67766952966369,2.0
8276,1.0,0,1.0
8277,61.0,80.61017305526642,2.0
8278,21.0,0,1.0
8279,4.0,0,1.0
8280,106.0,0,1.0
8281,91.0,0,1.0
8282,1.0,0,1.0
8283,22.0,0,1.0
8284,56.5,77.07463914933368,2.0
8285,33.0,11.313708498984761,2.0
8286,2.0,0,1.0
8287,13.5,16.263455967290593,2.0
8289,3.5,2.1213203435596424,2.0
8291,4.0,0,1.0
8292,69.0,0,1.0
8293,14.0,0,1.0
8294,5.0,0,1.0
8295,60.0,82.02438661763951,2.0
8296,22.0,29.698484809834994,2.0
8297,53.0,0,1.0
8298,1.0,0,1.0
8299,6.0,0,1.0
8300,108.0,0,1.0
8301,35.0,0,1.0
8303,31.0,0,1.0
8304,9.0,0,1.0
8305,26.0,0,1.0
8306,30.0,22.627416997969522,2.0
8307,2.0,0,1.0
8308,7.0,0,1.0
8309,59.0,77.78174593052023,2.0
8310,3.0,2.8284271247461903,2.0
8311,32.0,43.840620433565945,2.0
8312,15.0,0,1.0
8313,49.0,0,1.0
8314,2.0,0,1.0
8316,4.0,0,1.0
8317,17.0,0,1.0
8318,3.0,0,1.0
8320,7.5,6.363961030678928,2.0
8321,1.0,0,1.0
8323,52.0,63.63961030678928,2.0
8324,3.5,2.1213203435596424,2.0
8325,4.5,0.7071067811865476,2.0
8326,14.0,15.556349186104045,2.0
8327,4.0,0,1.0
8329,34.5,27.577164466275352,2.0
8330,1.0,0,1.0
8331,4.0,2.8284271247461903,2.0
8332,34.0,0,1.0
8333,17.0,0,1.0
8334,7.0,5.656854249492381,2.0
8335,52.0,59.39696961966999,2.0
8336,15.0,0,1.0
8337,39.0,0,1.0
8338,1.0,0,1.0
8343,12.5,16.263455967290593,2.0
8344,18.0,0,1.0
8345,8.0,0,1.0
8346,24.0,22.627416997969522,2.0
8347,13.5,4.949747468305833,2.0
8348,28.0,0,1.0
8349,40.0,0,1.0
8350,18.5,21.920310216782973,2.0
8351,93.0,0,1.0
8352,13.0,0,1.0
8353,42.0,0,1.0
8354,55.5,65.76093065034893,2.0
8355,16.0,12.727922061357855,2.0
8356,99.0,0,1.0
8357,50.0,0,1.0
8358,14.0,0,1.0
8359,101.5,21.920310216782973,2.0
8360,28.0,0,1.0
8361,52.5,38.890872965260115,2.0
8362,28.0,0,1.0
8363,45.5,57.27564927611035,2.0
8364,7.0,0,1.0
8366,8.0,0,1.0
8367,42.0,28.284271247461902,2.0
8368,11.0,12.727922061357855,2.0
8369,59.5,55.86143571373726,2.0
8370,65.0,89.09545442950498,2.0
8371,58.0,55.154328932550705,2.0
8372,96.0,0,1.0
8373,66.0,63.63961030678928,2.0
8374,33.0,0,1.0
8375,45.0,45.254833995939045,2.0
8376,24.0,0,1.0
8377,66.0,0,1.0
8379,109.0,0,1.0
8381,55.0,45.254833995939045,2.0
8384,23.0,0,1.0
8385,29.5,28.991378028648448,2.0
8391,15.0,0,1.0
8393,16.0,0,1.0
8394,43.0,0,1.0
8395,41.0,0,1.0
8396,37.0,0,1.0
8397,4.0,0,1.0
8398,48.0,0,1.0
8399,36.0,0,1.0
8400,18.0,15.556349186104045,2.0
8401,35.0,0,1.0
8402,18.0,0,1.0
8403,10.5,13.435028842544403,2.0
8404,25.0,0,1.0
8405,6.5,3.5355339059327378,2.0
8406,17.5,16.263455967290593,2.0
8408,42.5,54.44722215136416,2.0
8409,2.0,0,1.0
8410,67.5,92.63098833543772,2.0
8413,46.0,0,1.0
8414,59.0,0,1.0
8415,45.5,61.518289963229634,2.0
8416,53.0,70.71067811865476,2.0
8417,3.0,0,1.0
8418,76.5,36.062445840513924,2.0
8419,4.0,0,1.0
8420,16.0,0,1.0
8421,14.0,0,1.0
8423,22.5,16.263455967290593,2.0
8424,2.5,2.1213203435596424,2.0
8425,2.0,1.4142135623730951,2.0
8427,22.0,0,1.0
8428,48.0,0,1.0
8430,1.0,0,1.0
8432,25.0,0,1.0
8433,51.0,0,1.0
8435,1.0,0,1.0
8437,20.0,0,1.0
8438,78.0,0,1.0
8439,1.0,0,1.0
8441,18.0,0,1.0
8442,42.0,0,1.0
8444,67.0,0,1.0
8445,11.0,0,1.0
8446,71.0,0,1.0
8449,3.0,0,1.0
8451,21.5,28.991378028648448,2.0
8452,135.0,0,1.0
8453,125.0,0,1.0
8454,35.0,0,1.0
8455,2.0,0,1.0
8457,22.0,0,1.0
8458,2.0,0,1.0
8459,13.5,14.849242404917497,2.0
8460,2.0,0,1.0
8461,60.0,0,1.0
8462,29.5,19.091883092036785,2.0
8463,1.0,0,1.0
8464,58.0,0,1.0
8466,8.0,0.0,2.0
8467,13.0,0,1.0
8468,4.0,0,1.0
8469,5.0,0,1.0
8472,71.0,39.59797974644666,2.0
8473,5.0,5.656854249492381,2.0
8476,24.0,0,1.0
8477,10.0,0,1.0
8479,6.0,2.8284271247461903,2.0
8480,13.0,0,1.0
8481,8.0,2.8284271247461903,2.0
8482,63.0,0,1.0
8483,11.0,9.899494936611665,2.0
8484,4.0,1.4142135623730951,2.0
8486,67.0,0,1.0
8487,3.0,0,1.0
8488,8.0,0,1.0
8489,18.0,0,1.0
8490,29.0,0,1.0
8491,21.0,0,1.0
8492,9.0,0,1.0
8493,36.0,0,1.0
8494,22.0,0,1.0
8495,4.0,0,1.0
8496,3.0,0,1.0
8497,2.0,0,1.0
8498,7.0,0,1.0
8500,3.0,0,1.0
8501,70.0,0,1.0
8503,50.5,4.949747468305833,2.0
8504,6.0,4.242640687119285,2.0
8505,43.0,43.840620433565945,2.0
8506,87.0,0,1.0
8507,10.0,0,1.0
8508,111.0,9.899494936611665,2.0
8509,73.0,0,1.0
8510,3.0,0,1.0
8511,74.0,12.727922061357855,2.0
8513,57.0,0,1.0
8514,9.0,0,1.0
8517,73.0,0,1.0
8518,6.0,0,1.0
8519,11.5,14.849242404917497,2.0
8520,16.0,0,1.0
8521,32.5,44.54772721475249,2.0
8522,1.0,0,1.0
8526,41.0,0,1.0
8527,59.0,72.12489168102785,2.0
8528,9.0,0,1.0
8530,30.0,0,1.0
8532,14.0,0,1.0
8533,1.0,0,1.0
8534,15.0,0,1.0
8535,31.0,39.59797974644666,2.0
8536,19.0,0,1.0
8538,52.0,0,1.0
8539,1.0,0,1.0
8540,81.0,0,1.0
8541,9.0,0,1.0
8545,1.0,0,1.0
8546,17.0,0,1.0
8547,17.0,0,1.0
8552,4.0,0,1.0
8554,1.0,0,1.0
8557,89.0,0,1.0
8558,41.0,0,1.0
8559,5.0,0,1.0
8560,74.0,0,1.0
8564,46.0,0,1.0
8567,4.0,0,1.0
8569,122.0,0,1.0
8570,66.0,80.61017305526642,2.0
8571,17.0,0,1.0
8572,37.0,0,1.0
8573,27.0,0,1.0
8574,109.0,0,1.0
8575,58.0,43.840620433565945,2.0
8576,43.0,0,1.0
8578,1.0,0,1.0
8579,55.0,0,1.0
8581,6.5,3.5355339059327378,2.0
8582,76.0,0,1.0
8583,8.0,0,1.0
8585,1.5,0.7071067811865476,2.0
8586,86.0,31.11269837220809,2.0
8587,31.0,0,1.0
8590,117.0,24.041630560342615,2.0
8591,6.0,0,1.0
8592,1.0,0,1.0
8593,1.0,0,1.0
8594,11.5,7.7781745930520225,2.0
8595,40.0,0,1.0
8596,48.0,0,1.0
8599,34.0,45.254833995939045,2.0
8600,1.0,0,1.0
8602,29.5,40.30508652763321,2.0
8603,31.0,0,1.0
8605,4.0,4.242640687119285,2.0
8606,6.5,4.949747468305833,2.0
8607,1.5,0.7071067811865476,2.0
8608,132.0,0,1.0
8609,14.0,0,1.0
8610,3.0,0,1.0
8611,3.0,1.4142135623730951,2.0
8612,19.0,22.627416997969522,2.0
8613,21.0,0,1.0
8614,8.5,7.7781745930520225,2.0
8615,30.5,40.30508652763321,2.0
8617,7.0,0,1.0
8618,6.5,2.1213203435596424,2.0
8619,9.5,6.363961030678928,2.0
8621,8.0,0,1.0
8622,31.0,0,1.0
8624,1.0,0,1.0
8625,5.0,4.242640687119285,2.0
8627,4.0,0,1.0
8628,16.0,7.0710678118654755,2.0
8630,82.0,0,1.0
8633,1.0,0,1.0
8637,1.0,0,1.0
8639,18.0,0,1.0
8640,1.0,0,1.0
8641,1.0,0,1.0
8646,10.0,0,1.0
8647,91.0,0,1.0
8648,27.5,36.062445840513924,2.0
8650,54.0,0,1.0
8651,49.0,0,1.0
8652,6.0,2.8284271247461903,2.0
8655,56.5,30.405591591021544,2.0
8661,2.0,0,1.0
8662,6.0,0,1.0
8663,49.0,0,1.0
8664,87.0,0,1.0
8666,69.5,75.66042558696059,2.0
8667,1.0,0,1.0
8668,45.5,16.263455967290593,2.0
8669,1.0,0,1.0
8671,11.0,4.242640687119285,2.0
8672,7.0,0,1.0
8674,33.0,14.142135623730951,2.0
8676,28.0,0,1.0
8681,6.0,0,1.0
8682,33.0,0,1.0
8683,22.0,0,1.0
8686,9.0,0,1.0
8687,45.0,43.840620433565945,2.0
8688,6.0,0,1.0
8690,2.0,0,1.0
8691,93.0,0,1.0
8692,16.0,0,1.0
8693,1.0,0,1.0
8694,80.0,0,1.0
8695,6.0,0,1.0
8696,39.0,53.74011537017761,2.0
8697,24.0,0,1.0
8698,13.0,0,1.0
8699,2.0,0,1.0
8700,43.0,0,1.0
8701,12.0,0,1.0
8703,67.5,58.68986283848344,2.0
8704,1.0,0,1.0
8706,23.0,0,1.0
8707,8.0,0,1.0
8708,8.0,0,1.0
8709,2.0,0,1.0
8711,49.5,21.920310216782973,2.0
8713,48.0,0,1.0
8714,9.0,0,1.0
8715,8.0,0,1.0
8716,1.0,0,1.0
8717,8.0,0,1.0
8718,11.0,0,1.0
8719,12.0,0,1.0
8720,7.0,0,1.0
8721,85.0,0,1.0
8722,61.0,0,1.0
8723,56.0,0,1.0
8724,6.5,4.949747468305833,2.0
8725,57.5,55.86143571373726,2.0
8726,15.0,0,1.0
8729,1.0,0,1.0
8730,75.0,0,1.0
8731,5.0,0,1.0
8732,35.0,0,1.0
8733,27.0,0,1.0
8734,44.0,0,1.0
8736,45.5,10.606601717798213,2.0
8737,35.0,0,1.0
8738,3.0,0,1.0
8740,4.0,0,1.0
8741,40.5,47.37615433949868,2.0
8742,74.5,70.0035713374682,2.0
8743,44.0,0,1.0
8744,28.0,0,1.0
8746,20.0,0,1.0
8747,75.0,0,1.0
8748,5.0,0,1.0
8749,19.5,14.849242404917497,2.0
8750,10.0,0,1.0
8751,28.0,0,1.0
8755,28.0,15.556349186104045,2.0
8756,52.0,0,1.0
8758,42.0,0,1.0
8762,2.0,0,1.0
8763,32.0,43.840620433565945,2.0
8764,2.0,0,1.0
8765,90.0,0,1.0
8766,6.0,0,1.0
8768,6.0,0,1.0
8771,1.0,0,1.0
8772,11.0,0,1.0
8773,4.0,0,1.0
8774,130.0,0,1.0
8775,11.5,14.849242404917497,2.0
8776,32.0,42.42640687119285,2.0
8778,18.0,16.97056274847714,2.0
8779,103.0,0,1.0
8781,115.0,0,1.0
8784,12.0,0,1.0
8786,60.5,7.7781745930520225,2.0
8787,15.0,0,1.0
8789,5.0,4.242640687119285,2.0
8790,11.0,0,1.0
8791,70.0,0,1.0
8792,9.0,2.8284271247461903,2.0
8794,8.0,0,1.0
8795,29.5,33.23401871576773,2.0
8798,50.0,63.63961030678928,2.0
8799,6.5,6.363961030678928,2.0
8800,42.0,0,1.0
8802,23.0,8.48528137423857,2.0
8803,1.0,0,1.0
8804,1.0,0,1.0
8806,55.5,74.24621202458749,2.0
8809,86.0,65.05382386916237,2.0
8810,4.0,0,1.0
8811,22.0,0,1.0
8812,3.0,0,1.0
8814,91.0,0,1.0
8815,4.0,0,1.0
8818,73.0,0,1.0
8823,31.0,0,1.0
8824,5.0,0,1.0
8825,1.0,0,1.0
8830,25.0,0,1.0
8833,88.0,0,1.0
8834,21.0,0,1.0
8835,1.0,0,1.0
8836,8.5,4.949747468305833,2.0
8838,24.0,0,1.0
8839,24.0,32.526911934581186,2.0
8840,15.5,9.192388155425117,2.0
8841,74.0,0,1.0
8842,107.0,0,1.0
8843,17.0,15.556349186104045,2.0
8846,20.0,0,1.0
8847,100.0,0,1.0
8848,6.0,0,1.0
8850,15.0,0,1.0
8851,65.0,0,1.0
8852,33.0,41.012193308819754,2.0
8853,24.0,0,1.0
8859,7.0,0,1.0
8861,25.0,0,1.0
8862,38.5,37.476659402887016,2.0
8863,67.0,0,1.0
8866,8.5,6.363961030678928,2.0
8867,119.0,0,1.0
8868,43.0,0,1.0
8869,8.0,0,1.0
8870,9.0,0,1.0
8872,117.0,0,1.0
8873,48.5,45.96194077712559,2.0
8874,17.0,0,1.0
8875,20.0,0,1.0
8876,20.0,0,1.0
8877,7.0,0,1.0
8878,14.0,0,1.0
396,0,0,0
424,0,0,0
502,0,0,0
518,0,0,0
621,0,0,0
652,0,0,0
653,0,0,0
693,0,0,0
699,0,0,0
753,0,0,0
792,0,0,0
799,0,0,0
806,0,0,0
807,0,0,0
811,0,0,0
813,0,0,0
819,0,0,0
822,0,0,0
827,0,0,0
842,0,0,0
848,0,0,0
855,0,0,0
860,0,0,0
861,0,0,0
862,0,0,0
866,0,0,0
873,0,0,0
874,0,0,0
880,0,0,0
901,0,0,0
904,0,0,0
909,0,0,0
913,0,0,0
914,0,0,0
915,0,0,0
925,0,0,0
932,0,0,0
934,0,0,0
937,0,0,0
938,0,0,0
941,0,0,0
942,0,0,0
944,0,0,0
951,0,0,0
959,0,0,0
965,0,0,0
967,0,0,0
973,0,0,0
974,0,0,0
975,0,0,0
977,0,0,0
983,0,0,0
984,0,0,0
986,0,0,0
990,0,0,0
992,0,0,0
997,0,0,0
998,0,0,0
1009,0,0,0
1013,0,0,0
1014,0,0,0
1021,0,0,0
1027,0,0,0
1032,0,0,0
1038,0,0,0
1043,0,0,0
1044,0,0,0
1050,0,0,0
1065,0,0,0
1067,0,0,0
1072,0,0,0
1074,0,0,0
1075,0,0,0
1078,0,0,0
1082,0,0,0
1090,0,0,0
1091,0,0,0
1092,0,0,0
1094,0,0,0
1096,0,0,0
1102,0,0,0
1106,0,0,0
1109,0,0,0
1119,0,0,0
1122,0,0,0
1126,0,0,0
1129,0,0,0
1130,0,0,0
1132,0,0,0
1143,0,0,0
1145,0,0,0
1146,0,0,0
1151,0,0,0
1154,0,0,0
1156,0,0,0
1157,0,0,0
1163,0,0,0
1168,0,0,0
1181,0,0,0
1182,0,0,0
1183,0,0,0
1193,0,0,0
1209,0,0,0
1210,0,0,0
1220,0,0,0
1226,0,0,0
1227,0,0,0
1238,0,0,0
1242,0,0,0
1244,0,0,0
1245,0,0,0
1246,0,0,0
1248,0,0,0
1249,0,0,0
1250,0,0,0
1261,0,0,0
1263,0,0,0
1265,0,0,0
1271,0,0,0
1288,0,0,0
1301,0,0,0
1302,0,0,0
1309,0,0,0
1313,0,0,0
1323,0,0,0
1328,0,0,0
1341,0,0,0
1351,0,0,0
1358,0,0,0
1359,0,0,0
1362,0,0,0
1368,0,0,0
1372,0,0,0
1374,0,0,0
1378,0,0,0
1380,0,0,0
1383,0,0,0
1389,0,0,0
1398,0,0,0
1399,0,0,0
1408,0,0,0
1409,0,0,0
1411,0,0,0
1413,0,0,0
1414,0,0,0
1418,0,0,0
1419,0,0,0
1420,0,0,0
1422,0,0,0
1424,0,0,0
1425,0,0,0
1426,0,0,0
1429,0,0,0
1452,0,0,0
1453,0,0,0
1456,0,0,0
1458,0,0,0
1461,0,0,0
1465,0,0,0
1467,0,0,0
1468,0,0,0
1469,0,0,0
1480,0,0,0
1525,0,0,0
1537,0,0,0
1539,0,0,0
1540,0,0,0
1549,0,0,0
1556,0,0,0
1557,0,0,0
1562,0,0,0
1570,0,0,0
1576,0,0,0
1585,0,0,0
1586,0,0,0
1589,0,0,0
1592,0,0,0
1604,0,0,0
1605,0,0,0
1607,0,0,0
1609,0,0,0
1611,0,0,0
1612,0,0,0
1616,0,0,0
1617,0,0,0
1618,0,0,0
1623,0,0,0
1624,0,0,0
1625,0,0,0
1626,0,0,0
1636,0,0,0
1640,0,0,0
1642,0,0,0
1653,0,0,0
1654,0,0,0
1670,0,0,0
1680,0,0,0
1691,0,0,0
1692,0,0,0
1695,0,0,0
1700,0,0,0
1707,0,0,0
1715,0,0,0
1719,0,0,0
1741,0,0,0
1746,0,0,0
1749,0,0,0
1759,0,0,0
1761,0,0,0
1788,0,0,0
1802,0,0,0
1810,0,0,0
1814,0,0,0
1819,0,0,0
1828,0,0,0
1829,0,0,0
1830,0,0,0
1840,0,0,0
1843,0,0,0
1851,0,0,0
1856,0,0,0
1873,0,0,0
1875,0,0,0
1879,0,0,0
1885,0,0,0
1890,0,0,0
1895,0,0,0
1900,0,0,0
1904,0,0,0
1909,0,0,0
1918,0,0,0
1919,0,0,0
1923,0,0,0
1926,0,0,0
1939,0,0,0
1951,0,0,0
1958,0,0,0
1966,0,0,0
1969,0,0,0
1970,0,0,0
1971,0,0,0
1973,0,0,0
1980,0,0,0
1983,0,0,0
1989,0,0,0
2003,0,0,0
2004,0,0,0
2015,0,0,0
2016,0,0,0
2020,0,0,0
2026,0,0,0
2028,0,0,0
2030,0,0,0
2031,0,0,0
2032,0,0,0
2033,0,0,0
2035,0,0,0
2036,0,0,0
2049,0,0,0
2050,0,0,0
2052,0,0,0
2056,0,0,0
2058,0,0,0
2063,0,0,0
2078,0,0,0
2081,0,0,0
2087,0,0,0
2090,0,0,0
2091,0,0,0
2093,0,0,0
2094,0,0,0
2095,0,0,0
2097,0,0,0
2099,0,0,0
2109,0,0,0
2111,0,0,0
2116,0,0,0
2124,0,0,0
2125,0,0,0
2131,0,0,0
2132,0,0,0
2140,0,0,0
2157,0,0,0
2160,0,0,0
2172,0,0,0
2173,0,0,0
2174,0,0,0
2181,0,0,0
2182,0,0,0
2188,0,0,0
2189,0,0,0
2192,0,0,0
2193,0,0,0
2194,0,0,0
2203,0,0,0
2205,0,0,0
2206,0,0,0
2210,0,0,0
2211,0,0,0
2213,0,0,0
2215,0,0,0
2216,0,0,0
2251,0,0,0
2255,0,0,0
2262,0,0,0
2265,0,0,0
2267,0,0,0
2269,0,0,0
2270,0,0,0
2271,0,0,0
2279,0,0,0
2284,0,0,0
2289,0,0,0
2290,0,0,0
2291,0,0,0
2305,0,0,0
2306,0,0,0
2310,0,0,0
2312,0,0,0
2321,0,0,0
2324,0,0,0
2326,0,0,0
2338,0,0,0
2340,0,0,0
2343,0,0,0
2344,0,0,0
2352,0,0,0
2353,0,0,0
2385,0,0,0
2387,0,0,0
2395,0,0,0
2396,0,0,0
2397,0,0,0
2398,0,0,0
2412,0,0,0
2414,0,0,0
2421,0,0,0
2431,0,0,0
2434,0,0,0
2458,0,0,0
2475,0,0,0
2478,0,0,0
2485,0,0,0
2496,0,0,0
2504,0,0,0
2506,0,0,0
2507,0,0,0
2508,0,0,0
2509,0,0,0
2511,0,0,0
2518,0,0,0
2525,0,0,0
2526,0,0,0
2528,0,0,0
2530,0,0,0
2533,0,0,0
2534,0,0,0
2539,0,0,0
2547,0,0,0
2550,0,0,0
2551,0,0,0
2559,0,0,0
2562,0,0,0
2563,0,0,0
2571,0,0,0
2574,0,0,0
2581,0,0,0
2583,0,0,0
2585,0,0,0
2587,0,0,0
2588,0,0,0
2594,0,0,0
2595,0,0,0
2603,0,0,0
2610,0,0,0
2621,0,0,0
2624,0,0,0
2627,0,0,0
2633,0,0,0
2634,0,0,0
2638,0,0,0
2642,0,0,0
2644,0,0,0
2655,0,0,0
2656,0,0,0
2661,0,0,0
2664,0,0,0
2665,0,0,0
2669,0,0,0
2673,0,0,0
2674,0,0,0
2676,0,0,0
2677,0,0,0
2683,0,0,0
2685,0,0,0
2691,0,0,0
2706,0,0,0
2708,0,0,0
2714,0,0,0
2717,0,0,0
2718,0,0,0
2743,0,0,0
2745,0,0,0
2746,0,0,0
2753,0,0,0
2759,0,0,0
2762,0,0,0
2763,0,0,0
2769,0,0,0
2770,0,0,0
2772,0,0,0
2775,0,0,0
2779,0,0,0
2786,0,0,0
2799,0,0,0
2800,0,0,0
2802,0,0,0
2803,0,0,0
2805,0,0,0
2807,0,0,0
2808,0,0,0
2809,0,0,0
2811,0,0,0
2812,0,0,0
2814,0,0,0
2818,0,0,0
2825,0,0,0
2834,0,0,0
2840,0,0,0
2842,0,0,0
2850,0,0,0
2851,0,0,0
2858,0,0,0
2859,0,0,0
2867,0,0,0
2868,0,0,0
2870,0,0,0
2873,0,0,0
2877,0,0,0
2881,0,0,0
2885,0,0,0
2892,0,0,0
2893,0,0,0
2896,0,0,0
2899,0,0,0
2904,0,0,0
2906,0,0,0
2907,0,0,0
2909,0,0,0
2919,0,0,0
2920,0,0,0
2921,0,0,0
2922,0,0,0
2926,0,0,0
2929,0,0,0
2934,0,0,0
2944,0,0,0
2948,0,0,0
2949,0,0,0
2952,0,0,0
2955,0,0,0
2956,0,0,0
2960,0,0,0
2965,0,0,0
2977,0,0,0
2980,0,0,0
2993,0,0,0
2995,0,0,0
2999,0,0,0
3016,0,0,0
3023,0,0,0
3027,0,0,0
3036,0,0,0
3038,0,0,0
3041,0,0,0
3052,0,0,0
3053,0,0,0
3060,0,0,0
3071,0,0,0
3074,0,0,0
3076,0,0,0
3082,0,0,0
3085,0,0,0
3095,0,0,0
3096,0,0,0
3103,0,0,0
3109,0,0,0
3111,0,0,0
3113,0,0,0
3115,0,0,0
3129,0,0,0
3133,0,0,0
3136,0,0,0
3145,0,0,0
3149,0,0,0
3153,0,0,0
3158,0,0,0
3162,0,0,0
3171,0,0,0
3175,0,0,0
3176,0,0,0
3183,0,0,0
3185,0,0,0
3194,0,0,0
3196,0,0,0
3197,0,0,0
3199,0,0,0
3200,0,0,0
3202,0,0,0
3203,0,0,0
3204,0,0,0
3205,0,0,0
3209,0,0,0
3212,0,0,0
3216,0,0,0
3217,0,0,0
3219,0,0,0
3227,0,0,0
3229,0,0,0
3237,0,0,0
3238,0,0,0
3240,0,0,0
3241,0,0,0
3243,0,0,0
3245,0,0,0
3248,0,0,0
3254,0,0,0
3259,0,0,0
3265,0,0,0
3267,0,0,0
3268,0,0,0
3271,0,0,0
3274,0,0,0
3275,0,0,0
3277,0,0,0
3280,0,0,0
3281,0,0,0
3282,0,0,0
3283,0,0,0
3284,0,0,0
3287,0,0,0
3288,0,0,0
3289,0,0,0
3292,0,0,0
3304,0,0,0
3313,0,0,0
3316,0,0,0
3317,0,0,0
3320,0,0,0
3322,0,0,0
3324,0,0,0
3329,0,0,0
3342,0,0,0
3343,0,0,0
3346,0,0,0
3352,0,0,0
3378,0,0,0
3380,0,0,0
3389,0,0,0
3390,0,0,0
3391,0,0,0
3393,0,0,0
3394,0,0,0
3396,0,0,0
3398,0,0,0
3400,0,0,0
3403,0,0,0
3409,0,0,0
3422,0,0,0
3423,0,0,0
3432,0,0,0
3440,0,0,0
3442,0,0,0
3462,0,0,0
3464,0,0,0
3467,0,0,0
3471,0,0,0
3472,0,0,0
3474,0,0,0
3478,0,0,0
3479,0,0,0
3481,0,0,0
3491,0,0,0
3496,0,0,0
3497,0,0,0
3499,0,0,0
3502,0,0,0
3505,0,0,0
3506,0,0,0
3508,0,0,0
3510,0,0,0
3512,0,0,0
3513,0,0,0
3514,0,0,0
3521,0,0,0
3523,0,0,0
3525,0,0,0
3534,0,0,0
3539,0,0,0
3541,0,0,0
3544,0,0,0
3547,0,0,0
3550,0,0,0
3551,0,0,0
3554,0,0,0
3555,0,0,0
3567,0,0,0
3568,0,0,0
3570,0,0,0
3578,0,0,0
3581,0,0,0
3582,0,0,0
3583,0,0,0
3585,0,0,0
3589,0,0,0
3594,0,0,0
3595,0,0,0
3599,0,0,0
3602,0,0,0
3603,0,0,0
3605,0,0,0
3607,0,0,0
3608,0,0,0
3614,0,0,0
3615,0,0,0
3622,0,0,0
3632,0,0,0
3636,0,0,0
3637,0,0,0
3641,0,0,0
3644,0,0,0
3647,0,0,0
3648,0,0,0
3649,0,0,0
3651,0,0,0
3653,0,0,0
3658,0,0,0
3659,0,0,0
3669,0,0,0
3674,0,0,0
3676,0,0,0
3680,0,0,0
3683,0,0,0
3691,0,0,0
3694,0,0,0
3697,0,0,0
3700,0,0,0
3708,0,0,0
3709,0,0,0
3711,0,0,0
3723,0,0,0
3725,0,0,0
3726,0,0,0
3729,0,0,0
3730,0,0,0
3736,0,0,0
3744,0,0,0
3747,0,0,0
3751,0,0,0
3752,0,0,0
3757,0,0,0
3758,0,0,0
3759,0,0,0
3761,0,0,0
3763,0,0,0
3764,0,0,0
3766,0,0,0
3769,0,0,0
3773,0,0,0
3787,0,0,0
3795,0,0,0
3798,0,0,0
3799,0,0,0
3800,0,0,0
3804,0,0,0
3808,0,0,0
3814,0,0,0
3819,0,0,0
3821,0,0,0
3829,0,0,0
3831,0,0,0
3837,0,0,0
3840,0,0,0
3842,0,0,0
3855,0,0,0
3858,0,0,0
3879,0,0,0
3882,0,0,0
3892,0,0,0
3897,0,0,0
3902,0,0,0
3906,0,0,0
3909,0,0,0
3910,0,0,0
3913,0,0,0
3916,0,0,0
3917,0,0,0
3922,0,0,0
3923,0,0,0
3924,0,0,0
3937,0,0,0
3938,0,0,0
3951,0,0,0
3954,0,0,0
3957,0,0,0
3958,0,0,0
3963,0,0,0
3970,0,0,0
3976,0,0,0
3977,0,0,0
3980,0,0,0
3985,0,0,0
3987,0,0,0
3993,0,0,0
3996,0,0,0
3997,0,0,0
4001,0,0,0
4003,0,0,0
4018,0,0,0
4022,0,0,0
4028,0,0,0
4032,0,0,0
4033,0,0,0
4034,0,0,0
4035,0,0,0
4036,0,0,0
4037,0,0,0
4038,0,0,0
4042,0,0,0
4043,0,0,0
4047,0,0,0
4048,0,0,0
4050,0,0,0
4052,0,0,0
4059,0,0,0
4063,0,0,0
4071,0,0,0
4073,0,0,0
4077,0,0,0
4078,0,0,0
4082,0,0,0
4085,0,0,0
4087,0,0,0
4090,0,0,0
4094,0,0,0
4095,0,0,0
4097,0,0,0
4102,0,0,0
4104,0,0,0
4107,0,0,0
4108,0,0,0
4117,0,0,0
4118,0,0,0
4121,0,0,0
4123,0,0,0
4128,0,0,0
4129,0,0,0
4133,0,0,0
4140,0,0,0
4141,0,0,0
4144,0,0,0
4145,0,0,0
4147,0,0,0
4149,0,0,0
4150,0,0,0
4152,0,0,0
4158,0,0,0
4159,0,0,0
4160,0,0,0
4189,0,0,0
4202,0,0,0
4211,0,0,0
4213,0,0,0
4221,0,0,0
4231,0,0,0
4233,0,0,0
4235,0,0,0
4237,0,0,0
4248,0,0,0
4251,0,0,0
4265,0,0,0
4272,0,0,0
4276,0,0,0
4282,0,0,0
4283,0,0,0
4291,0,0,0
4293,0,0,0
4296,0,0,0
4298,0,0,0
4301,0,0,0
4307,0,0,0
4311,0,0,0
4319,0,0,0
4322,0,0,0
4326,0,0,0
4327,0,0,0
4329,0,0,0
4331,0,0,0
4336,0,0,0
4337,0,0,0
4338,0,0,0
4344,0,0,0
4348,0,0,0
4365,0,0,0
4369,0,0,0
4383,0,0,0
4385,0,0,0
4399,0,0,0
4403,0,0,0
4405,0,0,0
4407,0,0,0
4409,0,0,0
4410,0,0,0
4422,0,0,0
4423,0,0,0
4424,0,0,0
4425,0,0,0
4429,0,0,0
4431,0,0,0
4434,0,0,0
4443,0,0,0
4446,0,0,0
4447,0,0,0
4451,0,0,0
4458,0,0,0
4459,0,0,0
4460,0,0,0
4461,0,0,0
4468,0,0,0
4471,0,0,0
4475,0,0,0
4476,0,0,0
4480,0,0,0
4485,0,0,0
4486,0,0,0
4487,0,0,0
4490,0,0,0
4491,0,0,0
4492,0,0,0
4503,0,0,0
4512,0,0,0
4513,0,0,0
4516,0,0,0
4518,0,0,0
4523,0,0,0
4526,0,0,0
4530,0,0,0
4533,0,0,0
4535,0,0,0
4536,0,0,0
4538,0,0,0
4542,0,0,0
4543,0,0,0
4549,0,0,0
4551,0,0,0
4554,0,0,0
4557,0,0,0
4562,0,0,0
4563,0,0,0
4567,0,0,0
4569,0,0,0
4570,0,0,0
4574,0,0,0
4577,0,0,0
4583,0,0,0
4584,0,0,0
4585,0,0,0
4588,0,0,0
4590,0,0,0
4592,0,0,0
4594,0,0,0
4602,0,0,0
4610,0,0,0
4614,0,0,0
4617,0,0,0
4621,0,0,0
4624,0,0,0
4631,0,0,0
4641,0,0,0
4643,0,0,0
4644,0,0,0
4650,0,0,0
4653,0,0,0
4661,0,0,0
4663,0,0,0
4665,0,0,0
4666,0,0,0
4669,0,0,0
4673,0,0,0
4675,0,0,0
4682,0,0,0
4683,0,0,0
4685,0,0,0
4695,0,0,0
4696,0,0,0
4697,0,0,0
4698,0,0,0
4703,0,0,0
4707,0,0,0
4710,0,0,0
4711,0,0,0
4713,0,0,0
4718,0,0,0
4721,0,0,0
4723,0,0,0
4726,0,0,0
4733,0,0,0
4737,0,0,0
4738,0,0,0
4745,0,0,0
4754,0,0,0
4757,0,0,0
4758,0,0,0
4764,0,0,0
4765,0,0,0
4784,0,0,0
4791,0,0,0
4799,0,0,0
4801,0,0,0
4806,0,0,0
4809,0,0,0
4812,0,0,0
4825,0,0,0
4833,0,0,0
4834,0,0,0
4845,0,0,0
4849,0,0,0
4851,0,0,0
4854,0,0,0
4856,0,0,0
4857,0,0,0
4861,0,0,0
4862,0,0,0
4863,0,0,0
4869,0,0,0
4876,0,0,0
4881,0,0,0
4884,0,0,0
4890,0,0,0
4891,0,0,0
4894,0,0,0
4895,0,0,0
4897,0,0,0
4900,0,0,0
4902,0,0,0
4909,0,0,0
4914,0,0,0
4916,0,0,0
4920,0,0,0
4921,0,0,0
4922,0,0,0
4923,0,0,0
4937,0,0,0
4946,0,0,0
4948,0,0,0
4950,0,0,0
4951,0,0,0
4961,0,0,0
4962,0,0,0
4969,0,0,0
4970,0,0,0
4971,0,0,0
4972,0,0,0
4973,0,0,0
4984,0,0,0
4988,0,0,0
4996,0,0,0
4998,0,0,0
5000,0,0,0
5005,0,0,0
5006,0,0,0
5012,0,0,0
5015,0,0,0
5016,0,0,0
5017,0,0,0
5021,0,0,0
5025,0,0,0
5035,0,0,0
5036,0,0,0
5037,0,0,0
5038,0,0,0
5041,0,0,0
5050,0,0,0
5052,0,0,0
5053,0,0,0
5054,0,0,0
5058,0,0,0
5065,0,0,0
5066,0,0,0
5069,0,0,0
5070,0,0,0
5073,0,0,0
5074,0,0,0
5076,0,0,0
5079,0,0,0
5081,0,0,0
5084,0,0,0
5086,0,0,0
5093,0,0,0
5099,0,0,0
5106,0,0,0
5107,0,0,0
5109,0,0,0
5111,0,0,0
5112,0,0,0
5117,0,0,0
5121,0,0,0
5123,0,0,0
5128,0,0,0
5129,0,0,0
5138,0,0,0
5141,0,0,0
5142,0,0,0
5144,0,0,0
5146,0,0,0
5148,0,0,0
5149,0,0,0
5158,0,0,0
5178,0,0,0
5188,0,0,0
5191,0,0,0
5197,0,0,0
5198,0,0,0
5211,0,0,0
5220,0,0,0
5222,0,0,0
5224,0,0,0
5226,0,0,0
5227,0,0,0
5229,0,0,0
5244,0,0,0
5265,0,0,0
5268,0,0,0
5274,0,0,0
5277,0,0,0
5278,0,0,0
5285,0,0,0
5291,0,0,0
5298,0,0,0
5301,0,0,0
5304,0,0,0
5312,0,0,0
5316,0,0,0
5317,0,0,0
5328,0,0,0
5329,0,0,0
5333,0,0,0
5335,0,0,0
5336,0,0,0
5337,0,0,0
5338,0,0,0
5339,0,0,0
5340,0,0,0
5341,0,0,0
5342,0,0,0
5343,0,0,0
5345,0,0,0
5346,0,0,0
5347,0,0,0
5352,0,0,0
5353,0,0,0
5355,0,0,0
5361,0,0,0
5369,0,0,0
5370,0,0,0
5372,0,0,0
5373,0,0,0
5377,0,0,0
5379,0,0,0
5380,0,0,0
5382,0,0,0
5388,0,0,0
5390,0,0,0
5391,0,0,0
5401,0,0,0
5406,0,0,0
5408,0,0,0
5411,0,0,0
5414,0,0,0
5415,0,0,0
5416,0,0,0
5417,0,0,0
5418,0,0,0
5420,0,0,0
5421,0,0,0
5423,0,0,0
5424,0,0,0
5443,0,0,0
5444,0,0,0
5462,0,0,0
5471,0,0,0
5478,0,0,0
5483,0,0,0
5491,0,0,0
5496,0,0,0
5505,0,0,0
5511,0,0,0
5514,0,0,0
5517,0,0,0
5519,0,0,0
5525,0,0,0
5535,0,0,0
5544,0,0,0
5551,0,0,0
5557,0,0,0
5560,0,0,0
5563,0,0,0
5567,0,0,0
5569,0,0,0
5571,0,0,0
5574,0,0,0
5575,0,0,0
5576,0,0,0
5582,0,0,0
5593,0,0,0
5603,0,0,0
5605,0,0,0
5621,0,0,0
5625,0,0,0
5626,0,0,0
5627,0,0,0
5631,0,0,0
5634,0,0,0
5644,0,0,0
5647,0,0,0
5655,0,0,0
5656,0,0,0
5661,0,0,0
5664,0,0,0
5665,0,0,0
5668,0,0,0
5672,0,0,0
5676,0,0,0
5677,0,0,0
5687,0,0,0
5698,0,0,0
5699,0,0,0
5700,0,0,0
5701,0,0,0
5711,0,0,0
5713,0,0,0
5716,0,0,0
5720,0,0,0
5721,0,0,0
5724,0,0,0
5725,0,0,0
5738,0,0,0
5739,0,0,0
5741,0,0,0
5744,0,0,0
5747,0,0,0
5753,0,0,0
5762,0,0,0
5769,0,0,0
5772,0,0,0
5778,0,0,0
5780,0,0,0
5802,0,0,0
5806,0,0,0
5808,0,0,0
5811,0,0,0
5813,0,0,0
5815,0,0,0
5821,0,0,0
5834,0,0,0
5848,0,0,0
5850,0,0,0
5851,0,0,0
5857,0,0,0
5860,0,0,0
5867,0,0,0
5869,0,0,0
5874,0,0,0
5875,0,0,0
5903,0,0,0
5912,0,0,0
5914,0,0,0
5929,0,0,0
5937,0,0,0
5939,0,0,0
5942,0,0,0
5943,0,0,0
5944,0,0,0
5951,0,0,0
5955,0,0,0
5956,0,0,0
5959,0,0,0
5963,0,0,0
5964,0,0,0
5965,0,0,0
5976,0,0,0
5978,0,0,0
5985,0,0,0
5986,0,0,0
5987,0,0,0
5994,0,0,0
5999,0,0,0
6006,0,0,0
6008,0,0,0
6026,0,0,0
6030,0,0,0
6032,0,0,0
6033,0,0,0
6035,0,0,0
6044,0,0,0
6046,0,0,0
6049,0,0,0
6053,0,0,0
6055,0,0,0
6057,0,0,0
6061,0,0,0
6065,0,0,0
6067,0,0,0
6069,0,0,0
6070,0,0,0
6074,0,0,0
6087,0,0,0
6090,0,0,0
6091,0,0,0
6093,0,0,0
6094,0,0,0
6109,0,0,0
6110,0,0,0
6112,0,0,0
6114,0,0,0
6116,0,0,0
6124,0,0,0
6142,0,0,0
6163,0,0,0
6172,0,0,0
6195,0,0,0
6199,0,0,0
6205,0,0,0
6208,0,0,0
6211,0,0,0
6212,0,0,0
6213,0,0,0
6222,0,0,0
6223,0,0,0
6224,0,0,0
6225,0,0,0
6226,0,0,0
6233,0,0,0
6235,0,0,0
6241,0,0,0
6250,0,0,0
6262,0,0,0
6267,0,0,0
6277,0,0,0
6279,0,0,0
6280,0,0,0
6281,0,0,0
6282,0,0,0
6286,0,0,0
6287,0,0,0
6291,0,0,0
6293,0,0,0
6297,0,0,0
6299,0,0,0
6303,0,0,0
6308,0,0,0
6309,0,0,0
6310,0,0,0
6314,0,0,0
6322,0,0,0
6324,0,0,0
6325,0,0,0
6329,0,0,0
6331,0,0,0
6341,0,0,0
6348,0,0,0
6349,0,0,0
6353,0,0,0
6354,0,0,0
6356,0,0,0
6358,0,0,0
6362,0,0,0
6365,0,0,0
6369,0,0,0
6373,0,0,0
6385,0,0,0
6404,0,0,0
6405,0,0,0
6407,0,0,0
6410,0,0,0
6414,0,0,0
6416,0,0,0
6418,0,0,0
6419,0,0,0
6426,0,0,0
6427,0,0,0
6428,0,0,0
6431,0,0,0
6432,0,0,0
6438,0,0,0
6447,0,0,0
6448,0,0,0
6460,0,0,0
6463,0,0,0
6466,0,0,0
6471,0,0,0
6476,0,0,0
6488,0,0,0
6489,0,0,0
6494,0,0,0
6496,0,0,0
6497,0,0,0
6504,0,0,0
6509,0,0,0
6511,0,0,0
6512,0,0,0
6526,0,0,0
6528,0,0,0
6529,0,0,0
6530,0,0,0
6533,0,0,0
6539,0,0,0
6557,0,0,0
6562,0,0,0
6570,0,0,0
6571,0,0,0
6584,0,0,0
6586,0,0,0
6587,0,0,0
6588,0,0,0
6589,0,0,0
6590,0,0,0
6593,0,0,0
6594,0,0,0
6597,0,0,0
6600,0,0,0
6603,0,0,0
6604,0,0,0
6605,0,0,0
6611,0,0,0
6647,0,0,0
6649,0,0,0
6650,0,0,0
6654,0,0,0
6655,0,0,0
6658,0,0,0
6661,0,0,0
6663,0,0,0
6668,0,0,0
6684,0,0,0
6694,0,0,0
6697,0,0,0
6703,0,0,0
6711,0,0,0
6716,0,0,0
6720,0,0,0
6725,0,0,0
6727,0,0,0
6730,0,0,0
6734,0,0,0
6735,0,0,0
6741,0,0,0
6747,0,0,0
6748,0,0,0
6758,0,0,0
6764,0,0,0
6769,0,0,0
6777,0,0,0
6779,0,0,0
6791,0,0,0
6792,0,0,0
6793,0,0,0
6801,0,0,0
6806,0,0,0
6808,0,0,0
6810,0,0,0
6835,0,0,0
6848,0,0,0
6852,0,0,0
6854,0,0,0
6855,0,0,0
6857,0,0,0
6860,0,0,0
6861,0,0,0
6872,0,0,0
6874,0,0,0
6878,0,0,0
6879,0,0,0
6889,0,0,0
6894,0,0,0
6897,0,0,0
6905,0,0,0
6907,0,0,0
6925,0,0,0
6928,0,0,0
6932,0,0,0
6934,0,0,0
6940,0,0,0
6945,0,0,0
6950,0,0,0
6953,0,0,0
6965,0,0,0
6966,0,0,0
6967,0,0,0
6968,0,0,0
6978,0,0,0
6980,0,0,0
6982,0,0,0
6983,0,0,0
6994,0,0,0
6995,0,0,0
6996,0,0,0
6997,0,0,0
7003,0,0,0
7004,0,0,0
7009,0,0,0
7011,0,0,0
7013,0,0,0
7015,0,0,0
7028,0,0,0
7034,0,0,0
7035,0,0,0
7044,0,0,0
7052,0,0,0
7057,0,0,0
7059,0,0,0
7064,0,0,0
7071,0,0,0
7072,0,0,0
7083,0,0,0
7095,0,0,0
7097,0,0,0
7106,0,0,0
7107,0,0,0
7116,0,0,0
7137,0,0,0
7147,0,0,0
7150,0,0,0
7151,0,0,0
7152,0,0,0
7153,0,0,0
7155,0,0,0
7158,0,0,0
7159,0,0,0
7167,0,0,0
7168,0,0,0
7174,0,0,0
7186,0,0,0
7191,0,0,0
7194,0,0,0
7195,0,0,0
7196,0,0,0
7198,0,0,0
7199,0,0,0
7201,0,0,0
7202,0,0,0
7206,0,0,0
7207,0,0,0
7210,0,0,0
7221,0,0,0
7222,0,0,0
7225,0,0,0
7228,0,0,0
7233,0,0,0
7235,0,0,0
7237,0,0,0
7240,0,0,0
7242,0,0,0
7244,0,0,0
7245,0,0,0
7252,0,0,0
7255,0,0,0
7256,0,0,0
7258,0,0,0
7261,0,0,0
7262,0,0,0
7269,0,0,0
7270,0,0,0
7292,0,0,0
7296,0,0,0
7297,0,0,0
7303,0,0,0
7304,0,0,0
7307,0,0,0
7314,0,0,0
7315,0,0,0
7318,0,0,0
7322,0,0,0
7332,0,0,0
7337,0,0,0
7343,0,0,0
7355,0,0,0
7361,0,0,0
7370,0,0,0
7371,0,0,0
7372,0,0,0
7374,0,0,0
7376,0,0,0
7379,0,0,0
7381,0,0,0
7382,0,0,0
7383,0,0,0
7384,0,0,0
7390,0,0,0
7391,0,0,0
7393,0,0,0
7394,0,0,0
7406,0,0,0
7409,0,0,0
7416,0,0,0
7427,0,0,0
7437,0,0,0
7438,0,0,0
7452,0,0,0
7455,0,0,0
7456,0,0,0
7457,0,0,0
7463,0,0,0
7466,0,0,0
7469,0,0,0
7473,0,0,0
7474,0,0,0
7477,0,0,0
7485,0,0,0
7488,0,0,0
7490,0,0,0
7493,0,0,0
7494,0,0,0
7498,0,0,0
7511,0,0,0
7526,0,0,0
7528,0,0,0
7529,0,0,0
7530,0,0,0
7535,0,0,0
7542,0,0,0
7545,0,0,0
7548,0,0,0
7553,0,0,0
7555,0,0,0
7567,0,0,0
7577,0,0,0
7583,0,0,0
7588,0,0,0
7590,0,0,0
7593,0,0,0
7596,0,0,0
7599,0,0,0
7606,0,0,0
7607,0,0,0
7613,0,0,0
7628,0,0,0
7630,0,0,0
7633,0,0,0
7634,0,0,0
7635,0,0,0
7636,0,0,0
7643,0,0,0
7646,0,0,0
7647,0,0,0
7653,0,0,0
7655,0,0,0
7661,0,0,0
7664,0,0,0
7666,0,0,0
7676,0,0,0
7678,0,0,0
7682,0,0,0
7686,0,0,0
7688,0,0,0
7695,0,0,0
7698,0,0,0
7705,0,0,0
7706,0,0,0
7707,0,0,0
7711,0,0,0
7713,0,0,0
7716,0,0,0
7719,0,0,0
7724,0,0,0
7730,0,0,0
7732,0,0,0
7740,0,0,0
7746,0,0,0
7750,0,0,0
7756,0,0,0
7758,0,0,0
7760,0,0,0
7764,0,0,0
7765,0,0,0
7778,0,0,0
7783,0,0,0
7798,0,0,0
7811,0,0,0
7814,0,0,0
7822,0,0,0
7824,0,0,0
7837,0,0,0
7839,0,0,0
7840,0,0,0
7842,0,0,0
7845,0,0,0
7847,0,0,0
7863,0,0,0
7867,0,0,0
7871,0,0,0
7878,0,0,0
7889,0,0,0
7900,0,0,0
7902,0,0,0
7906,0,0,0
7913,0,0,0
7915,0,0,0
7921,0,0,0
7925,0,0,0
7928,0,0,0
7929,0,0,0
7938,0,0,0
7940,0,0,0
7942,0,0,0
7948,0,0,0
7957,0,0,0
7964,0,0,0
7966,0,0,0
7967,0,0,0
7970,0,0,0
7972,0,0,0
7986,0,0,0
7992,0,0,0
7993,0,0,0
7994,0,0,0
8007,0,0,0
8015,0,0,0
8021,0,0,0
8039,0,0,0
8040,0,0,0
8049,0,0,0
8052,0,0,0
8056,0,0,0
8057,0,0,0
8072,0,0,0
8095,0,0,0
8102,0,0,0
8103,0,0,0
8107,0,0,0
8108,0,0,0
8110,0,0,0
8114,0,0,0
8118,0,0,0
8129,0,0,0
8131,0,0,0
8132,0,0,0
8138,0,0,0
8142,0,0,0
8146,0,0,0
8147,0,0,0
8152,0,0,0
8153,0,0,0
8157,0,0,0
8180,0,0,0
8182,0,0,0
8184,0,0,0
8185,0,0,0
8187,0,0,0
8188,0,0,0
8189,0,0,0
8193,0,0,0
8197,0,0,0
8200,0,0,0
8204,0,0,0
8210,0,0,0
8212,0,0,0
8218,0,0,0
8224,0,0,0
8233,0,0,0
8241,0,0,0
8254,0,0,0
8288,0,0,0
8290,0,0,0
8302,0,0,0
8315,0,0,0
8319,0,0,0
8322,0,0,0
8328,0,0,0
8339,0,0,0
8340,0,0,0
8341,0,0,0
8342,0,0,0
8365,0,0,0
8378,0,0,0
8380,0,0,0
8382,0,0,0
8383,0,0,0
8386,0,0,0
8387,0,0,0
8388,0,0,0
8389,0,0,0
8390,0,0,0
8392,0,0,0
8407,0,0,0
8411,0,0,0
8412,0,0,0
8422,0,0,0
8426,0,0,0
8429,0,0,0
8431,0,0,0
8434,0,0,0
8436,0,0,0
8440,0,0,0
8443,0,0,0
8447,0,0,0
8448,0,0,0
8450,0,0,0
8456,0,0,0
8465,0,0,0
8470,0,0,0
8471,0,0,0
8474,0,0,0
8475,0,0,0
8478,0,0,0
8485,0,0,0
8499,0,0,0
8502,0,0,0
8512,0,0,0
8515,0,0,0
8516,0,0,0
8523,0,0,0
8524,0,0,0
8525,0,0,0
8529,0,0,0
8531,0,0,0
8537,0,0,0
8542,0,0,0
8543,0,0,0
8544,0,0,0
8548,0,0,0
8549,0,0,0
8550,0,0,0
8551,0,0,0
8553,0,0,0
8555,0,0,0
8556,0,0,0
8561,0,0,0
8562,0,0,0
8563,0,0,0
8565,0,0,0
8566,0,0,0
8568,0,0,0
8577,0,0,0
8580,0,0,0
8584,0,0,0
8588,0,0,0
8589,0,0,0
8597,0,0,0
8598,0,0,0
8601,0,0,0
8604,0,0,0
8616,0,0,0
8620,0,0,0
8623,0,0,0
8626,0,0,0
8629,0,0,0
8631,0,0,0
8632,0,0,0
8634,0,0,0
8635,0,0,0
8636,0,0,0
8638,0,0,0
8642,0,0,0
8643,0,0,0
8644,0,0,0
8645,0,0,0
8649,0,0,0
8653,0,0,0
8654,0,0,0
8656,0,0,0
8657,0,0,0
8658,0,0,0
8659,0,0,0
8660,0,0,0
8665,0,0,0
8670,0,0,0
8673,0,0,0
8675,0,0,0
8677,0,0,0
8678,0,0,0
8679,0,0,0
8680,0,0,0
8684,0,0,0
8685,0,0,0
8689,0,0,0
8702,0,0,0
8705,0,0,0
8710,0,0,0
8712,0,0,0
8727,0,0,0
8728,0,0,0
8735,0,0,0
8739,0,0,0
8745,0,0,0
8752,0,0,0
8753,0,0,0
8754,0,0,0
8757,0,0,0
8759,0,0,0
8760,0,0,0
8761,0,0,0
8767,0,0,0
8769,0,0,0
8770,0,0,0
8777,0,0,0
8780,0,0,0
8782,0,0,0
8783,0,0,0
8785,0,0,0
8788,0,0,0
8793,0,0,0
8796,0,0,0
8797,0,0,0
8801,0,0,0
8805,0,0,0
8807,0,0,0
8808,0,0,0
8813,0,0,0
8816,0,0,0
8817,0,0,0
8819,0,0,0
8820,0,0,0
8821,0,0,0
8822,0,0,0
8826,0,0,0
8827,0,0,0
8828,0,0,0
8829,0,0,0
8831,0,0,0
8832,0,0,0
8837,0,0,0
8844,0,0,0
8845,0,0,0
8849,0,0,0
8854,0,0,0
8855,0,0,0
8856,0,0,0
8857,0,0,0
8858,0,0,0
8860,0,0,0
8864,0,0,0
8865,0,0,0
8871,0,0,0
