{
    "model_type": "ZINBAE",
    "timestamp": "20260116_090446",
    "use_conv": true,
    "scaling_notes": {
        "all_originals": "Normalized log counts (not used for main comparisons)",
        "all_reconstructions_mu": "Predicted mean parameter mu in RAW COUNT SPACE",
        "all_raw_counts": "Raw count data before normalization (PRIMARY comparison target)",
        "all_theta": "Dispersion parameter (theta > 0, controls variance)",
        "all_pi": "Zero-inflation probability (0 < pi < 1, represents P(zero))",
        "variance": "Computed as mu + mu^2/theta (ZINB variance formula)"
    },
    "metrics": {
        "zinb_nll": 1.9386173486709595,
        "mae": 2.8795225620269775,
        "r2": 0.6862281560897827
    },
    "summary_statistics": {
        "original": {
            "mean": -0.0034515990410000086,
            "std": 0.6939266920089722,
            "min": -0.5082309246063232,
            "max": 4.122210502624512,
            "median": -0.3000146746635437
        },
        "predicted_mu": {
            "mean": 5.396692276000977,
            "std": 6.3710103034973145,
            "min": 0.0,
            "max": 125.64649963378906,
            "median": 5.0
        },
        "residuals": {
            "mean": -1.6006168127059937,
            "std": 3.793994903564453,
            "median": -2.1079649925231934
        }
    },
    "zinb_parameters": {
        "theta": {
            "mean": 2.4100542068481445,
            "std": 11.637608528137207,
            "min": 1.0,
            "max": 100.0,
            "median": 1.0
        },
        "variance": {
            "mean": 72.74718475341797,
            "std": 292.4467468261719,
            "min": 0.0,
            "max": 15912.689453125,
            "median": 30.0
        },
        "variance_to_mean_ratio": {
            "mean": 7.673981666564941,
            "median": 6.0
        },
        "pi": {
            "mean": 0.21254605054855347,
            "std": 0.4084414839744568,
            "min": 9.999999747378752e-06,
            "max": 0.9999899864196777,
            "median": 9.999999747378752e-06
        }
    },
    "zero_inflation_analysis": {
        "percent_actual_zeros": 27.0925,
        "mean_pi_when_zero": 0.7835012078285217,
        "mean_pi_when_nonzero": 0.00037851123488508165,
        "zero_prediction_accuracy": 0.9416
    }
}