{
    "model_type": "ZINBAE",
    "timestamp": "20260114_171020",
    "use_conv": true,
    "scaling_notes": {
        "all_originals": "Normalized log counts (not used for main comparisons)",
        "all_reconstructions_mu": "Predicted mean parameter mu in RAW COUNT SPACE",
        "all_raw_counts": "Raw count data before normalization (PRIMARY comparison target)",
        "all_theta": "Dispersion parameter (theta > 0, controls variance)",
        "all_pi": "Zero-inflation probability (0 < pi < 1, represents P(zero))",
        "variance": "Computed as mu + mu^2/theta (ZINB variance formula)"
    },
    "metrics": {
        "zinb_nll": 1.127139687538147,
        "mae": 4.288698196411133,
        "r2": -126.00395202636719
    },
    "summary_statistics": {
        "original": {
            "mean": -0.003451596014201641,
            "std": 0.6939266920089722,
            "min": -0.5082309246063232,
            "max": 4.122210502624512,
            "median": -0.3000146746635437
        },
        "predicted_mu": {
            "mean": 4.285246849060059,
            "std": 7.130987167358398,
            "min": 9.999999747378752e-05,
            "max": 64.37083435058594,
            "median": 1.039423942565918
        },
        "residuals": {
            "mean": -0.4891715347766876,
            "std": 3.050954580307007,
            "median": -0.003479416947811842
        }
    },
    "zinb_parameters": {
        "theta": {
            "mean": 9.097259521484375,
            "std": 2.5908195972442627,
            "min": 0.006815348286181688,
            "max": 10.00014591217041,
            "median": 10.00014591217041
        },
        "variance": {
            "mean": 394.6151428222656,
            "std": 4777.68896484375,
            "min": 0.00010000114707509056,
            "max": 223594.640625,
            "median": 1.2128949165344238
        },
        "variance_to_mean_ratio": {
            "mean": 29.108213424682617,
            "median": 1.1193208694458008
        },
        "pi": {
            "mean": 0.08692359924316406,
            "std": 0.27915897965431213,
            "min": 9.999999747378752e-06,
            "max": 0.9999899864196777,
            "median": 9.999999747378752e-06
        }
    },
    "zero_inflation_analysis": {
        "percent_actual_zeros": 27.0925,
        "mean_pi_when_zero": 0.32067760825157166,
        "mean_pi_when_nonzero": 6.038418723619543e-05,
        "zero_prediction_accuracy": 0.816375
    }
}