{
    "model_type": "ZINBVAE",
    "timestamp": "20260114_155919",
    "use_conv": true,
    "scaling_notes": {
        "all_originals": "Normalized log counts (not used for main comparisons)",
        "all_reconstructions_mu": "Predicted mean parameter mu in RAW COUNT SPACE",
        "all_raw_counts": "Raw count data before normalization (PRIMARY comparison target)",
        "all_theta": "Dispersion parameter (theta > 0, controls variance)",
        "all_pi": "Zero-inflation probability (0 < pi < 1, represents P(zero))",
        "variance": "Computed as mu + mu^2/theta (ZINB variance formula)"
    },
    "metrics": {
        "zinb_nll": 1.8187280893325806,
        "mae": 3.846500873565674,
        "r2": -65.82899475097656,
        "recon_loss": 1.793898582458496,
        "kl_loss": 0.024829503148794174
    },
    "summary_statistics": {
        "original": {
            "mean": -0.0034515929874032736,
            "std": 0.6939266324043274,
            "min": -0.5082309246063232,
            "max": 4.122210502624512,
            "median": -0.3000146746635437
        },
        "predicted_mu": {
            "mean": 3.8430206775665283,
            "std": 4.5917134284973145,
            "min": 0.00016693676298018545,
            "max": 21.38307762145996,
            "median": 2.2431752681732178
        },
        "residuals": {
            "mean": -0.04694564267992973,
            "std": 5.666977882385254,
            "median": -0.3703039288520813
        }
    },
    "zinb_parameters": {
        "theta": {
            "mean": 2.5895183086395264,
            "std": 3.421193838119507,
            "min": 0.00016389766824431717,
            "max": 46.84196090698242,
            "median": 1.31513512134552
        },
        "variance": {
            "mean": 131.84033203125,
            "std": 3852.71875,
            "min": 0.0001669946504989639,
            "max": 468162.90625,
            "median": 6.937005996704102
        },
        "variance_to_mean_ratio": {
            "mean": 17.184377670288086,
            "median": 2.6023807525634766
        },
        "pi": {
            "mean": 0.012139633297920227,
            "std": 0.0836370438337326,
            "min": 9.999999747378752e-06,
            "max": 0.9998983144760132,
            "median": 0.00011523670400492847
        }
    },
    "zero_inflation_analysis": {
        "percent_actual_zeros": 27.0925,
        "mean_pi_when_zero": 0.037895821034908295,
        "mean_pi_when_nonzero": 0.0025686079170554876,
        "zero_prediction_accuracy": 0.737675
    }
}