{
    "model_type": "ZINBAE",
    "timestamp": "20260114_173107",
    "use_conv": true,
    "scaling_notes": {
        "all_originals": "Normalized log counts (not used for main comparisons)",
        "all_reconstructions_mu": "Predicted mean parameter mu in RAW COUNT SPACE",
        "all_raw_counts": "Raw count data before normalization (PRIMARY comparison target)",
        "all_theta": "Dispersion parameter (theta > 0, controls variance)",
        "all_pi": "Zero-inflation probability (0 < pi < 1, represents P(zero))",
        "variance": "Computed as mu + mu^2/theta (ZINB variance formula)"
    },
    "metrics": {
        "zinb_nll": 1.1716740131378174,
        "mae": 4.261275768280029,
        "r2": -117.69273376464844
    },
    "summary_statistics": {
        "original": {
            "mean": -0.003451602067798376,
            "std": 0.6939266920089722,
            "min": -0.5082309246063232,
            "max": 4.122210502624512,
            "median": -0.3000146746635437
        },
        "predicted_mu": {
            "mean": 4.257824420928955,
            "std": 6.817467212677002,
            "min": 0.00010000025940826163,
            "max": 64.31578063964844,
            "median": 1.137244462966919
        },
        "residuals": {
            "mean": -0.46174925565719604,
            "std": 3.577725648880005,
            "median": -0.008664730936288834
        }
    },
    "zinb_parameters": {
        "theta": {
            "mean": 8.463607788085938,
            "std": 3.1010401248931885,
            "min": 0.00010000205656979233,
            "max": 10.00014591217041,
            "median": 10.00014591217041
        },
        "variance": {
            "mean": 5516.30810546875,
            "std": 112579.8984375,
            "min": 0.00010000125621445477,
            "max": 9759248.0,
            "median": 1.3803858757019043
        },
        "variance_to_mean_ratio": {
            "mean": 383.68328857421875,
            "median": 1.1417701244354248
        },
        "pi": {
            "mean": 0.05542951822280884,
            "std": 0.22528193891048431,
            "min": 9.999999747378752e-06,
            "max": 0.9999899864196777,
            "median": 9.999999747378752e-06
        }
    },
    "zero_inflation_analysis": {
        "percent_actual_zeros": 27.0925,
        "mean_pi_when_zero": 0.20413286983966827,
        "mean_pi_when_nonzero": 0.00017120591655839235,
        "zero_prediction_accuracy": 0.784675
    }
}