{
    "model_type": "ZINBAE",
    "timestamp": "20260118_113744",
    "use_conv": true,
    "scaling_notes": {
        "all_originals": "Normalized log counts (not used for main comparisons)",
        "all_reconstructions_mu": "Predicted mean parameter mu in RAW COUNT SPACE",
        "all_raw_counts": "Raw count data before normalization (PRIMARY comparison target)",
        "all_theta": "Dispersion parameter (theta > 0, controls variance)",
        "all_pi": "Zero-inflation probability (0 < pi < 1, represents P(zero))",
        "variance": "Computed as mu + mu^2/theta (ZINB variance formula)"
    },
    "metrics": {
        "zinb_nll": 1.3503857851028442,
        "mae": 0.5501309633255005,
        "r2": 0.948262095451355
    },
    "summary_statistics": {
        "original": {
            "mean": -0.0034515990410000086,
            "std": 0.6939266920089722,
            "min": -0.5082309246063232,
            "max": 4.122210502624512,
            "median": -0.3000146746635437
        },
        "predicted_mu": {
            "mean": 3.701977252960205,
            "std": 7.125729084014893,
            "min": 0.0,
            "max": 92.21665954589844,
            "median": 0.763078510761261
        },
        "residuals": {
            "mean": 0.09409733861684799,
            "std": 1.6694566011428833,
            "median": 0.0
        }
    },
    "zinb_parameters": {
        "theta": {
            "mean": 117.63504028320312,
            "std": 546.4404296875,
            "min": 1.0,
            "max": 22026.46484375,
            "median": 1.0
        },
        "variance": {
            "mean": 53.207923889160156,
            "std": 252.793212890625,
            "min": 0.0,
            "max": 8596.12890625,
            "median": 1.0962928533554077
        },
        "variance_to_mean_ratio": {
            "mean": 4.600828647613525,
            "median": 1.5904810428619385
        },
        "pi": {
            "mean": 0.27108508348464966,
            "std": 0.41967400908470154,
            "min": 1.1108147191407625e-05,
            "max": 0.9998542070388794,
            "median": 0.01743170991539955
        }
    },
    "zero_inflation_analysis": {
        "percent_actual_zeros": 27.0925,
        "mean_pi_when_zero": 0.9586049318313599,
        "mean_pi_when_nonzero": 0.015602026134729385,
        "zero_prediction_accuracy": 1.0
    }
}