{
    "model_type": "ZINBVAE",
    "timestamp": "20260116_120700",
    "use_conv": true,
    "scaling_notes": {
        "all_originals": "Normalized log counts (not used for main comparisons)",
        "all_reconstructions_mu": "Predicted mean parameter mu in RAW COUNT SPACE",
        "all_raw_counts": "Raw count data before normalization (PRIMARY comparison target)",
        "all_theta": "Dispersion parameter (theta > 0, controls variance)",
        "all_pi": "Zero-inflation probability (0 < pi < 1, represents P(zero))",
        "variance": "Computed as mu + mu^2/theta (ZINB variance formula)"
    },
    "metrics": {
        "zinb_nll": 1.7741525277406927,
        "mae": 2.4137792587280273,
        "r2": 0.2064644694328308,
        "recon_loss": 1.7666679000571426,
        "kl_loss": 0.007484630765760276
    },
    "summary_statistics": {
        "original": {
            "mean": -0.0016155648045241833,
            "std": 0.5025811195373535,
            "min": -0.2490966022014618,
            "max": 14.260168075561523,
            "median": -0.2246159017086029
        },
        "predicted_mu": {
            "mean": 2.179260015487671,
            "std": 3.6712141036987305,
            "min": 0.0,
            "max": 1495.7725830078125,
            "median": 0.8796082735061646
        },
        "residuals": {
            "mean": 0.04468642920255661,
            "std": 5.125002861022949,
            "median": 0.0
        }
    },
    "zinb_parameters": {
        "theta": {
            "mean": 535.5204467773438,
            "std": 2832.108642578125,
            "min": 0.007006991188973188,
            "max": 22026.466796875,
            "median": 0.8496004343032837
        },
        "variance": {
            "mean": 25.722267150878906,
            "std": 7174.13525390625,
            "min": 0.0,
            "max": 21029154.0,
            "median": 1.4948517084121704
        },
        "variance_to_mean_ratio": {
            "mean": 6.217174530029297,
            "median": 5.263055801391602
        },
        "pi": {
            "mean": 0.4473443031311035,
            "std": 0.2732663154602051,
            "min": 9.999999747378752e-06,
            "max": 0.9999899864196777,
            "median": 0.48847484588623047
        }
    },
    "zero_inflation_analysis": {
        "percent_actual_zeros": 44.4040980841878,
        "mean_pi_when_zero": 0.6147796511650085,
        "mean_pi_when_nonzero": 0.31361472606658936,
        "zero_prediction_accuracy": 0.738559599298435
    }
}