{
    "model_type": "ZINBAE",
    "timestamp": "20260115_144347",
    "use_conv": true,
    "scaling_notes": {
        "all_originals": "Normalized log counts (not used for main comparisons)",
        "all_reconstructions_mu": "Predicted mean parameter mu in RAW COUNT SPACE",
        "all_raw_counts": "Raw count data before normalization (PRIMARY comparison target)",
        "all_theta": "Dispersion parameter (theta > 0, controls variance)",
        "all_pi": "Zero-inflation probability (0 < pi < 1, represents P(zero))",
        "variance": "Computed as mu + mu^2/theta (ZINB variance formula)"
    },
    "metrics": {
        "zinb_nll": 1.1604351997375488,
        "mae": 1.353352665901184,
        "r2": -18.239904403686523
    },
    "summary_statistics": {
        "original": {
            "mean": -0.003451602067798376,
            "std": 0.6939266920089722,
            "min": -0.5082309246063232,
            "max": 4.122210502624512,
            "median": -0.3000146746635437
        },
        "predicted_mu": {
            "mean": 4.688257217407227,
            "std": 32.95185852050781,
            "min": 0.0,
            "max": 4123.849609375,
            "median": 1.019632339477539
        },
        "residuals": {
            "mean": -0.8921822309494019,
            "std": 32.232540130615234,
            "median": -0.40000009536743164
        }
    },
    "zinb_parameters": {
        "theta": {
            "mean": 5941.69580078125,
            "std": 8933.3427734375,
            "min": 2.06115369216775e-09,
            "max": 22026.46484375,
            "median": 203.70123291015625
        },
        "variance": {
            "mean": 5220624.5,
            "std": 241129632.0,
            "min": 0.0,
            "max": 34125475840.0,
            "median": 2.5898046493530273
        },
        "variance_to_mean_ratio": {
            "mean": 2974777.0,
            "median": 1.010709285736084
        },
        "pi": {
            "mean": 0.05368920788168907,
            "std": 0.2207031548023224,
            "min": 9.999999747378752e-06,
            "max": 0.9999899864196777,
            "median": 9.999999747378752e-06
        }
    },
    "zero_inflation_analysis": {
        "percent_actual_zeros": 27.0925,
        "mean_pi_when_zero": 0.19658145308494568,
        "mean_pi_when_nonzero": 0.0005903049022890627,
        "zero_prediction_accuracy": 0.783025
    }
}