{
    "model_type": "AE",
    "timestamp": "20251207_132247",
    "use_conv": false,
    "num_epochs": 10,
    "final_loss": 4.7497969859347124,
    "min_loss": 4.749492265100577,
    "max_loss": 4.754208535767952,
    "losses_per_epoch": [
        4.754208535767952,
        4.749492265100577,
        4.7496739139889605,
        4.7498142910174685,
        4.749650562645639,
        4.749624860307706,
        4.749877733503647,
        4.7498372427465965,
        4.749560933621375,
        4.7497969859347124
    ]
}