{
    "model_type": "AE",
    "timestamp": "20251207_131902",
    "use_conv": false,
    "num_epochs": 10,
    "final_loss": 7.075425883109476,
    "min_loss": 7.075048971031504,
    "max_loss": 7.076219897050863,
    "losses_per_epoch": [
        7.076219897050863,
        7.075329822428648,
        7.075461530396576,
        7.075348408337232,
        7.0754072678808075,
        7.075195468442928,
        7.075048971031504,
        7.075167777659005,
        7.075573704943262,
        7.075425883109476
    ]
}