{
    "model_type": "AE",
    "timestamp": "20251128_151623",
    "num_epochs": 10,
    "final_loss": 0.004396610138331644,
    "min_loss": 0.004366290023812061,
    "max_loss": 0.004506943289046383,
    "losses_per_epoch": [
        0.004506943289046383,
        0.004455278230832792,
        0.004366290023812061,
        0.004502871143746961,
        0.004450407506742691,
        0.004414342925473617,
        0.004485502665758014,
        0.004425845469042903,
        0.004401945481772186,
        0.004396610138331644
    ]
}