{
    "model_type": "AE",
    "timestamp": "20251207_132246",
    "use_conv": false,
    "num_epochs": 10,
    "final_loss": 4.065700347442712,
    "min_loss": 4.065700347442712,
    "max_loss": 4.067433155333322,
    "losses_per_epoch": [
        4.067433155333322,
        4.0662725373927895,
        4.066009153418844,
        4.065918571914085,
        4.065750302787724,
        4.065967462984694,
        4.065843616396678,
        4.065855060241712,
        4.066048091491757,
        4.065700347442712
    ]
}