{
    "model_type": "AE",
    "timestamp": "20251128_205450",
    "num_epochs": 10,
    "final_loss": 0.004256907621774977,
    "min_loss": 0.004256836906225156,
    "max_loss": 0.004257110778872947,
    "losses_per_epoch": [
        0.004256836906225156,
        0.004257086289145672,
        0.004256963203337651,
        0.004257065725120906,
        0.004257110778872947,
        0.0042570318573105,
        0.004257025057742145,
        0.004257058203169806,
        0.004257023228719672,
        0.004256907621774977
    ]
}