{
    "model_type": "AE_binary",
    "timestamp": "20251202_125409",
    "num_epochs": 10,
    "final_loss": 1104.3969674233126,
    "min_loss": 1104.3969674233126,
    "max_loss": 1184.0853326604813,
    "losses_per_epoch": [
        1184.0853326604813,
        1133.1186142647864,
        1121.4714466816213,
        1114.9341880707739,
        1111.6570475815352,
        1109.6112518170687,
        1108.0033025183,
        1106.5894161872989,
        1105.306884345121,
        1104.3969674233126
    ]
}