{
    "model_type": "VAE",
    "timestamp": "20251129_122001",
    "num_epochs": 10,
    "final_loss": 0.004257665035183285,
    "min_loss": 0.004257412868708764,
    "max_loss": 0.021572685070029154,
    "losses_per_epoch": [
        0.021572685070029154,
        0.004257443595112433,
        0.004257412868708764,
        0.004257683197683117,
        0.004257713608533266,
        0.004257783814868509,
        0.004257587785362847,
        0.0042574575678256425,
        0.004257569228731702,
        0.004257665035183285
    ]
}