{
    "model_type": "VAE",
    "timestamp": "20251202_125419",
    "num_epochs": 10,
    "final_loss": 8.513703487540683,
    "min_loss": 8.513677673176737,
    "max_loss": 8.564026637135974,
    "losses_per_epoch": [
        8.564026637135974,
        8.5143511745759,
        8.514193683383295,
        8.513941791329167,
        8.514373199389388,
        8.513787304173198,
        8.513714412288417,
        8.514005155312931,
        8.513677673176737,
        8.513703487540683
    ]
}