{
    "model_type": "VAE",
    "timestamp": "20251207_132026",
    "use_conv": false,
    "num_epochs": 10,
    "final_loss": 4.749904304995885,
    "min_loss": 4.749452809354808,
    "max_loss": 4.786073020273073,
    "losses_per_epoch": [
        4.786073020273073,
        4.749875796601917,
        4.74949497015422,
        4.749855221719766,
        4.749814987347485,
        4.749520476022529,
        4.74956475763257,
        4.749452809354808,
        4.7497252660808025,
        4.749904304995885
    ]
}