{
    "model_type": "VAE",
    "timestamp": "20251202_181505",
    "use_conv": false,
    "num_epochs": 10,
    "final_loss": 8.51408803313732,
    "min_loss": 8.513815131644531,
    "max_loss": 8.56146675715644,
    "losses_per_epoch": [
        8.56146675715644,
        8.514174944191126,
        8.514176469199747,
        8.514070426544468,
        8.514142814001806,
        8.513896963708516,
        8.51423219314094,
        8.514312391953247,
        8.513815131644531,
        8.51408803313732
    ]
}