{
    "model_type": "VAE_binary",
    "timestamp": "20251202_125453",
    "num_epochs": 10,
    "final_loss": 1356.4507750299852,
    "min_loss": 1356.450774914408,
    "max_loss": 1357.412290278971,
    "losses_per_epoch": [
        1357.412290278971,
        1356.581619366438,
        1356.4581139688305,
        1356.4560399465024,
        1356.4581787006093,
        1356.4586956855533,
        1356.450774914408,
        1356.4515967056554,
        1356.4529482936907,
        1356.4507750299852
    ]
}