{
    "model_type": "VAE",
    "timestamp": "20251202_171557",
    "use_conv": false,
    "num_epochs": 10,
    "final_loss": 8.514196490832248,
    "min_loss": 8.513972340961876,
    "max_loss": 8.560260729870375,
    "losses_per_epoch": [
        8.560260729870375,
        8.513972340961876,
        8.514178785813474,
        8.513980203049924,
        8.5140831580452,
        8.514137973763162,
        8.514182491552049,
        8.514349899025335,
        8.514151681284925,
        8.514196490832248
    ]
}