{
    "model_type": "ZINBVAE",
    "timestamp": "20260118_160307",
    "use_conv": true,
    "scaling_notes": {
        "all_originals": "Normalized log counts (not used for main comparisons)",
        "all_reconstructions_mu": "Predicted mean parameter mu in RAW COUNT SPACE",
        "all_raw_counts": "Raw count data before normalization (PRIMARY comparison target)",
        "all_theta": "Dispersion parameter (theta > 0, controls variance)",
        "all_pi": "Zero-inflation probability (0 < pi < 1, represents P(zero))",
        "variance": "Computed as mu + mu^2/theta (ZINB variance formula)"
    },
    "metrics": {
        "total_loss": 3.0040760040283203,
        "zinb_nll": 1.4682053327560425,
        "mae": 1.4483915567398071,
        "r2": 0.734470009803772,
        "kl_loss": 0.08747917413711548,
        "masked_loss": 1.4483915567398071
    },
    "summary_statistics": {
        "original": {
            "mean": -0.0034515990410000086,
            "std": 0.6939266324043274,
            "min": -0.5082309246063232,
            "max": 4.122210502624512,
            "median": -0.3000146746635437
        },
        "predicted_mu": {
            "mean": 3.8505303859710693,
            "std": 6.18921422958374,
            "min": 0.010228998959064484,
            "max": 135.40972900390625,
            "median": 1.6031807661056519
        },
        "residuals": {
            "mean": -0.0544552318751812,
            "std": 4.059218883514404,
            "median": -0.26736629009246826
        }
    },
    "zinb_parameters": {
        "theta": {
            "mean": 72.52628326416016,
            "std": 315.93206787109375,
            "min": 0.043247565627098083,
            "max": 22026.46484375,
            "median": 17.07427978515625
        },
        "variance": {
            "mean": 23.20978546142578,
            "std": 189.1175994873047,
            "min": 0.010230043902993202,
            "max": 16848.193359375,
            "median": 2.0098114013671875
        },
        "variance_to_mean_ratio": {
            "mean": 2.3556432723999023,
            "median": 1.1054188013076782
        },
        "pi": {
            "mean": 0.2640576660633087,
            "std": 0.3302142322063446,
            "min": 9.999999747378752e-06,
            "max": 0.9998031258583069,
            "median": 0.06940428912639618
        }
    },
    "zero_inflation_analysis": {
        "percent_actual_zeros": 27.0925,
        "mean_pi_when_zero": 0.744350016117096,
        "mean_pi_when_nonzero": 0.08558057248592377,
        "zero_prediction_accuracy": 0.946675
    }
}