{
    "model_type": "ZINBVAE",
    "timestamp": "20260118_155924",
    "use_conv": true,
    "scaling_notes": {
        "all_originals": "Normalized log counts (not used for main comparisons)",
        "all_reconstructions_mu": "Predicted mean parameter mu in RAW COUNT SPACE",
        "all_raw_counts": "Raw count data before normalization (PRIMARY comparison target)",
        "all_theta": "Dispersion parameter (theta > 0, controls variance)",
        "all_pi": "Zero-inflation probability (0 < pi < 1, represents P(zero))",
        "variance": "Computed as mu + mu^2/theta (ZINB variance formula)"
    },
    "metrics": {
        "total_loss": 3.0653624534606934,
        "zinb_nll": 1.5043660402297974,
        "mae": 1.477400302886963,
        "r2": 0.7275338172912598,
        "kl_loss": 0.08359614759683609,
        "masked_loss": 1.4774001836776733
    },
    "summary_statistics": {
        "original": {
            "mean": -0.0034515929874032736,
            "std": 0.6939266324043274,
            "min": -0.5082309246063232,
            "max": 4.122210502624512,
            "median": -0.3000146746635437
        },
        "predicted_mu": {
            "mean": 4.0670857429504395,
            "std": 7.229548454284668,
            "min": 0.006228593643754721,
            "max": 150.02862548828125,
            "median": 1.5250729322433472
        },
        "residuals": {
            "mean": -0.2710111439228058,
            "std": 4.210747718811035,
            "median": -0.2731582522392273
        }
    },
    "zinb_parameters": {
        "theta": {
            "mean": 135.22686767578125,
            "std": 819.7508544921875,
            "min": 0.01203218288719654,
            "max": 22026.46484375,
            "median": 18.132041931152344
        },
        "variance": {
            "mean": 31.35164451599121,
            "std": 492.30633544921875,
            "min": 0.006229206919670105,
            "max": 79820.6328125,
            "median": 1.9069726467132568
        },
        "variance_to_mean_ratio": {
            "mean": 2.484241247177124,
            "median": 1.0969104766845703
        },
        "pi": {
            "mean": 0.2747289538383484,
            "std": 0.3325236439704895,
            "min": 9.999999747378752e-06,
            "max": 0.9999748468399048,
            "median": 0.07637406885623932
        }
    },
    "zero_inflation_analysis": {
        "percent_actual_zeros": 27.0925,
        "mean_pi_when_zero": 0.7409560680389404,
        "mean_pi_when_nonzero": 0.10147852450609207,
        "zero_prediction_accuracy": 0.926925
    }
}