{
    "model_type": "AE",
    "timestamp": "20251202_205150",
    "use_conv": true,
    "num_epochs": 10,
    "final_loss": 8.513715092043485,
    "min_loss": 8.513715092043485,
    "max_loss": 8.535441010584348,
    "losses_per_epoch": [
        8.535441010584348,
        8.513890667835607,
        8.51404092577724,
        8.514264139393429,
        8.514080814199003,
        8.514352719655857,
        8.514265580099067,
        8.513930661573058,
        8.514110940292385,
        8.513715092043485
    ]
}