{
    "model_type": "AE",
    "timestamp": "20251207_132022",
    "use_conv": false,
    "num_epochs": 10,
    "final_loss": 9.370776669174255,
    "min_loss": 9.370561275979506,
    "max_loss": 9.375049498861603,
    "losses_per_epoch": [
        9.375049498861603,
        9.370713433503703,
        9.370697295912274,
        9.370673742968643,
        9.3707750377747,
        9.370561275979506,
        9.37090756935606,
        9.370888879374146,
        9.370595467989796,
        9.370776669174255
    ]
}