{
    "model_type": "AE",
    "timestamp": "20251202_171507",
    "use_conv": false,
    "num_epochs": 10,
    "final_loss": 8.513796696550658,
    "min_loss": 8.513796696550658,
    "max_loss": 8.968556484456755,
    "losses_per_epoch": [
        8.968556484456755,
        8.514123660237331,
        8.514126209244393,
        8.51393382637011,
        8.514130547179677,
        8.514241247748142,
        8.5142452635154,
        8.514313443491544,
        8.514295288637541,
        8.513796696550658
    ]
}