{
    "model_type": "VAE",
    "timestamp": "20251202_193352",
    "use_conv": false,
    "num_epochs": 10,
    "final_loss": 8.514321504417437,
    "min_loss": 8.51383886690438,
    "max_loss": 8.556065367030882,
    "losses_per_epoch": [
        8.556065367030882,
        8.514174328526014,
        8.51383886690438,
        8.514097881588983,
        8.514191230576008,
        8.513997149361083,
        8.5138845899137,
        8.513957123612274,
        8.514060114019363,
        8.514321504417437
    ]
}