{
    "model_type": "VAE",
    "timestamp": "20251207_132335",
    "use_conv": false,
    "num_epochs": 10,
    "final_loss": 9.370963979386639,
    "min_loss": 9.370597835337092,
    "max_loss": 9.409319896797534,
    "losses_per_epoch": [
        9.409319896797534,
        9.370845030394719,
        9.370729144540444,
        9.370779747642406,
        9.371019236336434,
        9.370916735872159,
        9.370818252769407,
        9.370597835337092,
        9.370806226830675,
        9.370963979386639
    ]
}