{
    "model_type": "VAE",
    "timestamp": "20251202_204953",
    "use_conv": true,
    "num_epochs": 10,
    "final_loss": 8.513944468518547,
    "min_loss": 8.513915021880052,
    "max_loss": 9.155065554234948,
    "losses_per_epoch": [
        9.155065554234948,
        8.513969901518669,
        8.514319164898657,
        8.513915021880052,
        8.514286011726705,
        8.514190106802026,
        8.514112388502562,
        8.514257861087142,
        8.51431896324631,
        8.513944468518547
    ]
}