{
    "model_type": "VAE",
    "timestamp": "20251128_151738",
    "num_epochs": 10,
    "final_loss": 0.0044656718580133245,
    "min_loss": 0.004465168414830293,
    "max_loss": 0.3725825016540428,
    "losses_per_epoch": [
        0.3725825016540428,
        0.004595001596277203,
        0.004470562204207387,
        0.004466749069848998,
        0.004465168414830293,
        0.0044652590421382305,
        0.004466060172863288,
        0.004466423222531169,
        0.0044656655074921175,
        0.0044656718580133245
    ]
}