{
    "model_type": "VAE",
    "timestamp": "20251207_132022",
    "use_conv": false,
    "num_epochs": 10,
    "final_loss": 4.066106798705892,
    "min_loss": 4.065754342053552,
    "max_loss": 4.109145554734759,
    "losses_per_epoch": [
        4.109145554734759,
        4.066327890515461,
        4.066238275407292,
        4.066017270271207,
        4.065754342053552,
        4.065840698632681,
        4.066128317349741,
        4.065883836389471,
        4.066209191535912,
        4.066106798705892
    ]
}