{
    "model_type": "ZINBVAE",
    "timestamp": "20251208_102006",
    "use_conv": false,
    "loss_type": "ZINB_NLL",
    "num_epochs": 10,
    "final_loss": 2078.5518567819804,
    "min_loss": 2078.5518567819804,
    "max_loss": 2186.044488776883,
    "losses_per_epoch": [
        2186.044488776883,
        2152.8417754050133,
        2148.1140689585536,
        2146.5374965078067,
        2145.1377884068843,
        2144.5868940669147,
        2133.297680054718,
        2086.873851655097,
        2080.71659465915,
        2078.5518567819804
    ],
    "final_recon_loss": 2072.230133027659,
    "final_kl_loss": 6.3217230005589355,
    "min_recon_loss": 2072.230133027659,
    "min_kl_loss": 3.5899179402193817,
    "recon_losses_per_epoch": [
        2179.153974683388,
        2148.7696949423284,
        2144.295465744562,
        2142.7758256904863,
        2141.5251554568395,
        2140.996975813495,
        2128.226437349201,
        2079.2156595937354,
        2074.1794147199703,
        2072.230133027659
    ],
    "kl_losses_per_epoch": [
        6.890514412068188,
        4.072080043977939,
        3.818603413389397,
        3.7616714434972405,
        3.612633784156985,
        3.5899179402193817,
        5.071243108998881,
        7.658192665687572,
        6.537179825873282,
        6.3217230005589355
    ]
}