{
    "model_type": "ZINBVAE",
    "timestamp": "20251208_095452",
    "use_conv": false,
    "loss_type": "ZINB_NLL",
    "num_epochs": 10,
    "final_loss": 2122.675965520921,
    "min_loss": 2122.675965520921,
    "max_loss": 2184.8677762217553,
    "losses_per_epoch": [
        2184.8677762217553,
        2151.645373995372,
        2147.931068575236,
        2146.3736891242816,
        2145.403211449898,
        2144.6307972081563,
        2144.079989019378,
        2143.8003395755936,
        2143.413857630227,
        2122.675965520921
    ],
    "final_recon_loss": 2116.244369475744,
    "final_kl_loss": 6.431596932460303,
    "min_recon_loss": 2116.244369475744,
    "min_kl_loss": 3.350892286311035,
    "recon_losses_per_epoch": [
        2178.3518549582245,
        2147.7600516127404,
        2144.269729793353,
        2142.8080585512694,
        2141.9291733041746,
        2141.212839669235,
        2140.696191747501,
        2140.429127018098,
        2140.0629659401284,
        2116.244369475744
    ],
    "kl_losses_per_epoch": [
        6.515919816763382,
        3.8853220270844626,
        3.661338350435846,
        3.56563041904136,
        3.474038390458031,
        3.4179581587581844,
        3.383797022423634,
        3.3712135095456244,
        3.350892286311035,
        6.431596932460303
    ]
}