distance,median_nonzero,std_nonzero,count_nonzero
0,1.0,2.573193551165523,70.0
1,1.0,1.7335714122209798,126.0
2,1.0,2.3035758490417604,127.0
3,1.0,1.8450121320581774,129.0
4,1.0,1.2075769548855255,139.0
5,1.0,1.7021990779403844,152.0
6,1.0,1.5484473112218744,120.0
7,1.0,1.6777269737899734,138.0
8,1.0,1.8946152456722867,128.0
9,1.0,2.070628221377078,143.0
10,1.0,1.235873649117401,115.0
11,1.0,2.378215624805251,140.0
12,1.0,1.4270050120602464,147.0
13,1.0,1.6810812185198973,138.0
14,1.0,1.8775150216820113,133.0
15,1.0,1.9121026194149755,147.0
16,1.0,1.7299750602918011,135.0
17,1.0,1.364023095922932,161.0
18,1.0,1.8392604038806981,142.0
19,2.0,1.7869240878550046,139.0
20,1.0,1.2773415058731783,146.0
21,1.0,1.5309583614928497,140.0
22,1.0,1.138295848755322,151.0
23,1.0,1.6356548800509514,143.0
24,1.0,1.5008642263115524,127.0
25,1.0,1.4411384621525207,147.0
26,1.0,1.4348474678200316,140.0
27,1.0,1.813452518984172,148.0
28,1.0,1.1576560170632944,137.0
29,1.0,1.7235643981604287,153.0
30,1.0,1.2059323627667582,116.0
31,1.0,1.4100696528173446,144.0
32,1.0,2.051144411353431,160.0
33,1.0,1.8209189725235833,152.0
34,1.0,1.4362793087788708,140.0
35,1.0,1.0273442663541457,150.0
36,1.0,1.9544707339557752,151.0
37,1.0,1.5120645513995261,127.0
38,1.0,1.6078243409697779,133.0
39,1.0,1.245457806153957,141.0
40,1.0,1.9783124330434179,143.0
41,1.0,1.9076747213352805,137.0
42,1.0,1.727448733919202,138.0
43,1.0,1.7413944871945217,124.0
44,1.0,1.9525911469268613,146.0
45,1.0,2.1019584805470677,148.0
46,1.0,1.4198782934347032,143.0
47,1.0,1.5128894284308925,136.0
48,1.0,1.9538059412755469,135.0
49,1.0,1.2012670197879358,160.0
50,1.0,2.217620430909414,142.0
51,1.0,1.9496460157203337,128.0
52,1.0,1.4289709730984892,144.0
53,1.0,1.298908447626707,157.0
54,1.0,2.2167502922052065,139.0
55,1.0,1.977160567883926,146.0
56,1.0,1.4887638867354889,134.0
57,1.0,1.7715687319756872,116.0
58,1.0,1.936942764836423,147.0
59,1.0,2.1713837922042036,130.0
60,1.0,1.4599042176595236,119.0
61,1.0,2.2845907376835966,125.0
62,1.0,2.3304438903700797,115.0
63,1.0,2.3623791780396686,111.0
64,1.0,1.295510250990814,106.0
65,1.0,2.695454727958937,120.0
66,1.0,1.3413365904191428,97.0
67,1.0,2.0620618202480587,116.0
68,1.0,1.512303407853869,117.0
69,1.0,2.7841136219259823,97.0
70,1.0,2.245685518561284,116.0
71,1.0,1.19868949246938,112.0
72,1.0,1.8848944150867253,103.0
73,1.0,2.348475278655022,120.0
74,1.0,1.644993922228937,110.0
75,1.0,1.8618934115865267,83.0
76,1.0,2.394888236967466,106.0
77,1.0,2.3583775851280886,93.0
78,1.0,1.4892706842170589,85.0
79,1.0,2.078966118555116,91.0
80,1.0,2.193033232902382,82.0
81,1.0,1.5647431267245044,76.0
82,1.0,1.708501179294424,90.0
83,1.0,1.5713968149139645,72.0
84,1.0,2.4723573582861063,74.0
85,1.5,2.7572055671789397,64.0
86,1.0,1.8368082182057561,54.0
87,1.0,1.2726461955863988,42.0
88,1.0,0.8791922196115425,43.0
89,1.0,2.7571479470396225,66.0
90,1.0,2.7785409579620133,46.0
91,1.0,1.744544164942333,45.0
92,1.0,2.557065409705771,44.0
93,1.0,1.9261950245827326,33.0
94,2.0,1.7179113807746669,41.0
95,1.0,1.628441544037789,39.0
96,1.0,1.7883845581225233,35.0
97,1.0,1.5662242245219469,38.0
98,1.0,2.0833218390487516,30.0
99,1.0,0.9029235493443459,29.0
100,1.0,1.2656428610993908,28.0
101,2.0,1.2477937519124818,31.0
102,1.0,2.7124659010516274,30.0
103,1.0,0.7926581093427849,28.0
104,1.0,1.2011193725169755,23.0
105,2.0,1.982378511133408,19.0
106,1.0,2.604138717798739,26.0
107,1.0,3.2403703492039297,25.0
108,1.0,1.5486508088433273,35.0
109,2.0,2.2417941532712202,27.0
110,1.0,1.354763675105225,26.0
111,1.0,0.7432233529572065,15.0
112,1.0,1.6321861476416712,23.0
113,1.5,3.193091500933434,16.0
114,1.0,2.3159525823376357,23.0
115,1.0,2.6823134035390415,22.0
116,2.0,1.9578900207451218,10.0
117,2.0,1.6113847605587084,28.0
118,1.0,3.8378948955693444,22.0
119,2.0,2.8543053136497876,18.0
120,1.0,3.0889920558626023,29.0
121,2.0,1.3102162671355697,16.0
122,2.0,1.3826657968874305,18.0
123,1.0,0.5149286505444373,12.0
124,1.0,3.492849839314596,5.0
125,1.0,1.0593499054713804,10.0
126,1.0,3.2041639575194445,15.0
127,1.0,0.4522670168666454,12.0
128,2.0,2.062654952856986,11.0
129,1.0,3.1071764440638794,11.0
130,2.0,4.065637928382935,17.0
131,2.0,4.195540978534724,13.0
132,1.0,3.7050334313299693,12.0
133,1.0,1.7059473644448735,13.0
134,1.5,1.9694638556693236,12.0
135,1.0,1.092906420717,9.0
136,1.0,1.3400870618483463,16.0
137,1.0,1.7268882005337975,8.0
138,1.0,1.7525491637693282,8.0
139,2.5,3.6040101122068022,10.0
140,2.0,3.597838857487151,10.0
141,2.0,2.2146697055682827,7.0
142,1.0,3.0822070014844885,9.0
143,1.5,1.4433756729740645,12.0
144,1.0,1.7816403745544227,12.0
145,1.0,1.0606601717798212,8.0
146,1.0,0.3333333333333333,9.0
147,1.0,1.3333333333333333,9.0
148,1.5,0.816496580927726,6.0
149,1.0,0.6466697906828632,11.0
150,1.0,0.4472135954999579,5.0
151,1.0,1.9880595947760098,7.0
152,2.0,2.260776661041756,9.0
153,2.0,1.96638416050035,6.0
154,1.5,3.869069264008719,12.0
155,2.0,1.1547005383792515,4.0
156,2.0,0.8366600265340756,5.0
157,1.0,0.5175491695067657,8.0
158,1.0,1.5735915849388864,7.0
159,1.0,0.408248290463863,6.0
160,2.5,3.391164991562634,6.0
161,4.0,1.6431676725154984,5.0
162,1.5,3.1367635732209265,8.0
163,1.0,1.6035674514745464,8.0
164,3.0,4.803272693844123,8.0
165,1.5,0.9910312089651148,8.0
166,1.5,1.2792042981336627,12.0
167,1.0,1.164500152881315,12.0
168,1.0,0.0,5.0
169,2.5,3.2923070504261465,8.0
170,4.0,2.0816659994661326,3.0
171,1.5,0.5773502691896257,4.0
172,1.0,5.196152422706632,3.0
173,2.0,0.5,4.0
174,1.0,0.8660254037844386,9.0
175,1.5,0.816496580927726,6.0
176,1.0,0.5773502691896258,3.0
177,1.0,0.5773502691896257,3.0
178,2.0,2.258317958127243,6.0
179,3.0,0,1.0
180,2.0,0,1.0
181,1.5,2.6331223544175333,10.0
182,1.0,0.7867957924694432,7.0
183,2.0,1.0,3.0
184,1.0,1.3416407864998738,5.0
185,1.0,1.7320508075688772,3.0
186,1.0,0.0,3.0
187,2.0,2.0816659994661326,3.0
188,1.0,1.1126972805283737,7.0
189,2.0,0,1.0
190,1.0,0,1.0
191,2.0,2.187627547301936,8.0
192,2.0,3.356762896431195,8.0
193,1.0,0.4629100498862757,8.0
194,1.5,0.7071067811865476,2.0
195,1.0,0.0,3.0
196,1.0,0.0,2.0
197,1.5,0.7071067811865476,2.0
198,12.0,0,1.0
199,1.0,0.5,4.0
200,1.5,0.7071067811865476,2.0
201,3.0,0.0,2.0
202,8.0,5.540758070878027,6.0
203,1.0,4.618802153517007,3.0
204,3.5,3.5355339059327378,2.0
205,1.0,0.0,3.0
206,4.0,0.0,2.0
207,1.0,0.0,3.0
208,2.5,0.7071067811865476,2.0
209,3.0,1.1547005383792515,3.0
210,8.0,1.7320508075688772,3.0
211,2.0,2.362907813126304,4.0
212,1.0,0.5773502691896258,3.0
213,1.0,0,1.0
214,1.0,0,1.0
215,1.0,0,1.0
216,1.0,0,1.0
217,1.0,4.041451884327381,3.0
218,1.0,0,1.0
219,1.0,1.7320508075688772,3.0
220,1.0,2.0,4.0
221,1.0,0.5,4.0
222,1.5,0.7071067811865476,2.0
223,1.0,0,1.0
224,1.0,3.4641016151377544,3.0
225,1.0,0.0,3.0
226,1.0,0.5773502691896257,3.0
227,4.0,0,1.0
228,1.0,2.0,4.0
229,1.0,0.4472135954999579,5.0
230,2.0,1.0,3.0
231,1.0,0.8944271909999159,5.0
232,1.0,0.0,3.0
233,1.0,0.0,3.0
234,2.0,0,1.0
235,2.0,1.2583057392117916,4.0
236,1.0,0.3535533905932738,8.0
237,2.0,1.1547005383792515,4.0
238,9.0,0,1.0
239,1.0,0.0,2.0
240,4.0,2.8284271247461903,2.0
241,2.0,1.1547005383792515,4.0
242,1.5,0.7071067811865476,2.0
243,3.0,1.1547005383792515,3.0
244,1.0,0.0,2.0
245,1.5,0.7071067811865476,2.0
246,1.0,4.8270073544588685,5.0
247,3.0,1.4142135623730951,2.0
248,1.0,2.886751345948129,3.0
249,4.0,2.8284271247461903,2.0
250,2.0,6.658328118479393,3.0
251,3.0,2.6299556396765835,4.0
252,1.5,0.7071067811865476,2.0
253,1.5,4.445971959725641,6.0
255,1.5,0.7071067811865476,2.0
256,3.5,3.5355339059327378,2.0
257,1.0,0.5773502691896257,3.0
258,1.0,0.0,3.0
259,1.5,0.7071067811865476,2.0
260,1.0,0.0,6.0
261,1.0,0.4472135954999579,5.0
262,1.0,2.8867513459481287,3.0
263,7.0,7.0710678118654755,2.0
265,2.0,0,1.0
266,2.0,0.5773502691896257,3.0
267,1.0,1.1547005383792517,3.0
268,1.5,0.7071067811865476,2.0
269,3.0,0,1.0
270,1.0,0,1.0
271,2.0,4.69041575982343,4.0
273,1.0,0,1.0
274,1.0,0.0,5.0
275,1.0,0.0,2.0
276,2.0,2.9154759474226504,5.0
277,1.0,0.0,2.0
278,1.0,0.5773502691896257,3.0
280,2.0,4.618802153517007,3.0
281,2.0,0,1.0
283,1.0,0,1.0
284,2.0,0,1.0
287,8.0,0,1.0
288,1.5,0.7071067811865476,2.0
290,11.0,0,1.0
291,1.0,0,1.0
293,1.0,0,1.0
294,2.0,0,1.0
295,1.0,0,1.0
296,4.0,0,1.0
297,1.0,0.0,2.0
298,1.0,0,1.0
300,1.0,2.3094010767585034,3.0
304,4.0,0,1.0
305,2.0,1.5275252316519465,3.0
307,5.0,0,1.0
308,2.0,0,1.0
309,1.0,0,1.0
311,3.0,0,1.0
312,1.0,0,1.0
313,6.0,0,1.0
314,1.0,0,1.0
316,6.0,0,1.0
317,1.0,0.0,2.0
318,2.0,0,1.0
319,1.0,0,1.0
320,3.0,0,1.0
323,1.5,0.7071067811865476,2.0
324,7.0,0,1.0
325,9.0,7.505553499465135,3.0
326,2.5,2.1213203435596424,2.0
327,1.5,0.7071067811865476,2.0
331,1.5,0.7071067811865476,2.0
332,1.0,0,1.0
333,1.0,0,1.0
334,1.5,0.7071067811865476,2.0
335,1.0,0.5773502691896257,3.0
336,1.0,0,1.0
337,4.0,0,1.0
338,1.5,0.7071067811865476,2.0
339,1.5,0.7071067811865476,2.0
340,4.0,0,1.0
341,1.0,0,1.0
342,2.0,0,1.0
343,2.5,2.1213203435596424,2.0
344,2.5,2.1213203435596424,2.0
345,1.0,0,1.0
347,1.0,0.0,2.0
348,3.0,0,1.0
350,1.0,0.0,2.0
351,2.0,0,1.0
352,1.0,0,1.0
353,10.0,0,1.0
354,1.0,0,1.0
355,3.0,1.4142135623730951,2.0
356,2.5,0.7071067811865476,2.0
359,2.5,0.7071067811865476,2.0
360,1.0,0,1.0
361,1.0,0,1.0
362,1.0,0.0,2.0
363,6.0,0,1.0
364,3.0,0,1.0
365,2.5,2.1213203435596424,2.0
366,8.0,0,1.0
369,10.5,7.7781745930520225,2.0
370,13.0,0,1.0
371,2.0,0,1.0
373,1.0,0,1.0
374,2.0,0,1.0
376,6.0,0,1.0
377,9.0,4.242640687119285,2.0
381,1.5,0.5773502691896257,4.0
382,4.0,4.242640687119285,2.0
385,1.0,0,1.0
387,2.0,0,1.0
388,1.0,0.0,3.0
389,1.0,0,1.0
391,1.0,0,1.0
392,1.0,0.0,2.0
393,3.5,3.5355339059327378,2.0
394,1.0,0.0,2.0
396,2.0,0,1.0
398,1.0,0.0,2.0
399,1.0,0,1.0
400,3.0,2.516611478423583,3.0
403,4.0,0,1.0
404,2.0,0,1.0
405,1.0,8.082903768654761,3.0
407,2.0,0,1.0
408,3.0,0,1.0
409,1.0,0,1.0
410,5.0,0,1.0
411,8.0,7.0,3.0
412,13.0,0,1.0
413,4.5,4.949747468305833,2.0
415,2.0,0,1.0
416,1.0,0.5773502691896257,3.0
417,1.0,0,1.0
419,3.0,0,1.0
420,2.0,1.4142135623730951,2.0
421,1.0,0.0,2.0
423,1.0,0,1.0
425,8.0,4.242640687119285,2.0
426,8.5,9.192388155425117,2.0
428,1.0,0,1.0
429,1.0,0,1.0
430,1.0,0,1.0
432,10.0,0,1.0
434,2.0,0,1.0
435,1.0,0.0,2.0
437,1.0,0,1.0
440,1.0,0,1.0
441,1.0,0,1.0
444,7.0,8.48528137423857,2.0
445,1.0,0,1.0
446,1.0,0,1.0
447,2.0,0,1.0
449,3.0,2.5166114784235836,3.0
450,3.0,0,1.0
451,7.0,2.8284271247461903,2.0
455,2.0,0,1.0
456,2.0,0,1.0
457,4.5,4.949747468305833,2.0
458,1.0,0,1.0
460,1.0,0,1.0
461,1.0,0,1.0
463,1.5,0.7071067811865476,2.0
464,1.0,0,1.0
465,1.0,0,1.0
466,5.5,4.949747468305833,2.0
468,12.0,0,1.0
469,1.0,0,1.0
470,4.0,0,1.0
476,1.0,0.0,2.0
477,9.0,0,1.0
478,2.0,0,1.0
480,4.5,3.3166247903554,4.0
481,2.0,0,1.0
483,3.0,0,1.0
484,3.0,0,1.0
487,9.0,0,1.0
488,1.0,2.886751345948129,3.0
492,2.0,1.5275252316519465,3.0
493,1.0,0,1.0
494,7.5,6.363961030678928,2.0
496,1.0,0,1.0
497,6.0,0,1.0
498,1.0,0,1.0
499,2.0,0,1.0
500,1.0,0.0,3.0
501,1.0,0,1.0
504,1.0,0,1.0
505,8.5,9.192388155425117,2.0
506,2.0,0,1.0
508,1.0,0,1.0
509,6.5,0.7071067811865476,2.0
510,8.0,0,1.0
511,8.5,10.606601717798213,2.0
512,1.0,0.5773502691896258,3.0
514,2.5,2.1213203435596424,2.0
516,1.0,0,1.0
517,1.0,1.1547005383792517,3.0
519,2.0,2.0816659994661326,3.0
520,3.0,0,1.0
522,2.0,0,1.0
523,1.0,0.0,2.0
525,1.0,0,1.0
527,1.0,0,1.0
528,1.0,1.7320508075688772,3.0
529,5.0,0,1.0
530,9.0,7.0710678118654755,2.0
531,3.0,2.8284271247461903,2.0
532,1.5,0.7071067811865476,2.0
533,2.0,0,1.0
534,3.0,0,1.0
535,1.0,0.0,2.0
536,6.0,0,1.0
537,13.0,0,1.0
538,1.0,0.0,3.0
539,1.5,0.7071067811865476,2.0
540,2.5,0.7071067811865476,2.0
541,4.0,5.196152422706632,3.0
542,2.0,0,1.0
543,1.0,0,1.0
545,1.0,0,1.0
546,4.0,0,1.0
547,6.0,0,1.0
549,2.0,0,1.0
550,2.0,0,1.0
551,4.0,4.242640687119285,2.0
553,1.0,0,1.0
554,6.0,0,1.0
555,3.0,0.0,2.0
556,1.0,0,1.0
557,1.5,0.7071067811865476,2.0
559,2.0,1.4142135623730951,2.0
560,1.5,0.7071067811865476,2.0
562,6.0,0,1.0
563,12.0,0,1.0
564,1.0,2.886751345948129,3.0
565,3.0,7.0,3.0
566,5.0,0,1.0
568,2.0,0,1.0
569,4.0,0,1.0
571,1.0,0,1.0
572,4.5,0.7071067811865476,2.0
574,2.0,0,1.0
575,1.0,0,1.0
576,8.0,0,1.0
578,12.0,0,1.0
579,3.0,7.571877794400365,3.0
580,2.0,1.4142135623730951,2.0
583,3.0,0,1.0
584,2.0,1.4142135623730951,2.0
585,1.0,0.0,2.0
587,6.0,0.0,2.0
589,5.0,5.656854249492381,2.0
590,1.0,0,1.0
591,1.0,0,1.0
594,2.5,0.7071067811865476,2.0
595,2.5,2.1213203435596424,2.0
596,1.0,3.4641016151377544,3.0
597,1.0,0,1.0
598,1.0,0,1.0
599,2.0,1.4142135623730951,2.0
600,4.0,2.8284271247461903,2.0
602,1.0,0.5773502691896258,3.0
604,2.0,0,1.0
605,4.0,4.242640687119285,2.0
606,1.0,0.0,2.0
608,6.5,0.7071067811865476,2.0
609,1.0,0,1.0
610,5.0,0,1.0
612,4.5,3.304037933599835,4.0
613,3.0,0,1.0
615,2.0,0,1.0
618,3.5,3.5355339059327378,2.0
619,2.0,0,1.0
623,8.0,9.899494936611665,2.0
625,1.5,0.7071067811865476,2.0
626,1.0,0,1.0
628,1.0,0.0,2.0
629,5.0,0,1.0
630,1.0,0,1.0
633,4.5,0.7071067811865476,2.0
634,3.0,0,1.0
635,1.0,0.0,2.0
637,6.0,7.0710678118654755,2.0
639,3.0,1.4142135623730951,2.0
640,1.0,6.928203230275509,3.0
641,3.0,0,1.0
642,4.0,3.511884584284246,3.0
643,10.0,0,1.0
644,2.5,2.1213203435596424,2.0
645,2.0,0,1.0
646,1.0,0,1.0
647,1.0,0,1.0
648,1.0,0,1.0
649,13.0,0,1.0
651,3.0,1.4142135623730951,2.0
653,2.0,1.4142135623730951,2.0
654,8.5,10.606601717798213,2.0
660,2.0,0,1.0
661,6.0,0,1.0
663,3.5,3.5355339059327378,2.0
664,1.0,0,1.0
666,1.5,0.7071067811865476,2.0
668,1.0,0.0,2.0
669,3.0,0,1.0
670,8.0,0,1.0
671,4.0,4.242640687119285,2.0
672,3.0,0,1.0
673,4.0,0,1.0
674,7.5,9.192388155425117,2.0
675,9.0,0,1.0
676,4.0,4.242640687119285,2.0
677,7.5,9.192388155425117,2.0
678,5.0,0,1.0
679,1.0,0.0,2.0
680,9.0,0,1.0
684,3.0,0,1.0
687,9.0,0,1.0
690,5.5,4.949747468305833,2.0
693,4.0,0,1.0
694,2.0,0,1.0
695,2.0,1.5275252316519468,3.0
696,1.0,0,1.0
697,1.0,0,1.0
698,11.0,0,1.0
701,3.5,3.5355339059327378,2.0
702,4.5,2.1213203435596424,2.0
704,4.0,4.242640687119285,2.0
705,3.0,2.8284271247461903,2.0
706,7.0,7.0710678118654755,2.0
712,2.0,0,1.0
713,3.0,0,1.0
717,6.0,4.242640687119285,2.0
718,7.0,0,1.0
719,2.0,0,1.0
720,1.0,0,1.0
721,3.0,0,1.0
722,1.0,0,1.0
724,2.0,0,1.0
727,6.0,2.886751345948129,3.0
729,8.0,0,1.0
730,1.0,0,1.0
731,1.0,0,1.0
732,11.0,1.4142135623730951,2.0
733,4.0,2.8284271247461903,2.0
734,1.0,0,1.0
735,8.0,9.899494936611665,2.0
736,2.0,0,1.0
737,5.5,3.7416573867739413,4.0
739,10.0,7.094598884597588,3.0
741,13.0,0,1.0
744,1.5,0.7071067811865476,2.0
747,11.0,0,1.0
748,2.0,0.0,2.0
749,1.0,0,1.0
750,4.5,3.5355339059327378,2.0
751,8.0,0,1.0
756,2.0,0,1.0
757,2.0,1.0,3.0
758,1.0,0,1.0
761,5.0,0,1.0
762,3.0,2.8284271247461903,2.0
764,3.0,0,1.0
765,1.0,0,1.0
766,5.0,0,1.0
767,4.0,0,1.0
769,13.0,0,1.0
770,4.5,2.1213203435596424,2.0
771,4.0,0,1.0
772,3.0,0,1.0
774,7.0,0,1.0
777,5.0,0,1.0
778,5.5,0.7071067811865476,2.0
779,1.0,0.0,2.0
781,1.0,0,1.0
784,2.0,0,1.0
786,2.0,0,1.0
787,1.0,0.0,2.0
789,4.0,0,1.0
790,7.0,0,1.0
793,7.0,0,1.0
794,7.5,9.192388155425117,2.0
795,5.0,0,1.0
797,7.5,9.192388155425117,2.0
798,4.5,4.949747468305833,2.0
804,2.0,0,1.0
808,1.0,0.0,2.0
812,2.0,0,1.0
814,1.5,0.7071067811865476,2.0
817,11.0,0,1.0
820,2.0,0,1.0
824,4.5,2.1213203435596424,2.0
828,2.0,1.4142135623730951,2.0
830,14.0,0,1.0
835,10.0,0,1.0
837,9.0,0,1.0
839,1.0,0,1.0
844,6.0,0,1.0
850,1.0,0,1.0
852,1.0,0.0,2.0
853,3.0,0,1.0
854,1.5,0.7071067811865476,2.0
855,10.0,0,1.0
856,4.0,0,1.0
857,9.0,0,1.0
859,3.0,0,1.0
861,7.0,0,1.0
864,5.0,0,1.0
865,2.0,0,1.0
866,4.0,0,1.0
868,3.0,0,1.0
869,1.0,0,1.0
870,2.0,0,1.0
877,16.0,0,1.0
878,2.0,0,1.0
881,7.0,4.242640687119285,2.0
887,7.5,7.7781745930520225,2.0
889,16.0,0,1.0
891,4.0,0,1.0
892,1.0,0,1.0
894,2.0,0,1.0
895,1.0,0,1.0
898,2.0,0,1.0
899,1.0,0,1.0
901,2.0,0,1.0
904,7.0,7.0710678118654755,2.0
907,1.0,0,1.0
916,3.0,0,1.0
917,13.0,0,1.0
921,11.0,0,1.0
930,5.0,0,1.0
933,4.0,0.0,2.0
936,2.0,0,1.0
937,4.0,0,1.0
941,16.0,0,1.0
944,5.0,0,1.0
945,5.0,5.656854249492381,2.0
946,1.0,0,1.0
947,9.0,0,1.0
949,13.0,0,1.0
950,6.0,0,1.0
951,1.0,0,1.0
953,11.0,0,1.0
957,14.0,0,1.0
961,1.0,0,1.0
962,8.0,0,1.0
963,9.0,0,1.0
968,3.0,0,1.0
971,1.0,0,1.0
973,2.0,0,1.0
977,1.0,0,1.0
978,5.0,0,1.0
980,1.0,0,1.0
982,3.0,0,1.0
983,1.0,0,1.0
987,16.0,0,1.0
990,2.0,0.0,2.0
991,7.0,0,1.0
994,6.0,0,1.0
995,2.0,0,1.0
996,4.0,0,1.0
998,1.0,0,1.0
1000,2.0,0,1.0
1002,2.0,0,1.0
1011,1.0,0,1.0
1015,2.0,1.4142135623730951,2.0
1018,2.0,1.4142135623730951,2.0
1022,3.0,0,1.0
1023,3.0,0,1.0
1025,2.0,0,1.0
1038,3.0,0,1.0
1039,1.0,0,1.0
1042,10.0,0,1.0
1044,3.0,0,1.0
1046,2.0,0,1.0
1047,3.0,0,1.0
1049,5.0,0,1.0
1051,1.0,0,1.0
1058,5.0,0,1.0
1064,2.0,0.0,2.0
1065,2.5,2.1213203435596424,2.0
1071,2.0,0,1.0
1072,14.0,0,1.0
1076,2.0,0,1.0
1077,2.0,0,1.0
1083,1.0,0,1.0
1084,1.0,0,1.0
1085,2.0,0,1.0
1089,1.0,0,1.0
1098,4.0,0,1.0
1103,1.0,0,1.0
1106,6.0,0,1.0
1108,1.0,0,1.0
1110,2.0,0,1.0
1115,10.0,0,1.0
1123,1.0,0,1.0
1127,1.0,0,1.0
1128,1.0,0,1.0
1130,5.0,5.656854249492381,2.0
1133,3.0,0,1.0
1135,1.0,0,1.0
1136,1.0,0,1.0
1137,7.0,0,1.0
1139,4.0,0,1.0
1140,3.0,0,1.0
1141,1.0,0,1.0
1142,3.0,0,1.0
1144,2.0,0,1.0
1146,2.0,0,1.0
1148,9.0,0,1.0
1149,2.0,0,1.0
1151,9.0,0,1.0
1152,1.0,0,1.0
1154,3.0,0,1.0
1155,2.5,2.1213203435596424,2.0
1160,2.0,0,1.0
1162,3.0,1.4142135623730951,2.0
1163,3.0,0,1.0
1166,1.0,0,1.0
1171,4.0,0,1.0
1173,1.0,0,1.0
1174,2.0,0,1.0
1177,1.5,0.7071067811865476,2.0
1182,4.0,0,1.0
1184,15.0,0,1.0
1186,15.0,0,1.0
1189,13.0,0,1.0
1196,5.0,0,1.0
1197,5.0,0,1.0
1199,8.5,7.7781745930520225,2.0
1202,3.0,0,1.0
1204,2.0,0,1.0
1208,5.5,2.1213203435596424,2.0
1209,7.0,0,1.0
1212,6.0,0,1.0
1214,5.5,0.7071067811865476,2.0
1215,2.0,0,1.0
1216,1.0,0,1.0
1217,5.5,6.363961030678928,2.0
1218,7.0,0,1.0
1219,9.0,0,1.0
1220,13.0,0,1.0
1221,6.0,0,1.0
1223,1.0,0,1.0
1227,1.0,0,1.0
1228,10.0,0,1.0
1229,3.0,0,1.0
1230,1.0,0,1.0
1232,3.0,0,1.0
1234,1.0,0,1.0
1236,6.0,0,1.0
1238,4.0,0,1.0
1239,1.0,0,1.0
1241,3.0,0,1.0
1245,6.0,0,1.0
1246,1.0,0,1.0
1249,7.0,0,1.0
1250,2.0,0,1.0
1252,2.0,0,1.0
1256,5.0,0,1.0
1257,14.0,0,1.0
1261,3.0,0,1.0
1265,2.0,0,1.0
1266,5.0,0,1.0
1267,1.0,0,1.0
1270,4.5,3.5355339059327378,2.0
1271,2.0,0,1.0
1272,1.0,0,1.0
1273,1.0,0,1.0
1279,3.0,0,1.0
1284,1.5,0.7071067811865476,2.0
1287,3.0,0,1.0
1288,4.0,0,1.0
1290,2.0,0.0,2.0
1294,1.0,0,1.0
1296,6.0,0,1.0
1300,1.0,0,1.0
1304,5.0,0,1.0
1308,4.0,0,1.0
1310,2.0,0,1.0
1311,3.0,0,1.0
1312,4.0,0,1.0
1314,14.0,0,1.0
1316,2.0,0,1.0
1319,5.0,0,1.0
1323,4.5,2.1213203435596424,2.0
1326,12.0,0,1.0
1329,1.5,0.7071067811865476,2.0
1331,7.5,3.5355339059327378,2.0
1332,1.5,0.7071067811865476,2.0
1334,5.0,0,1.0
1336,1.0,0.0,2.0
1340,13.0,0,1.0
1343,1.0,0,1.0
1344,2.0,0,1.0
1345,13.0,0,1.0
1347,1.0,0,1.0
1358,3.0,0,1.0
1362,9.0,0,1.0
1369,4.0,0,1.0
1372,1.0,0,1.0
1373,1.0,0,1.0
1374,7.0,0,1.0
1376,4.0,0,1.0
1379,1.0,0,1.0
1380,6.0,0,1.0
1384,4.0,0,1.0
1385,8.0,0,1.0
1386,1.0,0,1.0
1391,11.0,0,1.0
1395,3.0,0,1.0
1396,5.0,0,1.0
1397,7.0,0,1.0
1398,7.0,0,1.0
1399,4.0,0,1.0
1400,15.0,0,1.0
1401,16.0,0,1.0
1403,12.0,0,1.0
1404,4.5,0.7071067811865476,2.0
1405,2.0,0,1.0
1406,3.0,0,1.0
1409,2.0,1.4142135623730951,2.0
1413,1.0,0,1.0
1420,1.0,0,1.0
1421,1.0,0,1.0
1427,1.0,0,1.0
1429,3.0,0,1.0
1430,5.0,0,1.0
1433,1.0,0,1.0
1434,4.5,4.949747468305833,2.0
1436,5.5,6.363961030678928,2.0
1438,9.0,0,1.0
1439,4.0,0,1.0
1446,3.0,0,1.0
1448,3.0,0,1.0
1449,9.0,0,1.0
1451,1.0,0,1.0
1455,2.0,0,1.0
1456,3.0,0,1.0
1459,7.0,0,1.0
1461,8.0,0,1.0
1462,3.0,0,1.0
1465,13.0,0,1.0
1467,7.0,0,1.0
1471,1.0,0,1.0
1472,1.0,0,1.0
1476,5.0,0,1.0
1482,10.0,0,1.0
1483,1.0,0,1.0
1484,3.0,0,1.0
1487,3.0,0,1.0
1489,1.0,0,1.0
1490,4.5,4.949747468305833,2.0
1494,1.0,0,1.0
1495,4.0,0,1.0
1497,6.0,0,1.0
1499,10.0,0,1.0
1509,6.0,0,1.0
1514,4.0,0,1.0
1515,1.0,0,1.0
1516,10.0,0,1.0
1517,1.0,0,1.0
1519,4.0,0,1.0
1521,14.0,0,1.0
1522,1.0,0,1.0
1525,1.0,0,1.0
1526,5.0,0,1.0
1527,1.0,0,1.0
1528,4.0,0,1.0
1529,5.0,0,1.0
1530,1.0,0,1.0
1531,5.0,0,1.0
1532,8.0,0,1.0
1534,2.0,0,1.0
1535,1.0,0,1.0
1536,9.0,0,1.0
1538,1.0,0,1.0
1539,2.0,0,1.0
1543,2.0,1.4142135623730951,2.0
1546,3.0,0,1.0
1550,3.0,2.8284271247461903,2.0
1551,1.0,0,1.0
1552,3.0,0,1.0
1553,3.0,0,1.0
1554,1.0,0,1.0
1555,3.0,0,1.0
1557,1.0,0,1.0
1558,3.0,0,1.0
1559,1.0,0,1.0
1561,10.0,0,1.0
1566,1.0,0,1.0
1569,8.0,9.899494936611665,2.0
1570,4.0,0,1.0
1575,2.0,0,1.0
1576,6.0,0,1.0
1578,8.0,5.656854249492381,2.0
1582,8.0,0,1.0
1583,3.0,0,1.0
1584,1.0,0,1.0
1587,7.0,0,1.0
1588,2.0,0,1.0
1589,7.0,0,1.0
1590,1.0,0,1.0
1593,9.0,0,1.0
1596,7.0,0,1.0
1600,14.0,0,1.0
1604,1.0,0,1.0
1607,3.0,0,1.0
1609,4.0,0,1.0
1615,3.0,0,1.0
1616,8.0,0,1.0
1618,9.0,0,1.0
1619,7.0,0,1.0
1620,3.0,0,1.0
1622,8.0,0,1.0
1623,4.0,0,1.0
1624,3.0,0,1.0
1628,1.0,0,1.0
1630,6.0,0,1.0
1632,2.0,0,1.0
1634,1.0,0.0,2.0
1636,1.0,0,1.0
1641,2.0,0.0,2.0
1647,1.0,0,1.0
1648,1.0,0,1.0
1655,14.0,0,1.0
1665,3.0,0,1.0
1666,1.0,0,1.0
1668,2.0,0,1.0
1671,2.0,0,1.0
1673,2.0,0,1.0
1679,1.0,0,1.0
1683,4.0,0,1.0
1684,4.0,0,1.0
1685,1.5,0.7071067811865476,2.0
1686,8.0,0,1.0
1690,9.0,0,1.0
1692,2.0,0,1.0
1693,3.5,3.5355339059327378,2.0
1696,5.0,0,1.0
1699,7.0,8.48528137423857,2.0
1704,1.0,0,1.0
1707,2.0,0,1.0
1711,3.0,0,1.0
1713,1.0,0,1.0
1719,8.0,0,1.0
1725,1.5,0.7071067811865476,2.0
1727,1.0,0,1.0
1729,3.0,0,1.0
1731,1.0,0,1.0
1732,2.0,0,1.0
1734,1.0,0,1.0
1736,8.0,0,1.0
1737,2.0,0,1.0
1738,2.0,0,1.0
1744,5.0,2.8284271247461903,2.0
1747,1.0,0,1.0
1752,2.0,0,1.0
1754,5.0,0,1.0
1758,2.0,0,1.0
1762,2.0,0,1.0
1772,2.0,0,1.0
1773,1.0,0,1.0
1774,3.0,0,1.0
1775,2.0,0,1.0
1777,1.0,0,1.0
1779,1.0,0,1.0
1780,2.0,0,1.0
1782,2.0,0,1.0
1786,2.0,0,1.0
1791,2.0,0,1.0
1792,1.0,0,1.0
1793,5.0,0,1.0
1795,1.0,0,1.0
1798,4.0,0,1.0
1802,13.0,0,1.0
1806,14.0,0,1.0
1812,10.0,0,1.0
1817,1.0,0,1.0
1819,1.0,0,1.0
1822,9.0,0,1.0
1825,1.0,0,1.0
1827,1.5,0.7071067811865476,2.0
1829,1.0,0,1.0
1830,2.0,0,1.0
1831,4.0,0,1.0
1832,1.0,0,1.0
1838,1.0,0,1.0
1844,1.0,0,1.0
1848,5.0,0,1.0
1851,2.0,0,1.0
1855,13.0,0,1.0
1856,1.0,0,1.0
1862,1.0,0,1.0
1865,1.0,0,1.0
1866,4.0,0,1.0
1869,1.0,0,1.0
1870,1.0,0,1.0
1873,3.0,0,1.0
1875,6.0,0,1.0
1877,1.0,0,1.0
1878,16.0,0,1.0
1887,1.0,0,1.0
1889,1.0,0,1.0
1894,2.0,0,1.0
1895,9.0,0,1.0
1897,6.0,0,1.0
1898,6.0,0,1.0
1904,5.0,0,1.0
1906,6.0,0,1.0
1908,9.0,0,1.0
1910,5.0,0,1.0
1912,4.0,0,1.0
1915,3.0,0,1.0
1916,7.0,0,1.0
1917,2.5,2.1213203435596424,2.0
1919,6.0,0,1.0
1920,4.0,0,1.0
1921,2.0,1.4142135623730951,2.0
1922,3.0,0,1.0
1923,4.0,0,1.0
1925,4.0,0,1.0
1926,4.0,0,1.0
1928,4.0,4.242640687119285,2.0
1929,1.0,0,1.0
1930,4.0,0,1.0
1931,8.0,0,1.0
1932,5.0,1.4142135623730951,2.0
1933,3.0,0,1.0
1934,1.0,0,1.0
1935,1.5,0.7071067811865476,2.0
1936,1.0,0,1.0
1937,2.0,0,1.0
1940,5.0,5.656854249492381,2.0
1941,3.0,0,1.0
1942,4.0,0,1.0
1944,11.0,0,1.0
1946,1.0,0,1.0
1947,2.0,0,1.0
1949,3.0,0,1.0
1951,1.0,0,1.0
1952,1.5,0.7071067811865476,2.0
1953,10.0,0,1.0
1955,1.0,0.0,2.0
1956,5.0,0,1.0
1958,1.5,0.7071067811865476,2.0
1960,6.0,0,1.0
1961,1.0,0,1.0
1962,4.0,0,1.0
1963,15.0,0,1.0
1964,3.0,0,1.0
1965,7.0,0,1.0
1966,1.0,0,1.0
1967,9.0,0,1.0
1968,2.0,0,1.0
1969,2.0,0,1.0
1971,3.0,0,1.0
1972,7.0,0,1.0
1974,14.0,0,1.0
1976,4.0,0,1.0
1978,7.0,7.0710678118654755,2.0
1980,4.0,0,1.0
1982,1.0,0,1.0
1983,2.0,0,1.0
1986,1.0,0,1.0
1990,11.0,0,1.0
1992,4.0,4.242640687119285,2.0
1994,4.0,0,1.0
1998,13.0,0,1.0
1999,1.0,0,1.0
2004,16.0,0,1.0
2017,5.0,0,1.0
2020,1.0,0,1.0
2025,2.0,0,1.0
2029,12.0,0,1.0
2037,3.0,0,1.0
2038,2.0,0,1.0
2040,4.0,0,1.0
2050,2.0,0,1.0
2056,5.5,6.363961030678928,2.0
2062,12.0,0,1.0
2063,3.0,0,1.0
2068,3.0,0,1.0
2069,2.0,0,1.0
2072,2.5,2.1213203435596424,2.0
2077,1.0,0,1.0
2078,2.0,0,1.0
2084,1.0,0,1.0
2091,2.0,0,1.0
2092,8.0,0,1.0
2102,5.0,5.656854249492381,2.0
2104,10.0,0,1.0
2106,7.0,0,1.0
2112,3.0,1.4142135623730951,2.0
2116,14.0,0,1.0
2121,1.0,0,1.0
2122,1.0,0,1.0
2123,1.0,0,1.0
2126,2.0,0,1.0
2134,2.0,0,1.0
2138,10.0,0,1.0
2140,3.0,0,1.0
2146,4.0,0,1.0
2148,1.0,0,1.0
2149,13.0,0,1.0
2154,2.0,0,1.0
2158,9.0,0,1.0
2160,1.0,0,1.0
2163,1.0,0,1.0
2167,3.0,0,1.0
2170,1.0,0,1.0
2174,2.0,0,1.0
2177,1.0,0,1.0
2182,8.0,0,1.0
2185,1.0,0,1.0
2191,6.0,0,1.0
2196,2.0,0,1.0
2198,3.0,0,1.0
2199,8.0,0,1.0
2200,1.0,0,1.0
2202,2.0,0,1.0
2204,1.0,0,1.0
2209,10.0,0,1.0
2212,1.0,0,1.0
2215,1.0,0,1.0
2218,1.0,0,1.0
2220,2.0,0,1.0
2222,7.5,6.363961030678928,2.0
2227,2.0,0,1.0
2231,7.5,9.192388155425117,2.0
2235,4.0,0,1.0
2236,2.0,0,1.0
2237,6.0,0,1.0
2238,4.5,4.949747468305833,2.0
2241,2.5,0.7071067811865476,2.0
2242,7.0,0,1.0
2244,3.0,0,1.0
2248,4.0,0,1.0
2250,5.0,0,1.0
2251,1.0,0,1.0
2256,2.0,0,1.0
2259,13.0,0,1.0
2262,5.0,0,1.0
2264,3.0,0,1.0
2265,4.0,1.4142135623730951,2.0
2268,8.0,0,1.0
2269,1.0,0,1.0
2272,1.0,0,1.0
2273,2.0,0,1.0
2274,5.0,0,1.0
2275,3.0,0,1.0
2278,6.5,7.7781745930520225,2.0
2282,14.5,0.7071067811865476,2.0
2284,1.0,0,1.0
2285,1.0,0,1.0
2291,1.0,0.0,2.0
2295,4.0,0,1.0
2297,2.0,0,1.0
2299,2.0,0,1.0
2302,1.0,0,1.0
2303,1.0,0,1.0
2309,3.0,0,1.0
2312,2.5,0.7071067811865476,2.0
2317,10.0,0,1.0
2318,7.0,0,1.0
2319,2.0,0,1.0
2325,6.0,0,1.0
2327,13.0,0,1.0
2329,2.0,0,1.0
2334,2.0,0,1.0
2343,1.0,0,1.0
2344,2.0,0,1.0
2350,1.0,0,1.0
2352,2.0,0,1.0
2353,1.0,0,1.0
2356,1.0,0,1.0
2357,1.0,0,1.0
2358,2.0,0,1.0
2360,1.0,0,1.0
2363,2.0,0,1.0
2364,3.0,0,1.0
2365,5.0,0,1.0
2367,2.0,0,1.0
2369,3.0,0,1.0
2370,4.0,0,1.0
2371,1.0,0,1.0
2374,4.0,0,1.0
2376,8.0,0,1.0
2377,6.0,0,1.0
2378,1.0,0,1.0
2380,13.0,0,1.0
2384,7.0,0,1.0
2388,5.0,0,1.0
2392,10.0,0,1.0
2393,1.0,0,1.0
2395,7.0,0,1.0
2401,1.0,0,1.0
2406,3.0,0,1.0
2407,5.0,0,1.0
2408,7.0,0,1.0
2411,9.0,0,1.0
2415,1.0,0,1.0
2416,7.0,0,1.0
2417,3.0,0,1.0
2420,8.0,0,1.0
2422,7.0,0,1.0
2426,1.0,0,1.0
2428,1.0,0,1.0
2430,1.0,0,1.0
2432,3.0,0,1.0
2438,3.0,0,1.0
2439,3.0,0,1.0
2440,1.0,0,1.0
2441,4.0,0,1.0
2442,12.0,0,1.0
2443,2.0,0,1.0
2445,1.0,0,1.0
2446,3.0,0.0,2.0
2447,4.0,0,1.0
2448,4.0,0,1.0
2449,3.0,0,1.0
2450,7.0,0,1.0
2451,5.0,0,1.0
2452,4.5,4.949747468305833,2.0
2453,1.0,0,1.0
2454,1.0,0.0,2.0
2456,2.0,0,1.0
2458,1.0,0,1.0
2459,2.0,0,1.0
2461,2.0,0,1.0
2462,9.0,0,1.0
2463,1.0,0,1.0
2467,1.0,0,1.0
2469,2.0,0,1.0
2470,1.0,0,1.0
2471,3.0,0,1.0
2473,6.0,0,1.0
2475,1.0,0,1.0
2481,7.0,0,1.0
2482,3.0,0,1.0
2483,3.0,0,1.0
2485,3.0,0,1.0
2486,3.0,0,1.0
2487,16.0,0,1.0
2488,3.0,0,1.0
2489,11.0,0,1.0
2490,16.0,0,1.0
2494,2.0,0,1.0
2495,1.0,0,1.0
2498,10.0,0,1.0
2499,1.0,0,1.0
2500,3.0,0,1.0
2501,3.0,0,1.0
2502,2.0,0,1.0
2506,2.0,0,1.0
2513,1.0,0,1.0
2517,1.0,0,1.0
2520,3.0,0,1.0
2523,2.0,0.0,2.0
2525,1.0,0,1.0
2526,1.0,0,1.0
2527,3.0,0,1.0
2529,1.0,0,1.0
2532,10.0,0,1.0
2534,2.0,0,1.0
2535,12.0,0,1.0
2538,5.0,0,1.0
2539,10.0,0,1.0
2541,4.0,0,1.0
2543,1.0,0,1.0
2544,3.0,0,1.0
2545,13.0,0,1.0
2546,2.0,0,1.0
2550,1.0,0,1.0
2551,12.0,0,1.0
2553,2.0,0,1.0
2555,9.0,0,1.0
2559,1.0,0,1.0
2560,2.0,0,1.0
2561,1.0,0,1.0
2563,2.0,0,1.0
2564,2.0,0,1.0
2568,1.0,0.0,2.0
2569,11.0,0,1.0
2574,5.0,0,1.0
2575,2.0,0,1.0
2577,3.0,0,1.0
2580,2.0,0,1.0
2582,2.0,0,1.0
2586,3.0,0,1.0
2589,2.0,0,1.0
2593,16.0,0,1.0
2597,13.0,0,1.0
2601,1.0,0,1.0
2603,6.0,0,1.0
2606,2.0,0,1.0
2607,4.0,0,1.0
2609,5.0,0,1.0
2613,10.0,0,1.0
2615,6.0,0,1.0
2617,1.0,0,1.0
2618,1.0,0,1.0
2620,2.0,0,1.0
2624,2.0,0,1.0
2628,3.0,1.4142135623730951,2.0
2630,2.0,0,1.0
2631,13.0,0,1.0
2634,1.0,0,1.0
2635,5.0,0,1.0
2636,1.0,0,1.0
2639,1.0,0.0,2.0
2642,2.0,0,1.0
2644,4.0,0,1.0
2646,6.0,4.242640687119285,2.0
2655,1.0,0,1.0
2657,1.0,0,1.0
2658,1.0,0,1.0
2661,15.0,0,1.0
2674,2.0,0,1.0
2682,1.0,0.0,2.0
2683,2.0,0,1.0
2686,7.0,8.48528137423857,2.0
2687,10.0,0,1.0
2688,5.0,5.656854249492381,2.0
2689,4.0,0,1.0
2692,3.0,0,1.0
2693,2.0,0,1.0
2694,2.0,1.4142135623730951,2.0
2695,1.0,0,1.0
2697,3.0,0,1.0
2700,12.0,0,1.0
2703,2.0,0,1.0
2704,1.0,0.0,2.0
2707,3.0,2.8284271247461903,2.0
2709,1.0,0,1.0
2711,1.0,0,1.0
2713,2.0,0,1.0
2716,1.0,0,1.0
2720,13.0,0,1.0
2722,3.0,0,1.0
2726,1.0,0,1.0
2727,1.0,0,1.0
2728,3.0,0,1.0
2729,1.0,0,1.0
2732,6.0,0,1.0
2733,2.0,0,1.0
2743,2.0,0,1.0
2745,1.0,0,1.0
2746,2.0,0,1.0
2747,1.0,0,1.0
2750,3.0,0,1.0
2752,1.0,0,1.0
2755,1.0,0,1.0
2756,10.0,0,1.0
2761,8.0,0,1.0
2763,1.0,0,1.0
2765,5.0,0,1.0
2768,1.0,0,1.0
2770,3.0,0,1.0
2771,2.0,0,1.0
2775,3.0,0,1.0
2776,1.0,0,1.0
2779,1.5,0.7071067811865476,2.0
2782,1.0,0,1.0
2784,5.0,0,1.0
2785,2.5,2.1213203435596424,2.0
2788,6.0,0,1.0
2789,3.0,0,1.0
2792,1.0,0,1.0
2795,6.0,0,1.0
2800,2.0,0,1.0
2809,3.0,0,1.0
2811,1.0,0,1.0
2812,1.0,0,1.0
2818,1.0,0,1.0
2821,6.0,0,1.0
2826,1.5,0.7071067811865476,2.0
2827,1.0,0,1.0
2829,4.0,0,1.0
2833,5.0,0,1.0
2836,6.0,0,1.0
2841,2.0,0,1.0
2842,2.0,0,1.0
2845,10.0,0,1.0
2847,2.0,0,1.0
2850,9.0,0,1.0
2854,1.0,0,1.0
2856,2.5,0.7071067811865476,2.0
2857,3.0,0,1.0
2863,1.0,0,1.0
2864,5.0,5.656854249492381,2.0
2865,12.0,0,1.0
2873,1.0,0,1.0
2882,2.0,0,1.0
2885,2.0,0,1.0
2887,11.0,0,1.0
2896,1.0,0,1.0
2897,3.0,0,1.0
2898,1.0,0,1.0
2902,5.0,0,1.0
2904,1.0,0,1.0
2905,2.0,0,1.0
2907,10.0,0,1.0
2911,4.0,0,1.0
2919,1.0,0,1.0
2920,1.0,0,1.0
2923,1.0,0,1.0
2934,2.0,0,1.0
2936,5.0,0,1.0
2937,2.0,0,1.0
2939,9.0,0,1.0
2940,8.5,10.606601717798213,2.0
2941,7.5,9.192388155425117,2.0
2944,6.0,0,1.0
2945,1.0,0,1.0
2946,1.0,0,1.0
2950,1.0,0,1.0
2958,3.0,0,1.0
2960,2.0,0,1.0
2962,6.0,0,1.0
2965,3.0,0,1.0
2966,1.0,0,1.0
2969,2.0,0,1.0
2973,2.0,0,1.0
2975,6.0,0,1.0
2979,1.0,0,1.0
2980,1.0,0,1.0
2982,2.0,0,1.0
2987,1.0,0,1.0
2988,2.0,0,1.0
2996,1.0,0,1.0
3002,1.0,0,1.0
3004,3.0,0,1.0
3011,1.0,0,1.0
3013,5.0,0,1.0
3015,1.0,0,1.0
3017,1.0,0,1.0
3018,3.0,0,1.0
3021,1.5,0.7071067811865476,2.0
3031,3.0,0,1.0
3032,3.0,0,1.0
3035,3.0,0,1.0
3036,4.0,0,1.0
3038,5.0,0,1.0
3039,15.0,0,1.0
3040,1.0,0,1.0
3043,3.0,0,1.0
3044,10.0,0,1.0
3046,5.0,0,1.0
3047,3.0,2.8284271247461903,2.0
3048,1.0,0.0,2.0
3050,1.0,0.0,2.0
3059,1.0,0,1.0
3065,1.0,0,1.0
3070,1.0,0,1.0
3071,3.0,0,1.0
3072,2.0,0,1.0
3080,1.0,0,1.0
3085,2.0,0,1.0
3086,1.0,0,1.0
3087,1.0,0,1.0
3089,8.0,0,1.0
3091,2.0,0,1.0
3092,2.5,2.1213203435596424,2.0
3093,2.0,0,1.0
3095,1.0,0,1.0
3099,12.0,0,1.0
3103,1.0,0,1.0
3106,5.0,0,1.0
3111,9.0,0,1.0
3114,3.0,0,1.0
3115,6.0,0,1.0
3116,1.0,0,1.0
3119,3.0,0,1.0
3120,2.0,0,1.0
3123,1.0,0,1.0
3125,2.5,2.1213203435596424,2.0
3126,3.0,0,1.0
3127,5.0,0,1.0
3128,2.0,0,1.0
3129,5.0,0,1.0
3130,1.0,0,1.0
3131,5.0,0,1.0
3132,1.0,0,1.0
3133,6.5,4.949747468305833,2.0
3134,2.0,0,1.0
3136,2.0,0,1.0
3140,6.0,0,1.0
3142,1.0,0,1.0
3145,1.0,0,1.0
3156,3.0,0,1.0
3159,1.0,0,1.0
3169,5.0,0,1.0
3175,1.0,0,1.0
3178,5.0,0,1.0
3179,4.0,0,1.0
3180,1.0,0,1.0
3183,9.0,0,1.0
3189,1.0,0,1.0
3191,5.5,0.7071067811865476,2.0
3194,4.0,0,1.0
3198,2.0,0,1.0
3200,2.0,0,1.0
3201,2.0,0,1.0
3206,16.0,0,1.0
3207,1.0,0,1.0
3208,12.0,0,1.0
3211,2.0,0,1.0
3212,3.0,0.0,2.0
3214,4.0,2.8284271247461903,2.0
3218,9.0,0,1.0
3221,6.0,0,1.0
3223,8.0,0,1.0
3224,1.0,0,1.0
3226,1.0,0,1.0
3230,3.0,0,1.0
3236,3.0,0,1.0
3240,4.0,0,1.0
3241,1.0,0,1.0
3245,3.0,0,1.0
3247,1.0,0,1.0
3250,2.0,0,1.0
3253,1.0,0,1.0
3257,2.0,0,1.0
3259,1.0,0,1.0
3261,13.0,0,1.0
3264,9.0,0,1.0
3267,2.0,0,1.0
3268,8.5,7.7781745930520225,2.0
3269,6.0,0,1.0
3274,3.0,0,1.0
3275,6.0,0,1.0
3277,8.0,0,1.0
3278,2.0,0,1.0
3279,16.0,0,1.0
3280,13.0,0,1.0
3282,1.0,0,1.0
3284,2.0,0,1.0
3285,11.0,0,1.0
3288,10.0,0,1.0
3290,6.5,7.7781745930520225,2.0
3292,1.0,0,1.0
3295,7.5,4.949747468305833,2.0
3296,12.0,0,1.0
3297,2.0,0.0,2.0
3298,3.0,0,1.0
3299,3.0,0,1.0
3300,2.0,0,1.0
3303,2.0,0,1.0
3304,4.0,0,1.0
3308,12.0,0,1.0
3311,5.0,0,1.0
3315,2.0,0,1.0
3317,4.0,0,1.0
3322,2.5,0.7071067811865476,2.0
3329,2.0,1.4142135623730951,2.0
3331,1.0,0,1.0
3335,2.0,0,1.0
3338,2.0,0,1.0
3339,1.0,0,1.0
3340,7.0,0,1.0
3342,5.0,0,1.0
3343,2.5,0.7071067811865476,2.0
3344,5.0,0,1.0
3345,8.0,0,1.0
3346,2.0,0,1.0
3352,6.0,0,1.0
3353,8.0,0,1.0
3361,3.0,0,1.0
3364,1.0,0,1.0
3365,2.0,0,1.0
3368,1.0,0,1.0
3369,1.0,0,1.0
3371,1.5,0.7071067811865476,2.0
3375,2.0,0,1.0
3376,1.0,0,1.0
3378,4.0,0,1.0
3381,1.0,0,1.0
3383,1.0,0,1.0
3384,1.0,0,1.0
3386,14.0,0,1.0
3387,1.0,0,1.0
3388,1.0,0,1.0
3389,1.0,0,1.0
3390,2.0,0,1.0
3394,1.0,0,1.0
3395,16.0,0,1.0
3398,1.0,0,1.0
3399,2.0,0,1.0
3403,9.0,0,1.0
3404,1.0,0,1.0
3407,3.0,0,1.0
3414,11.0,5.656854249492381,2.0
3415,5.0,0,1.0
3416,10.0,0,1.0
3417,4.5,2.1213203435596424,2.0
3418,1.0,0,1.0
3421,9.0,0,1.0
3424,2.0,1.4142135623730951,2.0
3427,2.5,2.1213203435596424,2.0
3431,2.0,0,1.0
3432,2.0,0,1.0
3433,7.0,0,1.0
3436,14.0,0,1.0
3439,6.0,0,1.0
3441,2.0,0,1.0
3443,1.0,0,1.0
3445,4.0,0,1.0
3449,1.0,0,1.0
3456,2.0,0,1.0
3457,4.0,0,1.0
3458,6.5,6.363961030678928,2.0
3460,2.0,0,1.0
3461,8.0,0,1.0
3464,2.0,0,1.0
3466,3.0,0,1.0
3474,6.0,0,1.0
3478,4.0,0,1.0
3486,4.0,0,1.0
3487,3.0,0,1.0
3488,8.0,0,1.0
3489,5.0,0,1.0
3490,9.0,0,1.0
3491,4.0,0,1.0
3493,7.5,9.192388155425117,2.0
3494,16.0,0,1.0
3495,13.0,0,1.0
3496,8.0,1.4142135623730951,2.0
3503,1.0,0.0,2.0
3506,1.0,0,1.0
3507,3.0,0,1.0
3510,2.0,0,1.0
3514,1.0,0,1.0
3517,1.0,0,1.0
3526,12.0,0,1.0
3529,1.0,0,1.0
3530,1.0,0,1.0
3537,3.0,1.4142135623730951,2.0
3540,6.0,0,1.0
3545,6.0,0,1.0
3551,1.0,0,1.0
3555,1.0,0,1.0
3560,3.0,0,1.0
3561,4.5,2.1213203435596424,2.0
3562,6.0,0,1.0
3563,5.0,0,1.0
3564,4.0,4.242640687119285,2.0
3567,13.0,0,1.0
3570,11.0,0,1.0
3572,3.0,0,1.0
3574,1.0,0,1.0
3579,6.0,0,1.0
3581,3.0,0,1.0
3583,1.0,0,1.0
3584,2.0,0,1.0
3586,4.0,0,1.0
3590,1.0,0,1.0
3595,4.0,0,1.0
3596,1.0,0,1.0
3597,2.0,0,1.0
3601,2.0,0,1.0
3603,2.0,0,1.0
3606,5.0,0,1.0
3607,1.0,0,1.0
3609,9.0,0,1.0
3610,3.0,0,1.0
3619,1.0,0,1.0
3621,15.5,0.7071067811865476,2.0
3627,2.0,0,1.0
3631,16.0,0,1.0
3634,16.0,0,1.0
3639,6.0,0,1.0
3641,3.0,0,1.0
3644,3.0,0,1.0
3647,6.0,0,1.0
3649,1.0,0,1.0
3650,5.0,0,1.0
3651,8.0,0,1.0
3655,6.0,0,1.0
3656,1.0,0,1.0
3657,4.0,0,1.0
3660,1.0,0,1.0
3667,1.0,0,1.0
3674,5.0,0,1.0
3676,5.0,0,1.0
3678,4.0,0,1.0
3682,6.0,0,1.0
3684,1.0,0,1.0
3686,2.0,0,1.0
3689,1.0,0,1.0
3692,2.0,1.4142135623730951,2.0
3695,1.0,0,1.0
3696,4.0,0,1.0
3700,10.5,6.363961030678928,2.0
3704,2.0,0.0,2.0
3708,2.0,0,1.0
3710,1.0,0,1.0
3725,2.0,0,1.0
3734,1.0,0,1.0
3736,3.0,0,1.0
3739,4.0,0,1.0
3748,1.0,0,1.0
3749,14.0,0,1.0
3758,5.0,0,1.0
3764,4.0,0,1.0
3765,15.0,0,1.0
3767,3.0,0,1.0
3769,1.0,0,1.0
3770,1.0,0,1.0
3772,1.0,0,1.0
3774,2.0,0,1.0
3776,1.0,0,1.0
3780,2.0,0,1.0
3781,3.5,0.7071067811865476,2.0
3787,2.0,0,1.0
3791,3.0,2.8284271247461903,2.0
3795,1.0,0,1.0
3797,1.0,0,1.0
3799,2.0,0,1.0
3800,1.0,0,1.0
3803,1.0,0,1.0
3815,6.0,0,1.0
3818,13.0,0,1.0
3819,1.0,0,1.0
3825,12.0,0,1.0
3827,3.0,0,1.0
3846,4.0,0,1.0
3850,1.0,0,1.0
3851,3.0,0,1.0
3853,1.0,0,1.0
3854,7.0,0,1.0
3855,4.0,0,1.0
3856,2.0,0,1.0
3857,2.0,0,1.0
3858,3.0,0,1.0
3860,4.0,0,1.0
3865,5.0,0,1.0
3866,6.0,0,1.0
3869,15.0,0,1.0
3871,4.0,0,1.0
3872,5.0,0,1.0
3875,16.0,0,1.0
3878,1.0,0,1.0
3879,4.0,0,1.0
3880,2.0,0,1.0
3882,4.0,0,1.0
3885,6.0,0,1.0
3888,2.0,0,1.0
3890,1.0,0,1.0
3893,4.0,0,1.0
3898,10.0,0,1.0
3899,3.0,2.8284271247461903,2.0
3900,1.0,0,1.0
3901,1.0,0,1.0
3903,3.0,0,1.0
3908,1.0,0,1.0
3921,1.0,0,1.0
3927,16.0,0,1.0
3932,12.0,0,1.0
3936,13.0,0,1.0
3939,3.0,0,1.0
3941,1.0,0,1.0
3943,2.0,0,1.0
3949,1.0,0,1.0
3952,3.0,0,1.0
3957,2.0,0,1.0
3960,2.0,0,1.0
3962,1.0,0,1.0
3963,2.0,0,1.0
3966,2.0,0,1.0
3969,1.0,0,1.0
3973,1.0,0,1.0
3978,3.0,0,1.0
3981,1.0,0,1.0
3987,3.0,0,1.0
3988,13.0,0,1.0
3989,3.0,0,1.0
3991,9.0,0,1.0
3992,7.0,0,1.0
3993,4.0,0,1.0
3998,1.0,0,1.0
4006,1.0,0,1.0
4007,1.0,0,1.0
4011,1.0,0,1.0
4012,3.0,1.4142135623730951,2.0
4016,2.0,0,1.0
4024,1.5,0.7071067811865476,2.0
4028,4.0,0,1.0
4051,2.0,1.4142135623730951,2.0
4054,1.0,0,1.0
4055,1.0,0,1.0
4064,8.0,2.8284271247461903,2.0
4066,4.0,0,1.0
4069,7.0,0,1.0
4075,1.0,0,1.0
4078,1.0,0,1.0
4084,4.0,0,1.0
4088,1.0,0,1.0
4090,2.0,0,1.0
4091,15.0,0,1.0
4096,3.0,0,1.0
4097,1.0,0,1.0
4101,4.0,0,1.0
4104,2.0,0,1.0
4107,1.5,0.7071067811865476,2.0
4108,5.0,0,1.0
4112,1.0,0,1.0
4113,2.0,0,1.0
4115,2.0,0,1.0
4118,2.0,0,1.0
4119,2.0,0,1.0
4121,1.0,0,1.0
4122,1.0,0,1.0
4124,1.0,0,1.0
4125,1.0,0,1.0
4127,2.0,0,1.0
4129,3.0,0,1.0
4131,4.0,0,1.0
4132,1.0,0,1.0
4133,1.0,0,1.0
4135,1.0,0,1.0
4138,2.0,0,1.0
4144,4.0,0,1.0
4148,9.0,0,1.0
4160,1.0,0,1.0
4163,1.0,0.0,2.0
4169,2.0,0,1.0
4174,4.0,0,1.0
4175,5.0,0,1.0
4179,6.0,0,1.0
4180,8.0,0,1.0
4181,3.0,2.8284271247461903,2.0
4182,8.0,0,1.0
4184,1.0,0,1.0
4189,2.0,0,1.0
4199,1.0,0,1.0
4207,1.0,0,1.0
4211,1.0,0,1.0
4212,4.5,3.5355339059327378,2.0
4213,4.0,0,1.0
4215,6.0,0,1.0
4216,3.0,0,1.0
4222,6.0,0,1.0
4229,8.0,0,1.0
4231,1.0,0,1.0
4233,1.0,0,1.0
4236,1.0,0,1.0
4237,2.0,0,1.0
4243,1.0,0,1.0
4246,4.0,0,1.0
4253,1.0,0,1.0
4259,1.0,0,1.0
4267,2.0,0,1.0
4274,1.0,0,1.0
4275,1.0,0,1.0
4276,1.0,0,1.0
4280,1.0,0,1.0
4281,1.0,0,1.0
4285,5.0,0,1.0
4288,1.0,0,1.0
4292,3.0,0,1.0
4298,4.0,0,1.0
4299,13.0,0,1.0
4300,6.0,0,1.0
4301,5.0,0,1.0
4302,4.0,0,1.0
4303,7.0,7.0710678118654755,2.0
4304,1.0,0,1.0
4307,8.0,9.899494936611665,2.0
4311,6.0,0,1.0
4314,2.0,0,1.0
4315,2.0,0,1.0
4317,9.0,7.0710678118654755,2.0
4318,4.0,0,1.0
4319,5.0,0,1.0
4321,1.0,0,1.0
4322,3.0,2.8284271247461903,2.0
4323,6.0,0,1.0
4327,3.0,0,1.0
4329,1.5,0.7071067811865476,2.0
4333,3.0,0,1.0
4335,4.0,0,1.0
4339,1.0,0,1.0
4340,1.0,0,1.0
4344,1.0,0,1.0
4346,1.0,0,1.0
4350,1.0,0,1.0
4352,2.0,0,1.0
4358,2.0,0,1.0
4363,15.0,0,1.0
4365,1.0,0,1.0
4371,1.0,0,1.0
4374,3.0,0,1.0
4376,2.0,0,1.0
4379,4.0,0,1.0
4382,1.0,0,1.0
4383,2.0,0,1.0
4384,1.0,0,1.0
4386,3.0,0,1.0
4391,4.0,0,1.0
4396,1.0,0,1.0
4398,2.0,0,1.0
4401,4.0,0,1.0
4404,4.0,0,1.0
4407,1.0,0,1.0
4408,12.0,0,1.0
4417,2.0,0,1.0
4420,2.0,0,1.0
4433,1.0,0,1.0
4437,6.0,0,1.0
4439,4.0,0,1.0
4440,12.0,0,1.0
4441,4.0,0,1.0
4445,3.5,3.5355339059327378,2.0
4453,1.0,0,1.0
4454,1.0,0,1.0
4460,1.5,0.7071067811865476,2.0
4463,1.0,0,1.0
4468,1.0,0,1.0
4469,1.0,0,1.0
4472,10.0,0,1.0
4474,2.0,0,1.0
4476,1.0,0,1.0
4477,2.0,0,1.0
4478,1.0,0,1.0
4479,2.0,0,1.0
4484,3.0,0,1.0
4488,4.0,0,1.0
4490,3.0,0,1.0
4493,2.0,0,1.0
4495,1.0,0,1.0
4496,1.0,0,1.0
4500,1.0,0,1.0
4502,1.0,0,1.0
4505,1.0,0,1.0
4507,1.0,0,1.0
4512,1.0,0,1.0
4513,2.0,0,1.0
4517,1.0,0,1.0
4518,3.0,0,1.0
4523,1.0,0,1.0
4525,5.0,0,1.0
4527,2.0,0,1.0
4528,1.0,0,1.0
4529,13.0,0,1.0
4532,2.0,0,1.0
4536,2.0,1.4142135623730951,2.0
4539,1.0,0,1.0
4542,2.0,0,1.0
4545,1.0,0,1.0
4550,1.0,0,1.0
4551,6.0,0,1.0
4554,4.0,0,1.0
4556,5.0,4.242640687119285,2.0
4559,1.0,0,1.0
4569,1.0,0,1.0
4592,6.0,0,1.0
4596,2.0,0,1.0
4604,1.0,0.0,2.0
4608,2.0,1.4142135623730951,2.0
4613,2.0,0,1.0
4614,1.0,0,1.0
4623,1.0,0,1.0
4626,2.0,0,1.0
4628,4.5,4.949747468305833,2.0
4631,3.0,0,1.0
4632,10.0,0,1.0
4642,1.0,0,1.0
4654,1.0,0.0,2.0
4661,2.0,0,1.0
4665,1.0,0.0,2.0
4668,2.0,0,1.0
4671,1.0,0,1.0
4674,1.0,0,1.0
4676,3.0,0,1.0
4679,1.0,0,1.0
4684,1.0,0,1.0
4686,3.0,0,1.0
4688,14.0,0,1.0
4689,5.0,0,1.0
4690,2.0,0,1.0
4695,5.0,0,1.0
4701,2.0,0,1.0
4702,1.0,0,1.0
4705,2.0,0,1.0
4711,8.0,7.0710678118654755,2.0
4715,1.0,0,1.0
4717,1.0,0,1.0
4719,2.0,0,1.0
4721,2.5,2.1213203435596424,2.0
4722,6.0,0,1.0
4723,1.0,0,1.0
4727,8.0,0,1.0
4729,1.0,0,1.0
4735,4.0,0,1.0
4739,1.0,0,1.0
4743,2.0,0,1.0
4746,8.0,0,1.0
4748,5.0,0,1.0
4751,3.0,2.8284271247461903,2.0
4752,1.0,0,1.0
4753,3.0,0,1.0
4754,2.0,0,1.0
4755,12.0,0,1.0
4759,2.5,2.1213203435596424,2.0
4762,3.0,0,1.0
4763,6.0,0,1.0
4764,2.0,0,1.0
4765,5.0,0,1.0
4766,11.0,0,1.0
4767,1.5,0.7071067811865476,2.0
4769,2.0,0,1.0
4775,3.0,0,1.0
4789,1.0,0,1.0
4792,9.0,0,1.0
4795,10.0,0,1.0
4807,2.0,0,1.0
4816,1.0,0,1.0
4817,1.0,0,1.0
4819,1.0,0,1.0
4821,1.0,0,1.0
4825,1.0,0,1.0
4826,1.0,0,1.0
4829,3.0,2.8284271247461903,2.0
4831,2.0,0,1.0
4833,4.0,0,1.0
4839,11.0,0,1.0
4840,2.0,0,1.0
4841,10.0,0,1.0
4847,5.0,0,1.0
4848,1.0,0,1.0
4855,1.0,0,1.0
4856,13.0,0,1.0
4860,1.0,0,1.0
4862,6.0,0,1.0
4868,1.0,0,1.0
4872,2.0,0,1.0
4880,1.0,0,1.0
4882,5.0,0,1.0
4884,5.0,0,1.0
4886,1.0,0,1.0
4892,1.5,0.7071067811865476,2.0
4896,1.0,0,1.0
4902,2.0,0,1.0
4906,1.0,0,1.0
4910,1.0,0,1.0
4913,2.0,1.4142135623730951,2.0
4922,9.0,0,1.0
4923,1.0,0,1.0
4925,3.0,0,1.0
4927,3.0,0,1.0
4928,2.0,0,1.0
4932,2.0,0,1.0
4934,1.0,0,1.0
4937,7.0,0,1.0
4938,2.0,0,1.0
4941,1.0,0,1.0
4942,3.0,0,1.0
4944,12.0,0,1.0
4946,3.0,0,1.0
4953,1.0,0,1.0
4961,3.0,0,1.0
4965,5.0,0,1.0
4969,3.0,0.0,2.0
4970,1.0,0,1.0
4971,4.0,0,1.0
4972,2.0,0,1.0
4973,2.0,0,1.0
4974,2.0,0,1.0
4975,1.0,0,1.0
4976,1.0,0,1.0
4978,1.0,0,1.0
4979,4.0,0,1.0
4981,10.0,0,1.0
4986,11.0,0,1.0
4989,6.0,0,1.0
4993,1.0,0,1.0
4995,2.0,0,1.0
4996,1.0,0,1.0
4997,4.0,0,1.0
4998,2.0,0,1.0
4999,9.0,0.0,2.0
5002,2.0,0,1.0
5010,1.0,0,1.0
5011,6.0,0,1.0
5014,2.5,2.1213203435596424,2.0
5019,3.0,1.4142135623730951,2.0
5022,1.0,0,1.0
5023,1.0,0,1.0
5026,7.0,0,1.0
5029,2.0,0,1.0
5031,1.0,0,1.0
5033,3.0,0,1.0
5038,3.0,0,1.0
5039,4.0,0,1.0
5040,1.0,0,1.0
5044,2.0,0,1.0
5047,1.0,0,1.0
5049,2.0,0,1.0
5050,10.0,0,1.0
5056,3.5,3.5355339059327378,2.0
5058,5.0,0,1.0
5060,3.0,0,1.0
5071,1.0,0,1.0
5076,1.0,0,1.0
5077,6.0,0,1.0
5080,4.0,0,1.0
5081,1.0,0,1.0
5083,2.5,0.7071067811865476,2.0
5088,3.0,0,1.0
5092,1.0,0,1.0
5094,8.0,9.899494936611665,2.0
5098,1.0,0,1.0
5104,1.0,0,1.0
5110,1.5,0.7071067811865476,2.0
5113,1.0,0,1.0
5114,2.0,0,1.0
5117,1.0,0,1.0
5122,1.0,0,1.0
5123,6.0,0,1.0
5124,2.5,2.1213203435596424,2.0
5125,8.0,0,1.0
5127,7.0,0,1.0
5128,4.0,0,1.0
5130,9.0,0,1.0
5131,9.0,0,1.0
5132,12.0,0,1.0
5133,3.0,0,1.0
5135,10.0,0,1.0
5146,2.0,1.4142135623730951,2.0
5147,1.0,0,1.0
5150,1.0,0,1.0
5155,3.0,0,1.0
5159,6.0,0,1.0
5162,6.0,0,1.0
5163,8.0,0,1.0
5171,1.0,0,1.0
5179,5.0,2.8284271247461903,2.0
5181,5.0,0,1.0
5187,1.0,0,1.0
5189,2.0,1.4142135623730951,2.0
5193,2.0,0,1.0
5194,3.0,0,1.0
5196,4.0,0,1.0
5199,3.5,2.1213203435596424,2.0
5201,1.0,0,1.0
5202,1.0,0,1.0
5203,6.0,0,1.0
5204,9.5,4.949747468305833,2.0
5205,2.0,0,1.0
5206,8.5,10.606601717798213,2.0
5208,1.0,0,1.0
5212,7.0,0,1.0
5214,5.0,0,1.0
5217,1.0,0,1.0
5219,1.0,0,1.0
5225,14.0,0,1.0
5226,1.0,0,1.0
5229,1.0,0,1.0
5231,1.0,0,1.0
5233,1.0,0,1.0
5234,10.0,0,1.0
5236,2.0,0,1.0
5237,4.0,0,1.0
5239,1.0,0,1.0
5241,5.5,6.363961030678928,2.0
5245,1.0,0,1.0
5248,4.0,0,1.0
5249,1.0,0,1.0
5251,1.0,0,1.0
5253,3.0,0,1.0
5255,2.0,0,1.0
5260,1.0,0.0,2.0
5267,15.0,0,1.0
5269,2.0,0,1.0
5270,16.0,0,1.0
5274,2.0,0,1.0
5275,5.0,0,1.0
5276,3.0,0.0,2.0
5277,1.0,0.0,2.0
5278,2.0,0,1.0
5279,1.0,0,1.0
5280,10.0,0,1.0
5282,3.0,0,1.0
5284,2.0,0,1.0
5289,3.0,0,1.0
5292,9.5,6.363961030678928,2.0
5293,2.0,0,1.0
5296,9.0,0,1.0
5298,3.0,0,1.0
5303,4.0,0,1.0
5304,1.0,0,1.0
5305,1.0,0,1.0
5307,1.0,0,1.0
5309,3.0,0,1.0
5316,3.0,0,1.0
5317,1.0,0,1.0
5320,3.0,0,1.0
5323,2.0,0,1.0
5324,15.0,0,1.0
5325,6.5,3.5355339059327378,2.0
5329,2.0,0.0,2.0
5330,2.0,0,1.0
5331,15.0,0,1.0
5335,5.5,3.5355339059327378,2.0
5337,2.0,0,1.0
5339,2.0,0,1.0
5340,15.0,0,1.0
5341,12.0,0,1.0
5342,3.5,3.5355339059327378,2.0
5343,8.0,0,1.0
5345,11.5,6.363961030678928,2.0
5346,3.0,0,1.0
5351,16.0,0,1.0
5352,14.0,0,1.0
5353,15.0,0,1.0
5356,7.0,0,1.0
5360,3.0,0,1.0
5363,2.0,0,1.0
5367,1.0,0,1.0
5368,1.0,0,1.0
5369,3.0,0,1.0
5375,1.0,0,1.0
5378,3.0,0,1.0
5381,1.0,0,1.0
5385,2.0,0,1.0
5392,2.0,0,1.0
5394,1.0,0,1.0
5395,2.0,0,1.0
5396,4.0,0,1.0
5399,15.0,0,1.0
5400,9.0,0,1.0
5402,11.0,0,1.0
5403,3.0,0,1.0
5404,2.0,0,1.0
5405,1.0,0,1.0
5406,4.0,0.0,2.0
5407,2.0,0,1.0
5413,12.0,0,1.0
5416,1.0,0,1.0
5417,9.0,0,1.0
5420,3.0,0,1.0
5426,1.0,0,1.0
5430,3.0,0,1.0
5431,1.5,0.7071067811865476,2.0
5432,1.0,0,1.0
5435,1.0,0,1.0
5439,10.0,0,1.0
5440,4.0,0,1.0
5441,11.0,0,1.0
5445,6.0,0,1.0
5451,5.0,0,1.0
5453,7.0,0,1.0
5456,1.0,0,1.0
5457,1.0,0,1.0
5460,9.0,0,1.0
5461,3.0,0,1.0
5466,8.0,0,1.0
5468,15.0,0,1.0
5472,1.0,0,1.0
5473,11.0,0,1.0
5477,2.0,0.0,2.0
5481,3.5,0.7071067811865476,2.0
5483,1.0,0,1.0
5487,7.0,0,1.0
5489,8.0,0,1.0
5491,2.0,0,1.0
5493,1.0,0,1.0
5495,8.0,0,1.0
5497,1.5,0.7071067811865476,2.0
5499,2.0,0,1.0
5502,1.0,0,1.0
5505,4.0,0,1.0
5506,2.0,0,1.0
5509,2.0,0,1.0
5510,7.0,0,1.0
5512,4.0,0,1.0
5513,4.0,1.4142135623730951,2.0
5515,3.0,0,1.0
5517,1.0,0,1.0
5521,8.0,0,1.0
5523,1.0,0,1.0
5524,1.0,0,1.0
5525,4.0,0,1.0
5527,2.0,0,1.0
5528,2.0,0,1.0
5541,1.0,0,1.0
5543,4.0,0,1.0
5544,1.0,0,1.0
5545,1.0,0,1.0
5547,9.0,0,1.0
5548,4.0,0,1.0
5549,3.0,0,1.0
5550,3.0,0,1.0
5560,11.0,0,1.0
5561,2.0,0,1.0
5565,2.0,0,1.0
5570,4.0,0,1.0
5572,1.0,0,1.0
5573,4.0,0,1.0
5575,6.0,0,1.0
5576,9.0,0,1.0
5577,2.0,0,1.0
5582,2.0,0,1.0
5584,4.0,0,1.0
5585,1.0,0,1.0
5590,1.5,0.7071067811865476,2.0
5594,2.0,0,1.0
5596,1.0,0,1.0
5597,4.0,0,1.0
5598,1.0,0,1.0
5603,1.5,0.7071067811865476,2.0
5604,1.0,0,1.0
5605,2.0,0,1.0
5607,3.0,0,1.0
5609,1.0,0,1.0
5624,1.0,0,1.0
5629,2.0,0,1.0
5632,2.0,0,1.0
5640,2.0,0,1.0
5645,8.0,0,1.0
5646,2.0,1.4142135623730951,2.0
5652,1.0,0,1.0
5655,1.0,0,1.0
5658,2.0,0,1.0
5660,1.0,0,1.0
5661,1.0,0,1.0
5662,2.0,0,1.0
5668,3.0,0,1.0
5675,2.0,0,1.0
5676,8.0,0,1.0
5677,4.0,0,1.0
5679,1.0,0,1.0
5681,3.5,2.1213203435596424,2.0
5682,11.0,0,1.0
5683,4.0,0,1.0
5684,4.0,0,1.0
5686,3.0,0,1.0
5687,1.0,0,1.0
5689,2.0,0,1.0
5693,1.0,0,1.0
5697,2.0,0,1.0
5700,3.0,0,1.0
5709,9.0,0,1.0
5713,8.0,0,1.0
5715,1.0,0,1.0
5718,3.0,0,1.0
5723,2.0,0,1.0
5726,1.0,0,1.0
5729,1.0,0,1.0
5733,11.0,0,1.0
5734,4.0,0,1.0
5738,1.0,0,1.0
5745,1.0,0,1.0
5747,1.0,0,1.0
5748,2.0,0,1.0
5754,1.0,0,1.0
5756,3.5,2.1213203435596424,2.0
5757,1.0,0,1.0
5763,5.0,0,1.0
5764,2.0,1.4142135623730951,2.0
5765,4.0,0,1.0
5770,8.0,0,1.0
5772,2.0,0,1.0
5775,5.0,0,1.0
5777,2.0,0,1.0
5779,1.0,0,1.0
5780,2.0,0,1.0
5784,1.0,0,1.0
5787,4.0,0,1.0
5790,2.5,2.1213203435596424,2.0
5791,1.0,0,1.0
5796,3.0,0,1.0
5798,1.0,0,1.0
5799,4.0,0,1.0
5801,1.0,0,1.0
5806,1.0,0,1.0
5811,6.0,0,1.0
5815,2.0,0,1.0
5819,1.0,0,1.0
5820,1.0,0,1.0
5825,4.0,0,1.0
5828,1.0,0,1.0
5829,3.0,0,1.0
5832,2.5,0.7071067811865476,2.0
5835,7.0,0,1.0
5836,2.0,0,1.0
5837,1.0,0,1.0
5838,2.5,0.7071067811865476,2.0
5841,6.0,0,1.0
5846,1.0,0,1.0
5849,3.0,0,1.0
5851,2.0,0,1.0
5855,6.0,0,1.0
5856,3.0,0,1.0
5859,7.0,0,1.0
5860,1.0,0,1.0
5867,1.0,0,1.0
5869,4.0,0,1.0
5870,2.0,0.0,2.0
5871,1.0,0,1.0
5873,1.0,0,1.0
5876,1.0,0,1.0
5879,1.0,0,1.0
5887,1.0,0,1.0
5888,1.0,0,1.0
5890,2.0,0,1.0
5892,2.0,0,1.0
5894,2.0,0.0,2.0
5898,6.0,0,1.0
5899,1.0,0,1.0
5901,14.0,0,1.0
5902,1.0,0,1.0
5904,1.0,0,1.0
5907,4.0,0,1.0
5911,2.0,0,1.0
5912,2.0,0,1.0
5913,5.0,1.4142135623730951,2.0
5917,4.0,0,1.0
5920,7.0,0,1.0
5925,5.0,0,1.0
5926,2.0,0,1.0
5929,9.0,0,1.0
5930,10.0,0,1.0
5931,3.0,0,1.0
5932,8.0,5.656854249492381,2.0
5933,7.0,0,1.0
5934,15.0,0,1.0
5935,1.0,0,1.0
5936,5.0,0,1.0
5937,5.0,0,1.0
5938,1.0,0,1.0
5939,1.0,0,1.0
5946,1.0,0,1.0
5949,4.0,0,1.0
5952,2.0,0,1.0
5955,1.0,0,1.0
5959,13.0,0,1.0
5960,9.0,0,1.0
5965,2.0,0.0,2.0
5974,9.0,0,1.0
5976,3.0,0,1.0
5977,1.0,0,1.0
5978,5.0,0,1.0
5979,3.0,0,1.0
5983,1.0,0,1.0
5985,3.0,0,1.0
5988,13.0,0,1.0
5989,1.0,0,1.0
5990,2.0,0,1.0
5991,9.0,0,1.0
5992,1.0,0,1.0
5993,1.0,0,1.0
5995,1.0,0,1.0
5996,1.0,0,1.0
5997,1.0,0,1.0
5999,1.0,0,1.0
6002,3.0,0,1.0
6003,4.5,4.949747468305833,2.0
6006,1.0,0,1.0
6007,6.0,0,1.0
6009,1.0,0,1.0
6011,7.0,0,1.0
6013,1.0,0,1.0
6015,2.0,1.4142135623730951,2.0
6017,10.0,0,1.0
6021,2.0,0,1.0
6023,12.0,0,1.0
6027,14.0,0,1.0
6031,8.0,0,1.0
6033,2.0,0,1.0
6034,2.0,0,1.0
6038,3.0,0,1.0
6040,4.0,0,1.0
6042,1.0,0,1.0
6043,5.0,0,1.0
6044,1.0,0,1.0
6048,1.0,0,1.0
6050,6.0,0,1.0
6051,1.0,0,1.0
6052,4.0,0,1.0
6057,7.0,0,1.0
6059,1.0,0,1.0
6060,3.0,0,1.0
6064,5.0,0,1.0
6066,7.0,0,1.0
6068,1.0,0,1.0
6069,8.5,10.606601717798213,2.0
6070,1.0,0,1.0
6073,1.0,0,1.0
6074,6.0,7.0710678118654755,2.0
6076,7.0,0,1.0
6079,2.0,0,1.0
6081,9.0,0,1.0
6082,3.0,0,1.0
6085,11.0,0,1.0
6086,1.5,0.7071067811865476,2.0
6088,9.0,0,1.0
6090,2.0,0,1.0
6094,6.0,0,1.0
6097,3.0,0,1.0
6098,2.0,0,1.0
6099,8.0,0,1.0
6107,3.0,0,1.0
6112,1.0,0,1.0
6116,2.0,0,1.0
6119,3.0,0,1.0
6123,8.0,0,1.0
6126,3.0,0,1.0
6131,15.0,0,1.0
6133,10.0,0,1.0
6134,6.0,0,1.0
6135,2.0,0,1.0
6138,12.0,0,1.0
6139,5.5,0.7071067811865476,2.0
6141,1.0,0,1.0
6145,2.0,0,1.0
6147,1.0,0,1.0
6151,2.0,0,1.0
6153,2.0,0,1.0
6158,4.0,0,1.0
6159,3.0,0,1.0
6162,3.0,0,1.0
6166,2.0,0,1.0
6168,8.0,0,1.0
6170,5.0,0,1.0
6171,4.0,0,1.0
6173,3.0,0,1.0
6174,4.0,0,1.0
6175,10.5,0.7071067811865476,2.0
6177,2.0,0,1.0
6179,8.0,0,1.0
6181,12.0,0,1.0
6188,5.0,0,1.0
6193,2.0,0,1.0
6196,11.0,0,1.0
6198,5.0,0,1.0
6200,3.0,0,1.0
6202,2.0,0,1.0
6203,6.0,0,1.0
6204,12.0,0,1.0
6205,4.0,0,1.0
6209,9.0,0,1.0
6211,2.0,0,1.0
6212,5.0,0,1.0
6213,4.0,0,1.0
6215,5.0,0,1.0
6217,8.0,9.899494936611665,2.0
6218,2.5,0.7071067811865476,2.0
6224,12.0,0,1.0
6227,3.0,0,1.0
6228,6.0,0,1.0
6231,4.0,4.242640687119285,2.0
6236,4.0,0,1.0
6240,16.0,0,1.0
6242,8.0,0,1.0
6243,4.0,0,1.0
6244,1.0,0,1.0
6245,3.0,0,1.0
6246,9.0,0,1.0
6247,2.0,0,1.0
6249,3.0,0,1.0
6250,2.0,1.4142135623730951,2.0
6251,2.5,0.7071067811865476,2.0
6253,6.0,0,1.0
6254,4.0,0,1.0
6255,4.5,4.949747468305833,2.0
6256,2.0,0,1.0
6262,6.0,0,1.0
6263,1.0,0,1.0
6267,3.0,0,1.0
6270,1.0,0.0,2.0
6273,1.0,0,1.0
6275,1.0,0,1.0
6276,3.0,0,1.0
6277,4.0,0,1.0
6281,1.0,0,1.0
6286,4.0,0,1.0
6288,1.0,0,1.0
6291,2.0,0,1.0
6292,1.0,0,1.0
6293,11.0,0,1.0
6295,15.0,0,1.0
6297,1.0,0,1.0
6300,2.0,0,1.0
6301,5.5,4.949747468305833,2.0
6302,11.0,0,1.0
6303,12.0,0,1.0
6305,16.0,0,1.0
6308,2.0,0,1.0
6309,6.0,0,1.0
6310,13.0,0,1.0
6311,1.0,0,1.0
6317,5.0,0,1.0
6325,7.0,0,1.0
6329,1.0,0,1.0
6332,1.0,0,1.0
6333,2.0,0,1.0
6338,12.5,0.7071067811865476,2.0
6342,7.5,9.192388155425117,2.0
6343,13.0,0,1.0
6345,1.5,0.7071067811865476,2.0
6346,1.0,0,1.0
6348,1.0,0,1.0
6351,3.0,0,1.0
6354,1.0,0,1.0
6355,9.0,0,1.0
6358,2.0,0,1.0
6361,9.0,0,1.0
6363,5.0,0,1.0
6365,1.5,0.7071067811865476,2.0
6366,1.0,0,1.0
6367,1.0,0,1.0
6369,5.0,0,1.0
6371,1.0,0,1.0
6372,2.0,0,1.0
6373,2.0,0.0,2.0
6374,3.0,0,1.0
6376,3.0,0,1.0
6378,4.0,0,1.0
6379,1.0,0,1.0
6382,7.5,6.363961030678928,2.0
6383,1.0,0,1.0
6384,1.0,0,1.0
6385,1.0,0,1.0
6386,1.0,0,1.0
6389,7.0,0,1.0
6390,4.0,0,1.0
6395,4.0,0,1.0
6398,7.0,0,1.0
6399,2.0,0,1.0
6400,1.0,0,1.0
6402,4.0,0,1.0
6411,13.0,0,1.0
6416,1.0,0,1.0
6419,6.0,0,1.0
6421,3.0,0,1.0
6422,2.0,0,1.0
6425,12.0,0,1.0
6426,1.0,0,1.0
6429,1.0,0,1.0
6435,2.5,2.1213203435596424,2.0
6438,2.5,0.7071067811865476,2.0
6441,1.0,0,1.0
6443,1.0,0,1.0
6446,1.0,0,1.0
6447,1.0,0,1.0
6454,8.0,0,1.0
6457,3.0,0,1.0
6460,1.0,0,1.0
6462,6.0,0,1.0
6464,1.0,0.0,2.0
6466,6.0,0,1.0
6467,1.0,0,1.0
6468,2.0,0.0,2.0
6473,2.0,0,1.0
6474,7.5,9.192388155425117,2.0
6475,2.0,0,1.0
6481,1.0,0,1.0
6482,10.0,0,1.0
6495,2.0,0,1.0
6498,1.0,0,1.0
6501,1.0,0,1.0
6504,1.0,0,1.0
6508,1.0,0,1.0
6510,1.0,0,1.0
6511,4.0,0,1.0
6514,5.0,5.656854249492381,2.0
6515,13.0,0,1.0
6516,12.0,0,1.0
6518,5.0,0,1.0
6519,6.0,0,1.0
6525,2.0,0,1.0
6527,1.0,0,1.0
6528,10.0,0,1.0
6529,1.0,0,1.0
6534,2.0,0,1.0
6539,1.0,0,1.0
6543,1.0,0,1.0
6549,1.5,0.7071067811865476,2.0
6551,2.0,0,1.0
6552,2.0,0,1.0
6554,11.0,0,1.0
6557,2.0,0,1.0
6558,12.0,0,1.0
6560,2.0,0,1.0
6563,10.0,0,1.0
6568,1.0,0,1.0
6569,1.0,0,1.0
6570,5.0,5.656854249492381,2.0
6580,2.0,0,1.0
6582,1.0,0,1.0
6583,1.0,0,1.0
6588,3.0,0,1.0
6590,2.0,0,1.0
6593,3.0,0,1.0
6596,1.0,0,1.0
6597,1.0,0,1.0
6600,6.0,0,1.0
6603,4.0,0,1.0
6607,1.0,0,1.0
6612,8.0,0,1.0
6613,1.0,0,1.0
6616,2.0,0,1.0
6618,9.0,0,1.0
6622,8.0,0,1.0
6623,1.0,0,1.0
6626,2.0,0,1.0
6628,14.0,0,1.0
6629,4.0,0,1.0
6630,11.0,0,1.0
6631,1.0,0,1.0
6638,3.0,0,1.0
6640,1.0,0,1.0
6641,2.0,0,1.0
6642,5.0,5.656854249492381,2.0
6643,7.0,0,1.0
6646,10.0,0,1.0
6647,2.0,1.4142135623730951,2.0
6648,1.0,0,1.0
6650,2.0,0,1.0
6651,2.0,0,1.0
6652,1.0,0,1.0
6653,8.0,0,1.0
6655,2.0,0,1.0
6656,5.0,0,1.0
6659,1.0,0,1.0
6662,3.0,0,1.0
6663,2.0,0,1.0
6664,1.0,0,1.0
6667,10.0,0,1.0
6672,4.0,0,1.0
6673,3.0,0,1.0
6675,5.0,0,1.0
6676,3.0,0,1.0
6677,7.0,0,1.0
6678,3.0,0,1.0
6679,3.0,0,1.0
6680,5.0,0,1.0
6683,2.0,0,1.0
6685,1.5,0.7071067811865476,2.0
6686,1.0,0,1.0
6687,3.0,0,1.0
6688,4.0,0.0,2.0
6690,3.0,0.0,2.0
6692,1.5,0.7071067811865476,2.0
6693,2.0,0,1.0
6694,3.0,0,1.0
6696,1.0,0,1.0
6697,6.0,0,1.0
6698,2.0,0,1.0
6699,6.0,0,1.0
6702,2.0,0,1.0
6703,3.0,0,1.0
6705,9.0,0,1.0
6706,2.0,0,1.0
6708,2.0,0,1.0
6710,9.0,0,1.0
6712,2.0,0,1.0
6713,7.0,0,1.0
6716,8.0,7.0710678118654755,2.0
6721,5.0,0,1.0
6722,6.0,0,1.0
6723,9.0,0,1.0
6725,3.0,0,1.0
6726,2.0,0,1.0
6735,1.0,0,1.0
6736,2.0,0,1.0
6742,15.0,0,1.0
6745,4.5,4.949747468305833,2.0
6747,3.0,0,1.0
6750,3.0,0,1.0
6754,2.0,0,1.0
6755,1.0,0,1.0
6758,3.0,0,1.0
6762,2.0,0,1.0
6765,13.0,0,1.0
6766,2.0,0,1.0
6771,4.0,0,1.0
6776,1.0,0,1.0
6785,9.0,0,1.0
6789,2.0,0,1.0
6793,1.0,0,1.0
6798,9.0,0,1.0
6801,4.0,0,1.0
6807,6.0,0,1.0
6809,1.0,0,1.0
6810,2.0,0,1.0
6811,1.0,0,1.0
6819,3.0,0,1.0
6821,5.0,0,1.0
6824,1.0,0,1.0
6827,7.0,0,1.0
6828,1.0,0,1.0
6830,1.0,0,1.0
6837,1.0,0,1.0
6838,2.0,0,1.0
6839,1.0,0.0,2.0
6842,2.0,0,1.0
6851,1.0,0,1.0
6858,1.0,0,1.0
6861,2.0,1.4142135623730951,2.0
6865,1.0,0,1.0
6866,2.0,0,1.0
6868,2.0,0,1.0
6874,2.0,1.4142135623730951,2.0
6875,2.0,0,1.0
6876,6.0,1.4142135623730951,2.0
6877,3.0,0,1.0
6883,1.0,0,1.0
6885,4.0,0,1.0
6886,2.0,0,1.0
6887,2.0,0,1.0
6889,1.0,0,1.0
6890,2.0,0,1.0
6893,2.0,0,1.0
6895,2.0,0,1.0
6896,3.0,0,1.0
6904,2.0,0,1.0
6910,2.0,0,1.0
6911,2.0,0.0,2.0
6913,1.0,0,1.0
6916,2.0,0,1.0
6917,1.0,0,1.0
6918,2.0,0,1.0
6920,1.0,0,1.0
6921,12.0,0,1.0
6923,1.0,0,1.0
6924,6.0,0,1.0
6925,2.0,0,1.0
6927,4.0,4.242640687119285,2.0
6928,5.0,0,1.0
6931,9.0,0,1.0
6935,7.0,0,1.0
6940,2.0,0,1.0
6942,3.0,0,1.0
6944,1.0,0,1.0
6945,1.0,0,1.0
6946,2.0,0,1.0
6950,2.0,1.4142135623730951,2.0
6955,8.0,0,1.0
6956,1.0,0,1.0
6959,15.0,0,1.0
6962,8.0,0,1.0
6964,1.0,0,1.0
6967,11.0,0,1.0
6973,1.0,0,1.0
6978,3.0,0,1.0
6986,2.0,0,1.0
6988,5.0,0,1.0
6990,2.0,0,1.0
6998,11.0,0,1.0
7000,7.0,0,1.0
7001,13.0,0,1.0
7002,5.0,0,1.0
7004,1.0,0,1.0
7005,3.0,0,1.0
7009,1.0,0,1.0
7010,2.0,0,1.0
7011,4.0,0,1.0
7020,1.0,0,1.0
7021,2.0,0,1.0
7022,7.0,0,1.0
7025,1.0,0,1.0
7026,2.0,0,1.0
7027,11.0,0,1.0
7029,1.0,0,1.0
7030,1.0,0,1.0
7031,3.0,0,1.0
7032,1.0,0,1.0
7033,5.0,5.656854249492381,2.0
7037,2.0,0,1.0
7038,3.0,0,1.0
7042,16.0,0,1.0
7044,3.0,0,1.0
7046,4.0,0,1.0
7051,8.0,0,1.0
7053,3.0,0,1.0
7059,7.0,0,1.0
7063,2.0,0,1.0
7064,2.0,0,1.0
7066,3.0,0,1.0
7068,4.5,2.1213203435596424,2.0
7070,2.0,0,1.0
7073,2.0,0,1.0
7076,4.0,0,1.0
7077,4.0,0,1.0
7080,2.0,0,1.0
7087,2.0,0,1.0
7089,3.0,0,1.0
7091,4.0,0,1.0
7092,3.0,0,1.0
7095,4.0,0,1.0
7097,13.0,0,1.0
7098,1.0,0,1.0
7100,1.0,0,1.0
7103,1.0,0,1.0
7106,6.0,0,1.0
7109,2.0,0,1.0
7111,2.0,0,1.0
7112,1.0,0,1.0
7113,1.0,0,1.0
7116,1.0,0,1.0
7117,15.0,0,1.0
7120,14.0,0,1.0
7121,1.0,0.0,2.0
7122,5.0,0,1.0
7125,1.0,0,1.0
7126,1.0,0,1.0
7130,5.0,5.656854249492381,2.0
7131,3.0,0,1.0
7136,2.0,0,1.0
7137,7.0,0,1.0
7138,10.0,0,1.0
7142,1.5,0.7071067811865476,2.0
7145,3.0,0,1.0
7147,1.0,0,1.0
7150,1.0,0,1.0
7153,13.0,0,1.0
7154,1.0,0,1.0
7155,15.0,0,1.0
7158,3.0,0,1.0
7159,8.0,0,1.0
7163,5.0,0,1.0
7166,8.0,0,1.0
7167,1.0,0,1.0
7171,4.0,0,1.0
7174,4.0,0,1.0
7176,1.0,0,1.0
7181,1.0,0,1.0
7182,13.0,0,1.0
7184,12.0,0,1.0
7186,7.0,0,1.0
7187,2.0,0,1.0
7189,9.0,0,1.0
7191,12.0,0,1.0
7196,2.0,0,1.0
7199,4.0,0,1.0
7202,1.0,0,1.0
7203,2.0,0.0,2.0
7206,1.0,0,1.0
7211,4.0,1.4142135623730951,2.0
7215,6.0,0,1.0
7216,8.0,0,1.0
7217,11.0,0,1.0
7220,14.0,0,1.0
7221,4.0,0,1.0
7223,9.0,0,1.0
7224,4.5,3.5355339059327378,2.0
7228,1.0,0,1.0
7229,10.0,0,1.0
7231,1.0,0,1.0
7232,2.0,0,1.0
7235,2.0,0,1.0
7236,4.5,3.5355339059327378,2.0
7240,3.0,1.4142135623730951,2.0
7245,2.0,0,1.0
7246,2.0,0,1.0
7247,5.0,0,1.0
7249,1.0,0,1.0
7258,9.0,0,1.0
7261,1.0,0,1.0
7263,4.0,0,1.0
7266,1.0,0,1.0
7268,3.0,0,1.0
7276,1.0,0,1.0
7279,4.0,0,1.0
7283,5.0,0,1.0
7284,1.0,0,1.0
7287,6.0,0,1.0
7288,1.0,0,1.0
7289,14.0,0,1.0
7297,1.5,0.7071067811865476,2.0
7298,4.0,0,1.0
7301,13.0,0,1.0
7302,2.0,0,1.0
7303,1.0,0,1.0
7304,3.0,0,1.0
7306,7.0,0,1.0
7307,2.0,0,1.0
7309,2.0,0,1.0
7310,1.0,0,1.0
7312,5.0,0,1.0
7327,4.0,0,1.0
7333,1.0,0,1.0
7336,2.0,0,1.0
7338,2.0,0,1.0
7339,10.0,0,1.0
7341,1.0,0,1.0
7342,1.0,0,1.0
7347,1.0,0,1.0
7348,3.0,0,1.0
7350,14.0,0,1.0
7353,4.5,0.7071067811865476,2.0
7354,3.0,0,1.0
7355,2.0,0,1.0
7358,3.0,0,1.0
7363,13.0,0,1.0
7364,3.0,0,1.0
7366,3.0,1.4142135623730951,2.0
7368,1.0,0,1.0
7372,7.0,0,1.0
7373,2.0,0,1.0
7375,8.0,0,1.0
7378,5.0,0,1.0
7382,6.0,0,1.0
7385,3.0,0,1.0
7386,3.0,0,1.0
7387,5.0,0,1.0
7388,4.0,0,1.0
7391,3.0,0,1.0
7392,4.0,4.242640687119285,2.0
7395,4.0,0,1.0
7398,1.0,0,1.0
7399,3.0,0,1.0
7400,11.0,0,1.0
7401,6.0,0,1.0
7402,1.0,0,1.0
7403,8.5,3.5355339059327378,2.0
7405,1.0,0,1.0
7406,9.5,2.1213203435596424,2.0
7408,3.0,0,1.0
7411,15.0,0,1.0
7412,4.0,0,1.0
7413,8.0,0,1.0
7414,1.0,0,1.0
7415,1.0,0,1.0
7416,6.0,0,1.0
7419,4.0,0,1.0
7421,7.5,7.7781745930520225,2.0
7422,4.0,0,1.0
7426,5.0,0,1.0
7431,7.0,1.4142135623730951,2.0
7432,3.0,0,1.0
7433,8.0,0,1.0
7435,11.0,0,1.0
7438,3.0,0,1.0
7439,16.0,0,1.0
7440,7.0,0,1.0
7441,2.0,0,1.0
7443,1.0,0,1.0
7447,5.0,0,1.0
7449,4.0,4.242640687119285,2.0
7451,9.0,0,1.0
7454,2.0,0,1.0
7456,11.0,0,1.0
7457,2.0,0,1.0
7458,3.0,0,1.0
7460,2.0,0,1.0
7464,1.0,0,1.0
7465,3.0,0,1.0
7466,8.0,2.8284271247461903,2.0
7469,7.0,0,1.0
7472,7.0,0,1.0
7473,1.0,0,1.0
7475,15.0,0,1.0
7476,2.0,0,1.0
7480,1.0,0,1.0
7481,6.0,0,1.0
7483,8.0,0,1.0
7487,4.0,0,1.0
7489,4.5,3.5355339059327378,2.0
7491,3.0,0,1.0
7493,1.0,0,1.0
7497,1.0,0,1.0
7501,1.0,0,1.0
7502,1.0,0,1.0
7504,2.0,0,1.0
7506,5.0,0,1.0
7510,3.0,0,1.0
7511,2.0,0,1.0
7514,7.0,0,1.0
7517,2.0,0,1.0
7519,2.0,0,1.0
7522,1.5,0.7071067811865476,2.0
7525,3.0,0,1.0
7530,2.0,0,1.0
7533,1.0,0,1.0
7536,16.0,0,1.0
7537,1.0,0,1.0
7541,2.0,0,1.0
7544,1.0,0,1.0
7547,3.0,0,1.0
7548,13.0,0,1.0
7549,3.0,0,1.0
7552,1.0,0,1.0
7555,11.0,0,1.0
7556,1.0,0,1.0
7562,2.0,0,1.0
7565,1.0,0,1.0
7572,10.0,0,1.0
7573,1.0,0,1.0
7578,12.0,0,1.0
7580,1.0,0,1.0
7581,1.0,0,1.0
7582,4.0,0,1.0
7585,4.0,0,1.0
7586,1.0,0,1.0
7591,1.0,0,1.0
7592,11.0,0,1.0
7595,6.0,0,1.0
7598,6.0,0,1.0
7602,2.0,0,1.0
7605,1.0,0,1.0
7607,9.0,0,1.0
7618,2.5,2.1213203435596424,2.0
7626,10.0,0,1.0
7627,13.0,0,1.0
7629,1.0,0,1.0
7630,1.0,0,1.0
7632,2.0,0,1.0
7638,3.0,0,1.0
7639,2.0,0,1.0
7642,1.0,0,1.0
7643,4.0,0,1.0
7647,1.0,0,1.0
7649,2.0,0,1.0
7655,2.0,0,1.0
7657,6.0,0,1.0
7661,16.0,0,1.0
7669,2.0,0,1.0
7670,4.0,0,1.0
7672,13.0,0,1.0
7673,10.0,0,1.0
7674,9.0,4.242640687119285,2.0
7676,2.0,0,1.0
7677,1.0,0,1.0
7679,12.0,0,1.0
7682,3.0,0,1.0
7683,1.0,0,1.0
7687,3.0,0,1.0
7689,2.0,0,1.0
7691,1.0,0,1.0
7692,1.0,0,1.0
7699,12.0,0,1.0
7700,1.0,0,1.0
7705,2.5,2.1213203435596424,2.0
7713,1.5,0.7071067811865476,2.0
7717,3.0,0,1.0
7719,6.0,0,1.0
7721,2.0,0,1.0
7726,2.0,0,1.0
7728,2.0,0,1.0
7729,4.0,0,1.0
7733,6.0,0,1.0
7739,8.5,0.7071067811865476,2.0
7743,7.0,8.48528137423857,2.0
7750,7.5,6.363961030678928,2.0
7751,1.0,0,1.0
7752,1.0,0,1.0
7753,5.0,0,1.0
7754,1.0,0,1.0
7755,4.0,0,1.0
7756,5.0,0,1.0
7759,10.0,0,1.0
7761,9.0,0,1.0
7762,15.0,0,1.0
7763,16.0,0,1.0
7764,3.0,0,1.0
7767,4.0,0,1.0
7768,1.0,0,1.0
7771,2.0,0,1.0
7776,2.0,0,1.0
7779,4.0,0,1.0
7780,1.0,0,1.0
7783,13.0,0,1.0
7784,12.0,0,1.0
7785,1.0,0,1.0
7788,10.0,0,1.0
7790,14.0,0,1.0
7795,1.0,0,1.0
7796,3.0,0,1.0
7797,1.0,0,1.0
7800,2.0,0,1.0
7802,6.0,0,1.0
7806,3.0,0,1.0
7807,3.0,0,1.0
7808,1.0,0,1.0
7817,3.0,0,1.0
7821,1.0,0,1.0
7822,7.5,6.363961030678928,2.0
7823,6.5,6.363961030678928,2.0
7824,2.0,0,1.0
7825,11.0,0,1.0
7826,11.0,0,1.0
7827,1.5,0.7071067811865476,2.0
7829,8.0,0,1.0
7830,6.0,0,1.0
7834,3.0,0,1.0
7835,3.0,0,1.0
7840,1.0,0,1.0
7842,5.0,0,1.0
7844,4.0,0,1.0
7845,1.0,0,1.0
7846,2.0,0,1.0
7849,5.0,0,1.0
7850,1.0,0,1.0
7851,1.0,0.0,2.0
7855,4.0,0,1.0
7856,3.0,1.4142135623730951,2.0
7858,1.0,0,1.0
7862,3.0,0,1.0
7863,13.0,0,1.0
7864,1.0,0,1.0
7865,1.0,0,1.0
7868,5.0,0,1.0
7869,8.0,0,1.0
7870,2.0,0,1.0
7873,2.0,0,1.0
7875,1.0,0,1.0
7881,9.0,0,1.0
7883,5.0,0,1.0
7885,5.0,0,1.0
7888,2.0,0,1.0
7890,1.0,0,1.0
7891,4.0,4.242640687119285,2.0
7892,10.0,0,1.0
7896,1.0,0,1.0
7897,1.0,0,1.0
7900,1.0,0,1.0
7901,1.0,0,1.0
7905,16.0,0,1.0
7906,1.0,0,1.0
7908,2.0,0,1.0
7913,2.0,0,1.0
7916,1.0,0,1.0
7917,2.0,0,1.0
7918,2.0,0,1.0
7920,2.0,0,1.0
7922,1.0,0,1.0
7925,6.0,0,1.0
7927,2.0,0,1.0
7932,10.0,0,1.0
7933,4.0,0,1.0
7936,1.0,0.0,2.0
7938,2.0,0,1.0
7940,15.0,0,1.0
7941,1.0,0,1.0
7946,9.0,0,1.0
7947,4.0,0,1.0
7948,1.0,0,1.0
7949,2.0,0,1.0
7950,1.0,0,1.0
7952,2.0,0,1.0
7955,4.0,0,1.0
7957,3.0,0,1.0
7959,10.0,0,1.0
7966,11.0,0,1.0
7967,1.0,0,1.0
7969,2.0,0,1.0
7970,2.0,0,1.0
7971,1.0,0,1.0
7976,2.0,0,1.0
7977,4.5,3.5355339059327378,2.0
7978,5.5,0.7071067811865476,2.0
7980,9.5,6.363961030678928,2.0
7983,2.5,2.1213203435596424,2.0
7986,2.0,0,1.0
7988,4.0,0,1.0
7993,4.0,0,1.0
7997,1.0,0,1.0
7998,1.0,0,1.0
7999,1.0,0,1.0
8000,1.0,0,1.0
8003,4.0,0,1.0
8006,11.0,0,1.0
8008,4.0,0,1.0
8010,7.0,0,1.0
8015,3.5,2.1213203435596424,2.0
8017,2.0,0,1.0
8020,6.5,0.7071067811865476,2.0
8022,1.0,0.0,2.0
8023,1.0,0,1.0
8024,1.0,0,1.0
8025,2.0,1.4142135623730951,2.0
8029,1.0,0.0,2.0
8031,2.0,0,1.0
8032,10.0,0,1.0
8033,4.0,0,1.0
8035,1.0,0,1.0
8037,2.0,0,1.0
8040,16.0,0,1.0
8041,9.0,0,1.0
8042,5.0,0,1.0
8046,3.0,1.4142135623730951,2.0
8048,4.0,0,1.0
8049,1.5,0.7071067811865476,2.0
8053,6.0,5.656854249492381,2.0
8054,14.0,0,1.0
8056,1.0,0,1.0
8060,2.0,0,1.0
8061,1.0,0,1.0
8062,1.0,0,1.0
8063,1.0,0,1.0
8068,4.0,4.242640687119285,2.0
8069,2.0,0,1.0
8070,1.5,0.7071067811865476,2.0
8073,6.0,0,1.0
8074,4.5,2.1213203435596424,2.0
8079,5.0,0,1.0
8080,1.0,0,1.0
8082,10.0,0,1.0
8083,1.0,0,1.0
8084,2.5,2.1213203435596424,2.0
8085,1.0,0,1.0
8087,3.5,2.1213203435596424,2.0
8088,1.0,0,1.0
8089,5.0,0,1.0
8091,1.0,0,1.0
8092,1.0,0,1.0
8093,1.0,0,1.0
8100,12.0,0,1.0
8101,1.0,0,1.0
8107,2.0,0,1.0
8108,1.0,0,1.0
8110,1.0,0,1.0
8111,9.0,0,1.0
8112,1.0,0,1.0
8113,2.0,0,1.0
8114,1.0,0,1.0
8115,7.5,4.949747468305833,2.0
8116,1.0,0,1.0
8117,2.0,0,1.0
8120,1.0,0,1.0
8121,1.5,0.7071067811865476,2.0
8123,4.0,0,1.0
8124,11.0,0,1.0
8125,2.0,0,1.0
8126,7.0,0.0,2.0
8127,2.0,1.4142135623730951,2.0
8129,2.0,0,1.0
8130,5.0,0,1.0
8132,3.0,0,1.0
8135,3.5,0.7071067811865476,2.0
8139,3.0,0,1.0
8140,6.0,0,1.0
8141,1.0,0,1.0
8143,2.0,0,1.0
8144,5.0,0,1.0
8150,4.0,0,1.0
8152,3.0,0,1.0
8154,1.0,0,1.0
8158,1.0,0,1.0
8159,2.0,0,1.0
8160,6.0,0,1.0
8163,1.0,0,1.0
8164,2.0,0,1.0
8165,1.0,0,1.0
8168,2.0,0,1.0
8170,5.0,0,1.0
8172,1.0,0,1.0
8175,2.0,0,1.0
8187,1.0,0,1.0
8194,2.0,0,1.0
8195,8.0,0,1.0
8196,3.0,0,1.0
8205,3.0,0,1.0
8207,6.0,0,1.0
8208,7.5,7.7781745930520225,2.0
8209,15.0,0,1.0
8211,4.0,0,1.0
8213,1.0,0,1.0
8215,3.0,0,1.0
8216,1.0,0,1.0
8219,1.0,0,1.0
8220,3.0,0,1.0
8223,1.0,0,1.0
8229,3.0,0,1.0
8232,4.0,0,1.0
8235,1.0,0,1.0
8238,8.0,0,1.0
8240,4.0,0,1.0
8242,11.0,0,1.0
8243,9.0,0,1.0
8244,1.0,0,1.0
8245,1.0,0,1.0
8248,5.0,0,1.0
8249,10.0,0,1.0
8250,1.0,0,1.0
8251,13.0,0,1.0
8254,11.0,0,1.0
8256,2.5,0.7071067811865476,2.0
8257,2.0,0,1.0
8260,4.0,0,1.0
8262,1.0,0,1.0
8265,2.0,0,1.0
8269,2.0,0,1.0
8270,2.0,0,1.0
8272,1.0,0,1.0
8273,2.0,1.4142135623730951,2.0
8277,7.0,0,1.0
8282,2.0,0,1.0
8286,2.0,0,1.0
8287,1.0,0.0,2.0
8289,1.0,0,1.0
8293,1.0,0,1.0
8295,7.0,0,1.0
8297,4.0,0,1.0
8299,2.0,0,1.0
8300,5.0,1.4142135623730951,2.0
8303,1.0,0,1.0
8306,15.0,0,1.0
8311,5.0,0,1.0
8313,8.0,0,1.0
8316,7.0,0,1.0
8320,1.0,0,1.0
8334,5.0,0,1.0
8335,1.0,0,1.0
8336,1.0,0,1.0
8339,8.0,0,1.0
8340,5.0,0,1.0
8344,2.0,0,1.0
8345,1.0,0,1.0
8349,11.0,0,1.0
8355,1.0,0,1.0
8356,6.5,3.5355339059327378,2.0
8358,10.0,0,1.0
8360,2.5,0.7071067811865476,2.0
8364,2.0,0,1.0
8367,9.0,0,1.0
8369,9.0,0,1.0
8370,2.0,0,1.0
8373,3.0,0,1.0
8374,6.0,0,1.0
8377,4.0,0,1.0
8381,1.0,0,1.0
8383,2.0,0,1.0
8390,1.0,0,1.0
8394,2.0,0,1.0
8405,1.0,0,1.0
8406,1.0,0,1.0
8410,6.0,0,1.0
8414,4.5,0.7071067811865476,2.0
8417,16.0,0,1.0
8418,10.0,0,1.0
8419,8.0,0,1.0
8420,6.0,0,1.0
8443,1.0,0,1.0
8446,12.0,0,1.0
8449,1.0,0,1.0
8453,1.0,0,1.0
8459,3.0,0,1.0
8461,2.0,0,1.0
8465,3.0,0,1.0
8466,4.0,0,1.0
8467,5.0,0,1.0
8471,3.0,0,1.0
8477,5.0,0,1.0
8479,2.0,0,1.0
8480,2.0,0,1.0
8482,2.0,0,1.0
8483,1.0,0,1.0
8485,2.0,0,1.0
8488,3.0,0,1.0
8489,7.0,0,1.0
8490,2.0,0,1.0
8491,10.0,0,1.0
8492,3.0,0,1.0
8496,1.0,0,1.0
8498,2.0,0,1.0
8499,3.0,0,1.0
8502,2.0,0,1.0
8504,1.0,0,1.0
8509,7.0,0,1.0
8516,6.0,7.0710678118654755,2.0
8518,10.0,0,1.0
8523,2.0,0,1.0
8525,7.0,0,1.0
8530,1.0,0,1.0
8532,3.0,0,1.0
8533,1.0,0,1.0
8534,2.0,0,1.0
8538,1.5,0.7071067811865476,2.0
8539,2.0,0,1.0
8544,2.0,0,1.0
8549,2.0,0,1.0
8553,1.0,0,1.0
8554,2.0,0,1.0
8555,1.0,0,1.0
8559,2.0,0,1.0
8564,3.0,0,1.0
8565,2.0,0,1.0
8567,4.0,0,1.0
8568,4.0,0,1.0
8572,7.0,0,1.0
8575,7.0,8.48528137423857,2.0
8585,4.0,0,1.0
8587,2.0,0,1.0
8591,3.0,0,1.0
8595,7.0,0,1.0
8596,3.0,0,1.0
8597,5.0,0,1.0
8598,12.0,0,1.0
8599,1.0,0,1.0
8605,1.0,0,1.0
8607,5.5,4.949747468305833,2.0
8608,1.0,0,1.0
8609,5.0,0,1.0
8611,1.0,0,1.0
8612,7.0,0,1.0
8613,1.0,0,1.0
8615,5.5,3.5355339059327378,2.0
8625,1.0,0,1.0
8627,2.0,1.4142135623730951,2.0
8631,4.0,0,1.0
8639,3.0,0,1.0
8641,1.0,0,1.0
8643,1.0,0,1.0
8644,12.0,0,1.0
8645,5.0,0,1.0
8646,6.0,0,1.0
8650,5.0,0,1.0
8657,1.0,0,1.0
8659,7.0,0,1.0
8660,4.0,0,1.0
8661,1.0,0,1.0
8662,7.0,0,1.0
8666,1.0,0,1.0
8667,3.0,0,1.0
8670,2.0,0,1.0
8671,12.0,0,1.0
8674,1.0,0,1.0
8676,1.0,0.0,2.0
8677,1.0,0,1.0
8681,1.0,0,1.0
8682,1.0,0,1.0
8687,16.0,0,1.0
8694,2.0,0,1.0
8697,7.0,0,1.0
8698,1.0,0,1.0
8699,9.0,0,1.0
8701,2.0,0,1.0
8702,9.0,0,1.0
8706,1.0,0,1.0
8709,4.0,0,1.0
8710,6.0,0,1.0
8711,2.0,0,1.0
8712,9.0,0,1.0
8714,6.0,0,1.0
8715,5.0,0,1.0
8719,1.0,0,1.0
8720,2.0,0,1.0
8722,6.0,0,1.0
8726,1.0,0,1.0
8730,10.0,0,1.0
8735,1.0,0,1.0
8737,3.0,0,1.0
8743,1.0,0,1.0
8744,7.0,0,1.0
8746,3.0,0,1.0
8747,10.0,0,1.0
8749,16.0,0,1.0
8755,2.0,0,1.0
8756,6.0,0,1.0
8758,4.0,0,1.0
8763,1.0,0,1.0
8767,2.0,0,1.0
8768,1.0,0,1.0
8771,1.0,0,1.0
8774,10.0,0,1.0
8777,5.0,1.4142135623730951,2.0
8779,2.0,0,1.0
8784,3.0,0,1.0
8787,1.0,0,1.0
8789,1.0,0,1.0
8790,2.0,0,1.0
8793,4.0,0,1.0
8794,1.0,0,1.0
8798,1.0,0,1.0
8802,1.0,0,1.0
8804,2.5,0.7071067811865476,2.0
8805,3.0,0,1.0
8806,3.0,0,1.0
8809,1.0,0.0,2.0
8812,3.0,0,1.0
8813,6.0,0,1.0
8818,7.0,8.48528137423857,2.0
8822,1.0,0,1.0
8827,6.0,0,1.0
8834,6.5,3.5355339059327378,2.0
8839,7.0,0,1.0
8845,4.0,0,1.0
8846,8.5,2.1213203435596424,2.0
8849,5.0,4.242640687119285,2.0
8851,6.0,0,1.0
8853,9.0,0,1.0
8855,6.0,0,1.0
8857,1.0,0,1.0
8863,1.0,0,1.0
8869,3.0,0,1.0
8872,3.0,0,1.0
8873,2.0,0,1.0
8874,4.0,0,1.0
8876,2.0,0,1.0
254,0,0,0
264,0,0,0
272,0,0,0
279,0,0,0
282,0,0,0
285,0,0,0
286,0,0,0
289,0,0,0
292,0,0,0
299,0,0,0
301,0,0,0
302,0,0,0
303,0,0,0
306,0,0,0
310,0,0,0
315,0,0,0
321,0,0,0
322,0,0,0
328,0,0,0
329,0,0,0
330,0,0,0
346,0,0,0
349,0,0,0
357,0,0,0
358,0,0,0
367,0,0,0
368,0,0,0
372,0,0,0
375,0,0,0
378,0,0,0
379,0,0,0
380,0,0,0
383,0,0,0
384,0,0,0
386,0,0,0
390,0,0,0
395,0,0,0
397,0,0,0
401,0,0,0
402,0,0,0
406,0,0,0
414,0,0,0
418,0,0,0
422,0,0,0
424,0,0,0
427,0,0,0
431,0,0,0
433,0,0,0
436,0,0,0
438,0,0,0
439,0,0,0
442,0,0,0
443,0,0,0
448,0,0,0
452,0,0,0
453,0,0,0
454,0,0,0
459,0,0,0
462,0,0,0
467,0,0,0
471,0,0,0
472,0,0,0
473,0,0,0
474,0,0,0
475,0,0,0
479,0,0,0
482,0,0,0
485,0,0,0
486,0,0,0
489,0,0,0
490,0,0,0
491,0,0,0
495,0,0,0
502,0,0,0
503,0,0,0
507,0,0,0
513,0,0,0
515,0,0,0
518,0,0,0
521,0,0,0
524,0,0,0
526,0,0,0
544,0,0,0
548,0,0,0
552,0,0,0
558,0,0,0
561,0,0,0
567,0,0,0
570,0,0,0
573,0,0,0
577,0,0,0
581,0,0,0
582,0,0,0
586,0,0,0
588,0,0,0
592,0,0,0
593,0,0,0
601,0,0,0
603,0,0,0
607,0,0,0
611,0,0,0
614,0,0,0
616,0,0,0
617,0,0,0
620,0,0,0
621,0,0,0
622,0,0,0
624,0,0,0
627,0,0,0
631,0,0,0
632,0,0,0
636,0,0,0
638,0,0,0
650,0,0,0
652,0,0,0
655,0,0,0
656,0,0,0
657,0,0,0
658,0,0,0
659,0,0,0
662,0,0,0
665,0,0,0
667,0,0,0
681,0,0,0
682,0,0,0
683,0,0,0
685,0,0,0
686,0,0,0
688,0,0,0
689,0,0,0
691,0,0,0
692,0,0,0
699,0,0,0
700,0,0,0
703,0,0,0
707,0,0,0
708,0,0,0
709,0,0,0
710,0,0,0
711,0,0,0
714,0,0,0
715,0,0,0
716,0,0,0
723,0,0,0
725,0,0,0
726,0,0,0
728,0,0,0
738,0,0,0
740,0,0,0
742,0,0,0
743,0,0,0
745,0,0,0
746,0,0,0
752,0,0,0
753,0,0,0
754,0,0,0
755,0,0,0
759,0,0,0
760,0,0,0
763,0,0,0
768,0,0,0
773,0,0,0
775,0,0,0
776,0,0,0
780,0,0,0
782,0,0,0
783,0,0,0
785,0,0,0
788,0,0,0
791,0,0,0
792,0,0,0
796,0,0,0
799,0,0,0
800,0,0,0
801,0,0,0
802,0,0,0
803,0,0,0
805,0,0,0
806,0,0,0
807,0,0,0
809,0,0,0
810,0,0,0
811,0,0,0
813,0,0,0
815,0,0,0
816,0,0,0
818,0,0,0
819,0,0,0
821,0,0,0
822,0,0,0
823,0,0,0
825,0,0,0
826,0,0,0
827,0,0,0
829,0,0,0
831,0,0,0
832,0,0,0
833,0,0,0
834,0,0,0
836,0,0,0
838,0,0,0
840,0,0,0
841,0,0,0
842,0,0,0
843,0,0,0
845,0,0,0
846,0,0,0
847,0,0,0
848,0,0,0
849,0,0,0
851,0,0,0
858,0,0,0
860,0,0,0
862,0,0,0
863,0,0,0
867,0,0,0
871,0,0,0
872,0,0,0
873,0,0,0
874,0,0,0
875,0,0,0
876,0,0,0
879,0,0,0
880,0,0,0
882,0,0,0
883,0,0,0
884,0,0,0
885,0,0,0
886,0,0,0
888,0,0,0
890,0,0,0
893,0,0,0
896,0,0,0
897,0,0,0
900,0,0,0
902,0,0,0
903,0,0,0
905,0,0,0
906,0,0,0
908,0,0,0
909,0,0,0
910,0,0,0
911,0,0,0
912,0,0,0
913,0,0,0
914,0,0,0
915,0,0,0
918,0,0,0
919,0,0,0
920,0,0,0
922,0,0,0
923,0,0,0
924,0,0,0
925,0,0,0
926,0,0,0
927,0,0,0
928,0,0,0
929,0,0,0
931,0,0,0
932,0,0,0
934,0,0,0
935,0,0,0
938,0,0,0
939,0,0,0
940,0,0,0
942,0,0,0
943,0,0,0
948,0,0,0
952,0,0,0
954,0,0,0
955,0,0,0
956,0,0,0
958,0,0,0
959,0,0,0
960,0,0,0
964,0,0,0
965,0,0,0
966,0,0,0
967,0,0,0
969,0,0,0
970,0,0,0
972,0,0,0
974,0,0,0
975,0,0,0
976,0,0,0
979,0,0,0
981,0,0,0
984,0,0,0
985,0,0,0
986,0,0,0
988,0,0,0
989,0,0,0
992,0,0,0
993,0,0,0
997,0,0,0
999,0,0,0
1001,0,0,0
1003,0,0,0
1004,0,0,0
1005,0,0,0
1006,0,0,0
1007,0,0,0
1008,0,0,0
1009,0,0,0
1010,0,0,0
1012,0,0,0
1013,0,0,0
1014,0,0,0
1016,0,0,0
1017,0,0,0
1019,0,0,0
1020,0,0,0
1021,0,0,0
1024,0,0,0
1026,0,0,0
1027,0,0,0
1028,0,0,0
1029,0,0,0
1030,0,0,0
1031,0,0,0
1032,0,0,0
1033,0,0,0
1034,0,0,0
1035,0,0,0
1036,0,0,0
1037,0,0,0
1040,0,0,0
1041,0,0,0
1043,0,0,0
1045,0,0,0
1048,0,0,0
1050,0,0,0
1052,0,0,0
1053,0,0,0
1054,0,0,0
1055,0,0,0
1056,0,0,0
1057,0,0,0
1059,0,0,0
1060,0,0,0
1061,0,0,0
1062,0,0,0
1063,0,0,0
1066,0,0,0
1067,0,0,0
1068,0,0,0
1069,0,0,0
1070,0,0,0
1073,0,0,0
1074,0,0,0
1075,0,0,0
1078,0,0,0
1079,0,0,0
1080,0,0,0
1081,0,0,0
1082,0,0,0
1086,0,0,0
1087,0,0,0
1088,0,0,0
1090,0,0,0
1091,0,0,0
1092,0,0,0
1093,0,0,0
1094,0,0,0
1095,0,0,0
1096,0,0,0
1097,0,0,0
1099,0,0,0
1100,0,0,0
1101,0,0,0
1102,0,0,0
1104,0,0,0
1105,0,0,0
1107,0,0,0
1109,0,0,0
1111,0,0,0
1112,0,0,0
1113,0,0,0
1114,0,0,0
1116,0,0,0
1117,0,0,0
1118,0,0,0
1119,0,0,0
1120,0,0,0
1121,0,0,0
1122,0,0,0
1124,0,0,0
1125,0,0,0
1126,0,0,0
1129,0,0,0
1131,0,0,0
1132,0,0,0
1134,0,0,0
1138,0,0,0
1143,0,0,0
1145,0,0,0
1147,0,0,0
1150,0,0,0
1153,0,0,0
1156,0,0,0
1157,0,0,0
1158,0,0,0
1159,0,0,0
1161,0,0,0
1164,0,0,0
1165,0,0,0
1167,0,0,0
1168,0,0,0
1169,0,0,0
1170,0,0,0
1172,0,0,0
1175,0,0,0
1176,0,0,0
1178,0,0,0
1179,0,0,0
1180,0,0,0
1181,0,0,0
1183,0,0,0
1185,0,0,0
1187,0,0,0
1188,0,0,0
1190,0,0,0
1191,0,0,0
1192,0,0,0
1193,0,0,0
1194,0,0,0
1195,0,0,0
1198,0,0,0
1200,0,0,0
1201,0,0,0
1203,0,0,0
1205,0,0,0
1206,0,0,0
1207,0,0,0
1210,0,0,0
1211,0,0,0
1213,0,0,0
1222,0,0,0
1224,0,0,0
1225,0,0,0
1226,0,0,0
1231,0,0,0
1233,0,0,0
1235,0,0,0
1237,0,0,0
1240,0,0,0
1242,0,0,0
1243,0,0,0
1244,0,0,0
1247,0,0,0
1248,0,0,0
1251,0,0,0
1253,0,0,0
1254,0,0,0
1255,0,0,0
1258,0,0,0
1259,0,0,0
1260,0,0,0
1262,0,0,0
1263,0,0,0
1264,0,0,0
1268,0,0,0
1269,0,0,0
1274,0,0,0
1275,0,0,0
1276,0,0,0
1277,0,0,0
1278,0,0,0
1280,0,0,0
1281,0,0,0
1282,0,0,0
1283,0,0,0
1285,0,0,0
1286,0,0,0
1289,0,0,0
1291,0,0,0
1292,0,0,0
1293,0,0,0
1295,0,0,0
1297,0,0,0
1298,0,0,0
1299,0,0,0
1301,0,0,0
1302,0,0,0
1303,0,0,0
1305,0,0,0
1306,0,0,0
1307,0,0,0
1309,0,0,0
1313,0,0,0
1315,0,0,0
1317,0,0,0
1318,0,0,0
1320,0,0,0
1321,0,0,0
1322,0,0,0
1324,0,0,0
1325,0,0,0
1327,0,0,0
1328,0,0,0
1330,0,0,0
1333,0,0,0
1335,0,0,0
1337,0,0,0
1338,0,0,0
1339,0,0,0
1341,0,0,0
1342,0,0,0
1346,0,0,0
1348,0,0,0
1349,0,0,0
1350,0,0,0
1351,0,0,0
1352,0,0,0
1353,0,0,0
1354,0,0,0
1355,0,0,0
1356,0,0,0
1357,0,0,0
1359,0,0,0
1360,0,0,0
1361,0,0,0
1363,0,0,0
1364,0,0,0
1365,0,0,0
1366,0,0,0
1367,0,0,0
1368,0,0,0
1370,0,0,0
1371,0,0,0
1375,0,0,0
1377,0,0,0
1378,0,0,0
1381,0,0,0
1382,0,0,0
1383,0,0,0
1387,0,0,0
1388,0,0,0
1389,0,0,0
1390,0,0,0
1392,0,0,0
1393,0,0,0
1394,0,0,0
1402,0,0,0
1407,0,0,0
1408,0,0,0
1410,0,0,0
1411,0,0,0
1412,0,0,0
1414,0,0,0
1415,0,0,0
1416,0,0,0
1417,0,0,0
1418,0,0,0
1419,0,0,0
1422,0,0,0
1423,0,0,0
1424,0,0,0
1425,0,0,0
1426,0,0,0
1428,0,0,0
1431,0,0,0
1432,0,0,0
1435,0,0,0
1437,0,0,0
1440,0,0,0
1441,0,0,0
1442,0,0,0
1443,0,0,0
1444,0,0,0
1445,0,0,0
1447,0,0,0
1450,0,0,0
1452,0,0,0
1453,0,0,0
1454,0,0,0
1457,0,0,0
1458,0,0,0
1460,0,0,0
1463,0,0,0
1464,0,0,0
1466,0,0,0
1468,0,0,0
1469,0,0,0
1470,0,0,0
1473,0,0,0
1474,0,0,0
1475,0,0,0
1477,0,0,0
1478,0,0,0
1479,0,0,0
1480,0,0,0
1481,0,0,0
1485,0,0,0
1486,0,0,0
1488,0,0,0
1491,0,0,0
1492,0,0,0
1493,0,0,0
1496,0,0,0
1498,0,0,0
1500,0,0,0
1501,0,0,0
1502,0,0,0
1503,0,0,0
1504,0,0,0
1505,0,0,0
1506,0,0,0
1507,0,0,0
1508,0,0,0
1510,0,0,0
1511,0,0,0
1512,0,0,0
1513,0,0,0
1518,0,0,0
1520,0,0,0
1523,0,0,0
1524,0,0,0
1533,0,0,0
1537,0,0,0
1540,0,0,0
1541,0,0,0
1542,0,0,0
1544,0,0,0
1545,0,0,0
1547,0,0,0
1548,0,0,0
1549,0,0,0
1556,0,0,0
1560,0,0,0
1562,0,0,0
1563,0,0,0
1564,0,0,0
1565,0,0,0
1567,0,0,0
1568,0,0,0
1571,0,0,0
1572,0,0,0
1573,0,0,0
1574,0,0,0
1577,0,0,0
1579,0,0,0
1580,0,0,0
1581,0,0,0
1585,0,0,0
1586,0,0,0
1591,0,0,0
1592,0,0,0
1594,0,0,0
1595,0,0,0
1597,0,0,0
1598,0,0,0
1599,0,0,0
1601,0,0,0
1602,0,0,0
1603,0,0,0
1605,0,0,0
1606,0,0,0
1608,0,0,0
1610,0,0,0
1611,0,0,0
1612,0,0,0
1613,0,0,0
1614,0,0,0
1617,0,0,0
1621,0,0,0
1625,0,0,0
1626,0,0,0
1627,0,0,0
1629,0,0,0
1631,0,0,0
1633,0,0,0
1635,0,0,0
1637,0,0,0
1638,0,0,0
1639,0,0,0
1640,0,0,0
1642,0,0,0
1643,0,0,0
1644,0,0,0
1645,0,0,0
1646,0,0,0
1649,0,0,0
1650,0,0,0
1651,0,0,0
1652,0,0,0
1653,0,0,0
1654,0,0,0
1656,0,0,0
1657,0,0,0
1658,0,0,0
1659,0,0,0
1660,0,0,0
1661,0,0,0
1662,0,0,0
1663,0,0,0
1664,0,0,0
1667,0,0,0
1669,0,0,0
1670,0,0,0
1672,0,0,0
1674,0,0,0
1675,0,0,0
1676,0,0,0
1677,0,0,0
1678,0,0,0
1680,0,0,0
1681,0,0,0
1682,0,0,0
1687,0,0,0
1688,0,0,0
1689,0,0,0
1691,0,0,0
1694,0,0,0
1695,0,0,0
1697,0,0,0
1698,0,0,0
1700,0,0,0
1701,0,0,0
1702,0,0,0
1703,0,0,0
1705,0,0,0
1706,0,0,0
1708,0,0,0
1709,0,0,0
1710,0,0,0
1712,0,0,0
1714,0,0,0
1715,0,0,0
1716,0,0,0
1717,0,0,0
1718,0,0,0
1720,0,0,0
1721,0,0,0
1722,0,0,0
1723,0,0,0
1724,0,0,0
1726,0,0,0
1728,0,0,0
1730,0,0,0
1733,0,0,0
1735,0,0,0
1739,0,0,0
1740,0,0,0
1741,0,0,0
1742,0,0,0
1743,0,0,0
1745,0,0,0
1746,0,0,0
1748,0,0,0
1749,0,0,0
1750,0,0,0
1751,0,0,0
1753,0,0,0
1755,0,0,0
1756,0,0,0
1757,0,0,0
1759,0,0,0
1760,0,0,0
1761,0,0,0
1763,0,0,0
1764,0,0,0
1765,0,0,0
1766,0,0,0
1767,0,0,0
1768,0,0,0
1769,0,0,0
1770,0,0,0
1771,0,0,0
1776,0,0,0
1778,0,0,0
1781,0,0,0
1783,0,0,0
1784,0,0,0
1785,0,0,0
1787,0,0,0
1788,0,0,0
1789,0,0,0
1790,0,0,0
1794,0,0,0
1796,0,0,0
1797,0,0,0
1799,0,0,0
1800,0,0,0
1801,0,0,0
1803,0,0,0
1804,0,0,0
1805,0,0,0
1807,0,0,0
1808,0,0,0
1809,0,0,0
1810,0,0,0
1811,0,0,0
1813,0,0,0
1814,0,0,0
1815,0,0,0
1816,0,0,0
1818,0,0,0
1820,0,0,0
1821,0,0,0
1823,0,0,0
1824,0,0,0
1826,0,0,0
1828,0,0,0
1833,0,0,0
1834,0,0,0
1835,0,0,0
1836,0,0,0
1837,0,0,0
1839,0,0,0
1840,0,0,0
1841,0,0,0
1842,0,0,0
1843,0,0,0
1845,0,0,0
1846,0,0,0
1847,0,0,0
1849,0,0,0
1850,0,0,0
1852,0,0,0
1853,0,0,0
1854,0,0,0
1857,0,0,0
1858,0,0,0
1859,0,0,0
1860,0,0,0
1861,0,0,0
1863,0,0,0
1864,0,0,0
1867,0,0,0
1868,0,0,0
1871,0,0,0
1872,0,0,0
1874,0,0,0
1876,0,0,0
1879,0,0,0
1880,0,0,0
1881,0,0,0
1882,0,0,0
1883,0,0,0
1884,0,0,0
1885,0,0,0
1886,0,0,0
1888,0,0,0
1890,0,0,0
1891,0,0,0
1892,0,0,0
1893,0,0,0
1896,0,0,0
1899,0,0,0
1900,0,0,0
1901,0,0,0
1902,0,0,0
1903,0,0,0
1905,0,0,0
1907,0,0,0
1909,0,0,0
1911,0,0,0
1913,0,0,0
1914,0,0,0
1918,0,0,0
1924,0,0,0
1927,0,0,0
1938,0,0,0
1939,0,0,0
1943,0,0,0
1945,0,0,0
1948,0,0,0
1950,0,0,0
1954,0,0,0
1957,0,0,0
1959,0,0,0
1970,0,0,0
1973,0,0,0
1975,0,0,0
1977,0,0,0
1979,0,0,0
1981,0,0,0
1984,0,0,0
1985,0,0,0
1987,0,0,0
1988,0,0,0
1989,0,0,0
1991,0,0,0
1993,0,0,0
1995,0,0,0
1996,0,0,0
1997,0,0,0
2000,0,0,0
2001,0,0,0
2002,0,0,0
2003,0,0,0
2005,0,0,0
2006,0,0,0
2007,0,0,0
2008,0,0,0
2009,0,0,0
2010,0,0,0
2011,0,0,0
2012,0,0,0
2013,0,0,0
2014,0,0,0
2015,0,0,0
2016,0,0,0
2018,0,0,0
2019,0,0,0
2021,0,0,0
2022,0,0,0
2023,0,0,0
2024,0,0,0
2026,0,0,0
2027,0,0,0
2028,0,0,0
2030,0,0,0
2031,0,0,0
2032,0,0,0
2033,0,0,0
2034,0,0,0
2035,0,0,0
2036,0,0,0
2039,0,0,0
2041,0,0,0
2042,0,0,0
2043,0,0,0
2044,0,0,0
2045,0,0,0
2046,0,0,0
2047,0,0,0
2048,0,0,0
2049,0,0,0
2051,0,0,0
2052,0,0,0
2053,0,0,0
2054,0,0,0
2055,0,0,0
2057,0,0,0
2058,0,0,0
2059,0,0,0
2060,0,0,0
2061,0,0,0
2064,0,0,0
2065,0,0,0
2066,0,0,0
2067,0,0,0
2070,0,0,0
2071,0,0,0
2073,0,0,0
2074,0,0,0
2075,0,0,0
2076,0,0,0
2079,0,0,0
2080,0,0,0
2081,0,0,0
2082,0,0,0
2083,0,0,0
2085,0,0,0
2086,0,0,0
2087,0,0,0
2088,0,0,0
2089,0,0,0
2090,0,0,0
2093,0,0,0
2094,0,0,0
2095,0,0,0
2096,0,0,0
2097,0,0,0
2098,0,0,0
2099,0,0,0
2100,0,0,0
2101,0,0,0
2103,0,0,0
2105,0,0,0
2107,0,0,0
2108,0,0,0
2109,0,0,0
2110,0,0,0
2111,0,0,0
2113,0,0,0
2114,0,0,0
2115,0,0,0
2117,0,0,0
2118,0,0,0
2119,0,0,0
2120,0,0,0
2124,0,0,0
2125,0,0,0
2127,0,0,0
2128,0,0,0
2129,0,0,0
2130,0,0,0
2131,0,0,0
2132,0,0,0
2133,0,0,0
2135,0,0,0
2136,0,0,0
2137,0,0,0
2139,0,0,0
2141,0,0,0
2142,0,0,0
2143,0,0,0
2144,0,0,0
2145,0,0,0
2147,0,0,0
2150,0,0,0
2151,0,0,0
2152,0,0,0
2153,0,0,0
2155,0,0,0
2156,0,0,0
2157,0,0,0
2159,0,0,0
2161,0,0,0
2162,0,0,0
2164,0,0,0
2165,0,0,0
2166,0,0,0
2168,0,0,0
2169,0,0,0
2171,0,0,0
2172,0,0,0
2173,0,0,0
2175,0,0,0
2176,0,0,0
2178,0,0,0
2179,0,0,0
2180,0,0,0
2181,0,0,0
2183,0,0,0
2184,0,0,0
2186,0,0,0
2187,0,0,0
2188,0,0,0
2189,0,0,0
2190,0,0,0
2192,0,0,0
2193,0,0,0
2194,0,0,0
2195,0,0,0
2197,0,0,0
2201,0,0,0
2203,0,0,0
2205,0,0,0
2206,0,0,0
2207,0,0,0
2208,0,0,0
2210,0,0,0
2211,0,0,0
2213,0,0,0
2214,0,0,0
2216,0,0,0
2217,0,0,0
2219,0,0,0
2221,0,0,0
2223,0,0,0
2224,0,0,0
2225,0,0,0
2226,0,0,0
2228,0,0,0
2229,0,0,0
2230,0,0,0
2232,0,0,0
2233,0,0,0
2234,0,0,0
2239,0,0,0
2240,0,0,0
2243,0,0,0
2245,0,0,0
2246,0,0,0
2247,0,0,0
2249,0,0,0
2252,0,0,0
2253,0,0,0
2254,0,0,0
2255,0,0,0
2257,0,0,0
2258,0,0,0
2260,0,0,0
2261,0,0,0
2263,0,0,0
2266,0,0,0
2267,0,0,0
2270,0,0,0
2271,0,0,0
2276,0,0,0
2277,0,0,0
2279,0,0,0
2280,0,0,0
2281,0,0,0
2283,0,0,0
2286,0,0,0
2287,0,0,0
2288,0,0,0
2289,0,0,0
2290,0,0,0
2292,0,0,0
2293,0,0,0
2294,0,0,0
2296,0,0,0
2298,0,0,0
2300,0,0,0
2301,0,0,0
2304,0,0,0
2305,0,0,0
2306,0,0,0
2307,0,0,0
2308,0,0,0
2310,0,0,0
2311,0,0,0
2313,0,0,0
2314,0,0,0
2315,0,0,0
2316,0,0,0
2320,0,0,0
2321,0,0,0
2322,0,0,0
2323,0,0,0
2324,0,0,0
2326,0,0,0
2328,0,0,0
2330,0,0,0
2331,0,0,0
2332,0,0,0
2333,0,0,0
2335,0,0,0
2336,0,0,0
2337,0,0,0
2338,0,0,0
2339,0,0,0
2340,0,0,0
2341,0,0,0
2342,0,0,0
2345,0,0,0
2346,0,0,0
2347,0,0,0
2348,0,0,0
2349,0,0,0
2351,0,0,0
2354,0,0,0
2355,0,0,0
2359,0,0,0
2361,0,0,0
2362,0,0,0
2366,0,0,0
2368,0,0,0
2372,0,0,0
2373,0,0,0
2375,0,0,0
2379,0,0,0
2381,0,0,0
2382,0,0,0
2383,0,0,0
2385,0,0,0
2386,0,0,0
2387,0,0,0
2389,0,0,0
2390,0,0,0
2391,0,0,0
2394,0,0,0
2396,0,0,0
2397,0,0,0
2398,0,0,0
2399,0,0,0
2400,0,0,0
2402,0,0,0
2403,0,0,0
2404,0,0,0
2405,0,0,0
2409,0,0,0
2410,0,0,0
2412,0,0,0
2413,0,0,0
2414,0,0,0
2418,0,0,0
2419,0,0,0
2421,0,0,0
2423,0,0,0
2424,0,0,0
2425,0,0,0
2427,0,0,0
2429,0,0,0
2431,0,0,0
2433,0,0,0
2434,0,0,0
2435,0,0,0
2436,0,0,0
2437,0,0,0
2444,0,0,0
2455,0,0,0
2457,0,0,0
2460,0,0,0
2464,0,0,0
2465,0,0,0
2466,0,0,0
2468,0,0,0
2472,0,0,0
2474,0,0,0
2476,0,0,0
2477,0,0,0
2478,0,0,0
2479,0,0,0
2480,0,0,0
2484,0,0,0
2491,0,0,0
2492,0,0,0
2493,0,0,0
2496,0,0,0
2497,0,0,0
2503,0,0,0
2504,0,0,0
2505,0,0,0
2507,0,0,0
2508,0,0,0
2509,0,0,0
2510,0,0,0
2511,0,0,0
2512,0,0,0
2514,0,0,0
2515,0,0,0
2516,0,0,0
2518,0,0,0
2519,0,0,0
2521,0,0,0
2522,0,0,0
2524,0,0,0
2528,0,0,0
2530,0,0,0
2531,0,0,0
2533,0,0,0
2536,0,0,0
2537,0,0,0
2540,0,0,0
2542,0,0,0
2547,0,0,0
2548,0,0,0
2549,0,0,0
2552,0,0,0
2554,0,0,0
2556,0,0,0
2557,0,0,0
2558,0,0,0
2562,0,0,0
2565,0,0,0
2566,0,0,0
2567,0,0,0
2570,0,0,0
2571,0,0,0
2572,0,0,0
2573,0,0,0
2576,0,0,0
2578,0,0,0
2579,0,0,0
2581,0,0,0
2583,0,0,0
2584,0,0,0
2585,0,0,0
2587,0,0,0
2588,0,0,0
2590,0,0,0
2591,0,0,0
2592,0,0,0
2594,0,0,0
2595,0,0,0
2596,0,0,0
2598,0,0,0
2599,0,0,0
2600,0,0,0
2602,0,0,0
2604,0,0,0
2605,0,0,0
2608,0,0,0
2610,0,0,0
2611,0,0,0
2612,0,0,0
2614,0,0,0
2616,0,0,0
2619,0,0,0
2621,0,0,0
2622,0,0,0
2623,0,0,0
2625,0,0,0
2626,0,0,0
2627,0,0,0
2629,0,0,0
2632,0,0,0
2633,0,0,0
2637,0,0,0
2638,0,0,0
2640,0,0,0
2641,0,0,0
2643,0,0,0
2645,0,0,0
2647,0,0,0
2648,0,0,0
2649,0,0,0
2650,0,0,0
2651,0,0,0
2652,0,0,0
2653,0,0,0
2654,0,0,0
2656,0,0,0
2659,0,0,0
2660,0,0,0
2662,0,0,0
2663,0,0,0
2664,0,0,0
2665,0,0,0
2666,0,0,0
2667,0,0,0
2668,0,0,0
2669,0,0,0
2670,0,0,0
2671,0,0,0
2672,0,0,0
2673,0,0,0
2675,0,0,0
2676,0,0,0
2677,0,0,0
2678,0,0,0
2679,0,0,0
2680,0,0,0
2681,0,0,0
2684,0,0,0
2685,0,0,0
2690,0,0,0
2691,0,0,0
2696,0,0,0
2698,0,0,0
2699,0,0,0
2701,0,0,0
2702,0,0,0
2705,0,0,0
2706,0,0,0
2708,0,0,0
2710,0,0,0
2712,0,0,0
2714,0,0,0
2715,0,0,0
2717,0,0,0
2718,0,0,0
2719,0,0,0
2721,0,0,0
2723,0,0,0
2724,0,0,0
2725,0,0,0
2730,0,0,0
2731,0,0,0
2734,0,0,0
2735,0,0,0
2736,0,0,0
2737,0,0,0
2738,0,0,0
2739,0,0,0
2740,0,0,0
2741,0,0,0
2742,0,0,0
2744,0,0,0
2748,0,0,0
2749,0,0,0
2751,0,0,0
2753,0,0,0
2754,0,0,0
2757,0,0,0
2758,0,0,0
2759,0,0,0
2760,0,0,0
2762,0,0,0
2764,0,0,0
2766,0,0,0
2767,0,0,0
2769,0,0,0
2772,0,0,0
2773,0,0,0
2774,0,0,0
2777,0,0,0
2778,0,0,0
2780,0,0,0
2781,0,0,0
2783,0,0,0
2786,0,0,0
2787,0,0,0
2790,0,0,0
2791,0,0,0
2793,0,0,0
2794,0,0,0
2796,0,0,0
2797,0,0,0
2798,0,0,0
2799,0,0,0
2801,0,0,0
2802,0,0,0
2803,0,0,0
2804,0,0,0
2805,0,0,0
2806,0,0,0
2807,0,0,0
2808,0,0,0
2810,0,0,0
2813,0,0,0
2814,0,0,0
2815,0,0,0
2816,0,0,0
2817,0,0,0
2819,0,0,0
2820,0,0,0
2822,0,0,0
2823,0,0,0
2824,0,0,0
2825,0,0,0
2828,0,0,0
2830,0,0,0
2831,0,0,0
2832,0,0,0
2834,0,0,0
2835,0,0,0
2837,0,0,0
2838,0,0,0
2839,0,0,0
2840,0,0,0
2843,0,0,0
2844,0,0,0
2846,0,0,0
2848,0,0,0
2849,0,0,0
2851,0,0,0
2852,0,0,0
2853,0,0,0
2855,0,0,0
2858,0,0,0
2859,0,0,0
2860,0,0,0
2861,0,0,0
2862,0,0,0
2866,0,0,0
2867,0,0,0
2868,0,0,0
2869,0,0,0
2870,0,0,0
2871,0,0,0
2872,0,0,0
2874,0,0,0
2875,0,0,0
2876,0,0,0
2877,0,0,0
2878,0,0,0
2879,0,0,0
2880,0,0,0
2881,0,0,0
2883,0,0,0
2884,0,0,0
2886,0,0,0
2888,0,0,0
2889,0,0,0
2890,0,0,0
2891,0,0,0
2892,0,0,0
2893,0,0,0
2894,0,0,0
2895,0,0,0
2899,0,0,0
2900,0,0,0
2901,0,0,0
2903,0,0,0
2906,0,0,0
2908,0,0,0
2909,0,0,0
2910,0,0,0
2912,0,0,0
2913,0,0,0
2914,0,0,0
2915,0,0,0
2916,0,0,0
2917,0,0,0
2918,0,0,0
2921,0,0,0
2922,0,0,0
2924,0,0,0
2925,0,0,0
2926,0,0,0
2927,0,0,0
2928,0,0,0
2929,0,0,0
2930,0,0,0
2931,0,0,0
2932,0,0,0
2933,0,0,0
2935,0,0,0
2938,0,0,0
2942,0,0,0
2943,0,0,0
2947,0,0,0
2948,0,0,0
2949,0,0,0
2951,0,0,0
2952,0,0,0
2953,0,0,0
2954,0,0,0
2955,0,0,0
2956,0,0,0
2957,0,0,0
2959,0,0,0
2961,0,0,0
2963,0,0,0
2964,0,0,0
2967,0,0,0
2968,0,0,0
2970,0,0,0
2971,0,0,0
2972,0,0,0
2974,0,0,0
2976,0,0,0
2977,0,0,0
2978,0,0,0
2981,0,0,0
2983,0,0,0
2984,0,0,0
2985,0,0,0
2986,0,0,0
2989,0,0,0
2990,0,0,0
2991,0,0,0
2992,0,0,0
2993,0,0,0
2994,0,0,0
2995,0,0,0
2997,0,0,0
2998,0,0,0
2999,0,0,0
3000,0,0,0
3001,0,0,0
3003,0,0,0
3005,0,0,0
3006,0,0,0
3007,0,0,0
3008,0,0,0
3009,0,0,0
3010,0,0,0
3012,0,0,0
3014,0,0,0
3016,0,0,0
3019,0,0,0
3020,0,0,0
3022,0,0,0
3023,0,0,0
3024,0,0,0
3025,0,0,0
3026,0,0,0
3027,0,0,0
3028,0,0,0
3029,0,0,0
3030,0,0,0
3033,0,0,0
3034,0,0,0
3037,0,0,0
3041,0,0,0
3042,0,0,0
3045,0,0,0
3049,0,0,0
3051,0,0,0
3052,0,0,0
3053,0,0,0
3054,0,0,0
3055,0,0,0
3056,0,0,0
3057,0,0,0
3058,0,0,0
3060,0,0,0
3061,0,0,0
3062,0,0,0
3063,0,0,0
3064,0,0,0
3066,0,0,0
3067,0,0,0
3068,0,0,0
3069,0,0,0
3073,0,0,0
3074,0,0,0
3075,0,0,0
3076,0,0,0
3077,0,0,0
3078,0,0,0
3079,0,0,0
3081,0,0,0
3082,0,0,0
3083,0,0,0
3084,0,0,0
3088,0,0,0
3090,0,0,0
3094,0,0,0
3096,0,0,0
3097,0,0,0
3098,0,0,0
3100,0,0,0
3101,0,0,0
3102,0,0,0
3104,0,0,0
3105,0,0,0
3107,0,0,0
3108,0,0,0
3109,0,0,0
3110,0,0,0
3112,0,0,0
3113,0,0,0
3117,0,0,0
3118,0,0,0
3121,0,0,0
3122,0,0,0
3124,0,0,0
3135,0,0,0
3137,0,0,0
3138,0,0,0
3139,0,0,0
3141,0,0,0
3143,0,0,0
3144,0,0,0
3146,0,0,0
3147,0,0,0
3148,0,0,0
3149,0,0,0
3150,0,0,0
3151,0,0,0
3152,0,0,0
3153,0,0,0
3154,0,0,0
3155,0,0,0
3157,0,0,0
3158,0,0,0
3160,0,0,0
3161,0,0,0
3162,0,0,0
3163,0,0,0
3164,0,0,0
3165,0,0,0
3166,0,0,0
3167,0,0,0
3168,0,0,0
3170,0,0,0
3171,0,0,0
3172,0,0,0
3173,0,0,0
3174,0,0,0
3176,0,0,0
3177,0,0,0
3181,0,0,0
3182,0,0,0
3184,0,0,0
3185,0,0,0
3186,0,0,0
3187,0,0,0
3188,0,0,0
3190,0,0,0
3192,0,0,0
3193,0,0,0
3195,0,0,0
3196,0,0,0
3197,0,0,0
3199,0,0,0
3202,0,0,0
3203,0,0,0
3204,0,0,0
3205,0,0,0
3209,0,0,0
3210,0,0,0
3213,0,0,0
3215,0,0,0
3216,0,0,0
3217,0,0,0
3219,0,0,0
3220,0,0,0
3222,0,0,0
3225,0,0,0
3227,0,0,0
3228,0,0,0
3229,0,0,0
3231,0,0,0
3232,0,0,0
3233,0,0,0
3234,0,0,0
3235,0,0,0
3237,0,0,0
3238,0,0,0
3239,0,0,0
3242,0,0,0
3243,0,0,0
3244,0,0,0
3246,0,0,0
3248,0,0,0
3249,0,0,0
3251,0,0,0
3252,0,0,0
3254,0,0,0
3255,0,0,0
3256,0,0,0
3258,0,0,0
3260,0,0,0
3262,0,0,0
3263,0,0,0
3265,0,0,0
3266,0,0,0
3270,0,0,0
3271,0,0,0
3272,0,0,0
3273,0,0,0
3276,0,0,0
3281,0,0,0
3283,0,0,0
3286,0,0,0
3287,0,0,0
3289,0,0,0
3291,0,0,0
3293,0,0,0
3294,0,0,0
3301,0,0,0
3302,0,0,0
3305,0,0,0
3306,0,0,0
3307,0,0,0
3309,0,0,0
3310,0,0,0
3312,0,0,0
3313,0,0,0
3314,0,0,0
3316,0,0,0
3318,0,0,0
3319,0,0,0
3320,0,0,0
3321,0,0,0
3323,0,0,0
3324,0,0,0
3325,0,0,0
3326,0,0,0
3327,0,0,0
3328,0,0,0
3330,0,0,0
3332,0,0,0
3333,0,0,0
3334,0,0,0
3336,0,0,0
3337,0,0,0
3341,0,0,0
3347,0,0,0
3348,0,0,0
3349,0,0,0
3350,0,0,0
3351,0,0,0
3354,0,0,0
3355,0,0,0
3356,0,0,0
3357,0,0,0
3358,0,0,0
3359,0,0,0
3360,0,0,0
3362,0,0,0
3363,0,0,0
3366,0,0,0
3367,0,0,0
3370,0,0,0
3372,0,0,0
3373,0,0,0
3374,0,0,0
3377,0,0,0
3379,0,0,0
3380,0,0,0
3382,0,0,0
3385,0,0,0
3391,0,0,0
3392,0,0,0
3393,0,0,0
3396,0,0,0
3397,0,0,0
3400,0,0,0
3401,0,0,0
3402,0,0,0
3405,0,0,0
3406,0,0,0
3408,0,0,0
3409,0,0,0
3410,0,0,0
3411,0,0,0
3412,0,0,0
3413,0,0,0
3419,0,0,0
3420,0,0,0
3422,0,0,0
3423,0,0,0
3425,0,0,0
3426,0,0,0
3428,0,0,0
3429,0,0,0
3430,0,0,0
3434,0,0,0
3435,0,0,0
3437,0,0,0
3438,0,0,0
3440,0,0,0
3442,0,0,0
3444,0,0,0
3446,0,0,0
3447,0,0,0
3448,0,0,0
3450,0,0,0
3451,0,0,0
3452,0,0,0
3453,0,0,0
3454,0,0,0
3455,0,0,0
3459,0,0,0
3462,0,0,0
3463,0,0,0
3465,0,0,0
3467,0,0,0
3468,0,0,0
3469,0,0,0
3470,0,0,0
3471,0,0,0
3472,0,0,0
3473,0,0,0
3475,0,0,0
3476,0,0,0
3477,0,0,0
3479,0,0,0
3480,0,0,0
3481,0,0,0
3482,0,0,0
3483,0,0,0
3484,0,0,0
3485,0,0,0
3492,0,0,0
3497,0,0,0
3498,0,0,0
3499,0,0,0
3500,0,0,0
3501,0,0,0
3502,0,0,0
3504,0,0,0
3505,0,0,0
3508,0,0,0
3509,0,0,0
3511,0,0,0
3512,0,0,0
3513,0,0,0
3515,0,0,0
3516,0,0,0
3518,0,0,0
3519,0,0,0
3520,0,0,0
3521,0,0,0
3522,0,0,0
3523,0,0,0
3524,0,0,0
3525,0,0,0
3527,0,0,0
3528,0,0,0
3531,0,0,0
3532,0,0,0
3533,0,0,0
3534,0,0,0
3535,0,0,0
3536,0,0,0
3538,0,0,0
3539,0,0,0
3541,0,0,0
3542,0,0,0
3543,0,0,0
3544,0,0,0
3546,0,0,0
3547,0,0,0
3548,0,0,0
3549,0,0,0
3550,0,0,0
3552,0,0,0
3553,0,0,0
3554,0,0,0
3556,0,0,0
3557,0,0,0
3558,0,0,0
3559,0,0,0
3565,0,0,0
3566,0,0,0
3568,0,0,0
3569,0,0,0
3571,0,0,0
3573,0,0,0
3575,0,0,0
3576,0,0,0
3577,0,0,0
3578,0,0,0
3580,0,0,0
3582,0,0,0
3585,0,0,0
3587,0,0,0
3588,0,0,0
3589,0,0,0
3591,0,0,0
3592,0,0,0
3593,0,0,0
3594,0,0,0
3598,0,0,0
3599,0,0,0
3600,0,0,0
3602,0,0,0
3604,0,0,0
3605,0,0,0
3608,0,0,0
3611,0,0,0
3612,0,0,0
3613,0,0,0
3614,0,0,0
3615,0,0,0
3616,0,0,0
3617,0,0,0
3618,0,0,0
3620,0,0,0
3622,0,0,0
3623,0,0,0
3624,0,0,0
3625,0,0,0
3626,0,0,0
3628,0,0,0
3629,0,0,0
3630,0,0,0
3632,0,0,0
3633,0,0,0
3635,0,0,0
3636,0,0,0
3637,0,0,0
3638,0,0,0
3640,0,0,0
3642,0,0,0
3643,0,0,0
3645,0,0,0
3646,0,0,0
3648,0,0,0
3652,0,0,0
3653,0,0,0
3654,0,0,0
3658,0,0,0
3659,0,0,0
3661,0,0,0
3662,0,0,0
3663,0,0,0
3664,0,0,0
3665,0,0,0
3666,0,0,0
3668,0,0,0
3669,0,0,0
3670,0,0,0
3671,0,0,0
3672,0,0,0
3673,0,0,0
3675,0,0,0
3677,0,0,0
3679,0,0,0
3680,0,0,0
3681,0,0,0
3683,0,0,0
3685,0,0,0
3687,0,0,0
3688,0,0,0
3690,0,0,0
3691,0,0,0
3693,0,0,0
3694,0,0,0
3697,0,0,0
3698,0,0,0
3699,0,0,0
3701,0,0,0
3702,0,0,0
3703,0,0,0
3705,0,0,0
3706,0,0,0
3707,0,0,0
3709,0,0,0
3711,0,0,0
3712,0,0,0
3713,0,0,0
3714,0,0,0
3715,0,0,0
3716,0,0,0
3717,0,0,0
3718,0,0,0
3719,0,0,0
3720,0,0,0
3721,0,0,0
3722,0,0,0
3723,0,0,0
3724,0,0,0
3726,0,0,0
3727,0,0,0
3728,0,0,0
3729,0,0,0
3730,0,0,0
3731,0,0,0
3732,0,0,0
3733,0,0,0
3735,0,0,0
3737,0,0,0
3738,0,0,0
3740,0,0,0
3741,0,0,0
3742,0,0,0
3743,0,0,0
3744,0,0,0
3745,0,0,0
3746,0,0,0
3747,0,0,0
3750,0,0,0
3751,0,0,0
3752,0,0,0
3753,0,0,0
3754,0,0,0
3755,0,0,0
3756,0,0,0
3757,0,0,0
3759,0,0,0
3760,0,0,0
3761,0,0,0
3762,0,0,0
3763,0,0,0
3766,0,0,0
3768,0,0,0
3771,0,0,0
3773,0,0,0
3775,0,0,0
3777,0,0,0
3778,0,0,0
3779,0,0,0
3782,0,0,0
3783,0,0,0
3784,0,0,0
3785,0,0,0
3786,0,0,0
3788,0,0,0
3789,0,0,0
3790,0,0,0
3792,0,0,0
3793,0,0,0
3794,0,0,0
3796,0,0,0
3798,0,0,0
3801,0,0,0
3802,0,0,0
3804,0,0,0
3805,0,0,0
3806,0,0,0
3807,0,0,0
3808,0,0,0
3809,0,0,0
3810,0,0,0
3811,0,0,0
3812,0,0,0
3813,0,0,0
3814,0,0,0
3816,0,0,0
3817,0,0,0
3820,0,0,0
3821,0,0,0
3822,0,0,0
3823,0,0,0
3824,0,0,0
3826,0,0,0
3828,0,0,0
3829,0,0,0
3830,0,0,0
3831,0,0,0
3832,0,0,0
3833,0,0,0
3834,0,0,0
3835,0,0,0
3836,0,0,0
3837,0,0,0
3838,0,0,0
3839,0,0,0
3840,0,0,0
3841,0,0,0
3842,0,0,0
3843,0,0,0
3844,0,0,0
3845,0,0,0
3847,0,0,0
3848,0,0,0
3849,0,0,0
3852,0,0,0
3859,0,0,0
3861,0,0,0
3862,0,0,0
3863,0,0,0
3864,0,0,0
3867,0,0,0
3868,0,0,0
3870,0,0,0
3873,0,0,0
3874,0,0,0
3876,0,0,0
3877,0,0,0
3881,0,0,0
3883,0,0,0
3884,0,0,0
3886,0,0,0
3887,0,0,0
3889,0,0,0
3891,0,0,0
3892,0,0,0
3894,0,0,0
3895,0,0,0
3896,0,0,0
3897,0,0,0
3902,0,0,0
3904,0,0,0
3905,0,0,0
3906,0,0,0
3907,0,0,0
3909,0,0,0
3910,0,0,0
3911,0,0,0
3912,0,0,0
3913,0,0,0
3914,0,0,0
3915,0,0,0
3916,0,0,0
3917,0,0,0
3918,0,0,0
3919,0,0,0
3920,0,0,0
3922,0,0,0
3923,0,0,0
3924,0,0,0
3925,0,0,0
3926,0,0,0
3928,0,0,0
3929,0,0,0
3930,0,0,0
3931,0,0,0
3933,0,0,0
3934,0,0,0
3935,0,0,0
3937,0,0,0
3938,0,0,0
3940,0,0,0
3942,0,0,0
3944,0,0,0
3945,0,0,0
3946,0,0,0
3947,0,0,0
3948,0,0,0
3950,0,0,0
3951,0,0,0
3953,0,0,0
3954,0,0,0
3955,0,0,0
3956,0,0,0
3958,0,0,0
3959,0,0,0
3961,0,0,0
3964,0,0,0
3965,0,0,0
3967,0,0,0
3968,0,0,0
3970,0,0,0
3971,0,0,0
3972,0,0,0
3974,0,0,0
3975,0,0,0
3976,0,0,0
3977,0,0,0
3979,0,0,0
3980,0,0,0
3982,0,0,0
3983,0,0,0
3984,0,0,0
3985,0,0,0
3986,0,0,0
3990,0,0,0
3994,0,0,0
3995,0,0,0
3996,0,0,0
3997,0,0,0
3999,0,0,0
4000,0,0,0
4001,0,0,0
4002,0,0,0
4003,0,0,0
4004,0,0,0
4005,0,0,0
4008,0,0,0
4009,0,0,0
4010,0,0,0
4013,0,0,0
4014,0,0,0
4015,0,0,0
4017,0,0,0
4018,0,0,0
4019,0,0,0
4020,0,0,0
4021,0,0,0
4022,0,0,0
4023,0,0,0
4025,0,0,0
4026,0,0,0
4027,0,0,0
4029,0,0,0
4030,0,0,0
4031,0,0,0
4032,0,0,0
4033,0,0,0
4034,0,0,0
4035,0,0,0
4036,0,0,0
4037,0,0,0
4038,0,0,0
4039,0,0,0
4040,0,0,0
4041,0,0,0
4042,0,0,0
4043,0,0,0
4044,0,0,0
4045,0,0,0
4046,0,0,0
4047,0,0,0
4048,0,0,0
4049,0,0,0
4050,0,0,0
4052,0,0,0
4053,0,0,0
4056,0,0,0
4057,0,0,0
4058,0,0,0
4059,0,0,0
4060,0,0,0
4061,0,0,0
4062,0,0,0
4063,0,0,0
4065,0,0,0
4067,0,0,0
4068,0,0,0
4070,0,0,0
4071,0,0,0
4072,0,0,0
4073,0,0,0
4074,0,0,0
4076,0,0,0
4077,0,0,0
4079,0,0,0
4080,0,0,0
4081,0,0,0
4082,0,0,0
4083,0,0,0
4085,0,0,0
4086,0,0,0
4087,0,0,0
4089,0,0,0
4092,0,0,0
4093,0,0,0
4094,0,0,0
4095,0,0,0
4098,0,0,0
4099,0,0,0
4100,0,0,0
4102,0,0,0
4103,0,0,0
4105,0,0,0
4106,0,0,0
4109,0,0,0
4110,0,0,0
4111,0,0,0
4114,0,0,0
4116,0,0,0
4117,0,0,0
4120,0,0,0
4123,0,0,0
4126,0,0,0
4128,0,0,0
4130,0,0,0
4134,0,0,0
4136,0,0,0
4137,0,0,0
4139,0,0,0
4140,0,0,0
4141,0,0,0
4142,0,0,0
4143,0,0,0
4145,0,0,0
4146,0,0,0
4147,0,0,0
4149,0,0,0
4150,0,0,0
4151,0,0,0
4152,0,0,0
4153,0,0,0
4154,0,0,0
4155,0,0,0
4156,0,0,0
4157,0,0,0
4158,0,0,0
4159,0,0,0
4161,0,0,0
4162,0,0,0
4164,0,0,0
4165,0,0,0
4166,0,0,0
4167,0,0,0
4168,0,0,0
4170,0,0,0
4171,0,0,0
4172,0,0,0
4173,0,0,0
4176,0,0,0
4177,0,0,0
4178,0,0,0
4183,0,0,0
4185,0,0,0
4186,0,0,0
4187,0,0,0
4188,0,0,0
4190,0,0,0
4191,0,0,0
4192,0,0,0
4193,0,0,0
4194,0,0,0
4195,0,0,0
4196,0,0,0
4197,0,0,0
4198,0,0,0
4200,0,0,0
4201,0,0,0
4202,0,0,0
4203,0,0,0
4204,0,0,0
4205,0,0,0
4206,0,0,0
4208,0,0,0
4209,0,0,0
4210,0,0,0
4214,0,0,0
4217,0,0,0
4218,0,0,0
4219,0,0,0
4220,0,0,0
4221,0,0,0
4223,0,0,0
4224,0,0,0
4225,0,0,0
4226,0,0,0
4227,0,0,0
4228,0,0,0
4230,0,0,0
4232,0,0,0
4234,0,0,0
4235,0,0,0
4238,0,0,0
4239,0,0,0
4240,0,0,0
4241,0,0,0
4242,0,0,0
4244,0,0,0
4245,0,0,0
4247,0,0,0
4248,0,0,0
4249,0,0,0
4250,0,0,0
4251,0,0,0
4252,0,0,0
4254,0,0,0
4255,0,0,0
4256,0,0,0
4257,0,0,0
4258,0,0,0
4260,0,0,0
4261,0,0,0
4262,0,0,0
4263,0,0,0
4264,0,0,0
4265,0,0,0
4266,0,0,0
4268,0,0,0
4269,0,0,0
4270,0,0,0
4271,0,0,0
4272,0,0,0
4273,0,0,0
4277,0,0,0
4278,0,0,0
4279,0,0,0
4282,0,0,0
4283,0,0,0
4284,0,0,0
4286,0,0,0
4287,0,0,0
4289,0,0,0
4290,0,0,0
4291,0,0,0
4293,0,0,0
4294,0,0,0
4295,0,0,0
4296,0,0,0
4297,0,0,0
4305,0,0,0
4306,0,0,0
4308,0,0,0
4309,0,0,0
4310,0,0,0
4312,0,0,0
4313,0,0,0
4316,0,0,0
4320,0,0,0
4324,0,0,0
4325,0,0,0
4326,0,0,0
4328,0,0,0
4330,0,0,0
4331,0,0,0
4332,0,0,0
4334,0,0,0
4336,0,0,0
4337,0,0,0
4338,0,0,0
4341,0,0,0
4342,0,0,0
4343,0,0,0
4345,0,0,0
4347,0,0,0
4348,0,0,0
4349,0,0,0
4351,0,0,0
4353,0,0,0
4354,0,0,0
4355,0,0,0
4356,0,0,0
4357,0,0,0
4359,0,0,0
4360,0,0,0
4361,0,0,0
4362,0,0,0
4364,0,0,0
4366,0,0,0
4367,0,0,0
4368,0,0,0
4369,0,0,0
4370,0,0,0
4372,0,0,0
4373,0,0,0
4375,0,0,0
4377,0,0,0
4378,0,0,0
4380,0,0,0
4381,0,0,0
4385,0,0,0
4387,0,0,0
4388,0,0,0
4389,0,0,0
4390,0,0,0
4392,0,0,0
4393,0,0,0
4394,0,0,0
4395,0,0,0
4397,0,0,0
4399,0,0,0
4400,0,0,0
4402,0,0,0
4403,0,0,0
4405,0,0,0
4406,0,0,0
4409,0,0,0
4410,0,0,0
4411,0,0,0
4412,0,0,0
4413,0,0,0
4414,0,0,0
4415,0,0,0
4416,0,0,0
4418,0,0,0
4419,0,0,0
4421,0,0,0
4422,0,0,0
4423,0,0,0
4424,0,0,0
4425,0,0,0
4426,0,0,0
4427,0,0,0
4428,0,0,0
4429,0,0,0
4430,0,0,0
4431,0,0,0
4432,0,0,0
4434,0,0,0
4435,0,0,0
4436,0,0,0
4438,0,0,0
4442,0,0,0
4443,0,0,0
4444,0,0,0
4446,0,0,0
4447,0,0,0
4448,0,0,0
4449,0,0,0
4450,0,0,0
4451,0,0,0
4452,0,0,0
4455,0,0,0
4456,0,0,0
4457,0,0,0
4458,0,0,0
4459,0,0,0
4461,0,0,0
4462,0,0,0
4464,0,0,0
4465,0,0,0
4466,0,0,0
4467,0,0,0
4470,0,0,0
4471,0,0,0
4473,0,0,0
4475,0,0,0
4480,0,0,0
4481,0,0,0
4482,0,0,0
4483,0,0,0
4485,0,0,0
4486,0,0,0
4487,0,0,0
4489,0,0,0
4491,0,0,0
4492,0,0,0
4494,0,0,0
4497,0,0,0
4498,0,0,0
4499,0,0,0
4501,0,0,0
4503,0,0,0
4504,0,0,0
4506,0,0,0
4508,0,0,0
4509,0,0,0
4510,0,0,0
4511,0,0,0
4514,0,0,0
4515,0,0,0
4516,0,0,0
4519,0,0,0
4520,0,0,0
4521,0,0,0
4522,0,0,0
4524,0,0,0
4526,0,0,0
4530,0,0,0
4531,0,0,0
4533,0,0,0
4534,0,0,0
4535,0,0,0
4537,0,0,0
4538,0,0,0
4540,0,0,0
4541,0,0,0
4543,0,0,0
4544,0,0,0
4546,0,0,0
4547,0,0,0
4548,0,0,0
4549,0,0,0
4552,0,0,0
4553,0,0,0
4555,0,0,0
4557,0,0,0
4558,0,0,0
4560,0,0,0
4561,0,0,0
4562,0,0,0
4563,0,0,0
4564,0,0,0
4565,0,0,0
4566,0,0,0
4567,0,0,0
4568,0,0,0
4570,0,0,0
4571,0,0,0
4572,0,0,0
4573,0,0,0
4574,0,0,0
4575,0,0,0
4576,0,0,0
4577,0,0,0
4578,0,0,0
4579,0,0,0
4580,0,0,0
4581,0,0,0
4582,0,0,0
4583,0,0,0
4584,0,0,0
4585,0,0,0
4586,0,0,0
4587,0,0,0
4588,0,0,0
4589,0,0,0
4590,0,0,0
4591,0,0,0
4593,0,0,0
4594,0,0,0
4595,0,0,0
4597,0,0,0
4598,0,0,0
4599,0,0,0
4600,0,0,0
4601,0,0,0
4602,0,0,0
4603,0,0,0
4605,0,0,0
4606,0,0,0
4607,0,0,0
4609,0,0,0
4610,0,0,0
4611,0,0,0
4612,0,0,0
4615,0,0,0
4616,0,0,0
4617,0,0,0
4618,0,0,0
4619,0,0,0
4620,0,0,0
4621,0,0,0
4622,0,0,0
4624,0,0,0
4625,0,0,0
4627,0,0,0
4629,0,0,0
4630,0,0,0
4633,0,0,0
4634,0,0,0
4635,0,0,0
4636,0,0,0
4637,0,0,0
4638,0,0,0
4639,0,0,0
4640,0,0,0
4641,0,0,0
4643,0,0,0
4644,0,0,0
4645,0,0,0
4646,0,0,0
4647,0,0,0
4648,0,0,0
4649,0,0,0
4650,0,0,0
4651,0,0,0
4652,0,0,0
4653,0,0,0
4655,0,0,0
4656,0,0,0
4657,0,0,0
4658,0,0,0
4659,0,0,0
4660,0,0,0
4662,0,0,0
4663,0,0,0
4664,0,0,0
4666,0,0,0
4667,0,0,0
4669,0,0,0
4670,0,0,0
4672,0,0,0
4673,0,0,0
4675,0,0,0
4677,0,0,0
4678,0,0,0
4680,0,0,0
4681,0,0,0
4682,0,0,0
4683,0,0,0
4685,0,0,0
4687,0,0,0
4691,0,0,0
4692,0,0,0
4693,0,0,0
4694,0,0,0
4696,0,0,0
4697,0,0,0
4698,0,0,0
4699,0,0,0
4700,0,0,0
4703,0,0,0
4704,0,0,0
4706,0,0,0
4707,0,0,0
4708,0,0,0
4709,0,0,0
4710,0,0,0
4712,0,0,0
4713,0,0,0
4714,0,0,0
4716,0,0,0
4718,0,0,0
4720,0,0,0
4724,0,0,0
4725,0,0,0
4726,0,0,0
4728,0,0,0
4730,0,0,0
4731,0,0,0
4732,0,0,0
4733,0,0,0
4734,0,0,0
4736,0,0,0
4737,0,0,0
4738,0,0,0
4740,0,0,0
4741,0,0,0
4742,0,0,0
4744,0,0,0
4745,0,0,0
4747,0,0,0
4749,0,0,0
4750,0,0,0
4756,0,0,0
4757,0,0,0
4758,0,0,0
4760,0,0,0
4761,0,0,0
4768,0,0,0
4770,0,0,0
4771,0,0,0
4772,0,0,0
4773,0,0,0
4774,0,0,0
4776,0,0,0
4777,0,0,0
4778,0,0,0
4779,0,0,0
4780,0,0,0
4781,0,0,0
4782,0,0,0
4783,0,0,0
4784,0,0,0
4785,0,0,0
4786,0,0,0
4787,0,0,0
4788,0,0,0
4790,0,0,0
4791,0,0,0
4793,0,0,0
4794,0,0,0
4796,0,0,0
4797,0,0,0
4798,0,0,0
4799,0,0,0
4800,0,0,0
4801,0,0,0
4802,0,0,0
4803,0,0,0
4804,0,0,0
4805,0,0,0
4806,0,0,0
4808,0,0,0
4809,0,0,0
4810,0,0,0
4811,0,0,0
4812,0,0,0
4813,0,0,0
4814,0,0,0
4815,0,0,0
4818,0,0,0
4820,0,0,0
4822,0,0,0
4823,0,0,0
4824,0,0,0
4827,0,0,0
4828,0,0,0
4830,0,0,0
4832,0,0,0
4834,0,0,0
4835,0,0,0
4836,0,0,0
4837,0,0,0
4838,0,0,0
4842,0,0,0
4843,0,0,0
4844,0,0,0
4845,0,0,0
4846,0,0,0
4849,0,0,0
4850,0,0,0
4851,0,0,0
4852,0,0,0
4853,0,0,0
4854,0,0,0
4857,0,0,0
4858,0,0,0
4859,0,0,0
4861,0,0,0
4863,0,0,0
4864,0,0,0
4865,0,0,0
4866,0,0,0
4867,0,0,0
4869,0,0,0
4870,0,0,0
4871,0,0,0
4873,0,0,0
4874,0,0,0
4875,0,0,0
4876,0,0,0
4877,0,0,0
4878,0,0,0
4879,0,0,0
4881,0,0,0
4883,0,0,0
4885,0,0,0
4887,0,0,0
4888,0,0,0
4889,0,0,0
4890,0,0,0
4891,0,0,0
4893,0,0,0
4894,0,0,0
4895,0,0,0
4897,0,0,0
4898,0,0,0
4899,0,0,0
4900,0,0,0
4901,0,0,0
4903,0,0,0
4904,0,0,0
4905,0,0,0
4907,0,0,0
4908,0,0,0
4909,0,0,0
4911,0,0,0
4912,0,0,0
4914,0,0,0
4915,0,0,0
4916,0,0,0
4917,0,0,0
4918,0,0,0
4919,0,0,0
4920,0,0,0
4921,0,0,0
4924,0,0,0
4926,0,0,0
4929,0,0,0
4930,0,0,0
4931,0,0,0
4933,0,0,0
4935,0,0,0
4936,0,0,0
4939,0,0,0
4940,0,0,0
4943,0,0,0
4945,0,0,0
4947,0,0,0
4948,0,0,0
4949,0,0,0
4950,0,0,0
4951,0,0,0
4952,0,0,0
4954,0,0,0
4955,0,0,0
4956,0,0,0
4957,0,0,0
4958,0,0,0
4959,0,0,0
4960,0,0,0
4962,0,0,0
4963,0,0,0
4964,0,0,0
4966,0,0,0
4967,0,0,0
4968,0,0,0
4977,0,0,0
4980,0,0,0
4982,0,0,0
4983,0,0,0
4984,0,0,0
4985,0,0,0
4987,0,0,0
4988,0,0,0
4990,0,0,0
4991,0,0,0
4992,0,0,0
4994,0,0,0
5000,0,0,0
5001,0,0,0
5003,0,0,0
5004,0,0,0
5005,0,0,0
5006,0,0,0
5007,0,0,0
5008,0,0,0
5009,0,0,0
5012,0,0,0
5013,0,0,0
5015,0,0,0
5016,0,0,0
5017,0,0,0
5018,0,0,0
5020,0,0,0
5021,0,0,0
5024,0,0,0
5025,0,0,0
5027,0,0,0
5028,0,0,0
5030,0,0,0
5032,0,0,0
5034,0,0,0
5035,0,0,0
5036,0,0,0
5037,0,0,0
5041,0,0,0
5042,0,0,0
5043,0,0,0
5045,0,0,0
5046,0,0,0
5048,0,0,0
5051,0,0,0
5052,0,0,0
5053,0,0,0
5054,0,0,0
5055,0,0,0
5057,0,0,0
5059,0,0,0
5061,0,0,0
5062,0,0,0
5063,0,0,0
5064,0,0,0
5065,0,0,0
5066,0,0,0
5067,0,0,0
5068,0,0,0
5069,0,0,0
5070,0,0,0
5072,0,0,0
5073,0,0,0
5074,0,0,0
5075,0,0,0
5078,0,0,0
5079,0,0,0
5082,0,0,0
5084,0,0,0
5085,0,0,0
5086,0,0,0
5087,0,0,0
5089,0,0,0
5090,0,0,0
5091,0,0,0
5093,0,0,0
5095,0,0,0
5096,0,0,0
5097,0,0,0
5099,0,0,0
5100,0,0,0
5101,0,0,0
5102,0,0,0
5103,0,0,0
5105,0,0,0
5106,0,0,0
5107,0,0,0
5108,0,0,0
5109,0,0,0
5111,0,0,0
5112,0,0,0
5115,0,0,0
5116,0,0,0
5118,0,0,0
5119,0,0,0
5120,0,0,0
5121,0,0,0
5126,0,0,0
5129,0,0,0
5134,0,0,0
5136,0,0,0
5137,0,0,0
5138,0,0,0
5139,0,0,0
5140,0,0,0
5141,0,0,0
5142,0,0,0
5143,0,0,0
5144,0,0,0
5145,0,0,0
5148,0,0,0
5149,0,0,0
5151,0,0,0
5152,0,0,0
5153,0,0,0
5154,0,0,0
5156,0,0,0
5157,0,0,0
5158,0,0,0
5160,0,0,0
5161,0,0,0
5164,0,0,0
5165,0,0,0
5166,0,0,0
5167,0,0,0
5168,0,0,0
5169,0,0,0
5170,0,0,0
5172,0,0,0
5173,0,0,0
5174,0,0,0
5175,0,0,0
5176,0,0,0
5177,0,0,0
5178,0,0,0
5180,0,0,0
5182,0,0,0
5183,0,0,0
5184,0,0,0
5185,0,0,0
5186,0,0,0
5188,0,0,0
5190,0,0,0
5191,0,0,0
5192,0,0,0
5195,0,0,0
5197,0,0,0
5198,0,0,0
5200,0,0,0
5207,0,0,0
5209,0,0,0
5210,0,0,0
5211,0,0,0
5213,0,0,0
5215,0,0,0
5216,0,0,0
5218,0,0,0
5220,0,0,0
5221,0,0,0
5222,0,0,0
5223,0,0,0
5224,0,0,0
5227,0,0,0
5228,0,0,0
5230,0,0,0
5232,0,0,0
5235,0,0,0
5238,0,0,0
5240,0,0,0
5242,0,0,0
5243,0,0,0
5244,0,0,0
5246,0,0,0
5247,0,0,0
5250,0,0,0
5252,0,0,0
5254,0,0,0
5256,0,0,0
5257,0,0,0
5258,0,0,0
5259,0,0,0
5261,0,0,0
5262,0,0,0
5263,0,0,0
5264,0,0,0
5265,0,0,0
5266,0,0,0
5268,0,0,0
5271,0,0,0
5272,0,0,0
5273,0,0,0
5281,0,0,0
5283,0,0,0
5285,0,0,0
5286,0,0,0
5287,0,0,0
5288,0,0,0
5290,0,0,0
5291,0,0,0
5294,0,0,0
5295,0,0,0
5297,0,0,0
5299,0,0,0
5300,0,0,0
5301,0,0,0
5302,0,0,0
5306,0,0,0
5308,0,0,0
5310,0,0,0
5311,0,0,0
5312,0,0,0
5313,0,0,0
5314,0,0,0
5315,0,0,0
5318,0,0,0
5319,0,0,0
5321,0,0,0
5322,0,0,0
5326,0,0,0
5327,0,0,0
5328,0,0,0
5332,0,0,0
5333,0,0,0
5334,0,0,0
5336,0,0,0
5338,0,0,0
5344,0,0,0
5347,0,0,0
5348,0,0,0
5349,0,0,0
5350,0,0,0
5354,0,0,0
5355,0,0,0
5357,0,0,0
5358,0,0,0
5359,0,0,0
5361,0,0,0
5362,0,0,0
5364,0,0,0
5365,0,0,0
5366,0,0,0
5370,0,0,0
5371,0,0,0
5372,0,0,0
5373,0,0,0
5374,0,0,0
5376,0,0,0
5377,0,0,0
5379,0,0,0
5380,0,0,0
5382,0,0,0
5383,0,0,0
5384,0,0,0
5386,0,0,0
5387,0,0,0
5388,0,0,0
5389,0,0,0
5390,0,0,0
5391,0,0,0
5393,0,0,0
5397,0,0,0
5398,0,0,0
5401,0,0,0
5408,0,0,0
5409,0,0,0
5410,0,0,0
5411,0,0,0
5412,0,0,0
5414,0,0,0
5415,0,0,0
5418,0,0,0
5419,0,0,0
5421,0,0,0
5422,0,0,0
5423,0,0,0
5424,0,0,0
5425,0,0,0
5427,0,0,0
5428,0,0,0
5429,0,0,0
5433,0,0,0
5434,0,0,0
5436,0,0,0
5437,0,0,0
5438,0,0,0
5442,0,0,0
5443,0,0,0
5444,0,0,0
5446,0,0,0
5447,0,0,0
5448,0,0,0
5449,0,0,0
5450,0,0,0
5452,0,0,0
5454,0,0,0
5455,0,0,0
5458,0,0,0
5459,0,0,0
5462,0,0,0
5463,0,0,0
5464,0,0,0
5465,0,0,0
5467,0,0,0
5469,0,0,0
5470,0,0,0
5471,0,0,0
5474,0,0,0
5475,0,0,0
5476,0,0,0
5478,0,0,0
5479,0,0,0
5480,0,0,0
5482,0,0,0
5484,0,0,0
5485,0,0,0
5486,0,0,0
5488,0,0,0
5490,0,0,0
5492,0,0,0
5494,0,0,0
5496,0,0,0
5498,0,0,0
5500,0,0,0
5501,0,0,0
5503,0,0,0
5504,0,0,0
5507,0,0,0
5508,0,0,0
5511,0,0,0
5514,0,0,0
5516,0,0,0
5518,0,0,0
5519,0,0,0
5520,0,0,0
5522,0,0,0
5526,0,0,0
5529,0,0,0
5530,0,0,0
5531,0,0,0
5532,0,0,0
5533,0,0,0
5534,0,0,0
5535,0,0,0
5536,0,0,0
5537,0,0,0
5538,0,0,0
5539,0,0,0
5540,0,0,0
5542,0,0,0
5546,0,0,0
5551,0,0,0
5552,0,0,0
5553,0,0,0
5554,0,0,0
5555,0,0,0
5556,0,0,0
5557,0,0,0
5558,0,0,0
5559,0,0,0
5562,0,0,0
5563,0,0,0
5564,0,0,0
5566,0,0,0
5567,0,0,0
5568,0,0,0
5569,0,0,0
5571,0,0,0
5574,0,0,0
5578,0,0,0
5579,0,0,0
5580,0,0,0
5581,0,0,0
5583,0,0,0
5586,0,0,0
5587,0,0,0
5588,0,0,0
5589,0,0,0
5591,0,0,0
5592,0,0,0
5593,0,0,0
5595,0,0,0
5599,0,0,0
5600,0,0,0
5601,0,0,0
5602,0,0,0
5606,0,0,0
5608,0,0,0
5610,0,0,0
5611,0,0,0
5612,0,0,0
5613,0,0,0
5614,0,0,0
5615,0,0,0
5616,0,0,0
5617,0,0,0
5618,0,0,0
5619,0,0,0
5620,0,0,0
5621,0,0,0
5622,0,0,0
5623,0,0,0
5625,0,0,0
5626,0,0,0
5627,0,0,0
5628,0,0,0
5630,0,0,0
5631,0,0,0
5633,0,0,0
5634,0,0,0
5635,0,0,0
5636,0,0,0
5637,0,0,0
5638,0,0,0
5639,0,0,0
5641,0,0,0
5642,0,0,0
5643,0,0,0
5644,0,0,0
5647,0,0,0
5648,0,0,0
5649,0,0,0
5650,0,0,0
5651,0,0,0
5653,0,0,0
5654,0,0,0
5656,0,0,0
5657,0,0,0
5659,0,0,0
5663,0,0,0
5664,0,0,0
5665,0,0,0
5666,0,0,0
5667,0,0,0
5669,0,0,0
5670,0,0,0
5671,0,0,0
5672,0,0,0
5673,0,0,0
5674,0,0,0
5678,0,0,0
5680,0,0,0
5685,0,0,0
5688,0,0,0
5690,0,0,0
5691,0,0,0
5692,0,0,0
5694,0,0,0
5695,0,0,0
5696,0,0,0
5698,0,0,0
5699,0,0,0
5701,0,0,0
5702,0,0,0
5703,0,0,0
5704,0,0,0
5705,0,0,0
5706,0,0,0
5707,0,0,0
5708,0,0,0
5710,0,0,0
5711,0,0,0
5712,0,0,0
5714,0,0,0
5716,0,0,0
5717,0,0,0
5719,0,0,0
5720,0,0,0
5721,0,0,0
5722,0,0,0
5724,0,0,0
5725,0,0,0
5727,0,0,0
5728,0,0,0
5730,0,0,0
5731,0,0,0
5732,0,0,0
5735,0,0,0
5736,0,0,0
5737,0,0,0
5739,0,0,0
5740,0,0,0
5741,0,0,0
5742,0,0,0
5743,0,0,0
5744,0,0,0
5746,0,0,0
5749,0,0,0
5750,0,0,0
5751,0,0,0
5752,0,0,0
5753,0,0,0
5755,0,0,0
5758,0,0,0
5759,0,0,0
5760,0,0,0
5761,0,0,0
5762,0,0,0
5766,0,0,0
5767,0,0,0
5768,0,0,0
5769,0,0,0
5771,0,0,0
5773,0,0,0
5774,0,0,0
5776,0,0,0
5778,0,0,0
5781,0,0,0
5782,0,0,0
5783,0,0,0
5785,0,0,0
5786,0,0,0
5788,0,0,0
5789,0,0,0
5792,0,0,0
5793,0,0,0
5794,0,0,0
5795,0,0,0
5797,0,0,0
5800,0,0,0
5802,0,0,0
5803,0,0,0
5804,0,0,0
5805,0,0,0
5807,0,0,0
5808,0,0,0
5809,0,0,0
5810,0,0,0
5812,0,0,0
5813,0,0,0
5814,0,0,0
5816,0,0,0
5817,0,0,0
5818,0,0,0
5821,0,0,0
5822,0,0,0
5823,0,0,0
5824,0,0,0
5826,0,0,0
5827,0,0,0
5830,0,0,0
5831,0,0,0
5833,0,0,0
5834,0,0,0
5839,0,0,0
5840,0,0,0
5842,0,0,0
5843,0,0,0
5844,0,0,0
5845,0,0,0
5847,0,0,0
5848,0,0,0
5850,0,0,0
5852,0,0,0
5853,0,0,0
5854,0,0,0
5857,0,0,0
5858,0,0,0
5861,0,0,0
5862,0,0,0
5863,0,0,0
5864,0,0,0
5865,0,0,0
5866,0,0,0
5868,0,0,0
5872,0,0,0
5874,0,0,0
5875,0,0,0
5877,0,0,0
5878,0,0,0
5880,0,0,0
5881,0,0,0
5882,0,0,0
5883,0,0,0
5884,0,0,0
5885,0,0,0
5886,0,0,0
5889,0,0,0
5891,0,0,0
5893,0,0,0
5895,0,0,0
5896,0,0,0
5897,0,0,0
5900,0,0,0
5903,0,0,0
5905,0,0,0
5906,0,0,0
5908,0,0,0
5909,0,0,0
5910,0,0,0
5914,0,0,0
5915,0,0,0
5916,0,0,0
5918,0,0,0
5919,0,0,0
5921,0,0,0
5922,0,0,0
5923,0,0,0
5924,0,0,0
5927,0,0,0
5928,0,0,0
5940,0,0,0
5941,0,0,0
5942,0,0,0
5943,0,0,0
5944,0,0,0
5945,0,0,0
5947,0,0,0
5948,0,0,0
5950,0,0,0
5951,0,0,0
5953,0,0,0
5954,0,0,0
5956,0,0,0
5957,0,0,0
5958,0,0,0
5961,0,0,0
5962,0,0,0
5963,0,0,0
5964,0,0,0
5966,0,0,0
5967,0,0,0
5968,0,0,0
5969,0,0,0
5970,0,0,0
5971,0,0,0
5972,0,0,0
5973,0,0,0
5975,0,0,0
5980,0,0,0
5981,0,0,0
5982,0,0,0
5984,0,0,0
5986,0,0,0
5987,0,0,0
5994,0,0,0
5998,0,0,0
6000,0,0,0
6001,0,0,0
6004,0,0,0
6005,0,0,0
6008,0,0,0
6010,0,0,0
6012,0,0,0
6014,0,0,0
6016,0,0,0
6018,0,0,0
6019,0,0,0
6020,0,0,0
6022,0,0,0
6024,0,0,0
6025,0,0,0
6026,0,0,0
6028,0,0,0
6029,0,0,0
6030,0,0,0
6032,0,0,0
6035,0,0,0
6036,0,0,0
6037,0,0,0
6039,0,0,0
6041,0,0,0
6045,0,0,0
6046,0,0,0
6047,0,0,0
6049,0,0,0
6053,0,0,0
6054,0,0,0
6055,0,0,0
6056,0,0,0
6058,0,0,0
6061,0,0,0
6062,0,0,0
6063,0,0,0
6065,0,0,0
6067,0,0,0
6071,0,0,0
6072,0,0,0
6075,0,0,0
6077,0,0,0
6078,0,0,0
6080,0,0,0
6083,0,0,0
6084,0,0,0
6087,0,0,0
6089,0,0,0
6091,0,0,0
6092,0,0,0
6093,0,0,0
6095,0,0,0
6096,0,0,0
6100,0,0,0
6101,0,0,0
6102,0,0,0
6103,0,0,0
6104,0,0,0
6105,0,0,0
6106,0,0,0
6108,0,0,0
6109,0,0,0
6110,0,0,0
6111,0,0,0
6113,0,0,0
6114,0,0,0
6115,0,0,0
6117,0,0,0
6118,0,0,0
6120,0,0,0
6121,0,0,0
6122,0,0,0
6124,0,0,0
6125,0,0,0
6127,0,0,0
6128,0,0,0
6129,0,0,0
6130,0,0,0
6132,0,0,0
6136,0,0,0
6137,0,0,0
6140,0,0,0
6142,0,0,0
6143,0,0,0
6144,0,0,0
6146,0,0,0
6148,0,0,0
6149,0,0,0
6150,0,0,0
6152,0,0,0
6154,0,0,0
6155,0,0,0
6156,0,0,0
6157,0,0,0
6160,0,0,0
6161,0,0,0
6163,0,0,0
6164,0,0,0
6165,0,0,0
6167,0,0,0
6169,0,0,0
6172,0,0,0
6176,0,0,0
6178,0,0,0
6180,0,0,0
6182,0,0,0
6183,0,0,0
6184,0,0,0
6185,0,0,0
6186,0,0,0
6187,0,0,0
6189,0,0,0
6190,0,0,0
6191,0,0,0
6192,0,0,0
6194,0,0,0
6195,0,0,0
6197,0,0,0
6199,0,0,0
6201,0,0,0
6206,0,0,0
6207,0,0,0
6208,0,0,0
6210,0,0,0
6214,0,0,0
6216,0,0,0
6219,0,0,0
6220,0,0,0
6221,0,0,0
6222,0,0,0
6223,0,0,0
6225,0,0,0
6226,0,0,0
6229,0,0,0
6230,0,0,0
6232,0,0,0
6233,0,0,0
6234,0,0,0
6235,0,0,0
6237,0,0,0
6238,0,0,0
6239,0,0,0
6241,0,0,0
6248,0,0,0
6252,0,0,0
6257,0,0,0
6258,0,0,0
6259,0,0,0
6260,0,0,0
6261,0,0,0
6264,0,0,0
6265,0,0,0
6266,0,0,0
6268,0,0,0
6269,0,0,0
6271,0,0,0
6272,0,0,0
6274,0,0,0
6278,0,0,0
6279,0,0,0
6280,0,0,0
6282,0,0,0
6283,0,0,0
6284,0,0,0
6285,0,0,0
6287,0,0,0
6289,0,0,0
6290,0,0,0
6294,0,0,0
6296,0,0,0
6298,0,0,0
6299,0,0,0
6304,0,0,0
6306,0,0,0
6307,0,0,0
6312,0,0,0
6313,0,0,0
6314,0,0,0
6315,0,0,0
6316,0,0,0
6318,0,0,0
6319,0,0,0
6320,0,0,0
6321,0,0,0
6322,0,0,0
6323,0,0,0
6324,0,0,0
6326,0,0,0
6327,0,0,0
6328,0,0,0
6330,0,0,0
6331,0,0,0
6334,0,0,0
6335,0,0,0
6336,0,0,0
6337,0,0,0
6339,0,0,0
6340,0,0,0
6341,0,0,0
6344,0,0,0
6347,0,0,0
6349,0,0,0
6350,0,0,0
6352,0,0,0
6353,0,0,0
6356,0,0,0
6357,0,0,0
6359,0,0,0
6360,0,0,0
6362,0,0,0
6364,0,0,0
6368,0,0,0
6370,0,0,0
6375,0,0,0
6377,0,0,0
6380,0,0,0
6381,0,0,0
6387,0,0,0
6388,0,0,0
6391,0,0,0
6392,0,0,0
6393,0,0,0
6394,0,0,0
6396,0,0,0
6397,0,0,0
6401,0,0,0
6403,0,0,0
6404,0,0,0
6405,0,0,0
6406,0,0,0
6407,0,0,0
6408,0,0,0
6409,0,0,0
6410,0,0,0
6412,0,0,0
6413,0,0,0
6414,0,0,0
6415,0,0,0
6417,0,0,0
6418,0,0,0
6420,0,0,0
6423,0,0,0
6424,0,0,0
6427,0,0,0
6428,0,0,0
6430,0,0,0
6431,0,0,0
6432,0,0,0
6433,0,0,0
6434,0,0,0
6436,0,0,0
6437,0,0,0
6439,0,0,0
6440,0,0,0
6442,0,0,0
6444,0,0,0
6445,0,0,0
6448,0,0,0
6449,0,0,0
6450,0,0,0
6451,0,0,0
6452,0,0,0
6453,0,0,0
6455,0,0,0
6456,0,0,0
6458,0,0,0
6459,0,0,0
6461,0,0,0
6463,0,0,0
6465,0,0,0
6469,0,0,0
6470,0,0,0
6471,0,0,0
6472,0,0,0
6476,0,0,0
6477,0,0,0
6478,0,0,0
6479,0,0,0
6480,0,0,0
6483,0,0,0
6484,0,0,0
6485,0,0,0
6486,0,0,0
6487,0,0,0
6488,0,0,0
6489,0,0,0
6490,0,0,0
6491,0,0,0
6492,0,0,0
6493,0,0,0
6494,0,0,0
6496,0,0,0
6497,0,0,0
6499,0,0,0
6500,0,0,0
6502,0,0,0
6503,0,0,0
6505,0,0,0
6506,0,0,0
6507,0,0,0
6509,0,0,0
6512,0,0,0
6513,0,0,0
6517,0,0,0
6520,0,0,0
6521,0,0,0
6522,0,0,0
6523,0,0,0
6524,0,0,0
6526,0,0,0
6530,0,0,0
6531,0,0,0
6532,0,0,0
6533,0,0,0
6535,0,0,0
6536,0,0,0
6537,0,0,0
6538,0,0,0
6540,0,0,0
6541,0,0,0
6542,0,0,0
6544,0,0,0
6545,0,0,0
6546,0,0,0
6547,0,0,0
6548,0,0,0
6550,0,0,0
6553,0,0,0
6555,0,0,0
6556,0,0,0
6559,0,0,0
6561,0,0,0
6562,0,0,0
6564,0,0,0
6565,0,0,0
6566,0,0,0
6567,0,0,0
6571,0,0,0
6572,0,0,0
6573,0,0,0
6574,0,0,0
6575,0,0,0
6576,0,0,0
6577,0,0,0
6578,0,0,0
6579,0,0,0
6581,0,0,0
6584,0,0,0
6585,0,0,0
6586,0,0,0
6587,0,0,0
6589,0,0,0
6591,0,0,0
6592,0,0,0
6594,0,0,0
6595,0,0,0
6598,0,0,0
6599,0,0,0
6601,0,0,0
6602,0,0,0
6604,0,0,0
6605,0,0,0
6606,0,0,0
6608,0,0,0
6609,0,0,0
6610,0,0,0
6611,0,0,0
6614,0,0,0
6615,0,0,0
6617,0,0,0
6619,0,0,0
6620,0,0,0
6621,0,0,0
6624,0,0,0
6625,0,0,0
6627,0,0,0
6632,0,0,0
6633,0,0,0
6634,0,0,0
6635,0,0,0
6636,0,0,0
6637,0,0,0
6639,0,0,0
6644,0,0,0
6645,0,0,0
6649,0,0,0
6654,0,0,0
6657,0,0,0
6658,0,0,0
6660,0,0,0
6661,0,0,0
6665,0,0,0
6666,0,0,0
6668,0,0,0
6669,0,0,0
6670,0,0,0
6671,0,0,0
6674,0,0,0
6681,0,0,0
6682,0,0,0
6684,0,0,0
6689,0,0,0
6691,0,0,0
6695,0,0,0
6700,0,0,0
6701,0,0,0
6704,0,0,0
6707,0,0,0
6709,0,0,0
6711,0,0,0
6714,0,0,0
6715,0,0,0
6717,0,0,0
6718,0,0,0
6719,0,0,0
6720,0,0,0
6724,0,0,0
6727,0,0,0
6728,0,0,0
6729,0,0,0
6730,0,0,0
6731,0,0,0
6732,0,0,0
6733,0,0,0
6734,0,0,0
6737,0,0,0
6738,0,0,0
6739,0,0,0
6740,0,0,0
6741,0,0,0
6743,0,0,0
6744,0,0,0
6746,0,0,0
6748,0,0,0
6749,0,0,0
6751,0,0,0
6752,0,0,0
6753,0,0,0
6756,0,0,0
6757,0,0,0
6759,0,0,0
6760,0,0,0
6761,0,0,0
6763,0,0,0
6764,0,0,0
6767,0,0,0
6768,0,0,0
6769,0,0,0
6770,0,0,0
6772,0,0,0
6773,0,0,0
6774,0,0,0
6775,0,0,0
6777,0,0,0
6778,0,0,0
6779,0,0,0
6780,0,0,0
6781,0,0,0
6782,0,0,0
6783,0,0,0
6784,0,0,0
6786,0,0,0
6787,0,0,0
6788,0,0,0
6790,0,0,0
6791,0,0,0
6792,0,0,0
6794,0,0,0
6795,0,0,0
6796,0,0,0
6797,0,0,0
6799,0,0,0
6800,0,0,0
6802,0,0,0
6803,0,0,0
6804,0,0,0
6805,0,0,0
6806,0,0,0
6808,0,0,0
6812,0,0,0
6813,0,0,0
6814,0,0,0
6815,0,0,0
6816,0,0,0
6817,0,0,0
6818,0,0,0
6820,0,0,0
6822,0,0,0
6823,0,0,0
6825,0,0,0
6826,0,0,0
6829,0,0,0
6831,0,0,0
6832,0,0,0
6833,0,0,0
6834,0,0,0
6835,0,0,0
6836,0,0,0
6840,0,0,0
6841,0,0,0
6843,0,0,0
6844,0,0,0
6845,0,0,0
6846,0,0,0
6847,0,0,0
6848,0,0,0
6849,0,0,0
6850,0,0,0
6852,0,0,0
6853,0,0,0
6854,0,0,0
6855,0,0,0
6856,0,0,0
6857,0,0,0
6859,0,0,0
6860,0,0,0
6862,0,0,0
6863,0,0,0
6864,0,0,0
6867,0,0,0
6869,0,0,0
6870,0,0,0
6871,0,0,0
6872,0,0,0
6873,0,0,0
6878,0,0,0
6879,0,0,0
6880,0,0,0
6881,0,0,0
6882,0,0,0
6884,0,0,0
6888,0,0,0
6891,0,0,0
6892,0,0,0
6894,0,0,0
6897,0,0,0
6898,0,0,0
6899,0,0,0
6900,0,0,0
6901,0,0,0
6902,0,0,0
6903,0,0,0
6905,0,0,0
6906,0,0,0
6907,0,0,0
6908,0,0,0
6909,0,0,0
6912,0,0,0
6914,0,0,0
6915,0,0,0
6919,0,0,0
6922,0,0,0
6926,0,0,0
6929,0,0,0
6930,0,0,0
6932,0,0,0
6933,0,0,0
6934,0,0,0
6936,0,0,0
6937,0,0,0
6938,0,0,0
6939,0,0,0
6941,0,0,0
6943,0,0,0
6947,0,0,0
6948,0,0,0
6949,0,0,0
6951,0,0,0
6952,0,0,0
6953,0,0,0
6954,0,0,0
6957,0,0,0
6958,0,0,0
6960,0,0,0
6961,0,0,0
6963,0,0,0
6965,0,0,0
6966,0,0,0
6968,0,0,0
6969,0,0,0
6970,0,0,0
6971,0,0,0
6972,0,0,0
6974,0,0,0
6975,0,0,0
6976,0,0,0
6977,0,0,0
6979,0,0,0
6980,0,0,0
6981,0,0,0
6982,0,0,0
6983,0,0,0
6984,0,0,0
6985,0,0,0
6987,0,0,0
6989,0,0,0
6991,0,0,0
6992,0,0,0
6993,0,0,0
6994,0,0,0
6995,0,0,0
6996,0,0,0
6997,0,0,0
6999,0,0,0
7003,0,0,0
7006,0,0,0
7007,0,0,0
7008,0,0,0
7012,0,0,0
7013,0,0,0
7014,0,0,0
7015,0,0,0
7016,0,0,0
7017,0,0,0
7018,0,0,0
7019,0,0,0
7023,0,0,0
7024,0,0,0
7028,0,0,0
7034,0,0,0
7035,0,0,0
7036,0,0,0
7039,0,0,0
7040,0,0,0
7041,0,0,0
7043,0,0,0
7045,0,0,0
7047,0,0,0
7048,0,0,0
7049,0,0,0
7050,0,0,0
7052,0,0,0
7054,0,0,0
7055,0,0,0
7056,0,0,0
7057,0,0,0
7058,0,0,0
7060,0,0,0
7061,0,0,0
7062,0,0,0
7065,0,0,0
7067,0,0,0
7069,0,0,0
7071,0,0,0
7072,0,0,0
7074,0,0,0
7075,0,0,0
7078,0,0,0
7079,0,0,0
7081,0,0,0
7082,0,0,0
7083,0,0,0
7084,0,0,0
7085,0,0,0
7086,0,0,0
7088,0,0,0
7090,0,0,0
7093,0,0,0
7094,0,0,0
7096,0,0,0
7099,0,0,0
7101,0,0,0
7102,0,0,0
7104,0,0,0
7105,0,0,0
7107,0,0,0
7108,0,0,0
7110,0,0,0
7114,0,0,0
7115,0,0,0
7118,0,0,0
7119,0,0,0
7123,0,0,0
7124,0,0,0
7127,0,0,0
7128,0,0,0
7129,0,0,0
7132,0,0,0
7133,0,0,0
7134,0,0,0
7135,0,0,0
7139,0,0,0
7140,0,0,0
7141,0,0,0
7143,0,0,0
7144,0,0,0
7146,0,0,0
7148,0,0,0
7149,0,0,0
7151,0,0,0
7152,0,0,0
7156,0,0,0
7157,0,0,0
7160,0,0,0
7161,0,0,0
7162,0,0,0
7164,0,0,0
7165,0,0,0
7168,0,0,0
7169,0,0,0
7170,0,0,0
7172,0,0,0
7173,0,0,0
7175,0,0,0
7177,0,0,0
7178,0,0,0
7179,0,0,0
7180,0,0,0
7183,0,0,0
7185,0,0,0
7188,0,0,0
7190,0,0,0
7192,0,0,0
7193,0,0,0
7194,0,0,0
7195,0,0,0
7197,0,0,0
7198,0,0,0
7200,0,0,0
7201,0,0,0
7204,0,0,0
7205,0,0,0
7207,0,0,0
7208,0,0,0
7209,0,0,0
7210,0,0,0
7212,0,0,0
7213,0,0,0
7214,0,0,0
7218,0,0,0
7219,0,0,0
7222,0,0,0
7225,0,0,0
7226,0,0,0
7227,0,0,0
7230,0,0,0
7233,0,0,0
7234,0,0,0
7237,0,0,0
7238,0,0,0
7239,0,0,0
7241,0,0,0
7242,0,0,0
7243,0,0,0
7244,0,0,0
7248,0,0,0
7250,0,0,0
7251,0,0,0
7252,0,0,0
7253,0,0,0
7254,0,0,0
7255,0,0,0
7256,0,0,0
7257,0,0,0
7259,0,0,0
7260,0,0,0
7262,0,0,0
7264,0,0,0
7265,0,0,0
7267,0,0,0
7269,0,0,0
7270,0,0,0
7271,0,0,0
7272,0,0,0
7273,0,0,0
7274,0,0,0
7275,0,0,0
7277,0,0,0
7278,0,0,0
7280,0,0,0
7281,0,0,0
7282,0,0,0
7285,0,0,0
7286,0,0,0
7290,0,0,0
7291,0,0,0
7292,0,0,0
7293,0,0,0
7294,0,0,0
7295,0,0,0
7296,0,0,0
7299,0,0,0
7300,0,0,0
7305,0,0,0
7308,0,0,0
7311,0,0,0
7313,0,0,0
7314,0,0,0
7315,0,0,0
7316,0,0,0
7317,0,0,0
7318,0,0,0
7319,0,0,0
7320,0,0,0
7321,0,0,0
7322,0,0,0
7323,0,0,0
7324,0,0,0
7325,0,0,0
7326,0,0,0
7328,0,0,0
7329,0,0,0
7330,0,0,0
7331,0,0,0
7332,0,0,0
7334,0,0,0
7335,0,0,0
7337,0,0,0
7340,0,0,0
7343,0,0,0
7344,0,0,0
7345,0,0,0
7346,0,0,0
7349,0,0,0
7351,0,0,0
7352,0,0,0
7356,0,0,0
7357,0,0,0
7359,0,0,0
7360,0,0,0
7361,0,0,0
7362,0,0,0
7365,0,0,0
7367,0,0,0
7369,0,0,0
7370,0,0,0
7371,0,0,0
7374,0,0,0
7376,0,0,0
7377,0,0,0
7379,0,0,0
7380,0,0,0
7381,0,0,0
7383,0,0,0
7384,0,0,0
7389,0,0,0
7390,0,0,0
7393,0,0,0
7394,0,0,0
7396,0,0,0
7397,0,0,0
7404,0,0,0
7407,0,0,0
7409,0,0,0
7410,0,0,0
7417,0,0,0
7418,0,0,0
7420,0,0,0
7423,0,0,0
7424,0,0,0
7425,0,0,0
7427,0,0,0
7428,0,0,0
7429,0,0,0
7430,0,0,0
7434,0,0,0
7436,0,0,0
7437,0,0,0
7442,0,0,0
7444,0,0,0
7445,0,0,0
7446,0,0,0
7448,0,0,0
7450,0,0,0
7452,0,0,0
7453,0,0,0
7455,0,0,0
7459,0,0,0
7461,0,0,0
7462,0,0,0
7463,0,0,0
7467,0,0,0
7468,0,0,0
7470,0,0,0
7471,0,0,0
7474,0,0,0
7477,0,0,0
7478,0,0,0
7479,0,0,0
7482,0,0,0
7484,0,0,0
7485,0,0,0
7486,0,0,0
7488,0,0,0
7490,0,0,0
7492,0,0,0
7494,0,0,0
7495,0,0,0
7496,0,0,0
7498,0,0,0
7499,0,0,0
7500,0,0,0
7503,0,0,0
7505,0,0,0
7507,0,0,0
7508,0,0,0
7509,0,0,0
7512,0,0,0
7513,0,0,0
7515,0,0,0
7516,0,0,0
7518,0,0,0
7520,0,0,0
7521,0,0,0
7523,0,0,0
7524,0,0,0
7526,0,0,0
7527,0,0,0
7528,0,0,0
7529,0,0,0
7531,0,0,0
7532,0,0,0
7534,0,0,0
7535,0,0,0
7538,0,0,0
7539,0,0,0
7540,0,0,0
7542,0,0,0
7543,0,0,0
7545,0,0,0
7546,0,0,0
7550,0,0,0
7551,0,0,0
7553,0,0,0
7554,0,0,0
7557,0,0,0
7558,0,0,0
7559,0,0,0
7560,0,0,0
7561,0,0,0
7563,0,0,0
7564,0,0,0
7566,0,0,0
7567,0,0,0
7568,0,0,0
7569,0,0,0
7570,0,0,0
7571,0,0,0
7574,0,0,0
7575,0,0,0
7576,0,0,0
7577,0,0,0
7579,0,0,0
7583,0,0,0
7584,0,0,0
7587,0,0,0
7588,0,0,0
7589,0,0,0
7590,0,0,0
7593,0,0,0
7594,0,0,0
7596,0,0,0
7597,0,0,0
7599,0,0,0
7600,0,0,0
7601,0,0,0
7603,0,0,0
7604,0,0,0
7606,0,0,0
7608,0,0,0
7609,0,0,0
7610,0,0,0
7611,0,0,0
7612,0,0,0
7613,0,0,0
7614,0,0,0
7615,0,0,0
7616,0,0,0
7617,0,0,0
7619,0,0,0
7620,0,0,0
7621,0,0,0
7622,0,0,0
7623,0,0,0
7624,0,0,0
7625,0,0,0
7628,0,0,0
7631,0,0,0
7633,0,0,0
7634,0,0,0
7635,0,0,0
7636,0,0,0
7637,0,0,0
7640,0,0,0
7641,0,0,0
7644,0,0,0
7645,0,0,0
7646,0,0,0
7648,0,0,0
7650,0,0,0
7651,0,0,0
7652,0,0,0
7653,0,0,0
7654,0,0,0
7656,0,0,0
7658,0,0,0
7659,0,0,0
7660,0,0,0
7662,0,0,0
7663,0,0,0
7664,0,0,0
7665,0,0,0
7666,0,0,0
7667,0,0,0
7668,0,0,0
7671,0,0,0
7675,0,0,0
7678,0,0,0
7680,0,0,0
7681,0,0,0
7684,0,0,0
7685,0,0,0
7686,0,0,0
7688,0,0,0
7690,0,0,0
7693,0,0,0
7694,0,0,0
7695,0,0,0
7696,0,0,0
7697,0,0,0
7698,0,0,0
7701,0,0,0
7702,0,0,0
7703,0,0,0
7704,0,0,0
7706,0,0,0
7707,0,0,0
7708,0,0,0
7709,0,0,0
7710,0,0,0
7711,0,0,0
7712,0,0,0
7714,0,0,0
7715,0,0,0
7716,0,0,0
7718,0,0,0
7720,0,0,0
7722,0,0,0
7723,0,0,0
7724,0,0,0
7725,0,0,0
7727,0,0,0
7730,0,0,0
7731,0,0,0
7732,0,0,0
7734,0,0,0
7735,0,0,0
7736,0,0,0
7737,0,0,0
7738,0,0,0
7740,0,0,0
7741,0,0,0
7742,0,0,0
7744,0,0,0
7745,0,0,0
7746,0,0,0
7747,0,0,0
7748,0,0,0
7749,0,0,0
7757,0,0,0
7758,0,0,0
7760,0,0,0
7765,0,0,0
7766,0,0,0
7769,0,0,0
7770,0,0,0
7772,0,0,0
7773,0,0,0
7774,0,0,0
7775,0,0,0
7777,0,0,0
7778,0,0,0
7781,0,0,0
7782,0,0,0
7786,0,0,0
7787,0,0,0
7789,0,0,0
7791,0,0,0
7792,0,0,0
7793,0,0,0
7794,0,0,0
7798,0,0,0
7799,0,0,0
7801,0,0,0
7803,0,0,0
7804,0,0,0
7805,0,0,0
7809,0,0,0
7810,0,0,0
7811,0,0,0
7812,0,0,0
7813,0,0,0
7814,0,0,0
7815,0,0,0
7816,0,0,0
7818,0,0,0
7819,0,0,0
7820,0,0,0
7828,0,0,0
7831,0,0,0
7832,0,0,0
7833,0,0,0
7836,0,0,0
7837,0,0,0
7838,0,0,0
7839,0,0,0
7841,0,0,0
7843,0,0,0
7847,0,0,0
7848,0,0,0
7852,0,0,0
7853,0,0,0
7854,0,0,0
7857,0,0,0
7859,0,0,0
7860,0,0,0
7861,0,0,0
7866,0,0,0
7867,0,0,0
7871,0,0,0
7872,0,0,0
7874,0,0,0
7876,0,0,0
7877,0,0,0
7878,0,0,0
7879,0,0,0
7880,0,0,0
7882,0,0,0
7884,0,0,0
7886,0,0,0
7887,0,0,0
7889,0,0,0
7893,0,0,0
7894,0,0,0
7895,0,0,0
7898,0,0,0
7899,0,0,0
7902,0,0,0
7903,0,0,0
7904,0,0,0
7907,0,0,0
7909,0,0,0
7910,0,0,0
7911,0,0,0
7912,0,0,0
7914,0,0,0
7915,0,0,0
7919,0,0,0
7921,0,0,0
7923,0,0,0
7924,0,0,0
7926,0,0,0
7928,0,0,0
7929,0,0,0
7930,0,0,0
7931,0,0,0
7934,0,0,0
7935,0,0,0
7937,0,0,0
7939,0,0,0
7942,0,0,0
7943,0,0,0
7944,0,0,0
7945,0,0,0
7951,0,0,0
7953,0,0,0
7954,0,0,0
7956,0,0,0
7958,0,0,0
7960,0,0,0
7961,0,0,0
7962,0,0,0
7963,0,0,0
7964,0,0,0
7965,0,0,0
7968,0,0,0
7972,0,0,0
7973,0,0,0
7974,0,0,0
7975,0,0,0
7979,0,0,0
7981,0,0,0
7982,0,0,0
7984,0,0,0
7985,0,0,0
7987,0,0,0
7989,0,0,0
7990,0,0,0
7991,0,0,0
7992,0,0,0
7994,0,0,0
7995,0,0,0
7996,0,0,0
8001,0,0,0
8002,0,0,0
8004,0,0,0
8005,0,0,0
8007,0,0,0
8009,0,0,0
8011,0,0,0
8012,0,0,0
8013,0,0,0
8014,0,0,0
8016,0,0,0
8018,0,0,0
8019,0,0,0
8021,0,0,0
8026,0,0,0
8027,0,0,0
8028,0,0,0
8030,0,0,0
8034,0,0,0
8036,0,0,0
8038,0,0,0
8039,0,0,0
8043,0,0,0
8044,0,0,0
8045,0,0,0
8047,0,0,0
8050,0,0,0
8051,0,0,0
8052,0,0,0
8055,0,0,0
8057,0,0,0
8058,0,0,0
8059,0,0,0
8064,0,0,0
8065,0,0,0
8066,0,0,0
8067,0,0,0
8071,0,0,0
8072,0,0,0
8075,0,0,0
8076,0,0,0
8077,0,0,0
8078,0,0,0
8081,0,0,0
8086,0,0,0
8090,0,0,0
8094,0,0,0
8095,0,0,0
8096,0,0,0
8097,0,0,0
8098,0,0,0
8099,0,0,0
8102,0,0,0
8103,0,0,0
8104,0,0,0
8105,0,0,0
8106,0,0,0
8109,0,0,0
8118,0,0,0
8119,0,0,0
8122,0,0,0
8128,0,0,0
8131,0,0,0
8133,0,0,0
8134,0,0,0
8136,0,0,0
8137,0,0,0
8138,0,0,0
8142,0,0,0
8145,0,0,0
8146,0,0,0
8147,0,0,0
8148,0,0,0
8149,0,0,0
8151,0,0,0
8153,0,0,0
8155,0,0,0
8156,0,0,0
8157,0,0,0
8161,0,0,0
8162,0,0,0
8166,0,0,0
8167,0,0,0
8169,0,0,0
8171,0,0,0
8173,0,0,0
8174,0,0,0
8176,0,0,0
8177,0,0,0
8178,0,0,0
8179,0,0,0
8180,0,0,0
8181,0,0,0
8182,0,0,0
8183,0,0,0
8184,0,0,0
8185,0,0,0
8186,0,0,0
8188,0,0,0
8189,0,0,0
8190,0,0,0
8191,0,0,0
8192,0,0,0
8193,0,0,0
8197,0,0,0
8198,0,0,0
8199,0,0,0
8200,0,0,0
8201,0,0,0
8202,0,0,0
8203,0,0,0
8204,0,0,0
8206,0,0,0
8210,0,0,0
8212,0,0,0
8214,0,0,0
8217,0,0,0
8218,0,0,0
8221,0,0,0
8222,0,0,0
8224,0,0,0
8225,0,0,0
8226,0,0,0
8227,0,0,0
8228,0,0,0
8230,0,0,0
8231,0,0,0
8233,0,0,0
8234,0,0,0
8236,0,0,0
8237,0,0,0
8239,0,0,0
8241,0,0,0
8246,0,0,0
8247,0,0,0
8252,0,0,0
8253,0,0,0
8255,0,0,0
8258,0,0,0
8259,0,0,0
8261,0,0,0
8263,0,0,0
8264,0,0,0
8266,0,0,0
8267,0,0,0
8268,0,0,0
8271,0,0,0
8274,0,0,0
8275,0,0,0
8276,0,0,0
8278,0,0,0
8279,0,0,0
8280,0,0,0
8281,0,0,0
8283,0,0,0
8284,0,0,0
8285,0,0,0
8288,0,0,0
8290,0,0,0
8291,0,0,0
8292,0,0,0
8294,0,0,0
8296,0,0,0
8298,0,0,0
8301,0,0,0
8302,0,0,0
8304,0,0,0
8305,0,0,0
8307,0,0,0
8308,0,0,0
8309,0,0,0
8310,0,0,0
8312,0,0,0
8314,0,0,0
8315,0,0,0
8317,0,0,0
8318,0,0,0
8319,0,0,0
8321,0,0,0
8322,0,0,0
8323,0,0,0
8324,0,0,0
8325,0,0,0
8326,0,0,0
8327,0,0,0
8328,0,0,0
8329,0,0,0
8330,0,0,0
8331,0,0,0
8332,0,0,0
8333,0,0,0
8337,0,0,0
8338,0,0,0
8341,0,0,0
8342,0,0,0
8343,0,0,0
8346,0,0,0
8347,0,0,0
8348,0,0,0
8350,0,0,0
8351,0,0,0
8352,0,0,0
8353,0,0,0
8354,0,0,0
8357,0,0,0
8359,0,0,0
8361,0,0,0
8362,0,0,0
8363,0,0,0
8365,0,0,0
8366,0,0,0
8368,0,0,0
8371,0,0,0
8372,0,0,0
8375,0,0,0
8376,0,0,0
8378,0,0,0
8379,0,0,0
8380,0,0,0
8382,0,0,0
8384,0,0,0
8385,0,0,0
8386,0,0,0
8387,0,0,0
8388,0,0,0
8389,0,0,0
8391,0,0,0
8392,0,0,0
8393,0,0,0
8395,0,0,0
8396,0,0,0
8397,0,0,0
8398,0,0,0
8399,0,0,0
8400,0,0,0
8401,0,0,0
8402,0,0,0
8403,0,0,0
8404,0,0,0
8407,0,0,0
8408,0,0,0
8409,0,0,0
8411,0,0,0
8412,0,0,0
8413,0,0,0
8415,0,0,0
8416,0,0,0
8421,0,0,0
8422,0,0,0
8423,0,0,0
8424,0,0,0
8425,0,0,0
8426,0,0,0
8427,0,0,0
8428,0,0,0
8429,0,0,0
8430,0,0,0
8431,0,0,0
8432,0,0,0
8433,0,0,0
8434,0,0,0
8435,0,0,0
8436,0,0,0
8437,0,0,0
8438,0,0,0
8439,0,0,0
8440,0,0,0
8441,0,0,0
8442,0,0,0
8444,0,0,0
8445,0,0,0
8447,0,0,0
8448,0,0,0
8450,0,0,0
8451,0,0,0
8452,0,0,0
8454,0,0,0
8455,0,0,0
8456,0,0,0
8457,0,0,0
8458,0,0,0
8460,0,0,0
8462,0,0,0
8463,0,0,0
8464,0,0,0
8468,0,0,0
8469,0,0,0
8470,0,0,0
8472,0,0,0
8473,0,0,0
8474,0,0,0
8475,0,0,0
8476,0,0,0
8478,0,0,0
8481,0,0,0
8484,0,0,0
8486,0,0,0
8487,0,0,0
8493,0,0,0
8494,0,0,0
8495,0,0,0
8497,0,0,0
8500,0,0,0
8501,0,0,0
8503,0,0,0
8505,0,0,0
8506,0,0,0
8507,0,0,0
8508,0,0,0
8510,0,0,0
8511,0,0,0
8512,0,0,0
8513,0,0,0
8514,0,0,0
8515,0,0,0
8517,0,0,0
8519,0,0,0
8520,0,0,0
8521,0,0,0
8522,0,0,0
8524,0,0,0
8526,0,0,0
8527,0,0,0
8528,0,0,0
8529,0,0,0
8531,0,0,0
8535,0,0,0
8536,0,0,0
8537,0,0,0
8540,0,0,0
8541,0,0,0
8542,0,0,0
8543,0,0,0
8545,0,0,0
8546,0,0,0
8547,0,0,0
8548,0,0,0
8550,0,0,0
8551,0,0,0
8552,0,0,0
8556,0,0,0
8557,0,0,0
8558,0,0,0
8560,0,0,0
8561,0,0,0
8562,0,0,0
8563,0,0,0
8566,0,0,0
8569,0,0,0
8570,0,0,0
8571,0,0,0
8573,0,0,0
8574,0,0,0
8576,0,0,0
8577,0,0,0
8578,0,0,0
8579,0,0,0
8580,0,0,0
8581,0,0,0
8582,0,0,0
8583,0,0,0
8584,0,0,0
8586,0,0,0
8588,0,0,0
8589,0,0,0
8590,0,0,0
8592,0,0,0
8593,0,0,0
8594,0,0,0
8600,0,0,0
8601,0,0,0
8602,0,0,0
8603,0,0,0
8604,0,0,0
8606,0,0,0
8610,0,0,0
8614,0,0,0
8616,0,0,0
8617,0,0,0
8618,0,0,0
8619,0,0,0
8620,0,0,0
8621,0,0,0
8622,0,0,0
8623,0,0,0
8624,0,0,0
8626,0,0,0
8628,0,0,0
8629,0,0,0
8630,0,0,0
8632,0,0,0
8633,0,0,0
8634,0,0,0
8635,0,0,0
8636,0,0,0
8637,0,0,0
8638,0,0,0
8640,0,0,0
8642,0,0,0
8647,0,0,0
8648,0,0,0
8649,0,0,0
8651,0,0,0
8652,0,0,0
8653,0,0,0
8654,0,0,0
8655,0,0,0
8656,0,0,0
8658,0,0,0
8663,0,0,0
8664,0,0,0
8665,0,0,0
8668,0,0,0
8669,0,0,0
8672,0,0,0
8673,0,0,0
8675,0,0,0
8678,0,0,0
8679,0,0,0
8680,0,0,0
8683,0,0,0
8684,0,0,0
8685,0,0,0
8686,0,0,0
8688,0,0,0
8689,0,0,0
8690,0,0,0
8691,0,0,0
8692,0,0,0
8693,0,0,0
8695,0,0,0
8696,0,0,0
8700,0,0,0
8703,0,0,0
8704,0,0,0
8705,0,0,0
8707,0,0,0
8708,0,0,0
8713,0,0,0
8716,0,0,0
8717,0,0,0
8718,0,0,0
8721,0,0,0
8723,0,0,0
8724,0,0,0
8725,0,0,0
8727,0,0,0
8728,0,0,0
8729,0,0,0
8731,0,0,0
8732,0,0,0
8733,0,0,0
8734,0,0,0
8736,0,0,0
8738,0,0,0
8739,0,0,0
8740,0,0,0
8741,0,0,0
8742,0,0,0
8745,0,0,0
8748,0,0,0
8750,0,0,0
8751,0,0,0
8752,0,0,0
8753,0,0,0
8754,0,0,0
8757,0,0,0
8759,0,0,0
8760,0,0,0
8761,0,0,0
8762,0,0,0
8764,0,0,0
8765,0,0,0
8766,0,0,0
8769,0,0,0
8770,0,0,0
8772,0,0,0
8773,0,0,0
8775,0,0,0
8776,0,0,0
8778,0,0,0
8780,0,0,0
8781,0,0,0
8782,0,0,0
8783,0,0,0
8785,0,0,0
8786,0,0,0
8788,0,0,0
8791,0,0,0
8792,0,0,0
8795,0,0,0
8796,0,0,0
8797,0,0,0
8799,0,0,0
8800,0,0,0
8801,0,0,0
8803,0,0,0
8807,0,0,0
8808,0,0,0
8810,0,0,0
8811,0,0,0
8814,0,0,0
8815,0,0,0
8816,0,0,0
8817,0,0,0
8819,0,0,0
8820,0,0,0
8821,0,0,0
8823,0,0,0
8824,0,0,0
8825,0,0,0
8826,0,0,0
8828,0,0,0
8829,0,0,0
8830,0,0,0
8831,0,0,0
8832,0,0,0
8833,0,0,0
8835,0,0,0
8836,0,0,0
8837,0,0,0
8838,0,0,0
8840,0,0,0
8841,0,0,0
8842,0,0,0
8843,0,0,0
8844,0,0,0
8847,0,0,0
8848,0,0,0
8850,0,0,0
8852,0,0,0
8854,0,0,0
8856,0,0,0
8858,0,0,0
8859,0,0,0
8860,0,0,0
8861,0,0,0
8862,0,0,0
8864,0,0,0
8865,0,0,0
8866,0,0,0
8867,0,0,0
8868,0,0,0
8870,0,0,0
8871,0,0,0
8875,0,0,0
8877,0,0,0
8878,0,0,0
