{
    "model_type": "ZINBVAE",
    "timestamp": "20260115_142006",
    "use_conv": true,
    "scaling_notes": {
        "all_originals": "Normalized log counts (not used for main comparisons)",
        "all_reconstructions_mu": "Predicted mean parameter mu in RAW COUNT SPACE",
        "all_raw_counts": "Raw count data before normalization (PRIMARY comparison target)",
        "all_theta": "Dispersion parameter (theta > 0, controls variance)",
        "all_pi": "Zero-inflation probability (0 < pi < 1, represents P(zero))",
        "variance": "Computed as mu + mu^2/theta (ZINB variance formula)"
    },
    "metrics": {
        "zinb_nll": 1.4864637212887108,
        "mae": 2.2079129219055176,
        "r2": -60.13453674316406,
        "recon_loss": 1.479297614586527,
        "kl_loss": 0.0071661065941243255
    },
    "summary_statistics": {
        "original": {
            "mean": -0.0016155648045241833,
            "std": 0.5025811195373535,
            "min": -0.2490966022014618,
            "max": 14.260168075561523,
            "median": -0.2246159017086029
        },
        "predicted_mu": {
            "mean": 2.1666030883789062,
            "std": 3.4570236206054688,
            "min": 8.324565925477145e-08,
            "max": 1952.325439453125,
            "median": 1.5035879611968994
        },
        "residuals": {
            "mean": 0.057343363761901855,
            "std": 4.931061267852783,
            "median": -0.5333576202392578
        }
    },
    "zinb_parameters": {
        "theta": {
            "mean": 194.6031951904297,
            "std": 1411.9493408203125,
            "min": 4.6020111767575145e-05,
            "max": 22026.466796875,
            "median": 0.4620633125305176
        },
        "variance": {
            "mean": 124.18649291992188,
            "std": 253119.171875,
            "min": 8.324565925477145e-08,
            "max": 1298568576.0,
            "median": 8.60403060913086
        },
        "variance_to_mean_ratio": {
            "mean": 7.109375476837158,
            "median": 5.079419136047363
        },
        "pi": {
            "mean": 3.334718712721951e-05,
            "std": 0.0041967048309743404,
            "min": 9.999999747378752e-06,
            "max": 0.9999899864196777,
            "median": 9.999999747378752e-06
        }
    },
    "zero_inflation_analysis": {
        "percent_actual_zeros": 44.4040980841878,
        "mean_pi_when_zero": 5.552301445277408e-05,
        "mean_pi_when_nonzero": 1.5635489035048522e-05,
        "zero_prediction_accuracy": 0.555978582029142
    }
}