700 
5800 
7000 
9700 
22750 
29300 
36250 
40400 
40600 
51550 
52250 
55700 
56750 
58400 
59200 
61250 
65800 
72150 
80950 
93950 
96500 
101350 
102000 
102600 
103450 
104450 
105950 
106100 
111000 
112700 
113100 
113400 
113700 
114800 
115200 
115950 
117500 
117900 
125050 
125950 
126900 
127450 
129700 
136450 
142400 
145900 
146050 
148150 
149050 
149450 
149750 
150300 
151150 
151600 
152350 
155250 
157200 
159650 
161750 
162150 
163500 
164100 
166000 
166600 
167700 
168850 
169500 
170500 
172000 
173600 
175800 
177850 
178600 
179150 
179500 
180150 
180700 
183850 
184450 
186500 
187100 
188250 
188550 
189500 
190350 
195850 
198950 
199150 
202000 
202850 
205500 
205650 
206150 
206900 
210450 
210800 
213100 
214200 
214600 
215150 
218350 
219050 
219500 
220050 
220800 
223500 
224450 
226750 
227500 
228000 
228550 
231150 
232100 
234050 
234150 
237900 
239250 
245000 
245150 
246550 
246900 
250950 
253700 
254150 
255000 
255950 
256300 
256700 
257650 
259300 
259750 
260900 
261800 
263600 
265050 
265250 
265350 
267250 
267550 
269100 
270700 
271800 
272550 
273050 
273700 
277700 
278600 
278850 
279750 
282800 
283350 
284300 
288650 
290500 
291300 
291950 
292750 
292950 
294600 
295600 
298550 
298800 
299750 
300500 
311450 
312300 
313150 
313950 
314650 
315350 
316100 
316250 
326100 
326350 
329150 
330100 
333150 
333250 
333400 
337900 
343900 
344550 
346100 
346700 
351450 
351850 
352600 
354750 
354950 
355850 
356400 
370700 
372500 
373450 
375700 
378550 
381000 
381800 
382500 
383450 
387100 
391950 
392950 
393350 
393450 
394100 
399350 
400600 
425000 
425650 
433700 
433850 
436100 
436400 
442000 
449650 
463150 
465500 
466200 
467200 
476500 
479100 
480050 
480200 
480700 
487250 
491050 
493550 
494450 
scores: [5.551115123125783e-15, -5.551115123125783e-15, 0.0, 1.1102230246251565e-14, 0.0, 0.0, -5.551115123125783e-15, 5.551115123125783e-15, 0.0, 0.0, -2.7755575615628914e-14, 15.89981846697016, 19.540327791895834, 0.4516658588983944, 1.3338881167532577, 0.006692740553205567, 0.23074916927680533, 6.18376343708772, 7.773167600971135, 0.32345113750950816, 2.3869385124580376, -0.36171778258122345, 3.2252379329923144, 0.13737427453385465, -0.03267744770465697, 0.20805514495303612, 0.28795898229429895, 1.0628640432783243, -0.23470645336669804, 15.607214859530387, 10.44129865379432, 1.373329634198626, 4.6079798499037565, -0.15217448495752706, 2.3630080630020416, 0.38576349711848934, 1.9332121212473794, -0.3672557099782807, 0.7781024189232539, -0.9385181173051933, 0.22277144033444074, -1.0705431071819476, -0.12554773026482735, -0.8514214739565489, 15.691729175994979, 10.114574868325114, 1.6653345369377348e-14, 5.551115123125783e-15, -1.1102230246251565e-14, -5.551115123125783e-15, 5.9648673166435415, 14.320599894812105, 5.946188532815398, -0.14238923671129555, 1.7160777866120327, 1.470378055412624, 0.5183823383612491, 2.842943523665099, 0.5703997961649918, 1.049353968653321, 1.3067279664084026, 0.9041811176358863, 2.8298629231336463, 1.9587814047577012, -1.0755428754911804, 0.656546270857234, -0.10329689933632835, 0.22962844460676024, 3.1422139305441306, 4.7584559882114945, 1.2223407076378408, 0.4494825169624619, 0.04345649816184505, -1.0681934041347176, -0.8014488867079876, 0.3239684376273999, 0.03184867195636798, 1.4273330977146088, 0.26289569639914134, 0.3698014434344259, 0.8671607600118136, -1.5646554310083047, 0.6929772461979269, -1.821625034288445, -0.00557745441113866, 2.341040296794745, 2.4682995563855457, -0.6881563949323208, 0.04997219199981373, 0.12890400513930445, 0.37025537599680547, 0.5369775837978068, 1.5151323932649348, 1.5321511855924541, 0.38588981766105235, 0.23044089936763612, 0.14560967743619813, 0.316427642523081, -0.06321119196059044, 0.5806941194824162, 1.6841154248884322, 0.8513920886485948, 9.331808908864303, 17.82226567251061, 5.293936491192383, 5.551115123125783e-15, 5.551115123125783e-15, 1.1102230246251565e-14, 0.0, -5.551115123125783e-15, -2.220446049250313e-14, 0.0, -2.220446049250313e-14, 10.758752564546285, 22.375604729325758, 5.969456075166477, 1.1450370526479787, 0.36895113443631544, 0.34691626442389634, 3.412486384195347, 0.8509250159189037, 3.302834628867231, 1.201460419487205, 0.43735854437341004, 1.4333247343172957, 5.372877036519014, -0.015676210547042047, 1.325011905654037, 0.6147082661828449, 2.0470795441710266, 0.24472984223564254, 2.8332670446765746, 4.000033807970738, 0.9868467514983479, 0.3870133741098414, 2.50185172086492, 0.20610788268089664, 2.542776168265391, 22.963431962804805, 12.892543171128267, -1.1102230246251565e-14, -1.1102230246251565e-14, 5.551115123125783e-15, 2.494789332818801, 7.663814459292745, 2.7637271657441005, -0.7666430726111741, 0.2722559592093603, -0.12102078861408927, 1.6519630217618158, 1.2235930162250668, 0.6906343407450208, 0.20437359389251242, 0.8262250457849518, -0.0693153210446269, -0.1352502929807713, 0.029761866189645048, 0.032066246219372374, 5.655348340512376, 8.23552033062873, -2.824783159710023, 0.6646867810200092, 3.5177852881092235, 3.6413985144748153, 4.580564912976342, 5.386546096384052, 1.455159382209672, 4.412968811665394, 0.26153528264381976, 0.07772865384663419, 0.07276796981534517, 2.0604946633624763, -0.4852095469029791, 2.586490208546934, -0.09955332073587897, 5.867882978905726, 4.773814422047906, 0.976134015357232, 0.32525092351826856, -0.3252205626387905, -0.3234124957126028, -0.07883964551670886, -0.31204615752228904, -0.08268757243011748, 9.081360344117314, 15.489345770686612, 1.8676836577342328, 0.38700284851125843, 2.13160996762673, 0.8475423042581269, -1.1655151054860653, 5.327614601934812, 22.27806405603407, 12.124216497781166, -5.551115123125783e-15, 5.551115123125783e-15, 1.6653345369377348e-14, 1.1102230246251565e-14, -1.1102230246251565e-14, -1.1102230246251565e-14, 5.551115123125783e-15, -1.1102230246251565e-14, 5.551115123125783e-15, -5.551115123125783e-15, 1.6653345369377348e-14, 0.0, 1.6653345369377348e-14, 2.219041217328966, 6.645951479307051, 7.522028416014209, 7.01976773022551, 0.67976019460977, 0.8848925438863091, -2.052744975992937, 0.3699782901688309, 0.9347365008272277, 0.8725422427172589, 0.7313071706088863, -0.023095681532595336, -1.9695553815422784, 3.1242276304361383, 1.4385357348989771, 3.0672641124805295, 4.914018691713579, 2.615997314002982, 0.5652114093544469, 0.2537620682281272, 1.0320812941311601, 0.08304316621331509, 0.2699119062119735, 1.0675615910337797, -0.35988155961774737, 0.8371832976616815, -0.9890092236076384, 0.9056380082499231, -0.5144798894112341, 1.120167464004453, 0.06820207283209356, 3.0129013735482886, 0.01956178419243315, 3.6516096981005717, 4.128507943352588, 4.524688824665191, 1.708997392115009, 0.17863012478014184, 0.34898163787471503, 0.10907904777849353, -0.15751407481846513, 0.5754838203153554, 4.623441385732804, 2.49494519258549, 3.545523668701353, 3.3455854330149855, 0.0, -1.1102230246251565e-14, -1.1102230246251565e-14, 5.551115123125783e-15, -1.6653345369377348e-14, -5.551115123125783e-15, 1.6653345369377348e-14, 1.1102230246251565e-14, -5.551115123125783e-15, 5.551115123125783e-15, -5.551115123125783e-15, 5.551115123125783e-15, 5.551115123125783e-15, 14.80872462011095, 14.72064463826321, 1.7018157030260568, 1.0496428928182127, 0.7898408993431474, 0.06954234407714921, 0.2689937745245743, 1.2944786934235992, 2.000116035708089, -0.44619613433027894, 0.8880747302536918, -0.004906899049160529, 0.6059350841244964, 0.34365577606263287, 2.7728396927815595, 1.2576002037099414, 1.0380554363996026, 2.260331229416977, 5.03209408696668, 1.8551578382888465, -0.4380301528645987, 0.4343781380422911, -0.10590702429897192, 0.8954373869428309, -0.776794842994434, 0.5474934412079904, 1.2765315192854132, 1.9916886689901219, -0.8322671020102916, 1.725722508240949, 0.00789408600741126, 1.3682748373456661, 1.0263822578450572, 0.6869431206407626, 1.9609721653198449, 4.872179055718277, 0.09694510061137862, 2.255848382324473, 0.4513644482271957, -0.4274659978486284, 1.5102638708522136, -0.9440082332254747, -1.0325237118145196, 0.15472903009356287, 1.7200762480869685, 0.2929950290112515, -3.618161648609828, 2.4154722693073722, -0.3339982294893389, 3.122963383559977, 0.6539331099330639, 3.7435992304947376, 1.8165786039556338, 2.9776651184297975, 3.4591445277218895, -0.5445850594540502, 3.167745052003454, -0.3451242645418233, 4.358375898530539, 3.6333842097777733, 2.4986881195573574, 5.902021982152462, 1.248940341137768, 3.992593818640273, 4.59031659275405, 6.450235388569752, 2.4222845580744092, 8.990262082394224, 0.6412930067671141, 3.4681974826814326, 0.3343968619384441, 1.808539798328809, 0.8327855337676056, 1.9225927258894444, 0.118685295416185, 0.10373347140125588, 0.047545540171995526, 2.529543211287489, 3.457736464070365, 4.512885052880733, -1.2057786612612063, 1.3832408578156503, -0.08171202949370127, 0.5466222069131561, 0.28266276529689094, -0.595379877192471, -0.026358118814528098, 2.500110023238335, 3.319106129522254, 0.6908670306632416, 10.241019837028318, 0.6070755837096442, 3.2738530013404556, 1.6734609801158058, -0.7168792487286169, -1.39155030731348, 1.5918874346659209, 1.9459043840060133, 1.4808423914416835, 0.8714292017363618, 0.18203993132675578, 0.009577789269826553, 2.2797080303133157, 4.765052267803071, 0.47692042152169734, 1.344111083822952, 0.3111386478616396, 0.9833041431089669, 0.29154857615060337, 2.429394642663283, 0.2459363905995815, 0.4337337930239755, 0.23221331340880624, 1.7196560323762355, -0.9391257038022047, -0.04260285791283991, -1.1959481866684882, 3.1679893370682066, 2.496553691351778, 0.8780095521990461, 0.9276668150201886, 0.22832228257414044, 1.9178149401038809, -1.5641490172714043, 0.13380029125380588, -1.2610088413832727, -0.10131676655208821, 1.663366077843989, -0.01888936203306457, -0.7324455030814079, -0.04656157285739937, 0.08632606568068013, -1.282841394908985, -2.8461481420732753, 1.7327889577360338, -2.22524660706614, 1.5149317588856093, -0.04165897144395103, -0.423926401436006, 2.742898785125419, 7.5975226874097075, 6.127179219711309, -0.13737473083197926, 2.896796249308551, 2.303331034546858, 0.4732267095913585, 6.5576943376461685, 8.049755135749123, 2.231968216734945, -5.551115123125783e-15, -5.551115123125783e-15, 0.0, 0.0, 0.0, 5.551115123125783e-15, 1.1102230246251565e-14, 1.1102230246251565e-14, -5.551115123125783e-15, 5.551115123125783e-15, -5.551115123125783e-15, -5.551115123125783e-15, 0.0, -1.1102230246251565e-14, 5.551115123125783e-15, 1.1102230246251565e-14, 0.0, 5.551115123125783e-15, 1.1102230246251565e-14, -5.551115123125783e-15, 1.6653345369377348e-14, -5.551115123125783e-15, 1.1102230246251565e-14, -1.1102230246251565e-14, 0.0, 0.0, 5.551115123125783e-15, -1.1102230246251565e-14, 1.1102230246251565e-14, -1.1102230246251565e-14, -1.1102230246251565e-14, -5.551115123125783e-15, 5.551115123125783e-15, 2.7755575615628914e-14, -1.6653345369377348e-14, 2.220446049250313e-14, -1.1102230246251565e-14, 14.896660429297143, 21.82708983844401, 3.4112432070023146, 2.8813783027981685, 0.9798795515073948, 2.337014014386, 5.19842582221429, 1.9947667981862764, 0.15638882923562392, 0.5048014688478872, 0.018433331485596227, 0.3446533195168513, 1.7785646296143511, -0.1631377867037429, 2.8055589610434453, -0.7221333150768317, 7.066563883450783, 0.3681467368402025, 3.0695405812915055, 2.276925192885642, 0.13468121077525552, 0.04022980698778156, 0.15086209421883723, 0.01119349674172554, 0.826360310462178, 6.012999407491378, 1.7950836601971218, 0.848939151238028, 0.42931983185661693, 2.6256183853645325, 1.6502510365406806, -0.48071026701882147, 1.8175041402386967, 0.5555374206707882, 1.1751847217068416, 1.095526168005108, 0.7289586635570231, 3.0729258531342794, 1.7002562455389523, 0.14533602949899205, 0.499400995888891, 0.737496035151878, 0.004190408979411586, 1.870636490609371, 2.518959080515998, 2.274290254263235, 1.3245605275184857, 0.6270481288111682, 0.10150866775171608, 0.7414713501346739, 0.2854299259068398, 8.778927914880718, 6.31107739455166, -5.551115123125783e-15, 5.551115123125783e-15, 0.0, 1.1102230246251565e-14, 0.0, -1.1102230246251565e-14, -5.551115123125783e-15, 0.0, -1.6653345369377348e-14, -5.551115123125783e-15, 5.551115123125783e-15, 0.0, 5.551115123125783e-15, -5.551115123125783e-15, 5.551115123125783e-15, 5.551115123125783e-15, 5.551115123125783e-15, 0.0, 0.0, 0.0, 0.0, 1.6653345369377348e-14, 5.551115123125783e-15, 0.0, -5.551115123125783e-15, 0.0, -1.6653345369377348e-14, -5.551115123125783e-15, -5.551115123125783e-15, 5.551115123125783e-15, 2.220446049250313e-14, 1.6653345369377348e-14, 5.551115123125783e-15, 0.0, -1.6653345369377348e-14, 5.551115123125783e-15, 0.0, -5.551115123125783e-15, 0.0, 5.551115123125783e-15, -5.551115123125783e-15, 5.551115123125783e-15, 0.0, 5.551115123125783e-15, 11.639609808936711, 11.917518597503545, 0.11196594859410425, 0.44429128407119833, 0.6206868212195786, -0.2355929225032014, 0.19784306147209918, 0.3592089507155265, 0.5662225373165484, 0.798245154575568, 0.5174101534233273, 0.5593887783160767, -0.5083813655031406, 0.11629527656458549, 0.6505703787271102, 3.4914782095114845, 1.483967764339809, 0.8294460292978556, 1.0460536054492309, -0.22615077996334776, 0.39456113994782527, 0.4354834197534956, -1.56540256370522, 3.4704828404028376, -1.3504465905451752, 1.4665125504602088, 0.3004268448843277, 0.04174409441822036, 1.2468275054612263, 0.7774014775136493, 0.6305248645440429, 1.6590209161793155, 0.27672929721882156, 1.6781055420759685, 22.319918503458297, 22.426259397979678, -1.1102230246251565e-14, 0.0, -5.551115123125783e-15, 0.0, -5.551115123125783e-15, 13.399474624399282, 12.689676683209548, 4.852436009802759, 8.92892645202057, 1.2255150704267699, 1.1102230246251565e-14, 5.551115123125783e-15, 0.0, 0.0, -5.551115123125783e-15, 14.469667558341825, 14.788187422498424, -0.10089397351390517, 0.24846260918684493, 0.2750995845854618, 9.994674691867147, 7.068408482804955, 3.0843963944712414, 6.62801807008168, 0.04548136267811742, 0.1544414501636311, -0.7042540528876771, 0.7486780772003385, 0.22964950507190451, 1.1811919859167688, 0.6068546156315051, 2.5542312113446997, 1.0625503192375163, 2.5884684577194434, 2.1291931197895337, 4.739498867345048, 0.3455971035599532, 0.17159268338372158, 0.25237128398362074, -2.4442250344336003, -0.17242603908891851, -0.2734624383902542, 0.689034604052722, -0.38839253334685964, 0.336529933884151, 0.3977373628381997, -0.8973688261019106, -0.29139810224739904, 0.13077300160171035, 2.1052460351573927, 2.3321488402031605, 1.7916389088028382, 0.6163172502566567, 1.6577918555997826, -0.08528073857161189, 0.06235906583509632, 0.01670482886464697, 0.8101802005214154, 0.30576361383606354, 1.778201026855072, 0.5879510488186384, 1.4005530390573426, 0.23009609738772951, 1.0101793089891657, 0.564596069564061, 0.0881524043525701, 0.009136172623527727, 0.14307345920536818, -0.5647975715023676, 1.1830101797516477, 0.9500720432167782, 7.1602224858454235, 0.00615933995868545, 3.406541618615165, 0.8429448990713126, -0.18139707179454945, 2.8033621557389097, 4.557081299128555, 1.2262446238458438, 2.3935356938384302, 3.293079229763123, 0.7819827994784987, -0.4844268751735399, 0.7762368366910835, 2.860776429362801, 2.170398184486544, 6.393881571037099, 0.9569598882863488, 1.4643445389191072, -0.6745099935911583, 0.2806001600332877, -0.09772592794027446, 0.40994480405697686, 0.06202229387980651, 2.372614375286247, 0.39947160427723816, 1.395236613656195, 0.3227152457111515, 0.8747394796424857, 11.117773065861329, 4.787501075268487, 1.2902803492109953, 1.2609709860805065, 1.2897481035788019, 5.551115123125783e-15, 5.551115123125783e-15, 1.6653345369377348e-14, -1.6653345369377348e-14, 1.2495263260855811, 2.2218608403655686, -0.00034373643565288603, 0.19131979833772306, 2.1710019102519738, 1.7409284499316868, 5.273366942047666, 0.26629979195254094, 4.737327183356172, 0.10557773283969141, 0.2415019136998069, 1.1875174223990541, 0.2667950032611657, 0.12370012702521649, -0.5412614582948265, 0.4308813774346021, 0.07734116471532104, 3.7289605569652906, -0.01731042646302683, 16.2099690871365, 10.061850800105475, 5.793401770940449, 14.615154639105981, 1.1326177564240538, 1.6905946896106059, 0.46981559411253926, 2.978909345886237, 0.6768633232791714, 1.085238728052417, 7.440772576123663, 19.562010735516225, 13.200874112989823, 0.6417099048026103, 2.110581506762344, 0.8662452986084759, 2.381138423491336, -0.052859388291324194, 1.056047865464393, 0.8540958953087738, 0.05220608819672634, 3.010062332764562, 2.7852807944416327, 1.670549145248117, 0.10645598395626621, 0.061849101810992124, 0.5108002775461387, 1.038162745774173, 1.0626123799650031, 0.2694870689295499, 0.15758730385982744, 0.5255597377491767, 0.03638585030836339, 1.3577364057449017, 0.3929254901141803, 1.0340668546955953, 1.0434893911191239, 0.5089665567635393, 1.8010327151509955, 4.173426667153308, 5.493279324626343, 1.1003658766942976, 0.2940051745176788, 0.06970711993852774, 1.6402850000064717, 0.7149428135559646, 2.7616924170393133, 1.5627378988750138, 2.6882957513016237, 1.7473488938705657, 3.97278142696166, 2.619657205262058, 0.013226695344513928, -0.11247541853961707, 1.962194869478111, 0.20304325017383462, 2.164723971892755, 4.721787011386311, 7.818767184898746, 2.4375533685837922, 6.287963287174193, 0.028529818342803992, 4.8186484822034, 2.905625896121876, -0.12923291497008904, 0.40090740647536904, 0.46573498621296494, 1.7223980312774074, -0.00010898609667719938, 4.368537115309266, 6.713087517179929, 4.863267560091288, -0.1961241635437716, 1.294633068780854, -0.5485264971993331, 0.780350202537818, 0.08566012074678042, 0.09719310622347166, 0.3388084547398478, -0.13606153407346255, 1.2669800097576172, 4.731823570783092, 7.539110106326518, -2.8792923007511035, 0.4813752000938507, -1.2227706962029288, 0.9409856300624142, 0.983707406821793, -0.5699193045999209, -0.6967372943535111, 0.3649556949520161, -0.6089989074871482, -0.6363202923187714, -1.1999526511719978, 22.780730018064105, 17.806221047399646, -1.6653345369377348e-14, 19.167325502621082, 22.674648962262197, -1.5248121229226115, -0.04083012132178965, 0.07000704483715481, 0.15687023063458128, 1.7825912948484302, 0.4874120256869787, 1.259419926465057, -1.8149568348410412, 0.8047859203605299, -1.1411144103722677, 3.7133923948142638, 0.8305416804745391, 4.078892516506926, 9.214495487894794, 1.738354186863944, 1.3569826586502813, -0.35480706911681636, 1.298136210453407, 0.6765754524328145, 1.1592574311398494, 0.6149946539993607, 0.39205484916615774, 0.40702939417013795, 0.10826397234717433, 0.20507290636305697, -0.09330993750165817, 1.3534391903551466, 3.1151591750244165, -1.8450002206535316, 3.4530677472959894, -0.39108775193733436, 0.02827684916906037, 1.8644823464514673, 0.6301664262084614, 1.7278734497407413, 2.1971704110158043, 0.4623846889315075, 3.0469143606230205, 0.3226784378356342, 0.530288588319479, 1.1989990941037263, -0.03754911963028462, 0.09330160628766748, -0.4208935409238279, 0.6427554168592735, -3.186675047641131, 0.32511623132825207, -2.1321314755534218, 1.0633369348817894, 1.6296481650095984, 2.8728912707831, 3.3544330702216882, 1.1374459377200878, -0.8853252304145371, 0.3723699311087785, 4.0928956702777555, 2.017331015594067, 3.899018270224616, 1.9551849162730832, 0.4742953281407267, 0.7279622254567926, 0.26392838371023686, 1.8524982579230596, 1.6988104653243, 2.8600652298970886, 0.45185296588977053, 4.969252356627294, -1.0748865835936385, 2.7378148382269387, 0.8481017602104544, -1.8427055694994579, 0.44550676949933177, -1.7864835103289067, 0.1764218896359182, -1.904103216123275, 0.5324999215711159, 0.6619543511540655, 0.1698166504409926, 0.4192681167051546, 0.8466966924677308, 0.30248556805739213, -1.2898285237011464, 0.3145699352017175, -0.9198301935851703, 1.9870369824386955, 4.102158527890026, 0.058204360308991454, 2.7348090746569937, 5.51913017677964, 1.3580505077679277, 0.6338435736574866, 2.3140530759839066, 3.691842068400547, 2.2521931685264462, 0.6954414319147304, -0.38621517962411644, -0.205354480585072, -0.37164321523732724, 0.4944033364246252, 0.48494981219104716, -0.007189132208168303, 0.07094150906351615, 0.8503525860776904, 0.39078683920911317, 0.7720543927872257, 1.8157085801393578, 0.9571815427747197, -0.8623992468677955, 1.0400138892482857, -0.2808515278483128, -0.03695882291680164, -1.1707326287304625, 0.5074919881874678, -1.117610434036152, -0.4423333809584449, 0.8042419373651057, 0.5950717109483037, 2.483567065175123, 1.001774856733448, 1.5532727961832506, 1.9218593962455373, 0.8282667257639389, 0.9840016686428044, -0.03516185907537306, 0.28518248635941745, 0.034859971239285414, -0.11799929546123167, 2.9500541343025475, 1.9050065156791334, 1.0949219234602197, 0.9803203264940521, 0.6958220600461118, 0.7244532898987472, -0.0689028595278387, -0.10152977214511338, 0.7251182060799124, 0.3193273942089263, 0.9360959344598996, 2.5792229088211798, 1.9433261671490527, 1.8200024431419592, 3.4974007926750232, 0.23274067328665637, 1.2182466001924297, -0.33283932039302044, 0.01353557272025796, -0.0496790270461247, 0.6903069243992377, 0.40108408868059087, 0.761387704594938, 0.7712299916858569, 3.0293810591331294, 0.06902469728515825, -0.06241106186860179, 2.644571688743099, 2.4296803339384496, 0.7321490852381203, 0.5429877097374742, 2.2822555121795745, 3.469839519296329, 3.8948781566122648, 2.244321630611978, 0.3956319449138732, 4.481062256559426, 1.5284576380424255, 1.2855172483064052, 0.42269211138409446, 1.747540236310499, 0.8686411242715621, 1.9055465472846436, 3.0859173518556418, 3.3203556891336916, 2.3503626887583096, 0.21783352099083686, 0.010926776721476017, 16.91248651032828, 12.688714514833165, 2.220446049250313e-14, 1.6653345369377348e-14, 6.848645111707732, 8.952277017658297, 0.9933600202682555, 4.465304263302215, 2.484924448124872, 1.1973853410007678, 0.33957271383405896, 0.588900042809712, -0.317146154142506, 1.1326105631049757, 0.4440273268332646, 0.6344980335251478, 4.542807646289134, 11.24362137379157, 0.5253510776594226, 14.605124406386594, 1.6167228200991133, -0.21463122107746813, 1.164701485366976, 0.32400125021996473, 1.3902275158938835, -0.9679791167568226, 0.12693492419143126, 1.0652815883970845, 1.2100394518572557, -0.053816104785710195, 0.47568629984886, 0.23873521668278386, 0.8108071092878788, 1.13692283409992, 0.5250113387942292, 1.950664892180498, 0.974338193424785, -1.2226481882079838, 14.984684274930856, 15.35217830936952, -1.1102230246251565e-14, 1.1102230246251565e-14, 13.455351147421503, 22.22705255689968, -7.14952184885891, 0.7829957361233255, 3.9113419373271654, -0.8674224220387714, 8.534650950325101, 4.886554522355709, 2.5306553215734198, 5.723551951113393, 0.500759475869927, 5.590213562613826, 0.7106001926069325, -0.027816504327205394, 1.578866288608026, 22.24522727698033, 17.29509352125754, 0.0, -5.551115123125783e-15, 1.1102230246251565e-14, -1.6653345369377348e-14, -1.1102230246251565e-14, 0.0, -1.1102230246251565e-14, 5.551115123125783e-15, -1.6653345369377348e-14, 5.551115123125783e-15, 5.551115123125783e-15, 0.0, 5.551115123125783e-15, -5.551115123125783e-15, 1.1102230246251565e-14, -5.551115123125783e-15, 1.1102230246251565e-14, 0.0, -1.1102230246251565e-14, 2.220446049250313e-14, -1.1102230246251565e-14, 1.1102230246251565e-14, -2.7755575615628914e-14, -5.551115123125783e-15, -1.6653345369377348e-14, 1.1102230246251565e-14, 1.6653345369377348e-14, 0.0, 0.0, 5.551115123125783e-15, 5.551115123125783e-15, -1.6653345369377348e-14, 5.551115123125783e-15, -2.220446049250313e-14, 18.55411235307274, 17.02400970127414, 0.2502334811107403, 18.814907571114986, 15.775754505281512, 1.1102230246251565e-14, 0.0, -1.6653345369377348e-14, 5.551115123125783e-15, 0.0, -5.551115123125783e-15, 3.885780586188048e-14, -1.6653345369377348e-14, 3.3306690738754696e-14, -5.551115123125783e-15, -1.1102230246251565e-14, 5.551115123125783e-15, -1.6653345369377348e-14, 0.0, 0.0, 5.551115123125783e-15, -5.551115123125783e-15, -5.551115123125783e-15, -5.551115123125783e-15, -5.551115123125783e-15, -1.6653345369377348e-14, 1.1102230246251565e-14, 5.551115123125783e-15, 0.0, -5.551115123125783e-15, 1.1102230246251565e-14, 0.0, 23.45117467020006, 25.402831099338613, -0.007191681958488516, 3.30937106965348, 0.2672891736727365, 1.047517611665512, 0.6627829452003198, 0.4669972346009672, 0.15510934687841882, 0.03779692456009798, 0.8435551126776772, 0.4088221431876491, 0.5994284097283753, 0.01919633566893708, 0.5896826126509609, 0.046220347856461785, -1.1482231883376812, 0.683233132168283, -1.0313053403972106, 3.0634990531841026, 1.6610193481748752, 2.684205205620799, 19.782368903201444, 17.268917866176338, 1.1102230246251565e-14, -1.1102230246251565e-14, 2.7755575615628914e-14, 0.0, 1.1102230246251565e-14, 0.0, 5.551115123125783e-15, 1.1102230246251565e-14, -5.551115123125783e-15, 9.55469349328876, 12.272065821949823, 2.5376498346564915, 4.37377172128609, -0.473012775910604, 3.0812790453059904, 0.7322059396054499, 0.3139277939007741, 0.9815162779024149, 1.646573198531712, 0.28419767312470867, 0.29512278551135296, 0.7652388988689154, 0.208329874904166, 0.7932869850646398, 0.7143580604202384, 3.8616383847293605, 1.2149966232224187, 1.085280958451449, 0.25622836515668723, 0.7335131063124436, 0.5517809048761819, 21.289145612256306, 15.070714620733867, 0.0, 0.0, 5.551115123125783e-15, 0.0, -1.1102230246251565e-14, 1.1102230246251565e-14, -5.551115123125783e-15, 5.551115123125783e-15, 0.0, 1.1102230246251565e-14, 1.1102230246251565e-14, 1.1102230246251565e-14, 0.0, 12.079612837936374, 28.418747101467318, 10.42696818548984, 6.440283789206433, 8.68985536896804, 0.30676607953068924, 1.0269715875480188, 0.35545238132905865, 0.5084747693937572, 0.60396310847716, 4.891806535381306, 0.5404997630644175, 1.426299132658528, 0.292056023794828, 1.5526836959093089, -1.32768364424021, 0.06919072869465026, 1.4908012773995551, -0.05976485030925005, 0.1205022004042462, 0.8562978822299385, 0.20677583806411803, -0.09700978787381587, 2.6674574359128087, 0.14670529789484021, 3.363443320013573, 0.16929488723897634, 0.5001621114593604, 0.631750034274944, 1.0898898774661347, -0.9465656568403915, 0.07037955545013119, -0.18925508073209585, 0.4159723959194821, 3.7611778622583643, 1.1762391888249795, 2.2528227792853386, -1.4678485880400558, -0.5882083745008231, 0.17467429614066532, 0.046979849474325874, 0.1533464427332092, 21.7089156448491, 15.249286439170845, 16.44632192203568, 14.025326259834713, 2.3680184783478637, 0.6043867653544908, 1.5248121633704557, 2.7769789068452155, -0.2803100465173429, 1.923737949438646, 2.591459282206131, 0.34770987114882246, 1.6292457162681444, 0.19116030479341362, 0.30149337431953427, 0.1627158365677701, 1.618299595157339, 1.396902526561746, 0.42219448907246715, -0.04622838933971707, -0.8199188438835563, 0.2545128819862157, 1.9753812491119334, 2.3208564109844474, 1.481022543192978, 1.3405495026751169, 0.20746276452746315, 0.7190110557768321, 0.9016158142516133, 0.18871306759905337, 0.9072488125102609, -1.415967800097576, 0.284450514380751, 0.3095357405577488, -0.3468037724734927, 9.857222267456507, 1.4850218836265299, 4.363392976541093, -2.812207196852512, 2.248938007109473, -3.2269263645740125, 3.565861321124828, 1.5296539127766664, 0.03642630215375675, 2.1152359481483245, 0.022013094219005325, -1.0906296176916612, 0.13300590043695593, 1.0212925896096294, -0.006970321029939441, 0.052662642444374796, 0.03255028941009641, 0.08444806837303531, 0.32648784524957364, 0.8749432044685364, 4.027018507747528, 2.522595198916747, 7.215889095326929, -1.2793524316110734, 3.182231191427718, -0.02114952561589689, 0.7822252898808415, 4.22060336106415, 2.057953226835025, 3.2587331536683735, 0.03231374079575744, 2.1919197727131063, 2.7099560460437715, -2.107116361725957, 0.15976211179139455, -1.184356633066102, 1.0071637473749604, 0.24497029695157835, 0.9635098956012769, 0.07553651869051237, 0.4025254686988262, -0.014039124601623598, -0.44724338232555283, -0.1792008648474166, 1.0029612512087738, 4.8321102118015915, 0.04288948963846906, 2.715284548308773, 1.0810943169244638, 1.0568885375941477, -1.0099771214669886, -0.7047365055643127, 0.19427711528339842, -4.277337475874788, 2.3963869431750595, 3.0826753111376206, 20.600774956027664, 17.319211434712884, 0.2689593281915066, 0.5031549511129185, 1.9356915529170209, 0.2206800937077844, 1.9364685255092695, 0.19465270795755174, 2.2942122836660346, 0.815281707635414, 2.2947078709775113, 4.813791010754471, 1.2369352968330123, 14.737758941884863, 16.182121208919, 0.1566783191532295, -0.11005514848312714, 6.251180771992665, 17.780186578267305, 4.541031403200375, 5.551115123125783e-15, -1.1102230246251565e-14, 1.6653345369377348e-14, 0.0, -5.551115123125783e-15, 1.6653345369377348e-14, 0.0, 5.551115123125783e-15, -1.1102230246251565e-14, 0.0, 5.551115123125783e-15, -1.1102230246251565e-14, 1.1102230246251565e-14, 5.551115123125783e-15, 0.0, 5.551115123125783e-15, -5.551115123125783e-15, 5.551115123125783e-15, 1.1102230246251565e-14, 5.551115123125783e-15, 1.1102230246251565e-14, 5.551115123125783e-15, -5.551115123125783e-15, 9.4911511535636, 15.968574565802726, 1.2234017456543427, -1.8943233239260735, -0.021748314197338914, -0.20090462800436626, 3.682342350772558, -0.35262473103148295, 3.6972836853464344, -1.5228441463029867, 4.785034813930565, 2.573543162882686, 1.0733213142291902, 3.7913431826478927, 0.037007156549179854, 0.030560743974092475, -0.16398081114084562, -0.18518483545727804, 0.5644040989645305, -0.3147874476169932, 4.758527585612285, 0.22055496630042626, 2.357987068636163, 0.2803628512491514, 0.14334921952047353, 12.905858008832297, 9.738390967750014, 1.6653345369377348e-14, 1.1102230246251565e-14, -1.1102230246251565e-14, 0.0, -1.1102230246251565e-14, 1.1102230246251565e-14, 0.0, 1.1102230246251565e-14, 5.551115123125783e-15, -5.551115123125783e-15, 5.551115123125783e-15, 5.551115123125783e-15, 5.551115123125783e-15, -1.1102230246251565e-14, 0.0, 1.1102230246251565e-14, 0.0, -1.6653345369377348e-14, 1.6653345369377348e-14, 5.551115123125783e-15, 5.551115123125783e-15, -1.1102230246251565e-14, -5.551115123125783e-15, -2.220446049250313e-14, 5.551115123125783e-15, -1.6653345369377348e-14, -1.1102230246251565e-14, 0.0, -1.6653345369377348e-14, 5.551115123125783e-15, -1.1102230246251565e-14, 5.551115123125783e-15, 5.551115123125783e-15, -2.220446049250313e-14, -5.551115123125783e-15, -5.551115123125783e-15, 0.0, -5.551115123125783e-15, 1.6653345369377348e-14, 1.1102230246251565e-14, 5.551115123125783e-15, 1.6653345369377348e-14, -5.551115123125783e-15, 1.2939242262479969, 2.3999604490913065, -0.011280426476456995, 2.387698247720568, 1.2128611572126307, 1.6653345369377348e-14, 1.211822324665933, 1.2132148602596367, 1.2417216574046783, 1.2324536254824583, 1.2483709818314548, 1.2405225520743635, 1.2437813845120562, 8.59254734127552, 19.896089672493588, 9.576529911989724, 3.630466343517071, 2.5962597161247345, 3.9015173019714666, 0.9069955990974563, -0.05012449294167709, -0.10642461350255417, 1.6697143579883686, -0.35469930017632123, 0.7541424206044667, -0.21303125486221575, -0.2288411412223752, 0.32523861909612606, 0.5143207545127098, 2.7780124933534296, 0.025226009890559453, 0.07869484017481909, 0.05738313517969118, 0.8902274669356984, 0.568036872216453, -0.1202530474909338, 0.5546724078868408, -1.0509489543921973, 0.4574891601920399, 2.1666479544967956, 0.21659501167340522, 1.001929526619449, 2.525493789267159, 1.4565763723570058, 4.283974004927472, 1.9612117731496426, 12.885782247439693, -1.6230672866620353, 3.847948423869809, -0.08965882576046624, 0.09379634018978322, 0.8950531095488259, 2.529474158853617, 1.4278495763458636, 17.53192133417643, 14.513440922227872, -1.6653345369377348e-14, 1.6653345369377348e-14, 5.551115123125783e-15, 15.68866913798719, 18.899575069201717, 3.575699681373237, 0.5208517532470296, 1.594675933467954, 0.8166760314576322, -0.05203922033950903, -0.2227888065253012, 0.9559371280032849, 0.06341303009719468, 0.9489843507848263, 0.3964237245272102, 2.544436596405376, 0.10620522394782483, -0.005868981814387553, 0.1173238450575127, 0.09393493220892424, 0.6460538523894854, 0.8593152114552538, 0.1856261301619213, 2.5921052320906597, -0.9269979715473937, 1.6858537306502512, 5.902947457113299, 5.317356201660857, 0.48683277803996816, 0.21756844880351878, -0.273208991358473, 0.7667048670420584, -1.2544137138731628, 1.434131847139838, -0.2460340670019434, 0.8984700543600042, 5.060175543527869, 3.4350399483635243, 9.269916489423835, 13.717847228619135, -3.7853247906594447, -0.208439830828695, -0.2742058528675102, -1.2093308201961577, 0.9475793450293679, -0.7228254934018423, 1.9689166781213316, 0.7958819542268998, 0.19732719920909858, 1.9896580178108252, -0.15008530362092642, 1.5345213542302076, -3.3306486146396708, 1.6584303371451483, -0.2991560986034756, 5.531209113515956, 1.4180351953108072, 1.419139890693316, 4.602040822712041, 8.056261254418231, 1.2238694652604227, -5.551115123125783e-15, 5.551115123125783e-15, -5.551115123125783e-15, -5.551115123125783e-15, 0.0, -5.551115123125783e-15, -1.1102230246251565e-14, 0.0, 0.0, 0.0, -5.551115123125783e-15, 5.551115123125783e-15, -1.1102230246251565e-14, 1.6653345369377348e-14, 1.6653345369377348e-14, -1.6653345369377348e-14, 9.90692407217648, 16.94911672878179, 3.1950502459655468, 3.9740809162304913, 1.0381025243952422, -1.5543106407407095, 1.9488406523731214, -0.04032447062991196, 2.8682582261309335, 0.23320087938736833, 1.9247943742644225, 0.01690881009238865, -2.5045240294653013, -0.43034575981971557, 3.1169215233154546, 2.046776504121908, 0.5347556845015902, 1.2039462613435035, -4.11475401533454, 0.2259881760743383, -2.0044050063131635, 1.643551339154783, 0.5381882325633569, 5.9076087750790975, 4.230141930099364, 0.050777955586340795, 1.7913954094925089, 1.7304838094672164, 0.12628474243285837, 3.6066859650171637, 0.4964165060789014, 3.2599998132171777, 0.8158556335363869, 1.7187945545402386, -0.18725125659699415, 0.4188729776867035, 0.9022480256949734, 0.13711913792081987, 2.5402983449440626, 0.9274316837752394, 1.9157651972606118, 0.5629351872079269, 5.092258683415537, 3.745499196351034, 3.3976430895841077, 3.0599680136789402, -0.3722806524879161, -1.2545747818589348, 0.44388073466194555, -3.2013722476253292, 0.9458826270152372, 0.5477157796318011, 1.9886715471919842, 1.5549205613154982, 1.2739166165113147, 0.38448958403125744, 3.497366072738032, 21.258052688138292, 21.182996811104033, 0.0, -1.1102230246251565e-14, 0.0, 5.551115123125783e-15, 1.1102230246251565e-14, -5.551115123125783e-15, 4.359576286168508, 11.240076170661226, 3.564239977207478, 1.8249852435726837, -0.03401485910310953, 0.6360922051939326, 0.16775285121579486, 0.2025619785228514, 1.3866130623569575, -0.53022808428031, 0.7688622654067956, -0.3902598419785477, 0.23154252173762302, -0.554845965181272, -0.0018993430410887413, -0.2897469636073424, 0.881562606093695, 0.09033311897925955, 1.0571346388584288, 0.05775377791729852, 3.0074817815153665, 5.245735477643166, 1.2998119486197766, 5.454239449080376, 0.11107353747004822, 0.5077272190594613, 1.0263498865108716, 0.0439772417078359, -0.20847788440030968, 1.0473036084900684, -0.29884332632406085, 2.5479676650733722, 1.707899707561296, 0.3239385261837242, -0.7432347842297418, 0.23951942789105374, -0.49431479932724187, 0.46570762160155255, -0.1631863499099495, 1.4980387639140247, 0.07354598268619839, 0.9836437526395798, 0.08647123999483597, 0.17609422337034175, 0.14323270755869544, 0.2657272779690629, 0.018663389520099827, 1.033212427296462, 1.5057444543928682, 0.5741217254002322, 0.948198646971548, 0.8592096402240088, 3.029986699024306, 1.3503434155661296, 1.5105762733234656, -0.050111910662280934, 0.025954045642635037, -0.7917678786833733, 0.6978146547327242, 0.3746378210848036, 1.6342672456289051, 0.39044224294821106, 2.3976386600537296, 4.417569104079348, 0.6261761431940727, 0.0033036973792377466, 0.1710240900577844, 1.2528970964959854, 2.106894715057308, 1.0046212399126375, 0.08643491233681289, 1.6078744354302614, -0.7555408494369544, 2.854999809568085, 0.3450512823740155, 1.6773614702258328, 3.729615638606674, 2.0631472456959727, 7.379011760626611, -1.1441593165673112, 2.656986184568609, -0.13069257449205907, 1.4790813726747558, 1.5917999980852642, 3.192525257348507, 1.9612229337969325, 3.167360697844117, 1.1112478282253733, 0.8907083991056197, 0.4267611943011502, -0.4227147299667422, 0.1576711827683539, 0.5003415166777927, 0.07181699403787434, 0.6405793569604157, 0.4675575566873249, -1.499370566255152, 0.7570849978226306, 0.5491756238424159, 0.4811697364951897, 0.5049720183935733, 0.07630659566757458, -0.15647127563880758, -0.05199762224197002, 0.6729272423537793, 0.7271440047474869, 1.6822644329893706, 1.9614123425863, 0.5842728366408494, 2.1448316465072708, 3.876256887725731, 0.12907208639541068, 0.5649102157191237, 0.3376166518095829, 0.5749823087433299, 0.8752172608369904, 0.10894785362054904, 3.479386131519192, -0.42574092407184594, 1.1416846617800047, -0.8066122593011187, 12.645673682425752, 13.613798845835248, 1.1102230246251565e-14, -5.551115123125783e-15, 0.0, -5.551115123125783e-15, 2.220446049250313e-14, 15.286831286933747, 18.331159247368845, 2.5824204326546294, 0.22097399009055607, 0.14088027738819164, 0.5485772312624704, -0.5892828118992952, 0.7764759956473597, 0.14270191505011098, 0.12407083686835563, 0.10631261419007387, 0.19283873704665666, 1.1030785203785172, 0.14958768208606443, 0.28381827546655813, 0.7818830963344112, -0.23758439355771088, 2.471914788946492, -1.3635143534887675, -1.8126153057268652, 0.4899681499636017, -1.6052213159806286, 0.8061549895769531, -0.8684758421797198, 1.9704982011354275, -0.0952769145504817, 1.5042167698963453, 2.0447548658508197, 0.2578655875085474, 0.5266546555768628, 0.05900175209410463, 0.951590472006842, 0.15896624657094094, 1.6853295363996494, -0.838542014914708, 2.7719331756973133, 2.6450085567873316, 0.19391085192711444, 0.06511320643994623, 0.09010981536130203, -0.24328270995886214, 2.298816682072413, 3.8813155640349066, 2.5079303215682103, 10.042794749490042, 0.25239652216703234, 5.074444405645693, 0.9624831071327549, -0.06915891097230542, -0.2926165431604488, 14.691341718440825, 14.273481447333403, 0.0, 8.290262372299566, 9.415127338728283, 0.09830101730105412, 0.6975269428427282, 1.5844239577149892, 2.3106004410334435, -0.5327840907305301, -0.12464679510105725, 0.14514758586247467, 0.5784606888463486, 0.06489383478202626, -0.5978015989289815, 2.2273607195785416, 1.025690731875784, 1.762103440272881, 0.7491862253194768, 13.224865698369626, 6.310954811930401, 1.1743334439725572, 1.082255402084627, 1.9551194633373825, -0.9372102644969686, 1.5091831671267641, 1.182674121214177, 0.04675783672803391, 0.24744064279326494, 0.30357751118401666, 5.344709543013209, 8.665372292498091, -0.9264093614425519, 9.072739231355229, -0.24317115739358997, 0.5012654815353699, -1.1447480781936576, 15.325906064369548, 13.781576758070116, 0.0, 5.551115123125783e-15, -1.6653345369377348e-14, 1.6653345369377348e-14, -1.1102230246251565e-14, 5.551115123125783e-15, 1.6653345369377348e-14, 0.0, 0.0, 16.449797839765054, 17.77755509548504, 1.0591736055882848, 0.11928803672151389, 1.733352615245451, 5.41269534542846, 1.1632748527634362, 5.287303105086835, 0.8287442594797199, 0.8179956025039132, 0.45778700736900646, 1.5547612308865268, 3.9210469341466307, -0.3748677638906486, 0.9299734559345296, 0.741205447253833, 0.23726316287465465, 6.551600737626643, 2.5361466180953016, 3.1405049013659436, 1.5609862507168941, 3.426163482118625, 2.0563573796860624, -2.9978977915390033, 0.6915924203200916, 19.464275842404845, 19.644373850421502, 5.551115123125783e-15, -1.1102230246251565e-14, 1.6653345369377348e-14, 1.1102230246251565e-14, -5.551115123125783e-15, 0.0, 1.1102230246251565e-14, 5.551115123125783e-15, -5.551115123125783e-15, 0.0, 7.923555351682417, 11.36933287353638, 1.0647884823300444, 1.019893013724726, -1.133543759018039, 1.1419534283584483, -1.1308372285091082, 0.8210539574523636, -0.33924934575972543, -1.1693824176651901, 0.47170928964629866, 0.8313873212264298, 0.7212705698058244, 1.0656322873588238, 1.8825430459052654, -0.12083081249318184, 0.1064419806724004, 3.066236953414432, 1.996324223395618, 1.710371106712671, 0.43977220116187254, 4.168847258177891, 17.216798169733636, 13.630525428178352, 0.0, -1.1102230246251565e-14, -1.1102230246251565e-14, -5.551115123125783e-15, 5.551115123125783e-15, 1.1102230246251565e-14, 1.6653345369377348e-14, -5.551115123125783e-15, 5.551115123125783e-15, 1.1102230246251565e-14, 0.0, 1.1102230246251565e-14, -2.220446049250313e-14, 5.551115123125783e-15, 0.0, 1.1102230246251565e-14, 20.266236876678448, 19.0066427468482, 0.7961695161669979, 0.1740698377032004, 1.1692669118804133, 1.9340799854836632, 2.190158931606902, 2.0268358801139925, 0.19708848874682872, 0.8203167126797553, -0.3396841658570793, 0.22910029347463023, 0.9517927580619698, -0.12111774455661362, 0.5602291516926812, 1.4332775100475033, 0.48714881113843944, 16.826315632649354, 18.79639803975553, -1.1102230246251565e-14, 0.0, 1.6653345369377348e-14, -1.1102230246251565e-14, 1.6653345369377348e-14, -5.551115123125783e-15, 1.1102230246251565e-14, 5.551115123125783e-15, 0.0, -1.1102230246251565e-14, 1.6653345369377348e-14, -5.551115123125783e-15, 1.6653345369377348e-14, -5.551115123125783e-15, 5.551115123125783e-15, 2.2874183489387097, 9.110942005447086, 5.921686370382076, 6.992639853804718, 4.845224594600268, 3.1161596570435677, 1.3648361476065816, 0.4643365589805626, 0.43620224830874577, -0.14201366733084342, 0.1340201644430863, 0.6641165579748076, 4.40321585986527, 1.143207953892727, 3.9840216253612653, 0.4176032943521477, 1.4941834615505059, 2.760740766662707, 14.862203840549, 7.805122444623379, 2.746190912558859, 5.55679125540442, 3.800376347517755, 1.1860014730598891, 5.65041698828432, 3.002846142559804, 3.816172080181275, 14.63870000214996, 5.744161923358092, 3.810444875212113, 3.1259204627899635, 0.07564125651299491, 18.272146648990073, 15.01815965907715, 5.551115123125783e-15, -5.551115123125783e-15, -2.220446049250313e-14, 1.1102230246251565e-14, -1.1102230246251565e-14, -1.1102230246251565e-14, -2.220446049250313e-14, -5.551115123125783e-15, -1.1102230246251565e-14, -1.1102230246251565e-14, 1.6653345369377348e-14, -1.1102230246251565e-14, 4.749369348399668, 8.192183985896307, 0.6572649209485206, 0.31071838813772956, -0.09361718413038034, 0.2788093895850494, -0.054181730284824425, 0.640377253066049, -0.09719606811410131, 0.48038628354260027, 2.6856746647452496, 12.46469937257109, 7.048117026438035, 7.322611439885975, 0.8541350975730779, 2.1381882871423272, 15.154495645149638, 25.992275478814463, 5.670840376280889, 1.1102230246251565e-14, -1.1102230246251565e-14, 5.551115123125783e-15, 0.0, -2.7755575615628914e-14, -1.6653345369377348e-14, 1.6653345369377348e-14, 5.551115123125783e-15, -1.1102230246251565e-14, 0.0, 3.3255825728582096, 21.759144761024487, 15.7248947402378, -0.33527169718342975, 0.7537659977626276, 1.389594282218468, -0.2302657313142049, 5.889599460661088, 0.43768406902933066, 2.2225003825517433, 0.39301586864417004, -1.2504708972803087, 0.22455308037160648, 26.240047781685377, 23.031984897267023, 5.551115123125783e-15, -1.6653345369377348e-14, 1.1102230246251565e-14, 1.1102230246251565e-14, 1.1102230246251565e-14, 0.0, 1.1102230246251565e-14, 1.6653345369377348e-14, 1.6653345369377348e-14, -5.551115123125783e-15, -5.551115123125783e-15, 0.0, -5.551115123125783e-15, 0.0, 18.567995188776266, 26.305192483805, 4.768043849033177, 0.44821026767112926, 2.6831905697522984, 0.7277415061201964, 2.2074066830683137, 2.3602762489844054, 0.7032318615534336, 0.5398333255309353, 2.5864120360398033, 0.1968855983614617, 1.502980739670818, 0.5724265854115629, 0.18045166430505333, 0.3582720586042001, 5.290231695351963, 5.8570474311092084, 1.5964108150466245, 6.689215008726137, -1.1014490397767531, 22.644309942293802, 20.72231176645529, -2.220446049250313e-14, -5.551115123125783e-15, 5.551115123125783e-15, 5.551115123125783e-15, 1.1102230246251565e-14, -1.6653345369377348e-14, 0.0, -5.551115123125783e-15, 0.0, 1.6653345369377348e-14, 1.1102230246251565e-14, 8.517490370495409, 17.383290547460433, 4.159343006622919, -0.529796379392593, 1.4846338793648783, 1.355910343457822, 5.300655493214492, 1.8079232707184474, 3.780930109103167, 2.3418146125274006, -0.3949872750943655, 1.9056775491039275, 0.7480160353626957, 2.8109051365377695, 0.1454580924136053, -0.7814528755294532, 14.27223399642719, 20.92185788763439, 2.478109387120936, 4.542143910337792, 19.279758560281095, 13.090254466725895, 0.3853975060839616, 1.9484329139281726, 0.4203674453815438, 0.456959520005654, 4.33820005578724, 4.9584786336500315, 0.44662904529900516, 0.96584756162747, 0.6899284434558126, 0.01305426085042427, 5.307590692479039, 1.1442083530228047, 1.2802614148632756, 1.0472471999793243, -0.7979606273881927, 0.13910562515229685, 0.5030445109770199, -0.4796582895656911, 0.7498914102287699, -0.6361200482238019, 0.04350280701419251, 3.8155731716831838, 8.92410814910835, 1.113043917557519, 2.026450365723292, 0.41157803274643356, 3.2659599633981884, -0.12228923815547432, 0.11837525648257952, 1.6674728919635413, 1.8092591437300882, 0.2005065251531164, 0.12699530862670372, 0.20794652748926978, 0.7293378291370232, 0.5482018546420022, -1.594914266319165, -0.20042830303071923, 0.03713754043008066, 0.013222540793321969, 0.7936606205530552, 2.7876014868173797, 1.3565702931923056, 0.04721445135083968, 0.21311051510366497, 1.7740557827505654, 0.9003647379147992, 0.1845240574436957, 1.2259131283600482, -1.3092724463972445, 10.15522269131958, 3.4476311639134565, 2.931067784406423, 2.435618588832199, 2.92579209579236, 5.490026051813629, 1.0742882124571338, 4.823865924106826, 0.7094665263317097, -0.3786065411688355, 3.3788935615748414, 5.765326881686121, 1.067325375495102, 1.0925962060837264, -1.7239140865775084, -0.4274238692831318, -0.8240211486934186, 1.3630130563632292, 1.1443120843178463, 4.711437682008864, 1.2000745349875501, -0.16858538181469385, 0.9815023003597503, 2.300289162364436, -0.027988381641108617, 1.489989815206485, 0.31936065555672144, 7.786684562381851, 14.571962847059524, 5.866902543211282, -5.551115123125783e-15, 2.7755575615628914e-14, 5.551115123125783e-15, 2.7755575615628914e-14, -5.551115123125783e-15, -5.551115123125783e-15, 2.220446049250313e-14, 0.0, 0.0, 0.0, 0.0, 0.0, -5.551115123125783e-15, 5.551115123125783e-15, 5.551115123125783e-15, 1.3305128685861778, 20.554957463489032, 20.018877876693494, -1.5261087045848853, 0.30156105391142773, 0.34746242543610606, -0.49111734482585234, -1.7070341566935099, -2.08517638602018, -0.2567995165481989, 0.7940165134467065, 0.21006507994997037, 3.3290573320210797, 1.128882360983539, 1.0949911588774057, 1.0048545393866561, 0.4132100384704245, 4.202220882153654, 1.625154313644316, 0.9345590001581172, 0.06769060166254803, 0.22460137135124114, 0.41259497649042487, 0.23052895173873367, 0.5559672762998389, -1.6725253847863542, 0.7852702423272149, 0.2803804692439371, 1.2105657330071722, 1.661028634593265, 2.042655170057742, 0.7949648512807244, -0.5237243468458246, 0.5084298613525675, 1.8118853930982084, 19.268437258923427, 16.12515876259593, 5.551115123125783e-15, 1.1102230246251565e-14, -1.1102230246251565e-14, -3.3306690738754696e-14, -1.1102230246251565e-14, 18.42547620773125, 26.68067719043559, 2.9351642076715905, 0.6733173623838411, 1.2020305276074623, 0.535209863466207, -0.15271548426278514, 22.890720228816036, 22.17449562336583, 0.0, -1.1102230246251565e-14, 5.551115123125783e-15, 16.425270365333915, 28.651636152857492, 7.581641418079698, -1.2386993813112213, 1.3814317905780626, 3.0002908002112463, 3.8479420803369635, 1.0517982523937235, 0.0496282310500078, 0.1834294821107676, 0.2758249907672905, 0.14527963696656343, -0.09957009097200853, -1.637079186033958, 1.91100881938695, 1.338526607794165, 8.770579853544561, 5.747627536523808, -5.551115123125783e-15, 5.551115123125783e-15, -5.551115123125783e-15, -5.551115123125783e-15, 6.8969593935042965, 23.701493029240822, 22.858267790395644, 10.551765411422423, 5.9656036418986105, 9.005951249351426, 2.7796721148824304, 3.0715337082576184, 4.8875035475408595, 30.541334396249027, 20.14458780194674, 0.0, -1.1102230246251565e-14, -1.6653345369377348e-14, 5.551115123125783e-15, -5.551115123125783e-15, -5.551115123125783e-15, 2.220446049250313e-14, 1.6653345369377348e-14, -5.551115123125783e-15, 1.6653345369377348e-14, 5.551115123125783e-15, 1.6653345369377348e-14, 19.76469230715915, 28.23690315899782, -2.8112923873118802, 0.4908672945855983, 0.19780721228306675, 0.1562443115032579, 1.2989213323116928, 0.28529558907115415, 1.8413588230134792, 3.390907561507902, 0.6410791610879301, -0.12398730811304404, 0.4867078579759436, -0.05761761097505769, 0.43145086245397124, -0.8959338472603804, 0.7685318584860852, -0.02668253190603309, 6.892181575121526, 4.228954131973467, 4.321829249414918, 5.555406350773865, 1.2225036993329468, 0.18359862908340574, 7.223452713388667, 1.3061870247779552, -1.1928648898950769, -2.561582913218558, 2.7519325495831026, 1.094178099300052, 3.5964176687701297, -1.480931543211284, 25.652965402515406, 21.337506731592853, 1.1102230246251565e-14, 0.0, 1.6653345369377348e-14, 1.1102230246251565e-14, -1.6653345369377348e-14, 16.126898485189514, 22.100956438304507, 3.853849736610016, 0.15955362547413188, -1.1721360405440464, 2.884756282729313, 1.5667235906175279, -0.18137117827563998, 1.8484730879338827, 0.06860159717069791, 1.4510138927759044, 0.27211521620205303, 1.222009396369458, 0.08578244513057598, 2.220643096136314, -0.9363964609146933, -1.037611521761562, -0.6638392319385957, -1.4186982068937937, -1.0144954093460115, 2.2314287250210327, 2.730001492786073, 5.986134870317187, 1.5049804625231786, 0.8870214695479604, -0.17009662589850905, 1.1700266554223617, 2.785763618103431, 2.0008696490036186, 0.09874936593558914, 0.6383446157497019, 0.8269605205114772, -0.22156867142734882, -0.8031277589950037, 2.6612363139537365, 0.06427850809245683, 0.23300919037734502, 0.25795932899490026, 0.9346366769135557, 0.4955110042282058, 1.2347606035212948, -0.4009911286638044, 0.9885238448508744, 0.08045886691843407, 2.34961574370692, 0.21261188043428092, 1.3678062164001972, -1.7730281129677223, 0.3303021276161644, 1.5978186647010943, -0.05100147146146128, 1.1471041989560717, 1.1077084226213856, 1.6551888511319248, -0.05020888862213724, 1.2230181184286266, 1.6177662904398176, 0.32887117981238134, 1.727549546171815, -0.014400375544653343, 1.7558515026321402, 2.179342980426213, 0.8919105788194202, 5.14163071861833, 0.02638271295791128, 3.2150134051803434, 5.690309974012507, 2.4431456228310253, 4.489763101545179, 7.798448561157784, 2.823213502566432, 2.4714532190744194, 3.1523832204910605, 0.5753809810290136, 0.5608662498131594, 0.3182020705543209, 0.351658473712007, 2.460429864460309, 0.44201255453043586, 0.6782232637004881, -2.2112091260864872, -0.5360469962154184, 0.6928793536939111, 1.9347559063616586, 3.243619614120689, 3.2323862654388904, 3.083868051087336, 3.215758606301108, 0.5724334415039039, 0.1302711713757958, 0.47620233201678275, 0.2256052165789697, 0.6789545706896547, -1.6365356124577488, 1.2177603076698347, -1.254633798386351, 0.8055599725147999, 0.055592445358968234, 2.081356808977546, 0.4610507401077939, 0.4174104834937111, 0.23312931334686482, -0.16156233546129783, 4.154980798553339, 1.6871014401217508, 0.9119954511633068, 0.21809178329220913, 0.6093143946020518, 0.6960062100830555, 0.5553096332645566, -0.22623305815503159, 11.462093748568009, 16.343450026906595, 1.295871280323718, 5.551115123125783e-15, -2.7755575615628914e-14, -1.1102230246251565e-14, -1.6653345369377348e-14, 0.0, -5.551115123125783e-15, 0.0, -5.551115123125783e-15, -5.551115123125783e-15, -1.6653345369377348e-14, -1.1102230246251565e-14, -1.1102230246251565e-14, -1.6653345369377348e-14, 5.551115123125783e-15, -1.1102230246251565e-14, -5.551115123125783e-15, -1.6653345369377348e-14, 0.0, -2.220446049250313e-14, 5.551115123125783e-15, 0.0, -5.551115123125783e-15, -1.6653345369377348e-14, 1.6653345369377348e-14, 2.220446049250313e-14, 1.1102230246251565e-14, 2.220446049250313e-14, 1.1102230246251565e-14, 1.1102230246251565e-14, 15.807269188543358, 26.29055427619616, 10.285215658696018, 2.2661753255886765, 3.3326436001832462, 0.4246193288104223, -0.02434222962409649, -0.05083380319445041, 1.316736448556071, -0.8340982417075793, 1.6459278694453587, 0.7308468956156844, 1.899474739842418, 0.48657935221126536, 3.6783604826229066, -0.33645999608961574, -1.2739663938149874, -0.5914191429457105, -3.401323072342336, 25.13789215154219, 22.292103648283728, 5.551115123125783e-15, -5.551115123125783e-15, 1.1102230246251565e-14, -1.1102230246251565e-14, -1.6653345369377348e-14, -5.551115123125783e-15, 1.1102230246251565e-14, -5.551115123125783e-15, 1.1102230246251565e-14, 5.551115123125783e-15, 1.1102230246251565e-14, 1.6653345369377348e-14, 1.6653345369377348e-14, 5.551115123125783e-15, 0.0, -5.551115123125783e-15, 24.968540766440242, 26.106694343787808, 3.3004210805023035, 0.25206114134721247, -1.1162074998898106, 10.013139510804251, 8.88288468366028, 0.37149000705704793, 3.3313848441816845, -0.09975386392261498, 0.5301868026896841, 9.766917612197574, 20.56671699548008, 7.250869028066528, 1.6653345369377348e-14, -1.1102230246251565e-14, 5.551115123125783e-15, -3.3306690738754696e-14, -1.6653345369377348e-14, -3.3306690738754696e-14, -2.7755575615628914e-14, 1.1102230246251565e-14, -1.1102230246251565e-14, 5.551115123125783e-15, -1.1102230246251565e-14, 5.551115123125783e-15, 0.0, 5.551115123125783e-15, 1.1102230246251565e-14, 2.220446049250313e-14, -5.551115123125783e-15, 1.1102230246251565e-14, 5.551115123125783e-15, 0.0, 0.0, 0.0, -5.551115123125783e-15, -5.551115123125783e-15, 5.551115123125783e-15, 1.1102230246251565e-14, -5.551115123125783e-15, -2.220446049250313e-14, 1.6653345369377348e-14, -5.551115123125783e-15, 1.1102230246251565e-14, -5.551115123125783e-15, 1.6653345369377348e-14, -5.551115123125783e-15, -2.7755575615628914e-14, -1.6653345369377348e-14, 5.551115123125783e-15, 0.0, -5.551115123125783e-15, -1.1102230246251565e-14, -1.1102230246251565e-14, -2.220446049250313e-14, 0.0, 27.834231500817523, 25.089059811936465, 2.0673643009143348, -1.8863953140389071, -0.48666808907734094, 0.7087993494887996, -0.25289458939795395, 2.7326933209825484, 2.0732979656726798, 2.1171193871186915, 1.149427170776903, 2.470843536996142, 0.6957254802996999, 0.4475557115451636, -0.08499122552620975, 0.6196530020852151, 0.05347811921956236, 0.24877009694932894, 0.9649558761350931, 0.03589736413340461, 1.4224616104855272, -1.0858382836440796, 2.1491793334618023, -0.5541177807311328, -0.15146297361485495, -0.3843704800708565, 0.3759602900935022, -0.3689973441391885, 0.9367525777178685, 0.2828372959328931, 0.7929578307433189, -0.7976731002281667, -0.23730243114579253, 1.5819230586635058, 0.4566418964797663, 0.3112984973635662, -0.845396139031493, -3.4181746137783193, 0.40517315921806585, 3.649315649150367, 3.770591132761467, 3.0987581666768165, 5.219694047942426, -0.1197763053108929, 3.646443293977711, 4.79605296547652, 2.117521170296186, 0.5454798066381272, 0.052903002315986214, 0.5657018894389694, 0.5327480269321541, 1.2519746551744788, 1.4411893308416666, 1.053271155703385, 0.6858350898146455, -0.04225231764513637, 0.692626538097386, -0.8708351383218655, -1.4482966392913, 0.5004288145636906, -2.2088676286860505, 3.646889190816694, 8.28940840257468, 3.662798840870323, 0.6356352136978387, 0.4713541964005401, 0.6742236424930184, 3.162668209956365, 0.0625210362376265, 3.280027470345317, 1.357588578730855, 0.28061826605920714, 0.8782745163402126, -0.26832261230401855, 6.461932314347138, 3.758018782174574, 0.24076081681874228, -0.3759526299521241, -0.013978623783714283, 0.06588178644715015, 0.11797813065155083, -0.9216683014660418, 5.520278130689263, 6.286314399233021, 2.593238348816584, 0.35842416713626335, 0.04147397538247333, 0.260836984726609, 0.18652358384520085, -0.4449448301689358, 0.15461654355488008, 8.937468950585128, 11.335285459810393, 2.2225623919480313, 1.648066219290854, 0.2530063094139905, -0.2873705817357859, 1.3782081478980217, 5.46364640468488, 8.573228220521628, 1.0350269164657675, 2.06969461855266, 1.0856905963536292, 3.0417328921999456, 0.44079414436242814, 1.4213914892781077, 0.7857187614512782, 2.868935215834995, 1.1905961910467795, 4.38645141449399, 1.7979672482189812, 0.8341247380242862, -1.116005695542583, 2.299864684742147, -4.08713259561307, 15.249071186214053, 12.249105807310343, 2.948839361909563, 0.3101268299148785, 5.59523984330481, 1.8485140337017612, 1.5138462463935483, 0.515687791319209, 0.417554502262945, 2.5688177239455072, 4.480563174651245, 1.2978962310408164, -5.551115123125783e-15, -1.1102230246251565e-14, -5.551115123125783e-15, 2.220446049250313e-14, -5.551115123125783e-15, 0.0, -1.6653345369377348e-14, 22.823538824576076, 29.58337391720127, 1.1023797088332117, 2.113492793533794, 0.9320821746316597, 0.6568218639931729, 0.3342075966799598, 1.4662709267937544, 2.1100344819961947, 0.7073679172368657, 4.541602117700677, 0.2935459885857199, 2.2121853012974952, 1.5022254750517732, -0.07795429556279032, 1.686438917946532, 1.1177867253503564, 2.8515118079184276, 0.7400458475638061, 3.305854047334492, 1.6767485583234816, 2.435790255203017, -0.5852887588443423, 2.254676244500388, 0.6814825378914975, 2.1489096463681108, 0.2474099563476102, -0.000857657403543044, 1.226749906093488, 0.902747210194093, -0.4333684704384382, -0.021983282277346916, 7.337831537087538, 0.2286187751186617, 4.491465546008897, 4.919555655995282, 0.4619024841786654, 1.3972639046493214, 1.0620475270499128, -0.983075916129792, -0.10840001420086764, -1.6922350102387327, 0.580694752805357, -2.07633916647751, 1.8280144774539053, -1.7562539929801346, -1.1122417351089098, 0.15825570913580123, -0.24698937338649785, 1.1518917040390306, 1.6076210498013097, 0.6014079105046903, 2.336277941736057, 5.027669029900949, 2.2068300198945394, 13.898094210727152, 5.144491702529308, 0.18359023434703658, 5.53360497522317, -0.3575781840183936, 0.8245504159589245, -0.42951427406467246, 1.2531485791437262, 1.6519749740946281, 1.201095640735275, 1.230884970715124, 2.9942149896310184, -0.09587744760358419, 1.9376548008718828, 5.3084113712030785, 0.7876172816311282, 1.0721754698483892, 4.449816035377694, -1.4417914661307805, 6.975720868174108, 2.2829950876331395, 8.55974208317457, 1.8106044465949935, 0.923407000040072, 1.4160022114911612, 2.5924289062165826, 0.28742870369103457, 2.8611952646701866, 0.00781629518473892, 2.3609684016810206, 3.3105777099791, 3.8997833608834185, 0.6753120345027241, 2.074125079297744, 1.3982737799482834, 1.180674451615971, 4.762066161429914, -1.2577962136805354, -0.7525831851485805, 0.008944778799502728, 0.14197889506431238, -0.17631939198452073, 0.9126398682973331, 3.649603223233555, 0.3128904288105332, 3.070426443811698, 2.184835234157333, -0.08010075672058292, -0.3430765527965036, -1.5658897865752692, 0.8398328960716981, 1.0839644977621106, 3.2950919842261897, -0.0036057168751426616, 0.9386224220515373, 2.7235419456888508, 0.5360066605062457, 1.5552879083398352, -0.16685030203456108, 0.20619643992722558, 0.5625928810484879, 1.7281357217062805, 1.365793702583062, -0.15360941300883724, 2.2660760093297654, 21.651533441623343, 11.925944355734131, 1.1271822383267818, 0.4413070431200481, 0.4036662650854055, 0.6405735416465319, 0.9929295619884329, 1.4845940463638954, 0.059716582897948456, 1.1583205156017016, 3.773759313042085, 0.8573525651191858, 4.142740657323394, 0.19841331566313158, 0.3009484032741625, -0.04051347439421704, 0.17036068699346174, 0.19457496811560304, 3.5794576561598888, 8.889784770591092, 2.286474021936016, 0.09185796300164384, 0.27289816070532424, 0.13941028369799824, 0.7122609746260196, 1.3029161195987058, -0.41962847443579676, -0.2914324867235223, -0.32692486384706854, -0.01455259079921234, 0.3636873210157887, 1.2647815909126052, 0.7436291188791984, 3.2059796010383934, 0.10564386097303213, 0.8567018366845502, 0.24581979922527353, 0.26484374767642294, 1.6194183792980539, 3.0427585611772656, -0.020269034292482502, 1.4266049953072866, 0.8818091235854695, 2.129122872083258, 0.8222226467358382, 2.684575342714652, 0.5796695834003458, 1.0196859891738086, 0.06309073450273672, 0.56434977833635, 2.6281666688755365, 2.302393173085136, 15.069049760399594, 2.0930414370651533, 2.9837173888835764, 3.3237548583001626, 1.452396657104373, -0.3983754204247134, 1.3965762032833595, 0.22114642752933378, 0.9234453448225395, 0.6539424730408427, 0.7854632546000744, 0.5087113690874503, -2.189114430983693, -0.43686113806734284, -0.5029772536948371, 0.9905352364035593, 0.10394564641734405, -0.6609428877321193, 23.667485814564714, 22.499283129432428, 15.567710224434279, 21.84375312784175, 0.9223234631839148, 3.5446370958985653, 0.06607882533012344, 3.537319959222202, -0.3323119628994391, 3.0392648970167784, -0.31286986918524917, 12.098026098078321, 6.536600225317784, 0.4379719023281723, 1.4693175602805013, 3.325937402697832, 0.4767791336491314, 2.080377579350113, -0.7806168907411575, 0.7108055508410871, -0.39091985237627114, 0.8777074978301584, -0.5977415069663721, 0.3954420356839705, 0.10379305077503886, 0.063748727037364, 0.9825751294020506, 0.9744258189514312, -0.6146982392858718, 0.09526036072361421, -0.7541387583514734, 0.40124316987589737, 12.806905870203991, 4.451838091528373, 15.152681604403085, 17.658019519561776, 2.4812850714090473, 3.944113982487238, 0.7405518932902169, 0.2560882770526405, 1.5671875850553079, 3.3693203127982088, 4.240866084300478, 3.0948307100456987, 7.808936833155883, 35.22570198037414, 34.31570238587565, 1.1102230246251565e-14, 0.0, 1.1102230246251565e-14, 1.1102230246251565e-14, -1.1102230246251565e-14, -1.1102230246251565e-14, -2.220446049250313e-14, -1.1102230246251565e-14, -1.1102230246251565e-14, -1.1102230246251565e-14, -1.1102230246251565e-14, -2.220446049250313e-14, 0.0, -1.1102230246251565e-14, -3.3306690738754696e-14, 8.005759192251052, 31.671926157329352, 17.494131777681787, 0.5015227120547934, 1.4303921166950886, 1.663815921791695, 1.6408220977837118, 2.352379628253061, 13.59399696443802, 30.490757706464876, 11.985996530568443, 1.1102230246251565e-14, 0.0, 3.3306690738754696e-14, 22.092699232798125, 23.2821460790245, 1.5794060900877867, -2.3285813441734717, -0.0024703665938545782, 0.28291708400752213, 0.8894117431148061, -0.39113663473693805, 9.029151728051943, 0.3901968113525527, 8.828584113073134, 3.267577202739119, 29.584844150666243, 26.902831242515646, -2.220446049250313e-14, 1.1102230246251565e-14, 1.1102230246251565e-14, 5.551115123125783e-15, -1.1102230246251565e-14, 5.551115123125783e-15, 0.0, 1.6653345369377348e-14, 1.1102230246251565e-14, -5.551115123125783e-15, 0.0, 2.220446049250313e-14, 1.1102230246251565e-14, 3.3306690738754696e-14, 9.863059985052061, 30.187715713550574, 16.36530710196132, -0.32384635189680466, 1.8896510601340424, -0.18838479454325352, 0.9254341908692254, -0.5955003682577171, -1.2680667413912374, 25.763014084141133, 28.48683995518931, -5.551115123125783e-15, -1.1102230246251565e-14, -2.7755575615628914e-14, 1.1102230246251565e-14, 3.885780586188048e-14, 2.220446049250313e-14, 0.0, 3.3306690738754696e-14, -1.1102230246251565e-14, 1.1102230246251565e-14, 1.1102230246251565e-14, 2.220446049250313e-14, -1.1102230246251565e-14, 25.045857556341687, 29.63098763457583, -0.9354407800603894, -0.5443935828037638, 0.7707145674535241, 0.10716971474005277, 0.3456867202421563, 0.169809712075903, 1.8796055632880098, 2.945381337823278, 3.1752902192883994, 2.0191796702681586, 6.005099303447196, 0.21838223291547365, 4.174953271707295, 0.06574134078880434, 0.5729239166375919, 0.5108202089935503, -0.6228827915143711, 0.16787352647702392, 0.6934375020931611, 1.4200987511187577, -2.1073239624668076, 1.6964456064106344, 1.5409867250605203, 0.04247962519605153, 0.507397951329267, 0.4540652803740386, 3.0719282379954507, 6.449077257189629, 0.9865825677311477, 3.618589561512465, 0.3633662495280987, 1.5888055789403097, 0.9356944418885291, 2.0757154731848573, 1.6583329759594108, 1.8440920938156182, 3.428785929063224, 2.851669253956402, -1.1882234128614755, 1.991307876412975, -0.3496059752694691, 6.078449212868975, 1.6537319111115494, 0.4293016625180712, -0.3047675261794893, 2.0010593440089224, 0.06538666977837693, -0.7475272083903235, 0.7462377171146386, 5.748244877746686, 9.506263126302656, 1.4232832119410546, 0.030540074392831684, 0.983395094833952, -0.010968138714360975, 0.31881679272066776, -0.678162906857608, 20.805290579147766, 18.22816393239117, 0.2755714652057861, 1.1995900221847577, -0.0006779406545973643, 0.4559096282482926, -0.0028174196664565443, 0.11282015651858046, 1.1586451829245732, 3.0181950338874657, 13.288184795961257, 5.489373062682034, 0.12513736186440383, -0.20286214422651483, 1.312679422916176, -0.812829309636129, 0.78214091347769, -1.261835588872657, 1.1076111435474445, 0.6745904035286685, 2.1008495001665324, 2.332593623626394, 2.7932286424386916, 0.24318420625030512, 0.9398004075608242, 2.291619626104705, 0.18730623475340735, 0.8949362202697557, 0.989249912812852, 0.9767509008578941, -0.5466416109723582, 1.816807644063033, 1.3621416219291973, 0.5898754189157671, -0.2526743683777113, 1.2526167758373958, 0.64095346874808, -0.3741828375093519, 2.7481045000811832, 25.01200169110902, 20.888377794414225, 2.220446049250313e-14, 1.334655766075734, 3.6590928574687673, 0.1475021838490136, -0.053339964408493756, 4.711224211830526, 13.907459420959924, 10.316159273304493, -1.0496809446266866, 1.7373449246621817, 0.24712638700754042, 1.095950173748065, 0.45560685718470495, 2.6515949703107253, 0.4551365670621408, 4.330527422535454, 12.146375418234129, 10.818693553564799, -0.13581178416580997, -0.46058087259035574, -0.1864243141214672, 0.439746327368141, -1.339205422923925, -0.3871247851401449, -1.2194949532935766, 1.7683681379501195, 0.028905688788597672, 3.34614336291105, 1.4898282447446434, -0.3649948402825771, 0.20427777749404186, 1.539430825241709, 0.5939118891790542, 2.9285209805048567, 0.24324474983978916, 5.323999202361449, 0.5479298919739222, 0.569638080176162, 0.26890198706348656, 0.6548330009914025, 2.120375902402145, 0.16217083014714717, 0.9887183181448904, -0.22881160871321526, 0.5943638847544435, -0.1697436974392872, 1.313729508401991, 30.48280474823099, 25.202148296676597, 1.6653345369377348e-14, 2.220446049250313e-14, -5.551115123125783e-15, 3.3306690738754696e-14, -5.551115123125783e-15, -3.3306690738754696e-14, 5.551115123125783e-15, -1.1102230246251565e-14, -1.1102230246251565e-14, 1.1102230246251565e-14, 0.0, 2.220446049250313e-14, 1.1102230246251565e-14, -2.220446049250313e-14, 5.551115123125783e-15, -1.1102230246251565e-14, -5.551115123125783e-15, 0.0, 1.1102230246251565e-14, -2.220446049250313e-14, 0.0, -1.1102230246251565e-14, -1.1102230246251565e-14, 1.1102230246251565e-14, 0.0, -1.6653345369377348e-14, 2.220446049250313e-14, 1.6653345369377348e-14, 2.220446049250313e-14, 2.220446049250313e-14, -1.1102230246251565e-14, 2.220446049250313e-14, 0.0, 1.1102230246251565e-14, 0.0, -1.1102230246251565e-14, 1.1102230246251565e-14, 1.1102230246251565e-14, -1.1102230246251565e-14, 23.759234936380693, 25.13763797176398, -0.5491288204580087, 1.1643653234765452, -1.6148199969989037, 2.208598518879171, 0.9724322469988351, -1.4105722723987526, 28.044110134553648, 30.178934495070322, -5.551115123125783e-15, 3.3306690738754696e-14, 0.0, 0.0, -3.3306690738754696e-14, 2.7755575615628914e-14, 14.27755405192569, 18.854960300694785, 3.3835695367439484, 3.1474396952484085, 0.474350679014492, 4.024461489071541, 0.5179169867239466, 3.088171221908283, 1.0872814516134213, -2.1361527792333277, 1.2016298383246635, 5.097100146847026, -1.1383940782819195, 7.3467105296472255, -0.0582031542810455, 0.9604525403328239, 3.0368276758412094, 6.418676043626476, 0.9463034025650927, 22.78507808685714, 29.692569859039907, 10.56879307456564, -2.220446049250313e-14, -1.1102230246251565e-14, 2.220446049250313e-14, 0.0, -3.3306690738754696e-14, 0.0, 0.0, -1.1102230246251565e-14, 1.1102230246251565e-14, 24.20456801703598, 29.94823491577847, 0.9093189960386212, 1.7610437801517378, 1.5595589549707825, -0.27804091281490173, 1.2815440824934967, 0.9795723802176326, 0.030732395650147737, 0.44168712727082493, -1.3285028498048064, 2.3090652828924476, -1.1129225221111483, 1.085356135110601, 0.9305362104277606, 0.023739268987469586, -0.20364689456192764, 1.2545718273440798, 0.21296832102888175, 1.2903379843648963, 1.5023327443020662, 0.9419184270210508, 0.7614390761105483, 2.569490381477692, 0.29648236055760435, -0.2391345073069715, -0.3637333528454292, 0.08065700291064104, 0.44602759069914555, -0.1683169645963858, 2.816556961638071, -0.12534694101310606, 3.673158752587085, -0.33615838405575005, 2.90453017902405, 0.851227478522901, 3.5265652586554666, -0.04988372739052238, 9.060618576534182, 34.26231068319717, 24.041394480699395, 1.1102230246251565e-14, -2.220446049250313e-14, 0.0, 2.220446049250313e-14, -2.220446049250313e-14, -1.1102230246251565e-14, 0.0, 0.0, 1.1102230246251565e-14, 33.526461979851035, 43.70660150056494, -10.480237041829014, 2.940240898921104, -0.1945161738110528, 4.60617996522285, 0.6876532618322244, 2.587948999550804, 1.76611292702529, 0.7640853370168657, 2.4532889813222027, 1.8210379665079586, 2.022233663985162, 0.06078717649876353, -0.09278571240764677, 0.07560462740411822, 2.5331113198034245, -2.4131520189819753, -0.45974395976168125, -4.636395646545452, -0.7007334466725297, -3.893311759679932, -4.932082379696169, 39.01313347374682, 34.56852766199425, 2.220446049250313e-14, 1.1102230246251565e-14, 4.440892098500626e-14, 3.3306690738754696e-14, -1.1102230246251565e-14, 1.1102230246251565e-14, 0.0, -1.1102230246251565e-14, -1.1102230246251565e-14, 1.1102230246251565e-14, -2.220446049250313e-14, 2.220446049250313e-14, 0.0, -1.1102230246251565e-14, -3.3306690738754696e-14, 0.0, 0.0, 0.0, 0.0, -1.1102230246251565e-14, 15.30736153806658, 28.72977746566221, 5.636781218224144, 0.36818649181475394, 1.5466151789426021, 1.4209306285617913, 1.4821836151215848, 2.0946951389023525, 1.5146662694212978, -0.3655976857197629, 0.7196941776270478, 0.1825224351470638, 1.1312930247999589, 0.8330340390825768, 22.705498032941023, 18.910336014421674, 0.0, 1.1102230246251565e-14, 4.440892098500626e-14, -2.220446049250313e-14, 1.1102230246251565e-14, 0.0, 0.0, 2.220446049250313e-14, -2.220446049250313e-14, 2.220446049250313e-14, 0.0, 3.3306690738754696e-14, 0.0, 2.220446049250313e-14, -3.3306690738754696e-14, 0.0, -1.1102230246251565e-14, 32.05321750219892, 42.35550740331763, -0.6662185746579325, 1.6562804814261654, -0.08687691817817722, 2.40172184715766, 1.7224637116826216, 4.230579021585584, -0.061911881765809085, 0.6757875225767407, 1.3176398214147866, 0.15863893192909018, 0.7856216473375639, -1.3617323792450406, 0.178663568117031, 0.23568605707254164, 0.26454096988317133, 4.142999880474349, 0.9726363721216558, 2.73668168021004, 3.6007470979158143, 10.145608916429524, 3.676011816896448, 0.1406650093804842, 4.373517628910321, 12.951357931136393, 4.085053684127313, -1.1102230246251565e-14, 0.0, 1.1102230246251565e-14, 23.31802741788144, 37.15922694734209, 2.5553988247234543, 1.371620151238858, 1.466570795936093, 3.4349326642899314, 0.8480189574278256, 0.0026263661450229847, 1.9602768568955753, -0.44419479728162514, 1.5475868052544683, 2.620780102464778, 1.7475646552704802, 1.3556272482341, 2.2443085314945392, 2.3305899262753655, 5.033145024975624, 0.7201210062735299, 4.006563946951019, 0.04883710788658391, 2.0329576171687904, 1.077767863606141, -0.928090613945642, 0.8317014762708368, 0.9092267782967838, -0.34031710789940917, 0.11154035829292752, 0.6022334822162634, 1.9092821328486593, 0.5544883807805832, 7.078779122218236, 0.7230681283645026, 4.530329603889811, 34.92190832186782, 29.18503479578081, -1.1102230246251565e-14, 0.0, -1.1102230246251565e-14, -3.3306690738754696e-14, 0.0, -1.1102230246251565e-14, 2.220446049250313e-14, -1.1102230246251565e-14, 0.0, 2.220446049250313e-14, 2.220446049250313e-14, -3.3306690738754696e-14, 2.220446049250313e-14, -1.1102230246251565e-14, 1.1102230246251565e-14, 1.1102230246251565e-14, 1.1102230246251565e-14, -1.1102230246251565e-14, 0.0, 3.3306690738754696e-14, 0.0, 1.1102230246251565e-14, -1.1102230246251565e-14, 3.3306690738754696e-14, 0.0, 0.0, 0.0, -3.3306690738754696e-14, 0.0, -1.1102230246251565e-14, 1.1102230246251565e-14, 1.1102230246251565e-14, 1.1102230246251565e-14, 0.0, 1.1102230246251565e-14, 1.1102230246251565e-14, 1.1102230246251565e-14, 2.220446049250313e-14, 1.1102230246251565e-14, 1.1102230246251565e-14, -3.3306690738754696e-14, 28.11977601543991, 42.73996950281335, 7.328967531716103, 2.9866997964118127, -0.3156956652738927, 1.01912717331453, 3.074473609008578, 2.699843610712378, 2.1023385688760072, 3.288095014871601, 1.2951923951664526, 0.7305707222186584, 1.607433702738831, -0.30245908791630427, 1.5776238390121762, 0.287220995372536, 1.0343904241951805, 1.5351629040734451, 0.14293177305057725, -0.5402861097445566, 2.48893128182533, 4.2559366045572915, 0.4332555650746599, 4.812790591554631, -0.8949189151682049, -2.0759230729772753, 0.6054769540020857, -2.6800021186716094, 6.520270039303341, -0.4440407563974986, 3.6267696184265787, 4.269472981497643, -0.6666949828845645, 4.319252570201002, 0.4807670470534049, 6.089279222640698, 1.612129220142151, 2.519123615243757, 0.25541513805194427, 2.5220105662190235, 0.09760563472593731, 3.557793627344381, 36.05680914468286, 30.3618841484616, -1.1102230246251565e-14, 0.0, -1.1102230246251565e-14, -1.1102230246251565e-14, 0.0, 0.0, -1.1102230246251565e-14, 2.220446049250313e-14, -3.3306690738754696e-14, 0.0, -2.220446049250313e-14, -2.220446049250313e-14, 20.467977916183116, 34.166238353720644, 5.840903796987789, 0.679847694794887, 1.2830094346256828, 0.30702936220598076, 0.35520647321840215, 0.7868154681427768, 1.680767415311493, 0.5050084102888377, 2.315789382498167, -0.306162387921745, 36.35499727842955, 31.259946029079174, 0.0, 4.440892098500626e-14, 2.220446049250313e-14, 1.1102230246251565e-14, 1.3078860901298288, 27.576775898678335, 26.29713726121355, 5.199850861731761, 0.6584051674492457, 0.9236817844425786, 0.7071549213741264, 0.6333593429669122, 1.051706953419341, 3.2065911695780187, 2.155451040396656, 1.8215068199638154, 0.6991138895747326, 5.081688063015292, 37.35989806993143, 35.03641856692522, -1.1102230246251565e-14, -1.1102230246251565e-14, -1.1102230246251565e-14, -1.1102230246251565e-14, 0.0, -1.1102230246251565e-14, -2.220446049250313e-14, -1.1102230246251565e-14, 30.898580561735997, 45.239645526879684, -4.1086680083523675, 1.1254767072649656, 2.0591905390982674, 0.327385840459101, 3.3784378404595827, 3.442863647808963, 2.715897533593079, 6.712378410913061, 1.485372051644049, 2.986444307404099, -0.2990781526690398, -0.44541251809550886, -0.03182000123365469, 0.4817650898036163, -0.16282106306209698, 1.5045809174231408, -0.12167877847605268, 2.275526140329248, -0.37034578557268105, 2.920772746239095, 0.38369392758875165, 0.7581412691579317, 0.13858489362928594, 0.25705251919373495, 0.9079470818765571, 0.7354950958761037, -0.14337258644548, 0.828148982353639, 1.7817442740955585, 0.6639454921694323, 5.758109091039557, 1.2714664613833975, 1.197337881961289, -0.9097105370902909, -0.01917339350546854, 0.8801821260718725, 2.9684287252223385, 0.6816391236424693, 1.299362116500049, 2.0065852078915896, 8.441435666279745, 2.4195650815437375, 10.255103720824877, 1.27500818891383, 0.5712402367171308, 0.5855375728106083, 0.511525530905601, 3.9746288902792912, -0.28609805431284485, 3.980155412847239, 0.40597743825946964, 1.2013457173229654, 0.24265050948508815, 0.16094113991681525, -0.21545808755371354, -0.33587611659464756, 0.482387907538282, 0.2522716649352219, 0.8006926189372052, 0.08164170063975007, -1.0515668459352128, 32.48370598449691, 34.7936113836501, 1.1102230246251565e-14, -2.220446049250313e-14, 2.220446049250313e-14, 0.0, 0.0, 0.0, 0.0, 1.1102230246251565e-14, 0.0, -1.1102230246251565e-14, 38.686437535824524, 42.81710840906544, 5.901847277096692, 2.531926302938018, 2.7440746879657354, 1.4366261643442613, 2.669298477611278, 0.00016015977382721758, -0.44816812705619213, 0.44524163517257875, 0.3426565113984452, 1.2745881173938187, 0.24836018959530293, 2.350521848201538, 2.6300079878071188, 1.1324515643094628, 1.3386370989103966, 1.0365457592413918, 0.464574276240171, 6.179913320197102, 1.6339370254037817, 6.052556932753475, 1.44017936740579, 10.621849758165297, 17.285479990507497, 2.8089278686902617, 4.348866893314266, 0.6806806850889302, 0.03355866120170958, 3.486274806208826, 4.602388182141453, 0.5351604679991624, 2.388702741323641, -0.15106489272193357, 0.020942251194128403, 1.022275893207052, -0.41976853814014703, 0.4547485863353131, -2.3106480185387, -0.20784536774220896, 2.7830015430439516, 1.3768275728861, 38.90474898944592, 34.09673534913969, -2.220446049250313e-14, -1.1102230246251565e-14, -1.1102230246251565e-14, -1.1102230246251565e-14, 0.0, 0.0, 1.1102230246251565e-14, 1.1102230246251565e-14, 1.1102230246251565e-14, 29.630860309942832, 42.650266676371814, 0.7745718715209478, 0.6668647447402236, -0.43729078019123335, 6.003450495441257, 2.8311140071582486, 6.6097931494309705, -0.20970268195958397, -0.012531751975359384, 1.8526296953205588, 0.6890700769732234, 1.856987166603858, 5.655846612824519, -2.0110650051202015, 4.66005874265818, 1.4824204744956546, 0.19537322769883758, 3.336518877628464, 2.7046272241714178, 0.9994796623120124, 2.0762525774347864, 0.09494476539219932, -0.7565810922152423, 30.56074846784415, 29.89066347184425, 1.1102230246251565e-14, -1.1102230246251565e-14, -1.1102230246251565e-14, 1.3099066915294664, 37.94807925559465, 35.90618638371831, 0.5802650576744668, 1.7125998114534013, 2.406799025575083, 1.3228386593312962, 4.8996332679295165, 0.11393122056188076, 3.6598139858492686, 1.2476616522632185, 0.5308156663709269, 0.3042697325500967, -0.43179216841139123, 1.1066595689856058, 0.491534965601204, 0.4663651350405189, 0.7340428089942179, -3.2415959852426113, -5.150646961880966, 40.95276673441697, 29.641654882362815, 0.0, 2.220446049250313e-14, -2.220446049250313e-14, -2.220446049250313e-14, 3.3306690738754696e-14, 0.0, 1.1102230246251565e-14, 0.0, 1.1102230246251565e-14, 0.0, 0.0, -1.1102230246251565e-14, -1.1102230246251565e-14, 0.0, 12.390948101408611, 26.938643171138466, 6.694028211023976, 0.9423463052187344, 1.8390564256046673, 0.9092797413489961, 2.534175983194075, 0.6163643185169008, 1.651808258953963, -0.666214413963246, -0.04095652967589558, 0.5646319378691942, 0.7051356985147095, 0.8568258983577266, 1.3791717629833897, -0.1526703733127306, 0.5609819770124886, 0.88250104360975, 0.9265360882634468, 0.7773300584561866, 0.08273416950291335, 0.6479653495161415, 0.4831064294814382, 1.9683465059689809, 2.092161293097206, 0.19892479523048223, 0.07891048472077955, 0.16762571347393873, 0.36234264151471507, -0.29521050213435274, 0.05042798451142971, 0.4849797404791616, 0.5120868201166218, 0.6345624738841025, 0.4476336685767137, 1.0472521873095957, 0.714339046336363, 0.7611105822821287, 0.03198321523655068, -0.3826904586447313, 0.6922322307312356, -0.06180524797838416, 1.377681139937863, 1.038474721848445, 0.7928917300216654, 4.443411141425884, 0.38563208403945737, 5.520768205574029, 1.3347858078260515, 7.10619803324272, 1.6515624468119086, 3.4285282669340518, 0.5424301849913888, -0.19577749416805545, -1.2248511014212795, 1.4197434394309312, 1.2044462909767049, -0.46940819806326317, 4.229636624752857, 1.2858268488167823, 0.2178015174048369, 0.13661806754078043, 2.6427428937031436, 1.755811399662548, 1.5381919804391941, 3.5405505783620583, 5.113441033552363, 0.7093442056740287, 1.2543913907768456, 2.602183344350351, 1.778525550405675, 2.7359356343069976, 0.7024608840065412, 0.636549581546376, 0.8376186179897331, 0.6508128273442253, 9.429077540242702, 1.5619397454731825, 1.3694728157620375, -0.08419665400424492, -0.22855384257582045, -0.30462217198714825, -2.864316996752109, 0.9458862352307733, -2.4807949674712972, 1.2584214449443607, 0.5024819116190429, 1.407973510947727, 3.8390436910277685, 0.108052958866665, 0.9109196762069587, -0.1567167592925216, -1.5864830917835206, 0.03756223952518667, -0.22921539220260456, 1.2279198033999137, 1.4365296741257225, 4.6775789694161745, 4.138031326046928, 2.7397369500006334, 0.28560603010055274, 0.6490015356018262, 1.3579873284168116, 0.22756430191799382, 1.8311913961268829, 0.903966610626469, 4.100826818272935, 6.784624233341049, 1.964750455418823, -3.87777330488575, -0.1699487266913593, 23.566893201617802, 16.815460771678886, 0.07228690153687012, 2.1486579232291376, 0.8714718873862495, 2.8802113865582157, 0.5176135326853739, 0.12021658139750002, -0.13001714548397558, -0.027028547725535645, 0.7721377820896294, 1.2123047061392214, 0.22461808029862596, 1.5247056115502744, 0.09375537912151799, 0.3890973948342378, 2.0425754903694724, 2.195791840401853, 2.680977255093069, 0.048752184476938965, 0.3948513719681159, 0.23775274048358597, 1.5355694614776212, 2.711603738049348, 0.0448022734310598, 0.6720441258713095, 0.4767013835388525, 3.9951769648707796, 1.112641474120835, 1.2538461375158931, 0.13322409275855307, 0.4755254315004436, -0.272184669265755, 2.9759105733002116, 0.0676029105279099, 6.477363887376669, 2.8343818298820906, -0.021376774271828936, 2.735110167269056, 2.0452483044845735, -0.13869196220571212, -0.007645920897573433, 0.8302251822507287, 0.4994166172351697, 1.6964713420364887, -1.1549311786405951, 7.905636805486779, 7.748639540082422, 1.0851269828935983, 2.134085742399634, 1.7949529270297262, 0.7935579933532608, 1.6558091542327702, -0.38365846832584793, 1.117783409370361, 0.2738841830291676, 1.0313264748698998, 1.9875861737042442, 1.2444164851871165, 2.8253216091047193, 2.1649046732127317, 7.356765005067018, 30.74564949501371, 21.92774919964181, 0.0, 13.743088871063776, 20.48663443414327, 2.8248642298461277, 4.482237698241931, -0.46052811546786643, 3.7009881852254694, -0.6732734087973995, 0.712871338372679, 0.17392009011956588, -0.6749731521842932, 0.7259976681129388, 1.4460825461519562, 0.6558779965316148, 0.662516545932192, -0.8790545897661559, 1.780719110217035, 0.42659584326491995, 0.29146213806671994, 2.1635053596076546, 0.0957728929699897, 0.912304313935465, -0.848551229565885, 0.8509698241539354, -1.4267349453468796, 0.07424335124267145, 0.5733525907755848, 0.28904039438623386, 0.05666262721132398, 0.09987352760344947, 4.751346918211084, 1.9417276547437723, 3.8903354270307773, 8.052819114951944, 0.6019490303298767, -0.1090328194853214, 2.412912704006203, 0.14325086878221782, 2.2058148458788196, -0.31457263870697716, -0.11814765476367484, 0.5687919472427438, 0.7980874695074363, 1.0135052356296228, 2.7563473142830617, 0.9674987692851005, 2.294174468278129, -2.4452647211443264, 1.4908178749429908, -2.5709564988803777, -2.2982805723949014, -0.5213928258652345, -2.9608341184226674, 1.6657368548092677, 1.3306771417555865, 1.82311172016324, 1.0217629138638245, 2.318363835795708, -1.6517495188297175, 28.923930024280054, 24.89635639345606, 1.1102230246251565e-14, 2.220446049250313e-14, 2.220446049250313e-14, 0.0, 1.1102230246251565e-14, 1.1102230246251565e-14, 1.1102230246251565e-14, -4.440892098500626e-14, 1.1102230246251565e-14, 1.1102230246251565e-14, -2.220446049250313e-14, 2.220446049250313e-14, 1.1102230246251565e-14, -1.1102230246251565e-14, 29.89122239856063, 45.715599731405405, -10.657141277107542, -0.8473013640049203, 0.07975535537013911, 0.3914619369928687, -0.09364571901994623, 0.2656561912911002, 0.974006422399043, 2.4510556450729837, -1.0293435097109978, 1.8425785762215128, -0.7285112099232265, 0.7315587388512199, 4.8155001548833525, 4.194201777843432, 3.0957588020980893, 9.208373957824847, -1.5705552345410752, 0.04860334975523983, 1.2468456486055857, 1.0796499592151463, 0.6860718316629573, 0.3901783057916077, 0.33217117924283457, 0.7199861026426788, 0.4417259526476869, 0.21778691414044715, 0.2646464008445264, 5.284917115251062, 0.7473736070947439, 3.828472813705048, 0.373953519117606, 2.12464017768923, 0.8800965330013355, 0.34897765901502, 0.7762482415085401, 8.789083060338726, 4.626133918921084, 3.758463297460878, -0.0020813103595855864, 2.3098349059891916, 0.3554222954577426, 1.4278716363255626, 1.915833452691345, 4.34942683714678, 0.18842250799553995, 1.5889342194436722, 2.533011541542237, 2.1955460547803796, -0.9477841055675071, 1.3426924824809703, -1.461368660932294, 5.486559991193872, 35.00120927959449, 23.917911794122034, 3.6200072485995136, 39.76554836434403, 37.750494418340395, 4.181738353312994, -2.8093004572045857, 1.442909457962969, -0.6730466210241275, 1.6774970191817147, 3.101446894165747, -3.663304892942392, 15.799627295917674, 43.772462926572416, 17.19214771316063, -2.220446049250313e-14, 0.0, -2.220446049250313e-14, 0.0, 1.1102230246251565e-14, 2.220446049250313e-14, -1.1102230246251565e-14, -2.220446049250313e-14, 0.0, 1.1102230246251565e-14, 2.220446049250313e-14, -1.1102230246251565e-14, 19.509431889754353, 28.017511917129212, 1.5763312933928546, 1.274254833118448, -0.1728261389346244, 0.6071908517756128, -0.9330915681382521, 0.8718747524957848, 0.36496743929558306, -0.3347443969648225, 0.8009527110497174, -1.8059873707932184, 8.147292590030759, 16.95082172916466, 0.6158270254069294, 0.13495436396212313, 2.3967990028478994, 7.777313943606146, 4.447695507972583, 1.6734266323616112, 2.1418280599018544, 2.5504216573446, 1.6728070688382104, 5.772450134387157, 0.05863682650431201, 4.103530282432018, 1.0634306107501743, 4.5757076436779585, 0.15063937348145373, 1.8969746162823071, 1.7298839828946484, -0.015585971031327972, 1.3346331081281164, 4.29827705367984, 1.6915826122294675, 2.3316157395344135, 2.0517881662837, 0.8597818163514148, 3.04346717880469, 0.10970888820384062, -0.018927817101371147, 4.59409774436881, -1.8003100114310655, 5.945451994410632, 0.25898830668040773, 2.6321808861415548, 1.8362858757233198, 2.113648654007193, 3.608769493604086, 0.36100002349041915, -0.425489178563339, 1.8188520699005721, 1.3774002373663166, 2.06902777134178, 3.779793409518277, 0.2834586373166985, 0.5517330208643898, 4.744472476624196, 0.4516581849981094, 2.1199654196807387, 2.4513741021804663, 0.7195104998783108, 2.1722296336181444, 1.6570891841415687, 0.5809094042843981, 1.9647986391979657, 4.533334312459829, 2.559407865824255, 2.2356984116729564, 0.20402068858038547, -2.8164762169133155, 16.262409712162423, 34.80396360221181, 3.4511923647600895, 2.1348633597180537, 0.5506799621945646, -0.23948176736712412, 0.40621467374757003, 10.361712523961643, 24.113265768180156, 7.436752968202654, 1.1930266276680186, 0.2449593876738163, 0.20550581318758532, 1.6252920606324324, -0.733105599800183, 9.048957543904407, -0.40931718642036685, 9.01824868621759, 0.360157096175044, 4.5544240973256365, -0.7032529605044147, 0.7020727615547457, -0.7126571775427237, -1.0138880396708032, 0.903039889621823, -1.404239553565617, 0.08119514995678401, 1.1664382121165886, 1.042835074227753, 3.3572110254164045, -0.0033838835577171267, -0.5579176810986155, 0.09167398640511237, 0.6944551988158878, 2.5469850598609582, 9.34793806324899, 0.6802662246259388, 0.8893920251879308, 8.565184572376552, 3.5591784720977557, 7.4375588672506865, 13.738897027194753, 1.0151784806236037, 1.2517053707041441, 0.5677076719870229, -1.1288402177926855, -0.6054179808725166, 1.5355841911017478, -0.5416839354587637, 0.27176771065637695, 3.4578683340598673, 1.4950661712783813, -0.36510550143293585, 7.981337379385536, 27.15996854538372, 7.642539646808842, 0.16827805755453085, 0.6787019611318925, 1.141404920387771, 0.11645461928401346, -0.2477458895643565, 1.786721478889035, 0.05832001949133314, 0.5128171597312416, -0.3918733821361826, 0.047583457752722325, 0.24222495363365226, -0.5035646174123798, 1.778309190745631, 1.2194299142828697, 1.2058061720906892, 2.3455259676483706, 2.962510692555867, 9.099508330186694, 2.6104177909764807, 17.315005805431326, 48.27536975273293, 18.446103256775018, 1.1527085346859849, 1.1809869900239391, -0.10330332381795415, 9.012325384652627, 14.965315997841799, 2.4633239823936037, 23.598485545159292, 5.677987288123745, 2.5612644966781772, -0.0040290325327987375, -0.16132767250917368, 0.4921864330127619, 0.0119842031032249, 1.1646120504309465, 0.0795281895698281, 1.8100826059642259, 1.36117915641762, 25.018008566627486, 10.514184747050422, 0.2470796399596793, 0.4401670992399431, -0.16861123138562562, 0.22749166857863656, 0.15218456000803826, -0.1808302216252855, -0.04795995564631994, 1.4472759024042148, 0.9835690012458826, 1.4564373959774457, 0.6301385820087262, 2.375052882745763, 3.4617137967369445, 0.3497008243998039, -0.7224866820524767, 6.579566090130982, -0.29870724217488487, 12.863685206252171, 8.07373644351776, 1.733128059434648, 0.8664111361219398, 0.03394188298483414, 2.8567070338168605, 10.052046512926609, 0.454195179605108, 8.311543091801013, 3.9269511821961487, 4.4786931147557425, 3.0649526224021884, 6.819973850687006, 1.5644951773456341, 4.352839200632673, 0.5809000457068123, 0.07102716340841653, -0.4012360665127517, -0.028323182448161788, 0.59772731244243, 1.0458572955059253, 2.6258920663192384, 2.1737953516336574, 3.358690028370006, 3.2240209720137045, -1.5643747326926132, 9.746254376050445, 12.43415931976449, 4.2376615184466, 0.359299886494, 0.07835166760975198, 0.7609874870352371, 2.1206483967115446, 1.7601630359251317, 2.5046319331681275, 5.381286188573199, 0.6308153691751954, 1.0246869494183954, 2.801585283526265, 1.2413001270591053, -0.49349307268724374, 0.18929685213390712, 0.5950519454269738, 0.27956979450380004, 13.609725397306818, 20.888991675640625, -0.04447953047537112, 1.4074911722245815, 4.666844761508969, 0.8119545263975851, 1.9038838073133775, 0.11552181057481903, -0.22147669299738482, 0.009912096074458532, 2.1614578671160416, 1.31005737921555, 3.1393525060285583, 2.895322343782709, -4.657591317773949, 47.163073979363446, 37.83066161281951, 2.220446049250313e-14, 0.0, -1.1102230246251565e-14, 2.220446049250313e-14, -3.3306690738754696e-14, -3.3306690738754696e-14, -1.1102230246251565e-14, 49.30408804845689, 46.88664159224038, -7.704977392450132, 2.6889717418903274, 5.519093242683994, 0.9778721592265356, 6.238722708662294, -2.7821325697244674, 0.3114047157332607, 2.8805428603114933, 26.869673222170775, 34.44271892396114, 8.035719533065382, 2.220446049250313e-14, 1.1102230246251565e-14, 0.0, 0.0, 0.0, -3.3306690738754696e-14, 2.220446049250313e-14, 0.0, 1.1102230246251565e-14, 1.1102230246251565e-14, 0.0, 1.1102230246251565e-14, 27.06001044817542, 41.808117168431295, 9.227259287312336, 1.2851886196310716, 1.5251442687670078, 1.1750809668826605, 2.3005631965493194, 0.373984151176046, 0.9657639598949572, 3.8204340683153077, 2.8507785635661094, 3.4149433293930542, 2.2581336787033024, 0.3044696101929958, 3.344873682134903, 5.103066940241831, -1.4159489970759864, 3.5492602599641714, 0.0647571666352178, 2.471997180532753, -0.19327253043297787, 0.16809629784546587, 1.5650207794369067, 1.373455139782891, 1.4462513262563448, 0.762881059280005, 2.43308523722294, 0.7438857337108402, 2.4018809658954297, 1.1698667456420253, 1.392303374174844, 5.1892123255136084, 0.7112164097572986, 2.344736381331586, 1.0882340387147451, 0.4392045683706556, 0.036053987569744095, 0.01658710798545826, 0.0915022435708579, 2.3910392786534658, 0.08189833182859729, 0.6627837332684976, 0.15995068066229123, 0.013787438956001097, -0.05176801587367663, 1.1197875640551729, 0.8044017963005672, -0.914800295674695, 1.4903756111696111, 0.5895596736369271, 0.31705776250612416, -0.052554875490613995, -0.7145487363993652, 1.1808429199625152, 48.094707849586484, 53.38701138129966, -1.1102230246251565e-14, 0.0, 0.0, 2.220446049250313e-14, 2.220446049250313e-14, -2.220446049250313e-14, 0.0, -2.220446049250313e-14, 0.0, 3.3306690738754696e-14, -3.3306690738754696e-14, -1.1102230246251565e-14, -3.3306690738754696e-14, 3.3306690738754696e-14, 0.0, 1.1102230246251565e-14, 3.581139361304068, 20.513579906972495, 24.190977246471533, 12.17884068747128, -2.054961905720006, 2.058620811177775, -2.998369237447207, 0.14811080282026978, 0.8001737421639064, 3.701627916662119, 0.15863583133284465, 0.7674857472400163, -0.6211538949913802, 1.2722467280440242, 2.504919649217868, 3.5578546908689077, -0.017101162334881792, 0.7230342095747346, 1.352242146097069, 0.12347617390059895, 1.370669214638042, 1.3488619163130124, 1.4268535557820314, -0.10223775847509842, 0.9761309500250377, 0.2644457150442463, 0.795175740023808, -0.17189264787020875, 0.8976760774962713, 2.628899509643361, -0.6560896514836259, 2.276138839989244, -1.6794394131850368, 2.990332046621802, -0.52618933283361, 7.7797297346347705, 2.725675498372425, 1.6142778092514618, 2.2719842020338774, 2.952127305453814, 1.5076934968807336, 0.36578683538937184, 0.7340529129755851, -0.6654804591482844, 1.4656904573555494, 1.7591496384058019, -0.26297202298326283, 3.351953487304854, 39.090579919594546, 31.739034767562046, 1.1102230246251565e-14, 1.1102230246251565e-14, 0.0, -1.1102230246251565e-14, 1.1102230246251565e-14, -3.3306690738754696e-14, 0.0, 0.0, 3.3306690738754696e-14, 0.0, -1.1102230246251565e-14, 0.0, 27.1004354587008, 34.277243246447256, 4.50515681892665, 3.45902060587332, 0.1849247745798266, 4.295190910322958, 1.428832696588188, 1.856791884883478, 1.1777018483946904, -0.5871119684260293, -3.650519890957355, 42.75838277106806, 38.89794056295506, 0.0, 0.0, -1.1102230246251565e-14, 1.1102230246251565e-14, 0.0, 0.0, 3.3306690738754696e-14, -3.3306690738754696e-14, 52.05160281311848, 55.391380371156345, -8.042549641903179, 0.861718493062881, 0.6519232989612647, -0.0332357568649968, 1.4571219192650915, -0.49318456086058404, 2.450399982885756, 1.3974817677359397, 5.4478653802212875, -0.6664127946922918, 2.723729602400226, 0.7611642568648449, 1.9750848286379323, -0.5604006575522362, 0.1661110531712211, -0.3902637673540994, -0.396830666099504, 1.4699461409109063, -1.6140933497397327, 1.7209420311158965, 0.14225015857613243, 1.553702384013718, 0.5981860339499576, -0.0019773732669818855, 0.16233646603200214, 0.9610964803101751, -0.6046683034915077, 0.13293526898587515, -1.3724734989173157, 0.9923517339703949, -0.16894801884996014, 0.9290325259605652, 0.4857996284672481, 2.150445862857964, 3.603056958490697, -2.6441526258256545, 10.0138706391906, -0.7847413285560378, 4.828163627818185, 2.4416041015580277, 0.031416910211760296, -4.787137007401611, 2.1459036708607755, -0.07107693663988357, 0.0450966530892174, 5.9717761070292, 1.1357425361982223, 6.177218221848534, 0.15898487280037443, -1.596777751314903, 2.2347560197817984, 44.395624127287704, 39.24747198119823, 2.220446049250313e-14, -2.220446049250313e-14, 0.0, 2.220446049250313e-14, 1.1102230246251565e-14, -1.1102230246251565e-14, 0.0, 2.220446049250313e-14, -1.1102230246251565e-14, -1.1102230246251565e-14, -1.1102230246251565e-14, 0.0, -1.1102230246251565e-14, -1.1102230246251565e-14, 3.3306690738754696e-14, -1.1102230246251565e-14, 37.19781942505777, 48.39105789713625, 9.677164032888527, -1.6790031725115568, 2.7898289585014027, 2.372883544719002, 2.1553934376447614, 4.253373185427108, 2.7457778546533973, 3.6726425966611487, 3.6336298485784937, 1.758013152968715, 2.098797145775734, -0.32103738127898396, 1.5198503239023466, -0.27917453648092305, 5.9284821819268245, -0.8581252020829879, 2.3308852167266423, 2.187352703618899, 4.918789070775233, 1.8756095878611632, 0.2991036816824817, 0.593185045461496, -1.3886062607996905, 1.0937983004374132, 3.3720921055906388, 3.4285223726528784, -1.4944762139130034, -0.09526958580590872, 0.2121745984171639, 0.7499689842626367, 4.4219205033697335, 0.12794210101742465, 1.9598911514221982, 1.748703845546629, 0.9942463402265957, 0.08903616169664019, 0.20794481576041335, 0.3978712313061692, 41.74454766491672, 2.8983714005961474, 46.7673992987547, -4.934054035838585, 2.0963454501493857, 0.3680552678529807, 1.5861152051497243, 0.2755723343493628, 1.8792295754414, 3.278247252246672, 8.050791166132171, 2.4405632550790415, 1.9029976515826093, -0.15552742375211892, 1.019974992752509, 0.33176489437755663, -1.6311926583232434, 1.3232819108139893, 0.964738743382668, 4.450618813359142, 0.14031886736120214, 3.244109155887827, 0.6784742261270367, 1.366414759891427, 0.24632490252758998, -0.12344004557644439, 1.495886989788005, -0.04609597955504796, 1.482017587244627, 4.611975109878244, -1.6074905683681209, 0.009683682559852969, -1.4555364543535916, 1.8868649519464498, 4.5162684841252485, 2.923439794942283, 1.762295525117679, 5.64063775710315, 3.8605267826366116, 6.297332720454165, 1.4845771934442382, 6.283801070402205, -2.4743967815718406, 4.59259366306037, -0.6737860870396162, 6.243134566395611, 2.220424082350064, 1.3288359895107078, 1.6275853782017293, -0.25205987726928925, -0.005865800530727938, -1.2352741007865689, -0.03607536513118248, 0.44562389342627284, -1.5703093576590845, -0.2909683125192828, 7.066974180742761, 5.290738100533304, 0.24531464920823964, -0.0323171708926111, -0.05664301915817305, 0.17297863501028132, 0.3043121758967118, 2.1026217414747634, 0.26874550193292635, 1.736345725807496, 0.4423937546455363, 1.226386397222882, -0.07667861716117841, 7.87985669291777, 2.5122043408473473, 1.6893445876488613, 3.8441746158865726, 0.32182455571035007, 3.0043566238805397, 0.18595258293771622, 6.606043570289103, 56.23728974562562, 54.84776098492557, 0.0, -2.220446049250313e-14, 0.0, 2.220446049250313e-14, 0.0, -2.220446049250313e-14, 0.0, -3.3306690738754696e-14, 4.440892098500626e-14, 1.1102230246251565e-14, 0.0, -1.1102230246251565e-14, 0.0, 1.1102230246251565e-14, 1.3615373451244555, 14.812978356293485, 10.69313551197709, -0.06413438887642542, 0.6835584031124711, 0.04381663124667057, 0.34035482141027273, 0.46134267067938595, 1.2430272871149555, -0.295942153518979, 7.1964746843432295, 20.1978467225847, 1.2136637882530295, 6.098667081625194, 0.6097897467702751, 1.527418034216339, 0.08926870965137823, -0.6785930682035541, 0.04712377038663362, 1.659228056124448, 0.10936580781822158, 0.49801102451840507, -0.19872403444719566, 8.000790226246863, -0.2052202825805125, 6.847129676206805, 2.839445434270715, 2.008743886763341, 2.418410577148734, -1.1973271149050788, -0.23588293604404953, 1.5822358623496484, 2.1448432813785985, 1.2286966724412878, 5.792143844892621, -0.17886955569269958, 0.2372602073400003, 0.8729914346905616, -0.04640112948584374, 0.952463778617755, -0.7453397221479463, 0.079073308056536, 0.0684809015835981, 0.9493935578203718, 0.07120525405264289, 0.9873151698375295, -0.08953688522183256, 2.630225438468642, 1.1815922538711447, 5.553652746464309, 1.4840996100842858, 1.2033356112865476, -0.6965235021466469, -1.0839284875305566, -1.9073944787810433, 6.725570038639944, 4.766236718921164, 5.480122854725892, 0.01800891887137368, 2.621051941399628, 0.9197275932117464, 0.5129400088007969, 4.014943654545959, 1.275879726292942, 1.685162158128378, 0.6128866463859595, 1.604247103045509, 0.1044335125369571, 1.0032321004848654, 2.2322859592582063, -1.0683478288287915, 1.9791587217956703, 0.9757610234219101, 4.535071661420716, -0.651247653657606, 2.1612478096598124, 7.310505977908747, 1.1609902016044202, 16.744505959262085, 7.186797544765113, 0.7551558263694176, 2.9721452765940626, 0.079769009033555, 3.0345450698272884, 0.38846171589796086, 0.47895734308400506, 0.3715365448214243, -0.28122686000062913, 1.4051636472681253, 0.32621335213917746, 0.8958148448936072, 0.8653635268808557, 0.22020135313454148, 1.2771390168456378, 0.006022364343039044, 5.426044268788701, 10.934478007180758, 4.27997951903842, 8.430407564370512, -2.592786312666817, 3.952546033237695, -2.5606032254542015, -2.410170434096017, 0.4156719155025712, 1.9943769572038264, 0.6773836437125738, 2.963991717846625, -0.1319714471487714, 1.0826818824922384, 0.4477219568966575, 2.778423866740809, 1.220373414417736, -0.9914144788691601, 0.3759005901852106, 0.14852843984397168, -0.5418578773071658, 0.19913011622054455, -0.6002168031417341, 0.8853351099596694, 1.0187748841439088, 2.1878323197377085, 2.63788760758257, 0.6538058878229549, 4.526392867438403, 0.3282368583495554, 7.48627375977253, 50.41929294734365, 49.082235086859185, 32.683887707805596, 53.49088127487951, 8.973090531951357, 1.2098547768369485, -0.5143749472498484, 6.7935350772203265, 1.3429465303468078, 2.276620167551755, 0.2758804687823613, 0.5645539993337252, 0.7465007888037007, 0.015824362496232425, 1.196193633803091, 0.9792409991264321, 0.23085039658815276, 1.0066050078021362, 0.031702728493542054, 3.2440032377270427, 0.04375861432959027, 2.088027059400474, 0.09710373839845943, 0.5541558032825833, 0.9887025332054691, 0.22729336410759515, 0.8356124839297081, 2.463165259753282, 1.0341906293151624, -1.2061176506739457, 10.775243931942896, 51.103236046637846, 28.607306899867297, 1.1102230246251565e-14, -1.1102230246251565e-14, -2.220446049250313e-14, -1.1102230246251565e-14, 16.582996286001958, 37.441502613450666, 17.749304918291955, 4.7034679038533795, -0.41010164760604084, 3.7865699308329113, 0.05465556214130629, 0.9335641968478399, 2.1766780341361027, 0.3883197599845971, 6.238268243322636, 0.750408171077197, 4.652144830713723, 1.0509383590148218, 3.430715970558367, -0.16288365613047517, 3.24039568548244, 0.6969092756543205, 10.669172792136237, 2.537195328957978, 7.50969244435305, 4.104575650681909, -0.15593548956712766, 0.43781314500938606, 0.853326977985148, -0.6666676699173877, 0.6912139826140447, -1.016914318068416, 0.9929917119708307, -0.7937991003377647, -1.3828705429978072, 0.04037539284729519, -1.0552199376179487, 0.21750094280832855, 2.161065775720772, 0.7539204469560445, 2.7923829752091933, -0.641351722721879, 2.471337373688698, -2.7002028899385095, 9.541888535051953, 5.876269505605364, -0.46791521161492255, 5.3546622236558505, 0.34322818901159735, 4.639825185997324, 0.29966634253764823, 2.877251362992183, 0.69180317721964, -2.118027991577833, -0.40024068549053027, 1.6607000088830546, 0.39293914749157466, 0.5356149003109749, 6.947547502394855, 2.605152021526237, 5.297497881410209, 5.578442355392326, -0.12356770662245253, 0.43752045223175173, 0.8056084491827278, 0.05534804115438874, 0.057193138219645334, 1.3285324272151229, 5.717777128297371, 17.787663934982447, 4.136624158161908, 4.2445636319075675, 0.22002018525540734, 2.1201781809652402, 0.0017048587876615784, 2.034198350898805, 0.34040928888771305, -2.8468907224394115, 0.7729152226002043, -1.3648618832677357, 2.3781946095967896, -0.7030698530085147, 4.185565834361114, 0.4052308509858449, 2.8313906277282967, 0.4590586493554838, 29.987556749266048, 23.783139545136407, -0.21461209669200798, 0.3550127695860965, -0.32032725975142284, 0.8055927852767866, 0.582502529258278, -0.02823270928513466, 0.8615433981743479, 1.0629305232062336, 2.232425499103556, 0.8243872678574746, 0.32848202074353594, 0.5321413671444475, 0.6270931631475491, 1.061221099009657, 2.0106384500301715, 1.4319335562817628, 6.891055260343137, 1.1557964208691942, 0.7980822085112322, 1.8739600791938642, -0.153834254002561, 0.886078427098937, 3.239741828688807, 0.3558466736015191, 2.495525799040948, 2.3880608765615534, 0.04360987691936202, 1.9281911478555998, 0.13236120803779272, -0.5195801972496952, 1.7771522349040652, -0.4058152623065894, 0.2619027588858387, 10.274776734596351, 9.505570845941207, 0.0, -2.220446049250313e-14, -1.1102230246251565e-14, 0.0, 1.1102230246251565e-14, -2.220446049250313e-14, -2.220446049250313e-14, 2.220446049250313e-14, -2.220446049250313e-14, 0.0, -3.3306690738754696e-14, -2.220446049250313e-14, -3.3306690738754696e-14, 0.0, 1.1102230246251565e-14, 0.0, 0.0, 11.383102254098631, 38.556484425347094, 12.071219858114318, 2.3968888510318607, 5.936811581681809, 1.3977519320660576, 1.3941462531209936, 4.096763765034552, 0.2565862052125567, 23.77598913338676, 56.40055271668143, 29.953908315585963, 1.1102230246251565e-14, 0.0, -6.661338147750939e-14, 0.0, -1.1102230246251565e-14, -1.1102230246251565e-14, 0.0, 1.1102230246251565e-14, -2.220446049250313e-14, 1.1102230246251565e-14, -2.220446049250313e-14, -1.1102230246251565e-14, -1.1102230246251565e-14, 2.220446049250313e-14, 10.95413645321409, 22.527187112384524, 3.1749271666918446, 0.4275241953691875, 2.3214737864408903, 0.20552127180263824, 4.242414957572066, -0.513573829987763, 2.5126318179641203, 0.4155367964301604, 0.02230350728268604, 2.867611128309875, 1.7913910567715448, 2.987781552410354, -0.6790615325248837, 0.28210140189150934, 0.059706607149792035, 0.2937868895438669, 0.011748715930423259, 13.839990946720718, 28.81525870203373, 8.64049444224085, 0.0, 0.0, 2.220446049250313e-14, 0.0, 19.64427788952392, 41.055370019407775, -0.42031941860926736, -2.491150214408435, 0.9053324722277125, 3.029249867922431, 0.3302985551317761, 3.130637362543098, -2.077141081963873, 33.99569009426662, 24.5783277893201, 0.0, 0.0, -4.440892098500626e-14, 3.3306690738754696e-14, -6.661338147750939e-14, 1.1102230246251565e-14, -2.220446049250313e-14, -4.440892098500626e-14, -4.440892098500626e-14, 0.0, -2.220446049250313e-14, 0.0, 0.0, -2.220446049250313e-14, 1.1102230246251565e-14, 2.220446049250313e-14, 19.331979154673476, 36.66854556630389, 14.268725816188407, 7.174759137442834, -2.4117595440658306, 5.538007739937029, -1.6204984396588316, 5.8030823215954115, -0.9763879623359344, 3.628162106418472, 8.396424282416206, 0.8340965998224874, 6.518345363377875, 0.948771482957909, 0.18771233747520455, -0.25451467779885206, -1.4465508338089421, -0.5041971464662538, 0.5916123749398139, 2.111649841490248, 0.6438542863809289, 1.534756746927087, 3.5456479364322604, 12.243192314206112, -1.8374048792240956, 8.386746584838988, 1.855475190350262, 6.82211939769843, 2.7786018560231014, 3.4903121154552537, 6.677517219449328, 3.258493611457652, 13.68439327217368, 2.839005102439444, 43.14724795692055, 28.02065707605567, 2.220446049250313e-14, -1.1102230246251565e-14, 0.0, 1.1102230246251565e-14, 2.220446049250313e-14, 0.0, 28.01929117816573, 39.712653471948926, 3.7487790311266735, 0.43059078683540974, 0.7272172557486556, 0.8360254309368429, -0.5634863869586866, 0.03261714071766164, 0.6906137040890599, 2.2193356854193667, 2.5178047608293355, 5.714243458200713, 0.49837885437079876, 3.147008195508988, 1.9449927561006461, 3.3879827897034147, 3.695252184978017, 1.7713407356627613, 0.7603616124540622, 0.2062612944804414, -0.06368697605694251, 7.428005327777441, 1.6573173556183747, 14.36448364779119, 51.37037110108747, 35.33176969327238, 0.0, 2.220446049250313e-14, -1.1102230246251565e-14, 2.220446049250313e-14, 3.3306690738754696e-14, -1.1102230246251565e-14, 1.1102230246251565e-14, -1.1102230246251565e-14, 1.1102230246251565e-14, -4.440892098500626e-14, -2.220446049250313e-14, 0.0, 0.0, -2.220446049250313e-14, 0.0, 5.233496779752613, 23.95429557795717, 16.193103221259037, 2.4327239998882533, -0.4074624778120324, -0.05698170497271349, 6.933814629227072, 6.650147998558623, 0.7415894117718835, 1.8550795415392258, 0.8977580525033773, 4.174490978062636, 2.4140643824790686, 3.0016570039662156, 7.892735466230533, 8.725005043880401, 1.3585589317933682, 10.287801174583478, -0.5195019496970872, -1.443572398626543, -0.034601074869556214, -2.677274113478802, -0.2372853067570304, 0.1016304766922076, -1.2848767505228125, 7.051563606853392, 3.6244160651918946, 5.087113891928311, 6.4920887587787774, 3.4326228313752836, -0.0854978690988446, 3.760208366345978, 1.606491281688136, 0.5926411300342806, 1.996702831122775, 4.973154438812685, 5.35738529893456, 67.18775446671702, 43.37364285594995, 1.1102230246251565e-14, 0.0, 1.1102230246251565e-14, 0.0, 2.220446049250313e-14, 1.1102230246251565e-14, 1.1102230246251565e-14, 0.0, 2.220446049250313e-14, 3.3306690738754696e-14, -1.1102230246251565e-14, 3.3306690738754696e-14, 1.1102230246251565e-14, -1.1102230246251565e-14, -2.220446049250313e-14, 0.0, 2.220446049250313e-14, -2.220446049250313e-14, -1.1102230246251565e-14, -1.1102230246251565e-14, 1.1102230246251565e-14, -2.220446049250313e-14, 2.220446049250313e-14, -1.1102230246251565e-14, -2.220446049250313e-14, 2.220446049250313e-14, 34.113326747107024, 38.944481734587185, 5.151630435446066, 1.9603114248405404, 43.809083552878235, 50.45079544388412, 5.901760069974163, 52.81026205645807, 35.36306839816871, 8.354527942707307, 0.8993142531336389, 2.305381516051739, -0.35346968114072297, 0.3710960189797561, 1.4390027223261086, 0.365856142577627, 1.7451179100362424, 1.511309421288729, 0.16334954011790614, 0.6605972628062204, 0.5749264836125576, 0.13542120598731344, -0.07588188949716823, 0.7836026840839168, 5.542506253516535, 3.6165952797204, 0.6912550572743612, 2.3297442136018844, 0.7250084992043639, 0.9048457727872119, 4.245098207035426, 1.5024492906908335, -0.4138800791686208, 0.38102269718820025, 2.052899691900052, -0.30855881018840137, 10.915206131606055, 6.0101899886954016, 0.6374714939108799, 2.078880029897732, 0.7905334272516029, 1.2003574870453804, 0.12576546508915953, 4.292950841180982, 10.707715053355855, 22.337549304866755, 7.948832322168677, 1.1102230246251565e-14, -3.3306690738754696e-14, 2.220446049250313e-14, 41.135746632861384, 47.05942322837387, -7.025946189331648, -0.31885088207673107, -0.706629121800006, 1.1136098306729991, 0.5472180858987485, 3.547531321073393, -0.3620138403556439, 2.0594543046285025, 2.1668961980951735, -0.009320976150661409, 0.4766686414387209, -0.14538384187426345, 0.7591753581680223, -0.819600436026235, 0.7622997192077037, 1.3824349799490392, 0.385306453586054, 0.1007243818430652, 6.615635267845846, 1.140786891830544, 1.8241969815192078, 1.3339487822344154, 0.2896325334447738, 0.9958249896394591, -0.08526837246756713, 3.3377546461456404, -1.1424439784459537, 2.152619184903756, 1.8095720216253426, -0.4544794072373861, 33.564214653074, 25.90355679215554, 1.1102230246251565e-14, -1.1102230246251565e-14, 1.1102230246251565e-14, -2.220446049250313e-14, -2.220446049250313e-14, 3.3306690738754696e-14, 0.0, -1.1102230246251565e-14, -1.1102230246251565e-14, -1.1102230246251565e-14, -3.3306690738754696e-14, 2.220446049250313e-14, 2.220446049250313e-14, 1.1102230246251565e-14, 1.1102230246251565e-14, 2.220446049250313e-14, 2.220446049250313e-14, 1.1102230246251565e-14, -1.1102230246251565e-14, -1.1102230246251565e-14, 0.0, 0.0, 1.1102230246251565e-14, 2.220446049250313e-14, 2.220446049250313e-14, -1.1102230246251565e-14, 0.0, -1.1102230246251565e-14, 1.1102230246251565e-14, 38.15933563152174, 38.73120394959463, -1.6300303669736422, 0.8640099513900168, 0.5506228227178553, 0.9451468489899639, 1.638907011038043, 1.7593789232512336, 12.014673713225193, 0.11354080232899832, 4.716390615229329, 5.4269538585883765, 1.2127539770521025, 2.3987747543110345, 0.11723294808871287, 3.3882072372936705, 0.9373402884681354, -0.9936181735222931, 0.39640199646470364, 0.31102045184979943, 3.1354915479425927, -0.8647229136399233, -1.2368661734974467, 28.69487875031959, 21.81134922071798, 1.1102230246251565e-14, 2.220446049250313e-14, -1.1102230246251565e-14, 0.0, -2.220446049250313e-14, -1.1102230246251565e-14, 1.1102230246251565e-14, 0.0, 1.1102230246251565e-14, -1.1102230246251565e-14, 2.220446049250313e-14, 0.0, 28.112124417745434, 30.720507811131966, 1.464275135911123, -2.2943769134778904, 0.5725722638054549, -1.0691315387450118, 1.0046337492132693, 1.6327981852863331, -1.0499225516999218, 1.403673101440802, -0.07146814673984636, 34.536635463460726, 29.69215599163698, 1.3149716909540103, 6.513498231957001, 6.583017818342512, 5.254403522905221, 1.6413134325727299, -0.07160987397736562, 1.089153285211239, 0.274792454270937, 1.1922003780279056, 10.237797247318639, 13.621944559594851, 32.49892498488964, 1.461623136691287, 6.083194291724908, 0.2941393959886227, 6.199759426453511, -0.028129518917467067, 1.1223734727024066, 0.7432153417014433, 0.0692725597474464, -0.5694319797798926, -0.6646468666015153, 0.5203415989556106, 1.240585108567302, 0.5969634563202817, 0.17921278957419418, 1.170361464041548, 1.6235242420243594, 3.1276962456885258, 2.7905809490428055, 3.276578492373801, 5.184271739355495, 0.013763336516603886, 2.453501248927523, 0.2600837836785672, 0.004727316372509449, 2.542917469800841, 2.3737663341330517, 0.739336937631208, 2.342698947051133, 0.46153347294898595, 2.025414126796875, -0.6517032037244235, 0.2735832868769421, 8.516613391824762, 4.160932209146949, 8.895844495768301, 13.131440217761906, 0.2279907235679275, 3.1800646318022814, 2.4507288647937457, 0.4225164144253313, 0.5969104480973328, 0.7879676436641603, 1.649935900102264, 1.818858783344922, 0.17630435918454168, 4.99521515045177, -0.11458599896940314, 4.130413820548142, -0.11442662725482933, 5.2007162714754145, 3.5024495933746493, 0.6056430017467846, 0.6112479301990561, 0.7080292519221985, 2.0270679144493897, 6.639506269004187, 2.4515426462513688, 3.9618266686524635, 0.57845744272106, 0.09219084976848535, 3.262009625015992, 3.2205601986175907, 1.9888429798626248, 0.47815028074336396, 1.3555263008097427, 0.8606642644028284, -0.05700742773018419, -0.10513982450027015, 2.054121431300814, 2.2619342379165346, 4.233557490622047, 0.23077661763522883, 2.145566541462813, -0.0001991072101645841, 2.008318265391779, 0.35507770279230044, 1.8946269374678195, 0.43125150433178305, 0.14260938329209694, 34.11080962389764, 28.73995907758197, -1.1102230246251565e-14, 2.220446049250313e-14, 0.0, -3.3306690738754696e-14, 2.220446049250313e-14, -3.3306690738754696e-14, 0.0, 0.0, 0.0, 0.0, 1.1102230246251565e-14, 0.0, -1.1102230246251565e-14, -1.1102230246251565e-14, -2.220446049250313e-14, 25.229867902382097, 28.19087921056584, -0.5370158816224944, 1.184413209736988, -0.6697171738693442, 11.241070458992453, 26.978638595585352, 17.700563187883915, 2.5026762893101413, 0.0, 1.1102230246251565e-14, -2.220446049250313e-14, 4.440892098500626e-14, -1.1102230246251565e-14, 2.220446049250313e-14, 1.1102230246251565e-14, 3.3306690738754696e-14, -2.220446049250313e-14, -2.220446049250313e-14, -2.220446049250313e-14, 1.1102230246251565e-14, -2.220446049250313e-14, -2.220446049250313e-14, 1.1102230246251565e-14, 38.396651902644464, 35.64339176626254, 0.6436892564962591, 0.38205776839987493, 2.9634359901300513, -0.011141132061766257, 3.0560304279541697, 1.1959107599950585, 0.33340403634178983, 0.45357720364654597, 1.2226472557358647, 5.46292203339226, -1.2138708441110566, 1.3109475535535466, 0.36192631484459525, -0.27392553898732785, 3.6754131545160362, 1.1317625136543938, 0.8695654526306953, 2.9361749629529186, -4.0418825345443565, 0.6310172636162861, 5.2209644689229435, 7.227373938337905, -0.5016102773173543, 0.7187575247549489, 2.051845761352979, 0.8418447152001818, 1.2821192824461605, 3.3821946788884816, 1.8163495666014455, 0.2086278961098742, 3.296744842926671, 0.24584677104576258, 2.6465164483022363, 8.30245804733579, 2.981490570916833, 0.20201513504591162, 0.7948755888772894, -0.0009656203662871121, 0.6499513492399274, 0.09258514477454582, 0.9872105491598973, -0.10145612182830632, 0.630837532369128, 0.029110764259314692, 1.765958517877209, 17.47371549201874, 10.124176323353332, -1.1102230246251565e-14, -1.1102230246251565e-14, 2.220446049250313e-14, -1.1102230246251565e-14, 1.1102230246251565e-14, -1.1102230246251565e-14, -3.3306690738754696e-14, 0.0, -1.1102230246251565e-14, 0.0, 0.0, 17.221455098506638, 35.95488689278395, 12.124610943852701, 6.233757017591529, -0.10523888725327879, 7.455006549432369, 1.3387819232159472, 5.344832611111826, 1.1263968338034829, 1.9283747164900547, 2.440373298805355, -3.0396114977712045, 40.10596771747592, 38.259608198154154, -1.1102230246251565e-14, 3.3306690738754696e-14, 2.220446049250313e-14, 2.220446049250313e-14, -2.220446049250313e-14, -1.1102230246251565e-14, 1.1102230246251565e-14, -3.3306690738754696e-14, 1.1102230246251565e-14, 0.0, 0.0, 0.0, -4.440892098500626e-14, 1.1102230246251565e-14, -2.220446049250313e-14, -2.220446049250313e-14, 10.88969303308594, 20.943960424958448, 5.566351584002916, 10.563660938078101, 10.88929326319544, 2.1069910776075176, -1.2767274392824675, 0.27828611267295855, 0.16967305966090862, 0.14026049743165458, 0.07332203347129962, 0.5892756554243306, 1.2023340153302797, -1.0362994259996867, 2.0059394458603492, -1.2950213727392565, 0.6838527142294879, 2.783887776268898, 2.223900854991598, 0.1017439604963215, 7.317644696385457, 10.747261088000954, 3.4383438616828528, 7.9148304326600964, 1.4289709754411888, 0.1330518716856659, 2.104826139210445, 2.368075323223934, 1.7991797676511396, 0.9880362961673654, 1.6890366026827905, -0.33241004488922954, -0.3935270275486573, -0.061860147924562625, -0.490957316874983, 0.12173654495870778, -1.4006254626579562, 2.2174478408920777, 1.352018323289144, 4.891128666695408, 0.08851023223917309, 0.6541550023936225, 5.495156883731283, 2.890788246338957, 2.511260468579735, 0.6974678863100507, 5.398960184717339, 5.894790824013626, 0.31780348729705565, -0.27476067679572225, 0.7012503931193805, -0.656375646152469, 1.3102042268941432, -0.19000254204115663, 1.7426896450942877, 0.2646840921252078, 0.2599706109386375, -1.3323079445642634, 4.288548238048293, 2.5581968463491194, 2.7879999533411137, 10.479882455708093, 11.110151861208465, 12.307303734081586, 1.1863379838004562, 8.240597527909529, 3.2623622148291815, 1.6477176527864401, 1.0870685522864676, 1.197097870263292, -0.3584123297508768, 1.2153816237046726, 0.39867298103183657, 0.03326773888625212, -0.4339011023953958, 0.04661604457919566, 4.113229674999786, 12.807423003574286, 7.427868684701139, 1.7737543430980622, 0.015333112009216165, 3.7921909098905644, 0.5009406762127355, 4.009113409979818, -0.19439201644263449, 2.162391462144001, 2.180217332999405, 49.10123273784819, 56.80425429087413, 0.0, -1.1102230246251565e-14, -1.1102230246251565e-14, 1.1102230246251565e-14, 0.0, 4.440892098500626e-14, -1.1102230246251565e-14, 1.1102230246251565e-14, -1.1102230246251565e-14, 1.1102230246251565e-14, -1.1102230246251565e-14, 0.0, 0.0, 0.0, 0.0, 2.220446049250313e-14, 0.0, 2.220446049250313e-14, -4.440892098500626e-14, 0.0, 1.1102230246251565e-14, -1.1102230246251565e-14, 0.0, 0.0, 1.1102230246251565e-14, -3.3306690738754696e-14, 0.0, 2.220446049250313e-14, 0.0, -2.220446049250313e-14, 2.220446049250313e-14, 3.3306690738754696e-14, 2.220446049250313e-14, -1.1102230246251565e-14, -2.220446049250313e-14, 26.586491520117818, 34.86491059564247, 3.7781676756649745, 0.009235734803951345, 3.3971901486974616, 0.8244924666472571, 3.8119804138278823, 0.5755189959848508, 1.3885442958475096, 1.049185355082841, 4.662947050095795, 1.7606525483304267, 6.497464847295021, 5.041104879839679, -1.5797868103072688, 5.5707031424690285, 32.662241795750504, 35.79370780960238, 1.3380978850413126, 3.3306690738754696e-14, 0.0, 2.220446049250313e-14, -3.3306690738754696e-14, 1.1102230246251565e-14, 0.0, 1.1102230246251565e-14, 1.1102230246251565e-14, 0.0, -2.220446049250313e-14, 10.550464858371363, 21.85023099839563, 3.018326266024303, 0.05017691533402058, 0.2840753080348577, -0.2643738211315849, 0.6974547928120387, 1.4793430718071932, 18.806660104625962, 8.20004011763956, 11.175477129385285, 1.1542512880026834, 4.93476835350009, 0.2094289423545206, 1.719863374616125, 0.3998120646275538, 12.137683785692047, 37.26834681019889, 11.6475433224131, -1.1102230246251565e-14, 6.393922342293031, 22.122126253042282, 12.55192583218988, 0.8316298214048174, 1.7627450264379263, 0.3953372879705057, 0.3755838292416911, -0.39567512766279833, -0.8697970237681147, 0.14157839241892134, 1.8091530831445652, -0.8011653009849056, 16.319098848420026, 10.169134549572846, -0.5447997963472062, 0.4095051324260339, 1.524474094437096, 1.1429640366661715, 1.40047972730315, 0.010958594865883242, -0.5823812870123675, 0.10964997358939854, 0.06210402285273631, 1.763778947425294, 2.4911712992011417, -1.0691593442097655, 4.0971980044711245, 1.648239157220587, 3.8239100109498168, 15.65024467935848, 2.8413259724876525, 2.144173380707514, 0.3457810822648071, 4.633009382253476, 20.467552247369326, 14.717443273845348, 1.3150139200993394, 0.0, 0.0, 1.1102230246251565e-14, 0.0, 2.220446049250313e-14, 0.0, -1.1102230246251565e-14, 0.0, 1.1102230246251565e-14, -2.220446049250313e-14, 2.220446049250313e-14, 1.1102230246251565e-14, 2.220446049250313e-14, 0.0, 0.0, -1.1102230246251565e-14, 28.152527739112514, 32.21812273259383, 5.827623277714963, 5.401726647827786, -0.9770516576986665, 1.042107775177783, -3.1500727984196146, -1.9602859959805983, 3.6171005400888134, 1.2479124290252912, 1.9697253297562156, 0.14273159155919757, 6.541029828928913, 2.6228003844161094, 1.7903211875095622, -0.4182315390974054, 2.9350735840368998, -1.2386953434476027, 1.2708846944703964, -0.3600849741357024, 5.6583641556566135, 1.840805446781701, 5.074391286863602, 5.543963830828034, 0.2277882167552434, 2.4657875138940426, 2.7375315457409215, 1.407349505421621, 5.801205050954309, -0.6745369331652, 4.163469599324344, 1.5011478225305837, -0.4902117614127519, 0.5508753469727026, 6.504312031175971, -0.3551691311743639, 3.2868819981818547, 0.1978962884925295, -1.3191771259903362, 1.7169875210736336, -2.7457651903744136, 2.7207958924352056, -0.06156314431279952, 2.9590017835666913, 0.8134973183946386, 3.672678283371283, 0.26468710229391945, 1.698133391599356, -1.0354367125434578, 1.2656471062256287, -0.4278272364449549, 4.0584830161026275, 7.548988767940386, 9.595636455193585, 3.2950009228828208, 0.9382563100991206, -1.530361444898972, -0.20379573936600082, -2.412602468627938, 1.7433332755482525, 35.04363837661404, 27.719008499290908, -1.1102230246251565e-14, 0.0, 22.398470716813947, 27.99949942929112, 0.4184859065159685, 3.001012084850629, -1.618156166699805, 1.2475175372876492, 0.9441629607509867, 1.629272805431242, -0.2811725745777949, 0.23041446223999174, -0.9646034663516616, 0.2117842560692793, -0.22827688066439578, -0.07125130416585534, 0.23830517285762198, 0.03074494189951338, 0.22898019357353405, -0.07450838021168238, 1.0462283669196495, 3.152057831534819, 34.21859184794482, 27.416745750256766, -1.1102230246251565e-14, 0.0, -1.1102230246251565e-14, 0.0, 0.0, 0.0, -1.1102230246251565e-14, -1.1102230246251565e-14, 2.220446049250313e-14, -1.1102230246251565e-14, 2.220446049250313e-14, -3.3306690738754696e-14, 24.715782301410144, 25.462171000963963, 3.9339269683697466, -1.2026737285451645, 4.175304370865831, 1.8697446993317044, 5.019497574822083, 3.365714400807235, 4.84796311589173, 3.182792443211383, 0.5623469205700076, -0.17032355642925268, 0.8124774679313305, 5.049707448340541, 0.22844871533447986, 9.991871566703935, 8.053707788250904, 5.84737856926057, 0.8443865645241715, 0.31085411807754326, 0.9337025150852583, 1.1126923328974385, 0.19505080001107444, 1.528916425799082, 0.34273997213983876, 0.4155705796614484, 0.1238637356267418, 0.0701803382847288, 2.8055682201151058, 4.621473153793943, 1.470184375805104, 4.577287337425275, 0.11090923429514987, 0.0968985013757333, 0.16910585743147521, 0.3679418763813942, 0.5980374300644371, -0.08637830713300332, 1.7382557038266668, -1.1243749010886859, -0.07845341470186895, 0.1621391967944419, 0.5090624475703862, 3.7570592139825862, 7.820303105073833, 5.417984716027831, 2.6196823999943035, 1.3123610829550216, 0.21485025804747693, 0.2631398473899935, 1.5608958449296324, -0.6301584030427421, 2.2837789784799725, -0.8873839594212996, 4.3857708036550775, 0.9132776248799246, 2.4695395171754626, 1.0754798415312052, 3.5422875919132366, 1.2965777419371989, 7.247415351859331, 0.7598841588605865, 2.5481694154459547, 2.443484082472878, 2.8528937293410763, 0.048077583498752574, 1.7983480836531953, -2.966237094750227, 2.7947728807539534, -1.1312823128133687, 1.4301871572550908, 0.14828459140062478, 1.4113828842174598, 2.0542491204513453, 0.7377616595741756, 2.0672713936401124, 0.38797927591849657, 0.08638440553187365, 1.0353496570198786, 0.4171190730436365, 4.46771334993457, -0.6560828221429347, -1.7296964309274472, 0.5406461399275031, 0.9423828560628635, 8.958177007095628, 7.342045191728346, 0.8983181053688156, 2.047950182487398, 0.19563502108570674, -0.1586565383128118, 8.156925881493294, 7.774298620389288, 0.3184557765792988, -0.42635406916281227, -0.9906301647907299, 0.634022216187077, -3.1958604280162035, 4.3953911500979075, 3.6801950377160892, 4.870387462928022, 0.3126846376674166, 0.1372184352547947, 0.6285663445083856, 0.08059566044477151, -0.27484386425953744, 0.4839100752122931, 0.17727199695440277, 5.984391131265454, 5.99431412666388, 0.37300213089361023, -2.3411144583355963, -2.2053319101886473, 0.08106440014216787, 8.797177785223084, 5.1730764294031815, 2.6438751309143527, 7.330996102580116, 1.484344938740378, 5.849652455547812, -0.4713923548558796, 2.4459866926350173, 5.898324121561473, 0.09258298939727183, -0.18803730442436972, 0.26218425536785617, 0.3198156272291044, 0.1492798181187709, 1.200861571305495, 2.807966169439851, 0.8100769079953807, 0.9690207668331823, 0.49898188863414816, 1.5103520456822253, 0.7853332137705706, 0.4196157592837153, 0.7329826257581544, -2.453318944176999, 6.304085223611196, 0.8017537401086656, 4.948491472841738, 4.576431006155076, 0.6443877136935043, -0.004127190681799675, 1.2362603983114013, 0.4460964536217489, 2.8240007946562855, 1.656280364946383, 4.842376188644039, 2.7867275537913656, 10.219277221464267, 0.43720622122862096, 12.764146410793956, 2.073214567238381, 7.418425684187923, 1.1723415836440836, 2.959016984825439, -0.011353628777214908, -2.3183659280065285, 1.1047082192757216, -0.7156177143684772, 6.964141909779528, 10.172820917674358, 0.20292860073004704, 13.291655346116158, 0.8696011332222042, 3.869709572087004, 0.5378138141206819, 6.232774028036715, 1.0609199187401828, 2.1401419451061656, 1.024592990786232, 1.5971327589348903, 0.7954155196237025, 1.2385663449394428, 0.28740315409788764, 4.901667964378191, 3.628424939682702, 1.4589281042291304, -0.048760507828205846, -0.15906101251846394, -1.0576031846466094, -0.029165801961539728, -0.30600050892280706, 3.046293968017949, 0.12140563845787256, 3.0646907936101115, 0.03503875158492065, -0.6502612951650235, 1.3178850320177844, -1.1415712067544064, 1.5566668934399104, 1.0758507979461456, 0.086679424661952, -0.28179383268854963, -0.2925543773409345, 0.6744534706671175, 0.6769558178632451, -0.9081586920502787, 2.587932195520125, 0.2885553611610021, -0.8045024420441109, 1.7418233629135784, -4.091742724969038, 0.46931651559862075, 1.447835671903647, 0.12204629225720964, -0.37932816980412554, 0.8002997742592015, -0.7836415320215337, 1.9753248082878372, 9.12160371729317, 16.646102450254375, 1.0435989804260544, 15.559194105336474, 0.5548689116918695, 0.346985995444129, 2.3002048750830113, 2.621629963485816, -5.7503250616334185, 33.62022022328324, 24.24234516931594, -2.220446049250313e-14, 2.220446049250313e-14, 0.0, -2.220446049250313e-14, 2.220446049250313e-14, 0.0, 1.1102230246251565e-14, -2.220446049250313e-14, 0.0, 2.220446049250313e-14, -1.1102230246251565e-14, 2.220446049250313e-14, -1.1102230246251565e-14, 0.0, 1.1102230246251565e-14, 32.18764301972527, 30.28792216420493, -2.7014907668627757, -0.3088592049493286, 2.240923412402651, 1.1855414639751984, 0.702424411723996, 1.4714876534230825, -0.15748054783301768, 4.322156380643946, 0.4862902117232011, 4.6540430196521925, 0.5239127994661885, 1.3937848769915604, 1.1650420450984598, 3.7008996524214126, 0.5675704517353211, 20.572211724837587, 13.978471248661094, 0.06547782593159468, 3.5002594498555766, -2.3261472728678996, 0.18808099209962847, -6.456514430500931, -0.37735259814598976, -0.04054008432450473, 0.030608716442941386, 0.02620003160453166, 1.5949631873186263, 4.480674313877728, 1.1386020830387906, 4.396105238124505, 16.363799162345003, 19.53835927578342, 2.0660454971006175, 1.1917750743682518, 0.41477472693293294, 0.11901993997844329, 0.73260776329073, 0.223542765525508, 3.8541807007893567, 2.8399948987554353, 5.638623511639025, 5.048106828333289, -2.4124627188492695, 2.2155606801632075, -5.522097792236707, 36.38171483243974, 30.040757155187578, 0.0, 1.1102230246251565e-14, 0.0, 4.440892098500626e-14, 3.3306690738754696e-14, -1.1102230246251565e-14, -2.220446049250313e-14, -1.1102230246251565e-14, 0.0, 2.220446049250313e-14, 1.1102230246251565e-14, 24.6265463762725, 33.61238708713566, 6.818625598440008, 2.132160927567213, 3.2238582193954244, -0.3366676475870918, -0.8097327321250987, 1.4098249790099544, -1.478409524635481, 6.870259531230943, 1.4437044420367329, 4.615545525505809, 2.7791350247015316, 5.260578286863563, 2.305824550369266, 4.160684315421406, 44.42284655470553, 30.355689948085782, 23.990245762450797, 34.4650499375243, -5.093888744750984, -2.7130139901515236, 0.750336438809029, 0.17289914620101854, 0.02402493735974076, 0.43276757433733337, 3.5631355661516295, -0.07130152657924782, 0.7782679354930906, -0.20591389659102788, 2.3083457810772643, 6.922738497602609, 0.9424737715926312, 12.356172658153127, 2.3538976279388635, 0.3112365798040173, -0.18717358934145523, 1.1152120025678869, 2.2819905800342895, 1.6328996254412687, 1.8569114741771955, 0.32612161069511103, -0.25837450501558124, 0.3749760458661058, 0.2193833943061918, 0.5186929164765388, 1.9050452975022836, 0.44503948675691163, 0.28919244582834835, 2.2903965933988957, -0.03710231217553428, -0.11806189647620613, -0.7818203641600121, 1.5954441595724802, 2.039575374893957, 0.1609478575781509, -0.15106734275036615, 3.969576907132364, 15.991270095797404, 1.8870610830987289, 12.84136880235252, 18.082449517956206, 2.748212607274411, 0.026334915337088205, -0.547808775027022, 0.5404157411412029, -2.672354795121123, 0.06159022145664039, -0.03903768040606792, -0.6736341543586377, 6.901169923588782, 0.5689931722376969, 0.9522424095403039, 0.17879249169436662, 1.9849999893800714, -0.20655716122382728, 0.3980860500132053, 0.6615883965368425, 0.14117371302495485, 3.7874465081271182, 5.2745510957307715, 2.8419121923711828, 1.7512329569872236, -0.6307559009393344, 0.684610246338309, 0.020949134433976724, 0.5567656491583648, -0.3746032582072303, -0.9569284729166156, -4.539457634303062, 0.06372170995507531, -2.1520212983572264, 1.4780129007870073, -0.006182839406847052, 1.8806448781083418, 0.4205997626384601, 1.305044118348178, 4.858011068227256, -0.1449235524045207, -0.15670076718078008, 2.9808789114221668, -0.48294160329641045, 0.15506487599282082, 0.48944411207162375, -0.42661722744486497, 1.590804867264353, -0.227737866561597, -1.1489531182396604, 0.9750945791544154, -2.9741199666675584, 2.5883191563503942, -0.2096333488560731, 0.8259572731349181, 1.862369173050297, -0.06086512439037506, 0.4946999735520876, 1.0511103831154287, 0.9131209348835228, 0.40420561541327515, -1.4406168848890957, -0.09955126456702601, 0.8793144439628691, 7.376931095392308, 8.786616455697299, -0.07184512288318956, 0.7310141378496837, 0.17710108076090592, 0.04953284004704983, 0.7875636160176214, 0.17227054116006002, -0.03959922199084076, -1.3421208102129185, 1.2096112137880368, -0.03335608376625032, -0.6465860513446842, -2.0922256619724067, 3.415366328837308, -4.0923034329709935, -2.0671871722198603, 2.79296016206672, 2.7115547632986363, -0.07141716507169349, 1.4364687294248597, 1.3598556938808315, 1.9109786399335462, 0.13855755517181478, -0.18783849586509405, 0.7541705753279757, 3.282926040505174, -1.199930076740202, 1.3582240348935102, 1.9779718497203476, 0.6136559277095444, 13.411209263154149, 3.3581275839854925, 5.602125685994224, 0.3097870438799646, 3.1562553953974657, -0.5999784011090128, 0.06828229526416862, 0.44585239343157923, 1.152549978538275, 12.834969828522446, 0.2480754845453248, 6.518020500634179, 2.586000123939357, 5.971610468303879, 9.909190253937822, 2.4313716829871623, 4.100637491608666, -0.09185990006517386, -2.017838680892737, 0.8880643396571486, 0.6044679681770049, 1.0148055479568256, -0.02296100123044198, 0.4912144569927932, -0.9176458663517906, 0.4785315033044526, 0.021566142568644864, -0.23989825755393213, 0.060351459665469065, -0.47385388926272753, 3.024777473496556, 0.8300508555372517, 2.119138138208484, 0.7826250885949548, 1.3010533896269862, 0.22254952244566084, -1.175393281712445, -1.189608440305733, -1.0516393345444612, 0.5143296212767154, -0.07138863769955606, -0.11312136183482835, 0.6756565998442738, 1.5930541642716776, 3.7177647350176244, 0.5192415866293913, 4.989880079959107, 0.742069787050184, 0.3324357993058129, 1.802882805566128, 0.14574869954810765, 0.3331808535345999, 1.3560724639514206, 0.21279854258898467, 2.7844982417634583, 0.11844067083711707, 1.5316901168728236, -0.3077594687032388, 4.974692079184479, 7.578673253779641, 0.11811165161969939, 0.2789964608567175, 2.673968130443626, 28.379506726356453, 21.615989131181777, 3.3306690738754696e-14, 0.0, 32.75504483251353, 42.193406255316745, 9.909359385690209, 2.4204222307751024, -0.6824507593208864, 7.815638367511269, 2.8494225161491613, 4.4137586007709615, 4.083278440055665, 1.8647232577565092, 7.560659933412808, 0.1900705452898137, 6.312844577103988, -0.9298221257716932, -0.639091386101768, 0.3747822996563741, -0.38744541748167194, 0.9842337295340258, 0.8993112359764837, 2.5316360079834794, -0.24248195735407307, 0.2629359947567309, 5.303969215081793, 6.539538657967853, 0.07071779223610974, 0.6714740380829767, -0.3216038071189473, -0.2791303763197561, -1.0941149018295278, 0.3384358967136336, 4.823204428405859, 2.838465366787773, -0.6527869888154783, -0.2672078791729291, -2.042306091070145, -0.9319508415155724, 4.198058694728957, -0.17419782969477637, 4.194281356256965, 0.44537694698624364, 2.045192368703624, -0.33106542083964996, -0.6104041381702245, -1.2642347409753256, 0.13656139720910687, -0.7522014518805236, -0.22725531619767025, 0.20279887134313412, 0.15780949084148688, 0.02354682619477444, 0.3995302903281299, 1.7369730942602928, 0.11337544512207387, 2.4584595683616044, -0.1438395326219961, 4.262385257930646, 3.5899526427975843, 38.811293459567906, 38.249373197715556, 2.220446049250313e-14, 0.0, 0.0, -2.220446049250313e-14, -1.1102230246251565e-14, 1.1102230246251565e-14, 0.0, -1.1102230246251565e-14, -2.220446049250313e-14, 3.3306690738754696e-14, -2.220446049250313e-14, 0.0, 0.0, -2.220446049250313e-14, 0.0, 2.220446049250313e-14, 24.773628244512523, 25.950530069924923, -1.9030081828597645, 0.05410673110992548, 4.951020841674563, 2.7899491773996488, -1.1050318539506634, 0.5618671613173092, -0.5732837648172904, 5.937001860745113, 5.611580858931006, -0.9358149433631979, -0.019825856147917875, -0.020194997238888845, -0.07637731352696164, 0.17843738443048096, 1.5189292732496824, 0.7914203749355693, 0.011536227310330105, 0.5399273911363025, 0.480934741611577, 0.5289805968121755, -1.284452699280223, 1.9442440116126818, 4.625497394818467, 0.14000515995024898, 1.1392223504457206, 0.21052468947704028, 0.04007106833398666, 0.08634320574418552, 0.11850786285469894, 0.1858809486605537, 4.942938770391436, 1.8133950165768624, 0.11465561196655472, 0.057442456329113156, 1.7981417232443846, 0.3427430530767879, -0.012077022668506743, -0.14017625407882406, -0.18430918305261912, 3.2045053407159685, 2.23945723582068, 2.6358094294405987, 3.8854326447262792, 0.4683381046205568, 3.5623298404851766, -0.9390360774610826, 1.540306693694447, 0.3176616833067101, 4.398582348247828, 1.5114647530921275, 4.895714513826533, -0.21911158236520123, 5.997792231984363, -0.4397068804348123, 1.4921855105497457, -0.9190159757720266, -0.8129838970588708, 0.23067573770617855, -1.5371324760147331, 6.781679382015966, 22.172040985021596, 5.3075043386324126, 36.77556569385598, 1.3023959291654705, 10.746656256333495, 27.639678760002084, 11.449240183236654, 0.2898363531286847, 0.2226941200581578, 0.7772310066468222, 0.2754960579404617, -8.34640603244452e-05, 1.3609412441472841, 0.34123853403595916, 0.3268816627075779, 0.009856584944344604, 1.6373877012235596, 0.7120798004696951, 12.271200682103142, 16.994467669479434, 1.8929700070267472, 1.1743621172586813, 3.5546398741594203, 0.7744360860833694, 3.2981597235817617, 0.9962067960228751, 0.4423543353374271, 1.5812156291455608, -0.36819378406971737, 3.2752480393138512, 0.7746179932662471, 1.0220352816470495, 1.759278023447905, 0.23522902258378053, -0.07601972412226132, 0.5195957331693535, -1.6574011937779005, 1.710504561558821, 1.918195866156509, 2.8086304111022855, 1.8937365528176997, 1.90255622568327, 2.035948271587017, -0.40982804656243843, -0.3450216516509954, -0.5455959138266167, -0.8998769305627548, 0.007129599963946021, 2.3101869709778384, 0.7316416714864431, 0.5352470440019488, -0.40758435885265953, 0.08948539530058497, 0.8931843049714985, -0.05686136345491377, 1.273410186128956, 0.15734717412362897, 0.45887825798592985, 5.584222703682713, 4.504306210090135, 0.5922857309492429, 3.520335201358421, 0.24313658842987707, 1.4928163329056474, -0.027113638597086265, 2.65086060681125, 0.8745763757440272, 0.058274472462414906, 0.15800027036095798, 0.4747058245540643, 13.791823292035303, 3.775775360220109, 11.30897220443805, -1.499256594386452, 2.5259494349202782, 3.17897818987376, 3.644754161785613, 0.32260273314966526, -1.0692017305169657, -0.21994911982130816, 0.6471550660772891, 2.3799145432219007, 0.5059625622213275, 1.2371734417007474, 0.3143223019485504, 2.4150997640906553, 0.26508490871356116, 5.480776772706122, -0.5598860706735422, 2.8303445684629196, 0.9096309810153116, 1.9272047589818158, -0.0015103558868077016, 0.8745594157936694, 1.3733872089537726, 23.913998280298557, 21.54349323910307, 0.0, 0.0, 0.0, 0.0, -1.1102230246251565e-14, 2.220446049250313e-14, 1.1102230246251565e-14, 1.1102230246251565e-14, 5.551115123125783e-15, 1.1102230246251565e-14, 5.551115123125783e-15, 0.0, 7.430842852011644, 15.931775777733876, 4.312440250355991, -1.814005996982388, -1.332255355501161, 0.38735434394897084, 0.5922098323071623, 0.5373451802414593, 3.322823633369694, -0.6904668668539671, 3.0494431762398335, -0.013460524412067798, 0.42977894948217, 4.581087644951253, 7.7445478833478205, 0.016220064535673373, 0.3633855712549803, 4.965134411284225, 3.6116986744280553, 4.176880754514286, 0.25477362409350235, 0.5054354674596198, 0.024537264996695285, 0.10747557170896016, -0.0509718468069309, -0.30494742521568696, 0.3316772292992596, 2.5339451090713965, 1.1888301808746746, 2.3116903292060442, 0.9735055426998542, 1.3188486575877505, 0.7796467096203514, 0.034858178558465625, 1.2207767958002478, -0.42914826788785376, 0.6448690013137366, 1.58242793055922, -0.3017541419640679, 0.21950136694420053, -0.9378724231910383, 0.6958990634739166, 0.1161362960549468, 2.2414106795665703, 2.643350295256255, 6.628963802177623, 6.721890339412198, 3.008387372012976, 4.872113652742996, 0.6516343398973845, 0.26984418995829174, 0.3642979893788265, 0.7808293022220028, -0.6805439030858338, 1.595728990539044, 0.11143180094251193, -0.13068890127158284, 6.4627853213863204, 3.676381665742042, 3.013042452411298, 0.3872105030149555, 3.903873666893844, 3.026002881133934, -0.6228228129639319, 0.23654146756263117, -0.4115181831502355, 3.753127563240355, -0.9025694863106537, 7.961666023869043, -0.12377221646710268, 4.862697600978322, 0.8007947668265274, 7.5931981814180745, 0.7661818934402049, 2.710410768879626, 0.5173318507928002, -0.3355428977712904, 0.6560076997789679, -0.06377050065856338, 2.5407269853697017, 0.5203181703954556, -0.01637390587933396, 0.12699741606292037, 0.09461704338690424, 2.1611305659320124, 0.9417874849002885, 0.7131402273615777, -0.05050365192556683, 0.6225148528344562, 0.32880887398533787, 0.09761714398030108, -0.1873296875076278, 0.1437978890236593, 0.1923819452921407, -0.13630028672722005, 1.3725544673969239, -0.4333462389992633, 1.2015510626305286, 1.0236361525585949, 0.029985719417368273, 0.11910673800656468, -0.08952056707846623, 0.4088454332070057, 0.5099266724806739, 2.8575623224421065, 0.13560633383156073, 20.20592136711636, 14.055938468503982, 1.6653345369377348e-14, -5.551115123125783e-15, 1.1102230246251565e-14, -1.6653345369377348e-14, 0.0, -1.1102230246251565e-14, 1.1102230246251565e-14, 1.3550678856298042, 1.3255811656779475, 1.3548249601454998, 27.17370738310781, 30.537711673549325, 1.33214085572979, 3.0762196524711953, 1.8124951029884642, -0.5926224894194547, -0.5223775474777312, -2.5448645293721484, -1.9798289414184183, -0.2553760791673767, 0.33614347162586, 3.9632958414676978, 3.6518776836943516, -2.1532158142134676, 2.3350950167612154, 0.1385491498273268, 2.0784252635075973, -1.4582558613946617, 0.2390931210326812, 0.12224135088405319, 0.5520563032479799, 0.9992752735522004, -0.010342151241673037, -0.2097833424595592, -0.39760844980145293, 0.9452068761049759, 0.732037695900317, 3.3960869540108547, 3.431888361098288, 1.0810465771652389, 3.0800556208819216, 32.33734866404268, 43.514162256030346, 1.1102230246251565e-14, -2.220446049250313e-14, 0.0, -2.220446049250313e-14, 0.0, -2.220446049250313e-14, 1.1102230246251565e-14, -1.1102230246251565e-14, -1.1102230246251565e-14, 0.0, 22.730984636143745, 30.081846088540658, 2.954490332196997, 1.489800512556144, 2.3223641479793287, 0.49465041279933075, 0.44603684136779975, 0.021566078565911084, 0.1775011334956389, 1.8464499153946576, 0.8452034484443516, 0.7137730333565742, 0.08018756778113811, -0.9216809373887145, 0.7452431896766711, -0.18553473955068966, 1.8901028523412151, -0.22725886766056647, 7.502953729606247, 1.8278090281404502, 2.3115591856462743, 2.1834329079559893, -0.0018848238018449592, 2.964250256310379, 1.8169928570472962, 0.013175911952714614, 4.42695863160327, -0.02772013947145524, 0.5353571594446862, 0.41776819972278645, 0.08072052905214377, -0.0009270291480447668, 1.4748249935211106, 1.9759402870701024, 0.06917892354226751, 0.1886340278382761, 0.8758781788762917, 1.5230749644197488, -0.5875574307073634, 5.328369924225001, 17.9517267585845, 10.736972928043713, 0.0, 0.0, 2.220446049250313e-14, 2.7755575615628914e-14, 1.1102230246251565e-14, 1.6653345369377348e-14, 0.0, 7.938923485345697, 15.430628480421404, 5.309643526105674, 1.0075660086249627, 1.1444210742474183, 2.522101154489576, 1.384509046081746, 1.6651165298684418, 2.1652436273923286, -0.9024064757105634, 0.19979244022420062, -1.4486491773796502, 0.34317042417853827, -0.43459900773939353, -1.22173946151446, -0.16266216634141983, 1.2983939927552797, 2.142749769735474, 0.020654652689017894, 11.308054501545087, 2.2589527025850202, 2.2799728965058534, -0.15898630524810642, 3.8262944146237032, 8.71488280441747, 6.21088851597483, 7.76733963537481, -0.12035602593437034, 0.11009658748844231, 0.0559250866206753, 0.33225597317942857, 2.1937124945815185, 3.5414309538793987, 2.4522245663533795, 3.7446664389975695, 5.495031555764967, 3.6108804253835274, 8.689814138324834, 4.622310143402899, 6.471059622749067, 8.930494801467717, 13.77084755738943, 0.06113364702170543, 0.6677387884765693, 4.687299536773196, 0.09698888959087526, 17.6221495292223, 20.272157604469697, 3.1109911356892326, 0.34140509812306163, 0.3111718614858887, -0.08016491978219165, 1.4115276923447482, 1.0590083264212353, 1.4624751393484985, 28.284243429437453, 24.91473943315181, -5.551115123125783e-15, -1.1102230246251565e-14, -1.6653345369377348e-14, -1.1102230246251565e-14, 1.1102230246251565e-14, -1.1102230246251565e-14, 1.1102230246251565e-14, -1.6653345369377348e-14, 0.0, 1.6653345369377348e-14, -2.220446049250313e-14, 4.440892098500626e-14, 24.498234669807445, 28.632695704960582, 1.567933524485852, -0.16732877045160421, 0.18136262997620634, 1.6349703654664154, 0.467717242054448, 0.47334102906484077, 0.7860776093442041, 0.7049385219720534, 1.1074591298319092, 1.7067697213666975, 1.3648778418435654, 0.22996401751845497, 0.8347108012397939, 2.466474750088082, 1.4701783212918826, 3.5387786911531975, 1.2656344570279998, 0.33673242397236436, -0.19556074768684084, 0.28451936017251, -0.28094830121972336, 0.49067083288286995, 0.3644967300077724, 1.3215196612180762, 0.02117877306528726, -0.45100831739586056, -0.18289477573705426, 0.27531876348541573, 6.909724913327182, -1.4416818580792778, 4.471220356889717, 6.03533154827295, 1.216944936824575, 2.656557521977277, -0.30194278025260246, 0.5248856040560668, 0.692883951682461, 3.9570472055399932, 3.153602465845154, 4.252074713320894, 11.856172417710468, 1.202575781970154, 52.10068770551578, 39.66893922012417, 0.0, 15.272141618990219, 19.948868205125223, 2.8936682632804605, 1.9308674527643461, 0.8304319548759622, 1.2028123438725515, 2.3157933655724037, 0.9453517224839061, 2.0869527048830605, -0.023075381792068583, 0.2769301758017093, -0.07747463541829802, 0.6304302072992982, 1.9096428571624529, 0.6551912280605166, -0.04196854481557466, 0.08551407889916618, 0.2649256051174689, 8.89010167766628, 21.690860210715925, 8.20443870559513, -2.220446049250313e-14, 0.0, -1.1102230246251565e-14, 1.1102230246251565e-14, 0.0, 0.0, -2.220446049250313e-14, -2.220446049250313e-14, 17.939644174130464, 26.536042562749657, 3.6041435085900275, 0.9464613649595321, 1.150172697131154, 0.769909032273631, -0.0432104196642058, -1.1542173729470164, 1.0911892482487815, -0.6967096438849012, 0.283442180977886, 2.7468099805251427, -0.956839009609098, 1.1437258763033924, -3.6300792285468333, -0.19163286099700372, 0.42190579793145844, 1.475827397198941, 5.726046763552461, -0.6302045083609187, 2.9401548630438583, 1.7597124816325618, 1.879050496294667, 0.22351415544881093, 3.635470353652977, -0.05648838694378355, 1.800717156723067, 5.49057251721041, -1.0796105268992733, 2.220720424495994, -0.1909264356287963, 3.4681324193883256, 2.7404448861938135, 3.766948659808122, 3.9570710045227884, 2.057499184378514, 2.7169813191028993, 2.0206452817322997, 0.9485853342858945, 0.7712627420435751, 6.207180249127077, 1.415393233284476, 0.3322449646814789, 0.6686479826613834, 0.4769988702345245, 1.8578448610542182, 2.1480176405806333, 0.3648563426877445, 3.1680765665828403, 1.1355107059058014, 1.727898913422905, 1.3401221317664067, 0.14410692947757298, -0.1588938597459446, 0.43370074478849574, 0.4645938404412959, 3.1028630484301516, 1.0802085923317577, 1.277448487838285, 5.00938788657038, -2.3801007370491334, 5.744046073088214, 3.1732077350816326, -0.33224720249336315, 1.3283723242030305, 0.3699786184329241, 1.4805146414142314, -0.1190728221063182, 0.49639931178262486, 3.958150523619281, -0.20000229417991022, 1.3928039710472717, 4.287214886753873, 5.401019705426279, 1.4517609697460898, 1.8943072614098924, 1.422478956700047, 0.05995472045333372, -0.1973146207471359, 0.6621648298020091, 1.3315529693715575, 1.880881433737386, 3.066470945604692, 2.9556126779583565, -0.15247468558948185, 0.14283906273732327, 0.14959063820811025, 0.7517743491591204, 2.2020221877586437, 1.4047239795372093, 1.2697984117221495, 5.557389145393472, 0.43360710692013527, 3.7423171044301853, 5.741777443199794, 12.05354240928483, 7.5426784808058756, 0.23798982002352886, 0.45119236265259133, -0.369795049964182, 0.6042156403519812, 0.5347928775679236, 1.8205170240716768, 1.3077386304630636, 1.161404510699711, 9.095701038595799, 4.2077794298263385, -1.1102230246251565e-14, 2.220446049250313e-14, -1.1102230246251565e-14, 3.4806280302500703, 5.196291092392833, 1.657334622887575, 2.456744500816427, 1.1384154317394461, 1.4253580383969506, 1.3719352974025014, 0.06738490666421626, 11.06597699348518, 17.526497826873822, 4.852307727663515, -0.6940231318390033, 1.8536612444542584, -3.9649203526087717, 5.59544856037536, -2.6740351011314942, 4.976483077620799, 1.117667071944311, 0.6417515740971567, 0.04175886688204855, 0.057271064893143375, -0.21360248599648912, 0.06685597794637488, -0.19131879774909066, 0.5635797904338347, 2.1829693948107547, 5.8130052786596025, 0.8842387799456333, 0.9730469531785388, 0.14940725048120385, -1.2274351569244004, 1.1120608480632086, 0.9993253208053829, 0.06653704674857863, 7.934859228909545, 1.5555439789499133, 7.112529848221186, 6.593443184375246, 0.9405101210856515, 2.677572445186172, 1.4403206658683985, 0.18604859592636558, 3.2744769775324016, 0.7500011317105759, 4.608391267575485, -0.23999953313250444, -0.22744843118107383, 0.10550300026989134, 0.06118329064076988, 0.8958543154228664, 0.7651680225087603, 2.520062123642674, 0.19567974591438997, 0.5580627190892073, -1.5433085996482987, 0.42646317026787983, -1.374793699394786, 0.1441929214713582, -1.0146295463665638, 2.3056380027931027, -1.9624358407580758, 1.7428998887222065, -0.3584905082875025, 0.8288201782376063, 1.1593481980697788, 0.09996424543766125, 4.910387808869359, -0.39487867469756566, 4.675545930790577, 0.7818323354894119, -0.7427788099367945, 0.7149291984185311, 2.844605252633926, 4.069820483417914, 8.352022152645475, 2.4168044961786563, 4.421729112268963, 0.09094712587767617, 0.5077239589078886, 0.21187170652137866, 6.540816385670951, -1.1584777856497794, 3.0299240481288052, 0.9392768291148172, -0.39553757175974624, 1.1755168318673554, 2.474934021495585, 0.9117824399484107, 2.132077789657558, 0.1305766270865547, 0.4246092417155296, -0.3583457825329788, -0.020909386038738376, -0.966968455562494, 0.1778379902693814, 0.36381381084601117, -0.41787167707832396, -0.30047410356507953, 0.4968856046816086, -0.29021875757359794, -0.08312477253576844, -0.10017749030822642, 1.3328675491990793, 0.9423083130546388, 0.8208350704927057, 1.4230893464784344, -0.13726269422272708, 1.1357251630629435, 1.3855723884700524, 0.7606934194201926, 2.927193172156194, 2.097049009743614, 2.0010789066568577, -0.02394947026692762, 0.009762494618087203, -0.12491174513172609, 0.7439075764502832, -1.2233422208813636, -0.07954876347434947, -1.4144349405785306, 0.7282577785948092, 1.5999602178428631, 0.7786805861211974, 0.6768413255192058, 0.7017390376980757, 0.10615049151090261, 0.0030254679222707637, 1.5784306025464048, 0.29543232253558926, 4.23820649002198, 3.3861848977879845, 0.04967272276434187, 7.933636656209217, 4.322727453517871, -0.450071120254222, 15.211526245527068, 15.845674727814753, 0.21630218987462513, -0.26069185080378077, 0.6316956092719792, 0.3074002417310169, 2.1707372120420985, -0.21624089099995558, -0.11150638558416404, -1.283391027251099, -0.1045056184657085, 0.6523241706203748, 7.437015848465599, -0.02526975829323419, 5.8157323428649335, 10.73108816622559, 10.842699896917765, 9.029827786834005, 7.095286778897332, -1.9497750691297142, 5.133071798390006, 2.258060370168664, -4.595393713135309, 0.9366399323339465, -3.1940149927987704, -0.24389969710080095, -0.35488605632946246, 0.5546149311220461, 1.8319391899556194, -0.3324440789269829, -0.11937781898421918, -0.06322789912758253, -0.16656208807694384, 0.4066314771250177, 1.3419531323778529, 0.4339135419739364, 0.5965241509378529, 2.132947872725424, 1.0707516847637635, 0.8059360817866548, 17.09556717123428, 0.06316063035072261, 19.801201867234653, 3.7749508311691216, -0.2587335577071599, 4.3540231699809055, 1.696677732066064, 1.7550654395974163, 1.0890045843786424, -1.1259070201285226, 0.47689623874390463, 4.056753493348822, 3.5822276833781643, 1.7099109306046785, 0.6112781959213862, 0.3829082477025736, 0.0056852733167716, 3.354666526983067, 0.5088620046082042, 2.5294829375133077, -0.6088874146651051, 3.4323637285659174, 0.5739168378701152, 0.22478970597239822, 0.2497102066259913, 0.9385088666112438, 6.495920149169024, 1.0002071585910812, 3.8122471308365107, 1.006492776635639, 1.079951974723599, 0.052084945187175435, -1.3208382570281287, 2.400565398881895, -0.007178551302786218, 1.612611018872883, -1.759207736413316, -0.47791473501092696, 22.496822809791382, 13.117069004163149, 0.0, 1.6653345369377348e-14, -1.1102230246251565e-14, 3.3306690738754696e-14, 2.220446049250313e-14, 0.0, 5.551115123125783e-15, 0.0, 2.220446049250313e-14, 0.0, 5.551115123125783e-15, 5.551115123125783e-15, -5.551115123125783e-15, -2.7755575615628914e-14, 1.6653345369377348e-14, 1.1102230246251565e-14, 21.031236863945963, 21.148415217983853, 1.2554693835427884, -0.11610420286444878, -0.020276893820835085, 1.8723639625790156, -0.23632465349697895, 3.6941365579196486, 0.11082386300870439, -3.884507918860777, 0.7519503502941234, 1.569374208840145, 0.6362117457464365, 1.461385899924494, 5.455698528265259, 0.14125903266818796, 5.451301975553974, 3.213756882216785, -1.8878564835840734, 1.7751159448669682, 1.7203805589018657, 0.16698388620608284, 0.10915294930907748, 1.7630008241989117, 4.857815141355502, 0.12834922241694358, 3.71086724067095, 0.9669774447006603, 0.8173482048609912, 1.8412578226226515, 0.916684026433586, 2.2426781762941346, 0.14961517059248308, -0.9092236666233475, 3.924859576744325, 14.988143266355252, 3.1909303226938164, 0.5503934607069141, 1.6534677349073377, 5.0863001347535715, 1.8761205485379833, 0.07648634735369342, 1.335369626662839, -0.08573271143825423, 0.1194479602481806, -2.645804486029789, 19.770276735620925, 15.730637892552096, -1.1102230246251565e-14, 5.551115123125783e-15, 5.551115123125783e-15, -1.6653345369377348e-14, 1.1102230246251565e-14, -5.551115123125783e-15, 1.6653345369377348e-14, 5.551115123125783e-15, 5.551115123125783e-15, 7.238928142466776, 12.304506134306706, 2.3725285672925907, 1.4203649205608144, 5.837402443796378, 0.9304996137039723, 6.808514819640209, 0.0665438367634863, 1.3638470755269623, 1.5665859322253937, 6.851455345161952, 0.14778899066487838, 3.8615879362046144, 0.9012033134337969, -1.1158481282495245, 0.24000556670458195, 2.478901777978564, 2.219999013820882, 5.747935173384491, 2.303875332501434, 2.8741672215558367, 2.675256163455572, 1.8097212586141893, 2.958574077948782, 0.5152909345210048, 0.3400920971859023, 0.21532856269772083, 1.1138717523069204, 0.10784365700851595, 1.3909014652022051, 1.027806457301267, 18.287739161275965, 2.356526337869866, 10.897925763403919, 4.761847373942317, 1.810684217101766, 2.6238736825297906, 0.030283582144022603, 0.10147535915484696, 0.07421899193923309, 0.6715459878678871, -1.1371591320263406, 0.30142847036449893, -2.0653210707992002, -0.3681285002569439, -3.3601678283833394, 26.05900382203052, 24.439146092784412, 5.551115123125783e-15, 2.220446049250313e-14, 5.551115123125783e-15, 5.551115123125783e-15, 5.551115123125783e-15, -5.551115123125783e-15, -5.551115123125783e-15, 5.551115123125783e-15, 5.551115123125783e-15, 5.551115123125783e-15, 3.5428833703793465, 6.217265328451099, 1.7571872325681, 0.13132031362516727, 0.35513762434615614, 1.6986116381681597, 4.420197833362096, -0.17077062670347232, 3.2238324365439155, 1.3780604232631504, 0.48137252335401115, 0.21564616565405004, 2.207803523813567, 2.6588110639264926, 8.59589026290999, 4.010116619839891, 6.202868284653988, 3.6586049859406558, 0.23315758356673655, 1.965226694060675, 0.2804528136013289, 6.209760101208353, 4.3023721497979075, -1.6653345369377348e-14, 0.0, -1.6653345369377348e-14, 0.0, 1.1102230246251565e-14, 0.0, 1.6653345369377348e-14, 0.0, 5.551115123125783e-15, 5.551115123125783e-15, 0.0, 1.6653345369377348e-14, 0.0, 20.724099356736886, 22.22987606650483, -0.6744955319890664, 2.519834859760863, -1.0164256751952507, 1.1782104085777974, 0.02136354855042555, 0.27916541941118567, -0.01643520463699133, -0.007183800417067232, 1.3054665995410346, 1.1084201824505726, 3.9043271014969037, 5.367786148471964, 1.4368191263199606, 1.3964836058056562, 17.085143680895953, 24.01736436564525, 3.9502081654198555, 0.0, 0.0, 0.0, 1.1102230246251565e-14, 2.7755575615628914e-14, 0.0, 5.551115123125783e-15, -5.551115123125783e-15, 0.0, 5.551115123125783e-15, -5.551115123125783e-15, 22.440923610008937, 25.061734869546115, 9.967871550878726, 3.1725158208976154, 2.70433827719944, 3.710746549331134, 0.3097366710796905, 0.4491095125315496, 1.707567539332274, 0.21798945357630828, 0.09536970406810497, 1.1879752513078756, -0.20386736564921648, 1.5006883918407539, -0.04468262503451115, -0.7702031959128135, 5.346824490436177, -1.9310815770633667, 6.986960774431282, 2.790293742652466, 22.5810244785672, 18.303882265505543, -2.7755575615628914e-14, 2.7755575615628914e-14, 5.551115123125783e-15, -5.551115123125783e-15, -5.551115123125783e-15, 2.7755575615628914e-14, -1.6653345369377348e-14, -5.551115123125783e-15, 0.0, 0.0, 1.1102230246251565e-14, 2.7755575615628914e-14, -5.551115123125783e-15, 1.1102230246251565e-14, 5.551115123125783e-15, 1.6653345369377348e-14, 0.0, -1.1102230246251565e-14, -2.220446049250313e-14, -5.551115123125783e-15, 0.0, 8.908318194383206, 10.391453207888091, 1.1444733448545463, -0.016762574044463463, 4.831713216011053, 4.685757001693986, 0.181761928708994, 3.7495022007886405, 5.433515111094891, 0.06146587008964843, 0.262510960829502, 0.8115379558243703, 1.6736856931305297, 2.323056848445148, 3.1262630374993208, 7.639975058735992, 6.75526392509542, -5.551115123125783e-15, 1.1102230246251565e-14, -1.6653345369377348e-14, 0.0, -2.220446049250313e-14, 1.1102230246251565e-14, 0.0, 0.0, -2.7755575615628914e-14, -1.1102230246251565e-14, 5.551115123125783e-15, 5.551115123125783e-15, 1.1102230246251565e-14, -5.551115123125783e-15, -2.220446049250313e-14, 1.1102230246251565e-14, 1.1102230246251565e-14, 0.0, 0.0, 0.0, -1.1102230246251565e-14, 3.3306690738754696e-14, 5.551115123125783e-15, 0.0, -1.1102230246251565e-14, -1.1102230246251565e-14, 5.551115123125783e-15, -3.3306690738754696e-14, 2.220446049250313e-14, 1.1102230246251565e-14, -1.1102230246251565e-14, 0.0, 22.947381994760562, 25.51100905142289, -3.1592880548612357, 0.2893767420045492, 2.1494262035852785, -2.4016684444941347, 0.06452624739722523, -7.579307056718221, -4.96629688011916, 2.319158089005896, -1.4936473501103364, -0.2615402088324572, -0.23435041492723485, -0.7232918477462817, 2.2391369818860767, 0.31933822553941127, -0.6955249473796243, 1.1859429761107663, -1.6318951819457084, -0.759349160487659, -0.5276451226796439, 0.2920734032469454, 0.6546703684313115, 0.39102702737631034, 0.35964056542616163, 0.05663076600541217, 0.1421102894378805, -0.5389621808387801, 0.5161467061878966, 1.2937609143098712, 2.1678583546220693, 0.539379242248117, 1.9044390958094937, 1.2907034929426118, 1.2229966034195172, 1.9942637026722991, 10.0439298404047, 2.525075397678222, 0.7643306217788108, -0.20296071331654275, -0.044753627585720324, 4.943015017981054, 8.088805878976473, 0.2836829477908509, 5.983296455662696, 0.5630085180661126, 13.066125693565937, 1.1354482193339663, 0.9771826057796034, 5.591293459065298, -0.16488609331076987, 1.1821553816494088, 2.3507471605163914, -1.5089253356322843, 3.668933728770355, 4.290267938397619, 1.0858006141779697, 2.1415014372113887, 8.052582856360232, 0.11782605120413336, 1.0596915345529396, -0.2218807700464822, -1.3278916582483475, 0.7377549348069579, -0.38359552535922603, 0.9356691525237579, 0.49625162490173125, -0.47760111236283365, 0.4526177100304949, 0.6377078060221493, 2.3710121509702162, 1.9995536109487944, 1.4175545637754112, 0.14411432925192003, 0.23885765886797117, 0.24402112582293967, 0.027480270985620336, 0.4770135715978654, 2.917515379487554, -1.8738654910454784, 1.951889847216023, 0.46720160328027305, 2.39933494993204, 0.6358480862614329, 1.0755058879828994, 16.1043570055443, 10.628549087012424, -1.1102230246251565e-14, -2.220446049250313e-14, -1.1102230246251565e-14, 5.551115123125783e-15, 1.6653345369377348e-14, 0.0, 0.0, 5.551115123125783e-15, 0.0, 0.0, 7.511874973454034, 25.27260171179904, 12.119280674822676, 0.20926206059465358, 0.6826712817162957, 1.1302629996979476, 1.5922750270971164, 0.8964035476125218, 0.8346448837568232, 0.36277628959010144, 0.29808650389270497, 0.711585848662935, 0.2597897207348865, 0.1951783407566836, 1.2358932053173248, 1.3066331072823232, -0.04655417038173937, 2.6585541214935233, 0.01526414011561883, 0.7516577559194388, -0.7635792788249773, 19.043845165919265, 17.84103203482711, -1.1102230246251565e-14, 5.551115123125783e-15, 5.551115123125783e-15, 1.6653345369377348e-14, -2.7755575615628914e-14, 13.706580459632264, 21.572069118254007, 1.0212379870181394, 23.592358554731888, 22.849055154808596, 0.0, -2.220446049250313e-14, 1.1102230246251565e-14, -2.220446049250313e-14, 2.220446049250313e-14, -5.551115123125783e-15, 5.551115123125783e-15, 5.551115123125783e-15, 1.1102230246251565e-14, 1.1102230246251565e-14, 19.835243502632515, 24.768895563745815, 0.06773264283577873, 1.668759416162402, 0.7469016808483389, 1.5812808042607003, 0.043075675768648125, -0.318600978886991, -0.06034149960390778, -0.31327605208571185, -0.8056017951407739, 6.904138249523385, 3.0626350850241124, 1.9000678166161151, 10.925574905364158, 2.4288660488121536, 0.07308281089268576, -0.3000039799070464, 0.024891453599138913, -0.10326391006924496, -1.6867249302434857, 0.315740312449293, -0.7873074080732749, 1.3160923333094274, 1.9198128306682065, 0.018811812857222776, 0.05309079691920715, 0.8705071670783013, 1.0748670528758453, 1.6846514414765466, 2.630948845163971, 1.9177051835368957, 0.032937191680900924, 1.6462992325813843, -0.2796031562832013, 5.94842655144447, -0.8601495116781734, 8.37022149906602, 2.0734913979000567, 1.2317532526717514, 2.8104881423084294, 2.2589881552294173, -0.09939239223422192, 7.991649892595319, 0.46762644103870343, 4.130502033605865, 1.2385443461887462, 4.4884613754956035, 0.9610383765294159, 3.2855612582133062, 1.4752820013229666, 2.739423919062233, 0.8679557888008276, 0.08130617440519927, 3.7136714680564182, 0.2616280518992653, 0.006649332266931651, 1.9219798313890237, 0.028176460641589074, 2.8482355499184564, 0.7024285925821232, 1.3965000348662215, 2.983753299807006, -0.6223421163691114, 4.022993309791957, 2.520003829491827, 4.692821194596178, 0.039891690746486574, 3.732561590357136, 0.5156562057348424, 0.20631764712993572, 0.44215755840787097, 0.7020666734176189, 1.9612368849763868, 1.439397684080859, 0.7434215162713826, 1.8126072035769312, 0.4476025016749645, 8.216349114370189, 0.2217474256125911, 5.0904936436175205, 0.10127242003449055, 1.8390659701088339, -0.047508425546936905, 0.23012233379270697, 0.42115899137601787, 1.2430995334158865, 1.1201771746963232, 0.7219072534398947, -0.19717661773637474, 1.8244428567189743, 2.1998545213872376, -1.872826554076937, 1.1599493165059584, -0.4074051416446878, 0.2844227045125649, 0.20591218559948743, -0.5874723973352332, 13.986473177737196, 11.747193142370229, 5.551115123125783e-15, 5.551115123125783e-15, 5.551115123125783e-15, -1.1102230246251565e-14, 1.6653345369377348e-14, 22.194486378994114, 26.25879292602889, -0.37758653349271754, 1.5786789166239714, 1.5958982172980996, 7.066512151769871, 1.1121383435228154, 7.573202172403626, 0.4105470830821787, 2.386048988876837, 0.6834175985358115, 1.6696997761831085, 0.23912578642836024, 1.913038811773049, 2.2702438167600008, 0.34915512204395327, 1.6199780700375186, 0.5053976319653088, 0.33611037092737206, 0.9236613777993057, 0.9526032125847905, 2.85375624515126, 1.8382291995040987, 0.949093266129978, 3.3731893443418812, 0.5978606520046128, 22.687935386956696, 15.931006626444628, 10.37099034026221, 15.638863119870948, 5.672216379135591, 3.561376159016163, -4.389083960247206, -4.479067936156696, 0.9081920960653065, -3.69317143869182, 2.475583750340661, 0.8615637378132988, -0.8132632813618557, -0.05610513679121709, -0.2755647419665479, -0.04072051822612366, 2.917014792751104, 0.7814072218433807, -0.35690713921189854, 0.21111386345694427, -1.1534412534994374, 0.7766484883421754, 0.15200834707326294, -0.635697962167086, 0.12997617682398754, 0.39326991267319045, 0.47481807586643754, -0.7422825727825568, 0.8047676917953765, -0.7997875283739688, 0.21317161652689265, -0.009329424744066728, 0.19114857872287416, 2.048172914803814, 0.31132429806098116, 1.1640985240885868, 0.6698092501060273, 11.243712880492055, 11.024220814786716, 1.6653345369377348e-14, 2.7755575615628914e-14, 5.551115123125783e-15, 1.6653345369377348e-14, -1.6653345369377348e-14, -1.1102230246251565e-14, 5.551115123125783e-15, 0.0, -1.1102230246251565e-14, 0.0, 5.551115123125783e-15, -5.551115123125783e-15, 5.551115123125783e-15, 5.551115123125783e-15, -5.551115123125783e-15, -5.551115123125783e-15, 0.0, -5.551115123125783e-15, 0.0, 1.1102230246251565e-14, -5.551115123125783e-15, 5.551115123125783e-15, 0.0, 1.1102230246251565e-14, 5.551115123125783e-15, 4.652131709740118, 8.70369788527075, 0.07857656238157062, 0.2908422578251759, 1.1564732260100925, 0.7177745567017269, 1.4303014507420642, 0.3491303767237355, 1.3523116105985196, -0.04045919404597953, 0.9502626817588862, 2.1436078655214033, -0.5873540335824714, 1.3153111908858932, 0.1853059565461308, 0.3290152901182921, 0.32485403972177096, 2.9995307772444733, 1.462060518068256, 1.23606740026554, 1.1178751023846871, 1.3528707733963188, -0.08649514219246157, -0.19759781607157834, 0.2538185800204076, 1.3060435226840639, 0.09536158302574904, 0.26848585666670033, -0.9995806236633484, -1.5421012970925858, 2.3059347290904384, -1.0925042961914073, 3.0193779893019155, 1.5563168573627308, 1.8936938136700405, -0.46793878905776864, 0.9462807104537205, 0.040186212252535825, -1.5468390216634589, 4.8100905364130995, 2.076242003210268, 0.34582720681174806, -0.12970285517593538, 0.9790485789501986, 2.728865178434887, -0.8607025568476274, 4.322191776756654, 2.7353192710266967, 1.477521009075133, -0.5285205721662578, 0.01429054232545468, 3.1032197447862018, 0.7921468608972191, 3.526159849834414, 0.9892527247798171, 0.708270241913624, 0.2897786298876781, 0.008792013913307528, 1.2222476578775172, 0.9754276680630483, 2.2385922922140367, 0.6762149103981301, 0.5176485513968032, 0.6640268259591267, -0.6512608599043119, -2.080219848827312, 1.5799016927612115, -2.0901147019598625, 1.553395409190614, 0.4248303205051229, -0.11061164141506197, 0.050389437595924846, -0.15023188838966917, -0.1085057850973783, 2.522505516381756, 0.45914130875519277, 1.7801295711260536, 1.111458296330028, 12.416935795450968, 10.17083077121896, 2.0021283242097354, 11.315455893811958, 4.754792583641574, 0.07191576160983004, 0.8670551194931022, 15.16699080833763, 10.806636625665831, 0.0, -5.551115123125783e-15, 0.0, 5.551115123125783e-15, 0.0, 0.0, -1.1102230246251565e-14, 4.4022877600942785, 11.94524670701037, 5.479140822970635, 1.7100918329331307, 1.3468306653128934, 0.744886926903007, 0.9522566412540527, 0.24567135070327595, 1.7797974999257633, 0.2646521632528902, 2.5166344775597054, 0.34827848744868106, -2.3868213168233865, 0.3072295920163697, -1.774018177025539, 15.28059614422088, 13.9944888495682, -1.6653345369377348e-14, 0.0, -1.6653345369377348e-14, 1.6653345369377348e-14, 0.0, -5.551115123125783e-15, -5.551115123125783e-15, 1.6653345369377348e-14, -1.6653345369377348e-14, 1.1102230246251565e-14, -5.551115123125783e-15, 0.0, 1.1102230246251565e-14, 1.1102230246251565e-14, 15.073988308797809, 14.990774360609521, -0.11223028121867173, 0.9345360492714008, 0.19125043879776626, -0.28736068494600886, 0.0295083273861394, 0.053966990692998706, 0.4149536084636338, 0.22796141263003733, -0.7844061569790028, 0.6470257006286317, 2.504402549009143, 1.1999003722678196, 1.6009582912463713, 1.3656695748949232, 0.15389572230114368, 0.9512900901416401, 0.1904031331619933, 0.9738682113710979, 0.6496342914476827, 0.028939227259570544, 1.3099581799891666, 4.018780308482803, 0.4178714175141067, 1.0003283734386628, 3.0547144142153684, 4.266693443202598, -0.07991920217631332, 3.7571466295376013, 8.05922570862458, 14.069310869236716, 6.7357202196985995, -1.1102230246251565e-14, 5.551115123125783e-15, -1.6653345369377348e-14, 5.551115123125783e-15, -5.551115123125783e-15, 0.0, -1.1102230246251565e-14, 1.1102230246251565e-14, 5.551115123125783e-15, 1.6653345369377348e-14, 8.3770647395894, 12.06302724374332, 2.1539488866179965, 0.6000680342673093, 0.5811299259149223, 0.7085631057436217, -0.20786567285830415, 1.0091646076392635, 0.033372239558275396, 2.3352529999446574, 0.6419612362841178, 1.7169511521279048, 2.1298268506693603, 3.742800343827639, 1.2096440567661944, -0.38492133600868783, 4.270056088647209, -1.0062539156224375, 0.04698619541454718, 0.3293777511609619, 0.05313011538453338, 0.36005589331404053, 0.7005251399299084, 0.8755343519158032, 3.5170392001012942, 0.823166920521885, 0.2332724729299116, 0.6975657899475323, -1.0748191600202404, 0.9427146162408917, 0.4629435856877535, -0.1370377215704366, 0.6748655056489383, -0.6810313607381886, 0.629564414856759, -0.1057026832567658, 0.537553347318692, 0.721879383522321, 0.3420341573918222, -0.27519134324404604, 0.4761052459870143, 0.6003801392942592, -0.41773801736911764, -0.04728221730584892, 1.1520759345542615, 6.551120350575786, 0.529332522373295, 7.338776940822697, 3.0138384175298256, 0.6569354942546397, 0.7827535867971278, 0.7383661846901077, 2.131159151776558, 0.48112797361687853, 3.126528454404365, 3.518772476490483, -0.026648571978199698, 0.7539413796993699, 1.1055069102295079, 1.4532820241207673, 0.587975574406471, 2.1730901170511174, 2.267158728798364, 0.17424374100878026, 1.3944049790336521, 0.3159513597783814, 4.603456723672167, -0.7392120032581886, 3.220914666535549, 0.057364700833602456, 1.7612894230094298, 0.4214594636963511, 0.746287387330824, -1.2592393776069457, -0.2607465524309873, -0.21374790343352856, 1.78180714346027, 1.879225945618714, 0.05062616301515277, 3.9004894175985783, 1.0591701295771827, 0.30149882337192935, 1.7174261576695358, 0.6856356645942583, 1.1341768296939279, 0.46974386699594106, 0.4993780828077661, 0.4663008948451477, 0.1758726186800459, -0.2549858024914897, 0.2795523082548925, 0.26071100387792967, 1.2259034591245381, 1.342220991745421, 0.5763779651490211, 1.305524872089876, 1.714975115684183, 1.010425253228675, 2.4258353990328487, 0.09569715566226478, 0.5687137260325983, -1.626224201576349, -2.7617201790549757, -2.2576633225334604, -1.2660869681629379, 15.650702190493817, 10.496338597164453, -1.1102230246251565e-14, 1.6653345369377348e-14, 3.168747518973923, 14.153203432795152, 6.281628924143661, 0.15542202959360907, 0.41384459642671345, -0.40093931366229185, 0.1809960715456782, -1.2087160949976976, 3.3217677680286215, 12.235240468311275, 7.706672897792231, -5.551115123125783e-15, -5.551115123125783e-15, -5.551115123125783e-15, 5.551115123125783e-15, 0.0, 5.551115123125783e-15, 1.1102230246251565e-14, 5.551115123125783e-15, 13.78826689982715, 13.380023743019876, -0.5723114841896972, -0.049568350132148, -0.5731305819200827, 0.4360544646144717, 3.789306619667613, 5.547102994887297, 0.7260607316772791, -0.14052648273774082, 2.4001390094738184, -0.09032462177144396, 0.9296314431658601, 1.7098480504939175, 1.019952515601716, 0.8591317718575056, 2.6084160866307684, -0.18021545156690877, 2.2415867863052625, 2.2394396220402513, 1.5856765645420694, 0.13315936829044972, 0.12475718603645447, 0.7144316819984908, 3.106640947029433, 7.418480578051458, 7.050908448062785, 0.6702394295059264, 0.7528716268685685, 0.19221266253214253, 0.021127212320919853, 0.2194625500821985, 0.7413101882150386, -1.5144992537361759, 1.569372690611658, 0.2849746576997063, 0.2910070442113124, -0.39475931929104036, 0.2880107716698035, 0.04603087567863895, 0.20309596401369845, 1.5231644262852342, 1.2636658145266892, 1.3664090545499903, 2.9530253574598646, 0.5439891826270582, 1.2758819531208587, 1.2850228325353328, 0.7553481839474898, -0.0745532637430415, 0.18746020890955606, 2.3094308409808946, -0.7532430171753504, 1.2153485566027484, 0.8286639580207975, 0.7394885541488065, -0.25941351912146615, 0.8828195792665952, 0.3933482365092118, 2.1431593583359927, 4.018511707488187, 1.2084214332772376, 1.5572117406263146, -3.1897484878288083, -0.45804806609868365, 0.06932186134577023, 0.11287819067564442, 1.0612664705070074, 0.10619804792025889, 0.6899359939244505, 4.675531179254705, 0.049054601458465186, 2.0846090812214584, 2.9887685944688656, 3.039402036588541, 13.920141463076092, 9.929240222435453, 5.551115123125783e-15, -5.551115123125783e-15, -1.1102230246251565e-14, 0.0, 1.1102230246251565e-14, 5.551115123125783e-15, 5.551115123125783e-15, 1.1102230246251565e-14, 9.202097944492671, 14.337299961701532, -5.133446224182535, -0.6233904954445961, 0.26413733526672445, 2.9132876019227183, 0.9533289932597313, 0.3037454995047426, -0.004444149690186805, 0.6505199020375301, 1.689973548764243, 1.220824513676007, 5.720205523569746, 0.271484790623731, -2.2386772261217516, 1.1643018680614432, 0.49010750937267744, 0.5777700703862934, 0.7488695254745608, 0.23444676298856848, -0.3166207224652453, 1.3782957871852375, 1.4240077369700543, 2.656051707897177, 3.6502465405185376, 1.7249669399446361, 2.60649552531504, 0.07115501973771643, 0.85322466203246, 1.4131804547622835, -0.14325720356282545, 3.886324332342838, 4.8625795808717385, 1.5698609460252442, 5.4730335541718205, 1.2622403195985044, 3.358581819220433, 2.852090206831349, -0.28696962315609653, 4.200358119649081, -0.0637438953827143, 3.9307625844465974, 1.510060879901772, 21.409499325634556, 7.435239076852838, 7.06292581212773, 6.870326205022252, 3.340154471215385, 2.5547244305965933, 1.104686326815738, 0.7981898307939446, -1.910863348801172, 1.401899839353291, -0.6850769448089977, 1.7706236342969532, 6.000848674435019, 20.375382814613204, 15.414006271109187, 0.0, -1.1102230246251565e-14, 5.551115123125783e-15, -1.1102230246251565e-14, 1.1102230246251565e-14, 0.0, 8.285820705947458, 12.780873028859773, 0.7239973943020317, 0.7369692941965127, 0.3684235532784328, 2.41312269148807, 0.23128877904039769, 0.12664833400231146, 0.06633338303424807, -0.45014260676816775, 0.750989336632756, -0.4167972056737881, -0.19983099143865957, -0.2099533929203119, -0.06767077485173445, 2.980172582426178, 0.11544741218386889, 0.9565877686792703, 2.276910317478979, 3.309765502019218, -0.25524994863977213, 0.6328673477514712, 0.7694778923504941, 1.2796905198626405, 2.1905383942585104, 3.043153371797189, 1.5468852792119208, 1.072439666104117, 1.0664551074904125, 2.8340863405834114, 1.4389934324899514, 1.335450741428076, 3.3917840481090025, 2.76811061468905, 0.34922167522398695, -0.4167782256005239, -0.07366691338671671, 0.8702820001192606, 0.4778417220822746, 4.894873417907263, 4.209560430968196, 8.786551892974444, 4.398284727753236, 2.8582674649827027, 8.522120668157328, 0.5391800067309873, 1.877152552019652, 0.03415577102845191, 0.2204777110332543, 1.375359384330693, 2.3840968464661216, 0.5584281805541877, 2.0481742896031108, -0.23672924128177897, 12.626308531197367, 9.885492250679647, -5.551115123125783e-15, -2.7755575615628914e-14, -1.1102230246251565e-14, -5.551115123125783e-15, 0.0, 0.0, 1.6653345369377348e-14, 5.551115123125783e-15, -5.551115123125783e-15, -5.551115123125783e-15, 0.0, 0.0, 0.0, 1.6653345369377348e-14, 1.1102230246251565e-14, -1.1102230246251565e-14, -2.220446049250313e-14, -1.1102230246251565e-14, 0.0, 5.551115123125783e-15, -1.1102230246251565e-14, 1.1102230246251565e-14, 5.551115123125783e-15, 5.551115123125783e-15, -5.551115123125783e-15, 1.1102230246251565e-14, 5.551115123125783e-15, 6.4320543557698535, 8.64923340894294, -0.04722760590298947, 4.481901687639301, 1.4071202965509713, 9.78201741759645, 3.355242555604292, 1.9208107808011619, 3.7262270381750398, 3.289415119383193, 9.68736644417811, 1.01975222725099, 1.0775003836117207, 0.10155800132497461, 0.18501216976548562, -0.5019540453726563, -1.1370507114746147, 0.4323419541225917, 0.8788756952931749, 1.9945331104732418, 1.3183890142806831, 1.453205977365883, 1.913084795990187, 2.201126694919253, 6.597725002946049, 2.3469351788485255, -0.8461553438506826, 1.7762807481135496, 0.271171395743977, 0.13122468491812356, 0.8484086612781709, 5.116576111439514, 4.012865821934355, 3.1687823103884227, 1.5985482385963223, 6.066643590296422, 10.666490369077536, 9.547456956208578, -0.04745098998078845, -0.16820009965438487, 0.14499506672342477, -0.7234190806775302, 0.6029964584632808, -1.1134969605422498, 0.13465252810456718, 0.43245005434485506, 3.190502438176452, 1.4532519963971708, 1.372554524426846, 0.6206080407407057, -0.22422669908223725, 0.59001083727469, 1.1112365533176671, 1.3537149618087483, 2.992565880316704, 0.6686480655840796, -0.2784960894502433, 0.19816680069192216, 0.40512374058960177, 0.6355652466969559, -1.321327982262119, -0.15839999659971227, -0.4399647786473224, 0.30480178546230263, 1.6119034159843864, 0.4163960886884297, 3.6070317293194307, 0.19918096291911525, 3.737326589555721, 1.8016689902326561, 22.08561560999823, 10.478842099128983, 16.60777251772108, 21.68825173208333, 0.5046531082782053, -1.8504025855775126, 2.462930370210074, 1.9589841479653387, 3.3684274065644786, 0.35163422672076194, 0.9223094565553254, 0.24744162106352974, -0.09335671648216248, 0.39496859217277347, 0.28059507281517426, -1.746113500342915, 0.07384943922284037, -4.515991715838084, 0.007919903411618634, 2.8959374902520665, -0.1715971083791601, 0.18531404418749275, 1.230837885293397, 17.99854464819957, 13.786134952329611, 10.897071531526727, 10.98278228483494, 0.1277027660965473, 0.21195122746894413, 0.8356567237984507, 2.3406411908612483, 3.682437410113849, 0.905566306125337, 7.264048512882042, 1.633271983930996, 0.21560393731382987, 11.877097672040364, 9.693362465653252, -5.551115123125783e-15, 0.0, 0.0, 1.1102230246251565e-14, 0.0, 5.551115123125783e-15, 2.220446049250313e-14, 0.0, 5.551115123125783e-15, 21.95523385229984, 23.136135666842222, -0.5699886669170837, 2.391432506409103, -0.7742709447416587, 0.07315957715044874, 6.711471852676908, 19.03404668117983, 7.065367312147494, 2.220446049250313e-14, 5.551115123125783e-15, 5.551115123125783e-15, 1.1102230246251565e-14, 1.6653345369377348e-14, 0.0, 0.0, -2.220446049250313e-14, -5.551115123125783e-15, 0.0, 2.220446049250313e-14, 6.727484889454317, 8.384105138218146, 2.8656946451471867, 5.086736594759657, 1.3255657493694457, -0.052326854526199895, -0.45314990240223096, 1.5310698267417138, 1.4574534264900763, 1.7625472611236432, 2.7886417473575875, -0.6797282066913795, 0.28548882265124575, -0.29426095700637234, -0.014491361412012793, 2.144758673107731, 2.8980746289233252, 0.15563320724987761, 0.580638537951188, 0.6813480297068963, 0.7609028098067938, 0.37608395599232836, 2.3383917631231554, 0.9236886199741718, 0.32895995571399794, 0.34030990215504175, -0.0012693975170350313, -0.39539716857265716, -0.09792065383567206, 0.060516165520141385, 0.2902290308879856, 4.414036662435649, 0.12482614093894995, 2.753522949101466, 1.9794878777083227, -0.025645037057842046, 3.977374488981809, 14.019087289807288, 8.413440263836428, 2.220446049250313e-14, 5.551115123125783e-15, 1.6653345369377348e-14, 5.551115123125783e-15, 1.1102230246251565e-14, 0.0, 1.1102230246251565e-14, 0.0, -5.551115123125783e-15, -1.1102230246251565e-14, 5.551115123125783e-15, 0.0, 6.505258602856465, 7.037924749856913, 3.108820796957133, 4.2669276945212005, -0.378810678502731, 0.08611464764291554, 0.22924567056907108, 5.12011368183741, 0.5259276960929071, 4.577727300893315, 0.607772562326744, 3.2957569366411974, -0.7324478326035262, 0.02854133474713194, -0.10101672242609538, 13.889448573697194, 10.289250171174395, -5.551115123125783e-15, 0.0, 0.0, -5.551115123125783e-15, 1.1102230246251565e-14, -5.551115123125783e-15, 2.7755575615628914e-14, 1.1102230246251565e-14, -1.1102230246251565e-14, 0.0, 12.623153930548966, 16.927317782475853, 8.344220606114277, 1.450582623492494, 6.263584692708548, 1.3384690196247675, 1.618736861191735, 0.7795112062487419, 7.0401929948683915, 11.098535344684308, 0.15888092121588215, 5.042897620504107, 0.08354926406849472, 2.2414580236285246, -0.5843143440532685, 2.924709409382558, 0.29637919857179895, 4.909839689498654, 0.1110403986072015, 1.4714050918569797, 3.116810053528013, 22.828191617690408, 18.60056287736699, -1.6653345369377348e-14, -5.551115123125783e-15, -1.1102230246251565e-14, 0.0, -1.1102230246251565e-14, -5.551115123125783e-15, -5.551115123125783e-15, 0.0, -1.1102230246251565e-14, 14.103425280074447, 18.06921737140243, 2.521256197861476, -1.1358524405451362, 0.352458881514508, -0.02351494989608227, 0.6144961194651728, -0.9776044276601397, -0.2670184003680447, -0.2685577104925585, -0.07799407618801979, 0.45221604466996723, 1.4439436644955208, 0.5729353485582465, 9.675277745295602, -0.57160601561867, 5.210044695341537, 6.584130440926003, -0.4327967956344878, 1.1765348155283561, -0.12446572910045006, 0.610633993841077, 3.6599743169161343, 1.6119222248182723, 3.756560760755633, 2.2465212531294583, 0.9494387473354209, 0.028712182051719992, -0.5401912155811033, 1.5045072739683292, 0.13326091323625633, 2.742696905046728, 2.0973496399385567, 1.134845979842737, 0.27361184520179904, 2.5024154640792062, -0.05076358069874232, 1.7401555289707744, -0.0836195302631495, 0.28255190549469944, 1.252719914772456, 1.0927744905486634, 1.39086237945196, 1.4668920767348368, -0.20360303845626504, 1.8809476092764044, 1.030613033658085, 2.6782741873293503, 1.6697127630221757, 2.43010821010904, 0.09143325734299879, -0.29394631215905065, 1.1057093002501972, 1.9672486024307432, 0.22390066582295276, 2.862082829335179, 0.054270648854412684, 0.33036188537386124, 2.3853988671020545, 1.3450142645710912, 0.7506465096353168, 2.130032377776331, 0.30227739834833756, -2.000635859608991, 13.644559180126834, 9.652444990479047, 5.551115123125783e-15, 1.1102230246251565e-14, 5.551115123125783e-15, 0.0, -1.1102230246251565e-14, -5.551115123125783e-15, 7.750244915219, 17.174825194258574, 1.5071177799180475, 0.3189112802647003, 3.2014891056689976, 2.0485656155211984, 3.0349660234624025, 1.6876095314561326, 0.5431535314118037, 0.02121515006817276, 0.9546906555324028, 2.3883505045356515, 9.279184862201816, 2.2619686407372797, 6.939913027411535, 0.022807749883043016, 2.7615477057211137, 0.501341590965751, 0.9564228453131136, 0.3214470003233032, -0.4160464187006596, 0.5973549724901659, 2.7963519451183174, 1.737174572548554, 0.032737848309295714, 0.7674942513007466, 1.2734113909993425, -0.11596452025986537, -1.221624244758857, 1.9336628329158998, -0.364166451176402, 1.013192948775668, 1.9062480665838848, -0.557362286051216, 0.4180936340970334, 0.557952039823931, 1.1008857731293347, 0.8003780255428978, 1.115694745708538, 0.7819214494318771, 3.212208535185084, 1.597486515455671, 2.1116057673778528, 3.7472911981013226, -0.14651673396508613, -0.16398908066992135, 3.3309652108775936, -1.2440995359910971, 2.766407250079709, 3.347262171070554, 6.153298997093458, 2.345871725212888, 5.96547828795952, 3.3533923936340706, -5.551115123125783e-15, -1.1102230246251565e-14, 5.551115123125783e-15, -5.551115123125783e-15, 0.0, 2.220446049250313e-14, 0.0, -5.551115123125783e-15, 0.0, -5.551115123125783e-15, 0.0, 5.551115123125783e-15, 1.1102230246251565e-14, 0.0, 0.0, 16.9176428679026, 19.373326959453834, 3.4843979135556538, 1.0686987375024728, -2.8743349560480738, 0.3908894402727583, -0.7775621823727761, 0.22090202138986115, 0.7492643026355665, 0.3264723624971566, 0.37551739768977654, 0.15267848986968602, 2.7592774949558247, 3.9233932968209615, 0.14983513981900387, 3.0532269621880346, 1.420107329472728, 1.0511430936828674, 0.6252928759496967, -0.29494693657750304, 0.06139618444461803, 0.35100735618601675, 2.2582954048773445, 9.39988004639315, 0.3965020496611942, 3.6159341848203894, 6.617999260002364, 0.11628445478004323, -0.29860811101829654, 1.0846912226726602, -0.45022235794419885, 1.787742670348507, 0.11548111436366071, 0.5025577922276625, -0.9602711209818153, 8.683943020695807, 4.377755918750438, 11.42074160252892, 14.217755597914334, 1.0580949484290159, 2.2912969809245283, 0.7831802014354139, 0.9280290429147158, 1.326784959998605, 0.7740104202002271, 3.640323529123748, -0.26764987165432785, 0.5046615418833653, 0.5019187386606632, -0.20152268783709815, 0.376221368827089, 3.4269379706794894, 8.459593654458104, 5.021446728903129, 10.08108439318329, 6.322586452143696, 3.737800390862674, 7.3762591950625165, 0.4174493345101382, 3.90089073393699, 0.0695762287650723, 0.4916689048437206, 0.14127343762629607, -0.5702037660319661, -0.8814926264327596, 0.7382395534322654, -0.3061665058657468, 0.5855839846410618, -0.10409625337831585, 1.570021594986713, -0.06417823721795912, 4.662559238581139, 3.2819734887953587, -0.5370955682872705, 3.9190568848414387, 0.04481620335485559, 5.402462348902873, 11.39446744245268, 2.3938174815920448, 5.551115123125783e-15, -1.1102230246251565e-14, -1.6653345369377348e-14, -5.551115123125783e-15, -1.1102230246251565e-14, -5.551115123125783e-15, 5.551115123125783e-15, 5.551115123125783e-15, 12.904983084596296, 15.10344058288453, -0.569051883341217, 0.2024253188363332, 1.1002628413160664, 4.680733715896963, -2.68258388253696, 3.7939118027484824, -1.1650294028094663, -0.12400474501799863, 0.5041775684091476, -0.5068598491149601, 0.08077265321648497, 2.4312433008524863, 1.0351373024558939, 2.1238393300735083, 1.6409175763674853, 2.6283864045115592, 2.0828063020617265, 1.4611258765617094, 0.5908781124448979, 1.4258616864008218, 0.249770544731291, 1.907306977377175, 0.031213342205035133, 1.8521264103106319, 0.34845360159602023, 1.4933645083009424, 0.012807554551045541, -1.7750343885994084, 0.07302154704194663, 2.364930941000239, 0.2738679220191216, 0.20678128097961235, -0.07008653382939656, 1.0513446222665834, -0.23875073843441896, 2.328981759940632, 0.7291488984566286, 0.9634514171602859, -1.6076675332839159, 1.2266718297993862, -0.6436125255802381, 0.2601211597221891, 0.0499742291422649, 0.7838483542690824, -0.1600438636522199, -0.40818179387008513, 0.4804303294770307, 2.554355652289985, 0.3579493282862245, 0.7490587252055434, 2.1194077233333246, 0.010663131325486574, -0.2094783628975847, 2.90553810029283, 0.2298435637706575, -4.1150460441976975, 0.4084197846447637, 0.7317319053537403, -0.07934878860129402, 0.6338482357061253, 0.6126342184610394, 2.5589141706639396, 1.4222583088258887, 2.7994804184839666, 0.9693533930726232, 0.742738365692702, 2.255344307983421, -0.6908487409651798, 0.6398793028880618, -0.11576222884110621, 0.2919221137385932, 2.2631170203174236, 2.1443483520359052, 1.9687221964774722, 0.8977709985054787, 1.2911546752852416, 0.44959520778422757, 4.764604021067896, 0.2279711388332828, 5.737301155842715, -0.6320217771586556, 1.4429503869179143, 0.10857991303203107, 4.272234999560908, -0.004315312935375459, 8.607957195454844, 1.5199092853899856, 2.2582220279883813, -0.00724904119169878, -1.1181947850731433, -0.822407868517331, 15.79436730751226, 9.131235505521694, -1.1102230246251565e-14, 5.551115123125783e-15, 1.1102230246251565e-14, 1.1102230246251565e-14, 5.551115123125783e-15, 5.551115123125783e-15, 3.3306690738754696e-14, -5.551115123125783e-15, 0.0, 5.551115123125783e-15, 0.0, -1.1102230246251565e-14, 1.1102230246251565e-14, -5.551115123125783e-15, 5.551115123125783e-15, -5.551115123125783e-15, 1.1102230246251565e-14, -5.551115123125783e-15, -5.551115123125783e-15, 0.0, -1.1102230246251565e-14, 9.41039822853142, 14.700815980099861, 2.9044245986804356, -2.0390530759611067, 1.0674571697923625, -3.424881257796926, 1.2509933949203287, 13.017779543135106, 12.28223089326221, 4.653967614652828, 4.6097318413075214, 4.569397836387203, 1.6666302337024064, 3.285657735014375, 1.2078850415733555, 0.42667367257304534, 0.12871487643793955, 0.895446820114671, 4.990487614610004, 12.357138493329444, -1.1645488896384393, 0.06376097237375689, 0.0037057507650786192, 0.05418996930362141, -0.012814929123919683, 0.2785820195704787, 1.0889202190050469, 2.2879527070645054, -0.7913849616450079, 0.5925870465686671, -0.7693797701568883, -0.412950833182947, 2.3567596394650536, 4.772636308229238, 12.399016020965831, 5.7078552500647675, -1.1102230246251565e-14, 5.551115123125783e-15, 5.551115123125783e-15, 5.551115123125783e-15, 0.0, 5.551115123125783e-15, -1.6653345369377348e-14, -1.1102230246251565e-14, -5.551115123125783e-15, -1.1102230246251565e-14, -1.6653345369377348e-14, 0.0, 1.1102230246251565e-14, 5.551115123125783e-15, -1.1102230246251565e-14, 5.551115123125783e-15, 0.0, 1.1102230246251565e-14, -5.551115123125783e-15, 0.0, 5.551115123125783e-15, -1.1102230246251565e-14, 1.6653345369377348e-14, 0.0, 1.1102230246251565e-14, 5.551115123125783e-15, -5.551115123125783e-15, 5.551115123125783e-15, 0.0, -1.1102230246251565e-14, 0.0, -5.551115123125783e-15, 25.043401068622984, 21.728805199412506, 2.0885196839196567, 2.200958532746597, -0.24003723369057184, 2.30361950988879, 2.705054859380823, 3.2137668171247924, 3.5724627908604702, 3.9287958428888032, 6.541559450149066, 0.6882916223534608, 3.8656647911467417, 1.8562995569652685, 1.5137505758552265, 0.5569241134572849, 1.4952139180121549, 0.2000253493024502, 3.0338405813045597, 0.6469920012752937, -0.09258294181313431, 0.6190040743357486, 0.7281280720143855, 0.6447757778490768, 0.14125776235243848, 0.4195101570159636, 0.8230854382245525, 3.6444091894970256, 0.032783661089013094, 1.1685561401559994, -0.4640127129065945, 0.5799298748678439, -0.6038152840962994, 0.2063175429044577, 1.9979188513745498, -0.8361300348576606, 3.3241676475063286, 0.18545093248542344, 1.6474979850304408, 0.2189247908815446, 0.04140151546391735, -0.9222346773650543, -0.7252828575387866, -0.40827578548288557, 0.7091606862102822, 0.933971544368319, -2.394048958784623, 21.974899369219912, 12.813930177385558, -1.6653345369377348e-14, 0.0, -1.1102230246251565e-14, 1.1102230246251565e-14, -5.551115123125783e-15, 1.6653345369377348e-14, -5.551115123125783e-15, -5.551115123125783e-15, -1.6653345369377348e-14, -5.551115123125783e-15, 1.1102230246251565e-14, 15.757034442409235, 22.492227379960724, -2.5933828391699194, -1.8764242650846086, 0.9240530506375535, 0.37119599228236666, 1.4327383537054743, 2.074035399501099, 0.36711617352267467, -0.212755829385344, 1.4365028844703147, 0.05033170250766261, 1.3150810085790283, 10.81880586940136, 4.619403685420991, 0.31057219070655506, 14.648257545873406, 16.524267631335817, 0.20299917418390123, 2.169182482941949, 0.2126758646243161, 21.357502788182032, 15.871923374990438, 0.0, 5.551115123125783e-15, 4.144003496742613, 5.385267035289928, 0.06351843269902702, -0.1721128429717993, 0.6522940037607725, 0.22753908452739324, 1.9343353767387157, -0.7372677271770129, 1.3362008012290119, -0.9774001000678254, -0.46640462134577376, 0.3525905977018198, 0.31211367327860273, 0.14003363788324918, 0.056532092336468054, -0.0451326362986606, 0.12560306628191142, 0.11386114783930168, 4.42669909081954, 7.493223854711573, 0.989039168175168, 3.7921175678085604, 1.7780727713345357, 1.2048219034591625, 0.42868139462808585, 0.5240823173832041, 1.682732524463944, 1.053191691685356, 0.18286852022123412, 0.2866989908320079, -1.6650132404457167, 7.768355866301931, 0.6760978924550045, 5.370425710185657, 0.902296634295169, 1.820924308882411, -1.5919549016424241, 5.3087241254500555, 0.3245413042848213, 2.7796589452194667, 0.2449849895641023, 1.0127549537191385, 2.2199471807100224, 1.9352881242903948, 3.2715061294763927, 0.8085883765185429, 0.3160387975400454, -0.3244787030337193, 0.1003416026721311, 2.823526340456823, 0.23032455669778074, 0.6942791899738268, -0.6418842245144276, -0.3660710508405316, -3.4765180055126734, 9.529603485579969, 3.200952580779372, 0.6691862108514925, -0.143488111874575, 1.7731848278185822, -0.37012067301030527, -1.289723676986938, -0.15307770803728715, 0.7907016847538557, 0.7496932840478792, 2.327399698094297, 4.366531091767172, -0.2079278154961628, 1.35143144735423, 5.229763053623259, 4.460662830236373, -0.6347313389071587, 1.6425364506223445, -0.9837670788551804, 2.1472001372895875, 0.2285682256307382, 0.2063484956797197, 1.9424141610850256, 3.0847123064651214, 11.9163430666367, 0.5507530690451148, 1.424126656801107, -0.08096248471362344, -0.13461899840137903, -0.10102183226986483, 0.15084181187202717, 2.251377850014336, 0.5556055243487208, 1.0524279164056907, 0.7265461879448054, 2.2202927453711965, 0.22431495646455346, 3.4403906045634756, 0.7074468609804256, 2.597164293693396, 0.49377262023145363, 6.692371695371065, 4.865512361313307, 1.0536508472476385, 0.3897373388644496, 1.631292209278115, 0.8076730499321911, 1.7249192266354498, 5.248720152288115, 0.2500598585945113, 0.2321880710025539, 5.477819826014979, 0.15179452348459677, 6.246782304483332, 2.3754115693887456, 0.5219118325753698, 0.6330835208310077, 1.306447034109567, 0.9293152490479883, 0.4780568842087689, 2.784835662551359, 2.5764020464316673, 1.3026410370329131, 4.136051557340124, 1.768235825318584, 3.5086913469467618, 1.218906034623842, 0.9704170471544558, 0.7084528274680224, 0.6544529776996342, 0.8343991858679374, 2.027067630141005, 0.5455209959513923, 1.9916196165628435, 0.9674113713716679, 0.5305598376200464, 0.305188293837773, 0.4223810686496563, 1.670407953688084, 5.569952814651174, 2.3855777416936803, 1.5099963164544477, -0.03810079647141151, -0.0800795559611629, -0.3509021947641031, -0.4857446869266937, -0.10874429902361271, 0.2616870562560507, 0.6847482272593766, -0.3360457279740672, 1.329204108119086, -0.37355101404594393, 0.317707624613746, 0.35542157363178717, 0.9115974412204366, 2.5105173424560405, 1.0983824444290633, 2.081309564657488, -0.18398665957565186, 0.22153427632031253, 0.20361257603263994, 0.18672201391882481, 4.833676558111307, 3.672000919260256, -0.8749920088239378, 1.067771351332027, 0.018049506969461504, -0.09916501397505328, 0.01956609436510348, 0.17821054890954713, -0.5376237394939096, 1.7142446318655686, -0.13702357907554585, -0.19665383314239193, 5.325733718906548, 8.87416305850553, 0.2671708854469159, 0.2634654489471018, 2.9613991894032097, 4.821545035075587, 0.43360024773977557, 0.41800335027221536, 1.3713414237819848, 0.009986105291091008, -0.17036686996459594, 0.36647725859666025, -2.8584835558803547, 21.84254128034712, 15.754712795692825, -1.1102230246251565e-14, -1.1102230246251565e-14, 5.551115123125783e-15, 2.220446049250313e-14, -1.1102230246251565e-14, 2.7755575615628914e-14, 1.6653345369377348e-14, 1.6653345369377348e-14, -1.6653345369377348e-14, 5.551115123125783e-15, -1.1102230246251565e-14, 1.1102230246251565e-14, 5.551115123125783e-15, -5.551115123125783e-15, 6.700009153736868, 10.039412493640384, 2.8524116873301466, 1.1072659198356405, 2.629015998059998, 2.749787789167641, 13.806149533272105, 5.597053286571054, 1.7650137840591924, 1.0619463974955465, -0.1794678658324358, -0.16042830233158156, 1.7134047217289208, -0.18205753987433582, 0.14217414288970076, 3.312414703730326, 2.757541530541289, 0.3332333071074345, -1.0305036187515384, 1.2124549156189346, 18.44418056619901, 15.517748872632183, 5.551115123125783e-15, 5.551115123125783e-15, 1.1102230246251565e-14, -1.1102230246251565e-14, 1.1102230246251565e-14, 0.0, 1.1102230246251565e-14, -5.551115123125783e-15, 1.1102230246251565e-14, 2.220446049250313e-14, 5.551115123125783e-15, 2.220446049250313e-14, 5.551115123125783e-15, 15.966718608319752, 19.675553810703462, 0.6160981517510891, 0.5352045186779719, 0.8264437714026371, 1.2816319129163958, 1.0746755938753836, -0.4874852174169746, 0.6184441987197715, 1.983696699688437, -0.14769993723660946, 2.840631672300958, -0.12156262663171447, 1.2432453387240798, 0.004875343841661106, -0.07249255341878325, 1.6623598617394464, -0.9342275855067896, 0.031210490845523964, 18.030359272747404, 19.28979237194517, 5.551115123125783e-15, 5.19610380665646, 21.786163091137297, 13.715610458958821, 0.25599368109783427, -0.03696493770127063, 0.008340717670932918, 1.2771742444196548, 1.206082214373339, 2.221715992795623, 0.9244924346869539, 0.2695359311260006, 24.458472969521836, 19.891195036128593, 0.0, -5.551115123125783e-15, 15.921893047033777, 18.789862278320754, 1.9635759526688616, 1.4341084302686795, 1.7141536209305173, 0.08069310528492224, 0.9250960462886155, 1.3996960779827532, 0.9247539840957302, 3.6643290307974894, 2.4627583064107057, 1.601095090445483, 0.9382919185768515, 0.6638405882825964, 1.4819329859216737, 0.26230285702854417, 2.9235592008324147, 0.612336041185813, -1.0788212009875622, 0.7018632121056498, 1.072262144645208, 0.1511043102810845, 0.24828392897262574, -1.1226882818107242, 0.48230718338709266, -0.580992286851199, 1.0042811564304657, 2.6017790548476114, 0.13883481136298315, 0.1155499012962764, -2.2463404727369607, -1.1891258630424204, 0.7531897401790957, -0.5609999059227562, 2.0394671092300314, 3.4316624267110853, -0.1600017868404393, 2.3063149405934382, 0.09826478613985046, 0.4714207065381686, -0.0613084999207274, 0.4720288208275747, -0.15239370255267204, 2.174856217989202, 0.11453094108884443, 0.8221291949862461, 0.4020927885999015, 0.8626076524335247, -0.020452799582471926, 0.8333939069935639, -0.14066708763303382, 0.14972035130767836, 0.6222240611632515, 0.6238023930441159, 0.8733609630185697, 1.0444982513353125, 0.6893553275391753, 0.10983116537687465, 0.8900467090846007, -0.609918663738739, 2.357872049570517, -0.9246706613913886, 0.9068856371049208, 0.1217785451265172, 0.22760379674750197, 0.4277283879692675, 1.0649311571668818, 0.4973021056465825, 0.9503897089626321, 0.3995554571104094, 1.6958529445936392, 0.2819975618818944, 2.783771371346859, -0.08592028266741636, 0.49749015928597373, 0.2722915733171476, -0.339448736685938, 1.14702185052613, 3.9134663499490614, 6.666070925457973, 2.330827735967773, -0.21844947303043227, 0.14414428073985164, -0.799902079937965, 0.10898959222777194, -0.7383655478640776, 3.851205761043502, 2.0096333874598713, 0.6413236733712893, 5.0575755993071425, 0.6193882002773421, 0.24864681688757173, -0.01774794582672712, 1.1169229881398905, 2.8462709040366008, 3.0012313304193867, 8.55507562048092, 0.9128266126323865, 0.9580785841210968, 1.3962575953971168, -0.24031553506671344, 4.664012257162398, 0.7636264794284671, 3.688210497992145, 1.2525212852493155, 0.1874321353369055, 2.226829876921556, 2.6697240834598404, 15.223335851213562, 14.342723310762295, 2.4234334854166164, 0.0, -5.551115123125783e-15, -5.551115123125783e-15, 1.6653345369377348e-14, -1.1102230246251565e-14, -5.551115123125783e-15, 0.0, 0.0, 2.220446049250313e-14, -5.551115123125783e-15, 5.551115123125783e-15, 5.551115123125783e-15, 5.551115123125783e-15, -5.551115123125783e-15, 5.551115123125783e-15, 18.134367058378075, 23.589087017184738, -0.2820058017963447, -2.7900089425151577, 0.8427540786323107, 0.3338751121802943, 11.064619556090861, 9.18811891358635, 2.9980504316153826, 6.2378068871415735, 3.4520165797034963, 5.551115123125783e-15, -1.1102230246251565e-14, 5.551115123125783e-15, 1.6653345369377348e-14, 1.1102230246251565e-14, 5.551115123125783e-15, 0.0, 5.551115123125783e-15, 5.551115123125783e-15, 5.551115123125783e-15, 1.1102230246251565e-14, 5.551115123125783e-15, -5.551115123125783e-15, 1.1102230246251565e-14, -1.1102230246251565e-14, 1.1102230246251565e-14, 0.0, 5.551115123125783e-15, 5.551115123125783e-15, -1.1102230246251565e-14, 1.1102230246251565e-14, 0.0, 5.551115123125783e-15, -5.551115123125783e-15, 1.6653345369377348e-14, 0.0, -5.551115123125783e-15, 0.0, 5.551115123125783e-15, 1.1102230246251565e-14, 5.551115123125783e-15, 1.6653345369377348e-14, 0.0, 1.2448209876349576, 8.569141465914257, 5.8427083972204485, 0.5925919032992226, 9.846922071331221, 5.5944198116594706, -1.1102230246251565e-14, 0.0, -5.551115123125783e-15, 0.0, -5.551115123125783e-15, -2.220446049250313e-14, -1.6653345369377348e-14, -2.220446049250313e-14, 0.0, -5.551115123125783e-15, 0.0, 5.551115123125783e-15, 0.0, 0.0, -5.551115123125783e-15, -1.1102230246251565e-14, 1.1102230246251565e-14, -1.1102230246251565e-14, -1.6653345369377348e-14, -1.1102230246251565e-14, -1.1102230246251565e-14, 5.551115123125783e-15, 1.1102230246251565e-14, 0.0, 0.0, 1.1102230246251565e-14, 13.31441015109057, 20.319862460922735, 3.789289654168101, 0.4740785656808839, 1.7541582583121453, 0.45594866007218116, 0.1037283440750798, 1.0811011391249394, 0.5132482528262017, 0.9744496468686066, -2.056854962035345, 0.4430321703018194, -1.172750809170907, 4.069937422516034, 4.354381355435237, 6.841084986831049, 1.8126903836250676, 4.321279136110604, -0.3950179650501582, 1.3960838548673564, 0.0466687718128469, 2.101274798033387, -0.2007283977525276, 1.0422342499658157, -1.6625596602343649, -0.3937048684339288, -0.5665551557748927, -1.9509214173853593, 0.4174927036109466, -0.23294671167138858, 0.9140472756856184, 1.7528370703171277, -0.28604351631383906, 0.20441127132579595, -0.18560643876412541, -0.062167534065793006, -0.9396180014862807, -0.01142468920608053, -0.14923248093077746, 0.48421368283453603, 0.7603946975867757, 1.1039974759663096, -0.6978617074157683, 5.929184904513818, 4.555757398594977, 1.529746684783106, 5.738804964900112, 1.0201432803164607, 1.3660676608736821, 0.6765240050830243, -4.533553846869324, 23.988127023677862, 14.936662760304657, 0.0, -5.551115123125783e-15, 1.1102230246251565e-14, 5.551115123125783e-15, -5.551115123125783e-15, -5.551115123125783e-15, -5.551115123125783e-15, 0.0, 0.0, 1.1102230246251565e-14, 1.1102230246251565e-14, -1.1102230246251565e-14, 5.551115123125783e-15, -5.551115123125783e-15, -1.6653345369377348e-14, 4.802113567747597, 24.66986168606499, 15.878862639370993, 1.4939124722432666, 4.423403167747097, -0.2505775783229751, 0.38689073313184963, 0.06084297049534371, 1.7371391782694445, 0.406170388081307, 0.5540168164578745, 2.1740179635874597, 17.82349421394619, 15.197325768238045, 0.0, -5.551115123125783e-15, 1.6653345369377348e-14, -5.551115123125783e-15, 2.220446049250313e-14, -1.1102230246251565e-14, 5.551115123125783e-15, 4.250745912126121, 14.173099730535156, 6.784094178582166, -1.7979103451784795, 0.8345412343336136, 0.14930477298042888, 0.40973723969679554, -0.2734092427002395, 0.536013980839158, 4.3232652321275395, 1.8283982865135897, 0.7562682236088563, 0.17479272756295927, 0.8016201102034302, 0.12178764671511999, -0.38975903204519113, 0.9074347904586091, 0.5145129156889965, 0.0893508731753343, -0.11332023786874856, 0.7121891530220381, 0.10319085828005825, 2.4998041889815, 0.7853206374351203, -0.3050330663120917, 2.95363678635411, 3.3600449756024773, 0.08599260973721812, 2.4702201416981, 0.4896699606892696, 0.11203878782926324, -0.05665581918232476, 0.020205826462955656, 2.7781034519094305, 8.889584788371792, 2.675230273339423, -0.0832923185251957, 0.4906908134969399, 0.2211790459530789, 0.5929551517034497, 0.007141195405324652, 1.8706732219637843, 0.9403087017107055, 0.0673707503937635, -0.8965904104890114, 2.353414923787824, -0.12457061574593808, 1.5569911342921046, 0.18759615220301384, 1.8543725246377107, -0.07978599848343038, 0.8399169038909804, -0.46345713575971104, 0.14617126394819024, 1.863046605324314, 1.1113153698029805, 0.3608505666276187, 1.2815989123358236, 5.143166812889717, 0.10507933015594517, 6.455124783734391, 1.024402213467738, 0.25127814441304963, -2.8373890948138296, -1.1084950502602169, 0.7861054629520368, 0.7285138324375566, -0.3228738935271167, -0.2784207386177968, 1.010559690704298, 4.800439682194451, 1.4574491770145528, 0.6511197717445896, 0.31975781352281274, 1.702652371056672, 0.0857700912755206, 0.5121175624014143, 0.24744227906867877, 2.1085787560792824, -0.13874994015159814, 0.9745396408277145, -0.698034344203819, 0.5868858335494735, 0.3975607558701313, 2.29190608162088, 2.0976831424572424, 1.3897041158804768, 3.7499888332596356, 1.2791111994598054, 3.5591662573901885, 0.672649591422271, 1.4016389718188407, 0.5589962024260728, 2.4080212782980084, 1.7190009057995894, 2.2505970215987645, 3.6401567541055897, -0.16997676535049777, -0.8231863077493813, 0.42281628480611744, -2.2434138638997183]
theta_global: 0.26126752255633284
window_size: 100, overlap: 0.5, threshold: 19.0
